timestamp,jobId,executorId,taskId,inputReceiveRate,inputRate,outputRate,processingTimeNs,deserTimeNs,inBytes,serializedTimeNs,outBytes
1782950285813,unknown,VM-79,Stage3-3-0,0,1,0,0,2757,65,0,0
1782950286809,unknown,VM-78,Stage3-2-0,0,198,0,749876,14686,12013,0,0
1782950286812,unknown,VM-79,Stage3-3-0,0,169,0,750774,20436,10213,0,0
1782950287809,unknown,VM-78,Stage3-2-0,0,0,0,0,0,0,0,0
1782950287812,unknown,VM-79,Stage3-3-0,0,0,0,0,0,0,0,0
1782950288809,unknown,VM-78,Stage3-2-0,0,0,0,0,0,0,0,0
1782950288812,unknown,VM-79,Stage3-3-0,0,0,0,0,0,0,0,0
1782950289809,unknown,VM-78,Stage3-2-0,0,0,0,0,0,0,0,0
1782950289812,unknown,VM-79,Stage3-3-0,0,0,0,0,0,0,0,0
1782950290809,unknown,VM-78,Stage3-2-0,0,0,0,0,0,0,0,0
1782950290812,unknown,VM-79,Stage3-3-0,0,0,0,0,0,0,0,0
1782950291763,unknown,VM-77,Stage2-0-0,0,1,0,0,3771,269,0,0
1782950291809,unknown,VM-78,Stage3-2-0,0,0,0,0,0,0,0,0
1782950291813,unknown,VM-79,Stage3-3-0,0,0,0,0,0,0,0,0
1782950292746,unknown,VM-76,Stage2-1-0,0,1632,0,668568,52673,164670,0,0
1782950292763,unknown,VM-77,Stage2-0-0,0,3082,0,1005310,104106,420761,0,0
1782950292809,unknown,VM-78,Stage3-2-0,0,0,0,0,0,0,0,0
1782950292812,unknown,VM-79,Stage3-3-0,0,0,0,0,0,0,0,0
1782950293746,unknown,VM-76,Stage2-1-0,0,5186,0,851639,102716,502649,0,0
1782950293763,unknown,VM-77,Stage2-0-0,0,6739,0,895571,89319,503187,0,0
1782950293809,unknown,VM-78,Stage3-2-0,0,0,0,0,0,0,0,0
1782950293812,unknown,VM-79,Stage3-3-0,0,0,0,0,0,0,0,0
1782950294746,unknown,VM-76,Stage2-1-0,0,215,0,79472,2425,58682,0,0
1782950294763,unknown,VM-77,Stage2-0-0,0,6588,0,889946,102222,491157,0,0
1782950294809,unknown,VM-78,Stage3-2-0,0,0,0,0,0,0,0,0
1782950294812,unknown,VM-79,Stage3-3-0,0,0,0,0,0,0,0,0
1782950295746,unknown,VM-76,Stage2-1-0,0,0,0,0,0,0,0,0
1782950295763,unknown,VM-77,Stage2-0-0,0,7521,0,837113,132900,562766,0,0
1782950295808,unknown,VM-78,Stage3-2-0,0,0,0,0,0,0,0,0
1782950295812,unknown,VM-79,Stage3-3-0,0,0,0,0,0,0,0,0
1782950296746,unknown,VM-76,Stage2-1-0,0,0,0,0,0,0,0,0
1782950296763,unknown,VM-77,Stage2-0-0,0,9802,0,806513,132060,733848,0,0
1782950296809,unknown,VM-78,Stage3-2-0,0,0,0,0,0,0,0,0
1782950296812,unknown,VM-79,Stage3-3-0,0,0,0,0,0,0,0,0
1782950297746,unknown,VM-76,Stage2-1-0,0,0,0,0,0,0,0,0
1782950297763,unknown,VM-77,Stage2-0-0,0,2792,0,199113,50275,208899,0,0
1782950297809,unknown,VM-78,Stage3-2-0,0,0,0,0,0,0,0,0
1782950297812,unknown,VM-79,Stage3-3-0,0,0,0,0,0,0,0,0
1782950298746,unknown,VM-76,Stage2-1-0,0,0,0,0,0,0,0,0
1782950298763,unknown,VM-77,Stage2-0-0,0,0,0,0,0,0,0,0
1782950298809,unknown,VM-78,Stage3-2-0,0,0,0,0,0,0,0,0
1782950298812,unknown,VM-79,Stage3-3-0,0,0,0,0,0,0,0,0
1782950299746,unknown,VM-76,Stage2-1-0,0,0,0,0,0,0,0,0
1782950299763,unknown,VM-77,Stage2-0-0,0,0,0,0,0,0,0,0
1782950299809,unknown,VM-78,Stage3-2-0,0,0,0,0,0,0,0,0
1782950299812,unknown,VM-79,Stage3-3-0,0,0,0,0,0,0,0,0
1782950299835,unknown,VM-75,Stage1-2-0,0,0,0,0,0,0,0,0
1782950300746,unknown,VM-76,Stage2-1-0,0,0,0,0,0,0,0,0
1782950300746,unknown,VM-74,Stage1-3-0,0,0,0,0,0,0,0,0
1782950300763,unknown,VM-77,Stage2-0-0,0,0,0,0,0,0,0,0
1782950300809,unknown,VM-78,Stage3-2-0,0,0,0,0,0,0,0,0
1782950300812,unknown,VM-79,Stage3-3-0,0,0,0,0,0,0,0,0
1782950300835,unknown,VM-75,Stage1-2-0,0,0,0,0,0,0,0,0
1782950300823,unknown,VM-73,Stage1-1-0,0,0,0,0,0,0,0,0
1782950301746,unknown,VM-76,Stage2-1-0,0,0,0,0,0,0,0,0
1782950301746,unknown,VM-74,Stage1-3-0,0,0,0,0,0,0,0,0
1782950301763,unknown,VM-77,Stage2-0-0,0,0,0,0,0,0,0,0
1782950301809,unknown,VM-78,Stage3-2-0,0,0,0,0,0,0,0,0
1782950301812,unknown,VM-79,Stage3-3-0,0,0,0,0,0,0,0,0
1782950301823,unknown,VM-73,Stage1-1-0,0,0,0,0,0,0,0,0
1782950301835,unknown,VM-75,Stage1-2-0,0,0,0,0,0,0,0,0
1782950302746,unknown,VM-76,Stage2-1-0,0,0,0,0,0,0,0,0
1782950302746,unknown,VM-74,Stage1-3-0,0,0,0,0,0,0,0,0
1782950302763,unknown,VM-77,Stage2-0-0,0,0,0,0,0,0,0,0
1782950302809,unknown,VM-78,Stage3-2-0,0,0,0,0,0,0,0,0
1782950302812,unknown,VM-79,Stage3-3-0,0,0,0,0,0,0,0,0
1782950302823,unknown,VM-73,Stage1-1-0,0,0,0,0,0,0,0,0
1782950302835,unknown,VM-75,Stage1-2-0,0,0,0,0,0,0,0,0
1782950303746,unknown,VM-76,Stage2-1-0,0,0,0,0,0,0,0,0
1782950303746,unknown,VM-74,Stage1-3-0,0,0,0,0,0,0,0,0
1782950303763,unknown,VM-77,Stage2-0-0,0,0,0,0,0,0,0,0
1782950303809,unknown,VM-78,Stage3-2-0,0,0,0,0,0,0,0,0
1782950303812,unknown,VM-79,Stage3-3-0,0,0,0,0,0,0,0,0
1782950303823,unknown,VM-73,Stage1-1-0,0,0,0,0,0,0,0,0
1782950303835,unknown,VM-75,Stage1-2-0,0,0,0,0,0,0,0,0
1782950304746,unknown,VM-76,Stage2-1-0,0,0,0,0,0,0,0,0
1782950304746,unknown,VM-74,Stage1-3-0,0,23,23,42710,15732,2800,0,0
1782950304763,unknown,VM-77,Stage2-0-0,0,0,0,0,0,0,0,0
1782950304809,unknown,VM-78,Stage3-2-0,0,0,0,0,0,0,0,0
1782950304812,unknown,VM-79,Stage3-3-0,0,0,0,0,0,0,0,0
1782950304823,unknown,VM-73,Stage1-1-0,0,0,0,0,0,0,0,0
1782950304835,unknown,VM-75,Stage1-2-0,0,373,372,129578,47676,45139,0,0
1782950305746,unknown,VM-76,Stage2-1-0,0,0,0,0,0,0,0,0
1782950305746,unknown,VM-74,Stage1-3-0,0,78,77,9744,4877,10129,0,0
1782950305763,unknown,VM-77,Stage2-0-0,0,0,0,0,0,0,0,0
1782950305808,unknown,VM-78,Stage3-2-0,0,0,0,0,0,0,0,0
1782950305812,unknown,VM-79,Stage3-3-0,0,0,0,0,0,0,0,0
1782950305823,unknown,VM-73,Stage1-1-0,0,0,0,0,0,0,0,0
1782950305835,unknown,VM-75,Stage1-2-0,0,12,12,4572,10715,1517,0,0
1782950306746,unknown,VM-76,Stage2-1-0,0,0,0,0,0,0,0,0
1782950306746,unknown,VM-74,Stage1-3-0,0,0,0,0,0,0,0,0
1782950306763,unknown,VM-77,Stage2-0-0,0,0,0,0,0,0,0,0
1782950306809,unknown,VM-78,Stage3-2-0,0,0,0,0,0,0,0,0
1782950306813,unknown,VM-79,Stage3-3-0,0,0,0,0,0,0,0,0
1782950306823,unknown,VM-73,Stage1-1-0,0,0,0,0,0,0,0,0
1782950306835,unknown,VM-75,Stage1-2-0,0,0,0,0,0,0,0,0
1782950307746,unknown,VM-74,Stage1-3-0,0,73,73,16717,16906,8538,0,0
1782950307746,unknown,VM-76,Stage2-1-0,0,0,0,0,0,0,0,0
1782950307763,unknown,VM-77,Stage2-0-0,0,0,0,0,0,0,0,0
1782950307809,unknown,VM-78,Stage3-2-0,0,0,0,0,0,0,0,0
1782950307812,unknown,VM-79,Stage3-3-0,0,0,0,0,0,0,0,0
1782950307823,unknown,VM-73,Stage1-1-0,0,0,0,0,0,0,0,0
1782950307835,unknown,VM-75,Stage1-2-0,0,15,15,4142,3052,2055,0,0
1782950308746,unknown,VM-76,Stage2-1-0,0,0,0,0,0,0,0,0
1782950308746,unknown,VM-74,Stage1-3-0,0,0,0,0,0,0,0,0
1782950308763,unknown,VM-77,Stage2-0-0,0,0,0,0,0,0,0,0
1782950308808,unknown,VM-78,Stage3-2-0,0,0,0,0,0,0,0,0
1782950308812,unknown,VM-79,Stage3-3-0,0,0,0,0,0,0,0,0
1782950308823,unknown,VM-73,Stage1-1-0,0,0,0,0,0,0,0,0
1782950308835,unknown,VM-75,Stage1-2-0,0,0,0,0,0,0,0,0
1782950309746,unknown,VM-74,Stage1-3-0,0,75,73,13194,9097,9284,0,0
1782950309746,unknown,VM-76,Stage2-1-0,0,0,0,0,0,0,0,0
1782950309763,unknown,VM-77,Stage2-0-0,0,0,0,0,0,0,0,0
1782950309809,unknown,VM-78,Stage3-2-0,0,0,0,0,0,0,0,0
1782950309812,unknown,VM-79,Stage3-3-0,0,0,0,0,0,0,0,0
1782950309823,unknown,VM-73,Stage1-1-0,0,0,0,0,0,0,0,0
1782950309835,unknown,VM-75,Stage1-2-0,0,5,4,2346,183,632,0,0
1782950310746,unknown,VM-76,Stage2-1-0,0,0,0,0,0,0,0,0
1782950310746,unknown,VM-74,Stage1-3-0,0,0,0,0,0,0,0,0
1782950310763,unknown,VM-77,Stage2-0-0,0,0,0,0,0,0,0,0
1782950310809,unknown,VM-78,Stage3-2-0,0,0,0,0,0,0,0,0
1782950310812,unknown,VM-79,Stage3-3-0,0,0,0,0,0,0,0,0
1782950310823,unknown,VM-73,Stage1-1-0,0,0,0,0,0,0,0,0
1782950310835,unknown,VM-75,Stage1-2-0,0,7,7,2909,262,765,0,0
1782950311746,unknown,VM-76,Stage2-1-0,0,0,0,0,0,0,0,0
1782950311746,unknown,VM-74,Stage1-3-0,0,48,47,6828,9013,5638,0,0
1782950311763,unknown,VM-77,Stage2-0-0,0,0,0,0,0,0,0,0
1782950311809,unknown,VM-78,Stage3-2-0,0,0,0,0,0,0,0,0
1782950311812,unknown,VM-79,Stage3-3-0,0,0,0,0,0,0,0,0
1782950311823,unknown,VM-73,Stage1-1-0,0,0,0,0,0,0,0,0
1782950311835,unknown,VM-75,Stage1-2-0,0,78,77,6873,7574,9417,0,0
1782950312746,unknown,VM-76,Stage2-1-0,0,0,0,0,0,0,0,0
1782950312746,unknown,VM-74,Stage1-3-0,0,205,196,17747,19239,24256,0,0
1782950312763,unknown,VM-77,Stage2-0-0,0,0,0,0,0,0,0,0
1782950312809,unknown,VM-78,Stage3-2-0,0,0,0,0,0,0,0,0
1782950312812,unknown,VM-79,Stage3-3-0,0,0,0,0,0,0,0,0
1782950312823,unknown,VM-73,Stage1-1-0,0,0,0,0,0,0,0,0
1782950312835,unknown,VM-75,Stage1-2-0,0,20,20,9607,373,2243,0,0
1782950313746,unknown,VM-76,Stage2-1-0,0,0,0,0,0,0,0,0
1782950313746,unknown,VM-74,Stage1-3-0,0,0,0,0,0,0,0,0
1782950313763,unknown,VM-77,Stage2-0-0,0,0,0,0,0,0,0,0
1782950313809,unknown,VM-78,Stage3-2-0,0,0,0,0,0,0,0,0
1782950313812,unknown,VM-79,Stage3-3-0,0,0,0,0,0,0,0,0
1782950313823,unknown,VM-73,Stage1-1-0,0,0,0,0,0,0,0,0
1782950313835,unknown,VM-75,Stage1-2-0,0,0,0,0,0,0,0,0
1782950314746,unknown,VM-76,Stage2-1-0,0,0,0,0,0,0,0,0
1782950314746,unknown,VM-74,Stage1-3-0,0,98,92,33920,1922,11693,0,0
1782950314763,unknown,VM-77,Stage2-0-0,0,0,0,0,0,0,0,0
1782950314809,unknown,VM-78,Stage3-2-0,0,0,0,0,0,0,0,0
1782950314812,unknown,VM-79,Stage3-3-0,0,0,0,0,0,0,0,0
1782950314823,unknown,VM-73,Stage1-1-0,0,0,0,0,0,0,0,0
1782950314835,unknown,VM-75,Stage1-2-0,0,0,0,0,0,0,0,0
1782950315746,unknown,VM-74,Stage1-3-0,0,0,0,0,0,0,0,0
1782950315746,unknown,VM-76,Stage2-1-0,0,0,0,0,0,0,0,0
1782950315763,unknown,VM-77,Stage2-0-0,0,0,0,0,0,0,0,0
1782950315809,unknown,VM-78,Stage3-2-0,0,0,0,0,0,0,0,0
1782950315812,unknown,VM-79,Stage3-3-0,0,0,0,0,0,0,0,0
1782950315823,unknown,VM-73,Stage1-1-0,0,0,0,0,0,0,0,0
1782950315835,unknown,VM-75,Stage1-2-0,0,113,107,18272,7707,14171,0,0
1782950316746,unknown,VM-76,Stage2-1-0,0,0,0,0,0,0,0,0
1782950316746,unknown,VM-74,Stage1-3-0,0,0,0,0,0,0,0,0
1782950316763,unknown,VM-77,Stage2-0-0,0,0,0,0,0,0,0,0
1782950316808,unknown,VM-78,Stage3-2-0,0,0,0,0,0,0,0,0
1782950316812,unknown,VM-79,Stage3-3-0,0,0,0,0,0,0,0,0
1782950316823,unknown,VM-73,Stage1-1-0,0,0,0,0,0,0,0,0
1782950316835,unknown,VM-75,Stage1-2-0,0,0,0,0,0,0,0,0
1782950317746,unknown,VM-76,Stage2-1-0,0,0,0,0,0,0,0,0
1782950317746,unknown,VM-74,Stage1-3-0,0,352,351,20088,11201,44244,0,0
1782950317763,unknown,VM-77,Stage2-0-0,0,0,0,0,0,0,0,0
1782950317809,unknown,VM-78,Stage3-2-0,0,0,0,0,0,0,0,0
1782950317812,unknown,VM-79,Stage3-3-0,0,0,0,0,0,0,0,0
1782950317823,unknown,VM-73,Stage1-1-0,0,0,0,0,0,0,0,0
1782950317835,unknown,VM-75,Stage1-2-0,0,222,212,25552,8600,27099,0,0
1782950318746,unknown,VM-76,Stage2-1-0,0,0,0,0,0,0,0,0
1782950318746,unknown,VM-74,Stage1-3-0,0,308,300,12211,12712,36365,0,0
1782950318763,unknown,VM-77,Stage2-0-0,0,0,0,0,0,0,0,0
1782950318809,unknown,VM-78,Stage3-2-0,0,0,0,0,0,0,0,0
1782950318812,unknown,VM-79,Stage3-3-0,0,0,0,0,0,0,0,0
1782950318823,unknown,VM-73,Stage1-1-0,0,0,0,0,0,0,0,0
1782950318835,unknown,VM-75,Stage1-2-0,0,99,94,11394,1742,12563,0,0
1782950319746,unknown,VM-76,Stage2-1-0,0,0,0,0,0,0,0,0
1782950319750,unknown,VM-74,Stage1-3-0,0,310,303,10476,13005,38077,0,0
1782950319763,unknown,VM-77,Stage2-0-0,0,0,0,0,0,0,0,0
1782950319809,unknown,VM-78,Stage3-2-0,0,0,0,0,0,0,0,0
1782950319812,unknown,VM-79,Stage3-3-0,0,0,0,0,0,0,0,0
1782950319823,unknown,VM-73,Stage1-1-0,0,0,0,0,0,0,0,0
1782950319835,unknown,VM-75,Stage1-2-0,0,68,64,2036,666,7786,0,0
1782950320746,unknown,VM-74,Stage1-3-0,0,763,758,13281,18193,93419,0,0
1782950320746,unknown,VM-76,Stage2-1-0,0,0,0,0,0,0,0,0
1782950320763,unknown,VM-77,Stage2-0-0,0,0,0,0,0,0,0,0
1782950320809,unknown,VM-78,Stage3-2-0,0,0,0,0,0,0,0,0
1782950320812,unknown,VM-79,Stage3-3-0,0,0,0,0,0,0,0,0
1782950320823,unknown,VM-73,Stage1-1-0,0,0,0,0,0,0,0,0
1782950320835,unknown,VM-75,Stage1-2-0,0,244,240,7434,14901,28532,0,0
1782950321746,unknown,VM-74,Stage1-3-0,0,0,0,0,0,0,0,0
1782950321746,unknown,VM-76,Stage2-1-0,0,0,0,0,0,0,0,0
1782950321763,unknown,VM-77,Stage2-0-0,0,0,0,0,0,0,0,0
1782950321809,unknown,VM-78,Stage3-2-0,0,0,0,0,0,0,0,0
1782950321812,unknown,VM-79,Stage3-3-0,0,0,0,0,0,0,0,0
1782950321823,unknown,VM-73,Stage1-1-0,0,0,0,0,0,0,0,0
1782950321835,unknown,VM-75,Stage1-2-0,0,36,35,2100,338,4328,0,0
1782950322746,unknown,VM-76,Stage2-1-0,0,0,0,0,0,0,0,0
1782950322746,unknown,VM-74,Stage1-3-0,0,0,0,0,0,0,0,0
1782950322763,unknown,VM-77,Stage2-0-0,0,0,0,0,0,0,0,0
1782950322809,unknown,VM-78,Stage3-2-0,0,0,0,0,0,0,0,0
1782950322812,unknown,VM-79,Stage3-3-0,0,0,0,0,0,0,0,0
1782950322823,unknown,VM-73,Stage1-1-0,0,0,0,0,0,0,0,0
1782950322835,unknown,VM-75,Stage1-2-0,0,0,0,0,0,0,0,0
1782950323746,unknown,VM-74,Stage1-3-0,0,512,502,5483,18903,61621,0,0
1782950323746,unknown,VM-76,Stage2-1-0,0,0,0,0,0,0,0,0
1782950323763,unknown,VM-77,Stage2-0-0,0,0,0,0,0,0,0,0
1782950323809,unknown,VM-78,Stage3-2-0,0,0,0,0,0,0,0,0
1782950323812,unknown,VM-79,Stage3-3-0,0,0,0,0,0,0,0,0
1782950323823,unknown,VM-73,Stage1-1-0,0,0,0,0,0,0,0,0
1782950323835,unknown,VM-75,Stage1-2-0,0,980,944,27699,16384,118171,0,0
1782950324746,unknown,VM-74,Stage1-3-0,0,0,0,0,0,0,0,0
1782950324746,unknown,VM-76,Stage2-1-0,0,0,0,0,0,0,0,0
1782950324763,unknown,VM-77,Stage2-0-0,0,0,0,0,0,0,0,0
1782950324809,unknown,VM-78,Stage3-2-0,0,0,0,0,0,0,0,0
1782950324812,unknown,VM-79,Stage3-3-0,0,0,0,0,0,0,0,0
1782950324823,unknown,VM-73,Stage1-1-0,0,0,0,0,0,0,0,0
1782950324835,unknown,VM-75,Stage1-2-0,0,0,0,0,0,0,0,0
1782950325746,unknown,VM-74,Stage1-3-0,0,0,0,0,0,0,0,0
1782950325746,unknown,VM-76,Stage2-1-0,0,0,0,0,0,0,0,0
1782950325763,unknown,VM-77,Stage2-0-0,0,0,0,0,0,0,0,0
1782950325809,unknown,VM-78,Stage3-2-0,0,0,0,0,0,0,0,0
1782950325812,unknown,VM-79,Stage3-3-0,0,0,0,0,0,0,0,0
1782950325823,unknown,VM-73,Stage1-1-0,0,0,0,0,0,0,0,0
1782950325835,unknown,VM-75,Stage1-2-0,0,0,0,0,0,0,0,0
1782950326746,unknown,VM-76,Stage2-1-0,0,0,0,0,0,0,0,0
1782950326746,unknown,VM-74,Stage1-3-0,0,511,499,4561,19081,62402,0,0
1782950326763,unknown,VM-77,Stage2-0-0,0,0,0,0,0,0,0,0
1782950326808,unknown,VM-78,Stage3-2-0,0,0,0,0,0,0,0,0
1782950326813,unknown,VM-79,Stage3-3-0,0,0,0,0,0,0,0,0
1782950326823,unknown,VM-73,Stage1-1-0,0,0,0,0,0,0,0,0
1782950326835,unknown,VM-75,Stage1-2-0,0,374,359,4801,25373,45412,0,0
1782950327746,unknown,VM-74,Stage1-3-0,0,0,0,0,0,0,0,0
1782950327746,unknown,VM-76,Stage2-1-0,0,0,0,0,0,0,0,0
1782950327763,unknown,VM-77,Stage2-0-0,0,0,0,0,0,0,0,0
1782950327809,unknown,VM-78,Stage3-2-0,0,0,0,0,0,0,0,0
1782950327812,unknown,VM-79,Stage3-3-0,0,0,0,0,0,0,0,0
1782950327823,unknown,VM-73,Stage1-1-0,0,0,0,0,0,0,0,0
1782950327835,unknown,VM-75,Stage1-2-0,0,0,0,0,0,0,0,0
1782950328746,unknown,VM-76,Stage2-1-0,0,0,0,0,0,0,0,0
1782950328746,unknown,VM-74,Stage1-3-0,0,64,63,1752,461,7545,0,0
1782950328763,unknown,VM-77,Stage2-0-0,0,0,0,0,0,0,0,0
1782950328809,unknown,VM-78,Stage3-2-0,0,0,0,0,0,0,0,0
1782950328812,unknown,VM-79,Stage3-3-0,0,0,0,0,0,0,0,0
1782950328823,unknown,VM-73,Stage1-1-0,0,0,0,0,0,0,0,0
1782950328835,unknown,VM-75,Stage1-2-0,0,30,28,27045,356,3427,0,0
1782950329746,unknown,VM-76,Stage2-1-0,0,0,0,0,0,0,0,0
1782950329746,unknown,VM-74,Stage1-3-0,0,0,0,0,0,0,0,0
1782950329763,unknown,VM-77,Stage2-0-0,0,0,0,0,0,0,0,0
1782950329809,unknown,VM-78,Stage3-2-0,0,0,0,0,0,0,0,0
1782950329812,unknown,VM-79,Stage3-3-0,0,0,0,0,0,0,0,0
1782950329823,unknown,VM-73,Stage1-1-0,0,0,0,0,0,0,0,0
1782950329835,unknown,VM-75,Stage1-2-0,0,126,124,3827,23694,14589,0,0
1782950330746,unknown,VM-74,Stage1-3-0,0,512,502,18625,3908,61420,0,0
1782950330746,unknown,VM-76,Stage2-1-0,0,0,0,0,0,0,0,0
1782950330763,unknown,VM-77,Stage2-0-0,0,0,0,0,0,0,0,0
1782950330809,unknown,VM-78,Stage3-2-0,0,0,0,0,0,0,0,0
1782950330812,unknown,VM-79,Stage3-3-0,0,0,0,0,0,0,0,0
1782950330823,unknown,VM-73,Stage1-1-0,0,0,0,0,0,0,0,0
1782950330835,unknown,VM-75,Stage1-2-0,0,0,0,0,0,0,0,0
1782950331746,unknown,VM-76,Stage2-1-0,0,0,0,0,0,0,0,0
1782950331746,unknown,VM-74,Stage1-3-0,0,0,0,0,0,0,0,0
1782950331763,unknown,VM-77,Stage2-0-0,0,0,0,0,0,0,0,0
1782950331808,unknown,VM-78,Stage3-2-0,0,0,0,0,0,0,0,0
1782950331812,unknown,VM-79,Stage3-3-0,0,0,0,0,0,0,0,0
1782950331823,unknown,VM-73,Stage1-1-0,0,0,0,0,0,0,0,0
1782950331835,unknown,VM-75,Stage1-2-0,0,391,381,4406,6239,46250,0,0
1782950332746,unknown,VM-76,Stage2-1-0,0,0,0,0,0,0,0,0
1782950332746,unknown,VM-74,Stage1-3-0,0,512,498,4626,29730,62671,0,0
1782950332763,unknown,VM-77,Stage2-0-0,0,0,0,0,0,0,0,0
1782950332809,unknown,VM-78,Stage3-2-0,0,0,0,0,0,0,0,0
1782950332812,unknown,VM-79,Stage3-3-0,0,0,0,0,0,0,0,0
1782950332823,unknown,VM-73,Stage1-1-0,0,0,0,0,0,0,0,0
1782950332835,unknown,VM-75,Stage1-2-0,0,0,0,0,0,0,0,0
1782950333746,unknown,VM-74,Stage1-3-0,0,73,71,3690,344,8884,0,0
1782950333746,unknown,VM-76,Stage2-1-0,0,0,0,0,0,0,0,0
1782950333763,unknown,VM-77,Stage2-0-0,0,0,0,0,0,0,0,0
1782950333809,unknown,VM-78,Stage3-2-0,0,0,0,0,0,0,0,0
1782950333812,unknown,VM-79,Stage3-3-0,0,0,0,0,0,0,0,0
1782950333823,unknown,VM-73,Stage1-1-0,0,0,0,0,0,0,0,0
1782950333835,unknown,VM-75,Stage1-2-0,0,105,102,15837,8573,12623,0,0
1782950334746,unknown,VM-74,Stage1-3-0,0,376,371,30137,2669,46805,0,0
1782950334746,unknown,VM-76,Stage2-1-0,0,0,0,0,0,0,0,0
1782950334763,unknown,VM-77,Stage2-0-0,0,0,0,0,0,0,0,0
1782950334809,unknown,VM-78,Stage3-2-0,0,0,0,0,0,0,0,0
1782950334812,unknown,VM-79,Stage3-3-0,0,0,0,0,0,0,0,0
1782950334823,unknown,VM-73,Stage1-1-0,0,0,0,0,0,0,0,0
1782950334835,unknown,VM-75,Stage1-2-0,0,0,0,0,0,0,0,0
1782950335746,unknown,VM-74,Stage1-3-0,0,0,0,0,0,0,0,0
1782950335746,unknown,VM-76,Stage2-1-0,0,0,0,0,0,0,0,0
1782950335763,unknown,VM-77,Stage2-0-0,0,0,0,0,0,0,0,0
1782950335809,unknown,VM-78,Stage3-2-0,0,0,0,0,0,0,0,0
1782950335812,unknown,VM-79,Stage3-3-0,0,0,0,0,0,0,0,0
1782950335823,unknown,VM-73,Stage1-1-0,0,0,0,0,0,0,0,0
1782950335835,unknown,VM-75,Stage1-2-0,0,22,21,1994,119,2448,0,0
1782950336746,unknown,VM-74,Stage1-3-0,0,0,0,0,0,0,0,0
1782950336746,unknown,VM-76,Stage2-1-0,0,0,0,0,0,0,0,0
1782950336763,unknown,VM-77,Stage2-0-0,0,0,0,0,0,0,0,0
1782950336809,unknown,VM-78,Stage3-2-0,0,0,0,0,0,0,0,0
1782950336812,unknown,VM-79,Stage3-3-0,0,0,0,0,0,0,0,0
1782950336823,unknown,VM-73,Stage1-1-0,0,0,0,0,0,0,0,0
1782950336835,unknown,VM-75,Stage1-2-0,0,44,40,3274,264,5274,0,0
1782950337746,unknown,VM-74,Stage1-3-0,0,511,502,5476,1945,61151,0,0
1782950337746,unknown,VM-76,Stage2-1-0,0,0,0,0,0,0,0,0
1782950337763,unknown,VM-77,Stage2-0-0,0,0,0,0,0,0,0,0
1782950337809,unknown,VM-78,Stage3-2-0,0,0,0,0,0,0,0,0
1782950337812,unknown,VM-79,Stage3-3-0,0,0,0,0,0,0,0,0
1782950337823,unknown,VM-73,Stage1-1-0,0,0,0,0,0,0,0,0
1782950337835,unknown,VM-75,Stage1-2-0,0,21,21,1347,110,2253,0,0
1782950338746,unknown,VM-74,Stage1-3-0,0,0,0,0,0,0,0,0
1782950338746,unknown,VM-76,Stage2-1-0,0,0,0,0,0,0,0,0
1782950338763,unknown,VM-77,Stage2-0-0,0,0,0,0,0,0,0,0
1782950338809,unknown,VM-78,Stage3-2-0,0,0,0,0,0,0,0,0
1782950338812,unknown,VM-79,Stage3-3-0,0,0,0,0,0,0,0,0
1782950338823,unknown,VM-73,Stage1-1-0,0,0,0,0,0,0,0,0
1782950338835,unknown,VM-75,Stage1-2-0,0,0,0,0,0,0,0,0
1782950339746,unknown,VM-74,Stage1-3-0,0,0,0,0,0,0,0,0
1782950339746,unknown,VM-76,Stage2-1-0,0,0,0,0,0,0,0,0
1782950339763,unknown,VM-77,Stage2-0-0,0,0,0,0,0,0,0,0
1782950339809,unknown,VM-78,Stage3-2-0,0,0,0,0,0,0,0,0
1782950339812,unknown,VM-79,Stage3-3-0,0,0,0,0,0,0,0,0
1782950339823,unknown,VM-73,Stage1-1-0,0,0,0,0,0,0,0,0
1782950339835,unknown,VM-75,Stage1-2-0,0,37,35,1238,168,4474,0,0
1782950340746,unknown,VM-74,Stage1-3-0,0,0,0,0,0,0,0,0
1782950340746,unknown,VM-76,Stage2-1-0,0,0,0,0,0,0,0,0
1782950340763,unknown,VM-77,Stage2-0-0,0,0,0,0,0,0,0,0
1782950340809,unknown,VM-78,Stage3-2-0,0,0,0,0,0,0,0,0
1782950340812,unknown,VM-79,Stage3-3-0,0,0,0,0,0,0,0,0
1782950340823,unknown,VM-73,Stage1-1-0,0,0,0,0,0,0,0,0
1782950340835,unknown,VM-75,Stage1-2-0,0,0,0,0,0,0,0,0
1782950341746,unknown,VM-74,Stage1-3-0,0,91,90,13762,355,10711,0,0
1782950341746,unknown,VM-76,Stage2-1-0,0,0,0,0,0,0,0,0
1782950341763,unknown,VM-77,Stage2-0-0,0,0,0,0,0,0,0,0
1782950341809,unknown,VM-78,Stage3-2-0,0,0,0,0,0,0,0,0
1782950341812,unknown,VM-79,Stage3-3-0,0,0,0,0,0,0,0,0
1782950341823,unknown,VM-73,Stage1-1-0,0,0,0,0,0,0,0,0
1782950341835,unknown,VM-75,Stage1-2-0,0,325,318,4465,1114,38130,0,0
1782950342746,unknown,VM-74,Stage1-3-0,0,613,594,15594,1879,72620,0,0
1782950342746,unknown,VM-76,Stage2-1-0,0,0,0,0,0,0,0,0
1782950342763,unknown,VM-77,Stage2-0-0,0,0,0,0,0,0,0,0
1782950342809,unknown,VM-78,Stage3-2-0,0,0,0,0,0,0,0,0
1782950342812,unknown,VM-79,Stage3-3-0,0,0,0,0,0,0,0,0
1782950342823,unknown,VM-73,Stage1-1-0,0,0,0,0,0,0,0,0
1782950342835,unknown,VM-75,Stage1-2-0,0,0,0,0,0,0,0,0
1782950343746,unknown,VM-74,Stage1-3-0,0,434,424,2770,1083,52965,0,0
1782950343746,unknown,VM-76,Stage2-1-0,0,0,0,0,0,0,0,0
1782950343763,unknown,VM-77,Stage2-0-0,0,0,0,0,0,0,0,0
1782950343809,unknown,VM-78,Stage3-2-0,0,0,0,0,0,0,0,0
1782950343812,unknown,VM-79,Stage3-3-0,0,0,0,0,0,0,0,0
1782950343823,unknown,VM-73,Stage1-1-0,0,0,0,0,0,0,0,0
1782950343835,unknown,VM-75,Stage1-2-0,0,150,141,2296,662,17780,0,0
1782950344746,unknown,VM-74,Stage1-3-0,0,366,360,2738,866,43161,0,0
1782950344746,unknown,VM-76,Stage2-1-0,0,0,0,0,0,0,0,0
1782950344763,unknown,VM-77,Stage2-0-0,0,0,0,0,0,0,0,0
1782950344809,unknown,VM-78,Stage3-2-0,0,0,0,0,0,0,0,0
1782950344812,unknown,VM-79,Stage3-3-0,0,0,0,0,0,0,0,0
1782950344823,unknown,VM-73,Stage1-1-0,0,0,0,0,0,0,0,0
1782950344835,unknown,VM-75,Stage1-2-0,0,292,278,6071,1724,35656,0,0
1782950345746,unknown,VM-74,Stage1-3-0,0,1046,1019,19906,2738,125889,0,0
1782950345746,unknown,VM-76,Stage2-1-0,0,0,0,0,0,0,0,0
1782950345763,unknown,VM-77,Stage2-0-0,0,0,0,0,0,0,0,0
1782950345809,unknown,VM-78,Stage3-2-0,0,0,0,0,0,0,0,0
1782950345812,unknown,VM-79,Stage3-3-0,0,0,0,0,0,0,0,0
1782950345823,unknown,VM-73,Stage1-1-0,0,0,0,0,0,0,0,0
1782950345835,unknown,VM-75,Stage1-2-0,0,40,40,1295,186,4533,0,0
1782950346746,unknown,VM-74,Stage1-3-0,0,140,138,565,284,15949,0,0
1782950346746,unknown,VM-76,Stage2-1-0,0,0,0,0,0,0,0,0
1782950346763,unknown,VM-77,Stage2-0-0,0,0,0,0,0,0,0,0
1782950346809,unknown,VM-78,Stage3-2-0,0,0,0,0,0,0,0,0
1782950346812,unknown,VM-79,Stage3-3-0,0,0,0,0,0,0,0,0
1782950346823,unknown,VM-73,Stage1-1-0,0,0,0,0,0,0,0,0
1782950346835,unknown,VM-75,Stage1-2-0,0,62,59,2901,271,7157,0,0
1782950347746,unknown,VM-74,Stage1-3-0,0,1041,1009,28936,2549,127425,0,0
1782950347746,unknown,VM-76,Stage2-1-0,0,0,0,0,0,0,0,0
1782950347763,unknown,VM-77,Stage2-0-0,0,0,0,0,0,0,0,0
1782950347809,unknown,VM-78,Stage3-2-0,0,0,0,0,0,0,0,0
1782950347812,unknown,VM-79,Stage3-3-0,0,0,0,0,0,0,0,0
1782950347823,unknown,VM-73,Stage1-1-0,0,0,0,0,0,0,0,0
1782950347835,unknown,VM-75,Stage1-2-0,0,164,160,3086,907,19956,0,0
1782950348746,unknown,VM-74,Stage1-3-0,0,735,720,13611,1505,89315,0,0
1782950348746,unknown,VM-76,Stage2-1-0,0,0,0,0,0,0,0,0
1782950348763,unknown,VM-77,Stage2-0-0,0,0,0,0,0,0,0,0
1782950348809,unknown,VM-78,Stage3-2-0,0,0,0,0,0,0,0,0
1782950348812,unknown,VM-79,Stage3-3-0,0,0,0,0,0,0,0,0
1782950348823,unknown,VM-73,Stage1-1-0,0,0,0,0,0,0,0,0
1782950348835,unknown,VM-75,Stage1-2-0,0,432,423,3518,1426,52646,0,0
1782950349746,unknown,VM-74,Stage1-3-0,0,719,700,4159,1633,85491,0,0
1782950349746,unknown,VM-76,Stage2-1-0,0,0,0,0,0,0,0,0
1782950349763,unknown,VM-77,Stage2-0-0,0,0,0,0,0,0,0,0
1782950349809,unknown,VM-78,Stage3-2-0,0,0,0,0,0,0,0,0
1782950349812,unknown,VM-79,Stage3-3-0,0,0,0,0,0,0,0,0
1782950349823,unknown,VM-73,Stage1-1-0,0,0,0,0,0,0,0,0
1782950349835,unknown,VM-75,Stage1-2-0,0,0,0,0,0,0,0,0
1782950350746,unknown,VM-74,Stage1-3-0,0,0,0,0,0,0,0,0
1782950350746,unknown,VM-76,Stage2-1-0,0,0,0,0,0,0,0,0
1782950350763,unknown,VM-77,Stage2-0-0,0,0,0,0,0,0,0,0
1782950350809,unknown,VM-78,Stage3-2-0,0,0,0,0,0,0,0,0
1782950350812,unknown,VM-79,Stage3-3-0,0,0,0,0,0,0,0,0
1782950350823,unknown,VM-73,Stage1-1-0,0,0,0,0,0,0,0,0
1782950350835,unknown,VM-75,Stage1-2-0,0,0,0,0,0,0,0,0
1782950351746,unknown,VM-74,Stage1-3-0,0,143,139,2434,327,17784,0,0
1782950351746,unknown,VM-76,Stage2-1-0,0,0,0,0,0,0,0,0
1782950351763,unknown,VM-77,Stage2-0-0,0,0,0,0,0,0,0,0
1782950351809,unknown,VM-78,Stage3-2-0,0,0,0,0,0,0,0,0
1782950351812,unknown,VM-79,Stage3-3-0,0,0,0,0,0,0,0,0
1782950351823,unknown,VM-73,Stage1-1-0,0,0,0,0,0,0,0,0
1782950351835,unknown,VM-75,Stage1-2-0,0,89,88,3389,633,10334,0,0
1782950352746,unknown,VM-74,Stage1-3-0,0,0,0,0,0,0,0,0
1782950352746,unknown,VM-76,Stage2-1-0,0,0,0,0,0,0,0,0
1782950352763,unknown,VM-77,Stage2-0-0,0,0,0,0,0,0,0,0
1782950352809,unknown,VM-78,Stage3-2-0,0,0,0,0,0,0,0,0
1782950352812,unknown,VM-79,Stage3-3-0,0,0,0,0,0,0,0,0
1782950352823,unknown,VM-73,Stage1-1-0,0,0,0,0,0,0,0,0
1782950352835,unknown,VM-75,Stage1-2-0,0,8,7,1388,86,1110,0,0
1782950353746,unknown,VM-74,Stage1-3-0,0,689,679,17776,1314,85165,0,0
1782950353746,unknown,VM-76,Stage2-1-0,0,0,0,0,0,0,0,0
1782950353763,unknown,VM-77,Stage2-0-0,0,0,0,0,0,0,0,0
1782950353809,unknown,VM-78,Stage3-2-0,0,0,0,0,0,0,0,0
1782950353812,unknown,VM-79,Stage3-3-0,0,0,0,0,0,0,0,0
1782950353823,unknown,VM-73,Stage1-1-0,0,0,0,0,0,0,0,0
1782950353835,unknown,VM-75,Stage1-2-0,0,0,0,0,0,0,0,0
1782950354746,unknown,VM-74,Stage1-3-0,0,0,0,0,0,0,0,0
1782950354746,unknown,VM-76,Stage2-1-0,0,0,0,0,0,0,0,0
1782950354763,unknown,VM-77,Stage2-0-0,0,0,0,0,0,0,0,0
1782950354809,unknown,VM-78,Stage3-2-0,0,0,0,0,0,0,0,0
1782950354812,unknown,VM-79,Stage3-3-0,0,0,0,0,0,0,0,0
1782950354823,unknown,VM-73,Stage1-1-0,0,0,0,0,0,0,0,0
1782950354835,unknown,VM-75,Stage1-2-0,0,0,0,0,0,0,0,0
1782950355746,unknown,VM-74,Stage1-3-0,0,0,0,0,0,0,0,0
1782950355746,unknown,VM-76,Stage2-1-0,0,0,0,0,0,0,0,0
1782950355763,unknown,VM-77,Stage2-0-0,0,0,0,0,0,0,0,0
1782950355809,unknown,VM-78,Stage3-2-0,0,0,0,0,0,0,0,0
1782950355812,unknown,VM-79,Stage3-3-0,0,0,0,0,0,0,0,0
1782950355823,unknown,VM-73,Stage1-1-0,0,0,0,0,0,0,0,0
1782950355835,unknown,VM-75,Stage1-2-0,0,35,32,928,159,4014,0,0
1782950356746,unknown,VM-74,Stage1-3-0,0,0,0,0,0,0,0,0
1782950356746,unknown,VM-76,Stage2-1-0,0,0,0,0,0,0,0,0
1782950356763,unknown,VM-77,Stage2-0-0,0,0,0,0,0,0,0,0
1782950356809,unknown,VM-78,Stage3-2-0,0,0,0,0,0,0,0,0
1782950356812,unknown,VM-79,Stage3-3-0,0,0,0,0,0,0,0,0
1782950356823,unknown,VM-73,Stage1-1-0,0,0,0,0,0,0,0,0
1782950356835,unknown,VM-75,Stage1-2-0,0,0,0,0,0,0,0,0
1782950357746,unknown,VM-74,Stage1-3-0,0,0,0,0,0,0,0,0
1782950357746,unknown,VM-76,Stage2-1-0,0,0,0,0,0,0,0,0
1782950357763,unknown,VM-77,Stage2-0-0,0,0,0,0,0,0,0,0
1782950357809,unknown,VM-78,Stage3-2-0,0,0,0,0,0,0,0,0
1782950357813,unknown,VM-79,Stage3-3-0,0,0,0,0,0,0,0,0
1782950357823,unknown,VM-73,Stage1-1-0,0,0,0,0,0,0,0,0
1782950357836,unknown,VM-75,Stage1-2-0,0,20,20,2408,142,2525,0,0
1782950358746,unknown,VM-74,Stage1-3-0,0,0,0,0,0,0,0,0
1782950358746,unknown,VM-76,Stage2-1-0,0,0,0,0,0,0,0,0
1782950358763,unknown,VM-77,Stage2-0-0,0,0,0,0,0,0,0,0
1782950358809,unknown,VM-78,Stage3-2-0,0,0,0,0,0,0,0,0
1782950358812,unknown,VM-79,Stage3-3-0,0,0,0,0,0,0,0,0
1782950358823,unknown,VM-73,Stage1-1-0,0,0,0,0,0,0,0,0
1782950358835,unknown,VM-75,Stage1-2-0,0,0,0,0,0,0,0,0
1782950359746,unknown,VM-74,Stage1-3-0,0,0,0,0,0,0,0,0
1782950359746,unknown,VM-76,Stage2-1-0,0,0,0,0,0,0,0,0
1782950359763,unknown,VM-77,Stage2-0-0,0,0,0,0,0,0,0,0
1782950359809,unknown,VM-78,Stage3-2-0,0,0,0,0,0,0,0,0
1782950359812,unknown,VM-79,Stage3-3-0,0,0,0,0,0,0,0,0
1782950359823,unknown,VM-73,Stage1-1-0,0,0,0,0,0,0,0,0
1782950359835,unknown,VM-75,Stage1-2-0,0,0,0,0,0,0,0,0
1782950360746,unknown,VM-74,Stage1-3-0,0,511,493,3121,2261,61844,0,0
1782950360746,unknown,VM-76,Stage2-1-0,0,0,0,0,0,0,0,0
1782950360763,unknown,VM-77,Stage2-0-0,0,0,0,0,0,0,0,0
1782950360809,unknown,VM-78,Stage3-2-0,0,0,0,0,0,0,0,0
1782950360812,unknown,VM-79,Stage3-3-0,0,0,0,0,0,0,0,0
1782950360823,unknown,VM-73,Stage1-1-0,0,0,0,0,0,0,0,0
1782950360835,unknown,VM-75,Stage1-2-0,0,87,86,3060,417,10321,0,0
1782950361746,unknown,VM-76,Stage2-1-0,0,0,0,0,0,0,0,0
1782950361746,unknown,VM-74,Stage1-3-0,0,0,0,0,0,0,0,0
1782950361763,unknown,VM-77,Stage2-0-0,0,0,0,0,0,0,0,0
1782950361809,unknown,VM-78,Stage3-2-0,0,0,0,0,0,0,0,0
1782950361812,unknown,VM-79,Stage3-3-0,0,0,0,0,0,0,0,0
1782950361823,unknown,VM-73,Stage1-1-0,0,0,0,0,0,0,0,0
1782950361835,unknown,VM-75,Stage1-2-0,0,8,8,725,37,874,0,0
1782950362746,unknown,VM-76,Stage2-1-0,0,0,0,0,0,0,0,0
1782950362746,unknown,VM-74,Stage1-3-0,0,673,661,3018,1420,81537,0,0
1782950362763,unknown,VM-77,Stage2-0-0,0,0,0,0,0,0,0,0
1782950362809,unknown,VM-78,Stage3-2-0,0,0,0,0,0,0,0,0
1782950362812,unknown,VM-79,Stage3-3-0,0,0,0,0,0,0,0,0
1782950362823,unknown,VM-73,Stage1-1-0,0,0,0,0,0,0,0,0
1782950362835,unknown,VM-75,Stage1-2-0,0,0,0,0,0,0,0,0
1782950363746,unknown,VM-76,Stage2-1-0,0,0,0,0,0,0,0,0
1782950363746,unknown,VM-74,Stage1-3-0,0,0,0,0,0,0,0,0
1782950363763,unknown,VM-77,Stage2-0-0,0,0,0,0,0,0,0,0
1782950363809,unknown,VM-78,Stage3-2-0,0,0,0,0,0,0,0,0
1782950363812,unknown,VM-79,Stage3-3-0,0,0,0,0,0,0,0,0
1782950363823,unknown,VM-73,Stage1-1-0,0,0,0,0,0,0,0,0
1782950363835,unknown,VM-75,Stage1-2-0,0,329,323,7667,1058,38741,0,0
1782950364746,unknown,VM-76,Stage2-1-0,0,0,0,0,0,0,0,0
1782950364746,unknown,VM-74,Stage1-3-0,0,0,0,0,0,0,0,0
1782950364763,unknown,VM-77,Stage2-0-0,0,0,0,0,0,0,0,0
1782950364809,unknown,VM-78,Stage3-2-0,0,0,0,0,0,0,0,0
1782950364812,unknown,VM-79,Stage3-3-0,0,0,0,0,0,0,0,0
1782950364823,unknown,VM-73,Stage1-1-0,0,0,0,0,0,0,0,0
1782950364835,unknown,VM-75,Stage1-2-0,0,0,0,0,0,0,0,0
1782950365746,unknown,VM-74,Stage1-3-0,0,0,0,0,0,0,0,0
1782950365746,unknown,VM-76,Stage2-1-0,0,0,0,0,0,0,0,0
1782950365763,unknown,VM-77,Stage2-0-0,0,0,0,0,0,0,0,0
1782950365809,unknown,VM-78,Stage3-2-0,0,0,0,0,0,0,0,0
1782950365812,unknown,VM-79,Stage3-3-0,0,0,0,0,0,0,0,0
1782950365823,unknown,VM-73,Stage1-1-0,0,0,0,0,0,0,0,0
1782950365835,unknown,VM-75,Stage1-2-0,0,20,20,7376,107,2325,0,0
1782950366746,unknown,VM-74,Stage1-3-0,0,511,501,6138,950,64316,0,0
1782950366746,unknown,VM-76,Stage2-1-0,0,0,0,0,0,0,0,0
1782950366763,unknown,VM-77,Stage2-0-0,0,0,0,0,0,0,0,0
1782950366809,unknown,VM-78,Stage3-2-0,0,0,0,0,0,0,0,0
1782950366812,unknown,VM-79,Stage3-3-0,0,0,0,0,0,0,0,0
1782950366823,unknown,VM-73,Stage1-1-0,0,0,0,0,0,0,0,0
1782950366835,unknown,VM-75,Stage1-2-0,0,9,9,1150,68,1159,0,0
1782950367746,unknown,VM-74,Stage1-3-0,0,0,0,0,0,0,0,0
1782950367746,unknown,VM-76,Stage2-1-0,0,0,0,0,0,0,0,0
1782950367763,unknown,VM-77,Stage2-0-0,0,0,0,0,0,0,0,0
1782950367809,unknown,VM-78,Stage3-2-0,0,0,0,0,0,0,0,0
1782950367812,unknown,VM-79,Stage3-3-0,0,0,0,0,0,0,0,0
1782950367823,unknown,VM-73,Stage1-1-0,0,0,0,0,0,0,0,0
1782950367835,unknown,VM-75,Stage1-2-0,0,0,0,0,0,0,0,0
1782950368746,unknown,VM-74,Stage1-3-0,0,452,435,17661,956,54978,0,0
1782950368746,unknown,VM-76,Stage2-1-0,0,0,0,0,0,0,0,0
1782950368763,unknown,VM-77,Stage2-0-0,0,0,0,0,0,0,0,0
1782950368808,unknown,VM-78,Stage3-2-0,0,0,0,0,0,0,0,0
1782950368812,unknown,VM-79,Stage3-3-0,0,0,0,0,0,0,0,0
1782950368823,unknown,VM-73,Stage1-1-0,0,0,0,0,0,0,0,0
1782950368835,unknown,VM-75,Stage1-2-0,0,0,0,0,0,0,0,0
1782950369746,unknown,VM-74,Stage1-3-0,0,0,0,0,0,0,0,0
1782950369746,unknown,VM-76,Stage2-1-0,0,0,0,0,0,0,0,0
1782950369763,unknown,VM-77,Stage2-0-0,0,0,0,0,0,0,0,0
1782950369809,unknown,VM-78,Stage3-2-0,0,0,0,0,0,0,0,0
1782950369812,unknown,VM-79,Stage3-3-0,0,0,0,0,0,0,0,0
1782950369823,unknown,VM-73,Stage1-1-0,0,0,0,0,0,0,0,0
1782950369835,unknown,VM-75,Stage1-2-0,0,46,46,7216,138,5703,0,0
1782950370746,unknown,VM-74,Stage1-3-0,0,0,0,0,0,0,0,0
1782950370746,unknown,VM-76,Stage2-1-0,0,0,0,0,0,0,0,0
1782950370763,unknown,VM-77,Stage2-0-0,0,0,0,0,0,0,0,0
1782950370808,unknown,VM-78,Stage3-2-0,0,0,0,0,0,0,0,0
1782950370812,unknown,VM-79,Stage3-3-0,0,0,0,0,0,0,0,0
1782950370823,unknown,VM-73,Stage1-1-0,0,0,0,0,0,0,0,0
1782950370835,unknown,VM-75,Stage1-2-0,0,12,10,3090,116,1683,0,0
1782950371746,unknown,VM-74,Stage1-3-0,0,476,465,2234,912,57730,0,0
1782950371746,unknown,VM-76,Stage2-1-0,0,0,0,0,0,0,0,0
1782950371763,unknown,VM-77,Stage2-0-0,0,0,0,0,0,0,0,0
1782950371809,unknown,VM-78,Stage3-2-0,0,0,0,0,0,0,0,0
1782950371813,unknown,VM-79,Stage3-3-0,0,0,0,0,0,0,0,0
1782950371823,unknown,VM-73,Stage1-1-0,0,0,0,0,0,0,0,0
1782950371835,unknown,VM-75,Stage1-2-0,0,0,0,0,0,0,0,0
1782950372746,unknown,VM-74,Stage1-3-0,0,479,461,2488,902,57411,0,0
1782950372746,unknown,VM-76,Stage2-1-0,0,0,0,0,0,0,0,0
1782950372763,unknown,VM-77,Stage2-0-0,0,0,0,0,0,0,0,0
1782950372809,unknown,VM-78,Stage3-2-0,0,0,0,0,0,0,0,0
1782950372812,unknown,VM-79,Stage3-3-0,0,0,0,0,0,0,0,0
1782950372823,unknown,VM-73,Stage1-1-0,0,0,0,0,0,0,0,0
1782950372835,unknown,VM-75,Stage1-2-0,0,24,23,2997,126,2716,0,0
1782950373746,unknown,VM-74,Stage1-3-0,0,221,216,1859,460,27693,0,0
1782950373746,unknown,VM-76,Stage2-1-0,0,0,0,0,0,0,0,0
1782950373763,unknown,VM-77,Stage2-0-0,0,0,0,0,0,0,0,0
1782950373809,unknown,VM-78,Stage3-2-0,0,0,0,0,0,0,0,0
1782950373812,unknown,VM-79,Stage3-3-0,0,0,0,0,0,0,0,0
1782950373823,unknown,VM-73,Stage1-1-0,0,0,0,0,0,0,0,0
1782950373835,unknown,VM-75,Stage1-2-0,0,15,15,737,64,1641,0,0
1782950374746,unknown,VM-74,Stage1-3-0,0,0,0,0,0,0,0,0
1782950374746,unknown,VM-76,Stage2-1-0,0,0,0,0,0,0,0,0
1782950374763,unknown,VM-77,Stage2-0-0,0,0,0,0,0,0,0,0
1782950374809,unknown,VM-78,Stage3-2-0,0,0,0,0,0,0,0,0
1782950374812,unknown,VM-79,Stage3-3-0,0,0,0,0,0,0,0,0
1782950374823,unknown,VM-73,Stage1-1-0,0,0,0,0,0,0,0,0
1782950374835,unknown,VM-75,Stage1-2-0,0,38,38,1138,124,4378,0,0
1782950375746,unknown,VM-74,Stage1-3-0,0,512,500,3090,1051,61038,0,0
1782950375746,unknown,VM-76,Stage2-1-0,0,0,0,0,0,0,0,0
1782950375763,unknown,VM-77,Stage2-0-0,0,0,0,0,0,0,0,0
1782950375809,unknown,VM-78,Stage3-2-0,0,0,0,0,0,0,0,0
1782950375812,unknown,VM-79,Stage3-3-0,0,0,0,0,0,0,0,0
1782950375823,unknown,VM-73,Stage1-1-0,0,0,0,0,0,0,0,0
1782950375835,unknown,VM-75,Stage1-2-0,0,0,0,0,0,0,0,0
1782950376746,unknown,VM-74,Stage1-3-0,0,363,349,3206,718,43318,0,0
1782950376746,unknown,VM-76,Stage2-1-0,0,0,0,0,0,0,0,0
1782950376763,unknown,VM-77,Stage2-0-0,0,0,0,0,0,0,0,0
1782950376809,unknown,VM-78,Stage3-2-0,0,0,0,0,0,0,0,0
1782950376812,unknown,VM-79,Stage3-3-0,0,0,0,0,0,0,0,0
1782950376823,unknown,VM-73,Stage1-1-0,0,0,0,0,0,0,0,0
1782950376835,unknown,VM-75,Stage1-2-0,0,38,38,5711,357,4512,0,0
1782950377746,unknown,VM-74,Stage1-3-0,0,47,46,804,112,5177,0,0
1782950377746,unknown,VM-76,Stage2-1-0,0,0,0,0,0,0,0,0
1782950377763,unknown,VM-77,Stage2-0-0,0,0,0,0,0,0,0,0
1782950377809,unknown,VM-78,Stage3-2-0,0,0,0,0,0,0,0,0
1782950377812,unknown,VM-79,Stage3-3-0,0,0,0,0,0,0,0,0
1782950377823,unknown,VM-73,Stage1-1-0,0,0,0,0,0,0,0,0
1782950377835,unknown,VM-75,Stage1-2-0,0,0,0,0,0,0,0,0
1782950378746,unknown,VM-74,Stage1-3-0,0,249,238,1605,515,29667,0,0
1782950378746,unknown,VM-76,Stage2-1-0,0,0,0,0,0,0,0,0
1782950378763,unknown,VM-77,Stage2-0-0,0,0,0,0,0,0,0,0
1782950378809,unknown,VM-78,Stage3-2-0,0,0,0,0,0,0,0,0
1782950378812,unknown,VM-79,Stage3-3-0,0,0,0,0,0,0,0,0
1782950378823,unknown,VM-73,Stage1-1-0,0,0,0,0,0,0,0,0
1782950378835,unknown,VM-75,Stage1-2-0,0,30,30,1542,130,3625,0,0
1782950379746,unknown,VM-74,Stage1-3-0,0,361,347,1940,716,44367,0,0
1782950379746,unknown,VM-76,Stage2-1-0,0,0,0,0,0,0,0,0
1782950379763,unknown,VM-77,Stage2-0-0,0,0,0,0,0,0,0,0
1782950379809,unknown,VM-78,Stage3-2-0,0,0,0,0,0,0,0,0
1782950379812,unknown,VM-79,Stage3-3-0,0,0,0,0,0,0,0,0
1782950379823,unknown,VM-73,Stage1-1-0,0,0,0,0,0,0,0,0
1782950379835,unknown,VM-75,Stage1-2-0,0,0,0,0,0,0,0,0
1782950380746,unknown,VM-74,Stage1-3-0,0,104,102,1781,233,12909,0,0
1782950380746,unknown,VM-76,Stage2-1-0,0,0,0,0,0,0,0,0
1782950380763,unknown,VM-77,Stage2-0-0,0,0,0,0,0,0,0,0
1782950380809,unknown,VM-78,Stage3-2-0,0,0,0,0,0,0,0,0
1782950380812,unknown,VM-79,Stage3-3-0,0,0,0,0,0,0,0,0
1782950380823,unknown,VM-73,Stage1-1-0,0,0,0,0,0,0,0,0
1782950380835,unknown,VM-75,Stage1-2-0,0,15,15,3602,120,1860,0,0
1782950381746,unknown,VM-74,Stage1-3-0,0,97,95,1331,254,11554,0,0
1782950381746,unknown,VM-76,Stage2-1-0,0,0,0,0,0,0,0,0
1782950381763,unknown,VM-77,Stage2-0-0,0,0,0,0,0,0,0,0
1782950381809,unknown,VM-78,Stage3-2-0,0,0,0,0,0,0,0,0
1782950381813,unknown,VM-79,Stage3-3-0,0,0,0,0,0,0,0,0
1782950381823,unknown,VM-73,Stage1-1-0,0,0,0,0,0,0,0,0
1782950381835,unknown,VM-75,Stage1-2-0,0,0,0,0,0,0,0,0
1782950382746,unknown,VM-74,Stage1-3-0,0,92,89,1191,212,10666,0,0
1782950382746,unknown,VM-76,Stage2-1-0,0,0,0,0,0,0,0,0
1782950382763,unknown,VM-77,Stage2-0-0,0,0,0,0,0,0,0,0
1782950382809,unknown,VM-78,Stage3-2-0,0,0,0,0,0,0,0,0
1782950382812,unknown,VM-79,Stage3-3-0,0,0,0,0,0,0,0,0
1782950382823,unknown,VM-73,Stage1-1-0,0,0,0,0,0,0,0,0
1782950382835,unknown,VM-75,Stage1-2-0,0,24,24,1147,102,3000,0,0
1782950383746,unknown,VM-74,Stage1-3-0,0,33,33,1217,92,4367,0,0
1782950383746,unknown,VM-76,Stage2-1-0,0,0,0,0,0,0,0,0
1782950383763,unknown,VM-77,Stage2-0-0,0,0,0,0,0,0,0,0
1782950383809,unknown,VM-78,Stage3-2-0,0,0,0,0,0,0,0,0
1782950383814,unknown,VM-79,Stage3-3-0,0,0,0,0,0,0,0,0
1782950383823,unknown,VM-73,Stage1-1-0,0,0,0,0,0,0,0,0
1782950383835,unknown,VM-75,Stage1-2-0,0,0,0,0,0,0,0,0
1782950384746,unknown,VM-74,Stage1-3-0,0,81,81,3494,217,9567,0,0
1782950384746,unknown,VM-76,Stage2-1-0,0,0,0,0,0,0,0,0
1782950384763,unknown,VM-77,Stage2-0-0,0,0,0,0,0,0,0,0
1782950384809,unknown,VM-78,Stage3-2-0,0,0,0,0,0,0,0,0
1782950384812,unknown,VM-79,Stage3-3-0,0,0,0,0,0,0,0,0
1782950384823,unknown,VM-73,Stage1-1-0,0,0,0,0,0,0,0,0
1782950384835,unknown,VM-75,Stage1-2-0,0,377,377,17057,1569,46313,0,0
1782950385746,unknown,VM-74,Stage1-3-0,0,0,0,0,0,0,0,0
1782950385746,unknown,VM-76,Stage2-1-0,0,0,0,0,0,0,0,0
1782950385763,unknown,VM-77,Stage2-0-0,0,0,0,0,0,0,0,0
1782950385809,unknown,VM-78,Stage3-2-0,0,0,0,0,0,0,0,0
1782950385812,unknown,VM-79,Stage3-3-0,0,0,0,0,0,0,0,0
1782950385823,unknown,VM-73,Stage1-1-0,0,0,0,0,0,0,0,0
1782950385835,unknown,VM-75,Stage1-2-0,0,0,0,0,0,0,0,0
1782950386746,unknown,VM-74,Stage1-3-0,0,242,238,1652,428,28320,0,0
1782950386746,unknown,VM-76,Stage2-1-0,0,0,0,0,0,0,0,0
1782950386763,unknown,VM-77,Stage2-0-0,0,0,0,0,0,0,0,0
1782950386809,unknown,VM-78,Stage3-2-0,0,0,0,0,0,0,0,0
1782950386812,unknown,VM-79,Stage3-3-0,0,0,0,0,0,0,0,0
1782950386823,unknown,VM-73,Stage1-1-0,0,0,0,0,0,0,0,0
1782950386835,unknown,VM-75,Stage1-2-0,0,653,648,19121,1495,80338,0,0
1782950387746,unknown,VM-74,Stage1-3-0,0,407,400,1076,874,49070,0,0
1782950387746,unknown,VM-76,Stage2-1-0,0,0,0,0,0,0,0,0
1782950387763,unknown,VM-77,Stage2-0-0,0,0,0,0,0,0,0,0
1782950387809,unknown,VM-78,Stage3-2-0,0,0,0,0,0,0,0,0
1782950387812,unknown,VM-79,Stage3-3-0,0,0,0,0,0,0,0,0
1782950387823,unknown,VM-73,Stage1-1-0,0,0,0,0,0,0,0,0
1782950387835,unknown,VM-75,Stage1-2-0,0,0,0,0,0,0,0,0
1782950388746,unknown,VM-74,Stage1-3-0,0,512,498,4397,1076,62106,0,0
1782950388746,unknown,VM-76,Stage2-1-0,0,0,0,0,0,0,0,0
1782950388763,unknown,VM-77,Stage2-0-0,0,0,0,0,0,0,0,0
1782950388809,unknown,VM-78,Stage3-2-0,0,0,0,0,0,0,0,0
1782950388812,unknown,VM-79,Stage3-3-0,0,0,0,0,0,0,0,0
1782950388823,unknown,VM-73,Stage1-1-0,0,0,0,0,0,0,0,0
1782950388835,unknown,VM-75,Stage1-2-0,0,0,0,0,0,0,0,0
1782950389746,unknown,VM-74,Stage1-3-0,0,0,0,0,0,0,0,0
1782950389746,unknown,VM-76,Stage2-1-0,0,0,0,0,0,0,0,0
1782950389763,unknown,VM-77,Stage2-0-0,0,0,0,0,0,0,0,0
1782950389809,unknown,VM-78,Stage3-2-0,0,0,0,0,0,0,0,0
1782950389812,unknown,VM-79,Stage3-3-0,0,0,0,0,0,0,0,0
1782950389823,unknown,VM-73,Stage1-1-0,0,0,0,0,0,0,0,0
1782950389835,unknown,VM-75,Stage1-2-0,0,1,1,900,59,105,0,0
1782950390746,unknown,VM-74,Stage1-3-0,0,0,0,0,0,0,0,0
1782950390746,unknown,VM-76,Stage2-1-0,0,0,0,0,0,0,0,0
1782950390763,unknown,VM-77,Stage2-0-0,0,0,0,0,0,0,0,0
1782950390808,unknown,VM-78,Stage3-2-0,0,0,0,0,0,0,0,0
1782950390812,unknown,VM-79,Stage3-3-0,0,0,0,0,0,0,0,0
1782950390823,unknown,VM-73,Stage1-1-0,0,0,0,0,0,0,0,0
1782950390835,unknown,VM-75,Stage1-2-0,0,0,0,0,0,0,0,0
1782950391746,unknown,VM-74,Stage1-3-0,0,0,0,0,0,0,0,0
1782950391746,unknown,VM-76,Stage2-1-0,0,0,0,0,0,0,0,0
1782950391763,unknown,VM-77,Stage2-0-0,0,0,0,0,0,0,0,0
1782950391808,unknown,VM-78,Stage3-2-0,0,0,0,0,0,0,0,0
1782950391813,unknown,VM-79,Stage3-3-0,0,0,0,0,0,0,0,0
1782950391823,unknown,VM-73,Stage1-1-0,0,0,0,0,0,0,0,0
1782950391835,unknown,VM-75,Stage1-2-0,0,25,25,1086,97,2924,0,0
1782950392746,unknown,VM-74,Stage1-3-0,0,0,0,0,0,0,0,0
1782950392746,unknown,VM-76,Stage2-1-0,0,0,0,0,0,0,0,0
1782950392763,unknown,VM-77,Stage2-0-0,0,0,0,0,0,0,0,0
1782950392809,unknown,VM-78,Stage3-2-0,0,0,0,0,0,0,0,0
1782950392812,unknown,VM-79,Stage3-3-0,0,0,0,0,0,0,0,0
1782950392823,unknown,VM-73,Stage1-1-0,0,0,0,0,0,0,0,0
1782950392835,unknown,VM-75,Stage1-2-0,0,34,34,1082,292,4493,0,0
1782950393746,unknown,VM-74,Stage1-3-0,0,393,389,2013,811,47516,0,0
1782950393746,unknown,VM-76,Stage2-1-0,0,0,0,0,0,0,0,0
1782950393763,unknown,VM-77,Stage2-0-0,0,0,0,0,0,0,0,0
1782950393809,unknown,VM-78,Stage3-2-0,0,0,0,0,0,0,0,0
1782950393812,unknown,VM-79,Stage3-3-0,0,0,0,0,0,0,0,0
1782950393823,unknown,VM-73,Stage1-1-0,0,0,0,0,0,0,0,0
1782950393835,unknown,VM-75,Stage1-2-0,0,20,20,16198,123,2326,0,0
1782950394746,unknown,VM-74,Stage1-3-0,0,359,358,1812,692,43065,0,0
1782950394746,unknown,VM-76,Stage2-1-0,0,0,0,0,0,0,0,0
1782950394763,unknown,VM-77,Stage2-0-0,0,0,0,0,0,0,0,0
1782950394809,unknown,VM-78,Stage3-2-0,0,0,0,0,0,0,0,0
1782950394812,unknown,VM-79,Stage3-3-0,0,0,0,0,0,0,0,0
1782950394823,unknown,VM-73,Stage1-1-0,0,0,0,0,0,0,0,0
1782950394835,unknown,VM-75,Stage1-2-0,0,23,23,1263,162,3082,0,0
1782950395746,unknown,VM-74,Stage1-3-0,0,387,377,779,912,45231,0,0
1782950395746,unknown,VM-76,Stage2-1-0,0,0,0,0,0,0,0,0
1782950395763,unknown,VM-77,Stage2-0-0,0,0,0,0,0,0,0,0
1782950395809,unknown,VM-78,Stage3-2-0,0,0,0,0,0,0,0,0
1782950395812,unknown,VM-79,Stage3-3-0,0,0,0,0,0,0,0,0
1782950395823,unknown,VM-73,Stage1-1-0,0,0,0,0,0,0,0,0
1782950395835,unknown,VM-75,Stage1-2-0,0,0,0,0,0,0,0,0
1782950396746,unknown,VM-74,Stage1-3-0,0,512,494,2212,920,62325,0,0
1782950396746,unknown,VM-76,Stage2-1-0,0,0,0,0,0,0,0,0
1782950396763,unknown,VM-77,Stage2-0-0,0,0,0,0,0,0,0,0
1782950396809,unknown,VM-78,Stage3-2-0,0,0,0,0,0,0,0,0
1782950396812,unknown,VM-79,Stage3-3-0,0,0,0,0,0,0,0,0
1782950396823,unknown,VM-73,Stage1-1-0,0,0,0,0,0,0,0,0
1782950396835,unknown,VM-75,Stage1-2-0,0,47,47,1114,158,5918,0,0
1782950397746,unknown,VM-74,Stage1-3-0,0,727,717,2544,1361,89437,0,0
1782950397746,unknown,VM-76,Stage2-1-0,0,0,0,0,0,0,0,0
1782950397763,unknown,VM-77,Stage2-0-0,0,0,0,0,0,0,0,0
1782950397808,unknown,VM-78,Stage3-2-0,0,0,0,0,0,0,0,0
1782950397812,unknown,VM-79,Stage3-3-0,0,0,0,0,0,0,0,0
1782950397823,unknown,VM-73,Stage1-1-0,0,0,0,0,0,0,0,0
1782950397835,unknown,VM-75,Stage1-2-0,0,13,13,1061,80,1630,0,0
1782950398746,unknown,VM-74,Stage1-3-0,0,0,0,0,0,0,0,0
1782950398746,unknown,VM-76,Stage2-1-0,0,0,0,0,0,0,0,0
1782950398763,unknown,VM-77,Stage2-0-0,0,0,0,0,0,0,0,0
1782950398809,unknown,VM-78,Stage3-2-0,0,0,0,0,0,0,0,0
1782950398812,unknown,VM-79,Stage3-3-0,0,0,0,0,0,0,0,0
1782950398823,unknown,VM-73,Stage1-1-0,0,0,0,0,0,0,0,0
1782950398835,unknown,VM-75,Stage1-2-0,0,0,0,0,0,0,0,0
1782950399746,unknown,VM-74,Stage1-3-0,0,726,707,9939,1933,88085,0,0
1782950399746,unknown,VM-76,Stage2-1-0,0,0,0,0,0,0,0,0
1782950399763,unknown,VM-77,Stage2-0-0,0,0,0,0,0,0,0,0
1782950399809,unknown,VM-78,Stage3-2-0,0,0,0,0,0,0,0,0
1782950399812,unknown,VM-79,Stage3-3-0,0,0,0,0,0,0,0,0
1782950399823,unknown,VM-73,Stage1-1-0,0,0,0,0,0,0,0,0
1782950399835,unknown,VM-75,Stage1-2-0,0,392,390,19294,4467,48465,0,0
1782950400746,unknown,VM-74,Stage1-3-0,0,0,0,0,0,0,0,0
1782950400746,unknown,VM-76,Stage2-1-0,0,0,0,0,0,0,0,0
1782950400763,unknown,VM-77,Stage2-0-0,0,0,0,0,0,0,0,0
1782950400809,unknown,VM-78,Stage3-2-0,0,0,0,0,0,0,0,0
1782950400812,unknown,VM-79,Stage3-3-0,0,0,0,0,0,0,0,0
1782950400823,unknown,VM-73,Stage1-1-0,0,0,0,0,0,0,0,0
1782950400835,unknown,VM-75,Stage1-2-0,0,6,6,23101,103,1018,0,0
1782950401746,unknown,VM-74,Stage1-3-0,0,0,0,0,0,0,0,0
1782950401746,unknown,VM-76,Stage2-1-0,0,0,0,0,0,0,0,0
1782950401763,unknown,VM-77,Stage2-0-0,0,0,0,0,0,0,0,0
1782950401809,unknown,VM-78,Stage3-2-0,0,0,0,0,0,0,0,0
1782950401812,unknown,VM-79,Stage3-3-0,0,0,0,0,0,0,0,0
1782950401823,unknown,VM-73,Stage1-1-0,0,0,0,0,0,0,0,0
1782950401835,unknown,VM-75,Stage1-2-0,0,0,0,0,0,0,0,0
1782950402746,unknown,VM-74,Stage1-3-0,0,424,415,2034,788,50315,0,0
1782950402746,unknown,VM-76,Stage2-1-0,0,0,0,0,0,0,0,0
1782950402763,unknown,VM-77,Stage2-0-0,0,0,0,0,0,0,0,0
1782950402809,unknown,VM-78,Stage3-2-0,0,0,0,0,0,0,0,0
1782950402812,unknown,VM-79,Stage3-3-0,0,0,0,0,0,0,0,0
1782950402823,unknown,VM-73,Stage1-1-0,0,0,0,0,0,0,0,0
1782950402835,unknown,VM-75,Stage1-2-0,0,64,64,1244,185,7324,0,0
1782950403746,unknown,VM-74,Stage1-3-0,0,225,222,1934,494,28607,0,0
1782950403746,unknown,VM-76,Stage2-1-0,0,0,0,0,0,0,0,0
1782950403763,unknown,VM-77,Stage2-0-0,0,0,0,0,0,0,0,0
1782950403809,unknown,VM-78,Stage3-2-0,0,0,0,0,0,0,0,0
1782950403812,unknown,VM-79,Stage3-3-0,0,0,0,0,0,0,0,0
1782950403823,unknown,VM-73,Stage1-1-0,0,0,0,0,0,0,0,0
1782950403835,unknown,VM-75,Stage1-2-0,0,0,0,0,0,0,0,0
1782950404746,unknown,VM-74,Stage1-3-0,0,0,0,0,0,0,0,0
1782950404746,unknown,VM-76,Stage2-1-0,0,0,0,0,0,0,0,0
1782950404763,unknown,VM-77,Stage2-0-0,0,0,0,0,0,0,0,0
1782950404809,unknown,VM-78,Stage3-2-0,0,0,0,0,0,0,0,0
1782950404812,unknown,VM-79,Stage3-3-0,0,0,0,0,0,0,0,0
1782950404823,unknown,VM-73,Stage1-1-0,0,0,0,0,0,0,0,0
1782950404835,unknown,VM-75,Stage1-2-0,0,469,466,2798,1056,60393,0,0
1782950405746,unknown,VM-74,Stage1-3-0,0,0,0,0,0,0,0,0
1782950405746,unknown,VM-76,Stage2-1-0,0,0,0,0,0,0,0,0
1782950405763,unknown,VM-77,Stage2-0-0,0,0,0,0,0,0,0,0
1782950405809,unknown,VM-78,Stage3-2-0,0,0,0,0,0,0,0,0
1782950405812,unknown,VM-79,Stage3-3-0,0,0,0,0,0,0,0,0
1782950405823,unknown,VM-73,Stage1-1-0,0,0,0,0,0,0,0,0
1782950405835,unknown,VM-75,Stage1-2-0,0,275,275,22457,604,34230,0,0
1782950406746,unknown,VM-74,Stage1-3-0,0,0,0,0,0,0,0,0
1782950406746,unknown,VM-76,Stage2-1-0,0,0,0,0,0,0,0,0
1782950406763,unknown,VM-77,Stage2-0-0,0,0,0,0,0,0,0,0
1782950406808,unknown,VM-78,Stage3-2-0,0,0,0,0,0,0,0,0
1782950406812,unknown,VM-79,Stage3-3-0,0,0,0,0,0,0,0,0
1782950406823,unknown,VM-73,Stage1-1-0,0,0,0,0,0,0,0,0
1782950406835,unknown,VM-75,Stage1-2-0,0,0,0,0,0,0,0,0
1782950407746,unknown,VM-74,Stage1-3-0,0,0,0,0,0,0,0,0
1782950407746,unknown,VM-76,Stage2-1-0,0,0,0,0,0,0,0,0
1782950407763,unknown,VM-77,Stage2-0-0,0,0,0,0,0,0,0,0
1782950407809,unknown,VM-78,Stage3-2-0,0,0,0,0,0,0,0,0
1782950407812,unknown,VM-79,Stage3-3-0,0,0,0,0,0,0,0,0
1782950407823,unknown,VM-73,Stage1-1-0,0,0,0,0,0,0,0,0
1782950407835,unknown,VM-75,Stage1-2-0,0,6,6,1212,44,856,0,0
1782950408746,unknown,VM-74,Stage1-3-0,0,0,0,0,0,0,0,0
1782950408746,unknown,VM-76,Stage2-1-0,0,0,0,0,0,0,0,0
1782950408763,unknown,VM-77,Stage2-0-0,0,0,0,0,0,0,0,0
1782950408809,unknown,VM-78,Stage3-2-0,0,0,0,0,0,0,0,0
1782950408812,unknown,VM-79,Stage3-3-0,0,0,0,0,0,0,0,0
1782950408823,unknown,VM-73,Stage1-1-0,0,0,0,0,0,0,0,0
1782950408835,unknown,VM-75,Stage1-2-0,0,0,0,0,0,0,0,0
1782950409746,unknown,VM-74,Stage1-3-0,0,0,0,0,0,0,0,0
1782950409746,unknown,VM-76,Stage2-1-0,0,0,0,0,0,0,0,0
1782950409763,unknown,VM-77,Stage2-0-0,0,0,0,0,0,0,0,0
1782950409809,unknown,VM-78,Stage3-2-0,0,0,0,0,0,0,0,0
1782950409812,unknown,VM-79,Stage3-3-0,0,0,0,0,0,0,0,0
1782950409823,unknown,VM-73,Stage1-1-0,0,0,0,0,0,0,0,0
1782950409835,unknown,VM-75,Stage1-2-0,0,18,18,6460,694,2398,0,0
1782950410746,unknown,VM-74,Stage1-3-0,0,0,0,0,0,0,0,0
1782950410746,unknown,VM-76,Stage2-1-0,0,0,0,0,0,0,0,0
1782950410763,unknown,VM-77,Stage2-0-0,0,0,0,0,0,0,0,0
1782950410808,unknown,VM-78,Stage3-2-0,0,0,0,0,0,0,0,0
1782950410812,unknown,VM-79,Stage3-3-0,0,0,0,0,0,0,0,0
1782950410823,unknown,VM-73,Stage1-1-0,0,0,0,0,0,0,0,0
1782950410835,unknown,VM-75,Stage1-2-0,0,11,11,14776,79,1390,0,0
1782950411746,unknown,VM-76,Stage2-1-0,0,0,0,0,0,0,0,0
1782950411746,unknown,VM-74,Stage1-3-0,0,0,0,0,0,0,0,0
1782950411763,unknown,VM-77,Stage2-0-0,0,0,0,0,0,0,0,0
1782950411808,unknown,VM-78,Stage3-2-0,0,0,0,0,0,0,0,0
1782950411812,unknown,VM-79,Stage3-3-0,0,0,0,0,0,0,0,0
1782950411823,unknown,VM-73,Stage1-1-0,0,0,0,0,0,0,0,0
1782950411835,unknown,VM-75,Stage1-2-0,0,0,0,0,0,0,0,0
1782950412746,unknown,VM-74,Stage1-3-0,0,0,0,0,0,0,0,0
1782950412746,unknown,VM-76,Stage2-1-0,0,0,0,0,0,0,0,0
1782950412763,unknown,VM-77,Stage2-0-0,0,0,0,0,0,0,0,0
1782950412809,unknown,VM-78,Stage3-2-0,0,0,0,0,0,0,0,0
1782950412812,unknown,VM-79,Stage3-3-0,0,0,0,0,0,0,0,0
1782950412823,unknown,VM-73,Stage1-1-0,0,0,0,0,0,0,0,0
1782950412835,unknown,VM-75,Stage1-2-0,0,0,0,0,0,0,0,0
1782950413746,unknown,VM-74,Stage1-3-0,0,0,0,0,0,0,0,0
1782950413746,unknown,VM-76,Stage2-1-0,0,0,0,0,0,0,0,0
1782950413763,unknown,VM-77,Stage2-0-0,0,0,0,0,0,0,0,0
1782950413809,unknown,VM-78,Stage3-2-0,0,0,0,0,0,0,0,0
1782950413812,unknown,VM-79,Stage3-3-0,0,0,0,0,0,0,0,0
1782950413823,unknown,VM-73,Stage1-1-0,0,0,0,0,0,0,0,0
1782950413835,unknown,VM-75,Stage1-2-0,0,0,0,0,0,0,0,0
1782950414746,unknown,VM-74,Stage1-3-0,0,512,506,2283,931,62229,0,0
1782950414746,unknown,VM-76,Stage2-1-0,0,0,0,0,0,0,0,0
1782950414763,unknown,VM-77,Stage2-0-0,0,0,0,0,0,0,0,0
1782950414808,unknown,VM-78,Stage3-2-0,0,0,0,0,0,0,0,0
1782950414812,unknown,VM-79,Stage3-3-0,0,0,0,0,0,0,0,0
1782950414823,unknown,VM-73,Stage1-1-0,0,0,0,0,0,0,0,0
1782950414835,unknown,VM-75,Stage1-2-0,0,512,508,13506,940,63209,0,0
1782950415746,unknown,VM-74,Stage1-3-0,0,0,0,0,0,0,0,0
1782950415746,unknown,VM-76,Stage2-1-0,0,0,0,0,0,0,0,0
1782950415763,unknown,VM-77,Stage2-0-0,0,0,0,0,0,0,0,0
1782950415808,unknown,VM-78,Stage3-2-0,0,0,0,0,0,0,0,0
1782950415812,unknown,VM-79,Stage3-3-0,0,0,0,0,0,0,0,0
1782950415823,unknown,VM-73,Stage1-1-0,0,0,0,0,0,0,0,0
1782950415835,unknown,VM-75,Stage1-2-0,0,0,0,0,0,0,0,0
1782950416746,unknown,VM-74,Stage1-3-0,0,490,474,2719,923,59432,0,0
1782950416746,unknown,VM-76,Stage2-1-0,0,0,0,0,0,0,0,0
1782950416763,unknown,VM-77,Stage2-0-0,0,0,0,0,0,0,0,0
1782950416809,unknown,VM-78,Stage3-2-0,0,0,0,0,0,0,0,0
1782950416812,unknown,VM-79,Stage3-3-0,0,0,0,0,0,0,0,0
1782950416823,unknown,VM-73,Stage1-1-0,0,0,0,0,0,0,0,0
1782950416835,unknown,VM-75,Stage1-2-0,0,0,0,0,0,0,0,0
1782950417746,unknown,VM-74,Stage1-3-0,0,0,0,0,0,0,0,0
1782950417746,unknown,VM-76,Stage2-1-0,0,0,0,0,0,0,0,0
1782950417763,unknown,VM-77,Stage2-0-0,0,0,0,0,0,0,0,0
1782950417808,unknown,VM-78,Stage3-2-0,0,0,0,0,0,0,0,0
1782950417812,unknown,VM-79,Stage3-3-0,0,0,0,0,0,0,0,0
1782950417823,unknown,VM-73,Stage1-1-0,0,0,0,0,0,0,0,0
1782950417835,unknown,VM-75,Stage1-2-0,0,82,82,1984,207,10506,0,0
1782950418746,unknown,VM-76,Stage2-1-0,0,0,0,0,0,0,0,0
1782950418746,unknown,VM-74,Stage1-3-0,0,0,0,0,0,0,0,0
1782950418763,unknown,VM-77,Stage2-0-0,0,0,0,0,0,0,0,0
1782950418809,unknown,VM-78,Stage3-2-0,0,0,0,0,0,0,0,0
1782950418812,unknown,VM-79,Stage3-3-0,0,0,0,0,0,0,0,0
1782950418823,unknown,VM-73,Stage1-1-0,0,0,0,0,0,0,0,0
1782950418835,unknown,VM-75,Stage1-2-0,0,0,0,0,0,0,0,0
1782950419746,unknown,VM-74,Stage1-3-0,0,0,0,0,0,0,0,0
1782950419746,unknown,VM-76,Stage2-1-0,0,0,0,0,0,0,0,0
1782950419763,unknown,VM-77,Stage2-0-0,0,0,0,0,0,0,0,0
1782950419809,unknown,VM-78,Stage3-2-0,0,0,0,0,0,0,0,0
1782950419812,unknown,VM-79,Stage3-3-0,0,0,0,0,0,0,0,0
1782950419823,unknown,VM-73,Stage1-1-0,0,0,0,0,0,0,0,0
1782950419835,unknown,VM-75,Stage1-2-0,0,512,510,12246,988,63962,0,0
1782950420746,unknown,VM-74,Stage1-3-0,0,0,0,0,0,0,0,0
1782950420746,unknown,VM-76,Stage2-1-0,0,0,0,0,0,0,0,0
1782950420763,unknown,VM-77,Stage2-0-0,0,0,0,0,0,0,0,0
1782950420809,unknown,VM-78,Stage3-2-0,0,0,0,0,0,0,0,0
1782950420812,unknown,VM-79,Stage3-3-0,0,0,0,0,0,0,0,0
1782950420823,unknown,VM-73,Stage1-1-0,0,0,0,0,0,0,0,0
1782950420835,unknown,VM-75,Stage1-2-0,0,155,155,15343,294,18599,0,0
1782950421746,unknown,VM-74,Stage1-3-0,0,0,0,0,0,0,0,0
1782950421746,unknown,VM-76,Stage2-1-0,0,0,0,0,0,0,0,0
1782950421763,unknown,VM-77,Stage2-0-0,0,0,0,0,0,0,0,0
1782950421809,unknown,VM-78,Stage3-2-0,0,0,0,0,0,0,0,0
1782950421812,unknown,VM-79,Stage3-3-0,0,0,0,0,0,0,0,0
1782950421823,unknown,VM-73,Stage1-1-0,0,0,0,0,0,0,0,0
1782950421835,unknown,VM-75,Stage1-2-0,0,0,0,0,0,0,0,0
1782950422746,unknown,VM-74,Stage1-3-0,0,498,485,2005,1004,60964,0,0
1782950422746,unknown,VM-76,Stage2-1-0,0,0,0,0,0,0,0,0
1782950422763,unknown,VM-77,Stage2-0-0,0,0,0,0,0,0,0,0
1782950422809,unknown,VM-78,Stage3-2-0,0,0,0,0,0,0,0,0
1782950422812,unknown,VM-79,Stage3-3-0,0,0,0,0,0,0,0,0
1782950422823,unknown,VM-73,Stage1-1-0,0,0,0,0,0,0,0,0
1782950422835,unknown,VM-75,Stage1-2-0,0,0,0,0,0,0,0,0
1782950423746,unknown,VM-74,Stage1-3-0,0,144,142,14136,263,16572,0,0
1782950423746,unknown,VM-76,Stage2-1-0,0,0,0,0,0,0,0,0
1782950423763,unknown,VM-77,Stage2-0-0,0,0,0,0,0,0,0,0
1782950423809,unknown,VM-78,Stage3-2-0,0,0,0,0,0,0,0,0
1782950423812,unknown,VM-79,Stage3-3-0,0,0,0,0,0,0,0,0
1782950423823,unknown,VM-73,Stage1-1-0,0,0,0,0,0,0,0,0
1782950423835,unknown,VM-75,Stage1-2-0,0,54,54,985,142,6661,0,0
1782950424746,unknown,VM-74,Stage1-3-0,0,0,0,0,0,0,0,0
1782950424746,unknown,VM-76,Stage2-1-0,0,0,0,0,0,0,0,0
1782950424763,unknown,VM-77,Stage2-0-0,0,0,0,0,0,0,0,0
1782950424809,unknown,VM-78,Stage3-2-0,0,0,0,0,0,0,0,0
1782950424812,unknown,VM-79,Stage3-3-0,0,0,0,0,0,0,0,0
1782950424823,unknown,VM-73,Stage1-1-0,0,0,0,0,0,0,0,0
1782950424835,unknown,VM-75,Stage1-2-0,0,0,0,0,0,0,0,0
1782950425746,unknown,VM-74,Stage1-3-0,0,382,379,2789,798,47494,0,0
1782950425746,unknown,VM-76,Stage2-1-0,0,0,0,0,0,0,0,0
1782950425763,unknown,VM-77,Stage2-0-0,0,0,0,0,0,0,0,0
1782950425809,unknown,VM-78,Stage3-2-0,0,0,0,0,0,0,0,0
1782950425812,unknown,VM-79,Stage3-3-0,0,0,0,0,0,0,0,0
1782950425823,unknown,VM-73,Stage1-1-0,0,0,0,0,0,0,0,0
1782950425835,unknown,VM-75,Stage1-2-0,0,0,0,0,0,0,0,0
1782950426746,unknown,VM-76,Stage2-1-0,0,0,0,0,0,0,0,0
1782950426746,unknown,VM-74,Stage1-3-0,0,0,0,0,0,0,0,0
1782950426763,unknown,VM-77,Stage2-0-0,0,0,0,0,0,0,0,0
1782950426808,unknown,VM-78,Stage3-2-0,0,0,0,0,0,0,0,0
1782950426812,unknown,VM-79,Stage3-3-0,0,0,0,0,0,0,0,0
1782950426823,unknown,VM-73,Stage1-1-0,0,0,0,0,0,0,0,0
1782950426835,unknown,VM-75,Stage1-2-0,0,70,69,1586,136,7899,0,0
1782950427746,unknown,VM-76,Stage2-1-0,0,0,0,0,0,0,0,0
1782950427746,unknown,VM-74,Stage1-3-0,0,0,0,0,0,0,0,0
1782950427763,unknown,VM-77,Stage2-0-0,0,0,0,0,0,0,0,0
1782950427809,unknown,VM-78,Stage3-2-0,0,0,0,0,0,0,0,0
1782950427812,unknown,VM-79,Stage3-3-0,0,0,0,0,0,0,0,0
1782950427823,unknown,VM-73,Stage1-1-0,0,0,0,0,0,0,0,0
1782950427835,unknown,VM-75,Stage1-2-0,0,0,0,0,0,0,0,0
1782950428746,unknown,VM-76,Stage2-1-0,0,0,0,0,0,0,0,0
1782950428746,unknown,VM-74,Stage1-3-0,0,495,477,2802,906,58259,0,0
1782950428763,unknown,VM-77,Stage2-0-0,0,0,0,0,0,0,0,0
1782950428809,unknown,VM-78,Stage3-2-0,0,0,0,0,0,0,0,0
1782950428812,unknown,VM-79,Stage3-3-0,0,0,0,0,0,0,0,0
1782950428823,unknown,VM-73,Stage1-1-0,0,0,0,0,0,0,0,0
1782950428835,unknown,VM-75,Stage1-2-0,0,0,0,0,0,0,0,0
1782950429746,unknown,VM-74,Stage1-3-0,0,183,175,6149,368,21783,0,0
1782950429746,unknown,VM-76,Stage2-1-0,0,0,0,0,0,0,0,0
1782950429763,unknown,VM-77,Stage2-0-0,0,0,0,0,0,0,0,0
1782950429808,unknown,VM-78,Stage3-2-0,0,0,0,0,0,0,0,0
1782950429812,unknown,VM-79,Stage3-3-0,0,0,0,0,0,0,0,0
1782950429823,unknown,VM-73,Stage1-1-0,0,0,0,0,0,0,0,0
1782950429835,unknown,VM-75,Stage1-2-0,0,0,0,0,0,0,0,0
1782950430746,unknown,VM-74,Stage1-3-0,0,31,31,12241,127,4279,0,0
1782950430746,unknown,VM-76,Stage2-1-0,0,0,0,0,0,0,0,0
1782950430763,unknown,VM-77,Stage2-0-0,0,0,0,0,0,0,0,0
1782950430808,unknown,VM-78,Stage3-2-0,0,0,0,0,0,0,0,0
1782950430812,unknown,VM-79,Stage3-3-0,0,0,0,0,0,0,0,0
1782950430823,unknown,VM-73,Stage1-1-0,0,0,0,0,0,0,0,0
1782950430835,unknown,VM-75,Stage1-2-0,0,44,44,1822,89,5125,0,0
1782950431746,unknown,VM-74,Stage1-3-0,0,0,0,0,0,0,0,0
1782950431746,unknown,VM-76,Stage2-1-0,0,0,0,0,0,0,0,0
1782950431763,unknown,VM-77,Stage2-0-0,0,0,0,0,0,0,0,0
1782950431809,unknown,VM-78,Stage3-2-0,0,0,0,0,0,0,0,0
1782950431812,unknown,VM-79,Stage3-3-0,0,0,0,0,0,0,0,0
1782950431823,unknown,VM-73,Stage1-1-0,0,0,0,0,0,0,0,0
1782950431835,unknown,VM-75,Stage1-2-0,0,0,0,0,0,0,0,0
1782950432746,unknown,VM-74,Stage1-3-0,0,0,0,0,0,0,0,0
1782950432746,unknown,VM-76,Stage2-1-0,0,0,0,0,0,0,0,0
1782950432763,unknown,VM-77,Stage2-0-0,0,0,0,0,0,0,0,0
1782950432809,unknown,VM-78,Stage3-2-0,0,0,0,0,0,0,0,0
1782950432812,unknown,VM-79,Stage3-3-0,0,0,0,0,0,0,0,0
1782950432823,unknown,VM-73,Stage1-1-0,0,0,0,0,0,0,0,0
1782950432835,unknown,VM-75,Stage1-2-0,0,34,34,1327,114,4012,0,0
1782950433746,unknown,VM-74,Stage1-3-0,0,493,480,2142,916,58573,0,0
1782950433746,unknown,VM-76,Stage2-1-0,0,0,0,0,0,0,0,0
1782950433763,unknown,VM-77,Stage2-0-0,0,0,0,0,0,0,0,0
1782950433809,unknown,VM-78,Stage3-2-0,0,0,0,0,0,0,0,0
1782950433812,unknown,VM-79,Stage3-3-0,0,0,0,0,0,0,0,0
1782950433823,unknown,VM-73,Stage1-1-0,0,0,0,0,0,0,0,0
1782950433835,unknown,VM-75,Stage1-2-0,0,0,0,0,0,0,0,0
1782950434746,unknown,VM-74,Stage1-3-0,0,0,0,0,0,0,0,0
1782950434746,unknown,VM-76,Stage2-1-0,0,0,0,0,0,0,0,0
1782950434763,unknown,VM-77,Stage2-0-0,0,0,0,0,0,0,0,0
1782950434809,unknown,VM-78,Stage3-2-0,0,0,0,0,0,0,0,0
1782950434812,unknown,VM-79,Stage3-3-0,0,0,0,0,0,0,0,0
1782950434823,unknown,VM-73,Stage1-1-0,0,0,0,0,0,0,0,0
1782950434835,unknown,VM-75,Stage1-2-0,0,86,86,2403,187,10902,0,0
1782950435746,unknown,VM-74,Stage1-3-0,0,0,0,0,0,0,0,0
1782950435746,unknown,VM-76,Stage2-1-0,0,0,0,0,0,0,0,0
1782950435763,unknown,VM-77,Stage2-0-0,0,0,0,0,0,0,0,0
1782950435809,unknown,VM-78,Stage3-2-0,0,0,0,0,0,0,0,0
1782950435812,unknown,VM-79,Stage3-3-0,0,0,0,0,0,0,0,0
1782950435823,unknown,VM-73,Stage1-1-0,0,0,0,0,0,0,0,0
1782950435835,unknown,VM-75,Stage1-2-0,0,57,57,2754,168,7323,0,0
1782950436746,unknown,VM-74,Stage1-3-0,0,350,333,1774,714,43841,0,0
1782950436746,unknown,VM-76,Stage2-1-0,0,0,0,0,0,0,0,0
1782950436763,unknown,VM-77,Stage2-0-0,0,0,0,0,0,0,0,0
1782950436809,unknown,VM-78,Stage3-2-0,0,0,0,0,0,0,0,0
1782950436813,unknown,VM-79,Stage3-3-0,0,0,0,0,0,0,0,0
1782950436823,unknown,VM-73,Stage1-1-0,0,0,0,0,0,0,0,0
1782950436835,unknown,VM-75,Stage1-2-0,0,14,14,967,44,1926,0,0
1782950437746,unknown,VM-74,Stage1-3-0,0,512,504,2687,947,61635,0,0
1782950437746,unknown,VM-76,Stage2-1-0,0,0,0,0,0,0,0,0
1782950437763,unknown,VM-77,Stage2-0-0,0,0,0,0,0,0,0,0
1782950437809,unknown,VM-78,Stage3-2-0,0,0,0,0,0,0,0,0
1782950437812,unknown,VM-79,Stage3-3-0,0,0,0,0,0,0,0,0
1782950437823,unknown,VM-73,Stage1-1-0,0,0,0,0,0,0,0,0
1782950437835,unknown,VM-75,Stage1-2-0,0,31,31,1546,82,3617,0,0
1782950438746,unknown,VM-74,Stage1-3-0,0,0,0,0,0,0,0,0
1782950438746,unknown,VM-76,Stage2-1-0,0,0,0,0,0,0,0,0
1782950438763,unknown,VM-77,Stage2-0-0,0,0,0,0,0,0,0,0
1782950438809,unknown,VM-78,Stage3-2-0,0,0,0,0,0,0,0,0
1782950438812,unknown,VM-79,Stage3-3-0,0,0,0,0,0,0,0,0
1782950438823,unknown,VM-73,Stage1-1-0,0,0,0,0,0,0,0,0
1782950438835,unknown,VM-75,Stage1-2-0,0,24,24,1068,103,3007,0,0
1782950439746,unknown,VM-74,Stage1-3-0,0,236,227,4069,494,28859,0,0
1782950439746,unknown,VM-76,Stage2-1-0,0,0,0,0,0,0,0,0
1782950439763,unknown,VM-77,Stage2-0-0,0,0,0,0,0,0,0,0
1782950439809,unknown,VM-78,Stage3-2-0,0,0,0,0,0,0,0,0
1782950439812,unknown,VM-79,Stage3-3-0,0,0,0,0,0,0,0,0
1782950439823,unknown,VM-73,Stage1-1-0,0,0,0,0,0,0,0,0
1782950439835,unknown,VM-75,Stage1-2-0,0,0,0,0,0,0,0,0
1782950440746,unknown,VM-74,Stage1-3-0,0,0,0,0,0,0,0,0
1782950440746,unknown,VM-76,Stage2-1-0,0,0,0,0,0,0,0,0
1782950440763,unknown,VM-77,Stage2-0-0,0,0,0,0,0,0,0,0
1782950440808,unknown,VM-78,Stage3-2-0,0,0,0,0,0,0,0,0
1782950440812,unknown,VM-79,Stage3-3-0,0,0,0,0,0,0,0,0
1782950440823,unknown,VM-73,Stage1-1-0,0,0,0,0,0,0,0,0
1782950440835,unknown,VM-75,Stage1-2-0,0,0,0,0,0,0,0,0
1782950441746,unknown,VM-74,Stage1-3-0,0,0,0,0,0,0,0,0
1782950441746,unknown,VM-76,Stage2-1-0,0,0,0,0,0,0,0,0
1782950441763,unknown,VM-77,Stage2-0-0,0,0,0,0,0,0,0,0
1782950441809,unknown,VM-78,Stage3-2-0,0,0,0,0,0,0,0,0
1782950441812,unknown,VM-79,Stage3-3-0,0,0,0,0,0,0,0,0
1782950441823,unknown,VM-73,Stage1-1-0,0,0,0,0,0,0,0,0
1782950441835,unknown,VM-75,Stage1-2-0,0,37,37,2120,164,4659,0,0
1782950442746,unknown,VM-74,Stage1-3-0,0,250,244,1988,526,30768,0,0
1782950442746,unknown,VM-76,Stage2-1-0,0,0,0,0,0,0,0,0
1782950442763,unknown,VM-77,Stage2-0-0,0,0,0,0,0,0,0,0
1782950442809,unknown,VM-78,Stage3-2-0,0,0,0,0,0,0,0,0
1782950442812,unknown,VM-79,Stage3-3-0,0,0,0,0,0,0,0,0
1782950442823,unknown,VM-73,Stage1-1-0,0,0,0,0,0,0,0,0
1782950442835,unknown,VM-75,Stage1-2-0,0,0,0,0,0,0,0,0
1782950443746,unknown,VM-74,Stage1-3-0,0,0,0,0,0,0,0,0
1782950443746,unknown,VM-76,Stage2-1-0,0,0,0,0,0,0,0,0
1782950443763,unknown,VM-77,Stage2-0-0,0,0,0,0,0,0,0,0
1782950443809,unknown,VM-78,Stage3-2-0,0,0,0,0,0,0,0,0
1782950443812,unknown,VM-79,Stage3-3-0,0,0,0,0,0,0,0,0
1782950443823,unknown,VM-73,Stage1-1-0,0,0,0,0,0,0,0,0
1782950443835,unknown,VM-75,Stage1-2-0,0,0,0,0,0,0,0,0
1782950444746,unknown,VM-74,Stage1-3-0,0,0,0,0,0,0,0,0
1782950444746,unknown,VM-76,Stage2-1-0,0,0,0,0,0,0,0,0
1782950444763,unknown,VM-77,Stage2-0-0,0,0,0,0,0,0,0,0
1782950444809,unknown,VM-78,Stage3-2-0,0,0,0,0,0,0,0,0
1782950444812,unknown,VM-79,Stage3-3-0,0,0,0,0,0,0,0,0
1782950444823,unknown,VM-73,Stage1-1-0,0,0,0,0,0,0,0,0
1782950444835,unknown,VM-75,Stage1-2-0,0,408,407,1874,864,49710,0,0
1782950445746,unknown,VM-74,Stage1-3-0,0,0,0,0,0,0,0,0
1782950445746,unknown,VM-76,Stage2-1-0,0,0,0,0,0,0,0,0
1782950445763,unknown,VM-77,Stage2-0-0,0,0,0,0,0,0,0,0
1782950445809,unknown,VM-78,Stage3-2-0,0,0,0,0,0,0,0,0
1782950445812,unknown,VM-79,Stage3-3-0,0,0,0,0,0,0,0,0
1782950445823,unknown,VM-73,Stage1-1-0,0,0,0,0,0,0,0,0
1782950445835,unknown,VM-75,Stage1-2-0,0,4,4,635,29,437,0,0
1782950446746,unknown,VM-74,Stage1-3-0,0,512,508,2561,1165,63787,0,0
1782950446746,unknown,VM-76,Stage2-1-0,0,0,0,0,0,0,0,0
1782950446763,unknown,VM-77,Stage2-0-0,0,0,0,0,0,0,0,0
1782950446809,unknown,VM-78,Stage3-2-0,0,0,0,0,0,0,0,0
1782950446813,unknown,VM-79,Stage3-3-0,0,0,0,0,0,0,0,0
1782950446823,unknown,VM-73,Stage1-1-0,0,0,0,0,0,0,0,0
1782950446835,unknown,VM-75,Stage1-2-0,0,56,53,1870,175,7506,0,0
1782950447746,unknown,VM-74,Stage1-3-0,0,0,0,0,0,0,0,0
1782950447746,unknown,VM-76,Stage2-1-0,0,0,0,0,0,0,0,0
1782950447763,unknown,VM-77,Stage2-0-0,0,0,0,0,0,0,0,0
1782950447809,unknown,VM-78,Stage3-2-0,0,0,0,0,0,0,0,0
1782950447812,unknown,VM-79,Stage3-3-0,0,0,0,0,0,0,0,0
1782950447823,unknown,VM-73,Stage1-1-0,0,0,0,0,0,0,0,0
1782950447835,unknown,VM-75,Stage1-2-0,0,16,16,1041,110,2125,0,0
1782950448746,unknown,VM-74,Stage1-3-0,0,0,0,0,0,0,0,0
1782950448746,unknown,VM-76,Stage2-1-0,0,0,0,0,0,0,0,0
1782950448763,unknown,VM-77,Stage2-0-0,0,0,0,0,0,0,0,0
1782950448809,unknown,VM-78,Stage3-2-0,0,0,0,0,0,0,0,0
1782950448812,unknown,VM-79,Stage3-3-0,0,0,0,0,0,0,0,0
1782950448823,unknown,VM-73,Stage1-1-0,0,0,0,0,0,0,0,0
1782950448835,unknown,VM-75,Stage1-2-0,0,41,41,1066,110,5516,0,0
1782950449746,unknown,VM-74,Stage1-3-0,0,506,493,2144,1017,61658,0,0
1782950449746,unknown,VM-76,Stage2-1-0,0,0,0,0,0,0,0,0
1782950449763,unknown,VM-77,Stage2-0-0,0,0,0,0,0,0,0,0
1782950449809,unknown,VM-78,Stage3-2-0,0,0,0,0,0,0,0,0
1782950449812,unknown,VM-79,Stage3-3-0,0,0,0,0,0,0,0,0
1782950449823,unknown,VM-73,Stage1-1-0,0,0,0,0,0,0,0,0
1782950449835,unknown,VM-75,Stage1-2-0,0,0,0,0,0,0,0,0
1782950450746,unknown,VM-74,Stage1-3-0,0,0,0,0,0,0,0,0
1782950450746,unknown,VM-76,Stage2-1-0,0,0,0,0,0,0,0,0
1782950450763,unknown,VM-77,Stage2-0-0,0,0,0,0,0,0,0,0
1782950450809,unknown,VM-78,Stage3-2-0,0,0,0,0,0,0,0,0
1782950450812,unknown,VM-79,Stage3-3-0,0,0,0,0,0,0,0,0
1782950450823,unknown,VM-73,Stage1-1-0,0,0,0,0,0,0,0,0
1782950450835,unknown,VM-75,Stage1-2-0,0,48,48,1061,115,6306,0,0
1782950451746,unknown,VM-74,Stage1-3-0,0,0,0,0,0,0,0,0
1782950451746,unknown,VM-76,Stage2-1-0,0,0,0,0,0,0,0,0
1782950451763,unknown,VM-77,Stage2-0-0,0,0,0,0,0,0,0,0
1782950451809,unknown,VM-78,Stage3-2-0,0,0,0,0,0,0,0,0
1782950451812,unknown,VM-79,Stage3-3-0,0,0,0,0,0,0,0,0
1782950451823,unknown,VM-73,Stage1-1-0,0,0,0,0,0,0,0,0
1782950451835,unknown,VM-75,Stage1-2-0,0,21,21,777,54,2284,0,0
1782950452746,unknown,VM-74,Stage1-3-0,0,0,0,0,0,0,0,0
1782950452746,unknown,VM-76,Stage2-1-0,0,0,0,0,0,0,0,0
1782950452763,unknown,VM-77,Stage2-0-0,0,0,0,0,0,0,0,0
1782950452809,unknown,VM-78,Stage3-2-0,0,0,0,0,0,0,0,0
1782950452812,unknown,VM-79,Stage3-3-0,0,0,0,0,0,0,0,0
1782950452823,unknown,VM-73,Stage1-1-0,0,0,0,0,0,0,0,0
1782950452835,unknown,VM-75,Stage1-2-0,0,0,0,0,0,0,0,0
1782950453746,unknown,VM-74,Stage1-3-0,0,0,0,0,0,0,0,0
1782950453746,unknown,VM-76,Stage2-1-0,0,0,0,0,0,0,0,0
1782950453763,unknown,VM-77,Stage2-0-0,0,0,0,0,0,0,0,0
1782950453809,unknown,VM-78,Stage3-2-0,0,0,0,0,0,0,0,0
1782950453812,unknown,VM-79,Stage3-3-0,0,0,0,0,0,0,0,0
1782950453823,unknown,VM-73,Stage1-1-0,0,0,0,0,0,0,0,0
1782950453835,unknown,VM-75,Stage1-2-0,0,41,41,5861,215,4867,0,0
1782950454746,unknown,VM-74,Stage1-3-0,0,284,279,1803,697,34532,0,0
1782950454746,unknown,VM-76,Stage2-1-0,0,0,0,0,0,0,0,0
1782950454763,unknown,VM-77,Stage2-0-0,0,0,0,0,0,0,0,0
1782950454808,unknown,VM-78,Stage3-2-0,0,0,0,0,0,0,0,0
1782950454812,unknown,VM-79,Stage3-3-0,0,0,0,0,0,0,0,0
1782950454823,unknown,VM-73,Stage1-1-0,0,0,0,0,0,0,0,0
1782950454835,unknown,VM-75,Stage1-2-0,0,0,0,0,0,0,0,0
1782950455746,unknown,VM-74,Stage1-3-0,0,132,132,1735,434,17412,0,0
1782950455746,unknown,VM-76,Stage2-1-0,0,0,0,0,0,0,0,0
1782950455763,unknown,VM-77,Stage2-0-0,0,0,0,0,0,0,0,0
1782950455809,unknown,VM-78,Stage3-2-0,0,0,0,0,0,0,0,0
1782950455812,unknown,VM-79,Stage3-3-0,0,0,0,0,0,0,0,0
1782950455823,unknown,VM-73,Stage1-1-0,0,0,0,0,0,0,0,0
1782950455835,unknown,VM-75,Stage1-2-0,0,26,26,3604,97,3172,0,0
1782950456746,unknown,VM-74,Stage1-3-0,0,117,116,2635,301,14390,0,0
1782950456746,unknown,VM-76,Stage2-1-0,0,0,0,0,0,0,0,0
1782950456763,unknown,VM-77,Stage2-0-0,0,0,0,0,0,0,0,0
1782950456809,unknown,VM-78,Stage3-2-0,0,0,0,0,0,0,0,0
1782950456812,unknown,VM-79,Stage3-3-0,0,0,0,0,0,0,0,0
1782950456823,unknown,VM-73,Stage1-1-0,0,0,0,0,0,0,0,0
1782950456835,unknown,VM-75,Stage1-2-0,0,15,15,7585,82,1838,0,0
1782950457746,unknown,VM-74,Stage1-3-0,0,0,0,0,0,0,0,0
1782950457746,unknown,VM-76,Stage2-1-0,0,0,0,0,0,0,0,0
1782950457763,unknown,VM-77,Stage2-0-0,0,0,0,0,0,0,0,0
1782950457809,unknown,VM-78,Stage3-2-0,0,0,0,0,0,0,0,0
1782950457812,unknown,VM-79,Stage3-3-0,0,0,0,0,0,0,0,0
1782950457823,unknown,VM-73,Stage1-1-0,0,0,0,0,0,0,0,0
1782950457835,unknown,VM-75,Stage1-2-0,0,14,14,2709,85,2121,0,0
1782950458746,unknown,VM-74,Stage1-3-0,0,0,0,0,0,0,0,0
1782950458746,unknown,VM-76,Stage2-1-0,0,0,0,0,0,0,0,0
1782950458763,unknown,VM-77,Stage2-0-0,0,0,0,0,0,0,0,0
1782950458809,unknown,VM-78,Stage3-2-0,0,0,0,0,0,0,0,0
1782950458812,unknown,VM-79,Stage3-3-0,0,0,0,0,0,0,0,0
1782950458823,unknown,VM-73,Stage1-1-0,0,0,0,0,0,0,0,0
1782950458835,unknown,VM-75,Stage1-2-0,0,26,25,1127,92,3292,0,0
1782950459746,unknown,VM-74,Stage1-3-0,0,0,0,0,0,0,0,0
1782950459746,unknown,VM-76,Stage2-1-0,0,0,0,0,0,0,0,0
1782950459763,unknown,VM-77,Stage2-0-0,0,0,0,0,0,0,0,0
1782950459809,unknown,VM-78,Stage3-2-0,0,0,0,0,0,0,0,0
1782950459812,unknown,VM-79,Stage3-3-0,0,0,0,0,0,0,0,0
1782950459823,unknown,VM-73,Stage1-1-0,0,0,0,0,0,0,0,0
1782950459835,unknown,VM-75,Stage1-2-0,0,0,0,0,0,0,0,0
1782950460746,unknown,VM-74,Stage1-3-0,0,0,0,0,0,0,0,0
1782950460746,unknown,VM-76,Stage2-1-0,0,0,0,0,0,0,0,0
1782950460763,unknown,VM-77,Stage2-0-0,0,0,0,0,0,0,0,0
1782950460809,unknown,VM-78,Stage3-2-0,0,0,0,0,0,0,0,0
1782950460812,unknown,VM-79,Stage3-3-0,0,0,0,0,0,0,0,0
1782950460823,unknown,VM-73,Stage1-1-0,0,0,0,0,0,0,0,0
1782950460835,unknown,VM-75,Stage1-2-0,0,241,237,1416,500,29246,0,0
1782950461746,unknown,VM-74,Stage1-3-0,0,474,467,2009,934,58120,0,0
1782950461746,unknown,VM-76,Stage2-1-0,0,0,0,0,0,0,0,0
1782950461763,unknown,VM-77,Stage2-0-0,0,0,0,0,0,0,0,0
1782950461809,unknown,VM-78,Stage3-2-0,0,0,0,0,0,0,0,0
1782950461812,unknown,VM-79,Stage3-3-0,0,0,0,0,0,0,0,0
1782950461823,unknown,VM-73,Stage1-1-0,0,0,0,0,0,0,0,0
1782950461835,unknown,VM-75,Stage1-2-0,0,0,0,0,0,0,0,0
1782950462746,unknown,VM-74,Stage1-3-0,0,0,0,0,0,0,0,0
1782950462746,unknown,VM-76,Stage2-1-0,0,0,0,0,0,0,0,0
1782950462763,unknown,VM-77,Stage2-0-0,0,0,0,0,0,0,0,0
1782950462809,unknown,VM-78,Stage3-2-0,0,0,0,0,0,0,0,0
1782950462812,unknown,VM-79,Stage3-3-0,0,0,0,0,0,0,0,0
1782950462823,unknown,VM-73,Stage1-1-0,0,0,0,0,0,0,0,0
1782950462835,unknown,VM-75,Stage1-2-0,0,36,36,1407,132,4494,0,0
1782950463746,unknown,VM-74,Stage1-3-0,0,448,431,1987,4147,52822,0,0
1782950463746,unknown,VM-76,Stage2-1-0,0,0,0,0,0,0,0,0
1782950463763,unknown,VM-77,Stage2-0-0,0,0,0,0,0,0,0,0
1782950463808,unknown,VM-78,Stage3-2-0,0,0,0,0,0,0,0,0
1782950463812,unknown,VM-79,Stage3-3-0,0,0,0,0,0,0,0,0
1782950463823,unknown,VM-73,Stage1-1-0,0,0,0,0,0,0,0,0
1782950463835,unknown,VM-75,Stage1-2-0,0,0,0,0,0,0,0,0
1782950464746,unknown,VM-76,Stage2-1-0,0,0,0,0,0,0,0,0
1782950464746,unknown,VM-74,Stage1-3-0,0,40,40,2633,870,4956,0,0
1782950464763,unknown,VM-77,Stage2-0-0,0,0,0,0,0,0,0,0
1782950464808,unknown,VM-78,Stage3-2-0,0,0,0,0,0,0,0,0
1782950464812,unknown,VM-79,Stage3-3-0,0,0,0,0,0,0,0,0
1782950464823,unknown,VM-73,Stage1-1-0,0,0,0,0,0,0,0,0
1782950464835,unknown,VM-75,Stage1-2-0,0,257,256,2339,502,31118,0,0
1782950465746,unknown,VM-74,Stage1-3-0,0,187,184,1418,22065,22239,0,0
1782950465746,unknown,VM-76,Stage2-1-0,0,0,0,0,0,0,0,0
1782950465763,unknown,VM-77,Stage2-0-0,0,0,0,0,0,0,0,0
1782950465809,unknown,VM-78,Stage3-2-0,0,0,0,0,0,0,0,0
1782950465812,unknown,VM-79,Stage3-3-0,0,0,0,0,0,0,0,0
1782950465823,unknown,VM-73,Stage1-1-0,0,0,0,0,0,0,0,0
1782950465835,unknown,VM-75,Stage1-2-0,0,11,11,2195,61,1573,0,0
1782950466746,unknown,VM-74,Stage1-3-0,0,0,0,0,0,0,0,0
1782950466746,unknown,VM-76,Stage2-1-0,0,0,0,0,0,0,0,0
1782950466763,unknown,VM-77,Stage2-0-0,0,0,0,0,0,0,0,0
1782950466809,unknown,VM-78,Stage3-2-0,0,0,0,0,0,0,0,0
1782950466813,unknown,VM-79,Stage3-3-0,0,0,0,0,0,0,0,0
1782950466823,unknown,VM-73,Stage1-1-0,0,0,0,0,0,0,0,0
1782950466835,unknown,VM-75,Stage1-2-0,0,0,0,0,0,0,0,0
1782950467746,unknown,VM-74,Stage1-3-0,0,0,0,0,0,0,0,0
1782950467746,unknown,VM-76,Stage2-1-0,0,0,0,0,0,0,0,0
1782950467763,unknown,VM-77,Stage2-0-0,0,0,0,0,0,0,0,0
1782950467809,unknown,VM-78,Stage3-2-0,0,0,0,0,0,0,0,0
1782950467812,unknown,VM-79,Stage3-3-0,0,0,0,0,0,0,0,0
1782950467823,unknown,VM-73,Stage1-1-0,0,0,0,0,0,0,0,0
1782950467835,unknown,VM-75,Stage1-2-0,0,23,23,4666,126,3517,0,0
1782950468746,unknown,VM-74,Stage1-3-0,0,0,0,0,0,0,0,0
1782950468746,unknown,VM-76,Stage2-1-0,0,0,0,0,0,0,0,0
1782950468763,unknown,VM-77,Stage2-0-0,0,0,0,0,0,0,0,0
1782950468809,unknown,VM-78,Stage3-2-0,0,0,0,0,0,0,0,0
1782950468812,unknown,VM-79,Stage3-3-0,0,0,0,0,0,0,0,0
1782950468823,unknown,VM-73,Stage1-1-0,0,0,0,0,0,0,0,0
1782950468835,unknown,VM-75,Stage1-2-0,0,0,0,0,0,0,0,0
1782950469746,unknown,VM-74,Stage1-3-0,0,0,0,0,0,0,0,0
1782950469746,unknown,VM-76,Stage2-1-0,0,0,0,0,0,0,0,0
1782950469763,unknown,VM-77,Stage2-0-0,0,0,0,0,0,0,0,0
1782950469808,unknown,VM-78,Stage3-2-0,0,0,0,0,0,0,0,0
1782950469812,unknown,VM-79,Stage3-3-0,0,0,0,0,0,0,0,0
1782950469823,unknown,VM-73,Stage1-1-0,0,0,0,0,0,0,0,0
1782950469835,unknown,VM-75,Stage1-2-0,0,10,10,593,29,1095,0,0
1782950470746,unknown,VM-74,Stage1-3-0,0,0,0,0,0,0,0,0
1782950470746,unknown,VM-76,Stage2-1-0,0,0,0,0,0,0,0,0
1782950470763,unknown,VM-77,Stage2-0-0,0,0,0,0,0,0,0,0
1782950470808,unknown,VM-78,Stage3-2-0,0,0,0,0,0,0,0,0
1782950470812,unknown,VM-79,Stage3-3-0,0,0,0,0,0,0,0,0
1782950470823,unknown,VM-73,Stage1-1-0,0,0,0,0,0,0,0,0
1782950470835,unknown,VM-75,Stage1-2-0,0,0,0,0,0,0,0,0
1782950471746,unknown,VM-76,Stage2-1-0,0,0,0,0,0,0,0,0
1782950471746,unknown,VM-74,Stage1-3-0,0,512,511,2329,18742,63102,0,0
1782950471763,unknown,VM-77,Stage2-0-0,0,0,0,0,0,0,0,0
1782950471809,unknown,VM-78,Stage3-2-0,0,0,0,0,0,0,0,0
1782950471813,unknown,VM-79,Stage3-3-0,0,0,0,0,0,0,0,0
1782950471823,unknown,VM-73,Stage1-1-0,0,0,0,0,0,0,0,0
1782950471835,unknown,VM-75,Stage1-2-0,0,480,477,4019,959,58519,0,0
1782950472746,unknown,VM-74,Stage1-3-0,0,512,510,1976,20286,62549,0,0
1782950472746,unknown,VM-76,Stage2-1-0,0,0,0,0,0,0,0,0
1782950472763,unknown,VM-77,Stage2-0-0,0,0,0,0,0,0,0,0
1782950472808,unknown,VM-78,Stage3-2-0,0,0,0,0,0,0,0,0
1782950472812,unknown,VM-79,Stage3-3-0,0,0,0,0,0,0,0,0
1782950472823,unknown,VM-73,Stage1-1-0,0,0,0,0,0,0,0,0
1782950472835,unknown,VM-75,Stage1-2-0,0,0,0,0,0,0,0,0
1782950473746,unknown,VM-74,Stage1-3-0,0,422,419,1764,10119,52850,0,0
1782950473746,unknown,VM-76,Stage2-1-0,0,0,0,0,0,0,0,0
1782950473763,unknown,VM-77,Stage2-0-0,0,0,0,0,0,0,0,0
1782950473809,unknown,VM-78,Stage3-2-0,0,0,0,0,0,0,0,0
1782950473812,unknown,VM-79,Stage3-3-0,0,0,0,0,0,0,0,0
1782950473823,unknown,VM-73,Stage1-1-0,0,0,0,0,0,0,0,0
1782950473835,unknown,VM-75,Stage1-2-0,0,34,34,914,109,3865,0,0
1782950474746,unknown,VM-74,Stage1-3-0,0,0,0,0,0,0,0,0
1782950474746,unknown,VM-76,Stage2-1-0,0,0,0,0,0,0,0,0
1782950474763,unknown,VM-77,Stage2-0-0,0,0,0,0,0,0,0,0
1782950474809,unknown,VM-78,Stage3-2-0,0,0,0,0,0,0,0,0
1782950474812,unknown,VM-79,Stage3-3-0,0,0,0,0,0,0,0,0
1782950474823,unknown,VM-73,Stage1-1-0,0,0,0,0,0,0,0,0
1782950474835,unknown,VM-75,Stage1-2-0,0,0,0,0,0,0,0,0
1782950475746,unknown,VM-74,Stage1-3-0,0,114,112,2490,262,15015,0,0
1782950475746,unknown,VM-76,Stage2-1-0,0,0,0,0,0,0,0,0
1782950475763,unknown,VM-77,Stage2-0-0,0,0,0,0,0,0,0,0
1782950475809,unknown,VM-78,Stage3-2-0,0,0,0,0,0,0,0,0
1782950475812,unknown,VM-79,Stage3-3-0,0,0,0,0,0,0,0,0
1782950475823,unknown,VM-73,Stage1-1-0,0,0,0,0,0,0,0,0
1782950475835,unknown,VM-75,Stage1-2-0,0,110,103,1084,286,13384,0,0
1782950476746,unknown,VM-74,Stage1-3-0,0,162,161,3593,1014,18972,0,0
1782950476746,unknown,VM-76,Stage2-1-0,0,0,0,0,0,0,0,0
1782950476763,unknown,VM-77,Stage2-0-0,0,0,0,0,0,0,0,0
1782950476809,unknown,VM-78,Stage3-2-0,0,0,0,0,0,0,0,0
1782950476812,unknown,VM-79,Stage3-3-0,0,0,0,0,0,0,0,0
1782950476823,unknown,VM-73,Stage1-1-0,0,0,0,0,0,0,0,0
1782950476835,unknown,VM-75,Stage1-2-0,0,0,0,0,0,0,0,0
1782950477746,unknown,VM-74,Stage1-3-0,0,0,0,0,0,0,0,0
1782950477746,unknown,VM-76,Stage2-1-0,0,0,0,0,0,0,0,0
1782950477763,unknown,VM-77,Stage2-0-0,0,0,0,0,0,0,0,0
1782950477809,unknown,VM-78,Stage3-2-0,0,0,0,0,0,0,0,0
1782950477812,unknown,VM-79,Stage3-3-0,0,0,0,0,0,0,0,0
1782950477823,unknown,VM-73,Stage1-1-0,0,0,0,0,0,0,0,0
1782950477835,unknown,VM-75,Stage1-2-0,0,63,60,1052,167,8129,0,0
1782950478746,unknown,VM-74,Stage1-3-0,0,0,0,0,0,0,0,0
1782950478746,unknown,VM-76,Stage2-1-0,0,0,0,0,0,0,0,0
1782950478763,unknown,VM-77,Stage2-0-0,0,0,0,0,0,0,0,0
1782950478809,unknown,VM-78,Stage3-2-0,0,0,0,0,0,0,0,0
1782950478812,unknown,VM-79,Stage3-3-0,0,0,0,0,0,0,0,0
1782950478823,unknown,VM-73,Stage1-1-0,0,0,0,0,0,0,0,0
1782950478835,unknown,VM-75,Stage1-2-0,0,13,12,967,76,1723,0,0
1782950479746,unknown,VM-74,Stage1-3-0,0,343,339,7550,1372,42278,0,0
1782950479746,unknown,VM-76,Stage2-1-0,0,0,0,0,0,0,0,0
1782950479763,unknown,VM-77,Stage2-0-0,0,0,0,0,0,0,0,0
1782950479809,unknown,VM-78,Stage3-2-0,0,0,0,0,0,0,0,0
1782950479812,unknown,VM-79,Stage3-3-0,0,0,0,0,0,0,0,0
1782950479823,unknown,VM-73,Stage1-1-0,0,0,0,0,0,0,0,0
1782950479835,unknown,VM-75,Stage1-2-0,0,19,19,65,45,2066,0,0
1782950480746,unknown,VM-74,Stage1-3-0,0,335,328,4363,760,39912,0,0
1782950480746,unknown,VM-76,Stage2-1-0,0,0,0,0,0,0,0,0
1782950480763,unknown,VM-77,Stage2-0-0,0,0,0,0,0,0,0,0
1782950480808,unknown,VM-78,Stage3-2-0,0,0,0,0,0,0,0,0
1782950480812,unknown,VM-79,Stage3-3-0,0,0,0,0,0,0,0,0
1782950480823,unknown,VM-73,Stage1-1-0,0,0,0,0,0,0,0,0
1782950480835,unknown,VM-75,Stage1-2-0,0,22,20,1325,91,2976,0,0
1782950481746,unknown,VM-74,Stage1-3-0,0,430,422,2625,921,51897,0,0
1782950481746,unknown,VM-76,Stage2-1-0,0,0,0,0,0,0,0,0
1782950481763,unknown,VM-77,Stage2-0-0,0,0,0,0,0,0,0,0
1782950481808,unknown,VM-78,Stage3-2-0,0,0,0,0,0,0,0,0
1782950481813,unknown,VM-79,Stage3-3-0,0,0,0,0,0,0,0,0
1782950481823,unknown,VM-73,Stage1-1-0,0,0,0,0,0,0,0,0
1782950481835,unknown,VM-75,Stage1-2-0,0,0,0,0,0,0,0,0
1782950482746,unknown,VM-74,Stage1-3-0,0,0,0,0,0,0,0,0
1782950482746,unknown,VM-76,Stage2-1-0,0,0,0,0,0,0,0,0
1782950482763,unknown,VM-77,Stage2-0-0,0,0,0,0,0,0,0,0
1782950482809,unknown,VM-78,Stage3-2-0,0,0,0,0,0,0,0,0
1782950482812,unknown,VM-79,Stage3-3-0,0,0,0,0,0,0,0,0
1782950482823,unknown,VM-73,Stage1-1-0,0,0,0,0,0,0,0,0
1782950482835,unknown,VM-75,Stage1-2-0,0,0,0,0,0,0,0,0
1782950483746,unknown,VM-74,Stage1-3-0,0,34,34,1116,132,4100,0,0
1782950483746,unknown,VM-76,Stage2-1-0,0,0,0,0,0,0,0,0
1782950483763,unknown,VM-77,Stage2-0-0,0,0,0,0,0,0,0,0
1782950483808,unknown,VM-78,Stage3-2-0,0,0,0,0,0,0,0,0
1782950483812,unknown,VM-79,Stage3-3-0,0,0,0,0,0,0,0,0
1782950483823,unknown,VM-73,Stage1-1-0,0,0,0,0,0,0,0,0
1782950483835,unknown,VM-75,Stage1-2-0,0,0,0,0,0,0,0,0
1782950484746,unknown,VM-74,Stage1-3-0,0,473,454,2844,1181,56603,0,0
1782950484746,unknown,VM-76,Stage2-1-0,0,0,0,0,0,0,0,0
1782950484763,unknown,VM-77,Stage2-0-0,0,0,0,0,0,0,0,0
1782950484808,unknown,VM-78,Stage3-2-0,0,0,0,0,0,0,0,0
1782950484812,unknown,VM-79,Stage3-3-0,0,0,0,0,0,0,0,0
1782950484823,unknown,VM-73,Stage1-1-0,0,0,0,0,0,0,0,0
1782950484835,unknown,VM-75,Stage1-2-0,0,66,66,1945,149,8235,0,0
1782950485746,unknown,VM-74,Stage1-3-0,0,0,0,0,0,0,0,0
1782950485746,unknown,VM-76,Stage2-1-0,0,0,0,0,0,0,0,0
1782950485763,unknown,VM-77,Stage2-0-0,0,0,0,0,0,0,0,0
1782950485808,unknown,VM-78,Stage3-2-0,0,0,0,0,0,0,0,0
1782950485812,unknown,VM-79,Stage3-3-0,0,0,0,0,0,0,0,0
1782950485823,unknown,VM-73,Stage1-1-0,0,0,0,0,0,0,0,0
1782950485835,unknown,VM-75,Stage1-2-0,0,0,0,0,0,0,0,0
1782950486746,unknown,VM-74,Stage1-3-0,0,0,0,0,0,0,0,0
1782950486746,unknown,VM-76,Stage2-1-0,0,0,0,0,0,0,0,0
1782950486763,unknown,VM-77,Stage2-0-0,0,0,0,0,0,0,0,0
1782950486809,unknown,VM-78,Stage3-2-0,0,0,0,0,0,0,0,0
1782950486814,unknown,VM-79,Stage3-3-0,0,0,0,0,0,0,0,0
1782950486823,unknown,VM-73,Stage1-1-0,0,0,0,0,0,0,0,0
1782950486835,unknown,VM-75,Stage1-2-0,0,0,0,0,0,0,0,0
1782950487746,unknown,VM-74,Stage1-3-0,0,0,0,0,0,0,0,0
1782950487746,unknown,VM-76,Stage2-1-0,0,0,0,0,0,0,0,0
1782950487763,unknown,VM-77,Stage2-0-0,0,0,0,0,0,0,0,0
1782950487808,unknown,VM-78,Stage3-2-0,0,0,0,0,0,0,0,0
1782950487812,unknown,VM-79,Stage3-3-0,0,0,0,0,0,0,0,0
1782950487823,unknown,VM-73,Stage1-1-0,0,0,0,0,0,0,0,0
1782950487835,unknown,VM-75,Stage1-2-0,0,0,0,0,0,0,0,0
1782950488746,unknown,VM-74,Stage1-3-0,0,0,0,0,0,0,0,0
1782950488746,unknown,VM-76,Stage2-1-0,0,0,0,0,0,0,0,0
1782950488763,unknown,VM-77,Stage2-0-0,0,0,0,0,0,0,0,0
1782950488809,unknown,VM-78,Stage3-2-0,0,0,0,0,0,0,0,0
1782950488812,unknown,VM-79,Stage3-3-0,0,0,0,0,0,0,0,0
1782950488823,unknown,VM-73,Stage1-1-0,0,0,0,0,0,0,0,0
1782950488835,unknown,VM-75,Stage1-2-0,0,94,91,5307,539,10752,0,0
1782950489746,unknown,VM-74,Stage1-3-0,0,695,685,3435,2788,82556,0,0
1782950489746,unknown,VM-76,Stage2-1-0,0,0,0,0,0,0,0,0
1782950489763,unknown,VM-77,Stage2-0-0,0,0,0,0,0,0,0,0
1782950489809,unknown,VM-78,Stage3-2-0,0,0,0,0,0,0,0,0
1782950489812,unknown,VM-79,Stage3-3-0,0,0,0,0,0,0,0,0
1782950489823,unknown,VM-73,Stage1-1-0,0,0,0,0,0,0,0,0
1782950489835,unknown,VM-75,Stage1-2-0,0,0,0,0,0,0,0,0
1782950490746,unknown,VM-74,Stage1-3-0,0,323,321,2174,701,39648,0,0
1782950490746,unknown,VM-76,Stage2-1-0,0,0,0,0,0,0,0,0
1782950490763,unknown,VM-77,Stage2-0-0,0,0,0,0,0,0,0,0
1782950490809,unknown,VM-78,Stage3-2-0,0,0,0,0,0,0,0,0
1782950490812,unknown,VM-79,Stage3-3-0,0,0,0,0,0,0,0,0
1782950490823,unknown,VM-73,Stage1-1-0,0,0,0,0,0,0,0,0
1782950490835,unknown,VM-75,Stage1-2-0,0,124,119,1079,265,14904,0,0
1782950491746,unknown,VM-74,Stage1-3-0,0,0,0,0,0,0,0,0
1782950491746,unknown,VM-76,Stage2-1-0,0,0,0,0,0,0,0,0
1782950491763,unknown,VM-77,Stage2-0-0,0,0,0,0,0,0,0,0
1782950491809,unknown,VM-78,Stage3-2-0,0,0,0,0,0,0,0,0
1782950491812,unknown,VM-79,Stage3-3-0,0,0,0,0,0,0,0,0
1782950491823,unknown,VM-73,Stage1-1-0,0,0,0,0,0,0,0,0
1782950491835,unknown,VM-75,Stage1-2-0,0,23,22,1105,79,3370,0,0
1782950492746,unknown,VM-74,Stage1-3-0,0,255,253,4637,543,30937,0,0
1782950492746,unknown,VM-76,Stage2-1-0,0,0,0,0,0,0,0,0
1782950492763,unknown,VM-77,Stage2-0-0,0,0,0,0,0,0,0,0
1782950492809,unknown,VM-78,Stage3-2-0,0,0,0,0,0,0,0,0
1782950492812,unknown,VM-79,Stage3-3-0,0,0,0,0,0,0,0,0
1782950492823,unknown,VM-73,Stage1-1-0,0,0,0,0,0,0,0,0
1782950492835,unknown,VM-75,Stage1-2-0,0,0,0,0,0,0,0,0
1782950493746,unknown,VM-74,Stage1-3-0,0,0,0,0,0,0,0,0
1782950493746,unknown,VM-76,Stage2-1-0,0,0,0,0,0,0,0,0
1782950493763,unknown,VM-77,Stage2-0-0,0,0,0,0,0,0,0,0
1782950493809,unknown,VM-78,Stage3-2-0,0,0,0,0,0,0,0,0
1782950493812,unknown,VM-79,Stage3-3-0,0,0,0,0,0,0,0,0
1782950493823,unknown,VM-73,Stage1-1-0,0,0,0,0,0,0,0,0
1782950493835,unknown,VM-75,Stage1-2-0,0,0,0,0,0,0,0,0
1782950494746,unknown,VM-74,Stage1-3-0,0,1082,1068,7869,2239,131983,0,0
1782950494746,unknown,VM-76,Stage2-1-0,0,0,0,0,0,0,0,0
1782950494763,unknown,VM-77,Stage2-0-0,0,0,0,0,0,0,0,0
1782950494808,unknown,VM-78,Stage3-2-0,0,0,0,0,0,0,0,0
1782950494812,unknown,VM-79,Stage3-3-0,0,0,0,0,0,0,0,0
1782950494823,unknown,VM-73,Stage1-1-0,0,0,0,0,0,0,0,0
1782950494835,unknown,VM-75,Stage1-2-0,0,503,484,1889,1017,60461,0,0
1782950495746,unknown,VM-74,Stage1-3-0,0,0,0,0,0,0,0,0
1782950495746,unknown,VM-76,Stage2-1-0,0,0,0,0,0,0,0,0
1782950495763,unknown,VM-77,Stage2-0-0,0,0,0,0,0,0,0,0
1782950495809,unknown,VM-78,Stage3-2-0,0,0,0,0,0,0,0,0
1782950495812,unknown,VM-79,Stage3-3-0,0,0,0,0,0,0,0,0
1782950495823,unknown,VM-73,Stage1-1-0,0,0,0,0,0,0,0,0
1782950495835,unknown,VM-75,Stage1-2-0,0,0,0,0,0,0,0,0
1782950496746,unknown,VM-74,Stage1-3-0,0,0,0,0,0,0,0,0
1782950496746,unknown,VM-76,Stage2-1-0,0,0,0,0,0,0,0,0
1782950496763,unknown,VM-77,Stage2-0-0,0,0,0,0,0,0,0,0
1782950496809,unknown,VM-78,Stage3-2-0,0,0,0,0,0,0,0,0
1782950496813,unknown,VM-79,Stage3-3-0,0,0,0,0,0,0,0,0
1782950496823,unknown,VM-73,Stage1-1-0,0,0,0,0,0,0,0,0
1782950496835,unknown,VM-75,Stage1-2-0,0,0,0,0,0,0,0,0
1782950497746,unknown,VM-74,Stage1-3-0,0,0,0,0,0,0,0,0
1782950497746,unknown,VM-76,Stage2-1-0,0,0,0,0,0,0,0,0
1782950497763,unknown,VM-77,Stage2-0-0,0,0,0,0,0,0,0,0
1782950497809,unknown,VM-78,Stage3-2-0,0,0,0,0,0,0,0,0
1782950497812,unknown,VM-79,Stage3-3-0,0,0,0,0,0,0,0,0
1782950497823,unknown,VM-73,Stage1-1-0,0,0,0,0,0,0,0,0
1782950497835,unknown,VM-75,Stage1-2-0,0,111,109,1174,675,14036,0,0
1782950498746,unknown,VM-74,Stage1-3-0,0,0,0,0,0,0,0,0
1782950498746,unknown,VM-76,Stage2-1-0,0,0,0,0,0,0,0,0
1782950498763,unknown,VM-77,Stage2-0-0,0,0,0,0,0,0,0,0
1782950498809,unknown,VM-78,Stage3-2-0,0,0,0,0,0,0,0,0
1782950498812,unknown,VM-79,Stage3-3-0,0,0,0,0,0,0,0,0
1782950498823,unknown,VM-73,Stage1-1-0,0,0,0,0,0,0,0,0
1782950498835,unknown,VM-75,Stage1-2-0,0,0,0,0,0,0,0,0
1782950499746,unknown,VM-74,Stage1-3-0,0,0,0,0,0,0,0,0
1782950499746,unknown,VM-76,Stage2-1-0,0,0,0,0,0,0,0,0
1782950499763,unknown,VM-77,Stage2-0-0,0,0,0,0,0,0,0,0
1782950499809,unknown,VM-78,Stage3-2-0,0,0,0,0,0,0,0,0
1782950499812,unknown,VM-79,Stage3-3-0,0,0,0,0,0,0,0,0
1782950499823,unknown,VM-73,Stage1-1-0,0,0,0,0,0,0,0,0
1782950499835,unknown,VM-75,Stage1-2-0,0,0,0,0,0,0,0,0
1782950500746,unknown,VM-74,Stage1-3-0,0,464,462,2006,968,58279,0,0
1782950500746,unknown,VM-76,Stage2-1-0,0,0,0,0,0,0,0,0
1782950500763,unknown,VM-77,Stage2-0-0,0,0,0,0,0,0,0,0
1782950500809,unknown,VM-78,Stage3-2-0,0,0,0,0,0,0,0,0
1782950500812,unknown,VM-79,Stage3-3-0,0,0,0,0,0,0,0,0
1782950500823,unknown,VM-73,Stage1-1-0,0,0,0,0,0,0,0,0
1782950500835,unknown,VM-75,Stage1-2-0,0,0,0,0,0,0,0,0
1782950501746,unknown,VM-74,Stage1-3-0,0,0,0,0,0,0,0,0
1782950501746,unknown,VM-76,Stage2-1-0,0,0,0,0,0,0,0,0
1782950501763,unknown,VM-77,Stage2-0-0,0,0,0,0,0,0,0,0
1782950501809,unknown,VM-78,Stage3-2-0,0,0,0,0,0,0,0,0
1782950501814,unknown,VM-79,Stage3-3-0,0,0,0,0,0,0,0,0
1782950501823,unknown,VM-73,Stage1-1-0,0,0,0,0,0,0,0,0
1782950501835,unknown,VM-75,Stage1-2-0,0,120,112,1552,280,14825,0,0
1782950502746,unknown,VM-74,Stage1-3-0,0,0,0,0,0,0,0,0
1782950502746,unknown,VM-76,Stage2-1-0,0,0,0,0,0,0,0,0
1782950502763,unknown,VM-77,Stage2-0-0,0,0,0,0,0,0,0,0
1782950502809,unknown,VM-78,Stage3-2-0,0,0,0,0,0,0,0,0
1782950502812,unknown,VM-79,Stage3-3-0,0,0,0,0,0,0,0,0
1782950502823,unknown,VM-73,Stage1-1-0,0,0,0,0,0,0,0,0
1782950502835,unknown,VM-75,Stage1-2-0,0,6,6,942,41,858,0,0
1782950503746,unknown,VM-74,Stage1-3-0,0,0,0,0,0,0,0,0
1782950503746,unknown,VM-76,Stage2-1-0,0,0,0,0,0,0,0,0
1782950503763,unknown,VM-77,Stage2-0-0,0,0,0,0,0,0,0,0
1782950503808,unknown,VM-78,Stage3-2-0,0,0,0,0,0,0,0,0
1782950503812,unknown,VM-79,Stage3-3-0,0,0,0,0,0,0,0,0
1782950503823,unknown,VM-73,Stage1-1-0,0,0,0,0,0,0,0,0
1782950503835,unknown,VM-75,Stage1-2-0,0,59,58,1165,183,6643,0,0
1782950504746,unknown,VM-74,Stage1-3-0,0,67,66,1097,199,7853,0,0
1782950504746,unknown,VM-76,Stage2-1-0,0,0,0,0,0,0,0,0
1782950504763,unknown,VM-77,Stage2-0-0,0,0,0,0,0,0,0,0
1782950504809,unknown,VM-78,Stage3-2-0,0,0,0,0,0,0,0,0
1782950504812,unknown,VM-79,Stage3-3-0,0,0,0,0,0,0,0,0
1782950504823,unknown,VM-73,Stage1-1-0,0,0,0,0,0,0,0,0
1782950504835,unknown,VM-75,Stage1-2-0,0,127,118,1764,1385,14989,0,0
1782950505746,unknown,VM-74,Stage1-3-0,0,0,0,0,0,0,0,0
1782950505746,unknown,VM-76,Stage2-1-0,0,0,0,0,0,0,0,0
1782950505763,unknown,VM-77,Stage2-0-0,0,0,0,0,0,0,0,0
1782950505809,unknown,VM-78,Stage3-2-0,0,0,0,0,0,0,0,0
1782950505812,unknown,VM-79,Stage3-3-0,0,0,0,0,0,0,0,0
1782950505823,unknown,VM-73,Stage1-1-0,0,0,0,0,0,0,0,0
1782950505835,unknown,VM-75,Stage1-2-0,0,0,0,0,0,0,0,0
1782950506746,unknown,VM-74,Stage1-3-0,0,0,0,0,0,0,0,0
1782950506746,unknown,VM-76,Stage2-1-0,0,0,0,0,0,0,0,0
1782950506763,unknown,VM-77,Stage2-0-0,0,0,0,0,0,0,0,0
1782950506808,unknown,VM-78,Stage3-2-0,0,0,0,0,0,0,0,0
1782950506812,unknown,VM-79,Stage3-3-0,0,0,0,0,0,0,0,0
1782950506823,unknown,VM-73,Stage1-1-0,0,0,0,0,0,0,0,0
1782950506835,unknown,VM-75,Stage1-2-0,0,27,27,895,60,3154,0,0
1782950507746,unknown,VM-74,Stage1-3-0,0,0,0,0,0,0,0,0
1782950507746,unknown,VM-76,Stage2-1-0,0,0,0,0,0,0,0,0
1782950507763,unknown,VM-77,Stage2-0-0,0,0,0,0,0,0,0,0
1782950507808,unknown,VM-78,Stage3-2-0,0,0,0,0,0,0,0,0
1782950507812,unknown,VM-79,Stage3-3-0,0,0,0,0,0,0,0,0
1782950507823,unknown,VM-73,Stage1-1-0,0,0,0,0,0,0,0,0
1782950507835,unknown,VM-75,Stage1-2-0,0,14,14,802,48,1729,0,0
1782950508746,unknown,VM-74,Stage1-3-0,0,72,67,1010,198,8922,0,0
1782950508746,unknown,VM-76,Stage2-1-0,0,0,0,0,0,0,0,0
1782950508763,unknown,VM-77,Stage2-0-0,0,0,0,0,0,0,0,0
1782950508808,unknown,VM-78,Stage3-2-0,0,0,0,0,0,0,0,0
1782950508812,unknown,VM-79,Stage3-3-0,0,0,0,0,0,0,0,0
1782950508823,unknown,VM-73,Stage1-1-0,0,0,0,0,0,0,0,0
1782950508835,unknown,VM-75,Stage1-2-0,0,14,14,1089,72,1723,0,0
1782950509746,unknown,VM-74,Stage1-3-0,0,0,0,0,0,0,0,0
1782950509746,unknown,VM-76,Stage2-1-0,0,0,0,0,0,0,0,0
1782950509763,unknown,VM-77,Stage2-0-0,0,0,0,0,0,0,0,0
1782950509809,unknown,VM-78,Stage3-2-0,0,0,0,0,0,0,0,0
1782950509812,unknown,VM-79,Stage3-3-0,0,0,0,0,0,0,0,0
1782950509823,unknown,VM-73,Stage1-1-0,0,0,0,0,0,0,0,0
1782950509835,unknown,VM-75,Stage1-2-0,0,65,63,1026,219,7804,0,0
1782950510746,unknown,VM-74,Stage1-3-0,0,255,253,1516,594,30293,0,0
1782950510746,unknown,VM-76,Stage2-1-0,0,0,0,0,0,0,0,0
1782950510763,unknown,VM-77,Stage2-0-0,0,0,0,0,0,0,0,0
1782950510809,unknown,VM-78,Stage3-2-0,0,0,0,0,0,0,0,0
1782950510812,unknown,VM-79,Stage3-3-0,0,0,0,0,0,0,0,0
1782950510823,unknown,VM-73,Stage1-1-0,0,0,0,0,0,0,0,0
1782950510835,unknown,VM-75,Stage1-2-0,0,0,0,0,0,0,0,0
1782950511746,unknown,VM-74,Stage1-3-0,0,0,0,0,0,0,0,0
1782950511746,unknown,VM-76,Stage2-1-0,0,0,0,0,0,0,0,0
1782950511763,unknown,VM-77,Stage2-0-0,0,0,0,0,0,0,0,0
1782950511809,unknown,VM-78,Stage3-2-0,0,0,0,0,0,0,0,0
1782950511812,unknown,VM-79,Stage3-3-0,0,0,0,0,0,0,0,0
1782950511823,unknown,VM-73,Stage1-1-0,0,0,0,0,0,0,0,0
1782950511835,unknown,VM-75,Stage1-2-0,0,58,56,997,177,7016,0,0
1782950512746,unknown,VM-74,Stage1-3-0,0,222,222,1353,1731,27048,0,0
1782950512746,unknown,VM-76,Stage2-1-0,0,0,0,0,0,0,0,0
1782950512763,unknown,VM-77,Stage2-0-0,0,0,0,0,0,0,0,0
1782950512809,unknown,VM-78,Stage3-2-0,0,0,0,0,0,0,0,0
1782950512812,unknown,VM-79,Stage3-3-0,0,0,0,0,0,0,0,0
1782950512823,unknown,VM-73,Stage1-1-0,0,0,0,0,0,0,0,0
1782950512835,unknown,VM-75,Stage1-2-0,0,0,0,0,0,0,0,0
1782950513746,unknown,VM-74,Stage1-3-0,0,0,0,0,0,0,0,0
1782950513746,unknown,VM-76,Stage2-1-0,0,0,0,0,0,0,0,0
1782950513763,unknown,VM-77,Stage2-0-0,0,0,0,0,0,0,0,0
1782950513808,unknown,VM-78,Stage3-2-0,0,0,0,0,0,0,0,0
1782950513812,unknown,VM-79,Stage3-3-0,0,0,0,0,0,0,0,0
1782950513823,unknown,VM-73,Stage1-1-0,0,0,0,0,0,0,0,0
1782950513835,unknown,VM-75,Stage1-2-0,0,59,57,1083,170,7062,0,0
1782950514746,unknown,VM-76,Stage2-1-0,0,0,0,0,0,0,0,0
1782950514746,unknown,VM-74,Stage1-3-0,0,0,0,0,0,0,0,0
1782950514763,unknown,VM-77,Stage2-0-0,0,0,0,0,0,0,0,0
1782950514809,unknown,VM-78,Stage3-2-0,0,0,0,0,0,0,0,0
1782950514812,unknown,VM-79,Stage3-3-0,0,0,0,0,0,0,0,0
1782950514823,unknown,VM-73,Stage1-1-0,0,0,0,0,0,0,0,0
1782950514835,unknown,VM-75,Stage1-2-0,0,0,0,0,0,0,0,0
1782950515746,unknown,VM-74,Stage1-3-0,0,512,496,2606,1110,61890,0,0
1782950515746,unknown,VM-76,Stage2-1-0,0,0,0,0,0,0,0,0
1782950515763,unknown,VM-77,Stage2-0-0,0,0,0,0,0,0,0,0
1782950515809,unknown,VM-78,Stage3-2-0,0,0,0,0,0,0,0,0
1782950515812,unknown,VM-79,Stage3-3-0,0,0,0,0,0,0,0,0
1782950515823,unknown,VM-73,Stage1-1-0,0,0,0,0,0,0,0,0
1782950515835,unknown,VM-75,Stage1-2-0,0,82,80,2807,215,9859,0,0
1782950516746,unknown,VM-74,Stage1-3-0,0,317,309,1999,695,38313,0,0
1782950516746,unknown,VM-76,Stage2-1-0,0,0,0,0,0,0,0,0
1782950516763,unknown,VM-77,Stage2-0-0,0,0,0,0,0,0,0,0
1782950516809,unknown,VM-78,Stage3-2-0,0,0,0,0,0,0,0,0
1782950516812,unknown,VM-79,Stage3-3-0,0,0,0,0,0,0,0,0
1782950516823,unknown,VM-73,Stage1-1-0,0,0,0,0,0,0,0,0
1782950516835,unknown,VM-75,Stage1-2-0,0,0,0,0,0,0,0,0
1782950517746,unknown,VM-74,Stage1-3-0,0,326,318,2078,851,39532,0,0
1782950517746,unknown,VM-76,Stage2-1-0,0,0,0,0,0,0,0,0
1782950517763,unknown,VM-77,Stage2-0-0,0,0,0,0,0,0,0,0
1782950517809,unknown,VM-78,Stage3-2-0,0,0,0,0,0,0,0,0
1782950517812,unknown,VM-79,Stage3-3-0,0,0,0,0,0,0,0,0
1782950517823,unknown,VM-73,Stage1-1-0,0,0,0,0,0,0,0,0
1782950517835,unknown,VM-75,Stage1-2-0,0,76,74,1141,205,9636,0,0
1782950518746,unknown,VM-74,Stage1-3-0,0,411,408,1712,925,50718,0,0
1782950518746,unknown,VM-76,Stage2-1-0,0,0,0,0,0,0,0,0
1782950518763,unknown,VM-77,Stage2-0-0,0,0,0,0,0,0,0,0
1782950518808,unknown,VM-78,Stage3-2-0,0,0,0,0,0,0,0,0
1782950518812,unknown,VM-79,Stage3-3-0,0,0,0,0,0,0,0,0
1782950518823,unknown,VM-73,Stage1-1-0,0,0,0,0,0,0,0,0
1782950518835,unknown,VM-75,Stage1-2-0,0,13,13,797,47,1584,0,0
1782950519746,unknown,VM-74,Stage1-3-0,0,0,0,0,0,0,0,0
1782950519746,unknown,VM-76,Stage2-1-0,0,0,0,0,0,0,0,0
1782950519763,unknown,VM-77,Stage2-0-0,0,0,0,0,0,0,0,0
1782950519809,unknown,VM-78,Stage3-2-0,0,0,0,0,0,0,0,0
1782950519812,unknown,VM-79,Stage3-3-0,0,0,0,0,0,0,0,0
1782950519823,unknown,VM-73,Stage1-1-0,0,0,0,0,0,0,0,0
1782950519835,unknown,VM-75,Stage1-2-0,0,35,35,1026,103,3977,0,0
1782950520746,unknown,VM-74,Stage1-3-0,0,0,0,0,0,0,0,0
1782950520746,unknown,VM-76,Stage2-1-0,0,0,0,0,0,0,0,0
1782950520763,unknown,VM-77,Stage2-0-0,0,0,0,0,0,0,0,0
1782950520808,unknown,VM-78,Stage3-2-0,0,0,0,0,0,0,0,0
1782950520812,unknown,VM-79,Stage3-3-0,0,0,0,0,0,0,0,0
1782950520822,unknown,VM-73,Stage1-1-0,0,0,0,0,0,0,0,0
1782950520835,unknown,VM-75,Stage1-2-0,0,0,0,0,0,0,0,0
1782950521746,unknown,VM-74,Stage1-3-0,0,512,510,1911,1050,63165,0,0
1782950521746,unknown,VM-76,Stage2-1-0,0,0,0,0,0,0,0,0
1782950521763,unknown,VM-77,Stage2-0-0,0,0,0,0,0,0,0,0
1782950521809,unknown,VM-78,Stage3-2-0,0,0,0,0,0,0,0,0
1782950521812,unknown,VM-79,Stage3-3-0,0,0,0,0,0,0,0,0
1782950521823,unknown,VM-73,Stage1-1-0,0,0,0,0,0,0,0,0
1782950521835,unknown,VM-75,Stage1-2-0,0,0,0,0,0,0,0,0
1782950522746,unknown,VM-74,Stage1-3-0,0,0,0,0,0,0,0,0
1782950522746,unknown,VM-76,Stage2-1-0,0,0,0,0,0,0,0,0
1782950522763,unknown,VM-77,Stage2-0-0,0,0,0,0,0,0,0,0
1782950522809,unknown,VM-78,Stage3-2-0,0,0,0,0,0,0,0,0
1782950522812,unknown,VM-79,Stage3-3-0,0,0,0,0,0,0,0,0
1782950522823,unknown,VM-73,Stage1-1-0,0,0,0,0,0,0,0,0
1782950522835,unknown,VM-75,Stage1-2-0,0,34,34,983,99,4460,0,0
1782950523746,unknown,VM-76,Stage2-1-0,0,0,0,0,0,0,0,0
1782950523746,unknown,VM-74,Stage1-3-0,0,0,0,0,0,0,0,0
1782950523763,unknown,VM-77,Stage2-0-0,0,0,0,0,0,0,0,0
1782950523809,unknown,VM-78,Stage3-2-0,0,0,0,0,0,0,0,0
1782950523812,unknown,VM-79,Stage3-3-0,0,0,0,0,0,0,0,0
1782950523823,unknown,VM-73,Stage1-1-0,0,0,0,0,0,0,0,0
1782950523835,unknown,VM-75,Stage1-2-0,0,0,0,0,0,0,0,0
1782950524746,unknown,VM-76,Stage2-1-0,0,0,0,0,0,0,0,0
1782950524746,unknown,VM-74,Stage1-3-0,0,0,0,0,0,0,0,0
1782950524763,unknown,VM-77,Stage2-0-0,0,0,0,0,0,0,0,0
1782950524809,unknown,VM-78,Stage3-2-0,0,0,0,0,0,0,0,0
1782950524812,unknown,VM-79,Stage3-3-0,0,0,0,0,0,0,0,0
1782950524823,unknown,VM-73,Stage1-1-0,0,0,0,0,0,0,0,0
1782950524835,unknown,VM-75,Stage1-2-0,0,26,26,844,102,3634,0,0
1782950525746,unknown,VM-74,Stage1-3-0,0,0,0,0,0,0,0,0
1782950525746,unknown,VM-76,Stage2-1-0,0,0,0,0,0,0,0,0
1782950525763,unknown,VM-77,Stage2-0-0,0,0,0,0,0,0,0,0
1782950525809,unknown,VM-78,Stage3-2-0,0,0,0,0,0,0,0,0
1782950525812,unknown,VM-79,Stage3-3-0,0,0,0,0,0,0,0,0
1782950525823,unknown,VM-73,Stage1-1-0,0,0,0,0,0,0,0,0
1782950525835,unknown,VM-75,Stage1-2-0,0,57,53,8383,149,7266,0,0
1782950526746,unknown,VM-74,Stage1-3-0,0,330,323,1718,729,41211,0,0
1782950526746,unknown,VM-76,Stage2-1-0,0,0,0,0,0,0,0,0
1782950526763,unknown,VM-77,Stage2-0-0,0,0,0,0,0,0,0,0
1782950526809,unknown,VM-78,Stage3-2-0,0,0,0,0,0,0,0,0
1782950526812,unknown,VM-79,Stage3-3-0,0,0,0,0,0,0,0,0
1782950526823,unknown,VM-73,Stage1-1-0,0,0,0,0,0,0,0,0
1782950526835,unknown,VM-75,Stage1-2-0,0,0,0,0,0,0,0,0
1782950527746,unknown,VM-74,Stage1-3-0,0,335,334,1856,743,40526,0,0
1782950527746,unknown,VM-76,Stage2-1-0,0,0,0,0,0,0,0,0
1782950527763,unknown,VM-77,Stage2-0-0,0,0,0,0,0,0,0,0
1782950527808,unknown,VM-78,Stage3-2-0,0,0,0,0,0,0,0,0
1782950527812,unknown,VM-79,Stage3-3-0,0,0,0,0,0,0,0,0
1782950527823,unknown,VM-73,Stage1-1-0,0,0,0,0,0,0,0,0
1782950527835,unknown,VM-75,Stage1-2-0,0,14,14,10327,71,1519,0,0
1782950528746,unknown,VM-74,Stage1-3-0,0,85,85,1165,252,10250,0,0
1782950528746,unknown,VM-76,Stage2-1-0,0,0,0,0,0,0,0,0
1782950528763,unknown,VM-77,Stage2-0-0,0,0,0,0,0,0,0,0
1782950528809,unknown,VM-78,Stage3-2-0,0,0,0,0,0,0,0,0
1782950528812,unknown,VM-79,Stage3-3-0,0,0,0,0,0,0,0,0
1782950528823,unknown,VM-73,Stage1-1-0,0,0,0,0,0,0,0,0
1782950528835,unknown,VM-75,Stage1-2-0,0,11,10,79,51,1273,0,0
1782950529746,unknown,VM-74,Stage1-3-0,0,131,129,1322,278,15482,0,0
1782950529746,unknown,VM-76,Stage2-1-0,0,0,0,0,0,0,0,0
1782950529763,unknown,VM-77,Stage2-0-0,0,0,0,0,0,0,0,0
1782950529809,unknown,VM-78,Stage3-2-0,0,0,0,0,0,0,0,0
1782950529812,unknown,VM-79,Stage3-3-0,0,0,0,0,0,0,0,0
1782950529823,unknown,VM-73,Stage1-1-0,0,0,0,0,0,0,0,0
1782950529835,unknown,VM-75,Stage1-2-0,0,42,41,1560,158,5090,0,0
1782950530746,unknown,VM-76,Stage2-1-0,0,0,0,0,0,0,0,0
1782950530746,unknown,VM-74,Stage1-3-0,0,0,0,0,0,0,0,0
1782950530763,unknown,VM-77,Stage2-0-0,0,0,0,0,0,0,0,0
1782950530809,unknown,VM-78,Stage3-2-0,0,0,0,0,0,0,0,0
1782950530812,unknown,VM-79,Stage3-3-0,0,0,0,0,0,0,0,0
1782950530823,unknown,VM-73,Stage1-1-0,0,0,0,0,0,0,0,0
1782950530835,unknown,VM-75,Stage1-2-0,0,0,0,0,0,0,0,0
1782950531746,unknown,VM-76,Stage2-1-0,0,0,0,0,0,0,0,0
1782950531746,unknown,VM-74,Stage1-3-0,0,0,0,0,0,0,0,0
1782950531763,unknown,VM-77,Stage2-0-0,0,0,0,0,0,0,0,0
1782950531809,unknown,VM-78,Stage3-2-0,0,0,0,0,0,0,0,0
1782950531812,unknown,VM-79,Stage3-3-0,0,0,0,0,0,0,0,0
1782950531823,unknown,VM-73,Stage1-1-0,0,0,0,0,0,0,0,0
1782950531835,unknown,VM-75,Stage1-2-0,0,32,32,914,122,4043,0,0
1782950532746,unknown,VM-74,Stage1-3-0,0,375,362,2808,855,44753,0,0
1782950532746,unknown,VM-76,Stage2-1-0,0,0,0,0,0,0,0,0
1782950532763,unknown,VM-77,Stage2-0-0,0,0,0,0,0,0,0,0
1782950532808,unknown,VM-78,Stage3-2-0,0,0,0,0,0,0,0,0
1782950532812,unknown,VM-79,Stage3-3-0,0,0,0,0,0,0,0,0
1782950532823,unknown,VM-73,Stage1-1-0,0,0,0,0,0,0,0,0
1782950532835,unknown,VM-75,Stage1-2-0,0,6,6,631,63,642,0,0
1782950533746,unknown,VM-74,Stage1-3-0,0,0,0,0,0,0,0,0
1782950533746,unknown,VM-76,Stage2-1-0,0,0,0,0,0,0,0,0
1782950533763,unknown,VM-77,Stage2-0-0,0,0,0,0,0,0,0,0
1782950533808,unknown,VM-78,Stage3-2-0,0,0,0,0,0,0,0,0
1782950533812,unknown,VM-79,Stage3-3-0,0,0,0,0,0,0,0,0
1782950533823,unknown,VM-73,Stage1-1-0,0,0,0,0,0,0,0,0
1782950533835,unknown,VM-75,Stage1-2-0,0,0,0,0,0,0,0,0
1782950534746,unknown,VM-74,Stage1-3-0,0,0,0,0,0,0,0,0
1782950534746,unknown,VM-76,Stage2-1-0,0,0,0,0,0,0,0,0
1782950534763,unknown,VM-77,Stage2-0-0,0,0,0,0,0,0,0,0
1782950534809,unknown,VM-78,Stage3-2-0,0,0,0,0,0,0,0,0
1782950534812,unknown,VM-79,Stage3-3-0,0,0,0,0,0,0,0,0
1782950534823,unknown,VM-73,Stage1-1-0,0,0,0,0,0,0,0,0
1782950534835,unknown,VM-75,Stage1-2-0,0,26,25,895,82,3037,0,0
1782950535746,unknown,VM-74,Stage1-3-0,0,0,0,0,0,0,0,0
1782950535746,unknown,VM-76,Stage2-1-0,0,0,0,0,0,0,0,0
1782950535763,unknown,VM-77,Stage2-0-0,0,0,0,0,0,0,0,0
1782950535809,unknown,VM-78,Stage3-2-0,0,0,0,0,0,0,0,0
1782950535812,unknown,VM-79,Stage3-3-0,0,0,0,0,0,0,0,0
1782950535823,unknown,VM-73,Stage1-1-0,0,0,0,0,0,0,0,0
1782950535835,unknown,VM-75,Stage1-2-0,0,0,0,0,0,0,0,0
1782950536746,unknown,VM-74,Stage1-3-0,0,0,0,0,0,0,0,0
1782950536746,unknown,VM-76,Stage2-1-0,0,0,0,0,0,0,0,0
1782950536763,unknown,VM-77,Stage2-0-0,0,0,0,0,0,0,0,0
1782950536809,unknown,VM-78,Stage3-2-0,0,0,0,0,0,0,0,0
1782950536813,unknown,VM-79,Stage3-3-0,0,0,0,0,0,0,0,0
1782950536823,unknown,VM-73,Stage1-1-0,0,0,0,0,0,0,0,0
1782950536835,unknown,VM-75,Stage1-2-0,0,0,0,0,0,0,0,0
1782950537746,unknown,VM-74,Stage1-3-0,0,0,0,0,0,0,0,0
1782950537746,unknown,VM-76,Stage2-1-0,0,0,0,0,0,0,0,0
1782950537763,unknown,VM-77,Stage2-0-0,0,0,0,0,0,0,0,0
1782950537809,unknown,VM-78,Stage3-2-0,0,0,0,0,0,0,0,0
1782950537812,unknown,VM-79,Stage3-3-0,0,0,0,0,0,0,0,0
1782950537823,unknown,VM-73,Stage1-1-0,0,0,0,0,0,0,0,0
1782950537835,unknown,VM-75,Stage1-2-0,0,63,62,4099,177,7298,0,0
1782950538746,unknown,VM-74,Stage1-3-0,0,76,76,1382,219,9465,0,0
1782950538746,unknown,VM-76,Stage2-1-0,0,0,0,0,0,0,0,0
1782950538763,unknown,VM-77,Stage2-0-0,0,0,0,0,0,0,0,0
1782950538808,unknown,VM-78,Stage3-2-0,0,0,0,0,0,0,0,0
1782950538812,unknown,VM-79,Stage3-3-0,0,0,0,0,0,0,0,0
1782950538823,unknown,VM-73,Stage1-1-0,0,0,0,0,0,0,0,0
1782950538835,unknown,VM-75,Stage1-2-0,0,0,0,0,0,0,0,0
1782950539746,unknown,VM-74,Stage1-3-0,0,0,0,0,0,0,0,0
1782950539746,unknown,VM-76,Stage2-1-0,0,0,0,0,0,0,0,0
1782950539763,unknown,VM-77,Stage2-0-0,0,0,0,0,0,0,0,0
1782950539809,unknown,VM-78,Stage3-2-0,0,0,0,0,0,0,0,0
1782950539812,unknown,VM-79,Stage3-3-0,0,0,0,0,0,0,0,0
1782950539823,unknown,VM-73,Stage1-1-0,0,0,0,0,0,0,0,0
1782950539835,unknown,VM-75,Stage1-2-0,0,41,39,4348,111,5410,0,0
1782950540746,unknown,VM-74,Stage1-3-0,0,58,57,1014,163,7106,0,0
1782950540746,unknown,VM-76,Stage2-1-0,0,0,0,0,0,0,0,0
1782950540763,unknown,VM-77,Stage2-0-0,0,0,0,0,0,0,0,0
1782950540809,unknown,VM-78,Stage3-2-0,0,0,0,0,0,0,0,0
1782950540812,unknown,VM-79,Stage3-3-0,0,0,0,0,0,0,0,0
1782950540823,unknown,VM-73,Stage1-1-0,0,0,0,0,0,0,0,0
1782950540835,unknown,VM-75,Stage1-2-0,0,0,0,0,0,0,0,0
1782950541746,unknown,VM-74,Stage1-3-0,0,70,69,1080,177,8499,0,0
1782950541746,unknown,VM-76,Stage2-1-0,0,0,0,0,0,0,0,0
1782950541763,unknown,VM-77,Stage2-0-0,0,0,0,0,0,0,0,0
1782950541809,unknown,VM-78,Stage3-2-0,0,0,0,0,0,0,0,0
1782950541812,unknown,VM-79,Stage3-3-0,0,0,0,0,0,0,0,0
1782950541823,unknown,VM-73,Stage1-1-0,0,0,0,0,0,0,0,0
1782950541835,unknown,VM-75,Stage1-2-0,0,20,19,615,64,2230,0,0
1782950542746,unknown,VM-74,Stage1-3-0,0,444,436,1816,915,53425,0,0
1782950542746,unknown,VM-76,Stage2-1-0,0,0,0,0,0,0,0,0
1782950542763,unknown,VM-77,Stage2-0-0,0,0,0,0,0,0,0,0
1782950542809,unknown,VM-78,Stage3-2-0,0,0,0,0,0,0,0,0
1782950542812,unknown,VM-79,Stage3-3-0,0,0,0,0,0,0,0,0
1782950542823,unknown,VM-73,Stage1-1-0,0,0,0,0,0,0,0,0
1782950542835,unknown,VM-75,Stage1-2-0,0,0,0,0,0,0,0,0
1782950543746,unknown,VM-74,Stage1-3-0,0,81,81,1100,209,9602,0,0
1782950543746,unknown,VM-76,Stage2-1-0,0,0,0,0,0,0,0,0
1782950543763,unknown,VM-77,Stage2-0-0,0,0,0,0,0,0,0,0
1782950543809,unknown,VM-78,Stage3-2-0,0,0,0,0,0,0,0,0
1782950543813,unknown,VM-79,Stage3-3-0,0,0,0,0,0,0,0,0
1782950543823,unknown,VM-73,Stage1-1-0,0,0,0,0,0,0,0,0
1782950543835,unknown,VM-75,Stage1-2-0,0,35,35,836,100,3982,0,0
1782950544746,unknown,VM-74,Stage1-3-0,0,272,263,1371,596,33990,0,0
1782950544746,unknown,VM-76,Stage2-1-0,0,0,0,0,0,0,0,0
1782950544763,unknown,VM-77,Stage2-0-0,0,0,0,0,0,0,0,0
1782950544808,unknown,VM-78,Stage3-2-0,0,0,0,0,0,0,0,0
1782950544812,unknown,VM-79,Stage3-3-0,0,0,0,0,0,0,0,0
1782950544822,unknown,VM-73,Stage1-1-0,0,0,0,0,0,0,0,0
1782950544835,unknown,VM-75,Stage1-2-0,0,41,40,999,128,4914,0,0
1782950545746,unknown,VM-76,Stage2-1-0,0,0,0,0,0,0,0,0
1782950545746,unknown,VM-74,Stage1-3-0,0,0,0,0,0,0,0,0
1782950545763,unknown,VM-77,Stage2-0-0,0,0,0,0,0,0,0,0
1782950545809,unknown,VM-78,Stage3-2-0,0,0,0,0,0,0,0,0
1782950545812,unknown,VM-79,Stage3-3-0,0,0,0,0,0,0,0,0
1782950545822,unknown,VM-73,Stage1-1-0,0,0,0,0,0,0,0,0
1782950545835,unknown,VM-75,Stage1-2-0,0,0,0,0,0,0,0,0
1782950546746,unknown,VM-74,Stage1-3-0,0,0,0,0,0,0,0,0
1782950546746,unknown,VM-76,Stage2-1-0,0,0,0,0,0,0,0,0
1782950546763,unknown,VM-77,Stage2-0-0,0,0,0,0,0,0,0,0
1782950546809,unknown,VM-78,Stage3-2-0,0,0,0,0,0,0,0,0
1782950546812,unknown,VM-79,Stage3-3-0,0,0,0,0,0,0,0,0
1782950546822,unknown,VM-73,Stage1-1-0,0,0,0,0,0,0,0,0
1782950546835,unknown,VM-75,Stage1-2-0,0,0,0,0,0,0,0,0
1782950547746,unknown,VM-74,Stage1-3-0,0,495,494,1986,1083,58955,0,0
1782950547746,unknown,VM-76,Stage2-1-0,0,0,0,0,0,0,0,0
1782950547763,unknown,VM-77,Stage2-0-0,0,0,0,0,0,0,0,0
1782950547809,unknown,VM-78,Stage3-2-0,0,0,0,0,0,0,0,0
1782950547812,unknown,VM-79,Stage3-3-0,0,0,0,0,0,0,0,0
1782950547823,unknown,VM-73,Stage1-1-0,0,0,0,0,0,0,0,0
1782950547835,unknown,VM-75,Stage1-2-0,0,30,28,941,74,3738,0,0
1782950548746,unknown,VM-74,Stage1-3-0,0,0,0,0,0,0,0,0
1782950548746,unknown,VM-76,Stage2-1-0,0,0,0,0,0,0,0,0
1782950548763,unknown,VM-77,Stage2-0-0,0,0,0,0,0,0,0,0
1782950548809,unknown,VM-78,Stage3-2-0,0,0,0,0,0,0,0,0
1782950548812,unknown,VM-79,Stage3-3-0,0,0,0,0,0,0,0,0
1782950548822,unknown,VM-73,Stage1-1-0,0,0,0,0,0,0,0,0
1782950548835,unknown,VM-75,Stage1-2-0,0,0,0,0,0,0,0,0
1782950549746,unknown,VM-74,Stage1-3-0,0,456,454,1982,1013,56299,0,0
1782950549746,unknown,VM-76,Stage2-1-0,0,0,0,0,0,0,0,0
1782950549763,unknown,VM-77,Stage2-0-0,0,0,0,0,0,0,0,0
1782950549809,unknown,VM-78,Stage3-2-0,0,0,0,0,0,0,0,0
1782950549812,unknown,VM-79,Stage3-3-0,0,0,0,0,0,0,0,0
1782950549822,unknown,VM-73,Stage1-1-0,0,0,0,0,0,0,0,0
1782950549835,unknown,VM-75,Stage1-2-0,0,41,40,934,113,4723,0,0
1782950550746,unknown,VM-74,Stage1-3-0,0,0,0,0,0,0,0,0
1782950550746,unknown,VM-76,Stage2-1-0,0,0,0,0,0,0,0,0
1782950550763,unknown,VM-77,Stage2-0-0,0,0,0,0,0,0,0,0
1782950550808,unknown,VM-78,Stage3-2-0,0,0,0,0,0,0,0,0
1782950550812,unknown,VM-79,Stage3-3-0,0,0,0,0,0,0,0,0
1782950550822,unknown,VM-73,Stage1-1-0,0,0,0,0,0,0,0,0
1782950550835,unknown,VM-75,Stage1-2-0,0,0,0,0,0,0,0,0
1782950551746,unknown,VM-74,Stage1-3-0,0,212,209,1363,527,26668,0,0
1782950551746,unknown,VM-76,Stage2-1-0,0,0,0,0,0,0,0,0
1782950551763,unknown,VM-77,Stage2-0-0,0,0,0,0,0,0,0,0
1782950551809,unknown,VM-78,Stage3-2-0,0,0,0,0,0,0,0,0
1782950551812,unknown,VM-79,Stage3-3-0,0,0,0,0,0,0,0,0
1782950551823,unknown,VM-73,Stage1-1-0,0,0,0,0,0,0,0,0
1782950551835,unknown,VM-75,Stage1-2-0,0,50,50,4846,118,5588,0,0
1782950552746,unknown,VM-74,Stage1-3-0,0,127,126,1211,325,14941,0,0
1782950552746,unknown,VM-76,Stage2-1-0,0,0,0,0,0,0,0,0
1782950552763,unknown,VM-77,Stage2-0-0,0,0,0,0,0,0,0,0
1782950552809,unknown,VM-78,Stage3-2-0,0,0,0,0,0,0,0,0
1782950552812,unknown,VM-79,Stage3-3-0,0,0,0,0,0,0,0,0
1782950552823,unknown,VM-73,Stage1-1-0,0,0,0,0,0,0,0,0
1782950552835,unknown,VM-75,Stage1-2-0,0,0,0,0,0,0,0,0
1782950553746,unknown,VM-76,Stage2-1-0,0,0,0,0,0,0,0,0
1782950553746,unknown,VM-74,Stage1-3-0,0,0,0,0,0,0,0,0
1782950553763,unknown,VM-77,Stage2-0-0,0,0,0,0,0,0,0,0
1782950553808,unknown,VM-78,Stage3-2-0,0,0,0,0,0,0,0,0
1782950553812,unknown,VM-79,Stage3-3-0,0,0,0,0,0,0,0,0
1782950553822,unknown,VM-73,Stage1-1-0,0,0,0,0,0,0,0,0
1782950553835,unknown,VM-75,Stage1-2-0,0,174,170,1857,358,20916,0,0
1782950554746,unknown,VM-74,Stage1-3-0,0,263,258,1435,556,32448,0,0
1782950554746,unknown,VM-76,Stage2-1-0,0,0,0,0,0,0,0,0
1782950554763,unknown,VM-77,Stage2-0-0,0,0,0,0,0,0,0,0
1782950554809,unknown,VM-78,Stage3-2-0,0,0,0,0,0,0,0,0
1782950554812,unknown,VM-79,Stage3-3-0,0,0,0,0,0,0,0,0
1782950554822,unknown,VM-73,Stage1-1-0,0,0,0,0,0,0,0,0
1782950554835,unknown,VM-75,Stage1-2-0,0,18,17,685,72,2009,0,0
1782950555746,unknown,VM-76,Stage2-1-0,0,0,0,0,0,0,0,0
1782950555746,unknown,VM-74,Stage1-3-0,0,171,171,1314,546,20504,0,0
1782950555763,unknown,VM-77,Stage2-0-0,0,0,0,0,0,0,0,0
1782950555808,unknown,VM-78,Stage3-2-0,0,0,0,0,0,0,0,0
1782950555812,unknown,VM-79,Stage3-3-0,0,0,0,0,0,0,0,0
1782950555823,unknown,VM-73,Stage1-1-0,0,0,0,0,0,0,0,0
1782950555835,unknown,VM-75,Stage1-2-0,0,0,0,0,0,0,0,0
1782950556746,unknown,VM-76,Stage2-1-0,0,0,0,0,0,0,0,0
1782950556746,unknown,VM-74,Stage1-3-0,0,511,499,3653,1062,62690,0,0
1782950556763,unknown,VM-77,Stage2-0-0,0,0,0,0,0,0,0,0
1782950556808,unknown,VM-78,Stage3-2-0,0,0,0,0,0,0,0,0
1782950556812,unknown,VM-79,Stage3-3-0,0,0,0,0,0,0,0,0
1782950556823,unknown,VM-73,Stage1-1-0,0,0,0,0,0,0,0,0
1782950556835,unknown,VM-75,Stage1-2-0,0,0,0,0,0,0,0,0
1782950557746,unknown,VM-74,Stage1-3-0,0,127,125,9615,279,15138,0,0
1782950557746,unknown,VM-76,Stage2-1-0,0,0,0,0,0,0,0,0
1782950557763,unknown,VM-77,Stage2-0-0,0,0,0,0,0,0,0,0
1782950557809,unknown,VM-78,Stage3-2-0,0,0,0,0,0,0,0,0
1782950557812,unknown,VM-79,Stage3-3-0,0,0,0,0,0,0,0,0
1782950557822,unknown,VM-73,Stage1-1-0,0,0,0,0,0,0,0,0
1782950557835,unknown,VM-75,Stage1-2-0,0,78,73,864,188,9536,0,0
1782950558746,unknown,VM-74,Stage1-3-0,0,0,0,0,0,0,0,0
1782950558746,unknown,VM-76,Stage2-1-0,0,0,0,0,0,0,0,0
1782950558763,unknown,VM-77,Stage2-0-0,0,0,0,0,0,0,0,0
1782950558808,unknown,VM-78,Stage3-2-0,0,0,0,0,0,0,0,0
1782950558812,unknown,VM-79,Stage3-3-0,0,0,0,0,0,0,0,0
1782950558822,unknown,VM-73,Stage1-1-0,0,0,0,0,0,0,0,0
1782950558835,unknown,VM-75,Stage1-2-0,0,0,0,0,0,0,0,0
1782950559746,unknown,VM-74,Stage1-3-0,0,158,155,1287,370,19485,0,0
1782950559746,unknown,VM-76,Stage2-1-0,0,0,0,0,0,0,0,0
1782950559763,unknown,VM-77,Stage2-0-0,0,0,0,0,0,0,0,0
1782950559809,unknown,VM-78,Stage3-2-0,0,0,0,0,0,0,0,0
1782950559812,unknown,VM-79,Stage3-3-0,0,0,0,0,0,0,0,0
1782950559822,unknown,VM-73,Stage1-1-0,0,0,0,0,0,0,0,0
1782950559835,unknown,VM-75,Stage1-2-0,0,2,2,492,21,211,0,0
1782950560746,unknown,VM-74,Stage1-3-0,0,4,4,885,51,611,0,0
1782950560746,unknown,VM-76,Stage2-1-0,0,0,0,0,0,0,0,0
1782950560763,unknown,VM-77,Stage2-0-0,0,0,0,0,0,0,0,0
1782950560809,unknown,VM-78,Stage3-2-0,0,0,0,0,0,0,0,0
1782950560812,unknown,VM-79,Stage3-3-0,0,0,0,0,0,0,0,0
1782950560822,unknown,VM-73,Stage1-1-0,0,0,0,0,0,0,0,0
1782950560835,unknown,VM-75,Stage1-2-0,0,18,17,794,59,2177,0,0
1782950561746,unknown,VM-76,Stage2-1-0,0,0,0,0,0,0,0,0
1782950561746,unknown,VM-74,Stage1-3-0,0,0,0,0,0,0,0,0
1782950561763,unknown,VM-77,Stage2-0-0,0,0,0,0,0,0,0,0
1782950561809,unknown,VM-78,Stage3-2-0,0,0,0,0,0,0,0,0
1782950561812,unknown,VM-79,Stage3-3-0,0,0,0,0,0,0,0,0
1782950561822,unknown,VM-73,Stage1-1-0,0,0,0,0,0,0,0,0
1782950561835,unknown,VM-75,Stage1-2-0,0,56,55,1500,142,6526,0,0
1782950562746,unknown,VM-74,Stage1-3-0,0,0,0,0,0,0,0,0
1782950562746,unknown,VM-76,Stage2-1-0,0,0,0,0,0,0,0,0
1782950562763,unknown,VM-77,Stage2-0-0,0,0,0,0,0,0,0,0
1782950562809,unknown,VM-78,Stage3-2-0,0,0,0,0,0,0,0,0
1782950562812,unknown,VM-79,Stage3-3-0,0,0,0,0,0,0,0,0
1782950562823,unknown,VM-73,Stage1-1-0,0,0,0,0,0,0,0,0
1782950562835,unknown,VM-75,Stage1-2-0,0,32,32,962,117,3910,0,0
1782950563746,unknown,VM-76,Stage2-1-0,0,0,0,0,0,0,0,0
1782950563746,unknown,VM-74,Stage1-3-0,0,0,0,0,0,0,0,0
1782950563763,unknown,VM-77,Stage2-0-0,0,0,0,0,0,0,0,0
1782950563809,unknown,VM-78,Stage3-2-0,0,0,0,0,0,0,0,0
1782950563812,unknown,VM-79,Stage3-3-0,0,0,0,0,0,0,0,0
1782950563822,unknown,VM-73,Stage1-1-0,0,0,0,0,0,0,0,0
1782950563835,unknown,VM-75,Stage1-2-0,0,31,30,886,112,3634,0,0
1782950564746,unknown,VM-76,Stage2-1-0,0,0,0,0,0,0,0,0
1782950564746,unknown,VM-74,Stage1-3-0,0,512,500,13393,2560,60093,0,0
1782950564763,unknown,VM-77,Stage2-0-0,0,0,0,0,0,0,0,0
1782950564808,unknown,VM-78,Stage3-2-0,0,0,0,0,0,0,0,0
1782950564812,unknown,VM-79,Stage3-3-0,0,0,0,0,0,0,0,0
1782950564823,unknown,VM-73,Stage1-1-0,0,0,0,0,0,0,0,0
1782950564835,unknown,VM-75,Stage1-2-0,0,0,0,0,0,0,0,0
1782950565746,unknown,VM-74,Stage1-3-0,0,0,0,0,0,0,0,0
1782950565746,unknown,VM-76,Stage2-1-0,0,0,0,0,0,0,0,0
1782950565763,unknown,VM-77,Stage2-0-0,0,0,0,0,0,0,0,0
1782950565809,unknown,VM-78,Stage3-2-0,0,0,0,0,0,0,0,0
1782950565812,unknown,VM-79,Stage3-3-0,0,0,0,0,0,0,0,0
1782950565822,unknown,VM-73,Stage1-1-0,0,0,0,0,0,0,0,0
1782950565835,unknown,VM-75,Stage1-2-0,0,29,29,3273,89,3351,0,0
1782950566746,unknown,VM-74,Stage1-3-0,0,0,0,0,0,0,0,0
1782950566746,unknown,VM-76,Stage2-1-0,0,0,0,0,0,0,0,0
1782950566763,unknown,VM-77,Stage2-0-0,0,0,0,0,0,0,0,0
1782950566808,unknown,VM-78,Stage3-2-0,0,0,0,0,0,0,0,0
1782950566812,unknown,VM-79,Stage3-3-0,0,0,0,0,0,0,0,0
1782950566822,unknown,VM-73,Stage1-1-0,0,0,0,0,0,0,0,0
1782950566835,unknown,VM-75,Stage1-2-0,0,384,377,1863,671,44661,0,0
1782950567746,unknown,VM-74,Stage1-3-0,0,512,508,1800,1111,63518,0,0
1782950567746,unknown,VM-76,Stage2-1-0,0,0,0,0,0,0,0,0
1782950567763,unknown,VM-77,Stage2-0-0,0,0,0,0,0,0,0,0
1782950567808,unknown,VM-78,Stage3-2-0,0,0,0,0,0,0,0,0
1782950567812,unknown,VM-79,Stage3-3-0,0,0,0,0,0,0,0,0
1782950567823,unknown,VM-73,Stage1-1-0,0,0,0,0,0,0,0,0
1782950567835,unknown,VM-75,Stage1-2-0,0,0,0,0,0,0,0,0
1782950568746,unknown,VM-74,Stage1-3-0,0,193,191,1711,417,24850,0,0
1782950568746,unknown,VM-76,Stage2-1-0,0,0,0,0,0,0,0,0
1782950568763,unknown,VM-77,Stage2-0-0,0,0,0,0,0,0,0,0
1782950568809,unknown,VM-78,Stage3-2-0,0,0,0,0,0,0,0,0
1782950568812,unknown,VM-79,Stage3-3-0,0,0,0,0,0,0,0,0
1782950568823,unknown,VM-73,Stage1-1-0,0,0,0,0,0,0,0,0
1782950568835,unknown,VM-75,Stage1-2-0,0,0,0,0,0,0,0,0
1782950569746,unknown,VM-74,Stage1-3-0,0,156,152,3580,351,19151,0,0
1782950569746,unknown,VM-76,Stage2-1-0,0,0,0,0,0,0,0,0
1782950569763,unknown,VM-77,Stage2-0-0,0,0,0,0,0,0,0,0
1782950569808,unknown,VM-78,Stage3-2-0,0,0,0,0,0,0,0,0
1782950569812,unknown,VM-79,Stage3-3-0,0,0,0,0,0,0,0,0
1782950569822,unknown,VM-73,Stage1-1-0,0,0,0,0,0,0,0,0
1782950569835,unknown,VM-75,Stage1-2-0,0,0,0,0,0,0,0,0
1782950570746,unknown,VM-74,Stage1-3-0,0,0,0,0,0,0,0,0
1782950570746,unknown,VM-76,Stage2-1-0,0,0,0,0,0,0,0,0
1782950570763,unknown,VM-77,Stage2-0-0,0,0,0,0,0,0,0,0
1782950570809,unknown,VM-78,Stage3-2-0,0,0,0,0,0,0,0,0
1782950570812,unknown,VM-79,Stage3-3-0,0,0,0,0,0,0,0,0
1782950570823,unknown,VM-73,Stage1-1-0,0,0,0,0,0,0,0,0
1782950570835,unknown,VM-75,Stage1-2-0,0,308,294,11402,595,37140,0,0
1782950571746,unknown,VM-74,Stage1-3-0,0,194,193,4241,462,24367,0,0
1782950571746,unknown,VM-76,Stage2-1-0,0,0,0,0,0,0,0,0
1782950571763,unknown,VM-77,Stage2-0-0,0,0,0,0,0,0,0,0
1782950571808,unknown,VM-78,Stage3-2-0,0,0,0,0,0,0,0,0
1782950571812,unknown,VM-79,Stage3-3-0,0,0,0,0,0,0,0,0
1782950571822,unknown,VM-73,Stage1-1-0,0,0,0,0,0,0,0,0
1782950571835,unknown,VM-75,Stage1-2-0,0,304,291,3118,549,35814,0,0
1782950572746,unknown,VM-74,Stage1-3-0,0,363,358,801,780,45548,0,0
1782950572746,unknown,VM-76,Stage2-1-0,0,0,0,0,0,0,0,0
1782950572763,unknown,VM-77,Stage2-0-0,0,0,0,0,0,0,0,0
1782950572808,unknown,VM-78,Stage3-2-0,0,0,0,0,0,0,0,0
1782950572812,unknown,VM-79,Stage3-3-0,0,0,0,0,0,0,0,0
1782950572823,unknown,VM-73,Stage1-1-0,0,0,0,0,0,0,0,0
1782950572835,unknown,VM-75,Stage1-2-0,0,41,39,2592,150,4926,0,0
1782950573746,unknown,VM-74,Stage1-3-0,0,199,193,1251,392,24093,0,0
1782950573746,unknown,VM-76,Stage2-1-0,0,0,0,0,0,0,0,0
1782950573763,unknown,VM-77,Stage2-0-0,0,0,0,0,0,0,0,0
1782950573809,unknown,VM-78,Stage3-2-0,0,0,0,0,0,0,0,0
1782950573812,unknown,VM-79,Stage3-3-0,0,0,0,0,0,0,0,0
1782950573822,unknown,VM-73,Stage1-1-0,0,0,0,0,0,0,0,0
1782950573835,unknown,VM-75,Stage1-2-0,0,0,0,0,0,0,0,0
1782950574746,unknown,VM-74,Stage1-3-0,0,0,0,0,0,0,0,0
1782950574746,unknown,VM-76,Stage2-1-0,0,0,0,0,0,0,0,0
1782950574763,unknown,VM-77,Stage2-0-0,0,0,0,0,0,0,0,0
1782950574808,unknown,VM-78,Stage3-2-0,0,0,0,0,0,0,0,0
1782950574812,unknown,VM-79,Stage3-3-0,0,0,0,0,0,0,0,0
1782950574823,unknown,VM-73,Stage1-1-0,0,0,0,0,0,0,0,0
1782950574835,unknown,VM-75,Stage1-2-0,0,29,28,914,83,3352,0,0
1782950575746,unknown,VM-76,Stage2-1-0,0,0,0,0,0,0,0,0
1782950575746,unknown,VM-74,Stage1-3-0,0,0,0,0,0,0,0,0
1782950575763,unknown,VM-77,Stage2-0-0,0,0,0,0,0,0,0,0
1782950575808,unknown,VM-78,Stage3-2-0,0,0,0,0,0,0,0,0
1782950575812,unknown,VM-79,Stage3-3-0,0,0,0,0,0,0,0,0
1782950575823,unknown,VM-73,Stage1-1-0,0,0,0,0,0,0,0,0
1782950575835,unknown,VM-75,Stage1-2-0,0,4,4,717,31,647,0,0
1782950576746,unknown,VM-74,Stage1-3-0,0,321,315,4127,774,39254,0,0
1782950576746,unknown,VM-76,Stage2-1-0,0,0,0,0,0,0,0,0
1782950576763,unknown,VM-77,Stage2-0-0,0,0,0,0,0,0,0,0
1782950576809,unknown,VM-78,Stage3-2-0,0,0,0,0,0,0,0,0
1782950576812,unknown,VM-79,Stage3-3-0,0,0,0,0,0,0,0,0
1782950576823,unknown,VM-73,Stage1-1-0,0,0,0,0,0,0,0,0
1782950576835,unknown,VM-75,Stage1-2-0,0,0,0,0,0,0,0,0
1782950577746,unknown,VM-74,Stage1-3-0,0,0,0,0,0,0,0,0
1782950577746,unknown,VM-76,Stage2-1-0,0,0,0,0,0,0,0,0
1782950577763,unknown,VM-77,Stage2-0-0,0,0,0,0,0,0,0,0
1782950577808,unknown,VM-78,Stage3-2-0,0,0,0,0,0,0,0,0
1782950577812,unknown,VM-79,Stage3-3-0,0,0,0,0,0,0,0,0
1782950577822,unknown,VM-73,Stage1-1-0,0,0,0,0,0,0,0,0
1782950577835,unknown,VM-75,Stage1-2-0,0,25,24,571,88,2789,0,0
1782950578746,unknown,VM-74,Stage1-3-0,0,121,119,1633,306,15024,0,0
1782950578746,unknown,VM-76,Stage2-1-0,0,0,0,0,0,0,0,0
1782950578763,unknown,VM-77,Stage2-0-0,0,0,0,0,0,0,0,0
1782950578809,unknown,VM-78,Stage3-2-0,0,0,0,0,0,0,0,0
1782950578812,unknown,VM-79,Stage3-3-0,0,0,0,0,0,0,0,0
1782950578822,unknown,VM-73,Stage1-1-0,0,0,0,0,0,0,0,0
1782950578835,unknown,VM-75,Stage1-2-0,0,17,16,1035,63,2086,0,0
1782950579746,unknown,VM-74,Stage1-3-0,0,130,127,1035,274,15523,0,0
1782950579746,unknown,VM-76,Stage2-1-0,0,0,0,0,0,0,0,0
1782950579763,unknown,VM-77,Stage2-0-0,0,0,0,0,0,0,0,0
1782950579808,unknown,VM-78,Stage3-2-0,0,0,0,0,0,0,0,0
1782950579812,unknown,VM-79,Stage3-3-0,0,0,0,0,0,0,0,0
1782950579822,unknown,VM-73,Stage1-1-0,0,0,0,0,0,0,0,0
1782950579835,unknown,VM-75,Stage1-2-0,0,4,4,939,29,658,0,0
1782950580746,unknown,VM-74,Stage1-3-0,0,128,126,2498,337,15430,0,0
1782950580746,unknown,VM-76,Stage2-1-0,0,0,0,0,0,0,0,0
1782950580763,unknown,VM-77,Stage2-0-0,0,0,0,0,0,0,0,0
1782950580808,unknown,VM-78,Stage3-2-0,0,0,0,0,0,0,0,0
1782950580812,unknown,VM-79,Stage3-3-0,0,0,0,0,0,0,0,0
1782950580822,unknown,VM-73,Stage1-1-0,0,0,0,0,0,0,0,0
1782950580835,unknown,VM-75,Stage1-2-0,0,0,0,0,0,0,0,0
1782950581746,unknown,VM-74,Stage1-3-0,0,132,130,1651,294,16200,0,0
1782950581746,unknown,VM-76,Stage2-1-0,0,0,0,0,0,0,0,0
1782950581763,unknown,VM-77,Stage2-0-0,0,0,0,0,0,0,0,0
1782950581809,unknown,VM-78,Stage3-2-0,0,0,0,0,0,0,0,0
1782950581812,unknown,VM-79,Stage3-3-0,0,0,0,0,0,0,0,0
1782950581823,unknown,VM-73,Stage1-1-0,0,0,0,0,0,0,0,0
1782950581835,unknown,VM-75,Stage1-2-0,0,26,25,837,107,3256,0,0
1782950582746,unknown,VM-74,Stage1-3-0,0,0,0,0,0,0,0,0
1782950582746,unknown,VM-76,Stage2-1-0,0,0,0,0,0,0,0,0
1782950582763,unknown,VM-77,Stage2-0-0,0,0,0,0,0,0,0,0
1782950582808,unknown,VM-78,Stage3-2-0,0,0,0,0,0,0,0,0
1782950582812,unknown,VM-79,Stage3-3-0,0,0,0,0,0,0,0,0
1782950582823,unknown,VM-73,Stage1-1-0,0,0,0,0,0,0,0,0
1782950582835,unknown,VM-75,Stage1-2-0,0,16,15,4761,90,1960,0,0
1782950583746,unknown,VM-74,Stage1-3-0,0,0,0,0,0,0,0,0
1782950583746,unknown,VM-76,Stage2-1-0,0,0,0,0,0,0,0,0
1782950583763,unknown,VM-77,Stage2-0-0,0,0,0,0,0,0,0,0
1782950583808,unknown,VM-78,Stage3-2-0,0,0,0,0,0,0,0,0
1782950583812,unknown,VM-79,Stage3-3-0,0,0,0,0,0,0,0,0
1782950583822,unknown,VM-73,Stage1-1-0,0,0,0,0,0,0,0,0
1782950583835,unknown,VM-75,Stage1-2-0,0,0,0,0,0,0,0,0
1782950584746,unknown,VM-74,Stage1-3-0,0,0,0,0,0,0,0,0
1782950584746,unknown,VM-76,Stage2-1-0,0,0,0,0,0,0,0,0
1782950584763,unknown,VM-77,Stage2-0-0,0,0,0,0,0,0,0,0
1782950584809,unknown,VM-78,Stage3-2-0,0,0,0,0,0,0,0,0
1782950584812,unknown,VM-79,Stage3-3-0,0,0,0,0,0,0,0,0
1782950584823,unknown,VM-73,Stage1-1-0,0,0,0,0,0,0,0,0
1782950584835,unknown,VM-75,Stage1-2-0,0,45,44,1013,144,5088,0,0
1782950585746,unknown,VM-74,Stage1-3-0,0,512,508,1968,1169,63894,0,0
1782950585746,unknown,VM-76,Stage2-1-0,0,0,0,0,0,0,0,0
1782950585763,unknown,VM-77,Stage2-0-0,0,0,0,0,0,0,0,0
1782950585808,unknown,VM-78,Stage3-2-0,0,0,0,0,0,0,0,0
1782950585812,unknown,VM-79,Stage3-3-0,0,0,0,0,0,0,0,0
1782950585822,unknown,VM-73,Stage1-1-0,0,0,0,0,0,0,0,0
1782950585835,unknown,VM-75,Stage1-2-0,0,107,101,1000,234,13453,0,0
1782950586746,unknown,VM-74,Stage1-3-0,0,0,0,0,0,0,0,0
1782950586746,unknown,VM-76,Stage2-1-0,0,0,0,0,0,0,0,0
1782950586763,unknown,VM-77,Stage2-0-0,0,0,0,0,0,0,0,0
1782950586809,unknown,VM-78,Stage3-2-0,0,0,0,0,0,0,0,0
1782950586812,unknown,VM-79,Stage3-3-0,0,0,0,0,0,0,0,0
1782950586823,unknown,VM-73,Stage1-1-0,0,0,0,0,0,0,0,0
1782950586835,unknown,VM-75,Stage1-2-0,0,0,0,0,0,0,0,0
1782950587746,unknown,VM-74,Stage1-3-0,0,0,0,0,0,0,0,0
1782950587746,unknown,VM-76,Stage2-1-0,0,0,0,0,0,0,0,0
1782950587763,unknown,VM-77,Stage2-0-0,0,0,0,0,0,0,0,0
1782950587808,unknown,VM-78,Stage3-2-0,0,0,0,0,0,0,0,0
1782950587812,unknown,VM-79,Stage3-3-0,0,0,0,0,0,0,0,0
1782950587822,unknown,VM-73,Stage1-1-0,0,0,0,0,0,0,0,0
1782950587835,unknown,VM-75,Stage1-2-0,0,0,0,0,0,0,0,0
1782950588746,unknown,VM-74,Stage1-3-0,0,193,192,976,422,22540,0,0
1782950588746,unknown,VM-76,Stage2-1-0,0,0,0,0,0,0,0,0
1782950588763,unknown,VM-77,Stage2-0-0,0,0,0,0,0,0,0,0
1782950588808,unknown,VM-78,Stage3-2-0,0,0,0,0,0,0,0,0
1782950588812,unknown,VM-79,Stage3-3-0,0,0,0,0,0,0,0,0
1782950588823,unknown,VM-73,Stage1-1-0,0,0,0,0,0,0,0,0
1782950588835,unknown,VM-75,Stage1-2-0,0,122,118,822,267,14901,0,0
1782950589746,unknown,VM-74,Stage1-3-0,0,0,0,0,0,0,0,0
1782950589746,unknown,VM-76,Stage2-1-0,0,0,0,0,0,0,0,0
1782950589763,unknown,VM-77,Stage2-0-0,0,0,0,0,0,0,0,0
1782950589809,unknown,VM-78,Stage3-2-0,0,0,0,0,0,0,0,0
1782950589812,unknown,VM-79,Stage3-3-0,0,0,0,0,0,0,0,0
1782950589822,unknown,VM-73,Stage1-1-0,0,0,0,0,0,0,0,0
1782950589835,unknown,VM-75,Stage1-2-0,0,16,16,457,42,1716,0,0
1782950590746,unknown,VM-74,Stage1-3-0,0,0,0,0,0,0,0,0
1782950590746,unknown,VM-76,Stage2-1-0,0,0,0,0,0,0,0,0
1782950590763,unknown,VM-77,Stage2-0-0,0,0,0,0,0,0,0,0
1782950590808,unknown,VM-78,Stage3-2-0,0,0,0,0,0,0,0,0
1782950590812,unknown,VM-79,Stage3-3-0,0,0,0,0,0,0,0,0
1782950590822,unknown,VM-73,Stage1-1-0,0,0,0,0,0,0,0,0
1782950590835,unknown,VM-75,Stage1-2-0,0,67,64,749,172,7776,0,0
1782950591746,unknown,VM-74,Stage1-3-0,0,0,0,0,0,0,0,0
1782950591746,unknown,VM-76,Stage2-1-0,0,0,0,0,0,0,0,0
1782950591763,unknown,VM-77,Stage2-0-0,0,0,0,0,0,0,0,0
1782950591809,unknown,VM-78,Stage3-2-0,0,0,0,0,0,0,0,0
1782950591812,unknown,VM-79,Stage3-3-0,0,0,0,0,0,0,0,0
1782950591822,unknown,VM-73,Stage1-1-0,0,0,0,0,0,0,0,0
1782950591835,unknown,VM-75,Stage1-2-0,0,20,19,667,117,2429,0,0
1782950592746,unknown,VM-74,Stage1-3-0,0,0,0,0,0,0,0,0
1782950592746,unknown,VM-76,Stage2-1-0,0,0,0,0,0,0,0,0
1782950592763,unknown,VM-77,Stage2-0-0,0,0,0,0,0,0,0,0
1782950592809,unknown,VM-78,Stage3-2-0,0,0,0,0,0,0,0,0
1782950592812,unknown,VM-79,Stage3-3-0,0,0,0,0,0,0,0,0
1782950592822,unknown,VM-73,Stage1-1-0,0,0,0,0,0,0,0,0
1782950592835,unknown,VM-75,Stage1-2-0,0,9,9,514,46,976,0,0
1782950593746,unknown,VM-76,Stage2-1-0,0,0,0,0,0,0,0,0
1782950593746,unknown,VM-74,Stage1-3-0,0,0,0,0,0,0,0,0
1782950593763,unknown,VM-77,Stage2-0-0,0,0,0,0,0,0,0,0
1782950593809,unknown,VM-78,Stage3-2-0,0,0,0,0,0,0,0,0
1782950593812,unknown,VM-79,Stage3-3-0,0,0,0,0,0,0,0,0
1782950593822,unknown,VM-73,Stage1-1-0,0,0,0,0,0,0,0,0
1782950593835,unknown,VM-75,Stage1-2-0,0,16,16,563,81,1950,0,0
1782950594746,unknown,VM-76,Stage2-1-0,0,0,0,0,0,0,0,0
1782950594746,unknown,VM-74,Stage1-3-0,0,346,342,1374,817,43188,0,0
1782950594763,unknown,VM-77,Stage2-0-0,0,0,0,0,0,0,0,0
1782950594809,unknown,VM-78,Stage3-2-0,0,0,0,0,0,0,0,0
1782950594812,unknown,VM-79,Stage3-3-0,0,0,0,0,0,0,0,0
1782950594823,unknown,VM-73,Stage1-1-0,0,0,0,0,0,0,0,0
1782950594835,unknown,VM-75,Stage1-2-0,0,34,32,750,80,4246,0,0
1782950595746,unknown,VM-74,Stage1-3-0,0,0,0,0,0,0,0,0
1782950595746,unknown,VM-76,Stage2-1-0,0,0,0,0,0,0,0,0
1782950595763,unknown,VM-77,Stage2-0-0,0,0,0,0,0,0,0,0
1782950595809,unknown,VM-78,Stage3-2-0,0,0,0,0,0,0,0,0
1782950595812,unknown,VM-79,Stage3-3-0,0,0,0,0,0,0,0,0
1782950595822,unknown,VM-73,Stage1-1-0,0,0,0,0,0,0,0,0
1782950595835,unknown,VM-75,Stage1-2-0,0,0,0,0,0,0,0,0
1782950596746,unknown,VM-74,Stage1-3-0,0,0,0,0,0,0,0,0
1782950596746,unknown,VM-76,Stage2-1-0,0,0,0,0,0,0,0,0
1782950596763,unknown,VM-77,Stage2-0-0,0,0,0,0,0,0,0,0
1782950596808,unknown,VM-78,Stage3-2-0,0,0,0,0,0,0,0,0
1782950596812,unknown,VM-79,Stage3-3-0,0,0,0,0,0,0,0,0
1782950596822,unknown,VM-73,Stage1-1-0,0,0,0,0,0,0,0,0
1782950596835,unknown,VM-75,Stage1-2-0,0,0,0,0,0,0,0,0
1782950597746,unknown,VM-74,Stage1-3-0,0,0,0,0,0,0,0,0
1782950597746,unknown,VM-76,Stage2-1-0,0,0,0,0,0,0,0,0
1782950597763,unknown,VM-77,Stage2-0-0,0,0,0,0,0,0,0,0
1782950597808,unknown,VM-78,Stage3-2-0,0,0,0,0,0,0,0,0
1782950597812,unknown,VM-79,Stage3-3-0,0,0,0,0,0,0,0,0
1782950597822,unknown,VM-73,Stage1-1-0,0,0,0,0,0,0,0,0
1782950597835,unknown,VM-75,Stage1-2-0,0,64,62,729,131,7539,0,0
1782950598746,unknown,VM-74,Stage1-3-0,0,0,0,0,0,0,0,0
1782950598746,unknown,VM-76,Stage2-1-0,0,0,0,0,0,0,0,0
1782950598763,unknown,VM-77,Stage2-0-0,0,0,0,0,0,0,0,0
1782950598808,unknown,VM-78,Stage3-2-0,0,0,0,0,0,0,0,0
1782950598812,unknown,VM-79,Stage3-3-0,0,0,0,0,0,0,0,0
1782950598822,unknown,VM-73,Stage1-1-0,0,0,0,0,0,0,0,0
1782950598835,unknown,VM-75,Stage1-2-0,0,0,0,0,0,0,0,0
1782950599746,unknown,VM-76,Stage2-1-0,0,0,0,0,0,0,0,0
1782950599746,unknown,VM-74,Stage1-3-0,0,0,0,0,0,0,0,0
1782950599763,unknown,VM-77,Stage2-0-0,0,0,0,0,0,0,0,0
1782950599808,unknown,VM-78,Stage3-2-0,0,0,0,0,0,0,0,0
1782950599812,unknown,VM-79,Stage3-3-0,0,0,0,0,0,0,0,0
1782950599823,unknown,VM-73,Stage1-1-0,0,0,0,0,0,0,0,0
1782950599835,unknown,VM-75,Stage1-2-0,0,47,44,697,156,5717,0,0
1782950600746,unknown,VM-74,Stage1-3-0,0,0,0,0,0,0,0,0
1782950600746,unknown,VM-76,Stage2-1-0,0,0,0,0,0,0,0,0
1782950600763,unknown,VM-77,Stage2-0-0,0,0,0,0,0,0,0,0
1782950600808,unknown,VM-78,Stage3-2-0,0,0,0,0,0,0,0,0
1782950600812,unknown,VM-79,Stage3-3-0,0,0,0,0,0,0,0,0
1782950600822,unknown,VM-73,Stage1-1-0,0,0,0,0,0,0,0,0
1782950600835,unknown,VM-75,Stage1-2-0,0,18,17,329,65,2003,0,0
1782950601746,unknown,VM-74,Stage1-3-0,0,512,508,1639,1021,62508,0,0
1782950601746,unknown,VM-76,Stage2-1-0,0,0,0,0,0,0,0,0
1782950601763,unknown,VM-77,Stage2-0-0,0,0,0,0,0,0,0,0
1782950601809,unknown,VM-78,Stage3-2-0,0,0,0,0,0,0,0,0
1782950601812,unknown,VM-79,Stage3-3-0,0,0,0,0,0,0,0,0
1782950601822,unknown,VM-73,Stage1-1-0,0,0,0,0,0,0,0,0
1782950601835,unknown,VM-75,Stage1-2-0,0,6,6,448,48,641,0,0
1782950602746,unknown,VM-74,Stage1-3-0,0,224,222,1141,601,27625,0,0
1782950602746,unknown,VM-76,Stage2-1-0,0,0,0,0,0,0,0,0
1782950602763,unknown,VM-77,Stage2-0-0,0,0,0,0,0,0,0,0
1782950602808,unknown,VM-78,Stage3-2-0,0,0,0,0,0,0,0,0
1782950602812,unknown,VM-79,Stage3-3-0,0,0,0,0,0,0,0,0
1782950602823,unknown,VM-73,Stage1-1-0,0,0,0,0,0,0,0,0
1782950602835,unknown,VM-75,Stage1-2-0,0,39,38,770,86,4681,0,0
1782950603746,unknown,VM-74,Stage1-3-0,0,236,236,1069,573,29203,0,0
1782950603746,unknown,VM-76,Stage2-1-0,0,0,0,0,0,0,0,0
1782950603763,unknown,VM-77,Stage2-0-0,0,0,0,0,0,0,0,0
1782950603809,unknown,VM-78,Stage3-2-0,0,0,0,0,0,0,0,0
1782950603812,unknown,VM-79,Stage3-3-0,0,0,0,0,0,0,0,0
1782950603822,unknown,VM-73,Stage1-1-0,0,0,0,0,0,0,0,0
1782950603835,unknown,VM-75,Stage1-2-0,0,0,0,0,0,0,0,0
1782950604746,unknown,VM-74,Stage1-3-0,0,0,0,0,0,0,0,0
1782950604746,unknown,VM-76,Stage2-1-0,0,0,0,0,0,0,0,0
1782950604763,unknown,VM-77,Stage2-0-0,0,0,0,0,0,0,0,0
1782950604808,unknown,VM-78,Stage3-2-0,0,0,0,0,0,0,0,0
1782950604812,unknown,VM-79,Stage3-3-0,0,0,0,0,0,0,0,0
1782950604822,unknown,VM-73,Stage1-1-0,0,0,0,0,0,0,0,0
1782950604835,unknown,VM-75,Stage1-2-0,0,66,65,695,168,8066,0,0
1782950605746,unknown,VM-74,Stage1-3-0,0,446,445,1746,1017,55718,0,0
1782950605746,unknown,VM-76,Stage2-1-0,0,0,0,0,0,0,0,0
1782950605763,unknown,VM-77,Stage2-0-0,0,0,0,0,0,0,0,0
1782950605809,unknown,VM-78,Stage3-2-0,0,0,0,0,0,0,0,0
1782950605812,unknown,VM-79,Stage3-3-0,0,0,0,0,0,0,0,0
1782950605822,unknown,VM-73,Stage1-1-0,0,0,0,0,0,0,0,0
1782950605835,unknown,VM-75,Stage1-2-0,0,14,13,570,81,1790,0,0
1782950606746,unknown,VM-74,Stage1-3-0,0,0,0,0,0,0,0,0
1782950606746,unknown,VM-76,Stage2-1-0,0,0,0,0,0,0,0,0
1782950606763,unknown,VM-77,Stage2-0-0,0,0,0,0,0,0,0,0
1782950606809,unknown,VM-78,Stage3-2-0,0,0,0,0,0,0,0,0
1782950606812,unknown,VM-79,Stage3-3-0,0,0,0,0,0,0,0,0
1782950606822,unknown,VM-73,Stage1-1-0,0,0,0,0,0,0,0,0
1782950606835,unknown,VM-75,Stage1-2-0,0,0,0,0,0,0,0,0
1782950607746,unknown,VM-76,Stage2-1-0,0,0,0,0,0,0,0,0
1782950607746,unknown,VM-74,Stage1-3-0,0,0,0,0,0,0,0,0
1782950607763,unknown,VM-77,Stage2-0-0,0,0,0,0,0,0,0,0
1782950607808,unknown,VM-78,Stage3-2-0,0,0,0,0,0,0,0,0
1782950607812,unknown,VM-79,Stage3-3-0,0,0,0,0,0,0,0,0
1782950607823,unknown,VM-73,Stage1-1-0,0,0,0,0,0,0,0,0
1782950607835,unknown,VM-75,Stage1-2-0,0,0,0,0,0,0,0,0
1782950608746,unknown,VM-74,Stage1-3-0,0,70,69,726,207,8782,0,0
1782950608746,unknown,VM-76,Stage2-1-0,0,0,0,0,0,0,0,0
1782950608763,unknown,VM-77,Stage2-0-0,0,0,0,0,0,0,0,0
1782950608808,unknown,VM-78,Stage3-2-0,0,0,0,0,0,0,0,0
1782950608812,unknown,VM-79,Stage3-3-0,0,0,0,0,0,0,0,0
1782950608823,unknown,VM-73,Stage1-1-0,0,0,0,0,0,0,0,0
1782950608835,unknown,VM-75,Stage1-2-0,0,0,0,0,0,0,0,0
1782950609746,unknown,VM-74,Stage1-3-0,0,100,97,1283,319,11787,0,0
1782950609746,unknown,VM-76,Stage2-1-0,0,0,0,0,0,0,0,0
1782950609763,unknown,VM-77,Stage2-0-0,0,0,0,0,0,0,0,0
1782950609808,unknown,VM-78,Stage3-2-0,0,0,0,0,0,0,0,0
1782950609812,unknown,VM-79,Stage3-3-0,0,0,0,0,0,0,0,0
1782950609823,unknown,VM-73,Stage1-1-0,0,0,0,0,0,0,0,0
1782950609835,unknown,VM-75,Stage1-2-0,0,91,87,1059,239,11085,0,0
1782950610746,unknown,VM-74,Stage1-3-0,0,163,163,988,353,19928,0,0
1782950610746,unknown,VM-76,Stage2-1-0,0,0,0,0,0,0,0,0
1782950610763,unknown,VM-77,Stage2-0-0,0,0,0,0,0,0,0,0
1782950610808,unknown,VM-78,Stage3-2-0,0,0,0,0,0,0,0,0
1782950610812,unknown,VM-79,Stage3-3-0,0,0,0,0,0,0,0,0
1782950610822,unknown,VM-73,Stage1-1-0,0,0,0,0,0,0,0,0
1782950610835,unknown,VM-75,Stage1-2-0,0,8,8,482,43,1068,0,0
1782950611746,unknown,VM-74,Stage1-3-0,0,0,0,0,0,0,0,0
1782950611746,unknown,VM-76,Stage2-1-0,0,0,0,0,0,0,0,0
1782950611763,unknown,VM-77,Stage2-0-0,0,0,0,0,0,0,0,0
1782950611809,unknown,VM-78,Stage3-2-0,0,0,0,0,0,0,0,0
1782950611812,unknown,VM-79,Stage3-3-0,0,0,0,0,0,0,0,0
1782950611822,unknown,VM-73,Stage1-1-0,0,0,0,0,0,0,0,0
1782950611835,unknown,VM-75,Stage1-2-0,0,0,0,0,0,0,0,0
1782950612746,unknown,VM-74,Stage1-3-0,0,0,0,0,0,0,0,0
1782950612746,unknown,VM-76,Stage2-1-0,0,0,0,0,0,0,0,0
1782950612763,unknown,VM-77,Stage2-0-0,0,0,0,0,0,0,0,0
1782950612808,unknown,VM-78,Stage3-2-0,0,0,0,0,0,0,0,0
1782950612812,unknown,VM-79,Stage3-3-0,0,0,0,0,0,0,0,0
1782950612822,unknown,VM-73,Stage1-1-0,0,0,0,0,0,0,0,0
1782950612835,unknown,VM-75,Stage1-2-0,0,33,30,597,81,4152,0,0
1782950613747,unknown,VM-74,Stage1-3-0,0,440,433,1733,1040,53374,0,0
1782950613747,unknown,VM-76,Stage2-1-0,0,0,0,0,0,0,0,0
1782950613763,unknown,VM-77,Stage2-0-0,0,0,0,0,0,0,0,0
1782950613808,unknown,VM-78,Stage3-2-0,0,0,0,0,0,0,0,0
1782950613812,unknown,VM-79,Stage3-3-0,0,0,0,0,0,0,0,0
1782950613822,unknown,VM-73,Stage1-1-0,0,0,0,0,0,0,0,0
1782950613835,unknown,VM-75,Stage1-2-0,0,0,0,0,0,0,0,0
1782950614746,unknown,VM-74,Stage1-3-0,0,0,0,0,0,0,0,0
1782950614746,unknown,VM-76,Stage2-1-0,0,0,0,0,0,0,0,0
1782950614763,unknown,VM-77,Stage2-0-0,0,0,0,0,0,0,0,0
1782950614808,unknown,VM-78,Stage3-2-0,0,0,0,0,0,0,0,0
1782950614812,unknown,VM-79,Stage3-3-0,0,0,0,0,0,0,0,0
1782950614822,unknown,VM-73,Stage1-1-0,0,0,0,0,0,0,0,0
1782950614835,unknown,VM-75,Stage1-2-0,0,0,0,0,0,0,0,0
1782950615746,unknown,VM-74,Stage1-3-0,0,49,49,824,185,5496,0,0
1782950615746,unknown,VM-76,Stage2-1-0,0,0,0,0,0,0,0,0
1782950615763,unknown,VM-77,Stage2-0-0,0,0,0,0,0,0,0,0
1782950615809,unknown,VM-78,Stage3-2-0,0,0,0,0,0,0,0,0
1782950615812,unknown,VM-79,Stage3-3-0,0,0,0,0,0,0,0,0
1782950615822,unknown,VM-73,Stage1-1-0,0,0,0,0,0,0,0,0
1782950615835,unknown,VM-75,Stage1-2-0,0,0,0,0,0,0,0,0
1782950616746,unknown,VM-74,Stage1-3-0,0,459,451,1925,977,56729,0,0
1782950616746,unknown,VM-76,Stage2-1-0,0,0,0,0,0,0,0,0
1782950616763,unknown,VM-77,Stage2-0-0,0,0,0,0,0,0,0,0
1782950616808,unknown,VM-78,Stage3-2-0,0,0,0,0,0,0,0,0
1782950616812,unknown,VM-79,Stage3-3-0,0,0,0,0,0,0,0,0
1782950616822,unknown,VM-73,Stage1-1-0,0,0,0,0,0,0,0,0
1782950616835,unknown,VM-75,Stage1-2-0,0,0,0,0,0,0,0,0
1782950617746,unknown,VM-74,Stage1-3-0,0,261,256,1214,605,31257,0,0
1782950617746,unknown,VM-76,Stage2-1-0,0,0,0,0,0,0,0,0
1782950617763,unknown,VM-77,Stage2-0-0,0,0,0,0,0,0,0,0
1782950617809,unknown,VM-78,Stage3-2-0,0,0,0,0,0,0,0,0
1782950617812,unknown,VM-79,Stage3-3-0,0,0,0,0,0,0,0,0
1782950617822,unknown,VM-73,Stage1-1-0,0,0,0,0,0,0,0,0
1782950617835,unknown,VM-75,Stage1-2-0,0,89,83,765,172,10324,0,0
1782950618746,unknown,VM-74,Stage1-3-0,0,216,209,1056,583,25876,0,0
1782950618746,unknown,VM-76,Stage2-1-0,0,0,0,0,0,0,0,0
1782950618763,unknown,VM-77,Stage2-0-0,0,0,0,0,0,0,0,0
1782950618808,unknown,VM-78,Stage3-2-0,0,0,0,0,0,0,0,0
1782950618812,unknown,VM-79,Stage3-3-0,0,0,0,0,0,0,0,0
1782950618822,unknown,VM-73,Stage1-1-0,0,0,0,0,0,0,0,0
1782950618835,unknown,VM-75,Stage1-2-0,0,0,0,0,0,0,0,0
1782950619746,unknown,VM-74,Stage1-3-0,0,125,123,919,293,15873,0,0
1782950619746,unknown,VM-76,Stage2-1-0,0,0,0,0,0,0,0,0
1782950619763,unknown,VM-77,Stage2-0-0,0,0,0,0,0,0,0,0
1782950619808,unknown,VM-78,Stage3-2-0,0,0,0,0,0,0,0,0
1782950619812,unknown,VM-79,Stage3-3-0,0,0,0,0,0,0,0,0
1782950619822,unknown,VM-73,Stage1-1-0,0,0,0,0,0,0,0,0
1782950619835,unknown,VM-75,Stage1-2-0,0,18,18,561,107,2142,0,0
1782950620746,unknown,VM-74,Stage1-3-0,0,236,234,1517,488,28542,0,0
1782950620746,unknown,VM-76,Stage2-1-0,0,0,0,0,0,0,0,0
1782950620763,unknown,VM-77,Stage2-0-0,0,0,0,0,0,0,0,0
1782950620809,unknown,VM-78,Stage3-2-0,0,0,0,0,0,0,0,0
1782950620812,unknown,VM-79,Stage3-3-0,0,0,0,0,0,0,0,0
1782950620822,unknown,VM-73,Stage1-1-0,0,0,0,0,0,0,0,0
1782950620835,unknown,VM-75,Stage1-2-0,0,14,13,630,77,1812,0,0
1782950621746,unknown,VM-74,Stage1-3-0,0,0,0,0,0,0,0,0
1782950621746,unknown,VM-76,Stage2-1-0,0,0,0,0,0,0,0,0
1782950621763,unknown,VM-77,Stage2-0-0,0,0,0,0,0,0,0,0
1782950621809,unknown,VM-78,Stage3-2-0,0,0,0,0,0,0,0,0
1782950621812,unknown,VM-79,Stage3-3-0,0,0,0,0,0,0,0,0
1782950621822,unknown,VM-73,Stage1-1-0,0,0,0,0,0,0,0,0
1782950621835,unknown,VM-75,Stage1-2-0,0,4,4,373,22,434,0,0
1782950622746,unknown,VM-74,Stage1-3-0,0,200,198,1063,483,24466,0,0
1782950622746,unknown,VM-76,Stage2-1-0,0,0,0,0,0,0,0,0
1782950622763,unknown,VM-77,Stage2-0-0,0,0,0,0,0,0,0,0
1782950622808,unknown,VM-78,Stage3-2-0,0,0,0,0,0,0,0,0
1782950622812,unknown,VM-79,Stage3-3-0,0,0,0,0,0,0,0,0
1782950622822,unknown,VM-73,Stage1-1-0,0,0,0,0,0,0,0,0
1782950622835,unknown,VM-75,Stage1-2-0,0,8,7,316,32,941,0,0
1782950623746,unknown,VM-74,Stage1-3-0,0,72,71,771,222,8469,0,0
1782950623746,unknown,VM-76,Stage2-1-0,0,0,0,0,0,0,0,0
1782950623763,unknown,VM-77,Stage2-0-0,0,0,0,0,0,0,0,0
1782950623808,unknown,VM-78,Stage3-2-0,0,0,0,0,0,0,0,0
1782950623812,unknown,VM-79,Stage3-3-0,0,0,0,0,0,0,0,0
1782950623822,unknown,VM-73,Stage1-1-0,0,0,0,0,0,0,0,0
1782950623835,unknown,VM-75,Stage1-2-0,0,8,8,340,34,860,0,0
1782950624746,unknown,VM-76,Stage2-1-0,0,0,0,0,0,0,0,0
1782950624746,unknown,VM-74,Stage1-3-0,0,0,0,0,0,0,0,0
1782950624763,unknown,VM-77,Stage2-0-0,0,0,0,0,0,0,0,0
1782950624808,unknown,VM-78,Stage3-2-0,0,0,0,0,0,0,0,0
1782950624812,unknown,VM-79,Stage3-3-0,0,0,0,0,0,0,0,0
1782950624822,unknown,VM-73,Stage1-1-0,0,0,0,0,0,0,0,0
1782950624835,unknown,VM-75,Stage1-2-0,0,8,8,386,64,862,0,0
1782950625746,unknown,VM-74,Stage1-3-0,0,172,170,1069,420,21540,0,0
1782950625746,unknown,VM-76,Stage2-1-0,0,0,0,0,0,0,0,0
1782950625763,unknown,VM-77,Stage2-0-0,0,0,0,0,0,0,0,0
1782950625808,unknown,VM-78,Stage3-2-0,0,0,0,0,0,0,0,0
1782950625812,unknown,VM-79,Stage3-3-0,0,0,0,0,0,0,0,0
1782950625823,unknown,VM-73,Stage1-1-0,0,0,0,0,0,0,0,0
1782950625835,unknown,VM-75,Stage1-2-0,0,8,7,411,36,931,0,0
1782950626746,unknown,VM-74,Stage1-3-0,0,189,185,1143,546,22912,0,0
1782950626746,unknown,VM-76,Stage2-1-0,0,0,0,0,0,0,0,0
1782950626763,unknown,VM-77,Stage2-0-0,0,0,0,0,0,0,0,0
1782950626808,unknown,VM-78,Stage3-2-0,0,0,0,0,0,0,0,0
1782950626812,unknown,VM-79,Stage3-3-0,0,0,0,0,0,0,0,0
1782950626822,unknown,VM-73,Stage1-1-0,0,0,0,0,0,0,0,0
1782950626835,unknown,VM-75,Stage1-2-0,0,23,21,674,55,2821,0,0
1782950627746,unknown,VM-74,Stage1-3-0,0,143,138,898,447,17056,0,0
1782950627746,unknown,VM-76,Stage2-1-0,0,0,0,0,0,0,0,0
1782950627763,unknown,VM-77,Stage2-0-0,0,0,0,0,0,0,0,0
1782950627808,unknown,VM-78,Stage3-2-0,0,0,0,0,0,0,0,0
1782950627812,unknown,VM-79,Stage3-3-0,0,0,0,0,0,0,0,0
1782950627822,unknown,VM-73,Stage1-1-0,0,0,0,0,0,0,0,0
1782950627835,unknown,VM-75,Stage1-2-0,0,6,6,1659,66,831,0,0
1782950628746,unknown,VM-74,Stage1-3-0,0,0,0,0,0,0,0,0
1782950628746,unknown,VM-76,Stage2-1-0,0,0,0,0,0,0,0,0
1782950628763,unknown,VM-77,Stage2-0-0,0,0,0,0,0,0,0,0
1782950628809,unknown,VM-78,Stage3-2-0,0,0,0,0,0,0,0,0
1782950628812,unknown,VM-79,Stage3-3-0,0,0,0,0,0,0,0,0
1782950628823,unknown,VM-73,Stage1-1-0,0,0,0,0,0,0,0,0
1782950628835,unknown,VM-75,Stage1-2-0,0,49,48,628,141,5952,0,0
1782950629746,unknown,VM-76,Stage2-1-0,0,0,0,0,0,0,0,0
1782950629746,unknown,VM-74,Stage1-3-0,0,0,0,0,0,0,0,0
1782950629763,unknown,VM-77,Stage2-0-0,0,0,0,0,0,0,0,0
1782950629808,unknown,VM-78,Stage3-2-0,0,0,0,0,0,0,0,0
1782950629812,unknown,VM-79,Stage3-3-0,0,0,0,0,0,0,0,0
1782950629822,unknown,VM-73,Stage1-1-0,0,0,0,0,0,0,0,0
1782950629835,unknown,VM-75,Stage1-2-0,0,45,43,762,137,5598,0,0
1782950630746,unknown,VM-76,Stage2-1-0,0,0,0,0,0,0,0,0
1782950630746,unknown,VM-74,Stage1-3-0,0,0,0,0,0,0,0,0
1782950630763,unknown,VM-77,Stage2-0-0,0,0,0,0,0,0,0,0
1782950630808,unknown,VM-78,Stage3-2-0,0,0,0,0,0,0,0,0
1782950630812,unknown,VM-79,Stage3-3-0,0,0,0,0,0,0,0,0
1782950630822,unknown,VM-73,Stage1-1-0,0,0,0,0,0,0,0,0
1782950630835,unknown,VM-75,Stage1-2-0,0,56,56,1165,139,6232,0,0
1782950631746,unknown,VM-74,Stage1-3-0,0,276,274,1827,661,33803,0,0
1782950631746,unknown,VM-76,Stage2-1-0,0,0,0,0,0,0,0,0
1782950631763,unknown,VM-77,Stage2-0-0,0,0,0,0,0,0,0,0
1782950631809,unknown,VM-78,Stage3-2-0,0,0,0,0,0,0,0,0
1782950631812,unknown,VM-79,Stage3-3-0,0,0,0,0,0,0,0,0
1782950631823,unknown,VM-73,Stage1-1-0,0,0,0,0,0,0,0,0
1782950631835,unknown,VM-75,Stage1-2-0,0,29,28,662,74,3431,0,0
1782950632746,unknown,VM-74,Stage1-3-0,0,0,0,0,0,0,0,0
1782950632746,unknown,VM-76,Stage2-1-0,0,0,0,0,0,0,0,0
1782950632763,unknown,VM-77,Stage2-0-0,0,0,0,0,0,0,0,0
1782950632809,unknown,VM-78,Stage3-2-0,0,0,0,0,0,0,0,0
1782950632812,unknown,VM-79,Stage3-3-0,0,0,0,0,0,0,0,0
1782950632822,unknown,VM-73,Stage1-1-0,0,0,0,0,0,0,0,0
1782950632835,unknown,VM-75,Stage1-2-0,0,29,28,538,77,3222,0,0
1782950633746,unknown,VM-74,Stage1-3-0,0,493,484,1742,1065,59373,0,0
1782950633746,unknown,VM-76,Stage2-1-0,0,0,0,0,0,0,0,0
1782950633763,unknown,VM-77,Stage2-0-0,0,0,0,0,0,0,0,0
1782950633808,unknown,VM-78,Stage3-2-0,0,0,0,0,0,0,0,0
1782950633812,unknown,VM-79,Stage3-3-0,0,0,0,0,0,0,0,0
1782950633822,unknown,VM-73,Stage1-1-0,0,0,0,0,0,0,0,0
1782950633835,unknown,VM-75,Stage1-2-0,0,0,0,0,0,0,0,0
1782950634746,unknown,VM-74,Stage1-3-0,0,0,0,0,0,0,0,0
1782950634746,unknown,VM-76,Stage2-1-0,0,0,0,0,0,0,0,0
1782950634763,unknown,VM-77,Stage2-0-0,0,0,0,0,0,0,0,0
1782950634809,unknown,VM-78,Stage3-2-0,0,0,0,0,0,0,0,0
1782950634812,unknown,VM-79,Stage3-3-0,0,0,0,0,0,0,0,0
1782950634822,unknown,VM-73,Stage1-1-0,0,0,0,0,0,0,0,0
1782950634835,unknown,VM-75,Stage1-2-0,0,40,40,1290,105,4724,0,0
1782950635746,unknown,VM-74,Stage1-3-0,0,1,1,362,25,106,0,0
1782950635746,unknown,VM-76,Stage2-1-0,0,0,0,0,0,0,0,0
1782950635763,unknown,VM-77,Stage2-0-0,0,0,0,0,0,0,0,0
1782950635809,unknown,VM-78,Stage3-2-0,0,0,0,0,0,0,0,0
1782950635812,unknown,VM-79,Stage3-3-0,0,0,0,0,0,0,0,0
1782950635823,unknown,VM-73,Stage1-1-0,0,0,0,0,0,0,0,0
1782950635835,unknown,VM-75,Stage1-2-0,0,9,9,482,35,974,0,0
1782950636746,unknown,VM-74,Stage1-3-0,0,158,154,951,383,18950,0,0
1782950636746,unknown,VM-76,Stage2-1-0,0,0,0,0,0,0,0,0
1782950636763,unknown,VM-77,Stage2-0-0,0,0,0,0,0,0,0,0
1782950636808,unknown,VM-78,Stage3-2-0,0,0,0,0,0,0,0,0
1782950636812,unknown,VM-79,Stage3-3-0,0,0,0,0,0,0,0,0
1782950636822,unknown,VM-73,Stage1-1-0,0,0,0,0,0,0,0,0
1782950636835,unknown,VM-75,Stage1-2-0,0,14,14,726,46,1693,0,0
1782950637746,unknown,VM-76,Stage2-1-0,0,0,0,0,0,0,0,0
1782950637746,unknown,VM-74,Stage1-3-0,0,279,279,1106,532,33837,0,0
1782950637763,unknown,VM-77,Stage2-0-0,0,0,0,0,0,0,0,0
1782950637808,unknown,VM-78,Stage3-2-0,0,0,0,0,0,0,0,0
1782950637812,unknown,VM-79,Stage3-3-0,0,0,0,0,0,0,0,0
1782950637822,unknown,VM-73,Stage1-1-0,0,0,0,0,0,0,0,0
1782950637835,unknown,VM-75,Stage1-2-0,0,14,14,511,53,1735,0,0
1782950638746,unknown,VM-74,Stage1-3-0,0,8,8,418,61,879,0,0
1782950638746,unknown,VM-76,Stage2-1-0,0,0,0,0,0,0,0,0
1782950638763,unknown,VM-77,Stage2-0-0,0,0,0,0,0,0,0,0
1782950638808,unknown,VM-78,Stage3-2-0,0,0,0,0,0,0,0,0
1782950638812,unknown,VM-79,Stage3-3-0,0,0,0,0,0,0,0,0
1782950638823,unknown,VM-73,Stage1-1-0,0,0,0,0,0,0,0,0
1782950638835,unknown,VM-75,Stage1-2-0,0,3,3,657,51,330,0,0
1782950639746,unknown,VM-74,Stage1-3-0,0,0,0,0,0,0,0,0
1782950639746,unknown,VM-76,Stage2-1-0,0,0,0,0,0,0,0,0
1782950639763,unknown,VM-77,Stage2-0-0,0,0,0,0,0,0,0,0
1782950639809,unknown,VM-78,Stage3-2-0,0,0,0,0,0,0,0,0
1782950639812,unknown,VM-79,Stage3-3-0,0,0,0,0,0,0,0,0
1782950639822,unknown,VM-73,Stage1-1-0,0,0,0,0,0,0,0,0
1782950639835,unknown,VM-75,Stage1-2-0,0,0,0,0,0,0,0,0
1782950640746,unknown,VM-74,Stage1-3-0,0,191,190,1188,486,23182,0,0
1782950640746,unknown,VM-76,Stage2-1-0,0,0,0,0,0,0,0,0
1782950640763,unknown,VM-77,Stage2-0-0,0,0,0,0,0,0,0,0
1782950640808,unknown,VM-78,Stage3-2-0,0,0,0,0,0,0,0,0
1782950640812,unknown,VM-79,Stage3-3-0,0,0,0,0,0,0,0,0
1782950640822,unknown,VM-73,Stage1-1-0,0,0,0,0,0,0,0,0
1782950640835,unknown,VM-75,Stage1-2-0,0,0,0,0,0,0,0,0
1782950641746,unknown,VM-74,Stage1-3-0,0,112,106,916,293,14879,0,0
1782950641746,unknown,VM-76,Stage2-1-0,0,0,0,0,0,0,0,0
1782950641763,unknown,VM-77,Stage2-0-0,0,0,0,0,0,0,0,0
1782950641809,unknown,VM-78,Stage3-2-0,0,0,0,0,0,0,0,0
1782950641812,unknown,VM-79,Stage3-3-0,0,0,0,0,0,0,0,0
1782950641823,unknown,VM-73,Stage1-1-0,0,0,0,0,0,0,0,0
1782950641835,unknown,VM-75,Stage1-2-0,0,43,42,1285,199,6001,0,0
1782950642746,unknown,VM-74,Stage1-3-0,0,48,48,556,154,5867,0,0
1782950642746,unknown,VM-76,Stage2-1-0,0,0,0,0,0,0,0,0
1782950642763,unknown,VM-77,Stage2-0-0,0,0,0,0,0,0,0,0
1782950642809,unknown,VM-78,Stage3-2-0,0,0,0,0,0,0,0,0
1782950642812,unknown,VM-79,Stage3-3-0,0,0,0,0,0,0,0,0
1782950642822,unknown,VM-73,Stage1-1-0,0,0,0,0,0,0,0,0
1782950642835,unknown,VM-75,Stage1-2-0,0,0,0,0,0,0,0,0
1782950643746,unknown,VM-74,Stage1-3-0,0,0,0,0,0,0,0,0
1782950643746,unknown,VM-76,Stage2-1-0,0,0,0,0,0,0,0,0
1782950643763,unknown,VM-77,Stage2-0-0,0,0,0,0,0,0,0,0
1782950643809,unknown,VM-78,Stage3-2-0,0,0,0,0,0,0,0,0
1782950643812,unknown,VM-79,Stage3-3-0,0,0,0,0,0,0,0,0
1782950643822,unknown,VM-73,Stage1-1-0,0,0,0,0,0,0,0,0
1782950643835,unknown,VM-75,Stage1-2-0,0,0,0,0,0,0,0,0
1782950644746,unknown,VM-74,Stage1-3-0,0,302,299,1796,814,35888,0,0
1782950644746,unknown,VM-76,Stage2-1-0,0,0,0,0,0,0,0,0
1782950644763,unknown,VM-77,Stage2-0-0,0,0,0,0,0,0,0,0
1782950644808,unknown,VM-78,Stage3-2-0,0,0,0,0,0,0,0,0
1782950644812,unknown,VM-79,Stage3-3-0,0,0,0,0,0,0,0,0
1782950644823,unknown,VM-73,Stage1-1-0,0,0,0,0,0,0,0,0
1782950644835,unknown,VM-75,Stage1-2-0,0,65,62,1318,151,8312,0,0
1782950645746,unknown,VM-74,Stage1-3-0,0,109,107,836,235,13459,0,0
1782950645746,unknown,VM-76,Stage2-1-0,0,0,0,0,0,0,0,0
1782950645763,unknown,VM-77,Stage2-0-0,0,0,0,0,0,0,0,0
1782950645809,unknown,VM-78,Stage3-2-0,0,0,0,0,0,0,0,0
1782950645812,unknown,VM-79,Stage3-3-0,0,0,0,0,0,0,0,0
1782950645822,unknown,VM-73,Stage1-1-0,0,0,0,0,0,0,0,0
1782950645835,unknown,VM-75,Stage1-2-0,0,0,0,0,0,0,0,0
1782950646746,unknown,VM-74,Stage1-3-0,0,130,126,834,351,15384,0,0
1782950646746,unknown,VM-76,Stage2-1-0,0,0,0,0,0,0,0,0
1782950646763,unknown,VM-77,Stage2-0-0,0,0,0,0,0,0,0,0
1782950646808,unknown,VM-78,Stage3-2-0,0,0,0,0,0,0,0,0
1782950646812,unknown,VM-79,Stage3-3-0,0,0,0,0,0,0,0,0
1782950646822,unknown,VM-73,Stage1-1-0,0,0,0,0,0,0,0,0
1782950646835,unknown,VM-75,Stage1-2-0,0,49,45,681,129,6010,0,0
1782950647746,unknown,VM-74,Stage1-3-0,0,0,0,0,0,0,0,0
1782950647746,unknown,VM-76,Stage2-1-0,0,0,0,0,0,0,0,0
1782950647763,unknown,VM-77,Stage2-0-0,0,0,0,0,0,0,0,0
1782950647809,unknown,VM-78,Stage3-2-0,0,0,0,0,0,0,0,0
1782950647812,unknown,VM-79,Stage3-3-0,0,0,0,0,0,0,0,0
1782950647823,unknown,VM-73,Stage1-1-0,0,0,0,0,0,0,0,0
1782950647835,unknown,VM-75,Stage1-2-0,0,10,9,351,51,1165,0,0
1782950648746,unknown,VM-74,Stage1-3-0,0,159,157,1598,595,19701,0,0
1782950648746,unknown,VM-76,Stage2-1-0,0,0,0,0,0,0,0,0
1782950648763,unknown,VM-77,Stage2-0-0,0,0,0,0,0,0,0,0
1782950648809,unknown,VM-78,Stage3-2-0,0,0,0,0,0,0,0,0
1782950648812,unknown,VM-79,Stage3-3-0,0,0,0,0,0,0,0,0
1782950648822,unknown,VM-73,Stage1-1-0,0,0,0,0,0,0,0,0
1782950648835,unknown,VM-75,Stage1-2-0,0,29,28,474,76,3232,0,0
1782950649746,unknown,VM-76,Stage2-1-0,0,0,0,0,0,0,0,0
1782950649746,unknown,VM-74,Stage1-3-0,0,0,0,0,0,0,0,0
1782950649763,unknown,VM-77,Stage2-0-0,0,0,0,0,0,0,0,0
1782950649809,unknown,VM-78,Stage3-2-0,0,0,0,0,0,0,0,0
1782950649812,unknown,VM-79,Stage3-3-0,0,0,0,0,0,0,0,0
1782950649823,unknown,VM-73,Stage1-1-0,0,0,0,0,0,0,0,0
1782950649835,unknown,VM-75,Stage1-2-0,0,19,18,941,95,2301,0,0
1782950650746,unknown,VM-76,Stage2-1-0,0,0,0,0,0,0,0,0
1782950650746,unknown,VM-74,Stage1-3-0,0,0,0,0,0,0,0,0
1782950650763,unknown,VM-77,Stage2-0-0,0,0,0,0,0,0,0,0
1782950650809,unknown,VM-78,Stage3-2-0,0,0,0,0,0,0,0,0
1782950650812,unknown,VM-79,Stage3-3-0,0,0,0,0,0,0,0,0
1782950650823,unknown,VM-73,Stage1-1-0,0,0,0,0,0,0,0,0
1782950650835,unknown,VM-75,Stage1-2-0,0,28,27,662,97,3286,0,0
1782950651746,unknown,VM-74,Stage1-3-0,0,486,485,1721,1031,60746,0,0
1782950651746,unknown,VM-76,Stage2-1-0,0,0,0,0,0,0,0,0
1782950651763,unknown,VM-77,Stage2-0-0,0,0,0,0,0,0,0,0
1782950651808,unknown,VM-78,Stage3-2-0,0,0,0,0,0,0,0,0
1782950651812,unknown,VM-79,Stage3-3-0,0,0,0,0,0,0,0,0
1782950651823,unknown,VM-73,Stage1-1-0,0,0,0,0,0,0,0,0
1782950651835,unknown,VM-75,Stage1-2-0,0,0,0,0,0,0,0,0
1782950652746,unknown,VM-74,Stage1-3-0,0,45,45,813,142,5641,0,0
1782950652746,unknown,VM-76,Stage2-1-0,0,0,0,0,0,0,0,0
1782950652763,unknown,VM-77,Stage2-0-0,0,0,0,0,0,0,0,0
1782950652808,unknown,VM-78,Stage3-2-0,0,0,0,0,0,0,0,0
1782950652812,unknown,VM-79,Stage3-3-0,0,0,0,0,0,0,0,0
1782950652822,unknown,VM-73,Stage1-1-0,0,0,0,0,0,0,0,0
1782950652835,unknown,VM-75,Stage1-2-0,0,21,21,771,71,2510,0,0
1782950653746,unknown,VM-74,Stage1-3-0,0,181,180,964,389,21576,0,0
1782950653746,unknown,VM-76,Stage2-1-0,0,0,0,0,0,0,0,0
1782950653763,unknown,VM-77,Stage2-0-0,0,0,0,0,0,0,0,0
1782950653809,unknown,VM-78,Stage3-2-0,0,0,0,0,0,0,0,0
1782950653812,unknown,VM-79,Stage3-3-0,0,0,0,0,0,0,0,0
1782950653822,unknown,VM-73,Stage1-1-0,0,0,0,0,0,0,0,0
1782950653835,unknown,VM-75,Stage1-2-0,0,0,0,0,0,0,0,0
1782950654746,unknown,VM-76,Stage2-1-0,0,0,0,0,0,0,0,0
1782950654746,unknown,VM-74,Stage1-3-0,0,165,164,996,347,19947,0,0
1782950654763,unknown,VM-77,Stage2-0-0,0,0,0,0,0,0,0,0
1782950654808,unknown,VM-78,Stage3-2-0,0,0,0,0,0,0,0,0
1782950654812,unknown,VM-79,Stage3-3-0,0,0,0,0,0,0,0,0
1782950654822,unknown,VM-73,Stage1-1-0,0,0,0,0,0,0,0,0
1782950654836,unknown,VM-75,Stage1-2-0,0,0,0,0,0,0,0,0
1782950655746,unknown,VM-74,Stage1-3-0,0,151,145,869,330,17944,0,0
1782950655746,unknown,VM-76,Stage2-1-0,0,0,0,0,0,0,0,0
1782950655763,unknown,VM-77,Stage2-0-0,0,0,0,0,0,0,0,0
1782950655808,unknown,VM-78,Stage3-2-0,0,0,0,0,0,0,0,0
1782950655812,unknown,VM-79,Stage3-3-0,0,0,0,0,0,0,0,0
1782950655823,unknown,VM-73,Stage1-1-0,0,0,0,0,0,0,0,0
1782950655835,unknown,VM-75,Stage1-2-0,0,88,87,1189,216,10017,0,0
1782950656746,unknown,VM-74,Stage1-3-0,0,221,217,1297,443,26853,0,0
1782950656746,unknown,VM-76,Stage2-1-0,0,0,0,0,0,0,0,0
1782950656763,unknown,VM-77,Stage2-0-0,0,0,0,0,0,0,0,0
1782950656808,unknown,VM-78,Stage3-2-0,0,0,0,0,0,0,0,0
1782950656812,unknown,VM-79,Stage3-3-0,0,0,0,0,0,0,0,0
1782950656822,unknown,VM-73,Stage1-1-0,0,0,0,0,0,0,0,0
1782950656835,unknown,VM-75,Stage1-2-0,0,0,0,0,0,0,0,0
1782950657746,unknown,VM-74,Stage1-3-0,0,63,63,803,190,7830,0,0
1782950657746,unknown,VM-76,Stage2-1-0,0,0,0,0,0,0,0,0
1782950657763,unknown,VM-77,Stage2-0-0,0,0,0,0,0,0,0,0
1782950657809,unknown,VM-78,Stage3-2-0,0,0,0,0,0,0,0,0
1782950657812,unknown,VM-79,Stage3-3-0,0,0,0,0,0,0,0,0
1782950657823,unknown,VM-73,Stage1-1-0,0,0,0,0,0,0,0,0
1782950657835,unknown,VM-75,Stage1-2-0,0,0,0,0,0,0,0,0
1782950658746,unknown,VM-74,Stage1-3-0,0,179,178,1114,414,21908,0,0
1782950658746,unknown,VM-76,Stage2-1-0,0,0,0,0,0,0,0,0
1782950658763,unknown,VM-77,Stage2-0-0,0,0,0,0,0,0,0,0
1782950658809,unknown,VM-78,Stage3-2-0,0,0,0,0,0,0,0,0
1782950658812,unknown,VM-79,Stage3-3-0,0,0,0,0,0,0,0,0
1782950658823,unknown,VM-73,Stage1-1-0,0,0,0,0,0,0,0,0
1782950658835,unknown,VM-75,Stage1-2-0,0,73,71,912,208,8491,0,0
1782950659746,unknown,VM-74,Stage1-3-0,0,0,0,0,0,0,0,0
1782950659746,unknown,VM-76,Stage2-1-0,0,0,0,0,0,0,0,0
1782950659763,unknown,VM-77,Stage2-0-0,0,0,0,0,0,0,0,0
1782950659808,unknown,VM-78,Stage3-2-0,0,0,0,0,0,0,0,0
1782950659812,unknown,VM-79,Stage3-3-0,0,0,0,0,0,0,0,0
1782950659823,unknown,VM-73,Stage1-1-0,0,0,0,0,0,0,0,0
1782950659835,unknown,VM-75,Stage1-2-0,0,0,0,0,0,0,0,0
1782950660746,unknown,VM-74,Stage1-3-0,0,241,233,1049,544,28946,0,0
1782950660746,unknown,VM-76,Stage2-1-0,0,0,0,0,0,0,0,0
1782950660763,unknown,VM-77,Stage2-0-0,0,0,0,0,0,0,0,0
1782950660808,unknown,VM-78,Stage3-2-0,0,0,0,0,0,0,0,0
1782950660812,unknown,VM-79,Stage3-3-0,0,0,0,0,0,0,0,0
1782950660823,unknown,VM-73,Stage1-1-0,0,0,0,0,0,0,0,0
1782950660835,unknown,VM-75,Stage1-2-0,0,58,55,748,157,7515,0,0
1782950661746,unknown,VM-74,Stage1-3-0,0,0,0,0,0,0,0,0
1782950661746,unknown,VM-76,Stage2-1-0,0,0,0,0,0,0,0,0
1782950661763,unknown,VM-77,Stage2-0-0,0,0,0,0,0,0,0,0
1782950661809,unknown,VM-78,Stage3-2-0,0,0,0,0,0,0,0,0
1782950661812,unknown,VM-79,Stage3-3-0,0,0,0,0,0,0,0,0
1782950661823,unknown,VM-73,Stage1-1-0,0,0,0,0,0,0,0,0
1782950661835,unknown,VM-75,Stage1-2-0,0,0,0,0,0,0,0,0
1782950662746,unknown,VM-74,Stage1-3-0,0,0,0,0,0,0,0,0
1782950662746,unknown,VM-76,Stage2-1-0,0,0,0,0,0,0,0,0
1782950662763,unknown,VM-77,Stage2-0-0,0,0,0,0,0,0,0,0
1782950662808,unknown,VM-78,Stage3-2-0,0,0,0,0,0,0,0,0
1782950662812,unknown,VM-79,Stage3-3-0,0,0,0,0,0,0,0,0
1782950662822,unknown,VM-73,Stage1-1-0,0,0,0,0,0,0,0,0
1782950662835,unknown,VM-75,Stage1-2-0,0,29,25,712,90,3867,0,0
1782950663746,unknown,VM-74,Stage1-3-0,0,261,261,1150,564,32901,0,0
1782950663746,unknown,VM-76,Stage2-1-0,0,0,0,0,0,0,0,0
1782950663763,unknown,VM-77,Stage2-0-0,0,0,0,0,0,0,0,0
1782950663808,unknown,VM-78,Stage3-2-0,0,0,0,0,0,0,0,0
1782950663812,unknown,VM-79,Stage3-3-0,0,0,0,0,0,0,0,0
1782950663822,unknown,VM-73,Stage1-1-0,0,0,0,0,0,0,0,0
1782950663835,unknown,VM-75,Stage1-2-0,0,17,17,575,75,2086,0,0
1782950664746,unknown,VM-74,Stage1-3-0,0,0,0,0,0,0,0,0
1782950664746,unknown,VM-76,Stage2-1-0,0,0,0,0,0,0,0,0
1782950664763,unknown,VM-77,Stage2-0-0,0,0,0,0,0,0,0,0
1782950664809,unknown,VM-78,Stage3-2-0,0,0,0,0,0,0,0,0
1782950664812,unknown,VM-79,Stage3-3-0,0,0,0,0,0,0,0,0
1782950664822,unknown,VM-73,Stage1-1-0,0,0,0,0,0,0,0,0
1782950664835,unknown,VM-75,Stage1-2-0,0,0,0,0,0,0,0,0
1782950665746,unknown,VM-74,Stage1-3-0,0,165,161,1226,442,19312,0,0
1782950665746,unknown,VM-76,Stage2-1-0,0,0,0,0,0,0,0,0
1782950665763,unknown,VM-77,Stage2-0-0,0,0,0,0,0,0,0,0
1782950665809,unknown,VM-78,Stage3-2-0,0,0,0,0,0,0,0,0
1782950665812,unknown,VM-79,Stage3-3-0,0,0,0,0,0,0,0,0
1782950665822,unknown,VM-73,Stage1-1-0,0,0,0,0,0,0,0,0
1782950665835,unknown,VM-75,Stage1-2-0,0,0,0,0,0,0,0,0
1782950666746,unknown,VM-74,Stage1-3-0,0,0,0,0,0,0,0,0
1782950666746,unknown,VM-76,Stage2-1-0,0,0,0,0,0,0,0,0
1782950666763,unknown,VM-77,Stage2-0-0,0,0,0,0,0,0,0,0
1782950666808,unknown,VM-78,Stage3-2-0,0,0,0,0,0,0,0,0
1782950666812,unknown,VM-79,Stage3-3-0,0,0,0,0,0,0,0,0
1782950666822,unknown,VM-73,Stage1-1-0,0,0,0,0,0,0,0,0
1782950666835,unknown,VM-75,Stage1-2-0,0,0,0,0,0,0,0,0
1782950667746,unknown,VM-74,Stage1-3-0,0,221,215,1128,522,26650,0,0
1782950667746,unknown,VM-76,Stage2-1-0,0,0,0,0,0,0,0,0
1782950667763,unknown,VM-77,Stage2-0-0,0,0,0,0,0,0,0,0
1782950667808,unknown,VM-78,Stage3-2-0,0,0,0,0,0,0,0,0
1782950667812,unknown,VM-79,Stage3-3-0,0,0,0,0,0,0,0,0
1782950667822,unknown,VM-73,Stage1-1-0,0,0,0,0,0,0,0,0
1782950667835,unknown,VM-75,Stage1-2-0,0,32,32,685,116,3885,0,0
1782950668746,unknown,VM-74,Stage1-3-0,0,70,69,698,182,8146,0,0
1782950668746,unknown,VM-76,Stage2-1-0,0,0,0,0,0,0,0,0
1782950668763,unknown,VM-77,Stage2-0-0,0,0,0,0,0,0,0,0
1782950668809,unknown,VM-78,Stage3-2-0,0,0,0,0,0,0,0,0
1782950668812,unknown,VM-79,Stage3-3-0,0,0,0,0,0,0,0,0
1782950668822,unknown,VM-73,Stage1-1-0,0,0,0,0,0,0,0,0
1782950668835,unknown,VM-75,Stage1-2-0,0,19,19,598,59,2251,0,0
1782950669746,unknown,VM-74,Stage1-3-0,0,37,36,621,149,4693,0,0
1782950669746,unknown,VM-76,Stage2-1-0,0,0,0,0,0,0,0,0
1782950669763,unknown,VM-77,Stage2-0-0,0,0,0,0,0,0,0,0
1782950669809,unknown,VM-78,Stage3-2-0,0,0,0,0,0,0,0,0
1782950669812,unknown,VM-79,Stage3-3-0,0,0,0,0,0,0,0,0
1782950669823,unknown,VM-73,Stage1-1-0,0,0,0,0,0,0,0,0
1782950669835,unknown,VM-75,Stage1-2-0,0,33,32,658,62,3876,0,0
1782950670746,unknown,VM-74,Stage1-3-0,0,67,63,789,188,7746,0,0
1782950670746,unknown,VM-76,Stage2-1-0,0,0,0,0,0,0,0,0
1782950670763,unknown,VM-77,Stage2-0-0,0,0,0,0,0,0,0,0
1782950670808,unknown,VM-78,Stage3-2-0,0,0,0,0,0,0,0,0
1782950670812,unknown,VM-79,Stage3-3-0,0,0,0,0,0,0,0,0
1782950670823,unknown,VM-73,Stage1-1-0,0,0,0,0,0,0,0,0
1782950670835,unknown,VM-75,Stage1-2-0,0,134,130,812,254,15460,0,0
1782950671746,unknown,VM-74,Stage1-3-0,0,0,0,0,0,0,0,0
1782950671746,unknown,VM-76,Stage2-1-0,0,0,0,0,0,0,0,0
1782950671763,unknown,VM-77,Stage2-0-0,0,0,0,0,0,0,0,0
1782950671808,unknown,VM-78,Stage3-2-0,0,0,0,0,0,0,0,0
1782950671812,unknown,VM-79,Stage3-3-0,0,0,0,0,0,0,0,0
1782950671822,unknown,VM-73,Stage1-1-0,0,0,0,0,0,0,0,0
1782950671835,unknown,VM-75,Stage1-2-0,0,116,110,879,259,14004,0,0
1782950672746,unknown,VM-74,Stage1-3-0,0,432,423,1456,884,53439,0,0
1782950672746,unknown,VM-76,Stage2-1-0,0,0,0,0,0,0,0,0
1782950672763,unknown,VM-77,Stage2-0-0,0,0,0,0,0,0,0,0
1782950672809,unknown,VM-78,Stage3-2-0,0,0,0,0,0,0,0,0
1782950672812,unknown,VM-79,Stage3-3-0,0,0,0,0,0,0,0,0
1782950672823,unknown,VM-73,Stage1-1-0,0,0,0,0,0,0,0,0
1782950672835,unknown,VM-75,Stage1-2-0,0,47,44,12437,177,5785,0,0
1782950673746,unknown,VM-74,Stage1-3-0,0,133,131,1482,376,16199,0,0
1782950673746,unknown,VM-76,Stage2-1-0,0,0,0,0,0,0,0,0
1782950673763,unknown,VM-77,Stage2-0-0,0,0,0,0,0,0,0,0
1782950673809,unknown,VM-78,Stage3-2-0,0,0,0,0,0,0,0,0
1782950673812,unknown,VM-79,Stage3-3-0,0,0,0,0,0,0,0,0
1782950673822,unknown,VM-73,Stage1-1-0,0,0,0,0,0,0,0,0
1782950673835,unknown,VM-75,Stage1-2-0,0,26,26,640,72,3274,0,0
1782950674746,unknown,VM-74,Stage1-3-0,0,0,0,0,0,0,0,0
1782950674746,unknown,VM-76,Stage2-1-0,0,0,0,0,0,0,0,0
1782950674763,unknown,VM-77,Stage2-0-0,0,0,0,0,0,0,0,0
1782950674808,unknown,VM-78,Stage3-2-0,0,0,0,0,0,0,0,0
1782950674812,unknown,VM-79,Stage3-3-0,0,0,0,0,0,0,0,0
1782950674822,unknown,VM-73,Stage1-1-0,0,0,0,0,0,0,0,0
1782950674835,unknown,VM-75,Stage1-2-0,0,0,0,0,0,0,0,0
1782950675746,unknown,VM-74,Stage1-3-0,0,301,298,1452,675,38329,0,0
1782950675746,unknown,VM-76,Stage2-1-0,0,0,0,0,0,0,0,0
1782950675763,unknown,VM-77,Stage2-0-0,0,0,0,0,0,0,0,0
1782950675809,unknown,VM-78,Stage3-2-0,0,0,0,0,0,0,0,0
1782950675812,unknown,VM-79,Stage3-3-0,0,0,0,0,0,0,0,0
1782950675822,unknown,VM-73,Stage1-1-0,0,0,0,0,0,0,0,0
1782950675835,unknown,VM-75,Stage1-2-0,0,0,0,0,0,0,0,0
1782950676746,unknown,VM-74,Stage1-3-0,0,0,0,0,0,0,0,0
1782950676746,unknown,VM-76,Stage2-1-0,0,0,0,0,0,0,0,0
1782950676763,unknown,VM-77,Stage2-0-0,0,0,0,0,0,0,0,0
1782950676809,unknown,VM-78,Stage3-2-0,0,0,0,0,0,0,0,0
1782950676812,unknown,VM-79,Stage3-3-0,0,0,0,0,0,0,0,0
1782950676823,unknown,VM-73,Stage1-1-0,0,0,0,0,0,0,0,0
1782950676835,unknown,VM-75,Stage1-2-0,0,328,314,1213,646,39587,0,0
1782950677746,unknown,VM-74,Stage1-3-0,0,42,41,441,99,4613,0,0
1782950677746,unknown,VM-76,Stage2-1-0,0,0,0,0,0,0,0,0
1782950677763,unknown,VM-77,Stage2-0-0,0,0,0,0,0,0,0,0
1782950677808,unknown,VM-78,Stage3-2-0,0,0,0,0,0,0,0,0
1782950677812,unknown,VM-79,Stage3-3-0,0,0,0,0,0,0,0,0
1782950677822,unknown,VM-73,Stage1-1-0,0,0,0,0,0,0,0,0
1782950677835,unknown,VM-75,Stage1-2-0,0,19,18,566,63,2326,0,0
1782950678746,unknown,VM-76,Stage2-1-0,0,0,0,0,0,0,0,0
1782950678746,unknown,VM-74,Stage1-3-0,0,0,0,0,0,0,0,0
1782950678763,unknown,VM-77,Stage2-0-0,0,0,0,0,0,0,0,0
1782950678808,unknown,VM-78,Stage3-2-0,0,0,0,0,0,0,0,0
1782950678812,unknown,VM-79,Stage3-3-0,0,0,0,0,0,0,0,0
1782950678822,unknown,VM-73,Stage1-1-0,0,0,0,0,0,0,0,0
1782950678835,unknown,VM-75,Stage1-2-0,0,88,86,1244,221,9877,0,0
1782950679746,unknown,VM-74,Stage1-3-0,0,424,416,1474,830,50095,0,0
1782950679746,unknown,VM-76,Stage2-1-0,0,0,0,0,0,0,0,0
1782950679763,unknown,VM-77,Stage2-0-0,0,0,0,0,0,0,0,0
1782950679809,unknown,VM-78,Stage3-2-0,0,0,0,0,0,0,0,0
1782950679812,unknown,VM-79,Stage3-3-0,0,0,0,0,0,0,0,0
1782950679822,unknown,VM-73,Stage1-1-0,0,0,0,0,0,0,0,0
1782950679835,unknown,VM-75,Stage1-2-0,0,0,0,0,0,0,0,0
1782950680746,unknown,VM-74,Stage1-3-0,0,0,0,0,0,0,0,0
1782950680746,unknown,VM-76,Stage2-1-0,0,0,0,0,0,0,0,0
1782950680763,unknown,VM-77,Stage2-0-0,0,0,0,0,0,0,0,0
1782950680809,unknown,VM-78,Stage3-2-0,0,0,0,0,0,0,0,0
1782950680812,unknown,VM-79,Stage3-3-0,0,0,0,0,0,0,0,0
1782950680822,unknown,VM-73,Stage1-1-0,0,0,0,0,0,0,0,0
1782950680835,unknown,VM-75,Stage1-2-0,0,47,45,450,107,5207,0,0
1782950681746,unknown,VM-74,Stage1-3-0,0,34,34,11444,139,4037,0,0
1782950681746,unknown,VM-76,Stage2-1-0,0,0,0,0,0,0,0,0
1782950681763,unknown,VM-77,Stage2-0-0,0,0,0,0,0,0,0,0
1782950681808,unknown,VM-78,Stage3-2-0,0,0,0,0,0,0,0,0
1782950681812,unknown,VM-79,Stage3-3-0,0,0,0,0,0,0,0,0
1782950681822,unknown,VM-73,Stage1-1-0,0,0,0,0,0,0,0,0
1782950681835,unknown,VM-75,Stage1-2-0,0,0,0,0,0,0,0,0
1782950682746,unknown,VM-74,Stage1-3-0,0,489,482,1633,1006,61051,0,0
1782950682746,unknown,VM-76,Stage2-1-0,0,0,0,0,0,0,0,0
1782950682763,unknown,VM-77,Stage2-0-0,0,0,0,0,0,0,0,0
1782950682808,unknown,VM-78,Stage3-2-0,0,0,0,0,0,0,0,0
1782950682812,unknown,VM-79,Stage3-3-0,0,0,0,0,0,0,0,0
1782950682822,unknown,VM-73,Stage1-1-0,0,0,0,0,0,0,0,0
1782950682835,unknown,VM-75,Stage1-2-0,0,49,48,732,125,5818,0,0
1782950683746,unknown,VM-76,Stage2-1-0,0,0,0,0,0,0,0,0
1782950683746,unknown,VM-74,Stage1-3-0,0,0,0,0,0,0,0,0
1782950683763,unknown,VM-77,Stage2-0-0,0,0,0,0,0,0,0,0
1782950683808,unknown,VM-78,Stage3-2-0,0,0,0,0,0,0,0,0
1782950683812,unknown,VM-79,Stage3-3-0,0,0,0,0,0,0,0,0
1782950683823,unknown,VM-73,Stage1-1-0,0,0,0,0,0,0,0,0
1782950683835,unknown,VM-75,Stage1-2-0,0,47,43,1097,179,6012,0,0
1782950684746,unknown,VM-74,Stage1-3-0,0,193,188,977,451,23289,0,0
1782950684746,unknown,VM-76,Stage2-1-0,0,0,0,0,0,0,0,0
1782950684763,unknown,VM-77,Stage2-0-0,0,0,0,0,0,0,0,0
1782950684808,unknown,VM-78,Stage3-2-0,0,0,0,0,0,0,0,0
1782950684812,unknown,VM-79,Stage3-3-0,0,0,0,0,0,0,0,0
1782950684822,unknown,VM-73,Stage1-1-0,0,0,0,0,0,0,0,0
1782950684835,unknown,VM-75,Stage1-2-0,0,0,0,0,0,0,0,0
1782950685746,unknown,VM-74,Stage1-3-0,0,0,0,0,0,0,0,0
1782950685746,unknown,VM-76,Stage2-1-0,0,0,0,0,0,0,0,0
1782950685763,unknown,VM-77,Stage2-0-0,0,0,0,0,0,0,0,0
1782950685808,unknown,VM-78,Stage3-2-0,0,0,0,0,0,0,0,0
1782950685812,unknown,VM-79,Stage3-3-0,0,0,0,0,0,0,0,0
1782950685822,unknown,VM-73,Stage1-1-0,0,0,0,0,0,0,0,0
1782950685835,unknown,VM-75,Stage1-2-0,0,34,33,696,95,4139,0,0
1782950686746,unknown,VM-74,Stage1-3-0,0,0,0,0,0,0,0,0
1782950686746,unknown,VM-76,Stage2-1-0,0,0,0,0,0,0,0,0
1782950686763,unknown,VM-77,Stage2-0-0,0,0,0,0,0,0,0,0
1782950686808,unknown,VM-78,Stage3-2-0,0,0,0,0,0,0,0,0
1782950686812,unknown,VM-79,Stage3-3-0,0,0,0,0,0,0,0,0
1782950686822,unknown,VM-73,Stage1-1-0,0,0,0,0,0,0,0,0
1782950686835,unknown,VM-75,Stage1-2-0,0,0,0,0,0,0,0,0
1782950687746,unknown,VM-74,Stage1-3-0,0,0,0,0,0,0,0,0
1782950687746,unknown,VM-76,Stage2-1-0,0,0,0,0,0,0,0,0
1782950687763,unknown,VM-77,Stage2-0-0,0,0,0,0,0,0,0,0
1782950687809,unknown,VM-78,Stage3-2-0,0,0,0,0,0,0,0,0
1782950687812,unknown,VM-79,Stage3-3-0,0,0,0,0,0,0,0,0
1782950687822,unknown,VM-73,Stage1-1-0,0,0,0,0,0,0,0,0
1782950687835,unknown,VM-75,Stage1-2-0,0,35,34,629,90,4055,0,0
1782950688746,unknown,VM-74,Stage1-3-0,0,122,121,912,330,15378,0,0
1782950688746,unknown,VM-76,Stage2-1-0,0,0,0,0,0,0,0,0
1782950688763,unknown,VM-77,Stage2-0-0,0,0,0,0,0,0,0,0
1782950688809,unknown,VM-78,Stage3-2-0,0,0,0,0,0,0,0,0
1782950688812,unknown,VM-79,Stage3-3-0,0,0,0,0,0,0,0,0
1782950688822,unknown,VM-73,Stage1-1-0,0,0,0,0,0,0,0,0
1782950688835,unknown,VM-75,Stage1-2-0,0,14,13,487,55,1779,0,0
1782950689746,unknown,VM-74,Stage1-3-0,0,0,0,0,0,0,0,0
1782950689746,unknown,VM-76,Stage2-1-0,0,0,0,0,0,0,0,0
1782950689763,unknown,VM-77,Stage2-0-0,0,0,0,0,0,0,0,0
1782950689808,unknown,VM-78,Stage3-2-0,0,0,0,0,0,0,0,0
1782950689812,unknown,VM-79,Stage3-3-0,0,0,0,0,0,0,0,0
1782950689822,unknown,VM-73,Stage1-1-0,0,0,0,0,0,0,0,0
1782950689835,unknown,VM-75,Stage1-2-0,0,42,40,706,117,5052,0,0
1782950690746,unknown,VM-74,Stage1-3-0,0,206,203,1525,533,25269,0,0
1782950690746,unknown,VM-76,Stage2-1-0,0,0,0,0,0,0,0,0
1782950690763,unknown,VM-77,Stage2-0-0,0,0,0,0,0,0,0,0
1782950690809,unknown,VM-78,Stage3-2-0,0,0,0,0,0,0,0,0
1782950690812,unknown,VM-79,Stage3-3-0,0,0,0,0,0,0,0,0
1782950690823,unknown,VM-73,Stage1-1-0,0,0,0,0,0,0,0,0
1782950690835,unknown,VM-75,Stage1-2-0,0,26,26,419,97,3391,0,0
1782950691746,unknown,VM-74,Stage1-3-0,0,313,307,1610,710,37778,0,0
1782950691746,unknown,VM-76,Stage2-1-0,0,0,0,0,0,0,0,0
1782950691763,unknown,VM-77,Stage2-0-0,0,0,0,0,0,0,0,0
1782950691809,unknown,VM-78,Stage3-2-0,0,0,0,0,0,0,0,0
1782950691812,unknown,VM-79,Stage3-3-0,0,0,0,0,0,0,0,0
1782950691822,unknown,VM-73,Stage1-1-0,0,0,0,0,0,0,0,0
1782950691835,unknown,VM-75,Stage1-2-0,0,0,0,0,0,0,0,0
1782950692746,unknown,VM-74,Stage1-3-0,0,0,0,0,0,0,0,0
1782950692746,unknown,VM-76,Stage2-1-0,0,0,0,0,0,0,0,0
1782950692763,unknown,VM-77,Stage2-0-0,0,0,0,0,0,0,0,0
1782950692808,unknown,VM-78,Stage3-2-0,0,0,0,0,0,0,0,0
1782950692812,unknown,VM-79,Stage3-3-0,0,0,0,0,0,0,0,0
1782950692823,unknown,VM-73,Stage1-1-0,0,0,0,0,0,0,0,0
1782950692835,unknown,VM-75,Stage1-2-0,0,40,40,645,91,4946,0,0
1782950693746,unknown,VM-74,Stage1-3-0,0,248,242,1162,645,30121,0,0
1782950693746,unknown,VM-76,Stage2-1-0,0,0,0,0,0,0,0,0
1782950693763,unknown,VM-77,Stage2-0-0,0,0,0,0,0,0,0,0
1782950693809,unknown,VM-78,Stage3-2-0,0,0,0,0,0,0,0,0
1782950693812,unknown,VM-79,Stage3-3-0,0,0,0,0,0,0,0,0
1782950693822,unknown,VM-73,Stage1-1-0,0,0,0,0,0,0,0,0
1782950693835,unknown,VM-75,Stage1-2-0,0,16,16,865,79,1958,0,0
1782950694746,unknown,VM-74,Stage1-3-0,0,91,90,1779,284,11556,0,0
1782950694746,unknown,VM-76,Stage2-1-0,0,0,0,0,0,0,0,0
1782950694763,unknown,VM-77,Stage2-0-0,0,0,0,0,0,0,0,0
1782950694808,unknown,VM-78,Stage3-2-0,0,0,0,0,0,0,0,0
1782950694812,unknown,VM-79,Stage3-3-0,0,0,0,0,0,0,0,0
1782950694823,unknown,VM-73,Stage1-1-0,0,0,0,0,0,0,0,0
1782950694835,unknown,VM-75,Stage1-2-0,0,16,16,768,73,1950,0,0
1782950695746,unknown,VM-74,Stage1-3-0,0,0,0,0,0,0,0,0
1782950695746,unknown,VM-76,Stage2-1-0,0,0,0,0,0,0,0,0
1782950695763,unknown,VM-77,Stage2-0-0,0,0,0,0,0,0,0,0
1782950695808,unknown,VM-78,Stage3-2-0,0,0,0,0,0,0,0,0
1782950695812,unknown,VM-79,Stage3-3-0,0,0,0,0,0,0,0,0
1782950695823,unknown,VM-73,Stage1-1-0,0,0,0,0,0,0,0,0
1782950695835,unknown,VM-75,Stage1-2-0,0,0,0,0,0,0,0,0
1782950696746,unknown,VM-74,Stage1-3-0,0,133,129,825,276,15360,0,0
1782950696746,unknown,VM-76,Stage2-1-0,0,0,0,0,0,0,0,0
1782950696763,unknown,VM-77,Stage2-0-0,0,0,0,0,0,0,0,0
1782950696808,unknown,VM-78,Stage3-2-0,0,0,0,0,0,0,0,0
1782950696812,unknown,VM-79,Stage3-3-0,0,0,0,0,0,0,0,0
1782950696822,unknown,VM-73,Stage1-1-0,0,0,0,0,0,0,0,0
1782950696835,unknown,VM-75,Stage1-2-0,0,20,20,607,43,2343,0,0
1782950697746,unknown,VM-74,Stage1-3-0,0,137,137,793,338,16272,0,0
1782950697746,unknown,VM-76,Stage2-1-0,0,0,0,0,0,0,0,0
1782950697763,unknown,VM-77,Stage2-0-0,0,0,0,0,0,0,0,0
1782950697808,unknown,VM-78,Stage3-2-0,0,0,0,0,0,0,0,0
1782950697812,unknown,VM-79,Stage3-3-0,0,0,0,0,0,0,0,0
1782950697822,unknown,VM-73,Stage1-1-0,0,0,0,0,0,0,0,0
1782950697835,unknown,VM-75,Stage1-2-0,0,38,35,1228,134,4737,0,0
1782950698746,unknown,VM-74,Stage1-3-0,0,94,92,751,233,10960,0,0
1782950698746,unknown,VM-76,Stage2-1-0,0,0,0,0,0,0,0,0
1782950698763,unknown,VM-77,Stage2-0-0,0,0,0,0,0,0,0,0
1782950698808,unknown,VM-78,Stage3-2-0,0,0,0,0,0,0,0,0
1782950698812,unknown,VM-79,Stage3-3-0,0,0,0,0,0,0,0,0
1782950698822,unknown,VM-73,Stage1-1-0,0,0,0,0,0,0,0,0
1782950698835,unknown,VM-75,Stage1-2-0,0,0,0,0,0,0,0,0
1782950699746,unknown,VM-74,Stage1-3-0,0,87,86,727,218,10372,0,0
1782950699746,unknown,VM-76,Stage2-1-0,0,0,0,0,0,0,0,0
1782950699763,unknown,VM-77,Stage2-0-0,0,0,0,0,0,0,0,0
1782950699808,unknown,VM-78,Stage3-2-0,0,0,0,0,0,0,0,0
1782950699812,unknown,VM-79,Stage3-3-0,0,0,0,0,0,0,0,0
1782950699822,unknown,VM-73,Stage1-1-0,0,0,0,0,0,0,0,0
1782950699835,unknown,VM-75,Stage1-2-0,0,21,20,592,73,2514,0,0
1782950700746,unknown,VM-74,Stage1-3-0,0,58,57,647,169,7777,0,0
1782950700746,unknown,VM-76,Stage2-1-0,0,0,0,0,0,0,0,0
1782950700763,unknown,VM-77,Stage2-0-0,0,0,0,0,0,0,0,0
1782950700808,unknown,VM-78,Stage3-2-0,0,0,0,0,0,0,0,0
1782950700812,unknown,VM-79,Stage3-3-0,0,0,0,0,0,0,0,0
1782950700822,unknown,VM-73,Stage1-1-0,0,0,0,0,0,0,0,0
1782950700835,unknown,VM-75,Stage1-2-0,0,9,8,362,37,1064,0,0
1782950701746,unknown,VM-74,Stage1-3-0,0,54,54,237,191,6455,0,0
1782950701746,unknown,VM-76,Stage2-1-0,0,0,0,0,0,0,0,0
1782950701763,unknown,VM-77,Stage2-0-0,0,0,0,0,0,0,0,0
1782950701808,unknown,VM-78,Stage3-2-0,0,0,0,0,0,0,0,0
1782950701812,unknown,VM-79,Stage3-3-0,0,0,0,0,0,0,0,0
1782950701822,unknown,VM-73,Stage1-1-0,0,0,0,0,0,0,0,0
1782950701835,unknown,VM-75,Stage1-2-0,0,15,14,107,52,1696,0,0
1782950702746,unknown,VM-76,Stage2-1-0,0,0,0,0,0,0,0,0
1782950702747,unknown,VM-74,Stage1-3-0,0,136,133,896,307,15933,0,0
1782950702763,unknown,VM-77,Stage2-0-0,0,0,0,0,0,0,0,0
1782950702808,unknown,VM-78,Stage3-2-0,0,0,0,0,0,0,0,0
1782950702812,unknown,VM-79,Stage3-3-0,0,0,0,0,0,0,0,0
1782950702823,unknown,VM-73,Stage1-1-0,0,0,0,0,0,0,0,0
1782950702835,unknown,VM-75,Stage1-2-0,0,16,16,599,58,1899,0,0
1782950703746,unknown,VM-74,Stage1-3-0,0,0,0,0,0,0,0,0
1782950703746,unknown,VM-76,Stage2-1-0,0,0,0,0,0,0,0,0
1782950703763,unknown,VM-77,Stage2-0-0,0,0,0,0,0,0,0,0
1782950703808,unknown,VM-78,Stage3-2-0,0,0,0,0,0,0,0,0
1782950703812,unknown,VM-79,Stage3-3-0,0,0,0,0,0,0,0,0
1782950703822,unknown,VM-73,Stage1-1-0,0,0,0,0,0,0,0,0
1782950703835,unknown,VM-75,Stage1-2-0,0,0,0,0,0,0,0,0
1782950704746,unknown,VM-74,Stage1-3-0,0,0,0,0,0,0,0,0
1782950704746,unknown,VM-76,Stage2-1-0,0,0,0,0,0,0,0,0
1782950704763,unknown,VM-77,Stage2-0-0,0,0,0,0,0,0,0,0
1782950704808,unknown,VM-78,Stage3-2-0,0,0,0,0,0,0,0,0
1782950704812,unknown,VM-79,Stage3-3-0,0,0,0,0,0,0,0,0
1782950704822,unknown,VM-73,Stage1-1-0,0,0,0,0,0,0,0,0
1782950704835,unknown,VM-75,Stage1-2-0,0,70,67,807,194,8556,0,0
1782950705746,unknown,VM-74,Stage1-3-0,0,200,197,1558,494,24801,0,0
1782950705746,unknown,VM-76,Stage2-1-0,0,0,0,0,0,0,0,0
1782950705763,unknown,VM-77,Stage2-0-0,0,0,0,0,0,0,0,0
1782950705808,unknown,VM-78,Stage3-2-0,0,0,0,0,0,0,0,0
1782950705812,unknown,VM-79,Stage3-3-0,0,0,0,0,0,0,0,0
1782950705823,unknown,VM-73,Stage1-1-0,0,0,0,0,0,0,0,0
1782950705835,unknown,VM-75,Stage1-2-0,0,0,0,0,0,0,0,0
1782950706746,unknown,VM-74,Stage1-3-0,0,126,124,931,308,14558,0,0
1782950706746,unknown,VM-76,Stage2-1-0,0,0,0,0,0,0,0,0
1782950706763,unknown,VM-77,Stage2-0-0,0,0,0,0,0,0,0,0
1782950706808,unknown,VM-78,Stage3-2-0,0,0,0,0,0,0,0,0
1782950706812,unknown,VM-79,Stage3-3-0,0,0,0,0,0,0,0,0
1782950706823,unknown,VM-73,Stage1-1-0,0,0,0,0,0,0,0,0
1782950706835,unknown,VM-75,Stage1-2-0,0,28,26,646,142,3377,0,0
1782950707746,unknown,VM-74,Stage1-3-0,0,104,101,933,275,12887,0,0
1782950707746,unknown,VM-76,Stage2-1-0,0,0,0,0,0,0,0,0
1782950707763,unknown,VM-77,Stage2-0-0,0,0,0,0,0,0,0,0
1782950707809,unknown,VM-78,Stage3-2-0,0,0,0,0,0,0,0,0
1782950707812,unknown,VM-79,Stage3-3-0,0,0,0,0,0,0,0,0
1782950707822,unknown,VM-73,Stage1-1-0,0,0,0,0,0,0,0,0
1782950707835,unknown,VM-75,Stage1-2-0,0,0,0,0,0,0,0,0
1782950708746,unknown,VM-74,Stage1-3-0,0,0,0,0,0,0,0,0
1782950708746,unknown,VM-76,Stage2-1-0,0,0,0,0,0,0,0,0
1782950708763,unknown,VM-77,Stage2-0-0,0,0,0,0,0,0,0,0
1782950708808,unknown,VM-78,Stage3-2-0,0,0,0,0,0,0,0,0
1782950708812,unknown,VM-79,Stage3-3-0,0,0,0,0,0,0,0,0
1782950708822,unknown,VM-73,Stage1-1-0,0,0,0,0,0,0,0,0
1782950708835,unknown,VM-75,Stage1-2-0,0,35,34,793,105,4210,0,0
1782950709746,unknown,VM-74,Stage1-3-0,0,87,87,1022,255,10669,0,0
1782950709746,unknown,VM-76,Stage2-1-0,0,0,0,0,0,0,0,0
1782950709763,unknown,VM-77,Stage2-0-0,0,0,0,0,0,0,0,0
1782950709808,unknown,VM-78,Stage3-2-0,0,0,0,0,0,0,0,0
1782950709812,unknown,VM-79,Stage3-3-0,0,0,0,0,0,0,0,0
1782950709822,unknown,VM-73,Stage1-1-0,0,0,0,0,0,0,0,0
1782950709835,unknown,VM-75,Stage1-2-0,0,35,35,847,91,4488,0,0
1782950710746,unknown,VM-74,Stage1-3-0,0,32,32,725,153,4086,0,0
1782950710746,unknown,VM-76,Stage2-1-0,0,0,0,0,0,0,0,0
1782950710763,unknown,VM-77,Stage2-0-0,0,0,0,0,0,0,0,0
1782950710808,unknown,VM-78,Stage3-2-0,0,0,0,0,0,0,0,0
1782950710812,unknown,VM-79,Stage3-3-0,0,0,0,0,0,0,0,0
1782950710822,unknown,VM-73,Stage1-1-0,0,0,0,0,0,0,0,0
1782950710835,unknown,VM-75,Stage1-2-0,0,24,24,395,154,2638,0,0
1782950711746,unknown,VM-74,Stage1-3-0,0,0,0,0,0,0,0,0
1782950711746,unknown,VM-76,Stage2-1-0,0,0,0,0,0,0,0,0
1782950711763,unknown,VM-77,Stage2-0-0,0,0,0,0,0,0,0,0
1782950711808,unknown,VM-78,Stage3-2-0,0,0,0,0,0,0,0,0
1782950711812,unknown,VM-79,Stage3-3-0,0,0,0,0,0,0,0,0
1782950711823,unknown,VM-73,Stage1-1-0,0,0,0,0,0,0,0,0
1782950711835,unknown,VM-75,Stage1-2-0,0,0,0,0,0,0,0,0
1782950712746,unknown,VM-74,Stage1-3-0,0,84,83,884,288,9849,0,0
1782950712746,unknown,VM-76,Stage2-1-0,0,0,0,0,0,0,0,0
1782950712763,unknown,VM-77,Stage2-0-0,0,0,0,0,0,0,0,0
1782950712808,unknown,VM-78,Stage3-2-0,0,0,0,0,0,0,0,0
1782950712812,unknown,VM-79,Stage3-3-0,0,0,0,0,0,0,0,0
1782950712823,unknown,VM-73,Stage1-1-0,0,0,0,0,0,0,0,0
1782950712835,unknown,VM-75,Stage1-2-0,0,21,20,735,125,2757,0,0
1782950713746,unknown,VM-74,Stage1-3-0,0,11,11,663,57,1765,0,0
1782950713746,unknown,VM-76,Stage2-1-0,0,0,0,0,0,0,0,0
1782950713763,unknown,VM-77,Stage2-0-0,0,0,0,0,0,0,0,0
1782950713809,unknown,VM-78,Stage3-2-0,0,0,0,0,0,0,0,0
1782950713812,unknown,VM-79,Stage3-3-0,0,0,0,0,0,0,0,0
1782950713822,unknown,VM-73,Stage1-1-0,0,0,0,0,0,0,0,0
1782950713835,unknown,VM-75,Stage1-2-0,0,184,178,1047,410,21989,0,0
1782950714746,unknown,VM-74,Stage1-3-0,0,60,57,841,200,7114,0,0
1782950714746,unknown,VM-76,Stage2-1-0,0,0,0,0,0,0,0,0
1782950714763,unknown,VM-77,Stage2-0-0,0,0,0,0,0,0,0,0
1782950714809,unknown,VM-78,Stage3-2-0,0,0,0,0,0,0,0,0
1782950714812,unknown,VM-79,Stage3-3-0,0,0,0,0,0,0,0,0
1782950714823,unknown,VM-73,Stage1-1-0,0,0,0,0,0,0,0,0
1782950714835,unknown,VM-75,Stage1-2-0,0,9,9,796,87,1401,0,0
1782950715746,unknown,VM-76,Stage2-1-0,0,0,0,0,0,0,0,0
1782950715746,unknown,VM-74,Stage1-3-0,0,0,0,0,0,0,0,0
1782950715763,unknown,VM-77,Stage2-0-0,0,0,0,0,0,0,0,0
1782950715808,unknown,VM-78,Stage3-2-0,0,0,0,0,0,0,0,0
1782950715812,unknown,VM-79,Stage3-3-0,0,0,0,0,0,0,0,0
1782950715823,unknown,VM-73,Stage1-1-0,0,0,0,0,0,0,0,0
1782950715835,unknown,VM-75,Stage1-2-0,0,0,0,0,0,0,0,0
1782950716746,unknown,VM-74,Stage1-3-0,0,0,0,0,0,0,0,0
1782950716746,unknown,VM-76,Stage2-1-0,0,0,0,0,0,0,0,0
1782950716763,unknown,VM-77,Stage2-0-0,0,0,0,0,0,0,0,0
1782950716808,unknown,VM-78,Stage3-2-0,0,0,0,0,0,0,0,0
1782950716812,unknown,VM-79,Stage3-3-0,0,0,0,0,0,0,0,0
1782950716823,unknown,VM-73,Stage1-1-0,0,0,0,0,0,0,0,0
1782950716835,unknown,VM-75,Stage1-2-0,0,0,0,0,0,0,0,0
1782950717746,unknown,VM-74,Stage1-3-0,0,0,0,0,0,0,0,0
1782950717746,unknown,VM-76,Stage2-1-0,0,0,0,0,0,0,0,0
1782950717763,unknown,VM-77,Stage2-0-0,0,0,0,0,0,0,0,0
1782950717808,unknown,VM-78,Stage3-2-0,0,0,0,0,0,0,0,0
1782950717812,unknown,VM-79,Stage3-3-0,0,0,0,0,0,0,0,0
1782950717823,unknown,VM-73,Stage1-1-0,0,0,0,0,0,0,0,0
1782950717835,unknown,VM-75,Stage1-2-0,0,0,0,0,0,0,0,0
1782950718746,unknown,VM-74,Stage1-3-0,0,202,196,1316,584,24289,0,0
1782950718746,unknown,VM-76,Stage2-1-0,0,0,0,0,0,0,0,0
1782950718763,unknown,VM-77,Stage2-0-0,0,0,0,0,0,0,0,0
1782950718809,unknown,VM-78,Stage3-2-0,0,0,0,0,0,0,0,0
1782950718812,unknown,VM-79,Stage3-3-0,0,0,0,0,0,0,0,0
1782950718822,unknown,VM-73,Stage1-1-0,0,0,0,0,0,0,0,0
1782950718835,unknown,VM-75,Stage1-2-0,0,0,0,0,0,0,0,0
1782950719746,unknown,VM-74,Stage1-3-0,0,0,0,0,0,0,0,0
1782950719746,unknown,VM-76,Stage2-1-0,0,0,0,0,0,0,0,0
1782950719763,unknown,VM-77,Stage2-0-0,0,0,0,0,0,0,0,0
1782950719808,unknown,VM-78,Stage3-2-0,0,0,0,0,0,0,0,0
1782950719812,unknown,VM-79,Stage3-3-0,0,0,0,0,0,0,0,0
1782950719823,unknown,VM-73,Stage1-1-0,0,0,0,0,0,0,0,0
1782950719835,unknown,VM-75,Stage1-2-0,0,97,95,1078,283,11610,0,0
1782950720746,unknown,VM-74,Stage1-3-0,0,90,90,963,262,11466,0,0
1782950720746,unknown,VM-76,Stage2-1-0,0,0,0,0,0,0,0,0
1782950720763,unknown,VM-77,Stage2-0-0,0,0,0,0,0,0,0,0
1782950720809,unknown,VM-78,Stage3-2-0,0,0,0,0,0,0,0,0
1782950720812,unknown,VM-79,Stage3-3-0,0,0,0,0,0,0,0,0
1782950720822,unknown,VM-73,Stage1-1-0,0,0,0,0,0,0,0,0
1782950720835,unknown,VM-75,Stage1-2-0,0,39,38,672,118,4561,0,0
1782950721746,unknown,VM-74,Stage1-3-0,0,23,23,621,85,3156,0,0
1782950721746,unknown,VM-76,Stage2-1-0,0,0,0,0,0,0,0,0
1782950721763,unknown,VM-77,Stage2-0-0,0,0,0,0,0,0,0,0
1782950721808,unknown,VM-78,Stage3-2-0,0,0,0,0,0,0,0,0
1782950721812,unknown,VM-79,Stage3-3-0,0,0,0,0,0,0,0,0
1782950721822,unknown,VM-73,Stage1-1-0,0,0,0,0,0,0,0,0
1782950721835,unknown,VM-75,Stage1-2-0,0,24,23,561,60,2881,0,0
1782950722746,unknown,VM-74,Stage1-3-0,0,39,39,683,120,4443,0,0
1782950722746,unknown,VM-76,Stage2-1-0,0,0,0,0,0,0,0,0
1782950722763,unknown,VM-77,Stage2-0-0,0,0,0,0,0,0,0,0
1782950722808,unknown,VM-78,Stage3-2-0,0,0,0,0,0,0,0,0
1782950722812,unknown,VM-79,Stage3-3-0,0,0,0,0,0,0,0,0
1782950722822,unknown,VM-73,Stage1-1-0,0,0,0,0,0,0,0,0
1782950722835,unknown,VM-75,Stage1-2-0,0,10,10,387,43,1074,0,0
1782950723746,unknown,VM-74,Stage1-3-0,0,75,75,850,209,9164,0,0
1782950723746,unknown,VM-76,Stage2-1-0,0,0,0,0,0,0,0,0
1782950723763,unknown,VM-77,Stage2-0-0,0,0,0,0,0,0,0,0
1782950723809,unknown,VM-78,Stage3-2-0,0,0,0,0,0,0,0,0
1782950723812,unknown,VM-79,Stage3-3-0,0,0,0,0,0,0,0,0
1782950723822,unknown,VM-73,Stage1-1-0,0,0,0,0,0,0,0,0
1782950723835,unknown,VM-75,Stage1-2-0,0,29,28,689,99,3536,0,0
1782950724746,unknown,VM-74,Stage1-3-0,0,47,47,716,166,5672,0,0
1782950724746,unknown,VM-76,Stage2-1-0,0,0,0,0,0,0,0,0
1782950724763,unknown,VM-77,Stage2-0-0,0,0,0,0,0,0,0,0
1782950724808,unknown,VM-78,Stage3-2-0,0,0,0,0,0,0,0,0
1782950724812,unknown,VM-79,Stage3-3-0,0,0,0,0,0,0,0,0
1782950724822,unknown,VM-73,Stage1-1-0,0,0,0,0,0,0,0,0
1782950724835,unknown,VM-75,Stage1-2-0,0,35,32,718,102,4211,0,0
1782950725746,unknown,VM-74,Stage1-3-0,0,60,60,795,178,7525,0,0
1782950725746,unknown,VM-76,Stage2-1-0,0,0,0,0,0,0,0,0
1782950725763,unknown,VM-77,Stage2-0-0,0,0,0,0,0,0,0,0
1782950725809,unknown,VM-78,Stage3-2-0,0,0,0,0,0,0,0,0
1782950725812,unknown,VM-79,Stage3-3-0,0,0,0,0,0,0,0,0
1782950725823,unknown,VM-73,Stage1-1-0,0,0,0,0,0,0,0,0
1782950725835,unknown,VM-75,Stage1-2-0,0,42,41,1445,158,4839,0,0
1782950726746,unknown,VM-74,Stage1-3-0,0,0,0,0,0,0,0,0
1782950726746,unknown,VM-76,Stage2-1-0,0,0,0,0,0,0,0,0
1782950726763,unknown,VM-77,Stage2-0-0,0,0,0,0,0,0,0,0
1782950726808,unknown,VM-78,Stage3-2-0,0,0,0,0,0,0,0,0
1782950726812,unknown,VM-79,Stage3-3-0,0,0,0,0,0,0,0,0
1782950726822,unknown,VM-73,Stage1-1-0,0,0,0,0,0,0,0,0
1782950726835,unknown,VM-75,Stage1-2-0,0,0,0,0,0,0,0,0
1782950727746,unknown,VM-74,Stage1-3-0,0,168,166,1010,480,22074,0,0
1782950727746,unknown,VM-76,Stage2-1-0,0,0,0,0,0,0,0,0
1782950727763,unknown,VM-77,Stage2-0-0,0,0,0,0,0,0,0,0
1782950727808,unknown,VM-78,Stage3-2-0,0,0,0,0,0,0,0,0
1782950727812,unknown,VM-79,Stage3-3-0,0,0,0,0,0,0,0,0
1782950727823,unknown,VM-73,Stage1-1-0,0,0,0,0,0,0,0,0
1782950727835,unknown,VM-75,Stage1-2-0,0,57,56,773,143,7221,0,0
1782950728746,unknown,VM-74,Stage1-3-0,0,48,47,678,121,5620,0,0
1782950728746,unknown,VM-76,Stage2-1-0,0,0,0,0,0,0,0,0
1782950728763,unknown,VM-77,Stage2-0-0,0,0,0,0,0,0,0,0
1782950728808,unknown,VM-78,Stage3-2-0,0,0,0,0,0,0,0,0
1782950728812,unknown,VM-79,Stage3-3-0,0,0,0,0,0,0,0,0
1782950728822,unknown,VM-73,Stage1-1-0,0,0,0,0,0,0,0,0
1782950728835,unknown,VM-75,Stage1-2-0,0,3,3,632,29,529,0,0
1782950729746,unknown,VM-76,Stage2-1-0,0,0,0,0,0,0,0,0
1782950729746,unknown,VM-74,Stage1-3-0,0,0,0,0,0,0,0,0
1782950729763,unknown,VM-77,Stage2-0-0,0,0,0,0,0,0,0,0
1782950729808,unknown,VM-78,Stage3-2-0,0,0,0,0,0,0,0,0
1782950729812,unknown,VM-79,Stage3-3-0,0,0,0,0,0,0,0,0
1782950729822,unknown,VM-73,Stage1-1-0,0,0,0,0,0,0,0,0
1782950729835,unknown,VM-75,Stage1-2-0,0,7,7,614,60,1128,0,0
1782950730746,unknown,VM-76,Stage2-1-0,0,0,0,0,0,0,0,0
1782950730746,unknown,VM-74,Stage1-3-0,0,154,153,918,416,19319,0,0
1782950730763,unknown,VM-77,Stage2-0-0,0,0,0,0,0,0,0,0
1782950730809,unknown,VM-78,Stage3-2-0,0,0,0,0,0,0,0,0
1782950730812,unknown,VM-79,Stage3-3-0,0,0,0,0,0,0,0,0
1782950730822,unknown,VM-73,Stage1-1-0,0,0,0,0,0,0,0,0
1782950730835,unknown,VM-75,Stage1-2-0,0,67,66,793,186,7954,0,0
1782950731746,unknown,VM-76,Stage2-1-0,0,0,0,0,0,0,0,0
1782950731746,unknown,VM-74,Stage1-3-0,0,0,0,0,0,0,0,0
1782950731763,unknown,VM-77,Stage2-0-0,0,0,0,0,0,0,0,0
1782950731808,unknown,VM-78,Stage3-2-0,0,0,0,0,0,0,0,0
1782950731812,unknown,VM-79,Stage3-3-0,0,0,0,0,0,0,0,0
1782950731823,unknown,VM-73,Stage1-1-0,0,0,0,0,0,0,0,0
1782950731835,unknown,VM-75,Stage1-2-0,0,61,56,622,124,7212,0,0
1782950732746,unknown,VM-74,Stage1-3-0,0,131,129,968,354,15061,0,0
1782950732746,unknown,VM-76,Stage2-1-0,0,0,0,0,0,0,0,0
1782950732763,unknown,VM-77,Stage2-0-0,0,0,0,0,0,0,0,0
1782950732809,unknown,VM-78,Stage3-2-0,0,0,0,0,0,0,0,0
1782950732812,unknown,VM-79,Stage3-3-0,0,0,0,0,0,0,0,0
1782950732823,unknown,VM-73,Stage1-1-0,0,0,0,0,0,0,0,0
1782950732835,unknown,VM-75,Stage1-2-0,0,48,45,650,95,5586,0,0
1782950733746,unknown,VM-74,Stage1-3-0,0,63,63,863,191,7040,0,0
1782950733746,unknown,VM-76,Stage2-1-0,0,0,0,0,0,0,0,0
1782950733763,unknown,VM-77,Stage2-0-0,0,0,0,0,0,0,0,0
1782950733808,unknown,VM-78,Stage3-2-0,0,0,0,0,0,0,0,0
1782950733812,unknown,VM-79,Stage3-3-0,0,0,0,0,0,0,0,0
1782950733823,unknown,VM-73,Stage1-1-0,0,0,0,0,0,0,0,0
1782950733835,unknown,VM-75,Stage1-2-0,0,21,21,630,60,2478,0,0
1782950734746,unknown,VM-74,Stage1-3-0,0,57,57,142,135,7370,0,0
1782950734746,unknown,VM-76,Stage2-1-0,0,0,0,0,0,0,0,0
1782950734763,unknown,VM-77,Stage2-0-0,0,0,0,0,0,0,0,0
1782950734808,unknown,VM-78,Stage3-2-0,0,0,0,0,0,0,0,0
1782950734812,unknown,VM-79,Stage3-3-0,0,0,0,0,0,0,0,0
1782950734822,unknown,VM-73,Stage1-1-0,0,0,0,0,0,0,0,0
1782950734835,unknown,VM-75,Stage1-2-0,0,48,44,484,140,5477,0,0
1782950735746,unknown,VM-74,Stage1-3-0,0,87,85,1338,280,10602,0,0
1782950735746,unknown,VM-76,Stage2-1-0,0,0,0,0,0,0,0,0
1782950735763,unknown,VM-77,Stage2-0-0,0,0,0,0,0,0,0,0
1782950735808,unknown,VM-78,Stage3-2-0,0,0,0,0,0,0,0,0
1782950735812,unknown,VM-79,Stage3-3-0,0,0,0,0,0,0,0,0
1782950735822,unknown,VM-73,Stage1-1-0,0,0,0,0,0,0,0,0
1782950735835,unknown,VM-75,Stage1-2-0,0,30,30,693,89,3415,0,0
1782950736746,unknown,VM-74,Stage1-3-0,0,0,0,0,0,0,0,0
1782950736746,unknown,VM-76,Stage2-1-0,0,0,0,0,0,0,0,0
1782950736763,unknown,VM-77,Stage2-0-0,0,0,0,0,0,0,0,0
1782950736808,unknown,VM-78,Stage3-2-0,0,0,0,0,0,0,0,0
1782950736812,unknown,VM-79,Stage3-3-0,0,0,0,0,0,0,0,0
1782950736822,unknown,VM-73,Stage1-1-0,0,0,0,0,0,0,0,0
1782950736835,unknown,VM-75,Stage1-2-0,0,0,0,0,0,0,0,0
1782950737746,unknown,VM-74,Stage1-3-0,0,101,101,971,291,11954,0,0
1782950737746,unknown,VM-76,Stage2-1-0,0,0,0,0,0,0,0,0
1782950737763,unknown,VM-77,Stage2-0-0,0,0,0,0,0,0,0,0
1782950737809,unknown,VM-78,Stage3-2-0,0,0,0,0,0,0,0,0
1782950737812,unknown,VM-79,Stage3-3-0,0,0,0,0,0,0,0,0
1782950737823,unknown,VM-73,Stage1-1-0,0,0,0,0,0,0,0,0
1782950737835,unknown,VM-75,Stage1-2-0,0,44,43,757,145,5201,0,0
1782950738746,unknown,VM-74,Stage1-3-0,0,45,45,851,119,5279,0,0
1782950738746,unknown,VM-76,Stage2-1-0,0,0,0,0,0,0,0,0
1782950738763,unknown,VM-77,Stage2-0-0,0,0,0,0,0,0,0,0
1782950738809,unknown,VM-78,Stage3-2-0,0,0,0,0,0,0,0,0
1782950738812,unknown,VM-79,Stage3-3-0,0,0,0,0,0,0,0,0
1782950738823,unknown,VM-73,Stage1-1-0,0,0,0,0,0,0,0,0
1782950738835,unknown,VM-75,Stage1-2-0,0,25,25,694,96,3082,0,0
1782950739746,unknown,VM-74,Stage1-3-0,0,79,79,876,240,10237,0,0
1782950739746,unknown,VM-76,Stage2-1-0,0,0,0,0,0,0,0,0
1782950739763,unknown,VM-77,Stage2-0-0,0,0,0,0,0,0,0,0
1782950739809,unknown,VM-78,Stage3-2-0,0,0,0,0,0,0,0,0
1782950739812,unknown,VM-79,Stage3-3-0,0,0,0,0,0,0,0,0
1782950739822,unknown,VM-73,Stage1-1-0,0,0,0,0,0,0,0,0
1782950739835,unknown,VM-75,Stage1-2-0,0,42,40,738,107,5150,0,0
1782950740746,unknown,VM-74,Stage1-3-0,0,134,133,1480,442,17025,0,0
1782950740746,unknown,VM-76,Stage2-1-0,0,0,0,0,0,0,0,0
1782950740763,unknown,VM-77,Stage2-0-0,0,0,0,0,0,0,0,0
1782950740808,unknown,VM-78,Stage3-2-0,0,0,0,0,0,0,0,0
1782950740812,unknown,VM-79,Stage3-3-0,0,0,0,0,0,0,0,0
1782950740823,unknown,VM-73,Stage1-1-0,0,0,0,0,0,0,0,0
1782950740835,unknown,VM-75,Stage1-2-0,0,30,30,1072,108,3475,0,0
1782950741746,unknown,VM-74,Stage1-3-0,0,0,0,0,0,0,0,0
1782950741746,unknown,VM-76,Stage2-1-0,0,0,0,0,0,0,0,0
1782950741763,unknown,VM-77,Stage2-0-0,0,0,0,0,0,0,0,0
1782950741808,unknown,VM-78,Stage3-2-0,0,0,0,0,0,0,0,0
1782950741812,unknown,VM-79,Stage3-3-0,0,0,0,0,0,0,0,0
1782950741823,unknown,VM-73,Stage1-1-0,0,0,0,0,0,0,0,0
1782950741835,unknown,VM-75,Stage1-2-0,0,0,0,0,0,0,0,0
1782950742746,unknown,VM-74,Stage1-3-0,0,128,126,1116,378,15217,0,0
1782950742746,unknown,VM-76,Stage2-1-0,0,0,0,0,0,0,0,0
1782950742763,unknown,VM-77,Stage2-0-0,0,0,0,0,0,0,0,0
1782950742808,unknown,VM-78,Stage3-2-0,0,0,0,0,0,0,0,0
1782950742812,unknown,VM-79,Stage3-3-0,0,0,0,0,0,0,0,0
1782950742823,unknown,VM-73,Stage1-1-0,0,0,0,0,0,0,0,0
1782950742835,unknown,VM-75,Stage1-2-0,0,35,33,918,144,4140,0,0
1782950743746,unknown,VM-74,Stage1-3-0,0,21,20,505,92,2327,0,0
1782950743746,unknown,VM-76,Stage2-1-0,0,0,0,0,0,0,0,0
1782950743763,unknown,VM-77,Stage2-0-0,0,0,0,0,0,0,0,0
1782950743808,unknown,VM-78,Stage3-2-0,0,0,0,0,0,0,0,0
1782950743812,unknown,VM-79,Stage3-3-0,0,0,0,0,0,0,0,0
1782950743822,unknown,VM-73,Stage1-1-0,0,0,0,0,0,0,0,0
1782950743835,unknown,VM-75,Stage1-2-0,0,8,7,648,55,1133,0,0
1782950744746,unknown,VM-74,Stage1-3-0,0,121,121,1034,350,14054,0,0
1782950744746,unknown,VM-76,Stage2-1-0,0,0,0,0,0,0,0,0
1782950744763,unknown,VM-77,Stage2-0-0,0,0,0,0,0,0,0,0
1782950744808,unknown,VM-78,Stage3-2-0,0,0,0,0,0,0,0,0
1782950744812,unknown,VM-79,Stage3-3-0,0,0,0,0,0,0,0,0
1782950744822,unknown,VM-73,Stage1-1-0,0,0,0,0,0,0,0,0
1782950744835,unknown,VM-75,Stage1-2-0,0,53,51,774,169,6325,0,0
1782950745746,unknown,VM-74,Stage1-3-0,0,0,0,0,0,0,0,0
1782950745746,unknown,VM-76,Stage2-1-0,0,0,0,0,0,0,0,0
1782950745763,unknown,VM-77,Stage2-0-0,0,0,0,0,0,0,0,0
1782950745808,unknown,VM-78,Stage3-2-0,0,0,0,0,0,0,0,0
1782950745812,unknown,VM-79,Stage3-3-0,0,0,0,0,0,0,0,0
1782950745822,unknown,VM-73,Stage1-1-0,0,0,0,0,0,0,0,0
1782950745835,unknown,VM-75,Stage1-2-0,0,24,23,697,143,2877,0,0
1782950746746,unknown,VM-74,Stage1-3-0,0,68,67,995,241,9077,0,0
1782950746746,unknown,VM-76,Stage2-1-0,0,0,0,0,0,0,0,0
1782950746763,unknown,VM-77,Stage2-0-0,0,0,0,0,0,0,0,0
1782950746809,unknown,VM-78,Stage3-2-0,0,0,0,0,0,0,0,0
1782950746812,unknown,VM-79,Stage3-3-0,0,0,0,0,0,0,0,0
1782950746823,unknown,VM-73,Stage1-1-0,0,0,0,0,0,0,0,0
1782950746835,unknown,VM-75,Stage1-2-0,0,0,0,0,0,0,0,0
1782950747746,unknown,VM-74,Stage1-3-0,0,0,0,0,0,0,0,0
1782950747746,unknown,VM-76,Stage2-1-0,0,0,0,0,0,0,0,0
1782950747763,unknown,VM-77,Stage2-0-0,0,0,0,0,0,0,0,0
1782950747809,unknown,VM-78,Stage3-2-0,0,0,0,0,0,0,0,0
1782950747812,unknown,VM-79,Stage3-3-0,0,0,0,0,0,0,0,0
1782950747823,unknown,VM-73,Stage1-1-0,0,0,0,0,0,0,0,0
1782950747835,unknown,VM-75,Stage1-2-0,0,19,18,490,62,2138,0,0
1782950748746,unknown,VM-76,Stage2-1-0,0,0,0,0,0,0,0,0
1782950748746,unknown,VM-74,Stage1-3-0,0,0,0,0,0,0,0,0
1782950748763,unknown,VM-77,Stage2-0-0,0,0,0,0,0,0,0,0
1782950748809,unknown,VM-78,Stage3-2-0,0,0,0,0,0,0,0,0
1782950748812,unknown,VM-79,Stage3-3-0,0,0,0,0,0,0,0,0
1782950748823,unknown,VM-73,Stage1-1-0,0,0,0,0,0,0,0,0
1782950748835,unknown,VM-75,Stage1-2-0,0,1,1,0,44,109,0,0
1782950749746,unknown,VM-74,Stage1-3-0,0,0,0,0,0,0,0,0
1782950749746,unknown,VM-76,Stage2-1-0,0,0,0,0,0,0,0,0
1782950749763,unknown,VM-77,Stage2-0-0,0,0,0,0,0,0,0,0
1782950749809,unknown,VM-78,Stage3-2-0,0,0,0,0,0,0,0,0
1782950749812,unknown,VM-79,Stage3-3-0,0,0,0,0,0,0,0,0
1782950749823,unknown,VM-73,Stage1-1-0,0,0,0,0,0,0,0,0
1782950749835,unknown,VM-75,Stage1-2-0,0,51,48,1663,122,6728,0,0
1782950750746,unknown,VM-74,Stage1-3-0,0,210,207,1870,544,26023,0,0
1782950750746,unknown,VM-76,Stage2-1-0,0,0,0,0,0,0,0,0
1782950750763,unknown,VM-77,Stage2-0-0,0,0,0,0,0,0,0,0
1782950750808,unknown,VM-78,Stage3-2-0,0,0,0,0,0,0,0,0
1782950750812,unknown,VM-79,Stage3-3-0,0,0,0,0,0,0,0,0
1782950750822,unknown,VM-73,Stage1-1-0,0,0,0,0,0,0,0,0
1782950750835,unknown,VM-75,Stage1-2-0,0,19,19,687,64,2722,0,0
1782950751746,unknown,VM-74,Stage1-3-0,0,55,54,174,184,6403,0,0
1782950751746,unknown,VM-76,Stage2-1-0,0,0,0,0,0,0,0,0
1782950751763,unknown,VM-77,Stage2-0-0,0,0,0,0,0,0,0,0
1782950751808,unknown,VM-78,Stage3-2-0,0,0,0,0,0,0,0,0
1782950751812,unknown,VM-79,Stage3-3-0,0,0,0,0,0,0,0,0
1782950751822,unknown,VM-73,Stage1-1-0,0,0,0,0,0,0,0,0
1782950751835,unknown,VM-75,Stage1-2-0,0,7,7,648,31,963,0,0
1782950752746,unknown,VM-76,Stage2-1-0,0,0,0,0,0,0,0,0
1782950752746,unknown,VM-74,Stage1-3-0,0,0,0,0,0,0,0,0
1782950752763,unknown,VM-77,Stage2-0-0,0,0,0,0,0,0,0,0
1782950752809,unknown,VM-78,Stage3-2-0,0,0,0,0,0,0,0,0
1782950752812,unknown,VM-79,Stage3-3-0,0,0,0,0,0,0,0,0
1782950752823,unknown,VM-73,Stage1-1-0,0,0,0,0,0,0,0,0
1782950752835,unknown,VM-75,Stage1-2-0,0,38,38,1235,124,4949,0,0
1782950753746,unknown,VM-74,Stage1-3-0,0,0,0,0,0,0,0,0
1782950753746,unknown,VM-76,Stage2-1-0,0,0,0,0,0,0,0,0
1782950753763,unknown,VM-77,Stage2-0-0,0,0,0,0,0,0,0,0
1782950753808,unknown,VM-78,Stage3-2-0,0,0,0,0,0,0,0,0
1782950753812,unknown,VM-79,Stage3-3-0,0,0,0,0,0,0,0,0
1782950753822,unknown,VM-73,Stage1-1-0,0,0,0,0,0,0,0,0
1782950753835,unknown,VM-75,Stage1-2-0,0,12,11,351,41,1378,0,0
1782950754746,unknown,VM-74,Stage1-3-0,0,0,0,0,0,0,0,0
1782950754746,unknown,VM-76,Stage2-1-0,0,0,0,0,0,0,0,0
1782950754763,unknown,VM-77,Stage2-0-0,0,0,0,0,0,0,0,0
1782950754809,unknown,VM-78,Stage3-2-0,0,0,0,0,0,0,0,0
1782950754812,unknown,VM-79,Stage3-3-0,0,0,0,0,0,0,0,0
1782950754822,unknown,VM-73,Stage1-1-0,0,0,0,0,0,0,0,0
1782950754835,unknown,VM-75,Stage1-2-0,0,16,15,625,84,1965,0,0
1782950755746,unknown,VM-74,Stage1-3-0,0,512,509,2212,1264,61719,0,0
1782950755746,unknown,VM-76,Stage2-1-0,0,0,0,0,0,0,0,0
1782950755763,unknown,VM-77,Stage2-0-0,0,0,0,0,0,0,0,0
1782950755809,unknown,VM-78,Stage3-2-0,0,0,0,0,0,0,0,0
1782950755812,unknown,VM-79,Stage3-3-0,0,0,0,0,0,0,0,0
1782950755823,unknown,VM-73,Stage1-1-0,0,0,0,0,0,0,0,0
1782950755835,unknown,VM-75,Stage1-2-0,0,0,0,0,0,0,0,0
1782950756746,unknown,VM-74,Stage1-3-0,0,241,240,1261,628,29394,0,0
1782950756746,unknown,VM-76,Stage2-1-0,0,0,0,0,0,0,0,0
1782950756763,unknown,VM-77,Stage2-0-0,0,0,0,0,0,0,0,0
1782950756808,unknown,VM-78,Stage3-2-0,0,0,0,0,0,0,0,0
1782950756812,unknown,VM-79,Stage3-3-0,0,0,0,0,0,0,0,0
1782950756823,unknown,VM-73,Stage1-1-0,0,0,0,0,0,0,0,0
1782950756835,unknown,VM-75,Stage1-2-0,0,357,339,1521,799,42956,0,0
1782950757746,unknown,VM-74,Stage1-3-0,0,64,63,914,1228,8616,0,0
1782950757746,unknown,VM-76,Stage2-1-0,0,0,0,0,0,0,0,0
1782950757763,unknown,VM-77,Stage2-0-0,0,0,0,0,0,0,0,0
1782950757808,unknown,VM-78,Stage3-2-0,0,0,0,0,0,0,0,0
1782950757812,unknown,VM-79,Stage3-3-0,0,0,0,0,0,0,0,0
1782950757823,unknown,VM-73,Stage1-1-0,0,0,0,0,0,0,0,0
1782950757835,unknown,VM-75,Stage1-2-0,0,35,33,731,105,4328,0,0
1782950758746,unknown,VM-74,Stage1-3-0,0,267,262,1370,677,33000,0,0
1782950758746,unknown,VM-76,Stage2-1-0,0,0,0,0,0,0,0,0
1782950758763,unknown,VM-77,Stage2-0-0,0,0,0,0,0,0,0,0
1782950758809,unknown,VM-78,Stage3-2-0,0,0,0,0,0,0,0,0
1782950758812,unknown,VM-79,Stage3-3-0,0,0,0,0,0,0,0,0
1782950758823,unknown,VM-73,Stage1-1-0,0,0,0,0,0,0,0,0
1782950758835,unknown,VM-75,Stage1-2-0,0,26,24,166,124,3360,0,0
1782950759746,unknown,VM-74,Stage1-3-0,0,0,0,0,0,0,0,0
1782950759746,unknown,VM-76,Stage2-1-0,0,0,0,0,0,0,0,0
1782950759763,unknown,VM-77,Stage2-0-0,0,0,0,0,0,0,0,0
1782950759809,unknown,VM-78,Stage3-2-0,0,0,0,0,0,0,0,0
1782950759812,unknown,VM-79,Stage3-3-0,0,0,0,0,0,0,0,0
1782950759822,unknown,VM-73,Stage1-1-0,0,0,0,0,0,0,0,0
1782950759835,unknown,VM-75,Stage1-2-0,0,32,31,701,76,3929,0,0
1782950760746,unknown,VM-74,Stage1-3-0,0,116,112,873,288,14549,0,0
1782950760746,unknown,VM-76,Stage2-1-0,0,0,0,0,0,0,0,0
1782950760763,unknown,VM-77,Stage2-0-0,0,0,0,0,0,0,0,0
1782950760808,unknown,VM-78,Stage3-2-0,0,0,0,0,0,0,0,0
1782950760812,unknown,VM-79,Stage3-3-0,0,0,0,0,0,0,0,0
1782950760822,unknown,VM-73,Stage1-1-0,0,0,0,0,0,0,0,0
1782950760835,unknown,VM-75,Stage1-2-0,0,19,18,656,60,2506,0,0
1782950761746,unknown,VM-74,Stage1-3-0,0,261,259,1274,565,31577,0,0
1782950761746,unknown,VM-76,Stage2-1-0,0,0,0,0,0,0,0,0
1782950761763,unknown,VM-77,Stage2-0-0,0,0,0,0,0,0,0,0
1782950761808,unknown,VM-78,Stage3-2-0,0,0,0,0,0,0,0,0
1782950761812,unknown,VM-79,Stage3-3-0,0,0,0,0,0,0,0,0
1782950761822,unknown,VM-73,Stage1-1-0,0,0,0,0,0,0,0,0
1782950761835,unknown,VM-75,Stage1-2-0,0,0,0,0,0,0,0,0
1782950762746,unknown,VM-74,Stage1-3-0,0,242,238,1025,604,30392,0,0
1782950762746,unknown,VM-76,Stage2-1-0,0,0,0,0,0,0,0,0
1782950762763,unknown,VM-77,Stage2-0-0,0,0,0,0,0,0,0,0
1782950762808,unknown,VM-78,Stage3-2-0,0,0,0,0,0,0,0,0
1782950762812,unknown,VM-79,Stage3-3-0,0,0,0,0,0,0,0,0
1782950762822,unknown,VM-73,Stage1-1-0,0,0,0,0,0,0,0,0
1782950762835,unknown,VM-75,Stage1-2-0,0,117,113,1367,282,13950,0,0
1782950763746,unknown,VM-74,Stage1-3-0,0,51,50,767,164,6264,0,0
1782950763746,unknown,VM-76,Stage2-1-0,0,0,0,0,0,0,0,0
1782950763763,unknown,VM-77,Stage2-0-0,0,0,0,0,0,0,0,0
1782950763808,unknown,VM-78,Stage3-2-0,0,0,0,0,0,0,0,0
1782950763812,unknown,VM-79,Stage3-3-0,0,0,0,0,0,0,0,0
1782950763823,unknown,VM-73,Stage1-1-0,0,0,0,0,0,0,0,0
1782950763835,unknown,VM-75,Stage1-2-0,0,0,0,0,0,0,0,0
1782950764746,unknown,VM-74,Stage1-3-0,0,0,0,0,0,0,0,0
1782950764746,unknown,VM-76,Stage2-1-0,0,0,0,0,0,0,0,0
1782950764763,unknown,VM-77,Stage2-0-0,0,0,0,0,0,0,0,0
1782950764809,unknown,VM-78,Stage3-2-0,0,0,0,0,0,0,0,0
1782950764812,unknown,VM-79,Stage3-3-0,0,0,0,0,0,0,0,0
1782950764823,unknown,VM-73,Stage1-1-0,0,0,0,0,0,0,0,0
1782950764835,unknown,VM-75,Stage1-2-0,0,31,31,738,98,4134,0,0
1782950765746,unknown,VM-74,Stage1-3-0,0,0,0,0,0,0,0,0
1782950765746,unknown,VM-76,Stage2-1-0,0,0,0,0,0,0,0,0
1782950765763,unknown,VM-77,Stage2-0-0,0,0,0,0,0,0,0,0
1782950765808,unknown,VM-78,Stage3-2-0,0,0,0,0,0,0,0,0
1782950765812,unknown,VM-79,Stage3-3-0,0,0,0,0,0,0,0,0
1782950765822,unknown,VM-73,Stage1-1-0,0,0,0,0,0,0,0,0
1782950765835,unknown,VM-75,Stage1-2-0,0,38,37,682,151,4767,0,0
1782950766746,unknown,VM-76,Stage2-1-0,0,0,0,0,0,0,0,0
1782950766746,unknown,VM-74,Stage1-3-0,0,0,0,0,0,0,0,0
1782950766763,unknown,VM-77,Stage2-0-0,0,0,0,0,0,0,0,0
1782950766809,unknown,VM-78,Stage3-2-0,0,0,0,0,0,0,0,0
1782950766812,unknown,VM-79,Stage3-3-0,0,0,0,0,0,0,0,0
1782950766822,unknown,VM-73,Stage1-1-0,0,0,0,0,0,0,0,0
1782950766835,unknown,VM-75,Stage1-2-0,0,13,13,1729,69,1585,0,0
1782950767746,unknown,VM-74,Stage1-3-0,0,512,503,2094,1502,62474,0,0
1782950767746,unknown,VM-76,Stage2-1-0,0,0,0,0,0,0,0,0
1782950767763,unknown,VM-77,Stage2-0-0,0,0,0,0,0,0,0,0
1782950767809,unknown,VM-78,Stage3-2-0,0,0,0,0,0,0,0,0
1782950767812,unknown,VM-79,Stage3-3-0,0,0,0,0,0,0,0,0
1782950767823,unknown,VM-73,Stage1-1-0,0,0,0,0,0,0,0,0
1782950767835,unknown,VM-75,Stage1-2-0,0,47,46,1676,164,5724,0,0
1782950768746,unknown,VM-74,Stage1-3-0,0,258,254,1460,611,30692,0,0
1782950768746,unknown,VM-76,Stage2-1-0,0,0,0,0,0,0,0,0
1782950768763,unknown,VM-77,Stage2-0-0,0,0,0,0,0,0,0,0
1782950768809,unknown,VM-78,Stage3-2-0,0,0,0,0,0,0,0,0
1782950768812,unknown,VM-79,Stage3-3-0,0,0,0,0,0,0,0,0
1782950768822,unknown,VM-73,Stage1-1-0,0,0,0,0,0,0,0,0
1782950768835,unknown,VM-75,Stage1-2-0,0,14,13,763,96,1610,0,0
1782950769746,unknown,VM-74,Stage1-3-0,0,177,174,1080,458,22260,0,0
1782950769746,unknown,VM-76,Stage2-1-0,0,0,0,0,0,0,0,0
1782950769763,unknown,VM-77,Stage2-0-0,0,0,0,0,0,0,0,0
1782950769809,unknown,VM-78,Stage3-2-0,0,0,0,0,0,0,0,0
1782950769812,unknown,VM-79,Stage3-3-0,0,0,0,0,0,0,0,0
1782950769823,unknown,VM-73,Stage1-1-0,0,0,0,0,0,0,0,0
1782950769835,unknown,VM-75,Stage1-2-0,0,0,0,0,0,0,0,0
1782950770746,unknown,VM-74,Stage1-3-0,0,75,73,918,233,9093,0,0
1782950770746,unknown,VM-76,Stage2-1-0,0,0,0,0,0,0,0,0
1782950770763,unknown,VM-77,Stage2-0-0,0,0,0,0,0,0,0,0
1782950770809,unknown,VM-78,Stage3-2-0,0,0,0,0,0,0,0,0
1782950770812,unknown,VM-79,Stage3-3-0,0,0,0,0,0,0,0,0
1782950770823,unknown,VM-73,Stage1-1-0,0,0,0,0,0,0,0,0
1782950770835,unknown,VM-75,Stage1-2-0,0,32,31,756,127,3771,0,0
1782950771746,unknown,VM-74,Stage1-3-0,0,102,99,927,308,12471,0,0
1782950771746,unknown,VM-76,Stage2-1-0,0,0,0,0,0,0,0,0
1782950771763,unknown,VM-77,Stage2-0-0,0,0,0,0,0,0,0,0
1782950771809,unknown,VM-78,Stage3-2-0,0,0,0,0,0,0,0,0
1782950771812,unknown,VM-79,Stage3-3-0,0,0,0,0,0,0,0,0
1782950771822,unknown,VM-73,Stage1-1-0,0,0,0,0,0,0,0,0
1782950771835,unknown,VM-75,Stage1-2-0,0,40,39,2324,151,4617,0,0
1782950772746,unknown,VM-74,Stage1-3-0,0,34,34,1353,148,3641,0,0
1782950772746,unknown,VM-76,Stage2-1-0,0,0,0,0,0,0,0,0
1782950772763,unknown,VM-77,Stage2-0-0,0,0,0,0,0,0,0,0
1782950772809,unknown,VM-78,Stage3-2-0,0,0,0,0,0,0,0,0
1782950772812,unknown,VM-79,Stage3-3-0,0,0,0,0,0,0,0,0
1782950772822,unknown,VM-73,Stage1-1-0,0,0,0,0,0,0,0,0
1782950772835,unknown,VM-75,Stage1-2-0,0,0,0,0,0,0,0,0
1782950773746,unknown,VM-74,Stage1-3-0,0,171,169,2123,583,21785,0,0
1782950773746,unknown,VM-76,Stage2-1-0,0,0,0,0,0,0,0,0
1782950773763,unknown,VM-77,Stage2-0-0,0,0,0,0,0,0,0,0
1782950773809,unknown,VM-78,Stage3-2-0,0,0,0,0,0,0,0,0
1782950773812,unknown,VM-79,Stage3-3-0,0,0,0,0,0,0,0,0
1782950773823,unknown,VM-73,Stage1-1-0,0,0,0,0,0,0,0,0
1782950773835,unknown,VM-75,Stage1-2-0,0,36,32,1272,158,4587,0,0
1782950774746,unknown,VM-74,Stage1-3-0,0,0,0,0,0,0,0,0
1782950774746,unknown,VM-76,Stage2-1-0,0,0,0,0,0,0,0,0
1782950774763,unknown,VM-77,Stage2-0-0,0,0,0,0,0,0,0,0
1782950774809,unknown,VM-78,Stage3-2-0,0,0,0,0,0,0,0,0
1782950774812,unknown,VM-79,Stage3-3-0,0,0,0,0,0,0,0,0
1782950774823,unknown,VM-73,Stage1-1-0,0,0,0,0,0,0,0,0
1782950774835,unknown,VM-75,Stage1-2-0,0,11,11,407,33,1193,0,0
1782950775746,unknown,VM-74,Stage1-3-0,0,505,489,2159,1235,60835,0,0
1782950775746,unknown,VM-76,Stage2-1-0,0,0,0,0,0,0,0,0
1782950775763,unknown,VM-77,Stage2-0-0,0,0,0,0,0,0,0,0
1782950775809,unknown,VM-78,Stage3-2-0,0,0,0,0,0,0,0,0
1782950775812,unknown,VM-79,Stage3-3-0,0,0,0,0,0,0,0,0
1782950775823,unknown,VM-73,Stage1-1-0,0,0,0,0,0,0,0,0
1782950775835,unknown,VM-75,Stage1-2-0,0,26,26,656,118,2971,0,0
1782950776746,unknown,VM-74,Stage1-3-0,0,43,43,827,157,4885,0,0
1782950776746,unknown,VM-76,Stage2-1-0,0,0,0,0,0,0,0,0
1782950776763,unknown,VM-77,Stage2-0-0,0,0,0,0,0,0,0,0
1782950776809,unknown,VM-78,Stage3-2-0,0,0,0,0,0,0,0,0
1782950776812,unknown,VM-79,Stage3-3-0,0,0,0,0,0,0,0,0
1782950776822,unknown,VM-73,Stage1-1-0,0,0,0,0,0,0,0,0
1782950776835,unknown,VM-75,Stage1-2-0,0,0,0,0,0,0,0,0
1782950777746,unknown,VM-74,Stage1-3-0,0,78,76,1304,258,10032,0,0
1782950777746,unknown,VM-76,Stage2-1-0,0,0,0,0,0,0,0,0
1782950777763,unknown,VM-77,Stage2-0-0,0,0,0,0,0,0,0,0
1782950777808,unknown,VM-78,Stage3-2-0,0,0,0,0,0,0,0,0
1782950777812,unknown,VM-79,Stage3-3-0,0,0,0,0,0,0,0,0
1782950777822,unknown,VM-73,Stage1-1-0,0,0,0,0,0,0,0,0
1782950777835,unknown,VM-75,Stage1-2-0,0,15,15,745,68,1814,0,0
1782950778746,unknown,VM-74,Stage1-3-0,0,42,41,1386,108,5079,0,0
1782950778746,unknown,VM-76,Stage2-1-0,0,0,0,0,0,0,0,0
1782950778763,unknown,VM-77,Stage2-0-0,0,0,0,0,0,0,0,0
1782950778809,unknown,VM-78,Stage3-2-0,0,0,0,0,0,0,0,0
1782950778812,unknown,VM-79,Stage3-3-0,0,0,0,0,0,0,0,0
1782950778822,unknown,VM-73,Stage1-1-0,0,0,0,0,0,0,0,0
1782950778835,unknown,VM-75,Stage1-2-0,0,11,10,516,38,1456,0,0
1782950779746,unknown,VM-74,Stage1-3-0,0,76,74,1064,247,9590,0,0
1782950779746,unknown,VM-76,Stage2-1-0,0,0,0,0,0,0,0,0
1782950779763,unknown,VM-77,Stage2-0-0,0,0,0,0,0,0,0,0
1782950779808,unknown,VM-78,Stage3-2-0,0,0,0,0,0,0,0,0
1782950779812,unknown,VM-79,Stage3-3-0,0,0,0,0,0,0,0,0
1782950779822,unknown,VM-73,Stage1-1-0,0,0,0,0,0,0,0,0
1782950779835,unknown,VM-75,Stage1-2-0,0,24,24,321,70,2613,0,0
1782950780746,unknown,VM-74,Stage1-3-0,0,0,0,0,0,0,0,0
1782950780746,unknown,VM-76,Stage2-1-0,0,0,0,0,0,0,0,0
1782950780763,unknown,VM-77,Stage2-0-0,0,0,0,0,0,0,0,0
1782950780809,unknown,VM-78,Stage3-2-0,0,0,0,0,0,0,0,0
1782950780812,unknown,VM-79,Stage3-3-0,0,0,0,0,0,0,0,0
1782950780822,unknown,VM-73,Stage1-1-0,0,0,0,0,0,0,0,0
1782950780835,unknown,VM-75,Stage1-2-0,0,0,0,0,0,0,0,0
1782950781746,unknown,VM-74,Stage1-3-0,0,124,120,851,339,15559,0,0
1782950781746,unknown,VM-76,Stage2-1-0,0,0,0,0,0,0,0,0
1782950781763,unknown,VM-77,Stage2-0-0,0,0,0,0,0,0,0,0
1782950781808,unknown,VM-78,Stage3-2-0,0,0,0,0,0,0,0,0
1782950781812,unknown,VM-79,Stage3-3-0,0,0,0,0,0,0,0,0
1782950781822,unknown,VM-73,Stage1-1-0,0,0,0,0,0,0,0,0
1782950781835,unknown,VM-75,Stage1-2-0,0,34,34,695,97,3948,0,0
1782950782746,unknown,VM-74,Stage1-3-0,0,0,0,0,0,0,0,0
1782950782746,unknown,VM-76,Stage2-1-0,0,0,0,0,0,0,0,0
1782950782763,unknown,VM-77,Stage2-0-0,0,0,0,0,0,0,0,0
1782950782808,unknown,VM-78,Stage3-2-0,0,0,0,0,0,0,0,0
1782950782812,unknown,VM-79,Stage3-3-0,0,0,0,0,0,0,0,0
1782950782822,unknown,VM-73,Stage1-1-0,0,0,0,0,0,0,0,0
1782950782835,unknown,VM-75,Stage1-2-0,0,0,0,0,0,0,0,0
1782950783746,unknown,VM-74,Stage1-3-0,0,64,63,694,158,7619,0,0
1782950783746,unknown,VM-76,Stage2-1-0,0,0,0,0,0,0,0,0
1782950783763,unknown,VM-77,Stage2-0-0,0,0,0,0,0,0,0,0
1782950783808,unknown,VM-78,Stage3-2-0,0,0,0,0,0,0,0,0
1782950783812,unknown,VM-79,Stage3-3-0,0,0,0,0,0,0,0,0
1782950783822,unknown,VM-73,Stage1-1-0,0,0,0,0,0,0,0,0
1782950783835,unknown,VM-75,Stage1-2-0,0,55,54,678,108,6411,0,0
1782950784746,unknown,VM-74,Stage1-3-0,0,28,28,693,91,3580,0,0
1782950784746,unknown,VM-76,Stage2-1-0,0,0,0,0,0,0,0,0
1782950784763,unknown,VM-77,Stage2-0-0,0,0,0,0,0,0,0,0
1782950784808,unknown,VM-78,Stage3-2-0,0,0,0,0,0,0,0,0
1782950784812,unknown,VM-79,Stage3-3-0,0,0,0,0,0,0,0,0
1782950784822,unknown,VM-73,Stage1-1-0,0,0,0,0,0,0,0,0
1782950784835,unknown,VM-75,Stage1-2-0,0,24,24,361,78,2564,0,0
1782950785746,unknown,VM-74,Stage1-3-0,0,47,46,806,150,5693,0,0
1782950785746,unknown,VM-76,Stage2-1-0,0,0,0,0,0,0,0,0
1782950785763,unknown,VM-77,Stage2-0-0,0,0,0,0,0,0,0,0
1782950785808,unknown,VM-78,Stage3-2-0,0,0,0,0,0,0,0,0
1782950785812,unknown,VM-79,Stage3-3-0,0,0,0,0,0,0,0,0
1782950785822,unknown,VM-73,Stage1-1-0,0,0,0,0,0,0,0,0
1782950785835,unknown,VM-75,Stage1-2-0,0,49,48,686,108,5585,0,0
1782950786746,unknown,VM-74,Stage1-3-0,0,43,43,122,97,5098,0,0
1782950786746,unknown,VM-76,Stage2-1-0,0,0,0,0,0,0,0,0
1782950786763,unknown,VM-77,Stage2-0-0,0,0,0,0,0,0,0,0
1782950786808,unknown,VM-78,Stage3-2-0,0,0,0,0,0,0,0,0
1782950786812,unknown,VM-79,Stage3-3-0,0,0,0,0,0,0,0,0
1782950786823,unknown,VM-73,Stage1-1-0,0,0,0,0,0,0,0,0
1782950786835,unknown,VM-75,Stage1-2-0,0,117,113,643,216,13924,0,0
1782950787746,unknown,VM-76,Stage2-1-0,0,0,0,0,0,0,0,0
1782950787746,unknown,VM-74,Stage1-3-0,0,33,33,619,123,3778,0,0
1782950787763,unknown,VM-77,Stage2-0-0,0,0,0,0,0,0,0,0
1782950787808,unknown,VM-78,Stage3-2-0,0,0,0,0,0,0,0,0
1782950787812,unknown,VM-79,Stage3-3-0,0,0,0,0,0,0,0,0
1782950787822,unknown,VM-73,Stage1-1-0,0,0,0,0,0,0,0,0
1782950787835,unknown,VM-75,Stage1-2-0,0,0,0,0,0,0,0,0
1782950788746,unknown,VM-74,Stage1-3-0,0,41,40,585,137,5082,0,0
1782950788746,unknown,VM-76,Stage2-1-0,0,0,0,0,0,0,0,0
1782950788763,unknown,VM-77,Stage2-0-0,0,0,0,0,0,0,0,0
1782950788808,unknown,VM-78,Stage3-2-0,0,0,0,0,0,0,0,0
1782950788812,unknown,VM-79,Stage3-3-0,0,0,0,0,0,0,0,0
1782950788822,unknown,VM-73,Stage1-1-0,0,0,0,0,0,0,0,0
1782950788835,unknown,VM-75,Stage1-2-0,0,21,19,599,70,2622,0,0
1782950789746,unknown,VM-74,Stage1-3-0,0,33,32,840,125,4075,0,0
1782950789746,unknown,VM-76,Stage2-1-0,0,0,0,0,0,0,0,0
1782950789763,unknown,VM-77,Stage2-0-0,0,0,0,0,0,0,0,0
1782950789808,unknown,VM-78,Stage3-2-0,0,0,0,0,0,0,0,0
1782950789812,unknown,VM-79,Stage3-3-0,0,0,0,0,0,0,0,0
1782950789822,unknown,VM-73,Stage1-1-0,0,0,0,0,0,0,0,0
1782950789835,unknown,VM-75,Stage1-2-0,0,15,15,573,37,2091,0,0
1782950790746,unknown,VM-76,Stage2-1-0,0,0,0,0,0,0,0,0
1782950790746,unknown,VM-74,Stage1-3-0,0,56,54,922,206,6567,0,0
1782950790763,unknown,VM-77,Stage2-0-0,0,0,0,0,0,0,0,0
1782950790808,unknown,VM-78,Stage3-2-0,0,0,0,0,0,0,0,0
1782950790812,unknown,VM-79,Stage3-3-0,0,0,0,0,0,0,0,0
1782950790823,unknown,VM-73,Stage1-1-0,0,0,0,0,0,0,0,0
1782950790835,unknown,VM-75,Stage1-2-0,0,27,27,672,112,3757,0,0
1782950791746,unknown,VM-74,Stage1-3-0,0,0,0,0,0,0,0,0
1782950791746,unknown,VM-76,Stage2-1-0,0,0,0,0,0,0,0,0
1782950791763,unknown,VM-77,Stage2-0-0,0,0,0,0,0,0,0,0
1782950791808,unknown,VM-78,Stage3-2-0,0,0,0,0,0,0,0,0
1782950791812,unknown,VM-79,Stage3-3-0,0,0,0,0,0,0,0,0
1782950791822,unknown,VM-73,Stage1-1-0,0,0,0,0,0,0,0,0
1782950791835,unknown,VM-75,Stage1-2-0,0,0,0,0,0,0,0,0
1782950792746,unknown,VM-74,Stage1-3-0,0,23,21,7366,136,2853,0,0
1782950792746,unknown,VM-76,Stage2-1-0,0,0,0,0,0,0,0,0
1782950792763,unknown,VM-77,Stage2-0-0,0,0,0,0,0,0,0,0
1782950792809,unknown,VM-78,Stage3-2-0,0,0,0,0,0,0,0,0
1782950792812,unknown,VM-79,Stage3-3-0,0,0,0,0,0,0,0,0
1782950792822,unknown,VM-73,Stage1-1-0,0,0,0,0,0,0,0,0
1782950792835,unknown,VM-75,Stage1-2-0,0,20,19,402,51,2221,0,0
1782950793746,unknown,VM-74,Stage1-3-0,0,47,45,659,140,5461,0,0
1782950793746,unknown,VM-76,Stage2-1-0,0,0,0,0,0,0,0,0
1782950793763,unknown,VM-77,Stage2-0-0,0,0,0,0,0,0,0,0
1782950793808,unknown,VM-78,Stage3-2-0,0,0,0,0,0,0,0,0
1782950793812,unknown,VM-79,Stage3-3-0,0,0,0,0,0,0,0,0
1782950793822,unknown,VM-73,Stage1-1-0,0,0,0,0,0,0,0,0
1782950793835,unknown,VM-75,Stage1-2-0,0,42,41,1044,136,4882,0,0
1782950794746,unknown,VM-74,Stage1-3-0,0,20,20,587,81,2423,0,0
1782950794746,unknown,VM-76,Stage2-1-0,0,0,0,0,0,0,0,0
1782950794763,unknown,VM-77,Stage2-0-0,0,0,0,0,0,0,0,0
1782950794808,unknown,VM-78,Stage3-2-0,0,0,0,0,0,0,0,0
1782950794812,unknown,VM-79,Stage3-3-0,0,0,0,0,0,0,0,0
1782950794823,unknown,VM-73,Stage1-1-0,0,0,0,0,0,0,0,0
1782950794835,unknown,VM-75,Stage1-2-0,0,9,9,563,35,1193,0,0
1782950795746,unknown,VM-74,Stage1-3-0,0,47,46,553,179,5819,0,0
1782950795746,unknown,VM-76,Stage2-1-0,0,0,0,0,0,0,0,0
1782950795763,unknown,VM-77,Stage2-0-0,0,0,0,0,0,0,0,0
1782950795808,unknown,VM-78,Stage3-2-0,0,0,0,0,0,0,0,0
1782950795812,unknown,VM-79,Stage3-3-0,0,0,0,0,0,0,0,0
1782950795822,unknown,VM-73,Stage1-1-0,0,0,0,0,0,0,0,0
1782950795835,unknown,VM-75,Stage1-2-0,0,0,0,0,0,0,0,0
1782950796746,unknown,VM-74,Stage1-3-0,0,105,104,831,338,12912,0,0
1782950796746,unknown,VM-76,Stage2-1-0,0,0,0,0,0,0,0,0
1782950796763,unknown,VM-77,Stage2-0-0,0,0,0,0,0,0,0,0
1782950796808,unknown,VM-78,Stage3-2-0,0,0,0,0,0,0,0,0
1782950796812,unknown,VM-79,Stage3-3-0,0,0,0,0,0,0,0,0
1782950796822,unknown,VM-73,Stage1-1-0,0,0,0,0,0,0,0,0
1782950796835,unknown,VM-75,Stage1-2-0,0,46,45,641,168,5248,0,0
1782950797746,unknown,VM-74,Stage1-3-0,0,0,0,0,0,0,0,0
1782950797746,unknown,VM-76,Stage2-1-0,0,0,0,0,0,0,0,0
1782950797763,unknown,VM-77,Stage2-0-0,0,0,0,0,0,0,0,0
1782950797808,unknown,VM-78,Stage3-2-0,0,0,0,0,0,0,0,0
1782950797812,unknown,VM-79,Stage3-3-0,0,0,0,0,0,0,0,0
1782950797823,unknown,VM-73,Stage1-1-0,0,0,0,0,0,0,0,0
1782950797835,unknown,VM-75,Stage1-2-0,0,0,0,0,0,0,0,0
1782950798746,unknown,VM-74,Stage1-3-0,0,83,83,1213,262,10834,0,0
1782950798746,unknown,VM-76,Stage2-1-0,0,0,0,0,0,0,0,0
1782950798763,unknown,VM-77,Stage2-0-0,0,0,0,0,0,0,0,0
1782950798809,unknown,VM-78,Stage3-2-0,0,0,0,0,0,0,0,0
1782950798812,unknown,VM-79,Stage3-3-0,0,0,0,0,0,0,0,0
1782950798822,unknown,VM-73,Stage1-1-0,0,0,0,0,0,0,0,0
1782950798835,unknown,VM-75,Stage1-2-0,0,28,27,919,102,3355,0,0
1782950799746,unknown,VM-74,Stage1-3-0,0,42,42,655,94,5358,0,0
1782950799746,unknown,VM-76,Stage2-1-0,0,0,0,0,0,0,0,0
1782950799763,unknown,VM-77,Stage2-0-0,0,0,0,0,0,0,0,0
1782950799809,unknown,VM-78,Stage3-2-0,0,0,0,0,0,0,0,0
1782950799812,unknown,VM-79,Stage3-3-0,0,0,0,0,0,0,0,0
1782950799822,unknown,VM-73,Stage1-1-0,0,0,0,0,0,0,0,0
1782950799835,unknown,VM-75,Stage1-2-0,0,10,10,362,46,1076,0,0
1782950800746,unknown,VM-76,Stage2-1-0,0,0,0,0,0,0,0,0
1782950800746,unknown,VM-74,Stage1-3-0,0,0,0,0,0,0,0,0
1782950800763,unknown,VM-77,Stage2-0-0,0,0,0,0,0,0,0,0
1782950800808,unknown,VM-78,Stage3-2-0,0,0,0,0,0,0,0,0
1782950800812,unknown,VM-79,Stage3-3-0,0,0,0,0,0,0,0,0
1782950800822,unknown,VM-73,Stage1-1-0,0,0,0,0,0,0,0,0
1782950800835,unknown,VM-75,Stage1-2-0,0,0,0,0,0,0,0,0
1782950801746,unknown,VM-74,Stage1-3-0,0,45,45,764,123,5696,0,0
1782950801746,unknown,VM-76,Stage2-1-0,0,0,0,0,0,0,0,0
1782950801763,unknown,VM-77,Stage2-0-0,0,0,0,0,0,0,0,0
1782950801808,unknown,VM-78,Stage3-2-0,0,0,0,0,0,0,0,0
1782950801812,unknown,VM-79,Stage3-3-0,0,0,0,0,0,0,0,0
1782950801822,unknown,VM-73,Stage1-1-0,0,0,0,0,0,0,0,0
1782950801835,unknown,VM-75,Stage1-2-0,0,16,16,431,61,1716,0,0
1782950802746,unknown,VM-74,Stage1-3-0,0,213,213,904,475,26159,0,0
1782950802746,unknown,VM-76,Stage2-1-0,0,0,0,0,0,0,0,0
1782950802763,unknown,VM-77,Stage2-0-0,0,0,0,0,0,0,0,0
1782950802808,unknown,VM-78,Stage3-2-0,0,0,0,0,0,0,0,0
1782950802812,unknown,VM-79,Stage3-3-0,0,0,0,0,0,0,0,0
1782950802822,unknown,VM-73,Stage1-1-0,0,0,0,0,0,0,0,0
1782950802835,unknown,VM-75,Stage1-2-0,0,246,240,1369,534,28282,0,0
1782950803746,unknown,VM-74,Stage1-3-0,0,0,0,0,0,0,0,0
1782950803746,unknown,VM-76,Stage2-1-0,0,0,0,0,0,0,0,0
1782950803763,unknown,VM-77,Stage2-0-0,0,0,0,0,0,0,0,0
1782950803808,unknown,VM-78,Stage3-2-0,0,0,0,0,0,0,0,0
1782950803812,unknown,VM-79,Stage3-3-0,0,0,0,0,0,0,0,0
1782950803822,unknown,VM-73,Stage1-1-0,0,0,0,0,0,0,0,0
1782950803835,unknown,VM-75,Stage1-2-0,0,0,0,0,0,0,0,0
1782950804746,unknown,VM-76,Stage2-1-0,0,0,0,0,0,0,0,0
1782950804746,unknown,VM-74,Stage1-3-0,0,0,0,0,0,0,0,0
1782950804763,unknown,VM-77,Stage2-0-0,0,0,0,0,0,0,0,0
1782950804808,unknown,VM-78,Stage3-2-0,0,0,0,0,0,0,0,0
1782950804812,unknown,VM-79,Stage3-3-0,0,0,0,0,0,0,0,0
1782950804822,unknown,VM-73,Stage1-1-0,0,0,0,0,0,0,0,0
1782950804835,unknown,VM-75,Stage1-2-0,0,29,28,738,88,3420,0,0
1782950805746,unknown,VM-74,Stage1-3-0,0,278,276,1275,640,34175,0,0
1782950805746,unknown,VM-76,Stage2-1-0,0,0,0,0,0,0,0,0
1782950805763,unknown,VM-77,Stage2-0-0,0,0,0,0,0,0,0,0
1782950805809,unknown,VM-78,Stage3-2-0,0,0,0,0,0,0,0,0
1782950805812,unknown,VM-79,Stage3-3-0,0,0,0,0,0,0,0,0
1782950805822,unknown,VM-73,Stage1-1-0,0,0,0,0,0,0,0,0
1782950805835,unknown,VM-75,Stage1-2-0,0,13,13,628,40,1576,0,0
1782950806746,unknown,VM-74,Stage1-3-0,0,201,199,24831,551,25507,0,0
1782950806746,unknown,VM-76,Stage2-1-0,0,0,0,0,0,0,0,0
1782950806763,unknown,VM-77,Stage2-0-0,0,0,0,0,0,0,0,0
1782950806808,unknown,VM-78,Stage3-2-0,0,0,0,0,0,0,0,0
1782950806812,unknown,VM-79,Stage3-3-0,0,0,0,0,0,0,0,0
1782950806823,unknown,VM-73,Stage1-1-0,0,0,0,0,0,0,0,0
1782950806835,unknown,VM-75,Stage1-2-0,0,67,63,820,164,8322,0,0
1782950807746,unknown,VM-74,Stage1-3-0,0,63,62,614,144,7289,0,0
1782950807746,unknown,VM-76,Stage2-1-0,0,0,0,0,0,0,0,0
1782950807763,unknown,VM-77,Stage2-0-0,0,0,0,0,0,0,0,0
1782950807808,unknown,VM-78,Stage3-2-0,0,0,0,0,0,0,0,0
1782950807812,unknown,VM-79,Stage3-3-0,0,0,0,0,0,0,0,0
1782950807822,unknown,VM-73,Stage1-1-0,0,0,0,0,0,0,0,0
1782950807835,unknown,VM-75,Stage1-2-0,0,53,51,603,101,6446,0,0
1782950808746,unknown,VM-76,Stage2-1-0,0,0,0,0,0,0,0,0
1782950808746,unknown,VM-74,Stage1-3-0,0,0,0,0,0,0,0,0
1782950808763,unknown,VM-77,Stage2-0-0,0,0,0,0,0,0,0,0
1782950808808,unknown,VM-78,Stage3-2-0,0,0,0,0,0,0,0,0
1782950808812,unknown,VM-79,Stage3-3-0,0,0,0,0,0,0,0,0
1782950808822,unknown,VM-73,Stage1-1-0,0,0,0,0,0,0,0,0
1782950808835,unknown,VM-75,Stage1-2-0,0,0,0,0,0,0,0,0
1782950809746,unknown,VM-74,Stage1-3-0,0,80,80,855,216,9266,0,0
1782950809746,unknown,VM-76,Stage2-1-0,0,0,0,0,0,0,0,0
1782950809763,unknown,VM-77,Stage2-0-0,0,0,0,0,0,0,0,0
1782950809808,unknown,VM-78,Stage3-2-0,0,0,0,0,0,0,0,0
1782950809812,unknown,VM-79,Stage3-3-0,0,0,0,0,0,0,0,0
1782950809822,unknown,VM-73,Stage1-1-0,0,0,0,0,0,0,0,0
1782950809835,unknown,VM-75,Stage1-2-0,0,33,31,684,122,4130,0,0
1782950810746,unknown,VM-74,Stage1-3-0,0,512,508,1667,1097,62897,0,0
1782950810746,unknown,VM-76,Stage2-1-0,0,0,0,0,0,0,0,0
1782950810763,unknown,VM-77,Stage2-0-0,0,0,0,0,0,0,0,0
1782950810808,unknown,VM-78,Stage3-2-0,0,0,0,0,0,0,0,0
1782950810812,unknown,VM-79,Stage3-3-0,0,0,0,0,0,0,0,0
1782950810822,unknown,VM-73,Stage1-1-0,0,0,0,0,0,0,0,0
1782950810835,unknown,VM-75,Stage1-2-0,0,256,243,936,531,30376,0,0
1782950811746,unknown,VM-76,Stage2-1-0,0,0,0,0,0,0,0,0
1782950811746,unknown,VM-74,Stage1-3-0,0,0,0,0,0,0,0,0
1782950811763,unknown,VM-77,Stage2-0-0,0,0,0,0,0,0,0,0
1782950811808,unknown,VM-78,Stage3-2-0,0,0,0,0,0,0,0,0
1782950811812,unknown,VM-79,Stage3-3-0,0,0,0,0,0,0,0,0
1782950811822,unknown,VM-73,Stage1-1-0,0,0,0,0,0,0,0,0
1782950811835,unknown,VM-75,Stage1-2-0,0,0,0,0,0,0,0,0
1782950812746,unknown,VM-74,Stage1-3-0,0,116,116,750,363,13758,0,0
1782950812746,unknown,VM-76,Stage2-1-0,0,0,0,0,0,0,0,0
1782950812763,unknown,VM-77,Stage2-0-0,0,0,0,0,0,0,0,0
1782950812809,unknown,VM-78,Stage3-2-0,0,0,0,0,0,0,0,0
1782950812812,unknown,VM-79,Stage3-3-0,0,0,0,0,0,0,0,0
1782950812822,unknown,VM-73,Stage1-1-0,0,0,0,0,0,0,0,0
1782950812835,unknown,VM-75,Stage1-2-0,0,11,11,670,69,1372,0,0
1782950813746,unknown,VM-74,Stage1-3-0,0,90,87,825,237,10834,0,0
1782950813746,unknown,VM-76,Stage2-1-0,0,0,0,0,0,0,0,0
1782950813763,unknown,VM-77,Stage2-0-0,0,0,0,0,0,0,0,0
1782950813808,unknown,VM-78,Stage3-2-0,0,0,0,0,0,0,0,0
1782950813812,unknown,VM-79,Stage3-3-0,0,0,0,0,0,0,0,0
1782950813822,unknown,VM-73,Stage1-1-0,0,0,0,0,0,0,0,0
1782950813835,unknown,VM-75,Stage1-2-0,0,0,0,0,0,0,0,0
1782950814746,unknown,VM-74,Stage1-3-0,0,74,71,1142,260,9574,0,0
1782950814746,unknown,VM-76,Stage2-1-0,0,0,0,0,0,0,0,0
1782950814763,unknown,VM-77,Stage2-0-0,0,0,0,0,0,0,0,0
1782950814808,unknown,VM-78,Stage3-2-0,0,0,0,0,0,0,0,0
1782950814812,unknown,VM-79,Stage3-3-0,0,0,0,0,0,0,0,0
1782950814822,unknown,VM-73,Stage1-1-0,0,0,0,0,0,0,0,0
1782950814835,unknown,VM-75,Stage1-2-0,0,58,55,676,179,7008,0,0
1782950815746,unknown,VM-74,Stage1-3-0,0,0,0,0,0,0,0,0
1782950815746,unknown,VM-76,Stage2-1-0,0,0,0,0,0,0,0,0
1782950815763,unknown,VM-77,Stage2-0-0,0,0,0,0,0,0,0,0
1782950815808,unknown,VM-78,Stage3-2-0,0,0,0,0,0,0,0,0
1782950815812,unknown,VM-79,Stage3-3-0,0,0,0,0,0,0,0,0
1782950815822,unknown,VM-73,Stage1-1-0,0,0,0,0,0,0,0,0
1782950815835,unknown,VM-75,Stage1-2-0,0,0,0,0,0,0,0,0
1782950816746,unknown,VM-74,Stage1-3-0,0,68,68,606,168,7971,0,0
1782950816746,unknown,VM-76,Stage2-1-0,0,0,0,0,0,0,0,0
1782950816763,unknown,VM-77,Stage2-0-0,0,0,0,0,0,0,0,0
1782950816808,unknown,VM-78,Stage3-2-0,0,0,0,0,0,0,0,0
1782950816812,unknown,VM-79,Stage3-3-0,0,0,0,0,0,0,0,0
1782950816822,unknown,VM-73,Stage1-1-0,0,0,0,0,0,0,0,0
1782950816835,unknown,VM-75,Stage1-2-0,0,25,25,599,68,3156,0,0
1782950817746,unknown,VM-74,Stage1-3-0,0,74,72,745,179,8776,0,0
1782950817746,unknown,VM-76,Stage2-1-0,0,0,0,0,0,0,0,0
1782950817763,unknown,VM-77,Stage2-0-0,0,0,0,0,0,0,0,0
1782950817808,unknown,VM-78,Stage3-2-0,0,0,0,0,0,0,0,0
1782950817812,unknown,VM-79,Stage3-3-0,0,0,0,0,0,0,0,0
1782950817823,unknown,VM-73,Stage1-1-0,0,0,0,0,0,0,0,0
1782950817835,unknown,VM-75,Stage1-2-0,0,0,0,0,0,0,0,0
1782950818746,unknown,VM-74,Stage1-3-0,0,0,0,0,0,0,0,0
1782950818746,unknown,VM-76,Stage2-1-0,0,0,0,0,0,0,0,0
1782950818763,unknown,VM-77,Stage2-0-0,0,0,0,0,0,0,0,0
1782950818809,unknown,VM-78,Stage3-2-0,0,0,0,0,0,0,0,0
1782950818812,unknown,VM-79,Stage3-3-0,0,0,0,0,0,0,0,0
1782950818823,unknown,VM-73,Stage1-1-0,0,0,0,0,0,0,0,0
1782950818835,unknown,VM-75,Stage1-2-0,0,11,11,759,65,1405,0,0
1782950819746,unknown,VM-76,Stage2-1-0,0,0,0,0,0,0,0,0
1782950819746,unknown,VM-74,Stage1-3-0,0,0,0,0,0,0,0,0
1782950819763,unknown,VM-77,Stage2-0-0,0,0,0,0,0,0,0,0
1782950819809,unknown,VM-78,Stage3-2-0,0,0,0,0,0,0,0,0
1782950819812,unknown,VM-79,Stage3-3-0,0,0,0,0,0,0,0,0
1782950819822,unknown,VM-73,Stage1-1-0,0,0,0,0,0,0,0,0
1782950819835,unknown,VM-75,Stage1-2-0,0,0,0,0,0,0,0,0
1782950820746,unknown,VM-76,Stage2-1-0,0,0,0,0,0,0,0,0
1782950820746,unknown,VM-74,Stage1-3-0,0,0,0,0,0,0,0,0
1782950820763,unknown,VM-77,Stage2-0-0,0,0,0,0,0,0,0,0
1782950820808,unknown,VM-78,Stage3-2-0,0,0,0,0,0,0,0,0
1782950820812,unknown,VM-79,Stage3-3-0,0,0,0,0,0,0,0,0
1782950820822,unknown,VM-73,Stage1-1-0,0,0,0,0,0,0,0,0
1782950820835,unknown,VM-75,Stage1-2-0,0,52,52,813,147,6427,0,0
1782950821746,unknown,VM-74,Stage1-3-0,0,249,244,1300,615,29595,0,0
1782950821746,unknown,VM-76,Stage2-1-0,0,0,0,0,0,0,0,0
1782950821763,unknown,VM-77,Stage2-0-0,0,0,0,0,0,0,0,0
1782950821809,unknown,VM-78,Stage3-2-0,0,0,0,0,0,0,0,0
1782950821812,unknown,VM-79,Stage3-3-0,0,0,0,0,0,0,0,0
1782950821823,unknown,VM-73,Stage1-1-0,0,0,0,0,0,0,0,0
1782950821835,unknown,VM-75,Stage1-2-0,0,24,22,866,100,2940,0,0
1782950822746,unknown,VM-74,Stage1-3-0,0,0,0,0,0,0,0,0
1782950822746,unknown,VM-76,Stage2-1-0,0,0,0,0,0,0,0,0
1782950822763,unknown,VM-77,Stage2-0-0,0,0,0,0,0,0,0,0
1782950822809,unknown,VM-78,Stage3-2-0,0,0,0,0,0,0,0,0
1782950822812,unknown,VM-79,Stage3-3-0,0,0,0,0,0,0,0,0
1782950822822,unknown,VM-73,Stage1-1-0,0,0,0,0,0,0,0,0
1782950822835,unknown,VM-75,Stage1-2-0,0,0,0,0,0,0,0,0
1782950823746,unknown,VM-74,Stage1-3-0,0,123,121,994,351,15863,0,0
1782950823746,unknown,VM-76,Stage2-1-0,0,0,0,0,0,0,0,0
1782950823763,unknown,VM-77,Stage2-0-0,0,0,0,0,0,0,0,0
1782950823809,unknown,VM-78,Stage3-2-0,0,0,0,0,0,0,0,0
1782950823812,unknown,VM-79,Stage3-3-0,0,0,0,0,0,0,0,0
1782950823822,unknown,VM-73,Stage1-1-0,0,0,0,0,0,0,0,0
1782950823835,unknown,VM-75,Stage1-2-0,0,14,13,770,63,1820,0,0
1782950824746,unknown,VM-76,Stage2-1-0,0,0,0,0,0,0,0,0
1782950824746,unknown,VM-74,Stage1-3-0,0,79,78,888,295,9935,0,0
1782950824763,unknown,VM-77,Stage2-0-0,0,0,0,0,0,0,0,0
1782950824809,unknown,VM-78,Stage3-2-0,0,0,0,0,0,0,0,0
1782950824812,unknown,VM-79,Stage3-3-0,0,0,0,0,0,0,0,0
1782950824822,unknown,VM-73,Stage1-1-0,0,0,0,0,0,0,0,0
1782950824835,unknown,VM-75,Stage1-2-0,0,28,27,1344,125,3514,0,0
1782950825746,unknown,VM-76,Stage2-1-0,0,0,0,0,0,0,0,0
1782950825746,unknown,VM-74,Stage1-3-0,0,0,0,0,0,0,0,0
1782950825763,unknown,VM-77,Stage2-0-0,0,0,0,0,0,0,0,0
1782950825808,unknown,VM-78,Stage3-2-0,0,0,0,0,0,0,0,0
1782950825812,unknown,VM-79,Stage3-3-0,0,0,0,0,0,0,0,0
1782950825822,unknown,VM-73,Stage1-1-0,0,0,0,0,0,0,0,0
1782950825835,unknown,VM-75,Stage1-2-0,0,0,0,0,0,0,0,0
1782950826746,unknown,VM-74,Stage1-3-0,0,470,470,1854,1193,59469,0,0
1782950826746,unknown,VM-76,Stage2-1-0,0,0,0,0,0,0,0,0
1782950826763,unknown,VM-77,Stage2-0-0,0,0,0,0,0,0,0,0
1782950826809,unknown,VM-78,Stage3-2-0,0,0,0,0,0,0,0,0
1782950826812,unknown,VM-79,Stage3-3-0,0,0,0,0,0,0,0,0
1782950826823,unknown,VM-73,Stage1-1-0,0,0,0,0,0,0,0,0
1782950826835,unknown,VM-75,Stage1-2-0,0,28,28,383,78,3052,0,0
1782950827746,unknown,VM-74,Stage1-3-0,0,0,0,0,0,0,0,0
1782950827746,unknown,VM-76,Stage2-1-0,0,0,0,0,0,0,0,0
1782950827763,unknown,VM-77,Stage2-0-0,0,0,0,0,0,0,0,0
1782950827809,unknown,VM-78,Stage3-2-0,0,0,0,0,0,0,0,0
1782950827812,unknown,VM-79,Stage3-3-0,0,0,0,0,0,0,0,0
1782950827823,unknown,VM-73,Stage1-1-0,0,0,0,0,0,0,0,0
1782950827835,unknown,VM-75,Stage1-2-0,0,50,48,929,138,5551,0,0
1782950828746,unknown,VM-74,Stage1-3-0,0,0,0,0,0,0,0,0
1782950828746,unknown,VM-76,Stage2-1-0,0,0,0,0,0,0,0,0
1782950828763,unknown,VM-77,Stage2-0-0,0,0,0,0,0,0,0,0
1782950828808,unknown,VM-78,Stage3-2-0,0,0,0,0,0,0,0,0
1782950828812,unknown,VM-79,Stage3-3-0,0,0,0,0,0,0,0,0
1782950828823,unknown,VM-73,Stage1-1-0,0,0,0,0,0,0,0,0
1782950828835,unknown,VM-75,Stage1-2-0,0,9,8,525,58,1265,0,0
1782950829746,unknown,VM-74,Stage1-3-0,0,143,139,1027,340,17681,0,0
1782950829746,unknown,VM-76,Stage2-1-0,0,0,0,0,0,0,0,0
1782950829763,unknown,VM-77,Stage2-0-0,0,0,0,0,0,0,0,0
1782950829808,unknown,VM-78,Stage3-2-0,0,0,0,0,0,0,0,0
1782950829812,unknown,VM-79,Stage3-3-0,0,0,0,0,0,0,0,0
1782950829822,unknown,VM-73,Stage1-1-0,0,0,0,0,0,0,0,0
1782950829835,unknown,VM-75,Stage1-2-0,0,0,0,0,0,0,0,0
1782950830746,unknown,VM-74,Stage1-3-0,0,147,143,867,323,17910,0,0
1782950830746,unknown,VM-76,Stage2-1-0,0,0,0,0,0,0,0,0
1782950830763,unknown,VM-77,Stage2-0-0,0,0,0,0,0,0,0,0
1782950830809,unknown,VM-78,Stage3-2-0,0,0,0,0,0,0,0,0
1782950830812,unknown,VM-79,Stage3-3-0,0,0,0,0,0,0,0,0
1782950830823,unknown,VM-73,Stage1-1-0,0,0,0,0,0,0,0,0
1782950830835,unknown,VM-75,Stage1-2-0,0,24,23,387,80,2676,0,0
1782950831746,unknown,VM-74,Stage1-3-0,0,98,98,728,262,11533,0,0
1782950831746,unknown,VM-76,Stage2-1-0,0,0,0,0,0,0,0,0
1782950831763,unknown,VM-77,Stage2-0-0,0,0,0,0,0,0,0,0
1782950831808,unknown,VM-78,Stage3-2-0,0,0,0,0,0,0,0,0
1782950831812,unknown,VM-79,Stage3-3-0,0,0,0,0,0,0,0,0
1782950831822,unknown,VM-73,Stage1-1-0,0,0,0,0,0,0,0,0
1782950831835,unknown,VM-75,Stage1-2-0,0,206,198,908,423,25170,0,0
1782950832746,unknown,VM-76,Stage2-1-0,0,0,0,0,0,0,0,0
1782950832746,unknown,VM-74,Stage1-3-0,0,0,0,0,0,0,0,0
1782950832763,unknown,VM-77,Stage2-0-0,0,0,0,0,0,0,0,0
1782950832809,unknown,VM-78,Stage3-2-0,0,0,0,0,0,0,0,0
1782950832812,unknown,VM-79,Stage3-3-0,0,0,0,0,0,0,0,0
1782950832822,unknown,VM-73,Stage1-1-0,0,0,0,0,0,0,0,0
1782950832835,unknown,VM-75,Stage1-2-0,0,5,5,479,43,542,0,0
1782950833746,unknown,VM-76,Stage2-1-0,0,0,0,0,0,0,0,0
1782950833746,unknown,VM-74,Stage1-3-0,0,0,0,0,0,0,0,0
1782950833763,unknown,VM-77,Stage2-0-0,0,0,0,0,0,0,0,0
1782950833809,unknown,VM-78,Stage3-2-0,0,0,0,0,0,0,0,0
1782950833812,unknown,VM-79,Stage3-3-0,0,0,0,0,0,0,0,0
1782950833822,unknown,VM-73,Stage1-1-0,0,0,0,0,0,0,0,0
1782950833835,unknown,VM-75,Stage1-2-0,0,72,69,664,203,8261,0,0
1782950834746,unknown,VM-74,Stage1-3-0,0,54,54,738,178,6652,0,0
1782950834746,unknown,VM-76,Stage2-1-0,0,0,0,0,0,0,0,0
1782950834763,unknown,VM-77,Stage2-0-0,0,0,0,0,0,0,0,0
1782950834809,unknown,VM-78,Stage3-2-0,0,0,0,0,0,0,0,0
1782950834812,unknown,VM-79,Stage3-3-0,0,0,0,0,0,0,0,0
1782950834822,unknown,VM-73,Stage1-1-0,0,0,0,0,0,0,0,0
1782950834835,unknown,VM-75,Stage1-2-0,0,0,0,0,0,0,0,0
1782950835746,unknown,VM-74,Stage1-3-0,0,94,91,776,240,11454,0,0
1782950835746,unknown,VM-76,Stage2-1-0,0,0,0,0,0,0,0,0
1782950835763,unknown,VM-77,Stage2-0-0,0,0,0,0,0,0,0,0
1782950835809,unknown,VM-78,Stage3-2-0,0,0,0,0,0,0,0,0
1782950835812,unknown,VM-79,Stage3-3-0,0,0,0,0,0,0,0,0
1782950835822,unknown,VM-73,Stage1-1-0,0,0,0,0,0,0,0,0
1782950835835,unknown,VM-75,Stage1-2-0,0,73,71,699,174,8818,0,0
1782950836746,unknown,VM-74,Stage1-3-0,0,0,0,0,0,0,0,0
1782950836746,unknown,VM-76,Stage2-1-0,0,0,0,0,0,0,0,0
1782950836763,unknown,VM-77,Stage2-0-0,0,0,0,0,0,0,0,0
1782950836808,unknown,VM-78,Stage3-2-0,0,0,0,0,0,0,0,0
1782950836812,unknown,VM-79,Stage3-3-0,0,0,0,0,0,0,0,0
1782950836822,unknown,VM-73,Stage1-1-0,0,0,0,0,0,0,0,0
1782950836835,unknown,VM-75,Stage1-2-0,0,25,25,350,56,2692,0,0
1782950837746,unknown,VM-74,Stage1-3-0,0,254,254,1186,612,33176,0,0
1782950837746,unknown,VM-76,Stage2-1-0,0,0,0,0,0,0,0,0
1782950837763,unknown,VM-77,Stage2-0-0,0,0,0,0,0,0,0,0
1782950837808,unknown,VM-78,Stage3-2-0,0,0,0,0,0,0,0,0
1782950837812,unknown,VM-79,Stage3-3-0,0,0,0,0,0,0,0,0
1782950837822,unknown,VM-73,Stage1-1-0,0,0,0,0,0,0,0,0
1782950837835,unknown,VM-75,Stage1-2-0,0,7,6,361,35,823,0,0
1782950838746,unknown,VM-74,Stage1-3-0,0,127,121,899,297,16138,0,0
1782950838746,unknown,VM-76,Stage2-1-0,0,0,0,0,0,0,0,0
1782950838763,unknown,VM-77,Stage2-0-0,0,0,0,0,0,0,0,0
1782950838809,unknown,VM-78,Stage3-2-0,0,0,0,0,0,0,0,0
1782950838812,unknown,VM-79,Stage3-3-0,0,0,0,0,0,0,0,0
1782950838822,unknown,VM-73,Stage1-1-0,0,0,0,0,0,0,0,0
1782950838835,unknown,VM-75,Stage1-2-0,0,30,30,605,107,3641,0,0
1782950839746,unknown,VM-74,Stage1-3-0,0,86,85,199,185,11397,0,0
1782950839746,unknown,VM-76,Stage2-1-0,0,0,0,0,0,0,0,0
1782950839763,unknown,VM-77,Stage2-0-0,0,0,0,0,0,0,0,0
1782950839808,unknown,VM-78,Stage3-2-0,0,0,0,0,0,0,0,0
1782950839812,unknown,VM-79,Stage3-3-0,0,0,0,0,0,0,0,0
1782950839822,unknown,VM-73,Stage1-1-0,0,0,0,0,0,0,0,0
1782950839835,unknown,VM-75,Stage1-2-0,0,50,47,131,92,6035,0,0
1782950840746,unknown,VM-74,Stage1-3-0,0,68,66,630,196,7894,0,0
1782950840746,unknown,VM-76,Stage2-1-0,0,0,0,0,0,0,0,0
1782950840763,unknown,VM-77,Stage2-0-0,0,0,0,0,0,0,0,0
1782950840808,unknown,VM-78,Stage3-2-0,0,0,0,0,0,0,0,0
1782950840812,unknown,VM-79,Stage3-3-0,0,0,0,0,0,0,0,0
1782950840822,unknown,VM-73,Stage1-1-0,0,0,0,0,0,0,0,0
1782950840835,unknown,VM-75,Stage1-2-0,0,14,13,571,71,1810,0,0
1782950841746,unknown,VM-74,Stage1-3-0,0,93,93,715,268,11313,0,0
1782950841746,unknown,VM-76,Stage2-1-0,0,0,0,0,0,0,0,0
1782950841763,unknown,VM-77,Stage2-0-0,0,0,0,0,0,0,0,0
1782950841808,unknown,VM-78,Stage3-2-0,0,0,0,0,0,0,0,0
1782950841812,unknown,VM-79,Stage3-3-0,0,0,0,0,0,0,0,0
1782950841822,unknown,VM-73,Stage1-1-0,0,0,0,0,0,0,0,0
1782950841835,unknown,VM-75,Stage1-2-0,0,46,44,651,122,5167,0,0
1782950842746,unknown,VM-74,Stage1-3-0,0,511,504,1583,1035,61025,0,0
1782950842746,unknown,VM-76,Stage2-1-0,0,0,0,0,0,0,0,0
1782950842763,unknown,VM-77,Stage2-0-0,0,0,0,0,0,0,0,0
1782950842808,unknown,VM-78,Stage3-2-0,0,0,0,0,0,0,0,0
1782950842812,unknown,VM-79,Stage3-3-0,0,0,0,0,0,0,0,0
1782950842822,unknown,VM-73,Stage1-1-0,0,0,0,0,0,0,0,0
1782950842835,unknown,VM-75,Stage1-2-0,0,0,0,0,0,0,0,0
1782950843746,unknown,VM-76,Stage2-1-0,0,0,0,0,0,0,0,0
1782950843746,unknown,VM-74,Stage1-3-0,0,0,0,0,0,0,0,0
1782950843763,unknown,VM-77,Stage2-0-0,0,0,0,0,0,0,0,0
1782950843808,unknown,VM-78,Stage3-2-0,0,0,0,0,0,0,0,0
1782950843812,unknown,VM-79,Stage3-3-0,0,0,0,0,0,0,0,0
1782950843822,unknown,VM-73,Stage1-1-0,0,0,0,0,0,0,0,0
1782950843835,unknown,VM-75,Stage1-2-0,0,0,0,0,0,0,0,0
1782950844746,unknown,VM-74,Stage1-3-0,0,15,15,506,68,1634,0,0
1782950844746,unknown,VM-76,Stage2-1-0,0,0,0,0,0,0,0,0
1782950844763,unknown,VM-77,Stage2-0-0,0,0,0,0,0,0,0,0
1782950844808,unknown,VM-78,Stage3-2-0,0,0,0,0,0,0,0,0
1782950844812,unknown,VM-79,Stage3-3-0,0,0,0,0,0,0,0,0
1782950844822,unknown,VM-73,Stage1-1-0,0,0,0,0,0,0,0,0
1782950844835,unknown,VM-75,Stage1-2-0,0,0,0,0,0,0,0,0
1782950845746,unknown,VM-76,Stage2-1-0,0,0,0,0,0,0,0,0
1782950845746,unknown,VM-74,Stage1-3-0,0,0,0,0,0,0,0,0
1782950845763,unknown,VM-77,Stage2-0-0,0,0,0,0,0,0,0,0
1782950845808,unknown,VM-78,Stage3-2-0,0,0,0,0,0,0,0,0
1782950845812,unknown,VM-79,Stage3-3-0,0,0,0,0,0,0,0,0
1782950845822,unknown,VM-73,Stage1-1-0,0,0,0,0,0,0,0,0
1782950845835,unknown,VM-75,Stage1-2-0,0,512,494,1549,944,63047,0,0
1782950846746,unknown,VM-76,Stage2-1-0,0,0,0,0,0,0,0,0
1782950846746,unknown,VM-74,Stage1-3-0,0,0,0,0,0,0,0,0
1782950846763,unknown,VM-77,Stage2-0-0,0,0,0,0,0,0,0,0
1782950846808,unknown,VM-78,Stage3-2-0,0,0,0,0,0,0,0,0
1782950846812,unknown,VM-79,Stage3-3-0,0,0,0,0,0,0,0,0
1782950846822,unknown,VM-73,Stage1-1-0,0,0,0,0,0,0,0,0
1782950846835,unknown,VM-75,Stage1-2-0,0,102,100,830,216,11772,0,0
1782950847746,unknown,VM-76,Stage2-1-0,0,0,0,0,0,0,0,0
1782950847746,unknown,VM-74,Stage1-3-0,0,0,0,0,0,0,0,0
1782950847763,unknown,VM-77,Stage2-0-0,0,0,0,0,0,0,0,0
1782950847808,unknown,VM-78,Stage3-2-0,0,0,0,0,0,0,0,0
1782950847812,unknown,VM-79,Stage3-3-0,0,0,0,0,0,0,0,0
1782950847822,unknown,VM-73,Stage1-1-0,0,0,0,0,0,0,0,0
1782950847835,unknown,VM-75,Stage1-2-0,0,0,0,0,0,0,0,0
1782950848746,unknown,VM-74,Stage1-3-0,0,0,0,0,0,0,0,0
1782950848746,unknown,VM-76,Stage2-1-0,0,0,0,0,0,0,0,0
1782950848763,unknown,VM-77,Stage2-0-0,0,0,0,0,0,0,0,0
1782950848808,unknown,VM-78,Stage3-2-0,0,0,0,0,0,0,0,0
1782950848812,unknown,VM-79,Stage3-3-0,0,0,0,0,0,0,0,0
1782950848823,unknown,VM-73,Stage1-1-0,0,0,0,0,0,0,0,0
1782950848835,unknown,VM-75,Stage1-2-0,0,269,259,1113,539,30886,0,0
1782950849746,unknown,VM-74,Stage1-3-0,0,512,505,1614,1167,61600,0,0
1782950849746,unknown,VM-76,Stage2-1-0,0,0,0,0,0,0,0,0
1782950849763,unknown,VM-77,Stage2-0-0,0,0,0,0,0,0,0,0
1782950849808,unknown,VM-78,Stage3-2-0,0,0,0,0,0,0,0,0
1782950849812,unknown,VM-79,Stage3-3-0,0,0,0,0,0,0,0,0
1782950849822,unknown,VM-73,Stage1-1-0,0,0,0,0,0,0,0,0
1782950849835,unknown,VM-75,Stage1-2-0,0,147,142,1489,406,17135,0,0
1782950850746,unknown,VM-74,Stage1-3-0,0,0,0,0,0,0,0,0
1782950850746,unknown,VM-76,Stage2-1-0,0,0,0,0,0,0,0,0
1782950850763,unknown,VM-77,Stage2-0-0,0,0,0,0,0,0,0,0
1782950850808,unknown,VM-78,Stage3-2-0,0,0,0,0,0,0,0,0
1782950850812,unknown,VM-79,Stage3-3-0,0,0,0,0,0,0,0,0
1782950850822,unknown,VM-73,Stage1-1-0,0,0,0,0,0,0,0,0
1782950850835,unknown,VM-75,Stage1-2-0,0,0,0,0,0,0,0,0
1782950851746,unknown,VM-76,Stage2-1-0,0,0,0,0,0,0,0,0
1782950851746,unknown,VM-74,Stage1-3-0,0,0,0,0,0,0,0,0
1782950851763,unknown,VM-77,Stage2-0-0,0,0,0,0,0,0,0,0
1782950851808,unknown,VM-78,Stage3-2-0,0,0,0,0,0,0,0,0
1782950851812,unknown,VM-79,Stage3-3-0,0,0,0,0,0,0,0,0
1782950851822,unknown,VM-73,Stage1-1-0,0,0,0,0,0,0,0,0
1782950851835,unknown,VM-75,Stage1-2-0,0,25,24,516,81,2937,0,0
1782950852746,unknown,VM-74,Stage1-3-0,0,569,563,1873,1255,69632,0,0
1782950852746,unknown,VM-76,Stage2-1-0,0,0,0,0,0,0,0,0
1782950852763,unknown,VM-77,Stage2-0-0,0,0,0,0,0,0,0,0
1782950852808,unknown,VM-78,Stage3-2-0,0,0,0,0,0,0,0,0
1782950852812,unknown,VM-79,Stage3-3-0,0,0,0,0,0,0,0,0
1782950852822,unknown,VM-73,Stage1-1-0,0,0,0,0,0,0,0,0
1782950852835,unknown,VM-75,Stage1-2-0,0,37,36,1137,134,4475,0,0
1782950853746,unknown,VM-76,Stage2-1-0,0,0,0,0,0,0,0,0
1782950853746,unknown,VM-74,Stage1-3-0,0,0,0,0,0,0,0,0
1782950853763,unknown,VM-77,Stage2-0-0,0,0,0,0,0,0,0,0
1782950853808,unknown,VM-78,Stage3-2-0,0,0,0,0,0,0,0,0
1782950853812,unknown,VM-79,Stage3-3-0,0,0,0,0,0,0,0,0
1782950853822,unknown,VM-73,Stage1-1-0,0,0,0,0,0,0,0,0
1782950853835,unknown,VM-75,Stage1-2-0,0,0,0,0,0,0,0,0
1782950854746,unknown,VM-76,Stage2-1-0,0,0,0,0,0,0,0,0
1782950854746,unknown,VM-74,Stage1-3-0,0,0,0,0,0,0,0,0
1782950854763,unknown,VM-77,Stage2-0-0,0,0,0,0,0,0,0,0
1782950854808,unknown,VM-78,Stage3-2-0,0,0,0,0,0,0,0,0
1782950854812,unknown,VM-79,Stage3-3-0,0,0,0,0,0,0,0,0
1782950854823,unknown,VM-73,Stage1-1-0,0,0,0,0,0,0,0,0
1782950854835,unknown,VM-75,Stage1-2-0,0,35,35,592,101,4181,0,0
1782950855746,unknown,VM-74,Stage1-3-0,0,0,0,0,0,0,0,0
1782950855746,unknown,VM-76,Stage2-1-0,0,0,0,0,0,0,0,0
1782950855763,unknown,VM-77,Stage2-0-0,0,0,0,0,0,0,0,0
1782950855808,unknown,VM-78,Stage3-2-0,0,0,0,0,0,0,0,0
1782950855812,unknown,VM-79,Stage3-3-0,0,0,0,0,0,0,0,0
1782950855822,unknown,VM-73,Stage1-1-0,0,0,0,0,0,0,0,0
1782950855835,unknown,VM-75,Stage1-2-0,0,0,0,0,0,0,0,0
1782950856746,unknown,VM-74,Stage1-3-0,0,0,0,0,0,0,0,0
1782950856746,unknown,VM-76,Stage2-1-0,0,0,0,0,0,0,0,0
1782950856763,unknown,VM-77,Stage2-0-0,0,0,0,0,0,0,0,0
1782950856808,unknown,VM-78,Stage3-2-0,0,0,0,0,0,0,0,0
1782950856812,unknown,VM-79,Stage3-3-0,0,0,0,0,0,0,0,0
1782950856822,unknown,VM-73,Stage1-1-0,0,0,0,0,0,0,0,0
1782950856835,unknown,VM-75,Stage1-2-0,0,22,21,628,114,2646,0,0
1782950857746,unknown,VM-74,Stage1-3-0,0,0,0,0,0,0,0,0
1782950857746,unknown,VM-76,Stage2-1-0,0,0,0,0,0,0,0,0
1782950857763,unknown,VM-77,Stage2-0-0,0,0,0,0,0,0,0,0
1782950857808,unknown,VM-78,Stage3-2-0,0,0,0,0,0,0,0,0
1782950857812,unknown,VM-79,Stage3-3-0,0,0,0,0,0,0,0,0
1782950857822,unknown,VM-73,Stage1-1-0,0,0,0,0,0,0,0,0
1782950857835,unknown,VM-75,Stage1-2-0,0,4,4,299,24,428,0,0
1782950858746,unknown,VM-76,Stage2-1-0,0,0,0,0,0,0,0,0
1782950858746,unknown,VM-74,Stage1-3-0,0,0,0,0,0,0,0,0
1782950858763,unknown,VM-77,Stage2-0-0,0,0,0,0,0,0,0,0
1782950858808,unknown,VM-78,Stage3-2-0,0,0,0,0,0,0,0,0
1782950858812,unknown,VM-79,Stage3-3-0,0,0,0,0,0,0,0,0
1782950858822,unknown,VM-73,Stage1-1-0,0,0,0,0,0,0,0,0
1782950858835,unknown,VM-75,Stage1-2-0,0,20,20,78,56,2154,0,0
1782950859746,unknown,VM-76,Stage2-1-0,0,0,0,0,0,0,0,0
1782950859746,unknown,VM-74,Stage1-3-0,0,0,0,0,0,0,0,0
1782950859763,unknown,VM-77,Stage2-0-0,0,0,0,0,0,0,0,0
1782950859808,unknown,VM-78,Stage3-2-0,0,0,0,0,0,0,0,0
1782950859812,unknown,VM-79,Stage3-3-0,0,0,0,0,0,0,0,0
1782950859822,unknown,VM-73,Stage1-1-0,0,0,0,0,0,0,0,0
1782950859835,unknown,VM-75,Stage1-2-0,0,19,19,465,49,2079,0,0
1782950860746,unknown,VM-74,Stage1-3-0,0,512,497,1879,1390,61079,0,0
1782950860746,unknown,VM-76,Stage2-1-0,0,0,0,0,0,0,0,0
1782950860763,unknown,VM-77,Stage2-0-0,0,0,0,0,0,0,0,0
1782950860808,unknown,VM-78,Stage3-2-0,0,0,0,0,0,0,0,0
1782950860812,unknown,VM-79,Stage3-3-0,0,0,0,0,0,0,0,0
1782950860823,unknown,VM-73,Stage1-1-0,0,0,0,0,0,0,0,0
1782950860835,unknown,VM-75,Stage1-2-0,0,15,14,603,81,1911,0,0
1782950861746,unknown,VM-74,Stage1-3-0,0,0,0,0,0,0,0,0
1782950861746,unknown,VM-76,Stage2-1-0,0,0,0,0,0,0,0,0
1782950861763,unknown,VM-77,Stage2-0-0,0,0,0,0,0,0,0,0
1782950861808,unknown,VM-78,Stage3-2-0,0,0,0,0,0,0,0,0
1782950861812,unknown,VM-79,Stage3-3-0,0,0,0,0,0,0,0,0
1782950861823,unknown,VM-73,Stage1-1-0,0,0,0,0,0,0,0,0
1782950861835,unknown,VM-75,Stage1-2-0,0,0,0,0,0,0,0,0
1782950862746,unknown,VM-74,Stage1-3-0,0,169,165,1275,530,19726,0,0
1782950862746,unknown,VM-76,Stage2-1-0,0,0,0,0,0,0,0,0
1782950862763,unknown,VM-77,Stage2-0-0,0,0,0,0,0,0,0,0
1782950862809,unknown,VM-78,Stage3-2-0,0,0,0,0,0,0,0,0
1782950862812,unknown,VM-79,Stage3-3-0,0,0,0,0,0,0,0,0
1782950862823,unknown,VM-73,Stage1-1-0,0,0,0,0,0,0,0,0
1782950862835,unknown,VM-75,Stage1-2-0,0,45,40,919,176,5453,0,0
1782950863746,unknown,VM-74,Stage1-3-0,0,61,61,847,236,8378,0,0
1782950863746,unknown,VM-76,Stage2-1-0,0,0,0,0,0,0,0,0
1782950863763,unknown,VM-77,Stage2-0-0,0,0,0,0,0,0,0,0
1782950863808,unknown,VM-78,Stage3-2-0,0,0,0,0,0,0,0,0
1782950863812,unknown,VM-79,Stage3-3-0,0,0,0,0,0,0,0,0
1782950863822,unknown,VM-73,Stage1-1-0,0,0,0,0,0,0,0,0
1782950863835,unknown,VM-75,Stage1-2-0,0,0,0,0,0,0,0,0
1782950864746,unknown,VM-74,Stage1-3-0,0,0,0,0,0,0,0,0
1782950864746,unknown,VM-76,Stage2-1-0,0,0,0,0,0,0,0,0
1782950864763,unknown,VM-77,Stage2-0-0,0,0,0,0,0,0,0,0
1782950864809,unknown,VM-78,Stage3-2-0,0,0,0,0,0,0,0,0
1782950864812,unknown,VM-79,Stage3-3-0,0,0,0,0,0,0,0,0
1782950864823,unknown,VM-73,Stage1-1-0,0,0,0,0,0,0,0,0
1782950864835,unknown,VM-75,Stage1-2-0,0,35,33,828,139,4168,0,0
1782950865746,unknown,VM-74,Stage1-3-0,0,255,253,1846,738,31629,0,0
1782950865746,unknown,VM-76,Stage2-1-0,0,0,0,0,0,0,0,0
1782950865763,unknown,VM-77,Stage2-0-0,0,0,0,0,0,0,0,0
1782950865808,unknown,VM-78,Stage3-2-0,0,0,0,0,0,0,0,0
1782950865812,unknown,VM-79,Stage3-3-0,0,0,0,0,0,0,0,0
1782950865822,unknown,VM-73,Stage1-1-0,0,0,0,0,0,0,0,0
1782950865835,unknown,VM-75,Stage1-2-0,0,7,7,407,46,761,0,0
1782950866746,unknown,VM-74,Stage1-3-0,0,200,196,1318,588,24120,0,0
1782950866746,unknown,VM-76,Stage2-1-0,0,0,0,0,0,0,0,0
1782950866763,unknown,VM-77,Stage2-0-0,0,0,0,0,0,0,0,0
1782950866809,unknown,VM-78,Stage3-2-0,0,0,0,0,0,0,0,0
1782950866812,unknown,VM-79,Stage3-3-0,0,0,0,0,0,0,0,0
1782950866823,unknown,VM-73,Stage1-1-0,0,0,0,0,0,0,0,0
1782950866835,unknown,VM-75,Stage1-2-0,0,0,0,0,0,0,0,0
1782950867746,unknown,VM-74,Stage1-3-0,0,259,255,1442,677,30201,0,0
1782950867746,unknown,VM-76,Stage2-1-0,0,0,0,0,0,0,0,0
1782950867763,unknown,VM-77,Stage2-0-0,0,0,0,0,0,0,0,0
1782950867808,unknown,VM-78,Stage3-2-0,0,0,0,0,0,0,0,0
1782950867812,unknown,VM-79,Stage3-3-0,0,0,0,0,0,0,0,0
1782950867823,unknown,VM-73,Stage1-1-0,0,0,0,0,0,0,0,0
1782950867835,unknown,VM-75,Stage1-2-0,0,39,39,919,132,4625,0,0
1782950868746,unknown,VM-76,Stage2-1-0,0,0,0,0,0,0,0,0
1782950868746,unknown,VM-74,Stage1-3-0,0,365,350,2818,1008,43789,0,0
1782950868763,unknown,VM-77,Stage2-0-0,0,0,0,0,0,0,0,0
1782950868809,unknown,VM-78,Stage3-2-0,0,0,0,0,0,0,0,0
1782950868812,unknown,VM-79,Stage3-3-0,0,0,0,0,0,0,0,0
1782950868822,unknown,VM-73,Stage1-1-0,0,0,0,0,0,0,0,0
1782950868835,unknown,VM-75,Stage1-2-0,0,0,0,0,0,0,0,0
1782950869746,unknown,VM-76,Stage2-1-0,0,0,0,0,0,0,0,0
1782950869746,unknown,VM-74,Stage1-3-0,0,78,77,17426,221,9515,0,0
1782950869763,unknown,VM-77,Stage2-0-0,0,0,0,0,0,0,0,0
1782950869809,unknown,VM-78,Stage3-2-0,0,0,0,0,0,0,0,0
1782950869812,unknown,VM-79,Stage3-3-0,0,0,0,0,0,0,0,0
1782950869823,unknown,VM-73,Stage1-1-0,0,0,0,0,0,0,0,0
1782950869835,unknown,VM-75,Stage1-2-0,0,0,0,0,0,0,0,0
1782950870746,unknown,VM-76,Stage2-1-0,0,0,0,0,0,0,0,0
1782950870746,unknown,VM-74,Stage1-3-0,0,36,35,711,165,4398,0,0
1782950870763,unknown,VM-77,Stage2-0-0,0,0,0,0,0,0,0,0
1782950870809,unknown,VM-78,Stage3-2-0,0,0,0,0,0,0,0,0
1782950870812,unknown,VM-79,Stage3-3-0,0,0,0,0,0,0,0,0
1782950870823,unknown,VM-73,Stage1-1-0,0,0,0,0,0,0,0,0
1782950870835,unknown,VM-75,Stage1-2-0,0,40,40,767,91,5340,0,0
1782950871746,unknown,VM-74,Stage1-3-0,0,162,158,1433,476,19692,0,0
1782950871746,unknown,VM-76,Stage2-1-0,0,0,0,0,0,0,0,0
1782950871763,unknown,VM-77,Stage2-0-0,0,0,0,0,0,0,0,0
1782950871808,unknown,VM-78,Stage3-2-0,0,0,0,0,0,0,0,0
1782950871812,unknown,VM-79,Stage3-3-0,0,0,0,0,0,0,0,0
1782950871823,unknown,VM-73,Stage1-1-0,0,0,0,0,0,0,0,0
1782950871835,unknown,VM-75,Stage1-2-0,0,22,22,456,85,2382,0,0
1782950872746,unknown,VM-74,Stage1-3-0,0,79,77,733,222,9123,0,0
1782950872746,unknown,VM-76,Stage2-1-0,0,0,0,0,0,0,0,0
1782950872763,unknown,VM-77,Stage2-0-0,0,0,0,0,0,0,0,0
1782950872808,unknown,VM-78,Stage3-2-0,0,0,0,0,0,0,0,0
1782950872812,unknown,VM-79,Stage3-3-0,0,0,0,0,0,0,0,0
1782950872822,unknown,VM-73,Stage1-1-0,0,0,0,0,0,0,0,0
1782950872835,unknown,VM-75,Stage1-2-0,0,0,0,0,0,0,0,0
1782950873746,unknown,VM-74,Stage1-3-0,0,298,294,1885,898,36368,0,0
1782950873746,unknown,VM-76,Stage2-1-0,0,0,0,0,0,0,0,0
1782950873763,unknown,VM-77,Stage2-0-0,0,0,0,0,0,0,0,0
1782950873809,unknown,VM-78,Stage3-2-0,0,0,0,0,0,0,0,0
1782950873812,unknown,VM-79,Stage3-3-0,0,0,0,0,0,0,0,0
1782950873823,unknown,VM-73,Stage1-1-0,0,0,0,0,0,0,0,0
1782950873835,unknown,VM-75,Stage1-2-0,0,34,31,1314,146,4497,0,0
1782950874746,unknown,VM-74,Stage1-3-0,0,156,153,963,402,19177,0,0
1782950874746,unknown,VM-76,Stage2-1-0,0,0,0,0,0,0,0,0
1782950874763,unknown,VM-77,Stage2-0-0,0,0,0,0,0,0,0,0
1782950874808,unknown,VM-78,Stage3-2-0,0,0,0,0,0,0,0,0
1782950874812,unknown,VM-79,Stage3-3-0,0,0,0,0,0,0,0,0
1782950874822,unknown,VM-73,Stage1-1-0,0,0,0,0,0,0,0,0
1782950874835,unknown,VM-75,Stage1-2-0,0,0,0,0,0,0,0,0
1782950875746,unknown,VM-76,Stage2-1-0,0,0,0,0,0,0,0,0
1782950875746,unknown,VM-74,Stage1-3-0,0,237,234,1165,691,28419,0,0
1782950875763,unknown,VM-77,Stage2-0-0,0,0,0,0,0,0,0,0
1782950875809,unknown,VM-78,Stage3-2-0,0,0,0,0,0,0,0,0
1782950875812,unknown,VM-79,Stage3-3-0,0,0,0,0,0,0,0,0
1782950875822,unknown,VM-73,Stage1-1-0,0,0,0,0,0,0,0,0
1782950875835,unknown,VM-75,Stage1-2-0,0,17,17,638,71,2062,0,0
1782950876746,unknown,VM-74,Stage1-3-0,0,60,58,754,194,6906,0,0
1782950876746,unknown,VM-76,Stage2-1-0,0,0,0,0,0,0,0,0
1782950876763,unknown,VM-77,Stage2-0-0,0,0,0,0,0,0,0,0
1782950876808,unknown,VM-78,Stage3-2-0,0,0,0,0,0,0,0,0
1782950876812,unknown,VM-79,Stage3-3-0,0,0,0,0,0,0,0,0
1782950876822,unknown,VM-73,Stage1-1-0,0,0,0,0,0,0,0,0
1782950876835,unknown,VM-75,Stage1-2-0,0,25,25,119,65,3128,0,0
1782950877746,unknown,VM-74,Stage1-3-0,0,110,108,1211,384,13410,0,0
1782950877746,unknown,VM-76,Stage2-1-0,0,0,0,0,0,0,0,0
1782950877763,unknown,VM-77,Stage2-0-0,0,0,0,0,0,0,0,0
1782950877809,unknown,VM-78,Stage3-2-0,0,0,0,0,0,0,0,0
1782950877812,unknown,VM-79,Stage3-3-0,0,0,0,0,0,0,0,0
1782950877822,unknown,VM-73,Stage1-1-0,0,0,0,0,0,0,0,0
1782950877835,unknown,VM-75,Stage1-2-0,0,22,21,1214,149,2901,0,0
1782950878746,unknown,VM-74,Stage1-3-0,0,0,0,0,0,0,0,0
1782950878746,unknown,VM-76,Stage2-1-0,0,0,0,0,0,0,0,0
1782950878763,unknown,VM-77,Stage2-0-0,0,0,0,0,0,0,0,0
1782950878808,unknown,VM-78,Stage3-2-0,0,0,0,0,0,0,0,0
1782950878812,unknown,VM-79,Stage3-3-0,0,0,0,0,0,0,0,0
1782950878823,unknown,VM-73,Stage1-1-0,0,0,0,0,0,0,0,0
1782950878835,unknown,VM-75,Stage1-2-0,0,0,0,0,0,0,0,0
1782950879746,unknown,VM-76,Stage2-1-0,0,0,0,0,0,0,0,0
1782950879746,unknown,VM-74,Stage1-3-0,0,0,0,0,0,0,0,0
1782950879763,unknown,VM-77,Stage2-0-0,0,0,0,0,0,0,0,0
1782950879808,unknown,VM-78,Stage3-2-0,0,0,0,0,0,0,0,0
1782950879812,unknown,VM-79,Stage3-3-0,0,0,0,0,0,0,0,0
1782950879823,unknown,VM-73,Stage1-1-0,0,0,0,0,0,0,0,0
1782950879835,unknown,VM-75,Stage1-2-0,0,0,0,0,0,0,0,0
1782950880746,unknown,VM-74,Stage1-3-0,0,178,175,2230,471,22275,0,0
1782950880746,unknown,VM-76,Stage2-1-0,0,0,0,0,0,0,0,0
1782950880763,unknown,VM-77,Stage2-0-0,0,0,0,0,0,0,0,0
1782950880809,unknown,VM-78,Stage3-2-0,0,0,0,0,0,0,0,0
1782950880812,unknown,VM-79,Stage3-3-0,0,0,0,0,0,0,0,0
1782950880823,unknown,VM-73,Stage1-1-0,0,0,0,0,0,0,0,0
1782950880835,unknown,VM-75,Stage1-2-0,0,53,51,794,155,6269,0,0
1782950881746,unknown,VM-74,Stage1-3-0,0,62,62,664,158,8422,0,0
1782950881746,unknown,VM-76,Stage2-1-0,0,0,0,0,0,0,0,0
1782950881763,unknown,VM-77,Stage2-0-0,0,0,0,0,0,0,0,0
1782950881808,unknown,VM-78,Stage3-2-0,0,0,0,0,0,0,0,0
1782950881812,unknown,VM-79,Stage3-3-0,0,0,0,0,0,0,0,0
1782950881822,unknown,VM-73,Stage1-1-0,0,0,0,0,0,0,0,0
1782950881835,unknown,VM-75,Stage1-2-0,0,15,15,529,47,1637,0,0
1782950882746,unknown,VM-74,Stage1-3-0,0,38,37,142,134,4738,0,0
1782950882746,unknown,VM-76,Stage2-1-0,0,0,0,0,0,0,0,0
1782950882763,unknown,VM-77,Stage2-0-0,0,0,0,0,0,0,0,0
1782950882809,unknown,VM-78,Stage3-2-0,0,0,0,0,0,0,0,0
1782950882812,unknown,VM-79,Stage3-3-0,0,0,0,0,0,0,0,0
1782950882823,unknown,VM-73,Stage1-1-0,0,0,0,0,0,0,0,0
1782950882835,unknown,VM-75,Stage1-2-0,0,2,2,35,20,219,0,0
1782950883746,unknown,VM-76,Stage2-1-0,0,0,0,0,0,0,0,0
1782950883746,unknown,VM-74,Stage1-3-0,0,89,87,761,265,10928,0,0
1782950883763,unknown,VM-77,Stage2-0-0,0,0,0,0,0,0,0,0
1782950883808,unknown,VM-78,Stage3-2-0,0,0,0,0,0,0,0,0
1782950883812,unknown,VM-79,Stage3-3-0,0,0,0,0,0,0,0,0
1782950883822,unknown,VM-73,Stage1-1-0,0,0,0,0,0,0,0,0
1782950883835,unknown,VM-75,Stage1-2-0,0,33,32,805,138,3892,0,0
1782950884746,unknown,VM-74,Stage1-3-0,0,39,39,649,136,4627,0,0
1782950884746,unknown,VM-76,Stage2-1-0,0,0,0,0,0,0,0,0
1782950884763,unknown,VM-77,Stage2-0-0,0,0,0,0,0,0,0,0
1782950884808,unknown,VM-78,Stage3-2-0,0,0,0,0,0,0,0,0
1782950884812,unknown,VM-79,Stage3-3-0,0,0,0,0,0,0,0,0
1782950884822,unknown,VM-73,Stage1-1-0,0,0,0,0,0,0,0,0
1782950884835,unknown,VM-75,Stage1-2-0,0,0,0,0,0,0,0,0
1782950885746,unknown,VM-76,Stage2-1-0,0,0,0,0,0,0,0,0
1782950885746,unknown,VM-74,Stage1-3-0,0,0,0,0,0,0,0,0
1782950885763,unknown,VM-77,Stage2-0-0,0,0,0,0,0,0,0,0
1782950885809,unknown,VM-78,Stage3-2-0,0,0,0,0,0,0,0,0
1782950885812,unknown,VM-79,Stage3-3-0,0,0,0,0,0,0,0,0
1782950885822,unknown,VM-73,Stage1-1-0,0,0,0,0,0,0,0,0
1782950885835,unknown,VM-75,Stage1-2-0,0,0,0,0,0,0,0,0
1782950886746,unknown,VM-76,Stage2-1-0,0,0,0,0,0,0,0,0
1782950886746,unknown,VM-74,Stage1-3-0,0,0,0,0,0,0,0,0
1782950886763,unknown,VM-77,Stage2-0-0,0,0,0,0,0,0,0,0
1782950886809,unknown,VM-78,Stage3-2-0,0,0,0,0,0,0,0,0
1782950886812,unknown,VM-79,Stage3-3-0,0,0,0,0,0,0,0,0
1782950886822,unknown,VM-73,Stage1-1-0,0,0,0,0,0,0,0,0
1782950886835,unknown,VM-75,Stage1-2-0,0,0,0,0,0,0,0,0
1782950887746,unknown,VM-76,Stage2-1-0,0,0,0,0,0,0,0,0
1782950887746,unknown,VM-74,Stage1-3-0,0,0,0,0,0,0,0,0
1782950887763,unknown,VM-77,Stage2-0-0,0,0,0,0,0,0,0,0
1782950887808,unknown,VM-78,Stage3-2-0,0,0,0,0,0,0,0,0
1782950887812,unknown,VM-79,Stage3-3-0,0,0,0,0,0,0,0,0
1782950887823,unknown,VM-73,Stage1-1-0,0,0,0,0,0,0,0,0
1782950887835,unknown,VM-75,Stage1-2-0,0,500,478,1659,1044,59526,0,0
1782950888746,unknown,VM-76,Stage2-1-0,0,0,0,0,0,0,0,0
1782950888746,unknown,VM-74,Stage1-3-0,0,0,0,0,0,0,0,0
1782950888763,unknown,VM-77,Stage2-0-0,0,0,0,0,0,0,0,0
1782950888809,unknown,VM-78,Stage3-2-0,0,0,0,0,0,0,0,0
1782950888812,unknown,VM-79,Stage3-3-0,0,0,0,0,0,0,0,0
1782950888822,unknown,VM-73,Stage1-1-0,0,0,0,0,0,0,0,0
1782950888835,unknown,VM-75,Stage1-2-0,0,0,0,0,0,0,0,0
1782950889746,unknown,VM-74,Stage1-3-0,0,0,0,0,0,0,0,0
1782950889746,unknown,VM-76,Stage2-1-0,0,0,0,0,0,0,0,0
1782950889763,unknown,VM-77,Stage2-0-0,0,0,0,0,0,0,0,0
1782950889808,unknown,VM-78,Stage3-2-0,0,0,0,0,0,0,0,0
1782950889812,unknown,VM-79,Stage3-3-0,0,0,0,0,0,0,0,0
1782950889823,unknown,VM-73,Stage1-1-0,0,0,0,0,0,0,0,0
1782950889835,unknown,VM-75,Stage1-2-0,0,45,41,706,126,5490,0,0
1782950890746,unknown,VM-74,Stage1-3-0,0,0,0,0,0,0,0,0
1782950890746,unknown,VM-76,Stage2-1-0,0,0,0,0,0,0,0,0
1782950890763,unknown,VM-77,Stage2-0-0,0,0,0,0,0,0,0,0
1782950890809,unknown,VM-78,Stage3-2-0,0,0,0,0,0,0,0,0
1782950890812,unknown,VM-79,Stage3-3-0,0,0,0,0,0,0,0,0
1782950890823,unknown,VM-73,Stage1-1-0,0,0,0,0,0,0,0,0
1782950890835,unknown,VM-75,Stage1-2-0,0,27,25,557,86,3299,0,0
1782950891746,unknown,VM-76,Stage2-1-0,0,0,0,0,0,0,0,0
1782950891746,unknown,VM-74,Stage1-3-0,0,0,0,0,0,0,0,0
1782950891763,unknown,VM-77,Stage2-0-0,0,0,0,0,0,0,0,0
1782950891809,unknown,VM-78,Stage3-2-0,0,0,0,0,0,0,0,0
1782950891812,unknown,VM-79,Stage3-3-0,0,0,0,0,0,0,0,0
1782950891823,unknown,VM-73,Stage1-1-0,0,0,0,0,0,0,0,0
1782950891835,unknown,VM-75,Stage1-2-0,0,0,0,0,0,0,0,0
1782950892746,unknown,VM-74,Stage1-3-0,0,512,504,2193,1395,61678,0,0
1782950892746,unknown,VM-76,Stage2-1-0,0,0,0,0,0,0,0,0
1782950892763,unknown,VM-77,Stage2-0-0,0,0,0,0,0,0,0,0
1782950892808,unknown,VM-78,Stage3-2-0,0,0,0,0,0,0,0,0
1782950892812,unknown,VM-79,Stage3-3-0,0,0,0,0,0,0,0,0
1782950892822,unknown,VM-73,Stage1-1-0,0,0,0,0,0,0,0,0
1782950892835,unknown,VM-75,Stage1-2-0,0,0,0,0,0,0,0,0
1782950893746,unknown,VM-74,Stage1-3-0,0,0,0,0,0,0,0,0
1782950893746,unknown,VM-76,Stage2-1-0,0,0,0,0,0,0,0,0
1782950893763,unknown,VM-77,Stage2-0-0,0,0,0,0,0,0,0,0
1782950893808,unknown,VM-78,Stage3-2-0,0,0,0,0,0,0,0,0
1782950893812,unknown,VM-79,Stage3-3-0,0,0,0,0,0,0,0,0
1782950893823,unknown,VM-73,Stage1-1-0,0,0,0,0,0,0,0,0
1782950893835,unknown,VM-75,Stage1-2-0,0,169,163,1112,391,20011,0,0
1782950894746,unknown,VM-76,Stage2-1-0,0,0,0,0,0,0,0,0
1782950894746,unknown,VM-74,Stage1-3-0,0,512,512,1931,1135,63104,0,0
1782950894763,unknown,VM-77,Stage2-0-0,0,0,0,0,0,0,0,0
1782950894808,unknown,VM-78,Stage3-2-0,0,0,0,0,0,0,0,0
1782950894812,unknown,VM-79,Stage3-3-0,0,0,0,0,0,0,0,0
1782950894822,unknown,VM-73,Stage1-1-0,0,0,0,0,0,0,0,0
1782950894835,unknown,VM-75,Stage1-2-0,0,26,26,458,102,2816,0,0
1782950895746,unknown,VM-74,Stage1-3-0,0,175,174,1076,392,21826,0,0
1782950895746,unknown,VM-76,Stage2-1-0,0,0,0,0,0,0,0,0
1782950895763,unknown,VM-77,Stage2-0-0,0,0,0,0,0,0,0,0
1782950895808,unknown,VM-78,Stage3-2-0,0,0,0,0,0,0,0,0
1782950895812,unknown,VM-79,Stage3-3-0,0,0,0,0,0,0,0,0
1782950895822,unknown,VM-73,Stage1-1-0,0,0,0,0,0,0,0,0
1782950895835,unknown,VM-75,Stage1-2-0,0,0,0,0,0,0,0,0
1782950896746,unknown,VM-74,Stage1-3-0,0,0,0,0,0,0,0,0
1782950896746,unknown,VM-76,Stage2-1-0,0,0,0,0,0,0,0,0
1782950896763,unknown,VM-77,Stage2-0-0,0,0,0,0,0,0,0,0
1782950896808,unknown,VM-78,Stage3-2-0,0,0,0,0,0,0,0,0
1782950896812,unknown,VM-79,Stage3-3-0,0,0,0,0,0,0,0,0
1782950896822,unknown,VM-73,Stage1-1-0,0,0,0,0,0,0,0,0
1782950896835,unknown,VM-75,Stage1-2-0,0,0,0,0,0,0,0,0
1782950897746,unknown,VM-74,Stage1-3-0,0,0,0,0,0,0,0,0
1782950897746,unknown,VM-76,Stage2-1-0,0,0,0,0,0,0,0,0
1782950897763,unknown,VM-77,Stage2-0-0,0,0,0,0,0,0,0,0
1782950897809,unknown,VM-78,Stage3-2-0,0,0,0,0,0,0,0,0
1782950897812,unknown,VM-79,Stage3-3-0,0,0,0,0,0,0,0,0
1782950897823,unknown,VM-73,Stage1-1-0,0,0,0,0,0,0,0,0
1782950897835,unknown,VM-75,Stage1-2-0,0,0,0,0,0,0,0,0
1782950898746,unknown,VM-74,Stage1-3-0,0,640,616,2336,1456,78278,0,0
1782950898746,unknown,VM-76,Stage2-1-0,0,0,0,0,0,0,0,0
1782950898763,unknown,VM-77,Stage2-0-0,0,0,0,0,0,0,0,0
1782950898808,unknown,VM-78,Stage3-2-0,0,0,0,0,0,0,0,0
1782950898812,unknown,VM-79,Stage3-3-0,0,0,0,0,0,0,0,0
1782950898822,unknown,VM-73,Stage1-1-0,0,0,0,0,0,0,0,0
1782950898835,unknown,VM-75,Stage1-2-0,0,177,172,1392,363,22368,0,0
1782950899746,unknown,VM-74,Stage1-3-0,0,326,318,1313,851,40559,0,0
1782950899746,unknown,VM-76,Stage2-1-0,0,0,0,0,0,0,0,0
1782950899763,unknown,VM-77,Stage2-0-0,0,0,0,0,0,0,0,0
1782950899808,unknown,VM-78,Stage3-2-0,0,0,0,0,0,0,0,0
1782950899812,unknown,VM-79,Stage3-3-0,0,0,0,0,0,0,0,0
1782950899822,unknown,VM-73,Stage1-1-0,0,0,0,0,0,0,0,0
1782950899835,unknown,VM-75,Stage1-2-0,0,0,0,0,0,0,0,0
1782950900746,unknown,VM-76,Stage2-1-0,0,0,0,0,0,0,0,0
1782950900746,unknown,VM-74,Stage1-3-0,0,0,0,0,0,0,0,0
1782950900763,unknown,VM-77,Stage2-0-0,0,0,0,0,0,0,0,0
1782950900808,unknown,VM-78,Stage3-2-0,0,0,0,0,0,0,0,0
1782950900812,unknown,VM-79,Stage3-3-0,0,0,0,0,0,0,0,0
1782950900822,unknown,VM-73,Stage1-1-0,0,0,0,0,0,0,0,0
1782950900835,unknown,VM-75,Stage1-2-0,0,0,0,0,0,0,0,0
1782950901746,unknown,VM-74,Stage1-3-0,0,0,0,0,0,0,0,0
1782950901746,unknown,VM-76,Stage2-1-0,0,0,0,0,0,0,0,0
1782950901763,unknown,VM-77,Stage2-0-0,0,0,0,0,0,0,0,0
1782950901808,unknown,VM-78,Stage3-2-0,0,0,0,0,0,0,0,0
1782950901812,unknown,VM-79,Stage3-3-0,0,0,0,0,0,0,0,0
1782950901822,unknown,VM-73,Stage1-1-0,0,0,0,0,0,0,0,0
1782950901835,unknown,VM-75,Stage1-2-0,0,0,0,0,0,0,0,0
1782950902746,unknown,VM-74,Stage1-3-0,0,0,0,0,0,0,0,0
1782950902746,unknown,VM-76,Stage2-1-0,0,0,0,0,0,0,0,0
1782950902763,unknown,VM-77,Stage2-0-0,0,0,0,0,0,0,0,0
1782950902808,unknown,VM-78,Stage3-2-0,0,0,0,0,0,0,0,0
1782950902812,unknown,VM-79,Stage3-3-0,0,0,0,0,0,0,0,0
1782950902822,unknown,VM-73,Stage1-1-0,0,0,0,0,0,0,0,0
1782950902835,unknown,VM-75,Stage1-2-0,0,52,52,963,148,5844,0,0
1782950903746,unknown,VM-74,Stage1-3-0,0,0,0,0,0,0,0,0
1782950903746,unknown,VM-76,Stage2-1-0,0,0,0,0,0,0,0,0
1782950903763,unknown,VM-77,Stage2-0-0,0,0,0,0,0,0,0,0
1782950903808,unknown,VM-78,Stage3-2-0,0,0,0,0,0,0,0,0
1782950903812,unknown,VM-79,Stage3-3-0,0,0,0,0,0,0,0,0
1782950903822,unknown,VM-73,Stage1-1-0,0,0,0,0,0,0,0,0
1782950903835,unknown,VM-75,Stage1-2-0,0,0,0,0,0,0,0,0
1782950904746,unknown,VM-76,Stage2-1-0,0,0,0,0,0,0,0,0
1782950904746,unknown,VM-74,Stage1-3-0,0,340,332,1277,738,43698,0,0
1782950904763,unknown,VM-77,Stage2-0-0,0,0,0,0,0,0,0,0
1782950904808,unknown,VM-78,Stage3-2-0,0,0,0,0,0,0,0,0
1782950904812,unknown,VM-79,Stage3-3-0,0,0,0,0,0,0,0,0
1782950904822,unknown,VM-73,Stage1-1-0,0,0,0,0,0,0,0,0
1782950904835,unknown,VM-75,Stage1-2-0,0,0,0,0,0,0,0,0
1782950905746,unknown,VM-76,Stage2-1-0,0,0,0,0,0,0,0,0
1782950905746,unknown,VM-74,Stage1-3-0,0,0,0,0,0,0,0,0
1782950905763,unknown,VM-77,Stage2-0-0,0,0,0,0,0,0,0,0
1782950905808,unknown,VM-78,Stage3-2-0,0,0,0,0,0,0,0,0
1782950905812,unknown,VM-79,Stage3-3-0,0,0,0,0,0,0,0,0
1782950905822,unknown,VM-73,Stage1-1-0,0,0,0,0,0,0,0,0
1782950905835,unknown,VM-75,Stage1-2-0,0,0,0,0,0,0,0,0
1782950906746,unknown,VM-74,Stage1-3-0,0,0,0,0,0,0,0,0
1782950906746,unknown,VM-76,Stage2-1-0,0,0,0,0,0,0,0,0
1782950906763,unknown,VM-77,Stage2-0-0,0,0,0,0,0,0,0,0
1782950906808,unknown,VM-78,Stage3-2-0,0,0,0,0,0,0,0,0
1782950906812,unknown,VM-79,Stage3-3-0,0,0,0,0,0,0,0,0
1782950906822,unknown,VM-73,Stage1-1-0,0,0,0,0,0,0,0,0
1782950906835,unknown,VM-75,Stage1-2-0,0,64,59,737,158,7643,0,0
1782950907746,unknown,VM-74,Stage1-3-0,0,131,128,1120,418,15849,0,0
1782950907746,unknown,VM-76,Stage2-1-0,0,0,0,0,0,0,0,0
1782950907763,unknown,VM-77,Stage2-0-0,0,0,0,0,0,0,0,0
1782950907809,unknown,VM-78,Stage3-2-0,0,0,0,0,0,0,0,0
1782950907812,unknown,VM-79,Stage3-3-0,0,0,0,0,0,0,0,0
1782950907822,unknown,VM-73,Stage1-1-0,0,0,0,0,0,0,0,0
1782950907835,unknown,VM-75,Stage1-2-0,0,0,0,0,0,0,0,0
1782950908746,unknown,VM-74,Stage1-3-0,0,183,179,494,544,22073,0,0
1782950908746,unknown,VM-76,Stage2-1-0,0,0,0,0,0,0,0,0
1782950908763,unknown,VM-77,Stage2-0-0,0,0,0,0,0,0,0,0
1782950908809,unknown,VM-78,Stage3-2-0,0,0,0,0,0,0,0,0
1782950908812,unknown,VM-79,Stage3-3-0,0,0,0,0,0,0,0,0
1782950908823,unknown,VM-73,Stage1-1-0,0,0,0,0,0,0,0,0
1782950908835,unknown,VM-75,Stage1-2-0,0,7,7,753,83,930,0,0
1782950909746,unknown,VM-74,Stage1-3-0,0,0,0,0,0,0,0,0
1782950909746,unknown,VM-76,Stage2-1-0,0,0,0,0,0,0,0,0
1782950909763,unknown,VM-77,Stage2-0-0,0,0,0,0,0,0,0,0
1782950909809,unknown,VM-78,Stage3-2-0,0,0,0,0,0,0,0,0
1782950909812,unknown,VM-79,Stage3-3-0,0,0,0,0,0,0,0,0
1782950909823,unknown,VM-73,Stage1-1-0,0,0,0,0,0,0,0,0
1782950909835,unknown,VM-75,Stage1-2-0,0,45,42,921,143,5538,0,0
1782950910746,unknown,VM-76,Stage2-1-0,0,0,0,0,0,0,0,0
1782950910746,unknown,VM-74,Stage1-3-0,0,0,0,0,0,0,0,0
1782950910763,unknown,VM-77,Stage2-0-0,0,0,0,0,0,0,0,0
1782950910808,unknown,VM-78,Stage3-2-0,0,0,0,0,0,0,0,0
1782950910812,unknown,VM-79,Stage3-3-0,0,0,0,0,0,0,0,0
1782950910823,unknown,VM-73,Stage1-1-0,0,0,0,0,0,0,0,0
1782950910835,unknown,VM-75,Stage1-2-0,0,24,23,687,101,2875,0,0
1782950911746,unknown,VM-76,Stage2-1-0,0,0,0,0,0,0,0,0
1782950911746,unknown,VM-74,Stage1-3-0,0,512,499,2049,1420,63522,0,0
1782950911763,unknown,VM-77,Stage2-0-0,0,0,0,0,0,0,0,0
1782950911808,unknown,VM-78,Stage3-2-0,0,0,0,0,0,0,0,0
1782950911812,unknown,VM-79,Stage3-3-0,0,0,0,0,0,0,0,0
1782950911823,unknown,VM-73,Stage1-1-0,0,0,0,0,0,0,0,0
1782950911835,unknown,VM-75,Stage1-2-0,0,38,37,146,121,4343,0,0
1782950912746,unknown,VM-74,Stage1-3-0,0,0,0,0,0,0,0,0
1782950912746,unknown,VM-76,Stage2-1-0,0,0,0,0,0,0,0,0
1782950912763,unknown,VM-77,Stage2-0-0,0,0,0,0,0,0,0,0
1782950912808,unknown,VM-78,Stage3-2-0,0,0,0,0,0,0,0,0
1782950912812,unknown,VM-79,Stage3-3-0,0,0,0,0,0,0,0,0
1782950912823,unknown,VM-73,Stage1-1-0,0,0,0,0,0,0,0,0
1782950912835,unknown,VM-75,Stage1-2-0,0,14,14,762,86,1737,0,0
1782950913746,unknown,VM-74,Stage1-3-0,0,91,89,1069,334,10899,0,0
1782950913746,unknown,VM-76,Stage2-1-0,0,0,0,0,0,0,0,0
1782950913763,unknown,VM-77,Stage2-0-0,0,0,0,0,0,0,0,0
1782950913808,unknown,VM-78,Stage3-2-0,0,0,0,0,0,0,0,0
1782950913812,unknown,VM-79,Stage3-3-0,0,0,0,0,0,0,0,0
1782950913823,unknown,VM-73,Stage1-1-0,0,0,0,0,0,0,0,0
1782950913835,unknown,VM-75,Stage1-2-0,0,35,34,809,139,4255,0,0
1782950914746,unknown,VM-74,Stage1-3-0,0,512,509,1972,1247,61452,0,0
1782950914746,unknown,VM-76,Stage2-1-0,0,0,0,0,0,0,0,0
1782950914763,unknown,VM-77,Stage2-0-0,0,0,0,0,0,0,0,0
1782950914809,unknown,VM-78,Stage3-2-0,0,0,0,0,0,0,0,0
1782950914812,unknown,VM-79,Stage3-3-0,0,0,0,0,0,0,0,0
1782950914823,unknown,VM-73,Stage1-1-0,0,0,0,0,0,0,0,0
1782950914835,unknown,VM-75,Stage1-2-0,0,17,17,741,64,2081,0,0
1782950915746,unknown,VM-74,Stage1-3-0,0,361,356,1473,910,45021,0,0
1782950915746,unknown,VM-76,Stage2-1-0,0,0,0,0,0,0,0,0
1782950915763,unknown,VM-77,Stage2-0-0,0,0,0,0,0,0,0,0
1782950915808,unknown,VM-78,Stage3-2-0,0,0,0,0,0,0,0,0
1782950915812,unknown,VM-79,Stage3-3-0,0,0,0,0,0,0,0,0
1782950915823,unknown,VM-73,Stage1-1-0,0,0,0,0,0,0,0,0
1782950915835,unknown,VM-75,Stage1-2-0,0,0,0,0,0,0,0,0
1782950916746,unknown,VM-74,Stage1-3-0,0,274,268,1335,1810,33204,0,0
1782950916746,unknown,VM-76,Stage2-1-0,0,0,0,0,0,0,0,0
1782950916763,unknown,VM-77,Stage2-0-0,0,0,0,0,0,0,0,0
1782950916809,unknown,VM-78,Stage3-2-0,0,0,0,0,0,0,0,0
1782950916812,unknown,VM-79,Stage3-3-0,0,0,0,0,0,0,0,0
1782950916823,unknown,VM-73,Stage1-1-0,0,0,0,0,0,0,0,0
1782950916835,unknown,VM-75,Stage1-2-0,0,25,25,4448,125,3101,0,0
1782950917746,unknown,VM-74,Stage1-3-0,0,0,0,0,0,0,0,0
1782950917746,unknown,VM-76,Stage2-1-0,0,0,0,0,0,0,0,0
1782950917763,unknown,VM-77,Stage2-0-0,0,0,0,0,0,0,0,0
1782950917808,unknown,VM-78,Stage3-2-0,0,0,0,0,0,0,0,0
1782950917812,unknown,VM-79,Stage3-3-0,0,0,0,0,0,0,0,0
1782950917823,unknown,VM-73,Stage1-1-0,0,0,0,0,0,0,0,0
1782950917835,unknown,VM-75,Stage1-2-0,0,0,0,0,0,0,0,0
1782950918746,unknown,VM-76,Stage2-1-0,0,0,0,0,0,0,0,0
1782950918746,unknown,VM-74,Stage1-3-0,0,0,0,0,0,0,0,0
1782950918763,unknown,VM-77,Stage2-0-0,0,0,0,0,0,0,0,0
1782950918808,unknown,VM-78,Stage3-2-0,0,0,0,0,0,0,0,0
1782950918812,unknown,VM-79,Stage3-3-0,0,0,0,0,0,0,0,0
1782950918822,unknown,VM-73,Stage1-1-0,0,0,0,0,0,0,0,0
1782950918835,unknown,VM-75,Stage1-2-0,0,11,11,717,77,1801,0,0
1782950919746,unknown,VM-74,Stage1-3-0,0,512,493,2182,1448,62617,0,0
1782950919746,unknown,VM-76,Stage2-1-0,0,0,0,0,0,0,0,0
1782950919763,unknown,VM-77,Stage2-0-0,0,0,0,0,0,0,0,0
1782950919809,unknown,VM-78,Stage3-2-0,0,0,0,0,0,0,0,0
1782950919812,unknown,VM-79,Stage3-3-0,0,0,0,0,0,0,0,0
1782950919823,unknown,VM-73,Stage1-1-0,0,0,0,0,0,0,0,0
1782950919835,unknown,VM-75,Stage1-2-0,0,0,0,0,0,0,0,0
1782950920746,unknown,VM-76,Stage2-1-0,0,0,0,0,0,0,0,0
1782950920746,unknown,VM-74,Stage1-3-0,0,0,0,0,0,0,0,0
1782950920763,unknown,VM-77,Stage2-0-0,0,0,0,0,0,0,0,0
1782950920808,unknown,VM-78,Stage3-2-0,0,0,0,0,0,0,0,0
1782950920812,unknown,VM-79,Stage3-3-0,0,0,0,0,0,0,0,0
1782950920823,unknown,VM-73,Stage1-1-0,0,0,0,0,0,0,0,0
1782950920835,unknown,VM-75,Stage1-2-0,0,54,52,808,133,6783,0,0
1782950921746,unknown,VM-74,Stage1-3-0,0,32,31,698,118,3696,0,0
1782950921746,unknown,VM-76,Stage2-1-0,0,0,0,0,0,0,0,0
1782950921763,unknown,VM-77,Stage2-0-0,0,0,0,0,0,0,0,0
1782950921808,unknown,VM-78,Stage3-2-0,0,0,0,0,0,0,0,0
1782950921812,unknown,VM-79,Stage3-3-0,0,0,0,0,0,0,0,0
1782950921823,unknown,VM-73,Stage1-1-0,0,0,0,0,0,0,0,0
1782950921835,unknown,VM-75,Stage1-2-0,0,0,0,0,0,0,0,0
1782950922746,unknown,VM-76,Stage2-1-0,0,0,0,0,0,0,0,0
1782950922746,unknown,VM-74,Stage1-3-0,0,0,0,0,0,0,0,0
1782950922763,unknown,VM-77,Stage2-0-0,0,0,0,0,0,0,0,0
1782950922808,unknown,VM-78,Stage3-2-0,0,0,0,0,0,0,0,0
1782950922812,unknown,VM-79,Stage3-3-0,0,0,0,0,0,0,0,0
1782950922822,unknown,VM-73,Stage1-1-0,0,0,0,0,0,0,0,0
1782950922835,unknown,VM-75,Stage1-2-0,0,0,0,0,0,0,0,0
1782950923746,unknown,VM-74,Stage1-3-0,0,66,64,671,200,7515,0,0
1782950923746,unknown,VM-76,Stage2-1-0,0,0,0,0,0,0,0,0
1782950923763,unknown,VM-77,Stage2-0-0,0,0,0,0,0,0,0,0
1782950923808,unknown,VM-78,Stage3-2-0,0,0,0,0,0,0,0,0
1782950923812,unknown,VM-79,Stage3-3-0,0,0,0,0,0,0,0,0
1782950923822,unknown,VM-73,Stage1-1-0,0,0,0,0,0,0,0,0
1782950923835,unknown,VM-75,Stage1-2-0,0,52,51,649,126,6114,0,0
1782950924746,unknown,VM-76,Stage2-1-0,0,0,0,0,0,0,0,0
1782950924746,unknown,VM-74,Stage1-3-0,0,171,167,435,456,21280,0,0
1782950924763,unknown,VM-77,Stage2-0-0,0,0,0,0,0,0,0,0
1782950924808,unknown,VM-78,Stage3-2-0,0,0,0,0,0,0,0,0
1782950924812,unknown,VM-79,Stage3-3-0,0,0,0,0,0,0,0,0
1782950924822,unknown,VM-73,Stage1-1-0,0,0,0,0,0,0,0,0
1782950924835,unknown,VM-75,Stage1-2-0,0,0,0,0,0,0,0,0
1782950925746,unknown,VM-74,Stage1-3-0,0,0,0,0,0,0,0,0
1782950925746,unknown,VM-76,Stage2-1-0,0,0,0,0,0,0,0,0
1782950925763,unknown,VM-77,Stage2-0-0,0,0,0,0,0,0,0,0
1782950925808,unknown,VM-78,Stage3-2-0,0,0,0,0,0,0,0,0
1782950925812,unknown,VM-79,Stage3-3-0,0,0,0,0,0,0,0,0
1782950925822,unknown,VM-73,Stage1-1-0,0,0,0,0,0,0,0,0
1782950925835,unknown,VM-75,Stage1-2-0,0,38,36,367,85,4231,0,0
1782950926746,unknown,VM-76,Stage2-1-0,0,0,0,0,0,0,0,0
1782950926746,unknown,VM-74,Stage1-3-0,0,0,0,0,0,0,0,0
1782950926763,unknown,VM-77,Stage2-0-0,0,0,0,0,0,0,0,0
1782950926808,unknown,VM-78,Stage3-2-0,0,0,0,0,0,0,0,0
1782950926812,unknown,VM-79,Stage3-3-0,0,0,0,0,0,0,0,0
1782950926822,unknown,VM-73,Stage1-1-0,0,0,0,0,0,0,0,0
1782950926835,unknown,VM-75,Stage1-2-0,0,0,0,0,0,0,0,0
1782950927746,unknown,VM-76,Stage2-1-0,0,0,0,0,0,0,0,0
1782950927746,unknown,VM-74,Stage1-3-0,0,0,0,0,0,0,0,0
1782950927763,unknown,VM-77,Stage2-0-0,0,0,0,0,0,0,0,0
1782950927808,unknown,VM-78,Stage3-2-0,0,0,0,0,0,0,0,0
1782950927812,unknown,VM-79,Stage3-3-0,0,0,0,0,0,0,0,0
1782950927823,unknown,VM-73,Stage1-1-0,0,0,0,0,0,0,0,0
1782950927835,unknown,VM-75,Stage1-2-0,0,0,0,0,0,0,0,0
1782950928746,unknown,VM-76,Stage2-1-0,0,0,0,0,0,0,0,0
1782950928746,unknown,VM-74,Stage1-3-0,0,0,0,0,0,0,0,0
1782950928763,unknown,VM-77,Stage2-0-0,0,0,0,0,0,0,0,0
1782950928808,unknown,VM-78,Stage3-2-0,0,0,0,0,0,0,0,0
1782950928812,unknown,VM-79,Stage3-3-0,0,0,0,0,0,0,0,0
1782950928822,unknown,VM-73,Stage1-1-0,0,0,0,0,0,0,0,0
1782950928835,unknown,VM-75,Stage1-2-0,0,0,0,0,0,0,0,0
1782950929746,unknown,VM-76,Stage2-1-0,0,0,0,0,0,0,0,0
1782950929746,unknown,VM-74,Stage1-3-0,0,0,0,0,0,0,0,0
1782950929763,unknown,VM-77,Stage2-0-0,0,0,0,0,0,0,0,0
1782950929808,unknown,VM-78,Stage3-2-0,0,0,0,0,0,0,0,0
1782950929812,unknown,VM-79,Stage3-3-0,0,0,0,0,0,0,0,0
1782950929822,unknown,VM-73,Stage1-1-0,0,0,0,0,0,0,0,0
1782950929835,unknown,VM-75,Stage1-2-0,0,0,0,0,0,0,0,0
1782950930746,unknown,VM-76,Stage2-1-0,0,0,0,0,0,0,0,0
1782950930746,unknown,VM-74,Stage1-3-0,0,0,0,0,0,0,0,0
1782950930763,unknown,VM-77,Stage2-0-0,0,0,0,0,0,0,0,0
1782950930808,unknown,VM-78,Stage3-2-0,0,0,0,0,0,0,0,0
1782950930812,unknown,VM-79,Stage3-3-0,0,0,0,0,0,0,0,0
1782950930822,unknown,VM-73,Stage1-1-0,0,0,0,0,0,0,0,0
1782950930835,unknown,VM-75,Stage1-2-0,0,0,0,0,0,0,0,0
1782950931746,unknown,VM-74,Stage1-3-0,0,0,0,0,0,0,0,0
1782950931746,unknown,VM-76,Stage2-1-0,0,0,0,0,0,0,0,0
1782950931763,unknown,VM-77,Stage2-0-0,0,0,0,0,0,0,0,0
1782950931808,unknown,VM-78,Stage3-2-0,0,0,0,0,0,0,0,0
1782950931812,unknown,VM-79,Stage3-3-0,0,0,0,0,0,0,0,0
1782950931822,unknown,VM-73,Stage1-1-0,0,0,0,0,0,0,0,0
1782950931835,unknown,VM-75,Stage1-2-0,0,56,54,720,181,6959,0,0
1782950932746,unknown,VM-76,Stage2-1-0,0,0,0,0,0,0,0,0
1782950932746,unknown,VM-74,Stage1-3-0,0,0,0,0,0,0,0,0
1782950932763,unknown,VM-77,Stage2-0-0,0,0,0,0,0,0,0,0
1782950932808,unknown,VM-78,Stage3-2-0,0,0,0,0,0,0,0,0
1782950932812,unknown,VM-79,Stage3-3-0,0,0,0,0,0,0,0,0
1782950932822,unknown,VM-73,Stage1-1-0,0,0,0,0,0,0,0,0
1782950932835,unknown,VM-75,Stage1-2-0,0,0,0,0,0,0,0,0
1782950933747,unknown,VM-74,Stage1-3-0,0,511,488,1829,1136,61593,0,0
1782950933747,unknown,VM-76,Stage2-1-0,0,0,0,0,0,0,0,0
1782950933763,unknown,VM-77,Stage2-0-0,0,0,0,0,0,0,0,0
1782950933809,unknown,VM-78,Stage3-2-0,0,0,0,0,0,0,0,0
1782950933812,unknown,VM-79,Stage3-3-0,0,0,0,0,0,0,0,0
1782950933822,unknown,VM-73,Stage1-1-0,0,0,0,0,0,0,0,0
1782950933835,unknown,VM-75,Stage1-2-0,0,0,0,0,0,0,0,0
1782950934746,unknown,VM-74,Stage1-3-0,0,0,0,0,0,0,0,0
1782950934746,unknown,VM-76,Stage2-1-0,0,0,0,0,0,0,0,0
1782950934763,unknown,VM-77,Stage2-0-0,0,0,0,0,0,0,0,0
1782950934809,unknown,VM-78,Stage3-2-0,0,0,0,0,0,0,0,0
1782950934812,unknown,VM-79,Stage3-3-0,0,0,0,0,0,0,0,0
1782950934822,unknown,VM-73,Stage1-1-0,0,0,0,0,0,0,0,0
1782950934835,unknown,VM-75,Stage1-2-0,0,0,0,0,0,0,0,0
1782950935746,unknown,VM-76,Stage2-1-0,0,0,0,0,0,0,0,0
1782950935746,unknown,VM-74,Stage1-3-0,0,0,0,0,0,0,0,0
1782950935763,unknown,VM-77,Stage2-0-0,0,0,0,0,0,0,0,0
1782950935808,unknown,VM-78,Stage3-2-0,0,0,0,0,0,0,0,0
1782950935812,unknown,VM-79,Stage3-3-0,0,0,0,0,0,0,0,0
1782950935823,unknown,VM-73,Stage1-1-0,0,0,0,0,0,0,0,0
1782950935835,unknown,VM-75,Stage1-2-0,0,0,0,0,0,0,0,0
1782950936746,unknown,VM-74,Stage1-3-0,0,0,0,0,0,0,0,0
1782950936746,unknown,VM-76,Stage2-1-0,0,0,0,0,0,0,0,0
1782950936763,unknown,VM-77,Stage2-0-0,0,0,0,0,0,0,0,0
1782950936808,unknown,VM-78,Stage3-2-0,0,0,0,0,0,0,0,0
1782950936812,unknown,VM-79,Stage3-3-0,0,0,0,0,0,0,0,0
1782950936822,unknown,VM-73,Stage1-1-0,0,0,0,0,0,0,0,0
1782950936835,unknown,VM-75,Stage1-2-0,0,0,0,0,0,0,0,0
1782950937746,unknown,VM-76,Stage2-1-0,0,0,0,0,0,0,0,0
1782950937746,unknown,VM-74,Stage1-3-0,0,0,0,0,0,0,0,0
1782950937763,unknown,VM-77,Stage2-0-0,0,0,0,0,0,0,0,0
1782950937809,unknown,VM-78,Stage3-2-0,0,0,0,0,0,0,0,0
1782950937812,unknown,VM-79,Stage3-3-0,0,0,0,0,0,0,0,0
1782950937822,unknown,VM-73,Stage1-1-0,0,0,0,0,0,0,0,0
1782950937835,unknown,VM-75,Stage1-2-0,0,0,0,0,0,0,0,0
1782950938746,unknown,VM-76,Stage2-1-0,0,0,0,0,0,0,0,0
1782950938746,unknown,VM-74,Stage1-3-0,0,0,0,0,0,0,0,0
1782950938763,unknown,VM-77,Stage2-0-0,0,0,0,0,0,0,0,0
1782950938808,unknown,VM-78,Stage3-2-0,0,0,0,0,0,0,0,0
1782950938812,unknown,VM-79,Stage3-3-0,0,0,0,0,0,0,0,0
1782950938822,unknown,VM-73,Stage1-1-0,0,0,0,0,0,0,0,0
1782950938835,unknown,VM-75,Stage1-2-0,0,0,0,0,0,0,0,0
1782950939746,unknown,VM-76,Stage2-1-0,0,0,0,0,0,0,0,0
1782950939746,unknown,VM-74,Stage1-3-0,0,0,0,0,0,0,0,0
1782950939763,unknown,VM-77,Stage2-0-0,0,0,0,0,0,0,0,0
1782950939808,unknown,VM-78,Stage3-2-0,0,0,0,0,0,0,0,0
1782950939812,unknown,VM-79,Stage3-3-0,0,0,0,0,0,0,0,0
1782950939822,unknown,VM-73,Stage1-1-0,0,0,0,0,0,0,0,0
1782950939835,unknown,VM-75,Stage1-2-0,0,0,0,0,0,0,0,0
1782950940746,unknown,VM-76,Stage2-1-0,0,0,0,0,0,0,0,0
1782950940746,unknown,VM-74,Stage1-3-0,0,0,0,0,0,0,0,0
1782950940763,unknown,VM-77,Stage2-0-0,0,0,0,0,0,0,0,0
1782950940809,unknown,VM-78,Stage3-2-0,0,0,0,0,0,0,0,0
1782950940812,unknown,VM-79,Stage3-3-0,0,0,0,0,0,0,0,0
1782950940823,unknown,VM-73,Stage1-1-0,0,0,0,0,0,0,0,0
1782950940835,unknown,VM-75,Stage1-2-0,0,0,0,0,0,0,0,0
1782950941746,unknown,VM-74,Stage1-3-0,0,0,0,0,0,0,0,0
1782950941746,unknown,VM-76,Stage2-1-0,0,0,0,0,0,0,0,0
1782950941763,unknown,VM-77,Stage2-0-0,0,0,0,0,0,0,0,0
1782950941808,unknown,VM-78,Stage3-2-0,0,0,0,0,0,0,0,0
1782950941812,unknown,VM-79,Stage3-3-0,0,0,0,0,0,0,0,0
1782950941822,unknown,VM-73,Stage1-1-0,0,0,0,0,0,0,0,0
1782950941835,unknown,VM-75,Stage1-2-0,0,0,0,0,0,0,0,0
1782950942746,unknown,VM-74,Stage1-3-0,0,0,0,0,0,0,0,0
1782950942746,unknown,VM-76,Stage2-1-0,0,0,0,0,0,0,0,0
1782950942763,unknown,VM-77,Stage2-0-0,0,0,0,0,0,0,0,0
1782950942808,unknown,VM-78,Stage3-2-0,0,0,0,0,0,0,0,0
1782950942812,unknown,VM-79,Stage3-3-0,0,0,0,0,0,0,0,0
1782950942822,unknown,VM-73,Stage1-1-0,0,0,0,0,0,0,0,0
1782950942835,unknown,VM-75,Stage1-2-0,0,0,0,0,0,0,0,0
1782950943746,unknown,VM-74,Stage1-3-0,0,14156,13735,55798,261586,1708687,0,0
1782950943746,unknown,VM-76,Stage2-1-0,0,0,0,0,0,0,0,0
1782950943763,unknown,VM-77,Stage2-0-0,0,0,0,0,0,0,0,0
1782950943808,unknown,VM-78,Stage3-2-0,0,0,0,0,0,0,0,0
1782950943812,unknown,VM-79,Stage3-3-0,0,0,0,0,0,0,0,0
1782950943822,unknown,VM-73,Stage1-1-0,0,0,0,0,0,0,0,0
1782950943835,unknown,VM-75,Stage1-2-0,0,8059,7992,36209,29286,994187,0,0
1782950944746,unknown,VM-76,Stage2-1-0,0,0,0,0,0,0,0,0
1782950944746,unknown,VM-74,Stage1-3-0,0,48875,47148,108238,103364,5867570,0,0
1782950944763,unknown,VM-77,Stage2-0-0,0,0,0,0,0,0,0,0
1782950944808,unknown,VM-78,Stage3-2-0,0,0,0,0,0,0,0,0
1782950944812,unknown,VM-79,Stage3-3-0,0,0,0,0,0,0,0,0
1782950944822,unknown,VM-73,Stage1-1-0,0,0,0,0,0,0,0,0
1782950944835,unknown,VM-75,Stage1-2-0,0,17342,17101,84016,139801,2128907,0,0
1782950945746,unknown,VM-76,Stage2-1-0,0,0,0,0,0,0,0,0
1782950945746,unknown,VM-74,Stage1-3-0,0,0,0,0,0,0,0,0
1782950945763,unknown,VM-77,Stage2-0-0,0,0,0,0,0,0,0,0
1782950945808,unknown,VM-78,Stage3-2-0,0,0,0,0,0,0,0,0
1782950945812,unknown,VM-79,Stage3-3-0,0,0,0,0,0,0,0,0
1782950945822,unknown,VM-73,Stage1-1-0,0,0,0,0,0,0,0,0
1782950945835,unknown,VM-75,Stage1-2-0,0,40452,39770,373142,223644,4953800,0,0
1782950946746,unknown,VM-76,Stage2-1-0,0,0,0,0,0,0,0,0
1782950946746,unknown,VM-74,Stage1-3-0,0,0,0,0,0,0,0,0
1782950946763,unknown,VM-77,Stage2-0-0,0,0,0,0,0,0,0,0
1782950946808,unknown,VM-78,Stage3-2-0,0,0,0,0,0,0,0,0
1782950946812,unknown,VM-79,Stage3-3-0,0,0,0,0,0,0,0,0
1782950946823,unknown,VM-73,Stage1-1-0,0,0,0,0,0,0,0,0
1782950946835,unknown,VM-75,Stage1-2-0,0,0,0,0,0,0,0,0
1782950947746,unknown,VM-76,Stage2-1-0,0,0,0,0,0,0,0,0
1782950947746,unknown,VM-74,Stage1-3-0,0,0,0,0,0,0,0,0
1782950947763,unknown,VM-77,Stage2-0-0,0,0,0,0,0,0,0,0
1782950947808,unknown,VM-78,Stage3-2-0,0,0,0,0,0,0,0,0
1782950947812,unknown,VM-79,Stage3-3-0,0,0,0,0,0,0,0,0
1782950947822,unknown,VM-73,Stage1-1-0,0,0,0,0,0,0,0,0
1782950947835,unknown,VM-75,Stage1-2-0,0,0,0,0,0,0,0,0
1782950948746,unknown,VM-74,Stage1-3-0,0,0,0,0,0,0,0,0
1782950948746,unknown,VM-76,Stage2-1-0,0,0,0,0,0,0,0,0
1782950948763,unknown,VM-77,Stage2-0-0,0,0,0,0,0,0,0,0
1782950948808,unknown,VM-78,Stage3-2-0,0,0,0,0,0,0,0,0
1782950948812,unknown,VM-79,Stage3-3-0,0,0,0,0,0,0,0,0
1782950948822,unknown,VM-73,Stage1-1-0,0,0,0,0,0,0,0,0
1782950948835,unknown,VM-75,Stage1-2-0,0,0,0,0,0,0,0,0
1782950949746,unknown,VM-74,Stage1-3-0,0,0,0,0,0,0,0,0
1782950949746,unknown,VM-76,Stage2-1-0,0,0,0,0,0,0,0,0
1782950949763,unknown,VM-77,Stage2-0-0,0,0,0,0,0,0,0,0
1782950949808,unknown,VM-78,Stage3-2-0,0,0,0,0,0,0,0,0
1782950949812,unknown,VM-79,Stage3-3-0,0,0,0,0,0,0,0,0
1782950949822,unknown,VM-73,Stage1-1-0,0,0,0,0,0,0,0,0
1782950949835,unknown,VM-75,Stage1-2-0,0,0,0,0,0,0,0,0
1782950950746,unknown,VM-74,Stage1-3-0,0,0,0,0,0,0,0,0
1782950950746,unknown,VM-76,Stage2-1-0,0,0,0,0,0,0,0,0
1782950950763,unknown,VM-77,Stage2-0-0,0,0,0,0,0,0,0,0
1782950950808,unknown,VM-78,Stage3-2-0,0,0,0,0,0,0,0,0
1782950950812,unknown,VM-79,Stage3-3-0,0,0,0,0,0,0,0,0
1782950950822,unknown,VM-73,Stage1-1-0,0,0,0,0,0,0,0,0
1782950950835,unknown,VM-75,Stage1-2-0,0,0,0,0,0,0,0,0
1782950951746,unknown,VM-74,Stage1-3-0,0,0,0,0,0,0,0,0
1782950951746,unknown,VM-76,Stage2-1-0,0,0,0,0,0,0,0,0
1782950951763,unknown,VM-77,Stage2-0-0,0,0,0,0,0,0,0,0
1782950951808,unknown,VM-78,Stage3-2-0,0,0,0,0,0,0,0,0
1782950951812,unknown,VM-79,Stage3-3-0,0,0,0,0,0,0,0,0
1782950951822,unknown,VM-73,Stage1-1-0,0,0,0,0,0,0,0,0
1782950951835,unknown,VM-75,Stage1-2-0,0,0,0,0,0,0,0,0
1782950952746,unknown,VM-74,Stage1-3-0,0,0,0,0,0,0,0,0
1782950952746,unknown,VM-76,Stage2-1-0,0,0,0,0,0,0,0,0
1782950952763,unknown,VM-77,Stage2-0-0,0,0,0,0,0,0,0,0
1782950952808,unknown,VM-78,Stage3-2-0,0,0,0,0,0,0,0,0
1782950952812,unknown,VM-79,Stage3-3-0,0,0,0,0,0,0,0,0
1782950952822,unknown,VM-73,Stage1-1-0,0,0,0,0,0,0,0,0
1782950952835,unknown,VM-75,Stage1-2-0,0,0,0,0,0,0,0,0
1782950953746,unknown,VM-74,Stage1-3-0,0,0,0,0,0,0,0,0
1782950953746,unknown,VM-76,Stage2-1-0,0,0,0,0,0,0,0,0
1782950953763,unknown,VM-77,Stage2-0-0,0,0,0,0,0,0,0,0
1782950953808,unknown,VM-78,Stage3-2-0,0,0,0,0,0,0,0,0
1782950953812,unknown,VM-79,Stage3-3-0,0,0,0,0,0,0,0,0
1782950953822,unknown,VM-73,Stage1-1-0,0,0,0,0,0,0,0,0
1782950953835,unknown,VM-75,Stage1-2-0,0,0,0,0,0,0,0,0
1782950954746,unknown,VM-76,Stage2-1-0,0,0,0,0,0,0,0,0
1782950954746,unknown,VM-74,Stage1-3-0,0,0,0,0,0,0,0,0
1782950954763,unknown,VM-77,Stage2-0-0,0,0,0,0,0,0,0,0
1782950954808,unknown,VM-78,Stage3-2-0,0,0,0,0,0,0,0,0
1782950954812,unknown,VM-79,Stage3-3-0,0,0,0,0,0,0,0,0
1782950954822,unknown,VM-73,Stage1-1-0,0,0,0,0,0,0,0,0
1782950954835,unknown,VM-75,Stage1-2-0,0,0,0,0,0,0,0,0
1782950955746,unknown,VM-74,Stage1-3-0,0,0,0,0,0,0,0,0
1782950955746,unknown,VM-76,Stage2-1-0,0,0,0,0,0,0,0,0
1782950955763,unknown,VM-77,Stage2-0-0,0,0,0,0,0,0,0,0
1782950955808,unknown,VM-78,Stage3-2-0,0,0,0,0,0,0,0,0
1782950955812,unknown,VM-79,Stage3-3-0,0,0,0,0,0,0,0,0
1782950955822,unknown,VM-73,Stage1-1-0,0,0,0,0,0,0,0,0
1782950955835,unknown,VM-75,Stage1-2-0,0,0,0,0,0,0,0,0
1782950956746,unknown,VM-74,Stage1-3-0,0,0,0,0,0,0,0,0
1782950956746,unknown,VM-76,Stage2-1-0,0,0,0,0,0,0,0,0
1782950956763,unknown,VM-77,Stage2-0-0,0,0,0,0,0,0,0,0
1782950956808,unknown,VM-78,Stage3-2-0,0,0,0,0,0,0,0,0
1782950956812,unknown,VM-79,Stage3-3-0,0,0,0,0,0,0,0,0
1782950956822,unknown,VM-73,Stage1-1-0,0,0,0,0,0,0,0,0
1782950956835,unknown,VM-75,Stage1-2-0,0,0,0,0,0,0,0,0
1782950957746,unknown,VM-74,Stage1-3-0,0,0,0,0,0,0,0,0
1782950957746,unknown,VM-76,Stage2-1-0,0,0,0,0,0,0,0,0
1782950957763,unknown,VM-77,Stage2-0-0,0,0,0,0,0,0,0,0
1782950957808,unknown,VM-78,Stage3-2-0,0,0,0,0,0,0,0,0
1782950957812,unknown,VM-79,Stage3-3-0,0,0,0,0,0,0,0,0
1782950957822,unknown,VM-73,Stage1-1-0,0,0,0,0,0,0,0,0
1782950957835,unknown,VM-75,Stage1-2-0,0,0,0,0,0,0,0,0
1782950958746,unknown,VM-76,Stage2-1-0,0,0,0,0,0,0,0,0
1782950958746,unknown,VM-74,Stage1-3-0,0,0,0,0,0,0,0,0
1782950958763,unknown,VM-77,Stage2-0-0,0,0,0,0,0,0,0,0
1782950958808,unknown,VM-78,Stage3-2-0,0,0,0,0,0,0,0,0
1782950958812,unknown,VM-79,Stage3-3-0,0,0,0,0,0,0,0,0
1782950958822,unknown,VM-73,Stage1-1-0,0,0,0,0,0,0,0,0
1782950958835,unknown,VM-75,Stage1-2-0,0,0,0,0,0,0,0,0
1782950959746,unknown,VM-76,Stage2-1-0,0,0,0,0,0,0,0,0
1782950959746,unknown,VM-74,Stage1-3-0,0,0,0,0,0,0,0,0
1782950959763,unknown,VM-77,Stage2-0-0,0,0,0,0,0,0,0,0
1782950959808,unknown,VM-78,Stage3-2-0,0,0,0,0,0,0,0,0
1782950959812,unknown,VM-79,Stage3-3-0,0,0,0,0,0,0,0,0
1782950959822,unknown,VM-73,Stage1-1-0,0,0,0,0,0,0,0,0
1782950959835,unknown,VM-75,Stage1-2-0,0,0,0,0,0,0,0,0
1782950960746,unknown,VM-74,Stage1-3-0,0,0,0,0,0,0,0,0
1782950960746,unknown,VM-76,Stage2-1-0,0,0,0,0,0,0,0,0
1782950960763,unknown,VM-77,Stage2-0-0,0,0,0,0,0,0,0,0
1782950960808,unknown,VM-78,Stage3-2-0,0,0,0,0,0,0,0,0
1782950960812,unknown,VM-79,Stage3-3-0,0,0,0,0,0,0,0,0
1782950960822,unknown,VM-73,Stage1-1-0,0,0,0,0,0,0,0,0
1782950960835,unknown,VM-75,Stage1-2-0,0,0,0,0,0,0,0,0
1782950961746,unknown,VM-74,Stage1-3-0,0,0,0,0,0,0,0,0
1782950961746,unknown,VM-76,Stage2-1-0,0,0,0,0,0,0,0,0
1782950961763,unknown,VM-77,Stage2-0-0,0,0,0,0,0,0,0,0
1782950961808,unknown,VM-78,Stage3-2-0,0,0,0,0,0,0,0,0
1782950961812,unknown,VM-79,Stage3-3-0,0,0,0,0,0,0,0,0
1782950961822,unknown,VM-73,Stage1-1-0,0,0,0,0,0,0,0,0
1782950961835,unknown,VM-75,Stage1-2-0,0,0,0,0,0,0,0,0
1782950962746,unknown,VM-74,Stage1-3-0,0,0,0,0,0,0,0,0
1782950962746,unknown,VM-76,Stage2-1-0,0,0,0,0,0,0,0,0
1782950962763,unknown,VM-77,Stage2-0-0,0,0,0,0,0,0,0,0
1782950962808,unknown,VM-78,Stage3-2-0,0,0,0,0,0,0,0,0
1782950962812,unknown,VM-79,Stage3-3-0,0,0,0,0,0,0,0,0
1782950962823,unknown,VM-73,Stage1-1-0,0,0,0,0,0,0,0,0
1782950962835,unknown,VM-75,Stage1-2-0,0,0,0,0,0,0,0,0
1782950963746,unknown,VM-76,Stage2-1-0,0,0,0,0,0,0,0,0
1782950963746,unknown,VM-74,Stage1-3-0,0,0,0,0,0,0,0,0
1782950963763,unknown,VM-77,Stage2-0-0,0,0,0,0,0,0,0,0
1782950963808,unknown,VM-78,Stage3-2-0,0,0,0,0,0,0,0,0
1782950963812,unknown,VM-79,Stage3-3-0,0,0,0,0,0,0,0,0
1782950963822,unknown,VM-73,Stage1-1-0,0,0,0,0,0,0,0,0
1782950963835,unknown,VM-75,Stage1-2-0,0,0,0,0,0,0,0,0
1782950964746,unknown,VM-76,Stage2-1-0,0,0,0,0,0,0,0,0
1782950964746,unknown,VM-74,Stage1-3-0,0,0,0,0,0,0,0,0
1782950964763,unknown,VM-77,Stage2-0-0,0,0,0,0,0,0,0,0
1782950964808,unknown,VM-78,Stage3-2-0,0,0,0,0,0,0,0,0
1782950964812,unknown,VM-79,Stage3-3-0,0,0,0,0,0,0,0,0
1782950964823,unknown,VM-73,Stage1-1-0,0,0,0,0,0,0,0,0
1782950964835,unknown,VM-75,Stage1-2-0,0,0,0,0,0,0,0,0
1782950965746,unknown,VM-76,Stage2-1-0,0,0,0,0,0,0,0,0
1782950965746,unknown,VM-74,Stage1-3-0,0,0,0,0,0,0,0,0
1782950965763,unknown,VM-77,Stage2-0-0,0,0,0,0,0,0,0,0
1782950965808,unknown,VM-78,Stage3-2-0,0,0,0,0,0,0,0,0
1782950965812,unknown,VM-79,Stage3-3-0,0,0,0,0,0,0,0,0
1782950965822,unknown,VM-73,Stage1-1-0,0,0,0,0,0,0,0,0
1782950965835,unknown,VM-75,Stage1-2-0,0,0,0,0,0,0,0,0
1782950966746,unknown,VM-74,Stage1-3-0,0,0,0,0,0,0,0,0
1782950966746,unknown,VM-76,Stage2-1-0,0,0,0,0,0,0,0,0
1782950966763,unknown,VM-77,Stage2-0-0,0,0,0,0,0,0,0,0
1782950966809,unknown,VM-78,Stage3-2-0,0,0,0,0,0,0,0,0
1782950966812,unknown,VM-79,Stage3-3-0,0,0,0,0,0,0,0,0
1782950966822,unknown,VM-73,Stage1-1-0,0,0,0,0,0,0,0,0
1782950966835,unknown,VM-75,Stage1-2-0,0,0,0,0,0,0,0,0
1782950967746,unknown,VM-74,Stage1-3-0,0,0,0,0,0,0,0,0
1782950967746,unknown,VM-76,Stage2-1-0,0,0,0,0,0,0,0,0
1782950967763,unknown,VM-77,Stage2-0-0,0,0,0,0,0,0,0,0
1782950967808,unknown,VM-78,Stage3-2-0,0,0,0,0,0,0,0,0
1782950967812,unknown,VM-79,Stage3-3-0,0,0,0,0,0,0,0,0
1782950967822,unknown,VM-73,Stage1-1-0,0,0,0,0,0,0,0,0
1782950967835,unknown,VM-75,Stage1-2-0,0,0,0,0,0,0,0,0
1782950968746,unknown,VM-74,Stage1-3-0,0,0,0,0,0,0,0,0
1782950968746,unknown,VM-76,Stage2-1-0,0,0,0,0,0,0,0,0
1782950968763,unknown,VM-77,Stage2-0-0,0,0,0,0,0,0,0,0
1782950968809,unknown,VM-78,Stage3-2-0,0,0,0,0,0,0,0,0
1782950968812,unknown,VM-79,Stage3-3-0,0,0,0,0,0,0,0,0
1782950968823,unknown,VM-73,Stage1-1-0,0,0,0,0,0,0,0,0
1782950968835,unknown,VM-75,Stage1-2-0,0,0,0,0,0,0,0,0
1782950969746,unknown,VM-74,Stage1-3-0,0,0,0,0,0,0,0,0
1782950969746,unknown,VM-76,Stage2-1-0,0,0,0,0,0,0,0,0
1782950969763,unknown,VM-77,Stage2-0-0,0,0,0,0,0,0,0,0
