timestamp,jobId,executorId,taskId,inputReceiveRate,inputRate,outputRate,processingTimeNs,deserTimeNs,inBytes,serializedTimeNs,outBytes
1784155482468,q6-formal-delayed-20260715T224242Z,Executor1,Stage1-2-0,0,0,0,0,0,0,0,0
1784155482468,q6-formal-delayed-20260715T224242Z,Executor1,Stage3-2-0,0,0,0,0,0,0,0,0
1784155483456,q6-formal-delayed-20260715T224242Z,Executor1,Stage1-2-0,0,32,32,68321,27809,4142,2538,3159
1784155483456,q6-formal-delayed-20260715T224242Z,Executor1,Stage2-2-0,0,1,0,162424,544,281,0,0
1784155483456,q6-formal-delayed-20260715T224242Z,Executor1,Stage3-2-0,0,0,0,0,0,0,0,0
1784155484456,q6-formal-delayed-20260715T224242Z,Executor1,Stage1-2-0,0,0,0,0,0,0,0,0
1784155484456,q6-formal-delayed-20260715T224242Z,Executor1,Stage2-2-0,0,0,0,0,401,78,0,0
1784155484456,q6-formal-delayed-20260715T224242Z,Executor1,Stage3-2-0,0,0,0,0,0,0,0,0
1784155485457,q6-formal-delayed-20260715T224242Z,Executor1,Stage1-2-0,0,0,0,0,0,0,0,0
1784155485457,q6-formal-delayed-20260715T224242Z,Executor1,Stage2-2-0,0,0,0,0,0,0,0,0
1784155485457,q6-formal-delayed-20260715T224242Z,Executor1,Stage3-2-0,0,0,0,0,0,0,0,0
1784155486456,q6-formal-delayed-20260715T224242Z,Executor1,Stage1-2-0,0,0,0,0,0,0,0,0
1784155486456,q6-formal-delayed-20260715T224242Z,Executor1,Stage2-2-0,0,0,0,0,0,0,0,0
1784155486456,q6-formal-delayed-20260715T224242Z,Executor1,Stage3-2-0,0,0,0,0,0,0,0,0
1784155487456,q6-formal-delayed-20260715T224242Z,Executor1,Stage1-2-0,0,0,0,0,0,0,0,0
1784155487456,q6-formal-delayed-20260715T224242Z,Executor1,Stage2-2-0,0,0,0,0,0,0,0,0
1784155487456,q6-formal-delayed-20260715T224242Z,Executor1,Stage3-2-0,0,0,0,0,0,0,0,0
1784155488456,q6-formal-delayed-20260715T224242Z,Executor1,Stage1-2-0,0,0,0,0,0,0,0,0
1784155488456,q6-formal-delayed-20260715T224242Z,Executor1,Stage2-2-0,0,0,0,0,0,0,0,0
1784155488456,q6-formal-delayed-20260715T224242Z,Executor1,Stage3-2-0,0,0,0,0,0,0,0,0
1784155489456,q6-formal-delayed-20260715T224242Z,Executor1,Stage1-2-0,0,0,0,0,0,0,0,0
1784155489456,q6-formal-delayed-20260715T224242Z,Executor1,Stage2-2-0,0,0,0,0,0,0,0,0
1784155489456,q6-formal-delayed-20260715T224242Z,Executor1,Stage3-2-0,0,0,0,0,0,0,0,0
1784155490456,q6-formal-delayed-20260715T224242Z,Executor1,Stage1-2-0,0,0,0,0,0,0,0,0
1784155490456,q6-formal-delayed-20260715T224242Z,Executor1,Stage2-2-0,0,0,0,0,0,0,0,0
1784155490456,q6-formal-delayed-20260715T224242Z,Executor1,Stage3-2-0,0,0,0,0,0,0,0,0
1784155491456,q6-formal-delayed-20260715T224242Z,Executor1,Stage1-2-0,0,0,0,0,0,0,0,0
1784155491456,q6-formal-delayed-20260715T224242Z,Executor1,Stage2-2-0,0,0,0,0,0,0,0,0
1784155491456,q6-formal-delayed-20260715T224242Z,Executor1,Stage3-2-0,0,0,0,0,0,0,0,0
1784155492456,q6-formal-delayed-20260715T224242Z,Executor1,Stage1-2-0,0,0,0,0,0,0,0,0
1784155492456,q6-formal-delayed-20260715T224242Z,Executor1,Stage2-2-0,0,0,0,0,0,0,0,0
1784155492456,q6-formal-delayed-20260715T224242Z,Executor1,Stage3-2-0,0,0,0,0,0,0,0,0
1784155493455,q6-formal-delayed-20260715T224242Z,Executor1,Stage1-2-0,0,0,0,0,0,0,0,0
1784155493455,q6-formal-delayed-20260715T224242Z,Executor1,Stage2-2-0,0,0,0,0,0,0,0,0
1784155493455,q6-formal-delayed-20260715T224242Z,Executor1,Stage3-2-0,0,0,0,0,0,0,0,0
1784155494455,q6-formal-delayed-20260715T224242Z,Executor1,Stage1-2-0,0,0,0,0,0,0,0,0
1784155494455,q6-formal-delayed-20260715T224242Z,Executor1,Stage2-2-0,0,0,0,0,0,0,0,0
1784155494455,q6-formal-delayed-20260715T224242Z,Executor1,Stage3-2-0,0,0,0,0,0,0,0,0
1784155495455,q6-formal-delayed-20260715T224242Z,Executor1,Stage1-2-0,0,0,0,0,0,0,0,0
1784155495455,q6-formal-delayed-20260715T224242Z,Executor1,Stage2-2-0,0,0,0,0,0,0,0,0
1784155495455,q6-formal-delayed-20260715T224242Z,Executor1,Stage3-2-0,0,0,0,0,0,0,0,0
1784155496455,q6-formal-delayed-20260715T224242Z,Executor1,Stage1-2-0,0,0,0,0,0,0,0,0
1784155496455,q6-formal-delayed-20260715T224242Z,Executor1,Stage2-2-0,0,0,0,0,0,0,0,0
1784155496455,q6-formal-delayed-20260715T224242Z,Executor1,Stage3-2-0,0,0,0,0,0,0,0,0
1784155497455,q6-formal-delayed-20260715T224242Z,Executor1,Stage1-2-0,0,0,0,0,0,0,0,0
1784155497455,q6-formal-delayed-20260715T224242Z,Executor1,Stage2-2-0,0,0,0,0,0,0,0,0
1784155497455,q6-formal-delayed-20260715T224242Z,Executor1,Stage3-2-0,0,0,0,0,0,0,0,0
1784155498455,q6-formal-delayed-20260715T224242Z,Executor1,Stage1-2-0,0,0,0,0,0,0,0,0
1784155498455,q6-formal-delayed-20260715T224242Z,Executor1,Stage2-2-0,0,0,0,0,0,0,0,0
1784155498455,q6-formal-delayed-20260715T224242Z,Executor1,Stage3-2-0,0,0,0,0,0,0,0,0
1784155499455,q6-formal-delayed-20260715T224242Z,Executor1,Stage1-2-0,0,0,0,0,0,0,0,0
1784155499455,q6-formal-delayed-20260715T224242Z,Executor1,Stage2-2-0,0,0,0,0,0,0,0,0
1784155499455,q6-formal-delayed-20260715T224242Z,Executor1,Stage3-2-0,0,0,0,0,0,0,0,0
1784155500455,q6-formal-delayed-20260715T224242Z,Executor1,Stage1-2-0,0,0,0,0,0,0,0,0
1784155500455,q6-formal-delayed-20260715T224242Z,Executor1,Stage2-2-0,0,0,0,0,0,0,0,0
1784155500455,q6-formal-delayed-20260715T224242Z,Executor1,Stage3-2-0,0,0,0,0,0,0,0,0
1784155501455,q6-formal-delayed-20260715T224242Z,Executor1,Stage1-2-0,0,0,0,0,0,0,0,0
1784155501455,q6-formal-delayed-20260715T224242Z,Executor1,Stage2-2-0,0,0,0,0,0,0,0,0
1784155501455,q6-formal-delayed-20260715T224242Z,Executor1,Stage3-2-0,0,0,0,0,0,0,0,0
1784155502455,q6-formal-delayed-20260715T224242Z,Executor1,Stage1-2-0,0,0,0,0,0,0,0,0
1784155502455,q6-formal-delayed-20260715T224242Z,Executor1,Stage2-2-0,0,0,0,0,0,0,0,0
1784155502455,q6-formal-delayed-20260715T224242Z,Executor1,Stage3-2-0,0,0,0,0,0,0,0,0
1784155503455,q6-formal-delayed-20260715T224242Z,Executor1,Stage1-2-0,0,0,0,0,0,0,0,0
1784155503455,q6-formal-delayed-20260715T224242Z,Executor1,Stage2-2-0,0,0,0,0,0,0,0,0
1784155503455,q6-formal-delayed-20260715T224242Z,Executor1,Stage3-2-0,0,0,0,0,0,0,0,0
1784155504455,q6-formal-delayed-20260715T224242Z,Executor1,Stage1-2-0,0,0,0,0,0,0,0,0
1784155504455,q6-formal-delayed-20260715T224242Z,Executor1,Stage2-2-0,0,0,0,0,0,0,0,0
1784155504455,q6-formal-delayed-20260715T224242Z,Executor1,Stage3-2-0,0,0,0,0,0,0,0,0
1784155505455,q6-formal-delayed-20260715T224242Z,Executor1,Stage1-2-0,0,0,0,0,0,0,0,0
1784155505455,q6-formal-delayed-20260715T224242Z,Executor1,Stage2-2-0,0,0,0,0,0,0,0,0
1784155505455,q6-formal-delayed-20260715T224242Z,Executor1,Stage3-2-0,0,0,0,0,0,0,0,0
1784155506455,q6-formal-delayed-20260715T224242Z,Executor1,Stage1-2-0,0,0,0,0,0,0,0,0
1784155506455,q6-formal-delayed-20260715T224242Z,Executor1,Stage2-2-0,0,0,0,0,0,0,0,0
1784155506455,q6-formal-delayed-20260715T224242Z,Executor1,Stage3-2-0,0,0,0,0,0,0,0,0
1784155507455,q6-formal-delayed-20260715T224242Z,Executor1,Stage1-2-0,0,0,0,0,0,0,0,0
1784155507455,q6-formal-delayed-20260715T224242Z,Executor1,Stage2-2-0,0,0,0,0,0,0,0,0
1784155507455,q6-formal-delayed-20260715T224242Z,Executor1,Stage3-2-0,0,0,0,0,0,0,0,0
1784155508455,q6-formal-delayed-20260715T224242Z,Executor1,Stage1-2-0,0,0,0,0,0,0,0,0
1784155508455,q6-formal-delayed-20260715T224242Z,Executor1,Stage2-2-0,0,0,0,0,0,0,0,0
1784155508455,q6-formal-delayed-20260715T224242Z,Executor1,Stage3-2-0,0,0,0,0,0,0,0,0
1784155509455,q6-formal-delayed-20260715T224242Z,Executor1,Stage1-2-0,0,0,0,0,0,0,0,0
1784155509455,q6-formal-delayed-20260715T224242Z,Executor1,Stage2-2-0,0,0,0,0,0,0,0,0
1784155509455,q6-formal-delayed-20260715T224242Z,Executor1,Stage3-2-0,0,0,0,0,0,0,0,0
1784155510455,q6-formal-delayed-20260715T224242Z,Executor1,Stage1-2-0,0,0,0,0,0,0,0,0
1784155510455,q6-formal-delayed-20260715T224242Z,Executor1,Stage2-2-0,0,0,0,0,0,0,0,0
1784155510455,q6-formal-delayed-20260715T224242Z,Executor1,Stage3-2-0,0,0,0,0,0,0,0,0
1784155511455,q6-formal-delayed-20260715T224242Z,Executor1,Stage1-2-0,0,0,0,0,0,0,0,0
1784155511455,q6-formal-delayed-20260715T224242Z,Executor1,Stage2-2-0,0,0,0,0,0,0,0,0
1784155511455,q6-formal-delayed-20260715T224242Z,Executor1,Stage3-2-0,0,0,0,0,0,0,0,0
1784155512455,q6-formal-delayed-20260715T224242Z,Executor1,Stage1-2-0,0,0,0,0,0,0,0,0
1784155512455,q6-formal-delayed-20260715T224242Z,Executor1,Stage2-2-0,0,0,0,0,0,0,0,0
1784155512455,q6-formal-delayed-20260715T224242Z,Executor1,Stage3-2-0,0,0,0,0,0,0,0,0
1784155513455,q6-formal-delayed-20260715T224242Z,Executor1,Stage1-2-0,0,0,0,0,0,0,0,0
1784155513455,q6-formal-delayed-20260715T224242Z,Executor1,Stage2-2-0,0,0,0,0,0,0,0,0
1784155513455,q6-formal-delayed-20260715T224242Z,Executor1,Stage3-2-0,0,0,0,0,0,0,0,0
1784155514455,q6-formal-delayed-20260715T224242Z,Executor1,Stage1-2-0,0,0,0,0,0,0,0,0
1784155514455,q6-formal-delayed-20260715T224242Z,Executor1,Stage2-2-0,0,0,0,0,0,0,0,0
1784155514455,q6-formal-delayed-20260715T224242Z,Executor1,Stage3-2-0,0,0,0,0,0,0,0,0
1784155515455,q6-formal-delayed-20260715T224242Z,Executor1,Stage1-2-0,0,0,0,0,0,0,0,0
1784155515455,q6-formal-delayed-20260715T224242Z,Executor1,Stage2-2-0,0,0,0,0,0,0,0,0
1784155515455,q6-formal-delayed-20260715T224242Z,Executor1,Stage3-2-0,0,0,0,0,0,0,0,0
1784155516455,q6-formal-delayed-20260715T224242Z,Executor1,Stage1-2-0,0,0,0,0,0,0,0,0
1784155516455,q6-formal-delayed-20260715T224242Z,Executor1,Stage2-2-0,0,0,0,0,0,0,0,0
1784155516455,q6-formal-delayed-20260715T224242Z,Executor1,Stage3-2-0,0,0,0,0,0,0,0,0
1784155517455,q6-formal-delayed-20260715T224242Z,Executor1,Stage1-2-0,0,0,0,0,0,0,0,0
1784155517455,q6-formal-delayed-20260715T224242Z,Executor1,Stage2-2-0,0,0,0,0,0,0,0,0
1784155517455,q6-formal-delayed-20260715T224242Z,Executor1,Stage3-2-0,0,0,0,0,0,0,0,0
1784155518455,q6-formal-delayed-20260715T224242Z,Executor1,Stage1-2-0,0,0,0,0,0,0,0,0
1784155518455,q6-formal-delayed-20260715T224242Z,Executor1,Stage2-2-0,0,0,0,0,0,0,0,0
1784155518455,q6-formal-delayed-20260715T224242Z,Executor1,Stage3-2-0,0,0,0,0,0,0,0,0
1784155519455,q6-formal-delayed-20260715T224242Z,Executor1,Stage1-2-0,0,0,0,0,0,0,0,0
1784155519455,q6-formal-delayed-20260715T224242Z,Executor1,Stage2-2-0,0,0,0,0,0,0,0,0
1784155519455,q6-formal-delayed-20260715T224242Z,Executor1,Stage3-2-0,0,0,0,0,0,0,0,0
1784155520455,q6-formal-delayed-20260715T224242Z,Executor1,Stage1-2-0,0,0,0,0,0,0,0,0
1784155520455,q6-formal-delayed-20260715T224242Z,Executor1,Stage2-2-0,0,0,0,0,0,0,0,0
1784155520455,q6-formal-delayed-20260715T224242Z,Executor1,Stage3-2-0,0,0,0,0,0,0,0,0
1784155521455,q6-formal-delayed-20260715T224242Z,Executor1,Stage1-2-0,0,0,0,0,0,0,0,0
1784155521455,q6-formal-delayed-20260715T224242Z,Executor1,Stage2-2-0,0,0,0,0,0,0,0,0
1784155521455,q6-formal-delayed-20260715T224242Z,Executor1,Stage3-2-0,0,0,0,0,0,0,0,0
1784155522455,q6-formal-delayed-20260715T224242Z,Executor1,Stage1-2-0,0,0,0,0,0,0,0,0
1784155522455,q6-formal-delayed-20260715T224242Z,Executor1,Stage2-2-0,0,0,0,0,0,0,0,0
1784155522455,q6-formal-delayed-20260715T224242Z,Executor1,Stage3-2-0,0,0,0,0,0,0,0,0
1784155523455,q6-formal-delayed-20260715T224242Z,Executor1,Stage1-2-0,0,0,0,0,0,0,0,0
1784155523455,q6-formal-delayed-20260715T224242Z,Executor1,Stage2-2-0,0,0,0,0,0,0,0,0
1784155523455,q6-formal-delayed-20260715T224242Z,Executor1,Stage3-2-0,0,0,0,0,0,0,0,0
1784155524455,q6-formal-delayed-20260715T224242Z,Executor1,Stage1-2-0,0,0,0,0,0,0,0,0
1784155524455,q6-formal-delayed-20260715T224242Z,Executor1,Stage2-2-0,0,0,0,0,0,0,0,0
1784155524455,q6-formal-delayed-20260715T224242Z,Executor1,Stage3-2-0,0,0,0,0,0,0,0,0
1784155525455,q6-formal-delayed-20260715T224242Z,Executor1,Stage1-2-0,0,0,0,0,0,0,0,0
1784155525455,q6-formal-delayed-20260715T224242Z,Executor1,Stage2-2-0,0,0,0,0,0,0,0,0
1784155525455,q6-formal-delayed-20260715T224242Z,Executor1,Stage3-2-0,0,0,0,0,0,0,0,0
1784155526455,q6-formal-delayed-20260715T224242Z,Executor1,Stage1-2-0,0,0,0,0,0,0,0,0
1784155526455,q6-formal-delayed-20260715T224242Z,Executor1,Stage2-2-0,0,0,0,0,0,0,0,0
1784155526455,q6-formal-delayed-20260715T224242Z,Executor1,Stage3-2-0,0,0,0,0,0,0,0,0
1784155527455,q6-formal-delayed-20260715T224242Z,Executor1,Stage1-2-0,0,0,0,0,0,0,0,0
1784155527455,q6-formal-delayed-20260715T224242Z,Executor1,Stage2-2-0,0,0,0,0,0,0,0,0
1784155527455,q6-formal-delayed-20260715T224242Z,Executor1,Stage3-2-0,0,0,0,0,0,0,0,0
1784155528455,q6-formal-delayed-20260715T224242Z,Executor1,Stage1-2-0,0,0,0,0,0,0,0,0
1784155528455,q6-formal-delayed-20260715T224242Z,Executor1,Stage2-2-0,0,0,0,0,0,0,0,0
1784155528455,q6-formal-delayed-20260715T224242Z,Executor1,Stage3-2-0,0,0,0,0,0,0,0,0
1784155529455,q6-formal-delayed-20260715T224242Z,Executor1,Stage1-2-0,0,0,0,0,0,0,0,0
1784155529455,q6-formal-delayed-20260715T224242Z,Executor1,Stage2-2-0,0,0,0,0,0,0,0,0
1784155529455,q6-formal-delayed-20260715T224242Z,Executor1,Stage3-2-0,0,0,0,0,0,0,0,0
1784155530455,q6-formal-delayed-20260715T224242Z,Executor1,Stage1-2-0,0,0,0,0,0,0,0,0
1784155530455,q6-formal-delayed-20260715T224242Z,Executor1,Stage2-2-0,0,0,0,0,0,0,0,0
1784155530455,q6-formal-delayed-20260715T224242Z,Executor1,Stage3-2-0,0,0,0,0,0,0,0,0
1784155531455,q6-formal-delayed-20260715T224242Z,Executor1,Stage1-2-0,0,0,0,0,0,0,0,0
1784155531455,q6-formal-delayed-20260715T224242Z,Executor1,Stage2-2-0,0,0,0,0,0,0,0,0
1784155531455,q6-formal-delayed-20260715T224242Z,Executor1,Stage3-2-0,0,0,0,0,0,0,0,0
1784155532455,q6-formal-delayed-20260715T224242Z,Executor1,Stage1-2-0,0,0,0,0,0,0,0,0
1784155532455,q6-formal-delayed-20260715T224242Z,Executor1,Stage2-2-0,0,0,0,0,0,0,0,0
1784155532455,q6-formal-delayed-20260715T224242Z,Executor1,Stage3-2-0,0,0,0,0,0,0,0,0
1784155533455,q6-formal-delayed-20260715T224242Z,Executor1,Stage1-2-0,0,0,0,0,0,0,0,0
1784155533455,q6-formal-delayed-20260715T224242Z,Executor1,Stage2-2-0,0,0,0,0,0,0,0,0
1784155533455,q6-formal-delayed-20260715T224242Z,Executor1,Stage3-2-0,0,0,0,0,0,0,0,0
1784155534455,q6-formal-delayed-20260715T224242Z,Executor1,Stage1-2-0,0,0,0,0,0,0,0,0
1784155534455,q6-formal-delayed-20260715T224242Z,Executor1,Stage2-2-0,0,0,0,0,0,0,0,0
1784155534455,q6-formal-delayed-20260715T224242Z,Executor1,Stage3-2-0,0,0,0,0,0,0,0,0
1784155535455,q6-formal-delayed-20260715T224242Z,Executor1,Stage1-2-0,0,0,0,0,0,0,0,0
1784155535455,q6-formal-delayed-20260715T224242Z,Executor1,Stage2-2-0,0,0,0,0,0,0,0,0
1784155535455,q6-formal-delayed-20260715T224242Z,Executor1,Stage3-2-0,0,0,0,0,0,0,0,0
1784155536455,q6-formal-delayed-20260715T224242Z,Executor1,Stage1-2-0,0,0,0,0,0,0,0,0
1784155536455,q6-formal-delayed-20260715T224242Z,Executor1,Stage2-2-0,0,0,0,0,0,0,0,0
1784155536455,q6-formal-delayed-20260715T224242Z,Executor1,Stage3-2-0,0,0,0,0,0,0,0,0
1784155537455,q6-formal-delayed-20260715T224242Z,Executor1,Stage1-2-0,0,0,0,0,0,0,0,0
1784155537455,q6-formal-delayed-20260715T224242Z,Executor1,Stage2-2-0,0,0,0,0,0,0,0,0
1784155537455,q6-formal-delayed-20260715T224242Z,Executor1,Stage3-2-0,0,0,0,0,0,0,0,0
1784155538455,q6-formal-delayed-20260715T224242Z,Executor1,Stage1-2-0,0,0,0,0,0,0,0,0
1784155538455,q6-formal-delayed-20260715T224242Z,Executor1,Stage2-2-0,0,0,0,0,0,0,0,0
1784155538455,q6-formal-delayed-20260715T224242Z,Executor1,Stage3-2-0,0,0,0,0,0,0,0,0
1784155539455,q6-formal-delayed-20260715T224242Z,Executor1,Stage1-2-0,0,0,0,0,0,0,0,0
1784155539455,q6-formal-delayed-20260715T224242Z,Executor1,Stage2-2-0,0,0,0,0,0,0,0,0
1784155539455,q6-formal-delayed-20260715T224242Z,Executor1,Stage3-2-0,0,0,0,0,0,0,0,0
1784155540455,q6-formal-delayed-20260715T224242Z,Executor1,Stage1-2-0,0,0,0,0,0,0,0,0
1784155540455,q6-formal-delayed-20260715T224242Z,Executor1,Stage2-2-0,0,0,0,0,0,0,0,0
1784155540455,q6-formal-delayed-20260715T224242Z,Executor1,Stage3-2-0,0,0,0,0,0,0,0,0
1784155541455,q6-formal-delayed-20260715T224242Z,Executor1,Stage1-2-0,0,0,0,0,0,0,0,0
1784155541455,q6-formal-delayed-20260715T224242Z,Executor1,Stage2-2-0,0,0,0,0,0,0,0,0
1784155541455,q6-formal-delayed-20260715T224242Z,Executor1,Stage3-2-0,0,0,0,0,0,0,0,0
1784155542455,q6-formal-delayed-20260715T224242Z,Executor1,Stage1-2-0,0,0,0,0,0,0,0,0
1784155542455,q6-formal-delayed-20260715T224242Z,Executor1,Stage2-2-0,0,0,0,0,0,0,0,0
1784155542455,q6-formal-delayed-20260715T224242Z,Executor1,Stage3-2-0,0,0,0,0,0,0,0,0
1784155543455,q6-formal-delayed-20260715T224242Z,Executor1,Stage1-2-0,0,0,0,0,0,0,0,0
1784155543455,q6-formal-delayed-20260715T224242Z,Executor1,Stage2-2-0,0,0,0,0,0,0,0,0
1784155543455,q6-formal-delayed-20260715T224242Z,Executor1,Stage3-2-0,0,0,0,0,0,0,0,0
1784155544455,q6-formal-delayed-20260715T224242Z,Executor1,Stage1-2-0,0,0,0,0,0,0,0,0
1784155544455,q6-formal-delayed-20260715T224242Z,Executor1,Stage2-2-0,0,0,0,0,0,0,0,0
1784155544455,q6-formal-delayed-20260715T224242Z,Executor1,Stage3-2-0,0,0,0,0,0,0,0,0
1784155545455,q6-formal-delayed-20260715T224242Z,Executor1,Stage1-2-0,0,0,0,0,0,0,0,0
1784155545455,q6-formal-delayed-20260715T224242Z,Executor1,Stage2-2-0,0,0,0,0,0,0,0,0
1784155545455,q6-formal-delayed-20260715T224242Z,Executor1,Stage3-2-0,0,0,0,0,0,0,0,0
1784155546455,q6-formal-delayed-20260715T224242Z,Executor1,Stage1-2-0,0,0,0,0,0,0,0,0
1784155546455,q6-formal-delayed-20260715T224242Z,Executor1,Stage2-2-0,0,0,0,0,0,0,0,0
1784155546455,q6-formal-delayed-20260715T224242Z,Executor1,Stage3-2-0,0,0,0,0,0,0,0,0
1784155547455,q6-formal-delayed-20260715T224242Z,Executor1,Stage1-2-0,0,0,0,0,0,0,0,0
1784155547455,q6-formal-delayed-20260715T224242Z,Executor1,Stage2-2-0,0,0,0,0,0,0,0,0
1784155547455,q6-formal-delayed-20260715T224242Z,Executor1,Stage3-2-0,0,0,0,0,0,0,0,0
1784155548455,q6-formal-delayed-20260715T224242Z,Executor1,Stage1-2-0,0,0,0,0,0,0,0,0
1784155548455,q6-formal-delayed-20260715T224242Z,Executor1,Stage2-2-0,0,0,0,0,0,0,0,0
1784155548455,q6-formal-delayed-20260715T224242Z,Executor1,Stage3-2-0,0,0,0,0,0,0,0,0
1784155549455,q6-formal-delayed-20260715T224242Z,Executor1,Stage1-2-0,0,0,0,0,0,0,0,0
1784155549455,q6-formal-delayed-20260715T224242Z,Executor1,Stage2-2-0,0,0,0,0,0,0,0,0
1784155549455,q6-formal-delayed-20260715T224242Z,Executor1,Stage3-2-0,0,0,0,0,0,0,0,0
1784155550455,q6-formal-delayed-20260715T224242Z,Executor1,Stage1-2-0,0,0,0,0,0,0,0,0
1784155550455,q6-formal-delayed-20260715T224242Z,Executor1,Stage2-2-0,0,0,0,0,0,0,0,0
1784155550455,q6-formal-delayed-20260715T224242Z,Executor1,Stage3-2-0,0,0,0,0,0,0,0,0
1784155551455,q6-formal-delayed-20260715T224242Z,Executor1,Stage1-2-0,0,0,0,0,0,0,0,0
1784155551455,q6-formal-delayed-20260715T224242Z,Executor1,Stage2-2-0,0,0,0,0,0,0,0,0
1784155551455,q6-formal-delayed-20260715T224242Z,Executor1,Stage3-2-0,0,0,0,0,0,0,0,0
1784155552455,q6-formal-delayed-20260715T224242Z,Executor1,Stage1-2-0,0,0,0,0,0,0,0,0
1784155552455,q6-formal-delayed-20260715T224242Z,Executor1,Stage2-2-0,0,0,0,0,0,0,0,0
1784155552455,q6-formal-delayed-20260715T224242Z,Executor1,Stage3-2-0,0,0,0,0,0,0,0,0
1784155553455,q6-formal-delayed-20260715T224242Z,Executor1,Stage1-2-0,0,0,0,0,0,0,0,0
1784155553455,q6-formal-delayed-20260715T224242Z,Executor1,Stage2-2-0,0,0,0,0,0,0,0,0
1784155553455,q6-formal-delayed-20260715T224242Z,Executor1,Stage3-2-0,0,0,0,0,0,0,0,0
1784155554455,q6-formal-delayed-20260715T224242Z,Executor1,Stage1-2-0,0,0,0,0,0,0,0,0
1784155554455,q6-formal-delayed-20260715T224242Z,Executor1,Stage2-2-0,0,0,0,0,0,0,0,0
1784155554455,q6-formal-delayed-20260715T224242Z,Executor1,Stage3-2-0,0,0,0,0,0,0,0,0
1784155555455,q6-formal-delayed-20260715T224242Z,Executor1,Stage1-2-0,0,0,0,0,0,0,0,0
1784155555455,q6-formal-delayed-20260715T224242Z,Executor1,Stage2-2-0,0,0,0,0,0,0,0,0
1784155555455,q6-formal-delayed-20260715T224242Z,Executor1,Stage3-2-0,0,0,0,0,0,0,0,0
1784155556455,q6-formal-delayed-20260715T224242Z,Executor1,Stage1-2-0,0,0,0,0,0,0,0,0
1784155556455,q6-formal-delayed-20260715T224242Z,Executor1,Stage2-2-0,0,0,0,0,0,0,0,0
1784155556455,q6-formal-delayed-20260715T224242Z,Executor1,Stage3-2-0,0,0,0,0,0,0,0,0
1784155557455,q6-formal-delayed-20260715T224242Z,Executor1,Stage1-2-0,0,0,0,0,0,0,0,0
1784155557455,q6-formal-delayed-20260715T224242Z,Executor1,Stage2-2-0,0,0,0,0,0,0,0,0
1784155557455,q6-formal-delayed-20260715T224242Z,Executor1,Stage3-2-0,0,0,0,0,0,0,0,0
1784155558455,q6-formal-delayed-20260715T224242Z,Executor1,Stage1-2-0,0,0,0,0,0,0,0,0
1784155558455,q6-formal-delayed-20260715T224242Z,Executor1,Stage2-2-0,0,0,0,0,0,0,0,0
1784155558455,q6-formal-delayed-20260715T224242Z,Executor1,Stage3-2-0,0,0,0,0,0,0,0,0
1784155559455,q6-formal-delayed-20260715T224242Z,Executor1,Stage1-2-0,0,0,0,0,0,0,0,0
1784155559455,q6-formal-delayed-20260715T224242Z,Executor1,Stage2-2-0,0,0,0,0,0,0,0,0
1784155559455,q6-formal-delayed-20260715T224242Z,Executor1,Stage3-2-0,0,0,0,0,0,0,0,0
1784155560455,q6-formal-delayed-20260715T224242Z,Executor1,Stage1-2-0,0,0,0,0,0,0,0,0
1784155560455,q6-formal-delayed-20260715T224242Z,Executor1,Stage2-2-0,0,0,0,0,0,0,0,0
1784155560455,q6-formal-delayed-20260715T224242Z,Executor1,Stage3-2-0,0,0,0,0,0,0,0,0
1784155561455,q6-formal-delayed-20260715T224242Z,Executor1,Stage1-2-0,0,0,0,0,0,0,0,0
1784155561455,q6-formal-delayed-20260715T224242Z,Executor1,Stage2-2-0,0,0,0,0,0,0,0,0
1784155561455,q6-formal-delayed-20260715T224242Z,Executor1,Stage3-2-0,0,0,0,0,0,0,0,0
1784155562455,q6-formal-delayed-20260715T224242Z,Executor1,Stage1-2-0,0,0,0,0,0,0,0,0
1784155562455,q6-formal-delayed-20260715T224242Z,Executor1,Stage2-2-0,0,0,0,0,0,0,0,0
1784155562455,q6-formal-delayed-20260715T224242Z,Executor1,Stage3-2-0,0,0,0,0,0,0,0,0
1784155563455,q6-formal-delayed-20260715T224242Z,Executor1,Stage1-2-0,0,0,0,0,0,0,0,0
1784155563455,q6-formal-delayed-20260715T224242Z,Executor1,Stage2-2-0,0,0,0,0,0,0,0,0
1784155563455,q6-formal-delayed-20260715T224242Z,Executor1,Stage3-2-0,0,0,0,0,0,0,0,0
1784155564455,q6-formal-delayed-20260715T224242Z,Executor1,Stage1-2-0,0,0,0,0,0,0,0,0
1784155564455,q6-formal-delayed-20260715T224242Z,Executor1,Stage2-2-0,0,0,0,0,0,0,0,0
1784155564455,q6-formal-delayed-20260715T224242Z,Executor1,Stage3-2-0,0,0,0,0,0,0,0,0
1784155565455,q6-formal-delayed-20260715T224242Z,Executor1,Stage1-2-0,0,0,0,0,0,0,0,0
1784155565455,q6-formal-delayed-20260715T224242Z,Executor1,Stage2-2-0,0,0,0,0,0,0,0,0
1784155565455,q6-formal-delayed-20260715T224242Z,Executor1,Stage3-2-0,0,0,0,0,0,0,0,0
1784155566455,q6-formal-delayed-20260715T224242Z,Executor1,Stage1-2-0,0,0,0,0,0,0,0,0
1784155566455,q6-formal-delayed-20260715T224242Z,Executor1,Stage2-2-0,0,0,0,0,0,0,0,0
1784155566455,q6-formal-delayed-20260715T224242Z,Executor1,Stage3-2-0,0,0,0,0,0,0,0,0
1784155567455,q6-formal-delayed-20260715T224242Z,Executor1,Stage1-2-0,0,0,0,0,0,0,0,0
1784155567455,q6-formal-delayed-20260715T224242Z,Executor1,Stage2-2-0,0,0,0,0,0,0,0,0
1784155567455,q6-formal-delayed-20260715T224242Z,Executor1,Stage3-2-0,0,0,0,0,0,0,0,0
1784155568455,q6-formal-delayed-20260715T224242Z,Executor1,Stage1-2-0,0,0,0,0,0,0,0,0
1784155568455,q6-formal-delayed-20260715T224242Z,Executor1,Stage2-2-0,0,0,0,0,0,0,0,0
1784155568455,q6-formal-delayed-20260715T224242Z,Executor1,Stage3-2-0,0,0,0,0,0,0,0,0
1784155569455,q6-formal-delayed-20260715T224242Z,Executor1,Stage1-2-0,0,0,0,0,0,0,0,0
1784155569455,q6-formal-delayed-20260715T224242Z,Executor1,Stage2-2-0,0,0,0,0,0,0,0,0
1784155569455,q6-formal-delayed-20260715T224242Z,Executor1,Stage3-2-0,0,0,0,0,0,0,0,0
1784155570455,q6-formal-delayed-20260715T224242Z,Executor1,Stage1-2-0,0,0,0,0,0,0,0,0
1784155570455,q6-formal-delayed-20260715T224242Z,Executor1,Stage2-2-0,0,0,0,0,0,0,0,0
1784155570455,q6-formal-delayed-20260715T224242Z,Executor1,Stage3-2-0,0,0,0,0,0,0,0,0
1784155571455,q6-formal-delayed-20260715T224242Z,Executor1,Stage1-2-0,0,0,0,0,0,0,0,0
1784155571455,q6-formal-delayed-20260715T224242Z,Executor1,Stage2-2-0,0,0,0,0,0,0,0,0
1784155571455,q6-formal-delayed-20260715T224242Z,Executor1,Stage3-2-0,0,0,0,0,0,0,0,0
1784155572455,q6-formal-delayed-20260715T224242Z,Executor1,Stage1-2-0,0,0,0,0,0,0,0,0
1784155572455,q6-formal-delayed-20260715T224242Z,Executor1,Stage2-2-0,0,0,0,0,0,0,0,0
1784155572455,q6-formal-delayed-20260715T224242Z,Executor1,Stage3-2-0,0,0,0,0,0,0,0,0
1784155573455,q6-formal-delayed-20260715T224242Z,Executor1,Stage1-2-0,0,0,0,0,0,0,0,0
1784155573455,q6-formal-delayed-20260715T224242Z,Executor1,Stage2-2-0,0,0,0,0,0,0,0,0
1784155573455,q6-formal-delayed-20260715T224242Z,Executor1,Stage3-2-0,0,0,0,0,0,0,0,0
1784155574455,q6-formal-delayed-20260715T224242Z,Executor1,Stage1-2-0,0,0,0,0,0,0,0,0
1784155574455,q6-formal-delayed-20260715T224242Z,Executor1,Stage2-2-0,0,0,0,0,0,0,0,0
1784155574455,q6-formal-delayed-20260715T224242Z,Executor1,Stage3-2-0,0,0,0,0,0,0,0,0
1784155575455,q6-formal-delayed-20260715T224242Z,Executor1,Stage1-2-0,0,0,0,0,0,0,0,0
1784155575455,q6-formal-delayed-20260715T224242Z,Executor1,Stage2-2-0,0,0,0,0,0,0,0,0
1784155575455,q6-formal-delayed-20260715T224242Z,Executor1,Stage3-2-0,0,0,0,0,0,0,0,0
1784155576455,q6-formal-delayed-20260715T224242Z,Executor1,Stage1-2-0,0,0,0,0,0,0,0,0
1784155576455,q6-formal-delayed-20260715T224242Z,Executor1,Stage2-2-0,0,0,0,0,0,0,0,0
1784155576455,q6-formal-delayed-20260715T224242Z,Executor1,Stage3-2-0,0,0,0,0,0,0,0,0
1784155577455,q6-formal-delayed-20260715T224242Z,Executor1,Stage1-2-0,0,0,0,0,0,0,0,0
1784155577455,q6-formal-delayed-20260715T224242Z,Executor1,Stage2-2-0,0,0,0,0,0,0,0,0
1784155577455,q6-formal-delayed-20260715T224242Z,Executor1,Stage3-2-0,0,0,0,0,0,0,0,0
1784155578455,q6-formal-delayed-20260715T224242Z,Executor1,Stage1-2-0,0,0,0,0,0,0,0,0
1784155578455,q6-formal-delayed-20260715T224242Z,Executor1,Stage2-2-0,0,0,0,0,0,0,0,0
1784155578455,q6-formal-delayed-20260715T224242Z,Executor1,Stage3-2-0,0,0,0,0,0,0,0,0
1784155579455,q6-formal-delayed-20260715T224242Z,Executor1,Stage1-2-0,0,0,0,0,0,0,0,0
1784155579455,q6-formal-delayed-20260715T224242Z,Executor1,Stage2-2-0,0,0,0,0,0,0,0,0
1784155579455,q6-formal-delayed-20260715T224242Z,Executor1,Stage3-2-0,0,0,0,0,0,0,0,0
1784155580455,q6-formal-delayed-20260715T224242Z,Executor1,Stage1-2-0,0,0,0,0,0,0,0,0
1784155580455,q6-formal-delayed-20260715T224242Z,Executor1,Stage2-2-0,0,0,0,0,0,0,0,0
1784155580455,q6-formal-delayed-20260715T224242Z,Executor1,Stage3-2-0,0,0,0,0,0,0,0,0
1784155581455,q6-formal-delayed-20260715T224242Z,Executor1,Stage1-2-0,0,0,0,0,0,0,0,0
1784155581455,q6-formal-delayed-20260715T224242Z,Executor1,Stage2-2-0,0,0,0,0,0,0,0,0
1784155581455,q6-formal-delayed-20260715T224242Z,Executor1,Stage3-2-0,0,0,0,0,0,0,0,0
1784155582455,q6-formal-delayed-20260715T224242Z,Executor1,Stage1-2-0,0,0,0,0,0,0,0,0
1784155582455,q6-formal-delayed-20260715T224242Z,Executor1,Stage2-2-0,0,0,0,0,0,0,0,0
1784155582455,q6-formal-delayed-20260715T224242Z,Executor1,Stage3-2-0,0,0,0,0,0,0,0,0
1784155583455,q6-formal-delayed-20260715T224242Z,Executor1,Stage1-2-0,0,0,0,0,0,0,0,0
1784155583455,q6-formal-delayed-20260715T224242Z,Executor1,Stage2-2-0,0,0,0,0,0,0,0,0
1784155583455,q6-formal-delayed-20260715T224242Z,Executor1,Stage3-2-0,0,0,0,0,0,0,0,0
1784155584455,q6-formal-delayed-20260715T224242Z,Executor1,Stage1-2-0,0,0,0,0,0,0,0,0
1784155584455,q6-formal-delayed-20260715T224242Z,Executor1,Stage2-2-0,0,0,0,0,0,0,0,0
1784155584455,q6-formal-delayed-20260715T224242Z,Executor1,Stage3-2-0,0,0,0,0,0,0,0,0
1784155585455,q6-formal-delayed-20260715T224242Z,Executor1,Stage1-2-0,0,0,0,0,0,0,0,0
1784155585455,q6-formal-delayed-20260715T224242Z,Executor1,Stage2-2-0,0,0,0,0,0,0,0,0
1784155585455,q6-formal-delayed-20260715T224242Z,Executor1,Stage3-2-0,0,0,0,0,0,0,0,0
1784155586455,q6-formal-delayed-20260715T224242Z,Executor1,Stage1-2-0,0,0,0,0,0,0,0,0
1784155586455,q6-formal-delayed-20260715T224242Z,Executor1,Stage2-2-0,0,0,0,0,0,0,0,0
1784155586455,q6-formal-delayed-20260715T224242Z,Executor1,Stage3-2-0,0,0,0,0,0,0,0,0
1784155587455,q6-formal-delayed-20260715T224242Z,Executor1,Stage1-2-0,0,0,0,0,0,0,0,0
1784155587455,q6-formal-delayed-20260715T224242Z,Executor1,Stage2-2-0,0,0,0,0,0,0,0,0
1784155587455,q6-formal-delayed-20260715T224242Z,Executor1,Stage3-2-0,0,0,0,0,0,0,0,0
1784155588455,q6-formal-delayed-20260715T224242Z,Executor1,Stage1-2-0,0,0,0,0,0,0,0,0
1784155588455,q6-formal-delayed-20260715T224242Z,Executor1,Stage2-2-0,0,0,0,0,0,0,0,0
1784155588455,q6-formal-delayed-20260715T224242Z,Executor1,Stage3-2-0,0,0,0,0,0,0,0,0
1784155589455,q6-formal-delayed-20260715T224242Z,Executor1,Stage1-2-0,0,0,0,0,0,0,0,0
1784155589455,q6-formal-delayed-20260715T224242Z,Executor1,Stage2-2-0,0,0,0,0,0,0,0,0
1784155589455,q6-formal-delayed-20260715T224242Z,Executor1,Stage3-2-0,0,0,0,0,0,0,0,0
1784155590455,q6-formal-delayed-20260715T224242Z,Executor1,Stage1-2-0,0,0,0,0,0,0,0,0
1784155590455,q6-formal-delayed-20260715T224242Z,Executor1,Stage2-2-0,0,0,0,0,0,0,0,0
1784155590455,q6-formal-delayed-20260715T224242Z,Executor1,Stage3-2-0,0,0,0,0,0,0,0,0
1784155591455,q6-formal-delayed-20260715T224242Z,Executor1,Stage1-2-0,0,0,0,0,0,0,0,0
1784155591455,q6-formal-delayed-20260715T224242Z,Executor1,Stage2-2-0,0,0,0,0,0,0,0,0
1784155591455,q6-formal-delayed-20260715T224242Z,Executor1,Stage3-2-0,0,0,0,0,0,0,0,0
1784155592455,q6-formal-delayed-20260715T224242Z,Executor1,Stage1-2-0,0,0,0,0,0,0,0,0
1784155592455,q6-formal-delayed-20260715T224242Z,Executor1,Stage2-2-0,0,0,0,0,0,0,0,0
1784155592455,q6-formal-delayed-20260715T224242Z,Executor1,Stage3-2-0,0,0,0,0,0,0,0,0
1784155593455,q6-formal-delayed-20260715T224242Z,Executor1,Stage1-2-0,0,0,0,0,0,0,0,0
1784155593455,q6-formal-delayed-20260715T224242Z,Executor1,Stage2-2-0,0,0,0,0,0,0,0,0
1784155593455,q6-formal-delayed-20260715T224242Z,Executor1,Stage3-2-0,0,0,0,0,0,0,0,0
1784155594455,q6-formal-delayed-20260715T224242Z,Executor1,Stage1-2-0,0,0,0,0,0,0,0,0
1784155594455,q6-formal-delayed-20260715T224242Z,Executor1,Stage2-2-0,0,0,0,0,0,0,0,0
1784155594455,q6-formal-delayed-20260715T224242Z,Executor1,Stage3-2-0,0,0,0,0,0,0,0,0
1784155595455,q6-formal-delayed-20260715T224242Z,Executor1,Stage1-2-0,0,0,0,0,0,0,0,0
1784155595455,q6-formal-delayed-20260715T224242Z,Executor1,Stage2-2-0,0,0,0,0,0,0,0,0
1784155595455,q6-formal-delayed-20260715T224242Z,Executor1,Stage3-2-0,0,0,0,0,0,0,0,0
1784155596455,q6-formal-delayed-20260715T224242Z,Executor1,Stage1-2-0,0,0,0,0,0,0,0,0
1784155596455,q6-formal-delayed-20260715T224242Z,Executor1,Stage2-2-0,0,0,0,0,0,0,0,0
1784155596455,q6-formal-delayed-20260715T224242Z,Executor1,Stage3-2-0,0,0,0,0,0,0,0,0
1784155597455,q6-formal-delayed-20260715T224242Z,Executor1,Stage1-2-0,0,0,0,0,0,0,0,0
1784155597455,q6-formal-delayed-20260715T224242Z,Executor1,Stage2-2-0,0,0,0,0,0,0,0,0
1784155597455,q6-formal-delayed-20260715T224242Z,Executor1,Stage3-2-0,0,0,0,0,0,0,0,0
1784155598455,q6-formal-delayed-20260715T224242Z,Executor1,Stage1-2-0,0,0,0,0,0,0,0,0
1784155598455,q6-formal-delayed-20260715T224242Z,Executor1,Stage2-2-0,0,0,0,0,0,0,0,0
1784155598455,q6-formal-delayed-20260715T224242Z,Executor1,Stage3-2-0,0,0,0,0,0,0,0,0
1784155599455,q6-formal-delayed-20260715T224242Z,Executor1,Stage1-2-0,0,0,0,0,0,0,0,0
1784155599455,q6-formal-delayed-20260715T224242Z,Executor1,Stage2-2-0,0,0,0,0,0,0,0,0
1784155599455,q6-formal-delayed-20260715T224242Z,Executor1,Stage3-2-0,0,0,0,0,0,0,0,0
1784155600455,q6-formal-delayed-20260715T224242Z,Executor1,Stage1-2-0,0,0,0,0,0,0,0,0
1784155600455,q6-formal-delayed-20260715T224242Z,Executor1,Stage2-2-0,0,0,0,0,0,0,0,0
1784155600455,q6-formal-delayed-20260715T224242Z,Executor1,Stage3-2-0,0,0,0,0,0,0,0,0
1784155601455,q6-formal-delayed-20260715T224242Z,Executor1,Stage1-2-0,0,0,0,0,0,0,0,0
1784155601455,q6-formal-delayed-20260715T224242Z,Executor1,Stage2-2-0,0,0,0,0,0,0,0,0
1784155601455,q6-formal-delayed-20260715T224242Z,Executor1,Stage3-2-0,0,0,0,0,0,0,0,0
1784155602455,q6-formal-delayed-20260715T224242Z,Executor1,Stage1-2-0,0,0,0,0,0,0,0,0
1784155602455,q6-formal-delayed-20260715T224242Z,Executor1,Stage2-2-0,0,0,0,0,0,0,0,0
1784155602455,q6-formal-delayed-20260715T224242Z,Executor1,Stage3-2-0,0,0,0,0,0,0,0,0
1784155603455,q6-formal-delayed-20260715T224242Z,Executor1,Stage1-2-0,0,0,0,0,0,0,0,0
1784155603455,q6-formal-delayed-20260715T224242Z,Executor1,Stage2-2-0,0,0,0,0,0,0,0,0
1784155603455,q6-formal-delayed-20260715T224242Z,Executor1,Stage3-2-0,0,0,0,0,0,0,0,0
1784155604455,q6-formal-delayed-20260715T224242Z,Executor1,Stage1-2-0,0,0,0,0,0,0,0,0
1784155604455,q6-formal-delayed-20260715T224242Z,Executor1,Stage2-2-0,0,0,0,0,0,0,0,0
1784155604455,q6-formal-delayed-20260715T224242Z,Executor1,Stage3-2-0,0,0,0,0,0,0,0,0
1784155605455,q6-formal-delayed-20260715T224242Z,Executor1,Stage1-2-0,0,0,0,0,0,0,0,0
1784155605455,q6-formal-delayed-20260715T224242Z,Executor1,Stage2-2-0,0,0,0,0,0,0,0,0
1784155605455,q6-formal-delayed-20260715T224242Z,Executor1,Stage3-2-0,0,0,0,0,0,0,0,0
1784155606455,q6-formal-delayed-20260715T224242Z,Executor1,Stage1-2-0,0,0,0,0,0,0,0,0
1784155606455,q6-formal-delayed-20260715T224242Z,Executor1,Stage2-2-0,0,0,0,0,0,0,0,0
1784155606455,q6-formal-delayed-20260715T224242Z,Executor1,Stage3-2-0,0,0,0,0,0,0,0,0
1784155607455,q6-formal-delayed-20260715T224242Z,Executor1,Stage1-2-0,0,0,0,0,0,0,0,0
1784155607455,q6-formal-delayed-20260715T224242Z,Executor1,Stage2-2-0,0,0,0,0,0,0,0,0
1784155607455,q6-formal-delayed-20260715T224242Z,Executor1,Stage3-2-0,0,0,0,0,0,0,0,0
1784155608455,q6-formal-delayed-20260715T224242Z,Executor1,Stage1-2-0,0,0,0,0,0,0,0,0
1784155608455,q6-formal-delayed-20260715T224242Z,Executor1,Stage2-2-0,0,0,0,0,0,0,0,0
1784155608455,q6-formal-delayed-20260715T224242Z,Executor1,Stage3-2-0,0,0,0,0,0,0,0,0
1784155609455,q6-formal-delayed-20260715T224242Z,Executor1,Stage1-2-0,0,0,0,0,0,0,0,0
1784155609455,q6-formal-delayed-20260715T224242Z,Executor1,Stage2-2-0,0,0,0,0,0,0,0,0
1784155609455,q6-formal-delayed-20260715T224242Z,Executor1,Stage3-2-0,0,0,0,0,0,0,0,0
1784155610455,q6-formal-delayed-20260715T224242Z,Executor1,Stage1-2-0,0,0,0,0,0,0,0,0
1784155610455,q6-formal-delayed-20260715T224242Z,Executor1,Stage2-2-0,0,0,0,0,0,0,0,0
1784155610455,q6-formal-delayed-20260715T224242Z,Executor1,Stage3-2-0,0,0,0,0,0,0,0,0
1784155611455,q6-formal-delayed-20260715T224242Z,Executor1,Stage1-2-0,0,0,0,0,0,0,0,0
1784155611455,q6-formal-delayed-20260715T224242Z,Executor1,Stage2-2-0,0,0,0,0,0,0,0,0
1784155611455,q6-formal-delayed-20260715T224242Z,Executor1,Stage3-2-0,0,0,0,0,0,0,0,0
1784155612455,q6-formal-delayed-20260715T224242Z,Executor1,Stage1-2-0,0,0,0,0,0,0,0,0
1784155612455,q6-formal-delayed-20260715T224242Z,Executor1,Stage2-2-0,0,0,0,0,0,0,0,0
1784155612455,q6-formal-delayed-20260715T224242Z,Executor1,Stage3-2-0,0,0,0,0,0,0,0,0
1784155613455,q6-formal-delayed-20260715T224242Z,Executor1,Stage1-2-0,0,0,0,0,0,0,0,0
1784155613455,q6-formal-delayed-20260715T224242Z,Executor1,Stage2-2-0,0,0,0,0,0,0,0,0
1784155613455,q6-formal-delayed-20260715T224242Z,Executor1,Stage3-2-0,0,0,0,0,0,0,0,0
1784155614455,q6-formal-delayed-20260715T224242Z,Executor1,Stage1-2-0,0,0,0,0,0,0,0,0
1784155614455,q6-formal-delayed-20260715T224242Z,Executor1,Stage2-2-0,0,0,0,0,0,0,0,0
1784155614455,q6-formal-delayed-20260715T224242Z,Executor1,Stage3-2-0,0,0,0,0,0,0,0,0
1784155615455,q6-formal-delayed-20260715T224242Z,Executor1,Stage1-2-0,0,0,0,0,0,0,0,0
1784155615455,q6-formal-delayed-20260715T224242Z,Executor1,Stage2-2-0,0,0,0,0,0,0,0,0
1784155615455,q6-formal-delayed-20260715T224242Z,Executor1,Stage3-2-0,0,0,0,0,0,0,0,0
1784155616455,q6-formal-delayed-20260715T224242Z,Executor1,Stage1-2-0,0,0,0,0,0,0,0,0
1784155616455,q6-formal-delayed-20260715T224242Z,Executor1,Stage2-2-0,0,0,0,0,0,0,0,0
1784155616455,q6-formal-delayed-20260715T224242Z,Executor1,Stage3-2-0,0,0,0,0,0,0,0,0
1784155617455,q6-formal-delayed-20260715T224242Z,Executor1,Stage1-2-0,0,0,0,0,0,0,0,0
1784155617455,q6-formal-delayed-20260715T224242Z,Executor1,Stage2-2-0,0,0,0,0,0,0,0,0
1784155617455,q6-formal-delayed-20260715T224242Z,Executor1,Stage3-2-0,0,0,0,0,0,0,0,0
1784155618455,q6-formal-delayed-20260715T224242Z,Executor1,Stage1-2-0,0,0,0,0,0,0,0,0
1784155618455,q6-formal-delayed-20260715T224242Z,Executor1,Stage2-2-0,0,0,0,0,0,0,0,0
1784155618455,q6-formal-delayed-20260715T224242Z,Executor1,Stage3-2-0,0,0,0,0,0,0,0,0
1784155619455,q6-formal-delayed-20260715T224242Z,Executor1,Stage1-2-0,0,0,0,0,0,0,0,0
1784155619455,q6-formal-delayed-20260715T224242Z,Executor1,Stage2-2-0,0,0,0,0,0,0,0,0
1784155619455,q6-formal-delayed-20260715T224242Z,Executor1,Stage3-2-0,0,0,0,0,0,0,0,0
1784155620455,q6-formal-delayed-20260715T224242Z,Executor1,Stage1-2-0,0,0,0,0,0,0,0,0
1784155620455,q6-formal-delayed-20260715T224242Z,Executor1,Stage2-2-0,0,0,0,0,0,0,0,0
1784155620455,q6-formal-delayed-20260715T224242Z,Executor1,Stage3-2-0,0,0,0,0,0,0,0,0
1784155621455,q6-formal-delayed-20260715T224242Z,Executor1,Stage1-2-0,0,0,0,0,0,0,0,0
1784155621455,q6-formal-delayed-20260715T224242Z,Executor1,Stage2-2-0,0,0,0,0,0,0,0,0
1784155621455,q6-formal-delayed-20260715T224242Z,Executor1,Stage3-2-0,0,0,0,0,0,0,0,0
1784155622455,q6-formal-delayed-20260715T224242Z,Executor1,Stage1-2-0,0,0,0,0,0,0,0,0
1784155622455,q6-formal-delayed-20260715T224242Z,Executor1,Stage2-2-0,0,0,0,0,0,0,0,0
1784155622455,q6-formal-delayed-20260715T224242Z,Executor1,Stage3-2-0,0,0,0,0,0,0,0,0
1784155623455,q6-formal-delayed-20260715T224242Z,Executor1,Stage1-2-0,0,0,0,0,0,0,0,0
1784155623455,q6-formal-delayed-20260715T224242Z,Executor1,Stage2-2-0,0,0,0,0,0,0,0,0
1784155623455,q6-formal-delayed-20260715T224242Z,Executor1,Stage3-2-0,0,0,0,0,0,0,0,0
1784155624455,q6-formal-delayed-20260715T224242Z,Executor1,Stage1-2-0,0,0,0,0,0,0,0,0
1784155624455,q6-formal-delayed-20260715T224242Z,Executor1,Stage2-2-0,0,0,0,0,0,0,0,0
1784155624455,q6-formal-delayed-20260715T224242Z,Executor1,Stage3-2-0,0,0,0,0,0,0,0,0
1784155625455,q6-formal-delayed-20260715T224242Z,Executor1,Stage1-2-0,0,0,0,0,0,0,0,0
1784155625455,q6-formal-delayed-20260715T224242Z,Executor1,Stage2-2-0,0,0,0,0,0,0,0,0
1784155625455,q6-formal-delayed-20260715T224242Z,Executor1,Stage3-2-0,0,0,0,0,0,0,0,0
1784155626455,q6-formal-delayed-20260715T224242Z,Executor1,Stage1-2-0,0,0,0,0,0,0,0,0
1784155626455,q6-formal-delayed-20260715T224242Z,Executor1,Stage2-2-0,0,0,0,0,0,0,0,0
1784155626455,q6-formal-delayed-20260715T224242Z,Executor1,Stage3-2-0,0,0,0,0,0,0,0,0
1784155627455,q6-formal-delayed-20260715T224242Z,Executor1,Stage1-2-0,0,0,0,0,0,0,0,0
1784155627455,q6-formal-delayed-20260715T224242Z,Executor1,Stage2-2-0,0,0,0,0,0,0,0,0
1784155627455,q6-formal-delayed-20260715T224242Z,Executor1,Stage3-2-0,0,0,0,0,0,0,0,0
1784155628476,q6-formal-delayed-20260715T224242Z,Executor1,Stage1-2-0,0,0,0,0,0,0,0,0
1784155628476,q6-formal-delayed-20260715T224242Z,Executor1,Stage2-2-0,0,0,0,0,0,0,0,0
1784155628476,q6-formal-delayed-20260715T224242Z,Executor1,Stage3-2-0,0,0,0,0,0,0,0,0
1784155629455,q6-formal-delayed-20260715T224242Z,Executor1,Stage1-2-0,0,3442,3386,169364,39678,438783,7258,144908
1784155629455,q6-formal-delayed-20260715T224242Z,Executor1,Stage2-2-0,0,25,0,29423,5,0,0,0
1784155629455,q6-formal-delayed-20260715T224242Z,Executor1,Stage3-2-0,0,0,0,0,0,0,0,0
1784155630456,q6-formal-delayed-20260715T224242Z,Executor1,Stage1-2-0,0,6549,6417,37305,12948,829027,9020,390770
1784155630456,q6-formal-delayed-20260715T224242Z,Executor1,Stage2-2-0,0,2545,34,204501,13386,163799,132,2432
1784155630456,q6-formal-delayed-20260715T224242Z,Executor1,Stage3-2-0,0,0,0,0,4,0,0,0
1784155631455,q6-formal-delayed-20260715T224242Z,Executor1,Stage1-2-0,0,5044,4926,42397,16162,645615,6283,629937
1784155631455,q6-formal-delayed-20260715T224242Z,Executor1,Stage2-2-0,0,1715,23,97542,4458,141136,33,1879
1784155631455,q6-formal-delayed-20260715T224242Z,Executor1,Stage3-2-0,0,8,0,19580,267,579,0,0
1784155632455,q6-formal-delayed-20260715T224242Z,Executor1,Stage1-2-0,0,5027,4934,37988,15410,637373,4628,306874
1784155632455,q6-formal-delayed-20260715T224242Z,Executor1,Stage2-2-0,0,1693,84,77278,4736,136197,99,5727
1784155632455,q6-formal-delayed-20260715T224242Z,Executor1,Stage3-2-0,0,10,0,2577,63,452,0,0
1784155633455,q6-formal-delayed-20260715T224242Z,Executor1,Stage1-2-0,0,5021,4925,27614,18538,635000,3259,537053
1784155633455,q6-formal-delayed-20260715T224242Z,Executor1,Stage2-2-0,0,1647,84,73200,4955,129492,55,5351
1784155633455,q6-formal-delayed-20260715T224242Z,Executor1,Stage3-2-0,0,25,0,7371,109,1023,0,0
1784155634455,q6-formal-delayed-20260715T224242Z,Executor1,Stage1-2-0,0,4975,4867,27956,15141,636814,749,376607
1784155634455,q6-formal-delayed-20260715T224242Z,Executor1,Stage2-2-0,0,1996,79,80502,5985,153083,6,4824
1784155634455,q6-formal-delayed-20260715T224242Z,Executor1,Stage3-2-0,0,32,0,4750,92,1307,0,0
1784155635455,q6-formal-delayed-20260715T224242Z,Executor1,Stage1-2-0,0,5077,4966,30455,17215,648262,2173,380278
1784155635455,q6-formal-delayed-20260715T224242Z,Executor1,Stage2-2-0,0,2254,84,76118,5277,150184,21,5092
1784155635455,q6-formal-delayed-20260715T224242Z,Executor1,Stage3-2-0,0,42,0,4510,131,1851,0,0
1784155636455,q6-formal-delayed-20260715T224242Z,Executor1,Stage1-2-0,0,5054,4964,26359,14755,647568,592,274956
1784155636455,q6-formal-delayed-20260715T224242Z,Executor1,Stage2-2-0,0,3040,81,103185,6810,205575,15,4608
1784155636455,q6-formal-delayed-20260715T224242Z,Executor1,Stage3-2-0,0,53,0,5229,119,2256,0,0
1784155637455,q6-formal-delayed-20260715T224242Z,Executor1,Stage1-2-0,0,5079,4969,20779,11804,648577,789,480402
1784155637455,q6-formal-delayed-20260715T224242Z,Executor1,Stage2-2-0,0,3253,129,110235,6961,225058,10,6965
1784155637455,q6-formal-delayed-20260715T224242Z,Executor1,Stage3-2-0,0,74,0,5925,138,2711,0,0
1784155638455,q6-formal-delayed-20260715T224242Z,Executor1,Stage1-2-0,0,5152,5045,19909,11579,660200,764,366874
1784155638455,q6-formal-delayed-20260715T224242Z,Executor1,Stage2-2-0,0,3286,135,99077,6065,216951,15,8637
1784155638455,q6-formal-delayed-20260715T224242Z,Executor1,Stage3-2-0,0,68,0,5549,146,3445,0,0
1784155639455,q6-formal-delayed-20260715T224242Z,Executor1,Stage1-2-0,0,5038,4936,23459,13021,642393,784,351338
1784155639455,q6-formal-delayed-20260715T224242Z,Executor1,Stage2-2-0,0,3292,155,102145,6390,240617,15,9425
1784155639455,q6-formal-delayed-20260715T224242Z,Executor1,Stage3-2-0,0,75,0,4867,106,3300,0,0
1784155640455,q6-formal-delayed-20260715T224242Z,Executor1,Stage1-2-0,0,5027,4922,24631,14010,640358,642,428731
1784155640455,q6-formal-delayed-20260715T224242Z,Executor1,Stage2-2-0,0,2940,165,99167,6473,205708,21,10385
1784155640455,q6-formal-delayed-20260715T224242Z,Executor1,Stage3-2-0,0,74,0,5291,178,3411,0,0
1784155641455,q6-formal-delayed-20260715T224242Z,Executor1,Stage1-2-0,0,5026,4921,23276,12897,640634,599,368226
1784155641455,q6-formal-delayed-20260715T224242Z,Executor1,Stage2-2-0,0,3218,141,108551,7148,223509,25,8902
1784155641455,q6-formal-delayed-20260715T224242Z,Executor1,Stage3-2-0,0,66,0,4950,162,3154,0,0
1784155642455,q6-formal-delayed-20260715T224242Z,Executor1,Stage1-2-0,0,5031,4939,19184,10414,645861,557,212649
1784155642455,q6-formal-delayed-20260715T224242Z,Executor1,Stage2-2-0,0,3157,131,99089,6733,236470,11,7839
1784155642455,q6-formal-delayed-20260715T224242Z,Executor1,Stage3-2-0,0,56,0,2353,91,2151,0,0
1784155643455,q6-formal-delayed-20260715T224242Z,Executor1,Stage1-2-0,0,5015,4917,31820,18061,640027,1328,694231
1784155643455,q6-formal-delayed-20260715T224242Z,Executor1,Stage2-2-0,0,2355,156,76862,5224,173990,6,8972
1784155643455,q6-formal-delayed-20260715T224242Z,Executor1,Stage3-2-0,0,67,0,3320,162,3546,0,0
1784155644455,q6-formal-delayed-20260715T224242Z,Executor1,Stage1-2-0,0,4985,4887,22673,12445,635056,374,258116
1784155644455,q6-formal-delayed-20260715T224242Z,Executor1,Stage2-2-0,0,2530,106,81757,5595,188278,28,8064
1784155644455,q6-formal-delayed-20260715T224242Z,Executor1,Stage3-2-0,0,53,0,2559,108,2477,0,0
1784155645455,q6-formal-delayed-20260715T224242Z,Executor1,Stage1-2-0,0,4962,4865,26059,14190,634851,754,501395
1784155645455,q6-formal-delayed-20260715T224242Z,Executor1,Stage2-2-0,0,2125,142,79081,5818,169081,26,8911
1784155645455,q6-formal-delayed-20260715T224242Z,Executor1,Stage3-2-0,0,36,0,1782,65,1302,0,0
1784155646455,q6-formal-delayed-20260715T224242Z,Executor1,Stage1-2-0,0,5044,4942,24000,13298,646647,798,446907
1784155646455,q6-formal-delayed-20260715T224242Z,Executor1,Stage2-2-0,0,1756,101,56396,3933,131999,25,6550
1784155646455,q6-formal-delayed-20260715T224242Z,Executor1,Stage3-2-0,0,38,0,1995,111,1919,0,0
1784155647455,q6-formal-delayed-20260715T224242Z,Executor1,Stage1-2-0,0,5079,4966,23530,12817,643939,641,400073
1784155647455,q6-formal-delayed-20260715T224242Z,Executor1,Stage2-2-0,0,2102,91,70643,5038,159367,53,5815
1784155647455,q6-formal-delayed-20260715T224242Z,Executor1,Stage3-2-0,0,23,0,1458,51,902,0,0
1784155648455,q6-formal-delayed-20260715T224242Z,Executor1,Stage1-2-0,0,5010,4907,25593,14198,642668,693,392921
1784155648455,q6-formal-delayed-20260715T224242Z,Executor1,Stage2-2-0,0,2049,101,71797,5350,159540,19,6227
1784155648455,q6-formal-delayed-20260715T224242Z,Executor1,Stage3-2-0,0,19,0,1025,24,426,0,0
1784155649455,q6-formal-delayed-20260715T224242Z,Executor1,Stage1-2-0,0,4967,4873,26460,17478,635521,751,378231
1784155649455,q6-formal-delayed-20260715T224242Z,Executor1,Stage2-2-0,0,2074,88,68772,5895,139711,28,5660
1784155649455,q6-formal-delayed-20260715T224242Z,Executor1,Stage3-2-0,0,38,0,2152,460,1840,0,0
1784155650455,q6-formal-delayed-20260715T224242Z,Executor1,Stage1-2-0,0,4963,4854,22775,12207,637630,540,248941
1784155650455,q6-formal-delayed-20260715T224242Z,Executor1,Stage2-2-0,0,2967,99,95839,6226,207968,5,6117
1784155650455,q6-formal-delayed-20260715T224242Z,Executor1,Stage3-2-0,0,49,0,2410,79,2352,0,0
1784155651455,q6-formal-delayed-20260715T224242Z,Executor1,Stage1-2-0,0,5002,4903,24062,12636,638829,480,382984
1784155651455,q6-formal-delayed-20260715T224242Z,Executor1,Stage2-2-0,0,2821,139,95036,6274,198266,17,8487
1784155651455,q6-formal-delayed-20260715T224242Z,Executor1,Stage3-2-0,0,41,0,2177,55,1413,0,0
1784155652455,q6-formal-delayed-20260715T224242Z,Executor1,Stage1-2-0,0,5051,4959,22791,12805,644312,557,356449
1784155652455,q6-formal-delayed-20260715T224242Z,Executor1,Stage2-2-0,0,3181,131,102009,6878,206752,5,8404
1784155652455,q6-formal-delayed-20260715T224242Z,Executor1,Stage3-2-0,0,71,0,3473,159,3610,0,0
1784155653455,q6-formal-delayed-20260715T224242Z,Executor1,Stage1-2-0,0,4896,4779,20398,11364,625833,601,403346
1784155653455,q6-formal-delayed-20260715T224242Z,Executor1,Stage2-2-0,0,3415,147,115370,7902,243417,14,8649
1784155653455,q6-formal-delayed-20260715T224242Z,Executor1,Stage3-2-0,0,55,0,2545,88,1823,0,0
1784155654455,q6-formal-delayed-20260715T224242Z,Executor1,Stage1-2-0,0,4918,4811,20300,11690,629231,472,239458
1784155654455,q6-formal-delayed-20260715T224242Z,Executor1,Stage2-2-0,0,3291,179,106501,7147,219834,31,10836
1784155654455,q6-formal-delayed-20260715T224242Z,Executor1,Stage3-2-0,0,71,0,3692,133,2956,0,0
1784155655455,q6-formal-delayed-20260715T224242Z,Executor1,Stage1-2-0,0,5075,4970,19678,11030,645579,624,456136
1784155655455,q6-formal-delayed-20260715T224242Z,Executor1,Stage2-2-0,0,3472,133,116304,7836,241928,20,8300
1784155655455,q6-formal-delayed-20260715T224242Z,Executor1,Stage3-2-0,0,85,0,4339,208,4187,0,0
1784155656455,q6-formal-delayed-20260715T224242Z,Executor1,Stage1-2-0,0,5072,4968,26360,14543,650974,745,459070
1784155656455,q6-formal-delayed-20260715T224242Z,Executor1,Stage2-2-0,0,3009,180,102233,7012,225576,34,12023
1784155656455,q6-formal-delayed-20260715T224242Z,Executor1,Stage3-2-0,0,49,0,2441,110,2443,0,0
1784155657455,q6-formal-delayed-20260715T224242Z,Executor1,Stage1-2-0,0,5140,5040,25882,13424,657256,633,481139
1784155657455,q6-formal-delayed-20260715T224242Z,Executor1,Stage2-2-0,0,2222,164,71132,5253,171328,38,10640
1784155657455,q6-formal-delayed-20260715T224242Z,Executor1,Stage3-2-0,0,55,0,2561,102,2614,0,0
1784155658455,q6-formal-delayed-20260715T224242Z,Executor1,Stage1-2-0,0,4973,4869,25401,13519,633738,736,457951
1784155658455,q6-formal-delayed-20260715T224242Z,Executor1,Stage2-2-0,0,2030,124,66695,4623,156654,7,8618
1784155658455,q6-formal-delayed-20260715T224242Z,Executor1,Stage3-2-0,0,26,0,1542,57,1478,0,0
1784155659455,q6-formal-delayed-20260715T224242Z,Executor1,Stage1-2-0,0,5040,4947,26416,13788,648564,571,426801
1784155659455,q6-formal-delayed-20260715T224242Z,Executor1,Stage2-2-0,0,1880,104,61788,4278,153574,50,6931
1784155659455,q6-formal-delayed-20260715T224242Z,Executor1,Stage3-2-0,0,13,0,795,32,512,0,0
1784155660455,q6-formal-delayed-20260715T224242Z,Executor1,Stage1-2-0,0,5039,4945,28842,15787,642054,574,418681
1784155660455,q6-formal-delayed-20260715T224242Z,Executor1,Stage2-2-0,0,1584,105,54870,4121,128254,10,6978
1784155660455,q6-formal-delayed-20260715T224242Z,Executor1,Stage3-2-0,0,16,0,995,24,602,0,0
1784155661455,q6-formal-delayed-20260715T224242Z,Executor1,Stage1-2-0,0,4923,4827,28522,15742,633702,520,393437
1784155661455,q6-formal-delayed-20260715T224242Z,Executor1,Stage2-2-0,0,1859,79,66574,4625,139314,9,5191
1784155661455,q6-formal-delayed-20260715T224242Z,Executor1,Stage3-2-0,0,29,0,1794,94,1501,0,0
1784155662455,q6-formal-delayed-20260715T224242Z,Executor1,Stage1-2-0,0,4963,4866,26545,14941,640006,515,392287
1784155662455,q6-formal-delayed-20260715T224242Z,Executor1,Stage2-2-0,0,2289,65,77559,5300,158282,3,4028
1784155662455,q6-formal-delayed-20260715T224242Z,Executor1,Stage3-2-0,0,24,0,1398,50,1022,0,0
1784155663455,q6-formal-delayed-20260715T224242Z,Executor1,Stage1-2-0,0,5063,4965,26273,14215,640766,596,279833
1784155663455,q6-formal-delayed-20260715T224242Z,Executor1,Stage2-2-0,0,2931,98,91015,6002,203958,7,6418
1784155663455,q6-formal-delayed-20260715T224242Z,Executor1,Stage3-2-0,0,48,0,2241,105,2482,0,0
1784155664455,q6-formal-delayed-20260715T224242Z,Executor1,Stage1-2-0,0,5056,4945,24923,13493,645564,435,396257
1784155664455,q6-formal-delayed-20260715T224242Z,Executor1,Stage2-2-0,0,2814,147,88311,5853,203154,9,9042
1784155664455,q6-formal-delayed-20260715T224242Z,Executor1,Stage3-2-0,0,60,0,2651,83,2510,0,0
1784155665455,q6-formal-delayed-20260715T224242Z,Executor1,Stage1-2-0,0,5007,4911,26680,14361,641028,517,414345
1784155665455,q6-formal-delayed-20260715T224242Z,Executor1,Stage2-2-0,0,2815,151,92577,6177,200497,5,9830
1784155665455,q6-formal-delayed-20260715T224242Z,Executor1,Stage3-2-0,0,35,0,1787,70,1477,0,0
1784155666455,q6-formal-delayed-20260715T224242Z,Executor1,Stage1-2-0,0,4980,4871,25372,14218,641317,638,406106
1784155666455,q6-formal-delayed-20260715T224242Z,Executor1,Stage2-2-0,0,2968,134,99387,6674,202646,12,8449
1784155666455,q6-formal-delayed-20260715T224242Z,Executor1,Stage3-2-0,0,61,0,2782,92,2862,0,0
1784155667455,q6-formal-delayed-20260715T224242Z,Executor1,Stage1-2-0,0,4885,4808,23478,13155,623983,516,323973
1784155667455,q6-formal-delayed-20260715T224242Z,Executor1,Stage2-2-0,0,3269,128,96732,6329,218657,15,8221
1784155667455,q6-formal-delayed-20260715T224242Z,Executor1,Stage3-2-0,0,78,0,3204,128,4067,0,0
1784155668455,q6-formal-delayed-20260715T224242Z,Executor1,Stage1-2-0,0,4945,4840,20518,10969,632308,693,444496
1784155668455,q6-formal-delayed-20260715T224242Z,Executor1,Stage2-2-0,0,3505,157,104912,6821,250933,11,9897
1784155668455,q6-formal-delayed-20260715T224242Z,Executor1,Stage3-2-0,0,39,0,1705,48,1424,0,0
1784155669455,q6-formal-delayed-20260715T224242Z,Executor1,Stage1-2-0,0,5110,5011,23940,13026,653756,544,327257
1784155669455,q6-formal-delayed-20260715T224242Z,Executor1,Stage2-2-0,0,3012,178,91814,6478,220159,15,11644
1784155669455,q6-formal-delayed-20260715T224242Z,Executor1,Stage3-2-0,0,75,0,3080,147,3769,0,0
1784155670455,q6-formal-delayed-20260715T224242Z,Executor1,Stage1-2-0,0,4924,4830,9718,4169,631585,742,494874
1784155670455,q6-formal-delayed-20260715T224242Z,Executor1,Stage2-2-0,0,2382,139,53364,3373,178504,3,8976
1784155670455,q6-formal-delayed-20260715T224242Z,Executor1,Stage3-2-0,0,48,0,2096,56,2276,0,0
1784155671455,q6-formal-delayed-20260715T224242Z,Executor1,Stage1-2-0,0,5011,4909,27230,14466,646359,602,385069
1784155671455,q6-formal-delayed-20260715T224242Z,Executor1,Stage2-2-0,0,2324,150,79604,5444,176475,33,9714
1784155671455,q6-formal-delayed-20260715T224242Z,Executor1,Stage3-2-0,0,51,0,2467,113,2376,0,0
1784155672455,q6-formal-delayed-20260715T224242Z,Executor1,Stage1-2-0,0,4946,4841,25800,13250,630973,500,404692
1784155672455,q6-formal-delayed-20260715T224242Z,Executor1,Stage2-2-0,0,2227,125,71893,5109,171324,5,8174
1784155672455,q6-formal-delayed-20260715T224242Z,Executor1,Stage3-2-0,0,47,0,2286,89,2395,0,0
1784155673455,q6-formal-delayed-20260715T224242Z,Executor1,Stage1-2-0,0,4998,4892,25847,13938,644456,542,410743
1784155673455,q6-formal-delayed-20260715T224242Z,Executor1,Stage2-2-0,0,2161,115,68033,4892,159340,5,7662
1784155673455,q6-formal-delayed-20260715T224242Z,Executor1,Stage3-2-0,0,35,0,1818,59,1677,0,0
1784155674455,q6-formal-delayed-20260715T224242Z,Executor1,Stage1-2-0,0,5030,4934,27885,14366,642267,598,410270
1784155674455,q6-formal-delayed-20260715T224242Z,Executor1,Stage2-2-0,0,2185,106,76935,5527,170503,10,6805
1784155674455,q6-formal-delayed-20260715T224242Z,Executor1,Stage3-2-0,0,26,0,1336,49,1013,0,0
1784155675455,q6-formal-delayed-20260715T224242Z,Executor1,Stage1-2-0,0,4972,4879,26201,13994,638909,461,413809
1784155675455,q6-formal-delayed-20260715T224242Z,Executor1,Stage2-2-0,0,1776,93,56743,3957,132102,46,5946
1784155675455,q6-formal-delayed-20260715T224242Z,Executor1,Stage3-2-0,0,46,0,2366,95,2261,0,0
1784155676455,q6-formal-delayed-20260715T224242Z,Executor1,Stage1-2-0,0,4938,4824,53548,13513,633644,529,367854
1784155676455,q6-formal-delayed-20260715T224242Z,Executor1,Stage2-2-0,0,2268,95,75169,4936,166074,16,6276
1784155676455,q6-formal-delayed-20260715T224242Z,Executor1,Stage3-2-0,0,35,0,1990,70,1834,0,0
1784155677455,q6-formal-delayed-20260715T224242Z,Executor1,Stage1-2-0,0,4969,4865,20882,7461,633746,348,417305
1784155677455,q6-formal-delayed-20260715T224242Z,Executor1,Stage2-2-0,0,2468,124,59882,3286,188310,2,7062
1784155677455,q6-formal-delayed-20260715T224242Z,Executor1,Stage3-2-0,0,57,0,1969,47,2033,0,0
1784155678455,q6-formal-delayed-20260715T224242Z,Executor1,Stage1-2-0,0,5041,4936,20552,7126,648410,413,372524
1784155678455,q6-formal-delayed-20260715T224242Z,Executor1,Stage2-2-0,0,2527,147,56682,2821,167668,3,9168
1784155678455,q6-formal-delayed-20260715T224242Z,Executor1,Stage3-2-0,0,64,0,2260,63,2880,0,0
1784155679455,q6-formal-delayed-20260715T224242Z,Executor1,Stage1-2-0,0,5005,4904,19976,6911,641897,434,372974
1784155679455,q6-formal-delayed-20260715T224242Z,Executor1,Stage2-2-0,0,3184,116,72853,3675,215117,2,7491
1784155679455,q6-formal-delayed-20260715T224242Z,Executor1,Stage3-2-0,0,51,0,1889,60,2510,0,0
1784155680455,q6-formal-delayed-20260715T224242Z,Executor1,Stage1-2-0,0,5002,4891,19342,7031,645146,389,364666
1784155680455,q6-formal-delayed-20260715T224242Z,Executor1,Stage2-2-0,0,3377,164,74871,3814,225679,6,9757
1784155680455,q6-formal-delayed-20260715T224242Z,Executor1,Stage3-2-0,0,70,0,2455,67,2733,0,0
1784155681455,q6-formal-delayed-20260715T224242Z,Executor1,Stage1-2-0,0,4919,4816,20833,7254,631793,394,360294
1784155681455,q6-formal-delayed-20260715T224242Z,Executor1,Stage2-2-0,0,3542,148,78914,3957,238981,3,8888
1784155681455,q6-formal-delayed-20260715T224242Z,Executor1,Stage3-2-0,0,82,0,2636,78,3710,0,0
1784155682455,q6-formal-delayed-20260715T224242Z,Executor1,Stage1-2-0,0,4951,4852,21118,7544,634506,407,360403
1784155682455,q6-formal-delayed-20260715T224242Z,Executor1,Stage2-2-0,0,3706,157,87621,4702,256210,3,9900
1784155682455,q6-formal-delayed-20260715T224242Z,Executor1,Stage3-2-0,0,56,0,2016,56,2497,0,0
1784155683455,q6-formal-delayed-20260715T224242Z,Executor1,Stage1-2-0,0,5061,4972,19488,6728,645965,593,417470
1784155683455,q6-formal-delayed-20260715T224242Z,Executor1,Stage2-2-0,0,3094,180,70136,3675,223770,11,12057
1784155683455,q6-formal-delayed-20260715T224242Z,Executor1,Stage3-2-0,0,69,0,2547,81,3701,0,0
1784155684455,q6-formal-delayed-20260715T224242Z,Executor1,Stage1-2-0,0,4836,4731,19615,6640,621368,520,382253
1784155684455,q6-formal-delayed-20260715T224242Z,Executor1,Stage2-2-0,0,2535,170,58513,3120,190164,10,10997
1784155684455,q6-formal-delayed-20260715T224242Z,Executor1,Stage3-2-0,0,73,0,2576,93,3624,0,0
1784155685455,q6-formal-delayed-20260715T224242Z,Executor1,Stage1-2-0,0,5035,4933,20791,6962,643584,414,410071
1784155685455,q6-formal-delayed-20260715T224242Z,Executor1,Stage2-2-0,0,2250,130,52911,2855,176092,8,8424
1784155685455,q6-formal-delayed-20260715T224242Z,Executor1,Stage3-2-0,0,43,0,1696,48,1951,0,0
1784155686455,q6-formal-delayed-20260715T224242Z,Executor1,Stage1-2-0,0,5016,4912,21574,7104,643928,451,404477
1784155686455,q6-formal-delayed-20260715T224242Z,Executor1,Stage2-2-0,0,1929,125,44880,2437,148606,3,8065
1784155686455,q6-formal-delayed-20260715T224242Z,Executor1,Stage3-2-0,0,36,0,1624,42,1567,0,0
1784155687455,q6-formal-delayed-20260715T224242Z,Executor1,Stage1-2-0,0,4950,4828,22292,7399,631946,365,404676
1784155687455,q6-formal-delayed-20260715T224242Z,Executor1,Stage2-2-0,0,1861,87,44510,2578,149508,3,5840
1784155687455,q6-formal-delayed-20260715T224242Z,Executor1,Stage3-2-0,0,22,0,1123,32,1064,0,0
1784155688455,q6-formal-delayed-20260715T224242Z,Executor1,Stage1-2-0,0,5051,4959,20520,6232,641267,427,408588
1784155688455,q6-formal-delayed-20260715T224242Z,Executor1,Stage2-2-0,0,1657,99,41756,2424,126219,16,6679
1784155688455,q6-formal-delayed-20260715T224242Z,Executor1,Stage3-2-0,0,26,0,1512,43,1330,0,0
1784155689455,q6-formal-delayed-20260715T224242Z,Executor1,Stage1-2-0,0,4998,4900,23271,8244,638564,437,397331
1784155689455,q6-formal-delayed-20260715T224242Z,Executor1,Stage2-2-0,0,2063,90,52474,2875,156245,6,5699
1784155689455,q6-formal-delayed-20260715T224242Z,Executor1,Stage3-2-0,0,21,0,1068,35,777,0,0
1784155690455,q6-formal-delayed-20260715T224242Z,Executor1,Stage1-2-0,0,4975,4878,22547,7275,633594,663,395081
1784155690455,q6-formal-delayed-20260715T224242Z,Executor1,Stage2-2-0,0,2262,136,54997,2905,169440,14,9070
1784155690455,q6-formal-delayed-20260715T224242Z,Executor1,Stage3-2-0,0,28,0,1786,53,1360,0,0
1784155691455,q6-formal-delayed-20260715T224242Z,Executor1,Stage1-2-0,0,5011,4913,21901,7217,642327,446,386540
1784155691455,q6-formal-delayed-20260715T224242Z,Executor1,Stage2-2-0,0,2252,119,51347,2549,156202,3,7823
1784155691455,q6-formal-delayed-20260715T224242Z,Executor1,Stage3-2-0,0,44,0,1862,56,2238,0,0
1784155692455,q6-formal-delayed-20260715T224242Z,Executor1,Stage1-2-0,0,4975,4864,20245,6985,637813,402,376770
1784155692455,q6-formal-delayed-20260715T224242Z,Executor1,Stage2-2-0,0,2902,103,65590,3367,201441,5,5901
1784155692455,q6-formal-delayed-20260715T224242Z,Executor1,Stage3-2-0,0,58,0,1982,53,2337,0,0
1784155693455,q6-formal-delayed-20260715T224242Z,Executor1,Stage1-2-0,0,4975,4872,19935,6790,635573,369,367919
1784155693455,q6-formal-delayed-20260715T224242Z,Executor1,Stage2-2-0,0,3047,125,69273,3505,208438,3,7540
1784155693455,q6-formal-delayed-20260715T224242Z,Executor1,Stage3-2-0,0,63,0,2266,68,2769,0,0
1784155694455,q6-formal-delayed-20260715T224242Z,Executor1,Stage1-2-0,0,5052,4958,19622,6817,645688,478,363436
1784155694455,q6-formal-delayed-20260715T224242Z,Executor1,Stage2-2-0,0,3302,136,73005,3594,217745,9,8718
1784155694455,q6-formal-delayed-20260715T224242Z,Executor1,Stage3-2-0,0,66,0,2414,79,3312,0,0
1784155695455,q6-formal-delayed-20260715T224242Z,Executor1,Stage1-2-0,0,5005,4903,20911,6998,641731,512,367072
1784155695455,q6-formal-delayed-20260715T224242Z,Executor1,Stage2-2-0,0,3638,161,83810,4241,255849,17,9397
1784155695455,q6-formal-delayed-20260715T224242Z,Executor1,Stage3-2-0,0,77,0,2429,68,3051,0,0
1784155696455,q6-formal-delayed-20260715T224242Z,Executor1,Stage1-2-0,0,4982,4882,20727,7225,640612,377,410656
1784155696455,q6-formal-delayed-20260715T224242Z,Executor1,Stage2-2-0,0,2991,189,64626,3470,217579,17,12109
1784155696455,q6-formal-delayed-20260715T224242Z,Executor1,Stage3-2-0,0,82,0,2636,84,3919,0,0
1784155697455,q6-formal-delayed-20260715T224242Z,Executor1,Stage1-2-0,0,5019,4926,20078,6762,642748,412,377109
1784155697455,q6-formal-delayed-20260715T224242Z,Executor1,Stage2-2-0,0,2765,151,63092,3175,189715,5,9578
1784155697455,q6-formal-delayed-20260715T224242Z,Executor1,Stage3-2-0,0,59,0,2192,60,2698,0,0
1784155698455,q6-formal-delayed-20260715T224242Z,Executor1,Stage1-2-0,0,5061,4952,20852,6964,648922,401,400056
1784155698455,q6-formal-delayed-20260715T224242Z,Executor1,Stage2-2-0,0,2968,135,69046,3719,220403,18,8816
1784155698455,q6-formal-delayed-20260715T224242Z,Executor1,Stage3-2-0,0,41,0,1711,54,1890,0,0
1784155699455,q6-formal-delayed-20260715T224242Z,Executor1,Stage1-2-0,0,4958,4865,18919,6222,636577,409,383339
1784155699455,q6-formal-delayed-20260715T224242Z,Executor1,Stage2-2-0,0,2382,149,53221,2775,169463,17,9449
1784155699455,q6-formal-delayed-20260715T224242Z,Executor1,Stage3-2-0,0,50,0,1725,52,2152,0,0
1784155700455,q6-formal-delayed-20260715T224242Z,Executor1,Stage1-2-0,0,5041,4943,20081,6545,647021,439,402790
1784155700455,q6-formal-delayed-20260715T224242Z,Executor1,Stage2-2-0,0,2584,114,62405,3378,191714,9,7285
1784155700455,q6-formal-delayed-20260715T224242Z,Executor1,Stage3-2-0,0,43,0,1663,58,1954,0,0
1784155701455,q6-formal-delayed-20260715T224242Z,Executor1,Stage1-2-0,0,4978,4881,20132,6414,639262,398,413033
1784155701455,q6-formal-delayed-20260715T224242Z,Executor1,Stage2-2-0,0,1966,149,46962,2620,157908,22,9683
1784155701455,q6-formal-delayed-20260715T224242Z,Executor1,Stage3-2-0,0,39,0,1542,43,1710,0,0
1784155702455,q6-formal-delayed-20260715T224242Z,Executor1,Stage1-2-0,0,5013,4920,22111,7060,645543,503,405871
1784155702455,q6-formal-delayed-20260715T224242Z,Executor1,Stage2-2-0,0,1779,104,41363,2133,129880,33,7232
1784155702455,q6-formal-delayed-20260715T224242Z,Executor1,Stage3-2-0,0,24,0,1679,44,1386,0,0
1784155703455,q6-formal-delayed-20260715T224242Z,Executor1,Stage1-2-0,0,4900,4800,21337,7464,630156,348,410135
1784155703455,q6-formal-delayed-20260715T224242Z,Executor1,Stage2-2-0,0,2120,91,51641,2902,173547,3,6084
1784155703455,q6-formal-delayed-20260715T224242Z,Executor1,Stage3-2-0,0,15,0,861,29,685,0,0
1784155704455,q6-formal-delayed-20260715T224242Z,Executor1,Stage1-2-0,0,4990,4875,21328,7164,643636,371,405336
1784155704455,q6-formal-delayed-20260715T224242Z,Executor1,Stage2-2-0,0,1635,148,37649,2113,126772,4,9224
1784155704455,q6-formal-delayed-20260715T224242Z,Executor1,Stage3-2-0,0,42,0,1657,41,1580,0,0
1784155705455,q6-formal-delayed-20260715T224242Z,Executor1,Stage1-2-0,0,4904,4818,20980,7924,629164,425,379285
1784155705455,q6-formal-delayed-20260715T224242Z,Executor1,Stage2-2-0,0,2169,73,49178,2650,148438,9,4846
1784155705455,q6-formal-delayed-20260715T224242Z,Executor1,Stage3-2-0,0,34,0,1488,53,1830,0,0
1784155706455,q6-formal-delayed-20260715T224242Z,Executor1,Stage1-2-0,0,5008,4904,20260,7239,636630,419,378159
1784155706455,q6-formal-delayed-20260715T224242Z,Executor1,Stage2-2-0,0,2923,95,65744,3446,207625,12,6085
1784155706455,q6-formal-delayed-20260715T224242Z,Executor1,Stage3-2-0,0,27,0,1171,33,1204,0,0
1784155707455,q6-formal-delayed-20260715T224242Z,Executor1,Stage1-2-0,0,5033,4911,20413,6776,642375,438,369826
1784155707455,q6-formal-delayed-20260715T224242Z,Executor1,Stage2-2-0,0,2835,140,63383,3298,193268,9,8305
1784155707455,q6-formal-delayed-20260715T224242Z,Executor1,Stage3-2-0,0,68,0,2260,69,2815,0,0
1784155708455,q6-formal-delayed-20260715T224242Z,Executor1,Stage1-2-0,0,5054,4958,20046,6914,645931,487,366882
1784155708455,q6-formal-delayed-20260715T224242Z,Executor1,Stage2-2-0,0,3309,131,72721,3579,222430,3,7956
1784155708455,q6-formal-delayed-20260715T224242Z,Executor1,Stage3-2-0,0,83,0,2667,85,3901,0,0
1784155709455,q6-formal-delayed-20260715T224242Z,Executor1,Stage1-2-0,0,4929,4818,18779,6764,633233,367,370232
1784155709455,q6-formal-delayed-20260715T224242Z,Executor1,Stage2-2-0,0,3610,162,80588,4184,253943,43,10838
1784155709455,q6-formal-delayed-20260715T224242Z,Executor1,Stage3-2-0,0,69,0,3123,90,3743,0,0
1784155710455,q6-formal-delayed-20260715T224242Z,Executor1,Stage1-2-0,0,5067,4965,21655,7089,651265,755,396408
1784155710455,q6-formal-delayed-20260715T224242Z,Executor1,Stage2-2-0,0,3077,196,71767,3699,220346,25,12653
1784155710455,q6-formal-delayed-20260715T224242Z,Executor1,Stage3-2-0,0,56,0,1953,57,2449,0,0
1784155711455,q6-formal-delayed-20260715T224242Z,Executor1,Stage1-2-0,0,5053,4949,19999,6848,646530,462,382810
1784155711455,q6-formal-delayed-20260715T224242Z,Executor1,Stage2-2-0,0,2966,174,65931,3411,209270,30,11131
1784155711455,q6-formal-delayed-20260715T224242Z,Executor1,Stage3-2-0,0,68,0,2305,77,3158,0,0
1784155712455,q6-formal-delayed-20260715T224242Z,Executor1,Stage1-2-0,0,5039,4942,20764,6941,647375,419,398672
1784155712455,q6-formal-delayed-20260715T224242Z,Executor1,Stage2-2-0,0,2882,134,66510,3530,218262,15,8553
1784155712455,q6-formal-delayed-20260715T224242Z,Executor1,Stage3-2-0,0,45,0,1643,47,1942,0,0
1784155713455,q6-formal-delayed-20260715T224242Z,Executor1,Stage1-2-0,0,4971,4876,20240,6749,637348,417,393186
1784155713455,q6-formal-delayed-20260715T224242Z,Executor1,Stage2-2-0,0,2459,155,54624,2965,180672,4,9725
1784155713455,q6-formal-delayed-20260715T224242Z,Executor1,Stage3-2-0,0,52,0,1762,52,2176,0,0
1784155714455,q6-formal-delayed-20260715T224242Z,Executor1,Stage1-2-0,0,5028,4936,21178,6850,639757,484,399859
1784155714455,q6-formal-delayed-20260715T224242Z,Executor1,Stage2-2-0,0,2436,119,54285,2916,182545,15,7967
1784155714455,q6-formal-delayed-20260715T224242Z,Executor1,Stage3-2-0,0,43,0,1712,55,2272,0,0
1784155715455,q6-formal-delayed-20260715T224242Z,Executor1,Stage1-2-0,0,5070,4963,20516,6472,656754,370,418835
1784155715455,q6-formal-delayed-20260715T224242Z,Executor1,Stage2-2-0,0,1872,133,46311,2605,149502,36,8776
1784155715455,q6-formal-delayed-20260715T224242Z,Executor1,Stage3-2-0,0,23,0,1094,28,1000,0,0
1784155716455,q6-formal-delayed-20260715T224242Z,Executor1,Stage1-2-0,0,5024,4927,21888,7596,641369,370,410156
1784155716455,q6-formal-delayed-20260715T224242Z,Executor1,Stage2-2-0,0,1784,136,42224,2403,139073,43,8896
1784155716455,q6-formal-delayed-20260715T224242Z,Executor1,Stage3-2-0,0,37,0,1511,43,1634,0,0
1784155717455,q6-formal-delayed-20260715T224242Z,Executor1,Stage1-2-0,0,5047,4942,20879,6937,649366,435,404099
1784155717455,q6-formal-delayed-20260715T224242Z,Executor1,Stage2-2-0,0,1876,97,44492,2395,138577,33,6291
1784155717455,q6-formal-delayed-20260715T224242Z,Executor1,Stage3-2-0,0,32,0,1355,42,1510,0,0
1784155718455,q6-formal-delayed-20260715T224242Z,Executor1,Stage1-2-0,0,4901,4815,21024,7121,624842,335,387028
1784155718455,q6-formal-delayed-20260715T224242Z,Executor1,Stage2-2-0,0,2280,96,56754,3073,161659,4,6175
1784155718455,q6-formal-delayed-20260715T224242Z,Executor1,Stage3-2-0,0,42,0,1636,48,2008,0,0
1784155719455,q6-formal-delayed-20260715T224242Z,Executor1,Stage1-2-0,0,4957,4849,20686,6904,634112,379,383077
1784155719455,q6-formal-delayed-20260715T224242Z,Executor1,Stage2-2-0,0,2736,121,61851,3355,197056,3,6980
1784155719455,q6-formal-delayed-20260715T224242Z,Executor1,Stage3-2-0,0,57,0,1867,54,2164,0,0
1784155720455,q6-formal-delayed-20260715T224242Z,Executor1,Stage1-2-0,0,4992,4909,20400,7089,638320,498,380332
1784155720455,q6-formal-delayed-20260715T224242Z,Executor1,Stage2-2-0,0,2747,115,62552,3212,190923,12,7133
1784155720455,q6-formal-delayed-20260715T224242Z,Executor1,Stage3-2-0,0,56,0,2028,60,2586,0,0
1784155721455,q6-formal-delayed-20260715T224242Z,Executor1,Stage1-2-0,0,5014,4928,20411,6806,642002,437,373371
1784155721455,q6-formal-delayed-20260715T224242Z,Executor1,Stage2-2-0,0,2993,144,65901,3281,204586,18,8971
1784155721455,q6-formal-delayed-20260715T224242Z,Executor1,Stage3-2-0,0,67,0,2184,69,3061,0,0
1784155722455,q6-formal-delayed-20260715T224242Z,Executor1,Stage1-2-0,0,4891,4802,19739,6644,623997,357,363658
1784155722455,q6-formal-delayed-20260715T224242Z,Executor1,Stage2-2-0,0,3253,165,73112,3733,228604,100,10113
1784155722455,q6-formal-delayed-20260715T224242Z,Executor1,Stage3-2-0,0,76,0,2401,69,3304,0,0
1784155723455,q6-formal-delayed-20260715T224242Z,Executor1,Stage1-2-0,0,4828,4723,19683,6853,618897,358,357071
1784155723455,q6-formal-delayed-20260715T224242Z,Executor1,Stage2-2-0,0,3058,184,66409,3439,209647,15,11900
1784155723455,q6-formal-delayed-20260715T224242Z,Executor1,Stage3-2-0,0,78,0,2576,88,3853,0,0
1784155724455,q6-formal-delayed-20260715T224242Z,Executor1,Stage1-2-0,0,4988,4884,20535,7303,635499,412,376704
1784155724455,q6-formal-delayed-20260715T224242Z,Executor1,Stage2-2-0,0,3384,158,75350,3922,240643,19,9861
1784155724455,q6-formal-delayed-20260715T224242Z,Executor1,Stage3-2-0,0,60,0,1937,58,2567,0,0
1784155725455,q6-formal-delayed-20260715T224242Z,Executor1,Stage1-2-0,0,4986,4885,23137,8171,638330,318,337110
1784155725455,q6-formal-delayed-20260715T224242Z,Executor1,Stage2-2-0,0,2893,160,90821,3419,206559,9,10088
1784155725455,q6-formal-delayed-20260715T224242Z,Executor1,Stage3-2-0,0,75,0,2588,81,3527,0,0
1784155726455,q6-formal-delayed-20260715T224242Z,Executor1,Stage1-2-0,0,5020,4921,20056,6867,646700,338,434269
1784155726455,q6-formal-delayed-20260715T224242Z,Executor1,Stage2-2-0,0,2899,116,62900,3632,200792,5,7163
1784155726455,q6-formal-delayed-20260715T224242Z,Executor1,Stage3-2-0,0,71,0,2305,68,3420,0,0
1784155727456,q6-formal-delayed-20260715T224242Z,Executor1,Stage1-2-0,0,5038,4942,21602,7323,645402,394,405828
1784155727456,q6-formal-delayed-20260715T224242Z,Executor1,Stage2-2-0,0,2779,143,64636,3721,212569,3,8851
1784155727456,q6-formal-delayed-20260715T224242Z,Executor1,Stage3-2-0,0,57,0,1883,52,2509,0,0
1784155728456,q6-formal-delayed-20260715T224242Z,Executor1,Stage1-2-0,0,4954,4851,20918,7250,631371,397,400137
1784155728456,q6-formal-delayed-20260715T224242Z,Executor1,Stage2-2-0,0,1922,160,42765,2341,149046,20,10868
1784155728456,q6-formal-delayed-20260715T224242Z,Executor1,Stage3-2-0,0,46,0,1762,61,2483,0,0
1784155729456,q6-formal-delayed-20260715T224242Z,Executor1,Stage1-2-0,0,24944,24455,68972,20905,3200907,1057,1327518
1784155729456,q6-formal-delayed-20260715T224242Z,Executor1,Stage2-2-0,0,3956,87,68553,2901,150286,49,5823
1784155729456,q6-formal-delayed-20260715T224242Z,Executor1,Stage3-2-0,0,19,0,1038,35,868,0,0
1784155730455,q6-formal-delayed-20260715T224242Z,Executor1,Stage1-2-0,0,24948,24457,37557,2453,3193074,739,976479
1784155730455,q6-formal-delayed-20260715T224242Z,Executor1,Stage2-2-0,0,10855,469,180447,7553,761240,40,30359
1784155730455,q6-formal-delayed-20260715T224242Z,Executor1,Stage3-2-0,0,42,0,1199,44,490,0,0
1784155731455,q6-formal-delayed-20260715T224242Z,Executor1,Stage1-2-0,0,13388,13132,14070,326,1714274,1524,1855734
1784155731455,q6-formal-delayed-20260715T224242Z,Executor1,Stage2-2-0,0,13176,822,216180,6996,1145424,62,25215
1784155731455,q6-formal-delayed-20260715T224242Z,Executor1,Stage3-2-0,0,111,0,2447,62,6589,0,0
1784155732455,q6-formal-delayed-20260715T224242Z,Executor1,Stage1-2-0,0,36855,36147,37879,1279,4712942,1264,2067381
1784155732455,q6-formal-delayed-20260715T224242Z,Executor1,Stage2-2-0,0,14277,790,197302,7028,865748,152,76266
1784155732455,q6-formal-delayed-20260715T224242Z,Executor1,Stage3-2-0,0,434,0,6367,71,16260,0,0
1784155733455,q6-formal-delayed-20260715T224242Z,Executor1,Stage1-2-0,0,24983,24486,26102,1155,3204924,1242,2051429
1784155733455,q6-formal-delayed-20260715T224242Z,Executor1,Stage2-2-0,0,12739,548,188332,7158,843074,51,35144
1784155733455,q6-formal-delayed-20260715T224242Z,Executor1,Stage3-2-0,0,187,0,3250,27,8739,0,0
1784155734455,q6-formal-delayed-20260715T224242Z,Executor1,Stage1-2-0,0,12404,12172,13393,179,1586532,1300,1967127
1784155734455,q6-formal-delayed-20260715T224242Z,Executor1,Stage2-2-0,0,12358,858,212835,7528,1135170,155,54193
1784155734455,q6-formal-delayed-20260715T224242Z,Executor1,Stage3-2-0,0,134,0,2064,18,8022,0,0
1784155735455,q6-formal-delayed-20260715T224242Z,Executor1,Stage1-2-0,0,37364,36615,39580,1444,4784702,1436,2050703
1784155735455,q6-formal-delayed-20260715T224242Z,Executor1,Stage2-2-0,0,13534,637,186347,7107,798365,64,41711
1784155735455,q6-formal-delayed-20260715T224242Z,Executor1,Stage3-2-0,0,392,0,6225,94,16094,0,0
1784155736455,q6-formal-delayed-20260715T224242Z,Executor1,Stage1-2-0,0,24854,24351,25191,792,3187211,1278,1944407
1784155736455,q6-formal-delayed-20260715T224242Z,Executor1,Stage2-2-0,0,11298,686,189867,7344,927706,70,43133
1784155736455,q6-formal-delayed-20260715T224242Z,Executor1,Stage3-2-0,0,186,0,2995,34,7179,0,0
1784155737455,q6-formal-delayed-20260715T224242Z,Executor1,Stage1-2-0,0,17814,17468,18387,301,2285276,1266,1902382
1784155737455,q6-formal-delayed-20260715T224242Z,Executor1,Stage2-2-0,0,13420,861,211360,7300,1079109,127,54846
1784155737455,q6-formal-delayed-20260715T224242Z,Executor1,Stage3-2-0,0,208,0,3216,20,12455,0,0
1784155738455,q6-formal-delayed-20260715T224242Z,Executor1,Stage1-2-0,0,23219,22740,32806,1636,2985492,1377,2054173
1784155738455,q6-formal-delayed-20260715T224242Z,Executor1,Stage2-2-0,0,10481,635,170684,7432,806997,62,41616
1784155738455,q6-formal-delayed-20260715T224242Z,Executor1,Stage3-2-0,0,358,0,5279,84,16239,0,0
1784155739455,q6-formal-delayed-20260715T224242Z,Executor1,Stage1-2-0,0,14220,13897,31848,8921,1824577,1583,1641831
1784155739455,q6-formal-delayed-20260715T224242Z,Executor1,Stage2-2-0,0,14537,675,229215,8399,1028469,62,34706
1784155739455,q6-formal-delayed-20260715T224242Z,Executor1,Stage3-2-0,0,169,0,2420,50,8401,0,0
1784155740455,q6-formal-delayed-20260715T224242Z,Executor1,Stage1-2-0,0,44330,43463,75838,20022,5670333,1555,2332293
1784155740455,q6-formal-delayed-20260715T224242Z,Executor1,Stage2-2-0,0,14245,805,221555,7145,1008783,169,58413
1784155740455,q6-formal-delayed-20260715T224242Z,Executor1,Stage3-2-0,0,336,0,4426,21,12861,0,0
1784155741455,q6-formal-delayed-20260715T224242Z,Executor1,Stage1-2-0,0,25918,25375,31678,1962,3332480,1361,2209606
1784155741455,q6-formal-delayed-20260715T224242Z,Executor1,Stage2-2-0,0,13766,645,187039,7086,761691,46,42775
1784155741455,q6-formal-delayed-20260715T224242Z,Executor1,Stage3-2-0,0,242,0,4480,69,11101,0,0
1784155742455,q6-formal-delayed-20260715T224242Z,Executor1,Stage1-2-0,0,16880,16537,16379,195,2163704,1281,1671452
1784155742455,q6-formal-delayed-20260715T224242Z,Executor1,Stage2-2-0,0,11997,792,205410,7203,1111786,79,49679
1784155742455,q6-formal-delayed-20260715T224242Z,Executor1,Stage3-2-0,0,104,0,1459,20,6217,0,0
1784155743455,q6-formal-delayed-20260715T224242Z,Executor1,Stage1-2-0,0,33022,32361,33044,875,4242107,979,1977581
1784155743455,q6-formal-delayed-20260715T224242Z,Executor1,Stage2-2-0,0,13971,761,202285,7426,917867,89,49371
1784155743455,q6-formal-delayed-20260715T224242Z,Executor1,Stage3-2-0,0,377,0,4707,62,14443,0,0
1784155744455,q6-formal-delayed-20260715T224242Z,Executor1,Stage1-2-0,0,25113,24620,25626,1244,3224871,1339,1945920
1784155744455,q6-formal-delayed-20260715T224242Z,Executor1,Stage2-2-0,0,12778,644,194329,7198,869940,30,41601
1784155744455,q6-formal-delayed-20260715T224242Z,Executor1,Stage3-2-0,0,204,0,3515,72,9453,0,0
1784155745455,q6-formal-delayed-20260715T224242Z,Executor1,Stage1-2-0,0,20195,19823,20513,407,2591440,1540,2173821
1784155745455,q6-formal-delayed-20260715T224242Z,Executor1,Stage2-2-0,0,12712,762,207675,7563,1063321,160,46767
1784155745455,q6-formal-delayed-20260715T224242Z,Executor1,Stage3-2-0,0,152,0,2063,19,9069,0,0
1784155746455,q6-formal-delayed-20260715T224242Z,Executor1,Stage1-2-0,0,29681,29114,29683,1020,3800259,1288,1792197
1784155746455,q6-formal-delayed-20260715T224242Z,Executor1,Stage2-2-0,0,14276,787,195864,6822,849726,100,47997
1784155746455,q6-formal-delayed-20260715T224242Z,Executor1,Stage3-2-0,0,434,0,5261,65,16151,0,0
1784155747455,q6-formal-delayed-20260715T224242Z,Executor1,Stage1-2-0,0,25176,24646,25946,976,3237832,2019,2076749
1784155747455,q6-formal-delayed-20260715T224242Z,Executor1,Stage2-2-0,0,11391,625,189654,7372,948590,136,40262
1784155747455,q6-formal-delayed-20260715T224242Z,Executor1,Stage3-2-0,0,286,0,3640,24,12491,0,0
1784155748455,q6-formal-delayed-20260715T224242Z,Executor1,Stage1-2-0,0,6768,6624,7346,468,868637,891,1561634
1784155748455,q6-formal-delayed-20260715T224242Z,Executor1,Stage2-2-0,0,13620,871,239012,8623,1047274,15,21396
1784155748455,q6-formal-delayed-20260715T224242Z,Executor1,Stage3-2-0,0,164,0,2233,55,9808,0,0
1784155749455,q6-formal-delayed-20260715T224242Z,Executor1,Stage1-2-0,0,43354,42508,49862,1745,5567652,1478,2643162
1784155749455,q6-formal-delayed-20260715T224242Z,Executor1,Stage2-2-0,0,13899,622,192309,7412,800751,128,74621
1784155749455,q6-formal-delayed-20260715T224242Z,Executor1,Stage3-2-0,0,376,0,4826,62,15387,0,0
1784155750455,q6-formal-delayed-20260715T224242Z,Executor1,Stage1-2-0,0,24230,23746,23708,659,3103917,1048,1710593
1784155750455,q6-formal-delayed-20260715T224242Z,Executor1,Stage2-2-0,0,10543,700,190990,7702,996091,121,44827
1784155750455,q6-formal-delayed-20260715T224242Z,Executor1,Stage3-2-0,0,108,0,1609,24,6570,0,0
1784155751455,q6-formal-delayed-20260715T224242Z,Executor1,Stage1-2-0,0,18447,18091,19790,244,2366168,1424,2075142
1784155751455,q6-formal-delayed-20260715T224242Z,Executor1,Stage2-2-0,0,15390,838,224113,7454,1078031,88,53182
1784155751455,q6-formal-delayed-20260715T224242Z,Executor1,Stage3-2-0,0,231,0,2726,16,10354,0,0
1784155752455,q6-formal-delayed-20260715T224242Z,Executor1,Stage1-2-0,0,32544,31937,41073,1864,4161663,1256,2279096
1784155752455,q6-formal-delayed-20260715T224242Z,Executor1,Stage2-2-0,0,13516,661,185076,7210,759370,85,43083
1784155752455,q6-formal-delayed-20260715T224242Z,Executor1,Stage3-2-0,0,360,0,5076,101,14095,0,0
1784155753455,q6-formal-delayed-20260715T224242Z,Executor1,Stage1-2-0,0,19566,19185,19877,531,2510223,1334,1652988
1784155753455,q6-formal-delayed-20260715T224242Z,Executor1,Stage2-2-0,0,11236,722,198891,7553,1055902,74,44033
1784155753455,q6-formal-delayed-20260715T224242Z,Executor1,Stage3-2-0,0,130,0,1863,17,7800,0,0
1784155754455,q6-formal-delayed-20260715T224242Z,Executor1,Stage1-2-0,0,30482,29905,31278,723,3902711,1357,2051053
1784155754455,q6-formal-delayed-20260715T224242Z,Executor1,Stage2-2-0,0,13919,825,203493,7224,962670,110,52487
1784155754455,q6-formal-delayed-20260715T224242Z,Executor1,Stage3-2-0,0,451,0,5315,28,16951,0,0
1784155755455,q6-formal-delayed-20260715T224242Z,Executor1,Stage1-2-0,0,25161,24658,28055,1446,3213299,1228,1805669
1784155755455,q6-formal-delayed-20260715T224242Z,Executor1,Stage2-2-0,0,13959,655,196461,7284,816625,121,42680
1784155755455,q6-formal-delayed-20260715T224242Z,Executor1,Stage3-2-0,0,288,0,4241,98,14641,0,0
1784155756455,q6-formal-delayed-20260715T224242Z,Executor1,Stage1-2-0,0,18569,18228,18867,307,2381712,1245,2064756
1784155756455,q6-formal-delayed-20260715T224242Z,Executor1,Stage2-2-0,0,11897,673,204367,7594,1086947,94,41418
1784155756455,q6-formal-delayed-20260715T224242Z,Executor1,Stage3-2-0,0,153,0,2102,18,9124,0,0
1784155757455,q6-formal-delayed-20260715T224242Z,Executor1,Stage1-2-0,0,11923,11712,16594,564,1520523,1133,1712457
1784155757455,q6-formal-delayed-20260715T224242Z,Executor1,Stage2-2-0,0,12185,827,188468,7251,909081,83,46825
1784155757455,q6-formal-delayed-20260715T224242Z,Executor1,Stage3-2-0,0,303,0,58652,55,13458,0,0
1784155758455,q6-formal-delayed-20260715T224242Z,Executor1,Stage1-2-0,0,44189,43303,46958,2859,5657268,1459,2225346
1784155758455,q6-formal-delayed-20260715T224242Z,Executor1,Stage2-2-0,0,14428,603,209553,7595,900720,161,44775
1784155758455,q6-formal-delayed-20260715T224242Z,Executor1,Stage3-2-0,0,300,0,3743,57,10713,0,0
1784155759455,q6-formal-delayed-20260715T224242Z,Executor1,Stage1-2-0,0,24505,24012,23992,422,3129707,1317,1952556
1784155759455,q6-formal-delayed-20260715T224242Z,Executor1,Stage2-2-0,0,12412,827,199036,6597,1034972,226,52536
1784155759455,q6-formal-delayed-20260715T224242Z,Executor1,Stage3-2-0,0,174,0,2333,17,8359,0,0
1784155760455,q6-formal-delayed-20260715T224242Z,Executor1,Stage1-2-0,0,25373,24857,27486,1148,3243468,1247,1948960
1784155760455,q6-formal-delayed-20260715T224242Z,Executor1,Stage2-2-0,0,14544,766,201887,6819,912431,97,50284
1784155760455,q6-formal-delayed-20260715T224242Z,Executor1,Stage3-2-0,0,300,0,3779,64,12641,0,0
1784155761455,q6-formal-delayed-20260715T224242Z,Executor1,Stage1-2-0,0,24809,24306,24951,1394,3181624,1326,1876120
1784155761455,q6-formal-delayed-20260715T224242Z,Executor1,Stage2-2-0,0,12771,578,192578,6963,887256,43,37004
1784155761455,q6-formal-delayed-20260715T224242Z,Executor1,Stage3-2-0,0,203,0,2912,56,9394,0,0
1784155762455,q6-formal-delayed-20260715T224242Z,Executor1,Stage1-2-0,0,15895,15594,16787,298,2037295,1312,2072702
1784155762455,q6-formal-delayed-20260715T224242Z,Executor1,Stage2-2-0,0,12440,781,204510,7094,1081144,115,48931
1784155762455,q6-formal-delayed-20260715T224242Z,Executor1,Stage3-2-0,0,160,0,2184,41,9629,0,0
1784155763455,q6-formal-delayed-20260715T224242Z,Executor1,Stage1-2-0,0,34168,33484,42364,1724,4374591,1364,2368824
1784155763455,q6-formal-delayed-20260715T224242Z,Executor1,Stage2-2-0,0,13361,665,181162,6605,778196,45,43284
1784155763455,q6-formal-delayed-20260715T224242Z,Executor1,Stage3-2-0,0,420,0,5791,109,17504,0,0
1784155764455,q6-formal-delayed-20260715T224242Z,Executor1,Stage1-2-0,0,24985,24472,25318,909,3201650,1215,1615391
1784155764455,q6-formal-delayed-20260715T224242Z,Executor1,Stage2-2-0,0,11050,666,183060,6785,960178,73,41473
1784155764455,q6-formal-delayed-20260715T224242Z,Executor1,Stage3-2-0,0,205,0,2717,27,8070,0,0
1784155765455,q6-formal-delayed-20260715T224242Z,Executor1,Stage1-2-0,0,22837,22388,23433,418,2933970,1136,1897557
1784155765455,q6-formal-delayed-20260715T224242Z,Executor1,Stage2-2-0,0,13495,762,207402,6701,1016861,73,49345
1784155765455,q6-formal-delayed-20260715T224242Z,Executor1,Stage3-2-0,0,240,0,3251,25,13125,0,0
1784155766455,q6-formal-delayed-20260715T224242Z,Executor1,Stage1-2-0,0,27036,26469,28981,1713,3461786,1625,2020793
1784155766455,q6-formal-delayed-20260715T224242Z,Executor1,Stage2-2-0,0,14077,711,193443,6900,802262,88,46170
1784155766455,q6-formal-delayed-20260715T224242Z,Executor1,Stage3-2-0,0,331,0,4500,76,14467,0,0
1784155767455,q6-formal-delayed-20260715T224242Z,Executor1,Stage1-2-0,0,7583,7455,9736,673,979861,880,1715913
1784155767455,q6-formal-delayed-20260715T224242Z,Executor1,Stage2-2-0,0,10878,605,200686,34503,1026283,90,37682
1784155767455,q6-formal-delayed-20260715T224242Z,Executor1,Stage3-2-0,0,140,0,2229,57,8388,0,0
1784155768455,q6-formal-delayed-20260715T224242Z,Executor1,Stage1-2-0,0,42483,41657,43520,1275,5452669,1485,2294542
1784155768455,q6-formal-delayed-20260715T224242Z,Executor1,Stage2-2-0,0,14151,889,199508,6529,923522,119,57417
1784155768455,q6-formal-delayed-20260715T224242Z,Executor1,Stage3-2-0,0,314,0,3802,44,10707,0,0
1784155769455,q6-formal-delayed-20260715T224242Z,Executor1,Stage1-2-0,0,24990,24465,26873,1450,3202639,1055,1839802
1784155769455,q6-formal-delayed-20260715T224242Z,Executor1,Stage2-2-0,0,13488,588,193173,6984,843356,45,37713
1784155769455,q6-formal-delayed-20260715T224242Z,Executor1,Stage3-2-0,0,253,0,3459,58,12366,0,0
1784155770455,q6-formal-delayed-20260715T224242Z,Executor1,Stage1-2-0,0,22186,21767,22074,487,2835245,1404,2104579
1784155770455,q6-formal-delayed-20260715T224242Z,Executor1,Stage2-2-0,0,10745,699,189363,7159,1015032,122,42495
1784155770455,q6-formal-delayed-20260715T224242Z,Executor1,Stage3-2-0,0,157,0,2188,24,8368,0,0
1784155771455,q6-formal-delayed-20260715T224242Z,Executor1,Stage1-2-0,0,27718,27170,28644,651,3542181,1170,2010015
1784155771455,q6-formal-delayed-20260715T224242Z,Executor1,Stage2-2-0,0,14096,760,197440,6623,972595,82,49001
1784155771455,q6-formal-delayed-20260715T224242Z,Executor1,Stage3-2-0,0,403,0,6459,44,16017,0,0
1784155772455,q6-formal-delayed-20260715T224242Z,Executor1,Stage1-2-0,0,25126,24582,30128,1567,3227349,1267,2011907
1784155772455,q6-formal-delayed-20260715T224242Z,Executor1,Stage2-2-0,0,13495,553,185910,6754,799927,47,35414
1784155772455,q6-formal-delayed-20260715T224242Z,Executor1,Stage3-2-0,0,269,0,3908,76,13403,0,0
1784155773455,q6-formal-delayed-20260715T224242Z,Executor1,Stage1-2-0,0,14180,13893,14390,218,1822829,1120,1850856
1784155773455,q6-formal-delayed-20260715T224242Z,Executor1,Stage2-2-0,0,11720,834,198270,6973,1088389,118,51381
1784155773455,q6-formal-delayed-20260715T224242Z,Executor1,Stage3-2-0,0,171,0,2285,22,7084,0,0
1784155774455,q6-formal-delayed-20260715T224242Z,Executor1,Stage1-2-0,0,35937,35192,37148,1486,4611986,1167,1930640
1784155774455,q6-formal-delayed-20260715T224242Z,Executor1,Stage2-2-0,0,13656,714,188951,6825,806923,54,47219
1784155774455,q6-formal-delayed-20260715T224242Z,Executor1,Stage3-2-0,0,383,0,5745,117,17707,0,0
1784155775455,q6-formal-delayed-20260715T224242Z,Executor1,Stage1-2-0,0,25170,24682,25630,817,3229037,1563,2114501
1784155775455,q6-formal-delayed-20260715T224242Z,Executor1,Stage2-2-0,0,11883,577,191539,7076,928008,114,37334
1784155775455,q6-formal-delayed-20260715T224242Z,Executor1,Stage3-2-0,0,191,0,2670,21,8905,0,0
1784155776455,q6-formal-delayed-20260715T224242Z,Executor1,Stage1-2-0,0,5503,5384,7487,491,707433,1233,1687972
1784155776455,q6-formal-delayed-20260715T224242Z,Executor1,Stage2-2-0,0,12654,860,200928,7033,1033479,82,48515
1784155776455,q6-formal-delayed-20260715T224242Z,Executor1,Stage3-2-0,0,144,0,1943,23,8698,0,0
1784155777455,q6-formal-delayed-20260715T224242Z,Executor1,Stage1-2-0,0,44206,43304,47983,2285,5667921,1390,2173445
1784155777455,q6-formal-delayed-20260715T224242Z,Executor1,Stage2-2-0,0,14478,638,193541,7140,839631,68,48598
1784155777455,q6-formal-delayed-20260715T224242Z,Executor1,Stage3-2-0,0,350,0,4422,75,14207,0,0
1784155778455,q6-formal-delayed-20260715T224242Z,Executor1,Stage1-2-0,0,21805,21355,21953,441,2794605,2191,2061343
1784155778455,q6-formal-delayed-20260715T224242Z,Executor1,Stage2-2-0,0,11006,680,189250,7075,1041688,110,42761
1784155778455,q6-formal-delayed-20260715T224242Z,Executor1,Stage3-2-0,0,127,0,1800,28,6754,0,0
1784155779455,q6-formal-delayed-20260715T224242Z,Executor1,Stage1-2-0,0,28188,27632,28764,532,3603604,1274,2037806
1784155779455,q6-formal-delayed-20260715T224242Z,Executor1,Stage2-2-0,0,14128,893,200957,6575,1008904,89,56830
1784155779455,q6-formal-delayed-20260715T224242Z,Executor1,Stage3-2-0,0,343,0,4093,29,12329,0,0
1784155780455,q6-formal-delayed-20260715T224242Z,Executor1,Stage1-2-0,0,25161,24668,28490,1394,3229356,1195,1946480
1784155780455,q6-formal-delayed-20260715T224242Z,Executor1,Stage2-2-0,0,14155,644,190547,6738,833901,79,41892
1784155780455,q6-formal-delayed-20260715T224242Z,Executor1,Stage3-2-0,0,291,0,4115,77,14753,0,0
1784155781455,q6-formal-delayed-20260715T224242Z,Executor1,Stage1-2-0,0,25025,24517,24805,608,3206474,1230,1919555
1784155781455,q6-formal-delayed-20260715T224242Z,Executor1,Stage2-2-0,0,10700,773,183513,6688,982229,130,47309
1784155781455,q6-formal-delayed-20260715T224242Z,Executor1,Stage3-2-0,0,224,0,2764,33,7618,0,0
1784155782455,q6-formal-delayed-20260715T224242Z,Executor1,Stage1-2-0,0,25101,24605,26046,651,3214647,1907,2032288
1784155782455,q6-formal-delayed-20260715T224242Z,Executor1,Stage2-2-0,0,13246,795,197932,6939,952122,133,51611
1784155782455,q6-formal-delayed-20260715T224242Z,Executor1,Stage3-2-0,0,339,0,4513,36,16649,0,0
1784155783455,q6-formal-delayed-20260715T224242Z,Executor1,Stage1-2-0,0,24959,24498,25245,1156,3216880,1168,1854855
1784155783455,q6-formal-delayed-20260715T224242Z,Executor1,Stage2-2-0,0,14001,583,196931,6992,871136,74,37643
1784155783455,q6-formal-delayed-20260715T224242Z,Executor1,Stage3-2-0,0,245,0,3427,63,11982,0,0
1784155784455,q6-formal-delayed-20260715T224242Z,Executor1,Stage1-2-0,0,13003,12749,13305,186,1672574,1288,2100065
1784155784455,q6-formal-delayed-20260715T224242Z,Executor1,Stage2-2-0,0,12619,825,209758,7214,1085153,126,51646
1784155784455,q6-formal-delayed-20260715T224242Z,Executor1,Stage3-2-0,0,123,0,1715,23,7454,0,0
1784155785455,q6-formal-delayed-20260715T224242Z,Executor1,Stage1-2-0,0,36864,36108,36073,998,4735615,1018,1821053
1784155785455,q6-formal-delayed-20260715T224242Z,Executor1,Stage2-2-0,0,15025,756,202292,6983,909945,83,49181
1784155785455,q6-formal-delayed-20260715T224242Z,Executor1,Stage3-2-0,0,370,0,4571,75,14735,0,0
1784155786455,q6-formal-delayed-20260715T224242Z,Executor1,Stage1-2-0,0,24692,24187,27341,1473,3171111,1320,2190327
1784155786455,q6-formal-delayed-20260715T224242Z,Executor1,Stage2-2-0,0,8738,607,188984,7462,854285,100,40529
1784155786455,q6-formal-delayed-20260715T224242Z,Executor1,Stage3-2-0,0,145,0,2035,39,7650,0,0
1784155787455,q6-formal-delayed-20260715T224242Z,Executor1,Stage1-2-0,0,21762,21340,21621,323,2785458,1310,1893788
1784155787455,q6-formal-delayed-20260715T224242Z,Executor1,Stage2-2-0,0,15424,854,219712,6787,1078258,132,53171
1784155787455,q6-formal-delayed-20260715T224242Z,Executor1,Stage3-2-0,0,165,0,3309,96,7894,0,0
1784155788455,q6-formal-delayed-20260715T224242Z,Executor1,Stage1-2-0,0,28694,28079,28612,1223,3689624,1220,1861702
1784155788455,q6-formal-delayed-20260715T224242Z,Executor1,Stage2-2-0,0,14666,754,196659,6879,850606,41,47663
1784155788455,q6-formal-delayed-20260715T224242Z,Executor1,Stage3-2-0,0,444,0,5638,98,16817,0,0
1784155789455,q6-formal-delayed-20260715T224242Z,Executor1,Stage1-2-0,0,24966,24450,24073,647,3206741,1332,2101005
1784155789455,q6-formal-delayed-20260715T224242Z,Executor1,Stage2-2-0,0,11099,694,189736,7080,1021260,94,43601
1784155789455,q6-formal-delayed-20260715T224242Z,Executor1,Stage3-2-0,0,270,0,3359,27,11969,0,0
1784155790455,q6-formal-delayed-20260715T224242Z,Executor1,Stage1-2-0,0,18864,18473,18839,385,2420995,1355,1958966
1784155790455,q6-formal-delayed-20260715T224242Z,Executor1,Stage2-2-0,0,14352,848,214906,7011,1045631,125,53524
1784155790455,q6-formal-delayed-20260715T224242Z,Executor1,Stage3-2-0,0,210,0,2887,71,12682,0,0
1784155791455,q6-formal-delayed-20260715T224242Z,Executor1,Stage1-2-0,0,31153,30546,31702,1215,3999601,1301,1987745
1784155791455,q6-formal-delayed-20260715T224242Z,Executor1,Stage2-2-0,0,14305,708,199823,7202,898076,76,46467
1784155791455,q6-formal-delayed-20260715T224242Z,Executor1,Stage3-2-0,0,384,0,5154,76,15282,0,0
1784155792455,q6-formal-delayed-20260715T224242Z,Executor1,Stage1-2-0,0,25074,24595,24835,815,3224491,1298,1999610
1784155792455,q6-formal-delayed-20260715T224242Z,Executor1,Stage2-2-0,0,13129,681,198135,6898,953292,140,43184
1784155792455,q6-formal-delayed-20260715T224242Z,Executor1,Stage3-2-0,0,174,0,2352,23,6628,0,0
1784155793455,q6-formal-delayed-20260715T224242Z,Executor1,Stage1-2-0,0,25242,24740,26111,607,3240537,1340,1985094
1784155793455,q6-formal-delayed-20260715T224242Z,Executor1,Stage2-2-0,0,12732,732,195508,6484,983849,61,46160
1784155793455,q6-formal-delayed-20260715T224242Z,Executor1,Stage3-2-0,0,238,0,3099,17,9844,0,0
1784155794455,q6-formal-delayed-20260715T224242Z,Executor1,Stage1-2-0,0,24963,24475,26056,1465,3205938,1208,1960193
1784155794455,q6-formal-delayed-20260715T224242Z,Executor1,Stage2-2-0,0,13815,702,189936,6489,829381,64,45700
1784155794455,q6-formal-delayed-20260715T224242Z,Executor1,Stage3-2-0,0,250,0,3513,57,11916,0,0
1784155795455,q6-formal-delayed-20260715T224242Z,Executor1,Stage1-2-0,0,0,0,0,0,0,1080,1567698
1784155795455,q6-formal-delayed-20260715T224242Z,Executor1,Stage2-2-0,0,11201,677,247775,7487,1029930,7,18327
1784155795455,q6-formal-delayed-20260715T224242Z,Executor1,Stage3-2-0,0,100,0,1724,21,6048,0,0
1784155796455,q6-formal-delayed-20260715T224242Z,Executor1,Stage1-2-0,0,30410,29772,50896,7892,3901266,1544,2046673
1784155796455,q6-formal-delayed-20260715T224242Z,Executor1,Stage2-2-0,0,13628,909,209824,7463,1008396,173,75187
1784155796455,q6-formal-delayed-20260715T224242Z,Executor1,Stage3-2-0,0,448,0,7011,174,21291,0,0
1784155797456,q6-formal-delayed-20260715T224242Z,Executor1,Stage1-2-0,0,44130,43216,69016,15508,5663448,1313,2147809
1784155797456,q6-formal-delayed-20260715T224242Z,Executor1,Stage2-2-0,0,12939,841,199328,6879,890375,146,45017
1784155797456,q6-formal-delayed-20260715T224242Z,Executor1,Stage3-2-0,0,392,0,5274,36,14184,0,0
1784155798455,q6-formal-delayed-20260715T224242Z,Executor1,Stage1-2-0,0,24575,24085,25061,552,3140837,1483,2117172
1784155798455,q6-formal-delayed-20260715T224242Z,Executor1,Stage2-2-0,0,14118,441,215666,7609,1054176,185,42212
1784155798455,q6-formal-delayed-20260715T224242Z,Executor1,Stage3-2-0,0,250,0,3384,15,14681,0,0
1784155799455,q6-formal-delayed-20260715T224242Z,Executor1,Stage1-2-0,0,25567,25060,26955,1032,3275855,1181,1833291
1784155799455,q6-formal-delayed-20260715T224242Z,Executor1,Stage2-2-0,0,14325,764,193497,6225,853424,51,48595
1784155799455,q6-formal-delayed-20260715T224242Z,Executor1,Stage3-2-0,0,250,0,3515,55,8848,0,0
1784155800455,q6-formal-delayed-20260715T224242Z,Executor1,Stage1-2-0,0,24995,24504,25958,1054,3207223,1556,1975343
1784155800455,q6-formal-delayed-20260715T224242Z,Executor1,Stage2-2-0,0,11979,641,185161,6724,898491,35,40229
1784155800455,q6-formal-delayed-20260715T224242Z,Executor1,Stage3-2-0,0,221,0,4240,74,9747,0,0
1784155801455,q6-formal-delayed-20260715T224242Z,Executor1,Stage1-2-0,0,19589,19184,19662,310,2518582,1607,2088560
1784155801455,q6-formal-delayed-20260715T224242Z,Executor1,Stage2-2-0,0,12539,821,200569,6770,1075306,146,52750
1784155801455,q6-formal-delayed-20260715T224242Z,Executor1,Stage3-2-0,0,177,0,2373,25,10147,0,0
1784155802455,q6-formal-delayed-20260715T224242Z,Executor1,Stage1-2-0,0,30396,29787,30742,1053,3891460,1117,1863535
1784155802455,q6-formal-delayed-20260715T224242Z,Executor1,Stage2-2-0,0,15017,657,198026,6544,891676,60,42776
1784155802455,q6-formal-delayed-20260715T224242Z,Executor1,Stage3-2-0,0,370,0,5189,68,15459,0,0
1784155803455,q6-formal-delayed-20260715T224242Z,Executor1,Stage1-2-0,0,24853,24346,25292,635,3184065,1570,2139987
1784155803455,q6-formal-delayed-20260715T224242Z,Executor1,Stage2-2-0,0,11503,721,189542,6719,1005176,92,45636
1784155803455,q6-formal-delayed-20260715T224242Z,Executor1,Stage3-2-0,0,228,0,3103,21,9612,0,0
1784155804455,q6-formal-delayed-20260715T224242Z,Executor1,Stage1-2-0,0,8248,8094,15836,817,1061034,1134,1632753
1784155804455,q6-formal-delayed-20260715T224242Z,Executor1,Stage2-2-0,0,12929,841,198500,6857,987253,66,48048
1784155804455,q6-formal-delayed-20260715T224242Z,Executor1,Stage3-2-0,0,192,0,2752,33,11589,0,0
1784155805455,q6-formal-delayed-20260715T224242Z,Executor1,Stage1-2-0,0,41761,40941,53938,3119,5361278,1597,2659573
1784155805455,q6-formal-delayed-20260715T224242Z,Executor1,Stage2-2-0,0,13600,622,188050,7094,779525,130,45858
1784155805455,q6-formal-delayed-20260715T224242Z,Executor1,Stage3-2-0,0,363,0,5127,83,14327,0,0
1784155806455,q6-formal-delayed-20260715T224242Z,Executor1,Stage1-2-0,0,25132,24670,24833,611,3222684,999,1558846
1784155806455,q6-formal-delayed-20260715T224242Z,Executor1,Stage2-2-0,0,10760,706,188293,6800,1012968,129,44381
1784155806455,q6-formal-delayed-20260715T224242Z,Executor1,Stage3-2-0,0,207,0,2641,16,8185,0,0
1784155807455,q6-formal-delayed-20260715T224242Z,Executor1,Stage1-2-0,0,9080,8896,29761,9698,1164299,1161,1728614
1784155807455,q6-formal-delayed-20260715T224242Z,Executor1,Stage2-2-0,0,14303,843,209551,6753,1017730,29,48136
1784155807455,q6-formal-delayed-20260715T224242Z,Executor1,Stage3-2-0,0,234,0,2997,19,14048,0,0
1784155808455,q6-formal-delayed-20260715T224242Z,Executor1,Stage1-2-0,0,39252,38411,93753,28094,5043255,1362,2143630
1784155808455,q6-formal-delayed-20260715T224242Z,Executor1,Stage2-2-0,0,11262,651,189362,6862,851760,128,48596
1784155808455,q6-formal-delayed-20260715T224242Z,Executor1,Stage3-2-0,0,347,0,5385,61,15665,0,0
1784155809455,q6-formal-delayed-20260715T224242Z,Executor1,Stage1-2-0,0,22653,22196,28819,2962,2912538,1442,2089303
1784155809455,q6-formal-delayed-20260715T224242Z,Executor1,Stage2-2-0,0,15018,686,255779,7072,1061531,71,43697
1784155809455,q6-formal-delayed-20260715T224242Z,Executor1,Stage3-2-0,0,156,0,2661,14,7252,0,0
1784155810455,q6-formal-delayed-20260715T224242Z,Executor1,Stage1-2-0,0,29040,28459,30644,1342,3726895,1154,1884691
1784155810455,q6-formal-delayed-20260715T224242Z,Executor1,Stage2-2-0,0,14273,845,190812,6362,843950,52,54065
1784155810455,q6-formal-delayed-20260715T224242Z,Executor1,Stage3-2-0,0,340,0,4599,81,12700,0,0
1784155811455,q6-formal-delayed-20260715T224242Z,Executor1,Stage1-2-0,0,25021,24530,26999,1368,3213329,1308,2050822
1784155811455,q6-formal-delayed-20260715T224242Z,Executor1,Stage2-2-0,0,11400,593,184844,7081,892701,71,38292
1784155811455,q6-formal-delayed-20260715T224242Z,Executor1,Stage3-2-0,0,257,0,3621,55,12632,0,0
1784155812455,q6-formal-delayed-20260715T224242Z,Executor1,Stage1-2-0,0,25102,24611,25937,643,3213628,1180,2059524
1784155812455,q6-formal-delayed-20260715T224242Z,Executor1,Stage2-2-0,0,11983,785,192739,6643,994229,208,49916
1784155812455,q6-formal-delayed-20260715T224242Z,Executor1,Stage3-2-0,0,203,0,2797,24,7995,0,0
1784155813455,q6-formal-delayed-20260715T224242Z,Executor1,Stage1-2-0,0,24960,24451,25653,1081,3193131,1224,1880367
1784155813455,q6-formal-delayed-20260715T224242Z,Executor1,Stage2-2-0,0,14376,629,199716,6954,883872,93,39056
1784155813455,q6-formal-delayed-20260715T224242Z,Executor1,Stage3-2-0,0,342,0,4677,67,16307,0,0
1784155814455,q6-formal-delayed-20260715T224242Z,Executor1,Stage1-2-0,0,13180,12946,16738,1079,1687466,1117,2000745
1784155814455,q6-formal-delayed-20260715T224242Z,Executor1,Stage2-2-0,0,10528,629,215998,7608,975896,67,38734
1784155814455,q6-formal-delayed-20260715T224242Z,Executor1,Stage3-2-0,0,172,0,2469,33,10394,0,0
1784155815455,q6-formal-delayed-20260715T224242Z,Executor1,Stage1-2-0,0,32907,32253,33363,843,4223301,1297,2003792
1784155815455,q6-formal-delayed-20260715T224242Z,Executor1,Stage2-2-0,0,14587,876,210925,6598,1032947,106,55538
1784155815455,q6-formal-delayed-20260715T224242Z,Executor1,Stage3-2-0,0,308,0,3772,31,13140,0,0
1784155816455,q6-formal-delayed-20260715T224242Z,Executor1,Stage1-2-0,0,28851,28262,35081,1406,3701165,1356,2337108
1784155816455,q6-formal-delayed-20260715T224242Z,Executor1,Stage2-2-0,0,13505,646,183659,6266,782740,55,42632
1784155816455,q6-formal-delayed-20260715T224242Z,Executor1,Stage3-2-0,0,377,0,4889,46,16018,0,0
1784155817455,q6-formal-delayed-20260715T224242Z,Executor1,Stage1-2-0,0,24979,24495,25353,827,3191630,1189,1664591
1784155817455,q6-formal-delayed-20260715T224242Z,Executor1,Stage2-2-0,0,10954,656,186353,6970,968250,63,41725
1784155817455,q6-formal-delayed-20260715T224242Z,Executor1,Stage3-2-0,0,158,0,2173,22,5871,0,0
1784155818455,q6-formal-delayed-20260715T224242Z,Executor1,Stage1-2-0,0,25191,24687,26307,745,3229678,1395,1963557
1784155818455,q6-formal-delayed-20260715T224242Z,Executor1,Stage2-2-0,0,12781,763,197296,6755,945435,95,49176
1784155818455,q6-formal-delayed-20260715T224242Z,Executor1,Stage3-2-0,0,255,0,3429,29,11623,0,0
1784155819455,q6-formal-delayed-20260715T224242Z,Executor1,Stage1-2-0,0,25116,24631,26138,1335,3216753,1195,1860261
1784155819455,q6-formal-delayed-20260715T224242Z,Executor1,Stage2-2-0,0,13671,676,195966,7536,880438,48,34146
1784155819455,q6-formal-delayed-20260715T224242Z,Executor1,Stage3-2-0,0,236,0,3398,64,11056,0,0
1784155820455,q6-formal-delayed-20260715T224242Z,Executor1,Stage1-2-0,0,21426,21010,21291,315,2746662,1312,2088731
1784155820455,q6-formal-delayed-20260715T224242Z,Executor1,Stage2-2-0,0,12854,690,204272,6945,1084228,145,53568
1784155820455,q6-formal-delayed-20260715T224242Z,Executor1,Stage3-2-0,0,158,0,2573,51,8819,0,0
1784155821455,q6-formal-delayed-20260715T224242Z,Executor1,Stage1-2-0,0,28383,27818,30084,899,3640651,1343,2067748
1784155821455,q6-formal-delayed-20260715T224242Z,Executor1,Stage2-2-0,0,13982,832,197043,6695,914427,43,53191
1784155821455,q6-formal-delayed-20260715T224242Z,Executor1,Stage3-2-0,0,343,0,4500,55,13176,0,0
1784155822455,q6-formal-delayed-20260715T224242Z,Executor1,Stage1-2-0,0,24845,24353,25938,1346,3189621,1118,1762966
1784155822455,q6-formal-delayed-20260715T224242Z,Executor1,Stage2-2-0,0,13344,612,193122,6873,858093,53,39440
1784155822455,q6-formal-delayed-20260715T224242Z,Executor1,Stage3-2-0,0,270,0,3853,49,13338,0,0
1784155823455,q6-formal-delayed-20260715T224242Z,Executor1,Stage1-2-0,0,8033,7860,12611,761,1034386,1058,1798501
1784155823455,q6-formal-delayed-20260715T224242Z,Executor1,Stage2-2-0,0,10570,763,185505,6640,1005982,82,45221
1784155823455,q6-formal-delayed-20260715T224242Z,Executor1,Stage3-2-0,0,170,0,2424,23,10292,0,0
1784155824455,q6-formal-delayed-20260715T224242Z,Executor1,Stage1-2-0,0,42354,41535,46817,2790,5427122,1375,2172564
1784155824455,q6-formal-delayed-20260715T224242Z,Executor1,Stage2-2-0,0,14208,763,198397,7326,828791,55,52397
1784155824455,q6-formal-delayed-20260715T224242Z,Executor1,Stage3-2-0,0,388,0,5342,75,15205,0,0
1784155825455,q6-formal-delayed-20260715T224242Z,Executor1,Stage1-2-0,0,25028,24529,25163,942,3215934,1455,2126615
1784155825455,q6-formal-delayed-20260715T224242Z,Executor1,Stage2-2-0,0,12074,510,191484,7305,956970,74,33404
1784155825455,q6-formal-delayed-20260715T224242Z,Executor1,Stage3-2-0,0,199,0,2910,21,9996,0,0
1784155826455,q6-formal-delayed-20260715T224242Z,Executor1,Stage1-2-0,0,16851,16528,17209,210,2170757,1275,1928677
1784155826455,q6-formal-delayed-20260715T224242Z,Executor1,Stage2-2-0,0,13977,908,212293,6589,1129786,118,56049
1784155826455,q6-formal-delayed-20260715T224242Z,Executor1,Stage3-2-0,0,121,0,1651,10,7314,0,0
1784155827455,q6-formal-delayed-20260715T224242Z,Executor1,Stage1-2-0,0,33068,32425,32663,1584,4237286,1122,1863336
1784155827455,q6-formal-delayed-20260715T224242Z,Executor1,Stage2-2-0,0,14207,749,192940,6702,835008,48,50236
1784155827455,q6-formal-delayed-20260715T224242Z,Executor1,Stage3-2-0,0,418,0,5425,74,16690,0,0
1784155828455,q6-formal-delayed-20260715T224242Z,Executor1,Stage1-2-0,0,25045,24541,24937,1052,3216919,1307,1979985
1784155828455,q6-formal-delayed-20260715T224242Z,Executor1,Stage2-2-0,0,12506,648,191194,6704,871068,68,41528
1784155828455,q6-formal-delayed-20260715T224242Z,Executor1,Stage3-2-0,0,171,0,2514,39,6919,0,0
1784155829455,q6-formal-delayed-20260715T224242Z,Executor1,Stage1-2-0,0,19120,18736,20564,480,2450340,1320,2123979
1784155829455,q6-formal-delayed-20260715T224242Z,Executor1,Stage2-2-0,0,11118,819,193797,7100,1050198,81,51884
1784155829455,q6-formal-delayed-20260715T224242Z,Executor1,Stage3-2-0,0,126,0,1743,12,7614,0,0
1784155830455,q6-formal-delayed-20260715T224242Z,Executor1,Stage1-2-0,0,30784,30225,33854,2109,3951094,1232,2002595
1784155830455,q6-formal-delayed-20260715T224242Z,Executor1,Stage2-2-0,0,14390,613,192709,6986,807815,69,39906
1784155830455,q6-formal-delayed-20260715T224242Z,Executor1,Stage3-2-0,0,402,0,7936,68,16595,0,0
1784155831455,q6-formal-delayed-20260715T224242Z,Executor1,Stage1-2-0,0,22705,22248,21834,396,2910574,1169,1852010
1784155831455,q6-formal-delayed-20260715T224242Z,Executor1,Stage2-2-0,0,11056,716,192020,6986,1039671,93,43775
1784155831455,q6-formal-delayed-20260715T224242Z,Executor1,Stage3-2-0,0,163,0,2208,19,9425,0,0
1784155832455,q6-formal-delayed-20260715T224242Z,Executor1,Stage1-2-0,0,27448,26912,31066,231,3514043,1434,2454917
1784155832455,q6-formal-delayed-20260715T224242Z,Executor1,Stage2-2-0,0,15490,806,217374,4489,1005141,78,50616
1784155832455,q6-formal-delayed-20260715T224242Z,Executor1,Stage3-2-0,0,409,0,3807,9,14315,0,0
1784155833455,q6-formal-delayed-20260715T224242Z,Executor1,Stage1-2-0,0,25120,24611,26594,1498,3223991,1217,1402850
1784155833455,q6-formal-delayed-20260715T224242Z,Executor1,Stage2-2-0,0,13763,629,195179,7224,857641,48,41388
1784155833455,q6-formal-delayed-20260715T224242Z,Executor1,Stage3-2-0,0,269,0,3565,68,13914,0,0
1784155834455,q6-formal-delayed-20260715T224242Z,Executor1,Stage1-2-0,0,23898,23415,23741,982,3061402,1551,2072330
1784155834455,q6-formal-delayed-20260715T224242Z,Executor1,Stage2-2-0,0,10927,786,187774,6845,1032017,105,49500
1784155834455,q6-formal-delayed-20260715T224242Z,Executor1,Stage3-2-0,0,174,0,2299,14,8727,0,0
1784155835455,q6-formal-delayed-20260715T224242Z,Executor1,Stage1-2-0,0,25694,25133,26879,909,3285883,1328,2019058
1784155835455,q6-formal-delayed-20260715T224242Z,Executor1,Stage2-2-0,0,14218,805,200928,6919,908148,232,52518
1784155835455,q6-formal-delayed-20260715T224242Z,Executor1,Stage3-2-0,0,322,0,4023,58,12814,0,0
1784155836455,q6-formal-delayed-20260715T224242Z,Executor1,Stage1-2-0,0,25117,24624,27867,1500,3223418,2050,1951351
1784155836455,q6-formal-delayed-20260715T224242Z,Executor1,Stage2-2-0,0,13143,570,191008,7028,832365,91,37561
1784155836455,q6-formal-delayed-20260715T224242Z,Executor1,Stage3-2-0,0,194,0,2931,61,9667,0,0
1784155837455,q6-formal-delayed-20260715T224242Z,Executor1,Stage1-2-0,0,14747,14434,15728,229,1892628,1425,1944807
1784155837455,q6-formal-delayed-20260715T224242Z,Executor1,Stage2-2-0,0,11890,797,203530,7163,1108019,102,49940
1784155837455,q6-formal-delayed-20260715T224242Z,Executor1,Stage3-2-0,0,117,0,1673,19,7078,0,0
1784155838455,q6-formal-delayed-20260715T224242Z,Executor1,Stage1-2-0,0,35172,34481,35764,765,4500957,1584,2070271
1784155838455,q6-formal-delayed-20260715T224242Z,Executor1,Stage2-2-0,0,13402,738,199629,7093,973472,113,46834
1784155838455,q6-formal-delayed-20260715T224242Z,Executor1,Stage3-2-0,0,463,0,5619,40,18353,0,0
1784155839455,q6-formal-delayed-20260715T224242Z,Executor1,Stage1-2-0,0,24636,24114,24795,906,3158901,1177,1866502
1784155839455,q6-formal-delayed-20260715T224242Z,Executor1,Stage2-2-0,0,15146,633,205557,6675,910722,46,39715
1784155839455,q6-formal-delayed-20260715T224242Z,Executor1,Stage3-2-0,0,293,0,3839,28,13742,0,0
1784155840455,q6-formal-delayed-20260715T224242Z,Executor1,Stage1-2-0,0,21997,21573,22884,415,2826485,1863,1949797
1784155840455,q6-formal-delayed-20260715T224242Z,Executor1,Stage2-2-0,0,11657,860,194503,6718,1035249,118,53915
1784155840455,q6-formal-delayed-20260715T224242Z,Executor1,Stage3-2-0,0,211,0,2783,16,10309,0,0
1784155841455,q6-formal-delayed-20260715T224242Z,Executor1,Stage1-2-0,0,28101,27541,31993,1532,3593060,1358,2132972
1784155841455,q6-formal-delayed-20260715T224242Z,Executor1,Stage2-2-0,0,13845,636,191058,7041,798579,63,41677
1784155841455,q6-formal-delayed-20260715T224242Z,Executor1,Stage3-2-0,0,374,0,5224,83,16837,0,0
1784155842455,q6-formal-delayed-20260715T224242Z,Executor1,Stage1-2-0,0,7847,7703,11382,752,1012694,979,1836598
1784155842455,q6-formal-delayed-20260715T224242Z,Executor1,Stage2-2-0,0,10399,704,223605,7700,987869,172,44315
1784155842455,q6-formal-delayed-20260715T224242Z,Executor1,Stage3-2-0,0,131,0,1933,21,7706,0,0
1784155843455,q6-formal-delayed-20260715T224242Z,Executor1,Stage1-2-0,0,36919,36210,38148,1405,4738008,1352,1967993
1784155843455,q6-formal-delayed-20260715T224242Z,Executor1,Stage2-2-0,0,14594,865,217443,7311,1030774,78,55249
1784155843455,q6-formal-delayed-20260715T224242Z,Executor1,Stage3-2-0,0,291,0,3430,17,12872,0,0
1784155844455,q6-formal-delayed-20260715T224242Z,Executor1,Stage1-2-0,0,30486,29862,32857,1645,3915869,1255,1934284
1784155844455,q6-formal-delayed-20260715T224242Z,Executor1,Stage2-2-0,0,14628,632,199795,7032,848226,51,42188
1784155844455,q6-formal-delayed-20260715T224242Z,Executor1,Stage3-2-0,0,305,0,4190,69,12340,0,0
1784155845455,q6-formal-delayed-20260715T224242Z,Executor1,Stage1-2-0,0,16605,16275,17397,572,2126381,1457,2067717
1784155845455,q6-formal-delayed-20260715T224242Z,Executor1,Stage2-2-0,0,11914,759,204368,7438,1065273,137,48832
1784155845455,q6-formal-delayed-20260715T224242Z,Executor1,Stage3-2-0,0,130,0,1910,14,6927,0,0
1784155846455,q6-formal-delayed-20260715T224242Z,Executor1,Stage1-2-0,0,33655,32987,35559,1321,4311132,1193,1981678
1784155846455,q6-formal-delayed-20260715T224242Z,Executor1,Stage2-2-0,0,13487,863,194017,6724,907931,180,56090
1784155846455,q6-formal-delayed-20260715T224242Z,Executor1,Stage3-2-0,0,337,0,4577,84,13764,0,0
1784155847455,q6-formal-delayed-20260715T224242Z,Executor1,Stage1-2-0,0,24860,24398,29041,1412,3184275,1282,2092968
1784155847455,q6-formal-delayed-20260715T224242Z,Executor1,Stage2-2-0,0,13426,588,189973,7106,823415,529,38213
1784155847455,q6-formal-delayed-20260715T224242Z,Executor1,Stage3-2-0,0,264,0,3771,74,13419,0,0
1784155848455,q6-formal-delayed-20260715T224242Z,Executor1,Stage1-2-0,0,21110,20726,20737,408,2701824,1251,1836810
1784155848455,q6-formal-delayed-20260715T224242Z,Executor1,Stage2-2-0,0,11377,766,197239,7366,1067372,146,47005
1784155848455,q6-formal-delayed-20260715T224242Z,Executor1,Stage3-2-0,0,137,0,1869,15,7852,0,0
1784155849455,q6-formal-delayed-20260715T224242Z,Executor1,Stage1-2-0,0,28700,28103,30410,921,3685198,1519,2071109
1784155849455,q6-formal-delayed-20260715T224242Z,Executor1,Stage2-2-0,0,13784,788,200151,7187,931326,140,50535
1784155849455,q6-formal-delayed-20260715T224242Z,Executor1,Stage3-2-0,0,442,0,5393,37,17223,0,0
1784155850455,q6-formal-delayed-20260715T224242Z,Executor1,Stage1-2-0,0,25134,24637,25874,1225,3213589,1157,1760098
1784155850455,q6-formal-delayed-20260715T224242Z,Executor1,Stage2-2-0,0,13681,616,196542,7218,891292,85,40204
1784155850455,q6-formal-delayed-20260715T224242Z,Executor1,Stage3-2-0,0,258,0,3607,83,12989,0,0
1784155851455,q6-formal-delayed-20260715T224242Z,Executor1,Stage1-2-0,0,3786,3726,5140,328,487055,1283,1806503
1784155851455,q6-formal-delayed-20260715T224242Z,Executor1,Stage2-2-0,0,12590,848,241662,7532,1069199,85,46692
1784155851455,q6-formal-delayed-20260715T224242Z,Executor1,Stage3-2-0,0,141,0,1935,15,8507,0,0
1784155852455,q6-formal-delayed-20260715T224242Z,Executor1,Stage1-2-0,0,46172,45231,51768,2379,5925711,1622,2498429
1784155852455,q6-formal-delayed-20260715T224242Z,Executor1,Stage2-2-0,0,13888,671,187478,6790,813387,53,50890
1784155852455,q6-formal-delayed-20260715T224242Z,Executor1,Stage3-2-0,0,368,0,4512,51,14606,0,0
1784155853455,q6-formal-delayed-20260715T224242Z,Executor1,Stage1-2-0,0,24721,24218,25612,988,3171638,1401,1799888
1784155853455,q6-formal-delayed-20260715T224242Z,Executor1,Stage2-2-0,0,11102,613,184796,7012,941163,96,38979
1784155853455,q6-formal-delayed-20260715T224242Z,Executor1,Stage3-2-0,0,157,0,2189,25,6069,0,0
1784155854455,q6-formal-delayed-20260715T224242Z,Executor1,Stage1-2-0,0,20697,20296,21459,429,2666248,1240,1943380
1784155854455,q6-formal-delayed-20260715T224242Z,Executor1,Stage2-2-0,0,13185,817,206299,7155,1036259,132,50290
1784155854455,q6-formal-delayed-20260715T224242Z,Executor1,Stage3-2-0,0,172,0,2629,29,10313,0,0
1784155855455,q6-formal-delayed-20260715T224242Z,Executor1,Stage1-2-0,0,29143,28553,33403,1777,3734448,1475,2156700
1784155855455,q6-formal-delayed-20260715T224242Z,Executor1,Stage2-2-0,0,14329,632,190360,6587,820320,47,41307
1784155855455,q6-formal-delayed-20260715T224242Z,Executor1,Stage3-2-0,0,407,0,5223,86,15771,0,0
1784155856455,q6-formal-delayed-20260715T224242Z,Executor1,Stage1-2-0,0,22728,22258,22569,1292,2901156,1195,1798287
1784155856455,q6-formal-delayed-20260715T224242Z,Executor1,Stage2-2-0,0,11007,639,190021,6817,1035787,973,40120
1784155856455,q6-formal-delayed-20260715T224242Z,Executor1,Stage3-2-0,0,139,0,1998,26,7329,0,0
1784155857455,q6-formal-delayed-20260715T224242Z,Executor1,Stage1-2-0,0,22639,22207,23978,621,2896224,1442,1966745
1784155857455,q6-formal-delayed-20260715T224242Z,Executor1,Stage2-2-0,0,13833,812,208679,6984,1004513,91,51841
1784155857455,q6-formal-delayed-20260715T224242Z,Executor1,Stage3-2-0,0,310,0,3997,30,14360,0,0
1784155858455,q6-formal-delayed-20260715T224242Z,Executor1,Stage1-2-0,0,29513,28945,30864,1393,3785641,1231,1847278
1784155858455,q6-formal-delayed-20260715T224242Z,Executor1,Stage2-2-0,0,14746,697,196681,6391,868229,39,46402
1784155858455,q6-formal-delayed-20260715T224242Z,Executor1,Stage3-2-0,0,355,0,4805,27,16178,0,0
1784155859455,q6-formal-delayed-20260715T224242Z,Executor1,Stage1-2-0,0,24890,24409,25759,839,3188606,1391,2035571
1784155859455,q6-formal-delayed-20260715T224242Z,Executor1,Stage2-2-0,0,11518,741,185343,6790,935119,93,46976
1784155859455,q6-formal-delayed-20260715T224242Z,Executor1,Stage3-2-0,0,191,0,2628,22,7230,0,0
1784155860455,q6-formal-delayed-20260715T224242Z,Executor1,Stage1-2-0,0,24778,24305,25854,1227,3176110,1405,2045320
1784155860455,q6-formal-delayed-20260715T224242Z,Executor1,Stage2-2-0,0,12107,739,190829,6919,952920,109,47155
1784155860455,q6-formal-delayed-20260715T224242Z,Executor1,Stage3-2-0,0,282,0,3709,28,12908,0,0
1784155861455,q6-formal-delayed-20260715T224242Z,Executor1,Stage1-2-0,0,25156,24663,29263,1334,3241448,1472,2080356
1784155861455,q6-formal-delayed-20260715T224242Z,Executor1,Stage2-2-0,0,14334,606,226468,7168,841023,53,39860
1784155861455,q6-formal-delayed-20260715T224242Z,Executor1,Stage3-2-0,0,228,0,3215,64,11382,0,0
1784155862455,q6-formal-delayed-20260715T224242Z,Executor1,Stage1-2-0,0,16608,16283,16971,210,2131421,1318,1860616
1784155862455,q6-formal-delayed-20260715T224242Z,Executor1,Stage2-2-0,0,12019,766,203879,7168,1112125,73,47111
1784155862455,q6-formal-delayed-20260715T224242Z,Executor1,Stage3-2-0,0,123,0,1653,21,7394,0,0
1784155863455,q6-formal-delayed-20260715T224242Z,Executor1,Stage1-2-0,0,33284,32645,33616,1039,4256029,1236,1888387
1784155863455,q6-formal-delayed-20260715T224242Z,Executor1,Stage2-2-0,0,14557,816,195428,6401,883332,52,52601
1784155863455,q6-formal-delayed-20260715T224242Z,Executor1,Stage3-2-0,0,395,0,5153,65,13965,0,0
1784155864455,q6-formal-delayed-20260715T224242Z,Executor1,Stage1-2-0,0,25146,24647,26528,1440,3230984,1312,1944458
1784155864455,q6-formal-delayed-20260715T224242Z,Executor1,Stage2-2-0,0,12237,578,186696,6771,869034,60,36605
1784155864455,q6-formal-delayed-20260715T224242Z,Executor1,Stage3-2-0,0,258,0,3567,32,12232,0,0
1784155865455,q6-formal-delayed-20260715T224242Z,Executor1,Stage1-2-0,0,21434,21005,22048,357,2755379,1532,2141514
1784155865455,q6-formal-delayed-20260715T224242Z,Executor1,Stage2-2-0,0,11565,825,193734,6735,1042001,83,50803
1784155865455,q6-formal-delayed-20260715T224242Z,Executor1,Stage3-2-0,0,198,0,2693,20,9569,0,0
1784155866455,q6-formal-delayed-20260715T224242Z,Executor1,Stage1-2-0,0,28802,28204,30032,1159,3697180,1180,1841251
1784155866455,q6-formal-delayed-20260715T224242Z,Executor1,Stage2-2-0,0,14409,704,195811,7117,846229,30,45653
1784155866455,q6-formal-delayed-20260715T224242Z,Executor1,Stage3-2-0,0,407,0,5354,84,17369,0,0
1784155867455,q6-formal-delayed-20260715T224242Z,Executor1,Stage1-2-0,0,24955,24471,25880,877,3200335,1424,2134657
1784155867455,q6-formal-delayed-20260715T224242Z,Executor1,Stage2-2-0,0,11360,600,189872,7254,956867,111,39086
1784155867455,q6-formal-delayed-20260715T224242Z,Executor1,Stage3-2-0,0,197,0,2690,27,9328,0,0
1784155868455,q6-formal-delayed-20260715T224242Z,Executor1,Stage1-2-0,0,21690,21229,22024,357,2789985,1340,1987395
1784155868455,q6-formal-delayed-20260715T224242Z,Executor1,Stage2-2-0,0,13514,842,206703,6521,1049865,84,53022
1784155868455,q6-formal-delayed-20260715T224242Z,Executor1,Stage3-2-0,0,181,0,2604,29,8312,0,0
1784155869455,q6-formal-delayed-20260715T224242Z,Executor1,Stage1-2-0,0,28450,27893,30595,1237,3632504,1262,1932552
1784155869455,q6-formal-delayed-20260715T224242Z,Executor1,Stage2-2-0,0,14244,698,190638,6569,826393,68,46784
1784155869455,q6-formal-delayed-20260715T224242Z,Executor1,Stage3-2-0,0,351,0,4878,78,16701,0,0
1784155870455,q6-formal-delayed-20260715T224242Z,Executor1,Stage1-2-0,0,11807,11592,15623,983,1517582,1420,1991824
1784155870455,q6-formal-delayed-20260715T224242Z,Executor1,Stage2-2-0,0,10339,687,215611,6837,990023,76,42984
1784155870455,q6-formal-delayed-20260715T224242Z,Executor1,Stage3-2-0,0,126,0,1931,43,7616,0,0
1784155871455,q6-formal-delayed-20260715T224242Z,Executor1,Stage1-2-0,0,35714,34993,37089,1065,4579443,1550,1835166
1784155871455,q6-formal-delayed-20260715T224242Z,Executor1,Stage2-2-0,0,14232,821,215245,7392,1008468,64,26933
1784155871455,q6-formal-delayed-20260715T224242Z,Executor1,Stage3-2-0,0,279,0,3614,31,12267,0,0
1784155872455,q6-formal-delayed-20260715T224242Z,Executor1,Stage1-2-0,0,27578,27032,32471,1338,3533154,1481,2312512
1784155872455,q6-formal-delayed-20260715T224242Z,Executor1,Stage2-2-0,0,14466,623,195662,6905,808280,62,64138
1784155872455,q6-formal-delayed-20260715T224242Z,Executor1,Stage3-2-0,0,380,0,5056,93,14123,0,0
1784155873455,q6-formal-delayed-20260715T224242Z,Executor1,Stage1-2-0,0,20158,19751,20123,326,2595838,1559,1771908
1784155873455,q6-formal-delayed-20260715T224242Z,Executor1,Stage2-2-0,0,11653,692,198138,6761,1083251,120,42739
1784155873455,q6-formal-delayed-20260715T224242Z,Executor1,Stage3-2-0,0,167,0,2186,13,9230,0,0
1784155874455,q6-formal-delayed-20260715T224242Z,Executor1,Stage1-2-0,0,29734,29153,31097,672,3817227,1372,2077097
1784155874455,q6-formal-delayed-20260715T224242Z,Executor1,Stage2-2-0,0,13260,873,194456,6747,945882,114,55458
1784155874455,q6-formal-delayed-20260715T224242Z,Executor1,Stage3-2-0,0,384,0,4770,53,14112,0,0
1784155875455,q6-formal-delayed-20260715T224242Z,Executor1,Stage1-2-0,0,24944,24427,28103,1354,3191093,1240,1893820
1784155875455,q6-formal-delayed-20260715T224242Z,Executor1,Stage2-2-0,0,14698,637,198965,6907,843312,64,41876
1784155875455,q6-formal-delayed-20260715T224242Z,Executor1,Stage3-2-0,0,270,0,3852,68,13758,0,0
1784155876455,q6-formal-delayed-20260715T224242Z,Executor1,Stage1-2-0,0,17619,17280,17774,296,2265649,1362,1919083
1784155876455,q6-formal-delayed-20260715T224242Z,Executor1,Stage2-2-0,0,11762,792,200236,7729,1095622,97,49482
1784155876455,q6-formal-delayed-20260715T224242Z,Executor1,Stage3-2-0,0,127,0,1750,19,7739,0,0
1784155877455,q6-formal-delayed-20260715T224242Z,Executor1,Stage1-2-0,0,32321,31670,33707,1601,4173802,1368,1875648
1784155877455,q6-formal-delayed-20260715T224242Z,Executor1,Stage2-2-0,0,13625,828,193300,6954,860783,62,47568
1784155877455,q6-formal-delayed-20260715T224242Z,Executor1,Stage3-2-0,0,396,0,5549,79,15920,0,0
1784155878455,q6-formal-delayed-20260715T224242Z,Executor1,Stage1-2-0,0,25105,24596,26163,1203,3235376,1585,2021202
1784155878455,q6-formal-delayed-20260715T224242Z,Executor1,Stage2-2-0,0,12275,573,193045,7157,908173,133,44569
1784155878455,q6-formal-delayed-20260715T224242Z,Executor1,Stage3-2-0,0,191,0,2784,45,8878,0,0
1784155879455,q6-formal-delayed-20260715T224242Z,Executor1,Stage1-2-0,0,0,0,0,0,0,1059,1636751
1784155879455,q6-formal-delayed-20260715T224242Z,Executor1,Stage2-2-0,0,11988,348,246116,11491,995003,21,21746
1784155879455,q6-formal-delayed-20260715T224242Z,Executor1,Stage3-2-0,0,72,0,1499,27,4359,0,0
1784155880455,q6-formal-delayed-20260715T224242Z,Executor1,Stage1-2-0,0,32210,31578,31515,39169,4176674,0,0
1784155880455,q6-formal-delayed-20260715T224242Z,Executor1,Stage2-2-0,0,380,487,4823,119,37509,0,0
1784155880455,q6-formal-delayed-20260715T224242Z,Executor1,Stage3-2-0,0,101,0,1662,8,3813,0,0
1784155881455,q6-formal-delayed-20260715T224242Z,Executor1,Stage1-2-0,0,0,0,0,0,0,0,0
1784155881455,q6-formal-delayed-20260715T224242Z,Executor1,Stage2-2-0,0,0,0,0,0,0,0,0
1784155881455,q6-formal-delayed-20260715T224242Z,Executor1,Stage3-2-0,0,0,0,0,0,0,0,0
1784155882455,q6-formal-delayed-20260715T224242Z,Executor1,Stage1-2-0,0,0,0,0,0,0,0,0
1784155882455,q6-formal-delayed-20260715T224242Z,Executor1,Stage2-2-0,0,0,0,0,0,0,0,0
1784155882455,q6-formal-delayed-20260715T224242Z,Executor1,Stage3-2-0,0,0,0,0,0,0,0,0
1784155883455,q6-formal-delayed-20260715T224242Z,Executor1,Stage1-2-0,0,0,0,0,0,0,0,0
1784155883455,q6-formal-delayed-20260715T224242Z,Executor1,Stage2-2-0,0,0,0,0,0,0,0,0
1784155884455,q6-formal-delayed-20260715T224242Z,Executor1,Stage1-2-0,0,0,0,0,0,0,0,0
1784155884455,q6-formal-delayed-20260715T224242Z,Executor1,Stage2-2-0,0,0,0,0,0,0,0,0
1784155885455,q6-formal-delayed-20260715T224242Z,Executor1,Stage1-2-0,0,0,0,0,0,0,0,0
1784155885455,q6-formal-delayed-20260715T224242Z,Executor1,Stage2-2-0,0,0,0,0,0,0,0,0
1784155886455,q6-formal-delayed-20260715T224242Z,Executor1,Stage1-2-0,0,0,0,0,0,0,0,0
1784155886455,q6-formal-delayed-20260715T224242Z,Executor1,Stage2-2-0,0,0,0,0,0,0,0,0
1784155887455,q6-formal-delayed-20260715T224242Z,Executor1,Stage1-2-0,0,0,0,0,0,0,0,0
1784155887455,q6-formal-delayed-20260715T224242Z,Executor1,Stage2-2-0,0,0,0,0,0,0,0,0
1784155888455,q6-formal-delayed-20260715T224242Z,Executor1,Stage1-2-0,0,0,0,0,0,0,0,0
1784155888455,q6-formal-delayed-20260715T224242Z,Executor1,Stage2-2-0,0,0,0,0,0,0,93,3369
1784155889455,q6-formal-delayed-20260715T224242Z,Executor1,Stage1-2-0,0,0,0,0,0,0,0,0
1784155890455,q6-formal-delayed-20260715T224242Z,Executor1,Stage1-2-0,0,0,0,0,0,0,0,0
1784155891455,q6-formal-delayed-20260715T224242Z,Executor1,Stage1-2-0,0,0,0,0,0,0,0,0
1784155892455,q6-formal-delayed-20260715T224242Z,Executor1,Stage1-2-0,0,0,0,0,0,0,2854,3051291
1784155893455,q6-formal-delayed-20260715T224242Z,Executor1,Stage1-2-0,0,0,0,0,0,0,0,0
1784155894455,q6-formal-delayed-20260715T224242Z,Executor1,Stage1-2-0,0,0,0,0,0,0,0,0
