timestamp,jobId,executorId,taskId,inputReceiveRate,inputRate,outputRate,processingTimeNs,deserTimeNs,inBytes,serializedTimeNs,outBytes
1784138139557,unknown,VM-78,Stage3-2-0,0,25,0,69526,3647,1509,0,0
1784138139572,unknown,VM-79,Stage3-1-0,0,23,0,86555,2927,1388,0,0
1784138140557,unknown,VM-78,Stage3-2-0,0,0,0,0,0,0,0,0
1784138140573,unknown,VM-79,Stage3-1-0,0,0,0,0,0,0,0,0
1784138141557,unknown,VM-78,Stage3-2-0,0,0,0,0,0,0,0,0
1784138141573,unknown,VM-79,Stage3-1-0,0,0,0,0,0,0,0,0
1784138142539,unknown,VM-77,Stage2-3-0,0,512,0,255449,34539,127837,0,0
1784138142557,unknown,VM-78,Stage3-2-0,0,0,0,0,0,0,0,0
1784138142573,unknown,VM-79,Stage3-1-0,0,0,0,0,0,0,0,0
1784138142583,unknown,VM-76,Stage2-1-0,0,1430,0,436741,16862,173079,0,0
1784138143515,unknown,VM-77,Stage2-3-0,0,3593,233,317391,25511,262483,0,0
1784138143557,unknown,VM-78,Stage3-2-0,0,0,0,0,0,0,0,0
1784138143573,unknown,VM-79,Stage3-1-0,0,0,0,0,0,0,0,0
1784138143583,unknown,VM-76,Stage2-1-0,0,2671,229,137758,7922,194925,0,0
1784138144515,unknown,VM-77,Stage2-3-0,0,0,0,0,0,0,0,0
1784138144557,unknown,VM-78,Stage3-2-0,0,0,0,0,0,0,0,0
1784138144573,unknown,VM-79,Stage3-1-0,0,0,0,0,0,0,0,0
1784138144583,unknown,VM-76,Stage2-1-0,0,0,0,0,0,0,0,0
1784138145448,unknown,VM-75,Stage1-0-0,0,0,0,0,0,0,0,0
1784138145515,unknown,VM-77,Stage2-3-0,0,0,0,0,0,0,0,0
1784138145557,unknown,VM-78,Stage3-2-0,0,0,0,0,0,0,0,0
1784138145557,unknown,VM-74,Stage1-2-0,0,0,0,0,0,0,0,0
1784138145573,unknown,VM-79,Stage3-1-0,0,0,0,0,0,0,0,0
1784138145583,unknown,VM-76,Stage2-1-0,0,0,0,0,0,0,0,0
1784138146432,unknown,VM-73,Stage1-1-0,0,18989,18629,306204,194761,2282833,0,0
1784138146449,unknown,VM-75,Stage1-0-0,0,49419,48422,304674,276805,5932295,0,0
1784138146515,unknown,VM-77,Stage2-3-0,0,0,0,0,0,0,0,0
1784138146557,unknown,VM-78,Stage3-2-0,0,0,0,0,0,0,0,0
1784138146557,unknown,VM-74,Stage1-2-0,0,49679,48696,315458,244367,5959863,0,0
1784138146573,unknown,VM-79,Stage3-1-0,0,0,0,0,0,0,0,0
1784138146583,unknown,VM-76,Stage2-1-0,0,0,0,0,0,0,0,0
1784138147433,unknown,VM-73,Stage1-1-0,0,35266,34510,159111,145713,4229365,0,0
1784138147449,unknown,VM-75,Stage1-0-0,0,4992,4889,34378,43321,602774,0,0
1784138147515,unknown,VM-77,Stage2-3-0,0,0,0,0,0,0,0,0
1784138147557,unknown,VM-78,Stage3-2-0,0,0,0,0,0,0,0,0
1784138147557,unknown,VM-74,Stage1-2-0,0,4985,4897,109226,27784,596485,0,0
1784138147573,unknown,VM-79,Stage3-1-0,0,0,0,0,0,0,0,0
1784138147583,unknown,VM-76,Stage2-1-0,0,0,0,0,0,0,0,0
1784138148433,unknown,VM-73,Stage1-1-0,0,5008,4896,67620,30091,598399,0,0
1784138148449,unknown,VM-75,Stage1-0-0,0,5020,4914,66044,38252,604374,0,0
1784138148515,unknown,VM-77,Stage2-3-0,0,0,0,0,0,0,0,0
1784138148557,unknown,VM-74,Stage1-2-0,0,5012,4918,25431,66296,602112,0,0
1784138148557,unknown,VM-78,Stage3-2-0,0,0,0,0,0,0,0,0
1784138148573,unknown,VM-79,Stage3-1-0,0,0,0,0,0,0,0,0
1784138148583,unknown,VM-76,Stage2-1-0,0,0,0,0,0,0,0,0
1784138149433,unknown,VM-73,Stage1-1-0,0,5061,4949,48339,53749,610710,0,0
1784138149449,unknown,VM-75,Stage1-0-0,0,4958,4862,64611,38684,596104,0,0
1784138149515,unknown,VM-77,Stage2-3-0,0,0,0,0,0,0,0,0
1784138149557,unknown,VM-74,Stage1-2-0,0,5114,5008,56769,38868,613006,0,0
1784138149557,unknown,VM-78,Stage3-2-0,0,0,0,0,0,0,0,0
1784138149573,unknown,VM-79,Stage3-1-0,0,0,0,0,0,0,0,0
1784138149583,unknown,VM-76,Stage2-1-0,0,0,0,0,0,0,0,0
1784138150433,unknown,VM-73,Stage1-1-0,0,3558,3487,44328,17646,427868,0,0
1784138150449,unknown,VM-75,Stage1-0-0,0,3625,3555,35559,32646,439154,0,0
1784138150515,unknown,VM-77,Stage2-3-0,0,0,0,0,0,0,0,0
1784138150557,unknown,VM-74,Stage1-2-0,0,3632,3560,33200,29492,435427,0,0
1784138150557,unknown,VM-78,Stage3-2-0,0,0,0,0,0,0,0,0
1784138150573,unknown,VM-79,Stage3-1-0,0,0,0,0,0,0,0,0
1784138150583,unknown,VM-76,Stage2-1-0,0,0,0,0,0,0,0,0
1784138151433,unknown,VM-73,Stage1-1-0,0,5014,4926,37051,43199,601978,0,0
1784138151449,unknown,VM-75,Stage1-0-0,0,4865,4763,47458,33257,583291,0,0
1784138151515,unknown,VM-77,Stage2-3-0,0,0,0,0,0,0,0,0
1784138151557,unknown,VM-78,Stage3-2-0,0,0,0,0,0,0,0,0
1784138151557,unknown,VM-74,Stage1-2-0,0,5124,5014,45237,22134,610791,0,0
1784138151573,unknown,VM-79,Stage3-1-0,0,0,0,0,0,0,0,0
1784138151583,unknown,VM-76,Stage2-1-0,0,0,0,0,0,0,0,0
1784138152441,unknown,VM-73,Stage1-1-0,0,5040,4931,25531,29493,602739,0,0
1784138152449,unknown,VM-75,Stage1-0-0,0,4940,4865,34556,23223,597730,0,0
1784138152515,unknown,VM-77,Stage2-3-0,0,0,0,0,0,0,0,0
1784138152557,unknown,VM-78,Stage3-2-0,0,0,0,0,0,0,0,0
1784138152557,unknown,VM-74,Stage1-2-0,0,5042,4931,21314,24139,605881,0,0
1784138152573,unknown,VM-79,Stage3-1-0,0,0,0,0,0,0,0,0
1784138152583,unknown,VM-76,Stage2-1-0,0,0,0,0,0,0,0,0
1784138153433,unknown,VM-73,Stage1-1-0,0,5055,4961,31890,19185,605644,0,0
1784138153449,unknown,VM-75,Stage1-0-0,0,5062,4957,14298,13814,608041,0,0
1784138153515,unknown,VM-77,Stage2-3-0,0,0,0,0,0,0,0,0
1784138153557,unknown,VM-78,Stage3-2-0,0,0,0,0,0,0,0,0
1784138153562,unknown,VM-74,Stage1-2-0,0,4945,4844,31858,28918,594107,0,0
1784138153573,unknown,VM-79,Stage3-1-0,0,0,0,0,0,0,0,0
1784138153583,unknown,VM-76,Stage2-1-0,0,0,0,0,0,0,0,0
1784138154433,unknown,VM-73,Stage1-1-0,0,4850,4749,43442,36520,579025,0,0
1784138154449,unknown,VM-75,Stage1-0-0,0,4846,4733,40979,18852,582913,0,0
1784138154515,unknown,VM-77,Stage2-3-0,0,0,0,0,0,0,0,0
1784138154557,unknown,VM-74,Stage1-2-0,0,4863,4771,29392,15632,583923,0,0
1784138154558,unknown,VM-78,Stage3-2-0,0,0,0,0,0,0,0,0
1784138154578,unknown,VM-79,Stage3-1-0,0,0,0,0,0,0,0,0
1784138154583,unknown,VM-76,Stage2-1-0,0,0,0,0,0,0,0,0
1784138155433,unknown,VM-73,Stage1-1-0,0,5165,5068,24964,122596,623660,0,0
1784138155449,unknown,VM-75,Stage1-0-0,0,5066,4952,40664,122052,606311,0,0
1784138155515,unknown,VM-77,Stage2-3-0,0,0,0,0,0,0,0,0
1784138155557,unknown,VM-78,Stage3-2-0,0,0,0,0,0,0,0,0
1784138155557,unknown,VM-74,Stage1-2-0,0,5142,5045,121891,23830,617529,0,0
1784138155573,unknown,VM-79,Stage3-1-0,0,0,0,0,0,0,0,0
1784138155583,unknown,VM-76,Stage2-1-0,0,0,0,0,0,0,0,0
1784138156433,unknown,VM-73,Stage1-1-0,0,5034,4928,26919,9428,601526,0,0
1784138156449,unknown,VM-75,Stage1-0-0,0,4999,4915,15344,16167,604560,0,0
1784138156515,unknown,VM-77,Stage2-3-0,0,0,0,0,0,0,0,0
1784138156557,unknown,VM-78,Stage3-2-0,0,0,0,0,0,0,0,0
1784138156557,unknown,VM-74,Stage1-2-0,0,5022,4929,19042,11998,598414,0,0
1784138156572,unknown,VM-79,Stage3-1-0,0,0,0,0,0,0,0,0
1784138156583,unknown,VM-76,Stage2-1-0,0,0,0,0,0,0,0,0
1784138157433,unknown,VM-73,Stage1-1-0,0,5216,5115,22479,11033,621422,0,0
1784138157449,unknown,VM-75,Stage1-0-0,0,5022,4916,22901,11529,603750,0,0
1784138157515,unknown,VM-77,Stage2-3-0,0,0,0,0,0,0,0,0
1784138157557,unknown,VM-74,Stage1-2-0,0,5134,5031,34893,11527,619469,0,0
1784138157557,unknown,VM-78,Stage3-2-0,0,0,0,0,0,0,0,0
1784138157574,unknown,VM-79,Stage3-1-0,0,0,0,0,0,0,0,0
1784138157583,unknown,VM-76,Stage2-1-0,0,0,0,0,0,0,0,0
1784138158433,unknown,VM-73,Stage1-1-0,0,4816,4728,28614,10071,577433,0,0
1784138158449,unknown,VM-75,Stage1-0-0,0,4809,4698,21014,37033,579669,0,0
1784138158515,unknown,VM-77,Stage2-3-0,0,0,0,0,0,0,0,0
1784138158557,unknown,VM-74,Stage1-2-0,0,4935,4845,23851,9424,593837,0,0
1784138158557,unknown,VM-78,Stage3-2-0,0,0,0,0,0,0,0,0
1784138158573,unknown,VM-79,Stage3-1-0,0,0,0,0,0,0,0,0
1784138158583,unknown,VM-76,Stage2-1-0,0,0,0,0,0,0,0,0
1784138159433,unknown,VM-73,Stage1-1-0,0,5233,5120,18395,57554,625745,0,0
1784138159449,unknown,VM-75,Stage1-0-0,0,5303,5187,27892,7128,635405,0,0
1784138159515,unknown,VM-77,Stage2-3-0,0,0,0,0,0,0,0,0
1784138159557,unknown,VM-78,Stage3-2-0,0,0,0,0,0,0,0,0
1784138159557,unknown,VM-74,Stage1-2-0,0,5436,5334,17979,12511,650585,0,0
1784138159573,unknown,VM-79,Stage3-1-0,0,0,0,0,0,0,0,0
1784138159583,unknown,VM-76,Stage2-1-0,0,0,0,0,0,0,0,0
1784138160433,unknown,VM-73,Stage1-1-0,0,4505,4415,18169,53170,545541,0,0
1784138160449,unknown,VM-75,Stage1-0-0,0,4475,4383,14800,22348,536384,0,0
1784138160515,unknown,VM-77,Stage2-3-0,0,0,0,0,0,0,0,0
1784138160557,unknown,VM-74,Stage1-2-0,0,4659,4564,21060,127126,557247,0,0
1784138160557,unknown,VM-78,Stage3-2-0,0,0,0,0,0,0,0,0
1784138160573,unknown,VM-79,Stage3-1-0,0,0,0,0,0,0,0,0
1784138160583,unknown,VM-76,Stage2-1-0,0,0,0,0,0,0,0,0
1784138161433,unknown,VM-73,Stage1-1-0,0,5260,5165,31989,35003,633951,0,0
1784138161449,unknown,VM-75,Stage1-0-0,0,5088,4984,22385,19715,613155,0,0
1784138161515,unknown,VM-77,Stage2-3-0,0,0,0,0,0,0,0,0
1784138161557,unknown,VM-78,Stage3-2-0,0,0,0,0,0,0,0,0
1784138161557,unknown,VM-74,Stage1-2-0,0,5088,4980,22191,25022,609037,0,0
1784138161573,unknown,VM-79,Stage3-1-0,0,0,0,0,0,0,0,0
1784138161583,unknown,VM-76,Stage2-1-0,0,0,0,0,0,0,0,0
1784138162433,unknown,VM-73,Stage1-1-0,0,5176,5061,24500,38718,622181,0,0
1784138162449,unknown,VM-75,Stage1-0-0,0,5027,4921,28183,14421,603026,0,0
1784138162515,unknown,VM-77,Stage2-3-0,0,0,0,0,0,0,0,0
1784138162557,unknown,VM-74,Stage1-2-0,0,5148,5042,22066,12498,613687,0,0
1784138162557,unknown,VM-78,Stage3-2-0,0,0,0,0,0,0,0,0
1784138162573,unknown,VM-79,Stage3-1-0,0,0,0,0,0,0,0,0
1784138162583,unknown,VM-76,Stage2-1-0,0,0,0,0,0,0,0,0
1784138163433,unknown,VM-73,Stage1-1-0,0,4731,4642,17537,18014,562842,0,0
1784138163449,unknown,VM-75,Stage1-0-0,0,4677,4572,40696,16448,560050,0,0
1784138163515,unknown,VM-77,Stage2-3-0,0,0,0,0,0,0,0,0
1784138163557,unknown,VM-78,Stage3-2-0,0,0,0,0,0,0,0,0
1784138163557,unknown,VM-74,Stage1-2-0,0,4750,4656,23827,13972,574724,0,0
1784138163573,unknown,VM-79,Stage3-1-0,0,0,0,0,0,0,0,0
1784138163583,unknown,VM-76,Stage2-1-0,0,0,0,0,0,0,0,0
1784138164433,unknown,VM-73,Stage1-1-0,0,4893,4803,19583,20914,588367,0,0
1784138164449,unknown,VM-75,Stage1-0-0,0,5112,5016,20601,18131,616767,0,0
1784138164515,unknown,VM-77,Stage2-3-0,0,0,0,0,0,0,0,0
1784138164557,unknown,VM-78,Stage3-2-0,0,0,0,0,0,0,0,0
1784138164557,unknown,VM-74,Stage1-2-0,0,5004,4891,46315,30224,600445,0,0
1784138164573,unknown,VM-79,Stage3-1-0,0,0,0,0,0,0,0,0
1784138164583,unknown,VM-76,Stage2-1-0,0,0,0,0,0,0,0,0
1784138165433,unknown,VM-73,Stage1-1-0,0,5122,5024,20875,22175,611679,0,0
1784138165449,unknown,VM-75,Stage1-0-0,0,5114,4994,20419,19073,619214,0,0
1784138165515,unknown,VM-77,Stage2-3-0,0,0,0,0,0,0,0,0
1784138165557,unknown,VM-74,Stage1-2-0,0,5201,5098,41307,7701,618468,0,0
1784138165558,unknown,VM-78,Stage3-2-0,0,0,0,0,0,0,0,0
1784138165573,unknown,VM-79,Stage3-1-0,0,0,0,0,0,0,0,0
1784138165583,unknown,VM-76,Stage2-1-0,0,0,0,0,0,0,0,0
1784138166433,unknown,VM-73,Stage1-1-0,0,4873,4777,17870,15445,583414,0,0
1784138166449,unknown,VM-75,Stage1-0-0,0,4885,4765,17575,11119,587615,0,0
1784138166515,unknown,VM-77,Stage2-3-0,0,0,0,0,0,0,0,0
1784138166557,unknown,VM-78,Stage3-2-0,0,0,0,0,0,0,0,0
1784138166557,unknown,VM-74,Stage1-2-0,0,4867,4766,17325,18050,590578,0,0
1784138166573,unknown,VM-79,Stage3-1-0,0,0,0,0,0,0,0,0
1784138166583,unknown,VM-76,Stage2-1-0,0,0,0,0,0,0,0,0
1784138167433,unknown,VM-73,Stage1-1-0,0,5190,5101,22539,11862,625252,0,0
1784138167449,unknown,VM-75,Stage1-0-0,0,5175,5074,32127,9227,614186,0,0
1784138167515,unknown,VM-77,Stage2-3-0,0,0,0,0,0,0,0,0
1784138167557,unknown,VM-78,Stage3-2-0,0,0,0,0,0,0,0,0
1784138167557,unknown,VM-74,Stage1-2-0,0,5057,4947,16877,12021,608259,0,0
1784138167573,unknown,VM-79,Stage3-1-0,0,0,0,0,0,0,0,0
1784138167583,unknown,VM-76,Stage2-1-0,0,0,0,0,0,0,0,0
1784138168433,unknown,VM-73,Stage1-1-0,0,5053,4960,15020,24695,604446,0,0
1784138168449,unknown,VM-75,Stage1-0-0,0,5132,5024,18691,9138,617435,0,0
1784138168515,unknown,VM-77,Stage2-3-0,0,0,0,0,0,0,0,0
1784138168557,unknown,VM-74,Stage1-2-0,0,5055,4957,22027,49001,606482,0,0
1784138168557,unknown,VM-78,Stage3-2-0,0,0,0,0,0,0,0,0
1784138168573,unknown,VM-79,Stage3-1-0,0,0,0,0,0,0,0,0
1784138168583,unknown,VM-76,Stage2-1-0,0,0,0,0,0,0,0,0
1784138169433,unknown,VM-73,Stage1-1-0,0,5155,5053,30437,10326,615731,0,0
1784138169449,unknown,VM-75,Stage1-0-0,0,5264,5174,22635,9275,631713,0,0
1784138169516,unknown,VM-77,Stage2-3-0,0,0,0,0,0,0,0,0
1784138169557,unknown,VM-74,Stage1-2-0,0,5133,5012,24372,9475,615859,0,0
1784138169557,unknown,VM-78,Stage3-2-0,0,0,0,0,0,0,0,0
1784138169573,unknown,VM-79,Stage3-1-0,0,0,0,0,0,0,0,0
1784138169583,unknown,VM-76,Stage2-1-0,0,0,0,0,0,0,0,0
1784138170433,unknown,VM-73,Stage1-1-0,0,4724,4650,12391,9006,565435,0,0
1784138170449,unknown,VM-75,Stage1-0-0,0,4979,4874,26022,7240,596764,0,0
1784138170515,unknown,VM-77,Stage2-3-0,0,0,0,0,0,0,0,0
1784138170557,unknown,VM-74,Stage1-2-0,0,4779,4687,18600,9737,572951,0,0
1784138170557,unknown,VM-78,Stage3-2-0,0,0,0,0,0,0,0,0
1784138170573,unknown,VM-79,Stage3-1-0,0,0,0,0,0,0,0,0
1784138170583,unknown,VM-76,Stage2-1-0,0,0,0,0,0,0,0,0
1784138171433,unknown,VM-73,Stage1-1-0,0,4926,4824,24298,10761,592113,0,0
1784138171449,unknown,VM-75,Stage1-0-0,0,5043,4955,13634,15713,604283,0,0
1784138171515,unknown,VM-77,Stage2-3-0,0,0,0,0,0,0,0,0
1784138171557,unknown,VM-74,Stage1-2-0,0,4896,4801,28050,10479,591308,0,0
1784138171557,unknown,VM-78,Stage3-2-0,0,0,0,0,0,0,0,0
1784138171573,unknown,VM-79,Stage3-1-0,0,0,0,0,0,0,0,0
1784138171583,unknown,VM-76,Stage2-1-0,0,0,0,0,0,0,0,0
1784138172433,unknown,VM-73,Stage1-1-0,0,5009,4914,31187,15467,599651,0,0
1784138172449,unknown,VM-75,Stage1-0-0,0,4972,4873,22081,7483,589868,0,0
1784138172515,unknown,VM-77,Stage2-3-0,0,0,0,0,0,0,0,0
1784138172557,unknown,VM-78,Stage3-2-0,0,0,0,0,0,0,0,0
1784138172557,unknown,VM-74,Stage1-2-0,0,5019,4907,24732,13623,609345,0,0
1784138172573,unknown,VM-79,Stage3-1-0,0,0,0,0,0,0,0,0
1784138172583,unknown,VM-76,Stage2-1-0,0,0,0,0,0,0,0,0
1784138173433,unknown,VM-73,Stage1-1-0,0,5003,4898,27894,11001,604212,0,0
1784138173449,unknown,VM-75,Stage1-0-0,0,4951,4848,20972,9178,594073,0,0
1784138173515,unknown,VM-77,Stage2-3-0,0,0,0,0,0,0,0,0
1784138173557,unknown,VM-78,Stage3-2-0,0,0,0,0,0,0,0,0
1784138173557,unknown,VM-74,Stage1-2-0,0,5116,5021,24076,8201,612000,0,0
1784138173573,unknown,VM-79,Stage3-1-0,0,0,0,0,0,0,0,0
1784138173583,unknown,VM-76,Stage2-1-0,0,0,0,0,0,0,0,0
1784138174433,unknown,VM-73,Stage1-1-0,0,4859,4752,49755,9250,580270,0,0
1784138174449,unknown,VM-75,Stage1-0-0,0,4910,4822,17852,22951,591500,0,0
1784138174515,unknown,VM-77,Stage2-3-0,0,0,0,0,0,0,0,0
1784138174557,unknown,VM-78,Stage3-2-0,0,0,0,0,0,0,0,0
1784138174557,unknown,VM-74,Stage1-2-0,0,4896,4801,34448,9889,589160,0,0
1784138174573,unknown,VM-79,Stage3-1-0,0,0,0,0,0,0,0,0
1784138174583,unknown,VM-76,Stage2-1-0,0,0,0,0,0,0,0,0
1784138175433,unknown,VM-73,Stage1-1-0,0,5195,5096,37939,11629,624622,0,0
1784138175449,unknown,VM-75,Stage1-0-0,0,5160,5044,16690,13028,619696,0,0
1784138175515,unknown,VM-77,Stage2-3-0,0,0,0,0,0,0,0,0
1784138175557,unknown,VM-78,Stage3-2-0,0,0,0,0,0,0,0,0
1784138175557,unknown,VM-74,Stage1-2-0,0,5113,5022,15826,10561,613488,0,0
1784138175573,unknown,VM-79,Stage3-1-0,0,0,0,0,0,0,0,0
1784138175583,unknown,VM-76,Stage2-1-0,0,0,0,0,0,0,0,0
1784138176433,unknown,VM-73,Stage1-1-0,0,5148,5038,20813,11663,614918,0,0
1784138176449,unknown,VM-75,Stage1-0-0,0,5186,5082,18215,9864,626156,0,0
1784138176515,unknown,VM-77,Stage2-3-0,0,0,0,0,0,0,0,0
1784138176557,unknown,VM-78,Stage3-2-0,0,0,0,0,0,0,0,0
1784138176557,unknown,VM-74,Stage1-2-0,0,5156,5050,24441,9811,614420,0,0
1784138176573,unknown,VM-79,Stage3-1-0,0,0,0,0,0,0,0,0
1784138176583,unknown,VM-76,Stage2-1-0,0,0,0,0,0,0,0,0
1784138177433,unknown,VM-73,Stage1-1-0,0,4574,4478,16490,10483,548707,0,0
1784138177449,unknown,VM-75,Stage1-0-0,0,4559,4466,23013,8529,547692,0,0
1784138177515,unknown,VM-77,Stage2-3-0,0,0,0,0,0,0,0,0
1784138177557,unknown,VM-74,Stage1-2-0,0,4485,4386,17426,15337,539093,0,0
1784138177558,unknown,VM-78,Stage3-2-0,0,0,0,0,0,0,0,0
1784138177573,unknown,VM-79,Stage3-1-0,0,0,0,0,0,0,0,0
1784138177583,unknown,VM-76,Stage2-1-0,0,0,0,0,0,0,0,0
1784138178433,unknown,VM-73,Stage1-1-0,0,5180,5081,21485,14607,615490,0,0
1784138178449,unknown,VM-75,Stage1-0-0,0,5318,5228,43984,9297,642525,0,0
1784138178515,unknown,VM-77,Stage2-3-0,0,0,0,0,0,0,0,0
1784138178557,unknown,VM-74,Stage1-2-0,0,5437,5317,29615,10935,651798,0,0
1784138178557,unknown,VM-78,Stage3-2-0,0,0,0,0,0,0,0,0
1784138178573,unknown,VM-79,Stage3-1-0,0,0,0,0,0,0,0,0
1784138178583,unknown,VM-76,Stage2-1-0,0,0,0,0,0,0,0,0
1784138179433,unknown,VM-73,Stage1-1-0,0,5008,4898,23973,16798,604680,0,0
1784138179449,unknown,VM-75,Stage1-0-0,0,4965,4860,17360,11753,596384,0,0
1784138179515,unknown,VM-77,Stage2-3-0,0,0,0,0,0,0,0,0
1784138179557,unknown,VM-74,Stage1-2-0,0,4973,4872,23455,10586,595513,0,0
1784138179557,unknown,VM-78,Stage3-2-0,0,0,0,0,0,0,0,0
1784138179573,unknown,VM-79,Stage3-1-0,0,0,0,0,0,0,0,0
1784138179583,unknown,VM-76,Stage2-1-0,0,0,0,0,0,0,0,0
1784138180433,unknown,VM-73,Stage1-1-0,0,4805,4704,17138,10858,575349,0,0
1784138180449,unknown,VM-75,Stage1-0-0,0,4898,4815,16065,9512,589629,0,0
1784138180515,unknown,VM-77,Stage2-3-0,0,0,0,0,0,0,0,0
1784138180557,unknown,VM-74,Stage1-2-0,0,4861,4762,15554,23872,581970,0,0
1784138180557,unknown,VM-78,Stage3-2-0,0,0,0,0,0,0,0,0
1784138180573,unknown,VM-79,Stage3-1-0,0,0,0,0,0,0,0,0
1784138180583,unknown,VM-76,Stage2-1-0,0,0,0,0,0,0,0,0
1784138181433,unknown,VM-73,Stage1-1-0,0,5076,4979,16932,11721,609267,0,0
1784138181449,unknown,VM-75,Stage1-0-0,0,5097,4992,16302,9764,610771,0,0
1784138181515,unknown,VM-77,Stage2-3-0,0,0,0,0,0,0,0,0
1784138181557,unknown,VM-74,Stage1-2-0,0,5206,5112,25215,10971,623444,0,0
1784138181557,unknown,VM-78,Stage3-2-0,0,0,0,0,0,0,0,0
1784138181573,unknown,VM-79,Stage3-1-0,0,0,0,0,0,0,0,0
1784138181583,unknown,VM-76,Stage2-1-0,0,0,0,0,0,0,0,0
1784138182433,unknown,VM-73,Stage1-1-0,0,4971,4868,16610,11639,597936,0,0
1784138182449,unknown,VM-75,Stage1-0-0,0,4931,4841,21304,15308,591994,0,0
1784138182515,unknown,VM-77,Stage2-3-0,0,0,0,0,0,0,0,0
1784138182557,unknown,VM-74,Stage1-2-0,0,5007,4900,20366,9201,601798,0,0
1784138182557,unknown,VM-78,Stage3-2-0,0,0,0,0,0,0,0,0
1784138182573,unknown,VM-79,Stage3-1-0,0,0,0,0,0,0,0,0
1784138182583,unknown,VM-76,Stage2-1-0,0,0,0,0,0,0,0,0
1784138183433,unknown,VM-73,Stage1-1-0,0,4786,4711,15796,12651,570427,0,0
1784138183449,unknown,VM-75,Stage1-0-0,0,4978,4874,15667,9532,600687,0,0
1784138183515,unknown,VM-77,Stage2-3-0,0,0,0,0,0,0,0,0
1784138183557,unknown,VM-78,Stage3-2-0,0,0,0,0,0,0,0,0
1784138183557,unknown,VM-74,Stage1-2-0,0,4850,4729,19109,9738,579716,0,0
1784138183573,unknown,VM-79,Stage3-1-0,0,0,0,0,0,0,0,0
1784138183583,unknown,VM-76,Stage2-1-0,0,0,0,0,0,0,0,0
1784138184433,unknown,VM-73,Stage1-1-0,0,5129,5032,18468,11455,615224,0,0
1784138184449,unknown,VM-75,Stage1-0-0,0,5078,4975,18238,10264,610771,0,0
1784138184515,unknown,VM-77,Stage2-3-0,0,0,0,0,0,0,0,0
1784138184557,unknown,VM-78,Stage3-2-0,0,0,0,0,0,0,0,0
1784138184557,unknown,VM-74,Stage1-2-0,0,5296,5197,21545,10671,636504,0,0
1784138184573,unknown,VM-79,Stage3-1-0,0,0,0,0,0,0,0,0
1784138184583,unknown,VM-76,Stage2-1-0,0,0,0,0,0,0,0,0
1784138185433,unknown,VM-73,Stage1-1-0,0,4937,4838,39605,13048,591887,0,0
1784138185449,unknown,VM-75,Stage1-0-0,0,4938,4840,36580,6347,593742,0,0
1784138185515,unknown,VM-77,Stage2-3-0,0,0,0,0,0,0,0,0
1784138185557,unknown,VM-78,Stage3-2-0,0,0,0,0,0,0,0,0
1784138185557,unknown,VM-74,Stage1-2-0,0,5153,5046,30892,23759,616972,0,0
1784138185573,unknown,VM-79,Stage3-1-0,0,0,0,0,0,0,0,0
1784138185583,unknown,VM-76,Stage2-1-0,0,0,0,0,0,0,0,0
1784138186433,unknown,VM-73,Stage1-1-0,0,4987,4898,20999,10691,600208,0,0
1784138186449,unknown,VM-75,Stage1-0-0,0,4940,4828,15580,9861,593685,0,0
1784138186515,unknown,VM-77,Stage2-3-0,0,0,0,0,0,0,0,0
1784138186557,unknown,VM-78,Stage3-2-0,0,0,0,0,0,0,0,0
1784138186557,unknown,VM-74,Stage1-2-0,0,5036,4934,14630,229874,607760,0,0
1784138186573,unknown,VM-79,Stage3-1-0,0,0,0,0,0,0,0,0
1784138186583,unknown,VM-76,Stage2-1-0,0,0,0,0,0,0,0,0
1784138187433,unknown,VM-73,Stage1-1-0,0,4987,4880,15581,240892,598786,0,0
1784138187449,unknown,VM-75,Stage1-0-0,0,5083,4978,15026,241117,609814,0,0
1784138187515,unknown,VM-77,Stage2-3-0,0,0,0,0,0,0,0,0
1784138187557,unknown,VM-74,Stage1-2-0,0,4974,4876,15886,11623,598014,0,0
1784138187557,unknown,VM-78,Stage3-2-0,0,0,0,0,0,0,0,0
1784138187573,unknown,VM-79,Stage3-1-0,0,0,0,0,0,0,0,0
1784138187583,unknown,VM-76,Stage2-1-0,0,0,0,0,0,0,0,0
1784138188433,unknown,VM-73,Stage1-1-0,0,4951,4850,15836,13809,593557,0,0
1784138188449,unknown,VM-75,Stage1-0-0,0,5052,4968,18569,10076,605206,0,0
1784138188515,unknown,VM-77,Stage2-3-0,0,0,0,0,0,0,0,0
1784138188557,unknown,VM-74,Stage1-2-0,0,4986,4880,17004,11433,601694,0,0
1784138188557,unknown,VM-78,Stage3-2-0,0,0,0,0,0,0,0,0
1784138188573,unknown,VM-79,Stage3-1-0,0,0,0,0,0,0,0,0
1784138188583,unknown,VM-76,Stage2-1-0,0,0,0,0,0,0,0,0
1784138189433,unknown,VM-73,Stage1-1-0,0,4899,4805,15800,30463,584026,0,0
1784138189449,unknown,VM-75,Stage1-0-0,0,4946,4827,18019,11506,593123,0,0
1784138189515,unknown,VM-77,Stage2-3-0,0,0,0,0,0,0,0,0
1784138189557,unknown,VM-74,Stage1-2-0,0,5096,4990,34151,22250,613330,0,0
1784138189558,unknown,VM-78,Stage3-2-0,0,0,0,0,0,0,0,0
1784138189573,unknown,VM-79,Stage3-1-0,0,0,0,0,0,0,0,0
1784138189584,unknown,VM-76,Stage2-1-0,0,0,0,0,0,0,0,0
1784138190433,unknown,VM-73,Stage1-1-0,0,4962,4862,16648,11092,594964,0,0
1784138190449,unknown,VM-75,Stage1-0-0,0,4993,4895,16353,9938,598421,0,0
1784138190515,unknown,VM-77,Stage2-3-0,0,0,0,0,0,0,0,0
1784138190557,unknown,VM-74,Stage1-2-0,0,5059,4960,15268,10665,608911,0,0
1784138190557,unknown,VM-78,Stage3-2-0,0,0,0,0,0,0,0,0
1784138190573,unknown,VM-79,Stage3-1-0,0,0,0,0,0,0,0,0
1784138190583,unknown,VM-76,Stage2-1-0,0,0,0,0,0,0,0,0
1784138191433,unknown,VM-73,Stage1-1-0,0,4943,4846,16276,12204,592647,0,0
1784138191449,unknown,VM-75,Stage1-0-0,0,4846,4749,18648,8611,583891,0,0
1784138191515,unknown,VM-77,Stage2-3-0,0,0,0,0,0,0,0,0
1784138191557,unknown,VM-74,Stage1-2-0,0,4823,4723,13491,9921,579318,0,0
1784138191557,unknown,VM-78,Stage3-2-0,0,0,0,0,0,0,0,0
1784138191573,unknown,VM-79,Stage3-1-0,0,0,0,0,0,0,0,0
1784138191583,unknown,VM-76,Stage2-1-0,0,0,0,0,0,0,0,0
1784138192433,unknown,VM-73,Stage1-1-0,0,5404,5284,20240,11481,645982,0,0
1784138192449,unknown,VM-75,Stage1-0-0,0,5322,5214,17441,10089,636447,0,0
1784138192515,unknown,VM-77,Stage2-3-0,0,0,0,0,0,0,0,0
1784138192557,unknown,VM-74,Stage1-2-0,0,5198,5095,16618,11464,626627,0,0
1784138192557,unknown,VM-78,Stage3-2-0,0,0,0,0,0,0,0,0
1784138192573,unknown,VM-79,Stage3-1-0,0,0,0,0,0,0,0,0
1784138192583,unknown,VM-76,Stage2-1-0,0,0,0,0,0,0,0,0
1784138193433,unknown,VM-73,Stage1-1-0,0,4834,4745,16082,11163,577741,0,0
1784138193449,unknown,VM-75,Stage1-0-0,0,4888,4789,16915,9876,587349,0,0
1784138193515,unknown,VM-77,Stage2-3-0,0,0,0,0,0,0,0,0
1784138193557,unknown,VM-74,Stage1-2-0,0,4766,4664,15642,13776,576378,0,0
1784138193558,unknown,VM-78,Stage3-2-0,0,0,0,0,0,0,0,0
1784138193573,unknown,VM-79,Stage3-1-0,0,0,0,0,0,0,0,0
1784138193583,unknown,VM-76,Stage2-1-0,0,0,0,0,0,0,0,0
1784138194433,unknown,VM-73,Stage1-1-0,0,5050,4945,19775,12406,607809,0,0
1784138194449,unknown,VM-75,Stage1-0-0,0,5005,4925,20082,9729,594705,0,0
1784138194515,unknown,VM-77,Stage2-3-0,0,0,0,0,0,0,0,0
1784138194557,unknown,VM-74,Stage1-2-0,0,4955,4848,16271,10257,595910,0,0
1784138194557,unknown,VM-78,Stage3-2-0,0,0,0,0,0,0,0,0
1784138194573,unknown,VM-79,Stage3-1-0,0,0,0,0,0,0,0,0
1784138194583,unknown,VM-76,Stage2-1-0,0,0,0,0,0,0,0,0
1784138195433,unknown,VM-73,Stage1-1-0,0,5054,4962,17672,10961,607424,0,0
1784138195449,unknown,VM-75,Stage1-0-0,0,4970,4874,20634,9959,596789,0,0
1784138195515,unknown,VM-77,Stage2-3-0,0,0,0,0,0,0,0,0
1784138195557,unknown,VM-78,Stage3-2-0,0,0,0,0,0,0,0,0
1784138195557,unknown,VM-74,Stage1-2-0,0,5037,4930,14985,10887,599075,0,0
1784138195573,unknown,VM-79,Stage3-1-0,0,0,0,0,0,0,0,0
1784138195583,unknown,VM-76,Stage2-1-0,0,0,0,0,0,0,0,0
1784138196433,unknown,VM-73,Stage1-1-0,0,5110,5021,22700,10729,611581,0,0
1784138196449,unknown,VM-75,Stage1-0-0,0,5100,4989,20933,8724,618707,0,0
1784138196515,unknown,VM-77,Stage2-3-0,0,0,0,0,0,0,0,0
1784138196557,unknown,VM-74,Stage1-2-0,0,5114,5006,17185,13282,616072,0,0
1784138196557,unknown,VM-78,Stage3-2-0,0,0,0,0,0,0,0,0
1784138196573,unknown,VM-79,Stage3-1-0,0,0,0,0,0,0,0,0
1784138196583,unknown,VM-76,Stage2-1-0,0,0,0,0,0,0,0,0
1784138197433,unknown,VM-73,Stage1-1-0,0,4856,4749,16710,11048,576054,0,0
1784138197449,unknown,VM-75,Stage1-0-0,0,4849,4759,14983,7250,587389,0,0
1784138197515,unknown,VM-77,Stage2-3-0,0,0,0,0,0,0,0,0
1784138197557,unknown,VM-74,Stage1-2-0,0,4810,4708,16748,9777,578489,0,0
1784138197558,unknown,VM-78,Stage3-2-0,0,0,0,0,0,0,0,0
1784138197573,unknown,VM-79,Stage3-1-0,0,0,0,0,0,0,0,0
1784138197583,unknown,VM-76,Stage2-1-0,0,0,0,0,0,0,0,0
1784138198433,unknown,VM-73,Stage1-1-0,0,4981,4887,23045,10705,594925,0,0
1784138198449,unknown,VM-75,Stage1-0-0,0,5082,4959,18247,10131,614369,0,0
1784138198515,unknown,VM-77,Stage2-3-0,0,0,0,0,0,0,0,0
1784138198557,unknown,VM-78,Stage3-2-0,0,0,0,0,0,0,0,0
1784138198557,unknown,VM-74,Stage1-2-0,0,4954,4854,14862,10529,595473,0,0
1784138198573,unknown,VM-79,Stage3-1-0,0,0,0,0,0,0,0,0
1784138198583,unknown,VM-76,Stage2-1-0,0,0,0,0,0,0,0,0
1784138199433,unknown,VM-73,Stage1-1-0,0,4996,4914,23085,12640,596434,0,0
1784138199449,unknown,VM-75,Stage1-0-0,0,5032,4927,25216,9186,601531,0,0
1784138199515,unknown,VM-77,Stage2-3-0,0,0,0,0,0,0,0,0
1784138199557,unknown,VM-74,Stage1-2-0,0,4987,4889,15894,17467,605278,0,0
1784138199557,unknown,VM-78,Stage3-2-0,0,0,0,0,0,0,0,0
1784138199573,unknown,VM-79,Stage3-1-0,0,0,0,0,0,0,0,0
1784138199583,unknown,VM-76,Stage2-1-0,0,0,0,0,0,0,0,0
1784138200433,unknown,VM-73,Stage1-1-0,0,5022,4915,16422,9822,604619,0,0
1784138200449,unknown,VM-75,Stage1-0-0,0,5025,4924,15315,8690,601868,0,0
1784138200515,unknown,VM-77,Stage2-3-0,0,0,0,0,0,0,0,0
1784138200557,unknown,VM-74,Stage1-2-0,0,4971,4880,18091,9045,598908,0,0
1784138200557,unknown,VM-78,Stage3-2-0,0,0,0,0,0,0,0,0
1784138200573,unknown,VM-79,Stage3-1-0,0,0,0,0,0,0,0,0
1784138200583,unknown,VM-76,Stage2-1-0,0,0,0,0,0,0,0,0
1784138201433,unknown,VM-73,Stage1-1-0,0,4971,4882,15429,12762,602004,0,0
1784138201449,unknown,VM-75,Stage1-0-0,0,4966,4861,16998,12534,592446,0,0
1784138201515,unknown,VM-77,Stage2-3-0,0,0,0,0,0,0,0,0
1784138201557,unknown,VM-74,Stage1-2-0,0,5095,4993,15357,10125,611220,0,0
1784138201557,unknown,VM-78,Stage3-2-0,0,0,0,0,0,0,0,0
1784138201573,unknown,VM-79,Stage3-1-0,0,0,0,0,0,0,0,0
1784138201583,unknown,VM-76,Stage2-1-0,0,0,0,0,0,0,0,0
1784138202433,unknown,VM-73,Stage1-1-0,0,4941,4834,16040,11680,592367,0,0
1784138202449,unknown,VM-75,Stage1-0-0,0,4971,4881,15484,9092,596170,0,0
1784138202515,unknown,VM-77,Stage2-3-0,0,0,0,0,0,0,0,0
1784138202557,unknown,VM-74,Stage1-2-0,0,5013,4913,16576,10341,599941,0,0
1784138202557,unknown,VM-78,Stage3-2-0,0,0,0,0,0,0,0,0
1784138202573,unknown,VM-79,Stage3-1-0,0,0,0,0,0,0,0,0
1784138202583,unknown,VM-76,Stage2-1-0,0,0,0,0,0,0,0,0
1784138203433,unknown,VM-73,Stage1-1-0,0,5053,4953,16389,11135,601969,0,0
1784138203449,unknown,VM-75,Stage1-0-0,0,4912,4807,20413,10409,595632,0,0
1784138203515,unknown,VM-77,Stage2-3-0,0,0,0,0,0,0,0,0
1784138203557,unknown,VM-74,Stage1-2-0,0,5029,4933,16032,10369,600934,0,0
1784138203557,unknown,VM-78,Stage3-2-0,0,0,0,0,0,0,0,0
1784138203573,unknown,VM-79,Stage3-1-0,0,0,0,0,0,0,0,0
1784138203583,unknown,VM-76,Stage2-1-0,0,0,0,0,0,0,0,0
1784138204433,unknown,VM-73,Stage1-1-0,0,4896,4788,21512,14819,588852,0,0
1784138204449,unknown,VM-75,Stage1-0-0,0,4926,4820,17201,14391,594272,0,0
1784138204515,unknown,VM-77,Stage2-3-0,0,0,0,0,0,0,0,0
1784138204557,unknown,VM-74,Stage1-2-0,0,5103,5007,26230,9740,610166,0,0
1784138204557,unknown,VM-78,Stage3-2-0,0,0,0,0,0,0,0,0
1784138204573,unknown,VM-79,Stage3-1-0,0,0,0,0,0,0,0,0
1784138204583,unknown,VM-76,Stage2-1-0,0,0,0,0,0,0,0,0
1784138205433,unknown,VM-73,Stage1-1-0,0,5109,5018,22025,15205,616671,0,0
1784138205449,unknown,VM-75,Stage1-0-0,0,5041,4934,47312,6168,602001,0,0
1784138205515,unknown,VM-77,Stage2-3-0,0,0,0,0,0,0,0,0
1784138205557,unknown,VM-74,Stage1-2-0,0,4921,4826,17460,10876,587303,0,0
1784138205558,unknown,VM-78,Stage3-2-0,0,0,0,0,0,0,0,0
1784138205573,unknown,VM-79,Stage3-1-0,0,0,0,0,0,0,0,0
1784138205583,unknown,VM-76,Stage2-1-0,0,0,0,0,0,0,0,0
1784138206433,unknown,VM-73,Stage1-1-0,0,4826,4727,15490,15576,580113,0,0
1784138206449,unknown,VM-75,Stage1-0-0,0,4878,4760,19204,9547,587856,0,0
1784138206515,unknown,VM-77,Stage2-3-0,0,0,0,0,0,0,0,0
1784138206557,unknown,VM-78,Stage3-2-0,0,0,0,0,0,0,0,0
1784138206557,unknown,VM-74,Stage1-2-0,0,4775,4699,22456,9374,571751,0,0
1784138206573,unknown,VM-79,Stage3-1-0,0,0,0,0,0,0,0,0
1784138206583,unknown,VM-76,Stage2-1-0,0,0,0,0,0,0,0,0
1784138207433,unknown,VM-73,Stage1-1-0,0,5068,4969,24882,14908,605297,0,0
1784138207449,unknown,VM-75,Stage1-0-0,0,5030,4937,19914,8452,607681,0,0
1784138207515,unknown,VM-77,Stage2-3-0,0,0,0,0,0,0,0,0
1784138207557,unknown,VM-78,Stage3-2-0,0,0,0,0,0,0,0,0
1784138207557,unknown,VM-74,Stage1-2-0,0,4905,4795,15226,10218,588899,0,0
1784138207573,unknown,VM-79,Stage3-1-0,0,0,0,0,0,0,0,0
1784138207583,unknown,VM-76,Stage2-1-0,0,0,0,0,0,0,0,0
1784138208433,unknown,VM-73,Stage1-1-0,0,5143,5041,18678,11699,616444,0,0
1784138208449,unknown,VM-75,Stage1-0-0,0,5223,5130,44818,19016,626008,0,0
1784138208516,unknown,VM-77,Stage2-3-0,0,0,0,0,0,0,0,0
1784138208557,unknown,VM-78,Stage3-2-0,0,0,0,0,0,0,0,0
1784138208557,unknown,VM-74,Stage1-2-0,0,5134,5044,23838,11586,613174,0,0
1784138208573,unknown,VM-79,Stage3-1-0,0,0,0,0,0,0,0,0
1784138208583,unknown,VM-76,Stage2-1-0,0,0,0,0,0,0,0,0
1784138209433,unknown,VM-73,Stage1-1-0,0,4894,4797,16762,11156,588675,0,0
1784138209449,unknown,VM-75,Stage1-0-0,0,4787,4699,18041,9239,569213,0,0
1784138209515,unknown,VM-77,Stage2-3-0,0,0,0,0,0,0,0,0
1784138209557,unknown,VM-74,Stage1-2-0,0,4802,4704,33352,5858,580098,0,0
1784138209558,unknown,VM-78,Stage3-2-0,0,0,0,0,0,0,0,0
1784138209573,unknown,VM-79,Stage3-1-0,0,0,0,0,0,0,0,0
1784138209583,unknown,VM-76,Stage2-1-0,0,0,0,0,0,0,0,0
1784138210433,unknown,VM-73,Stage1-1-0,0,5176,5077,40665,8489,618998,0,0
1784138210449,unknown,VM-75,Stage1-0-0,0,5193,5076,27362,7721,627903,0,0
1784138210515,unknown,VM-77,Stage2-3-0,0,0,0,0,0,0,0,0
1784138210557,unknown,VM-74,Stage1-2-0,0,5157,5047,27121,8792,616592,0,0
1784138210557,unknown,VM-78,Stage3-2-0,0,0,0,0,0,0,0,0
1784138210573,unknown,VM-79,Stage3-1-0,0,0,0,0,0,0,0,0
1784138210583,unknown,VM-76,Stage2-1-0,0,0,0,0,0,0,0,0
1784138211433,unknown,VM-73,Stage1-1-0,0,5056,4944,21240,11115,606746,0,0
1784138211449,unknown,VM-75,Stage1-0-0,0,4957,4869,16202,14571,596429,0,0
1784138211515,unknown,VM-77,Stage2-3-0,0,0,0,0,0,0,0,0
1784138211557,unknown,VM-74,Stage1-2-0,0,5002,4904,542,1022,601988,0,0
1784138211557,unknown,VM-78,Stage3-2-0,0,0,0,0,0,0,0,0
1784138211573,unknown,VM-79,Stage3-1-0,0,0,0,0,0,0,0,0
1784138211583,unknown,VM-76,Stage2-1-0,0,0,0,0,0,0,0,0
1784138212433,unknown,VM-73,Stage1-1-0,0,4890,4798,13213,38753,583877,0,0
1784138212449,unknown,VM-75,Stage1-0-0,0,4852,4763,22267,33134,579870,0,0
1784138212515,unknown,VM-77,Stage2-3-0,0,0,0,0,0,0,0,0
1784138212557,unknown,VM-74,Stage1-2-0,0,4825,4700,14247,10439,587397,0,0
1784138212557,unknown,VM-78,Stage3-2-0,0,0,0,0,0,0,0,0
1784138212573,unknown,VM-79,Stage3-1-0,0,0,0,0,0,0,0,0
1784138212583,unknown,VM-76,Stage2-1-0,0,0,0,0,0,0,0,0
1784138213433,unknown,VM-73,Stage1-1-0,0,4890,4791,20433,10701,589788,0,0
1784138213449,unknown,VM-75,Stage1-0-0,0,5121,5009,16471,13586,615221,0,0
1784138213515,unknown,VM-77,Stage2-3-0,0,0,0,0,0,0,0,0
1784138213557,unknown,VM-74,Stage1-2-0,0,5033,4933,15138,10474,602054,0,0
1784138213557,unknown,VM-78,Stage3-2-0,0,0,0,0,0,0,0,0
1784138213573,unknown,VM-79,Stage3-1-0,0,0,0,0,0,0,0,0
1784138213583,unknown,VM-76,Stage2-1-0,0,0,0,0,0,0,0,0
1784138214433,unknown,VM-73,Stage1-1-0,0,5104,5000,17766,11160,612651,0,0
1784138214449,unknown,VM-75,Stage1-0-0,0,5078,4990,17791,9393,610407,0,0
1784138214515,unknown,VM-77,Stage2-3-0,0,0,0,0,0,0,0,0
1784138214557,unknown,VM-74,Stage1-2-0,0,5243,5123,16003,10720,626512,0,0
1784138214557,unknown,VM-78,Stage3-2-0,0,0,0,0,0,0,0,0
1784138214573,unknown,VM-79,Stage3-1-0,0,0,0,0,0,0,0,0
1784138214583,unknown,VM-76,Stage2-1-0,0,0,0,0,0,0,0,0
1784138215433,unknown,VM-73,Stage1-1-0,0,4841,4742,19899,10887,578453,0,0
1784138215449,unknown,VM-75,Stage1-0-0,0,4852,4735,15120,13977,581999,0,0
1784138215515,unknown,VM-77,Stage2-3-0,0,0,0,0,0,0,0,0
1784138215557,unknown,VM-78,Stage3-2-0,0,0,0,0,0,0,0,0
1784138215557,unknown,VM-74,Stage1-2-0,0,4874,4787,15713,10380,587621,0,0
1784138215573,unknown,VM-79,Stage3-1-0,0,0,0,0,0,0,0,0
1784138215583,unknown,VM-76,Stage2-1-0,0,0,0,0,0,0,0,0
1784138216433,unknown,VM-73,Stage1-1-0,0,5146,5034,20098,11267,616781,0,0
1784138216449,unknown,VM-75,Stage1-0-0,0,5183,5088,16104,9288,625331,0,0
1784138216515,unknown,VM-77,Stage2-3-0,0,0,0,0,0,0,0,0
1784138216557,unknown,VM-78,Stage3-2-0,0,0,0,0,0,0,0,0
1784138216557,unknown,VM-74,Stage1-2-0,0,5094,4997,15420,10795,613679,0,0
1784138216573,unknown,VM-79,Stage3-1-0,0,0,0,0,0,0,0,0
1784138216583,unknown,VM-76,Stage2-1-0,0,0,0,0,0,0,0,0
1784138217433,unknown,VM-73,Stage1-1-0,0,4931,4840,18434,10946,591717,0,0
1784138217449,unknown,VM-75,Stage1-0-0,0,5012,4912,28661,7430,603534,0,0
1784138217515,unknown,VM-77,Stage2-3-0,0,0,0,0,0,0,0,0
1784138217557,unknown,VM-74,Stage1-2-0,0,4862,4755,15859,7505,582645,0,0
1784138217557,unknown,VM-78,Stage3-2-0,0,0,0,0,0,0,0,0
1784138217573,unknown,VM-79,Stage3-1-0,0,0,0,0,0,0,0,0
1784138217583,unknown,VM-76,Stage2-1-0,0,0,0,0,0,0,0,0
1784138218433,unknown,VM-73,Stage1-1-0,0,4999,4919,17692,11243,599090,0,0
1784138218449,unknown,VM-75,Stage1-0-0,0,5021,4919,15588,9515,603262,0,0
1784138218515,unknown,VM-77,Stage2-3-0,0,0,0,0,0,0,0,0
1784138218557,unknown,VM-74,Stage1-2-0,0,4908,4806,15334,10635,590643,0,0
1784138218557,unknown,VM-78,Stage3-2-0,0,0,0,0,0,0,0,0
1784138218573,unknown,VM-79,Stage3-1-0,0,0,0,0,0,0,0,0
1784138218583,unknown,VM-76,Stage2-1-0,0,0,0,0,0,0,0,0
1784138219433,unknown,VM-73,Stage1-1-0,0,5124,5022,22785,17061,613939,0,0
1784138219449,unknown,VM-75,Stage1-0-0,0,5094,4990,15914,11203,611444,0,0
1784138219515,unknown,VM-77,Stage2-3-0,0,0,0,0,0,0,0,0
1784138219557,unknown,VM-74,Stage1-2-0,0,5290,5191,6568,217790,632438,0,0
1784138219557,unknown,VM-78,Stage3-2-0,0,0,0,0,0,0,0,0
1784138219573,unknown,VM-79,Stage3-1-0,0,0,0,0,0,0,0,0
1784138219583,unknown,VM-76,Stage2-1-0,0,0,0,0,0,0,0,0
1784138220433,unknown,VM-73,Stage1-1-0,0,4768,4681,1720,159620,571113,0,0
1784138220449,unknown,VM-75,Stage1-0-0,0,4874,4761,15011,217221,585321,0,0
1784138220516,unknown,VM-77,Stage2-3-0,0,0,0,0,0,0,0,0
1784138220557,unknown,VM-74,Stage1-2-0,0,4856,4767,49337,7022,581981,0,0
1784138220557,unknown,VM-78,Stage3-2-0,0,0,0,0,0,0,0,0
1784138220573,unknown,VM-79,Stage3-1-0,0,0,0,0,0,0,0,0
1784138220583,unknown,VM-76,Stage2-1-0,0,0,0,0,0,0,0,0
1784138221433,unknown,VM-73,Stage1-1-0,0,5049,4945,15780,11334,601297,0,0
1784138221449,unknown,VM-75,Stage1-0-0,0,5017,4917,15743,11574,602714,0,0
1784138221515,unknown,VM-77,Stage2-3-0,0,0,0,0,0,0,0,0
1784138221557,unknown,VM-74,Stage1-2-0,0,4969,4881,16708,10260,597517,0,0
1784138221557,unknown,VM-78,Stage3-2-0,0,0,0,0,0,0,0,0
1784138221573,unknown,VM-79,Stage3-1-0,0,0,0,0,0,0,0,0
1784138221583,unknown,VM-76,Stage2-1-0,0,0,0,0,0,0,0,0
1784138222433,unknown,VM-73,Stage1-1-0,0,4884,4789,19255,10772,588697,0,0
1784138222449,unknown,VM-75,Stage1-0-0,0,5084,4974,18546,9698,607827,0,0
1784138222515,unknown,VM-77,Stage2-3-0,0,0,0,0,0,0,0,0
1784138222557,unknown,VM-74,Stage1-2-0,0,5089,4983,15288,11924,613335,0,0
1784138222557,unknown,VM-78,Stage3-2-0,0,0,0,0,0,0,0,0
1784138222573,unknown,VM-79,Stage3-1-0,0,0,0,0,0,0,0,0
1784138222583,unknown,VM-76,Stage2-1-0,0,0,0,0,0,0,0,0
1784138223433,unknown,VM-73,Stage1-1-0,0,5163,5057,17509,13090,619602,0,0
1784138223449,unknown,VM-75,Stage1-0-0,0,5165,5069,17658,10599,622658,0,0
1784138223515,unknown,VM-77,Stage2-3-0,0,0,0,0,0,0,0,0
1784138223557,unknown,VM-74,Stage1-2-0,0,5160,5056,20334,10802,620636,0,0
1784138223557,unknown,VM-78,Stage3-2-0,0,0,0,0,0,0,0,0
1784138223573,unknown,VM-79,Stage3-1-0,0,0,0,0,0,0,0,0
1784138223583,unknown,VM-76,Stage2-1-0,0,0,0,0,0,0,0,0
1784138224433,unknown,VM-73,Stage1-1-0,0,4724,4636,18826,10581,570626,0,0
1784138224449,unknown,VM-75,Stage1-0-0,0,4767,4676,15770,10225,572863,0,0
1784138224515,unknown,VM-77,Stage2-3-0,0,0,0,0,0,0,0,0
1784138224557,unknown,VM-74,Stage1-2-0,0,4558,4472,17096,9529,545204,0,0
1784138224557,unknown,VM-78,Stage3-2-0,0,0,0,0,0,0,0,0
1784138224573,unknown,VM-79,Stage3-1-0,0,0,0,0,0,0,0,0
1784138224583,unknown,VM-76,Stage2-1-0,0,0,0,0,0,0,0,0
1784138225433,unknown,VM-73,Stage1-1-0,0,5090,4985,16994,11163,612236,0,0
1784138225449,unknown,VM-75,Stage1-0-0,0,5185,5065,17717,10638,617188,0,0
1784138225515,unknown,VM-77,Stage2-3-0,0,0,0,0,0,0,0,0
1784138225557,unknown,VM-74,Stage1-2-0,0,5156,5059,16466,11375,617761,0,0
1784138225557,unknown,VM-78,Stage3-2-0,0,0,0,0,0,0,0,0
1784138225573,unknown,VM-79,Stage3-1-0,0,0,0,0,0,0,0,0
1784138225583,unknown,VM-76,Stage2-1-0,0,0,0,0,0,0,0,0
1784138226433,unknown,VM-73,Stage1-1-0,0,5058,4959,19051,11522,608273,0,0
1784138226449,unknown,VM-75,Stage1-0-0,0,5008,4916,16887,12608,600178,0,0
1784138226515,unknown,VM-77,Stage2-3-0,0,0,0,0,0,0,0,0
1784138226557,unknown,VM-74,Stage1-2-0,0,5014,4902,15913,11569,602280,0,0
1784138226557,unknown,VM-78,Stage3-2-0,0,0,0,0,0,0,0,0
1784138226573,unknown,VM-79,Stage3-1-0,0,0,0,0,0,0,0,0
1784138226583,unknown,VM-76,Stage2-1-0,0,0,0,0,0,0,0,0
1784138227433,unknown,VM-73,Stage1-1-0,0,4760,4669,37078,23566,569374,0,0
1784138227449,unknown,VM-75,Stage1-0-0,0,4864,4769,16263,10301,585260,0,0
1784138227515,unknown,VM-77,Stage2-3-0,0,0,0,0,0,0,0,0
1784138227557,unknown,VM-74,Stage1-2-0,0,4894,4794,15068,10825,584793,0,0
1784138227557,unknown,VM-78,Stage3-2-0,0,0,0,0,0,0,0,0
1784138227573,unknown,VM-79,Stage3-1-0,0,0,0,0,0,0,0,0
1784138227583,unknown,VM-76,Stage2-1-0,0,0,0,0,0,0,0,0
1784138228433,unknown,VM-73,Stage1-1-0,0,5165,5068,15555,11428,619763,0,0
1784138228449,unknown,VM-75,Stage1-0-0,0,5053,4959,16607,10782,610004,0,0
1784138228515,unknown,VM-77,Stage2-3-0,0,0,0,0,0,0,0,0
1784138228557,unknown,VM-74,Stage1-2-0,0,5120,5013,15079,24359,614290,0,0
1784138228557,unknown,VM-78,Stage3-2-0,0,0,0,0,0,0,0,0
1784138228573,unknown,VM-79,Stage3-1-0,0,0,0,0,0,0,0,0
1784138228583,unknown,VM-76,Stage2-1-0,0,0,0,0,0,0,0,0
1784138229433,unknown,VM-73,Stage1-1-0,0,4711,4603,15641,10780,563387,0,0
1784138229449,unknown,VM-75,Stage1-0-0,0,4883,4787,17933,8854,584949,0,0
1784138229515,unknown,VM-77,Stage2-3-0,0,0,0,0,0,0,0,0
1784138229557,unknown,VM-74,Stage1-2-0,0,4893,4801,15880,10732,588994,0,0
1784138229557,unknown,VM-78,Stage3-2-0,0,0,0,0,0,0,0,0
1784138229573,unknown,VM-79,Stage3-1-0,0,0,0,0,0,0,0,0
1784138229583,unknown,VM-76,Stage2-1-0,0,0,0,0,0,0,0,0
1784138230433,unknown,VM-73,Stage1-1-0,0,6056,5941,32941,10936,731875,0,0
1784138230449,unknown,VM-75,Stage1-0-0,0,5905,5785,18834,10981,703861,0,0
1784138230515,unknown,VM-77,Stage2-3-0,0,0,0,0,0,0,0,0
1784138230557,unknown,VM-74,Stage1-2-0,0,5949,5824,17379,12254,711603,0,0
1784138230557,unknown,VM-78,Stage3-2-0,0,0,0,0,0,0,0,0
1784138230573,unknown,VM-79,Stage3-1-0,0,0,0,0,0,0,0,0
1784138230583,unknown,VM-76,Stage2-1-0,0,0,0,0,0,0,0,0
1784138231433,unknown,VM-73,Stage1-1-0,0,65758,64460,102559,64101,7907407,0,0
1784138231449,unknown,VM-75,Stage1-0-0,0,65414,64046,100565,46031,7857593,0,0
1784138231515,unknown,VM-77,Stage2-3-0,0,0,0,0,0,0,0,0
1784138231557,unknown,VM-74,Stage1-2-0,0,65457,64184,89420,63648,7862615,0,0
1784138231557,unknown,VM-78,Stage3-2-0,0,0,0,0,0,0,0,0
1784138231573,unknown,VM-79,Stage3-1-0,0,0,0,0,0,0,0,0
1784138231583,unknown,VM-76,Stage2-1-0,0,0,0,0,0,0,0,0
1784138232433,unknown,VM-73,Stage1-1-0,0,9451,9255,26140,17979,1140996,0,0
1784138232449,unknown,VM-75,Stage1-0-0,0,9418,9248,28649,14842,1127685,0,0
1784138232515,unknown,VM-77,Stage2-3-0,0,0,0,0,0,0,0,0
1784138232557,unknown,VM-74,Stage1-2-0,0,9278,9101,22643,27945,1110826,0,0
1784138232557,unknown,VM-78,Stage3-2-0,0,0,0,0,0,0,0,0
1784138232573,unknown,VM-79,Stage3-1-0,0,0,0,0,0,0,0,0
1784138232583,unknown,VM-76,Stage2-1-0,0,0,0,0,0,0,0,0
1784138233433,unknown,VM-73,Stage1-1-0,0,40862,40069,227646,51534,4900814,0,0
1784138233449,unknown,VM-75,Stage1-0-0,0,40194,39379,59862,210628,4833843,0,0
1784138233515,unknown,VM-77,Stage2-3-0,0,0,0,0,0,0,0,0
1784138233557,unknown,VM-74,Stage1-2-0,0,40500,39702,231315,38529,4865790,0,0
1784138233557,unknown,VM-78,Stage3-2-0,0,0,0,0,0,0,0,0
1784138233575,unknown,VM-79,Stage3-1-0,0,0,0,0,0,0,0,0
1784138233583,unknown,VM-76,Stage2-1-0,0,0,0,0,0,0,0,0
1784138234433,unknown,VM-73,Stage1-1-0,0,14811,14508,44449,23557,1787608,0,0
1784138234449,unknown,VM-75,Stage1-0-0,0,14819,14532,74252,28512,1787440,0,0
1784138234515,unknown,VM-77,Stage2-3-0,0,0,0,0,0,0,0,0
1784138234557,unknown,VM-74,Stage1-2-0,0,14857,14573,33578,23143,1775460,0,0
1784138234557,unknown,VM-78,Stage3-2-0,0,0,0,0,0,0,0,0
1784138234573,unknown,VM-79,Stage3-1-0,0,0,0,0,0,0,0,0
1784138234583,unknown,VM-76,Stage2-1-0,0,0,0,0,0,0,0,0
1784138235433,unknown,VM-73,Stage1-1-0,0,25822,25273,47066,37878,3114240,0,0
1784138235449,unknown,VM-75,Stage1-0-0,0,25879,25388,50892,37885,3094649,0,0
1784138235515,unknown,VM-77,Stage2-3-0,0,0,0,0,0,0,0,0
1784138235557,unknown,VM-74,Stage1-2-0,0,26131,25572,54484,50448,3153888,0,0
1784138235557,unknown,VM-78,Stage3-2-0,0,0,0,0,0,0,0,0
1784138235573,unknown,VM-79,Stage3-1-0,0,0,0,0,0,0,0,0
1784138235583,unknown,VM-76,Stage2-1-0,0,0,0,0,0,0,0,0
1784138236433,unknown,VM-73,Stage1-1-0,0,26820,26278,55142,40769,3227880,0,0
1784138236449,unknown,VM-75,Stage1-0-0,0,26658,26101,56733,36238,3214884,0,0
1784138236515,unknown,VM-77,Stage2-3-0,0,0,0,0,0,0,0,0
1784138236557,unknown,VM-74,Stage1-2-0,0,26885,26375,50436,37022,3213042,0,0
1784138236557,unknown,VM-78,Stage3-2-0,0,0,0,0,0,0,0,0
1784138236573,unknown,VM-79,Stage3-1-0,0,0,0,0,0,0,0,0
1784138236583,unknown,VM-76,Stage2-1-0,0,0,0,0,0,0,0,0
1784138237433,unknown,VM-73,Stage1-1-0,0,24193,23719,60021,31782,2915987,0,0
1784138237449,unknown,VM-75,Stage1-0-0,0,23803,23321,45237,34671,2860477,0,0
1784138237515,unknown,VM-77,Stage2-3-0,0,0,0,0,0,0,0,0
1784138237557,unknown,VM-74,Stage1-2-0,0,23763,23297,43971,33731,2857456,0,0
1784138237557,unknown,VM-78,Stage3-2-0,0,0,0,0,0,0,0,0
1784138237573,unknown,VM-79,Stage3-1-0,0,0,0,0,0,0,0,0
1784138237583,unknown,VM-76,Stage2-1-0,0,0,0,0,0,0,0,0
1784138238433,unknown,VM-73,Stage1-1-0,0,25885,25351,47260,37241,3104603,0,0
1784138238449,unknown,VM-75,Stage1-0-0,0,25806,25242,45592,39738,3107752,0,0
1784138238515,unknown,VM-77,Stage2-3-0,0,0,0,0,0,0,0,0
1784138238557,unknown,VM-74,Stage1-2-0,0,25800,25311,47200,39442,3102758,0,0
1784138238557,unknown,VM-78,Stage3-2-0,0,0,0,0,0,0,0,0
1784138238573,unknown,VM-79,Stage3-1-0,0,0,0,0,0,0,0,0
1784138238583,unknown,VM-76,Stage2-1-0,0,0,0,0,0,0,0,0
1784138239433,unknown,VM-73,Stage1-1-0,0,24913,24435,48364,38892,2982713,0,0
1784138239449,unknown,VM-75,Stage1-0-0,0,24903,24417,61066,34586,3014469,0,0
1784138239515,unknown,VM-77,Stage2-3-0,0,0,0,0,0,0,0,0
1784138239557,unknown,VM-74,Stage1-2-0,0,24857,24370,45041,34602,2981195,0,0
1784138239557,unknown,VM-78,Stage3-2-0,0,0,0,0,0,0,0,0
1784138239573,unknown,VM-79,Stage3-1-0,0,0,0,0,0,0,0,0
1784138239583,unknown,VM-76,Stage2-1-0,0,0,0,0,0,0,0,0
1784138240433,unknown,VM-73,Stage1-1-0,0,24500,23996,45968,221010,2950507,0,0
1784138240449,unknown,VM-75,Stage1-0-0,0,24284,23792,256008,32785,2918649,0,0
1784138240515,unknown,VM-77,Stage2-3-0,0,0,0,0,0,0,0,0
1784138240557,unknown,VM-74,Stage1-2-0,0,24524,24059,37900,222677,2946071,0,0
1784138240557,unknown,VM-78,Stage3-2-0,0,0,0,0,0,0,0,0
1784138240573,unknown,VM-79,Stage3-1-0,0,0,0,0,0,0,0,0
1784138240583,unknown,VM-76,Stage2-1-0,0,0,0,0,0,0,0,0
1784138241433,unknown,VM-73,Stage1-1-0,0,24677,24207,45446,36877,2972677,0,0
1784138241449,unknown,VM-75,Stage1-0-0,0,24871,24384,53938,29647,2985580,0,0
1784138241515,unknown,VM-77,Stage2-3-0,0,0,0,0,0,0,0,0
1784138241557,unknown,VM-74,Stage1-2-0,0,24668,24187,50357,32386,2964535,0,0
1784138241557,unknown,VM-78,Stage3-2-0,0,0,0,0,0,0,0,0
1784138241572,unknown,VM-79,Stage3-1-0,0,0,0,0,0,0,0,0
1784138241583,unknown,VM-76,Stage2-1-0,0,0,0,0,0,0,0,0
1784138242433,unknown,VM-73,Stage1-1-0,0,26650,26107,64350,33086,3198223,0,0
1784138242449,unknown,VM-75,Stage1-0-0,0,26451,25908,60471,30016,3184596,0,0
1784138242515,unknown,VM-77,Stage2-3-0,0,0,0,0,0,0,0,0
1784138242557,unknown,VM-74,Stage1-2-0,0,26484,25978,62339,30733,3187461,0,0
1784138242557,unknown,VM-78,Stage3-2-0,0,0,0,0,0,0,0,0
1784138242573,unknown,VM-79,Stage3-1-0,0,0,0,0,0,0,0,0
1784138242583,unknown,VM-76,Stage2-1-0,0,0,0,0,0,0,0,0
1784138243433,unknown,VM-73,Stage1-1-0,0,24732,24249,49864,37301,2972829,0,0
1784138243449,unknown,VM-75,Stage1-0-0,0,24719,24221,50667,38450,2962723,0,0
1784138243515,unknown,VM-77,Stage2-3-0,0,0,0,0,0,0,0,0
1784138243557,unknown,VM-74,Stage1-2-0,0,24581,24065,45302,40639,2959928,0,0
1784138243557,unknown,VM-78,Stage3-2-0,0,0,0,0,0,0,0,0
1784138243573,unknown,VM-79,Stage3-1-0,0,0,0,0,0,0,0,0
1784138243583,unknown,VM-76,Stage2-1-0,0,0,0,0,0,0,0,0
1784138244433,unknown,VM-73,Stage1-1-0,0,24245,23715,47447,46075,2926888,0,0
1784138244449,unknown,VM-75,Stage1-0-0,0,24123,23659,48390,36055,2901435,0,0
1784138244515,unknown,VM-77,Stage2-3-0,0,0,0,0,0,0,0,0
1784138244557,unknown,VM-74,Stage1-2-0,0,24546,24110,43274,38761,2939537,0,0
1784138244557,unknown,VM-78,Stage3-2-0,0,0,0,0,0,0,0,0
1784138244572,unknown,VM-79,Stage3-1-0,0,0,0,0,0,0,0,0
1784138244583,unknown,VM-76,Stage2-1-0,0,0,0,0,0,0,0,0
1784138245433,unknown,VM-73,Stage1-1-0,0,25656,25157,60001,34127,3076347,0,0
1784138245449,unknown,VM-75,Stage1-0-0,0,25674,25172,50097,34071,3088789,0,0
1784138245515,unknown,VM-77,Stage2-3-0,0,0,0,0,0,0,0,0
1784138245557,unknown,VM-74,Stage1-2-0,0,25806,25324,47191,38516,3107851,0,0
1784138245557,unknown,VM-78,Stage3-2-0,0,0,0,0,0,0,0,0
1784138245573,unknown,VM-79,Stage3-1-0,0,0,0,0,0,0,0,0
1784138245583,unknown,VM-76,Stage2-1-0,0,0,0,0,0,0,0,0
1784138246433,unknown,VM-73,Stage1-1-0,0,25207,24671,46407,59410,3035635,0,0
1784138246449,unknown,VM-75,Stage1-0-0,0,25316,24804,59748,32007,3038680,0,0
1784138246515,unknown,VM-77,Stage2-3-0,0,0,0,0,0,0,0,0
1784138246557,unknown,VM-74,Stage1-2-0,0,25664,25175,45424,40334,3075019,0,0
1784138246557,unknown,VM-78,Stage3-2-0,0,0,0,0,0,0,0,0
1784138246573,unknown,VM-79,Stage3-1-0,0,0,0,0,0,0,0,0
1784138246583,unknown,VM-76,Stage2-1-0,0,0,0,0,0,0,0,0
1784138247433,unknown,VM-73,Stage1-1-0,0,24206,23733,240531,9624,2904879,0,0
1784138247449,unknown,VM-75,Stage1-0-0,0,24427,23934,230179,26807,2948544,0,0
1784138247515,unknown,VM-77,Stage2-3-0,0,0,0,0,0,0,0,0
1784138247557,unknown,VM-74,Stage1-2-0,0,24201,23696,44299,253458,2906299,0,0
1784138247557,unknown,VM-78,Stage3-2-0,0,0,0,0,0,0,0,0
1784138247573,unknown,VM-79,Stage3-1-0,0,0,0,0,0,0,0,0
1784138247583,unknown,VM-76,Stage2-1-0,0,0,0,0,0,0,0,0
1784138248433,unknown,VM-73,Stage1-1-0,0,24850,24352,44358,34722,2985660,0,0
1784138248449,unknown,VM-75,Stage1-0-0,0,25000,24493,45151,34026,3005730,0,0
1784138248515,unknown,VM-77,Stage2-3-0,0,0,0,0,0,0,0,0
1784138248557,unknown,VM-74,Stage1-2-0,0,24508,24020,47732,32148,2951217,0,0
1784138248557,unknown,VM-78,Stage3-2-0,0,0,0,0,0,0,0,0
1784138248573,unknown,VM-79,Stage3-1-0,0,0,0,0,0,0,0,0
1784138248583,unknown,VM-76,Stage2-1-0,0,0,0,0,0,0,0,0
1784138249433,unknown,VM-73,Stage1-1-0,0,26169,25703,63643,32597,3141475,0,0
1784138249449,unknown,VM-75,Stage1-0-0,0,25778,25241,61645,27362,3098961,0,0
1784138249515,unknown,VM-77,Stage2-3-0,0,0,0,0,0,0,0,0
1784138249557,unknown,VM-74,Stage1-2-0,0,26003,25506,60782,36302,3119957,0,0
1784138249557,unknown,VM-78,Stage3-2-0,0,0,0,0,0,0,0,0
1784138249573,unknown,VM-79,Stage3-1-0,0,0,0,0,0,0,0,0
1784138249583,unknown,VM-76,Stage2-1-0,0,0,0,0,0,0,0,0
1784138250433,unknown,VM-73,Stage1-1-0,0,24687,24177,48052,36975,2972153,0,0
1784138250449,unknown,VM-75,Stage1-0-0,0,24694,24200,46957,32369,2961290,0,0
1784138250515,unknown,VM-77,Stage2-3-0,0,0,0,0,0,0,0,0
1784138250557,unknown,VM-74,Stage1-2-0,0,24534,24031,53582,36599,2943683,0,0
1784138250557,unknown,VM-78,Stage3-2-0,0,0,0,0,0,0,0,0
1784138250573,unknown,VM-79,Stage3-1-0,0,0,0,0,0,0,0,0
1784138250583,unknown,VM-76,Stage2-1-0,0,0,0,0,0,0,0,0
1784138251433,unknown,VM-73,Stage1-1-0,0,24914,24398,49356,36172,2995416,0,0
1784138251449,unknown,VM-75,Stage1-0-0,0,24387,23918,58891,39961,2928923,0,0
1784138251515,unknown,VM-77,Stage2-3-0,0,0,0,0,0,0,0,0
1784138251557,unknown,VM-74,Stage1-2-0,0,24755,24252,46827,33276,2974421,0,0
1784138251557,unknown,VM-78,Stage3-2-0,0,0,0,0,0,0,0,0
1784138251573,unknown,VM-79,Stage3-1-0,0,0,0,0,0,0,0,0
1784138251583,unknown,VM-76,Stage2-1-0,0,0,0,0,0,0,0,0
1784138252433,unknown,VM-73,Stage1-1-0,0,25476,24980,74080,32780,3049406,0,0
1784138252449,unknown,VM-75,Stage1-0-0,0,25258,24778,87711,58138,3042946,0,0
1784138252515,unknown,VM-77,Stage2-3-0,0,0,0,0,0,0,0,0
1784138252557,unknown,VM-74,Stage1-2-0,0,25518,24985,46925,46287,3073772,0,0
1784138252557,unknown,VM-78,Stage3-2-0,0,0,0,0,0,0,0,0
1784138252573,unknown,VM-79,Stage3-1-0,0,0,0,0,0,0,0,0
1784138252583,unknown,VM-76,Stage2-1-0,0,0,0,0,0,0,0,0
1784138253433,unknown,VM-73,Stage1-1-0,0,24050,23575,48527,222393,2879522,0,0
1784138253449,unknown,VM-75,Stage1-0-0,0,23850,23357,52978,33629,2875437,0,0
1784138253515,unknown,VM-77,Stage2-3-0,0,0,0,0,0,0,0,0
1784138253557,unknown,VM-74,Stage1-2-0,0,24003,23519,53815,206246,2886764,0,0
1784138253557,unknown,VM-78,Stage3-2-0,0,0,0,0,0,0,0,0
1784138253573,unknown,VM-79,Stage3-1-0,0,0,0,0,0,0,0,0
1784138253583,unknown,VM-76,Stage2-1-0,0,0,0,0,0,0,0,0
1784138254433,unknown,VM-73,Stage1-1-0,0,26123,25592,77904,66428,3138430,0,0
1784138254449,unknown,VM-75,Stage1-0-0,0,26076,25571,232396,23250,3136172,0,0
1784138254515,unknown,VM-77,Stage2-3-0,0,0,0,0,0,0,0,0
1784138254557,unknown,VM-74,Stage1-2-0,0,26147,25611,44963,36446,3141099,0,0
1784138254557,unknown,VM-78,Stage3-2-0,0,0,0,0,0,0,0,0
1784138254573,unknown,VM-79,Stage3-1-0,0,0,0,0,0,0,0,0
1784138254583,unknown,VM-76,Stage2-1-0,0,0,0,0,0,0,0,0
1784138255433,unknown,VM-73,Stage1-1-0,0,24914,24440,45330,37198,3003187,0,0
1784138255449,unknown,VM-75,Stage1-0-0,0,25094,24611,40318,65554,3009496,0,0
1784138255515,unknown,VM-77,Stage2-3-0,0,0,0,0,0,0,0,0
1784138255557,unknown,VM-74,Stage1-2-0,0,25006,24491,79383,60789,3011743,0,0
1784138255557,unknown,VM-78,Stage3-2-0,0,0,0,0,0,0,0,0
1784138255573,unknown,VM-79,Stage3-1-0,0,0,0,0,0,0,0,0
1784138255583,unknown,VM-76,Stage2-1-0,0,0,0,0,0,0,0,0
1784138256433,unknown,VM-73,Stage1-1-0,0,24884,24394,47312,43039,2996730,0,0
1784138256449,unknown,VM-75,Stage1-0-0,0,24921,24395,48017,34498,2996003,0,0
1784138256516,unknown,VM-77,Stage2-3-0,0,0,0,0,0,0,0,0
1784138256557,unknown,VM-74,Stage1-2-0,0,24979,24448,42724,34553,2998915,0,0
1784138256557,unknown,VM-78,Stage3-2-0,0,0,0,0,0,0,0,0
1784138256573,unknown,VM-79,Stage3-1-0,0,0,0,0,0,0,0,0
1784138256583,unknown,VM-76,Stage2-1-0,0,0,0,0,0,0,0,0
1784138257433,unknown,VM-73,Stage1-1-0,0,24464,23984,47973,35965,2941195,0,0
1784138257449,unknown,VM-75,Stage1-0-0,0,24834,24346,57174,17862,2980853,0,0
1784138257515,unknown,VM-77,Stage2-3-0,0,0,0,0,0,0,0,0
1784138257557,unknown,VM-74,Stage1-2-0,0,24445,23949,43945,33851,2949158,0,0
1784138257557,unknown,VM-78,Stage3-2-0,0,0,0,0,0,0,0,0
1784138257573,unknown,VM-79,Stage3-1-0,0,0,0,0,0,0,0,0
1784138257583,unknown,VM-76,Stage2-1-0,0,0,0,0,0,0,0,0
1784138258433,unknown,VM-73,Stage1-1-0,0,25052,24547,45806,68415,3009057,0,0
1784138258449,unknown,VM-75,Stage1-0-0,0,25023,24533,46737,33460,3001975,0,0
1784138258515,unknown,VM-77,Stage2-3-0,0,0,0,0,0,0,0,0
1784138258557,unknown,VM-74,Stage1-2-0,0,24872,24352,47092,62200,2986723,0,0
1784138258557,unknown,VM-78,Stage3-2-0,0,0,0,0,0,0,0,0
1784138258572,unknown,VM-79,Stage3-1-0,0,0,0,0,0,0,0,0
1784138258583,unknown,VM-76,Stage2-1-0,0,0,0,0,0,0,0,0
1784138259433,unknown,VM-73,Stage1-1-0,0,25646,25138,47713,36133,3082962,0,0
1784138259449,unknown,VM-75,Stage1-0-0,0,25997,25505,47432,33909,3124594,0,0
1784138259515,unknown,VM-77,Stage2-3-0,0,0,0,0,0,0,0,0
1784138259557,unknown,VM-74,Stage1-2-0,0,25667,25181,48063,34362,3095660,0,0
1784138259557,unknown,VM-78,Stage3-2-0,0,0,0,0,0,0,0,0
1784138259572,unknown,VM-79,Stage3-1-0,0,0,0,0,0,0,0,0
1784138259583,unknown,VM-76,Stage2-1-0,0,0,0,0,0,0,0,0
1784138260433,unknown,VM-73,Stage1-1-0,0,24648,24169,31071,224558,2961356,0,0
1784138260449,unknown,VM-75,Stage1-0-0,0,24524,24040,49171,32680,2945501,0,0
1784138260515,unknown,VM-77,Stage2-3-0,0,0,0,0,0,0,0,0
1784138260557,unknown,VM-78,Stage3-2-0,0,0,0,0,0,0,0,0
1784138260557,unknown,VM-74,Stage1-2-0,0,24831,24302,229759,23517,2976887,0,0
1784138260572,unknown,VM-79,Stage3-1-0,0,0,0,0,0,0,0,0
1784138260583,unknown,VM-76,Stage2-1-0,0,0,0,0,0,0,0,0
1784138261433,unknown,VM-73,Stage1-1-0,0,24503,24041,52133,36114,2943658,0,0
1784138261449,unknown,VM-75,Stage1-0-0,0,24533,24041,244715,11910,2956436,0,0
1784138261515,unknown,VM-77,Stage2-3-0,0,0,0,0,0,0,0,0
1784138261557,unknown,VM-74,Stage1-2-0,0,24272,23816,42861,37567,2916610,0,0
1784138261557,unknown,VM-78,Stage3-2-0,0,0,0,0,0,0,0,0
1784138261573,unknown,VM-79,Stage3-1-0,0,0,0,0,0,0,0,0
1784138261583,unknown,VM-76,Stage2-1-0,0,0,0,0,0,0,0,0
1784138262433,unknown,VM-73,Stage1-1-0,0,25784,25248,43535,48400,3096536,0,0
1784138262449,unknown,VM-75,Stage1-0-0,0,26076,25507,46957,32690,3131598,0,0
1784138262515,unknown,VM-77,Stage2-3-0,0,0,0,0,0,0,0,0
1784138262557,unknown,VM-74,Stage1-2-0,0,25975,25472,49098,34275,3118118,0,0
1784138262557,unknown,VM-78,Stage3-2-0,0,0,0,0,0,0,0,0
1784138262573,unknown,VM-79,Stage3-1-0,0,0,0,0,0,0,0,0
1784138262583,unknown,VM-76,Stage2-1-0,0,0,0,0,0,0,0,0
1784138263433,unknown,VM-73,Stage1-1-0,0,22749,22282,45741,34649,2747258,0,0
1784138263449,unknown,VM-75,Stage1-0-0,0,22948,22517,102735,43940,2745126,0,0
1784138263515,unknown,VM-77,Stage2-3-0,0,0,0,0,0,0,0,0
1784138263557,unknown,VM-74,Stage1-2-0,0,22721,22306,66610,57658,2732745,0,0
1784138263557,unknown,VM-78,Stage3-2-0,0,0,0,0,0,0,0,0
1784138263572,unknown,VM-79,Stage3-1-0,0,0,0,0,0,0,0,0
1784138263583,unknown,VM-76,Stage2-1-0,0,0,0,0,0,0,0,0
1784138264433,unknown,VM-73,Stage1-1-0,0,26481,25944,44475,56856,3178290,0,0
1784138264449,unknown,VM-75,Stage1-0-0,0,26235,25702,58796,29102,3141434,0,0
1784138264515,unknown,VM-77,Stage2-3-0,0,0,0,0,0,0,0,0
1784138264557,unknown,VM-74,Stage1-2-0,0,26793,26234,74606,31501,3217580,0,0
1784138264557,unknown,VM-78,Stage3-2-0,0,0,0,0,0,0,0,0
1784138264573,unknown,VM-79,Stage3-1-0,0,0,0,0,0,0,0,0
1784138264583,unknown,VM-76,Stage2-1-0,0,0,0,0,0,0,0,0
1784138265433,unknown,VM-73,Stage1-1-0,0,25656,25164,51144,36619,3084994,0,0
1784138265449,unknown,VM-75,Stage1-0-0,0,25974,25457,48646,33642,3124096,0,0
1784138265515,unknown,VM-77,Stage2-3-0,0,0,0,0,0,0,0,0
1784138265557,unknown,VM-74,Stage1-2-0,0,25644,25133,45771,35073,3084504,0,0
1784138265557,unknown,VM-78,Stage3-2-0,0,0,0,0,0,0,0,0
1784138265573,unknown,VM-79,Stage3-1-0,0,0,0,0,0,0,0,0
1784138265583,unknown,VM-76,Stage2-1-0,0,0,0,0,0,0,0,0
1784138266433,unknown,VM-73,Stage1-1-0,0,24182,23673,63423,39475,2901912,0,0
1784138266449,unknown,VM-75,Stage1-0-0,0,24435,23938,55654,34886,2942353,0,0
1784138266515,unknown,VM-77,Stage2-3-0,0,0,0,0,0,0,0,0
1784138266557,unknown,VM-74,Stage1-2-0,0,24230,23734,61255,35224,2903559,0,0
1784138266557,unknown,VM-78,Stage3-2-0,0,0,0,0,0,0,0,0
1784138266573,unknown,VM-79,Stage3-1-0,0,0,0,0,0,0,0,0
1784138266583,unknown,VM-76,Stage2-1-0,0,0,0,0,0,0,0,0
1784138267433,unknown,VM-73,Stage1-1-0,0,25183,24712,16811,221920,3030117,0,0
1784138267449,unknown,VM-75,Stage1-0-0,0,25031,24544,49629,217128,3009535,0,0
1784138267515,unknown,VM-77,Stage2-3-0,0,0,0,0,0,0,0,0
1784138267557,unknown,VM-74,Stage1-2-0,0,25185,24682,238964,12402,3025887,0,0
1784138267557,unknown,VM-78,Stage3-2-0,0,0,0,0,0,0,0,0
1784138267572,unknown,VM-79,Stage3-1-0,0,0,0,0,0,0,0,0
1784138267583,unknown,VM-76,Stage2-1-0,0,0,0,0,0,0,0,0
1784138268433,unknown,VM-73,Stage1-1-0,0,25444,24944,69013,34243,3049050,0,0
1784138268449,unknown,VM-75,Stage1-0-0,0,25672,25164,51902,54700,3086375,0,0
1784138268515,unknown,VM-77,Stage2-3-0,0,0,0,0,0,0,0,0
1784138268557,unknown,VM-74,Stage1-2-0,0,25906,25387,46992,36461,3114072,0,0
1784138268557,unknown,VM-78,Stage3-2-0,0,0,0,0,0,0,0,0
1784138268572,unknown,VM-79,Stage3-1-0,0,0,0,0,0,0,0,0
1784138268583,unknown,VM-76,Stage2-1-0,0,0,0,0,0,0,0,0
1784138269433,unknown,VM-73,Stage1-1-0,0,24664,24123,47647,35778,2968185,0,0
1784138269449,unknown,VM-75,Stage1-0-0,0,24907,24397,58322,30559,2993451,0,0
1784138269515,unknown,VM-77,Stage2-3-0,0,0,0,0,0,0,0,0
1784138269557,unknown,VM-74,Stage1-2-0,0,24544,24068,44846,33830,2953508,0,0
1784138269557,unknown,VM-78,Stage3-2-0,0,0,0,0,0,0,0,0
1784138269572,unknown,VM-79,Stage3-1-0,0,0,0,0,0,0,0,0
1784138269583,unknown,VM-76,Stage2-1-0,0,0,0,0,0,0,0,0
1784138270433,unknown,VM-73,Stage1-1-0,0,24174,23688,103146,46600,2913406,0,0
1784138270449,unknown,VM-75,Stage1-0-0,0,24418,23927,93792,31709,2939578,0,0
1784138270515,unknown,VM-77,Stage2-3-0,0,0,0,0,0,0,0,0
1784138270557,unknown,VM-74,Stage1-2-0,0,24457,23985,44804,52035,2931105,0,0
1784138270557,unknown,VM-78,Stage3-2-0,0,0,0,0,0,0,0,0
1784138270572,unknown,VM-79,Stage3-1-0,0,0,0,0,0,0,0,0
1784138270583,unknown,VM-76,Stage2-1-0,0,0,0,0,0,0,0,0
1784138271433,unknown,VM-73,Stage1-1-0,0,24328,23847,71339,32551,2935379,0,0
1784138271449,unknown,VM-75,Stage1-0-0,0,24246,23757,45830,31207,2905732,0,0
1784138271515,unknown,VM-77,Stage2-3-0,0,0,0,0,0,0,0,0
1784138271557,unknown,VM-74,Stage1-2-0,0,24250,23771,56117,35242,2919145,0,0
1784138271557,unknown,VM-78,Stage3-2-0,0,0,0,0,0,0,0,0
1784138271573,unknown,VM-79,Stage3-1-0,0,0,0,0,0,0,0,0
1784138271583,unknown,VM-76,Stage2-1-0,0,0,0,0,0,0,0,0
1784138272433,unknown,VM-73,Stage1-1-0,0,26783,26254,45123,65016,3222595,0,0
1784138272449,unknown,VM-75,Stage1-0-0,0,26496,25928,51658,34696,3182338,0,0
1784138272515,unknown,VM-77,Stage2-3-0,0,0,0,0,0,0,0,0
1784138272557,unknown,VM-74,Stage1-2-0,0,26576,26055,47550,36850,3196224,0,0
1784138272557,unknown,VM-78,Stage3-2-0,0,0,0,0,0,0,0,0
1784138272572,unknown,VM-79,Stage3-1-0,0,0,0,0,0,0,0,0
1784138272583,unknown,VM-76,Stage2-1-0,0,0,0,0,0,0,0,0
1784138273433,unknown,VM-73,Stage1-1-0,0,23148,22712,45876,212845,2780649,0,0
1784138273449,unknown,VM-75,Stage1-0-0,0,23046,22602,61658,25656,2766224,0,0
1784138273515,unknown,VM-77,Stage2-3-0,0,0,0,0,0,0,0,0
1784138273557,unknown,VM-74,Stage1-2-0,0,23177,22707,59555,208237,2793720,0,0
1784138273557,unknown,VM-78,Stage3-2-0,0,0,0,0,0,0,0,0
1784138273573,unknown,VM-79,Stage3-1-0,0,0,0,0,0,0,0,0
1784138273583,unknown,VM-76,Stage2-1-0,0,0,0,0,0,0,0,0
1784138274433,unknown,VM-73,Stage1-1-0,0,26126,25576,67960,29671,3141755,0,0
1784138274449,unknown,VM-75,Stage1-0-0,0,26323,25775,238793,23356,3160748,0,0
1784138274515,unknown,VM-77,Stage2-3-0,0,0,0,0,0,0,0,0
1784138274557,unknown,VM-74,Stage1-2-0,0,25858,25348,55568,32566,3122808,0,0
1784138274557,unknown,VM-78,Stage3-2-0,0,0,0,0,0,0,0,0
1784138274572,unknown,VM-79,Stage3-1-0,0,0,0,0,0,0,0,0
1784138274583,unknown,VM-76,Stage2-1-0,0,0,0,0,0,0,0,0
1784138275433,unknown,VM-73,Stage1-1-0,0,25353,24858,56554,35143,3054825,0,0
1784138275449,unknown,VM-75,Stage1-0-0,0,25576,25089,48525,37393,3078795,0,0
1784138275515,unknown,VM-77,Stage2-3-0,0,0,0,0,0,0,0,0
1784138275557,unknown,VM-78,Stage3-2-0,0,0,0,0,0,0,0,0
1784138275557,unknown,VM-74,Stage1-2-0,0,25335,24836,46321,34290,3039435,0,0
1784138275573,unknown,VM-79,Stage3-1-0,0,0,0,0,0,0,0,0
1784138275583,unknown,VM-76,Stage2-1-0,0,0,0,0,0,0,0,0
1784138276433,unknown,VM-73,Stage1-1-0,0,25212,24666,45800,36338,3023421,0,0
1784138276449,unknown,VM-75,Stage1-0-0,0,25031,24519,58915,43506,3016491,0,0
1784138276515,unknown,VM-77,Stage2-3-0,0,0,0,0,0,0,0,0
1784138276557,unknown,VM-74,Stage1-2-0,0,25103,24633,46749,34316,3016958,0,0
1784138276557,unknown,VM-78,Stage3-2-0,0,0,0,0,0,0,0,0
1784138276572,unknown,VM-79,Stage3-1-0,0,0,0,0,0,0,0,0
1784138276583,unknown,VM-76,Stage2-1-0,0,0,0,0,0,0,0,0
1784138277433,unknown,VM-73,Stage1-1-0,0,25289,24792,47957,39665,3041612,0,0
1784138277449,unknown,VM-75,Stage1-0-0,0,25352,24828,48167,34283,3042919,0,0
1784138277515,unknown,VM-77,Stage2-3-0,0,0,0,0,0,0,0,0
1784138277557,unknown,VM-74,Stage1-2-0,0,25392,24893,45647,38292,3057681,0,0
1784138277557,unknown,VM-78,Stage3-2-0,0,0,0,0,0,0,0,0
1784138277573,unknown,VM-79,Stage3-1-0,0,0,0,0,0,0,0,0
1784138277583,unknown,VM-76,Stage2-1-0,0,0,0,0,0,0,0,0
1784138278433,unknown,VM-73,Stage1-1-0,0,23583,23120,48333,32887,2833966,0,0
1784138278449,unknown,VM-75,Stage1-0-0,0,23615,23130,45055,30751,2840966,0,0
1784138278515,unknown,VM-77,Stage2-3-0,0,0,0,0,0,0,0,0
1784138278557,unknown,VM-74,Stage1-2-0,0,23463,23019,42084,35741,2823650,0,0
1784138278557,unknown,VM-78,Stage3-2-0,0,0,0,0,0,0,0,0
1784138278573,unknown,VM-79,Stage3-1-0,0,0,0,0,0,0,0,0
1784138278583,unknown,VM-76,Stage2-1-0,0,0,0,0,0,0,0,0
1784138279433,unknown,VM-73,Stage1-1-0,0,26081,25589,50468,37202,3140094,0,0
1784138279449,unknown,VM-75,Stage1-0-0,0,26115,25608,48171,33509,3137540,0,0
1784138279515,unknown,VM-77,Stage2-3-0,0,0,0,0,0,0,0,0
1784138279557,unknown,VM-74,Stage1-2-0,0,26191,25629,65563,32264,3150592,0,0
1784138279557,unknown,VM-78,Stage3-2-0,0,0,0,0,0,0,0,0
1784138279573,unknown,VM-79,Stage3-1-0,0,0,0,0,0,0,0,0
1784138279583,unknown,VM-76,Stage2-1-0,0,0,0,0,0,0,0,0
1784138280433,unknown,VM-73,Stage1-1-0,0,24248,23741,239637,29453,2922065,0,0
1784138280449,unknown,VM-75,Stage1-0-0,0,24430,23968,45250,30397,2934956,0,0
1784138280515,unknown,VM-77,Stage2-3-0,0,0,0,0,0,0,0,0
1784138280557,unknown,VM-74,Stage1-2-0,0,24289,23826,32235,28979,2919954,0,0
1784138280557,unknown,VM-78,Stage3-2-0,0,0,0,0,0,0,0,0
1784138280573,unknown,VM-79,Stage3-1-0,0,0,0,0,0,0,0,0
1784138280583,unknown,VM-76,Stage2-1-0,0,0,0,0,0,0,0,0
1784138281433,unknown,VM-73,Stage1-1-0,0,24550,24066,47132,41162,2959597,0,0
1784138281449,unknown,VM-75,Stage1-0-0,0,24575,24103,30355,220536,2950304,0,0
1784138281515,unknown,VM-77,Stage2-3-0,0,0,0,0,0,0,0,0
1784138281557,unknown,VM-74,Stage1-2-0,0,24441,23920,46323,34121,2939777,0,0
1784138281557,unknown,VM-78,Stage3-2-0,0,0,0,0,0,0,0,0
1784138281573,unknown,VM-79,Stage3-1-0,0,0,0,0,0,0,0,0
1784138281583,unknown,VM-76,Stage2-1-0,0,0,0,0,0,0,0,0
1784138282433,unknown,VM-73,Stage1-1-0,0,24922,24441,45278,36550,2989660,0,0
1784138282449,unknown,VM-75,Stage1-0-0,0,24946,24463,47055,30942,2994364,0,0
1784138282515,unknown,VM-77,Stage2-3-0,0,0,0,0,0,0,0,0
1784138282557,unknown,VM-74,Stage1-2-0,0,24841,24296,53643,47156,3006090,0,0
1784138282557,unknown,VM-78,Stage3-2-0,0,0,0,0,0,0,0,0
1784138282573,unknown,VM-79,Stage3-1-0,0,0,0,0,0,0,0,0
1784138282583,unknown,VM-76,Stage2-1-0,0,0,0,0,0,0,0,0
1784138283433,unknown,VM-73,Stage1-1-0,0,25528,25023,47009,37692,3081442,0,0
1784138283449,unknown,VM-75,Stage1-0-0,0,25291,24768,47571,33542,3037079,0,0
1784138283515,unknown,VM-77,Stage2-3-0,0,0,0,0,0,0,0,0
1784138283557,unknown,VM-74,Stage1-2-0,0,25612,25063,45331,35334,3073722,0,0
1784138283557,unknown,VM-78,Stage3-2-0,0,0,0,0,0,0,0,0
1784138283573,unknown,VM-79,Stage3-1-0,0,0,0,0,0,0,0,0
1784138283583,unknown,VM-76,Stage2-1-0,0,0,0,0,0,0,0,0
1784138284433,unknown,VM-73,Stage1-1-0,0,25073,24606,54147,34570,3005587,0,0
1784138284449,unknown,VM-75,Stage1-0-0,0,24965,24459,50402,30679,2999299,0,0
1784138284515,unknown,VM-77,Stage2-3-0,0,0,0,0,0,0,0,0
1784138284557,unknown,VM-74,Stage1-2-0,0,24774,24241,49057,32045,2980770,0,0
1784138284557,unknown,VM-78,Stage3-2-0,0,0,0,0,0,0,0,0
1784138284572,unknown,VM-79,Stage3-1-0,0,0,0,0,0,0,0,0
1784138284583,unknown,VM-76,Stage2-1-0,0,0,0,0,0,0,0,0
1784138285433,unknown,VM-73,Stage1-1-0,0,24312,23817,45593,35710,2927525,0,0
1784138285449,unknown,VM-75,Stage1-0-0,0,24351,23874,46214,31900,2922842,0,0
1784138285515,unknown,VM-77,Stage2-3-0,0,0,0,0,0,0,0,0
1784138285557,unknown,VM-74,Stage1-2-0,0,24113,23646,42656,34156,2900462,0,0
1784138285557,unknown,VM-78,Stage3-2-0,0,0,0,0,0,0,0,0
1784138285572,unknown,VM-79,Stage3-1-0,0,0,0,0,0,0,0,0
1784138285583,unknown,VM-76,Stage2-1-0,0,0,0,0,0,0,0,0
1784138286433,unknown,VM-73,Stage1-1-0,0,25507,25027,46722,36088,3058965,0,0
1784138286449,unknown,VM-75,Stage1-0-0,0,25618,25093,52278,32762,3090813,0,0
1784138286515,unknown,VM-77,Stage2-3-0,0,0,0,0,0,0,0,0
1784138286557,unknown,VM-74,Stage1-2-0,0,25592,25081,46720,35405,3078963,0,0
1784138286557,unknown,VM-78,Stage3-2-0,0,0,0,0,0,0,0,0
1784138286573,unknown,VM-79,Stage3-1-0,0,0,0,0,0,0,0,0
1784138286583,unknown,VM-76,Stage2-1-0,0,0,0,0,0,0,0,0
1784138287433,unknown,VM-73,Stage1-1-0,0,25469,24964,16858,237260,3055654,0,0
1784138287449,unknown,VM-75,Stage1-0-0,0,25128,24566,49419,33515,3025850,0,0
1784138287515,unknown,VM-77,Stage2-3-0,0,0,0,0,0,0,0,0
1784138287557,unknown,VM-78,Stage3-2-0,0,0,0,0,0,0,0,0
1784138287557,unknown,VM-74,Stage1-2-0,0,25067,24599,227805,19025,3018948,0,0
1784138287572,unknown,VM-79,Stage3-1-0,0,0,0,0,0,0,0,0
1784138287583,unknown,VM-76,Stage2-1-0,0,0,0,0,0,0,0,0
1784138288433,unknown,VM-73,Stage1-1-0,0,24666,24170,45278,36371,2971988,0,0
1784138288449,unknown,VM-75,Stage1-0-0,0,25085,24603,234860,7404,3004516,0,0
1784138288515,unknown,VM-77,Stage2-3-0,0,0,0,0,0,0,0,0
1784138288557,unknown,VM-74,Stage1-2-0,0,25103,24594,44865,33008,3016042,0,0
1784138288557,unknown,VM-78,Stage3-2-0,0,0,0,0,0,0,0,0
1784138288572,unknown,VM-79,Stage3-1-0,0,0,0,0,0,0,0,0
1784138288583,unknown,VM-76,Stage2-1-0,0,0,0,0,0,0,0,0
1784138289433,unknown,VM-73,Stage1-1-0,0,24842,24359,47215,38385,2991261,0,0
1784138289449,unknown,VM-75,Stage1-0-0,0,24848,24322,46610,32664,2983582,0,0
1784138289515,unknown,VM-77,Stage2-3-0,0,0,0,0,0,0,0,0
1784138289557,unknown,VM-74,Stage1-2-0,0,24949,24455,44596,35503,3009617,0,0
1784138289557,unknown,VM-78,Stage3-2-0,0,0,0,0,0,0,0,0
1784138289572,unknown,VM-79,Stage3-1-0,0,0,0,0,0,0,0,0
1784138289583,unknown,VM-76,Stage2-1-0,0,0,0,0,0,0,0,0
1784138290433,unknown,VM-73,Stage1-1-0,0,25489,24977,48169,37470,3066300,0,0
1784138290449,unknown,VM-75,Stage1-0-0,0,25427,24920,66552,27749,3054811,0,0
1784138290515,unknown,VM-77,Stage2-3-0,0,0,0,0,0,0,0,0
1784138290557,unknown,VM-74,Stage1-2-0,0,25545,25055,47938,34751,3075748,0,0
1784138290557,unknown,VM-78,Stage3-2-0,0,0,0,0,0,0,0,0
1784138290572,unknown,VM-79,Stage3-1-0,0,0,0,0,0,0,0,0
1784138290583,unknown,VM-76,Stage2-1-0,0,0,0,0,0,0,0,0
1784138291433,unknown,VM-73,Stage1-1-0,0,25397,24888,47853,35840,3044478,0,0
1784138291449,unknown,VM-75,Stage1-0-0,0,24861,24353,50234,30993,2995026,0,0
1784138291515,unknown,VM-77,Stage2-3-0,0,0,0,0,0,0,0,0
1784138291557,unknown,VM-74,Stage1-2-0,0,25017,24507,47001,35179,3014375,0,0
1784138291557,unknown,VM-78,Stage3-2-0,0,0,0,0,0,0,0,0
1784138291573,unknown,VM-79,Stage3-1-0,0,0,0,0,0,0,0,0
1784138291583,unknown,VM-76,Stage2-1-0,0,0,0,0,0,0,0,0
1784138292433,unknown,VM-73,Stage1-1-0,0,23823,23324,58345,30800,2867674,0,0
1784138292449,unknown,VM-75,Stage1-0-0,0,23768,23301,40723,60195,2858803,0,0
1784138292516,unknown,VM-77,Stage2-3-0,0,0,0,0,0,0,0,0
1784138292557,unknown,VM-74,Stage1-2-0,0,24068,23610,44863,32420,2886788,0,0
1784138292557,unknown,VM-78,Stage3-2-0,0,0,0,0,0,0,0,0
1784138292573,unknown,VM-79,Stage3-1-0,0,0,0,0,0,0,0,0
1784138292583,unknown,VM-76,Stage2-1-0,0,0,0,0,0,0,0,0
1784138293433,unknown,VM-73,Stage1-1-0,0,25476,24976,45759,218217,3073655,0,0
1784138293449,unknown,VM-75,Stage1-0-0,0,25992,25505,43529,55119,3126378,0,0
1784138293515,unknown,VM-77,Stage2-3-0,0,0,0,0,0,0,0,0
1784138293557,unknown,VM-78,Stage3-2-0,0,0,0,0,0,0,0,0
1784138293572,unknown,VM-79,Stage3-1-0,0,0,0,0,0,0,0,0
1784138293583,unknown,VM-76,Stage2-1-0,0,0,0,0,0,0,0,0
1784138293729,unknown,VM-74,Stage1-2-0,0,25906,25387,46774,35219,3120082,0,0
1784138294433,unknown,VM-73,Stage1-1-0,0,25177,24671,59562,34630,3020531,0,0
1784138294449,unknown,VM-75,Stage1-0-0,0,25294,24791,228286,30944,3047415,0,0
1784138294515,unknown,VM-77,Stage2-3-0,0,0,0,0,0,0,0,0
1784138294557,unknown,VM-74,Stage1-2-0,0,25010,24511,85869,38658,3007985,0,0
1784138294557,unknown,VM-78,Stage3-2-0,0,0,0,0,0,0,0,0
1784138294572,unknown,VM-79,Stage3-1-0,0,0,0,0,0,0,0,0
1784138294583,unknown,VM-76,Stage2-1-0,0,0,0,0,0,0,0,0
1784138295433,unknown,VM-73,Stage1-1-0,0,24727,24234,49593,36698,2977671,0,0
1784138295449,unknown,VM-75,Stage1-0-0,0,24966,24476,53922,32136,3010264,0,0
1784138295515,unknown,VM-77,Stage2-3-0,0,0,0,0,0,0,0,0
1784138295557,unknown,VM-78,Stage3-2-0,0,0,0,0,0,0,0,0
1784138295557,unknown,VM-74,Stage1-2-0,0,24739,24264,58285,35003,2982277,0,0
1784138295572,unknown,VM-79,Stage3-1-0,0,0,0,0,0,0,0,0
1784138295583,unknown,VM-76,Stage2-1-0,0,0,0,0,0,0,0,0
1784138296433,unknown,VM-73,Stage1-1-0,0,24251,23783,46116,35624,2913161,0,0
1784138296449,unknown,VM-75,Stage1-0-0,0,24279,23763,49750,33071,2932366,0,0
1784138296515,unknown,VM-77,Stage2-3-0,0,0,0,0,0,0,0,0
1784138296557,unknown,VM-78,Stage3-2-0,0,0,0,0,0,0,0,0
1784138296557,unknown,VM-74,Stage1-2-0,0,24337,23829,40587,44432,2923216,0,0
1784138296573,unknown,VM-79,Stage3-1-0,0,0,0,0,0,0,0,0
1784138296583,unknown,VM-76,Stage2-1-0,0,0,0,0,0,0,0,0
1784138297433,unknown,VM-73,Stage1-1-0,0,25593,25041,49785,36233,3072086,0,0
1784138297449,unknown,VM-75,Stage1-0-0,0,24869,24389,45939,33944,2986115,0,0
1784138297515,unknown,VM-77,Stage2-3-0,0,0,0,0,0,0,0,0
1784138297557,unknown,VM-74,Stage1-2-0,0,24935,24456,74133,31327,3006575,0,0
1784138297557,unknown,VM-78,Stage3-2-0,0,0,0,0,0,0,0,0
1784138297572,unknown,VM-79,Stage3-1-0,0,0,0,0,0,0,0,0
1784138297583,unknown,VM-76,Stage2-1-0,0,0,0,0,0,0,0,0
1784138298433,unknown,VM-73,Stage1-1-0,0,25221,24733,45851,35819,3032920,0,0
1784138298449,unknown,VM-75,Stage1-0-0,0,24909,24406,45092,33494,2980522,0,0
1784138298515,unknown,VM-77,Stage2-3-0,0,0,0,0,0,0,0,0
1784138298557,unknown,VM-74,Stage1-2-0,0,25005,24511,42873,36158,3014218,0,0
1784138298557,unknown,VM-78,Stage3-2-0,0,0,0,0,0,0,0,0
1784138298572,unknown,VM-79,Stage3-1-0,0,0,0,0,0,0,0,0
1784138298583,unknown,VM-76,Stage2-1-0,0,0,0,0,0,0,0,0
1784138299433,unknown,VM-73,Stage1-1-0,0,25794,25257,48820,36698,3102582,0,0
1784138299449,unknown,VM-75,Stage1-0-0,0,25688,25176,53460,32152,3090258,0,0
1784138299515,unknown,VM-77,Stage2-3-0,0,0,0,0,0,0,0,0
1784138299557,unknown,VM-74,Stage1-2-0,0,25549,25026,46085,33358,3091443,0,0
1784138299557,unknown,VM-78,Stage3-2-0,0,0,0,0,0,0,0,0
1784138299573,unknown,VM-79,Stage3-1-0,0,0,0,0,0,0,0,0
1784138299583,unknown,VM-76,Stage2-1-0,0,0,0,0,0,0,0,0
1784138300433,unknown,VM-73,Stage1-1-0,0,24703,24202,36380,223315,2963304,0,0
1784138300449,unknown,VM-75,Stage1-0-0,0,24608,24121,43669,44403,2964386,0,0
1784138300515,unknown,VM-77,Stage2-3-0,0,0,0,0,0,0,0,0
1784138300557,unknown,VM-74,Stage1-2-0,0,24388,23921,222469,26451,2944913,0,0
1784138300558,unknown,VM-78,Stage3-2-0,0,0,0,0,0,0,0,0
1784138300573,unknown,VM-79,Stage3-1-0,0,0,0,0,0,0,0,0
1784138300583,unknown,VM-76,Stage2-1-0,0,0,0,0,0,0,0,0
1784138301433,unknown,VM-73,Stage1-1-0,0,24449,23964,48679,35595,2940314,0,0
1784138301449,unknown,VM-75,Stage1-0-0,0,24338,23820,44207,215394,2931525,0,0
1784138301515,unknown,VM-77,Stage2-3-0,0,0,0,0,0,0,0,0
1784138301557,unknown,VM-74,Stage1-2-0,0,24466,23998,42809,32635,2937945,0,0
1784138301557,unknown,VM-78,Stage3-2-0,0,0,0,0,0,0,0,0
1784138301572,unknown,VM-79,Stage3-1-0,0,0,0,0,0,0,0,0
1784138301583,unknown,VM-76,Stage2-1-0,0,0,0,0,0,0,0,0
1784138302433,unknown,VM-73,Stage1-1-0,0,25125,24600,46186,36164,3012874,0,0
1784138302449,unknown,VM-75,Stage1-0-0,0,25303,24781,46214,33284,3052179,0,0
1784138302515,unknown,VM-77,Stage2-3-0,0,0,0,0,0,0,0,0
1784138302557,unknown,VM-74,Stage1-2-0,0,25534,25021,47919,33509,3081453,0,0
1784138302557,unknown,VM-78,Stage3-2-0,0,0,0,0,0,0,0,0
1784138302572,unknown,VM-79,Stage3-1-0,0,0,0,0,0,0,0,0
1784138302583,unknown,VM-76,Stage2-1-0,0,0,0,0,0,0,0,0
1784138303433,unknown,VM-73,Stage1-1-0,0,24806,24309,48767,36985,2988252,0,0
1784138303449,unknown,VM-75,Stage1-0-0,0,24122,23634,46529,32064,2911708,0,0
1784138303515,unknown,VM-77,Stage2-3-0,0,0,0,0,0,0,0,0
1784138303557,unknown,VM-74,Stage1-2-0,0,24487,24047,46812,34175,2932425,0,0
1784138303557,unknown,VM-78,Stage3-2-0,0,0,0,0,0,0,0,0
1784138303572,unknown,VM-79,Stage3-1-0,0,0,0,0,0,0,0,0
1784138303583,unknown,VM-76,Stage2-1-0,0,0,0,0,0,0,0,0
1784138304433,unknown,VM-73,Stage1-1-0,0,26477,25950,51621,37293,3187949,0,0
1784138304449,unknown,VM-75,Stage1-0-0,0,26443,25911,48379,34433,3173668,0,0
1784138304515,unknown,VM-77,Stage2-3-0,0,0,0,0,0,0,0,0
1784138304557,unknown,VM-74,Stage1-2-0,0,25971,25432,47080,36356,3123752,0,0
1784138304557,unknown,VM-78,Stage3-2-0,0,0,0,0,0,0,0,0
1784138304573,unknown,VM-79,Stage3-1-0,0,0,0,0,0,0,0,0
1784138304583,unknown,VM-76,Stage2-1-0,0,0,0,0,0,0,0,0
1784138305433,unknown,VM-73,Stage1-1-0,0,23273,22810,46911,33860,2807558,0,0
1784138305449,unknown,VM-75,Stage1-0-0,0,23017,22545,53297,28815,2774453,0,0
1784138305515,unknown,VM-77,Stage2-3-0,0,0,0,0,0,0,0,0
1784138305557,unknown,VM-74,Stage1-2-0,0,23178,22739,53702,28776,2776653,0,0
1784138305557,unknown,VM-78,Stage3-2-0,0,0,0,0,0,0,0,0
1784138305573,unknown,VM-79,Stage3-1-0,0,0,0,0,0,0,0,0
1784138305583,unknown,VM-76,Stage2-1-0,0,0,0,0,0,0,0,0
1784138306433,unknown,VM-73,Stage1-1-0,0,26251,25729,56530,37538,3163924,0,0
1784138306449,unknown,VM-75,Stage1-0-0,0,26360,25824,58041,28186,3167273,0,0
1784138306515,unknown,VM-77,Stage2-3-0,0,0,0,0,0,0,0,0
1784138306557,unknown,VM-74,Stage1-2-0,0,26366,25840,57078,31747,3165079,0,0
1784138306557,unknown,VM-78,Stage3-2-0,0,0,0,0,0,0,0,0
1784138306573,unknown,VM-79,Stage3-1-0,0,0,0,0,0,0,0,0
1784138306583,unknown,VM-76,Stage2-1-0,0,0,0,0,0,0,0,0
1784138307433,unknown,VM-73,Stage1-1-0,0,24622,24151,30889,216467,2956622,0,0
1784138307449,unknown,VM-75,Stage1-0-0,0,24475,24012,46926,33784,2945534,0,0
1784138307515,unknown,VM-77,Stage2-3-0,0,0,0,0,0,0,0,0
1784138307557,unknown,VM-74,Stage1-2-0,0,24881,24400,32859,214276,2999807,0,0
1784138307557,unknown,VM-78,Stage3-2-0,0,0,0,0,0,0,0,0
1784138307572,unknown,VM-79,Stage3-1-0,0,0,0,0,0,0,0,0
1784138307583,unknown,VM-76,Stage2-1-0,0,0,0,0,0,0,0,0
1784138308433,unknown,VM-73,Stage1-1-0,0,24519,23985,61829,38020,2945523,0,0
1784138308449,unknown,VM-75,Stage1-0-0,0,24342,23850,36829,185821,2928885,0,0
1784138308515,unknown,VM-77,Stage2-3-0,0,0,0,0,0,0,0,0
1784138308557,unknown,VM-74,Stage1-2-0,0,24274,23779,42672,38166,2921777,0,0
1784138308557,unknown,VM-78,Stage3-2-0,0,0,0,0,0,0,0,0
1784138308573,unknown,VM-79,Stage3-1-0,0,0,0,0,0,0,0,0
1784138308583,unknown,VM-76,Stage2-1-0,0,0,0,0,0,0,0,0
1784138309433,unknown,VM-73,Stage1-1-0,0,23901,23389,43612,34647,2872023,0,0
1784138309449,unknown,VM-75,Stage1-0-0,0,23908,23429,44159,31468,2877792,0,0
1784138309515,unknown,VM-77,Stage2-3-0,0,0,0,0,0,0,0,0
1784138309557,unknown,VM-74,Stage1-2-0,0,23967,23523,43353,31732,2886225,0,0
1784138309557,unknown,VM-78,Stage3-2-0,0,0,0,0,0,0,0,0
1784138309573,unknown,VM-79,Stage3-1-0,0,0,0,0,0,0,0,0
1784138309583,unknown,VM-76,Stage2-1-0,0,0,0,0,0,0,0,0
1784138310433,unknown,VM-73,Stage1-1-0,0,26958,26416,49166,43736,3250808,0,0
1784138310449,unknown,VM-75,Stage1-0-0,0,27233,26702,49221,32855,3272916,0,0
1784138310515,unknown,VM-77,Stage2-3-0,0,0,0,0,0,0,0,0
1784138310557,unknown,VM-74,Stage1-2-0,0,27217,26715,45996,35710,3277045,0,0
1784138310557,unknown,VM-78,Stage3-2-0,0,0,0,0,0,0,0,0
1784138310573,unknown,VM-79,Stage3-1-0,0,0,0,0,0,0,0,0
1784138310583,unknown,VM-76,Stage2-1-0,0,0,0,0,0,0,0,0
1784138311433,unknown,VM-73,Stage1-1-0,0,23722,23226,61326,33336,2845366,0,0
1784138311449,unknown,VM-75,Stage1-0-0,0,23413,22979,38707,27032,2814295,0,0
1784138311515,unknown,VM-77,Stage2-3-0,0,0,0,0,0,0,0,0
1784138311557,unknown,VM-74,Stage1-2-0,0,23738,23277,45064,33344,2856418,0,0
1784138311557,unknown,VM-78,Stage3-2-0,0,0,0,0,0,0,0,0
1784138311573,unknown,VM-79,Stage3-1-0,0,0,0,0,0,0,0,0
1784138311583,unknown,VM-76,Stage2-1-0,0,0,0,0,0,0,0,0
1784138312433,unknown,VM-73,Stage1-1-0,0,25879,25350,47546,36309,3112646,0,0
1784138312449,unknown,VM-75,Stage1-0-0,0,25907,25404,46990,32773,3110111,0,0
1784138312515,unknown,VM-77,Stage2-3-0,0,0,0,0,0,0,0,0
1784138312557,unknown,VM-74,Stage1-2-0,0,25842,25336,45247,34629,3115115,0,0
1784138312557,unknown,VM-78,Stage3-2-0,0,0,0,0,0,0,0,0
1784138312572,unknown,VM-79,Stage3-1-0,0,0,0,0,0,0,0,0
1784138312583,unknown,VM-76,Stage2-1-0,0,0,0,0,0,0,0,0
1784138313433,unknown,VM-73,Stage1-1-0,0,24812,24327,48743,217315,2983160,0,0
1784138313449,unknown,VM-75,Stage1-0-0,0,24998,24521,46222,40658,2999848,0,0
1784138313515,unknown,VM-77,Stage2-3-0,0,0,0,0,0,0,0,0
1784138313557,unknown,VM-74,Stage1-2-0,0,24685,24199,56177,41618,2968073,0,0
1784138313557,unknown,VM-78,Stage3-2-0,0,0,0,0,0,0,0,0
1784138313572,unknown,VM-79,Stage3-1-0,0,0,0,0,0,0,0,0
1784138313583,unknown,VM-76,Stage2-1-0,0,0,0,0,0,0,0,0
1784138314433,unknown,VM-73,Stage1-1-0,0,25315,24821,47831,36254,3043358,0,0
1784138314449,unknown,VM-75,Stage1-0-0,0,25000,24476,47962,32430,3002204,0,0
1784138314515,unknown,VM-77,Stage2-3-0,0,0,0,0,0,0,0,0
1784138314557,unknown,VM-74,Stage1-2-0,0,25264,24738,231137,10905,3040588,0,0
1784138314557,unknown,VM-78,Stage3-2-0,0,0,0,0,0,0,0,0
1784138314572,unknown,VM-79,Stage3-1-0,0,0,0,0,0,0,0,0
1784138314583,unknown,VM-76,Stage2-1-0,0,0,0,0,0,0,0,0
1784138315433,unknown,VM-73,Stage1-1-0,0,25510,24999,48307,37201,3075224,0,0
1784138315449,unknown,VM-75,Stage1-0-0,0,25337,24836,235756,16530,3045845,0,0
1784138315515,unknown,VM-77,Stage2-3-0,0,0,0,0,0,0,0,0
1784138315557,unknown,VM-74,Stage1-2-0,0,25228,24726,43814,35721,3030626,0,0
1784138315557,unknown,VM-78,Stage3-2-0,0,0,0,0,0,0,0,0
1784138315573,unknown,VM-79,Stage3-1-0,0,0,0,0,0,0,0,0
1784138315583,unknown,VM-76,Stage2-1-0,0,0,0,0,0,0,0,0
1784138316433,unknown,VM-73,Stage1-1-0,0,24563,24078,48670,35313,2951561,0,0
1784138316449,unknown,VM-75,Stage1-0-0,0,24755,24281,69532,47754,2978582,0,0
1784138316515,unknown,VM-77,Stage2-3-0,0,0,0,0,0,0,0,0
1784138316557,unknown,VM-74,Stage1-2-0,0,24655,24119,45253,33314,2958968,0,0
1784138316557,unknown,VM-78,Stage3-2-0,0,0,0,0,0,0,0,0
1784138316572,unknown,VM-79,Stage3-1-0,0,0,0,0,0,0,0,0
1784138316583,unknown,VM-76,Stage2-1-0,0,0,0,0,0,0,0,0
1784138317433,unknown,VM-73,Stage1-1-0,0,25371,24898,48770,36820,3047838,0,0
1784138317449,unknown,VM-75,Stage1-0-0,0,25351,24832,69586,29880,3055320,0,0
1784138317515,unknown,VM-77,Stage2-3-0,0,0,0,0,0,0,0,0
1784138317557,unknown,VM-74,Stage1-2-0,0,25155,24648,45069,35780,3025697,0,0
1784138317557,unknown,VM-78,Stage3-2-0,0,0,0,0,0,0,0,0
1784138317573,unknown,VM-79,Stage3-1-0,0,0,0,0,0,0,0,0
1784138317583,unknown,VM-76,Stage2-1-0,0,0,0,0,0,0,0,0
1784138318433,unknown,VM-73,Stage1-1-0,0,24525,24018,44627,36236,2943747,0,0
1784138318449,unknown,VM-75,Stage1-0-0,0,24461,23982,44702,31251,2944045,0,0
1784138318515,unknown,VM-77,Stage2-3-0,0,0,0,0,0,0,0,0
1784138318557,unknown,VM-74,Stage1-2-0,0,24449,23957,42489,33798,2946257,0,0
1784138318557,unknown,VM-78,Stage3-2-0,0,0,0,0,0,0,0,0
1784138318572,unknown,VM-79,Stage3-1-0,0,0,0,0,0,0,0,0
1784138318583,unknown,VM-76,Stage2-1-0,0,0,0,0,0,0,0,0
1784138319433,unknown,VM-73,Stage1-1-0,0,25953,25451,47814,37652,3120223,0,0
1784138319449,unknown,VM-75,Stage1-0-0,0,25977,25441,48227,34078,3127609,0,0
1784138319515,unknown,VM-77,Stage2-3-0,0,0,0,0,0,0,0,0
1784138319557,unknown,VM-74,Stage1-2-0,0,26036,25522,46413,35264,3128148,0,0
1784138319557,unknown,VM-78,Stage3-2-0,0,0,0,0,0,0,0,0
1784138319573,unknown,VM-79,Stage3-1-0,0,0,0,0,0,0,0,0
1784138319583,unknown,VM-76,Stage2-1-0,0,0,0,0,0,0,0,0
1784138320433,unknown,VM-73,Stage1-1-0,0,24186,23672,37897,222442,2910518,0,0
1784138320449,unknown,VM-75,Stage1-0-0,0,23698,23235,46325,33801,2864462,0,0
1784138320515,unknown,VM-77,Stage2-3-0,0,0,0,0,0,0,0,0
1784138320557,unknown,VM-74,Stage1-2-0,0,24107,23631,42104,216421,2887645,0,0
1784138320557,unknown,VM-78,Stage3-2-0,0,0,0,0,0,0,0,0
1784138320572,unknown,VM-79,Stage3-1-0,0,0,0,0,0,0,0,0
1784138320583,unknown,VM-76,Stage2-1-0,0,0,0,0,0,0,0,0
1784138321433,unknown,VM-73,Stage1-1-0,0,24861,24357,45496,35809,2990952,0,0
1784138321449,unknown,VM-75,Stage1-0-0,0,24960,24493,47454,32716,3001950,0,0
1784138321515,unknown,VM-77,Stage2-3-0,0,0,0,0,0,0,0,0
1784138321557,unknown,VM-74,Stage1-2-0,0,24681,24180,44764,34683,2973374,0,0
1784138321557,unknown,VM-78,Stage3-2-0,0,0,0,0,0,0,0,0
1784138321573,unknown,VM-79,Stage3-1-0,0,0,0,0,0,0,0,0
1784138321583,unknown,VM-76,Stage2-1-0,0,0,0,0,0,0,0,0
1784138322433,unknown,VM-73,Stage1-1-0,0,24443,23980,46539,34292,2942207,0,0
1784138322449,unknown,VM-75,Stage1-0-0,0,24792,24249,239647,8709,2983719,0,0
1784138322515,unknown,VM-77,Stage2-3-0,0,0,0,0,0,0,0,0
1784138322557,unknown,VM-74,Stage1-2-0,0,24928,24461,46276,35491,3001679,0,0
1784138322557,unknown,VM-78,Stage3-2-0,0,0,0,0,0,0,0,0
1784138322573,unknown,VM-79,Stage3-1-0,0,0,0,0,0,0,0,0
1784138322583,unknown,VM-76,Stage2-1-0,0,0,0,0,0,0,0,0
1784138323433,unknown,VM-73,Stage1-1-0,0,23719,23202,45956,33693,2854504,0,0
1784138323449,unknown,VM-75,Stage1-0-0,0,24050,23548,36626,21969,2892830,0,0
1784138323515,unknown,VM-77,Stage2-3-0,0,0,0,0,0,0,0,0
1784138323557,unknown,VM-74,Stage1-2-0,0,24032,23553,44094,33574,2882785,0,0
1784138323557,unknown,VM-78,Stage3-2-0,0,0,0,0,0,0,0,0
1784138323572,unknown,VM-79,Stage3-1-0,0,0,0,0,0,0,0,0
1784138323583,unknown,VM-76,Stage2-1-0,0,0,0,0,0,0,0,0
1784138324433,unknown,VM-73,Stage1-1-0,0,26671,26149,48220,37493,3210550,0,0
1784138324449,unknown,VM-75,Stage1-0-0,0,26639,26081,48216,34136,3198824,0,0
1784138324515,unknown,VM-77,Stage2-3-0,0,0,0,0,0,0,0,0
1784138324557,unknown,VM-74,Stage1-2-0,0,26505,25983,46963,88442,3177651,0,0
1784138324557,unknown,VM-78,Stage3-2-0,0,0,0,0,0,0,0,0
1784138324572,unknown,VM-79,Stage3-1-0,0,0,0,0,0,0,0,0
1784138324583,unknown,VM-76,Stage2-1-0,0,0,0,0,0,0,0,0
1784138325433,unknown,VM-73,Stage1-1-0,0,25410,24870,47599,36945,3065137,0,0
1784138325449,unknown,VM-75,Stage1-0-0,0,25227,24710,47862,33751,3040003,0,0
1784138325515,unknown,VM-77,Stage2-3-0,0,0,0,0,0,0,0,0
1784138325557,unknown,VM-74,Stage1-2-0,0,25086,24596,44988,35173,3008181,0,0
1784138325557,unknown,VM-78,Stage3-2-0,0,0,0,0,0,0,0,0
1784138325572,unknown,VM-79,Stage3-1-0,0,0,0,0,0,0,0,0
1784138325583,unknown,VM-76,Stage2-1-0,0,0,0,0,0,0,0,0
1784138326433,unknown,VM-73,Stage1-1-0,0,25056,24571,47661,35209,3012485,0,0
1784138326449,unknown,VM-75,Stage1-0-0,0,25136,24624,46314,33988,3012825,0,0
1784138326515,unknown,VM-77,Stage2-3-0,0,0,0,0,0,0,0,0
1784138326557,unknown,VM-74,Stage1-2-0,0,25051,24533,46006,33722,3017816,0,0
1784138326557,unknown,VM-78,Stage3-2-0,0,0,0,0,0,0,0,0
1784138326572,unknown,VM-79,Stage3-1-0,0,0,0,0,0,0,0,0
1784138326583,unknown,VM-76,Stage2-1-0,0,0,0,0,0,0,0,0
1784138327433,unknown,VM-73,Stage1-1-0,0,25225,24684,235910,19467,3037906,0,0
1784138327449,unknown,VM-75,Stage1-0-0,0,25071,24570,48964,32709,3017753,0,0
1784138327515,unknown,VM-77,Stage2-3-0,0,0,0,0,0,0,0,0
1784138327557,unknown,VM-74,Stage1-2-0,0,24807,24314,36596,215562,2974529,0,0
1784138327557,unknown,VM-78,Stage3-2-0,0,0,0,0,0,0,0,0
1784138327572,unknown,VM-79,Stage3-1-0,0,0,0,0,0,0,0,0
1784138327583,unknown,VM-76,Stage2-1-0,0,0,0,0,0,0,0,0
1784138328433,unknown,VM-73,Stage1-1-0,0,24499,23996,48094,35410,2944083,0,0
1784138328449,unknown,VM-75,Stage1-0-0,0,24215,23734,47561,221694,2915417,0,0
1784138328515,unknown,VM-77,Stage2-3-0,0,0,0,0,0,0,0,0
1784138328557,unknown,VM-74,Stage1-2-0,0,24119,23655,45174,35608,2900209,0,0
1784138328557,unknown,VM-78,Stage3-2-0,0,0,0,0,0,0,0,0
1784138328572,unknown,VM-79,Stage3-1-0,0,0,0,0,0,0,0,0
1784138328583,unknown,VM-76,Stage2-1-0,0,0,0,0,0,0,0,0
1784138329433,unknown,VM-73,Stage1-1-0,0,25843,25311,49605,37969,3108431,0,0
1784138329449,unknown,VM-75,Stage1-0-0,0,26047,25510,50349,34401,3133447,0,0
1784138329515,unknown,VM-77,Stage2-3-0,0,0,0,0,0,0,0,0
1784138329557,unknown,VM-74,Stage1-2-0,0,25988,25470,47007,35578,3127128,0,0
1784138329557,unknown,VM-78,Stage3-2-0,0,0,0,0,0,0,0,0
1784138329572,unknown,VM-79,Stage3-1-0,0,0,0,0,0,0,0,0
1784138329583,unknown,VM-76,Stage2-1-0,0,0,0,0,0,0,0,0
1784138330433,unknown,VM-73,Stage1-1-0,0,23698,23248,45089,33654,2849303,0,0
1784138330449,unknown,VM-75,Stage1-0-0,0,24052,23562,46009,30796,2906267,0,0
1784138330515,unknown,VM-77,Stage2-3-0,0,0,0,0,0,0,0,0
1784138330557,unknown,VM-74,Stage1-2-0,0,23975,23503,43186,32431,2877892,0,0
1784138330557,unknown,VM-78,Stage3-2-0,0,0,0,0,0,0,0,0
1784138330573,unknown,VM-79,Stage3-1-0,0,0,0,0,0,0,0,0
1784138330583,unknown,VM-76,Stage2-1-0,0,0,0,0,0,0,0,0
1784138331433,unknown,VM-73,Stage1-1-0,0,25616,25084,52318,39095,3081975,0,0
1784138331449,unknown,VM-75,Stage1-0-0,0,25443,24944,53410,37003,3066547,0,0
1784138331515,unknown,VM-77,Stage2-3-0,0,0,0,0,0,0,0,0
1784138331557,unknown,VM-74,Stage1-2-0,0,25637,25130,50690,36668,3073953,0,0
1784138331557,unknown,VM-78,Stage3-2-0,0,0,0,0,0,0,0,0
1784138331572,unknown,VM-79,Stage3-1-0,0,0,0,0,0,0,0,0
1784138331583,unknown,VM-76,Stage2-1-0,0,0,0,0,0,0,0,0
1784138332433,unknown,VM-73,Stage1-1-0,0,24549,24091,45354,37568,2955759,0,0
1784138332449,unknown,VM-75,Stage1-0-0,0,24146,23665,48588,32461,2905416,0,0
1784138332515,unknown,VM-77,Stage2-3-0,0,0,0,0,0,0,0,0
1784138332557,unknown,VM-74,Stage1-2-0,0,24673,24194,45392,33847,2966081,0,0
1784138332557,unknown,VM-78,Stage3-2-0,0,0,0,0,0,0,0,0
1784138332572,unknown,VM-79,Stage3-1-0,0,0,0,0,0,0,0,0
1784138332583,unknown,VM-76,Stage2-1-0,0,0,0,0,0,0,0,0
1784138333449,unknown,VM-75,Stage1-0-0,0,26655,26081,8566,5207,3200882,0,0
1784138333499,unknown,VM-73,Stage1-1-0,0,26580,26055,49045,37105,3193125,0,0
1784138333515,unknown,VM-77,Stage2-3-0,0,0,0,0,0,0,0,0
1784138333557,unknown,VM-74,Stage1-2-0,0,26612,26125,45429,36979,3205787,0,0
1784138333557,unknown,VM-78,Stage3-2-0,0,0,0,0,0,0,0,0
1784138333572,unknown,VM-79,Stage3-1-0,0,0,0,0,0,0,0,0
1784138333583,unknown,VM-76,Stage2-1-0,0,0,0,0,0,0,0,0
1784138334433,unknown,VM-73,Stage1-1-0,0,24338,23803,44933,35957,2924880,0,0
1784138334449,unknown,VM-75,Stage1-0-0,0,24729,24227,46696,30608,2971939,0,0
1784138334515,unknown,VM-77,Stage2-3-0,0,0,0,0,0,0,0,0
1784138334557,unknown,VM-74,Stage1-2-0,0,24553,24092,22113,219254,2957928,0,0
1784138334557,unknown,VM-78,Stage3-2-0,0,0,0,0,0,0,0,0
1784138334573,unknown,VM-79,Stage3-1-0,0,0,0,0,0,0,0,0
1784138334583,unknown,VM-76,Stage2-1-0,0,0,0,0,0,0,0,0
1784138335433,unknown,VM-73,Stage1-1-0,0,24682,24194,46542,36239,2972483,0,0
1784138335449,unknown,VM-75,Stage1-0-0,0,24833,24347,41337,217835,2984769,0,0
1784138335516,unknown,VM-77,Stage2-3-0,0,0,0,0,0,0,0,0
1784138335557,unknown,VM-74,Stage1-2-0,0,24524,24021,53238,39309,2946806,0,0
1784138335557,unknown,VM-78,Stage3-2-0,0,0,0,0,0,0,0,0
1784138335572,unknown,VM-79,Stage3-1-0,0,0,0,0,0,0,0,0
1784138335583,unknown,VM-76,Stage2-1-0,0,0,0,0,0,0,0,0
1784138336433,unknown,VM-73,Stage1-1-0,0,25498,24996,45906,36532,3064547,0,0
1784138336449,unknown,VM-75,Stage1-0-0,0,25338,24808,49382,34195,3055904,0,0
1784138336515,unknown,VM-77,Stage2-3-0,0,0,0,0,0,0,0,0
1784138336557,unknown,VM-74,Stage1-2-0,0,25062,24561,44799,33603,3017242,0,0
1784138336557,unknown,VM-78,Stage3-2-0,0,0,0,0,0,0,0,0
1784138336573,unknown,VM-79,Stage3-1-0,0,0,0,0,0,0,0,0
1784138336583,unknown,VM-76,Stage2-1-0,0,0,0,0,0,0,0,0
1784138337433,unknown,VM-73,Stage1-1-0,0,24952,24452,47771,35257,3007891,0,0
1784138337449,unknown,VM-75,Stage1-0-0,0,24986,24490,49524,33357,3001609,0,0
1784138337515,unknown,VM-77,Stage2-3-0,0,0,0,0,0,0,0,0
1784138337557,unknown,VM-74,Stage1-2-0,0,24820,24332,50200,34245,2995440,0,0
1784138337557,unknown,VM-78,Stage3-2-0,0,0,0,0,0,0,0,0
1784138337573,unknown,VM-79,Stage3-1-0,0,0,0,0,0,0,0,0
1784138337583,unknown,VM-76,Stage2-1-0,0,0,0,0,0,0,0,0
1784138338433,unknown,VM-73,Stage1-1-0,0,24791,24309,46100,36317,2983159,0,0
1784138338449,unknown,VM-75,Stage1-0-0,0,24732,24211,68527,26764,2978605,0,0
1784138338515,unknown,VM-77,Stage2-3-0,0,0,0,0,0,0,0,0
1784138338557,unknown,VM-74,Stage1-2-0,0,25064,24586,47942,33894,3009400,0,0
1784138338557,unknown,VM-78,Stage3-2-0,0,0,0,0,0,0,0,0
1784138338572,unknown,VM-79,Stage3-1-0,0,0,0,0,0,0,0,0
1784138338583,unknown,VM-76,Stage2-1-0,0,0,0,0,0,0,0,0
1784138339433,unknown,VM-73,Stage1-1-0,0,24287,23809,46891,36608,2923099,0,0
1784138339449,unknown,VM-75,Stage1-0-0,0,24399,23892,81449,40173,2934593,0,0
1784138339516,unknown,VM-77,Stage2-3-0,0,0,0,0,0,0,0,0
1784138339557,unknown,VM-74,Stage1-2-0,0,24359,23857,43744,34513,2919720,0,0
1784138339557,unknown,VM-78,Stage3-2-0,0,0,0,0,0,0,0,0
1784138339572,unknown,VM-79,Stage3-1-0,0,0,0,0,0,0,0,0
1784138339583,unknown,VM-76,Stage2-1-0,0,0,0,0,0,0,0,0
1784138340433,unknown,VM-73,Stage1-1-0,0,26072,25549,40203,215524,3129422,0,0
1784138340449,unknown,VM-75,Stage1-0-0,0,25985,25442,48837,33836,3138777,0,0
1784138340515,unknown,VM-77,Stage2-3-0,0,0,0,0,0,0,0,0
1784138340557,unknown,VM-74,Stage1-2-0,0,26079,25560,46640,35106,3131760,0,0
1784138340557,unknown,VM-78,Stage3-2-0,0,0,0,0,0,0,0,0
1784138340573,unknown,VM-79,Stage3-1-0,0,0,0,0,0,0,0,0
1784138340583,unknown,VM-76,Stage2-1-0,0,0,0,0,0,0,0,0
1784138341433,unknown,VM-73,Stage1-1-0,0,25108,24602,49941,33146,3016086,0,0
1784138341449,unknown,VM-75,Stage1-0-0,0,24952,24444,46643,34225,3000860,0,0
1784138341515,unknown,VM-77,Stage2-3-0,0,0,0,0,0,0,0,0
1784138341557,unknown,VM-74,Stage1-2-0,0,25060,24541,7644,232960,3016855,0,0
1784138341557,unknown,VM-78,Stage3-2-0,0,0,0,0,0,0,0,0
1784138341573,unknown,VM-79,Stage3-1-0,0,0,0,0,0,0,0,0
1784138341583,unknown,VM-76,Stage2-1-0,0,0,0,0,0,0,0,0
1784138342433,unknown,VM-73,Stage1-1-0,0,24439,23974,47269,35989,2936838,0,0
1784138342449,unknown,VM-75,Stage1-0-0,0,24367,23879,234520,18620,2936456,0,0
1784138342515,unknown,VM-77,Stage2-3-0,0,0,0,0,0,0,0,0
1784138342557,unknown,VM-74,Stage1-2-0,0,24771,24258,44166,33997,2982700,0,0
1784138342557,unknown,VM-78,Stage3-2-0,0,0,0,0,0,0,0,0
1784138342573,unknown,VM-79,Stage3-1-0,0,0,0,0,0,0,0,0
1784138342583,unknown,VM-76,Stage2-1-0,0,0,0,0,0,0,0,0
1784138343433,unknown,VM-73,Stage1-1-0,0,23495,23023,47583,35048,2821222,0,0
1784138343449,unknown,VM-75,Stage1-0-0,0,23179,22718,53327,28490,2796390,0,0
1784138343515,unknown,VM-77,Stage2-3-0,0,0,0,0,0,0,0,0
1784138343557,unknown,VM-74,Stage1-2-0,0,23330,22857,45416,32775,2802521,0,0
1784138343557,unknown,VM-78,Stage3-2-0,0,0,0,0,0,0,0,0
1784138343573,unknown,VM-79,Stage3-1-0,0,0,0,0,0,0,0,0
1784138343583,unknown,VM-76,Stage2-1-0,0,0,0,0,0,0,0,0
1784138344433,unknown,VM-73,Stage1-1-0,0,25888,25366,57490,34785,3112069,0,0
1784138344449,unknown,VM-75,Stage1-0-0,0,26120,25601,47963,35058,3134234,0,0
1784138344515,unknown,VM-77,Stage2-3-0,0,0,0,0,0,0,0,0
1784138344557,unknown,VM-74,Stage1-2-0,0,25705,25181,47458,37408,3100976,0,0
1784138344557,unknown,VM-78,Stage3-2-0,0,0,0,0,0,0,0,0
1784138344572,unknown,VM-79,Stage3-1-0,0,0,0,0,0,0,0,0
1784138344583,unknown,VM-76,Stage2-1-0,0,0,0,0,0,0,0,0
1784138345433,unknown,VM-73,Stage1-1-0,0,25689,25175,48028,36377,3088450,0,0
1784138345449,unknown,VM-75,Stage1-0-0,0,25258,24735,47751,31782,3025378,0,0
1784138345515,unknown,VM-77,Stage2-3-0,0,0,0,0,0,0,0,0
1784138345557,unknown,VM-74,Stage1-2-0,0,25335,24828,50642,33909,3048275,0,0
1784138345557,unknown,VM-78,Stage3-2-0,0,0,0,0,0,0,0,0
1784138345572,unknown,VM-79,Stage3-1-0,0,0,0,0,0,0,0,0
1784138345583,unknown,VM-76,Stage2-1-0,0,0,0,0,0,0,0,0
1784138346433,unknown,VM-73,Stage1-1-0,0,24984,24511,45984,35156,3008139,0,0
1784138346449,unknown,VM-75,Stage1-0-0,0,24835,24346,45735,32933,2987888,0,0
1784138346515,unknown,VM-77,Stage2-3-0,0,0,0,0,0,0,0,0
1784138346557,unknown,VM-74,Stage1-2-0,0,24929,24471,43723,33397,3002085,0,0
1784138346557,unknown,VM-78,Stage3-2-0,0,0,0,0,0,0,0,0
1784138346573,unknown,VM-79,Stage3-1-0,0,0,0,0,0,0,0,0
1784138346583,unknown,VM-76,Stage2-1-0,0,0,0,0,0,0,0,0
1784138347433,unknown,VM-73,Stage1-1-0,0,25048,24534,226951,21741,3011284,0,0
1784138347449,unknown,VM-75,Stage1-0-0,0,24794,24317,46708,33384,2986225,0,0
1784138347515,unknown,VM-77,Stage2-3-0,0,0,0,0,0,0,0,0
1784138347557,unknown,VM-74,Stage1-2-0,0,25350,24856,41224,215153,3052783,0,0
1784138347557,unknown,VM-78,Stage3-2-0,0,0,0,0,0,0,0,0
1784138347572,unknown,VM-79,Stage3-1-0,0,0,0,0,0,0,0,0
1784138347583,unknown,VM-76,Stage2-1-0,0,0,0,0,0,0,0,0
1784138348433,unknown,VM-73,Stage1-1-0,0,24985,24503,45459,35453,3000204,0,0
1784138348449,unknown,VM-75,Stage1-0-0,0,24932,24449,28735,19400,2991817,0,0
1784138348515,unknown,VM-77,Stage2-3-0,0,0,0,0,0,0,0,0
1784138348557,unknown,VM-74,Stage1-2-0,0,25013,24525,46591,34767,3022815,0,0
1784138348557,unknown,VM-78,Stage3-2-0,0,0,0,0,0,0,0,0
1784138348573,unknown,VM-79,Stage3-1-0,0,0,0,0,0,0,0,0
1784138348583,unknown,VM-76,Stage2-1-0,0,0,0,0,0,0,0,0
1784138349433,unknown,VM-73,Stage1-1-0,0,25645,25117,46404,36573,3086829,0,0
1784138349449,unknown,VM-75,Stage1-0-0,0,25651,25146,26003,220347,3085277,0,0
1784138349515,unknown,VM-77,Stage2-3-0,0,0,0,0,0,0,0,0
1784138349557,unknown,VM-74,Stage1-2-0,0,25873,25333,43318,35267,3103218,0,0
1784138349557,unknown,VM-78,Stage3-2-0,0,0,0,0,0,0,0,0
1784138349572,unknown,VM-79,Stage3-1-0,0,0,0,0,0,0,0,0
1784138349583,unknown,VM-76,Stage2-1-0,0,0,0,0,0,0,0,0
1784138350433,unknown,VM-73,Stage1-1-0,0,23391,22932,43435,34111,2805051,0,0
1784138350449,unknown,VM-75,Stage1-0-0,0,23336,22876,47259,30944,2797557,0,0
1784138350515,unknown,VM-77,Stage2-3-0,0,0,0,0,0,0,0,0
1784138350557,unknown,VM-74,Stage1-2-0,0,23428,22939,44935,32235,2829331,0,0
1784138350557,unknown,VM-78,Stage3-2-0,0,0,0,0,0,0,0,0
1784138350572,unknown,VM-79,Stage3-1-0,0,0,0,0,0,0,0,0
1784138350583,unknown,VM-76,Stage2-1-0,0,0,0,0,0,0,0,0
1784138351433,unknown,VM-73,Stage1-1-0,0,26529,25988,46353,38611,3189062,0,0
1784138351449,unknown,VM-75,Stage1-0-0,0,26378,25883,46691,34620,3183662,0,0
1784138351515,unknown,VM-77,Stage2-3-0,0,0,0,0,0,0,0,0
1784138351557,unknown,VM-74,Stage1-2-0,0,26804,26283,45872,36703,3210803,0,0
1784138351557,unknown,VM-78,Stage3-2-0,0,0,0,0,0,0,0,0
1784138351573,unknown,VM-79,Stage3-1-0,0,0,0,0,0,0,0,0
1784138351583,unknown,VM-76,Stage2-1-0,0,0,0,0,0,0,0,0
1784138352433,unknown,VM-73,Stage1-1-0,0,24620,24125,45596,35503,2972729,0,0
1784138352449,unknown,VM-75,Stage1-0-0,0,24410,23930,45746,32428,2938376,0,0
1784138352515,unknown,VM-77,Stage2-3-0,0,0,0,0,0,0,0,0
1784138352557,unknown,VM-74,Stage1-2-0,0,24312,23809,42453,33817,2918776,0,0
1784138352557,unknown,VM-78,Stage3-2-0,0,0,0,0,0,0,0,0
1784138352572,unknown,VM-79,Stage3-1-0,0,0,0,0,0,0,0,0
1784138352583,unknown,VM-76,Stage2-1-0,0,0,0,0,0,0,0,0
1784138353433,unknown,VM-73,Stage1-1-0,0,24626,24135,46169,36518,2969429,0,0
1784138353449,unknown,VM-75,Stage1-0-0,0,24652,24170,47793,31919,2965317,0,0
1784138353515,unknown,VM-77,Stage2-3-0,0,0,0,0,0,0,0,0
1784138353557,unknown,VM-74,Stage1-2-0,0,24674,24160,44228,33837,2967036,0,0
1784138353557,unknown,VM-78,Stage3-2-0,0,0,0,0,0,0,0,0
1784138353573,unknown,VM-79,Stage3-1-0,0,0,0,0,0,0,0,0
1784138353583,unknown,VM-76,Stage2-1-0,0,0,0,0,0,0,0,0
1784138354433,unknown,VM-73,Stage1-1-0,0,24513,24013,10466,234601,2939660,0,0
1784138354449,unknown,VM-75,Stage1-0-0,0,24581,24093,46180,32933,2959057,0,0
1784138354516,unknown,VM-77,Stage2-3-0,0,0,0,0,0,0,0,0
1784138354557,unknown,VM-74,Stage1-2-0,0,24377,23926,33315,219391,2924917,0,0
1784138354557,unknown,VM-78,Stage3-2-0,0,0,0,0,0,0,0,0
1784138354573,unknown,VM-79,Stage3-1-0,0,0,0,0,0,0,0,0
1784138354583,unknown,VM-76,Stage2-1-0,0,0,0,0,0,0,0,0
1784138355433,unknown,VM-73,Stage1-1-0,0,26646,26112,48575,38593,3202452,0,0
1784138355449,unknown,VM-75,Stage1-0-0,0,26401,25871,49437,33313,3174133,0,0
1784138355515,unknown,VM-77,Stage2-3-0,0,0,0,0,0,0,0,0
1784138355557,unknown,VM-74,Stage1-2-0,0,26541,26000,47677,35330,3187888,0,0
1784138355558,unknown,VM-78,Stage3-2-0,0,0,0,0,0,0,0,0
1784138355573,unknown,VM-79,Stage3-1-0,0,0,0,0,0,0,0,0
1784138355583,unknown,VM-76,Stage2-1-0,0,0,0,0,0,0,0,0
1784138356433,unknown,VM-73,Stage1-1-0,0,24147,23654,45416,35234,2907750,0,0
1784138356449,unknown,VM-75,Stage1-0-0,0,24532,24058,237504,8531,2942502,0,0
1784138356515,unknown,VM-77,Stage2-3-0,0,0,0,0,0,0,0,0
1784138356557,unknown,VM-74,Stage1-2-0,0,24535,24040,44489,32533,2953989,0,0
1784138356557,unknown,VM-78,Stage3-2-0,0,0,0,0,0,0,0,0
1784138356573,unknown,VM-79,Stage3-1-0,0,0,0,0,0,0,0,0
1784138356583,unknown,VM-76,Stage2-1-0,0,0,0,0,0,0,0,0
1784138357433,unknown,VM-73,Stage1-1-0,0,23801,23343,48071,35798,2853941,0,0
1784138357449,unknown,VM-75,Stage1-0-0,0,23976,23508,47201,31086,2899558,0,0
1784138357515,unknown,VM-77,Stage2-3-0,0,0,0,0,0,0,0,0
1784138357557,unknown,VM-74,Stage1-2-0,0,23685,23237,45961,34191,2843930,0,0
1784138357557,unknown,VM-78,Stage3-2-0,0,0,0,0,0,0,0,0
1784138357572,unknown,VM-79,Stage3-1-0,0,0,0,0,0,0,0,0
1784138357583,unknown,VM-76,Stage2-1-0,0,0,0,0,0,0,0,0
1784138358433,unknown,VM-73,Stage1-1-0,0,25384,24854,46983,35417,3063407,0,0
1784138358449,unknown,VM-75,Stage1-0-0,0,25015,24519,48558,32850,3008196,0,0
1784138358515,unknown,VM-77,Stage2-3-0,0,0,0,0,0,0,0,0
1784138358557,unknown,VM-74,Stage1-2-0,0,25268,24727,44901,33322,3038466,0,0
1784138358557,unknown,VM-78,Stage3-2-0,0,0,0,0,0,0,0,0
1784138358572,unknown,VM-79,Stage3-1-0,0,0,0,0,0,0,0,0
1784138358583,unknown,VM-76,Stage2-1-0,0,0,0,0,0,0,0,0
1784138359433,unknown,VM-73,Stage1-1-0,0,26628,26130,49796,38146,3207040,0,0
1784138359449,unknown,VM-75,Stage1-0-0,0,26330,25838,48829,35019,3164165,0,0
1784138359515,unknown,VM-77,Stage2-3-0,0,0,0,0,0,0,0,0
1784138359557,unknown,VM-74,Stage1-2-0,0,26340,25785,48333,35939,3179253,0,0
1784138359557,unknown,VM-78,Stage3-2-0,0,0,0,0,0,0,0,0
1784138359573,unknown,VM-79,Stage3-1-0,0,0,0,0,0,0,0,0
1784138359583,unknown,VM-76,Stage2-1-0,0,0,0,0,0,0,0,0
1784138360433,unknown,VM-73,Stage1-1-0,0,24195,23700,45381,220903,2905454,0,0
1784138360449,unknown,VM-75,Stage1-0-0,0,24125,23659,48699,32766,2899059,0,0
1784138360515,unknown,VM-77,Stage2-3-0,0,0,0,0,0,0,0,0
1784138360557,unknown,VM-74,Stage1-2-0,0,24130,23619,44134,33158,2916861,0,0
1784138360557,unknown,VM-78,Stage3-2-0,0,0,0,0,0,0,0,0
1784138360573,unknown,VM-79,Stage3-1-0,0,0,0,0,0,0,0,0
1784138360583,unknown,VM-76,Stage2-1-0,0,0,0,0,0,0,0,0
1784138361433,unknown,VM-73,Stage1-1-0,0,24582,24099,47905,36827,2966468,0,0
1784138361449,unknown,VM-75,Stage1-0-0,0,24595,24131,48983,37213,2951943,0,0
1784138361515,unknown,VM-77,Stage2-3-0,0,0,0,0,0,0,0,0
1784138361557,unknown,VM-74,Stage1-2-0,0,24653,24157,16191,234279,2976307,0,0
1784138361557,unknown,VM-78,Stage3-2-0,0,0,0,0,0,0,0,0
1784138361572,unknown,VM-79,Stage3-1-0,0,0,0,0,0,0,0,0
1784138361583,unknown,VM-76,Stage2-1-0,0,0,0,0,0,0,0,0
1784138362433,unknown,VM-73,Stage1-1-0,0,26018,25507,48666,38722,3127873,0,0
1784138362516,unknown,VM-77,Stage2-3-0,0,0,0,0,0,0,0,0
1784138362557,unknown,VM-74,Stage1-2-0,0,26123,25619,59070,36065,3144811,0,0
1784138362557,unknown,VM-78,Stage3-2-0,0,0,0,0,0,0,0,0
1784138362573,unknown,VM-79,Stage3-1-0,0,0,0,0,0,0,0,0
1784138362583,unknown,VM-76,Stage2-1-0,0,0,0,0,0,0,0,0
1784138363433,unknown,VM-73,Stage1-1-0,0,24001,23502,45503,34725,2889599,0,0
1784138363515,unknown,VM-77,Stage2-3-0,0,0,0,0,0,0,0,0
1784138363557,unknown,VM-74,Stage1-2-0,0,24097,23614,45703,34206,2898240,0,0
1784138363557,unknown,VM-78,Stage3-2-0,0,0,0,0,0,0,0,0
1784138363573,unknown,VM-79,Stage3-1-0,0,0,0,0,0,0,0,0
1784138363583,unknown,VM-76,Stage2-1-0,0,0,0,0,0,0,0,0
1784138364310,unknown,VM-75,Stage1-0-0,0,24818,24303,48164,39580,2996883,0,0
1784138364310,unknown,VM-75,Stage1-0-0,0,0,0,0,0,0,0,0
1784138364433,unknown,VM-73,Stage1-1-0,0,25714,25212,46648,36099,3093219,0,0
1784138364449,unknown,VM-75,Stage1-0-0,0,50569,49569,2085,2301731,6082463,0,0
1784138364515,unknown,VM-77,Stage2-3-0,0,0,0,0,0,0,0,0
1784138364557,unknown,VM-74,Stage1-2-0,0,25656,25140,46028,34171,3093546,0,0
1784138364557,unknown,VM-78,Stage3-2-0,0,0,0,0,0,0,0,0
1784138364572,unknown,VM-79,Stage3-1-0,0,0,0,0,0,0,0,0
1784138364583,unknown,VM-76,Stage2-1-0,0,0,0,0,0,0,0,0
1784138365433,unknown,VM-73,Stage1-1-0,0,24207,23739,45430,36777,2915190,0,0
1784138365449,unknown,VM-75,Stage1-0-0,0,24358,23853,46418,33404,2929837,0,0
1784138365515,unknown,VM-77,Stage2-3-0,0,0,0,0,0,0,0,0
1784138365557,unknown,VM-74,Stage1-2-0,0,24046,23563,43696,34650,2890186,0,0
1784138365557,unknown,VM-78,Stage3-2-0,0,0,0,0,0,0,0,0
1784138365572,unknown,VM-79,Stage3-1-0,0,0,0,0,0,0,0,0
1784138365583,unknown,VM-76,Stage2-1-0,0,0,0,0,0,0,0,0
1784138366433,unknown,VM-73,Stage1-1-0,0,25814,25312,49171,39422,3095049,0,0
1784138366449,unknown,VM-75,Stage1-0-0,0,25985,25419,48150,37043,3134159,0,0
1784138366515,unknown,VM-77,Stage2-3-0,0,0,0,0,0,0,0,0
1784138366557,unknown,VM-74,Stage1-2-0,0,25631,25121,44017,34403,3085271,0,0
1784138366558,unknown,VM-78,Stage3-2-0,0,0,0,0,0,0,0,0
1784138366573,unknown,VM-79,Stage3-1-0,0,0,0,0,0,0,0,0
1784138366583,unknown,VM-76,Stage2-1-0,0,0,0,0,0,0,0,0
1784138367449,unknown,VM-75,Stage1-0-0,0,25449,24924,46321,35573,3068704,0,0
1784138367515,unknown,VM-77,Stage2-3-0,0,0,0,0,0,0,0,0
1784138367557,unknown,VM-78,Stage3-2-0,0,0,0,0,0,0,0,0
1784138367572,unknown,VM-79,Stage3-1-0,0,0,0,0,0,0,0,0
1784138367583,unknown,VM-76,Stage2-1-0,0,0,0,0,0,0,0,0
1784138368449,unknown,VM-75,Stage1-0-0,0,24806,24323,46685,32462,2976573,0,0
1784138368515,unknown,VM-77,Stage2-3-0,0,0,0,0,0,0,0,0
1784138368557,unknown,VM-78,Stage3-2-0,0,0,0,0,0,0,0,0
1784138368573,unknown,VM-79,Stage3-1-0,0,0,0,0,0,0,0,0
1784138368583,unknown,VM-76,Stage2-1-0,0,0,0,0,0,0,0,0
1784138369382,unknown,VM-73,Stage1-1-0,0,8803,8624,26913,18459,1059939,0,0
1784138369383,unknown,VM-73,Stage1-1-0,0,0,0,0,0,0,0,0
1784138369410,unknown,VM-74,Stage1-2-0,0,23253,22796,43980,31698,2795453,0,0
1784138369411,unknown,VM-74,Stage1-2-0,0,0,0,0,0,0,0,0
1784138369432,unknown,VM-73,Stage1-1-0,0,18108,17753,2449532,942,2172545,0,0
1784138369449,unknown,VM-75,Stage1-0-0,0,25487,24967,46701,34169,3060376,0,0
1784138369515,unknown,VM-77,Stage2-3-0,0,0,0,0,0,0,0,0
1784138369557,unknown,VM-74,Stage1-2-0,0,52356,51300,750,2415054,6304398,0,0
1784138369557,unknown,VM-78,Stage3-2-0,0,0,0,0,0,0,0,0
1784138369572,unknown,VM-79,Stage3-1-0,0,0,0,0,0,0,0,0
1784138369583,unknown,VM-76,Stage2-1-0,0,0,0,0,0,0,0,0
1784138370433,unknown,VM-73,Stage1-1-0,0,73555,72115,46776,39659,8830850,0,0
1784138370449,unknown,VM-75,Stage1-0-0,0,24905,24403,61310,41057,2995880,0,0
1784138370515,unknown,VM-77,Stage2-3-0,0,0,0,0,0,0,0,0
1784138370557,unknown,VM-74,Stage1-2-0,0,24828,24358,53058,33557,2981937,0,0
1784138370557,unknown,VM-78,Stage3-2-0,0,0,0,0,0,0,0,0
1784138370573,unknown,VM-79,Stage3-1-0,0,0,0,0,0,0,0,0
1784138370583,unknown,VM-76,Stage2-1-0,0,0,0,0,0,0,0,0
1784138371433,unknown,VM-73,Stage1-1-0,0,24429,23950,51581,33435,2939414,0,0
1784138371449,unknown,VM-75,Stage1-0-0,0,24818,24329,69204,54388,2978940,0,0
1784138371515,unknown,VM-77,Stage2-3-0,0,0,0,0,0,0,0,0
1784138371557,unknown,VM-74,Stage1-2-0,0,24811,24306,50976,30368,2989252,0,0
1784138371557,unknown,VM-78,Stage3-2-0,0,0,0,0,0,0,0,0
1784138371572,unknown,VM-79,Stage3-1-0,0,0,0,0,0,0,0,0
1784138371583,unknown,VM-76,Stage2-1-0,0,0,0,0,0,0,0,0
1784138372433,unknown,VM-73,Stage1-1-0,0,24877,24377,46546,36178,2988573,0,0
1784138372449,unknown,VM-75,Stage1-0-0,0,24964,24500,58037,58542,3006687,0,0
1784138372515,unknown,VM-77,Stage2-3-0,0,0,0,0,0,0,0,0
1784138372557,unknown,VM-74,Stage1-2-0,0,25132,24684,45626,34383,3027751,0,0
1784138372557,unknown,VM-78,Stage3-2-0,0,0,0,0,0,0,0,0
1784138372572,unknown,VM-79,Stage3-1-0,0,0,0,0,0,0,0,0
1784138372583,unknown,VM-76,Stage2-1-0,0,0,0,0,0,0,0,0
1784138373433,unknown,VM-73,Stage1-1-0,0,25676,25118,50806,36007,3084264,0,0
1784138373515,unknown,VM-77,Stage2-3-0,0,0,0,0,0,0,0,0
1784138373557,unknown,VM-74,Stage1-2-0,0,25570,25081,44146,34665,3069843,0,0
1784138373557,unknown,VM-78,Stage3-2-0,0,0,0,0,0,0,0,0
1784138373573,unknown,VM-79,Stage3-1-0,0,0,0,0,0,0,0,0
1784138373583,unknown,VM-76,Stage2-1-0,0,0,0,0,0,0,0,0
1784138373620,unknown,VM-75,Stage1-0-0,0,11953,11714,37068,52949,1435818,0,0
1784138374433,unknown,VM-73,Stage1-1-0,0,23981,23495,45316,39921,2876722,0,0
1784138374449,unknown,VM-75,Stage1-0-0,0,37837,37077,45205,653270,4551631,0,0
1784138374515,unknown,VM-77,Stage2-3-0,0,0,0,0,0,0,0,0
1784138374557,unknown,VM-74,Stage1-2-0,0,24158,23667,46124,33684,2908745,0,0
1784138374557,unknown,VM-78,Stage3-2-0,0,0,0,0,0,0,0,0
1784138374572,unknown,VM-79,Stage3-1-0,0,0,0,0,0,0,0,0
1784138374583,unknown,VM-76,Stage2-1-0,0,0,0,0,0,0,0,0
1784138375433,unknown,VM-73,Stage1-1-0,0,24851,24355,52541,84446,2990477,0,0
1784138375449,unknown,VM-75,Stage1-0-0,0,24876,24336,65590,30980,2990396,0,0
1784138375515,unknown,VM-77,Stage2-3-0,0,0,0,0,0,0,0,0
1784138375557,unknown,VM-74,Stage1-2-0,0,24792,24284,34934,21024,2981114,0,0
1784138375557,unknown,VM-78,Stage3-2-0,0,0,0,0,0,0,0,0
1784138375572,unknown,VM-79,Stage3-1-0,0,0,0,0,0,0,0,0
1784138375583,unknown,VM-76,Stage2-1-0,0,0,0,0,0,0,0,0
1784138376433,unknown,VM-73,Stage1-1-0,0,25206,24729,60104,67419,3033705,0,0
1784138376449,unknown,VM-75,Stage1-0-0,0,25370,24861,45995,32089,3067229,0,0
1784138376515,unknown,VM-77,Stage2-3-0,0,0,0,0,0,0,0,0
1784138376557,unknown,VM-74,Stage1-2-0,0,25203,24724,56034,61540,3036415,0,0
1784138376557,unknown,VM-78,Stage3-2-0,0,0,0,0,0,0,0,0
1784138376573,unknown,VM-79,Stage3-1-0,0,0,0,0,0,0,0,0
1784138376583,unknown,VM-76,Stage2-1-0,0,0,0,0,0,0,0,0
1784138377433,unknown,VM-73,Stage1-1-0,0,25699,25200,58825,67844,3122156,0,0
1784138377449,unknown,VM-75,Stage1-0-0,0,26092,25568,45422,33698,3161369,0,0
1784138377515,unknown,VM-77,Stage2-3-0,0,0,0,0,0,0,0,0
1784138377557,unknown,VM-74,Stage1-2-0,0,25646,25154,54989,74838,3109388,0,0
1784138377557,unknown,VM-78,Stage3-2-0,0,0,0,0,0,0,0,0
1784138377573,unknown,VM-79,Stage3-1-0,0,0,0,0,0,0,0,0
1784138377583,unknown,VM-76,Stage2-1-0,0,0,0,0,0,0,0,0
1784138378449,unknown,VM-75,Stage1-0-0,0,24228,23746,62803,33143,2935667,0,0
1784138378515,unknown,VM-77,Stage2-3-0,0,0,0,0,0,0,0,0
1784138378557,unknown,VM-78,Stage3-2-0,0,0,0,0,0,0,0,0
1784138378572,unknown,VM-79,Stage3-1-0,0,0,0,0,0,0,0,0
1784138378583,unknown,VM-76,Stage2-1-0,0,0,0,0,0,0,0,0
1784138378609,unknown,VM-73,Stage1-1-0,0,15,15,951,95,1833,0,0
1784138378649,unknown,VM-74,Stage1-2-0,0,18577,18185,49543,54714,2253553,0,0
1784138379433,unknown,VM-73,Stage1-1-0,0,49494,48489,783799,38879,6014585,0,0
1784138379449,unknown,VM-75,Stage1-0-0,0,25293,24795,46476,33187,3073461,0,0
1784138379515,unknown,VM-77,Stage2-3-0,0,0,0,0,0,0,0,0
1784138379557,unknown,VM-74,Stage1-2-0,0,30681,30092,43099,674983,3729571,0,0
1784138379557,unknown,VM-78,Stage3-2-0,0,0,0,0,0,0,0,0
1784138379572,unknown,VM-79,Stage3-1-0,0,0,0,0,0,0,0,0
1784138379583,unknown,VM-76,Stage2-1-0,0,0,0,0,0,0,0,0
1784138380433,unknown,VM-73,Stage1-1-0,0,27508,26958,49104,39000,3342096,0,0
1784138380449,unknown,VM-75,Stage1-0-0,0,27854,27324,49548,33668,3375425,0,0
1784138380515,unknown,VM-77,Stage2-3-0,0,0,0,0,0,0,0,0
1784138380557,unknown,VM-74,Stage1-2-0,0,27913,27363,47834,36766,3384249,0,0
1784138380557,unknown,VM-78,Stage3-2-0,0,0,0,0,0,0,0,0
1784138380573,unknown,VM-79,Stage3-1-0,0,0,0,0,0,0,0,0
1784138380583,unknown,VM-76,Stage2-1-0,0,0,0,0,0,0,0,0
1784138381433,unknown,VM-73,Stage1-1-0,0,105116,102972,96036,59718,12765952,0,0
1784138381515,unknown,VM-77,Stage2-3-0,0,0,0,0,0,0,0,0
1784138381557,unknown,VM-74,Stage1-2-0,0,104225,102160,97427,49811,12632494,0,0
1784138381557,unknown,VM-78,Stage3-2-0,0,0,0,0,0,0,0,0
1784138381567,unknown,VM-75,Stage1-0-0,0,92273,90425,103950,42665,11211729,0,0
1784138381573,unknown,VM-79,Stage3-1-0,0,0,0,0,0,0,0,0
1784138381583,unknown,VM-76,Stage2-1-0,0,0,0,0,0,0,0,0
1784138382433,unknown,VM-73,Stage1-1-0,0,21647,21193,52277,39993,2630423,0,0
1784138382449,unknown,VM-75,Stage1-0-0,0,33955,33306,361283,34435,4113188,0,0
1784138382515,unknown,VM-77,Stage2-3-0,0,0,0,0,0,0,0,0
1784138382557,unknown,VM-74,Stage1-2-0,0,21606,21167,52813,37126,2625758,0,0
1784138382557,unknown,VM-78,Stage3-2-0,0,0,0,0,0,0,0,0
1784138382572,unknown,VM-79,Stage3-1-0,0,0,0,0,0,0,0,0
1784138382583,unknown,VM-76,Stage2-1-0,0,0,0,0,0,0,0,0
1784138383433,unknown,VM-73,Stage1-1-0,0,44780,43901,69150,54423,5428548,0,0
1784138383449,unknown,VM-75,Stage1-0-0,0,44734,43843,67569,43620,5417274,0,0
1784138383515,unknown,VM-77,Stage2-3-0,0,0,0,0,0,0,0,0
1784138383557,unknown,VM-74,Stage1-2-0,0,44375,43463,67083,45352,5383684,0,0
1784138383557,unknown,VM-78,Stage3-2-0,0,0,0,0,0,0,0,0
1784138383572,unknown,VM-79,Stage3-1-0,0,0,0,0,0,0,0,0
1784138383583,unknown,VM-76,Stage2-1-0,0,0,0,0,0,0,0,0
1784138384432,unknown,VM-73,Stage1-1-0,0,45422,44502,82737,371564,5515458,0,0
1784138384449,unknown,VM-75,Stage1-0-0,0,49526,48578,84696,47012,5997817,0,0
1784138384515,unknown,VM-77,Stage2-3-0,0,0,0,0,0,0,0,0
1784138384557,unknown,VM-74,Stage1-2-0,0,49836,48834,70226,58068,6039026,0,0
1784138384557,unknown,VM-78,Stage3-2-0,0,0,0,0,0,0,0,0
1784138384573,unknown,VM-79,Stage3-1-0,0,0,0,0,0,0,0,0
1784138384583,unknown,VM-76,Stage2-1-0,0,0,0,0,0,0,0,0
1784138385433,unknown,VM-73,Stage1-1-0,0,57693,56557,76636,54689,7003072,0,0
1784138385449,unknown,VM-75,Stage1-0-0,0,53867,52759,76963,39939,6528343,0,0
1784138385515,unknown,VM-77,Stage2-3-0,0,0,0,0,0,0,0,0
1784138385557,unknown,VM-74,Stage1-2-0,0,53704,52602,380543,23443,6499638,0,0
1784138385557,unknown,VM-78,Stage3-2-0,0,0,0,0,0,0,0,0
1784138385573,unknown,VM-79,Stage3-1-0,0,0,0,0,0,0,0,0
1784138385583,unknown,VM-76,Stage2-1-0,0,0,0,0,0,0,0,0
1784138386433,unknown,VM-73,Stage1-1-0,0,54820,53785,79248,54010,6652975,0,0
1784138386449,unknown,VM-75,Stage1-0-0,0,54997,53891,78974,41134,6664083,0,0
1784138386515,unknown,VM-77,Stage2-3-0,0,0,0,0,0,0,0,0
1784138386557,unknown,VM-74,Stage1-2-0,0,54838,53699,79746,46587,6640152,0,0
1784138386557,unknown,VM-78,Stage3-2-0,0,0,0,0,0,0,0,0
1784138386572,unknown,VM-79,Stage3-1-0,0,0,0,0,0,0,0,0
1784138386583,unknown,VM-76,Stage2-1-0,0,0,0,0,0,0,0,0
1784138387433,unknown,VM-73,Stage1-1-0,0,55187,54038,78941,54788,6692388,0,0
1784138387448,unknown,VM-75,Stage1-0-0,0,54443,53354,106009,330226,6599254,0,0
1784138387515,unknown,VM-77,Stage2-3-0,0,0,0,0,0,0,0,0
1784138387557,unknown,VM-74,Stage1-2-0,0,55355,54277,79066,46068,6703329,0,0
1784138387557,unknown,VM-78,Stage3-2-0,0,0,0,0,0,0,0,0
1784138387572,unknown,VM-79,Stage3-1-0,0,0,0,0,0,0,0,0
1784138387583,unknown,VM-76,Stage2-1-0,0,0,0,0,0,0,0,0
1784138388433,unknown,VM-73,Stage1-1-0,0,51874,50831,74402,53560,6291966,0,0
1784138388449,unknown,VM-75,Stage1-0-0,0,52490,51439,76995,40295,6383989,0,0
1784138388515,unknown,VM-77,Stage2-3-0,0,0,0,0,0,0,0,0
1784138388557,unknown,VM-74,Stage1-2-0,0,52417,51375,73680,42330,6349437,0,0
1784138388557,unknown,VM-78,Stage3-2-0,0,0,0,0,0,0,0,0
1784138388572,unknown,VM-79,Stage3-1-0,0,0,0,0,0,0,0,0
1784138388583,unknown,VM-76,Stage2-1-0,0,0,0,0,0,0,0,0
1784138389433,unknown,VM-73,Stage1-1-0,0,50179,49176,75825,51586,6083109,0,0
1784138389449,unknown,VM-75,Stage1-0-0,0,49872,48916,74333,39008,6040182,0,0
1784138389515,unknown,VM-77,Stage2-3-0,0,0,0,0,0,0,0,0
1784138389557,unknown,VM-74,Stage1-2-0,0,50779,49773,46272,17508,6157951,0,0
1784138389557,unknown,VM-78,Stage3-2-0,0,0,0,0,0,0,0,0
1784138389572,unknown,VM-79,Stage3-1-0,0,0,0,0,0,0,0,0
1784138389583,unknown,VM-76,Stage2-1-0,0,0,0,0,0,0,0,0
1784138390433,unknown,VM-73,Stage1-1-0,0,52008,51000,29441,343252,6302600,0,0
1784138390449,unknown,VM-75,Stage1-0-0,0,52019,50963,78438,40280,6322901,0,0
1784138390515,unknown,VM-77,Stage2-3-0,0,0,0,0,0,0,0,0
1784138390557,unknown,VM-74,Stage1-2-0,0,52064,51038,58585,333177,6319602,0,0
1784138390557,unknown,VM-78,Stage3-2-0,0,0,0,0,0,0,0,0
1784138390572,unknown,VM-79,Stage3-1-0,0,0,0,0,0,0,0,0
1784138390583,unknown,VM-76,Stage2-1-0,0,0,0,0,0,0,0,0
1784138391433,unknown,VM-73,Stage1-1-0,0,47673,46717,70115,51954,5778520,0,0
1784138391449,unknown,VM-75,Stage1-0-0,0,47723,46748,70253,39411,5791858,0,0
1784138391515,unknown,VM-77,Stage2-3-0,0,0,0,0,0,0,0,0
1784138391557,unknown,VM-74,Stage1-2-0,0,47222,46290,70030,59280,5718632,0,0
1784138391557,unknown,VM-78,Stage3-2-0,0,0,0,0,0,0,0,0
1784138391572,unknown,VM-79,Stage3-1-0,0,0,0,0,0,0,0,0
1784138391583,unknown,VM-76,Stage2-1-0,0,0,0,0,0,0,0,0
1784138392433,unknown,VM-73,Stage1-1-0,0,52251,51193,115237,96473,6336225,0,0
1784138392449,unknown,VM-75,Stage1-0-0,0,51931,50879,78822,40000,6305547,0,0
1784138392515,unknown,VM-77,Stage2-3-0,0,0,0,0,0,0,0,0
1784138392557,unknown,VM-74,Stage1-2-0,0,52012,50963,77039,44857,6310994,0,0
1784138392557,unknown,VM-78,Stage3-2-0,0,0,0,0,0,0,0,0
1784138392572,unknown,VM-79,Stage3-1-0,0,0,0,0,0,0,0,0
1784138392583,unknown,VM-76,Stage2-1-0,0,0,0,0,0,0,0,0
1784138393433,unknown,VM-73,Stage1-1-0,0,48629,47676,74578,52797,5903309,0,0
1784138393449,unknown,VM-75,Stage1-0-0,0,48694,47716,340385,32730,5907009,0,0
1784138393515,unknown,VM-77,Stage2-3-0,0,0,0,0,0,0,0,0
1784138393557,unknown,VM-74,Stage1-2-0,0,48968,48009,73676,42341,5930849,0,0
1784138393557,unknown,VM-78,Stage3-2-0,0,0,0,0,0,0,0,0
1784138393572,unknown,VM-79,Stage3-1-0,0,0,0,0,0,0,0,0
1784138393583,unknown,VM-76,Stage2-1-0,0,0,0,0,0,0,0,0
1784138394433,unknown,VM-73,Stage1-1-0,0,49967,48963,78829,66974,6061673,0,0
1784138394449,unknown,VM-75,Stage1-0-0,0,50419,49372,28526,20677,6113168,0,0
1784138394515,unknown,VM-77,Stage2-3-0,0,0,0,0,0,0,0,0
1784138394557,unknown,VM-74,Stage1-2-0,0,50251,49249,73724,46271,6093353,0,0
1784138394557,unknown,VM-78,Stage3-2-0,0,0,0,0,0,0,0,0
1784138394572,unknown,VM-79,Stage3-1-0,0,0,0,0,0,0,0,0
1784138394583,unknown,VM-76,Stage2-1-0,0,0,0,0,0,0,0,0
1784138395433,unknown,VM-73,Stage1-1-0,0,51514,50470,71994,336616,6251764,0,0
1784138395449,unknown,VM-75,Stage1-0-0,0,51503,50471,74425,40179,6244787,0,0
1784138395515,unknown,VM-77,Stage2-3-0,0,0,0,0,0,0,0,0
1784138395557,unknown,VM-74,Stage1-2-0,0,51696,50686,73522,42413,6266730,0,0
1784138395557,unknown,VM-78,Stage3-2-0,0,0,0,0,0,0,0,0
1784138395572,unknown,VM-79,Stage3-1-0,0,0,0,0,0,0,0,0
1784138395583,unknown,VM-76,Stage2-1-0,0,0,0,0,0,0,0,0
1784138396433,unknown,VM-73,Stage1-1-0,0,49187,48174,70582,53029,5972425,0,0
1784138396449,unknown,VM-75,Stage1-0-0,0,48994,48045,71261,37220,5926905,0,0
1784138396515,unknown,VM-77,Stage2-3-0,0,0,0,0,0,0,0,0
1784138396557,unknown,VM-74,Stage1-2-0,0,49336,48330,45003,326619,5987848,0,0
1784138396557,unknown,VM-78,Stage3-2-0,0,0,0,0,0,0,0,0
1784138396572,unknown,VM-79,Stage3-1-0,0,0,0,0,0,0,0,0
1784138396583,unknown,VM-76,Stage2-1-0,0,0,0,0,0,0,0,0
1784138397433,unknown,VM-73,Stage1-1-0,0,48201,47263,73985,54386,5854510,0,0
1784138397449,unknown,VM-75,Stage1-0-0,0,48159,47235,73202,40958,5832121,0,0
1784138397515,unknown,VM-77,Stage2-3-0,0,0,0,0,0,0,0,0
1784138397557,unknown,VM-74,Stage1-2-0,0,47847,46850,69796,44311,5816265,0,0
1784138397557,unknown,VM-78,Stage3-2-0,0,0,0,0,0,0,0,0
1784138397572,unknown,VM-79,Stage3-1-0,0,0,0,0,0,0,0,0
1784138397583,unknown,VM-76,Stage2-1-0,0,0,0,0,0,0,0,0
1784138398433,unknown,VM-73,Stage1-1-0,0,53114,52035,75655,53104,6455759,0,0
1784138398449,unknown,VM-75,Stage1-0-0,0,53034,51973,73299,37612,6419307,0,0
1784138398515,unknown,VM-77,Stage2-3-0,0,0,0,0,0,0,0,0
1784138398557,unknown,VM-74,Stage1-2-0,0,53027,51967,76077,47427,6432210,0,0
1784138398557,unknown,VM-78,Stage3-2-0,0,0,0,0,0,0,0,0
1784138398572,unknown,VM-79,Stage3-1-0,0,0,0,0,0,0,0,0
1784138398583,unknown,VM-76,Stage2-1-0,0,0,0,0,0,0,0,0
1784138399433,unknown,VM-73,Stage1-1-0,0,47552,46600,71773,53484,5745655,0,0
1784138399449,unknown,VM-75,Stage1-0-0,0,47526,46556,16696,338731,5753320,0,0
1784138399515,unknown,VM-77,Stage2-3-0,0,0,0,0,0,0,0,0
1784138399557,unknown,VM-74,Stage1-2-0,0,47929,46928,71444,45823,5831772,0,0
1784138399557,unknown,VM-78,Stage3-2-0,0,0,0,0,0,0,0,0
1784138399572,unknown,VM-79,Stage3-1-0,0,0,0,0,0,0,0,0
1784138399583,unknown,VM-76,Stage2-1-0,0,0,0,0,0,0,0,0
1784138400433,unknown,VM-73,Stage1-1-0,0,52099,51092,62724,114127,6298884,0,0
1784138400449,unknown,VM-75,Stage1-0-0,0,52379,51358,78156,42843,6356783,0,0
1784138400515,unknown,VM-77,Stage2-3-0,0,0,0,0,0,0,0,0
1784138400557,unknown,VM-74,Stage1-2-0,0,52162,51163,74985,46226,6339651,0,0
1784138400557,unknown,VM-78,Stage3-2-0,0,0,0,0,0,0,0,0
1784138400572,unknown,VM-79,Stage3-1-0,0,0,0,0,0,0,0,0
1784138400583,unknown,VM-76,Stage2-1-0,0,0,0,0,0,0,0,0
1784138401433,unknown,VM-73,Stage1-1-0,0,47415,46485,60728,336398,5734714,0,0
1784138401449,unknown,VM-75,Stage1-0-0,0,47063,46070,71856,40279,5708712,0,0
1784138401515,unknown,VM-77,Stage2-3-0,0,0,0,0,0,0,0,0
1784138401557,unknown,VM-74,Stage1-2-0,0,46884,45940,68669,46400,5686620,0,0
1784138401557,unknown,VM-78,Stage3-2-0,0,0,0,0,0,0,0,0
1784138401572,unknown,VM-79,Stage3-1-0,0,0,0,0,0,0,0,0
1784138401583,unknown,VM-76,Stage2-1-0,0,0,0,0,0,0,0,0
1784138402433,unknown,VM-73,Stage1-1-0,0,51284,50256,75721,54609,6222251,0,0
1784138402449,unknown,VM-75,Stage1-0-0,0,51968,50931,77402,42167,6306276,0,0
1784138402515,unknown,VM-77,Stage2-3-0,0,0,0,0,0,0,0,0
1784138402557,unknown,VM-74,Stage1-2-0,0,52143,51121,39516,335410,6320315,0,0
1784138402558,unknown,VM-78,Stage3-2-0,0,0,0,0,0,0,0,0
1784138402572,unknown,VM-79,Stage3-1-0,0,0,0,0,0,0,0,0
1784138402583,unknown,VM-76,Stage2-1-0,0,0,0,0,0,0,0,0
1784138403433,unknown,VM-73,Stage1-1-0,0,50033,49021,74276,52655,6072630,0,0
1784138403449,unknown,VM-75,Stage1-0-0,0,50244,49249,73680,37674,6092891,0,0
1784138403515,unknown,VM-77,Stage2-3-0,0,0,0,0,0,0,0,0
1784138403557,unknown,VM-74,Stage1-2-0,0,50448,49428,88458,43215,6117331,0,0
1784138403557,unknown,VM-78,Stage3-2-0,0,0,0,0,0,0,0,0
1784138403573,unknown,VM-79,Stage3-1-0,0,0,0,0,0,0,0,0
1784138403583,unknown,VM-76,Stage2-1-0,0,0,0,0,0,0,0,0
1784138404433,unknown,VM-73,Stage1-1-0,0,48412,47471,72103,54159,5876566,0,0
1784138404449,unknown,VM-75,Stage1-0-0,0,47920,46934,64422,316501,5804873,0,0
1784138404515,unknown,VM-77,Stage2-3-0,0,0,0,0,0,0,0,0
1784138404557,unknown,VM-74,Stage1-2-0,0,47713,46711,70058,45331,5789603,0,0
1784138404557,unknown,VM-78,Stage3-2-0,0,0,0,0,0,0,0,0
1784138404572,unknown,VM-79,Stage3-1-0,0,0,0,0,0,0,0,0
1784138404583,unknown,VM-76,Stage2-1-0,0,0,0,0,0,0,0,0
1784138405433,unknown,VM-73,Stage1-1-0,0,50371,49330,72971,55141,6126237,0,0
1784138405449,unknown,VM-75,Stage1-0-0,0,50677,49656,76685,43100,6142073,0,0
1784138405515,unknown,VM-77,Stage2-3-0,0,0,0,0,0,0,0,0
1784138405557,unknown,VM-74,Stage1-2-0,0,50316,49355,76295,45281,6107501,0,0
1784138405557,unknown,VM-78,Stage3-2-0,0,0,0,0,0,0,0,0
1784138405572,unknown,VM-79,Stage3-1-0,0,0,0,0,0,0,0,0
1784138405583,unknown,VM-76,Stage2-1-0,0,0,0,0,0,0,0,0
1784138406433,unknown,VM-73,Stage1-1-0,0,50773,49721,72299,53155,6154791,0,0
1784138406449,unknown,VM-75,Stage1-0-0,0,51104,50102,73851,37155,6192259,0,0
1784138406515,unknown,VM-77,Stage2-3-0,0,0,0,0,0,0,0,0
1784138406557,unknown,VM-74,Stage1-2-0,0,51111,50080,73699,46337,6193986,0,0
1784138406557,unknown,VM-78,Stage3-2-0,0,0,0,0,0,0,0,0
1784138406573,unknown,VM-79,Stage3-1-0,0,0,0,0,0,0,0,0
1784138406583,unknown,VM-76,Stage2-1-0,0,0,0,0,0,0,0,0
1784138407449,unknown,VM-75,Stage1-0-0,0,52894,51814,79656,40726,6422915,0,0
1784138407499,unknown,VM-73,Stage1-1-0,0,24913,24443,54657,39602,3021452,0,0
1784138407515,unknown,VM-77,Stage2-3-0,0,0,0,0,0,0,0,0
1784138407557,unknown,VM-78,Stage3-2-0,0,0,0,0,0,0,0,0
1784138407572,unknown,VM-79,Stage3-1-0,0,0,0,0,0,0,0,0
1784138407583,unknown,VM-76,Stage2-1-0,0,0,0,0,0,0,0,0
1784138407862,unknown,VM-74,Stage1-2-0,0,52562,51535,78667,46497,6371196,0,0
1784138408433,unknown,VM-73,Stage1-1-0,0,74709,73204,70463,349646,9048168,0,0
1784138408449,unknown,VM-75,Stage1-0-0,0,47281,46319,71449,37074,5738266,0,0
1784138408515,unknown,VM-77,Stage2-3-0,0,0,0,0,0,0,0,0
1784138408557,unknown,VM-74,Stage1-2-0,0,46939,46017,67862,42628,5693287,0,0
1784138408557,unknown,VM-78,Stage3-2-0,0,0,0,0,0,0,0,0
1784138408572,unknown,VM-79,Stage3-1-0,0,0,0,0,0,0,0,0
1784138408583,unknown,VM-76,Stage2-1-0,0,0,0,0,0,0,0,0
1784138409433,unknown,VM-73,Stage1-1-0,0,49879,48869,75023,56558,6061044,0,0
1784138409449,unknown,VM-75,Stage1-0-0,0,49521,48528,88518,35587,5997556,0,0
1784138409515,unknown,VM-77,Stage2-3-0,0,0,0,0,0,0,0,0
1784138409557,unknown,VM-74,Stage1-2-0,0,49220,48287,74339,45531,5978467,0,0
1784138409557,unknown,VM-78,Stage3-2-0,0,0,0,0,0,0,0,0
1784138409572,unknown,VM-79,Stage3-1-0,0,0,0,0,0,0,0,0
1784138409583,unknown,VM-76,Stage2-1-0,0,0,0,0,0,0,0,0
1784138410433,unknown,VM-73,Stage1-1-0,0,52402,51392,77692,58411,6348294,0,0
1784138410449,unknown,VM-75,Stage1-0-0,0,52187,51153,346948,28833,6323642,0,0
1784138410515,unknown,VM-77,Stage2-3-0,0,0,0,0,0,0,0,0
1784138410557,unknown,VM-74,Stage1-2-0,0,52763,51693,52129,19370,6420714,0,0
1784138410558,unknown,VM-78,Stage3-2-0,0,0,0,0,0,0,0,0
1784138410573,unknown,VM-79,Stage3-1-0,0,0,0,0,0,0,0,0
1784138410583,unknown,VM-76,Stage2-1-0,0,0,0,0,0,0,0,0
1784138411433,unknown,VM-73,Stage1-1-0,0,48140,47183,75097,56959,5835731,0,0
1784138411449,unknown,VM-75,Stage1-0-0,0,48336,47361,71950,38400,5852107,0,0
1784138411515,unknown,VM-77,Stage2-3-0,0,0,0,0,0,0,0,0
1784138411557,unknown,VM-74,Stage1-2-0,0,47943,46927,70732,43962,5833255,0,0
1784138411557,unknown,VM-78,Stage3-2-0,0,0,0,0,0,0,0,0
1784138411572,unknown,VM-79,Stage3-1-0,0,0,0,0,0,0,0,0
1784138411583,unknown,VM-76,Stage2-1-0,0,0,0,0,0,0,0,0
1784138412433,unknown,VM-73,Stage1-1-0,0,49335,48341,71755,51602,5985615,0,0
1784138412449,unknown,VM-75,Stage1-0-0,0,49063,48073,71189,39587,5950146,0,0
1784138412515,unknown,VM-77,Stage2-3-0,0,0,0,0,0,0,0,0
1784138412557,unknown,VM-74,Stage1-2-0,0,49186,48191,70724,43910,5966298,0,0
1784138412557,unknown,VM-78,Stage3-2-0,0,0,0,0,0,0,0,0
1784138412572,unknown,VM-79,Stage3-1-0,0,0,0,0,0,0,0,0
1784138412583,unknown,VM-76,Stage2-1-0,0,0,0,0,0,0,0,0
1784138413433,unknown,VM-73,Stage1-1-0,0,51834,50827,37796,344292,6289382,0,0
1784138413449,unknown,VM-75,Stage1-0-0,0,51845,50778,76729,39678,6296269,0,0
1784138413515,unknown,VM-77,Stage2-3-0,0,0,0,0,0,0,0,0
1784138413557,unknown,VM-74,Stage1-2-0,0,51885,50838,66256,330702,6287098,0,0
1784138413557,unknown,VM-78,Stage3-2-0,0,0,0,0,0,0,0,0
1784138413572,unknown,VM-79,Stage3-1-0,0,0,0,0,0,0,0,0
1784138413583,unknown,VM-76,Stage2-1-0,0,0,0,0,0,0,0,0
1784138414433,unknown,VM-73,Stage1-1-0,0,46741,45781,70685,57261,5682649,0,0
1784138414449,unknown,VM-75,Stage1-0-0,0,46934,46023,72496,41709,5688832,0,0
1784138414515,unknown,VM-77,Stage2-3-0,0,0,0,0,0,0,0,0
1784138414557,unknown,VM-74,Stage1-2-0,0,47237,46292,70115,43684,5720046,0,0
1784138414557,unknown,VM-78,Stage3-2-0,0,0,0,0,0,0,0,0
1784138414572,unknown,VM-79,Stage3-1-0,0,0,0,0,0,0,0,0
1784138414583,unknown,VM-76,Stage2-1-0,0,0,0,0,0,0,0,0
1784138415433,unknown,VM-73,Stage1-1-0,0,52715,51659,76685,57018,6393642,0,0
1784138415515,unknown,VM-77,Stage2-3-0,0,0,0,0,0,0,0,0
1784138415557,unknown,VM-78,Stage3-2-0,0,0,0,0,0,0,0,0
1784138415557,unknown,VM-74,Stage1-2-0,0,52979,51905,77024,47344,6431108,0,0
1784138415572,unknown,VM-75,Stage1-0-0,0,53016,51956,78158,42227,6441335,0,0
1784138415572,unknown,VM-79,Stage3-1-0,0,0,0,0,0,0,0,0
1784138415583,unknown,VM-76,Stage2-1-0,0,0,0,0,0,0,0,0
1784138416433,unknown,VM-73,Stage1-1-0,0,48040,47018,70086,51231,5831635,0,0
1784138416449,unknown,VM-75,Stage1-0-0,0,48184,47211,70653,37251,5841598,0,0
1784138416515,unknown,VM-77,Stage2-3-0,0,0,0,0,0,0,0,0
1784138416557,unknown,VM-74,Stage1-2-0,0,48449,47495,70750,44979,5875743,0,0
1784138416557,unknown,VM-78,Stage3-2-0,0,0,0,0,0,0,0,0
1784138416572,unknown,VM-79,Stage3-1-0,0,0,0,0,0,0,0,0
1784138416583,unknown,VM-76,Stage2-1-0,0,0,0,0,0,0,0,0
1784138417433,unknown,VM-73,Stage1-1-0,0,50398,49431,75987,57063,6097459,0,0
1784138417449,unknown,VM-75,Stage1-0-0,0,50109,49087,71618,38229,6072667,0,0
1784138417516,unknown,VM-77,Stage2-3-0,0,0,0,0,0,0,0,0
1784138417557,unknown,VM-78,Stage3-2-0,0,0,0,0,0,0,0,0
1784138417557,unknown,VM-74,Stage1-2-0,0,50207,49175,71943,42783,6102907,0,0
1784138417572,unknown,VM-79,Stage3-1-0,0,0,0,0,0,0,0,0
1784138417583,unknown,VM-76,Stage2-1-0,0,0,0,0,0,0,0,0
1784138418449,unknown,VM-75,Stage1-0-0,0,52482,51449,75757,39320,6352041,0,0
1784138418515,unknown,VM-77,Stage2-3-0,0,0,0,0,0,0,0,0
1784138418556,unknown,VM-73,Stage1-1-0,0,52769,51714,76851,53074,6403731,0,0
1784138418557,unknown,VM-74,Stage1-2-0,0,52781,51718,75336,44472,6397094,0,0
1784138418557,unknown,VM-78,Stage3-2-0,0,0,0,0,0,0,0,0
1784138418572,unknown,VM-79,Stage3-1-0,0,0,0,0,0,0,0,0
1784138418583,unknown,VM-76,Stage2-1-0,0,0,0,0,0,0,0,0
1784138419433,unknown,VM-73,Stage1-1-0,0,47713,46729,70481,53680,5797453,0,0
1784138419449,unknown,VM-75,Stage1-0-0,0,47165,46219,103834,66642,5718272,0,0
1784138419515,unknown,VM-77,Stage2-3-0,0,0,0,0,0,0,0,0
1784138419557,unknown,VM-74,Stage1-2-0,0,47389,46437,348298,41507,5732913,0,0
1784138419557,unknown,VM-78,Stage3-2-0,0,0,0,0,0,0,0,0
1784138419572,unknown,VM-79,Stage3-1-0,0,0,0,0,0,0,0,0
1784138419583,unknown,VM-76,Stage2-1-0,0,0,0,0,0,0,0,0
1784138420433,unknown,VM-73,Stage1-1-0,0,49744,48723,74544,57400,6047132,0,0
1784138420449,unknown,VM-75,Stage1-0-0,0,49711,48737,75046,40843,6045060,0,0
1784138420515,unknown,VM-77,Stage2-3-0,0,0,0,0,0,0,0,0
1784138420557,unknown,VM-74,Stage1-2-0,0,50054,49075,70941,43775,6046574,0,0
1784138420557,unknown,VM-78,Stage3-2-0,0,0,0,0,0,0,0,0
1784138420572,unknown,VM-79,Stage3-1-0,0,0,0,0,0,0,0,0
1784138420583,unknown,VM-76,Stage2-1-0,0,0,0,0,0,0,0,0
1784138421433,unknown,VM-73,Stage1-1-0,0,52433,51386,75925,54862,6363268,0,0
1784138421449,unknown,VM-75,Stage1-0-0,0,52791,51730,57735,320474,6397017,0,0
1784138421515,unknown,VM-77,Stage2-3-0,0,0,0,0,0,0,0,0
1784138421557,unknown,VM-74,Stage1-2-0,0,52743,51664,75332,46152,6405880,0,0
1784138421557,unknown,VM-78,Stage3-2-0,0,0,0,0,0,0,0,0
1784138421572,unknown,VM-79,Stage3-1-0,0,0,0,0,0,0,0,0
1784138421583,unknown,VM-76,Stage2-1-0,0,0,0,0,0,0,0,0
1784138422433,unknown,VM-73,Stage1-1-0,0,46322,45420,71209,53885,5610859,0,0
1784138422449,unknown,VM-75,Stage1-0-0,0,46285,45332,71771,39860,5621738,0,0
1784138422515,unknown,VM-77,Stage2-3-0,0,0,0,0,0,0,0,0
1784138422557,unknown,VM-74,Stage1-2-0,0,46694,45751,69132,44986,5656389,0,0
1784138422557,unknown,VM-78,Stage3-2-0,0,0,0,0,0,0,0,0
1784138422573,unknown,VM-79,Stage3-1-0,0,0,0,0,0,0,0,0
1784138422583,unknown,VM-76,Stage2-1-0,0,0,0,0,0,0,0,0
1784138423433,unknown,VM-73,Stage1-1-0,0,52341,51299,75664,53593,6342005,0,0
1784138423449,unknown,VM-75,Stage1-0-0,0,51943,50907,75250,40251,6293177,0,0
1784138423515,unknown,VM-77,Stage2-3-0,0,0,0,0,0,0,0,0
1784138423557,unknown,VM-74,Stage1-2-0,0,52588,51533,74721,45667,6400923,0,0
1784138423557,unknown,VM-78,Stage3-2-0,0,0,0,0,0,0,0,0
1784138423572,unknown,VM-79,Stage3-1-0,0,0,0,0,0,0,0,0
1784138423583,unknown,VM-76,Stage2-1-0,0,0,0,0,0,0,0,0
1784138424433,unknown,VM-73,Stage1-1-0,0,47286,46328,63289,342613,5739773,0,0
1784138424449,unknown,VM-75,Stage1-0-0,0,47429,46451,75901,37949,5779973,0,0
1784138424515,unknown,VM-77,Stage2-3-0,0,0,0,0,0,0,0,0
1784138424557,unknown,VM-74,Stage1-2-0,0,47278,46355,70312,45142,5715461,0,0
1784138424557,unknown,VM-78,Stage3-2-0,0,0,0,0,0,0,0,0
1784138424573,unknown,VM-79,Stage3-1-0,0,0,0,0,0,0,0,0
1784138424583,unknown,VM-76,Stage2-1-0,0,0,0,0,0,0,0,0
1784138425433,unknown,VM-73,Stage1-1-0,0,52392,51374,77803,56585,6361582,0,0
1784138425449,unknown,VM-75,Stage1-0-0,0,52396,51276,77872,42922,6347797,0,0
1784138425515,unknown,VM-77,Stage2-3-0,0,0,0,0,0,0,0,0
1784138425557,unknown,VM-74,Stage1-2-0,0,52260,51255,61835,328866,6342242,0,0
1784138425558,unknown,VM-78,Stage3-2-0,0,0,0,0,0,0,0,0
1784138425572,unknown,VM-79,Stage3-1-0,0,0,0,0,0,0,0,0
1784138425583,unknown,VM-76,Stage2-1-0,0,0,0,0,0,0,0,0
1784138426433,unknown,VM-73,Stage1-1-0,0,50261,49197,75015,54181,6085312,0,0
1784138426449,unknown,VM-75,Stage1-0-0,0,50347,49367,75501,36910,6112883,0,0
1784138426515,unknown,VM-77,Stage2-3-0,0,0,0,0,0,0,0,0
1784138426557,unknown,VM-74,Stage1-2-0,0,50767,49795,72919,42554,6133985,0,0
1784138426557,unknown,VM-78,Stage3-2-0,0,0,0,0,0,0,0,0
1784138426572,unknown,VM-79,Stage3-1-0,0,0,0,0,0,0,0,0
1784138426583,unknown,VM-76,Stage2-1-0,0,0,0,0,0,0,0,0
1784138427433,unknown,VM-73,Stage1-1-0,0,47892,46968,70770,53936,5802682,0,0
1784138427515,unknown,VM-77,Stage2-3-0,0,0,0,0,0,0,0,0
1784138427557,unknown,VM-74,Stage1-2-0,0,47922,46965,70214,42874,5814919,0,0
1784138427557,unknown,VM-78,Stage3-2-0,0,0,0,0,0,0,0,0
1784138427572,unknown,VM-79,Stage3-1-0,0,0,0,0,0,0,0,0
1784138427583,unknown,VM-76,Stage2-1-0,0,0,0,0,0,0,0,0
1784138428433,unknown,VM-73,Stage1-1-0,0,51677,50648,75535,53992,6258253,0,0
1784138428515,unknown,VM-77,Stage2-3-0,0,0,0,0,0,0,0,0
1784138428557,unknown,VM-74,Stage1-2-0,0,51574,50543,73527,46359,6267859,0,0
1784138428557,unknown,VM-78,Stage3-2-0,0,0,0,0,0,0,0,0
1784138428572,unknown,VM-79,Stage3-1-0,0,0,0,0,0,0,0,0
1784138428583,unknown,VM-76,Stage2-1-0,0,0,0,0,0,0,0,0
1784138429433,unknown,VM-73,Stage1-1-0,0,49503,48561,70631,55198,5977908,0,0
1784138429515,unknown,VM-77,Stage2-3-0,0,0,0,0,0,0,0,0
1784138429557,unknown,VM-74,Stage1-2-0,0,49904,48928,73165,46685,6061873,0,0
1784138429557,unknown,VM-78,Stage3-2-0,0,0,0,0,0,0,0,0
1784138429572,unknown,VM-79,Stage3-1-0,0,0,0,0,0,0,0,0
1784138429583,unknown,VM-76,Stage2-1-0,0,0,0,0,0,0,0,0
1784138430515,unknown,VM-77,Stage2-3-0,0,0,0,0,0,0,0,0
1784138430557,unknown,VM-74,Stage1-2-0,0,49064,48058,69822,44336,5950579,0,0
1784138430557,unknown,VM-78,Stage3-2-0,0,0,0,0,0,0,0,0
1784138430572,unknown,VM-79,Stage3-1-0,0,0,0,0,0,0,0,0
1784138430583,unknown,VM-76,Stage2-1-0,0,0,0,0,0,0,0,0
1784138431021,unknown,VM-75,Stage1-0-0,0,17269,16940,40360,27385,2096568,0,0
1784138431021,unknown,VM-75,Stage1-0-0,0,0,0,0,0,0,0,0
1784138431021,unknown,VM-75,Stage1-0-0,0,0,0,0,0,0,0,0
1784138431021,unknown,VM-75,Stage1-0-0,0,0,0,0,0,0,0,0
1784138431449,unknown,VM-75,Stage1-0-0,0,233098,228401,10371,4025838,28282463,0,0
1784138431515,unknown,VM-77,Stage2-3-0,0,0,0,0,0,0,0,0
1784138431557,unknown,VM-78,Stage3-2-0,0,0,0,0,0,0,0,0
1784138431572,unknown,VM-79,Stage3-1-0,0,0,0,0,0,0,0,0
1784138431583,unknown,VM-76,Stage2-1-0,0,0,0,0,0,0,0,0
1784138432449,unknown,VM-75,Stage1-0-0,0,49349,48383,74408,39134,5982366,0,0
1784138432515,unknown,VM-77,Stage2-3-0,0,0,0,0,0,0,0,0
1784138432557,unknown,VM-78,Stage3-2-0,0,0,0,0,0,0,0,0
1784138432572,unknown,VM-79,Stage3-1-0,0,0,0,0,0,0,0,0
1784138432583,unknown,VM-76,Stage2-1-0,0,0,0,0,0,0,0,0
1784138433448,unknown,VM-75,Stage1-0-0,0,48902,47937,96981,72773,5912216,0,0
1784138433515,unknown,VM-77,Stage2-3-0,0,0,0,0,0,0,0,0
1784138433558,unknown,VM-78,Stage3-2-0,0,0,0,0,0,0,0,0
1784138433572,unknown,VM-79,Stage3-1-0,0,0,0,0,0,0,0,0
1784138433583,unknown,VM-76,Stage2-1-0,0,0,0,0,0,0,0,0
1784138434398,unknown,VM-73,Stage1-1-0,0,28733,28174,53394,43727,3488529,0,0
1784138434398,unknown,VM-73,Stage1-1-0,0,0,0,0,0,0,0,0
1784138434398,unknown,VM-73,Stage1-1-0,0,0,0,0,0,0,0,0
1784138434398,unknown,VM-73,Stage1-1-0,0,0,0,0,0,0,0,0
1784138434432,unknown,VM-73,Stage1-1-0,0,15853,15524,4225031,1105,1916368,0,0
1784138434449,unknown,VM-75,Stage1-0-0,0,42372,41520,81143,87661,5125891,0,0
1784138434515,unknown,VM-77,Stage2-3-0,0,0,0,0,0,0,0,0
1784138434557,unknown,VM-78,Stage3-2-0,0,0,0,0,0,0,0,0
1784138434572,unknown,VM-79,Stage3-1-0,0,0,0,0,0,0,0,0
1784138434583,unknown,VM-76,Stage2-1-0,0,0,0,0,0,0,0,0
1784138435231,unknown,VM-74,Stage1-2-0,0,13331,13057,34923,24951,1624206,0,0
1784138435231,unknown,VM-74,Stage1-2-0,0,0,0,0,0,0,0,0
1784138435231,unknown,VM-74,Stage1-2-0,0,0,0,0,0,0,0,0
1784138435231,unknown,VM-74,Stage1-2-0,0,0,0,0,0,0,0,0
1784138435433,unknown,VM-73,Stage1-1-0,0,253004,247920,95455,64573,30709522,0,0
1784138435449,unknown,VM-75,Stage1-0-0,0,55662,54533,92950,98453,6745292,0,0
1784138435515,unknown,VM-77,Stage2-3-0,0,0,0,0,0,0,0,0
1784138435557,unknown,VM-74,Stage1-2-0,0,200297,196313,10003,4252925,24292238,0,0
1784138435557,unknown,VM-78,Stage3-2-0,0,0,0,0,0,0,0,0
1784138435572,unknown,VM-79,Stage3-1-0,0,0,0,0,0,0,0,0
1784138435583,unknown,VM-76,Stage2-1-0,0,0,0,0,0,0,0,0
1784138436433,unknown,VM-73,Stage1-1-0,0,51327,50292,76111,54929,6215826,0,0
1784138436515,unknown,VM-77,Stage2-3-0,0,0,0,0,0,0,0,0
1784138436557,unknown,VM-74,Stage1-2-0,0,85839,84167,77676,46275,10422339,0,0
1784138436557,unknown,VM-78,Stage3-2-0,0,0,0,0,0,0,0,0
1784138436572,unknown,VM-79,Stage3-1-0,0,0,0,0,0,0,0,0
1784138436583,unknown,VM-76,Stage2-1-0,0,0,0,0,0,0,0,0
1784138437144,unknown,VM-75,Stage1-0-0,0,27922,27390,67528,69965,3394142,0,0
1784138437433,unknown,VM-73,Stage1-1-0,0,50975,49997,90433,89251,6184133,0,0
1784138437449,unknown,VM-75,Stage1-0-0,0,74147,72647,1723,1033183,8999134,0,0
1784138437515,unknown,VM-77,Stage2-3-0,0,0,0,0,0,0,0,0
1784138437557,unknown,VM-74,Stage1-2-0,0,51007,50001,74793,51406,6180638,0,0
1784138437557,unknown,VM-78,Stage3-2-0,0,0,0,0,0,0,0,0
1784138437573,unknown,VM-79,Stage3-1-0,0,0,0,0,0,0,0,0
1784138437583,unknown,VM-76,Stage2-1-0,0,0,0,0,0,0,0,0
1784138438433,unknown,VM-73,Stage1-1-0,0,51725,50680,106689,95084,6277017,0,0
1784138438449,unknown,VM-75,Stage1-0-0,0,51219,50158,78432,40470,6215753,0,0
1784138438515,unknown,VM-77,Stage2-3-0,0,0,0,0,0,0,0,0
1784138438557,unknown,VM-74,Stage1-2-0,0,51275,50280,97751,91928,6227101,0,0
1784138438557,unknown,VM-78,Stage3-2-0,0,0,0,0,0,0,0,0
1784138438572,unknown,VM-79,Stage3-1-0,0,0,0,0,0,0,0,0
1784138438583,unknown,VM-76,Stage2-1-0,0,0,0,0,0,0,0,0
1784138439449,unknown,VM-75,Stage1-0-0,0,49138,48215,73703,40310,5949361,0,0
1784138439515,unknown,VM-77,Stage2-3-0,0,0,0,0,0,0,0,0
1784138439557,unknown,VM-78,Stage3-2-0,0,0,0,0,0,0,0,0
1784138439557,unknown,VM-74,Stage1-2-0,0,49024,48047,85185,93657,5946568,0,0
1784138439572,unknown,VM-79,Stage3-1-0,0,0,0,0,0,0,0,0
1784138439583,unknown,VM-76,Stage2-1-0,0,0,0,0,0,0,0,0
1784138440177,unknown,VM-73,Stage1-1-0,0,39033,38233,77240,87315,4755807,0,0
1784138440433,unknown,VM-73,Stage1-1-0,0,60679,59472,1040231,2535,7346798,0,0
1784138440449,unknown,VM-75,Stage1-0-0,0,49665,48627,70964,37650,6030674,0,0
1784138440515,unknown,VM-77,Stage2-3-0,0,0,0,0,0,0,0,0
1784138440557,unknown,VM-78,Stage3-2-0,0,0,0,0,0,0,0,0
1784138440573,unknown,VM-79,Stage3-1-0,0,0,0,0,0,0,0,0
1784138440583,unknown,VM-76,Stage2-1-0,0,0,0,0,0,0,0,0
1784138441143,unknown,VM-74,Stage1-2-0,0,28653,28075,62777,71433,3476991,0,0
1784138441433,unknown,VM-73,Stage1-1-0,0,50061,49034,75708,54120,6081346,0,0
1784138441449,unknown,VM-75,Stage1-0-0,0,50399,49395,73732,39083,6114867,0,0
1784138441515,unknown,VM-77,Stage2-3-0,0,0,0,0,0,0,0,0
1784138441557,unknown,VM-74,Stage1-2-0,0,71096,69651,1378,1053267,8626899,0,0
1784138441557,unknown,VM-78,Stage3-2-0,0,0,0,0,0,0,0,0
1784138441572,unknown,VM-79,Stage3-1-0,0,0,0,0,0,0,0,0
1784138441583,unknown,VM-76,Stage2-1-0,0,0,0,0,0,0,0,0
1784138442433,unknown,VM-73,Stage1-1-0,0,51405,50383,76134,55579,6227784,0,0
1784138442449,unknown,VM-75,Stage1-0-0,0,52128,51067,75645,41197,6317323,0,0
1784138442515,unknown,VM-77,Stage2-3-0,0,0,0,0,0,0,0,0
1784138442557,unknown,VM-74,Stage1-2-0,0,52166,51125,78119,51358,6333366,0,0
1784138442557,unknown,VM-78,Stage3-2-0,0,0,0,0,0,0,0,0
1784138442572,unknown,VM-79,Stage3-1-0,0,0,0,0,0,0,0,0
1784138442583,unknown,VM-76,Stage2-1-0,0,0,0,0,0,0,0,0
1784138443433,unknown,VM-73,Stage1-1-0,0,48171,47179,52126,44410,5851859,0,0
1784138443449,unknown,VM-75,Stage1-0-0,0,47938,47040,72162,36567,5801069,0,0
1784138443515,unknown,VM-77,Stage2-3-0,0,0,0,0,0,0,0,0
1784138443557,unknown,VM-74,Stage1-2-0,0,47616,46692,66006,52794,5774858,0,0
1784138443557,unknown,VM-78,Stage3-2-0,0,0,0,0,0,0,0,0
1784138443572,unknown,VM-79,Stage3-1-0,0,0,0,0,0,0,0,0
1784138443583,unknown,VM-76,Stage2-1-0,0,0,0,0,0,0,0,0
1784138444433,unknown,VM-73,Stage1-1-0,0,51183,50212,75844,53289,6196847,0,0
1784138444449,unknown,VM-75,Stage1-0-0,0,51312,50288,76111,39269,6238494,0,0
1784138444515,unknown,VM-77,Stage2-3-0,0,0,0,0,0,0,0,0
1784138444557,unknown,VM-74,Stage1-2-0,0,50408,49423,73824,42235,6099148,0,0
1784138444557,unknown,VM-78,Stage3-2-0,0,0,0,0,0,0,0,0
1784138444572,unknown,VM-79,Stage3-1-0,0,0,0,0,0,0,0,0
1784138444583,unknown,VM-76,Stage2-1-0,0,0,0,0,0,0,0,0
1784138445433,unknown,VM-73,Stage1-1-0,0,49680,48668,78851,51264,6005176,0,0
1784138445449,unknown,VM-75,Stage1-0-0,0,49563,48565,73315,36839,6018524,0,0
1784138445515,unknown,VM-77,Stage2-3-0,0,0,0,0,0,0,0,0
1784138445557,unknown,VM-74,Stage1-2-0,0,49723,48686,71048,43373,6038214,0,0
1784138445557,unknown,VM-78,Stage3-2-0,0,0,0,0,0,0,0,0
1784138445572,unknown,VM-79,Stage3-1-0,0,0,0,0,0,0,0,0
1784138445583,unknown,VM-76,Stage2-1-0,0,0,0,0,0,0,0,0
1784138446433,unknown,VM-73,Stage1-1-0,0,48632,47655,73797,63584,5886133,0,0
1784138446515,unknown,VM-77,Stage2-3-0,0,0,0,0,0,0,0,0
1784138446531,unknown,VM-75,Stage1-0-0,0,15120,14819,46846,14979,1833846,0,0
1784138446557,unknown,VM-74,Stage1-2-0,0,48475,47529,80659,62770,5888373,0,0
1784138446557,unknown,VM-78,Stage3-2-0,0,0,0,0,0,0,0,0
1784138446572,unknown,VM-79,Stage3-1-0,0,0,0,0,0,0,0,0
1784138446583,unknown,VM-76,Stage2-1-0,0,0,0,0,0,0,0,0
1784138447433,unknown,VM-73,Stage1-1-0,0,52099,51049,76217,55183,6299503,0,0
1784138447449,unknown,VM-75,Stage1-0-0,0,85666,83953,605325,39521,10387953,0,0
1784138447515,unknown,VM-77,Stage2-3-0,0,0,0,0,0,0,0,0
1784138447557,unknown,VM-74,Stage1-2-0,0,52221,51167,104314,36563,6343389,0,0
1784138447557,unknown,VM-78,Stage3-2-0,0,0,0,0,0,0,0,0
1784138447572,unknown,VM-79,Stage3-1-0,0,0,0,0,0,0,0,0
1784138447583,unknown,VM-76,Stage2-1-0,0,0,0,0,0,0,0,0
1784138448433,unknown,VM-73,Stage1-1-0,0,48827,47859,70773,53191,5938294,0,0
1784138448449,unknown,VM-75,Stage1-0-0,0,48801,47914,71618,37013,5912970,0,0
1784138448515,unknown,VM-77,Stage2-3-0,0,0,0,0,0,0,0,0
1784138448557,unknown,VM-74,Stage1-2-0,0,48327,47360,80941,39719,5864729,0,0
1784138448557,unknown,VM-78,Stage3-2-0,0,0,0,0,0,0,0,0
1784138448572,unknown,VM-79,Stage3-1-0,0,0,0,0,0,0,0,0
1784138448583,unknown,VM-76,Stage2-1-0,0,0,0,0,0,0,0,0
1784138449449,unknown,VM-75,Stage1-0-0,0,50018,48944,75535,42977,6070926,0,0
1784138449515,unknown,VM-77,Stage2-3-0,0,0,0,0,0,0,0,0
1784138449557,unknown,VM-74,Stage1-2-0,0,50205,49139,75612,45735,6088323,0,0
1784138449557,unknown,VM-78,Stage3-2-0,0,0,0,0,0,0,0,0
1784138449572,unknown,VM-79,Stage3-1-0,0,0,0,0,0,0,0,0
1784138449583,unknown,VM-76,Stage2-1-0,0,0,0,0,0,0,0,0
1784138449624,unknown,VM-73,Stage1-1-0,0,34144,33441,59464,51284,4129384,0,0
1784138450433,unknown,VM-73,Stage1-1-0,0,64633,63348,624925,61826,7849917,0,0
1784138450449,unknown,VM-75,Stage1-0-0,0,48050,47148,75165,40815,5822126,0,0
1784138450515,unknown,VM-77,Stage2-3-0,0,0,0,0,0,0,0,0
1784138450557,unknown,VM-78,Stage3-2-0,0,0,0,0,0,0,0,0
1784138450572,unknown,VM-79,Stage3-1-0,0,0,0,0,0,0,0,0
1784138450583,unknown,VM-76,Stage2-1-0,0,0,0,0,0,0,0,0
1784138450689,unknown,VM-74,Stage1-2-0,0,29646,29107,109860,47173,3595446,0,0
1784138451433,unknown,VM-73,Stage1-1-0,0,52308,51274,75827,54090,6359750,0,0
1784138451449,unknown,VM-75,Stage1-0-0,0,52143,51113,76409,39934,6304148,0,0
1784138451515,unknown,VM-77,Stage2-3-0,0,0,0,0,0,0,0,0
1784138451557,unknown,VM-74,Stage1-2-0,0,70317,68833,653496,57162,8533358,0,0
1784138451557,unknown,VM-78,Stage3-2-0,0,0,0,0,0,0,0,0
1784138451572,unknown,VM-79,Stage3-1-0,0,0,0,0,0,0,0,0
1784138451583,unknown,VM-76,Stage2-1-0,0,0,0,0,0,0,0,0
1784138452433,unknown,VM-73,Stage1-1-0,0,49807,48817,72089,54610,6031466,0,0
1784138452449,unknown,VM-75,Stage1-0-0,0,49942,48958,72676,37776,6044055,0,0
1784138452515,unknown,VM-77,Stage2-3-0,0,0,0,0,0,0,0,0
1784138452557,unknown,VM-74,Stage1-2-0,0,49945,48918,73532,44704,6069247,0,0
1784138452557,unknown,VM-78,Stage3-2-0,0,0,0,0,0,0,0,0
1784138452572,unknown,VM-79,Stage3-1-0,0,0,0,0,0,0,0,0
1784138452583,unknown,VM-76,Stage2-1-0,0,0,0,0,0,0,0,0
1784138453433,unknown,VM-73,Stage1-1-0,0,49165,48162,72530,52704,5969741,0,0
1784138453449,unknown,VM-75,Stage1-0-0,0,49192,48253,71662,38193,5976288,0,0
1784138453515,unknown,VM-77,Stage2-3-0,0,0,0,0,0,0,0,0
1784138453557,unknown,VM-78,Stage3-2-0,0,0,0,0,0,0,0,0
1784138453557,unknown,VM-74,Stage1-2-0,0,49070,48138,72458,46075,5948714,0,0
1784138453573,unknown,VM-79,Stage3-1-0,0,0,0,0,0,0,0,0
1784138453583,unknown,VM-76,Stage2-1-0,0,0,0,0,0,0,0,0
1784138454433,unknown,VM-73,Stage1-1-0,0,52230,51176,78562,56102,6342079,0,0
1784138454449,unknown,VM-75,Stage1-0-0,0,51911,50818,77095,42380,6293341,0,0
1784138454515,unknown,VM-77,Stage2-3-0,0,0,0,0,0,0,0,0
1784138454557,unknown,VM-74,Stage1-2-0,0,52586,51509,76652,46739,6381016,0,0
1784138454557,unknown,VM-78,Stage3-2-0,0,0,0,0,0,0,0,0
1784138454572,unknown,VM-79,Stage3-1-0,0,0,0,0,0,0,0,0
1784138454583,unknown,VM-76,Stage2-1-0,0,0,0,0,0,0,0,0
1784138455433,unknown,VM-73,Stage1-1-0,0,47323,46380,70386,55127,5737894,0,0
1784138455515,unknown,VM-77,Stage2-3-0,0,0,0,0,0,0,0,0
1784138455557,unknown,VM-74,Stage1-2-0,0,47585,46630,70464,45002,5784216,0,0
1784138455557,unknown,VM-78,Stage3-2-0,0,0,0,0,0,0,0,0
1784138455572,unknown,VM-79,Stage3-1-0,0,0,0,0,0,0,0,0
1784138455583,unknown,VM-76,Stage2-1-0,0,0,0,0,0,0,0,0
1784138455970,unknown,VM-75,Stage1-0-0,0,47675,46782,72057,39306,5773114,0,0
1784138456433,unknown,VM-73,Stage1-1-0,0,51268,50210,78128,54906,6198869,0,0
1784138456449,unknown,VM-75,Stage1-0-0,0,51098,50041,74074,37022,6192990,0,0
1784138456515,unknown,VM-77,Stage2-3-0,0,0,0,0,0,0,0,0
1784138456557,unknown,VM-74,Stage1-2-0,0,50956,49956,80575,42887,6169878,0,0
1784138456557,unknown,VM-78,Stage3-2-0,0,0,0,0,0,0,0,0
1784138456572,unknown,VM-79,Stage3-1-0,0,0,0,0,0,0,0,0
1784138456583,unknown,VM-76,Stage2-1-0,0,0,0,0,0,0,0,0
1784138457433,unknown,VM-73,Stage1-1-0,0,50677,49693,94242,53670,6139051,0,0
1784138457449,unknown,VM-75,Stage1-0-0,0,50583,49564,76114,40914,6150679,0,0
1784138457516,unknown,VM-77,Stage2-3-0,0,0,0,0,0,0,0,0
1784138457557,unknown,VM-74,Stage1-2-0,0,50543,49584,73975,44863,6132591,0,0
1784138457558,unknown,VM-78,Stage3-2-0,0,0,0,0,0,0,0,0
1784138457572,unknown,VM-79,Stage3-1-0,0,0,0,0,0,0,0,0
1784138457583,unknown,VM-76,Stage2-1-0,0,0,0,0,0,0,0,0
1784138458433,unknown,VM-73,Stage1-1-0,0,48682,47702,74943,54716,5916762,0,0
1784138458449,unknown,VM-75,Stage1-0-0,0,48676,47679,74139,40864,5902412,0,0
1784138458515,unknown,VM-77,Stage2-3-0,0,0,0,0,0,0,0,0
1784138458557,unknown,VM-74,Stage1-2-0,0,48956,48018,72002,45713,5925876,0,0
1784138458557,unknown,VM-78,Stage3-2-0,0,0,0,0,0,0,0,0
1784138458572,unknown,VM-79,Stage3-1-0,0,0,0,0,0,0,0,0
1784138458583,unknown,VM-76,Stage2-1-0,0,0,0,0,0,0,0,0
1784138459449,unknown,VM-75,Stage1-0-0,0,50303,49283,75989,45732,6102732,0,0
1784138459515,unknown,VM-77,Stage2-3-0,0,0,0,0,0,0,0,0
1784138459545,unknown,VM-73,Stage1-1-0,0,28566,28004,53617,42528,3471575,0,0
1784138459557,unknown,VM-74,Stage1-2-0,0,50347,49370,72454,45848,6106462,0,0
1784138459557,unknown,VM-78,Stage3-2-0,0,0,0,0,0,0,0,0
1784138459572,unknown,VM-79,Stage3-1-0,0,0,0,0,0,0,0,0
1784138459583,unknown,VM-76,Stage2-1-0,0,0,0,0,0,0,0,0
1784138460433,unknown,VM-73,Stage1-1-0,0,69942,68546,560860,53382,8477995,0,0
1784138460449,unknown,VM-75,Stage1-0-0,0,48305,47361,73844,38527,5843996,0,0
1784138460515,unknown,VM-77,Stage2-3-0,0,0,0,0,0,0,0,0
1784138460557,unknown,VM-74,Stage1-2-0,0,37865,37148,546445,41383,4604691,0,0
1784138460557,unknown,VM-78,Stage3-2-0,0,0,0,0,0,0,0,0
1784138460572,unknown,VM-79,Stage3-1-0,0,0,0,0,0,0,0,0
1784138460583,unknown,VM-76,Stage2-1-0,0,0,0,0,0,0,0,0
1784138461433,unknown,VM-73,Stage1-1-0,0,52484,51434,78716,54655,6356185,0,0
1784138461449,unknown,VM-75,Stage1-0-0,0,52296,51225,77481,39706,6339118,0,0
1784138461516,unknown,VM-77,Stage2-3-0,0,0,0,0,0,0,0,0
1784138461557,unknown,VM-74,Stage1-2-0,0,62520,61269,73637,47082,7591401,0,0
1784138461557,unknown,VM-78,Stage3-2-0,0,0,0,0,0,0,0,0
1784138461573,unknown,VM-79,Stage3-1-0,0,0,0,0,0,0,0,0
1784138461583,unknown,VM-76,Stage2-1-0,0,0,0,0,0,0,0,0
1784138462433,unknown,VM-73,Stage1-1-0,0,50246,49290,74263,55283,6078284,0,0
1784138462449,unknown,VM-75,Stage1-0-0,0,50331,49325,74596,40746,6117876,0,0
1784138462515,unknown,VM-77,Stage2-3-0,0,0,0,0,0,0,0,0
1784138462557,unknown,VM-74,Stage1-2-0,0,50224,49177,73450,44229,6093575,0,0
1784138462557,unknown,VM-78,Stage3-2-0,0,0,0,0,0,0,0,0
1784138462572,unknown,VM-79,Stage3-1-0,0,0,0,0,0,0,0,0
1784138462583,unknown,VM-76,Stage2-1-0,0,0,0,0,0,0,0,0
1784138463433,unknown,VM-73,Stage1-1-0,0,47880,46923,71727,50688,5811820,0,0
1784138463449,unknown,VM-75,Stage1-0-0,0,48327,47385,75856,40015,5865841,0,0
1784138463515,unknown,VM-77,Stage2-3-0,0,0,0,0,0,0,0,0
1784138463557,unknown,VM-74,Stage1-2-0,0,48116,47140,70804,46699,5842735,0,0
1784138463557,unknown,VM-78,Stage3-2-0,0,0,0,0,0,0,0,0
1784138463572,unknown,VM-79,Stage3-1-0,0,0,0,0,0,0,0,0
1784138463583,unknown,VM-76,Stage2-1-0,0,0,0,0,0,0,0,0
1784138464433,unknown,VM-73,Stage1-1-0,0,51018,50006,77008,55813,6185092,0,0
1784138464449,unknown,VM-75,Stage1-0-0,0,50121,49086,76106,45305,6077468,0,0
1784138464515,unknown,VM-77,Stage2-3-0,0,0,0,0,0,0,0,0
1784138464557,unknown,VM-74,Stage1-2-0,0,50699,49667,73165,45171,6159820,0,0
1784138464557,unknown,VM-78,Stage3-2-0,0,0,0,0,0,0,0,0
1784138464572,unknown,VM-79,Stage3-1-0,0,0,0,0,0,0,0,0
1784138464583,unknown,VM-76,Stage2-1-0,0,0,0,0,0,0,0,0
1784138465433,unknown,VM-73,Stage1-1-0,0,50644,49629,73383,53155,6145748,0,0
1784138465515,unknown,VM-77,Stage2-3-0,0,0,0,0,0,0,0,0
1784138465533,unknown,VM-75,Stage1-0-0,0,32594,31961,55840,37374,3958640,0,0
1784138465557,unknown,VM-74,Stage1-2-0,0,50459,49445,73233,46945,6130755,0,0
1784138465558,unknown,VM-78,Stage3-2-0,0,0,0,0,0,0,0,0
1784138465574,unknown,VM-79,Stage3-1-0,0,0,0,0,0,0,0,0
1784138465583,unknown,VM-76,Stage2-1-0,0,0,0,0,0,0,0,0
1784138466433,unknown,VM-73,Stage1-1-0,0,48229,47284,71849,48714,5851938,0,0
1784138466449,unknown,VM-75,Stage1-0-0,0,66014,64706,75524,515899,8006812,0,0
1784138466515,unknown,VM-77,Stage2-3-0,0,0,0,0,0,0,0,0
1784138466557,unknown,VM-74,Stage1-2-0,0,48196,47276,70460,44971,5852329,0,0
1784138466557,unknown,VM-78,Stage3-2-0,0,0,0,0,0,0,0,0
1784138466572,unknown,VM-79,Stage3-1-0,0,0,0,0,0,0,0,0
1784138466583,unknown,VM-76,Stage2-1-0,0,0,0,0,0,0,0,0
1784138467433,unknown,VM-73,Stage1-1-0,0,50771,49726,76286,56994,6159819,0,0
1784138467449,unknown,VM-75,Stage1-0-0,0,51019,50040,76753,40422,6164899,0,0
1784138467515,unknown,VM-77,Stage2-3-0,0,0,0,0,0,0,0,0
1784138467557,unknown,VM-74,Stage1-2-0,0,50699,49644,75527,46506,6154630,0,0
1784138467557,unknown,VM-78,Stage3-2-0,0,0,0,0,0,0,0,0
1784138467572,unknown,VM-79,Stage3-1-0,0,0,0,0,0,0,0,0
1784138467583,unknown,VM-76,Stage2-1-0,0,0,0,0,0,0,0,0
1784138468433,unknown,VM-73,Stage1-1-0,0,50595,49610,73880,53663,6137092,0,0
1784138468449,unknown,VM-75,Stage1-0-0,0,50942,49855,74131,38550,6188536,0,0
1784138468515,unknown,VM-77,Stage2-3-0,0,0,0,0,0,0,0,0
1784138468557,unknown,VM-74,Stage1-2-0,0,50619,49610,73382,43530,6142630,0,0
1784138468557,unknown,VM-78,Stage3-2-0,0,0,0,0,0,0,0,0
1784138468572,unknown,VM-79,Stage3-1-0,0,0,0,0,0,0,0,0
1784138468583,unknown,VM-76,Stage2-1-0,0,0,0,0,0,0,0,0
1784138469449,unknown,VM-75,Stage1-0-0,0,50527,49505,88645,51695,6140279,0,0
1784138469515,unknown,VM-77,Stage2-3-0,0,0,0,0,0,0,0,0
1784138469557,unknown,VM-74,Stage1-2-0,0,50691,49700,83564,60361,6163692,0,0
1784138469557,unknown,VM-78,Stage3-2-0,0,0,0,0,0,0,0,0
1784138469572,unknown,VM-79,Stage3-1-0,0,0,0,0,0,0,0,0
1784138469583,unknown,VM-76,Stage2-1-0,0,0,0,0,0,0,0,0
1784138469672,unknown,VM-73,Stage1-1-0,0,18259,17894,54310,38198,2209654,0,0
1784138470433,unknown,VM-73,Stage1-1-0,0,80947,79321,585950,56524,9789077,0,0
1784138470449,unknown,VM-75,Stage1-0-0,0,48729,47720,72387,39471,5912982,0,0
1784138470515,unknown,VM-77,Stage2-3-0,0,0,0,0,0,0,0,0
1784138470557,unknown,VM-74,Stage1-2-0,0,48132,47178,53303,520138,5838448,0,0
1784138470557,unknown,VM-78,Stage3-2-0,0,0,0,0,0,0,0,0
1784138470572,unknown,VM-79,Stage3-1-0,0,0,0,0,0,0,0,0
1784138470583,unknown,VM-76,Stage2-1-0,0,0,0,0,0,0,0,0
1784138471433,unknown,VM-73,Stage1-1-0,0,49960,49012,75187,54677,6066550,0,0
1784138471449,unknown,VM-75,Stage1-0-0,0,50341,49321,75727,39362,6096400,0,0
1784138471515,unknown,VM-77,Stage2-3-0,0,0,0,0,0,0,0,0
1784138471557,unknown,VM-74,Stage1-2-0,0,50230,49200,72486,46710,6086078,0,0
1784138471557,unknown,VM-78,Stage3-2-0,0,0,0,0,0,0,0,0
1784138471572,unknown,VM-79,Stage3-1-0,0,0,0,0,0,0,0,0
1784138471583,unknown,VM-76,Stage2-1-0,0,0,0,0,0,0,0,0
1784138472433,unknown,VM-73,Stage1-1-0,0,51418,50380,74845,55221,6254477,0,0
1784138472449,unknown,VM-75,Stage1-0-0,0,51609,50543,76512,39445,6252309,0,0
1784138472515,unknown,VM-77,Stage2-3-0,0,0,0,0,0,0,0,0
1784138472557,unknown,VM-74,Stage1-2-0,0,51540,50476,72639,41702,6243997,0,0
1784138472557,unknown,VM-78,Stage3-2-0,0,0,0,0,0,0,0,0
1784138472572,unknown,VM-79,Stage3-1-0,0,0,0,0,0,0,0,0
1784138472583,unknown,VM-76,Stage2-1-0,0,0,0,0,0,0,0,0
1784138473433,unknown,VM-73,Stage1-1-0,0,48385,47423,72276,54859,5865153,0,0
1784138473448,unknown,VM-75,Stage1-0-0,0,48911,47927,74226,39141,5938819,0,0
1784138473515,unknown,VM-77,Stage2-3-0,0,0,0,0,0,0,0,0
1784138473557,unknown,VM-74,Stage1-2-0,0,48835,47871,70228,42787,5929787,0,0
1784138473557,unknown,VM-78,Stage3-2-0,0,0,0,0,0,0,0,0
1784138473572,unknown,VM-79,Stage3-1-0,0,0,0,0,0,0,0,0
1784138473583,unknown,VM-76,Stage2-1-0,0,0,0,0,0,0,0,0
1784138474433,unknown,VM-73,Stage1-1-0,0,51431,50451,74569,54503,6237250,0,0
1784138474449,unknown,VM-75,Stage1-0-0,0,51854,50848,76479,38177,6273164,0,0
1784138474515,unknown,VM-77,Stage2-3-0,0,0,0,0,0,0,0,0
1784138474557,unknown,VM-74,Stage1-2-0,0,50981,49921,72977,44143,6195358,0,0
1784138474557,unknown,VM-78,Stage3-2-0,0,0,0,0,0,0,0,0
1784138474572,unknown,VM-79,Stage3-1-0,0,0,0,0,0,0,0,0
1784138474583,unknown,VM-76,Stage2-1-0,0,0,0,0,0,0,0,0
1784138475433,unknown,VM-73,Stage1-1-0,0,49246,48239,71110,55006,5970338,0,0
1784138475504,unknown,VM-75,Stage1-0-0,0,15889,15573,38967,25504,1928234,0,0
1784138475515,unknown,VM-77,Stage2-3-0,0,0,0,0,0,0,0,0
1784138475557,unknown,VM-74,Stage1-2-0,0,49326,48342,71813,43957,5972241,0,0
1784138475557,unknown,VM-78,Stage3-2-0,0,0,0,0,0,0,0,0
1784138475572,unknown,VM-79,Stage3-1-0,0,0,0,0,0,0,0,0
1784138475583,unknown,VM-76,Stage2-1-0,0,0,0,0,0,0,0,0
1784138476433,unknown,VM-73,Stage1-1-0,0,49240,48301,72338,54202,5973700,0,0
1784138476449,unknown,VM-75,Stage1-0-0,0,82832,81217,74079,535784,10043262,0,0
1784138476515,unknown,VM-77,Stage2-3-0,0,0,0,0,0,0,0,0
1784138476557,unknown,VM-74,Stage1-2-0,0,49630,48617,71216,44664,6021950,0,0
1784138476557,unknown,VM-78,Stage3-2-0,0,0,0,0,0,0,0,0
1784138476573,unknown,VM-79,Stage3-1-0,0,0,0,0,0,0,0,0
1784138476583,unknown,VM-76,Stage2-1-0,0,0,0,0,0,0,0,0
1784138477433,unknown,VM-73,Stage1-1-0,0,49958,48970,74493,55148,6066579,0,0
1784138477449,unknown,VM-75,Stage1-0-0,0,50480,49423,74364,38695,6124125,0,0
1784138477515,unknown,VM-77,Stage2-3-0,0,0,0,0,0,0,0,0
1784138477557,unknown,VM-78,Stage3-2-0,0,0,0,0,0,0,0,0
1784138477557,unknown,VM-74,Stage1-2-0,0,50364,49376,72997,43795,6114843,0,0
1784138477572,unknown,VM-79,Stage3-1-0,0,0,0,0,0,0,0,0
1784138477583,unknown,VM-76,Stage2-1-0,0,0,0,0,0,0,0,0
1784138478433,unknown,VM-73,Stage1-1-0,0,49571,48596,74486,54899,6020794,0,0
1784138478449,unknown,VM-75,Stage1-0-0,0,49592,48636,74377,39875,6004415,0,0
1784138478515,unknown,VM-77,Stage2-3-0,0,0,0,0,0,0,0,0
1784138478557,unknown,VM-74,Stage1-2-0,0,49968,48938,72427,42566,6064615,0,0
1784138478557,unknown,VM-78,Stage3-2-0,0,0,0,0,0,0,0,0
1784138478572,unknown,VM-79,Stage3-1-0,0,0,0,0,0,0,0,0
1784138478583,unknown,VM-76,Stage2-1-0,0,0,0,0,0,0,0,0
1784138479449,unknown,VM-75,Stage1-0-0,0,48567,47566,70888,37584,5894365,0,0
1784138479515,unknown,VM-77,Stage2-3-0,0,0,0,0,0,0,0,0
1784138479557,unknown,VM-78,Stage3-2-0,0,0,0,0,0,0,0,0
1784138479557,unknown,VM-74,Stage1-2-0,0,48174,47181,68408,41874,5833139,0,0
1784138479572,unknown,VM-79,Stage3-1-0,0,0,0,0,0,0,0,0
1784138479583,unknown,VM-76,Stage2-1-0,0,0,0,0,0,0,0,0
1784138479593,unknown,VM-73,Stage1-1-0,0,10419,10209,31909,20954,1256985,0,0
1784138480433,unknown,VM-73,Stage1-1-0,0,92320,90510,591166,56863,11198345,0,0
1784138480449,unknown,VM-75,Stage1-0-0,0,53722,52633,78934,40628,6512735,0,0
1784138480515,unknown,VM-77,Stage2-3-0,0,0,0,0,0,0,0,0
1784138480557,unknown,VM-74,Stage1-2-0,0,37989,37224,545960,42361,4611926,0,0
1784138480557,unknown,VM-78,Stage3-2-0,0,0,0,0,0,0,0,0
1784138480572,unknown,VM-79,Stage3-1-0,0,0,0,0,0,0,0,0
1784138480583,unknown,VM-76,Stage2-1-0,0,0,0,0,0,0,0,0
1784138481433,unknown,VM-73,Stage1-1-0,0,47641,46658,69658,52990,5789475,0,0
1784138481449,unknown,VM-75,Stage1-0-0,0,47698,46737,71342,36925,5792129,0,0
1784138481515,unknown,VM-77,Stage2-3-0,0,0,0,0,0,0,0,0
1784138481557,unknown,VM-78,Stage3-2-0,0,0,0,0,0,0,0,0
1784138481557,unknown,VM-74,Stage1-2-0,0,63499,62209,68961,43914,7691635,0,0
1784138481572,unknown,VM-79,Stage3-1-0,0,0,0,0,0,0,0,0
1784138481583,unknown,VM-76,Stage2-1-0,0,0,0,0,0,0,0,0
1784138482433,unknown,VM-73,Stage1-1-0,0,49942,48936,91790,71116,6056999,0,0
1784138482449,unknown,VM-75,Stage1-0-0,0,49756,48770,91658,64838,6030589,0,0
1784138482515,unknown,VM-77,Stage2-3-0,0,0,0,0,0,0,0,0
1784138482557,unknown,VM-74,Stage1-2-0,0,49564,48577,90903,69913,6004601,0,0
1784138482557,unknown,VM-78,Stage3-2-0,0,0,0,0,0,0,0,0
1784138482572,unknown,VM-79,Stage3-1-0,0,0,0,0,0,0,0,0
1784138482583,unknown,VM-76,Stage2-1-0,0,0,0,0,0,0,0,0
1784138483433,unknown,VM-73,Stage1-1-0,0,50564,49528,75420,55847,6133846,0,0
1784138483449,unknown,VM-75,Stage1-0-0,0,50986,49938,75695,40217,6196610,0,0
1784138483515,unknown,VM-77,Stage2-3-0,0,0,0,0,0,0,0,0
1784138483557,unknown,VM-74,Stage1-2-0,0,50626,49677,16595,11604,6134906,0,0
1784138483557,unknown,VM-78,Stage3-2-0,0,0,0,0,0,0,0,0
1784138483572,unknown,VM-79,Stage3-1-0,0,0,0,0,0,0,0,0
1784138483583,unknown,VM-76,Stage2-1-0,0,0,0,0,0,0,0,0
1784138484433,unknown,VM-73,Stage1-1-0,0,48205,47232,72677,55812,5849221,0,0
1784138484449,unknown,VM-75,Stage1-0-0,0,47763,46809,71975,40780,5795438,0,0
1784138484515,unknown,VM-77,Stage2-3-0,0,0,0,0,0,0,0,0
1784138484557,unknown,VM-74,Stage1-2-0,0,47762,46794,70697,43519,5786861,0,0
1784138484557,unknown,VM-78,Stage3-2-0,0,0,0,0,0,0,0,0
1784138484572,unknown,VM-79,Stage3-1-0,0,0,0,0,0,0,0,0
1784138484583,unknown,VM-76,Stage2-1-0,0,0,0,0,0,0,0,0
1784138485433,unknown,VM-73,Stage1-1-0,0,51383,50386,73708,54205,6238411,0,0
1784138485474,unknown,VM-75,Stage1-0-0,0,4300,4202,15889,8303,521644,0,0
1784138485515,unknown,VM-77,Stage2-3-0,0,0,0,0,0,0,0,0
1784138485557,unknown,VM-78,Stage3-2-0,0,0,0,0,0,0,0,0
1784138485557,unknown,VM-74,Stage1-2-0,0,50955,49925,74326,45322,6180697,0,0
1784138485572,unknown,VM-79,Stage3-1-0,0,0,0,0,0,0,0,0
1784138485583,unknown,VM-76,Stage2-1-0,0,0,0,0,0,0,0,0
1784138486433,unknown,VM-73,Stage1-1-0,0,47739,46732,72757,55465,5788167,0,0
1784138486449,unknown,VM-75,Stage1-0-0,0,94488,92615,598928,39221,11445818,0,0
1784138486515,unknown,VM-77,Stage2-3-0,0,0,0,0,0,0,0,0
1784138486557,unknown,VM-74,Stage1-2-0,0,47586,46646,71041,45352,5780799,0,0
1784138486557,unknown,VM-78,Stage3-2-0,0,0,0,0,0,0,0,0
1784138486572,unknown,VM-79,Stage3-1-0,0,0,0,0,0,0,0,0
1784138486583,unknown,VM-76,Stage2-1-0,0,0,0,0,0,0,0,0
1784138487433,unknown,VM-73,Stage1-1-0,0,53348,52302,77571,54791,6466580,0,0
1784138487449,unknown,VM-75,Stage1-0-0,0,53197,52099,78968,39346,6450017,0,0
1784138487515,unknown,VM-77,Stage2-3-0,0,0,0,0,0,0,0,0
1784138487557,unknown,VM-74,Stage1-2-0,0,53323,52241,75039,46072,6467499,0,0
1784138487557,unknown,VM-78,Stage3-2-0,0,0,0,0,0,0,0,0
1784138487572,unknown,VM-79,Stage3-1-0,0,0,0,0,0,0,0,0
1784138487583,unknown,VM-76,Stage2-1-0,0,0,0,0,0,0,0,0
1784138488449,unknown,VM-75,Stage1-0-0,0,49968,48906,76023,41687,6060337,0,0
1784138488515,unknown,VM-77,Stage2-3-0,0,0,0,0,0,0,0,0
1784138488557,unknown,VM-74,Stage1-2-0,0,49913,48904,74391,46956,6056804,0,0
1784138488557,unknown,VM-78,Stage3-2-0,0,0,0,0,0,0,0,0
1784138488572,unknown,VM-79,Stage3-1-0,0,0,0,0,0,0,0,0
1784138488583,unknown,VM-76,Stage2-1-0,0,0,0,0,0,0,0,0
1784138488985,unknown,VM-73,Stage1-1-0,0,57248,56122,72234,55881,6946002,0,0
1784138489433,unknown,VM-73,Stage1-1-0,0,42173,41311,1042,1484,5108934,0,0
1784138489449,unknown,VM-75,Stage1-0-0,0,49997,48975,73219,37155,6076846,0,0
1784138489515,unknown,VM-77,Stage2-3-0,0,0,0,0,0,0,0,0
1784138489557,unknown,VM-74,Stage1-2-0,0,49665,48636,72996,42195,6036149,0,0
1784138489557,unknown,VM-78,Stage3-2-0,0,0,0,0,0,0,0,0
1784138489572,unknown,VM-79,Stage3-1-0,0,0,0,0,0,0,0,0
1784138489583,unknown,VM-76,Stage2-1-0,0,0,0,0,0,0,0,0
1784138490433,unknown,VM-73,Stage1-1-0,0,50466,49487,80787,53784,6115932,0,0
1784138490449,unknown,VM-75,Stage1-0-0,0,50346,49358,75143,38574,6102003,0,0
1784138490515,unknown,VM-77,Stage2-3-0,0,0,0,0,0,0,0,0
1784138490557,unknown,VM-74,Stage1-2-0,0,39836,39017,53352,525902,4838147,0,0
1784138490557,unknown,VM-78,Stage3-2-0,0,0,0,0,0,0,0,0
1784138490572,unknown,VM-79,Stage3-1-0,0,0,0,0,0,0,0,0
1784138490583,unknown,VM-76,Stage2-1-0,0,0,0,0,0,0,0,0
1784138491433,unknown,VM-73,Stage1-1-0,0,48932,48008,75032,57483,5924716,0,0
1784138491449,unknown,VM-75,Stage1-0-0,0,48799,47807,73341,40409,5915167,0,0
1784138491515,unknown,VM-77,Stage2-3-0,0,0,0,0,0,0,0,0
1784138491557,unknown,VM-74,Stage1-2-0,0,59804,58620,69815,44522,7261900,0,0
1784138491557,unknown,VM-78,Stage3-2-0,0,0,0,0,0,0,0,0
1784138491572,unknown,VM-79,Stage3-1-0,0,0,0,0,0,0,0,0
1784138491583,unknown,VM-76,Stage2-1-0,0,0,0,0,0,0,0,0
1784138492433,unknown,VM-73,Stage1-1-0,0,50068,49065,73761,53509,6067827,0,0
1784138492449,unknown,VM-75,Stage1-0-0,0,50232,49231,73062,38335,6073763,0,0
1784138492515,unknown,VM-77,Stage2-3-0,0,0,0,0,0,0,0,0
1784138492557,unknown,VM-74,Stage1-2-0,0,50925,49887,74157,42724,6185463,0,0
1784138492557,unknown,VM-78,Stage3-2-0,0,0,0,0,0,0,0,0
1784138492573,unknown,VM-79,Stage3-1-0,0,0,0,0,0,0,0,0
1784138492583,unknown,VM-76,Stage2-1-0,0,0,0,0,0,0,0,0
1784138493433,unknown,VM-73,Stage1-1-0,0,48615,47670,74505,53581,5895503,0,0
1784138493449,unknown,VM-75,Stage1-0-0,0,48282,47299,76803,38496,5858315,0,0
1784138493515,unknown,VM-77,Stage2-3-0,0,0,0,0,0,0,0,0
1784138493557,unknown,VM-74,Stage1-2-0,0,48735,47773,71910,45392,5909411,0,0
1784138493557,unknown,VM-78,Stage3-2-0,0,0,0,0,0,0,0,0
1784138493572,unknown,VM-79,Stage3-1-0,0,0,0,0,0,0,0,0
1784138493583,unknown,VM-76,Stage2-1-0,0,0,0,0,0,0,0,0
1784138494433,unknown,VM-73,Stage1-1-0,0,53348,52255,82081,60730,6454540,0,0
1784138494515,unknown,VM-77,Stage2-3-0,0,0,0,0,0,0,0,0
1784138494557,unknown,VM-74,Stage1-2-0,0,53628,52519,76423,44643,6505171,0,0
1784138494557,unknown,VM-78,Stage3-2-0,0,0,0,0,0,0,0,0
1784138494570,unknown,VM-75,Stage1-0-0,0,44679,43800,69027,39695,5429677,0,0
1784138494572,unknown,VM-79,Stage3-1-0,0,0,0,0,0,0,0,0
1784138494583,unknown,VM-76,Stage2-1-0,0,0,0,0,0,0,0,0
1784138495433,unknown,VM-73,Stage1-1-0,0,46920,45972,72580,58286,5690914,0,0
1784138495449,unknown,VM-75,Stage1-0-0,0,55326,54252,546982,40321,6711300,0,0
1784138495515,unknown,VM-77,Stage2-3-0,0,0,0,0,0,0,0,0
1784138495557,unknown,VM-74,Stage1-2-0,0,46497,45536,68397,44424,5650017,0,0
1784138495557,unknown,VM-78,Stage3-2-0,0,0,0,0,0,0,0,0
1784138495572,unknown,VM-79,Stage3-1-0,0,0,0,0,0,0,0,0
1784138495583,unknown,VM-76,Stage2-1-0,0,0,0,0,0,0,0,0
1784138496433,unknown,VM-73,Stage1-1-0,0,51370,50364,76284,60665,6253440,0,0
1784138496449,unknown,VM-75,Stage1-0-0,0,51357,50363,84978,36823,6229266,0,0
1784138496515,unknown,VM-77,Stage2-3-0,0,0,0,0,0,0,0,0
1784138496557,unknown,VM-74,Stage1-2-0,0,51723,50705,75387,46469,6256913,0,0
1784138496557,unknown,VM-78,Stage3-2-0,0,0,0,0,0,0,0,0
1784138496572,unknown,VM-79,Stage3-1-0,0,0,0,0,0,0,0,0
1784138496583,unknown,VM-76,Stage2-1-0,0,0,0,0,0,0,0,0
1784138497433,unknown,VM-73,Stage1-1-0,0,49877,48937,78486,58297,6061204,0,0
1784138497449,unknown,VM-75,Stage1-0-0,0,49698,48722,73121,38265,6033339,0,0
1784138497515,unknown,VM-77,Stage2-3-0,0,0,0,0,0,0,0,0
1784138497557,unknown,VM-74,Stage1-2-0,0,50077,49071,71816,42468,6084555,0,0
1784138497557,unknown,VM-78,Stage3-2-0,0,0,0,0,0,0,0,0
1784138497572,unknown,VM-79,Stage3-1-0,0,0,0,0,0,0,0,0
1784138497583,unknown,VM-76,Stage2-1-0,0,0,0,0,0,0,0,0
1784138498449,unknown,VM-75,Stage1-0-0,0,50211,49184,82414,34486,6072066,0,0
1784138498515,unknown,VM-77,Stage2-3-0,0,0,0,0,0,0,0,0
1784138498557,unknown,VM-74,Stage1-2-0,0,50238,49220,73034,45408,6100968,0,0
1784138498557,unknown,VM-78,Stage3-2-0,0,0,0,0,0,0,0,0
1784138498572,unknown,VM-79,Stage3-1-0,0,0,0,0,0,0,0,0
1784138498583,unknown,VM-76,Stage2-1-0,0,0,0,0,0,0,0,0
1784138498598,unknown,VM-73,Stage1-1-0,0,45299,44404,71413,60500,5489151,0,0
1784138499433,unknown,VM-73,Stage1-1-0,0,54849,53724,73125,534442,6660503,0,0
1784138499449,unknown,VM-75,Stage1-0-0,0,49493,48544,72817,38660,5995942,0,0
1784138499515,unknown,VM-77,Stage2-3-0,0,0,0,0,0,0,0,0
1784138499557,unknown,VM-74,Stage1-2-0,0,49540,48566,71442,44107,6007593,0,0
1784138499557,unknown,VM-78,Stage3-2-0,0,0,0,0,0,0,0,0
1784138499572,unknown,VM-79,Stage3-1-0,0,0,0,0,0,0,0,0
1784138499583,unknown,VM-76,Stage2-1-0,0,0,0,0,0,0,0,0
1784138500433,unknown,VM-73,Stage1-1-0,0,50173,49191,70092,49883,6095448,0,0
1784138500449,unknown,VM-75,Stage1-0-0,0,50454,49422,73854,36698,6119164,0,0
1784138500515,unknown,VM-77,Stage2-3-0,0,0,0,0,0,0,0,0
1784138500557,unknown,VM-74,Stage1-2-0,0,37848,37061,50819,520784,4598032,0,0
1784138500557,unknown,VM-78,Stage3-2-0,0,0,0,0,0,0,0,0
1784138500572,unknown,VM-79,Stage3-1-0,0,0,0,0,0,0,0,0
1784138500583,unknown,VM-76,Stage2-1-0,0,0,0,0,0,0,0,0
1784138501433,unknown,VM-73,Stage1-1-0,0,50308,49365,74956,75639,6081123,0,0
1784138501448,unknown,VM-75,Stage1-0-0,0,50449,49426,75130,41697,6130322,0,0
1784138501515,unknown,VM-77,Stage2-3-0,0,0,0,0,0,0,0,0
1784138501557,unknown,VM-74,Stage1-2-0,0,63199,61920,73343,49753,7673710,0,0
1784138501557,unknown,VM-78,Stage3-2-0,0,0,0,0,0,0,0,0
1784138501572,unknown,VM-79,Stage3-1-0,0,0,0,0,0,0,0,0
1784138501583,unknown,VM-76,Stage2-1-0,0,0,0,0,0,0,0,0
1784138502433,unknown,VM-73,Stage1-1-0,0,48280,47356,72502,56734,5860936,0,0
1784138502449,unknown,VM-75,Stage1-0-0,0,48877,47880,73813,40214,5908614,0,0
1784138502515,unknown,VM-77,Stage2-3-0,0,0,0,0,0,0,0,0
1784138502557,unknown,VM-74,Stage1-2-0,0,48476,47485,70755,47185,5882687,0,0
1784138502557,unknown,VM-78,Stage3-2-0,0,0,0,0,0,0,0,0
1784138502572,unknown,VM-79,Stage3-1-0,0,0,0,0,0,0,0,0
1784138502583,unknown,VM-76,Stage2-1-0,0,0,0,0,0,0,0,0
1784138503433,unknown,VM-73,Stage1-1-0,0,51661,50669,77498,54040,6263570,0,0
1784138503449,unknown,VM-75,Stage1-0-0,0,52312,51244,75893,39779,6347299,0,0
1784138503515,unknown,VM-77,Stage2-3-0,0,0,0,0,0,0,0,0
1784138503557,unknown,VM-74,Stage1-2-0,0,52280,51235,76359,44339,6337849,0,0
1784138503557,unknown,VM-78,Stage3-2-0,0,0,0,0,0,0,0,0
1784138503572,unknown,VM-79,Stage3-1-0,0,0,0,0,0,0,0,0
1784138503583,unknown,VM-76,Stage2-1-0,0,0,0,0,0,0,0,0
1784138504433,unknown,VM-73,Stage1-1-0,0,48719,47737,72488,55357,5908098,0,0
1784138504515,unknown,VM-77,Stage2-3-0,0,0,0,0,0,0,0,0
1784138504542,unknown,VM-75,Stage1-0-0,0,31532,30850,56492,37485,3830999,0,0
1784138504557,unknown,VM-78,Stage3-2-0,0,0,0,0,0,0,0,0
1784138504557,unknown,VM-74,Stage1-2-0,0,48587,47631,72523,44661,5888049,0,0
1784138504572,unknown,VM-79,Stage3-1-0,0,0,0,0,0,0,0,0
1784138504583,unknown,VM-76,Stage2-1-0,0,0,0,0,0,0,0,0
1784138505433,unknown,VM-73,Stage1-1-0,0,50391,49393,85907,69812,6115403,0,0
1784138505449,unknown,VM-75,Stage1-0-0,0,68283,66865,570896,53754,8278423,0,0
1784138505515,unknown,VM-77,Stage2-3-0,0,0,0,0,0,0,0,0
1784138505557,unknown,VM-74,Stage1-2-0,0,50687,49674,77634,50722,6139452,0,0
1784138505557,unknown,VM-78,Stage3-2-0,0,0,0,0,0,0,0,0
1784138505572,unknown,VM-79,Stage3-1-0,0,0,0,0,0,0,0,0
1784138505583,unknown,VM-76,Stage2-1-0,0,0,0,0,0,0,0,0
1784138506433,unknown,VM-73,Stage1-1-0,0,49053,48089,71811,54371,5957753,0,0
1784138506449,unknown,VM-75,Stage1-0-0,0,48562,47617,72159,38746,5891656,0,0
1784138506515,unknown,VM-77,Stage2-3-0,0,0,0,0,0,0,0,0
1784138506557,unknown,VM-74,Stage1-2-0,0,48854,47900,69618,44713,5926563,0,0
1784138506557,unknown,VM-78,Stage3-2-0,0,0,0,0,0,0,0,0
1784138506572,unknown,VM-79,Stage3-1-0,0,0,0,0,0,0,0,0
1784138506583,unknown,VM-76,Stage2-1-0,0,0,0,0,0,0,0,0
1784138507433,unknown,VM-73,Stage1-1-0,0,50220,49181,74137,54760,6092658,0,0
1784138507449,unknown,VM-75,Stage1-0-0,0,50307,49347,74609,39741,6093289,0,0
1784138507515,unknown,VM-77,Stage2-3-0,0,0,0,0,0,0,0,0
1784138507557,unknown,VM-74,Stage1-2-0,0,49987,49007,71595,42767,6046378,0,0
1784138507557,unknown,VM-78,Stage3-2-0,0,0,0,0,0,0,0,0
1784138507572,unknown,VM-79,Stage3-1-0,0,0,0,0,0,0,0,0
1784138507583,unknown,VM-76,Stage2-1-0,0,0,0,0,0,0,0,0
1784138508449,unknown,VM-75,Stage1-0-0,0,50968,49920,74828,38279,6189380,0,0
1784138508515,unknown,VM-77,Stage2-3-0,0,0,0,0,0,0,0,0
1784138508557,unknown,VM-74,Stage1-2-0,0,50666,49655,49992,20546,6151627,0,0
1784138508557,unknown,VM-78,Stage3-2-0,0,0,0,0,0,0,0,0
1784138508570,unknown,VM-73,Stage1-1-0,0,40829,40017,63976,51945,4945193,0,0
1784138508573,unknown,VM-79,Stage3-1-0,0,0,0,0,0,0,0,0
1784138508583,unknown,VM-76,Stage2-1-0,0,0,0,0,0,0,0,0
1784138509433,unknown,VM-73,Stage1-1-0,0,62728,61470,562269,56052,7605842,0,0
1784138509449,unknown,VM-75,Stage1-0-0,0,53196,52163,78682,39936,6437593,0,0
1784138509515,unknown,VM-77,Stage2-3-0,0,0,0,0,0,0,0,0
1784138509557,unknown,VM-74,Stage1-2-0,0,52835,51762,76487,45248,6409995,0,0
1784138509557,unknown,VM-78,Stage3-2-0,0,0,0,0,0,0,0,0
1784138509572,unknown,VM-79,Stage3-1-0,0,0,0,0,0,0,0,0
1784138509583,unknown,VM-76,Stage2-1-0,0,0,0,0,0,0,0,0
1784138510433,unknown,VM-73,Stage1-1-0,0,45911,44974,76768,50390,5571396,0,0
1784138510449,unknown,VM-75,Stage1-0-0,0,46053,45182,70328,39764,5570951,0,0
1784138510515,unknown,VM-77,Stage2-3-0,0,0,0,0,0,0,0,0
1784138510557,unknown,VM-74,Stage1-2-0,0,42997,42117,50689,529175,5217711,0,0
1784138510557,unknown,VM-78,Stage3-2-0,0,0,0,0,0,0,0,0
1784138510572,unknown,VM-79,Stage3-1-0,0,0,0,0,0,0,0,0
1784138510583,unknown,VM-76,Stage2-1-0,0,0,0,0,0,0,0,0
1784138511433,unknown,VM-73,Stage1-1-0,0,53242,52163,78932,55584,6464309,0,0
1784138511449,unknown,VM-75,Stage1-0-0,0,53072,52056,78469,39962,6422341,0,0
1784138511515,unknown,VM-77,Stage2-3-0,0,0,0,0,0,0,0,0
1784138511557,unknown,VM-74,Stage1-2-0,0,56259,55114,27546,19825,6829395,0,0
1784138511557,unknown,VM-78,Stage3-2-0,0,0,0,0,0,0,0,0
1784138511573,unknown,VM-79,Stage3-1-0,0,0,0,0,0,0,0,0
1784138511583,unknown,VM-76,Stage2-1-0,0,0,0,0,0,0,0,0
1784138512433,unknown,VM-73,Stage1-1-0,0,47555,46608,70542,54682,5771186,0,0
1784138512449,unknown,VM-75,Stage1-0-0,0,47839,46879,74982,41561,5811216,0,0
1784138512515,unknown,VM-77,Stage2-3-0,0,0,0,0,0,0,0,0
1784138512557,unknown,VM-74,Stage1-2-0,0,47890,46930,72607,42724,5791227,0,0
1784138512558,unknown,VM-78,Stage3-2-0,0,0,0,0,0,0,0,0
1784138512573,unknown,VM-79,Stage3-1-0,0,0,0,0,0,0,0,0
1784138512583,unknown,VM-76,Stage2-1-0,0,0,0,0,0,0,0,0
1784138513433,unknown,VM-73,Stage1-1-0,0,49867,48853,73591,57066,6055467,0,0
1784138513449,unknown,VM-75,Stage1-0-0,0,49572,48629,83749,36129,6000508,0,0
1784138513515,unknown,VM-77,Stage2-3-0,0,0,0,0,0,0,0,0
1784138513557,unknown,VM-74,Stage1-2-0,0,49508,48476,73955,45149,5991238,0,0
1784138513557,unknown,VM-78,Stage3-2-0,0,0,0,0,0,0,0,0
1784138513573,unknown,VM-79,Stage3-1-0,0,0,0,0,0,0,0,0
1784138513583,unknown,VM-76,Stage2-1-0,0,0,0,0,0,0,0,0
1784138514433,unknown,VM-73,Stage1-1-0,0,49857,48808,73702,53455,6071962,0,0
1784138514515,unknown,VM-77,Stage2-3-0,0,0,0,0,0,0,0,0
1784138514516,unknown,VM-75,Stage1-0-0,0,21501,21072,44758,32283,2618786,0,0
1784138514557,unknown,VM-74,Stage1-2-0,0,50265,49240,72160,42338,6079632,0,0
1784138514557,unknown,VM-78,Stage3-2-0,0,0,0,0,0,0,0,0
1784138514573,unknown,VM-79,Stage3-1-0,0,0,0,0,0,0,0,0
1784138514583,unknown,VM-76,Stage2-1-0,0,0,0,0,0,0,0,0
1784138515432,unknown,VM-73,Stage1-1-0,0,51177,50192,69394,49998,6199433,0,0
1784138515448,unknown,VM-75,Stage1-0-0,0,79992,78435,74600,529718,9701116,0,0
1784138515515,unknown,VM-77,Stage2-3-0,0,0,0,0,0,0,0,0
1784138515557,unknown,VM-74,Stage1-2-0,0,51161,50142,74761,45737,6195220,0,0
1784138515557,unknown,VM-78,Stage3-2-0,0,0,0,0,0,0,0,0
1784138515572,unknown,VM-79,Stage3-1-0,0,0,0,0,0,0,0,0
1784138515583,unknown,VM-76,Stage2-1-0,0,0,0,0,0,0,0,0
1784138516432,unknown,VM-73,Stage1-1-0,0,48947,47954,75125,56564,5935272,0,0
1784138516448,unknown,VM-75,Stage1-0-0,0,48803,47832,71800,39648,5911988,0,0
1784138516515,unknown,VM-77,Stage2-3-0,0,0,0,0,0,0,0,0
1784138516557,unknown,VM-78,Stage3-2-0,0,0,0,0,0,0,0,0
1784138516557,unknown,VM-74,Stage1-2-0,0,48589,47649,70355,43396,5896026,0,0
1784138516573,unknown,VM-79,Stage3-1-0,0,0,0,0,0,0,0,0
1784138516583,unknown,VM-76,Stage2-1-0,0,0,0,0,0,0,0,0
1784138517433,unknown,VM-73,Stage1-1-0,0,52131,51075,74908,53645,6309261,0,0
1784138517448,unknown,VM-75,Stage1-0-0,0,51906,50855,74760,36630,6298383,0,0
1784138517515,unknown,VM-77,Stage2-3-0,0,0,0,0,0,0,0,0
1784138517557,unknown,VM-74,Stage1-2-0,0,52022,51000,77906,44114,6294255,0,0
1784138517557,unknown,VM-78,Stage3-2-0,0,0,0,0,0,0,0,0
1784138517572,unknown,VM-79,Stage3-1-0,0,0,0,0,0,0,0,0
1784138517583,unknown,VM-76,Stage2-1-0,0,0,0,0,0,0,0,0
1784138518448,unknown,VM-75,Stage1-0-0,0,49152,48206,91134,66041,5955321,0,0
1784138518515,unknown,VM-77,Stage2-3-0,0,0,0,0,0,0,0,0
1784138518557,unknown,VM-74,Stage1-2-0,0,49190,48235,89204,70172,5966057,0,0
1784138518557,unknown,VM-78,Stage3-2-0,0,0,0,0,0,0,0,0
1784138518572,unknown,VM-79,Stage3-1-0,0,0,0,0,0,0,0,0
1784138518583,unknown,VM-76,Stage2-1-0,0,0,0,0,0,0,0,0
1784138518664,unknown,VM-73,Stage1-1-0,0,33238,32556,72692,56686,4045017,0,0
1784138519432,unknown,VM-73,Stage1-1-0,0,65253,63983,73471,551300,7902589,0,0
1784138519448,unknown,VM-75,Stage1-0-0,0,48852,47838,74432,40848,5917777,0,0
1784138519515,unknown,VM-77,Stage2-3-0,0,0,0,0,0,0,0,0
1784138519557,unknown,VM-74,Stage1-2-0,0,48624,47661,73439,45266,5897725,0,0
1784138519557,unknown,VM-78,Stage3-2-0,0,0,0,0,0,0,0,0
1784138519572,unknown,VM-79,Stage3-1-0,0,0,0,0,0,0,0,0
1784138519583,unknown,VM-76,Stage2-1-0,0,0,0,0,0,0,0,0
1784138520433,unknown,VM-73,Stage1-1-0,0,51877,50834,74373,53768,6271831,0,0
1784138520448,unknown,VM-75,Stage1-0-0,0,51762,50770,74295,38295,6276477,0,0
1784138520515,unknown,VM-77,Stage2-3-0,0,0,0,0,0,0,0,0
1784138520557,unknown,VM-74,Stage1-2-0,0,42103,41313,53035,523974,5127358,0,0
1784138520557,unknown,VM-78,Stage3-2-0,0,0,0,0,0,0,0,0
1784138520572,unknown,VM-79,Stage3-1-0,0,0,0,0,0,0,0,0
1784138520583,unknown,VM-76,Stage2-1-0,0,0,0,0,0,0,0,0
1784138521432,unknown,VM-73,Stage1-1-0,0,47207,46280,69654,51842,5719075,0,0
1784138521448,unknown,VM-75,Stage1-0-0,0,47400,46438,68937,37192,5739561,0,0
1784138521515,unknown,VM-77,Stage2-3-0,0,0,0,0,0,0,0,0
1784138521557,unknown,VM-78,Stage3-2-0,0,0,0,0,0,0,0,0
1784138521557,unknown,VM-74,Stage1-2-0,0,56953,55836,80216,41745,6914418,0,0
1784138521572,unknown,VM-79,Stage3-1-0,0,0,0,0,0,0,0,0
1784138521583,unknown,VM-76,Stage2-1-0,0,0,0,0,0,0,0,0
1784138522432,unknown,VM-73,Stage1-1-0,0,48498,47548,71210,52752,5856410,0,0
1784138522448,unknown,VM-75,Stage1-0-0,0,48764,47791,3394,1409,5930844,0,0
1784138522515,unknown,VM-77,Stage2-3-0,0,0,0,0,0,0,0,0
1784138522557,unknown,VM-74,Stage1-2-0,0,49180,48198,68342,43133,5967101,0,0
1784138522557,unknown,VM-78,Stage3-2-0,0,0,0,0,0,0,0,0
1784138522572,unknown,VM-79,Stage3-1-0,0,0,0,0,0,0,0,0
1784138522583,unknown,VM-76,Stage2-1-0,0,0,0,0,0,0,0,0
1784138523432,unknown,VM-73,Stage1-1-0,0,51923,50883,75640,54607,6300226,0,0
1784138523448,unknown,VM-75,Stage1-0-0,0,51874,50867,75604,38162,6281891,0,0
1784138523515,unknown,VM-77,Stage2-3-0,0,0,0,0,0,0,0,0
1784138523557,unknown,VM-74,Stage1-2-0,0,52030,50955,74429,42272,6324125,0,0
1784138523557,unknown,VM-78,Stage3-2-0,0,0,0,0,0,0,0,0
1784138523572,unknown,VM-79,Stage3-1-0,0,0,0,0,0,0,0,0
1784138523583,unknown,VM-76,Stage2-1-0,0,0,0,0,0,0,0,0
1784138524433,unknown,VM-73,Stage1-1-0,0,50345,49314,72725,54806,6103132,0,0
1784138524515,unknown,VM-77,Stage2-3-0,0,0,0,0,0,0,0,0
1784138524557,unknown,VM-74,Stage1-2-0,0,50636,49621,73332,42860,6145575,0,0
1784138524557,unknown,VM-78,Stage3-2-0,0,0,0,0,0,0,0,0
1784138524573,unknown,VM-79,Stage3-1-0,0,0,0,0,0,0,0,0
1784138524583,unknown,VM-76,Stage2-1-0,0,0,0,0,0,0,0,0
1784138525432,unknown,VM-73,Stage1-1-0,0,51132,50130,87870,50276,6180708,0,0
1784138525515,unknown,VM-77,Stage2-3-0,0,0,0,0,0,0,0,0
1784138525557,unknown,VM-74,Stage1-2-0,0,50704,49681,72956,45099,6159935,0,0
1784138525557,unknown,VM-78,Stage3-2-0,0,0,0,0,0,0,0,0
1784138525572,unknown,VM-79,Stage3-1-0,0,0,0,0,0,0,0,0
1784138525583,unknown,VM-76,Stage2-1-0,0,0,0,0,0,0,0,0
1784138526433,unknown,VM-73,Stage1-1-0,0,47107,46199,69740,56295,5704705,0,0
1784138526515,unknown,VM-77,Stage2-3-0,0,0,0,0,0,0,0,0
1784138526557,unknown,VM-74,Stage1-2-0,0,47138,46197,69138,45072,5715740,0,0
1784138526557,unknown,VM-78,Stage3-2-0,0,0,0,0,0,0,0,0
1784138526572,unknown,VM-79,Stage3-1-0,0,0,0,0,0,0,0,0
1784138526583,unknown,VM-76,Stage2-1-0,0,0,0,0,0,0,0,0
1784138527433,unknown,VM-73,Stage1-1-0,0,52137,51084,80818,51317,6335544,0,0
1784138527515,unknown,VM-77,Stage2-3-0,0,0,0,0,0,0,0,0
1784138527557,unknown,VM-74,Stage1-2-0,0,52063,51000,83179,37605,6321554,0,0
1784138527557,unknown,VM-78,Stage3-2-0,0,0,0,0,0,0,0,0
1784138527572,unknown,VM-79,Stage3-1-0,0,0,0,0,0,0,0,0
1784138527583,unknown,VM-76,Stage2-1-0,0,0,0,0,0,0,0,0
1784138528515,unknown,VM-77,Stage2-3-0,0,0,0,0,0,0,0,0
1784138528557,unknown,VM-78,Stage3-2-0,0,0,0,0,0,0,0,0
1784138528557,unknown,VM-74,Stage1-2-0,0,49552,48604,72008,42905,6003651,0,0
1784138528572,unknown,VM-79,Stage3-1-0,0,0,0,0,0,0,0,0
1784138528583,unknown,VM-76,Stage2-1-0,0,0,0,0,0,0,0,0
1784138529515,unknown,VM-77,Stage2-3-0,0,0,0,0,0,0,0,0
1784138529557,unknown,VM-78,Stage3-2-0,0,0,0,0,0,0,0,0
1784138529557,unknown,VM-74,Stage1-2-0,0,18500,18151,38739,27870,2242480,0,0
1784138529572,unknown,VM-79,Stage3-1-0,0,0,0,0,0,0,0,0
1784138529583,unknown,VM-76,Stage2-1-0,0,0,0,0,0,0,0,0
1784138530515,unknown,VM-77,Stage2-3-0,0,0,0,0,0,0,0,0
1784138530557,unknown,VM-74,Stage1-2-0,0,0,0,0,0,0,0,0
1784138530557,unknown,VM-78,Stage3-2-0,0,0,0,0,0,0,0,0
1784138530572,unknown,VM-79,Stage3-1-0,0,0,0,0,0,0,0,0
1784138530583,unknown,VM-76,Stage2-1-0,0,0,0,0,0,0,0,0
1784138531515,unknown,VM-77,Stage2-3-0,0,0,0,0,0,0,0,0
1784138531557,unknown,VM-74,Stage1-2-0,0,0,0,0,0,0,0,0
1784138531557,unknown,VM-78,Stage3-2-0,0,0,0,0,0,0,0,0
1784138531572,unknown,VM-79,Stage3-1-0,0,0,0,0,0,0,0,0
1784138531583,unknown,VM-76,Stage2-1-0,0,0,0,0,0,0,0,0
1784138531980,unknown,VM-75,Stage1-0-0,0,12138,11895,32589,22225,1477390,0,0
1784138531980,unknown,VM-75,Stage1-0-0,0,0,0,0,0,0,0,0
1784138531980,unknown,VM-75,Stage1-0-0,0,0,0,0,0,0,0,0
1784138531980,unknown,VM-75,Stage1-0-0,0,0,0,0,0,0,0,0
1784138531980,unknown,VM-75,Stage1-0-0,0,0,0,0,0,0,0,0
1784138531980,unknown,VM-75,Stage1-0-0,0,0,0,0,0,0,0,0
1784138531981,unknown,VM-75,Stage1-0-0,0,0,0,0,0,0,0,0
1784138531981,unknown,VM-75,Stage1-0-0,0,0,0,0,0,0,0,0
1784138532448,unknown,VM-75,Stage1-0-0,0,255952,250894,7988187,8524,31060700,0,0
1784138532515,unknown,VM-77,Stage2-3-0,0,0,0,0,0,0,0,0
1784138532557,unknown,VM-74,Stage1-2-0,0,0,0,0,0,0,0,0
1784138532557,unknown,VM-78,Stage3-2-0,0,0,0,0,0,0,0,0
1784138532572,unknown,VM-79,Stage3-1-0,0,0,0,0,0,0,0,0
1784138532583,unknown,VM-76,Stage2-1-0,0,0,0,0,0,0,0,0
1784138533448,unknown,VM-75,Stage1-0-0,0,0,0,0,0,0,0,0
1784138533515,unknown,VM-77,Stage2-3-0,0,0,0,0,0,0,0,0
1784138533557,unknown,VM-74,Stage1-2-0,0,0,0,0,0,0,0,0
1784138533557,unknown,VM-78,Stage3-2-0,0,0,0,0,0,0,0,0
1784138533572,unknown,VM-79,Stage3-1-0,0,0,0,0,0,0,0,0
1784138533583,unknown,VM-76,Stage2-1-0,0,0,0,0,0,0,0,0
1784138534448,unknown,VM-75,Stage1-0-0,0,0,0,0,0,0,0,0
1784138534515,unknown,VM-77,Stage2-3-0,0,0,0,0,0,0,0,0
1784138534557,unknown,VM-74,Stage1-2-0,0,0,0,0,0,0,0,0
1784138534557,unknown,VM-78,Stage3-2-0,0,0,0,0,0,0,0,0
1784138534572,unknown,VM-79,Stage3-1-0,0,0,0,0,0,0,0,0
1784138534583,unknown,VM-76,Stage2-1-0,0,0,0,0,0,0,0,0
1784138535448,unknown,VM-75,Stage1-0-0,0,0,0,0,0,0,0,0
1784138535515,unknown,VM-77,Stage2-3-0,0,0,0,0,0,0,0,0
1784138535557,unknown,VM-74,Stage1-2-0,0,0,0,0,0,0,0,0
1784138535557,unknown,VM-78,Stage3-2-0,0,0,0,0,0,0,0,0
1784138535572,unknown,VM-79,Stage3-1-0,0,0,0,0,0,0,0,0
1784138535583,unknown,VM-76,Stage2-1-0,0,0,0,0,0,0,0,0
1784138536448,unknown,VM-73,Stage1-1-0,0,29334,28755,54083,42281,3556019,0,0
1784138536448,unknown,VM-73,Stage1-1-0,0,0,0,0,0,0,0,0
1784138536448,unknown,VM-73,Stage1-1-0,0,0,0,0,0,0,0,0
1784138536448,unknown,VM-73,Stage1-1-0,0,0,0,0,0,0,0,0
1784138536448,unknown,VM-73,Stage1-1-0,0,0,0,0,0,0,0,0
1784138536448,unknown,VM-73,Stage1-1-0,0,0,0,0,0,0,0,0
1784138536448,unknown,VM-73,Stage1-1-0,0,0,0,0,0,0,0,0
1784138536448,unknown,VM-73,Stage1-1-0,0,0,0,0,0,0,0,0
1784138536448,unknown,VM-73,Stage1-1-0,0,0,0,0,0,0,0,0
1784138536448,unknown,VM-75,Stage1-0-0,0,0,0,0,0,0,0,0
1784138536515,unknown,VM-77,Stage2-3-0,0,0,0,0,0,0,0,0
1784138536557,unknown,VM-74,Stage1-2-0,0,0,0,0,0,0,0,0
1784138536557,unknown,VM-78,Stage3-2-0,0,0,0,0,0,0,0,0
1784138536572,unknown,VM-79,Stage3-1-0,0,0,0,0,0,0,0,0
1784138536583,unknown,VM-76,Stage2-1-0,0,0,0,0,0,0,0,0
1784138537432,unknown,VM-73,Stage1-1-0,0,38840,38035,3600,8130107,4695963,0,0
1784138537448,unknown,VM-75,Stage1-0-0,0,0,0,0,0,0,0,0
1784138537515,unknown,VM-77,Stage2-3-0,0,0,0,0,0,0,0,0
1784138537557,unknown,VM-74,Stage1-2-0,0,0,0,0,0,0,0,0
1784138537557,unknown,VM-78,Stage3-2-0,0,0,0,0,0,0,0,0
1784138537572,unknown,VM-79,Stage3-1-0,0,0,0,0,0,0,0,0
1784138537583,unknown,VM-76,Stage2-1-0,0,0,0,0,0,0,0,0
1784138538433,unknown,VM-73,Stage1-1-0,0,0,0,0,0,0,0,0
1784138538448,unknown,VM-75,Stage1-0-0,0,0,0,0,0,0,0,0
1784138538515,unknown,VM-77,Stage2-3-0,0,0,0,0,0,0,0,0
1784138538557,unknown,VM-74,Stage1-2-0,0,0,0,0,0,0,0,0
1784138538557,unknown,VM-78,Stage3-2-0,0,0,0,0,0,0,0,0
1784138538572,unknown,VM-79,Stage3-1-0,0,0,0,0,0,0,0,0
1784138538583,unknown,VM-76,Stage2-1-0,0,0,0,0,0,0,0,0
1784138539432,unknown,VM-73,Stage1-1-0,0,0,0,0,0,0,0,0
1784138539448,unknown,VM-75,Stage1-0-0,0,0,0,0,0,0,0,0
1784138539515,unknown,VM-77,Stage2-3-0,0,0,0,0,0,0,0,0
1784138539557,unknown,VM-74,Stage1-2-0,0,0,0,0,0,0,0,0
1784138539557,unknown,VM-78,Stage3-2-0,0,0,0,0,0,0,0,0
1784138539572,unknown,VM-79,Stage3-1-0,0,0,0,0,0,0,0,0
1784138539583,unknown,VM-76,Stage2-1-0,0,0,0,0,0,0,0,0
1784138540432,unknown,VM-73,Stage1-1-0,0,0,0,0,0,0,0,0
1784138540448,unknown,VM-75,Stage1-0-0,0,0,0,0,0,0,0,0
1784138540515,unknown,VM-77,Stage2-3-0,0,0,0,0,0,0,0,0
1784138540557,unknown,VM-78,Stage3-2-0,0,0,0,0,0,0,0,0
1784138540557,unknown,VM-74,Stage1-2-0,0,0,0,0,0,0,0,0
1784138540572,unknown,VM-79,Stage3-1-0,0,0,0,0,0,0,0,0
1784138540583,unknown,VM-76,Stage2-1-0,0,0,0,0,0,0,0,0
1784138541432,unknown,VM-73,Stage1-1-0,0,0,0,0,0,0,0,0
1784138541448,unknown,VM-75,Stage1-0-0,0,0,0,0,0,0,0,0
1784138541515,unknown,VM-77,Stage2-3-0,0,0,0,0,0,0,0,0
1784138541557,unknown,VM-78,Stage3-2-0,0,0,0,0,0,0,0,0
1784138541557,unknown,VM-74,Stage1-2-0,0,0,0,0,0,0,0,0
1784138541572,unknown,VM-79,Stage3-1-0,0,0,0,0,0,0,0,0
1784138541583,unknown,VM-76,Stage2-1-0,0,0,0,0,0,0,0,0
1784138542432,unknown,VM-73,Stage1-1-0,0,0,0,0,0,0,0,0
1784138542448,unknown,VM-75,Stage1-0-0,0,0,0,0,0,0,0,0
1784138542515,unknown,VM-77,Stage2-3-0,0,0,0,0,0,0,0,0
1784138542557,unknown,VM-74,Stage1-2-0,0,0,0,0,0,0,0,0
1784138542557,unknown,VM-78,Stage3-2-0,0,0,0,0,0,0,0,0
1784138542572,unknown,VM-79,Stage3-1-0,0,0,0,0,0,0,0,0
1784138542583,unknown,VM-76,Stage2-1-0,0,0,0,0,0,0,0,0
1784138543432,unknown,VM-73,Stage1-1-0,0,0,0,0,0,0,0,0
1784138543448,unknown,VM-75,Stage1-0-0,0,0,0,0,0,0,0,0
1784138543515,unknown,VM-77,Stage2-3-0,0,0,0,0,0,0,0,0
1784138543557,unknown,VM-74,Stage1-2-0,0,0,0,0,0,0,0,0
1784138543557,unknown,VM-78,Stage3-2-0,0,0,0,0,0,0,0,0
1784138543572,unknown,VM-79,Stage3-1-0,0,0,0,0,0,0,0,0
1784138543583,unknown,VM-76,Stage2-1-0,0,0,0,0,0,0,0,0
1784138544432,unknown,VM-73,Stage1-1-0,0,0,0,0,0,0,0,0
1784138544448,unknown,VM-75,Stage1-0-0,0,0,0,0,0,0,0,0
1784138544515,unknown,VM-77,Stage2-3-0,0,0,0,0,0,0,0,0
1784138544557,unknown,VM-74,Stage1-2-0,0,0,0,0,0,0,0,0
1784138544557,unknown,VM-78,Stage3-2-0,0,0,0,0,0,0,0,0
1784138544572,unknown,VM-79,Stage3-1-0,0,0,0,0,0,0,0,0
1784138544583,unknown,VM-76,Stage2-1-0,0,0,0,0,0,0,0,0
1784138545432,unknown,VM-73,Stage1-1-0,0,0,0,0,0,0,0,0
1784138545448,unknown,VM-75,Stage1-0-0,0,0,0,0,0,0,0,0
1784138545515,unknown,VM-77,Stage2-3-0,0,0,0,0,0,0,0,0
1784138545557,unknown,VM-74,Stage1-2-0,0,0,0,0,0,0,0,0
1784138545557,unknown,VM-78,Stage3-2-0,0,0,0,0,0,0,0,0
1784138545572,unknown,VM-79,Stage3-1-0,0,0,0,0,0,0,0,0
1784138545583,unknown,VM-76,Stage2-1-0,0,0,0,0,0,0,0,0
1784138546432,unknown,VM-73,Stage1-1-0,0,0,0,0,0,0,0,0
1784138546448,unknown,VM-75,Stage1-0-0,0,0,0,0,0,0,0,0
1784138546515,unknown,VM-77,Stage2-3-0,0,0,0,0,0,0,0,0
1784138546557,unknown,VM-74,Stage1-2-0,0,0,0,0,0,0,0,0
1784138546557,unknown,VM-78,Stage3-2-0,0,0,0,0,0,0,0,0
1784138546572,unknown,VM-79,Stage3-1-0,0,0,0,0,0,0,0,0
1784138546583,unknown,VM-76,Stage2-1-0,0,0,0,0,0,0,0,0
1784138547432,unknown,VM-73,Stage1-1-0,0,0,0,0,0,0,0,0
1784138547448,unknown,VM-75,Stage1-0-0,0,0,0,0,0,0,0,0
1784138547515,unknown,VM-77,Stage2-3-0,0,0,0,0,0,0,0,0
1784138547557,unknown,VM-74,Stage1-2-0,0,0,0,0,0,0,0,0
1784138547557,unknown,VM-78,Stage3-2-0,0,0,0,0,0,0,0,0
1784138547572,unknown,VM-79,Stage3-1-0,0,0,0,0,0,0,0,0
1784138547583,unknown,VM-76,Stage2-1-0,0,0,0,0,0,0,0,0
1784138548433,unknown,VM-73,Stage1-1-0,0,0,0,0,0,0,0,0
1784138548448,unknown,VM-75,Stage1-0-0,0,0,0,0,0,0,0,0
1784138548515,unknown,VM-77,Stage2-3-0,0,0,0,0,0,0,0,0
1784138548557,unknown,VM-74,Stage1-2-0,0,0,0,0,0,0,0,0
1784138548557,unknown,VM-78,Stage3-2-0,0,0,0,0,0,0,0,0
1784138548572,unknown,VM-79,Stage3-1-0,0,0,0,0,0,0,0,0
1784138548583,unknown,VM-76,Stage2-1-0,0,0,0,0,0,0,0,0
1784138549432,unknown,VM-73,Stage1-1-0,0,0,0,0,0,0,0,0
1784138549448,unknown,VM-75,Stage1-0-0,0,0,0,0,0,0,0,0
1784138549515,unknown,VM-77,Stage2-3-0,0,0,0,0,0,0,0,0
1784138549557,unknown,VM-74,Stage1-2-0,0,0,0,0,0,0,0,0
1784138549557,unknown,VM-78,Stage3-2-0,0,0,0,0,0,0,0,0
1784138549572,unknown,VM-79,Stage3-1-0,0,0,0,0,0,0,0,0
1784138549583,unknown,VM-76,Stage2-1-0,0,0,0,0,0,0,0,0
1784138550432,unknown,VM-73,Stage1-1-0,0,0,0,0,0,0,0,0
1784138550448,unknown,VM-75,Stage1-0-0,0,0,0,0,0,0,0,0
1784138550515,unknown,VM-77,Stage2-3-0,0,0,0,0,0,0,0,0
1784138550557,unknown,VM-74,Stage1-2-0,0,0,0,0,0,0,0,0
1784138550557,unknown,VM-78,Stage3-2-0,0,0,0,0,0,0,0,0
1784138550572,unknown,VM-79,Stage3-1-0,0,0,0,0,0,0,0,0
1784138550583,unknown,VM-76,Stage2-1-0,0,0,0,0,0,0,0,0
1784138551432,unknown,VM-73,Stage1-1-0,0,0,0,0,0,0,0,0
1784138551448,unknown,VM-75,Stage1-0-0,0,0,0,0,0,0,0,0
1784138551515,unknown,VM-77,Stage2-3-0,0,0,0,0,0,0,0,0
1784138551557,unknown,VM-74,Stage1-2-0,0,0,0,0,0,0,0,0
1784138551557,unknown,VM-78,Stage3-2-0,0,0,0,0,0,0,0,0
1784138551572,unknown,VM-79,Stage3-1-0,0,0,0,0,0,0,0,0
1784138551583,unknown,VM-76,Stage2-1-0,0,0,0,0,0,0,0,0
1784138552432,unknown,VM-73,Stage1-1-0,0,0,0,0,0,0,0,0
1784138552448,unknown,VM-75,Stage1-0-0,0,0,0,0,0,0,0,0
1784138552515,unknown,VM-77,Stage2-3-0,0,0,0,0,0,0,0,0
1784138552557,unknown,VM-74,Stage1-2-0,0,0,0,0,0,0,0,0
1784138552557,unknown,VM-78,Stage3-2-0,0,0,0,0,0,0,0,0
1784138552572,unknown,VM-79,Stage3-1-0,0,0,0,0,0,0,0,0
1784138552583,unknown,VM-76,Stage2-1-0,0,0,0,0,0,0,0,0
1784138553432,unknown,VM-73,Stage1-1-0,0,0,0,0,0,0,0,0
1784138553448,unknown,VM-75,Stage1-0-0,0,0,0,0,0,0,0,0
1784138553515,unknown,VM-77,Stage2-3-0,0,0,0,0,0,0,0,0
1784138553557,unknown,VM-74,Stage1-2-0,0,0,0,0,0,0,0,0
1784138553557,unknown,VM-78,Stage3-2-0,0,0,0,0,0,0,0,0
1784138553572,unknown,VM-79,Stage3-1-0,0,0,0,0,0,0,0,0
1784138553583,unknown,VM-76,Stage2-1-0,0,0,0,0,0,0,0,0
1784138554432,unknown,VM-73,Stage1-1-0,0,0,0,0,0,0,0,0
1784138554448,unknown,VM-75,Stage1-0-0,0,0,0,0,0,0,0,0
1784138554515,unknown,VM-77,Stage2-3-0,0,0,0,0,0,0,0,0
1784138554557,unknown,VM-74,Stage1-2-0,0,0,0,0,0,0,0,0
1784138554557,unknown,VM-78,Stage3-2-0,0,0,0,0,0,0,0,0
1784138554572,unknown,VM-79,Stage3-1-0,0,0,0,0,0,0,0,0
1784138554583,unknown,VM-76,Stage2-1-0,0,0,0,0,0,0,0,0
1784138555432,unknown,VM-73,Stage1-1-0,0,0,0,0,0,0,0,0
1784138555448,unknown,VM-75,Stage1-0-0,0,0,0,0,0,0,0,0
1784138555515,unknown,VM-77,Stage2-3-0,0,0,0,0,0,0,0,0
1784138555557,unknown,VM-74,Stage1-2-0,0,0,0,0,0,0,0,0
1784138555557,unknown,VM-78,Stage3-2-0,0,0,0,0,0,0,0,0
1784138555572,unknown,VM-79,Stage3-1-0,0,0,0,0,0,0,0,0
1784138555583,unknown,VM-76,Stage2-1-0,0,0,0,0,0,0,0,0
1784138556432,unknown,VM-73,Stage1-1-0,0,0,0,0,0,0,0,0
1784138556448,unknown,VM-75,Stage1-0-0,0,0,0,0,0,0,0,0
1784138556515,unknown,VM-77,Stage2-3-0,0,0,0,0,0,0,0,0
1784138556557,unknown,VM-74,Stage1-2-0,0,0,0,0,0,0,0,0
1784138556557,unknown,VM-78,Stage3-2-0,0,0,0,0,0,0,0,0
1784138556572,unknown,VM-79,Stage3-1-0,0,0,0,0,0,0,0,0
1784138556583,unknown,VM-76,Stage2-1-0,0,0,0,0,0,0,0,0
1784138557432,unknown,VM-73,Stage1-1-0,0,0,0,0,0,0,0,0
1784138557448,unknown,VM-75,Stage1-0-0,0,0,0,0,0,0,0,0
1784138557515,unknown,VM-77,Stage2-3-0,0,0,0,0,0,0,0,0
1784138557557,unknown,VM-74,Stage1-2-0,0,0,0,0,0,0,0,0
1784138557557,unknown,VM-78,Stage3-2-0,0,0,0,0,0,0,0,0
1784138557572,unknown,VM-79,Stage3-1-0,0,0,0,0,0,0,0,0
1784138557583,unknown,VM-76,Stage2-1-0,0,0,0,0,0,0,0,0
1784138558432,unknown,VM-73,Stage1-1-0,0,0,0,0,0,0,0,0
1784138558448,unknown,VM-75,Stage1-0-0,0,0,0,0,0,0,0,0
1784138558515,unknown,VM-77,Stage2-3-0,0,0,0,0,0,0,0,0
1784138558557,unknown,VM-74,Stage1-2-0,0,0,0,0,0,0,0,0
1784138558557,unknown,VM-78,Stage3-2-0,0,0,0,0,0,0,0,0
1784138558572,unknown,VM-79,Stage3-1-0,0,0,0,0,0,0,0,0
1784138558583,unknown,VM-76,Stage2-1-0,0,0,0,0,0,0,0,0
1784138559432,unknown,VM-73,Stage1-1-0,0,0,0,0,0,0,0,0
1784138559448,unknown,VM-75,Stage1-0-0,0,0,0,0,0,0,0,0
1784138559515,unknown,VM-77,Stage2-3-0,0,0,0,0,0,0,0,0
1784138559557,unknown,VM-74,Stage1-2-0,0,0,0,0,0,0,0,0
1784138559557,unknown,VM-78,Stage3-2-0,0,0,0,0,0,0,0,0
1784138559572,unknown,VM-79,Stage3-1-0,0,0,0,0,0,0,0,0
1784138559583,unknown,VM-76,Stage2-1-0,0,0,0,0,0,0,0,0
1784138560432,unknown,VM-73,Stage1-1-0,0,0,0,0,0,0,0,0
1784138560448,unknown,VM-75,Stage1-0-0,0,0,0,0,0,0,0,0
1784138560515,unknown,VM-77,Stage2-3-0,0,0,0,0,0,0,0,0
1784138560557,unknown,VM-74,Stage1-2-0,0,0,0,0,0,0,0,0
1784138560557,unknown,VM-78,Stage3-2-0,0,0,0,0,0,0,0,0
1784138560572,unknown,VM-79,Stage3-1-0,0,0,0,0,0,0,0,0
1784138560583,unknown,VM-76,Stage2-1-0,0,0,0,0,0,0,0,0
1784138561432,unknown,VM-73,Stage1-1-0,0,0,0,0,0,0,0,0
1784138561448,unknown,VM-75,Stage1-0-0,0,0,0,0,0,0,0,0
1784138561515,unknown,VM-77,Stage2-3-0,0,0,0,0,0,0,0,0
1784138561557,unknown,VM-74,Stage1-2-0,0,0,0,0,0,0,0,0
1784138561557,unknown,VM-78,Stage3-2-0,0,0,0,0,0,0,0,0
1784138561572,unknown,VM-79,Stage3-1-0,0,0,0,0,0,0,0,0
1784138561583,unknown,VM-76,Stage2-1-0,0,0,0,0,0,0,0,0
1784138562432,unknown,VM-73,Stage1-1-0,0,0,0,0,0,0,0,0
1784138562448,unknown,VM-75,Stage1-0-0,0,0,0,0,0,0,0,0
1784138562515,unknown,VM-77,Stage2-3-0,0,0,0,0,0,0,0,0
1784138562557,unknown,VM-74,Stage1-2-0,0,0,0,0,0,0,0,0
1784138562557,unknown,VM-78,Stage3-2-0,0,0,0,0,0,0,0,0
1784138562572,unknown,VM-79,Stage3-1-0,0,0,0,0,0,0,0,0
1784138562583,unknown,VM-76,Stage2-1-0,0,0,0,0,0,0,0,0
1784138563432,unknown,VM-73,Stage1-1-0,0,0,0,0,0,0,0,0
1784138563448,unknown,VM-75,Stage1-0-0,0,0,0,0,0,0,0,0
1784138563515,unknown,VM-77,Stage2-3-0,0,0,0,0,0,0,0,0
1784138563557,unknown,VM-74,Stage1-2-0,0,0,0,0,0,0,0,0
1784138563557,unknown,VM-78,Stage3-2-0,0,0,0,0,0,0,0,0
1784138563572,unknown,VM-79,Stage3-1-0,0,0,0,0,0,0,0,0
1784138563583,unknown,VM-76,Stage2-1-0,0,0,0,0,0,0,0,0
1784138564432,unknown,VM-73,Stage1-1-0,0,0,0,0,0,0,0,0
1784138564448,unknown,VM-75,Stage1-0-0,0,0,0,0,0,0,0,0
1784138564515,unknown,VM-77,Stage2-3-0,0,0,0,0,0,0,0,0
1784138564557,unknown,VM-74,Stage1-2-0,0,0,0,0,0,0,0,0
1784138564557,unknown,VM-78,Stage3-2-0,0,0,0,0,0,0,0,0
1784138564572,unknown,VM-79,Stage3-1-0,0,0,0,0,0,0,0,0
1784138564583,unknown,VM-76,Stage2-1-0,0,0,0,0,0,0,0,0
1784138565432,unknown,VM-73,Stage1-1-0,0,0,0,0,0,0,0,0
1784138565448,unknown,VM-75,Stage1-0-0,0,0,0,0,0,0,0,0
1784138565515,unknown,VM-77,Stage2-3-0,0,0,0,0,0,0,0,0
1784138565557,unknown,VM-74,Stage1-2-0,0,0,0,0,0,0,0,0
1784138565557,unknown,VM-78,Stage3-2-0,0,0,0,0,0,0,0,0
1784138565572,unknown,VM-79,Stage3-1-0,0,0,0,0,0,0,0,0
1784138565583,unknown,VM-76,Stage2-1-0,0,0,0,0,0,0,0,0
1784138566432,unknown,VM-73,Stage1-1-0,0,0,0,0,0,0,0,0
1784138566448,unknown,VM-75,Stage1-0-0,0,0,0,0,0,0,0,0
1784138566515,unknown,VM-77,Stage2-3-0,0,0,0,0,0,0,0,0
1784138566557,unknown,VM-74,Stage1-2-0,0,0,0,0,0,0,0,0
1784138566557,unknown,VM-78,Stage3-2-0,0,0,0,0,0,0,0,0
1784138566572,unknown,VM-79,Stage3-1-0,0,0,0,0,0,0,0,0
1784138566583,unknown,VM-76,Stage2-1-0,0,0,0,0,0,0,0,0
1784138567433,unknown,VM-73,Stage1-1-0,0,0,0,0,0,0,0,0
1784138567448,unknown,VM-75,Stage1-0-0,0,0,0,0,0,0,0,0
1784138567515,unknown,VM-77,Stage2-3-0,0,0,0,0,0,0,0,0
1784138567557,unknown,VM-78,Stage3-2-0,0,0,0,0,0,0,0,0
1784138567557,unknown,VM-74,Stage1-2-0,0,0,0,0,0,0,0,0
1784138567572,unknown,VM-79,Stage3-1-0,0,0,0,0,0,0,0,0
1784138567583,unknown,VM-76,Stage2-1-0,0,0,0,0,0,0,0,0
1784138568432,unknown,VM-73,Stage1-1-0,0,0,0,0,0,0,0,0
1784138568448,unknown,VM-75,Stage1-0-0,0,0,0,0,0,0,0,0
1784138568515,unknown,VM-77,Stage2-3-0,0,0,0,0,0,0,0,0
1784138568557,unknown,VM-74,Stage1-2-0,0,0,0,0,0,0,0,0
1784138568557,unknown,VM-78,Stage3-2-0,0,0,0,0,0,0,0,0
1784138568572,unknown,VM-79,Stage3-1-0,0,0,0,0,0,0,0,0
1784138568583,unknown,VM-76,Stage2-1-0,0,0,0,0,0,0,0,0
1784138569432,unknown,VM-73,Stage1-1-0,0,0,0,0,0,0,0,0
1784138569448,unknown,VM-75,Stage1-0-0,0,0,0,0,0,0,0,0
1784138569515,unknown,VM-77,Stage2-3-0,0,0,0,0,0,0,0,0
1784138569557,unknown,VM-74,Stage1-2-0,0,0,0,0,0,0,0,0
1784138569557,unknown,VM-78,Stage3-2-0,0,0,0,0,0,0,0,0
1784138569572,unknown,VM-79,Stage3-1-0,0,0,0,0,0,0,0,0
1784138569583,unknown,VM-76,Stage2-1-0,0,0,0,0,0,0,0,0
1784138570432,unknown,VM-73,Stage1-1-0,0,0,0,0,0,0,0,0
1784138570448,unknown,VM-75,Stage1-0-0,0,0,0,0,0,0,0,0
1784138570515,unknown,VM-77,Stage2-3-0,0,0,0,0,0,0,0,0
1784138570557,unknown,VM-74,Stage1-2-0,0,0,0,0,0,0,0,0
1784138570557,unknown,VM-78,Stage3-2-0,0,0,0,0,0,0,0,0
1784138570572,unknown,VM-79,Stage3-1-0,0,0,0,0,0,0,0,0
1784138570583,unknown,VM-76,Stage2-1-0,0,0,0,0,0,0,0,0
1784138571432,unknown,VM-73,Stage1-1-0,0,0,0,0,0,0,0,0
1784138571448,unknown,VM-75,Stage1-0-0,0,0,0,0,0,0,0,0
1784138571515,unknown,VM-77,Stage2-3-0,0,0,0,0,0,0,0,0
1784138571557,unknown,VM-74,Stage1-2-0,0,0,0,0,0,0,0,0
1784138571557,unknown,VM-78,Stage3-2-0,0,0,0,0,0,0,0,0
1784138571572,unknown,VM-79,Stage3-1-0,0,0,0,0,0,0,0,0
1784138571583,unknown,VM-76,Stage2-1-0,0,0,0,0,0,0,0,0
1784138572433,unknown,VM-73,Stage1-1-0,0,0,0,0,0,0,0,0
1784138572448,unknown,VM-75,Stage1-0-0,0,0,0,0,0,0,0,0
1784138572515,unknown,VM-77,Stage2-3-0,0,0,0,0,0,0,0,0
1784138572557,unknown,VM-74,Stage1-2-0,0,0,0,0,0,0,0,0
1784138572558,unknown,VM-78,Stage3-2-0,0,0,0,0,0,0,0,0
1784138572572,unknown,VM-79,Stage3-1-0,0,0,0,0,0,0,0,0
1784138572583,unknown,VM-76,Stage2-1-0,0,0,0,0,0,0,0,0
1784138573432,unknown,VM-73,Stage1-1-0,0,0,0,0,0,0,0,0
1784138573448,unknown,VM-75,Stage1-0-0,0,0,0,0,0,0,0,0
1784138573515,unknown,VM-77,Stage2-3-0,0,0,0,0,0,0,0,0
1784138573557,unknown,VM-74,Stage1-2-0,0,0,0,0,0,0,0,0
1784138573557,unknown,VM-78,Stage3-2-0,0,0,0,0,0,0,0,0
1784138573572,unknown,VM-79,Stage3-1-0,0,0,0,0,0,0,0,0
1784138573583,unknown,VM-76,Stage2-1-0,0,0,0,0,0,0,0,0
1784138574432,unknown,VM-73,Stage1-1-0,0,0,0,0,0,0,0,0
1784138574448,unknown,VM-75,Stage1-0-0,0,0,0,0,0,0,0,0
1784138574515,unknown,VM-77,Stage2-3-0,0,0,0,0,0,0,0,0
1784138574557,unknown,VM-74,Stage1-2-0,0,0,0,0,0,0,0,0
1784138574557,unknown,VM-78,Stage3-2-0,0,0,0,0,0,0,0,0
1784138574572,unknown,VM-79,Stage3-1-0,0,0,0,0,0,0,0,0
1784138574583,unknown,VM-76,Stage2-1-0,0,0,0,0,0,0,0,0
1784138575432,unknown,VM-73,Stage1-1-0,0,0,0,0,0,0,0,0
1784138575448,unknown,VM-75,Stage1-0-0,0,0,0,0,0,0,0,0
1784138575515,unknown,VM-77,Stage2-3-0,0,0,0,0,0,0,0,0
1784138575557,unknown,VM-74,Stage1-2-0,0,0,0,0,0,0,0,0
1784138575557,unknown,VM-78,Stage3-2-0,0,0,0,0,0,0,0,0
1784138575572,unknown,VM-79,Stage3-1-0,0,0,0,0,0,0,0,0
1784138575583,unknown,VM-76,Stage2-1-0,0,0,0,0,0,0,0,0
1784138576432,unknown,VM-73,Stage1-1-0,0,0,0,0,0,0,0,0
1784138576448,unknown,VM-75,Stage1-0-0,0,0,0,0,0,0,0,0
1784138576515,unknown,VM-77,Stage2-3-0,0,0,0,0,0,0,0,0
1784138576557,unknown,VM-74,Stage1-2-0,0,0,0,0,0,0,0,0
1784138576557,unknown,VM-78,Stage3-2-0,0,0,0,0,0,0,0,0
1784138576572,unknown,VM-79,Stage3-1-0,0,0,0,0,0,0,0,0
1784138576583,unknown,VM-76,Stage2-1-0,0,0,0,0,0,0,0,0
1784138577432,unknown,VM-73,Stage1-1-0,0,0,0,0,0,0,0,0
1784138577448,unknown,VM-75,Stage1-0-0,0,0,0,0,0,0,0,0
1784138577515,unknown,VM-77,Stage2-3-0,0,0,0,0,0,0,0,0
1784138577557,unknown,VM-74,Stage1-2-0,0,0,0,0,0,0,0,0
1784138577557,unknown,VM-78,Stage3-2-0,0,0,0,0,0,0,0,0
1784138577572,unknown,VM-79,Stage3-1-0,0,0,0,0,0,0,0,0
1784138577583,unknown,VM-76,Stage2-1-0,0,0,0,0,0,0,0,0
1784138578432,unknown,VM-73,Stage1-1-0,0,0,0,0,0,0,0,0
1784138578448,unknown,VM-75,Stage1-0-0,0,0,0,0,0,0,0,0
1784138578515,unknown,VM-77,Stage2-3-0,0,0,0,0,0,0,0,0
1784138578557,unknown,VM-74,Stage1-2-0,0,0,0,0,0,0,0,0
1784138578557,unknown,VM-78,Stage3-2-0,0,0,0,0,0,0,0,0
1784138578572,unknown,VM-79,Stage3-1-0,0,0,0,0,0,0,0,0
1784138578583,unknown,VM-76,Stage2-1-0,0,0,0,0,0,0,0,0
1784138579432,unknown,VM-73,Stage1-1-0,0,0,0,0,0,0,0,0
1784138579448,unknown,VM-75,Stage1-0-0,0,0,0,0,0,0,0,0
1784138579515,unknown,VM-77,Stage2-3-0,0,0,0,0,0,0,0,0
1784138579557,unknown,VM-74,Stage1-2-0,0,0,0,0,0,0,0,0
1784138579557,unknown,VM-78,Stage3-2-0,0,0,0,0,0,0,0,0
1784138579572,unknown,VM-79,Stage3-1-0,0,0,0,0,0,0,0,0
1784138579583,unknown,VM-76,Stage2-1-0,0,0,0,0,0,0,0,0
1784138580432,unknown,VM-73,Stage1-1-0,0,0,0,0,0,0,0,0
1784138580448,unknown,VM-75,Stage1-0-0,0,0,0,0,0,0,0,0
1784138580515,unknown,VM-77,Stage2-3-0,0,0,0,0,0,0,0,0
1784138580557,unknown,VM-74,Stage1-2-0,0,0,0,0,0,0,0,0
1784138580557,unknown,VM-78,Stage3-2-0,0,0,0,0,0,0,0,0
1784138580572,unknown,VM-79,Stage3-1-0,0,0,0,0,0,0,0,0
1784138580583,unknown,VM-76,Stage2-1-0,0,0,0,0,0,0,0,0
1784138581432,unknown,VM-73,Stage1-1-0,0,0,0,0,0,0,0,0
1784138581448,unknown,VM-75,Stage1-0-0,0,0,0,0,0,0,0,0
1784138581515,unknown,VM-77,Stage2-3-0,0,0,0,0,0,0,0,0
1784138581557,unknown,VM-74,Stage1-2-0,0,0,0,0,0,0,0,0
1784138581557,unknown,VM-78,Stage3-2-0,0,0,0,0,0,0,0,0
1784138581572,unknown,VM-79,Stage3-1-0,0,0,0,0,0,0,0,0
1784138581583,unknown,VM-76,Stage2-1-0,0,0,0,0,0,0,0,0
1784138582432,unknown,VM-73,Stage1-1-0,0,0,0,0,0,0,0,0
1784138582448,unknown,VM-75,Stage1-0-0,0,0,0,0,0,0,0,0
1784138582515,unknown,VM-77,Stage2-3-0,0,0,0,0,0,0,0,0
1784138582557,unknown,VM-74,Stage1-2-0,0,0,0,0,0,0,0,0
1784138582557,unknown,VM-78,Stage3-2-0,0,0,0,0,0,0,0,0
1784138582572,unknown,VM-79,Stage3-1-0,0,0,0,0,0,0,0,0
1784138582583,unknown,VM-76,Stage2-1-0,0,0,0,0,0,0,0,0
1784138583432,unknown,VM-73,Stage1-1-0,0,0,0,0,0,0,0,0
1784138583448,unknown,VM-75,Stage1-0-0,0,0,0,0,0,0,0,0
1784138583515,unknown,VM-77,Stage2-3-0,0,0,0,0,0,0,0,0
1784138583557,unknown,VM-74,Stage1-2-0,0,0,0,0,0,0,0,0
1784138583557,unknown,VM-78,Stage3-2-0,0,0,0,0,0,0,0,0
1784138583572,unknown,VM-79,Stage3-1-0,0,0,0,0,0,0,0,0
1784138583583,unknown,VM-76,Stage2-1-0,0,0,0,0,0,0,0,0
1784138584432,unknown,VM-73,Stage1-1-0,0,0,0,0,0,0,0,0
1784138584448,unknown,VM-75,Stage1-0-0,0,0,0,0,0,0,0,0
1784138584515,unknown,VM-77,Stage2-3-0,0,0,0,0,0,0,0,0
1784138584557,unknown,VM-74,Stage1-2-0,0,0,0,0,0,0,0,0
1784138584557,unknown,VM-78,Stage3-2-0,0,0,0,0,0,0,0,0
1784138584573,unknown,VM-79,Stage3-1-0,0,0,0,0,0,0,0,0
1784138584583,unknown,VM-76,Stage2-1-0,0,0,0,0,0,0,0,0
1784138585433,unknown,VM-73,Stage1-1-0,0,0,0,0,0,0,0,0
1784138585448,unknown,VM-75,Stage1-0-0,0,0,0,0,0,0,0,0
1784138585515,unknown,VM-77,Stage2-3-0,0,0,0,0,0,0,0,0
1784138585557,unknown,VM-74,Stage1-2-0,0,0,0,0,0,0,0,0
1784138585557,unknown,VM-78,Stage3-2-0,0,0,0,0,0,0,0,0
1784138585572,unknown,VM-79,Stage3-1-0,0,0,0,0,0,0,0,0
1784138585583,unknown,VM-76,Stage2-1-0,0,0,0,0,0,0,0,0
1784138586433,unknown,VM-73,Stage1-1-0,0,0,0,0,0,0,0,0
1784138586448,unknown,VM-75,Stage1-0-0,0,0,0,0,0,0,0,0
1784138586515,unknown,VM-77,Stage2-3-0,0,0,0,0,0,0,0,0
1784138586557,unknown,VM-74,Stage1-2-0,0,0,0,0,0,0,0,0
1784138586557,unknown,VM-78,Stage3-2-0,0,0,0,0,0,0,0,0
1784138586572,unknown,VM-79,Stage3-1-0,0,0,0,0,0,0,0,0
1784138586583,unknown,VM-76,Stage2-1-0,0,0,0,0,0,0,0,0
1784138587432,unknown,VM-73,Stage1-1-0,0,0,0,0,0,0,0,0
1784138587448,unknown,VM-75,Stage1-0-0,0,0,0,0,0,0,0,0
1784138587515,unknown,VM-77,Stage2-3-0,0,0,0,0,0,0,0,0
1784138587557,unknown,VM-74,Stage1-2-0,0,0,0,0,0,0,0,0
1784138587557,unknown,VM-78,Stage3-2-0,0,0,0,0,0,0,0,0
1784138587572,unknown,VM-79,Stage3-1-0,0,0,0,0,0,0,0,0
1784138587583,unknown,VM-76,Stage2-1-0,0,0,0,0,0,0,0,0
1784138588432,unknown,VM-73,Stage1-1-0,0,0,0,0,0,0,0,0
1784138588448,unknown,VM-75,Stage1-0-0,0,0,0,0,0,0,0,0
1784138588515,unknown,VM-77,Stage2-3-0,0,0,0,0,0,0,0,0
1784138588557,unknown,VM-74,Stage1-2-0,0,0,0,0,0,0,0,0
1784138588557,unknown,VM-78,Stage3-2-0,0,0,0,0,0,0,0,0
1784138588572,unknown,VM-79,Stage3-1-0,0,0,0,0,0,0,0,0
1784138588583,unknown,VM-76,Stage2-1-0,0,0,0,0,0,0,0,0
1784138589432,unknown,VM-73,Stage1-1-0,0,0,0,0,0,0,0,0
1784138589448,unknown,VM-75,Stage1-0-0,0,0,0,0,0,0,0,0
1784138589515,unknown,VM-77,Stage2-3-0,0,0,0,0,0,0,0,0
1784138589557,unknown,VM-74,Stage1-2-0,0,0,0,0,0,0,0,0
1784138589557,unknown,VM-78,Stage3-2-0,0,0,0,0,0,0,0,0
1784138589572,unknown,VM-79,Stage3-1-0,0,0,0,0,0,0,0,0
1784138589583,unknown,VM-76,Stage2-1-0,0,0,0,0,0,0,0,0
1784138590432,unknown,VM-73,Stage1-1-0,0,0,0,0,0,0,0,0
1784138590448,unknown,VM-75,Stage1-0-0,0,0,0,0,0,0,0,0
1784138590515,unknown,VM-77,Stage2-3-0,0,0,0,0,0,0,0,0
1784138590557,unknown,VM-74,Stage1-2-0,0,0,0,0,0,0,0,0
1784138590557,unknown,VM-78,Stage3-2-0,0,0,0,0,0,0,0,0
1784138590572,unknown,VM-79,Stage3-1-0,0,0,0,0,0,0,0,0
1784138590583,unknown,VM-76,Stage2-1-0,0,0,0,0,0,0,0,0
1784138591432,unknown,VM-73,Stage1-1-0,0,0,0,0,0,0,0,0
1784138591448,unknown,VM-75,Stage1-0-0,0,0,0,0,0,0,0,0
1784138591515,unknown,VM-77,Stage2-3-0,0,0,0,0,0,0,0,0
1784138591557,unknown,VM-78,Stage3-2-0,0,0,0,0,0,0,0,0
1784138591557,unknown,VM-74,Stage1-2-0,0,0,0,0,0,0,0,0
1784138591572,unknown,VM-79,Stage3-1-0,0,0,0,0,0,0,0,0
1784138591583,unknown,VM-76,Stage2-1-0,0,0,0,0,0,0,0,0
1784138592432,unknown,VM-73,Stage1-1-0,0,0,0,0,0,0,0,0
1784138592448,unknown,VM-75,Stage1-0-0,0,0,0,0,0,0,0,0
1784138592515,unknown,VM-77,Stage2-3-0,0,0,0,0,0,0,0,0
1784138592557,unknown,VM-74,Stage1-2-0,0,0,0,0,0,0,0,0
1784138592557,unknown,VM-78,Stage3-2-0,0,0,0,0,0,0,0,0
1784138592572,unknown,VM-79,Stage3-1-0,0,0,0,0,0,0,0,0
1784138592583,unknown,VM-76,Stage2-1-0,0,0,0,0,0,0,0,0
1784138593432,unknown,VM-73,Stage1-1-0,0,0,0,0,0,0,0,0
1784138593448,unknown,VM-75,Stage1-0-0,0,0,0,0,0,0,0,0
1784138593515,unknown,VM-77,Stage2-3-0,0,0,0,0,0,0,0,0
1784138593557,unknown,VM-78,Stage3-2-0,0,0,0,0,0,0,0,0
1784138593557,unknown,VM-74,Stage1-2-0,0,0,0,0,0,0,0,0
1784138593572,unknown,VM-79,Stage3-1-0,0,0,0,0,0,0,0,0
1784138593583,unknown,VM-76,Stage2-1-0,0,0,0,0,0,0,0,0
1784138594432,unknown,VM-73,Stage1-1-0,0,0,0,0,0,0,0,0
1784138594448,unknown,VM-75,Stage1-0-0,0,0,0,0,0,0,0,0
1784138594515,unknown,VM-77,Stage2-3-0,0,0,0,0,0,0,0,0
1784138594557,unknown,VM-74,Stage1-2-0,0,0,0,0,0,0,0,0
1784138594557,unknown,VM-78,Stage3-2-0,0,0,0,0,0,0,0,0
1784138594572,unknown,VM-79,Stage3-1-0,0,0,0,0,0,0,0,0
1784138594583,unknown,VM-76,Stage2-1-0,0,0,0,0,0,0,0,0
1784138595432,unknown,VM-73,Stage1-1-0,0,0,0,0,0,0,0,0
1784138595448,unknown,VM-75,Stage1-0-0,0,0,0,0,0,0,0,0
1784138595515,unknown,VM-77,Stage2-3-0,0,0,0,0,0,0,0,0
1784138595557,unknown,VM-74,Stage1-2-0,0,0,0,0,0,0,0,0
1784138595557,unknown,VM-78,Stage3-2-0,0,0,0,0,0,0,0,0
1784138595572,unknown,VM-79,Stage3-1-0,0,0,0,0,0,0,0,0
1784138595583,unknown,VM-76,Stage2-1-0,0,0,0,0,0,0,0,0
1784138596432,unknown,VM-73,Stage1-1-0,0,0,0,0,0,0,0,0
1784138596448,unknown,VM-75,Stage1-0-0,0,0,0,0,0,0,0,0
1784138596515,unknown,VM-77,Stage2-3-0,0,0,0,0,0,0,0,0
1784138596557,unknown,VM-74,Stage1-2-0,0,0,0,0,0,0,0,0
1784138596557,unknown,VM-78,Stage3-2-0,0,0,0,0,0,0,0,0
1784138596573,unknown,VM-79,Stage3-1-0,0,0,0,0,0,0,0,0
1784138596583,unknown,VM-76,Stage2-1-0,0,0,0,0,0,0,0,0
1784138597432,unknown,VM-73,Stage1-1-0,0,0,0,0,0,0,0,0
1784138597448,unknown,VM-75,Stage1-0-0,0,0,0,0,0,0,0,0
1784138597515,unknown,VM-77,Stage2-3-0,0,0,0,0,0,0,0,0
1784138597557,unknown,VM-74,Stage1-2-0,0,0,0,0,0,0,0,0
1784138597557,unknown,VM-78,Stage3-2-0,0,0,0,0,0,0,0,0
1784138597572,unknown,VM-79,Stage3-1-0,0,0,0,0,0,0,0,0
1784138597583,unknown,VM-76,Stage2-1-0,0,0,0,0,0,0,0,0
1784138598432,unknown,VM-73,Stage1-1-0,0,0,0,0,0,0,0,0
1784138598448,unknown,VM-75,Stage1-0-0,0,0,0,0,0,0,0,0
1784138598515,unknown,VM-77,Stage2-3-0,0,0,0,0,0,0,0,0
1784138598557,unknown,VM-74,Stage1-2-0,0,0,0,0,0,0,0,0
1784138598557,unknown,VM-78,Stage3-2-0,0,0,0,0,0,0,0,0
1784138598572,unknown,VM-79,Stage3-1-0,0,0,0,0,0,0,0,0
1784138598583,unknown,VM-76,Stage2-1-0,0,0,0,0,0,0,0,0
1784138599432,unknown,VM-73,Stage1-1-0,0,0,0,0,0,0,0,0
1784138599448,unknown,VM-75,Stage1-0-0,0,0,0,0,0,0,0,0
1784138599515,unknown,VM-77,Stage2-3-0,0,0,0,0,0,0,0,0
1784138599557,unknown,VM-74,Stage1-2-0,0,0,0,0,0,0,0,0
1784138599557,unknown,VM-78,Stage3-2-0,0,0,0,0,0,0,0,0
1784138599572,unknown,VM-79,Stage3-1-0,0,0,0,0,0,0,0,0
1784138599583,unknown,VM-76,Stage2-1-0,0,0,0,0,0,0,0,0
1784138600432,unknown,VM-73,Stage1-1-0,0,0,0,0,0,0,0,0
1784138600448,unknown,VM-75,Stage1-0-0,0,0,0,0,0,0,0,0
1784138600515,unknown,VM-77,Stage2-3-0,0,0,0,0,0,0,0,0
1784138600557,unknown,VM-74,Stage1-2-0,0,0,0,0,0,0,0,0
1784138600557,unknown,VM-78,Stage3-2-0,0,0,0,0,0,0,0,0
1784138600573,unknown,VM-79,Stage3-1-0,0,0,0,0,0,0,0,0
1784138600583,unknown,VM-76,Stage2-1-0,0,0,0,0,0,0,0,0
1784138601432,unknown,VM-73,Stage1-1-0,0,0,0,0,0,0,0,0
1784138601448,unknown,VM-75,Stage1-0-0,0,0,0,0,0,0,0,0
1784138601515,unknown,VM-77,Stage2-3-0,0,0,0,0,0,0,0,0
1784138601557,unknown,VM-74,Stage1-2-0,0,0,0,0,0,0,0,0
1784138601557,unknown,VM-78,Stage3-2-0,0,0,0,0,0,0,0,0
1784138601572,unknown,VM-79,Stage3-1-0,0,0,0,0,0,0,0,0
1784138601583,unknown,VM-76,Stage2-1-0,0,0,0,0,0,0,0,0
1784138602432,unknown,VM-73,Stage1-1-0,0,0,0,0,0,0,0,0
1784138602448,unknown,VM-75,Stage1-0-0,0,0,0,0,0,0,0,0
1784138602515,unknown,VM-77,Stage2-3-0,0,0,0,0,0,0,0,0
1784138602557,unknown,VM-74,Stage1-2-0,0,0,0,0,0,0,0,0
1784138602557,unknown,VM-78,Stage3-2-0,0,0,0,0,0,0,0,0
1784138602572,unknown,VM-79,Stage3-1-0,0,0,0,0,0,0,0,0
1784138602583,unknown,VM-76,Stage2-1-0,0,0,0,0,0,0,0,0
1784138603433,unknown,VM-73,Stage1-1-0,0,0,0,0,0,0,0,0
1784138603448,unknown,VM-75,Stage1-0-0,0,0,0,0,0,0,0,0
1784138603515,unknown,VM-77,Stage2-3-0,0,0,0,0,0,0,0,0
1784138603557,unknown,VM-74,Stage1-2-0,0,0,0,0,0,0,0,0
1784138603557,unknown,VM-78,Stage3-2-0,0,0,0,0,0,0,0,0
1784138603572,unknown,VM-79,Stage3-1-0,0,0,0,0,0,0,0,0
1784138603583,unknown,VM-76,Stage2-1-0,0,0,0,0,0,0,0,0
1784138604432,unknown,VM-73,Stage1-1-0,0,0,0,0,0,0,0,0
1784138604448,unknown,VM-75,Stage1-0-0,0,0,0,0,0,0,0,0
1784138604515,unknown,VM-77,Stage2-3-0,0,0,0,0,0,0,0,0
1784138604557,unknown,VM-74,Stage1-2-0,0,0,0,0,0,0,0,0
1784138604557,unknown,VM-78,Stage3-2-0,0,0,0,0,0,0,0,0
1784138604572,unknown,VM-79,Stage3-1-0,0,0,0,0,0,0,0,0
1784138604583,unknown,VM-76,Stage2-1-0,0,0,0,0,0,0,0,0
1784138605432,unknown,VM-73,Stage1-1-0,0,0,0,0,0,0,0,0
1784138605448,unknown,VM-75,Stage1-0-0,0,0,0,0,0,0,0,0
1784138605515,unknown,VM-77,Stage2-3-0,0,0,0,0,0,0,0,0
1784138605557,unknown,VM-74,Stage1-2-0,0,0,0,0,0,0,0,0
1784138605557,unknown,VM-78,Stage3-2-0,0,0,0,0,0,0,0,0
1784138605572,unknown,VM-79,Stage3-1-0,0,0,0,0,0,0,0,0
1784138605583,unknown,VM-76,Stage2-1-0,0,0,0,0,0,0,0,0
1784138606432,unknown,VM-73,Stage1-1-0,0,0,0,0,0,0,0,0
1784138606448,unknown,VM-75,Stage1-0-0,0,0,0,0,0,0,0,0
1784138606515,unknown,VM-77,Stage2-3-0,0,0,0,0,0,0,0,0
1784138606557,unknown,VM-74,Stage1-2-0,0,0,0,0,0,0,0,0
1784138606557,unknown,VM-78,Stage3-2-0,0,0,0,0,0,0,0,0
1784138606572,unknown,VM-79,Stage3-1-0,0,0,0,0,0,0,0,0
1784138606583,unknown,VM-76,Stage2-1-0,0,0,0,0,0,0,0,0
1784138607432,unknown,VM-73,Stage1-1-0,0,0,0,0,0,0,0,0
1784138607448,unknown,VM-75,Stage1-0-0,0,0,0,0,0,0,0,0
1784138607515,unknown,VM-77,Stage2-3-0,0,0,0,0,0,0,0,0
1784138607557,unknown,VM-74,Stage1-2-0,0,0,0,0,0,0,0,0
1784138607557,unknown,VM-78,Stage3-2-0,0,0,0,0,0,0,0,0
1784138607572,unknown,VM-79,Stage3-1-0,0,0,0,0,0,0,0,0
1784138607583,unknown,VM-76,Stage2-1-0,0,0,0,0,0,0,0,0
1784138608432,unknown,VM-73,Stage1-1-0,0,0,0,0,0,0,0,0
1784138608448,unknown,VM-75,Stage1-0-0,0,0,0,0,0,0,0,0
1784138608515,unknown,VM-77,Stage2-3-0,0,0,0,0,0,0,0,0
1784138608557,unknown,VM-74,Stage1-2-0,0,0,0,0,0,0,0,0
1784138608557,unknown,VM-78,Stage3-2-0,0,0,0,0,0,0,0,0
1784138608572,unknown,VM-79,Stage3-1-0,0,0,0,0,0,0,0,0
1784138608583,unknown,VM-76,Stage2-1-0,0,0,0,0,0,0,0,0
1784138609432,unknown,VM-73,Stage1-1-0,0,0,0,0,0,0,0,0
1784138609448,unknown,VM-75,Stage1-0-0,0,0,0,0,0,0,0,0
1784138609515,unknown,VM-77,Stage2-3-0,0,0,0,0,0,0,0,0
1784138609557,unknown,VM-74,Stage1-2-0,0,0,0,0,0,0,0,0
1784138609557,unknown,VM-78,Stage3-2-0,0,0,0,0,0,0,0,0
1784138609572,unknown,VM-79,Stage3-1-0,0,0,0,0,0,0,0,0
1784138609583,unknown,VM-76,Stage2-1-0,0,0,0,0,0,0,0,0
1784138610432,unknown,VM-73,Stage1-1-0,0,0,0,0,0,0,0,0
1784138610448,unknown,VM-75,Stage1-0-0,0,0,0,0,0,0,0,0
1784138610515,unknown,VM-77,Stage2-3-0,0,0,0,0,0,0,0,0
1784138610557,unknown,VM-74,Stage1-2-0,0,0,0,0,0,0,0,0
1784138610557,unknown,VM-78,Stage3-2-0,0,0,0,0,0,0,0,0
1784138610572,unknown,VM-79,Stage3-1-0,0,0,0,0,0,0,0,0
1784138610583,unknown,VM-76,Stage2-1-0,0,0,0,0,0,0,0,0
1784138611433,unknown,VM-73,Stage1-1-0,0,0,0,0,0,0,0,0
1784138611448,unknown,VM-75,Stage1-0-0,0,0,0,0,0,0,0,0
1784138611515,unknown,VM-77,Stage2-3-0,0,0,0,0,0,0,0,0
1784138611557,unknown,VM-74,Stage1-2-0,0,0,0,0,0,0,0,0
1784138611557,unknown,VM-78,Stage3-2-0,0,0,0,0,0,0,0,0
1784138611572,unknown,VM-79,Stage3-1-0,0,0,0,0,0,0,0,0
1784138611583,unknown,VM-76,Stage2-1-0,0,0,0,0,0,0,0,0
1784138612432,unknown,VM-73,Stage1-1-0,0,0,0,0,0,0,0,0
1784138612448,unknown,VM-75,Stage1-0-0,0,0,0,0,0,0,0,0
1784138612515,unknown,VM-77,Stage2-3-0,0,0,0,0,0,0,0,0
1784138612557,unknown,VM-74,Stage1-2-0,0,0,0,0,0,0,0,0
1784138612557,unknown,VM-78,Stage3-2-0,0,0,0,0,0,0,0,0
1784138612572,unknown,VM-79,Stage3-1-0,0,0,0,0,0,0,0,0
1784138612583,unknown,VM-76,Stage2-1-0,0,0,0,0,0,0,0,0
1784138613432,unknown,VM-73,Stage1-1-0,0,0,0,0,0,0,0,0
1784138613449,unknown,VM-75,Stage1-0-0,0,0,0,0,0,0,0,0
1784138613515,unknown,VM-77,Stage2-3-0,0,0,0,0,0,0,0,0
1784138613557,unknown,VM-74,Stage1-2-0,0,0,0,0,0,0,0,0
1784138613557,unknown,VM-78,Stage3-2-0,0,0,0,0,0,0,0,0
1784138613572,unknown,VM-79,Stage3-1-0,0,0,0,0,0,0,0,0
1784138613583,unknown,VM-76,Stage2-1-0,0,0,0,0,0,0,0,0
1784138614432,unknown,VM-73,Stage1-1-0,0,0,0,0,0,0,0,0
1784138614448,unknown,VM-75,Stage1-0-0,0,0,0,0,0,0,0,0
1784138614515,unknown,VM-77,Stage2-3-0,0,0,0,0,0,0,0,0
1784138614557,unknown,VM-74,Stage1-2-0,0,0,0,0,0,0,0,0
1784138614557,unknown,VM-78,Stage3-2-0,0,0,0,0,0,0,0,0
1784138614572,unknown,VM-79,Stage3-1-0,0,0,0,0,0,0,0,0
1784138614583,unknown,VM-76,Stage2-1-0,0,0,0,0,0,0,0,0
1784138615432,unknown,VM-73,Stage1-1-0,0,0,0,0,0,0,0,0
1784138615448,unknown,VM-75,Stage1-0-0,0,0,0,0,0,0,0,0
1784138615515,unknown,VM-77,Stage2-3-0,0,0,0,0,0,0,0,0
1784138615557,unknown,VM-74,Stage1-2-0,0,0,0,0,0,0,0,0
1784138615557,unknown,VM-78,Stage3-2-0,0,0,0,0,0,0,0,0
1784138615573,unknown,VM-79,Stage3-1-0,0,0,0,0,0,0,0,0
1784138615583,unknown,VM-76,Stage2-1-0,0,0,0,0,0,0,0,0
1784138616433,unknown,VM-73,Stage1-1-0,0,0,0,0,0,0,0,0
1784138616448,unknown,VM-75,Stage1-0-0,0,0,0,0,0,0,0,0
1784138616515,unknown,VM-77,Stage2-3-0,0,0,0,0,0,0,0,0
1784138616557,unknown,VM-74,Stage1-2-0,0,0,0,0,0,0,0,0
1784138616557,unknown,VM-78,Stage3-2-0,0,0,0,0,0,0,0,0
1784138616572,unknown,VM-79,Stage3-1-0,0,0,0,0,0,0,0,0
1784138616583,unknown,VM-76,Stage2-1-0,0,0,0,0,0,0,0,0
1784138617432,unknown,VM-73,Stage1-1-0,0,0,0,0,0,0,0,0
1784138617448,unknown,VM-75,Stage1-0-0,0,0,0,0,0,0,0,0
1784138617515,unknown,VM-77,Stage2-3-0,0,0,0,0,0,0,0,0
1784138617557,unknown,VM-74,Stage1-2-0,0,0,0,0,0,0,0,0
1784138617557,unknown,VM-78,Stage3-2-0,0,0,0,0,0,0,0,0
1784138617572,unknown,VM-79,Stage3-1-0,0,0,0,0,0,0,0,0
1784138617583,unknown,VM-76,Stage2-1-0,0,0,0,0,0,0,0,0
1784138618432,unknown,VM-73,Stage1-1-0,0,0,0,0,0,0,0,0
1784138618448,unknown,VM-75,Stage1-0-0,0,0,0,0,0,0,0,0
1784138618515,unknown,VM-77,Stage2-3-0,0,0,0,0,0,0,0,0
1784138618557,unknown,VM-74,Stage1-2-0,0,0,0,0,0,0,0,0
1784138618557,unknown,VM-78,Stage3-2-0,0,0,0,0,0,0,0,0
1784138618572,unknown,VM-79,Stage3-1-0,0,0,0,0,0,0,0,0
1784138618583,unknown,VM-76,Stage2-1-0,0,0,0,0,0,0,0,0
1784138619432,unknown,VM-73,Stage1-1-0,0,0,0,0,0,0,0,0
1784138619448,unknown,VM-75,Stage1-0-0,0,0,0,0,0,0,0,0
1784138619515,unknown,VM-77,Stage2-3-0,0,0,0,0,0,0,0,0
1784138619557,unknown,VM-74,Stage1-2-0,0,0,0,0,0,0,0,0
1784138619557,unknown,VM-78,Stage3-2-0,0,0,0,0,0,0,0,0
1784138619572,unknown,VM-79,Stage3-1-0,0,0,0,0,0,0,0,0
1784138619583,unknown,VM-76,Stage2-1-0,0,0,0,0,0,0,0,0
1784138620433,unknown,VM-73,Stage1-1-0,0,0,0,0,0,0,0,0
1784138620448,unknown,VM-75,Stage1-0-0,0,0,0,0,0,0,0,0
1784138620515,unknown,VM-77,Stage2-3-0,0,0,0,0,0,0,0,0
1784138620557,unknown,VM-74,Stage1-2-0,0,0,0,0,0,0,0,0
1784138620557,unknown,VM-78,Stage3-2-0,0,0,0,0,0,0,0,0
1784138620572,unknown,VM-79,Stage3-1-0,0,0,0,0,0,0,0,0
1784138620583,unknown,VM-76,Stage2-1-0,0,0,0,0,0,0,0,0
1784138621432,unknown,VM-73,Stage1-1-0,0,0,0,0,0,0,0,0
1784138621448,unknown,VM-75,Stage1-0-0,0,0,0,0,0,0,0,0
1784138621515,unknown,VM-77,Stage2-3-0,0,0,0,0,0,0,0,0
1784138621557,unknown,VM-74,Stage1-2-0,0,0,0,0,0,0,0,0
1784138621557,unknown,VM-78,Stage3-2-0,0,0,0,0,0,0,0,0
1784138621572,unknown,VM-79,Stage3-1-0,0,0,0,0,0,0,0,0
1784138621583,unknown,VM-76,Stage2-1-0,0,0,0,0,0,0,0,0
1784138622432,unknown,VM-73,Stage1-1-0,0,0,0,0,0,0,0,0
1784138622448,unknown,VM-75,Stage1-0-0,0,0,0,0,0,0,0,0
1784138622515,unknown,VM-77,Stage2-3-0,0,0,0,0,0,0,0,0
1784138622557,unknown,VM-74,Stage1-2-0,0,0,0,0,0,0,0,0
1784138622557,unknown,VM-78,Stage3-2-0,0,0,0,0,0,0,0,0
1784138622572,unknown,VM-79,Stage3-1-0,0,0,0,0,0,0,0,0
1784138622583,unknown,VM-76,Stage2-1-0,0,0,0,0,0,0,0,0
1784138623432,unknown,VM-73,Stage1-1-0,0,0,0,0,0,0,0,0
1784138623448,unknown,VM-75,Stage1-0-0,0,0,0,0,0,0,0,0
1784138623515,unknown,VM-77,Stage2-3-0,0,0,0,0,0,0,0,0
1784138623557,unknown,VM-74,Stage1-2-0,0,0,0,0,0,0,0,0
1784138623557,unknown,VM-78,Stage3-2-0,0,0,0,0,0,0,0,0
1784138623572,unknown,VM-79,Stage3-1-0,0,0,0,0,0,0,0,0
1784138623583,unknown,VM-76,Stage2-1-0,0,0,0,0,0,0,0,0
1784138624432,unknown,VM-73,Stage1-1-0,0,0,0,0,0,0,0,0
1784138624448,unknown,VM-75,Stage1-0-0,0,0,0,0,0,0,0,0
1784138624515,unknown,VM-77,Stage2-3-0,0,0,0,0,0,0,0,0
1784138624557,unknown,VM-78,Stage3-2-0,0,0,0,0,0,0,0,0
1784138624557,unknown,VM-74,Stage1-2-0,0,0,0,0,0,0,0,0
1784138624572,unknown,VM-79,Stage3-1-0,0,0,0,0,0,0,0,0
1784138624583,unknown,VM-76,Stage2-1-0,0,0,0,0,0,0,0,0
1784138625432,unknown,VM-73,Stage1-1-0,0,0,0,0,0,0,0,0
1784138625448,unknown,VM-75,Stage1-0-0,0,0,0,0,0,0,0,0
1784138625515,unknown,VM-77,Stage2-3-0,0,0,0,0,0,0,0,0
1784138625557,unknown,VM-74,Stage1-2-0,0,0,0,0,0,0,0,0
1784138625557,unknown,VM-78,Stage3-2-0,0,0,0,0,0,0,0,0
1784138625572,unknown,VM-79,Stage3-1-0,0,0,0,0,0,0,0,0
1784138625583,unknown,VM-76,Stage2-1-0,0,0,0,0,0,0,0,0
1784138626432,unknown,VM-73,Stage1-1-0,0,0,0,0,0,0,0,0
1784138626448,unknown,VM-75,Stage1-0-0,0,0,0,0,0,0,0,0
1784138626515,unknown,VM-77,Stage2-3-0,0,0,0,0,0,0,0,0
1784138626557,unknown,VM-74,Stage1-2-0,0,0,0,0,0,0,0,0
1784138626557,unknown,VM-78,Stage3-2-0,0,0,0,0,0,0,0,0
1784138626572,unknown,VM-79,Stage3-1-0,0,0,0,0,0,0,0,0
1784138626583,unknown,VM-76,Stage2-1-0,0,0,0,0,0,0,0,0
1784138627432,unknown,VM-73,Stage1-1-0,0,0,0,0,0,0,0,0
1784138627448,unknown,VM-75,Stage1-0-0,0,0,0,0,0,0,0,0
1784138627515,unknown,VM-77,Stage2-3-0,0,0,0,0,0,0,0,0
1784138627557,unknown,VM-78,Stage3-2-0,0,0,0,0,0,0,0,0
1784138627557,unknown,VM-74,Stage1-2-0,0,0,0,0,0,0,0,0
1784138627572,unknown,VM-79,Stage3-1-0,0,0,0,0,0,0,0,0
1784138627583,unknown,VM-76,Stage2-1-0,0,0,0,0,0,0,0,0
1784138628432,unknown,VM-73,Stage1-1-0,0,0,0,0,0,0,0,0
1784138628448,unknown,VM-75,Stage1-0-0,0,0,0,0,0,0,0,0
1784138628515,unknown,VM-77,Stage2-3-0,0,0,0,0,0,0,0,0
1784138628557,unknown,VM-74,Stage1-2-0,0,0,0,0,0,0,0,0
1784138628557,unknown,VM-78,Stage3-2-0,0,0,0,0,0,0,0,0
1784138628572,unknown,VM-79,Stage3-1-0,0,0,0,0,0,0,0,0
1784138628583,unknown,VM-76,Stage2-1-0,0,0,0,0,0,0,0,0
1784138629432,unknown,VM-73,Stage1-1-0,0,0,0,0,0,0,0,0
1784138629448,unknown,VM-75,Stage1-0-0,0,0,0,0,0,0,0,0
1784138629515,unknown,VM-77,Stage2-3-0,0,0,0,0,0,0,0,0
1784138629557,unknown,VM-74,Stage1-2-0,0,0,0,0,0,0,0,0
1784138629557,unknown,VM-78,Stage3-2-0,0,0,0,0,0,0,0,0
1784138629572,unknown,VM-79,Stage3-1-0,0,0,0,0,0,0,0,0
1784138629583,unknown,VM-76,Stage2-1-0,0,0,0,0,0,0,0,0
1784138630432,unknown,VM-73,Stage1-1-0,0,0,0,0,0,0,0,0
1784138630448,unknown,VM-75,Stage1-0-0,0,0,0,0,0,0,0,0
1784138630515,unknown,VM-77,Stage2-3-0,0,0,0,0,0,0,0,0
1784138630557,unknown,VM-74,Stage1-2-0,0,0,0,0,0,0,0,0
1784138630557,unknown,VM-78,Stage3-2-0,0,0,0,0,0,0,0,0
1784138630572,unknown,VM-79,Stage3-1-0,0,0,0,0,0,0,0,0
1784138630583,unknown,VM-76,Stage2-1-0,0,0,0,0,0,0,0,0
1784138631432,unknown,VM-73,Stage1-1-0,0,0,0,0,0,0,0,0
1784138631448,unknown,VM-75,Stage1-0-0,0,0,0,0,0,0,0,0
1784138631515,unknown,VM-77,Stage2-3-0,0,0,0,0,0,0,0,0
1784138631557,unknown,VM-74,Stage1-2-0,0,0,0,0,0,0,0,0
1784138631557,unknown,VM-78,Stage3-2-0,0,0,0,0,0,0,0,0
1784138631573,unknown,VM-79,Stage3-1-0,0,0,0,0,0,0,0,0
1784138631583,unknown,VM-76,Stage2-1-0,0,0,0,0,0,0,0,0
1784138632432,unknown,VM-73,Stage1-1-0,0,0,0,0,0,0,0,0
1784138632448,unknown,VM-75,Stage1-0-0,0,0,0,0,0,0,0,0
1784138632515,unknown,VM-77,Stage2-3-0,0,0,0,0,0,0,0,0
1784138632557,unknown,VM-74,Stage1-2-0,0,0,0,0,0,0,0,0
1784138632557,unknown,VM-78,Stage3-2-0,0,0,0,0,0,0,0,0
1784138632572,unknown,VM-79,Stage3-1-0,0,0,0,0,0,0,0,0
1784138632583,unknown,VM-76,Stage2-1-0,0,0,0,0,0,0,0,0
1784138633432,unknown,VM-73,Stage1-1-0,0,0,0,0,0,0,0,0
1784138633448,unknown,VM-75,Stage1-0-0,0,0,0,0,0,0,0,0
1784138633515,unknown,VM-77,Stage2-3-0,0,0,0,0,0,0,0,0
1784138633557,unknown,VM-74,Stage1-2-0,0,0,0,0,0,0,0,0
1784138633557,unknown,VM-78,Stage3-2-0,0,0,0,0,0,0,0,0
1784138633572,unknown,VM-79,Stage3-1-0,0,0,0,0,0,0,0,0
1784138633583,unknown,VM-76,Stage2-1-0,0,0,0,0,0,0,0,0
1784138634433,unknown,VM-73,Stage1-1-0,0,0,0,0,0,0,0,0
1784138634448,unknown,VM-75,Stage1-0-0,0,0,0,0,0,0,0,0
1784138634515,unknown,VM-77,Stage2-3-0,0,0,0,0,0,0,0,0
1784138634557,unknown,VM-74,Stage1-2-0,0,0,0,0,0,0,0,0
1784138634557,unknown,VM-78,Stage3-2-0,0,0,0,0,0,0,0,0
1784138634572,unknown,VM-79,Stage3-1-0,0,0,0,0,0,0,0,0
1784138634583,unknown,VM-76,Stage2-1-0,0,0,0,0,0,0,0,0
1784138635432,unknown,VM-73,Stage1-1-0,0,0,0,0,0,0,0,0
1784138635448,unknown,VM-75,Stage1-0-0,0,0,0,0,0,0,0,0
1784138635515,unknown,VM-77,Stage2-3-0,0,0,0,0,0,0,0,0
1784138635557,unknown,VM-74,Stage1-2-0,0,0,0,0,0,0,0,0
1784138635557,unknown,VM-78,Stage3-2-0,0,0,0,0,0,0,0,0
1784138635572,unknown,VM-79,Stage3-1-0,0,0,0,0,0,0,0,0
1784138635583,unknown,VM-76,Stage2-1-0,0,0,0,0,0,0,0,0
1784138636432,unknown,VM-73,Stage1-1-0,0,0,0,0,0,0,0,0
1784138636448,unknown,VM-75,Stage1-0-0,0,0,0,0,0,0,0,0
1784138636515,unknown,VM-77,Stage2-3-0,0,0,0,0,0,0,0,0
1784138636557,unknown,VM-74,Stage1-2-0,0,0,0,0,0,0,0,0
1784138636557,unknown,VM-78,Stage3-2-0,0,0,0,0,0,0,0,0
1784138636572,unknown,VM-79,Stage3-1-0,0,0,0,0,0,0,0,0
1784138636583,unknown,VM-76,Stage2-1-0,0,0,0,0,0,0,0,0
1784138637432,unknown,VM-73,Stage1-1-0,0,0,0,0,0,0,0,0
1784138637448,unknown,VM-75,Stage1-0-0,0,0,0,0,0,0,0,0
1784138637515,unknown,VM-77,Stage2-3-0,0,0,0,0,0,0,0,0
1784138637557,unknown,VM-74,Stage1-2-0,0,0,0,0,0,0,0,0
1784138637557,unknown,VM-78,Stage3-2-0,0,0,0,0,0,0,0,0
1784138637572,unknown,VM-79,Stage3-1-0,0,0,0,0,0,0,0,0
1784138637583,unknown,VM-76,Stage2-1-0,0,0,0,0,0,0,0,0
1784138638432,unknown,VM-73,Stage1-1-0,0,0,0,0,0,0,0,0
1784138638448,unknown,VM-75,Stage1-0-0,0,0,0,0,0,0,0,0
1784138638515,unknown,VM-77,Stage2-3-0,0,0,0,0,0,0,0,0
1784138638557,unknown,VM-74,Stage1-2-0,0,0,0,0,0,0,0,0
1784138638557,unknown,VM-78,Stage3-2-0,0,0,0,0,0,0,0,0
1784138638572,unknown,VM-79,Stage3-1-0,0,0,0,0,0,0,0,0
1784138638583,unknown,VM-76,Stage2-1-0,0,0,0,0,0,0,0,0
1784138639432,unknown,VM-73,Stage1-1-0,0,0,0,0,0,0,0,0
1784138639448,unknown,VM-75,Stage1-0-0,0,0,0,0,0,0,0,0
1784138639515,unknown,VM-77,Stage2-3-0,0,0,0,0,0,0,0,0
1784138639557,unknown,VM-74,Stage1-2-0,0,0,0,0,0,0,0,0
1784138639557,unknown,VM-78,Stage3-2-0,0,0,0,0,0,0,0,0
1784138639573,unknown,VM-79,Stage3-1-0,0,0,0,0,0,0,0,0
1784138639583,unknown,VM-76,Stage2-1-0,0,0,0,0,0,0,0,0
1784138640433,unknown,VM-73,Stage1-1-0,0,0,0,0,0,0,0,0
1784138640448,unknown,VM-75,Stage1-0-0,0,0,0,0,0,0,0,0
1784138640515,unknown,VM-77,Stage2-3-0,0,0,0,0,0,0,0,0
1784138640557,unknown,VM-74,Stage1-2-0,0,0,0,0,0,0,0,0
1784138640557,unknown,VM-78,Stage3-2-0,0,0,0,0,0,0,0,0
1784138640572,unknown,VM-79,Stage3-1-0,0,0,0,0,0,0,0,0
1784138640583,unknown,VM-76,Stage2-1-0,0,0,0,0,0,0,0,0
1784138641433,unknown,VM-73,Stage1-1-0,0,0,0,0,0,0,0,0
1784138641448,unknown,VM-75,Stage1-0-0,0,0,0,0,0,0,0,0
1784138641515,unknown,VM-77,Stage2-3-0,0,0,0,0,0,0,0,0
1784138641557,unknown,VM-74,Stage1-2-0,0,0,0,0,0,0,0,0
1784138641557,unknown,VM-78,Stage3-2-0,0,0,0,0,0,0,0,0
1784138641572,unknown,VM-79,Stage3-1-0,0,0,0,0,0,0,0,0
1784138641583,unknown,VM-76,Stage2-1-0,0,0,0,0,0,0,0,0
1784138642433,unknown,VM-73,Stage1-1-0,0,0,0,0,0,0,0,0
1784138642448,unknown,VM-75,Stage1-0-0,0,0,0,0,0,0,0,0
1784138642515,unknown,VM-77,Stage2-3-0,0,0,0,0,0,0,0,0
1784138642557,unknown,VM-74,Stage1-2-0,0,0,0,0,0,0,0,0
1784138642557,unknown,VM-78,Stage3-2-0,0,0,0,0,0,0,0,0
1784138642572,unknown,VM-79,Stage3-1-0,0,0,0,0,0,0,0,0
1784138642583,unknown,VM-76,Stage2-1-0,0,0,0,0,0,0,0,0
1784138643433,unknown,VM-73,Stage1-1-0,0,0,0,0,0,0,0,0
1784138643448,unknown,VM-75,Stage1-0-0,0,0,0,0,0,0,0,0
1784138643515,unknown,VM-77,Stage2-3-0,0,0,0,0,0,0,0,0
1784138643557,unknown,VM-74,Stage1-2-0,0,0,0,0,0,0,0,0
1784138643557,unknown,VM-78,Stage3-2-0,0,0,0,0,0,0,0,0
1784138643572,unknown,VM-79,Stage3-1-0,0,0,0,0,0,0,0,0
1784138643583,unknown,VM-76,Stage2-1-0,0,0,0,0,0,0,0,0
1784138644432,unknown,VM-73,Stage1-1-0,0,0,0,0,0,0,0,0
1784138644448,unknown,VM-75,Stage1-0-0,0,0,0,0,0,0,0,0
1784138644515,unknown,VM-77,Stage2-3-0,0,0,0,0,0,0,0,0
1784138644557,unknown,VM-78,Stage3-2-0,0,0,0,0,0,0,0,0
1784138644557,unknown,VM-74,Stage1-2-0,0,0,0,0,0,0,0,0
1784138644572,unknown,VM-79,Stage3-1-0,0,0,0,0,0,0,0,0
1784138644583,unknown,VM-76,Stage2-1-0,0,0,0,0,0,0,0,0
1784138645432,unknown,VM-73,Stage1-1-0,0,0,0,0,0,0,0,0
1784138645448,unknown,VM-75,Stage1-0-0,0,0,0,0,0,0,0,0
1784138645515,unknown,VM-77,Stage2-3-0,0,0,0,0,0,0,0,0
1784138645557,unknown,VM-74,Stage1-2-0,0,0,0,0,0,0,0,0
1784138645557,unknown,VM-78,Stage3-2-0,0,0,0,0,0,0,0,0
1784138645572,unknown,VM-79,Stage3-1-0,0,0,0,0,0,0,0,0
1784138645583,unknown,VM-76,Stage2-1-0,0,0,0,0,0,0,0,0
1784138646432,unknown,VM-73,Stage1-1-0,0,0,0,0,0,0,0,0
1784138646448,unknown,VM-75,Stage1-0-0,0,0,0,0,0,0,0,0
1784138646515,unknown,VM-77,Stage2-3-0,0,0,0,0,0,0,0,0
1784138646557,unknown,VM-74,Stage1-2-0,0,0,0,0,0,0,0,0
1784138646557,unknown,VM-78,Stage3-2-0,0,0,0,0,0,0,0,0
1784138646572,unknown,VM-79,Stage3-1-0,0,0,0,0,0,0,0,0
1784138646583,unknown,VM-76,Stage2-1-0,0,0,0,0,0,0,0,0
1784138647432,unknown,VM-73,Stage1-1-0,0,0,0,0,0,0,0,0
1784138647448,unknown,VM-75,Stage1-0-0,0,0,0,0,0,0,0,0
1784138647515,unknown,VM-77,Stage2-3-0,0,0,0,0,0,0,0,0
1784138647557,unknown,VM-74,Stage1-2-0,0,0,0,0,0,0,0,0
1784138647557,unknown,VM-78,Stage3-2-0,0,0,0,0,0,0,0,0
1784138647572,unknown,VM-79,Stage3-1-0,0,0,0,0,0,0,0,0
1784138647583,unknown,VM-76,Stage2-1-0,0,0,0,0,0,0,0,0
1784138648432,unknown,VM-73,Stage1-1-0,0,0,0,0,0,0,0,0
1784138648448,unknown,VM-75,Stage1-0-0,0,0,0,0,0,0,0,0
1784138648515,unknown,VM-77,Stage2-3-0,0,0,0,0,0,0,0,0
1784138648557,unknown,VM-74,Stage1-2-0,0,0,0,0,0,0,0,0
1784138648557,unknown,VM-78,Stage3-2-0,0,0,0,0,0,0,0,0
1784138648572,unknown,VM-79,Stage3-1-0,0,0,0,0,0,0,0,0
1784138648583,unknown,VM-76,Stage2-1-0,0,0,0,0,0,0,0,0
1784138649432,unknown,VM-73,Stage1-1-0,0,0,0,0,0,0,0,0
1784138649448,unknown,VM-75,Stage1-0-0,0,0,0,0,0,0,0,0
1784138649515,unknown,VM-77,Stage2-3-0,0,0,0,0,0,0,0,0
1784138649557,unknown,VM-74,Stage1-2-0,0,0,0,0,0,0,0,0
1784138649557,unknown,VM-78,Stage3-2-0,0,0,0,0,0,0,0,0
1784138649572,unknown,VM-79,Stage3-1-0,0,0,0,0,0,0,0,0
1784138649583,unknown,VM-76,Stage2-1-0,0,0,0,0,0,0,0,0
1784138650432,unknown,VM-73,Stage1-1-0,0,0,0,0,0,0,0,0
1784138650448,unknown,VM-75,Stage1-0-0,0,0,0,0,0,0,0,0
1784138650515,unknown,VM-77,Stage2-3-0,0,0,0,0,0,0,0,0
1784138650557,unknown,VM-74,Stage1-2-0,0,0,0,0,0,0,0,0
1784138650557,unknown,VM-78,Stage3-2-0,0,0,0,0,0,0,0,0
1784138650572,unknown,VM-79,Stage3-1-0,0,0,0,0,0,0,0,0
1784138650583,unknown,VM-76,Stage2-1-0,0,0,0,0,0,0,0,0
1784138651433,unknown,VM-73,Stage1-1-0,0,0,0,0,0,0,0,0
1784138651448,unknown,VM-75,Stage1-0-0,0,0,0,0,0,0,0,0
1784138651515,unknown,VM-77,Stage2-3-0,0,0,0,0,0,0,0,0
1784138651557,unknown,VM-74,Stage1-2-0,0,0,0,0,0,0,0,0
1784138651557,unknown,VM-78,Stage3-2-0,0,0,0,0,0,0,0,0
1784138651572,unknown,VM-79,Stage3-1-0,0,0,0,0,0,0,0,0
1784138651583,unknown,VM-76,Stage2-1-0,0,0,0,0,0,0,0,0
1784138652432,unknown,VM-73,Stage1-1-0,0,0,0,0,0,0,0,0
1784138652448,unknown,VM-75,Stage1-0-0,0,0,0,0,0,0,0,0
1784138652515,unknown,VM-77,Stage2-3-0,0,0,0,0,0,0,0,0
1784138652557,unknown,VM-74,Stage1-2-0,0,0,0,0,0,0,0,0
1784138652557,unknown,VM-78,Stage3-2-0,0,0,0,0,0,0,0,0
1784138652572,unknown,VM-79,Stage3-1-0,0,0,0,0,0,0,0,0
1784138652583,unknown,VM-76,Stage2-1-0,0,0,0,0,0,0,0,0
1784138653432,unknown,VM-73,Stage1-1-0,0,0,0,0,0,0,0,0
1784138653448,unknown,VM-75,Stage1-0-0,0,0,0,0,0,0,0,0
1784138653515,unknown,VM-77,Stage2-3-0,0,0,0,0,0,0,0,0
1784138653557,unknown,VM-74,Stage1-2-0,0,0,0,0,0,0,0,0
1784138653557,unknown,VM-78,Stage3-2-0,0,0,0,0,0,0,0,0
1784138653572,unknown,VM-79,Stage3-1-0,0,0,0,0,0,0,0,0
1784138653583,unknown,VM-76,Stage2-1-0,0,0,0,0,0,0,0,0
1784138654432,unknown,VM-73,Stage1-1-0,0,0,0,0,0,0,0,0
1784138654448,unknown,VM-75,Stage1-0-0,0,0,0,0,0,0,0,0
1784138654515,unknown,VM-77,Stage2-3-0,0,0,0,0,0,0,0,0
1784138654557,unknown,VM-74,Stage1-2-0,0,0,0,0,0,0,0,0
1784138654557,unknown,VM-78,Stage3-2-0,0,0,0,0,0,0,0,0
1784138654572,unknown,VM-79,Stage3-1-0,0,0,0,0,0,0,0,0
1784138654583,unknown,VM-76,Stage2-1-0,0,0,0,0,0,0,0,0
1784138655432,unknown,VM-73,Stage1-1-0,0,0,0,0,0,0,0,0
1784138655448,unknown,VM-75,Stage1-0-0,0,0,0,0,0,0,0,0
1784138655515,unknown,VM-77,Stage2-3-0,0,0,0,0,0,0,0,0
1784138655557,unknown,VM-74,Stage1-2-0,0,0,0,0,0,0,0,0
1784138655557,unknown,VM-78,Stage3-2-0,0,0,0,0,0,0,0,0
1784138655572,unknown,VM-79,Stage3-1-0,0,0,0,0,0,0,0,0
1784138655583,unknown,VM-76,Stage2-1-0,0,0,0,0,0,0,0,0
1784138656432,unknown,VM-73,Stage1-1-0,0,0,0,0,0,0,0,0
1784138656448,unknown,VM-75,Stage1-0-0,0,0,0,0,0,0,0,0
1784138656515,unknown,VM-77,Stage2-3-0,0,0,0,0,0,0,0,0
1784138656557,unknown,VM-74,Stage1-2-0,0,0,0,0,0,0,0,0
1784138656557,unknown,VM-78,Stage3-2-0,0,0,0,0,0,0,0,0
1784138656572,unknown,VM-79,Stage3-1-0,0,0,0,0,0,0,0,0
1784138656583,unknown,VM-76,Stage2-1-0,0,0,0,0,0,0,0,0
1784138657432,unknown,VM-73,Stage1-1-0,0,0,0,0,0,0,0,0
1784138657448,unknown,VM-75,Stage1-0-0,0,0,0,0,0,0,0,0
1784138657515,unknown,VM-77,Stage2-3-0,0,0,0,0,0,0,0,0
1784138657557,unknown,VM-74,Stage1-2-0,0,0,0,0,0,0,0,0
1784138657557,unknown,VM-78,Stage3-2-0,0,0,0,0,0,0,0,0
1784138657572,unknown,VM-79,Stage3-1-0,0,0,0,0,0,0,0,0
1784138657583,unknown,VM-76,Stage2-1-0,0,0,0,0,0,0,0,0
1784138658432,unknown,VM-73,Stage1-1-0,0,0,0,0,0,0,0,0
1784138658448,unknown,VM-75,Stage1-0-0,0,0,0,0,0,0,0,0
1784138658515,unknown,VM-77,Stage2-3-0,0,0,0,0,0,0,0,0
1784138658557,unknown,VM-74,Stage1-2-0,0,0,0,0,0,0,0,0
1784138658557,unknown,VM-78,Stage3-2-0,0,0,0,0,0,0,0,0
1784138658572,unknown,VM-79,Stage3-1-0,0,0,0,0,0,0,0,0
1784138658583,unknown,VM-76,Stage2-1-0,0,0,0,0,0,0,0,0
1784138659432,unknown,VM-73,Stage1-1-0,0,0,0,0,0,0,0,0
1784138659448,unknown,VM-75,Stage1-0-0,0,0,0,0,0,0,0,0
1784138659515,unknown,VM-77,Stage2-3-0,0,0,0,0,0,0,0,0
1784138659557,unknown,VM-74,Stage1-2-0,0,0,0,0,0,0,0,0
1784138659557,unknown,VM-78,Stage3-2-0,0,0,0,0,0,0,0,0
1784138659572,unknown,VM-79,Stage3-1-0,0,0,0,0,0,0,0,0
1784138659583,unknown,VM-76,Stage2-1-0,0,0,0,0,0,0,0,0
1784138660432,unknown,VM-73,Stage1-1-0,0,0,0,0,0,0,0,0
1784138660448,unknown,VM-75,Stage1-0-0,0,0,0,0,0,0,0,0
1784138660515,unknown,VM-77,Stage2-3-0,0,0,0,0,0,0,0,0
1784138660557,unknown,VM-74,Stage1-2-0,0,0,0,0,0,0,0,0
1784138660557,unknown,VM-78,Stage3-2-0,0,0,0,0,0,0,0,0
1784138660572,unknown,VM-79,Stage3-1-0,0,0,0,0,0,0,0,0
1784138660583,unknown,VM-76,Stage2-1-0,0,0,0,0,0,0,0,0
1784138661432,unknown,VM-73,Stage1-1-0,0,0,0,0,0,0,0,0
1784138661448,unknown,VM-75,Stage1-0-0,0,0,0,0,0,0,0,0
1784138661515,unknown,VM-77,Stage2-3-0,0,0,0,0,0,0,0,0
1784138661557,unknown,VM-74,Stage1-2-0,0,0,0,0,0,0,0,0
1784138661557,unknown,VM-78,Stage3-2-0,0,0,0,0,0,0,0,0
1784138661572,unknown,VM-79,Stage3-1-0,0,0,0,0,0,0,0,0
1784138661583,unknown,VM-76,Stage2-1-0,0,0,0,0,0,0,0,0
1784138662432,unknown,VM-73,Stage1-1-0,0,0,0,0,0,0,0,0
1784138662448,unknown,VM-75,Stage1-0-0,0,0,0,0,0,0,0,0
1784138662515,unknown,VM-77,Stage2-3-0,0,0,0,0,0,0,0,0
1784138662557,unknown,VM-74,Stage1-2-0,0,0,0,0,0,0,0,0
1784138662557,unknown,VM-78,Stage3-2-0,0,0,0,0,0,0,0,0
1784138662572,unknown,VM-79,Stage3-1-0,0,0,0,0,0,0,0,0
1784138662583,unknown,VM-76,Stage2-1-0,0,0,0,0,0,0,0,0
1784138663432,unknown,VM-73,Stage1-1-0,0,0,0,0,0,0,0,0
1784138663448,unknown,VM-75,Stage1-0-0,0,0,0,0,0,0,0,0
1784138663515,unknown,VM-77,Stage2-3-0,0,0,0,0,0,0,0,0
1784138663557,unknown,VM-74,Stage1-2-0,0,0,0,0,0,0,0,0
1784138663557,unknown,VM-78,Stage3-2-0,0,0,0,0,0,0,0,0
1784138663572,unknown,VM-79,Stage3-1-0,0,0,0,0,0,0,0,0
1784138663583,unknown,VM-76,Stage2-1-0,0,0,0,0,0,0,0,0
1784138664432,unknown,VM-73,Stage1-1-0,0,0,0,0,0,0,0,0
1784138664448,unknown,VM-75,Stage1-0-0,0,0,0,0,0,0,0,0
1784138664515,unknown,VM-77,Stage2-3-0,0,0,0,0,0,0,0,0
1784138664557,unknown,VM-74,Stage1-2-0,0,0,0,0,0,0,0,0
1784138664557,unknown,VM-78,Stage3-2-0,0,0,0,0,0,0,0,0
1784138664572,unknown,VM-79,Stage3-1-0,0,0,0,0,0,0,0,0
1784138664583,unknown,VM-76,Stage2-1-0,0,0,0,0,0,0,0,0
1784138665432,unknown,VM-73,Stage1-1-0,0,0,0,0,0,0,0,0
1784138665448,unknown,VM-75,Stage1-0-0,0,0,0,0,0,0,0,0
1784138665515,unknown,VM-77,Stage2-3-0,0,0,0,0,0,0,0,0
1784138665557,unknown,VM-74,Stage1-2-0,0,0,0,0,0,0,0,0
1784138665557,unknown,VM-78,Stage3-2-0,0,0,0,0,0,0,0,0
1784138665572,unknown,VM-79,Stage3-1-0,0,0,0,0,0,0,0,0
1784138665583,unknown,VM-76,Stage2-1-0,0,0,0,0,0,0,0,0
1784138666432,unknown,VM-73,Stage1-1-0,0,0,0,0,0,0,0,0
1784138666448,unknown,VM-75,Stage1-0-0,0,0,0,0,0,0,0,0
1784138666515,unknown,VM-77,Stage2-3-0,0,0,0,0,0,0,0,0
1784138666557,unknown,VM-74,Stage1-2-0,0,0,0,0,0,0,0,0
1784138666557,unknown,VM-78,Stage3-2-0,0,0,0,0,0,0,0,0
1784138666572,unknown,VM-79,Stage3-1-0,0,0,0,0,0,0,0,0
1784138666583,unknown,VM-76,Stage2-1-0,0,0,0,0,0,0,0,0
1784138667432,unknown,VM-73,Stage1-1-0,0,0,0,0,0,0,0,0
1784138667448,unknown,VM-75,Stage1-0-0,0,0,0,0,0,0,0,0
1784138667515,unknown,VM-77,Stage2-3-0,0,0,0,0,0,0,0,0
1784138667557,unknown,VM-74,Stage1-2-0,0,0,0,0,0,0,0,0
1784138667557,unknown,VM-78,Stage3-2-0,0,0,0,0,0,0,0,0
1784138667572,unknown,VM-79,Stage3-1-0,0,0,0,0,0,0,0,0
1784138667583,unknown,VM-76,Stage2-1-0,0,0,0,0,0,0,0,0
1784138668432,unknown,VM-73,Stage1-1-0,0,0,0,0,0,0,0,0
1784138668448,unknown,VM-75,Stage1-0-0,0,0,0,0,0,0,0,0
1784138668515,unknown,VM-77,Stage2-3-0,0,0,0,0,0,0,0,0
1784138668557,unknown,VM-74,Stage1-2-0,0,0,0,0,0,0,0,0
1784138668557,unknown,VM-78,Stage3-2-0,0,0,0,0,0,0,0,0
1784138668572,unknown,VM-79,Stage3-1-0,0,0,0,0,0,0,0,0
1784138668583,unknown,VM-76,Stage2-1-0,0,0,0,0,0,0,0,0
1784138669432,unknown,VM-73,Stage1-1-0,0,0,0,0,0,0,0,0
1784138669448,unknown,VM-75,Stage1-0-0,0,0,0,0,0,0,0,0
1784138669515,unknown,VM-77,Stage2-3-0,0,0,0,0,0,0,0,0
1784138669557,unknown,VM-74,Stage1-2-0,0,0,0,0,0,0,0,0
1784138669557,unknown,VM-78,Stage3-2-0,0,0,0,0,0,0,0,0
1784138669572,unknown,VM-79,Stage3-1-0,0,0,0,0,0,0,0,0
1784138669583,unknown,VM-76,Stage2-1-0,0,0,0,0,0,0,0,0
1784138670432,unknown,VM-73,Stage1-1-0,0,0,0,0,0,0,0,0
1784138670448,unknown,VM-75,Stage1-0-0,0,0,0,0,0,0,0,0
1784138670515,unknown,VM-77,Stage2-3-0,0,0,0,0,0,0,0,0
1784138670557,unknown,VM-74,Stage1-2-0,0,0,0,0,0,0,0,0
1784138670557,unknown,VM-78,Stage3-2-0,0,0,0,0,0,0,0,0
1784138670572,unknown,VM-79,Stage3-1-0,0,0,0,0,0,0,0,0
1784138670583,unknown,VM-76,Stage2-1-0,0,0,0,0,0,0,0,0
1784138671432,unknown,VM-73,Stage1-1-0,0,0,0,0,0,0,0,0
1784138671448,unknown,VM-75,Stage1-0-0,0,0,0,0,0,0,0,0
1784138671515,unknown,VM-77,Stage2-3-0,0,0,0,0,0,0,0,0
1784138671557,unknown,VM-74,Stage1-2-0,0,0,0,0,0,0,0,0
1784138671557,unknown,VM-78,Stage3-2-0,0,0,0,0,0,0,0,0
1784138671572,unknown,VM-79,Stage3-1-0,0,0,0,0,0,0,0,0
1784138671583,unknown,VM-76,Stage2-1-0,0,0,0,0,0,0,0,0
1784138672432,unknown,VM-73,Stage1-1-0,0,0,0,0,0,0,0,0
1784138672448,unknown,VM-75,Stage1-0-0,0,0,0,0,0,0,0,0
1784138672515,unknown,VM-77,Stage2-3-0,0,0,0,0,0,0,0,0
1784138672557,unknown,VM-74,Stage1-2-0,0,0,0,0,0,0,0,0
1784138672557,unknown,VM-78,Stage3-2-0,0,0,0,0,0,0,0,0
1784138672572,unknown,VM-79,Stage3-1-0,0,0,0,0,0,0,0,0
1784138672583,unknown,VM-76,Stage2-1-0,0,0,0,0,0,0,0,0
1784138673432,unknown,VM-73,Stage1-1-0,0,0,0,0,0,0,0,0
1784138673448,unknown,VM-75,Stage1-0-0,0,0,0,0,0,0,0,0
1784138673515,unknown,VM-77,Stage2-3-0,0,0,0,0,0,0,0,0
1784138673557,unknown,VM-74,Stage1-2-0,0,0,0,0,0,0,0,0
1784138673557,unknown,VM-78,Stage3-2-0,0,0,0,0,0,0,0,0
1784138673572,unknown,VM-79,Stage3-1-0,0,0,0,0,0,0,0,0
1784138673583,unknown,VM-76,Stage2-1-0,0,0,0,0,0,0,0,0
1784138674432,unknown,VM-73,Stage1-1-0,0,0,0,0,0,0,0,0
1784138674448,unknown,VM-75,Stage1-0-0,0,0,0,0,0,0,0,0
1784138674515,unknown,VM-77,Stage2-3-0,0,0,0,0,0,0,0,0
1784138674557,unknown,VM-74,Stage1-2-0,0,0,0,0,0,0,0,0
1784138674557,unknown,VM-78,Stage3-2-0,0,0,0,0,0,0,0,0
1784138674572,unknown,VM-79,Stage3-1-0,0,0,0,0,0,0,0,0
1784138674583,unknown,VM-76,Stage2-1-0,0,0,0,0,0,0,0,0
1784138675432,unknown,VM-73,Stage1-1-0,0,0,0,0,0,0,0,0
1784138675448,unknown,VM-75,Stage1-0-0,0,0,0,0,0,0,0,0
1784138675515,unknown,VM-77,Stage2-3-0,0,0,0,0,0,0,0,0
1784138675557,unknown,VM-74,Stage1-2-0,0,0,0,0,0,0,0,0
1784138675557,unknown,VM-78,Stage3-2-0,0,0,0,0,0,0,0,0
1784138675572,unknown,VM-79,Stage3-1-0,0,0,0,0,0,0,0,0
1784138675583,unknown,VM-76,Stage2-1-0,0,0,0,0,0,0,0,0
1784138676432,unknown,VM-73,Stage1-1-0,0,0,0,0,0,0,0,0
1784138676448,unknown,VM-75,Stage1-0-0,0,0,0,0,0,0,0,0
1784138676515,unknown,VM-77,Stage2-3-0,0,0,0,0,0,0,0,0
1784138676557,unknown,VM-74,Stage1-2-0,0,0,0,0,0,0,0,0
1784138676557,unknown,VM-78,Stage3-2-0,0,0,0,0,0,0,0,0
1784138676572,unknown,VM-79,Stage3-1-0,0,0,0,0,0,0,0,0
1784138676583,unknown,VM-76,Stage2-1-0,0,0,0,0,0,0,0,0
1784138677432,unknown,VM-73,Stage1-1-0,0,0,0,0,0,0,0,0
1784138677448,unknown,VM-75,Stage1-0-0,0,0,0,0,0,0,0,0
1784138677515,unknown,VM-77,Stage2-3-0,0,0,0,0,0,0,0,0
1784138677557,unknown,VM-74,Stage1-2-0,0,0,0,0,0,0,0,0
1784138677557,unknown,VM-78,Stage3-2-0,0,0,0,0,0,0,0,0
1784138677572,unknown,VM-79,Stage3-1-0,0,0,0,0,0,0,0,0
1784138677583,unknown,VM-76,Stage2-1-0,0,0,0,0,0,0,0,0
1784138678432,unknown,VM-73,Stage1-1-0,0,0,0,0,0,0,0,0
1784138678448,unknown,VM-75,Stage1-0-0,0,0,0,0,0,0,0,0
1784138678515,unknown,VM-77,Stage2-3-0,0,0,0,0,0,0,0,0
1784138678557,unknown,VM-74,Stage1-2-0,0,0,0,0,0,0,0,0
1784138678557,unknown,VM-78,Stage3-2-0,0,0,0,0,0,0,0,0
1784138678572,unknown,VM-79,Stage3-1-0,0,0,0,0,0,0,0,0
1784138678583,unknown,VM-76,Stage2-1-0,0,0,0,0,0,0,0,0
1784138679432,unknown,VM-73,Stage1-1-0,0,0,0,0,0,0,0,0
1784138679448,unknown,VM-75,Stage1-0-0,0,0,0,0,0,0,0,0
1784138679515,unknown,VM-77,Stage2-3-0,0,0,0,0,0,0,0,0
1784138679557,unknown,VM-74,Stage1-2-0,0,0,0,0,0,0,0,0
1784138679557,unknown,VM-78,Stage3-2-0,0,0,0,0,0,0,0,0
1784138679572,unknown,VM-79,Stage3-1-0,0,0,0,0,0,0,0,0
1784138679583,unknown,VM-76,Stage2-1-0,0,0,0,0,0,0,0,0
1784138680432,unknown,VM-73,Stage1-1-0,0,0,0,0,0,0,0,0
1784138680448,unknown,VM-75,Stage1-0-0,0,0,0,0,0,0,0,0
1784138680515,unknown,VM-77,Stage2-3-0,0,0,0,0,0,0,0,0
1784138680557,unknown,VM-74,Stage1-2-0,0,0,0,0,0,0,0,0
1784138680557,unknown,VM-78,Stage3-2-0,0,0,0,0,0,0,0,0
1784138680572,unknown,VM-79,Stage3-1-0,0,0,0,0,0,0,0,0
1784138680583,unknown,VM-76,Stage2-1-0,0,0,0,0,0,0,0,0
1784138681432,unknown,VM-73,Stage1-1-0,0,0,0,0,0,0,0,0
1784138681448,unknown,VM-75,Stage1-0-0,0,0,0,0,0,0,0,0
1784138681515,unknown,VM-77,Stage2-3-0,0,0,0,0,0,0,0,0
1784138681557,unknown,VM-74,Stage1-2-0,0,0,0,0,0,0,0,0
1784138681557,unknown,VM-78,Stage3-2-0,0,0,0,0,0,0,0,0
1784138681572,unknown,VM-79,Stage3-1-0,0,0,0,0,0,0,0,0
1784138681583,unknown,VM-76,Stage2-1-0,0,0,0,0,0,0,0,0
1784138682432,unknown,VM-73,Stage1-1-0,0,0,0,0,0,0,0,0
1784138682448,unknown,VM-75,Stage1-0-0,0,0,0,0,0,0,0,0
1784138682515,unknown,VM-77,Stage2-3-0,0,0,0,0,0,0,0,0
1784138682557,unknown,VM-74,Stage1-2-0,0,0,0,0,0,0,0,0
1784138682557,unknown,VM-78,Stage3-2-0,0,0,0,0,0,0,0,0
1784138682572,unknown,VM-79,Stage3-1-0,0,0,0,0,0,0,0,0
1784138682583,unknown,VM-76,Stage2-1-0,0,0,0,0,0,0,0,0
1784138683432,unknown,VM-73,Stage1-1-0,0,0,0,0,0,0,0,0
1784138683448,unknown,VM-75,Stage1-0-0,0,0,0,0,0,0,0,0
1784138683515,unknown,VM-77,Stage2-3-0,0,0,0,0,0,0,0,0
1784138683557,unknown,VM-74,Stage1-2-0,0,0,0,0,0,0,0,0
1784138683557,unknown,VM-78,Stage3-2-0,0,0,0,0,0,0,0,0
1784138683572,unknown,VM-79,Stage3-1-0,0,0,0,0,0,0,0,0
1784138683583,unknown,VM-76,Stage2-1-0,0,0,0,0,0,0,0,0
1784138684432,unknown,VM-73,Stage1-1-0,0,0,0,0,0,0,0,0
1784138684448,unknown,VM-75,Stage1-0-0,0,0,0,0,0,0,0,0
1784138684515,unknown,VM-77,Stage2-3-0,0,0,0,0,0,0,0,0
1784138684557,unknown,VM-74,Stage1-2-0,0,0,0,0,0,0,0,0
1784138684557,unknown,VM-78,Stage3-2-0,0,0,0,0,0,0,0,0
1784138684572,unknown,VM-79,Stage3-1-0,0,0,0,0,0,0,0,0
1784138684583,unknown,VM-76,Stage2-1-0,0,0,0,0,0,0,0,0
1784138685432,unknown,VM-73,Stage1-1-0,0,0,0,0,0,0,0,0
1784138685448,unknown,VM-75,Stage1-0-0,0,0,0,0,0,0,0,0
1784138685515,unknown,VM-77,Stage2-3-0,0,0,0,0,0,0,0,0
1784138685557,unknown,VM-74,Stage1-2-0,0,0,0,0,0,0,0,0
1784138685557,unknown,VM-78,Stage3-2-0,0,0,0,0,0,0,0,0
1784138685572,unknown,VM-79,Stage3-1-0,0,0,0,0,0,0,0,0
1784138685583,unknown,VM-76,Stage2-1-0,0,0,0,0,0,0,0,0
1784138686432,unknown,VM-73,Stage1-1-0,0,0,0,0,0,0,0,0
1784138686448,unknown,VM-75,Stage1-0-0,0,0,0,0,0,0,0,0
1784138686515,unknown,VM-77,Stage2-3-0,0,0,0,0,0,0,0,0
1784138686557,unknown,VM-74,Stage1-2-0,0,0,0,0,0,0,0,0
1784138686557,unknown,VM-78,Stage3-2-0,0,0,0,0,0,0,0,0
1784138686572,unknown,VM-79,Stage3-1-0,0,0,0,0,0,0,0,0
1784138686583,unknown,VM-76,Stage2-1-0,0,0,0,0,0,0,0,0
1784138687432,unknown,VM-73,Stage1-1-0,0,0,0,0,0,0,0,0
1784138687448,unknown,VM-75,Stage1-0-0,0,0,0,0,0,0,0,0
1784138687515,unknown,VM-77,Stage2-3-0,0,0,0,0,0,0,0,0
1784138687557,unknown,VM-74,Stage1-2-0,0,0,0,0,0,0,0,0
1784138687557,unknown,VM-78,Stage3-2-0,0,0,0,0,0,0,0,0
1784138687572,unknown,VM-79,Stage3-1-0,0,0,0,0,0,0,0,0
1784138687583,unknown,VM-76,Stage2-1-0,0,0,0,0,0,0,0,0
1784138688432,unknown,VM-73,Stage1-1-0,0,0,0,0,0,0,0,0
1784138688448,unknown,VM-75,Stage1-0-0,0,0,0,0,0,0,0,0
1784138688515,unknown,VM-77,Stage2-3-0,0,0,0,0,0,0,0,0
1784138688557,unknown,VM-74,Stage1-2-0,0,0,0,0,0,0,0,0
1784138688557,unknown,VM-78,Stage3-2-0,0,0,0,0,0,0,0,0
1784138688572,unknown,VM-79,Stage3-1-0,0,0,0,0,0,0,0,0
1784138688583,unknown,VM-76,Stage2-1-0,0,0,0,0,0,0,0,0
1784138689432,unknown,VM-73,Stage1-1-0,0,0,0,0,0,0,0,0
1784138689448,unknown,VM-75,Stage1-0-0,0,0,0,0,0,0,0,0
1784138689515,unknown,VM-77,Stage2-3-0,0,0,0,0,0,0,0,0
1784138689557,unknown,VM-74,Stage1-2-0,0,0,0,0,0,0,0,0
1784138689557,unknown,VM-78,Stage3-2-0,0,0,0,0,0,0,0,0
1784138689572,unknown,VM-79,Stage3-1-0,0,0,0,0,0,0,0,0
1784138689583,unknown,VM-76,Stage2-1-0,0,0,0,0,0,0,0,0
1784138690432,unknown,VM-73,Stage1-1-0,0,0,0,0,0,0,0,0
1784138690448,unknown,VM-75,Stage1-0-0,0,0,0,0,0,0,0,0
1784138690515,unknown,VM-77,Stage2-3-0,0,0,0,0,0,0,0,0
1784138690557,unknown,VM-74,Stage1-2-0,0,0,0,0,0,0,0,0
1784138690557,unknown,VM-78,Stage3-2-0,0,0,0,0,0,0,0,0
1784138690572,unknown,VM-79,Stage3-1-0,0,0,0,0,0,0,0,0
1784138690583,unknown,VM-76,Stage2-1-0,0,0,0,0,0,0,0,0
1784138691432,unknown,VM-73,Stage1-1-0,0,0,0,0,0,0,0,0
1784138691448,unknown,VM-75,Stage1-0-0,0,0,0,0,0,0,0,0
1784138691515,unknown,VM-77,Stage2-3-0,0,0,0,0,0,0,0,0
1784138691557,unknown,VM-74,Stage1-2-0,0,0,0,0,0,0,0,0
1784138691557,unknown,VM-78,Stage3-2-0,0,0,0,0,0,0,0,0
1784138691572,unknown,VM-79,Stage3-1-0,0,0,0,0,0,0,0,0
1784138691583,unknown,VM-76,Stage2-1-0,0,0,0,0,0,0,0,0
1784138692432,unknown,VM-73,Stage1-1-0,0,0,0,0,0,0,0,0
1784138692448,unknown,VM-75,Stage1-0-0,0,0,0,0,0,0,0,0
1784138692515,unknown,VM-77,Stage2-3-0,0,0,0,0,0,0,0,0
1784138692557,unknown,VM-74,Stage1-2-0,0,0,0,0,0,0,0,0
1784138692557,unknown,VM-78,Stage3-2-0,0,0,0,0,0,0,0,0
1784138692572,unknown,VM-79,Stage3-1-0,0,0,0,0,0,0,0,0
1784138692583,unknown,VM-76,Stage2-1-0,0,0,0,0,0,0,0,0
1784138693432,unknown,VM-73,Stage1-1-0,0,0,0,0,0,0,0,0
1784138693448,unknown,VM-75,Stage1-0-0,0,0,0,0,0,0,0,0
1784138693515,unknown,VM-77,Stage2-3-0,0,0,0,0,0,0,0,0
1784138693557,unknown,VM-74,Stage1-2-0,0,0,0,0,0,0,0,0
1784138693557,unknown,VM-78,Stage3-2-0,0,0,0,0,0,0,0,0
1784138693572,unknown,VM-79,Stage3-1-0,0,0,0,0,0,0,0,0
1784138693583,unknown,VM-76,Stage2-1-0,0,0,0,0,0,0,0,0
1784138694432,unknown,VM-73,Stage1-1-0,0,0,0,0,0,0,0,0
1784138694448,unknown,VM-75,Stage1-0-0,0,0,0,0,0,0,0,0
1784138694515,unknown,VM-77,Stage2-3-0,0,0,0,0,0,0,0,0
1784138694557,unknown,VM-74,Stage1-2-0,0,0,0,0,0,0,0,0
1784138694557,unknown,VM-78,Stage3-2-0,0,0,0,0,0,0,0,0
1784138694572,unknown,VM-79,Stage3-1-0,0,0,0,0,0,0,0,0
1784138694583,unknown,VM-76,Stage2-1-0,0,0,0,0,0,0,0,0
1784138695432,unknown,VM-73,Stage1-1-0,0,0,0,0,0,0,0,0
1784138695448,unknown,VM-75,Stage1-0-0,0,0,0,0,0,0,0,0
1784138695515,unknown,VM-77,Stage2-3-0,0,0,0,0,0,0,0,0
1784138695557,unknown,VM-74,Stage1-2-0,0,0,0,0,0,0,0,0
1784138695557,unknown,VM-78,Stage3-2-0,0,0,0,0,0,0,0,0
1784138695572,unknown,VM-79,Stage3-1-0,0,0,0,0,0,0,0,0
1784138695583,unknown,VM-76,Stage2-1-0,0,0,0,0,0,0,0,0
1784138696432,unknown,VM-73,Stage1-1-0,0,0,0,0,0,0,0,0
1784138696448,unknown,VM-75,Stage1-0-0,0,0,0,0,0,0,0,0
1784138696515,unknown,VM-77,Stage2-3-0,0,0,0,0,0,0,0,0
1784138696557,unknown,VM-74,Stage1-2-0,0,0,0,0,0,0,0,0
1784138696557,unknown,VM-78,Stage3-2-0,0,0,0,0,0,0,0,0
1784138696572,unknown,VM-79,Stage3-1-0,0,0,0,0,0,0,0,0
1784138696583,unknown,VM-76,Stage2-1-0,0,0,0,0,0,0,0,0
1784138697432,unknown,VM-73,Stage1-1-0,0,0,0,0,0,0,0,0
1784138697448,unknown,VM-75,Stage1-0-0,0,0,0,0,0,0,0,0
1784138697515,unknown,VM-77,Stage2-3-0,0,0,0,0,0,0,0,0
1784138697557,unknown,VM-74,Stage1-2-0,0,0,0,0,0,0,0,0
1784138697557,unknown,VM-78,Stage3-2-0,0,0,0,0,0,0,0,0
1784138697572,unknown,VM-79,Stage3-1-0,0,0,0,0,0,0,0,0
1784138697583,unknown,VM-76,Stage2-1-0,0,0,0,0,0,0,0,0
1784138698432,unknown,VM-73,Stage1-1-0,0,0,0,0,0,0,0,0
1784138698448,unknown,VM-75,Stage1-0-0,0,0,0,0,0,0,0,0
1784138698515,unknown,VM-77,Stage2-3-0,0,0,0,0,0,0,0,0
1784138698557,unknown,VM-74,Stage1-2-0,0,0,0,0,0,0,0,0
1784138698557,unknown,VM-78,Stage3-2-0,0,0,0,0,0,0,0,0
1784138698572,unknown,VM-79,Stage3-1-0,0,0,0,0,0,0,0,0
1784138698583,unknown,VM-76,Stage2-1-0,0,0,0,0,0,0,0,0
1784138699432,unknown,VM-73,Stage1-1-0,0,0,0,0,0,0,0,0
1784138699448,unknown,VM-75,Stage1-0-0,0,0,0,0,0,0,0,0
1784138699515,unknown,VM-77,Stage2-3-0,0,0,0,0,0,0,0,0
1784138699557,unknown,VM-74,Stage1-2-0,0,0,0,0,0,0,0,0
1784138699557,unknown,VM-78,Stage3-2-0,0,0,0,0,0,0,0,0
1784138699573,unknown,VM-79,Stage3-1-0,0,0,0,0,0,0,0,0
1784138699583,unknown,VM-76,Stage2-1-0,0,0,0,0,0,0,0,0
1784138700432,unknown,VM-73,Stage1-1-0,0,0,0,0,0,0,0,0
1784138700448,unknown,VM-75,Stage1-0-0,0,0,0,0,0,0,0,0
1784138700515,unknown,VM-77,Stage2-3-0,0,0,0,0,0,0,0,0
1784138700557,unknown,VM-74,Stage1-2-0,0,0,0,0,0,0,0,0
1784138700557,unknown,VM-78,Stage3-2-0,0,0,0,0,0,0,0,0
1784138700572,unknown,VM-79,Stage3-1-0,0,0,0,0,0,0,0,0
1784138700583,unknown,VM-76,Stage2-1-0,0,0,0,0,0,0,0,0
1784138701432,unknown,VM-73,Stage1-1-0,0,0,0,0,0,0,0,0
1784138701448,unknown,VM-75,Stage1-0-0,0,0,0,0,0,0,0,0
1784138701515,unknown,VM-77,Stage2-3-0,0,0,0,0,0,0,0,0
1784138701557,unknown,VM-74,Stage1-2-0,0,0,0,0,0,0,0,0
1784138701557,unknown,VM-78,Stage3-2-0,0,0,0,0,0,0,0,0
1784138701572,unknown,VM-79,Stage3-1-0,0,0,0,0,0,0,0,0
1784138701583,unknown,VM-76,Stage2-1-0,0,0,0,0,0,0,0,0
1784138702432,unknown,VM-73,Stage1-1-0,0,0,0,0,0,0,0,0
1784138702448,unknown,VM-75,Stage1-0-0,0,0,0,0,0,0,0,0
1784138702515,unknown,VM-77,Stage2-3-0,0,0,0,0,0,0,0,0
1784138702557,unknown,VM-74,Stage1-2-0,0,0,0,0,0,0,0,0
1784138702557,unknown,VM-78,Stage3-2-0,0,0,0,0,0,0,0,0
1784138702572,unknown,VM-79,Stage3-1-0,0,0,0,0,0,0,0,0
1784138702583,unknown,VM-76,Stage2-1-0,0,0,0,0,0,0,0,0
1784138703432,unknown,VM-73,Stage1-1-0,0,0,0,0,0,0,0,0
1784138703448,unknown,VM-75,Stage1-0-0,0,0,0,0,0,0,0,0
1784138703515,unknown,VM-77,Stage2-3-0,0,0,0,0,0,0,0,0
1784138703557,unknown,VM-74,Stage1-2-0,0,0,0,0,0,0,0,0
1784138703557,unknown,VM-78,Stage3-2-0,0,0,0,0,0,0,0,0
1784138703572,unknown,VM-79,Stage3-1-0,0,0,0,0,0,0,0,0
1784138703583,unknown,VM-76,Stage2-1-0,0,0,0,0,0,0,0,0
1784138704432,unknown,VM-73,Stage1-1-0,0,0,0,0,0,0,0,0
1784138704448,unknown,VM-75,Stage1-0-0,0,0,0,0,0,0,0,0
1784138704515,unknown,VM-77,Stage2-3-0,0,0,0,0,0,0,0,0
1784138704557,unknown,VM-74,Stage1-2-0,0,0,0,0,0,0,0,0
1784138704557,unknown,VM-78,Stage3-2-0,0,0,0,0,0,0,0,0
1784138704572,unknown,VM-79,Stage3-1-0,0,0,0,0,0,0,0,0
1784138704583,unknown,VM-76,Stage2-1-0,0,0,0,0,0,0,0,0
1784138705432,unknown,VM-73,Stage1-1-0,0,0,0,0,0,0,0,0
1784138705448,unknown,VM-75,Stage1-0-0,0,0,0,0,0,0,0,0
1784138705515,unknown,VM-77,Stage2-3-0,0,0,0,0,0,0,0,0
1784138705557,unknown,VM-74,Stage1-2-0,0,0,0,0,0,0,0,0
1784138705557,unknown,VM-78,Stage3-2-0,0,0,0,0,0,0,0,0
1784138705572,unknown,VM-79,Stage3-1-0,0,0,0,0,0,0,0,0
1784138705583,unknown,VM-76,Stage2-1-0,0,0,0,0,0,0,0,0
1784138706432,unknown,VM-73,Stage1-1-0,0,0,0,0,0,0,0,0
1784138706448,unknown,VM-75,Stage1-0-0,0,0,0,0,0,0,0,0
1784138706515,unknown,VM-77,Stage2-3-0,0,0,0,0,0,0,0,0
1784138706557,unknown,VM-74,Stage1-2-0,0,0,0,0,0,0,0,0
1784138706557,unknown,VM-78,Stage3-2-0,0,0,0,0,0,0,0,0
1784138706572,unknown,VM-79,Stage3-1-0,0,0,0,0,0,0,0,0
1784138706583,unknown,VM-76,Stage2-1-0,0,0,0,0,0,0,0,0
1784138707432,unknown,VM-73,Stage1-1-0,0,0,0,0,0,0,0,0
1784138707448,unknown,VM-75,Stage1-0-0,0,0,0,0,0,0,0,0
1784138707515,unknown,VM-77,Stage2-3-0,0,0,0,0,0,0,0,0
1784138707557,unknown,VM-74,Stage1-2-0,0,0,0,0,0,0,0,0
1784138707557,unknown,VM-78,Stage3-2-0,0,0,0,0,0,0,0,0
1784138707572,unknown,VM-79,Stage3-1-0,0,0,0,0,0,0,0,0
1784138707583,unknown,VM-76,Stage2-1-0,0,0,0,0,0,0,0,0
1784138708432,unknown,VM-73,Stage1-1-0,0,0,0,0,0,0,0,0
1784138708448,unknown,VM-75,Stage1-0-0,0,0,0,0,0,0,0,0
1784138708515,unknown,VM-77,Stage2-3-0,0,0,0,0,0,0,0,0
1784138708557,unknown,VM-74,Stage1-2-0,0,0,0,0,0,0,0,0
1784138708557,unknown,VM-78,Stage3-2-0,0,0,0,0,0,0,0,0
1784138708572,unknown,VM-79,Stage3-1-0,0,0,0,0,0,0,0,0
1784138708583,unknown,VM-76,Stage2-1-0,0,0,0,0,0,0,0,0
1784138709432,unknown,VM-73,Stage1-1-0,0,0,0,0,0,0,0,0
1784138709448,unknown,VM-75,Stage1-0-0,0,0,0,0,0,0,0,0
1784138709515,unknown,VM-77,Stage2-3-0,0,0,0,0,0,0,0,0
1784138709557,unknown,VM-74,Stage1-2-0,0,0,0,0,0,0,0,0
1784138709557,unknown,VM-78,Stage3-2-0,0,0,0,0,0,0,0,0
1784138709572,unknown,VM-79,Stage3-1-0,0,0,0,0,0,0,0,0
1784138709583,unknown,VM-76,Stage2-1-0,0,0,0,0,0,0,0,0
1784138710432,unknown,VM-73,Stage1-1-0,0,0,0,0,0,0,0,0
1784138710448,unknown,VM-75,Stage1-0-0,0,0,0,0,0,0,0,0
1784138710515,unknown,VM-77,Stage2-3-0,0,0,0,0,0,0,0,0
1784138710557,unknown,VM-74,Stage1-2-0,0,0,0,0,0,0,0,0
1784138710557,unknown,VM-78,Stage3-2-0,0,0,0,0,0,0,0,0
1784138710572,unknown,VM-79,Stage3-1-0,0,0,0,0,0,0,0,0
1784138710583,unknown,VM-76,Stage2-1-0,0,0,0,0,0,0,0,0
1784138711432,unknown,VM-73,Stage1-1-0,0,0,0,0,0,0,0,0
1784138711448,unknown,VM-75,Stage1-0-0,0,0,0,0,0,0,0,0
1784138711515,unknown,VM-77,Stage2-3-0,0,0,0,0,0,0,0,0
1784138711557,unknown,VM-74,Stage1-2-0,0,0,0,0,0,0,0,0
1784138711557,unknown,VM-78,Stage3-2-0,0,0,0,0,0,0,0,0
1784138711572,unknown,VM-79,Stage3-1-0,0,0,0,0,0,0,0,0
1784138711583,unknown,VM-76,Stage2-1-0,0,0,0,0,0,0,0,0
1784138712432,unknown,VM-73,Stage1-1-0,0,0,0,0,0,0,0,0
1784138712448,unknown,VM-75,Stage1-0-0,0,0,0,0,0,0,0,0
1784138712515,unknown,VM-77,Stage2-3-0,0,0,0,0,0,0,0,0
1784138712557,unknown,VM-74,Stage1-2-0,0,0,0,0,0,0,0,0
1784138712557,unknown,VM-78,Stage3-2-0,0,0,0,0,0,0,0,0
1784138712572,unknown,VM-79,Stage3-1-0,0,0,0,0,0,0,0,0
1784138712583,unknown,VM-76,Stage2-1-0,0,0,0,0,0,0,0,0
1784138713432,unknown,VM-73,Stage1-1-0,0,0,0,0,0,0,0,0
1784138713448,unknown,VM-75,Stage1-0-0,0,0,0,0,0,0,0,0
1784138713515,unknown,VM-77,Stage2-3-0,0,0,0,0,0,0,0,0
1784138713557,unknown,VM-74,Stage1-2-0,0,0,0,0,0,0,0,0
1784138713557,unknown,VM-78,Stage3-2-0,0,0,0,0,0,0,0,0
1784138713572,unknown,VM-79,Stage3-1-0,0,0,0,0,0,0,0,0
1784138713583,unknown,VM-76,Stage2-1-0,0,0,0,0,0,0,0,0
1784138714432,unknown,VM-73,Stage1-1-0,0,0,0,0,0,0,0,0
1784138714448,unknown,VM-75,Stage1-0-0,0,0,0,0,0,0,0,0
1784138714515,unknown,VM-77,Stage2-3-0,0,0,0,0,0,0,0,0
1784138714557,unknown,VM-78,Stage3-2-0,0,0,0,0,0,0,0,0
1784138714557,unknown,VM-74,Stage1-2-0,0,0,0,0,0,0,0,0
1784138714572,unknown,VM-79,Stage3-1-0,0,0,0,0,0,0,0,0
1784138714583,unknown,VM-76,Stage2-1-0,0,0,0,0,0,0,0,0
1784138715432,unknown,VM-73,Stage1-1-0,0,0,0,0,0,0,0,0
1784138715448,unknown,VM-75,Stage1-0-0,0,0,0,0,0,0,0,0
1784138715515,unknown,VM-77,Stage2-3-0,0,0,0,0,0,0,0,0
1784138715557,unknown,VM-74,Stage1-2-0,0,0,0,0,0,0,0,0
1784138715557,unknown,VM-78,Stage3-2-0,0,0,0,0,0,0,0,0
1784138715572,unknown,VM-79,Stage3-1-0,0,0,0,0,0,0,0,0
1784138715583,unknown,VM-76,Stage2-1-0,0,0,0,0,0,0,0,0
1784138716432,unknown,VM-73,Stage1-1-0,0,0,0,0,0,0,0,0
1784138716448,unknown,VM-75,Stage1-0-0,0,0,0,0,0,0,0,0
1784138716515,unknown,VM-77,Stage2-3-0,0,0,0,0,0,0,0,0
1784138716557,unknown,VM-74,Stage1-2-0,0,0,0,0,0,0,0,0
1784138716557,unknown,VM-78,Stage3-2-0,0,0,0,0,0,0,0,0
1784138716572,unknown,VM-79,Stage3-1-0,0,0,0,0,0,0,0,0
1784138716583,unknown,VM-76,Stage2-1-0,0,0,0,0,0,0,0,0
1784138717432,unknown,VM-73,Stage1-1-0,0,0,0,0,0,0,0,0
1784138717448,unknown,VM-75,Stage1-0-0,0,0,0,0,0,0,0,0
1784138717515,unknown,VM-77,Stage2-3-0,0,0,0,0,0,0,0,0
1784138717557,unknown,VM-74,Stage1-2-0,0,0,0,0,0,0,0,0
1784138717557,unknown,VM-78,Stage3-2-0,0,0,0,0,0,0,0,0
1784138717572,unknown,VM-79,Stage3-1-0,0,0,0,0,0,0,0,0
1784138717583,unknown,VM-76,Stage2-1-0,0,0,0,0,0,0,0,0
1784138718432,unknown,VM-73,Stage1-1-0,0,0,0,0,0,0,0,0
1784138718448,unknown,VM-75,Stage1-0-0,0,0,0,0,0,0,0,0
1784138718515,unknown,VM-77,Stage2-3-0,0,0,0,0,0,0,0,0
1784138718557,unknown,VM-74,Stage1-2-0,0,0,0,0,0,0,0,0
1784138718557,unknown,VM-78,Stage3-2-0,0,0,0,0,0,0,0,0
1784138718572,unknown,VM-79,Stage3-1-0,0,0,0,0,0,0,0,0
1784138718583,unknown,VM-76,Stage2-1-0,0,0,0,0,0,0,0,0
1784138719432,unknown,VM-73,Stage1-1-0,0,0,0,0,0,0,0,0
1784138719448,unknown,VM-75,Stage1-0-0,0,0,0,0,0,0,0,0
1784138719515,unknown,VM-77,Stage2-3-0,0,0,0,0,0,0,0,0
1784138719557,unknown,VM-74,Stage1-2-0,0,0,0,0,0,0,0,0
1784138719557,unknown,VM-78,Stage3-2-0,0,0,0,0,0,0,0,0
1784138719572,unknown,VM-79,Stage3-1-0,0,0,0,0,0,0,0,0
1784138719583,unknown,VM-76,Stage2-1-0,0,0,0,0,0,0,0,0
1784138720432,unknown,VM-73,Stage1-1-0,0,0,0,0,0,0,0,0
1784138720448,unknown,VM-75,Stage1-0-0,0,0,0,0,0,0,0,0
1784138720515,unknown,VM-77,Stage2-3-0,0,0,0,0,0,0,0,0
1784138720557,unknown,VM-74,Stage1-2-0,0,0,0,0,0,0,0,0
1784138720557,unknown,VM-78,Stage3-2-0,0,0,0,0,0,0,0,0
1784138720572,unknown,VM-79,Stage3-1-0,0,0,0,0,0,0,0,0
1784138720583,unknown,VM-76,Stage2-1-0,0,0,0,0,0,0,0,0
1784138721432,unknown,VM-73,Stage1-1-0,0,0,0,0,0,0,0,0
1784138721448,unknown,VM-75,Stage1-0-0,0,0,0,0,0,0,0,0
1784138721515,unknown,VM-77,Stage2-3-0,0,0,0,0,0,0,0,0
1784138721557,unknown,VM-74,Stage1-2-0,0,0,0,0,0,0,0,0
1784138721557,unknown,VM-78,Stage3-2-0,0,0,0,0,0,0,0,0
1784138721572,unknown,VM-79,Stage3-1-0,0,0,0,0,0,0,0,0
1784138721583,unknown,VM-76,Stage2-1-0,0,0,0,0,0,0,0,0
1784138722432,unknown,VM-73,Stage1-1-0,0,0,0,0,0,0,0,0
1784138722448,unknown,VM-75,Stage1-0-0,0,0,0,0,0,0,0,0
1784138722515,unknown,VM-77,Stage2-3-0,0,0,0,0,0,0,0,0
1784138722557,unknown,VM-74,Stage1-2-0,0,0,0,0,0,0,0,0
1784138722557,unknown,VM-78,Stage3-2-0,0,0,0,0,0,0,0,0
1784138722572,unknown,VM-79,Stage3-1-0,0,0,0,0,0,0,0,0
1784138722583,unknown,VM-76,Stage2-1-0,0,0,0,0,0,0,0,0
1784138723433,unknown,VM-73,Stage1-1-0,0,0,0,0,0,0,0,0
1784138723448,unknown,VM-75,Stage1-0-0,0,0,0,0,0,0,0,0
1784138723515,unknown,VM-77,Stage2-3-0,0,0,0,0,0,0,0,0
1784138723557,unknown,VM-74,Stage1-2-0,0,0,0,0,0,0,0,0
1784138723557,unknown,VM-78,Stage3-2-0,0,0,0,0,0,0,0,0
1784138723572,unknown,VM-79,Stage3-1-0,0,0,0,0,0,0,0,0
1784138723583,unknown,VM-76,Stage2-1-0,0,0,0,0,0,0,0,0
1784138724432,unknown,VM-73,Stage1-1-0,0,0,0,0,0,0,0,0
1784138724448,unknown,VM-75,Stage1-0-0,0,0,0,0,0,0,0,0
1784138724515,unknown,VM-77,Stage2-3-0,0,0,0,0,0,0,0,0
1784138724557,unknown,VM-74,Stage1-2-0,0,0,0,0,0,0,0,0
1784138724557,unknown,VM-78,Stage3-2-0,0,0,0,0,0,0,0,0
1784138724572,unknown,VM-79,Stage3-1-0,0,0,0,0,0,0,0,0
1784138724583,unknown,VM-76,Stage2-1-0,0,0,0,0,0,0,0,0
1784138725432,unknown,VM-73,Stage1-1-0,0,0,0,0,0,0,0,0
1784138725448,unknown,VM-75,Stage1-0-0,0,0,0,0,0,0,0,0
1784138725515,unknown,VM-77,Stage2-3-0,0,0,0,0,0,0,0,0
1784138725557,unknown,VM-74,Stage1-2-0,0,0,0,0,0,0,0,0
1784138725557,unknown,VM-78,Stage3-2-0,0,0,0,0,0,0,0,0
1784138725572,unknown,VM-79,Stage3-1-0,0,0,0,0,0,0,0,0
1784138725583,unknown,VM-76,Stage2-1-0,0,0,0,0,0,0,0,0
1784138726432,unknown,VM-73,Stage1-1-0,0,0,0,0,0,0,0,0
1784138726448,unknown,VM-75,Stage1-0-0,0,0,0,0,0,0,0,0
1784138726515,unknown,VM-77,Stage2-3-0,0,0,0,0,0,0,0,0
1784138726557,unknown,VM-74,Stage1-2-0,0,0,0,0,0,0,0,0
1784138726557,unknown,VM-78,Stage3-2-0,0,0,0,0,0,0,0,0
1784138726572,unknown,VM-79,Stage3-1-0,0,0,0,0,0,0,0,0
1784138726583,unknown,VM-76,Stage2-1-0,0,0,0,0,0,0,0,0
1784138727432,unknown,VM-73,Stage1-1-0,0,0,0,0,0,0,0,0
1784138727448,unknown,VM-75,Stage1-0-0,0,0,0,0,0,0,0,0
1784138727515,unknown,VM-77,Stage2-3-0,0,0,0,0,0,0,0,0
1784138727557,unknown,VM-74,Stage1-2-0,0,0,0,0,0,0,0,0
1784138727557,unknown,VM-78,Stage3-2-0,0,0,0,0,0,0,0,0
1784138727573,unknown,VM-79,Stage3-1-0,0,0,0,0,0,0,0,0
1784138727583,unknown,VM-76,Stage2-1-0,0,0,0,0,0,0,0,0
1784138728432,unknown,VM-73,Stage1-1-0,0,0,0,0,0,0,0,0
1784138728448,unknown,VM-75,Stage1-0-0,0,0,0,0,0,0,0,0
1784138728515,unknown,VM-77,Stage2-3-0,0,0,0,0,0,0,0,0
1784138728557,unknown,VM-74,Stage1-2-0,0,0,0,0,0,0,0,0
1784138728557,unknown,VM-78,Stage3-2-0,0,0,0,0,0,0,0,0
1784138728572,unknown,VM-79,Stage3-1-0,0,0,0,0,0,0,0,0
1784138728583,unknown,VM-76,Stage2-1-0,0,0,0,0,0,0,0,0
1784138729432,unknown,VM-73,Stage1-1-0,0,0,0,0,0,0,0,0
1784138729448,unknown,VM-75,Stage1-0-0,0,0,0,0,0,0,0,0
1784138729515,unknown,VM-77,Stage2-3-0,0,0,0,0,0,0,0,0
1784138729557,unknown,VM-74,Stage1-2-0,0,0,0,0,0,0,0,0
1784138729557,unknown,VM-78,Stage3-2-0,0,0,0,0,0,0,0,0
1784138729572,unknown,VM-79,Stage3-1-0,0,0,0,0,0,0,0,0
1784138729583,unknown,VM-76,Stage2-1-0,0,0,0,0,0,0,0,0
1784138730432,unknown,VM-73,Stage1-1-0,0,0,0,0,0,0,0,0
1784138730448,unknown,VM-75,Stage1-0-0,0,0,0,0,0,0,0,0
1784138730515,unknown,VM-77,Stage2-3-0,0,0,0,0,0,0,0,0
1784138730557,unknown,VM-74,Stage1-2-0,0,0,0,0,0,0,0,0
1784138730557,unknown,VM-78,Stage3-2-0,0,0,0,0,0,0,0,0
1784138730572,unknown,VM-79,Stage3-1-0,0,0,0,0,0,0,0,0
1784138730583,unknown,VM-76,Stage2-1-0,0,0,0,0,0,0,0,0
1784138731432,unknown,VM-73,Stage1-1-0,0,0,0,0,0,0,0,0
1784138731448,unknown,VM-75,Stage1-0-0,0,0,0,0,0,0,0,0
1784138731515,unknown,VM-77,Stage2-3-0,0,0,0,0,0,0,0,0
1784138731557,unknown,VM-74,Stage1-2-0,0,0,0,0,0,0,0,0
1784138731557,unknown,VM-78,Stage3-2-0,0,0,0,0,0,0,0,0
1784138731572,unknown,VM-79,Stage3-1-0,0,0,0,0,0,0,0,0
1784138731583,unknown,VM-76,Stage2-1-0,0,0,0,0,0,0,0,0
1784138732432,unknown,VM-73,Stage1-1-0,0,0,0,0,0,0,0,0
1784138732448,unknown,VM-75,Stage1-0-0,0,0,0,0,0,0,0,0
1784138732515,unknown,VM-77,Stage2-3-0,0,0,0,0,0,0,0,0
1784138732557,unknown,VM-74,Stage1-2-0,0,0,0,0,0,0,0,0
1784138732557,unknown,VM-78,Stage3-2-0,0,0,0,0,0,0,0,0
1784138732572,unknown,VM-79,Stage3-1-0,0,0,0,0,0,0,0,0
1784138732583,unknown,VM-76,Stage2-1-0,0,0,0,0,0,0,0,0
1784138733432,unknown,VM-73,Stage1-1-0,0,0,0,0,0,0,0,0
1784138733448,unknown,VM-75,Stage1-0-0,0,0,0,0,0,0,0,0
1784138733515,unknown,VM-77,Stage2-3-0,0,0,0,0,0,0,0,0
1784138733557,unknown,VM-74,Stage1-2-0,0,0,0,0,0,0,0,0
1784138733557,unknown,VM-78,Stage3-2-0,0,0,0,0,0,0,0,0
1784138733572,unknown,VM-79,Stage3-1-0,0,0,0,0,0,0,0,0
1784138733583,unknown,VM-76,Stage2-1-0,0,0,0,0,0,0,0,0
1784138734432,unknown,VM-73,Stage1-1-0,0,0,0,0,0,0,0,0
1784138734448,unknown,VM-75,Stage1-0-0,0,0,0,0,0,0,0,0
1784138734515,unknown,VM-77,Stage2-3-0,0,0,0,0,0,0,0,0
1784138734557,unknown,VM-74,Stage1-2-0,0,0,0,0,0,0,0,0
1784138734557,unknown,VM-78,Stage3-2-0,0,0,0,0,0,0,0,0
1784138734572,unknown,VM-79,Stage3-1-0,0,0,0,0,0,0,0,0
1784138734583,unknown,VM-76,Stage2-1-0,0,0,0,0,0,0,0,0
1784138735432,unknown,VM-73,Stage1-1-0,0,0,0,0,0,0,0,0
1784138735448,unknown,VM-75,Stage1-0-0,0,0,0,0,0,0,0,0
1784138735515,unknown,VM-77,Stage2-3-0,0,0,0,0,0,0,0,0
1784138735557,unknown,VM-74,Stage1-2-0,0,0,0,0,0,0,0,0
1784138735557,unknown,VM-78,Stage3-2-0,0,0,0,0,0,0,0,0
1784138735572,unknown,VM-79,Stage3-1-0,0,0,0,0,0,0,0,0
1784138735583,unknown,VM-76,Stage2-1-0,0,0,0,0,0,0,0,0
1784138736432,unknown,VM-73,Stage1-1-0,0,0,0,0,0,0,0,0
1784138736448,unknown,VM-75,Stage1-0-0,0,0,0,0,0,0,0,0
1784138736515,unknown,VM-77,Stage2-3-0,0,0,0,0,0,0,0,0
1784138736557,unknown,VM-74,Stage1-2-0,0,0,0,0,0,0,0,0
1784138736557,unknown,VM-78,Stage3-2-0,0,0,0,0,0,0,0,0
1784138736572,unknown,VM-79,Stage3-1-0,0,0,0,0,0,0,0,0
1784138736583,unknown,VM-76,Stage2-1-0,0,0,0,0,0,0,0,0
1784138737432,unknown,VM-73,Stage1-1-0,0,0,0,0,0,0,0,0
1784138737448,unknown,VM-75,Stage1-0-0,0,0,0,0,0,0,0,0
1784138737515,unknown,VM-77,Stage2-3-0,0,0,0,0,0,0,0,0
1784138737557,unknown,VM-78,Stage3-2-0,0,0,0,0,0,0,0,0
1784138737557,unknown,VM-74,Stage1-2-0,0,0,0,0,0,0,0,0
1784138737572,unknown,VM-79,Stage3-1-0,0,0,0,0,0,0,0,0
1784138737583,unknown,VM-76,Stage2-1-0,0,0,0,0,0,0,0,0
1784138738432,unknown,VM-73,Stage1-1-0,0,0,0,0,0,0,0,0
1784138738448,unknown,VM-75,Stage1-0-0,0,0,0,0,0,0,0,0
1784138738515,unknown,VM-77,Stage2-3-0,0,0,0,0,0,0,0,0
1784138738557,unknown,VM-74,Stage1-2-0,0,0,0,0,0,0,0,0
1784138738557,unknown,VM-78,Stage3-2-0,0,0,0,0,0,0,0,0
1784138738572,unknown,VM-79,Stage3-1-0,0,0,0,0,0,0,0,0
1784138738583,unknown,VM-76,Stage2-1-0,0,0,0,0,0,0,0,0
1784138739432,unknown,VM-73,Stage1-1-0,0,0,0,0,0,0,0,0
1784138739448,unknown,VM-75,Stage1-0-0,0,0,0,0,0,0,0,0
1784138739515,unknown,VM-77,Stage2-3-0,0,0,0,0,0,0,0,0
1784138739557,unknown,VM-74,Stage1-2-0,0,0,0,0,0,0,0,0
1784138739557,unknown,VM-78,Stage3-2-0,0,0,0,0,0,0,0,0
1784138739573,unknown,VM-79,Stage3-1-0,0,0,0,0,0,0,0,0
1784138739583,unknown,VM-76,Stage2-1-0,0,0,0,0,0,0,0,0
1784138740432,unknown,VM-73,Stage1-1-0,0,0,0,0,0,0,0,0
1784138740448,unknown,VM-75,Stage1-0-0,0,0,0,0,0,0,0,0
1784138740515,unknown,VM-77,Stage2-3-0,0,0,0,0,0,0,0,0
1784138740557,unknown,VM-74,Stage1-2-0,0,0,0,0,0,0,0,0
1784138740557,unknown,VM-78,Stage3-2-0,0,0,0,0,0,0,0,0
1784138740572,unknown,VM-79,Stage3-1-0,0,0,0,0,0,0,0,0
1784138740583,unknown,VM-76,Stage2-1-0,0,0,0,0,0,0,0,0
1784138741432,unknown,VM-73,Stage1-1-0,0,0,0,0,0,0,0,0
1784138741448,unknown,VM-75,Stage1-0-0,0,0,0,0,0,0,0,0
1784138741515,unknown,VM-77,Stage2-3-0,0,0,0,0,0,0,0,0
1784138741557,unknown,VM-74,Stage1-2-0,0,0,0,0,0,0,0,0
1784138741557,unknown,VM-78,Stage3-2-0,0,0,0,0,0,0,0,0
1784138741572,unknown,VM-79,Stage3-1-0,0,0,0,0,0,0,0,0
1784138741583,unknown,VM-76,Stage2-1-0,0,0,0,0,0,0,0,0
1784138742432,unknown,VM-73,Stage1-1-0,0,0,0,0,0,0,0,0
1784138742448,unknown,VM-75,Stage1-0-0,0,0,0,0,0,0,0,0
1784138742515,unknown,VM-77,Stage2-3-0,0,0,0,0,0,0,0,0
1784138742557,unknown,VM-78,Stage3-2-0,0,0,0,0,0,0,0,0
1784138742557,unknown,VM-74,Stage1-2-0,0,0,0,0,0,0,0,0
1784138742572,unknown,VM-79,Stage3-1-0,0,0,0,0,0,0,0,0
1784138742583,unknown,VM-76,Stage2-1-0,0,0,0,0,0,0,0,0
1784138743432,unknown,VM-73,Stage1-1-0,0,0,0,0,0,0,0,0
1784138743448,unknown,VM-75,Stage1-0-0,0,0,0,0,0,0,0,0
1784138743515,unknown,VM-77,Stage2-3-0,0,0,0,0,0,0,0,0
1784138743557,unknown,VM-78,Stage3-2-0,0,0,0,0,0,0,0,0
1784138743557,unknown,VM-74,Stage1-2-0,0,0,0,0,0,0,0,0
1784138743572,unknown,VM-79,Stage3-1-0,0,0,0,0,0,0,0,0
1784138743583,unknown,VM-76,Stage2-1-0,0,0,0,0,0,0,0,0
1784138744432,unknown,VM-73,Stage1-1-0,0,0,0,0,0,0,0,0
1784138744448,unknown,VM-75,Stage1-0-0,0,0,0,0,0,0,0,0
1784138744515,unknown,VM-77,Stage2-3-0,0,0,0,0,0,0,0,0
1784138744557,unknown,VM-78,Stage3-2-0,0,0,0,0,0,0,0,0
1784138744557,unknown,VM-74,Stage1-2-0,0,0,0,0,0,0,0,0
1784138744572,unknown,VM-79,Stage3-1-0,0,0,0,0,0,0,0,0
1784138744583,unknown,VM-76,Stage2-1-0,0,0,0,0,0,0,0,0
1784138745432,unknown,VM-73,Stage1-1-0,0,0,0,0,0,0,0,0
1784138745448,unknown,VM-75,Stage1-0-0,0,0,0,0,0,0,0,0
1784138745515,unknown,VM-77,Stage2-3-0,0,0,0,0,0,0,0,0
1784138745557,unknown,VM-74,Stage1-2-0,0,0,0,0,0,0,0,0
1784138745557,unknown,VM-78,Stage3-2-0,0,0,0,0,0,0,0,0
1784138745572,unknown,VM-79,Stage3-1-0,0,0,0,0,0,0,0,0
1784138745583,unknown,VM-76,Stage2-1-0,0,0,0,0,0,0,0,0
1784138746432,unknown,VM-73,Stage1-1-0,0,0,0,0,0,0,0,0
1784138746448,unknown,VM-75,Stage1-0-0,0,0,0,0,0,0,0,0
1784138746515,unknown,VM-77,Stage2-3-0,0,0,0,0,0,0,0,0
1784138746557,unknown,VM-74,Stage1-2-0,0,0,0,0,0,0,0,0
1784138746557,unknown,VM-78,Stage3-2-0,0,0,0,0,0,0,0,0
1784138746572,unknown,VM-79,Stage3-1-0,0,0,0,0,0,0,0,0
1784138746583,unknown,VM-76,Stage2-1-0,0,0,0,0,0,0,0,0
1784138747432,unknown,VM-73,Stage1-1-0,0,0,0,0,0,0,0,0
1784138747448,unknown,VM-75,Stage1-0-0,0,0,0,0,0,0,0,0
1784138747515,unknown,VM-77,Stage2-3-0,0,0,0,0,0,0,0,0
1784138747557,unknown,VM-74,Stage1-2-0,0,0,0,0,0,0,0,0
1784138747557,unknown,VM-78,Stage3-2-0,0,0,0,0,0,0,0,0
1784138747572,unknown,VM-79,Stage3-1-0,0,0,0,0,0,0,0,0
1784138747583,unknown,VM-76,Stage2-1-0,0,0,0,0,0,0,0,0
1784138748432,unknown,VM-73,Stage1-1-0,0,0,0,0,0,0,0,0
1784138748448,unknown,VM-75,Stage1-0-0,0,0,0,0,0,0,0,0
1784138748515,unknown,VM-77,Stage2-3-0,0,0,0,0,0,0,0,0
1784138748557,unknown,VM-74,Stage1-2-0,0,0,0,0,0,0,0,0
1784138748557,unknown,VM-78,Stage3-2-0,0,0,0,0,0,0,0,0
1784138748572,unknown,VM-79,Stage3-1-0,0,0,0,0,0,0,0,0
1784138748583,unknown,VM-76,Stage2-1-0,0,0,0,0,0,0,0,0
1784138749432,unknown,VM-73,Stage1-1-0,0,0,0,0,0,0,0,0
1784138749448,unknown,VM-75,Stage1-0-0,0,0,0,0,0,0,0,0
1784138749515,unknown,VM-77,Stage2-3-0,0,0,0,0,0,0,0,0
1784138749557,unknown,VM-74,Stage1-2-0,0,0,0,0,0,0,0,0
1784138749557,unknown,VM-78,Stage3-2-0,0,0,0,0,0,0,0,0
1784138749572,unknown,VM-79,Stage3-1-0,0,0,0,0,0,0,0,0
1784138749583,unknown,VM-76,Stage2-1-0,0,0,0,0,0,0,0,0
1784138750432,unknown,VM-73,Stage1-1-0,0,0,0,0,0,0,0,0
1784138750448,unknown,VM-75,Stage1-0-0,0,0,0,0,0,0,0,0
1784138750515,unknown,VM-77,Stage2-3-0,0,0,0,0,0,0,0,0
1784138750557,unknown,VM-74,Stage1-2-0,0,0,0,0,0,0,0,0
1784138750557,unknown,VM-78,Stage3-2-0,0,0,0,0,0,0,0,0
1784138750572,unknown,VM-79,Stage3-1-0,0,0,0,0,0,0,0,0
1784138750583,unknown,VM-76,Stage2-1-0,0,0,0,0,0,0,0,0
1784138751432,unknown,VM-73,Stage1-1-0,0,0,0,0,0,0,0,0
1784138751448,unknown,VM-75,Stage1-0-0,0,0,0,0,0,0,0,0
1784138751515,unknown,VM-77,Stage2-3-0,0,0,0,0,0,0,0,0
1784138751557,unknown,VM-74,Stage1-2-0,0,0,0,0,0,0,0,0
1784138751557,unknown,VM-78,Stage3-2-0,0,0,0,0,0,0,0,0
1784138751572,unknown,VM-79,Stage3-1-0,0,0,0,0,0,0,0,0
1784138751583,unknown,VM-76,Stage2-1-0,0,0,0,0,0,0,0,0
1784138752432,unknown,VM-73,Stage1-1-0,0,0,0,0,0,0,0,0
1784138752448,unknown,VM-75,Stage1-0-0,0,0,0,0,0,0,0,0
1784138752515,unknown,VM-77,Stage2-3-0,0,0,0,0,0,0,0,0
1784138752557,unknown,VM-74,Stage1-2-0,0,0,0,0,0,0,0,0
1784138752557,unknown,VM-78,Stage3-2-0,0,0,0,0,0,0,0,0
1784138752572,unknown,VM-79,Stage3-1-0,0,0,0,0,0,0,0,0
1784138752583,unknown,VM-76,Stage2-1-0,0,0,0,0,0,0,0,0
1784138753432,unknown,VM-73,Stage1-1-0,0,0,0,0,0,0,0,0
1784138753448,unknown,VM-75,Stage1-0-0,0,0,0,0,0,0,0,0
1784138753515,unknown,VM-77,Stage2-3-0,0,0,0,0,0,0,0,0
1784138753557,unknown,VM-74,Stage1-2-0,0,0,0,0,0,0,0,0
1784138753557,unknown,VM-78,Stage3-2-0,0,0,0,0,0,0,0,0
1784138753572,unknown,VM-79,Stage3-1-0,0,0,0,0,0,0,0,0
1784138753583,unknown,VM-76,Stage2-1-0,0,0,0,0,0,0,0,0
1784138754432,unknown,VM-73,Stage1-1-0,0,0,0,0,0,0,0,0
1784138754448,unknown,VM-75,Stage1-0-0,0,0,0,0,0,0,0,0
1784138754515,unknown,VM-77,Stage2-3-0,0,0,0,0,0,0,0,0
1784138754557,unknown,VM-74,Stage1-2-0,0,0,0,0,0,0,0,0
1784138754557,unknown,VM-78,Stage3-2-0,0,0,0,0,0,0,0,0
1784138754572,unknown,VM-79,Stage3-1-0,0,0,0,0,0,0,0,0
1784138754583,unknown,VM-76,Stage2-1-0,0,0,0,0,0,0,0,0
1784138755432,unknown,VM-73,Stage1-1-0,0,0,0,0,0,0,0,0
1784138755448,unknown,VM-75,Stage1-0-0,0,0,0,0,0,0,0,0
1784138755515,unknown,VM-77,Stage2-3-0,0,0,0,0,0,0,0,0
1784138755557,unknown,VM-74,Stage1-2-0,0,0,0,0,0,0,0,0
1784138755557,unknown,VM-78,Stage3-2-0,0,0,0,0,0,0,0,0
1784138755572,unknown,VM-79,Stage3-1-0,0,0,0,0,0,0,0,0
1784138755583,unknown,VM-76,Stage2-1-0,0,0,0,0,0,0,0,0
1784138756432,unknown,VM-73,Stage1-1-0,0,0,0,0,0,0,0,0
1784138756448,unknown,VM-75,Stage1-0-0,0,0,0,0,0,0,0,0
1784138756515,unknown,VM-77,Stage2-3-0,0,0,0,0,0,0,0,0
1784138756557,unknown,VM-74,Stage1-2-0,0,0,0,0,0,0,0,0
1784138756557,unknown,VM-78,Stage3-2-0,0,0,0,0,0,0,0,0
1784138756572,unknown,VM-79,Stage3-1-0,0,0,0,0,0,0,0,0
1784138756583,unknown,VM-76,Stage2-1-0,0,0,0,0,0,0,0,0
1784138757432,unknown,VM-73,Stage1-1-0,0,0,0,0,0,0,0,0
1784138757448,unknown,VM-75,Stage1-0-0,0,0,0,0,0,0,0,0
1784138757515,unknown,VM-77,Stage2-3-0,0,0,0,0,0,0,0,0
1784138757557,unknown,VM-74,Stage1-2-0,0,0,0,0,0,0,0,0
1784138757557,unknown,VM-78,Stage3-2-0,0,0,0,0,0,0,0,0
1784138757572,unknown,VM-79,Stage3-1-0,0,0,0,0,0,0,0,0
1784138757583,unknown,VM-76,Stage2-1-0,0,0,0,0,0,0,0,0
1784138758432,unknown,VM-73,Stage1-1-0,0,0,0,0,0,0,0,0
1784138758448,unknown,VM-75,Stage1-0-0,0,0,0,0,0,0,0,0
1784138758515,unknown,VM-77,Stage2-3-0,0,0,0,0,0,0,0,0
1784138758557,unknown,VM-74,Stage1-2-0,0,0,0,0,0,0,0,0
1784138758557,unknown,VM-78,Stage3-2-0,0,0,0,0,0,0,0,0
1784138758572,unknown,VM-79,Stage3-1-0,0,0,0,0,0,0,0,0
1784138758583,unknown,VM-76,Stage2-1-0,0,0,0,0,0,0,0,0
1784138759432,unknown,VM-73,Stage1-1-0,0,0,0,0,0,0,0,0
1784138759448,unknown,VM-75,Stage1-0-0,0,0,0,0,0,0,0,0
1784138759515,unknown,VM-77,Stage2-3-0,0,0,0,0,0,0,0,0
1784138759557,unknown,VM-74,Stage1-2-0,0,0,0,0,0,0,0,0
1784138759557,unknown,VM-78,Stage3-2-0,0,0,0,0,0,0,0,0
1784138759572,unknown,VM-79,Stage3-1-0,0,0,0,0,0,0,0,0
1784138759583,unknown,VM-76,Stage2-1-0,0,0,0,0,0,0,0,0
1784138760432,unknown,VM-73,Stage1-1-0,0,0,0,0,0,0,0,0
1784138760448,unknown,VM-75,Stage1-0-0,0,0,0,0,0,0,0,0
1784138760515,unknown,VM-77,Stage2-3-0,0,0,0,0,0,0,0,0
1784138760557,unknown,VM-74,Stage1-2-0,0,0,0,0,0,0,0,0
1784138760557,unknown,VM-78,Stage3-2-0,0,0,0,0,0,0,0,0
1784138760572,unknown,VM-79,Stage3-1-0,0,0,0,0,0,0,0,0
1784138760583,unknown,VM-76,Stage2-1-0,0,0,0,0,0,0,0,0
1784138761432,unknown,VM-73,Stage1-1-0,0,0,0,0,0,0,0,0
1784138761448,unknown,VM-75,Stage1-0-0,0,0,0,0,0,0,0,0
1784138761515,unknown,VM-77,Stage2-3-0,0,0,0,0,0,0,0,0
1784138761557,unknown,VM-74,Stage1-2-0,0,0,0,0,0,0,0,0
1784138761557,unknown,VM-78,Stage3-2-0,0,0,0,0,0,0,0,0
1784138761572,unknown,VM-79,Stage3-1-0,0,0,0,0,0,0,0,0
1784138761583,unknown,VM-76,Stage2-1-0,0,0,0,0,0,0,0,0
1784138762432,unknown,VM-73,Stage1-1-0,0,0,0,0,0,0,0,0
1784138762448,unknown,VM-75,Stage1-0-0,0,0,0,0,0,0,0,0
1784138762515,unknown,VM-77,Stage2-3-0,0,0,0,0,0,0,0,0
1784138762557,unknown,VM-74,Stage1-2-0,0,0,0,0,0,0,0,0
1784138762557,unknown,VM-78,Stage3-2-0,0,0,0,0,0,0,0,0
1784138762572,unknown,VM-79,Stage3-1-0,0,0,0,0,0,0,0,0
1784138762583,unknown,VM-76,Stage2-1-0,0,0,0,0,0,0,0,0
1784138763432,unknown,VM-73,Stage1-1-0,0,0,0,0,0,0,0,0
1784138763448,unknown,VM-75,Stage1-0-0,0,0,0,0,0,0,0,0
1784138763515,unknown,VM-77,Stage2-3-0,0,0,0,0,0,0,0,0
1784138763557,unknown,VM-74,Stage1-2-0,0,0,0,0,0,0,0,0
1784138763557,unknown,VM-78,Stage3-2-0,0,0,0,0,0,0,0,0
1784138763572,unknown,VM-79,Stage3-1-0,0,0,0,0,0,0,0,0
1784138763583,unknown,VM-76,Stage2-1-0,0,0,0,0,0,0,0,0
1784138764432,unknown,VM-73,Stage1-1-0,0,0,0,0,0,0,0,0
1784138764448,unknown,VM-75,Stage1-0-0,0,0,0,0,0,0,0,0
1784138764515,unknown,VM-77,Stage2-3-0,0,0,0,0,0,0,0,0
1784138764557,unknown,VM-74,Stage1-2-0,0,0,0,0,0,0,0,0
1784138764557,unknown,VM-78,Stage3-2-0,0,0,0,0,0,0,0,0
1784138764572,unknown,VM-79,Stage3-1-0,0,0,0,0,0,0,0,0
1784138764583,unknown,VM-76,Stage2-1-0,0,0,0,0,0,0,0,0
1784138765432,unknown,VM-73,Stage1-1-0,0,0,0,0,0,0,0,0
1784138765448,unknown,VM-75,Stage1-0-0,0,0,0,0,0,0,0,0
1784138765515,unknown,VM-77,Stage2-3-0,0,0,0,0,0,0,0,0
1784138765557,unknown,VM-74,Stage1-2-0,0,0,0,0,0,0,0,0
1784138765557,unknown,VM-78,Stage3-2-0,0,0,0,0,0,0,0,0
1784138765572,unknown,VM-79,Stage3-1-0,0,0,0,0,0,0,0,0
1784138765583,unknown,VM-76,Stage2-1-0,0,0,0,0,0,0,0,0
1784138766432,unknown,VM-73,Stage1-1-0,0,0,0,0,0,0,0,0
1784138766448,unknown,VM-75,Stage1-0-0,0,0,0,0,0,0,0,0
1784138766515,unknown,VM-77,Stage2-3-0,0,0,0,0,0,0,0,0
1784138766557,unknown,VM-74,Stage1-2-0,0,0,0,0,0,0,0,0
1784138766557,unknown,VM-78,Stage3-2-0,0,0,0,0,0,0,0,0
1784138766572,unknown,VM-79,Stage3-1-0,0,0,0,0,0,0,0,0
1784138766583,unknown,VM-76,Stage2-1-0,0,0,0,0,0,0,0,0
1784138767432,unknown,VM-73,Stage1-1-0,0,0,0,0,0,0,0,0
1784138767448,unknown,VM-75,Stage1-0-0,0,0,0,0,0,0,0,0
1784138767515,unknown,VM-77,Stage2-3-0,0,0,0,0,0,0,0,0
1784138767557,unknown,VM-74,Stage1-2-0,0,0,0,0,0,0,0,0
1784138767557,unknown,VM-78,Stage3-2-0,0,0,0,0,0,0,0,0
1784138767572,unknown,VM-79,Stage3-1-0,0,0,0,0,0,0,0,0
1784138767583,unknown,VM-76,Stage2-1-0,0,0,0,0,0,0,0,0
1784138768432,unknown,VM-73,Stage1-1-0,0,0,0,0,0,0,0,0
1784138768448,unknown,VM-75,Stage1-0-0,0,0,0,0,0,0,0,0
1784138768515,unknown,VM-77,Stage2-3-0,0,0,0,0,0,0,0,0
1784138768557,unknown,VM-74,Stage1-2-0,0,0,0,0,0,0,0,0
1784138768557,unknown,VM-78,Stage3-2-0,0,0,0,0,0,0,0,0
1784138768572,unknown,VM-79,Stage3-1-0,0,0,0,0,0,0,0,0
1784138768583,unknown,VM-76,Stage2-1-0,0,0,0,0,0,0,0,0
1784138769432,unknown,VM-73,Stage1-1-0,0,0,0,0,0,0,0,0
1784138769448,unknown,VM-75,Stage1-0-0,0,0,0,0,0,0,0,0
1784138769515,unknown,VM-77,Stage2-3-0,0,0,0,0,0,0,0,0
1784138769557,unknown,VM-74,Stage1-2-0,0,0,0,0,0,0,0,0
1784138769557,unknown,VM-78,Stage3-2-0,0,0,0,0,0,0,0,0
1784138769572,unknown,VM-79,Stage3-1-0,0,0,0,0,0,0,0,0
1784138769583,unknown,VM-76,Stage2-1-0,0,0,0,0,0,0,0,0
1784138770432,unknown,VM-73,Stage1-1-0,0,0,0,0,0,0,0,0
1784138770448,unknown,VM-75,Stage1-0-0,0,0,0,0,0,0,0,0
1784138770515,unknown,VM-77,Stage2-3-0,0,0,0,0,0,0,0,0
1784138770557,unknown,VM-74,Stage1-2-0,0,0,0,0,0,0,0,0
1784138770557,unknown,VM-78,Stage3-2-0,0,0,0,0,0,0,0,0
1784138770572,unknown,VM-79,Stage3-1-0,0,0,0,0,0,0,0,0
1784138770583,unknown,VM-76,Stage2-1-0,0,0,0,0,0,0,0,0
1784138771432,unknown,VM-73,Stage1-1-0,0,0,0,0,0,0,0,0
1784138771448,unknown,VM-75,Stage1-0-0,0,0,0,0,0,0,0,0
1784138771515,unknown,VM-77,Stage2-3-0,0,0,0,0,0,0,0,0
1784138771557,unknown,VM-74,Stage1-2-0,0,0,0,0,0,0,0,0
1784138771557,unknown,VM-78,Stage3-2-0,0,0,0,0,0,0,0,0
1784138771572,unknown,VM-79,Stage3-1-0,0,0,0,0,0,0,0,0
1784138771583,unknown,VM-76,Stage2-1-0,0,0,0,0,0,0,0,0
1784138772432,unknown,VM-73,Stage1-1-0,0,0,0,0,0,0,0,0
1784138772448,unknown,VM-75,Stage1-0-0,0,0,0,0,0,0,0,0
1784138772515,unknown,VM-77,Stage2-3-0,0,0,0,0,0,0,0,0
1784138772557,unknown,VM-74,Stage1-2-0,0,0,0,0,0,0,0,0
1784138772557,unknown,VM-78,Stage3-2-0,0,0,0,0,0,0,0,0
1784138772572,unknown,VM-79,Stage3-1-0,0,0,0,0,0,0,0,0
1784138772583,unknown,VM-76,Stage2-1-0,0,0,0,0,0,0,0,0
1784138773432,unknown,VM-73,Stage1-1-0,0,0,0,0,0,0,0,0
1784138773448,unknown,VM-75,Stage1-0-0,0,0,0,0,0,0,0,0
1784138773515,unknown,VM-77,Stage2-3-0,0,0,0,0,0,0,0,0
1784138773557,unknown,VM-74,Stage1-2-0,0,0,0,0,0,0,0,0
1784138773557,unknown,VM-78,Stage3-2-0,0,0,0,0,0,0,0,0
1784138773572,unknown,VM-79,Stage3-1-0,0,0,0,0,0,0,0,0
1784138773583,unknown,VM-76,Stage2-1-0,0,0,0,0,0,0,0,0
1784138774432,unknown,VM-73,Stage1-1-0,0,0,0,0,0,0,0,0
1784138774448,unknown,VM-75,Stage1-0-0,0,0,0,0,0,0,0,0
1784138774515,unknown,VM-77,Stage2-3-0,0,0,0,0,0,0,0,0
1784138774557,unknown,VM-78,Stage3-2-0,0,0,0,0,0,0,0,0
1784138774557,unknown,VM-74,Stage1-2-0,0,0,0,0,0,0,0,0
1784138774572,unknown,VM-79,Stage3-1-0,0,0,0,0,0,0,0,0
1784138774583,unknown,VM-76,Stage2-1-0,0,0,0,0,0,0,0,0
1784138775432,unknown,VM-73,Stage1-1-0,0,0,0,0,0,0,0,0
1784138775448,unknown,VM-75,Stage1-0-0,0,0,0,0,0,0,0,0
1784138775515,unknown,VM-77,Stage2-3-0,0,0,0,0,0,0,0,0
1784138775557,unknown,VM-74,Stage1-2-0,0,0,0,0,0,0,0,0
1784138775557,unknown,VM-78,Stage3-2-0,0,0,0,0,0,0,0,0
1784138775572,unknown,VM-79,Stage3-1-0,0,0,0,0,0,0,0,0
1784138775583,unknown,VM-76,Stage2-1-0,0,0,0,0,0,0,0,0
1784138776432,unknown,VM-73,Stage1-1-0,0,0,0,0,0,0,0,0
1784138776448,unknown,VM-75,Stage1-0-0,0,0,0,0,0,0,0,0
1784138776515,unknown,VM-77,Stage2-3-0,0,0,0,0,0,0,0,0
1784138776557,unknown,VM-78,Stage3-2-0,0,0,0,0,0,0,0,0
1784138776557,unknown,VM-74,Stage1-2-0,0,0,0,0,0,0,0,0
1784138776572,unknown,VM-79,Stage3-1-0,0,0,0,0,0,0,0,0
1784138776583,unknown,VM-76,Stage2-1-0,0,0,0,0,0,0,0,0
1784138777432,unknown,VM-73,Stage1-1-0,0,0,0,0,0,0,0,0
1784138777448,unknown,VM-75,Stage1-0-0,0,0,0,0,0,0,0,0
1784138777515,unknown,VM-77,Stage2-3-0,0,0,0,0,0,0,0,0
1784138777557,unknown,VM-74,Stage1-2-0,0,0,0,0,0,0,0,0
1784138777557,unknown,VM-78,Stage3-2-0,0,0,0,0,0,0,0,0
1784138777572,unknown,VM-79,Stage3-1-0,0,0,0,0,0,0,0,0
1784138777583,unknown,VM-76,Stage2-1-0,0,0,0,0,0,0,0,0
1784138778432,unknown,VM-73,Stage1-1-0,0,0,0,0,0,0,0,0
1784138778448,unknown,VM-75,Stage1-0-0,0,0,0,0,0,0,0,0
1784138778515,unknown,VM-77,Stage2-3-0,0,0,0,0,0,0,0,0
1784138778557,unknown,VM-74,Stage1-2-0,0,0,0,0,0,0,0,0
1784138778557,unknown,VM-78,Stage3-2-0,0,0,0,0,0,0,0,0
1784138778572,unknown,VM-79,Stage3-1-0,0,0,0,0,0,0,0,0
1784138778583,unknown,VM-76,Stage2-1-0,0,0,0,0,0,0,0,0
1784138779432,unknown,VM-73,Stage1-1-0,0,0,0,0,0,0,0,0
1784138779448,unknown,VM-75,Stage1-0-0,0,0,0,0,0,0,0,0
1784138779515,unknown,VM-77,Stage2-3-0,0,0,0,0,0,0,0,0
1784138779557,unknown,VM-78,Stage3-2-0,0,0,0,0,0,0,0,0
1784138779557,unknown,VM-74,Stage1-2-0,0,0,0,0,0,0,0,0
1784138779572,unknown,VM-79,Stage3-1-0,0,0,0,0,0,0,0,0
1784138779583,unknown,VM-76,Stage2-1-0,0,0,0,0,0,0,0,0
1784138780432,unknown,VM-73,Stage1-1-0,0,0,0,0,0,0,0,0
1784138780448,unknown,VM-75,Stage1-0-0,0,0,0,0,0,0,0,0
1784138780515,unknown,VM-77,Stage2-3-0,0,0,0,0,0,0,0,0
1784138780557,unknown,VM-74,Stage1-2-0,0,0,0,0,0,0,0,0
1784138780557,unknown,VM-78,Stage3-2-0,0,0,0,0,0,0,0,0
1784138780572,unknown,VM-79,Stage3-1-0,0,0,0,0,0,0,0,0
1784138780583,unknown,VM-76,Stage2-1-0,0,0,0,0,0,0,0,0
1784138781432,unknown,VM-73,Stage1-1-0,0,0,0,0,0,0,0,0
1784138781448,unknown,VM-75,Stage1-0-0,0,0,0,0,0,0,0,0
1784138781515,unknown,VM-77,Stage2-3-0,0,0,0,0,0,0,0,0
1784138781557,unknown,VM-78,Stage3-2-0,0,0,0,0,0,0,0,0
1784138781557,unknown,VM-74,Stage1-2-0,0,0,0,0,0,0,0,0
1784138781572,unknown,VM-79,Stage3-1-0,0,0,0,0,0,0,0,0
1784138781583,unknown,VM-76,Stage2-1-0,0,0,0,0,0,0,0,0
1784138782432,unknown,VM-73,Stage1-1-0,0,0,0,0,0,0,0,0
1784138782448,unknown,VM-75,Stage1-0-0,0,0,0,0,0,0,0,0
1784138782515,unknown,VM-77,Stage2-3-0,0,0,0,0,0,0,0,0
1784138782557,unknown,VM-74,Stage1-2-0,0,0,0,0,0,0,0,0
1784138782557,unknown,VM-78,Stage3-2-0,0,0,0,0,0,0,0,0
1784138782572,unknown,VM-79,Stage3-1-0,0,0,0,0,0,0,0,0
1784138782583,unknown,VM-76,Stage2-1-0,0,0,0,0,0,0,0,0
1784138783432,unknown,VM-73,Stage1-1-0,0,0,0,0,0,0,0,0
1784138783448,unknown,VM-75,Stage1-0-0,0,0,0,0,0,0,0,0
1784138783515,unknown,VM-77,Stage2-3-0,0,0,0,0,0,0,0,0
1784138783557,unknown,VM-74,Stage1-2-0,0,0,0,0,0,0,0,0
1784138783557,unknown,VM-78,Stage3-2-0,0,0,0,0,0,0,0,0
1784138783572,unknown,VM-79,Stage3-1-0,0,0,0,0,0,0,0,0
1784138783583,unknown,VM-76,Stage2-1-0,0,0,0,0,0,0,0,0
1784138784432,unknown,VM-73,Stage1-1-0,0,0,0,0,0,0,0,0
1784138784448,unknown,VM-75,Stage1-0-0,0,0,0,0,0,0,0,0
1784138784515,unknown,VM-77,Stage2-3-0,0,0,0,0,0,0,0,0
1784138784557,unknown,VM-74,Stage1-2-0,0,0,0,0,0,0,0,0
1784138784557,unknown,VM-78,Stage3-2-0,0,0,0,0,0,0,0,0
1784138784572,unknown,VM-79,Stage3-1-0,0,0,0,0,0,0,0,0
1784138784583,unknown,VM-76,Stage2-1-0,0,0,0,0,0,0,0,0
1784138785432,unknown,VM-73,Stage1-1-0,0,0,0,0,0,0,0,0
1784138785448,unknown,VM-75,Stage1-0-0,0,0,0,0,0,0,0,0
1784138785515,unknown,VM-77,Stage2-3-0,0,0,0,0,0,0,0,0
1784138785557,unknown,VM-74,Stage1-2-0,0,0,0,0,0,0,0,0
1784138785557,unknown,VM-78,Stage3-2-0,0,0,0,0,0,0,0,0
1784138785572,unknown,VM-79,Stage3-1-0,0,0,0,0,0,0,0,0
1784138785583,unknown,VM-76,Stage2-1-0,0,0,0,0,0,0,0,0
1784138786432,unknown,VM-73,Stage1-1-0,0,0,0,0,0,0,0,0
1784138786448,unknown,VM-75,Stage1-0-0,0,0,0,0,0,0,0,0
1784138786515,unknown,VM-77,Stage2-3-0,0,0,0,0,0,0,0,0
1784138786557,unknown,VM-74,Stage1-2-0,0,0,0,0,0,0,0,0
1784138786557,unknown,VM-78,Stage3-2-0,0,0,0,0,0,0,0,0
1784138786572,unknown,VM-79,Stage3-1-0,0,0,0,0,0,0,0,0
1784138786583,unknown,VM-76,Stage2-1-0,0,0,0,0,0,0,0,0
1784138787432,unknown,VM-73,Stage1-1-0,0,0,0,0,0,0,0,0
1784138787448,unknown,VM-75,Stage1-0-0,0,0,0,0,0,0,0,0
1784138787515,unknown,VM-77,Stage2-3-0,0,0,0,0,0,0,0,0
1784138787557,unknown,VM-74,Stage1-2-0,0,0,0,0,0,0,0,0
1784138787557,unknown,VM-78,Stage3-2-0,0,0,0,0,0,0,0,0
1784138787572,unknown,VM-79,Stage3-1-0,0,0,0,0,0,0,0,0
1784138787583,unknown,VM-76,Stage2-1-0,0,0,0,0,0,0,0,0
1784138788432,unknown,VM-73,Stage1-1-0,0,0,0,0,0,0,0,0
1784138788448,unknown,VM-75,Stage1-0-0,0,0,0,0,0,0,0,0
1784138788515,unknown,VM-77,Stage2-3-0,0,0,0,0,0,0,0,0
1784138788557,unknown,VM-74,Stage1-2-0,0,0,0,0,0,0,0,0
1784138788557,unknown,VM-78,Stage3-2-0,0,0,0,0,0,0,0,0
1784138788572,unknown,VM-79,Stage3-1-0,0,0,0,0,0,0,0,0
1784138788583,unknown,VM-76,Stage2-1-0,0,0,0,0,0,0,0,0
1784138789432,unknown,VM-73,Stage1-1-0,0,0,0,0,0,0,0,0
1784138789448,unknown,VM-75,Stage1-0-0,0,0,0,0,0,0,0,0
1784138789515,unknown,VM-77,Stage2-3-0,0,0,0,0,0,0,0,0
1784138789557,unknown,VM-74,Stage1-2-0,0,0,0,0,0,0,0,0
1784138789557,unknown,VM-78,Stage3-2-0,0,0,0,0,0,0,0,0
1784138789572,unknown,VM-79,Stage3-1-0,0,0,0,0,0,0,0,0
1784138789583,unknown,VM-76,Stage2-1-0,0,0,0,0,0,0,0,0
1784138790432,unknown,VM-73,Stage1-1-0,0,0,0,0,0,0,0,0
1784138790448,unknown,VM-75,Stage1-0-0,0,0,0,0,0,0,0,0
1784138790515,unknown,VM-77,Stage2-3-0,0,0,0,0,0,0,0,0
1784138790557,unknown,VM-74,Stage1-2-0,0,0,0,0,0,0,0,0
1784138790557,unknown,VM-78,Stage3-2-0,0,0,0,0,0,0,0,0
1784138790572,unknown,VM-79,Stage3-1-0,0,0,0,0,0,0,0,0
1784138790583,unknown,VM-76,Stage2-1-0,0,0,0,0,0,0,0,0
1784138791432,unknown,VM-73,Stage1-1-0,0,0,0,0,0,0,0,0
1784138791448,unknown,VM-75,Stage1-0-0,0,0,0,0,0,0,0,0
1784138791515,unknown,VM-77,Stage2-3-0,0,0,0,0,0,0,0,0
1784138791557,unknown,VM-74,Stage1-2-0,0,0,0,0,0,0,0,0
1784138791557,unknown,VM-78,Stage3-2-0,0,0,0,0,0,0,0,0
1784138791572,unknown,VM-79,Stage3-1-0,0,0,0,0,0,0,0,0
1784138791583,unknown,VM-76,Stage2-1-0,0,0,0,0,0,0,0,0
1784138792432,unknown,VM-73,Stage1-1-0,0,0,0,0,0,0,0,0
1784138792448,unknown,VM-75,Stage1-0-0,0,0,0,0,0,0,0,0
1784138792515,unknown,VM-77,Stage2-3-0,0,0,0,0,0,0,0,0
1784138792557,unknown,VM-74,Stage1-2-0,0,0,0,0,0,0,0,0
1784138792557,unknown,VM-78,Stage3-2-0,0,0,0,0,0,0,0,0
1784138792572,unknown,VM-79,Stage3-1-0,0,0,0,0,0,0,0,0
1784138792583,unknown,VM-76,Stage2-1-0,0,0,0,0,0,0,0,0
1784138793432,unknown,VM-73,Stage1-1-0,0,0,0,0,0,0,0,0
1784138793448,unknown,VM-75,Stage1-0-0,0,0,0,0,0,0,0,0
1784138793515,unknown,VM-77,Stage2-3-0,0,0,0,0,0,0,0,0
1784138793557,unknown,VM-74,Stage1-2-0,0,0,0,0,0,0,0,0
1784138793557,unknown,VM-78,Stage3-2-0,0,0,0,0,0,0,0,0
1784138793572,unknown,VM-79,Stage3-1-0,0,0,0,0,0,0,0,0
1784138793583,unknown,VM-76,Stage2-1-0,0,0,0,0,0,0,0,0
1784138794432,unknown,VM-73,Stage1-1-0,0,0,0,0,0,0,0,0
1784138794448,unknown,VM-75,Stage1-0-0,0,0,0,0,0,0,0,0
1784138794515,unknown,VM-77,Stage2-3-0,0,0,0,0,0,0,0,0
1784138794557,unknown,VM-74,Stage1-2-0,0,0,0,0,0,0,0,0
1784138794557,unknown,VM-78,Stage3-2-0,0,0,0,0,0,0,0,0
1784138794572,unknown,VM-79,Stage3-1-0,0,0,0,0,0,0,0,0
1784138794583,unknown,VM-76,Stage2-1-0,0,0,0,0,0,0,0,0
1784138795432,unknown,VM-73,Stage1-1-0,0,0,0,0,0,0,0,0
1784138795448,unknown,VM-75,Stage1-0-0,0,0,0,0,0,0,0,0
1784138795515,unknown,VM-77,Stage2-3-0,0,0,0,0,0,0,0,0
1784138795557,unknown,VM-74,Stage1-2-0,0,0,0,0,0,0,0,0
1784138795557,unknown,VM-78,Stage3-2-0,0,0,0,0,0,0,0,0
1784138795572,unknown,VM-79,Stage3-1-0,0,0,0,0,0,0,0,0
1784138795583,unknown,VM-76,Stage2-1-0,0,0,0,0,0,0,0,0
1784138796432,unknown,VM-73,Stage1-1-0,0,0,0,0,0,0,0,0
1784138796448,unknown,VM-75,Stage1-0-0,0,0,0,0,0,0,0,0
1784138796515,unknown,VM-77,Stage2-3-0,0,0,0,0,0,0,0,0
1784138796557,unknown,VM-74,Stage1-2-0,0,0,0,0,0,0,0,0
1784138796557,unknown,VM-78,Stage3-2-0,0,0,0,0,0,0,0,0
1784138796572,unknown,VM-79,Stage3-1-0,0,0,0,0,0,0,0,0
1784138796583,unknown,VM-76,Stage2-1-0,0,0,0,0,0,0,0,0
1784138797432,unknown,VM-73,Stage1-1-0,0,0,0,0,0,0,0,0
1784138797448,unknown,VM-75,Stage1-0-0,0,0,0,0,0,0,0,0
1784138797515,unknown,VM-77,Stage2-3-0,0,0,0,0,0,0,0,0
1784138797557,unknown,VM-74,Stage1-2-0,0,0,0,0,0,0,0,0
1784138797557,unknown,VM-78,Stage3-2-0,0,0,0,0,0,0,0,0
1784138797572,unknown,VM-79,Stage3-1-0,0,0,0,0,0,0,0,0
1784138797583,unknown,VM-76,Stage2-1-0,0,0,0,0,0,0,0,0
1784138798432,unknown,VM-73,Stage1-1-0,0,0,0,0,0,0,0,0
1784138798448,unknown,VM-75,Stage1-0-0,0,0,0,0,0,0,0,0
1784138798515,unknown,VM-77,Stage2-3-0,0,0,0,0,0,0,0,0
1784138798557,unknown,VM-74,Stage1-2-0,0,0,0,0,0,0,0,0
1784138798557,unknown,VM-78,Stage3-2-0,0,0,0,0,0,0,0,0
1784138798572,unknown,VM-79,Stage3-1-0,0,0,0,0,0,0,0,0
1784138798583,unknown,VM-76,Stage2-1-0,0,0,0,0,0,0,0,0
1784138799432,unknown,VM-73,Stage1-1-0,0,0,0,0,0,0,0,0
1784138799448,unknown,VM-75,Stage1-0-0,0,0,0,0,0,0,0,0
1784138799515,unknown,VM-77,Stage2-3-0,0,0,0,0,0,0,0,0
1784138799557,unknown,VM-74,Stage1-2-0,0,0,0,0,0,0,0,0
1784138799557,unknown,VM-78,Stage3-2-0,0,0,0,0,0,0,0,0
1784138799572,unknown,VM-79,Stage3-1-0,0,0,0,0,0,0,0,0
1784138799583,unknown,VM-76,Stage2-1-0,0,0,0,0,0,0,0,0
1784138800432,unknown,VM-73,Stage1-1-0,0,0,0,0,0,0,0,0
1784138800448,unknown,VM-75,Stage1-0-0,0,0,0,0,0,0,0,0
1784138800515,unknown,VM-77,Stage2-3-0,0,0,0,0,0,0,0,0
1784138800557,unknown,VM-74,Stage1-2-0,0,0,0,0,0,0,0,0
1784138800557,unknown,VM-78,Stage3-2-0,0,0,0,0,0,0,0,0
1784138800572,unknown,VM-79,Stage3-1-0,0,0,0,0,0,0,0,0
1784138800583,unknown,VM-76,Stage2-1-0,0,0,0,0,0,0,0,0
1784138801432,unknown,VM-73,Stage1-1-0,0,0,0,0,0,0,0,0
1784138801448,unknown,VM-75,Stage1-0-0,0,0,0,0,0,0,0,0
1784138801515,unknown,VM-77,Stage2-3-0,0,0,0,0,0,0,0,0
1784138801557,unknown,VM-74,Stage1-2-0,0,0,0,0,0,0,0,0
1784138801557,unknown,VM-78,Stage3-2-0,0,0,0,0,0,0,0,0
1784138801572,unknown,VM-79,Stage3-1-0,0,0,0,0,0,0,0,0
1784138801583,unknown,VM-76,Stage2-1-0,0,0,0,0,0,0,0,0
1784138802432,unknown,VM-73,Stage1-1-0,0,0,0,0,0,0,0,0
1784138802448,unknown,VM-75,Stage1-0-0,0,0,0,0,0,0,0,0
1784138802515,unknown,VM-77,Stage2-3-0,0,0,0,0,0,0,0,0
1784138802557,unknown,VM-74,Stage1-2-0,0,0,0,0,0,0,0,0
1784138802557,unknown,VM-78,Stage3-2-0,0,0,0,0,0,0,0,0
1784138802572,unknown,VM-79,Stage3-1-0,0,0,0,0,0,0,0,0
1784138802583,unknown,VM-76,Stage2-1-0,0,0,0,0,0,0,0,0
1784138803432,unknown,VM-73,Stage1-1-0,0,0,0,0,0,0,0,0
1784138803448,unknown,VM-75,Stage1-0-0,0,0,0,0,0,0,0,0
1784138803515,unknown,VM-77,Stage2-3-0,0,0,0,0,0,0,0,0
1784138803557,unknown,VM-74,Stage1-2-0,0,0,0,0,0,0,0,0
1784138803558,unknown,VM-78,Stage3-2-0,0,0,0,0,0,0,0,0
1784138803572,unknown,VM-79,Stage3-1-0,0,0,0,0,0,0,0,0
1784138803583,unknown,VM-76,Stage2-1-0,0,0,0,0,0,0,0,0
1784138804432,unknown,VM-73,Stage1-1-0,0,0,0,0,0,0,0,0
1784138804448,unknown,VM-75,Stage1-0-0,0,0,0,0,0,0,0,0
1784138804515,unknown,VM-77,Stage2-3-0,0,0,0,0,0,0,0,0
1784138804557,unknown,VM-74,Stage1-2-0,0,0,0,0,0,0,0,0
1784138804557,unknown,VM-78,Stage3-2-0,0,0,0,0,0,0,0,0
1784138804572,unknown,VM-79,Stage3-1-0,0,0,0,0,0,0,0,0
1784138804583,unknown,VM-76,Stage2-1-0,0,0,0,0,0,0,0,0
1784138805432,unknown,VM-73,Stage1-1-0,0,0,0,0,0,0,0,0
1784138805448,unknown,VM-75,Stage1-0-0,0,0,0,0,0,0,0,0
1784138805515,unknown,VM-77,Stage2-3-0,0,0,0,0,0,0,0,0
1784138805557,unknown,VM-74,Stage1-2-0,0,0,0,0,0,0,0,0
1784138805557,unknown,VM-78,Stage3-2-0,0,0,0,0,0,0,0,0
1784138805572,unknown,VM-79,Stage3-1-0,0,0,0,0,0,0,0,0
1784138805583,unknown,VM-76,Stage2-1-0,0,0,0,0,0,0,0,0
1784138806432,unknown,VM-73,Stage1-1-0,0,0,0,0,0,0,0,0
1784138806448,unknown,VM-75,Stage1-0-0,0,0,0,0,0,0,0,0
1784138806515,unknown,VM-77,Stage2-3-0,0,0,0,0,0,0,0,0
1784138806557,unknown,VM-74,Stage1-2-0,0,0,0,0,0,0,0,0
1784138806557,unknown,VM-78,Stage3-2-0,0,0,0,0,0,0,0,0
1784138806572,unknown,VM-79,Stage3-1-0,0,0,0,0,0,0,0,0
1784138806583,unknown,VM-76,Stage2-1-0,0,0,0,0,0,0,0,0
1784138807432,unknown,VM-73,Stage1-1-0,0,0,0,0,0,0,0,0
1784138807448,unknown,VM-75,Stage1-0-0,0,0,0,0,0,0,0,0
1784138807515,unknown,VM-77,Stage2-3-0,0,0,0,0,0,0,0,0
1784138807557,unknown,VM-74,Stage1-2-0,0,0,0,0,0,0,0,0
1784138807557,unknown,VM-78,Stage3-2-0,0,0,0,0,0,0,0,0
1784138807573,unknown,VM-79,Stage3-1-0,0,0,0,0,0,0,0,0
1784138807583,unknown,VM-76,Stage2-1-0,0,0,0,0,0,0,0,0
1784138808432,unknown,VM-73,Stage1-1-0,0,0,0,0,0,0,0,0
1784138808448,unknown,VM-75,Stage1-0-0,0,0,0,0,0,0,0,0
1784138808515,unknown,VM-77,Stage2-3-0,0,0,0,0,0,0,0,0
1784138808557,unknown,VM-74,Stage1-2-0,0,0,0,0,0,0,0,0
1784138808557,unknown,VM-78,Stage3-2-0,0,0,0,0,0,0,0,0
1784138808572,unknown,VM-79,Stage3-1-0,0,0,0,0,0,0,0,0
1784138808583,unknown,VM-76,Stage2-1-0,0,0,0,0,0,0,0,0
1784138809432,unknown,VM-73,Stage1-1-0,0,0,0,0,0,0,0,0
1784138809448,unknown,VM-75,Stage1-0-0,0,0,0,0,0,0,0,0
1784138809515,unknown,VM-77,Stage2-3-0,0,0,0,0,0,0,0,0
1784138809557,unknown,VM-74,Stage1-2-0,0,0,0,0,0,0,0,0
1784138809557,unknown,VM-78,Stage3-2-0,0,0,0,0,0,0,0,0
1784138809572,unknown,VM-79,Stage3-1-0,0,0,0,0,0,0,0,0
1784138809583,unknown,VM-76,Stage2-1-0,0,0,0,0,0,0,0,0
1784138810432,unknown,VM-73,Stage1-1-0,0,0,0,0,0,0,0,0
1784138810448,unknown,VM-75,Stage1-0-0,0,0,0,0,0,0,0,0
1784138810515,unknown,VM-77,Stage2-3-0,0,0,0,0,0,0,0,0
1784138810557,unknown,VM-74,Stage1-2-0,0,0,0,0,0,0,0,0
1784138810557,unknown,VM-78,Stage3-2-0,0,0,0,0,0,0,0,0
1784138810572,unknown,VM-79,Stage3-1-0,0,0,0,0,0,0,0,0
1784138810583,unknown,VM-76,Stage2-1-0,0,0,0,0,0,0,0,0
1784138811432,unknown,VM-73,Stage1-1-0,0,0,0,0,0,0,0,0
1784138811448,unknown,VM-75,Stage1-0-0,0,0,0,0,0,0,0,0
1784138811515,unknown,VM-77,Stage2-3-0,0,0,0,0,0,0,0,0
1784138811557,unknown,VM-74,Stage1-2-0,0,0,0,0,0,0,0,0
1784138811557,unknown,VM-78,Stage3-2-0,0,0,0,0,0,0,0,0
1784138811573,unknown,VM-79,Stage3-1-0,0,0,0,0,0,0,0,0
1784138811583,unknown,VM-76,Stage2-1-0,0,0,0,0,0,0,0,0
1784138812432,unknown,VM-73,Stage1-1-0,0,0,0,0,0,0,0,0
1784138812448,unknown,VM-75,Stage1-0-0,0,0,0,0,0,0,0,0
1784138812515,unknown,VM-77,Stage2-3-0,0,0,0,0,0,0,0,0
1784138812557,unknown,VM-74,Stage1-2-0,0,0,0,0,0,0,0,0
1784138812557,unknown,VM-78,Stage3-2-0,0,0,0,0,0,0,0,0
1784138812572,unknown,VM-79,Stage3-1-0,0,0,0,0,0,0,0,0
1784138812583,unknown,VM-76,Stage2-1-0,0,0,0,0,0,0,0,0
1784138813432,unknown,VM-73,Stage1-1-0,0,0,0,0,0,0,0,0
1784138813448,unknown,VM-75,Stage1-0-0,0,0,0,0,0,0,0,0
1784138813515,unknown,VM-77,Stage2-3-0,0,0,0,0,0,0,0,0
1784138813557,unknown,VM-74,Stage1-2-0,0,0,0,0,0,0,0,0
1784138813557,unknown,VM-78,Stage3-2-0,0,0,0,0,0,0,0,0
1784138813572,unknown,VM-79,Stage3-1-0,0,0,0,0,0,0,0,0
1784138813583,unknown,VM-76,Stage2-1-0,0,0,0,0,0,0,0,0
1784138814432,unknown,VM-73,Stage1-1-0,0,0,0,0,0,0,0,0
1784138814448,unknown,VM-75,Stage1-0-0,0,0,0,0,0,0,0,0
1784138814515,unknown,VM-77,Stage2-3-0,0,0,0,0,0,0,0,0
1784138814557,unknown,VM-74,Stage1-2-0,0,0,0,0,0,0,0,0
1784138814557,unknown,VM-78,Stage3-2-0,0,0,0,0,0,0,0,0
1784138814572,unknown,VM-79,Stage3-1-0,0,0,0,0,0,0,0,0
1784138814583,unknown,VM-76,Stage2-1-0,0,0,0,0,0,0,0,0
1784138815432,unknown,VM-73,Stage1-1-0,0,0,0,0,0,0,0,0
1784138815448,unknown,VM-75,Stage1-0-0,0,0,0,0,0,0,0,0
1784138815515,unknown,VM-77,Stage2-3-0,0,0,0,0,0,0,0,0
1784138815557,unknown,VM-74,Stage1-2-0,0,0,0,0,0,0,0,0
1784138815557,unknown,VM-78,Stage3-2-0,0,0,0,0,0,0,0,0
1784138815573,unknown,VM-79,Stage3-1-0,0,0,0,0,0,0,0,0
1784138815583,unknown,VM-76,Stage2-1-0,0,0,0,0,0,0,0,0
1784138816432,unknown,VM-73,Stage1-1-0,0,0,0,0,0,0,0,0
1784138816448,unknown,VM-75,Stage1-0-0,0,0,0,0,0,0,0,0
1784138816515,unknown,VM-77,Stage2-3-0,0,0,0,0,0,0,0,0
1784138816557,unknown,VM-74,Stage1-2-0,0,0,0,0,0,0,0,0
1784138816557,unknown,VM-78,Stage3-2-0,0,0,0,0,0,0,0,0
1784138816572,unknown,VM-79,Stage3-1-0,0,0,0,0,0,0,0,0
1784138816583,unknown,VM-76,Stage2-1-0,0,0,0,0,0,0,0,0
1784138817432,unknown,VM-73,Stage1-1-0,0,0,0,0,0,0,0,0
1784138817448,unknown,VM-75,Stage1-0-0,0,0,0,0,0,0,0,0
1784138817515,unknown,VM-77,Stage2-3-0,0,0,0,0,0,0,0,0
1784138817557,unknown,VM-74,Stage1-2-0,0,0,0,0,0,0,0,0
1784138817557,unknown,VM-78,Stage3-2-0,0,0,0,0,0,0,0,0
1784138817572,unknown,VM-79,Stage3-1-0,0,0,0,0,0,0,0,0
1784138817583,unknown,VM-76,Stage2-1-0,0,0,0,0,0,0,0,0
1784138818432,unknown,VM-73,Stage1-1-0,0,0,0,0,0,0,0,0
1784138818448,unknown,VM-75,Stage1-0-0,0,0,0,0,0,0,0,0
1784138818515,unknown,VM-77,Stage2-3-0,0,0,0,0,0,0,0,0
1784138818557,unknown,VM-74,Stage1-2-0,0,0,0,0,0,0,0,0
1784138818557,unknown,VM-78,Stage3-2-0,0,0,0,0,0,0,0,0
1784138818572,unknown,VM-79,Stage3-1-0,0,0,0,0,0,0,0,0
1784138818583,unknown,VM-76,Stage2-1-0,0,0,0,0,0,0,0,0
1784138819432,unknown,VM-73,Stage1-1-0,0,0,0,0,0,0,0,0
1784138819448,unknown,VM-75,Stage1-0-0,0,0,0,0,0,0,0,0
1784138819515,unknown,VM-77,Stage2-3-0,0,0,0,0,0,0,0,0
1784138819557,unknown,VM-74,Stage1-2-0,0,0,0,0,0,0,0,0
1784138819558,unknown,VM-78,Stage3-2-0,0,0,0,0,0,0,0,0
1784138819572,unknown,VM-79,Stage3-1-0,0,0,0,0,0,0,0,0
1784138819583,unknown,VM-76,Stage2-1-0,0,0,0,0,0,0,0,0
1784138820432,unknown,VM-73,Stage1-1-0,0,0,0,0,0,0,0,0
1784138820448,unknown,VM-75,Stage1-0-0,0,0,0,0,0,0,0,0
1784138820515,unknown,VM-77,Stage2-3-0,0,0,0,0,0,0,0,0
1784138820557,unknown,VM-74,Stage1-2-0,0,0,0,0,0,0,0,0
1784138820557,unknown,VM-78,Stage3-2-0,0,0,0,0,0,0,0,0
1784138820572,unknown,VM-79,Stage3-1-0,0,0,0,0,0,0,0,0
1784138820583,unknown,VM-76,Stage2-1-0,0,0,0,0,0,0,0,0
1784138821432,unknown,VM-73,Stage1-1-0,0,0,0,0,0,0,0,0
1784138821448,unknown,VM-75,Stage1-0-0,0,0,0,0,0,0,0,0
1784138821515,unknown,VM-77,Stage2-3-0,0,0,0,0,0,0,0,0
1784138821557,unknown,VM-74,Stage1-2-0,0,0,0,0,0,0,0,0
1784138821557,unknown,VM-78,Stage3-2-0,0,0,0,0,0,0,0,0
1784138821572,unknown,VM-79,Stage3-1-0,0,0,0,0,0,0,0,0
1784138821583,unknown,VM-76,Stage2-1-0,0,0,0,0,0,0,0,0
1784138822432,unknown,VM-73,Stage1-1-0,0,0,0,0,0,0,0,0
1784138822448,unknown,VM-75,Stage1-0-0,0,0,0,0,0,0,0,0
1784138822515,unknown,VM-77,Stage2-3-0,0,0,0,0,0,0,0,0
1784138822557,unknown,VM-74,Stage1-2-0,0,0,0,0,0,0,0,0
1784138822557,unknown,VM-78,Stage3-2-0,0,0,0,0,0,0,0,0
1784138822572,unknown,VM-79,Stage3-1-0,0,0,0,0,0,0,0,0
1784138822583,unknown,VM-76,Stage2-1-0,0,0,0,0,0,0,0,0
1784138823432,unknown,VM-73,Stage1-1-0,0,0,0,0,0,0,0,0
1784138823448,unknown,VM-75,Stage1-0-0,0,0,0,0,0,0,0,0
1784138823515,unknown,VM-77,Stage2-3-0,0,0,0,0,0,0,0,0
1784138823557,unknown,VM-74,Stage1-2-0,0,0,0,0,0,0,0,0
1784138823557,unknown,VM-78,Stage3-2-0,0,0,0,0,0,0,0,0
1784138823572,unknown,VM-79,Stage3-1-0,0,0,0,0,0,0,0,0
1784138823583,unknown,VM-76,Stage2-1-0,0,0,0,0,0,0,0,0
1784138824432,unknown,VM-73,Stage1-1-0,0,0,0,0,0,0,0,0
1784138824448,unknown,VM-75,Stage1-0-0,0,0,0,0,0,0,0,0
1784138824515,unknown,VM-77,Stage2-3-0,0,0,0,0,0,0,0,0
1784138824557,unknown,VM-74,Stage1-2-0,0,0,0,0,0,0,0,0
1784138824557,unknown,VM-78,Stage3-2-0,0,0,0,0,0,0,0,0
1784138824572,unknown,VM-79,Stage3-1-0,0,0,0,0,0,0,0,0
1784138824583,unknown,VM-76,Stage2-1-0,0,0,0,0,0,0,0,0
1784138825432,unknown,VM-73,Stage1-1-0,0,0,0,0,0,0,0,0
1784138825448,unknown,VM-75,Stage1-0-0,0,0,0,0,0,0,0,0
1784138825515,unknown,VM-77,Stage2-3-0,0,0,0,0,0,0,0,0
1784138825557,unknown,VM-74,Stage1-2-0,0,0,0,0,0,0,0,0
1784138825557,unknown,VM-78,Stage3-2-0,0,0,0,0,0,0,0,0
1784138825572,unknown,VM-79,Stage3-1-0,0,0,0,0,0,0,0,0
1784138825583,unknown,VM-76,Stage2-1-0,0,0,0,0,0,0,0,0
1784138826432,unknown,VM-73,Stage1-1-0,0,0,0,0,0,0,0,0
1784138826448,unknown,VM-75,Stage1-0-0,0,0,0,0,0,0,0,0
1784138826515,unknown,VM-77,Stage2-3-0,0,0,0,0,0,0,0,0
1784138826557,unknown,VM-74,Stage1-2-0,0,0,0,0,0,0,0,0
1784138826557,unknown,VM-78,Stage3-2-0,0,0,0,0,0,0,0,0
1784138826572,unknown,VM-79,Stage3-1-0,0,0,0,0,0,0,0,0
1784138826583,unknown,VM-76,Stage2-1-0,0,0,0,0,0,0,0,0
1784138827432,unknown,VM-73,Stage1-1-0,0,0,0,0,0,0,0,0
1784138827448,unknown,VM-75,Stage1-0-0,0,0,0,0,0,0,0,0
1784138827515,unknown,VM-77,Stage2-3-0,0,0,0,0,0,0,0,0
1784138827557,unknown,VM-74,Stage1-2-0,0,0,0,0,0,0,0,0
1784138827557,unknown,VM-78,Stage3-2-0,0,0,0,0,0,0,0,0
1784138827573,unknown,VM-79,Stage3-1-0,0,0,0,0,0,0,0,0
1784138827583,unknown,VM-76,Stage2-1-0,0,0,0,0,0,0,0,0
1784138828432,unknown,VM-73,Stage1-1-0,0,0,0,0,0,0,0,0
1784138828448,unknown,VM-75,Stage1-0-0,0,0,0,0,0,0,0,0
1784138828515,unknown,VM-77,Stage2-3-0,0,0,0,0,0,0,0,0
1784138828557,unknown,VM-74,Stage1-2-0,0,0,0,0,0,0,0,0
1784138828557,unknown,VM-78,Stage3-2-0,0,0,0,0,0,0,0,0
1784138828572,unknown,VM-79,Stage3-1-0,0,0,0,0,0,0,0,0
1784138828583,unknown,VM-76,Stage2-1-0,0,0,0,0,0,0,0,0
1784138829432,unknown,VM-73,Stage1-1-0,0,0,0,0,0,0,0,0
1784138829448,unknown,VM-75,Stage1-0-0,0,0,0,0,0,0,0,0
1784138829515,unknown,VM-77,Stage2-3-0,0,0,0,0,0,0,0,0
1784138829557,unknown,VM-74,Stage1-2-0,0,0,0,0,0,0,0,0
1784138829557,unknown,VM-78,Stage3-2-0,0,0,0,0,0,0,0,0
1784138829572,unknown,VM-79,Stage3-1-0,0,0,0,0,0,0,0,0
1784138829583,unknown,VM-76,Stage2-1-0,0,0,0,0,0,0,0,0
1784138830432,unknown,VM-73,Stage1-1-0,0,0,0,0,0,0,0,0
1784138830448,unknown,VM-75,Stage1-0-0,0,0,0,0,0,0,0,0
1784138830515,unknown,VM-77,Stage2-3-0,0,0,0,0,0,0,0,0
1784138830557,unknown,VM-74,Stage1-2-0,0,0,0,0,0,0,0,0
1784138830557,unknown,VM-78,Stage3-2-0,0,0,0,0,0,0,0,0
1784138830572,unknown,VM-79,Stage3-1-0,0,0,0,0,0,0,0,0
1784138830583,unknown,VM-76,Stage2-1-0,0,0,0,0,0,0,0,0
1784138831432,unknown,VM-73,Stage1-1-0,0,0,0,0,0,0,0,0
1784138831448,unknown,VM-75,Stage1-0-0,0,0,0,0,0,0,0,0
1784138831515,unknown,VM-77,Stage2-3-0,0,0,0,0,0,0,0,0
1784138831557,unknown,VM-74,Stage1-2-0,0,0,0,0,0,0,0,0
1784138831557,unknown,VM-78,Stage3-2-0,0,0,0,0,0,0,0,0
1784138831572,unknown,VM-79,Stage3-1-0,0,0,0,0,0,0,0,0
1784138831583,unknown,VM-76,Stage2-1-0,0,0,0,0,0,0,0,0
1784138832432,unknown,VM-73,Stage1-1-0,0,0,0,0,0,0,0,0
1784138832448,unknown,VM-75,Stage1-0-0,0,0,0,0,0,0,0,0
1784138832515,unknown,VM-77,Stage2-3-0,0,0,0,0,0,0,0,0
1784138832557,unknown,VM-74,Stage1-2-0,0,0,0,0,0,0,0,0
1784138832557,unknown,VM-78,Stage3-2-0,0,0,0,0,0,0,0,0
1784138832572,unknown,VM-79,Stage3-1-0,0,0,0,0,0,0,0,0
1784138832583,unknown,VM-76,Stage2-1-0,0,0,0,0,0,0,0,0
1784138833432,unknown,VM-73,Stage1-1-0,0,0,0,0,0,0,0,0
1784138833448,unknown,VM-75,Stage1-0-0,0,0,0,0,0,0,0,0
1784138833515,unknown,VM-77,Stage2-3-0,0,0,0,0,0,0,0,0
1784138833557,unknown,VM-74,Stage1-2-0,0,0,0,0,0,0,0,0
1784138833557,unknown,VM-78,Stage3-2-0,0,0,0,0,0,0,0,0
1784138833572,unknown,VM-79,Stage3-1-0,0,0,0,0,0,0,0,0
1784138833583,unknown,VM-76,Stage2-1-0,0,0,0,0,0,0,0,0
1784138834432,unknown,VM-73,Stage1-1-0,0,0,0,0,0,0,0,0
1784138834448,unknown,VM-75,Stage1-0-0,0,0,0,0,0,0,0,0
1784138834515,unknown,VM-77,Stage2-3-0,0,0,0,0,0,0,0,0
1784138834557,unknown,VM-74,Stage1-2-0,0,0,0,0,0,0,0,0
1784138834557,unknown,VM-78,Stage3-2-0,0,0,0,0,0,0,0,0
1784138834572,unknown,VM-79,Stage3-1-0,0,0,0,0,0,0,0,0
1784138834583,unknown,VM-76,Stage2-1-0,0,0,0,0,0,0,0,0
1784138835432,unknown,VM-73,Stage1-1-0,0,0,0,0,0,0,0,0
1784138835448,unknown,VM-75,Stage1-0-0,0,0,0,0,0,0,0,0
1784138835515,unknown,VM-77,Stage2-3-0,0,0,0,0,0,0,0,0
1784138835557,unknown,VM-74,Stage1-2-0,0,0,0,0,0,0,0,0
1784138835557,unknown,VM-78,Stage3-2-0,0,0,0,0,0,0,0,0
1784138835573,unknown,VM-79,Stage3-1-0,0,0,0,0,0,0,0,0
1784138835583,unknown,VM-76,Stage2-1-0,0,0,0,0,0,0,0,0
1784138836432,unknown,VM-73,Stage1-1-0,0,0,0,0,0,0,0,0
1784138836448,unknown,VM-75,Stage1-0-0,0,0,0,0,0,0,0,0
1784138836515,unknown,VM-77,Stage2-3-0,0,0,0,0,0,0,0,0
1784138836557,unknown,VM-74,Stage1-2-0,0,0,0,0,0,0,0,0
1784138836557,unknown,VM-78,Stage3-2-0,0,0,0,0,0,0,0,0
1784138836572,unknown,VM-79,Stage3-1-0,0,0,0,0,0,0,0,0
1784138836583,unknown,VM-76,Stage2-1-0,0,0,0,0,0,0,0,0
1784138837432,unknown,VM-73,Stage1-1-0,0,0,0,0,0,0,0,0
1784138837448,unknown,VM-75,Stage1-0-0,0,0,0,0,0,0,0,0
1784138837515,unknown,VM-77,Stage2-3-0,0,0,0,0,0,0,0,0
1784138837557,unknown,VM-74,Stage1-2-0,0,0,0,0,0,0,0,0
1784138837557,unknown,VM-78,Stage3-2-0,0,0,0,0,0,0,0,0
1784138837572,unknown,VM-79,Stage3-1-0,0,0,0,0,0,0,0,0
1784138837583,unknown,VM-76,Stage2-1-0,0,0,0,0,0,0,0,0
1784138838432,unknown,VM-73,Stage1-1-0,0,0,0,0,0,0,0,0
1784138838448,unknown,VM-75,Stage1-0-0,0,0,0,0,0,0,0,0
1784138838515,unknown,VM-77,Stage2-3-0,0,0,0,0,0,0,0,0
1784138838557,unknown,VM-74,Stage1-2-0,0,0,0,0,0,0,0,0
1784138838557,unknown,VM-78,Stage3-2-0,0,0,0,0,0,0,0,0
1784138838572,unknown,VM-79,Stage3-1-0,0,0,0,0,0,0,0,0
1784138838583,unknown,VM-76,Stage2-1-0,0,0,0,0,0,0,0,0
1784138839432,unknown,VM-73,Stage1-1-0,0,0,0,0,0,0,0,0
1784138839448,unknown,VM-75,Stage1-0-0,0,0,0,0,0,0,0,0
1784138839515,unknown,VM-77,Stage2-3-0,0,0,0,0,0,0,0,0
1784138839557,unknown,VM-74,Stage1-2-0,0,0,0,0,0,0,0,0
1784138839557,unknown,VM-78,Stage3-2-0,0,0,0,0,0,0,0,0
1784138839572,unknown,VM-79,Stage3-1-0,0,0,0,0,0,0,0,0
1784138839583,unknown,VM-76,Stage2-1-0,0,0,0,0,0,0,0,0
1784138840432,unknown,VM-73,Stage1-1-0,0,0,0,0,0,0,0,0
1784138840448,unknown,VM-75,Stage1-0-0,0,0,0,0,0,0,0,0
1784138840515,unknown,VM-77,Stage2-3-0,0,0,0,0,0,0,0,0
1784138840557,unknown,VM-74,Stage1-2-0,0,0,0,0,0,0,0,0
1784138840557,unknown,VM-78,Stage3-2-0,0,0,0,0,0,0,0,0
1784138840572,unknown,VM-79,Stage3-1-0,0,0,0,0,0,0,0,0
1784138840583,unknown,VM-76,Stage2-1-0,0,0,0,0,0,0,0,0
1784138841432,unknown,VM-73,Stage1-1-0,0,0,0,0,0,0,0,0
1784138841448,unknown,VM-75,Stage1-0-0,0,0,0,0,0,0,0,0
1784138841515,unknown,VM-77,Stage2-3-0,0,0,0,0,0,0,0,0
1784138841557,unknown,VM-74,Stage1-2-0,0,0,0,0,0,0,0,0
1784138841557,unknown,VM-78,Stage3-2-0,0,0,0,0,0,0,0,0
1784138841572,unknown,VM-79,Stage3-1-0,0,0,0,0,0,0,0,0
1784138841583,unknown,VM-76,Stage2-1-0,0,0,0,0,0,0,0,0
1784138842432,unknown,VM-73,Stage1-1-0,0,0,0,0,0,0,0,0
1784138842448,unknown,VM-75,Stage1-0-0,0,0,0,0,0,0,0,0
1784138842515,unknown,VM-77,Stage2-3-0,0,0,0,0,0,0,0,0
1784138842557,unknown,VM-74,Stage1-2-0,0,0,0,0,0,0,0,0
1784138842557,unknown,VM-78,Stage3-2-0,0,0,0,0,0,0,0,0
1784138842572,unknown,VM-79,Stage3-1-0,0,0,0,0,0,0,0,0
1784138842583,unknown,VM-76,Stage2-1-0,0,0,0,0,0,0,0,0
1784138843432,unknown,VM-73,Stage1-1-0,0,0,0,0,0,0,0,0
1784138843448,unknown,VM-75,Stage1-0-0,0,0,0,0,0,0,0,0
1784138843515,unknown,VM-77,Stage2-3-0,0,0,0,0,0,0,0,0
1784138843557,unknown,VM-74,Stage1-2-0,0,0,0,0,0,0,0,0
1784138843557,unknown,VM-78,Stage3-2-0,0,0,0,0,0,0,0,0
1784138843572,unknown,VM-79,Stage3-1-0,0,0,0,0,0,0,0,0
1784138843583,unknown,VM-76,Stage2-1-0,0,0,0,0,0,0,0,0
1784138844432,unknown,VM-73,Stage1-1-0,0,0,0,0,0,0,0,0
1784138844448,unknown,VM-75,Stage1-0-0,0,0,0,0,0,0,0,0
1784138844515,unknown,VM-77,Stage2-3-0,0,0,0,0,0,0,0,0
1784138844557,unknown,VM-74,Stage1-2-0,0,0,0,0,0,0,0,0
1784138844557,unknown,VM-78,Stage3-2-0,0,0,0,0,0,0,0,0
1784138844572,unknown,VM-79,Stage3-1-0,0,0,0,0,0,0,0,0
1784138844583,unknown,VM-76,Stage2-1-0,0,0,0,0,0,0,0,0
1784138845432,unknown,VM-73,Stage1-1-0,0,0,0,0,0,0,0,0
1784138845448,unknown,VM-75,Stage1-0-0,0,0,0,0,0,0,0,0
1784138845515,unknown,VM-77,Stage2-3-0,0,0,0,0,0,0,0,0
1784138845557,unknown,VM-74,Stage1-2-0,0,0,0,0,0,0,0,0
1784138845557,unknown,VM-78,Stage3-2-0,0,0,0,0,0,0,0,0
1784138845572,unknown,VM-79,Stage3-1-0,0,0,0,0,0,0,0,0
1784138845583,unknown,VM-76,Stage2-1-0,0,0,0,0,0,0,0,0
1784138846432,unknown,VM-73,Stage1-1-0,0,0,0,0,0,0,0,0
1784138846448,unknown,VM-75,Stage1-0-0,0,0,0,0,0,0,0,0
1784138846515,unknown,VM-77,Stage2-3-0,0,0,0,0,0,0,0,0
1784138846557,unknown,VM-74,Stage1-2-0,0,0,0,0,0,0,0,0
1784138846557,unknown,VM-78,Stage3-2-0,0,0,0,0,0,0,0,0
1784138846572,unknown,VM-79,Stage3-1-0,0,0,0,0,0,0,0,0
1784138846583,unknown,VM-76,Stage2-1-0,0,0,0,0,0,0,0,0
1784138847432,unknown,VM-73,Stage1-1-0,0,0,0,0,0,0,0,0
1784138847448,unknown,VM-75,Stage1-0-0,0,0,0,0,0,0,0,0
1784138847515,unknown,VM-77,Stage2-3-0,0,0,0,0,0,0,0,0
1784138847557,unknown,VM-74,Stage1-2-0,0,0,0,0,0,0,0,0
1784138847557,unknown,VM-78,Stage3-2-0,0,0,0,0,0,0,0,0
1784138847572,unknown,VM-79,Stage3-1-0,0,0,0,0,0,0,0,0
1784138847583,unknown,VM-76,Stage2-1-0,0,0,0,0,0,0,0,0
1784138848432,unknown,VM-73,Stage1-1-0,0,0,0,0,0,0,0,0
1784138848448,unknown,VM-75,Stage1-0-0,0,0,0,0,0,0,0,0
1784138848515,unknown,VM-77,Stage2-3-0,0,0,0,0,0,0,0,0
1784138848557,unknown,VM-74,Stage1-2-0,0,0,0,0,0,0,0,0
1784138848557,unknown,VM-78,Stage3-2-0,0,0,0,0,0,0,0,0
1784138848572,unknown,VM-79,Stage3-1-0,0,0,0,0,0,0,0,0
1784138848583,unknown,VM-76,Stage2-1-0,0,0,0,0,0,0,0,0
1784138849432,unknown,VM-73,Stage1-1-0,0,0,0,0,0,0,0,0
1784138849448,unknown,VM-75,Stage1-0-0,0,0,0,0,0,0,0,0
1784138849515,unknown,VM-77,Stage2-3-0,0,0,0,0,0,0,0,0
1784138849557,unknown,VM-74,Stage1-2-0,0,0,0,0,0,0,0,0
1784138849557,unknown,VM-78,Stage3-2-0,0,0,0,0,0,0,0,0
1784138849572,unknown,VM-79,Stage3-1-0,0,0,0,0,0,0,0,0
1784138849583,unknown,VM-76,Stage2-1-0,0,0,0,0,0,0,0,0
1784138850432,unknown,VM-73,Stage1-1-0,0,0,0,0,0,0,0,0
1784138850448,unknown,VM-75,Stage1-0-0,0,0,0,0,0,0,0,0
1784138850515,unknown,VM-77,Stage2-3-0,0,0,0,0,0,0,0,0
1784138850557,unknown,VM-74,Stage1-2-0,0,0,0,0,0,0,0,0
1784138850557,unknown,VM-78,Stage3-2-0,0,0,0,0,0,0,0,0
1784138850572,unknown,VM-79,Stage3-1-0,0,0,0,0,0,0,0,0
1784138850583,unknown,VM-76,Stage2-1-0,0,0,0,0,0,0,0,0
1784138851432,unknown,VM-73,Stage1-1-0,0,0,0,0,0,0,0,0
1784138851448,unknown,VM-75,Stage1-0-0,0,0,0,0,0,0,0,0
1784138851515,unknown,VM-77,Stage2-3-0,0,0,0,0,0,0,0,0
1784138851557,unknown,VM-74,Stage1-2-0,0,0,0,0,0,0,0,0
1784138851557,unknown,VM-78,Stage3-2-0,0,0,0,0,0,0,0,0
1784138851572,unknown,VM-79,Stage3-1-0,0,0,0,0,0,0,0,0
1784138851583,unknown,VM-76,Stage2-1-0,0,0,0,0,0,0,0,0
1784138852432,unknown,VM-73,Stage1-1-0,0,0,0,0,0,0,0,0
1784138852448,unknown,VM-75,Stage1-0-0,0,0,0,0,0,0,0,0
1784138852515,unknown,VM-77,Stage2-3-0,0,0,0,0,0,0,0,0
1784138852557,unknown,VM-74,Stage1-2-0,0,0,0,0,0,0,0,0
1784138852557,unknown,VM-78,Stage3-2-0,0,0,0,0,0,0,0,0
1784138852572,unknown,VM-79,Stage3-1-0,0,0,0,0,0,0,0,0
1784138852583,unknown,VM-76,Stage2-1-0,0,0,0,0,0,0,0,0
1784138853432,unknown,VM-73,Stage1-1-0,0,0,0,0,0,0,0,0
1784138853448,unknown,VM-75,Stage1-0-0,0,0,0,0,0,0,0,0
1784138853515,unknown,VM-77,Stage2-3-0,0,0,0,0,0,0,0,0
1784138853557,unknown,VM-74,Stage1-2-0,0,0,0,0,0,0,0,0
1784138853557,unknown,VM-78,Stage3-2-0,0,0,0,0,0,0,0,0
1784138853572,unknown,VM-79,Stage3-1-0,0,0,0,0,0,0,0,0
1784138853583,unknown,VM-76,Stage2-1-0,0,0,0,0,0,0,0,0
1784138854432,unknown,VM-73,Stage1-1-0,0,0,0,0,0,0,0,0
1784138854448,unknown,VM-75,Stage1-0-0,0,0,0,0,0,0,0,0
1784138854515,unknown,VM-77,Stage2-3-0,0,0,0,0,0,0,0,0
1784138854557,unknown,VM-74,Stage1-2-0,0,0,0,0,0,0,0,0
1784138854557,unknown,VM-78,Stage3-2-0,0,0,0,0,0,0,0,0
1784138854572,unknown,VM-79,Stage3-1-0,0,0,0,0,0,0,0,0
1784138854583,unknown,VM-76,Stage2-1-0,0,0,0,0,0,0,0,0
1784138855432,unknown,VM-73,Stage1-1-0,0,0,0,0,0,0,0,0
1784138855448,unknown,VM-75,Stage1-0-0,0,0,0,0,0,0,0,0
1784138855515,unknown,VM-77,Stage2-3-0,0,0,0,0,0,0,0,0
1784138855557,unknown,VM-74,Stage1-2-0,0,0,0,0,0,0,0,0
1784138855557,unknown,VM-78,Stage3-2-0,0,0,0,0,0,0,0,0
1784138855572,unknown,VM-79,Stage3-1-0,0,0,0,0,0,0,0,0
1784138855583,unknown,VM-76,Stage2-1-0,0,0,0,0,0,0,0,0
1784138856432,unknown,VM-73,Stage1-1-0,0,0,0,0,0,0,0,0
1784138856448,unknown,VM-75,Stage1-0-0,0,0,0,0,0,0,0,0
1784138856515,unknown,VM-77,Stage2-3-0,0,0,0,0,0,0,0,0
1784138856557,unknown,VM-74,Stage1-2-0,0,0,0,0,0,0,0,0
1784138856557,unknown,VM-78,Stage3-2-0,0,0,0,0,0,0,0,0
1784138856572,unknown,VM-79,Stage3-1-0,0,0,0,0,0,0,0,0
1784138856583,unknown,VM-76,Stage2-1-0,0,0,0,0,0,0,0,0
1784138857432,unknown,VM-73,Stage1-1-0,0,0,0,0,0,0,0,0
1784138857448,unknown,VM-75,Stage1-0-0,0,0,0,0,0,0,0,0
1784138857515,unknown,VM-77,Stage2-3-0,0,0,0,0,0,0,0,0
1784138857557,unknown,VM-74,Stage1-2-0,0,0,0,0,0,0,0,0
1784138857557,unknown,VM-78,Stage3-2-0,0,0,0,0,0,0,0,0
1784138857572,unknown,VM-79,Stage3-1-0,0,0,0,0,0,0,0,0
1784138857583,unknown,VM-76,Stage2-1-0,0,0,0,0,0,0,0,0
1784138858432,unknown,VM-73,Stage1-1-0,0,0,0,0,0,0,0,0
1784138858448,unknown,VM-75,Stage1-0-0,0,0,0,0,0,0,0,0
1784138858515,unknown,VM-77,Stage2-3-0,0,0,0,0,0,0,0,0
1784138858557,unknown,VM-74,Stage1-2-0,0,0,0,0,0,0,0,0
1784138858557,unknown,VM-78,Stage3-2-0,0,0,0,0,0,0,0,0
1784138858572,unknown,VM-79,Stage3-1-0,0,0,0,0,0,0,0,0
1784138858583,unknown,VM-76,Stage2-1-0,0,0,0,0,0,0,0,0
1784138859432,unknown,VM-73,Stage1-1-0,0,0,0,0,0,0,0,0
1784138859448,unknown,VM-75,Stage1-0-0,0,0,0,0,0,0,0,0
1784138859515,unknown,VM-77,Stage2-3-0,0,0,0,0,0,0,0,0
1784138859557,unknown,VM-74,Stage1-2-0,0,0,0,0,0,0,0,0
1784138859557,unknown,VM-78,Stage3-2-0,0,0,0,0,0,0,0,0
1784138859572,unknown,VM-79,Stage3-1-0,0,0,0,0,0,0,0,0
1784138859583,unknown,VM-76,Stage2-1-0,0,0,0,0,0,0,0,0
1784138860432,unknown,VM-73,Stage1-1-0,0,0,0,0,0,0,0,0
1784138860448,unknown,VM-75,Stage1-0-0,0,0,0,0,0,0,0,0
1784138860515,unknown,VM-77,Stage2-3-0,0,0,0,0,0,0,0,0
1784138860557,unknown,VM-74,Stage1-2-0,0,0,0,0,0,0,0,0
1784138860557,unknown,VM-78,Stage3-2-0,0,0,0,0,0,0,0,0
1784138860572,unknown,VM-79,Stage3-1-0,0,0,0,0,0,0,0,0
1784138860583,unknown,VM-76,Stage2-1-0,0,0,0,0,0,0,0,0
1784138861432,unknown,VM-73,Stage1-1-0,0,0,0,0,0,0,0,0
1784138861448,unknown,VM-75,Stage1-0-0,0,0,0,0,0,0,0,0
1784138861515,unknown,VM-77,Stage2-3-0,0,0,0,0,0,0,0,0
1784138861557,unknown,VM-74,Stage1-2-0,0,0,0,0,0,0,0,0
1784138861557,unknown,VM-78,Stage3-2-0,0,0,0,0,0,0,0,0
1784138861572,unknown,VM-79,Stage3-1-0,0,0,0,0,0,0,0,0
1784138861583,unknown,VM-76,Stage2-1-0,0,0,0,0,0,0,0,0
1784138862432,unknown,VM-73,Stage1-1-0,0,0,0,0,0,0,0,0
1784138862448,unknown,VM-75,Stage1-0-0,0,0,0,0,0,0,0,0
1784138862515,unknown,VM-77,Stage2-3-0,0,0,0,0,0,0,0,0
1784138862557,unknown,VM-74,Stage1-2-0,0,0,0,0,0,0,0,0
1784138862557,unknown,VM-78,Stage3-2-0,0,0,0,0,0,0,0,0
1784138862572,unknown,VM-79,Stage3-1-0,0,0,0,0,0,0,0,0
1784138862583,unknown,VM-76,Stage2-1-0,0,0,0,0,0,0,0,0
1784138863432,unknown,VM-73,Stage1-1-0,0,0,0,0,0,0,0,0
1784138863448,unknown,VM-75,Stage1-0-0,0,0,0,0,0,0,0,0
1784138863515,unknown,VM-77,Stage2-3-0,0,0,0,0,0,0,0,0
1784138863557,unknown,VM-74,Stage1-2-0,0,0,0,0,0,0,0,0
1784138863557,unknown,VM-78,Stage3-2-0,0,0,0,0,0,0,0,0
1784138863572,unknown,VM-79,Stage3-1-0,0,0,0,0,0,0,0,0
1784138863583,unknown,VM-76,Stage2-1-0,0,0,0,0,0,0,0,0
1784138864432,unknown,VM-73,Stage1-1-0,0,0,0,0,0,0,0,0
1784138864448,unknown,VM-75,Stage1-0-0,0,0,0,0,0,0,0,0
1784138864515,unknown,VM-77,Stage2-3-0,0,0,0,0,0,0,0,0
1784138864557,unknown,VM-74,Stage1-2-0,0,0,0,0,0,0,0,0
1784138864557,unknown,VM-78,Stage3-2-0,0,0,0,0,0,0,0,0
1784138864572,unknown,VM-79,Stage3-1-0,0,0,0,0,0,0,0,0
1784138864583,unknown,VM-76,Stage2-1-0,0,0,0,0,0,0,0,0
1784138865432,unknown,VM-73,Stage1-1-0,0,0,0,0,0,0,0,0
1784138865448,unknown,VM-75,Stage1-0-0,0,0,0,0,0,0,0,0
1784138865515,unknown,VM-77,Stage2-3-0,0,0,0,0,0,0,0,0
1784138865557,unknown,VM-74,Stage1-2-0,0,0,0,0,0,0,0,0
1784138865557,unknown,VM-78,Stage3-2-0,0,0,0,0,0,0,0,0
1784138865572,unknown,VM-79,Stage3-1-0,0,0,0,0,0,0,0,0
1784138865583,unknown,VM-76,Stage2-1-0,0,0,0,0,0,0,0,0
1784138866432,unknown,VM-73,Stage1-1-0,0,0,0,0,0,0,0,0
1784138866448,unknown,VM-75,Stage1-0-0,0,0,0,0,0,0,0,0
1784138866515,unknown,VM-77,Stage2-3-0,0,0,0,0,0,0,0,0
1784138866557,unknown,VM-74,Stage1-2-0,0,0,0,0,0,0,0,0
1784138866557,unknown,VM-78,Stage3-2-0,0,0,0,0,0,0,0,0
1784138866572,unknown,VM-79,Stage3-1-0,0,0,0,0,0,0,0,0
1784138866583,unknown,VM-76,Stage2-1-0,0,0,0,0,0,0,0,0
1784138867432,unknown,VM-73,Stage1-1-0,0,0,0,0,0,0,0,0
1784138867448,unknown,VM-75,Stage1-0-0,0,0,0,0,0,0,0,0
1784138867515,unknown,VM-77,Stage2-3-0,0,0,0,0,0,0,0,0
1784138867557,unknown,VM-74,Stage1-2-0,0,0,0,0,0,0,0,0
1784138867557,unknown,VM-78,Stage3-2-0,0,0,0,0,0,0,0,0
1784138867572,unknown,VM-79,Stage3-1-0,0,0,0,0,0,0,0,0
1784138867583,unknown,VM-76,Stage2-1-0,0,0,0,0,0,0,0,0
1784138868432,unknown,VM-73,Stage1-1-0,0,0,0,0,0,0,0,0
1784138868448,unknown,VM-75,Stage1-0-0,0,0,0,0,0,0,0,0
1784138868515,unknown,VM-77,Stage2-3-0,0,0,0,0,0,0,0,0
1784138868557,unknown,VM-74,Stage1-2-0,0,0,0,0,0,0,0,0
1784138868557,unknown,VM-78,Stage3-2-0,0,0,0,0,0,0,0,0
1784138868572,unknown,VM-79,Stage3-1-0,0,0,0,0,0,0,0,0
1784138868583,unknown,VM-76,Stage2-1-0,0,0,0,0,0,0,0,0
1784138869432,unknown,VM-73,Stage1-1-0,0,0,0,0,0,0,0,0
1784138869448,unknown,VM-75,Stage1-0-0,0,0,0,0,0,0,0,0
1784138869515,unknown,VM-77,Stage2-3-0,0,0,0,0,0,0,0,0
1784138869557,unknown,VM-74,Stage1-2-0,0,0,0,0,0,0,0,0
1784138869557,unknown,VM-78,Stage3-2-0,0,0,0,0,0,0,0,0
1784138869572,unknown,VM-79,Stage3-1-0,0,0,0,0,0,0,0,0
1784138869583,unknown,VM-76,Stage2-1-0,0,0,0,0,0,0,0,0
1784138870432,unknown,VM-73,Stage1-1-0,0,0,0,0,0,0,0,0
1784138870448,unknown,VM-75,Stage1-0-0,0,0,0,0,0,0,0,0
1784138870515,unknown,VM-77,Stage2-3-0,0,0,0,0,0,0,0,0
1784138870557,unknown,VM-74,Stage1-2-0,0,0,0,0,0,0,0,0
1784138870557,unknown,VM-78,Stage3-2-0,0,0,0,0,0,0,0,0
1784138870572,unknown,VM-79,Stage3-1-0,0,0,0,0,0,0,0,0
1784138870583,unknown,VM-76,Stage2-1-0,0,0,0,0,0,0,0,0
1784138871432,unknown,VM-73,Stage1-1-0,0,0,0,0,0,0,0,0
1784138871448,unknown,VM-75,Stage1-0-0,0,0,0,0,0,0,0,0
1784138871515,unknown,VM-77,Stage2-3-0,0,0,0,0,0,0,0,0
1784138871557,unknown,VM-74,Stage1-2-0,0,0,0,0,0,0,0,0
1784138871557,unknown,VM-78,Stage3-2-0,0,0,0,0,0,0,0,0
1784138871572,unknown,VM-79,Stage3-1-0,0,0,0,0,0,0,0,0
1784138871583,unknown,VM-76,Stage2-1-0,0,0,0,0,0,0,0,0
1784138872432,unknown,VM-73,Stage1-1-0,0,0,0,0,0,0,0,0
1784138872448,unknown,VM-75,Stage1-0-0,0,0,0,0,0,0,0,0
1784138872515,unknown,VM-77,Stage2-3-0,0,0,0,0,0,0,0,0
1784138872557,unknown,VM-78,Stage3-2-0,0,0,0,0,0,0,0,0
1784138872557,unknown,VM-74,Stage1-2-0,0,0,0,0,0,0,0,0
1784138872572,unknown,VM-79,Stage3-1-0,0,0,0,0,0,0,0,0
1784138872583,unknown,VM-76,Stage2-1-0,0,0,0,0,0,0,0,0
1784138873432,unknown,VM-73,Stage1-1-0,0,0,0,0,0,0,0,0
1784138873448,unknown,VM-75,Stage1-0-0,0,0,0,0,0,0,0,0
1784138873515,unknown,VM-77,Stage2-3-0,0,0,0,0,0,0,0,0
1784138873557,unknown,VM-78,Stage3-2-0,0,0,0,0,0,0,0,0
1784138873557,unknown,VM-74,Stage1-2-0,0,0,0,0,0,0,0,0
1784138873572,unknown,VM-79,Stage3-1-0,0,0,0,0,0,0,0,0
1784138873583,unknown,VM-76,Stage2-1-0,0,0,0,0,0,0,0,0
1784138874432,unknown,VM-73,Stage1-1-0,0,0,0,0,0,0,0,0
1784138874448,unknown,VM-75,Stage1-0-0,0,0,0,0,0,0,0,0
1784138874515,unknown,VM-77,Stage2-3-0,0,0,0,0,0,0,0,0
1784138874557,unknown,VM-78,Stage3-2-0,0,0,0,0,0,0,0,0
1784138874557,unknown,VM-74,Stage1-2-0,0,0,0,0,0,0,0,0
1784138874572,unknown,VM-79,Stage3-1-0,0,0,0,0,0,0,0,0
1784138874583,unknown,VM-76,Stage2-1-0,0,0,0,0,0,0,0,0
1784138875432,unknown,VM-73,Stage1-1-0,0,0,0,0,0,0,0,0
1784138875448,unknown,VM-75,Stage1-0-0,0,0,0,0,0,0,0,0
1784138875515,unknown,VM-77,Stage2-3-0,0,0,0,0,0,0,0,0
1784138875557,unknown,VM-78,Stage3-2-0,0,0,0,0,0,0,0,0
1784138875557,unknown,VM-74,Stage1-2-0,0,0,0,0,0,0,0,0
1784138875572,unknown,VM-79,Stage3-1-0,0,0,0,0,0,0,0,0
1784138875588,unknown,VM-76,Stage2-1-0,0,0,0,0,0,0,0,0
