timestamp,jobId,executorId,taskId,inputReceiveRate,inputRate,outputRate,processingTimeNs,deserTimeNs,inBytes,serializedTimeNs,outBytes
1784155482337,q6-formal-delayed-20260715T224242Z,Executor3,Stage1-0-0,0,0,0,0,0,0,0,0
1784155482337,q6-formal-delayed-20260715T224242Z,Executor3,Stage2-0-0,0,0,0,0,0,0,0,0
1784155482337,q6-formal-delayed-20260715T224242Z,Executor3,Stage3-0-0,0,0,0,0,0,0,0,0
1784155483337,q6-formal-delayed-20260715T224242Z,Executor3,Stage1-0-0,0,24,22,61768,30010,3079,0,0
1784155483337,q6-formal-delayed-20260715T224242Z,Executor3,Stage2-0-0,0,1,0,0,308,69,0,0
1784155483337,q6-formal-delayed-20260715T224242Z,Executor3,Stage3-0-0,0,0,0,0,0,0,0,0
1784155484337,q6-formal-delayed-20260715T224242Z,Executor3,Stage1-0-0,0,0,0,0,0,0,585,446
1784155484337,q6-formal-delayed-20260715T224242Z,Executor3,Stage2-0-0,0,93,0,215911,5762,5393,0,0
1784155484337,q6-formal-delayed-20260715T224242Z,Executor3,Stage3-0-0,0,0,0,0,0,0,0,0
1784155485337,q6-formal-delayed-20260715T224242Z,Executor3,Stage1-0-0,0,0,0,0,0,0,0,0
1784155485337,q6-formal-delayed-20260715T224242Z,Executor3,Stage2-0-0,0,0,0,0,0,0,0,0
1784155485337,q6-formal-delayed-20260715T224242Z,Executor3,Stage3-0-0,0,0,0,0,0,0,0,0
1784155486337,q6-formal-delayed-20260715T224242Z,Executor3,Stage1-0-0,0,0,0,0,0,0,0,0
1784155486337,q6-formal-delayed-20260715T224242Z,Executor3,Stage2-0-0,0,0,0,0,0,0,0,0
1784155486337,q6-formal-delayed-20260715T224242Z,Executor3,Stage3-0-0,0,0,0,0,0,0,0,0
1784155487338,q6-formal-delayed-20260715T224242Z,Executor3,Stage1-0-0,0,0,0,0,0,0,0,0
1784155487338,q6-formal-delayed-20260715T224242Z,Executor3,Stage2-0-0,0,0,0,0,0,0,0,0
1784155487338,q6-formal-delayed-20260715T224242Z,Executor3,Stage3-0-0,0,0,0,0,0,0,0,0
1784155488337,q6-formal-delayed-20260715T224242Z,Executor3,Stage1-0-0,0,0,0,0,0,0,0,0
1784155488337,q6-formal-delayed-20260715T224242Z,Executor3,Stage2-0-0,0,0,0,0,0,0,0,0
1784155488337,q6-formal-delayed-20260715T224242Z,Executor3,Stage3-0-0,0,0,0,0,0,0,0,0
1784155489338,q6-formal-delayed-20260715T224242Z,Executor3,Stage1-0-0,0,0,0,0,0,0,0,0
1784155489338,q6-formal-delayed-20260715T224242Z,Executor3,Stage2-0-0,0,0,0,0,0,0,0,0
1784155489338,q6-formal-delayed-20260715T224242Z,Executor3,Stage3-0-0,0,0,0,0,0,0,0,0
1784155490337,q6-formal-delayed-20260715T224242Z,Executor3,Stage1-0-0,0,0,0,0,0,0,0,0
1784155490337,q6-formal-delayed-20260715T224242Z,Executor3,Stage2-0-0,0,0,0,0,0,0,0,0
1784155490337,q6-formal-delayed-20260715T224242Z,Executor3,Stage3-0-0,0,0,0,0,0,0,0,0
1784155491337,q6-formal-delayed-20260715T224242Z,Executor3,Stage1-0-0,0,0,0,0,0,0,0,0
1784155491337,q6-formal-delayed-20260715T224242Z,Executor3,Stage2-0-0,0,0,0,0,0,0,0,0
1784155491337,q6-formal-delayed-20260715T224242Z,Executor3,Stage3-0-0,0,0,0,0,0,0,0,0
1784155492338,q6-formal-delayed-20260715T224242Z,Executor3,Stage1-0-0,0,0,0,0,0,0,0,0
1784155492338,q6-formal-delayed-20260715T224242Z,Executor3,Stage2-0-0,0,0,0,0,0,0,0,0
1784155492338,q6-formal-delayed-20260715T224242Z,Executor3,Stage3-0-0,0,0,0,0,0,0,0,0
1784155493337,q6-formal-delayed-20260715T224242Z,Executor3,Stage1-0-0,0,0,0,0,0,0,0,0
1784155493337,q6-formal-delayed-20260715T224242Z,Executor3,Stage2-0-0,0,0,0,0,0,0,0,0
1784155493337,q6-formal-delayed-20260715T224242Z,Executor3,Stage3-0-0,0,0,0,0,0,0,0,0
1784155494337,q6-formal-delayed-20260715T224242Z,Executor3,Stage1-0-0,0,0,0,0,0,0,0,0
1784155494337,q6-formal-delayed-20260715T224242Z,Executor3,Stage2-0-0,0,0,0,0,0,0,0,0
1784155494337,q6-formal-delayed-20260715T224242Z,Executor3,Stage3-0-0,0,0,0,0,0,0,0,0
1784155495337,q6-formal-delayed-20260715T224242Z,Executor3,Stage1-0-0,0,0,0,0,0,0,0,0
1784155495337,q6-formal-delayed-20260715T224242Z,Executor3,Stage2-0-0,0,0,0,0,0,0,0,0
1784155495337,q6-formal-delayed-20260715T224242Z,Executor3,Stage3-0-0,0,0,0,0,0,0,0,0
1784155496337,q6-formal-delayed-20260715T224242Z,Executor3,Stage1-0-0,0,0,0,0,0,0,0,0
1784155496337,q6-formal-delayed-20260715T224242Z,Executor3,Stage2-0-0,0,0,0,0,0,0,0,0
1784155496337,q6-formal-delayed-20260715T224242Z,Executor3,Stage3-0-0,0,0,0,0,0,0,0,0
1784155497337,q6-formal-delayed-20260715T224242Z,Executor3,Stage1-0-0,0,0,0,0,0,0,0,0
1784155497337,q6-formal-delayed-20260715T224242Z,Executor3,Stage2-0-0,0,0,0,0,0,0,0,0
1784155497337,q6-formal-delayed-20260715T224242Z,Executor3,Stage3-0-0,0,0,0,0,0,0,0,0
1784155498337,q6-formal-delayed-20260715T224242Z,Executor3,Stage1-0-0,0,0,0,0,0,0,0,0
1784155498337,q6-formal-delayed-20260715T224242Z,Executor3,Stage2-0-0,0,0,0,0,0,0,0,0
1784155498337,q6-formal-delayed-20260715T224242Z,Executor3,Stage3-0-0,0,0,0,0,0,0,0,0
1784155499337,q6-formal-delayed-20260715T224242Z,Executor3,Stage1-0-0,0,0,0,0,0,0,0,0
1784155499337,q6-formal-delayed-20260715T224242Z,Executor3,Stage2-0-0,0,0,0,0,0,0,0,0
1784155499337,q6-formal-delayed-20260715T224242Z,Executor3,Stage3-0-0,0,0,0,0,0,0,0,0
1784155500337,q6-formal-delayed-20260715T224242Z,Executor3,Stage1-0-0,0,0,0,0,0,0,0,0
1784155500337,q6-formal-delayed-20260715T224242Z,Executor3,Stage2-0-0,0,0,0,0,0,0,0,0
1784155500337,q6-formal-delayed-20260715T224242Z,Executor3,Stage3-0-0,0,0,0,0,0,0,0,0
1784155501337,q6-formal-delayed-20260715T224242Z,Executor3,Stage1-0-0,0,0,0,0,0,0,0,0
1784155501337,q6-formal-delayed-20260715T224242Z,Executor3,Stage2-0-0,0,0,0,0,0,0,0,0
1784155501337,q6-formal-delayed-20260715T224242Z,Executor3,Stage3-0-0,0,0,0,0,0,0,0,0
1784155502337,q6-formal-delayed-20260715T224242Z,Executor3,Stage1-0-0,0,0,0,0,0,0,0,0
1784155502337,q6-formal-delayed-20260715T224242Z,Executor3,Stage2-0-0,0,0,0,0,0,0,0,0
1784155502337,q6-formal-delayed-20260715T224242Z,Executor3,Stage3-0-0,0,0,0,0,0,0,0,0
1784155503337,q6-formal-delayed-20260715T224242Z,Executor3,Stage1-0-0,0,0,0,0,0,0,0,0
1784155503337,q6-formal-delayed-20260715T224242Z,Executor3,Stage2-0-0,0,0,0,0,0,0,0,0
1784155503337,q6-formal-delayed-20260715T224242Z,Executor3,Stage3-0-0,0,0,0,0,0,0,0,0
1784155504337,q6-formal-delayed-20260715T224242Z,Executor3,Stage1-0-0,0,0,0,0,0,0,0,0
1784155504337,q6-formal-delayed-20260715T224242Z,Executor3,Stage2-0-0,0,0,0,0,0,0,0,0
1784155504337,q6-formal-delayed-20260715T224242Z,Executor3,Stage3-0-0,0,0,0,0,0,0,0,0
1784155505337,q6-formal-delayed-20260715T224242Z,Executor3,Stage1-0-0,0,0,0,0,0,0,0,0
1784155505337,q6-formal-delayed-20260715T224242Z,Executor3,Stage2-0-0,0,0,0,0,0,0,0,0
1784155505337,q6-formal-delayed-20260715T224242Z,Executor3,Stage3-0-0,0,0,0,0,0,0,0,0
1784155506337,q6-formal-delayed-20260715T224242Z,Executor3,Stage1-0-0,0,0,0,0,0,0,0,0
1784155506337,q6-formal-delayed-20260715T224242Z,Executor3,Stage2-0-0,0,0,0,0,0,0,0,0
1784155506337,q6-formal-delayed-20260715T224242Z,Executor3,Stage3-0-0,0,0,0,0,0,0,0,0
1784155507337,q6-formal-delayed-20260715T224242Z,Executor3,Stage1-0-0,0,0,0,0,0,0,0,0
1784155507337,q6-formal-delayed-20260715T224242Z,Executor3,Stage2-0-0,0,0,0,0,0,0,0,0
1784155507337,q6-formal-delayed-20260715T224242Z,Executor3,Stage3-0-0,0,0,0,0,0,0,0,0
1784155508337,q6-formal-delayed-20260715T224242Z,Executor3,Stage1-0-0,0,0,0,0,0,0,0,0
1784155508337,q6-formal-delayed-20260715T224242Z,Executor3,Stage2-0-0,0,0,0,0,0,0,0,0
1784155508337,q6-formal-delayed-20260715T224242Z,Executor3,Stage3-0-0,0,0,0,0,0,0,0,0
1784155509337,q6-formal-delayed-20260715T224242Z,Executor3,Stage1-0-0,0,0,0,0,0,0,0,0
1784155509337,q6-formal-delayed-20260715T224242Z,Executor3,Stage2-0-0,0,0,0,0,0,0,0,0
1784155509337,q6-formal-delayed-20260715T224242Z,Executor3,Stage3-0-0,0,0,0,0,0,0,0,0
1784155510337,q6-formal-delayed-20260715T224242Z,Executor3,Stage1-0-0,0,0,0,0,0,0,0,0
1784155510337,q6-formal-delayed-20260715T224242Z,Executor3,Stage2-0-0,0,0,0,0,0,0,0,0
1784155510337,q6-formal-delayed-20260715T224242Z,Executor3,Stage3-0-0,0,0,0,0,0,0,0,0
1784155511337,q6-formal-delayed-20260715T224242Z,Executor3,Stage1-0-0,0,0,0,0,0,0,0,0
1784155511337,q6-formal-delayed-20260715T224242Z,Executor3,Stage2-0-0,0,0,0,0,0,0,0,0
1784155511337,q6-formal-delayed-20260715T224242Z,Executor3,Stage3-0-0,0,0,0,0,0,0,0,0
1784155512337,q6-formal-delayed-20260715T224242Z,Executor3,Stage1-0-0,0,0,0,0,0,0,0,0
1784155512337,q6-formal-delayed-20260715T224242Z,Executor3,Stage2-0-0,0,0,0,0,0,0,0,0
1784155512337,q6-formal-delayed-20260715T224242Z,Executor3,Stage3-0-0,0,0,0,0,0,0,0,0
1784155513337,q6-formal-delayed-20260715T224242Z,Executor3,Stage1-0-0,0,0,0,0,0,0,0,0
1784155513337,q6-formal-delayed-20260715T224242Z,Executor3,Stage2-0-0,0,0,0,0,0,0,0,0
1784155513337,q6-formal-delayed-20260715T224242Z,Executor3,Stage3-0-0,0,0,0,0,0,0,0,0
1784155514337,q6-formal-delayed-20260715T224242Z,Executor3,Stage1-0-0,0,0,0,0,0,0,0,0
1784155514337,q6-formal-delayed-20260715T224242Z,Executor3,Stage2-0-0,0,0,0,0,0,0,0,0
1784155514337,q6-formal-delayed-20260715T224242Z,Executor3,Stage3-0-0,0,0,0,0,0,0,0,0
1784155515337,q6-formal-delayed-20260715T224242Z,Executor3,Stage1-0-0,0,0,0,0,0,0,0,0
1784155515337,q6-formal-delayed-20260715T224242Z,Executor3,Stage2-0-0,0,0,0,0,0,0,0,0
1784155515337,q6-formal-delayed-20260715T224242Z,Executor3,Stage3-0-0,0,0,0,0,0,0,0,0
1784155516337,q6-formal-delayed-20260715T224242Z,Executor3,Stage1-0-0,0,0,0,0,0,0,0,0
1784155516337,q6-formal-delayed-20260715T224242Z,Executor3,Stage2-0-0,0,0,0,0,0,0,0,0
1784155516337,q6-formal-delayed-20260715T224242Z,Executor3,Stage3-0-0,0,0,0,0,0,0,0,0
1784155517337,q6-formal-delayed-20260715T224242Z,Executor3,Stage1-0-0,0,0,0,0,0,0,0,0
1784155517337,q6-formal-delayed-20260715T224242Z,Executor3,Stage2-0-0,0,0,0,0,0,0,0,0
1784155517337,q6-formal-delayed-20260715T224242Z,Executor3,Stage3-0-0,0,0,0,0,0,0,0,0
1784155518337,q6-formal-delayed-20260715T224242Z,Executor3,Stage1-0-0,0,0,0,0,0,0,0,0
1784155518337,q6-formal-delayed-20260715T224242Z,Executor3,Stage2-0-0,0,0,0,0,0,0,0,0
1784155518337,q6-formal-delayed-20260715T224242Z,Executor3,Stage3-0-0,0,0,0,0,0,0,0,0
1784155519337,q6-formal-delayed-20260715T224242Z,Executor3,Stage1-0-0,0,0,0,0,0,0,0,0
1784155519337,q6-formal-delayed-20260715T224242Z,Executor3,Stage2-0-0,0,0,0,0,0,0,0,0
1784155519337,q6-formal-delayed-20260715T224242Z,Executor3,Stage3-0-0,0,0,0,0,0,0,0,0
1784155520337,q6-formal-delayed-20260715T224242Z,Executor3,Stage1-0-0,0,0,0,0,0,0,0,0
1784155520337,q6-formal-delayed-20260715T224242Z,Executor3,Stage2-0-0,0,0,0,0,0,0,0,0
1784155520337,q6-formal-delayed-20260715T224242Z,Executor3,Stage3-0-0,0,0,0,0,0,0,0,0
1784155521337,q6-formal-delayed-20260715T224242Z,Executor3,Stage1-0-0,0,0,0,0,0,0,0,0
1784155521337,q6-formal-delayed-20260715T224242Z,Executor3,Stage2-0-0,0,0,0,0,0,0,0,0
1784155521337,q6-formal-delayed-20260715T224242Z,Executor3,Stage3-0-0,0,0,0,0,0,0,0,0
1784155522337,q6-formal-delayed-20260715T224242Z,Executor3,Stage1-0-0,0,0,0,0,0,0,0,0
1784155522337,q6-formal-delayed-20260715T224242Z,Executor3,Stage2-0-0,0,0,0,0,0,0,0,0
1784155522337,q6-formal-delayed-20260715T224242Z,Executor3,Stage3-0-0,0,0,0,0,0,0,0,0
1784155523337,q6-formal-delayed-20260715T224242Z,Executor3,Stage1-0-0,0,0,0,0,0,0,0,0
1784155523337,q6-formal-delayed-20260715T224242Z,Executor3,Stage2-0-0,0,0,0,0,0,0,0,0
1784155523337,q6-formal-delayed-20260715T224242Z,Executor3,Stage3-0-0,0,0,0,0,0,0,0,0
1784155524337,q6-formal-delayed-20260715T224242Z,Executor3,Stage1-0-0,0,0,0,0,0,0,0,0
1784155524337,q6-formal-delayed-20260715T224242Z,Executor3,Stage2-0-0,0,0,0,0,0,0,0,0
1784155524337,q6-formal-delayed-20260715T224242Z,Executor3,Stage3-0-0,0,0,0,0,0,0,0,0
1784155525337,q6-formal-delayed-20260715T224242Z,Executor3,Stage1-0-0,0,0,0,0,0,0,0,0
1784155525337,q6-formal-delayed-20260715T224242Z,Executor3,Stage2-0-0,0,0,0,0,0,0,0,0
1784155525337,q6-formal-delayed-20260715T224242Z,Executor3,Stage3-0-0,0,0,0,0,0,0,0,0
1784155526337,q6-formal-delayed-20260715T224242Z,Executor3,Stage1-0-0,0,0,0,0,0,0,0,0
1784155526337,q6-formal-delayed-20260715T224242Z,Executor3,Stage2-0-0,0,0,0,0,0,0,0,0
1784155526337,q6-formal-delayed-20260715T224242Z,Executor3,Stage3-0-0,0,0,0,0,0,0,0,0
1784155527337,q6-formal-delayed-20260715T224242Z,Executor3,Stage1-0-0,0,0,0,0,0,0,0,0
1784155527337,q6-formal-delayed-20260715T224242Z,Executor3,Stage2-0-0,0,0,0,0,0,0,0,0
1784155527337,q6-formal-delayed-20260715T224242Z,Executor3,Stage3-0-0,0,0,0,0,0,0,0,0
1784155528337,q6-formal-delayed-20260715T224242Z,Executor3,Stage1-0-0,0,0,0,0,0,0,0,0
1784155528337,q6-formal-delayed-20260715T224242Z,Executor3,Stage2-0-0,0,0,0,0,0,0,0,0
1784155528337,q6-formal-delayed-20260715T224242Z,Executor3,Stage3-0-0,0,0,0,0,0,0,0,0
1784155529337,q6-formal-delayed-20260715T224242Z,Executor3,Stage1-0-0,0,0,0,0,0,0,0,0
1784155529337,q6-formal-delayed-20260715T224242Z,Executor3,Stage2-0-0,0,0,0,0,0,0,0,0
1784155529337,q6-formal-delayed-20260715T224242Z,Executor3,Stage3-0-0,0,0,0,0,0,0,0,0
1784155530337,q6-formal-delayed-20260715T224242Z,Executor3,Stage1-0-0,0,0,0,0,0,0,0,0
1784155530337,q6-formal-delayed-20260715T224242Z,Executor3,Stage2-0-0,0,0,0,0,0,0,0,0
1784155530337,q6-formal-delayed-20260715T224242Z,Executor3,Stage3-0-0,0,0,0,0,0,0,0,0
1784155531337,q6-formal-delayed-20260715T224242Z,Executor3,Stage1-0-0,0,0,0,0,0,0,0,0
1784155531337,q6-formal-delayed-20260715T224242Z,Executor3,Stage2-0-0,0,0,0,0,0,0,0,0
1784155531337,q6-formal-delayed-20260715T224242Z,Executor3,Stage3-0-0,0,0,0,0,0,0,0,0
1784155532337,q6-formal-delayed-20260715T224242Z,Executor3,Stage1-0-0,0,0,0,0,0,0,0,0
1784155532337,q6-formal-delayed-20260715T224242Z,Executor3,Stage2-0-0,0,0,0,0,0,0,0,0
1784155532337,q6-formal-delayed-20260715T224242Z,Executor3,Stage3-0-0,0,0,0,0,0,0,0,0
1784155533337,q6-formal-delayed-20260715T224242Z,Executor3,Stage1-0-0,0,0,0,0,0,0,0,0
1784155533337,q6-formal-delayed-20260715T224242Z,Executor3,Stage2-0-0,0,0,0,0,0,0,0,0
1784155533337,q6-formal-delayed-20260715T224242Z,Executor3,Stage3-0-0,0,0,0,0,0,0,0,0
1784155534337,q6-formal-delayed-20260715T224242Z,Executor3,Stage1-0-0,0,0,0,0,0,0,0,0
1784155534337,q6-formal-delayed-20260715T224242Z,Executor3,Stage2-0-0,0,0,0,0,0,0,0,0
1784155534337,q6-formal-delayed-20260715T224242Z,Executor3,Stage3-0-0,0,0,0,0,0,0,0,0
1784155535337,q6-formal-delayed-20260715T224242Z,Executor3,Stage1-0-0,0,0,0,0,0,0,0,0
1784155535337,q6-formal-delayed-20260715T224242Z,Executor3,Stage2-0-0,0,0,0,0,0,0,0,0
1784155535337,q6-formal-delayed-20260715T224242Z,Executor3,Stage3-0-0,0,0,0,0,0,0,0,0
1784155536337,q6-formal-delayed-20260715T224242Z,Executor3,Stage1-0-0,0,0,0,0,0,0,0,0
1784155536337,q6-formal-delayed-20260715T224242Z,Executor3,Stage2-0-0,0,0,0,0,0,0,0,0
1784155536337,q6-formal-delayed-20260715T224242Z,Executor3,Stage3-0-0,0,0,0,0,0,0,0,0
1784155537337,q6-formal-delayed-20260715T224242Z,Executor3,Stage1-0-0,0,0,0,0,0,0,0,0
1784155537337,q6-formal-delayed-20260715T224242Z,Executor3,Stage2-0-0,0,0,0,0,0,0,0,0
1784155537337,q6-formal-delayed-20260715T224242Z,Executor3,Stage3-0-0,0,0,0,0,0,0,0,0
1784155538337,q6-formal-delayed-20260715T224242Z,Executor3,Stage1-0-0,0,0,0,0,0,0,0,0
1784155538337,q6-formal-delayed-20260715T224242Z,Executor3,Stage2-0-0,0,0,0,0,0,0,0,0
1784155538337,q6-formal-delayed-20260715T224242Z,Executor3,Stage3-0-0,0,0,0,0,0,0,0,0
1784155539337,q6-formal-delayed-20260715T224242Z,Executor3,Stage1-0-0,0,0,0,0,0,0,0,0
1784155539337,q6-formal-delayed-20260715T224242Z,Executor3,Stage2-0-0,0,0,0,0,0,0,0,0
1784155539337,q6-formal-delayed-20260715T224242Z,Executor3,Stage3-0-0,0,0,0,0,0,0,0,0
1784155540337,q6-formal-delayed-20260715T224242Z,Executor3,Stage1-0-0,0,0,0,0,0,0,0,0
1784155540337,q6-formal-delayed-20260715T224242Z,Executor3,Stage2-0-0,0,0,0,0,0,0,0,0
1784155540337,q6-formal-delayed-20260715T224242Z,Executor3,Stage3-0-0,0,0,0,0,0,0,0,0
1784155541337,q6-formal-delayed-20260715T224242Z,Executor3,Stage1-0-0,0,0,0,0,0,0,0,0
1784155541337,q6-formal-delayed-20260715T224242Z,Executor3,Stage2-0-0,0,0,0,0,0,0,0,0
1784155541337,q6-formal-delayed-20260715T224242Z,Executor3,Stage3-0-0,0,0,0,0,0,0,0,0
1784155542337,q6-formal-delayed-20260715T224242Z,Executor3,Stage1-0-0,0,0,0,0,0,0,0,0
1784155542337,q6-formal-delayed-20260715T224242Z,Executor3,Stage2-0-0,0,0,0,0,0,0,0,0
1784155542337,q6-formal-delayed-20260715T224242Z,Executor3,Stage3-0-0,0,0,0,0,0,0,0,0
1784155543337,q6-formal-delayed-20260715T224242Z,Executor3,Stage1-0-0,0,0,0,0,0,0,0,0
1784155543337,q6-formal-delayed-20260715T224242Z,Executor3,Stage2-0-0,0,0,0,0,0,0,0,0
1784155543337,q6-formal-delayed-20260715T224242Z,Executor3,Stage3-0-0,0,0,0,0,0,0,0,0
1784155544337,q6-formal-delayed-20260715T224242Z,Executor3,Stage1-0-0,0,0,0,0,0,0,0,0
1784155544337,q6-formal-delayed-20260715T224242Z,Executor3,Stage2-0-0,0,0,0,0,0,0,0,0
1784155544337,q6-formal-delayed-20260715T224242Z,Executor3,Stage3-0-0,0,0,0,0,0,0,0,0
1784155545337,q6-formal-delayed-20260715T224242Z,Executor3,Stage1-0-0,0,0,0,0,0,0,0,0
1784155545337,q6-formal-delayed-20260715T224242Z,Executor3,Stage2-0-0,0,0,0,0,0,0,0,0
1784155545337,q6-formal-delayed-20260715T224242Z,Executor3,Stage3-0-0,0,0,0,0,0,0,0,0
1784155546337,q6-formal-delayed-20260715T224242Z,Executor3,Stage1-0-0,0,0,0,0,0,0,0,0
1784155546337,q6-formal-delayed-20260715T224242Z,Executor3,Stage2-0-0,0,0,0,0,0,0,0,0
1784155546337,q6-formal-delayed-20260715T224242Z,Executor3,Stage3-0-0,0,0,0,0,0,0,0,0
1784155547337,q6-formal-delayed-20260715T224242Z,Executor3,Stage1-0-0,0,0,0,0,0,0,0,0
1784155547337,q6-formal-delayed-20260715T224242Z,Executor3,Stage2-0-0,0,0,0,0,0,0,0,0
1784155547337,q6-formal-delayed-20260715T224242Z,Executor3,Stage3-0-0,0,0,0,0,0,0,0,0
1784155548337,q6-formal-delayed-20260715T224242Z,Executor3,Stage1-0-0,0,0,0,0,0,0,0,0
1784155548337,q6-formal-delayed-20260715T224242Z,Executor3,Stage2-0-0,0,0,0,0,0,0,0,0
1784155548337,q6-formal-delayed-20260715T224242Z,Executor3,Stage3-0-0,0,0,0,0,0,0,0,0
1784155549337,q6-formal-delayed-20260715T224242Z,Executor3,Stage1-0-0,0,0,0,0,0,0,0,0
1784155549337,q6-formal-delayed-20260715T224242Z,Executor3,Stage2-0-0,0,0,0,0,0,0,0,0
1784155549337,q6-formal-delayed-20260715T224242Z,Executor3,Stage3-0-0,0,0,0,0,0,0,0,0
1784155550337,q6-formal-delayed-20260715T224242Z,Executor3,Stage1-0-0,0,0,0,0,0,0,0,0
1784155550337,q6-formal-delayed-20260715T224242Z,Executor3,Stage2-0-0,0,0,0,0,0,0,0,0
1784155550337,q6-formal-delayed-20260715T224242Z,Executor3,Stage3-0-0,0,0,0,0,0,0,0,0
1784155551337,q6-formal-delayed-20260715T224242Z,Executor3,Stage1-0-0,0,0,0,0,0,0,0,0
1784155551337,q6-formal-delayed-20260715T224242Z,Executor3,Stage2-0-0,0,0,0,0,0,0,0,0
1784155551337,q6-formal-delayed-20260715T224242Z,Executor3,Stage3-0-0,0,0,0,0,0,0,0,0
1784155552337,q6-formal-delayed-20260715T224242Z,Executor3,Stage1-0-0,0,0,0,0,0,0,0,0
1784155552337,q6-formal-delayed-20260715T224242Z,Executor3,Stage2-0-0,0,0,0,0,0,0,0,0
1784155552337,q6-formal-delayed-20260715T224242Z,Executor3,Stage3-0-0,0,0,0,0,0,0,0,0
1784155553337,q6-formal-delayed-20260715T224242Z,Executor3,Stage1-0-0,0,0,0,0,0,0,0,0
1784155553337,q6-formal-delayed-20260715T224242Z,Executor3,Stage2-0-0,0,0,0,0,0,0,0,0
1784155553337,q6-formal-delayed-20260715T224242Z,Executor3,Stage3-0-0,0,0,0,0,0,0,0,0
1784155554337,q6-formal-delayed-20260715T224242Z,Executor3,Stage1-0-0,0,0,0,0,0,0,0,0
1784155554337,q6-formal-delayed-20260715T224242Z,Executor3,Stage2-0-0,0,0,0,0,0,0,0,0
1784155554337,q6-formal-delayed-20260715T224242Z,Executor3,Stage3-0-0,0,0,0,0,0,0,0,0
1784155555337,q6-formal-delayed-20260715T224242Z,Executor3,Stage1-0-0,0,0,0,0,0,0,0,0
1784155555337,q6-formal-delayed-20260715T224242Z,Executor3,Stage2-0-0,0,0,0,0,0,0,0,0
1784155555337,q6-formal-delayed-20260715T224242Z,Executor3,Stage3-0-0,0,0,0,0,0,0,0,0
1784155556337,q6-formal-delayed-20260715T224242Z,Executor3,Stage1-0-0,0,0,0,0,0,0,0,0
1784155556337,q6-formal-delayed-20260715T224242Z,Executor3,Stage2-0-0,0,0,0,0,0,0,0,0
1784155556337,q6-formal-delayed-20260715T224242Z,Executor3,Stage3-0-0,0,0,0,0,0,0,0,0
1784155557337,q6-formal-delayed-20260715T224242Z,Executor3,Stage1-0-0,0,0,0,0,0,0,0,0
1784155557337,q6-formal-delayed-20260715T224242Z,Executor3,Stage2-0-0,0,0,0,0,0,0,0,0
1784155557337,q6-formal-delayed-20260715T224242Z,Executor3,Stage3-0-0,0,0,0,0,0,0,0,0
1784155558337,q6-formal-delayed-20260715T224242Z,Executor3,Stage1-0-0,0,0,0,0,0,0,0,0
1784155558337,q6-formal-delayed-20260715T224242Z,Executor3,Stage2-0-0,0,0,0,0,0,0,0,0
1784155558337,q6-formal-delayed-20260715T224242Z,Executor3,Stage3-0-0,0,0,0,0,0,0,0,0
1784155559337,q6-formal-delayed-20260715T224242Z,Executor3,Stage1-0-0,0,0,0,0,0,0,0,0
1784155559337,q6-formal-delayed-20260715T224242Z,Executor3,Stage2-0-0,0,0,0,0,0,0,0,0
1784155559337,q6-formal-delayed-20260715T224242Z,Executor3,Stage3-0-0,0,0,0,0,0,0,0,0
1784155560337,q6-formal-delayed-20260715T224242Z,Executor3,Stage1-0-0,0,0,0,0,0,0,0,0
1784155560337,q6-formal-delayed-20260715T224242Z,Executor3,Stage2-0-0,0,0,0,0,0,0,0,0
1784155560337,q6-formal-delayed-20260715T224242Z,Executor3,Stage3-0-0,0,0,0,0,0,0,0,0
1784155561337,q6-formal-delayed-20260715T224242Z,Executor3,Stage1-0-0,0,0,0,0,0,0,0,0
1784155561337,q6-formal-delayed-20260715T224242Z,Executor3,Stage2-0-0,0,0,0,0,0,0,0,0
1784155561337,q6-formal-delayed-20260715T224242Z,Executor3,Stage3-0-0,0,0,0,0,0,0,0,0
1784155562337,q6-formal-delayed-20260715T224242Z,Executor3,Stage1-0-0,0,0,0,0,0,0,0,0
1784155562337,q6-formal-delayed-20260715T224242Z,Executor3,Stage2-0-0,0,0,0,0,0,0,0,0
1784155562337,q6-formal-delayed-20260715T224242Z,Executor3,Stage3-0-0,0,0,0,0,0,0,0,0
1784155563337,q6-formal-delayed-20260715T224242Z,Executor3,Stage1-0-0,0,0,0,0,0,0,0,0
1784155563337,q6-formal-delayed-20260715T224242Z,Executor3,Stage2-0-0,0,0,0,0,0,0,0,0
1784155563337,q6-formal-delayed-20260715T224242Z,Executor3,Stage3-0-0,0,0,0,0,0,0,0,0
1784155564337,q6-formal-delayed-20260715T224242Z,Executor3,Stage1-0-0,0,0,0,0,0,0,0,0
1784155564337,q6-formal-delayed-20260715T224242Z,Executor3,Stage2-0-0,0,0,0,0,0,0,0,0
1784155564337,q6-formal-delayed-20260715T224242Z,Executor3,Stage3-0-0,0,0,0,0,0,0,0,0
1784155565337,q6-formal-delayed-20260715T224242Z,Executor3,Stage1-0-0,0,0,0,0,0,0,0,0
1784155565337,q6-formal-delayed-20260715T224242Z,Executor3,Stage2-0-0,0,0,0,0,0,0,0,0
1784155565337,q6-formal-delayed-20260715T224242Z,Executor3,Stage3-0-0,0,0,0,0,0,0,0,0
1784155566337,q6-formal-delayed-20260715T224242Z,Executor3,Stage1-0-0,0,0,0,0,0,0,0,0
1784155566337,q6-formal-delayed-20260715T224242Z,Executor3,Stage2-0-0,0,0,0,0,0,0,0,0
1784155566337,q6-formal-delayed-20260715T224242Z,Executor3,Stage3-0-0,0,0,0,0,0,0,0,0
1784155567337,q6-formal-delayed-20260715T224242Z,Executor3,Stage1-0-0,0,0,0,0,0,0,0,0
1784155567337,q6-formal-delayed-20260715T224242Z,Executor3,Stage2-0-0,0,0,0,0,0,0,0,0
1784155567337,q6-formal-delayed-20260715T224242Z,Executor3,Stage3-0-0,0,0,0,0,0,0,0,0
1784155568337,q6-formal-delayed-20260715T224242Z,Executor3,Stage1-0-0,0,0,0,0,0,0,0,0
1784155568337,q6-formal-delayed-20260715T224242Z,Executor3,Stage2-0-0,0,0,0,0,0,0,0,0
1784155568337,q6-formal-delayed-20260715T224242Z,Executor3,Stage3-0-0,0,0,0,0,0,0,0,0
1784155569337,q6-formal-delayed-20260715T224242Z,Executor3,Stage1-0-0,0,0,0,0,0,0,0,0
1784155569337,q6-formal-delayed-20260715T224242Z,Executor3,Stage2-0-0,0,0,0,0,0,0,0,0
1784155569337,q6-formal-delayed-20260715T224242Z,Executor3,Stage3-0-0,0,0,0,0,0,0,0,0
1784155570337,q6-formal-delayed-20260715T224242Z,Executor3,Stage1-0-0,0,0,0,0,0,0,0,0
1784155570337,q6-formal-delayed-20260715T224242Z,Executor3,Stage2-0-0,0,0,0,0,0,0,0,0
1784155570337,q6-formal-delayed-20260715T224242Z,Executor3,Stage3-0-0,0,0,0,0,0,0,0,0
1784155571337,q6-formal-delayed-20260715T224242Z,Executor3,Stage1-0-0,0,0,0,0,0,0,0,0
1784155571337,q6-formal-delayed-20260715T224242Z,Executor3,Stage2-0-0,0,0,0,0,0,0,0,0
1784155571337,q6-formal-delayed-20260715T224242Z,Executor3,Stage3-0-0,0,0,0,0,0,0,0,0
1784155572337,q6-formal-delayed-20260715T224242Z,Executor3,Stage1-0-0,0,0,0,0,0,0,0,0
1784155572337,q6-formal-delayed-20260715T224242Z,Executor3,Stage2-0-0,0,0,0,0,0,0,0,0
1784155572337,q6-formal-delayed-20260715T224242Z,Executor3,Stage3-0-0,0,0,0,0,0,0,0,0
1784155573337,q6-formal-delayed-20260715T224242Z,Executor3,Stage1-0-0,0,0,0,0,0,0,0,0
1784155573337,q6-formal-delayed-20260715T224242Z,Executor3,Stage2-0-0,0,0,0,0,0,0,0,0
1784155573337,q6-formal-delayed-20260715T224242Z,Executor3,Stage3-0-0,0,0,0,0,0,0,0,0
1784155574337,q6-formal-delayed-20260715T224242Z,Executor3,Stage1-0-0,0,0,0,0,0,0,0,0
1784155574337,q6-formal-delayed-20260715T224242Z,Executor3,Stage2-0-0,0,0,0,0,0,0,0,0
1784155574337,q6-formal-delayed-20260715T224242Z,Executor3,Stage3-0-0,0,0,0,0,0,0,0,0
1784155575337,q6-formal-delayed-20260715T224242Z,Executor3,Stage1-0-0,0,0,0,0,0,0,0,0
1784155575337,q6-formal-delayed-20260715T224242Z,Executor3,Stage2-0-0,0,0,0,0,0,0,0,0
1784155575337,q6-formal-delayed-20260715T224242Z,Executor3,Stage3-0-0,0,0,0,0,0,0,0,0
1784155576337,q6-formal-delayed-20260715T224242Z,Executor3,Stage1-0-0,0,0,0,0,0,0,0,0
1784155576337,q6-formal-delayed-20260715T224242Z,Executor3,Stage2-0-0,0,0,0,0,0,0,0,0
1784155576337,q6-formal-delayed-20260715T224242Z,Executor3,Stage3-0-0,0,0,0,0,0,0,0,0
1784155577337,q6-formal-delayed-20260715T224242Z,Executor3,Stage1-0-0,0,0,0,0,0,0,0,0
1784155577337,q6-formal-delayed-20260715T224242Z,Executor3,Stage2-0-0,0,0,0,0,0,0,0,0
1784155577337,q6-formal-delayed-20260715T224242Z,Executor3,Stage3-0-0,0,0,0,0,0,0,0,0
1784155578337,q6-formal-delayed-20260715T224242Z,Executor3,Stage1-0-0,0,0,0,0,0,0,0,0
1784155578337,q6-formal-delayed-20260715T224242Z,Executor3,Stage2-0-0,0,0,0,0,0,0,0,0
1784155578337,q6-formal-delayed-20260715T224242Z,Executor3,Stage3-0-0,0,0,0,0,0,0,0,0
1784155579337,q6-formal-delayed-20260715T224242Z,Executor3,Stage1-0-0,0,0,0,0,0,0,0,0
1784155579337,q6-formal-delayed-20260715T224242Z,Executor3,Stage2-0-0,0,0,0,0,0,0,0,0
1784155579337,q6-formal-delayed-20260715T224242Z,Executor3,Stage3-0-0,0,0,0,0,0,0,0,0
1784155580337,q6-formal-delayed-20260715T224242Z,Executor3,Stage1-0-0,0,0,0,0,0,0,0,0
1784155580337,q6-formal-delayed-20260715T224242Z,Executor3,Stage2-0-0,0,0,0,0,0,0,0,0
1784155580337,q6-formal-delayed-20260715T224242Z,Executor3,Stage3-0-0,0,0,0,0,0,0,0,0
1784155581337,q6-formal-delayed-20260715T224242Z,Executor3,Stage1-0-0,0,0,0,0,0,0,0,0
1784155581337,q6-formal-delayed-20260715T224242Z,Executor3,Stage2-0-0,0,0,0,0,0,0,0,0
1784155581337,q6-formal-delayed-20260715T224242Z,Executor3,Stage3-0-0,0,0,0,0,0,0,0,0
1784155582337,q6-formal-delayed-20260715T224242Z,Executor3,Stage1-0-0,0,0,0,0,0,0,0,0
1784155582337,q6-formal-delayed-20260715T224242Z,Executor3,Stage2-0-0,0,0,0,0,0,0,0,0
1784155582337,q6-formal-delayed-20260715T224242Z,Executor3,Stage3-0-0,0,0,0,0,0,0,0,0
1784155583337,q6-formal-delayed-20260715T224242Z,Executor3,Stage1-0-0,0,0,0,0,0,0,0,0
1784155583337,q6-formal-delayed-20260715T224242Z,Executor3,Stage2-0-0,0,0,0,0,0,0,0,0
1784155583337,q6-formal-delayed-20260715T224242Z,Executor3,Stage3-0-0,0,0,0,0,0,0,0,0
1784155584337,q6-formal-delayed-20260715T224242Z,Executor3,Stage1-0-0,0,0,0,0,0,0,0,0
1784155584337,q6-formal-delayed-20260715T224242Z,Executor3,Stage2-0-0,0,0,0,0,0,0,0,0
1784155584337,q6-formal-delayed-20260715T224242Z,Executor3,Stage3-0-0,0,0,0,0,0,0,0,0
1784155585337,q6-formal-delayed-20260715T224242Z,Executor3,Stage1-0-0,0,0,0,0,0,0,0,0
1784155585337,q6-formal-delayed-20260715T224242Z,Executor3,Stage2-0-0,0,0,0,0,0,0,0,0
1784155585337,q6-formal-delayed-20260715T224242Z,Executor3,Stage3-0-0,0,0,0,0,0,0,0,0
1784155586337,q6-formal-delayed-20260715T224242Z,Executor3,Stage1-0-0,0,0,0,0,0,0,0,0
1784155586337,q6-formal-delayed-20260715T224242Z,Executor3,Stage2-0-0,0,0,0,0,0,0,0,0
1784155586337,q6-formal-delayed-20260715T224242Z,Executor3,Stage3-0-0,0,0,0,0,0,0,0,0
1784155587337,q6-formal-delayed-20260715T224242Z,Executor3,Stage1-0-0,0,0,0,0,0,0,0,0
1784155587337,q6-formal-delayed-20260715T224242Z,Executor3,Stage2-0-0,0,0,0,0,0,0,0,0
1784155587337,q6-formal-delayed-20260715T224242Z,Executor3,Stage3-0-0,0,0,0,0,0,0,0,0
1784155588337,q6-formal-delayed-20260715T224242Z,Executor3,Stage1-0-0,0,0,0,0,0,0,0,0
1784155588337,q6-formal-delayed-20260715T224242Z,Executor3,Stage2-0-0,0,0,0,0,0,0,0,0
1784155588337,q6-formal-delayed-20260715T224242Z,Executor3,Stage3-0-0,0,0,0,0,0,0,0,0
1784155589337,q6-formal-delayed-20260715T224242Z,Executor3,Stage1-0-0,0,0,0,0,0,0,0,0
1784155589337,q6-formal-delayed-20260715T224242Z,Executor3,Stage2-0-0,0,0,0,0,0,0,0,0
1784155589337,q6-formal-delayed-20260715T224242Z,Executor3,Stage3-0-0,0,0,0,0,0,0,0,0
1784155590337,q6-formal-delayed-20260715T224242Z,Executor3,Stage1-0-0,0,0,0,0,0,0,0,0
1784155590337,q6-formal-delayed-20260715T224242Z,Executor3,Stage2-0-0,0,0,0,0,0,0,0,0
1784155590337,q6-formal-delayed-20260715T224242Z,Executor3,Stage3-0-0,0,0,0,0,0,0,0,0
1784155591337,q6-formal-delayed-20260715T224242Z,Executor3,Stage1-0-0,0,0,0,0,0,0,0,0
1784155591337,q6-formal-delayed-20260715T224242Z,Executor3,Stage2-0-0,0,0,0,0,0,0,0,0
1784155591337,q6-formal-delayed-20260715T224242Z,Executor3,Stage3-0-0,0,0,0,0,0,0,0,0
1784155592337,q6-formal-delayed-20260715T224242Z,Executor3,Stage1-0-0,0,0,0,0,0,0,0,0
1784155592337,q6-formal-delayed-20260715T224242Z,Executor3,Stage2-0-0,0,0,0,0,0,0,0,0
1784155592337,q6-formal-delayed-20260715T224242Z,Executor3,Stage3-0-0,0,0,0,0,0,0,0,0
1784155593337,q6-formal-delayed-20260715T224242Z,Executor3,Stage1-0-0,0,0,0,0,0,0,0,0
1784155593337,q6-formal-delayed-20260715T224242Z,Executor3,Stage2-0-0,0,0,0,0,0,0,0,0
1784155593337,q6-formal-delayed-20260715T224242Z,Executor3,Stage3-0-0,0,0,0,0,0,0,0,0
1784155594337,q6-formal-delayed-20260715T224242Z,Executor3,Stage1-0-0,0,0,0,0,0,0,0,0
1784155594337,q6-formal-delayed-20260715T224242Z,Executor3,Stage2-0-0,0,0,0,0,0,0,0,0
1784155594337,q6-formal-delayed-20260715T224242Z,Executor3,Stage3-0-0,0,0,0,0,0,0,0,0
1784155595337,q6-formal-delayed-20260715T224242Z,Executor3,Stage1-0-0,0,0,0,0,0,0,0,0
1784155595337,q6-formal-delayed-20260715T224242Z,Executor3,Stage2-0-0,0,0,0,0,0,0,0,0
1784155595337,q6-formal-delayed-20260715T224242Z,Executor3,Stage3-0-0,0,0,0,0,0,0,0,0
1784155596337,q6-formal-delayed-20260715T224242Z,Executor3,Stage1-0-0,0,0,0,0,0,0,0,0
1784155596337,q6-formal-delayed-20260715T224242Z,Executor3,Stage2-0-0,0,0,0,0,0,0,0,0
1784155596337,q6-formal-delayed-20260715T224242Z,Executor3,Stage3-0-0,0,0,0,0,0,0,0,0
1784155597337,q6-formal-delayed-20260715T224242Z,Executor3,Stage1-0-0,0,0,0,0,0,0,0,0
1784155597337,q6-formal-delayed-20260715T224242Z,Executor3,Stage2-0-0,0,0,0,0,0,0,0,0
1784155597337,q6-formal-delayed-20260715T224242Z,Executor3,Stage3-0-0,0,0,0,0,0,0,0,0
1784155598337,q6-formal-delayed-20260715T224242Z,Executor3,Stage1-0-0,0,0,0,0,0,0,0,0
1784155598337,q6-formal-delayed-20260715T224242Z,Executor3,Stage2-0-0,0,0,0,0,0,0,0,0
1784155598337,q6-formal-delayed-20260715T224242Z,Executor3,Stage3-0-0,0,0,0,0,0,0,0,0
1784155599337,q6-formal-delayed-20260715T224242Z,Executor3,Stage1-0-0,0,0,0,0,0,0,0,0
1784155599337,q6-formal-delayed-20260715T224242Z,Executor3,Stage2-0-0,0,0,0,0,0,0,0,0
1784155599337,q6-formal-delayed-20260715T224242Z,Executor3,Stage3-0-0,0,0,0,0,0,0,0,0
1784155600337,q6-formal-delayed-20260715T224242Z,Executor3,Stage1-0-0,0,0,0,0,0,0,0,0
1784155600337,q6-formal-delayed-20260715T224242Z,Executor3,Stage2-0-0,0,0,0,0,0,0,0,0
1784155600337,q6-formal-delayed-20260715T224242Z,Executor3,Stage3-0-0,0,0,0,0,0,0,0,0
1784155601337,q6-formal-delayed-20260715T224242Z,Executor3,Stage1-0-0,0,0,0,0,0,0,0,0
1784155601337,q6-formal-delayed-20260715T224242Z,Executor3,Stage2-0-0,0,0,0,0,0,0,0,0
1784155601337,q6-formal-delayed-20260715T224242Z,Executor3,Stage3-0-0,0,0,0,0,0,0,0,0
1784155602337,q6-formal-delayed-20260715T224242Z,Executor3,Stage1-0-0,0,0,0,0,0,0,0,0
1784155602337,q6-formal-delayed-20260715T224242Z,Executor3,Stage2-0-0,0,0,0,0,0,0,0,0
1784155602337,q6-formal-delayed-20260715T224242Z,Executor3,Stage3-0-0,0,0,0,0,0,0,0,0
1784155603337,q6-formal-delayed-20260715T224242Z,Executor3,Stage1-0-0,0,0,0,0,0,0,0,0
1784155603337,q6-formal-delayed-20260715T224242Z,Executor3,Stage2-0-0,0,0,0,0,0,0,0,0
1784155603337,q6-formal-delayed-20260715T224242Z,Executor3,Stage3-0-0,0,0,0,0,0,0,0,0
1784155604337,q6-formal-delayed-20260715T224242Z,Executor3,Stage1-0-0,0,0,0,0,0,0,0,0
1784155604337,q6-formal-delayed-20260715T224242Z,Executor3,Stage2-0-0,0,0,0,0,0,0,0,0
1784155604337,q6-formal-delayed-20260715T224242Z,Executor3,Stage3-0-0,0,0,0,0,0,0,0,0
1784155605337,q6-formal-delayed-20260715T224242Z,Executor3,Stage1-0-0,0,0,0,0,0,0,0,0
1784155605337,q6-formal-delayed-20260715T224242Z,Executor3,Stage2-0-0,0,0,0,0,0,0,0,0
1784155605337,q6-formal-delayed-20260715T224242Z,Executor3,Stage3-0-0,0,0,0,0,0,0,0,0
1784155606337,q6-formal-delayed-20260715T224242Z,Executor3,Stage1-0-0,0,0,0,0,0,0,0,0
1784155606337,q6-formal-delayed-20260715T224242Z,Executor3,Stage2-0-0,0,0,0,0,0,0,0,0
1784155606337,q6-formal-delayed-20260715T224242Z,Executor3,Stage3-0-0,0,0,0,0,0,0,0,0
1784155607337,q6-formal-delayed-20260715T224242Z,Executor3,Stage1-0-0,0,0,0,0,0,0,0,0
1784155607337,q6-formal-delayed-20260715T224242Z,Executor3,Stage2-0-0,0,0,0,0,0,0,0,0
1784155607337,q6-formal-delayed-20260715T224242Z,Executor3,Stage3-0-0,0,0,0,0,0,0,0,0
1784155608337,q6-formal-delayed-20260715T224242Z,Executor3,Stage1-0-0,0,0,0,0,0,0,0,0
1784155608337,q6-formal-delayed-20260715T224242Z,Executor3,Stage2-0-0,0,0,0,0,0,0,0,0
1784155608337,q6-formal-delayed-20260715T224242Z,Executor3,Stage3-0-0,0,0,0,0,0,0,0,0
1784155609337,q6-formal-delayed-20260715T224242Z,Executor3,Stage1-0-0,0,0,0,0,0,0,0,0
1784155609337,q6-formal-delayed-20260715T224242Z,Executor3,Stage2-0-0,0,0,0,0,0,0,0,0
1784155609337,q6-formal-delayed-20260715T224242Z,Executor3,Stage3-0-0,0,0,0,0,0,0,0,0
1784155610337,q6-formal-delayed-20260715T224242Z,Executor3,Stage1-0-0,0,0,0,0,0,0,0,0
1784155610337,q6-formal-delayed-20260715T224242Z,Executor3,Stage2-0-0,0,0,0,0,0,0,0,0
1784155610337,q6-formal-delayed-20260715T224242Z,Executor3,Stage3-0-0,0,0,0,0,0,0,0,0
1784155611337,q6-formal-delayed-20260715T224242Z,Executor3,Stage1-0-0,0,0,0,0,0,0,0,0
1784155611337,q6-formal-delayed-20260715T224242Z,Executor3,Stage2-0-0,0,0,0,0,0,0,0,0
1784155611337,q6-formal-delayed-20260715T224242Z,Executor3,Stage3-0-0,0,0,0,0,0,0,0,0
1784155612337,q6-formal-delayed-20260715T224242Z,Executor3,Stage1-0-0,0,0,0,0,0,0,0,0
1784155612337,q6-formal-delayed-20260715T224242Z,Executor3,Stage2-0-0,0,0,0,0,0,0,0,0
1784155612337,q6-formal-delayed-20260715T224242Z,Executor3,Stage3-0-0,0,0,0,0,0,0,0,0
1784155613337,q6-formal-delayed-20260715T224242Z,Executor3,Stage1-0-0,0,0,0,0,0,0,0,0
1784155613337,q6-formal-delayed-20260715T224242Z,Executor3,Stage2-0-0,0,0,0,0,0,0,0,0
1784155613337,q6-formal-delayed-20260715T224242Z,Executor3,Stage3-0-0,0,0,0,0,0,0,0,0
1784155614337,q6-formal-delayed-20260715T224242Z,Executor3,Stage1-0-0,0,0,0,0,0,0,0,0
1784155614337,q6-formal-delayed-20260715T224242Z,Executor3,Stage2-0-0,0,0,0,0,0,0,0,0
1784155614337,q6-formal-delayed-20260715T224242Z,Executor3,Stage3-0-0,0,0,0,0,0,0,0,0
1784155615337,q6-formal-delayed-20260715T224242Z,Executor3,Stage1-0-0,0,0,0,0,0,0,0,0
1784155615337,q6-formal-delayed-20260715T224242Z,Executor3,Stage2-0-0,0,0,0,0,0,0,0,0
1784155615337,q6-formal-delayed-20260715T224242Z,Executor3,Stage3-0-0,0,0,0,0,0,0,0,0
1784155616337,q6-formal-delayed-20260715T224242Z,Executor3,Stage1-0-0,0,0,0,0,0,0,0,0
1784155616337,q6-formal-delayed-20260715T224242Z,Executor3,Stage2-0-0,0,0,0,0,0,0,0,0
1784155616337,q6-formal-delayed-20260715T224242Z,Executor3,Stage3-0-0,0,0,0,0,0,0,0,0
1784155617337,q6-formal-delayed-20260715T224242Z,Executor3,Stage1-0-0,0,0,0,0,0,0,0,0
1784155617337,q6-formal-delayed-20260715T224242Z,Executor3,Stage2-0-0,0,0,0,0,0,0,0,0
1784155617337,q6-formal-delayed-20260715T224242Z,Executor3,Stage3-0-0,0,0,0,0,0,0,0,0
1784155618337,q6-formal-delayed-20260715T224242Z,Executor3,Stage1-0-0,0,0,0,0,0,0,0,0
1784155618337,q6-formal-delayed-20260715T224242Z,Executor3,Stage2-0-0,0,0,0,0,0,0,0,0
1784155618337,q6-formal-delayed-20260715T224242Z,Executor3,Stage3-0-0,0,0,0,0,0,0,0,0
1784155619337,q6-formal-delayed-20260715T224242Z,Executor3,Stage1-0-0,0,0,0,0,0,0,0,0
1784155619337,q6-formal-delayed-20260715T224242Z,Executor3,Stage2-0-0,0,0,0,0,0,0,0,0
1784155619337,q6-formal-delayed-20260715T224242Z,Executor3,Stage3-0-0,0,0,0,0,0,0,0,0
1784155620337,q6-formal-delayed-20260715T224242Z,Executor3,Stage1-0-0,0,0,0,0,0,0,0,0
1784155620337,q6-formal-delayed-20260715T224242Z,Executor3,Stage2-0-0,0,0,0,0,0,0,0,0
1784155620337,q6-formal-delayed-20260715T224242Z,Executor3,Stage3-0-0,0,0,0,0,0,0,0,0
1784155621337,q6-formal-delayed-20260715T224242Z,Executor3,Stage1-0-0,0,0,0,0,0,0,0,0
1784155621337,q6-formal-delayed-20260715T224242Z,Executor3,Stage2-0-0,0,0,0,0,0,0,0,0
1784155621337,q6-formal-delayed-20260715T224242Z,Executor3,Stage3-0-0,0,0,0,0,0,0,0,0
1784155622337,q6-formal-delayed-20260715T224242Z,Executor3,Stage1-0-0,0,0,0,0,0,0,0,0
1784155622337,q6-formal-delayed-20260715T224242Z,Executor3,Stage2-0-0,0,0,0,0,0,0,0,0
1784155622337,q6-formal-delayed-20260715T224242Z,Executor3,Stage3-0-0,0,0,0,0,0,0,0,0
1784155623337,q6-formal-delayed-20260715T224242Z,Executor3,Stage1-0-0,0,0,0,0,0,0,0,0
1784155623337,q6-formal-delayed-20260715T224242Z,Executor3,Stage2-0-0,0,0,0,0,0,0,0,0
1784155623337,q6-formal-delayed-20260715T224242Z,Executor3,Stage3-0-0,0,0,0,0,0,0,0,0
1784155624337,q6-formal-delayed-20260715T224242Z,Executor3,Stage1-0-0,0,0,0,0,0,0,0,0
1784155624337,q6-formal-delayed-20260715T224242Z,Executor3,Stage2-0-0,0,0,0,0,0,0,0,0
1784155624337,q6-formal-delayed-20260715T224242Z,Executor3,Stage3-0-0,0,0,0,0,0,0,0,0
1784155625337,q6-formal-delayed-20260715T224242Z,Executor3,Stage1-0-0,0,0,0,0,0,0,0,0
1784155625337,q6-formal-delayed-20260715T224242Z,Executor3,Stage2-0-0,0,0,0,0,0,0,0,0
1784155625337,q6-formal-delayed-20260715T224242Z,Executor3,Stage3-0-0,0,0,0,0,0,0,0,0
1784155626337,q6-formal-delayed-20260715T224242Z,Executor3,Stage1-0-0,0,0,0,0,0,0,0,0
1784155626337,q6-formal-delayed-20260715T224242Z,Executor3,Stage2-0-0,0,0,0,0,0,0,0,0
1784155626337,q6-formal-delayed-20260715T224242Z,Executor3,Stage3-0-0,0,0,0,0,0,0,0,0
1784155627337,q6-formal-delayed-20260715T224242Z,Executor3,Stage1-0-0,0,0,0,0,0,0,0,0
1784155627337,q6-formal-delayed-20260715T224242Z,Executor3,Stage2-0-0,0,0,0,0,0,0,0,0
1784155627337,q6-formal-delayed-20260715T224242Z,Executor3,Stage3-0-0,0,0,0,0,0,0,0,0
1784155628337,q6-formal-delayed-20260715T224242Z,Executor3,Stage1-0-0,0,0,0,0,0,0,0,0
1784155628337,q6-formal-delayed-20260715T224242Z,Executor3,Stage2-0-0,0,0,0,0,0,0,0,0
1784155628337,q6-formal-delayed-20260715T224242Z,Executor3,Stage3-0-0,0,0,0,0,0,0,0,0
1784155629337,q6-formal-delayed-20260715T224242Z,Executor3,Stage1-0-0,0,815,795,76408,25128,105630,0,0
1784155629337,q6-formal-delayed-20260715T224242Z,Executor3,Stage2-0-0,0,33,0,30353,9,0,0,0
1784155629337,q6-formal-delayed-20260715T224242Z,Executor3,Stage3-0-0,0,0,0,0,0,0,0,0
1784155630337,q6-formal-delayed-20260715T224242Z,Executor3,Stage1-0-0,0,4168,4070,47590,21607,532219,16424,176819
1784155630337,q6-formal-delayed-20260715T224242Z,Executor3,Stage2-0-0,0,4778,0,379034,8256,114130,0,0
1784155630337,q6-formal-delayed-20260715T224242Z,Executor3,Stage3-0-0,0,0,0,0,0,0,0,0
1784155631337,q6-formal-delayed-20260715T224242Z,Executor3,Stage1-0-0,0,7032,6885,18252,9560,896794,10913,161240
1784155631337,q6-formal-delayed-20260715T224242Z,Executor3,Stage2-0-0,0,16482,34,545967,18709,1006601,129,552
1784155631337,q6-formal-delayed-20260715T224242Z,Executor3,Stage3-0-0,0,67,0,14934,366,2366,0,0
1784155632337,q6-formal-delayed-20260715T224242Z,Executor3,Stage1-0-0,0,7549,7389,19677,16765,954663,3313,143888
1784155632337,q6-formal-delayed-20260715T224242Z,Executor3,Stage2-0-0,0,14816,95,265988,18065,872326,19,417
1784155632337,q6-formal-delayed-20260715T224242Z,Executor3,Stage3-0-0,0,109,0,5325,143,5956,0,0
1784155633337,q6-formal-delayed-20260715T224242Z,Executor3,Stage1-0-0,0,4985,4882,12444,8850,633921,1894,136369
1784155633337,q6-formal-delayed-20260715T224242Z,Executor3,Stage2-0-0,0,16051,106,260531,15693,961986,17,540
1784155633337,q6-formal-delayed-20260715T224242Z,Executor3,Stage3-0-0,0,224,0,9324,196,9246,0,0
1784155634337,q6-formal-delayed-20260715T224242Z,Executor3,Stage1-0-0,0,5418,5313,15576,10282,688410,2434,160514
1784155634337,q6-formal-delayed-20260715T224242Z,Executor3,Stage2-0-0,0,13798,96,229775,14158,812704,34,1303
1784155634337,q6-formal-delayed-20260715T224242Z,Executor3,Stage3-0-0,0,348,0,11634,311,15562,0,0
1784155635337,q6-formal-delayed-20260715T224242Z,Executor3,Stage1-0-0,0,4321,4232,12456,7954,551507,1952,157539
1784155635337,q6-formal-delayed-20260715T224242Z,Executor3,Stage2-0-0,0,14067,86,245259,14522,839992,105,1784
1784155635337,q6-formal-delayed-20260715T224242Z,Executor3,Stage3-0-0,0,244,0,5450,193,10316,0,0
1784155636337,q6-formal-delayed-20260715T224242Z,Executor3,Stage1-0-0,0,5319,5207,15032,9850,677064,2710,214545
1784155636337,q6-formal-delayed-20260715T224242Z,Executor3,Stage2-0-0,0,12408,86,223145,12679,770218,73,2362
1784155636337,q6-formal-delayed-20260715T224242Z,Executor3,Stage3-0-0,0,184,0,4064,115,7863,0,0
1784155637337,q6-formal-delayed-20260715T224242Z,Executor3,Stage1-0-0,0,4862,4765,14444,9520,625937,566,235541
1784155637337,q6-formal-delayed-20260715T224242Z,Executor3,Stage2-0-0,0,9964,139,188910,11612,605707,28,2579
1784155637337,q6-formal-delayed-20260715T224242Z,Executor3,Stage3-0-0,0,186,0,4224,181,7990,0,0
1784155638337,q6-formal-delayed-20260715T224242Z,Executor3,Stage1-0-0,0,4775,4690,14106,9350,610859,675,235850
1784155638337,q6-formal-delayed-20260715T224242Z,Executor3,Stage2-0-0,0,9886,124,191317,10505,579862,15,4132
1784155638337,q6-formal-delayed-20260715T224242Z,Executor3,Stage3-0-0,0,264,0,5283,197,10783,0,0
1784155639337,q6-formal-delayed-20260715T224242Z,Executor3,Stage1-0-0,0,5705,5596,6981,4241,729497,609,267778
1784155639337,q6-formal-delayed-20260715T224242Z,Executor3,Stage2-0-0,0,12995,154,177570,8231,644504,40,5750
1784155639337,q6-formal-delayed-20260715T224242Z,Executor3,Stage3-0-0,0,476,0,7539,275,17233,0,0
1784155640337,q6-formal-delayed-20260715T224242Z,Executor3,Stage1-0-0,0,4734,4646,14567,9791,613032,413,211973
1784155640337,q6-formal-delayed-20260715T224242Z,Executor3,Stage2-0-0,0,6388,150,136242,10234,495128,68,829
1784155640337,q6-formal-delayed-20260715T224242Z,Executor3,Stage3-0-0,0,289,0,6596,333,17300,0,0
1784155641337,q6-formal-delayed-20260715T224242Z,Executor3,Stage1-0-0,0,5231,5125,15483,9884,670048,429,240875
1784155641337,q6-formal-delayed-20260715T224242Z,Executor3,Stage2-0-0,0,11008,147,196555,11894,659003,17,3796
1784155641337,q6-formal-delayed-20260715T224242Z,Executor3,Stage3-0-0,0,418,0,8032,331,19279,0,0
1784155642337,q6-formal-delayed-20260715T224242Z,Executor3,Stage1-0-0,0,3177,3114,8832,5685,411275,802,244864
1784155642337,q6-formal-delayed-20260715T224242Z,Executor3,Stage2-0-0,0,10606,125,187251,11719,655412,3,1978
1784155642337,q6-formal-delayed-20260715T224242Z,Executor3,Stage3-0-0,0,438,0,8243,344,19028,0,0
1784155643337,q6-formal-delayed-20260715T224242Z,Executor3,Stage1-0-0,0,4686,4588,9592,5268,606152,3990,190120
1784155643337,q6-formal-delayed-20260715T224242Z,Executor3,Stage2-0-0,0,9729,162,138415,7071,514990,12,4842
1784155643337,q6-formal-delayed-20260715T224242Z,Executor3,Stage3-0-0,0,317,0,6554,222,13542,0,0
1784155644337,q6-formal-delayed-20260715T224242Z,Executor3,Stage1-0-0,0,7089,6952,15795,7352,906989,211,204457
1784155644337,q6-formal-delayed-20260715T224242Z,Executor3,Stage2-0-0,0,19130,96,217861,7176,1029983,20,1852
1784155644337,q6-formal-delayed-20260715T224242Z,Executor3,Stage3-0-0,0,416,0,5920,133,13880,0,0
1784155645337,q6-formal-delayed-20260715T224242Z,Executor3,Stage1-0-0,0,4895,4794,11052,5317,626064,259,180224
1784155645337,q6-formal-delayed-20260715T224242Z,Executor3,Stage2-0-0,0,11023,160,140398,7078,630760,10,842
1784155645337,q6-formal-delayed-20260715T224242Z,Executor3,Stage3-0-0,0,347,0,5174,113,20939,0,0
1784155646337,q6-formal-delayed-20260715T224242Z,Executor3,Stage1-0-0,0,4971,4867,9188,5171,637814,162,138529
1784155646337,q6-formal-delayed-20260715T224242Z,Executor3,Stage2-0-0,0,13674,97,148890,5954,853773,9,3875
1784155646337,q6-formal-delayed-20260715T224242Z,Executor3,Stage3-0-0,0,506,0,6978,128,18109,0,0
1784155647337,q6-formal-delayed-20260715T224242Z,Executor3,Stage1-0-0,0,4910,4823,10563,5508,629884,242,174358
1784155647337,q6-formal-delayed-20260715T224242Z,Executor3,Stage2-0-0,0,15943,99,166740,6255,900610,4,1213
1784155647337,q6-formal-delayed-20260715T224242Z,Executor3,Stage3-0-0,0,318,0,5440,107,14032,0,0
1784155648337,q6-formal-delayed-20260715T224242Z,Executor3,Stage1-0-0,0,5005,4898,10287,5433,637439,162,168801
1784155648337,q6-formal-delayed-20260715T224242Z,Executor3,Stage2-0-0,0,12703,101,148661,6602,741494,0,0
1784155648337,q6-formal-delayed-20260715T224242Z,Executor3,Stage3-0-0,0,295,0,5347,170,14011,0,0
1784155649337,q6-formal-delayed-20260715T224242Z,Executor3,Stage1-0-0,0,5112,5007,14627,5629,657710,338,149041
1784155649337,q6-formal-delayed-20260715T224242Z,Executor3,Stage2-0-0,0,12530,95,154396,7565,833956,4,2905
1784155649337,q6-formal-delayed-20260715T224242Z,Executor3,Stage3-0-0,0,190,0,3493,100,11346,0,0
1784155650337,q6-formal-delayed-20260715T224242Z,Executor3,Stage1-0-0,0,5006,4908,11447,5614,636671,394,223892
1784155650337,q6-formal-delayed-20260715T224242Z,Executor3,Stage2-0-0,0,13343,102,154815,5415,750561,3,4337
1784155650337,q6-formal-delayed-20260715T224242Z,Executor3,Stage3-0-0,0,389,0,5871,104,14898,0,0
1784155651337,q6-formal-delayed-20260715T224242Z,Executor3,Stage1-0-0,0,5048,4944,13312,5341,650818,300,207492
1784155651337,q6-formal-delayed-20260715T224242Z,Executor3,Stage2-0-0,0,10462,156,130398,6044,612349,0,0
1784155651337,q6-formal-delayed-20260715T224242Z,Executor3,Stage3-0-0,0,220,0,4335,136,7164,0,0
1784155652337,q6-formal-delayed-20260715T224242Z,Executor3,Stage1-0-0,0,4988,4867,14146,5469,636876,304,229499
1784155652337,q6-formal-delayed-20260715T224242Z,Executor3,Stage2-0-0,0,10268,121,133451,6168,639232,11,4142
1784155652337,q6-formal-delayed-20260715T224242Z,Executor3,Stage3-0-0,0,334,0,5907,142,14809,0,0
1784155653337,q6-formal-delayed-20260715T224242Z,Executor3,Stage1-0-0,0,5007,4900,13414,5296,636536,296,258429
1784155653337,q6-formal-delayed-20260715T224242Z,Executor3,Stage2-0-0,0,9809,155,130860,7144,572327,4,2513
1784155653337,q6-formal-delayed-20260715T224242Z,Executor3,Stage3-0-0,0,443,0,6504,137,20888,0,0
1784155654337,q6-formal-delayed-20260715T224242Z,Executor3,Stage1-0-0,0,5111,5004,13060,3935,657970,339,220160
1784155654337,q6-formal-delayed-20260715T224242Z,Executor3,Stage2-0-0,0,9427,167,124137,6378,570201,3,4241
1784155654337,q6-formal-delayed-20260715T224242Z,Executor3,Stage3-0-0,0,307,0,5708,265,12552,0,0
1784155655337,q6-formal-delayed-20260715T224242Z,Executor3,Stage1-0-0,0,4984,4885,13239,5115,637952,425,266871
1784155655337,q6-formal-delayed-20260715T224242Z,Executor3,Stage2-0-0,0,9435,133,122404,5541,554843,11,4862
1784155655337,q6-formal-delayed-20260715T224242Z,Executor3,Stage3-0-0,0,539,0,7452,238,26286,0,0
1784155656337,q6-formal-delayed-20260715T224242Z,Executor3,Stage1-0-0,0,4923,4815,12542,5399,630708,254,237199
1784155656337,q6-formal-delayed-20260715T224242Z,Executor3,Stage2-0-0,0,9590,185,122538,5866,510147,3,2370
1784155656337,q6-formal-delayed-20260715T224242Z,Executor3,Stage3-0-0,0,342,0,5431,244,12365,0,0
1784155657337,q6-formal-delayed-20260715T224242Z,Executor3,Stage1-0-0,0,4989,4895,9024,5172,637641,295,179117
1784155657337,q6-formal-delayed-20260715T224242Z,Executor3,Stage2-0-0,0,14169,163,137920,5061,847357,3,5632
1784155657337,q6-formal-delayed-20260715T224242Z,Executor3,Stage3-0-0,0,506,0,5937,144,22340,0,0
1784155658337,q6-formal-delayed-20260715T224242Z,Executor3,Stage1-0-0,0,5055,4965,8912,5244,644930,268,171251
1784155658337,q6-formal-delayed-20260715T224242Z,Executor3,Stage2-0-0,0,12192,124,129292,5438,672513,3,912
1784155658337,q6-formal-delayed-20260715T224242Z,Executor3,Stage3-0-0,0,503,0,6196,159,23363,0,0
1784155659337,q6-formal-delayed-20260715T224242Z,Executor3,Stage1-0-0,0,5005,4903,11804,5549,642831,258,155858
1784155659337,q6-formal-delayed-20260715T224242Z,Executor3,Stage2-0-0,0,11448,117,126134,26096,805144,3,892
1784155659337,q6-formal-delayed-20260715T224242Z,Executor3,Stage3-0-0,0,425,0,5678,199,19257,0,0
1784155660337,q6-formal-delayed-20260715T224242Z,Executor3,Stage1-0-0,0,4993,4888,9708,5373,640865,199,139488
1784155660337,q6-formal-delayed-20260715T224242Z,Executor3,Stage2-0-0,0,18061,101,181868,7447,922173,0,0
1784155660337,q6-formal-delayed-20260715T224242Z,Executor3,Stage3-0-0,0,382,0,5042,161,17873,0,0
1784155661337,q6-formal-delayed-20260715T224242Z,Executor3,Stage1-0-0,0,5009,4916,10252,5351,637464,235,142681
1784155661337,q6-formal-delayed-20260715T224242Z,Executor3,Stage2-0-0,0,15404,94,158940,7398,950931,3,1293
1784155661337,q6-formal-delayed-20260715T224242Z,Executor3,Stage3-0-0,0,312,0,3622,137,14623,0,0
1784155662337,q6-formal-delayed-20260715T224242Z,Executor3,Stage1-0-0,0,4982,4896,11498,5360,633542,231,171924
1784155662337,q6-formal-delayed-20260715T224242Z,Executor3,Stage2-0-0,0,8756,79,141952,9721,652489,4,1771
1784155662337,q6-formal-delayed-20260715T224242Z,Executor3,Stage3-0-0,0,211,0,3966,208,12638,0,0
1784155663337,q6-formal-delayed-20260715T224242Z,Executor3,Stage1-0-0,0,5012,4901,10875,5350,646903,293,209762
1784155663337,q6-formal-delayed-20260715T224242Z,Executor3,Stage2-0-0,0,15276,112,171755,8027,818817,17,4411
1784155663337,q6-formal-delayed-20260715T224242Z,Executor3,Stage3-0-0,0,325,0,4412,66,11632,0,0
1784155664337,q6-formal-delayed-20260715T224242Z,Executor3,Stage1-0-0,0,5079,4973,14800,7209,648419,248,214924
1784155664337,q6-formal-delayed-20260715T224242Z,Executor3,Stage2-0-0,0,6461,151,115961,7113,431444,12,3794
1784155664337,q6-formal-delayed-20260715T224242Z,Executor3,Stage3-0-0,0,263,0,3844,106,9779,0,0
1784155665337,q6-formal-delayed-20260715T224242Z,Executor3,Stage1-0-0,0,4971,4864,13286,5467,642371,226,215729
1784155665337,q6-formal-delayed-20260715T224242Z,Executor3,Stage2-0-0,0,15669,150,174060,8337,889714,0,0
1784155665337,q6-formal-delayed-20260715T224242Z,Executor3,Stage3-0-0,0,448,0,6112,171,20580,0,0
1784155666337,q6-formal-delayed-20260715T224242Z,Executor3,Stage1-0-0,0,4938,4837,15000,6319,633079,321,226796
1784155666337,q6-formal-delayed-20260715T224242Z,Executor3,Stage2-0-0,0,6385,142,126751,8313,432546,11,3362
1784155666337,q6-formal-delayed-20260715T224242Z,Executor3,Stage3-0-0,0,272,0,5218,283,16192,0,0
1784155667337,q6-formal-delayed-20260715T224242Z,Executor3,Stage1-0-0,0,5100,4988,15857,6637,654813,445,232134
1784155667337,q6-formal-delayed-20260715T224242Z,Executor3,Stage2-0-0,0,10333,136,157418,8760,596997,7,5661
1784155667337,q6-formal-delayed-20260715T224242Z,Executor3,Stage3-0-0,0,447,0,7388,144,14882,0,0
1784155668337,q6-formal-delayed-20260715T224242Z,Executor3,Stage1-0-0,0,4961,4873,13624,5455,634979,350,275436
1784155668337,q6-formal-delayed-20260715T224242Z,Executor3,Stage2-0-0,0,12729,146,167288,7935,736274,0,0
1784155668337,q6-formal-delayed-20260715T224242Z,Executor3,Stage3-0-0,0,500,0,6646,189,24429,0,0
1784155669337,q6-formal-delayed-20260715T224242Z,Executor3,Stage1-0-0,0,4977,4881,9767,5247,633779,314,229381
1784155669337,q6-formal-delayed-20260715T224242Z,Executor3,Stage2-0-0,0,10589,178,116839,5187,594155,18,7790
1784155669337,q6-formal-delayed-20260715T224242Z,Executor3,Stage3-0-0,0,455,0,5616,133,19879,0,0
1784155670337,q6-formal-delayed-20260715T224242Z,Executor3,Stage1-0-0,0,5083,4973,11633,5504,649011,361,191017
1784155670337,q6-formal-delayed-20260715T224242Z,Executor3,Stage2-0-0,0,10982,148,128598,6746,603637,0,0
1784155670337,q6-formal-delayed-20260715T224242Z,Executor3,Stage3-0-0,0,344,0,5870,242,13999,0,0
1784155671337,q6-formal-delayed-20260715T224242Z,Executor3,Stage1-0-0,0,4989,4887,11743,5941,640352,188,181356
1784155671337,q6-formal-delayed-20260715T224242Z,Executor3,Stage2-0-0,0,10612,152,152504,9414,737869,4,2655
1784155671337,q6-formal-delayed-20260715T224242Z,Executor3,Stage3-0-0,0,305,0,5301,249,18372,0,0
1784155672337,q6-formal-delayed-20260715T224242Z,Executor3,Stage1-0-0,0,5035,4943,9422,5321,642500,231,185967
1784155672337,q6-formal-delayed-20260715T224242Z,Executor3,Stage2-0-0,0,15209,121,163484,7361,779939,3,3837
1784155672337,q6-formal-delayed-20260715T224242Z,Executor3,Stage3-0-0,0,541,0,6649,118,19259,0,0
1784155673337,q6-formal-delayed-20260715T224242Z,Executor3,Stage1-0-0,0,5029,4915,9746,5349,643247,364,170466
1784155673337,q6-formal-delayed-20260715T224242Z,Executor3,Stage2-0-0,0,13344,113,129908,6092,798500,3,1428
1784155673337,q6-formal-delayed-20260715T224242Z,Executor3,Stage3-0-0,0,396,0,5180,129,18129,0,0
1784155674337,q6-formal-delayed-20260715T224242Z,Executor3,Stage1-0-0,0,5061,4956,10171,5487,650376,292,188181
1784155674337,q6-formal-delayed-20260715T224242Z,Executor3,Stage2-0-0,0,13261,103,148400,6764,755177,0,0
1784155674337,q6-formal-delayed-20260715T224242Z,Executor3,Stage3-0-0,0,354,0,4686,136,16913,0,0
1784155675337,q6-formal-delayed-20260715T224242Z,Executor3,Stage1-0-0,0,4940,4828,9002,5146,631670,250,140634
1784155675337,q6-formal-delayed-20260715T224242Z,Executor3,Stage2-0-0,0,14215,114,134189,6052,856871,11,4400
1784155675337,q6-formal-delayed-20260715T224242Z,Executor3,Stage3-0-0,0,308,0,3849,95,13614,0,0
1784155676337,q6-formal-delayed-20260715T224242Z,Executor3,Stage1-0-0,0,4886,4794,13013,5367,622082,200,169285
1784155676337,q6-formal-delayed-20260715T224242Z,Executor3,Stage2-0-0,0,10403,94,143093,6871,697732,3,1252
1784155676337,q6-formal-delayed-20260715T224242Z,Executor3,Stage3-0-0,0,276,0,4051,134,11829,0,0
1784155677337,q6-formal-delayed-20260715T224242Z,Executor3,Stage1-0-0,0,4953,4847,10950,5360,636973,201,182444
1784155677337,q6-formal-delayed-20260715T224242Z,Executor3,Stage2-0-0,0,16095,133,155628,6328,901609,4,3505
1784155677337,q6-formal-delayed-20260715T224242Z,Executor3,Stage3-0-0,0,380,0,4830,100,17586,0,0
1784155678337,q6-formal-delayed-20260715T224242Z,Executor3,Stage1-0-0,0,5024,4928,11405,5235,640634,178,171817
1784155678337,q6-formal-delayed-20260715T224242Z,Executor3,Stage2-0-0,0,11819,152,129831,5595,732554,11,2953
1784155678337,q6-formal-delayed-20260715T224242Z,Executor3,Stage3-0-0,0,352,0,4712,133,14377,0,0
1784155679337,q6-formal-delayed-20260715T224242Z,Executor3,Stage1-0-0,0,5067,4975,12361,6011,643317,240,232336
1784155679337,q6-formal-delayed-20260715T224242Z,Executor3,Stage2-0-0,0,10831,123,122335,5279,668890,6,2181
1784155679337,q6-formal-delayed-20260715T224242Z,Executor3,Stage3-0-0,0,368,0,5326,156,16455,0,0
1784155680337,q6-formal-delayed-20260715T224242Z,Executor3,Stage1-0-0,0,4936,4835,12127,5714,635148,372,242610
1784155680337,q6-formal-delayed-20260715T224242Z,Executor3,Stage2-0-0,0,9121,153,109926,4713,561422,4,4849
1784155680337,q6-formal-delayed-20260715T224242Z,Executor3,Stage3-0-0,0,341,0,4781,120,15324,0,0
1784155681337,q6-formal-delayed-20260715T224242Z,Executor3,Stage1-0-0,0,4951,4848,12467,5747,632960,275,260721
1784155681337,q6-formal-delayed-20260715T224242Z,Executor3,Stage2-0-0,0,8344,155,103513,5209,499834,3,4367
1784155681337,q6-formal-delayed-20260715T224242Z,Executor3,Stage3-0-0,0,377,0,5706,166,16829,0,0
1784155682337,q6-formal-delayed-20260715T224242Z,Executor3,Stage1-0-0,0,5029,4915,13713,5393,645191,358,260466
1784155682337,q6-formal-delayed-20260715T224242Z,Executor3,Stage2-0-0,0,9196,170,119393,5553,530283,0,0
1784155682337,q6-formal-delayed-20260715T224242Z,Executor3,Stage3-0-0,0,376,0,5362,210,15682,0,0
1784155683337,q6-formal-delayed-20260715T224242Z,Executor3,Stage1-0-0,0,5000,4899,12914,5406,641933,306,231584
1784155683337,q6-formal-delayed-20260715T224242Z,Executor3,Stage2-0-0,0,10641,188,124770,6148,606032,10,3998
1784155683337,q6-formal-delayed-20260715T224242Z,Executor3,Stage3-0-0,0,517,0,6114,149,22239,0,0
1784155684337,q6-formal-delayed-20260715T224242Z,Executor3,Stage1-0-0,0,5064,4980,3018,82,643452,304,200284
1784155684337,q6-formal-delayed-20260715T224242Z,Executor3,Stage2-0-0,0,10897,167,103034,5152,598966,3,5833
1784155684337,q6-formal-delayed-20260715T224242Z,Executor3,Stage3-0-0,0,546,0,7049,346,24791,0,0
1784155685337,q6-formal-delayed-20260715T224242Z,Executor3,Stage1-0-0,0,5020,4919,9302,5342,641248,209,177496
1784155685337,q6-formal-delayed-20260715T224242Z,Executor3,Stage2-0-0,0,12771,151,151624,8171,722608,3,1761
1784155685337,q6-formal-delayed-20260715T224242Z,Executor3,Stage3-0-0,0,494,0,6467,207,22100,0,0
1784155686337,q6-formal-delayed-20260715T224242Z,Executor3,Stage1-0-0,0,4990,4886,8914,5673,636702,240,151753
1784155686337,q6-formal-delayed-20260715T224242Z,Executor3,Stage2-0-0,0,14268,116,135308,5204,840223,9,1471
1784155686337,q6-formal-delayed-20260715T224242Z,Executor3,Stage3-0-0,0,423,0,5344,145,19628,0,0
1784155687337,q6-formal-delayed-20260715T224242Z,Executor3,Stage1-0-0,0,4945,4860,8608,5621,633379,248,162753
1784155687337,q6-formal-delayed-20260715T224242Z,Executor3,Stage2-0-0,0,14147,100,135314,5814,824873,3,1254
1784155687337,q6-formal-delayed-20260715T224242Z,Executor3,Stage3-0-0,0,373,0,4853,124,17461,0,0
1784155688337,q6-formal-delayed-20260715T224242Z,Executor3,Stage1-0-0,0,4946,4846,7160,1795,633709,224,140186
1784155688337,q6-formal-delayed-20260715T224242Z,Executor3,Stage2-0-0,0,13025,95,139542,6981,769942,3,1563
1784155688337,q6-formal-delayed-20260715T224242Z,Executor3,Stage3-0-0,0,291,0,4018,124,13171,0,0
1784155689337,q6-formal-delayed-20260715T224242Z,Executor3,Stage1-0-0,0,5113,5003,12008,5540,656137,205,160048
1784155689337,q6-formal-delayed-20260715T224242Z,Executor3,Stage2-0-0,0,15091,107,153996,7080,906275,0,0
1784155689337,q6-formal-delayed-20260715T224242Z,Executor3,Stage3-0-0,0,217,0,3560,161,7594,0,0
1784155690337,q6-formal-delayed-20260715T224242Z,Executor3,Stage1-0-0,0,5052,4945,10111,5281,649122,259,180718
1784155690337,q6-formal-delayed-20260715T224242Z,Executor3,Stage2-0-0,0,13186,137,140291,6058,775412,3,2958
1784155690337,q6-formal-delayed-20260715T224242Z,Executor3,Stage3-0-0,0,429,0,4915,79,18729,0,0
1784155691337,q6-formal-delayed-20260715T224242Z,Executor3,Stage1-0-0,0,5104,5013,11124,5297,654449,237,165634
1784155691337,q6-formal-delayed-20260715T224242Z,Executor3,Stage2-0-0,0,13233,124,132904,5681,821919,3,3162
1784155691337,q6-formal-delayed-20260715T224242Z,Executor3,Stage3-0-0,0,371,0,5002,131,17460,0,0
1784155692337,q6-formal-delayed-20260715T224242Z,Executor3,Stage1-0-0,0,4988,4889,11898,5312,635982,466,218886
1784155692337,q6-formal-delayed-20260715T224242Z,Executor3,Stage2-0-0,0,11218,113,125710,5333,676852,7,3129
1784155692337,q6-formal-delayed-20260715T224242Z,Executor3,Stage3-0-0,0,263,0,3930,96,11552,0,0
1784155693337,q6-formal-delayed-20260715T224242Z,Executor3,Stage1-0-0,0,5022,4922,11308,5726,642393,309,214577
1784155693337,q6-formal-delayed-20260715T224242Z,Executor3,Stage2-0-0,0,8214,140,124861,5185,456555,4,3892
1784155693337,q6-formal-delayed-20260715T224242Z,Executor3,Stage3-0-0,0,274,0,4014,112,11171,0,0
1784155694337,q6-formal-delayed-20260715T224242Z,Executor3,Stage1-0-0,0,4998,4915,13199,5280,638365,261,231352
1784155694337,q6-formal-delayed-20260715T224242Z,Executor3,Stage2-0-0,0,11442,142,134618,6580,739686,11,2789
1784155694337,q6-formal-delayed-20260715T224242Z,Executor3,Stage3-0-0,0,352,0,4875,106,14687,0,0
1784155695337,q6-formal-delayed-20260715T224242Z,Executor3,Stage1-0-0,0,5005,4900,13022,5370,644297,282,268401
1784155695337,q6-formal-delayed-20260715T224242Z,Executor3,Stage2-0-0,0,8327,165,110100,6364,467053,3,5002
1784155695337,q6-formal-delayed-20260715T224242Z,Executor3,Stage3-0-0,0,379,0,5929,232,17040,0,0
1784155696337,q6-formal-delayed-20260715T224242Z,Executor3,Stage1-0-0,0,4973,4880,11404,5230,636373,257,235847
1784155696337,q6-formal-delayed-20260715T224242Z,Executor3,Stage2-0-0,0,10370,183,113513,4906,584460,6,4046
1784155696337,q6-formal-delayed-20260715T224242Z,Executor3,Stage3-0-0,0,447,0,5902,125,19376,0,0
1784155697337,q6-formal-delayed-20260715T224242Z,Executor3,Stage1-0-0,0,5033,4940,12552,5277,649709,270,196607
1784155697337,q6-formal-delayed-20260715T224242Z,Executor3,Stage2-0-0,0,12301,151,123773,5128,767065,13,2887
1784155697337,q6-formal-delayed-20260715T224242Z,Executor3,Stage3-0-0,0,471,0,6326,151,21535,0,0
1784155698337,q6-formal-delayed-20260715T224242Z,Executor3,Stage1-0-0,0,4919,4810,11134,5235,630564,264,241872
1784155698337,q6-formal-delayed-20260715T224242Z,Executor3,Stage2-0-0,0,10529,122,120489,5308,586376,5,2104
1784155698337,q6-formal-delayed-20260715T224242Z,Executor3,Stage3-0-0,0,443,0,6064,194,21038,0,0
1784155699337,q6-formal-delayed-20260715T224242Z,Executor3,Stage1-0-0,0,5032,4930,10906,5183,643088,232,178650
1784155699337,q6-formal-delayed-20260715T224242Z,Executor3,Stage2-0-0,0,12242,166,122694,5183,727709,13,2676
1784155699337,q6-formal-delayed-20260715T224242Z,Executor3,Stage3-0-0,0,453,0,5663,121,19554,0,0
1784155700337,q6-formal-delayed-20260715T224242Z,Executor3,Stage1-0-0,0,5056,4960,10630,5284,642560,249,206137
1784155700337,q6-formal-delayed-20260715T224242Z,Executor3,Stage2-0-0,0,11936,118,126511,5387,674325,3,1253
1784155700337,q6-formal-delayed-20260715T224242Z,Executor3,Stage3-0-0,0,398,0,5508,146,17793,0,0
1784155701337,q6-formal-delayed-20260715T224242Z,Executor3,Stage1-0-0,0,4955,4854,9669,5182,631198,190,166239
1784155701337,q6-formal-delayed-20260715T224242Z,Executor3,Stage2-0-0,0,12718,153,128251,5991,717132,4,3179
1784155701337,q6-formal-delayed-20260715T224242Z,Executor3,Stage3-0-0,0,410,0,5443,132,18141,0,0
1784155702337,q6-formal-delayed-20260715T224242Z,Executor3,Stage1-0-0,0,5048,4950,9486,5162,649701,150,133041
1784155702337,q6-formal-delayed-20260715T224242Z,Executor3,Stage2-0-0,0,13390,106,138694,6029,792059,3,330
1784155702337,q6-formal-delayed-20260715T224242Z,Executor3,Stage3-0-0,0,303,0,4477,130,11971,0,0
1784155703337,q6-formal-delayed-20260715T224242Z,Executor3,Stage1-0-0,0,5179,5078,10370,5460,666615,314,184181
1784155703337,q6-formal-delayed-20260715T224242Z,Executor3,Stage2-0-0,0,14724,105,146296,6485,856723,4,1357
1784155703337,q6-formal-delayed-20260715T224242Z,Executor3,Stage3-0-0,0,419,0,5996,197,19897,0,0
1784155704337,q6-formal-delayed-20260715T224242Z,Executor3,Stage1-0-0,0,5029,4922,9259,5144,644429,178,142567
1784155704337,q6-formal-delayed-20260715T224242Z,Executor3,Stage2-0-0,0,14104,147,134670,6128,825094,10,2938
1784155704337,q6-formal-delayed-20260715T224242Z,Executor3,Stage3-0-0,0,352,0,4401,89,14721,0,0
1784155705337,q6-formal-delayed-20260715T224242Z,Executor3,Stage1-0-0,0,5064,4966,10951,5178,647833,286,158264
1784155705337,q6-formal-delayed-20260715T224242Z,Executor3,Stage2-0-0,0,14028,83,139595,6337,887141,9,1893
1784155705337,q6-formal-delayed-20260715T224242Z,Executor3,Stage3-0-0,0,341,0,4765,131,16957,0,0
1784155706337,q6-formal-delayed-20260715T224242Z,Executor3,Stage1-0-0,0,4984,4887,11689,5197,636005,191,214273
1784155706337,q6-formal-delayed-20260715T224242Z,Executor3,Stage2-0-0,0,11154,93,126749,6166,670194,3,1591
1784155706337,q6-formal-delayed-20260715T224242Z,Executor3,Stage3-0-0,0,238,0,3470,73,9874,0,0
1784155707337,q6-formal-delayed-20260715T224242Z,Executor3,Stage1-0-0,0,4972,4889,12732,5264,638895,214,216864
1784155707337,q6-formal-delayed-20260715T224242Z,Executor3,Stage2-0-0,0,10757,156,121146,5911,650548,10,4146
1784155707337,q6-formal-delayed-20260715T224242Z,Executor3,Stage3-0-0,0,297,0,4443,108,11721,0,0
1784155708337,q6-formal-delayed-20260715T224242Z,Executor3,Stage1-0-0,0,4975,4874,13511,5293,642632,216,232236
1784155708337,q6-formal-delayed-20260715T224242Z,Executor3,Stage2-0-0,0,9639,133,114343,4911,599687,15,4655
1784155708337,q6-formal-delayed-20260715T224242Z,Executor3,Stage3-0-0,0,314,0,4629,118,14679,0,0
1784155709337,q6-formal-delayed-20260715T224242Z,Executor3,Stage1-0-0,0,5054,4959,14209,5443,648161,286,268279
1784155709337,q6-formal-delayed-20260715T224242Z,Executor3,Stage2-0-0,0,9139,174,114335,5484,529374,8,3515
1784155709337,q6-formal-delayed-20260715T224242Z,Executor3,Stage3-0-0,0,377,0,5654,131,15021,0,0
1784155710337,q6-formal-delayed-20260715T224242Z,Executor3,Stage1-0-0,0,5002,4901,11537,5238,642473,308,239082
1784155710337,q6-formal-delayed-20260715T224242Z,Executor3,Stage2-0-0,0,10537,191,117045,4775,618635,6,3808
1784155710337,q6-formal-delayed-20260715T224242Z,Executor3,Stage3-0-0,0,510,0,6659,141,22159,0,0
1784155711337,q6-formal-delayed-20260715T224242Z,Executor3,Stage1-0-0,0,4880,4787,11057,5025,624879,270,220018
1784155711337,q6-formal-delayed-20260715T224242Z,Executor3,Stage2-0-0,0,8072,161,120703,5460,437188,3,3092
1784155711337,q6-formal-delayed-20260715T224242Z,Executor3,Stage3-0-0,0,383,0,5518,159,15725,0,0
1784155712337,q6-formal-delayed-20260715T224242Z,Executor3,Stage1-0-0,0,4902,4796,9583,5162,629604,196,225864
1784155712337,q6-formal-delayed-20260715T224242Z,Executor3,Stage2-0-0,0,13846,129,140707,5288,850094,3,2584
1784155712337,q6-formal-delayed-20260715T224242Z,Executor3,Stage3-0-0,0,559,0,7292,191,27997,0,0
1784155713337,q6-formal-delayed-20260715T224242Z,Executor3,Stage1-0-0,0,4989,4888,9204,5177,643317,248,191115
1784155713337,q6-formal-delayed-20260715T224242Z,Executor3,Stage2-0-0,0,11573,154,120396,5227,655605,10,4081
1784155713337,q6-formal-delayed-20260715T224242Z,Executor3,Stage3-0-0,0,378,0,5042,114,16863,0,0
1784155714337,q6-formal-delayed-20260715T224242Z,Executor3,Stage1-0-0,0,5045,4936,9567,5292,649597,195,183522
1784155714337,q6-formal-delayed-20260715T224242Z,Executor3,Stage2-0-0,0,11419,122,127281,5410,638431,3,764
1784155714337,q6-formal-delayed-20260715T224242Z,Executor3,Stage3-0-0,0,419,0,5543,142,18385,0,0
1784155715337,q6-formal-delayed-20260715T224242Z,Executor3,Stage1-0-0,0,5066,4969,8404,5315,647970,164,175818
1784155715337,q6-formal-delayed-20260715T224242Z,Executor3,Stage2-0-0,0,14791,136,140568,5724,868336,3,1280
1784155715337,q6-formal-delayed-20260715T224242Z,Executor3,Stage3-0-0,0,455,0,5840,182,20115,0,0
1784155716337,q6-formal-delayed-20260715T224242Z,Executor3,Stage1-0-0,0,5050,4962,8108,5196,645527,209,146644
1784155716337,q6-formal-delayed-20260715T224242Z,Executor3,Stage2-0-0,0,13277,120,133226,5847,750874,3,2077
1784155716337,q6-formal-delayed-20260715T224242Z,Executor3,Stage3-0-0,0,384,0,4798,117,17618,0,0
1784155717337,q6-formal-delayed-20260715T224242Z,Executor3,Stage1-0-0,0,4909,4821,9297,5150,625080,228,147185
1784155717337,q6-formal-delayed-20260715T224242Z,Executor3,Stage2-0-0,0,14630,101,141623,6662,902369,3,1701
1784155717337,q6-formal-delayed-20260715T224242Z,Executor3,Stage3-0-0,0,335,0,4721,120,15501,0,0
1784155718337,q6-formal-delayed-20260715T224242Z,Executor3,Stage1-0-0,0,5051,4945,9593,5277,650884,203,173168
1784155718337,q6-formal-delayed-20260715T224242Z,Executor3,Stage2-0-0,0,12574,93,136689,6026,757595,9,1897
1784155718337,q6-formal-delayed-20260715T224242Z,Executor3,Stage3-0-0,0,286,0,4058,106,13143,0,0
1784155719337,q6-formal-delayed-20260715T224242Z,Executor3,Stage1-0-0,0,4965,4867,10249,5313,643076,283,194984
1784155719337,q6-formal-delayed-20260715T224242Z,Executor3,Stage2-0-0,0,12583,119,130887,5919,767337,3,3184
1784155719337,q6-formal-delayed-20260715T224242Z,Executor3,Stage3-0-0,0,285,0,4055,103,12525,0,0
1784155720337,q6-formal-delayed-20260715T224242Z,Executor3,Stage1-0-0,0,4980,4861,10522,5248,639634,241,202263
1784155720337,q6-formal-delayed-20260715T224242Z,Executor3,Stage2-0-0,0,10479,108,119096,5369,620767,3,2445
1784155720337,q6-formal-delayed-20260715T224242Z,Executor3,Stage3-0-0,0,286,0,4171,84,12626,0,0
1784155721337,q6-formal-delayed-20260715T224242Z,Executor3,Stage1-0-0,0,4967,4854,11399,5353,635292,296,224116
1784155721337,q6-formal-delayed-20260715T224242Z,Executor3,Stage2-0-0,0,11207,157,126433,6020,689339,4,3691
1784155721337,q6-formal-delayed-20260715T224242Z,Executor3,Stage3-0-0,0,334,0,4683,121,13600,0,0
1784155722337,q6-formal-delayed-20260715T224242Z,Executor3,Stage1-0-0,0,5053,4946,10703,5281,642534,333,226908
1784155722337,q6-formal-delayed-20260715T224242Z,Executor3,Stage2-0-0,0,9988,153,113298,4981,583230,15,4366
1784155722337,q6-formal-delayed-20260715T224242Z,Executor3,Stage3-0-0,0,390,0,5341,130,17775,0,0
1784155723337,q6-formal-delayed-20260715T224242Z,Executor3,Stage1-0-0,0,5110,5009,11956,5398,659211,347,224375
1784155723337,q6-formal-delayed-20260715T224242Z,Executor3,Stage2-0-0,0,10095,173,112689,4975,609244,3,3130
1784155723337,q6-formal-delayed-20260715T224242Z,Executor3,Stage3-0-0,0,469,0,6210,133,20248,0,0
1784155724337,q6-formal-delayed-20260715T224242Z,Executor3,Stage1-0-0,0,5055,4957,10579,5270,649097,343,260735
1784155724337,q6-formal-delayed-20260715T224242Z,Executor3,Stage2-0-0,0,9778,153,117618,4749,552473,9,3649
1784155724337,q6-formal-delayed-20260715T224242Z,Executor3,Stage3-0-0,0,444,0,6105,169,20455,0,0
1784155725337,q6-formal-delayed-20260715T224242Z,Executor3,Stage1-0-0,0,5044,4955,10466,5257,642505,247,218135
1784155725337,q6-formal-delayed-20260715T224242Z,Executor3,Stage2-0-0,0,10053,167,109329,4721,572954,3,3663
1784155725337,q6-formal-delayed-20260715T224242Z,Executor3,Stage3-0-0,0,450,0,6093,154,20012,0,0
1784155726337,q6-formal-delayed-20260715T224242Z,Executor3,Stage1-0-0,0,4975,4896,10805,5260,634645,276,219903
1784155726337,q6-formal-delayed-20260715T224242Z,Executor3,Stage2-0-0,0,10621,130,118606,4871,632602,3,2733
1784155726337,q6-formal-delayed-20260715T224242Z,Executor3,Stage3-0-0,0,385,0,5416,145,17654,0,0
1784155727337,q6-formal-delayed-20260715T224242Z,Executor3,Stage1-0-0,0,4941,4830,8684,5201,635062,354,220801
1784155727337,q6-formal-delayed-20260715T224242Z,Executor3,Stage2-0-0,0,13400,157,130550,5217,785717,5,3185
1784155727337,q6-formal-delayed-20260715T224242Z,Executor3,Stage3-0-0,0,390,0,5063,112,16699,0,0
1784155728337,q6-formal-delayed-20260715T224242Z,Executor3,Stage1-0-0,0,5048,4954,8749,5175,645057,208,161046
1784155728337,q6-formal-delayed-20260715T224242Z,Executor3,Stage2-0-0,0,11797,168,122292,5231,643633,3,1385
1784155728337,q6-formal-delayed-20260715T224242Z,Executor3,Stage3-0-0,0,508,0,6148,133,21481,0,0
1784155729337,q6-formal-delayed-20260715T224242Z,Executor3,Stage1-0-0,0,8455,8279,11732,7873,1082924,228,157339
1784155729337,q6-formal-delayed-20260715T224242Z,Executor3,Stage2-0-0,0,8641,92,132188,8396,675375,13,625
1784155729337,q6-formal-delayed-20260715T224242Z,Executor3,Stage3-0-0,0,359,0,5496,280,16401,0,0
1784155730337,q6-formal-delayed-20260715T224242Z,Executor3,Stage1-0-0,0,16620,16278,29522,3739,2123633,950,815851
1784155730337,q6-formal-delayed-20260715T224242Z,Executor3,Stage2-0-0,0,33867,0,267081,9802,1311952,0,0
1784155730337,q6-formal-delayed-20260715T224242Z,Executor3,Stage3-0-0,0,157,0,2724,155,9520,0,0
1784155731337,q6-formal-delayed-20260715T224242Z,Executor3,Stage1-0-0,0,24973,24476,15082,345,3199628,2187,1245312
1784155731337,q6-formal-delayed-20260715T224242Z,Executor3,Stage2-0-0,0,56149,469,424678,10656,3484759,26,8502
1784155731337,q6-formal-delayed-20260715T224242Z,Executor3,Stage3-0-0,0,600,0,5090,157,15223,0,0
1784155732337,q6-formal-delayed-20260715T224242Z,Executor3,Stage1-0-0,0,24591,24111,16709,1032,3141803,943,903279
1784155732337,q6-formal-delayed-20260715T224242Z,Executor3,Stage2-0-0,0,51798,817,399283,10877,2881314,24,18460
1784155732337,q6-formal-delayed-20260715T224242Z,Executor3,Stage3-0-0,0,1457,0,8670,10,53816,0,0
1784155733337,q6-formal-delayed-20260715T224242Z,Executor3,Stage1-0-0,0,24567,24040,12629,493,3151443,838,881080
1784155733337,q6-formal-delayed-20260715T224242Z,Executor3,Stage2-0-0,0,62347,786,457329,11453,3677351,65,10719
1784155733337,q6-formal-delayed-20260715T224242Z,Executor3,Stage3-0-0,0,2522,0,14368,16,112587,0,0
1784155734337,q6-formal-delayed-20260715T224242Z,Executor3,Stage1-0-0,0,25071,24564,17423,681,3216410,1192,1192299
1784155734337,q6-formal-delayed-20260715T224242Z,Executor3,Stage2-0-0,0,61451,574,456859,12664,3891066,5,10292
1784155734337,q6-formal-delayed-20260715T224242Z,Executor3,Stage3-0-0,0,2102,0,11394,16,100538,0,0
1784155735337,q6-formal-delayed-20260715T224242Z,Executor3,Stage1-0-0,0,25005,24483,12612,575,3206246,972,840609
1784155735337,q6-formal-delayed-20260715T224242Z,Executor3,Stage2-0-0,0,54369,910,413725,10811,2993949,18,19917
1784155735337,q6-formal-delayed-20260715T224242Z,Executor3,Stage3-0-0,0,1836,0,10933,13,72024,0,0
1784155736337,q6-formal-delayed-20260715T224242Z,Executor3,Stage1-0-0,0,24863,24354,12924,403,3185536,1265,986189
1784155736337,q6-formal-delayed-20260715T224242Z,Executor3,Stage2-0-0,0,65514,669,449779,10427,3994849,3,8639
1784155736337,q6-formal-delayed-20260715T224242Z,Executor3,Stage3-0-0,0,2371,0,13273,17,109141,0,0
1784155737337,q6-formal-delayed-20260715T224242Z,Executor3,Stage1-0-0,0,24924,24446,17897,923,3184740,946,1120638
1784155737337,q6-formal-delayed-20260715T224242Z,Executor3,Stage2-0-0,0,62855,694,485871,5111,3951010,9,14022
1784155737337,q6-formal-delayed-20260715T224242Z,Executor3,Stage3-0-0,0,2578,0,13799,20,124742,0,0
1784155738337,q6-formal-delayed-20260715T224242Z,Executor3,Stage1-0-0,0,24868,24394,10047,266,3183835,800,834160
1784155738337,q6-formal-delayed-20260715T224242Z,Executor3,Stage2-0-0,0,50761,888,459838,17887,2687795,23,19001
1784155738337,q6-formal-delayed-20260715T224242Z,Executor3,Stage3-0-0,0,1529,0,8603,12,54183,0,0
1784155739337,q6-formal-delayed-20260715T224242Z,Executor3,Stage1-0-0,0,24933,24441,14573,539,3184010,968,1098088
1784155739337,q6-formal-delayed-20260715T224242Z,Executor3,Stage2-0-0,0,63189,615,451622,10403,3927352,5,9243
1784155739337,q6-formal-delayed-20260715T224242Z,Executor3,Stage3-0-0,0,2855,0,17577,31,142051,0,0
1784155740337,q6-formal-delayed-20260715T224242Z,Executor3,Stage1-0-0,0,25095,24557,15649,707,3222903,907,1083188
1784155740337,q6-formal-delayed-20260715T224242Z,Executor3,Stage2-0-0,0,55224,657,463252,10607,3294805,21,14492
1784155740337,q6-formal-delayed-20260715T224242Z,Executor3,Stage3-0-0,0,1369,0,7654,11,54792,0,0
1784155741337,q6-formal-delayed-20260715T224242Z,Executor3,Stage1-0-0,0,24856,24396,10391,397,3175781,800,804037
1784155741337,q6-formal-delayed-20260715T224242Z,Executor3,Stage2-0-0,0,59353,797,423876,10856,3338268,25,14585
1784155741337,q6-formal-delayed-20260715T224242Z,Executor3,Stage3-0-0,0,2053,0,11885,23,87125,0,0
1784155742337,q6-formal-delayed-20260715T224242Z,Executor3,Stage1-0-0,0,24855,24354,17377,786,3186120,1000,1161847
1784155742337,q6-formal-delayed-20260715T224242Z,Executor3,Stage2-0-0,0,63113,700,452728,10025,4007500,15,7957
1784155742337,q6-formal-delayed-20260715T224242Z,Executor3,Stage3-0-0,0,2307,0,12849,14,103015,0,0
1784155743372,q6-formal-delayed-20260715T224242Z,Executor3,Stage1-0-0,0,24717,24221,12438,442,3148389,777,952118
1784155743372,q6-formal-delayed-20260715T224242Z,Executor3,Stage2-0-0,0,49995,819,447519,10104,2789540,19,18339
1784155743372,q6-formal-delayed-20260715T224242Z,Executor3,Stage3-0-0,0,2012,0,11852,14,86877,0,0
1784155744337,q6-formal-delayed-20260715T224242Z,Executor3,Stage1-0-0,0,24941,24458,13785,781,3192875,802,925334
1784155744337,q6-formal-delayed-20260715T224242Z,Executor3,Stage2-0-0,0,64372,745,465496,13633,3857350,26,11871
1784155744337,q6-formal-delayed-20260715T224242Z,Executor3,Stage3-0-0,0,2341,0,13523,31,105115,0,0
1784155745337,q6-formal-delayed-20260715T224242Z,Executor3,Stage1-0-0,0,25131,24651,15038,496,3212595,810,1128593
1784155745337,q6-formal-delayed-20260715T224242Z,Executor3,Stage2-0-0,0,60030,632,439197,9761,3712680,13,9304
1784155745337,q6-formal-delayed-20260715T224242Z,Executor3,Stage3-0-0,0,2245,0,12338,17,104672,0,0
1784155746337,q6-formal-delayed-20260715T224242Z,Executor3,Stage1-0-0,0,25146,24636,12586,593,3227041,811,919561
1784155746337,q6-formal-delayed-20260715T224242Z,Executor3,Stage2-0-0,0,55003,768,412995,10319,3087151,13,17097
1784155746337,q6-formal-delayed-20260715T224242Z,Executor3,Stage3-0-0,0,1939,0,11173,23,84676,0,0
1784155747337,q6-formal-delayed-20260715T224242Z,Executor3,Stage1-0-0,0,25109,24561,23678,1754,3214650,57891,1012887
1784155747337,q6-formal-delayed-20260715T224242Z,Executor3,Stage2-0-0,0,62395,826,443850,11398,3767540,20,13281
1784155747337,q6-formal-delayed-20260715T224242Z,Executor3,Stage3-0-0,0,2246,0,14521,29,96312,0,0
1784155748337,q6-formal-delayed-20260715T224242Z,Executor3,Stage1-0-0,0,24853,24361,15560,729,3172646,853,1104895
1784155748337,q6-formal-delayed-20260715T224242Z,Executor3,Stage2-0-0,0,56932,638,434009,10043,3477988,4,11745
1784155748337,q6-formal-delayed-20260715T224242Z,Executor3,Stage3-0-0,0,2189,0,12095,19,103127,0,0
1784155749337,q6-formal-delayed-20260715T224242Z,Executor3,Stage1-0-0,0,25000,24495,10689,446,3208887,857,859881
1784155749337,q6-formal-delayed-20260715T224242Z,Executor3,Stage2-0-0,0,57293,891,421980,10864,3216324,9,17754
1784155749337,q6-formal-delayed-20260715T224242Z,Executor3,Stage3-0-0,0,1886,0,11017,18,74390,0,0
1784155750337,q6-formal-delayed-20260715T224242Z,Executor3,Stage1-0-0,0,25024,24550,13624,511,3197653,839,1057054
1784155750337,q6-formal-delayed-20260715T224242Z,Executor3,Stage2-0-0,0,64191,640,466420,10366,3948169,13,8326
1784155750337,q6-formal-delayed-20260715T224242Z,Executor3,Stage3-0-0,0,2491,0,14102,21,117538,0,0
1784155751337,q6-formal-delayed-20260715T224242Z,Executor3,Stage1-0-0,0,24851,24348,14877,445,3186847,1045,1135413
1784155751337,q6-formal-delayed-20260715T224242Z,Executor3,Stage2-0-0,0,54657,722,419933,10255,3331304,15,14089
1784155751337,q6-formal-delayed-20260715T224242Z,Executor3,Stage3-0-0,0,1958,0,11007,15,86442,0,0
1784155752337,q6-formal-delayed-20260715T224242Z,Executor3,Stage1-0-0,0,25182,24640,11321,483,3239663,752,815146
1784155752337,q6-formal-delayed-20260715T224242Z,Executor3,Stage2-0-0,0,56011,835,413243,11176,3059646,18,16921
1784155752337,q6-formal-delayed-20260715T224242Z,Executor3,Stage3-0-0,0,2210,0,13101,19,96917,0,0
1784155753382,q6-formal-delayed-20260715T224242Z,Executor3,Stage1-0-0,0,25294,24783,15982,592,3236739,1173,1133328
1784155753382,q6-formal-delayed-20260715T224242Z,Executor3,Stage2-0-0,0,63385,696,513450,10865,3940330,33,8873
1784155753382,q6-formal-delayed-20260715T224242Z,Executor3,Stage3-0-0,0,2355,0,13195,20,107090,0,0
1784155754337,q6-formal-delayed-20260715T224242Z,Executor3,Stage1-0-0,0,25133,24610,13155,523,3216830,817,1025745
1784155754337,q6-formal-delayed-20260715T224242Z,Executor3,Stage2-0-0,0,56083,775,425072,9940,3303116,16,21411
1784155754337,q6-formal-delayed-20260715T224242Z,Executor3,Stage3-0-0,0,1934,0,11011,23,87721,0,0
1784155755337,q6-formal-delayed-20260715T224242Z,Executor3,Stage1-0-0,0,25144,24613,11267,487,3229931,815,890311
1784155755337,q6-formal-delayed-20260715T224242Z,Executor3,Stage2-0-0,0,60192,837,430252,10519,3455698,17,15596
1784155755337,q6-formal-delayed-20260715T224242Z,Executor3,Stage3-0-0,0,2108,0,11965,21,89036,0,0
1784155756337,q6-formal-delayed-20260715T224242Z,Executor3,Stage1-0-0,0,24886,24364,15012,523,3201223,1117,1163264
1784155756337,q6-formal-delayed-20260715T224242Z,Executor3,Stage2-0-0,0,60205,673,446191,10105,3745527,60,10755
1784155756337,q6-formal-delayed-20260715T224242Z,Executor3,Stage3-0-0,0,2204,0,12687,15,101055,0,0
1784155757337,q6-formal-delayed-20260715T224242Z,Executor3,Stage1-0-0,0,25018,24490,11822,436,3200308,740,960633
1784155757337,q6-formal-delayed-20260715T224242Z,Executor3,Stage2-0-0,0,55304,706,473902,10690,3175093,12,15287
1784155757337,q6-formal-delayed-20260715T224242Z,Executor3,Stage3-0-0,0,1927,0,10931,13,85750,0,0
1784155758337,q6-formal-delayed-20260715T224242Z,Executor3,Stage1-0-0,0,25056,24540,13026,541,3219642,3543,974779
1784155758337,q6-formal-delayed-20260715T224242Z,Executor3,Stage2-0-0,0,60997,840,435180,10484,3593246,78,14837
1784155758337,q6-formal-delayed-20260715T224242Z,Executor3,Stage3-0-0,0,2132,0,11972,19,89708,0,0
1784155759337,q6-formal-delayed-20260715T224242Z,Executor3,Stage1-0-0,0,25059,24557,14194,456,3195903,3076,1107847
1784155759337,q6-formal-delayed-20260715T224242Z,Executor3,Stage2-0-0,0,59188,671,442701,10117,3610164,91,11536
1784155759337,q6-formal-delayed-20260715T224242Z,Executor3,Stage3-0-0,0,2314,0,13248,21,108473,0,0
1784155760337,q6-formal-delayed-20260715T224242Z,Executor3,Stage1-0-0,0,24966,24449,12316,445,3201296,3154,973771
1784155760337,q6-formal-delayed-20260715T224242Z,Executor3,Stage2-0-0,0,56296,828,446742,10727,3259022,57,14924
1784155760337,q6-formal-delayed-20260715T224242Z,Executor3,Stage3-0-0,0,2080,0,12186,19,87724,0,0
1784155761337,q6-formal-delayed-20260715T224242Z,Executor3,Stage1-0-0,0,25365,24861,14495,721,3254897,3668,976379
1784155761337,q6-formal-delayed-20260715T224242Z,Executor3,Stage2-0-0,0,60912,767,435152,11183,3570108,101,12986
1784155761337,q6-formal-delayed-20260715T224242Z,Executor3,Stage3-0-0,0,2343,0,13386,17,105022,0,0
1784155762337,q6-formal-delayed-20260715T224242Z,Executor3,Stage1-0-0,0,25317,24820,16881,631,3246263,4946,1194565
1784155762337,q6-formal-delayed-20260715T224242Z,Executor3,Stage2-0-0,0,59432,645,443864,10562,3662056,131,11830
1784155762337,q6-formal-delayed-20260715T224242Z,Executor3,Stage3-0-0,0,2129,0,12039,15,98877,0,0
1784155763337,q6-formal-delayed-20260715T224242Z,Executor3,Stage1-0-0,0,25059,24546,10474,388,3223806,3722,844879
1784155763337,q6-formal-delayed-20260715T224242Z,Executor3,Stage2-0-0,0,55949,823,417042,10764,3099221,124,19072
1784155763337,q6-formal-delayed-20260715T224242Z,Executor3,Stage3-0-0,0,1856,0,11210,20,77635,0,0
1784155764337,q6-formal-delayed-20260715T224242Z,Executor3,Stage1-0-0,0,24927,24421,14640,617,3199997,3222,1042710
1784155764337,q6-formal-delayed-20260715T224242Z,Executor3,Stage2-0-0,0,64701,701,515696,11180,3938335,82,9263
1784155764337,q6-formal-delayed-20260715T224242Z,Executor3,Stage3-0-0,0,2208,0,12146,13,98041,0,0
1784155765337,q6-formal-delayed-20260715T224242Z,Executor3,Stage1-0-0,0,25134,24616,14322,491,3213282,3935,1118011
1784155765337,q6-formal-delayed-20260715T224242Z,Executor3,Stage2-0-0,0,57648,668,442600,10955,3493374,124,13394
1784155765337,q6-formal-delayed-20260715T224242Z,Executor3,Stage3-0-0,0,2036,0,11325,15,93594,0,0
1784155766337,q6-formal-delayed-20260715T224242Z,Executor3,Stage1-0-0,0,24951,24451,11881,601,3188989,4084,866371
1784155766337,q6-formal-delayed-20260715T224242Z,Executor3,Stage2-0-0,0,56778,811,423862,10596,3188249,140,17031
1784155766337,q6-formal-delayed-20260715T224242Z,Executor3,Stage3-0-0,0,2042,0,11967,21,87792,0,0
1784155767337,q6-formal-delayed-20260715T224242Z,Executor3,Stage1-0-0,0,25032,24537,16151,37119,3207482,3712,1108318
1784155767337,q6-formal-delayed-20260715T224242Z,Executor3,Stage2-0-0,0,63946,708,458387,10955,3950309,88,9828
1784155767337,q6-formal-delayed-20260715T224242Z,Executor3,Stage3-0-0,0,2300,0,13375,20,103831,0,0
1784155768337,q6-formal-delayed-20260715T224242Z,Executor3,Stage1-0-0,0,25070,24535,14224,616,3209480,3868,1007457
1784155768337,q6-formal-delayed-20260715T224242Z,Executor3,Stage2-0-0,0,56428,619,527145,17320,3307854,120,13444
1784155768337,q6-formal-delayed-20260715T224242Z,Executor3,Stage3-0-0,0,1968,0,13113,27,92113,0,0
1784155769337,q6-formal-delayed-20260715T224242Z,Executor3,Stage1-0-0,0,24888,24407,12541,488,3182694,4678,909451
1784155769337,q6-formal-delayed-20260715T224242Z,Executor3,Stage2-0-0,0,60949,933,432745,11130,3543551,115,15980
1784155769337,q6-formal-delayed-20260715T224242Z,Executor3,Stage3-0-0,0,2191,0,12421,15,88454,0,0
1784155770337,q6-formal-delayed-20260715T224242Z,Executor3,Stage1-0-0,0,25204,24687,14781,598,3226977,2939,1104167
1784155770337,q6-formal-delayed-20260715T224242Z,Executor3,Stage2-0-0,0,62372,640,581844,19370,3842485,106,10869
1784155770337,q6-formal-delayed-20260715T224242Z,Executor3,Stage3-0-0,0,2330,0,13178,31,110480,0,0
1784155771337,q6-formal-delayed-20260715T224242Z,Executor3,Stage1-0-0,0,25172,24658,14626,604,3231557,4762,1063209
1784155771337,q6-formal-delayed-20260715T224242Z,Executor3,Stage2-0-0,0,54302,725,419882,10132,3153530,120,16902
1784155771337,q6-formal-delayed-20260715T224242Z,Executor3,Stage3-0-0,0,1849,0,10316,13,81636,0,0
1784155772337,q6-formal-delayed-20260715T224242Z,Executor3,Stage1-0-0,0,24919,24411,11390,421,3191484,3417,858685
1784155772337,q6-formal-delayed-20260715T224242Z,Executor3,Stage2-0-0,0,60968,774,444689,10858,3505563,105,13561
1784155772337,q6-formal-delayed-20260715T224242Z,Executor3,Stage3-0-0,0,2096,0,11851,37,90467,0,0
1784155773348,q6-formal-delayed-20260715T224242Z,Executor3,Stage1-0-0,0,25099,24604,15350,477,3222695,5737,1188834
1784155773348,q6-formal-delayed-20260715T224242Z,Executor3,Stage2-0-0,0,59817,581,435261,51503,3711216,76,7563
1784155773348,q6-formal-delayed-20260715T224242Z,Executor3,Stage3-0-0,0,2161,0,12056,20,101207,0,0
1784155774337,q6-formal-delayed-20260715T224242Z,Executor3,Stage1-0-0,0,24884,24394,10939,217,3205271,3933,884738
1784155774337,q6-formal-delayed-20260715T224242Z,Executor3,Stage2-0-0,0,57105,815,430148,10110,3242275,132,19959
1784155774337,q6-formal-delayed-20260715T224242Z,Executor3,Stage3-0-0,0,2217,0,13786,24,101127,0,0
1784155775337,q6-formal-delayed-20260715T224242Z,Executor3,Stage1-0-0,0,24955,24463,33189,11857,3196327,3091,1020591
1784155775337,q6-formal-delayed-20260715T224242Z,Executor3,Stage2-0-0,0,64953,766,526955,18401,3953153,52,11952
1784155775337,q6-formal-delayed-20260715T224242Z,Executor3,Stage3-0-0,0,1861,0,10716,14,75840,0,0
1784155776337,q6-formal-delayed-20260715T224242Z,Executor3,Stage1-0-0,0,24828,24347,13815,335,3183940,4349,1139878
1784155776337,q6-formal-delayed-20260715T224242Z,Executor3,Stage2-0-0,0,57772,579,435869,10119,3527931,77,12641
1784155776337,q6-formal-delayed-20260715T224242Z,Executor3,Stage3-0-0,0,2071,0,11651,23,100539,0,0
1784155777337,q6-formal-delayed-20260715T224242Z,Executor3,Stage1-0-0,0,25234,24737,47930,20810,3236776,2497,900665
1784155777337,q6-formal-delayed-20260715T224242Z,Executor3,Stage2-0-0,0,57335,835,450666,11952,3246014,118,17400
1784155777337,q6-formal-delayed-20260715T224242Z,Executor3,Stage3-0-0,0,1876,0,60930,389,76996,0,0
1784155778337,q6-formal-delayed-20260715T224242Z,Executor3,Stage1-0-0,0,25032,24505,55879,20861,3207893,3663,1120196
1784155778337,q6-formal-delayed-20260715T224242Z,Executor3,Stage2-0-0,0,62090,670,495004,11613,3838659,86,8780
1784155778337,q6-formal-delayed-20260715T224242Z,Executor3,Stage3-0-0,0,2311,0,20870,482,106248,0,0
1784155779337,q6-formal-delayed-20260715T224242Z,Executor3,Stage1-0-0,0,24896,24398,13298,410,3193043,4837,1081241
1784155779337,q6-formal-delayed-20260715T224242Z,Executor3,Stage2-0-0,0,54326,709,420456,9931,3223326,90,13478
1784155779337,q6-formal-delayed-20260715T224242Z,Executor3,Stage3-0-0,0,2013,0,11334,16,89805,0,0
1784155780337,q6-formal-delayed-20260715T224242Z,Executor3,Stage1-0-0,0,25149,24621,11492,385,3244869,3107,888669
1784155780337,q6-formal-delayed-20260715T224242Z,Executor3,Stage2-0-0,0,59197,912,569166,13501,3366416,111,17749
1784155780337,q6-formal-delayed-20260715T224242Z,Executor3,Stage3-0-0,0,2175,0,17172,325,91029,0,0
1784155781337,q6-formal-delayed-20260715T224242Z,Executor3,Stage1-0-0,0,24924,24407,13620,456,3194660,4712,1056286
1784155781337,q6-formal-delayed-20260715T224242Z,Executor3,Stage2-0-0,0,63719,635,451933,10622,3907040,84,8591
1784155781337,q6-formal-delayed-20260715T224242Z,Executor3,Stage3-0-0,0,2349,0,12741,389,110251,0,0
1784155782337,q6-formal-delayed-20260715T224242Z,Executor3,Stage1-0-0,0,25016,24515,12516,347,3222925,5053,1046693
1784155782337,q6-formal-delayed-20260715T224242Z,Executor3,Stage2-0-0,0,56565,765,431381,10012,3330747,90,17671
1784155782337,q6-formal-delayed-20260715T224242Z,Executor3,Stage3-0-0,0,1956,0,10890,13,86485,0,0
1784155783337,q6-formal-delayed-20260715T224242Z,Executor3,Stage1-0-0,0,24961,24498,12614,452,3216104,3027,960601
1784155783337,q6-formal-delayed-20260715T224242Z,Executor3,Stage2-0-0,0,57272,828,446777,11278,3276855,77,12187
1784155783337,q6-formal-delayed-20260715T224242Z,Executor3,Stage3-0-0,0,2140,0,12242,15,88919,0,0
1784155784337,q6-formal-delayed-20260715T224242Z,Executor3,Stage1-0-0,0,24797,24303,17779,573,3167393,8298,1169032
1784155784337,q6-formal-delayed-20260715T224242Z,Executor3,Stage2-0-0,0,62373,585,476880,14031,3942949,123,8693
1784155784337,q6-formal-delayed-20260715T224242Z,Executor3,Stage3-0-0,0,2244,0,12795,19,107229,0,0
1784155785337,q6-formal-delayed-20260715T224242Z,Executor3,Stage1-0-0,0,24924,24439,15891,880,3189162,3521,965172
1784155785337,q6-formal-delayed-20260715T224242Z,Executor3,Stage2-0-0,0,54737,794,424053,9778,3140671,135,17605
1784155785337,q6-formal-delayed-20260715T224242Z,Executor3,Stage3-0-0,0,1867,0,10908,27,79512,0,0
1784155786337,q6-formal-delayed-20260715T224242Z,Executor3,Stage1-0-0,0,24940,24438,11800,333,3204319,4123,930536
1784155786337,q6-formal-delayed-20260715T224242Z,Executor3,Stage2-0-0,0,61138,748,442454,10439,3578554,96,10730
1784155786337,q6-formal-delayed-20260715T224242Z,Executor3,Stage3-0-0,0,2420,0,13934,18,109515,0,0
1784155787337,q6-formal-delayed-20260715T224242Z,Executor3,Stage1-0-0,0,24881,24407,14554,330,3179509,6391,1174946
1784155787337,q6-formal-delayed-20260715T224242Z,Executor3,Stage2-0-0,0,60307,653,476794,9322,3760626,151,11886
1784155787337,q6-formal-delayed-20260715T224242Z,Executor3,Stage3-0-0,0,2706,0,22859,671,133400,0,0
1784155788337,q6-formal-delayed-20260715T224242Z,Executor3,Stage1-0-0,0,24869,24369,18180,1119,3206650,3165,935280
1784155788337,q6-formal-delayed-20260715T224242Z,Executor3,Stage2-0-0,0,55579,881,412786,9642,3156137,194,19725
1784155788337,q6-formal-delayed-20260715T224242Z,Executor3,Stage3-0-0,0,1561,0,8861,10,57445,0,0
1784155789337,q6-formal-delayed-20260715T224242Z,Executor3,Stage1-0-0,0,25114,24648,14551,495,3221162,4983,1119487
1784155789337,q6-formal-delayed-20260715T224242Z,Executor3,Stage2-0-0,0,62540,732,446422,11223,3850493,114,12262
1784155789337,q6-formal-delayed-20260715T224242Z,Executor3,Stage3-0-0,0,2263,0,12750,19,102484,0,0
1784155790337,q6-formal-delayed-20260715T224242Z,Executor3,Stage1-0-0,0,25109,24617,14645,411,3212893,4500,1142334
1784155790337,q6-formal-delayed-20260715T224242Z,Executor3,Stage2-0-0,0,54440,676,420368,10419,3278261,114,13446
1784155790337,q6-formal-delayed-20260715T224242Z,Executor3,Stage3-0-0,0,2120,0,12049,25,98101,0,0
1784155791337,q6-formal-delayed-20260715T224242Z,Executor3,Stage1-0-0,0,24975,24528,12309,383,3198933,5760,951605
1784155791337,q6-formal-delayed-20260715T224242Z,Executor3,Stage2-0-0,0,56801,863,419217,10945,3270446,163,16473
1784155791337,q6-formal-delayed-20260715T224242Z,Executor3,Stage3-0-0,0,2148,0,12497,17,91151,0,0
1784155792337,q6-formal-delayed-20260715T224242Z,Executor3,Stage1-0-0,0,24987,24480,13657,480,3199683,7111,1033845
1784155792337,q6-formal-delayed-20260715T224242Z,Executor3,Stage2-0-0,0,60924,696,434931,10230,3674316,108,8432
1784155792337,q6-formal-delayed-20260715T224242Z,Executor3,Stage3-0-0,0,2405,0,13563,16,109918,0,0
1784155793337,q6-formal-delayed-20260715T224242Z,Executor3,Stage1-0-0,0,24839,24346,14279,517,3183030,6276,1068771
1784155793337,q6-formal-delayed-20260715T224242Z,Executor3,Stage2-0-0,0,57584,666,425455,10762,3456738,99,13261
1784155793337,q6-formal-delayed-20260715T224242Z,Executor3,Stage3-0-0,0,2130,0,11963,19,99265,0,0
1784155794337,q6-formal-delayed-20260715T224242Z,Executor3,Stage1-0-0,0,25020,24529,10797,390,3213748,4737,909784
1784155794337,q6-formal-delayed-20260715T224242Z,Executor3,Stage2-0-0,0,59084,737,470356,10675,3387730,160,14856
1784155794337,q6-formal-delayed-20260715T224242Z,Executor3,Stage3-0-0,0,2023,0,11146,16,89970,0,0
1784155795337,q6-formal-delayed-20260715T224242Z,Executor3,Stage1-0-0,0,25121,24607,37491,9682,3217723,7020,1194493
1784155795337,q6-formal-delayed-20260715T224242Z,Executor3,Stage2-0-0,0,61054,714,528658,16936,3826347,111,12129
1784155795337,q6-formal-delayed-20260715T224242Z,Executor3,Stage3-0-0,0,2159,0,13483,19,97190,0,0
1784155796337,q6-formal-delayed-20260715T224242Z,Executor3,Stage1-0-0,0,25211,24708,12960,454,3229007,6098,1022024
1784155796337,q6-formal-delayed-20260715T224242Z,Executor3,Stage2-0-0,0,53583,767,413413,9813,3092286,143,18765
1784155796337,q6-formal-delayed-20260715T224242Z,Executor3,Stage3-0-0,0,2029,0,11953,20,92048,0,0
1784155797337,q6-formal-delayed-20260715T224242Z,Executor3,Stage1-0-0,0,25092,24601,12669,347,3214898,5498,957210
1784155797337,q6-formal-delayed-20260715T224242Z,Executor3,Stage2-0-0,0,59196,831,469993,10700,3450812,139,14630
1784155797337,q6-formal-delayed-20260715T224242Z,Executor3,Stage3-0-0,0,2141,0,12173,20,91075,0,0
1784155798337,q6-formal-delayed-20260715T224242Z,Executor3,Stage1-0-0,0,24885,24364,14038,394,3200583,7183,1136608
1784155798337,q6-formal-delayed-20260715T224242Z,Executor3,Stage2-0-0,0,59819,880,453898,10214,3696184,150,17144
1784155798337,q6-formal-delayed-20260715T224242Z,Executor3,Stage3-0-0,0,2391,0,13222,16,105367,0,0
1784155799337,q6-formal-delayed-20260715T224242Z,Executor3,Stage1-0-0,0,24830,24340,12151,451,3187042,4225,917663
1784155799337,q6-formal-delayed-20260715T224242Z,Executor3,Stage2-0-0,0,56007,476,411968,10595,3185554,102,10144
1784155799337,q6-formal-delayed-20260715T224242Z,Executor3,Stage3-0-0,0,1994,0,11941,14,99543,0,0
1784155800337,q6-formal-delayed-20260715T224242Z,Executor3,Stage1-0-0,0,24961,24487,13298,519,3202789,5526,953502
1784155800337,q6-formal-delayed-20260715T224242Z,Executor3,Stage2-0-0,0,63049,796,466840,9808,3754661,105,12896
1784155800337,q6-formal-delayed-20260715T224242Z,Executor3,Stage3-0-0,0,2441,0,16824,45,110063,0,0
1784155801337,q6-formal-delayed-20260715T224242Z,Executor3,Stage1-0-0,0,25167,24652,15817,551,3223900,6777,1166293
1784155801337,q6-formal-delayed-20260715T224242Z,Executor3,Stage2-0-0,0,59231,627,433739,9816,3664914,118,12034
1784155801337,q6-formal-delayed-20260715T224242Z,Executor3,Stage3-0-0,0,1537,0,8244,10,64851,0,0
1784155802337,q6-formal-delayed-20260715T224242Z,Executor3,Stage1-0-0,0,24884,24388,12343,439,3184164,5738,959942
1784155802337,q6-formal-delayed-20260715T224242Z,Executor3,Stage2-0-0,0,54214,870,405141,10394,3084518,161,18498
1784155802337,q6-formal-delayed-20260715T224242Z,Executor3,Stage3-0-0,0,1993,0,11956,17,83291,0,0
1784155803337,q6-formal-delayed-20260715T224242Z,Executor3,Stage1-0-0,0,24997,24526,14281,391,3197995,6725,1094878
1784155803337,q6-formal-delayed-20260715T224242Z,Executor3,Stage2-0-0,0,61149,733,443791,10600,3752910,137,11981
1784155803337,q6-formal-delayed-20260715T224242Z,Executor3,Stage3-0-0,0,2337,0,13747,15,106442,0,0
1784155804337,q6-formal-delayed-20260715T224242Z,Executor3,Stage1-0-0,0,25033,24499,14143,48796,3218378,5655,1050747
1784155804337,q6-formal-delayed-20260715T224242Z,Executor3,Stage2-0-0,0,56276,712,418205,9936,3331850,155,13144
1784155804337,q6-formal-delayed-20260715T224242Z,Executor3,Stage3-0-0,0,2095,0,11621,14,94150,0,0
1784155805337,q6-formal-delayed-20260715T224242Z,Executor3,Stage1-0-0,0,25265,24783,38596,15672,3240123,4886,840569
1784155805337,q6-formal-delayed-20260715T224242Z,Executor3,Stage2-0-0,0,61279,846,495855,16107,3481545,149,18311
1784155805337,q6-formal-delayed-20260715T224242Z,Executor3,Stage3-0-0,0,2062,0,15976,39,88373,0,0
1784155806337,q6-formal-delayed-20260715T224242Z,Executor3,Stage1-0-0,0,24932,24414,36783,8358,3193933,8046,1103681
1784155806337,q6-formal-delayed-20260715T224242Z,Executor3,Stage2-0-0,0,62897,678,524458,17655,3881918,110,9352
1784155806337,q6-formal-delayed-20260715T224242Z,Executor3,Stage3-0-0,0,2307,0,15305,13,105575,0,0
1784155807337,q6-formal-delayed-20260715T224242Z,Executor3,Stage1-0-0,0,25134,24617,16008,613,3226952,5552,1117348
1784155807337,q6-formal-delayed-20260715T224242Z,Executor3,Stage2-0-0,0,55285,708,462256,9678,3316399,167,18231
1784155807337,q6-formal-delayed-20260715T224242Z,Executor3,Stage3-0-0,0,1933,0,10800,18,89312,0,0
1784155808337,q6-formal-delayed-20260715T224242Z,Executor3,Stage1-0-0,0,24812,24309,12026,468,3189771,4602,914575
1784155808337,q6-formal-delayed-20260715T224242Z,Executor3,Stage2-0-0,0,57689,829,490072,13363,3312744,147,16276
1784155808337,q6-formal-delayed-20260715T224242Z,Executor3,Stage3-0-0,0,2122,0,14970,91,91456,0,0
1784155809337,q6-formal-delayed-20260715T224242Z,Executor3,Stage1-0-0,0,24874,24404,15063,461,3187065,6888,1137786
1784155809337,q6-formal-delayed-20260715T224242Z,Executor3,Stage2-0-0,0,62081,649,449137,10487,3856564,92,9116
1784155809337,q6-formal-delayed-20260715T224242Z,Executor3,Stage3-0-0,0,2263,0,12788,15,104672,0,0
1784155810337,q6-formal-delayed-20260715T224242Z,Executor3,Stage1-0-0,0,25036,24564,12028,431,3201669,4233,918387
1784155810337,q6-formal-delayed-20260715T224242Z,Executor3,Stage2-0-0,0,52483,709,417017,10167,2903632,159,14370
1784155810337,q6-formal-delayed-20260715T224242Z,Executor3,Stage3-0-0,0,1973,0,11755,18,88132,0,0
1784155811337,q6-formal-delayed-20260715T224242Z,Executor3,Stage1-0-0,0,24981,24473,14608,538,3204105,3822,970162
1784155811337,q6-formal-delayed-20260715T224242Z,Executor3,Stage2-0-0,0,66806,870,472639,11998,4049219,174,15233
1784155811337,q6-formal-delayed-20260715T224242Z,Executor3,Stage3-0-0,0,2155,0,12105,17,90031,0,0
1784155812337,q6-formal-delayed-20260715T224242Z,Executor3,Stage1-0-0,0,24820,24352,14185,564,3172423,4413,1064735
1784155812337,q6-formal-delayed-20260715T224242Z,Executor3,Stage2-0-0,0,60535,615,439386,9930,3688760,107,8750
1784155812337,q6-formal-delayed-20260715T224242Z,Executor3,Stage3-0-0,0,2344,0,12945,17,111372,0,0
1784155813337,q6-formal-delayed-20260715T224242Z,Executor3,Stage1-0-0,0,25177,24663,12372,386,3239613,5628,966449
1784155813337,q6-formal-delayed-20260715T224242Z,Executor3,Stage2-0-0,0,58480,809,422358,10638,3382116,223,19389
1784155813337,q6-formal-delayed-20260715T224242Z,Executor3,Stage3-0-0,0,1914,0,10986,14,83062,0,0
1784155814337,q6-formal-delayed-20260715T224242Z,Executor3,Stage1-0-0,0,25148,24655,15390,754,3230403,6088,1041885
1784155814337,q6-formal-delayed-20260715T224242Z,Executor3,Stage2-0-0,0,60793,675,489445,10949,3653536,114,11750
1784155814337,q6-formal-delayed-20260715T224242Z,Executor3,Stage3-0-0,0,2155,0,12340,15,98922,0,0
1784155815337,q6-formal-delayed-20260715T224242Z,Executor3,Stage1-0-0,0,24902,24368,14160,863,3191714,4551,1123510
1784155815337,q6-formal-delayed-20260715T224242Z,Executor3,Stage2-0-0,0,56496,659,432929,10016,3415041,170,15163
1784155815337,q6-formal-delayed-20260715T224242Z,Executor3,Stage3-0-0,0,1804,0,10250,17,81714,0,0
1784155816337,q6-formal-delayed-20260715T224242Z,Executor3,Stage1-0-0,0,24979,24442,10320,725,3201656,5107,841955
1784155816337,q6-formal-delayed-20260715T224242Z,Executor3,Stage2-0-0,0,58375,910,419414,10158,3298453,140,16456
1784155816337,q6-formal-delayed-20260715T224242Z,Executor3,Stage3-0-0,0,2037,0,11785,16,81600,0,0
1784155817337,q6-formal-delayed-20260715T224242Z,Executor3,Stage1-0-0,0,24948,24452,13512,444,3197129,5872,1042186
1784155817337,q6-formal-delayed-20260715T224242Z,Executor3,Stage2-0-0,0,64477,645,490800,10602,3956220,68,7863
1784155817337,q6-formal-delayed-20260715T224242Z,Executor3,Stage3-0-0,0,2442,0,13627,19,114475,0,0
1784155818337,q6-formal-delayed-20260715T224242Z,Executor3,Stage1-0-0,0,25283,24779,13192,438,3256100,6093,1036375
1784155818337,q6-formal-delayed-20260715T224242Z,Executor3,Stage2-0-0,0,58599,647,437824,10017,3467927,118,14557
1784155818337,q6-formal-delayed-20260715T224242Z,Executor3,Stage3-0-0,0,1974,0,11125,14,92388,0,0
1784155819337,q6-formal-delayed-20260715T224242Z,Executor3,Stage1-0-0,0,24843,24345,11669,348,3178680,3795,928744
1784155819337,q6-formal-delayed-20260715T224242Z,Executor3,Stage2-0-0,0,60067,745,431016,10610,3505627,185,15064
1784155819337,q6-formal-delayed-20260715T224242Z,Executor3,Stage3-0-0,0,1922,0,11122,16,83392,0,0
1784155820337,q6-formal-delayed-20260715T224242Z,Executor3,Stage1-0-0,0,25099,24570,13779,196,3217386,6741,1175230
1784155820337,q6-formal-delayed-20260715T224242Z,Executor3,Stage2-0-0,0,59834,693,451267,9945,3725539,93,9708
1784155820337,q6-formal-delayed-20260715T224242Z,Executor3,Stage3-0-0,0,2694,0,18524,74,128426,0,0
1784155821337,q6-formal-delayed-20260715T224242Z,Executor3,Stage1-0-0,0,25061,24599,12944,428,3206644,5725,985670
1784155821337,q6-formal-delayed-20260715T224242Z,Executor3,Stage2-0-0,0,53659,741,403698,10433,3064313,164,15942
1784155821337,q6-formal-delayed-20260715T224242Z,Executor3,Stage3-0-0,0,1561,0,8041,6,62775,0,0
1784155822337,q6-formal-delayed-20260715T224242Z,Executor3,Stage1-0-0,0,25099,24565,12647,470,3230750,5910,940021
1784155822337,q6-formal-delayed-20260715T224242Z,Executor3,Stage2-0-0,0,62110,868,462125,10656,3636928,165,14495
1784155822337,q6-formal-delayed-20260715T224242Z,Executor3,Stage3-0-0,0,2235,0,22712,13,94383,0,0
1784155823337,q6-formal-delayed-20260715T224242Z,Executor3,Stage1-0-0,0,24949,24460,15053,594,3192248,7914,1107297
1784155823337,q6-formal-delayed-20260715T224242Z,Executor3,Stage2-0-0,0,60519,697,449289,10494,3715557,128,12200
1784155823337,q6-formal-delayed-20260715T224242Z,Executor3,Stage3-0-0,0,2285,0,15183,18,105788,0,0
1784155824337,q6-formal-delayed-20260715T224242Z,Executor3,Stage1-0-0,0,24740,24243,13283,743,3174795,5659,902348
1784155824337,q6-formal-delayed-20260715T224242Z,Executor3,Stage2-0-0,0,57894,806,476601,9993,3327241,208,16541
1784155824337,q6-formal-delayed-20260715T224242Z,Executor3,Stage3-0-0,0,1978,0,10919,15,84362,0,0
1784155825337,q6-formal-delayed-20260715T224242Z,Executor3,Stage1-0-0,0,24849,24336,13970,828,3188515,6038,1022926
1784155825337,q6-formal-delayed-20260715T224242Z,Executor3,Stage2-0-0,0,64685,736,561065,19441,3944812,81,10912
1784155825337,q6-formal-delayed-20260715T224242Z,Executor3,Stage3-0-0,0,2195,0,14733,13,96894,0,0
1784155826337,q6-formal-delayed-20260715T224242Z,Executor3,Stage1-0-0,0,24867,24356,42020,16200,3184608,7427,1227528
1784155826337,q6-formal-delayed-20260715T224242Z,Executor3,Stage2-0-0,0,55096,556,489331,14116,3419514,79,9300
1784155826337,q6-formal-delayed-20260715T224242Z,Executor3,Stage3-0-0,0,2048,0,13022,17,97762,0,0
1784155827337,q6-formal-delayed-20260715T224242Z,Executor3,Stage1-0-0,0,24957,24409,56401,24861,3205764,3147,915393
1784155827337,q6-formal-delayed-20260715T224242Z,Executor3,Stage2-0-0,0,54461,946,440426,11262,3066114,197,20078
1784155827337,q6-formal-delayed-20260715T224242Z,Executor3,Stage3-0-0,0,1941,0,12884,83,76846,0,0
1784155828337,q6-formal-delayed-20260715T224242Z,Executor3,Stage1-0-0,0,25173,24665,11847,371,3230145,6844,939329
1784155828337,q6-formal-delayed-20260715T224242Z,Executor3,Stage2-0-0,0,63338,764,480890,10454,3746214,102,8635
1784155828337,q6-formal-delayed-20260715T224242Z,Executor3,Stage3-0-0,0,2483,0,21044,13,110346,0,0
1784155829337,q6-formal-delayed-20260715T224242Z,Executor3,Stage1-0-0,0,24723,24246,14430,449,3180808,1775,1127140
1784155829337,q6-formal-delayed-20260715T224242Z,Executor3,Stage2-0-0,0,59927,625,495435,9716,3700074,32,9658
1784155829337,q6-formal-delayed-20260715T224242Z,Executor3,Stage3-0-0,0,2269,0,17633,13,107010,0,0
1784155830337,q6-formal-delayed-20260715T224242Z,Executor3,Stage1-0-0,0,24981,24473,11242,416,3200198,1981,852404
1784155830337,q6-formal-delayed-20260715T224242Z,Executor3,Stage2-0-0,0,53651,877,423189,10605,2939610,136,17753
1784155830337,q6-formal-delayed-20260715T224242Z,Executor3,Stage3-0-0,0,2015,0,11676,15,83557,0,0
1784155831337,q6-formal-delayed-20260715T224242Z,Executor3,Stage1-0-0,0,24890,24395,20139,800,3184650,2051,1119076
1784155831337,q6-formal-delayed-20260715T224242Z,Executor3,Stage2-0-0,0,66259,646,487013,12256,4176397,33,10244
1784155831337,q6-formal-delayed-20260715T224242Z,Executor3,Stage3-0-0,0,2273,0,12602,19,106497,0,0
1784155832337,q6-formal-delayed-20260715T224242Z,Executor3,Stage1-0-0,0,24898,24402,13975,436,3203486,2050,1085138
1784155832337,q6-formal-delayed-20260715T224242Z,Executor3,Stage2-0-0,0,53805,716,416471,10611,3183787,26,15220
1784155832337,q6-formal-delayed-20260715T224242Z,Executor3,Stage3-0-0,0,1932,0,10963,15,86173,0,0
1784155833337,q6-formal-delayed-20260715T224242Z,Executor3,Stage1-0-0,0,24974,24486,12393,479,3203002,1853,919346
1784155833337,q6-formal-delayed-20260715T224242Z,Executor3,Stage2-0-0,0,58098,840,427063,10793,3346541,46,15961
1784155833337,q6-formal-delayed-20260715T224242Z,Executor3,Stage3-0-0,0,2144,0,12677,16,91893,0,0
1784155834337,q6-formal-delayed-20260715T224242Z,Executor3,Stage1-0-0,0,24922,24423,16436,975,3191208,2372,1101761
1784155834337,q6-formal-delayed-20260715T224242Z,Executor3,Stage2-0-0,0,60376,643,490295,10671,3712920,21,9826
1784155834337,q6-formal-delayed-20260715T224242Z,Executor3,Stage3-0-0,0,2272,0,13188,20,106175,0,0
1784155835337,q6-formal-delayed-20260715T224242Z,Executor3,Stage1-0-0,0,25138,24626,12428,422,3221538,1844,965075
1784155835337,q6-formal-delayed-20260715T224242Z,Executor3,Stage2-0-0,0,56502,776,429364,9676,3268536,29,15681
1784155835337,q6-formal-delayed-20260715T224242Z,Executor3,Stage3-0-0,0,2015,0,11385,18,87730,0,0
1784155836337,q6-formal-delayed-20260715T224242Z,Executor3,Stage1-0-0,0,24957,24483,11984,902,3203733,1639,890831
1784155836337,q6-formal-delayed-20260715T224242Z,Executor3,Stage2-0-0,0,61997,798,441014,9605,3607801,33,13553
1784155836337,q6-formal-delayed-20260715T224242Z,Executor3,Stage3-0-0,0,2204,0,12730,15,95911,0,0
1784155837337,q6-formal-delayed-20260715T224242Z,Executor3,Stage1-0-0,0,25029,24518,15574,473,3215054,1989,1192274
1784155837337,q6-formal-delayed-20260715T224242Z,Executor3,Stage2-0-0,0,60696,591,484838,10891,3809958,29,8928
1784155837337,q6-formal-delayed-20260715T224242Z,Executor3,Stage3-0-0,0,2245,0,12475,14,106909,0,0
1784155838337,q6-formal-delayed-20260715T224242Z,Executor3,Stage1-0-0,0,25000,24507,12921,455,3206367,2176,1033179
1784155838337,q6-formal-delayed-20260715T224242Z,Executor3,Stage2-0-0,0,51939,843,411099,9871,2983065,48,20353
1784155838337,q6-formal-delayed-20260715T224242Z,Executor3,Stage3-0-0,0,1883,0,11057,12,79711,0,0
1784155839337,q6-formal-delayed-20260715T224242Z,Executor3,Stage1-0-0,0,25092,24574,12357,452,3214688,1917,968951
1784155839337,q6-formal-delayed-20260715T224242Z,Executor3,Stage2-0-0,0,60400,787,448175,10348,3566551,22,13365
1784155839337,q6-formal-delayed-20260715T224242Z,Executor3,Stage3-0-0,0,2222,0,12797,15,97456,0,0
1784155840364,q6-formal-delayed-20260715T224242Z,Executor3,Stage1-0-0,0,25093,24584,13468,307,3220649,2226,1127869
1784155840364,q6-formal-delayed-20260715T224242Z,Executor3,Stage2-0-0,0,56211,657,407644,64576,3390199,19,11881
1784155840364,q6-formal-delayed-20260715T224242Z,Executor3,Stage3-0-0,0,2239,0,12555,17,105316,0,0
1784155841337,q6-formal-delayed-20260715T224242Z,Executor3,Stage1-0-0,0,25003,24478,11359,576,3216626,1911,862164
1784155841337,q6-formal-delayed-20260715T224242Z,Executor3,Stage2-0-0,0,60070,888,441356,10892,3435286,133,19013
1784155841337,q6-formal-delayed-20260715T224242Z,Executor3,Stage3-0-0,0,2046,0,11499,15,85749,0,0
1784155842337,q6-formal-delayed-20260715T224242Z,Executor3,Stage1-0-0,0,25091,24567,13467,428,3229539,2289,1077007
1784155842337,q6-formal-delayed-20260715T224242Z,Executor3,Stage2-0-0,0,64297,656,450917,11007,3948434,36,9952
1784155842337,q6-formal-delayed-20260715T224242Z,Executor3,Stage3-0-0,0,2291,0,13150,17,106551,0,0
1784155843337,q6-formal-delayed-20260715T224242Z,Executor3,Stage1-0-0,0,24958,24443,13872,375,3204575,2319,1098478
1784155843337,q6-formal-delayed-20260715T224242Z,Executor3,Stage2-0-0,0,55484,694,428210,9849,3342321,40,14540
1784155843337,q6-formal-delayed-20260715T224242Z,Executor3,Stage3-0-0,0,2018,0,11917,16,91939,0,0
1784155844337,q6-formal-delayed-20260715T224242Z,Executor3,Stage1-0-0,0,25069,24530,51809,722,3220436,1706,906982
1784155844337,q6-formal-delayed-20260715T224242Z,Executor3,Stage2-0-0,0,56791,882,418791,10291,3220507,26,17046
1784155844337,q6-formal-delayed-20260715T224242Z,Executor3,Stage3-0-0,0,2059,0,12346,16,85337,0,0
1784155845337,q6-formal-delayed-20260715T224242Z,Executor3,Stage1-0-0,0,24686,24215,14608,412,3167442,2182,1133753
1784155845337,q6-formal-delayed-20260715T224242Z,Executor3,Stage2-0-0,0,61340,617,453277,10538,3825405,6,6797
1784155845337,q6-formal-delayed-20260715T224242Z,Executor3,Stage3-0-0,0,2369,0,13671,17,110900,0,0
1784155846337,q6-formal-delayed-20260715T224242Z,Executor3,Stage1-0-0,0,25172,24678,12852,436,3237277,3184,997016
1784155846337,q6-formal-delayed-20260715T224242Z,Executor3,Stage2-0-0,0,54048,755,418907,10459,3093930,34,16223
1784155846337,q6-formal-delayed-20260715T224242Z,Executor3,Stage3-0-0,0,2011,0,11622,14,89452,0,0
1784155847337,q6-formal-delayed-20260715T224242Z,Executor3,Stage1-0-0,0,24736,24234,12568,621,3184177,1899,872969
1784155847337,q6-formal-delayed-20260715T224242Z,Executor3,Stage2-0-0,0,62804,850,479802,11096,3658751,51,14109
1784155847337,q6-formal-delayed-20260715T224242Z,Executor3,Stage3-0-0,0,2235,0,12395,10,95208,0,0
1784155848337,q6-formal-delayed-20260715T224242Z,Executor3,Stage1-0-0,0,24928,24400,17763,889,3204563,2199,1145524
1784155848337,q6-formal-delayed-20260715T224242Z,Executor3,Stage2-0-0,0,62114,600,455102,10557,3884985,16,8608
1784155848337,q6-formal-delayed-20260715T224242Z,Executor3,Stage3-0-0,0,2395,0,13129,37,115014,0,0
1784155849337,q6-formal-delayed-20260715T224242Z,Executor3,Stage1-0-0,0,25132,24609,13079,420,3235451,1963,1024542
1784155849337,q6-formal-delayed-20260715T224242Z,Executor3,Stage2-0-0,0,54036,747,414619,9791,3125012,36,20960
1784155849337,q6-formal-delayed-20260715T224242Z,Executor3,Stage3-0-0,0,1799,0,10326,11,80935,0,0
1784155850337,q6-formal-delayed-20260715T224242Z,Executor3,Stage1-0-0,0,24891,24422,13772,642,3185058,1952,947868
1784155850337,q6-formal-delayed-20260715T224242Z,Executor3,Stage2-0-0,0,60383,790,438131,10764,3546230,44,13545
1784155850337,q6-formal-delayed-20260715T224242Z,Executor3,Stage3-0-0,0,2127,0,12276,22,91738,0,0
1784155851337,q6-formal-delayed-20260715T224242Z,Executor3,Stage1-0-0,0,25025,24529,14886,447,3209250,2415,1146297
1784155851337,q6-formal-delayed-20260715T224242Z,Executor3,Stage2-0-0,0,58948,691,483068,10179,3643390,10,11231
1784155851337,q6-formal-delayed-20260715T224242Z,Executor3,Stage3-0-0,0,2241,0,11783,12,102725,0,0
1784155852337,q6-formal-delayed-20260715T224242Z,Executor3,Stage1-0-0,0,25042,24568,11212,508,3215878,1650,879748
1784155852337,q6-formal-delayed-20260715T224242Z,Executor3,Stage2-0-0,0,56391,827,416353,9607,3157822,41,17599
1784155852337,q6-formal-delayed-20260715T224242Z,Executor3,Stage3-0-0,0,2023,0,11599,18,86778,0,0
1784155853337,q6-formal-delayed-20260715T224242Z,Executor3,Stage1-0-0,0,24663,24178,17508,1372,3146991,2232,966357
1784155853337,q6-formal-delayed-20260715T224242Z,Executor3,Stage2-0-0,0,64196,698,449672,11035,3905938,22,9707
1784155853337,q6-formal-delayed-20260715T224242Z,Executor3,Stage3-0-0,0,2265,0,12739,14,102232,0,0
1784155854337,q6-formal-delayed-20260715T224242Z,Executor3,Stage1-0-0,0,25011,24527,61023,1127,3206039,3096,1106606
1784155854337,q6-formal-delayed-20260715T224242Z,Executor3,Stage2-0-0,0,56542,686,423477,9549,3411008,23,13255
1784155854337,q6-formal-delayed-20260715T224242Z,Executor3,Stage3-0-0,0,2036,0,12016,16,92482,0,0
1784155855337,q6-formal-delayed-20260715T224242Z,Executor3,Stage1-0-0,0,25094,24598,11104,440,3220957,1978,873527
1784155855337,q6-formal-delayed-20260715T224242Z,Executor3,Stage2-0-0,0,58408,863,422596,10532,3314786,69,18732
1784155855337,q6-formal-delayed-20260715T224242Z,Executor3,Stage3-0-0,0,1987,0,11442,17,83436,0,0
1784155856337,q6-formal-delayed-20260715T224242Z,Executor3,Stage1-0-0,0,24954,24442,14793,525,3209504,4455,1126239
1784155856337,q6-formal-delayed-20260715T224242Z,Executor3,Stage2-0-0,0,61884,647,439997,10174,3823461,46,8917
1784155856337,q6-formal-delayed-20260715T224242Z,Executor3,Stage3-0-0,0,2263,0,12743,15,104622,0,0
1784155857337,q6-formal-delayed-20260715T224242Z,Executor3,Stage1-0-0,0,24960,24470,13710,378,3205507,2254,1086421
1784155857337,q6-formal-delayed-20260715T224242Z,Executor3,Stage2-0-0,0,55209,664,452830,9759,3289061,12,14722
1784155857337,q6-formal-delayed-20260715T224242Z,Executor3,Stage3-0-0,0,1919,0,11487,23,88016,0,0
1784155858337,q6-formal-delayed-20260715T224242Z,Executor3,Stage1-0-0,0,25187,24680,12213,447,3237983,2423,945632
1784155858337,q6-formal-delayed-20260715T224242Z,Executor3,Stage2-0-0,0,57805,830,418604,9825,3322704,112,17649
1784155858337,q6-formal-delayed-20260715T224242Z,Executor3,Stage3-0-0,0,1894,0,11091,15,78831,0,0
1784155859337,q6-formal-delayed-20260715T224242Z,Executor3,Stage1-0-0,0,25063,24571,13756,486,3223664,2204,1017849
1784155859337,q6-formal-delayed-20260715T224242Z,Executor3,Stage2-0-0,0,63605,723,456819,10917,3843656,35,8407
1784155859337,q6-formal-delayed-20260715T224242Z,Executor3,Stage3-0-0,0,2380,0,13347,21,106682,0,0
1784155860337,q6-formal-delayed-20260715T224242Z,Executor3,Stage1-0-0,0,25084,24591,14878,689,3228997,2290,1037849
1784155860337,q6-formal-delayed-20260715T224242Z,Executor3,Stage2-0-0,0,58202,708,423486,9673,3453205,27,14525
1784155860337,q6-formal-delayed-20260715T224242Z,Executor3,Stage3-0-0,0,2167,0,12200,19,100223,0,0
1784155861337,q6-formal-delayed-20260715T224242Z,Executor3,Stage1-0-0,0,25083,24550,11396,419,3220387,2186,911997
1784155861337,q6-formal-delayed-20260715T224242Z,Executor3,Stage2-0-0,0,59959,754,483601,11030,3449082,82,14376
1784155861337,q6-formal-delayed-20260715T224242Z,Executor3,Stage3-0-0,0,2025,0,11341,15,88551,0,0
1784155862337,q6-formal-delayed-20260715T224242Z,Executor3,Stage1-0-0,0,24840,24331,17460,706,3189886,3274,1186047
1784155862337,q6-formal-delayed-20260715T224242Z,Executor3,Stage2-0-0,0,60431,601,445041,11000,3798151,25,7896
1784155862337,q6-formal-delayed-20260715T224242Z,Executor3,Stage3-0-0,0,2136,0,12047,19,98876,0,0
1784155863337,q6-formal-delayed-20260715T224242Z,Executor3,Stage1-0-0,0,25205,24725,11799,389,3230151,2447,964174
1784155863337,q6-formal-delayed-20260715T224242Z,Executor3,Stage2-0-0,0,53640,774,416314,9944,3041685,42,18182
1784155863337,q6-formal-delayed-20260715T224242Z,Executor3,Stage3-0-0,0,1964,0,11470,12,87005,0,0
1784155864337,q6-formal-delayed-20260715T224242Z,Executor3,Stage1-0-0,0,24970,24443,12668,476,3206245,2245,934368
1784155864337,q6-formal-delayed-20260715T224242Z,Executor3,Stage2-0-0,0,62507,839,477008,11118,3686603,74,13038
1784155864337,q6-formal-delayed-20260715T224242Z,Executor3,Stage3-0-0,0,2193,0,12426,13,92360,0,0
1784155865337,q6-formal-delayed-20260715T224242Z,Executor3,Stage1-0-0,0,25057,24599,14372,495,3203160,3026,1129429
1784155865337,q6-formal-delayed-20260715T224242Z,Executor3,Stage2-0-0,0,60310,592,444493,10162,3723393,44,11594
1784155865337,q6-formal-delayed-20260715T224242Z,Executor3,Stage3-0-0,0,2240,0,12495,16,109137,0,0
1784155866337,q6-formal-delayed-20260715T224242Z,Executor3,Stage1-0-0,0,24879,24367,11816,493,3194229,2237,904062
1784155866337,q6-formal-delayed-20260715T224242Z,Executor3,Stage2-0-0,0,56785,811,417849,10152,3238568,106,18582
1784155866337,q6-formal-delayed-20260715T224242Z,Executor3,Stage3-0-0,0,1831,0,10587,15,77177,0,0
1784155867337,q6-formal-delayed-20260715T224242Z,Executor3,Stage1-0-0,0,24712,24221,13514,482,3165223,1958,1001317
1784155867337,q6-formal-delayed-20260715T224242Z,Executor3,Stage2-0-0,0,63191,751,482926,10405,3833625,34,11175
1784155867337,q6-formal-delayed-20260715T224242Z,Executor3,Stage3-0-0,0,2268,0,12910,19,100560,0,0
1784155868337,q6-formal-delayed-20260715T224242Z,Executor3,Stage1-0-0,0,25149,24674,14553,367,3227049,3091,1148239
1784155868337,q6-formal-delayed-20260715T224242Z,Executor3,Stage2-0-0,0,56300,634,429103,9863,3421533,21,10201
1784155868337,q6-formal-delayed-20260715T224242Z,Executor3,Stage3-0-0,0,2053,0,11317,13,93982,0,0
1784155869337,q6-formal-delayed-20260715T224242Z,Executor3,Stage1-0-0,0,25016,24506,11664,489,3213751,2078,892367
1784155869337,q6-formal-delayed-20260715T224242Z,Executor3,Stage2-0-0,0,57020,878,423595,10275,3227943,83,19169
1784155869337,q6-formal-delayed-20260715T224242Z,Executor3,Stage3-0-0,0,2062,0,11932,14,87436,0,0
1784155870337,q6-formal-delayed-20260715T224242Z,Executor3,Stage1-0-0,0,25023,24487,14155,518,3221179,2692,1078163
1784155870337,q6-formal-delayed-20260715T224242Z,Executor3,Stage2-0-0,0,63026,717,454446,10233,3864978,30,9341
1784155870337,q6-formal-delayed-20260715T224242Z,Executor3,Stage3-0-0,0,2342,0,13713,18,105295,0,0
1784155871337,q6-formal-delayed-20260715T224242Z,Executor3,Stage1-0-0,0,24679,24193,14027,554,3162560,2985,1074156
1784155871337,q6-formal-delayed-20260715T224242Z,Executor3,Stage2-0-0,0,56004,748,483020,10153,3379296,64,14693
1784155871337,q6-formal-delayed-20260715T224242Z,Executor3,Stage3-0-0,0,2201,0,12240,16,99914,0,0
1784155872337,q6-formal-delayed-20260715T224242Z,Executor3,Stage1-0-0,0,24783,24296,16866,1096,3181322,2104,859106
1784155872337,q6-formal-delayed-20260715T224242Z,Executor3,Stage2-0-0,0,58655,830,429252,10635,3340814,81,16831
1784155872337,q6-formal-delayed-20260715T224242Z,Executor3,Stage3-0-0,0,1810,0,10567,14,73182,0,0
1784155873337,q6-formal-delayed-20260715T224242Z,Executor3,Stage1-0-0,0,24920,24423,15796,602,3196524,3104,1153526
1784155873337,q6-formal-delayed-20260715T224242Z,Executor3,Stage2-0-0,0,62695,669,451744,10578,3927219,30,10375
1784155873337,q6-formal-delayed-20260715T224242Z,Executor3,Stage3-0-0,0,2511,0,14229,17,119363,0,0
1784155874337,q6-formal-delayed-20260715T224242Z,Executor3,Stage1-0-0,0,25159,24671,13271,1025,3224451,2080,1019279
1784155874337,q6-formal-delayed-20260715T224242Z,Executor3,Stage2-0-0,0,54515,696,460253,10346,3161392,34,16307
1784155874337,q6-formal-delayed-20260715T224242Z,Executor3,Stage3-0-0,0,1893,0,11130,20,85864,0,0
1784155875337,q6-formal-delayed-20260715T224242Z,Executor3,Stage1-0-0,0,25091,24587,11737,522,3227335,2185,902675
1784155875337,q6-formal-delayed-20260715T224242Z,Executor3,Stage2-0-0,0,60701,885,438837,10743,3505071,54,15039
1784155875337,q6-formal-delayed-20260715T224242Z,Executor3,Stage3-0-0,0,2134,0,12069,38,87897,0,0
1784155876337,q6-formal-delayed-20260715T224242Z,Executor3,Stage1-0-0,0,25182,24677,15239,432,3235473,2508,1180823
1784155876337,q6-formal-delayed-20260715T224242Z,Executor3,Stage2-0-0,0,60536,627,447105,10031,3781920,19,8194
1784155876337,q6-formal-delayed-20260715T224242Z,Executor3,Stage3-0-0,0,2367,0,13156,15,111571,0,0
1784155877337,q6-formal-delayed-20260715T224242Z,Executor3,Stage1-0-0,0,25128,24620,11993,499,3240197,1918,940952
1784155877337,q6-formal-delayed-20260715T224242Z,Executor3,Stage2-0-0,0,50850,830,418950,9456,2780294,55,20270
1784155877337,q6-formal-delayed-20260715T224242Z,Executor3,Stage3-0-0,0,1983,0,11609,15,86548,0,0
1784155878337,q6-formal-delayed-20260715T224242Z,Executor3,Stage1-0-0,0,25340,24826,20051,1026,3277719,1999,990505
1784155878337,q6-formal-delayed-20260715T224242Z,Executor3,Stage2-0-0,0,67075,858,479718,12515,4067730,25,13340
1784155878337,q6-formal-delayed-20260715T224242Z,Executor3,Stage3-0-0,0,2367,0,13343,17,101920,0,0
1784155879337,q6-formal-delayed-20260715T224242Z,Executor3,Stage1-0-0,0,24866,24370,14654,570,3210062,2413,1098104
1784155879337,q6-formal-delayed-20260715T224242Z,Executor3,Stage2-0-0,0,55882,599,419412,10659,3371020,33,10364
1784155879337,q6-formal-delayed-20260715T224242Z,Executor3,Stage3-0-0,0,2236,0,12424,13,107279,0,0
1784155880337,q6-formal-delayed-20260715T224242Z,Executor3,Stage1-0-0,0,32494,31831,4406,813,4196372,0,0
1784155880337,q6-formal-delayed-20260715T224242Z,Executor3,Stage2-0-0,0,33643,832,294079,8206,2665148,0,0
1784155880337,q6-formal-delayed-20260715T224242Z,Executor3,Stage3-0-0,0,1355,0,9849,29,81465,0,0
1784155881337,q6-formal-delayed-20260715T224242Z,Executor3,Stage1-0-0,0,0,0,0,0,0,0,0
1784155881337,q6-formal-delayed-20260715T224242Z,Executor3,Stage2-0-0,0,0,0,0,0,0,0,0
1784155881337,q6-formal-delayed-20260715T224242Z,Executor3,Stage3-0-0,0,0,0,0,0,0,0,0
1784155882337,q6-formal-delayed-20260715T224242Z,Executor3,Stage1-0-0,0,0,0,0,0,0,0,0
1784155882337,q6-formal-delayed-20260715T224242Z,Executor3,Stage2-0-0,0,0,0,0,0,0,0,0
1784155882337,q6-formal-delayed-20260715T224242Z,Executor3,Stage3-0-0,0,0,0,0,0,0,0,0
1784155883337,q6-formal-delayed-20260715T224242Z,Executor3,Stage1-0-0,0,0,0,0,0,0,0,0
1784155883337,q6-formal-delayed-20260715T224242Z,Executor3,Stage2-0-0,0,0,0,0,0,0,0,0
1784155884337,q6-formal-delayed-20260715T224242Z,Executor3,Stage1-0-0,0,0,0,0,0,0,0,0
1784155884337,q6-formal-delayed-20260715T224242Z,Executor3,Stage2-0-0,0,0,0,0,0,0,0,0
1784155885337,q6-formal-delayed-20260715T224242Z,Executor3,Stage1-0-0,0,0,0,0,0,0,0,0
1784155885337,q6-formal-delayed-20260715T224242Z,Executor3,Stage2-0-0,0,0,0,0,0,0,0,0
1784155886337,q6-formal-delayed-20260715T224242Z,Executor3,Stage1-0-0,0,0,0,0,0,0,0,0
1784155886337,q6-formal-delayed-20260715T224242Z,Executor3,Stage2-0-0,0,0,0,0,0,0,0,0
1784155887337,q6-formal-delayed-20260715T224242Z,Executor3,Stage1-0-0,0,0,0,0,0,0,0,0
1784155887337,q6-formal-delayed-20260715T224242Z,Executor3,Stage2-0-0,0,0,0,0,0,0,0,0
1784155888337,q6-formal-delayed-20260715T224242Z,Executor3,Stage1-0-0,0,0,0,0,0,0,0,0
1784155888337,q6-formal-delayed-20260715T224242Z,Executor3,Stage2-0-0,0,0,0,0,0,0,268,6010
1784155889337,q6-formal-delayed-20260715T224242Z,Executor3,Stage1-0-0,0,0,0,0,0,0,0,0
1784155889337,q6-formal-delayed-20260715T224242Z,Executor3,Stage2-0-0,0,0,0,0,0,0,344,52580
1784155890337,q6-formal-delayed-20260715T224242Z,Executor3,Stage1-0-0,0,0,0,0,0,0,0,0
1784155891337,q6-formal-delayed-20260715T224242Z,Executor3,Stage1-0-0,0,0,0,0,0,0,0,0
1784155892337,q6-formal-delayed-20260715T224242Z,Executor3,Stage1-0-0,0,0,0,0,0,0,24630,3056856
1784155893337,q6-formal-delayed-20260715T224242Z,Executor3,Stage1-0-0,0,0,0,0,0,0,0,0
1784155894337,q6-formal-delayed-20260715T224242Z,Executor3,Stage1-0-0,0,0,0,0,0,0,0,0
1784155895337,q6-formal-delayed-20260715T224242Z,Executor3,Stage1-0-0,0,0,0,0,0,0,0,0
