timestamp,jobId,executorId,taskId,inputReceiveRate,inputRate,outputRate,processingTimeNs,deserTimeNs,inBytes,serializedTimeNs,outBytes
1784664488488,unknown,VM-112,Stage3-3-0,0,171,0,114513,21778,10286,0,0
1784664488613,unknown,VM-111,Stage3-0-0,0,0,0,0,0,0,0,0
1784664489488,unknown,VM-112,Stage3-3-0,0,0,0,0,0,0,0,0
1784664489608,unknown,VM-111,Stage3-0-0,0,1294,0,265113,69123,77773,0,0
1784664490488,unknown,VM-112,Stage3-3-0,0,0,0,0,0,0,0,0
1784664490608,unknown,VM-111,Stage3-0-0,0,0,0,0,0,0,0,0
1784664491488,unknown,VM-112,Stage3-3-0,0,0,0,0,0,0,0,0
1784664491608,unknown,VM-111,Stage3-0-0,0,0,0,0,0,0,0,0
1784664492488,unknown,VM-112,Stage3-3-0,0,0,0,0,0,0,0,0
1784664492598,unknown,VM-110,Stage2-2-0,0,4261,27,468878,232753,462210,0,0
1784664492608,unknown,VM-111,Stage3-0-0,0,0,0,0,0,0,0,0
1784664492634,unknown,VM-116,Stage2-1-0,0,6594,0,627442,58958,579205,0,0
1784664493488,unknown,VM-112,Stage3-3-0,0,0,0,0,0,0,0,0
1784664493599,unknown,VM-110,Stage2-2-0,0,3280,451,109305,3938,264390,0,0
1784664493608,unknown,VM-111,Stage3-0-0,0,0,0,0,0,0,0,0
1784664493635,unknown,VM-116,Stage2-1-0,0,1561,473,63587,15245,249420,0,0
1784664494488,unknown,VM-112,Stage3-3-0,0,0,0,0,0,0,0,0
1784664494599,unknown,VM-110,Stage2-2-0,0,0,0,0,0,0,0,0
1784664494608,unknown,VM-111,Stage3-0-0,0,0,0,0,0,0,0,0
1784664494635,unknown,VM-116,Stage2-1-0,0,0,0,0,0,0,0,0
1784664495488,unknown,VM-112,Stage3-3-0,0,0,0,0,0,0,0,0
1784664495599,unknown,VM-110,Stage2-2-0,0,0,0,0,0,0,0,0
1784664495608,unknown,VM-111,Stage3-0-0,0,0,0,0,0,0,0,0
1784664495635,unknown,VM-116,Stage2-1-0,0,0,0,0,0,0,0,0
1784664495622,unknown,VM-115,Stage1-2-0,0,0,0,0,0,0,0,0
1784664496488,unknown,VM-112,Stage3-3-0,0,0,0,0,0,0,0,0
1784664496599,unknown,VM-110,Stage2-2-0,0,0,0,0,0,0,0,0
1784664496608,unknown,VM-111,Stage3-0-0,0,0,0,0,0,0,0,0
1784664496621,unknown,VM-115,Stage1-2-0,0,0,0,0,0,0,0,0
1784664496635,unknown,VM-116,Stage2-1-0,0,0,0,0,0,0,0,0
1784664497488,unknown,VM-112,Stage3-3-0,0,0,0,0,0,0,0,0
1784664497599,unknown,VM-110,Stage2-2-0,0,0,0,0,0,0,0,0
1784664497608,unknown,VM-111,Stage3-0-0,0,0,0,0,0,0,0,0
1784664497621,unknown,VM-115,Stage1-2-0,0,0,0,0,0,0,0,0
1784664497635,unknown,VM-116,Stage2-1-0,0,0,0,0,0,0,0,0
1784664498488,unknown,VM-112,Stage3-3-0,0,0,0,0,0,0,0,0
1784664498599,unknown,VM-110,Stage2-2-0,0,0,0,0,0,0,0,0
1784664498608,unknown,VM-111,Stage3-0-0,0,0,0,0,0,0,0,0
1784664498621,unknown,VM-115,Stage1-2-0,0,48021,47074,460597,428954,5482892,0,0
1784664498635,unknown,VM-116,Stage2-1-0,0,0,0,0,0,0,0,0
1784664499488,unknown,VM-112,Stage3-3-0,0,0,0,0,0,0,0,0
1784664499599,unknown,VM-110,Stage2-2-0,0,0,0,0,0,0,0,0
1784664499608,unknown,VM-111,Stage3-0-0,0,0,0,0,0,0,0,0
1784664499621,unknown,VM-115,Stage1-2-0,0,86307,84613,380795,473582,9874776,0,0
1784664499635,unknown,VM-116,Stage2-1-0,0,0,0,0,0,0,0,0
1784664500488,unknown,VM-112,Stage3-3-0,0,0,0,0,0,0,0,0
1784664500599,unknown,VM-110,Stage2-2-0,0,0,0,0,0,0,0,0
1784664500608,unknown,VM-111,Stage3-0-0,0,0,0,0,0,0,0,0
1784664500621,unknown,VM-115,Stage1-2-0,0,171068,167429,228790,524972,19556777,0,0
1784664500635,unknown,VM-116,Stage2-1-0,0,0,0,0,0,0,0,0
1784664501488,unknown,VM-112,Stage3-3-0,0,0,0,0,0,0,0,0
1784664501599,unknown,VM-110,Stage2-2-0,0,0,0,0,0,0,0,0
1784664501608,unknown,VM-111,Stage3-0-0,0,0,0,0,0,0,0,0
1784664501621,unknown,VM-115,Stage1-2-0,0,256087,251070,109888,498790,29267867,0,0
1784664501635,unknown,VM-116,Stage2-1-0,0,0,0,0,0,0,0,0
1784664502488,unknown,VM-112,Stage3-3-0,0,0,0,0,0,0,0,0
1784664502599,unknown,VM-110,Stage2-2-0,0,0,0,0,0,0,0,0
1784664502608,unknown,VM-111,Stage3-0-0,0,0,0,0,0,0,0,0
1784664502621,unknown,VM-115,Stage1-2-0,0,430327,421547,185458,196497,49196942,0,0
1784664502635,unknown,VM-116,Stage2-1-0,0,0,0,0,0,0,0,0
1784664503488,unknown,VM-112,Stage3-3-0,0,0,0,0,0,0,0,0
1784664503599,unknown,VM-110,Stage2-2-0,0,0,0,0,0,0,0,0
1784664503608,unknown,VM-111,Stage3-0-0,0,0,0,0,0,0,0,0
1784664503621,unknown,VM-115,Stage1-2-0,0,183796,180104,301541,63639,21015211,0,0
1784664503635,unknown,VM-116,Stage2-1-0,0,0,0,0,0,0,0,0
1784664504488,unknown,VM-112,Stage3-3-0,0,0,0,0,0,0,0,0
1784664504599,unknown,VM-110,Stage2-2-0,0,0,0,0,0,0,0,0
1784664504608,unknown,VM-111,Stage3-0-0,0,0,0,0,0,0,0,0
1784664504635,unknown,VM-116,Stage2-1-0,0,0,0,0,0,0,0,0
1784664504764,unknown,VM-115,Stage1-2-0,0,70511,69085,75826,55681,8056650,0,0
1784664505488,unknown,VM-112,Stage3-3-0,0,0,0,0,0,0,0,0
1784664505599,unknown,VM-110,Stage2-2-0,0,0,0,0,0,0,0,0
1784664505608,unknown,VM-111,Stage3-0-0,0,0,0,0,0,0,0,0
1784664505621,unknown,VM-115,Stage1-2-0,0,41383,40564,63909,225713,4730574,0,0
1784664505635,unknown,VM-116,Stage2-1-0,0,0,0,0,0,0,0,0
1784664506488,unknown,VM-112,Stage3-3-0,0,0,0,0,0,0,0,0
1784664506599,unknown,VM-110,Stage2-2-0,0,0,0,0,0,0,0,0
1784664506608,unknown,VM-111,Stage3-0-0,0,0,0,0,0,0,0,0
1784664506621,unknown,VM-115,Stage1-2-0,0,74613,73100,140089,85214,8519046,0,0
1784664506635,unknown,VM-116,Stage2-1-0,0,0,0,0,0,0,0,0
1784664507488,unknown,VM-112,Stage3-3-0,0,0,0,0,0,0,0,0
1784664507599,unknown,VM-110,Stage2-2-0,0,0,0,0,0,0,0,0
1784664507608,unknown,VM-111,Stage3-0-0,0,0,0,0,0,0,0,0
1784664507635,unknown,VM-116,Stage2-1-0,0,0,0,0,0,0,0,0
1784664507782,unknown,VM-115,Stage1-2-0,0,51136,50158,78015,45900,5836379,0,0
1784664508488,unknown,VM-112,Stage3-3-0,0,0,0,0,0,0,0,0
1784664508599,unknown,VM-110,Stage2-2-0,0,0,0,0,0,0,0,0
1784664508608,unknown,VM-111,Stage3-0-0,0,0,0,0,0,0,0,0
1784664508621,unknown,VM-115,Stage1-2-0,0,62437,61182,76872,214072,7142722,0,0
1784664508635,unknown,VM-116,Stage2-1-0,0,0,0,0,0,0,0,0
1784664509488,unknown,VM-112,Stage3-3-0,0,0,0,0,0,0,0,0
1784664509599,unknown,VM-110,Stage2-2-0,0,0,0,0,0,0,0,0
1784664509608,unknown,VM-111,Stage3-0-0,0,0,0,0,0,0,0,0
1784664509621,unknown,VM-115,Stage1-2-0,0,56371,55243,88574,43133,6441907,0,0
1784664509635,unknown,VM-116,Stage2-1-0,0,0,0,0,0,0,0,0
1784664510488,unknown,VM-112,Stage3-3-0,0,0,0,0,0,0,0,0
1784664510599,unknown,VM-110,Stage2-2-0,0,0,0,0,0,0,0,0
1784664510608,unknown,VM-111,Stage3-0-0,0,0,0,0,0,0,0,0
1784664510621,unknown,VM-115,Stage1-2-0,0,47843,46899,82279,48007,5463030,0,0
1784664510635,unknown,VM-116,Stage2-1-0,0,0,0,0,0,0,0,0
1784664511488,unknown,VM-112,Stage3-3-0,0,0,0,0,0,0,0,0
1784664511599,unknown,VM-110,Stage2-2-0,0,0,0,0,0,0,0,0
1784664511608,unknown,VM-111,Stage3-0-0,0,0,0,0,0,0,0,0
1784664511621,unknown,VM-115,Stage1-2-0,0,63430,62139,249557,50025,7260954,0,0
1784664511635,unknown,VM-116,Stage2-1-0,0,0,0,0,0,0,0,0
1784664512488,unknown,VM-112,Stage3-3-0,0,0,0,0,0,0,0,0
1784664512599,unknown,VM-110,Stage2-2-0,0,0,0,0,0,0,0,0
1784664512608,unknown,VM-111,Stage3-0-0,0,0,0,0,0,0,0,0
1784664512621,unknown,VM-115,Stage1-2-0,0,58682,57504,84904,55131,6711965,0,0
1784664512635,unknown,VM-116,Stage2-1-0,0,0,0,0,0,0,0,0
1784664513488,unknown,VM-112,Stage3-3-0,0,0,0,0,0,0,0,0
1784664513599,unknown,VM-110,Stage2-2-0,0,0,0,0,0,0,0,0
1784664513608,unknown,VM-111,Stage3-0-0,0,0,0,0,0,0,0,0
1784664513635,unknown,VM-116,Stage2-1-0,0,0,0,0,0,0,0,0
1784664513775,unknown,VM-115,Stage1-2-0,0,45722,44762,72632,68569,5210632,0,0
1784664514488,unknown,VM-112,Stage3-3-0,0,0,0,0,0,0,0,0
1784664514599,unknown,VM-110,Stage2-2-0,0,0,0,0,0,0,0,0
1784664514608,unknown,VM-111,Stage3-0-0,0,0,0,0,0,0,0,0
1784664514621,unknown,VM-115,Stage1-2-0,0,68111,66729,85940,216213,7769451,0,0
1784664514635,unknown,VM-116,Stage2-1-0,0,0,0,0,0,0,0,0
1784664515488,unknown,VM-112,Stage3-3-0,0,0,0,0,0,0,0,0
1784664515599,unknown,VM-110,Stage2-2-0,0,0,0,0,0,0,0,0
1784664515608,unknown,VM-111,Stage3-0-0,0,0,0,0,0,0,0,0
1784664515621,unknown,VM-115,Stage1-2-0,0,53957,52944,80322,41560,6172139,0,0
1784664515635,unknown,VM-116,Stage2-1-0,0,0,0,0,0,0,0,0
1784664516488,unknown,VM-112,Stage3-3-0,0,0,0,0,0,0,0,0
1784664516599,unknown,VM-110,Stage2-2-0,0,0,0,0,0,0,0,0
1784664516608,unknown,VM-111,Stage3-0-0,0,0,0,0,0,0,0,0
1784664516635,unknown,VM-116,Stage2-1-0,0,0,0,0,0,0,0,0
1784664516774,unknown,VM-115,Stage1-2-0,0,45843,44947,77289,55764,5253803,0,0
1784664517488,unknown,VM-112,Stage3-3-0,0,0,0,0,0,0,0,0
1784664517599,unknown,VM-110,Stage2-2-0,0,0,0,0,0,0,0,0
1784664517608,unknown,VM-111,Stage3-0-0,0,0,0,0,0,0,0,0
1784664517621,unknown,VM-115,Stage1-2-0,0,59855,58632,85138,214223,6827139,0,0
1784664517635,unknown,VM-116,Stage2-1-0,0,0,0,0,0,0,0,0
1784664518488,unknown,VM-112,Stage3-3-0,0,0,0,0,0,0,0,0
1784664518599,unknown,VM-110,Stage2-2-0,0,0,0,0,0,0,0,0
1784664518608,unknown,VM-111,Stage3-0-0,0,0,0,0,0,0,0,0
1784664518621,unknown,VM-115,Stage1-2-0,0,47909,46932,81625,44660,5488437,0,0
1784664518635,unknown,VM-116,Stage2-1-0,0,0,0,0,0,0,0,0
1784664519488,unknown,VM-112,Stage3-3-0,0,0,0,0,0,0,0,0
1784664519599,unknown,VM-110,Stage2-2-0,0,0,0,0,0,0,0,0
1784664519608,unknown,VM-111,Stage3-0-0,0,0,0,0,0,0,0,0
1784664519621,unknown,VM-115,Stage1-2-0,0,52577,51535,78432,52141,6003411,0,0
1784664519635,unknown,VM-116,Stage2-1-0,0,0,0,0,0,0,0,0
1784664520488,unknown,VM-112,Stage3-3-0,0,0,0,0,0,0,0,0
1784664520599,unknown,VM-110,Stage2-2-0,0,0,0,0,0,0,0,0
1784664520608,unknown,VM-111,Stage3-0-0,0,0,0,0,0,0,0,0
1784664520635,unknown,VM-116,Stage2-1-0,0,0,0,0,0,0,0,0
1784664520662,unknown,VM-115,Stage1-2-0,0,7095,6963,22213,12711,814994,0,0
1784664521488,unknown,VM-112,Stage3-3-0,0,0,0,0,0,0,0,0
1784664521599,unknown,VM-110,Stage2-2-0,0,0,0,0,0,0,0,0
1784664521608,unknown,VM-111,Stage3-0-0,0,0,0,0,0,0,0,0
1784664521621,unknown,VM-115,Stage1-2-0,0,96010,94064,290709,45562,10968312,0,0
1784664521635,unknown,VM-116,Stage2-1-0,0,0,0,0,0,0,0,0
1784664522488,unknown,VM-112,Stage3-3-0,0,0,0,0,0,0,0,0
1784664522599,unknown,VM-110,Stage2-2-0,0,0,0,0,0,0,0,0
1784664522608,unknown,VM-111,Stage3-0-0,0,0,0,0,0,0,0,0
1784664522621,unknown,VM-115,Stage1-2-0,0,49591,48635,79726,45510,5676007,0,0
1784664522635,unknown,VM-116,Stage2-1-0,0,0,0,0,0,0,0,0
1784664523488,unknown,VM-112,Stage3-3-0,0,0,0,0,0,0,0,0
1784664523599,unknown,VM-110,Stage2-2-0,0,0,0,0,0,0,0,0
1784664523608,unknown,VM-111,Stage3-0-0,0,0,0,0,0,0,0,0
1784664523635,unknown,VM-116,Stage2-1-0,0,0,0,0,0,0,0,0
1784664523712,unknown,VM-115,Stage1-2-0,0,21107,20688,46895,33266,2419966,0,0
1784664524488,unknown,VM-112,Stage3-3-0,0,0,0,0,0,0,0,0
1784664524599,unknown,VM-110,Stage2-2-0,0,0,0,0,0,0,0,0
1784664524608,unknown,VM-111,Stage3-0-0,0,0,0,0,0,0,0,0
1784664524621,unknown,VM-115,Stage1-2-0,0,81246,79651,77173,237680,9287262,0,0
1784664524635,unknown,VM-116,Stage2-1-0,0,0,0,0,0,0,0,0
1784664525488,unknown,VM-112,Stage3-3-0,0,0,0,0,0,0,0,0
1784664525599,unknown,VM-110,Stage2-2-0,0,0,0,0,0,0,0,0
1784664525608,unknown,VM-111,Stage3-0-0,0,0,0,0,0,0,0,0
1784664525621,unknown,VM-115,Stage1-2-0,0,50804,49800,81098,41282,5799657,0,0
1784664525635,unknown,VM-116,Stage2-1-0,0,0,0,0,0,0,0,0
1784664526488,unknown,VM-112,Stage3-3-0,0,0,0,0,0,0,0,0
1784664526599,unknown,VM-110,Stage2-2-0,0,0,0,0,0,0,0,0
1784664526608,unknown,VM-111,Stage3-0-0,0,0,0,0,0,0,0,0
1784664526635,unknown,VM-116,Stage2-1-0,0,0,0,0,0,0,0,0
1784664526911,unknown,VM-115,Stage1-2-0,0,37162,36467,104868,55052,4260395,0,0
1784664527488,unknown,VM-112,Stage3-3-0,0,0,0,0,0,0,0,0
1784664527599,unknown,VM-110,Stage2-2-0,0,0,0,0,0,0,0,0
1784664527608,unknown,VM-111,Stage3-0-0,0,0,0,0,0,0,0,0
1784664527621,unknown,VM-115,Stage1-2-0,0,61156,59944,400497,39292,6977593,0,0
1784664527635,unknown,VM-116,Stage2-1-0,0,0,0,0,0,0,0,0
1784664528488,unknown,VM-112,Stage3-3-0,0,0,0,0,0,0,0,0
1784664528599,unknown,VM-110,Stage2-2-0,0,0,0,0,0,0,0,0
1784664528608,unknown,VM-111,Stage3-0-0,0,0,0,0,0,0,0,0
1784664528621,unknown,VM-115,Stage1-2-0,0,48698,47696,69838,44321,5568813,0,0
1784664528635,unknown,VM-116,Stage2-1-0,0,0,0,0,0,0,0,0
1784664529488,unknown,VM-112,Stage3-3-0,0,0,0,0,0,0,0,0
1784664529599,unknown,VM-110,Stage2-2-0,0,0,0,0,0,0,0,0
1784664529608,unknown,VM-111,Stage3-0-0,0,0,0,0,0,0,0,0
1784664529621,unknown,VM-115,Stage1-2-0,0,52225,51188,89849,39296,5971887,0,0
1784664529635,unknown,VM-116,Stage2-1-0,0,0,0,0,0,0,0,0
1784664530488,unknown,VM-112,Stage3-3-0,0,0,0,0,0,0,0,0
1784664530599,unknown,VM-110,Stage2-2-0,0,0,0,0,0,0,0,0
1784664530608,unknown,VM-111,Stage3-0-0,0,0,0,0,0,0,0,0
1784664530635,unknown,VM-116,Stage2-1-0,0,0,0,0,0,0,0,0
1784664530666,unknown,VM-115,Stage1-2-0,0,2936,2875,33711,9289,337702,0,0
1784664531488,unknown,VM-112,Stage3-3-0,0,0,0,0,0,0,0,0
1784664531599,unknown,VM-110,Stage2-2-0,0,0,0,0,0,0,0,0
1784664531608,unknown,VM-111,Stage3-0-0,0,0,0,0,0,0,0,0
1784664531621,unknown,VM-115,Stage1-2-0,0,96915,94991,82042,253650,11081837,0,0
1784664531635,unknown,VM-116,Stage2-1-0,0,0,0,0,0,0,0,0
1784664532488,unknown,VM-112,Stage3-3-0,0,0,0,0,0,0,0,0
1784664532599,unknown,VM-110,Stage2-2-0,0,0,0,0,0,0,0,0
1784664532608,unknown,VM-111,Stage3-0-0,0,0,0,0,0,0,0,0
1784664532621,unknown,VM-115,Stage1-2-0,0,49391,48403,72220,54644,5641500,0,0
1784664532635,unknown,VM-116,Stage2-1-0,0,0,0,0,0,0,0,0
1784664533488,unknown,VM-112,Stage3-3-0,0,0,0,0,0,0,0,0
1784664533599,unknown,VM-110,Stage2-2-0,0,0,0,0,0,0,0,0
1784664533608,unknown,VM-111,Stage3-0-0,0,0,0,0,0,0,0,0
1784664533635,unknown,VM-116,Stage2-1-0,0,0,0,0,0,0,0,0
1784664533705,unknown,VM-115,Stage1-2-0,0,21354,20941,46255,34899,2436741,0,0
1784664534488,unknown,VM-112,Stage3-3-0,0,0,0,0,0,0,0,0
1784664534599,unknown,VM-110,Stage2-2-0,0,0,0,0,0,0,0,0
1784664534608,unknown,VM-111,Stage3-0-0,0,0,0,0,0,0,0,0
1784664534621,unknown,VM-115,Stage1-2-0,0,79839,78273,265768,50576,9136038,0,0
1784664534635,unknown,VM-116,Stage2-1-0,0,0,0,0,0,0,0,0
1784664535488,unknown,VM-112,Stage3-3-0,0,0,0,0,0,0,0,0
1784664535599,unknown,VM-110,Stage2-2-0,0,0,0,0,0,0,0,0
1784664535608,unknown,VM-111,Stage3-0-0,0,0,0,0,0,0,0,0
1784664535621,unknown,VM-115,Stage1-2-0,0,46319,45414,72752,45151,5289583,0,0
1784664535635,unknown,VM-116,Stage2-1-0,0,0,0,0,0,0,0,0
1784664536488,unknown,VM-112,Stage3-3-0,0,0,0,0,0,0,0,0
1784664536599,unknown,VM-110,Stage2-2-0,0,0,0,0,0,0,0,0
1784664536608,unknown,VM-111,Stage3-0-0,0,0,0,0,0,0,0,0
1784664536635,unknown,VM-116,Stage2-1-0,0,0,0,0,0,0,0,0
1784664536745,unknown,VM-115,Stage1-2-0,0,42939,42072,65422,42854,4900602,0,0
1784664537488,unknown,VM-112,Stage3-3-0,0,0,0,0,0,0,0,0
1784664537599,unknown,VM-110,Stage2-2-0,0,0,0,0,0,0,0,0
1784664537608,unknown,VM-111,Stage3-0-0,0,0,0,0,0,0,0,0
1784664537621,unknown,VM-115,Stage1-2-0,0,40478,39661,270031,51758,4612927,0,0
1784664537635,unknown,VM-116,Stage2-1-0,0,0,0,0,0,0,0,0
1784664538488,unknown,VM-112,Stage3-3-0,0,0,0,0,0,0,0,0
1784664538599,unknown,VM-110,Stage2-2-0,0,0,0,0,0,0,0,0
1784664538608,unknown,VM-111,Stage3-0-0,0,0,0,0,0,0,0,0
1784664538621,unknown,VM-115,Stage1-2-0,0,67606,66221,106533,43092,7726108,0,0
1784664538635,unknown,VM-116,Stage2-1-0,0,0,0,0,0,0,0,0
1784664539488,unknown,VM-112,Stage3-3-0,0,0,0,0,0,0,0,0
1784664539599,unknown,VM-110,Stage2-2-0,0,0,0,0,0,0,0,0
1784664539608,unknown,VM-111,Stage3-0-0,0,0,0,0,0,0,0,0
1784664539621,unknown,VM-115,Stage1-2-0,0,51541,50533,75092,45187,5880529,0,0
1784664539635,unknown,VM-116,Stage2-1-0,0,0,0,0,0,0,0,0
1784664540488,unknown,VM-112,Stage3-3-0,0,0,0,0,0,0,0,0
1784664540599,unknown,VM-110,Stage2-2-0,0,0,0,0,0,0,0,0
1784664540608,unknown,VM-111,Stage3-0-0,0,0,0,0,0,0,0,0
1784664540635,unknown,VM-116,Stage2-1-0,0,0,0,0,0,0,0,0
1784664540672,unknown,VM-115,Stage1-2-0,0,8260,8090,24469,16668,944075,0,0
1784664541488,unknown,VM-112,Stage3-3-0,0,0,0,0,0,0,0,0
1784664541599,unknown,VM-110,Stage2-2-0,0,0,0,0,0,0,0,0
1784664541608,unknown,VM-111,Stage3-0-0,0,0,0,0,0,0,0,0
1784664541621,unknown,VM-115,Stage1-2-0,0,90704,88832,94449,279499,10359709,0,0
1784664541635,unknown,VM-116,Stage2-1-0,0,0,0,0,0,0,0,0
1784664542488,unknown,VM-112,Stage3-3-0,0,0,0,0,0,0,0,0
1784664542599,unknown,VM-110,Stage2-2-0,0,0,0,0,0,0,0,0
1784664542608,unknown,VM-111,Stage3-0-0,0,0,0,0,0,0,0,0
1784664542621,unknown,VM-115,Stage1-2-0,0,50195,49161,73821,47045,5737861,0,0
1784664542635,unknown,VM-116,Stage2-1-0,0,0,0,0,0,0,0,0
1784664543488,unknown,VM-112,Stage3-3-0,0,0,0,0,0,0,0,0
1784664543599,unknown,VM-110,Stage2-2-0,0,0,0,0,0,0,0,0
1784664543608,unknown,VM-111,Stage3-0-0,0,0,0,0,0,0,0,0
1784664543635,unknown,VM-116,Stage2-1-0,0,0,0,0,0,0,0,0
1784664543724,unknown,VM-115,Stage1-2-0,0,26829,26293,55336,40204,3080417,0,0
1784664544488,unknown,VM-112,Stage3-3-0,0,0,0,0,0,0,0,0
1784664544599,unknown,VM-110,Stage2-2-0,0,0,0,0,0,0,0,0
1784664544608,unknown,VM-111,Stage3-0-0,0,0,0,0,0,0,0,0
1784664544621,unknown,VM-115,Stage1-2-0,0,72862,71373,73763,230817,8340759,0,0
1784664544635,unknown,VM-116,Stage2-1-0,0,0,0,0,0,0,0,0
1784664545488,unknown,VM-112,Stage3-3-0,0,0,0,0,0,0,0,0
1784664545599,unknown,VM-110,Stage2-2-0,0,0,0,0,0,0,0,0
1784664545608,unknown,VM-111,Stage3-0-0,0,0,0,0,0,0,0,0
1784664545621,unknown,VM-115,Stage1-2-0,0,48837,47865,74366,47819,5580691,0,0
1784664545635,unknown,VM-116,Stage2-1-0,0,0,0,0,0,0,0,0
1784664546488,unknown,VM-112,Stage3-3-0,0,0,0,0,0,0,0,0
1784664546599,unknown,VM-110,Stage2-2-0,0,0,0,0,0,0,0,0
1784664546608,unknown,VM-111,Stage3-0-0,0,0,0,0,0,0,0,0
1784664546635,unknown,VM-116,Stage2-1-0,0,0,0,0,0,0,0,0
1784664547488,unknown,VM-112,Stage3-3-0,0,0,0,0,0,0,0,0
1784664547599,unknown,VM-110,Stage2-2-0,0,0,0,0,0,0,0,0
1784664547608,unknown,VM-111,Stage3-0-0,0,0,0,0,0,0,0,0
1784664547635,unknown,VM-116,Stage2-1-0,0,0,0,0,0,0,0,0
1784664548488,unknown,VM-112,Stage3-3-0,0,0,0,0,0,0,0,0
1784664548599,unknown,VM-110,Stage2-2-0,0,0,0,0,0,0,0,0
1784664548608,unknown,VM-111,Stage3-0-0,0,0,0,0,0,0,0,0
1784664548635,unknown,VM-116,Stage2-1-0,0,0,0,0,0,0,0,0
1784664548978,unknown,VM-115,Stage1-2-0,0,47457,46468,71581,46244,5423100,0,0
1784664548978,unknown,VM-115,Stage1-2-0,0,0,0,0,0,0,0,0
1784664548978,unknown,VM-115,Stage1-2-0,0,0,0,0,0,0,0,0
1784664549488,unknown,VM-112,Stage3-3-0,0,0,0,0,0,0,0,0
1784664549599,unknown,VM-110,Stage2-2-0,0,0,0,0,0,0,0,0
1784664549608,unknown,VM-111,Stage3-0-0,0,0,0,0,0,0,0,0
1784664549621,unknown,VM-115,Stage1-2-0,0,152587,149535,84232,2441558,17430112,0,0
1784664549635,unknown,VM-116,Stage2-1-0,0,0,0,0,0,0,0,0
1784664550488,unknown,VM-112,Stage3-3-0,0,0,0,0,0,0,0,0
1784664550599,unknown,VM-110,Stage2-2-0,0,0,0,0,0,0,0,0
1784664550608,unknown,VM-111,Stage3-0-0,0,0,0,0,0,0,0,0
1784664550621,unknown,VM-115,Stage1-2-0,0,51232,50199,85867,39317,5862000,0,0
1784664550635,unknown,VM-116,Stage2-1-0,0,0,0,0,0,0,0,0
1784664551488,unknown,VM-112,Stage3-3-0,0,0,0,0,0,0,0,0
1784664551599,unknown,VM-110,Stage2-2-0,0,0,0,0,0,0,0,0
1784664551608,unknown,VM-111,Stage3-0-0,0,0,0,0,0,0,0,0
1784664551621,unknown,VM-115,Stage1-2-0,0,47082,46136,115351,77159,5367395,0,0
1784664551635,unknown,VM-116,Stage2-1-0,0,0,0,0,0,0,0,0
1784664552488,unknown,VM-112,Stage3-3-0,0,0,0,0,0,0,0,0
1784664552599,unknown,VM-110,Stage2-2-0,0,0,0,0,0,0,0,0
1784664552608,unknown,VM-111,Stage3-0-0,0,0,0,0,0,0,0,0
1784664552635,unknown,VM-116,Stage2-1-0,0,0,0,0,0,0,0,0
1784664552763,unknown,VM-115,Stage1-2-0,0,27444,26952,63109,72806,3126215,0,0
1784664553488,unknown,VM-112,Stage3-3-0,0,0,0,0,0,0,0,0
1784664553599,unknown,VM-110,Stage2-2-0,0,0,0,0,0,0,0,0
1784664553608,unknown,VM-111,Stage3-0-0,0,0,0,0,0,0,0,0
1784664553621,unknown,VM-115,Stage1-2-0,0,75277,73769,77195,268933,8614896,0,0
1784664553635,unknown,VM-116,Stage2-1-0,0,0,0,0,0,0,0,0
1784664554488,unknown,VM-112,Stage3-3-0,0,0,0,0,0,0,0,0
1784664554599,unknown,VM-110,Stage2-2-0,0,0,0,0,0,0,0,0
1784664554608,unknown,VM-111,Stage3-0-0,0,0,0,0,0,0,0,0
1784664554621,unknown,VM-115,Stage1-2-0,0,49442,48459,73156,52046,5646710,0,0
1784664554635,unknown,VM-116,Stage2-1-0,0,0,0,0,0,0,0,0
1784664555488,unknown,VM-112,Stage3-3-0,0,0,0,0,0,0,0,0
1784664555599,unknown,VM-110,Stage2-2-0,0,0,0,0,0,0,0,0
1784664555608,unknown,VM-111,Stage3-0-0,0,0,0,0,0,0,0,0
1784664555621,unknown,VM-115,Stage1-2-0,0,51263,50230,84758,43729,5860904,0,0
1784664555635,unknown,VM-116,Stage2-1-0,0,0,0,0,0,0,0,0
1784664556488,unknown,VM-112,Stage3-3-0,0,0,0,0,0,0,0,0
1784664556599,unknown,VM-110,Stage2-2-0,0,0,0,0,0,0,0,0
1784664556608,unknown,VM-111,Stage3-0-0,0,0,0,0,0,0,0,0
1784664556621,unknown,VM-115,Stage1-2-0,0,49945,48953,90244,44212,5723634,0,0
1784664556635,unknown,VM-116,Stage2-1-0,0,0,0,0,0,0,0,0
1784664557488,unknown,VM-112,Stage3-3-0,0,0,0,0,0,0,0,0
1784664557599,unknown,VM-110,Stage2-2-0,0,0,0,0,0,0,0,0
1784664557608,unknown,VM-111,Stage3-0-0,0,0,0,0,0,0,0,0
1784664557621,unknown,VM-115,Stage1-2-0,0,49031,48033,80737,45658,5619666,0,0
1784664557635,unknown,VM-116,Stage2-1-0,0,0,0,0,0,0,0,0
1784664558488,unknown,VM-112,Stage3-3-0,0,0,0,0,0,0,0,0
1784664558599,unknown,VM-110,Stage2-2-0,0,0,0,0,0,0,0,0
1784664558608,unknown,VM-111,Stage3-0-0,0,0,0,0,0,0,0,0
1784664558635,unknown,VM-116,Stage2-1-0,0,0,0,0,0,0,0,0
1784664558795,unknown,VM-115,Stage1-2-0,0,4485,4392,16695,11213,513795,0,0
1784664559488,unknown,VM-112,Stage3-3-0,0,0,0,0,0,0,0,0
1784664559599,unknown,VM-110,Stage2-2-0,0,0,0,0,0,0,0,0
1784664559608,unknown,VM-111,Stage3-0-0,0,0,0,0,0,0,0,0
1784664559621,unknown,VM-115,Stage1-2-0,0,95568,93639,72783,402980,10933979,0,0
1784664559635,unknown,VM-116,Stage2-1-0,0,0,0,0,0,0,0,0
1784664560488,unknown,VM-112,Stage3-3-0,0,0,0,0,0,0,0,0
1784664560599,unknown,VM-110,Stage2-2-0,0,0,0,0,0,0,0,0
1784664560608,unknown,VM-111,Stage3-0-0,0,0,0,0,0,0,0,0
1784664560621,unknown,VM-115,Stage1-2-0,0,50840,49825,88897,52454,5807755,0,0
1784664560635,unknown,VM-116,Stage2-1-0,0,0,0,0,0,0,0,0
1784664561488,unknown,VM-112,Stage3-3-0,0,0,0,0,0,0,0,0
1784664561599,unknown,VM-110,Stage2-2-0,0,0,0,0,0,0,0,0
1784664561608,unknown,VM-111,Stage3-0-0,0,0,0,0,0,0,0,0
1784664561621,unknown,VM-115,Stage1-2-0,0,48452,47509,75543,43158,5529708,0,0
1784664561635,unknown,VM-116,Stage2-1-0,0,0,0,0,0,0,0,0
1784664562488,unknown,VM-112,Stage3-3-0,0,0,0,0,0,0,0,0
1784664562599,unknown,VM-110,Stage2-2-0,0,0,0,0,0,0,0,0
1784664562608,unknown,VM-111,Stage3-0-0,0,0,0,0,0,0,0,0
1784664562621,unknown,VM-115,Stage1-2-0,0,52508,51496,74040,50219,5994679,0,0
1784664562635,unknown,VM-116,Stage2-1-0,0,0,0,0,0,0,0,0
1784664563488,unknown,VM-112,Stage3-3-0,0,0,0,0,0,0,0,0
1784664563599,unknown,VM-110,Stage2-2-0,0,0,0,0,0,0,0,0
1784664563608,unknown,VM-111,Stage3-0-0,0,0,0,0,0,0,0,0
1784664563635,unknown,VM-116,Stage2-1-0,0,0,0,0,0,0,0,0
1784664563789,unknown,VM-115,Stage1-2-0,0,31838,31204,57067,42674,3642105,0,0
1784664564488,unknown,VM-112,Stage3-3-0,0,0,0,0,0,0,0,0
1784664564599,unknown,VM-110,Stage2-2-0,0,0,0,0,0,0,0,0
1784664564608,unknown,VM-111,Stage3-0-0,0,0,0,0,0,0,0,0
1784664564621,unknown,VM-115,Stage1-2-0,0,67932,66504,71265,326778,7763761,0,0
1784664564635,unknown,VM-116,Stage2-1-0,0,0,0,0,0,0,0,0
1784664565488,unknown,VM-112,Stage3-3-0,0,0,0,0,0,0,0,0
1784664565599,unknown,VM-110,Stage2-2-0,0,0,0,0,0,0,0,0
1784664565608,unknown,VM-111,Stage3-0-0,0,0,0,0,0,0,0,0
1784664565621,unknown,VM-115,Stage1-2-0,0,48776,47823,74667,43261,5573093,0,0
1784664565635,unknown,VM-116,Stage2-1-0,0,0,0,0,0,0,0,0
1784664566488,unknown,VM-112,Stage3-3-0,0,0,0,0,0,0,0,0
1784664566599,unknown,VM-110,Stage2-2-0,0,0,0,0,0,0,0,0
1784664566608,unknown,VM-111,Stage3-0-0,0,0,0,0,0,0,0,0
1784664566621,unknown,VM-115,Stage1-2-0,0,26222,25688,64120,46081,2987529,0,0
1784664566635,unknown,VM-116,Stage2-1-0,0,0,0,0,0,0,0,0
1784664567488,unknown,VM-112,Stage3-3-0,0,0,0,0,0,0,0,0
1784664567599,unknown,VM-110,Stage2-2-0,0,0,0,0,0,0,0,0
1784664567608,unknown,VM-111,Stage3-0-0,0,0,0,0,0,0,0,0
1784664567621,unknown,VM-115,Stage1-2-0,0,72371,70960,95133,72255,8271614,0,0
1784664567635,unknown,VM-116,Stage2-1-0,0,0,0,0,0,0,0,0
1784664568488,unknown,VM-112,Stage3-3-0,0,0,0,0,0,0,0,0
1784664568599,unknown,VM-110,Stage2-2-0,0,0,0,0,0,0,0,0
1784664568608,unknown,VM-111,Stage3-0-0,0,0,0,0,0,0,0,0
1784664568621,unknown,VM-115,Stage1-2-0,0,52027,50994,74463,46431,5942438,0,0
1784664568635,unknown,VM-116,Stage2-1-0,0,0,0,0,0,0,0,0
1784664569488,unknown,VM-112,Stage3-3-0,0,0,0,0,0,0,0,0
1784664569599,unknown,VM-110,Stage2-2-0,0,0,0,0,0,0,0,0
1784664569608,unknown,VM-111,Stage3-0-0,0,0,0,0,0,0,0,0
1784664569635,unknown,VM-116,Stage2-1-0,0,0,0,0,0,0,0,0
1784664569793,unknown,VM-115,Stage1-2-0,0,11572,11344,33109,21407,1319507,0,0
1784664570488,unknown,VM-112,Stage3-3-0,0,0,0,0,0,0,0,0
1784664570599,unknown,VM-110,Stage2-2-0,0,0,0,0,0,0,0,0
1784664570608,unknown,VM-111,Stage3-0-0,0,0,0,0,0,0,0,0
1784664570621,unknown,VM-115,Stage1-2-0,0,87242,85487,93363,347347,9986112,0,0
1784664570635,unknown,VM-116,Stage2-1-0,0,0,0,0,0,0,0,0
1784664571488,unknown,VM-112,Stage3-3-0,0,0,0,0,0,0,0,0
1784664571599,unknown,VM-110,Stage2-2-0,0,0,0,0,0,0,0,0
1784664571608,unknown,VM-111,Stage3-0-0,0,0,0,0,0,0,0,0
1784664571621,unknown,VM-115,Stage1-2-0,0,50135,49155,72956,47316,5720647,0,0
1784664571635,unknown,VM-116,Stage2-1-0,0,0,0,0,0,0,0,0
1784664572488,unknown,VM-112,Stage3-3-0,0,0,0,0,0,0,0,0
1784664572599,unknown,VM-110,Stage2-2-0,0,0,0,0,0,0,0,0
1784664572608,unknown,VM-111,Stage3-0-0,0,0,0,0,0,0,0,0
1784664572621,unknown,VM-115,Stage1-2-0,0,50662,49671,76178,47398,5805186,0,0
1784664572635,unknown,VM-116,Stage2-1-0,0,0,0,0,0,0,0,0
1784664573488,unknown,VM-112,Stage3-3-0,0,0,0,0,0,0,0,0
1784664573599,unknown,VM-110,Stage2-2-0,0,0,0,0,0,0,0,0
1784664573608,unknown,VM-111,Stage3-0-0,0,0,0,0,0,0,0,0
1784664573621,unknown,VM-115,Stage1-2-0,0,45385,44447,68632,46344,5178641,0,0
1784664573635,unknown,VM-116,Stage2-1-0,0,0,0,0,0,0,0,0
1784664574488,unknown,VM-112,Stage3-3-0,0,0,0,0,0,0,0,0
1784664574599,unknown,VM-110,Stage2-2-0,0,0,0,0,0,0,0,0
1784664574608,unknown,VM-111,Stage3-0-0,0,0,0,0,0,0,0,0
1784664574635,unknown,VM-116,Stage2-1-0,0,0,0,0,0,0,0,0
1784664574870,unknown,VM-115,Stage1-2-0,0,47130,46234,72138,47690,5373291,0,0
1784664575488,unknown,VM-112,Stage3-3-0,0,0,0,0,0,0,0,0
1784664575599,unknown,VM-110,Stage2-2-0,0,0,0,0,0,0,0,0
1784664575608,unknown,VM-111,Stage3-0-0,0,0,0,0,0,0,0,0
1784664575621,unknown,VM-115,Stage1-2-0,0,57066,55908,73341,324304,6517363,0,0
1784664575635,unknown,VM-116,Stage2-1-0,0,0,0,0,0,0,0,0
1784664576488,unknown,VM-112,Stage3-3-0,0,0,0,0,0,0,0,0
1784664576599,unknown,VM-110,Stage2-2-0,0,0,0,0,0,0,0,0
1784664576608,unknown,VM-111,Stage3-0-0,0,0,0,0,0,0,0,0
1784664576621,unknown,VM-115,Stage1-2-0,0,49654,48643,74400,47502,5663175,0,0
1784664576635,unknown,VM-116,Stage2-1-0,0,0,0,0,0,0,0,0
1784664577488,unknown,VM-112,Stage3-3-0,0,0,0,0,0,0,0,0
1784664577599,unknown,VM-110,Stage2-2-0,0,0,0,0,0,0,0,0
1784664577608,unknown,VM-111,Stage3-0-0,0,0,0,0,0,0,0,0
1784664577621,unknown,VM-115,Stage1-2-0,0,51746,50686,72619,44369,5919801,0,0
1784664577635,unknown,VM-116,Stage2-1-0,0,0,0,0,0,0,0,0
1784664578488,unknown,VM-112,Stage3-3-0,0,0,0,0,0,0,0,0
1784664578599,unknown,VM-110,Stage2-2-0,0,0,0,0,0,0,0,0
1784664578608,unknown,VM-111,Stage3-0-0,0,0,0,0,0,0,0,0
1784664578621,unknown,VM-115,Stage1-2-0,0,47715,46763,72794,47824,5448210,0,0
1784664578635,unknown,VM-116,Stage2-1-0,0,0,0,0,0,0,0,0
1784664579488,unknown,VM-112,Stage3-3-0,0,0,0,0,0,0,0,0
1784664579599,unknown,VM-110,Stage2-2-0,0,0,0,0,0,0,0,0
1784664579608,unknown,VM-111,Stage3-0-0,0,0,0,0,0,0,0,0
1784664579621,unknown,VM-115,Stage1-2-0,0,53914,52813,76448,45803,6156631,0,0
1784664579635,unknown,VM-116,Stage2-1-0,0,0,0,0,0,0,0,0
1784664580488,unknown,VM-112,Stage3-3-0,0,0,0,0,0,0,0,0
1784664580599,unknown,VM-110,Stage2-2-0,0,0,0,0,0,0,0,0
1784664580608,unknown,VM-111,Stage3-0-0,0,0,0,0,0,0,0,0
1784664580635,unknown,VM-116,Stage2-1-0,0,0,0,0,0,0,0,0
1784664580801,unknown,VM-115,Stage1-2-0,0,16806,16449,39808,28154,1915347,0,0
1784664581488,unknown,VM-112,Stage3-3-0,0,0,0,0,0,0,0,0
1784664581599,unknown,VM-110,Stage2-2-0,0,0,0,0,0,0,0,0
1784664581608,unknown,VM-111,Stage3-0-0,0,0,0,0,0,0,0,0
1784664581621,unknown,VM-115,Stage1-2-0,0,81512,79896,76629,344587,9313627,0,0
1784664581635,unknown,VM-116,Stage2-1-0,0,0,0,0,0,0,0,0
1784664582488,unknown,VM-112,Stage3-3-0,0,0,0,0,0,0,0,0
1784664582599,unknown,VM-110,Stage2-2-0,0,0,0,0,0,0,0,0
1784664582608,unknown,VM-111,Stage3-0-0,0,0,0,0,0,0,0,0
1784664582621,unknown,VM-115,Stage1-2-0,0,47958,47017,71511,49084,5479550,0,0
1784664582635,unknown,VM-116,Stage2-1-0,0,0,0,0,0,0,0,0
1784664583488,unknown,VM-112,Stage3-3-0,0,0,0,0,0,0,0,0
1784664583599,unknown,VM-110,Stage2-2-0,0,0,0,0,0,0,0,0
1784664583608,unknown,VM-111,Stage3-0-0,0,0,0,0,0,0,0,0
1784664583621,unknown,VM-115,Stage1-2-0,0,50721,49744,76094,47079,5795254,0,0
1784664583635,unknown,VM-116,Stage2-1-0,0,0,0,0,0,0,0,0
1784664584488,unknown,VM-112,Stage3-3-0,0,0,0,0,0,0,0,0
1784664584599,unknown,VM-110,Stage2-2-0,0,0,0,0,0,0,0,0
1784664584608,unknown,VM-111,Stage3-0-0,0,0,0,0,0,0,0,0
1784664584621,unknown,VM-115,Stage1-2-0,0,51081,50092,74473,46767,5806994,0,0
1784664584635,unknown,VM-116,Stage2-1-0,0,0,0,0,0,0,0,0
1784664585488,unknown,VM-112,Stage3-3-0,0,0,0,0,0,0,0,0
1784664585599,unknown,VM-110,Stage2-2-0,0,0,0,0,0,0,0,0
1784664585608,unknown,VM-111,Stage3-0-0,0,0,0,0,0,0,0,0
1784664585635,unknown,VM-116,Stage2-1-0,0,0,0,0,0,0,0,0
1784664585956,unknown,VM-115,Stage1-2-0,0,49154,48194,73425,45185,5623652,0,0
1784664586488,unknown,VM-112,Stage3-3-0,0,0,0,0,0,0,0,0
1784664586599,unknown,VM-110,Stage2-2-0,0,0,0,0,0,0,0,0
1784664586608,unknown,VM-111,Stage3-0-0,0,0,0,0,0,0,0,0
1784664586621,unknown,VM-115,Stage1-2-0,0,49932,48957,72655,46055,5720503,0,0
1784664586635,unknown,VM-116,Stage2-1-0,0,0,0,0,0,0,0,0
1784664587488,unknown,VM-112,Stage3-3-0,0,0,0,0,0,0,0,0
1784664587599,unknown,VM-110,Stage2-2-0,0,0,0,0,0,0,0,0
1784664587608,unknown,VM-111,Stage3-0-0,0,0,0,0,0,0,0,0
1784664587621,unknown,VM-115,Stage1-2-0,0,49180,48192,74867,46238,5620220,0,0
1784664587635,unknown,VM-116,Stage2-1-0,0,0,0,0,0,0,0,0
1784664588488,unknown,VM-112,Stage3-3-0,0,0,0,0,0,0,0,0
1784664588599,unknown,VM-110,Stage2-2-0,0,0,0,0,0,0,0,0
1784664588608,unknown,VM-111,Stage3-0-0,0,0,0,0,0,0,0,0
1784664588621,unknown,VM-115,Stage1-2-0,0,51589,50523,84904,41028,5888852,0,0
1784664588635,unknown,VM-116,Stage2-1-0,0,0,0,0,0,0,0,0
1784664589488,unknown,VM-112,Stage3-3-0,0,0,0,0,0,0,0,0
1784664589599,unknown,VM-110,Stage2-2-0,0,0,0,0,0,0,0,0
1784664589608,unknown,VM-111,Stage3-0-0,0,0,0,0,0,0,0,0
1784664589621,unknown,VM-115,Stage1-2-0,0,48317,47355,75809,47946,5511025,0,0
1784664589635,unknown,VM-116,Stage2-1-0,0,0,0,0,0,0,0,0
1784664590488,unknown,VM-112,Stage3-3-0,0,0,0,0,0,0,0,0
1784664590599,unknown,VM-110,Stage2-2-0,0,0,0,0,0,0,0,0
1784664590608,unknown,VM-111,Stage3-0-0,0,0,0,0,0,0,0,0
1784664590621,unknown,VM-115,Stage1-2-0,0,51693,50689,77000,46749,5900757,0,0
1784664590635,unknown,VM-116,Stage2-1-0,0,0,0,0,0,0,0,0
1784664591488,unknown,VM-112,Stage3-3-0,0,0,0,0,0,0,0,0
1784664591599,unknown,VM-110,Stage2-2-0,0,0,0,0,0,0,0,0
1784664591608,unknown,VM-111,Stage3-0-0,0,0,0,0,0,0,0,0
1784664591635,unknown,VM-116,Stage2-1-0,0,0,0,0,0,0,0,0
1784664591819,unknown,VM-115,Stage1-2-0,0,27481,26943,49688,39845,3138703,0,0
1784664592488,unknown,VM-112,Stage3-3-0,0,0,0,0,0,0,0,0
1784664592599,unknown,VM-110,Stage2-2-0,0,0,0,0,0,0,0,0
1784664592608,unknown,VM-111,Stage3-0-0,0,0,0,0,0,0,0,0
1784664592621,unknown,VM-115,Stage1-2-0,0,71421,69985,69984,329232,8166666,0,0
1784664592635,unknown,VM-116,Stage2-1-0,0,0,0,0,0,0,0,0
1784664593488,unknown,VM-112,Stage3-3-0,0,0,0,0,0,0,0,0
1784664593599,unknown,VM-110,Stage2-2-0,0,0,0,0,0,0,0,0
1784664593608,unknown,VM-111,Stage3-0-0,0,0,0,0,0,0,0,0
1784664593621,unknown,VM-115,Stage1-2-0,0,49342,48388,81123,45348,5636416,0,0
1784664593635,unknown,VM-116,Stage2-1-0,0,0,0,0,0,0,0,0
1784664594488,unknown,VM-112,Stage3-3-0,0,0,0,0,0,0,0,0
1784664594599,unknown,VM-110,Stage2-2-0,0,0,0,0,0,0,0,0
1784664594608,unknown,VM-111,Stage3-0-0,0,0,0,0,0,0,0,0
1784664594621,unknown,VM-115,Stage1-2-0,0,50860,49846,72971,46346,5811570,0,0
1784664594635,unknown,VM-116,Stage2-1-0,0,0,0,0,0,0,0,0
1784664595488,unknown,VM-112,Stage3-3-0,0,0,0,0,0,0,0,0
1784664595599,unknown,VM-110,Stage2-2-0,0,0,0,0,0,0,0,0
1784664595608,unknown,VM-111,Stage3-0-0,0,0,0,0,0,0,0,0
1784664595621,unknown,VM-115,Stage1-2-0,0,50093,49119,85521,40675,5733605,0,0
1784664595635,unknown,VM-116,Stage2-1-0,0,0,0,0,0,0,0,0
1784664596488,unknown,VM-112,Stage3-3-0,0,0,0,0,0,0,0,0
1784664596599,unknown,VM-110,Stage2-2-0,0,0,0,0,0,0,0,0
1784664596608,unknown,VM-111,Stage3-0-0,0,0,0,0,0,0,0,0
1784664596621,unknown,VM-115,Stage1-2-0,0,49846,48851,72798,44036,5680278,0,0
1784664596635,unknown,VM-116,Stage2-1-0,0,0,0,0,0,0,0,0
1784664597488,unknown,VM-112,Stage3-3-0,0,0,0,0,0,0,0,0
1784664597599,unknown,VM-110,Stage2-2-0,0,0,0,0,0,0,0,0
1784664597608,unknown,VM-111,Stage3-0-0,0,0,0,0,0,0,0,0
1784664597635,unknown,VM-116,Stage2-1-0,0,0,0,0,0,0,0,0
1784664597783,unknown,VM-115,Stage1-2-0,0,8082,7910,24142,16688,930257,0,0
1784664598488,unknown,VM-112,Stage3-3-0,0,0,0,0,0,0,0,0
1784664598599,unknown,VM-110,Stage2-2-0,0,0,0,0,0,0,0,0
1784664598608,unknown,VM-111,Stage3-0-0,0,0,0,0,0,0,0,0
1784664598621,unknown,VM-115,Stage1-2-0,0,92991,91186,414593,47930,10617204,0,0
1784664598635,unknown,VM-116,Stage2-1-0,0,0,0,0,0,0,0,0
1784664599488,unknown,VM-112,Stage3-3-0,0,0,0,0,0,0,0,0
1784664599599,unknown,VM-110,Stage2-2-0,0,0,0,0,0,0,0,0
1784664599608,unknown,VM-111,Stage3-0-0,0,0,0,0,0,0,0,0
1784664599621,unknown,VM-115,Stage1-2-0,0,49284,48269,71536,47548,5626839,0,0
1784664599635,unknown,VM-116,Stage2-1-0,0,0,0,0,0,0,0,0
1784664600488,unknown,VM-112,Stage3-3-0,0,0,0,0,0,0,0,0
1784664600599,unknown,VM-110,Stage2-2-0,0,0,0,0,0,0,0,0
1784664600608,unknown,VM-111,Stage3-0-0,0,0,0,0,0,0,0,0
1784664600621,unknown,VM-115,Stage1-2-0,0,49546,48560,73707,46518,5673879,0,0
1784664600635,unknown,VM-116,Stage2-1-0,0,0,0,0,0,0,0,0
1784664601488,unknown,VM-112,Stage3-3-0,0,0,0,0,0,0,0,0
1784664601599,unknown,VM-110,Stage2-2-0,0,0,0,0,0,0,0,0
1784664601608,unknown,VM-111,Stage3-0-0,0,0,0,0,0,0,0,0
1784664601621,unknown,VM-115,Stage1-2-0,0,50839,49800,75064,49466,5810398,0,0
1784664601635,unknown,VM-116,Stage2-1-0,0,0,0,0,0,0,0,0
1784664602488,unknown,VM-112,Stage3-3-0,0,0,0,0,0,0,0,0
1784664602599,unknown,VM-110,Stage2-2-0,0,0,0,0,0,0,0,0
1784664602608,unknown,VM-111,Stage3-0-0,0,0,0,0,0,0,0,0
1784664602635,unknown,VM-116,Stage2-1-0,0,0,0,0,0,0,0,0
1784664603488,unknown,VM-112,Stage3-3-0,0,0,0,0,0,0,0,0
1784664603599,unknown,VM-110,Stage2-2-0,0,0,0,0,0,0,0,0
1784664603608,unknown,VM-111,Stage3-0-0,0,0,0,0,0,0,0,0
1784664603635,unknown,VM-116,Stage2-1-0,0,0,0,0,0,0,0,0
1784664604488,unknown,VM-112,Stage3-3-0,0,0,0,0,0,0,0,0
1784664604599,unknown,VM-110,Stage2-2-0,0,0,0,0,0,0,0,0
1784664604608,unknown,VM-111,Stage3-0-0,0,0,0,0,0,0,0,0
1784664604635,unknown,VM-116,Stage2-1-0,0,0,0,0,0,0,0,0
1784664605488,unknown,VM-112,Stage3-3-0,0,0,0,0,0,0,0,0
1784664605599,unknown,VM-110,Stage2-2-0,0,0,0,0,0,0,0,0
1784664605608,unknown,VM-111,Stage3-0-0,0,0,0,0,0,0,0,0
1784664605635,unknown,VM-116,Stage2-1-0,0,0,0,0,0,0,0,0
1784664606388,unknown,VM-115,Stage1-2-0,0,37173,36434,62227,43526,4254258,0,0
1784664606388,unknown,VM-115,Stage1-2-0,0,0,0,0,0,0,0,0
1784664606388,unknown,VM-115,Stage1-2-0,0,0,0,0,0,0,0,0
1784664606388,unknown,VM-115,Stage1-2-0,0,0,0,0,0,0,0,0
1784664606488,unknown,VM-112,Stage3-3-0,0,0,0,0,0,0,0,0
1784664606599,unknown,VM-110,Stage2-2-0,0,0,0,0,0,0,0,0
1784664606608,unknown,VM-111,Stage3-0-0,0,0,0,0,0,0,0,0
1784664606621,unknown,VM-115,Stage1-2-0,0,136865,134096,21000,3831168,15621923,0,0
1784664606635,unknown,VM-116,Stage2-1-0,0,0,0,0,0,0,0,0
1784664607488,unknown,VM-112,Stage3-3-0,0,0,0,0,0,0,0,0
1784664607599,unknown,VM-110,Stage2-2-0,0,0,0,0,0,0,0,0
1784664607608,unknown,VM-111,Stage3-0-0,0,0,0,0,0,0,0,0
1784664607621,unknown,VM-115,Stage1-2-0,0,124342,121855,77336,45714,14245061,0,0
1784664607635,unknown,VM-116,Stage2-1-0,0,0,0,0,0,0,0,0
1784664608488,unknown,VM-112,Stage3-3-0,0,0,0,0,0,0,0,0
1784664608599,unknown,VM-110,Stage2-2-0,0,0,0,0,0,0,0,0
1784664608608,unknown,VM-111,Stage3-0-0,0,0,0,0,0,0,0,0
1784664608621,unknown,VM-115,Stage1-2-0,0,42092,41270,64129,45090,4809183,0,0
1784664608635,unknown,VM-116,Stage2-1-0,0,0,0,0,0,0,0,0
1784664609488,unknown,VM-112,Stage3-3-0,0,0,0,0,0,0,0,0
1784664609599,unknown,VM-110,Stage2-2-0,0,0,0,0,0,0,0,0
1784664609608,unknown,VM-111,Stage3-0-0,0,0,0,0,0,0,0,0
1784664609621,unknown,VM-115,Stage1-2-0,0,35261,34557,86112,61077,4034217,0,0
1784664609635,unknown,VM-116,Stage2-1-0,0,0,0,0,0,0,0,0
1784664610488,unknown,VM-112,Stage3-3-0,0,0,0,0,0,0,0,0
1784664610599,unknown,VM-110,Stage2-2-0,0,0,0,0,0,0,0,0
1784664610608,unknown,VM-111,Stage3-0-0,0,0,0,0,0,0,0,0
1784664610621,unknown,VM-115,Stage1-2-0,0,58794,57642,101056,99125,6714098,0,0
1784664610635,unknown,VM-116,Stage2-1-0,0,0,0,0,0,0,0,0
1784664611488,unknown,VM-112,Stage3-3-0,0,0,0,0,0,0,0,0
1784664611599,unknown,VM-110,Stage2-2-0,0,0,0,0,0,0,0,0
1784664611608,unknown,VM-111,Stage3-0-0,0,0,0,0,0,0,0,0
1784664611635,unknown,VM-116,Stage2-1-0,0,0,0,0,0,0,0,0
1784664612488,unknown,VM-112,Stage3-3-0,0,0,0,0,0,0,0,0
1784664612560,unknown,VM-115,Stage1-2-0,0,38691,37915,87725,76905,4415486,0,0
1784664612599,unknown,VM-110,Stage2-2-0,0,0,0,0,0,0,0,0
1784664612608,unknown,VM-111,Stage3-0-0,0,0,0,0,0,0,0,0
1784664612621,unknown,VM-115,Stage1-2-0,0,39673,38885,986023,1193,4525981,0,0
1784664612635,unknown,VM-116,Stage2-1-0,0,0,0,0,0,0,0,0
1784664613488,unknown,VM-112,Stage3-3-0,0,0,0,0,0,0,0,0
1784664613599,unknown,VM-110,Stage2-2-0,0,0,0,0,0,0,0,0
1784664613608,unknown,VM-111,Stage3-0-0,0,0,0,0,0,0,0,0
1784664613621,unknown,VM-115,Stage1-2-0,0,85495,83768,72070,66526,9778521,0,0
1784664613635,unknown,VM-116,Stage2-1-0,0,0,0,0,0,0,0,0
1784664614488,unknown,VM-112,Stage3-3-0,0,0,0,0,0,0,0,0
1784664614599,unknown,VM-110,Stage2-2-0,0,0,0,0,0,0,0,0
1784664614608,unknown,VM-111,Stage3-0-0,0,0,0,0,0,0,0,0
1784664614621,unknown,VM-115,Stage1-2-0,0,12356,12099,35057,42016,1415914,0,0
1784664614635,unknown,VM-116,Stage2-1-0,0,0,0,0,0,0,0,0
1784664615488,unknown,VM-112,Stage3-3-0,0,0,0,0,0,0,0,0
1784664615599,unknown,VM-110,Stage2-2-0,0,0,0,0,0,0,0,0
1784664615608,unknown,VM-111,Stage3-0-0,0,0,0,0,0,0,0,0
1784664615621,unknown,VM-115,Stage1-2-0,0,86733,85014,111234,67853,9931719,0,0
1784664615635,unknown,VM-116,Stage2-1-0,0,0,0,0,0,0,0,0
1784664616488,unknown,VM-112,Stage3-3-0,0,0,0,0,0,0,0,0
1784664616599,unknown,VM-110,Stage2-2-0,0,0,0,0,0,0,0,0
1784664616608,unknown,VM-111,Stage3-0-0,0,0,0,0,0,0,0,0
1784664616621,unknown,VM-115,Stage1-2-0,0,52540,51505,75419,44910,6005092,0,0
1784664616635,unknown,VM-116,Stage2-1-0,0,0,0,0,0,0,0,0
1784664617488,unknown,VM-112,Stage3-3-0,0,0,0,0,0,0,0,0
1784664617599,unknown,VM-110,Stage2-2-0,0,0,0,0,0,0,0,0
1784664617608,unknown,VM-111,Stage3-0-0,0,0,0,0,0,0,0,0
1784664617621,unknown,VM-115,Stage1-2-0,0,48640,47651,72203,46261,5543917,0,0
1784664617635,unknown,VM-116,Stage2-1-0,0,0,0,0,0,0,0,0
1784664618488,unknown,VM-112,Stage3-3-0,0,0,0,0,0,0,0,0
1784664618599,unknown,VM-110,Stage2-2-0,0,0,0,0,0,0,0,0
1784664618608,unknown,VM-111,Stage3-0-0,0,0,0,0,0,0,0,0
1784664618621,unknown,VM-115,Stage1-2-0,0,50829,49837,71379,45825,5803576,0,0
1784664618635,unknown,VM-116,Stage2-1-0,0,0,0,0,0,0,0,0
1784664619488,unknown,VM-112,Stage3-3-0,0,0,0,0,0,0,0,0
1784664619599,unknown,VM-110,Stage2-2-0,0,0,0,0,0,0,0,0
1784664619608,unknown,VM-111,Stage3-0-0,0,0,0,0,0,0,0,0
1784664619621,unknown,VM-115,Stage1-2-0,0,48177,47198,72341,47802,5505004,0,0
1784664619635,unknown,VM-116,Stage2-1-0,0,0,0,0,0,0,0,0
1784664620488,unknown,VM-112,Stage3-3-0,0,0,0,0,0,0,0,0
1784664620599,unknown,VM-110,Stage2-2-0,0,0,0,0,0,0,0,0
1784664620608,unknown,VM-111,Stage3-0-0,0,0,0,0,0,0,0,0
1784664620635,unknown,VM-116,Stage2-1-0,0,0,0,0,0,0,0,0
1784664621108,unknown,VM-115,Stage1-2-0,0,46851,45943,71362,50588,5366530,0,0
1784664621488,unknown,VM-112,Stage3-3-0,0,0,0,0,0,0,0,0
1784664621599,unknown,VM-110,Stage2-2-0,0,0,0,0,0,0,0,0
1784664621608,unknown,VM-111,Stage3-0-0,0,0,0,0,0,0,0,0
1784664621621,unknown,VM-115,Stage1-2-0,0,50708,49670,67282,561941,5793001,0,0
1784664621635,unknown,VM-116,Stage2-1-0,0,0,0,0,0,0,0,0
1784664622488,unknown,VM-112,Stage3-3-0,0,0,0,0,0,0,0,0
1784664622599,unknown,VM-110,Stage2-2-0,0,0,0,0,0,0,0,0
1784664622608,unknown,VM-111,Stage3-0-0,0,0,0,0,0,0,0,0
1784664622621,unknown,VM-115,Stage1-2-0,0,54162,53100,80190,44276,6191166,0,0
1784664622635,unknown,VM-116,Stage2-1-0,0,0,0,0,0,0,0,0
1784664623488,unknown,VM-112,Stage3-3-0,0,0,0,0,0,0,0,0
1784664623599,unknown,VM-110,Stage2-2-0,0,0,0,0,0,0,0,0
1784664623608,unknown,VM-111,Stage3-0-0,0,0,0,0,0,0,0,0
1784664623621,unknown,VM-115,Stage1-2-0,0,48696,47753,88503,40982,5560952,0,0
1784664623635,unknown,VM-116,Stage2-1-0,0,0,0,0,0,0,0,0
1784664624488,unknown,VM-112,Stage3-3-0,0,0,0,0,0,0,0,0
1784664624599,unknown,VM-110,Stage2-2-0,0,0,0,0,0,0,0,0
1784664624608,unknown,VM-111,Stage3-0-0,0,0,0,0,0,0,0,0
1784664624621,unknown,VM-115,Stage1-2-0,0,50049,49047,82084,42486,5727427,0,0
1784664624635,unknown,VM-116,Stage2-1-0,0,0,0,0,0,0,0,0
1784664625488,unknown,VM-112,Stage3-3-0,0,0,0,0,0,0,0,0
1784664625599,unknown,VM-110,Stage2-2-0,0,0,0,0,0,0,0,0
1784664625608,unknown,VM-111,Stage3-0-0,0,0,0,0,0,0,0,0
1784664625621,unknown,VM-115,Stage1-2-0,0,50118,49113,72545,46935,5735973,0,0
1784664625635,unknown,VM-116,Stage2-1-0,0,0,0,0,0,0,0,0
1784664626488,unknown,VM-112,Stage3-3-0,0,0,0,0,0,0,0,0
1784664626599,unknown,VM-110,Stage2-2-0,0,0,0,0,0,0,0,0
1784664626608,unknown,VM-111,Stage3-0-0,0,0,0,0,0,0,0,0
1784664626621,unknown,VM-115,Stage1-2-0,0,43120,42260,65615,46170,4928042,0,0
1784664626635,unknown,VM-116,Stage2-1-0,0,0,0,0,0,0,0,0
1784664627488,unknown,VM-112,Stage3-3-0,0,0,0,0,0,0,0,0
1784664627599,unknown,VM-110,Stage2-2-0,0,0,0,0,0,0,0,0
1784664627608,unknown,VM-111,Stage3-0-0,0,0,0,0,0,0,0,0
1784664627621,unknown,VM-115,Stage1-2-0,0,0,0,0,0,0,0,0
1784664627635,unknown,VM-116,Stage2-1-0,0,0,0,0,0,0,0,0
1784664628488,unknown,VM-112,Stage3-3-0,0,0,0,0,0,0,0,0
1784664628599,unknown,VM-110,Stage2-2-0,0,0,0,0,0,0,0,0
1784664628608,unknown,VM-111,Stage3-0-0,0,0,0,0,0,0,0,0
1784664628621,unknown,VM-115,Stage1-2-0,0,0,0,0,0,0,0,0
1784664628635,unknown,VM-116,Stage2-1-0,0,0,0,0,0,0,0,0
1784664629488,unknown,VM-112,Stage3-3-0,0,0,0,0,0,0,0,0
1784664629599,unknown,VM-110,Stage2-2-0,0,0,0,0,0,0,0,0
1784664629608,unknown,VM-111,Stage3-0-0,0,0,0,0,0,0,0,0
1784664629621,unknown,VM-115,Stage1-2-0,0,0,0,0,0,0,0,0
1784664629635,unknown,VM-116,Stage2-1-0,0,0,0,0,0,0,0,0
1784664630488,unknown,VM-112,Stage3-3-0,0,0,0,0,0,0,0,0
1784664630599,unknown,VM-110,Stage2-2-0,0,0,0,0,0,0,0,0
1784664630608,unknown,VM-111,Stage3-0-0,0,0,0,0,0,0,0,0
1784664630621,unknown,VM-115,Stage1-2-0,0,0,0,0,0,0,0,0
1784664630635,unknown,VM-116,Stage2-1-0,0,0,0,0,0,0,0,0
1784664631488,unknown,VM-112,Stage3-3-0,0,0,0,0,0,0,0,0
1784664631599,unknown,VM-110,Stage2-2-0,0,0,0,0,0,0,0,0
1784664631608,unknown,VM-111,Stage3-0-0,0,0,0,0,0,0,0,0
1784664631621,unknown,VM-115,Stage1-2-0,0,0,0,0,0,0,0,0
1784664631635,unknown,VM-116,Stage2-1-0,0,0,0,0,0,0,0,0
1784664632488,unknown,VM-112,Stage3-3-0,0,0,0,0,0,0,0,0
1784664632599,unknown,VM-110,Stage2-2-0,0,0,0,0,0,0,0,0
1784664632608,unknown,VM-111,Stage3-0-0,0,0,0,0,0,0,0,0
1784664632621,unknown,VM-115,Stage1-2-0,0,0,0,0,0,0,0,0
1784664632635,unknown,VM-116,Stage2-1-0,0,0,0,0,0,0,0,0
1784664633488,unknown,VM-112,Stage3-3-0,0,0,0,0,0,0,0,0
1784664633599,unknown,VM-110,Stage2-2-0,0,0,0,0,0,0,0,0
1784664633608,unknown,VM-111,Stage3-0-0,0,0,0,0,0,0,0,0
1784664633621,unknown,VM-115,Stage1-2-0,0,0,0,0,0,0,0,0
1784664633635,unknown,VM-116,Stage2-1-0,0,0,0,0,0,0,0,0
1784664634488,unknown,VM-112,Stage3-3-0,0,0,0,0,0,0,0,0
1784664634599,unknown,VM-110,Stage2-2-0,0,0,0,0,0,0,0,0
1784664634608,unknown,VM-111,Stage3-0-0,0,0,0,0,0,0,0,0
1784664634621,unknown,VM-115,Stage1-2-0,0,0,0,0,0,0,0,0
1784664634635,unknown,VM-116,Stage2-1-0,0,0,0,0,0,0,0,0
1784664635488,unknown,VM-112,Stage3-3-0,0,0,0,0,0,0,0,0
1784664635599,unknown,VM-110,Stage2-2-0,0,0,0,0,0,0,0,0
1784664635608,unknown,VM-111,Stage3-0-0,0,0,0,0,0,0,0,0
1784664635621,unknown,VM-115,Stage1-2-0,0,0,0,0,0,0,0,0
1784664635635,unknown,VM-116,Stage2-1-0,0,0,0,0,0,0,0,0
1784664636488,unknown,VM-112,Stage3-3-0,0,0,0,0,0,0,0,0
1784664636599,unknown,VM-110,Stage2-2-0,0,0,0,0,0,0,0,0
1784664636608,unknown,VM-111,Stage3-0-0,0,0,0,0,0,0,0,0
1784664636621,unknown,VM-115,Stage1-2-0,0,0,0,0,0,0,0,0
1784664636635,unknown,VM-116,Stage2-1-0,0,0,0,0,0,0,0,0
1784664637488,unknown,VM-112,Stage3-3-0,0,0,0,0,0,0,0,0
1784664637599,unknown,VM-110,Stage2-2-0,0,0,0,0,0,0,0,0
1784664637608,unknown,VM-111,Stage3-0-0,0,0,0,0,0,0,0,0
1784664637621,unknown,VM-115,Stage1-2-0,0,0,0,0,0,0,0,0
1784664637635,unknown,VM-116,Stage2-1-0,0,0,0,0,0,0,0,0
1784664638488,unknown,VM-112,Stage3-3-0,0,0,0,0,0,0,0,0
1784664638599,unknown,VM-110,Stage2-2-0,0,0,0,0,0,0,0,0
1784664638608,unknown,VM-111,Stage3-0-0,0,0,0,0,0,0,0,0
1784664638621,unknown,VM-115,Stage1-2-0,0,0,0,0,0,0,0,0
1784664638635,unknown,VM-116,Stage2-1-0,0,0,0,0,0,0,0,0
1784664639488,unknown,VM-112,Stage3-3-0,0,0,0,0,0,0,0,0
1784664639599,unknown,VM-110,Stage2-2-0,0,0,0,0,0,0,0,0
1784664639608,unknown,VM-111,Stage3-0-0,0,0,0,0,0,0,0,0
1784664639621,unknown,VM-115,Stage1-2-0,0,0,0,0,0,0,0,0
1784664639635,unknown,VM-116,Stage2-1-0,0,0,0,0,0,0,0,0
1784664640488,unknown,VM-112,Stage3-3-0,0,0,0,0,0,0,0,0
1784664640599,unknown,VM-110,Stage2-2-0,0,0,0,0,0,0,0,0
1784664640608,unknown,VM-111,Stage3-0-0,0,0,0,0,0,0,0,0
1784664640621,unknown,VM-115,Stage1-2-0,0,0,0,0,0,0,0,0
1784664640635,unknown,VM-116,Stage2-1-0,0,0,0,0,0,0,0,0
1784664641488,unknown,VM-112,Stage3-3-0,0,0,0,0,0,0,0,0
1784664641599,unknown,VM-110,Stage2-2-0,0,0,0,0,0,0,0,0
1784664641608,unknown,VM-111,Stage3-0-0,0,0,0,0,0,0,0,0
1784664641621,unknown,VM-115,Stage1-2-0,0,0,0,0,0,0,0,0
1784664641635,unknown,VM-116,Stage2-1-0,0,0,0,0,0,0,0,0
1784664642488,unknown,VM-112,Stage3-3-0,0,0,0,0,0,0,0,0
1784664642599,unknown,VM-110,Stage2-2-0,0,0,0,0,0,0,0,0
1784664642608,unknown,VM-111,Stage3-0-0,0,0,0,0,0,0,0,0
1784664642621,unknown,VM-115,Stage1-2-0,0,0,0,0,0,0,0,0
1784664642635,unknown,VM-116,Stage2-1-0,0,0,0,0,0,0,0,0
1784664643488,unknown,VM-112,Stage3-3-0,0,0,0,0,0,0,0,0
1784664643599,unknown,VM-110,Stage2-2-0,0,0,0,0,0,0,0,0
1784664643608,unknown,VM-111,Stage3-0-0,0,0,0,0,0,0,0,0
1784664643621,unknown,VM-115,Stage1-2-0,0,0,0,0,0,0,0,0
1784664643635,unknown,VM-116,Stage2-1-0,0,0,0,0,0,0,0,0
1784664644488,unknown,VM-112,Stage3-3-0,0,0,0,0,0,0,0,0
1784664644599,unknown,VM-110,Stage2-2-0,0,0,0,0,0,0,0,0
1784664644608,unknown,VM-111,Stage3-0-0,0,0,0,0,0,0,0,0
1784664644621,unknown,VM-115,Stage1-2-0,0,0,0,0,0,0,0,0
1784664644635,unknown,VM-116,Stage2-1-0,0,0,0,0,0,0,0,0
1784664645488,unknown,VM-112,Stage3-3-0,0,0,0,0,0,0,0,0
1784664645599,unknown,VM-110,Stage2-2-0,0,0,0,0,0,0,0,0
1784664645608,unknown,VM-111,Stage3-0-0,0,0,0,0,0,0,0,0
1784664645621,unknown,VM-115,Stage1-2-0,0,0,0,0,0,0,0,0
1784664645635,unknown,VM-116,Stage2-1-0,0,0,0,0,0,0,0,0
1784664646488,unknown,VM-112,Stage3-3-0,0,0,0,0,0,0,0,0
1784664646599,unknown,VM-110,Stage2-2-0,0,0,0,0,0,0,0,0
1784664646608,unknown,VM-111,Stage3-0-0,0,0,0,0,0,0,0,0
1784664646621,unknown,VM-115,Stage1-2-0,0,0,0,0,0,0,0,0
1784664646635,unknown,VM-116,Stage2-1-0,0,0,0,0,0,0,0,0
1784664647488,unknown,VM-112,Stage3-3-0,0,0,0,0,0,0,0,0
1784664647599,unknown,VM-110,Stage2-2-0,0,0,0,0,0,0,0,0
1784664647608,unknown,VM-111,Stage3-0-0,0,0,0,0,0,0,0,0
1784664647621,unknown,VM-115,Stage1-2-0,0,0,0,0,0,0,0,0
1784664647635,unknown,VM-116,Stage2-1-0,0,0,0,0,0,0,0,0
1784664648488,unknown,VM-112,Stage3-3-0,0,0,0,0,0,0,0,0
1784664648599,unknown,VM-110,Stage2-2-0,0,0,0,0,0,0,0,0
1784664648608,unknown,VM-111,Stage3-0-0,0,0,0,0,0,0,0,0
1784664648621,unknown,VM-115,Stage1-2-0,0,0,0,0,0,0,0,0
1784664648635,unknown,VM-116,Stage2-1-0,0,0,0,0,0,0,0,0
1784664649488,unknown,VM-112,Stage3-3-0,0,0,0,0,0,0,0,0
1784664649599,unknown,VM-110,Stage2-2-0,0,0,0,0,0,0,0,0
1784664649608,unknown,VM-111,Stage3-0-0,0,0,0,0,0,0,0,0
1784664649621,unknown,VM-115,Stage1-2-0,0,0,0,0,0,0,0,0
1784664649635,unknown,VM-116,Stage2-1-0,0,0,0,0,0,0,0,0
1784664650488,unknown,VM-112,Stage3-3-0,0,0,0,0,0,0,0,0
1784664650599,unknown,VM-110,Stage2-2-0,0,0,0,0,0,0,0,0
1784664650608,unknown,VM-111,Stage3-0-0,0,0,0,0,0,0,0,0
1784664650621,unknown,VM-115,Stage1-2-0,0,0,0,0,0,0,0,0
1784664650635,unknown,VM-116,Stage2-1-0,0,0,0,0,0,0,0,0
1784664651488,unknown,VM-112,Stage3-3-0,0,0,0,0,0,0,0,0
1784664651599,unknown,VM-110,Stage2-2-0,0,0,0,0,0,0,0,0
1784664651608,unknown,VM-111,Stage3-0-0,0,0,0,0,0,0,0,0
1784664651621,unknown,VM-115,Stage1-2-0,0,0,0,0,0,0,0,0
1784664651635,unknown,VM-116,Stage2-1-0,0,0,0,0,0,0,0,0
1784664652488,unknown,VM-112,Stage3-3-0,0,0,0,0,0,0,0,0
1784664652599,unknown,VM-110,Stage2-2-0,0,0,0,0,0,0,0,0
1784664652608,unknown,VM-111,Stage3-0-0,0,0,0,0,0,0,0,0
1784664652621,unknown,VM-115,Stage1-2-0,0,0,0,0,0,0,0,0
1784664652635,unknown,VM-116,Stage2-1-0,0,0,0,0,0,0,0,0
1784664653488,unknown,VM-112,Stage3-3-0,0,0,0,0,0,0,0,0
1784664653599,unknown,VM-110,Stage2-2-0,0,0,0,0,0,0,0,0
1784664653608,unknown,VM-111,Stage3-0-0,0,0,0,0,0,0,0,0
1784664653621,unknown,VM-115,Stage1-2-0,0,0,0,0,0,0,0,0
1784664653635,unknown,VM-116,Stage2-1-0,0,0,0,0,0,0,0,0
1784664654488,unknown,VM-112,Stage3-3-0,0,0,0,0,0,0,0,0
1784664654599,unknown,VM-110,Stage2-2-0,0,0,0,0,0,0,0,0
1784664654608,unknown,VM-111,Stage3-0-0,0,0,0,0,0,0,0,0
1784664654621,unknown,VM-115,Stage1-2-0,0,0,0,0,0,0,0,0
1784664654635,unknown,VM-116,Stage2-1-0,0,0,0,0,0,0,0,0
1784664655488,unknown,VM-112,Stage3-3-0,0,0,0,0,0,0,0,0
1784664655599,unknown,VM-110,Stage2-2-0,0,0,0,0,0,0,0,0
1784664655608,unknown,VM-111,Stage3-0-0,0,0,0,0,0,0,0,0
1784664655621,unknown,VM-115,Stage1-2-0,0,0,0,0,0,0,0,0
1784664655635,unknown,VM-116,Stage2-1-0,0,0,0,0,0,0,0,0
1784664656488,unknown,VM-112,Stage3-3-0,0,0,0,0,0,0,0,0
1784664656599,unknown,VM-110,Stage2-2-0,0,0,0,0,0,0,0,0
1784664656608,unknown,VM-111,Stage3-0-0,0,0,0,0,0,0,0,0
1784664656621,unknown,VM-115,Stage1-2-0,0,0,0,0,0,0,0,0
1784664656635,unknown,VM-116,Stage2-1-0,0,0,0,0,0,0,0,0
1784664657488,unknown,VM-112,Stage3-3-0,0,0,0,0,0,0,0,0
1784664657599,unknown,VM-110,Stage2-2-0,0,0,0,0,0,0,0,0
1784664657608,unknown,VM-111,Stage3-0-0,0,0,0,0,0,0,0,0
1784664657621,unknown,VM-115,Stage1-2-0,0,0,0,0,0,0,0,0
1784664657635,unknown,VM-116,Stage2-1-0,0,0,0,0,0,0,0,0
1784664658488,unknown,VM-112,Stage3-3-0,0,0,0,0,0,0,0,0
1784664658599,unknown,VM-110,Stage2-2-0,0,0,0,0,0,0,0,0
1784664658608,unknown,VM-111,Stage3-0-0,0,0,0,0,0,0,0,0
1784664658621,unknown,VM-115,Stage1-2-0,0,0,0,0,0,0,0,0
1784664658635,unknown,VM-116,Stage2-1-0,0,0,0,0,0,0,0,0
1784664659488,unknown,VM-112,Stage3-3-0,0,0,0,0,0,0,0,0
1784664659599,unknown,VM-110,Stage2-2-0,0,0,0,0,0,0,0,0
1784664659608,unknown,VM-111,Stage3-0-0,0,0,0,0,0,0,0,0
1784664659621,unknown,VM-115,Stage1-2-0,0,0,0,0,0,0,0,0
1784664659635,unknown,VM-116,Stage2-1-0,0,0,0,0,0,0,0,0
1784664660488,unknown,VM-112,Stage3-3-0,0,0,0,0,0,0,0,0
1784664660599,unknown,VM-110,Stage2-2-0,0,0,0,0,0,0,0,0
1784664660608,unknown,VM-111,Stage3-0-0,0,0,0,0,0,0,0,0
1784664660621,unknown,VM-115,Stage1-2-0,0,0,0,0,0,0,0,0
1784664660635,unknown,VM-116,Stage2-1-0,0,0,0,0,0,0,0,0
1784664661488,unknown,VM-112,Stage3-3-0,0,0,0,0,0,0,0,0
1784664661599,unknown,VM-110,Stage2-2-0,0,0,0,0,0,0,0,0
1784664661608,unknown,VM-111,Stage3-0-0,0,0,0,0,0,0,0,0
1784664661621,unknown,VM-115,Stage1-2-0,0,0,0,0,0,0,0,0
1784664661635,unknown,VM-116,Stage2-1-0,0,0,0,0,0,0,0,0
1784664662488,unknown,VM-112,Stage3-3-0,0,0,0,0,0,0,0,0
1784664662599,unknown,VM-110,Stage2-2-0,0,0,0,0,0,0,0,0
1784664662608,unknown,VM-111,Stage3-0-0,0,0,0,0,0,0,0,0
1784664662621,unknown,VM-115,Stage1-2-0,0,0,0,0,0,0,0,0
1784664662635,unknown,VM-116,Stage2-1-0,0,0,0,0,0,0,0,0
1784664663488,unknown,VM-112,Stage3-3-0,0,0,0,0,0,0,0,0
1784664663599,unknown,VM-110,Stage2-2-0,0,0,0,0,0,0,0,0
1784664663608,unknown,VM-111,Stage3-0-0,0,0,0,0,0,0,0,0
1784664663621,unknown,VM-115,Stage1-2-0,0,0,0,0,0,0,0,0
1784664663635,unknown,VM-116,Stage2-1-0,0,0,0,0,0,0,0,0
1784664664488,unknown,VM-112,Stage3-3-0,0,0,0,0,0,0,0,0
1784664664599,unknown,VM-110,Stage2-2-0,0,0,0,0,0,0,0,0
1784664664608,unknown,VM-111,Stage3-0-0,0,0,0,0,0,0,0,0
1784664664621,unknown,VM-115,Stage1-2-0,0,0,0,0,0,0,0,0
1784664664635,unknown,VM-116,Stage2-1-0,0,0,0,0,0,0,0,0
1784664665488,unknown,VM-112,Stage3-3-0,0,0,0,0,0,0,0,0
1784664665599,unknown,VM-110,Stage2-2-0,0,0,0,0,0,0,0,0
1784664665608,unknown,VM-111,Stage3-0-0,0,0,0,0,0,0,0,0
1784664665621,unknown,VM-115,Stage1-2-0,0,0,0,0,0,0,0,0
1784664665635,unknown,VM-116,Stage2-1-0,0,0,0,0,0,0,0,0
1784664666488,unknown,VM-112,Stage3-3-0,0,0,0,0,0,0,0,0
1784664666599,unknown,VM-110,Stage2-2-0,0,0,0,0,0,0,0,0
1784664666608,unknown,VM-111,Stage3-0-0,0,0,0,0,0,0,0,0
1784664666621,unknown,VM-115,Stage1-2-0,0,0,0,0,0,0,0,0
1784664666635,unknown,VM-116,Stage2-1-0,0,0,0,0,0,0,0,0
1784664667488,unknown,VM-112,Stage3-3-0,0,0,0,0,0,0,0,0
1784664667599,unknown,VM-110,Stage2-2-0,0,0,0,0,0,0,0,0
1784664667608,unknown,VM-111,Stage3-0-0,0,0,0,0,0,0,0,0
1784664667621,unknown,VM-115,Stage1-2-0,0,0,0,0,0,0,0,0
1784664667635,unknown,VM-116,Stage2-1-0,0,0,0,0,0,0,0,0
1784664668488,unknown,VM-112,Stage3-3-0,0,0,0,0,0,0,0,0
1784664668599,unknown,VM-110,Stage2-2-0,0,0,0,0,0,0,0,0
1784664668608,unknown,VM-111,Stage3-0-0,0,0,0,0,0,0,0,0
1784664668621,unknown,VM-115,Stage1-2-0,0,0,0,0,0,0,0,0
1784664668635,unknown,VM-116,Stage2-1-0,0,0,0,0,0,0,0,0
1784664669488,unknown,VM-112,Stage3-3-0,0,0,0,0,0,0,0,0
1784664669599,unknown,VM-110,Stage2-2-0,0,0,0,0,0,0,0,0
1784664669608,unknown,VM-111,Stage3-0-0,0,0,0,0,0,0,0,0
1784664669621,unknown,VM-115,Stage1-2-0,0,0,0,0,0,0,0,0
1784664669635,unknown,VM-116,Stage2-1-0,0,0,0,0,0,0,0,0
1784664670488,unknown,VM-112,Stage3-3-0,0,0,0,0,0,0,0,0
1784664670599,unknown,VM-110,Stage2-2-0,0,0,0,0,0,0,0,0
1784664670608,unknown,VM-111,Stage3-0-0,0,0,0,0,0,0,0,0
1784664670621,unknown,VM-115,Stage1-2-0,0,0,0,0,0,0,0,0
1784664670635,unknown,VM-116,Stage2-1-0,0,0,0,0,0,0,0,0
1784664671488,unknown,VM-112,Stage3-3-0,0,0,0,0,0,0,0,0
1784664671599,unknown,VM-110,Stage2-2-0,0,0,0,0,0,0,0,0
1784664671608,unknown,VM-111,Stage3-0-0,0,0,0,0,0,0,0,0
1784664671621,unknown,VM-115,Stage1-2-0,0,0,0,0,0,0,0,0
1784664671635,unknown,VM-116,Stage2-1-0,0,0,0,0,0,0,0,0
1784664672488,unknown,VM-112,Stage3-3-0,0,0,0,0,0,0,0,0
1784664672599,unknown,VM-110,Stage2-2-0,0,0,0,0,0,0,0,0
1784664672608,unknown,VM-111,Stage3-0-0,0,0,0,0,0,0,0,0
1784664672621,unknown,VM-115,Stage1-2-0,0,0,0,0,0,0,0,0
1784664672635,unknown,VM-116,Stage2-1-0,0,0,0,0,0,0,0,0
1784664673488,unknown,VM-112,Stage3-3-0,0,0,0,0,0,0,0,0
1784664673599,unknown,VM-110,Stage2-2-0,0,0,0,0,0,0,0,0
1784664673608,unknown,VM-111,Stage3-0-0,0,0,0,0,0,0,0,0
1784664673621,unknown,VM-115,Stage1-2-0,0,0,0,0,0,0,0,0
1784664673635,unknown,VM-116,Stage2-1-0,0,0,0,0,0,0,0,0
1784664674488,unknown,VM-112,Stage3-3-0,0,0,0,0,0,0,0,0
1784664674599,unknown,VM-110,Stage2-2-0,0,0,0,0,0,0,0,0
1784664674608,unknown,VM-111,Stage3-0-0,0,0,0,0,0,0,0,0
1784664674621,unknown,VM-115,Stage1-2-0,0,0,0,0,0,0,0,0
1784664674635,unknown,VM-116,Stage2-1-0,0,0,0,0,0,0,0,0
1784664675488,unknown,VM-112,Stage3-3-0,0,0,0,0,0,0,0,0
1784664675599,unknown,VM-110,Stage2-2-0,0,0,0,0,0,0,0,0
1784664675608,unknown,VM-111,Stage3-0-0,0,0,0,0,0,0,0,0
1784664675621,unknown,VM-115,Stage1-2-0,0,0,0,0,0,0,0,0
1784664675635,unknown,VM-116,Stage2-1-0,0,0,0,0,0,0,0,0
1784664676488,unknown,VM-112,Stage3-3-0,0,0,0,0,0,0,0,0
1784664676599,unknown,VM-110,Stage2-2-0,0,0,0,0,0,0,0,0
1784664676608,unknown,VM-111,Stage3-0-0,0,0,0,0,0,0,0,0
1784664676621,unknown,VM-115,Stage1-2-0,0,0,0,0,0,0,0,0
1784664676635,unknown,VM-116,Stage2-1-0,0,0,0,0,0,0,0,0
1784664677488,unknown,VM-112,Stage3-3-0,0,0,0,0,0,0,0,0
1784664677599,unknown,VM-110,Stage2-2-0,0,0,0,0,0,0,0,0
1784664677608,unknown,VM-111,Stage3-0-0,0,0,0,0,0,0,0,0
1784664677621,unknown,VM-115,Stage1-2-0,0,0,0,0,0,0,0,0
1784664677635,unknown,VM-116,Stage2-1-0,0,0,0,0,0,0,0,0
1784664678488,unknown,VM-112,Stage3-3-0,0,0,0,0,0,0,0,0
1784664678599,unknown,VM-110,Stage2-2-0,0,0,0,0,0,0,0,0
1784664678608,unknown,VM-111,Stage3-0-0,0,0,0,0,0,0,0,0
1784664678621,unknown,VM-115,Stage1-2-0,0,0,0,0,0,0,0,0
1784664678635,unknown,VM-116,Stage2-1-0,0,0,0,0,0,0,0,0
1784664679488,unknown,VM-112,Stage3-3-0,0,0,0,0,0,0,0,0
1784664679599,unknown,VM-110,Stage2-2-0,0,0,0,0,0,0,0,0
1784664679608,unknown,VM-111,Stage3-0-0,0,0,0,0,0,0,0,0
1784664679621,unknown,VM-115,Stage1-2-0,0,0,0,0,0,0,0,0
1784664679635,unknown,VM-116,Stage2-1-0,0,0,0,0,0,0,0,0
1784664680488,unknown,VM-112,Stage3-3-0,0,0,0,0,0,0,0,0
1784664680599,unknown,VM-110,Stage2-2-0,0,0,0,0,0,0,0,0
1784664680608,unknown,VM-111,Stage3-0-0,0,0,0,0,0,0,0,0
1784664680621,unknown,VM-115,Stage1-2-0,0,0,0,0,0,0,0,0
1784664680635,unknown,VM-116,Stage2-1-0,0,0,0,0,0,0,0,0
1784664681488,unknown,VM-112,Stage3-3-0,0,0,0,0,0,0,0,0
1784664681599,unknown,VM-110,Stage2-2-0,0,0,0,0,0,0,0,0
1784664681608,unknown,VM-111,Stage3-0-0,0,0,0,0,0,0,0,0
1784664681621,unknown,VM-115,Stage1-2-0,0,0,0,0,0,0,0,0
1784664681635,unknown,VM-116,Stage2-1-0,0,0,0,0,0,0,0,0
1784664682488,unknown,VM-112,Stage3-3-0,0,0,0,0,0,0,0,0
1784664682599,unknown,VM-110,Stage2-2-0,0,0,0,0,0,0,0,0
1784664682608,unknown,VM-111,Stage3-0-0,0,0,0,0,0,0,0,0
1784664682621,unknown,VM-115,Stage1-2-0,0,0,0,0,0,0,0,0
1784664682635,unknown,VM-116,Stage2-1-0,0,0,0,0,0,0,0,0
1784664683488,unknown,VM-112,Stage3-3-0,0,0,0,0,0,0,0,0
1784664683599,unknown,VM-110,Stage2-2-0,0,0,0,0,0,0,0,0
1784664683608,unknown,VM-111,Stage3-0-0,0,0,0,0,0,0,0,0
1784664683621,unknown,VM-115,Stage1-2-0,0,0,0,0,0,0,0,0
1784664683635,unknown,VM-116,Stage2-1-0,0,0,0,0,0,0,0,0
1784664684488,unknown,VM-112,Stage3-3-0,0,0,0,0,0,0,0,0
1784664684599,unknown,VM-110,Stage2-2-0,0,0,0,0,0,0,0,0
1784664684608,unknown,VM-111,Stage3-0-0,0,0,0,0,0,0,0,0
1784664684621,unknown,VM-115,Stage1-2-0,0,0,0,0,0,0,0,0
1784664684635,unknown,VM-116,Stage2-1-0,0,0,0,0,0,0,0,0
1784664685488,unknown,VM-112,Stage3-3-0,0,0,0,0,0,0,0,0
1784664685599,unknown,VM-110,Stage2-2-0,0,0,0,0,0,0,0,0
1784664685608,unknown,VM-111,Stage3-0-0,0,0,0,0,0,0,0,0
1784664685621,unknown,VM-115,Stage1-2-0,0,0,0,0,0,0,0,0
1784664685635,unknown,VM-116,Stage2-1-0,0,0,0,0,0,0,0,0
1784664686488,unknown,VM-112,Stage3-3-0,0,0,0,0,0,0,0,0
1784664686599,unknown,VM-110,Stage2-2-0,0,0,0,0,0,0,0,0
1784664686608,unknown,VM-111,Stage3-0-0,0,0,0,0,0,0,0,0
1784664686621,unknown,VM-115,Stage1-2-0,0,0,0,0,0,0,0,0
1784664686635,unknown,VM-116,Stage2-1-0,0,0,0,0,0,0,0,0
1784664687488,unknown,VM-112,Stage3-3-0,0,0,0,0,0,0,0,0
1784664687599,unknown,VM-110,Stage2-2-0,0,0,0,0,0,0,0,0
1784664687608,unknown,VM-111,Stage3-0-0,0,0,0,0,0,0,0,0
1784664687621,unknown,VM-115,Stage1-2-0,0,0,0,0,0,0,0,0
1784664687635,unknown,VM-116,Stage2-1-0,0,0,0,0,0,0,0,0
1784664688488,unknown,VM-112,Stage3-3-0,0,0,0,0,0,0,0,0
1784664688599,unknown,VM-110,Stage2-2-0,0,0,0,0,0,0,0,0
1784664688608,unknown,VM-111,Stage3-0-0,0,0,0,0,0,0,0,0
1784664688621,unknown,VM-115,Stage1-2-0,0,0,0,0,0,0,0,0
1784664688635,unknown,VM-116,Stage2-1-0,0,0,0,0,0,0,0,0
1784664689488,unknown,VM-112,Stage3-3-0,0,0,0,0,0,0,0,0
1784664689599,unknown,VM-110,Stage2-2-0,0,0,0,0,0,0,0,0
1784664689608,unknown,VM-111,Stage3-0-0,0,0,0,0,0,0,0,0
1784664689621,unknown,VM-115,Stage1-2-0,0,0,0,0,0,0,0,0
1784664689635,unknown,VM-116,Stage2-1-0,0,0,0,0,0,0,0,0
1784664690488,unknown,VM-112,Stage3-3-0,0,0,0,0,0,0,0,0
1784664690599,unknown,VM-110,Stage2-2-0,0,0,0,0,0,0,0,0
1784664690608,unknown,VM-111,Stage3-0-0,0,0,0,0,0,0,0,0
1784664690621,unknown,VM-115,Stage1-2-0,0,0,0,0,0,0,0,0
1784664690635,unknown,VM-116,Stage2-1-0,0,0,0,0,0,0,0,0
1784664691488,unknown,VM-112,Stage3-3-0,0,0,0,0,0,0,0,0
1784664691599,unknown,VM-110,Stage2-2-0,0,0,0,0,0,0,0,0
1784664691608,unknown,VM-111,Stage3-0-0,0,0,0,0,0,0,0,0
1784664691621,unknown,VM-115,Stage1-2-0,0,0,0,0,0,0,0,0
1784664691635,unknown,VM-116,Stage2-1-0,0,0,0,0,0,0,0,0
1784664692488,unknown,VM-112,Stage3-3-0,0,0,0,0,0,0,0,0
1784664692599,unknown,VM-110,Stage2-2-0,0,0,0,0,0,0,0,0
1784664692608,unknown,VM-111,Stage3-0-0,0,0,0,0,0,0,0,0
1784664692621,unknown,VM-115,Stage1-2-0,0,0,0,0,0,0,0,0
1784664692635,unknown,VM-116,Stage2-1-0,0,0,0,0,0,0,0,0
1784664693488,unknown,VM-112,Stage3-3-0,0,0,0,0,0,0,0,0
1784664693599,unknown,VM-110,Stage2-2-0,0,0,0,0,0,0,0,0
1784664693608,unknown,VM-111,Stage3-0-0,0,0,0,0,0,0,0,0
1784664693621,unknown,VM-115,Stage1-2-0,0,0,0,0,0,0,0,0
1784664693635,unknown,VM-116,Stage2-1-0,0,0,0,0,0,0,0,0
1784664694488,unknown,VM-112,Stage3-3-0,0,0,0,0,0,0,0,0
1784664694599,unknown,VM-110,Stage2-2-0,0,0,0,0,0,0,0,0
1784664694608,unknown,VM-111,Stage3-0-0,0,0,0,0,0,0,0,0
1784664694621,unknown,VM-115,Stage1-2-0,0,0,0,0,0,0,0,0
1784664694635,unknown,VM-116,Stage2-1-0,0,0,0,0,0,0,0,0
1784664695488,unknown,VM-112,Stage3-3-0,0,0,0,0,0,0,0,0
1784664695599,unknown,VM-110,Stage2-2-0,0,0,0,0,0,0,0,0
1784664695608,unknown,VM-111,Stage3-0-0,0,0,0,0,0,0,0,0
1784664695621,unknown,VM-115,Stage1-2-0,0,0,0,0,0,0,0,0
1784664695635,unknown,VM-116,Stage2-1-0,0,0,0,0,0,0,0,0
1784664696488,unknown,VM-112,Stage3-3-0,0,0,0,0,0,0,0,0
1784664696599,unknown,VM-110,Stage2-2-0,0,0,0,0,0,0,0,0
1784664696608,unknown,VM-111,Stage3-0-0,0,0,0,0,0,0,0,0
1784664696621,unknown,VM-115,Stage1-2-0,0,0,0,0,0,0,0,0
1784664696635,unknown,VM-116,Stage2-1-0,0,0,0,0,0,0,0,0
1784664697488,unknown,VM-112,Stage3-3-0,0,0,0,0,0,0,0,0
1784664697599,unknown,VM-110,Stage2-2-0,0,0,0,0,0,0,0,0
1784664697608,unknown,VM-111,Stage3-0-0,0,0,0,0,0,0,0,0
1784664697621,unknown,VM-115,Stage1-2-0,0,0,0,0,0,0,0,0
1784664697635,unknown,VM-116,Stage2-1-0,0,0,0,0,0,0,0,0
1784664698488,unknown,VM-112,Stage3-3-0,0,0,0,0,0,0,0,0
1784664698599,unknown,VM-110,Stage2-2-0,0,0,0,0,0,0,0,0
1784664698608,unknown,VM-111,Stage3-0-0,0,0,0,0,0,0,0,0
1784664698621,unknown,VM-115,Stage1-2-0,0,0,0,0,0,0,0,0
1784664698635,unknown,VM-116,Stage2-1-0,0,0,0,0,0,0,0,0
1784664699488,unknown,VM-112,Stage3-3-0,0,0,0,0,0,0,0,0
1784664699599,unknown,VM-110,Stage2-2-0,0,0,0,0,0,0,0,0
1784664699608,unknown,VM-111,Stage3-0-0,0,0,0,0,0,0,0,0
1784664699621,unknown,VM-115,Stage1-2-0,0,0,0,0,0,0,0,0
1784664699635,unknown,VM-116,Stage2-1-0,0,0,0,0,0,0,0,0
1784664700488,unknown,VM-112,Stage3-3-0,0,0,0,0,0,0,0,0
1784664700599,unknown,VM-110,Stage2-2-0,0,0,0,0,0,0,0,0
1784664700608,unknown,VM-111,Stage3-0-0,0,0,0,0,0,0,0,0
1784664700621,unknown,VM-115,Stage1-2-0,0,0,0,0,0,0,0,0
1784664700635,unknown,VM-116,Stage2-1-0,0,0,0,0,0,0,0,0
1784664701488,unknown,VM-112,Stage3-3-0,0,0,0,0,0,0,0,0
1784664701599,unknown,VM-110,Stage2-2-0,0,0,0,0,0,0,0,0
1784664701608,unknown,VM-111,Stage3-0-0,0,0,0,0,0,0,0,0
1784664701621,unknown,VM-115,Stage1-2-0,0,0,0,0,0,0,0,0
1784664701635,unknown,VM-116,Stage2-1-0,0,0,0,0,0,0,0,0
1784664702488,unknown,VM-112,Stage3-3-0,0,0,0,0,0,0,0,0
1784664702599,unknown,VM-110,Stage2-2-0,0,0,0,0,0,0,0,0
1784664702608,unknown,VM-111,Stage3-0-0,0,0,0,0,0,0,0,0
1784664702621,unknown,VM-115,Stage1-2-0,0,0,0,0,0,0,0,0
1784664702635,unknown,VM-116,Stage2-1-0,0,0,0,0,0,0,0,0
1784664703488,unknown,VM-112,Stage3-3-0,0,0,0,0,0,0,0,0
1784664703599,unknown,VM-110,Stage2-2-0,0,0,0,0,0,0,0,0
1784664703608,unknown,VM-111,Stage3-0-0,0,0,0,0,0,0,0,0
1784664703621,unknown,VM-115,Stage1-2-0,0,0,0,0,0,0,0,0
1784664703635,unknown,VM-116,Stage2-1-0,0,0,0,0,0,0,0,0
1784664704488,unknown,VM-112,Stage3-3-0,0,0,0,0,0,0,0,0
1784664704599,unknown,VM-110,Stage2-2-0,0,0,0,0,0,0,0,0
1784664704608,unknown,VM-111,Stage3-0-0,0,0,0,0,0,0,0,0
1784664704621,unknown,VM-115,Stage1-2-0,0,0,0,0,0,0,0,0
1784664704635,unknown,VM-116,Stage2-1-0,0,0,0,0,0,0,0,0
1784664705488,unknown,VM-112,Stage3-3-0,0,0,0,0,0,0,0,0
1784664705599,unknown,VM-110,Stage2-2-0,0,0,0,0,0,0,0,0
1784664705608,unknown,VM-111,Stage3-0-0,0,0,0,0,0,0,0,0
1784664705621,unknown,VM-115,Stage1-2-0,0,0,0,0,0,0,0,0
1784664705635,unknown,VM-116,Stage2-1-0,0,0,0,0,0,0,0,0
1784664706488,unknown,VM-112,Stage3-3-0,0,0,0,0,0,0,0,0
1784664706599,unknown,VM-110,Stage2-2-0,0,0,0,0,0,0,0,0
1784664706608,unknown,VM-111,Stage3-0-0,0,0,0,0,0,0,0,0
1784664706621,unknown,VM-115,Stage1-2-0,0,0,0,0,0,0,0,0
1784664706635,unknown,VM-116,Stage2-1-0,0,0,0,0,0,0,0,0
1784664707488,unknown,VM-112,Stage3-3-0,0,0,0,0,0,0,0,0
1784664707599,unknown,VM-110,Stage2-2-0,0,0,0,0,0,0,0,0
1784664707608,unknown,VM-111,Stage3-0-0,0,0,0,0,0,0,0,0
1784664707621,unknown,VM-115,Stage1-2-0,0,0,0,0,0,0,0,0
1784664707635,unknown,VM-116,Stage2-1-0,0,0,0,0,0,0,0,0
1784664708488,unknown,VM-112,Stage3-3-0,0,0,0,0,0,0,0,0
1784664708599,unknown,VM-110,Stage2-2-0,0,0,0,0,0,0,0,0
1784664708608,unknown,VM-111,Stage3-0-0,0,0,0,0,0,0,0,0
1784664708621,unknown,VM-115,Stage1-2-0,0,0,0,0,0,0,0,0
1784664708635,unknown,VM-116,Stage2-1-0,0,0,0,0,0,0,0,0
1784664709488,unknown,VM-112,Stage3-3-0,0,0,0,0,0,0,0,0
1784664709599,unknown,VM-110,Stage2-2-0,0,0,0,0,0,0,0,0
1784664709608,unknown,VM-111,Stage3-0-0,0,0,0,0,0,0,0,0
1784664709621,unknown,VM-115,Stage1-2-0,0,0,0,0,0,0,0,0
1784664709635,unknown,VM-116,Stage2-1-0,0,0,0,0,0,0,0,0
1784664710488,unknown,VM-112,Stage3-3-0,0,0,0,0,0,0,0,0
1784664710599,unknown,VM-110,Stage2-2-0,0,0,0,0,0,0,0,0
1784664710608,unknown,VM-111,Stage3-0-0,0,0,0,0,0,0,0,0
1784664710621,unknown,VM-115,Stage1-2-0,0,0,0,0,0,0,0,0
1784664710635,unknown,VM-116,Stage2-1-0,0,0,0,0,0,0,0,0
1784664711488,unknown,VM-112,Stage3-3-0,0,0,0,0,0,0,0,0
1784664711599,unknown,VM-110,Stage2-2-0,0,0,0,0,0,0,0,0
1784664711608,unknown,VM-111,Stage3-0-0,0,0,0,0,0,0,0,0
1784664711621,unknown,VM-115,Stage1-2-0,0,0,0,0,0,0,0,0
1784664711635,unknown,VM-116,Stage2-1-0,0,0,0,0,0,0,0,0
1784664712488,unknown,VM-112,Stage3-3-0,0,0,0,0,0,0,0,0
1784664712598,unknown,VM-110,Stage2-2-0,0,0,0,0,0,0,0,0
1784664712608,unknown,VM-111,Stage3-0-0,0,0,0,0,0,0,0,0
1784664712621,unknown,VM-115,Stage1-2-0,0,0,0,0,0,0,0,0
1784664712635,unknown,VM-116,Stage2-1-0,0,0,0,0,0,0,0,0
1784664713488,unknown,VM-112,Stage3-3-0,0,0,0,0,0,0,0,0
1784664713599,unknown,VM-110,Stage2-2-0,0,0,0,0,0,0,0,0
1784664713608,unknown,VM-111,Stage3-0-0,0,0,0,0,0,0,0,0
1784664713621,unknown,VM-115,Stage1-2-0,0,0,0,0,0,0,0,0
1784664713635,unknown,VM-116,Stage2-1-0,0,0,0,0,0,0,0,0
1784664714488,unknown,VM-112,Stage3-3-0,0,0,0,0,0,0,0,0
1784664714599,unknown,VM-110,Stage2-2-0,0,0,0,0,0,0,0,0
1784664714608,unknown,VM-111,Stage3-0-0,0,0,0,0,0,0,0,0
1784664714621,unknown,VM-115,Stage1-2-0,0,0,0,0,0,0,0,0
1784664714635,unknown,VM-116,Stage2-1-0,0,0,0,0,0,0,0,0
1784664715488,unknown,VM-112,Stage3-3-0,0,0,0,0,0,0,0,0
1784664715599,unknown,VM-110,Stage2-2-0,0,0,0,0,0,0,0,0
1784664715608,unknown,VM-111,Stage3-0-0,0,0,0,0,0,0,0,0
1784664715621,unknown,VM-115,Stage1-2-0,0,0,0,0,0,0,0,0
1784664715635,unknown,VM-116,Stage2-1-0,0,0,0,0,0,0,0,0
1784664716488,unknown,VM-112,Stage3-3-0,0,0,0,0,0,0,0,0
1784664716599,unknown,VM-110,Stage2-2-0,0,0,0,0,0,0,0,0
1784664716608,unknown,VM-111,Stage3-0-0,0,0,0,0,0,0,0,0
1784664716621,unknown,VM-115,Stage1-2-0,0,0,0,0,0,0,0,0
1784664716635,unknown,VM-116,Stage2-1-0,0,0,0,0,0,0,0,0
1784664717488,unknown,VM-112,Stage3-3-0,0,0,0,0,0,0,0,0
1784664717599,unknown,VM-110,Stage2-2-0,0,0,0,0,0,0,0,0
1784664717608,unknown,VM-111,Stage3-0-0,0,0,0,0,0,0,0,0
1784664717621,unknown,VM-115,Stage1-2-0,0,0,0,0,0,0,0,0
1784664717635,unknown,VM-116,Stage2-1-0,0,0,0,0,0,0,0,0
1784664718488,unknown,VM-112,Stage3-3-0,0,0,0,0,0,0,0,0
1784664718599,unknown,VM-110,Stage2-2-0,0,0,0,0,0,0,0,0
1784664718608,unknown,VM-111,Stage3-0-0,0,0,0,0,0,0,0,0
1784664718621,unknown,VM-115,Stage1-2-0,0,0,0,0,0,0,0,0
1784664718635,unknown,VM-116,Stage2-1-0,0,0,0,0,0,0,0,0
1784664719488,unknown,VM-112,Stage3-3-0,0,0,0,0,0,0,0,0
1784664719599,unknown,VM-110,Stage2-2-0,0,0,0,0,0,0,0,0
1784664719608,unknown,VM-111,Stage3-0-0,0,0,0,0,0,0,0,0
1784664719621,unknown,VM-115,Stage1-2-0,0,0,0,0,0,0,0,0
1784664719635,unknown,VM-116,Stage2-1-0,0,0,0,0,0,0,0,0
1784664720488,unknown,VM-112,Stage3-3-0,0,0,0,0,0,0,0,0
1784664720599,unknown,VM-110,Stage2-2-0,0,0,0,0,0,0,0,0
1784664720608,unknown,VM-111,Stage3-0-0,0,0,0,0,0,0,0,0
1784664720621,unknown,VM-115,Stage1-2-0,0,0,0,0,0,0,0,0
1784664720635,unknown,VM-116,Stage2-1-0,0,0,0,0,0,0,0,0
1784664721488,unknown,VM-112,Stage3-3-0,0,0,0,0,0,0,0,0
1784664721599,unknown,VM-110,Stage2-2-0,0,0,0,0,0,0,0,0
1784664721608,unknown,VM-111,Stage3-0-0,0,0,0,0,0,0,0,0
1784664721621,unknown,VM-115,Stage1-2-0,0,0,0,0,0,0,0,0
1784664721635,unknown,VM-116,Stage2-1-0,0,0,0,0,0,0,0,0
1784664722488,unknown,VM-112,Stage3-3-0,0,0,0,0,0,0,0,0
1784664722599,unknown,VM-110,Stage2-2-0,0,0,0,0,0,0,0,0
1784664722608,unknown,VM-111,Stage3-0-0,0,0,0,0,0,0,0,0
1784664722621,unknown,VM-115,Stage1-2-0,0,0,0,0,0,0,0,0
1784664722635,unknown,VM-116,Stage2-1-0,0,0,0,0,0,0,0,0
1784664723488,unknown,VM-112,Stage3-3-0,0,0,0,0,0,0,0,0
1784664723599,unknown,VM-110,Stage2-2-0,0,0,0,0,0,0,0,0
1784664723608,unknown,VM-111,Stage3-0-0,0,0,0,0,0,0,0,0
1784664723621,unknown,VM-115,Stage1-2-0,0,0,0,0,0,0,0,0
1784664723635,unknown,VM-116,Stage2-1-0,0,0,0,0,0,0,0,0
1784664724488,unknown,VM-112,Stage3-3-0,0,0,0,0,0,0,0,0
1784664724599,unknown,VM-110,Stage2-2-0,0,0,0,0,0,0,0,0
1784664724608,unknown,VM-111,Stage3-0-0,0,0,0,0,0,0,0,0
1784664724621,unknown,VM-115,Stage1-2-0,0,0,0,0,0,0,0,0
1784664724635,unknown,VM-116,Stage2-1-0,0,0,0,0,0,0,0,0
1784664725488,unknown,VM-112,Stage3-3-0,0,0,0,0,0,0,0,0
1784664725599,unknown,VM-110,Stage2-2-0,0,0,0,0,0,0,0,0
1784664725608,unknown,VM-111,Stage3-0-0,0,0,0,0,0,0,0,0
1784664725621,unknown,VM-115,Stage1-2-0,0,0,0,0,0,0,0,0
1784664725635,unknown,VM-116,Stage2-1-0,0,0,0,0,0,0,0,0
1784664726488,unknown,VM-112,Stage3-3-0,0,0,0,0,0,0,0,0
1784664726599,unknown,VM-110,Stage2-2-0,0,0,0,0,0,0,0,0
1784664726608,unknown,VM-111,Stage3-0-0,0,0,0,0,0,0,0,0
1784664726621,unknown,VM-115,Stage1-2-0,0,0,0,0,0,0,0,0
1784664726635,unknown,VM-116,Stage2-1-0,0,0,0,0,0,0,0,0
1784664727488,unknown,VM-112,Stage3-3-0,0,0,0,0,0,0,0,0
1784664727599,unknown,VM-110,Stage2-2-0,0,0,0,0,0,0,0,0
1784664727608,unknown,VM-111,Stage3-0-0,0,0,0,0,0,0,0,0
1784664727621,unknown,VM-115,Stage1-2-0,0,0,0,0,0,0,0,0
1784664727635,unknown,VM-116,Stage2-1-0,0,0,0,0,0,0,0,0
1784664728488,unknown,VM-112,Stage3-3-0,0,0,0,0,0,0,0,0
1784664728599,unknown,VM-110,Stage2-2-0,0,0,0,0,0,0,0,0
1784664728608,unknown,VM-111,Stage3-0-0,0,0,0,0,0,0,0,0
1784664728621,unknown,VM-115,Stage1-2-0,0,0,0,0,0,0,0,0
1784664728635,unknown,VM-116,Stage2-1-0,0,0,0,0,0,0,0,0
1784664729488,unknown,VM-112,Stage3-3-0,0,0,0,0,0,0,0,0
1784664729599,unknown,VM-110,Stage2-2-0,0,0,0,0,0,0,0,0
1784664729608,unknown,VM-111,Stage3-0-0,0,0,0,0,0,0,0,0
1784664729621,unknown,VM-115,Stage1-2-0,0,0,0,0,0,0,0,0
1784664729635,unknown,VM-116,Stage2-1-0,0,0,0,0,0,0,0,0
1784664730488,unknown,VM-112,Stage3-3-0,0,0,0,0,0,0,0,0
1784664730599,unknown,VM-110,Stage2-2-0,0,0,0,0,0,0,0,0
1784664730608,unknown,VM-111,Stage3-0-0,0,0,0,0,0,0,0,0
1784664730621,unknown,VM-115,Stage1-2-0,0,0,0,0,0,0,0,0
1784664730635,unknown,VM-116,Stage2-1-0,0,0,0,0,0,0,0,0
1784664731488,unknown,VM-112,Stage3-3-0,0,0,0,0,0,0,0,0
1784664731599,unknown,VM-110,Stage2-2-0,0,0,0,0,0,0,0,0
1784664731608,unknown,VM-111,Stage3-0-0,0,0,0,0,0,0,0,0
1784664731621,unknown,VM-115,Stage1-2-0,0,0,0,0,0,0,0,0
1784664731635,unknown,VM-116,Stage2-1-0,0,0,0,0,0,0,0,0
1784664732488,unknown,VM-112,Stage3-3-0,0,0,0,0,0,0,0,0
1784664732599,unknown,VM-110,Stage2-2-0,0,0,0,0,0,0,0,0
1784664732608,unknown,VM-111,Stage3-0-0,0,0,0,0,0,0,0,0
1784664732621,unknown,VM-115,Stage1-2-0,0,0,0,0,0,0,0,0
1784664732635,unknown,VM-116,Stage2-1-0,0,0,0,0,0,0,0,0
1784664733488,unknown,VM-112,Stage3-3-0,0,0,0,0,0,0,0,0
1784664733599,unknown,VM-110,Stage2-2-0,0,0,0,0,0,0,0,0
1784664733608,unknown,VM-111,Stage3-0-0,0,0,0,0,0,0,0,0
1784664733621,unknown,VM-115,Stage1-2-0,0,0,0,0,0,0,0,0
1784664733635,unknown,VM-116,Stage2-1-0,0,0,0,0,0,0,0,0
1784664734488,unknown,VM-112,Stage3-3-0,0,0,0,0,0,0,0,0
1784664734599,unknown,VM-110,Stage2-2-0,0,0,0,0,0,0,0,0
1784664734608,unknown,VM-111,Stage3-0-0,0,0,0,0,0,0,0,0
1784664734621,unknown,VM-115,Stage1-2-0,0,0,0,0,0,0,0,0
1784664734635,unknown,VM-116,Stage2-1-0,0,0,0,0,0,0,0,0
1784664735488,unknown,VM-112,Stage3-3-0,0,0,0,0,0,0,0,0
1784664735599,unknown,VM-110,Stage2-2-0,0,0,0,0,0,0,0,0
1784664735608,unknown,VM-111,Stage3-0-0,0,0,0,0,0,0,0,0
1784664735621,unknown,VM-115,Stage1-2-0,0,0,0,0,0,0,0,0
1784664735635,unknown,VM-116,Stage2-1-0,0,0,0,0,0,0,0,0
1784664736488,unknown,VM-112,Stage3-3-0,0,0,0,0,0,0,0,0
1784664736599,unknown,VM-110,Stage2-2-0,0,0,0,0,0,0,0,0
1784664736608,unknown,VM-111,Stage3-0-0,0,0,0,0,0,0,0,0
1784664736621,unknown,VM-115,Stage1-2-0,0,0,0,0,0,0,0,0
1784664736635,unknown,VM-116,Stage2-1-0,0,0,0,0,0,0,0,0
1784664737488,unknown,VM-112,Stage3-3-0,0,0,0,0,0,0,0,0
1784664737599,unknown,VM-110,Stage2-2-0,0,0,0,0,0,0,0,0
1784664737608,unknown,VM-111,Stage3-0-0,0,0,0,0,0,0,0,0
1784664737621,unknown,VM-115,Stage1-2-0,0,0,0,0,0,0,0,0
1784664737635,unknown,VM-116,Stage2-1-0,0,0,0,0,0,0,0,0
1784664738488,unknown,VM-112,Stage3-3-0,0,0,0,0,0,0,0,0
1784664738599,unknown,VM-110,Stage2-2-0,0,0,0,0,0,0,0,0
1784664738608,unknown,VM-111,Stage3-0-0,0,0,0,0,0,0,0,0
1784664738621,unknown,VM-115,Stage1-2-0,0,0,0,0,0,0,0,0
1784664738635,unknown,VM-116,Stage2-1-0,0,0,0,0,0,0,0,0
1784664739488,unknown,VM-112,Stage3-3-0,0,0,0,0,0,0,0,0
1784664739599,unknown,VM-110,Stage2-2-0,0,0,0,0,0,0,0,0
1784664739608,unknown,VM-111,Stage3-0-0,0,0,0,0,0,0,0,0
1784664739621,unknown,VM-115,Stage1-2-0,0,0,0,0,0,0,0,0
1784664739635,unknown,VM-116,Stage2-1-0,0,0,0,0,0,0,0,0
1784664740488,unknown,VM-112,Stage3-3-0,0,0,0,0,0,0,0,0
1784664740599,unknown,VM-110,Stage2-2-0,0,0,0,0,0,0,0,0
1784664740608,unknown,VM-111,Stage3-0-0,0,0,0,0,0,0,0,0
1784664740621,unknown,VM-115,Stage1-2-0,0,0,0,0,0,0,0,0
1784664740635,unknown,VM-116,Stage2-1-0,0,0,0,0,0,0,0,0
1784664741488,unknown,VM-112,Stage3-3-0,0,0,0,0,0,0,0,0
1784664741599,unknown,VM-110,Stage2-2-0,0,0,0,0,0,0,0,0
1784664741608,unknown,VM-111,Stage3-0-0,0,0,0,0,0,0,0,0
1784664741621,unknown,VM-115,Stage1-2-0,0,0,0,0,0,0,0,0
1784664741635,unknown,VM-116,Stage2-1-0,0,0,0,0,0,0,0,0
1784664742488,unknown,VM-112,Stage3-3-0,0,0,0,0,0,0,0,0
1784664742599,unknown,VM-110,Stage2-2-0,0,0,0,0,0,0,0,0
1784664742608,unknown,VM-111,Stage3-0-0,0,0,0,0,0,0,0,0
1784664742621,unknown,VM-115,Stage1-2-0,0,0,0,0,0,0,0,0
1784664742635,unknown,VM-116,Stage2-1-0,0,0,0,0,0,0,0,0
1784664743488,unknown,VM-112,Stage3-3-0,0,0,0,0,0,0,0,0
1784664743599,unknown,VM-110,Stage2-2-0,0,0,0,0,0,0,0,0
1784664743608,unknown,VM-111,Stage3-0-0,0,0,0,0,0,0,0,0
1784664743621,unknown,VM-115,Stage1-2-0,0,0,0,0,0,0,0,0
1784664743635,unknown,VM-116,Stage2-1-0,0,0,0,0,0,0,0,0
1784664744488,unknown,VM-112,Stage3-3-0,0,0,0,0,0,0,0,0
1784664744599,unknown,VM-110,Stage2-2-0,0,0,0,0,0,0,0,0
1784664744608,unknown,VM-111,Stage3-0-0,0,0,0,0,0,0,0,0
1784664744621,unknown,VM-115,Stage1-2-0,0,0,0,0,0,0,0,0
1784664744635,unknown,VM-116,Stage2-1-0,0,0,0,0,0,0,0,0
1784664745488,unknown,VM-112,Stage3-3-0,0,0,0,0,0,0,0,0
1784664745599,unknown,VM-110,Stage2-2-0,0,0,0,0,0,0,0,0
1784664745608,unknown,VM-111,Stage3-0-0,0,0,0,0,0,0,0,0
1784664745621,unknown,VM-115,Stage1-2-0,0,0,0,0,0,0,0,0
1784664745635,unknown,VM-116,Stage2-1-0,0,0,0,0,0,0,0,0
1784664746488,unknown,VM-112,Stage3-3-0,0,0,0,0,0,0,0,0
1784664746599,unknown,VM-110,Stage2-2-0,0,0,0,0,0,0,0,0
1784664746608,unknown,VM-111,Stage3-0-0,0,0,0,0,0,0,0,0
1784664746621,unknown,VM-115,Stage1-2-0,0,0,0,0,0,0,0,0
1784664746635,unknown,VM-116,Stage2-1-0,0,0,0,0,0,0,0,0
1784664747488,unknown,VM-112,Stage3-3-0,0,0,0,0,0,0,0,0
1784664747599,unknown,VM-110,Stage2-2-0,0,0,0,0,0,0,0,0
1784664747608,unknown,VM-111,Stage3-0-0,0,0,0,0,0,0,0,0
1784664747621,unknown,VM-115,Stage1-2-0,0,0,0,0,0,0,0,0
1784664747635,unknown,VM-116,Stage2-1-0,0,0,0,0,0,0,0,0
1784664748488,unknown,VM-112,Stage3-3-0,0,0,0,0,0,0,0,0
1784664748599,unknown,VM-110,Stage2-2-0,0,0,0,0,0,0,0,0
1784664748608,unknown,VM-111,Stage3-0-0,0,0,0,0,0,0,0,0
1784664748621,unknown,VM-115,Stage1-2-0,0,0,0,0,0,0,0,0
1784664748635,unknown,VM-116,Stage2-1-0,0,0,0,0,0,0,0,0
1784664749488,unknown,VM-112,Stage3-3-0,0,0,0,0,0,0,0,0
1784664749599,unknown,VM-110,Stage2-2-0,0,0,0,0,0,0,0,0
1784664749608,unknown,VM-111,Stage3-0-0,0,0,0,0,0,0,0,0
1784664749621,unknown,VM-115,Stage1-2-0,0,0,0,0,0,0,0,0
1784664749635,unknown,VM-116,Stage2-1-0,0,0,0,0,0,0,0,0
1784664750488,unknown,VM-112,Stage3-3-0,0,0,0,0,0,0,0,0
1784664750599,unknown,VM-110,Stage2-2-0,0,0,0,0,0,0,0,0
1784664750608,unknown,VM-111,Stage3-0-0,0,0,0,0,0,0,0,0
1784664750621,unknown,VM-115,Stage1-2-0,0,0,0,0,0,0,0,0
1784664750635,unknown,VM-116,Stage2-1-0,0,0,0,0,0,0,0,0
1784664751488,unknown,VM-112,Stage3-3-0,0,0,0,0,0,0,0,0
1784664751599,unknown,VM-110,Stage2-2-0,0,0,0,0,0,0,0,0
1784664751608,unknown,VM-111,Stage3-0-0,0,0,0,0,0,0,0,0
1784664751621,unknown,VM-115,Stage1-2-0,0,0,0,0,0,0,0,0
1784664751635,unknown,VM-116,Stage2-1-0,0,0,0,0,0,0,0,0
1784664752488,unknown,VM-112,Stage3-3-0,0,0,0,0,0,0,0,0
1784664752599,unknown,VM-110,Stage2-2-0,0,0,0,0,0,0,0,0
1784664752608,unknown,VM-111,Stage3-0-0,0,0,0,0,0,0,0,0
1784664752621,unknown,VM-115,Stage1-2-0,0,0,0,0,0,0,0,0
1784664752635,unknown,VM-116,Stage2-1-0,0,0,0,0,0,0,0,0
1784664753488,unknown,VM-112,Stage3-3-0,0,0,0,0,0,0,0,0
1784664753599,unknown,VM-110,Stage2-2-0,0,0,0,0,0,0,0,0
1784664753608,unknown,VM-111,Stage3-0-0,0,0,0,0,0,0,0,0
1784664753621,unknown,VM-115,Stage1-2-0,0,0,0,0,0,0,0,0
1784664753635,unknown,VM-116,Stage2-1-0,0,0,0,0,0,0,0,0
1784664754488,unknown,VM-112,Stage3-3-0,0,0,0,0,0,0,0,0
1784664754599,unknown,VM-110,Stage2-2-0,0,0,0,0,0,0,0,0
1784664754608,unknown,VM-111,Stage3-0-0,0,0,0,0,0,0,0,0
1784664754621,unknown,VM-115,Stage1-2-0,0,0,0,0,0,0,0,0
1784664754635,unknown,VM-116,Stage2-1-0,0,0,0,0,0,0,0,0
1784664755488,unknown,VM-112,Stage3-3-0,0,0,0,0,0,0,0,0
1784664755599,unknown,VM-110,Stage2-2-0,0,0,0,0,0,0,0,0
1784664755608,unknown,VM-111,Stage3-0-0,0,0,0,0,0,0,0,0
1784664755621,unknown,VM-115,Stage1-2-0,0,0,0,0,0,0,0,0
1784664755635,unknown,VM-116,Stage2-1-0,0,0,0,0,0,0,0,0
1784664756488,unknown,VM-112,Stage3-3-0,0,0,0,0,0,0,0,0
1784664756599,unknown,VM-110,Stage2-2-0,0,0,0,0,0,0,0,0
1784664756608,unknown,VM-111,Stage3-0-0,0,0,0,0,0,0,0,0
1784664756621,unknown,VM-115,Stage1-2-0,0,0,0,0,0,0,0,0
1784664756635,unknown,VM-116,Stage2-1-0,0,0,0,0,0,0,0,0
1784664757488,unknown,VM-112,Stage3-3-0,0,0,0,0,0,0,0,0
1784664757599,unknown,VM-110,Stage2-2-0,0,0,0,0,0,0,0,0
1784664757608,unknown,VM-111,Stage3-0-0,0,0,0,0,0,0,0,0
1784664757621,unknown,VM-115,Stage1-2-0,0,0,0,0,0,0,0,0
1784664757635,unknown,VM-116,Stage2-1-0,0,0,0,0,0,0,0,0
1784664758488,unknown,VM-112,Stage3-3-0,0,0,0,0,0,0,0,0
1784664758599,unknown,VM-110,Stage2-2-0,0,0,0,0,0,0,0,0
1784664758608,unknown,VM-111,Stage3-0-0,0,0,0,0,0,0,0,0
1784664758621,unknown,VM-115,Stage1-2-0,0,0,0,0,0,0,0,0
1784664758635,unknown,VM-116,Stage2-1-0,0,0,0,0,0,0,0,0
1784664759488,unknown,VM-112,Stage3-3-0,0,0,0,0,0,0,0,0
1784664759599,unknown,VM-110,Stage2-2-0,0,0,0,0,0,0,0,0
1784664759608,unknown,VM-111,Stage3-0-0,0,0,0,0,0,0,0,0
1784664759621,unknown,VM-115,Stage1-2-0,0,0,0,0,0,0,0,0
1784664759635,unknown,VM-116,Stage2-1-0,0,0,0,0,0,0,0,0
1784664760488,unknown,VM-112,Stage3-3-0,0,0,0,0,0,0,0,0
1784664760599,unknown,VM-110,Stage2-2-0,0,0,0,0,0,0,0,0
1784664760608,unknown,VM-111,Stage3-0-0,0,0,0,0,0,0,0,0
1784664760621,unknown,VM-115,Stage1-2-0,0,0,0,0,0,0,0,0
1784664760635,unknown,VM-116,Stage2-1-0,0,0,0,0,0,0,0,0
1784664761488,unknown,VM-112,Stage3-3-0,0,0,0,0,0,0,0,0
1784664761599,unknown,VM-110,Stage2-2-0,0,0,0,0,0,0,0,0
1784664761608,unknown,VM-111,Stage3-0-0,0,0,0,0,0,0,0,0
1784664761621,unknown,VM-115,Stage1-2-0,0,0,0,0,0,0,0,0
1784664761635,unknown,VM-116,Stage2-1-0,0,0,0,0,0,0,0,0
1784664762488,unknown,VM-112,Stage3-3-0,0,0,0,0,0,0,0,0
1784664762599,unknown,VM-110,Stage2-2-0,0,0,0,0,0,0,0,0
1784664762608,unknown,VM-111,Stage3-0-0,0,0,0,0,0,0,0,0
1784664762621,unknown,VM-115,Stage1-2-0,0,0,0,0,0,0,0,0
1784664762635,unknown,VM-116,Stage2-1-0,0,0,0,0,0,0,0,0
1784664763488,unknown,VM-112,Stage3-3-0,0,0,0,0,0,0,0,0
1784664763599,unknown,VM-110,Stage2-2-0,0,0,0,0,0,0,0,0
1784664763608,unknown,VM-111,Stage3-0-0,0,0,0,0,0,0,0,0
1784664763621,unknown,VM-115,Stage1-2-0,0,0,0,0,0,0,0,0
1784664763635,unknown,VM-116,Stage2-1-0,0,0,0,0,0,0,0,0
1784664764488,unknown,VM-112,Stage3-3-0,0,0,0,0,0,0,0,0
1784664764599,unknown,VM-110,Stage2-2-0,0,0,0,0,0,0,0,0
1784664764608,unknown,VM-111,Stage3-0-0,0,0,0,0,0,0,0,0
1784664764621,unknown,VM-115,Stage1-2-0,0,0,0,0,0,0,0,0
1784664764635,unknown,VM-116,Stage2-1-0,0,0,0,0,0,0,0,0
1784664765488,unknown,VM-112,Stage3-3-0,0,0,0,0,0,0,0,0
1784664765599,unknown,VM-110,Stage2-2-0,0,0,0,0,0,0,0,0
1784664765608,unknown,VM-111,Stage3-0-0,0,0,0,0,0,0,0,0
1784664765621,unknown,VM-115,Stage1-2-0,0,0,0,0,0,0,0,0
1784664765635,unknown,VM-116,Stage2-1-0,0,0,0,0,0,0,0,0
1784664766488,unknown,VM-112,Stage3-3-0,0,0,0,0,0,0,0,0
1784664766599,unknown,VM-110,Stage2-2-0,0,0,0,0,0,0,0,0
1784664766608,unknown,VM-111,Stage3-0-0,0,0,0,0,0,0,0,0
1784664766621,unknown,VM-115,Stage1-2-0,0,0,0,0,0,0,0,0
1784664766635,unknown,VM-116,Stage2-1-0,0,0,0,0,0,0,0,0
1784664767488,unknown,VM-112,Stage3-3-0,0,0,0,0,0,0,0,0
1784664767599,unknown,VM-110,Stage2-2-0,0,0,0,0,0,0,0,0
1784664767608,unknown,VM-111,Stage3-0-0,0,0,0,0,0,0,0,0
1784664767621,unknown,VM-115,Stage1-2-0,0,0,0,0,0,0,0,0
1784664767635,unknown,VM-116,Stage2-1-0,0,0,0,0,0,0,0,0
1784664768488,unknown,VM-112,Stage3-3-0,0,0,0,0,0,0,0,0
1784664768599,unknown,VM-110,Stage2-2-0,0,0,0,0,0,0,0,0
1784664768608,unknown,VM-111,Stage3-0-0,0,0,0,0,0,0,0,0
1784664768621,unknown,VM-115,Stage1-2-0,0,0,0,0,0,0,0,0
1784664768635,unknown,VM-116,Stage2-1-0,0,0,0,0,0,0,0,0
1784664769488,unknown,VM-112,Stage3-3-0,0,0,0,0,0,0,0,0
1784664769599,unknown,VM-110,Stage2-2-0,0,0,0,0,0,0,0,0
1784664769608,unknown,VM-111,Stage3-0-0,0,0,0,0,0,0,0,0
1784664769621,unknown,VM-115,Stage1-2-0,0,0,0,0,0,0,0,0
1784664769635,unknown,VM-116,Stage2-1-0,0,0,0,0,0,0,0,0
1784664770488,unknown,VM-112,Stage3-3-0,0,0,0,0,0,0,0,0
1784664770599,unknown,VM-110,Stage2-2-0,0,0,0,0,0,0,0,0
1784664770608,unknown,VM-111,Stage3-0-0,0,0,0,0,0,0,0,0
1784664770621,unknown,VM-115,Stage1-2-0,0,0,0,0,0,0,0,0
1784664770635,unknown,VM-116,Stage2-1-0,0,0,0,0,0,0,0,0
1784664771488,unknown,VM-112,Stage3-3-0,0,0,0,0,0,0,0,0
1784664771599,unknown,VM-110,Stage2-2-0,0,0,0,0,0,0,0,0
1784664771608,unknown,VM-111,Stage3-0-0,0,0,0,0,0,0,0,0
1784664771621,unknown,VM-115,Stage1-2-0,0,0,0,0,0,0,0,0
1784664771635,unknown,VM-116,Stage2-1-0,0,0,0,0,0,0,0,0
1784664772488,unknown,VM-112,Stage3-3-0,0,0,0,0,0,0,0,0
1784664772599,unknown,VM-110,Stage2-2-0,0,0,0,0,0,0,0,0
1784664772608,unknown,VM-111,Stage3-0-0,0,0,0,0,0,0,0,0
1784664772621,unknown,VM-115,Stage1-2-0,0,0,0,0,0,0,0,0
1784664772635,unknown,VM-116,Stage2-1-0,0,0,0,0,0,0,0,0
1784664773488,unknown,VM-112,Stage3-3-0,0,0,0,0,0,0,0,0
1784664773599,unknown,VM-110,Stage2-2-0,0,0,0,0,0,0,0,0
1784664773608,unknown,VM-111,Stage3-0-0,0,0,0,0,0,0,0,0
1784664773621,unknown,VM-115,Stage1-2-0,0,0,0,0,0,0,0,0
1784664773635,unknown,VM-116,Stage2-1-0,0,0,0,0,0,0,0,0
1784664774488,unknown,VM-112,Stage3-3-0,0,0,0,0,0,0,0,0
1784664774599,unknown,VM-110,Stage2-2-0,0,0,0,0,0,0,0,0
1784664774608,unknown,VM-111,Stage3-0-0,0,0,0,0,0,0,0,0
1784664774621,unknown,VM-115,Stage1-2-0,0,0,0,0,0,0,0,0
1784664774635,unknown,VM-116,Stage2-1-0,0,0,0,0,0,0,0,0
1784664775488,unknown,VM-112,Stage3-3-0,0,0,0,0,0,0,0,0
1784664775599,unknown,VM-110,Stage2-2-0,0,0,0,0,0,0,0,0
1784664775608,unknown,VM-111,Stage3-0-0,0,0,0,0,0,0,0,0
1784664775621,unknown,VM-115,Stage1-2-0,0,0,0,0,0,0,0,0
1784664775635,unknown,VM-116,Stage2-1-0,0,0,0,0,0,0,0,0
1784664776488,unknown,VM-112,Stage3-3-0,0,0,0,0,0,0,0,0
1784664776599,unknown,VM-110,Stage2-2-0,0,0,0,0,0,0,0,0
1784664776608,unknown,VM-111,Stage3-0-0,0,0,0,0,0,0,0,0
1784664776621,unknown,VM-115,Stage1-2-0,0,0,0,0,0,0,0,0
1784664776635,unknown,VM-116,Stage2-1-0,0,0,0,0,0,0,0,0
1784664777488,unknown,VM-112,Stage3-3-0,0,0,0,0,0,0,0,0
1784664777599,unknown,VM-110,Stage2-2-0,0,0,0,0,0,0,0,0
1784664777608,unknown,VM-111,Stage3-0-0,0,0,0,0,0,0,0,0
1784664777621,unknown,VM-115,Stage1-2-0,0,0,0,0,0,0,0,0
1784664777635,unknown,VM-116,Stage2-1-0,0,0,0,0,0,0,0,0
1784664778488,unknown,VM-112,Stage3-3-0,0,0,0,0,0,0,0,0
1784664778599,unknown,VM-110,Stage2-2-0,0,0,0,0,0,0,0,0
1784664778608,unknown,VM-111,Stage3-0-0,0,0,0,0,0,0,0,0
1784664778621,unknown,VM-115,Stage1-2-0,0,0,0,0,0,0,0,0
1784664778635,unknown,VM-116,Stage2-1-0,0,0,0,0,0,0,0,0
1784664779488,unknown,VM-112,Stage3-3-0,0,0,0,0,0,0,0,0
1784664779599,unknown,VM-110,Stage2-2-0,0,0,0,0,0,0,0,0
1784664779608,unknown,VM-111,Stage3-0-0,0,0,0,0,0,0,0,0
1784664779621,unknown,VM-115,Stage1-2-0,0,0,0,0,0,0,0,0
1784664779635,unknown,VM-116,Stage2-1-0,0,0,0,0,0,0,0,0
1784664780488,unknown,VM-112,Stage3-3-0,0,0,0,0,0,0,0,0
1784664780599,unknown,VM-110,Stage2-2-0,0,0,0,0,0,0,0,0
1784664780608,unknown,VM-111,Stage3-0-0,0,0,0,0,0,0,0,0
1784664780621,unknown,VM-115,Stage1-2-0,0,0,0,0,0,0,0,0
1784664780635,unknown,VM-116,Stage2-1-0,0,0,0,0,0,0,0,0
1784664781488,unknown,VM-112,Stage3-3-0,0,0,0,0,0,0,0,0
1784664781599,unknown,VM-110,Stage2-2-0,0,0,0,0,0,0,0,0
1784664781608,unknown,VM-111,Stage3-0-0,0,0,0,0,0,0,0,0
1784664781621,unknown,VM-115,Stage1-2-0,0,0,0,0,0,0,0,0
1784664781635,unknown,VM-116,Stage2-1-0,0,0,0,0,0,0,0,0
1784664782488,unknown,VM-112,Stage3-3-0,0,0,0,0,0,0,0,0
1784664782599,unknown,VM-110,Stage2-2-0,0,0,0,0,0,0,0,0
1784664782608,unknown,VM-111,Stage3-0-0,0,0,0,0,0,0,0,0
1784664782621,unknown,VM-115,Stage1-2-0,0,0,0,0,0,0,0,0
1784664782635,unknown,VM-116,Stage2-1-0,0,0,0,0,0,0,0,0
1784664783488,unknown,VM-112,Stage3-3-0,0,0,0,0,0,0,0,0
1784664783599,unknown,VM-110,Stage2-2-0,0,0,0,0,0,0,0,0
1784664783608,unknown,VM-111,Stage3-0-0,0,0,0,0,0,0,0,0
1784664783621,unknown,VM-115,Stage1-2-0,0,0,0,0,0,0,0,0
1784664783635,unknown,VM-116,Stage2-1-0,0,0,0,0,0,0,0,0
1784664784488,unknown,VM-112,Stage3-3-0,0,0,0,0,0,0,0,0
1784664784599,unknown,VM-110,Stage2-2-0,0,0,0,0,0,0,0,0
1784664784608,unknown,VM-111,Stage3-0-0,0,0,0,0,0,0,0,0
1784664784621,unknown,VM-115,Stage1-2-0,0,0,0,0,0,0,0,0
1784664784635,unknown,VM-116,Stage2-1-0,0,0,0,0,0,0,0,0
1784664785488,unknown,VM-112,Stage3-3-0,0,0,0,0,0,0,0,0
1784664785599,unknown,VM-110,Stage2-2-0,0,0,0,0,0,0,0,0
1784664785608,unknown,VM-111,Stage3-0-0,0,0,0,0,0,0,0,0
1784664785621,unknown,VM-115,Stage1-2-0,0,0,0,0,0,0,0,0
1784664785635,unknown,VM-116,Stage2-1-0,0,0,0,0,0,0,0,0
1784664786488,unknown,VM-112,Stage3-3-0,0,0,0,0,0,0,0,0
1784664786599,unknown,VM-110,Stage2-2-0,0,0,0,0,0,0,0,0
1784664786608,unknown,VM-111,Stage3-0-0,0,0,0,0,0,0,0,0
1784664786621,unknown,VM-115,Stage1-2-0,0,0,0,0,0,0,0,0
1784664786635,unknown,VM-116,Stage2-1-0,0,0,0,0,0,0,0,0
1784664787488,unknown,VM-112,Stage3-3-0,0,0,0,0,0,0,0,0
1784664787599,unknown,VM-110,Stage2-2-0,0,0,0,0,0,0,0,0
1784664787608,unknown,VM-111,Stage3-0-0,0,0,0,0,0,0,0,0
1784664787621,unknown,VM-115,Stage1-2-0,0,0,0,0,0,0,0,0
1784664787635,unknown,VM-116,Stage2-1-0,0,0,0,0,0,0,0,0
1784664788488,unknown,VM-112,Stage3-3-0,0,0,0,0,0,0,0,0
1784664788599,unknown,VM-110,Stage2-2-0,0,0,0,0,0,0,0,0
1784664788608,unknown,VM-111,Stage3-0-0,0,0,0,0,0,0,0,0
1784664788621,unknown,VM-115,Stage1-2-0,0,0,0,0,0,0,0,0
1784664788635,unknown,VM-116,Stage2-1-0,0,0,0,0,0,0,0,0
1784664789488,unknown,VM-112,Stage3-3-0,0,0,0,0,0,0,0,0
1784664789599,unknown,VM-110,Stage2-2-0,0,0,0,0,0,0,0,0
1784664789608,unknown,VM-111,Stage3-0-0,0,0,0,0,0,0,0,0
1784664789621,unknown,VM-115,Stage1-2-0,0,0,0,0,0,0,0,0
1784664789635,unknown,VM-116,Stage2-1-0,0,0,0,0,0,0,0,0
1784664790488,unknown,VM-112,Stage3-3-0,0,0,0,0,0,0,0,0
1784664790599,unknown,VM-110,Stage2-2-0,0,0,0,0,0,0,0,0
1784664790608,unknown,VM-111,Stage3-0-0,0,0,0,0,0,0,0,0
1784664790621,unknown,VM-115,Stage1-2-0,0,0,0,0,0,0,0,0
1784664790635,unknown,VM-116,Stage2-1-0,0,0,0,0,0,0,0,0
1784664791488,unknown,VM-112,Stage3-3-0,0,0,0,0,0,0,0,0
1784664791599,unknown,VM-110,Stage2-2-0,0,0,0,0,0,0,0,0
1784664791608,unknown,VM-111,Stage3-0-0,0,0,0,0,0,0,0,0
1784664791621,unknown,VM-115,Stage1-2-0,0,0,0,0,0,0,0,0
1784664791635,unknown,VM-116,Stage2-1-0,0,0,0,0,0,0,0,0
1784664792488,unknown,VM-112,Stage3-3-0,0,0,0,0,0,0,0,0
1784664792599,unknown,VM-110,Stage2-2-0,0,0,0,0,0,0,0,0
1784664792608,unknown,VM-111,Stage3-0-0,0,0,0,0,0,0,0,0
1784664792621,unknown,VM-115,Stage1-2-0,0,0,0,0,0,0,0,0
1784664792635,unknown,VM-116,Stage2-1-0,0,0,0,0,0,0,0,0
1784664793488,unknown,VM-112,Stage3-3-0,0,0,0,0,0,0,0,0
1784664793599,unknown,VM-110,Stage2-2-0,0,0,0,0,0,0,0,0
1784664793608,unknown,VM-111,Stage3-0-0,0,0,0,0,0,0,0,0
1784664793621,unknown,VM-115,Stage1-2-0,0,0,0,0,0,0,0,0
1784664793635,unknown,VM-116,Stage2-1-0,0,0,0,0,0,0,0,0
1784664794488,unknown,VM-112,Stage3-3-0,0,0,0,0,0,0,0,0
1784664794599,unknown,VM-110,Stage2-2-0,0,0,0,0,0,0,0,0
1784664794608,unknown,VM-111,Stage3-0-0,0,0,0,0,0,0,0,0
1784664794621,unknown,VM-115,Stage1-2-0,0,0,0,0,0,0,0,0
1784664794635,unknown,VM-116,Stage2-1-0,0,0,0,0,0,0,0,0
1784664795488,unknown,VM-112,Stage3-3-0,0,0,0,0,0,0,0,0
1784664795599,unknown,VM-110,Stage2-2-0,0,0,0,0,0,0,0,0
1784664795608,unknown,VM-111,Stage3-0-0,0,0,0,0,0,0,0,0
1784664795621,unknown,VM-115,Stage1-2-0,0,0,0,0,0,0,0,0
1784664795635,unknown,VM-116,Stage2-1-0,0,0,0,0,0,0,0,0
1784664796488,unknown,VM-112,Stage3-3-0,0,0,0,0,0,0,0,0
1784664796599,unknown,VM-110,Stage2-2-0,0,0,0,0,0,0,0,0
1784664796608,unknown,VM-111,Stage3-0-0,0,0,0,0,0,0,0,0
1784664796621,unknown,VM-115,Stage1-2-0,0,0,0,0,0,0,0,0
1784664796635,unknown,VM-116,Stage2-1-0,0,0,0,0,0,0,0,0
1784664797488,unknown,VM-112,Stage3-3-0,0,0,0,0,0,0,0,0
1784664797599,unknown,VM-110,Stage2-2-0,0,0,0,0,0,0,0,0
1784664797608,unknown,VM-111,Stage3-0-0,0,0,0,0,0,0,0,0
1784664797621,unknown,VM-115,Stage1-2-0,0,0,0,0,0,0,0,0
1784664797635,unknown,VM-116,Stage2-1-0,0,0,0,0,0,0,0,0
1784664798488,unknown,VM-112,Stage3-3-0,0,0,0,0,0,0,0,0
1784664798599,unknown,VM-110,Stage2-2-0,0,0,0,0,0,0,0,0
1784664798608,unknown,VM-111,Stage3-0-0,0,0,0,0,0,0,0,0
1784664798621,unknown,VM-115,Stage1-2-0,0,0,0,0,0,0,0,0
1784664798635,unknown,VM-116,Stage2-1-0,0,0,0,0,0,0,0,0
1784664799488,unknown,VM-112,Stage3-3-0,0,0,0,0,0,0,0,0
1784664799599,unknown,VM-110,Stage2-2-0,0,0,0,0,0,0,0,0
1784664799608,unknown,VM-111,Stage3-0-0,0,0,0,0,0,0,0,0
1784664799621,unknown,VM-115,Stage1-2-0,0,0,0,0,0,0,0,0
1784664799635,unknown,VM-116,Stage2-1-0,0,0,0,0,0,0,0,0
1784664800488,unknown,VM-112,Stage3-3-0,0,0,0,0,0,0,0,0
1784664800599,unknown,VM-110,Stage2-2-0,0,0,0,0,0,0,0,0
1784664800608,unknown,VM-111,Stage3-0-0,0,0,0,0,0,0,0,0
1784664800621,unknown,VM-115,Stage1-2-0,0,0,0,0,0,0,0,0
1784664800635,unknown,VM-116,Stage2-1-0,0,0,0,0,0,0,0,0
1784664801488,unknown,VM-112,Stage3-3-0,0,0,0,0,0,0,0,0
1784664801599,unknown,VM-110,Stage2-2-0,0,0,0,0,0,0,0,0
1784664801608,unknown,VM-111,Stage3-0-0,0,0,0,0,0,0,0,0
1784664801621,unknown,VM-115,Stage1-2-0,0,0,0,0,0,0,0,0
1784664801635,unknown,VM-116,Stage2-1-0,0,0,0,0,0,0,0,0
1784664802488,unknown,VM-112,Stage3-3-0,0,0,0,0,0,0,0,0
1784664802599,unknown,VM-110,Stage2-2-0,0,0,0,0,0,0,0,0
1784664802608,unknown,VM-111,Stage3-0-0,0,0,0,0,0,0,0,0
1784664802621,unknown,VM-115,Stage1-2-0,0,0,0,0,0,0,0,0
1784664802635,unknown,VM-116,Stage2-1-0,0,0,0,0,0,0,0,0
1784664803488,unknown,VM-112,Stage3-3-0,0,0,0,0,0,0,0,0
1784664803599,unknown,VM-110,Stage2-2-0,0,0,0,0,0,0,0,0
1784664803608,unknown,VM-111,Stage3-0-0,0,0,0,0,0,0,0,0
1784664803621,unknown,VM-115,Stage1-2-0,0,0,0,0,0,0,0,0
1784664803635,unknown,VM-116,Stage2-1-0,0,0,0,0,0,0,0,0
1784664804488,unknown,VM-112,Stage3-3-0,0,0,0,0,0,0,0,0
1784664804599,unknown,VM-110,Stage2-2-0,0,0,0,0,0,0,0,0
1784664804608,unknown,VM-111,Stage3-0-0,0,0,0,0,0,0,0,0
1784664804621,unknown,VM-115,Stage1-2-0,0,0,0,0,0,0,0,0
1784664804635,unknown,VM-116,Stage2-1-0,0,0,0,0,0,0,0,0
1784664805488,unknown,VM-112,Stage3-3-0,0,0,0,0,0,0,0,0
1784664805599,unknown,VM-110,Stage2-2-0,0,0,0,0,0,0,0,0
1784664805608,unknown,VM-111,Stage3-0-0,0,0,0,0,0,0,0,0
1784664805621,unknown,VM-115,Stage1-2-0,0,0,0,0,0,0,0,0
1784664805635,unknown,VM-116,Stage2-1-0,0,0,0,0,0,0,0,0
1784664806488,unknown,VM-112,Stage3-3-0,0,0,0,0,0,0,0,0
1784664806599,unknown,VM-110,Stage2-2-0,0,0,0,0,0,0,0,0
1784664806608,unknown,VM-111,Stage3-0-0,0,0,0,0,0,0,0,0
1784664806621,unknown,VM-115,Stage1-2-0,0,0,0,0,0,0,0,0
1784664806635,unknown,VM-116,Stage2-1-0,0,0,0,0,0,0,0,0
1784664807488,unknown,VM-112,Stage3-3-0,0,0,0,0,0,0,0,0
1784664807599,unknown,VM-110,Stage2-2-0,0,0,0,0,0,0,0,0
1784664807608,unknown,VM-111,Stage3-0-0,0,0,0,0,0,0,0,0
1784664807621,unknown,VM-115,Stage1-2-0,0,0,0,0,0,0,0,0
1784664807635,unknown,VM-116,Stage2-1-0,0,0,0,0,0,0,0,0
1784664808488,unknown,VM-112,Stage3-3-0,0,0,0,0,0,0,0,0
1784664808599,unknown,VM-110,Stage2-2-0,0,0,0,0,0,0,0,0
1784664808608,unknown,VM-111,Stage3-0-0,0,0,0,0,0,0,0,0
1784664808621,unknown,VM-115,Stage1-2-0,0,0,0,0,0,0,0,0
1784664808635,unknown,VM-116,Stage2-1-0,0,0,0,0,0,0,0,0
1784664809488,unknown,VM-112,Stage3-3-0,0,0,0,0,0,0,0,0
1784664809599,unknown,VM-110,Stage2-2-0,0,0,0,0,0,0,0,0
1784664809608,unknown,VM-111,Stage3-0-0,0,0,0,0,0,0,0,0
1784664809621,unknown,VM-115,Stage1-2-0,0,0,0,0,0,0,0,0
1784664809635,unknown,VM-116,Stage2-1-0,0,0,0,0,0,0,0,0
1784664810488,unknown,VM-112,Stage3-3-0,0,0,0,0,0,0,0,0
1784664810599,unknown,VM-110,Stage2-2-0,0,0,0,0,0,0,0,0
1784664810608,unknown,VM-111,Stage3-0-0,0,0,0,0,0,0,0,0
1784664810621,unknown,VM-115,Stage1-2-0,0,0,0,0,0,0,0,0
1784664810635,unknown,VM-116,Stage2-1-0,0,0,0,0,0,0,0,0
1784664811488,unknown,VM-112,Stage3-3-0,0,0,0,0,0,0,0,0
1784664811599,unknown,VM-110,Stage2-2-0,0,0,0,0,0,0,0,0
1784664811608,unknown,VM-111,Stage3-0-0,0,0,0,0,0,0,0,0
1784664811621,unknown,VM-115,Stage1-2-0,0,0,0,0,0,0,0,0
1784664811635,unknown,VM-116,Stage2-1-0,0,0,0,0,0,0,0,0
1784664812488,unknown,VM-112,Stage3-3-0,0,0,0,0,0,0,0,0
1784664812599,unknown,VM-110,Stage2-2-0,0,0,0,0,0,0,0,0
1784664812608,unknown,VM-111,Stage3-0-0,0,0,0,0,0,0,0,0
1784664812621,unknown,VM-115,Stage1-2-0,0,0,0,0,0,0,0,0
1784664812635,unknown,VM-116,Stage2-1-0,0,0,0,0,0,0,0,0
1784664813488,unknown,VM-112,Stage3-3-0,0,0,0,0,0,0,0,0
1784664813599,unknown,VM-110,Stage2-2-0,0,0,0,0,0,0,0,0
1784664813608,unknown,VM-111,Stage3-0-0,0,0,0,0,0,0,0,0
1784664813621,unknown,VM-115,Stage1-2-0,0,0,0,0,0,0,0,0
1784664813635,unknown,VM-116,Stage2-1-0,0,0,0,0,0,0,0,0
1784664814488,unknown,VM-112,Stage3-3-0,0,0,0,0,0,0,0,0
1784664814599,unknown,VM-110,Stage2-2-0,0,0,0,0,0,0,0,0
1784664814608,unknown,VM-111,Stage3-0-0,0,0,0,0,0,0,0,0
1784664814621,unknown,VM-115,Stage1-2-0,0,0,0,0,0,0,0,0
1784664814635,unknown,VM-116,Stage2-1-0,0,0,0,0,0,0,0,0
1784664815488,unknown,VM-112,Stage3-3-0,0,0,0,0,0,0,0,0
1784664815599,unknown,VM-110,Stage2-2-0,0,0,0,0,0,0,0,0
1784664815608,unknown,VM-111,Stage3-0-0,0,0,0,0,0,0,0,0
1784664815621,unknown,VM-115,Stage1-2-0,0,0,0,0,0,0,0,0
1784664815635,unknown,VM-116,Stage2-1-0,0,0,0,0,0,0,0,0
1784664816488,unknown,VM-112,Stage3-3-0,0,0,0,0,0,0,0,0
1784664816599,unknown,VM-110,Stage2-2-0,0,0,0,0,0,0,0,0
1784664816608,unknown,VM-111,Stage3-0-0,0,0,0,0,0,0,0,0
1784664816621,unknown,VM-115,Stage1-2-0,0,0,0,0,0,0,0,0
1784664816635,unknown,VM-116,Stage2-1-0,0,0,0,0,0,0,0,0
1784664817488,unknown,VM-112,Stage3-3-0,0,0,0,0,0,0,0,0
1784664817599,unknown,VM-110,Stage2-2-0,0,0,0,0,0,0,0,0
1784664817608,unknown,VM-111,Stage3-0-0,0,0,0,0,0,0,0,0
1784664817621,unknown,VM-115,Stage1-2-0,0,0,0,0,0,0,0,0
1784664817635,unknown,VM-116,Stage2-1-0,0,0,0,0,0,0,0,0
1784664818488,unknown,VM-112,Stage3-3-0,0,0,0,0,0,0,0,0
1784664818599,unknown,VM-110,Stage2-2-0,0,0,0,0,0,0,0,0
1784664818608,unknown,VM-111,Stage3-0-0,0,0,0,0,0,0,0,0
1784664818621,unknown,VM-115,Stage1-2-0,0,0,0,0,0,0,0,0
1784664818635,unknown,VM-116,Stage2-1-0,0,0,0,0,0,0,0,0
1784664819488,unknown,VM-112,Stage3-3-0,0,0,0,0,0,0,0,0
1784664819599,unknown,VM-110,Stage2-2-0,0,0,0,0,0,0,0,0
1784664819608,unknown,VM-111,Stage3-0-0,0,0,0,0,0,0,0,0
1784664819621,unknown,VM-115,Stage1-2-0,0,0,0,0,0,0,0,0
1784664819635,unknown,VM-116,Stage2-1-0,0,0,0,0,0,0,0,0
1784664820488,unknown,VM-112,Stage3-3-0,0,0,0,0,0,0,0,0
1784664820599,unknown,VM-110,Stage2-2-0,0,0,0,0,0,0,0,0
1784664820608,unknown,VM-111,Stage3-0-0,0,0,0,0,0,0,0,0
1784664820621,unknown,VM-115,Stage1-2-0,0,0,0,0,0,0,0,0
1784664820635,unknown,VM-116,Stage2-1-0,0,0,0,0,0,0,0,0
1784664821488,unknown,VM-112,Stage3-3-0,0,0,0,0,0,0,0,0
1784664821599,unknown,VM-110,Stage2-2-0,0,0,0,0,0,0,0,0
1784664821608,unknown,VM-111,Stage3-0-0,0,0,0,0,0,0,0,0
1784664821621,unknown,VM-115,Stage1-2-0,0,0,0,0,0,0,0,0
1784664821635,unknown,VM-116,Stage2-1-0,0,0,0,0,0,0,0,0
1784664822488,unknown,VM-112,Stage3-3-0,0,0,0,0,0,0,0,0
1784664822599,unknown,VM-110,Stage2-2-0,0,0,0,0,0,0,0,0
1784664822608,unknown,VM-111,Stage3-0-0,0,0,0,0,0,0,0,0
1784664822621,unknown,VM-115,Stage1-2-0,0,0,0,0,0,0,0,0
1784664822635,unknown,VM-116,Stage2-1-0,0,0,0,0,0,0,0,0
1784664823488,unknown,VM-112,Stage3-3-0,0,0,0,0,0,0,0,0
1784664823599,unknown,VM-110,Stage2-2-0,0,0,0,0,0,0,0,0
1784664823608,unknown,VM-111,Stage3-0-0,0,0,0,0,0,0,0,0
1784664823621,unknown,VM-115,Stage1-2-0,0,0,0,0,0,0,0,0
1784664823635,unknown,VM-116,Stage2-1-0,0,0,0,0,0,0,0,0
1784664824488,unknown,VM-112,Stage3-3-0,0,0,0,0,0,0,0,0
1784664824599,unknown,VM-110,Stage2-2-0,0,0,0,0,0,0,0,0
1784664824608,unknown,VM-111,Stage3-0-0,0,0,0,0,0,0,0,0
1784664824621,unknown,VM-115,Stage1-2-0,0,0,0,0,0,0,0,0
1784664824635,unknown,VM-116,Stage2-1-0,0,0,0,0,0,0,0,0
1784664825488,unknown,VM-112,Stage3-3-0,0,0,0,0,0,0,0,0
1784664825599,unknown,VM-110,Stage2-2-0,0,0,0,0,0,0,0,0
1784664825608,unknown,VM-111,Stage3-0-0,0,0,0,0,0,0,0,0
1784664825621,unknown,VM-115,Stage1-2-0,0,0,0,0,0,0,0,0
1784664825635,unknown,VM-116,Stage2-1-0,0,0,0,0,0,0,0,0
1784664826488,unknown,VM-112,Stage3-3-0,0,0,0,0,0,0,0,0
1784664826599,unknown,VM-110,Stage2-2-0,0,0,0,0,0,0,0,0
1784664826608,unknown,VM-111,Stage3-0-0,0,0,0,0,0,0,0,0
1784664826621,unknown,VM-115,Stage1-2-0,0,0,0,0,0,0,0,0
1784664826635,unknown,VM-116,Stage2-1-0,0,0,0,0,0,0,0,0
1784664827488,unknown,VM-112,Stage3-3-0,0,0,0,0,0,0,0,0
1784664827599,unknown,VM-110,Stage2-2-0,0,0,0,0,0,0,0,0
1784664827608,unknown,VM-111,Stage3-0-0,0,0,0,0,0,0,0,0
1784664827621,unknown,VM-115,Stage1-2-0,0,0,0,0,0,0,0,0
1784664827635,unknown,VM-116,Stage2-1-0,0,0,0,0,0,0,0,0
1784664828488,unknown,VM-112,Stage3-3-0,0,0,0,0,0,0,0,0
1784664828599,unknown,VM-110,Stage2-2-0,0,0,0,0,0,0,0,0
1784664828608,unknown,VM-111,Stage3-0-0,0,0,0,0,0,0,0,0
1784664828621,unknown,VM-115,Stage1-2-0,0,0,0,0,0,0,0,0
1784664828635,unknown,VM-116,Stage2-1-0,0,0,0,0,0,0,0,0
1784664829488,unknown,VM-112,Stage3-3-0,0,0,0,0,0,0,0,0
1784664829599,unknown,VM-110,Stage2-2-0,0,0,0,0,0,0,0,0
1784664829608,unknown,VM-111,Stage3-0-0,0,0,0,0,0,0,0,0
1784664829621,unknown,VM-115,Stage1-2-0,0,0,0,0,0,0,0,0
1784664829635,unknown,VM-116,Stage2-1-0,0,0,0,0,0,0,0,0
1784664830488,unknown,VM-112,Stage3-3-0,0,0,0,0,0,0,0,0
1784664830599,unknown,VM-110,Stage2-2-0,0,0,0,0,0,0,0,0
1784664830608,unknown,VM-111,Stage3-0-0,0,0,0,0,0,0,0,0
1784664830621,unknown,VM-115,Stage1-2-0,0,0,0,0,0,0,0,0
1784664830635,unknown,VM-116,Stage2-1-0,0,0,0,0,0,0,0,0
1784664831488,unknown,VM-112,Stage3-3-0,0,0,0,0,0,0,0,0
1784664831599,unknown,VM-110,Stage2-2-0,0,0,0,0,0,0,0,0
1784664831608,unknown,VM-111,Stage3-0-0,0,0,0,0,0,0,0,0
1784664831621,unknown,VM-115,Stage1-2-0,0,0,0,0,0,0,0,0
1784664831635,unknown,VM-116,Stage2-1-0,0,0,0,0,0,0,0,0
1784664832488,unknown,VM-112,Stage3-3-0,0,0,0,0,0,0,0,0
1784664832599,unknown,VM-110,Stage2-2-0,0,0,0,0,0,0,0,0
1784664832608,unknown,VM-111,Stage3-0-0,0,0,0,0,0,0,0,0
1784664832621,unknown,VM-115,Stage1-2-0,0,0,0,0,0,0,0,0
1784664832635,unknown,VM-116,Stage2-1-0,0,0,0,0,0,0,0,0
1784664833488,unknown,VM-112,Stage3-3-0,0,0,0,0,0,0,0,0
1784664833599,unknown,VM-110,Stage2-2-0,0,0,0,0,0,0,0,0
1784664833608,unknown,VM-111,Stage3-0-0,0,0,0,0,0,0,0,0
1784664833621,unknown,VM-115,Stage1-2-0,0,0,0,0,0,0,0,0
1784664833635,unknown,VM-116,Stage2-1-0,0,0,0,0,0,0,0,0
1784664834488,unknown,VM-112,Stage3-3-0,0,0,0,0,0,0,0,0
1784664834599,unknown,VM-110,Stage2-2-0,0,0,0,0,0,0,0,0
1784664834608,unknown,VM-111,Stage3-0-0,0,0,0,0,0,0,0,0
1784664834621,unknown,VM-115,Stage1-2-0,0,0,0,0,0,0,0,0
1784664834635,unknown,VM-116,Stage2-1-0,0,0,0,0,0,0,0,0
1784664835488,unknown,VM-112,Stage3-3-0,0,0,0,0,0,0,0,0
1784664835599,unknown,VM-110,Stage2-2-0,0,0,0,0,0,0,0,0
1784664835608,unknown,VM-111,Stage3-0-0,0,0,0,0,0,0,0,0
1784664835621,unknown,VM-115,Stage1-2-0,0,0,0,0,0,0,0,0
1784664835635,unknown,VM-116,Stage2-1-0,0,0,0,0,0,0,0,0
1784664836488,unknown,VM-112,Stage3-3-0,0,0,0,0,0,0,0,0
1784664836599,unknown,VM-110,Stage2-2-0,0,0,0,0,0,0,0,0
1784664836608,unknown,VM-111,Stage3-0-0,0,0,0,0,0,0,0,0
1784664836621,unknown,VM-115,Stage1-2-0,0,0,0,0,0,0,0,0
1784664836635,unknown,VM-116,Stage2-1-0,0,0,0,0,0,0,0,0
1784664837488,unknown,VM-112,Stage3-3-0,0,0,0,0,0,0,0,0
1784664837599,unknown,VM-110,Stage2-2-0,0,0,0,0,0,0,0,0
1784664837608,unknown,VM-111,Stage3-0-0,0,0,0,0,0,0,0,0
1784664837621,unknown,VM-115,Stage1-2-0,0,0,0,0,0,0,0,0
1784664837635,unknown,VM-116,Stage2-1-0,0,0,0,0,0,0,0,0
1784664838488,unknown,VM-112,Stage3-3-0,0,0,0,0,0,0,0,0
1784664838599,unknown,VM-110,Stage2-2-0,0,0,0,0,0,0,0,0
1784664838608,unknown,VM-111,Stage3-0-0,0,0,0,0,0,0,0,0
1784664838621,unknown,VM-115,Stage1-2-0,0,0,0,0,0,0,0,0
1784664838635,unknown,VM-116,Stage2-1-0,0,0,0,0,0,0,0,0
1784664839488,unknown,VM-112,Stage3-3-0,0,0,0,0,0,0,0,0
1784664839599,unknown,VM-110,Stage2-2-0,0,0,0,0,0,0,0,0
1784664839608,unknown,VM-111,Stage3-0-0,0,0,0,0,0,0,0,0
1784664839621,unknown,VM-115,Stage1-2-0,0,0,0,0,0,0,0,0
1784664839635,unknown,VM-116,Stage2-1-0,0,0,0,0,0,0,0,0
1784664840488,unknown,VM-112,Stage3-3-0,0,0,0,0,0,0,0,0
1784664840599,unknown,VM-110,Stage2-2-0,0,0,0,0,0,0,0,0
1784664840608,unknown,VM-111,Stage3-0-0,0,0,0,0,0,0,0,0
1784664840621,unknown,VM-115,Stage1-2-0,0,0,0,0,0,0,0,0
1784664840635,unknown,VM-116,Stage2-1-0,0,0,0,0,0,0,0,0
1784664841488,unknown,VM-112,Stage3-3-0,0,0,0,0,0,0,0,0
1784664841599,unknown,VM-110,Stage2-2-0,0,0,0,0,0,0,0,0
1784664841608,unknown,VM-111,Stage3-0-0,0,0,0,0,0,0,0,0
1784664841621,unknown,VM-115,Stage1-2-0,0,0,0,0,0,0,0,0
1784664841635,unknown,VM-116,Stage2-1-0,0,0,0,0,0,0,0,0
1784664842488,unknown,VM-112,Stage3-3-0,0,0,0,0,0,0,0,0
1784664842599,unknown,VM-110,Stage2-2-0,0,0,0,0,0,0,0,0
1784664842608,unknown,VM-111,Stage3-0-0,0,0,0,0,0,0,0,0
1784664842621,unknown,VM-115,Stage1-2-0,0,0,0,0,0,0,0,0
1784664842635,unknown,VM-116,Stage2-1-0,0,0,0,0,0,0,0,0
1784664843488,unknown,VM-112,Stage3-3-0,0,0,0,0,0,0,0,0
1784664843599,unknown,VM-110,Stage2-2-0,0,0,0,0,0,0,0,0
1784664843608,unknown,VM-111,Stage3-0-0,0,0,0,0,0,0,0,0
1784664843621,unknown,VM-115,Stage1-2-0,0,0,0,0,0,0,0,0
1784664843635,unknown,VM-116,Stage2-1-0,0,0,0,0,0,0,0,0
1784664844488,unknown,VM-112,Stage3-3-0,0,0,0,0,0,0,0,0
1784664844599,unknown,VM-110,Stage2-2-0,0,0,0,0,0,0,0,0
1784664844608,unknown,VM-111,Stage3-0-0,0,0,0,0,0,0,0,0
1784664844621,unknown,VM-115,Stage1-2-0,0,0,0,0,0,0,0,0
1784664844635,unknown,VM-116,Stage2-1-0,0,0,0,0,0,0,0,0
1784664845488,unknown,VM-112,Stage3-3-0,0,0,0,0,0,0,0,0
1784664845599,unknown,VM-110,Stage2-2-0,0,0,0,0,0,0,0,0
1784664845608,unknown,VM-111,Stage3-0-0,0,0,0,0,0,0,0,0
1784664845621,unknown,VM-115,Stage1-2-0,0,0,0,0,0,0,0,0
1784664845635,unknown,VM-116,Stage2-1-0,0,0,0,0,0,0,0,0
1784664846488,unknown,VM-112,Stage3-3-0,0,0,0,0,0,0,0,0
1784664846599,unknown,VM-110,Stage2-2-0,0,0,0,0,0,0,0,0
1784664846608,unknown,VM-111,Stage3-0-0,0,0,0,0,0,0,0,0
1784664846621,unknown,VM-115,Stage1-2-0,0,0,0,0,0,0,0,0
1784664846635,unknown,VM-116,Stage2-1-0,0,0,0,0,0,0,0,0
1784664847488,unknown,VM-112,Stage3-3-0,0,0,0,0,0,0,0,0
1784664847599,unknown,VM-110,Stage2-2-0,0,0,0,0,0,0,0,0
1784664847608,unknown,VM-111,Stage3-0-0,0,0,0,0,0,0,0,0
1784664847621,unknown,VM-115,Stage1-2-0,0,0,0,0,0,0,0,0
1784664847635,unknown,VM-116,Stage2-1-0,0,0,0,0,0,0,0,0
1784664848488,unknown,VM-112,Stage3-3-0,0,0,0,0,0,0,0,0
1784664848599,unknown,VM-110,Stage2-2-0,0,0,0,0,0,0,0,0
1784664848608,unknown,VM-111,Stage3-0-0,0,0,0,0,0,0,0,0
1784664848621,unknown,VM-115,Stage1-2-0,0,0,0,0,0,0,0,0
1784664848635,unknown,VM-116,Stage2-1-0,0,0,0,0,0,0,0,0
1784664849488,unknown,VM-112,Stage3-3-0,0,0,0,0,0,0,0,0
1784664849599,unknown,VM-110,Stage2-2-0,0,0,0,0,0,0,0,0
1784664849608,unknown,VM-111,Stage3-0-0,0,0,0,0,0,0,0,0
1784664849621,unknown,VM-115,Stage1-2-0,0,0,0,0,0,0,0,0
1784664849635,unknown,VM-116,Stage2-1-0,0,0,0,0,0,0,0,0
1784664850488,unknown,VM-112,Stage3-3-0,0,0,0,0,0,0,0,0
1784664850599,unknown,VM-110,Stage2-2-0,0,0,0,0,0,0,0,0
1784664850608,unknown,VM-111,Stage3-0-0,0,0,0,0,0,0,0,0
1784664850621,unknown,VM-115,Stage1-2-0,0,0,0,0,0,0,0,0
1784664850635,unknown,VM-116,Stage2-1-0,0,0,0,0,0,0,0,0
1784664851488,unknown,VM-112,Stage3-3-0,0,0,0,0,0,0,0,0
1784664851599,unknown,VM-110,Stage2-2-0,0,0,0,0,0,0,0,0
1784664851608,unknown,VM-111,Stage3-0-0,0,0,0,0,0,0,0,0
1784664851621,unknown,VM-115,Stage1-2-0,0,0,0,0,0,0,0,0
1784664851635,unknown,VM-116,Stage2-1-0,0,0,0,0,0,0,0,0
1784664852488,unknown,VM-112,Stage3-3-0,0,0,0,0,0,0,0,0
1784664852599,unknown,VM-110,Stage2-2-0,0,0,0,0,0,0,0,0
1784664852608,unknown,VM-111,Stage3-0-0,0,0,0,0,0,0,0,0
1784664852621,unknown,VM-115,Stage1-2-0,0,0,0,0,0,0,0,0
1784664852635,unknown,VM-116,Stage2-1-0,0,0,0,0,0,0,0,0
1784664853488,unknown,VM-112,Stage3-3-0,0,0,0,0,0,0,0,0
1784664853599,unknown,VM-110,Stage2-2-0,0,0,0,0,0,0,0,0
1784664853608,unknown,VM-111,Stage3-0-0,0,0,0,0,0,0,0,0
1784664853621,unknown,VM-115,Stage1-2-0,0,0,0,0,0,0,0,0
1784664853635,unknown,VM-116,Stage2-1-0,0,0,0,0,0,0,0,0
1784664854488,unknown,VM-112,Stage3-3-0,0,0,0,0,0,0,0,0
1784664854599,unknown,VM-110,Stage2-2-0,0,0,0,0,0,0,0,0
1784664854608,unknown,VM-111,Stage3-0-0,0,0,0,0,0,0,0,0
1784664854621,unknown,VM-115,Stage1-2-0,0,0,0,0,0,0,0,0
1784664854635,unknown,VM-116,Stage2-1-0,0,0,0,0,0,0,0,0
1784664855488,unknown,VM-112,Stage3-3-0,0,0,0,0,0,0,0,0
1784664855599,unknown,VM-110,Stage2-2-0,0,0,0,0,0,0,0,0
1784664855608,unknown,VM-111,Stage3-0-0,0,0,0,0,0,0,0,0
1784664855621,unknown,VM-115,Stage1-2-0,0,0,0,0,0,0,0,0
1784664855635,unknown,VM-116,Stage2-1-0,0,0,0,0,0,0,0,0
1784664856488,unknown,VM-112,Stage3-3-0,0,0,0,0,0,0,0,0
1784664856599,unknown,VM-110,Stage2-2-0,0,0,0,0,0,0,0,0
1784664856608,unknown,VM-111,Stage3-0-0,0,0,0,0,0,0,0,0
1784664856621,unknown,VM-115,Stage1-2-0,0,0,0,0,0,0,0,0
1784664856635,unknown,VM-116,Stage2-1-0,0,0,0,0,0,0,0,0
1784664857488,unknown,VM-112,Stage3-3-0,0,0,0,0,0,0,0,0
1784664857599,unknown,VM-110,Stage2-2-0,0,0,0,0,0,0,0,0
1784664857608,unknown,VM-111,Stage3-0-0,0,0,0,0,0,0,0,0
1784664857621,unknown,VM-115,Stage1-2-0,0,0,0,0,0,0,0,0
1784664857635,unknown,VM-116,Stage2-1-0,0,0,0,0,0,0,0,0
1784664858488,unknown,VM-112,Stage3-3-0,0,0,0,0,0,0,0,0
1784664858599,unknown,VM-110,Stage2-2-0,0,0,0,0,0,0,0,0
1784664858608,unknown,VM-111,Stage3-0-0,0,0,0,0,0,0,0,0
1784664858621,unknown,VM-115,Stage1-2-0,0,0,0,0,0,0,0,0
1784664858635,unknown,VM-116,Stage2-1-0,0,0,0,0,0,0,0,0
1784664859488,unknown,VM-112,Stage3-3-0,0,0,0,0,0,0,0,0
1784664859599,unknown,VM-110,Stage2-2-0,0,0,0,0,0,0,0,0
1784664859608,unknown,VM-111,Stage3-0-0,0,0,0,0,0,0,0,0
1784664859621,unknown,VM-115,Stage1-2-0,0,0,0,0,0,0,0,0
1784664859635,unknown,VM-116,Stage2-1-0,0,0,0,0,0,0,0,0
1784664860488,unknown,VM-112,Stage3-3-0,0,0,0,0,0,0,0,0
1784664860599,unknown,VM-110,Stage2-2-0,0,0,0,0,0,0,0,0
1784664860608,unknown,VM-111,Stage3-0-0,0,0,0,0,0,0,0,0
1784664860621,unknown,VM-115,Stage1-2-0,0,0,0,0,0,0,0,0
1784664860635,unknown,VM-116,Stage2-1-0,0,0,0,0,0,0,0,0
1784664861599,unknown,VM-110,Stage2-2-0,0,0,0,0,0,0,0,0
1784664861608,unknown,VM-111,Stage3-0-0,0,0,0,0,0,0,0,0
1784664861621,unknown,VM-115,Stage1-2-0,0,0,0,0,0,0,0,0
1784664861635,unknown,VM-116,Stage2-1-0,0,0,0,0,0,0,0,0
1784664861640,unknown,VM-112,Stage3-3-0,0,0,0,0,0,0,0,0
1784664862488,unknown,VM-112,Stage3-3-0,0,0,0,0,0,0,0,0
1784664862599,unknown,VM-110,Stage2-2-0,0,0,0,0,0,0,0,0
1784664862608,unknown,VM-111,Stage3-0-0,0,0,0,0,0,0,0,0
1784664862621,unknown,VM-115,Stage1-2-0,0,0,0,0,0,0,0,0
1784664862635,unknown,VM-116,Stage2-1-0,0,0,0,0,0,0,0,0
1784664863488,unknown,VM-112,Stage3-3-0,0,0,0,0,0,0,0,0
1784664863599,unknown,VM-110,Stage2-2-0,0,0,0,0,0,0,0,0
1784664863608,unknown,VM-111,Stage3-0-0,0,0,0,0,0,0,0,0
1784664863621,unknown,VM-115,Stage1-2-0,0,0,0,0,0,0,0,0
1784664863635,unknown,VM-116,Stage2-1-0,0,0,0,0,0,0,0,0
1784664864488,unknown,VM-112,Stage3-3-0,0,0,0,0,0,0,0,0
1784664864599,unknown,VM-110,Stage2-2-0,0,0,0,0,0,0,0,0
1784664864608,unknown,VM-111,Stage3-0-0,0,0,0,0,0,0,0,0
1784664864621,unknown,VM-115,Stage1-2-0,0,0,0,0,0,0,0,0
1784664864635,unknown,VM-116,Stage2-1-0,0,0,0,0,0,0,0,0
1784664865488,unknown,VM-112,Stage3-3-0,0,0,0,0,0,0,0,0
1784664865599,unknown,VM-110,Stage2-2-0,0,0,0,0,0,0,0,0
1784664865608,unknown,VM-111,Stage3-0-0,0,0,0,0,0,0,0,0
1784664865621,unknown,VM-115,Stage1-2-0,0,0,0,0,0,0,0,0
1784664865635,unknown,VM-116,Stage2-1-0,0,0,0,0,0,0,0,0
1784664866488,unknown,VM-112,Stage3-3-0,0,0,0,0,0,0,0,0
1784664866599,unknown,VM-110,Stage2-2-0,0,0,0,0,0,0,0,0
1784664866608,unknown,VM-111,Stage3-0-0,0,0,0,0,0,0,0,0
1784664866621,unknown,VM-115,Stage1-2-0,0,0,0,0,0,0,0,0
1784664866635,unknown,VM-116,Stage2-1-0,0,0,0,0,0,0,0,0
1784664867488,unknown,VM-112,Stage3-3-0,0,0,0,0,0,0,0,0
1784664867599,unknown,VM-110,Stage2-2-0,0,0,0,0,0,0,0,0
1784664867608,unknown,VM-111,Stage3-0-0,0,0,0,0,0,0,0,0
1784664867621,unknown,VM-115,Stage1-2-0,0,0,0,0,0,0,0,0
1784664867635,unknown,VM-116,Stage2-1-0,0,0,0,0,0,0,0,0
1784664868488,unknown,VM-112,Stage3-3-0,0,0,0,0,0,0,0,0
1784664868599,unknown,VM-110,Stage2-2-0,0,0,0,0,0,0,0,0
1784664868608,unknown,VM-111,Stage3-0-0,0,0,0,0,0,0,0,0
1784664868621,unknown,VM-115,Stage1-2-0,0,0,0,0,0,0,0,0
1784664868635,unknown,VM-116,Stage2-1-0,0,0,0,0,0,0,0,0
1784664869488,unknown,VM-112,Stage3-3-0,0,0,0,0,0,0,0,0
1784664869599,unknown,VM-110,Stage2-2-0,0,0,0,0,0,0,0,0
1784664869608,unknown,VM-111,Stage3-0-0,0,0,0,0,0,0,0,0
1784664869621,unknown,VM-115,Stage1-2-0,0,0,0,0,0,0,0,0
1784664869635,unknown,VM-116,Stage2-1-0,0,0,0,0,0,0,0,0
1784664870488,unknown,VM-112,Stage3-3-0,0,0,0,0,0,0,0,0
1784664870599,unknown,VM-110,Stage2-2-0,0,0,0,0,0,0,0,0
1784664870608,unknown,VM-111,Stage3-0-0,0,0,0,0,0,0,0,0
1784664870621,unknown,VM-115,Stage1-2-0,0,0,0,0,0,0,0,0
1784664870635,unknown,VM-116,Stage2-1-0,0,0,0,0,0,0,0,0
1784664871488,unknown,VM-112,Stage3-3-0,0,0,0,0,0,0,0,0
1784664871599,unknown,VM-110,Stage2-2-0,0,0,0,0,0,0,0,0
1784664871608,unknown,VM-111,Stage3-0-0,0,0,0,0,0,0,0,0
1784664871621,unknown,VM-115,Stage1-2-0,0,0,0,0,0,0,0,0
1784664871635,unknown,VM-116,Stage2-1-0,0,0,0,0,0,0,0,0
1784664872488,unknown,VM-112,Stage3-3-0,0,0,0,0,0,0,0,0
1784664872599,unknown,VM-110,Stage2-2-0,0,0,0,0,0,0,0,0
1784664872608,unknown,VM-111,Stage3-0-0,0,0,0,0,0,0,0,0
1784664872621,unknown,VM-115,Stage1-2-0,0,0,0,0,0,0,0,0
1784664872635,unknown,VM-116,Stage2-1-0,0,0,0,0,0,0,0,0
1784664873488,unknown,VM-112,Stage3-3-0,0,0,0,0,0,0,0,0
1784664873599,unknown,VM-110,Stage2-2-0,0,0,0,0,0,0,0,0
1784664873608,unknown,VM-111,Stage3-0-0,0,0,0,0,0,0,0,0
1784664873621,unknown,VM-115,Stage1-2-0,0,0,0,0,0,0,0,0
1784664873635,unknown,VM-116,Stage2-1-0,0,0,0,0,0,0,0,0
1784664874488,unknown,VM-112,Stage3-3-0,0,0,0,0,0,0,0,0
1784664874599,unknown,VM-110,Stage2-2-0,0,0,0,0,0,0,0,0
1784664874608,unknown,VM-111,Stage3-0-0,0,0,0,0,0,0,0,0
1784664874621,unknown,VM-115,Stage1-2-0,0,0,0,0,0,0,0,0
1784664874635,unknown,VM-116,Stage2-1-0,0,0,0,0,0,0,0,0
1784664875488,unknown,VM-112,Stage3-3-0,0,0,0,0,0,0,0,0
1784664875599,unknown,VM-110,Stage2-2-0,0,0,0,0,0,0,0,0
1784664875608,unknown,VM-111,Stage3-0-0,0,0,0,0,0,0,0,0
1784664875621,unknown,VM-115,Stage1-2-0,0,0,0,0,0,0,0,0
1784664875635,unknown,VM-116,Stage2-1-0,0,0,0,0,0,0,0,0
1784664876488,unknown,VM-112,Stage3-3-0,0,0,0,0,0,0,0,0
1784664876599,unknown,VM-110,Stage2-2-0,0,0,0,0,0,0,0,0
1784664876608,unknown,VM-111,Stage3-0-0,0,0,0,0,0,0,0,0
1784664876621,unknown,VM-115,Stage1-2-0,0,0,0,0,0,0,0,0
1784664876635,unknown,VM-116,Stage2-1-0,0,0,0,0,0,0,0,0
1784664877488,unknown,VM-112,Stage3-3-0,0,0,0,0,0,0,0,0
1784664877599,unknown,VM-110,Stage2-2-0,0,0,0,0,0,0,0,0
1784664877608,unknown,VM-111,Stage3-0-0,0,0,0,0,0,0,0,0
1784664877621,unknown,VM-115,Stage1-2-0,0,0,0,0,0,0,0,0
1784664877635,unknown,VM-116,Stage2-1-0,0,0,0,0,0,0,0,0
1784664878488,unknown,VM-112,Stage3-3-0,0,0,0,0,0,0,0,0
1784664878599,unknown,VM-110,Stage2-2-0,0,0,0,0,0,0,0,0
1784664878608,unknown,VM-111,Stage3-0-0,0,0,0,0,0,0,0,0
1784664878621,unknown,VM-115,Stage1-2-0,0,0,0,0,0,0,0,0
1784664878635,unknown,VM-116,Stage2-1-0,0,0,0,0,0,0,0,0
1784664879488,unknown,VM-112,Stage3-3-0,0,0,0,0,0,0,0,0
1784664879599,unknown,VM-110,Stage2-2-0,0,0,0,0,0,0,0,0
1784664879608,unknown,VM-111,Stage3-0-0,0,0,0,0,0,0,0,0
1784664879621,unknown,VM-115,Stage1-2-0,0,0,0,0,0,0,0,0
1784664879635,unknown,VM-116,Stage2-1-0,0,0,0,0,0,0,0,0
1784664880488,unknown,VM-112,Stage3-3-0,0,0,0,0,0,0,0,0
1784664880599,unknown,VM-110,Stage2-2-0,0,0,0,0,0,0,0,0
1784664880608,unknown,VM-111,Stage3-0-0,0,0,0,0,0,0,0,0
1784664880621,unknown,VM-115,Stage1-2-0,0,0,0,0,0,0,0,0
1784664880635,unknown,VM-116,Stage2-1-0,0,0,0,0,0,0,0,0
1784664881488,unknown,VM-112,Stage3-3-0,0,0,0,0,0,0,0,0
1784664881599,unknown,VM-110,Stage2-2-0,0,0,0,0,0,0,0,0
1784664881608,unknown,VM-111,Stage3-0-0,0,0,0,0,0,0,0,0
1784664881621,unknown,VM-115,Stage1-2-0,0,0,0,0,0,0,0,0
1784664881635,unknown,VM-116,Stage2-1-0,0,0,0,0,0,0,0,0
1784664882488,unknown,VM-112,Stage3-3-0,0,0,0,0,0,0,0,0
1784664882599,unknown,VM-110,Stage2-2-0,0,0,0,0,0,0,0,0
1784664882608,unknown,VM-111,Stage3-0-0,0,0,0,0,0,0,0,0
1784664882621,unknown,VM-115,Stage1-2-0,0,0,0,0,0,0,0,0
1784664882635,unknown,VM-116,Stage2-1-0,0,0,0,0,0,0,0,0
1784664883488,unknown,VM-112,Stage3-3-0,0,0,0,0,0,0,0,0
1784664883599,unknown,VM-110,Stage2-2-0,0,0,0,0,0,0,0,0
1784664883608,unknown,VM-111,Stage3-0-0,0,0,0,0,0,0,0,0
1784664883621,unknown,VM-115,Stage1-2-0,0,0,0,0,0,0,0,0
1784664883635,unknown,VM-116,Stage2-1-0,0,0,0,0,0,0,0,0
1784664884488,unknown,VM-112,Stage3-3-0,0,0,0,0,0,0,0,0
1784664884599,unknown,VM-110,Stage2-2-0,0,0,0,0,0,0,0,0
1784664884608,unknown,VM-111,Stage3-0-0,0,0,0,0,0,0,0,0
1784664884621,unknown,VM-115,Stage1-2-0,0,0,0,0,0,0,0,0
1784664884635,unknown,VM-116,Stage2-1-0,0,0,0,0,0,0,0,0
1784664885488,unknown,VM-112,Stage3-3-0,0,0,0,0,0,0,0,0
1784664885599,unknown,VM-110,Stage2-2-0,0,0,0,0,0,0,0,0
1784664885608,unknown,VM-111,Stage3-0-0,0,0,0,0,0,0,0,0
1784664885621,unknown,VM-115,Stage1-2-0,0,0,0,0,0,0,0,0
1784664885635,unknown,VM-116,Stage2-1-0,0,0,0,0,0,0,0,0
1784664886488,unknown,VM-112,Stage3-3-0,0,0,0,0,0,0,0,0
1784664886599,unknown,VM-110,Stage2-2-0,0,0,0,0,0,0,0,0
1784664886608,unknown,VM-111,Stage3-0-0,0,0,0,0,0,0,0,0
1784664886621,unknown,VM-115,Stage1-2-0,0,0,0,0,0,0,0,0
1784664886635,unknown,VM-116,Stage2-1-0,0,0,0,0,0,0,0,0
1784664887488,unknown,VM-112,Stage3-3-0,0,0,0,0,0,0,0,0
1784664887599,unknown,VM-110,Stage2-2-0,0,0,0,0,0,0,0,0
1784664887608,unknown,VM-111,Stage3-0-0,0,0,0,0,0,0,0,0
1784664887621,unknown,VM-115,Stage1-2-0,0,0,0,0,0,0,0,0
1784664887635,unknown,VM-116,Stage2-1-0,0,0,0,0,0,0,0,0
1784664888488,unknown,VM-112,Stage3-3-0,0,0,0,0,0,0,0,0
1784664888599,unknown,VM-110,Stage2-2-0,0,0,0,0,0,0,0,0
1784664888608,unknown,VM-111,Stage3-0-0,0,0,0,0,0,0,0,0
1784664888621,unknown,VM-115,Stage1-2-0,0,0,0,0,0,0,0,0
1784664888635,unknown,VM-116,Stage2-1-0,0,0,0,0,0,0,0,0
1784664889488,unknown,VM-112,Stage3-3-0,0,0,0,0,0,0,0,0
1784664889599,unknown,VM-110,Stage2-2-0,0,0,0,0,0,0,0,0
1784664889608,unknown,VM-111,Stage3-0-0,0,0,0,0,0,0,0,0
1784664889621,unknown,VM-115,Stage1-2-0,0,0,0,0,0,0,0,0
1784664889635,unknown,VM-116,Stage2-1-0,0,0,0,0,0,0,0,0
1784664890488,unknown,VM-112,Stage3-3-0,0,0,0,0,0,0,0,0
1784664890599,unknown,VM-110,Stage2-2-0,0,0,0,0,0,0,0,0
1784664890608,unknown,VM-111,Stage3-0-0,0,0,0,0,0,0,0,0
1784664890621,unknown,VM-115,Stage1-2-0,0,0,0,0,0,0,0,0
1784664890635,unknown,VM-116,Stage2-1-0,0,0,0,0,0,0,0,0
1784664891488,unknown,VM-112,Stage3-3-0,0,0,0,0,0,0,0,0
1784664891599,unknown,VM-110,Stage2-2-0,0,0,0,0,0,0,0,0
1784664891608,unknown,VM-111,Stage3-0-0,0,0,0,0,0,0,0,0
1784664891621,unknown,VM-115,Stage1-2-0,0,0,0,0,0,0,0,0
1784664891635,unknown,VM-116,Stage2-1-0,0,0,0,0,0,0,0,0
1784664892488,unknown,VM-112,Stage3-3-0,0,0,0,0,0,0,0,0
1784664892599,unknown,VM-110,Stage2-2-0,0,0,0,0,0,0,0,0
1784664892608,unknown,VM-111,Stage3-0-0,0,0,0,0,0,0,0,0
1784664892621,unknown,VM-115,Stage1-2-0,0,0,0,0,0,0,0,0
1784664892635,unknown,VM-116,Stage2-1-0,0,0,0,0,0,0,0,0
1784664893488,unknown,VM-112,Stage3-3-0,0,0,0,0,0,0,0,0
1784664893599,unknown,VM-110,Stage2-2-0,0,0,0,0,0,0,0,0
1784664893608,unknown,VM-111,Stage3-0-0,0,0,0,0,0,0,0,0
1784664893621,unknown,VM-115,Stage1-2-0,0,0,0,0,0,0,0,0
1784664893635,unknown,VM-116,Stage2-1-0,0,0,0,0,0,0,0,0
1784664894488,unknown,VM-112,Stage3-3-0,0,0,0,0,0,0,0,0
1784664894599,unknown,VM-110,Stage2-2-0,0,0,0,0,0,0,0,0
1784664894608,unknown,VM-111,Stage3-0-0,0,0,0,0,0,0,0,0
1784664894621,unknown,VM-115,Stage1-2-0,0,0,0,0,0,0,0,0
1784664894635,unknown,VM-116,Stage2-1-0,0,0,0,0,0,0,0,0
1784664895488,unknown,VM-112,Stage3-3-0,0,0,0,0,0,0,0,0
1784664895599,unknown,VM-110,Stage2-2-0,0,0,0,0,0,0,0,0
1784664895608,unknown,VM-111,Stage3-0-0,0,0,0,0,0,0,0,0
1784664895621,unknown,VM-115,Stage1-2-0,0,0,0,0,0,0,0,0
1784664895635,unknown,VM-116,Stage2-1-0,0,0,0,0,0,0,0,0
1784664896488,unknown,VM-112,Stage3-3-0,0,0,0,0,0,0,0,0
1784664896599,unknown,VM-110,Stage2-2-0,0,0,0,0,0,0,0,0
1784664896608,unknown,VM-111,Stage3-0-0,0,0,0,0,0,0,0,0
1784664896621,unknown,VM-115,Stage1-2-0,0,0,0,0,0,0,0,0
1784664896635,unknown,VM-116,Stage2-1-0,0,0,0,0,0,0,0,0
1784664897488,unknown,VM-112,Stage3-3-0,0,0,0,0,0,0,0,0
1784664897599,unknown,VM-110,Stage2-2-0,0,0,0,0,0,0,0,0
1784664897608,unknown,VM-111,Stage3-0-0,0,0,0,0,0,0,0,0
1784664897621,unknown,VM-115,Stage1-2-0,0,0,0,0,0,0,0,0
1784664897635,unknown,VM-116,Stage2-1-0,0,0,0,0,0,0,0,0
1784664898488,unknown,VM-112,Stage3-3-0,0,0,0,0,0,0,0,0
1784664898599,unknown,VM-110,Stage2-2-0,0,0,0,0,0,0,0,0
1784664898608,unknown,VM-111,Stage3-0-0,0,0,0,0,0,0,0,0
1784664898621,unknown,VM-115,Stage1-2-0,0,0,0,0,0,0,0,0
1784664898635,unknown,VM-116,Stage2-1-0,0,0,0,0,0,0,0,0
1784664899488,unknown,VM-112,Stage3-3-0,0,0,0,0,0,0,0,0
1784664899599,unknown,VM-110,Stage2-2-0,0,0,0,0,0,0,0,0
1784664899608,unknown,VM-111,Stage3-0-0,0,0,0,0,0,0,0,0
1784664899621,unknown,VM-115,Stage1-2-0,0,0,0,0,0,0,0,0
1784664899635,unknown,VM-116,Stage2-1-0,0,0,0,0,0,0,0,0
1784664900488,unknown,VM-112,Stage3-3-0,0,0,0,0,0,0,0,0
1784664900599,unknown,VM-110,Stage2-2-0,0,0,0,0,0,0,0,0
1784664900608,unknown,VM-111,Stage3-0-0,0,0,0,0,0,0,0,0
1784664900621,unknown,VM-115,Stage1-2-0,0,0,0,0,0,0,0,0
1784664900635,unknown,VM-116,Stage2-1-0,0,0,0,0,0,0,0,0
1784664901488,unknown,VM-112,Stage3-3-0,0,0,0,0,0,0,0,0
1784664901599,unknown,VM-110,Stage2-2-0,0,0,0,0,0,0,0,0
1784664901608,unknown,VM-111,Stage3-0-0,0,0,0,0,0,0,0,0
1784664901621,unknown,VM-115,Stage1-2-0,0,0,0,0,0,0,0,0
1784664901635,unknown,VM-116,Stage2-1-0,0,0,0,0,0,0,0,0
1784664902488,unknown,VM-112,Stage3-3-0,0,0,0,0,0,0,0,0
1784664902599,unknown,VM-110,Stage2-2-0,0,0,0,0,0,0,0,0
1784664902608,unknown,VM-111,Stage3-0-0,0,0,0,0,0,0,0,0
1784664902621,unknown,VM-115,Stage1-2-0,0,0,0,0,0,0,0,0
1784664902635,unknown,VM-116,Stage2-1-0,0,0,0,0,0,0,0,0
1784664903488,unknown,VM-112,Stage3-3-0,0,0,0,0,0,0,0,0
1784664903599,unknown,VM-110,Stage2-2-0,0,0,0,0,0,0,0,0
1784664903608,unknown,VM-111,Stage3-0-0,0,0,0,0,0,0,0,0
1784664903621,unknown,VM-115,Stage1-2-0,0,0,0,0,0,0,0,0
1784664903635,unknown,VM-116,Stage2-1-0,0,0,0,0,0,0,0,0
1784664904488,unknown,VM-112,Stage3-3-0,0,0,0,0,0,0,0,0
1784664904599,unknown,VM-110,Stage2-2-0,0,0,0,0,0,0,0,0
1784664904608,unknown,VM-111,Stage3-0-0,0,0,0,0,0,0,0,0
1784664904621,unknown,VM-115,Stage1-2-0,0,0,0,0,0,0,0,0
1784664904635,unknown,VM-116,Stage2-1-0,0,0,0,0,0,0,0,0
1784664905488,unknown,VM-112,Stage3-3-0,0,0,0,0,0,0,0,0
1784664905599,unknown,VM-110,Stage2-2-0,0,0,0,0,0,0,0,0
1784664905608,unknown,VM-111,Stage3-0-0,0,0,0,0,0,0,0,0
1784664905621,unknown,VM-115,Stage1-2-0,0,0,0,0,0,0,0,0
1784664905635,unknown,VM-116,Stage2-1-0,0,0,0,0,0,0,0,0
1784664906488,unknown,VM-112,Stage3-3-0,0,0,0,0,0,0,0,0
1784664906599,unknown,VM-110,Stage2-2-0,0,0,0,0,0,0,0,0
1784664906608,unknown,VM-111,Stage3-0-0,0,0,0,0,0,0,0,0
1784664906621,unknown,VM-115,Stage1-2-0,0,0,0,0,0,0,0,0
1784664906635,unknown,VM-116,Stage2-1-0,0,0,0,0,0,0,0,0
1784664907488,unknown,VM-112,Stage3-3-0,0,0,0,0,0,0,0,0
1784664907599,unknown,VM-110,Stage2-2-0,0,0,0,0,0,0,0,0
1784664907608,unknown,VM-111,Stage3-0-0,0,0,0,0,0,0,0,0
1784664907621,unknown,VM-115,Stage1-2-0,0,0,0,0,0,0,0,0
1784664907635,unknown,VM-116,Stage2-1-0,0,0,0,0,0,0,0,0
1784664908488,unknown,VM-112,Stage3-3-0,0,0,0,0,0,0,0,0
1784664908599,unknown,VM-110,Stage2-2-0,0,0,0,0,0,0,0,0
1784664908608,unknown,VM-111,Stage3-0-0,0,0,0,0,0,0,0,0
1784664908621,unknown,VM-115,Stage1-2-0,0,0,0,0,0,0,0,0
1784664908635,unknown,VM-116,Stage2-1-0,0,0,0,0,0,0,0,0
1784664909488,unknown,VM-112,Stage3-3-0,0,0,0,0,0,0,0,0
1784664909599,unknown,VM-110,Stage2-2-0,0,0,0,0,0,0,0,0
1784664909608,unknown,VM-111,Stage3-0-0,0,0,0,0,0,0,0,0
1784664909621,unknown,VM-115,Stage1-2-0,0,0,0,0,0,0,0,0
1784664909635,unknown,VM-116,Stage2-1-0,0,0,0,0,0,0,0,0
1784664910488,unknown,VM-112,Stage3-3-0,0,0,0,0,0,0,0,0
1784664910599,unknown,VM-110,Stage2-2-0,0,0,0,0,0,0,0,0
1784664910608,unknown,VM-111,Stage3-0-0,0,0,0,0,0,0,0,0
1784664910621,unknown,VM-115,Stage1-2-0,0,0,0,0,0,0,0,0
1784664910635,unknown,VM-116,Stage2-1-0,0,0,0,0,0,0,0,0
1784664911488,unknown,VM-112,Stage3-3-0,0,0,0,0,0,0,0,0
1784664911599,unknown,VM-110,Stage2-2-0,0,0,0,0,0,0,0,0
1784664911608,unknown,VM-111,Stage3-0-0,0,0,0,0,0,0,0,0
1784664911621,unknown,VM-115,Stage1-2-0,0,0,0,0,0,0,0,0
1784664911635,unknown,VM-116,Stage2-1-0,0,0,0,0,0,0,0,0
1784664912488,unknown,VM-112,Stage3-3-0,0,0,0,0,0,0,0,0
1784664912599,unknown,VM-110,Stage2-2-0,0,0,0,0,0,0,0,0
1784664912608,unknown,VM-111,Stage3-0-0,0,0,0,0,0,0,0,0
1784664912621,unknown,VM-115,Stage1-2-0,0,0,0,0,0,0,0,0
1784664912635,unknown,VM-116,Stage2-1-0,0,0,0,0,0,0,0,0
1784664913488,unknown,VM-112,Stage3-3-0,0,0,0,0,0,0,0,0
1784664913599,unknown,VM-110,Stage2-2-0,0,0,0,0,0,0,0,0
1784664913608,unknown,VM-111,Stage3-0-0,0,0,0,0,0,0,0,0
1784664913621,unknown,VM-115,Stage1-2-0,0,0,0,0,0,0,0,0
1784664913635,unknown,VM-116,Stage2-1-0,0,0,0,0,0,0,0,0
1784664914488,unknown,VM-112,Stage3-3-0,0,0,0,0,0,0,0,0
1784664914599,unknown,VM-110,Stage2-2-0,0,0,0,0,0,0,0,0
1784664914608,unknown,VM-111,Stage3-0-0,0,0,0,0,0,0,0,0
1784664914621,unknown,VM-115,Stage1-2-0,0,0,0,0,0,0,0,0
1784664914635,unknown,VM-116,Stage2-1-0,0,0,0,0,0,0,0,0
1784664915488,unknown,VM-112,Stage3-3-0,0,0,0,0,0,0,0,0
1784664915599,unknown,VM-110,Stage2-2-0,0,0,0,0,0,0,0,0
1784664915608,unknown,VM-111,Stage3-0-0,0,0,0,0,0,0,0,0
1784664915621,unknown,VM-115,Stage1-2-0,0,0,0,0,0,0,0,0
1784664915635,unknown,VM-116,Stage2-1-0,0,0,0,0,0,0,0,0
1784664916488,unknown,VM-112,Stage3-3-0,0,0,0,0,0,0,0,0
1784664916599,unknown,VM-110,Stage2-2-0,0,0,0,0,0,0,0,0
1784664916608,unknown,VM-111,Stage3-0-0,0,0,0,0,0,0,0,0
1784664916621,unknown,VM-115,Stage1-2-0,0,0,0,0,0,0,0,0
1784664916635,unknown,VM-116,Stage2-1-0,0,0,0,0,0,0,0,0
1784664917488,unknown,VM-112,Stage3-3-0,0,0,0,0,0,0,0,0
1784664917599,unknown,VM-110,Stage2-2-0,0,0,0,0,0,0,0,0
1784664917608,unknown,VM-111,Stage3-0-0,0,0,0,0,0,0,0,0
1784664917621,unknown,VM-115,Stage1-2-0,0,0,0,0,0,0,0,0
1784664917635,unknown,VM-116,Stage2-1-0,0,0,0,0,0,0,0,0
1784664918488,unknown,VM-112,Stage3-3-0,0,0,0,0,0,0,0,0
1784664918599,unknown,VM-110,Stage2-2-0,0,0,0,0,0,0,0,0
1784664918608,unknown,VM-111,Stage3-0-0,0,0,0,0,0,0,0,0
1784664918621,unknown,VM-115,Stage1-2-0,0,0,0,0,0,0,0,0
1784664918635,unknown,VM-116,Stage2-1-0,0,0,0,0,0,0,0,0
1784664919488,unknown,VM-112,Stage3-3-0,0,0,0,0,0,0,0,0
1784664919599,unknown,VM-110,Stage2-2-0,0,0,0,0,0,0,0,0
1784664919608,unknown,VM-111,Stage3-0-0,0,0,0,0,0,0,0,0
1784664919621,unknown,VM-115,Stage1-2-0,0,0,0,0,0,0,0,0
1784664919635,unknown,VM-116,Stage2-1-0,0,0,0,0,0,0,0,0
1784664920488,unknown,VM-112,Stage3-3-0,0,0,0,0,0,0,0,0
1784664920599,unknown,VM-110,Stage2-2-0,0,0,0,0,0,0,0,0
1784664920608,unknown,VM-111,Stage3-0-0,0,0,0,0,0,0,0,0
1784664920621,unknown,VM-115,Stage1-2-0,0,0,0,0,0,0,0,0
1784664920635,unknown,VM-116,Stage2-1-0,0,0,0,0,0,0,0,0
1784664921488,unknown,VM-112,Stage3-3-0,0,0,0,0,0,0,0,0
1784664921599,unknown,VM-110,Stage2-2-0,0,0,0,0,0,0,0,0
1784664921608,unknown,VM-111,Stage3-0-0,0,0,0,0,0,0,0,0
1784664921621,unknown,VM-115,Stage1-2-0,0,0,0,0,0,0,0,0
1784664921635,unknown,VM-116,Stage2-1-0,0,0,0,0,0,0,0,0
1784664922488,unknown,VM-112,Stage3-3-0,0,0,0,0,0,0,0,0
1784664922599,unknown,VM-110,Stage2-2-0,0,0,0,0,0,0,0,0
1784664922608,unknown,VM-111,Stage3-0-0,0,0,0,0,0,0,0,0
1784664922621,unknown,VM-115,Stage1-2-0,0,0,0,0,0,0,0,0
1784664922635,unknown,VM-116,Stage2-1-0,0,0,0,0,0,0,0,0
1784664923488,unknown,VM-112,Stage3-3-0,0,0,0,0,0,0,0,0
1784664923599,unknown,VM-110,Stage2-2-0,0,0,0,0,0,0,0,0
1784664923608,unknown,VM-111,Stage3-0-0,0,0,0,0,0,0,0,0
1784664923621,unknown,VM-115,Stage1-2-0,0,0,0,0,0,0,0,0
1784664923635,unknown,VM-116,Stage2-1-0,0,0,0,0,0,0,0,0
1784664924488,unknown,VM-112,Stage3-3-0,0,0,0,0,0,0,0,0
1784664924599,unknown,VM-110,Stage2-2-0,0,0,0,0,0,0,0,0
1784664924608,unknown,VM-111,Stage3-0-0,0,0,0,0,0,0,0,0
1784664924621,unknown,VM-115,Stage1-2-0,0,0,0,0,0,0,0,0
1784664924635,unknown,VM-116,Stage2-1-0,0,0,0,0,0,0,0,0
1784664925488,unknown,VM-112,Stage3-3-0,0,0,0,0,0,0,0,0
1784664925599,unknown,VM-110,Stage2-2-0,0,0,0,0,0,0,0,0
1784664925608,unknown,VM-111,Stage3-0-0,0,0,0,0,0,0,0,0
1784664925621,unknown,VM-115,Stage1-2-0,0,0,0,0,0,0,0,0
1784664925635,unknown,VM-116,Stage2-1-0,0,0,0,0,0,0,0,0
1784664926488,unknown,VM-112,Stage3-3-0,0,0,0,0,0,0,0,0
1784664926599,unknown,VM-110,Stage2-2-0,0,0,0,0,0,0,0,0
1784664926608,unknown,VM-111,Stage3-0-0,0,0,0,0,0,0,0,0
1784664926621,unknown,VM-115,Stage1-2-0,0,0,0,0,0,0,0,0
1784664926635,unknown,VM-116,Stage2-1-0,0,0,0,0,0,0,0,0
1784664927488,unknown,VM-112,Stage3-3-0,0,0,0,0,0,0,0,0
1784664927599,unknown,VM-110,Stage2-2-0,0,0,0,0,0,0,0,0
1784664927608,unknown,VM-111,Stage3-0-0,0,0,0,0,0,0,0,0
1784664927621,unknown,VM-115,Stage1-2-0,0,0,0,0,0,0,0,0
1784664927635,unknown,VM-116,Stage2-1-0,0,0,0,0,0,0,0,0
1784664928488,unknown,VM-112,Stage3-3-0,0,0,0,0,0,0,0,0
1784664928599,unknown,VM-110,Stage2-2-0,0,0,0,0,0,0,0,0
1784664928608,unknown,VM-111,Stage3-0-0,0,0,0,0,0,0,0,0
1784664928621,unknown,VM-115,Stage1-2-0,0,0,0,0,0,0,0,0
1784664928635,unknown,VM-116,Stage2-1-0,0,0,0,0,0,0,0,0
1784664929488,unknown,VM-112,Stage3-3-0,0,0,0,0,0,0,0,0
1784664929599,unknown,VM-110,Stage2-2-0,0,0,0,0,0,0,0,0
1784664929608,unknown,VM-111,Stage3-0-0,0,0,0,0,0,0,0,0
1784664929621,unknown,VM-115,Stage1-2-0,0,0,0,0,0,0,0,0
1784664929635,unknown,VM-116,Stage2-1-0,0,0,0,0,0,0,0,0
1784664930488,unknown,VM-112,Stage3-3-0,0,0,0,0,0,0,0,0
1784664930599,unknown,VM-110,Stage2-2-0,0,0,0,0,0,0,0,0
1784664930608,unknown,VM-111,Stage3-0-0,0,0,0,0,0,0,0,0
1784664930621,unknown,VM-115,Stage1-2-0,0,0,0,0,0,0,0,0
1784664930635,unknown,VM-116,Stage2-1-0,0,0,0,0,0,0,0,0
1784664931488,unknown,VM-112,Stage3-3-0,0,0,0,0,0,0,0,0
1784664931599,unknown,VM-110,Stage2-2-0,0,0,0,0,0,0,0,0
1784664931608,unknown,VM-111,Stage3-0-0,0,0,0,0,0,0,0,0
1784664931621,unknown,VM-115,Stage1-2-0,0,0,0,0,0,0,0,0
1784664931635,unknown,VM-116,Stage2-1-0,0,0,0,0,0,0,0,0
1784664932488,unknown,VM-112,Stage3-3-0,0,0,0,0,0,0,0,0
1784664932599,unknown,VM-110,Stage2-2-0,0,0,0,0,0,0,0,0
1784664932608,unknown,VM-111,Stage3-0-0,0,0,0,0,0,0,0,0
1784664932621,unknown,VM-115,Stage1-2-0,0,0,0,0,0,0,0,0
1784664932635,unknown,VM-116,Stage2-1-0,0,0,0,0,0,0,0,0
1784664933488,unknown,VM-112,Stage3-3-0,0,0,0,0,0,0,0,0
1784664933599,unknown,VM-110,Stage2-2-0,0,0,0,0,0,0,0,0
1784664933608,unknown,VM-111,Stage3-0-0,0,0,0,0,0,0,0,0
1784664933621,unknown,VM-115,Stage1-2-0,0,0,0,0,0,0,0,0
1784664933635,unknown,VM-116,Stage2-1-0,0,0,0,0,0,0,0,0
1784664934488,unknown,VM-112,Stage3-3-0,0,0,0,0,0,0,0,0
1784664934599,unknown,VM-110,Stage2-2-0,0,0,0,0,0,0,0,0
1784664934608,unknown,VM-111,Stage3-0-0,0,0,0,0,0,0,0,0
1784664934621,unknown,VM-115,Stage1-2-0,0,0,0,0,0,0,0,0
1784664934635,unknown,VM-116,Stage2-1-0,0,0,0,0,0,0,0,0
1784664935488,unknown,VM-112,Stage3-3-0,0,0,0,0,0,0,0,0
1784664935599,unknown,VM-110,Stage2-2-0,0,0,0,0,0,0,0,0
1784664935608,unknown,VM-111,Stage3-0-0,0,0,0,0,0,0,0,0
1784664935621,unknown,VM-115,Stage1-2-0,0,0,0,0,0,0,0,0
1784664935635,unknown,VM-116,Stage2-1-0,0,0,0,0,0,0,0,0
1784664936488,unknown,VM-112,Stage3-3-0,0,0,0,0,0,0,0,0
1784664936598,unknown,VM-110,Stage2-2-0,0,0,0,0,0,0,0,0
1784664936608,unknown,VM-111,Stage3-0-0,0,0,0,0,0,0,0,0
1784664936621,unknown,VM-115,Stage1-2-0,0,0,0,0,0,0,0,0
1784664936635,unknown,VM-116,Stage2-1-0,0,0,0,0,0,0,0,0
1784664937488,unknown,VM-112,Stage3-3-0,0,0,0,0,0,0,0,0
1784664937599,unknown,VM-110,Stage2-2-0,0,0,0,0,0,0,0,0
1784664937608,unknown,VM-111,Stage3-0-0,0,0,0,0,0,0,0,0
1784664937621,unknown,VM-115,Stage1-2-0,0,0,0,0,0,0,0,0
1784664937635,unknown,VM-116,Stage2-1-0,0,0,0,0,0,0,0,0
1784664938488,unknown,VM-112,Stage3-3-0,0,0,0,0,0,0,0,0
1784664938599,unknown,VM-110,Stage2-2-0,0,0,0,0,0,0,0,0
1784664938608,unknown,VM-111,Stage3-0-0,0,0,0,0,0,0,0,0
1784664938621,unknown,VM-115,Stage1-2-0,0,0,0,0,0,0,0,0
1784664938635,unknown,VM-116,Stage2-1-0,0,0,0,0,0,0,0,0
1784664939488,unknown,VM-112,Stage3-3-0,0,0,0,0,0,0,0,0
1784664939599,unknown,VM-110,Stage2-2-0,0,0,0,0,0,0,0,0
1784664939608,unknown,VM-111,Stage3-0-0,0,0,0,0,0,0,0,0
1784664939621,unknown,VM-115,Stage1-2-0,0,0,0,0,0,0,0,0
1784664939635,unknown,VM-116,Stage2-1-0,0,0,0,0,0,0,0,0
1784664940488,unknown,VM-112,Stage3-3-0,0,0,0,0,0,0,0,0
1784664940599,unknown,VM-110,Stage2-2-0,0,0,0,0,0,0,0,0
1784664940608,unknown,VM-111,Stage3-0-0,0,0,0,0,0,0,0,0
1784664940621,unknown,VM-115,Stage1-2-0,0,0,0,0,0,0,0,0
1784664940635,unknown,VM-116,Stage2-1-0,0,0,0,0,0,0,0,0
1784664941488,unknown,VM-112,Stage3-3-0,0,0,0,0,0,0,0,0
1784664941599,unknown,VM-110,Stage2-2-0,0,0,0,0,0,0,0,0
1784664941608,unknown,VM-111,Stage3-0-0,0,0,0,0,0,0,0,0
1784664941621,unknown,VM-115,Stage1-2-0,0,0,0,0,0,0,0,0
1784664941635,unknown,VM-116,Stage2-1-0,0,0,0,0,0,0,0,0
1784664942488,unknown,VM-112,Stage3-3-0,0,0,0,0,0,0,0,0
1784664942599,unknown,VM-110,Stage2-2-0,0,0,0,0,0,0,0,0
1784664942608,unknown,VM-111,Stage3-0-0,0,0,0,0,0,0,0,0
1784664942621,unknown,VM-115,Stage1-2-0,0,0,0,0,0,0,0,0
1784664942635,unknown,VM-116,Stage2-1-0,0,0,0,0,0,0,0,0
1784664943488,unknown,VM-112,Stage3-3-0,0,0,0,0,0,0,0,0
1784664943599,unknown,VM-110,Stage2-2-0,0,0,0,0,0,0,0,0
1784664943608,unknown,VM-111,Stage3-0-0,0,0,0,0,0,0,0,0
1784664943621,unknown,VM-115,Stage1-2-0,0,0,0,0,0,0,0,0
1784664943635,unknown,VM-116,Stage2-1-0,0,0,0,0,0,0,0,0
1784664944488,unknown,VM-112,Stage3-3-0,0,0,0,0,0,0,0,0
1784664944599,unknown,VM-110,Stage2-2-0,0,0,0,0,0,0,0,0
1784664944608,unknown,VM-111,Stage3-0-0,0,0,0,0,0,0,0,0
1784664944621,unknown,VM-115,Stage1-2-0,0,0,0,0,0,0,0,0
1784664944635,unknown,VM-116,Stage2-1-0,0,0,0,0,0,0,0,0
1784664945488,unknown,VM-112,Stage3-3-0,0,0,0,0,0,0,0,0
1784664945599,unknown,VM-110,Stage2-2-0,0,0,0,0,0,0,0,0
1784664945608,unknown,VM-111,Stage3-0-0,0,0,0,0,0,0,0,0
1784664945621,unknown,VM-115,Stage1-2-0,0,0,0,0,0,0,0,0
1784664945635,unknown,VM-116,Stage2-1-0,0,0,0,0,0,0,0,0
1784664946488,unknown,VM-112,Stage3-3-0,0,0,0,0,0,0,0,0
1784664946599,unknown,VM-110,Stage2-2-0,0,0,0,0,0,0,0,0
1784664946608,unknown,VM-111,Stage3-0-0,0,0,0,0,0,0,0,0
1784664946621,unknown,VM-115,Stage1-2-0,0,0,0,0,0,0,0,0
1784664946635,unknown,VM-116,Stage2-1-0,0,0,0,0,0,0,0,0
1784664947488,unknown,VM-112,Stage3-3-0,0,0,0,0,0,0,0,0
1784664947599,unknown,VM-110,Stage2-2-0,0,0,0,0,0,0,0,0
1784664947608,unknown,VM-111,Stage3-0-0,0,0,0,0,0,0,0,0
1784664947621,unknown,VM-115,Stage1-2-0,0,0,0,0,0,0,0,0
1784664947635,unknown,VM-116,Stage2-1-0,0,0,0,0,0,0,0,0
1784664948488,unknown,VM-112,Stage3-3-0,0,0,0,0,0,0,0,0
1784664948599,unknown,VM-110,Stage2-2-0,0,0,0,0,0,0,0,0
1784664948608,unknown,VM-111,Stage3-0-0,0,0,0,0,0,0,0,0
1784664948621,unknown,VM-115,Stage1-2-0,0,0,0,0,0,0,0,0
1784664948635,unknown,VM-116,Stage2-1-0,0,0,0,0,0,0,0,0
1784664949488,unknown,VM-112,Stage3-3-0,0,0,0,0,0,0,0,0
1784664949599,unknown,VM-110,Stage2-2-0,0,0,0,0,0,0,0,0
1784664949608,unknown,VM-111,Stage3-0-0,0,0,0,0,0,0,0,0
1784664949621,unknown,VM-115,Stage1-2-0,0,0,0,0,0,0,0,0
1784664949635,unknown,VM-116,Stage2-1-0,0,0,0,0,0,0,0,0
1784664950488,unknown,VM-112,Stage3-3-0,0,0,0,0,0,0,0,0
1784664950599,unknown,VM-110,Stage2-2-0,0,0,0,0,0,0,0,0
1784664950608,unknown,VM-111,Stage3-0-0,0,0,0,0,0,0,0,0
1784664950621,unknown,VM-115,Stage1-2-0,0,0,0,0,0,0,0,0
1784664950635,unknown,VM-116,Stage2-1-0,0,0,0,0,0,0,0,0
1784664951488,unknown,VM-112,Stage3-3-0,0,0,0,0,0,0,0,0
1784664951599,unknown,VM-110,Stage2-2-0,0,0,0,0,0,0,0,0
1784664951608,unknown,VM-111,Stage3-0-0,0,0,0,0,0,0,0,0
1784664951621,unknown,VM-115,Stage1-2-0,0,0,0,0,0,0,0,0
1784664951635,unknown,VM-116,Stage2-1-0,0,0,0,0,0,0,0,0
1784664952488,unknown,VM-112,Stage3-3-0,0,0,0,0,0,0,0,0
1784664952599,unknown,VM-110,Stage2-2-0,0,0,0,0,0,0,0,0
1784664952608,unknown,VM-111,Stage3-0-0,0,0,0,0,0,0,0,0
1784664952621,unknown,VM-115,Stage1-2-0,0,0,0,0,0,0,0,0
1784664952635,unknown,VM-116,Stage2-1-0,0,0,0,0,0,0,0,0
1784664953488,unknown,VM-112,Stage3-3-0,0,0,0,0,0,0,0,0
1784664953599,unknown,VM-110,Stage2-2-0,0,0,0,0,0,0,0,0
1784664953608,unknown,VM-111,Stage3-0-0,0,0,0,0,0,0,0,0
1784664953621,unknown,VM-115,Stage1-2-0,0,0,0,0,0,0,0,0
1784664953635,unknown,VM-116,Stage2-1-0,0,0,0,0,0,0,0,0
1784664954488,unknown,VM-112,Stage3-3-0,0,0,0,0,0,0,0,0
1784664954599,unknown,VM-110,Stage2-2-0,0,0,0,0,0,0,0,0
1784664954608,unknown,VM-111,Stage3-0-0,0,0,0,0,0,0,0,0
1784664954621,unknown,VM-115,Stage1-2-0,0,0,0,0,0,0,0,0
1784664954635,unknown,VM-116,Stage2-1-0,0,0,0,0,0,0,0,0
1784664955488,unknown,VM-112,Stage3-3-0,0,0,0,0,0,0,0,0
1784664955599,unknown,VM-110,Stage2-2-0,0,0,0,0,0,0,0,0
1784664955608,unknown,VM-111,Stage3-0-0,0,0,0,0,0,0,0,0
1784664955621,unknown,VM-115,Stage1-2-0,0,0,0,0,0,0,0,0
1784664955635,unknown,VM-116,Stage2-1-0,0,0,0,0,0,0,0,0
1784664956488,unknown,VM-112,Stage3-3-0,0,0,0,0,0,0,0,0
1784664956599,unknown,VM-110,Stage2-2-0,0,0,0,0,0,0,0,0
1784664956608,unknown,VM-111,Stage3-0-0,0,0,0,0,0,0,0,0
1784664956621,unknown,VM-115,Stage1-2-0,0,0,0,0,0,0,0,0
1784664956635,unknown,VM-116,Stage2-1-0,0,0,0,0,0,0,0,0
1784664957488,unknown,VM-112,Stage3-3-0,0,0,0,0,0,0,0,0
1784664957599,unknown,VM-110,Stage2-2-0,0,0,0,0,0,0,0,0
1784664957608,unknown,VM-111,Stage3-0-0,0,0,0,0,0,0,0,0
1784664957621,unknown,VM-115,Stage1-2-0,0,0,0,0,0,0,0,0
1784664957635,unknown,VM-116,Stage2-1-0,0,0,0,0,0,0,0,0
1784664958488,unknown,VM-112,Stage3-3-0,0,0,0,0,0,0,0,0
1784664958599,unknown,VM-110,Stage2-2-0,0,0,0,0,0,0,0,0
1784664958608,unknown,VM-111,Stage3-0-0,0,0,0,0,0,0,0,0
1784664958621,unknown,VM-115,Stage1-2-0,0,0,0,0,0,0,0,0
1784664958635,unknown,VM-116,Stage2-1-0,0,0,0,0,0,0,0,0
1784664959488,unknown,VM-112,Stage3-3-0,0,0,0,0,0,0,0,0
1784664959599,unknown,VM-110,Stage2-2-0,0,0,0,0,0,0,0,0
1784664959608,unknown,VM-111,Stage3-0-0,0,0,0,0,0,0,0,0
1784664959621,unknown,VM-115,Stage1-2-0,0,0,0,0,0,0,0,0
1784664959635,unknown,VM-116,Stage2-1-0,0,0,0,0,0,0,0,0
1784664960488,unknown,VM-112,Stage3-3-0,0,0,0,0,0,0,0,0
1784664960599,unknown,VM-110,Stage2-2-0,0,0,0,0,0,0,0,0
1784664960608,unknown,VM-111,Stage3-0-0,0,0,0,0,0,0,0,0
1784664960621,unknown,VM-115,Stage1-2-0,0,0,0,0,0,0,0,0
1784664960635,unknown,VM-116,Stage2-1-0,0,0,0,0,0,0,0,0
1784664961488,unknown,VM-112,Stage3-3-0,0,0,0,0,0,0,0,0
1784664961599,unknown,VM-110,Stage2-2-0,0,0,0,0,0,0,0,0
1784664961608,unknown,VM-111,Stage3-0-0,0,0,0,0,0,0,0,0
1784664961621,unknown,VM-115,Stage1-2-0,0,0,0,0,0,0,0,0
1784664961635,unknown,VM-116,Stage2-1-0,0,0,0,0,0,0,0,0
1784664962488,unknown,VM-112,Stage3-3-0,0,0,0,0,0,0,0,0
1784664962599,unknown,VM-110,Stage2-2-0,0,0,0,0,0,0,0,0
1784664962608,unknown,VM-111,Stage3-0-0,0,0,0,0,0,0,0,0
1784664962621,unknown,VM-115,Stage1-2-0,0,0,0,0,0,0,0,0
1784664962635,unknown,VM-116,Stage2-1-0,0,0,0,0,0,0,0,0
1784664963488,unknown,VM-112,Stage3-3-0,0,0,0,0,0,0,0,0
1784664963599,unknown,VM-110,Stage2-2-0,0,0,0,0,0,0,0,0
1784664963608,unknown,VM-111,Stage3-0-0,0,0,0,0,0,0,0,0
1784664963621,unknown,VM-115,Stage1-2-0,0,0,0,0,0,0,0,0
1784664963635,unknown,VM-116,Stage2-1-0,0,0,0,0,0,0,0,0
1784664964488,unknown,VM-112,Stage3-3-0,0,0,0,0,0,0,0,0
1784664964599,unknown,VM-110,Stage2-2-0,0,0,0,0,0,0,0,0
1784664964608,unknown,VM-111,Stage3-0-0,0,0,0,0,0,0,0,0
1784664964621,unknown,VM-115,Stage1-2-0,0,0,0,0,0,0,0,0
1784664964635,unknown,VM-116,Stage2-1-0,0,0,0,0,0,0,0,0
1784664965488,unknown,VM-112,Stage3-3-0,0,0,0,0,0,0,0,0
1784664965599,unknown,VM-110,Stage2-2-0,0,0,0,0,0,0,0,0
1784664965608,unknown,VM-111,Stage3-0-0,0,0,0,0,0,0,0,0
1784664965621,unknown,VM-115,Stage1-2-0,0,0,0,0,0,0,0,0
1784664965635,unknown,VM-116,Stage2-1-0,0,0,0,0,0,0,0,0
1784664966488,unknown,VM-112,Stage3-3-0,0,0,0,0,0,0,0,0
1784664966599,unknown,VM-110,Stage2-2-0,0,0,0,0,0,0,0,0
1784664966608,unknown,VM-111,Stage3-0-0,0,0,0,0,0,0,0,0
1784664966621,unknown,VM-115,Stage1-2-0,0,0,0,0,0,0,0,0
1784664966635,unknown,VM-116,Stage2-1-0,0,0,0,0,0,0,0,0
1784664967488,unknown,VM-112,Stage3-3-0,0,0,0,0,0,0,0,0
1784664967599,unknown,VM-110,Stage2-2-0,0,0,0,0,0,0,0,0
1784664967608,unknown,VM-111,Stage3-0-0,0,0,0,0,0,0,0,0
1784664967621,unknown,VM-115,Stage1-2-0,0,0,0,0,0,0,0,0
1784664967635,unknown,VM-116,Stage2-1-0,0,0,0,0,0,0,0,0
1784664968488,unknown,VM-112,Stage3-3-0,0,0,0,0,0,0,0,0
1784664968599,unknown,VM-110,Stage2-2-0,0,0,0,0,0,0,0,0
1784664968608,unknown,VM-111,Stage3-0-0,0,0,0,0,0,0,0,0
1784664968621,unknown,VM-115,Stage1-2-0,0,0,0,0,0,0,0,0
1784664968635,unknown,VM-116,Stage2-1-0,0,0,0,0,0,0,0,0
1784664969488,unknown,VM-112,Stage3-3-0,0,0,0,0,0,0,0,0
1784664969599,unknown,VM-110,Stage2-2-0,0,0,0,0,0,0,0,0
1784664969608,unknown,VM-111,Stage3-0-0,0,0,0,0,0,0,0,0
1784664969621,unknown,VM-115,Stage1-2-0,0,0,0,0,0,0,0,0
1784664969635,unknown,VM-116,Stage2-1-0,0,0,0,0,0,0,0,0
1784664970488,unknown,VM-112,Stage3-3-0,0,0,0,0,0,0,0,0
1784664970599,unknown,VM-110,Stage2-2-0,0,0,0,0,0,0,0,0
1784664970608,unknown,VM-111,Stage3-0-0,0,0,0,0,0,0,0,0
1784664970621,unknown,VM-115,Stage1-2-0,0,0,0,0,0,0,0,0
1784664970635,unknown,VM-116,Stage2-1-0,0,0,0,0,0,0,0,0
1784664971488,unknown,VM-112,Stage3-3-0,0,0,0,0,0,0,0,0
1784664971599,unknown,VM-110,Stage2-2-0,0,0,0,0,0,0,0,0
1784664971608,unknown,VM-111,Stage3-0-0,0,0,0,0,0,0,0,0
1784664971621,unknown,VM-115,Stage1-2-0,0,0,0,0,0,0,0,0
1784664971635,unknown,VM-116,Stage2-1-0,0,0,0,0,0,0,0,0
1784664972488,unknown,VM-112,Stage3-3-0,0,0,0,0,0,0,0,0
1784664972599,unknown,VM-110,Stage2-2-0,0,0,0,0,0,0,0,0
1784664972608,unknown,VM-111,Stage3-0-0,0,0,0,0,0,0,0,0
1784664972621,unknown,VM-115,Stage1-2-0,0,0,0,0,0,0,0,0
1784664972635,unknown,VM-116,Stage2-1-0,0,0,0,0,0,0,0,0
1784664973488,unknown,VM-112,Stage3-3-0,0,0,0,0,0,0,0,0
1784664973599,unknown,VM-110,Stage2-2-0,0,0,0,0,0,0,0,0
1784664973608,unknown,VM-111,Stage3-0-0,0,0,0,0,0,0,0,0
1784664973621,unknown,VM-115,Stage1-2-0,0,0,0,0,0,0,0,0
1784664973635,unknown,VM-116,Stage2-1-0,0,0,0,0,0,0,0,0
1784664974488,unknown,VM-112,Stage3-3-0,0,0,0,0,0,0,0,0
1784664974599,unknown,VM-110,Stage2-2-0,0,0,0,0,0,0,0,0
1784664974608,unknown,VM-111,Stage3-0-0,0,0,0,0,0,0,0,0
1784664974621,unknown,VM-115,Stage1-2-0,0,0,0,0,0,0,0,0
1784664974635,unknown,VM-116,Stage2-1-0,0,0,0,0,0,0,0,0
1784664975488,unknown,VM-112,Stage3-3-0,0,0,0,0,0,0,0,0
1784664975599,unknown,VM-110,Stage2-2-0,0,0,0,0,0,0,0,0
1784664975608,unknown,VM-111,Stage3-0-0,0,0,0,0,0,0,0,0
1784664975621,unknown,VM-115,Stage1-2-0,0,0,0,0,0,0,0,0
1784664975635,unknown,VM-116,Stage2-1-0,0,0,0,0,0,0,0,0
1784664976488,unknown,VM-112,Stage3-3-0,0,0,0,0,0,0,0,0
1784664976599,unknown,VM-110,Stage2-2-0,0,0,0,0,0,0,0,0
1784664976608,unknown,VM-111,Stage3-0-0,0,0,0,0,0,0,0,0
1784664976621,unknown,VM-115,Stage1-2-0,0,0,0,0,0,0,0,0
1784664976635,unknown,VM-116,Stage2-1-0,0,0,0,0,0,0,0,0
1784664977488,unknown,VM-112,Stage3-3-0,0,0,0,0,0,0,0,0
1784664977599,unknown,VM-110,Stage2-2-0,0,0,0,0,0,0,0,0
1784664977608,unknown,VM-111,Stage3-0-0,0,0,0,0,0,0,0,0
1784664977621,unknown,VM-115,Stage1-2-0,0,0,0,0,0,0,0,0
1784664977635,unknown,VM-116,Stage2-1-0,0,0,0,0,0,0,0,0
1784664978488,unknown,VM-112,Stage3-3-0,0,0,0,0,0,0,0,0
1784664978599,unknown,VM-110,Stage2-2-0,0,0,0,0,0,0,0,0
1784664978608,unknown,VM-111,Stage3-0-0,0,0,0,0,0,0,0,0
1784664978621,unknown,VM-115,Stage1-2-0,0,0,0,0,0,0,0,0
1784664978635,unknown,VM-116,Stage2-1-0,0,0,0,0,0,0,0,0
1784664979488,unknown,VM-112,Stage3-3-0,0,0,0,0,0,0,0,0
1784664979599,unknown,VM-110,Stage2-2-0,0,0,0,0,0,0,0,0
1784664979608,unknown,VM-111,Stage3-0-0,0,0,0,0,0,0,0,0
1784664979621,unknown,VM-115,Stage1-2-0,0,0,0,0,0,0,0,0
1784664979635,unknown,VM-116,Stage2-1-0,0,0,0,0,0,0,0,0
1784664980488,unknown,VM-112,Stage3-3-0,0,0,0,0,0,0,0,0
1784664980599,unknown,VM-110,Stage2-2-0,0,0,0,0,0,0,0,0
1784664980608,unknown,VM-111,Stage3-0-0,0,0,0,0,0,0,0,0
1784664980621,unknown,VM-115,Stage1-2-0,0,0,0,0,0,0,0,0
1784664980635,unknown,VM-116,Stage2-1-0,0,0,0,0,0,0,0,0
1784664981488,unknown,VM-112,Stage3-3-0,0,0,0,0,0,0,0,0
1784664981599,unknown,VM-110,Stage2-2-0,0,0,0,0,0,0,0,0
1784664981608,unknown,VM-111,Stage3-0-0,0,0,0,0,0,0,0,0
1784664981621,unknown,VM-115,Stage1-2-0,0,0,0,0,0,0,0,0
1784664981635,unknown,VM-116,Stage2-1-0,0,0,0,0,0,0,0,0
1784664982488,unknown,VM-112,Stage3-3-0,0,0,0,0,0,0,0,0
1784664982599,unknown,VM-110,Stage2-2-0,0,0,0,0,0,0,0,0
1784664982608,unknown,VM-111,Stage3-0-0,0,0,0,0,0,0,0,0
1784664982621,unknown,VM-115,Stage1-2-0,0,0,0,0,0,0,0,0
1784664982635,unknown,VM-116,Stage2-1-0,0,0,0,0,0,0,0,0
1784664983488,unknown,VM-112,Stage3-3-0,0,0,0,0,0,0,0,0
1784664983599,unknown,VM-110,Stage2-2-0,0,0,0,0,0,0,0,0
1784664983608,unknown,VM-111,Stage3-0-0,0,0,0,0,0,0,0,0
1784664983621,unknown,VM-115,Stage1-2-0,0,0,0,0,0,0,0,0
1784664983635,unknown,VM-116,Stage2-1-0,0,0,0,0,0,0,0,0
1784664984488,unknown,VM-112,Stage3-3-0,0,0,0,0,0,0,0,0
1784664984599,unknown,VM-110,Stage2-2-0,0,0,0,0,0,0,0,0
1784664984608,unknown,VM-111,Stage3-0-0,0,0,0,0,0,0,0,0
1784664984621,unknown,VM-115,Stage1-2-0,0,0,0,0,0,0,0,0
1784664984635,unknown,VM-116,Stage2-1-0,0,0,0,0,0,0,0,0
1784664985488,unknown,VM-112,Stage3-3-0,0,0,0,0,0,0,0,0
1784664985599,unknown,VM-110,Stage2-2-0,0,0,0,0,0,0,0,0
1784664985608,unknown,VM-111,Stage3-0-0,0,0,0,0,0,0,0,0
1784664985621,unknown,VM-115,Stage1-2-0,0,0,0,0,0,0,0,0
1784664985635,unknown,VM-116,Stage2-1-0,0,0,0,0,0,0,0,0
1784664986488,unknown,VM-112,Stage3-3-0,0,0,0,0,0,0,0,0
1784664986599,unknown,VM-110,Stage2-2-0,0,0,0,0,0,0,0,0
1784664986608,unknown,VM-111,Stage3-0-0,0,0,0,0,0,0,0,0
1784664986621,unknown,VM-115,Stage1-2-0,0,0,0,0,0,0,0,0
1784664986635,unknown,VM-116,Stage2-1-0,0,0,0,0,0,0,0,0
1784664987488,unknown,VM-112,Stage3-3-0,0,0,0,0,0,0,0,0
1784664987599,unknown,VM-110,Stage2-2-0,0,0,0,0,0,0,0,0
1784664987608,unknown,VM-111,Stage3-0-0,0,0,0,0,0,0,0,0
1784664987621,unknown,VM-115,Stage1-2-0,0,0,0,0,0,0,0,0
1784664987635,unknown,VM-116,Stage2-1-0,0,0,0,0,0,0,0,0
1784664988488,unknown,VM-112,Stage3-3-0,0,0,0,0,0,0,0,0
1784664988599,unknown,VM-110,Stage2-2-0,0,0,0,0,0,0,0,0
1784664988608,unknown,VM-111,Stage3-0-0,0,0,0,0,0,0,0,0
1784664988621,unknown,VM-115,Stage1-2-0,0,0,0,0,0,0,0,0
1784664988635,unknown,VM-116,Stage2-1-0,0,0,0,0,0,0,0,0
1784664989488,unknown,VM-112,Stage3-3-0,0,0,0,0,0,0,0,0
1784664989599,unknown,VM-110,Stage2-2-0,0,0,0,0,0,0,0,0
1784664989608,unknown,VM-111,Stage3-0-0,0,0,0,0,0,0,0,0
1784664989621,unknown,VM-115,Stage1-2-0,0,0,0,0,0,0,0,0
1784664989635,unknown,VM-116,Stage2-1-0,0,0,0,0,0,0,0,0
1784664990488,unknown,VM-112,Stage3-3-0,0,0,0,0,0,0,0,0
1784664990599,unknown,VM-110,Stage2-2-0,0,0,0,0,0,0,0,0
1784664990608,unknown,VM-111,Stage3-0-0,0,0,0,0,0,0,0,0
1784664990621,unknown,VM-115,Stage1-2-0,0,0,0,0,0,0,0,0
1784664990635,unknown,VM-116,Stage2-1-0,0,0,0,0,0,0,0,0
1784664991488,unknown,VM-112,Stage3-3-0,0,0,0,0,0,0,0,0
1784664991599,unknown,VM-110,Stage2-2-0,0,0,0,0,0,0,0,0
1784664991608,unknown,VM-111,Stage3-0-0,0,0,0,0,0,0,0,0
1784664991621,unknown,VM-115,Stage1-2-0,0,0,0,0,0,0,0,0
1784664991635,unknown,VM-116,Stage2-1-0,0,0,0,0,0,0,0,0
1784664992488,unknown,VM-112,Stage3-3-0,0,0,0,0,0,0,0,0
1784664992599,unknown,VM-110,Stage2-2-0,0,0,0,0,0,0,0,0
1784664992608,unknown,VM-111,Stage3-0-0,0,0,0,0,0,0,0,0
1784664992621,unknown,VM-115,Stage1-2-0,0,0,0,0,0,0,0,0
1784664992635,unknown,VM-116,Stage2-1-0,0,0,0,0,0,0,0,0
1784664993488,unknown,VM-112,Stage3-3-0,0,0,0,0,0,0,0,0
1784664993599,unknown,VM-110,Stage2-2-0,0,0,0,0,0,0,0,0
1784664993608,unknown,VM-111,Stage3-0-0,0,0,0,0,0,0,0,0
1784664993621,unknown,VM-115,Stage1-2-0,0,0,0,0,0,0,0,0
1784664993635,unknown,VM-116,Stage2-1-0,0,0,0,0,0,0,0,0
1784664994488,unknown,VM-112,Stage3-3-0,0,0,0,0,0,0,0,0
1784664994599,unknown,VM-110,Stage2-2-0,0,0,0,0,0,0,0,0
1784664994608,unknown,VM-111,Stage3-0-0,0,0,0,0,0,0,0,0
1784664994621,unknown,VM-115,Stage1-2-0,0,0,0,0,0,0,0,0
1784664994635,unknown,VM-116,Stage2-1-0,0,0,0,0,0,0,0,0
1784664995488,unknown,VM-112,Stage3-3-0,0,0,0,0,0,0,0,0
1784664995599,unknown,VM-110,Stage2-2-0,0,0,0,0,0,0,0,0
1784664995608,unknown,VM-111,Stage3-0-0,0,0,0,0,0,0,0,0
1784664995621,unknown,VM-115,Stage1-2-0,0,0,0,0,0,0,0,0
1784664995635,unknown,VM-116,Stage2-1-0,0,0,0,0,0,0,0,0
1784664996488,unknown,VM-112,Stage3-3-0,0,0,0,0,0,0,0,0
1784664996599,unknown,VM-110,Stage2-2-0,0,0,0,0,0,0,0,0
1784664996608,unknown,VM-111,Stage3-0-0,0,0,0,0,0,0,0,0
1784664996621,unknown,VM-115,Stage1-2-0,0,0,0,0,0,0,0,0
1784664996635,unknown,VM-116,Stage2-1-0,0,0,0,0,0,0,0,0
1784664997488,unknown,VM-112,Stage3-3-0,0,0,0,0,0,0,0,0
1784664997599,unknown,VM-110,Stage2-2-0,0,0,0,0,0,0,0,0
1784664997608,unknown,VM-111,Stage3-0-0,0,0,0,0,0,0,0,0
1784664997621,unknown,VM-115,Stage1-2-0,0,0,0,0,0,0,0,0
1784664997635,unknown,VM-116,Stage2-1-0,0,0,0,0,0,0,0,0
1784664998488,unknown,VM-112,Stage3-3-0,0,0,0,0,0,0,0,0
1784664998599,unknown,VM-110,Stage2-2-0,0,0,0,0,0,0,0,0
1784664998608,unknown,VM-111,Stage3-0-0,0,0,0,0,0,0,0,0
1784664998621,unknown,VM-115,Stage1-2-0,0,0,0,0,0,0,0,0
1784664998635,unknown,VM-116,Stage2-1-0,0,0,0,0,0,0,0,0
1784664999488,unknown,VM-112,Stage3-3-0,0,0,0,0,0,0,0,0
1784664999599,unknown,VM-110,Stage2-2-0,0,0,0,0,0,0,0,0
1784664999608,unknown,VM-111,Stage3-0-0,0,0,0,0,0,0,0,0
1784664999621,unknown,VM-115,Stage1-2-0,0,0,0,0,0,0,0,0
1784664999635,unknown,VM-116,Stage2-1-0,0,0,0,0,0,0,0,0
1784665000488,unknown,VM-112,Stage3-3-0,0,0,0,0,0,0,0,0
1784665000599,unknown,VM-110,Stage2-2-0,0,0,0,0,0,0,0,0
1784665000608,unknown,VM-111,Stage3-0-0,0,0,0,0,0,0,0,0
1784665000621,unknown,VM-115,Stage1-2-0,0,0,0,0,0,0,0,0
1784665000635,unknown,VM-116,Stage2-1-0,0,0,0,0,0,0,0,0
1784665001488,unknown,VM-112,Stage3-3-0,0,0,0,0,0,0,0,0
1784665001599,unknown,VM-110,Stage2-2-0,0,0,0,0,0,0,0,0
1784665001608,unknown,VM-111,Stage3-0-0,0,0,0,0,0,0,0,0
1784665001621,unknown,VM-115,Stage1-2-0,0,0,0,0,0,0,0,0
1784665001634,unknown,VM-116,Stage2-1-0,0,0,0,0,0,0,0,0
1784665002488,unknown,VM-112,Stage3-3-0,0,0,0,0,0,0,0,0
1784665002599,unknown,VM-110,Stage2-2-0,0,0,0,0,0,0,0,0
1784665002608,unknown,VM-111,Stage3-0-0,0,0,0,0,0,0,0,0
1784665002621,unknown,VM-115,Stage1-2-0,0,0,0,0,0,0,0,0
1784665002635,unknown,VM-116,Stage2-1-0,0,0,0,0,0,0,0,0
1784665003488,unknown,VM-112,Stage3-3-0,0,0,0,0,0,0,0,0
1784665003599,unknown,VM-110,Stage2-2-0,0,0,0,0,0,0,0,0
1784665003608,unknown,VM-111,Stage3-0-0,0,0,0,0,0,0,0,0
1784665003621,unknown,VM-115,Stage1-2-0,0,0,0,0,0,0,0,0
1784665003635,unknown,VM-116,Stage2-1-0,0,0,0,0,0,0,0,0
1784665004488,unknown,VM-112,Stage3-3-0,0,0,0,0,0,0,0,0
1784665004599,unknown,VM-110,Stage2-2-0,0,0,0,0,0,0,0,0
1784665004608,unknown,VM-111,Stage3-0-0,0,0,0,0,0,0,0,0
1784665004621,unknown,VM-115,Stage1-2-0,0,0,0,0,0,0,0,0
1784665004635,unknown,VM-116,Stage2-1-0,0,0,0,0,0,0,0,0
1784665005488,unknown,VM-112,Stage3-3-0,0,0,0,0,0,0,0,0
1784665005599,unknown,VM-110,Stage2-2-0,0,0,0,0,0,0,0,0
1784665005608,unknown,VM-111,Stage3-0-0,0,0,0,0,0,0,0,0
1784665005621,unknown,VM-115,Stage1-2-0,0,0,0,0,0,0,0,0
1784665005635,unknown,VM-116,Stage2-1-0,0,0,0,0,0,0,0,0
1784665006488,unknown,VM-112,Stage3-3-0,0,0,0,0,0,0,0,0
1784665006599,unknown,VM-110,Stage2-2-0,0,0,0,0,0,0,0,0
1784665006608,unknown,VM-111,Stage3-0-0,0,0,0,0,0,0,0,0
1784665006621,unknown,VM-115,Stage1-2-0,0,0,0,0,0,0,0,0
1784665006635,unknown,VM-116,Stage2-1-0,0,0,0,0,0,0,0,0
1784665007488,unknown,VM-112,Stage3-3-0,0,0,0,0,0,0,0,0
1784665007599,unknown,VM-110,Stage2-2-0,0,0,0,0,0,0,0,0
1784665007608,unknown,VM-111,Stage3-0-0,0,0,0,0,0,0,0,0
1784665007621,unknown,VM-115,Stage1-2-0,0,0,0,0,0,0,0,0
1784665007635,unknown,VM-116,Stage2-1-0,0,0,0,0,0,0,0,0
1784665008488,unknown,VM-112,Stage3-3-0,0,0,0,0,0,0,0,0
1784665008599,unknown,VM-110,Stage2-2-0,0,0,0,0,0,0,0,0
1784665008608,unknown,VM-111,Stage3-0-0,0,0,0,0,0,0,0,0
1784665008621,unknown,VM-115,Stage1-2-0,0,0,0,0,0,0,0,0
1784665008635,unknown,VM-116,Stage2-1-0,0,0,0,0,0,0,0,0
1784665009488,unknown,VM-112,Stage3-3-0,0,0,0,0,0,0,0,0
1784665009599,unknown,VM-110,Stage2-2-0,0,0,0,0,0,0,0,0
1784665009608,unknown,VM-111,Stage3-0-0,0,0,0,0,0,0,0,0
1784665009621,unknown,VM-115,Stage1-2-0,0,0,0,0,0,0,0,0
1784665009635,unknown,VM-116,Stage2-1-0,0,0,0,0,0,0,0,0
1784665010488,unknown,VM-112,Stage3-3-0,0,0,0,0,0,0,0,0
1784665010599,unknown,VM-110,Stage2-2-0,0,0,0,0,0,0,0,0
1784665010608,unknown,VM-111,Stage3-0-0,0,0,0,0,0,0,0,0
1784665010621,unknown,VM-115,Stage1-2-0,0,0,0,0,0,0,0,0
1784665010635,unknown,VM-116,Stage2-1-0,0,0,0,0,0,0,0,0
1784665011488,unknown,VM-112,Stage3-3-0,0,0,0,0,0,0,0,0
1784665011599,unknown,VM-110,Stage2-2-0,0,0,0,0,0,0,0,0
1784665011608,unknown,VM-111,Stage3-0-0,0,0,0,0,0,0,0,0
1784665011621,unknown,VM-115,Stage1-2-0,0,0,0,0,0,0,0,0
1784665011635,unknown,VM-116,Stage2-1-0,0,0,0,0,0,0,0,0
1784665012488,unknown,VM-112,Stage3-3-0,0,0,0,0,0,0,0,0
1784665012599,unknown,VM-110,Stage2-2-0,0,0,0,0,0,0,0,0
1784665012608,unknown,VM-111,Stage3-0-0,0,0,0,0,0,0,0,0
1784665012621,unknown,VM-115,Stage1-2-0,0,0,0,0,0,0,0,0
1784665012635,unknown,VM-116,Stage2-1-0,0,0,0,0,0,0,0,0
1784665013488,unknown,VM-112,Stage3-3-0,0,0,0,0,0,0,0,0
1784665013599,unknown,VM-110,Stage2-2-0,0,0,0,0,0,0,0,0
1784665013608,unknown,VM-111,Stage3-0-0,0,0,0,0,0,0,0,0
1784665013621,unknown,VM-115,Stage1-2-0,0,0,0,0,0,0,0,0
1784665013635,unknown,VM-116,Stage2-1-0,0,0,0,0,0,0,0,0
1784665014488,unknown,VM-112,Stage3-3-0,0,0,0,0,0,0,0,0
1784665014598,unknown,VM-110,Stage2-2-0,0,0,0,0,0,0,0,0
1784665014608,unknown,VM-111,Stage3-0-0,0,0,0,0,0,0,0,0
1784665014621,unknown,VM-115,Stage1-2-0,0,0,0,0,0,0,0,0
1784665014635,unknown,VM-116,Stage2-1-0,0,0,0,0,0,0,0,0
1784665015488,unknown,VM-112,Stage3-3-0,0,0,0,0,0,0,0,0
1784665015599,unknown,VM-110,Stage2-2-0,0,0,0,0,0,0,0,0
1784665015608,unknown,VM-111,Stage3-0-0,0,0,0,0,0,0,0,0
1784665015621,unknown,VM-115,Stage1-2-0,0,0,0,0,0,0,0,0
1784665015635,unknown,VM-116,Stage2-1-0,0,0,0,0,0,0,0,0
1784665016488,unknown,VM-112,Stage3-3-0,0,0,0,0,0,0,0,0
1784665016599,unknown,VM-110,Stage2-2-0,0,0,0,0,0,0,0,0
1784665016608,unknown,VM-111,Stage3-0-0,0,0,0,0,0,0,0,0
1784665016621,unknown,VM-115,Stage1-2-0,0,0,0,0,0,0,0,0
1784665016635,unknown,VM-116,Stage2-1-0,0,0,0,0,0,0,0,0
1784665017488,unknown,VM-112,Stage3-3-0,0,0,0,0,0,0,0,0
1784665017599,unknown,VM-110,Stage2-2-0,0,0,0,0,0,0,0,0
1784665017608,unknown,VM-111,Stage3-0-0,0,0,0,0,0,0,0,0
1784665017621,unknown,VM-115,Stage1-2-0,0,0,0,0,0,0,0,0
1784665017635,unknown,VM-116,Stage2-1-0,0,0,0,0,0,0,0,0
1784665018488,unknown,VM-112,Stage3-3-0,0,0,0,0,0,0,0,0
1784665018599,unknown,VM-110,Stage2-2-0,0,0,0,0,0,0,0,0
1784665018608,unknown,VM-111,Stage3-0-0,0,0,0,0,0,0,0,0
1784665018621,unknown,VM-115,Stage1-2-0,0,0,0,0,0,0,0,0
1784665018635,unknown,VM-116,Stage2-1-0,0,0,0,0,0,0,0,0
1784665019488,unknown,VM-112,Stage3-3-0,0,0,0,0,0,0,0,0
1784665019599,unknown,VM-110,Stage2-2-0,0,0,0,0,0,0,0,0
1784665019608,unknown,VM-111,Stage3-0-0,0,0,0,0,0,0,0,0
1784665019621,unknown,VM-115,Stage1-2-0,0,0,0,0,0,0,0,0
1784665019635,unknown,VM-116,Stage2-1-0,0,0,0,0,0,0,0,0
1784665020488,unknown,VM-112,Stage3-3-0,0,0,0,0,0,0,0,0
1784665020599,unknown,VM-110,Stage2-2-0,0,0,0,0,0,0,0,0
1784665020608,unknown,VM-111,Stage3-0-0,0,0,0,0,0,0,0,0
1784665020621,unknown,VM-115,Stage1-2-0,0,0,0,0,0,0,0,0
1784665020635,unknown,VM-116,Stage2-1-0,0,0,0,0,0,0,0,0
1784665021488,unknown,VM-112,Stage3-3-0,0,0,0,0,0,0,0,0
1784665021599,unknown,VM-110,Stage2-2-0,0,0,0,0,0,0,0,0
1784665021608,unknown,VM-111,Stage3-0-0,0,0,0,0,0,0,0,0
1784665021621,unknown,VM-115,Stage1-2-0,0,0,0,0,0,0,0,0
1784665021635,unknown,VM-116,Stage2-1-0,0,0,0,0,0,0,0,0
1784665022488,unknown,VM-112,Stage3-3-0,0,0,0,0,0,0,0,0
1784665022599,unknown,VM-110,Stage2-2-0,0,0,0,0,0,0,0,0
1784665022608,unknown,VM-111,Stage3-0-0,0,0,0,0,0,0,0,0
1784665022621,unknown,VM-115,Stage1-2-0,0,0,0,0,0,0,0,0
1784665022635,unknown,VM-116,Stage2-1-0,0,0,0,0,0,0,0,0
1784665023488,unknown,VM-112,Stage3-3-0,0,0,0,0,0,0,0,0
1784665023599,unknown,VM-110,Stage2-2-0,0,0,0,0,0,0,0,0
1784665023608,unknown,VM-111,Stage3-0-0,0,0,0,0,0,0,0,0
1784665023621,unknown,VM-115,Stage1-2-0,0,0,0,0,0,0,0,0
1784665023634,unknown,VM-116,Stage2-1-0,0,0,0,0,0,0,0,0
1784665024488,unknown,VM-112,Stage3-3-0,0,0,0,0,0,0,0,0
1784665024599,unknown,VM-110,Stage2-2-0,0,0,0,0,0,0,0,0
1784665024608,unknown,VM-111,Stage3-0-0,0,0,0,0,0,0,0,0
1784665024621,unknown,VM-115,Stage1-2-0,0,0,0,0,0,0,0,0
1784665024634,unknown,VM-116,Stage2-1-0,0,0,0,0,0,0,0,0
1784665025488,unknown,VM-112,Stage3-3-0,0,0,0,0,0,0,0,0
1784665025599,unknown,VM-110,Stage2-2-0,0,0,0,0,0,0,0,0
1784665025608,unknown,VM-111,Stage3-0-0,0,0,0,0,0,0,0,0
1784665025621,unknown,VM-115,Stage1-2-0,0,0,0,0,0,0,0,0
1784665025634,unknown,VM-116,Stage2-1-0,0,0,0,0,0,0,0,0
1784665026488,unknown,VM-112,Stage3-3-0,0,0,0,0,0,0,0,0
1784665026599,unknown,VM-110,Stage2-2-0,0,0,0,0,0,0,0,0
1784665026608,unknown,VM-111,Stage3-0-0,0,0,0,0,0,0,0,0
1784665026621,unknown,VM-115,Stage1-2-0,0,0,0,0,0,0,0,0
1784665026635,unknown,VM-116,Stage2-1-0,0,0,0,0,0,0,0,0
1784665027488,unknown,VM-112,Stage3-3-0,0,0,0,0,0,0,0,0
1784665027599,unknown,VM-110,Stage2-2-0,0,0,0,0,0,0,0,0
1784665027608,unknown,VM-111,Stage3-0-0,0,0,0,0,0,0,0,0
1784665027621,unknown,VM-115,Stage1-2-0,0,0,0,0,0,0,0,0
1784665027635,unknown,VM-116,Stage2-1-0,0,0,0,0,0,0,0,0
1784665028488,unknown,VM-112,Stage3-3-0,0,0,0,0,0,0,0,0
1784665028599,unknown,VM-110,Stage2-2-0,0,0,0,0,0,0,0,0
1784665028608,unknown,VM-111,Stage3-0-0,0,0,0,0,0,0,0,0
1784665028621,unknown,VM-115,Stage1-2-0,0,0,0,0,0,0,0,0
1784665028635,unknown,VM-116,Stage2-1-0,0,0,0,0,0,0,0,0
1784665029488,unknown,VM-112,Stage3-3-0,0,0,0,0,0,0,0,0
1784665029599,unknown,VM-110,Stage2-2-0,0,0,0,0,0,0,0,0
1784665029608,unknown,VM-111,Stage3-0-0,0,0,0,0,0,0,0,0
1784665029621,unknown,VM-115,Stage1-2-0,0,0,0,0,0,0,0,0
1784665029635,unknown,VM-116,Stage2-1-0,0,0,0,0,0,0,0,0
1784665030488,unknown,VM-112,Stage3-3-0,0,0,0,0,0,0,0,0
1784665030599,unknown,VM-110,Stage2-2-0,0,0,0,0,0,0,0,0
1784665030608,unknown,VM-111,Stage3-0-0,0,0,0,0,0,0,0,0
1784665030621,unknown,VM-115,Stage1-2-0,0,0,0,0,0,0,0,0
1784665030635,unknown,VM-116,Stage2-1-0,0,0,0,0,0,0,0,0
1784665031488,unknown,VM-112,Stage3-3-0,0,0,0,0,0,0,0,0
1784665031599,unknown,VM-110,Stage2-2-0,0,0,0,0,0,0,0,0
1784665031608,unknown,VM-111,Stage3-0-0,0,0,0,0,0,0,0,0
1784665031621,unknown,VM-115,Stage1-2-0,0,0,0,0,0,0,0,0
1784665031635,unknown,VM-116,Stage2-1-0,0,0,0,0,0,0,0,0
1784665032488,unknown,VM-112,Stage3-3-0,0,0,0,0,0,0,0,0
1784665032599,unknown,VM-110,Stage2-2-0,0,0,0,0,0,0,0,0
1784665032608,unknown,VM-111,Stage3-0-0,0,0,0,0,0,0,0,0
1784665032621,unknown,VM-115,Stage1-2-0,0,0,0,0,0,0,0,0
1784665032635,unknown,VM-116,Stage2-1-0,0,0,0,0,0,0,0,0
1784665033488,unknown,VM-112,Stage3-3-0,0,0,0,0,0,0,0,0
1784665033599,unknown,VM-110,Stage2-2-0,0,0,0,0,0,0,0,0
1784665033608,unknown,VM-111,Stage3-0-0,0,0,0,0,0,0,0,0
1784665033621,unknown,VM-115,Stage1-2-0,0,0,0,0,0,0,0,0
1784665033635,unknown,VM-116,Stage2-1-0,0,0,0,0,0,0,0,0
1784665034488,unknown,VM-112,Stage3-3-0,0,0,0,0,0,0,0,0
1784665034599,unknown,VM-110,Stage2-2-0,0,0,0,0,0,0,0,0
1784665034608,unknown,VM-111,Stage3-0-0,0,0,0,0,0,0,0,0
1784665034621,unknown,VM-115,Stage1-2-0,0,0,0,0,0,0,0,0
1784665034635,unknown,VM-116,Stage2-1-0,0,0,0,0,0,0,0,0
1784665035488,unknown,VM-112,Stage3-3-0,0,0,0,0,0,0,0,0
1784665035599,unknown,VM-110,Stage2-2-0,0,0,0,0,0,0,0,0
1784665035608,unknown,VM-111,Stage3-0-0,0,0,0,0,0,0,0,0
1784665035621,unknown,VM-115,Stage1-2-0,0,0,0,0,0,0,0,0
1784665035635,unknown,VM-116,Stage2-1-0,0,0,0,0,0,0,0,0
1784665036488,unknown,VM-112,Stage3-3-0,0,0,0,0,0,0,0,0
1784665036599,unknown,VM-110,Stage2-2-0,0,0,0,0,0,0,0,0
1784665036608,unknown,VM-111,Stage3-0-0,0,0,0,0,0,0,0,0
1784665036621,unknown,VM-115,Stage1-2-0,0,0,0,0,0,0,0,0
1784665036635,unknown,VM-116,Stage2-1-0,0,0,0,0,0,0,0,0
1784665037488,unknown,VM-112,Stage3-3-0,0,0,0,0,0,0,0,0
1784665037599,unknown,VM-110,Stage2-2-0,0,0,0,0,0,0,0,0
1784665037608,unknown,VM-111,Stage3-0-0,0,0,0,0,0,0,0,0
1784665037621,unknown,VM-115,Stage1-2-0,0,0,0,0,0,0,0,0
1784665037635,unknown,VM-116,Stage2-1-0,0,0,0,0,0,0,0,0
1784665038488,unknown,VM-112,Stage3-3-0,0,0,0,0,0,0,0,0
1784665038599,unknown,VM-110,Stage2-2-0,0,0,0,0,0,0,0,0
1784665038608,unknown,VM-111,Stage3-0-0,0,0,0,0,0,0,0,0
1784665038621,unknown,VM-115,Stage1-2-0,0,0,0,0,0,0,0,0
1784665038635,unknown,VM-116,Stage2-1-0,0,0,0,0,0,0,0,0
1784665039488,unknown,VM-112,Stage3-3-0,0,0,0,0,0,0,0,0
1784665039599,unknown,VM-110,Stage2-2-0,0,0,0,0,0,0,0,0
1784665039608,unknown,VM-111,Stage3-0-0,0,0,0,0,0,0,0,0
1784665039621,unknown,VM-115,Stage1-2-0,0,0,0,0,0,0,0,0
1784665039635,unknown,VM-116,Stage2-1-0,0,0,0,0,0,0,0,0
1784665040488,unknown,VM-112,Stage3-3-0,0,0,0,0,0,0,0,0
1784665040599,unknown,VM-110,Stage2-2-0,0,0,0,0,0,0,0,0
1784665040608,unknown,VM-111,Stage3-0-0,0,0,0,0,0,0,0,0
1784665040621,unknown,VM-115,Stage1-2-0,0,0,0,0,0,0,0,0
1784665040635,unknown,VM-116,Stage2-1-0,0,0,0,0,0,0,0,0
1784665041488,unknown,VM-112,Stage3-3-0,0,0,0,0,0,0,0,0
1784665041599,unknown,VM-110,Stage2-2-0,0,0,0,0,0,0,0,0
1784665041608,unknown,VM-111,Stage3-0-0,0,0,0,0,0,0,0,0
1784665041621,unknown,VM-115,Stage1-2-0,0,0,0,0,0,0,0,0
1784665041635,unknown,VM-116,Stage2-1-0,0,0,0,0,0,0,0,0
1784665042488,unknown,VM-112,Stage3-3-0,0,0,0,0,0,0,0,0
1784665042599,unknown,VM-110,Stage2-2-0,0,0,0,0,0,0,0,0
1784665042608,unknown,VM-111,Stage3-0-0,0,0,0,0,0,0,0,0
1784665042621,unknown,VM-115,Stage1-2-0,0,0,0,0,0,0,0,0
1784665042635,unknown,VM-116,Stage2-1-0,0,0,0,0,0,0,0,0
1784665043488,unknown,VM-112,Stage3-3-0,0,0,0,0,0,0,0,0
1784665043599,unknown,VM-110,Stage2-2-0,0,0,0,0,0,0,0,0
1784665043608,unknown,VM-111,Stage3-0-0,0,0,0,0,0,0,0,0
1784665043621,unknown,VM-115,Stage1-2-0,0,0,0,0,0,0,0,0
1784665043635,unknown,VM-116,Stage2-1-0,0,0,0,0,0,0,0,0
1784665044488,unknown,VM-112,Stage3-3-0,0,0,0,0,0,0,0,0
1784665044599,unknown,VM-110,Stage2-2-0,0,0,0,0,0,0,0,0
1784665044608,unknown,VM-111,Stage3-0-0,0,0,0,0,0,0,0,0
1784665044621,unknown,VM-115,Stage1-2-0,0,0,0,0,0,0,0,0
1784665044635,unknown,VM-116,Stage2-1-0,0,0,0,0,0,0,0,0
1784665045488,unknown,VM-112,Stage3-3-0,0,0,0,0,0,0,0,0
1784665045599,unknown,VM-110,Stage2-2-0,0,0,0,0,0,0,0,0
1784665045608,unknown,VM-111,Stage3-0-0,0,0,0,0,0,0,0,0
1784665045621,unknown,VM-115,Stage1-2-0,0,0,0,0,0,0,0,0
1784665045635,unknown,VM-116,Stage2-1-0,0,0,0,0,0,0,0,0
1784665046488,unknown,VM-112,Stage3-3-0,0,0,0,0,0,0,0,0
1784665046599,unknown,VM-110,Stage2-2-0,0,0,0,0,0,0,0,0
1784665046608,unknown,VM-111,Stage3-0-0,0,0,0,0,0,0,0,0
1784665046621,unknown,VM-115,Stage1-2-0,0,0,0,0,0,0,0,0
1784665046635,unknown,VM-116,Stage2-1-0,0,0,0,0,0,0,0,0
1784665047488,unknown,VM-112,Stage3-3-0,0,0,0,0,0,0,0,0
1784665047599,unknown,VM-110,Stage2-2-0,0,0,0,0,0,0,0,0
1784665047608,unknown,VM-111,Stage3-0-0,0,0,0,0,0,0,0,0
1784665047621,unknown,VM-115,Stage1-2-0,0,0,0,0,0,0,0,0
1784665047635,unknown,VM-116,Stage2-1-0,0,0,0,0,0,0,0,0
1784665048488,unknown,VM-112,Stage3-3-0,0,0,0,0,0,0,0,0
1784665048599,unknown,VM-110,Stage2-2-0,0,0,0,0,0,0,0,0
1784665048608,unknown,VM-111,Stage3-0-0,0,0,0,0,0,0,0,0
1784665048621,unknown,VM-115,Stage1-2-0,0,0,0,0,0,0,0,0
1784665048635,unknown,VM-116,Stage2-1-0,0,0,0,0,0,0,0,0
1784665049488,unknown,VM-112,Stage3-3-0,0,0,0,0,0,0,0,0
1784665049599,unknown,VM-110,Stage2-2-0,0,0,0,0,0,0,0,0
1784665049608,unknown,VM-111,Stage3-0-0,0,0,0,0,0,0,0,0
1784665049621,unknown,VM-115,Stage1-2-0,0,0,0,0,0,0,0,0
1784665049635,unknown,VM-116,Stage2-1-0,0,0,0,0,0,0,0,0
1784665050488,unknown,VM-112,Stage3-3-0,0,0,0,0,0,0,0,0
1784665050599,unknown,VM-110,Stage2-2-0,0,0,0,0,0,0,0,0
1784665050608,unknown,VM-111,Stage3-0-0,0,0,0,0,0,0,0,0
1784665050621,unknown,VM-115,Stage1-2-0,0,0,0,0,0,0,0,0
1784665050635,unknown,VM-116,Stage2-1-0,0,0,0,0,0,0,0,0
1784665051488,unknown,VM-112,Stage3-3-0,0,0,0,0,0,0,0,0
1784665051599,unknown,VM-110,Stage2-2-0,0,0,0,0,0,0,0,0
1784665051608,unknown,VM-111,Stage3-0-0,0,0,0,0,0,0,0,0
1784665051621,unknown,VM-115,Stage1-2-0,0,0,0,0,0,0,0,0
1784665051635,unknown,VM-116,Stage2-1-0,0,0,0,0,0,0,0,0
1784665052488,unknown,VM-112,Stage3-3-0,0,0,0,0,0,0,0,0
1784665052598,unknown,VM-110,Stage2-2-0,0,0,0,0,0,0,0,0
1784665052608,unknown,VM-111,Stage3-0-0,0,0,0,0,0,0,0,0
1784665052621,unknown,VM-115,Stage1-2-0,0,0,0,0,0,0,0,0
1784665052635,unknown,VM-116,Stage2-1-0,0,0,0,0,0,0,0,0
1784665053488,unknown,VM-112,Stage3-3-0,0,0,0,0,0,0,0,0
1784665053599,unknown,VM-110,Stage2-2-0,0,0,0,0,0,0,0,0
1784665053608,unknown,VM-111,Stage3-0-0,0,0,0,0,0,0,0,0
1784665053621,unknown,VM-115,Stage1-2-0,0,0,0,0,0,0,0,0
1784665053635,unknown,VM-116,Stage2-1-0,0,0,0,0,0,0,0,0
1784665054488,unknown,VM-112,Stage3-3-0,0,0,0,0,0,0,0,0
1784665054599,unknown,VM-110,Stage2-2-0,0,0,0,0,0,0,0,0
1784665054608,unknown,VM-111,Stage3-0-0,0,0,0,0,0,0,0,0
1784665054621,unknown,VM-115,Stage1-2-0,0,0,0,0,0,0,0,0
1784665054635,unknown,VM-116,Stage2-1-0,0,0,0,0,0,0,0,0
1784665055488,unknown,VM-112,Stage3-3-0,0,0,0,0,0,0,0,0
1784665055599,unknown,VM-110,Stage2-2-0,0,0,0,0,0,0,0,0
1784665055608,unknown,VM-111,Stage3-0-0,0,0,0,0,0,0,0,0
1784665055621,unknown,VM-115,Stage1-2-0,0,0,0,0,0,0,0,0
1784665055634,unknown,VM-116,Stage2-1-0,0,0,0,0,0,0,0,0
1784665056488,unknown,VM-112,Stage3-3-0,0,0,0,0,0,0,0,0
1784665056599,unknown,VM-110,Stage2-2-0,0,0,0,0,0,0,0,0
1784665056608,unknown,VM-111,Stage3-0-0,0,0,0,0,0,0,0,0
1784665056621,unknown,VM-115,Stage1-2-0,0,0,0,0,0,0,0,0
1784665056635,unknown,VM-116,Stage2-1-0,0,0,0,0,0,0,0,0
1784665057488,unknown,VM-112,Stage3-3-0,0,0,0,0,0,0,0,0
1784665057599,unknown,VM-110,Stage2-2-0,0,0,0,0,0,0,0,0
1784665057608,unknown,VM-111,Stage3-0-0,0,0,0,0,0,0,0,0
1784665057621,unknown,VM-115,Stage1-2-0,0,0,0,0,0,0,0,0
1784665057634,unknown,VM-116,Stage2-1-0,0,0,0,0,0,0,0,0
1784665058488,unknown,VM-112,Stage3-3-0,0,0,0,0,0,0,0,0
1784665058599,unknown,VM-110,Stage2-2-0,0,0,0,0,0,0,0,0
1784665058608,unknown,VM-111,Stage3-0-0,0,0,0,0,0,0,0,0
1784665058621,unknown,VM-115,Stage1-2-0,0,0,0,0,0,0,0,0
1784665058635,unknown,VM-116,Stage2-1-0,0,0,0,0,0,0,0,0
1784665059488,unknown,VM-112,Stage3-3-0,0,0,0,0,0,0,0,0
1784665059599,unknown,VM-110,Stage2-2-0,0,0,0,0,0,0,0,0
1784665059608,unknown,VM-111,Stage3-0-0,0,0,0,0,0,0,0,0
1784665059621,unknown,VM-115,Stage1-2-0,0,0,0,0,0,0,0,0
1784665059634,unknown,VM-116,Stage2-1-0,0,0,0,0,0,0,0,0
1784665060488,unknown,VM-112,Stage3-3-0,0,0,0,0,0,0,0,0
1784665060599,unknown,VM-110,Stage2-2-0,0,0,0,0,0,0,0,0
1784665060608,unknown,VM-111,Stage3-0-0,0,0,0,0,0,0,0,0
1784665060621,unknown,VM-115,Stage1-2-0,0,0,0,0,0,0,0,0
1784665060635,unknown,VM-116,Stage2-1-0,0,0,0,0,0,0,0,0
1784665061488,unknown,VM-112,Stage3-3-0,0,0,0,0,0,0,0,0
1784665061599,unknown,VM-110,Stage2-2-0,0,0,0,0,0,0,0,0
1784665061608,unknown,VM-111,Stage3-0-0,0,0,0,0,0,0,0,0
1784665061621,unknown,VM-115,Stage1-2-0,0,0,0,0,0,0,0,0
1784665061635,unknown,VM-116,Stage2-1-0,0,0,0,0,0,0,0,0
1784665062488,unknown,VM-112,Stage3-3-0,0,0,0,0,0,0,0,0
1784665062599,unknown,VM-110,Stage2-2-0,0,0,0,0,0,0,0,0
1784665062608,unknown,VM-111,Stage3-0-0,0,0,0,0,0,0,0,0
1784665062621,unknown,VM-115,Stage1-2-0,0,0,0,0,0,0,0,0
1784665062635,unknown,VM-116,Stage2-1-0,0,0,0,0,0,0,0,0
1784665063488,unknown,VM-112,Stage3-3-0,0,0,0,0,0,0,0,0
1784665063599,unknown,VM-110,Stage2-2-0,0,0,0,0,0,0,0,0
1784665063608,unknown,VM-111,Stage3-0-0,0,0,0,0,0,0,0,0
1784665063621,unknown,VM-115,Stage1-2-0,0,0,0,0,0,0,0,0
1784665063635,unknown,VM-116,Stage2-1-0,0,0,0,0,0,0,0,0
1784665064488,unknown,VM-112,Stage3-3-0,0,0,0,0,0,0,0,0
1784665064599,unknown,VM-110,Stage2-2-0,0,0,0,0,0,0,0,0
1784665064608,unknown,VM-111,Stage3-0-0,0,0,0,0,0,0,0,0
1784665064621,unknown,VM-115,Stage1-2-0,0,0,0,0,0,0,0,0
1784665064635,unknown,VM-116,Stage2-1-0,0,0,0,0,0,0,0,0
1784665065488,unknown,VM-112,Stage3-3-0,0,0,0,0,0,0,0,0
1784665065599,unknown,VM-110,Stage2-2-0,0,0,0,0,0,0,0,0
1784665065608,unknown,VM-111,Stage3-0-0,0,0,0,0,0,0,0,0
1784665065621,unknown,VM-115,Stage1-2-0,0,0,0,0,0,0,0,0
1784665065635,unknown,VM-116,Stage2-1-0,0,0,0,0,0,0,0,0
1784665066488,unknown,VM-112,Stage3-3-0,0,0,0,0,0,0,0,0
1784665066599,unknown,VM-110,Stage2-2-0,0,0,0,0,0,0,0,0
1784665066608,unknown,VM-111,Stage3-0-0,0,0,0,0,0,0,0,0
1784665066621,unknown,VM-115,Stage1-2-0,0,0,0,0,0,0,0,0
1784665066635,unknown,VM-116,Stage2-1-0,0,0,0,0,0,0,0,0
1784665067488,unknown,VM-112,Stage3-3-0,0,0,0,0,0,0,0,0
1784665067599,unknown,VM-110,Stage2-2-0,0,0,0,0,0,0,0,0
1784665067608,unknown,VM-111,Stage3-0-0,0,0,0,0,0,0,0,0
1784665067621,unknown,VM-115,Stage1-2-0,0,0,0,0,0,0,0,0
1784665067635,unknown,VM-116,Stage2-1-0,0,0,0,0,0,0,0,0
1784665068488,unknown,VM-112,Stage3-3-0,0,0,0,0,0,0,0,0
1784665068599,unknown,VM-110,Stage2-2-0,0,0,0,0,0,0,0,0
1784665068608,unknown,VM-111,Stage3-0-0,0,0,0,0,0,0,0,0
1784665068621,unknown,VM-115,Stage1-2-0,0,0,0,0,0,0,0,0
1784665068634,unknown,VM-116,Stage2-1-0,0,0,0,0,0,0,0,0
1784665069488,unknown,VM-112,Stage3-3-0,0,0,0,0,0,0,0,0
1784665069599,unknown,VM-110,Stage2-2-0,0,0,0,0,0,0,0,0
1784665069608,unknown,VM-111,Stage3-0-0,0,0,0,0,0,0,0,0
1784665069621,unknown,VM-115,Stage1-2-0,0,0,0,0,0,0,0,0
1784665069634,unknown,VM-116,Stage2-1-0,0,0,0,0,0,0,0,0
1784665070488,unknown,VM-112,Stage3-3-0,0,0,0,0,0,0,0,0
1784665070599,unknown,VM-110,Stage2-2-0,0,0,0,0,0,0,0,0
1784665070608,unknown,VM-111,Stage3-0-0,0,0,0,0,0,0,0,0
1784665070621,unknown,VM-115,Stage1-2-0,0,0,0,0,0,0,0,0
1784665070635,unknown,VM-116,Stage2-1-0,0,0,0,0,0,0,0,0
1784665071488,unknown,VM-112,Stage3-3-0,0,0,0,0,0,0,0,0
1784665071599,unknown,VM-110,Stage2-2-0,0,0,0,0,0,0,0,0
1784665071608,unknown,VM-111,Stage3-0-0,0,0,0,0,0,0,0,0
1784665071621,unknown,VM-115,Stage1-2-0,0,0,0,0,0,0,0,0
1784665071634,unknown,VM-116,Stage2-1-0,0,0,0,0,0,0,0,0
1784665072488,unknown,VM-112,Stage3-3-0,0,0,0,0,0,0,0,0
1784665072599,unknown,VM-110,Stage2-2-0,0,0,0,0,0,0,0,0
1784665072608,unknown,VM-111,Stage3-0-0,0,0,0,0,0,0,0,0
1784665072621,unknown,VM-115,Stage1-2-0,0,0,0,0,0,0,0,0
1784665072634,unknown,VM-116,Stage2-1-0,0,0,0,0,0,0,0,0
1784665073488,unknown,VM-112,Stage3-3-0,0,0,0,0,0,0,0,0
1784665073599,unknown,VM-110,Stage2-2-0,0,0,0,0,0,0,0,0
1784665073608,unknown,VM-111,Stage3-0-0,0,0,0,0,0,0,0,0
1784665073621,unknown,VM-115,Stage1-2-0,0,0,0,0,0,0,0,0
1784665073634,unknown,VM-116,Stage2-1-0,0,0,0,0,0,0,0,0
1784665074488,unknown,VM-112,Stage3-3-0,0,0,0,0,0,0,0,0
1784665074599,unknown,VM-110,Stage2-2-0,0,0,0,0,0,0,0,0
1784665074608,unknown,VM-111,Stage3-0-0,0,0,0,0,0,0,0,0
1784665074621,unknown,VM-115,Stage1-2-0,0,0,0,0,0,0,0,0
1784665074635,unknown,VM-116,Stage2-1-0,0,0,0,0,0,0,0,0
1784665075488,unknown,VM-112,Stage3-3-0,0,0,0,0,0,0,0,0
1784665075599,unknown,VM-110,Stage2-2-0,0,0,0,0,0,0,0,0
1784665075608,unknown,VM-111,Stage3-0-0,0,0,0,0,0,0,0,0
1784665075621,unknown,VM-115,Stage1-2-0,0,0,0,0,0,0,0,0
1784665075634,unknown,VM-116,Stage2-1-0,0,0,0,0,0,0,0,0
1784665076488,unknown,VM-112,Stage3-3-0,0,0,0,0,0,0,0,0
1784665076599,unknown,VM-110,Stage2-2-0,0,0,0,0,0,0,0,0
1784665076608,unknown,VM-111,Stage3-0-0,0,0,0,0,0,0,0,0
1784665076621,unknown,VM-115,Stage1-2-0,0,0,0,0,0,0,0,0
1784665076634,unknown,VM-116,Stage2-1-0,0,0,0,0,0,0,0,0
1784665077488,unknown,VM-112,Stage3-3-0,0,0,0,0,0,0,0,0
1784665077599,unknown,VM-110,Stage2-2-0,0,0,0,0,0,0,0,0
1784665077608,unknown,VM-111,Stage3-0-0,0,0,0,0,0,0,0,0
1784665077621,unknown,VM-115,Stage1-2-0,0,0,0,0,0,0,0,0
1784665077634,unknown,VM-116,Stage2-1-0,0,0,0,0,0,0,0,0
1784665078488,unknown,VM-112,Stage3-3-0,0,0,0,0,0,0,0,0
1784665078599,unknown,VM-110,Stage2-2-0,0,0,0,0,0,0,0,0
1784665078608,unknown,VM-111,Stage3-0-0,0,0,0,0,0,0,0,0
1784665078621,unknown,VM-115,Stage1-2-0,0,0,0,0,0,0,0,0
1784665078635,unknown,VM-116,Stage2-1-0,0,0,0,0,0,0,0,0
1784665079488,unknown,VM-112,Stage3-3-0,0,0,0,0,0,0,0,0
1784665079599,unknown,VM-110,Stage2-2-0,0,0,0,0,0,0,0,0
1784665079608,unknown,VM-111,Stage3-0-0,0,0,0,0,0,0,0,0
1784665079621,unknown,VM-115,Stage1-2-0,0,0,0,0,0,0,0,0
1784665079635,unknown,VM-116,Stage2-1-0,0,0,0,0,0,0,0,0
1784665080488,unknown,VM-112,Stage3-3-0,0,0,0,0,0,0,0,0
1784665080599,unknown,VM-110,Stage2-2-0,0,0,0,0,0,0,0,0
1784665080608,unknown,VM-111,Stage3-0-0,0,0,0,0,0,0,0,0
1784665080621,unknown,VM-115,Stage1-2-0,0,0,0,0,0,0,0,0
1784665080635,unknown,VM-116,Stage2-1-0,0,0,0,0,0,0,0,0
1784665081488,unknown,VM-112,Stage3-3-0,0,0,0,0,0,0,0,0
1784665081599,unknown,VM-110,Stage2-2-0,0,0,0,0,0,0,0,0
1784665081608,unknown,VM-111,Stage3-0-0,0,0,0,0,0,0,0,0
1784665081621,unknown,VM-115,Stage1-2-0,0,0,0,0,0,0,0,0
1784665081635,unknown,VM-116,Stage2-1-0,0,0,0,0,0,0,0,0
1784665082488,unknown,VM-112,Stage3-3-0,0,0,0,0,0,0,0,0
1784665082599,unknown,VM-110,Stage2-2-0,0,0,0,0,0,0,0,0
1784665082608,unknown,VM-111,Stage3-0-0,0,0,0,0,0,0,0,0
1784665082621,unknown,VM-115,Stage1-2-0,0,0,0,0,0,0,0,0
1784665082635,unknown,VM-116,Stage2-1-0,0,0,0,0,0,0,0,0
1784665083488,unknown,VM-112,Stage3-3-0,0,0,0,0,0,0,0,0
1784665083599,unknown,VM-110,Stage2-2-0,0,0,0,0,0,0,0,0
1784665083608,unknown,VM-111,Stage3-0-0,0,0,0,0,0,0,0,0
1784665083621,unknown,VM-115,Stage1-2-0,0,0,0,0,0,0,0,0
1784665083634,unknown,VM-116,Stage2-1-0,0,0,0,0,0,0,0,0
1784665084488,unknown,VM-112,Stage3-3-0,0,0,0,0,0,0,0,0
1784665084599,unknown,VM-110,Stage2-2-0,0,0,0,0,0,0,0,0
1784665084608,unknown,VM-111,Stage3-0-0,0,0,0,0,0,0,0,0
1784665084621,unknown,VM-115,Stage1-2-0,0,0,0,0,0,0,0,0
1784665084634,unknown,VM-116,Stage2-1-0,0,0,0,0,0,0,0,0
1784665085488,unknown,VM-112,Stage3-3-0,0,0,0,0,0,0,0,0
1784665085599,unknown,VM-110,Stage2-2-0,0,0,0,0,0,0,0,0
1784665085608,unknown,VM-111,Stage3-0-0,0,0,0,0,0,0,0,0
1784665085621,unknown,VM-115,Stage1-2-0,0,0,0,0,0,0,0,0
1784665085634,unknown,VM-116,Stage2-1-0,0,0,0,0,0,0,0,0
1784665086488,unknown,VM-112,Stage3-3-0,0,0,0,0,0,0,0,0
1784665086599,unknown,VM-110,Stage2-2-0,0,0,0,0,0,0,0,0
1784665086608,unknown,VM-111,Stage3-0-0,0,0,0,0,0,0,0,0
1784665086621,unknown,VM-115,Stage1-2-0,0,0,0,0,0,0,0,0
1784665086634,unknown,VM-116,Stage2-1-0,0,0,0,0,0,0,0,0
1784665087488,unknown,VM-112,Stage3-3-0,0,0,0,0,0,0,0,0
1784665087599,unknown,VM-110,Stage2-2-0,0,0,0,0,0,0,0,0
1784665087608,unknown,VM-111,Stage3-0-0,0,0,0,0,0,0,0,0
1784665087621,unknown,VM-115,Stage1-2-0,0,0,0,0,0,0,0,0
1784665087634,unknown,VM-116,Stage2-1-0,0,0,0,0,0,0,0,0
1784665088488,unknown,VM-112,Stage3-3-0,0,0,0,0,0,0,0,0
1784665088599,unknown,VM-110,Stage2-2-0,0,0,0,0,0,0,0,0
1784665088608,unknown,VM-111,Stage3-0-0,0,0,0,0,0,0,0,0
1784665088621,unknown,VM-115,Stage1-2-0,0,0,0,0,0,0,0,0
1784665088634,unknown,VM-116,Stage2-1-0,0,0,0,0,0,0,0,0
1784665089488,unknown,VM-112,Stage3-3-0,0,0,0,0,0,0,0,0
1784665089599,unknown,VM-110,Stage2-2-0,0,0,0,0,0,0,0,0
1784665089608,unknown,VM-111,Stage3-0-0,0,0,0,0,0,0,0,0
1784665089621,unknown,VM-115,Stage1-2-0,0,0,0,0,0,0,0,0
1784665089635,unknown,VM-116,Stage2-1-0,0,0,0,0,0,0,0,0
1784665090488,unknown,VM-112,Stage3-3-0,0,0,0,0,0,0,0,0
1784665090599,unknown,VM-110,Stage2-2-0,0,0,0,0,0,0,0,0
1784665090608,unknown,VM-111,Stage3-0-0,0,0,0,0,0,0,0,0
1784665090621,unknown,VM-115,Stage1-2-0,0,0,0,0,0,0,0,0
1784665090635,unknown,VM-116,Stage2-1-0,0,0,0,0,0,0,0,0
1784665091488,unknown,VM-112,Stage3-3-0,0,0,0,0,0,0,0,0
1784665091599,unknown,VM-110,Stage2-2-0,0,0,0,0,0,0,0,0
1784665091608,unknown,VM-111,Stage3-0-0,0,0,0,0,0,0,0,0
1784665091621,unknown,VM-115,Stage1-2-0,0,0,0,0,0,0,0,0
1784665091635,unknown,VM-116,Stage2-1-0,0,0,0,0,0,0,0,0
1784665092488,unknown,VM-112,Stage3-3-0,0,0,0,0,0,0,0,0
1784665092599,unknown,VM-110,Stage2-2-0,0,0,0,0,0,0,0,0
1784665092608,unknown,VM-111,Stage3-0-0,0,0,0,0,0,0,0,0
1784665092621,unknown,VM-115,Stage1-2-0,0,0,0,0,0,0,0,0
1784665092635,unknown,VM-116,Stage2-1-0,0,0,0,0,0,0,0,0
1784665093488,unknown,VM-112,Stage3-3-0,0,0,0,0,0,0,0,0
1784665093599,unknown,VM-110,Stage2-2-0,0,0,0,0,0,0,0,0
1784665093608,unknown,VM-111,Stage3-0-0,0,0,0,0,0,0,0,0
1784665093621,unknown,VM-115,Stage1-2-0,0,0,0,0,0,0,0,0
1784665093635,unknown,VM-116,Stage2-1-0,0,0,0,0,0,0,0,0
1784665094488,unknown,VM-112,Stage3-3-0,0,0,0,0,0,0,0,0
1784665094599,unknown,VM-110,Stage2-2-0,0,0,0,0,0,0,0,0
1784665094608,unknown,VM-111,Stage3-0-0,0,0,0,0,0,0,0,0
1784665094621,unknown,VM-115,Stage1-2-0,0,0,0,0,0,0,0,0
1784665094635,unknown,VM-116,Stage2-1-0,0,0,0,0,0,0,0,0
1784665095488,unknown,VM-112,Stage3-3-0,0,0,0,0,0,0,0,0
1784665095599,unknown,VM-110,Stage2-2-0,0,0,0,0,0,0,0,0
1784665095608,unknown,VM-111,Stage3-0-0,0,0,0,0,0,0,0,0
1784665095621,unknown,VM-115,Stage1-2-0,0,0,0,0,0,0,0,0
1784665095635,unknown,VM-116,Stage2-1-0,0,0,0,0,0,0,0,0
1784665096488,unknown,VM-112,Stage3-3-0,0,0,0,0,0,0,0,0
1784665096599,unknown,VM-110,Stage2-2-0,0,0,0,0,0,0,0,0
1784665096608,unknown,VM-111,Stage3-0-0,0,0,0,0,0,0,0,0
1784665096621,unknown,VM-115,Stage1-2-0,0,0,0,0,0,0,0,0
1784665096635,unknown,VM-116,Stage2-1-0,0,0,0,0,0,0,0,0
1784665097488,unknown,VM-112,Stage3-3-0,0,0,0,0,0,0,0,0
1784665097599,unknown,VM-110,Stage2-2-0,0,0,0,0,0,0,0,0
1784665097608,unknown,VM-111,Stage3-0-0,0,0,0,0,0,0,0,0
1784665097621,unknown,VM-115,Stage1-2-0,0,0,0,0,0,0,0,0
1784665097635,unknown,VM-116,Stage2-1-0,0,0,0,0,0,0,0,0
1784665098488,unknown,VM-112,Stage3-3-0,0,0,0,0,0,0,0,0
1784665098599,unknown,VM-110,Stage2-2-0,0,0,0,0,0,0,0,0
1784665098608,unknown,VM-111,Stage3-0-0,0,0,0,0,0,0,0,0
1784665098621,unknown,VM-115,Stage1-2-0,0,0,0,0,0,0,0,0
1784665098635,unknown,VM-116,Stage2-1-0,0,0,0,0,0,0,0,0
1784665099488,unknown,VM-112,Stage3-3-0,0,0,0,0,0,0,0,0
1784665099599,unknown,VM-110,Stage2-2-0,0,0,0,0,0,0,0,0
1784665099608,unknown,VM-111,Stage3-0-0,0,0,0,0,0,0,0,0
1784665099621,unknown,VM-115,Stage1-2-0,0,0,0,0,0,0,0,0
1784665099635,unknown,VM-116,Stage2-1-0,0,0,0,0,0,0,0,0
1784665100488,unknown,VM-112,Stage3-3-0,0,0,0,0,0,0,0,0
1784665100599,unknown,VM-110,Stage2-2-0,0,0,0,0,0,0,0,0
1784665100608,unknown,VM-111,Stage3-0-0,0,0,0,0,0,0,0,0
1784665100621,unknown,VM-115,Stage1-2-0,0,0,0,0,0,0,0,0
1784665100635,unknown,VM-116,Stage2-1-0,0,0,0,0,0,0,0,0
1784665101488,unknown,VM-112,Stage3-3-0,0,0,0,0,0,0,0,0
1784665101599,unknown,VM-110,Stage2-2-0,0,0,0,0,0,0,0,0
1784665101608,unknown,VM-111,Stage3-0-0,0,0,0,0,0,0,0,0
1784665101621,unknown,VM-115,Stage1-2-0,0,0,0,0,0,0,0,0
1784665101635,unknown,VM-116,Stage2-1-0,0,0,0,0,0,0,0,0
1784665102488,unknown,VM-112,Stage3-3-0,0,0,0,0,0,0,0,0
1784665102599,unknown,VM-110,Stage2-2-0,0,0,0,0,0,0,0,0
1784665102608,unknown,VM-111,Stage3-0-0,0,0,0,0,0,0,0,0
1784665102621,unknown,VM-115,Stage1-2-0,0,0,0,0,0,0,0,0
1784665102635,unknown,VM-116,Stage2-1-0,0,0,0,0,0,0,0,0
1784665103488,unknown,VM-112,Stage3-3-0,0,0,0,0,0,0,0,0
1784665103599,unknown,VM-110,Stage2-2-0,0,0,0,0,0,0,0,0
1784665103608,unknown,VM-111,Stage3-0-0,0,0,0,0,0,0,0,0
1784665103621,unknown,VM-115,Stage1-2-0,0,0,0,0,0,0,0,0
1784665103635,unknown,VM-116,Stage2-1-0,0,0,0,0,0,0,0,0
1784665104488,unknown,VM-112,Stage3-3-0,0,0,0,0,0,0,0,0
1784665104599,unknown,VM-110,Stage2-2-0,0,0,0,0,0,0,0,0
1784665104608,unknown,VM-111,Stage3-0-0,0,0,0,0,0,0,0,0
1784665104621,unknown,VM-115,Stage1-2-0,0,0,0,0,0,0,0,0
1784665104635,unknown,VM-116,Stage2-1-0,0,0,0,0,0,0,0,0
1784665105488,unknown,VM-112,Stage3-3-0,0,0,0,0,0,0,0,0
1784665105599,unknown,VM-110,Stage2-2-0,0,0,0,0,0,0,0,0
1784665105608,unknown,VM-111,Stage3-0-0,0,0,0,0,0,0,0,0
1784665105621,unknown,VM-115,Stage1-2-0,0,0,0,0,0,0,0,0
1784665105635,unknown,VM-116,Stage2-1-0,0,0,0,0,0,0,0,0
1784665106488,unknown,VM-112,Stage3-3-0,0,0,0,0,0,0,0,0
1784665106599,unknown,VM-110,Stage2-2-0,0,0,0,0,0,0,0,0
1784665106608,unknown,VM-111,Stage3-0-0,0,0,0,0,0,0,0,0
1784665106621,unknown,VM-115,Stage1-2-0,0,0,0,0,0,0,0,0
1784665106635,unknown,VM-116,Stage2-1-0,0,0,0,0,0,0,0,0
1784665107488,unknown,VM-112,Stage3-3-0,0,0,0,0,0,0,0,0
1784665107599,unknown,VM-110,Stage2-2-0,0,0,0,0,0,0,0,0
1784665107608,unknown,VM-111,Stage3-0-0,0,0,0,0,0,0,0,0
1784665107621,unknown,VM-115,Stage1-2-0,0,0,0,0,0,0,0,0
1784665107635,unknown,VM-116,Stage2-1-0,0,0,0,0,0,0,0,0
1784665108488,unknown,VM-112,Stage3-3-0,0,0,0,0,0,0,0,0
1784665108599,unknown,VM-110,Stage2-2-0,0,0,0,0,0,0,0,0
1784665108608,unknown,VM-111,Stage3-0-0,0,0,0,0,0,0,0,0
1784665108621,unknown,VM-115,Stage1-2-0,0,0,0,0,0,0,0,0
1784665108635,unknown,VM-116,Stage2-1-0,0,0,0,0,0,0,0,0
1784665109488,unknown,VM-112,Stage3-3-0,0,0,0,0,0,0,0,0
1784665109599,unknown,VM-110,Stage2-2-0,0,0,0,0,0,0,0,0
1784665109608,unknown,VM-111,Stage3-0-0,0,0,0,0,0,0,0,0
1784665109621,unknown,VM-115,Stage1-2-0,0,0,0,0,0,0,0,0
1784665109635,unknown,VM-116,Stage2-1-0,0,0,0,0,0,0,0,0
1784665110488,unknown,VM-112,Stage3-3-0,0,0,0,0,0,0,0,0
1784665110599,unknown,VM-110,Stage2-2-0,0,0,0,0,0,0,0,0
1784665110608,unknown,VM-111,Stage3-0-0,0,0,0,0,0,0,0,0
1784665110621,unknown,VM-115,Stage1-2-0,0,0,0,0,0,0,0,0
1784665110635,unknown,VM-116,Stage2-1-0,0,0,0,0,0,0,0,0
1784665111488,unknown,VM-112,Stage3-3-0,0,0,0,0,0,0,0,0
1784665111599,unknown,VM-110,Stage2-2-0,0,0,0,0,0,0,0,0
1784665111608,unknown,VM-111,Stage3-0-0,0,0,0,0,0,0,0,0
1784665111621,unknown,VM-115,Stage1-2-0,0,0,0,0,0,0,0,0
1784665111635,unknown,VM-116,Stage2-1-0,0,0,0,0,0,0,0,0
1784665112488,unknown,VM-112,Stage3-3-0,0,0,0,0,0,0,0,0
1784665112599,unknown,VM-110,Stage2-2-0,0,0,0,0,0,0,0,0
1784665112608,unknown,VM-111,Stage3-0-0,0,0,0,0,0,0,0,0
1784665112621,unknown,VM-115,Stage1-2-0,0,0,0,0,0,0,0,0
1784665112635,unknown,VM-116,Stage2-1-0,0,0,0,0,0,0,0,0
1784665113488,unknown,VM-112,Stage3-3-0,0,0,0,0,0,0,0,0
1784665113599,unknown,VM-110,Stage2-2-0,0,0,0,0,0,0,0,0
1784665113608,unknown,VM-111,Stage3-0-0,0,0,0,0,0,0,0,0
1784665113621,unknown,VM-115,Stage1-2-0,0,0,0,0,0,0,0,0
1784665113634,unknown,VM-116,Stage2-1-0,0,0,0,0,0,0,0,0
1784665114488,unknown,VM-112,Stage3-3-0,0,0,0,0,0,0,0,0
1784665114599,unknown,VM-110,Stage2-2-0,0,0,0,0,0,0,0,0
1784665114608,unknown,VM-111,Stage3-0-0,0,0,0,0,0,0,0,0
1784665114621,unknown,VM-115,Stage1-2-0,0,0,0,0,0,0,0,0
1784665114634,unknown,VM-116,Stage2-1-0,0,0,0,0,0,0,0,0
1784665115488,unknown,VM-112,Stage3-3-0,0,0,0,0,0,0,0,0
1784665115599,unknown,VM-110,Stage2-2-0,0,0,0,0,0,0,0,0
1784665115608,unknown,VM-111,Stage3-0-0,0,0,0,0,0,0,0,0
1784665115621,unknown,VM-115,Stage1-2-0,0,0,0,0,0,0,0,0
1784665115634,unknown,VM-116,Stage2-1-0,0,0,0,0,0,0,0,0
1784665116488,unknown,VM-112,Stage3-3-0,0,0,0,0,0,0,0,0
1784665116598,unknown,VM-110,Stage2-2-0,0,0,0,0,0,0,0,0
1784665116608,unknown,VM-111,Stage3-0-0,0,0,0,0,0,0,0,0
1784665116621,unknown,VM-115,Stage1-2-0,0,0,0,0,0,0,0,0
1784665116634,unknown,VM-116,Stage2-1-0,0,0,0,0,0,0,0,0
1784665117488,unknown,VM-112,Stage3-3-0,0,0,0,0,0,0,0,0
1784665117599,unknown,VM-110,Stage2-2-0,0,0,0,0,0,0,0,0
1784665117608,unknown,VM-111,Stage3-0-0,0,0,0,0,0,0,0,0
1784665117621,unknown,VM-115,Stage1-2-0,0,0,0,0,0,0,0,0
1784665117634,unknown,VM-116,Stage2-1-0,0,0,0,0,0,0,0,0
1784665118488,unknown,VM-112,Stage3-3-0,0,0,0,0,0,0,0,0
1784665118599,unknown,VM-110,Stage2-2-0,0,0,0,0,0,0,0,0
1784665118608,unknown,VM-111,Stage3-0-0,0,0,0,0,0,0,0,0
1784665118621,unknown,VM-115,Stage1-2-0,0,0,0,0,0,0,0,0
1784665118634,unknown,VM-116,Stage2-1-0,0,0,0,0,0,0,0,0
1784665119488,unknown,VM-112,Stage3-3-0,0,0,0,0,0,0,0,0
1784665119599,unknown,VM-110,Stage2-2-0,0,0,0,0,0,0,0,0
1784665119608,unknown,VM-111,Stage3-0-0,0,0,0,0,0,0,0,0
1784665119621,unknown,VM-115,Stage1-2-0,0,0,0,0,0,0,0,0
1784665119635,unknown,VM-116,Stage2-1-0,0,0,0,0,0,0,0,0
1784665120488,unknown,VM-112,Stage3-3-0,0,0,0,0,0,0,0,0
1784665120599,unknown,VM-110,Stage2-2-0,0,0,0,0,0,0,0,0
1784665120608,unknown,VM-111,Stage3-0-0,0,0,0,0,0,0,0,0
1784665120621,unknown,VM-115,Stage1-2-0,0,0,0,0,0,0,0,0
1784665120635,unknown,VM-116,Stage2-1-0,0,0,0,0,0,0,0,0
1784665121488,unknown,VM-112,Stage3-3-0,0,0,0,0,0,0,0,0
1784665121599,unknown,VM-110,Stage2-2-0,0,0,0,0,0,0,0,0
1784665121608,unknown,VM-111,Stage3-0-0,0,0,0,0,0,0,0,0
1784665121621,unknown,VM-115,Stage1-2-0,0,0,0,0,0,0,0,0
1784665121635,unknown,VM-116,Stage2-1-0,0,0,0,0,0,0,0,0
1784665122488,unknown,VM-112,Stage3-3-0,0,0,0,0,0,0,0,0
1784665122599,unknown,VM-110,Stage2-2-0,0,0,0,0,0,0,0,0
1784665122608,unknown,VM-111,Stage3-0-0,0,0,0,0,0,0,0,0
1784665122621,unknown,VM-115,Stage1-2-0,0,0,0,0,0,0,0,0
1784665122635,unknown,VM-116,Stage2-1-0,0,0,0,0,0,0,0,0
1784665123488,unknown,VM-112,Stage3-3-0,0,0,0,0,0,0,0,0
1784665123599,unknown,VM-110,Stage2-2-0,0,0,0,0,0,0,0,0
1784665123608,unknown,VM-111,Stage3-0-0,0,0,0,0,0,0,0,0
1784665123621,unknown,VM-115,Stage1-2-0,0,0,0,0,0,0,0,0
1784665123635,unknown,VM-116,Stage2-1-0,0,0,0,0,0,0,0,0
1784665124488,unknown,VM-112,Stage3-3-0,0,0,0,0,0,0,0,0
1784665124599,unknown,VM-110,Stage2-2-0,0,0,0,0,0,0,0,0
1784665124608,unknown,VM-111,Stage3-0-0,0,0,0,0,0,0,0,0
1784665124621,unknown,VM-115,Stage1-2-0,0,0,0,0,0,0,0,0
1784665124635,unknown,VM-116,Stage2-1-0,0,0,0,0,0,0,0,0
1784665125488,unknown,VM-112,Stage3-3-0,0,0,0,0,0,0,0,0
1784665125599,unknown,VM-110,Stage2-2-0,0,0,0,0,0,0,0,0
1784665125608,unknown,VM-111,Stage3-0-0,0,0,0,0,0,0,0,0
1784665125621,unknown,VM-115,Stage1-2-0,0,0,0,0,0,0,0,0
1784665125635,unknown,VM-116,Stage2-1-0,0,0,0,0,0,0,0,0
1784665126488,unknown,VM-112,Stage3-3-0,0,0,0,0,0,0,0,0
1784665126599,unknown,VM-110,Stage2-2-0,0,0,0,0,0,0,0,0
1784665126608,unknown,VM-111,Stage3-0-0,0,0,0,0,0,0,0,0
1784665126621,unknown,VM-115,Stage1-2-0,0,0,0,0,0,0,0,0
1784665126635,unknown,VM-116,Stage2-1-0,0,0,0,0,0,0,0,0
1784665127488,unknown,VM-112,Stage3-3-0,0,0,0,0,0,0,0,0
1784665127599,unknown,VM-110,Stage2-2-0,0,0,0,0,0,0,0,0
1784665127608,unknown,VM-111,Stage3-0-0,0,0,0,0,0,0,0,0
1784665127621,unknown,VM-115,Stage1-2-0,0,0,0,0,0,0,0,0
1784665127635,unknown,VM-116,Stage2-1-0,0,0,0,0,0,0,0,0
1784665128488,unknown,VM-112,Stage3-3-0,0,0,0,0,0,0,0,0
1784665128599,unknown,VM-110,Stage2-2-0,0,0,0,0,0,0,0,0
1784665128608,unknown,VM-111,Stage3-0-0,0,0,0,0,0,0,0,0
1784665128621,unknown,VM-115,Stage1-2-0,0,0,0,0,0,0,0,0
1784665128635,unknown,VM-116,Stage2-1-0,0,0,0,0,0,0,0,0
1784665129488,unknown,VM-112,Stage3-3-0,0,0,0,0,0,0,0,0
1784665129599,unknown,VM-110,Stage2-2-0,0,0,0,0,0,0,0,0
1784665129608,unknown,VM-111,Stage3-0-0,0,0,0,0,0,0,0,0
1784665129621,unknown,VM-115,Stage1-2-0,0,0,0,0,0,0,0,0
1784665129635,unknown,VM-116,Stage2-1-0,0,0,0,0,0,0,0,0
1784665130488,unknown,VM-112,Stage3-3-0,0,0,0,0,0,0,0,0
1784665130599,unknown,VM-110,Stage2-2-0,0,0,0,0,0,0,0,0
1784665130608,unknown,VM-111,Stage3-0-0,0,0,0,0,0,0,0,0
1784665130621,unknown,VM-115,Stage1-2-0,0,0,0,0,0,0,0,0
1784665130635,unknown,VM-116,Stage2-1-0,0,0,0,0,0,0,0,0
1784665131488,unknown,VM-112,Stage3-3-0,0,0,0,0,0,0,0,0
1784665131599,unknown,VM-110,Stage2-2-0,0,0,0,0,0,0,0,0
1784665131608,unknown,VM-111,Stage3-0-0,0,0,0,0,0,0,0,0
1784665131621,unknown,VM-115,Stage1-2-0,0,0,0,0,0,0,0,0
1784665131635,unknown,VM-116,Stage2-1-0,0,0,0,0,0,0,0,0
1784665132488,unknown,VM-112,Stage3-3-0,0,0,0,0,0,0,0,0
1784665132599,unknown,VM-110,Stage2-2-0,0,0,0,0,0,0,0,0
1784665132608,unknown,VM-111,Stage3-0-0,0,0,0,0,0,0,0,0
1784665132621,unknown,VM-115,Stage1-2-0,0,0,0,0,0,0,0,0
1784665132635,unknown,VM-116,Stage2-1-0,0,0,0,0,0,0,0,0
1784665133488,unknown,VM-112,Stage3-3-0,0,0,0,0,0,0,0,0
1784665133598,unknown,VM-110,Stage2-2-0,0,0,0,0,0,0,0,0
1784665133608,unknown,VM-111,Stage3-0-0,0,0,0,0,0,0,0,0
1784665133621,unknown,VM-115,Stage1-2-0,0,0,0,0,0,0,0,0
1784665133634,unknown,VM-116,Stage2-1-0,0,0,0,0,0,0,0,0
1784665134488,unknown,VM-112,Stage3-3-0,0,0,0,0,0,0,0,0
1784665134599,unknown,VM-110,Stage2-2-0,0,0,0,0,0,0,0,0
1784665134608,unknown,VM-111,Stage3-0-0,0,0,0,0,0,0,0,0
1784665134621,unknown,VM-115,Stage1-2-0,0,0,0,0,0,0,0,0
1784665134634,unknown,VM-116,Stage2-1-0,0,0,0,0,0,0,0,0
1784665135488,unknown,VM-112,Stage3-3-0,0,0,0,0,0,0,0,0
1784665135599,unknown,VM-110,Stage2-2-0,0,0,0,0,0,0,0,0
1784665135608,unknown,VM-111,Stage3-0-0,0,0,0,0,0,0,0,0
1784665135621,unknown,VM-115,Stage1-2-0,0,0,0,0,0,0,0,0
1784665135634,unknown,VM-116,Stage2-1-0,0,0,0,0,0,0,0,0
1784665136488,unknown,VM-112,Stage3-3-0,0,0,0,0,0,0,0,0
1784665136599,unknown,VM-110,Stage2-2-0,0,0,0,0,0,0,0,0
1784665136608,unknown,VM-111,Stage3-0-0,0,0,0,0,0,0,0,0
1784665136621,unknown,VM-115,Stage1-2-0,0,0,0,0,0,0,0,0
1784665136634,unknown,VM-116,Stage2-1-0,0,0,0,0,0,0,0,0
1784665137488,unknown,VM-112,Stage3-3-0,0,0,0,0,0,0,0,0
1784665137599,unknown,VM-110,Stage2-2-0,0,0,0,0,0,0,0,0
1784665137608,unknown,VM-111,Stage3-0-0,0,0,0,0,0,0,0,0
1784665137621,unknown,VM-115,Stage1-2-0,0,0,0,0,0,0,0,0
1784665137635,unknown,VM-116,Stage2-1-0,0,0,0,0,0,0,0,0
1784665138488,unknown,VM-112,Stage3-3-0,0,0,0,0,0,0,0,0
1784665138599,unknown,VM-110,Stage2-2-0,0,0,0,0,0,0,0,0
1784665138608,unknown,VM-111,Stage3-0-0,0,0,0,0,0,0,0,0
1784665138621,unknown,VM-115,Stage1-2-0,0,0,0,0,0,0,0,0
1784665138635,unknown,VM-116,Stage2-1-0,0,0,0,0,0,0,0,0
1784665139488,unknown,VM-112,Stage3-3-0,0,0,0,0,0,0,0,0
1784665139599,unknown,VM-110,Stage2-2-0,0,0,0,0,0,0,0,0
1784665139608,unknown,VM-111,Stage3-0-0,0,0,0,0,0,0,0,0
1784665139621,unknown,VM-115,Stage1-2-0,0,0,0,0,0,0,0,0
1784665139635,unknown,VM-116,Stage2-1-0,0,0,0,0,0,0,0,0
1784665140488,unknown,VM-112,Stage3-3-0,0,0,0,0,0,0,0,0
1784665140599,unknown,VM-110,Stage2-2-0,0,0,0,0,0,0,0,0
1784665140608,unknown,VM-111,Stage3-0-0,0,0,0,0,0,0,0,0
1784665140621,unknown,VM-115,Stage1-2-0,0,0,0,0,0,0,0,0
1784665140635,unknown,VM-116,Stage2-1-0,0,0,0,0,0,0,0,0
1784665141488,unknown,VM-112,Stage3-3-0,0,0,0,0,0,0,0,0
1784665141599,unknown,VM-110,Stage2-2-0,0,0,0,0,0,0,0,0
1784665141608,unknown,VM-111,Stage3-0-0,0,0,0,0,0,0,0,0
1784665141621,unknown,VM-115,Stage1-2-0,0,0,0,0,0,0,0,0
1784665141635,unknown,VM-116,Stage2-1-0,0,0,0,0,0,0,0,0
1784665142488,unknown,VM-112,Stage3-3-0,0,0,0,0,0,0,0,0
1784665142599,unknown,VM-110,Stage2-2-0,0,0,0,0,0,0,0,0
1784665142608,unknown,VM-111,Stage3-0-0,0,0,0,0,0,0,0,0
1784665142621,unknown,VM-115,Stage1-2-0,0,0,0,0,0,0,0,0
1784665142635,unknown,VM-116,Stage2-1-0,0,0,0,0,0,0,0,0
1784665143488,unknown,VM-112,Stage3-3-0,0,0,0,0,0,0,0,0
1784665143599,unknown,VM-110,Stage2-2-0,0,0,0,0,0,0,0,0
1784665143608,unknown,VM-111,Stage3-0-0,0,0,0,0,0,0,0,0
1784665143621,unknown,VM-115,Stage1-2-0,0,0,0,0,0,0,0,0
1784665143635,unknown,VM-116,Stage2-1-0,0,0,0,0,0,0,0,0
1784665144488,unknown,VM-112,Stage3-3-0,0,0,0,0,0,0,0,0
1784665144599,unknown,VM-110,Stage2-2-0,0,0,0,0,0,0,0,0
1784665144608,unknown,VM-111,Stage3-0-0,0,0,0,0,0,0,0,0
1784665144621,unknown,VM-115,Stage1-2-0,0,0,0,0,0,0,0,0
1784665144634,unknown,VM-116,Stage2-1-0,0,0,0,0,0,0,0,0
1784665145488,unknown,VM-112,Stage3-3-0,0,0,0,0,0,0,0,0
1784665145599,unknown,VM-110,Stage2-2-0,0,0,0,0,0,0,0,0
1784665145608,unknown,VM-111,Stage3-0-0,0,0,0,0,0,0,0,0
1784665145621,unknown,VM-115,Stage1-2-0,0,0,0,0,0,0,0,0
1784665145635,unknown,VM-116,Stage2-1-0,0,0,0,0,0,0,0,0
1784665146488,unknown,VM-112,Stage3-3-0,0,0,0,0,0,0,0,0
1784665146599,unknown,VM-110,Stage2-2-0,0,0,0,0,0,0,0,0
1784665146608,unknown,VM-111,Stage3-0-0,0,0,0,0,0,0,0,0
1784665146621,unknown,VM-115,Stage1-2-0,0,0,0,0,0,0,0,0
1784665146634,unknown,VM-116,Stage2-1-0,0,0,0,0,0,0,0,0
1784665147488,unknown,VM-112,Stage3-3-0,0,0,0,0,0,0,0,0
1784665147599,unknown,VM-110,Stage2-2-0,0,0,0,0,0,0,0,0
1784665147608,unknown,VM-111,Stage3-0-0,0,0,0,0,0,0,0,0
1784665147621,unknown,VM-115,Stage1-2-0,0,0,0,0,0,0,0,0
1784665147635,unknown,VM-116,Stage2-1-0,0,0,0,0,0,0,0,0
1784665148488,unknown,VM-112,Stage3-3-0,0,0,0,0,0,0,0,0
1784665148599,unknown,VM-110,Stage2-2-0,0,0,0,0,0,0,0,0
1784665148608,unknown,VM-111,Stage3-0-0,0,0,0,0,0,0,0,0
1784665148621,unknown,VM-115,Stage1-2-0,0,0,0,0,0,0,0,0
1784665148635,unknown,VM-116,Stage2-1-0,0,0,0,0,0,0,0,0
1784665149488,unknown,VM-112,Stage3-3-0,0,0,0,0,0,0,0,0
1784665149599,unknown,VM-110,Stage2-2-0,0,0,0,0,0,0,0,0
1784665149608,unknown,VM-111,Stage3-0-0,0,0,0,0,0,0,0,0
1784665149621,unknown,VM-115,Stage1-2-0,0,0,0,0,0,0,0,0
1784665149635,unknown,VM-116,Stage2-1-0,0,0,0,0,0,0,0,0
1784665150488,unknown,VM-112,Stage3-3-0,0,0,0,0,0,0,0,0
1784665150599,unknown,VM-110,Stage2-2-0,0,0,0,0,0,0,0,0
1784665150608,unknown,VM-111,Stage3-0-0,0,0,0,0,0,0,0,0
1784665150621,unknown,VM-115,Stage1-2-0,0,0,0,0,0,0,0,0
1784665150635,unknown,VM-116,Stage2-1-0,0,0,0,0,0,0,0,0
1784665151488,unknown,VM-112,Stage3-3-0,0,0,0,0,0,0,0,0
1784665151599,unknown,VM-110,Stage2-2-0,0,0,0,0,0,0,0,0
1784665151608,unknown,VM-111,Stage3-0-0,0,0,0,0,0,0,0,0
1784665151621,unknown,VM-115,Stage1-2-0,0,0,0,0,0,0,0,0
1784665151635,unknown,VM-116,Stage2-1-0,0,0,0,0,0,0,0,0
1784665152488,unknown,VM-112,Stage3-3-0,0,0,0,0,0,0,0,0
1784665152599,unknown,VM-110,Stage2-2-0,0,0,0,0,0,0,0,0
1784665152608,unknown,VM-111,Stage3-0-0,0,0,0,0,0,0,0,0
1784665152621,unknown,VM-115,Stage1-2-0,0,0,0,0,0,0,0,0
1784665152635,unknown,VM-116,Stage2-1-0,0,0,0,0,0,0,0,0
1784665153488,unknown,VM-112,Stage3-3-0,0,0,0,0,0,0,0,0
1784665153599,unknown,VM-110,Stage2-2-0,0,0,0,0,0,0,0,0
1784665153608,unknown,VM-111,Stage3-0-0,0,0,0,0,0,0,0,0
1784665153621,unknown,VM-115,Stage1-2-0,0,0,0,0,0,0,0,0
1784665153635,unknown,VM-116,Stage2-1-0,0,0,0,0,0,0,0,0
1784665154488,unknown,VM-112,Stage3-3-0,0,0,0,0,0,0,0,0
1784665154599,unknown,VM-110,Stage2-2-0,0,0,0,0,0,0,0,0
1784665154608,unknown,VM-111,Stage3-0-0,0,0,0,0,0,0,0,0
1784665154621,unknown,VM-115,Stage1-2-0,0,0,0,0,0,0,0,0
1784665154635,unknown,VM-116,Stage2-1-0,0,0,0,0,0,0,0,0
1784665155488,unknown,VM-112,Stage3-3-0,0,0,0,0,0,0,0,0
1784665155599,unknown,VM-110,Stage2-2-0,0,0,0,0,0,0,0,0
1784665155608,unknown,VM-111,Stage3-0-0,0,0,0,0,0,0,0,0
1784665155621,unknown,VM-115,Stage1-2-0,0,0,0,0,0,0,0,0
1784665155635,unknown,VM-116,Stage2-1-0,0,0,0,0,0,0,0,0
1784665156488,unknown,VM-112,Stage3-3-0,0,0,0,0,0,0,0,0
1784665156599,unknown,VM-110,Stage2-2-0,0,0,0,0,0,0,0,0
1784665156608,unknown,VM-111,Stage3-0-0,0,0,0,0,0,0,0,0
1784665156621,unknown,VM-115,Stage1-2-0,0,0,0,0,0,0,0,0
1784665156635,unknown,VM-116,Stage2-1-0,0,0,0,0,0,0,0,0
1784665157488,unknown,VM-112,Stage3-3-0,0,0,0,0,0,0,0,0
1784665157599,unknown,VM-110,Stage2-2-0,0,0,0,0,0,0,0,0
1784665157608,unknown,VM-111,Stage3-0-0,0,0,0,0,0,0,0,0
1784665157621,unknown,VM-115,Stage1-2-0,0,0,0,0,0,0,0,0
1784665157635,unknown,VM-116,Stage2-1-0,0,0,0,0,0,0,0,0
1784665158488,unknown,VM-112,Stage3-3-0,0,0,0,0,0,0,0,0
1784665158599,unknown,VM-110,Stage2-2-0,0,0,0,0,0,0,0,0
1784665158608,unknown,VM-111,Stage3-0-0,0,0,0,0,0,0,0,0
1784665158621,unknown,VM-115,Stage1-2-0,0,0,0,0,0,0,0,0
1784665158635,unknown,VM-116,Stage2-1-0,0,0,0,0,0,0,0,0
1784665159488,unknown,VM-112,Stage3-3-0,0,0,0,0,0,0,0,0
1784665159599,unknown,VM-110,Stage2-2-0,0,0,0,0,0,0,0,0
1784665159608,unknown,VM-111,Stage3-0-0,0,0,0,0,0,0,0,0
1784665159621,unknown,VM-115,Stage1-2-0,0,0,0,0,0,0,0,0
1784665159635,unknown,VM-116,Stage2-1-0,0,0,0,0,0,0,0,0
1784665160488,unknown,VM-112,Stage3-3-0,0,0,0,0,0,0,0,0
1784665160599,unknown,VM-110,Stage2-2-0,0,0,0,0,0,0,0,0
1784665160608,unknown,VM-111,Stage3-0-0,0,0,0,0,0,0,0,0
1784665160621,unknown,VM-115,Stage1-2-0,0,0,0,0,0,0,0,0
1784665160635,unknown,VM-116,Stage2-1-0,0,0,0,0,0,0,0,0
1784665161488,unknown,VM-112,Stage3-3-0,0,0,0,0,0,0,0,0
1784665161599,unknown,VM-110,Stage2-2-0,0,0,0,0,0,0,0,0
1784665161608,unknown,VM-111,Stage3-0-0,0,0,0,0,0,0,0,0
1784665161621,unknown,VM-115,Stage1-2-0,0,0,0,0,0,0,0,0
1784665161635,unknown,VM-116,Stage2-1-0,0,0,0,0,0,0,0,0
1784665162488,unknown,VM-112,Stage3-3-0,0,0,0,0,0,0,0,0
1784665162599,unknown,VM-110,Stage2-2-0,0,0,0,0,0,0,0,0
1784665162608,unknown,VM-111,Stage3-0-0,0,0,0,0,0,0,0,0
1784665162621,unknown,VM-115,Stage1-2-0,0,0,0,0,0,0,0,0
1784665162635,unknown,VM-116,Stage2-1-0,0,0,0,0,0,0,0,0
1784665163488,unknown,VM-112,Stage3-3-0,0,0,0,0,0,0,0,0
1784665163599,unknown,VM-110,Stage2-2-0,0,0,0,0,0,0,0,0
1784665163608,unknown,VM-111,Stage3-0-0,0,0,0,0,0,0,0,0
1784665163621,unknown,VM-115,Stage1-2-0,0,0,0,0,0,0,0,0
1784665163635,unknown,VM-116,Stage2-1-0,0,0,0,0,0,0,0,0
1784665164488,unknown,VM-112,Stage3-3-0,0,0,0,0,0,0,0,0
1784665164599,unknown,VM-110,Stage2-2-0,0,0,0,0,0,0,0,0
1784665164608,unknown,VM-111,Stage3-0-0,0,0,0,0,0,0,0,0
1784665164621,unknown,VM-115,Stage1-2-0,0,0,0,0,0,0,0,0
1784665164635,unknown,VM-116,Stage2-1-0,0,0,0,0,0,0,0,0
1784665165488,unknown,VM-112,Stage3-3-0,0,0,0,0,0,0,0,0
1784665165599,unknown,VM-110,Stage2-2-0,0,0,0,0,0,0,0,0
1784665165608,unknown,VM-111,Stage3-0-0,0,0,0,0,0,0,0,0
1784665165621,unknown,VM-115,Stage1-2-0,0,0,0,0,0,0,0,0
1784665165635,unknown,VM-116,Stage2-1-0,0,0,0,0,0,0,0,0
1784665166488,unknown,VM-112,Stage3-3-0,0,0,0,0,0,0,0,0
1784665166599,unknown,VM-110,Stage2-2-0,0,0,0,0,0,0,0,0
1784665166608,unknown,VM-111,Stage3-0-0,0,0,0,0,0,0,0,0
1784665166621,unknown,VM-115,Stage1-2-0,0,0,0,0,0,0,0,0
1784665166635,unknown,VM-116,Stage2-1-0,0,0,0,0,0,0,0,0
1784665167488,unknown,VM-112,Stage3-3-0,0,0,0,0,0,0,0,0
1784665167599,unknown,VM-110,Stage2-2-0,0,0,0,0,0,0,0,0
1784665167608,unknown,VM-111,Stage3-0-0,0,0,0,0,0,0,0,0
1784665167621,unknown,VM-115,Stage1-2-0,0,0,0,0,0,0,0,0
1784665167635,unknown,VM-116,Stage2-1-0,0,0,0,0,0,0,0,0
1784665168488,unknown,VM-112,Stage3-3-0,0,0,0,0,0,0,0,0
1784665168599,unknown,VM-110,Stage2-2-0,0,0,0,0,0,0,0,0
1784665168608,unknown,VM-111,Stage3-0-0,0,0,0,0,0,0,0,0
1784665168621,unknown,VM-115,Stage1-2-0,0,0,0,0,0,0,0,0
1784665168635,unknown,VM-116,Stage2-1-0,0,0,0,0,0,0,0,0
1784665169488,unknown,VM-112,Stage3-3-0,0,0,0,0,0,0,0,0
1784665169599,unknown,VM-110,Stage2-2-0,0,0,0,0,0,0,0,0
1784665169608,unknown,VM-111,Stage3-0-0,0,0,0,0,0,0,0,0
1784665169621,unknown,VM-115,Stage1-2-0,0,0,0,0,0,0,0,0
1784665169635,unknown,VM-116,Stage2-1-0,0,0,0,0,0,0,0,0
1784665170488,unknown,VM-112,Stage3-3-0,0,0,0,0,0,0,0,0
1784665170599,unknown,VM-110,Stage2-2-0,0,0,0,0,0,0,0,0
1784665170608,unknown,VM-111,Stage3-0-0,0,0,0,0,0,0,0,0
1784665170621,unknown,VM-115,Stage1-2-0,0,0,0,0,0,0,0,0
1784665170635,unknown,VM-116,Stage2-1-0,0,0,0,0,0,0,0,0
1784665171488,unknown,VM-112,Stage3-3-0,0,0,0,0,0,0,0,0
1784665171599,unknown,VM-110,Stage2-2-0,0,0,0,0,0,0,0,0
1784665171608,unknown,VM-111,Stage3-0-0,0,0,0,0,0,0,0,0
1784665171621,unknown,VM-115,Stage1-2-0,0,0,0,0,0,0,0,0
1784665171635,unknown,VM-116,Stage2-1-0,0,0,0,0,0,0,0,0
1784665172488,unknown,VM-112,Stage3-3-0,0,0,0,0,0,0,0,0
1784665172599,unknown,VM-110,Stage2-2-0,0,0,0,0,0,0,0,0
1784665172608,unknown,VM-111,Stage3-0-0,0,0,0,0,0,0,0,0
1784665172621,unknown,VM-115,Stage1-2-0,0,0,0,0,0,0,0,0
1784665172634,unknown,VM-116,Stage2-1-0,0,0,0,0,0,0,0,0
1784665173488,unknown,VM-112,Stage3-3-0,0,0,0,0,0,0,0,0
1784665173599,unknown,VM-110,Stage2-2-0,0,0,0,0,0,0,0,0
1784665173608,unknown,VM-111,Stage3-0-0,0,0,0,0,0,0,0,0
1784665173621,unknown,VM-115,Stage1-2-0,0,0,0,0,0,0,0,0
1784665173634,unknown,VM-116,Stage2-1-0,0,0,0,0,0,0,0,0
1784665174488,unknown,VM-112,Stage3-3-0,0,0,0,0,0,0,0,0
1784665174599,unknown,VM-110,Stage2-2-0,0,0,0,0,0,0,0,0
1784665174608,unknown,VM-111,Stage3-0-0,0,0,0,0,0,0,0,0
1784665174621,unknown,VM-115,Stage1-2-0,0,0,0,0,0,0,0,0
1784665174634,unknown,VM-116,Stage2-1-0,0,0,0,0,0,0,0,0
1784665175488,unknown,VM-112,Stage3-3-0,0,0,0,0,0,0,0,0
1784665175599,unknown,VM-110,Stage2-2-0,0,0,0,0,0,0,0,0
1784665175608,unknown,VM-111,Stage3-0-0,0,0,0,0,0,0,0,0
1784665175621,unknown,VM-115,Stage1-2-0,0,0,0,0,0,0,0,0
1784665175634,unknown,VM-116,Stage2-1-0,0,0,0,0,0,0,0,0
1784665176488,unknown,VM-112,Stage3-3-0,0,0,0,0,0,0,0,0
1784665176599,unknown,VM-110,Stage2-2-0,0,0,0,0,0,0,0,0
1784665176608,unknown,VM-111,Stage3-0-0,0,0,0,0,0,0,0,0
1784665176621,unknown,VM-115,Stage1-2-0,0,0,0,0,0,0,0,0
1784665176634,unknown,VM-116,Stage2-1-0,0,0,0,0,0,0,0,0
1784665177488,unknown,VM-112,Stage3-3-0,0,0,0,0,0,0,0,0
1784665177599,unknown,VM-110,Stage2-2-0,0,0,0,0,0,0,0,0
1784665177608,unknown,VM-111,Stage3-0-0,0,0,0,0,0,0,0,0
1784665177621,unknown,VM-115,Stage1-2-0,0,0,0,0,0,0,0,0
1784665177634,unknown,VM-116,Stage2-1-0,0,0,0,0,0,0,0,0
1784665178488,unknown,VM-112,Stage3-3-0,0,0,0,0,0,0,0,0
1784665178599,unknown,VM-110,Stage2-2-0,0,0,0,0,0,0,0,0
1784665178608,unknown,VM-111,Stage3-0-0,0,0,0,0,0,0,0,0
1784665178621,unknown,VM-115,Stage1-2-0,0,0,0,0,0,0,0,0
1784665178635,unknown,VM-116,Stage2-1-0,0,0,0,0,0,0,0,0
1784665179488,unknown,VM-112,Stage3-3-0,0,0,0,0,0,0,0,0
1784665179599,unknown,VM-110,Stage2-2-0,0,0,0,0,0,0,0,0
1784665179608,unknown,VM-111,Stage3-0-0,0,0,0,0,0,0,0,0
1784665179621,unknown,VM-115,Stage1-2-0,0,0,0,0,0,0,0,0
1784665179635,unknown,VM-116,Stage2-1-0,0,0,0,0,0,0,0,0
1784665180488,unknown,VM-112,Stage3-3-0,0,0,0,0,0,0,0,0
1784665180599,unknown,VM-110,Stage2-2-0,0,0,0,0,0,0,0,0
1784665180608,unknown,VM-111,Stage3-0-0,0,0,0,0,0,0,0,0
1784665180621,unknown,VM-115,Stage1-2-0,0,0,0,0,0,0,0,0
1784665180635,unknown,VM-116,Stage2-1-0,0,0,0,0,0,0,0,0
1784665181488,unknown,VM-112,Stage3-3-0,0,0,0,0,0,0,0,0
1784665181599,unknown,VM-110,Stage2-2-0,0,0,0,0,0,0,0,0
1784665181608,unknown,VM-111,Stage3-0-0,0,0,0,0,0,0,0,0
1784665181621,unknown,VM-115,Stage1-2-0,0,0,0,0,0,0,0,0
1784665181635,unknown,VM-116,Stage2-1-0,0,0,0,0,0,0,0,0
1784665182488,unknown,VM-112,Stage3-3-0,0,0,0,0,0,0,0,0
1784665182599,unknown,VM-110,Stage2-2-0,0,0,0,0,0,0,0,0
1784665182608,unknown,VM-111,Stage3-0-0,0,0,0,0,0,0,0,0
1784665182621,unknown,VM-115,Stage1-2-0,0,0,0,0,0,0,0,0
1784665182635,unknown,VM-116,Stage2-1-0,0,0,0,0,0,0,0,0
1784665183488,unknown,VM-112,Stage3-3-0,0,0,0,0,0,0,0,0
1784665183599,unknown,VM-110,Stage2-2-0,0,0,0,0,0,0,0,0
1784665183608,unknown,VM-111,Stage3-0-0,0,0,0,0,0,0,0,0
1784665183621,unknown,VM-115,Stage1-2-0,0,0,0,0,0,0,0,0
1784665183635,unknown,VM-116,Stage2-1-0,0,0,0,0,0,0,0,0
1784665184488,unknown,VM-112,Stage3-3-0,0,0,0,0,0,0,0,0
1784665184599,unknown,VM-110,Stage2-2-0,0,0,0,0,0,0,0,0
1784665184608,unknown,VM-111,Stage3-0-0,0,0,0,0,0,0,0,0
1784665184621,unknown,VM-115,Stage1-2-0,0,0,0,0,0,0,0,0
1784665184635,unknown,VM-116,Stage2-1-0,0,0,0,0,0,0,0,0
1784665185488,unknown,VM-112,Stage3-3-0,0,0,0,0,0,0,0,0
1784665185599,unknown,VM-110,Stage2-2-0,0,0,0,0,0,0,0,0
1784665185608,unknown,VM-111,Stage3-0-0,0,0,0,0,0,0,0,0
1784665185621,unknown,VM-115,Stage1-2-0,0,0,0,0,0,0,0,0
1784665185635,unknown,VM-116,Stage2-1-0,0,0,0,0,0,0,0,0
1784665186488,unknown,VM-112,Stage3-3-0,0,0,0,0,0,0,0,0
1784665186599,unknown,VM-110,Stage2-2-0,0,0,0,0,0,0,0,0
1784665186608,unknown,VM-111,Stage3-0-0,0,0,0,0,0,0,0,0
1784665186621,unknown,VM-115,Stage1-2-0,0,0,0,0,0,0,0,0
1784665186635,unknown,VM-116,Stage2-1-0,0,0,0,0,0,0,0,0
1784665187488,unknown,VM-112,Stage3-3-0,0,0,0,0,0,0,0,0
1784665187599,unknown,VM-110,Stage2-2-0,0,0,0,0,0,0,0,0
1784665187608,unknown,VM-111,Stage3-0-0,0,0,0,0,0,0,0,0
1784665187621,unknown,VM-115,Stage1-2-0,0,0,0,0,0,0,0,0
1784665187635,unknown,VM-116,Stage2-1-0,0,0,0,0,0,0,0,0
1784665188488,unknown,VM-112,Stage3-3-0,0,0,0,0,0,0,0,0
1784665188599,unknown,VM-110,Stage2-2-0,0,0,0,0,0,0,0,0
1784665188608,unknown,VM-111,Stage3-0-0,0,0,0,0,0,0,0,0
1784665188621,unknown,VM-115,Stage1-2-0,0,0,0,0,0,0,0,0
1784665188635,unknown,VM-116,Stage2-1-0,0,0,0,0,0,0,0,0
1784665189488,unknown,VM-112,Stage3-3-0,0,0,0,0,0,0,0,0
1784665189599,unknown,VM-110,Stage2-2-0,0,0,0,0,0,0,0,0
1784665189608,unknown,VM-111,Stage3-0-0,0,0,0,0,0,0,0,0
1784665189621,unknown,VM-115,Stage1-2-0,0,0,0,0,0,0,0,0
1784665189635,unknown,VM-116,Stage2-1-0,0,0,0,0,0,0,0,0
1784665190488,unknown,VM-112,Stage3-3-0,0,0,0,0,0,0,0,0
1784665190599,unknown,VM-110,Stage2-2-0,0,0,0,0,0,0,0,0
1784665190608,unknown,VM-111,Stage3-0-0,0,0,0,0,0,0,0,0
1784665190621,unknown,VM-115,Stage1-2-0,0,0,0,0,0,0,0,0
1784665190635,unknown,VM-116,Stage2-1-0,0,0,0,0,0,0,0,0
1784665191488,unknown,VM-112,Stage3-3-0,0,0,0,0,0,0,0,0
1784665191599,unknown,VM-110,Stage2-2-0,0,0,0,0,0,0,0,0
1784665191608,unknown,VM-111,Stage3-0-0,0,0,0,0,0,0,0,0
1784665191621,unknown,VM-115,Stage1-2-0,0,0,0,0,0,0,0,0
1784665191635,unknown,VM-116,Stage2-1-0,0,0,0,0,0,0,0,0
1784665192488,unknown,VM-112,Stage3-3-0,0,0,0,0,0,0,0,0
1784665192599,unknown,VM-110,Stage2-2-0,0,0,0,0,0,0,0,0
1784665192608,unknown,VM-111,Stage3-0-0,0,0,0,0,0,0,0,0
1784665192621,unknown,VM-115,Stage1-2-0,0,0,0,0,0,0,0,0
1784665192635,unknown,VM-116,Stage2-1-0,0,0,0,0,0,0,0,0
1784665193488,unknown,VM-112,Stage3-3-0,0,0,0,0,0,0,0,0
1784665193599,unknown,VM-110,Stage2-2-0,0,0,0,0,0,0,0,0
1784665193608,unknown,VM-111,Stage3-0-0,0,0,0,0,0,0,0,0
1784665193621,unknown,VM-115,Stage1-2-0,0,0,0,0,0,0,0,0
1784665193635,unknown,VM-116,Stage2-1-0,0,0,0,0,0,0,0,0
1784665194488,unknown,VM-112,Stage3-3-0,0,0,0,0,0,0,0,0
1784665194599,unknown,VM-110,Stage2-2-0,0,0,0,0,0,0,0,0
1784665194608,unknown,VM-111,Stage3-0-0,0,0,0,0,0,0,0,0
1784665194621,unknown,VM-115,Stage1-2-0,0,0,0,0,0,0,0,0
1784665194635,unknown,VM-116,Stage2-1-0,0,0,0,0,0,0,0,0
1784665195488,unknown,VM-112,Stage3-3-0,0,0,0,0,0,0,0,0
1784665195599,unknown,VM-110,Stage2-2-0,0,0,0,0,0,0,0,0
1784665195608,unknown,VM-111,Stage3-0-0,0,0,0,0,0,0,0,0
1784665195621,unknown,VM-115,Stage1-2-0,0,0,0,0,0,0,0,0
1784665195635,unknown,VM-116,Stage2-1-0,0,0,0,0,0,0,0,0
1784665196488,unknown,VM-112,Stage3-3-0,0,0,0,0,0,0,0,0
1784665196599,unknown,VM-110,Stage2-2-0,0,0,0,0,0,0,0,0
1784665196608,unknown,VM-111,Stage3-0-0,0,0,0,0,0,0,0,0
1784665196621,unknown,VM-115,Stage1-2-0,0,0,0,0,0,0,0,0
1784665196635,unknown,VM-116,Stage2-1-0,0,0,0,0,0,0,0,0
1784665197488,unknown,VM-112,Stage3-3-0,0,0,0,0,0,0,0,0
1784665197599,unknown,VM-110,Stage2-2-0,0,0,0,0,0,0,0,0
1784665197608,unknown,VM-111,Stage3-0-0,0,0,0,0,0,0,0,0
1784665197621,unknown,VM-115,Stage1-2-0,0,0,0,0,0,0,0,0
1784665197635,unknown,VM-116,Stage2-1-0,0,0,0,0,0,0,0,0
1784665198488,unknown,VM-112,Stage3-3-0,0,0,0,0,0,0,0,0
1784665198599,unknown,VM-110,Stage2-2-0,0,0,0,0,0,0,0,0
1784665198608,unknown,VM-111,Stage3-0-0,0,0,0,0,0,0,0,0
1784665198621,unknown,VM-115,Stage1-2-0,0,0,0,0,0,0,0,0
1784665198635,unknown,VM-116,Stage2-1-0,0,0,0,0,0,0,0,0
1784665199488,unknown,VM-112,Stage3-3-0,0,0,0,0,0,0,0,0
1784665199599,unknown,VM-110,Stage2-2-0,0,0,0,0,0,0,0,0
1784665199608,unknown,VM-111,Stage3-0-0,0,0,0,0,0,0,0,0
1784665199621,unknown,VM-115,Stage1-2-0,0,0,0,0,0,0,0,0
1784665199635,unknown,VM-116,Stage2-1-0,0,0,0,0,0,0,0,0
1784665200488,unknown,VM-112,Stage3-3-0,0,0,0,0,0,0,0,0
1784665200599,unknown,VM-110,Stage2-2-0,0,0,0,0,0,0,0,0
1784665200608,unknown,VM-111,Stage3-0-0,0,0,0,0,0,0,0,0
1784665200621,unknown,VM-115,Stage1-2-0,0,0,0,0,0,0,0,0
1784665200635,unknown,VM-116,Stage2-1-0,0,0,0,0,0,0,0,0
1784665201488,unknown,VM-112,Stage3-3-0,0,0,0,0,0,0,0,0
1784665201599,unknown,VM-110,Stage2-2-0,0,0,0,0,0,0,0,0
1784665201608,unknown,VM-111,Stage3-0-0,0,0,0,0,0,0,0,0
1784665201621,unknown,VM-115,Stage1-2-0,0,0,0,0,0,0,0,0
1784665201635,unknown,VM-116,Stage2-1-0,0,0,0,0,0,0,0,0
1784665202488,unknown,VM-112,Stage3-3-0,0,0,0,0,0,0,0,0
1784665202599,unknown,VM-110,Stage2-2-0,0,0,0,0,0,0,0,0
1784665202608,unknown,VM-111,Stage3-0-0,0,0,0,0,0,0,0,0
1784665202621,unknown,VM-115,Stage1-2-0,0,0,0,0,0,0,0,0
1784665202635,unknown,VM-116,Stage2-1-0,0,0,0,0,0,0,0,0
1784665203488,unknown,VM-112,Stage3-3-0,0,0,0,0,0,0,0,0
1784665203599,unknown,VM-110,Stage2-2-0,0,0,0,0,0,0,0,0
1784665203608,unknown,VM-111,Stage3-0-0,0,0,0,0,0,0,0,0
1784665203621,unknown,VM-115,Stage1-2-0,0,0,0,0,0,0,0,0
1784665203634,unknown,VM-116,Stage2-1-0,0,0,0,0,0,0,0,0
1784665204488,unknown,VM-112,Stage3-3-0,0,0,0,0,0,0,0,0
1784665204599,unknown,VM-110,Stage2-2-0,0,0,0,0,0,0,0,0
1784665204608,unknown,VM-111,Stage3-0-0,0,0,0,0,0,0,0,0
1784665204621,unknown,VM-115,Stage1-2-0,0,0,0,0,0,0,0,0
1784665204634,unknown,VM-116,Stage2-1-0,0,0,0,0,0,0,0,0
1784665205488,unknown,VM-112,Stage3-3-0,0,0,0,0,0,0,0,0
1784665205599,unknown,VM-110,Stage2-2-0,0,0,0,0,0,0,0,0
1784665205608,unknown,VM-111,Stage3-0-0,0,0,0,0,0,0,0,0
1784665205621,unknown,VM-115,Stage1-2-0,0,0,0,0,0,0,0,0
1784665205634,unknown,VM-116,Stage2-1-0,0,0,0,0,0,0,0,0
1784665206488,unknown,VM-112,Stage3-3-0,0,0,0,0,0,0,0,0
1784665206599,unknown,VM-110,Stage2-2-0,0,0,0,0,0,0,0,0
1784665206608,unknown,VM-111,Stage3-0-0,0,0,0,0,0,0,0,0
1784665206621,unknown,VM-115,Stage1-2-0,0,0,0,0,0,0,0,0
1784665206634,unknown,VM-116,Stage2-1-0,0,0,0,0,0,0,0,0
1784665207488,unknown,VM-112,Stage3-3-0,0,0,0,0,0,0,0,0
1784665207599,unknown,VM-110,Stage2-2-0,0,0,0,0,0,0,0,0
1784665207608,unknown,VM-111,Stage3-0-0,0,0,0,0,0,0,0,0
1784665207621,unknown,VM-115,Stage1-2-0,0,0,0,0,0,0,0,0
1784665207634,unknown,VM-116,Stage2-1-0,0,0,0,0,0,0,0,0
1784665208488,unknown,VM-112,Stage3-3-0,0,0,0,0,0,0,0,0
1784665208599,unknown,VM-110,Stage2-2-0,0,0,0,0,0,0,0,0
1784665208608,unknown,VM-111,Stage3-0-0,0,0,0,0,0,0,0,0
1784665208621,unknown,VM-115,Stage1-2-0,0,0,0,0,0,0,0,0
1784665208634,unknown,VM-116,Stage2-1-0,0,0,0,0,0,0,0,0
1784665209488,unknown,VM-112,Stage3-3-0,0,0,0,0,0,0,0,0
1784665209599,unknown,VM-110,Stage2-2-0,0,0,0,0,0,0,0,0
1784665209608,unknown,VM-111,Stage3-0-0,0,0,0,0,0,0,0,0
1784665209621,unknown,VM-115,Stage1-2-0,0,0,0,0,0,0,0,0
1784665209635,unknown,VM-116,Stage2-1-0,0,0,0,0,0,0,0,0
1784665210488,unknown,VM-112,Stage3-3-0,0,0,0,0,0,0,0,0
1784665210599,unknown,VM-110,Stage2-2-0,0,0,0,0,0,0,0,0
1784665210608,unknown,VM-111,Stage3-0-0,0,0,0,0,0,0,0,0
1784665210621,unknown,VM-115,Stage1-2-0,0,0,0,0,0,0,0,0
1784665210635,unknown,VM-116,Stage2-1-0,0,0,0,0,0,0,0,0
1784665211488,unknown,VM-112,Stage3-3-0,0,0,0,0,0,0,0,0
1784665211599,unknown,VM-110,Stage2-2-0,0,0,0,0,0,0,0,0
1784665211608,unknown,VM-111,Stage3-0-0,0,0,0,0,0,0,0,0
1784665211621,unknown,VM-115,Stage1-2-0,0,0,0,0,0,0,0,0
1784665211635,unknown,VM-116,Stage2-1-0,0,0,0,0,0,0,0,0
1784665212488,unknown,VM-112,Stage3-3-0,0,0,0,0,0,0,0,0
1784665212599,unknown,VM-110,Stage2-2-0,0,0,0,0,0,0,0,0
1784665212608,unknown,VM-111,Stage3-0-0,0,0,0,0,0,0,0,0
1784665212621,unknown,VM-115,Stage1-2-0,0,0,0,0,0,0,0,0
1784665212635,unknown,VM-116,Stage2-1-0,0,0,0,0,0,0,0,0
1784665213488,unknown,VM-112,Stage3-3-0,0,0,0,0,0,0,0,0
1784665213599,unknown,VM-110,Stage2-2-0,0,0,0,0,0,0,0,0
1784665213608,unknown,VM-111,Stage3-0-0,0,0,0,0,0,0,0,0
1784665213621,unknown,VM-115,Stage1-2-0,0,0,0,0,0,0,0,0
1784665213635,unknown,VM-116,Stage2-1-0,0,0,0,0,0,0,0,0
1784665214488,unknown,VM-112,Stage3-3-0,0,0,0,0,0,0,0,0
1784665214599,unknown,VM-110,Stage2-2-0,0,0,0,0,0,0,0,0
1784665214608,unknown,VM-111,Stage3-0-0,0,0,0,0,0,0,0,0
1784665214621,unknown,VM-115,Stage1-2-0,0,0,0,0,0,0,0,0
1784665214635,unknown,VM-116,Stage2-1-0,0,0,0,0,0,0,0,0
1784665215488,unknown,VM-112,Stage3-3-0,0,0,0,0,0,0,0,0
1784665215599,unknown,VM-110,Stage2-2-0,0,0,0,0,0,0,0,0
1784665215608,unknown,VM-111,Stage3-0-0,0,0,0,0,0,0,0,0
1784665215621,unknown,VM-115,Stage1-2-0,0,0,0,0,0,0,0,0
1784665215635,unknown,VM-116,Stage2-1-0,0,0,0,0,0,0,0,0
1784665216488,unknown,VM-112,Stage3-3-0,0,0,0,0,0,0,0,0
1784665216599,unknown,VM-110,Stage2-2-0,0,0,0,0,0,0,0,0
1784665216608,unknown,VM-111,Stage3-0-0,0,0,0,0,0,0,0,0
1784665216621,unknown,VM-115,Stage1-2-0,0,0,0,0,0,0,0,0
1784665216635,unknown,VM-116,Stage2-1-0,0,0,0,0,0,0,0,0
1784665217488,unknown,VM-112,Stage3-3-0,0,0,0,0,0,0,0,0
1784665217599,unknown,VM-110,Stage2-2-0,0,0,0,0,0,0,0,0
1784665217608,unknown,VM-111,Stage3-0-0,0,0,0,0,0,0,0,0
1784665217621,unknown,VM-115,Stage1-2-0,0,0,0,0,0,0,0,0
1784665217635,unknown,VM-116,Stage2-1-0,0,0,0,0,0,0,0,0
1784665218488,unknown,VM-112,Stage3-3-0,0,0,0,0,0,0,0,0
1784665218599,unknown,VM-110,Stage2-2-0,0,0,0,0,0,0,0,0
1784665218608,unknown,VM-111,Stage3-0-0,0,0,0,0,0,0,0,0
1784665218621,unknown,VM-115,Stage1-2-0,0,0,0,0,0,0,0,0
1784665218635,unknown,VM-116,Stage2-1-0,0,0,0,0,0,0,0,0
1784665219488,unknown,VM-112,Stage3-3-0,0,0,0,0,0,0,0,0
1784665219599,unknown,VM-110,Stage2-2-0,0,0,0,0,0,0,0,0
1784665219608,unknown,VM-111,Stage3-0-0,0,0,0,0,0,0,0,0
1784665219621,unknown,VM-115,Stage1-2-0,0,0,0,0,0,0,0,0
1784665219635,unknown,VM-116,Stage2-1-0,0,0,0,0,0,0,0,0
1784665220488,unknown,VM-112,Stage3-3-0,0,0,0,0,0,0,0,0
1784665220599,unknown,VM-110,Stage2-2-0,0,0,0,0,0,0,0,0
1784665220608,unknown,VM-111,Stage3-0-0,0,0,0,0,0,0,0,0
1784665220621,unknown,VM-115,Stage1-2-0,0,0,0,0,0,0,0,0
1784665220635,unknown,VM-116,Stage2-1-0,0,0,0,0,0,0,0,0
1784665221488,unknown,VM-112,Stage3-3-0,0,0,0,0,0,0,0,0
1784665221599,unknown,VM-110,Stage2-2-0,0,0,0,0,0,0,0,0
1784665221608,unknown,VM-111,Stage3-0-0,0,0,0,0,0,0,0,0
1784665221621,unknown,VM-115,Stage1-2-0,0,0,0,0,0,0,0,0
1784665221635,unknown,VM-116,Stage2-1-0,0,0,0,0,0,0,0,0
1784665222488,unknown,VM-112,Stage3-3-0,0,0,0,0,0,0,0,0
1784665222599,unknown,VM-110,Stage2-2-0,0,0,0,0,0,0,0,0
1784665222608,unknown,VM-111,Stage3-0-0,0,0,0,0,0,0,0,0
1784665222621,unknown,VM-115,Stage1-2-0,0,0,0,0,0,0,0,0
1784665222635,unknown,VM-116,Stage2-1-0,0,0,0,0,0,0,0,0
1784665223488,unknown,VM-112,Stage3-3-0,0,0,0,0,0,0,0,0
1784665223599,unknown,VM-110,Stage2-2-0,0,0,0,0,0,0,0,0
1784665223608,unknown,VM-111,Stage3-0-0,0,0,0,0,0,0,0,0
1784665223621,unknown,VM-115,Stage1-2-0,0,0,0,0,0,0,0,0
1784665223635,unknown,VM-116,Stage2-1-0,0,0,0,0,0,0,0,0
1784665224488,unknown,VM-112,Stage3-3-0,0,0,0,0,0,0,0,0
1784665224599,unknown,VM-110,Stage2-2-0,0,0,0,0,0,0,0,0
1784665224608,unknown,VM-111,Stage3-0-0,0,0,0,0,0,0,0,0
1784665224621,unknown,VM-115,Stage1-2-0,0,0,0,0,0,0,0,0
1784665224635,unknown,VM-116,Stage2-1-0,0,0,0,0,0,0,0,0
1784665225488,unknown,VM-112,Stage3-3-0,0,0,0,0,0,0,0,0
1784665225599,unknown,VM-110,Stage2-2-0,0,0,0,0,0,0,0,0
1784665225608,unknown,VM-111,Stage3-0-0,0,0,0,0,0,0,0,0
1784665225621,unknown,VM-115,Stage1-2-0,0,0,0,0,0,0,0,0
1784665225635,unknown,VM-116,Stage2-1-0,0,0,0,0,0,0,0,0
1784665226488,unknown,VM-112,Stage3-3-0,0,0,0,0,0,0,0,0
1784665226599,unknown,VM-110,Stage2-2-0,0,0,0,0,0,0,0,0
1784665226608,unknown,VM-111,Stage3-0-0,0,0,0,0,0,0,0,0
1784665226621,unknown,VM-115,Stage1-2-0,0,0,0,0,0,0,0,0
1784665226635,unknown,VM-116,Stage2-1-0,0,0,0,0,0,0,0,0
1784665227488,unknown,VM-112,Stage3-3-0,0,0,0,0,0,0,0,0
1784665227599,unknown,VM-110,Stage2-2-0,0,0,0,0,0,0,0,0
1784665227608,unknown,VM-111,Stage3-0-0,0,0,0,0,0,0,0,0
1784665227621,unknown,VM-115,Stage1-2-0,0,0,0,0,0,0,0,0
1784665227634,unknown,VM-116,Stage2-1-0,0,0,0,0,0,0,0,0
1784665228488,unknown,VM-112,Stage3-3-0,0,0,0,0,0,0,0,0
1784665228599,unknown,VM-110,Stage2-2-0,0,0,0,0,0,0,0,0
1784665228608,unknown,VM-111,Stage3-0-0,0,0,0,0,0,0,0,0
1784665228621,unknown,VM-115,Stage1-2-0,0,0,0,0,0,0,0,0
1784665228634,unknown,VM-116,Stage2-1-0,0,0,0,0,0,0,0,0
1784665229488,unknown,VM-112,Stage3-3-0,0,0,0,0,0,0,0,0
1784665229599,unknown,VM-110,Stage2-2-0,0,0,0,0,0,0,0,0
1784665229608,unknown,VM-111,Stage3-0-0,0,0,0,0,0,0,0,0
1784665229621,unknown,VM-115,Stage1-2-0,0,0,0,0,0,0,0,0
1784665229634,unknown,VM-116,Stage2-1-0,0,0,0,0,0,0,0,0
1784665230488,unknown,VM-112,Stage3-3-0,0,0,0,0,0,0,0,0
1784665230599,unknown,VM-110,Stage2-2-0,0,0,0,0,0,0,0,0
1784665230608,unknown,VM-111,Stage3-0-0,0,0,0,0,0,0,0,0
1784665230621,unknown,VM-115,Stage1-2-0,0,0,0,0,0,0,0,0
1784665230634,unknown,VM-116,Stage2-1-0,0,0,0,0,0,0,0,0
1784665231488,unknown,VM-112,Stage3-3-0,0,0,0,0,0,0,0,0
1784665231599,unknown,VM-110,Stage2-2-0,0,0,0,0,0,0,0,0
1784665231608,unknown,VM-111,Stage3-0-0,0,0,0,0,0,0,0,0
1784665231621,unknown,VM-115,Stage1-2-0,0,0,0,0,0,0,0,0
1784665231634,unknown,VM-116,Stage2-1-0,0,0,0,0,0,0,0,0
1784665232488,unknown,VM-112,Stage3-3-0,0,0,0,0,0,0,0,0
1784665232599,unknown,VM-110,Stage2-2-0,0,0,0,0,0,0,0,0
1784665232608,unknown,VM-111,Stage3-0-0,0,0,0,0,0,0,0,0
1784665232621,unknown,VM-115,Stage1-2-0,0,0,0,0,0,0,0,0
1784665232634,unknown,VM-116,Stage2-1-0,0,0,0,0,0,0,0,0
1784665233488,unknown,VM-112,Stage3-3-0,0,0,0,0,0,0,0,0
1784665233599,unknown,VM-110,Stage2-2-0,0,0,0,0,0,0,0,0
1784665233608,unknown,VM-111,Stage3-0-0,0,0,0,0,0,0,0,0
1784665233621,unknown,VM-115,Stage1-2-0,0,0,0,0,0,0,0,0
1784665233635,unknown,VM-116,Stage2-1-0,0,0,0,0,0,0,0,0
1784665234488,unknown,VM-112,Stage3-3-0,0,0,0,0,0,0,0,0
1784665234599,unknown,VM-110,Stage2-2-0,0,0,0,0,0,0,0,0
1784665234608,unknown,VM-111,Stage3-0-0,0,0,0,0,0,0,0,0
1784665234621,unknown,VM-115,Stage1-2-0,0,0,0,0,0,0,0,0
1784665234635,unknown,VM-116,Stage2-1-0,0,0,0,0,0,0,0,0
1784665235488,unknown,VM-112,Stage3-3-0,0,0,0,0,0,0,0,0
1784665235599,unknown,VM-110,Stage2-2-0,0,0,0,0,0,0,0,0
1784665235608,unknown,VM-111,Stage3-0-0,0,0,0,0,0,0,0,0
1784665235621,unknown,VM-115,Stage1-2-0,0,0,0,0,0,0,0,0
1784665235635,unknown,VM-116,Stage2-1-0,0,0,0,0,0,0,0,0
1784665236488,unknown,VM-112,Stage3-3-0,0,0,0,0,0,0,0,0
1784665236599,unknown,VM-110,Stage2-2-0,0,0,0,0,0,0,0,0
1784665236608,unknown,VM-111,Stage3-0-0,0,0,0,0,0,0,0,0
1784665236621,unknown,VM-115,Stage1-2-0,0,0,0,0,0,0,0,0
1784665236635,unknown,VM-116,Stage2-1-0,0,0,0,0,0,0,0,0
1784665237488,unknown,VM-112,Stage3-3-0,0,0,0,0,0,0,0,0
1784665237599,unknown,VM-110,Stage2-2-0,0,0,0,0,0,0,0,0
1784665237608,unknown,VM-111,Stage3-0-0,0,0,0,0,0,0,0,0
1784665237621,unknown,VM-115,Stage1-2-0,0,0,0,0,0,0,0,0
1784665237635,unknown,VM-116,Stage2-1-0,0,0,0,0,0,0,0,0
1784665238488,unknown,VM-112,Stage3-3-0,0,0,0,0,0,0,0,0
1784665238599,unknown,VM-110,Stage2-2-0,0,0,0,0,0,0,0,0
1784665238608,unknown,VM-111,Stage3-0-0,0,0,0,0,0,0,0,0
1784665238621,unknown,VM-115,Stage1-2-0,0,0,0,0,0,0,0,0
1784665238635,unknown,VM-116,Stage2-1-0,0,0,0,0,0,0,0,0
1784665239488,unknown,VM-112,Stage3-3-0,0,0,0,0,0,0,0,0
1784665239599,unknown,VM-110,Stage2-2-0,0,0,0,0,0,0,0,0
1784665239608,unknown,VM-111,Stage3-0-0,0,0,0,0,0,0,0,0
1784665239621,unknown,VM-115,Stage1-2-0,0,0,0,0,0,0,0,0
1784665239635,unknown,VM-116,Stage2-1-0,0,0,0,0,0,0,0,0
1784665240488,unknown,VM-112,Stage3-3-0,0,0,0,0,0,0,0,0
1784665240599,unknown,VM-110,Stage2-2-0,0,0,0,0,0,0,0,0
1784665240608,unknown,VM-111,Stage3-0-0,0,0,0,0,0,0,0,0
1784665240621,unknown,VM-115,Stage1-2-0,0,0,0,0,0,0,0,0
1784665240635,unknown,VM-116,Stage2-1-0,0,0,0,0,0,0,0,0
1784665241488,unknown,VM-112,Stage3-3-0,0,0,0,0,0,0,0,0
1784665241599,unknown,VM-110,Stage2-2-0,0,0,0,0,0,0,0,0
1784665241608,unknown,VM-111,Stage3-0-0,0,0,0,0,0,0,0,0
1784665241621,unknown,VM-115,Stage1-2-0,0,0,0,0,0,0,0,0
1784665241635,unknown,VM-116,Stage2-1-0,0,0,0,0,0,0,0,0
1784665242488,unknown,VM-112,Stage3-3-0,0,0,0,0,0,0,0,0
1784665242599,unknown,VM-110,Stage2-2-0,0,0,0,0,0,0,0,0
1784665242608,unknown,VM-111,Stage3-0-0,0,0,0,0,0,0,0,0
1784665242621,unknown,VM-115,Stage1-2-0,0,0,0,0,0,0,0,0
1784665242635,unknown,VM-116,Stage2-1-0,0,0,0,0,0,0,0,0
1784665243488,unknown,VM-112,Stage3-3-0,0,0,0,0,0,0,0,0
1784665243599,unknown,VM-110,Stage2-2-0,0,0,0,0,0,0,0,0
1784665243608,unknown,VM-111,Stage3-0-0,0,0,0,0,0,0,0,0
1784665243621,unknown,VM-115,Stage1-2-0,0,0,0,0,0,0,0,0
1784665243635,unknown,VM-116,Stage2-1-0,0,0,0,0,0,0,0,0
1784665244488,unknown,VM-112,Stage3-3-0,0,0,0,0,0,0,0,0
1784665244599,unknown,VM-110,Stage2-2-0,0,0,0,0,0,0,0,0
1784665244608,unknown,VM-111,Stage3-0-0,0,0,0,0,0,0,0,0
1784665244621,unknown,VM-115,Stage1-2-0,0,0,0,0,0,0,0,0
1784665244635,unknown,VM-116,Stage2-1-0,0,0,0,0,0,0,0,0
1784665245488,unknown,VM-112,Stage3-3-0,0,0,0,0,0,0,0,0
1784665245599,unknown,VM-110,Stage2-2-0,0,0,0,0,0,0,0,0
1784665245608,unknown,VM-111,Stage3-0-0,0,0,0,0,0,0,0,0
1784665245621,unknown,VM-115,Stage1-2-0,0,0,0,0,0,0,0,0
1784665245635,unknown,VM-116,Stage2-1-0,0,0,0,0,0,0,0,0
1784665246488,unknown,VM-112,Stage3-3-0,0,0,0,0,0,0,0,0
1784665246599,unknown,VM-110,Stage2-2-0,0,0,0,0,0,0,0,0
1784665246608,unknown,VM-111,Stage3-0-0,0,0,0,0,0,0,0,0
1784665246621,unknown,VM-115,Stage1-2-0,0,0,0,0,0,0,0,0
1784665246635,unknown,VM-116,Stage2-1-0,0,0,0,0,0,0,0,0
1784665247488,unknown,VM-112,Stage3-3-0,0,0,0,0,0,0,0,0
1784665247599,unknown,VM-110,Stage2-2-0,0,0,0,0,0,0,0,0
1784665247608,unknown,VM-111,Stage3-0-0,0,0,0,0,0,0,0,0
1784665247621,unknown,VM-115,Stage1-2-0,0,0,0,0,0,0,0,0
1784665247635,unknown,VM-116,Stage2-1-0,0,0,0,0,0,0,0,0
1784665248488,unknown,VM-112,Stage3-3-0,0,0,0,0,0,0,0,0
1784665248598,unknown,VM-110,Stage2-2-0,0,0,0,0,0,0,0,0
1784665248608,unknown,VM-111,Stage3-0-0,0,0,0,0,0,0,0,0
1784665248621,unknown,VM-115,Stage1-2-0,0,0,0,0,0,0,0,0
1784665248635,unknown,VM-116,Stage2-1-0,0,0,0,0,0,0,0,0
1784665249488,unknown,VM-112,Stage3-3-0,0,0,0,0,0,0,0,0
1784665249599,unknown,VM-110,Stage2-2-0,0,0,0,0,0,0,0,0
1784665249608,unknown,VM-111,Stage3-0-0,0,0,0,0,0,0,0,0
1784665249621,unknown,VM-115,Stage1-2-0,0,0,0,0,0,0,0,0
1784665249635,unknown,VM-116,Stage2-1-0,0,0,0,0,0,0,0,0
1784665250488,unknown,VM-112,Stage3-3-0,0,0,0,0,0,0,0,0
1784665250599,unknown,VM-110,Stage2-2-0,0,0,0,0,0,0,0,0
1784665250608,unknown,VM-111,Stage3-0-0,0,0,0,0,0,0,0,0
1784665250621,unknown,VM-115,Stage1-2-0,0,0,0,0,0,0,0,0
1784665250635,unknown,VM-116,Stage2-1-0,0,0,0,0,0,0,0,0
1784665251488,unknown,VM-112,Stage3-3-0,0,0,0,0,0,0,0,0
1784665251599,unknown,VM-110,Stage2-2-0,0,0,0,0,0,0,0,0
1784665251608,unknown,VM-111,Stage3-0-0,0,0,0,0,0,0,0,0
1784665251621,unknown,VM-115,Stage1-2-0,0,0,0,0,0,0,0,0
1784665251635,unknown,VM-116,Stage2-1-0,0,0,0,0,0,0,0,0
1784665252488,unknown,VM-112,Stage3-3-0,0,0,0,0,0,0,0,0
1784665252599,unknown,VM-110,Stage2-2-0,0,0,0,0,0,0,0,0
1784665252608,unknown,VM-111,Stage3-0-0,0,0,0,0,0,0,0,0
1784665252621,unknown,VM-115,Stage1-2-0,0,0,0,0,0,0,0,0
1784665252635,unknown,VM-116,Stage2-1-0,0,0,0,0,0,0,0,0
1784665253488,unknown,VM-112,Stage3-3-0,0,0,0,0,0,0,0,0
1784665253599,unknown,VM-110,Stage2-2-0,0,0,0,0,0,0,0,0
1784665253608,unknown,VM-111,Stage3-0-0,0,0,0,0,0,0,0,0
1784665253621,unknown,VM-115,Stage1-2-0,0,0,0,0,0,0,0,0
1784665253635,unknown,VM-116,Stage2-1-0,0,0,0,0,0,0,0,0
1784665254488,unknown,VM-112,Stage3-3-0,0,0,0,0,0,0,0,0
1784665254599,unknown,VM-110,Stage2-2-0,0,0,0,0,0,0,0,0
1784665254608,unknown,VM-111,Stage3-0-0,0,0,0,0,0,0,0,0
1784665254621,unknown,VM-115,Stage1-2-0,0,0,0,0,0,0,0,0
1784665254635,unknown,VM-116,Stage2-1-0,0,0,0,0,0,0,0,0
1784665255488,unknown,VM-112,Stage3-3-0,0,0,0,0,0,0,0,0
1784665255599,unknown,VM-110,Stage2-2-0,0,0,0,0,0,0,0,0
1784665255608,unknown,VM-111,Stage3-0-0,0,0,0,0,0,0,0,0
1784665255621,unknown,VM-115,Stage1-2-0,0,0,0,0,0,0,0,0
1784665255635,unknown,VM-116,Stage2-1-0,0,0,0,0,0,0,0,0
1784665256488,unknown,VM-112,Stage3-3-0,0,0,0,0,0,0,0,0
1784665256599,unknown,VM-110,Stage2-2-0,0,0,0,0,0,0,0,0
1784665256608,unknown,VM-111,Stage3-0-0,0,0,0,0,0,0,0,0
1784665256621,unknown,VM-115,Stage1-2-0,0,0,0,0,0,0,0,0
1784665256635,unknown,VM-116,Stage2-1-0,0,0,0,0,0,0,0,0
1784665257488,unknown,VM-112,Stage3-3-0,0,0,0,0,0,0,0,0
1784665257599,unknown,VM-110,Stage2-2-0,0,0,0,0,0,0,0,0
1784665257608,unknown,VM-111,Stage3-0-0,0,0,0,0,0,0,0,0
1784665257621,unknown,VM-115,Stage1-2-0,0,0,0,0,0,0,0,0
1784665257635,unknown,VM-116,Stage2-1-0,0,0,0,0,0,0,0,0
1784665258488,unknown,VM-112,Stage3-3-0,0,0,0,0,0,0,0,0
1784665258599,unknown,VM-110,Stage2-2-0,0,0,0,0,0,0,0,0
1784665258608,unknown,VM-111,Stage3-0-0,0,0,0,0,0,0,0,0
1784665258621,unknown,VM-115,Stage1-2-0,0,0,0,0,0,0,0,0
1784665258635,unknown,VM-116,Stage2-1-0,0,0,0,0,0,0,0,0
1784665259488,unknown,VM-112,Stage3-3-0,0,0,0,0,0,0,0,0
1784665259599,unknown,VM-110,Stage2-2-0,0,0,0,0,0,0,0,0
1784665259608,unknown,VM-111,Stage3-0-0,0,0,0,0,0,0,0,0
1784665259621,unknown,VM-115,Stage1-2-0,0,0,0,0,0,0,0,0
1784665259635,unknown,VM-116,Stage2-1-0,0,0,0,0,0,0,0,0
1784665260488,unknown,VM-112,Stage3-3-0,0,0,0,0,0,0,0,0
1784665260599,unknown,VM-110,Stage2-2-0,0,0,0,0,0,0,0,0
1784665260608,unknown,VM-111,Stage3-0-0,0,0,0,0,0,0,0,0
1784665260621,unknown,VM-115,Stage1-2-0,0,0,0,0,0,0,0,0
1784665260635,unknown,VM-116,Stage2-1-0,0,0,0,0,0,0,0,0
1784665261488,unknown,VM-112,Stage3-3-0,0,0,0,0,0,0,0,0
1784665261599,unknown,VM-110,Stage2-2-0,0,0,0,0,0,0,0,0
1784665261608,unknown,VM-111,Stage3-0-0,0,0,0,0,0,0,0,0
1784665261621,unknown,VM-115,Stage1-2-0,0,0,0,0,0,0,0,0
1784665261635,unknown,VM-116,Stage2-1-0,0,0,0,0,0,0,0,0
1784665262488,unknown,VM-112,Stage3-3-0,0,0,0,0,0,0,0,0
1784665262599,unknown,VM-110,Stage2-2-0,0,0,0,0,0,0,0,0
1784665262608,unknown,VM-111,Stage3-0-0,0,0,0,0,0,0,0,0
1784665262621,unknown,VM-115,Stage1-2-0,0,0,0,0,0,0,0,0
1784665262635,unknown,VM-116,Stage2-1-0,0,0,0,0,0,0,0,0
1784665263488,unknown,VM-112,Stage3-3-0,0,0,0,0,0,0,0,0
1784665263599,unknown,VM-110,Stage2-2-0,0,0,0,0,0,0,0,0
1784665263608,unknown,VM-111,Stage3-0-0,0,0,0,0,0,0,0,0
1784665263621,unknown,VM-115,Stage1-2-0,0,0,0,0,0,0,0,0
1784665263635,unknown,VM-116,Stage2-1-0,0,0,0,0,0,0,0,0
1784665264488,unknown,VM-112,Stage3-3-0,0,0,0,0,0,0,0,0
1784665264599,unknown,VM-110,Stage2-2-0,0,0,0,0,0,0,0,0
1784665264608,unknown,VM-111,Stage3-0-0,0,0,0,0,0,0,0,0
1784665264621,unknown,VM-115,Stage1-2-0,0,0,0,0,0,0,0,0
1784665264635,unknown,VM-116,Stage2-1-0,0,0,0,0,0,0,0,0
1784665265488,unknown,VM-112,Stage3-3-0,0,0,0,0,0,0,0,0
1784665265599,unknown,VM-110,Stage2-2-0,0,0,0,0,0,0,0,0
1784665265608,unknown,VM-111,Stage3-0-0,0,0,0,0,0,0,0,0
1784665265621,unknown,VM-115,Stage1-2-0,0,0,0,0,0,0,0,0
1784665265635,unknown,VM-116,Stage2-1-0,0,0,0,0,0,0,0,0
1784665266488,unknown,VM-112,Stage3-3-0,0,0,0,0,0,0,0,0
1784665266599,unknown,VM-110,Stage2-2-0,0,0,0,0,0,0,0,0
1784665266608,unknown,VM-111,Stage3-0-0,0,0,0,0,0,0,0,0
1784665266621,unknown,VM-115,Stage1-2-0,0,0,0,0,0,0,0,0
1784665266635,unknown,VM-116,Stage2-1-0,0,0,0,0,0,0,0,0
1784665267488,unknown,VM-112,Stage3-3-0,0,0,0,0,0,0,0,0
1784665267599,unknown,VM-110,Stage2-2-0,0,0,0,0,0,0,0,0
1784665267608,unknown,VM-111,Stage3-0-0,0,0,0,0,0,0,0,0
1784665267621,unknown,VM-115,Stage1-2-0,0,0,0,0,0,0,0,0
1784665267635,unknown,VM-116,Stage2-1-0,0,0,0,0,0,0,0,0
1784665268488,unknown,VM-112,Stage3-3-0,0,0,0,0,0,0,0,0
1784665268599,unknown,VM-110,Stage2-2-0,0,0,0,0,0,0,0,0
1784665268608,unknown,VM-111,Stage3-0-0,0,0,0,0,0,0,0,0
1784665268621,unknown,VM-115,Stage1-2-0,0,0,0,0,0,0,0,0
1784665268635,unknown,VM-116,Stage2-1-0,0,0,0,0,0,0,0,0
1784665269488,unknown,VM-112,Stage3-3-0,0,0,0,0,0,0,0,0
1784665269599,unknown,VM-110,Stage2-2-0,0,0,0,0,0,0,0,0
1784665269608,unknown,VM-111,Stage3-0-0,0,0,0,0,0,0,0,0
1784665269621,unknown,VM-115,Stage1-2-0,0,0,0,0,0,0,0,0
1784665269635,unknown,VM-116,Stage2-1-0,0,0,0,0,0,0,0,0
1784665270488,unknown,VM-112,Stage3-3-0,0,0,0,0,0,0,0,0
1784665270599,unknown,VM-110,Stage2-2-0,0,0,0,0,0,0,0,0
1784665270608,unknown,VM-111,Stage3-0-0,0,0,0,0,0,0,0,0
1784665270621,unknown,VM-115,Stage1-2-0,0,0,0,0,0,0,0,0
1784665270635,unknown,VM-116,Stage2-1-0,0,0,0,0,0,0,0,0
1784665271488,unknown,VM-112,Stage3-3-0,0,0,0,0,0,0,0,0
1784665271599,unknown,VM-110,Stage2-2-0,0,0,0,0,0,0,0,0
1784665271608,unknown,VM-111,Stage3-0-0,0,0,0,0,0,0,0,0
1784665271621,unknown,VM-115,Stage1-2-0,0,0,0,0,0,0,0,0
1784665271635,unknown,VM-116,Stage2-1-0,0,0,0,0,0,0,0,0
1784665272488,unknown,VM-112,Stage3-3-0,0,0,0,0,0,0,0,0
1784665272599,unknown,VM-110,Stage2-2-0,0,0,0,0,0,0,0,0
1784665272608,unknown,VM-111,Stage3-0-0,0,0,0,0,0,0,0,0
1784665272621,unknown,VM-115,Stage1-2-0,0,0,0,0,0,0,0,0
1784665272635,unknown,VM-116,Stage2-1-0,0,0,0,0,0,0,0,0
1784665273488,unknown,VM-112,Stage3-3-0,0,0,0,0,0,0,0,0
1784665273599,unknown,VM-110,Stage2-2-0,0,0,0,0,0,0,0,0
1784665273608,unknown,VM-111,Stage3-0-0,0,0,0,0,0,0,0,0
1784665273621,unknown,VM-115,Stage1-2-0,0,0,0,0,0,0,0,0
1784665273635,unknown,VM-116,Stage2-1-0,0,0,0,0,0,0,0,0
1784665274488,unknown,VM-112,Stage3-3-0,0,0,0,0,0,0,0,0
1784665274599,unknown,VM-110,Stage2-2-0,0,0,0,0,0,0,0,0
1784665274608,unknown,VM-111,Stage3-0-0,0,0,0,0,0,0,0,0
1784665274621,unknown,VM-115,Stage1-2-0,0,0,0,0,0,0,0,0
1784665274635,unknown,VM-116,Stage2-1-0,0,0,0,0,0,0,0,0
1784665275488,unknown,VM-112,Stage3-3-0,0,0,0,0,0,0,0,0
1784665275599,unknown,VM-110,Stage2-2-0,0,0,0,0,0,0,0,0
1784665275608,unknown,VM-111,Stage3-0-0,0,0,0,0,0,0,0,0
1784665275621,unknown,VM-115,Stage1-2-0,0,0,0,0,0,0,0,0
1784665275635,unknown,VM-116,Stage2-1-0,0,0,0,0,0,0,0,0
1784665276488,unknown,VM-112,Stage3-3-0,0,0,0,0,0,0,0,0
1784665276599,unknown,VM-110,Stage2-2-0,0,0,0,0,0,0,0,0
1784665276608,unknown,VM-111,Stage3-0-0,0,0,0,0,0,0,0,0
1784665276621,unknown,VM-115,Stage1-2-0,0,0,0,0,0,0,0,0
1784665276635,unknown,VM-116,Stage2-1-0,0,0,0,0,0,0,0,0
1784665277488,unknown,VM-112,Stage3-3-0,0,0,0,0,0,0,0,0
1784665277599,unknown,VM-110,Stage2-2-0,0,0,0,0,0,0,0,0
1784665277608,unknown,VM-111,Stage3-0-0,0,0,0,0,0,0,0,0
1784665277621,unknown,VM-115,Stage1-2-0,0,0,0,0,0,0,0,0
1784665277635,unknown,VM-116,Stage2-1-0,0,0,0,0,0,0,0,0
1784665278488,unknown,VM-112,Stage3-3-0,0,0,0,0,0,0,0,0
1784665278599,unknown,VM-110,Stage2-2-0,0,0,0,0,0,0,0,0
1784665278608,unknown,VM-111,Stage3-0-0,0,0,0,0,0,0,0,0
1784665278621,unknown,VM-115,Stage1-2-0,0,0,0,0,0,0,0,0
1784665278635,unknown,VM-116,Stage2-1-0,0,0,0,0,0,0,0,0
1784665279488,unknown,VM-112,Stage3-3-0,0,0,0,0,0,0,0,0
1784665279599,unknown,VM-110,Stage2-2-0,0,0,0,0,0,0,0,0
1784665279608,unknown,VM-111,Stage3-0-0,0,0,0,0,0,0,0,0
1784665279621,unknown,VM-115,Stage1-2-0,0,0,0,0,0,0,0,0
1784665279635,unknown,VM-116,Stage2-1-0,0,0,0,0,0,0,0,0
1784665280488,unknown,VM-112,Stage3-3-0,0,0,0,0,0,0,0,0
1784665280599,unknown,VM-110,Stage2-2-0,0,0,0,0,0,0,0,0
1784665280608,unknown,VM-111,Stage3-0-0,0,0,0,0,0,0,0,0
1784665280621,unknown,VM-115,Stage1-2-0,0,0,0,0,0,0,0,0
1784665280635,unknown,VM-116,Stage2-1-0,0,0,0,0,0,0,0,0
1784665281488,unknown,VM-112,Stage3-3-0,0,0,0,0,0,0,0,0
1784665281599,unknown,VM-110,Stage2-2-0,0,0,0,0,0,0,0,0
1784665281608,unknown,VM-111,Stage3-0-0,0,0,0,0,0,0,0,0
1784665281621,unknown,VM-115,Stage1-2-0,0,0,0,0,0,0,0,0
1784665281635,unknown,VM-116,Stage2-1-0,0,0,0,0,0,0,0,0
1784665282488,unknown,VM-112,Stage3-3-0,0,0,0,0,0,0,0,0
1784665282599,unknown,VM-110,Stage2-2-0,0,0,0,0,0,0,0,0
1784665282608,unknown,VM-111,Stage3-0-0,0,0,0,0,0,0,0,0
1784665282621,unknown,VM-115,Stage1-2-0,0,0,0,0,0,0,0,0
1784665282635,unknown,VM-116,Stage2-1-0,0,0,0,0,0,0,0,0
1784665283488,unknown,VM-112,Stage3-3-0,0,0,0,0,0,0,0,0
1784665283599,unknown,VM-110,Stage2-2-0,0,0,0,0,0,0,0,0
1784665283608,unknown,VM-111,Stage3-0-0,0,0,0,0,0,0,0,0
1784665283621,unknown,VM-115,Stage1-2-0,0,0,0,0,0,0,0,0
1784665283635,unknown,VM-116,Stage2-1-0,0,0,0,0,0,0,0,0
1784665284488,unknown,VM-112,Stage3-3-0,0,0,0,0,0,0,0,0
1784665284599,unknown,VM-110,Stage2-2-0,0,0,0,0,0,0,0,0
1784665284608,unknown,VM-111,Stage3-0-0,0,0,0,0,0,0,0,0
1784665284621,unknown,VM-115,Stage1-2-0,0,0,0,0,0,0,0,0
1784665284635,unknown,VM-116,Stage2-1-0,0,0,0,0,0,0,0,0
1784665285488,unknown,VM-112,Stage3-3-0,0,0,0,0,0,0,0,0
1784665285599,unknown,VM-110,Stage2-2-0,0,0,0,0,0,0,0,0
1784665285608,unknown,VM-111,Stage3-0-0,0,0,0,0,0,0,0,0
1784665285621,unknown,VM-115,Stage1-2-0,0,0,0,0,0,0,0,0
1784665285635,unknown,VM-116,Stage2-1-0,0,0,0,0,0,0,0,0
1784665286488,unknown,VM-112,Stage3-3-0,0,0,0,0,0,0,0,0
1784665286599,unknown,VM-110,Stage2-2-0,0,0,0,0,0,0,0,0
1784665286608,unknown,VM-111,Stage3-0-0,0,0,0,0,0,0,0,0
1784665286621,unknown,VM-115,Stage1-2-0,0,0,0,0,0,0,0,0
1784665286635,unknown,VM-116,Stage2-1-0,0,0,0,0,0,0,0,0
1784665287488,unknown,VM-112,Stage3-3-0,0,0,0,0,0,0,0,0
1784665287599,unknown,VM-110,Stage2-2-0,0,0,0,0,0,0,0,0
1784665287608,unknown,VM-111,Stage3-0-0,0,0,0,0,0,0,0,0
1784665287621,unknown,VM-115,Stage1-2-0,0,0,0,0,0,0,0,0
1784665287635,unknown,VM-116,Stage2-1-0,0,0,0,0,0,0,0,0
1784665288488,unknown,VM-112,Stage3-3-0,0,0,0,0,0,0,0,0
1784665288599,unknown,VM-110,Stage2-2-0,0,0,0,0,0,0,0,0
1784665288608,unknown,VM-111,Stage3-0-0,0,0,0,0,0,0,0,0
1784665288621,unknown,VM-115,Stage1-2-0,0,0,0,0,0,0,0,0
1784665288635,unknown,VM-116,Stage2-1-0,0,0,0,0,0,0,0,0
1784665289488,unknown,VM-112,Stage3-3-0,0,0,0,0,0,0,0,0
1784665289599,unknown,VM-110,Stage2-2-0,0,0,0,0,0,0,0,0
1784665289608,unknown,VM-111,Stage3-0-0,0,0,0,0,0,0,0,0
1784665289621,unknown,VM-115,Stage1-2-0,0,0,0,0,0,0,0,0
1784665289635,unknown,VM-116,Stage2-1-0,0,0,0,0,0,0,0,0
1784665290488,unknown,VM-112,Stage3-3-0,0,0,0,0,0,0,0,0
1784665290599,unknown,VM-110,Stage2-2-0,0,0,0,0,0,0,0,0
1784665290608,unknown,VM-111,Stage3-0-0,0,0,0,0,0,0,0,0
1784665290621,unknown,VM-115,Stage1-2-0,0,0,0,0,0,0,0,0
1784665290635,unknown,VM-116,Stage2-1-0,0,0,0,0,0,0,0,0
1784665291488,unknown,VM-112,Stage3-3-0,0,0,0,0,0,0,0,0
1784665291599,unknown,VM-110,Stage2-2-0,0,0,0,0,0,0,0,0
1784665291608,unknown,VM-111,Stage3-0-0,0,0,0,0,0,0,0,0
1784665291621,unknown,VM-115,Stage1-2-0,0,0,0,0,0,0,0,0
1784665291635,unknown,VM-116,Stage2-1-0,0,0,0,0,0,0,0,0
1784665292488,unknown,VM-112,Stage3-3-0,0,0,0,0,0,0,0,0
1784665292599,unknown,VM-110,Stage2-2-0,0,0,0,0,0,0,0,0
1784665292608,unknown,VM-111,Stage3-0-0,0,0,0,0,0,0,0,0
1784665292621,unknown,VM-115,Stage1-2-0,0,0,0,0,0,0,0,0
1784665292635,unknown,VM-116,Stage2-1-0,0,0,0,0,0,0,0,0
1784665293488,unknown,VM-112,Stage3-3-0,0,0,0,0,0,0,0,0
1784665293599,unknown,VM-110,Stage2-2-0,0,0,0,0,0,0,0,0
1784665293608,unknown,VM-111,Stage3-0-0,0,0,0,0,0,0,0,0
1784665293621,unknown,VM-115,Stage1-2-0,0,0,0,0,0,0,0,0
1784665293635,unknown,VM-116,Stage2-1-0,0,0,0,0,0,0,0,0
1784665294488,unknown,VM-112,Stage3-3-0,0,0,0,0,0,0,0,0
1784665294599,unknown,VM-110,Stage2-2-0,0,0,0,0,0,0,0,0
1784665294608,unknown,VM-111,Stage3-0-0,0,0,0,0,0,0,0,0
1784665294621,unknown,VM-115,Stage1-2-0,0,0,0,0,0,0,0,0
1784665294635,unknown,VM-116,Stage2-1-0,0,0,0,0,0,0,0,0
1784665295488,unknown,VM-112,Stage3-3-0,0,0,0,0,0,0,0,0
1784665295599,unknown,VM-110,Stage2-2-0,0,0,0,0,0,0,0,0
1784665295608,unknown,VM-111,Stage3-0-0,0,0,0,0,0,0,0,0
1784665295621,unknown,VM-115,Stage1-2-0,0,0,0,0,0,0,0,0
1784665295635,unknown,VM-116,Stage2-1-0,0,0,0,0,0,0,0,0
1784665296488,unknown,VM-112,Stage3-3-0,0,0,0,0,0,0,0,0
1784665296599,unknown,VM-110,Stage2-2-0,0,0,0,0,0,0,0,0
1784665296608,unknown,VM-111,Stage3-0-0,0,0,0,0,0,0,0,0
1784665296621,unknown,VM-115,Stage1-2-0,0,0,0,0,0,0,0,0
1784665296635,unknown,VM-116,Stage2-1-0,0,0,0,0,0,0,0,0
1784665297488,unknown,VM-112,Stage3-3-0,0,0,0,0,0,0,0,0
1784665297599,unknown,VM-110,Stage2-2-0,0,0,0,0,0,0,0,0
1784665297608,unknown,VM-111,Stage3-0-0,0,0,0,0,0,0,0,0
1784665297621,unknown,VM-115,Stage1-2-0,0,0,0,0,0,0,0,0
1784665297635,unknown,VM-116,Stage2-1-0,0,0,0,0,0,0,0,0
1784665298488,unknown,VM-112,Stage3-3-0,0,0,0,0,0,0,0,0
1784665298599,unknown,VM-110,Stage2-2-0,0,0,0,0,0,0,0,0
1784665298608,unknown,VM-111,Stage3-0-0,0,0,0,0,0,0,0,0
1784665298621,unknown,VM-115,Stage1-2-0,0,0,0,0,0,0,0,0
1784665298635,unknown,VM-116,Stage2-1-0,0,0,0,0,0,0,0,0
1784665299488,unknown,VM-112,Stage3-3-0,0,0,0,0,0,0,0,0
1784665299599,unknown,VM-110,Stage2-2-0,0,0,0,0,0,0,0,0
1784665299608,unknown,VM-111,Stage3-0-0,0,0,0,0,0,0,0,0
1784665299621,unknown,VM-115,Stage1-2-0,0,0,0,0,0,0,0,0
1784665299635,unknown,VM-116,Stage2-1-0,0,0,0,0,0,0,0,0
1784665300488,unknown,VM-112,Stage3-3-0,0,0,0,0,0,0,0,0
1784665300599,unknown,VM-110,Stage2-2-0,0,0,0,0,0,0,0,0
1784665300608,unknown,VM-111,Stage3-0-0,0,0,0,0,0,0,0,0
1784665300621,unknown,VM-115,Stage1-2-0,0,0,0,0,0,0,0,0
1784665300635,unknown,VM-116,Stage2-1-0,0,0,0,0,0,0,0,0
1784665301488,unknown,VM-112,Stage3-3-0,0,0,0,0,0,0,0,0
1784665301599,unknown,VM-110,Stage2-2-0,0,0,0,0,0,0,0,0
1784665301608,unknown,VM-111,Stage3-0-0,0,0,0,0,0,0,0,0
1784665301621,unknown,VM-115,Stage1-2-0,0,0,0,0,0,0,0,0
1784665301635,unknown,VM-116,Stage2-1-0,0,0,0,0,0,0,0,0
1784665302488,unknown,VM-112,Stage3-3-0,0,0,0,0,0,0,0,0
1784665302599,unknown,VM-110,Stage2-2-0,0,0,0,0,0,0,0,0
1784665302608,unknown,VM-111,Stage3-0-0,0,0,0,0,0,0,0,0
1784665302621,unknown,VM-115,Stage1-2-0,0,0,0,0,0,0,0,0
1784665302635,unknown,VM-116,Stage2-1-0,0,0,0,0,0,0,0,0
1784665303488,unknown,VM-112,Stage3-3-0,0,0,0,0,0,0,0,0
1784665303599,unknown,VM-110,Stage2-2-0,0,0,0,0,0,0,0,0
1784665303608,unknown,VM-111,Stage3-0-0,0,0,0,0,0,0,0,0
1784665303621,unknown,VM-115,Stage1-2-0,0,0,0,0,0,0,0,0
1784665303635,unknown,VM-116,Stage2-1-0,0,0,0,0,0,0,0,0
1784665304488,unknown,VM-112,Stage3-3-0,0,0,0,0,0,0,0,0
1784665304599,unknown,VM-110,Stage2-2-0,0,0,0,0,0,0,0,0
1784665304608,unknown,VM-111,Stage3-0-0,0,0,0,0,0,0,0,0
1784665304621,unknown,VM-115,Stage1-2-0,0,0,0,0,0,0,0,0
1784665304635,unknown,VM-116,Stage2-1-0,0,0,0,0,0,0,0,0
1784665305488,unknown,VM-112,Stage3-3-0,0,0,0,0,0,0,0,0
1784665305599,unknown,VM-110,Stage2-2-0,0,0,0,0,0,0,0,0
1784665305608,unknown,VM-111,Stage3-0-0,0,0,0,0,0,0,0,0
1784665305621,unknown,VM-115,Stage1-2-0,0,0,0,0,0,0,0,0
1784665305635,unknown,VM-116,Stage2-1-0,0,0,0,0,0,0,0,0
1784665306488,unknown,VM-112,Stage3-3-0,0,0,0,0,0,0,0,0
1784665306599,unknown,VM-110,Stage2-2-0,0,0,0,0,0,0,0,0
1784665306608,unknown,VM-111,Stage3-0-0,0,0,0,0,0,0,0,0
1784665306621,unknown,VM-115,Stage1-2-0,0,0,0,0,0,0,0,0
1784665306635,unknown,VM-116,Stage2-1-0,0,0,0,0,0,0,0,0
1784665307488,unknown,VM-112,Stage3-3-0,0,0,0,0,0,0,0,0
1784665307599,unknown,VM-110,Stage2-2-0,0,0,0,0,0,0,0,0
1784665307608,unknown,VM-111,Stage3-0-0,0,0,0,0,0,0,0,0
1784665307621,unknown,VM-115,Stage1-2-0,0,0,0,0,0,0,0,0
1784665307635,unknown,VM-116,Stage2-1-0,0,0,0,0,0,0,0,0
1784665308488,unknown,VM-112,Stage3-3-0,0,0,0,0,0,0,0,0
1784665308599,unknown,VM-110,Stage2-2-0,0,0,0,0,0,0,0,0
1784665308608,unknown,VM-111,Stage3-0-0,0,0,0,0,0,0,0,0
1784665308621,unknown,VM-115,Stage1-2-0,0,0,0,0,0,0,0,0
1784665308635,unknown,VM-116,Stage2-1-0,0,0,0,0,0,0,0,0
1784665309488,unknown,VM-112,Stage3-3-0,0,0,0,0,0,0,0,0
1784665309599,unknown,VM-110,Stage2-2-0,0,0,0,0,0,0,0,0
1784665309608,unknown,VM-111,Stage3-0-0,0,0,0,0,0,0,0,0
1784665309621,unknown,VM-115,Stage1-2-0,0,0,0,0,0,0,0,0
1784665309635,unknown,VM-116,Stage2-1-0,0,0,0,0,0,0,0,0
1784665310488,unknown,VM-112,Stage3-3-0,0,0,0,0,0,0,0,0
1784665310599,unknown,VM-110,Stage2-2-0,0,0,0,0,0,0,0,0
1784665310608,unknown,VM-111,Stage3-0-0,0,0,0,0,0,0,0,0
1784665310621,unknown,VM-115,Stage1-2-0,0,0,0,0,0,0,0,0
1784665310635,unknown,VM-116,Stage2-1-0,0,0,0,0,0,0,0,0
1784665311488,unknown,VM-112,Stage3-3-0,0,0,0,0,0,0,0,0
1784665311599,unknown,VM-110,Stage2-2-0,0,0,0,0,0,0,0,0
1784665311608,unknown,VM-111,Stage3-0-0,0,0,0,0,0,0,0,0
1784665311621,unknown,VM-115,Stage1-2-0,0,0,0,0,0,0,0,0
1784665311635,unknown,VM-116,Stage2-1-0,0,0,0,0,0,0,0,0
1784665312488,unknown,VM-112,Stage3-3-0,0,0,0,0,0,0,0,0
1784665312599,unknown,VM-110,Stage2-2-0,0,0,0,0,0,0,0,0
1784665312608,unknown,VM-111,Stage3-0-0,0,0,0,0,0,0,0,0
1784665312621,unknown,VM-115,Stage1-2-0,0,0,0,0,0,0,0,0
1784665312635,unknown,VM-116,Stage2-1-0,0,0,0,0,0,0,0,0
1784665313488,unknown,VM-112,Stage3-3-0,0,0,0,0,0,0,0,0
1784665313599,unknown,VM-110,Stage2-2-0,0,0,0,0,0,0,0,0
1784665313608,unknown,VM-111,Stage3-0-0,0,0,0,0,0,0,0,0
1784665313621,unknown,VM-115,Stage1-2-0,0,0,0,0,0,0,0,0
1784665313635,unknown,VM-116,Stage2-1-0,0,0,0,0,0,0,0,0
1784665314488,unknown,VM-112,Stage3-3-0,0,0,0,0,0,0,0,0
1784665314599,unknown,VM-110,Stage2-2-0,0,0,0,0,0,0,0,0
1784665314608,unknown,VM-111,Stage3-0-0,0,0,0,0,0,0,0,0
1784665314621,unknown,VM-115,Stage1-2-0,0,0,0,0,0,0,0,0
1784665314635,unknown,VM-116,Stage2-1-0,0,0,0,0,0,0,0,0
1784665315488,unknown,VM-112,Stage3-3-0,0,0,0,0,0,0,0,0
1784665315599,unknown,VM-110,Stage2-2-0,0,0,0,0,0,0,0,0
1784665315608,unknown,VM-111,Stage3-0-0,0,0,0,0,0,0,0,0
1784665315621,unknown,VM-115,Stage1-2-0,0,0,0,0,0,0,0,0
1784665315635,unknown,VM-116,Stage2-1-0,0,0,0,0,0,0,0,0
1784665316488,unknown,VM-112,Stage3-3-0,0,0,0,0,0,0,0,0
1784665316599,unknown,VM-110,Stage2-2-0,0,0,0,0,0,0,0,0
1784665316608,unknown,VM-111,Stage3-0-0,0,0,0,0,0,0,0,0
1784665316621,unknown,VM-115,Stage1-2-0,0,0,0,0,0,0,0,0
1784665316635,unknown,VM-116,Stage2-1-0,0,0,0,0,0,0,0,0
1784665317488,unknown,VM-112,Stage3-3-0,0,0,0,0,0,0,0,0
1784665317599,unknown,VM-110,Stage2-2-0,0,0,0,0,0,0,0,0
1784665317608,unknown,VM-111,Stage3-0-0,0,0,0,0,0,0,0,0
1784665317621,unknown,VM-115,Stage1-2-0,0,0,0,0,0,0,0,0
1784665317635,unknown,VM-116,Stage2-1-0,0,0,0,0,0,0,0,0
1784665318488,unknown,VM-112,Stage3-3-0,0,0,0,0,0,0,0,0
1784665318599,unknown,VM-110,Stage2-2-0,0,0,0,0,0,0,0,0
1784665318608,unknown,VM-111,Stage3-0-0,0,0,0,0,0,0,0,0
1784665318621,unknown,VM-115,Stage1-2-0,0,0,0,0,0,0,0,0
1784665318635,unknown,VM-116,Stage2-1-0,0,0,0,0,0,0,0,0
1784665319488,unknown,VM-112,Stage3-3-0,0,0,0,0,0,0,0,0
1784665319599,unknown,VM-110,Stage2-2-0,0,0,0,0,0,0,0,0
1784665319608,unknown,VM-111,Stage3-0-0,0,0,0,0,0,0,0,0
1784665319621,unknown,VM-115,Stage1-2-0,0,0,0,0,0,0,0,0
1784665319635,unknown,VM-116,Stage2-1-0,0,0,0,0,0,0,0,0
1784665320488,unknown,VM-112,Stage3-3-0,0,0,0,0,0,0,0,0
1784665320599,unknown,VM-110,Stage2-2-0,0,0,0,0,0,0,0,0
1784665320608,unknown,VM-111,Stage3-0-0,0,0,0,0,0,0,0,0
1784665320621,unknown,VM-115,Stage1-2-0,0,0,0,0,0,0,0,0
1784665320635,unknown,VM-116,Stage2-1-0,0,0,0,0,0,0,0,0
1784665321488,unknown,VM-112,Stage3-3-0,0,0,0,0,0,0,0,0
1784665321599,unknown,VM-110,Stage2-2-0,0,0,0,0,0,0,0,0
1784665321608,unknown,VM-111,Stage3-0-0,0,0,0,0,0,0,0,0
1784665321621,unknown,VM-115,Stage1-2-0,0,0,0,0,0,0,0,0
1784665321635,unknown,VM-116,Stage2-1-0,0,0,0,0,0,0,0,0
1784665322488,unknown,VM-112,Stage3-3-0,0,0,0,0,0,0,0,0
1784665322599,unknown,VM-110,Stage2-2-0,0,0,0,0,0,0,0,0
1784665322608,unknown,VM-111,Stage3-0-0,0,0,0,0,0,0,0,0
1784665322621,unknown,VM-115,Stage1-2-0,0,0,0,0,0,0,0,0
1784665322635,unknown,VM-116,Stage2-1-0,0,0,0,0,0,0,0,0
1784665323488,unknown,VM-112,Stage3-3-0,0,0,0,0,0,0,0,0
1784665323599,unknown,VM-110,Stage2-2-0,0,0,0,0,0,0,0,0
1784665323608,unknown,VM-111,Stage3-0-0,0,0,0,0,0,0,0,0
1784665323621,unknown,VM-115,Stage1-2-0,0,0,0,0,0,0,0,0
1784665323635,unknown,VM-116,Stage2-1-0,0,0,0,0,0,0,0,0
1784665324488,unknown,VM-112,Stage3-3-0,0,0,0,0,0,0,0,0
1784665324599,unknown,VM-110,Stage2-2-0,0,0,0,0,0,0,0,0
1784665324608,unknown,VM-111,Stage3-0-0,0,0,0,0,0,0,0,0
1784665324621,unknown,VM-115,Stage1-2-0,0,0,0,0,0,0,0,0
1784665324635,unknown,VM-116,Stage2-1-0,0,0,0,0,0,0,0,0
1784665325488,unknown,VM-112,Stage3-3-0,0,0,0,0,0,0,0,0
1784665325599,unknown,VM-110,Stage2-2-0,0,0,0,0,0,0,0,0
1784665325608,unknown,VM-111,Stage3-0-0,0,0,0,0,0,0,0,0
1784665325621,unknown,VM-115,Stage1-2-0,0,0,0,0,0,0,0,0
1784665325635,unknown,VM-116,Stage2-1-0,0,0,0,0,0,0,0,0
1784665326488,unknown,VM-112,Stage3-3-0,0,0,0,0,0,0,0,0
1784665326599,unknown,VM-110,Stage2-2-0,0,0,0,0,0,0,0,0
1784665326608,unknown,VM-111,Stage3-0-0,0,0,0,0,0,0,0,0
1784665326621,unknown,VM-115,Stage1-2-0,0,0,0,0,0,0,0,0
1784665326635,unknown,VM-116,Stage2-1-0,0,0,0,0,0,0,0,0
1784665327488,unknown,VM-112,Stage3-3-0,0,0,0,0,0,0,0,0
1784665327599,unknown,VM-110,Stage2-2-0,0,0,0,0,0,0,0,0
1784665327608,unknown,VM-111,Stage3-0-0,0,0,0,0,0,0,0,0
1784665327621,unknown,VM-115,Stage1-2-0,0,0,0,0,0,0,0,0
1784665327635,unknown,VM-116,Stage2-1-0,0,0,0,0,0,0,0,0
1784665328488,unknown,VM-112,Stage3-3-0,0,0,0,0,0,0,0,0
1784665328599,unknown,VM-110,Stage2-2-0,0,0,0,0,0,0,0,0
1784665328608,unknown,VM-111,Stage3-0-0,0,0,0,0,0,0,0,0
1784665328621,unknown,VM-115,Stage1-2-0,0,0,0,0,0,0,0,0
1784665328635,unknown,VM-116,Stage2-1-0,0,0,0,0,0,0,0,0
1784665329488,unknown,VM-112,Stage3-3-0,0,0,0,0,0,0,0,0
1784665329599,unknown,VM-110,Stage2-2-0,0,0,0,0,0,0,0,0
1784665329608,unknown,VM-111,Stage3-0-0,0,0,0,0,0,0,0,0
1784665329621,unknown,VM-115,Stage1-2-0,0,0,0,0,0,0,0,0
1784665329635,unknown,VM-116,Stage2-1-0,0,0,0,0,0,0,0,0
1784665330488,unknown,VM-112,Stage3-3-0,0,0,0,0,0,0,0,0
1784665330599,unknown,VM-110,Stage2-2-0,0,0,0,0,0,0,0,0
1784665330608,unknown,VM-111,Stage3-0-0,0,0,0,0,0,0,0,0
1784665330621,unknown,VM-115,Stage1-2-0,0,0,0,0,0,0,0,0
1784665330635,unknown,VM-116,Stage2-1-0,0,0,0,0,0,0,0,0
1784665331488,unknown,VM-112,Stage3-3-0,0,0,0,0,0,0,0,0
1784665331599,unknown,VM-110,Stage2-2-0,0,0,0,0,0,0,0,0
1784665331608,unknown,VM-111,Stage3-0-0,0,0,0,0,0,0,0,0
1784665331621,unknown,VM-115,Stage1-2-0,0,0,0,0,0,0,0,0
1784665331635,unknown,VM-116,Stage2-1-0,0,0,0,0,0,0,0,0
1784665332488,unknown,VM-112,Stage3-3-0,0,0,0,0,0,0,0,0
1784665332599,unknown,VM-110,Stage2-2-0,0,0,0,0,0,0,0,0
1784665332608,unknown,VM-111,Stage3-0-0,0,0,0,0,0,0,0,0
1784665332621,unknown,VM-115,Stage1-2-0,0,0,0,0,0,0,0,0
1784665332635,unknown,VM-116,Stage2-1-0,0,0,0,0,0,0,0,0
1784665333488,unknown,VM-112,Stage3-3-0,0,0,0,0,0,0,0,0
1784665333599,unknown,VM-110,Stage2-2-0,0,0,0,0,0,0,0,0
1784665333608,unknown,VM-111,Stage3-0-0,0,0,0,0,0,0,0,0
1784665333621,unknown,VM-115,Stage1-2-0,0,0,0,0,0,0,0,0
1784665333635,unknown,VM-116,Stage2-1-0,0,0,0,0,0,0,0,0
1784665334488,unknown,VM-112,Stage3-3-0,0,0,0,0,0,0,0,0
1784665334599,unknown,VM-110,Stage2-2-0,0,0,0,0,0,0,0,0
1784665334608,unknown,VM-111,Stage3-0-0,0,0,0,0,0,0,0,0
1784665334621,unknown,VM-115,Stage1-2-0,0,0,0,0,0,0,0,0
1784665334635,unknown,VM-116,Stage2-1-0,0,0,0,0,0,0,0,0
1784665335488,unknown,VM-112,Stage3-3-0,0,0,0,0,0,0,0,0
1784665335599,unknown,VM-110,Stage2-2-0,0,0,0,0,0,0,0,0
1784665335608,unknown,VM-111,Stage3-0-0,0,0,0,0,0,0,0,0
1784665335621,unknown,VM-115,Stage1-2-0,0,0,0,0,0,0,0,0
1784665335635,unknown,VM-116,Stage2-1-0,0,0,0,0,0,0,0,0
1784665336488,unknown,VM-112,Stage3-3-0,0,0,0,0,0,0,0,0
1784665336599,unknown,VM-110,Stage2-2-0,0,0,0,0,0,0,0,0
1784665336608,unknown,VM-111,Stage3-0-0,0,0,0,0,0,0,0,0
1784665336621,unknown,VM-115,Stage1-2-0,0,0,0,0,0,0,0,0
1784665336635,unknown,VM-116,Stage2-1-0,0,0,0,0,0,0,0,0
1784665337488,unknown,VM-112,Stage3-3-0,0,0,0,0,0,0,0,0
1784665337599,unknown,VM-110,Stage2-2-0,0,0,0,0,0,0,0,0
1784665337608,unknown,VM-111,Stage3-0-0,0,0,0,0,0,0,0,0
1784665337621,unknown,VM-115,Stage1-2-0,0,0,0,0,0,0,0,0
1784665337635,unknown,VM-116,Stage2-1-0,0,0,0,0,0,0,0,0
1784665338488,unknown,VM-112,Stage3-3-0,0,0,0,0,0,0,0,0
1784665338599,unknown,VM-110,Stage2-2-0,0,0,0,0,0,0,0,0
1784665338608,unknown,VM-111,Stage3-0-0,0,0,0,0,0,0,0,0
1784665338621,unknown,VM-115,Stage1-2-0,0,0,0,0,0,0,0,0
1784665338635,unknown,VM-116,Stage2-1-0,0,0,0,0,0,0,0,0
1784665339488,unknown,VM-112,Stage3-3-0,0,0,0,0,0,0,0,0
1784665339599,unknown,VM-110,Stage2-2-0,0,0,0,0,0,0,0,0
1784665339608,unknown,VM-111,Stage3-0-0,0,0,0,0,0,0,0,0
1784665339621,unknown,VM-115,Stage1-2-0,0,0,0,0,0,0,0,0
1784665339635,unknown,VM-116,Stage2-1-0,0,0,0,0,0,0,0,0
1784665340488,unknown,VM-112,Stage3-3-0,0,0,0,0,0,0,0,0
1784665340599,unknown,VM-110,Stage2-2-0,0,0,0,0,0,0,0,0
1784665340608,unknown,VM-111,Stage3-0-0,0,0,0,0,0,0,0,0
1784665340621,unknown,VM-115,Stage1-2-0,0,0,0,0,0,0,0,0
1784665340635,unknown,VM-116,Stage2-1-0,0,0,0,0,0,0,0,0
1784665341488,unknown,VM-112,Stage3-3-0,0,0,0,0,0,0,0,0
1784665341599,unknown,VM-110,Stage2-2-0,0,0,0,0,0,0,0,0
1784665341608,unknown,VM-111,Stage3-0-0,0,0,0,0,0,0,0,0
1784665341621,unknown,VM-115,Stage1-2-0,0,0,0,0,0,0,0,0
1784665341635,unknown,VM-116,Stage2-1-0,0,0,0,0,0,0,0,0
1784665342488,unknown,VM-112,Stage3-3-0,0,0,0,0,0,0,0,0
1784665342599,unknown,VM-110,Stage2-2-0,0,0,0,0,0,0,0,0
1784665342608,unknown,VM-111,Stage3-0-0,0,0,0,0,0,0,0,0
1784665342621,unknown,VM-115,Stage1-2-0,0,0,0,0,0,0,0,0
1784665342635,unknown,VM-116,Stage2-1-0,0,0,0,0,0,0,0,0
1784665343488,unknown,VM-112,Stage3-3-0,0,0,0,0,0,0,0,0
1784665343599,unknown,VM-110,Stage2-2-0,0,0,0,0,0,0,0,0
1784665343608,unknown,VM-111,Stage3-0-0,0,0,0,0,0,0,0,0
1784665343621,unknown,VM-115,Stage1-2-0,0,0,0,0,0,0,0,0
1784665343635,unknown,VM-116,Stage2-1-0,0,0,0,0,0,0,0,0
1784665344488,unknown,VM-112,Stage3-3-0,0,0,0,0,0,0,0,0
1784665344599,unknown,VM-110,Stage2-2-0,0,0,0,0,0,0,0,0
1784665344608,unknown,VM-111,Stage3-0-0,0,0,0,0,0,0,0,0
1784665344621,unknown,VM-115,Stage1-2-0,0,0,0,0,0,0,0,0
1784665344635,unknown,VM-116,Stage2-1-0,0,0,0,0,0,0,0,0
1784665345488,unknown,VM-112,Stage3-3-0,0,0,0,0,0,0,0,0
1784665345599,unknown,VM-110,Stage2-2-0,0,0,0,0,0,0,0,0
1784665345608,unknown,VM-111,Stage3-0-0,0,0,0,0,0,0,0,0
1784665345621,unknown,VM-115,Stage1-2-0,0,0,0,0,0,0,0,0
1784665345635,unknown,VM-116,Stage2-1-0,0,0,0,0,0,0,0,0
1784665346488,unknown,VM-112,Stage3-3-0,0,0,0,0,0,0,0,0
1784665346599,unknown,VM-110,Stage2-2-0,0,0,0,0,0,0,0,0
1784665346608,unknown,VM-111,Stage3-0-0,0,0,0,0,0,0,0,0
1784665346621,unknown,VM-115,Stage1-2-0,0,0,0,0,0,0,0,0
1784665346635,unknown,VM-116,Stage2-1-0,0,0,0,0,0,0,0,0
1784665347488,unknown,VM-112,Stage3-3-0,0,0,0,0,0,0,0,0
1784665347599,unknown,VM-110,Stage2-2-0,0,0,0,0,0,0,0,0
1784665347608,unknown,VM-111,Stage3-0-0,0,0,0,0,0,0,0,0
1784665347621,unknown,VM-115,Stage1-2-0,0,0,0,0,0,0,0,0
1784665347635,unknown,VM-116,Stage2-1-0,0,0,0,0,0,0,0,0
1784665348488,unknown,VM-112,Stage3-3-0,0,0,0,0,0,0,0,0
1784665348599,unknown,VM-110,Stage2-2-0,0,0,0,0,0,0,0,0
1784665348608,unknown,VM-111,Stage3-0-0,0,0,0,0,0,0,0,0
1784665348621,unknown,VM-115,Stage1-2-0,0,0,0,0,0,0,0,0
1784665348635,unknown,VM-116,Stage2-1-0,0,0,0,0,0,0,0,0
1784665349488,unknown,VM-112,Stage3-3-0,0,0,0,0,0,0,0,0
1784665349599,unknown,VM-110,Stage2-2-0,0,0,0,0,0,0,0,0
1784665349608,unknown,VM-111,Stage3-0-0,0,0,0,0,0,0,0,0
1784665349621,unknown,VM-115,Stage1-2-0,0,0,0,0,0,0,0,0
1784665349635,unknown,VM-116,Stage2-1-0,0,0,0,0,0,0,0,0
1784665350488,unknown,VM-112,Stage3-3-0,0,0,0,0,0,0,0,0
1784665350599,unknown,VM-110,Stage2-2-0,0,0,0,0,0,0,0,0
1784665350608,unknown,VM-111,Stage3-0-0,0,0,0,0,0,0,0,0
1784665350621,unknown,VM-115,Stage1-2-0,0,0,0,0,0,0,0,0
1784665350635,unknown,VM-116,Stage2-1-0,0,0,0,0,0,0,0,0
1784665351488,unknown,VM-112,Stage3-3-0,0,0,0,0,0,0,0,0
1784665351599,unknown,VM-110,Stage2-2-0,0,0,0,0,0,0,0,0
1784665351608,unknown,VM-111,Stage3-0-0,0,0,0,0,0,0,0,0
1784665351621,unknown,VM-115,Stage1-2-0,0,0,0,0,0,0,0,0
1784665351635,unknown,VM-116,Stage2-1-0,0,0,0,0,0,0,0,0
1784665352488,unknown,VM-112,Stage3-3-0,0,0,0,0,0,0,0,0
1784665352599,unknown,VM-110,Stage2-2-0,0,0,0,0,0,0,0,0
1784665352608,unknown,VM-111,Stage3-0-0,0,0,0,0,0,0,0,0
1784665352621,unknown,VM-115,Stage1-2-0,0,0,0,0,0,0,0,0
1784665352635,unknown,VM-116,Stage2-1-0,0,0,0,0,0,0,0,0
1784665353488,unknown,VM-112,Stage3-3-0,0,0,0,0,0,0,0,0
1784665353599,unknown,VM-110,Stage2-2-0,0,0,0,0,0,0,0,0
1784665353608,unknown,VM-111,Stage3-0-0,0,0,0,0,0,0,0,0
1784665353621,unknown,VM-115,Stage1-2-0,0,0,0,0,0,0,0,0
1784665353635,unknown,VM-116,Stage2-1-0,0,0,0,0,0,0,0,0
1784665354488,unknown,VM-112,Stage3-3-0,0,0,0,0,0,0,0,0
1784665354599,unknown,VM-110,Stage2-2-0,0,0,0,0,0,0,0,0
1784665354608,unknown,VM-111,Stage3-0-0,0,0,0,0,0,0,0,0
1784665354621,unknown,VM-115,Stage1-2-0,0,0,0,0,0,0,0,0
1784665354635,unknown,VM-116,Stage2-1-0,0,0,0,0,0,0,0,0
1784665355488,unknown,VM-112,Stage3-3-0,0,0,0,0,0,0,0,0
1784665355599,unknown,VM-110,Stage2-2-0,0,0,0,0,0,0,0,0
1784665355608,unknown,VM-111,Stage3-0-0,0,0,0,0,0,0,0,0
1784665355621,unknown,VM-115,Stage1-2-0,0,0,0,0,0,0,0,0
1784665355635,unknown,VM-116,Stage2-1-0,0,0,0,0,0,0,0,0
1784665356488,unknown,VM-112,Stage3-3-0,0,0,0,0,0,0,0,0
1784665356599,unknown,VM-110,Stage2-2-0,0,0,0,0,0,0,0,0
1784665356608,unknown,VM-111,Stage3-0-0,0,0,0,0,0,0,0,0
1784665356621,unknown,VM-115,Stage1-2-0,0,0,0,0,0,0,0,0
1784665356635,unknown,VM-116,Stage2-1-0,0,0,0,0,0,0,0,0
1784665357488,unknown,VM-112,Stage3-3-0,0,0,0,0,0,0,0,0
1784665357599,unknown,VM-110,Stage2-2-0,0,0,0,0,0,0,0,0
1784665357608,unknown,VM-111,Stage3-0-0,0,0,0,0,0,0,0,0
1784665357621,unknown,VM-115,Stage1-2-0,0,0,0,0,0,0,0,0
1784665357635,unknown,VM-116,Stage2-1-0,0,0,0,0,0,0,0,0
1784665358488,unknown,VM-112,Stage3-3-0,0,0,0,0,0,0,0,0
1784665358599,unknown,VM-110,Stage2-2-0,0,0,0,0,0,0,0,0
1784665358608,unknown,VM-111,Stage3-0-0,0,0,0,0,0,0,0,0
1784665358621,unknown,VM-115,Stage1-2-0,0,0,0,0,0,0,0,0
1784665358635,unknown,VM-116,Stage2-1-0,0,0,0,0,0,0,0,0
1784665359488,unknown,VM-112,Stage3-3-0,0,0,0,0,0,0,0,0
1784665359599,unknown,VM-110,Stage2-2-0,0,0,0,0,0,0,0,0
1784665359608,unknown,VM-111,Stage3-0-0,0,0,0,0,0,0,0,0
1784665359621,unknown,VM-115,Stage1-2-0,0,0,0,0,0,0,0,0
1784665359635,unknown,VM-116,Stage2-1-0,0,0,0,0,0,0,0,0
1784665360488,unknown,VM-112,Stage3-3-0,0,0,0,0,0,0,0,0
1784665360599,unknown,VM-110,Stage2-2-0,0,0,0,0,0,0,0,0
1784665360608,unknown,VM-111,Stage3-0-0,0,0,0,0,0,0,0,0
1784665360621,unknown,VM-115,Stage1-2-0,0,0,0,0,0,0,0,0
1784665360635,unknown,VM-116,Stage2-1-0,0,0,0,0,0,0,0,0
1784665361488,unknown,VM-112,Stage3-3-0,0,0,0,0,0,0,0,0
1784665361599,unknown,VM-110,Stage2-2-0,0,0,0,0,0,0,0,0
1784665361608,unknown,VM-111,Stage3-0-0,0,0,0,0,0,0,0,0
1784665361621,unknown,VM-115,Stage1-2-0,0,0,0,0,0,0,0,0
1784665361635,unknown,VM-116,Stage2-1-0,0,0,0,0,0,0,0,0
1784665362488,unknown,VM-112,Stage3-3-0,0,0,0,0,0,0,0,0
1784665362599,unknown,VM-110,Stage2-2-0,0,0,0,0,0,0,0,0
1784665362608,unknown,VM-111,Stage3-0-0,0,0,0,0,0,0,0,0
1784665362621,unknown,VM-115,Stage1-2-0,0,0,0,0,0,0,0,0
1784665362635,unknown,VM-116,Stage2-1-0,0,0,0,0,0,0,0,0
1784665363488,unknown,VM-112,Stage3-3-0,0,0,0,0,0,0,0,0
1784665363599,unknown,VM-110,Stage2-2-0,0,0,0,0,0,0,0,0
1784665363608,unknown,VM-111,Stage3-0-0,0,0,0,0,0,0,0,0
1784665363621,unknown,VM-115,Stage1-2-0,0,0,0,0,0,0,0,0
1784665363635,unknown,VM-116,Stage2-1-0,0,0,0,0,0,0,0,0
1784665364488,unknown,VM-112,Stage3-3-0,0,0,0,0,0,0,0,0
1784665364599,unknown,VM-110,Stage2-2-0,0,0,0,0,0,0,0,0
1784665364608,unknown,VM-111,Stage3-0-0,0,0,0,0,0,0,0,0
1784665364621,unknown,VM-115,Stage1-2-0,0,0,0,0,0,0,0,0
1784665364635,unknown,VM-116,Stage2-1-0,0,0,0,0,0,0,0,0
1784665365488,unknown,VM-112,Stage3-3-0,0,0,0,0,0,0,0,0
1784665365599,unknown,VM-110,Stage2-2-0,0,0,0,0,0,0,0,0
1784665365608,unknown,VM-111,Stage3-0-0,0,0,0,0,0,0,0,0
1784665365621,unknown,VM-115,Stage1-2-0,0,0,0,0,0,0,0,0
1784665365635,unknown,VM-116,Stage2-1-0,0,0,0,0,0,0,0,0
1784665366488,unknown,VM-112,Stage3-3-0,0,0,0,0,0,0,0,0
1784665366599,unknown,VM-110,Stage2-2-0,0,0,0,0,0,0,0,0
1784665366608,unknown,VM-111,Stage3-0-0,0,0,0,0,0,0,0,0
1784665366621,unknown,VM-115,Stage1-2-0,0,0,0,0,0,0,0,0
1784665366635,unknown,VM-116,Stage2-1-0,0,0,0,0,0,0,0,0
1784665367488,unknown,VM-112,Stage3-3-0,0,0,0,0,0,0,0,0
1784665367599,unknown,VM-110,Stage2-2-0,0,0,0,0,0,0,0,0
1784665367608,unknown,VM-111,Stage3-0-0,0,0,0,0,0,0,0,0
1784665367621,unknown,VM-115,Stage1-2-0,0,0,0,0,0,0,0,0
1784665367635,unknown,VM-116,Stage2-1-0,0,0,0,0,0,0,0,0
1784665368488,unknown,VM-112,Stage3-3-0,0,0,0,0,0,0,0,0
1784665368599,unknown,VM-110,Stage2-2-0,0,0,0,0,0,0,0,0
1784665368608,unknown,VM-111,Stage3-0-0,0,0,0,0,0,0,0,0
1784665368621,unknown,VM-115,Stage1-2-0,0,0,0,0,0,0,0,0
1784665368635,unknown,VM-116,Stage2-1-0,0,0,0,0,0,0,0,0
1784665369488,unknown,VM-112,Stage3-3-0,0,0,0,0,0,0,0,0
1784665369599,unknown,VM-110,Stage2-2-0,0,0,0,0,0,0,0,0
1784665369608,unknown,VM-111,Stage3-0-0,0,0,0,0,0,0,0,0
1784665369621,unknown,VM-115,Stage1-2-0,0,0,0,0,0,0,0,0
1784665369635,unknown,VM-116,Stage2-1-0,0,0,0,0,0,0,0,0
1784665370488,unknown,VM-112,Stage3-3-0,0,0,0,0,0,0,0,0
1784665370599,unknown,VM-110,Stage2-2-0,0,0,0,0,0,0,0,0
1784665370608,unknown,VM-111,Stage3-0-0,0,0,0,0,0,0,0,0
1784665370621,unknown,VM-115,Stage1-2-0,0,0,0,0,0,0,0,0
1784665370635,unknown,VM-116,Stage2-1-0,0,0,0,0,0,0,0,0
1784665371488,unknown,VM-112,Stage3-3-0,0,0,0,0,0,0,0,0
1784665371599,unknown,VM-110,Stage2-2-0,0,0,0,0,0,0,0,0
1784665371608,unknown,VM-111,Stage3-0-0,0,0,0,0,0,0,0,0
1784665371621,unknown,VM-115,Stage1-2-0,0,0,0,0,0,0,0,0
1784665371635,unknown,VM-116,Stage2-1-0,0,0,0,0,0,0,0,0
1784665372488,unknown,VM-112,Stage3-3-0,0,0,0,0,0,0,0,0
1784665372599,unknown,VM-110,Stage2-2-0,0,0,0,0,0,0,0,0
1784665372608,unknown,VM-111,Stage3-0-0,0,0,0,0,0,0,0,0
1784665372621,unknown,VM-115,Stage1-2-0,0,0,0,0,0,0,0,0
1784665372635,unknown,VM-116,Stage2-1-0,0,0,0,0,0,0,0,0
1784665373488,unknown,VM-112,Stage3-3-0,0,0,0,0,0,0,0,0
1784665373599,unknown,VM-110,Stage2-2-0,0,0,0,0,0,0,0,0
1784665373608,unknown,VM-111,Stage3-0-0,0,0,0,0,0,0,0,0
1784665373621,unknown,VM-115,Stage1-2-0,0,0,0,0,0,0,0,0
1784665373635,unknown,VM-116,Stage2-1-0,0,0,0,0,0,0,0,0
1784665374488,unknown,VM-112,Stage3-3-0,0,0,0,0,0,0,0,0
1784665374599,unknown,VM-110,Stage2-2-0,0,0,0,0,0,0,0,0
1784665374608,unknown,VM-111,Stage3-0-0,0,0,0,0,0,0,0,0
1784665374621,unknown,VM-115,Stage1-2-0,0,0,0,0,0,0,0,0
1784665374635,unknown,VM-116,Stage2-1-0,0,0,0,0,0,0,0,0
1784665375488,unknown,VM-112,Stage3-3-0,0,0,0,0,0,0,0,0
1784665375599,unknown,VM-110,Stage2-2-0,0,0,0,0,0,0,0,0
1784665375608,unknown,VM-111,Stage3-0-0,0,0,0,0,0,0,0,0
1784665375621,unknown,VM-115,Stage1-2-0,0,0,0,0,0,0,0,0
1784665375635,unknown,VM-116,Stage2-1-0,0,0,0,0,0,0,0,0
1784665376488,unknown,VM-112,Stage3-3-0,0,0,0,0,0,0,0,0
1784665376599,unknown,VM-110,Stage2-2-0,0,0,0,0,0,0,0,0
1784665376608,unknown,VM-111,Stage3-0-0,0,0,0,0,0,0,0,0
1784665376621,unknown,VM-115,Stage1-2-0,0,0,0,0,0,0,0,0
1784665376635,unknown,VM-116,Stage2-1-0,0,0,0,0,0,0,0,0
1784665377488,unknown,VM-112,Stage3-3-0,0,0,0,0,0,0,0,0
1784665377599,unknown,VM-110,Stage2-2-0,0,0,0,0,0,0,0,0
1784665377608,unknown,VM-111,Stage3-0-0,0,0,0,0,0,0,0,0
1784665377621,unknown,VM-115,Stage1-2-0,0,0,0,0,0,0,0,0
1784665377635,unknown,VM-116,Stage2-1-0,0,0,0,0,0,0,0,0
1784665378488,unknown,VM-112,Stage3-3-0,0,0,0,0,0,0,0,0
1784665378599,unknown,VM-110,Stage2-2-0,0,0,0,0,0,0,0,0
1784665378608,unknown,VM-111,Stage3-0-0,0,0,0,0,0,0,0,0
1784665378621,unknown,VM-115,Stage1-2-0,0,0,0,0,0,0,0,0
1784665378635,unknown,VM-116,Stage2-1-0,0,0,0,0,0,0,0,0
1784665379488,unknown,VM-112,Stage3-3-0,0,0,0,0,0,0,0,0
1784665379599,unknown,VM-110,Stage2-2-0,0,0,0,0,0,0,0,0
1784665379608,unknown,VM-111,Stage3-0-0,0,0,0,0,0,0,0,0
1784665379621,unknown,VM-115,Stage1-2-0,0,0,0,0,0,0,0,0
1784665379635,unknown,VM-116,Stage2-1-0,0,0,0,0,0,0,0,0
1784665380488,unknown,VM-112,Stage3-3-0,0,0,0,0,0,0,0,0
1784665380599,unknown,VM-110,Stage2-2-0,0,0,0,0,0,0,0,0
1784665380608,unknown,VM-111,Stage3-0-0,0,0,0,0,0,0,0,0
1784665380621,unknown,VM-115,Stage1-2-0,0,0,0,0,0,0,0,0
1784665380635,unknown,VM-116,Stage2-1-0,0,0,0,0,0,0,0,0
1784665381488,unknown,VM-112,Stage3-3-0,0,0,0,0,0,0,0,0
1784665381599,unknown,VM-110,Stage2-2-0,0,0,0,0,0,0,0,0
1784665381608,unknown,VM-111,Stage3-0-0,0,0,0,0,0,0,0,0
1784665381621,unknown,VM-115,Stage1-2-0,0,0,0,0,0,0,0,0
1784665381635,unknown,VM-116,Stage2-1-0,0,0,0,0,0,0,0,0
1784665382488,unknown,VM-112,Stage3-3-0,0,0,0,0,0,0,0,0
1784665382599,unknown,VM-110,Stage2-2-0,0,0,0,0,0,0,0,0
1784665382608,unknown,VM-111,Stage3-0-0,0,0,0,0,0,0,0,0
1784665382621,unknown,VM-115,Stage1-2-0,0,0,0,0,0,0,0,0
1784665382635,unknown,VM-116,Stage2-1-0,0,0,0,0,0,0,0,0
1784665383488,unknown,VM-112,Stage3-3-0,0,0,0,0,0,0,0,0
1784665383599,unknown,VM-110,Stage2-2-0,0,0,0,0,0,0,0,0
1784665383608,unknown,VM-111,Stage3-0-0,0,0,0,0,0,0,0,0
1784665383621,unknown,VM-115,Stage1-2-0,0,0,0,0,0,0,0,0
1784665383635,unknown,VM-116,Stage2-1-0,0,0,0,0,0,0,0,0
1784665384488,unknown,VM-112,Stage3-3-0,0,0,0,0,0,0,0,0
1784665384599,unknown,VM-110,Stage2-2-0,0,0,0,0,0,0,0,0
1784665384608,unknown,VM-111,Stage3-0-0,0,0,0,0,0,0,0,0
1784665384621,unknown,VM-115,Stage1-2-0,0,0,0,0,0,0,0,0
1784665384635,unknown,VM-116,Stage2-1-0,0,0,0,0,0,0,0,0
1784665385488,unknown,VM-112,Stage3-3-0,0,0,0,0,0,0,0,0
1784665385599,unknown,VM-110,Stage2-2-0,0,0,0,0,0,0,0,0
1784665385608,unknown,VM-111,Stage3-0-0,0,0,0,0,0,0,0,0
1784665385621,unknown,VM-115,Stage1-2-0,0,0,0,0,0,0,0,0
1784665385635,unknown,VM-116,Stage2-1-0,0,0,0,0,0,0,0,0
1784665386488,unknown,VM-112,Stage3-3-0,0,0,0,0,0,0,0,0
1784665386599,unknown,VM-110,Stage2-2-0,0,0,0,0,0,0,0,0
1784665386608,unknown,VM-111,Stage3-0-0,0,0,0,0,0,0,0,0
1784665386621,unknown,VM-115,Stage1-2-0,0,0,0,0,0,0,0,0
1784665386634,unknown,VM-116,Stage2-1-0,0,0,0,0,0,0,0,0
1784665387488,unknown,VM-112,Stage3-3-0,0,0,0,0,0,0,0,0
1784665387599,unknown,VM-110,Stage2-2-0,0,0,0,0,0,0,0,0
1784665387608,unknown,VM-111,Stage3-0-0,0,0,0,0,0,0,0,0
1784665387621,unknown,VM-115,Stage1-2-0,0,0,0,0,0,0,0,0
1784665387634,unknown,VM-116,Stage2-1-0,0,0,0,0,0,0,0,0
1784665388488,unknown,VM-112,Stage3-3-0,0,0,0,0,0,0,0,0
1784665388599,unknown,VM-110,Stage2-2-0,0,0,0,0,0,0,0,0
1784665388608,unknown,VM-111,Stage3-0-0,0,0,0,0,0,0,0,0
1784665388621,unknown,VM-115,Stage1-2-0,0,0,0,0,0,0,0,0
1784665388634,unknown,VM-116,Stage2-1-0,0,0,0,0,0,0,0,0
1784665389488,unknown,VM-112,Stage3-3-0,0,0,0,0,0,0,0,0
1784665389599,unknown,VM-110,Stage2-2-0,0,0,0,0,0,0,0,0
1784665389608,unknown,VM-111,Stage3-0-0,0,0,0,0,0,0,0,0
1784665389621,unknown,VM-115,Stage1-2-0,0,0,0,0,0,0,0,0
1784665389634,unknown,VM-116,Stage2-1-0,0,0,0,0,0,0,0,0
1784665390488,unknown,VM-112,Stage3-3-0,0,0,0,0,0,0,0,0
1784665390599,unknown,VM-110,Stage2-2-0,0,0,0,0,0,0,0,0
1784665390608,unknown,VM-111,Stage3-0-0,0,0,0,0,0,0,0,0
1784665390621,unknown,VM-115,Stage1-2-0,0,0,0,0,0,0,0,0
1784665390635,unknown,VM-116,Stage2-1-0,0,0,0,0,0,0,0,0
1784665391488,unknown,VM-112,Stage3-3-0,0,0,0,0,0,0,0,0
1784665391599,unknown,VM-110,Stage2-2-0,0,0,0,0,0,0,0,0
1784665391608,unknown,VM-111,Stage3-0-0,0,0,0,0,0,0,0,0
1784665391621,unknown,VM-115,Stage1-2-0,0,0,0,0,0,0,0,0
1784665391635,unknown,VM-116,Stage2-1-0,0,0,0,0,0,0,0,0
1784665392488,unknown,VM-112,Stage3-3-0,0,0,0,0,0,0,0,0
1784665392599,unknown,VM-110,Stage2-2-0,0,0,0,0,0,0,0,0
1784665392608,unknown,VM-111,Stage3-0-0,0,0,0,0,0,0,0,0
1784665392621,unknown,VM-115,Stage1-2-0,0,0,0,0,0,0,0,0
1784665392635,unknown,VM-116,Stage2-1-0,0,0,0,0,0,0,0,0
1784665393488,unknown,VM-112,Stage3-3-0,0,0,0,0,0,0,0,0
1784665393599,unknown,VM-110,Stage2-2-0,0,0,0,0,0,0,0,0
1784665393608,unknown,VM-111,Stage3-0-0,0,0,0,0,0,0,0,0
1784665393621,unknown,VM-115,Stage1-2-0,0,0,0,0,0,0,0,0
1784665393635,unknown,VM-116,Stage2-1-0,0,0,0,0,0,0,0,0
1784665394488,unknown,VM-112,Stage3-3-0,0,0,0,0,0,0,0,0
1784665394599,unknown,VM-110,Stage2-2-0,0,0,0,0,0,0,0,0
1784665394608,unknown,VM-111,Stage3-0-0,0,0,0,0,0,0,0,0
1784665394621,unknown,VM-115,Stage1-2-0,0,0,0,0,0,0,0,0
1784665394635,unknown,VM-116,Stage2-1-0,0,0,0,0,0,0,0,0
1784665395488,unknown,VM-112,Stage3-3-0,0,0,0,0,0,0,0,0
1784665395599,unknown,VM-110,Stage2-2-0,0,0,0,0,0,0,0,0
1784665395608,unknown,VM-111,Stage3-0-0,0,0,0,0,0,0,0,0
1784665395621,unknown,VM-115,Stage1-2-0,0,0,0,0,0,0,0,0
1784665395635,unknown,VM-116,Stage2-1-0,0,0,0,0,0,0,0,0
1784665396488,unknown,VM-112,Stage3-3-0,0,0,0,0,0,0,0,0
1784665396599,unknown,VM-110,Stage2-2-0,0,0,0,0,0,0,0,0
1784665396608,unknown,VM-111,Stage3-0-0,0,0,0,0,0,0,0,0
1784665396621,unknown,VM-115,Stage1-2-0,0,0,0,0,0,0,0,0
1784665396635,unknown,VM-116,Stage2-1-0,0,0,0,0,0,0,0,0
1784665397488,unknown,VM-112,Stage3-3-0,0,0,0,0,0,0,0,0
1784665397599,unknown,VM-110,Stage2-2-0,0,0,0,0,0,0,0,0
1784665397608,unknown,VM-111,Stage3-0-0,0,0,0,0,0,0,0,0
1784665397621,unknown,VM-115,Stage1-2-0,0,0,0,0,0,0,0,0
1784665397635,unknown,VM-116,Stage2-1-0,0,0,0,0,0,0,0,0
1784665398488,unknown,VM-112,Stage3-3-0,0,0,0,0,0,0,0,0
1784665398599,unknown,VM-110,Stage2-2-0,0,0,0,0,0,0,0,0
1784665398608,unknown,VM-111,Stage3-0-0,0,0,0,0,0,0,0,0
1784665398621,unknown,VM-115,Stage1-2-0,0,0,0,0,0,0,0,0
1784665398635,unknown,VM-116,Stage2-1-0,0,0,0,0,0,0,0,0
1784665399488,unknown,VM-112,Stage3-3-0,0,0,0,0,0,0,0,0
1784665399599,unknown,VM-110,Stage2-2-0,0,0,0,0,0,0,0,0
1784665399608,unknown,VM-111,Stage3-0-0,0,0,0,0,0,0,0,0
1784665399621,unknown,VM-115,Stage1-2-0,0,0,0,0,0,0,0,0
1784665399635,unknown,VM-116,Stage2-1-0,0,0,0,0,0,0,0,0
1784665400488,unknown,VM-112,Stage3-3-0,0,0,0,0,0,0,0,0
1784665400599,unknown,VM-110,Stage2-2-0,0,0,0,0,0,0,0,0
1784665400608,unknown,VM-111,Stage3-0-0,0,0,0,0,0,0,0,0
1784665400621,unknown,VM-115,Stage1-2-0,0,0,0,0,0,0,0,0
1784665400635,unknown,VM-116,Stage2-1-0,0,0,0,0,0,0,0,0
1784665401488,unknown,VM-112,Stage3-3-0,0,0,0,0,0,0,0,0
1784665401599,unknown,VM-110,Stage2-2-0,0,0,0,0,0,0,0,0
1784665401608,unknown,VM-111,Stage3-0-0,0,0,0,0,0,0,0,0
1784665401621,unknown,VM-115,Stage1-2-0,0,0,0,0,0,0,0,0
1784665401635,unknown,VM-116,Stage2-1-0,0,0,0,0,0,0,0,0
1784665402488,unknown,VM-112,Stage3-3-0,0,0,0,0,0,0,0,0
1784665402599,unknown,VM-110,Stage2-2-0,0,0,0,0,0,0,0,0
1784665402608,unknown,VM-111,Stage3-0-0,0,0,0,0,0,0,0,0
1784665402621,unknown,VM-115,Stage1-2-0,0,0,0,0,0,0,0,0
1784665402635,unknown,VM-116,Stage2-1-0,0,0,0,0,0,0,0,0
1784665403488,unknown,VM-112,Stage3-3-0,0,0,0,0,0,0,0,0
1784665403599,unknown,VM-110,Stage2-2-0,0,0,0,0,0,0,0,0
1784665403608,unknown,VM-111,Stage3-0-0,0,0,0,0,0,0,0,0
1784665403621,unknown,VM-115,Stage1-2-0,0,0,0,0,0,0,0,0
1784665403635,unknown,VM-116,Stage2-1-0,0,0,0,0,0,0,0,0
1784665404488,unknown,VM-112,Stage3-3-0,0,0,0,0,0,0,0,0
1784665404599,unknown,VM-110,Stage2-2-0,0,0,0,0,0,0,0,0
1784665404608,unknown,VM-111,Stage3-0-0,0,0,0,0,0,0,0,0
1784665404621,unknown,VM-115,Stage1-2-0,0,0,0,0,0,0,0,0
1784665404635,unknown,VM-116,Stage2-1-0,0,0,0,0,0,0,0,0
1784665405488,unknown,VM-112,Stage3-3-0,0,0,0,0,0,0,0,0
1784665405599,unknown,VM-110,Stage2-2-0,0,0,0,0,0,0,0,0
1784665405608,unknown,VM-111,Stage3-0-0,0,0,0,0,0,0,0,0
1784665405621,unknown,VM-115,Stage1-2-0,0,0,0,0,0,0,0,0
1784665405635,unknown,VM-116,Stage2-1-0,0,0,0,0,0,0,0,0
1784665406488,unknown,VM-112,Stage3-3-0,0,0,0,0,0,0,0,0
1784665406599,unknown,VM-110,Stage2-2-0,0,0,0,0,0,0,0,0
1784665406608,unknown,VM-111,Stage3-0-0,0,0,0,0,0,0,0,0
1784665406621,unknown,VM-115,Stage1-2-0,0,0,0,0,0,0,0,0
1784665406635,unknown,VM-116,Stage2-1-0,0,0,0,0,0,0,0,0
1784665407488,unknown,VM-112,Stage3-3-0,0,0,0,0,0,0,0,0
1784665407599,unknown,VM-110,Stage2-2-0,0,0,0,0,0,0,0,0
1784665407608,unknown,VM-111,Stage3-0-0,0,0,0,0,0,0,0,0
1784665407621,unknown,VM-115,Stage1-2-0,0,0,0,0,0,0,0,0
1784665407635,unknown,VM-116,Stage2-1-0,0,0,0,0,0,0,0,0
1784665408488,unknown,VM-112,Stage3-3-0,0,0,0,0,0,0,0,0
1784665408599,unknown,VM-110,Stage2-2-0,0,0,0,0,0,0,0,0
1784665408608,unknown,VM-111,Stage3-0-0,0,0,0,0,0,0,0,0
1784665408621,unknown,VM-115,Stage1-2-0,0,0,0,0,0,0,0,0
1784665408635,unknown,VM-116,Stage2-1-0,0,0,0,0,0,0,0,0
1784665409488,unknown,VM-112,Stage3-3-0,0,0,0,0,0,0,0,0
1784665409599,unknown,VM-110,Stage2-2-0,0,0,0,0,0,0,0,0
1784665409608,unknown,VM-111,Stage3-0-0,0,0,0,0,0,0,0,0
1784665409621,unknown,VM-115,Stage1-2-0,0,0,0,0,0,0,0,0
1784665409635,unknown,VM-116,Stage2-1-0,0,0,0,0,0,0,0,0
1784665410488,unknown,VM-112,Stage3-3-0,0,0,0,0,0,0,0,0
1784665410599,unknown,VM-110,Stage2-2-0,0,0,0,0,0,0,0,0
1784665410608,unknown,VM-111,Stage3-0-0,0,0,0,0,0,0,0,0
1784665410621,unknown,VM-115,Stage1-2-0,0,0,0,0,0,0,0,0
1784665410635,unknown,VM-116,Stage2-1-0,0,0,0,0,0,0,0,0
1784665411488,unknown,VM-112,Stage3-3-0,0,0,0,0,0,0,0,0
1784665411599,unknown,VM-110,Stage2-2-0,0,0,0,0,0,0,0,0
1784665411608,unknown,VM-111,Stage3-0-0,0,0,0,0,0,0,0,0
1784665411621,unknown,VM-115,Stage1-2-0,0,0,0,0,0,0,0,0
1784665411635,unknown,VM-116,Stage2-1-0,0,0,0,0,0,0,0,0
1784665412488,unknown,VM-112,Stage3-3-0,0,0,0,0,0,0,0,0
1784665412599,unknown,VM-110,Stage2-2-0,0,0,0,0,0,0,0,0
1784665412608,unknown,VM-111,Stage3-0-0,0,0,0,0,0,0,0,0
1784665412621,unknown,VM-115,Stage1-2-0,0,0,0,0,0,0,0,0
1784665412635,unknown,VM-116,Stage2-1-0,0,0,0,0,0,0,0,0
1784665413488,unknown,VM-112,Stage3-3-0,0,0,0,0,0,0,0,0
1784665413599,unknown,VM-110,Stage2-2-0,0,0,0,0,0,0,0,0
1784665413608,unknown,VM-111,Stage3-0-0,0,0,0,0,0,0,0,0
1784665413621,unknown,VM-115,Stage1-2-0,0,0,0,0,0,0,0,0
1784665413635,unknown,VM-116,Stage2-1-0,0,0,0,0,0,0,0,0
