timestamp,jobId,executorId,taskId,inputReceiveRate,inputRate,outputRate,processingTimeNs,deserTimeNs,inBytes,serializedTimeNs,outBytes
1784087026110,nx-q6-nexmark-auto-213939,Executor3,Stage1-0-0,0,0,0,0,0,0,0,0
1784087026110,nx-q6-nexmark-auto-213939,Executor3,Stage2-0-0,0,0,0,0,0,0,0,0
1784087026110,nx-q6-nexmark-auto-213939,Executor3,Stage3-0-0,0,0,0,0,0,0,0,0
1784087026122,nx-q6-nexmark-auto-213939,Executor2,Stage1-1-0,0,0,0,0,0,0,0,0
1784087026122,nx-q6-nexmark-auto-213939,Executor2,Stage2-1-0,0,0,0,0,0,0,0,0
1784087026122,nx-q6-nexmark-auto-213939,Executor2,Stage3-1-0,0,0,0,0,0,0,0,0
1784087026152,nx-q6-nexmark-auto-213939,Executor4,Stage1-3-0,0,0,0,0,0,0,0,0
1784087026152,nx-q6-nexmark-auto-213939,Executor4,Stage2-3-0,0,0,0,0,0,0,0,0
1784087026152,nx-q6-nexmark-auto-213939,Executor4,Stage3-3-0,0,0,0,0,0,0,0,0
1784087026190,nx-q6-nexmark-auto-213939,Executor1,Stage1-2-0,0,0,0,0,0,0,0,0
1784087026190,nx-q6-nexmark-auto-213939,Executor1,Stage2-2-0,0,0,0,0,0,0,0,0
1784087026190,nx-q6-nexmark-auto-213939,Executor1,Stage3-2-0,0,0,0,0,0,0,0,0
1784087026253,nx-q6-nexmark-auto-213939,Executor0,Stage0-0-0,0,0,0,0,0,0,0,0
1784087026253,nx-q6-nexmark-auto-213939,Executor0,Stage0-1-0,0,0,0,0,0,0,0,0
1784087026253,nx-q6-nexmark-auto-213939,Executor0,Stage0-2-0,0,0,0,0,0,0,0,0
1784087026253,nx-q6-nexmark-auto-213939,Executor0,Stage0-3-0,0,0,0,0,0,0,0,0
1784087027111,nx-q6-nexmark-auto-213939,Executor3,Stage1-0-0,0,0,0,0,0,0,0,0
1784087027111,nx-q6-nexmark-auto-213939,Executor3,Stage2-0-0,0,0,0,0,0,0,0,0
1784087027111,nx-q6-nexmark-auto-213939,Executor3,Stage3-0-0,0,0,0,0,0,0,0,0
1784087027122,nx-q6-nexmark-auto-213939,Executor2,Stage1-1-0,0,8,7,6010,2986,981,0,0
1784087027122,nx-q6-nexmark-auto-213939,Executor2,Stage2-1-0,0,0,0,0,0,0,0,0
1784087027122,nx-q6-nexmark-auto-213939,Executor2,Stage3-1-0,0,0,0,0,0,0,0,0
1784087027152,nx-q6-nexmark-auto-213939,Executor4,Stage1-3-0,0,114,110,25547,11795,11580,0,0
1784087027152,nx-q6-nexmark-auto-213939,Executor4,Stage2-3-0,0,0,0,0,0,0,0,0
1784087027152,nx-q6-nexmark-auto-213939,Executor4,Stage3-3-0,0,0,0,0,0,0,0,0
1784087027190,nx-q6-nexmark-auto-213939,Executor1,Stage1-2-0,0,321,314,49626,19971,33274,0,0
1784087027190,nx-q6-nexmark-auto-213939,Executor1,Stage2-2-0,0,1,0,3336,10,0,0,0
1784087027190,nx-q6-nexmark-auto-213939,Executor1,Stage3-2-0,0,0,0,0,0,0,0,0
1784087027249,nx-q6-nexmark-auto-213939,Executor0,Stage0-0-0,0,9103,9103,172983,0,0,34837,667514
1784087027249,nx-q6-nexmark-auto-213939,Executor0,Stage0-1-0,0,9120,9120,177850,0,0,37672,665946
1784087027249,nx-q6-nexmark-auto-213939,Executor0,Stage0-2-0,0,8843,8843,176091,0,0,35995,655010
1784087027249,nx-q6-nexmark-auto-213939,Executor0,Stage0-3-0,0,9316,9316,175807,0,0,36441,697895
1784087028114,nx-q6-nexmark-auto-213939,Executor3,Stage1-0-0,0,5045,4937,107532,50177,537803,12595,176570
1784087028114,nx-q6-nexmark-auto-213939,Executor3,Stage2-0-0,0,3807,0,329827,9781,36796,0,0
1784087028114,nx-q6-nexmark-auto-213939,Executor3,Stage3-0-0,0,0,0,0,0,0,0,0
1784087028126,nx-q6-nexmark-auto-213939,Executor2,Stage1-1-0,0,4978,4873,128264,48828,530153,19318,403767
1784087028126,nx-q6-nexmark-auto-213939,Executor2,Stage2-1-0,0,1594,0,203915,15217,110759,0,0
1784087028126,nx-q6-nexmark-auto-213939,Executor2,Stage3-1-0,0,0,0,0,0,0,0,0
1784087028152,nx-q6-nexmark-auto-213939,Executor4,Stage1-3-0,0,4782,4704,99216,37117,505654,14082,402298
1784087028152,nx-q6-nexmark-auto-213939,Executor4,Stage2-3-0,0,1915,6,192111,11336,146863,0,0
1784087028152,nx-q6-nexmark-auto-213939,Executor4,Stage3-3-0,0,0,0,0,0,0,0,0
1784087028189,nx-q6-nexmark-auto-213939,Executor1,Stage1-2-0,0,4752,4655,69276,24780,502430,26749,414844
1784087028189,nx-q6-nexmark-auto-213939,Executor1,Stage2-2-0,0,1770,1,260274,11997,128304,0,0
1784087028189,nx-q6-nexmark-auto-213939,Executor1,Stage3-2-0,0,0,0,0,0,0,0,0
1784087028249,nx-q6-nexmark-auto-213939,Executor0,Stage0-0-0,0,5894,5894,40614,0,0,2591,578616
1784087028249,nx-q6-nexmark-auto-213939,Executor0,Stage0-1-0,0,5878,5878,28322,0,0,2965,721354
1784087028249,nx-q6-nexmark-auto-213939,Executor0,Stage0-2-0,0,6160,6160,39885,0,0,2873,708504
1784087028249,nx-q6-nexmark-auto-213939,Executor0,Stage0-3-0,0,5686,5686,45074,0,0,2629,661664
1784087029110,nx-q6-nexmark-auto-213939,Executor3,Stage1-0-0,0,5065,4966,11834,5174,539892,6405,158326
1784087029110,nx-q6-nexmark-auto-213939,Executor3,Stage2-0-0,0,14591,17,776308,19663,855216,301,482
1784087029110,nx-q6-nexmark-auto-213939,Executor3,Stage3-0-0,0,31,0,17445,485,1049,0,0
1784087029122,nx-q6-nexmark-auto-213939,Executor2,Stage1-1-0,0,4964,4853,19130,6403,530336,7820,412832
1784087029122,nx-q6-nexmark-auto-213939,Executor2,Stage2-1-0,0,1943,57,85218,3365,159395,239,1489
1784087029122,nx-q6-nexmark-auto-213939,Executor2,Stage3-1-0,0,0,0,0,170,195,0,0
1784087029152,nx-q6-nexmark-auto-213939,Executor4,Stage1-3-0,0,5030,4935,31388,11124,528688,10333,417915
1784087029152,nx-q6-nexmark-auto-213939,Executor4,Stage2-3-0,0,1533,30,121148,5743,117916,101,1674
1784087029152,nx-q6-nexmark-auto-213939,Executor4,Stage3-3-0,0,3,0,19112,565,375,0,0
1784087029189,nx-q6-nexmark-auto-213939,Executor1,Stage1-2-0,0,8222,8056,48976,13676,872568,9030,551419
1784087029189,nx-q6-nexmark-auto-213939,Executor1,Stage2-2-0,0,2114,55,119225,5999,182488,229,3996
1784087029189,nx-q6-nexmark-auto-213939,Executor1,Stage3-2-0,0,0,0,0,327,195,0,0
1784087029249,nx-q6-nexmark-auto-213939,Executor0,Stage0-0-0,0,5003,5003,23294,0,0,626,626733
1784087029249,nx-q6-nexmark-auto-213939,Executor0,Stage0-1-0,0,5002,5002,12771,0,0,551,563495
1784087029249,nx-q6-nexmark-auto-213939,Executor0,Stage0-2-0,0,4997,4997,25031,0,0,579,492301
1784087029249,nx-q6-nexmark-auto-213939,Executor0,Stage0-3-0,0,4998,4998,14734,0,0,645,574737
1784087030111,nx-q6-nexmark-auto-213939,Executor3,Stage1-0-0,0,5080,4972,11358,4438,541299,5368,148866
1784087030111,nx-q6-nexmark-auto-213939,Executor3,Stage2-0-0,0,15079,35,373025,23700,885810,132,625
1784087030111,nx-q6-nexmark-auto-213939,Executor3,Stage3-0-0,0,96,0,12269,418,4268,0,0
1784087030121,nx-q6-nexmark-auto-213939,Executor2,Stage1-1-0,0,4976,4877,35570,11934,530273,5192,415344
1784087030121,nx-q6-nexmark-auto-213939,Executor2,Stage2-1-0,0,1681,43,116469,6472,134837,136,2969
1784087030121,nx-q6-nexmark-auto-213939,Executor2,Stage3-1-0,0,7,0,16680,1023,447,0,0
1784087030152,nx-q6-nexmark-auto-213939,Executor4,Stage1-3-0,0,5439,5346,37544,13806,570994,9444,410702
1784087030152,nx-q6-nexmark-auto-213939,Executor4,Stage2-3-0,0,2124,98,136020,9421,183188,83,2387
1784087030152,nx-q6-nexmark-auto-213939,Executor4,Stage3-3-0,0,7,0,4365,640,443,0,0
1784087030189,nx-q6-nexmark-auto-213939,Executor1,Stage1-2-0,0,6553,6417,40807,15183,693193,6156,386090
1784087030189,nx-q6-nexmark-auto-213939,Executor1,Stage2-2-0,0,1676,89,111890,5350,137340,117,5672
1784087030189,nx-q6-nexmark-auto-213939,Executor1,Stage3-2-0,0,15,0,16963,168,850,0,0
1784087030249,nx-q6-nexmark-auto-213939,Executor0,Stage0-0-0,0,4997,4997,20365,0,0,1149,589791
1784087030249,nx-q6-nexmark-auto-213939,Executor0,Stage0-1-0,0,4998,4998,12894,0,0,1024,583893
1784087030249,nx-q6-nexmark-auto-213939,Executor0,Stage0-2-0,0,5003,5003,22870,0,0,1197,602463
1784087030249,nx-q6-nexmark-auto-213939,Executor0,Stage0-3-0,0,5002,5002,15518,0,0,1112,543664
1784087031110,nx-q6-nexmark-auto-213939,Executor3,Stage1-0-0,0,5066,4971,9441,4560,534955,1819,129607
1784087031110,nx-q6-nexmark-auto-213939,Executor3,Stage2-0-0,0,14795,80,277970,16869,855216,128,540
1784087031110,nx-q6-nexmark-auto-213939,Executor3,Stage3-0-0,0,207,0,13586,343,8133,0,0
1784087031121,nx-q6-nexmark-auto-213939,Executor2,Stage1-1-0,0,5076,4971,27415,15057,535349,8785,426178
1784087031121,nx-q6-nexmark-auto-213939,Executor2,Stage2-1-0,0,1537,139,72637,7759,129900,268,6132
1784087031121,nx-q6-nexmark-auto-213939,Executor2,Stage3-1-0,0,10,0,4486,289,381,0,0
1784087031152,nx-q6-nexmark-auto-213939,Executor4,Stage1-3-0,0,4470,4380,14792,6692,480025,1445,410366
1784087031152,nx-q6-nexmark-auto-213939,Executor4,Stage2-3-0,0,1558,94,81847,5131,128597,53,5511
1784087031152,nx-q6-nexmark-auto-213939,Executor4,Stage3-3-0,0,18,0,7551,373,849,0,0
1784087031189,nx-q6-nexmark-auto-213939,Executor1,Stage1-2-0,0,5178,5072,22999,12733,546219,892,415190
1784087031189,nx-q6-nexmark-auto-213939,Executor1,Stage2-2-0,0,2082,94,103022,6068,132051,58,5806
1784087031189,nx-q6-nexmark-auto-213939,Executor1,Stage3-2-0,0,27,0,10975,154,1023,0,0
1784087031249,nx-q6-nexmark-auto-213939,Executor0,Stage0-0-0,0,5003,5003,21321,0,0,1073,588413
1784087031249,nx-q6-nexmark-auto-213939,Executor0,Stage0-1-0,0,5002,5002,20177,0,0,1174,485656
1784087031249,nx-q6-nexmark-auto-213939,Executor0,Stage0-2-0,0,4997,4997,15124,0,0,1258,705262
1784087031249,nx-q6-nexmark-auto-213939,Executor0,Stage0-3-0,0,4998,4998,22199,0,0,1149,565257
1784087032111,nx-q6-nexmark-auto-213939,Executor3,Stage1-0-0,0,4852,4758,7856,3886,514212,2014,154545
1784087032111,nx-q6-nexmark-auto-213939,Executor3,Stage2-0-0,0,15793,107,280760,18423,976801,60,1317
1784087032111,nx-q6-nexmark-auto-213939,Executor3,Stage3-0-0,0,378,0,15196,612,17306,0,0
1784087032122,nx-q6-nexmark-auto-213939,Executor2,Stage1-1-0,0,6310,6176,37316,19578,672726,1044,412186
1784087032122,nx-q6-nexmark-auto-213939,Executor2,Stage2-1-0,0,2361,80,120255,8579,195469,78,6021
1784087032122,nx-q6-nexmark-auto-213939,Executor2,Stage3-1-0,0,33,0,8035,161,1210,0,0
1784087032152,nx-q6-nexmark-auto-213939,Executor4,Stage1-3-0,0,9323,9143,48330,33406,989894,2177,557094
1784087032152,nx-q6-nexmark-auto-213939,Executor4,Stage2-3-0,0,2013,77,53464,2724,150071,51,9974
1784087032152,nx-q6-nexmark-auto-213939,Executor4,Stage3-3-0,0,35,0,5808,287,1278,0,0
1784087032190,nx-q6-nexmark-auto-213939,Executor1,Stage1-2-0,0,4959,4849,24122,12754,526360,2169,394818
1784087032190,nx-q6-nexmark-auto-213939,Executor1,Stage2-2-0,0,1996,79,73467,5816,149643,38,4851
1784087032190,nx-q6-nexmark-auto-213939,Executor1,Stage3-2-0,0,33,0,5546,351,1309,0,0
1784087032249,nx-q6-nexmark-auto-213939,Executor0,Stage0-0-0,0,4997,4997,20671,0,0,2992,584758
1784087032249,nx-q6-nexmark-auto-213939,Executor0,Stage0-1-0,0,4998,4998,21162,0,0,3303,604555
1784087032249,nx-q6-nexmark-auto-213939,Executor0,Stage0-2-0,0,5003,5003,14674,0,0,3042,598571
1784087032249,nx-q6-nexmark-auto-213939,Executor0,Stage0-3-0,0,5002,5002,21734,0,0,3098,575462
1784087033111,nx-q6-nexmark-auto-213939,Executor3,Stage1-0-0,0,5037,4947,8536,4029,533983,2060,166288
1784087033111,nx-q6-nexmark-auto-213939,Executor3,Stage2-0-0,0,13708,91,234215,15145,810971,83,1649
1784087033111,nx-q6-nexmark-auto-213939,Executor3,Stage3-0-0,0,250,0,7392,381,10866,0,0
1784087033122,nx-q6-nexmark-auto-213939,Executor2,Stage1-1-0,0,3761,3688,18484,9542,397688,1025,415587
1784087033122,nx-q6-nexmark-auto-213939,Executor2,Stage2-1-0,0,1972,77,77512,5387,150942,27,5050
1784087033122,nx-q6-nexmark-auto-213939,Executor2,Stage3-1-0,0,20,0,3788,120,1208,0,0
1784087033152,nx-q6-nexmark-auto-213939,Executor4,Stage1-3-0,0,2869,2812,13349,7456,305216,906,317279
1784087033152,nx-q6-nexmark-auto-213939,Executor4,Stage2-3-0,0,1979,83,79377,5410,155729,31,4479
1784087033152,nx-q6-nexmark-auto-213939,Executor4,Stage3-3-0,0,23,0,4569,196,1019,0,0
1784087033189,nx-q6-nexmark-auto-213939,Executor1,Stage1-2-0,0,5112,5012,24485,12487,548753,941,425487
1784087033189,nx-q6-nexmark-auto-213939,Executor1,Stage2-2-0,0,2259,85,81541,5476,149741,58,3860
1784087033189,nx-q6-nexmark-auto-213939,Executor1,Stage3-2-0,0,42,0,5622,224,1906,0,0
1784087033249,nx-q6-nexmark-auto-213939,Executor0,Stage0-0-0,0,5003,5003,16126,0,0,1609,663322
1784087033249,nx-q6-nexmark-auto-213939,Executor0,Stage0-1-0,0,5002,5002,16984,0,0,1485,598181
1784087033249,nx-q6-nexmark-auto-213939,Executor0,Stage0-2-0,0,4997,4997,18406,0,0,1183,453701
1784087033249,nx-q6-nexmark-auto-213939,Executor0,Stage0-3-0,0,4998,4998,22853,0,0,1493,551634
1784087034111,nx-q6-nexmark-auto-213939,Executor3,Stage1-0-0,0,5008,4898,8373,3963,529034,3254,226640
1784087034111,nx-q6-nexmark-auto-213939,Executor3,Stage2-0-0,0,12470,88,236713,15859,777204,102,2509
1784087034111,nx-q6-nexmark-auto-213939,Executor3,Stage3-0-0,0,195,0,6548,429,8537,0,0
1784087034122,nx-q6-nexmark-auto-213939,Executor2,Stage1-1-0,0,4970,4865,20959,11053,528340,1183,380825
1784087034122,nx-q6-nexmark-auto-213939,Executor2,Stage2-1-0,0,2837,93,100160,6501,194058,72,4710
1784087034122,nx-q6-nexmark-auto-213939,Executor2,Stage3-1-0,0,46,0,5891,145,2138,0,0
1784087034152,nx-q6-nexmark-auto-213939,Executor4,Stage1-3-0,0,7681,7515,25783,15104,818190,1338,466999
1784087034152,nx-q6-nexmark-auto-213939,Executor4,Stage2-3-0,0,3026,101,100752,7028,212356,103,5330
1784087034152,nx-q6-nexmark-auto-213939,Executor4,Stage3-3-0,0,61,0,7075,158,2411,0,0
1784087034189,nx-q6-nexmark-auto-213939,Executor1,Stage1-2-0,0,4910,4820,15478,8137,527713,1246,406055
1784087034189,nx-q6-nexmark-auto-213939,Executor1,Stage2-2-0,0,2971,86,101878,6669,202537,72,5810
1784087034189,nx-q6-nexmark-auto-213939,Executor1,Stage3-2-0,0,55,0,7309,160,2310,0,0
1784087034249,nx-q6-nexmark-auto-213939,Executor0,Stage0-0-0,0,4997,4997,21871,0,0,3065,526768
1784087034249,nx-q6-nexmark-auto-213939,Executor0,Stage0-1-0,0,4998,4998,22548,0,0,3423,550798
1784087034249,nx-q6-nexmark-auto-213939,Executor0,Stage0-2-0,0,5003,5003,20757,0,0,3772,624824
1784087034249,nx-q6-nexmark-auto-213939,Executor0,Stage0-3-0,0,5002,5002,27091,0,0,3772,597002
1784087035111,nx-q6-nexmark-auto-213939,Executor3,Stage1-0-0,0,4966,4869,8504,3956,534728,705,240139
1784087035111,nx-q6-nexmark-auto-213939,Executor3,Stage2-0-0,0,10079,91,203991,20554,614947,34,2665
1784087035111,nx-q6-nexmark-auto-213939,Executor3,Stage3-0-0,0,201,0,6021,440,8679,0,0
1784087035122,nx-q6-nexmark-auto-213939,Executor2,Stage1-1-0,0,5103,5011,16474,8700,543724,697,394547
1784087035122,nx-q6-nexmark-auto-213939,Executor2,Stage2-1-0,0,2809,141,98444,6251,186723,66,5173
1784087035122,nx-q6-nexmark-auto-213939,Executor2,Stage3-1-0,0,45,0,5337,112,1587,0,0
1784087035152,nx-q6-nexmark-auto-213939,Executor4,Stage1-3-0,0,1554,1526,4861,2772,169522,670,240959
1784087035152,nx-q6-nexmark-auto-213939,Executor4,Stage2-3-0,0,3254,136,108160,7397,224603,15,2196
1784087035152,nx-q6-nexmark-auto-213939,Executor4,Stage3-3-0,0,57,0,6706,215,2571,0,0
1784087035190,nx-q6-nexmark-auto-213939,Executor1,Stage1-2-0,0,419,411,1945,915,44911,603,244418
1784087035190,nx-q6-nexmark-auto-213939,Executor1,Stage2-2-0,0,2468,141,121668,8359,225829,20,1381
1784087035190,nx-q6-nexmark-auto-213939,Executor1,Stage3-2-0,0,45,0,7347,213,2724,0,0
1784087035249,nx-q6-nexmark-auto-213939,Executor0,Stage0-0-0,0,5003,5003,21478,0,0,1459,566017
1784087035249,nx-q6-nexmark-auto-213939,Executor0,Stage0-1-0,0,5002,5002,13747,0,0,2020,695246
1784087035249,nx-q6-nexmark-auto-213939,Executor0,Stage0-2-0,0,4997,4997,22289,0,0,1465,556856
1784087035249,nx-q6-nexmark-auto-213939,Executor0,Stage0-3-0,0,4998,4998,21620,0,0,1388,579580
1784087036111,nx-q6-nexmark-auto-213939,Executor3,Stage1-0-0,0,4934,4831,9884,9689,535786,3899,241213
1784087036111,nx-q6-nexmark-auto-213939,Executor3,Stage2-0-0,0,9903,139,205404,18687,594615,259,4130
1784087036111,nx-q6-nexmark-auto-213939,Executor3,Stage3-0-0,0,284,0,9136,1222,11982,0,0
1784087036122,nx-q6-nexmark-auto-213939,Executor2,Stage1-1-0,0,5013,4934,15022,7867,535047,977,387445
1784087036122,nx-q6-nexmark-auto-213939,Executor2,Stage2-1-0,0,3259,154,107632,6787,236135,93,8632
1784087036122,nx-q6-nexmark-auto-213939,Executor2,Stage3-1-0,0,72,0,7561,171,3323,0,0
1784087036152,nx-q6-nexmark-auto-213939,Executor4,Stage1-3-0,0,6510,6365,18013,10659,696699,961,460305
1784087036152,nx-q6-nexmark-auto-213939,Executor4,Stage2-3-0,0,3122,143,100145,6802,217428,59,14300
1784087036152,nx-q6-nexmark-auto-213939,Executor4,Stage3-3-0,0,105,0,9842,280,4452,0,0
1784087036190,nx-q6-nexmark-auto-213939,Executor1,Stage1-2-0,0,9577,9361,29291,15285,1020550,878,504847
1784087036190,nx-q6-nexmark-auto-213939,Executor1,Stage2-2-0,0,4026,141,128446,6985,219524,128,13585
1784087036190,nx-q6-nexmark-auto-213939,Executor1,Stage3-2-0,0,98,0,9762,234,3333,0,0
1784087036249,nx-q6-nexmark-auto-213939,Executor0,Stage0-0-0,0,4997,4997,19957,0,0,3613,558180
1784087036249,nx-q6-nexmark-auto-213939,Executor0,Stage0-1-0,0,4998,4998,22616,0,0,2922,454460
1784087036249,nx-q6-nexmark-auto-213939,Executor0,Stage0-2-0,0,5003,5003,13385,0,0,4233,727727
1784087036249,nx-q6-nexmark-auto-213939,Executor0,Stage0-3-0,0,5002,5002,21675,0,0,3777,607598
1784087037111,nx-q6-nexmark-auto-213939,Executor3,Stage1-0-0,0,5132,5025,8334,4236,543175,737,257089
1784087037111,nx-q6-nexmark-auto-213939,Executor3,Stage2-0-0,0,10300,124,208764,13661,632037,40,3298
1784087037111,nx-q6-nexmark-auto-213939,Executor3,Stage3-0-0,0,351,0,10267,639,16172,0,0
1784087037122,nx-q6-nexmark-auto-213939,Executor2,Stage1-1-0,0,5049,4969,19162,10964,540191,785,375398
1784087037122,nx-q6-nexmark-auto-213939,Executor2,Stage2-1-0,0,3555,156,118146,6918,235773,112,9695
1784087037122,nx-q6-nexmark-auto-213939,Executor2,Stage3-1-0,0,68,0,7243,211,3187,0,0
1784087037152,nx-q6-nexmark-auto-213939,Executor4,Stage1-3-0,0,4486,4399,12782,7400,483537,1871,377287
1784087037152,nx-q6-nexmark-auto-213939,Executor4,Stage2-3-0,0,3495,150,109638,7347,241711,37,8529
1784087037152,nx-q6-nexmark-auto-213939,Executor4,Stage3-3-0,0,59,0,5877,190,2837,0,0
1784087037190,nx-q6-nexmark-auto-213939,Executor1,Stage1-2-0,0,5096,4995,14788,7351,541971,879,381508
1784087037190,nx-q6-nexmark-auto-213939,Executor1,Stage2-2-0,0,3432,157,113338,7013,245993,42,10637
1784087037190,nx-q6-nexmark-auto-213939,Executor1,Stage3-2-0,0,68,0,5898,187,2879,0,0
1784087037249,nx-q6-nexmark-auto-213939,Executor0,Stage0-0-0,0,5003,5003,20529,0,0,2891,612957
1784087037249,nx-q6-nexmark-auto-213939,Executor0,Stage0-1-0,0,5002,5002,20515,0,0,2977,577823
1784087037249,nx-q6-nexmark-auto-213939,Executor0,Stage0-2-0,0,4997,4997,13122,0,0,2911,597195
1784087037249,nx-q6-nexmark-auto-213939,Executor0,Stage0-3-0,0,4998,4998,20631,0,0,2845,573396
1784087038111,nx-q6-nexmark-auto-213939,Executor3,Stage1-0-0,0,4958,4862,8438,4689,530201,455,215093
1784087038111,nx-q6-nexmark-auto-213939,Executor3,Stage2-0-0,0,9504,155,186753,12544,533783,44,3485
1784087038111,nx-q6-nexmark-auto-213939,Executor3,Stage3-0-0,0,377,0,11677,653,16181,0,0
1784087038122,nx-q6-nexmark-auto-213939,Executor2,Stage1-1-0,0,4946,4854,19269,10183,533340,972,384137
1784087038122,nx-q6-nexmark-auto-213939,Executor2,Stage2-1-0,0,3207,161,107692,6748,230543,51,10008
1784087038122,nx-q6-nexmark-auto-213939,Executor2,Stage3-1-0,0,63,0,6381,182,2982,0,0
1784087038152,nx-q6-nexmark-auto-213939,Executor4,Stage1-3-0,0,6028,5902,18238,10522,648601,2219,441804
1784087038152,nx-q6-nexmark-auto-213939,Executor4,Stage2-3-0,0,2871,161,92595,6421,204749,52,10554
1784087038152,nx-q6-nexmark-auto-213939,Executor4,Stage3-3-0,0,75,0,7359,217,3527,0,0
1784087038190,nx-q6-nexmark-auto-213939,Executor1,Stage1-2-0,0,4966,4860,15322,8184,537718,927,385685
1784087038190,nx-q6-nexmark-auto-213939,Executor1,Stage2-2-0,0,2828,167,91634,6025,202662,32,9949
1784087038190,nx-q6-nexmark-auto-213939,Executor1,Stage3-2-0,0,80,0,7630,227,3770,0,0
1784087038249,nx-q6-nexmark-auto-213939,Executor0,Stage0-0-0,0,4997,4997,20610,0,0,2131,560240
1784087038249,nx-q6-nexmark-auto-213939,Executor0,Stage0-1-0,0,4998,4998,21050,0,0,2180,557873
1784087038249,nx-q6-nexmark-auto-213939,Executor0,Stage0-2-0,0,5003,5003,12252,0,0,1557,538723
1784087038249,nx-q6-nexmark-auto-213939,Executor0,Stage0-3-0,0,5002,5002,20444,0,0,1955,549175
1784087039111,nx-q6-nexmark-auto-213939,Executor3,Stage1-0-0,0,4960,4861,7806,3992,530443,397,237983
1784087039111,nx-q6-nexmark-auto-213939,Executor3,Stage2-0-0,0,10379,155,202581,13932,617991,51,3939
1784087039111,nx-q6-nexmark-auto-213939,Executor3,Stage3-0-0,0,421,0,12546,729,19273,0,0
1784087039122,nx-q6-nexmark-auto-213939,Executor2,Stage1-1-0,0,5135,5036,17725,9321,541541,730,390649
1784087039122,nx-q6-nexmark-auto-213939,Executor2,Stage2-1-0,0,3193,136,106701,6825,234932,132,10144
1784087039122,nx-q6-nexmark-auto-213939,Executor2,Stage3-1-0,0,75,0,6695,160,3053,0,0
1784087039152,nx-q6-nexmark-auto-213939,Executor4,Stage1-3-0,0,6130,6004,18116,10769,655941,2097,384926
1784087039152,nx-q6-nexmark-auto-213939,Executor4,Stage2-3-0,0,3086,142,95879,6579,216537,50,10389
1784087039152,nx-q6-nexmark-auto-213939,Executor4,Stage3-3-0,0,80,0,7043,215,3957,0,0
1784087039190,nx-q6-nexmark-auto-213939,Executor1,Stage1-2-0,0,5050,4950,15292,8257,537937,771,382213
1784087039190,nx-q6-nexmark-auto-213939,Executor1,Stage2-2-0,0,3244,142,99687,6528,219296,33,10109
1784087039190,nx-q6-nexmark-auto-213939,Executor1,Stage3-2-0,0,65,0,7373,215,3102,0,0
1784087039249,nx-q6-nexmark-auto-213939,Executor0,Stage0-0-0,0,5003,5003,21616,0,0,1164,601062
1784087039249,nx-q6-nexmark-auto-213939,Executor0,Stage0-1-0,0,5002,5002,22136,0,0,1310,585044
1784087039249,nx-q6-nexmark-auto-213939,Executor0,Stage0-2-0,0,4997,4997,21216,0,0,987,486085
1784087039249,nx-q6-nexmark-auto-213939,Executor0,Stage0-3-0,0,4998,4998,22185,0,0,1212,582366
1784087040111,nx-q6-nexmark-auto-213939,Executor3,Stage1-0-0,0,4996,4899,7637,3851,539118,691,254346
1784087040111,nx-q6-nexmark-auto-213939,Executor3,Stage2-0-0,0,10453,154,207858,14159,645736,65,2044
1784087040111,nx-q6-nexmark-auto-213939,Executor3,Stage3-0-0,0,450,0,11036,672,19482,0,0
1784087040122,nx-q6-nexmark-auto-213939,Executor2,Stage1-1-0,0,4903,4803,15743,8312,522843,1195,371437
1784087040122,nx-q6-nexmark-auto-213939,Executor2,Stage2-1-0,0,3078,146,100384,6430,207153,75,8746
1784087040122,nx-q6-nexmark-auto-213939,Executor2,Stage3-1-0,0,33,0,3139,107,1776,0,0
1784087040152,nx-q6-nexmark-auto-213939,Executor4,Stage1-3-0,0,3774,3707,11344,6629,405966,1887,381721
1784087040152,nx-q6-nexmark-auto-213939,Executor4,Stage2-3-0,0,3440,133,106916,7175,232884,98,6580
1784087040152,nx-q6-nexmark-auto-213939,Executor4,Stage3-3-0,0,38,0,2458,118,1500,0,0
1784087040189,nx-q6-nexmark-auto-213939,Executor1,Stage1-2-0,0,5012,4905,15565,7955,532596,706,383745
1784087040189,nx-q6-nexmark-auto-213939,Executor1,Stage2-2-0,0,3131,133,103354,7056,234148,55,6495
1784087040189,nx-q6-nexmark-auto-213939,Executor1,Stage3-2-0,0,56,0,3651,160,2157,0,0
1784087040249,nx-q6-nexmark-auto-213939,Executor0,Stage0-0-0,0,4997,4997,21229,0,0,814,570243
1784087040249,nx-q6-nexmark-auto-213939,Executor0,Stage0-1-0,0,4998,4998,22334,0,0,744,532028
1784087040249,nx-q6-nexmark-auto-213939,Executor0,Stage0-2-0,0,5003,5003,21036,0,0,974,564384
1784087040249,nx-q6-nexmark-auto-213939,Executor0,Stage0-3-0,0,5002,5002,13051,0,0,950,688046
1784087041111,nx-q6-nexmark-auto-213939,Executor3,Stage1-0-0,0,4995,4888,6768,3904,536671,489,186761
1784087041111,nx-q6-nexmark-auto-213939,Executor3,Stage2-0-0,0,10024,127,201742,11808,543807,106,4054
1784087041111,nx-q6-nexmark-auto-213939,Executor3,Stage3-0-0,0,305,0,6839,377,14122,0,0
1784087041122,nx-q6-nexmark-auto-213939,Executor2,Stage1-1-0,0,4932,4830,15628,7935,530110,590,394429
1784087041122,nx-q6-nexmark-auto-213939,Executor2,Stage2-1-0,0,2135,147,71270,4973,157039,44,9057
1784087041122,nx-q6-nexmark-auto-213939,Executor2,Stage3-1-0,0,89,0,7812,236,4232,0,0
1784087041152,nx-q6-nexmark-auto-213939,Executor4,Stage1-3-0,0,1891,1857,6039,3386,200542,1749,272092
1784087041152,nx-q6-nexmark-auto-213939,Executor4,Stage2-3-0,0,2314,149,75724,5228,174220,46,3188
1784087041152,nx-q6-nexmark-auto-213939,Executor4,Stage3-3-0,0,65,0,4680,287,3919,0,0
1784087041189,nx-q6-nexmark-auto-213939,Executor1,Stage1-2-0,0,5011,4913,15729,8416,538971,696,394341
1784087041189,nx-q6-nexmark-auto-213939,Executor1,Stage2-2-0,0,2418,159,79613,5623,176378,114,11681
1784087041189,nx-q6-nexmark-auto-213939,Executor1,Stage3-2-0,0,66,0,4022,233,3476,0,0
1784087041249,nx-q6-nexmark-auto-213939,Executor0,Stage0-0-0,0,5003,5003,20956,0,0,1249,583114
1784087041249,nx-q6-nexmark-auto-213939,Executor0,Stage0-1-0,0,5002,5002,21079,0,0,1171,592541
1784087041249,nx-q6-nexmark-auto-213939,Executor0,Stage0-2-0,0,4997,4997,22082,0,0,1237,583088
1784087041249,nx-q6-nexmark-auto-213939,Executor0,Stage0-3-0,0,4998,4998,21224,0,0,1046,460882
1784087042111,nx-q6-nexmark-auto-213939,Executor3,Stage1-0-0,0,4959,4864,7626,3241,530351,244,199941
1784087042111,nx-q6-nexmark-auto-213939,Executor3,Stage2-0-0,0,14611,168,215331,13456,910187,25,2703
1784087042111,nx-q6-nexmark-auto-213939,Executor3,Stage3-0-0,0,452,0,9267,489,19386,0,0
1784087042122,nx-q6-nexmark-auto-213939,Executor2,Stage1-1-0,0,7238,7084,27329,14242,773934,1189,495530
1784087042122,nx-q6-nexmark-auto-213939,Executor2,Stage2-1-0,0,3187,92,118525,7235,243193,69,14625
1784087042122,nx-q6-nexmark-auto-213939,Executor2,Stage3-1-0,0,53,0,3346,135,2116,0,0
1784087042152,nx-q6-nexmark-auto-213939,Executor4,Stage1-3-0,0,9586,9408,36903,20829,1023041,2320,532664
1784087042152,nx-q6-nexmark-auto-213939,Executor4,Stage2-3-0,0,2798,106,94024,6022,188053,69,15620
1784087042152,nx-q6-nexmark-auto-213939,Executor4,Stage3-3-0,0,53,0,3689,181,2171,0,0
1784087042190,nx-q6-nexmark-auto-213939,Executor1,Stage1-2-0,0,5035,4922,16141,8784,546206,681,394155
1784087042190,nx-q6-nexmark-auto-213939,Executor1,Stage2-2-0,0,2539,110,91100,6282,186228,37,7887
1784087042190,nx-q6-nexmark-auto-213939,Executor1,Stage3-2-0,0,54,0,3340,177,2538,0,0
1784087042249,nx-q6-nexmark-auto-213939,Executor0,Stage0-0-0,0,4997,4997,10821,0,0,973,699774
1784087042249,nx-q6-nexmark-auto-213939,Executor0,Stage0-1-0,0,4998,4998,20940,0,0,829,581982
1784087042249,nx-q6-nexmark-auto-213939,Executor0,Stage0-2-0,0,5003,5003,23556,0,0,765,566192
1784087042249,nx-q6-nexmark-auto-213939,Executor0,Stage0-3-0,0,5002,5002,20269,0,0,740,565805
1784087043110,nx-q6-nexmark-auto-213939,Executor3,Stage1-0-0,0,5066,4962,7337,732,539639,147,176320
1784087043110,nx-q6-nexmark-auto-213939,Executor3,Stage2-0-0,0,12708,100,162567,9278,745107,21,774
1784087043110,nx-q6-nexmark-auto-213939,Executor3,Stage3-0-0,0,370,0,6807,308,16842,0,0
1784087043122,nx-q6-nexmark-auto-213939,Executor2,Stage1-1-0,0,2679,2634,8853,4701,284235,659,287223
1784087043122,nx-q6-nexmark-auto-213939,Executor2,Stage2-1-0,0,2084,144,75520,5323,153273,26,950
1784087043122,nx-q6-nexmark-auto-213939,Executor2,Stage3-1-0,0,12,0,1348,90,772,0,0
1784087043152,nx-q6-nexmark-auto-213939,Executor4,Stage1-3-0,0,2637,2585,12218,6307,286702,1627,402061
1784087043152,nx-q6-nexmark-auto-213939,Executor4,Stage2-3-0,0,2045,135,77480,6045,166736,117,8316
1784087043152,nx-q6-nexmark-auto-213939,Executor4,Stage3-3-0,0,26,0,2304,310,1068,0,0
1784087043190,nx-q6-nexmark-auto-213939,Executor1,Stage1-2-0,0,5019,4936,18532,9825,531740,1263,395660
1784087043190,nx-q6-nexmark-auto-213939,Executor1,Stage2-2-0,0,2092,143,75026,5457,163294,30,8287
1784087043190,nx-q6-nexmark-auto-213939,Executor1,Stage3-2-0,0,36,0,2229,122,1302,0,0
1784087043249,nx-q6-nexmark-auto-213939,Executor0,Stage0-0-0,0,5003,5003,21039,0,0,1103,478052
1784087043249,nx-q6-nexmark-auto-213939,Executor0,Stage0-1-0,0,5002,5002,21743,0,0,1211,598566
1784087043249,nx-q6-nexmark-auto-213939,Executor0,Stage0-2-0,0,4997,4997,21995,0,0,1274,603792
1784087043249,nx-q6-nexmark-auto-213939,Executor0,Stage0-3-0,0,4998,4998,20541,0,0,1063,593623
1784087044111,nx-q6-nexmark-auto-213939,Executor3,Stage1-0-0,0,4957,4843,6645,608,534388,171,142288
1784087044111,nx-q6-nexmark-auto-213939,Executor3,Stage2-0-0,0,12529,161,155740,8394,696590,72,3062
1784087044111,nx-q6-nexmark-auto-213939,Executor3,Stage3-0-0,0,415,0,7694,355,17873,0,0
1784087044122,nx-q6-nexmark-auto-213939,Executor2,Stage1-1-0,0,5578,5461,26306,13137,595324,1183,417042
1784087044122,nx-q6-nexmark-auto-213939,Executor2,Stage2-1-0,0,1741,101,67699,5034,144135,43,9085
1784087044122,nx-q6-nexmark-auto-213939,Executor2,Stage3-1-0,0,65,0,5249,195,2862,0,0
1784087044152,nx-q6-nexmark-auto-213939,Executor4,Stage1-3-0,0,6602,6476,29164,16161,707332,1521,426433
1784087044152,nx-q6-nexmark-auto-213939,Executor4,Stage2-3-0,0,1629,91,60488,4454,133829,35,7072
1784087044152,nx-q6-nexmark-auto-213939,Executor4,Stage3-3-0,0,42,0,3497,221,2301,0,0
1784087044190,nx-q6-nexmark-auto-213939,Executor1,Stage1-2-0,0,5094,4999,35321,18421,545315,704,373730
1784087044190,nx-q6-nexmark-auto-213939,Executor1,Stage2-2-0,0,1753,107,67653,4530,132961,48,8063
1784087044190,nx-q6-nexmark-auto-213939,Executor1,Stage3-2-0,0,35,0,2494,114,1729,0,0
1784087044249,nx-q6-nexmark-auto-213939,Executor0,Stage0-0-0,0,4997,4997,21533,0,0,1310,596173
1784087044249,nx-q6-nexmark-auto-213939,Executor0,Stage0-1-0,0,4998,4998,21965,0,0,1254,577250
1784087044249,nx-q6-nexmark-auto-213939,Executor0,Stage0-2-0,0,5003,5003,21241,0,0,1364,587148
1784087044249,nx-q6-nexmark-auto-213939,Executor0,Stage0-3-0,0,5002,5002,22443,0,0,1286,567323
1784087045111,nx-q6-nexmark-auto-213939,Executor3,Stage1-0-0,0,5038,4923,7762,4077,539914,390,178245
1784087045111,nx-q6-nexmark-auto-213939,Executor3,Stage2-0-0,0,14944,94,215383,13812,916919,16,825
1784087045111,nx-q6-nexmark-auto-213939,Executor3,Stage3-0-0,0,361,0,7336,370,16569,0,0
1784087045122,nx-q6-nexmark-auto-213939,Executor2,Stage1-1-0,0,5059,4960,25000,12466,539401,1257,402827
1784087045122,nx-q6-nexmark-auto-213939,Executor2,Stage2-1-0,0,2168,98,81815,5887,161673,92,6863
1784087045122,nx-q6-nexmark-auto-213939,Executor2,Stage3-1-0,0,26,0,2182,128,1438,0,0
1784087045152,nx-q6-nexmark-auto-213939,Executor4,Stage1-3-0,0,5081,4974,23554,12962,544689,2067,408195
1784087045152,nx-q6-nexmark-auto-213939,Executor4,Stage2-3-0,0,2152,103,80574,5890,165123,38,6446
1784087045152,nx-q6-nexmark-auto-213939,Executor4,Stage3-3-0,0,26,0,1900,84,1011,0,0
1784087045190,nx-q6-nexmark-auto-213939,Executor1,Stage1-2-0,0,4956,4841,34761,18453,531791,932,459699
1784087045190,nx-q6-nexmark-auto-213939,Executor1,Stage2-2-0,0,2113,90,51575,2703,161892,30,6262
1784087045190,nx-q6-nexmark-auto-213939,Executor1,Stage3-2-0,0,24,0,1111,39,958,0,0
1784087045249,nx-q6-nexmark-auto-213939,Executor0,Stage0-0-0,0,5003,5003,22179,0,0,945,576422
1784087045249,nx-q6-nexmark-auto-213939,Executor0,Stage0-1-0,0,5002,5002,21140,0,0,942,567726
1784087045249,nx-q6-nexmark-auto-213939,Executor0,Stage0-2-0,0,4997,4997,21672,0,0,1228,591024
1784087045249,nx-q6-nexmark-auto-213939,Executor0,Stage0-3-0,0,4998,4998,21847,0,0,735,576560
1784087046110,nx-q6-nexmark-auto-213939,Executor3,Stage1-0-0,0,4975,4885,7047,689,533941,395,171867
1784087046110,nx-q6-nexmark-auto-213939,Executor3,Stage2-0-0,0,12689,100,161278,8309,743132,20,1213
1784087046110,nx-q6-nexmark-auto-213939,Executor3,Stage3-0-0,0,397,0,7182,277,18717,0,0
1784087046122,nx-q6-nexmark-auto-213939,Executor2,Stage1-1-0,0,4417,4339,20978,10809,468979,769,405376
1784087046122,nx-q6-nexmark-auto-213939,Executor2,Stage2-1-0,0,2087,101,77799,5489,159414,67,6676
1784087046122,nx-q6-nexmark-auto-213939,Executor2,Stage3-1-0,0,15,0,1388,74,776,0,0
1784087046152,nx-q6-nexmark-auto-213939,Executor4,Stage1-3-0,0,3978,3897,19314,10222,425384,1997,400424
1784087046152,nx-q6-nexmark-auto-213939,Executor4,Stage2-3-0,0,2083,91,76289,5730,157645,39,5119
1784087046152,nx-q6-nexmark-auto-213939,Executor4,Stage3-3-0,0,25,0,1950,73,940,0,0
1784087046190,nx-q6-nexmark-auto-213939,Executor1,Stage1-2-0,0,5048,4951,30547,16110,537571,730,365688
1784087046190,nx-q6-nexmark-auto-213939,Executor1,Stage2-2-0,0,2014,102,71390,5180,158648,12,5221
1784087046190,nx-q6-nexmark-auto-213939,Executor1,Stage3-2-0,0,23,0,1562,60,673,0,0
1784087046249,nx-q6-nexmark-auto-213939,Executor0,Stage0-0-0,0,4997,4997,21541,0,0,1236,562700
1784087046249,nx-q6-nexmark-auto-213939,Executor0,Stage0-1-0,0,4998,4998,21078,0,0,1296,584439
1784087046249,nx-q6-nexmark-auto-213939,Executor0,Stage0-2-0,0,5003,5003,20868,0,0,1394,581822
1784087046249,nx-q6-nexmark-auto-213939,Executor0,Stage0-3-0,0,5002,5002,20434,0,0,1275,590583
1784087047110,nx-q6-nexmark-auto-213939,Executor3,Stage1-0-0,0,4930,4847,6746,605,527972,367,150159
1784087047110,nx-q6-nexmark-auto-213939,Executor3,Stage2-0-0,0,14141,105,169871,9609,829666,39,2910
1784087047110,nx-q6-nexmark-auto-213939,Executor3,Stage3-0-0,0,194,0,4475,222,7776,0,0
1784087047122,nx-q6-nexmark-auto-213939,Executor2,Stage1-1-0,0,5237,5118,26117,13043,566228,726,418171
1784087047122,nx-q6-nexmark-auto-213939,Executor2,Stage2-1-0,0,1798,92,69408,5037,139507,32,5827
1784087047122,nx-q6-nexmark-auto-213939,Executor2,Stage3-1-0,0,64,0,4556,200,2588,0,0
1784087047152,nx-q6-nexmark-auto-213939,Executor4,Stage1-3-0,0,4897,4791,21974,11988,524554,1561,405167
1784087047152,nx-q6-nexmark-auto-213939,Executor4,Stage2-3-0,0,1843,77,69382,4940,145901,77,5538
1784087047152,nx-q6-nexmark-auto-213939,Executor4,Stage3-3-0,0,31,0,2308,131,1571,0,0
1784087047190,nx-q6-nexmark-auto-213939,Executor1,Stage1-2-0,0,5035,4936,37107,25967,536886,701,410845
1784087047190,nx-q6-nexmark-auto-213939,Executor1,Stage2-2-0,0,1814,87,75643,4917,145554,40,5650
1784087047190,nx-q6-nexmark-auto-213939,Executor1,Stage3-2-0,0,38,0,2640,129,1844,0,0
1784087047249,nx-q6-nexmark-auto-213939,Executor0,Stage0-0-0,0,5003,5003,20786,0,0,1166,597624
1784087047249,nx-q6-nexmark-auto-213939,Executor0,Stage0-1-0,0,5002,5002,22010,0,0,1153,567619
1784087047249,nx-q6-nexmark-auto-213939,Executor0,Stage0-2-0,0,4997,4997,21002,0,0,1137,566861
1784087047249,nx-q6-nexmark-auto-213939,Executor0,Stage0-3-0,0,4998,4998,20777,0,0,1158,574409
1784087048110,nx-q6-nexmark-auto-213939,Executor3,Stage1-0-0,0,5105,4999,7708,575,550302,745,234993
1784087048110,nx-q6-nexmark-auto-213939,Executor3,Stage2-0-0,0,12732,95,166152,8432,793434,94,1321
1784087048110,nx-q6-nexmark-auto-213939,Executor3,Stage3-0-0,0,337,0,6265,257,15412,0,0
1784087048122,nx-q6-nexmark-auto-213939,Executor2,Stage1-1-0,0,6778,6629,29733,15246,728477,902,415842
1784087048122,nx-q6-nexmark-auto-213939,Executor2,Stage2-1-0,0,2971,100,101466,6647,208268,57,10352
1784087048122,nx-q6-nexmark-auto-213939,Executor2,Stage3-1-0,0,34,0,2231,85,1364,0,0
1784087048152,nx-q6-nexmark-auto-213939,Executor4,Stage1-3-0,0,6732,6615,23073,13490,716961,775,390981
1784087048152,nx-q6-nexmark-auto-213939,Executor4,Stage2-3-0,0,3679,97,111155,6497,209853,127,5301
1784087048152,nx-q6-nexmark-auto-213939,Executor4,Stage3-3-0,0,28,0,1952,83,1159,0,0
1784087048190,nx-q6-nexmark-auto-213939,Executor1,Stage1-2-0,0,4940,4849,14803,8005,528217,643,422594
1784087048190,nx-q6-nexmark-auto-213939,Executor1,Stage2-2-0,0,3233,103,102553,6894,204502,73,5374
1784087048190,nx-q6-nexmark-auto-213939,Executor1,Stage3-2-0,0,30,0,1947,316,1189,0,0
1784087048249,nx-q6-nexmark-auto-213939,Executor0,Stage0-0-0,0,4997,4997,21962,0,0,1350,578908
1784087048249,nx-q6-nexmark-auto-213939,Executor0,Stage0-1-0,0,4998,4998,21399,0,0,1424,589225
1784087048249,nx-q6-nexmark-auto-213939,Executor0,Stage0-2-0,0,5003,5003,22257,0,0,1315,592274
1784087048249,nx-q6-nexmark-auto-213939,Executor0,Stage0-3-0,0,5002,5002,21414,0,0,1506,579281
1784087049110,nx-q6-nexmark-auto-213939,Executor3,Stage1-0-0,0,4985,4888,7868,954,529629,640,211861
1784087049110,nx-q6-nexmark-auto-213939,Executor3,Stage2-0-0,0,11126,105,150218,8159,658270,34,3019
1784087049110,nx-q6-nexmark-auto-213939,Executor3,Stage3-0-0,0,252,0,5607,227,11112,0,0
1784087049121,nx-q6-nexmark-auto-213939,Executor2,Stage1-1-0,0,4039,3941,14077,7388,432254,633,351516
1784087049121,nx-q6-nexmark-auto-213939,Executor2,Stage2-1-0,0,2791,154,91949,6127,197335,48,1871
1784087049121,nx-q6-nexmark-auto-213939,Executor2,Stage3-1-0,0,67,0,3483,139,2609,0,0
1784087049152,nx-q6-nexmark-auto-213939,Executor4,Stage1-3-0,0,5105,5002,16221,9173,546014,1935,406644
1784087049152,nx-q6-nexmark-auto-213939,Executor4,Stage2-3-0,0,2401,140,83633,6721,199297,63,7419
1784087049152,nx-q6-nexmark-auto-213939,Executor4,Stage3-3-0,0,53,0,3072,116,2132,0,0
1784087049190,nx-q6-nexmark-auto-213939,Executor1,Stage1-2-0,0,4926,4823,15370,8252,528626,589,395181
1784087049190,nx-q6-nexmark-auto-213939,Executor1,Stage2-2-0,0,2827,141,94445,6240,201385,96,7630
1784087049190,nx-q6-nexmark-auto-213939,Executor1,Stage3-2-0,0,65,0,3902,179,2700,0,0
1784087049249,nx-q6-nexmark-auto-213939,Executor0,Stage0-0-0,0,5003,5003,21259,0,0,1816,578269
1784087049249,nx-q6-nexmark-auto-213939,Executor0,Stage0-1-0,0,5002,5002,21627,0,0,1743,564592
1784087049249,nx-q6-nexmark-auto-213939,Executor0,Stage0-2-0,0,4997,4997,20771,0,0,1798,578189
1784087049249,nx-q6-nexmark-auto-213939,Executor0,Stage0-3-0,0,4998,4998,10410,0,0,2208,643396
1784087050110,nx-q6-nexmark-auto-213939,Executor3,Stage1-0-0,0,4912,4820,7894,721,526814,633,226783
1784087050110,nx-q6-nexmark-auto-213939,Executor3,Stage2-0-0,0,10768,155,147290,7963,641502,101,4213
1784087050110,nx-q6-nexmark-auto-213939,Executor3,Stage3-0-0,0,256,0,5620,254,9549,0,0
1784087050122,nx-q6-nexmark-auto-213939,Executor2,Stage1-1-0,0,5105,5019,17195,8973,549236,750,389179
1784087050122,nx-q6-nexmark-auto-213939,Executor2,Stage2-1-0,0,2944,132,92307,6253,209457,111,9148
1784087050122,nx-q6-nexmark-auto-213939,Executor2,Stage3-1-0,0,81,0,4700,202,4025,0,0
1784087050152,nx-q6-nexmark-auto-213939,Executor4,Stage1-3-0,0,4972,4873,15545,9077,532729,1921,388405
1784087050152,nx-q6-nexmark-auto-213939,Executor4,Stage2-3-0,0,3077,128,93628,5993,203296,105,9057
1784087050152,nx-q6-nexmark-auto-213939,Executor4,Stage3-3-0,0,80,0,4265,197,3792,0,0
1784087050189,nx-q6-nexmark-auto-213939,Executor1,Stage1-2-0,0,4980,4882,15395,8479,530141,982,362971
1784087050189,nx-q6-nexmark-auto-213939,Executor1,Stage2-2-0,0,3143,144,98203,6178,211323,84,9775
1784087050189,nx-q6-nexmark-auto-213939,Executor1,Stage3-2-0,0,75,0,4102,204,3798,0,0
1784087050249,nx-q6-nexmark-auto-213939,Executor0,Stage0-0-0,0,4997,4997,28879,0,0,1375,516433
1784087050249,nx-q6-nexmark-auto-213939,Executor0,Stage0-1-0,0,4998,4998,29490,0,0,1477,504268
1784087050249,nx-q6-nexmark-auto-213939,Executor0,Stage0-2-0,0,5003,5003,21360,0,0,1513,561340
1784087050249,nx-q6-nexmark-auto-213939,Executor0,Stage0-3-0,0,5002,5002,8554,0,0,1563,695694
1784087051110,nx-q6-nexmark-auto-213939,Executor3,Stage1-0-0,0,5018,4913,8554,821,536563,914,268410
1784087051110,nx-q6-nexmark-auto-213939,Executor3,Stage2-0-0,0,9400,168,137402,6998,578526,31,2723
1784087051110,nx-q6-nexmark-auto-213939,Executor3,Stage3-0-0,0,457,0,7485,364,21522,0,0
1784087051122,nx-q6-nexmark-auto-213939,Executor2,Stage1-1-0,0,3865,3785,11830,6517,414011,699,376242
1784087051122,nx-q6-nexmark-auto-213939,Executor2,Stage2-1-0,0,3356,151,105086,6919,220884,40,8286
1784087051122,nx-q6-nexmark-auto-213939,Executor2,Stage3-1-0,0,34,0,2139,110,2091,0,0
1784087051152,nx-q6-nexmark-auto-213939,Executor4,Stage1-3-0,0,3775,3707,11775,6743,404486,1737,375372
1784087051152,nx-q6-nexmark-auto-213939,Executor4,Stage2-3-0,0,3146,158,102374,7249,251418,86,9048
1784087051152,nx-q6-nexmark-auto-213939,Executor4,Stage3-3-0,0,66,0,3955,158,2975,0,0
1784087051190,nx-q6-nexmark-auto-213939,Executor1,Stage1-2-0,0,5001,4900,14692,7706,537757,740,377826
1784087051190,nx-q6-nexmark-auto-213939,Executor1,Stage2-2-0,0,3522,138,109960,7220,249261,70,8409
1784087051190,nx-q6-nexmark-auto-213939,Executor1,Stage3-2-0,0,57,0,3279,117,2064,0,0
1784087051249,nx-q6-nexmark-auto-213939,Executor0,Stage0-0-0,0,5003,5003,20545,0,0,1591,665964
1784087051249,nx-q6-nexmark-auto-213939,Executor0,Stage0-1-0,0,5002,5002,23132,0,0,1714,659025
1784087051249,nx-q6-nexmark-auto-213939,Executor0,Stage0-2-0,0,4997,4997,27433,0,0,1126,554247
1784087051249,nx-q6-nexmark-auto-213939,Executor0,Stage0-3-0,0,4998,4998,27370,0,0,735,323912
1784087052111,nx-q6-nexmark-auto-213939,Executor3,Stage1-0-0,0,5015,4911,8155,1949,533546,678,227655
1784087052111,nx-q6-nexmark-auto-213939,Executor3,Stage2-0-0,0,9837,117,144573,8367,566678,126,4164
1784087052111,nx-q6-nexmark-auto-213939,Executor3,Stage3-0-0,0,379,0,6892,326,17336,0,0
1784087052121,nx-q6-nexmark-auto-213939,Executor2,Stage1-1-0,0,4918,4811,14932,7842,527662,630,370807
1784087052121,nx-q6-nexmark-auto-213939,Executor2,Stage2-1-0,0,3081,172,96607,6416,211434,88,8884
1784087052121,nx-q6-nexmark-auto-213939,Executor2,Stage3-1-0,0,78,0,4269,184,3226,0,0
1784087052152,nx-q6-nexmark-auto-213939,Executor4,Stage1-3-0,0,6278,6172,18100,10703,675330,1880,398784
1784087052152,nx-q6-nexmark-auto-213939,Executor4,Stage2-3-0,0,3080,175,92017,6280,207778,114,10162
1784087052152,nx-q6-nexmark-auto-213939,Executor4,Stage3-3-0,0,71,0,3822,189,3117,0,0
1784087052189,nx-q6-nexmark-auto-213939,Executor1,Stage1-2-0,0,3868,3804,21462,11825,413841,940,367062
1784087052189,nx-q6-nexmark-auto-213939,Executor1,Stage2-2-0,0,2302,162,102959,8680,214707,93,9592
1784087052189,nx-q6-nexmark-auto-213939,Executor1,Stage3-2-0,0,63,0,4405,186,2958,0,0
1784087052249,nx-q6-nexmark-auto-213939,Executor0,Stage0-0-0,0,4997,4997,16241,0,0,455,566761
1784087052249,nx-q6-nexmark-auto-213939,Executor0,Stage0-1-0,0,4998,4998,17147,0,0,431,549428
1784087052249,nx-q6-nexmark-auto-213939,Executor0,Stage0-2-0,0,5003,5003,15843,0,0,438,613698
1784087052249,nx-q6-nexmark-auto-213939,Executor0,Stage0-3-0,0,5002,5002,17771,0,0,513,613480
1784087053110,nx-q6-nexmark-auto-213939,Executor3,Stage1-0-0,0,5037,4918,8510,869,541598,871,272063
1784087053110,nx-q6-nexmark-auto-213939,Executor3,Stage2-0-0,0,9021,155,136004,7027,549965,92,3943
1784087053110,nx-q6-nexmark-auto-213939,Executor3,Stage3-0-0,0,423,0,8406,440,19510,0,0
1784087053122,nx-q6-nexmark-auto-213939,Executor2,Stage1-1-0,0,4961,4851,15457,8301,527197,747,358852
1784087053122,nx-q6-nexmark-auto-213939,Executor2,Stage2-1-0,0,3571,145,110055,7238,239039,62,10812
1784087053122,nx-q6-nexmark-auto-213939,Executor2,Stage3-1-0,0,81,0,4480,184,3852,0,0
1784087053152,nx-q6-nexmark-auto-213939,Executor4,Stage1-3-0,0,3630,3557,10956,6401,395219,2013,380171
1784087053152,nx-q6-nexmark-auto-213939,Executor4,Stage2-3-0,0,3613,146,107842,7302,243368,112,10459
1784087053152,nx-q6-nexmark-auto-213939,Executor4,Stage3-3-0,0,71,0,4751,223,3386,0,0
1784087053190,nx-q6-nexmark-auto-213939,Executor1,Stage1-2-0,0,6133,6012,19914,10521,652515,1119,393704
1784087053190,nx-q6-nexmark-auto-213939,Executor1,Stage2-2-0,0,4458,129,128350,7546,254022,97,8827
1784087053190,nx-q6-nexmark-auto-213939,Executor1,Stage3-2-0,0,87,0,4803,198,4010,0,0
1784087053249,nx-q6-nexmark-auto-213939,Executor0,Stage0-0-0,0,5003,5003,16887,0,0,486,582445
1784087053249,nx-q6-nexmark-auto-213939,Executor0,Stage0-1-0,0,5002,5002,17553,0,0,627,578190
1784087053249,nx-q6-nexmark-auto-213939,Executor0,Stage0-2-0,0,4997,4997,16744,0,0,555,600590
1784087053249,nx-q6-nexmark-auto-213939,Executor0,Stage0-3-0,0,4998,4998,17738,0,0,628,583143
1784087054110,nx-q6-nexmark-auto-213939,Executor3,Stage1-0-0,0,4961,4857,7951,1601,527212,730,225873
1784087054110,nx-q6-nexmark-auto-213939,Executor3,Stage2-0-0,0,9711,134,147320,8254,563433,29,2444
1784087054110,nx-q6-nexmark-auto-213939,Executor3,Stage3-0-0,0,309,0,6036,316,12525,0,0
1784087054122,nx-q6-nexmark-auto-213939,Executor2,Stage1-1-0,0,5349,5245,16732,8877,572668,648,378102
1784087054122,nx-q6-nexmark-auto-213939,Executor2,Stage2-1-0,0,3474,165,104850,6940,248124,98,9446
1784087054122,nx-q6-nexmark-auto-213939,Executor2,Stage3-1-0,0,57,0,3358,117,2187,0,0
1784087054152,nx-q6-nexmark-auto-213939,Executor4,Stage1-3-0,0,6310,6198,18650,10939,676769,1813,391797
1784087054152,nx-q6-nexmark-auto-213939,Executor4,Stage2-3-0,0,3284,161,97589,6404,216395,102,10221
1784087054152,nx-q6-nexmark-auto-213939,Executor4,Stage3-3-0,0,53,0,3686,165,2245,0,0
1784087054189,nx-q6-nexmark-auto-213939,Executor1,Stage1-2-0,0,5131,5043,16178,8805,546716,602,365498
1784087054189,nx-q6-nexmark-auto-213939,Executor1,Stage2-2-0,0,2894,180,96389,6731,217909,132,11183
1784087054189,nx-q6-nexmark-auto-213939,Executor1,Stage3-2-0,0,48,0,3237,136,2443,0,0
1784087054249,nx-q6-nexmark-auto-213939,Executor0,Stage0-0-0,0,4997,4997,15997,0,0,399,568883
1784087054249,nx-q6-nexmark-auto-213939,Executor0,Stage0-1-0,0,4998,4998,16664,0,0,380,553335
1784087054249,nx-q6-nexmark-auto-213939,Executor0,Stage0-2-0,0,5003,5003,16273,0,0,436,581837
1784087054249,nx-q6-nexmark-auto-213939,Executor0,Stage0-3-0,0,5002,5002,16160,0,0,447,555775
1784087055110,nx-q6-nexmark-auto-213939,Executor3,Stage1-0-0,0,4962,4844,7299,807,536348,535,186678
1784087055110,nx-q6-nexmark-auto-213939,Executor3,Stage2-0-0,0,11525,185,149755,8926,655436,35,3608
1784087055110,nx-q6-nexmark-auto-213939,Executor3,Stage3-0-0,0,457,0,7144,363,19342,0,0
1784087055122,nx-q6-nexmark-auto-213939,Executor2,Stage1-1-0,0,4671,4570,14987,7745,495523,1177,394839
1784087055122,nx-q6-nexmark-auto-213939,Executor2,Stage2-1-0,0,2163,164,76444,5413,162469,59,10349
1784087055122,nx-q6-nexmark-auto-213939,Executor2,Stage3-1-0,0,63,0,4245,222,3382,0,0
1784087055152,nx-q6-nexmark-auto-213939,Executor4,Stage1-3-0,0,2570,2517,12225,6547,278775,1741,387386
1784087055152,nx-q6-nexmark-auto-213939,Executor4,Stage2-3-0,0,2162,170,79621,6101,178956,94,11439
1784087055152,nx-q6-nexmark-auto-213939,Executor4,Stage3-3-0,0,57,0,3803,198,3054,0,0
1784087055190,nx-q6-nexmark-auto-213939,Executor1,Stage1-2-0,0,5053,4953,16881,9787,539490,622,411842
1784087055190,nx-q6-nexmark-auto-213939,Executor1,Stage2-2-0,0,2276,163,78883,5701,176226,67,11543
1784087055190,nx-q6-nexmark-auto-213939,Executor1,Stage3-2-0,0,52,0,3406,169,2414,0,0
1784087055249,nx-q6-nexmark-auto-213939,Executor0,Stage0-0-0,0,5003,5003,12907,0,0,858,623998
1784087055249,nx-q6-nexmark-auto-213939,Executor0,Stage0-1-0,0,5002,5002,17214,0,0,839,586230
1784087055249,nx-q6-nexmark-auto-213939,Executor0,Stage0-2-0,0,4997,4997,16252,0,0,812,589238
1784087055249,nx-q6-nexmark-auto-213939,Executor0,Stage0-3-0,0,4998,4998,16322,0,0,748,588209
1784087056110,nx-q6-nexmark-auto-213939,Executor3,Stage1-0-0,0,4995,4885,6989,568,533357,339,170613
1784087056110,nx-q6-nexmark-auto-213939,Executor3,Stage2-0-0,0,12396,160,154687,8778,710990,71,2291
1784087056110,nx-q6-nexmark-auto-213939,Executor3,Stage3-0-0,0,526,0,7834,613,23843,0,0
1784087056122,nx-q6-nexmark-auto-213939,Executor2,Stage1-1-0,0,4999,4906,22360,11390,536025,1078,398209
1784087056122,nx-q6-nexmark-auto-213939,Executor2,Stage2-1-0,0,2225,109,83232,5868,175899,66,10371
1784087056122,nx-q6-nexmark-auto-213939,Executor2,Stage3-1-0,0,65,0,4279,164,2895,0,0
1784087056152,nx-q6-nexmark-auto-213939,Executor4,Stage1-3-0,0,6268,6139,32050,17725,673990,1714,422851
1784087056152,nx-q6-nexmark-auto-213939,Executor4,Stage2-3-0,0,2108,112,79984,5644,162863,104,9035
1784087056152,nx-q6-nexmark-auto-213939,Executor4,Stage3-3-0,0,34,0,2911,160,1681,0,0
1784087056190,nx-q6-nexmark-auto-213939,Executor1,Stage1-2-0,0,5078,4977,29279,15662,542598,640,366260
1784087056190,nx-q6-nexmark-auto-213939,Executor1,Stage2-2-0,0,2070,125,76494,5261,157582,38,9723
1784087056190,nx-q6-nexmark-auto-213939,Executor1,Stage3-2-0,0,29,0,2324,115,1658,0,0
1784087056249,nx-q6-nexmark-auto-213939,Executor0,Stage0-0-0,0,4997,4997,16698,0,0,444,540034
1784087056249,nx-q6-nexmark-auto-213939,Executor0,Stage0-1-0,0,4998,4998,17585,0,0,346,560834
1784087056249,nx-q6-nexmark-auto-213939,Executor0,Stage0-2-0,0,5003,5003,10992,0,0,572,615057
1784087056249,nx-q6-nexmark-auto-213939,Executor0,Stage0-3-0,0,5002,5002,17300,0,0,453,566033
1784087057110,nx-q6-nexmark-auto-213939,Executor3,Stage1-0-0,0,4958,4865,6686,606,529721,445,167454
1784087057110,nx-q6-nexmark-auto-213939,Executor3,Stage2-0-0,0,14135,121,166836,9527,839020,22,912
1784087057110,nx-q6-nexmark-auto-213939,Executor3,Stage3-0-0,0,442,0,6473,337,19983,0,0
1784087057122,nx-q6-nexmark-auto-213939,Executor2,Stage1-1-0,0,5502,5387,27903,14153,590420,801,407961
1784087057122,nx-q6-nexmark-auto-213939,Executor2,Stage2-1-0,0,1898,119,70852,5292,147385,28,7597
1784087057122,nx-q6-nexmark-auto-213939,Executor2,Stage3-1-0,0,17,0,1742,100,773,0,0
1784087057152,nx-q6-nexmark-auto-213939,Executor4,Stage1-3-0,0,5281,5189,26985,14601,560488,1671,413377
1784087057152,nx-q6-nexmark-auto-213939,Executor4,Stage2-3-0,0,1899,121,76883,5530,152894,103,7814
1784087057152,nx-q6-nexmark-auto-213939,Executor4,Stage3-3-0,0,16,0,1555,76,695,0,0
1784087057190,nx-q6-nexmark-auto-213939,Executor1,Stage1-2-0,0,4903,4790,34498,18387,521757,797,419511
1784087057190,nx-q6-nexmark-auto-213939,Executor1,Stage2-2-0,0,1821,104,72094,5043,152193,36,7019
1784087057190,nx-q6-nexmark-auto-213939,Executor1,Stage3-2-0,0,14,0,1208,75,585,0,0
1784087057249,nx-q6-nexmark-auto-213939,Executor0,Stage0-0-0,0,5003,5003,17691,0,0,1072,564479
1784087057249,nx-q6-nexmark-auto-213939,Executor0,Stage0-1-0,0,5002,5002,18822,0,0,1109,605645
1784087057249,nx-q6-nexmark-auto-213939,Executor0,Stage0-2-0,0,4997,4997,18171,0,0,1011,518869
1784087057249,nx-q6-nexmark-auto-213939,Executor0,Stage0-3-0,0,4998,4998,18487,0,0,1336,609660
1784087058111,nx-q6-nexmark-auto-213939,Executor3,Stage1-0-0,0,5023,4923,7432,4677,544108,213,142365
1784087058111,nx-q6-nexmark-auto-213939,Executor3,Stage2-0-0,0,14504,117,187415,10452,837967,20,892
1784087058111,nx-q6-nexmark-auto-213939,Executor3,Stage3-0-0,0,444,0,6696,322,20301,0,0
1784087058122,nx-q6-nexmark-auto-213939,Executor2,Stage1-1-0,0,5849,5743,31726,15578,629398,807,422563
1784087058122,nx-q6-nexmark-auto-213939,Executor2,Stage2-1-0,0,1570,93,60762,4673,131367,49,7988
1784087058122,nx-q6-nexmark-auto-213939,Executor2,Stage3-1-0,0,33,0,2397,113,1387,0,0
1784087058152,nx-q6-nexmark-auto-213939,Executor4,Stage1-3-0,0,5987,5865,28281,15392,639018,1556,435250
1784087058152,nx-q6-nexmark-auto-213939,Executor4,Stage2-3-0,0,1598,97,61157,4579,130196,40,6196
1784087058152,nx-q6-nexmark-auto-213939,Executor4,Stage3-3-0,0,21,0,1861,95,866,0,0
1784087058190,nx-q6-nexmark-auto-213939,Executor1,Stage1-2-0,0,5019,4918,35528,19052,533623,787,442114
1784087058190,nx-q6-nexmark-auto-213939,Executor1,Stage2-2-0,0,1621,101,58084,4434,131494,35,7222
1784087058190,nx-q6-nexmark-auto-213939,Executor1,Stage3-2-0,0,20,0,1570,69,841,0,0
1784087058249,nx-q6-nexmark-auto-213939,Executor0,Stage0-0-0,0,4997,4997,16897,0,0,894,625766
1784087058249,nx-q6-nexmark-auto-213939,Executor0,Stage0-1-0,0,4998,4998,17992,0,0,895,551650
1784087058249,nx-q6-nexmark-auto-213939,Executor0,Stage0-2-0,0,5003,5003,17732,0,0,729,577629
1784087058249,nx-q6-nexmark-auto-213939,Executor0,Stage0-3-0,0,5002,5002,17640,0,0,795,553139
1784087059110,nx-q6-nexmark-auto-213939,Executor3,Stage1-0-0,0,4922,4812,6825,708,526309,259,144037
1784087059110,nx-q6-nexmark-auto-213939,Executor3,Stage2-0-0,0,15246,100,166733,10447,914792,22,1339
1784087059110,nx-q6-nexmark-auto-213939,Executor3,Stage3-0-0,0,371,0,5117,238,17380,0,0
1784087059122,nx-q6-nexmark-auto-213939,Executor2,Stage1-1-0,0,4947,4859,26319,12615,528673,829,432396
1784087059122,nx-q6-nexmark-auto-213939,Executor2,Stage2-1-0,0,1667,86,63212,5149,135112,63,10396
1784087059122,nx-q6-nexmark-auto-213939,Executor2,Stage3-1-0,0,22,0,1940,263,901,0,0
1784087059152,nx-q6-nexmark-auto-213939,Executor4,Stage1-3-0,0,4400,4317,20517,11133,469016,1638,419870
1784087059152,nx-q6-nexmark-auto-213939,Executor4,Stage2-3-0,0,1665,101,71701,5580,141004,97,6689
1784087059152,nx-q6-nexmark-auto-213939,Executor4,Stage3-3-0,0,16,0,1395,84,614,0,0
1784087059190,nx-q6-nexmark-auto-213939,Executor1,Stage1-2-0,0,4935,4827,34568,18430,528577,953,404016
1784087059190,nx-q6-nexmark-auto-213939,Executor1,Stage2-2-0,0,1817,79,66201,4580,138211,22,4958
1784087059190,nx-q6-nexmark-auto-213939,Executor1,Stage3-2-0,0,28,0,2163,125,1440,0,0
1784087059249,nx-q6-nexmark-auto-213939,Executor0,Stage0-0-0,0,5003,5003,16670,0,0,1038,572041
1784087059249,nx-q6-nexmark-auto-213939,Executor0,Stage0-1-0,0,5002,5002,18339,0,0,1079,582774
1784087059249,nx-q6-nexmark-auto-213939,Executor0,Stage0-2-0,0,4997,4997,17363,0,0,965,582953
1784087059249,nx-q6-nexmark-auto-213939,Executor0,Stage0-3-0,0,4998,4998,17799,0,0,1120,566495
1784087060110,nx-q6-nexmark-auto-213939,Executor3,Stage1-0-0,0,5104,5001,6834,846,547319,253,177786
1784087060110,nx-q6-nexmark-auto-213939,Executor3,Stage2-0-0,0,13447,97,159432,9067,793435,22,1771
1784087060110,nx-q6-nexmark-auto-213939,Executor3,Stage3-0-0,0,266,0,4507,240,11652,0,0
1784087060122,nx-q6-nexmark-auto-213939,Executor2,Stage1-1-0,0,4542,4450,22596,11535,487417,714,396226
1784087060122,nx-q6-nexmark-auto-213939,Executor2,Stage2-1-0,0,2192,73,82945,5954,164789,83,997
1784087060122,nx-q6-nexmark-auto-213939,Executor2,Stage3-1-0,0,34,0,2455,173,1368,0,0
1784087060152,nx-q6-nexmark-auto-213939,Executor4,Stage1-3-0,0,4068,3981,18497,10175,437253,1545,408596
1784087060152,nx-q6-nexmark-auto-213939,Executor4,Stage2-3-0,0,2196,79,86176,6319,162209,143,3924
1784087060152,nx-q6-nexmark-auto-213939,Executor4,Stage3-3-0,0,35,0,2455,104,1356,0,0
1784087060190,nx-q6-nexmark-auto-213939,Executor1,Stage1-2-0,0,5021,4922,34132,18859,538218,730,386200
1784087060190,nx-q6-nexmark-auto-213939,Executor1,Stage2-2-0,0,2366,64,92335,5241,160908,20,3431
1784087060190,nx-q6-nexmark-auto-213939,Executor1,Stage3-2-0,0,24,0,1837,86,1022,0,0
1784087060249,nx-q6-nexmark-auto-213939,Executor0,Stage0-0-0,0,4997,4997,16310,0,0,587,573743
1784087060249,nx-q6-nexmark-auto-213939,Executor0,Stage0-1-0,0,4998,4998,16944,0,0,702,565205
1784087060249,nx-q6-nexmark-auto-213939,Executor0,Stage0-2-0,0,5003,5003,15133,0,0,610,607747
1784087060249,nx-q6-nexmark-auto-213939,Executor0,Stage0-3-0,0,5002,5002,16945,0,0,548,569545
1784087061110,nx-q6-nexmark-auto-213939,Executor3,Stage1-0-0,0,5074,4980,8322,815,543023,347,226456
1784087061110,nx-q6-nexmark-auto-213939,Executor3,Stage2-0-0,0,11958,110,152523,8682,738860,32,2245
1784087061110,nx-q6-nexmark-auto-213939,Executor3,Stage3-0-0,0,207,0,3736,164,9323,0,0
1784087061122,nx-q6-nexmark-auto-213939,Executor2,Stage1-1-0,0,6277,6154,27737,14270,668568,885,494141
1784087061122,nx-q6-nexmark-auto-213939,Executor2,Stage2-1-0,0,2891,120,97777,6648,204260,116,9846
1784087061122,nx-q6-nexmark-auto-213939,Executor2,Stage3-1-0,0,45,0,2706,111,1856,0,0
1784087061152,nx-q6-nexmark-auto-213939,Executor4,Stage1-3-0,0,6513,6375,22928,13598,699403,1691,373912
1784087061152,nx-q6-nexmark-auto-213939,Executor4,Stage2-3-0,0,3687,117,110729,6434,204560,104,7474
1784087061152,nx-q6-nexmark-auto-213939,Executor4,Stage3-3-0,0,42,0,2418,128,1662,0,0
1784087061190,nx-q6-nexmark-auto-213939,Executor1,Stage1-2-0,0,4994,4889,15700,8945,532748,857,421567
1784087061190,nx-q6-nexmark-auto-213939,Executor1,Stage2-2-0,0,2928,99,100751,7071,202980,40,5852
1784087061190,nx-q6-nexmark-auto-213939,Executor1,Stage3-2-0,0,37,0,2518,126,1811,0,0
1784087061249,nx-q6-nexmark-auto-213939,Executor0,Stage0-0-0,0,5003,5003,16945,0,0,591,596767
1784087061249,nx-q6-nexmark-auto-213939,Executor0,Stage0-1-0,0,5002,5002,17700,0,0,542,584983
1784087061249,nx-q6-nexmark-auto-213939,Executor0,Stage0-2-0,0,4997,4997,16894,0,0,635,560424
1784087061249,nx-q6-nexmark-auto-213939,Executor0,Stage0-3-0,0,4998,4998,17582,0,0,541,576531
1784087062110,nx-q6-nexmark-auto-213939,Executor3,Stage1-0-0,0,5019,4929,7955,1668,536629,274,222367
1784087062110,nx-q6-nexmark-auto-213939,Executor3,Stage2-0-0,0,11017,84,147256,8762,666031,36,2371
1784087062110,nx-q6-nexmark-auto-213939,Executor3,Stage3-0-0,0,315,0,5274,268,13932,0,0
1784087062122,nx-q6-nexmark-auto-213939,Executor2,Stage1-1-0,0,3790,3718,13070,6912,404976,464,271631
1784087062122,nx-q6-nexmark-auto-213939,Executor2,Stage2-1-0,0,2946,132,98529,6860,208467,37,1827
1784087062122,nx-q6-nexmark-auto-213939,Executor2,Stage3-1-0,0,47,0,2707,123,1575,0,0
1784087062152,nx-q6-nexmark-auto-213939,Executor4,Stage1-3-0,0,5063,4950,16729,9517,539891,2290,395260
1784087062152,nx-q6-nexmark-auto-213939,Executor4,Stage2-3-0,0,2646,138,90929,6524,200616,167,8625
1784087062152,nx-q6-nexmark-auto-213939,Executor4,Stage3-3-0,0,50,0,2885,133,2161,0,0
1784087062190,nx-q6-nexmark-auto-213939,Executor1,Stage1-2-0,0,4989,4894,15867,8505,533959,1081,373654
1784087062190,nx-q6-nexmark-auto-213939,Executor1,Stage2-2-0,0,2829,146,93744,6450,196030,59,8542
1784087062190,nx-q6-nexmark-auto-213939,Executor1,Stage3-2-0,0,53,0,3160,130,2235,0,0
1784087062249,nx-q6-nexmark-auto-213939,Executor0,Stage0-0-0,0,4997,4997,16511,0,0,361,567706
1784087062249,nx-q6-nexmark-auto-213939,Executor0,Stage0-1-0,0,4998,4998,16916,0,0,411,574110
1784087062249,nx-q6-nexmark-auto-213939,Executor0,Stage0-2-0,0,5003,5003,16470,0,0,462,582439
1784087062249,nx-q6-nexmark-auto-213939,Executor0,Stage0-3-0,0,5002,5002,16415,0,0,509,585527
1784087063110,nx-q6-nexmark-auto-213939,Executor3,Stage1-0-0,0,4921,4816,7575,1166,528874,287,207494
1784087063110,nx-q6-nexmark-auto-213939,Executor3,Stage2-0-0,0,11185,148,147548,8999,661852,36,3730
1784087063110,nx-q6-nexmark-auto-213939,Executor3,Stage3-0-0,0,384,0,6219,311,17263,0,0
1784087063122,nx-q6-nexmark-auto-213939,Executor2,Stage1-1-0,0,3936,3869,13311,7010,422717,734,397230
1784087063122,nx-q6-nexmark-auto-213939,Executor2,Stage2-1-0,0,2561,156,94967,6933,181495,47,7747
1784087063122,nx-q6-nexmark-auto-213939,Executor2,Stage3-1-0,0,33,0,2637,145,1988,0,0
1784087063152,nx-q6-nexmark-auto-213939,Executor4,Stage1-3-0,0,2509,2455,11759,6248,272929,1804,382479
1784087063152,nx-q6-nexmark-auto-213939,Executor4,Stage2-3-0,0,2319,163,87565,6885,198866,40,9034
1784087063152,nx-q6-nexmark-auto-213939,Executor4,Stage3-3-0,0,67,0,4779,245,3362,0,0
1784087063189,nx-q6-nexmark-auto-213939,Executor1,Stage1-2-0,0,4889,4795,15489,8926,523866,790,391328
1784087063189,nx-q6-nexmark-auto-213939,Executor1,Stage2-2-0,0,2768,148,92446,6324,196157,49,9285
1784087063189,nx-q6-nexmark-auto-213939,Executor1,Stage3-2-0,0,50,0,3238,136,2361,0,0
1784087063249,nx-q6-nexmark-auto-213939,Executor0,Stage0-0-0,0,5003,5003,16571,0,0,606,603591
1784087063249,nx-q6-nexmark-auto-213939,Executor0,Stage0-1-0,0,5002,5002,17310,0,0,514,585735
1784087063249,nx-q6-nexmark-auto-213939,Executor0,Stage0-2-0,0,4997,4997,17080,0,0,597,588531
1784087063249,nx-q6-nexmark-auto-213939,Executor0,Stage0-3-0,0,4998,4998,16947,0,0,552,576728
1784087064110,nx-q6-nexmark-auto-213939,Executor3,Stage1-0-0,0,5169,5081,8142,1342,549507,322,221794
1784087064110,nx-q6-nexmark-auto-213939,Executor3,Stage2-0-0,0,11100,152,145555,8521,659756,32,3359
1784087064110,nx-q6-nexmark-auto-213939,Executor3,Stage3-0-0,0,427,0,6795,339,19147,0,0
1784087064122,nx-q6-nexmark-auto-213939,Executor2,Stage1-1-0,0,6809,6660,28145,14789,732256,635,380734
1784087064122,nx-q6-nexmark-auto-213939,Executor2,Stage2-1-0,0,3062,146,98750,7133,217799,131,9906
1784087064122,nx-q6-nexmark-auto-213939,Executor2,Stage3-1-0,0,81,0,4336,174,3025,0,0
1784087064152,nx-q6-nexmark-auto-213939,Executor4,Stage1-3-0,0,7441,7295,26742,15658,794726,572,381173
1784087064152,nx-q6-nexmark-auto-213939,Executor4,Stage2-3-0,0,3325,138,98967,6438,200108,37,8156
1784087064152,nx-q6-nexmark-auto-213939,Executor4,Stage3-3-0,0,85,0,4316,292,3526,0,0
1784087064190,nx-q6-nexmark-auto-213939,Executor1,Stage1-2-0,0,5032,4914,16864,9608,538023,645,371293
1784087064190,nx-q6-nexmark-auto-213939,Executor1,Stage2-2-0,0,2926,133,98045,6812,201731,45,7594
1784087064190,nx-q6-nexmark-auto-213939,Executor1,Stage3-2-0,0,61,0,3512,184,2862,0,0
1784087064249,nx-q6-nexmark-auto-213939,Executor0,Stage0-0-0,0,4997,4997,16523,0,0,370,549347
1784087064249,nx-q6-nexmark-auto-213939,Executor0,Stage0-1-0,0,4998,4998,17673,0,0,487,562292
1784087064249,nx-q6-nexmark-auto-213939,Executor0,Stage0-2-0,0,5003,5003,17534,0,0,483,572989
1784087064249,nx-q6-nexmark-auto-213939,Executor0,Stage0-3-0,0,5002,5002,17248,0,0,495,569044
1784087065110,nx-q6-nexmark-auto-213939,Executor3,Stage1-0-0,0,5014,4921,8138,1286,533695,378,228972
1784087065110,nx-q6-nexmark-auto-213939,Executor3,Stage2-0-0,0,10410,145,137926,8063,619241,33,3757
1784087065110,nx-q6-nexmark-auto-213939,Executor3,Stage3-0-0,0,335,0,6159,315,14870,0,0
1784087065122,nx-q6-nexmark-auto-213939,Executor2,Stage1-1-0,0,3137,3079,10554,5465,337449,789,383188
1784087065122,nx-q6-nexmark-auto-213939,Executor2,Stage2-1-0,0,2819,137,63026,3425,188457,120,9037
1784087065122,nx-q6-nexmark-auto-213939,Executor2,Stage3-1-0,0,58,0,2258,114,3494,0,0
1784087065152,nx-q6-nexmark-auto-213939,Executor4,Stage1-3-0,0,5116,5029,16198,9279,547156,1966,401327
1784087065152,nx-q6-nexmark-auto-213939,Executor4,Stage2-3-0,0,2733,138,92318,7155,221144,151,10695
1784087065152,nx-q6-nexmark-auto-213939,Executor4,Stage3-3-0,0,59,0,3383,179,3073,0,0
1784087065190,nx-q6-nexmark-auto-213939,Executor1,Stage1-2-0,0,4965,4857,15054,8471,537296,730,389272
1784087065190,nx-q6-nexmark-auto-213939,Executor1,Stage2-2-0,0,3229,130,102558,7041,219342,104,9812
1784087065190,nx-q6-nexmark-auto-213939,Executor1,Stage3-2-0,0,68,0,4053,211,3443,0,0
1784087065249,nx-q6-nexmark-auto-213939,Executor0,Stage0-0-0,0,5003,5003,16394,0,0,585,601005
1784087065249,nx-q6-nexmark-auto-213939,Executor0,Stage0-1-0,0,5002,5002,16984,0,0,490,587682
1784087065249,nx-q6-nexmark-auto-213939,Executor0,Stage0-2-0,0,4997,4997,18546,0,0,552,548648
1784087065249,nx-q6-nexmark-auto-213939,Executor0,Stage0-3-0,0,4998,4998,17223,0,0,544,572422
1784087066110,nx-q6-nexmark-auto-213939,Executor3,Stage1-0-0,0,4989,4886,8761,2181,534891,403,270585
1784087066110,nx-q6-nexmark-auto-213939,Executor3,Stage2-0-0,0,8852,136,136270,7408,541627,28,1973
1784087066110,nx-q6-nexmark-auto-213939,Executor3,Stage3-0-0,0,411,0,7176,387,18167,0,0
1784087066122,nx-q6-nexmark-auto-213939,Executor2,Stage1-1-0,0,4930,4828,21426,11280,522060,1962,360642
1784087066122,nx-q6-nexmark-auto-213939,Executor2,Stage2-1-0,0,3617,159,119412,7934,245368,176,8439
1784087066122,nx-q6-nexmark-auto-213939,Executor2,Stage3-1-0,0,46,0,2917,113,1791,0,0
1784087066152,nx-q6-nexmark-auto-213939,Executor4,Stage1-3-0,0,3803,3725,11617,6782,408755,1809,401381
1784087066152,nx-q6-nexmark-auto-213939,Executor4,Stage2-3-0,0,3605,138,111589,7668,249953,55,7983
1784087066152,nx-q6-nexmark-auto-213939,Executor4,Stage3-3-0,0,42,0,2577,90,1785,0,0
1784087066189,nx-q6-nexmark-auto-213939,Executor1,Stage1-2-0,0,5038,4924,14549,8017,536501,686,376936
1784087066189,nx-q6-nexmark-auto-213939,Executor1,Stage2-2-0,0,3598,159,111222,7748,250084,91,9414
1784087066189,nx-q6-nexmark-auto-213939,Executor1,Stage3-2-0,0,49,0,2953,137,2050,0,0
1784087066249,nx-q6-nexmark-auto-213939,Executor0,Stage0-0-0,0,4997,4997,22992,0,0,463,510525
1784087066249,nx-q6-nexmark-auto-213939,Executor0,Stage0-1-0,0,4998,4998,19263,0,0,444,528438
1784087066249,nx-q6-nexmark-auto-213939,Executor0,Stage0-2-0,0,5003,5003,23100,0,0,355,572282
1784087066249,nx-q6-nexmark-auto-213939,Executor0,Stage0-3-0,0,5002,5002,10575,0,0,613,704402
1784087067110,nx-q6-nexmark-auto-213939,Executor3,Stage1-0-0,0,4967,4869,8148,2411,532720,337,233656
1784087067110,nx-q6-nexmark-auto-213939,Executor3,Stage2-0-0,0,9831,143,136866,8119,575610,36,4010
1784087067110,nx-q6-nexmark-auto-213939,Executor3,Stage3-0-0,0,399,0,6815,363,18506,0,0
1784087067122,nx-q6-nexmark-auto-213939,Executor2,Stage1-1-0,0,5320,5222,19943,10193,570828,692,386788
1784087067122,nx-q6-nexmark-auto-213939,Executor2,Stage2-1-0,0,3478,171,111084,7397,255918,180,9705
1784087067122,nx-q6-nexmark-auto-213939,Executor2,Stage3-1-0,0,92,0,5214,188,3485,0,0
1784087067152,nx-q6-nexmark-auto-213939,Executor4,Stage1-3-0,0,5280,5178,17062,9725,565820,1818,378856
1784087067152,nx-q6-nexmark-auto-213939,Executor4,Stage2-3-0,0,3067,165,99635,7228,219446,100,10129
1784087067152,nx-q6-nexmark-auto-213939,Executor4,Stage3-3-0,0,66,0,4180,178,3044,0,0
1784087067189,nx-q6-nexmark-auto-213939,Executor1,Stage1-2-0,0,5065,4956,15128,8494,541560,754,378308
1784087067189,nx-q6-nexmark-auto-213939,Executor1,Stage2-2-0,0,2960,175,97436,6750,218676,97,11490
1784087067189,nx-q6-nexmark-auto-213939,Executor1,Stage3-2-0,0,58,0,3786,196,2807,0,0
1784087067249,nx-q6-nexmark-auto-213939,Executor0,Stage0-0-0,0,5003,5003,15937,0,0,835,614569
1784087067249,nx-q6-nexmark-auto-213939,Executor0,Stage0-1-0,0,5002,5002,16431,0,0,1045,629266
1784087067249,nx-q6-nexmark-auto-213939,Executor0,Stage0-2-0,0,4997,4997,16549,0,0,901,627681
1784087067249,nx-q6-nexmark-auto-213939,Executor0,Stage0-3-0,0,4998,4998,16997,0,0,784,446170
1784087068110,nx-q6-nexmark-auto-213939,Executor3,Stage1-0-0,0,4897,4796,7548,1415,522084,277,188453
1784087068110,nx-q6-nexmark-auto-213939,Executor3,Stage2-0-0,0,11594,173,146296,8980,674753,53,3784
1784087068110,nx-q6-nexmark-auto-213939,Executor3,Stage3-0-0,0,472,0,7373,372,20842,0,0
1784087068122,nx-q6-nexmark-auto-213939,Executor2,Stage1-1-0,0,4855,4765,16471,8644,521597,680,394500
1784087068122,nx-q6-nexmark-auto-213939,Executor2,Stage2-1-0,0,2472,143,87452,6174,180469,64,10396
1784087068122,nx-q6-nexmark-auto-213939,Executor2,Stage3-1-0,0,63,0,4236,159,2619,0,0
1784087068152,nx-q6-nexmark-auto-213939,Executor4,Stage1-3-0,0,5899,5777,21980,12403,635105,1842,413162
1784087068152,nx-q6-nexmark-auto-213939,Executor4,Stage2-3-0,0,2508,146,86407,6163,182477,102,9407
1784087068152,nx-q6-nexmark-auto-213939,Executor4,Stage3-3-0,0,73,0,4083,186,3246,0,0
1784087068190,nx-q6-nexmark-auto-213939,Executor1,Stage1-2-0,0,5132,5028,17414,9305,548055,502,408757
1784087068190,nx-q6-nexmark-auto-213939,Executor1,Stage2-2-0,0,2418,140,87241,6419,182948,171,9397
1784087068190,nx-q6-nexmark-auto-213939,Executor1,Stage3-2-0,0,64,0,4241,189,3238,0,0
1784087068249,nx-q6-nexmark-auto-213939,Executor0,Stage0-0-0,0,4997,4997,17668,0,0,727,601294
1784087068249,nx-q6-nexmark-auto-213939,Executor0,Stage0-1-0,0,4998,4998,17713,0,0,698,569134
1784087068249,nx-q6-nexmark-auto-213939,Executor0,Stage0-2-0,0,5003,5003,15142,0,0,619,576402
1784087068249,nx-q6-nexmark-auto-213939,Executor0,Stage0-3-0,0,5002,5002,17376,0,0,927,589453
1784087069110,nx-q6-nexmark-auto-213939,Executor3,Stage1-0-0,0,4880,4794,7147,735,518196,254,175244
1784087069110,nx-q6-nexmark-auto-213939,Executor3,Stage2-0-0,0,12188,148,150315,8881,712513,23,2655
1784087069110,nx-q6-nexmark-auto-213939,Executor3,Stage3-0-0,0,334,0,5462,296,13515,0,0
1784087069122,nx-q6-nexmark-auto-213939,Executor2,Stage1-1-0,0,5694,5580,24742,12864,610232,780,397019
1784087069122,nx-q6-nexmark-auto-213939,Executor2,Stage2-1-0,0,2267,135,82009,5968,169313,64,9384
1784087069122,nx-q6-nexmark-auto-213939,Executor2,Stage3-1-0,0,40,0,2843,121,1746,0,0
1784087069152,nx-q6-nexmark-auto-213939,Executor4,Stage1-3-0,0,3842,3756,17241,9665,415703,2005,394750
1784087069152,nx-q6-nexmark-auto-213939,Executor4,Stage2-3-0,0,2254,130,82778,6010,171029,114,9099
1784087069152,nx-q6-nexmark-auto-213939,Executor4,Stage3-3-0,0,61,0,4167,172,2918,0,0
1784087069190,nx-q6-nexmark-auto-213939,Executor1,Stage1-2-0,0,4960,4861,31547,17902,529454,700,383434
1784087069190,nx-q6-nexmark-auto-213939,Executor1,Stage2-2-0,0,2321,150,93527,6304,173324,76,10019
1784087069190,nx-q6-nexmark-auto-213939,Executor1,Stage3-2-0,0,52,0,3481,403,2436,0,0
1784087069250,nx-q6-nexmark-auto-213939,Executor0,Stage0-0-0,0,5003,5003,16913,0,0,802,585874
1784087069250,nx-q6-nexmark-auto-213939,Executor0,Stage0-1-0,0,5002,5002,17488,0,0,866,589027
1784087069250,nx-q6-nexmark-auto-213939,Executor0,Stage0-2-0,0,4997,4997,16946,0,0,788,580935
1784087069250,nx-q6-nexmark-auto-213939,Executor0,Stage0-3-0,0,4998,4998,16758,0,0,832,567243
1784087070110,nx-q6-nexmark-auto-213939,Executor3,Stage1-0-0,0,5083,4982,7925,1176,546964,268,187574
1784087070110,nx-q6-nexmark-auto-213939,Executor3,Stage2-0-0,0,12656,154,154244,8791,738502,26,2093
1784087070110,nx-q6-nexmark-auto-213939,Executor3,Stage3-0-0,0,433,0,6411,316,18415,0,0
1784087070122,nx-q6-nexmark-auto-213939,Executor2,Stage1-1-0,0,4392,4303,19564,10231,467177,735,398014
1784087070122,nx-q6-nexmark-auto-213939,Executor2,Stage2-1-0,0,2330,123,84843,6097,177783,94,8743
1784087070122,nx-q6-nexmark-auto-213939,Executor2,Stage3-1-0,0,37,0,2768,115,1712,0,0
1784087070152,nx-q6-nexmark-auto-213939,Executor4,Stage1-3-0,0,5144,5043,23559,12763,550831,567,400145
1784087070152,nx-q6-nexmark-auto-213939,Executor4,Stage2-3-0,0,2351,128,85112,6177,176381,36,8240
1784087070152,nx-q6-nexmark-auto-213939,Executor4,Stage3-3-0,0,35,0,2407,108,1723,0,0
1784087070190,nx-q6-nexmark-auto-213939,Executor1,Stage1-2-0,0,4928,4836,23277,12586,527243,598,371182
1784087070190,nx-q6-nexmark-auto-213939,Executor1,Stage2-2-0,0,2227,126,77432,5467,170607,35,8760
1784087070190,nx-q6-nexmark-auto-213939,Executor1,Stage3-2-0,0,39,0,2549,193,1904,0,0
1784087070249,nx-q6-nexmark-auto-213939,Executor0,Stage0-0-0,0,4997,4997,16778,0,0,800,569591
1784087070249,nx-q6-nexmark-auto-213939,Executor0,Stage0-1-0,0,4998,4998,17439,0,0,955,555411
1784087070249,nx-q6-nexmark-auto-213939,Executor0,Stage0-2-0,0,5003,5003,17373,0,0,833,558245
1784087070249,nx-q6-nexmark-auto-213939,Executor0,Stage0-3-0,0,5002,5002,8327,0,0,1483,718250
1784087071110,nx-q6-nexmark-auto-213939,Executor3,Stage1-0-0,0,5085,4985,11311,3857,543335,272,176905
1784087071110,nx-q6-nexmark-auto-213939,Executor3,Stage2-0-0,0,13345,122,185503,9854,781932,28,1809
1784087071110,nx-q6-nexmark-auto-213939,Executor3,Stage3-0-0,0,412,0,7777,328,18904,0,0
1784087071122,nx-q6-nexmark-auto-213939,Executor2,Stage1-1-0,0,5003,4891,23478,12152,536443,707,412339
1784087071122,nx-q6-nexmark-auto-213939,Executor2,Stage2-1-0,0,2089,116,78702,5783,159089,59,8019
1784087071122,nx-q6-nexmark-auto-213939,Executor2,Stage3-1-0,0,32,0,2440,122,1462,0,0
1784087071152,nx-q6-nexmark-auto-213939,Executor4,Stage1-3-0,0,4649,4563,22078,12185,497495,718,406510
1784087071152,nx-q6-nexmark-auto-213939,Executor4,Stage2-3-0,0,2049,119,77519,5969,160903,58,8048
1784087071152,nx-q6-nexmark-auto-213939,Executor4,Stage3-3-0,0,30,0,2405,129,1496,0,0
1784087071190,nx-q6-nexmark-auto-213939,Executor1,Stage1-2-0,0,4885,4793,24741,13328,524276,648,399190
1784087071190,nx-q6-nexmark-auto-213939,Executor1,Stage2-2-0,0,2145,115,75542,5231,159344,35,7841
1784087071190,nx-q6-nexmark-auto-213939,Executor1,Stage3-2-0,0,34,0,2319,110,1636,0,0
1784087071249,nx-q6-nexmark-auto-213939,Executor0,Stage0-0-0,0,5003,5003,16764,0,0,1098,609346
1784087071249,nx-q6-nexmark-auto-213939,Executor0,Stage0-1-0,0,5002,5002,17381,0,0,1085,587422
1784087071249,nx-q6-nexmark-auto-213939,Executor0,Stage0-2-0,0,4997,4997,17426,0,0,828,602885
1784087071249,nx-q6-nexmark-auto-213939,Executor0,Stage0-3-0,0,4998,4998,17215,0,0,949,457218
1784087072110,nx-q6-nexmark-auto-213939,Executor3,Stage1-0-0,0,4995,4881,7251,1133,531938,309,180344
1784087072110,nx-q6-nexmark-auto-213939,Executor3,Stage2-0-0,0,12753,115,154979,9142,756224,26,1569
1784087072110,nx-q6-nexmark-auto-213939,Executor3,Stage3-0-0,0,383,0,5807,306,17430,0,0
1784087072122,nx-q6-nexmark-auto-213939,Executor2,Stage1-1-0,0,5069,4974,25248,12706,544085,664,410351
1784087072122,nx-q6-nexmark-auto-213939,Executor2,Stage2-1-0,0,2364,102,86278,6117,175145,85,7546
1784087072122,nx-q6-nexmark-auto-213939,Executor2,Stage3-1-0,0,27,0,2195,128,1159,0,0
1784087072152,nx-q6-nexmark-auto-213939,Executor4,Stage1-3-0,0,5378,5290,24827,13362,573785,675,407312
1784087072152,nx-q6-nexmark-auto-213939,Executor4,Stage2-3-0,0,2336,112,84215,6225,170950,91,7158
1784087072152,nx-q6-nexmark-auto-213939,Executor4,Stage3-3-0,0,40,0,2910,145,1496,0,0
1784087072190,nx-q6-nexmark-auto-213939,Executor1,Stage1-2-0,0,5096,4986,27052,14682,552964,811,407251
1784087072190,nx-q6-nexmark-auto-213939,Executor1,Stage2-2-0,0,2226,107,77277,5724,174799,28,6136
1784087072190,nx-q6-nexmark-auto-213939,Executor1,Stage3-2-0,0,36,0,2330,94,1603,0,0
1784087072249,nx-q6-nexmark-auto-213939,Executor0,Stage0-0-0,0,4997,4997,17600,0,0,726,563403
1784087072249,nx-q6-nexmark-auto-213939,Executor0,Stage0-1-0,0,4998,4998,17868,0,0,703,548742
1784087072249,nx-q6-nexmark-auto-213939,Executor0,Stage0-2-0,0,5003,5003,9793,0,0,823,627684
1784087072249,nx-q6-nexmark-auto-213939,Executor0,Stage0-3-0,0,5002,5002,17565,0,0,818,533351
1784087073110,nx-q6-nexmark-auto-213939,Executor3,Stage1-0-0,0,4941,4831,6670,688,528990,352,145804
1784087073110,nx-q6-nexmark-auto-213939,Executor3,Stage2-0-0,0,14131,100,152494,10064,826073,27,2056
1784087073110,nx-q6-nexmark-auto-213939,Executor3,Stage3-0-0,0,318,0,6324,337,14857,0,0
1784087073122,nx-q6-nexmark-auto-213939,Executor2,Stage1-1-0,0,5716,5607,28279,14486,609756,803,416487
1784087073122,nx-q6-nexmark-auto-213939,Executor2,Stage2-1-0,0,1671,114,63163,4886,137491,55,6520
1784087073122,nx-q6-nexmark-auto-213939,Executor2,Stage3-1-0,0,47,0,3153,146,1848,0,0
1784087073152,nx-q6-nexmark-auto-213939,Executor4,Stage1-3-0,0,5390,5291,25121,13866,581116,790,412829
1784087073152,nx-q6-nexmark-auto-213939,Executor4,Stage2-3-0,0,1658,102,66244,4873,139135,44,5546
1784087073152,nx-q6-nexmark-auto-213939,Executor4,Stage3-3-0,0,50,0,3206,159,2397,0,0
1784087073190,nx-q6-nexmark-auto-213939,Executor1,Stage1-2-0,0,5111,4994,36912,20436,543234,804,431596
1784087073190,nx-q6-nexmark-auto-213939,Executor1,Stage2-2-0,0,1767,93,65291,4292,132272,108,7300
1784087073190,nx-q6-nexmark-auto-213939,Executor1,Stage3-2-0,0,37,0,2638,123,1720,0,0
1784087073249,nx-q6-nexmark-auto-213939,Executor0,Stage0-0-0,0,5003,5003,16567,0,0,522,577521
1784087073249,nx-q6-nexmark-auto-213939,Executor0,Stage0-1-0,0,5002,5002,17111,0,0,753,592383
1784087073249,nx-q6-nexmark-auto-213939,Executor0,Stage0-2-0,0,4997,4997,9153,0,0,759,589995
1784087073249,nx-q6-nexmark-auto-213939,Executor0,Stage0-3-0,0,4998,4998,16619,0,0,770,582305
1784087074110,nx-q6-nexmark-auto-213939,Executor3,Stage1-0-0,0,5023,4914,6843,548,534790,488,179449
1784087074110,nx-q6-nexmark-auto-213939,Executor3,Stage2-0-0,0,13533,114,151279,9067,819406,24,2344
1784087074110,nx-q6-nexmark-auto-213939,Executor3,Stage3-0-0,0,351,0,6222,326,16105,0,0
1784087074122,nx-q6-nexmark-auto-213939,Executor2,Stage1-1-0,0,5386,5289,26467,13365,573894,532,409800
1784087074122,nx-q6-nexmark-auto-213939,Executor2,Stage2-1-0,0,2245,86,84582,5811,165942,72,6987
1784087074122,nx-q6-nexmark-auto-213939,Executor2,Stage3-1-0,0,27,0,2067,97,1523,0,0
1784087074152,nx-q6-nexmark-auto-213939,Executor4,Stage1-3-0,0,5036,4937,23032,12871,538957,729,397127
1784087074152,nx-q6-nexmark-auto-213939,Executor4,Stage2-3-0,0,2243,100,88290,5890,163846,87,7559
1784087074152,nx-q6-nexmark-auto-213939,Executor4,Stage3-3-0,0,44,0,2968,172,2497,0,0
1784087074190,nx-q6-nexmark-auto-213939,Executor1,Stage1-2-0,0,4928,4839,21827,12359,528180,690,393228
1784087074190,nx-q6-nexmark-auto-213939,Executor1,Stage2-2-0,0,2295,96,78995,5223,163583,20,6045
1784087074190,nx-q6-nexmark-auto-213939,Executor1,Stage3-2-0,0,39,0,2448,136,2069,0,0
1784087074249,nx-q6-nexmark-auto-213939,Executor0,Stage0-0-0,0,4997,4997,16920,0,0,520,583045
1784087074249,nx-q6-nexmark-auto-213939,Executor0,Stage0-1-0,0,4998,4998,18711,0,0,415,561567
1784087074249,nx-q6-nexmark-auto-213939,Executor0,Stage0-2-0,0,5003,5003,16696,0,0,497,529613
1784087074249,nx-q6-nexmark-auto-213939,Executor0,Stage0-3-0,0,5002,5002,18354,0,0,554,581924
1784087075111,nx-q6-nexmark-auto-213939,Executor3,Stage1-0-0,0,5047,4932,7448,19469,541506,347,191057
1784087075111,nx-q6-nexmark-auto-213939,Executor3,Stage2-0-0,0,12212,92,153052,9388,717857,18,1249
1784087075111,nx-q6-nexmark-auto-213939,Executor3,Stage3-0-0,0,229,0,3696,217,9112,0,0
1784087075122,nx-q6-nexmark-auto-213939,Executor2,Stage1-1-0,0,3713,3645,17208,8733,398174,635,398764
1784087075122,nx-q6-nexmark-auto-213939,Executor2,Stage2-1-0,0,1860,121,67522,4715,123121,45,5871
1784087075122,nx-q6-nexmark-auto-213939,Executor2,Stage3-1-0,0,13,0,1343,63,816,0,0
1784087075152,nx-q6-nexmark-auto-213939,Executor4,Stage1-3-0,0,1191,1164,6732,2682,128273,542,266089
1784087075152,nx-q6-nexmark-auto-213939,Executor4,Stage2-3-0,0,2438,113,90645,27207,179491,64,1148
1784087075152,nx-q6-nexmark-auto-213939,Executor4,Stage3-3-0,0,47,0,2910,137,1595,0,0
1784087075189,nx-q6-nexmark-auto-213939,Executor1,Stage1-2-0,0,4918,4819,20940,6335,530227,656,405557
1784087075189,nx-q6-nexmark-auto-213939,Executor1,Stage2-2-0,0,2351,123,82962,6161,179421,62,5364
1784087075189,nx-q6-nexmark-auto-213939,Executor1,Stage3-2-0,0,43,0,2508,85,1273,0,0
1784087075249,nx-q6-nexmark-auto-213939,Executor0,Stage0-0-0,0,5003,5003,16504,0,0,983,592384
1784087075249,nx-q6-nexmark-auto-213939,Executor0,Stage0-1-0,0,5002,5002,17027,0,0,927,581069
1784087075249,nx-q6-nexmark-auto-213939,Executor0,Stage0-2-0,0,4997,4997,15846,0,0,1013,594261
1784087075249,nx-q6-nexmark-auto-213939,Executor0,Stage0-3-0,0,4998,4998,18409,0,0,1014,532208
1784087076110,nx-q6-nexmark-auto-213939,Executor3,Stage1-0-0,0,5037,4944,7546,1937,534069,297,170578
1784087076110,nx-q6-nexmark-auto-213939,Executor3,Stage2-0-0,0,13213,133,155515,9116,777199,17,3636
1784087076110,nx-q6-nexmark-auto-213939,Executor3,Stage3-0-0,0,320,0,5179,302,14241,0,0
1784087076122,nx-q6-nexmark-auto-213939,Executor2,Stage1-1-0,0,7860,7704,33757,10391,847121,619,520417
1784087076122,nx-q6-nexmark-auto-213939,Executor2,Stage2-1-0,0,2712,121,73059,4566,217245,27,13369
1784087076122,nx-q6-nexmark-auto-213939,Executor2,Stage3-1-0,0,76,0,3727,130,3115,0,0
1784087076152,nx-q6-nexmark-auto-213939,Executor4,Stage1-3-0,0,9159,8977,44219,15931,979297,521,516314
1784087076152,nx-q6-nexmark-auto-213939,Executor4,Stage2-3-0,0,2942,133,71423,3603,168436,96,13395
1784087076152,nx-q6-nexmark-auto-213939,Executor4,Stage3-3-0,0,84,0,3582,152,4250,0,0
1784087076189,nx-q6-nexmark-auto-213939,Executor1,Stage1-2-0,0,5085,4966,29019,11020,540975,550,410689
1784087076189,nx-q6-nexmark-auto-213939,Executor1,Stage2-2-0,0,2455,144,62122,3309,168252,14,11339
1784087076189,nx-q6-nexmark-auto-213939,Executor1,Stage3-2-0,0,69,0,3166,123,3134,0,0
1784087076249,nx-q6-nexmark-auto-213939,Executor0,Stage0-0-0,0,4997,4997,16957,0,0,658,574896
1784087076249,nx-q6-nexmark-auto-213939,Executor0,Stage0-1-0,0,4998,4998,17427,0,0,555,578415
1784087076249,nx-q6-nexmark-auto-213939,Executor0,Stage0-2-0,0,5003,5003,16784,0,0,722,576433
1784087076249,nx-q6-nexmark-auto-213939,Executor0,Stage0-3-0,0,5002,5002,17278,0,0,675,620192
1784087077110,nx-q6-nexmark-auto-213939,Executor3,Stage1-0-0,0,5045,4951,8061,694,544514,561,242825
1784087077110,nx-q6-nexmark-auto-213939,Executor3,Stage2-0-0,0,10874,174,143969,7876,662678,21,3023
1784087077110,nx-q6-nexmark-auto-213939,Executor3,Stage3-0-0,0,428,0,6253,282,19349,0,0
1784087077122,nx-q6-nexmark-auto-213939,Executor2,Stage1-1-0,0,3908,3838,15478,4561,413789,268,259200
1784087077122,nx-q6-nexmark-auto-213939,Executor2,Stage2-1-0,0,3148,116,83675,4492,218452,75,1851
1784087077122,nx-q6-nexmark-auto-213939,Executor2,Stage3-1-0,0,36,0,1932,74,1635,0,0
1784087077152,nx-q6-nexmark-auto-213939,Executor4,Stage1-3-0,0,4943,4843,18528,6051,525114,413,397804
1784087077152,nx-q6-nexmark-auto-213939,Executor4,Stage2-3-0,0,3198,112,81814,4714,223290,18,6984
1784087077152,nx-q6-nexmark-auto-213939,Executor4,Stage3-3-0,0,28,0,1864,67,1288,0,0
1784087077189,nx-q6-nexmark-auto-213939,Executor1,Stage1-2-0,0,5045,4940,29357,10776,541328,534,347237
1784087077189,nx-q6-nexmark-auto-213939,Executor1,Stage2-2-0,0,3265,117,85808,4220,226194,7,6319
1784087077189,nx-q6-nexmark-auto-213939,Executor1,Stage3-2-0,0,51,0,2503,105,2515,0,0
1784087077249,nx-q6-nexmark-auto-213939,Executor0,Stage0-0-0,0,5003,5003,10951,0,0,1120,652264
1784087077249,nx-q6-nexmark-auto-213939,Executor0,Stage0-1-0,0,5002,5002,12179,0,0,1196,621871
1784087077249,nx-q6-nexmark-auto-213939,Executor0,Stage0-2-0,0,4997,4997,16883,0,0,1064,564103
1784087077249,nx-q6-nexmark-auto-213939,Executor0,Stage0-3-0,0,4998,4998,17387,0,0,1124,565836
1784087078110,nx-q6-nexmark-auto-213939,Executor3,Stage1-0-0,0,4983,4884,8325,2700,536061,700,243604
1784087078110,nx-q6-nexmark-auto-213939,Executor3,Stage2-0-0,0,9808,102,139773,8234,585372,34,2104
1784087078110,nx-q6-nexmark-auto-213939,Executor3,Stage3-0-0,0,335,0,5671,322,14544,0,0
1784087078122,nx-q6-nexmark-auto-213939,Executor2,Stage1-1-0,0,3958,3880,15058,4564,425381,434,378224
1784087078122,nx-q6-nexmark-auto-213939,Executor2,Stage2-1-0,0,3301,154,85208,4528,229817,77,7527
1784087078122,nx-q6-nexmark-auto-213939,Executor2,Stage3-1-0,0,55,0,2550,89,2347,0,0
1784087078152,nx-q6-nexmark-auto-213939,Executor4,Stage1-3-0,0,4950,4848,18467,6360,537915,1233,380154
1784087078152,nx-q6-nexmark-auto-213939,Executor4,Stage2-3-0,0,2686,172,73554,4527,226614,33,9084
1784087078152,nx-q6-nexmark-auto-213939,Executor4,Stage3-3-0,0,45,0,2274,95,1709,0,0
1784087078189,nx-q6-nexmark-auto-213939,Executor1,Stage1-2-0,0,5032,4941,18476,6252,531841,536,417456
1784087078189,nx-q6-nexmark-auto-213939,Executor1,Stage2-2-0,0,3363,161,82162,4425,227175,68,8047
1784087078189,nx-q6-nexmark-auto-213939,Executor1,Stage3-2-0,0,64,0,2832,107,2373,0,0
1784087078249,nx-q6-nexmark-auto-213939,Executor0,Stage0-0-0,0,4997,4997,17457,0,0,415,489102
1784087078249,nx-q6-nexmark-auto-213939,Executor0,Stage0-1-0,0,4998,4998,15660,0,0,550,530486
1784087078249,nx-q6-nexmark-auto-213939,Executor0,Stage0-2-0,0,5003,5003,15474,0,0,578,577201
1784087078249,nx-q6-nexmark-auto-213939,Executor0,Stage0-3-0,0,5002,5002,17600,0,0,416,560311
1784087079110,nx-q6-nexmark-auto-213939,Executor3,Stage1-0-0,0,4923,4823,8655,1874,531084,763,266319
1784087079110,nx-q6-nexmark-auto-213939,Executor3,Stage2-0-0,0,8896,216,129241,7081,539113,36,4857
1784087079110,nx-q6-nexmark-auto-213939,Executor3,Stage3-0-0,0,377,0,6459,350,17291,0,0
1784087079122,nx-q6-nexmark-auto-213939,Executor2,Stage1-1-0,0,5377,5259,22527,7615,570246,502,374481
1784087079122,nx-q6-nexmark-auto-213939,Executor2,Stage2-1-0,0,3629,155,90716,4734,247423,80,9580
1784087079122,nx-q6-nexmark-auto-213939,Executor2,Stage3-1-0,0,106,0,4629,137,4543,0,0
1784087079152,nx-q6-nexmark-auto-213939,Executor4,Stage1-3-0,0,5043,4955,16526,5739,538561,898,379715
1784087079152,nx-q6-nexmark-auto-213939,Executor4,Stage2-3-0,0,3923,144,93038,4636,248088,93,8838
1784087079152,nx-q6-nexmark-auto-213939,Executor4,Stage3-3-0,0,91,0,3754,150,3946,0,0
1784087079189,nx-q6-nexmark-auto-213939,Executor1,Stage1-2-0,0,5087,4987,14082,5424,545431,487,370087
1784087079189,nx-q6-nexmark-auto-213939,Executor1,Stage2-2-0,0,3688,148,83076,4665,247516,121,8503
1784087079189,nx-q6-nexmark-auto-213939,Executor1,Stage3-2-0,0,85,0,3533,149,3886,0,0
1784087079249,nx-q6-nexmark-auto-213939,Executor0,Stage0-0-0,0,5003,5003,16856,0,0,1034,602573
1784087079249,nx-q6-nexmark-auto-213939,Executor0,Stage0-1-0,0,5002,5002,17393,0,0,1146,573990
1784087079249,nx-q6-nexmark-auto-213939,Executor0,Stage0-2-0,0,4997,4997,16030,0,0,1030,578808
1784087079249,nx-q6-nexmark-auto-213939,Executor0,Stage0-3-0,0,4998,4998,17719,0,0,947,583326
1784087080110,nx-q6-nexmark-auto-213939,Executor3,Stage1-0-0,0,4952,4834,8787,2942,532601,837,273462
1784087080110,nx-q6-nexmark-auto-213939,Executor3,Stage2-0-0,0,8423,118,132540,7083,510444,39,4293
1784087080110,nx-q6-nexmark-auto-213939,Executor3,Stage3-0-0,0,325,0,5757,315,14006,0,0
1784087080122,nx-q6-nexmark-auto-213939,Executor2,Stage1-1-0,0,5188,5095,26078,9502,556852,455,354136
1784087080122,nx-q6-nexmark-auto-213939,Executor2,Stage2-1-0,0,3799,168,108350,4500,253053,26,8779
1784087080122,nx-q6-nexmark-auto-213939,Executor2,Stage3-1-0,0,81,0,3531,136,3906,0,0
1784087080152,nx-q6-nexmark-auto-213939,Executor4,Stage1-3-0,0,4996,4897,16310,5675,533850,575,362847
1784087080152,nx-q6-nexmark-auto-213939,Executor4,Stage2-3-0,0,3648,180,89441,4691,248110,41,12383
1784087080152,nx-q6-nexmark-auto-213939,Executor4,Stage3-3-0,0,88,0,3490,142,4310,0,0
1784087080189,nx-q6-nexmark-auto-213939,Executor1,Stage1-2-0,0,4985,4869,13621,5258,534018,481,370858
1784087080189,nx-q6-nexmark-auto-213939,Executor1,Stage2-2-0,0,3618,161,83631,4713,249417,113,10981
1784087080189,nx-q6-nexmark-auto-213939,Executor1,Stage3-2-0,0,76,0,3718,129,3725,0,0
1784087080249,nx-q6-nexmark-auto-213939,Executor0,Stage0-0-0,0,4997,4997,16874,0,0,674,562934
1784087080249,nx-q6-nexmark-auto-213939,Executor0,Stage0-1-0,0,4998,4998,17436,0,0,606,541108
1784087080249,nx-q6-nexmark-auto-213939,Executor0,Stage0-2-0,0,5003,5003,10075,0,0,791,675852
1784087080249,nx-q6-nexmark-auto-213939,Executor0,Stage0-3-0,0,5002,5002,17486,0,0,836,586846
1784087081110,nx-q6-nexmark-auto-213939,Executor3,Stage1-0-0,0,4996,4913,8225,2004,531508,665,238396
1784087081110,nx-q6-nexmark-auto-213939,Executor3,Stage2-0-0,0,9790,142,137593,8130,577037,93,3933
1784087081110,nx-q6-nexmark-auto-213939,Executor3,Stage3-0-0,0,469,0,7631,422,21319,0,0
1784087081121,nx-q6-nexmark-auto-213939,Executor2,Stage1-1-0,0,4547,4453,15247,5035,488744,536,379406
1784087081121,nx-q6-nexmark-auto-213939,Executor2,Stage2-1-0,0,3117,180,76428,3999,213693,74,10592
1784087081121,nx-q6-nexmark-auto-213939,Executor2,Stage3-1-0,0,53,0,2736,115,2601,0,0
1784087081152,nx-q6-nexmark-auto-213939,Executor4,Stage1-3-0,0,5117,5008,18796,6065,545848,894,375369
1784087081152,nx-q6-nexmark-auto-213939,Executor4,Stage2-3-0,0,2907,186,78305,4546,225434,75,11638
1784087081152,nx-q6-nexmark-auto-213939,Executor4,Stage3-3-0,0,72,0,3518,128,3255,0,0
1784087081189,nx-q6-nexmark-auto-213939,Executor1,Stage1-2-0,0,4972,4889,24265,8742,532122,473,330823
1784087081189,nx-q6-nexmark-auto-213939,Executor1,Stage2-2-0,0,3042,182,75203,3945,222002,83,12171
1784087081189,nx-q6-nexmark-auto-213939,Executor1,Stage3-2-0,0,70,0,3291,146,3763,0,0
1784087081249,nx-q6-nexmark-auto-213939,Executor0,Stage0-0-0,0,5003,5003,17334,0,0,875,581152
1784087081249,nx-q6-nexmark-auto-213939,Executor0,Stage0-1-0,0,5002,5002,17571,0,0,1063,591253
1784087081249,nx-q6-nexmark-auto-213939,Executor0,Stage0-2-0,0,4997,4997,10532,0,0,1095,578666
1784087081249,nx-q6-nexmark-auto-213939,Executor0,Stage0-3-0,0,4998,4998,17354,0,0,1226,575553
1784087082110,nx-q6-nexmark-auto-213939,Executor3,Stage1-0-0,0,4987,4884,7827,1744,534229,524,206981
1784087082110,nx-q6-nexmark-auto-213939,Executor3,Stage2-0-0,0,11348,176,142984,8572,663333,27,3161
1784087082110,nx-q6-nexmark-auto-213939,Executor3,Stage3-0-0,0,553,0,8341,427,24133,0,0
1784087082121,nx-q6-nexmark-auto-213939,Executor2,Stage1-1-0,0,5501,5381,20970,6168,588072,494,387522
1784087082121,nx-q6-nexmark-auto-213939,Executor2,Stage2-1-0,0,2614,161,71440,4051,195419,89,11846
1784087082121,nx-q6-nexmark-auto-213939,Executor2,Stage3-1-0,0,60,0,3595,164,2742,0,0
1784087082152,nx-q6-nexmark-auto-213939,Executor4,Stage1-3-0,0,5103,4998,19821,6612,541447,497,397448
1784087082152,nx-q6-nexmark-auto-213939,Executor4,Stage2-3-0,0,2951,165,73546,4033,194182,84,11377
1784087082152,nx-q6-nexmark-auto-213939,Executor4,Stage3-3-0,0,76,0,3592,147,3716,0,0
1784087082189,nx-q6-nexmark-auto-213939,Executor1,Stage1-2-0,0,4967,4855,29252,10424,533107,592,389755
1784087082189,nx-q6-nexmark-auto-213939,Executor1,Stage2-2-0,0,2563,164,66847,3669,192892,82,12692
1784087082189,nx-q6-nexmark-auto-213939,Executor1,Stage3-2-0,0,60,0,3102,110,2903,0,0
1784087082249,nx-q6-nexmark-auto-213939,Executor0,Stage0-0-0,0,4997,4997,16068,0,0,667,583880
1784087082249,nx-q6-nexmark-auto-213939,Executor0,Stage0-1-0,0,4998,4998,17129,0,0,698,583708
1784087082249,nx-q6-nexmark-auto-213939,Executor0,Stage0-2-0,0,5003,5003,16399,0,0,689,486550
1784087082249,nx-q6-nexmark-auto-213939,Executor0,Stage0-3-0,0,5002,5002,16302,0,0,763,571637
1784087083110,nx-q6-nexmark-auto-213939,Executor3,Stage1-0-0,0,4978,4898,7403,767,538381,475,192244
1784087083110,nx-q6-nexmark-auto-213939,Executor3,Stage2-0-0,0,12094,169,144807,8690,695962,25,2891
1784087083110,nx-q6-nexmark-auto-213939,Executor3,Stage3-0-0,0,427,0,6705,386,17975,0,0
1784087083122,nx-q6-nexmark-auto-213939,Executor2,Stage1-1-0,0,5828,5713,23902,7434,625508,794,487646
1784087083122,nx-q6-nexmark-auto-213939,Executor2,Stage2-1-0,0,2330,138,61511,3719,175355,79,18611
1784087083122,nx-q6-nexmark-auto-213939,Executor2,Stage3-1-0,0,39,0,2264,116,2186,0,0
1784087083152,nx-q6-nexmark-auto-213939,Executor4,Stage1-3-0,0,5078,4985,20542,6834,545864,597,407124
1784087083152,nx-q6-nexmark-auto-213939,Executor4,Stage2-3-0,0,2344,124,62655,3836,176318,24,8799
1784087083152,nx-q6-nexmark-auto-213939,Executor4,Stage3-3-0,0,37,0,2162,95,1881,0,0
1784087083189,nx-q6-nexmark-auto-213939,Executor1,Stage1-2-0,0,4970,4854,28492,10355,534436,638,437516
1784087083189,nx-q6-nexmark-auto-213939,Executor1,Stage2-2-0,0,2235,130,59172,3366,176100,60,8755
1784087083189,nx-q6-nexmark-auto-213939,Executor1,Stage3-2-0,0,50,0,2328,96,2312,0,0
1784087083249,nx-q6-nexmark-auto-213939,Executor0,Stage0-0-0,0,5003,5003,16126,0,0,1004,585798
1784087083249,nx-q6-nexmark-auto-213939,Executor0,Stage0-1-0,0,5002,5002,16705,0,0,1029,583566
1784087083249,nx-q6-nexmark-auto-213939,Executor0,Stage0-2-0,0,4997,4997,17319,0,0,1078,591541
1784087083249,nx-q6-nexmark-auto-213939,Executor0,Stage0-3-0,0,4998,4998,16188,0,0,983,576002
1784087084111,nx-q6-nexmark-auto-213939,Executor3,Stage1-0-0,0,4963,4862,7034,789,525964,324,156768
1784087084111,nx-q6-nexmark-auto-213939,Executor3,Stage2-0-0,0,13001,149,148491,8980,741730,25,1694
1784087084111,nx-q6-nexmark-auto-213939,Executor3,Stage3-0-0,0,549,0,7478,363,25349,0,0
1784087084122,nx-q6-nexmark-auto-213939,Executor2,Stage1-1-0,0,5473,5391,24824,7370,578865,525,423394
1784087084122,nx-q6-nexmark-auto-213939,Executor2,Stage2-1-0,0,1952,120,52239,3223,146732,63,8392
1784087084122,nx-q6-nexmark-auto-213939,Executor2,Stage3-1-0,0,16,0,1206,62,940,0,0
1784087084152,nx-q6-nexmark-auto-213939,Executor4,Stage1-3-0,0,4944,4833,20490,7061,529145,559,411645
1784087084152,nx-q6-nexmark-auto-213939,Executor4,Stage2-3-0,0,1870,129,48972,3131,146434,71,8838
1784087084152,nx-q6-nexmark-auto-213939,Executor4,Stage3-3-0,0,29,0,1722,68,1374,0,0
1784087084189,nx-q6-nexmark-auto-213939,Executor1,Stage1-2-0,0,4977,4870,30237,10771,536065,679,409875
1784087084189,nx-q6-nexmark-auto-213939,Executor1,Stage2-2-0,0,1914,125,53034,3023,151053,11,8064
1784087084189,nx-q6-nexmark-auto-213939,Executor1,Stage3-2-0,0,38,0,2091,86,1666,0,0
1784087084249,nx-q6-nexmark-auto-213939,Executor0,Stage0-0-0,0,4997,4997,17096,0,0,699,571158
1784087084249,nx-q6-nexmark-auto-213939,Executor0,Stage0-1-0,0,4998,4998,17479,0,0,548,557806
1784087084249,nx-q6-nexmark-auto-213939,Executor0,Stage0-2-0,0,5003,5003,17125,0,0,598,565007
1784087084249,nx-q6-nexmark-auto-213939,Executor0,Stage0-3-0,0,5002,5002,17768,0,0,569,567637
1784087085110,nx-q6-nexmark-auto-213939,Executor3,Stage1-0-0,0,5027,4922,7112,707,536781,437,163121
1784087085110,nx-q6-nexmark-auto-213939,Executor3,Stage2-0-0,0,13727,116,159419,9340,804695,25,1475
1784087085110,nx-q6-nexmark-auto-213939,Executor3,Stage3-0-0,0,413,0,6010,325,19078,0,0
1784087085122,nx-q6-nexmark-auto-213939,Executor2,Stage1-1-0,0,5345,5243,24471,8009,571342,656,431110
1784087085122,nx-q6-nexmark-auto-213939,Executor2,Stage2-1-0,0,1922,86,51345,3363,152531,49,6053
1784087085122,nx-q6-nexmark-auto-213939,Executor2,Stage3-1-0,0,21,0,1400,65,1129,0,0
1784087085152,nx-q6-nexmark-auto-213939,Executor4,Stage1-3-0,0,4934,4836,21647,7762,528831,567,417948
1784087085152,nx-q6-nexmark-auto-213939,Executor4,Stage2-3-0,0,1861,82,50056,3394,152928,25,5460
1784087085152,nx-q6-nexmark-auto-213939,Executor4,Stage3-3-0,0,23,0,1349,65,1121,0,0
1784087085189,nx-q6-nexmark-auto-213939,Executor1,Stage1-2-0,0,5000,4904,29808,10529,540966,638,408115
1784087085189,nx-q6-nexmark-auto-213939,Executor1,Stage2-2-0,0,1883,88,48283,2954,152252,10,5903
1784087085189,nx-q6-nexmark-auto-213939,Executor1,Stage3-2-0,0,23,0,1593,67,1138,0,0
1784087085249,nx-q6-nexmark-auto-213939,Executor0,Stage0-0-0,0,5003,5003,16650,0,0,678,588268
1784087085249,nx-q6-nexmark-auto-213939,Executor0,Stage0-1-0,0,5002,5002,16922,0,0,751,573715
1784087085249,nx-q6-nexmark-auto-213939,Executor0,Stage0-2-0,0,4997,4997,16092,0,0,803,587849
1784087085249,nx-q6-nexmark-auto-213939,Executor0,Stage0-3-0,0,4998,4998,16442,0,0,691,569719
1784087086110,nx-q6-nexmark-auto-213939,Executor3,Stage1-0-0,0,5057,4948,6913,1830,538692,350,140157
1784087086110,nx-q6-nexmark-auto-213939,Executor3,Stage2-0-0,0,14179,97,161276,9834,814356,28,1315
1784087086110,nx-q6-nexmark-auto-213939,Executor3,Stage3-0-0,0,290,0,4298,223,12733,0,0
1784087086122,nx-q6-nexmark-auto-213939,Executor2,Stage1-1-0,0,4931,4835,23009,7010,525314,545,400658
1784087086122,nx-q6-nexmark-auto-213939,Executor2,Stage2-1-0,0,1681,80,46562,2954,133805,54,5007
1784087086122,nx-q6-nexmark-auto-213939,Executor2,Stage3-1-0,0,31,0,1839,87,1441,0,0
1784087086152,nx-q6-nexmark-auto-213939,Executor4,Stage1-3-0,0,5021,4916,21639,7667,536653,532,407279
1784087086152,nx-q6-nexmark-auto-213939,Executor4,Stage2-3-0,0,1761,91,47755,2890,131970,65,5291
1784087086152,nx-q6-nexmark-auto-213939,Executor4,Stage3-3-0,0,20,0,1221,59,759,0,0
1784087086189,nx-q6-nexmark-auto-213939,Executor1,Stage1-2-0,0,4983,4889,29225,10602,533969,649,416373
1784087086189,nx-q6-nexmark-auto-213939,Executor1,Stage2-2-0,0,1716,99,45040,2545,130368,6,6679
1784087086189,nx-q6-nexmark-auto-213939,Executor1,Stage3-2-0,0,22,0,1445,63,1110,0,0
1784087086249,nx-q6-nexmark-auto-213939,Executor0,Stage0-0-0,0,4997,4997,40285,0,0,585,576354
1784087086249,nx-q6-nexmark-auto-213939,Executor0,Stage0-1-0,0,4998,4998,17612,0,0,450,541818
1784087086249,nx-q6-nexmark-auto-213939,Executor0,Stage0-2-0,0,5003,5003,38048,0,0,392,614371
1784087086249,nx-q6-nexmark-auto-213939,Executor0,Stage0-3-0,0,5002,5002,40248,0,0,529,593311
1784087087110,nx-q6-nexmark-auto-213939,Executor3,Stage1-0-0,0,5053,4949,7050,804,541443,422,164887
1784087087110,nx-q6-nexmark-auto-213939,Executor3,Stage2-0-0,0,14832,94,168673,9782,890908,25,1563
1784087087110,nx-q6-nexmark-auto-213939,Executor3,Stage3-0-0,0,277,0,3873,187,12272,0,0
1784087087122,nx-q6-nexmark-auto-213939,Executor2,Stage1-1-0,0,4705,4606,23575,8199,504131,341,396444
1784087087122,nx-q6-nexmark-auto-213939,Executor2,Stage2-1-0,0,1962,84,54772,3357,153649,24,5617
1784087087122,nx-q6-nexmark-auto-213939,Executor2,Stage3-1-0,0,24,0,1478,67,1124,0,0
1784087087152,nx-q6-nexmark-auto-213939,Executor4,Stage1-3-0,0,5069,4978,26400,10498,539476,528,397748
1784087087152,nx-q6-nexmark-auto-213939,Executor4,Stage2-3-0,0,1981,84,55264,3204,146217,67,5829
1784087087152,nx-q6-nexmark-auto-213939,Executor4,Stage3-3-0,0,22,0,1331,59,993,0,0
1784087087189,nx-q6-nexmark-auto-213939,Executor1,Stage1-2-0,0,5015,4913,29626,10804,539260,613,409429
1784087087189,nx-q6-nexmark-auto-213939,Executor1,Stage2-2-0,0,2117,91,57116,3145,155128,11,5777
1784087087189,nx-q6-nexmark-auto-213939,Executor1,Stage3-2-0,0,32,0,1718,76,1415,0,0
1784087087249,nx-q6-nexmark-auto-213939,Executor0,Stage0-0-0,0,5003,5003,16618,0,0,649,583517
1784087087249,nx-q6-nexmark-auto-213939,Executor0,Stage0-1-0,0,5002,5002,16605,0,0,403,600007
1784087087249,nx-q6-nexmark-auto-213939,Executor0,Stage0-2-0,0,4997,4997,16373,0,0,397,526951
1784087087249,nx-q6-nexmark-auto-213939,Executor0,Stage0-3-0,0,4998,4998,16884,0,0,454,547892
1784087088110,nx-q6-nexmark-auto-213939,Executor3,Stage1-0-0,0,4856,4755,7071,782,520940,288,170589
1784087088110,nx-q6-nexmark-auto-213939,Executor3,Stage2-0-0,0,12410,105,155957,8358,731977,79,1220
1784087088110,nx-q6-nexmark-auto-213939,Executor3,Stage3-0-0,0,298,0,4371,210,12444,0,0
1784087088122,nx-q6-nexmark-auto-213939,Executor2,Stage1-1-0,0,5496,5374,25250,7532,591671,442,425236
1784087088122,nx-q6-nexmark-auto-213939,Executor2,Stage2-1-0,0,2218,127,62687,3540,158835,21,7849
1784087088122,nx-q6-nexmark-auto-213939,Executor2,Stage3-1-0,0,32,0,2120,75,1314,0,0
1784087088152,nx-q6-nexmark-auto-213939,Executor4,Stage1-3-0,0,4949,4860,27606,11332,533166,529,418572
1784087088152,nx-q6-nexmark-auto-213939,Executor4,Stage2-3-0,0,1995,138,60178,3645,163960,67,8054
1784087088152,nx-q6-nexmark-auto-213939,Executor4,Stage3-3-0,0,37,0,1868,78,1771,0,0
1784087088189,nx-q6-nexmark-auto-213939,Executor1,Stage1-2-0,0,5061,4973,29924,10573,535536,660,402835
1784087088189,nx-q6-nexmark-auto-213939,Executor1,Stage2-2-0,0,2152,136,58007,3243,160805,19,9068
1784087088189,nx-q6-nexmark-auto-213939,Executor1,Stage3-2-0,0,21,0,1261,54,921,0,0
1784087088249,nx-q6-nexmark-auto-213939,Executor0,Stage0-0-0,0,4997,4997,17924,0,0,604,600927
1784087088249,nx-q6-nexmark-auto-213939,Executor0,Stage0-1-0,0,4998,4998,19387,0,0,518,569998
1784087088249,nx-q6-nexmark-auto-213939,Executor0,Stage0-2-0,0,5003,5003,26777,0,0,315,552760
1784087088249,nx-q6-nexmark-auto-213939,Executor0,Stage0-3-0,0,5002,5002,26549,0,0,511,535973
1784087089110,nx-q6-nexmark-auto-213939,Executor3,Stage1-0-0,0,4978,4881,7879,726,532714,170,167680
1784087089110,nx-q6-nexmark-auto-213939,Executor3,Stage2-0-0,0,11088,132,162882,9791,615995,82,1734
1784087089110,nx-q6-nexmark-auto-213939,Executor3,Stage3-0-0,0,415,0,8869,439,18325,0,0
1784087089122,nx-q6-nexmark-auto-213939,Executor2,Stage1-1-0,0,4832,4722,21106,6338,515934,539,395079
1784087089122,nx-q6-nexmark-auto-213939,Executor2,Stage2-1-0,0,2039,103,53379,3267,159178,60,6253
1784087089122,nx-q6-nexmark-auto-213939,Executor2,Stage3-1-0,0,52,0,2527,102,2621,0,0
1784087089151,nx-q6-nexmark-auto-213939,Executor4,Stage1-3-0,0,4897,4800,25766,10620,525132,564,397046
1784087089151,nx-q6-nexmark-auto-213939,Executor4,Stage2-3-0,0,1956,104,76786,4647,154902,47,6723
1784087089151,nx-q6-nexmark-auto-213939,Executor4,Stage3-3-0,0,34,0,2629,85,1626,0,0
1784087089189,nx-q6-nexmark-auto-213939,Executor1,Stage1-2-0,0,5031,4917,28645,10614,541997,593,406577
1784087089189,nx-q6-nexmark-auto-213939,Executor1,Stage2-2-0,0,2275,120,58868,3215,162930,11,7896
1784087089189,nx-q6-nexmark-auto-213939,Executor1,Stage3-2-0,0,35,0,1896,90,1713,0,0
1784087089249,nx-q6-nexmark-auto-213939,Executor0,Stage0-0-0,0,5003,5003,17851,0,0,507,531357
1784087089249,nx-q6-nexmark-auto-213939,Executor0,Stage0-1-0,0,5002,5002,17714,0,0,442,558339
1784087089249,nx-q6-nexmark-auto-213939,Executor0,Stage0-2-0,0,4997,4997,16787,0,0,539,609615
1784087089249,nx-q6-nexmark-auto-213939,Executor0,Stage0-3-0,0,4998,4998,15254,0,0,538,627772
1784087090110,nx-q6-nexmark-auto-213939,Executor3,Stage1-0-0,0,5032,4943,20280,9883,540453,395,216464
1784087090110,nx-q6-nexmark-auto-213939,Executor3,Stage2-0-0,0,14757,142,203681,10566,944486,39,3233
1784087090110,nx-q6-nexmark-auto-213939,Executor3,Stage3-0-0,0,302,0,6831,350,13306,0,0
1784087090122,nx-q6-nexmark-auto-213939,Executor2,Stage1-1-0,0,4418,4335,17925,5331,466135,538,276768
1784087090122,nx-q6-nexmark-auto-213939,Executor2,Stage2-1-0,0,2829,99,73522,4085,195098,64,5436
1784087090122,nx-q6-nexmark-auto-213939,Executor2,Stage3-1-0,0,65,0,2943,111,2614,0,0
1784087090152,nx-q6-nexmark-auto-213939,Executor4,Stage1-3-0,0,5073,4980,19544,6575,546622,572,381937
1784087090152,nx-q6-nexmark-auto-213939,Executor4,Stage2-3-0,0,3428,105,85476,4313,203551,62,6108
1784087090152,nx-q6-nexmark-auto-213939,Executor4,Stage3-3-0,0,57,0,2549,92,2271,0,0
1784087090189,nx-q6-nexmark-auto-213939,Executor1,Stage1-2-0,0,5071,4967,28821,10548,544765,646,380507
1784087090189,nx-q6-nexmark-auto-213939,Executor1,Stage2-2-0,0,2881,104,71875,3875,201106,9,5957
1784087090189,nx-q6-nexmark-auto-213939,Executor1,Stage3-2-0,0,59,0,2543,96,2393,0,0
1784087090249,nx-q6-nexmark-auto-213939,Executor0,Stage0-0-0,0,4997,4997,16538,0,0,641,603934
1784087090249,nx-q6-nexmark-auto-213939,Executor0,Stage0-1-0,0,4998,4998,17082,0,0,630,586689
1784087090249,nx-q6-nexmark-auto-213939,Executor0,Stage0-2-0,0,5003,5003,16218,0,0,602,581932
1784087090249,nx-q6-nexmark-auto-213939,Executor0,Stage0-3-0,0,5002,5002,17172,0,0,595,544043
1784087091110,nx-q6-nexmark-auto-213939,Executor3,Stage1-0-0,0,4881,4779,7803,1080,520521,381,215678
1784087091110,nx-q6-nexmark-auto-213939,Executor3,Stage2-0-0,0,10760,109,141965,8702,653448,28,3208
1784087091110,nx-q6-nexmark-auto-213939,Executor3,Stage3-0-0,0,233,0,4101,192,9684,0,0
1784087091121,nx-q6-nexmark-auto-213939,Executor2,Stage1-1-0,0,3061,2995,11727,3410,324925,465,357578
1784087091121,nx-q6-nexmark-auto-213939,Executor2,Stage2-1-0,0,2933,132,81112,4712,206042,26,1775
1784087091121,nx-q6-nexmark-auto-213939,Executor2,Stage3-1-0,0,49,0,2492,106,1897,0,0
1784087091152,nx-q6-nexmark-auto-213939,Executor4,Stage1-3-0,0,4978,4865,17604,5650,531533,591,381192
1784087091152,nx-q6-nexmark-auto-213939,Executor4,Stage2-3-0,0,2978,138,75393,4274,204540,49,7568
1784087091152,nx-q6-nexmark-auto-213939,Executor4,Stage3-3-0,0,54,0,2678,110,2250,0,0
1784087091189,nx-q6-nexmark-auto-213939,Executor1,Stage1-2-0,0,4978,4895,27525,10119,534240,688,366726
1784087091189,nx-q6-nexmark-auto-213939,Executor1,Stage2-2-0,0,2999,123,75822,3960,205783,27,6262
1784087091189,nx-q6-nexmark-auto-213939,Executor1,Stage3-2-0,0,58,0,2686,159,2533,0,0
1784087091249,nx-q6-nexmark-auto-213939,Executor0,Stage0-0-0,0,5003,5003,17057,0,0,609,559978
1784087091249,nx-q6-nexmark-auto-213939,Executor0,Stage0-1-0,0,5002,5002,17090,0,0,588,564141
1784087091249,nx-q6-nexmark-auto-213939,Executor0,Stage0-2-0,0,4997,4997,16415,0,0,570,575814
1784087091249,nx-q6-nexmark-auto-213939,Executor0,Stage0-3-0,0,4998,4998,17233,0,0,611,580290
1784087092110,nx-q6-nexmark-auto-213939,Executor3,Stage1-0-0,0,5032,4930,8289,1173,541246,297,238111
1784087092110,nx-q6-nexmark-auto-213939,Executor3,Stage2-0-0,0,9619,130,152305,7470,563364,88,3963
1784087092110,nx-q6-nexmark-auto-213939,Executor3,Stage3-0-0,0,257,0,4756,245,10108,0,0
1784087092122,nx-q6-nexmark-auto-213939,Executor2,Stage1-1-0,0,5047,4945,17819,5526,538053,429,375906
1784087092122,nx-q6-nexmark-auto-213939,Executor2,Stage2-1-0,0,3196,133,80156,4244,222784,33,7963
1784087092122,nx-q6-nexmark-auto-213939,Executor2,Stage3-1-0,0,73,0,3577,139,3479,0,0
1784087092152,nx-q6-nexmark-auto-213939,Executor4,Stage1-3-0,0,5016,4917,17190,5899,534959,562,366524
1784087092152,nx-q6-nexmark-auto-213939,Executor4,Stage2-3-0,0,2847,138,78056,4567,224019,83,9242
1784087092152,nx-q6-nexmark-auto-213939,Executor4,Stage3-3-0,0,55,0,2755,118,2583,0,0
1784087092189,nx-q6-nexmark-auto-213939,Executor1,Stage1-2-0,0,4988,4898,17734,5595,533415,576,393596
1784087092189,nx-q6-nexmark-auto-213939,Executor1,Stage2-2-0,0,3348,135,81376,4320,220272,40,8108
1784087092189,nx-q6-nexmark-auto-213939,Executor1,Stage3-2-0,0,69,0,4793,162,3549,0,0
1784087092249,nx-q6-nexmark-auto-213939,Executor0,Stage0-0-0,0,4997,4997,16831,0,0,2274,612156
1784087092249,nx-q6-nexmark-auto-213939,Executor0,Stage0-1-0,0,4998,4998,18031,0,0,2298,601107
1784087092249,nx-q6-nexmark-auto-213939,Executor0,Stage0-2-0,0,5003,5003,17051,0,0,2122,612636
1784087092249,nx-q6-nexmark-auto-213939,Executor0,Stage0-3-0,0,5002,5002,17750,0,0,2312,616389
1784087093110,nx-q6-nexmark-auto-213939,Executor3,Stage1-0-0,0,4950,4858,8529,4101,527910,666,267431
1784087093110,nx-q6-nexmark-auto-213939,Executor3,Stage2-0-0,0,9416,311,143071,8621,586014,20,2926
1784087093110,nx-q6-nexmark-auto-213939,Executor3,Stage3-0-0,0,454,0,7395,447,20704,0,0
1784087093122,nx-q6-nexmark-auto-213939,Executor2,Stage1-1-0,0,5438,5315,18964,6089,589432,595,369702
1784087093122,nx-q6-nexmark-auto-213939,Executor2,Stage2-1-0,0,3759,172,96690,5200,249469,78,8248
1784087093122,nx-q6-nexmark-auto-213939,Executor2,Stage3-1-0,0,66,0,2655,87,2507,0,0
1784087093152,nx-q6-nexmark-auto-213939,Executor4,Stage1-3-0,0,4933,4853,18078,6388,525458,646,368562
1784087093152,nx-q6-nexmark-auto-213939,Executor4,Stage2-3-0,0,4051,167,93816,4803,249621,42,9297
1784087093152,nx-q6-nexmark-auto-213939,Executor4,Stage3-3-0,0,55,0,2395,93,2417,0,0
1784087093189,nx-q6-nexmark-auto-213939,Executor1,Stage1-2-0,0,4978,4865,17711,5800,533789,612,368347
1784087093189,nx-q6-nexmark-auto-213939,Executor1,Stage2-2-0,0,3620,160,83397,4612,255284,95,8284
1784087093189,nx-q6-nexmark-auto-213939,Executor1,Stage3-2-0,0,71,0,3151,125,2678,0,0
1784087093249,nx-q6-nexmark-auto-213939,Executor0,Stage0-0-0,0,5003,5003,17226,0,0,463,557112
1784087093249,nx-q6-nexmark-auto-213939,Executor0,Stage0-1-0,0,5002,5002,17675,0,0,499,540856
1784087093249,nx-q6-nexmark-auto-213939,Executor0,Stage0-2-0,0,4997,4997,17155,0,0,384,562412
1784087093249,nx-q6-nexmark-auto-213939,Executor0,Stage0-3-0,0,4998,4998,17222,0,0,418,536361
1784087094110,nx-q6-nexmark-auto-213939,Executor3,Stage1-0-0,0,5084,4980,8465,3507,539212,496,231663
1784087094110,nx-q6-nexmark-auto-213939,Executor3,Stage2-0-0,0,9719,3,135191,8219,559334,78,5135
1784087094110,nx-q6-nexmark-auto-213939,Executor3,Stage3-0-0,0,384,0,6842,339,17418,0,0
1784087094122,nx-q6-nexmark-auto-213939,Executor2,Stage1-1-0,0,4995,4892,16497,5445,538272,519,381031
1784087094122,nx-q6-nexmark-auto-213939,Executor2,Stage2-1-0,0,3122,176,78847,4655,215454,94,10379
1784087094122,nx-q6-nexmark-auto-213939,Executor2,Stage3-1-0,0,92,0,3950,147,4261,0,0
1784087094152,nx-q6-nexmark-auto-213939,Executor4,Stage1-3-0,0,5032,4936,18023,5813,537073,455,383011
1784087094152,nx-q6-nexmark-auto-213939,Executor4,Stage2-3-0,0,2655,166,72195,4414,223401,133,11741
1784087094152,nx-q6-nexmark-auto-213939,Executor4,Stage3-3-0,0,96,0,4187,165,4446,0,0
1784087094189,nx-q6-nexmark-auto-213939,Executor1,Stage1-2-0,0,4936,4846,25424,9104,528394,580,351232
1784087094189,nx-q6-nexmark-auto-213939,Executor1,Stage2-2-0,0,2971,189,73170,4061,218394,115,12387
1784087094189,nx-q6-nexmark-auto-213939,Executor1,Stage3-2-0,0,87,0,4163,168,4358,0,0
1784087094249,nx-q6-nexmark-auto-213939,Executor0,Stage0-0-0,0,4997,4997,16865,0,0,485,570493
1784087094249,nx-q6-nexmark-auto-213939,Executor0,Stage0-1-0,0,4998,4998,17420,0,0,533,585108
1784087094249,nx-q6-nexmark-auto-213939,Executor0,Stage0-2-0,0,5003,5003,17122,0,0,646,582889
1784087094249,nx-q6-nexmark-auto-213939,Executor0,Stage0-3-0,0,5002,5002,17066,0,0,513,587603
1784087095110,nx-q6-nexmark-auto-213939,Executor3,Stage1-0-0,0,5044,4939,7774,1209,537745,440,201362
1784087095110,nx-q6-nexmark-auto-213939,Executor3,Stage2-0-0,0,11420,181,141995,8931,663822,23,4189
1784087095110,nx-q6-nexmark-auto-213939,Executor3,Stage3-0-0,0,493,0,7805,404,22013,0,0
1784087095122,nx-q6-nexmark-auto-213939,Executor2,Stage1-1-0,0,5524,5399,22343,7269,595291,610,396022
1784087095122,nx-q6-nexmark-auto-213939,Executor2,Stage2-1-0,0,2588,167,68802,3976,191846,41,10779
1784087095122,nx-q6-nexmark-auto-213939,Executor2,Stage3-1-0,0,80,0,3994,172,4012,0,0
1784087095152,nx-q6-nexmark-auto-213939,Executor4,Stage1-3-0,0,4699,4602,15159,5205,505171,612,389106
1784087095152,nx-q6-nexmark-auto-213939,Executor4,Stage2-3-0,0,2319,153,69846,4352,186740,126,10512
1784087095152,nx-q6-nexmark-auto-213939,Executor4,Stage3-3-0,0,65,0,3161,173,3225,0,0
1784087095189,nx-q6-nexmark-auto-213939,Executor1,Stage1-2-0,0,5024,4921,27144,9787,533541,660,386602
1784087095189,nx-q6-nexmark-auto-213939,Executor1,Stage2-2-0,0,2753,151,68318,3572,193187,55,12097
1784087095189,nx-q6-nexmark-auto-213939,Executor1,Stage3-2-0,0,62,0,2668,106,2855,0,0
1784087095249,nx-q6-nexmark-auto-213939,Executor0,Stage0-0-0,0,5003,5003,17396,0,0,847,592892
1784087095249,nx-q6-nexmark-auto-213939,Executor0,Stage0-1-0,0,5002,5002,17769,0,0,677,593973
1784087095249,nx-q6-nexmark-auto-213939,Executor0,Stage0-2-0,0,4997,4997,17064,0,0,876,598623
1784087095249,nx-q6-nexmark-auto-213939,Executor0,Stage0-3-0,0,4998,4998,18001,0,0,769,564175
1784087096110,nx-q6-nexmark-auto-213939,Executor3,Stage1-0-0,0,4935,4844,8040,993,525969,577,235942
1784087096110,nx-q6-nexmark-auto-213939,Executor3,Stage2-0-0,0,10304,188,132262,7598,620091,86,2887
1784087096110,nx-q6-nexmark-auto-213939,Executor3,Stage3-0-0,0,477,0,7959,393,22031,0,0
1784087096122,nx-q6-nexmark-auto-213939,Executor2,Stage1-1-0,0,5468,5356,21491,6270,592504,519,374636
1784087096122,nx-q6-nexmark-auto-213939,Executor2,Stage2-1-0,0,3214,135,82995,4472,222774,63,10769
1784087096122,nx-q6-nexmark-auto-213939,Executor2,Stage3-1-0,0,47,0,2648,104,2089,0,0
1784087096152,nx-q6-nexmark-auto-213939,Executor4,Stage1-3-0,0,5386,5265,20275,6760,577805,503,378866
1784087096152,nx-q6-nexmark-auto-213939,Executor4,Stage2-3-0,0,3709,146,87414,4456,219178,103,9493
1784087096152,nx-q6-nexmark-auto-213939,Executor4,Stage3-3-0,0,32,0,1801,90,1676,0,0
1784087096189,nx-q6-nexmark-auto-213939,Executor1,Stage1-2-0,0,4899,4795,27626,10026,525353,541,370946
1784087096189,nx-q6-nexmark-auto-213939,Executor1,Stage2-2-0,0,2982,139,76793,4267,226304,26,8262
1784087096189,nx-q6-nexmark-auto-213939,Executor1,Stage3-2-0,0,46,0,2261,98,2206,0,0
1784087096249,nx-q6-nexmark-auto-213939,Executor0,Stage0-0-0,0,4997,4997,25378,0,0,635,505084
1784087096249,nx-q6-nexmark-auto-213939,Executor0,Stage0-1-0,0,4998,4998,25990,0,0,662,495196
1784087096249,nx-q6-nexmark-auto-213939,Executor0,Stage0-2-0,0,5003,5003,17906,0,0,432,512720
1784087096249,nx-q6-nexmark-auto-213939,Executor0,Stage0-3-0,0,5002,5002,4452,0,0,1268,799233
1784087097110,nx-q6-nexmark-auto-213939,Executor3,Stage1-0-0,0,4953,4871,7503,1350,532363,500,192469
1784087097110,nx-q6-nexmark-auto-213939,Executor3,Stage2-0-0,0,11580,92,147941,8930,664849,25,2244
1784087097110,nx-q6-nexmark-auto-213939,Executor3,Stage3-0-0,0,322,0,7351,473,13447,0,0
1784087097122,nx-q6-nexmark-auto-213939,Executor2,Stage1-1-0,0,4972,4870,19903,6016,522024,388,402137
1784087097122,nx-q6-nexmark-auto-213939,Executor2,Stage2-1-0,0,2280,135,59059,3569,170000,72,8637
1784087097122,nx-q6-nexmark-auto-213939,Executor2,Stage3-1-0,0,56,0,3556,186,2787,0,0
1784087097152,nx-q6-nexmark-auto-213939,Executor4,Stage1-3-0,0,4983,4872,17827,5632,536447,709,409799
1784087097152,nx-q6-nexmark-auto-213939,Executor4,Stage2-3-0,0,2437,137,76658,4562,173189,77,9070
1784087097152,nx-q6-nexmark-auto-213939,Executor4,Stage3-3-0,0,41,0,2657,125,2028,0,0
1784087097189,nx-q6-nexmark-auto-213939,Executor1,Stage1-2-0,0,5008,4925,28881,10202,536988,226,407110
1784087097189,nx-q6-nexmark-auto-213939,Executor1,Stage2-2-0,0,2421,147,62117,3339,174678,30,10269
1784087097189,nx-q6-nexmark-auto-213939,Executor1,Stage3-2-0,0,47,0,2195,86,1894,0,0
1784087097249,nx-q6-nexmark-auto-213939,Executor0,Stage0-0-0,0,5003,5003,17762,0,0,501,642784
1784087097249,nx-q6-nexmark-auto-213939,Executor0,Stage0-1-0,0,5002,5002,17688,0,0,493,641661
1784087097249,nx-q6-nexmark-auto-213939,Executor0,Stage0-2-0,0,4997,4997,17732,0,0,497,634526
1784087097249,nx-q6-nexmark-auto-213939,Executor0,Stage0-3-0,0,4998,4998,17474,0,0,460,338409
1784087098110,nx-q6-nexmark-auto-213939,Executor3,Stage1-0-0,0,4934,4842,7374,517,526397,487,206548
1784087098110,nx-q6-nexmark-auto-213939,Executor3,Stage2-0-0,0,12354,167,145967,8268,749169,37,2606
1784087098110,nx-q6-nexmark-auto-213939,Executor3,Stage3-0-0,0,535,0,7485,312,24710,0,0
1784087098122,nx-q6-nexmark-auto-213939,Executor2,Stage1-1-0,0,4903,4801,21447,6412,525862,403,397457
1784087098122,nx-q6-nexmark-auto-213939,Executor2,Stage2-1-0,0,2786,113,81999,4727,199861,198,15308
1784087098122,nx-q6-nexmark-auto-213939,Executor2,Stage3-1-0,0,54,0,2598,125,2909,0,0
1784087098152,nx-q6-nexmark-auto-213939,Executor4,Stage1-3-0,0,4976,4879,18371,5889,532858,678,398211
1784087098152,nx-q6-nexmark-auto-213939,Executor4,Stage2-3-0,0,2620,121,68910,4072,196069,31,9362
1784087098152,nx-q6-nexmark-auto-213939,Executor4,Stage3-3-0,0,34,0,1927,96,1615,0,0
1784087098189,nx-q6-nexmark-auto-213939,Executor1,Stage1-2-0,0,5041,4947,29255,10402,534790,644,393212
1784087098189,nx-q6-nexmark-auto-213939,Executor1,Stage2-2-0,0,2597,116,66494,3707,197110,11,7499
1784087098189,nx-q6-nexmark-auto-213939,Executor1,Stage3-2-0,0,49,0,2328,111,2383,0,0
1784087098249,nx-q6-nexmark-auto-213939,Executor0,Stage0-0-0,0,4997,4997,20507,0,0,404,542498
1784087098249,nx-q6-nexmark-auto-213939,Executor0,Stage0-1-0,0,4998,4998,16832,0,0,544,599179
1784087098249,nx-q6-nexmark-auto-213939,Executor0,Stage0-2-0,0,5003,5003,16078,0,0,415,581551
1784087098249,nx-q6-nexmark-auto-213939,Executor0,Stage0-3-0,0,5002,5002,22807,0,0,516,532545
1784087099110,nx-q6-nexmark-auto-213939,Executor3,Stage1-0-0,0,4989,4881,7173,950,540991,418,174180
1784087099110,nx-q6-nexmark-auto-213939,Executor3,Stage2-0-0,0,12218,112,147654,9233,702484,27,1325
1784087099110,nx-q6-nexmark-auto-213939,Executor3,Stage3-0-0,0,334,0,5439,278,14046,0,0
1784087099122,nx-q6-nexmark-auto-213939,Executor2,Stage1-1-0,0,5359,5252,25616,8259,571797,698,490106
1784087099122,nx-q6-nexmark-auto-213939,Executor2,Stage2-1-0,0,2092,153,55901,3432,158834,28,8482
1784087099122,nx-q6-nexmark-auto-213939,Executor2,Stage3-1-0,0,47,0,2295,91,1834,0,0
1784087099152,nx-q6-nexmark-auto-213939,Executor4,Stage1-3-0,0,4670,4575,20219,7236,502763,828,393852
1784087099152,nx-q6-nexmark-auto-213939,Executor4,Stage2-3-0,0,1578,149,60995,3516,159630,69,7437
1784087099152,nx-q6-nexmark-auto-213939,Executor4,Stage3-3-0,0,40,0,2012,127,1633,0,0
1784087099189,nx-q6-nexmark-auto-213939,Executor1,Stage1-2-0,0,5123,5023,31281,11139,548129,648,435813
1784087099189,nx-q6-nexmark-auto-213939,Executor1,Stage2-2-0,0,2059,150,54093,3511,163728,11,9762
1784087099189,nx-q6-nexmark-auto-213939,Executor1,Stage3-2-0,0,28,0,1676,71,1059,0,0
1784087099249,nx-q6-nexmark-auto-213939,Executor0,Stage0-0-0,0,5003,5003,17343,0,0,545,621647
1784087099249,nx-q6-nexmark-auto-213939,Executor0,Stage0-1-0,0,5002,5002,17622,0,0,494,539044
1784087099249,nx-q6-nexmark-auto-213939,Executor0,Stage0-2-0,0,4997,4997,23463,0,0,431,515135
1784087099249,nx-q6-nexmark-auto-213939,Executor0,Stage0-3-0,0,4998,4998,17270,0,0,472,618327
1784087100110,nx-q6-nexmark-auto-213939,Executor3,Stage1-0-0,0,4921,4822,6611,668,525994,301,137279
1784087100110,nx-q6-nexmark-auto-213939,Executor3,Stage2-0-0,0,13398,149,157284,8933,758610,33,3111
1784087100110,nx-q6-nexmark-auto-213939,Executor3,Stage3-0-0,0,475,0,7033,326,22087,0,0
1784087100122,nx-q6-nexmark-auto-213939,Executor2,Stage1-1-0,0,6156,6030,27712,8746,657366,622,452872
1784087100122,nx-q6-nexmark-auto-213939,Executor2,Stage2-1-0,0,1718,87,45590,2825,133479,32,7795
1784087100122,nx-q6-nexmark-auto-213939,Executor2,Stage3-1-0,0,50,0,2874,141,2853,0,0
1784087100152,nx-q6-nexmark-auto-213939,Executor4,Stage1-3-0,0,5211,5104,24760,9444,560857,653,405300
1784087100152,nx-q6-nexmark-auto-213939,Executor4,Stage2-3-0,0,2221,94,56394,2853,130759,65,8374
1784087100152,nx-q6-nexmark-auto-213939,Executor4,Stage3-3-0,0,35,0,1894,91,1868,0,0
1784087100189,nx-q6-nexmark-auto-213939,Executor1,Stage1-2-0,0,5063,4962,29656,10517,537616,640,430139
1784087100189,nx-q6-nexmark-auto-213939,Executor1,Stage2-2-0,0,1716,103,44974,2504,128923,3,7159
1784087100189,nx-q6-nexmark-auto-213939,Executor1,Stage3-2-0,0,37,0,1995,95,2170,0,0
1784087100249,nx-q6-nexmark-auto-213939,Executor0,Stage0-0-0,0,4997,4997,16460,0,0,486,557190
1784087100249,nx-q6-nexmark-auto-213939,Executor0,Stage0-1-0,0,4998,4998,16756,0,0,539,567653
1784087100249,nx-q6-nexmark-auto-213939,Executor0,Stage0-2-0,0,5003,5003,17056,0,0,542,623243
1784087100249,nx-q6-nexmark-auto-213939,Executor0,Stage0-3-0,0,5002,5002,16232,0,0,446,570280
1784087101110,nx-q6-nexmark-auto-213939,Executor3,Stage1-0-0,0,4997,4894,7007,654,536743,464,185718
1784087101110,nx-q6-nexmark-auto-213939,Executor3,Stage2-0-0,0,14250,102,166175,9694,874877,17,401
1784087101110,nx-q6-nexmark-auto-213939,Executor3,Stage3-0-0,0,359,0,4900,251,15658,0,0
1784087101122,nx-q6-nexmark-auto-213939,Executor2,Stage1-1-0,0,4973,4874,22293,6480,532473,566,390216
1784087101122,nx-q6-nexmark-auto-213939,Executor2,Stage2-1-0,0,2279,86,62224,3605,169184,70,5072
1784087101122,nx-q6-nexmark-auto-213939,Executor2,Stage3-1-0,0,19,0,1255,48,626,0,0
1784087101152,nx-q6-nexmark-auto-213939,Executor4,Stage1-3-0,0,4990,4904,21269,7614,523982,599,390746
1784087101152,nx-q6-nexmark-auto-213939,Executor4,Stage2-3-0,0,2111,92,60149,3818,169537,26,5385
1784087101152,nx-q6-nexmark-auto-213939,Executor4,Stage3-3-0,0,17,0,991,53,837,0,0
1784087101190,nx-q6-nexmark-auto-213939,Executor1,Stage1-2-0,0,5063,4959,29788,10464,546015,807,398871
1784087101190,nx-q6-nexmark-auto-213939,Executor1,Stage2-2-0,0,2112,88,56157,3250,173805,11,5872
1784087101190,nx-q6-nexmark-auto-213939,Executor1,Stage3-2-0,0,10,0,761,37,384,0,0
1784087101249,nx-q6-nexmark-auto-213939,Executor0,Stage0-0-0,0,5003,5003,17326,0,0,576,581295
1784087101249,nx-q6-nexmark-auto-213939,Executor0,Stage0-1-0,0,5002,5002,17345,0,0,593,561477
1784087101249,nx-q6-nexmark-auto-213939,Executor0,Stage0-2-0,0,4997,4997,11007,0,0,551,645795
1784087101249,nx-q6-nexmark-auto-213939,Executor0,Stage0-3-0,0,4998,4998,17987,0,0,494,558812
1784087102110,nx-q6-nexmark-auto-213939,Executor3,Stage1-0-0,0,5030,4924,11114,5453,542870,388,140366
1784087102110,nx-q6-nexmark-auto-213939,Executor3,Stage2-0-0,0,13923,105,155530,10466,792794,49,1362
1784087102110,nx-q6-nexmark-auto-213939,Executor3,Stage3-0-0,0,294,0,5428,226,12383,0,0
1784087102122,nx-q6-nexmark-auto-213939,Executor2,Stage1-1-0,0,4381,4291,23551,7914,471210,449,410918
1784087102122,nx-q6-nexmark-auto-213939,Executor2,Stage2-1-0,0,1467,154,41474,2858,130655,94,8685
1784087102122,nx-q6-nexmark-auto-213939,Executor2,Stage3-1-0,0,38,0,1984,78,1376,0,0
1784087102152,nx-q6-nexmark-auto-213939,Executor4,Stage1-3-0,0,5107,5019,27410,10640,544622,557,407961
1784087102152,nx-q6-nexmark-auto-213939,Executor4,Stage2-3-0,0,1677,159,45495,2793,131125,83,9326
1784087102152,nx-q6-nexmark-auto-213939,Executor4,Stage3-3-0,0,37,0,1858,76,1487,0,0
1784087102189,nx-q6-nexmark-auto-213939,Executor1,Stage1-2-0,0,4912,4805,28036,10105,526416,695,430194
1784087102189,nx-q6-nexmark-auto-213939,Executor1,Stage2-2-0,0,1628,145,40606,2428,129561,16,9082
1784087102189,nx-q6-nexmark-auto-213939,Executor1,Stage3-2-0,0,34,0,1689,67,1157,0,0
1784087102249,nx-q6-nexmark-auto-213939,Executor0,Stage0-0-0,0,4997,4997,16999,0,0,678,585717
1784087102249,nx-q6-nexmark-auto-213939,Executor0,Stage0-1-0,0,4998,4998,17801,0,0,566,581660
1784087102249,nx-q6-nexmark-auto-213939,Executor0,Stage0-2-0,0,5003,5003,18023,0,0,458,505026
1784087102249,nx-q6-nexmark-auto-213939,Executor0,Stage0-3-0,0,5002,5002,17506,0,0,516,606661
1784087103111,nx-q6-nexmark-auto-213939,Executor3,Stage1-0-0,0,4927,4835,7007,839,530791,442,157956
1784087103111,nx-q6-nexmark-auto-213939,Executor3,Stage2-0-0,0,14705,146,160141,10048,880761,33,2943
1784087103111,nx-q6-nexmark-auto-213939,Executor3,Stage3-0-0,0,443,0,6574,346,20255,0,0
1784087103122,nx-q6-nexmark-auto-213939,Executor2,Stage1-1-0,0,5460,5339,29622,10696,581457,479,408244
1784087103122,nx-q6-nexmark-auto-213939,Executor2,Stage2-1-0,0,1983,78,54978,3264,154573,103,5302
1784087103122,nx-q6-nexmark-auto-213939,Executor2,Stage3-1-0,0,56,0,2676,117,2883,0,0
1784087103152,nx-q6-nexmark-auto-213939,Executor4,Stage1-3-0,0,5050,4947,27891,11256,541608,575,414181
1784087103152,nx-q6-nexmark-auto-213939,Executor4,Stage2-3-0,0,1871,63,52693,3216,150250,78,5239
1784087103152,nx-q6-nexmark-auto-213939,Executor4,Stage3-3-0,0,39,0,2087,91,1770,0,0
1784087103189,nx-q6-nexmark-auto-213939,Executor1,Stage1-2-0,0,5101,5002,29101,10559,545850,758,398658
1784087103189,nx-q6-nexmark-auto-213939,Executor1,Stage2-2-0,0,2163,71,55757,2941,151989,12,4780
1784087103189,nx-q6-nexmark-auto-213939,Executor1,Stage3-2-0,0,40,0,2372,114,2249,0,0
1784087103249,nx-q6-nexmark-auto-213939,Executor0,Stage0-0-0,0,5003,5003,17862,0,0,561,573641
1784087103249,nx-q6-nexmark-auto-213939,Executor0,Stage0-1-0,0,5002,5002,17064,0,0,656,578559
1784087103249,nx-q6-nexmark-auto-213939,Executor0,Stage0-2-0,0,4997,4997,14628,0,0,640,607347
1784087103249,nx-q6-nexmark-auto-213939,Executor0,Stage0-3-0,0,4998,4998,17082,0,0,470,544250
1784087104110,nx-q6-nexmark-auto-213939,Executor3,Stage1-0-0,0,4955,4849,7645,754,528954,606,213314
1784087104110,nx-q6-nexmark-auto-213939,Executor3,Stage2-0-0,0,11993,82,153087,8726,734595,28,1893
1784087104110,nx-q6-nexmark-auto-213939,Executor3,Stage3-0-0,0,202,0,3495,173,8632,0,0
1784087104122,nx-q6-nexmark-auto-213939,Executor2,Stage1-1-0,0,4392,4312,20127,6415,472375,636,370624
1784087104122,nx-q6-nexmark-auto-213939,Executor2,Stage2-1-0,0,2780,91,76355,4388,198284,34,5348
1784087104122,nx-q6-nexmark-auto-213939,Executor2,Stage3-1-0,0,34,0,1824,81,1540,0,0
1784087104152,nx-q6-nexmark-auto-213939,Executor4,Stage1-3-0,0,5055,4969,19280,6609,544219,608,395413
1784087104152,nx-q6-nexmark-auto-213939,Executor4,Stage2-3-0,0,3099,94,80576,4431,201201,44,5139
1784087104152,nx-q6-nexmark-auto-213939,Executor4,Stage3-3-0,0,32,0,1603,68,1284,0,0
1784087104189,nx-q6-nexmark-auto-213939,Executor1,Stage1-2-0,0,4919,4825,29765,10705,527803,810,372418
1784087104189,nx-q6-nexmark-auto-213939,Executor1,Stage2-2-0,0,2824,96,75348,3966,198135,13,6152
1784087104189,nx-q6-nexmark-auto-213939,Executor1,Stage3-2-0,0,26,0,1485,65,1137,0,0
1784087104249,nx-q6-nexmark-auto-213939,Executor0,Stage0-0-0,0,4997,4997,17138,0,0,825,597863
1784087104249,nx-q6-nexmark-auto-213939,Executor0,Stage0-1-0,0,4998,4998,19087,0,0,611,569303
1784087104249,nx-q6-nexmark-auto-213939,Executor0,Stage0-2-0,0,5003,5003,18395,0,0,593,574427
1784087104249,nx-q6-nexmark-auto-213939,Executor0,Stage0-3-0,0,5002,5002,17930,0,0,612,583979
1784087105110,nx-q6-nexmark-auto-213939,Executor3,Stage1-0-0,0,5077,4953,7833,1065,541257,571,215531
1784087105110,nx-q6-nexmark-auto-213939,Executor3,Stage2-0-0,0,11151,103,141546,8666,658595,26,1519
1784087105110,nx-q6-nexmark-auto-213939,Executor3,Stage3-0-0,0,263,0,4387,213,11301,0,0
1784087105122,nx-q6-nexmark-auto-213939,Executor2,Stage1-1-0,0,4206,4119,17032,5028,447689,443,273105
1784087105122,nx-q6-nexmark-auto-213939,Executor2,Stage2-1-0,0,2821,143,74047,4211,204130,19,1570
1784087105122,nx-q6-nexmark-auto-213939,Executor2,Stage3-1-0,0,31,0,1763,80,1114,0,0
1784087105152,nx-q6-nexmark-auto-213939,Executor4,Stage1-3-0,0,4995,4889,18971,6170,534898,610,406742
1784087105152,nx-q6-nexmark-auto-213939,Executor4,Stage2-3-0,0,2793,143,68956,4001,199612,38,6841
1784087105152,nx-q6-nexmark-auto-213939,Executor4,Stage3-3-0,0,50,0,2566,102,1448,0,0
1784087105189,nx-q6-nexmark-auto-213939,Executor1,Stage1-2-0,0,4876,4772,28730,10680,520860,780,369731
1784087105189,nx-q6-nexmark-auto-213939,Executor1,Stage2-2-0,0,2904,137,75872,4112,202408,9,6160
1784087105189,nx-q6-nexmark-auto-213939,Executor1,Stage3-2-0,0,54,0,2291,88,2003,0,0
1784087105249,nx-q6-nexmark-auto-213939,Executor0,Stage0-0-0,0,5003,5003,18118,0,0,775,577409
1784087105249,nx-q6-nexmark-auto-213939,Executor0,Stage0-1-0,0,5002,5002,17887,0,0,667,588615
1784087105249,nx-q6-nexmark-auto-213939,Executor0,Stage0-2-0,0,4997,4997,17642,0,0,771,570411
1784087105249,nx-q6-nexmark-auto-213939,Executor0,Stage0-3-0,0,4998,4998,19226,0,0,764,576994
1784087106110,nx-q6-nexmark-auto-213939,Executor3,Stage1-0-0,0,5089,5000,8293,1472,544737,656,241446
1784087106110,nx-q6-nexmark-auto-213939,Executor3,Stage2-0-0,0,10434,154,138851,8322,623564,41,4082
1784087106110,nx-q6-nexmark-auto-213939,Executor3,Stage3-0-0,0,340,0,6085,288,14390,0,0
1784087106122,nx-q6-nexmark-auto-213939,Executor2,Stage1-1-0,0,4788,4683,18462,5495,512709,709,382974
1784087106122,nx-q6-nexmark-auto-213939,Executor2,Stage2-1-0,0,3151,125,81215,4384,219168,37,9089
1784087106122,nx-q6-nexmark-auto-213939,Executor2,Stage3-1-0,0,70,0,3102,112,2974,0,0
1784087106152,nx-q6-nexmark-auto-213939,Executor4,Stage1-3-0,0,4964,4870,17983,6016,533616,615,376229
1784087106152,nx-q6-nexmark-auto-213939,Executor4,Stage2-3-0,0,3010,122,80015,4740,222766,79,7031
1784087106152,nx-q6-nexmark-auto-213939,Executor4,Stage3-3-0,0,83,0,3657,149,3964,0,0
1784087106189,nx-q6-nexmark-auto-213939,Executor1,Stage1-2-0,0,4990,4881,27118,10174,536123,983,367425
1784087106189,nx-q6-nexmark-auto-213939,Executor1,Stage2-2-0,0,3392,130,83756,4241,224244,58,7910
1784087106189,nx-q6-nexmark-auto-213939,Executor1,Stage3-2-0,0,80,0,3338,134,3693,0,0
1784087106249,nx-q6-nexmark-auto-213939,Executor0,Stage0-0-0,0,4997,4997,18161,0,0,678,568751
1784087106249,nx-q6-nexmark-auto-213939,Executor0,Stage0-1-0,0,4998,4998,17659,0,0,676,560586
1784087106249,nx-q6-nexmark-auto-213939,Executor0,Stage0-2-0,0,5003,5003,17215,0,0,669,580529
1784087106249,nx-q6-nexmark-auto-213939,Executor0,Stage0-3-0,0,5002,5002,17744,0,0,801,580579
1784087107110,nx-q6-nexmark-auto-213939,Executor3,Stage1-0-0,0,5003,4905,8794,2155,530514,809,266278
1784087107110,nx-q6-nexmark-auto-213939,Executor3,Stage2-0-0,0,8764,300,126338,7257,529515,48,4584
1784087107110,nx-q6-nexmark-auto-213939,Executor3,Stage3-0-0,0,274,0,5611,276,12116,0,0
1784087107122,nx-q6-nexmark-auto-213939,Executor2,Stage1-1-0,0,3602,3546,12961,4072,384367,585,362820
1784087107122,nx-q6-nexmark-auto-213939,Executor2,Stage2-1-0,0,3116,169,104870,5611,190610,53,7319
1784087107122,nx-q6-nexmark-auto-213939,Executor2,Stage3-1-0,0,51,0,4488,150,3112,0,0
1784087107152,nx-q6-nexmark-auto-213939,Executor4,Stage1-3-0,0,992,971,6350,2361,106041,509,245860
1784087107152,nx-q6-nexmark-auto-213939,Executor4,Stage2-3-0,0,3152,167,113891,6378,246912,33,3133
1784087107152,nx-q6-nexmark-auto-213939,Executor4,Stage3-3-0,0,64,0,5131,185,3903,0,0
1784087107189,nx-q6-nexmark-auto-213939,Executor1,Stage1-2-0,0,4958,4859,17361,5648,530623,655,385640
1784087107189,nx-q6-nexmark-auto-213939,Executor1,Stage2-2-0,0,3537,159,83660,4481,245428,80,10744
1784087107189,nx-q6-nexmark-auto-213939,Executor1,Stage3-2-0,0,73,0,3966,144,3992,0,0
1784087107249,nx-q6-nexmark-auto-213939,Executor0,Stage0-0-0,0,5003,5003,18058,0,0,692,568524
1784087107249,nx-q6-nexmark-auto-213939,Executor0,Stage0-1-0,0,5002,5002,17881,0,0,844,587777
1784087107249,nx-q6-nexmark-auto-213939,Executor0,Stage0-2-0,0,4997,4997,16943,0,0,821,597020
1784087107249,nx-q6-nexmark-auto-213939,Executor0,Stage0-3-0,0,4998,4998,18579,0,0,709,560846
1784087108110,nx-q6-nexmark-auto-213939,Executor3,Stage1-0-0,0,5005,4917,8312,2787,537596,725,246113
1784087108110,nx-q6-nexmark-auto-213939,Executor3,Stage2-0-0,0,9660,23,130859,8180,570869,97,3518
1784087108110,nx-q6-nexmark-auto-213939,Executor3,Stage3-0-0,0,487,0,7965,379,21497,0,0
1784087108122,nx-q6-nexmark-auto-213939,Executor2,Stage1-1-0,0,5831,5712,14965,4652,622817,415,375696
1784087108122,nx-q6-nexmark-auto-213939,Executor2,Stage2-1-0,0,3816,192,92756,5055,275010,25,10770
1784087108122,nx-q6-nexmark-auto-213939,Executor2,Stage3-1-0,0,72,0,3259,118,2440,0,0
1784087108152,nx-q6-nexmark-auto-213939,Executor4,Stage1-3-0,0,9129,8948,37585,14148,971123,985,511978
1784087108152,nx-q6-nexmark-auto-213939,Executor4,Stage2-3-0,0,3623,190,88477,4262,226048,212,19877
1784087108152,nx-q6-nexmark-auto-213939,Executor4,Stage3-3-0,0,94,0,4439,163,3670,0,0
1784087108189,nx-q6-nexmark-auto-213939,Executor1,Stage1-2-0,0,4895,4804,25405,9157,527291,540,347983
1784087108189,nx-q6-nexmark-auto-213939,Executor1,Stage2-2-0,0,3113,196,79789,4256,221577,46,12368
1784087108189,nx-q6-nexmark-auto-213939,Executor1,Stage3-2-0,0,63,0,2657,108,2873,0,0
1784087108249,nx-q6-nexmark-auto-213939,Executor0,Stage0-0-0,0,4997,4997,17560,0,0,1063,597385
1784087108249,nx-q6-nexmark-auto-213939,Executor0,Stage0-1-0,0,4998,4998,16988,0,0,1192,586884
1784087108249,nx-q6-nexmark-auto-213939,Executor0,Stage0-2-0,0,5003,5003,17138,0,0,843,544631
1784087108249,nx-q6-nexmark-auto-213939,Executor0,Stage0-3-0,0,5002,5002,16833,0,0,1226,575191
1784087109110,nx-q6-nexmark-auto-213939,Executor3,Stage1-0-0,0,5008,4891,7935,1475,535019,636,220662
1784087109110,nx-q6-nexmark-auto-213939,Executor3,Stage2-0-0,0,10659,167,142350,8335,626771,77,3667
1784087109110,nx-q6-nexmark-auto-213939,Executor3,Stage3-0-0,0,543,0,8555,433,24041,0,0
1784087109122,nx-q6-nexmark-auto-213939,Executor2,Stage1-1-0,0,5201,5096,19545,6007,563367,400,381257
1784087109122,nx-q6-nexmark-auto-213939,Executor2,Stage2-1-0,0,2894,155,74656,4131,201039,79,12188
1784087109122,nx-q6-nexmark-auto-213939,Executor2,Stage3-1-0,0,67,0,3197,150,3349,0,0
1784087109152,nx-q6-nexmark-auto-213939,Executor4,Stage1-3-0,0,4922,4823,17018,5596,527652,535,380385
1784087109152,nx-q6-nexmark-auto-213939,Executor4,Stage2-3-0,0,3241,161,76157,4087,204648,97,11822
1784087109152,nx-q6-nexmark-auto-213939,Executor4,Stage3-3-0,0,83,0,3855,189,4401,0,0
1784087109189,nx-q6-nexmark-auto-213939,Executor1,Stage1-2-0,0,5032,4936,30378,11276,536294,604,360415
1784087109189,nx-q6-nexmark-auto-213939,Executor1,Stage2-2-0,0,2960,175,77432,3979,204535,37,11703
1784087109189,nx-q6-nexmark-auto-213939,Executor1,Stage3-2-0,0,66,0,2934,118,3026,0,0
1784087109249,nx-q6-nexmark-auto-213939,Executor0,Stage0-0-0,0,5003,5003,17584,0,0,1110,578960
1784087109249,nx-q6-nexmark-auto-213939,Executor0,Stage0-1-0,0,5002,5002,17650,0,0,1097,558944
1784087109249,nx-q6-nexmark-auto-213939,Executor0,Stage0-2-0,0,4997,4997,17738,0,0,1007,573495
1784087109249,nx-q6-nexmark-auto-213939,Executor0,Stage0-3-0,0,4998,4998,11843,0,0,1541,653364
1784087110110,nx-q6-nexmark-auto-213939,Executor3,Stage1-0-0,0,5029,4916,8104,824,536544,693,232233
1784087110110,nx-q6-nexmark-auto-213939,Executor3,Stage2-0-0,0,10167,160,146260,7059,594388,82,3024
1784087110110,nx-q6-nexmark-auto-213939,Executor3,Stage3-0-0,0,387,0,6285,345,16140,0,0
1784087110122,nx-q6-nexmark-auto-213939,Executor2,Stage1-1-0,0,4619,4535,17770,5159,496692,476,383398
1784087110122,nx-q6-nexmark-auto-213939,Executor2,Stage2-1-0,0,3084,125,76992,4045,215074,75,10069
1784087110122,nx-q6-nexmark-auto-213939,Executor2,Stage3-1-0,0,58,0,2727,127,2641,0,0
1784087110152,nx-q6-nexmark-auto-213939,Executor4,Stage1-3-0,0,4976,4873,18245,5772,531409,532,382874
1784087110152,nx-q6-nexmark-auto-213939,Executor4,Stage2-3-0,0,2702,132,69568,4161,211987,79,8205
1784087110152,nx-q6-nexmark-auto-213939,Executor4,Stage3-3-0,0,55,0,3197,151,2745,0,0
1784087110189,nx-q6-nexmark-auto-213939,Executor1,Stage1-2-0,0,4989,4908,23329,7795,536038,830,392485
1784087110189,nx-q6-nexmark-auto-213939,Executor1,Stage2-2-0,0,2848,134,71411,3879,208909,77,8898
1784087110189,nx-q6-nexmark-auto-213939,Executor1,Stage3-2-0,0,45,0,2037,89,1891,0,0
1784087110249,nx-q6-nexmark-auto-213939,Executor0,Stage0-0-0,0,4997,4997,18407,0,0,1492,570230
1784087110249,nx-q6-nexmark-auto-213939,Executor0,Stage0-1-0,0,4998,4998,18444,0,0,1633,563466
1784087110249,nx-q6-nexmark-auto-213939,Executor0,Stage0-2-0,0,5003,5003,17935,0,0,1648,620928
1784087110249,nx-q6-nexmark-auto-213939,Executor0,Stage0-3-0,0,5002,5002,18771,0,0,1491,494587
1784087111110,nx-q6-nexmark-auto-213939,Executor3,Stage1-0-0,0,4956,4855,7881,4901,529648,291,193210
1784087111110,nx-q6-nexmark-auto-213939,Executor3,Stage2-0-0,0,12120,129,161572,10408,709536,26,2578
1784087111110,nx-q6-nexmark-auto-213939,Executor3,Stage3-0-0,0,477,0,7211,392,23114,0,0
1784087111122,nx-q6-nexmark-auto-213939,Executor2,Stage1-1-0,0,6350,6218,24978,7216,682784,427,402417
1784087111122,nx-q6-nexmark-auto-213939,Executor2,Stage2-1-0,0,2430,160,61391,3648,180623,74,7774
1784087111122,nx-q6-nexmark-auto-213939,Executor2,Stage3-1-0,0,64,0,3027,148,3227,0,0
1784087111152,nx-q6-nexmark-auto-213939,Executor4,Stage1-3-0,0,5079,4977,17723,5768,543401,582,385901
1784087111152,nx-q6-nexmark-auto-213939,Executor4,Stage2-3-0,0,2319,142,66430,4228,183796,37,8218
1784087111152,nx-q6-nexmark-auto-213939,Executor4,Stage3-3-0,0,56,0,2479,111,2440,0,0
1784087111189,nx-q6-nexmark-auto-213939,Executor1,Stage1-2-0,0,4944,4841,28830,10521,529916,793,401978
1784087111189,nx-q6-nexmark-auto-213939,Executor1,Stage2-2-0,0,2436,154,62221,3506,181023,29,10785
1784087111189,nx-q6-nexmark-auto-213939,Executor1,Stage3-2-0,0,50,0,2145,88,2035,0,0
1784087111249,nx-q6-nexmark-auto-213939,Executor0,Stage0-0-0,0,5003,5003,18586,0,0,1108,621229
1784087111249,nx-q6-nexmark-auto-213939,Executor0,Stage0-1-0,0,5002,5002,26516,0,0,923,539944
1784087111249,nx-q6-nexmark-auto-213939,Executor0,Stage0-2-0,0,4997,4997,18616,0,0,844,568121
1784087111249,nx-q6-nexmark-auto-213939,Executor0,Stage0-3-0,0,4998,4998,26169,0,0,1007,536770
1784087112110,nx-q6-nexmark-auto-213939,Executor3,Stage1-0-0,0,5039,4920,7328,704,537347,305,184074
1784087112110,nx-q6-nexmark-auto-213939,Executor3,Stage2-0-0,0,9642,153,152576,8887,510644,20,4010
1784087112110,nx-q6-nexmark-auto-213939,Executor3,Stage3-0-0,0,345,0,8484,483,14835,0,0
1784087112122,nx-q6-nexmark-auto-213939,Executor2,Stage1-1-0,0,4093,4033,19094,5752,437519,368,397799
1784087112122,nx-q6-nexmark-auto-213939,Executor2,Stage2-1-0,0,2387,116,69122,4182,178579,79,10487
1784087112122,nx-q6-nexmark-auto-213939,Executor2,Stage3-1-0,0,57,0,2949,149,3439,0,0
1784087112152,nx-q6-nexmark-auto-213939,Executor4,Stage1-3-0,0,4967,4880,21449,9544,522284,616,387469
1784087112152,nx-q6-nexmark-auto-213939,Executor4,Stage2-3-0,0,2464,128,88987,5257,173128,31,10789
1784087112152,nx-q6-nexmark-auto-213939,Executor4,Stage3-3-0,0,49,0,3427,152,2753,0,0
1784087112189,nx-q6-nexmark-auto-213939,Executor1,Stage1-2-0,0,5034,4942,29055,10423,541850,791,417871
1784087112189,nx-q6-nexmark-auto-213939,Executor1,Stage2-2-0,0,2307,118,60082,3306,175174,22,7945
1784087112189,nx-q6-nexmark-auto-213939,Executor1,Stage3-2-0,0,57,0,2513,115,3129,0,0
1784087112249,nx-q6-nexmark-auto-213939,Executor0,Stage0-0-0,0,4997,4997,17478,0,0,1108,550987
1784087112249,nx-q6-nexmark-auto-213939,Executor0,Stage0-1-0,0,4998,4998,18161,0,0,1071,614408
1784087112249,nx-q6-nexmark-auto-213939,Executor0,Stage0-2-0,0,5003,5003,18326,0,0,1129,564881
1784087112249,nx-q6-nexmark-auto-213939,Executor0,Stage0-3-0,0,5002,5002,17262,0,0,1269,618991
1784087113110,nx-q6-nexmark-auto-213939,Executor3,Stage1-0-0,0,4966,4853,5529,574,536082,321,181235
1784087113110,nx-q6-nexmark-auto-213939,Executor3,Stage2-0-0,0,15489,125,189833,10885,955206,40,764
1784087113110,nx-q6-nexmark-auto-213939,Executor3,Stage3-0-0,0,497,0,6255,298,22893,0,0
1784087113122,nx-q6-nexmark-auto-213939,Executor2,Stage1-1-0,0,6618,6459,33742,11297,714301,519,525955
1784087113122,nx-q6-nexmark-auto-213939,Executor2,Stage2-1-0,0,2151,123,60065,3534,163135,97,15358
1784087113122,nx-q6-nexmark-auto-213939,Executor2,Stage3-1-0,0,18,0,1169,65,870,0,0
1784087113152,nx-q6-nexmark-auto-213939,Executor4,Stage1-3-0,0,4933,4838,21022,7324,532065,565,407171
1784087113152,nx-q6-nexmark-auto-213939,Executor4,Stage2-3-0,0,2231,112,60815,3705,170703,37,7215
1784087113152,nx-q6-nexmark-auto-213939,Executor4,Stage3-3-0,0,24,0,1306,54,924,0,0
1784087113189,nx-q6-nexmark-auto-213939,Executor1,Stage1-2-0,0,5159,5052,32014,11455,548172,733,406823
1784087113189,nx-q6-nexmark-auto-213939,Executor1,Stage2-2-0,0,2099,132,57772,3252,164774,23,8704
1784087113189,nx-q6-nexmark-auto-213939,Executor1,Stage3-2-0,0,18,0,1152,53,713,0,0
1784087113249,nx-q6-nexmark-auto-213939,Executor0,Stage0-0-0,0,5003,5003,16966,0,0,968,569793
1784087113249,nx-q6-nexmark-auto-213939,Executor0,Stage0-1-0,0,5002,5002,11223,0,0,1092,664246
1784087113249,nx-q6-nexmark-auto-213939,Executor0,Stage0-2-0,0,4997,4997,18906,0,0,661,556136
1784087113249,nx-q6-nexmark-auto-213939,Executor0,Stage0-3-0,0,4998,4998,16138,0,0,830,550975
1784087114110,nx-q6-nexmark-auto-213939,Executor3,Stage1-0-0,0,4963,4872,10923,4832,532699,239,150424
1784087114110,nx-q6-nexmark-auto-213939,Executor3,Stage2-0-0,0,13236,135,152690,9560,759747,24,1280
1784087114110,nx-q6-nexmark-auto-213939,Executor3,Stage3-0-0,0,427,0,6715,379,18515,0,0
1784087114122,nx-q6-nexmark-auto-213939,Executor2,Stage1-1-0,0,5492,5388,26037,8737,583722,1636,422344
1784087114122,nx-q6-nexmark-auto-213939,Executor2,Stage2-1-0,0,1792,126,48941,3028,140699,105,7775
1784087114122,nx-q6-nexmark-auto-213939,Executor2,Stage3-1-0,0,29,0,1555,73,1096,0,0
1784087114151,nx-q6-nexmark-auto-213939,Executor4,Stage1-3-0,0,5141,5036,27486,11124,548897,491,409299
1784087114151,nx-q6-nexmark-auto-213939,Executor4,Stage2-3-0,0,1724,116,50838,3350,139094,59,6720
1784087114151,nx-q6-nexmark-auto-213939,Executor4,Stage3-3-0,0,42,0,2127,92,1910,0,0
1784087114189,nx-q6-nexmark-auto-213939,Executor1,Stage1-2-0,0,4959,4858,30315,10917,528752,466,419934
1784087114189,nx-q6-nexmark-auto-213939,Executor1,Stage2-2-0,0,1744,132,46191,2724,140986,3,8680
1784087114189,nx-q6-nexmark-auto-213939,Executor1,Stage3-2-0,0,29,0,1588,70,1219,0,0
1784087114249,nx-q6-nexmark-auto-213939,Executor0,Stage0-0-0,0,4997,4997,17386,0,0,837,591926
1784087114249,nx-q6-nexmark-auto-213939,Executor0,Stage0-1-0,0,4998,4998,18790,0,0,650,459734
1784087114249,nx-q6-nexmark-auto-213939,Executor0,Stage0-2-0,0,5003,5003,18303,0,0,753,617779
1784087114249,nx-q6-nexmark-auto-213939,Executor0,Stage0-3-0,0,5002,5002,17235,0,0,887,592653
1784087115110,nx-q6-nexmark-auto-213939,Executor3,Stage1-0-0,0,4914,4819,6646,688,526528,128,149536
1784087115110,nx-q6-nexmark-auto-213939,Executor3,Stage2-0-0,0,14853,122,165988,9998,882567,35,2087
1784087115110,nx-q6-nexmark-auto-213939,Executor3,Stage3-0-0,0,369,0,5213,242,16650,0,0
1784087115122,nx-q6-nexmark-auto-213939,Executor2,Stage1-1-0,0,4401,4315,24493,8014,475746,480,392087
1784087115122,nx-q6-nexmark-auto-213939,Executor2,Stage2-1-0,0,1664,111,46622,2991,132727,29,7326
1784087115122,nx-q6-nexmark-auto-213939,Executor2,Stage3-1-0,0,31,0,1692,82,1571,0,0
1784087115151,nx-q6-nexmark-auto-213939,Executor4,Stage1-3-0,0,4987,4870,23483,8257,534702,924,437122
1784087115151,nx-q6-nexmark-auto-213939,Executor4,Stage2-3-0,0,1902,97,51735,3277,139991,102,5987
1784087115151,nx-q6-nexmark-auto-213939,Executor4,Stage3-3-0,0,37,0,2098,92,1888,0,0
1784087115189,nx-q6-nexmark-auto-213939,Executor1,Stage1-2-0,0,4991,4899,30514,11123,534627,582,413306
1784087115189,nx-q6-nexmark-auto-213939,Executor1,Stage2-2-0,0,1857,97,48593,2736,140799,3,6360
1784087115189,nx-q6-nexmark-auto-213939,Executor1,Stage3-2-0,0,35,0,1866,89,1750,0,0
1784087115249,nx-q6-nexmark-auto-213939,Executor0,Stage0-0-0,0,5003,5003,18961,0,0,843,553435
1784087115249,nx-q6-nexmark-auto-213939,Executor0,Stage0-1-0,0,5002,5002,19422,0,0,944,576416
1784087115249,nx-q6-nexmark-auto-213939,Executor0,Stage0-2-0,0,4997,4997,18156,0,0,1066,586156
1784087115249,nx-q6-nexmark-auto-213939,Executor0,Stage0-3-0,0,4998,4998,17363,0,0,1112,576200
1784087116110,nx-q6-nexmark-auto-213939,Executor3,Stage1-0-0,0,4967,4875,7136,553,528720,286,182690
1784087116110,nx-q6-nexmark-auto-213939,Executor3,Stage2-0-0,0,13436,102,159912,9381,812417,64,1775
1784087116110,nx-q6-nexmark-auto-213939,Executor3,Stage3-0-0,0,300,0,4573,239,13341,0,0
1784087116122,nx-q6-nexmark-auto-213939,Executor2,Stage1-1-0,0,5113,5007,25882,9558,552353,497,412746
1784087116122,nx-q6-nexmark-auto-213939,Executor2,Stage2-1-0,0,2492,93,68055,3692,169471,71,6288
1784087116122,nx-q6-nexmark-auto-213939,Executor2,Stage3-1-0,0,29,0,1513,61,1166,0,0
1784087116151,nx-q6-nexmark-auto-213939,Executor4,Stage1-3-0,0,5049,4933,20745,7027,533938,881,412536
1784087116151,nx-q6-nexmark-auto-213939,Executor4,Stage2-3-0,0,2353,95,68119,4117,170912,39,6018
1784087116151,nx-q6-nexmark-auto-213939,Executor4,Stage3-3-0,0,53,0,2842,98,2147,0,0
1784087116189,nx-q6-nexmark-auto-213939,Executor1,Stage1-2-0,0,4976,4870,29331,10689,540423,540,416474
1784087116189,nx-q6-nexmark-auto-213939,Executor1,Stage2-2-0,0,2399,98,61920,3174,169021,14,6248
1784087116189,nx-q6-nexmark-auto-213939,Executor1,Stage3-2-0,0,42,0,1955,84,1960,0,0
1784087116249,nx-q6-nexmark-auto-213939,Executor0,Stage0-0-0,0,4997,4997,18090,0,0,994,632131
1784087116249,nx-q6-nexmark-auto-213939,Executor0,Stage0-1-0,0,4998,4998,25442,0,0,678,542732
1784087116249,nx-q6-nexmark-auto-213939,Executor0,Stage0-2-0,0,5003,5003,17584,0,0,698,591216
1784087116249,nx-q6-nexmark-auto-213939,Executor0,Stage0-3-0,0,5002,5002,25678,0,0,808,525522
1784087117110,nx-q6-nexmark-auto-213939,Executor3,Stage1-0-0,0,4941,4860,7352,632,523940,501,187620
1784087117110,nx-q6-nexmark-auto-213939,Executor3,Stage2-0-0,0,12541,93,153360,9185,758433,26,1964
1784087117110,nx-q6-nexmark-auto-213939,Executor3,Stage3-0-0,0,266,0,4046,199,12036,0,0
1784087117121,nx-q6-nexmark-auto-213939,Executor2,Stage1-1-0,0,4874,4796,21456,6136,517870,599,391034
1784087117121,nx-q6-nexmark-auto-213939,Executor2,Stage2-1-0,0,2394,114,64314,3895,181214,36,5497
1784087117121,nx-q6-nexmark-auto-213939,Executor2,Stage3-1-0,0,32,0,1589,70,1263,0,0
1784087117152,nx-q6-nexmark-auto-213939,Executor4,Stage1-3-0,0,5096,4999,18541,6230,540233,583,369128
1784087117152,nx-q6-nexmark-auto-213939,Executor4,Stage2-3-0,0,2603,107,64319,3764,185763,98,6075
1784087117152,nx-q6-nexmark-auto-213939,Executor4,Stage3-3-0,0,45,0,2208,94,2042,0,0
1784087117189,nx-q6-nexmark-auto-213939,Executor1,Stage1-2-0,0,4787,4690,27735,10078,516966,600,380040
1784087117189,nx-q6-nexmark-auto-213939,Executor1,Stage2-2-0,0,2507,121,64302,3549,177466,3,7045
1784087117189,nx-q6-nexmark-auto-213939,Executor1,Stage3-2-0,0,50,0,2086,78,1730,0,0
1784087117249,nx-q6-nexmark-auto-213939,Executor0,Stage0-0-0,0,5003,5003,25755,0,0,526,504651
1784087117249,nx-q6-nexmark-auto-213939,Executor0,Stage0-1-0,0,5002,5002,26760,0,0,510,573102
1784087117249,nx-q6-nexmark-auto-213939,Executor0,Stage0-2-0,0,4997,4997,16939,0,0,523,577010
1784087117249,nx-q6-nexmark-auto-213939,Executor0,Stage0-3-0,0,4998,4998,16183,0,0,738,631335
1784087118110,nx-q6-nexmark-auto-213939,Executor3,Stage1-0-0,0,5063,4952,7786,1112,549356,474,216640
1784087118110,nx-q6-nexmark-auto-213939,Executor3,Stage2-0-0,0,11502,117,149672,8446,680785,40,3047
1784087118110,nx-q6-nexmark-auto-213939,Executor3,Stage3-0-0,0,285,0,4416,218,12476,0,0
1784087118122,nx-q6-nexmark-auto-213939,Executor2,Stage1-1-0,0,4425,4319,18252,5315,472870,475,298612
1784087118122,nx-q6-nexmark-auto-213939,Executor2,Stage2-1-0,0,2730,108,72554,4100,196760,43,7259
1784087118122,nx-q6-nexmark-auto-213939,Executor2,Stage3-1-0,0,49,0,2251,98,2039,0,0
1784087118152,nx-q6-nexmark-auto-213939,Executor4,Stage1-3-0,0,5067,4966,20134,7254,543025,669,398893
1784087118152,nx-q6-nexmark-auto-213939,Executor4,Stage2-3-0,0,2617,112,67441,3895,191115,74,6822
1784087118152,nx-q6-nexmark-auto-213939,Executor4,Stage3-3-0,0,52,0,2681,120,2464,0,0
1784087118189,nx-q6-nexmark-auto-213939,Executor1,Stage1-2-0,0,4889,4783,28473,10621,523925,534,355427
1784087118189,nx-q6-nexmark-auto-213939,Executor1,Stage2-2-0,0,2847,117,73351,3898,200021,8,6886
1784087118189,nx-q6-nexmark-auto-213939,Executor1,Stage3-2-0,0,59,0,2631,113,2685,0,0
1784087118249,nx-q6-nexmark-auto-213939,Executor0,Stage0-0-0,0,4997,4997,25327,0,0,570,575274
1784087118249,nx-q6-nexmark-auto-213939,Executor0,Stage0-1-0,0,4998,4998,24743,0,0,497,562861
1784087118249,nx-q6-nexmark-auto-213939,Executor0,Stage0-2-0,0,5003,5003,16442,0,0,534,585460
1784087118249,nx-q6-nexmark-auto-213939,Executor0,Stage0-3-0,0,5002,5002,17441,0,0,568,561060
1784087119110,nx-q6-nexmark-auto-213939,Executor3,Stage1-0-0,0,5024,4936,5583,621,534745,534,222220
1784087119110,nx-q6-nexmark-auto-213939,Executor3,Stage2-0-0,0,11182,104,141929,8502,672156,75,2368
1784087119110,nx-q6-nexmark-auto-213939,Executor3,Stage3-0-0,0,285,0,4538,215,12706,0,0
1784087119122,nx-q6-nexmark-auto-213939,Executor2,Stage1-1-0,0,4854,4765,19095,5629,517251,467,360753
1784087119122,nx-q6-nexmark-auto-213939,Executor2,Stage2-1-0,0,2930,149,78424,4300,207470,19,1994
1784087119122,nx-q6-nexmark-auto-213939,Executor2,Stage3-1-0,0,55,0,2662,119,2285,0,0
1784087119152,nx-q6-nexmark-auto-213939,Executor4,Stage1-3-0,0,4997,4901,18031,5988,534899,653,393634
1784087119152,nx-q6-nexmark-auto-213939,Executor4,Stage2-3-0,0,3109,153,77805,4379,208752,111,8915
1784087119152,nx-q6-nexmark-auto-213939,Executor4,Stage3-3-0,0,54,0,2943,132,2114,0,0
1784087119189,nx-q6-nexmark-auto-213939,Executor1,Stage1-2-0,0,5030,4933,29200,10598,541964,721,374275
1784087119189,nx-q6-nexmark-auto-213939,Executor1,Stage2-2-0,0,2963,140,74630,3758,206217,47,8817
1784087119189,nx-q6-nexmark-auto-213939,Executor1,Stage3-2-0,0,58,0,2363,112,2529,0,0
1784087119249,nx-q6-nexmark-auto-213939,Executor0,Stage0-0-0,0,5003,5003,16898,0,0,490,619293
1784087119249,nx-q6-nexmark-auto-213939,Executor0,Stage0-1-0,0,5002,5002,17210,0,0,539,623852
1784087119249,nx-q6-nexmark-auto-213939,Executor0,Stage0-2-0,0,4997,4997,16726,0,0,402,554621
1784087119249,nx-q6-nexmark-auto-213939,Executor0,Stage0-3-0,0,4998,4998,16865,0,0,538,558909
1784087120110,nx-q6-nexmark-auto-213939,Executor3,Stage1-0-0,0,5050,4937,8265,1480,541851,643,238834
1784087120110,nx-q6-nexmark-auto-213939,Executor3,Stage2-0-0,0,9306,157,146859,8497,538246,70,3681
1784087120110,nx-q6-nexmark-auto-213939,Executor3,Stage3-0-0,0,324,0,5710,279,13028,0,0
1784087120122,nx-q6-nexmark-auto-213939,Executor2,Stage1-1-0,0,4452,4367,17875,5312,472799,519,364374
1784087120122,nx-q6-nexmark-auto-213939,Executor2,Stage2-1-0,0,3211,161,81767,4400,220751,35,9254
1784087120122,nx-q6-nexmark-auto-213939,Executor2,Stage3-1-0,0,65,0,3054,126,2433,0,0
1784087120152,nx-q6-nexmark-auto-213939,Executor4,Stage1-3-0,0,4912,4801,19476,7257,529694,625,371301
1784087120152,nx-q6-nexmark-auto-213939,Executor4,Stage2-3-0,0,2456,168,71732,4355,222421,70,8966
1784087120152,nx-q6-nexmark-auto-213939,Executor4,Stage3-3-0,0,77,0,4025,162,3162,0,0
1784087120189,nx-q6-nexmark-auto-213939,Executor1,Stage1-2-0,0,5147,5040,23523,7915,550184,530,372306
1784087120189,nx-q6-nexmark-auto-213939,Executor1,Stage2-2-0,0,3285,165,79777,4188,230376,81,8085
1784087120189,nx-q6-nexmark-auto-213939,Executor1,Stage3-2-0,0,79,0,3092,131,3488,0,0
1784087120249,nx-q6-nexmark-auto-213939,Executor0,Stage0-0-0,0,4997,4997,37156,0,0,587,560477
1784087120249,nx-q6-nexmark-auto-213939,Executor0,Stage0-1-0,0,4998,4998,20766,0,0,502,556065
1784087120249,nx-q6-nexmark-auto-213939,Executor0,Stage0-2-0,0,5003,5003,34722,0,0,612,589974
1784087120249,nx-q6-nexmark-auto-213939,Executor0,Stage0-3-0,0,5002,5002,17353,0,0,537,613788
1784087121110,nx-q6-nexmark-auto-213939,Executor3,Stage1-0-0,0,4931,4842,7284,510,528834,543,222909
1784087121110,nx-q6-nexmark-auto-213939,Executor3,Stage2-0-0,0,10869,166,155594,8821,650536,30,4575
1784087121110,nx-q6-nexmark-auto-213939,Executor3,Stage3-0-0,0,447,0,7590,378,21213,0,0
1784087121121,nx-q6-nexmark-auto-213939,Executor2,Stage1-1-0,0,3674,3606,13677,4098,389057,526,368369
1784087121121,nx-q6-nexmark-auto-213939,Executor2,Stage2-1-0,0,2910,161,99821,5573,201880,77,9517
1784087121121,nx-q6-nexmark-auto-213939,Executor2,Stage3-1-0,0,60,0,3965,185,3629,0,0
1784087121152,nx-q6-nexmark-auto-213939,Executor4,Stage1-3-0,0,5054,4946,18195,5954,541417,537,390108
1784087121152,nx-q6-nexmark-auto-213939,Executor4,Stage2-3-0,0,3677,155,86993,4244,213704,103,12072
1784087121152,nx-q6-nexmark-auto-213939,Executor4,Stage3-3-0,0,77,0,3530,160,3950,0,0
1784087121189,nx-q6-nexmark-auto-213939,Executor1,Stage1-2-0,0,4998,4893,10676,4182,529392,338,432853
1784087121189,nx-q6-nexmark-auto-213939,Executor1,Stage2-2-0,0,3062,181,95946,5610,211297,135,12084
1784087121189,nx-q6-nexmark-auto-213939,Executor1,Stage3-2-0,0,81,0,4747,183,4021,0,0
1784087121249,nx-q6-nexmark-auto-213939,Executor0,Stage0-0-0,0,5003,5003,15830,0,0,891,608290
1784087121249,nx-q6-nexmark-auto-213939,Executor0,Stage0-1-0,0,5002,5002,17932,0,0,810,573323
1784087121249,nx-q6-nexmark-auto-213939,Executor0,Stage0-2-0,0,4997,4997,16950,0,0,764,561430
1784087121249,nx-q6-nexmark-auto-213939,Executor0,Stage0-3-0,0,4998,4998,17134,0,0,717,527528
1784087122111,nx-q6-nexmark-auto-213939,Executor3,Stage1-0-0,0,5110,5010,8818,1759,547728,817,252086
1784087122111,nx-q6-nexmark-auto-213939,Executor3,Stage2-0-0,0,9757,235,128708,7077,580678,37,3210
1784087122111,nx-q6-nexmark-auto-213939,Executor3,Stage3-0-0,0,506,0,7731,383,22866,0,0
1784087122122,nx-q6-nexmark-auto-213939,Executor2,Stage1-1-0,0,6356,6237,33896,11732,684285,508,371319
1784087122122,nx-q6-nexmark-auto-213939,Executor2,Stage2-1-0,0,3416,171,90409,4681,237071,89,9872
1784087122122,nx-q6-nexmark-auto-213939,Executor2,Stage3-1-0,0,69,0,3663,96,1902,0,0
1784087122152,nx-q6-nexmark-auto-213939,Executor4,Stage1-3-0,0,5042,4952,17238,5616,541528,576,368434
1784087122152,nx-q6-nexmark-auto-213939,Executor4,Stage2-3-0,0,3381,158,83528,4450,233197,38,8397
1784087122152,nx-q6-nexmark-auto-213939,Executor4,Stage3-3-0,0,54,0,2687,113,2439,0,0
1784087122190,nx-q6-nexmark-auto-213939,Executor1,Stage1-2-0,0,5086,4975,20382,6328,544393,407,348557
1784087122190,nx-q6-nexmark-auto-213939,Executor1,Stage2-2-0,0,3318,156,78934,4377,240205,94,9149
1784087122190,nx-q6-nexmark-auto-213939,Executor1,Stage3-2-0,0,59,0,2487,109,2559,0,0
1784087122249,nx-q6-nexmark-auto-213939,Executor0,Stage0-0-0,0,4997,4997,16039,0,0,1101,582173
1784087122249,nx-q6-nexmark-auto-213939,Executor0,Stage0-1-0,0,4998,4998,18206,0,0,965,599029
1784087122249,nx-q6-nexmark-auto-213939,Executor0,Stage0-2-0,0,5003,5003,18458,0,0,769,562224
1784087122249,nx-q6-nexmark-auto-213939,Executor0,Stage0-3-0,0,5002,5002,17393,0,0,1057,568946
1784087123111,nx-q6-nexmark-auto-213939,Executor3,Stage1-0-0,0,4986,4884,8110,2619,528160,647,215713
1784087123111,nx-q6-nexmark-auto-213939,Executor3,Stage2-0-0,0,10533,74,145117,8765,612253,33,3502
1784087123111,nx-q6-nexmark-auto-213939,Executor3,Stage3-0-0,0,429,0,7102,347,19503,0,0
1784087123122,nx-q6-nexmark-auto-213939,Executor2,Stage1-1-0,0,3922,3840,13818,4341,422651,417,380307
1784087123122,nx-q6-nexmark-auto-213939,Executor2,Stage2-1-0,0,2875,157,73932,4238,203745,42,10719
1784087123122,nx-q6-nexmark-auto-213939,Executor2,Stage3-1-0,0,79,0,4330,188,3812,0,0
1784087123152,nx-q6-nexmark-auto-213939,Executor4,Stage1-3-0,0,4981,4886,17425,6008,533394,632,395458
1784087123152,nx-q6-nexmark-auto-213939,Executor4,Stage2-3-0,0,2796,170,70876,4181,206163,41,10902
1784087123152,nx-q6-nexmark-auto-213939,Executor4,Stage3-3-0,0,70,0,3224,153,2785,0,0
1784087123190,nx-q6-nexmark-auto-213939,Executor1,Stage1-2-0,0,4963,4863,29409,10697,530850,767,373986
1784087123190,nx-q6-nexmark-auto-213939,Executor1,Stage2-2-0,0,2904,161,71687,3813,208461,149,11293
1784087123190,nx-q6-nexmark-auto-213939,Executor1,Stage3-2-0,0,74,0,2948,116,3463,0,0
1784087123249,nx-q6-nexmark-auto-213939,Executor0,Stage0-0-0,0,5003,5003,17049,0,0,382,548558
1784087123249,nx-q6-nexmark-auto-213939,Executor0,Stage0-1-0,0,5002,5002,17276,0,0,503,527928
1784087123249,nx-q6-nexmark-auto-213939,Executor0,Stage0-2-0,0,4997,4997,8506,0,0,596,686984
1784087123249,nx-q6-nexmark-auto-213939,Executor0,Stage0-3-0,0,4998,4998,17279,0,0,496,545103
1784087124110,nx-q6-nexmark-auto-213939,Executor3,Stage1-0-0,0,5049,4960,8214,1150,544773,585,233569
1784087124110,nx-q6-nexmark-auto-213939,Executor3,Stage2-0-0,0,10751,166,148314,8744,631626,84,3656
1784087124110,nx-q6-nexmark-auto-213939,Executor3,Stage3-0-0,0,440,0,6805,319,19553,0,0
1784087124122,nx-q6-nexmark-auto-213939,Executor2,Stage1-1-0,0,4563,4462,16651,5043,484885,521,376555
1784087124122,nx-q6-nexmark-auto-213939,Executor2,Stage2-1-0,0,2300,53,116712,4067,147488,58,9725
1784087124122,nx-q6-nexmark-auto-213939,Executor2,Stage3-1-0,0,44,0,2837,143,2596,0,0
1784087124152,nx-q6-nexmark-auto-213939,Executor4,Stage1-3-0,0,4956,4869,18088,5868,525832,505,375932
1784087124152,nx-q6-nexmark-auto-213939,Executor4,Stage2-3-0,0,2599,126,90227,4907,211328,103,9010
1784087124152,nx-q6-nexmark-auto-213939,Executor4,Stage3-3-0,0,60,0,2897,126,2807,0,0
1784087124189,nx-q6-nexmark-auto-213939,Executor1,Stage1-2-0,0,5046,4931,13204,5142,541554,308,440290
1784087124189,nx-q6-nexmark-auto-213939,Executor1,Stage2-2-0,0,2970,116,107597,3594,209223,72,6812
1784087124189,nx-q6-nexmark-auto-213939,Executor1,Stage3-2-0,0,75,0,2884,130,3666,0,0
1784087124249,nx-q6-nexmark-auto-213939,Executor0,Stage0-0-0,0,4997,4997,15575,0,0,616,589244
1784087124249,nx-q6-nexmark-auto-213939,Executor0,Stage0-1-0,0,4998,4998,16412,0,0,617,627252
1784087124249,nx-q6-nexmark-auto-213939,Executor0,Stage0-2-0,0,5003,5003,16167,0,0,495,471152
1784087124249,nx-q6-nexmark-auto-213939,Executor0,Stage0-3-0,0,5002,5002,17533,0,0,680,603260
1784087125111,nx-q6-nexmark-auto-213939,Executor3,Stage1-0-0,0,4981,4886,7761,607,535997,604,228172
1784087125111,nx-q6-nexmark-auto-213939,Executor3,Stage2-0-0,0,10746,269,131024,7352,641038,110,2733
1784087125111,nx-q6-nexmark-auto-213939,Executor3,Stage3-0-0,0,349,0,5616,345,15384,0,0
1784087125122,nx-q6-nexmark-auto-213939,Executor2,Stage1-1-0,0,6791,6657,25340,8298,727773,426,379611
1784087125122,nx-q6-nexmark-auto-213939,Executor2,Stage2-1-0,0,3706,223,91474,5181,274740,118,13946
1784087125122,nx-q6-nexmark-auto-213939,Executor2,Stage3-1-0,0,67,0,2928,179,2585,0,0
1784087125152,nx-q6-nexmark-auto-213939,Executor4,Stage1-3-0,0,5113,5000,18354,6263,548131,338,381394
1784087125152,nx-q6-nexmark-auto-213939,Executor4,Stage2-3-0,0,3270,143,82460,4386,211008,17,8587
1784087125152,nx-q6-nexmark-auto-213939,Executor4,Stage3-3-0,0,53,0,2497,115,2197,0,0
1784087125190,nx-q6-nexmark-auto-213939,Executor1,Stage1-2-0,0,4993,4902,28010,10261,538125,472,337896
1784087125190,nx-q6-nexmark-auto-213939,Executor1,Stage2-2-0,0,2781,143,71105,3952,212777,57,9911
1784087125190,nx-q6-nexmark-auto-213939,Executor1,Stage3-2-0,0,51,0,2236,96,2157,0,0
1784087125249,nx-q6-nexmark-auto-213939,Executor0,Stage0-0-0,0,5003,5003,16415,0,0,802,583177
1784087125249,nx-q6-nexmark-auto-213939,Executor0,Stage0-1-0,0,5002,5002,17287,0,0,693,552388
1784087125249,nx-q6-nexmark-auto-213939,Executor0,Stage0-2-0,0,4997,4997,16629,0,0,718,584748
1784087125249,nx-q6-nexmark-auto-213939,Executor0,Stage0-3-0,0,4998,4998,18647,0,0,600,537357
1784087126111,nx-q6-nexmark-auto-213939,Executor3,Stage1-0-0,0,5003,4902,7031,1603,533794,564,159929
1784087126111,nx-q6-nexmark-auto-213939,Executor3,Stage2-0-0,0,12629,20,147100,9012,716074,32,3182
1784087126111,nx-q6-nexmark-auto-213939,Executor3,Stage3-0-0,0,347,0,5997,316,14060,0,0
1784087126122,nx-q6-nexmark-auto-213939,Executor2,Stage1-1-0,0,5307,5198,22936,6816,567150,563,508693
1784087126122,nx-q6-nexmark-auto-213939,Executor2,Stage2-1-0,0,1949,162,53440,3361,156977,22,13746
1784087126122,nx-q6-nexmark-auto-213939,Executor2,Stage3-1-0,0,42,0,2313,111,2208,0,0
1784087126152,nx-q6-nexmark-auto-213939,Executor4,Stage1-3-0,0,5127,5023,22032,8201,548278,615,413804
1784087126152,nx-q6-nexmark-auto-213939,Executor4,Stage2-3-0,0,1968,151,52784,3338,154370,58,11006
1784087126152,nx-q6-nexmark-auto-213939,Executor4,Stage3-3-0,0,48,0,2367,124,2359,0,0
1784087126190,nx-q6-nexmark-auto-213939,Executor1,Stage1-2-0,0,4964,4857,29126,10816,531018,430,444242
1784087126190,nx-q6-nexmark-auto-213939,Executor1,Stage2-2-0,0,1935,157,51863,2927,150694,64,11359
1784087126190,nx-q6-nexmark-auto-213939,Executor1,Stage3-2-0,0,58,0,2587,130,3192,0,0
1784087126249,nx-q6-nexmark-auto-213939,Executor0,Stage0-0-0,0,14062,14062,37186,0,0,943,582736
1784087126249,nx-q6-nexmark-auto-213939,Executor0,Stage0-1-0,0,14024,14024,37964,0,0,765,561983
1784087126249,nx-q6-nexmark-auto-213939,Executor0,Stage0-2-0,0,13041,13041,37778,0,0,891,582887
1784087126249,nx-q6-nexmark-auto-213939,Executor0,Stage0-3-0,0,13626,13626,38078,0,0,1003,609240
1784087127111,nx-q6-nexmark-auto-213939,Executor3,Stage1-0-0,0,4974,4876,6835,552,529807,483,162905
1784087127111,nx-q6-nexmark-auto-213939,Executor3,Stage2-0-0,0,13527,165,154642,9155,793352,72,1385
1784087127111,nx-q6-nexmark-auto-213939,Executor3,Stage3-0-0,0,642,0,8517,414,29610,0,0
1784087127122,nx-q6-nexmark-auto-213939,Executor2,Stage1-1-0,0,2745,2699,11167,3251,295418,344,292488
1784087127122,nx-q6-nexmark-auto-213939,Executor2,Stage2-1-0,0,1914,93,53339,3266,144408,15,865
1784087127122,nx-q6-nexmark-auto-213939,Executor2,Stage3-1-0,0,20,0,1216,62,979,0,0
1784087127152,nx-q6-nexmark-auto-213939,Executor4,Stage1-3-0,0,1552,1523,10226,3759,165879,320,334590
1784087127152,nx-q6-nexmark-auto-213939,Executor4,Stage2-3-0,0,1420,86,45330,3241,149699,61,6098
1784087127152,nx-q6-nexmark-auto-213939,Executor4,Stage3-3-0,0,18,0,1129,62,867,0,0
1784087127190,nx-q6-nexmark-auto-213939,Executor1,Stage1-2-0,0,4809,4709,31825,11839,516341,455,411627
1784087127190,nx-q6-nexmark-auto-213939,Executor1,Stage2-2-0,0,1553,88,46038,3031,153187,10,5890
1784087127190,nx-q6-nexmark-auto-213939,Executor1,Stage3-2-0,0,24,0,1337,66,1162,0,0
1784087127249,nx-q6-nexmark-auto-213939,Executor0,Stage0-0-0,0,25492,25492,54059,0,0,1698,3100327
1784087127249,nx-q6-nexmark-auto-213939,Executor0,Stage0-1-0,0,31389,31389,50511,0,0,2713,3343919
1784087127249,nx-q6-nexmark-auto-213939,Executor0,Stage0-2-0,0,26832,26832,54461,0,0,4043,3148545
1784087127249,nx-q6-nexmark-auto-213939,Executor0,Stage0-3-0,0,26555,26555,57755,0,0,2428,3118448
1784087128110,nx-q6-nexmark-auto-213939,Executor3,Stage1-0-0,0,24953,24458,40488,5839,2673680,1403,835697
1784087128110,nx-q6-nexmark-auto-213939,Executor3,Stage2-0-0,0,25279,93,231471,7826,651409,18,625
1784087128110,nx-q6-nexmark-auto-213939,Executor3,Stage3-0-0,0,243,0,3662,157,9575,0,0
1784087128122,nx-q6-nexmark-auto-213939,Executor2,Stage1-1-0,0,25175,24667,92700,32055,2696955,2203,2063388
1784087128122,nx-q6-nexmark-auto-213939,Executor2,Stage2-1-0,0,7408,0,148423,7341,505290,54,6337
1784087128122,nx-q6-nexmark-auto-213939,Executor2,Stage3-1-0,0,8,0,712,39,504,0,0
1784087128152,nx-q6-nexmark-auto-213939,Executor4,Stage1-3-0,0,23412,22934,76648,30730,2509236,1839,2017424
1784087128152,nx-q6-nexmark-auto-213939,Executor4,Stage2-3-0,0,8736,115,163717,8164,651893,14,529
1784087128152,nx-q6-nexmark-auto-213939,Executor4,Stage3-3-0,0,4,0,648,39,269,0,0
1784087128189,nx-q6-nexmark-auto-213939,Executor1,Stage1-2-0,0,20099,19709,56043,20442,2148053,2609,1931848
1784087128189,nx-q6-nexmark-auto-213939,Executor1,Stage2-2-0,0,8635,124,193128,10469,651307,0,0
1784087128189,nx-q6-nexmark-auto-213939,Executor1,Stage3-2-0,0,10,0,838,48,623,0,0
1784087128249,nx-q6-nexmark-auto-213939,Executor0,Stage0-0-0,0,22508,22508,51396,0,0,3641,3443804
1784087128249,nx-q6-nexmark-auto-213939,Executor0,Stage0-1-0,0,17378,17378,45935,0,0,2088,3257410
1784087128249,nx-q6-nexmark-auto-213939,Executor0,Stage0-2-0,0,22225,22225,52414,0,0,1971,3435081
1784087128249,nx-q6-nexmark-auto-213939,Executor0,Stage0-3-0,0,21895,21895,52898,0,0,2074,3415361
1784087129110,nx-q6-nexmark-auto-213939,Executor3,Stage1-0-0,0,25037,24526,23833,1957,2670851,1980,1222966
1784087129110,nx-q6-nexmark-auto-213939,Executor3,Stage2-0-0,0,62969,454,526784,11943,4005327,19,8007
1784087129110,nx-q6-nexmark-auto-213939,Executor3,Stage3-0-0,0,730,0,10665,540,23398,0,0
1784087129122,nx-q6-nexmark-auto-213939,Executor2,Stage1-1-0,0,25098,24620,34654,3313,2707332,1986,1915870
1784087129122,nx-q6-nexmark-auto-213939,Executor2,Stage2-1-0,0,11513,412,190287,7533,704594,94,25872
1784087129122,nx-q6-nexmark-auto-213939,Executor2,Stage3-1-0,0,123,0,3780,131,4789,0,0
1784087129152,nx-q6-nexmark-auto-213939,Executor4,Stage1-3-0,0,24739,24222,29894,3056,2644718,3539,1865068
1784087129152,nx-q6-nexmark-auto-213939,Executor4,Stage2-3-0,0,11657,316,195317,8113,689503,107,27903
1784087129152,nx-q6-nexmark-auto-213939,Executor4,Stage3-3-0,0,79,0,2937,126,2877,0,0
1784087129189,nx-q6-nexmark-auto-213939,Executor1,Stage1-2-0,0,25126,24632,38042,2578,2693797,1984,1914845
1784087129189,nx-q6-nexmark-auto-213939,Executor1,Stage2-2-0,0,13716,447,218572,8807,895938,130,29906
1784087129189,nx-q6-nexmark-auto-213939,Executor1,Stage3-2-0,0,137,0,4594,180,6161,0,0
1784087129249,nx-q6-nexmark-auto-213939,Executor0,Stage0-0-0,0,26906,26906,59124,0,0,1810,2862471
1784087129249,nx-q6-nexmark-auto-213939,Executor0,Stage0-1-0,0,25171,25171,60517,0,0,1743,2681710
1784087129249,nx-q6-nexmark-auto-213939,Executor0,Stage0-2-0,0,26235,26235,60597,0,0,1576,2792052
1784087129249,nx-q6-nexmark-auto-213939,Executor0,Stage0-3-0,0,26610,26610,60485,0,0,1683,2823334
1784087130110,nx-q6-nexmark-auto-213939,Executor3,Stage1-0-0,0,24872,24391,18213,2083,2661974,2038,906320
1784087130110,nx-q6-nexmark-auto-213939,Executor3,Stage2-0-0,0,51276,822,458922,8861,2835809,104,19793
1784087130110,nx-q6-nexmark-auto-213939,Executor3,Stage3-0-0,0,1789,0,22889,942,74501,0,0
1784087130121,nx-q6-nexmark-auto-213939,Executor2,Stage1-1-0,0,24996,24483,30691,2195,2676390,4185,2009797
1784087130121,nx-q6-nexmark-auto-213939,Executor2,Stage2-1-0,0,15177,835,244157,8288,1154287,117,51503
1784087130121,nx-q6-nexmark-auto-213939,Executor2,Stage3-1-0,0,355,0,9679,341,15386,0,0
1784087130152,nx-q6-nexmark-auto-213939,Executor4,Stage1-3-0,0,25279,24744,30037,2555,2711510,2221,2032354
1784087130152,nx-q6-nexmark-auto-213939,Executor4,Stage2-3-0,0,14943,853,241030,9326,1159119,385,53909
1784087130152,nx-q6-nexmark-auto-213939,Executor4,Stage3-3-0,0,378,0,11012,403,17849,0,0
1784087130189,nx-q6-nexmark-auto-213939,Executor1,Stage1-2-0,0,24853,24382,28189,1683,2667095,1592,2007326
1784087130189,nx-q6-nexmark-auto-213939,Executor1,Stage2-2-0,0,12485,711,252032,10738,913372,84,49953
1784087130189,nx-q6-nexmark-auto-213939,Executor1,Stage3-2-0,0,280,0,8235,322,10557,0,0
1784087130249,nx-q6-nexmark-auto-213939,Executor0,Stage0-0-0,0,25015,25015,51801,0,0,1395,2227504
1784087130249,nx-q6-nexmark-auto-213939,Executor0,Stage0-1-0,0,25787,25787,55598,0,0,1394,2284484
1784087130249,nx-q6-nexmark-auto-213939,Executor0,Stage0-2-0,0,25742,25742,54481,0,0,1328,2262371
1784087130249,nx-q6-nexmark-auto-213939,Executor0,Stage0-3-0,0,25098,25098,52635,0,0,1369,2152255
1784087131110,nx-q6-nexmark-auto-213939,Executor3,Stage1-0-0,0,25038,24513,30697,15176,2691058,2286,931538
1784087131110,nx-q6-nexmark-auto-213939,Executor3,Stage2-0-0,0,63449,757,509533,10268,3752352,117,10591
1784087131110,nx-q6-nexmark-auto-213939,Executor3,Stage3-0-0,0,2250,0,25834,938,98045,0,0
1784087131122,nx-q6-nexmark-auto-213939,Executor2,Stage1-1-0,0,24849,24310,30886,2255,2661844,4010,2004654
1784087131122,nx-q6-nexmark-auto-213939,Executor2,Stage2-1-0,0,11635,737,186272,7776,889826,132,47511
1784087131122,nx-q6-nexmark-auto-213939,Executor2,Stage3-1-0,0,295,0,6949,218,14268,0,0
1784087131151,nx-q6-nexmark-auto-213939,Executor4,Stage1-3-0,0,25142,24666,30876,2306,2690030,2260,2024006
1784087131151,nx-q6-nexmark-auto-213939,Executor4,Stage2-3-0,0,11487,756,194860,8656,858330,263,48369
1784087131151,nx-q6-nexmark-auto-213939,Executor4,Stage3-3-0,0,214,0,7700,295,10171,0,0
1784087131189,nx-q6-nexmark-auto-213939,Executor1,Stage1-2-0,0,24971,24511,31993,2152,2674180,1845,2023696
1784087131189,nx-q6-nexmark-auto-213939,Executor1,Stage2-2-0,0,13424,986,232116,10676,1057178,53,48684
1784087131189,nx-q6-nexmark-auto-213939,Executor1,Stage3-2-0,0,318,0,8563,418,15584,0,0
1784087131249,nx-q6-nexmark-auto-213939,Executor0,Stage0-0-0,0,27533,27533,56333,0,0,2473,3473277
1784087131249,nx-q6-nexmark-auto-213939,Executor0,Stage0-1-0,0,27982,27982,56848,0,0,2568,3453723
1784087131249,nx-q6-nexmark-auto-213939,Executor0,Stage0-2-0,0,27858,27858,54503,0,0,2085,3558970
1784087131249,nx-q6-nexmark-auto-213939,Executor0,Stage0-3-0,0,36216,36216,53329,0,0,2866,3915599
1784087132110,nx-q6-nexmark-auto-213939,Executor3,Stage1-0-0,0,24980,24468,21943,1984,2681388,2845,1222881
1784087132110,nx-q6-nexmark-auto-213939,Executor3,Stage2-0-0,0,59840,565,651997,21963,3764251,15,9029
1784087132110,nx-q6-nexmark-auto-213939,Executor3,Stage3-0-0,0,1975,0,23250,783,92236,0,0
1784087132121,nx-q6-nexmark-auto-213939,Executor2,Stage1-1-0,0,25240,24707,38278,8230,2715755,4951,1929690
1784087132121,nx-q6-nexmark-auto-213939,Executor2,Stage2-1-0,0,12569,533,206753,8227,799986,124,34373
1784087132121,nx-q6-nexmark-auto-213939,Executor2,Stage3-1-0,0,200,0,5685,220,9626,0,0
1784087132152,nx-q6-nexmark-auto-213939,Executor4,Stage1-3-0,0,24802,24321,29750,2795,2653792,2645,1876994
1784087132152,nx-q6-nexmark-auto-213939,Executor4,Stage2-3-0,0,13136,547,216069,8663,857910,119,36075
1784087132152,nx-q6-nexmark-auto-213939,Executor4,Stage3-3-0,0,150,0,4988,186,5879,0,0
1784087132189,nx-q6-nexmark-auto-213939,Executor1,Stage1-2-0,0,24978,24504,37094,8306,2666040,2340,1892939
1784087132189,nx-q6-nexmark-auto-213939,Executor1,Stage2-2-0,0,13448,290,221658,9632,867582,84,34053
1784087132189,nx-q6-nexmark-auto-213939,Executor1,Stage3-2-0,0,108,0,4275,180,4401,0,0
1784087132249,nx-q6-nexmark-auto-213939,Executor0,Stage0-0-0,0,27865,27865,39867,0,0,1138,2310027
1784087132249,nx-q6-nexmark-auto-213939,Executor0,Stage0-1-0,0,22597,22596,52438,0,0,1131,2180935
1784087132249,nx-q6-nexmark-auto-213939,Executor0,Stage0-2-0,0,23109,23109,49374,0,0,1282,2135905
1784087132249,nx-q6-nexmark-auto-213939,Executor0,Stage0-3-0,0,15683,15683,37397,0,0,991,1724375
1784087133110,nx-q6-nexmark-auto-213939,Executor3,Stage1-0-0,0,24950,24442,16689,1698,2675354,1648,837066
1784087133110,nx-q6-nexmark-auto-213939,Executor3,Stage2-0-0,0,54104,844,478333,9687,2981154,93,19543
1784087133110,nx-q6-nexmark-auto-213939,Executor3,Stage3-0-0,0,1926,0,23892,900,81028,0,0
1784087133122,nx-q6-nexmark-auto-213939,Executor2,Stage1-1-0,0,24795,24303,30771,2152,2663983,3219,2035187
1784087133122,nx-q6-nexmark-auto-213939,Executor2,Stage2-1-0,0,14888,786,242488,8741,1178541,97,49893
1784087133122,nx-q6-nexmark-auto-213939,Executor2,Stage3-1-0,0,270,0,6840,589,11901,0,0
1784087133152,nx-q6-nexmark-auto-213939,Executor4,Stage1-3-0,0,24965,24452,29917,2482,2672660,1911,2032402
1784087133152,nx-q6-nexmark-auto-213939,Executor4,Stage2-3-0,0,13687,981,216472,8245,1078010,145,46641
1784087133152,nx-q6-nexmark-auto-213939,Executor4,Stage3-3-0,0,452,0,12680,438,21013,0,0
1784087133190,nx-q6-nexmark-auto-213939,Executor1,Stage1-2-0,0,25290,24803,28776,1531,2704747,1646,2062043
1784087133190,nx-q6-nexmark-auto-213939,Executor1,Stage2-2-0,0,13878,1196,238806,10720,1102894,143,51256
1784087133190,nx-q6-nexmark-auto-213939,Executor1,Stage3-2-0,0,372,0,10711,418,17731,0,0
1784087133249,nx-q6-nexmark-auto-213939,Executor0,Stage0-0-0,0,19353,19353,45521,0,0,2588,3148809
1784087133249,nx-q6-nexmark-auto-213939,Executor0,Stage0-1-0,0,24538,24539,54891,0,0,2108,3231703
1784087133249,nx-q6-nexmark-auto-213939,Executor0,Stage0-2-0,0,24335,24335,53395,0,0,1934,3279532
1784087133249,nx-q6-nexmark-auto-213939,Executor0,Stage0-3-0,0,23356,23356,49974,0,0,2174,3190178
1784087134110,nx-q6-nexmark-auto-213939,Executor3,Stage1-0-0,0,25067,24562,19996,2536,2688839,1038,990086
1784087134110,nx-q6-nexmark-auto-213939,Executor3,Stage2-0-0,0,65609,785,526032,10689,3970777,27,10722
1784087134110,nx-q6-nexmark-auto-213939,Executor3,Stage3-0-0,0,2345,0,27829,1069,102431,0,0
1784087134122,nx-q6-nexmark-auto-213939,Executor2,Stage1-1-0,0,24687,24187,31303,2221,2638739,1641,1951722
1784087134122,nx-q6-nexmark-auto-213939,Executor2,Stage2-1-0,0,10801,788,187655,7957,763572,154,52051
1784087134122,nx-q6-nexmark-auto-213939,Executor2,Stage3-1-0,0,201,0,5552,167,9400,0,0
1784087134152,nx-q6-nexmark-auto-213939,Executor4,Stage1-3-0,0,25179,24672,30885,2637,2698902,2280,1981128
1784087134152,nx-q6-nexmark-auto-213939,Executor4,Stage2-3-0,0,12197,570,204214,8531,871850,153,51911
1784087134152,nx-q6-nexmark-auto-213939,Executor4,Stage3-3-0,0,150,0,6878,264,6599,0,0
1784087134189,nx-q6-nexmark-auto-213939,Executor1,Stage1-2-0,0,25067,24579,30862,1995,2692213,1902,2006649
1784087134189,nx-q6-nexmark-auto-213939,Executor1,Stage2-2-0,0,11301,597,193646,8503,801394,131,49648
1784087134189,nx-q6-nexmark-auto-213939,Executor1,Stage3-2-0,0,215,0,7287,246,9498,0,0
1784087134249,nx-q6-nexmark-auto-213939,Executor0,Stage0-0-0,0,22287,22287,53669,0,0,2347,2806432
1784087134249,nx-q6-nexmark-auto-213939,Executor0,Stage0-1-0,0,25481,25481,50732,0,0,1868,2824938
1784087134249,nx-q6-nexmark-auto-213939,Executor0,Stage0-2-0,0,24004,24004,53774,0,0,1874,2793506
1784087134249,nx-q6-nexmark-auto-213939,Executor0,Stage0-3-0,0,24436,24436,52661,0,0,1815,2784384
1784087135110,nx-q6-nexmark-auto-213939,Executor3,Stage1-0-0,0,25262,24749,16399,1175,2706705,1193,1150797
1784087135110,nx-q6-nexmark-auto-213939,Executor3,Stage2-0-0,0,57640,624,532200,9732,3537712,54,13669
1784087135110,nx-q6-nexmark-auto-213939,Executor3,Stage3-0-0,0,2120,0,21428,688,101293,0,0
1784087135121,nx-q6-nexmark-auto-213939,Executor2,Stage1-1-0,0,24789,24304,30395,2193,2649713,1778,1928508
1784087135121,nx-q6-nexmark-auto-213939,Executor2,Stage2-1-0,0,13232,614,237419,8195,911940,106,38372
1784087135121,nx-q6-nexmark-auto-213939,Executor2,Stage3-1-0,0,215,0,6270,190,9030,0,0
1784087135151,nx-q6-nexmark-auto-213939,Executor4,Stage1-3-0,0,24901,24398,28981,2335,2680654,1795,1939825
1784087135151,nx-q6-nexmark-auto-213939,Executor4,Stage2-3-0,0,11805,608,232048,8539,763077,145,37944
1784087135151,nx-q6-nexmark-auto-213939,Executor4,Stage3-3-0,0,239,0,7290,306,10436,0,0
1784087135189,nx-q6-nexmark-auto-213939,Executor1,Stage1-2-0,0,25048,24549,29410,1902,2678039,2294,1936521
1784087135189,nx-q6-nexmark-auto-213939,Executor1,Stage2-2-0,0,12864,415,248763,10402,851177,164,39436
1784087135189,nx-q6-nexmark-auto-213939,Executor1,Stage3-2-0,0,205,0,7036,309,8298,0,0
1784087135249,nx-q6-nexmark-auto-213939,Executor0,Stage0-0-0,0,28039,28039,67667,0,0,1337,2774567
1784087135249,nx-q6-nexmark-auto-213939,Executor0,Stage0-1-0,0,24804,24804,52837,0,0,1271,2700341
1784087135249,nx-q6-nexmark-auto-213939,Executor0,Stage0-2-0,0,30947,30947,64425,0,0,1298,2913477
1784087135249,nx-q6-nexmark-auto-213939,Executor0,Stage0-3-0,0,25925,25925,54141,0,0,1518,2745835
1784087136110,nx-q6-nexmark-auto-213939,Executor3,Stage1-0-0,0,25095,24589,14611,1971,2689474,759,860572
1784087136110,nx-q6-nexmark-auto-213939,Executor3,Stage2-0-0,0,56324,855,464785,8744,3128771,90,18297
1784087136110,nx-q6-nexmark-auto-213939,Executor3,Stage3-0-0,0,2061,0,24064,947,87406,0,0
1784087136121,nx-q6-nexmark-auto-213939,Executor2,Stage1-1-0,0,25029,24526,30241,2068,2689421,2212,2050714
1784087136121,nx-q6-nexmark-auto-213939,Executor2,Stage2-1-0,0,12151,866,231909,8892,932046,213,53754
1784087136121,nx-q6-nexmark-auto-213939,Executor2,Stage3-1-0,0,344,0,12492,431,14732,0,0
1784087136152,nx-q6-nexmark-auto-213939,Executor4,Stage1-3-0,0,25014,24512,31044,2240,2686697,1670,2049818
1784087136152,nx-q6-nexmark-auto-213939,Executor4,Stage2-3-0,0,14597,1123,284529,14772,1187043,125,53673
1784087136152,nx-q6-nexmark-auto-213939,Executor4,Stage3-3-0,0,407,0,10176,395,19282,0,0
1784087136189,nx-q6-nexmark-auto-213939,Executor1,Stage1-2-0,0,24862,24373,29323,1766,2651688,2033,2025544
1784087136189,nx-q6-nexmark-auto-213939,Executor1,Stage2-2-0,0,11885,831,246331,10858,920892,119,53478
1784087136189,nx-q6-nexmark-auto-213939,Executor1,Stage3-2-0,0,290,0,12118,487,13418,0,0
1784087136249,nx-q6-nexmark-auto-213939,Executor0,Stage0-0-0,0,21667,21667,54754,0,0,4869,3241297
1784087136249,nx-q6-nexmark-auto-213939,Executor0,Stage0-1-0,0,23536,23536,57596,0,0,4616,3296589
1784087136249,nx-q6-nexmark-auto-213939,Executor0,Stage0-2-0,0,19292,19292,46331,0,0,5288,3202428
1784087136249,nx-q6-nexmark-auto-213939,Executor0,Stage0-3-0,0,23391,23391,54345,0,0,4799,3293777
1784087137110,nx-q6-nexmark-auto-213939,Executor3,Stage1-0-0,0,25133,24622,17710,1730,2692737,1050,1105930
1784087137110,nx-q6-nexmark-auto-213939,Executor3,Stage2-0-0,0,64217,631,528202,12184,3986831,66,10163
1784087137110,nx-q6-nexmark-auto-213939,Executor3,Stage3-0-0,0,2128,0,22331,758,98265,0,0
1784087137121,nx-q6-nexmark-auto-213939,Executor2,Stage1-1-0,0,24992,24470,57946,2292,2676037,1592,1945298
1784087137121,nx-q6-nexmark-auto-213939,Executor2,Stage2-1-0,0,11485,609,238484,9296,787476,124,39282
1784087137121,nx-q6-nexmark-auto-213939,Executor2,Stage3-1-0,0,191,0,5313,228,8532,0,0
1784087137152,nx-q6-nexmark-auto-213939,Executor4,Stage1-3-0,0,24937,24460,30151,2635,2679552,1738,1939785
1784087137152,nx-q6-nexmark-auto-213939,Executor4,Stage2-3-0,0,10497,346,236465,9465,665941,97,40118
1784087137152,nx-q6-nexmark-auto-213939,Executor4,Stage3-3-0,0,119,0,3654,169,4642,0,0
1784087137189,nx-q6-nexmark-auto-213939,Executor1,Stage1-2-0,0,24938,24448,75525,3918,2668488,1373,1941451
1784087137189,nx-q6-nexmark-auto-213939,Executor1,Stage2-2-0,0,11785,642,275057,13395,809937,108,41365
1784087137189,nx-q6-nexmark-auto-213939,Executor1,Stage3-2-0,0,251,0,9098,386,12069,0,0
1784087137249,nx-q6-nexmark-auto-213939,Executor0,Stage0-0-0,0,33568,33568,55489,0,0,1776,2749589
1784087137249,nx-q6-nexmark-auto-213939,Executor0,Stage0-1-0,0,25629,25629,68751,0,0,1636,2528543
1784087137249,nx-q6-nexmark-auto-213939,Executor0,Stage0-2-0,0,25482,25482,54340,0,0,1523,2567412
1784087137249,nx-q6-nexmark-auto-213939,Executor0,Stage0-3-0,0,25878,25878,57178,0,0,1544,2512597
1784087138110,nx-q6-nexmark-auto-213939,Executor3,Stage1-0-0,0,25147,24643,23625,1824,2699683,1049,1090105
1784087138110,nx-q6-nexmark-auto-213939,Executor3,Stage2-0-0,0,53928,661,597226,17747,3201132,18,13884
1784087138110,nx-q6-nexmark-auto-213939,Executor3,Stage3-0-0,0,1918,0,21482,696,86812,0,0
1784087138121,nx-q6-nexmark-auto-213939,Executor2,Stage1-1-0,0,24856,24350,29606,2027,2665720,1455,1942213
1784087138121,nx-q6-nexmark-auto-213939,Executor2,Stage2-1-0,0,16231,644,271666,9964,1197953,138,39681
1784087138121,nx-q6-nexmark-auto-213939,Executor2,Stage3-1-0,0,293,0,6079,239,13093,0,0
1784087138152,nx-q6-nexmark-auto-213939,Executor4,Stage1-3-0,0,25197,24698,30207,2445,2688898,1630,1971402
1784087138152,nx-q6-nexmark-auto-213939,Executor4,Stage2-3-0,0,14967,640,283745,12332,1067967,104,40513
1784087138152,nx-q6-nexmark-auto-213939,Executor4,Stage3-3-0,0,217,0,5638,266,9607,0,0
1784087138189,nx-q6-nexmark-auto-213939,Executor1,Stage1-2-0,0,24800,24309,35497,2305,2663577,1324,1948193
1784087138189,nx-q6-nexmark-auto-213939,Executor1,Stage2-2-0,0,16439,869,309198,14008,1211497,202,41283
1784087138189,nx-q6-nexmark-auto-213939,Executor1,Stage3-2-0,0,330,0,8493,347,15275,0,0
1784087138249,nx-q6-nexmark-auto-213939,Executor0,Stage0-0-0,0,14730,14730,55481,0,0,1577,2823445
1784087138249,nx-q6-nexmark-auto-213939,Executor0,Stage0-1-0,0,20474,20474,47359,0,0,1221,2878126
1784087138249,nx-q6-nexmark-auto-213939,Executor0,Stage0-2-0,0,20091,20091,64188,0,0,1310,2888683
1784087138249,nx-q6-nexmark-auto-213939,Executor0,Stage0-3-0,0,21185,21185,44652,0,0,1468,2904750
1784087139110,nx-q6-nexmark-auto-213939,Executor3,Stage1-0-0,0,25074,24594,14503,1739,2690819,1259,828414
1784087139110,nx-q6-nexmark-auto-213939,Executor3,Stage2-0-0,0,58882,877,480466,9980,3289361,100,16272
1784087139110,nx-q6-nexmark-auto-213939,Executor3,Stage3-0-0,0,2157,0,25473,967,90141,0,0
1784087139122,nx-q6-nexmark-auto-213939,Executor2,Stage1-1-0,0,24903,24430,31659,2229,2658283,2048,2048297
1784087139122,nx-q6-nexmark-auto-213939,Executor2,Stage2-1-0,0,12609,863,219063,8765,1023514,127,55552
1784087139122,nx-q6-nexmark-auto-213939,Executor2,Stage3-1-0,0,348,0,11201,422,16652,0,0
1784087139152,nx-q6-nexmark-auto-213939,Executor4,Stage1-3-0,0,24894,24352,30629,2382,2670510,1820,2055396
1784087139152,nx-q6-nexmark-auto-213939,Executor4,Stage2-3-0,0,11398,888,286038,15910,905294,135,56895
1784087139152,nx-q6-nexmark-auto-213939,Executor4,Stage3-3-0,0,290,0,12795,514,12947,0,0
1784087139189,nx-q6-nexmark-auto-213939,Executor1,Stage1-2-0,0,25129,24624,28897,1833,2694940,2008,2076155
1784087139189,nx-q6-nexmark-auto-213939,Executor1,Stage2-2-0,0,12716,1085,212126,8961,1046861,169,57713
1784087139189,nx-q6-nexmark-auto-213939,Executor1,Stage3-2-0,0,298,0,9290,331,13090,0,0
1784087139249,nx-q6-nexmark-auto-213939,Executor0,Stage0-0-0,0,28691,28691,68305,0,0,1540,2906766
1784087139249,nx-q6-nexmark-auto-213939,Executor0,Stage0-1-0,0,29118,29118,69116,0,0,1582,2895127
1784087139249,nx-q6-nexmark-auto-213939,Executor0,Stage0-2-0,0,29482,29482,67051,0,0,1530,2931086
1784087139249,nx-q6-nexmark-auto-213939,Executor0,Stage0-3-0,0,27998,27998,63463,0,0,1640,2870174
1784087140110,nx-q6-nexmark-auto-213939,Executor3,Stage1-0-0,0,25092,24574,21598,1896,2687607,1243,1170941
1784087140110,nx-q6-nexmark-auto-213939,Executor3,Stage2-0-0,0,64482,620,572960,17978,4090278,95,7019
1784087140110,nx-q6-nexmark-auto-213939,Executor3,Stage3-0-0,0,2276,0,31783,1712,104997,0,0
1784087140121,nx-q6-nexmark-auto-213939,Executor2,Stage1-1-0,0,25078,24575,32551,2253,2686219,1583,1910338
1784087140121,nx-q6-nexmark-auto-213939,Executor2,Stage2-1-0,0,11543,563,195729,7836,728698,93,36583
1784087140121,nx-q6-nexmark-auto-213939,Executor2,Stage3-1-0,0,194,0,5132,164,9333,0,0
1784087140152,nx-q6-nexmark-auto-213939,Executor4,Stage1-3-0,0,24826,24344,53882,20075,2664818,1728,1893635
1784087140152,nx-q6-nexmark-auto-213939,Executor4,Stage2-3-0,0,14421,571,298265,14870,1004053,189,38174
1784087140152,nx-q6-nexmark-auto-213939,Executor4,Stage3-3-0,0,164,0,4745,215,8352,0,0
1784087140189,nx-q6-nexmark-auto-213939,Executor1,Stage1-2-0,0,25004,24507,33018,2579,2678383,1899,1904094
1784087140189,nx-q6-nexmark-auto-213939,Executor1,Stage2-2-0,0,12543,342,204069,8248,788101,116,36890
1784087140189,nx-q6-nexmark-auto-213939,Executor1,Stage3-2-0,0,114,0,4199,177,5249,0,0
1784087140249,nx-q6-nexmark-auto-213939,Executor0,Stage0-0-0,0,28509,28509,53685,0,0,3194,3314280
1784087140249,nx-q6-nexmark-auto-213939,Executor0,Stage0-1-0,0,30576,30576,55898,0,0,3340,3350230
1784087140249,nx-q6-nexmark-auto-213939,Executor0,Stage0-2-0,0,23927,23927,57104,0,0,3048,3209314
1784087140249,nx-q6-nexmark-auto-213939,Executor0,Stage0-3-0,0,24162,24162,58499,0,0,4959,3166314
1784087141110,nx-q6-nexmark-auto-213939,Executor3,Stage1-0-0,0,24902,24384,18300,1762,2675594,1091,969280
1784087141110,nx-q6-nexmark-auto-213939,Executor3,Stage2-0-0,0,51494,750,457487,7294,2909654,102,17383
1784087141110,nx-q6-nexmark-auto-213939,Executor3,Stage3-0-0,0,1971,0,22899,796,87606,0,0
1784087141121,nx-q6-nexmark-auto-213939,Executor2,Stage1-1-0,0,24923,24452,30204,2227,2658048,1582,1974652
1784087141121,nx-q6-nexmark-auto-213939,Executor2,Stage2-1-0,0,15536,780,254807,9105,1168808,60,48402
1784087141121,nx-q6-nexmark-auto-213939,Executor2,Stage3-1-0,0,284,0,6208,256,11946,0,0
1784087141152,nx-q6-nexmark-auto-213939,Executor4,Stage1-3-0,0,25182,24670,29695,2518,2709922,1663,2011829
1784087141152,nx-q6-nexmark-auto-213939,Executor4,Stage2-3-0,0,14907,800,230610,8078,1116869,148,46705
1784087141152,nx-q6-nexmark-auto-213939,Executor4,Stage3-3-0,0,431,0,10079,427,19617,0,0
1784087141189,nx-q6-nexmark-auto-213939,Executor1,Stage1-2-0,0,24993,24494,29770,1958,2676403,1617,1997032
1784087141189,nx-q6-nexmark-auto-213939,Executor1,Stage2-2-0,0,14113,933,227598,8987,1055733,118,47444
1784087141189,nx-q6-nexmark-auto-213939,Executor1,Stage3-2-0,0,306,0,7550,303,13505,0,0
1784087141249,nx-q6-nexmark-auto-213939,Executor0,Stage0-0-0,0,21439,21439,52044,0,0,1321,2573126
1784087141249,nx-q6-nexmark-auto-213939,Executor0,Stage0-1-0,0,19010,19010,46525,0,0,1395,2476100
1784087141249,nx-q6-nexmark-auto-213939,Executor0,Stage0-2-0,0,24395,24395,61195,0,0,1484,2689382
1784087141249,nx-q6-nexmark-auto-213939,Executor0,Stage0-3-0,0,33176,33176,57148,0,0,1716,3025362
1784087142110,nx-q6-nexmark-auto-213939,Executor3,Stage1-0-0,0,25086,24558,14765,1515,2682024,886,921979
1784087142110,nx-q6-nexmark-auto-213939,Executor3,Stage2-0-0,0,61670,771,474045,70901,3622936,16,12901
1784087142110,nx-q6-nexmark-auto-213939,Executor3,Stage3-0-0,0,2186,0,24505,937,95245,0,0
1784087142121,nx-q6-nexmark-auto-213939,Executor2,Stage1-1-0,0,25075,24571,31991,2787,2699868,1922,2008931
1784087142121,nx-q6-nexmark-auto-213939,Executor2,Stage2-1-0,0,11228,774,208543,8943,815078,103,50525
1784087142121,nx-q6-nexmark-auto-213939,Executor2,Stage3-1-0,0,250,0,6046,199,11996,0,0
1784087142151,nx-q6-nexmark-auto-213939,Executor4,Stage1-3-0,0,24855,24378,27228,2183,2664724,1489,1994475
1784087142151,nx-q6-nexmark-auto-213939,Executor4,Stage2-3-0,0,12035,832,219098,10712,885536,93,50746
1784087142151,nx-q6-nexmark-auto-213939,Executor4,Stage3-3-0,0,302,0,7233,306,13301,0,0
1784087142189,nx-q6-nexmark-auto-213939,Executor1,Stage1-2-0,0,24984,24493,28018,1228,2667429,1623,2004737
1784087142189,nx-q6-nexmark-auto-213939,Executor1,Stage2-2-0,0,13094,693,218623,9440,1013290,96,50904
1784087142189,nx-q6-nexmark-auto-213939,Executor1,Stage3-2-0,0,220,0,5770,228,10351,0,0
1784087142249,nx-q6-nexmark-auto-213939,Executor0,Stage0-0-0,0,25987,25987,53994,0,0,1697,2960431
1784087142249,nx-q6-nexmark-auto-213939,Executor0,Stage0-1-0,0,24841,24841,57490,0,0,1761,2900914
1784087142249,nx-q6-nexmark-auto-213939,Executor0,Stage0-2-0,0,21809,21809,61846,0,0,1765,2819799
1784087142249,nx-q6-nexmark-auto-213939,Executor0,Stage0-3-0,0,13717,13717,46476,0,0,1990,2454199
1784087143110,nx-q6-nexmark-auto-213939,Executor3,Stage1-0-0,0,24761,24233,19353,1784,2643345,1092,1123356
1784087143110,nx-q6-nexmark-auto-213939,Executor3,Stage2-0-0,0,59873,617,582737,19781,3725207,19,8514
1784087143110,nx-q6-nexmark-auto-213939,Executor3,Stage3-0-0,0,2167,0,22668,765,100281,0,0
1784087143121,nx-q6-nexmark-auto-213939,Executor2,Stage1-1-0,0,25190,24697,30721,2396,2698569,2036,1935156
1784087143121,nx-q6-nexmark-auto-213939,Executor2,Stage2-1-0,0,13691,604,222567,8471,935401,134,40027
1784087143121,nx-q6-nexmark-auto-213939,Executor2,Stage3-1-0,0,147,0,3396,114,7005,0,0
1784087143152,nx-q6-nexmark-auto-213939,Executor4,Stage1-3-0,0,24955,24481,29241,2401,2682178,1568,1929282
1784087143152,nx-q6-nexmark-auto-213939,Executor4,Stage2-3-0,0,13009,551,214465,8316,872212,129,38041
1784087143152,nx-q6-nexmark-auto-213939,Executor4,Stage3-3-0,0,162,0,4516,211,6142,0,0
1784087143189,nx-q6-nexmark-auto-213939,Executor1,Stage1-2-0,0,25094,24589,29935,2111,2692063,1823,1938875
1784087143189,nx-q6-nexmark-auto-213939,Executor1,Stage2-2-0,0,12526,475,207839,8221,812908,131,38953
1784087143189,nx-q6-nexmark-auto-213939,Executor1,Stage3-2-0,0,184,0,4970,209,8314,0,0
1784087143249,nx-q6-nexmark-auto-213939,Executor0,Stage0-0-0,0,25317,25317,54695,0,0,1785,2848266
1784087143249,nx-q6-nexmark-auto-213939,Executor0,Stage0-1-0,0,25370,25370,60590,0,0,1617,2800738
1784087143249,nx-q6-nexmark-auto-213939,Executor0,Stage0-2-0,0,29704,29704,78420,0,0,1527,2927654
1784087143249,nx-q6-nexmark-auto-213939,Executor0,Stage0-3-0,0,28732,28732,62209,0,0,1506,2843800
1784087144110,nx-q6-nexmark-auto-213939,Executor3,Stage1-0-0,0,25079,24569,16916,2035,2681688,992,901224
1784087144110,nx-q6-nexmark-auto-213939,Executor3,Stage2-0-0,0,54279,788,493244,9711,3054811,30,17694
1784087144110,nx-q6-nexmark-auto-213939,Executor3,Stage3-0-0,0,2001,0,23760,952,87505,0,0
1784087144121,nx-q6-nexmark-auto-213939,Executor2,Stage1-1-0,0,24923,24436,30498,2226,2677145,1520,2009501
1784087144121,nx-q6-nexmark-auto-213939,Executor2,Stage2-1-0,0,13125,781,236546,8882,980756,82,48658
1784087144121,nx-q6-nexmark-auto-213939,Executor2,Stage3-1-0,0,294,0,7325,300,12579,0,0
1784087144152,nx-q6-nexmark-auto-213939,Executor4,Stage1-3-0,0,24959,24455,29872,2305,2668868,1612,2016930
1784087144152,nx-q6-nexmark-auto-213939,Executor4,Stage2-3-0,0,13807,878,222592,8440,1068626,179,48511
1784087144152,nx-q6-nexmark-auto-213939,Executor4,Stage3-3-0,0,391,0,8613,322,18621,0,0
1784087144189,nx-q6-nexmark-auto-213939,Executor1,Stage1-2-0,0,25039,24540,30182,2073,2690390,1626,2033706
1784087144189,nx-q6-nexmark-auto-213939,Executor1,Stage2-2-0,0,14094,993,228233,8514,1100581,162,47646
1784087144189,nx-q6-nexmark-auto-213939,Executor1,Stage3-2-0,0,383,0,9143,369,17009,0,0
1784087144249,nx-q6-nexmark-auto-213939,Executor0,Stage0-0-0,0,24737,24737,53046,0,0,1642,2917598
1784087144249,nx-q6-nexmark-auto-213939,Executor0,Stage0-1-0,0,24854,24854,57925,0,0,1684,2919185
1784087144249,nx-q6-nexmark-auto-213939,Executor0,Stage0-2-0,0,24767,24767,54711,0,0,1670,2965508
1784087144249,nx-q6-nexmark-auto-213939,Executor0,Stage0-3-0,0,26148,26148,57004,0,0,1678,2960462
1784087145110,nx-q6-nexmark-auto-213939,Executor3,Stage1-0-0,0,25078,24590,12562,797,2691489,1010,1011864
1784087145110,nx-q6-nexmark-auto-213939,Executor3,Stage2-0-0,0,64181,757,650815,19726,3886028,54,10399
1784087145110,nx-q6-nexmark-auto-213939,Executor3,Stage3-0-0,0,2211,0,31418,1595,95828,0,0
1784087145121,nx-q6-nexmark-auto-213939,Executor2,Stage1-1-0,0,24950,24465,39993,3016,2678088,2669,1985588
1784087145121,nx-q6-nexmark-auto-213939,Executor2,Stage2-1-0,0,12929,748,257714,12861,961202,171,48347
1784087145121,nx-q6-nexmark-auto-213939,Executor2,Stage3-1-0,0,223,0,5258,234,9855,0,0
1784087145152,nx-q6-nexmark-auto-213939,Executor4,Stage1-3-0,0,24850,24367,29199,2315,2666294,1661,1961209
1784087145152,nx-q6-nexmark-auto-213939,Executor4,Stage2-3-0,0,12683,626,234494,8475,913362,75,47213
1784087145152,nx-q6-nexmark-auto-213939,Executor4,Stage3-3-0,0,213,0,5317,208,9467,0,0
1784087145189,nx-q6-nexmark-auto-213939,Executor1,Stage1-2-0,0,25122,24578,31044,2770,2681665,1645,1976398
1784087145189,nx-q6-nexmark-auto-213939,Executor1,Stage2-2-0,0,12115,641,203447,8489,868183,114,46976
1784087145189,nx-q6-nexmark-auto-213939,Executor1,Stage3-2-0,0,209,0,5400,190,9395,0,0
1784087145249,nx-q6-nexmark-auto-213939,Executor0,Stage0-0-0,0,25311,25311,52480,0,0,1119,2750673
1784087145249,nx-q6-nexmark-auto-213939,Executor0,Stage0-1-0,0,25845,25845,76857,0,0,1142,2739049
1784087145249,nx-q6-nexmark-auto-213939,Executor0,Stage0-2-0,0,30087,30087,67600,0,0,1200,2882951
1784087145249,nx-q6-nexmark-auto-213939,Executor0,Stage0-3-0,0,25024,25024,53520,0,0,1221,2751989
1784087146110,nx-q6-nexmark-auto-213939,Executor3,Stage1-0-0,0,25071,24592,49317,23721,2683396,1065,1125713
1784087146110,nx-q6-nexmark-auto-213939,Executor3,Stage2-0-0,0,56521,685,531881,13347,3454819,21,14618
1784087146110,nx-q6-nexmark-auto-213939,Executor3,Stage3-0-0,0,2065,0,27569,1030,95119,0,0
1784087146133,nx-q6-nexmark-auto-213939,Executor2,Stage1-1-0,0,25049,24518,38836,5784,2682747,1648,1928330
1784087146133,nx-q6-nexmark-auto-213939,Executor2,Stage2-1-0,0,13103,652,276060,7575,878059,122,40791
1784087146133,nx-q6-nexmark-auto-213939,Executor2,Stage3-1-0,0,243,0,6663,193,10551,0,0
1784087146151,nx-q6-nexmark-auto-213939,Executor4,Stage1-3-0,0,24862,24361,65108,26725,2672810,1778,1926371
1784087146151,nx-q6-nexmark-auto-213939,Executor4,Stage2-3-0,0,13337,633,257974,11783,899382,145,40081
1784087146151,nx-q6-nexmark-auto-213939,Executor4,Stage3-3-0,0,185,0,6622,283,7582,0,0
1784087146189,nx-q6-nexmark-auto-213939,Executor1,Stage1-2-0,0,25018,24529,29064,1834,2676914,1610,1925263
1784087146189,nx-q6-nexmark-auto-213939,Executor1,Stage2-2-0,0,12237,399,227570,8696,786263,85,39962
1784087146189,nx-q6-nexmark-auto-213939,Executor1,Stage3-2-0,0,238,0,6561,305,8950,0,0
1784087146249,nx-q6-nexmark-auto-213939,Executor0,Stage0-0-0,0,24264,24264,53050,0,0,1972,3147190
1784087146249,nx-q6-nexmark-auto-213939,Executor0,Stage0-1-0,0,23188,23188,56553,0,0,2075,3127935
1784087146249,nx-q6-nexmark-auto-213939,Executor0,Stage0-2-0,0,18199,18199,46167,0,0,1922,2925899
1784087146249,nx-q6-nexmark-auto-213939,Executor0,Stage0-3-0,0,28029,28029,52008,0,0,2196,3282146
1784087147110,nx-q6-nexmark-auto-213939,Executor3,Stage1-0-0,0,24895,24426,12157,1419,2672039,905,849826
1784087147110,nx-q6-nexmark-auto-213939,Executor3,Stage2-0-0,0,56637,872,478543,10457,3169414,147,17550
1784087147110,nx-q6-nexmark-auto-213939,Executor3,Stage3-0-0,0,2161,0,25356,1061,91881,0,0
1784087147121,nx-q6-nexmark-auto-213939,Executor2,Stage1-1-0,0,24856,24352,28218,1369,2656634,1555,2028322
1784087147121,nx-q6-nexmark-auto-213939,Executor2,Stage2-1-0,0,14330,881,307170,15550,1157591,86,54140
1784087147121,nx-q6-nexmark-auto-213939,Executor2,Stage3-1-0,0,347,0,7842,338,14552,0,0
1784087147152,nx-q6-nexmark-auto-213939,Executor4,Stage1-3-0,0,25147,24622,64731,25591,2695279,1474,2051775
1784087147152,nx-q6-nexmark-auto-213939,Executor4,Stage2-3-0,0,13445,1119,295550,12776,1072787,96,55058
1784087147152,nx-q6-nexmark-auto-213939,Executor4,Stage3-3-0,0,352,0,7881,288,16234,0,0
1784087147189,nx-q6-nexmark-auto-213939,Executor1,Stage1-2-0,0,25102,24600,52123,11349,2691753,1461,2057240
1784087147189,nx-q6-nexmark-auto-213939,Executor1,Stage2-2-0,0,14587,1165,286373,14119,1195487,162,54968
1784087147189,nx-q6-nexmark-auto-213939,Executor1,Stage3-2-0,0,400,0,9138,397,18740,0,0
1784087147249,nx-q6-nexmark-auto-213939,Executor0,Stage0-0-0,0,24700,24700,52974,0,0,1305,2749337
1784087147249,nx-q6-nexmark-auto-213939,Executor0,Stage0-1-0,0,27055,27055,62093,0,0,1314,2713967
1784087147249,nx-q6-nexmark-auto-213939,Executor0,Stage0-2-0,0,26780,26780,56062,0,0,1384,2823787
1784087147249,nx-q6-nexmark-auto-213939,Executor0,Stage0-3-0,0,21626,21626,47634,0,0,1368,2556332
1784087148110,nx-q6-nexmark-auto-213939,Executor3,Stage1-0-0,0,24964,24438,13734,593,2673276,985,1062057
1784087148110,nx-q6-nexmark-auto-213939,Executor3,Stage2-0-0,0,64288,660,553802,10480,3962602,54,8080
1784087148110,nx-q6-nexmark-auto-213939,Executor3,Stage3-0-0,0,2328,0,24872,920,106527,0,0
1784087148121,nx-q6-nexmark-auto-213939,Executor2,Stage1-1-0,0,24981,24488,31498,2176,2676619,2060,1949334
1784087148121,nx-q6-nexmark-auto-213939,Executor2,Stage2-1-0,0,11173,659,188062,7767,753415,148,43406
1784087148121,nx-q6-nexmark-auto-213939,Executor2,Stage3-1-0,0,204,0,4239,127,9803,0,0
1784087148152,nx-q6-nexmark-auto-213939,Executor4,Stage1-3-0,0,24998,24494,83470,30844,2680689,2042,1961498
1784087148152,nx-q6-nexmark-auto-213939,Executor4,Stage2-3-0,0,11979,391,207383,8233,830309,102,42455
1784087148152,nx-q6-nexmark-auto-213939,Executor4,Stage3-3-0,0,110,0,3452,167,4466,0,0
1784087148189,nx-q6-nexmark-auto-213939,Executor1,Stage1-2-0,0,25057,24580,30094,2101,2684896,3268,1976800
1784087148189,nx-q6-nexmark-auto-213939,Executor1,Stage2-2-0,0,11679,556,193280,8559,788718,154,41765
1784087148189,nx-q6-nexmark-auto-213939,Executor1,Stage3-2-0,0,146,0,4494,187,6455,0,0
1784087148249,nx-q6-nexmark-auto-213939,Executor0,Stage0-0-0,0,25698,25698,53958,0,0,1954,3021822
1784087148249,nx-q6-nexmark-auto-213939,Executor0,Stage0-1-0,0,25590,25590,54901,0,0,2065,3009435
1784087148249,nx-q6-nexmark-auto-213939,Executor0,Stage0-2-0,0,23804,23804,57307,0,0,2046,2931894
1784087148249,nx-q6-nexmark-auto-213939,Executor0,Stage0-3-0,0,30318,30318,47196,0,0,1892,3211885
1784087149110,nx-q6-nexmark-auto-213939,Executor3,Stage1-0-0,0,25254,24748,21374,2362,2693831,1934,1149098
1784087149110,nx-q6-nexmark-auto-213939,Executor3,Stage2-0-0,0,55196,667,496093,10082,3365316,63,14066
1784087149110,nx-q6-nexmark-auto-213939,Executor3,Stage3-0-0,0,1945,0,21506,720,88547,0,0
1784087149121,nx-q6-nexmark-auto-213939,Executor2,Stage1-1-0,0,24829,24348,29768,2340,2665885,1668,1906700
1784087149121,nx-q6-nexmark-auto-213939,Executor2,Stage2-1-0,0,14278,640,232257,8463,962691,147,38795
1784087149121,nx-q6-nexmark-auto-213939,Executor2,Stage3-1-0,0,268,0,5852,208,11147,0,0
1784087149152,nx-q6-nexmark-auto-213939,Executor4,Stage1-3-0,0,24980,24471,41128,5787,2673355,1612,1928034
1784087149152,nx-q6-nexmark-auto-213939,Executor4,Stage2-3-0,0,14044,659,266491,12545,951633,126,41117
1784087149152,nx-q6-nexmark-auto-213939,Executor4,Stage3-3-0,0,260,0,6679,292,11451,0,0
1784087149189,nx-q6-nexmark-auto-213939,Executor1,Stage1-2-0,0,24937,24433,59697,19115,2680286,1458,1900103
1784087149189,nx-q6-nexmark-auto-213939,Executor1,Stage2-2-0,0,14311,763,256934,11004,973843,43,40765
1784087149189,nx-q6-nexmark-auto-213939,Executor1,Stage3-2-0,0,209,0,5837,236,9234,0,0
1784087149249,nx-q6-nexmark-auto-213939,Executor0,Stage0-0-0,0,25471,25471,52568,0,0,1346,2860035
1784087149249,nx-q6-nexmark-auto-213939,Executor0,Stage0-1-0,0,25177,25177,52609,0,0,1418,2796853
1784087149249,nx-q6-nexmark-auto-213939,Executor0,Stage0-2-0,0,27199,27199,54005,0,0,1296,2910956
1784087149249,nx-q6-nexmark-auto-213939,Executor0,Stage0-3-0,0,20185,20185,43738,0,0,1412,2571612
1784087150110,nx-q6-nexmark-auto-213939,Executor3,Stage1-0-0,0,24968,24482,14999,2211,2675892,1361,813826
1784087150110,nx-q6-nexmark-auto-213939,Executor3,Stage2-0-0,0,54999,855,465955,8633,3003803,66,18183
1784087150110,nx-q6-nexmark-auto-213939,Executor3,Stage3-0-0,0,2130,0,26198,1061,91488,0,0
1784087150121,nx-q6-nexmark-auto-213939,Executor2,Stage1-1-0,0,25177,24661,31445,2453,2694776,3026,2081581
1784087150121,nx-q6-nexmark-auto-213939,Executor2,Stage2-1-0,0,14043,894,235210,9324,1149596,139,57317
1784087150121,nx-q6-nexmark-auto-213939,Executor2,Stage3-1-0,0,315,0,6886,258,14352,0,0
1784087150152,nx-q6-nexmark-auto-213939,Executor4,Stage1-3-0,0,24916,24377,30481,2444,2670755,1918,2052030
1784087150152,nx-q6-nexmark-auto-213939,Executor4,Stage2-3-0,0,13417,1144,210216,8329,1115742,157,53363
1784087150152,nx-q6-nexmark-auto-213939,Executor4,Stage3-3-0,0,434,0,11220,450,20819,0,0
1784087150189,nx-q6-nexmark-auto-213939,Executor1,Stage1-2-0,0,24939,24480,30061,1866,2673719,1494,2060243
1784087150189,nx-q6-nexmark-auto-213939,Executor1,Stage2-2-0,0,13072,1032,209546,7988,1068189,133,55517
1784087150189,nx-q6-nexmark-auto-213939,Executor1,Stage3-2-0,0,346,0,8904,337,15849,0,0
1784087150249,nx-q6-nexmark-auto-213939,Executor0,Stage0-0-0,0,25235,25235,52894,0,0,1584,2986210
1784087150249,nx-q6-nexmark-auto-213939,Executor0,Stage0-1-0,0,24618,24618,52296,0,0,1718,2900873
1784087150249,nx-q6-nexmark-auto-213939,Executor0,Stage0-2-0,0,24606,24606,52797,0,0,1754,2931519
1784087150249,nx-q6-nexmark-auto-213939,Executor0,Stage0-3-0,0,24850,24850,53606,0,0,1747,2906503
1784087151110,nx-q6-nexmark-auto-213939,Executor3,Stage1-0-0,0,25134,24625,20635,2039,2701776,1853,1135461
1784087151110,nx-q6-nexmark-auto-213939,Executor3,Stage2-0-0,0,64462,606,558446,12211,4023611,63,6992
1784087151110,nx-q6-nexmark-auto-213939,Executor3,Stage3-0-0,0,2189,0,23686,789,100800,0,0
1784087151122,nx-q6-nexmark-auto-213939,Executor2,Stage1-1-0,0,25110,24609,33379,2261,2688607,3838,1947969
1784087151122,nx-q6-nexmark-auto-213939,Executor2,Stage2-1-0,0,11141,553,184705,7690,729557,69,36987
1784087151122,nx-q6-nexmark-auto-213939,Executor2,Stage3-1-0,0,171,0,3973,123,8809,0,0
1784087151152,nx-q6-nexmark-auto-213939,Executor4,Stage1-3-0,0,24856,24356,31025,2859,2660770,1425,1923804
1784087151152,nx-q6-nexmark-auto-213939,Executor4,Stage2-3-0,0,11926,284,191014,8143,777602,72,38196
1784087151152,nx-q6-nexmark-auto-213939,Executor4,Stage3-3-0,0,101,0,3367,158,4274,0,0
1784087151189,nx-q6-nexmark-auto-213939,Executor1,Stage1-2-0,0,24900,24410,29852,1911,2662965,2062,1916367
1784087151189,nx-q6-nexmark-auto-213939,Executor1,Stage2-2-0,0,12143,358,196722,8036,792313,122,36127
1784087151189,nx-q6-nexmark-auto-213939,Executor1,Stage3-2-0,0,138,0,3591,133,5938,0,0
1784087151257,nx-q6-nexmark-auto-213939,Executor0,Stage0-0-0,0,20570,20570,45969,0,0,1310,2731750
1784087151257,nx-q6-nexmark-auto-213939,Executor0,Stage0-1-0,0,21939,21939,47974,0,0,1362,2752382
1784087151257,nx-q6-nexmark-auto-213939,Executor0,Stage0-2-0,0,21971,21971,48038,0,0,1538,2786639
1784087151257,nx-q6-nexmark-auto-213939,Executor0,Stage0-3-0,0,22262,22262,66467,0,0,1433,2766905
1784087152110,nx-q6-nexmark-auto-213939,Executor3,Stage1-0-0,0,25018,24517,14901,1613,2689249,1873,1034581
1784087152110,nx-q6-nexmark-auto-213939,Executor3,Stage2-0-0,0,53934,804,469103,11069,3137901,104,20475
1784087152110,nx-q6-nexmark-auto-213939,Executor3,Stage3-0-0,0,1900,0,21627,769,82945,0,0
1784087152121,nx-q6-nexmark-auto-213939,Executor2,Stage1-1-0,0,25211,24710,30167,2110,2685224,4095,1973973
1784087152121,nx-q6-nexmark-auto-213939,Executor2,Stage2-1-0,0,14565,746,233383,8118,1058914,169,46253
1784087152121,nx-q6-nexmark-auto-213939,Executor2,Stage3-1-0,0,266,0,6513,241,10909,0,0
1784087152152,nx-q6-nexmark-auto-213939,Executor4,Stage1-3-0,0,24837,24351,29229,2357,2669452,1987,1958814
1784087152152,nx-q6-nexmark-auto-213939,Executor4,Stage2-3-0,0,14592,694,224214,8050,1064973,383,42597
1784087152152,nx-q6-nexmark-auto-213939,Executor4,Stage3-3-0,0,422,0,9722,368,20299,0,0
1784087152189,nx-q6-nexmark-auto-213939,Executor1,Stage1-2-0,0,24934,24422,28872,1878,2672809,1853,1973860
1784087152189,nx-q6-nexmark-auto-213939,Executor1,Stage2-2-0,0,13390,642,217075,8415,957868,62,47418
1784087152189,nx-q6-nexmark-auto-213939,Executor1,Stage3-2-0,0,366,0,10867,490,16878,0,0
1784087152249,nx-q6-nexmark-auto-213939,Executor0,Stage0-0-0,0,28739,28739,89162,0,0,1493,2942501
1784087152249,nx-q6-nexmark-auto-213939,Executor0,Stage0-1-0,0,27854,27854,71693,0,0,1685,2898450
1784087152249,nx-q6-nexmark-auto-213939,Executor0,Stage0-2-0,0,27753,27753,89331,0,0,1523,2907413
1784087152249,nx-q6-nexmark-auto-213939,Executor0,Stage0-3-0,0,27592,27592,67805,0,0,1598,2892392
1784087153110,nx-q6-nexmark-auto-213939,Executor3,Stage1-0-0,0,25244,24736,12833,1450,2707828,1229,897506
1784087153110,nx-q6-nexmark-auto-213939,Executor3,Stage2-0-0,0,60139,837,502237,10587,3447621,48,16610
1784087153110,nx-q6-nexmark-auto-213939,Executor3,Stage3-0-0,0,2137,0,24668,914,91846,0,0
1784087153121,nx-q6-nexmark-auto-213939,Executor2,Stage1-1-0,0,24971,24473,30652,2226,2683502,3363,2046773
1784087153121,nx-q6-nexmark-auto-213939,Executor2,Stage2-1-0,0,12945,795,211800,8543,1019380,101,50561
1784087153121,nx-q6-nexmark-auto-213939,Executor2,Stage3-1-0,0,283,0,6423,226,12560,0,0
1784087153151,nx-q6-nexmark-auto-213939,Executor4,Stage1-3-0,0,24961,24475,30335,2407,2672870,1863,2019348
1784087153151,nx-q6-nexmark-auto-213939,Executor4,Stage2-3-0,0,11819,1043,191727,8067,896482,135,51800
1784087153151,nx-q6-nexmark-auto-213939,Executor4,Stage3-3-0,0,296,0,7578,330,13579,0,0
1784087153189,nx-q6-nexmark-auto-213939,Executor1,Stage1-2-0,0,24824,24316,39054,2794,2651010,1648,2017312
1784087153189,nx-q6-nexmark-auto-213939,Executor1,Stage2-2-0,0,13593,880,247515,11261,1091734,55,50324
1784087153189,nx-q6-nexmark-auto-213939,Executor1,Stage3-2-0,0,325,0,7759,277,14743,0,0
1784087153249,nx-q6-nexmark-auto-213939,Executor0,Stage0-0-0,0,33706,33706,46017,0,0,2147,3499827
1784087153249,nx-q6-nexmark-auto-213939,Executor0,Stage0-1-0,0,25144,25144,54961,0,0,1926,3081350
1784087153249,nx-q6-nexmark-auto-213939,Executor0,Stage0-2-0,0,24832,24832,55856,0,0,2035,3099071
1784087153249,nx-q6-nexmark-auto-213939,Executor0,Stage0-3-0,0,24297,24297,55927,0,0,2173,3037953
1784087154110,nx-q6-nexmark-auto-213939,Executor3,Stage1-0-0,0,25056,24532,17150,1598,2678769,2729,1164095
1784087154110,nx-q6-nexmark-auto-213939,Executor3,Stage2-0-0,0,61433,644,506155,10630,3834542,20,11054
1784087154110,nx-q6-nexmark-auto-213939,Executor3,Stage3-0-0,0,2122,0,22833,740,97972,0,0
1784087154121,nx-q6-nexmark-auto-213939,Executor2,Stage1-1-0,0,25045,24531,30293,2404,2686459,4035,1926645
1784087154121,nx-q6-nexmark-auto-213939,Executor2,Stage2-1-0,0,11768,600,189800,7551,749595,129,38632
1784087154121,nx-q6-nexmark-auto-213939,Executor2,Stage3-1-0,0,234,0,5457,193,11202,0,0
1784087154152,nx-q6-nexmark-auto-213939,Executor4,Stage1-3-0,0,24993,24516,29287,2550,2675899,1639,1915738
1784087154152,nx-q6-nexmark-auto-213939,Executor4,Stage2-3-0,0,12817,367,207584,8400,839018,80,38780
1784087154152,nx-q6-nexmark-auto-213939,Executor4,Stage3-3-0,0,134,0,4281,213,5544,0,0
1784087154189,nx-q6-nexmark-auto-213939,Executor1,Stage1-2-0,0,24906,24421,28489,1856,2673732,2029,1919097
1784087154189,nx-q6-nexmark-auto-213939,Executor1,Stage2-2-0,0,12386,517,200986,8219,793295,42,40393
1784087154189,nx-q6-nexmark-auto-213939,Executor1,Stage3-2-0,0,200,0,4879,190,9294,0,0
1784087154249,nx-q6-nexmark-auto-213939,Executor0,Stage0-0-0,0,16108,16108,38334,0,0,1667,2308733
1784087154249,nx-q6-nexmark-auto-213939,Executor0,Stage0-1-0,0,24379,24379,52125,0,0,1689,2696390
1784087154249,nx-q6-nexmark-auto-213939,Executor0,Stage0-2-0,0,24730,24730,54187,0,0,1710,2673221
1784087154249,nx-q6-nexmark-auto-213939,Executor0,Stage0-3-0,0,25554,25554,55073,0,0,1891,2722138
1784087155110,nx-q6-nexmark-auto-213939,Executor3,Stage1-0-0,0,25073,24567,16651,1460,2681080,1695,975139
1784087155110,nx-q6-nexmark-auto-213939,Executor3,Stage2-0-0,0,53913,845,509037,10255,3092161,18,18505
1784087155110,nx-q6-nexmark-auto-213939,Executor3,Stage3-0-0,0,2039,0,23086,905,87105,0,0
1784087155121,nx-q6-nexmark-auto-213939,Executor2,Stage1-1-0,0,24945,24445,43967,11487,2666440,3837,1993894
1784087155121,nx-q6-nexmark-auto-213939,Executor2,Stage2-1-0,0,14753,803,237006,8459,1114760,142,49387
1784087155121,nx-q6-nexmark-auto-213939,Executor2,Stage3-1-0,0,344,0,7278,291,14865,0,0
1784087155151,nx-q6-nexmark-auto-213939,Executor4,Stage1-3-0,0,25067,24593,39658,9863,2694918,1941,2023808
1784087155151,nx-q6-nexmark-auto-213939,Executor4,Stage2-3-0,0,14564,825,233125,8820,1106202,156,51750
1784087155151,nx-q6-nexmark-auto-213939,Executor4,Stage3-3-0,0,365,0,8607,326,16933,0,0
1784087155189,nx-q6-nexmark-auto-213939,Executor1,Stage1-2-0,0,24915,24395,41480,10259,2675497,1148,1985168
1784087155189,nx-q6-nexmark-auto-213939,Executor1,Stage2-2-0,0,13031,930,207761,8159,963464,104,49613
1784087155189,nx-q6-nexmark-auto-213939,Executor1,Stage3-2-0,0,366,0,9082,313,16404,0,0
1784087155249,nx-q6-nexmark-auto-213939,Executor0,Stage0-0-0,0,25017,25017,52658,0,0,1899,2930951
1784087155249,nx-q6-nexmark-auto-213939,Executor0,Stage0-1-0,0,24864,24864,55443,0,0,1970,2891303
1784087155249,nx-q6-nexmark-auto-213939,Executor0,Stage0-2-0,0,21531,21531,56642,0,0,1827,2938440
1784087155249,nx-q6-nexmark-auto-213939,Executor0,Stage0-3-0,0,25356,25356,54472,0,0,2023,2907465
1784087156110,nx-q6-nexmark-auto-213939,Executor3,Stage1-0-0,0,24945,24462,16389,1352,2662637,1527,932130
1784087156110,nx-q6-nexmark-auto-213939,Executor3,Stage2-0-0,0,62973,741,599169,21463,3742170,124,11462
1784087156110,nx-q6-nexmark-auto-213939,Executor3,Stage3-0-0,0,2236,0,28720,1024,99070,0,0
1784087156121,nx-q6-nexmark-auto-213939,Executor2,Stage1-1-0,0,25128,24627,29756,24743,2698148,3341,2021942
1784087156121,nx-q6-nexmark-auto-213939,Executor2,Stage2-1-0,0,12052,741,203945,8328,899846,92,46824
1784087156121,nx-q6-nexmark-auto-213939,Executor2,Stage3-1-0,0,315,0,6318,210,14522,0,0
1784087156152,nx-q6-nexmark-auto-213939,Executor4,Stage1-3-0,0,24885,24381,34242,6177,2668926,3440,2009491
1784087156152,nx-q6-nexmark-auto-213939,Executor4,Stage2-3-0,0,10536,757,210076,8456,763293,179,49837
1784087156152,nx-q6-nexmark-auto-213939,Executor4,Stage3-3-0,0,136,0,5100,225,5523,0,0
1784087156189,nx-q6-nexmark-auto-213939,Executor1,Stage1-2-0,0,25042,24530,86422,24284,2687668,1713,2009264
1784087156189,nx-q6-nexmark-auto-213939,Executor1,Stage2-2-0,0,13874,676,309140,14673,1070061,89,46743
1784087156189,nx-q6-nexmark-auto-213939,Executor1,Stage3-2-0,0,188,0,4925,170,8057,0,0
1784087156249,nx-q6-nexmark-auto-213939,Executor0,Stage0-0-0,0,27903,27903,55677,0,0,1657,3086869
1784087156249,nx-q6-nexmark-auto-213939,Executor0,Stage0-1-0,0,25660,25660,60400,0,0,1557,2931459
1784087156249,nx-q6-nexmark-auto-213939,Executor0,Stage0-2-0,0,29201,29201,64942,0,0,1608,3050977
1784087156249,nx-q6-nexmark-auto-213939,Executor0,Stage0-3-0,0,24334,24334,56242,0,0,1615,2929471
1784087157110,nx-q6-nexmark-auto-213939,Executor3,Stage1-0-0,0,24994,24508,19426,1596,2676118,2305,1114107
1784087157110,nx-q6-nexmark-auto-213939,Executor3,Stage2-0-0,0,59158,682,523137,16462,3634890,67,13296
1784087157110,nx-q6-nexmark-auto-213939,Executor3,Stage3-0-0,0,2120,0,21494,761,97636,0,0
1784087157121,nx-q6-nexmark-auto-213939,Executor2,Stage1-1-0,0,25151,24641,30388,2418,2685629,4061,1946984
1784087157121,nx-q6-nexmark-auto-213939,Executor2,Stage2-1-0,0,12679,626,211828,8166,868097,81,39655
1784087157121,nx-q6-nexmark-auto-213939,Executor2,Stage3-1-0,0,262,0,6077,216,12101,0,0
1784087157152,nx-q6-nexmark-auto-213939,Executor4,Stage1-3-0,0,24790,24296,28033,2035,2656947,1833,1918028
1784087157152,nx-q6-nexmark-auto-213939,Executor4,Stage2-3-0,0,14621,659,227226,8942,1040193,79,42445
1784087157152,nx-q6-nexmark-auto-213939,Executor4,Stage3-3-0,0,202,0,4963,228,8996,0,0
1784087157189,nx-q6-nexmark-auto-213939,Executor1,Stage1-2-0,0,25065,24555,28867,2078,2699085,1742,1952051
1784087157189,nx-q6-nexmark-auto-213939,Executor1,Stage2-2-0,0,12602,690,205190,8236,832845,76,39902
1784087157189,nx-q6-nexmark-auto-213939,Executor1,Stage3-2-0,0,207,0,4972,189,8913,0,0
1784087157249,nx-q6-nexmark-auto-213939,Executor0,Stage0-0-0,0,24840,24840,44161,0,0,1242,2769242
1784087157249,nx-q6-nexmark-auto-213939,Executor0,Stage0-1-0,0,24072,24072,53724,0,0,1328,2768081
1784087157249,nx-q6-nexmark-auto-213939,Executor0,Stage0-2-0,0,24297,24297,54291,0,0,1289,2778877
1784087157249,nx-q6-nexmark-auto-213939,Executor0,Stage0-3-0,0,25506,25506,56233,0,0,1369,2767542
1784087158110,nx-q6-nexmark-auto-213939,Executor3,Stage1-0-0,0,24821,24322,19592,30637,2658404,2020,963151
1784087158110,nx-q6-nexmark-auto-213939,Executor3,Stage2-0-0,0,55375,841,510726,15379,3200151,32,15212
1784087158110,nx-q6-nexmark-auto-213939,Executor3,Stage3-0-0,0,2187,0,26697,1041,93574,0,0
1784087158121,nx-q6-nexmark-auto-213939,Executor2,Stage1-1-0,0,24923,24448,30101,2278,2673139,3686,1984326
1784087158121,nx-q6-nexmark-auto-213939,Executor2,Stage2-1-0,0,14122,843,235164,8746,1051109,193,53079
1784087158121,nx-q6-nexmark-auto-213939,Executor2,Stage3-1-0,0,273,0,6081,222,11410,0,0
1784087158152,nx-q6-nexmark-auto-213939,Executor4,Stage1-3-0,0,25111,24602,29016,2174,2690885,3658,2008204
1784087158152,nx-q6-nexmark-auto-213939,Executor4,Stage2-3-0,0,13920,800,220529,8396,1038299,176,49758
1784087158152,nx-q6-nexmark-auto-213939,Executor4,Stage3-3-0,0,402,0,9578,409,18881,0,0
1784087158189,nx-q6-nexmark-auto-213939,Executor1,Stage1-2-0,0,25145,24628,30083,1939,2694323,1725,2007265
1784087158189,nx-q6-nexmark-auto-213939,Executor1,Stage2-2-0,0,13604,813,230253,8888,1010401,107,53658
1784087158189,nx-q6-nexmark-auto-213939,Executor1,Stage3-2-0,0,287,0,7769,325,12733,0,0
1784087158249,nx-q6-nexmark-auto-213939,Executor0,Stage0-0-0,0,14574,14574,29176,0,0,1968,2890922
1784087158249,nx-q6-nexmark-auto-213939,Executor0,Stage0-1-0,0,18240,18240,39272,0,0,1964,3043188
1784087158249,nx-q6-nexmark-auto-213939,Executor0,Stage0-2-0,0,16018,16018,52951,0,0,1800,2980992
1784087158249,nx-q6-nexmark-auto-213939,Executor0,Stage0-3-0,0,15413,15413,38775,0,0,1780,2878277
1784087159110,nx-q6-nexmark-auto-213939,Executor3,Stage1-0-0,0,24835,24362,17711,2066,2660105,1100,926484
1784087159110,nx-q6-nexmark-auto-213939,Executor3,Stage2-0-0,0,62347,692,522434,13788,3700140,67,11443
1784087159110,nx-q6-nexmark-auto-213939,Executor3,Stage3-0-0,0,2195,0,22702,789,99389,0,0
1784087159121,nx-q6-nexmark-auto-213939,Executor2,Stage1-1-0,0,25065,24551,31616,2652,2679307,1612,1998766
1784087159121,nx-q6-nexmark-auto-213939,Executor2,Stage2-1-0,0,12518,630,224452,10221,945428,103,41175
1784087159121,nx-q6-nexmark-auto-213939,Executor2,Stage3-1-0,0,209,0,5221,244,10096,0,0
1784087159152,nx-q6-nexmark-auto-213939,Executor4,Stage1-3-0,0,25113,24582,29402,2942,2687309,1973,2007264
1784087159152,nx-q6-nexmark-auto-213939,Executor4,Stage2-3-0,0,11973,808,211442,9645,887162,129,43525
1784087159152,nx-q6-nexmark-auto-213939,Executor4,Stage3-3-0,0,240,0,5985,240,10900,0,0
1784087159189,nx-q6-nexmark-auto-213939,Executor1,Stage1-2-0,0,24987,24505,31284,3041,2691753,1593,2014885
1784087159189,nx-q6-nexmark-auto-213939,Executor1,Stage2-2-0,0,13148,693,215674,8741,1007122,62,45530
1784087159189,nx-q6-nexmark-auto-213939,Executor1,Stage3-2-0,0,190,0,5476,238,8826,0,0
1784087159249,nx-q6-nexmark-auto-213939,Executor0,Stage0-0-0,0,32939,32939,68122,0,0,1300,2581036
1784087159249,nx-q6-nexmark-auto-213939,Executor0,Stage0-1-0,0,32442,32442,66806,0,0,1286,2535140
1784087159249,nx-q6-nexmark-auto-213939,Executor0,Stage0-2-0,0,34637,34637,83573,0,0,1419,2656193
1784087159249,nx-q6-nexmark-auto-213939,Executor0,Stage0-3-0,0,34559,34559,79466,0,0,1325,2670253
1784087160110,nx-q6-nexmark-auto-213939,Executor3,Stage1-0-0,0,24913,24430,20562,1821,2665275,1299,1141589
1784087160110,nx-q6-nexmark-auto-213939,Executor3,Stage2-0-0,0,59101,649,574660,9837,3652251,25,12458
1784087160110,nx-q6-nexmark-auto-213939,Executor3,Stage3-0-0,0,1981,0,21433,797,90339,0,0
1784087160121,nx-q6-nexmark-auto-213939,Executor2,Stage1-1-0,0,25145,24655,29322,2024,2693531,1526,1924760
1784087160121,nx-q6-nexmark-auto-213939,Executor2,Stage2-1-0,0,12383,628,208741,7957,805955,152,39729
1784087160121,nx-q6-nexmark-auto-213939,Executor2,Stage3-1-0,0,206,0,4612,156,8848,0,0
1784087160151,nx-q6-nexmark-auto-213939,Executor4,Stage1-3-0,0,24878,24386,29064,2496,2669580,3640,1920586
1784087160151,nx-q6-nexmark-auto-213939,Executor4,Stage2-3-0,0,13012,491,214964,8316,876061,155,38803
1784087160151,nx-q6-nexmark-auto-213939,Executor4,Stage3-3-0,0,199,0,5656,285,8156,0,0
1784087160189,nx-q6-nexmark-auto-213939,Executor1,Stage1-2-0,0,25064,24529,29624,1929,2687904,1606,1928963
1784087160189,nx-q6-nexmark-auto-213939,Executor1,Stage2-2-0,0,12423,552,205308,7949,809648,201,37822
1784087160189,nx-q6-nexmark-auto-213939,Executor1,Stage3-2-0,0,213,0,5750,254,9830,0,0
1784087160249,nx-q6-nexmark-auto-213939,Executor0,Stage0-0-0,0,24721,24721,53254,0,0,2120,3202737
1784087160249,nx-q6-nexmark-auto-213939,Executor0,Stage0-1-0,0,25170,25170,55468,0,0,2192,3164883
1784087160249,nx-q6-nexmark-auto-213939,Executor0,Stage0-2-0,0,25105,25105,52595,0,0,2176,3213540
1784087160249,nx-q6-nexmark-auto-213939,Executor0,Stage0-3-0,0,26575,26575,49787,0,0,2415,3383108
1784087161110,nx-q6-nexmark-auto-213939,Executor3,Stage1-0-0,0,25039,24538,15596,1853,2688385,937,815936
1784087161110,nx-q6-nexmark-auto-213939,Executor3,Stage2-0-0,0,56086,898,474469,9604,3100028,123,19601
1784087161110,nx-q6-nexmark-auto-213939,Executor3,Stage3-0-0,0,2095,0,25205,992,88246,0,0
1784087161122,nx-q6-nexmark-auto-213939,Executor2,Stage1-1-0,0,25021,24521,30811,2155,2675408,1537,2043425
1784087161122,nx-q6-nexmark-auto-213939,Executor2,Stage2-1-0,0,14403,887,238541,9015,1164267,150,55803
1784087161122,nx-q6-nexmark-auto-213939,Executor2,Stage3-1-0,0,332,0,7237,290,14596,0,0
1784087161151,nx-q6-nexmark-auto-213939,Executor4,Stage1-3-0,0,24798,24300,28526,2107,2657921,2864,2030887
1784087161151,nx-q6-nexmark-auto-213939,Executor4,Stage2-3-0,0,13821,1134,227929,9364,1120623,123,52856
1784087161151,nx-q6-nexmark-auto-213939,Executor4,Stage3-3-0,0,429,0,9654,425,20308,0,0
1784087161189,nx-q6-nexmark-auto-213939,Executor1,Stage1-2-0,0,25142,24641,30932,2547,2695030,1568,2063151
1784087161189,nx-q6-nexmark-auto-213939,Executor1,Stage2-2-0,0,13393,1060,210560,8132,1083913,100,51571
1784087161189,nx-q6-nexmark-auto-213939,Executor1,Stage3-2-0,0,382,0,11368,457,18245,0,0
1784087161249,nx-q6-nexmark-auto-213939,Executor0,Stage0-0-0,0,22006,22006,55299,0,0,1999,2800772
1784087161249,nx-q6-nexmark-auto-213939,Executor0,Stage0-1-0,0,21566,21566,55654,0,0,1958,2761092
1784087161249,nx-q6-nexmark-auto-213939,Executor0,Stage0-2-0,0,21578,21578,52671,0,0,1811,2787558
1784087161249,nx-q6-nexmark-auto-213939,Executor0,Stage0-3-0,0,20363,20363,62455,0,0,1918,2572219
1784087162110,nx-q6-nexmark-auto-213939,Executor3,Stage1-0-0,0,24985,24456,15760,1283,2674872,2732,1015356
1784087162110,nx-q6-nexmark-auto-213939,Executor3,Stage2-0-0,0,65169,648,461202,9622,3973808,22,7894
1784087162110,nx-q6-nexmark-auto-213939,Executor3,Stage3-0-0,0,2151,0,92147,843,96566,0,0
1784087162122,nx-q6-nexmark-auto-213939,Executor2,Stage1-1-0,0,24916,24435,40001,9145,2666031,4018,1967234
1784087162122,nx-q6-nexmark-auto-213939,Executor2,Stage2-1-0,0,10685,602,182125,8178,723248,190,40026
1784087162122,nx-q6-nexmark-auto-213939,Executor2,Stage3-1-0,0,191,0,4556,267,9643,0,0
1784087162151,nx-q6-nexmark-auto-213939,Executor4,Stage1-3-0,0,24820,24321,30724,3347,2667217,4209,1969559
1784087162151,nx-q6-nexmark-auto-213939,Executor4,Stage2-3-0,0,11327,349,192516,8454,778251,108,42452
1784087162151,nx-q6-nexmark-auto-213939,Executor4,Stage3-3-0,0,107,0,3568,164,4538,0,0
1784087162189,nx-q6-nexmark-auto-213939,Executor1,Stage1-2-0,0,25279,24788,40839,8967,2708362,1639,1989456
1784087162189,nx-q6-nexmark-auto-213939,Executor1,Stage2-2-0,0,11085,409,194718,9397,737623,179,41650
1784087162189,nx-q6-nexmark-auto-213939,Executor1,Stage3-2-0,0,150,0,4153,159,6836,0,0
1784087162249,nx-q6-nexmark-auto-213939,Executor0,Stage0-0-0,0,32853,32853,49304,0,0,1726,3148359
1784087162249,nx-q6-nexmark-auto-213939,Executor0,Stage0-1-0,0,28892,28892,58428,0,0,1685,2928347
1784087162249,nx-q6-nexmark-auto-213939,Executor0,Stage0-2-0,0,29210,29210,55570,0,0,1747,2980241
1784087162249,nx-q6-nexmark-auto-213939,Executor0,Stage0-3-0,0,28140,28140,56664,0,0,1806,2939468
1784087163110,nx-q6-nexmark-auto-213939,Executor3,Stage1-0-0,0,24883,24375,19614,1757,2673816,3123,1119890
1784087163110,nx-q6-nexmark-auto-213939,Executor3,Stage2-0-0,0,56492,702,482433,9714,3421899,128,15141
1784087163110,nx-q6-nexmark-auto-213939,Executor3,Stage3-0-0,0,2014,0,23109,827,91644,0,0
1784087163121,nx-q6-nexmark-auto-213939,Executor2,Stage1-1-0,0,24976,24460,30175,2276,2669985,4467,1934875
1784087163121,nx-q6-nexmark-auto-213939,Executor2,Stage2-1-0,0,13614,696,220348,8264,960456,166,43324
1784087163121,nx-q6-nexmark-auto-213939,Executor2,Stage3-1-0,0,271,0,6702,263,11696,0,0
1784087163151,nx-q6-nexmark-auto-213939,Executor4,Stage1-3-0,0,24975,24525,29135,2613,2673239,3402,1957067
1784087163151,nx-q6-nexmark-auto-213939,Executor4,Stage2-3-0,0,13435,722,219066,8990,935203,22,46009
1784087163151,nx-q6-nexmark-auto-213939,Executor4,Stage3-3-0,0,222,0,5873,259,9628,0,0
1784087163189,nx-q6-nexmark-auto-213939,Executor1,Stage1-2-0,0,25166,24640,56715,17253,2698062,1473,1963498
1784087163189,nx-q6-nexmark-auto-213939,Executor1,Stage2-2-0,0,13737,598,252528,11147,974480,55,41292
1784087163189,nx-q6-nexmark-auto-213939,Executor1,Stage3-2-0,0,319,0,8116,344,14328,0,0
1784087163249,nx-q6-nexmark-auto-213939,Executor0,Stage0-0-0,0,25505,25505,34739,0,0,1720,2834468
1784087163249,nx-q6-nexmark-auto-213939,Executor0,Stage0-1-0,0,24642,24642,52684,0,0,1754,2798771
1784087163249,nx-q6-nexmark-auto-213939,Executor0,Stage0-2-0,0,19568,19568,51741,0,0,1603,2743947
1784087163249,nx-q6-nexmark-auto-213939,Executor0,Stage0-3-0,0,20581,20581,55463,0,0,1448,2738757
1784087164110,nx-q6-nexmark-auto-213939,Executor3,Stage1-0-0,0,25007,24502,16460,2030,2679560,1040,854851
1784087164110,nx-q6-nexmark-auto-213939,Executor3,Stage2-0-0,0,56427,837,463354,8477,3156239,94,15689
1784087164110,nx-q6-nexmark-auto-213939,Executor3,Stage3-0-0,0,2794,0,36597,1713,130200,0,0
1784087164121,nx-q6-nexmark-auto-213939,Executor2,Stage1-1-0,0,24934,24432,29870,2269,2669496,4736,2026776
1784087164121,nx-q6-nexmark-auto-213939,Executor2,Stage2-1-0,0,13852,888,226717,8835,1096626,183,55655
1784087164121,nx-q6-nexmark-auto-213939,Executor2,Stage3-1-0,0,321,0,7229,254,13782,0,0
1784087164152,nx-q6-nexmark-auto-213939,Executor4,Stage1-3-0,0,24946,24448,29397,2463,2674435,2481,2046576
1784087164152,nx-q6-nexmark-auto-213939,Executor4,Stage2-3-0,0,12943,1024,248095,8383,1024051,175,50567
1784087164152,nx-q6-nexmark-auto-213939,Executor4,Stage3-3-0,0,317,0,8600,348,15690,0,0
1784087164189,nx-q6-nexmark-auto-213939,Executor1,Stage1-2-0,0,25113,24618,29165,1629,2693668,1414,2045511
1784087164189,nx-q6-nexmark-auto-213939,Executor1,Stage2-2-0,0,13336,906,250735,11688,1055634,133,53946
1784087164189,nx-q6-nexmark-auto-213939,Executor1,Stage3-2-0,0,300,0,12085,538,14341,0,0
1784087164263,nx-q6-nexmark-auto-213939,Executor0,Stage0-0-0,0,30768,30768,35434,0,0,2027,2971599
1784087164263,nx-q6-nexmark-auto-213939,Executor0,Stage0-1-0,0,23640,23640,50933,0,0,1898,2919984
1784087164263,nx-q6-nexmark-auto-213939,Executor0,Stage0-2-0,0,23984,23984,71576,0,0,1766,2933385
1784087164263,nx-q6-nexmark-auto-213939,Executor0,Stage0-3-0,0,23972,23972,72091,0,0,1693,2912680
1784087165110,nx-q6-nexmark-auto-213939,Executor3,Stage1-0-0,0,24921,24417,17560,1846,2675894,1177,1095127
1784087165110,nx-q6-nexmark-auto-213939,Executor3,Stage2-0-0,0,65507,680,610647,17332,4085169,60,10323
1784087165110,nx-q6-nexmark-auto-213939,Executor3,Stage3-0-0,0,1643,0,19296,903,66649,0,0
1784087165121,nx-q6-nexmark-auto-213939,Executor2,Stage1-1-0,0,25098,24570,34200,5354,2680920,1541,1947347
1784087165121,nx-q6-nexmark-auto-213939,Executor2,Stage2-1-0,0,11182,629,186895,7509,749088,96,40693
1784087165121,nx-q6-nexmark-auto-213939,Executor2,Stage3-1-0,0,232,0,5313,159,11130,0,0
1784087165152,nx-q6-nexmark-auto-213939,Executor4,Stage1-3-0,0,25013,24515,49780,14155,2677537,2790,1952894
1784087165152,nx-q6-nexmark-auto-213939,Executor4,Stage2-3-0,0,12405,420,222190,9507,851949,210,43625
1784087165152,nx-q6-nexmark-auto-213939,Executor4,Stage3-3-0,0,129,0,4209,186,5213,0,0
1784087165216,nx-q6-nexmark-auto-213939,Executor1,Stage1-2-0,0,24968,24498,33266,4480,2680852,1705,1956791
1784087165216,nx-q6-nexmark-auto-213939,Executor1,Stage2-2-0,0,11947,592,227645,8224,803035,118,42410
1784087165216,nx-q6-nexmark-auto-213939,Executor1,Stage3-2-0,0,183,0,5176,216,8442,0,0
1784087165249,nx-q6-nexmark-auto-213939,Executor0,Stage0-0-0,0,13133,13133,38471,0,0,1633,2643644
1784087165249,nx-q6-nexmark-auto-213939,Executor0,Stage0-1-0,0,24733,24733,64672,0,0,1883,2838609
1784087165249,nx-q6-nexmark-auto-213939,Executor0,Stage0-2-0,0,29321,29321,99652,0,0,1452,2975991
1784087165249,nx-q6-nexmark-auto-213939,Executor0,Stage0-3-0,0,29003,29003,92042,0,0,1825,2929884
1784087166110,nx-q6-nexmark-auto-213939,Executor3,Stage1-0-0,0,24902,24403,14396,976,2681951,3315,995126
1784087166110,nx-q6-nexmark-auto-213939,Executor3,Stage2-0-0,0,55448,689,476490,11138,3226946,100,16547
1784087166110,nx-q6-nexmark-auto-213939,Executor3,Stage3-0-0,0,1951,0,24457,1076,89529,0,0
1784087166121,nx-q6-nexmark-auto-213939,Executor2,Stage1-1-0,0,24996,24494,42622,3131,2660891,3534,1962722
1784087166121,nx-q6-nexmark-auto-213939,Executor2,Stage2-1-0,0,13804,676,279778,11485,1007851,148,41791
1784087166121,nx-q6-nexmark-auto-213939,Executor2,Stage3-1-0,0,272,0,6901,312,11752,0,0
1784087166152,nx-q6-nexmark-auto-213939,Executor4,Stage1-3-0,0,25105,24610,32837,24708,2689727,1888,1985611
1784087166152,nx-q6-nexmark-auto-213939,Executor4,Stage2-3-0,0,13811,686,232693,9453,1025519,78,42291
1784087166152,nx-q6-nexmark-auto-213939,Executor4,Stage3-3-0,0,358,0,8000,294,16735,0,0
1784087166189,nx-q6-nexmark-auto-213939,Executor1,Stage1-2-0,0,24997,24493,46511,6977,2684197,1526,1985809
1784087166189,nx-q6-nexmark-auto-213939,Executor1,Stage2-2-0,0,13798,827,265143,12362,1017003,136,41273
1784087166189,nx-q6-nexmark-auto-213939,Executor1,Stage3-2-0,0,296,0,6955,258,12890,0,0
1784087166249,nx-q6-nexmark-auto-213939,Executor0,Stage0-0-0,0,26854,26854,57299,0,0,2062,2936840
1784087166249,nx-q6-nexmark-auto-213939,Executor0,Stage0-1-0,0,26528,26528,59205,0,0,1967,2914559
1784087166249,nx-q6-nexmark-auto-213939,Executor0,Stage0-2-0,0,26372,26372,58139,0,0,1901,2952102
1784087166249,nx-q6-nexmark-auto-213939,Executor0,Stage0-3-0,0,27086,27086,56866,0,0,2081,2917644
1784087167110,nx-q6-nexmark-auto-213939,Executor3,Stage1-0-0,0,25084,24557,16149,1601,2693871,1931,911795
1784087167110,nx-q6-nexmark-auto-213939,Executor3,Stage2-0-0,0,61470,843,484811,10146,3573213,51,12337
1784087167110,nx-q6-nexmark-auto-213939,Executor3,Stage3-0-0,0,2215,0,27093,1061,92177,0,0
1784087167121,nx-q6-nexmark-auto-213939,Executor2,Stage1-1-0,0,25078,24593,30929,2034,2676407,1490,2010983
1784087167121,nx-q6-nexmark-auto-213939,Executor2,Stage2-1-0,0,12853,808,211853,9003,990830,105,52428
1784087167121,nx-q6-nexmark-auto-213939,Executor2,Stage3-1-0,0,239,0,5114,176,10970,0,0
1784087167152,nx-q6-nexmark-auto-213939,Executor4,Stage1-3-0,0,25004,24527,30787,2750,2675754,2459,2025299
1784087167152,nx-q6-nexmark-auto-213939,Executor4,Stage2-3-0,0,11890,1018,195058,8075,897291,146,52329
1784087167152,nx-q6-nexmark-auto-213939,Executor4,Stage3-3-0,0,270,0,6589,285,12326,0,0
1784087167189,nx-q6-nexmark-auto-213939,Executor1,Stage1-2-0,0,24834,24323,30455,2338,2669572,2305,2007160
1784087167189,nx-q6-nexmark-auto-213939,Executor1,Stage2-2-0,0,12815,689,210879,8558,1001066,134,52835
1784087167189,nx-q6-nexmark-auto-213939,Executor1,Stage3-2-0,0,220,0,5654,219,9684,0,0
1784087167249,nx-q6-nexmark-auto-213939,Executor0,Stage0-0-0,0,24017,24017,47188,0,0,1570,2842060
1784087167249,nx-q6-nexmark-auto-213939,Executor0,Stage0-1-0,0,36203,36203,48689,0,0,1553,3113759
1784087167249,nx-q6-nexmark-auto-213939,Executor0,Stage0-2-0,0,23486,23486,51225,0,0,1369,2807645
1784087167249,nx-q6-nexmark-auto-213939,Executor0,Stage0-3-0,0,23155,23155,50462,0,0,1634,2789192
1784087168110,nx-q6-nexmark-auto-213939,Executor3,Stage1-0-0,0,24991,24464,42505,2009,2687071,1216,1083745
1784087168110,nx-q6-nexmark-auto-213939,Executor3,Stage2-0-0,0,61706,626,501398,11093,3801499,71,11028
1784087168110,nx-q6-nexmark-auto-213939,Executor3,Stage3-0-0,0,2196,0,22081,765,103394,0,0
1784087168121,nx-q6-nexmark-auto-213939,Executor2,Stage1-1-0,0,25080,24589,30382,2298,2702229,1501,1943546
1784087168121,nx-q6-nexmark-auto-213939,Executor2,Stage2-1-0,0,12125,608,191955,7699,813499,92,38888
1784087168121,nx-q6-nexmark-auto-213939,Executor2,Stage3-1-0,0,186,0,5142,179,8228,0,0
1784087168152,nx-q6-nexmark-auto-213939,Executor4,Stage1-3-0,0,24811,24301,28902,2285,2652209,1495,1924862
1784087168152,nx-q6-nexmark-auto-213939,Executor4,Stage2-3-0,0,12618,364,207607,8527,874835,133,36857
1784087168152,nx-q6-nexmark-auto-213939,Executor4,Stage3-3-0,0,159,0,4905,250,6993,0,0
1784087168189,nx-q6-nexmark-auto-213939,Executor1,Stage1-2-0,0,25118,24646,29380,2167,2673955,1727,1938846
1784087168189,nx-q6-nexmark-auto-213939,Executor1,Stage2-2-0,0,12258,645,199035,7981,825357,59,37107
1784087168189,nx-q6-nexmark-auto-213939,Executor1,Stage3-2-0,0,188,0,5010,214,8589,0,0
1784087168249,nx-q6-nexmark-auto-213939,Executor0,Stage0-0-0,0,25384,25384,50150,0,0,1665,2913101
1784087168249,nx-q6-nexmark-auto-213939,Executor0,Stage0-1-0,0,13204,13204,37879,0,0,1747,2550141
1784087168249,nx-q6-nexmark-auto-213939,Executor0,Stage0-2-0,0,25830,25830,55816,0,0,1414,2945494
1784087168249,nx-q6-nexmark-auto-213939,Executor0,Stage0-3-0,0,26337,26337,55192,0,0,1468,2904860
1784087169110,nx-q6-nexmark-auto-213939,Executor3,Stage1-0-0,0,25216,24710,17624,1664,2712271,1182,1015830
1784087169110,nx-q6-nexmark-auto-213939,Executor3,Stage2-0-0,0,55356,796,472983,9104,3213378,64,17675
1784087169110,nx-q6-nexmark-auto-213939,Executor3,Stage3-0-0,0,1985,0,22723,870,86133,0,0
1784087169121,nx-q6-nexmark-auto-213939,Executor2,Stage1-1-0,0,24928,24392,29858,2320,2657252,1378,1938196
1784087169121,nx-q6-nexmark-auto-213939,Executor2,Stage2-1-0,0,13858,839,214926,7443,1002106,73,53853
1784087169121,nx-q6-nexmark-auto-213939,Executor2,Stage3-1-0,0,238,0,11161,292,10236,0,0
1784087169152,nx-q6-nexmark-auto-213939,Executor4,Stage1-3-0,0,25123,24647,29784,2375,2705298,1816,1996204
1784087169152,nx-q6-nexmark-auto-213939,Executor4,Stage2-3-0,0,13863,791,220744,8303,1007320,135,48972
1784087169152,nx-q6-nexmark-auto-213939,Executor4,Stage3-3-0,0,352,0,11901,401,15626,0,0
1784087169189,nx-q6-nexmark-auto-213939,Executor1,Stage1-2-0,0,24733,24251,27478,1468,2646077,1635,1939586
1784087169189,nx-q6-nexmark-auto-213939,Executor1,Stage2-2-0,0,13628,792,218198,8398,986541,69,47934
1784087169189,nx-q6-nexmark-auto-213939,Executor1,Stage3-2-0,0,381,0,12503,385,17325,0,0
1784087169249,nx-q6-nexmark-auto-213939,Executor0,Stage0-0-0,0,24486,24486,50737,0,0,1559,2882991
1784087169249,nx-q6-nexmark-auto-213939,Executor0,Stage0-1-0,0,25417,25417,55486,0,0,1432,2878176
1784087169249,nx-q6-nexmark-auto-213939,Executor0,Stage0-2-0,0,25140,25140,54343,0,0,1459,2934865
1784087169249,nx-q6-nexmark-auto-213939,Executor0,Stage0-3-0,0,24569,24569,51503,0,0,1747,2908999
1784087170110,nx-q6-nexmark-auto-213939,Executor3,Stage1-0-0,0,24761,24275,14979,1416,2654468,929,844906
1784087170110,nx-q6-nexmark-auto-213939,Executor3,Stage2-0-0,0,60210,757,570931,10283,3458731,94,12479
1784087170110,nx-q6-nexmark-auto-213939,Executor3,Stage3-0-0,0,2179,0,24489,940,95486,0,0
1784087170121,nx-q6-nexmark-auto-213939,Executor2,Stage1-1-0,0,25118,24620,30703,2499,2696905,1536,2042160
1784087170121,nx-q6-nexmark-auto-213939,Executor2,Stage2-1-0,0,12817,743,211283,8567,1006872,103,47499
1784087170121,nx-q6-nexmark-auto-213939,Executor2,Stage3-1-0,0,258,0,5718,205,11590,0,0
1784087170151,nx-q6-nexmark-auto-213939,Executor4,Stage1-3-0,0,25055,24559,29643,2265,2697547,1676,2052355
1784087170151,nx-q6-nexmark-auto-213939,Executor4,Stage2-3-0,0,12072,1022,199828,8434,949662,82,47200
1784087170151,nx-q6-nexmark-auto-213939,Executor4,Stage3-3-0,0,334,0,7093,245,16730,0,0
1784087170189,nx-q6-nexmark-auto-213939,Executor1,Stage1-2-0,0,25066,24546,29040,1632,2678558,1874,2026811
1784087170189,nx-q6-nexmark-auto-213939,Executor1,Stage2-2-0,0,12292,784,201444,8671,976957,122,47122
1784087170189,nx-q6-nexmark-auto-213939,Executor1,Stage3-2-0,0,264,0,6663,254,11992,0,0
1784087170249,nx-q6-nexmark-auto-213939,Executor0,Stage0-0-0,0,23600,23600,52180,0,0,1533,2822958
1784087170249,nx-q6-nexmark-auto-213939,Executor0,Stage0-1-0,0,29648,29648,50134,0,0,1627,3003830
1784087170249,nx-q6-nexmark-auto-213939,Executor0,Stage0-2-0,0,24777,24777,53187,0,0,1513,2900881
1784087170249,nx-q6-nexmark-auto-213939,Executor0,Stage0-3-0,0,20851,20851,54391,0,0,1557,2786503
1784087171110,nx-q6-nexmark-auto-213939,Executor3,Stage1-0-0,0,25162,24671,20799,2087,2694404,1290,1178145
1784087171110,nx-q6-nexmark-auto-213939,Executor3,Stage2-0-0,0,63158,622,609190,23131,3974267,53,9243
1784087171110,nx-q6-nexmark-auto-213939,Executor3,Stage3-0-0,0,2046,0,29253,1590,93180,0,0
1784087171121,nx-q6-nexmark-auto-213939,Executor2,Stage1-1-0,0,24968,24457,31894,2176,2689038,1588,1915209
1784087171121,nx-q6-nexmark-auto-213939,Executor2,Stage2-1-0,0,13199,619,187021,5163,877176,140,39483
1784087171121,nx-q6-nexmark-auto-213939,Executor2,Stage3-1-0,0,198,0,4281,132,8645,0,0
1784087171152,nx-q6-nexmark-auto-213939,Executor4,Stage1-3-0,0,24974,24482,29749,2362,2677243,1736,1914672
1784087171152,nx-q6-nexmark-auto-213939,Executor4,Stage2-3-0,0,12635,315,205454,8127,832068,187,39651
1784087171152,nx-q6-nexmark-auto-213939,Executor4,Stage3-3-0,0,119,0,3616,169,4662,0,0
1784087171189,nx-q6-nexmark-auto-213939,Executor1,Stage1-2-0,0,24896,24390,28849,1662,2666649,1569,1902456
1784087171189,nx-q6-nexmark-auto-213939,Executor1,Stage2-2-0,0,11189,232,213009,9192,681835,74,36018
1784087171189,nx-q6-nexmark-auto-213939,Executor1,Stage3-2-0,0,167,0,4773,214,6127,0,0
1784087171249,nx-q6-nexmark-auto-213939,Executor0,Stage0-0-0,0,17617,17617,78633,0,0,1719,3060073
1784087171249,nx-q6-nexmark-auto-213939,Executor0,Stage0-1-0,0,11728,11728,68247,0,0,1845,2841049
1784087171249,nx-q6-nexmark-auto-213939,Executor0,Stage0-2-0,0,16500,16500,78805,0,0,1693,2990839
1784087171249,nx-q6-nexmark-auto-213939,Executor0,Stage0-3-0,0,25358,25358,80045,0,0,1861,3434131
1784087172110,nx-q6-nexmark-auto-213939,Executor3,Stage1-0-0,0,25075,24571,15532,1757,2677646,1009,843133
1784087172110,nx-q6-nexmark-auto-213939,Executor3,Stage2-0-0,0,54313,831,443959,8473,3007071,62,19940
1784087172110,nx-q6-nexmark-auto-213939,Executor3,Stage3-0-0,0,2001,0,23054,39438,87244,0,0
1784087172121,nx-q6-nexmark-auto-213939,Executor2,Stage1-1-0,0,25022,24501,30415,2489,2688273,1808,2031627
1784087172121,nx-q6-nexmark-auto-213939,Executor2,Stage2-1-0,0,11647,804,217375,9304,859839,82,49837
1784087172121,nx-q6-nexmark-auto-213939,Executor2,Stage3-1-0,0,322,0,7181,245,13649,0,0
1784087172152,nx-q6-nexmark-auto-213939,Executor4,Stage1-3-0,0,24852,24348,28883,2413,2676461,4354,2034939
1784087172152,nx-q6-nexmark-auto-213939,Executor4,Stage2-3-0,0,13386,1107,216032,8756,1035832,128,49888
1784087172152,nx-q6-nexmark-auto-213939,Executor4,Stage3-3-0,0,365,0,8140,332,16821,0,0
1784087172189,nx-q6-nexmark-auto-213939,Executor1,Stage1-2-0,0,25051,24580,50047,9141,2685701,1704,2032076
1784087172189,nx-q6-nexmark-auto-213939,Executor1,Stage2-2-0,0,15132,1129,295310,14087,1232341,169,52025
1784087172189,nx-q6-nexmark-auto-213939,Executor1,Stage3-2-0,0,427,0,11138,428,20548,0,0
1784087172249,nx-q6-nexmark-auto-213939,Executor0,Stage0-0-0,0,33952,33952,71123,0,0,1527,2798133
1784087172249,nx-q6-nexmark-auto-213939,Executor0,Stage0-1-0,0,34005,34005,72105,0,0,1551,2773325
1784087172249,nx-q6-nexmark-auto-213939,Executor0,Stage0-2-0,0,45210,45210,62793,0,0,1539,3103680
1784087172249,nx-q6-nexmark-auto-213939,Executor0,Stage0-3-0,0,29436,29436,52443,0,0,1397,2345231
1784087173110,nx-q6-nexmark-auto-213939,Executor3,Stage1-0-0,0,24967,24458,17871,1822,2671582,1081,985316
1784087173110,nx-q6-nexmark-auto-213939,Executor3,Stage2-0-0,0,64471,680,652039,27725,3908709,19,9822
1784087173110,nx-q6-nexmark-auto-213939,Executor3,Stage3-0-0,0,2190,0,31359,1694,98966,0,0
1784087173121,nx-q6-nexmark-auto-213939,Executor2,Stage1-1-0,0,25078,24576,30695,2176,2680380,1645,1993202
1784087173121,nx-q6-nexmark-auto-213939,Executor2,Stage2-1-0,0,11423,664,208556,8981,816222,106,42964
1784087173121,nx-q6-nexmark-auto-213939,Executor2,Stage3-1-0,0,250,0,5485,149,11908,0,0
1784087173152,nx-q6-nexmark-auto-213939,Executor4,Stage1-3-0,0,25124,24635,29105,2483,2702871,4415,2005108
1784087173152,nx-q6-nexmark-auto-213939,Executor4,Stage2-3-0,0,12295,380,209094,8808,886819,136,45382
1784087173152,nx-q6-nexmark-auto-213939,Executor4,Stage3-3-0,0,150,0,3923,152,6350,0,0
1784087173189,nx-q6-nexmark-auto-213939,Executor1,Stage1-2-0,0,24831,24331,30248,2038,2674475,1771,1980497
1784087173189,nx-q6-nexmark-auto-213939,Executor1,Stage2-2-0,0,11373,607,197084,8317,790961,108,43582
1784087173189,nx-q6-nexmark-auto-213939,Executor1,Stage3-2-0,0,162,0,4555,165,7497,0,0
1784087173249,nx-q6-nexmark-auto-213939,Executor0,Stage0-0-0,0,24541,24541,52890,0,0,1363,2919718
1784087173249,nx-q6-nexmark-auto-213939,Executor0,Stage0-1-0,0,24070,24070,52368,0,0,1458,2881256
1784087173249,nx-q6-nexmark-auto-213939,Executor0,Stage0-2-0,0,13239,13239,37112,0,0,1481,2608086
1784087173249,nx-q6-nexmark-auto-213939,Executor0,Stage0-3-0,0,24269,24269,51933,0,0,1414,2879138
1784087174110,nx-q6-nexmark-auto-213939,Executor3,Stage1-0-0,0,25012,24513,20747,2063,2678479,1296,1105368
1784087174110,nx-q6-nexmark-auto-213939,Executor3,Stage2-0-0,0,57735,640,495048,10676,3514316,74,13865
1784087174110,nx-q6-nexmark-auto-213939,Executor3,Stage3-0-0,0,1954,0,20373,761,90787,0,0
1784087174121,nx-q6-nexmark-auto-213939,Executor2,Stage1-1-0,0,25076,24575,29435,2120,2699774,1353,1969727
1784087174121,nx-q6-nexmark-auto-213939,Executor2,Stage2-1-0,0,13339,614,229879,8874,939505,77,38084
1784087174121,nx-q6-nexmark-auto-213939,Executor2,Stage3-1-0,0,281,0,6206,186,12664,0,0
1784087174152,nx-q6-nexmark-auto-213939,Executor4,Stage1-3-0,0,25119,24582,28865,2378,2699491,5918,1968711
1784087174152,nx-q6-nexmark-auto-213939,Executor4,Stage2-3-0,0,13084,657,217332,8234,912029,124,41636
1784087174152,nx-q6-nexmark-auto-213939,Executor4,Stage3-3-0,0,188,0,5307,261,7624,0,0
1784087174189,nx-q6-nexmark-auto-213939,Executor1,Stage1-2-0,0,24793,24330,28752,2023,2652861,1565,1917238
1784087174189,nx-q6-nexmark-auto-213939,Executor1,Stage2-2-0,0,13524,727,218542,8269,940891,75,41265
1784087174189,nx-q6-nexmark-auto-213939,Executor1,Stage3-2-0,0,232,0,5508,192,10207,0,0
1784087174249,nx-q6-nexmark-auto-213939,Executor0,Stage0-0-0,0,25144,25144,53446,0,0,1473,2885398
1784087174249,nx-q6-nexmark-auto-213939,Executor0,Stage0-1-0,0,24924,24924,55335,0,0,1308,2834437
1784087174249,nx-q6-nexmark-auto-213939,Executor0,Stage0-2-0,0,28393,28393,47522,0,0,1525,3008664
1784087174249,nx-q6-nexmark-auto-213939,Executor0,Stage0-3-0,0,25269,25269,52835,0,0,1495,2849372
1784087175110,nx-q6-nexmark-auto-213939,Executor3,Stage1-0-0,0,25113,24599,12543,1028,2695799,955,867728
1784087175110,nx-q6-nexmark-auto-213939,Executor3,Stage2-0-0,0,55918,711,541705,16061,3143632,101,13849
1784087175110,nx-q6-nexmark-auto-213939,Executor3,Stage3-0-0,0,1912,0,30909,1378,83847,0,0
1784087175121,nx-q6-nexmark-auto-213939,Executor2,Stage1-1-0,0,24663,24183,29087,1827,2643637,1340,1990510
1784087175121,nx-q6-nexmark-auto-213939,Executor2,Stage2-1-0,0,14621,704,259064,9200,1155458,141,44418
1784087175121,nx-q6-nexmark-auto-213939,Executor2,Stage3-1-0,0,300,0,5887,224,13772,0,0
1784087175152,nx-q6-nexmark-auto-213939,Executor4,Stage1-3-0,0,25159,24651,29213,2653,2709030,3021,2051235
1784087175152,nx-q6-nexmark-auto-213939,Executor4,Stage2-3-0,0,12348,746,227643,8977,940176,99,46964
1784087175152,nx-q6-nexmark-auto-213939,Executor4,Stage3-3-0,0,276,0,6828,276,11896,0,0
1784087175190,nx-q6-nexmark-auto-213939,Executor1,Stage1-2-0,0,25065,24567,29713,1868,2681454,1867,2028632
1784087175190,nx-q6-nexmark-auto-213939,Executor1,Stage2-2-0,0,13043,790,228457,7927,1021765,191,48169
1784087175190,nx-q6-nexmark-auto-213939,Executor1,Stage3-2-0,0,246,0,7434,271,11239,0,0
1784087175249,nx-q6-nexmark-auto-213939,Executor0,Stage0-0-0,0,24274,24274,54736,0,0,1837,3047554
1784087175249,nx-q6-nexmark-auto-213939,Executor0,Stage0-1-0,0,24401,24401,56449,0,0,1799,3053066
1784087175249,nx-q6-nexmark-auto-213939,Executor0,Stage0-2-0,0,20761,20761,48356,0,0,2081,2917723
1784087175249,nx-q6-nexmark-auto-213939,Executor0,Stage0-3-0,0,23250,23250,54091,0,0,1872,2987378
1784087176110,nx-q6-nexmark-auto-213939,Executor3,Stage1-0-0,0,25137,24610,18105,1673,2695628,1279,1105959
1784087176110,nx-q6-nexmark-auto-213939,Executor3,Stage2-0-0,0,62268,750,553497,16844,3836592,64,9331
1784087176110,nx-q6-nexmark-auto-213939,Executor3,Stage3-0-0,0,2275,0,33532,1622,99622,0,0
1784087176121,nx-q6-nexmark-auto-213939,Executor2,Stage1-1-0,0,25075,24572,29282,1567,2676529,1375,1925003
1784087176121,nx-q6-nexmark-auto-213939,Executor2,Stage2-1-0,0,11945,737,191856,7761,796975,79,48348
1784087176121,nx-q6-nexmark-auto-213939,Executor2,Stage3-1-0,0,205,0,4269,137,9437,0,0
1784087176151,nx-q6-nexmark-auto-213939,Executor4,Stage1-3-0,0,24860,24364,28151,1890,2678366,1828,1935099
1784087176151,nx-q6-nexmark-auto-213939,Executor4,Stage2-3-0,0,10965,747,242149,8712,704785,74,49464
1784087176151,nx-q6-nexmark-auto-213939,Executor4,Stage3-3-0,0,213,0,6188,255,10327,0,0
1784087176189,nx-q6-nexmark-auto-213939,Executor1,Stage1-2-0,0,24928,24454,29149,1611,2680411,1565,1958897
1784087176189,nx-q6-nexmark-auto-213939,Executor1,Stage2-2-0,0,12011,439,203071,9407,793259,104,48229
1784087176189,nx-q6-nexmark-auto-213939,Executor1,Stage3-2-0,0,171,0,4962,246,7901,0,0
1784087176249,nx-q6-nexmark-auto-213939,Executor0,Stage0-0-0,0,25079,25079,53213,0,0,2142,2966524
1784087176249,nx-q6-nexmark-auto-213939,Executor0,Stage0-1-0,0,28377,28377,50645,0,0,2051,3080537
1784087176249,nx-q6-nexmark-auto-213939,Executor0,Stage0-2-0,0,23559,23559,54034,0,0,1925,2854013
1784087176249,nx-q6-nexmark-auto-213939,Executor0,Stage0-3-0,0,26130,26130,53028,0,0,1920,2908262
1784087177111,nx-q6-nexmark-auto-213939,Executor3,Stage1-0-0,0,24775,24254,19968,1962,2663007,1361,1063645
1784087177111,nx-q6-nexmark-auto-213939,Executor3,Stage2-0-0,0,55760,738,619820,22878,3347800,80,15520
1784087177111,nx-q6-nexmark-auto-213939,Executor3,Stage3-0-0,0,2219,0,26414,1197,102117,0,0
1784087177121,nx-q6-nexmark-auto-213939,Executor2,Stage1-1-0,0,25170,24684,30491,1747,2685731,1929,1964272
1784087177121,nx-q6-nexmark-auto-213939,Executor2,Stage2-1-0,0,14136,719,226850,8350,1013951,394,44523
1784087177121,nx-q6-nexmark-auto-213939,Executor2,Stage3-1-0,0,269,0,5736,206,11148,0,0
1784087177152,nx-q6-nexmark-auto-213939,Executor4,Stage1-3-0,0,25048,24532,28441,2187,2698057,4253,1975909
1784087177152,nx-q6-nexmark-auto-213939,Executor4,Stage2-3-0,0,16907,746,256775,8772,1271773,105,47062
1784087177152,nx-q6-nexmark-auto-213939,Executor4,Stage3-3-0,0,271,0,6274,288,11816,0,0
1784087177189,nx-q6-nexmark-auto-213939,Executor1,Stage1-2-0,0,25007,24530,28981,1539,2682183,1590,1954441
1784087177189,nx-q6-nexmark-auto-213939,Executor1,Stage2-2-0,0,14023,981,251522,10841,1011207,121,46310
1784087177189,nx-q6-nexmark-auto-213939,Executor1,Stage3-2-0,0,318,0,7214,316,14256,0,0
1784087177249,nx-q6-nexmark-auto-213939,Executor0,Stage0-0-0,0,25688,25688,53638,0,0,1406,2693007
1784087177249,nx-q6-nexmark-auto-213939,Executor0,Stage0-1-0,0,22391,22391,63743,0,0,1440,2483683
1784087177249,nx-q6-nexmark-auto-213939,Executor0,Stage0-2-0,0,27386,27386,52744,0,0,1360,2815469
1784087177249,nx-q6-nexmark-auto-213939,Executor0,Stage0-3-0,0,25211,25211,49620,0,0,1523,2705745
1784087178110,nx-q6-nexmark-auto-213939,Executor3,Stage1-0-0,0,25091,24605,17369,2116,2685715,1808,871611
1784087178110,nx-q6-nexmark-auto-213939,Executor3,Stage2-0-0,0,57613,823,504205,9765,3258682,149,15272
1784087178110,nx-q6-nexmark-auto-213939,Executor3,Stage3-0-0,0,2189,0,30741,1415,95068,0,0
1784087178121,nx-q6-nexmark-auto-213939,Executor2,Stage1-1-0,0,24975,24467,33805,4478,2685394,3708,2032943
1784087178121,nx-q6-nexmark-auto-213939,Executor2,Stage2-1-0,0,13499,787,220618,8608,1056924,62,50621
1784087178121,nx-q6-nexmark-auto-213939,Executor2,Stage3-1-0,0,298,0,6472,239,13955,0,0
1784087178152,nx-q6-nexmark-auto-213939,Executor4,Stage1-3-0,0,24945,24428,29469,2688,2680991,3821,2033405
1784087178152,nx-q6-nexmark-auto-213939,Executor4,Stage2-3-0,0,11649,779,217530,8958,886505,93,49944
1784087178152,nx-q6-nexmark-auto-213939,Executor4,Stage3-3-0,0,319,0,7556,303,15205,0,0
1784087178189,nx-q6-nexmark-auto-213939,Executor1,Stage1-2-0,0,24989,24500,30635,1781,2675967,2092,2025558
1784087178189,nx-q6-nexmark-auto-213939,Executor1,Stage2-2-0,0,12999,819,225744,9709,1021589,138,52771
1784087178189,nx-q6-nexmark-auto-213939,Executor1,Stage3-2-0,0,271,0,8428,358,11920,0,0
1784087178249,nx-q6-nexmark-auto-213939,Executor0,Stage0-0-0,0,25284,25284,76689,0,0,1630,3099537
1784087178249,nx-q6-nexmark-auto-213939,Executor0,Stage0-1-0,0,25078,25078,59538,0,0,1682,2901646
1784087178249,nx-q6-nexmark-auto-213939,Executor0,Stage0-2-0,0,25901,25901,54796,0,0,1941,2922631
1784087178249,nx-q6-nexmark-auto-213939,Executor0,Stage0-3-0,0,22830,22830,59279,0,0,1797,2910949
1784087179110,nx-q6-nexmark-auto-213939,Executor3,Stage1-0-0,0,24930,24427,20591,2067,2671168,2484,1057704
1784087179110,nx-q6-nexmark-auto-213939,Executor3,Stage2-0-0,0,64514,643,631823,24036,3979166,125,10103
1784087179110,nx-q6-nexmark-auto-213939,Executor3,Stage3-0-0,0,2148,0,22906,896,98913,0,0
1784087179121,nx-q6-nexmark-auto-213939,Executor2,Stage1-1-0,0,25059,24568,29655,1920,2689036,3850,1974682
1784087179121,nx-q6-nexmark-auto-213939,Executor2,Stage2-1-0,0,11240,604,197029,8839,773586,164,39265
1784087179121,nx-q6-nexmark-auto-213939,Executor2,Stage3-1-0,0,196,0,4238,123,9196,0,0
1784087179152,nx-q6-nexmark-auto-213939,Executor4,Stage1-3-0,0,24853,24361,28741,1998,2660189,1897,1942954
1784087179152,nx-q6-nexmark-auto-213939,Executor4,Stage2-3-0,0,13126,657,208007,8415,949283,146,42846
1784087179152,nx-q6-nexmark-auto-213939,Executor4,Stage3-3-0,0,208,0,4895,207,9780,0,0
1784087179189,nx-q6-nexmark-auto-213939,Executor1,Stage1-2-0,0,25158,24644,29655,1570,2706437,1924,1987522
1784087179189,nx-q6-nexmark-auto-213939,Executor1,Stage2-2-0,0,12502,633,204318,8471,876212,110,41702
1784087179189,nx-q6-nexmark-auto-213939,Executor1,Stage3-2-0,0,199,0,4869,179,8809,0,0
1784087179249,nx-q6-nexmark-auto-213939,Executor0,Stage0-0-0,0,24798,24798,62549,0,0,1695,2718486
1784087179249,nx-q6-nexmark-auto-213939,Executor0,Stage0-1-0,0,25255,25255,55053,0,0,1550,2871440
1784087179249,nx-q6-nexmark-auto-213939,Executor0,Stage0-2-0,0,23812,23812,48558,0,0,1720,2911455
1784087179249,nx-q6-nexmark-auto-213939,Executor0,Stage0-3-0,0,27150,27150,64877,0,0,1704,2862946
1784087180110,nx-q6-nexmark-auto-213939,Executor3,Stage1-0-0,0,25320,24816,19516,2016,2723086,2586,1036620
1784087180110,nx-q6-nexmark-auto-213939,Executor3,Stage2-0-0,0,56245,753,526316,9599,3284632,109,15840
1784087180110,nx-q6-nexmark-auto-213939,Executor3,Stage3-0-0,0,2009,0,28291,1187,88765,0,0
1784087180121,nx-q6-nexmark-auto-213939,Executor2,Stage1-1-0,0,24888,24407,30452,2150,2668746,3968,1988825
1784087180121,nx-q6-nexmark-auto-213939,Executor2,Stage2-1-0,0,13243,686,219191,8256,974909,112,42910
1784087180121,nx-q6-nexmark-auto-213939,Executor2,Stage3-1-0,0,240,0,5424,186,10118,0,0
1784087180152,nx-q6-nexmark-auto-213939,Executor4,Stage1-3-0,0,24951,24443,29459,2286,2669598,2033,1966021
1784087180152,nx-q6-nexmark-auto-213939,Executor4,Stage2-3-0,0,12191,701,215824,8489,853746,148,44327
1784087180152,nx-q6-nexmark-auto-213939,Executor4,Stage3-3-0,0,269,0,6941,279,12076,0,0
1784087180189,nx-q6-nexmark-auto-213939,Executor1,Stage1-2-0,0,24841,24334,30052,2107,2667024,1673,1970302
1784087180189,nx-q6-nexmark-auto-213939,Executor1,Stage2-2-0,0,12870,801,213037,8511,923266,73,47579
1784087180189,nx-q6-nexmark-auto-213939,Executor1,Stage3-2-0,0,325,0,7465,289,14634,0,0
1784087180249,nx-q6-nexmark-auto-213939,Executor0,Stage0-0-0,0,28295,28295,44349,0,0,1547,3055703
1784087180249,nx-q6-nexmark-auto-213939,Executor0,Stage0-1-0,0,28583,28583,43743,0,0,1521,2947081
1784087180249,nx-q6-nexmark-auto-213939,Executor0,Stage0-2-0,0,24789,24789,51251,0,0,1483,2929641
1784087180249,nx-q6-nexmark-auto-213939,Executor0,Stage0-3-0,0,24247,24247,51520,0,0,1598,2892157
1784087181110,nx-q6-nexmark-auto-213939,Executor3,Stage1-0-0,0,25047,24524,18225,2318,2690672,2495,939968
1784087181110,nx-q6-nexmark-auto-213939,Executor3,Stage2-0-0,0,61675,784,572830,18774,3632153,100,12543
1784087181110,nx-q6-nexmark-auto-213939,Executor3,Stage3-0-0,0,2224,0,29265,1475,96940,0,0
1784087181121,nx-q6-nexmark-auto-213939,Executor2,Stage1-1-0,0,24898,24368,30028,1844,2677725,3558,2017077
1784087181121,nx-q6-nexmark-auto-213939,Executor2,Stage2-1-0,0,12798,795,235530,10919,985936,162,51513
1784087181121,nx-q6-nexmark-auto-213939,Executor2,Stage3-1-0,0,263,0,5867,197,12227,0,0
1784087181152,nx-q6-nexmark-auto-213939,Executor4,Stage1-3-0,0,25084,24596,29346,2030,2688164,1739,2013997
1784087181152,nx-q6-nexmark-auto-213939,Executor4,Stage2-3-0,0,13331,1039,209625,8282,1033429,171,52589
1784087181152,nx-q6-nexmark-auto-213939,Executor4,Stage3-3-0,0,315,0,6951,254,14861,0,0
1784087181189,nx-q6-nexmark-auto-213939,Executor1,Stage1-2-0,0,24971,24512,30144,2096,2671881,1082,2001917
1784087181189,nx-q6-nexmark-auto-213939,Executor1,Stage2-2-0,0,13056,691,219777,9291,999056,85,51375
1784087181189,nx-q6-nexmark-auto-213939,Executor1,Stage3-2-0,0,277,0,6675,246,12737,0,0
1784087181249,nx-q6-nexmark-auto-213939,Executor0,Stage0-0-0,0,25240,25240,38506,0,0,1743,2942425
1784087181249,nx-q6-nexmark-auto-213939,Executor0,Stage0-1-0,0,24303,24303,36049,0,0,1597,2846917
1784087181249,nx-q6-nexmark-auto-213939,Executor0,Stage0-2-0,0,24567,24567,50770,0,0,1555,2919653
1784087181249,nx-q6-nexmark-auto-213939,Executor0,Stage0-3-0,0,24473,24473,52488,0,0,1697,2883369
1784087182110,nx-q6-nexmark-auto-213939,Executor3,Stage1-0-0,0,24950,24443,18455,1658,2673749,2989,1173346
1784087182110,nx-q6-nexmark-auto-213939,Executor3,Stage2-0-0,0,58768,631,569062,16467,3657655,58,9538
1784087182110,nx-q6-nexmark-auto-213939,Executor3,Stage3-0-0,0,2158,0,23669,808,100099,0,0
1784087182121,nx-q6-nexmark-auto-213939,Executor2,Stage1-1-0,0,25183,24685,41207,10933,2695259,4923,1925404
1784087182121,nx-q6-nexmark-auto-213939,Executor2,Stage2-1-0,0,12909,610,204617,7806,848256,151,39040
1784087182121,nx-q6-nexmark-auto-213939,Executor2,Stage3-1-0,0,239,0,5326,141,11131,0,0
1784087182152,nx-q6-nexmark-auto-213939,Executor4,Stage1-3-0,0,24871,24386,39411,11147,2678642,2123,1915940
1784087182152,nx-q6-nexmark-auto-213939,Executor4,Stage2-3-0,0,13427,373,209450,7959,892605,213,38351
1784087182152,nx-q6-nexmark-auto-213939,Executor4,Stage3-3-0,0,136,0,4103,175,5259,0,0
1784087182189,nx-q6-nexmark-auto-213939,Executor1,Stage1-2-0,0,24996,24486,34274,6053,2680984,2212,1924724
1784087182189,nx-q6-nexmark-auto-213939,Executor1,Stage2-2-0,0,13056,642,219120,9418,852257,115,40124
1784087182189,nx-q6-nexmark-auto-213939,Executor1,Stage3-2-0,0,183,0,4388,166,7889,0,0
1784087182249,nx-q6-nexmark-auto-213939,Executor0,Stage0-0-0,0,20120,20120,44328,0,0,1535,2710717
1784087182249,nx-q6-nexmark-auto-213939,Executor0,Stage0-1-0,0,21154,21154,48715,0,0,1624,2837019
1784087182249,nx-q6-nexmark-auto-213939,Executor0,Stage0-2-0,0,25472,25472,53312,0,0,1558,2949109
1784087182249,nx-q6-nexmark-auto-213939,Executor0,Stage0-3-0,0,25611,25611,58888,0,0,1538,2911580
1784087183110,nx-q6-nexmark-auto-213939,Executor3,Stage1-0-0,0,25127,24631,16668,1459,2695031,2428,964895
1784087183110,nx-q6-nexmark-auto-213939,Executor3,Stage2-0-0,0,53622,785,486397,10087,3051897,117,17264
1784087183110,nx-q6-nexmark-auto-213939,Executor3,Stage3-0-0,0,2080,0,28712,1494,92463,0,0
1784087183122,nx-q6-nexmark-auto-213939,Executor2,Stage1-1-0,0,24917,24419,29394,1890,2670445,3680,1985028
1784087183122,nx-q6-nexmark-auto-213939,Executor2,Stage2-1-0,0,14689,868,234757,8266,1106198,111,54902
1784087183122,nx-q6-nexmark-auto-213939,Executor2,Stage3-1-0,0,304,0,6731,257,13156,0,0
1784087183152,nx-q6-nexmark-auto-213939,Executor4,Stage1-3-0,0,25065,24554,49424,14321,2691005,1791,2015804
1784087183152,nx-q6-nexmark-auto-213939,Executor4,Stage2-3-0,0,14232,1001,248487,10568,1080606,91,52167
1784087183152,nx-q6-nexmark-auto-213939,Executor4,Stage3-3-0,0,392,0,10415,381,18144,0,0
1784087183189,nx-q6-nexmark-auto-213939,Executor1,Stage1-2-0,0,24891,24396,30345,1832,2672019,1606,2007653
1784087183189,nx-q6-nexmark-auto-213939,Executor1,Stage2-2-0,0,14362,891,235374,8676,1100218,275,52533
1784087183189,nx-q6-nexmark-auto-213939,Executor1,Stage3-2-0,0,332,0,7962,294,14877,0,0
1784087183249,nx-q6-nexmark-auto-213939,Executor0,Stage0-0-0,0,25454,25454,52975,0,0,1686,3065907
1784087183249,nx-q6-nexmark-auto-213939,Executor0,Stage0-1-0,0,24340,24340,54592,0,0,1587,2932394
1784087183249,nx-q6-nexmark-auto-213939,Executor0,Stage0-2-0,0,24287,24287,50412,0,0,1632,2974316
1784087183249,nx-q6-nexmark-auto-213939,Executor0,Stage0-3-0,0,24526,24526,52733,0,0,1559,2976395
1784087184110,nx-q6-nexmark-auto-213939,Executor3,Stage1-0-0,0,24973,24486,17687,2031,2672882,2033,899853
1784087184110,nx-q6-nexmark-auto-213939,Executor3,Stage2-0-0,0,62530,723,520668,9829,3677704,23,10714
1784087184110,nx-q6-nexmark-auto-213939,Executor3,Stage3-0-0,0,2301,0,26308,970,103777,0,0
1784087184121,nx-q6-nexmark-auto-213939,Executor2,Stage1-1-0,0,25095,24616,31246,2454,2684140,3770,2027553
1784087184121,nx-q6-nexmark-auto-213939,Executor2,Stage2-1-0,0,11486,694,203209,8401,856411,138,45019
1784087184121,nx-q6-nexmark-auto-213939,Executor2,Stage3-1-0,0,234,0,5298,183,11042,0,0
1784087184152,nx-q6-nexmark-auto-213939,Executor4,Stage1-3-0,0,25053,24531,29532,2312,2699763,3915,2031152
1784087184152,nx-q6-nexmark-auto-213939,Executor4,Stage2-3-0,0,12072,795,193193,7899,914508,111,45400
1784087184152,nx-q6-nexmark-auto-213939,Executor4,Stage3-3-0,0,186,0,5716,217,7937,0,0
1784087184189,nx-q6-nexmark-auto-213939,Executor1,Stage1-2-0,0,24879,24367,30271,1914,2671358,3867,2009660
1784087184189,nx-q6-nexmark-auto-213939,Executor1,Stage2-2-0,0,11944,686,208317,9224,906081,102,48272
1784087184189,nx-q6-nexmark-auto-213939,Executor1,Stage3-2-0,0,162,0,4403,163,7403,0,0
1784087184250,nx-q6-nexmark-auto-213939,Executor0,Stage0-0-0,0,19666,19666,34133,0,0,1843,2964718
1784087184250,nx-q6-nexmark-auto-213939,Executor0,Stage0-1-0,0,17941,17941,36929,0,0,1679,2816567
1784087184250,nx-q6-nexmark-auto-213939,Executor0,Stage0-2-0,0,17802,17802,35890,0,0,1651,2849283
1784087184250,nx-q6-nexmark-auto-213939,Executor0,Stage0-3-0,0,17754,17754,35275,0,0,1702,2798722
1784087185110,nx-q6-nexmark-auto-213939,Executor3,Stage1-0-0,0,25059,24553,20677,2213,2691259,2987,1152062
1784087185110,nx-q6-nexmark-auto-213939,Executor3,Stage2-0-0,0,60464,647,546867,13348,3755826,36,11518
1784087185110,nx-q6-nexmark-auto-213939,Executor3,Stage3-0-0,0,2127,0,28406,1407,98898,0,0
1784087185121,nx-q6-nexmark-auto-213939,Executor2,Stage1-1-0,0,24870,24393,30156,1915,2675347,4149,1929101
1784087185121,nx-q6-nexmark-auto-213939,Executor2,Stage2-1-0,0,12279,641,210486,8506,824528,121,41903
1784087185121,nx-q6-nexmark-auto-213939,Executor2,Stage3-1-0,0,184,0,3855,130,8512,0,0
1784087185152,nx-q6-nexmark-auto-213939,Executor4,Stage1-3-0,0,24797,24289,40641,12873,2657667,32865,1908232
1784087185152,nx-q6-nexmark-auto-213939,Executor4,Stage2-3-0,0,11143,380,207923,7757,712687,140,40520
1784087185152,nx-q6-nexmark-auto-213939,Executor4,Stage3-3-0,0,198,0,6172,282,8009,0,0
1784087185189,nx-q6-nexmark-auto-213939,Executor1,Stage1-2-0,0,25274,24765,109753,30884,2705511,2079,1961052
1784087185189,nx-q6-nexmark-auto-213939,Executor1,Stage2-2-0,0,13003,488,234191,9210,861094,84,39699
1784087185189,nx-q6-nexmark-auto-213939,Executor1,Stage3-2-0,0,181,0,4578,158,7829,0,0
1784087185249,nx-q6-nexmark-auto-213939,Executor0,Stage0-0-0,0,28392,28392,76411,0,0,1528,2707282
1784087185249,nx-q6-nexmark-auto-213939,Executor0,Stage0-1-0,0,28548,28548,80893,0,0,1546,2825348
1784087185249,nx-q6-nexmark-auto-213939,Executor0,Stage0-2-0,0,32739,32739,66805,0,0,1380,2881070
1784087185249,nx-q6-nexmark-auto-213939,Executor0,Stage0-3-0,0,32963,32963,64169,0,0,1751,2880021
1784087186110,nx-q6-nexmark-auto-213939,Executor3,Stage1-0-0,0,25058,24569,16457,1856,2684520,2128,908290
1784087186110,nx-q6-nexmark-auto-213939,Executor3,Stage2-0-0,0,55571,812,479989,9444,3141897,58,18536
1784087186110,nx-q6-nexmark-auto-213939,Executor3,Stage3-0-0,0,2050,0,22677,878,90006,0,0
1784087186121,nx-q6-nexmark-auto-213939,Executor2,Stage1-1-0,0,24996,24505,30981,2402,2677861,1579,2019617
1784087186121,nx-q6-nexmark-auto-213939,Executor2,Stage2-1-0,0,14901,796,242794,8924,1165620,87,50568
1784087186121,nx-q6-nexmark-auto-213939,Executor2,Stage3-1-0,0,270,0,5675,233,11605,0,0
1784087186152,nx-q6-nexmark-auto-213939,Executor4,Stage1-3-0,0,24945,24436,28899,2088,2675019,2876,2010408
1784087186152,nx-q6-nexmark-auto-213939,Executor4,Stage2-3-0,0,15074,926,237508,9810,1189367,87,47225
1784087186152,nx-q6-nexmark-auto-213939,Executor4,Stage3-3-0,0,414,0,8660,348,19474,0,0
1784087186189,nx-q6-nexmark-auto-213939,Executor1,Stage1-2-0,0,25001,24490,30548,2119,2692531,1409,2050166
1784087186189,nx-q6-nexmark-auto-213939,Executor1,Stage2-2-0,0,14011,978,229104,8540,1106878,153,50054
1784087186189,nx-q6-nexmark-auto-213939,Executor1,Stage3-2-0,0,335,0,8180,317,15625,0,0
1784087186249,nx-q6-nexmark-auto-213939,Executor0,Stage0-0-0,0,23727,23727,56633,0,0,1544,2900901
1784087186249,nx-q6-nexmark-auto-213939,Executor0,Stage0-1-0,0,25383,25383,73999,0,0,1370,2851331
1784087186249,nx-q6-nexmark-auto-213939,Executor0,Stage0-2-0,0,25326,25326,54762,0,0,1635,2907196
1784087186249,nx-q6-nexmark-auto-213939,Executor0,Stage0-3-0,0,24864,24864,62849,0,0,1734,2861903
1784087187110,nx-q6-nexmark-auto-213939,Executor3,Stage1-0-0,0,25016,24514,42875,18846,2680455,1153,1056934
1784087187110,nx-q6-nexmark-auto-213939,Executor3,Stage2-0-0,0,62736,732,525832,11765,3861471,76,11211
1784087187110,nx-q6-nexmark-auto-213939,Executor3,Stage3-0-0,0,2181,0,25096,833,96475,0,0
1784087187121,nx-q6-nexmark-auto-213939,Executor2,Stage1-1-0,0,25068,24576,30796,2096,2700849,2080,1963702
1784087187121,nx-q6-nexmark-auto-213939,Executor2,Stage2-1-0,0,12080,691,198021,7663,834545,100,45579
1784087187121,nx-q6-nexmark-auto-213939,Executor2,Stage3-1-0,0,221,0,4821,158,10848,0,0
1784087187152,nx-q6-nexmark-auto-213939,Executor4,Stage1-3-0,0,24959,24444,31132,2241,2677717,6033,1932182
1784087187152,nx-q6-nexmark-auto-213939,Executor4,Stage2-3-0,0,12920,562,210492,8291,905329,145,47421
1784087187152,nx-q6-nexmark-auto-213939,Executor4,Stage3-3-0,0,157,0,4631,226,6530,0,0
1784087187189,nx-q6-nexmark-auto-213939,Executor1,Stage1-2-0,0,24957,24466,31873,2149,2672076,2726,1952601
1784087187189,nx-q6-nexmark-auto-213939,Executor1,Stage2-2-0,0,13606,694,202606,6679,961203,173,46455
1784087187189,nx-q6-nexmark-auto-213939,Executor1,Stage3-2-0,0,244,0,6234,233,10776,0,0
1784087187249,nx-q6-nexmark-auto-213939,Executor0,Stage0-0-0,0,24677,24677,59870,0,0,1282,2908200
1784087187249,nx-q6-nexmark-auto-213939,Executor0,Stage0-1-0,0,24767,24767,76899,0,0,1295,2884849
1784087187249,nx-q6-nexmark-auto-213939,Executor0,Stage0-2-0,0,24928,24928,53669,0,0,1205,2880767
1784087187249,nx-q6-nexmark-auto-213939,Executor0,Stage0-3-0,0,25601,25601,53040,0,0,1403,2884229
1784087188110,nx-q6-nexmark-auto-213939,Executor3,Stage1-0-0,0,25110,24633,72209,33866,2685152,2579,1095610
1784087188110,nx-q6-nexmark-auto-213939,Executor3,Stage2-0-0,0,52933,755,462007,37080,3144737,87,15748
1784087188110,nx-q6-nexmark-auto-213939,Executor3,Stage3-0-0,0,2172,0,26163,839,98464,0,0
1784087188122,nx-q6-nexmark-auto-213939,Executor2,Stage1-1-0,0,24948,24446,71369,22483,2681705,1619,1936803
1784087188122,nx-q6-nexmark-auto-213939,Executor2,Stage2-1-0,0,13989,734,262334,7809,968594,123,46307
1784087188122,nx-q6-nexmark-auto-213939,Executor2,Stage3-1-0,0,255,0,6738,181,11002,0,0
1784087188152,nx-q6-nexmark-auto-213939,Executor4,Stage1-3-0,0,25032,24508,29835,2373,2688578,2663,1942635
1784087188152,nx-q6-nexmark-auto-213939,Executor4,Stage2-3-0,0,13955,720,224667,8464,977345,185,45620
1784087188152,nx-q6-nexmark-auto-213939,Executor4,Stage3-3-0,0,255,0,6439,295,11081,0,0
1784087188189,nx-q6-nexmark-auto-213939,Executor1,Stage1-2-0,0,24910,24413,45042,10698,2671714,1875,1937016
1784087188189,nx-q6-nexmark-auto-213939,Executor1,Stage2-2-0,0,12613,702,217050,8184,845698,91,46181
1784087188189,nx-q6-nexmark-auto-213939,Executor1,Stage3-2-0,0,333,0,7845,269,14773,0,0
1784087188249,nx-q6-nexmark-auto-213939,Executor0,Stage0-0-0,0,18945,18945,38275,0,0,1682,2921322
1784087188249,nx-q6-nexmark-auto-213939,Executor0,Stage0-1-0,0,19483,19483,64807,0,0,1672,2920585
1784087188249,nx-q6-nexmark-auto-213939,Executor0,Stage0-2-0,0,16876,16876,35951,0,0,2064,2883768
1784087188249,nx-q6-nexmark-auto-213939,Executor0,Stage0-3-0,0,16612,16612,37308,0,0,1888,2807740
1784087189110,nx-q6-nexmark-auto-213939,Executor3,Stage1-0-0,0,25221,24699,17089,2092,2706093,979,945579
1784087189110,nx-q6-nexmark-auto-213939,Executor3,Stage2-0-0,0,57823,830,485132,11979,3337806,65,15776
1784087189110,nx-q6-nexmark-auto-213939,Executor3,Stage3-0-0,0,2236,0,26454,1103,97938,0,0
1784087189121,nx-q6-nexmark-auto-213939,Executor2,Stage1-1-0,0,25014,24506,31462,2492,2669354,1599,1997455
1784087189121,nx-q6-nexmark-auto-213939,Executor2,Stage2-1-0,0,13525,843,232430,8520,1018508,175,53505
1784087189121,nx-q6-nexmark-auto-213939,Executor2,Stage3-1-0,0,322,0,6720,260,14466,0,0
1784087189152,nx-q6-nexmark-auto-213939,Executor4,Stage1-3-0,0,24985,24484,28601,1982,2687582,1827,2007811
1784087189152,nx-q6-nexmark-auto-213939,Executor4,Stage2-3-0,0,13683,1024,214277,8229,1030160,197,54595
1784087189152,nx-q6-nexmark-auto-213939,Executor4,Stage3-3-0,0,347,0,7755,301,16915,0,0
1784087189189,nx-q6-nexmark-auto-213939,Executor1,Stage1-2-0,0,24780,24311,29056,2033,2665171,1355,2009091
1784087189189,nx-q6-nexmark-auto-213939,Executor1,Stage2-2-0,0,14369,869,226933,8393,1109111,96,52556
1784087189189,nx-q6-nexmark-auto-213939,Executor1,Stage3-2-0,0,319,0,8052,319,14580,0,0
1784087189249,nx-q6-nexmark-auto-213939,Executor0,Stage0-0-0,0,27997,27997,95365,0,0,1651,2973641
1784087189249,nx-q6-nexmark-auto-213939,Executor0,Stage0-1-0,0,26406,26406,88548,0,0,1496,2901416
1784087189249,nx-q6-nexmark-auto-213939,Executor0,Stage0-2-0,0,24816,24816,77901,0,0,1585,2976732
1784087189249,nx-q6-nexmark-auto-213939,Executor0,Stage0-3-0,0,23124,23124,78917,0,0,1706,2921604
1784087190110,nx-q6-nexmark-auto-213939,Executor3,Stage1-0-0,0,25039,24528,18512,2090,2680359,1425,1008699
1784087190110,nx-q6-nexmark-auto-213939,Executor3,Stage2-0-0,0,60980,705,497040,10428,3681033,68,9198
1784087190110,nx-q6-nexmark-auto-213939,Executor3,Stage3-0-0,0,2327,0,25733,969,105289,0,0
1784087190121,nx-q6-nexmark-auto-213939,Executor2,Stage1-1-0,0,24718,24220,29412,1846,2652739,1554,1944749
1784087190121,nx-q6-nexmark-auto-213939,Executor2,Stage2-1-0,0,12282,695,227271,9543,888510,165,45015
1784087190121,nx-q6-nexmark-auto-213939,Executor2,Stage3-1-0,0,255,0,6489,266,12064,0,0
1784087190152,nx-q6-nexmark-auto-213939,Executor4,Stage1-3-0,0,25220,24711,28949,2030,2705635,2130,1990812
1784087190152,nx-q6-nexmark-auto-213939,Executor4,Stage2-3-0,0,13017,540,211464,8298,946631,193,47201
1784087190152,nx-q6-nexmark-auto-213939,Executor4,Stage3-3-0,0,176,0,4339,181,7833,0,0
1784087190189,nx-q6-nexmark-auto-213939,Executor1,Stage1-2-0,0,25023,24541,30584,1980,2689527,1580,1988159
1784087190189,nx-q6-nexmark-auto-213939,Executor1,Stage2-2-0,0,12501,696,207188,8361,885566,248,45923
1784087190189,nx-q6-nexmark-auto-213939,Executor1,Stage3-2-0,0,187,0,4816,184,7754,0,0
1784087190249,nx-q6-nexmark-auto-213939,Executor0,Stage0-0-0,0,23306,23306,79218,0,0,1471,2887365
1784087190249,nx-q6-nexmark-auto-213939,Executor0,Stage0-1-0,0,23594,23594,82707,0,0,1423,2877364
1784087190249,nx-q6-nexmark-auto-213939,Executor0,Stage0-2-0,0,23344,23344,79461,0,0,1588,2851608
1784087190249,nx-q6-nexmark-auto-213939,Executor0,Stage0-3-0,0,26239,26239,88551,0,0,1371,2859965
1784087191110,nx-q6-nexmark-auto-213939,Executor3,Stage1-0-0,0,24747,24216,18540,2015,2653737,1326,1031337
1784087191110,nx-q6-nexmark-auto-213939,Executor3,Stage2-0-0,0,57341,599,483702,10125,3448809,108,11403
1784087191110,nx-q6-nexmark-auto-213939,Executor3,Stage3-0-0,0,2002,0,22018,795,93935,0,0
1784087191122,nx-q6-nexmark-auto-213939,Executor2,Stage1-1-0,0,25002,24500,54557,13497,2680733,1482,1958853
1784087191122,nx-q6-nexmark-auto-213939,Executor2,Stage2-1-0,0,14026,636,306169,15216,1003141,130,38972
1784087191122,nx-q6-nexmark-auto-213939,Executor2,Stage3-1-0,0,266,0,5981,251,11134,0,0
1784087191152,nx-q6-nexmark-auto-213939,Executor4,Stage1-3-0,0,25123,24609,28389,2194,2700481,1550,1963915
1784087191152,nx-q6-nexmark-auto-213939,Executor4,Stage2-3-0,0,13128,619,214301,8407,908834,149,39932
1784087191152,nx-q6-nexmark-auto-213939,Executor4,Stage3-3-0,0,161,0,4786,230,6675,0,0
1784087191189,nx-q6-nexmark-auto-213939,Executor1,Stage1-2-0,0,25128,24675,29937,2066,2692978,1372,1986419
1784087191189,nx-q6-nexmark-auto-213939,Executor1,Stage2-2-0,0,14995,735,213136,5939,1095425,150,39498
1784087191189,nx-q6-nexmark-auto-213939,Executor1,Stage3-2-0,0,199,0,5192,221,8728,0,0
1784087191249,nx-q6-nexmark-auto-213939,Executor0,Stage0-0-0,0,23694,23694,80701,0,0,1301,2884891
1784087191249,nx-q6-nexmark-auto-213939,Executor0,Stage0-1-0,0,27998,27998,95285,0,0,1240,2828020
1784087191249,nx-q6-nexmark-auto-213939,Executor0,Stage0-2-0,0,27336,27336,112178,0,0,1248,2924637
1784087191249,nx-q6-nexmark-auto-213939,Executor0,Stage0-3-0,0,26456,26456,91233,0,0,1410,2788365
1784087192110,nx-q6-nexmark-auto-213939,Executor3,Stage1-0-0,0,24973,24485,13284,1048,2674752,1157,882901
1784087192110,nx-q6-nexmark-auto-213939,Executor3,Stage2-0-0,0,58736,864,496555,9701,3358300,45,17445
1784087192110,nx-q6-nexmark-auto-213939,Executor3,Stage3-0-0,0,2128,0,24890,1009,90814,0,0
1784087192122,nx-q6-nexmark-auto-213939,Executor2,Stage1-1-0,0,24913,24393,29939,1797,2666898,1202,2017175
1784087192122,nx-q6-nexmark-auto-213939,Executor2,Stage2-1-0,0,13107,867,217816,8722,1033609,149,55376
1784087192122,nx-q6-nexmark-auto-213939,Executor2,Stage3-1-0,0,299,0,6787,260,13269,0,0
1784087192151,nx-q6-nexmark-auto-213939,Executor4,Stage1-3-0,0,24812,24305,29429,2195,2672954,1868,2033069
1784087192151,nx-q6-nexmark-auto-213939,Executor4,Stage2-3-0,0,12204,868,215076,8561,948225,144,54497
1784087192151,nx-q6-nexmark-auto-213939,Executor4,Stage3-3-0,0,387,0,9541,424,17857,0,0
1784087192189,nx-q6-nexmark-auto-213939,Executor1,Stage1-2-0,0,25302,24817,29875,1686,2716038,1445,2069905
1784087192189,nx-q6-nexmark-auto-213939,Executor1,Stage2-2-0,0,11169,757,188921,8605,858975,162,54821
1784087192189,nx-q6-nexmark-auto-213939,Executor1,Stage3-2-0,0,312,0,8261,355,13850,0,0
1784087192249,nx-q6-nexmark-auto-213939,Executor0,Stage0-0-0,0,28003,28003,95659,0,0,1263,2939383
1784087192249,nx-q6-nexmark-auto-213939,Executor0,Stage0-1-0,0,23516,23516,92020,0,0,1425,2857339
1784087192249,nx-q6-nexmark-auto-213939,Executor0,Stage0-2-0,0,22664,22664,78055,0,0,1405,2903191
1784087192249,nx-q6-nexmark-auto-213939,Executor0,Stage0-3-0,0,23940,23940,92756,0,0,1334,2910257
1784087193110,nx-q6-nexmark-auto-213939,Executor3,Stage1-0-0,0,25167,24661,19597,1708,2693088,1755,1170391
1784087193110,nx-q6-nexmark-auto-213939,Executor3,Stage2-0-0,0,60618,616,501109,10346,3778996,76,10143
1784087193110,nx-q6-nexmark-auto-213939,Executor3,Stage3-0-0,0,2158,0,28815,1248,101581,0,0
1784087193121,nx-q6-nexmark-auto-213939,Executor2,Stage1-1-0,0,24977,24476,31207,1897,2680556,1275,1905953
1784087193121,nx-q6-nexmark-auto-213939,Executor2,Stage2-1-0,0,10302,595,203110,8054,625544,97,38338
1784087193121,nx-q6-nexmark-auto-213939,Executor2,Stage3-1-0,0,183,0,4122,132,7986,0,0
1784087193152,nx-q6-nexmark-auto-213939,Executor4,Stage1-3-0,0,24902,24394,28138,1618,2676172,1668,1907072
1784087193152,nx-q6-nexmark-auto-213939,Executor4,Stage2-3-0,0,12876,616,210085,8132,854880,130,39053
1784087193152,nx-q6-nexmark-auto-213939,Executor4,Stage3-3-0,0,191,0,5255,249,7838,0,0
1784087193189,nx-q6-nexmark-auto-213939,Executor1,Stage1-2-0,0,24954,24469,28972,2339,2679125,1510,1934396
1784087193189,nx-q6-nexmark-auto-213939,Executor1,Stage2-2-0,0,12445,527,202908,8063,802811,75,39966
1784087193189,nx-q6-nexmark-auto-213939,Executor1,Stage3-2-0,0,181,0,4878,176,8176,0,0
1784087193249,nx-q6-nexmark-auto-213939,Executor0,Stage0-0-0,0,21997,21997,76292,0,0,1419,3028410
1784087193249,nx-q6-nexmark-auto-213939,Executor0,Stage0-1-0,0,26068,26068,86031,0,0,1471,3091982
1784087193249,nx-q6-nexmark-auto-213939,Executor0,Stage0-2-0,0,27991,27991,88619,0,0,1429,3059902
1784087193249,nx-q6-nexmark-auto-213939,Executor0,Stage0-3-0,0,23365,23365,82454,0,0,1509,3034374
1784087194110,nx-q6-nexmark-auto-213939,Executor3,Stage1-0-0,0,25036,24555,16431,1787,2689567,1385,1011051
1784087194110,nx-q6-nexmark-auto-213939,Executor3,Stage2-0-0,0,53123,816,457883,8120,3082472,142,19136
1784087194110,nx-q6-nexmark-auto-213939,Executor3,Stage3-0-0,0,2015,0,22867,915,88393,0,0
1784087194121,nx-q6-nexmark-auto-213939,Executor2,Stage1-1-0,0,24971,24490,32024,26962,2691424,2927,1997293
1784087194121,nx-q6-nexmark-auto-213939,Executor2,Stage2-1-0,0,16340,750,360392,16805,1246603,65,47281
1784087194121,nx-q6-nexmark-auto-213939,Executor2,Stage3-1-0,0,319,0,9005,379,14671,0,0
1784087194151,nx-q6-nexmark-auto-213939,Executor4,Stage1-3-0,0,25037,24535,29484,2344,2672824,1624,1993309
1784087194151,nx-q6-nexmark-auto-213939,Executor4,Stage2-3-0,0,15306,1143,232629,6519,1159300,214,48980
1784087194151,nx-q6-nexmark-auto-213939,Executor4,Stage3-3-0,0,417,0,9169,405,19685,0,0
1784087194189,nx-q6-nexmark-auto-213939,Executor1,Stage1-2-0,0,24956,24420,29712,2295,2677583,1695,1983911
1784087194189,nx-q6-nexmark-auto-213939,Executor1,Stage2-2-0,0,14981,961,257749,8175,1133830,147,49597
1784087194189,nx-q6-nexmark-auto-213939,Executor1,Stage3-2-0,0,404,0,11179,468,18351,0,0
1784087194249,nx-q6-nexmark-auto-213939,Executor0,Stage0-0-0,0,28003,28003,99659,0,0,1554,2752768
1784087194249,nx-q6-nexmark-auto-213939,Executor0,Stage0-1-0,0,24681,24681,85311,0,0,1531,2696493
1784087194249,nx-q6-nexmark-auto-213939,Executor0,Stage0-2-0,0,24409,24409,84833,0,0,1456,2667902
1784087194249,nx-q6-nexmark-auto-213939,Executor0,Stage0-3-0,0,27998,27998,89190,0,0,1573,2702887
1784087195110,nx-q6-nexmark-auto-213939,Executor3,Stage1-0-0,0,25046,24575,48175,1632,2674832,1178,922642
1784087195110,nx-q6-nexmark-auto-213939,Executor3,Stage2-0-0,0,61027,785,498244,10238,3591845,127,14217
1784087195110,nx-q6-nexmark-auto-213939,Executor3,Stage3-0-0,0,2188,0,27369,1390,96315,0,0
1784087195121,nx-q6-nexmark-auto-213939,Executor2,Stage1-1-0,0,24878,24360,31252,2932,2674990,1363,2000730
1784087195121,nx-q6-nexmark-auto-213939,Executor2,Stage2-1-0,0,12705,776,220463,8436,944852,133,50490
1784087195121,nx-q6-nexmark-auto-213939,Executor2,Stage3-1-0,0,249,0,5975,203,11572,0,0
1784087195151,nx-q6-nexmark-auto-213939,Executor4,Stage1-3-0,0,24965,24442,30442,2336,2682765,5503,2012710
1784087195151,nx-q6-nexmark-auto-213939,Executor4,Stage2-3-0,0,12144,695,212882,7875,893812,138,50680
1784087195151,nx-q6-nexmark-auto-213939,Executor4,Stage3-3-0,0,265,0,6125,249,11852,0,0
1784087195189,nx-q6-nexmark-auto-213939,Executor1,Stage1-2-0,0,25111,24623,30031,1431,2697055,2100,2023884
1784087195189,nx-q6-nexmark-auto-213939,Executor1,Stage2-2-0,0,12850,707,207610,8286,965285,177,49522
1784087195189,nx-q6-nexmark-auto-213939,Executor1,Stage3-2-0,0,303,0,7577,317,13686,0,0
1784087195249,nx-q6-nexmark-auto-213939,Executor0,Stage0-0-0,0,21997,21997,76518,0,0,1702,2935577
1784087195249,nx-q6-nexmark-auto-213939,Executor0,Stage0-1-0,0,23785,23785,80668,0,0,1527,2896747
1784087195249,nx-q6-nexmark-auto-213939,Executor0,Stage0-2-0,0,22603,22603,79606,0,0,1561,2974955
1784087195249,nx-q6-nexmark-auto-213939,Executor0,Stage0-3-0,0,22002,22002,76264,0,0,1735,2911406
1784087196110,nx-q6-nexmark-auto-213939,Executor3,Stage1-0-0,0,25047,24551,19799,1848,2694426,1854,1121722
1784087196110,nx-q6-nexmark-auto-213939,Executor3,Stage2-0-0,0,59415,624,499363,9918,3645900,131,10585
1784087196110,nx-q6-nexmark-auto-213939,Executor3,Stage3-0-0,0,2107,0,22033,744,98066,0,0
1784087196121,nx-q6-nexmark-auto-213939,Executor2,Stage1-1-0,0,24813,24331,28855,1922,2651790,1526,1909855
1784087196121,nx-q6-nexmark-auto-213939,Executor2,Stage2-1-0,0,12624,617,218306,8284,861855,105,39522
1784087196121,nx-q6-nexmark-auto-213939,Executor2,Stage3-1-0,0,204,0,4328,116,9065,0,0
1784087196152,nx-q6-nexmark-auto-213939,Executor4,Stage1-3-0,0,25025,24510,52290,17799,2674172,5213,1929381
1784087196152,nx-q6-nexmark-auto-213939,Executor4,Stage2-3-0,0,12367,328,247114,11304,826414,94,37625
1784087196152,nx-q6-nexmark-auto-213939,Executor4,Stage3-3-0,0,136,0,5216,250,5451,0,0
1784087196189,nx-q6-nexmark-auto-213939,Executor1,Stage1-2-0,0,25115,24608,28795,2039,2711231,1441,1963257
1784087196189,nx-q6-nexmark-auto-213939,Executor1,Stage2-2-0,0,12481,561,204032,8051,824365,84,38407
1784087196189,nx-q6-nexmark-auto-213939,Executor1,Stage3-2-0,0,210,0,5583,252,9652,0,0
1784087196249,nx-q6-nexmark-auto-213939,Executor0,Stage0-0-0,0,25808,25808,90829,0,0,1643,2872203
1784087196249,nx-q6-nexmark-auto-213939,Executor0,Stage0-1-0,0,23952,23952,87196,0,0,1578,2777440
1784087196249,nx-q6-nexmark-auto-213939,Executor0,Stage0-2-0,0,24997,24997,84647,0,0,1926,2949040
1784087196249,nx-q6-nexmark-auto-213939,Executor0,Stage0-3-0,0,25556,25556,23013,0,0,1591,2853025
1784087197110,nx-q6-nexmark-auto-213939,Executor3,Stage1-0-0,0,24980,24518,16001,1671,2679677,1322,893896
1784087197110,nx-q6-nexmark-auto-213939,Executor3,Stage2-0-0,0,55765,824,474386,9439,3161182,154,19236
1784087197110,nx-q6-nexmark-auto-213939,Executor3,Stage3-0-0,0,1996,0,22523,902,86577,0,0
1784087197121,nx-q6-nexmark-auto-213939,Executor2,Stage1-1-0,0,24999,24519,30705,2219,2674607,1671,2014162
1784087197121,nx-q6-nexmark-auto-213939,Executor2,Stage2-1-0,0,14135,814,238121,8568,1082807,167,51744
1784087197121,nx-q6-nexmark-auto-213939,Executor2,Stage3-1-0,0,332,0,8110,317,15488,0,0
1784087197152,nx-q6-nexmark-auto-213939,Executor4,Stage1-3-0,0,24876,24335,28274,2524,2668681,4173,2002643
1784087197152,nx-q6-nexmark-auto-213939,Executor4,Stage2-3-0,0,14141,800,234508,9081,1093473,57,50192
1784087197152,nx-q6-nexmark-auto-213939,Executor4,Stage3-3-0,0,391,0,10862,453,18667,0,0
1784087197189,nx-q6-nexmark-auto-213939,Executor1,Stage1-2-0,0,25145,24628,38051,3010,2705934,1391,2037290
1784087197189,nx-q6-nexmark-auto-213939,Executor1,Stage2-2-0,0,14453,858,252652,10783,1131355,66,49616
1784087197189,nx-q6-nexmark-auto-213939,Executor1,Stage3-2-0,0,323,0,8649,375,14931,0,0
1784087197249,nx-q6-nexmark-auto-213939,Executor0,Stage0-0-0,0,24192,24192,85872,0,0,1476,2846425
1784087197249,nx-q6-nexmark-auto-213939,Executor0,Stage0-1-0,0,27998,27998,103805,0,0,1605,2824375
1784087197249,nx-q6-nexmark-auto-213939,Executor0,Stage0-2-0,0,28003,28003,90419,0,0,1648,2890628
1784087197249,nx-q6-nexmark-auto-213939,Executor0,Stage0-3-0,0,24444,24444,86852,0,0,1641,2794350
1784087198110,nx-q6-nexmark-auto-213939,Executor3,Stage1-0-0,0,25100,24585,16557,1715,2681620,1329,940580
1784087198110,nx-q6-nexmark-auto-213939,Executor3,Stage2-0-0,0,63218,745,508571,10803,3751998,124,10688
1784087198110,nx-q6-nexmark-auto-213939,Executor3,Stage3-0-0,0,2250,0,24560,939,99659,0,0
1784087198121,nx-q6-nexmark-auto-213939,Executor2,Stage1-1-0,0,24936,24441,29445,1874,2682336,1619,1994369
1784087198121,nx-q6-nexmark-auto-213939,Executor2,Stage2-1-0,0,12356,737,204329,8257,926311,113,48194
1784087198121,nx-q6-nexmark-auto-213939,Executor2,Stage3-1-0,0,245,0,5539,201,11602,0,0
1784087198152,nx-q6-nexmark-auto-213939,Executor4,Stage1-3-0,0,25015,24519,28850,2638,2694166,3916,2017553
1784087198152,nx-q6-nexmark-auto-213939,Executor4,Stage2-3-0,0,11980,836,196862,8113,876087,82,47268
1784087198152,nx-q6-nexmark-auto-213939,Executor4,Stage3-3-0,0,199,0,6258,245,9023,0,0
1784087198189,nx-q6-nexmark-auto-213939,Executor1,Stage1-2-0,0,24949,24455,28897,1925,2671146,1741,1989488
1784087198189,nx-q6-nexmark-auto-213939,Executor1,Stage2-2-0,0,11769,654,195397,8242,859636,51,46818
1784087198189,nx-q6-nexmark-auto-213939,Executor1,Stage3-2-0,0,207,0,5295,195,8784,0,0
1784087198249,nx-q6-nexmark-auto-213939,Executor0,Stage0-0-0,0,26129,26129,87625,0,0,1377,2919903
1784087198249,nx-q6-nexmark-auto-213939,Executor0,Stage0-1-0,0,23194,23194,84435,0,0,1372,2897348
1784087198249,nx-q6-nexmark-auto-213939,Executor0,Stage0-2-0,0,21997,21997,93538,0,0,1402,2825494
1784087198249,nx-q6-nexmark-auto-213939,Executor0,Stage0-3-0,0,26278,26278,94993,0,0,1395,2834677
1784087199110,nx-q6-nexmark-auto-213939,Executor3,Stage1-0-0,0,25055,24546,19712,1814,2703220,1574,1150143
1784087199110,nx-q6-nexmark-auto-213939,Executor3,Stage2-0-0,0,59447,622,537742,9891,3688690,72,12751
1784087199110,nx-q6-nexmark-auto-213939,Executor3,Stage3-0-0,0,2024,0,20668,775,95044,0,0
1784087199121,nx-q6-nexmark-auto-213939,Executor2,Stage1-1-0,0,25000,24494,28988,1812,2686691,1448,1920777
1784087199121,nx-q6-nexmark-auto-213939,Executor2,Stage2-1-0,0,12935,617,217798,9042,869183,77,38497
1784087199121,nx-q6-nexmark-auto-213939,Executor2,Stage3-1-0,0,248,0,5345,165,10811,0,0
1784087199152,nx-q6-nexmark-auto-213939,Executor4,Stage1-3-0,0,24903,24407,30284,3219,2663326,2634,1904717
1784087199152,nx-q6-nexmark-auto-213939,Executor4,Stage2-3-0,0,13449,510,218406,8208,919484,178,40004
1784087199152,nx-q6-nexmark-auto-213939,Executor4,Stage3-3-0,0,172,0,5127,225,7101,0,0
1784087199189,nx-q6-nexmark-auto-213939,Executor1,Stage1-2-0,0,25042,24553,27857,1517,2674923,1644,1925329
1784087199189,nx-q6-nexmark-auto-213939,Executor1,Stage2-2-0,0,12544,549,211316,8784,828996,126,39546
1784087199189,nx-q6-nexmark-auto-213939,Executor1,Stage3-2-0,0,231,0,5827,237,10171,0,0
1784087199249,nx-q6-nexmark-auto-213939,Executor0,Stage0-0-0,0,23871,23871,77136,0,0,1565,3039049
1784087199249,nx-q6-nexmark-auto-213939,Executor0,Stage0-1-0,0,26704,26704,82423,0,0,1736,2952317
1784087199249,nx-q6-nexmark-auto-213939,Executor0,Stage0-2-0,0,28003,28003,93426,0,0,1606,2922446
1784087199249,nx-q6-nexmark-auto-213939,Executor0,Stage0-3-0,0,23722,23722,80337,0,0,1578,2948246
1784087200110,nx-q6-nexmark-auto-213939,Executor3,Stage1-0-0,0,25228,24696,17198,1940,2707119,1134,949943
1784087200110,nx-q6-nexmark-auto-213939,Executor3,Stage2-0-0,0,54305,876,469736,9103,3073375,82,19278
1784087200110,nx-q6-nexmark-auto-213939,Executor3,Stage3-0-0,0,2055,0,24585,944,87367,0,0
1784087200121,nx-q6-nexmark-auto-213939,Executor2,Stage1-1-0,0,24919,24448,29950,1813,2675211,1698,2011960
1784087200121,nx-q6-nexmark-auto-213939,Executor2,Stage2-1-0,0,14546,812,234316,8334,1110561,207,51857
1784087200121,nx-q6-nexmark-auto-213939,Executor2,Stage3-1-0,0,311,0,6832,256,14306,0,0
1784087200151,nx-q6-nexmark-auto-213939,Executor4,Stage1-3-0,0,24958,24469,29520,2372,2673543,1667,1990325
1784087200151,nx-q6-nexmark-auto-213939,Executor4,Stage2-3-0,0,11392,809,227099,9275,800989,107,50945
1784087200151,nx-q6-nexmark-auto-213939,Executor4,Stage3-3-0,0,318,0,12919,560,14155,0,0
1784087200189,nx-q6-nexmark-auto-213939,Executor1,Stage1-2-0,0,24895,24387,28871,1700,2674806,1571,1996924
1784087200189,nx-q6-nexmark-auto-213939,Executor1,Stage2-2-0,0,13043,933,227264,8598,973109,116,50277
1784087200189,nx-q6-nexmark-auto-213939,Executor1,Stage3-2-0,0,333,0,13294,546,15632,0,0
1784087200249,nx-q6-nexmark-auto-213939,Executor0,Stage0-0-0,0,27403,27403,94781,0,0,1669,2833945
1784087200249,nx-q6-nexmark-auto-213939,Executor0,Stage0-1-0,0,22104,22104,75825,0,0,1719,2837041
1784087200249,nx-q6-nexmark-auto-213939,Executor0,Stage0-2-0,0,24038,24038,83325,0,0,1552,2887421
1784087200249,nx-q6-nexmark-auto-213939,Executor0,Stage0-3-0,0,26259,26259,80693,0,0,1514,3065245
1784087201110,nx-q6-nexmark-auto-213939,Executor3,Stage1-0-0,0,24976,24458,18726,1947,2678961,1321,1050518
1784087201110,nx-q6-nexmark-auto-213939,Executor3,Stage2-0-0,0,61113,764,509244,10629,3722889,122,12275
1784087201110,nx-q6-nexmark-auto-213939,Executor3,Stage3-0-0,0,2259,0,25394,909,100113,0,0
1784087201121,nx-q6-nexmark-auto-213939,Executor2,Stage1-1-0,0,25008,24501,29394,1804,2689058,1369,1961184
1784087201121,nx-q6-nexmark-auto-213939,Executor2,Stage2-1-0,0,12478,727,201383,7774,871723,181,47152
1784087201121,nx-q6-nexmark-auto-213939,Executor2,Stage3-1-0,0,232,0,5231,169,10763,0,0
1784087201152,nx-q6-nexmark-auto-213939,Executor4,Stage1-3-0,0,25128,24633,30692,2191,2695813,1921,1984532
1784087201152,nx-q6-nexmark-auto-213939,Executor4,Stage2-3-0,0,15320,720,270801,12168,1158136,87,47322
1784087201152,nx-q6-nexmark-auto-213939,Executor4,Stage3-3-0,0,265,0,7642,354,13291,0,0
1784087201189,nx-q6-nexmark-auto-213939,Executor1,Stage1-2-0,0,24888,24408,28012,1440,2664782,1658,1945660
1784087201189,nx-q6-nexmark-auto-213939,Executor1,Stage2-2-0,0,14121,667,224107,8128,1027458,145,46077
1784087201189,nx-q6-nexmark-auto-213939,Executor1,Stage3-2-0,0,222,0,5863,230,10081,0,0
1784087201249,nx-q6-nexmark-auto-213939,Executor0,Stage0-0-0,0,23709,23709,81129,0,0,1951,2965023
1784087201249,nx-q6-nexmark-auto-213939,Executor0,Stage0-1-0,0,26203,26203,90751,0,0,1602,2924889
1784087201249,nx-q6-nexmark-auto-213939,Executor0,Stage0-2-0,0,24182,24182,83178,0,0,1983,2959702
1784087201249,nx-q6-nexmark-auto-213939,Executor0,Stage0-3-0,0,23741,23741,82341,0,0,1390,2731975
1784087202110,nx-q6-nexmark-auto-213939,Executor3,Stage1-0-0,0,24968,24476,16157,1441,2680057,1328,1026271
1784087202110,nx-q6-nexmark-auto-213939,Executor3,Stage2-0-0,0,55738,643,504721,9299,3307841,80,12376
1784087202110,nx-q6-nexmark-auto-213939,Executor3,Stage3-0-0,0,2014,0,21604,822,92778,0,0
1784087202121,nx-q6-nexmark-auto-213939,Executor2,Stage1-1-0,0,25121,24611,29830,1924,2704175,1481,1992319
1784087202121,nx-q6-nexmark-auto-213939,Executor2,Stage2-1-0,0,13725,623,224114,8188,986668,161,39573
1784087202121,nx-q6-nexmark-auto-213939,Executor2,Stage3-1-0,0,235,0,5083,160,10622,0,0
1784087202152,nx-q6-nexmark-auto-213939,Executor4,Stage1-3-0,0,24912,24402,29165,2257,2668016,3529,1974356
1784087202152,nx-q6-nexmark-auto-213939,Executor4,Stage2-3-0,0,14186,630,217181,7995,1045263,104,39688
1784087202152,nx-q6-nexmark-auto-213939,Executor4,Stage3-3-0,0,333,0,8827,374,16236,0,0
1784087202189,nx-q6-nexmark-auto-213939,Executor1,Stage1-2-0,0,24999,24511,29311,1651,2676800,1705,1974812
1784087202189,nx-q6-nexmark-auto-213939,Executor1,Stage2-2-0,0,12764,403,232337,9502,905062,100,41819
1784087202189,nx-q6-nexmark-auto-213939,Executor1,Stage3-2-0,0,245,0,6186,266,10920,0,0
1784087202249,nx-q6-nexmark-auto-213939,Executor0,Stage0-0-0,0,23891,23891,82072,0,0,1307,2793457
1784087202249,nx-q6-nexmark-auto-213939,Executor0,Stage0-1-0,0,23797,23797,81410,0,0,1175,2796467
1784087202249,nx-q6-nexmark-auto-213939,Executor0,Stage0-2-0,0,26695,26695,88800,0,0,1449,2788417
1784087202249,nx-q6-nexmark-auto-213939,Executor0,Stage0-3-0,0,27998,27998,84058,0,0,1216,2749646
1784087203110,nx-q6-nexmark-auto-213939,Executor3,Stage1-0-0,0,25000,24456,14549,1788,2679251,1111,829263
1784087203110,nx-q6-nexmark-auto-213939,Executor3,Stage2-0-0,0,60413,853,488637,9500,3436242,63,17935
1784087203110,nx-q6-nexmark-auto-213939,Executor3,Stage3-0-0,0,2099,0,25218,1046,89831,0,0
1784087203121,nx-q6-nexmark-auto-213939,Executor2,Stage1-1-0,0,24977,24497,30971,2152,2680696,1623,2050766
1784087203121,nx-q6-nexmark-auto-213939,Executor2,Stage2-1-0,0,11607,803,212376,8866,902752,98,51106
1784087203121,nx-q6-nexmark-auto-213939,Executor2,Stage3-1-0,0,297,0,7818,275,13519,0,0
1784087203151,nx-q6-nexmark-auto-213939,Executor4,Stage1-3-0,0,25048,24558,30744,2532,2688513,3159,2056335
1784087203151,nx-q6-nexmark-auto-213939,Executor4,Stage2-3-0,0,11589,1102,186601,7513,908242,97,51127
1784087203151,nx-q6-nexmark-auto-213939,Executor4,Stage3-3-0,0,279,0,8237,320,12558,0,0
1784087203214,nx-q6-nexmark-auto-213939,Executor1,Stage1-2-0,0,24975,24489,29102,1376,2678896,1766,2058067
1784087203214,nx-q6-nexmark-auto-213939,Executor1,Stage2-2-0,0,12080,1113,240409,8430,972694,105,52302
1784087203214,nx-q6-nexmark-auto-213939,Executor1,Stage3-2-0,0,311,0,7962,391,13901,0,0
1784087203249,nx-q6-nexmark-auto-213939,Executor0,Stage0-0-0,0,27807,27807,95814,0,0,1802,3061604
1784087203249,nx-q6-nexmark-auto-213939,Executor0,Stage0-1-0,0,25181,25181,87245,0,0,1734,2994857
1784087203249,nx-q6-nexmark-auto-213939,Executor0,Stage0-2-0,0,24441,24440,77796,0,0,1789,3031557
1784087203249,nx-q6-nexmark-auto-213939,Executor0,Stage0-3-0,0,22002,22002,77428,0,0,1660,3015600
1784087204110,nx-q6-nexmark-auto-213939,Executor3,Stage1-0-0,0,24990,24494,18027,1443,2679013,1790,1081468
1784087204110,nx-q6-nexmark-auto-213939,Executor3,Stage2-0-0,0,64995,631,515243,13006,4041116,75,8735
1784087204110,nx-q6-nexmark-auto-213939,Executor3,Stage3-0-0,0,2174,0,25420,1318,100044,0,0
1784087204121,nx-q6-nexmark-auto-213939,Executor2,Stage1-1-0,0,24818,24316,34952,1822,2658024,1672,1928172
1784087204121,nx-q6-nexmark-auto-213939,Executor2,Stage2-1-0,0,11852,608,207295,9081,819725,66,40280
1784087204121,nx-q6-nexmark-auto-213939,Executor2,Stage3-1-0,0,188,0,4027,123,9190,0,0
1784087204152,nx-q6-nexmark-auto-213939,Executor4,Stage1-3-0,0,25050,24543,28831,1728,2691093,41451,1968170
1784087204152,nx-q6-nexmark-auto-213939,Executor4,Stage2-3-0,0,10152,321,205545,7896,633925,96,40969
1784087204152,nx-q6-nexmark-auto-213939,Executor4,Stage3-3-0,0,125,0,4327,204,5134,0,0
1784087204189,nx-q6-nexmark-auto-213939,Executor1,Stage1-2-0,0,25142,24647,33632,2438,2700920,1826,1957191
1784087204189,nx-q6-nexmark-auto-213939,Executor1,Stage2-2-0,0,12024,493,206865,9049,794243,102,38327
1784087204189,nx-q6-nexmark-auto-213939,Executor1,Stage3-2-0,0,158,0,4640,233,7456,0,0
1784087204249,nx-q6-nexmark-auto-213939,Executor0,Stage0-0-0,0,22193,22193,73422,0,0,1555,2945388
1784087204249,nx-q6-nexmark-auto-213939,Executor0,Stage0-1-0,0,27437,27437,96702,0,0,1419,3096700
1784087204249,nx-q6-nexmark-auto-213939,Executor0,Stage0-2-0,0,22641,22642,75957,0,0,1433,2962366
1784087204249,nx-q6-nexmark-auto-213939,Executor0,Stage0-3-0,0,24998,24998,82902,0,0,1272,2916479
1784087205110,nx-q6-nexmark-auto-213939,Executor3,Stage1-0-0,0,25023,24510,19051,2129,2685032,1102,1092578
1784087205110,nx-q6-nexmark-auto-213939,Executor3,Stage2-0-0,0,54856,755,498871,10240,3282431,148,17737
1784087205110,nx-q6-nexmark-auto-213939,Executor3,Stage3-0-0,0,2006,0,22456,863,90381,0,0
1784087205121,nx-q6-nexmark-auto-213939,Executor2,Stage1-1-0,0,25119,24599,28851,1783,2698101,1534,1958927
1784087205121,nx-q6-nexmark-auto-213939,Executor2,Stage2-1-0,0,14605,766,233439,8102,1047891,91,48153
1784087205121,nx-q6-nexmark-auto-213939,Executor2,Stage3-1-0,0,302,0,6786,248,13425,0,0
1784087205152,nx-q6-nexmark-auto-213939,Executor4,Stage1-3-0,0,25000,24517,28865,2115,2681483,4347,1970765
1784087205152,nx-q6-nexmark-auto-213939,Executor4,Stage2-3-0,0,15692,729,259454,10782,1155497,84,46189
1784087205152,nx-q6-nexmark-auto-213939,Executor4,Stage3-3-0,0,259,0,6508,324,11388,0,0
1784087205189,nx-q6-nexmark-auto-213939,Executor1,Stage1-2-0,0,24858,24374,49809,8141,2664240,2240,1938106
1784087205189,nx-q6-nexmark-auto-213939,Executor1,Stage2-2-0,0,14574,913,284871,12714,1046847,117,46388
1784087205189,nx-q6-nexmark-auto-213939,Executor1,Stage3-2-0,0,309,0,6598,271,14318,0,0
1784087205249,nx-q6-nexmark-auto-213939,Executor0,Stage0-0-0,0,24997,24997,87752,0,0,1670,2775936
1784087205249,nx-q6-nexmark-auto-213939,Executor0,Stage0-1-0,0,23799,23799,83931,0,0,1550,2560978
1784087205249,nx-q6-nexmark-auto-213939,Executor0,Stage0-2-0,0,25003,25003,85327,0,0,1790,2819823
1784087205249,nx-q6-nexmark-auto-213939,Executor0,Stage0-3-0,0,27300,27300,95690,0,0,1795,2734985
1784087206110,nx-q6-nexmark-auto-213939,Executor3,Stage1-0-0,0,25038,24526,16069,1775,2688536,1177,892611
1784087206110,nx-q6-nexmark-auto-213939,Executor3,Stage2-0-0,0,57661,819,469884,9366,3278589,89,16886
1784087206110,nx-q6-nexmark-auto-213939,Executor3,Stage3-0-0,0,2164,0,25455,1019,95167,0,0
1784087206121,nx-q6-nexmark-auto-213939,Executor2,Stage1-1-0,0,24919,24410,30225,2080,2670994,1549,2005413
1784087206121,nx-q6-nexmark-auto-213939,Executor2,Stage2-1-0,0,13421,805,222144,8321,1045232,127,52556
1784087206121,nx-q6-nexmark-auto-213939,Executor2,Stage3-1-0,0,317,0,6945,274,15691,0,0
1784087206152,nx-q6-nexmark-auto-213939,Executor4,Stage1-3-0,0,24954,24456,32056,2285,2685137,7104,2038293
1784087206152,nx-q6-nexmark-auto-213939,Executor4,Stage2-3-0,0,12772,1029,209629,8939,984472,378,52248
1784087206152,nx-q6-nexmark-auto-213939,Executor4,Stage3-3-0,0,351,0,7761,293,16444,0,0
1784087206189,nx-q6-nexmark-auto-213939,Executor1,Stage1-2-0,0,25089,24608,29871,1707,2686525,1681,2024591
1784087206189,nx-q6-nexmark-auto-213939,Executor1,Stage2-2-0,0,13608,773,221639,8418,1061473,122,52888
1784087206189,nx-q6-nexmark-auto-213939,Executor1,Stage3-2-0,0,333,0,8615,362,15512,0,0
1784087206249,nx-q6-nexmark-auto-213939,Executor0,Stage0-0-0,0,26001,26001,88343,0,0,1676,2899744
1784087206249,nx-q6-nexmark-auto-213939,Executor0,Stage0-1-0,0,25706,25706,88555,0,0,1607,2830729
1784087206249,nx-q6-nexmark-auto-213939,Executor0,Stage0-2-0,0,27115,27115,99355,0,0,1729,2899240
1784087206249,nx-q6-nexmark-auto-213939,Executor0,Stage0-3-0,0,22700,22700,79338,0,0,1819,2867159
1784087207110,nx-q6-nexmark-auto-213939,Executor3,Stage1-0-0,0,25165,24669,20543,2237,2703385,1474,1136912
1784087207110,nx-q6-nexmark-auto-213939,Executor3,Stage2-0-0,0,61559,672,512796,10788,3817442,75,10180
1784087207110,nx-q6-nexmark-auto-213939,Executor3,Stage3-0-0,0,2176,0,22899,796,99055,0,0
1784087207121,nx-q6-nexmark-auto-213939,Executor2,Stage1-1-0,0,24773,24303,30335,2036,2651822,1731,1916136
1784087207121,nx-q6-nexmark-auto-213939,Executor2,Stage2-1-0,0,12359,609,199583,7823,832133,112,39463
1784087207121,nx-q6-nexmark-auto-213939,Executor2,Stage3-1-0,0,255,0,5475,176,12504,0,0
1784087207152,nx-q6-nexmark-auto-213939,Executor4,Stage1-3-0,0,25236,24707,30140,2251,2707305,4203,1946672
1784087207152,nx-q6-nexmark-auto-213939,Executor4,Stage2-3-0,0,11293,406,212150,9101,732870,159,39783
1784087207152,nx-q6-nexmark-auto-213939,Executor4,Stage3-3-0,0,130,0,4750,219,5040,0,0
1784087207189,nx-q6-nexmark-auto-213939,Executor1,Stage1-2-0,0,24826,24321,29256,1947,2666593,1403,1923809
1784087207189,nx-q6-nexmark-auto-213939,Executor1,Stage2-2-0,0,12433,660,202107,7885,824828,74,43549
1784087207189,nx-q6-nexmark-auto-213939,Executor1,Stage3-2-0,0,182,0,4860,194,8258,0,0
1784087207249,nx-q6-nexmark-auto-213939,Executor0,Stage0-0-0,0,23999,23999,77385,0,0,1582,2963017
1784087207249,nx-q6-nexmark-auto-213939,Executor0,Stage0-1-0,0,25066,25066,87154,0,0,1553,2881846
1784087207249,nx-q6-nexmark-auto-213939,Executor0,Stage0-2-0,0,24143,24143,80956,0,0,1624,2918605
1784087207249,nx-q6-nexmark-auto-213939,Executor0,Stage0-3-0,0,25002,25002,86995,0,0,1622,2868450
1784087208110,nx-q6-nexmark-auto-213939,Executor3,Stage1-0-0,0,24984,24478,16460,1998,2679083,978,890306
1784087208110,nx-q6-nexmark-auto-213939,Executor3,Stage2-0-0,0,55206,795,469243,9208,3124624,88,16987
1784087208110,nx-q6-nexmark-auto-213939,Executor3,Stage3-0-0,0,2058,0,24201,900,90298,0,0
1784087208122,nx-q6-nexmark-auto-213939,Executor2,Stage1-1-0,0,25041,24555,29886,1776,2685490,2527,2030246
1784087208122,nx-q6-nexmark-auto-213939,Executor2,Stage2-1-0,0,13929,773,226353,8232,1085343,121,48479
1784087208122,nx-q6-nexmark-auto-213939,Executor2,Stage3-1-0,0,305,0,6914,259,13414,0,0
1784087208151,nx-q6-nexmark-auto-213939,Executor4,Stage1-3-0,0,24981,24483,29543,2593,2678846,5240,2031080
1784087208151,nx-q6-nexmark-auto-213939,Executor4,Stage2-3-0,0,14960,762,261789,11615,1167968,61,47778
1784087208151,nx-q6-nexmark-auto-213939,Executor4,Stage3-3-0,0,307,0,9190,391,13610,0,0
1784087208189,nx-q6-nexmark-auto-213939,Executor1,Stage1-2-0,0,24994,24484,30137,1838,2686447,1529,2033610
1784087208189,nx-q6-nexmark-auto-213939,Executor1,Stage2-2-0,0,13951,811,222315,8345,1104124,115,48475
1784087208189,nx-q6-nexmark-auto-213939,Executor1,Stage3-2-0,0,329,0,8429,371,14891,0,0
1784087208249,nx-q6-nexmark-auto-213939,Executor0,Stage0-0-0,0,27210,27210,94648,0,0,1379,2844068
1784087208249,nx-q6-nexmark-auto-213939,Executor0,Stage0-1-0,0,23936,23936,81061,0,0,1440,2864632
1784087208249,nx-q6-nexmark-auto-213939,Executor0,Stage0-2-0,0,25743,25743,83738,0,0,1679,2986445
1784087208249,nx-q6-nexmark-auto-213939,Executor0,Stage0-3-0,0,27288,27288,94869,0,0,1573,2898573
1784087209110,nx-q6-nexmark-auto-213939,Executor3,Stage1-0-0,0,24985,24463,14397,1166,2695316,1541,950701
1784087209110,nx-q6-nexmark-auto-213939,Executor3,Stage2-0-0,0,64263,716,545948,10996,3840964,41,11187
1784087209110,nx-q6-nexmark-auto-213939,Executor3,Stage3-0-0,0,2189,0,23043,895,97900,0,0
1784087209121,nx-q6-nexmark-auto-213939,Executor2,Stage1-1-0,0,25073,24574,35101,6279,2682984,2444,1999160
1784087209121,nx-q6-nexmark-auto-213939,Executor2,Stage2-1-0,0,11221,722,201253,8004,811085,120,47401
1784087209121,nx-q6-nexmark-auto-213939,Executor2,Stage3-1-0,0,214,0,4937,155,10104,0,0
1784087209152,nx-q6-nexmark-auto-213939,Executor4,Stage1-3-0,0,25050,24561,37696,9775,2693464,3239,2013327
1784087209152,nx-q6-nexmark-auto-213939,Executor4,Stage2-3-0,0,11831,884,196620,8039,879416,50,46383
1784087209152,nx-q6-nexmark-auto-213939,Executor4,Stage3-3-0,0,268,0,6583,224,12871,0,0
1784087209189,nx-q6-nexmark-auto-213939,Executor1,Stage1-2-0,0,24892,24402,32689,4675,2658922,2179,1998474
1784087209189,nx-q6-nexmark-auto-213939,Executor1,Stage2-2-0,0,11623,620,203421,8323,855063,164,45457
1784087209189,nx-q6-nexmark-auto-213939,Executor1,Stage3-2-0,0,217,0,6115,244,9899,0,0
1784087209249,nx-q6-nexmark-auto-213939,Executor0,Stage0-0-0,0,22790,22790,76743,0,0,1736,2874846
1784087209249,nx-q6-nexmark-auto-213939,Executor0,Stage0-1-0,0,23873,23873,87848,0,0,1626,2855443
1784087209249,nx-q6-nexmark-auto-213939,Executor0,Stage0-2-0,0,24197,24197,76874,0,0,1611,2856560
1784087209249,nx-q6-nexmark-auto-213939,Executor0,Stage0-3-0,0,22712,22712,81599,0,0,1754,2860484
1784087210110,nx-q6-nexmark-auto-213939,Executor3,Stage1-0-0,0,25063,24574,18060,1641,2691440,1432,1056085
1784087210110,nx-q6-nexmark-auto-213939,Executor3,Stage2-0-0,0,60271,647,483503,9661,3655114,81,9751
1784087210110,nx-q6-nexmark-auto-213939,Executor3,Stage3-0-0,0,2105,0,23086,764,95785,0,0
1784087210121,nx-q6-nexmark-auto-213939,Executor2,Stage1-1-0,0,24844,24339,29972,2246,2670934,2523,1960447
1784087210121,nx-q6-nexmark-auto-213939,Executor2,Stage2-1-0,0,12810,635,207789,8173,908711,125,41826
1784087210121,nx-q6-nexmark-auto-213939,Executor2,Stage3-1-0,0,171,0,4100,142,7944,0,0
1784087210152,nx-q6-nexmark-auto-213939,Executor4,Stage1-3-0,0,25132,24613,30232,2584,2693898,3243,1971284
1784087210152,nx-q6-nexmark-auto-213939,Executor4,Stage2-3-0,0,12743,494,210311,8660,891326,229,42188
1784087210152,nx-q6-nexmark-auto-213939,Executor4,Stage3-3-0,0,166,0,4697,218,6171,0,0
1784087210189,nx-q6-nexmark-auto-213939,Executor1,Stage1-2-0,0,24961,24474,28560,1627,2671872,1602,1958708
1784087210189,nx-q6-nexmark-auto-213939,Executor1,Stage2-2-0,0,12248,653,201171,8117,855308,113,40329
1784087210189,nx-q6-nexmark-auto-213939,Executor1,Stage3-2-0,0,200,0,5422,226,8824,0,0
1784087210249,nx-q6-nexmark-auto-213939,Executor0,Stage0-0-0,0,28003,28003,96754,0,0,1577,2939304
1784087210249,nx-q6-nexmark-auto-213939,Executor0,Stage0-1-0,0,26154,26154,91269,0,0,1861,2889104
1784087210249,nx-q6-nexmark-auto-213939,Executor0,Stage0-2-0,0,26126,26126,90868,0,0,1866,2909293
1784087210249,nx-q6-nexmark-auto-213939,Executor0,Stage0-3-0,0,24998,24998,90389,0,0,1897,2800951
1784087211110,nx-q6-nexmark-auto-213939,Executor3,Stage1-0-0,0,25060,24551,17246,2035,2696502,2462,939196
1784087211110,nx-q6-nexmark-auto-213939,Executor3,Stage2-0-0,0,57558,784,541665,15461,3317488,184,18201
1784087211110,nx-q6-nexmark-auto-213939,Executor3,Stage3-0-0,0,2059,0,28891,1503,92338,0,0
1784087211121,nx-q6-nexmark-auto-213939,Executor2,Stage1-1-0,0,24753,24260,30945,2397,2648439,2587,1991910
1784087211121,nx-q6-nexmark-auto-213939,Executor2,Stage2-1-0,0,13099,799,219067,8498,995873,92,50356
1784087211121,nx-q6-nexmark-auto-213939,Executor2,Stage3-1-0,0,253,0,5622,189,10299,0,0
1784087211152,nx-q6-nexmark-auto-213939,Executor4,Stage1-3-0,0,25236,24709,29885,2489,2710756,2612,2017184
1784087211152,nx-q6-nexmark-auto-213939,Executor4,Stage2-3-0,0,12984,829,209918,8411,978519,74,47418
1784087211152,nx-q6-nexmark-auto-213939,Executor4,Stage3-3-0,0,418,0,10038,419,20920,0,0
1784087211189,nx-q6-nexmark-auto-213939,Executor1,Stage1-2-0,0,24951,24480,30622,1948,2674056,2396,2010771
1784087211189,nx-q6-nexmark-auto-213939,Executor1,Stage2-2-0,0,13562,759,218685,8292,1030887,165,46824
1784087211189,nx-q6-nexmark-auto-213939,Executor1,Stage3-2-0,0,325,0,8417,353,15483,0,0
1784087211249,nx-q6-nexmark-auto-213939,Executor0,Stage0-0-0,0,21997,21997,76401,0,0,1683,2877666
1784087211249,nx-q6-nexmark-auto-213939,Executor0,Stage0-1-0,0,23846,23846,81036,0,0,1383,2845610
1784087211249,nx-q6-nexmark-auto-213939,Executor0,Stage0-2-0,0,22676,22676,83385,0,0,1583,2830927
1784087211249,nx-q6-nexmark-auto-213939,Executor0,Stage0-3-0,0,27506,27506,108475,0,0,1404,2865613
1784087212110,nx-q6-nexmark-auto-213939,Executor3,Stage1-0-0,0,24817,24295,16553,1507,2670805,1583,1010620
1784087212110,nx-q6-nexmark-auto-213939,Executor3,Stage2-0-0,0,61031,631,539910,11384,3686869,70,11721
1784087212110,nx-q6-nexmark-auto-213939,Executor3,Stage3-0-0,0,1945,0,21729,732,88902,0,0
1784087212121,nx-q6-nexmark-auto-213939,Executor2,Stage1-1-0,0,24898,24435,30548,2097,2671731,2427,1974045
1784087212121,nx-q6-nexmark-auto-213939,Executor2,Stage2-1-0,0,12178,624,204264,7929,871923,95,40344
1784087212121,nx-q6-nexmark-auto-213939,Executor2,Stage3-1-0,0,231,0,5496,193,10874,0,0
1784087212152,nx-q6-nexmark-auto-213939,Executor4,Stage1-3-0,0,25047,24533,30641,2653,2690169,3486,1986295
1784087212152,nx-q6-nexmark-auto-213939,Executor4,Stage2-3-0,0,12777,524,209502,8424,913667,185,38635
1784087212152,nx-q6-nexmark-auto-213939,Executor4,Stage3-3-0,0,177,0,5349,226,7293,0,0
1784087212189,nx-q6-nexmark-auto-213939,Executor1,Stage1-2-0,0,25238,24737,74065,22742,2695859,1571,1993309
1784087212189,nx-q6-nexmark-auto-213939,Executor1,Stage2-2-0,0,11693,636,218402,9778,815787,83,37474
1784087212189,nx-q6-nexmark-auto-213939,Executor1,Stage3-2-0,0,220,0,6478,251,9750,0,0
1784087212249,nx-q6-nexmark-auto-213939,Executor0,Stage0-0-0,0,25003,25003,84601,0,0,1796,2829808
1784087212249,nx-q6-nexmark-auto-213939,Executor0,Stage0-1-0,0,28002,28002,90553,0,0,1717,2801790
1784087212249,nx-q6-nexmark-auto-213939,Executor0,Stage0-2-0,0,25862,25862,92514,0,0,1862,2870930
1784087212249,nx-q6-nexmark-auto-213939,Executor0,Stage0-3-0,0,22494,22494,79769,0,0,1657,2815960
1784087213110,nx-q6-nexmark-auto-213939,Executor3,Stage1-0-0,0,24851,24360,18240,1690,2660576,1988,1072882
1784087213110,nx-q6-nexmark-auto-213939,Executor3,Stage2-0-0,0,57508,759,543061,15202,3494201,138,16306
1784087213110,nx-q6-nexmark-auto-213939,Executor3,Stage3-0-0,0,1882,0,22404,1100,81316,0,0
1784087213121,nx-q6-nexmark-auto-213939,Executor2,Stage1-1-0,0,25331,24833,30690,30167,2715868,1813,1967948
1784087213121,nx-q6-nexmark-auto-213939,Executor2,Stage2-1-0,0,13717,699,237195,8513,946179,180,44131
1784087213121,nx-q6-nexmark-auto-213939,Executor2,Stage3-1-0,0,256,0,5927,194,11260,0,0
1784087213152,nx-q6-nexmark-auto-213939,Executor4,Stage1-3-0,0,25180,24648,29571,2527,2719307,3018,1965558
1784087213152,nx-q6-nexmark-auto-213939,Executor4,Stage2-3-0,0,13607,710,221763,8295,942400,110,45227
1784087213152,nx-q6-nexmark-auto-213939,Executor4,Stage3-3-0,0,272,0,7073,313,12450,0,0
1784087213189,nx-q6-nexmark-auto-213939,Executor1,Stage1-2-0,0,24638,24159,29575,2134,2633984,1467,1913592
1784087213189,nx-q6-nexmark-auto-213939,Executor1,Stage2-2-0,0,14801,738,268071,8845,1057225,112,45574
1784087213189,nx-q6-nexmark-auto-213939,Executor1,Stage3-2-0,0,336,0,8382,363,14531,0,0
1784087213249,nx-q6-nexmark-auto-213939,Executor0,Stage0-0-0,0,24997,24997,72017,0,0,1487,2900902
1784087213249,nx-q6-nexmark-auto-213939,Executor0,Stage0-1-0,0,21998,21998,76534,0,0,1562,2874016
1784087213249,nx-q6-nexmark-auto-213939,Executor0,Stage0-2-0,0,24138,24138,73110,0,0,1635,2988532
1784087213249,nx-q6-nexmark-auto-213939,Executor0,Stage0-3-0,0,25932,25932,88921,0,0,1494,2931824
1784087214110,nx-q6-nexmark-auto-213939,Executor3,Stage1-0-0,0,24729,24241,11281,863,2656634,1384,814491
1784087214110,nx-q6-nexmark-auto-213939,Executor3,Stage2-0-0,0,57193,833,451250,9165,3205882,138,14791
1784087214110,nx-q6-nexmark-auto-213939,Executor3,Stage3-0-0,0,2238,0,26354,1082,96902,0,0
1784087214121,nx-q6-nexmark-auto-213939,Executor2,Stage1-1-0,0,25044,24539,28822,1083,2683942,2563,2051480
1784087214121,nx-q6-nexmark-auto-213939,Executor2,Stage2-1-0,0,13538,836,223101,8801,1084178,143,54345
1784087214121,nx-q6-nexmark-auto-213939,Executor2,Stage3-1-0,0,293,0,6316,253,13887,0,0
1784087214152,nx-q6-nexmark-auto-213939,Executor4,Stage1-3-0,0,25205,24704,29098,2247,2694576,3336,2060497
1784087214152,nx-q6-nexmark-auto-213939,Executor4,Stage2-3-0,0,12482,1183,233088,8332,988092,71,54147
1784087214152,nx-q6-nexmark-auto-213939,Executor4,Stage3-3-0,0,348,0,8300,322,16954,0,0
1784087214189,nx-q6-nexmark-auto-213939,Executor1,Stage1-2-0,0,25022,24516,26022,824,2693117,1244,2062332
1784087214189,nx-q6-nexmark-auto-213939,Executor1,Stage2-2-0,0,12377,769,207156,8240,997942,128,50038
1784087214189,nx-q6-nexmark-auto-213939,Executor1,Stage3-2-0,0,322,0,10892,481,14803,0,0
1784087214249,nx-q6-nexmark-auto-213939,Executor0,Stage0-0-0,0,27278,27278,85918,0,0,1908,2914216
1784087214249,nx-q6-nexmark-auto-213939,Executor0,Stage0-1-0,0,27120,27120,96508,0,0,1623,2806580
1784087214249,nx-q6-nexmark-auto-213939,Executor0,Stage0-2-0,0,27172,27172,95997,0,0,1939,2866267
1784087214249,nx-q6-nexmark-auto-213939,Executor0,Stage0-3-0,0,24068,24068,83277,0,0,1750,2854634
1784087215110,nx-q6-nexmark-auto-213939,Executor3,Stage1-0-0,0,24812,24292,18707,1927,2657575,1162,1012579
1784087215110,nx-q6-nexmark-auto-213939,Executor3,Stage2-0-0,0,65773,670,548214,11091,4046139,40,9177
1784087215110,nx-q6-nexmark-auto-213939,Executor3,Stage3-0-0,0,2218,0,24716,896,100663,0,0
1784087215121,nx-q6-nexmark-auto-213939,Executor2,Stage1-1-0,0,25192,24681,31862,2013,2700338,2221,1986284
1784087215121,nx-q6-nexmark-auto-213939,Executor2,Stage2-1-0,0,11067,630,185123,8013,765163,113,41296
1784087215121,nx-q6-nexmark-auto-213939,Executor2,Stage3-1-0,0,222,0,5050,187,10905,0,0
1784087215152,nx-q6-nexmark-auto-213939,Executor4,Stage1-3-0,0,24973,24487,29966,2587,2685490,2325,1983148
1784087215152,nx-q6-nexmark-auto-213939,Executor4,Stage2-3-0,0,11997,294,198916,8710,853148,91,42690
1784087215152,nx-q6-nexmark-auto-213939,Executor4,Stage3-3-0,0,112,0,3657,167,4938,0,0
1784087215189,nx-q6-nexmark-auto-213939,Executor1,Stage1-2-0,0,25023,24540,28304,1916,2687564,1388,1980960
1784087215189,nx-q6-nexmark-auto-213939,Executor1,Stage2-2-0,0,11749,606,191598,8449,805884,108,42523
1784087215189,nx-q6-nexmark-auto-213939,Executor1,Stage3-2-0,0,159,0,4439,202,6808,0,0
1784087215249,nx-q6-nexmark-auto-213939,Executor0,Stage0-0-0,0,22722,22722,76883,0,0,1724,2977184
1784087215249,nx-q6-nexmark-auto-213939,Executor0,Stage0-1-0,0,23835,23835,65713,0,0,1613,2993773
1784087215249,nx-q6-nexmark-auto-213939,Executor0,Stage0-2-0,0,22828,22828,78769,0,0,1774,3047296
1784087215249,nx-q6-nexmark-auto-213939,Executor0,Stage0-3-0,0,27599,27599,92756,0,0,1691,2980595
1784087216110,nx-q6-nexmark-auto-213939,Executor3,Stage1-0-0,0,25124,24633,18369,2079,2702891,1413,1002988
1784087216110,nx-q6-nexmark-auto-213939,Executor3,Stage2-0-0,0,58193,647,487448,10050,3438879,115,14638
1784087216110,nx-q6-nexmark-auto-213939,Executor3,Stage3-0-0,0,1923,0,22407,856,89249,0,0
1784087216121,nx-q6-nexmark-auto-213939,Executor2,Stage1-1-0,0,25249,24729,30507,2053,2711611,2073,1994926
1784087216121,nx-q6-nexmark-auto-213939,Executor2,Stage2-1-0,0,13200,658,217070,8319,961215,87,40394
1784087216121,nx-q6-nexmark-auto-213939,Executor2,Stage3-1-0,0,294,0,6354,249,12740,0,0
1784087216152,nx-q6-nexmark-auto-213939,Executor4,Stage1-3-0,0,24911,24402,28726,2139,2669976,2741,1965519
1784087216152,nx-q6-nexmark-auto-213939,Executor4,Stage2-3-0,0,13232,658,214923,8514,962694,109,41545
1784087216152,nx-q6-nexmark-auto-213939,Executor4,Stage3-3-0,0,285,0,6617,272,13199,0,0
1784087216189,nx-q6-nexmark-auto-213939,Executor1,Stage1-2-0,0,24716,24236,28863,1718,2643660,1630,1957807
1784087216189,nx-q6-nexmark-auto-213939,Executor1,Stage2-2-0,0,13123,736,211138,8279,958588,202,42096
1784087216189,nx-q6-nexmark-auto-213939,Executor1,Stage3-2-0,0,249,0,6524,265,11398,0,0
1784087216249,nx-q6-nexmark-auto-213939,Executor0,Stage0-0-0,0,25003,25003,78130,0,0,1724,2758525
1784087216249,nx-q6-nexmark-auto-213939,Executor0,Stage0-1-0,0,24047,24047,88858,0,0,1748,2676139
1784087216249,nx-q6-nexmark-auto-213939,Executor0,Stage0-2-0,0,24997,24997,89278,0,0,1760,2706682
1784087216249,nx-q6-nexmark-auto-213939,Executor0,Stage0-3-0,0,24933,24933,83742,0,0,2040,2730047
1784087217110,nx-q6-nexmark-auto-213939,Executor3,Stage1-0-0,0,25347,24832,17023,1913,2716763,1259,943085
1784087217110,nx-q6-nexmark-auto-213939,Executor3,Stage2-0-0,0,59657,756,490101,9344,3474303,71,13934
1784087217110,nx-q6-nexmark-auto-213939,Executor3,Stage3-0-0,0,2006,0,24132,925,86804,0,0
1784087217122,nx-q6-nexmark-auto-213939,Executor2,Stage1-1-0,0,24884,24383,30196,2102,2672309,2632,2004465
1784087217122,nx-q6-nexmark-auto-213939,Executor2,Stage2-1-0,0,12802,726,208790,8348,966059,142,46607
1784087217122,nx-q6-nexmark-auto-213939,Executor2,Stage3-1-0,0,304,0,6729,240,14714,0,0
1784087217152,nx-q6-nexmark-auto-213939,Executor4,Stage1-3-0,0,24897,24384,29482,2103,2676767,3728,2007419
1784087217152,nx-q6-nexmark-auto-213939,Executor4,Stage2-3-0,0,12074,813,196070,8132,899331,161,45997
1784087217152,nx-q6-nexmark-auto-213939,Executor4,Stage3-3-0,0,271,0,6850,280,12197,0,0
1784087217189,nx-q6-nexmark-auto-213939,Executor1,Stage1-2-0,0,24872,24401,29812,1779,2664700,2125,2009841
1784087217189,nx-q6-nexmark-auto-213939,Executor1,Stage2-2-0,0,12340,684,202538,8049,930058,105,46185
1784087217189,nx-q6-nexmark-auto-213939,Executor1,Stage3-2-0,0,228,0,6282,266,10157,0,0
1784087217249,nx-q6-nexmark-auto-213939,Executor0,Stage0-0-0,0,27997,27997,95797,0,0,1557,2922034
1784087217249,nx-q6-nexmark-auto-213939,Executor0,Stage0-1-0,0,27998,27998,94077,0,0,1501,2893742
1784087217249,nx-q6-nexmark-auto-213939,Executor0,Stage0-2-0,0,28003,28003,98196,0,0,1591,2966503
1784087217249,nx-q6-nexmark-auto-213939,Executor0,Stage0-3-0,0,22470,22470,76983,0,0,1539,2862041
1784087218110,nx-q6-nexmark-auto-213939,Executor3,Stage1-0-0,0,24883,24414,20489,1910,2671847,1804,1145729
1784087218110,nx-q6-nexmark-auto-213939,Executor3,Stage2-0-0,0,60596,672,510901,10944,3778258,66,10673
1784087218110,nx-q6-nexmark-auto-213939,Executor3,Stage3-0-0,0,2080,0,24069,849,93716,0,0
1784087218122,nx-q6-nexmark-auto-213939,Executor2,Stage1-1-0,0,24935,24410,30587,2245,2672417,1454,1902830
1784087218122,nx-q6-nexmark-auto-213939,Executor2,Stage2-1-0,0,12425,670,203975,7815,817327,97,43865
1784087218122,nx-q6-nexmark-auto-213939,Executor2,Stage3-1-0,0,221,0,5064,149,10534,0,0
1784087218152,nx-q6-nexmark-auto-213939,Executor4,Stage1-3-0,0,24983,24475,45577,11310,2681821,1664,1906560
1784087218152,nx-q6-nexmark-auto-213939,Executor4,Stage2-3-0,0,13090,603,252389,11975,883520,122,44229
1784087218152,nx-q6-nexmark-auto-213939,Executor4,Stage3-3-0,0,163,0,4831,215,6235,0,0
1784087218189,nx-q6-nexmark-auto-213939,Executor1,Stage1-2-0,0,25199,24701,28095,1698,2703919,1404,1939034
1784087218189,nx-q6-nexmark-auto-213939,Executor1,Stage2-2-0,0,13195,478,219871,8549,866134,107,44099
1784087218189,nx-q6-nexmark-auto-213939,Executor1,Stage3-2-0,0,216,0,5715,245,9671,0,0
1784087218249,nx-q6-nexmark-auto-213939,Executor0,Stage0-0-0,0,22003,22003,85126,0,0,1969,3004929
1784087218249,nx-q6-nexmark-auto-213939,Executor0,Stage0-1-0,0,23728,23728,85011,0,0,1807,2899765
1784087218249,nx-q6-nexmark-auto-213939,Executor0,Stage0-2-0,0,23097,23097,91401,0,0,1845,2962193
1784087218249,nx-q6-nexmark-auto-213939,Executor0,Stage0-3-0,0,25970,25970,90174,0,0,1453,2900317
1784087219110,nx-q6-nexmark-auto-213939,Executor3,Stage1-0-0,0,25169,24684,17873,2448,2699360,1150,960645
1784087219110,nx-q6-nexmark-auto-213939,Executor3,Stage2-0-0,0,53529,760,462061,59497,3045811,107,15802
1784087219110,nx-q6-nexmark-auto-213939,Executor3,Stage3-0-0,0,2103,0,24587,995,94163,0,0
1784087219121,nx-q6-nexmark-auto-213939,Executor2,Stage1-1-0,0,24882,24373,30470,1864,2660617,1757,1988333
1784087219121,nx-q6-nexmark-auto-213939,Executor2,Stage2-1-0,0,14861,733,251110,9905,1125583,121,46548
1784087219121,nx-q6-nexmark-auto-213939,Executor2,Stage3-1-0,0,257,0,5643,216,11260,0,0
1784087219152,nx-q6-nexmark-auto-213939,Executor4,Stage1-3-0,0,25048,24536,28359,1898,2682930,2297,1983985
1784087219152,nx-q6-nexmark-auto-213939,Executor4,Stage2-3-0,0,14531,719,242322,9676,1088510,225,44837
1784087219152,nx-q6-nexmark-auto-213939,Executor4,Stage3-3-0,0,364,0,10535,456,17089,0,0
1784087219189,nx-q6-nexmark-auto-213939,Executor1,Stage1-2-0,0,24901,24407,27673,1400,2686260,1743,2005694
1784087219189,nx-q6-nexmark-auto-213939,Executor1,Stage2-2-0,0,14044,1012,236318,8873,1061140,173,45747
1784087219189,nx-q6-nexmark-auto-213939,Executor1,Stage3-2-0,0,269,0,8018,324,12532,0,0
1784087219249,nx-q6-nexmark-auto-213939,Executor0,Stage0-0-0,0,27997,27997,86286,0,0,1531,2906677
1784087219249,nx-q6-nexmark-auto-213939,Executor0,Stage0-1-0,0,24193,24193,83844,0,0,1733,2889400
1784087219249,nx-q6-nexmark-auto-213939,Executor0,Stage0-2-0,0,23903,23903,80316,0,0,1772,2895979
1784087219249,nx-q6-nexmark-auto-213939,Executor0,Stage0-3-0,0,26405,26405,88787,0,0,1719,2866773
1784087220110,nx-q6-nexmark-auto-213939,Executor3,Stage1-0-0,0,24856,24360,16896,2391,2677370,1182,910046
1784087220110,nx-q6-nexmark-auto-213939,Executor3,Stage2-0-0,0,61621,831,512694,10532,3609014,38,14961
1784087220110,nx-q6-nexmark-auto-213939,Executor3,Stage3-0-0,0,2208,0,25316,971,95293,0,0
1784087220121,nx-q6-nexmark-auto-213939,Executor2,Stage1-1-0,0,25262,24734,30113,1997,2712596,1667,2031207
1784087220121,nx-q6-nexmark-auto-213939,Executor2,Stage2-1-0,0,12222,777,204283,8347,928626,95,49497
1784087220121,nx-q6-nexmark-auto-213939,Executor2,Stage3-1-0,0,246,0,5809,196,10629,0,0
1784087220152,nx-q6-nexmark-auto-213939,Executor4,Stage1-3-0,0,24920,24445,33575,4360,2665011,4134,2007433
1784087220152,nx-q6-nexmark-auto-213939,Executor4,Stage2-3-0,0,11324,828,217792,9657,857811,353,52565
1784087220152,nx-q6-nexmark-auto-213939,Executor4,Stage3-3-0,0,217,0,6191,257,8421,0,0
1784087220189,nx-q6-nexmark-auto-213939,Executor1,Stage1-2-0,0,24962,24461,28768,1910,2674438,1473,2019657
1784087220189,nx-q6-nexmark-auto-213939,Executor1,Stage2-2-0,0,12207,675,203434,8261,930186,151,49313
1784087220189,nx-q6-nexmark-auto-213939,Executor1,Stage3-2-0,0,308,0,8304,341,14221,0,0
1784087220249,nx-q6-nexmark-auto-213939,Executor0,Stage0-0-0,0,22003,22003,68204,0,0,1559,2862055
1784087220249,nx-q6-nexmark-auto-213939,Executor0,Stage0-1-0,0,24081,24081,82727,0,0,1546,2873622
1784087220249,nx-q6-nexmark-auto-213939,Executor0,Stage0-2-0,0,27191,27191,98966,0,0,1791,2917786
1784087220249,nx-q6-nexmark-auto-213939,Executor0,Stage0-3-0,0,22623,22623,73834,0,0,1552,2904993
1784087221110,nx-q6-nexmark-auto-213939,Executor3,Stage1-0-0,0,24938,24450,18811,1972,2669529,1523,1064407
1784087221110,nx-q6-nexmark-auto-213939,Executor3,Stage2-0-0,0,60998,705,507430,10229,3739999,36,12484
1784087221110,nx-q6-nexmark-auto-213939,Executor3,Stage3-0-0,0,2199,0,31739,1467,100286,0,0
1784087221122,nx-q6-nexmark-auto-213939,Executor2,Stage1-1-0,0,25140,24657,30985,2213,2697284,1847,1970292
1784087221122,nx-q6-nexmark-auto-213939,Executor2,Stage2-1-0,0,11968,616,197274,7903,817541,150,40206
1784087221122,nx-q6-nexmark-auto-213939,Executor2,Stage3-1-0,0,214,0,5123,166,10270,0,0
1784087221152,nx-q6-nexmark-auto-213939,Executor4,Stage1-3-0,0,25008,24517,29329,2087,2681317,5342,1937326
1784087221152,nx-q6-nexmark-auto-213939,Executor4,Stage2-3-0,0,12400,640,211701,8649,846725,169,41549
1784087221152,nx-q6-nexmark-auto-213939,Executor4,Stage3-3-0,0,213,0,5335,206,9875,0,0
1784087221189,nx-q6-nexmark-auto-213939,Executor1,Stage1-2-0,0,24914,24376,28137,1849,2682944,1421,1959438
1784087221189,nx-q6-nexmark-auto-213939,Executor1,Stage2-2-0,0,12246,656,200704,8108,835107,83,39959
1784087221189,nx-q6-nexmark-auto-213939,Executor1,Stage3-2-0,0,228,0,6126,260,10641,0,0
1784087221249,nx-q6-nexmark-auto-213939,Executor0,Stage0-0-0,0,27267,27267,92152,0,0,2251,2961787
1784087221249,nx-q6-nexmark-auto-213939,Executor0,Stage0-1-0,0,27998,27998,97250,0,0,2101,2902975
1784087221249,nx-q6-nexmark-auto-213939,Executor0,Stage0-2-0,0,22809,22809,79535,0,0,2360,2901844
1784087221249,nx-q6-nexmark-auto-213939,Executor0,Stage0-3-0,0,25002,25002,85397,0,0,1958,2854969
1784087222110,nx-q6-nexmark-auto-213939,Executor3,Stage1-0-0,0,24665,24146,14669,1727,2645210,1209,876319
1784087222110,nx-q6-nexmark-auto-213939,Executor3,Stage2-0-0,0,57215,755,512426,9371,3278749,76,14040
1784087222110,nx-q6-nexmark-auto-213939,Executor3,Stage3-0-0,0,2011,0,32801,1474,87423,0,0
1784087222121,nx-q6-nexmark-auto-213939,Executor2,Stage1-1-0,0,25268,24753,30775,2276,2716062,1778,2047380
1784087222121,nx-q6-nexmark-auto-213939,Executor2,Stage2-1-0,0,13526,695,223409,8558,1050141,125,43758
1784087222121,nx-q6-nexmark-auto-213939,Executor2,Stage3-1-0,0,255,0,5845,225,11026,0,0
1784087222151,nx-q6-nexmark-auto-213939,Executor4,Stage1-3-0,0,24931,24442,28169,2252,2677003,4217,2023838
1784087222151,nx-q6-nexmark-auto-213939,Executor4,Stage2-3-0,0,13171,915,213379,8227,1028788,58,45329
1784087222151,nx-q6-nexmark-auto-213939,Executor4,Stage3-3-0,0,306,0,7599,299,14297,0,0
1784087222189,nx-q6-nexmark-auto-213939,Executor1,Stage1-2-0,0,25136,24659,28419,1860,2692536,1570,2037689
1784087222189,nx-q6-nexmark-auto-213939,Executor1,Stage2-2-0,0,12465,773,208180,8500,956228,53,45948
1784087222189,nx-q6-nexmark-auto-213939,Executor1,Stage3-2-0,0,273,0,7510,337,12226,0,0
1784087222249,nx-q6-nexmark-auto-213939,Executor0,Stage0-0-0,0,25044,25044,89926,0,0,1634,2840520
1784087222249,nx-q6-nexmark-auto-213939,Executor0,Stage0-1-0,0,23011,23011,72400,0,0,1704,2953363
1784087222249,nx-q6-nexmark-auto-213939,Executor0,Stage0-2-0,0,25834,25834,89686,0,0,1841,2907588
1784087222249,nx-q6-nexmark-auto-213939,Executor0,Stage0-3-0,0,26020,26020,83927,0,0,1902,3064503
1784087223110,nx-q6-nexmark-auto-213939,Executor3,Stage1-0-0,0,24689,24219,16975,1667,2636974,1286,986217
1784087223110,nx-q6-nexmark-auto-213939,Executor3,Stage2-0-0,0,64294,729,516826,13101,3923114,73,12209
1784087223110,nx-q6-nexmark-auto-213939,Executor3,Stage3-0-0,0,2097,0,29740,1414,92769,0,0
1784087223121,nx-q6-nexmark-auto-213939,Executor2,Stage1-1-0,0,25039,24527,30857,2009,2693133,2058,1989459
1784087223121,nx-q6-nexmark-auto-213939,Executor2,Stage2-1-0,0,11000,687,194616,8859,764560,81,44519
1784087223121,nx-q6-nexmark-auto-213939,Executor2,Stage3-1-0,0,231,0,6530,197,10587,0,0
1784087223152,nx-q6-nexmark-auto-213939,Executor4,Stage1-3-0,0,25380,24869,27553,1843,2718806,3721,2003959
1784087223152,nx-q6-nexmark-auto-213939,Executor4,Stage2-3-0,0,10854,518,214540,7875,754094,67,45887
1784087223152,nx-q6-nexmark-auto-213939,Executor4,Stage3-3-0,0,176,0,5118,220,6820,0,0
1784087223189,nx-q6-nexmark-auto-213939,Executor1,Stage1-2-0,0,24892,24385,33576,1930,2679434,1490,1965459
1784087223189,nx-q6-nexmark-auto-213939,Executor1,Stage2-2-0,0,12356,636,243731,8691,889257,128,48022
1784087223189,nx-q6-nexmark-auto-213939,Executor1,Stage3-2-0,0,241,0,6021,241,11210,0,0
1784087223249,nx-q6-nexmark-auto-213939,Executor0,Stage0-0-0,0,22686,22686,71819,0,0,9775,3004660
1784087223249,nx-q6-nexmark-auto-213939,Executor0,Stage0-1-0,0,26190,26190,93889,0,0,8344,2878578
1784087223249,nx-q6-nexmark-auto-213939,Executor0,Stage0-2-0,0,26872,26872,106033,0,0,9097,3298842
1784087223249,nx-q6-nexmark-auto-213939,Executor0,Stage0-3-0,0,26770,26770,103734,0,0,8112,3109995
1784087224110,nx-q6-nexmark-auto-213939,Executor3,Stage1-0-0,0,25251,24719,20529,1721,2712819,1098,1215809
1784087224110,nx-q6-nexmark-auto-213939,Executor3,Stage2-0-0,0,57275,664,479355,8897,3565250,85,10725
1784087224110,nx-q6-nexmark-auto-213939,Executor3,Stage3-0-0,0,2065,0,21336,771,93377,0,0
1784087224121,nx-q6-nexmark-auto-213939,Executor2,Stage1-1-0,0,24915,24451,85916,29071,2675268,1571,1907115
1784087224121,nx-q6-nexmark-auto-213939,Executor2,Stage2-1-0,0,14280,626,242686,8662,968147,74,39487
1784087224121,nx-q6-nexmark-auto-213939,Executor2,Stage3-1-0,0,240,0,6226,192,10597,0,0
1784087224151,nx-q6-nexmark-auto-213939,Executor4,Stage1-3-0,0,25008,24520,28785,1953,2676347,1352,1921760
1784087224151,nx-q6-nexmark-auto-213939,Executor4,Stage2-3-0,0,15901,608,245018,10111,1117300,99,39563
1784087224151,nx-q6-nexmark-auto-213939,Executor4,Stage3-3-0,0,201,0,3951,157,9491,0,0
1784087224189,nx-q6-nexmark-auto-213939,Executor1,Stage1-2-0,0,24826,24310,72515,27458,2665048,1285,1894238
1784087224189,nx-q6-nexmark-auto-213939,Executor1,Stage2-2-0,0,14451,312,264454,11475,974790,94,40010
1784087224189,nx-q6-nexmark-auto-213939,Executor1,Stage3-2-0,0,138,0,4569,202,5746,0,0
1784087224249,nx-q6-nexmark-auto-213939,Executor0,Stage0-0-0,0,27205,27205,81583,0,0,1523,3149601
1784087224249,nx-q6-nexmark-auto-213939,Executor0,Stage0-1-0,0,22801,22801,77409,0,0,1505,2851551
1784087224249,nx-q6-nexmark-auto-213939,Executor0,Stage0-2-0,0,22291,22291,76432,0,0,1226,2634584
1784087224249,nx-q6-nexmark-auto-213939,Executor0,Stage0-3-0,0,23611,23611,76970,0,0,1352,2766074
1784087225110,nx-q6-nexmark-auto-213939,Executor3,Stage1-0-0,0,25057,24524,15424,1699,2689890,856,904335
1784087225110,nx-q6-nexmark-auto-213939,Executor3,Stage2-0-0,0,52652,876,479035,11087,2932870,118,18122
1784087225110,nx-q6-nexmark-auto-213939,Executor3,Stage3-0-0,0,2124,0,27402,1341,90347,0,0
1784087225121,nx-q6-nexmark-auto-213939,Executor2,Stage1-1-0,0,25076,24615,29552,2016,2690135,2304,2034594
1784087225121,nx-q6-nexmark-auto-213939,Executor2,Stage2-1-0,0,14276,845,254257,10177,1091756,123,53076
1784087225121,nx-q6-nexmark-auto-213939,Executor2,Stage3-1-0,0,323,0,7931,333,14168,0,0
1784087225152,nx-q6-nexmark-auto-213939,Executor4,Stage1-3-0,0,24802,24272,28948,2080,2657743,1617,2006532
1784087225152,nx-q6-nexmark-auto-213939,Executor4,Stage2-3-0,0,13805,1141,222398,9321,1062938,130,51633
1784087225152,nx-q6-nexmark-auto-213939,Executor4,Stage3-3-0,0,386,0,9254,395,17951,0,0
1784087225189,nx-q6-nexmark-auto-213939,Executor1,Stage1-2-0,0,35316,34618,62338,11441,3788592,1610,2084039
1784087225189,nx-q6-nexmark-auto-213939,Executor1,Stage2-2-0,0,15397,1595,232641,7078,1232164,153,76992
1784087225189,nx-q6-nexmark-auto-213939,Executor1,Stage3-2-0,0,449,0,6825,71,18937,0,0
1784087225249,nx-q6-nexmark-auto-213939,Executor0,Stage0-0-0,0,22795,22795,77058,0,0,1142,2488424
1784087225249,nx-q6-nexmark-auto-213939,Executor0,Stage0-1-0,0,25166,25166,86048,0,0,1279,2712822
1784087225249,nx-q6-nexmark-auto-213939,Executor0,Stage0-2-0,0,25133,25133,88275,0,0,1318,2722325
1784087225249,nx-q6-nexmark-auto-213939,Executor0,Stage0-3-0,0,23599,23599,81667,0,0,1124,2566659
1784087226110,nx-q6-nexmark-auto-213939,Executor3,Stage1-0-0,0,25170,24646,16808,1780,2695924,2464,920986
1784087226110,nx-q6-nexmark-auto-213939,Executor3,Stage2-0-0,0,64244,778,486080,10035,3814448,185,9974
1784087226110,nx-q6-nexmark-auto-213939,Executor3,Stage3-0-0,0,2371,0,26460,992,103892,0,0
1784087226121,nx-q6-nexmark-auto-213939,Executor2,Stage1-1-0,0,24827,24356,50628,9200,2668016,1907,2017279
1784087226121,nx-q6-nexmark-auto-213939,Executor2,Stage2-1-0,0,11968,755,249259,12216,912211,162,49862
1784087226121,nx-q6-nexmark-auto-213939,Executor2,Stage3-1-0,0,227,0,5671,229,10979,0,0
1784087226152,nx-q6-nexmark-auto-213939,Executor4,Stage1-3-0,0,24819,24327,29106,2006,2667859,1563,2003489
1784087226152,nx-q6-nexmark-auto-213939,Executor4,Stage2-3-0,0,11478,639,189861,8053,854684,123,49987
1784087226152,nx-q6-nexmark-auto-213939,Executor4,Stage3-3-0,0,253,0,6517,269,10965,0,0
1784087226189,nx-q6-nexmark-auto-213939,Executor1,Stage1-2-0,0,14933,14642,16411,950,1601847,1092,1980139
1784087226189,nx-q6-nexmark-auto-213939,Executor1,Stage2-2-0,0,10692,316,183593,8064,764391,62,25008
1784087226189,nx-q6-nexmark-auto-213939,Executor1,Stage3-2-0,0,128,0,3941,185,7434,0,0
1784087226249,nx-q6-nexmark-auto-213939,Executor0,Stage0-0-0,0,27445,27445,93420,0,0,1867,2958266
1784087226249,nx-q6-nexmark-auto-213939,Executor0,Stage0-1-0,0,24834,24834,92091,0,0,1695,2868445
1784087226249,nx-q6-nexmark-auto-213939,Executor0,Stage0-2-0,0,27523,27523,94659,0,0,1702,2939200
1784087226249,nx-q6-nexmark-auto-213939,Executor0,Stage0-3-0,0,25968,25968,88691,0,0,1683,2928535
1784087227110,nx-q6-nexmark-auto-213939,Executor3,Stage1-0-0,0,24929,24428,19699,1650,2670020,2893,1119056
1784087227110,nx-q6-nexmark-auto-213939,Executor3,Stage2-0-0,0,60059,681,491987,10011,3708606,130,10051
1784087227110,nx-q6-nexmark-auto-213939,Executor3,Stage3-0-0,0,2251,0,29143,1248,103103,0,0
1784087227121,nx-q6-nexmark-auto-213939,Executor2,Stage1-1-0,0,24918,24443,30200,2190,2666870,1586,1926395
1784087227121,nx-q6-nexmark-auto-213939,Executor2,Stage2-1-0,0,12422,644,206839,7988,833014,207,41800
1784087227121,nx-q6-nexmark-auto-213939,Executor2,Stage3-1-0,0,193,0,4423,132,8814,0,0
1784087227152,nx-q6-nexmark-auto-213939,Executor4,Stage1-3-0,0,24981,24500,29587,2331,2698798,1673,1947302
1784087227152,nx-q6-nexmark-auto-213939,Executor4,Stage2-3-0,0,13242,503,214275,8609,899789,96,41979
1784087227152,nx-q6-nexmark-auto-213939,Executor4,Stage3-3-0,0,187,0,5090,240,6833,0,0
1784087227189,nx-q6-nexmark-auto-213939,Executor1,Stage1-2-0,0,25172,24629,98047,33710,2693473,1456,1940188
1784087227189,nx-q6-nexmark-auto-213939,Executor1,Stage2-2-0,0,12351,604,222037,8462,810794,92,44112
1784087227189,nx-q6-nexmark-auto-213939,Executor1,Stage3-2-0,0,188,0,5700,205,8204,0,0
1784087227249,nx-q6-nexmark-auto-213939,Executor0,Stage0-0-0,0,24807,24807,86290,0,0,2262,2956841
1784087227249,nx-q6-nexmark-auto-213939,Executor0,Stage0-1-0,0,25206,25206,85664,0,0,2205,2979593
1784087227249,nx-q6-nexmark-auto-213939,Executor0,Stage0-2-0,0,22347,22347,76503,0,0,2663,2987795
1784087227249,nx-q6-nexmark-auto-213939,Executor0,Stage0-3-0,0,26446,26446,86883,0,0,2079,2922942
1784087228110,nx-q6-nexmark-auto-213939,Executor3,Stage1-0-0,0,24935,24436,14625,1782,2668182,1230,843133
1784087228110,nx-q6-nexmark-auto-213939,Executor3,Stage2-0-0,0,56945,774,472606,9695,3212536,98,14626
1784087228110,nx-q6-nexmark-auto-213939,Executor3,Stage3-0-0,0,2106,0,23451,851,92408,0,0
1784087228121,nx-q6-nexmark-auto-213939,Executor2,Stage1-1-0,0,25267,24753,30941,2227,2708929,1687,2056470
1784087228121,nx-q6-nexmark-auto-213939,Executor2,Stage2-1-0,0,13951,742,234190,8990,1104767,134,47072
1784087228121,nx-q6-nexmark-auto-213939,Executor2,Stage3-1-0,0,251,0,5815,227,10824,0,0
1784087228152,nx-q6-nexmark-auto-213939,Executor4,Stage1-3-0,0,24882,24385,29809,2212,2671600,1911,2035854
1784087228152,nx-q6-nexmark-auto-213939,Executor4,Stage2-3-0,0,12817,1040,205229,8068,996901,121,49043
1784087228152,nx-q6-nexmark-auto-213939,Executor4,Stage3-3-0,0,367,0,11420,310,17394,0,0
1784087228189,nx-q6-nexmark-auto-213939,Executor1,Stage1-2-0,0,24916,24426,28743,1663,2678494,1548,2039302
1784087228189,nx-q6-nexmark-auto-213939,Executor1,Stage2-2-0,0,13627,843,224103,8561,1096844,149,46427
1784087228189,nx-q6-nexmark-auto-213939,Executor1,Stage3-2-0,0,311,0,8403,327,14225,0,0
1784087228249,nx-q6-nexmark-auto-213939,Executor0,Stage0-0-0,0,25751,25751,87605,0,0,1941,2847500
1784087228249,nx-q6-nexmark-auto-213939,Executor0,Stage0-1-0,0,27794,27794,94714,0,0,1611,2818016
1784087228249,nx-q6-nexmark-auto-213939,Executor0,Stage0-2-0,0,25773,25773,93175,0,0,1710,2815465
1784087228249,nx-q6-nexmark-auto-213939,Executor0,Stage0-3-0,0,22584,22584,80838,0,0,1639,2780848
1784087229110,nx-q6-nexmark-auto-213939,Executor3,Stage1-0-0,0,25115,24609,19051,1861,2695072,1457,1107246
1784087229110,nx-q6-nexmark-auto-213939,Executor3,Stage2-0-0,0,63049,686,535308,9924,3914092,83,10513
1784087229110,nx-q6-nexmark-auto-213939,Executor3,Stage3-0-0,0,2113,0,27915,1271,94677,0,0
1784087229121,nx-q6-nexmark-auto-213939,Executor2,Stage1-1-0,0,25044,24557,32906,4838,2677377,1873,1938160
1784087229121,nx-q6-nexmark-auto-213939,Executor2,Stage2-1-0,0,11435,670,198483,7388,754573,88,43403
1784087229121,nx-q6-nexmark-auto-213939,Executor2,Stage3-1-0,0,211,0,10976,132,9627,0,0
1784087229152,nx-q6-nexmark-auto-213939,Executor4,Stage1-3-0,0,24927,24417,32712,4212,2680185,2490,1941392
1784087229152,nx-q6-nexmark-auto-213939,Executor4,Stage2-3-0,0,12601,366,218384,8794,860503,189,40906
1784087229152,nx-q6-nexmark-auto-213939,Executor4,Stage3-3-0,0,152,0,4576,215,6318,0,0
1784087229189,nx-q6-nexmark-auto-213939,Executor1,Stage1-2-0,0,24914,24417,31098,2926,2677490,2098,1947621
1784087229189,nx-q6-nexmark-auto-213939,Executor1,Stage2-2-0,0,11834,619,200465,7645,774170,398,41663
1784087229189,nx-q6-nexmark-auto-213939,Executor1,Stage3-2-0,0,211,0,12268,261,9640,0,0
1784087229249,nx-q6-nexmark-auto-213939,Executor0,Stage0-0-0,0,21997,21997,78165,0,0,2004,2944985
1784087229249,nx-q6-nexmark-auto-213939,Executor0,Stage0-1-0,0,21998,21998,64390,0,0,2036,2987454
1784087229249,nx-q6-nexmark-auto-213939,Executor0,Stage0-2-0,0,24227,24227,85977,0,0,2143,3010273
1784087229249,nx-q6-nexmark-auto-213939,Executor0,Stage0-3-0,0,25002,25002,85856,0,0,1720,2970544
1784087230110,nx-q6-nexmark-auto-213939,Executor3,Stage1-0-0,0,24820,24313,18634,1765,2663938,1627,1055589
1784087230110,nx-q6-nexmark-auto-213939,Executor3,Stage2-0-0,0,53387,738,466863,9221,3167538,83,15762
1784087230110,nx-q6-nexmark-auto-213939,Executor3,Stage3-0-0,0,2002,0,23148,922,89595,0,0
1784087230121,nx-q6-nexmark-auto-213939,Executor2,Stage1-1-0,0,24916,24406,29702,2023,2683950,2262,1954383
1784087230121,nx-q6-nexmark-auto-213939,Executor2,Stage2-1-0,0,14278,733,237181,8191,1013468,220,45319
1784087230121,nx-q6-nexmark-auto-213939,Executor2,Stage3-1-0,0,298,0,7884,297,12679,0,0
1784087230152,nx-q6-nexmark-auto-213939,Executor4,Stage1-3-0,0,24961,24489,30667,2225,2675907,2687,1953759
1784087230152,nx-q6-nexmark-auto-213939,Executor4,Stage2-3-0,0,14763,761,235110,8607,1072235,164,47426
1784087230152,nx-q6-nexmark-auto-213939,Executor4,Stage3-3-0,0,256,0,7487,315,10288,0,0
1784087230189,nx-q6-nexmark-auto-213939,Executor1,Stage1-2-0,0,25303,24792,29522,1604,2703394,2408,1979049
1784087230189,nx-q6-nexmark-auto-213939,Executor1,Stage2-2-0,0,14187,795,226061,8399,1003640,134,43514
1784087230189,nx-q6-nexmark-auto-213939,Executor1,Stage3-2-0,0,333,0,8434,366,14475,0,0
1784087230249,nx-q6-nexmark-auto-213939,Executor0,Stage0-0-0,0,27604,27604,94224,0,0,1637,2952027
1784087230249,nx-q6-nexmark-auto-213939,Executor0,Stage0-1-0,0,25002,25002,83054,0,0,1445,2843616
1784087230249,nx-q6-nexmark-auto-213939,Executor0,Stage0-2-0,0,27204,27204,91452,0,0,1792,2913631
1784087230249,nx-q6-nexmark-auto-213939,Executor0,Stage0-3-0,0,26902,26902,99771,0,0,1773,2878733
1784087231110,nx-q6-nexmark-auto-213939,Executor3,Stage1-0-0,0,24921,24425,16910,2197,2669327,1253,900018
1784087231110,nx-q6-nexmark-auto-213939,Executor3,Stage2-0-0,0,58038,834,487156,10434,3330425,116,16262
1784087231110,nx-q6-nexmark-auto-213939,Executor3,Stage3-0-0,0,2203,0,27344,1076,96054,0,0
1784087231121,nx-q6-nexmark-auto-213939,Executor2,Stage1-1-0,0,24966,24475,29882,1834,2673218,1902,2016406
1784087231121,nx-q6-nexmark-auto-213939,Executor2,Stage2-1-0,0,13244,826,244517,9715,1012130,189,52648
1784087231121,nx-q6-nexmark-auto-213939,Executor2,Stage3-1-0,0,316,0,6823,256,14401,0,0
1784087231152,nx-q6-nexmark-auto-213939,Executor4,Stage1-3-0,0,25212,24708,30273,2044,2702917,1576,2044269
1784087231152,nx-q6-nexmark-auto-213939,Executor4,Stage2-3-0,0,12705,956,205170,8230,961830,104,51181
1784087231152,nx-q6-nexmark-auto-213939,Executor4,Stage3-3-0,0,346,0,8265,305,16332,0,0
1784087231189,nx-q6-nexmark-auto-213939,Executor1,Stage1-2-0,0,24901,24392,53746,14374,2683190,1454,2017008
1784087231189,nx-q6-nexmark-auto-213939,Executor1,Stage2-2-0,0,13699,736,274458,12530,1059620,141,50282
1784087231189,nx-q6-nexmark-auto-213939,Executor1,Stage3-2-0,0,309,0,8121,308,13594,0,0
1784087231249,nx-q6-nexmark-auto-213939,Executor0,Stage0-0-0,0,22396,22396,75399,0,0,1986,2842234
1784087231249,nx-q6-nexmark-auto-213939,Executor0,Stage0-1-0,0,26063,26063,88714,0,0,1655,2833213
1784087231249,nx-q6-nexmark-auto-213939,Executor0,Stage0-2-0,0,22796,22796,77965,0,0,1760,2860665
1784087231249,nx-q6-nexmark-auto-213939,Executor0,Stage0-3-0,0,23098,23098,78079,0,0,1833,2875319
1784087232110,nx-q6-nexmark-auto-213939,Executor3,Stage1-0-0,0,25000,24501,18102,1579,2687563,1439,1112453
1784087232110,nx-q6-nexmark-auto-213939,Executor3,Stage2-0-0,0,61243,678,504073,11073,3794882,114,12015
1784087232110,nx-q6-nexmark-auto-213939,Executor3,Stage3-0-0,0,2163,0,25705,870,99356,0,0
1784087232122,nx-q6-nexmark-auto-213939,Executor2,Stage1-1-0,0,25043,24536,56982,43647,2689960,1788,1936664
1784087232122,nx-q6-nexmark-auto-213939,Executor2,Stage2-1-0,0,13060,662,274398,13172,909774,196,42185
1784087232122,nx-q6-nexmark-auto-213939,Executor2,Stage3-1-0,0,250,0,5370,163,11410,0,0
1784087232152,nx-q6-nexmark-auto-213939,Executor4,Stage1-3-0,0,24669,24160,29350,2217,2640954,1662,1911881
1784087232152,nx-q6-nexmark-auto-213939,Executor4,Stage2-3-0,0,12752,531,216903,8684,880036,131,44713
1784087232152,nx-q6-nexmark-auto-213939,Executor4,Stage3-3-0,0,154,0,4860,250,6568,0,0
1784087232189,nx-q6-nexmark-auto-213939,Executor1,Stage1-2-0,0,25288,24803,29948,2141,2707851,1286,1961510
1784087232189,nx-q6-nexmark-auto-213939,Executor1,Stage2-2-0,0,12869,653,240292,8768,874469,84,42130
1784087232189,nx-q6-nexmark-auto-213939,Executor1,Stage3-2-0,0,220,0,5678,255,10418,0,0
1784087232249,nx-q6-nexmark-auto-213939,Executor0,Stage0-0-0,0,25900,25900,87742,0,0,2192,2958689
1784087232249,nx-q6-nexmark-auto-213939,Executor0,Stage0-1-0,0,23937,23937,81846,0,0,2103,2918493
1784087232249,nx-q6-nexmark-auto-213939,Executor0,Stage0-2-0,0,24997,24997,82189,0,0,2120,3034571
1784087232249,nx-q6-nexmark-auto-213939,Executor0,Stage0-3-0,0,26057,26057,88816,0,0,1960,2920119
1784087233110,nx-q6-nexmark-auto-213939,Executor3,Stage1-0-0,0,24965,24447,16812,1742,2675903,1204,940926
1784087233110,nx-q6-nexmark-auto-213939,Executor3,Stage2-0-0,0,55810,621,490371,11462,3226530,88,12377
1784087233110,nx-q6-nexmark-auto-213939,Executor3,Stage3-0-0,0,1871,0,19983,697,85649,0,0
1784087233121,nx-q6-nexmark-auto-213939,Executor2,Stage1-1-0,0,25111,24641,71201,22588,2678448,1399,2006324
1784087233121,nx-q6-nexmark-auto-213939,Executor2,Stage2-1-0,0,14313,597,254613,9757,1068245,133,37583
1784087233121,nx-q6-nexmark-auto-213939,Executor2,Stage3-1-0,0,240,0,5622,214,10752,0,0
1784087233152,nx-q6-nexmark-auto-213939,Executor4,Stage1-3-0,0,24943,24460,29511,2326,2690028,1503,2001128
1784087233152,nx-q6-nexmark-auto-213939,Executor4,Stage2-3-0,0,14085,639,255188,8552,1064865,97,37437
1784087233152,nx-q6-nexmark-auto-213939,Executor4,Stage3-3-0,0,265,0,6349,263,13156,0,0
1784087233189,nx-q6-nexmark-auto-213939,Executor1,Stage1-2-0,0,24981,24452,27192,1430,2683627,1354,1999800
1784087233189,nx-q6-nexmark-auto-213939,Executor1,Stage2-2-0,0,13048,816,212491,8656,961727,96,41067
1784087233189,nx-q6-nexmark-auto-213939,Executor1,Stage3-2-0,0,241,0,6171,264,10653,0,0
1784087233249,nx-q6-nexmark-auto-213939,Executor0,Stage0-0-0,0,24184,24184,83440,0,0,2155,2840244
1784087233249,nx-q6-nexmark-auto-213939,Executor0,Stage0-1-0,0,27998,27998,88279,0,0,2195,2947579
1784087233249,nx-q6-nexmark-auto-213939,Executor0,Stage0-2-0,0,28003,28003,97197,0,0,2113,2812688
1784087233249,nx-q6-nexmark-auto-213939,Executor0,Stage0-3-0,0,26394,26394,94568,0,0,2269,2815877
1784087234110,nx-q6-nexmark-auto-213939,Executor3,Stage1-0-0,0,25036,24534,15085,1461,2688427,1064,901091
1784087234110,nx-q6-nexmark-auto-213939,Executor3,Stage2-0-0,0,62162,869,486848,9185,3625380,150,15419
1784087234110,nx-q6-nexmark-auto-213939,Executor3,Stage3-0-0,0,2142,0,25438,986,89563,0,0
1784087234121,nx-q6-nexmark-auto-213939,Executor2,Stage1-1-0,0,24834,24331,31006,2016,2663291,1378,2023749
1784087234121,nx-q6-nexmark-auto-213939,Executor2,Stage2-1-0,0,11950,845,207943,8523,941084,139,54480
1784087234121,nx-q6-nexmark-auto-213939,Executor2,Stage3-1-0,0,320,0,7798,296,15096,0,0
1784087234152,nx-q6-nexmark-auto-213939,Executor4,Stage1-3-0,0,25234,24709,30319,2275,2711274,1656,2047546
1784087234152,nx-q6-nexmark-auto-213939,Executor4,Stage2-3-0,0,11222,820,206898,8723,845381,138,56678
1784087234152,nx-q6-nexmark-auto-213939,Executor4,Stage3-3-0,0,227,0,6448,294,9530,0,0
1784087234189,nx-q6-nexmark-auto-213939,Executor1,Stage1-2-0,0,24896,24426,29427,1843,2665441,1233,2021276
1784087234189,nx-q6-nexmark-auto-213939,Executor1,Stage2-2-0,0,12315,670,207591,8475,969856,135,57007
1784087234189,nx-q6-nexmark-auto-213939,Executor1,Stage3-2-0,0,247,0,6934,281,11106,0,0
1784087234249,nx-q6-nexmark-auto-213939,Executor0,Stage0-0-0,0,24919,24919,81274,0,0,1619,2955241
1784087234249,nx-q6-nexmark-auto-213939,Executor0,Stage0-1-0,0,25002,25002,79119,0,0,1547,2784873
1784087234249,nx-q6-nexmark-auto-213939,Executor0,Stage0-2-0,0,24227,24227,55653,0,0,1839,2904373
1784087234249,nx-q6-nexmark-auto-213939,Executor0,Stage0-3-0,0,22547,22547,76360,0,0,1787,2933217
1784087235110,nx-q6-nexmark-auto-213939,Executor3,Stage1-0-0,0,25134,24607,20033,1757,2689525,2773,1154253
1784087235110,nx-q6-nexmark-auto-213939,Executor3,Stage2-0-0,0,58757,636,595036,17845,3641277,142,9211
1784087235110,nx-q6-nexmark-auto-213939,Executor3,Stage3-0-0,0,2287,0,24439,809,106913,0,0
1784087235121,nx-q6-nexmark-auto-213939,Executor2,Stage1-1-0,0,24961,24454,31112,1902,2681610,1795,1920627
1784087235121,nx-q6-nexmark-auto-213939,Executor2,Stage2-1-0,0,11840,624,196410,7529,764856,132,40005
1784087235121,nx-q6-nexmark-auto-213939,Executor2,Stage3-1-0,0,188,0,4017,116,8215,0,0
1784087235152,nx-q6-nexmark-auto-213939,Executor4,Stage1-3-0,0,24965,24499,28522,2194,2687734,1693,1928983
1784087235152,nx-q6-nexmark-auto-213939,Executor4,Stage2-3-0,0,12546,611,211889,8233,827474,81,38791
1784087235152,nx-q6-nexmark-auto-213939,Executor4,Stage3-3-0,0,254,0,6774,324,11725,0,0
1784087235189,nx-q6-nexmark-auto-213939,Executor1,Stage1-2-0,0,24940,24440,28868,1883,2670475,3651,1907086
1784087235189,nx-q6-nexmark-auto-213939,Executor1,Stage2-2-0,0,12959,390,213325,8281,839053,116,40571
1784087235189,nx-q6-nexmark-auto-213939,Executor1,Stage3-2-0,0,170,0,5147,221,7852,0,0
1784087235249,nx-q6-nexmark-auto-213939,Executor0,Stage0-0-0,0,24997,24997,88491,0,0,1955,3006992
1784087235249,nx-q6-nexmark-auto-213939,Executor0,Stage0-1-0,0,21998,21998,75377,0,0,2267,2989352
1784087235249,nx-q6-nexmark-auto-213939,Executor0,Stage0-2-0,0,22773,22773,78787,0,0,2446,2976007
1784087235249,nx-q6-nexmark-auto-213939,Executor0,Stage0-3-0,0,27489,27489,89103,0,0,1985,2966487
1784087236110,nx-q6-nexmark-auto-213939,Executor3,Stage1-0-0,0,24940,24431,16710,1418,2666070,1353,999681
1784087236110,nx-q6-nexmark-auto-213939,Executor3,Stage2-0-0,0,53620,788,475265,11980,3131020,147,18779
1784087236110,nx-q6-nexmark-auto-213939,Executor3,Stage3-0-0,0,1992,0,22455,886,88243,0,0
1784087236121,nx-q6-nexmark-auto-213939,Executor2,Stage1-1-0,0,24987,24511,30199,1742,2676103,1525,1968997
1784087236121,nx-q6-nexmark-auto-213939,Executor2,Stage2-1-0,0,15371,754,243994,8335,1133687,140,48043
1784087236121,nx-q6-nexmark-auto-213939,Executor2,Stage3-1-0,0,254,0,6076,249,11209,0,0
1784087236152,nx-q6-nexmark-auto-213939,Executor4,Stage1-3-0,0,25123,24645,29586,2216,2690512,1808,1995533
1784087236152,nx-q6-nexmark-auto-213939,Executor4,Stage2-3-0,0,15944,771,247998,8739,1202889,143,48049
1784087236152,nx-q6-nexmark-auto-213939,Executor4,Stage3-3-0,0,318,0,7906,346,13900,0,0
1784087236189,nx-q6-nexmark-auto-213939,Executor1,Stage1-2-0,0,24950,24413,27093,1580,2695773,1602,1978258
1784087236189,nx-q6-nexmark-auto-213939,Executor1,Stage2-2-0,0,12719,680,251344,10829,890078,58,47131
1784087236189,nx-q6-nexmark-auto-213939,Executor1,Stage3-2-0,0,279,0,8128,409,11906,0,0
1784087236249,nx-q6-nexmark-auto-213939,Executor0,Stage0-0-0,0,28003,28003,92050,0,0,2138,2935737
1784087236249,nx-q6-nexmark-auto-213939,Executor0,Stage0-1-0,0,28002,28002,97537,0,0,1941,2856481
1784087236249,nx-q6-nexmark-auto-213939,Executor0,Stage0-2-0,0,27997,27997,97074,0,0,1697,2922916
1784087236249,nx-q6-nexmark-auto-213939,Executor0,Stage0-3-0,0,24898,24898,84352,0,0,1721,2872548
1784087237110,nx-q6-nexmark-auto-213939,Executor3,Stage1-0-0,0,25043,24516,16970,1903,2693334,1235,954972
1784087237110,nx-q6-nexmark-auto-213939,Executor3,Stage2-0-0,0,60316,818,516486,11114,3564063,140,15123
1784087237110,nx-q6-nexmark-auto-213939,Executor3,Stage3-0-0,0,2208,0,24741,918,96253,0,0
1784087237121,nx-q6-nexmark-auto-213939,Executor2,Stage1-1-0,0,25061,24580,31639,1969,2682184,1766,2003333
1784087237121,nx-q6-nexmark-auto-213939,Executor2,Stage2-1-0,0,13186,786,215893,8357,995254,148,50909
1784087237121,nx-q6-nexmark-auto-213939,Executor2,Stage3-1-0,0,261,0,5741,188,12075,0,0
1784087237152,nx-q6-nexmark-auto-213939,Executor4,Stage1-3-0,0,24822,24326,29135,2266,2664945,1656,1988778
1784087237152,nx-q6-nexmark-auto-213939,Executor4,Stage2-3-0,0,12598,876,203357,8344,940707,116,50372
1784087237152,nx-q6-nexmark-auto-213939,Executor4,Stage3-3-0,0,370,0,8506,315,18336,0,0
1784087237189,nx-q6-nexmark-auto-213939,Executor1,Stage1-2-0,0,25074,24578,29880,2011,2689712,2052,2004102
1784087237189,nx-q6-nexmark-auto-213939,Executor1,Stage2-2-0,0,15026,1134,253083,10687,1173264,133,48850
1784087237189,nx-q6-nexmark-auto-213939,Executor1,Stage3-2-0,0,396,0,9402,438,19496,0,0
1784087237249,nx-q6-nexmark-auto-213939,Executor0,Stage0-0-0,0,24515,24515,82522,0,0,1480,2734447
1784087237249,nx-q6-nexmark-auto-213939,Executor0,Stage0-1-0,0,21998,21998,76093,0,0,1479,2747443
1784087237249,nx-q6-nexmark-auto-213939,Executor0,Stage0-2-0,0,22003,22003,75927,0,0,1421,2795080
1784087237249,nx-q6-nexmark-auto-213939,Executor0,Stage0-3-0,0,22615,22615,76482,0,0,1370,2747831
1784087238110,nx-q6-nexmark-auto-213939,Executor3,Stage1-0-0,0,25117,24635,18872,1548,2688141,1552,1083448
1784087238110,nx-q6-nexmark-auto-213939,Executor3,Stage2-0-0,0,59269,675,489501,10299,3612310,93,11673
1784087238110,nx-q6-nexmark-auto-213939,Executor3,Stage3-0-0,0,2142,0,23439,822,98087,0,0
1784087238121,nx-q6-nexmark-auto-213939,Executor2,Stage1-1-0,0,25026,24543,30785,2102,2696242,1960,1956768
1784087238121,nx-q6-nexmark-auto-213939,Executor2,Stage2-1-0,0,12435,637,208802,7825,838266,179,41466
1784087238121,nx-q6-nexmark-auto-213939,Executor2,Stage3-1-0,0,195,0,4467,129,8940,0,0
1784087238152,nx-q6-nexmark-auto-213939,Executor4,Stage1-3-0,0,25009,24492,29531,2269,2675285,3388,1943013
1784087238152,nx-q6-nexmark-auto-213939,Executor4,Stage2-3-0,0,12847,595,213559,8282,892187,113,44624
1784087238152,nx-q6-nexmark-auto-213939,Executor4,Stage3-3-0,0,166,0,6823,332,6910,0,0
1784087238189,nx-q6-nexmark-auto-213939,Executor1,Stage1-2-0,0,24848,24330,29055,1816,2668328,1653,1933126
1784087238189,nx-q6-nexmark-auto-213939,Executor1,Stage2-2-0,0,12668,505,210989,8424,870425,92,40674
1784087238189,nx-q6-nexmark-auto-213939,Executor1,Stage3-2-0,0,238,0,6354,273,10493,0,0
1784087238249,nx-q6-nexmark-auto-213939,Executor0,Stage0-0-0,0,22485,22485,77166,0,0,2323,2984636
1784087238249,nx-q6-nexmark-auto-213939,Executor0,Stage0-1-0,0,28002,28002,98867,0,0,2099,2952715
1784087238249,nx-q6-nexmark-auto-213939,Executor0,Stage0-2-0,0,27403,27403,103162,0,0,2244,2995671
1784087238249,nx-q6-nexmark-auto-213939,Executor0,Stage0-3-0,0,27537,27537,94993,0,0,1962,2953109
1784087239110,nx-q6-nexmark-auto-213939,Executor3,Stage1-0-0,0,24998,24516,14338,1558,2680876,1313,846379
1784087239110,nx-q6-nexmark-auto-213939,Executor3,Stage2-0-0,0,57414,819,503360,9635,3225270,65,18024
1784087239110,nx-q6-nexmark-auto-213939,Executor3,Stage3-0-0,0,2142,0,25108,1001,94879,0,0
1784087239121,nx-q6-nexmark-auto-213939,Executor2,Stage1-1-0,0,24963,24443,32217,2395,2672144,1985,2044509
1784087239121,nx-q6-nexmark-auto-213939,Executor2,Stage2-1-0,0,13739,823,231472,8746,1099182,258,51227
1784087239121,nx-q6-nexmark-auto-213939,Executor2,Stage3-1-0,0,316,0,7020,263,13529,0,0
1784087239152,nx-q6-nexmark-auto-213939,Executor4,Stage1-3-0,0,24989,24513,30072,2354,2681232,2551,2046460
1784087239152,nx-q6-nexmark-auto-213939,Executor4,Stage2-3-0,0,12675,1107,210364,8294,994962,139,49401
1784087239152,nx-q6-nexmark-auto-213939,Executor4,Stage3-3-0,0,358,0,8938,339,17047,0,0
1784087239189,nx-q6-nexmark-auto-213939,Executor1,Stage1-2-0,0,25050,24528,28912,1716,2695040,1486,2054615
1784087239189,nx-q6-nexmark-auto-213939,Executor1,Stage2-2-0,0,11798,966,220178,9504,916839,95,51302
1784087239189,nx-q6-nexmark-auto-213939,Executor1,Stage3-2-0,0,352,0,8990,384,15607,0,0
1784087239249,nx-q6-nexmark-auto-213939,Executor0,Stage0-0-0,0,24997,24997,87952,0,0,1798,2855021
1784087239249,nx-q6-nexmark-auto-213939,Executor0,Stage0-1-0,0,21998,21998,71576,0,0,2181,2920700
1784087239249,nx-q6-nexmark-auto-213939,Executor0,Stage0-2-0,0,22597,22597,75219,0,0,2040,2892113
1784087239249,nx-q6-nexmark-auto-213939,Executor0,Stage0-3-0,0,22463,22463,77366,0,0,1943,2857422
1784087240110,nx-q6-nexmark-auto-213939,Executor3,Stage1-0-0,0,24955,24463,18383,1704,2671483,1528,1026008
1784087240110,nx-q6-nexmark-auto-213939,Executor3,Stage2-0-0,0,63259,739,484466,9340,3862959,29,10906
1784087240110,nx-q6-nexmark-auto-213939,Executor3,Stage3-0-0,0,2761,0,32738,1495,130636,0,0
1784087240121,nx-q6-nexmark-auto-213939,Executor2,Stage1-1-0,0,25172,24672,32308,2447,2699157,3496,1967500
1784087240121,nx-q6-nexmark-auto-213939,Executor2,Stage2-1-0,0,11305,724,188750,7616,766751,156,46461
1784087240121,nx-q6-nexmark-auto-213939,Executor2,Stage3-1-0,0,287,0,6523,194,13553,0,0
1784087240152,nx-q6-nexmark-auto-213939,Executor4,Stage1-3-0,0,25020,24521,29702,2413,2689122,2838,1976584
1784087240152,nx-q6-nexmark-auto-213939,Executor4,Stage2-3-0,0,10847,402,205551,8682,730717,149,47706
1784087240152,nx-q6-nexmark-auto-213939,Executor4,Stage3-3-0,0,139,0,5843,257,5329,0,0
1784087240189,nx-q6-nexmark-auto-213939,Executor1,Stage1-2-0,0,24853,24344,48542,9778,2668229,1984,1935871
1784087240189,nx-q6-nexmark-auto-213939,Executor1,Stage2-2-0,0,13607,616,246541,11053,980300,146,44622
1784087240189,nx-q6-nexmark-auto-213939,Executor1,Stage3-2-0,0,187,0,5248,211,8480,0,0
1784087240249,nx-q6-nexmark-auto-213939,Executor0,Stage0-0-0,0,25697,25697,86372,0,0,1478,2816693
1784087240249,nx-q6-nexmark-auto-213939,Executor0,Stage0-1-0,0,28002,28002,93441,0,0,1172,2761541
1784087240249,nx-q6-nexmark-auto-213939,Executor0,Stage0-2-0,0,24997,24997,85260,0,0,1220,2836455
1784087240249,nx-q6-nexmark-auto-213939,Executor0,Stage0-3-0,0,27403,27403,95359,0,0,1269,2791795
1784087241110,nx-q6-nexmark-auto-213939,Executor3,Stage1-0-0,0,24856,24369,19487,1910,2655557,1791,1083041
1784087241110,nx-q6-nexmark-auto-213939,Executor3,Stage2-0-0,0,55555,705,469475,9353,3350908,100,15565
1784087241110,nx-q6-nexmark-auto-213939,Executor3,Stage3-0-0,0,1958,0,25232,1259,88590,0,0
1784087241121,nx-q6-nexmark-auto-213939,Executor2,Stage1-1-0,0,25173,24674,30364,2303,2698418,3929,1954132
1784087241121,nx-q6-nexmark-auto-213939,Executor2,Stage2-1-0,0,11430,652,228651,6609,744039,84,41016
1784087241121,nx-q6-nexmark-auto-213939,Executor2,Stage3-1-0,0,229,0,5207,186,9642,0,0
1784087241152,nx-q6-nexmark-auto-213939,Executor4,Stage1-3-0,0,25160,24646,28673,2070,2702700,2984,1960764
1784087241152,nx-q6-nexmark-auto-213939,Executor4,Stage2-3-0,0,14191,683,241738,10075,991791,143,43781
1784087241152,nx-q6-nexmark-auto-213939,Executor4,Stage3-3-0,0,238,0,8120,352,10770,0,0
1784087241189,nx-q6-nexmark-auto-213939,Executor1,Stage1-2-0,0,24811,24311,28841,1840,2672980,4307,1946303
1784087241189,nx-q6-nexmark-auto-213939,Executor1,Stage2-2-0,0,12238,374,240376,8809,809625,91,42438
1784087241189,nx-q6-nexmark-auto-213939,Executor1,Stage3-2-0,0,214,0,6410,304,8857,0,0
1784087241249,nx-q6-nexmark-auto-213939,Executor0,Stage0-0-0,0,24303,24303,83714,0,0,1685,3013139
1784087241249,nx-q6-nexmark-auto-213939,Executor0,Stage0-1-0,0,21998,21998,77101,0,0,1601,2958070
1784087241249,nx-q6-nexmark-auto-213939,Executor0,Stage0-2-0,0,27262,27262,94540,0,0,1430,3004708
1784087241249,nx-q6-nexmark-auto-213939,Executor0,Stage0-3-0,0,23419,23419,80749,0,0,1616,3003805
1784087242110,nx-q6-nexmark-auto-213939,Executor3,Stage1-0-0,0,24913,24437,18214,4087,2668906,1149,895634
1784087242110,nx-q6-nexmark-auto-213939,Executor3,Stage2-0-0,0,57837,815,579720,11005,3312367,88,15176
1784087242110,nx-q6-nexmark-auto-213939,Executor3,Stage3-0-0,0,1645,0,21060,951,62713,0,0
1784087242121,nx-q6-nexmark-auto-213939,Executor2,Stage1-1-0,0,24954,24451,37129,8665,2680724,1490,2017077
1784087242121,nx-q6-nexmark-auto-213939,Executor2,Stage2-1-0,0,16478,792,284257,12787,1317188,98,50302
1784087242121,nx-q6-nexmark-auto-213939,Executor2,Stage3-1-0,0,404,0,9572,420,19906,0,0
1784087242152,nx-q6-nexmark-auto-213939,Executor4,Stage1-3-0,0,24986,24491,29576,2423,2670852,1473,2008905
1784087242152,nx-q6-nexmark-auto-213939,Executor4,Stage2-3-0,0,14635,1132,265189,8419,1164013,138,50226
1784087242152,nx-q6-nexmark-auto-213939,Executor4,Stage3-3-0,0,338,0,7471,319,16948,0,0
1784087242189,nx-q6-nexmark-auto-213939,Executor1,Stage1-2-0,0,25147,24621,30476,1919,2707343,1545,2030429
1784087242189,nx-q6-nexmark-auto-213939,Executor1,Stage2-2-0,0,15700,1211,250695,9794,1273913,111,52477
1784087242189,nx-q6-nexmark-auto-213939,Executor1,Stage3-2-0,0,323,0,7499,283,15247,0,0
1784087242249,nx-q6-nexmark-auto-213939,Executor0,Stage0-0-0,0,27371,27371,73132,0,0,2046,2999755
1784087242249,nx-q6-nexmark-auto-213939,Executor0,Stage0-1-0,0,25002,25002,89322,0,0,1911,2956870
1784087242249,nx-q6-nexmark-auto-213939,Executor0,Stage0-2-0,0,23826,23826,74269,0,0,1928,3133378
1784087242249,nx-q6-nexmark-auto-213939,Executor0,Stage0-3-0,0,26600,26600,82988,0,0,1905,2956445
1784087243110,nx-q6-nexmark-auto-213939,Executor3,Stage1-0-0,0,24965,24470,20183,1983,2674762,2206,1130363
1784087243110,nx-q6-nexmark-auto-213939,Executor3,Stage2-0-0,0,61644,683,503699,11438,3845664,69,9943
1784087243110,nx-q6-nexmark-auto-213939,Executor3,Stage3-0-0,0,2223,0,24893,1027,100994,0,0
1784087243121,nx-q6-nexmark-auto-213939,Executor2,Stage1-1-0,0,24920,24428,29296,2062,2677740,1560,1918673
1784087243121,nx-q6-nexmark-auto-213939,Executor2,Stage2-1-0,0,12233,667,207433,8241,811523,93,42994
1784087243121,nx-q6-nexmark-auto-213939,Executor2,Stage3-1-0,0,223,0,4731,141,10108,0,0
1784087243152,nx-q6-nexmark-auto-213939,Executor4,Stage1-3-0,0,25088,24550,29846,2121,2694436,3401,1939198
1784087243152,nx-q6-nexmark-auto-213939,Executor4,Stage2-3-0,0,12987,308,205248,8193,868012,152,43379
1784087243152,nx-q6-nexmark-auto-213939,Executor4,Stage3-3-0,0,159,0,4591,236,6496,0,0
1784087243189,nx-q6-nexmark-auto-213939,Executor1,Stage1-2-0,0,25027,24552,29754,1635,2681964,1625,1915827
1784087243189,nx-q6-nexmark-auto-213939,Executor1,Stage2-2-0,0,11982,431,201494,8274,760710,114,47020
1784087243189,nx-q6-nexmark-auto-213939,Executor1,Stage3-2-0,0,192,0,6475,272,8746,0,0
1784087243249,nx-q6-nexmark-auto-213939,Executor0,Stage0-0-0,0,22629,22629,75722,0,0,2192,2815519
1784087243249,nx-q6-nexmark-auto-213939,Executor0,Stage0-1-0,0,27998,27998,88895,0,0,1623,2801642
1784087243249,nx-q6-nexmark-auto-213939,Executor0,Stage0-2-0,0,26205,26205,89285,0,0,1759,2675133
1784087243249,nx-q6-nexmark-auto-213939,Executor0,Stage0-3-0,0,23462,23462,79100,0,0,1875,2763796
1784087244110,nx-q6-nexmark-auto-213939,Executor3,Stage1-0-0,0,25068,24610,17502,1887,2695596,2863,978307
1784087244110,nx-q6-nexmark-auto-213939,Executor3,Stage2-0-0,0,53985,705,472136,9437,3096120,91,14237
1784087244110,nx-q6-nexmark-auto-213939,Executor3,Stage3-0-0,0,2107,0,23950,914,96538,0,0
1784087244121,nx-q6-nexmark-auto-213939,Executor2,Stage1-1-0,0,24806,24321,30597,2134,2657852,2290,1987419
1784087244121,nx-q6-nexmark-auto-213939,Executor2,Stage2-1-0,0,14527,754,231686,8275,1102557,222,47941
1784087244121,nx-q6-nexmark-auto-213939,Executor2,Stage3-1-0,0,245,0,5217,197,10399,0,0
1784087244152,nx-q6-nexmark-auto-213939,Executor4,Stage1-3-0,0,24974,24438,29386,2111,2689616,3276,2000446
1784087244152,nx-q6-nexmark-auto-213939,Executor4,Stage2-3-0,0,13973,719,222045,8396,1045488,113,45156
1784087244152,nx-q6-nexmark-auto-213939,Executor4,Stage3-3-0,0,371,0,9072,411,17835,0,0
1784087244189,nx-q6-nexmark-auto-213939,Executor1,Stage1-2-0,0,25152,24631,29505,1964,2683660,1508,1997775
1784087244189,nx-q6-nexmark-auto-213939,Executor1,Stage2-2-0,0,13063,1046,214832,8525,965103,86,46181
1784087244189,nx-q6-nexmark-auto-213939,Executor1,Stage3-2-0,0,269,0,8718,425,12799,0,0
1784087244249,nx-q6-nexmark-auto-213939,Executor0,Stage0-0-0,0,25955,25955,85965,0,0,1774,3045533
1784087244249,nx-q6-nexmark-auto-213939,Executor0,Stage0-1-0,0,22002,22002,71937,0,0,1596,2902085
1784087244249,nx-q6-nexmark-auto-213939,Executor0,Stage0-2-0,0,22707,22707,74734,0,0,1651,2990107
1784087244249,nx-q6-nexmark-auto-213939,Executor0,Stage0-3-0,0,24461,24461,77373,0,0,1640,2998551
1784087245110,nx-q6-nexmark-auto-213939,Executor3,Stage1-0-0,0,25007,24539,16405,1922,2683133,1356,890836
1784087245110,nx-q6-nexmark-auto-213939,Executor3,Stage2-0-0,0,61960,838,522686,11493,3597411,53,13425
1784087245110,nx-q6-nexmark-auto-213939,Executor3,Stage3-0-0,0,2333,0,27777,1224,100981,0,0
1784087245121,nx-q6-nexmark-auto-213939,Executor2,Stage1-1-0,0,25144,24624,31265,2199,2698539,1543,2055704
1784087245121,nx-q6-nexmark-auto-213939,Executor2,Stage2-1-0,0,11915,852,210405,9389,923261,157,56405
1784087245121,nx-q6-nexmark-auto-213939,Executor2,Stage3-1-0,0,207,0,5309,222,9708,0,0
1784087245152,nx-q6-nexmark-auto-213939,Executor4,Stage1-3-0,0,24779,24298,30892,2217,2655970,3689,2015051
1784087245152,nx-q6-nexmark-auto-213939,Executor4,Stage2-3-0,0,11416,1124,193012,8763,876235,160,51876
1784087245152,nx-q6-nexmark-auto-213939,Executor4,Stage3-3-0,0,311,0,7710,290,13923,0,0
1784087245189,nx-q6-nexmark-auto-213939,Executor1,Stage1-2-0,0,25070,24539,31652,2081,2691248,2022,2043590
1784087245189,nx-q6-nexmark-auto-213939,Executor1,Stage2-2-0,0,11669,681,217731,9584,901101,264,53761
1784087245189,nx-q6-nexmark-auto-213939,Executor1,Stage3-2-0,0,274,0,7972,379,12888,0,0
1784087245249,nx-q6-nexmark-auto-213939,Executor0,Stage0-0-0,0,25961,25961,86799,0,0,1648,2671414
1784087245249,nx-q6-nexmark-auto-213939,Executor0,Stage0-1-0,0,24998,24998,87364,0,0,1938,2709967
1784087245249,nx-q6-nexmark-auto-213939,Executor0,Stage0-2-0,0,25003,25003,84364,0,0,1891,2743212
1784087245249,nx-q6-nexmark-auto-213939,Executor0,Stage0-3-0,0,24655,24655,57232,0,0,1615,2682545
1784087246110,nx-q6-nexmark-auto-213939,Executor3,Stage1-0-0,0,25006,24509,20152,2227,2681915,2750,1142313
1784087246110,nx-q6-nexmark-auto-213939,Executor3,Stage2-0-0,0,62862,587,641558,19695,3925883,71,9261
1784087246110,nx-q6-nexmark-auto-213939,Executor3,Stage3-0-0,0,2127,0,22363,720,100342,0,0
1784087246121,nx-q6-nexmark-auto-213939,Executor2,Stage1-1-0,0,25113,24609,47653,15483,2687586,2250,1935654
1784087246121,nx-q6-nexmark-auto-213939,Executor2,Stage2-1-0,0,11940,565,195970,7715,782075,92,36308
1784087246121,nx-q6-nexmark-auto-213939,Executor2,Stage3-1-0,0,181,0,4266,122,8005,0,0
1784087246152,nx-q6-nexmark-auto-213939,Executor4,Stage1-3-0,0,25107,24606,33788,4738,2693172,3271,1945452
1784087246152,nx-q6-nexmark-auto-213939,Executor4,Stage2-3-0,0,12948,279,209371,8174,880354,109,38240
1784087246152,nx-q6-nexmark-auto-213939,Executor4,Stage3-3-0,0,133,0,4122,194,5684,0,0
1784087246189,nx-q6-nexmark-auto-213939,Executor1,Stage1-2-0,0,24729,24232,32268,2839,2663392,2096,1928427
1784087246189,nx-q6-nexmark-auto-213939,Executor1,Stage2-2-0,0,12974,301,233559,9442,883177,73,37866
1784087246189,nx-q6-nexmark-auto-213939,Executor1,Stage3-2-0,0,150,0,4650,215,5850,0,0
1784087246249,nx-q6-nexmark-auto-213939,Executor0,Stage0-0-0,0,23087,23087,76901,0,0,1823,2928373
1784087246249,nx-q6-nexmark-auto-213939,Executor0,Stage0-1-0,0,28002,28002,89830,0,0,1929,2894716
1784087246249,nx-q6-nexmark-auto-213939,Executor0,Stage0-2-0,0,27997,27997,95167,0,0,1824,2932977
1784087246249,nx-q6-nexmark-auto-213939,Executor0,Stage0-3-0,0,26035,26035,73578,0,0,1684,2926025
1784087247110,nx-q6-nexmark-auto-213939,Executor3,Stage1-0-0,0,25193,24668,17975,2021,2708025,1221,1004022
1784087247110,nx-q6-nexmark-auto-213939,Executor3,Stage2-0-0,0,53591,758,469914,9715,3097232,154,17974
1784087247110,nx-q6-nexmark-auto-213939,Executor3,Stage3-0-0,0,1895,0,22116,859,83418,0,0
1784087247121,nx-q6-nexmark-auto-213939,Executor2,Stage1-1-0,0,24967,24469,30270,2112,2670060,1384,1974704
1784087247121,nx-q6-nexmark-auto-213939,Executor2,Stage2-1-0,0,14541,741,234590,8419,1093254,128,44918
1784087247121,nx-q6-nexmark-auto-213939,Executor2,Stage3-1-0,0,328,0,7406,283,13761,0,0
1784087247152,nx-q6-nexmark-auto-213939,Executor4,Stage1-3-0,0,24803,24306,33444,4300,2660724,1467,1952577
1784087247152,nx-q6-nexmark-auto-213939,Executor4,Stage2-3-0,0,14528,744,227722,8703,1072848,100,47059
1784087247152,nx-q6-nexmark-auto-213939,Executor4,Stage3-3-0,0,348,0,7543,283,16555,0,0
1784087247189,nx-q6-nexmark-auto-213939,Executor1,Stage1-2-0,0,25082,24601,30436,1866,2694642,1385,2002921
1784087247189,nx-q6-nexmark-auto-213939,Executor1,Stage2-2-0,0,14633,1191,227227,8574,1093273,127,47281
1784087247189,nx-q6-nexmark-auto-213939,Executor1,Stage3-2-0,0,384,0,9156,379,18272,0,0
1784087247249,nx-q6-nexmark-auto-213939,Executor0,Stage0-0-0,0,25744,25744,86048,0,0,1928,2960952
1784087247249,nx-q6-nexmark-auto-213939,Executor0,Stage0-1-0,0,21998,21998,75753,0,0,2481,2925624
1784087247249,nx-q6-nexmark-auto-213939,Executor0,Stage0-2-0,0,22003,22003,73855,0,0,2452,2966245
1784087247249,nx-q6-nexmark-auto-213939,Executor0,Stage0-3-0,0,26965,26965,72718,0,0,2188,2972799
1784087248110,nx-q6-nexmark-auto-213939,Executor3,Stage1-0-0,0,25081,24542,16651,1949,2701664,1375,951392
1784087248110,nx-q6-nexmark-auto-213939,Executor3,Stage2-0-0,0,60310,816,493055,10280,3535576,129,15880
1784087248110,nx-q6-nexmark-auto-213939,Executor3,Stage3-0-0,0,2192,0,25430,1024,96099,0,0
1784087248121,nx-q6-nexmark-auto-213939,Executor2,Stage1-1-0,0,25056,24560,30800,2473,2692451,1588,2012816
1784087248121,nx-q6-nexmark-auto-213939,Executor2,Stage2-1-0,0,12723,820,213127,8478,954937,155,52858
1784087248121,nx-q6-nexmark-auto-213939,Executor2,Stage3-1-0,0,311,0,7046,257,14661,0,0
1784087248152,nx-q6-nexmark-auto-213939,Executor4,Stage1-3-0,0,24928,24447,30765,2194,2666671,2097,1988576
1784087248152,nx-q6-nexmark-auto-213939,Executor4,Stage2-3-0,0,12271,796,207709,8649,907132,286,51000
1784087248152,nx-q6-nexmark-auto-213939,Executor4,Stage3-3-0,0,278,0,7306,286,12698,0,0
1784087248189,nx-q6-nexmark-auto-213939,Executor1,Stage1-2-0,0,24935,24451,30679,1779,2668215,1370,2003369
1784087248189,nx-q6-nexmark-auto-213939,Executor1,Stage2-2-0,0,12874,677,209490,8457,971647,249,50736
1784087248189,nx-q6-nexmark-auto-213939,Executor1,Stage3-2-0,0,307,0,8258,362,14376,0,0
1784087248249,nx-q6-nexmark-auto-213939,Executor0,Stage0-0-0,0,24256,24256,82598,0,0,1767,2947520
1784087248249,nx-q6-nexmark-auto-213939,Executor0,Stage0-1-0,0,27054,27054,91849,0,0,1875,2905529
1784087248249,nx-q6-nexmark-auto-213939,Executor0,Stage0-2-0,0,27331,27331,92108,0,0,1845,2967155
1784087248249,nx-q6-nexmark-auto-213939,Executor0,Stage0-3-0,0,22837,22837,76247,0,0,1665,2855422
1784087249110,nx-q6-nexmark-auto-213939,Executor3,Stage1-0-0,0,24954,24439,17513,1384,2681073,1322,1131239
1784087249110,nx-q6-nexmark-auto-213939,Executor3,Stage2-0-0,0,58691,666,519957,9908,3615574,62,11477
1784087249110,nx-q6-nexmark-auto-213939,Executor3,Stage3-0-0,0,2586,0,30186,1329,125184,0,0
1784087249121,nx-q6-nexmark-auto-213939,Executor2,Stage1-1-0,0,25239,24724,30570,2336,2709119,2317,1951253
1784087249121,nx-q6-nexmark-auto-213939,Executor2,Stage2-1-0,0,13067,621,211714,8069,877974,90,40310
1784087249121,nx-q6-nexmark-auto-213939,Executor2,Stage3-1-0,0,233,0,5235,176,11231,0,0
1784087249151,nx-q6-nexmark-auto-213939,Executor4,Stage1-3-0,0,24895,24419,34045,4704,2662227,2127,1905290
1784087249151,nx-q6-nexmark-auto-213939,Executor4,Stage2-3-0,0,13134,609,214945,8374,893466,243,40160
1784087249151,nx-q6-nexmark-auto-213939,Executor4,Stage3-3-0,0,133,0,4543,222,5745,0,0
1784087249189,nx-q6-nexmark-auto-213939,Executor1,Stage1-2-0,0,24912,24418,29763,1737,2677018,2187,1912389
1784087249189,nx-q6-nexmark-auto-213939,Executor1,Stage2-2-0,0,13219,683,209723,8155,872541,124,39239
1784087249189,nx-q6-nexmark-auto-213939,Executor1,Stage3-2-0,0,209,0,5886,264,9898,0,0
1784087249249,nx-q6-nexmark-auto-213939,Executor0,Stage0-0-0,0,27997,27997,92729,0,0,1424,2730176
1784087249249,nx-q6-nexmark-auto-213939,Executor0,Stage0-1-0,0,22946,22946,78440,0,0,1856,2719710
1784087249249,nx-q6-nexmark-auto-213939,Executor0,Stage0-2-0,0,23490,23490,79938,0,0,2087,2735785
1784087249249,nx-q6-nexmark-auto-213939,Executor0,Stage0-3-0,0,26985,26985,76715,0,0,1862,2749585
1784087250110,nx-q6-nexmark-auto-213939,Executor3,Stage1-0-0,0,24913,24408,14398,1559,2670229,1267,860800
1784087250110,nx-q6-nexmark-auto-213939,Executor3,Stage2-0-0,0,55928,863,473150,9415,3139760,145,18215
1784087250110,nx-q6-nexmark-auto-213939,Executor3,Stage3-0-0,0,2163,0,28550,1532,93539,0,0
1784087250121,nx-q6-nexmark-auto-213939,Executor2,Stage1-1-0,0,25066,24571,30284,1959,2696006,1940,2051311
1784087250121,nx-q6-nexmark-auto-213939,Executor2,Stage2-1-0,0,13800,804,227379,8654,1095418,167,50112
1784087250121,nx-q6-nexmark-auto-213939,Executor2,Stage3-1-0,0,352,0,7851,309,15803,0,0
1784087250152,nx-q6-nexmark-auto-213939,Executor4,Stage1-3-0,0,24933,24421,34006,4123,2678612,2623,2031833
1784087250152,nx-q6-nexmark-auto-213939,Executor4,Stage2-3-0,0,12913,1095,209666,8336,1011190,297,52316
1784087250152,nx-q6-nexmark-auto-213939,Executor4,Stage3-3-0,0,388,0,9094,334,17994,0,0
1784087250189,nx-q6-nexmark-auto-213939,Executor1,Stage1-2-0,0,25088,24600,31056,1554,2682508,3170,2044914
1784087250189,nx-q6-nexmark-auto-213939,Executor1,Stage2-2-0,0,13394,870,220051,9028,1066034,137,55320
1784087250189,nx-q6-nexmark-auto-213939,Executor1,Stage3-2-0,0,344,0,8522,359,14981,0,0
1784087250249,nx-q6-nexmark-auto-213939,Executor0,Stage0-0-0,0,22003,22003,79217,0,0,2643,2986781
1784087250249,nx-q6-nexmark-auto-213939,Executor0,Stage0-1-0,0,25002,25002,91192,0,0,2165,2963856
1784087250249,nx-q6-nexmark-auto-213939,Executor0,Stage0-2-0,0,26193,26193,90638,0,0,2422,2981475
1784087250249,nx-q6-nexmark-auto-213939,Executor0,Stage0-3-0,0,22176,22176,80415,0,0,2592,2905172
1784087251110,nx-q6-nexmark-auto-213939,Executor3,Stage1-0-0,0,24908,24406,17913,1928,2661492,1576,986838
1784087251110,nx-q6-nexmark-auto-213939,Executor3,Stage2-0-0,0,65012,697,523830,12071,3956842,63,9150
1784087251110,nx-q6-nexmark-auto-213939,Executor3,Stage3-0-0,0,1723,0,20293,903,69373,0,0
1784087251121,nx-q6-nexmark-auto-213939,Executor2,Stage1-1-0,0,24953,24478,38871,6683,2686167,1750,1977484
1784087251121,nx-q6-nexmark-auto-213939,Executor2,Stage2-1-0,0,13220,712,210586,5547,962103,123,43118
1784087251121,nx-q6-nexmark-auto-213939,Executor2,Stage3-1-0,0,269,0,5563,147,13291,0,0
1784087251152,nx-q6-nexmark-auto-213939,Executor4,Stage1-3-0,0,25174,24630,35724,8003,2701820,1909,1992504
1784087251152,nx-q6-nexmark-auto-213939,Executor4,Stage2-3-0,0,12415,381,212279,9592,892624,112,42265
1784087251152,nx-q6-nexmark-auto-213939,Executor4,Stage3-3-0,0,144,0,4395,183,6405,0,0
1784087251189,nx-q6-nexmark-auto-213939,Executor1,Stage1-2-0,0,24965,24486,112059,27217,2678275,1257,1990693
1784087251189,nx-q6-nexmark-auto-213939,Executor1,Stage2-2-0,0,12208,585,210048,8574,866478,128,44546
1784087251189,nx-q6-nexmark-auto-213939,Executor1,Stage3-2-0,0,136,0,4269,165,6116,0,0
1784087251249,nx-q6-nexmark-auto-213939,Executor0,Stage0-0-0,0,27855,27855,114413,0,0,1560,2812413
1784087251249,nx-q6-nexmark-auto-213939,Executor0,Stage0-1-0,0,24998,24998,86707,0,0,1617,2774933
1784087251249,nx-q6-nexmark-auto-213939,Executor0,Stage0-2-0,0,22986,22986,77427,0,0,1544,2836655
1784087251249,nx-q6-nexmark-auto-213939,Executor0,Stage0-3-0,0,27333,27333,92380,0,0,1507,2796403
1784087252110,nx-q6-nexmark-auto-213939,Executor3,Stage1-0-0,0,24879,24387,19502,2226,2659755,1575,1067061
1784087252110,nx-q6-nexmark-auto-213939,Executor3,Stage2-0-0,0,57146,680,513830,10316,3460264,58,13591
1784087252110,nx-q6-nexmark-auto-213939,Executor3,Stage3-0-0,0,2023,0,23111,855,92598,0,0
1784087252121,nx-q6-nexmark-auto-213939,Executor2,Stage1-1-0,0,24797,24324,31065,2426,2671082,6303,1929229
1784087252121,nx-q6-nexmark-auto-213939,Executor2,Stage2-1-0,0,11003,589,180975,7508,700681,177,41175
1784087252121,nx-q6-nexmark-auto-213939,Executor2,Stage3-1-0,0,184,0,6499,281,7947,0,0
1784087252152,nx-q6-nexmark-auto-213939,Executor4,Stage1-3-0,0,24993,24464,29621,2891,2692988,2223,1939429
1784087252152,nx-q6-nexmark-auto-213939,Executor4,Stage2-3-0,0,13731,650,243817,8546,955079,82,41542
1784087252152,nx-q6-nexmark-auto-213939,Executor4,Stage3-3-0,0,210,0,5525,258,9198,0,0
1784087252189,nx-q6-nexmark-auto-213939,Executor1,Stage1-2-0,0,25331,24825,26764,1159,2706118,1715,1950212
1784087252189,nx-q6-nexmark-auto-213939,Executor1,Stage2-2-0,0,13012,705,212320,9267,873993,66,37573
1784087252189,nx-q6-nexmark-auto-213939,Executor1,Stage3-2-0,0,243,0,6162,260,11184,0,0
1784087252249,nx-q6-nexmark-auto-213939,Executor0,Stage0-0-0,0,22284,22284,77064,0,0,1635,2941536
1784087252249,nx-q6-nexmark-auto-213939,Executor0,Stage0-1-0,0,25002,25002,90944,0,0,1450,2876610
1784087252249,nx-q6-nexmark-auto-213939,Executor0,Stage0-2-0,0,24997,24997,87989,0,0,1492,2944560
1784087252249,nx-q6-nexmark-auto-213939,Executor0,Stage0-3-0,0,22667,22667,73689,0,0,1928,2967102
1784087253110,nx-q6-nexmark-auto-213939,Executor3,Stage1-0-0,0,24829,24330,15407,1763,2654727,1296,844253
1784087253110,nx-q6-nexmark-auto-213939,Executor3,Stage2-0-0,0,56004,839,450799,8802,3146573,43,16466
1784087253110,nx-q6-nexmark-auto-213939,Executor3,Stage3-0-0,0,2552,0,33809,1828,116976,0,0
1784087253121,nx-q6-nexmark-auto-213939,Executor2,Stage1-1-0,0,25192,24686,30000,2281,2708037,5408,2059830
1784087253121,nx-q6-nexmark-auto-213939,Executor2,Stage2-1-0,0,13469,768,227252,9205,1050612,81,49761
1784087253121,nx-q6-nexmark-auto-213939,Executor2,Stage3-1-0,0,256,0,7389,298,11818,0,0
1784087253152,nx-q6-nexmark-auto-213939,Executor4,Stage1-3-0,0,25166,24667,29587,2157,2701631,2093,2047466
1784087253152,nx-q6-nexmark-auto-213939,Executor4,Stage2-3-0,0,12082,1086,196810,8096,925797,157,51641
1784087253152,nx-q6-nexmark-auto-213939,Executor4,Stage3-3-0,0,384,0,9446,382,19198,0,0
1784087253189,nx-q6-nexmark-auto-213939,Executor1,Stage1-2-0,0,24813,24317,30228,1732,2662305,3846,2018478
1784087253189,nx-q6-nexmark-auto-213939,Executor1,Stage2-2-0,0,13300,761,209268,8064,1069666,232,50416
1784087253189,nx-q6-nexmark-auto-213939,Executor1,Stage3-2-0,0,307,0,7755,287,12987,0,0
1784087253249,nx-q6-nexmark-auto-213939,Executor0,Stage0-0-0,0,27216,27216,92362,0,0,2266,2981339
1784087253249,nx-q6-nexmark-auto-213939,Executor0,Stage0-1-0,0,27011,27011,84304,0,0,2312,2973480
1784087253249,nx-q6-nexmark-auto-213939,Executor0,Stage0-2-0,0,25003,25003,85967,0,0,1978,2995492
1784087253249,nx-q6-nexmark-auto-213939,Executor0,Stage0-3-0,0,25780,25780,89913,0,0,2512,2901635
1784087254111,nx-q6-nexmark-auto-213939,Executor3,Stage1-0-0,0,25328,24812,20243,1949,2728012,1375,1139465
1784087254111,nx-q6-nexmark-auto-213939,Executor3,Stage2-0-0,0,64152,663,504402,10552,3994013,69,10621
1784087254111,nx-q6-nexmark-auto-213939,Executor3,Stage3-0-0,0,2159,0,26482,1410,98995,0,0
1784087254122,nx-q6-nexmark-auto-213939,Executor2,Stage1-1-0,0,24897,24428,29590,2235,2661404,4931,1930077
1784087254122,nx-q6-nexmark-auto-213939,Executor2,Stage2-1-0,0,11662,662,196407,7943,792520,94,43245
1784087254122,nx-q6-nexmark-auto-213939,Executor2,Stage3-1-0,0,238,0,6516,205,11554,0,0
1784087254152,nx-q6-nexmark-auto-213939,Executor4,Stage1-3-0,0,24742,24259,30576,2698,2655291,2407,1915354
1784087254152,nx-q6-nexmark-auto-213939,Executor4,Stage2-3-0,0,12718,385,209428,8485,872546,124,43430
1784087254152,nx-q6-nexmark-auto-213939,Executor4,Stage3-3-0,0,157,0,4646,224,6300,0,0
1784087254190,nx-q6-nexmark-auto-213939,Executor1,Stage1-2-0,0,25033,24501,29191,1772,2683181,2083,1937962
1784087254190,nx-q6-nexmark-auto-213939,Executor1,Stage2-2-0,0,11624,582,190889,8173,753641,132,42303
1784087254190,nx-q6-nexmark-auto-213939,Executor1,Stage3-2-0,0,208,0,6029,246,9450,0,0
1784087254249,nx-q6-nexmark-auto-213939,Executor0,Stage0-0-0,0,22645,22645,76751,0,0,1937,2849468
1784087254249,nx-q6-nexmark-auto-213939,Executor0,Stage0-1-0,0,25061,25061,86295,0,0,1884,2835882
1784087254249,nx-q6-nexmark-auto-213939,Executor0,Stage0-2-0,0,25818,25818,89607,0,0,1605,2853516
1784087254249,nx-q6-nexmark-auto-213939,Executor0,Stage0-3-0,0,26626,26626,90422,0,0,1524,2833301
1784087255110,nx-q6-nexmark-auto-213939,Executor3,Stage1-0-0,0,24892,24403,18163,1584,2671696,1616,1041725
1784087255110,nx-q6-nexmark-auto-213939,Executor3,Stage2-0-0,0,54385,657,470495,9345,3220865,103,14845
1784087255110,nx-q6-nexmark-auto-213939,Executor3,Stage3-0-0,0,1458,0,17813,802,60774,0,0
1784087255121,nx-q6-nexmark-auto-213939,Executor2,Stage1-1-0,0,24998,24527,29486,2321,2677538,5725,1950821
1784087255121,nx-q6-nexmark-auto-213939,Executor2,Stage2-1-0,0,14660,633,233725,8392,1045271,135,39041
1784087255121,nx-q6-nexmark-auto-213939,Executor2,Stage3-1-0,0,259,0,7133,277,10990,0,0
1784087255152,nx-q6-nexmark-auto-213939,Executor4,Stage1-3-0,0,25066,24573,30033,2596,2697046,2526,1973274
1784087255152,nx-q6-nexmark-auto-213939,Executor4,Stage2-3-0,0,14747,619,230640,8807,1068737,170,39217
1784087255152,nx-q6-nexmark-auto-213939,Executor4,Stage3-3-0,0,254,0,6488,286,11764,0,0
1784087255189,nx-q6-nexmark-auto-213939,Executor1,Stage1-2-0,0,25044,24497,28661,1818,2683611,1434,1964557
1784087255189,nx-q6-nexmark-auto-213939,Executor1,Stage2-2-0,0,14154,799,224411,8537,1020976,167,39251
1784087255189,nx-q6-nexmark-auto-213939,Executor1,Stage3-2-0,0,291,0,7773,332,13372,0,0
1784087255249,nx-q6-nexmark-auto-213939,Executor0,Stage0-0-0,0,27997,27997,95347,0,0,1772,2967819
1784087255249,nx-q6-nexmark-auto-213939,Executor0,Stage0-1-0,0,25425,25425,83387,0,0,1826,3002637
1784087255249,nx-q6-nexmark-auto-213939,Executor0,Stage0-2-0,0,27182,27182,88803,0,0,1817,3024302
1784087255249,nx-q6-nexmark-auto-213939,Executor0,Stage0-3-0,0,22596,22596,78261,0,0,1719,2926453
1784087256110,nx-q6-nexmark-auto-213939,Executor3,Stage1-0-0,0,25170,24682,13840,991,2709044,1342,921306
1784087256110,nx-q6-nexmark-auto-213939,Executor3,Stage2-0-0,0,58060,882,484200,8045,3329328,179,15941
1784087256110,nx-q6-nexmark-auto-213939,Executor3,Stage3-0-0,0,2678,0,39391,2126,121420,0,0
1784087256121,nx-q6-nexmark-auto-213939,Executor2,Stage1-1-0,0,24811,24345,30382,2695,2653656,6362,1995558
1784087256121,nx-q6-nexmark-auto-213939,Executor2,Stage2-1-0,0,12799,880,220233,8610,976225,42,56185
1784087256121,nx-q6-nexmark-auto-213939,Executor2,Stage3-1-0,0,310,0,8953,304,13894,0,0
1784087256152,nx-q6-nexmark-auto-213939,Executor4,Stage1-3-0,0,24860,24325,34159,4130,2663782,4767,1985860
1784087256152,nx-q6-nexmark-auto-213939,Executor4,Stage2-3-0,0,12372,1047,212288,8346,930064,521,56328
1784087256152,nx-q6-nexmark-auto-213939,Executor4,Stage3-3-0,0,344,0,7888,260,16108,0,0
1784087256189,nx-q6-nexmark-auto-213939,Executor1,Stage1-2-0,0,25159,24648,35618,4194,2703286,4005,2043867
1784087256189,nx-q6-nexmark-auto-213939,Executor1,Stage2-2-0,0,13775,756,230155,8388,1081911,288,56390
1784087256189,nx-q6-nexmark-auto-213939,Executor1,Stage3-2-0,0,339,0,9622,403,16030,0,0
1784087256249,nx-q6-nexmark-auto-213939,Executor0,Stage0-0-0,0,22003,22003,79439,0,0,2144,2815871
1784087256249,nx-q6-nexmark-auto-213939,Executor0,Stage0-1-0,0,23338,23338,85664,0,0,1933,2791012
1784087256249,nx-q6-nexmark-auto-213939,Executor0,Stage0-2-0,0,21997,21997,72689,0,0,2179,2893931
1784087256249,nx-q6-nexmark-auto-213939,Executor0,Stage0-3-0,0,24998,24998,87925,0,0,1799,2822409
1784087257110,nx-q6-nexmark-auto-213939,Executor3,Stage1-0-0,0,24959,24494,16742,1421,2670937,1427,991047
1784087257110,nx-q6-nexmark-auto-213939,Executor3,Stage2-0-0,0,62648,684,500309,9845,3772914,128,10033
1784087257110,nx-q6-nexmark-auto-213939,Executor3,Stage3-0-0,0,2205,0,28156,1356,99921,0,0
1784087257121,nx-q6-nexmark-auto-213939,Executor2,Stage1-1-0,0,24949,24414,28983,2284,2674602,7795,1987893
1784087257121,nx-q6-nexmark-auto-213939,Executor2,Stage2-1-0,0,12498,652,209321,8624,919070,53,42448
1784087257121,nx-q6-nexmark-auto-213939,Executor2,Stage3-1-0,0,240,0,6832,250,11527,0,0
1784087257151,nx-q6-nexmark-auto-213939,Executor4,Stage1-3-0,0,25058,24588,32695,2315,2687466,4579,1996033
1784087257151,nx-q6-nexmark-auto-213939,Executor4,Stage2-3-0,0,12569,500,208202,8600,914371,226,43945
1784087257151,nx-q6-nexmark-auto-213939,Executor4,Stage3-3-0,0,180,0,4761,182,8308,0,0
1784087257189,nx-q6-nexmark-auto-213939,Executor1,Stage1-2-0,0,25034,24504,30599,1556,2697277,3506,2005775
1784087257189,nx-q6-nexmark-auto-213939,Executor1,Stage2-2-0,0,11437,684,195286,8311,805796,280,43361
1784087257189,nx-q6-nexmark-auto-213939,Executor1,Stage3-2-0,0,185,0,4956,172,8806,0,0
1784087257249,nx-q6-nexmark-auto-213939,Executor0,Stage0-0-0,0,27435,27435,91187,0,0,1418,2964562
1784087257249,nx-q6-nexmark-auto-213939,Executor0,Stage0-1-0,0,24163,24163,82380,0,0,1189,2823672
1784087257249,nx-q6-nexmark-auto-213939,Executor0,Stage0-2-0,0,28003,28003,84152,0,0,1238,2918492
1784087257249,nx-q6-nexmark-auto-213939,Executor0,Stage0-3-0,0,25788,25788,82964,0,0,1537,2939235
1784087258110,nx-q6-nexmark-auto-213939,Executor3,Stage1-0-0,0,24951,24448,17877,1710,2678602,1352,1011779
1784087258110,nx-q6-nexmark-auto-213939,Executor3,Stage2-0-0,0,60331,667,512840,13512,3624571,59,11855
1784087258110,nx-q6-nexmark-auto-213939,Executor3,Stage3-0-0,0,1526,0,21221,879,61794,0,0
1784087258121,nx-q6-nexmark-auto-213939,Executor2,Stage1-1-0,0,24943,24425,36543,5694,2679740,2153,1974127
1784087258121,nx-q6-nexmark-auto-213939,Executor2,Stage2-1-0,0,13160,693,211244,7970,959592,83,44152
1784087258121,nx-q6-nexmark-auto-213939,Executor2,Stage3-1-0,0,262,0,7602,300,12010,0,0
1784087258152,nx-q6-nexmark-auto-213939,Executor4,Stage1-3-0,0,25064,24569,32031,4044,2676569,2214,1965411
1784087258152,nx-q6-nexmark-auto-213939,Executor4,Stage2-3-0,0,13151,692,211324,8382,951649,148,44412
1784087258152,nx-q6-nexmark-auto-213939,Executor4,Stage3-3-0,0,228,0,5690,221,10101,0,0
1784087258189,nx-q6-nexmark-auto-213939,Executor1,Stage1-2-0,0,25042,24558,31217,3554,2692441,1425,1989353
1784087258189,nx-q6-nexmark-auto-213939,Executor1,Stage2-2-0,0,12308,407,226626,9451,872057,250,45088
1784087258189,nx-q6-nexmark-auto-213939,Executor1,Stage3-2-0,0,238,0,6580,263,10667,0,0
1784087258249,nx-q6-nexmark-auto-213939,Executor0,Stage0-0-0,0,23522,23522,70326,0,0,1449,2839592
1784087258249,nx-q6-nexmark-auto-213939,Executor0,Stage0-1-0,0,27272,27272,95318,0,0,1338,2779346
1784087258249,nx-q6-nexmark-auto-213939,Executor0,Stage0-2-0,0,21997,21997,67240,0,0,1286,2684579
1784087258249,nx-q6-nexmark-auto-213939,Executor0,Stage0-3-0,0,27212,27212,59510,0,0,1340,2756355
1784087259110,nx-q6-nexmark-auto-213939,Executor3,Stage1-0-0,0,24931,24410,14743,1482,2679831,1536,886456
1784087259110,nx-q6-nexmark-auto-213939,Executor3,Stage2-0-0,0,58045,736,570561,18441,3315070,67,15166
1784087259110,nx-q6-nexmark-auto-213939,Executor3,Stage3-0-0,0,2046,0,32385,1520,91631,0,0
1784087259121,nx-q6-nexmark-auto-213939,Executor2,Stage1-1-0,0,24926,24432,30625,2421,2681636,1846,2027385
1784087259121,nx-q6-nexmark-auto-213939,Executor2,Stage2-1-0,0,11528,732,210394,8955,870258,116,45501
1784087259121,nx-q6-nexmark-auto-213939,Executor2,Stage3-1-0,0,303,0,7395,281,13213,0,0
1784087259151,nx-q6-nexmark-auto-213939,Executor4,Stage1-3-0,0,25030,24520,30630,2390,2674862,1592,2025333
1784087259151,nx-q6-nexmark-auto-213939,Executor4,Stage2-3-0,0,11216,742,207508,8769,843385,102,46469
1784087259151,nx-q6-nexmark-auto-213939,Executor4,Stage3-3-0,0,220,0,6136,261,8520,0,0
1784087259189,nx-q6-nexmark-auto-213939,Executor1,Stage1-2-0,0,25113,24638,29648,1839,2693453,2870,2028814
1784087259189,nx-q6-nexmark-auto-213939,Executor1,Stage2-2-0,0,11765,717,231832,9605,878682,161,46685
1784087259189,nx-q6-nexmark-auto-213939,Executor1,Stage3-2-0,0,266,0,6969,304,11807,0,0
1784087259249,nx-q6-nexmark-auto-213939,Executor0,Stage0-0-0,0,26461,26461,91315,0,0,1410,2887007
1784087259249,nx-q6-nexmark-auto-213939,Executor0,Stage0-1-0,0,23662,23662,82783,0,0,1478,2945475
1784087259249,nx-q6-nexmark-auto-213939,Executor0,Stage0-2-0,0,27259,27259,93005,0,0,1516,2968212
1784087259249,nx-q6-nexmark-auto-213939,Executor0,Stage0-3-0,0,24296,24296,82402,0,0,1635,2912149
1784087260110,nx-q6-nexmark-auto-213939,Executor3,Stage1-0-0,0,25045,24552,20229,1572,2685672,1737,1180075
1784087260110,nx-q6-nexmark-auto-213939,Executor3,Stage2-0-0,0,60902,650,584224,20211,3819741,49,9738
1784087260110,nx-q6-nexmark-auto-213939,Executor3,Stage3-0-0,0,2037,0,33209,1771,91483,0,0
1784087260121,nx-q6-nexmark-auto-213939,Executor2,Stage1-1-0,0,25057,24560,34069,2613,2690723,1595,1905082
1784087260121,nx-q6-nexmark-auto-213939,Executor2,Stage2-1-0,0,11768,626,259213,10349,742129,154,40580
1784087260121,nx-q6-nexmark-auto-213939,Executor2,Stage3-1-0,0,154,0,3725,129,6399,0,0
1784087260151,nx-q6-nexmark-auto-213939,Executor4,Stage1-3-0,0,24929,24420,42593,7890,2678321,4313,1906142
1784087260151,nx-q6-nexmark-auto-213939,Executor4,Stage2-3-0,0,12841,644,246565,11251,831438,71,41251
1784087260151,nx-q6-nexmark-auto-213939,Executor4,Stage3-3-0,0,233,0,8585,384,10618,0,0
1784087260189,nx-q6-nexmark-auto-213939,Executor1,Stage1-2-0,0,24969,24468,27701,1647,2675742,1395,1906874
1784087260189,nx-q6-nexmark-auto-213939,Executor1,Stage2-2-0,0,13463,554,244355,8381,885970,123,39985
1784087260189,nx-q6-nexmark-auto-213939,Executor1,Stage3-2-0,0,138,0,4298,221,5715,0,0
1784087260249,nx-q6-nexmark-auto-213939,Executor0,Stage0-0-0,0,22582,22582,77001,0,0,2811,3042330
1784087260249,nx-q6-nexmark-auto-213939,Executor0,Stage0-1-0,0,26150,26150,88984,0,0,2849,3102363
1784087260249,nx-q6-nexmark-auto-213939,Executor0,Stage0-2-0,0,25121,25121,86958,0,0,2985,3039482
1784087260249,nx-q6-nexmark-auto-213939,Executor0,Stage0-3-0,0,22704,22704,76092,0,0,3593,3013867
1784087261110,nx-q6-nexmark-auto-213939,Executor3,Stage1-0-0,0,25056,24540,16171,1610,2682461,1487,936625
1784087261110,nx-q6-nexmark-auto-213939,Executor3,Stage2-0-0,0,54422,770,508938,11966,3104052,90,17405
1784087261110,nx-q6-nexmark-auto-213939,Executor3,Stage3-0-0,0,1999,0,23154,936,88826,0,0
1784087261121,nx-q6-nexmark-auto-213939,Executor2,Stage1-1-0,0,24769,24241,34743,3132,2660507,1549,1989980
1784087261121,nx-q6-nexmark-auto-213939,Executor2,Stage2-1-0,0,16686,758,343878,16333,1312387,193,47999
1784087261121,nx-q6-nexmark-auto-213939,Executor2,Stage3-1-0,0,303,0,8793,418,13968,0,0
1784087261151,nx-q6-nexmark-auto-213939,Executor4,Stage1-3-0,0,25096,24608,29369,34028,2688117,2893,2015418
1784087261151,nx-q6-nexmark-auto-213939,Executor4,Stage2-3-0,0,15356,989,237055,8512,1189424,156,45027
1784087261151,nx-q6-nexmark-auto-213939,Executor4,Stage3-3-0,0,445,0,9688,371,21071,0,0
1784087261189,nx-q6-nexmark-auto-213939,Executor1,Stage1-2-0,0,25011,24543,28889,1865,2690435,1637,2023621
1784087261189,nx-q6-nexmark-auto-213939,Executor1,Stage2-2-0,0,15359,1235,240466,8979,1209312,82,48970
1784087261189,nx-q6-nexmark-auto-213939,Executor1,Stage3-2-0,0,372,0,8616,359,16930,0,0
1784087261249,nx-q6-nexmark-auto-213939,Executor0,Stage0-0-0,0,27624,27624,101909,0,0,2127,2696738
1784087261249,nx-q6-nexmark-auto-213939,Executor0,Stage0-1-0,0,22916,22916,76475,0,0,1970,2632515
1784087261249,nx-q6-nexmark-auto-213939,Executor0,Stage0-2-0,0,23443,23443,78536,0,0,2034,2745922
1784087261249,nx-q6-nexmark-auto-213939,Executor0,Stage0-3-0,0,27300,27300,87505,0,0,1586,2667144
1784087262115,nx-q6-nexmark-auto-213939,Executor3,Stage1-0-0,0,24879,24388,15926,1661,2672384,1380,922300
1784087262115,nx-q6-nexmark-auto-213939,Executor3,Stage2-0-0,0,60741,765,505867,7693,3560356,83,12091
1784087262115,nx-q6-nexmark-auto-213939,Executor3,Stage3-0-0,0,2218,0,28176,1088,97475,0,0
1784087262121,nx-q6-nexmark-auto-213939,Executor2,Stage1-1-0,0,25121,24619,31303,2531,2690942,1976,2021198
1784087262121,nx-q6-nexmark-auto-213939,Executor2,Stage2-1-0,0,11212,791,197800,7828,826598,117,51970
1784087262121,nx-q6-nexmark-auto-213939,Executor2,Stage3-1-0,0,228,0,6714,236,10749,0,0
1784087262152,nx-q6-nexmark-auto-213939,Executor4,Stage1-3-0,0,25048,24528,30392,2298,2686700,3021,2007681
1784087262152,nx-q6-nexmark-auto-213939,Executor4,Stage2-3-0,0,11764,538,205113,8179,867669,83,51560
1784087262152,nx-q6-nexmark-auto-213939,Executor4,Stage3-3-0,0,247,0,6272,241,11425,0,0
1784087262189,nx-q6-nexmark-auto-213939,Executor1,Stage1-2-0,0,25020,24533,29747,1898,2687186,1763,1999822
1784087262189,nx-q6-nexmark-auto-213939,Executor1,Stage2-2-0,0,11625,649,203228,8484,854089,90,49221
1784087262189,nx-q6-nexmark-auto-213939,Executor1,Stage3-2-0,0,265,0,6632,269,11902,0,0
1784087262249,nx-q6-nexmark-auto-213939,Executor0,Stage0-0-0,0,22376,22376,77170,0,0,4637,3005452
1784087262249,nx-q6-nexmark-auto-213939,Executor0,Stage0-1-0,0,27486,27486,95050,0,0,4138,2867605
1784087262249,nx-q6-nexmark-auto-213939,Executor0,Stage0-2-0,0,24177,24177,82729,0,0,3706,2974534
1784087262249,nx-q6-nexmark-auto-213939,Executor0,Stage0-3-0,0,22700,22700,79868,0,0,4278,2908928
1784087263110,nx-q6-nexmark-auto-213939,Executor3,Stage1-0-0,0,25172,24689,19499,1888,2694373,1566,1117277
1784087263110,nx-q6-nexmark-auto-213939,Executor3,Stage2-0-0,0,62564,642,532738,14790,3889648,89,11741
1784087263110,nx-q6-nexmark-auto-213939,Executor3,Stage3-0-0,0,2135,0,23997,847,99828,0,0
1784087263121,nx-q6-nexmark-auto-213939,Executor2,Stage1-1-0,0,24988,24468,30136,2393,2683418,1910,1933549
1784087263121,nx-q6-nexmark-auto-213939,Executor2,Stage2-1-0,0,13326,632,208057,7929,920924,151,39998
1784087263121,nx-q6-nexmark-auto-213939,Executor2,Stage3-1-0,0,209,0,5914,203,8762,0,0
1784087263152,nx-q6-nexmark-auto-213939,Executor4,Stage1-3-0,0,24706,24228,28665,2126,2653759,1654,1920047
1784087263152,nx-q6-nexmark-auto-213939,Executor4,Stage2-3-0,0,13269,610,206912,7647,922005,151,38682
1784087263152,nx-q6-nexmark-auto-213939,Executor4,Stage3-3-0,0,170,0,5915,284,6741,0,0
1784087263189,nx-q6-nexmark-auto-213939,Executor1,Stage1-2-0,0,25134,24615,28493,1560,2699030,2284,1954970
1784087263189,nx-q6-nexmark-auto-213939,Executor1,Stage2-2-0,0,13032,612,207284,8341,884525,139,40128
1784087263189,nx-q6-nexmark-auto-213939,Executor1,Stage3-2-0,0,231,0,5931,250,10174,0,0
1784087263249,nx-q6-nexmark-auto-213939,Executor0,Stage0-0-0,0,24997,24997,90959,0,0,1699,2880926
1784087263249,nx-q6-nexmark-auto-213939,Executor0,Stage0-1-0,0,22514,22514,79481,0,0,2079,2886683
1784087263249,nx-q6-nexmark-auto-213939,Executor0,Stage0-2-0,0,27374,27374,97144,0,0,2158,2870213
1784087263249,nx-q6-nexmark-auto-213939,Executor0,Stage0-3-0,0,25002,25002,84186,0,0,1960,2886345
1784087264110,nx-q6-nexmark-auto-213939,Executor3,Stage1-0-0,0,25048,24528,15569,1642,2680560,1228,899613
1784087264110,nx-q6-nexmark-auto-213939,Executor3,Stage2-0-0,0,56328,751,478800,9575,3206693,145,17355
1784087264110,nx-q6-nexmark-auto-213939,Executor3,Stage3-0-0,0,1915,0,21972,841,84652,0,0
1784087264121,nx-q6-nexmark-auto-213939,Executor2,Stage1-1-0,0,24961,24464,29962,2127,2683697,2000,2016624
1784087264121,nx-q6-nexmark-auto-213939,Executor2,Stage2-1-0,0,13691,738,218473,8057,1057180,197,45678
1784087264121,nx-q6-nexmark-auto-213939,Executor2,Stage3-1-0,0,323,0,9306,390,14214,0,0
1784087264152,nx-q6-nexmark-auto-213939,Executor4,Stage1-3-0,0,25016,24525,29882,2343,2675365,1900,2022801
1784087264152,nx-q6-nexmark-auto-213939,Executor4,Stage2-3-0,0,12702,773,210896,7972,966564,209,46222
1784087264152,nx-q6-nexmark-auto-213939,Executor4,Stage3-3-0,0,323,0,7612,259,15459,0,0
1784087264189,nx-q6-nexmark-auto-213939,Executor1,Stage1-2-0,0,24975,24483,29101,1783,2688802,1968,2034327
1784087264189,nx-q6-nexmark-auto-213939,Executor1,Stage2-2-0,0,13043,880,211948,8146,1008540,118,46940
1784087264189,nx-q6-nexmark-auto-213939,Executor1,Stage3-2-0,0,337,0,9131,440,15128,0,0
1784087264249,nx-q6-nexmark-auto-213939,Executor0,Stage0-0-0,0,26848,26848,92331,0,0,58723,3221454
1784087264249,nx-q6-nexmark-auto-213939,Executor0,Stage0-1-0,0,27305,27305,101720,0,0,1918,3256709
1784087264249,nx-q6-nexmark-auto-213939,Executor0,Stage0-2-0,0,22626,22626,82506,0,0,2107,2991179
1784087264249,nx-q6-nexmark-auto-213939,Executor0,Stage0-3-0,0,24998,24998,83356,0,0,1919,2997897
1784087265110,nx-q6-nexmark-auto-213939,Executor3,Stage1-0-0,0,25100,24603,17367,1568,2683735,1460,1002319
1784087265110,nx-q6-nexmark-auto-213939,Executor3,Stage2-0-0,0,63787,789,513437,10727,3854440,77,12173
1784087265110,nx-q6-nexmark-auto-213939,Executor3,Stage3-0-0,0,2171,0,23963,869,93546,0,0
1784087265121,nx-q6-nexmark-auto-213939,Executor2,Stage1-1-0,0,25024,24482,30709,2564,2687176,1806,1977238
1784087265121,nx-q6-nexmark-auto-213939,Executor2,Stage2-1-0,0,11940,727,194644,7974,845459,87,47030
1784087265121,nx-q6-nexmark-auto-213939,Executor2,Stage3-1-0,0,258,0,7554,333,11965,0,0
1784087265151,nx-q6-nexmark-auto-213939,Executor4,Stage1-3-0,0,24989,24500,29758,2176,2684603,2099,1984559
1784087265151,nx-q6-nexmark-auto-213939,Executor4,Stage2-3-0,0,12436,682,221731,10582,901080,106,48025
1784087265151,nx-q6-nexmark-auto-213939,Executor4,Stage3-3-0,0,170,0,5275,228,7622,0,0
1784087265189,nx-q6-nexmark-auto-213939,Executor1,Stage1-2-0,0,24887,24415,29654,1849,2673911,1729,1981951
1784087265189,nx-q6-nexmark-auto-213939,Executor1,Stage2-2-0,0,12114,629,207942,8444,864877,161,48378
1784087265189,nx-q6-nexmark-auto-213939,Executor1,Stage3-2-0,0,236,0,6360,256,10642,0,0
1784087265249,nx-q6-nexmark-auto-213939,Executor0,Stage0-0-0,0,23152,23152,76831,0,0,1990,2622134
1784087265249,nx-q6-nexmark-auto-213939,Executor0,Stage0-1-0,0,22695,22695,78062,0,0,1345,2539219
1784087265249,nx-q6-nexmark-auto-213939,Executor0,Stage0-2-0,0,28003,28003,100262,0,0,1740,2828214
1784087265249,nx-q6-nexmark-auto-213939,Executor0,Stage0-3-0,0,25002,25002,90954,0,0,1809,2815030
1784087266110,nx-q6-nexmark-auto-213939,Executor3,Stage1-0-0,0,24885,24390,18617,1646,2670651,1731,1115495
1784087266110,nx-q6-nexmark-auto-213939,Executor3,Stage2-0-0,0,56905,643,467627,54943,3480313,120,10358
1784087266110,nx-q6-nexmark-auto-213939,Executor3,Stage3-0-0,0,2075,0,21709,759,94831,0,0
1784087266121,nx-q6-nexmark-auto-213939,Executor2,Stage1-1-0,0,24914,24454,31084,3162,2663772,3222,1921734
1784087266121,nx-q6-nexmark-auto-213939,Executor2,Stage2-1-0,0,13382,590,225334,7776,929300,158,37722
1784087266121,nx-q6-nexmark-auto-213939,Executor2,Stage3-1-0,0,219,0,6250,222,10074,0,0
1784087266152,nx-q6-nexmark-auto-213939,Executor4,Stage1-3-0,0,25132,24610,29921,2702,2699521,1981,1951146
1784087266152,nx-q6-nexmark-auto-213939,Executor4,Stage2-3-0,0,10860,597,220033,8654,675560,117,38644
1784087266152,nx-q6-nexmark-auto-213939,Executor4,Stage3-3-0,0,178,0,6537,269,8037,0,0
1784087266189,nx-q6-nexmark-auto-213939,Executor1,Stage1-2-0,0,25069,24546,33485,5756,2694132,1887,1932997
1784087266189,nx-q6-nexmark-auto-213939,Executor1,Stage2-2-0,0,12353,299,248605,9555,804147,132,39025
1784087266189,nx-q6-nexmark-auto-213939,Executor1,Stage3-2-0,0,153,0,6774,296,6044,0,0
1784087266249,nx-q6-nexmark-auto-213939,Executor0,Stage0-0-0,0,25653,25653,74091,0,0,2199,2972382
1784087266249,nx-q6-nexmark-auto-213939,Executor0,Stage0-1-0,0,28002,28002,90991,0,0,1888,2878580
1784087266249,nx-q6-nexmark-auto-213939,Executor0,Stage0-2-0,0,24157,24157,87009,0,0,2541,2883861
1784087266249,nx-q6-nexmark-auto-213939,Executor0,Stage0-3-0,0,27944,27944,94171,0,0,1589,2902317
1784087267110,nx-q6-nexmark-auto-213939,Executor3,Stage1-0-0,0,24892,24413,14881,1502,2669374,1228,873274
1784087267110,nx-q6-nexmark-auto-213939,Executor3,Stage2-0-0,0,55761,913,463551,8640,3141379,81,18725
1784087267110,nx-q6-nexmark-auto-213939,Executor3,Stage3-0-0,0,2193,0,26807,1068,92733,0,0
1784087267121,nx-q6-nexmark-auto-213939,Executor2,Stage1-1-0,0,25284,24765,30551,2013,2718195,1620,2062081
1784087267121,nx-q6-nexmark-auto-213939,Executor2,Stage2-1-0,0,13767,892,218245,8184,1074296,146,56483
1784087267121,nx-q6-nexmark-auto-213939,Executor2,Stage3-1-0,0,304,0,9110,387,13151,0,0
1784087267152,nx-q6-nexmark-auto-213939,Executor4,Stage1-3-0,0,24832,24337,30634,2422,2670684,1992,2030584
1784087267152,nx-q6-nexmark-auto-213939,Executor4,Stage2-3-0,0,15597,1196,315368,15737,1269926,142,53821
1784087267152,nx-q6-nexmark-auto-213939,Executor4,Stage3-3-0,0,390,0,8984,387,18049,0,0
1784087267189,nx-q6-nexmark-auto-213939,Executor1,Stage1-2-0,0,24992,24485,28789,1428,2669931,1618,2021558
1784087267189,nx-q6-nexmark-auto-213939,Executor1,Stage2-2-0,0,15483,1244,237898,8450,1269290,150,56054
1784087267189,nx-q6-nexmark-auto-213939,Executor1,Stage3-2-0,0,406,0,9786,398,19009,0,0
1784087267249,nx-q6-nexmark-auto-213939,Executor0,Stage0-0-0,0,24347,24347,93945,0,0,1494,2706631
1784087267249,nx-q6-nexmark-auto-213939,Executor0,Stage0-1-0,0,21998,21998,87219,0,0,1943,2763608
1784087267249,nx-q6-nexmark-auto-213939,Executor0,Stage0-2-0,0,22843,22843,88975,0,0,1687,2803807
1784087267249,nx-q6-nexmark-auto-213939,Executor0,Stage0-3-0,0,22056,22056,87978,0,0,1951,2730207
1784087268110,nx-q6-nexmark-auto-213939,Executor3,Stage1-0-0,0,24998,24506,18492,1820,2679433,1729,1050575
1784087268110,nx-q6-nexmark-auto-213939,Executor3,Stage2-0-0,0,63803,714,513234,10680,3899738,46,11461
1784087268110,nx-q6-nexmark-auto-213939,Executor3,Stage3-0-0,0,2344,0,26981,987,107703,0,0
1784087268121,nx-q6-nexmark-auto-213939,Executor2,Stage1-1-0,0,24732,24228,29520,1975,2645196,1738,1938196
1784087268121,nx-q6-nexmark-auto-213939,Executor2,Stage2-1-0,0,11320,720,187753,7749,787417,148,46900
1784087268121,nx-q6-nexmark-auto-213939,Executor2,Stage3-1-0,0,241,0,5316,150,11358,0,0
1784087268151,nx-q6-nexmark-auto-213939,Executor4,Stage1-3-0,0,25215,24728,30137,2358,2705918,1819,1982425
1784087268151,nx-q6-nexmark-auto-213939,Executor4,Stage2-3-0,0,12577,353,205499,8335,873301,147,44369
1784087268151,nx-q6-nexmark-auto-213939,Executor4,Stage3-3-0,0,174,0,5376,251,6900,0,0
1784087268189,nx-q6-nexmark-auto-213939,Executor1,Stage1-2-0,0,25055,24538,29706,2145,2698242,1790,1973945
1784087268189,nx-q6-nexmark-auto-213939,Executor1,Stage2-2-0,0,11091,315,207262,10261,736993,143,44839
1784087268189,nx-q6-nexmark-auto-213939,Executor1,Stage3-2-0,0,179,0,6235,303,8956,0,0
1784087268249,nx-q6-nexmark-auto-213939,Executor0,Stage0-0-0,0,25003,25003,89599,0,0,1950,2980840
1784087268249,nx-q6-nexmark-auto-213939,Executor0,Stage0-1-0,0,25002,25002,80862,0,0,1890,3000431
1784087268249,nx-q6-nexmark-auto-213939,Executor0,Stage0-2-0,0,27261,27261,93601,0,0,2080,3054873
1784087268249,nx-q6-nexmark-auto-213939,Executor0,Stage0-3-0,0,24998,24998,89385,0,0,2376,2888987
1784087269110,nx-q6-nexmark-auto-213939,Executor3,Stage1-0-0,0,25258,24764,18924,1717,2710318,1806,1097100
1784087269110,nx-q6-nexmark-auto-213939,Executor3,Stage2-0-0,0,56498,712,512064,10260,3396994,67,13231
1784087269110,nx-q6-nexmark-auto-213939,Executor3,Stage3-0-0,0,2075,0,22527,841,93095,0,0
1784087269121,nx-q6-nexmark-auto-213939,Executor2,Stage1-1-0,0,25090,24580,30647,2130,2690579,3349,1948279
1784087269121,nx-q6-nexmark-auto-213939,Executor2,Stage2-1-0,0,11907,668,225592,9051,791496,164,43462
1784087269121,nx-q6-nexmark-auto-213939,Executor2,Stage3-1-0,0,151,0,5309,200,6298,0,0
1784087269152,nx-q6-nexmark-auto-213939,Executor4,Stage1-3-0,0,24669,24186,31507,4354,2650137,2052,1927149
1784087269152,nx-q6-nexmark-auto-213939,Executor4,Stage2-3-0,0,13819,674,220231,8244,985791,120,42806
1784087269152,nx-q6-nexmark-auto-213939,Executor4,Stage3-3-0,0,269,0,8523,341,12337,0,0
1784087269189,nx-q6-nexmark-auto-213939,Executor1,Stage1-2-0,0,24983,24470,85019,31987,2677782,1562,1947344
1784087269189,nx-q6-nexmark-auto-213939,Executor1,Stage2-2-0,0,12561,672,277391,13498,863319,133,42558
1784087269189,nx-q6-nexmark-auto-213939,Executor1,Stage3-2-0,0,194,0,9503,420,7642,0,0
1784087269249,nx-q6-nexmark-auto-213939,Executor0,Stage0-0-0,0,25797,25797,90565,0,0,1927,2874356
1784087269249,nx-q6-nexmark-auto-213939,Executor0,Stage0-1-0,0,27998,27998,99861,0,0,1454,2785932
1784087269249,nx-q6-nexmark-auto-213939,Executor0,Stage0-2-0,0,22739,22739,79425,0,0,1863,2747788
1784087269249,nx-q6-nexmark-auto-213939,Executor0,Stage0-3-0,0,27349,27349,71810,0,0,1585,2855686
1784087270110,nx-q6-nexmark-auto-213939,Executor3,Stage1-0-0,0,25182,24676,14613,1659,2694755,1386,843614
1784087270110,nx-q6-nexmark-auto-213939,Executor3,Stage2-0-0,0,58625,729,496407,11527,3321665,138,14354
1784087270110,nx-q6-nexmark-auto-213939,Executor3,Stage3-0-0,0,2005,0,22866,863,88982,0,0
1784087270121,nx-q6-nexmark-auto-213939,Executor2,Stage1-1-0,0,24911,24412,31041,1922,2664585,1549,2034470
1784087270121,nx-q6-nexmark-auto-213939,Executor2,Stage2-1-0,0,14720,712,329248,15453,1183987,133,45043
1784087270121,nx-q6-nexmark-auto-213939,Executor2,Stage3-1-0,0,306,0,7107,315,14177,0,0
1784087270152,nx-q6-nexmark-auto-213939,Executor4,Stage1-3-0,0,25147,24663,33271,5337,2707513,1451,2052953
1784087270152,nx-q6-nexmark-auto-213939,Executor4,Stage2-3-0,0,12131,1157,198481,7949,923687,120,43747
1784087270152,nx-q6-nexmark-auto-213939,Executor4,Stage3-3-0,0,352,0,8990,317,17123,0,0
1784087270189,nx-q6-nexmark-auto-213939,Executor1,Stage1-2-0,0,24760,24249,37602,4670,2662082,1829,2022787
1784087270189,nx-q6-nexmark-auto-213939,Executor1,Stage2-2-0,0,15164,1156,266296,11677,1240047,146,43976
1784087270189,nx-q6-nexmark-auto-213939,Executor1,Stage3-2-0,0,345,0,8562,393,16127,0,0
1784087270249,nx-q6-nexmark-auto-213939,Executor0,Stage0-0-0,0,24203,24203,86535,0,0,1970,2828181
1784087270249,nx-q6-nexmark-auto-213939,Executor0,Stage0-1-0,0,22002,22002,71432,0,0,2032,2823660
1784087270249,nx-q6-nexmark-auto-213939,Executor0,Stage0-2-0,0,25654,25654,84084,0,0,2139,2954679
1784087270249,nx-q6-nexmark-auto-213939,Executor0,Stage0-3-0,0,22651,22651,73693,0,0,2003,2794537
1784087271110,nx-q6-nexmark-auto-213939,Executor3,Stage1-0-0,0,25004,24518,19514,1750,2684348,1644,1141485
1784087271110,nx-q6-nexmark-auto-213939,Executor3,Stage2-0-0,0,62387,694,498123,10967,3888579,67,10637
1784087271110,nx-q6-nexmark-auto-213939,Executor3,Stage3-0-0,0,2052,0,29762,1448,90481,0,0
1784087271121,nx-q6-nexmark-auto-213939,Executor2,Stage1-1-0,0,24826,24319,41055,4594,2661590,2027,1910248
1784087271121,nx-q6-nexmark-auto-213939,Executor2,Stage2-1-0,0,12094,653,223353,10125,806527,97,42676
1784087271121,nx-q6-nexmark-auto-213939,Executor2,Stage3-1-0,0,199,0,5319,203,9192,0,0
1784087271152,nx-q6-nexmark-auto-213939,Executor4,Stage1-3-0,0,25144,24581,32613,2345,2699660,1932,1908677
1784087271152,nx-q6-nexmark-auto-213939,Executor4,Stage2-3-0,0,12959,220,243529,8590,863764,76,44397
1784087271152,nx-q6-nexmark-auto-213939,Executor4,Stage3-3-0,0,121,0,3536,163,4217,0,0
1784087271189,nx-q6-nexmark-auto-213939,Executor1,Stage1-2-0,0,25026,24582,30450,2797,2681841,1672,1911558
1784087271189,nx-q6-nexmark-auto-213939,Executor1,Stage2-2-0,0,12123,410,200698,8198,760914,93,42435
1784087271189,nx-q6-nexmark-auto-213939,Executor1,Stage3-2-0,0,220,0,6219,256,9849,0,0
1784087271249,nx-q6-nexmark-auto-213939,Executor0,Stage0-0-0,0,27997,27997,98512,0,0,1234,2808192
1784087271249,nx-q6-nexmark-auto-213939,Executor0,Stage0-1-0,0,27998,27998,98581,0,0,1266,2779955
1784087271249,nx-q6-nexmark-auto-213939,Executor0,Stage0-2-0,0,24346,24346,86333,0,0,1264,2714939
1784087271249,nx-q6-nexmark-auto-213939,Executor0,Stage0-3-0,0,25002,25002,82787,0,0,1305,2782656
1784087272110,nx-q6-nexmark-auto-213939,Executor3,Stage1-0-0,0,25174,24671,17189,1714,2701868,1384,1001239
1784087272110,nx-q6-nexmark-auto-213939,Executor3,Stage2-0-0,0,53202,765,447924,7765,3062027,151,17215
1784087272110,nx-q6-nexmark-auto-213939,Executor3,Stage3-0-0,0,2101,0,22982,924,94800,0,0
1784087272121,nx-q6-nexmark-auto-213939,Executor2,Stage1-1-0,0,25121,24599,31030,2256,2689021,1972,1995819
1784087272121,nx-q6-nexmark-auto-213939,Executor2,Stage2-1-0,0,14793,780,239470,8528,1107038,153,48322
1784087272121,nx-q6-nexmark-auto-213939,Executor2,Stage3-1-0,0,296,0,5948,226,12362,0,0
1784087272152,nx-q6-nexmark-auto-213939,Executor4,Stage1-3-0,0,24838,24363,29893,2327,2665078,3700,1978637
1784087272152,nx-q6-nexmark-auto-213939,Executor4,Stage2-3-0,0,14878,736,235750,8498,1126287,103,46166
1784087272152,nx-q6-nexmark-auto-213939,Executor4,Stage3-3-0,0,372,0,8147,339,17619,0,0
1784087272189,nx-q6-nexmark-auto-213939,Executor1,Stage1-2-0,0,24867,24367,29633,2038,2674618,1726,1965413
1784087272189,nx-q6-nexmark-auto-213939,Executor1,Stage2-2-0,0,13621,621,243333,9476,994571,148,46075
1784087272189,nx-q6-nexmark-auto-213939,Executor1,Stage3-2-0,0,339,0,8762,427,14904,0,0
1784087272249,nx-q6-nexmark-auto-213939,Executor0,Stage0-0-0,0,22422,22422,77594,0,0,1627,2901134
1784087272249,nx-q6-nexmark-auto-213939,Executor0,Stage0-1-0,0,22002,22002,80828,0,0,1559,2875462
1784087272249,nx-q6-nexmark-auto-213939,Executor0,Stage0-2-0,0,27620,27620,96747,0,0,1471,2907940
1784087272249,nx-q6-nexmark-auto-213939,Executor0,Stage0-3-0,0,25419,25419,87125,0,0,1465,2868734
1784087273110,nx-q6-nexmark-auto-213939,Executor3,Stage1-0-0,0,25184,24665,14428,1545,2704650,1434,904271
1784087273110,nx-q6-nexmark-auto-213939,Executor3,Stage2-0-0,0,60761,847,529615,9379,3517347,91,15597
1784087273110,nx-q6-nexmark-auto-213939,Executor3,Stage3-0-0,0,2215,0,24772,976,95510,0,0
1784087273121,nx-q6-nexmark-auto-213939,Executor2,Stage1-1-0,0,24897,24379,31562,3164,2680112,1744,2018107
1784087273121,nx-q6-nexmark-auto-213939,Executor2,Stage2-1-0,0,12464,801,213014,8744,952839,111,51606
1784087273121,nx-q6-nexmark-auto-213939,Executor2,Stage3-1-0,0,295,0,6849,259,13758,0,0
1784087273152,nx-q6-nexmark-auto-213939,Executor4,Stage1-3-0,0,24970,24523,31760,4489,2667236,3471,2020670
1784087273152,nx-q6-nexmark-auto-213939,Executor4,Stage2-3-0,0,11650,1135,192325,7783,875825,60,52524
1784087273152,nx-q6-nexmark-auto-213939,Executor4,Stage3-3-0,0,271,0,6840,275,12149,0,0
1784087273189,nx-q6-nexmark-auto-213939,Executor1,Stage1-2-0,0,24949,24433,27879,1165,2676340,1742,2015486
1784087273189,nx-q6-nexmark-auto-213939,Executor1,Stage2-2-0,0,13219,1158,224934,10006,1038764,124,54689
1784087273189,nx-q6-nexmark-auto-213939,Executor1,Stage3-2-0,0,305,0,7522,333,13923,0,0
1784087273249,nx-q6-nexmark-auto-213939,Executor0,Stage0-0-0,0,24578,24578,83098,0,0,2100,3102230
1784087273249,nx-q6-nexmark-auto-213939,Executor0,Stage0-1-0,0,24998,24998,83036,0,0,1737,3086551
1784087273249,nx-q6-nexmark-auto-213939,Executor0,Stage0-2-0,0,24535,24535,87857,0,0,1839,3034843
1784087273249,nx-q6-nexmark-auto-213939,Executor0,Stage0-3-0,0,26656,26656,78027,0,0,1885,3103065
1784087274110,nx-q6-nexmark-auto-213939,Executor3,Stage1-0-0,0,25115,24659,20012,1654,2686638,1689,1164878
1784087274110,nx-q6-nexmark-auto-213939,Executor3,Stage2-0-0,0,61275,654,496523,9839,3820168,35,9801
1784087274110,nx-q6-nexmark-auto-213939,Executor3,Stage3-0-0,0,2273,0,30556,1405,105513,0,0
1784087274121,nx-q6-nexmark-auto-213939,Executor2,Stage1-1-0,0,25014,24475,31774,2693,2681128,2008,1926968
1784087274121,nx-q6-nexmark-auto-213939,Executor2,Stage2-1-0,0,12112,673,203513,8109,811514,122,43386
1784087274121,nx-q6-nexmark-auto-213939,Executor2,Stage3-1-0,0,230,0,5021,133,10636,0,0
1784087274152,nx-q6-nexmark-auto-213939,Executor4,Stage1-3-0,0,24849,24358,29402,2310,2669500,4748,1919814
1784087274152,nx-q6-nexmark-auto-213939,Executor4,Stage2-3-0,0,13089,330,217850,8961,885096,108,42765
1784087274152,nx-q6-nexmark-auto-213939,Executor4,Stage3-3-0,0,125,0,3920,179,5190,0,0
1784087274189,nx-q6-nexmark-auto-213939,Executor1,Stage1-2-0,0,25022,24508,29236,1778,2692520,1814,1923453
1784087274189,nx-q6-nexmark-auto-213939,Executor1,Stage2-2-0,0,12946,425,211156,8526,842328,189,42745
1784087274189,nx-q6-nexmark-auto-213939,Executor1,Stage3-2-0,0,200,0,5349,215,8807,0,0
1784087274249,nx-q6-nexmark-auto-213939,Executor0,Stage0-0-0,0,27967,27967,92695,0,0,1555,2804036
1784087274249,nx-q6-nexmark-auto-213939,Executor0,Stage0-1-0,0,25002,25002,86079,0,0,1371,2758706
1784087274249,nx-q6-nexmark-auto-213939,Executor0,Stage0-2-0,0,22842,22842,78748,0,0,1847,2839001
1784087274249,nx-q6-nexmark-auto-213939,Executor0,Stage0-3-0,0,22923,22923,78225,0,0,1884,2769355
1784087275110,nx-q6-nexmark-auto-213939,Executor3,Stage1-0-0,0,24751,24301,16611,1992,2662921,2373,923817
1784087275110,nx-q6-nexmark-auto-213939,Executor3,Stage2-0-0,0,54035,715,547041,17010,3066446,36,16512
1784087275110,nx-q6-nexmark-auto-213939,Executor3,Stage3-0-0,0,1974,0,23323,817,89800,0,0
1784087275121,nx-q6-nexmark-auto-213939,Executor2,Stage1-1-0,0,25272,24767,30849,2455,2706722,1924,2029956
1784087275121,nx-q6-nexmark-auto-213939,Executor2,Stage2-1-0,0,14993,689,240980,8503,1154372,117,42598
1784087275121,nx-q6-nexmark-auto-213939,Executor2,Stage3-1-0,0,287,0,6472,251,12371,0,0
1784087275152,nx-q6-nexmark-auto-213939,Executor4,Stage1-3-0,0,24945,24417,29369,2398,2684040,1684,2001964
1784087275152,nx-q6-nexmark-auto-213939,Executor4,Stage2-3-0,0,13866,811,218714,8310,1063566,147,41465
1784087275152,nx-q6-nexmark-auto-213939,Executor4,Stage3-3-0,0,322,0,7548,285,15382,0,0
1784087275189,nx-q6-nexmark-auto-213939,Executor1,Stage1-2-0,0,25032,24515,29825,2037,2695931,1676,2020666
1784087275189,nx-q6-nexmark-auto-213939,Executor1,Stage2-2-0,0,13606,1072,219313,8304,1045532,167,41919
1784087275189,nx-q6-nexmark-auto-213939,Executor1,Stage3-2-0,0,287,0,7862,348,12710,0,0
1784087275249,nx-q6-nexmark-auto-213939,Executor0,Stage0-0-0,0,22033,22033,74826,0,0,1824,2866034
1784087275249,nx-q6-nexmark-auto-213939,Executor0,Stage0-1-0,0,27929,27929,96095,0,0,1856,2843903
1784087275249,nx-q6-nexmark-auto-213939,Executor0,Stage0-2-0,0,27414,27414,93612,0,0,1678,2887149
1784087275249,nx-q6-nexmark-auto-213939,Executor0,Stage0-3-0,0,25664,25664,86718,0,0,1750,2838815
1784087276110,nx-q6-nexmark-auto-213939,Executor3,Stage1-0-0,0,25008,24487,15679,1685,2715304,1620,972242
1784087276110,nx-q6-nexmark-auto-213939,Executor3,Stage2-0-0,0,63022,924,483480,9205,3759464,102,14982
1784087276110,nx-q6-nexmark-auto-213939,Executor3,Stage3-0-0,0,2306,0,27254,1081,95704,0,0
1784087276121,nx-q6-nexmark-auto-213939,Executor2,Stage1-1-0,0,25078,24583,31730,2603,2729359,1735,2017227
1784087276121,nx-q6-nexmark-auto-213939,Executor2,Stage2-1-0,0,11533,892,193496,8219,839964,116,56959
1784087276121,nx-q6-nexmark-auto-213939,Executor2,Stage3-1-0,0,295,0,7106,249,12935,0,0
1784087276152,nx-q6-nexmark-auto-213939,Executor4,Stage1-3-0,0,24849,24350,32283,2176,2682486,6727,1977882
1784087276152,nx-q6-nexmark-auto-213939,Executor4,Stage2-3-0,0,12129,745,200696,8260,895454,118,57387
1784087276152,nx-q6-nexmark-auto-213939,Executor4,Stage3-3-0,0,290,0,7534,305,12610,0,0
1784087276189,nx-q6-nexmark-auto-213939,Executor1,Stage1-2-0,0,25065,24580,33142,2161,2701622,4374,2015915
1784087276189,nx-q6-nexmark-auto-213939,Executor1,Stage2-2-0,0,12468,670,203465,8041,938715,525,58895
1784087276189,nx-q6-nexmark-auto-213939,Executor1,Stage3-2-0,0,243,0,8246,316,11489,0,0
1784087276249,nx-q6-nexmark-auto-213939,Executor0,Stage0-0-0,0,25481,25481,83176,0,0,1314,2958020
1784087276249,nx-q6-nexmark-auto-213939,Executor0,Stage0-1-0,0,22071,22071,75909,0,0,1532,2922372
1784087276249,nx-q6-nexmark-auto-213939,Executor0,Stage0-2-0,0,22586,22586,75931,0,0,1558,2969262
1784087276249,nx-q6-nexmark-auto-213939,Executor0,Stage0-3-0,0,26730,26730,84800,0,0,1360,2973304
1784087277110,nx-q6-nexmark-auto-213939,Executor3,Stage1-0-0,0,24874,24416,18489,2024,2690793,1417,1088018
1784087277110,nx-q6-nexmark-auto-213939,Executor3,Stage2-0-0,0,59058,634,491986,9421,3610582,113,11347
1784087277110,nx-q6-nexmark-auto-213939,Executor3,Stage3-0-0,0,2271,0,28913,1191,108104,0,0
1784087277121,nx-q6-nexmark-auto-213939,Executor2,Stage1-1-0,0,24957,24445,30537,2448,2704138,1830,1942994
1784087277121,nx-q6-nexmark-auto-213939,Executor2,Stage2-1-0,0,13196,567,212476,8303,924900,190,36019
1784087277121,nx-q6-nexmark-auto-213939,Executor2,Stage3-1-0,0,243,0,6624,224,11389,0,0
1784087277152,nx-q6-nexmark-auto-213939,Executor4,Stage1-3-0,0,25050,24551,30701,2597,2718388,1871,1951712
1784087277152,nx-q6-nexmark-auto-213939,Executor4,Stage2-3-0,0,13225,597,214023,8411,913682,234,39082
1784087277152,nx-q6-nexmark-auto-213939,Executor4,Stage3-3-0,0,147,0,4576,214,6296,0,0
1784087277189,nx-q6-nexmark-auto-213939,Executor1,Stage1-2-0,0,25119,24588,29445,1940,2716104,2024,1961864
1784087277189,nx-q6-nexmark-auto-213939,Executor1,Stage2-2-0,0,12524,693,204431,8497,845093,82,39671
1784087277189,nx-q6-nexmark-auto-213939,Executor1,Stage3-2-0,0,181,0,4920,202,8064,0,0
1784087277249,nx-q6-nexmark-auto-213939,Executor0,Stage0-0-0,0,27954,27954,182642,0,0,1573,3115156
1784087277249,nx-q6-nexmark-auto-213939,Executor0,Stage0-1-0,0,28137,28137,97319,0,0,1795,3131250
1784087277249,nx-q6-nexmark-auto-213939,Executor0,Stage0-2-0,0,28138,28138,94909,0,0,1843,3228474
1784087277249,nx-q6-nexmark-auto-213939,Executor0,Stage0-3-0,0,29179,29179,99691,0,0,1694,3338237
1784087278110,nx-q6-nexmark-auto-213939,Executor3,Stage1-0-0,0,28157,27606,19497,2623,3051678,1587,1085009
1784087278110,nx-q6-nexmark-auto-213939,Executor3,Stage2-0-0,0,57989,782,485901,9389,3227416,51,16579
1784087278110,nx-q6-nexmark-auto-213939,Executor3,Stage3-0-0,0,2035,0,25252,1041,89402,0,0
1784087278121,nx-q6-nexmark-auto-213939,Executor2,Stage1-1-0,0,27803,27255,33625,2679,3010875,1599,2224908
1784087278121,nx-q6-nexmark-auto-213939,Executor2,Stage2-1-0,0,14314,796,234597,10122,1050643,123,50922
1784087278121,nx-q6-nexmark-auto-213939,Executor2,Stage3-1-0,0,254,0,7803,330,11165,0,0
1784087278152,nx-q6-nexmark-auto-213939,Executor4,Stage1-3-0,0,27849,27268,32488,2694,3025479,2003,2230942
1784087278152,nx-q6-nexmark-auto-213939,Executor4,Stage2-3-0,0,14329,784,233676,10736,1080865,99,48286
1784087278152,nx-q6-nexmark-auto-213939,Executor4,Stage3-3-0,0,327,0,8595,384,13920,0,0
1784087278189,nx-q6-nexmark-auto-213939,Executor1,Stage1-2-0,0,27669,27094,33285,3308,2988583,1796,2231318
1784087278189,nx-q6-nexmark-auto-213939,Executor1,Stage2-2-0,0,14860,771,228434,8606,1124937,234,51067
1784087278189,nx-q6-nexmark-auto-213939,Executor1,Stage3-2-0,0,313,0,7888,295,14550,0,0
1784087278249,nx-q6-nexmark-auto-213939,Executor0,Stage0-0-0,0,28797,28797,97039,0,0,2512,3488511
1784087278249,nx-q6-nexmark-auto-213939,Executor0,Stage0-1-0,0,28863,28863,98702,0,0,2336,3379875
1784087278249,nx-q6-nexmark-auto-213939,Executor0,Stage0-2-0,0,28862,28862,99349,0,0,2442,3620742
1784087278249,nx-q6-nexmark-auto-213939,Executor0,Stage0-3-0,0,28129,28129,91817,0,0,2559,3525876
1784087279110,nx-q6-nexmark-auto-213939,Executor3,Stage1-0-0,0,28654,28064,18268,1485,3108382,1815,1226596
1784087279110,nx-q6-nexmark-auto-213939,Executor3,Stage2-0-0,0,67525,386,609274,12501,4081646,37,6769
1784087279110,nx-q6-nexmark-auto-213939,Executor3,Stage3-0-0,0,1647,0,16645,526,81398,0,0
1784087279121,nx-q6-nexmark-auto-213939,Executor2,Stage1-1-0,0,28733,28148,34907,33631,3100612,2154,2227843
1784087279121,nx-q6-nexmark-auto-213939,Executor2,Stage2-1-0,0,13909,383,229192,8176,954888,165,24654
1784087279121,nx-q6-nexmark-auto-213939,Executor2,Stage3-1-0,0,173,0,3878,102,8532,0,0
1784087279152,nx-q6-nexmark-auto-213939,Executor4,Stage1-3-0,0,28227,27699,33991,3057,3049066,2117,2220593
1784087279152,nx-q6-nexmark-auto-213939,Executor4,Stage2-3-0,0,13525,360,233276,7871,936934,86,22578
1784087279152,nx-q6-nexmark-auto-213939,Executor4,Stage3-3-0,0,198,0,4673,155,9562,0,0
1784087279189,nx-q6-nexmark-auto-213939,Executor1,Stage1-2-0,0,28606,28032,38814,8293,3104046,1566,2242308
1784087279189,nx-q6-nexmark-auto-213939,Executor1,Stage2-2-0,0,14555,120,256013,7984,1030325,37,23024
1784087279189,nx-q6-nexmark-auto-213939,Executor1,Stage3-2-0,0,128,0,4524,178,5631,0,0
1784087279249,nx-q6-nexmark-auto-213939,Executor0,Stage0-0-0,0,27000,27000,87734,0,0,1915,3463683
1784087279249,nx-q6-nexmark-auto-213939,Executor0,Stage0-1-0,0,27000,27000,96862,0,0,2024,3436225
1784087279249,nx-q6-nexmark-auto-213939,Executor0,Stage0-2-0,0,30000,30000,102223,0,0,1640,3326096
1784087279249,nx-q6-nexmark-auto-213939,Executor0,Stage0-3-0,0,29396,29396,103711,0,0,1790,3367878
1784087280110,nx-q6-nexmark-auto-213939,Executor3,Stage1-0-0,0,28415,27841,20054,2548,3076548,1524,1131928
1784087280110,nx-q6-nexmark-auto-213939,Executor3,Stage2-0-0,0,65540,978,543840,9174,3865886,120,16830
1784087280110,nx-q6-nexmark-auto-213939,Executor3,Stage3-0-0,0,1999,0,25672,1236,75763,0,0
1784087280121,nx-q6-nexmark-auto-213939,Executor2,Stage1-1-0,0,28437,27886,41021,8134,3089772,2185,2241649
1784087280121,nx-q6-nexmark-auto-213939,Executor2,Stage2-1-0,0,15477,970,244668,8594,1119207,244,62908
1784087280121,nx-q6-nexmark-auto-213939,Executor2,Stage3-1-0,0,237,0,5447,183,9814,0,0
1784087280151,nx-q6-nexmark-auto-213939,Executor4,Stage1-3-0,0,28150,27584,34011,31996,3032440,2241,2221550
1784087280151,nx-q6-nexmark-auto-213939,Executor4,Stage2-3-0,0,16037,930,241589,8644,1167166,145,60003
1784087280151,nx-q6-nexmark-auto-213939,Executor4,Stage3-3-0,0,266,0,6555,312,11540,0,0
1784087280189,nx-q6-nexmark-auto-213939,Executor1,Stage1-2-0,0,28231,27661,59823,7575,3065409,2339,2244768
1784087280189,nx-q6-nexmark-auto-213939,Executor1,Stage2-2-0,0,15884,797,242282,8558,1210898,151,57880
1784087280189,nx-q6-nexmark-auto-213939,Executor1,Stage3-2-0,0,357,0,10594,408,16052,0,0
1784087280249,nx-q6-nexmark-auto-213939,Executor0,Stage0-0-0,0,30000,30000,93915,0,0,1990,3545139
1784087280249,nx-q6-nexmark-auto-213939,Executor0,Stage0-1-0,0,30000,30000,106494,0,0,2289,3309276
1784087280249,nx-q6-nexmark-auto-213939,Executor0,Stage0-2-0,0,27000,27000,94219,0,0,2376,3424028
1784087280249,nx-q6-nexmark-auto-213939,Executor0,Stage0-3-0,0,27604,27604,98142,0,0,2269,3506179
1784087281110,nx-q6-nexmark-auto-213939,Executor3,Stage1-0-0,0,35936,35222,11571,3275,3884137,0,0
1784087281110,nx-q6-nexmark-auto-213939,Executor3,Stage2-0-0,0,91499,922,701542,8305,7234757,0,0
1784087281110,nx-q6-nexmark-auto-213939,Executor3,Stage3-0-0,0,3207,0,22683,59,192604,0,0
1784087281122,nx-q6-nexmark-auto-213939,Executor2,Stage1-1-0,0,35863,35130,44322,4874,3874407,1554,1648984
1784087281122,nx-q6-nexmark-auto-213939,Executor2,Stage2-1-0,0,14388,874,180870,2793,1214554,138,54742
1784087281122,nx-q6-nexmark-auto-213939,Executor2,Stage3-1-0,0,373,0,4442,15,16723,0,0
1784087281152,nx-q6-nexmark-auto-213939,Executor4,Stage1-3-0,0,35988,35264,41315,3848,3898846,8137,2283111
1784087281152,nx-q6-nexmark-auto-213939,Executor4,Stage2-3-0,0,13213,897,163261,1777,961865,195,56623
1784087281152,nx-q6-nexmark-auto-213939,Executor4,Stage3-3-0,0,355,0,4151,27,16055,0,0
1784087281189,nx-q6-nexmark-auto-213939,Executor1,Stage1-2-0,0,36213,35508,53073,15365,3936875,6865,1976028
1784087281189,nx-q6-nexmark-auto-213939,Executor1,Stage2-2-0,0,10804,896,172562,2911,766569,157,55987
1784087281189,nx-q6-nexmark-auto-213939,Executor1,Stage3-2-0,0,268,0,5724,77,10285,0,0
1784087281249,nx-q6-nexmark-auto-213939,Executor0,Stage0-0-0,0,27000,27000,18879,0,0,853,354639
1784087281249,nx-q6-nexmark-auto-213939,Executor0,Stage0-1-0,0,27000,27000,12194,0,0,1349,555957
1784087281249,nx-q6-nexmark-auto-213939,Executor0,Stage0-2-0,0,30000,30000,13625,0,0,976,352080
1784087281249,nx-q6-nexmark-auto-213939,Executor0,Stage0-3-0,0,30000,30000,17674,0,0,952,349333
1784087282111,nx-q6-nexmark-auto-213939,Executor3,Stage1-0-0,0,0,0,0,0,0,0,0
1784087282111,nx-q6-nexmark-auto-213939,Executor3,Stage2-0-0,0,259,0,1313,15,20719,0,0
1784087282111,nx-q6-nexmark-auto-213939,Executor3,Stage3-0-0,0,0,0,0,0,0,0,0
1784087282122,nx-q6-nexmark-auto-213939,Executor2,Stage1-1-0,0,0,0,0,0,0,0,0
1784087282122,nx-q6-nexmark-auto-213939,Executor2,Stage2-1-0,0,0,0,0,0,0,0,0
1784087282122,nx-q6-nexmark-auto-213939,Executor2,Stage3-1-0,0,0,0,0,0,0,0,0
1784087282152,nx-q6-nexmark-auto-213939,Executor4,Stage1-3-0,0,0,0,0,0,0,0,0
1784087282152,nx-q6-nexmark-auto-213939,Executor4,Stage2-3-0,0,0,0,0,0,0,0,0
1784087282152,nx-q6-nexmark-auto-213939,Executor4,Stage3-3-0,0,0,0,0,0,0,0,0
1784087282189,nx-q6-nexmark-auto-213939,Executor1,Stage1-2-0,0,0,0,0,0,0,0,0
1784087282189,nx-q6-nexmark-auto-213939,Executor1,Stage2-2-0,0,0,0,0,0,0,0,0
1784087282189,nx-q6-nexmark-auto-213939,Executor1,Stage3-2-0,0,0,0,0,0,0,0,0
1784087282249,nx-q6-nexmark-auto-213939,Executor0,Stage0-0-0,0,30000,30000,445,0,0,0,0
1784087282249,nx-q6-nexmark-auto-213939,Executor0,Stage0-1-0,0,30000,30000,1092,0,0,0,0
1784087282249,nx-q6-nexmark-auto-213939,Executor0,Stage0-2-0,0,30000,30000,489,0,0,0,0
1784087282249,nx-q6-nexmark-auto-213939,Executor0,Stage0-3-0,0,27000,27000,925,0,0,0,0
1784087283110,nx-q6-nexmark-auto-213939,Executor3,Stage1-0-0,0,0,0,0,0,0,0,0
1784087283110,nx-q6-nexmark-auto-213939,Executor3,Stage2-0-0,0,0,0,0,0,0,0,0
1784087283110,nx-q6-nexmark-auto-213939,Executor3,Stage3-0-0,0,0,0,0,0,0,0,0
1784087283121,nx-q6-nexmark-auto-213939,Executor2,Stage1-1-0,0,0,0,0,0,0,0,0
1784087283121,nx-q6-nexmark-auto-213939,Executor2,Stage2-1-0,0,0,0,0,0,0,0,0
1784087283121,nx-q6-nexmark-auto-213939,Executor2,Stage3-1-0,0,0,0,0,0,0,0,0
1784087283151,nx-q6-nexmark-auto-213939,Executor4,Stage1-3-0,0,0,0,0,0,0,0,0
1784087283151,nx-q6-nexmark-auto-213939,Executor4,Stage2-3-0,0,0,0,0,0,0,0,0
1784087283151,nx-q6-nexmark-auto-213939,Executor4,Stage3-3-0,0,0,0,0,0,0,0,0
1784087283189,nx-q6-nexmark-auto-213939,Executor1,Stage1-2-0,0,0,0,0,0,0,0,0
1784087283189,nx-q6-nexmark-auto-213939,Executor1,Stage2-2-0,0,0,0,0,0,0,0,0
1784087283189,nx-q6-nexmark-auto-213939,Executor1,Stage3-2-0,0,0,0,0,0,0,0,0
1784087283249,nx-q6-nexmark-auto-213939,Executor0,Stage0-0-0,0,29100,29100,528,0,0,0,0
1784087283249,nx-q6-nexmark-auto-213939,Executor0,Stage0-1-0,0,29100,29100,2470,0,0,0,0
1784087283249,nx-q6-nexmark-auto-213939,Executor0,Stage0-2-0,0,26190,26190,354,0,0,0,0
1784087283249,nx-q6-nexmark-auto-213939,Executor0,Stage0-3-0,0,29190,29190,901,0,0,0,0
1784087284110,nx-q6-nexmark-auto-213939,Executor3,Stage1-0-0,0,0,0,0,0,0,0,0
1784087284110,nx-q6-nexmark-auto-213939,Executor3,Stage2-0-0,0,0,0,0,0,0,0,0
1784087284110,nx-q6-nexmark-auto-213939,Executor3,Stage3-0-0,0,0,0,0,0,0,0,0
1784087284122,nx-q6-nexmark-auto-213939,Executor2,Stage1-1-0,0,0,0,0,0,0,0,0
1784087284122,nx-q6-nexmark-auto-213939,Executor2,Stage2-1-0,0,0,0,0,0,0,0,0
1784087284152,nx-q6-nexmark-auto-213939,Executor4,Stage1-3-0,0,0,0,0,0,0,0,0
1784087284152,nx-q6-nexmark-auto-213939,Executor4,Stage2-3-0,0,0,0,0,0,0,0,0
1784087284189,nx-q6-nexmark-auto-213939,Executor1,Stage1-2-0,0,0,0,0,0,0,0,0
1784087284189,nx-q6-nexmark-auto-213939,Executor1,Stage2-2-0,0,0,0,0,0,0,0,0
1784087284249,nx-q6-nexmark-auto-213939,Executor0,Stage0-0-0,0,24255,24255,451,0,0,0,0
1784087284249,nx-q6-nexmark-auto-213939,Executor0,Stage0-1-0,0,24255,24255,878,0,0,0,0
1784087284249,nx-q6-nexmark-auto-213939,Executor0,Stage0-2-0,0,27165,27165,541,0,0,0,0
1784087284249,nx-q6-nexmark-auto-213939,Executor0,Stage0-3-0,0,27165,27165,531,0,0,0,0
1784087285110,nx-q6-nexmark-auto-213939,Executor3,Stage1-0-0,0,0,0,0,0,0,0,0
1784087285110,nx-q6-nexmark-auto-213939,Executor3,Stage2-0-0,0,0,0,0,0,0,0,0
1784087285122,nx-q6-nexmark-auto-213939,Executor2,Stage1-1-0,0,0,0,0,0,0,0,0
1784087285122,nx-q6-nexmark-auto-213939,Executor2,Stage2-1-0,0,0,0,0,0,0,0,0
1784087285152,nx-q6-nexmark-auto-213939,Executor4,Stage1-3-0,0,0,0,0,0,0,0,0
1784087285152,nx-q6-nexmark-auto-213939,Executor4,Stage2-3-0,0,0,0,0,0,0,0,0
1784087285189,nx-q6-nexmark-auto-213939,Executor1,Stage1-2-0,0,0,0,0,0,0,0,0
1784087285189,nx-q6-nexmark-auto-213939,Executor1,Stage2-2-0,0,0,0,0,0,0,0,0
1784087285249,nx-q6-nexmark-auto-213939,Executor0,Stage0-0-0,0,22554,22554,642,0,0,0,0
1784087285249,nx-q6-nexmark-auto-213939,Executor0,Stage0-1-0,0,25249,25249,741,0,0,0,0
1784087285249,nx-q6-nexmark-auto-213939,Executor0,Stage0-2-0,0,25249,25249,484,0,0,0,0
1784087285249,nx-q6-nexmark-auto-213939,Executor0,Stage0-3-0,0,25060,25060,671,0,0,0,0
1784087286110,nx-q6-nexmark-auto-213939,Executor3,Stage1-0-0,0,0,0,0,0,0,0,0
1784087286110,nx-q6-nexmark-auto-213939,Executor3,Stage2-0-0,0,0,0,0,0,0,0,0
1784087286121,nx-q6-nexmark-auto-213939,Executor2,Stage1-1-0,0,0,0,0,0,0,0,0
1784087286121,nx-q6-nexmark-auto-213939,Executor2,Stage2-1-0,0,0,0,0,0,0,0,0
1784087286152,nx-q6-nexmark-auto-213939,Executor4,Stage1-3-0,0,0,0,0,0,0,0,0
1784087286152,nx-q6-nexmark-auto-213939,Executor4,Stage2-3-0,0,0,0,0,0,0,0,0
1784087286189,nx-q6-nexmark-auto-213939,Executor1,Stage1-2-0,0,0,0,0,0,0,0,0
1784087286189,nx-q6-nexmark-auto-213939,Executor1,Stage2-2-0,0,0,0,0,0,0,0,0
1784087286249,nx-q6-nexmark-auto-213939,Executor0,Stage0-0-0,0,25060,25060,369,0,0,0,0
1784087286249,nx-q6-nexmark-auto-213939,Executor0,Stage0-1-0,0,20048,20048,2042,0,0,0,0
1784087286249,nx-q6-nexmark-auto-213939,Executor0,Stage0-2-0,0,22554,22554,426,0,0,0,0
1784087286249,nx-q6-nexmark-auto-213939,Executor0,Stage0-3-0,0,22554,22554,468,0,0,0,0
1784087287110,nx-q6-nexmark-auto-213939,Executor3,Stage1-0-0,0,0,0,0,0,0,0,0
1784087287110,nx-q6-nexmark-auto-213939,Executor3,Stage2-0-0,0,0,0,0,0,0,0,0
1784087287121,nx-q6-nexmark-auto-213939,Executor2,Stage1-1-0,0,0,0,0,0,0,0,0
1784087287121,nx-q6-nexmark-auto-213939,Executor2,Stage2-1-0,0,0,0,0,0,0,0,0
1784087287152,nx-q6-nexmark-auto-213939,Executor4,Stage1-3-0,0,0,0,0,0,0,0,0
1784087287152,nx-q6-nexmark-auto-213939,Executor4,Stage2-3-0,0,0,0,0,0,0,0,0
1784087287189,nx-q6-nexmark-auto-213939,Executor1,Stage1-2-0,0,0,0,0,0,0,0,0
1784087287189,nx-q6-nexmark-auto-213939,Executor1,Stage2-2-0,0,0,0,0,0,0,0,0
1784087287249,nx-q6-nexmark-auto-213939,Executor0,Stage0-0-0,0,31974,31974,518,0,0,0,0
1784087287249,nx-q6-nexmark-auto-213939,Executor0,Stage0-1-0,0,34480,34480,837,0,0,0,0
1784087287249,nx-q6-nexmark-auto-213939,Executor0,Stage0-2-0,0,34480,34480,616,0,0,0,0
1784087287249,nx-q6-nexmark-auto-213939,Executor0,Stage0-3-0,0,31974,31974,590,0,0,0,0
1784087288110,nx-q6-nexmark-auto-213939,Executor3,Stage1-0-0,0,0,0,0,0,0,0,0
1784087288110,nx-q6-nexmark-auto-213939,Executor3,Stage2-0-0,0,0,0,0,0,0,0,0
1784087288121,nx-q6-nexmark-auto-213939,Executor2,Stage1-1-0,0,0,0,0,0,0,0,0
1784087288121,nx-q6-nexmark-auto-213939,Executor2,Stage2-1-0,0,0,0,0,0,0,0,0
1784087288152,nx-q6-nexmark-auto-213939,Executor4,Stage1-3-0,0,0,0,0,0,0,0,0
1784087288152,nx-q6-nexmark-auto-213939,Executor4,Stage2-3-0,0,0,0,0,0,0,0,0
1784087288189,nx-q6-nexmark-auto-213939,Executor1,Stage1-2-0,0,0,0,0,0,0,0,0
1784087288189,nx-q6-nexmark-auto-213939,Executor1,Stage2-2-0,0,0,0,0,0,0,0,0
1784087288249,nx-q6-nexmark-auto-213939,Executor0,Stage0-0-0,0,66690,66690,553,0,0,0,0
1784087288249,nx-q6-nexmark-auto-213939,Executor0,Stage0-1-0,0,66690,66690,1237,0,0,0,0
1784087288249,nx-q6-nexmark-auto-213939,Executor0,Stage0-2-0,0,66690,66690,600,0,0,0,0
1784087288249,nx-q6-nexmark-auto-213939,Executor0,Stage0-3-0,0,71749,71749,614,0,0,0,0
1784087289110,nx-q6-nexmark-auto-213939,Executor3,Stage1-0-0,0,0,0,0,0,0,0,0
1784087289110,nx-q6-nexmark-auto-213939,Executor3,Stage2-0-0,0,0,0,0,0,0,0,0
1784087289121,nx-q6-nexmark-auto-213939,Executor2,Stage1-1-0,0,0,0,0,0,0,0,0
1784087289121,nx-q6-nexmark-auto-213939,Executor2,Stage2-1-0,0,0,0,0,0,0,0,0
1784087289152,nx-q6-nexmark-auto-213939,Executor4,Stage1-3-0,0,0,0,0,0,0,0,0
1784087289152,nx-q6-nexmark-auto-213939,Executor4,Stage2-3-0,0,0,0,0,0,0,0,0
1784087289189,nx-q6-nexmark-auto-213939,Executor1,Stage1-2-0,0,0,0,0,0,0,0,0
1784087289189,nx-q6-nexmark-auto-213939,Executor1,Stage2-2-0,0,0,0,0,0,0,0,0
1784087289249,nx-q6-nexmark-auto-213939,Executor0,Stage0-0-0,0,61410,61410,518,0,0,0,0
1784087289249,nx-q6-nexmark-auto-213939,Executor0,Stage0-1-0,0,58103,58103,1742,0,0,0,0
1784087289249,nx-q6-nexmark-auto-213939,Executor0,Stage0-2-0,0,58175,58175,491,0,0,0,0
1784087289249,nx-q6-nexmark-auto-213939,Executor0,Stage0-3-0,0,60500,60500,487,0,0,0,0
1784087290110,nx-q6-nexmark-auto-213939,Executor3,Stage1-0-0,0,0,0,0,0,0,0,0
1784087290110,nx-q6-nexmark-auto-213939,Executor3,Stage2-0-0,0,0,0,0,0,0,349,21600
1784087290121,nx-q6-nexmark-auto-213939,Executor2,Stage1-1-0,0,0,0,0,0,0,0,0
1784087290121,nx-q6-nexmark-auto-213939,Executor2,Stage2-1-0,0,0,0,0,0,0,0,0
1784087290152,nx-q6-nexmark-auto-213939,Executor4,Stage1-3-0,0,0,0,0,0,0,0,0
1784087290152,nx-q6-nexmark-auto-213939,Executor4,Stage2-3-0,0,0,0,0,0,0,0,0
1784087290189,nx-q6-nexmark-auto-213939,Executor1,Stage1-2-0,0,0,0,0,0,0,0,0
1784087290189,nx-q6-nexmark-auto-213939,Executor1,Stage2-2-0,0,0,0,0,0,0,0,0
1784087290249,nx-q6-nexmark-auto-213939,Executor0,Stage0-0-0,0,60000,60000,514,0,0,0,0
1784087290249,nx-q6-nexmark-auto-213939,Executor0,Stage0-1-0,0,49897,49897,745,0,0,0,0
1784087290249,nx-q6-nexmark-auto-213939,Executor0,Stage0-2-0,0,55825,55825,525,0,0,0,0
1784087290249,nx-q6-nexmark-auto-213939,Executor0,Stage0-3-0,0,55851,55851,521,0,0,0,0
1784087291110,nx-q6-nexmark-auto-213939,Executor3,Stage1-0-0,0,0,0,0,0,0,0,0
1784087291110,nx-q6-nexmark-auto-213939,Executor3,Stage2-0-0,0,0,0,0,0,0,175,43275
1784087291122,nx-q6-nexmark-auto-213939,Executor2,Stage1-1-0,0,0,0,0,0,0,0,0
1784087291122,nx-q6-nexmark-auto-213939,Executor2,Stage2-1-0,0,0,0,0,0,0,0,0
1784087291152,nx-q6-nexmark-auto-213939,Executor4,Stage1-3-0,0,0,0,0,0,0,0,0
1784087291152,nx-q6-nexmark-auto-213939,Executor4,Stage2-3-0,0,0,0,0,0,0,0,0
1784087291189,nx-q6-nexmark-auto-213939,Executor1,Stage1-2-0,0,0,0,0,0,0,0,0
1784087291189,nx-q6-nexmark-auto-213939,Executor1,Stage2-2-0,0,0,0,0,0,0,0,0
1784087291249,nx-q6-nexmark-auto-213939,Executor0,Stage0-0-0,0,54000,54000,551,0,0,0,0
1784087291249,nx-q6-nexmark-auto-213939,Executor0,Stage0-1-0,0,60000,60000,2953,0,0,0,0
1784087291249,nx-q6-nexmark-auto-213939,Executor0,Stage0-2-0,0,58175,58175,1597,0,0,0,0
1784087291249,nx-q6-nexmark-auto-213939,Executor0,Stage0-3-0,0,60000,60000,922,0,0,0,0
1784087292110,nx-q6-nexmark-auto-213939,Executor3,Stage1-0-0,0,0,0,0,0,0,0,0
1784087292121,nx-q6-nexmark-auto-213939,Executor2,Stage1-1-0,0,0,0,0,0,0,0,0
1784087292152,nx-q6-nexmark-auto-213939,Executor4,Stage1-3-0,0,0,0,0,0,0,0,0
1784087292189,nx-q6-nexmark-auto-213939,Executor1,Stage1-2-0,0,0,0,0,0,0,0,0
1784087292249,nx-q6-nexmark-auto-213939,Executor0,Stage0-0-0,0,48000,48000,844,0,0,0,0
1784087292249,nx-q6-nexmark-auto-213939,Executor0,Stage0-1-0,0,42000,42000,1551,0,0,0,0
1784087292249,nx-q6-nexmark-auto-213939,Executor0,Stage0-2-0,0,43825,43825,666,0,0,0,0
1784087292249,nx-q6-nexmark-auto-213939,Executor0,Stage0-3-0,0,45150,45150,784,0,0,0,0
1784087293110,nx-q6-nexmark-auto-213939,Executor3,Stage1-0-0,0,0,0,0,0,0,0,0
1784087293121,nx-q6-nexmark-auto-213939,Executor2,Stage1-1-0,0,0,0,0,0,0,0,0
1784087293152,nx-q6-nexmark-auto-213939,Executor4,Stage1-3-0,0,0,0,0,0,0,0,0
1784087293189,nx-q6-nexmark-auto-213939,Executor1,Stage1-2-0,0,0,0,0,0,0,0,0
1784087293249,nx-q6-nexmark-auto-213939,Executor0,Stage0-0-0,0,54000,54000,430,0,0,0,0
1784087293249,nx-q6-nexmark-auto-213939,Executor0,Stage0-1-0,0,54000,54000,1181,0,0,0,0
1784087293249,nx-q6-nexmark-auto-213939,Executor0,Stage0-2-0,0,58097,58097,594,0,0,0,0
1784087293249,nx-q6-nexmark-auto-213939,Executor0,Stage0-3-0,0,60000,60000,585,0,0,0,0
1784087294110,nx-q6-nexmark-auto-213939,Executor3,Stage1-0-0,0,0,0,0,0,0,7892,980430
1784087294121,nx-q6-nexmark-auto-213939,Executor2,Stage1-1-0,0,0,0,0,0,0,2791,412810
1784087294151,nx-q6-nexmark-auto-213939,Executor4,Stage1-3-0,0,0,0,0,0,0,1063,203811
1784087294189,nx-q6-nexmark-auto-213939,Executor1,Stage1-2-0,0,0,0,0,0,0,2373,345981
1784087294249,nx-q6-nexmark-auto-213939,Executor0,Stage0-0-0,0,60000,60000,647,0,0,0,0
1784087294249,nx-q6-nexmark-auto-213939,Executor0,Stage0-1-0,0,60000,60000,1062,0,0,0,0
1784087294249,nx-q6-nexmark-auto-213939,Executor0,Stage0-2-0,0,55903,55903,488,0,0,0,0
1784087294249,nx-q6-nexmark-auto-213939,Executor0,Stage0-3-0,0,60000,60000,698,0,0,0,0
1784087295110,nx-q6-nexmark-auto-213939,Executor3,Stage1-0-0,0,0,0,0,0,0,2390,2405135
1784087295121,nx-q6-nexmark-auto-213939,Executor2,Stage1-1-0,0,0,0,0,0,0,3864,1084869
1784087295152,nx-q6-nexmark-auto-213939,Executor4,Stage1-3-0,0,0,0,0,0,0,1016,495409
1784087295189,nx-q6-nexmark-auto-213939,Executor1,Stage1-2-0,0,0,0,0,0,0,5330,781581
1784087295249,nx-q6-nexmark-auto-213939,Executor0,Stage0-0-0,0,54000,54000,566,0,0,0,0
1784087295249,nx-q6-nexmark-auto-213939,Executor0,Stage0-1-0,0,54000,54000,879,0,0,0,0
1784087295249,nx-q6-nexmark-auto-213939,Executor0,Stage0-2-0,0,60000,60000,557,0,0,0,0
1784087295249,nx-q6-nexmark-auto-213939,Executor0,Stage0-3-0,0,60000,60000,597,0,0,0,0
1784087296110,nx-q6-nexmark-auto-213939,Executor3,Stage1-0-0,0,0,0,0,0,0,0,0
1784087296249,nx-q6-nexmark-auto-213939,Executor0,Stage0-0-0,0,60000,60000,830,0,0,0,0
1784087296249,nx-q6-nexmark-auto-213939,Executor0,Stage0-1-0,0,60000,60000,4447,0,0,0,0
1784087296249,nx-q6-nexmark-auto-213939,Executor0,Stage0-2-0,0,54000,54000,931,0,0,0,0
1784087296249,nx-q6-nexmark-auto-213939,Executor0,Stage0-3-0,0,60000,60000,602,0,0,0,0
1784087297249,nx-q6-nexmark-auto-213939,Executor0,Stage0-0-0,0,74742,74742,701,0,0,0,0
1784087297249,nx-q6-nexmark-auto-213939,Executor0,Stage0-1-0,0,71241,71241,1347,0,0,0,0
1784087297249,nx-q6-nexmark-auto-213939,Executor0,Stage0-2-0,0,70175,70175,638,0,0,0,0
1784087297249,nx-q6-nexmark-auto-213939,Executor0,Stage0-3-0,0,76411,76411,585,0,0,0,0
1784087299112,nx-q6-nexmark-auto-213939,Executor0,Stage0-0-0,0,50863,50863,413,0,0,2079,13094268
1784087299112,nx-q6-nexmark-auto-213939,Executor0,Stage0-1-0,0,45009,45009,649,0,0,1884,10040201
1784087299112,nx-q6-nexmark-auto-213939,Executor0,Stage0-2-0,0,51129,51129,416,0,0,6345,13168999
1784087299112,nx-q6-nexmark-auto-213939,Executor0,Stage0-3-0,0,44829,44829,201,0,0,1064565,13431255
1784087299249,nx-q6-nexmark-auto-213939,Executor0,Stage0-0-0,0,0,0,0,0,0,1247,10515679
1784087299249,nx-q6-nexmark-auto-213939,Executor0,Stage0-1-0,0,0,0,0,0,0,2091,3131961
1784087299249,nx-q6-nexmark-auto-213939,Executor0,Stage0-2-0,0,0,0,0,0,0,2615,10685507
1784087299249,nx-q6-nexmark-auto-213939,Executor0,Stage0-3-0,0,0,0,0,0,0,1066215,10491741
1784087300524,nx-q6-nexmark-auto-213939,Executor0,Stage0-0-0,0,0,0,0,0,0,3083,23619746
1784087300524,nx-q6-nexmark-auto-213939,Executor0,Stage0-1-0,0,0,0,0,0,0,3701,28519190
1784087300524,nx-q6-nexmark-auto-213939,Executor0,Stage0-2-0,0,1,1,85,0,0,3912,24446659
1784087300524,nx-q6-nexmark-auto-213939,Executor0,Stage0-3-0,0,1,1,48,0,0,3544,23249958
1784087301252,nx-q6-nexmark-auto-213939,Executor0,Stage0-0-0,0,0,0,0,0,0,509,1832541
1784087301252,nx-q6-nexmark-auto-213939,Executor0,Stage0-1-0,0,0,0,0,0,0,841,2742681
1784087301252,nx-q6-nexmark-auto-213939,Executor0,Stage0-2-0,0,0,0,0,0,0,711,2469754
1784087301252,nx-q6-nexmark-auto-213939,Executor0,Stage0-3-0,0,0,0,0,0,0,687,2476809
1784087303677,nx-q6-nexmark-auto-213939,Executor0,Stage0-0-0,0,73139,73139,195648,0,0,5283,32328429
1784087303677,nx-q6-nexmark-auto-213939,Executor0,Stage0-1-0,0,73828,73828,179994,0,0,8043,38278946
1784087303677,nx-q6-nexmark-auto-213939,Executor0,Stage0-2-0,0,80344,80344,218349,0,0,7674,38309955
1784087303677,nx-q6-nexmark-auto-213939,Executor0,Stage0-3-0,0,73342,73342,191113,0,0,7735,36811264
1784087303678,nx-q6-nexmark-auto-213939,Executor0,Stage0-0-0,0,0,0,0,0,0,0,0
1784087303678,nx-q6-nexmark-auto-213939,Executor0,Stage0-1-0,0,0,0,0,0,0,0,0
1784087303678,nx-q6-nexmark-auto-213939,Executor0,Stage0-2-0,0,0,0,0,0,0,0,0
1784087303678,nx-q6-nexmark-auto-213939,Executor0,Stage0-3-0,0,0,0,0,0,0,0,0
1784087304249,nx-q6-nexmark-auto-213939,Executor0,Stage0-0-0,0,32112,32112,142267,0,0,4280,25076245
1784087304249,nx-q6-nexmark-auto-213939,Executor0,Stage0-1-0,0,34246,34246,103736,0,0,2380,20245701
1784087304249,nx-q6-nexmark-auto-213939,Executor0,Stage0-2-0,0,36000,36000,1685444,0,0,2393,18256954
1784087304249,nx-q6-nexmark-auto-213939,Executor0,Stage0-3-0,0,34574,34574,153082,0,0,2515,20863933
1784087305249,nx-q6-nexmark-auto-213939,Executor0,Stage0-0-0,0,56566,56566,213111,0,0,2517,11041050
1784087305249,nx-q6-nexmark-auto-213939,Executor0,Stage0-1-0,0,55755,55755,152350,0,0,2568,10876172
1784087305249,nx-q6-nexmark-auto-213939,Executor0,Stage0-2-0,0,55936,55936,211174,0,0,2729,10545480
1784087305249,nx-q6-nexmark-auto-213939,Executor0,Stage0-3-0,0,55427,55427,211728,0,0,2968,10816978
1784087306348,nx-q6-nexmark-auto-213939,Executor0,Stage0-0-0,0,44825,44825,169541,0,0,538,3220068
1784087306348,nx-q6-nexmark-auto-213939,Executor0,Stage0-1-0,0,48000,48000,176378,0,0,586,3361476
1784087306348,nx-q6-nexmark-auto-213939,Executor0,Stage0-2-0,0,47243,47243,177717,0,0,763,3625621
1784087306348,nx-q6-nexmark-auto-213939,Executor0,Stage0-3-0,0,49392,49392,183764,0,0,646,3441409
1784087307249,nx-q6-nexmark-auto-213939,Executor0,Stage0-0-0,0,54000,54000,472915,0,0,3201,8709840
1784087307249,nx-q6-nexmark-auto-213939,Executor0,Stage0-1-0,0,52293,52293,191814,0,0,2542,8462570
1784087307249,nx-q6-nexmark-auto-213939,Executor0,Stage0-2-0,0,54001,54001,193268,0,0,2958,8713156
1784087307249,nx-q6-nexmark-auto-213939,Executor0,Stage0-3-0,0,54000,54000,478827,0,0,3067,8999820
1784087308249,nx-q6-nexmark-auto-213939,Executor0,Stage0-0-0,0,54000,54000,176611,0,0,2401,5961909
1784087308249,nx-q6-nexmark-auto-213939,Executor0,Stage0-1-0,0,55707,55707,182911,0,0,2186,6227626
1784087308249,nx-q6-nexmark-auto-213939,Executor0,Stage0-2-0,0,56073,56073,186153,0,0,2311,6326387
1784087308249,nx-q6-nexmark-auto-213939,Executor0,Stage0-3-0,0,60000,60000,193334,0,0,2582,6338036
1784087309249,nx-q6-nexmark-auto-213939,Executor0,Stage0-0-0,0,52824,52824,262438,0,0,1145,6815966
1784087309249,nx-q6-nexmark-auto-213939,Executor0,Stage0-1-0,0,52383,52383,169002,0,0,1257,6664073
1784087309249,nx-q6-nexmark-auto-213939,Executor0,Stage0-2-0,0,51927,51927,157728,0,0,1162,6650379
1784087309249,nx-q6-nexmark-auto-213939,Executor0,Stage0-3-0,0,49696,49696,244416,0,0,1222,6519738
1784087310377,nx-q6-nexmark-auto-213939,Executor0,Stage0-0-0,0,57157,57157,179207,0,0,2443,6158261
1784087310377,nx-q6-nexmark-auto-213939,Executor0,Stage0-1-0,0,59710,59710,212452,0,0,2638,6256968
1784087310377,nx-q6-nexmark-auto-213939,Executor0,Stage0-2-0,0,60000,60000,205359,0,0,2645,6498410
1784087310377,nx-q6-nexmark-auto-213939,Executor0,Stage0-3-0,0,60000,60000,201438,0,0,2815,6422267
1784087311249,nx-q6-nexmark-auto-213939,Executor0,Stage0-0-0,0,48001,48001,151833,0,0,2665,6308518
1784087311249,nx-q6-nexmark-auto-213939,Executor0,Stage0-1-0,0,50016,50016,316055,0,0,2316,6453990
1784087311249,nx-q6-nexmark-auto-213939,Executor0,Stage0-2-0,0,50114,50114,180078,0,0,2482,6350574
1784087311249,nx-q6-nexmark-auto-213939,Executor0,Stage0-3-0,0,50226,50226,172173,0,0,2722,6264950
1784087312249,nx-q6-nexmark-auto-213939,Executor0,Stage0-0-0,0,60000,60000,200618,0,0,2323,6520299
1784087312249,nx-q6-nexmark-auto-213939,Executor0,Stage0-1-0,0,57984,57984,199891,0,0,2108,6272322
1784087312249,nx-q6-nexmark-auto-213939,Executor0,Stage0-2-0,0,57886,57886,193694,0,0,2417,6450875
1784087312249,nx-q6-nexmark-auto-213939,Executor0,Stage0-3-0,0,57774,57774,189182,0,0,2454,6366579
1784087313362,nx-q6-nexmark-auto-213939,Executor0,Stage0-0-0,0,54000,54000,177400,0,0,2463,6375789
1784087313362,nx-q6-nexmark-auto-213939,Executor0,Stage0-1-0,0,54000,54000,181607,0,0,2370,6421733
1784087313362,nx-q6-nexmark-auto-213939,Executor0,Stage0-2-0,0,54000,54000,166697,0,0,160598,6386768
1784087313362,nx-q6-nexmark-auto-213939,Executor0,Stage0-3-0,0,54000,54000,183837,0,0,2327,6352788
1784087314249,nx-q6-nexmark-auto-213939,Executor0,Stage0-0-0,0,52892,52892,167112,0,0,2527,6500973
1784087314249,nx-q6-nexmark-auto-213939,Executor0,Stage0-1-0,0,50031,50031,164080,0,0,2251,6297863
1784087314249,nx-q6-nexmark-auto-213939,Executor0,Stage0-2-0,0,52660,52660,165047,0,0,2136,6519272
1784087314249,nx-q6-nexmark-auto-213939,Executor0,Stage0-3-0,0,54000,54000,174615,0,0,2515,6834623
1784087315249,nx-q6-nexmark-auto-213939,Executor0,Stage0-0-0,0,57224,57224,183180,0,0,1850,6593756
1784087315249,nx-q6-nexmark-auto-213939,Executor0,Stage0-1-0,0,57969,57969,196440,0,0,2333,6252871
1784087315249,nx-q6-nexmark-auto-213939,Executor0,Stage0-2-0,0,59984,59984,195215,0,0,2030,6741422
1784087315249,nx-q6-nexmark-auto-213939,Executor0,Stage0-3-0,0,60000,60000,193437,0,0,2637,6489413
1784087316313,nx-q6-nexmark-auto-213939,Executor0,Stage0-0-0,0,51884,51884,159514,0,0,1723,4898769
1784087316313,nx-q6-nexmark-auto-213939,Executor0,Stage0-1-0,0,48742,48742,162587,0,0,2007,4650416
1784087316313,nx-q6-nexmark-auto-213939,Executor0,Stage0-2-0,0,52416,52416,170577,0,0,1762,5006160
1784087316313,nx-q6-nexmark-auto-213939,Executor0,Stage0-3-0,0,51159,51159,168294,0,0,2004,4863481
1784087317249,nx-q6-nexmark-auto-213939,Executor0,Stage0-0-0,0,54000,54000,169753,0,0,2548,7983972
1784087317249,nx-q6-nexmark-auto-213939,Executor0,Stage0-1-0,0,54000,54000,334034,0,0,2360,8056742
1784087317249,nx-q6-nexmark-auto-213939,Executor0,Stage0-2-0,0,54000,54000,316406,0,0,315687,8109353
1784087317249,nx-q6-nexmark-auto-213939,Executor0,Stage0-3-0,0,54001,54001,174373,0,0,2309,7735365
1784087318249,nx-q6-nexmark-auto-213939,Executor0,Stage0-0-0,0,60000,60000,195963,0,0,2848,6890226
1784087318249,nx-q6-nexmark-auto-213939,Executor0,Stage0-1-0,0,60000,60000,205077,0,0,3157,6573875
1784087318249,nx-q6-nexmark-auto-213939,Executor0,Stage0-2-0,0,56166,56166,184570,0,0,2218,6262749
1784087318249,nx-q6-nexmark-auto-213939,Executor0,Stage0-3-0,0,58855,58855,192515,0,0,2458,6608276
1784087319249,nx-q6-nexmark-auto-213939,Executor0,Stage0-0-0,0,49372,49372,160885,0,0,1614,3613864
1784087319249,nx-q6-nexmark-auto-213939,Executor0,Stage0-1-0,0,50857,50857,289831,0,0,117744,3861330
1784087319249,nx-q6-nexmark-auto-213939,Executor0,Stage0-2-0,0,52987,52987,161293,0,0,234105,4268659
1784087319249,nx-q6-nexmark-auto-213939,Executor0,Stage0-3-0,0,52234,52234,285112,0,0,1678,4117535
1784087320249,nx-q6-nexmark-auto-213939,Executor0,Stage0-0-0,0,58628,58628,198311,0,0,2990,9189252
1784087320249,nx-q6-nexmark-auto-213939,Executor0,Stage0-1-0,0,57247,57247,193654,0,0,2766,8757085
1784087320249,nx-q6-nexmark-auto-213939,Executor0,Stage0-2-0,0,57062,57062,194010,0,0,2717,8986904
1784087320249,nx-q6-nexmark-auto-213939,Executor0,Stage0-3-0,0,58740,58740,190618,0,0,2832,9103806
1784087321249,nx-q6-nexmark-auto-213939,Executor0,Stage0-0-0,0,56192,56192,187272,0,0,2748,6772952
1784087321249,nx-q6-nexmark-auto-213939,Executor0,Stage0-1-0,0,55648,55648,178360,0,0,2333,6639907
1784087321249,nx-q6-nexmark-auto-213939,Executor0,Stage0-2-0,0,55785,55785,188562,0,0,2263,6729380
1784087321249,nx-q6-nexmark-auto-213939,Executor0,Stage0-3-0,0,60000,60000,197112,0,0,2898,7033247
1784087322249,nx-q6-nexmark-auto-213939,Executor0,Stage0-0-0,0,57808,57808,178937,0,0,1632,6386717
1784087322249,nx-q6-nexmark-auto-213939,Executor0,Stage0-1-0,0,51696,51696,236200,0,0,74492,5532277
1784087322249,nx-q6-nexmark-auto-213939,Executor0,Stage0-2-0,0,57806,57806,259836,0,0,1704,6133348
1784087322249,nx-q6-nexmark-auto-213939,Executor0,Stage0-3-0,0,57723,57723,180749,0,0,2075,6202270
1784087323249,nx-q6-nexmark-auto-213939,Executor0,Stage0-0-0,0,60000,60000,200738,0,0,2653,7326615
1784087323249,nx-q6-nexmark-auto-213939,Executor0,Stage0-1-0,0,56028,56028,191455,0,0,3167,6984707
1784087323249,nx-q6-nexmark-auto-213939,Executor0,Stage0-2-0,0,54000,54000,171162,0,0,2275,6991720
1784087323249,nx-q6-nexmark-auto-213939,Executor0,Stage0-3-0,0,58714,58714,198811,0,0,2603,7180711
1784087324249,nx-q6-nexmark-auto-213939,Executor0,Stage0-0-0,0,54000,54000,176706,0,0,2661,6703926
1784087324249,nx-q6-nexmark-auto-213939,Executor0,Stage0-1-0,0,57972,57972,195763,0,0,2625,6889652
1784087324249,nx-q6-nexmark-auto-213939,Executor0,Stage0-2-0,0,60000,60000,188578,0,0,2554,7133760
1784087324249,nx-q6-nexmark-auto-213939,Executor0,Stage0-3-0,0,57538,57538,188421,0,0,2623,7144523
1784087325249,nx-q6-nexmark-auto-213939,Executor0,Stage0-0-0,0,60000,60000,188866,0,0,2544,6948222
1784087325249,nx-q6-nexmark-auto-213939,Executor0,Stage0-1-0,0,53699,53699,235458,0,0,2311,6427364
1784087325249,nx-q6-nexmark-auto-213939,Executor0,Stage0-2-0,0,54000,54000,171835,0,0,2541,6510469
1784087325249,nx-q6-nexmark-auto-213939,Executor0,Stage0-3-0,0,57378,57378,181697,0,0,2398,6728297
1784087326249,nx-q6-nexmark-auto-213939,Executor0,Stage0-0-0,0,58720,58720,197311,0,0,2243,6635207
1784087326249,nx-q6-nexmark-auto-213939,Executor0,Stage0-1-0,0,56131,56131,184734,0,0,1966,6284441
1784087326249,nx-q6-nexmark-auto-213939,Executor0,Stage0-2-0,0,60000,60000,199181,0,0,2310,6717324
1784087326249,nx-q6-nexmark-auto-213939,Executor0,Stage0-3-0,0,60000,60000,202227,0,0,2406,6635413
1784087327249,nx-q6-nexmark-auto-213939,Executor0,Stage0-0-0,0,55280,55280,181098,0,0,2094,6835968
1784087327249,nx-q6-nexmark-auto-213939,Executor0,Stage0-1-0,0,57869,57869,195977,0,0,2127,6917563
1784087327249,nx-q6-nexmark-auto-213939,Executor0,Stage0-2-0,0,54000,54000,174136,0,0,2264,6759198
1784087327249,nx-q6-nexmark-auto-213939,Executor0,Stage0-3-0,0,58985,58985,196426,0,0,2672,7168000
1784087328249,nx-q6-nexmark-auto-213939,Executor0,Stage0-0-0,0,54000,54000,168363,0,0,2551,6586765
1784087328249,nx-q6-nexmark-auto-213939,Executor0,Stage0-1-0,0,53411,53411,246516,0,0,2381,6293128
1784087328249,nx-q6-nexmark-auto-213939,Executor0,Stage0-2-0,0,60000,60000,177922,0,0,2642,6970828
1784087328249,nx-q6-nexmark-auto-213939,Executor0,Stage0-3-0,0,54823,54823,171702,0,0,2472,6581284
1784087329249,nx-q6-nexmark-auto-213939,Executor0,Stage0-0-0,0,59195,59195,190826,0,0,2571,6507528
1784087329249,nx-q6-nexmark-auto-213939,Executor0,Stage0-1-0,0,58440,58440,194977,0,0,2671,6669001
1784087329249,nx-q6-nexmark-auto-213939,Executor0,Stage0-2-0,0,54000,54000,169389,0,0,2266,6385868
1784087329249,nx-q6-nexmark-auto-213939,Executor0,Stage0-3-0,0,60000,60000,187996,0,0,2634,6850379
1784087330249,nx-q6-nexmark-auto-213939,Executor0,Stage0-0-0,0,57042,57042,177274,0,0,2780,7228742
1784087330249,nx-q6-nexmark-auto-213939,Executor0,Stage0-1-0,0,54223,54223,184997,0,0,2644,6487729
1784087330249,nx-q6-nexmark-auto-213939,Executor0,Stage0-2-0,0,58480,58480,196496,0,0,2461,6956086
1784087330249,nx-q6-nexmark-auto-213939,Executor0,Stage0-3-0,0,60000,60000,179560,0,0,2251,7168986
1784087331249,nx-q6-nexmark-auto-213939,Executor0,Stage0-0-0,0,57763,57763,241745,0,0,2286,6719069
1784087331249,nx-q6-nexmark-auto-213939,Executor0,Stage0-1-0,0,55337,55337,186601,0,0,2279,6504238
1784087331249,nx-q6-nexmark-auto-213939,Executor0,Stage0-2-0,0,55520,55520,188313,0,0,2104,6569748
1784087331249,nx-q6-nexmark-auto-213939,Executor0,Stage0-3-0,0,54000,54000,175846,0,0,2326,6398104
1784087332249,nx-q6-nexmark-auto-213939,Executor0,Stage0-0-0,0,58805,58805,185363,0,0,2158,6572700
1784087332249,nx-q6-nexmark-auto-213939,Executor0,Stage0-1-0,0,54000,54000,180470,0,0,2081,6260291
1784087332249,nx-q6-nexmark-auto-213939,Executor0,Stage0-2-0,0,58601,58601,199845,0,0,2186,6586853
1784087332249,nx-q6-nexmark-auto-213939,Executor0,Stage0-3-0,0,60000,60000,187618,0,0,2772,6544272
1784087333249,nx-q6-nexmark-auto-213939,Executor0,Stage0-0-0,0,55195,55195,177700,0,0,2438,7214439
1784087333249,nx-q6-nexmark-auto-213939,Executor0,Stage0-1-0,0,60000,60000,203283,0,0,2621,7050867
1784087333249,nx-q6-nexmark-auto-213939,Executor0,Stage0-2-0,0,55399,55399,185316,0,0,2688,7190673
1784087333249,nx-q6-nexmark-auto-213939,Executor0,Stage0-3-0,0,59013,59013,190537,0,0,2706,7140408
1784087334249,nx-q6-nexmark-auto-213939,Executor0,Stage0-0-0,0,54000,54000,231180,0,0,2337,6203366
1784087334249,nx-q6-nexmark-auto-213939,Executor0,Stage0-1-0,0,53240,53240,238180,0,0,2298,6361161
1784087334249,nx-q6-nexmark-auto-213939,Executor0,Stage0-2-0,0,55980,55980,186593,0,0,1967,6461528
1784087334249,nx-q6-nexmark-auto-213939,Executor0,Stage0-3-0,0,57032,57032,176954,0,0,2444,6825430
1784087335249,nx-q6-nexmark-auto-213939,Executor0,Stage0-0-0,0,54000,54000,166477,0,0,2324,6228116
1784087335249,nx-q6-nexmark-auto-213939,Executor0,Stage0-1-0,0,58586,58586,198849,0,0,2398,6385564
1784087335249,nx-q6-nexmark-auto-213939,Executor0,Stage0-2-0,0,58020,58020,188319,0,0,2462,6538817
1784087335249,nx-q6-nexmark-auto-213939,Executor0,Stage0-3-0,0,57955,57955,190288,0,0,2483,6649960
1784087336249,nx-q6-nexmark-auto-213939,Executor0,Stage0-0-0,0,60000,60000,194960,0,0,2294,7037044
1784087336249,nx-q6-nexmark-auto-213939,Executor0,Stage0-1-0,0,55414,55414,188187,0,0,2398,6532485
1784087336249,nx-q6-nexmark-auto-213939,Executor0,Stage0-2-0,0,54000,54000,168047,0,0,2566,6550572
1784087336249,nx-q6-nexmark-auto-213939,Executor0,Stage0-3-0,0,60000,60000,196329,0,0,2474,6753841
1784087337249,nx-q6-nexmark-auto-213939,Executor0,Stage0-0-0,0,54000,54000,177293,0,0,2236,6744175
1784087337249,nx-q6-nexmark-auto-213939,Executor0,Stage0-1-0,0,55823,55823,248482,0,0,2272,6905315
1784087337249,nx-q6-nexmark-auto-213939,Executor0,Stage0-2-0,0,57324,57324,179958,0,0,2342,6822464
1784087337249,nx-q6-nexmark-auto-213939,Executor0,Stage0-3-0,0,56173,56173,184331,0,0,2320,6971490
1784087338249,nx-q6-nexmark-auto-213939,Executor0,Stage0-0-0,0,58954,58954,197867,0,0,3536,6371945
1784087338249,nx-q6-nexmark-auto-213939,Executor0,Stage0-1-0,0,56437,56437,189531,0,0,3353,6190700
1784087338249,nx-q6-nexmark-auto-213939,Executor0,Stage0-2-0,0,56676,56676,182337,0,0,3177,6435001
1784087338249,nx-q6-nexmark-auto-213939,Executor0,Stage0-3-0,0,57827,57827,191362,0,0,3467,6577083
1784087339249,nx-q6-nexmark-auto-213939,Executor0,Stage0-0-0,0,55046,55046,178302,0,0,3833,6772584
1784087339249,nx-q6-nexmark-auto-213939,Executor0,Stage0-1-0,0,55504,55504,183288,0,0,4085,6544706
1784087339249,nx-q6-nexmark-auto-213939,Executor0,Stage0-2-0,0,60000,60000,180526,0,0,3440,6991502
1784087339249,nx-q6-nexmark-auto-213939,Executor0,Stage0-3-0,0,60000,60000,194454,0,0,3931,6853463
1784087340249,nx-q6-nexmark-auto-213939,Executor0,Stage0-0-0,0,54582,54582,183692,0,0,2573,6486265
1784087340249,nx-q6-nexmark-auto-213939,Executor0,Stage0-1-0,0,51833,51832,175531,0,0,2360,6436489
1784087340249,nx-q6-nexmark-auto-213939,Executor0,Stage0-2-0,0,52511,52511,244890,0,0,2526,6554556
1784087340249,nx-q6-nexmark-auto-213939,Executor0,Stage0-3-0,0,57401,57401,193818,0,0,2855,6902897
1784087341249,nx-q6-nexmark-auto-213939,Executor0,Stage0-0-0,0,55392,55392,166681,0,0,2217,6592034
1784087341249,nx-q6-nexmark-auto-213939,Executor0,Stage0-1-0,0,56948,56949,190258,0,0,2123,6210949
1784087341249,nx-q6-nexmark-auto-213939,Executor0,Stage0-2-0,0,64032,64032,171643,0,0,2424,7045665
1784087341249,nx-q6-nexmark-auto-213939,Executor0,Stage0-3-0,0,57328,57328,191959,0,0,2382,6589587
1784087342249,nx-q6-nexmark-auto-213939,Executor0,Stage0-0-0,0,60000,60000,53723,0,0,2533,6719534
1784087342249,nx-q6-nexmark-auto-213939,Executor0,Stage0-1-0,0,55028,55028,179369,0,0,2199,6704614
1784087342249,nx-q6-nexmark-auto-213939,Executor0,Stage0-2-0,0,54000,54000,112443,0,0,2106,6616658
1784087342249,nx-q6-nexmark-auto-213939,Executor0,Stage0-3-0,0,57897,57897,185089,0,0,2373,6954546
1784087343249,nx-q6-nexmark-auto-213939,Executor0,Stage0-0-0,0,54000,54000,116371,0,0,2067,6801389
1784087343249,nx-q6-nexmark-auto-213939,Executor0,Stage0-1-0,0,52586,52586,177950,0,0,2039,6211950
1784087343249,nx-q6-nexmark-auto-213939,Executor0,Stage0-2-0,0,52729,52729,171282,0,0,2099,6549126
1784087343249,nx-q6-nexmark-auto-213939,Executor0,Stage0-3-0,0,59135,59135,187341,0,0,2292,7157238
1784087344249,nx-q6-nexmark-auto-213939,Executor0,Stage0-0-0,0,56076,56076,186765,0,0,2272,6350703
1784087344249,nx-q6-nexmark-auto-213939,Executor0,Stage0-1-0,0,55414,55414,178063,0,0,1798,6415719
1784087344249,nx-q6-nexmark-auto-213939,Executor0,Stage0-2-0,0,59974,59974,201136,0,0,2130,6765888
1784087344249,nx-q6-nexmark-auto-213939,Executor0,Stage0-3-0,0,58940,58940,197018,0,0,2351,6299307
1784087345249,nx-q6-nexmark-auto-213939,Executor0,Stage0-0-0,0,56776,56776,185643,0,0,1982,6561772
1784087345249,nx-q6-nexmark-auto-213939,Executor0,Stage0-1-0,0,58875,58875,196056,0,0,2382,6747696
1784087345249,nx-q6-nexmark-auto-213939,Executor0,Stage0-2-0,0,55297,55297,177200,0,0,2091,6875821
1784087345249,nx-q6-nexmark-auto-213939,Executor0,Stage0-3-0,0,55060,55060,177361,0,0,2342,6808986
1784087346249,nx-q6-nexmark-auto-213939,Executor0,Stage0-0-0,0,55148,55148,178077,0,0,2069,6863713
1784087346249,nx-q6-nexmark-auto-213939,Executor0,Stage0-1-0,0,55125,55125,180550,0,0,1906,6641393
1784087346249,nx-q6-nexmark-auto-213939,Executor0,Stage0-2-0,0,57947,57947,184575,0,0,1984,6856498
1784087346249,nx-q6-nexmark-auto-213939,Executor0,Stage0-3-0,0,58417,58417,184038,0,0,2012,6842356
1784087347249,nx-q6-nexmark-auto-213939,Executor0,Stage0-0-0,0,56060,56060,190559,0,0,2054,6444749
1784087347249,nx-q6-nexmark-auto-213939,Executor0,Stage0-1-0,0,55965,55965,190819,0,0,2145,6388243
1784087347249,nx-q6-nexmark-auto-213939,Executor0,Stage0-2-0,0,55992,55992,178169,0,0,2147,6468837
1784087347249,nx-q6-nexmark-auto-213939,Executor0,Stage0-3-0,0,60000,60000,203899,0,0,2168,6668659
1784087348249,nx-q6-nexmark-auto-213939,Executor0,Stage0-0-0,0,57940,57940,195347,0,0,2336,6795846
1784087348249,nx-q6-nexmark-auto-213939,Executor0,Stage0-1-0,0,58035,58035,194883,0,0,1962,6912376
1784087348249,nx-q6-nexmark-auto-213939,Executor0,Stage0-2-0,0,58008,58008,193372,0,0,2167,6787747
1784087348249,nx-q6-nexmark-auto-213939,Executor0,Stage0-3-0,0,58611,58611,189112,0,0,2517,6878675
1784087349249,nx-q6-nexmark-auto-213939,Executor0,Stage0-0-0,0,56017,56017,201872,0,0,2129,6595559
1784087349249,nx-q6-nexmark-auto-213939,Executor0,Stage0-1-0,0,55393,55393,293279,0,0,1990,6261060
1784087349249,nx-q6-nexmark-auto-213939,Executor0,Stage0-2-0,0,58336,58336,189228,0,0,2396,6879042
1784087349249,nx-q6-nexmark-auto-213939,Executor0,Stage0-3-0,0,53003,53003,241975,0,0,1830,6521318
1784087350249,nx-q6-nexmark-auto-213939,Executor0,Stage0-0-0,0,57748,57748,197016,0,0,2073,6691753
1784087350249,nx-q6-nexmark-auto-213939,Executor0,Stage0-1-0,0,55426,55426,195806,0,0,2043,6499974
1784087350249,nx-q6-nexmark-auto-213939,Executor0,Stage0-2-0,0,57536,57536,190916,0,0,2433,6858262
1784087350249,nx-q6-nexmark-auto-213939,Executor0,Stage0-3-0,0,60000,60000,194200,0,0,2372,6955306
1784087351249,nx-q6-nexmark-auto-213939,Executor0,Stage0-0-0,0,54000,54000,168307,0,0,2315,6752423
1784087351249,nx-q6-nexmark-auto-213939,Executor0,Stage0-1-0,0,58627,58627,195437,0,0,2261,6727441
1784087351249,nx-q6-nexmark-auto-213939,Executor0,Stage0-2-0,0,54033,54033,175838,0,0,1936,6384850
1784087351249,nx-q6-nexmark-auto-213939,Executor0,Stage0-3-0,0,58491,58491,186602,0,0,2367,6769398
1784087352249,nx-q6-nexmark-auto-213939,Executor0,Stage0-0-0,0,55052,55052,171644,0,0,2358,6702788
1784087352249,nx-q6-nexmark-auto-213939,Executor0,Stage0-1-0,0,52722,52722,175980,0,0,2107,6748000
1784087352249,nx-q6-nexmark-auto-213939,Executor0,Stage0-2-0,0,53888,53888,173977,0,0,2132,6781423
1784087352249,nx-q6-nexmark-auto-213939,Executor0,Stage0-3-0,0,50000,50000,231303,0,0,2111,6018792
1784087353249,nx-q6-nexmark-auto-213939,Executor0,Stage0-0-0,0,57709,57709,191407,0,0,2509,6564099
1784087353249,nx-q6-nexmark-auto-213939,Executor0,Stage0-1-0,0,60000,60000,209738,0,0,2387,6554175
1784087353249,nx-q6-nexmark-auto-213939,Executor0,Stage0-2-0,0,57958,57958,203014,0,0,2592,6568389
1784087353249,nx-q6-nexmark-auto-213939,Executor0,Stage0-3-0,0,50000,50000,171025,0,0,2424,5838159
1784087354249,nx-q6-nexmark-auto-213939,Executor0,Stage0-0-0,0,56228,56228,186346,0,0,2478,6960132
1784087354249,nx-q6-nexmark-auto-213939,Executor0,Stage0-1-0,0,54000,54000,183129,0,0,2367,6922331
1784087354249,nx-q6-nexmark-auto-213939,Executor0,Stage0-2-0,0,60000,60000,208924,0,0,2799,7540204
1784087354249,nx-q6-nexmark-auto-213939,Executor0,Stage0-3-0,0,50000,50000,176374,0,0,2339,6224717
1784087355249,nx-q6-nexmark-auto-213939,Executor0,Stage0-0-0,0,45772,45772,137364,0,0,2108,5559697
1784087355249,nx-q6-nexmark-auto-213939,Executor0,Stage0-1-0,0,46925,46925,157561,0,0,1850,5507980
1784087355249,nx-q6-nexmark-auto-213939,Executor0,Stage0-2-0,0,49089,49089,152215,0,0,1965,5677401
1784087355249,nx-q6-nexmark-auto-213939,Executor0,Stage0-3-0,0,46355,46355,139334,0,0,1813,5298867
1784087356249,nx-q6-nexmark-auto-213939,Executor0,Stage0-0-0,0,56417,56417,179762,0,0,2379,6049283
1784087356249,nx-q6-nexmark-auto-213939,Executor0,Stage0-1-0,0,56117,56117,186107,0,0,2190,5984901
1784087356249,nx-q6-nexmark-auto-213939,Executor0,Stage0-2-0,0,59877,59877,194477,0,0,2574,6631680
1784087356249,nx-q6-nexmark-auto-213939,Executor0,Stage0-3-0,0,53645,53645,168987,0,0,2184,5937245
1784087357249,nx-q6-nexmark-auto-213939,Executor0,Stage0-0-0,0,56740,56740,190283,0,0,2170,6597941
1784087357249,nx-q6-nexmark-auto-213939,Executor0,Stage0-1-0,0,57883,57883,218663,0,0,2136,6670637
1784087357249,nx-q6-nexmark-auto-213939,Executor0,Stage0-2-0,0,57837,57837,195357,0,0,2363,7052700
1784087357249,nx-q6-nexmark-auto-213939,Executor0,Stage0-3-0,0,50000,50000,183330,0,0,1489,5929523
1784087358249,nx-q6-nexmark-auto-213939,Executor0,Stage0-0-0,0,54843,54843,181100,0,0,1937,7229955
1784087358249,nx-q6-nexmark-auto-213939,Executor0,Stage0-1-0,0,58543,58543,251890,0,0,1685,7354786
1784087358249,nx-q6-nexmark-auto-213939,Executor0,Stage0-2-0,0,58406,58406,252784,0,0,1531,7131186
1784087358249,nx-q6-nexmark-auto-213939,Executor0,Stage0-3-0,0,50000,50000,155833,0,0,1529,6314472
1784087359249,nx-q6-nexmark-auto-213939,Executor0,Stage0-0-0,0,54000,54000,172344,0,0,2566,6416001
1784087359249,nx-q6-nexmark-auto-213939,Executor0,Stage0-1-0,0,55337,55337,179212,0,0,2410,6505501
1784087359249,nx-q6-nexmark-auto-213939,Executor0,Stage0-2-0,0,59854,59854,193297,0,0,2572,6982987
1784087359249,nx-q6-nexmark-auto-213939,Executor0,Stage0-3-0,0,51960,51960,165726,0,0,2590,5709398
1784087360249,nx-q6-nexmark-auto-213939,Executor0,Stage0-0-0,0,58961,58961,191939,0,0,2412,6229571
1784087360249,nx-q6-nexmark-auto-213939,Executor0,Stage0-1-0,0,58440,58440,194961,0,0,2173,6335999
1784087360249,nx-q6-nexmark-auto-213939,Executor0,Stage0-2-0,0,58082,58082,188849,0,0,2060,6590259
1784087360249,nx-q6-nexmark-auto-213939,Executor0,Stage0-3-0,0,48040,48040,155513,0,0,1809,5641505
1784087361249,nx-q6-nexmark-auto-213939,Executor0,Stage0-0-0,0,54648,54648,165345,0,0,2192,6991330
1784087361249,nx-q6-nexmark-auto-213939,Executor0,Stage0-1-0,0,53848,53848,239440,0,0,2350,6979473
1784087361249,nx-q6-nexmark-auto-213939,Executor0,Stage0-2-0,0,47591,47591,148040,0,0,2011,6069205
1784087361249,nx-q6-nexmark-auto-213939,Executor0,Stage0-3-0,0,50000,50000,235827,0,0,2146,6040106
1784087362249,nx-q6-nexmark-auto-213939,Executor0,Stage0-0-0,0,54000,54000,172414,0,0,2223,6072769
1784087362249,nx-q6-nexmark-auto-213939,Executor0,Stage0-1-0,0,60000,60000,196234,0,0,2734,6472509
1784087362249,nx-q6-nexmark-auto-213939,Executor0,Stage0-2-0,0,50000,50000,159920,0,0,2322,5723507
1784087362249,nx-q6-nexmark-auto-213939,Executor0,Stage0-3-0,0,50000,50000,160491,0,0,1964,5681782
1784087363249,nx-q6-nexmark-auto-213939,Executor0,Stage0-0-0,0,54000,54000,171170,0,0,2613,6596958
1784087363249,nx-q6-nexmark-auto-213939,Executor0,Stage0-1-0,0,54000,54000,174653,0,0,2446,6679022
1784087363249,nx-q6-nexmark-auto-213939,Executor0,Stage0-2-0,0,52968,52968,155061,0,0,2445,5961877
1784087363249,nx-q6-nexmark-auto-213939,Executor0,Stage0-3-0,0,51510,51510,144169,0,0,2199,5934994
1784087364249,nx-q6-nexmark-auto-213939,Executor0,Stage0-0-0,0,54000,54000,165642,0,0,2494,6709507
1784087364249,nx-q6-nexmark-auto-213939,Executor0,Stage0-1-0,0,54000,54000,172269,0,0,2183,6479996
1784087364249,nx-q6-nexmark-auto-213939,Executor0,Stage0-2-0,0,47032,47032,151230,0,0,2002,6120753
1784087364249,nx-q6-nexmark-auto-213939,Executor0,Stage0-3-0,0,48490,48490,150891,0,0,2229,6012253
1784087365249,nx-q6-nexmark-auto-213939,Executor0,Stage0-0-0,0,54000,54000,166381,0,0,1863,5983531
1784087365249,nx-q6-nexmark-auto-213939,Executor0,Stage0-1-0,0,54000,54000,181857,0,0,2309,5898195
1784087365249,nx-q6-nexmark-auto-213939,Executor0,Stage0-2-0,0,52761,52761,168721,0,0,2073,5728327
1784087365249,nx-q6-nexmark-auto-213939,Executor0,Stage0-3-0,0,51713,51713,173187,0,0,2131,5629709
1784087366249,nx-q6-nexmark-auto-213939,Executor0,Stage0-0-0,0,56308,56308,182079,0,0,2572,6876187
1784087366249,nx-q6-nexmark-auto-213939,Executor0,Stage0-1-0,0,60000,60000,199502,0,0,2751,7416910
1784087366249,nx-q6-nexmark-auto-213939,Executor0,Stage0-2-0,0,47239,47239,140158,0,0,2042,6088038
1784087366249,nx-q6-nexmark-auto-213939,Executor0,Stage0-3-0,0,48287,48287,157777,0,0,1940,6064396
1784087367263,nx-q6-nexmark-auto-213939,Executor0,Stage0-0-0,0,51692,51692,160259,0,0,1435,3168279
1784087367263,nx-q6-nexmark-auto-213939,Executor0,Stage0-1-0,0,51971,51971,287618,0,0,1535,3065281
1784087367263,nx-q6-nexmark-auto-213939,Executor0,Stage0-2-0,0,44000,44000,135904,0,0,1382,3194214
1784087367263,nx-q6-nexmark-auto-213939,Executor0,Stage0-3-0,0,44000,44000,138816,0,0,1797,3475682
1784087368249,nx-q6-nexmark-auto-213939,Executor0,Stage0-0-0,0,58328,58328,205461,0,0,3323,9486130
1784087368249,nx-q6-nexmark-auto-213939,Executor0,Stage0-1-0,0,58378,58378,191970,0,0,3414,9343167
1784087368249,nx-q6-nexmark-auto-213939,Executor0,Stage0-2-0,0,58385,58385,188788,0,0,124031,8504192
1784087368249,nx-q6-nexmark-auto-213939,Executor0,Stage0-3-0,0,56010,56010,189032,0,0,2580,7860781
1784087369249,nx-q6-nexmark-auto-213939,Executor0,Stage0-0-0,0,48062,48062,162430,0,0,1920,5982683
1784087369249,nx-q6-nexmark-auto-213939,Executor0,Stage0-1-0,0,57723,57723,191445,0,0,2288,7156906
1784087369249,nx-q6-nexmark-auto-213939,Executor0,Stage0-2-0,0,50436,50436,163336,0,0,1941,6076650
1784087369249,nx-q6-nexmark-auto-213939,Executor0,Stage0-3-0,0,49990,49990,159105,0,0,2025,6122714
1784087370379,nx-q6-nexmark-auto-213939,Executor0,Stage0-0-0,0,49401,49401,162222,0,0,1963,5715512
1784087370379,nx-q6-nexmark-auto-213939,Executor0,Stage0-1-0,0,56140,56140,186170,0,0,2136,6129739
1784087370379,nx-q6-nexmark-auto-213939,Executor0,Stage0-2-0,0,46622,46622,143812,0,0,1820,5567247
1784087370379,nx-q6-nexmark-auto-213939,Executor0,Stage0-3-0,0,49384,49384,157109,0,0,2125,5623311
1784087371249,nx-q6-nexmark-auto-213939,Executor0,Stage0-0-0,0,50168,50168,159474,0,0,2480,5930138
1784087371249,nx-q6-nexmark-auto-213939,Executor0,Stage0-1-0,0,52691,52691,165448,0,0,2592,6323069
1784087371249,nx-q6-nexmark-auto-213939,Executor0,Stage0-2-0,0,50027,50027,309493,0,0,2316,5912830
1784087371249,nx-q6-nexmark-auto-213939,Executor0,Stage0-3-0,0,51615,51615,163245,0,0,2579,6054113
1784087372249,nx-q6-nexmark-auto-213939,Executor0,Stage0-0-0,0,51640,51640,165119,0,0,2245,6208637
1784087372249,nx-q6-nexmark-auto-213939,Executor0,Stage0-1-0,0,55309,55309,183449,0,0,2508,6726236
1784087372249,nx-q6-nexmark-auto-213939,Executor0,Stage0-2-0,0,50530,50530,168638,0,0,2414,6137669
1784087372249,nx-q6-nexmark-auto-213939,Executor0,Stage0-3-0,0,52102,52102,170249,0,0,2154,5992919
1784087373249,nx-q6-nexmark-auto-213939,Executor0,Stage0-0-0,0,51398,51398,168360,0,0,2344,5892579
1784087373249,nx-q6-nexmark-auto-213939,Executor0,Stage0-1-0,0,55842,55842,186908,0,0,2383,6479888
1784087373249,nx-q6-nexmark-auto-213939,Executor0,Stage0-2-0,0,51463,51463,167873,0,0,2398,5923364
1784087373249,nx-q6-nexmark-auto-213939,Executor0,Stage0-3-0,0,46899,46899,144074,0,0,2074,5665798
1784087374249,nx-q6-nexmark-auto-213939,Executor0,Stage0-0-0,0,50068,50068,157608,0,0,2060,6117587
1784087374249,nx-q6-nexmark-auto-213939,Executor0,Stage0-1-0,0,54651,54651,187938,0,0,2257,6293299
1784087374249,nx-q6-nexmark-auto-213939,Executor0,Stage0-2-0,0,48537,48537,225683,0,0,2125,6052876
1784087374249,nx-q6-nexmark-auto-213939,Executor0,Stage0-3-0,0,51485,51485,165817,0,0,2254,6172710
1784087375249,nx-q6-nexmark-auto-213939,Executor0,Stage0-0-0,0,47325,47325,153452,0,0,1729,5784293
1784087375249,nx-q6-nexmark-auto-213939,Executor0,Stage0-1-0,0,47927,47927,160430,0,0,1980,5759456
1784087375249,nx-q6-nexmark-auto-213939,Executor0,Stage0-2-0,0,52720,52720,169753,0,0,2274,5925172
1784087375249,nx-q6-nexmark-auto-213939,Executor0,Stage0-3-0,0,51284,51284,161850,0,0,2127,5777916
1784087376249,nx-q6-nexmark-auto-213939,Executor0,Stage0-0-0,0,50000,50000,159552,0,0,2124,5881512
1784087376249,nx-q6-nexmark-auto-213939,Executor0,Stage0-1-0,0,50000,50000,165447,0,0,2059,5838228
1784087376249,nx-q6-nexmark-auto-213939,Executor0,Stage0-2-0,0,47280,47280,149380,0,0,1900,5829325
1784087376249,nx-q6-nexmark-auto-213939,Executor0,Stage0-3-0,0,47231,47231,145173,0,0,1748,5774480
1784087377249,nx-q6-nexmark-auto-213939,Executor0,Stage0-0-0,0,50000,50000,159270,0,0,2200,5951170
1784087377249,nx-q6-nexmark-auto-213939,Executor0,Stage0-1-0,0,51426,51426,168428,0,0,2063,5902934
1784087377249,nx-q6-nexmark-auto-213939,Executor0,Stage0-2-0,0,52613,52613,166595,0,0,2253,5979662
1784087377249,nx-q6-nexmark-auto-213939,Executor0,Stage0-3-0,0,50000,50000,157701,0,0,1905,5868133
1784087378249,nx-q6-nexmark-auto-213939,Executor0,Stage0-0-0,0,50000,50000,162523,0,0,1997,5921647
1784087378249,nx-q6-nexmark-auto-213939,Executor0,Stage0-1-0,0,48574,48574,161383,0,0,1885,5839844
1784087378249,nx-q6-nexmark-auto-213939,Executor0,Stage0-2-0,0,47387,47387,152763,0,0,2021,5891910
1784087378249,nx-q6-nexmark-auto-213939,Executor0,Stage0-3-0,0,50000,50000,156213,0,0,2339,5872815
1784087379249,nx-q6-nexmark-auto-213939,Executor0,Stage0-0-0,0,52051,52051,170328,0,0,2170,5735521
1784087379249,nx-q6-nexmark-auto-213939,Executor0,Stage0-1-0,0,52030,52029,175170,0,0,2335,5650941
1784087379249,nx-q6-nexmark-auto-213939,Executor0,Stage0-2-0,0,51348,51348,172249,0,0,2335,5723522
1784087379249,nx-q6-nexmark-auto-213939,Executor0,Stage0-3-0,0,51329,51329,167853,0,0,2084,5671165
1784087380343,nx-q6-nexmark-auto-213939,Executor0,Stage0-0-0,0,43059,43059,135248,0,0,1785,5558480
1784087380343,nx-q6-nexmark-auto-213939,Executor0,Stage0-1-0,0,43062,43063,140557,0,0,1866,5506503
1784087380343,nx-q6-nexmark-auto-213939,Executor0,Stage0-2-0,0,43774,43774,142556,0,0,1856,5512677
1784087380343,nx-q6-nexmark-auto-213939,Executor0,Stage0-3-0,0,43787,43787,138200,0,0,2090,5444633
1784087381249,nx-q6-nexmark-auto-213939,Executor0,Stage0-0-0,0,54001,54001,173053,0,0,2365,6295850
1784087381249,nx-q6-nexmark-auto-213939,Executor0,Stage0-1-0,0,52503,52503,321038,0,0,2231,5982857
1784087381249,nx-q6-nexmark-auto-213939,Executor0,Stage0-2-0,0,54001,54001,177406,0,0,2365,6220453
1784087381249,nx-q6-nexmark-auto-213939,Executor0,Stage0-3-0,0,54001,54001,179694,0,0,152485,6259954
1784087382249,nx-q6-nexmark-auto-213939,Executor0,Stage0-0-0,0,53345,53345,173472,0,0,2277,5956210
1784087382249,nx-q6-nexmark-auto-213939,Executor0,Stage0-1-0,0,52405,52405,166928,0,0,1946,6094523
1784087382249,nx-q6-nexmark-auto-213939,Executor0,Stage0-2-0,0,53217,53217,173220,0,0,2075,6082165
1784087382249,nx-q6-nexmark-auto-213939,Executor0,Stage0-3-0,0,50883,50883,162525,0,0,2439,5853150
1784087383249,nx-q6-nexmark-auto-213939,Executor0,Stage0-0-0,0,47544,47544,148797,0,0,1429,5932553
1784087383249,nx-q6-nexmark-auto-213939,Executor0,Stage0-1-0,0,52536,52536,166590,0,0,1663,5906020
1784087383249,nx-q6-nexmark-auto-213939,Executor0,Stage0-2-0,0,47660,47660,152507,0,0,1564,5921994
1784087383249,nx-q6-nexmark-auto-213939,Executor0,Stage0-3-0,0,50000,50000,159534,0,0,1692,5889164
1784087384249,nx-q6-nexmark-auto-213939,Executor0,Stage0-0-0,0,50000,50000,160923,0,0,2503,6083517
1784087384249,nx-q6-nexmark-auto-213939,Executor0,Stage0-1-0,0,47464,47464,153945,0,0,2367,6012408
1784087384249,nx-q6-nexmark-auto-213939,Executor0,Stage0-2-0,0,50599,50599,162984,0,0,2121,6128114
1784087384249,nx-q6-nexmark-auto-213939,Executor0,Stage0-3-0,0,50000,50000,222843,0,0,2350,6016593
1784087385249,nx-q6-nexmark-auto-213939,Executor0,Stage0-0-0,0,52605,52605,170940,0,0,1891,5833128
1784087385249,nx-q6-nexmark-auto-213939,Executor0,Stage0-1-0,0,50000,50000,163530,0,0,1762,5681973
1784087385249,nx-q6-nexmark-auto-213939,Executor0,Stage0-2-0,0,49401,49401,163467,0,0,1774,5685360
1784087385249,nx-q6-nexmark-auto-213939,Executor0,Stage0-3-0,0,50000,50000,161663,0,0,2288,5661052
1784087386249,nx-q6-nexmark-auto-213939,Executor0,Stage0-0-0,0,47395,47395,151128,0,0,1766,5975845
1784087386249,nx-q6-nexmark-auto-213939,Executor0,Stage0-1-0,0,51329,51329,167362,0,0,2077,6077236
1784087386249,nx-q6-nexmark-auto-213939,Executor0,Stage0-2-0,0,51317,51317,167534,0,0,2104,6146685
1784087386249,nx-q6-nexmark-auto-213939,Executor0,Stage0-3-0,0,50000,50000,160339,0,0,1873,5984987
1784087387249,nx-q6-nexmark-auto-213939,Executor0,Stage0-0-0,0,51430,51430,149103,0,0,2172,5949647
1784087387249,nx-q6-nexmark-auto-213939,Executor0,Stage0-1-0,0,48671,48671,213757,0,0,1970,5751657
1784087387249,nx-q6-nexmark-auto-213939,Executor0,Stage0-2-0,0,48683,48683,152195,0,0,1990,5839289
1784087387249,nx-q6-nexmark-auto-213939,Executor0,Stage0-3-0,0,50000,50000,222414,0,0,2376,5830089
1784087388249,nx-q6-nexmark-auto-213939,Executor0,Stage0-0-0,0,48570,48570,150105,0,0,1849,5831974
1784087388249,nx-q6-nexmark-auto-213939,Executor0,Stage0-1-0,0,50000,50000,162898,0,0,2187,5843271
1784087388249,nx-q6-nexmark-auto-213939,Executor0,Stage0-2-0,0,50000,50000,162457,0,0,2031,5889867
1784087388249,nx-q6-nexmark-auto-213939,Executor0,Stage0-3-0,0,52396,52396,166971,0,0,2334,5916587
1784087389249,nx-q6-nexmark-auto-213939,Executor0,Stage0-0-0,0,50000,50000,158915,0,0,2151,5879231
1784087389249,nx-q6-nexmark-auto-213939,Executor0,Stage0-1-0,0,50000,50000,169318,0,0,2252,5822542
1784087389249,nx-q6-nexmark-auto-213939,Executor0,Stage0-2-0,0,50000,50000,170208,0,0,2256,5889930
1784087389249,nx-q6-nexmark-auto-213939,Executor0,Stage0-3-0,0,47604,47604,158414,0,0,2102,5754907
1784087390312,nx-q6-nexmark-auto-213939,Executor0,Stage0-0-0,0,44524,44524,136208,0,0,2262,5251402
1784087390312,nx-q6-nexmark-auto-213939,Executor0,Stage0-1-0,0,44486,44486,141994,0,0,1605,5088817
1784087390312,nx-q6-nexmark-auto-213939,Executor0,Stage0-2-0,0,44598,44598,267685,0,0,1894,5140037
1784087390312,nx-q6-nexmark-auto-213939,Executor0,Stage0-3-0,0,44544,44544,144682,0,0,1824,5080549
1784087391249,nx-q6-nexmark-auto-213939,Executor0,Stage0-0-0,0,54000,54000,295130,0,0,2878,6215900
1784087391249,nx-q6-nexmark-auto-213939,Executor0,Stage0-1-0,0,54000,54000,302528,0,0,2720,6283896
1784087391249,nx-q6-nexmark-auto-213939,Executor0,Stage0-2-0,0,53940,53940,169529,0,0,3967,6358461
1784087391249,nx-q6-nexmark-auto-213939,Executor0,Stage0-3-0,0,54000,54000,299831,0,0,2982,6295414
1784087392249,nx-q6-nexmark-auto-213939,Executor0,Stage0-0-0,0,56401,56401,176089,0,0,2306,6225634
1784087392249,nx-q6-nexmark-auto-213939,Executor0,Stage0-1-0,0,51514,51514,170493,0,0,1846,6031564
1784087392249,nx-q6-nexmark-auto-213939,Executor0,Stage0-2-0,0,53730,53730,175825,0,0,2016,6101373
1784087392249,nx-q6-nexmark-auto-213939,Executor0,Stage0-3-0,0,51456,51456,166949,0,0,1817,6033252
1784087393249,nx-q6-nexmark-auto-213939,Executor0,Stage0-0-0,0,45075,45075,128454,0,0,2162,5961579
1784087393249,nx-q6-nexmark-auto-213939,Executor0,Stage0-1-0,0,51992,51992,173930,0,0,2129,6093861
1784087393249,nx-q6-nexmark-auto-213939,Executor0,Stage0-2-0,0,47732,47732,145160,0,0,2234,6086694
1784087393249,nx-q6-nexmark-auto-213939,Executor0,Stage0-3-0,0,51295,51295,164816,0,0,2221,6121716
1784087394249,nx-q6-nexmark-auto-213939,Executor0,Stage0-0-0,0,52391,52391,161035,0,0,1979,5986676
1784087394249,nx-q6-nexmark-auto-213939,Executor0,Stage0-1-0,0,48008,48008,141459,0,0,1923,5852324
1784087394249,nx-q6-nexmark-auto-213939,Executor0,Stage0-2-0,0,50000,50000,150868,0,0,2019,5970393
1784087394249,nx-q6-nexmark-auto-213939,Executor0,Stage0-3-0,0,51017,51017,168713,0,0,1799,5848488
1784087395249,nx-q6-nexmark-auto-213939,Executor0,Stage0-0-0,0,47609,47609,149259,0,0,1994,5759944
1784087395249,nx-q6-nexmark-auto-213939,Executor0,Stage0-1-0,0,50000,50000,164694,0,0,2124,5758559
1784087395249,nx-q6-nexmark-auto-213939,Executor0,Stage0-2-0,0,52729,52729,158803,0,0,2145,5918456
1784087395249,nx-q6-nexmark-auto-213939,Executor0,Stage0-3-0,0,50336,50336,163833,0,0,2000,5835883
1784087396249,nx-q6-nexmark-auto-213939,Executor0,Stage0-0-0,0,52296,52296,164036,0,0,2161,6045003
1784087396249,nx-q6-nexmark-auto-213939,Executor0,Stage0-1-0,0,52107,52107,173446,0,0,2116,5969983
1784087396249,nx-q6-nexmark-auto-213939,Executor0,Stage0-2-0,0,47271,47271,152673,0,0,1689,5870115
1784087396249,nx-q6-nexmark-auto-213939,Executor0,Stage0-3-0,0,47352,47352,149185,0,0,1860,5804640
1784087397249,nx-q6-nexmark-auto-213939,Executor0,Stage0-0-0,0,47704,47704,155501,0,0,1910,5905388
1784087397249,nx-q6-nexmark-auto-213939,Executor0,Stage0-1-0,0,47893,47893,159993,0,0,2030,5844277
1784087397249,nx-q6-nexmark-auto-213939,Executor0,Stage0-2-0,0,50000,50000,164831,0,0,1903,5975662
1784087397249,nx-q6-nexmark-auto-213939,Executor0,Stage0-3-0,0,50000,50000,158392,0,0,2140,5877233
1784087398249,nx-q6-nexmark-auto-213939,Executor0,Stage0-0-0,0,52438,52438,169072,0,0,2177,5814571
1784087398249,nx-q6-nexmark-auto-213939,Executor0,Stage0-1-0,0,52398,52398,170854,0,0,2294,5728323
1784087398249,nx-q6-nexmark-auto-213939,Executor0,Stage0-2-0,0,52160,52160,173298,0,0,2218,5814117
1784087398249,nx-q6-nexmark-auto-213939,Executor0,Stage0-3-0,0,52370,52370,170266,0,0,1984,5749466
1784087399249,nx-q6-nexmark-auto-213939,Executor0,Stage0-0-0,0,48247,48247,154411,0,0,2344,6010913
1784087399249,nx-q6-nexmark-auto-213939,Executor0,Stage0-1-0,0,48283,48283,157402,0,0,2224,5947596
1784087399249,nx-q6-nexmark-auto-213939,Executor0,Stage0-2-0,0,47840,47840,142382,0,0,2267,5968748
1784087399249,nx-q6-nexmark-auto-213939,Executor0,Stage0-3-0,0,47630,47630,157204,0,0,2382,5897283
1784087400323,nx-q6-nexmark-auto-213939,Executor0,Stage0-0-0,0,43656,43656,137713,0,0,2773,4912868
1784087400323,nx-q6-nexmark-auto-213939,Executor0,Stage0-1-0,0,43646,43646,138371,0,0,2551,4857170
1784087400323,nx-q6-nexmark-auto-213939,Executor0,Stage0-2-0,0,44340,44340,274188,0,0,3329,5245981
1784087400323,nx-q6-nexmark-auto-213939,Executor0,Stage0-3-0,0,44315,44315,140556,0,0,2993,5190022
1784087401249,nx-q6-nexmark-auto-213939,Executor0,Stage0-0-0,0,53013,53013,160982,0,0,142008,6362395
1784087401249,nx-q6-nexmark-auto-213939,Executor0,Stage0-1-0,0,54000,54000,314967,0,0,2585,6682289
1784087401249,nx-q6-nexmark-auto-213939,Executor0,Stage0-2-0,0,53989,53989,171781,0,0,2496,6449574
1784087401249,nx-q6-nexmark-auto-213939,Executor0,Stage0-3-0,0,54000,54000,308677,0,0,2444,6373492
1784087402249,nx-q6-nexmark-auto-213939,Executor0,Stage0-0-0,0,52646,52646,166537,0,0,1916,6264484
1784087402249,nx-q6-nexmark-auto-213939,Executor0,Stage0-1-0,0,53223,53223,170873,0,0,1923,5921280
1784087402249,nx-q6-nexmark-auto-213939,Executor0,Stage0-2-0,0,51671,51671,170878,0,0,2051,5905901
1784087402249,nx-q6-nexmark-auto-213939,Executor0,Stage0-3-0,0,53207,53207,167905,0,0,2071,5920442
1784087403249,nx-q6-nexmark-auto-213939,Executor0,Stage0-0-0,0,51241,51241,158901,0,0,2128,6152468
1784087403249,nx-q6-nexmark-auto-213939,Executor0,Stage0-1-0,0,48450,48450,159142,0,0,1685,5914817
1784087403249,nx-q6-nexmark-auto-213939,Executor0,Stage0-2-0,0,51341,51341,169871,0,0,2147,6136130
1784087403249,nx-q6-nexmark-auto-213939,Executor0,Stage0-3-0,0,48478,48478,156793,0,0,1798,5904299
1784087404249,nx-q6-nexmark-auto-213939,Executor0,Stage0-0-0,0,48759,48759,161787,0,0,2167,5910926
1784087404249,nx-q6-nexmark-auto-213939,Executor0,Stage0-1-0,0,50535,50535,165144,0,0,2213,5946056
1784087404249,nx-q6-nexmark-auto-213939,Executor0,Stage0-2-0,0,48659,48659,161691,0,0,1970,5918140
1784087404249,nx-q6-nexmark-auto-213939,Executor0,Stage0-3-0,0,50000,50000,205995,0,0,2156,5915421
1784087405249,nx-q6-nexmark-auto-213939,Executor0,Stage0-0-0,0,50000,50000,165494,0,0,2383,5673536
1784087405249,nx-q6-nexmark-auto-213939,Executor0,Stage0-1-0,0,51980,51980,173781,0,0,2227,5611064
1784087405249,nx-q6-nexmark-auto-213939,Executor0,Stage0-2-0,0,54935,54935,172758,0,0,2240,5832733
1784087405249,nx-q6-nexmark-auto-213939,Executor0,Stage0-3-0,0,52561,52561,172992,0,0,2161,5651713
1784087406249,nx-q6-nexmark-auto-213939,Executor0,Stage0-0-0,0,51130,51130,162583,0,0,1682,5984887
1784087406249,nx-q6-nexmark-auto-213939,Executor0,Stage0-1-0,0,47485,47485,155801,0,0,1592,5888208
1784087406249,nx-q6-nexmark-auto-213939,Executor0,Stage0-2-0,0,45065,45065,144690,0,0,1645,5834315
1784087406249,nx-q6-nexmark-auto-213939,Executor0,Stage0-3-0,0,47439,47439,153372,0,0,1586,5871705
1784087407249,nx-q6-nexmark-auto-213939,Executor0,Stage0-0-0,0,48870,48870,153148,0,0,2190,6023832
1784087407249,nx-q6-nexmark-auto-213939,Executor0,Stage0-1-0,0,51334,51334,168642,0,0,2359,5999965
1784087407249,nx-q6-nexmark-auto-213939,Executor0,Stage0-2-0,0,52686,52686,167669,0,0,2051,6090339
1784087407249,nx-q6-nexmark-auto-213939,Executor0,Stage0-3-0,0,51232,51232,164367,0,0,2169,6011274
1784087408249,nx-q6-nexmark-auto-213939,Executor0,Stage0-0-0,0,50000,50000,159098,0,0,1880,5906064
1784087408249,nx-q6-nexmark-auto-213939,Executor0,Stage0-1-0,0,48666,48666,161193,0,0,1846,5830301
1784087408249,nx-q6-nexmark-auto-213939,Executor0,Stage0-2-0,0,47314,47314,154622,0,0,1879,5867297
1784087408249,nx-q6-nexmark-auto-213939,Executor0,Stage0-3-0,0,48768,48768,160356,0,0,1821,5807410
1784087409249,nx-q6-nexmark-auto-213939,Executor0,Stage0-0-0,0,50000,50000,155094,0,0,2244,5798861
1784087409249,nx-q6-nexmark-auto-213939,Executor0,Stage0-1-0,0,50000,50000,165096,0,0,1828,5767719
1784087409249,nx-q6-nexmark-auto-213939,Executor0,Stage0-2-0,0,51274,51274,163040,0,0,1950,5895245
1784087409249,nx-q6-nexmark-auto-213939,Executor0,Stage0-3-0,0,52057,52057,168725,0,0,1613,5828166
1784087410287,nx-q6-nexmark-auto-213939,Executor0,Stage0-0-0,0,44000,44000,137796,0,0,2862,4137875
1784087410287,nx-q6-nexmark-auto-213939,Executor0,Stage0-1-0,0,44000,44000,141045,0,0,2909,4579309
1784087410287,nx-q6-nexmark-auto-213939,Executor0,Stage0-2-0,0,42726,42726,133710,0,0,2637,4247190
1784087410287,nx-q6-nexmark-auto-213939,Executor0,Stage0-3-0,0,41943,41943,138216,0,0,1934,4438049
1784087411249,nx-q6-nexmark-auto-213939,Executor0,Stage0-0-0,0,58248,58248,177058,0,0,3011,8043110
1784087411249,nx-q6-nexmark-auto-213939,Executor0,Stage0-1-0,0,57746,57746,185995,0,0,2734,7405247
1784087411249,nx-q6-nexmark-auto-213939,Executor0,Stage0-2-0,0,56381,56381,181484,0,0,2888,7744504
1784087411249,nx-q6-nexmark-auto-213939,Executor0,Stage0-3-0,0,57563,57563,184621,0,0,2623,7474822
1784087412249,nx-q6-nexmark-auto-213939,Executor0,Stage0-0-0,0,49944,49944,160029,0,0,2236,5955212
1784087412249,nx-q6-nexmark-auto-213939,Executor0,Stage0-1-0,0,49753,49753,154942,0,0,2057,5956322
1784087412249,nx-q6-nexmark-auto-213939,Executor0,Stage0-2-0,0,51778,51778,169850,0,0,2338,6060951
1784087412249,nx-q6-nexmark-auto-213939,Executor0,Stage0-3-0,0,48437,48437,153319,0,0,2095,5826720
1784087413249,nx-q6-nexmark-auto-213939,Executor0,Stage0-0-0,0,47808,47808,160076,0,0,2189,5715257
1784087413249,nx-q6-nexmark-auto-213939,Executor0,Stage0-1-0,0,48501,48501,162087,0,0,2312,5632037
1784087413249,nx-q6-nexmark-auto-213939,Executor0,Stage0-2-0,0,47841,47841,157172,0,0,2027,5725461
1784087413249,nx-q6-nexmark-auto-213939,Executor0,Stage0-3-0,0,52217,52217,173828,0,0,2249,5805772
1784087414249,nx-q6-nexmark-auto-213939,Executor0,Stage0-0-0,0,42000,42000,130700,0,0,1979,4746137
1784087414249,nx-q6-nexmark-auto-213939,Executor0,Stage0-1-0,0,42000,42000,131606,0,0,2738,4748248
1784087414249,nx-q6-nexmark-auto-213939,Executor0,Stage0-2-0,0,44031,44031,134319,0,0,1890,4859760
1784087414249,nx-q6-nexmark-auto-213939,Executor0,Stage0-3-0,0,38649,38649,400170,0,0,1894,4612446
1784087415249,nx-q6-nexmark-auto-213939,Executor0,Stage0-0-0,0,58905,58905,192212,0,0,2012,6207967
1784087415249,nx-q6-nexmark-auto-213939,Executor0,Stage0-1-0,0,54000,54000,175509,0,0,1996,6094402
1784087415249,nx-q6-nexmark-auto-213939,Executor0,Stage0-2-0,0,58925,58925,178200,0,0,2146,6320205
1784087415249,nx-q6-nexmark-auto-213939,Executor0,Stage0-3-0,0,58948,58948,196693,0,0,2125,6149153
1784087416249,nx-q6-nexmark-auto-213939,Executor0,Stage0-0-0,0,49095,49095,156302,0,0,2009,6339032
1784087416249,nx-q6-nexmark-auto-213939,Executor0,Stage0-1-0,0,53995,53995,181299,0,0,1936,6200846
1784087416249,nx-q6-nexmark-auto-213939,Executor0,Stage0-2-0,0,47068,47068,154285,0,0,2166,6040962
1784087416249,nx-q6-nexmark-auto-213939,Executor0,Stage0-3-0,0,52787,52787,165018,0,0,2150,6334227
1784087417249,nx-q6-nexmark-auto-213939,Executor0,Stage0-0-0,0,42000,42000,134240,0,0,2532,5501738
1784087417249,nx-q6-nexmark-auto-213939,Executor0,Stage0-1-0,0,44262,44262,144027,0,0,2057,5770449
1784087417249,nx-q6-nexmark-auto-213939,Executor0,Stage0-2-0,0,42983,42983,157911,0,0,2083,5679228
1784087417249,nx-q6-nexmark-auto-213939,Executor0,Stage0-3-0,0,44672,44672,145014,0,0,2395,5786030
1784087418249,nx-q6-nexmark-auto-213939,Executor0,Stage0-0-0,0,58580,58580,192434,0,0,2096,6244336
1784087418249,nx-q6-nexmark-auto-213939,Executor0,Stage0-1-0,0,56067,56067,193063,0,0,1819,6036409
1784087418249,nx-q6-nexmark-auto-213939,Executor0,Stage0-2-0,0,57483,57483,185572,0,0,2306,6229145
1784087418249,nx-q6-nexmark-auto-213939,Executor0,Stage0-3-0,0,54931,54931,172503,0,0,2822,6144799
1784087419249,nx-q6-nexmark-auto-213939,Executor0,Stage0-0-0,0,49420,49420,163025,0,0,2208,6417128
1784087419249,nx-q6-nexmark-auto-213939,Executor0,Stage0-1-0,0,50964,50964,170280,0,0,1952,6274771
1784087419249,nx-q6-nexmark-auto-213939,Executor0,Stage0-2-0,0,51818,51818,164961,0,0,2390,6353226
1784087419249,nx-q6-nexmark-auto-213939,Executor0,Stage0-3-0,0,49899,49899,161745,0,0,2137,6074034
1784087420249,nx-q6-nexmark-auto-213939,Executor0,Stage0-0-0,0,51270,51270,251315,0,0,2258,5901353
1784087420249,nx-q6-nexmark-auto-213939,Executor0,Stage0-1-0,0,49247,49247,246272,0,0,2069,5778854
1784087420249,nx-q6-nexmark-auto-213939,Executor0,Stage0-2-0,0,49249,49249,259091,0,0,1993,5825548
1784087420249,nx-q6-nexmark-auto-213939,Executor0,Stage0-3-0,0,48571,48571,239290,0,0,2190,5805662
1784087421249,nx-q6-nexmark-auto-213939,Executor0,Stage0-0-0,0,48730,48730,157793,0,0,2150,5751586
1784087421249,nx-q6-nexmark-auto-213939,Executor0,Stage0-1-0,0,51842,51842,173378,0,0,2300,5808210
1784087421249,nx-q6-nexmark-auto-213939,Executor0,Stage0-2-0,0,48443,48443,155386,0,0,1827,5768484
1784087421249,nx-q6-nexmark-auto-213939,Executor0,Stage0-3-0,0,49326,49326,162000,0,0,2072,5696663
1784087422249,nx-q6-nexmark-auto-213939,Executor0,Stage0-0-0,0,50000,50000,158680,0,0,2188,6021340
1784087422249,nx-q6-nexmark-auto-213939,Executor0,Stage0-1-0,0,48931,48931,157731,0,0,1920,5908070
1784087422249,nx-q6-nexmark-auto-213939,Executor0,Stage0-2-0,0,50000,50000,161144,0,0,2097,6012727
1784087422249,nx-q6-nexmark-auto-213939,Executor0,Stage0-3-0,0,50000,50000,163828,0,0,2358,5950620
1784087423354,nx-q6-nexmark-auto-213939,Executor0,Stage0-0-0,0,46131,46131,150163,0,0,2118,5484969
1784087423354,nx-q6-nexmark-auto-213939,Executor0,Stage0-1-0,0,44800,44800,145718,0,0,1881,5371556
1784087423354,nx-q6-nexmark-auto-213939,Executor0,Stage0-2-0,0,46120,46120,145093,0,0,2193,5492134
1784087423354,nx-q6-nexmark-auto-213939,Executor0,Stage0-3-0,0,46123,46123,149469,0,0,2030,5430655
1784087424249,nx-q6-nexmark-auto-213939,Executor0,Stage0-0-0,0,53869,53869,168456,0,0,2305,6207976
1784087424249,nx-q6-nexmark-auto-213939,Executor0,Stage0-1-0,0,54001,54001,173340,0,0,2121,6065429
1784087424249,nx-q6-nexmark-auto-213939,Executor0,Stage0-2-0,0,54001,54001,168546,0,0,2018,6149774
1784087424249,nx-q6-nexmark-auto-213939,Executor0,Stage0-3-0,0,54000,54000,320186,0,0,2160,6075105
1784087425249,nx-q6-nexmark-auto-213939,Executor0,Stage0-0-0,0,51796,51796,171308,0,0,2402,5963819
1784087425249,nx-q6-nexmark-auto-213939,Executor0,Stage0-1-0,0,49891,49891,166197,0,0,2203,5972883
1784087425249,nx-q6-nexmark-auto-213939,Executor0,Stage0-2-0,0,51619,51619,168376,0,0,2062,6026497
1784087425249,nx-q6-nexmark-auto-213939,Executor0,Stage0-3-0,0,51924,51924,170268,0,0,2456,5994712
1784087426249,nx-q6-nexmark-auto-213939,Executor0,Stage0-0-0,0,42204,42204,132603,0,0,2122,5499456
1784087426249,nx-q6-nexmark-auto-213939,Executor0,Stage0-1-0,0,44000,44000,138800,0,0,2306,5403895
1784087426249,nx-q6-nexmark-auto-213939,Executor0,Stage0-2-0,0,42260,42260,131254,0,0,2019,5484935
1784087426249,nx-q6-nexmark-auto-213939,Executor0,Stage0-3-0,0,41953,41953,135282,0,0,2007,5416840
1784087427249,nx-q6-nexmark-auto-213939,Executor0,Stage0-0-0,0,0,0,0,0,0,0,0
1784087427249,nx-q6-nexmark-auto-213939,Executor0,Stage0-1-0,0,0,0,0,0,0,0,0
1784087427249,nx-q6-nexmark-auto-213939,Executor0,Stage0-2-0,0,0,0,0,0,0,0,0
1784087427249,nx-q6-nexmark-auto-213939,Executor0,Stage0-3-0,0,0,0,0,0,0,0,0
1784087428249,nx-q6-nexmark-auto-213939,Executor0,Stage0-0-0,0,0,0,0,0,0,0,0
1784087428249,nx-q6-nexmark-auto-213939,Executor0,Stage0-1-0,0,0,0,0,0,0,0,0
1784087428249,nx-q6-nexmark-auto-213939,Executor0,Stage0-2-0,0,0,0,0,0,0,0,0
1784087428249,nx-q6-nexmark-auto-213939,Executor0,Stage0-3-0,0,0,0,0,0,0,0,0
1784087429249,nx-q6-nexmark-auto-213939,Executor0,Stage0-0-0,0,0,0,0,0,0,0,0
1784087429249,nx-q6-nexmark-auto-213939,Executor0,Stage0-1-0,0,0,0,0,0,0,0,0
1784087429249,nx-q6-nexmark-auto-213939,Executor0,Stage0-2-0,0,0,0,0,0,0,0,0
1784087429249,nx-q6-nexmark-auto-213939,Executor0,Stage0-3-0,0,0,0,0,0,0,0,0
1784087430249,nx-q6-nexmark-auto-213939,Executor0,Stage0-0-0,0,0,0,0,0,0,0,0
1784087430249,nx-q6-nexmark-auto-213939,Executor0,Stage0-1-0,0,0,0,0,0,0,0,0
1784087430249,nx-q6-nexmark-auto-213939,Executor0,Stage0-2-0,0,0,0,0,0,0,0,0
1784087430249,nx-q6-nexmark-auto-213939,Executor0,Stage0-3-0,0,0,0,0,0,0,0,0
1784087431249,nx-q6-nexmark-auto-213939,Executor0,Stage0-0-0,0,0,0,0,0,0,0,0
1784087431249,nx-q6-nexmark-auto-213939,Executor0,Stage0-1-0,0,0,0,0,0,0,0,0
1784087431249,nx-q6-nexmark-auto-213939,Executor0,Stage0-2-0,0,0,0,0,0,0,0,0
1784087431249,nx-q6-nexmark-auto-213939,Executor0,Stage0-3-0,0,0,0,0,0,0,0,0
1784087432249,nx-q6-nexmark-auto-213939,Executor0,Stage0-0-0,0,0,0,0,0,0,0,0
1784087432249,nx-q6-nexmark-auto-213939,Executor0,Stage0-1-0,0,0,0,0,0,0,0,0
1784087432249,nx-q6-nexmark-auto-213939,Executor0,Stage0-2-0,0,0,0,0,0,0,0,0
1784087432249,nx-q6-nexmark-auto-213939,Executor0,Stage0-3-0,0,0,0,0,0,0,0,0
1784087433249,nx-q6-nexmark-auto-213939,Executor0,Stage0-0-0,0,0,0,0,0,0,0,0
1784087433249,nx-q6-nexmark-auto-213939,Executor0,Stage0-1-0,0,0,0,0,0,0,0,0
1784087433249,nx-q6-nexmark-auto-213939,Executor0,Stage0-2-0,0,0,0,0,0,0,0,0
1784087433249,nx-q6-nexmark-auto-213939,Executor0,Stage0-3-0,0,0,0,0,0,0,0,0
1784087434249,nx-q6-nexmark-auto-213939,Executor0,Stage0-0-0,0,0,0,0,0,0,0,0
1784087434249,nx-q6-nexmark-auto-213939,Executor0,Stage0-1-0,0,0,0,0,0,0,0,0
1784087434249,nx-q6-nexmark-auto-213939,Executor0,Stage0-2-0,0,0,0,0,0,0,0,0
1784087434249,nx-q6-nexmark-auto-213939,Executor0,Stage0-3-0,0,0,0,0,0,0,0,0
1784087435249,nx-q6-nexmark-auto-213939,Executor0,Stage0-0-0,0,0,0,0,0,0,0,0
1784087435249,nx-q6-nexmark-auto-213939,Executor0,Stage0-1-0,0,0,0,0,0,0,0,0
1784087435249,nx-q6-nexmark-auto-213939,Executor0,Stage0-2-0,0,0,0,0,0,0,0,0
1784087435249,nx-q6-nexmark-auto-213939,Executor0,Stage0-3-0,0,0,0,0,0,0,0,0
1784087436249,nx-q6-nexmark-auto-213939,Executor0,Stage0-0-0,0,0,0,0,0,0,0,0
1784087436249,nx-q6-nexmark-auto-213939,Executor0,Stage0-1-0,0,0,0,0,0,0,0,0
1784087436249,nx-q6-nexmark-auto-213939,Executor0,Stage0-2-0,0,0,0,0,0,0,0,0
1784087436249,nx-q6-nexmark-auto-213939,Executor0,Stage0-3-0,0,0,0,0,0,0,0,0
1784087437249,nx-q6-nexmark-auto-213939,Executor0,Stage0-0-0,0,0,0,0,0,0,0,0
1784087437249,nx-q6-nexmark-auto-213939,Executor0,Stage0-1-0,0,0,0,0,0,0,0,0
1784087437249,nx-q6-nexmark-auto-213939,Executor0,Stage0-2-0,0,0,0,0,0,0,0,0
1784087437249,nx-q6-nexmark-auto-213939,Executor0,Stage0-3-0,0,0,0,0,0,0,0,0
1784087438249,nx-q6-nexmark-auto-213939,Executor0,Stage0-0-0,0,0,0,0,0,0,0,0
1784087438249,nx-q6-nexmark-auto-213939,Executor0,Stage0-1-0,0,0,0,0,0,0,0,0
1784087438249,nx-q6-nexmark-auto-213939,Executor0,Stage0-2-0,0,0,0,0,0,0,0,0
1784087438249,nx-q6-nexmark-auto-213939,Executor0,Stage0-3-0,0,0,0,0,0,0,0,0
1784087439249,nx-q6-nexmark-auto-213939,Executor0,Stage0-0-0,0,0,0,0,0,0,0,0
1784087439249,nx-q6-nexmark-auto-213939,Executor0,Stage0-1-0,0,0,0,0,0,0,0,0
1784087439249,nx-q6-nexmark-auto-213939,Executor0,Stage0-2-0,0,0,0,0,0,0,0,0
1784087439249,nx-q6-nexmark-auto-213939,Executor0,Stage0-3-0,0,0,0,0,0,0,0,0
1784087440249,nx-q6-nexmark-auto-213939,Executor0,Stage0-0-0,0,0,0,0,0,0,0,0
1784087440249,nx-q6-nexmark-auto-213939,Executor0,Stage0-1-0,0,0,0,0,0,0,0,0
1784087440249,nx-q6-nexmark-auto-213939,Executor0,Stage0-2-0,0,0,0,0,0,0,0,0
1784087440249,nx-q6-nexmark-auto-213939,Executor0,Stage0-3-0,0,0,0,0,0,0,0,0
1784087441249,nx-q6-nexmark-auto-213939,Executor0,Stage0-0-0,0,0,0,0,0,0,0,0
1784087441249,nx-q6-nexmark-auto-213939,Executor0,Stage0-1-0,0,0,0,0,0,0,0,0
1784087441249,nx-q6-nexmark-auto-213939,Executor0,Stage0-2-0,0,0,0,0,0,0,0,0
1784087441249,nx-q6-nexmark-auto-213939,Executor0,Stage0-3-0,0,0,0,0,0,0,0,0
1784087442249,nx-q6-nexmark-auto-213939,Executor0,Stage0-0-0,0,0,0,0,0,0,0,0
1784087442249,nx-q6-nexmark-auto-213939,Executor0,Stage0-1-0,0,0,0,0,0,0,0,0
1784087442249,nx-q6-nexmark-auto-213939,Executor0,Stage0-2-0,0,0,0,0,0,0,0,0
1784087442249,nx-q6-nexmark-auto-213939,Executor0,Stage0-3-0,0,0,0,0,0,0,0,0
1784087443249,nx-q6-nexmark-auto-213939,Executor0,Stage0-0-0,0,0,0,0,0,0,0,0
1784087443249,nx-q6-nexmark-auto-213939,Executor0,Stage0-1-0,0,0,0,0,0,0,0,0
1784087443249,nx-q6-nexmark-auto-213939,Executor0,Stage0-2-0,0,0,0,0,0,0,0,0
1784087443249,nx-q6-nexmark-auto-213939,Executor0,Stage0-3-0,0,0,0,0,0,0,0,0
1784087444249,nx-q6-nexmark-auto-213939,Executor0,Stage0-0-0,0,0,0,0,0,0,0,0
1784087444249,nx-q6-nexmark-auto-213939,Executor0,Stage0-1-0,0,0,0,0,0,0,0,0
1784087444249,nx-q6-nexmark-auto-213939,Executor0,Stage0-2-0,0,0,0,0,0,0,0,0
1784087444249,nx-q6-nexmark-auto-213939,Executor0,Stage0-3-0,0,0,0,0,0,0,0,0
1784087445249,nx-q6-nexmark-auto-213939,Executor0,Stage0-0-0,0,0,0,0,0,0,0,0
1784087445249,nx-q6-nexmark-auto-213939,Executor0,Stage0-1-0,0,0,0,0,0,0,0,0
1784087445249,nx-q6-nexmark-auto-213939,Executor0,Stage0-2-0,0,0,0,0,0,0,0,0
1784087445249,nx-q6-nexmark-auto-213939,Executor0,Stage0-3-0,0,0,0,0,0,0,0,0
1784087446249,nx-q6-nexmark-auto-213939,Executor0,Stage0-0-0,0,0,0,0,0,0,0,0
1784087446249,nx-q6-nexmark-auto-213939,Executor0,Stage0-1-0,0,0,0,0,0,0,0,0
1784087446249,nx-q6-nexmark-auto-213939,Executor0,Stage0-2-0,0,0,0,0,0,0,0,0
1784087446249,nx-q6-nexmark-auto-213939,Executor0,Stage0-3-0,0,0,0,0,0,0,0,0
1784087447249,nx-q6-nexmark-auto-213939,Executor0,Stage0-0-0,0,0,0,0,0,0,0,0
1784087447249,nx-q6-nexmark-auto-213939,Executor0,Stage0-1-0,0,0,0,0,0,0,0,0
1784087447249,nx-q6-nexmark-auto-213939,Executor0,Stage0-2-0,0,0,0,0,0,0,0,0
1784087447249,nx-q6-nexmark-auto-213939,Executor0,Stage0-3-0,0,0,0,0,0,0,0,0
1784087448249,nx-q6-nexmark-auto-213939,Executor0,Stage0-0-0,0,0,0,0,0,0,0,0
1784087448249,nx-q6-nexmark-auto-213939,Executor0,Stage0-1-0,0,0,0,0,0,0,0,0
1784087448249,nx-q6-nexmark-auto-213939,Executor0,Stage0-2-0,0,0,0,0,0,0,0,0
1784087448249,nx-q6-nexmark-auto-213939,Executor0,Stage0-3-0,0,0,0,0,0,0,0,0
1784087449249,nx-q6-nexmark-auto-213939,Executor0,Stage0-0-0,0,0,0,0,0,0,0,0
1784087449249,nx-q6-nexmark-auto-213939,Executor0,Stage0-1-0,0,0,0,0,0,0,0,0
1784087449249,nx-q6-nexmark-auto-213939,Executor0,Stage0-2-0,0,0,0,0,0,0,0,0
1784087449249,nx-q6-nexmark-auto-213939,Executor0,Stage0-3-0,0,0,0,0,0,0,0,0
1784087450249,nx-q6-nexmark-auto-213939,Executor0,Stage0-0-0,0,0,0,0,0,0,0,0
1784087450249,nx-q6-nexmark-auto-213939,Executor0,Stage0-1-0,0,0,0,0,0,0,0,0
1784087450249,nx-q6-nexmark-auto-213939,Executor0,Stage0-2-0,0,0,0,0,0,0,0,0
1784087450249,nx-q6-nexmark-auto-213939,Executor0,Stage0-3-0,0,0,0,0,0,0,0,0
1784087451249,nx-q6-nexmark-auto-213939,Executor0,Stage0-0-0,0,0,0,0,0,0,0,0
1784087451249,nx-q6-nexmark-auto-213939,Executor0,Stage0-1-0,0,0,0,0,0,0,0,0
1784087451249,nx-q6-nexmark-auto-213939,Executor0,Stage0-2-0,0,0,0,0,0,0,0,0
1784087451249,nx-q6-nexmark-auto-213939,Executor0,Stage0-3-0,0,0,0,0,0,0,0,0
1784087452249,nx-q6-nexmark-auto-213939,Executor0,Stage0-0-0,0,0,0,0,0,0,0,0
1784087452249,nx-q6-nexmark-auto-213939,Executor0,Stage0-1-0,0,0,0,0,0,0,0,0
1784087452249,nx-q6-nexmark-auto-213939,Executor0,Stage0-2-0,0,0,0,0,0,0,0,0
1784087452249,nx-q6-nexmark-auto-213939,Executor0,Stage0-3-0,0,0,0,0,0,0,0,0
1784087453249,nx-q6-nexmark-auto-213939,Executor0,Stage0-0-0,0,0,0,0,0,0,0,0
1784087453249,nx-q6-nexmark-auto-213939,Executor0,Stage0-1-0,0,0,0,0,0,0,0,0
1784087453249,nx-q6-nexmark-auto-213939,Executor0,Stage0-2-0,0,0,0,0,0,0,0,0
1784087453249,nx-q6-nexmark-auto-213939,Executor0,Stage0-3-0,0,0,0,0,0,0,0,0
1784087454249,nx-q6-nexmark-auto-213939,Executor0,Stage0-0-0,0,0,0,0,0,0,0,0
1784087454249,nx-q6-nexmark-auto-213939,Executor0,Stage0-1-0,0,0,0,0,0,0,0,0
1784087454249,nx-q6-nexmark-auto-213939,Executor0,Stage0-2-0,0,0,0,0,0,0,0,0
1784087454249,nx-q6-nexmark-auto-213939,Executor0,Stage0-3-0,0,0,0,0,0,0,0,0
1784087455249,nx-q6-nexmark-auto-213939,Executor0,Stage0-0-0,0,0,0,0,0,0,0,0
1784087455249,nx-q6-nexmark-auto-213939,Executor0,Stage0-1-0,0,0,0,0,0,0,0,0
1784087455249,nx-q6-nexmark-auto-213939,Executor0,Stage0-2-0,0,0,0,0,0,0,0,0
1784087455249,nx-q6-nexmark-auto-213939,Executor0,Stage0-3-0,0,0,0,0,0,0,0,0
1784087456249,nx-q6-nexmark-auto-213939,Executor0,Stage0-0-0,0,0,0,0,0,0,0,0
1784087456249,nx-q6-nexmark-auto-213939,Executor0,Stage0-1-0,0,0,0,0,0,0,0,0
1784087456249,nx-q6-nexmark-auto-213939,Executor0,Stage0-2-0,0,0,0,0,0,0,0,0
1784087456249,nx-q6-nexmark-auto-213939,Executor0,Stage0-3-0,0,0,0,0,0,0,0,0
1784087289377,unknown,VM-79,Stage3-3-0,0,0,0,0,0,0,0,0
1784087290361,unknown,VM-79,Stage3-3-0,0,84,0,94826,15300,5055,0,0
1784087290371,unknown,VM-78,Stage3-2-0,0,119,0,122800,18081,7189,0,0
1784087291361,unknown,VM-79,Stage3-3-0,0,0,0,0,0,0,0,0
1784087291371,unknown,VM-78,Stage3-2-0,0,0,0,0,0,0,0,0
1784087292361,unknown,VM-79,Stage3-3-0,0,0,0,0,0,0,0,0
1784087292371,unknown,VM-78,Stage3-2-0,0,0,0,0,0,0,0,0
1784087293361,unknown,VM-79,Stage3-3-0,0,0,0,0,0,0,0,0
1784087293371,unknown,VM-78,Stage3-2-0,0,0,0,0,0,0,0,0
1784087294361,unknown,VM-79,Stage3-3-0,0,0,0,0,0,0,0,0
1784087294370,unknown,VM-77,Stage2-1-0,0,32,0,103032,9268,8471,0,0
1784087294371,unknown,VM-78,Stage3-2-0,0,0,0,0,0,0,0,0
1784087294386,unknown,VM-76,Stage2-2-0,0,381,0,203093,53680,103396,0,0
1784087295352,unknown,VM-76,Stage2-2-0,0,9124,613,566971,51685,821458,0,0
1784087295361,unknown,VM-79,Stage3-3-0,0,0,0,0,0,0,0,0
1784087295370,unknown,VM-77,Stage2-1-0,0,9881,626,634902,65471,938169,0,0
1784087295371,unknown,VM-78,Stage3-2-0,0,0,0,0,0,0,0,0
1784087296352,unknown,VM-76,Stage2-2-0,0,0,0,0,0,0,0,0
1784087296361,unknown,VM-79,Stage3-3-0,0,0,0,0,0,0,0,0
1784087296370,unknown,VM-77,Stage2-1-0,0,0,0,0,0,0,0,0
1784087296371,unknown,VM-78,Stage3-2-0,0,0,0,0,0,0,0,0
1784087297352,unknown,VM-76,Stage2-2-0,0,0,0,0,0,0,0,0
1784087297361,unknown,VM-79,Stage3-3-0,0,0,0,0,0,0,0,0
1784087297370,unknown,VM-77,Stage2-1-0,0,0,0,0,0,0,0,0
1784087297371,unknown,VM-78,Stage3-2-0,0,0,0,0,0,0,0,0
1784087298352,unknown,VM-76,Stage2-2-0,0,0,0,0,0,0,0,0
1784087298361,unknown,VM-79,Stage3-3-0,0,0,0,0,0,0,0,0
1784087298370,unknown,VM-77,Stage2-1-0,0,0,0,0,0,0,0,0
1784087298371,unknown,VM-78,Stage3-2-0,0,0,0,0,0,0,0,0
1784087298363,unknown,VM-75,Stage1-3-0,0,0,0,0,0,0,0,0
1784087298368,unknown,VM-74,Stage1-2-0,0,0,0,0,0,0,0,0
1784087299352,unknown,VM-76,Stage2-2-0,0,0,0,0,0,0,0,0
1784087299361,unknown,VM-79,Stage3-3-0,0,0,0,0,0,0,0,0
1784087299363,unknown,VM-75,Stage1-3-0,0,0,0,0,0,0,0,0
1784087299368,unknown,VM-74,Stage1-2-0,0,0,0,0,0,98,0,0
1784087299370,unknown,VM-77,Stage2-1-0,0,0,0,0,0,0,0,0
1784087299370,unknown,VM-78,Stage3-2-0,0,0,0,0,0,0,0,0
1784087299355,unknown,VM-73,Stage1-0-0,0,0,0,0,0,0,0,0
1784087300352,unknown,VM-76,Stage2-2-0,0,0,0,0,0,0,0,0
1784087300355,unknown,VM-73,Stage1-0-0,0,0,0,0,0,0,0,0
1784087300361,unknown,VM-79,Stage3-3-0,0,0,0,0,0,0,0,0
1784087300363,unknown,VM-75,Stage1-3-0,0,10076,9872,240543,114414,1096976,0,0
1784087300368,unknown,VM-74,Stage1-2-0,0,18837,18466,325340,161281,2041853,0,0
1784087300370,unknown,VM-77,Stage2-1-0,0,0,0,0,0,0,0,0
1784087300370,unknown,VM-78,Stage3-2-0,0,0,0,0,0,0,0,0
1784087301352,unknown,VM-76,Stage2-2-0,0,0,0,0,0,0,0,0
1784087301355,unknown,VM-73,Stage1-0-0,0,0,0,0,0,0,0,0
1784087301361,unknown,VM-79,Stage3-3-0,0,0,0,0,0,0,0,0
1784087301363,unknown,VM-75,Stage1-3-0,0,33779,33123,222543,271825,3644751,0,0
1784087301368,unknown,VM-74,Stage1-2-0,0,0,0,0,0,0,0,0
1784087301370,unknown,VM-77,Stage2-1-0,0,0,0,0,0,0,0,0
1784087301371,unknown,VM-78,Stage3-2-0,0,0,0,0,0,0,0,0
1784087302352,unknown,VM-76,Stage2-2-0,0,0,0,0,0,0,0,0
1784087302354,unknown,VM-73,Stage1-0-0,0,16132,15891,243811,196075,1753869,0,0
1784087302361,unknown,VM-79,Stage3-3-0,0,0,0,0,0,0,0,0
1784087302363,unknown,VM-75,Stage1-3-0,0,148918,145912,326261,391138,16124272,0,0
1784087302368,unknown,VM-74,Stage1-2-0,0,53373,52384,279791,394588,5788256,0,0
1784087302370,unknown,VM-77,Stage2-1-0,0,0,0,0,0,0,0,0
1784087302371,unknown,VM-78,Stage3-2-0,0,0,0,0,0,0,0,0
1784087303352,unknown,VM-76,Stage2-2-0,0,0,0,0,0,0,0,0
1784087303355,unknown,VM-73,Stage1-0-0,0,3292,3231,11385,34341,360235,0,0
1784087303361,unknown,VM-79,Stage3-3-0,0,0,0,0,0,0,0,0
1784087303363,unknown,VM-75,Stage1-3-0,0,265262,260055,223548,204409,28746397,0,0
1784087303368,unknown,VM-74,Stage1-2-0,0,180208,176766,272122,398372,19501330,0,0
1784087303370,unknown,VM-77,Stage2-1-0,0,0,0,0,0,0,0,0
1784087303370,unknown,VM-78,Stage3-2-0,0,0,0,0,0,0,0,0
1784087304352,unknown,VM-76,Stage2-2-0,0,0,0,0,0,0,0,0
1784087304354,unknown,VM-73,Stage1-0-0,0,17472,17089,127639,111419,1891646,0,0
1784087304361,unknown,VM-79,Stage3-3-0,0,0,0,0,0,0,0,0
1784087304364,unknown,VM-75,Stage1-3-0,0,134251,131694,141563,345021,14536076,0,0
1784087304370,unknown,VM-77,Stage2-1-0,0,0,0,0,0,0,0,0
1784087304371,unknown,VM-78,Stage3-2-0,0,0,0,0,0,0,0,0
1784087304387,unknown,VM-74,Stage1-2-0,0,164284,161018,365888,178065,17780426,0,0
1784087305352,unknown,VM-76,Stage2-2-0,0,0,0,0,0,0,0,0
1784087305354,unknown,VM-73,Stage1-0-0,0,122655,120105,459583,351735,13278994,0,0
1784087305361,unknown,VM-79,Stage3-3-0,0,0,0,0,0,0,0,0
1784087305368,unknown,VM-74,Stage1-2-0,0,353919,346838,210861,226600,38285690,0,0
1784087305370,unknown,VM-77,Stage2-1-0,0,0,0,0,0,0,0,0
1784087305371,unknown,VM-78,Stage3-2-0,0,0,0,0,0,0,0,0
1784087305518,unknown,VM-75,Stage1-3-0,0,353304,346059,82957,239257,38227881,0,0
1784087306352,unknown,VM-76,Stage2-2-0,0,0,0,0,0,0,0,0
1784087306354,unknown,VM-73,Stage1-0-0,0,208371,204326,344091,263331,22595865,0,0
1784087306361,unknown,VM-79,Stage3-3-0,0,0,0,0,0,0,0,0
1784087306363,unknown,VM-75,Stage1-3-0,0,39954,39180,1607,220028,4340918,0,0
1784087306368,unknown,VM-74,Stage1-2-0,0,212675,208223,9449,191909,23010414,0,0
1784087306370,unknown,VM-77,Stage2-1-0,0,0,0,0,0,0,0,0
1784087306371,unknown,VM-78,Stage3-2-0,0,0,0,0,0,0,0,0
1784087307352,unknown,VM-76,Stage2-2-0,0,0,0,0,0,0,0,0
1784087307361,unknown,VM-79,Stage3-3-0,0,0,0,0,0,0,0,0
1784087307363,unknown,VM-75,Stage1-3-0,0,98395,96374,154344,99596,10656315,0,0
1784087307368,unknown,VM-74,Stage1-2-0,0,98643,96617,147422,107331,10684128,0,0
1784087307370,unknown,VM-77,Stage2-1-0,0,0,0,0,0,0,0,0
1784087307370,unknown,VM-78,Stage3-2-0,0,0,0,0,0,0,0,0
1784087307377,unknown,VM-73,Stage1-0-0,0,184696,180956,178789,336960,19984347,0,0
1784087308352,unknown,VM-76,Stage2-2-0,0,0,0,0,0,0,0,0
1784087308354,unknown,VM-73,Stage1-0-0,0,392833,384917,30430,556271,42551625,0,0
1784087308361,unknown,VM-79,Stage3-3-0,0,0,0,0,0,0,0,0
1784087308370,unknown,VM-77,Stage2-1-0,0,0,0,0,0,0,0,0
1784087308370,unknown,VM-78,Stage3-2-0,0,0,0,0,0,0,0,0
1784087308515,unknown,VM-75,Stage1-3-0,0,33414,32699,51996,60606,3616679,0,0
1784087308528,unknown,VM-74,Stage1-2-0,0,36044,35308,65209,47974,3904297,0,0
1784087309352,unknown,VM-76,Stage2-2-0,0,0,0,0,0,0,0,0
1784087309354,unknown,VM-73,Stage1-0-0,0,218763,214388,51284,243498,23719382,0,0
1784087309361,unknown,VM-79,Stage3-3-0,0,0,0,0,0,0,0,0
1784087309363,unknown,VM-75,Stage1-3-0,0,68243,66899,67798,233796,7387082,0,0
1784087309368,unknown,VM-74,Stage1-2-0,0,65274,63935,69774,229114,7058909,0,0
1784087309370,unknown,VM-77,Stage2-1-0,0,0,0,0,0,0,0,0
1784087309371,unknown,VM-78,Stage3-2-0,0,0,0,0,0,0,0,0
1784087310352,unknown,VM-76,Stage2-2-0,0,0,0,0,0,0,0,0
1784087310355,unknown,VM-73,Stage1-0-0,0,30516,29888,29935,15722,3308125,0,0
1784087310361,unknown,VM-79,Stage3-3-0,0,0,0,0,0,0,0,0
1784087310363,unknown,VM-75,Stage1-3-0,0,35943,35184,66002,63112,3905694,0,0
1784087310368,unknown,VM-74,Stage1-2-0,0,36427,35732,56666,44276,3924496,0,0
1784087310370,unknown,VM-77,Stage2-1-0,0,0,0,0,0,0,0,0
1784087310371,unknown,VM-78,Stage3-2-0,0,0,0,0,0,0,0,0
1784087311352,unknown,VM-76,Stage2-2-0,0,0,0,0,0,0,0,0
1784087311354,unknown,VM-73,Stage1-0-0,0,76171,74681,151766,119435,8239288,0,0
1784087311361,unknown,VM-79,Stage3-3-0,0,0,0,0,0,0,0,0
1784087311370,unknown,VM-77,Stage2-1-0,0,0,0,0,0,0,0,0
1784087311371,unknown,VM-78,Stage3-2-0,0,0,0,0,0,0,0,0
1784087311495,unknown,VM-75,Stage1-3-0,0,67920,66536,115971,89253,7351173,0,0
1784087311514,unknown,VM-74,Stage1-2-0,0,69971,68576,133832,88403,7584628,0,0
1784087312352,unknown,VM-76,Stage2-2-0,0,0,0,0,0,0,0,0
1784087312354,unknown,VM-73,Stage1-0-0,0,51382,50403,74091,50740,5557735,0,0
1784087312361,unknown,VM-79,Stage3-3-0,0,0,0,0,0,0,0,0
1784087312363,unknown,VM-75,Stage1-3-0,0,65477,64173,78409,225872,7088476,0,0
1784087312368,unknown,VM-74,Stage1-2-0,0,50831,49790,87700,237607,5514521,0,0
1784087312370,unknown,VM-77,Stage2-1-0,0,0,0,0,0,0,0,0
1784087312371,unknown,VM-78,Stage3-2-0,0,0,0,0,0,0,0,0
1784087313352,unknown,VM-76,Stage2-2-0,0,0,0,0,0,0,0,0
1784087313355,unknown,VM-73,Stage1-0-0,0,34774,34124,38582,22123,3766153,0,0
1784087313361,unknown,VM-79,Stage3-3-0,0,0,0,0,0,0,0,0
1784087313363,unknown,VM-75,Stage1-3-0,0,13693,13433,31351,16597,1479952,0,0
1784087313368,unknown,VM-74,Stage1-2-0,0,27871,27299,28669,19818,3015939,0,0
1784087313370,unknown,VM-77,Stage2-1-0,0,0,0,0,0,0,0,0
1784087313371,unknown,VM-78,Stage3-2-0,0,0,0,0,0,0,0,0
1784087314352,unknown,VM-76,Stage2-2-0,0,0,0,0,0,0,0,0
1784087314354,unknown,VM-73,Stage1-0-0,0,87889,86160,305248,112251,9521381,0,0
1784087314361,unknown,VM-79,Stage3-3-0,0,0,0,0,0,0,0,0
1784087314370,unknown,VM-77,Stage2-1-0,0,0,0,0,0,0,0,0
1784087314371,unknown,VM-78,Stage3-2-0,0,0,0,0,0,0,0,0
1784087314503,unknown,VM-75,Stage1-3-0,0,93590,91756,137502,105007,10154223,0,0
1784087314509,unknown,VM-74,Stage1-2-0,0,93967,92022,133822,104017,10154503,0,0
1784087315352,unknown,VM-76,Stage2-2-0,0,0,0,0,0,0,0,0
1784087315354,unknown,VM-73,Stage1-0-0,0,40385,39576,60309,44599,4365128,0,0
1784087315361,unknown,VM-79,Stage3-3-0,0,0,0,0,0,0,0,0
1784087315363,unknown,VM-75,Stage1-3-0,0,54885,53798,84802,213444,5931742,0,0
1784087315368,unknown,VM-74,Stage1-2-0,0,46997,46086,255092,60827,5083833,0,0
1784087315370,unknown,VM-77,Stage2-1-0,0,0,0,0,0,0,0,0
1784087315371,unknown,VM-78,Stage3-2-0,0,0,0,0,0,0,0,0
1784087316352,unknown,VM-76,Stage2-2-0,0,0,0,0,0,0,0,0
1784087316355,unknown,VM-73,Stage1-0-0,0,37676,36904,32940,38045,4082464,0,0
1784087316361,unknown,VM-79,Stage3-3-0,0,0,0,0,0,0,0,0
1784087316368,unknown,VM-74,Stage1-2-0,0,18111,17779,30290,9900,1951477,0,0
1784087316363,unknown,VM-75,Stage1-3-0,0,10589,10372,23070,8411,1150253,0,0
1784087316370,unknown,VM-77,Stage2-1-0,0,0,0,0,0,0,0,0
1784087316371,unknown,VM-78,Stage3-2-0,0,0,0,0,0,0,0,0
1784087317352,unknown,VM-76,Stage2-2-0,0,0,0,0,0,0,0,0
1784087317361,unknown,VM-79,Stage3-3-0,0,0,0,0,0,0,0,0
1784087317363,unknown,VM-75,Stage1-3-0,0,103712,101619,145691,111349,11245887,0,0
1784087317368,unknown,VM-74,Stage1-2-0,0,85244,83560,154773,79514,9213068,0,0
1784087317370,unknown,VM-77,Stage2-1-0,0,0,0,0,0,0,0,0
1784087317371,unknown,VM-78,Stage3-2-0,0,0,0,0,0,0,0,0
1784087317427,unknown,VM-73,Stage1-0-0,0,59231,58089,84712,54640,6416214,0,0
1784087318352,unknown,VM-76,Stage2-2-0,0,0,0,0,0,0,0,0
1784087318354,unknown,VM-73,Stage1-0-0,0,77109,75601,56677,41515,8335443,0,0
1784087318361,unknown,VM-79,Stage3-3-0,0,0,0,0,0,0,0,0
1784087318370,unknown,VM-77,Stage2-1-0,0,0,0,0,0,0,0,0
1784087318371,unknown,VM-78,Stage3-2-0,0,0,0,0,0,0,0,0
1784087318416,unknown,VM-75,Stage1-3-0,0,2127,2085,918,1384,231339,0,0
1784087318425,unknown,VM-74,Stage1-2-0,0,21188,20753,243528,39318,2290555,0,0
1784087319352,unknown,VM-76,Stage2-2-0,0,0,0,0,0,0,0,0
1784087319354,unknown,VM-73,Stage1-0-0,0,30830,30198,49438,23905,3339457,0,0
1784087319361,unknown,VM-79,Stage3-3-0,0,0,0,0,0,0,0,0
1784087319363,unknown,VM-75,Stage1-3-0,0,69236,67838,38275,31593,7492707,0,0
1784087319368,unknown,VM-74,Stage1-2-0,0,65665,64331,47798,26913,7112215,0,0
1784087319370,unknown,VM-77,Stage2-1-0,0,0,0,0,0,0,0,0
1784087319371,unknown,VM-78,Stage3-2-0,0,0,0,0,0,0,0,0
1784087320352,unknown,VM-76,Stage2-2-0,0,0,0,0,0,0,0,0
1784087320361,unknown,VM-79,Stage3-3-0,0,0,0,0,0,0,0,0
1784087320363,unknown,VM-75,Stage1-3-0,0,95253,93352,122507,78567,10306688,0,0
1784087320368,unknown,VM-74,Stage1-2-0,0,98064,96073,72904,51036,10612611,0,0
1784087320370,unknown,VM-77,Stage2-1-0,0,0,0,0,0,0,0,0
1784087320371,unknown,VM-78,Stage3-2-0,0,0,0,0,0,0,0,0
1784087320481,unknown,VM-73,Stage1-0-0,0,60193,59040,94621,61172,6525150,0,0
1784087321352,unknown,VM-76,Stage2-2-0,0,0,0,0,0,0,0,0
1784087321354,unknown,VM-73,Stage1-0-0,0,74470,72917,50369,263843,8084474,0,0
1784087321361,unknown,VM-79,Stage3-3-0,0,0,0,0,0,0,0,0
1784087321370,unknown,VM-77,Stage2-1-0,0,0,0,0,0,0,0,0
1784087321371,unknown,VM-78,Stage3-2-0,0,0,0,0,0,0,0,0
1784087321438,unknown,VM-75,Stage1-3-0,0,5542,5445,19197,13678,599047,0,0
1784087321444,unknown,VM-74,Stage1-2-0,0,5300,5184,26084,14621,575849,0,0
1784087322352,unknown,VM-76,Stage2-2-0,0,0,0,0,0,0,0,0
1784087322354,unknown,VM-73,Stage1-0-0,0,41141,40322,33501,28459,4450803,0,0
1784087322361,unknown,VM-79,Stage3-3-0,0,0,0,0,0,0,0,0
1784087322363,unknown,VM-75,Stage1-3-0,0,84835,83116,68923,60456,9185387,0,0
1784087322368,unknown,VM-74,Stage1-2-0,0,85228,83491,272189,51764,9223816,0,0
1784087322370,unknown,VM-77,Stage2-1-0,0,0,0,0,0,0,0,0
1784087322371,unknown,VM-78,Stage3-2-0,0,0,0,0,0,0,0,0
1784087323352,unknown,VM-76,Stage2-2-0,0,0,0,0,0,0,0,0
1784087323361,unknown,VM-79,Stage3-3-0,0,0,0,0,0,0,0,0
1784087323363,unknown,VM-75,Stage1-3-0,0,76300,74759,101503,54549,8271849,0,0
1784087323368,unknown,VM-74,Stage1-2-0,0,72049,70583,95697,55169,7798006,0,0
1784087323370,unknown,VM-77,Stage2-1-0,0,0,0,0,0,0,0,0
1784087323371,unknown,VM-78,Stage3-2-0,0,0,0,0,0,0,0,0
1784087323493,unknown,VM-73,Stage1-0-0,0,52509,51468,64180,72944,5680631,0,0
1784087324352,unknown,VM-76,Stage2-2-0,0,0,0,0,0,0,0,0
1784087324354,unknown,VM-73,Stage1-0-0,0,76960,75457,48988,261945,8337933,0,0
1784087324361,unknown,VM-79,Stage3-3-0,0,0,0,0,0,0,0,0
1784087324370,unknown,VM-77,Stage2-1-0,0,0,0,0,0,0,0,0
1784087324371,unknown,VM-78,Stage3-2-0,0,0,0,0,0,0,0,0
1784087324432,unknown,VM-75,Stage1-3-0,0,9196,8996,18119,13345,996244,0,0
1784087324437,unknown,VM-74,Stage1-2-0,0,14604,14331,25637,15704,1584359,0,0
1784087325352,unknown,VM-76,Stage2-2-0,0,0,0,0,0,0,0,0
1784087325354,unknown,VM-73,Stage1-0-0,0,55569,54467,78233,55144,5993524,0,0
1784087325361,unknown,VM-79,Stage3-3-0,0,0,0,0,0,0,0,0
1784087325363,unknown,VM-75,Stage1-3-0,0,110671,108447,79769,273569,11982916,0,0
1784087325368,unknown,VM-74,Stage1-2-0,0,110113,107826,80105,279537,11928815,0,0
1784087325370,unknown,VM-77,Stage2-1-0,0,0,0,0,0,0,0,0
1784087325371,unknown,VM-78,Stage3-2-0,0,0,0,0,0,0,0,0
1784087326352,unknown,VM-76,Stage2-2-0,0,0,0,0,0,0,0,0
1784087326361,unknown,VM-79,Stage3-3-0,0,0,0,0,0,0,0,0
1784087326363,unknown,VM-75,Stage1-3-0,0,51724,50687,72975,51721,5612983,0,0
1784087326368,unknown,VM-74,Stage1-2-0,0,47435,46509,68266,65685,5138257,0,0
1784087326370,unknown,VM-77,Stage2-1-0,0,0,0,0,0,0,0,0
1784087326371,unknown,VM-78,Stage3-2-0,0,0,0,0,0,0,0,0
1784087326485,unknown,VM-73,Stage1-0-0,0,35704,34987,56504,26617,3883644,0,0
1784087327352,unknown,VM-76,Stage2-2-0,0,0,0,0,0,0,0,0
1784087327354,unknown,VM-73,Stage1-0-0,0,81019,79408,52876,262472,8768332,0,0
1784087327361,unknown,VM-79,Stage3-3-0,0,0,0,0,0,0,0,0
1784087327370,unknown,VM-77,Stage2-1-0,0,0,0,0,0,0,0,0
1784087327371,unknown,VM-78,Stage3-2-0,0,0,0,0,0,0,0,0
1784087327427,unknown,VM-74,Stage1-2-0,0,12764,12500,21843,13898,1384498,0,0
1784087327435,unknown,VM-75,Stage1-3-0,0,8384,8226,19457,13046,912907,0,0
1784087328352,unknown,VM-76,Stage2-2-0,0,0,0,0,0,0,0,0
1784087328354,unknown,VM-73,Stage1-0-0,0,55148,54031,74114,58958,5987228,0,0
1784087328361,unknown,VM-79,Stage3-3-0,0,0,0,0,0,0,0,0
1784087328363,unknown,VM-75,Stage1-3-0,0,109618,107358,265723,31805,11870018,0,0
1784087328368,unknown,VM-74,Stage1-2-0,0,109151,107016,298323,64358,11788746,0,0
1784087328370,unknown,VM-77,Stage2-1-0,0,0,0,0,0,0,0,0
1784087328371,unknown,VM-78,Stage3-2-0,0,0,0,0,0,0,0,0
1784087329352,unknown,VM-76,Stage2-2-0,0,0,0,0,0,0,0,0
1784087329361,unknown,VM-79,Stage3-3-0,0,0,0,0,0,0,0,0
1784087329363,unknown,VM-75,Stage1-3-0,0,50995,49982,78392,46709,5509742,0,0
1784087329368,unknown,VM-74,Stage1-2-0,0,53695,52576,77243,47932,5825914,0,0
1784087329370,unknown,VM-77,Stage2-1-0,0,0,0,0,0,0,0,0
1784087329370,unknown,VM-78,Stage3-2-0,0,0,0,0,0,0,0,0
1784087329473,unknown,VM-73,Stage1-0-0,0,32166,31521,37154,19205,3495238,0,0
1784087330352,unknown,VM-76,Stage2-2-0,0,0,0,0,0,0,0,0
1784087330354,unknown,VM-73,Stage1-0-0,0,86252,84539,280531,51308,9321215,0,0
1784087330361,unknown,VM-79,Stage3-3-0,0,0,0,0,0,0,0,0
1784087330370,unknown,VM-77,Stage2-1-0,0,0,0,0,0,0,0,0
1784087330371,unknown,VM-78,Stage3-2-0,0,0,0,0,0,0,0,0
1784087330430,unknown,VM-75,Stage1-3-0,0,10531,10333,16311,13559,1139498,0,0
1784087330435,unknown,VM-74,Stage1-2-0,0,8800,8607,20097,13653,956572,0,0
1784087331352,unknown,VM-76,Stage2-2-0,0,0,0,0,0,0,0,0
1784087331354,unknown,VM-73,Stage1-0-0,0,40983,40155,80265,58492,4445334,0,0
1784087331361,unknown,VM-79,Stage3-3-0,0,0,0,0,0,0,0,0
1784087331363,unknown,VM-75,Stage1-3-0,0,106703,104587,299648,56246,11544112,0,0
1784087331368,unknown,VM-74,Stage1-2-0,0,105414,103303,298645,68321,11428109,0,0
1784087331370,unknown,VM-77,Stage2-1-0,0,0,0,0,0,0,0,0
1784087331370,unknown,VM-78,Stage3-2-0,0,0,0,0,0,0,0,0
1784087332352,unknown,VM-76,Stage2-2-0,0,0,0,0,0,0,0,0
1784087332361,unknown,VM-79,Stage3-3-0,0,0,0,0,0,0,0,0
1784087332363,unknown,VM-75,Stage1-3-0,0,49911,48944,69815,56720,5412046,0,0
1784087332368,unknown,VM-74,Stage1-2-0,0,49599,48576,71348,54422,5384196,0,0
1784087332370,unknown,VM-77,Stage2-1-0,0,0,0,0,0,0,0,0
1784087332370,unknown,VM-78,Stage3-2-0,0,0,0,0,0,0,0,0
1784087332488,unknown,VM-73,Stage1-0-0,0,40749,39901,45760,20223,4417709,0,0
1784087333352,unknown,VM-76,Stage2-2-0,0,0,0,0,0,0,0,0
1784087333354,unknown,VM-73,Stage1-0-0,0,80492,78916,296352,36971,8700904,0,0
1784087333361,unknown,VM-79,Stage3-3-0,0,0,0,0,0,0,0,0
1784087333370,unknown,VM-77,Stage2-1-0,0,0,0,0,0,0,0,0
1784087333370,unknown,VM-78,Stage3-2-0,0,0,0,0,0,0,0,0
1784087333437,unknown,VM-74,Stage1-2-0,0,16138,15830,25513,16176,1748929,0,0
1784087333442,unknown,VM-75,Stage1-3-0,0,15125,14796,24186,19425,1635816,0,0
1784087334352,unknown,VM-76,Stage2-2-0,0,0,0,0,0,0,0,0
1784087334354,unknown,VM-73,Stage1-0-0,0,61935,60650,76251,61652,6678327,0,0
1784087334361,unknown,VM-79,Stage3-3-0,0,0,0,0,0,0,0,0
1784087334363,unknown,VM-75,Stage1-3-0,0,109380,107141,301854,51323,11855266,0,0
1784087334368,unknown,VM-74,Stage1-2-0,0,102835,100815,295786,68137,11145160,0,0
1784087334370,unknown,VM-77,Stage2-1-0,0,0,0,0,0,0,0,0
1784087334371,unknown,VM-78,Stage3-2-0,0,0,0,0,0,0,0,0
1784087335352,unknown,VM-76,Stage2-2-0,0,0,0,0,0,0,0,0
1784087335354,unknown,VM-73,Stage1-0-0,0,54815,53651,75991,221896,5937331,0,0
1784087335361,unknown,VM-79,Stage3-3-0,0,0,0,0,0,0,0,0
1784087335363,unknown,VM-75,Stage1-3-0,0,46793,45874,80625,44064,5063771,0,0
1784087335368,unknown,VM-74,Stage1-2-0,0,53821,52785,87417,46564,5826182,0,0
1784087335370,unknown,VM-77,Stage2-1-0,0,0,0,0,0,0,0,0
1784087335371,unknown,VM-78,Stage3-2-0,0,0,0,0,0,0,0,0
1784087336352,unknown,VM-76,Stage2-2-0,0,0,0,0,0,0,0,0
1784087336354,unknown,VM-73,Stage1-0-0,0,56489,55358,76986,56817,6099943,0,0
1784087336361,unknown,VM-79,Stage3-3-0,0,0,0,0,0,0,0,0
1784087336370,unknown,VM-77,Stage2-1-0,0,0,0,0,0,0,0,0
1784087336371,unknown,VM-78,Stage3-2-0,0,0,0,0,0,0,0,0
1784087336440,unknown,VM-75,Stage1-3-0,0,15997,15662,30451,16988,1729454,0,0
1784087336446,unknown,VM-74,Stage1-2-0,0,14982,14694,30848,18706,1626938,0,0
1784087337352,unknown,VM-76,Stage2-2-0,0,0,0,0,0,0,0,0
1784087337354,unknown,VM-73,Stage1-0-0,0,56403,55245,84794,51853,6096920,0,0
1784087337361,unknown,VM-79,Stage3-3-0,0,0,0,0,0,0,0,0
1784087337363,unknown,VM-75,Stage1-3-0,0,105945,103805,290485,57711,11482218,0,0
1784087337368,unknown,VM-74,Stage1-2-0,0,104902,102825,278062,65426,11354274,0,0
1784087337370,unknown,VM-77,Stage2-1-0,0,0,0,0,0,0,0,0
1784087337371,unknown,VM-78,Stage3-2-0,0,0,0,0,0,0,0,0
1784087338352,unknown,VM-76,Stage2-2-0,0,0,0,0,0,0,0,0
1784087338354,unknown,VM-73,Stage1-0-0,0,56584,55484,74934,222295,6119052,0,0
1784087338361,unknown,VM-79,Stage3-3-0,0,0,0,0,0,0,0,0
1784087338363,unknown,VM-75,Stage1-3-0,0,48054,47109,72737,59362,5188971,0,0
1784087338368,unknown,VM-74,Stage1-2-0,0,53141,52081,72752,57985,5760602,0,0
1784087338370,unknown,VM-77,Stage2-1-0,0,0,0,0,0,0,0,0
1784087338371,unknown,VM-78,Stage3-2-0,0,0,0,0,0,0,0,0
1784087339352,unknown,VM-76,Stage2-2-0,0,0,0,0,0,0,0,0
1784087339354,unknown,VM-73,Stage1-0-0,0,53288,52207,79499,58419,5779983,0,0
1784087339361,unknown,VM-79,Stage3-3-0,0,0,0,0,0,0,0,0
1784087339370,unknown,VM-77,Stage2-1-0,0,0,0,0,0,0,0,0
1784087339371,unknown,VM-78,Stage3-2-0,0,0,0,0,0,0,0,0
1784087339457,unknown,VM-74,Stage1-2-0,0,14128,13854,34072,22144,1530524,0,0
1784087339463,unknown,VM-75,Stage1-3-0,0,17473,17127,33679,19776,1891776,0,0
1784087340352,unknown,VM-76,Stage2-2-0,0,0,0,0,0,0,0,0
1784087340354,unknown,VM-73,Stage1-0-0,0,62040,60747,80720,75096,6735262,0,0
1784087340361,unknown,VM-79,Stage3-3-0,0,0,0,0,0,0,0,0
1784087340363,unknown,VM-75,Stage1-3-0,0,103472,101379,298155,51483,11173331,0,0
1784087340368,unknown,VM-74,Stage1-2-0,0,101620,99642,289023,53685,11020472,0,0
1784087340370,unknown,VM-77,Stage2-1-0,0,0,0,0,0,0,0,0
1784087340371,unknown,VM-78,Stage3-2-0,0,0,0,0,0,0,0,0
1784087341352,unknown,VM-76,Stage2-2-0,0,0,0,0,0,0,0,0
1784087341354,unknown,VM-73,Stage1-0-0,0,51025,49955,68067,232181,5521668,0,0
1784087341361,unknown,VM-79,Stage3-3-0,0,0,0,0,0,0,0,0
1784087341363,unknown,VM-75,Stage1-3-0,0,40561,39750,61283,77294,4391144,0,0
1784087341368,unknown,VM-74,Stage1-2-0,0,52218,51137,70719,47499,5668267,0,0
1784087341370,unknown,VM-77,Stage2-1-0,0,0,0,0,0,0,0,0
1784087341371,unknown,VM-78,Stage3-2-0,0,0,0,0,0,0,0,0
1784087342352,unknown,VM-76,Stage2-2-0,0,0,0,0,0,0,0,0
1784087342354,unknown,VM-73,Stage1-0-0,0,51830,50824,94479,48194,5612434,0,0
1784087342361,unknown,VM-79,Stage3-3-0,0,0,0,0,0,0,0,0
1784087342370,unknown,VM-77,Stage2-1-0,0,0,0,0,0,0,0,0
1784087342371,unknown,VM-78,Stage3-2-0,0,0,0,0,0,0,0,0
1784087342450,unknown,VM-75,Stage1-3-0,0,28548,27988,39106,23630,3091913,0,0
1784087342462,unknown,VM-74,Stage1-2-0,0,18546,18192,32767,23855,2006173,0,0
1784087343352,unknown,VM-76,Stage2-2-0,0,0,0,0,0,0,0,0
1784087343354,unknown,VM-73,Stage1-0-0,0,66943,65640,95296,67458,7242630,0,0
1784087343361,unknown,VM-79,Stage3-3-0,0,0,0,0,0,0,0,0
1784087343363,unknown,VM-75,Stage1-3-0,0,99857,97803,284296,51275,10808746,0,0
1784087343368,unknown,VM-74,Stage1-2-0,0,93787,91898,94402,262918,10149588,0,0
1784087343370,unknown,VM-77,Stage2-1-0,0,0,0,0,0,0,0,0
1784087343370,unknown,VM-78,Stage3-2-0,0,0,0,0,0,0,0,0
1784087344352,unknown,VM-76,Stage2-2-0,0,0,0,0,0,0,0,0
1784087344354,unknown,VM-73,Stage1-0-0,0,49814,48862,70271,221468,5395752,0,0
1784087344361,unknown,VM-79,Stage3-3-0,0,0,0,0,0,0,0,0
1784087344363,unknown,VM-75,Stage1-3-0,0,52139,51083,70419,53228,5653021,0,0
1784087344368,unknown,VM-74,Stage1-2-0,0,54793,53735,85265,52280,5929067,0,0
1784087344370,unknown,VM-77,Stage2-1-0,0,0,0,0,0,0,0,0
1784087344370,unknown,VM-78,Stage3-2-0,0,0,0,0,0,0,0,0
1784087345352,unknown,VM-76,Stage2-2-0,0,0,0,0,0,0,0,0
1784087345354,unknown,VM-73,Stage1-0-0,0,62873,61650,89448,57427,6813044,0,0
1784087345361,unknown,VM-79,Stage3-3-0,0,0,0,0,0,0,0,0
1784087345370,unknown,VM-77,Stage2-1-0,0,0,0,0,0,0,0,0
1784087345371,unknown,VM-78,Stage3-2-0,0,0,0,0,0,0,0,0
1784087345458,unknown,VM-75,Stage1-3-0,0,20088,19644,34738,26107,2169429,0,0
1784087345464,unknown,VM-74,Stage1-2-0,0,23457,23000,38926,31170,2538140,0,0
1784087346352,unknown,VM-76,Stage2-2-0,0,0,0,0,0,0,0,0
1784087346354,unknown,VM-73,Stage1-0-0,0,49147,48143,75846,76418,5321853,0,0
1784087346361,unknown,VM-79,Stage3-3-0,0,0,0,0,0,0,0,0
1784087346363,unknown,VM-75,Stage1-3-0,0,98019,96026,283686,51394,10621850,0,0
1784087346368,unknown,VM-74,Stage1-2-0,0,95651,93703,75174,253610,10355898,0,0
1784087346370,unknown,VM-77,Stage2-1-0,0,0,0,0,0,0,0,0
1784087346371,unknown,VM-78,Stage3-2-0,0,0,0,0,0,0,0,0
1784087347352,unknown,VM-76,Stage2-2-0,0,0,0,0,0,0,0,0
1784087347354,unknown,VM-73,Stage1-0-0,0,58316,57159,73582,214531,6314906,0,0
1784087347361,unknown,VM-79,Stage3-3-0,0,0,0,0,0,0,0,0
1784087347363,unknown,VM-75,Stage1-3-0,0,48788,47811,67878,53846,5289813,0,0
1784087347368,unknown,VM-74,Stage1-2-0,0,50497,49501,73507,51822,5465817,0,0
1784087347370,unknown,VM-77,Stage2-1-0,0,0,0,0,0,0,0,0
1784087347371,unknown,VM-78,Stage3-2-0,0,0,0,0,0,0,0,0
1784087348352,unknown,VM-76,Stage2-2-0,0,0,0,0,0,0,0,0
1784087348354,unknown,VM-73,Stage1-0-0,0,63871,62578,82742,64225,6909371,0,0
1784087348361,unknown,VM-79,Stage3-3-0,0,0,0,0,0,0,0,0
1784087348370,unknown,VM-77,Stage2-1-0,0,0,0,0,0,0,0,0
1784087348371,unknown,VM-78,Stage3-2-0,0,0,0,0,0,0,0,0
1784087348469,unknown,VM-74,Stage1-2-0,0,25960,25449,43397,32621,2820569,0,0
1784087348494,unknown,VM-75,Stage1-3-0,0,25528,25000,45208,65707,2764882,0,0
1784087349352,unknown,VM-76,Stage2-2-0,0,0,0,0,0,0,0,0
1784087349354,unknown,VM-73,Stage1-0-0,0,54065,52970,73943,57269,5882270,0,0
1784087349361,unknown,VM-79,Stage3-3-0,0,0,0,0,0,0,0,0
1784087349363,unknown,VM-75,Stage1-3-0,0,93286,91380,261123,53223,10111498,0,0
1784087349368,unknown,VM-74,Stage1-2-0,0,93319,91462,278486,53224,10083290,0,0
1784087349370,unknown,VM-77,Stage2-1-0,0,0,0,0,0,0,0,0
1784087349371,unknown,VM-78,Stage3-2-0,0,0,0,0,0,0,0,0
1784087350352,unknown,VM-76,Stage2-2-0,0,0,0,0,0,0,0,0
1784087350354,unknown,VM-73,Stage1-0-0,0,57249,56183,65931,223646,6190230,0,0
1784087350361,unknown,VM-79,Stage3-3-0,0,0,0,0,0,0,0,0
1784087350363,unknown,VM-75,Stage1-3-0,0,50775,49770,67352,44838,5504236,0,0
1784087350368,unknown,VM-74,Stage1-2-0,0,44870,43989,67788,74333,4843616,0,0
1784087350370,unknown,VM-77,Stage2-1-0,0,0,0,0,0,0,0,0
1784087350371,unknown,VM-78,Stage3-2-0,0,0,0,0,0,0,0,0
1784087351352,unknown,VM-76,Stage2-2-0,0,0,0,0,0,0,0,0
1784087351354,unknown,VM-73,Stage1-0-0,0,55041,53992,78667,55717,5941197,0,0
1784087351361,unknown,VM-79,Stage3-3-0,0,0,0,0,0,0,0,0
1784087351370,unknown,VM-77,Stage2-1-0,0,0,0,0,0,0,0,0
1784087351370,unknown,VM-78,Stage3-2-0,0,0,0,0,0,0,0,0
1784087351472,unknown,VM-75,Stage1-3-0,0,28306,27707,46074,30882,3075139,0,0
1784087351477,unknown,VM-74,Stage1-2-0,0,34434,33756,43634,34936,3728575,0,0
1784087352352,unknown,VM-76,Stage2-2-0,0,0,0,0,0,0,0,0
1784087352354,unknown,VM-73,Stage1-0-0,0,59598,58426,83877,66100,6444366,0,0
1784087352361,unknown,VM-79,Stage3-3-0,0,0,0,0,0,0,0,0
1784087352363,unknown,VM-75,Stage1-3-0,0,94922,93007,277629,51210,10278658,0,0
1784087352368,unknown,VM-74,Stage1-2-0,0,85105,83355,287369,54739,9232847,0,0
1784087352370,unknown,VM-77,Stage2-1-0,0,0,0,0,0,0,0,0
1784087352370,unknown,VM-78,Stage3-2-0,0,0,0,0,0,0,0,0
1784087353352,unknown,VM-76,Stage2-2-0,0,0,0,0,0,0,0,0
1784087353361,unknown,VM-79,Stage3-3-0,0,0,0,0,0,0,0,0
1784087353363,unknown,VM-75,Stage1-3-0,0,50932,49908,71757,54053,5507717,0,0
1784087353368,unknown,VM-74,Stage1-2-0,0,57873,56717,69686,64590,6286117,0,0
1784087353370,unknown,VM-77,Stage2-1-0,0,0,0,0,0,0,0,0
1784087353371,unknown,VM-78,Stage3-2-0,0,0,0,0,0,0,0,0
1784087354352,unknown,VM-76,Stage2-2-0,0,0,0,0,0,0,0,0
1784087354361,unknown,VM-79,Stage3-3-0,0,0,0,0,0,0,0,0
1784087354370,unknown,VM-77,Stage2-1-0,0,0,0,0,0,0,0,0
1784087354371,unknown,VM-78,Stage3-2-0,0,0,0,0,0,0,0,0
1784087354892,unknown,VM-73,Stage1-0-0,0,18554,18201,20397,15286,2008621,0,0
1784087354893,unknown,VM-73,Stage1-0-0,0,0,0,0,0,0,0,0
1784087355352,unknown,VM-76,Stage2-2-0,0,0,0,0,0,0,0,0
1784087355355,unknown,VM-73,Stage1-0-0,0,168695,165395,70130,2556218,18249098,0,0
1784087355361,unknown,VM-79,Stage3-3-0,0,0,0,0,0,0,0,0
1784087355370,unknown,VM-77,Stage2-1-0,0,0,0,0,0,0,0,0
1784087355371,unknown,VM-78,Stage3-2-0,0,0,0,0,0,0,0,0
1784087356352,unknown,VM-76,Stage2-2-0,0,0,0,0,0,0,0,0
1784087356354,unknown,VM-73,Stage1-0-0,0,18066,17690,37059,30113,1956170,0,0
1784087356361,unknown,VM-79,Stage3-3-0,0,0,0,0,0,0,0,0
1784087356370,unknown,VM-77,Stage2-1-0,0,0,0,0,0,0,0,0
1784087356371,unknown,VM-78,Stage3-2-0,0,0,0,0,0,0,0,0
1784087356905,unknown,VM-75,Stage1-3-0,0,27227,26673,59362,37252,2947344,0,0
1784087356906,unknown,VM-75,Stage1-3-0,0,0,0,0,0,0,0,0
1784087356906,unknown,VM-75,Stage1-3-0,0,0,0,0,0,0,0,0
1784087356917,unknown,VM-74,Stage1-2-0,0,30492,29889,50978,40805,3310358,0,0
1784087356918,unknown,VM-74,Stage1-2-0,0,0,0,0,0,0,0,0
1784087356918,unknown,VM-74,Stage1-2-0,0,0,0,0,0,0,0,0
1784087357352,unknown,VM-76,Stage2-2-0,0,0,0,0,0,0,0,0
1784087357354,unknown,VM-73,Stage1-0-0,0,47333,46428,110215,88236,5126730,0,0
1784087357361,unknown,VM-79,Stage3-3-0,0,0,0,0,0,0,0,0
1784087357363,unknown,VM-75,Stage1-3-0,0,189922,186206,18234,2616644,20584834,0,0
1784087357368,unknown,VM-74,Stage1-2-0,0,186292,182589,7435,2627071,20162980,0,0
1784087357370,unknown,VM-77,Stage2-1-0,0,0,0,0,0,0,0,0
1784087357370,unknown,VM-78,Stage3-2-0,0,0,0,0,0,0,0,0
1784087358352,unknown,VM-76,Stage2-2-0,0,0,0,0,0,0,0,0
1784087358361,unknown,VM-79,Stage3-3-0,0,0,0,0,0,0,0,0
1784087358363,unknown,VM-75,Stage1-3-0,0,37956,37175,67650,73417,4130059,0,0
1784087358368,unknown,VM-74,Stage1-2-0,0,36581,35903,74468,73660,3967216,0,0
1784087358370,unknown,VM-77,Stage2-1-0,0,0,0,0,0,0,0,0
1784087358370,unknown,VM-78,Stage3-2-0,0,0,0,0,0,0,0,0
1784087358552,unknown,VM-73,Stage1-0-0,0,44809,43902,49512,56768,4861445,0,0
1784087359352,unknown,VM-76,Stage2-2-0,0,0,0,0,0,0,0,0
1784087359354,unknown,VM-73,Stage1-0-0,0,84310,82607,48808,43060,9131262,0,0
1784087359361,unknown,VM-79,Stage3-3-0,0,0,0,0,0,0,0,0
1784087359368,unknown,VM-74,Stage1-2-0,0,51317,50311,93758,95336,5551334,0,0
1784087359370,unknown,VM-77,Stage2-1-0,0,0,0,0,0,0,0,0
1784087359370,unknown,VM-78,Stage3-2-0,0,0,0,0,0,0,0,0
1784087359960,unknown,VM-75,Stage1-3-0,0,50875,49863,86774,691624,5508545,0,0
1784087360352,unknown,VM-76,Stage2-2-0,0,0,0,0,0,0,0,0
1784087360354,unknown,VM-73,Stage1-0-0,0,49038,48062,65083,59927,5313731,0,0
1784087360361,unknown,VM-79,Stage3-3-0,0,0,0,0,0,0,0,0
1784087360363,unknown,VM-75,Stage1-3-0,0,76731,75205,72870,55366,8297883,0,0
1784087360368,unknown,VM-74,Stage1-2-0,0,78235,76717,666810,67085,8492837,0,0
1784087360370,unknown,VM-77,Stage2-1-0,0,0,0,0,0,0,0,0
1784087360371,unknown,VM-78,Stage3-2-0,0,0,0,0,0,0,0,0
1784087361352,unknown,VM-76,Stage2-2-0,0,0,0,0,0,0,0,0
1784087361354,unknown,VM-73,Stage1-0-0,0,62290,61056,88350,64746,6757575,0,0
1784087361361,unknown,VM-79,Stage3-3-0,0,0,0,0,0,0,0,0
1784087361363,unknown,VM-75,Stage1-3-0,0,54913,53801,73360,55622,5951270,0,0
1784087361368,unknown,VM-74,Stage1-2-0,0,53893,52814,74377,49172,5824322,0,0
1784087361370,unknown,VM-77,Stage2-1-0,0,0,0,0,0,0,0,0
1784087361370,unknown,VM-78,Stage3-2-0,0,0,0,0,0,0,0,0
1784087362352,unknown,VM-76,Stage2-2-0,0,0,0,0,0,0,0,0
1784087362354,unknown,VM-73,Stage1-0-0,0,49709,48708,70990,51277,5379712,0,0
1784087362361,unknown,VM-79,Stage3-3-0,0,0,0,0,0,0,0,0
1784087362363,unknown,VM-75,Stage1-3-0,0,52506,51438,81451,48608,5675374,0,0
1784087362368,unknown,VM-74,Stage1-2-0,0,53590,52488,80547,49807,5809312,0,0
1784087362370,unknown,VM-77,Stage2-1-0,0,0,0,0,0,0,0,0
1784087362370,unknown,VM-78,Stage3-2-0,0,0,0,0,0,0,0,0
1784087363352,unknown,VM-76,Stage2-2-0,0,0,0,0,0,0,0,0
1784087363361,unknown,VM-79,Stage3-3-0,0,0,0,0,0,0,0,0
1784087363363,unknown,VM-75,Stage1-3-0,0,52162,51079,80679,50636,5665468,0,0
1784087363368,unknown,VM-74,Stage1-2-0,0,53849,52749,76092,49227,5827128,0,0
1784087363370,unknown,VM-77,Stage2-1-0,0,0,0,0,0,0,0,0
1784087363370,unknown,VM-78,Stage3-2-0,0,0,0,0,0,0,0,0
1784087363668,unknown,VM-73,Stage1-0-0,0,40609,39791,60657,42463,4379595,0,0
1784087364352,unknown,VM-76,Stage2-2-0,0,0,0,0,0,0,0,0
1784087364354,unknown,VM-73,Stage1-0-0,0,74651,73172,426192,45283,8086618,0,0
1784087364361,unknown,VM-79,Stage3-3-0,0,0,0,0,0,0,0,0
1784087364363,unknown,VM-75,Stage1-3-0,0,54317,53234,77212,50416,5870709,0,0
1784087364368,unknown,VM-74,Stage1-2-0,0,52244,51212,71013,53124,5643349,0,0
1784087364370,unknown,VM-77,Stage2-1-0,0,0,0,0,0,0,0,0
1784087364371,unknown,VM-78,Stage3-2-0,0,0,0,0,0,0,0,0
1784087365352,unknown,VM-76,Stage2-2-0,0,0,0,0,0,0,0,0
1784087365354,unknown,VM-73,Stage1-0-0,0,38924,38111,61511,55641,4221059,0,0
1784087365361,unknown,VM-79,Stage3-3-0,0,0,0,0,0,0,0,0
1784087365370,unknown,VM-77,Stage2-1-0,0,0,0,0,0,0,0,0
1784087365371,unknown,VM-78,Stage3-2-0,0,0,0,0,0,0,0,0
1784087365583,unknown,VM-75,Stage1-3-0,0,5905,5805,18288,13772,638898,0,0
1784087365610,unknown,VM-74,Stage1-2-0,0,14742,14415,33633,28177,1604109,0,0
1784087366352,unknown,VM-76,Stage2-2-0,0,0,0,0,0,0,0,0
1784087366354,unknown,VM-73,Stage1-0-0,0,62649,61402,84099,61461,6789703,0,0
1784087366361,unknown,VM-79,Stage3-3-0,0,0,0,0,0,0,0,0
1784087366363,unknown,VM-75,Stage1-3-0,0,98629,96663,448471,50986,10685078,0,0
1784087366368,unknown,VM-74,Stage1-2-0,0,90106,88304,431984,49451,9763689,0,0
1784087366370,unknown,VM-77,Stage2-1-0,0,0,0,0,0,0,0,0
1784087366370,unknown,VM-78,Stage3-2-0,0,0,0,0,0,0,0,0
1784087367352,unknown,VM-76,Stage2-2-0,0,0,0,0,0,0,0,0
1784087367355,unknown,VM-73,Stage1-0-0,0,25117,24618,32871,16893,2712527,0,0
1784087367361,unknown,VM-79,Stage3-3-0,0,0,0,0,0,0,0,0
1784087367363,unknown,VM-75,Stage1-3-0,0,9218,9007,24562,19172,1011363,0,0
1784087367368,unknown,VM-74,Stage1-2-0,0,11717,11490,31320,24891,1274121,0,0
1784087367370,unknown,VM-77,Stage2-1-0,0,0,0,0,0,0,0,0
1784087367371,unknown,VM-78,Stage3-2-0,0,0,0,0,0,0,0,0
1784087368352,unknown,VM-76,Stage2-2-0,0,0,0,0,0,0,0,0
1784087368354,unknown,VM-73,Stage1-0-0,0,75834,74354,110844,91048,8225808,0,0
1784087368361,unknown,VM-79,Stage3-3-0,0,0,0,0,0,0,0,0
1784087368363,unknown,VM-75,Stage1-3-0,0,94514,92583,123718,80771,10199714,0,0
1784087368368,unknown,VM-74,Stage1-2-0,0,91833,90014,112731,77101,9943091,0,0
1784087368370,unknown,VM-77,Stage2-1-0,0,0,0,0,0,0,0,0
1784087368370,unknown,VM-78,Stage3-2-0,0,0,0,0,0,0,0,0
1784087369352,unknown,VM-76,Stage2-2-0,0,0,0,0,0,0,0,0
1784087369354,unknown,VM-73,Stage1-0-0,0,52049,51020,56482,339757,5637172,0,0
1784087369361,unknown,VM-79,Stage3-3-0,0,0,0,0,0,0,0,0
1784087369363,unknown,VM-75,Stage1-3-0,0,53939,52824,75723,52747,5853803,0,0
1784087369368,unknown,VM-74,Stage1-2-0,0,54550,53445,77095,53802,5904213,0,0
1784087369370,unknown,VM-77,Stage2-1-0,0,0,0,0,0,0,0,0
1784087369370,unknown,VM-78,Stage3-2-0,0,0,0,0,0,0,0,0
1784087370352,unknown,VM-76,Stage2-2-0,0,0,0,0,0,0,0,0
1784087370355,unknown,VM-73,Stage1-0-0,0,29276,28680,35028,22589,3154121,0,0
1784087370361,unknown,VM-79,Stage3-3-0,0,0,0,0,0,0,0,0
1784087370363,unknown,VM-75,Stage1-3-0,0,30713,30090,49526,41113,3338424,0,0
1784087370368,unknown,VM-74,Stage1-2-0,0,30201,29624,48429,41442,3263615,0,0
1784087370370,unknown,VM-77,Stage2-1-0,0,0,0,0,0,0,0,0
1784087370370,unknown,VM-78,Stage3-2-0,0,0,0,0,0,0,0,0
1784087371352,unknown,VM-76,Stage2-2-0,0,0,0,0,0,0,0,0
1784087371354,unknown,VM-73,Stage1-0-0,0,75687,74196,115855,96717,8200089,0,0
1784087371361,unknown,VM-79,Stage3-3-0,0,0,0,0,0,0,0,0
1784087371363,unknown,VM-75,Stage1-3-0,0,69028,67632,416931,68850,7458223,0,0
1784087371370,unknown,VM-77,Stage2-1-0,0,0,0,0,0,0,0,0
1784087371370,unknown,VM-78,Stage3-2-0,0,0,0,0,0,0,0,0
1784087371522,unknown,VM-74,Stage1-2-0,0,22191,21673,45793,34631,2400533,0,0
1784087372352,unknown,VM-76,Stage2-2-0,0,0,0,0,0,0,0,0
1784087372354,unknown,VM-73,Stage1-0-0,0,48786,47813,71767,53296,5289356,0,0
1784087372361,unknown,VM-79,Stage3-3-0,0,0,0,0,0,0,0,0
1784087372363,unknown,VM-75,Stage1-3-0,0,53905,52857,73934,53341,5843412,0,0
1784087372368,unknown,VM-74,Stage1-2-0,0,100197,98250,79478,49958,10836695,0,0
1784087372370,unknown,VM-77,Stage2-1-0,0,0,0,0,0,0,0,0
1784087372370,unknown,VM-78,Stage3-2-0,0,0,0,0,0,0,0,0
1784087373352,unknown,VM-76,Stage2-2-0,0,0,0,0,0,0,0,0
1784087373354,unknown,VM-73,Stage1-0-0,0,52725,51659,72403,56197,5706735,0,0
1784087373361,unknown,VM-79,Stage3-3-0,0,0,0,0,0,0,0,0
1784087373363,unknown,VM-75,Stage1-3-0,0,32849,32166,106768,47301,3564019,0,0
1784087373368,unknown,VM-74,Stage1-2-0,0,51905,50900,71152,58423,5615852,0,0
1784087373370,unknown,VM-77,Stage2-1-0,0,0,0,0,0,0,0,0
1784087373371,unknown,VM-78,Stage3-2-0,0,0,0,0,0,0,0,0
1784087374352,unknown,VM-76,Stage2-2-0,0,0,0,0,0,0,0,0
1784087374361,unknown,VM-79,Stage3-3-0,0,0,0,0,0,0,0,0
1784087374363,unknown,VM-75,Stage1-3-0,0,70086,68674,77792,54695,7585201,0,0
1784087374368,unknown,VM-74,Stage1-2-0,0,50935,49936,71356,50450,5486923,0,0
1784087374370,unknown,VM-77,Stage2-1-0,0,0,0,0,0,0,0,0
1784087374370,unknown,VM-78,Stage3-2-0,0,0,0,0,0,0,0,0
1784087374615,unknown,VM-73,Stage1-0-0,0,36972,36251,57223,40250,4000022,0,0
1784087375352,unknown,VM-76,Stage2-2-0,0,0,0,0,0,0,0,0
1784087375354,unknown,VM-73,Stage1-0-0,0,69189,67815,60458,364213,7494582,0,0
1784087375361,unknown,VM-79,Stage3-3-0,0,0,0,0,0,0,0,0
1784087375363,unknown,VM-75,Stage1-3-0,0,50353,49311,69477,54344,5440758,0,0
1784087375368,unknown,VM-74,Stage1-2-0,0,50022,49082,70123,52865,5411332,0,0
1784087375370,unknown,VM-77,Stage2-1-0,0,0,0,0,0,0,0,0
1784087375370,unknown,VM-78,Stage3-2-0,0,0,0,0,0,0,0,0
1784087376352,unknown,VM-76,Stage2-2-0,0,0,0,0,0,0,0,0
1784087376354,unknown,VM-73,Stage1-0-0,0,46926,46003,67664,54766,5085305,0,0
1784087376361,unknown,VM-79,Stage3-3-0,0,0,0,0,0,0,0,0
1784087376370,unknown,VM-77,Stage2-1-0,0,0,0,0,0,0,0,0
1784087376370,unknown,VM-78,Stage3-2-0,0,0,0,0,0,0,0,0
1784087376593,unknown,VM-75,Stage1-3-0,0,28770,28146,49805,43698,3119647,0,0
1784087376625,unknown,VM-74,Stage1-2-0,0,45988,45075,68547,49135,4974671,0,0
1784087377352,unknown,VM-76,Stage2-2-0,0,0,0,0,0,0,0,0
1784087377354,unknown,VM-73,Stage1-0-0,0,52793,51720,74427,60250,5725027,0,0
1784087377361,unknown,VM-79,Stage3-3-0,0,0,0,0,0,0,0,0
1784087377363,unknown,VM-75,Stage1-3-0,0,71179,69795,72287,350898,7694314,0,0
1784087377368,unknown,VM-74,Stage1-2-0,0,54190,53116,70788,340468,5882501,0,0
1784087377370,unknown,VM-77,Stage2-1-0,0,0,0,0,0,0,0,0
1784087377371,unknown,VM-78,Stage3-2-0,0,0,0,0,0,0,0,0
1784087378352,unknown,VM-76,Stage2-2-0,0,0,0,0,0,0,0,0
1784087378354,unknown,VM-73,Stage1-0-0,0,46245,45336,67662,54752,4997381,0,0
1784087378361,unknown,VM-79,Stage3-3-0,0,0,0,0,0,0,0,0
1784087378363,unknown,VM-75,Stage1-3-0,0,50215,49199,69266,51662,5441347,0,0
1784087378368,unknown,VM-74,Stage1-2-0,0,49706,48721,70043,49840,5388691,0,0
1784087378370,unknown,VM-77,Stage2-1-0,0,0,0,0,0,0,0,0
1784087378371,unknown,VM-78,Stage3-2-0,0,0,0,0,0,0,0,0
1784087379352,unknown,VM-76,Stage2-2-0,0,0,0,0,0,0,0,0
1784087379354,unknown,VM-73,Stage1-0-0,0,48617,47648,69393,53676,5264346,0,0
1784087379361,unknown,VM-79,Stage3-3-0,0,0,0,0,0,0,0,0
1784087379363,unknown,VM-75,Stage1-3-0,0,49731,48755,68079,52285,5384354,0,0
1784087379368,unknown,VM-74,Stage1-2-0,0,50423,49385,68743,49681,5446133,0,0
1784087379370,unknown,VM-77,Stage2-1-0,0,0,0,0,0,0,0,0
1784087379370,unknown,VM-78,Stage3-2-0,0,0,0,0,0,0,0,0
1784087380352,unknown,VM-76,Stage2-2-0,0,0,0,0,0,0,0,0
1784087380355,unknown,VM-73,Stage1-0-0,0,26167,25647,27952,301790,2837556,0,0
1784087380361,unknown,VM-79,Stage3-3-0,0,0,0,0,0,0,0,0
1784087380363,unknown,VM-75,Stage1-3-0,0,18091,17731,39482,30714,1952273,0,0
1784087380368,unknown,VM-74,Stage1-2-0,0,17606,17254,38700,31200,1908596,0,0
1784087380370,unknown,VM-77,Stage2-1-0,0,0,0,0,0,0,0,0
1784087380370,unknown,VM-78,Stage3-2-0,0,0,0,0,0,0,0,0
1784087381352,unknown,VM-76,Stage2-2-0,0,0,0,0,0,0,0,0
1784087381354,unknown,VM-73,Stage1-0-0,0,79761,78124,120863,103151,8628667,0,0
1784087381361,unknown,VM-79,Stage3-3-0,0,0,0,0,0,0,0,0
1784087381363,unknown,VM-75,Stage1-3-0,0,76278,74723,104911,90890,8274484,0,0
1784087381368,unknown,VM-74,Stage1-2-0,0,75974,74504,125067,86509,8232212,0,0
1784087381370,unknown,VM-77,Stage2-1-0,0,0,0,0,0,0,0,0
1784087381370,unknown,VM-78,Stage3-2-0,0,0,0,0,0,0,0,0
1784087382352,unknown,VM-76,Stage2-2-0,0,0,0,0,0,0,0,0
1784087382354,unknown,VM-73,Stage1-0-0,0,39491,38703,60471,50327,4268534,0,0
1784087382361,unknown,VM-79,Stage3-3-0,0,0,0,0,0,0,0,0
1784087382370,unknown,VM-77,Stage2-1-0,0,0,0,0,0,0,0,0
1784087382371,unknown,VM-78,Stage3-2-0,0,0,0,0,0,0,0,0
1784087382610,unknown,VM-75,Stage1-3-0,0,31874,31263,53085,46998,3458248,0,0
1784087382648,unknown,VM-74,Stage1-2-0,0,51143,50119,71975,54345,5537202,0,0
1784087383352,unknown,VM-76,Stage2-2-0,0,0,0,0,0,0,0,0
1784087383354,unknown,VM-73,Stage1-0-0,0,59008,57855,80672,59289,6398057,0,0
1784087383361,unknown,VM-79,Stage3-3-0,0,0,0,0,0,0,0,0
1784087383363,unknown,VM-75,Stage1-3-0,0,74194,72719,76645,350392,8047175,0,0
1784087383368,unknown,VM-74,Stage1-2-0,0,54577,53417,359106,51470,5920485,0,0
1784087383370,unknown,VM-77,Stage2-1-0,0,0,0,0,0,0,0,0
1784087383370,unknown,VM-78,Stage3-2-0,0,0,0,0,0,0,0,0
1784087384352,unknown,VM-76,Stage2-2-0,0,0,0,0,0,0,0,0
1784087384354,unknown,VM-73,Stage1-0-0,0,55996,54853,77605,64386,6065563,0,0
1784087384361,unknown,VM-79,Stage3-3-0,0,0,0,0,0,0,0,0
1784087384363,unknown,VM-75,Stage1-3-0,0,49756,48790,67671,50693,5369807,0,0
1784087384368,unknown,VM-74,Stage1-2-0,0,49724,48751,69091,53030,5376559,0,0
1784087384370,unknown,VM-77,Stage2-1-0,0,0,0,0,0,0,0,0
1784087384370,unknown,VM-78,Stage3-2-0,0,0,0,0,0,0,0,0
1784087385352,unknown,VM-76,Stage2-2-0,0,0,0,0,0,0,0,0
1784087385354,unknown,VM-73,Stage1-0-0,0,38295,37537,62521,46159,4159826,0,0
1784087385361,unknown,VM-79,Stage3-3-0,0,0,0,0,0,0,0,0
1784087385363,unknown,VM-75,Stage1-3-0,0,50416,49419,68623,53825,5467815,0,0
1784087385368,unknown,VM-74,Stage1-2-0,0,50427,49434,72656,62927,5469774,0,0
1784087385370,unknown,VM-77,Stage2-1-0,0,0,0,0,0,0,0,0
1784087385370,unknown,VM-78,Stage3-2-0,0,0,0,0,0,0,0,0
1784087386352,unknown,VM-76,Stage2-2-0,0,0,0,0,0,0,0,0
1784087386354,unknown,VM-73,Stage1-0-0,0,55371,54251,63897,350595,5987830,0,0
1784087386361,unknown,VM-79,Stage3-3-0,0,0,0,0,0,0,0,0
1784087386363,unknown,VM-75,Stage1-3-0,0,49877,48913,69550,53029,5394718,0,0
1784087386368,unknown,VM-74,Stage1-2-0,0,50293,49255,70348,53874,5451362,0,0
1784087386370,unknown,VM-77,Stage2-1-0,0,0,0,0,0,0,0,0
1784087386370,unknown,VM-78,Stage3-2-0,0,0,0,0,0,0,0,0
1784087387352,unknown,VM-76,Stage2-2-0,0,0,0,0,0,0,0,0
1784087387354,unknown,VM-73,Stage1-0-0,0,48544,47538,79368,55877,5259082,0,0
1784087387361,unknown,VM-79,Stage3-3-0,0,0,0,0,0,0,0,0
1784087387363,unknown,VM-75,Stage1-3-0,0,49820,48760,66395,56063,5414209,0,0
1784087387368,unknown,VM-74,Stage1-2-0,0,49889,48941,70627,51437,5400164,0,0
1784087387370,unknown,VM-77,Stage2-1-0,0,0,0,0,0,0,0,0
1784087387371,unknown,VM-78,Stage3-2-0,0,0,0,0,0,0,0,0
1784087388352,unknown,VM-76,Stage2-2-0,0,0,0,0,0,0,0,0
1784087388354,unknown,VM-73,Stage1-0-0,0,42430,41586,67055,47936,4579919,0,0
1784087388361,unknown,VM-79,Stage3-3-0,0,0,0,0,0,0,0,0
1784087388370,unknown,VM-77,Stage2-1-0,0,0,0,0,0,0,0,0
1784087388370,unknown,VM-78,Stage3-2-0,0,0,0,0,0,0,0,0
1784087388590,unknown,VM-75,Stage1-3-0,0,22952,22475,50286,35395,2488523,0,0
1784087388637,unknown,VM-74,Stage1-2-0,0,43994,43134,66291,51683,4769490,0,0
1784087389352,unknown,VM-76,Stage2-2-0,0,0,0,0,0,0,0,0
1784087389354,unknown,VM-73,Stage1-0-0,0,53841,52758,84074,108780,5820892,0,0
1784087389361,unknown,VM-79,Stage3-3-0,0,0,0,0,0,0,0,0
1784087389363,unknown,VM-75,Stage1-3-0,0,77303,75765,69038,356202,8364084,0,0
1784087389368,unknown,VM-74,Stage1-2-0,0,55584,54493,73066,349282,6021606,0,0
1784087389370,unknown,VM-77,Stage2-1-0,0,0,0,0,0,0,0,0
1784087389371,unknown,VM-78,Stage3-2-0,0,0,0,0,0,0,0,0
1784087390352,unknown,VM-76,Stage2-2-0,0,0,0,0,0,0,0,0
1784087390355,unknown,VM-73,Stage1-0-0,0,28874,28301,37651,17401,3121448,0,0
1784087390361,unknown,VM-79,Stage3-3-0,0,0,0,0,0,0,0,0
1784087390363,unknown,VM-75,Stage1-3-0,0,26083,25550,58185,46924,2822013,0,0
1784087390368,unknown,VM-74,Stage1-2-0,0,19269,18876,48848,39607,2107749,0,0
1784087390370,unknown,VM-77,Stage2-1-0,0,0,0,0,0,0,0,0
1784087390371,unknown,VM-78,Stage3-2-0,0,0,0,0,0,0,0,0
1784087391352,unknown,VM-76,Stage2-2-0,0,0,0,0,0,0,0,0
1784087391361,unknown,VM-79,Stage3-3-0,0,0,0,0,0,0,0,0
1784087391363,unknown,VM-75,Stage1-3-0,0,67297,65995,69323,57953,7265472,0,0
1784087391368,unknown,VM-74,Stage1-2-0,0,74196,72661,95849,78387,8051281,0,0
1784087391370,unknown,VM-77,Stage2-1-0,0,0,0,0,0,0,0,0
1784087391370,unknown,VM-78,Stage3-2-0,0,0,0,0,0,0,0,0
1784087391625,unknown,VM-73,Stage1-0-0,0,76992,75422,99863,85031,8315066,0,0
1784087392352,unknown,VM-76,Stage2-2-0,0,0,0,0,0,0,0,0
1784087392354,unknown,VM-73,Stage1-0-0,0,39366,38541,43491,329012,4279880,0,0
1784087392361,unknown,VM-79,Stage3-3-0,0,0,0,0,0,0,0,0
1784087392363,unknown,VM-75,Stage1-3-0,0,54811,53761,82894,45885,5938249,0,0
1784087392368,unknown,VM-74,Stage1-2-0,0,56447,55372,74726,50903,6119430,0,0
1784087392370,unknown,VM-77,Stage2-1-0,0,0,0,0,0,0,0,0
1784087392370,unknown,VM-78,Stage3-2-0,0,0,0,0,0,0,0,0
1784087393352,unknown,VM-76,Stage2-2-0,0,0,0,0,0,0,0,0
1784087393354,unknown,VM-73,Stage1-0-0,0,60439,59225,83458,61735,6538235,0,0
1784087393361,unknown,VM-79,Stage3-3-0,0,0,0,0,0,0,0,0
1784087393363,unknown,VM-75,Stage1-3-0,0,51994,50946,83841,46165,5626321,0,0
1784087393368,unknown,VM-74,Stage1-2-0,0,50103,49131,71446,51577,5420757,0,0
1784087393370,unknown,VM-77,Stage2-1-0,0,0,0,0,0,0,0,0
1784087393370,unknown,VM-78,Stage3-2-0,0,0,0,0,0,0,0,0
1784087394352,unknown,VM-76,Stage2-2-0,0,0,0,0,0,0,0,0
1784087394354,unknown,VM-73,Stage1-0-0,0,49179,48224,71024,55555,5322438,0,0
1784087394361,unknown,VM-79,Stage3-3-0,0,0,0,0,0,0,0,0
1784087394370,unknown,VM-77,Stage2-1-0,0,0,0,0,0,0,0,0
1784087394370,unknown,VM-78,Stage3-2-0,0,0,0,0,0,0,0,0
1784087394578,unknown,VM-75,Stage1-3-0,0,19576,19208,46538,31717,2129027,0,0
1784087394631,unknown,VM-74,Stage1-2-0,0,43386,42516,76229,45480,4686483,0,0
1784087395352,unknown,VM-76,Stage2-2-0,0,0,0,0,0,0,0,0
1784087395354,unknown,VM-73,Stage1-0-0,0,46540,45645,74211,49892,5039324,0,0
1784087395361,unknown,VM-79,Stage3-3-0,0,0,0,0,0,0,0,0
1784087395363,unknown,VM-75,Stage1-3-0,0,80395,78748,70457,359177,8707703,0,0
1784087395368,unknown,VM-74,Stage1-2-0,0,56077,54972,371972,49163,6068986,0,0
1784087395370,unknown,VM-77,Stage2-1-0,0,0,0,0,0,0,0,0
1784087395370,unknown,VM-78,Stage3-2-0,0,0,0,0,0,0,0,0
1784087396352,unknown,VM-76,Stage2-2-0,0,0,0,0,0,0,0,0
1784087396354,unknown,VM-73,Stage1-0-0,0,51065,49959,83651,52490,5517097,0,0
1784087396361,unknown,VM-79,Stage3-3-0,0,0,0,0,0,0,0,0
1784087396363,unknown,VM-75,Stage1-3-0,0,49934,48969,33409,26166,5421295,0,0
1784087396368,unknown,VM-74,Stage1-2-0,0,50162,49161,69669,49763,5430651,0,0
1784087396370,unknown,VM-77,Stage2-1-0,0,0,0,0,0,0,0,0
1784087396371,unknown,VM-78,Stage3-2-0,0,0,0,0,0,0,0,0
1784087397352,unknown,VM-76,Stage2-2-0,0,0,0,0,0,0,0,0
1784087397361,unknown,VM-79,Stage3-3-0,0,0,0,0,0,0,0,0
1784087397363,unknown,VM-75,Stage1-3-0,0,49601,48592,84885,52176,5380636,0,0
1784087397368,unknown,VM-74,Stage1-2-0,0,50296,49325,68608,52910,5433955,0,0
1784087397370,unknown,VM-77,Stage2-1-0,0,0,0,0,0,0,0,0
1784087397370,unknown,VM-78,Stage3-2-0,0,0,0,0,0,0,0,0
1784087397612,unknown,VM-73,Stage1-0-0,0,42145,41271,44558,47718,4558212,0,0
1784087398352,unknown,VM-76,Stage2-2-0,0,0,0,0,0,0,0,0
1784087398354,unknown,VM-73,Stage1-0-0,0,58182,57002,45881,344116,6314441,0,0
1784087398361,unknown,VM-79,Stage3-3-0,0,0,0,0,0,0,0,0
1784087398363,unknown,VM-75,Stage1-3-0,0,50013,48978,76922,50346,5400389,0,0
1784087398368,unknown,VM-74,Stage1-2-0,0,49949,48938,67270,47754,5408264,0,0
1784087398370,unknown,VM-77,Stage2-1-0,0,0,0,0,0,0,0,0
1784087398370,unknown,VM-78,Stage3-2-0,0,0,0,0,0,0,0,0
1784087399352,unknown,VM-76,Stage2-2-0,0,0,0,0,0,0,0,0
1784087399354,unknown,VM-73,Stage1-0-0,0,54339,53286,72651,61447,5886760,0,0
1784087399361,unknown,VM-79,Stage3-3-0,0,0,0,0,0,0,0,0
1784087399363,unknown,VM-75,Stage1-3-0,0,49964,49000,69510,50401,5408007,0,0
1784087399368,unknown,VM-74,Stage1-2-0,0,50199,49168,77121,46420,5442998,0,0
1784087399370,unknown,VM-77,Stage2-1-0,0,0,0,0,0,0,0,0
1784087399370,unknown,VM-78,Stage3-2-0,0,0,0,0,0,0,0,0
1784087400352,unknown,VM-76,Stage2-2-0,0,0,0,0,0,0,0,0
1784087400355,unknown,VM-73,Stage1-0-0,0,20189,19767,20922,11847,2178748,0,0
1784087400361,unknown,VM-79,Stage3-3-0,0,0,0,0,0,0,0,0
1784087400363,unknown,VM-75,Stage1-3-0,0,15860,15537,52129,27023,1715580,0,0
1784087400368,unknown,VM-74,Stage1-2-0,0,13472,13194,29374,26956,1471020,0,0
1784087400370,unknown,VM-77,Stage2-1-0,0,0,0,0,0,0,0,0
1784087400370,unknown,VM-78,Stage3-2-0,0,0,0,0,0,0,0,0
1784087401352,unknown,VM-76,Stage2-2-0,0,0,0,0,0,0,0,0
1784087401354,unknown,VM-73,Stage1-0-0,0,77628,76082,120792,96448,8419095,0,0
1784087401361,unknown,VM-79,Stage3-3-0,0,0,0,0,0,0,0,0
1784087401363,unknown,VM-75,Stage1-3-0,0,79711,78064,75185,383151,8615104,0,0
1784087401368,unknown,VM-74,Stage1-2-0,0,83315,81669,103923,384243,9018577,0,0
1784087401370,unknown,VM-77,Stage2-1-0,0,0,0,0,0,0,0,0
1784087401370,unknown,VM-78,Stage3-2-0,0,0,0,0,0,0,0,0
1784087402352,unknown,VM-76,Stage2-2-0,0,0,0,0,0,0,0,0
1784087402354,unknown,VM-73,Stage1-0-0,0,43562,42701,64383,50493,4724621,0,0
1784087402361,unknown,VM-79,Stage3-3-0,0,0,0,0,0,0,0,0
1784087402363,unknown,VM-75,Stage1-3-0,0,53887,52845,72811,50759,5838384,0,0
1784087402368,unknown,VM-74,Stage1-2-0,0,53710,52633,73680,50776,5827022,0,0
1784087402370,unknown,VM-77,Stage2-1-0,0,0,0,0,0,0,0,0
1784087402371,unknown,VM-78,Stage3-2-0,0,0,0,0,0,0,0,0
1784087403352,unknown,VM-76,Stage2-2-0,0,0,0,0,0,0,0,0
1784087403361,unknown,VM-79,Stage3-3-0,0,0,0,0,0,0,0,0
1784087403363,unknown,VM-75,Stage1-3-0,0,50063,49031,68942,52058,5437142,0,0
1784087403368,unknown,VM-74,Stage1-2-0,0,49830,48843,70692,52505,5388225,0,0
1784087403370,unknown,VM-77,Stage2-1-0,0,0,0,0,0,0,0,0
1784087403371,unknown,VM-78,Stage3-2-0,0,0,0,0,0,0,0,0
1784087403600,unknown,VM-73,Stage1-0-0,0,35837,35100,65506,33222,3887278,0,0
1784087404352,unknown,VM-76,Stage2-2-0,0,0,0,0,0,0,0,0
1784087404354,unknown,VM-73,Stage1-0-0,0,76111,74671,54700,366274,8246183,0,0
1784087404361,unknown,VM-79,Stage3-3-0,0,0,0,0,0,0,0,0
1784087404363,unknown,VM-75,Stage1-3-0,0,49088,48067,82351,44547,5308060,0,0
1784087404368,unknown,VM-74,Stage1-2-0,0,49401,48384,71275,53783,5356877,0,0
1784087404370,unknown,VM-77,Stage2-1-0,0,0,0,0,0,0,0,0
1784087404370,unknown,VM-78,Stage3-2-0,0,0,0,0,0,0,0,0
1784087405352,unknown,VM-76,Stage2-2-0,0,0,0,0,0,0,0,0
1784087405354,unknown,VM-73,Stage1-0-0,0,42035,41165,61648,49956,4554783,0,0
1784087405361,unknown,VM-79,Stage3-3-0,0,0,0,0,0,0,0,0
1784087405363,unknown,VM-75,Stage1-3-0,0,50618,49603,70850,49654,5496378,0,0
1784087405368,unknown,VM-74,Stage1-2-0,0,50109,49099,84306,49377,5438668,0,0
1784087405370,unknown,VM-77,Stage2-1-0,0,0,0,0,0,0,0,0
1784087405371,unknown,VM-78,Stage3-2-0,0,0,0,0,0,0,0,0
1784087406352,unknown,VM-76,Stage2-2-0,0,0,0,0,0,0,0,0
1784087406354,unknown,VM-73,Stage1-0-0,0,61973,60722,83699,66679,6695202,0,0
1784087406361,unknown,VM-79,Stage3-3-0,0,0,0,0,0,0,0,0
1784087406370,unknown,VM-77,Stage2-1-0,0,0,0,0,0,0,0,0
1784087406371,unknown,VM-78,Stage3-2-0,0,0,0,0,0,0,0,0
1784087406564,unknown,VM-75,Stage1-3-0,0,12966,12723,33286,25568,1399753,0,0
1784087406597,unknown,VM-74,Stage1-2-0,0,41391,40546,62900,53480,4488340,0,0
1784087407352,unknown,VM-76,Stage2-2-0,0,0,0,0,0,0,0,0
1784087407354,unknown,VM-73,Stage1-0-0,0,37025,36273,73330,43547,4009343,0,0
1784087407361,unknown,VM-79,Stage3-3-0,0,0,0,0,0,0,0,0
1784087407363,unknown,VM-75,Stage1-3-0,0,79566,77978,90350,369063,8618883,0,0
1784087407368,unknown,VM-74,Stage1-2-0,0,50306,49292,403005,42395,5447572,0,0
1784087407370,unknown,VM-77,Stage2-1-0,0,0,0,0,0,0,0,0
1784087407371,unknown,VM-78,Stage3-2-0,0,0,0,0,0,0,0,0
1784087408352,unknown,VM-76,Stage2-2-0,0,0,0,0,0,0,0,0
1784087408354,unknown,VM-73,Stage1-0-0,0,52605,51592,82046,54377,5692792,0,0
1784087408361,unknown,VM-79,Stage3-3-0,0,0,0,0,0,0,0,0
1784087408363,unknown,VM-75,Stage1-3-0,0,57563,56367,72271,53125,6222926,0,0
1784087408368,unknown,VM-74,Stage1-2-0,0,58422,57292,71703,52210,6330158,0,0
1784087408370,unknown,VM-77,Stage2-1-0,0,0,0,0,0,0,0,0
1784087408371,unknown,VM-78,Stage3-2-0,0,0,0,0,0,0,0,0
1784087409352,unknown,VM-76,Stage2-2-0,0,0,0,0,0,0,0,0
1784087409361,unknown,VM-79,Stage3-3-0,0,0,0,0,0,0,0,0
1784087409363,unknown,VM-75,Stage1-3-0,0,50182,49200,70602,51648,5432756,0,0
1784087409368,unknown,VM-74,Stage1-2-0,0,49957,48972,73592,54198,5397704,0,0
1784087409370,unknown,VM-77,Stage2-1-0,0,0,0,0,0,0,0,0
1784087409371,unknown,VM-78,Stage3-2-0,0,0,0,0,0,0,0,0
1784087410352,unknown,VM-76,Stage2-2-0,0,0,0,0,0,0,0,0
1784087410361,unknown,VM-79,Stage3-3-0,0,0,0,0,0,0,0,0
1784087410363,unknown,VM-75,Stage1-3-0,0,9494,9307,27255,20661,1028469,0,0
1784087410368,unknown,VM-74,Stage1-2-0,0,10129,9921,28102,22267,1100561,0,0
1784087410370,unknown,VM-77,Stage2-1-0,0,0,0,0,0,0,0,0
1784087410371,unknown,VM-78,Stage3-2-0,0,0,0,0,0,0,0,0
1784087411352,unknown,VM-76,Stage2-2-0,0,0,0,0,0,0,0,0
1784087411361,unknown,VM-79,Stage3-3-0,0,0,0,0,0,0,0,0
1784087411363,unknown,VM-75,Stage1-3-0,0,87802,86074,104133,90897,9525041,0,0
1784087411368,unknown,VM-74,Stage1-2-0,0,88197,86499,119649,74852,9527110,0,0
1784087411370,unknown,VM-77,Stage2-1-0,0,0,0,0,0,0,0,0
1784087411371,unknown,VM-78,Stage3-2-0,0,0,0,0,0,0,0,0
1784087412337,unknown,VM-73,Stage1-0-0,0,19897,19509,20200,18034,2166201,0,0
1784087412337,unknown,VM-73,Stage1-0-0,0,0,0,0,0,0,0,0
1784087412337,unknown,VM-73,Stage1-0-0,0,0,0,0,0,0,0,0
1784087412352,unknown,VM-76,Stage2-2-0,0,0,0,0,0,0,0,0
1784087412354,unknown,VM-73,Stage1-0-0,0,0,0,0,0,0,0,0
1784087412361,unknown,VM-79,Stage3-3-0,0,0,0,0,0,0,0,0
1784087412370,unknown,VM-77,Stage2-1-0,0,0,0,0,0,0,0,0
1784087412371,unknown,VM-78,Stage3-2-0,0,0,0,0,0,0,0,0
1784087413352,unknown,VM-76,Stage2-2-0,0,0,0,0,0,0,0,0
1784087413354,unknown,VM-73,Stage1-0-0,0,249813,244672,74870,4017725,27062951,0,0
1784087413361,unknown,VM-79,Stage3-3-0,0,0,0,0,0,0,0,0
1784087413370,unknown,VM-77,Stage2-1-0,0,0,0,0,0,0,0,0
1784087413370,unknown,VM-78,Stage3-2-0,0,0,0,0,0,0,0,0
1784087414352,unknown,VM-76,Stage2-2-0,0,0,0,0,0,0,0,0
1784087414354,unknown,VM-73,Stage1-0-0,0,44726,43799,64993,53595,4857567,0,0
1784087414361,unknown,VM-79,Stage3-3-0,0,0,0,0,0,0,0,0
1784087414370,unknown,VM-77,Stage2-1-0,0,0,0,0,0,0,0,0
1784087414370,unknown,VM-78,Stage3-2-0,0,0,0,0,0,0,0,0
1784087415352,unknown,VM-76,Stage2-2-0,0,0,0,0,0,0,0,0
1784087415354,unknown,VM-73,Stage1-0-0,0,21738,21297,41193,34679,2355570,0,0
1784087415361,unknown,VM-79,Stage3-3-0,0,0,0,0,0,0,0,0
1784087415370,unknown,VM-77,Stage2-1-0,0,0,0,0,0,0,0,0
1784087415370,unknown,VM-78,Stage3-2-0,0,0,0,0,0,0,0,0
1784087416346,unknown,VM-75,Stage1-3-0,0,10721,10488,28465,22278,1161626,0,0
1784087416347,unknown,VM-75,Stage1-3-0,0,0,0,0,0,0,0,0
1784087416347,unknown,VM-75,Stage1-3-0,0,0,0,0,0,0,0,0
1784087416347,unknown,VM-75,Stage1-3-0,0,0,0,0,0,0,0,0
1784087416352,unknown,VM-76,Stage2-2-0,0,0,0,0,0,0,0,0
1784087416354,unknown,VM-73,Stage1-0-0,0,50353,49326,89389,97878,5457388,0,0
1784087416361,unknown,VM-79,Stage3-3-0,0,0,0,0,0,0,0,0
1784087416363,unknown,VM-75,Stage1-3-0,0,9178,8999,283,1857,996766,0,0
1784087416370,unknown,VM-77,Stage2-1-0,0,0,0,0,0,0,0,0
1784087416370,unknown,VM-78,Stage3-2-0,0,0,0,0,0,0,0,0
1784087416444,unknown,VM-74,Stage1-2-0,0,41856,41080,62746,50626,4535441,0,0
1784087416444,unknown,VM-74,Stage1-2-0,0,0,0,0,0,0,0,0
1784087416444,unknown,VM-74,Stage1-2-0,0,0,0,0,0,0,0,0
1784087416444,unknown,VM-74,Stage1-2-0,0,0,0,0,0,0,0,0
1784087416444,unknown,VM-74,Stage1-2-0,0,0,0,0,0,0,0,0
1784087417352,unknown,VM-76,Stage2-2-0,0,0,0,0,0,0,0,0
1784087417354,unknown,VM-73,Stage1-0-0,0,60131,58973,97607,111078,6515912,0,0
1784087417361,unknown,VM-79,Stage3-3-0,0,0,0,0,0,0,0,0
1784087417363,unknown,VM-75,Stage1-3-0,0,274876,269389,136784,109269,29755684,0,0
1784087417368,unknown,VM-74,Stage1-2-0,0,252772,247690,163633,4231456,27331584,0,0
1784087417370,unknown,VM-77,Stage2-1-0,0,0,0,0,0,0,0,0
1784087417370,unknown,VM-78,Stage3-2-0,0,0,0,0,0,0,0,0
1784087418352,unknown,VM-76,Stage2-2-0,0,0,0,0,0,0,0,0
1784087418361,unknown,VM-79,Stage3-3-0,0,0,0,0,0,0,0,0
1784087418363,unknown,VM-75,Stage1-3-0,0,54823,53712,72534,49206,5945086,0,0
1784087418368,unknown,VM-74,Stage1-2-0,0,53757,52697,72581,53459,5822145,0,0
1784087418370,unknown,VM-77,Stage2-1-0,0,0,0,0,0,0,0,0
1784087418370,unknown,VM-78,Stage3-2-0,0,0,0,0,0,0,0,0
1784087419352,unknown,VM-76,Stage2-2-0,0,0,0,0,0,0,0,0
1784087419361,unknown,VM-79,Stage3-3-0,0,0,0,0,0,0,0,0
1784087419363,unknown,VM-75,Stage1-3-0,0,33890,33250,73409,83471,3674788,0,0
1784087419368,unknown,VM-74,Stage1-2-0,0,50327,49303,74943,71339,5443876,0,0
1784087419370,unknown,VM-77,Stage2-1-0,0,0,0,0,0,0,0,0
1784087419370,unknown,VM-78,Stage3-2-0,0,0,0,0,0,0,0,0
1784087419372,unknown,VM-73,Stage1-0-0,0,25661,25140,47353,48622,2779917,0,0
1784087419372,unknown,VM-73,Stage1-0-0,0,0,0,0,0,0,0,0
1784087420352,unknown,VM-76,Stage2-2-0,0,0,0,0,0,0,0,0
1784087420354,unknown,VM-73,Stage1-0-0,0,138058,135273,61072,1138435,14977835,0,0
1784087420361,unknown,VM-79,Stage3-3-0,0,0,0,0,0,0,0,0
1784087420363,unknown,VM-75,Stage1-3-0,0,55129,54057,88255,109054,5959269,0,0
1784087420368,unknown,VM-74,Stage1-2-0,0,41322,40509,78060,88866,4474425,0,0
1784087420370,unknown,VM-77,Stage2-1-0,0,0,0,0,0,0,0,0
1784087420370,unknown,VM-78,Stage3-2-0,0,0,0,0,0,0,0,0
1784087421352,unknown,VM-76,Stage2-2-0,0,0,0,0,0,0,0,0
1784087421354,unknown,VM-73,Stage1-0-0,0,39127,38370,59199,45543,4227790,0,0
1784087421361,unknown,VM-79,Stage3-3-0,0,0,0,0,0,0,0,0
1784087421368,unknown,VM-74,Stage1-2-0,0,47851,46828,82993,94053,5188152,0,0
1784087421370,unknown,VM-77,Stage2-1-0,0,0,0,0,0,0,0,0
1784087421370,unknown,VM-78,Stage3-2-0,0,0,0,0,0,0,0,0
1784087422352,unknown,VM-76,Stage2-2-0,0,0,0,0,0,0,0,0
1784087422354,unknown,VM-73,Stage1-0-0,0,52242,51224,72627,60107,5661569,0,0
1784087422361,unknown,VM-79,Stage3-3-0,0,0,0,0,0,0,0,0
1784087422370,unknown,VM-77,Stage2-1-0,0,0,0,0,0,0,0,0
1784087422370,unknown,VM-78,Stage3-2-0,0,0,0,0,0,0,0,0
1784087422402,unknown,VM-75,Stage1-3-0,0,46726,45824,79998,1135206,5046991,0,0
1784087422402,unknown,VM-75,Stage1-3-0,0,0,0,0,0,0,0,0
1784087423352,unknown,VM-76,Stage2-2-0,0,0,0,0,0,0,0,0
1784087423354,unknown,VM-74,Stage1-2-0,0,35153,34401,68696,75335,3804540,0,0
1784087423354,unknown,VM-73,Stage1-0-0,0,23203,22742,24594,15847,2517180,0,0
1784087423361,unknown,VM-79,Stage3-3-0,0,0,0,0,0,0,0,0
1784087423363,unknown,VM-75,Stage1-3-0,0,94108,92199,52267,40335,10197019,0,0
1784087423367,unknown,VM-74,Stage1-2-0,0,7692,7540,1041,1045038,836406,0,0
1784087423370,unknown,VM-77,Stage2-1-0,0,0,0,0,0,0,0,0
1784087423370,unknown,VM-78,Stage3-2-0,0,0,0,0,0,0,0,0
1784087424352,unknown,VM-76,Stage2-2-0,0,0,0,0,0,0,0,0
1784087424354,unknown,VM-73,Stage1-0-0,0,66220,64886,145146,100892,7175534,0,0
1784087424361,unknown,VM-79,Stage3-3-0,0,0,0,0,0,0,0,0
1784087424363,unknown,VM-75,Stage1-3-0,0,66660,65319,102099,78695,7214976,0,0
1784087424368,unknown,VM-74,Stage1-2-0,0,116662,114397,66359,50323,12633779,0,0
1784087424370,unknown,VM-77,Stage2-1-0,0,0,0,0,0,0,0,0
1784087424370,unknown,VM-78,Stage3-2-0,0,0,0,0,0,0,0,0
1784087425352,unknown,VM-76,Stage2-2-0,0,0,0,0,0,0,0,0
1784087425354,unknown,VM-73,Stage1-0-0,0,52571,51558,72745,54958,5696469,0,0
1784087425361,unknown,VM-79,Stage3-3-0,0,0,0,0,0,0,0,0
1784087425363,unknown,VM-75,Stage1-3-0,0,55306,54213,74104,51224,5992118,0,0
1784087425368,unknown,VM-74,Stage1-2-0,0,55448,54315,72494,51290,6000635,0,0
1784087425370,unknown,VM-77,Stage2-1-0,0,0,0,0,0,0,0,0
1784087425370,unknown,VM-78,Stage3-2-0,0,0,0,0,0,0,0,0
1784087426352,unknown,VM-76,Stage2-2-0,0,0,0,0,0,0,0,0
1784087426354,unknown,VM-73,Stage1-0-0,0,58007,56844,83426,63943,6272243,0,0
1784087426361,unknown,VM-79,Stage3-3-0,0,0,0,0,0,0,0,0
1784087426363,unknown,VM-75,Stage1-3-0,0,49885,48877,74198,52845,5409637,0,0
1784087426368,unknown,VM-74,Stage1-2-0,0,49855,48878,70683,52058,5398729,0,0
1784087426370,unknown,VM-77,Stage2-1-0,0,0,0,0,0,0,0,0
1784087426370,unknown,VM-78,Stage3-2-0,0,0,0,0,0,0,0,0
1784087427352,unknown,VM-76,Stage2-2-0,0,0,0,0,0,0,0,0
1784087427354,unknown,VM-73,Stage1-0-0,0,23255,22767,22952,21919,2512510,0,0
1784087427361,unknown,VM-79,Stage3-3-0,0,0,0,0,0,0,0,0
1784087427363,unknown,VM-75,Stage1-3-0,0,0,0,0,0,0,0,0
1784087427368,unknown,VM-74,Stage1-2-0,0,0,0,0,0,0,0,0
1784087427370,unknown,VM-77,Stage2-1-0,0,0,0,0,0,0,0,0
1784087427370,unknown,VM-78,Stage3-2-0,0,0,0,0,0,0,0,0
1784087428352,unknown,VM-76,Stage2-2-0,0,0,0,0,0,0,0,0
1784087428354,unknown,VM-73,Stage1-0-0,0,0,0,0,0,0,0,0
1784087428361,unknown,VM-79,Stage3-3-0,0,0,0,0,0,0,0,0
1784087428363,unknown,VM-75,Stage1-3-0,0,0,0,0,0,0,0,0
1784087428368,unknown,VM-74,Stage1-2-0,0,0,0,0,0,0,0,0
1784087428370,unknown,VM-77,Stage2-1-0,0,0,0,0,0,0,0,0
1784087428370,unknown,VM-78,Stage3-2-0,0,0,0,0,0,0,0,0
1784087429352,unknown,VM-76,Stage2-2-0,0,0,0,0,0,0,0,0
1784087429354,unknown,VM-73,Stage1-0-0,0,0,0,0,0,0,0,0
1784087429361,unknown,VM-79,Stage3-3-0,0,0,0,0,0,0,0,0
1784087429363,unknown,VM-75,Stage1-3-0,0,0,0,0,0,0,0,0
1784087429368,unknown,VM-74,Stage1-2-0,0,0,0,0,0,0,0,0
1784087429370,unknown,VM-77,Stage2-1-0,0,0,0,0,0,0,0,0
1784087429370,unknown,VM-78,Stage3-2-0,0,0,0,0,0,0,0,0
1784087430352,unknown,VM-76,Stage2-2-0,0,0,0,0,0,0,0,0
1784087430354,unknown,VM-73,Stage1-0-0,0,0,0,0,0,0,0,0
1784087430361,unknown,VM-79,Stage3-3-0,0,0,0,0,0,0,0,0
1784087430363,unknown,VM-75,Stage1-3-0,0,0,0,0,0,0,0,0
1784087430368,unknown,VM-74,Stage1-2-0,0,0,0,0,0,0,0,0
1784087430370,unknown,VM-77,Stage2-1-0,0,0,0,0,0,0,0,0
1784087430370,unknown,VM-78,Stage3-2-0,0,0,0,0,0,0,0,0
1784087431352,unknown,VM-76,Stage2-2-0,0,0,0,0,0,0,0,0
1784087431354,unknown,VM-73,Stage1-0-0,0,0,0,0,0,0,0,0
1784087431361,unknown,VM-79,Stage3-3-0,0,0,0,0,0,0,0,0
1784087431363,unknown,VM-75,Stage1-3-0,0,0,0,0,0,0,0,0
1784087431368,unknown,VM-74,Stage1-2-0,0,0,0,0,0,0,0,0
1784087431370,unknown,VM-77,Stage2-1-0,0,0,0,0,0,0,0,0
1784087431370,unknown,VM-78,Stage3-2-0,0,0,0,0,0,0,0,0
1784087432352,unknown,VM-76,Stage2-2-0,0,0,0,0,0,0,0,0
1784087432355,unknown,VM-73,Stage1-0-0,0,0,0,0,0,0,0,0
1784087432361,unknown,VM-79,Stage3-3-0,0,0,0,0,0,0,0,0
1784087432363,unknown,VM-75,Stage1-3-0,0,0,0,0,0,0,0,0
1784087432368,unknown,VM-74,Stage1-2-0,0,0,0,0,0,0,0,0
1784087432370,unknown,VM-77,Stage2-1-0,0,0,0,0,0,0,0,0
1784087432370,unknown,VM-78,Stage3-2-0,0,0,0,0,0,0,0,0
1784087433352,unknown,VM-76,Stage2-2-0,0,0,0,0,0,0,0,0
1784087433354,unknown,VM-73,Stage1-0-0,0,0,0,0,0,0,0,0
1784087433361,unknown,VM-79,Stage3-3-0,0,0,0,0,0,0,0,0
1784087433363,unknown,VM-75,Stage1-3-0,0,0,0,0,0,0,0,0
1784087433368,unknown,VM-74,Stage1-2-0,0,0,0,0,0,0,0,0
1784087433370,unknown,VM-77,Stage2-1-0,0,0,0,0,0,0,0,0
1784087433370,unknown,VM-78,Stage3-2-0,0,0,0,0,0,0,0,0
1784087434352,unknown,VM-76,Stage2-2-0,0,0,0,0,0,0,0,0
1784087434354,unknown,VM-73,Stage1-0-0,0,0,0,0,0,0,0,0
1784087434361,unknown,VM-79,Stage3-3-0,0,0,0,0,0,0,0,0
1784087434363,unknown,VM-75,Stage1-3-0,0,0,0,0,0,0,0,0
1784087434368,unknown,VM-74,Stage1-2-0,0,0,0,0,0,0,0,0
1784087434370,unknown,VM-77,Stage2-1-0,0,0,0,0,0,0,0,0
1784087434370,unknown,VM-78,Stage3-2-0,0,0,0,0,0,0,0,0
1784087435352,unknown,VM-76,Stage2-2-0,0,0,0,0,0,0,0,0
1784087435354,unknown,VM-73,Stage1-0-0,0,0,0,0,0,0,0,0
1784087435361,unknown,VM-79,Stage3-3-0,0,0,0,0,0,0,0,0
1784087435363,unknown,VM-75,Stage1-3-0,0,0,0,0,0,0,0,0
1784087435368,unknown,VM-74,Stage1-2-0,0,0,0,0,0,0,0,0
1784087435370,unknown,VM-77,Stage2-1-0,0,0,0,0,0,0,0,0
1784087435370,unknown,VM-78,Stage3-2-0,0,0,0,0,0,0,0,0
1784087436352,unknown,VM-76,Stage2-2-0,0,0,0,0,0,0,0,0
1784087436355,unknown,VM-73,Stage1-0-0,0,0,0,0,0,0,0,0
1784087436361,unknown,VM-79,Stage3-3-0,0,0,0,0,0,0,0,0
1784087436363,unknown,VM-75,Stage1-3-0,0,0,0,0,0,0,0,0
1784087436368,unknown,VM-74,Stage1-2-0,0,0,0,0,0,0,0,0
1784087436370,unknown,VM-77,Stage2-1-0,0,0,0,0,0,0,0,0
1784087436370,unknown,VM-78,Stage3-2-0,0,0,0,0,0,0,0,0
1784087437352,unknown,VM-76,Stage2-2-0,0,0,0,0,0,0,0,0
1784087437354,unknown,VM-73,Stage1-0-0,0,0,0,0,0,0,0,0
1784087437361,unknown,VM-79,Stage3-3-0,0,0,0,0,0,0,0,0
1784087437363,unknown,VM-75,Stage1-3-0,0,0,0,0,0,0,0,0
1784087437368,unknown,VM-74,Stage1-2-0,0,0,0,0,0,0,0,0
1784087437370,unknown,VM-77,Stage2-1-0,0,0,0,0,0,0,0,0
1784087437370,unknown,VM-78,Stage3-2-0,0,0,0,0,0,0,0,0
1784087438352,unknown,VM-76,Stage2-2-0,0,0,0,0,0,0,0,0
1784087438354,unknown,VM-73,Stage1-0-0,0,0,0,0,0,0,0,0
1784087438361,unknown,VM-79,Stage3-3-0,0,0,0,0,0,0,0,0
1784087438363,unknown,VM-75,Stage1-3-0,0,0,0,0,0,0,0,0
1784087438368,unknown,VM-74,Stage1-2-0,0,0,0,0,0,0,0,0
1784087438370,unknown,VM-77,Stage2-1-0,0,0,0,0,0,0,0,0
1784087438370,unknown,VM-78,Stage3-2-0,0,0,0,0,0,0,0,0
1784087439352,unknown,VM-76,Stage2-2-0,0,0,0,0,0,0,0,0
1784087439354,unknown,VM-73,Stage1-0-0,0,0,0,0,0,0,0,0
1784087439361,unknown,VM-79,Stage3-3-0,0,0,0,0,0,0,0,0
1784087439363,unknown,VM-75,Stage1-3-0,0,0,0,0,0,0,0,0
1784087439368,unknown,VM-74,Stage1-2-0,0,0,0,0,0,0,0,0
1784087439370,unknown,VM-77,Stage2-1-0,0,0,0,0,0,0,0,0
1784087439370,unknown,VM-78,Stage3-2-0,0,0,0,0,0,0,0,0
1784087440352,unknown,VM-76,Stage2-2-0,0,0,0,0,0,0,0,0
1784087440355,unknown,VM-73,Stage1-0-0,0,0,0,0,0,0,0,0
1784087440361,unknown,VM-79,Stage3-3-0,0,0,0,0,0,0,0,0
1784087440363,unknown,VM-75,Stage1-3-0,0,0,0,0,0,0,0,0
1784087440368,unknown,VM-74,Stage1-2-0,0,0,0,0,0,0,0,0
1784087440370,unknown,VM-77,Stage2-1-0,0,0,0,0,0,0,0,0
1784087440370,unknown,VM-78,Stage3-2-0,0,0,0,0,0,0,0,0
1784087441352,unknown,VM-76,Stage2-2-0,0,0,0,0,0,0,0,0
1784087441354,unknown,VM-73,Stage1-0-0,0,0,0,0,0,0,0,0
1784087441361,unknown,VM-79,Stage3-3-0,0,0,0,0,0,0,0,0
1784087441363,unknown,VM-75,Stage1-3-0,0,0,0,0,0,0,0,0
1784087441368,unknown,VM-74,Stage1-2-0,0,0,0,0,0,0,0,0
1784087441370,unknown,VM-77,Stage2-1-0,0,0,0,0,0,0,0,0
1784087441370,unknown,VM-78,Stage3-2-0,0,0,0,0,0,0,0,0
1784087442352,unknown,VM-76,Stage2-2-0,0,0,0,0,0,0,0,0
1784087442354,unknown,VM-73,Stage1-0-0,0,0,0,0,0,0,0,0
1784087442361,unknown,VM-79,Stage3-3-0,0,0,0,0,0,0,0,0
1784087442363,unknown,VM-75,Stage1-3-0,0,0,0,0,0,0,0,0
1784087442368,unknown,VM-74,Stage1-2-0,0,0,0,0,0,0,0,0
1784087442370,unknown,VM-77,Stage2-1-0,0,0,0,0,0,0,0,0
1784087442370,unknown,VM-78,Stage3-2-0,0,0,0,0,0,0,0,0
1784087443352,unknown,VM-76,Stage2-2-0,0,0,0,0,0,0,0,0
1784087443354,unknown,VM-73,Stage1-0-0,0,0,0,0,0,0,0,0
1784087443361,unknown,VM-79,Stage3-3-0,0,0,0,0,0,0,0,0
1784087443363,unknown,VM-75,Stage1-3-0,0,0,0,0,0,0,0,0
1784087443368,unknown,VM-74,Stage1-2-0,0,0,0,0,0,0,0,0
1784087443370,unknown,VM-77,Stage2-1-0,0,0,0,0,0,0,0,0
1784087443370,unknown,VM-78,Stage3-2-0,0,0,0,0,0,0,0,0
1784087444352,unknown,VM-76,Stage2-2-0,0,0,0,0,0,0,0,0
1784087444354,unknown,VM-73,Stage1-0-0,0,0,0,0,0,0,0,0
1784087444361,unknown,VM-79,Stage3-3-0,0,0,0,0,0,0,0,0
1784087444363,unknown,VM-75,Stage1-3-0,0,0,0,0,0,0,0,0
1784087444368,unknown,VM-74,Stage1-2-0,0,0,0,0,0,0,0,0
1784087444370,unknown,VM-77,Stage2-1-0,0,0,0,0,0,0,0,0
1784087444370,unknown,VM-78,Stage3-2-0,0,0,0,0,0,0,0,0
1784087445352,unknown,VM-76,Stage2-2-0,0,0,0,0,0,0,0,0
1784087445354,unknown,VM-73,Stage1-0-0,0,0,0,0,0,0,0,0
1784087445361,unknown,VM-79,Stage3-3-0,0,0,0,0,0,0,0,0
1784087445363,unknown,VM-75,Stage1-3-0,0,0,0,0,0,0,0,0
1784087445368,unknown,VM-74,Stage1-2-0,0,0,0,0,0,0,0,0
1784087445370,unknown,VM-77,Stage2-1-0,0,0,0,0,0,0,0,0
1784087445370,unknown,VM-78,Stage3-2-0,0,0,0,0,0,0,0,0
1784087446352,unknown,VM-76,Stage2-2-0,0,0,0,0,0,0,0,0
1784087446355,unknown,VM-73,Stage1-0-0,0,0,0,0,0,0,0,0
1784087446361,unknown,VM-79,Stage3-3-0,0,0,0,0,0,0,0,0
1784087446363,unknown,VM-75,Stage1-3-0,0,0,0,0,0,0,0,0
1784087446368,unknown,VM-74,Stage1-2-0,0,0,0,0,0,0,0,0
1784087446370,unknown,VM-77,Stage2-1-0,0,0,0,0,0,0,0,0
1784087446370,unknown,VM-78,Stage3-2-0,0,0,0,0,0,0,0,0
1784087447352,unknown,VM-76,Stage2-2-0,0,0,0,0,0,0,0,0
1784087447354,unknown,VM-73,Stage1-0-0,0,0,0,0,0,0,0,0
1784087447361,unknown,VM-79,Stage3-3-0,0,0,0,0,0,0,0,0
1784087447363,unknown,VM-75,Stage1-3-0,0,0,0,0,0,0,0,0
1784087447368,unknown,VM-74,Stage1-2-0,0,0,0,0,0,0,0,0
1784087447370,unknown,VM-77,Stage2-1-0,0,0,0,0,0,0,0,0
1784087447370,unknown,VM-78,Stage3-2-0,0,0,0,0,0,0,0,0
1784087448352,unknown,VM-76,Stage2-2-0,0,0,0,0,0,0,0,0
1784087448354,unknown,VM-73,Stage1-0-0,0,0,0,0,0,0,0,0
1784087448361,unknown,VM-79,Stage3-3-0,0,0,0,0,0,0,0,0
1784087448363,unknown,VM-75,Stage1-3-0,0,0,0,0,0,0,0,0
1784087448367,unknown,VM-74,Stage1-2-0,0,0,0,0,0,0,0,0
1784087448370,unknown,VM-77,Stage2-1-0,0,0,0,0,0,0,0,0
1784087448370,unknown,VM-78,Stage3-2-0,0,0,0,0,0,0,0,0
1784087449352,unknown,VM-76,Stage2-2-0,0,0,0,0,0,0,0,0
1784087449354,unknown,VM-73,Stage1-0-0,0,0,0,0,0,0,0,0
1784087449361,unknown,VM-79,Stage3-3-0,0,0,0,0,0,0,0,0
1784087449363,unknown,VM-75,Stage1-3-0,0,0,0,0,0,0,0,0
1784087449367,unknown,VM-74,Stage1-2-0,0,0,0,0,0,0,0,0
1784087449370,unknown,VM-77,Stage2-1-0,0,0,0,0,0,0,0,0
1784087449370,unknown,VM-78,Stage3-2-0,0,0,0,0,0,0,0,0
1784087450352,unknown,VM-76,Stage2-2-0,0,0,0,0,0,0,0,0
1784087450355,unknown,VM-73,Stage1-0-0,0,0,0,0,0,0,0,0
1784087450361,unknown,VM-79,Stage3-3-0,0,0,0,0,0,0,0,0
1784087450363,unknown,VM-75,Stage1-3-0,0,0,0,0,0,0,0,0
1784087450367,unknown,VM-74,Stage1-2-0,0,0,0,0,0,0,0,0
1784087450370,unknown,VM-77,Stage2-1-0,0,0,0,0,0,0,0,0
1784087450370,unknown,VM-78,Stage3-2-0,0,0,0,0,0,0,0,0
1784087451352,unknown,VM-76,Stage2-2-0,0,0,0,0,0,0,0,0
1784087451354,unknown,VM-73,Stage1-0-0,0,0,0,0,0,0,0,0
1784087451361,unknown,VM-79,Stage3-3-0,0,0,0,0,0,0,0,0
1784087451363,unknown,VM-75,Stage1-3-0,0,0,0,0,0,0,0,0
1784087451367,unknown,VM-74,Stage1-2-0,0,0,0,0,0,0,0,0
1784087451370,unknown,VM-77,Stage2-1-0,0,0,0,0,0,0,0,0
1784087451370,unknown,VM-78,Stage3-2-0,0,0,0,0,0,0,0,0
1784087452352,unknown,VM-76,Stage2-2-0,0,0,0,0,0,0,0,0
1784087452354,unknown,VM-73,Stage1-0-0,0,0,0,0,0,0,0,0
1784087452361,unknown,VM-79,Stage3-3-0,0,0,0,0,0,0,0,0
1784087452363,unknown,VM-75,Stage1-3-0,0,0,0,0,0,0,0,0
1784087452367,unknown,VM-74,Stage1-2-0,0,0,0,0,0,0,0,0
1784087452370,unknown,VM-77,Stage2-1-0,0,0,0,0,0,0,0,0
1784087452370,unknown,VM-78,Stage3-2-0,0,0,0,0,0,0,0,0
1784087453352,unknown,VM-76,Stage2-2-0,0,0,0,0,0,0,0,0
1784087453354,unknown,VM-73,Stage1-0-0,0,0,0,0,0,0,0,0
1784087453361,unknown,VM-79,Stage3-3-0,0,0,0,0,0,0,0,0
1784087453363,unknown,VM-75,Stage1-3-0,0,0,0,0,0,0,0,0
1784087453367,unknown,VM-74,Stage1-2-0,0,0,0,0,0,0,0,0
1784087453370,unknown,VM-77,Stage2-1-0,0,0,0,0,0,0,0,0
1784087453370,unknown,VM-78,Stage3-2-0,0,0,0,0,0,0,0,0
1784087454352,unknown,VM-76,Stage2-2-0,0,0,0,0,0,0,0,0
1784087454355,unknown,VM-73,Stage1-0-0,0,0,0,0,0,0,0,0
1784087454361,unknown,VM-79,Stage3-3-0,0,0,0,0,0,0,0,0
1784087454363,unknown,VM-75,Stage1-3-0,0,0,0,0,0,0,0,0
1784087454367,unknown,VM-74,Stage1-2-0,0,0,0,0,0,0,0,0
1784087454370,unknown,VM-77,Stage2-1-0,0,0,0,0,0,0,0,0
1784087454370,unknown,VM-78,Stage3-2-0,0,0,0,0,0,0,0,0
1784087455352,unknown,VM-76,Stage2-2-0,0,0,0,0,0,0,0,0
1784087455354,unknown,VM-73,Stage1-0-0,0,0,0,0,0,0,0,0
1784087455361,unknown,VM-79,Stage3-3-0,0,0,0,0,0,0,0,0
1784087455363,unknown,VM-75,Stage1-3-0,0,0,0,0,0,0,0,0
1784087455367,unknown,VM-74,Stage1-2-0,0,0,0,0,0,0,0,0
1784087455370,unknown,VM-77,Stage2-1-0,0,0,0,0,0,0,0,0
1784087455370,unknown,VM-78,Stage3-2-0,0,0,0,0,0,0,0,0
1784087290423,unknown,VM-112,Stage3-1-0,0,103,0,136426,5578,6236,0,0
1784087291417,unknown,VM-111,Stage3-0-0,0,616,0,211142,30651,37095,0,0
1784087291423,unknown,VM-112,Stage3-1-0,0,0,0,0,0,0,0,0
1784087292417,unknown,VM-111,Stage3-0-0,0,0,0,0,0,0,0,0
1784087292423,unknown,VM-112,Stage3-1-0,0,0,0,0,0,0,0,0
1784087293417,unknown,VM-111,Stage3-0-0,0,0,0,0,0,0,0,0
1784087293423,unknown,VM-112,Stage3-1-0,0,0,0,0,0,0,0,0
1784087294410,unknown,VM-110,Stage2-3-0,0,466,0,302706,10591,100540,0,0
1784087294417,unknown,VM-111,Stage3-0-0,0,0,0,0,0,0,0,0
1784087294423,unknown,VM-112,Stage3-1-0,0,0,0,0,0,0,0,0
1784087295410,unknown,VM-110,Stage2-3-0,0,8518,647,451578,41183,732708,0,0
1784087295417,unknown,VM-111,Stage3-0-0,0,0,0,0,0,0,0,0
1784087295416,unknown,VM-116,Stage2-0-0,0,5398,0,709700,37410,630819,0,0
1784087295423,unknown,VM-112,Stage3-1-0,0,0,0,0,0,0,0,0
1784087296410,unknown,VM-110,Stage2-3-0,0,0,0,0,0,0,0,0
1784087296416,unknown,VM-116,Stage2-0-0,0,22996,32,767103,135537,1705487,0,0
1784087296417,unknown,VM-111,Stage3-0-0,0,0,0,0,0,0,0,0
1784087296423,unknown,VM-112,Stage3-1-0,0,0,0,0,0,0,0,0
1784087297410,unknown,VM-110,Stage2-3-0,0,0,0,0,0,0,0,0
1784087297417,unknown,VM-116,Stage2-0-0,0,13062,607,428939,23838,970318,0,0
1784087297417,unknown,VM-111,Stage3-0-0,0,0,0,0,0,0,0,0
1784087297423,unknown,VM-112,Stage3-1-0,0,0,0,0,0,0,0,0
1784087298410,unknown,VM-110,Stage2-3-0,0,0,0,0,0,0,0,0
1784087298416,unknown,VM-116,Stage2-0-0,0,0,0,0,0,0,0,0
1784087298417,unknown,VM-111,Stage3-0-0,0,0,0,0,0,0,0,0
1784087298423,unknown,VM-112,Stage3-1-0,0,0,0,0,0,0,0,0
1784087298405,unknown,VM-115,Stage1-1-0,0,0,0,0,0,0,0,0
1784087299405,unknown,VM-115,Stage1-1-0,0,0,0,0,0,0,0,0
1784087299410,unknown,VM-110,Stage2-3-0,0,0,0,0,0,0,0,0
1784087299417,unknown,VM-111,Stage3-0-0,0,0,0,0,0,0,0,0
1784087299417,unknown,VM-116,Stage2-0-0,0,0,0,0,0,0,0,0
1784087299423,unknown,VM-112,Stage3-1-0,0,0,0,0,0,0,0,0
1784087300405,unknown,VM-115,Stage1-1-0,0,0,0,0,0,0,0,0
1784087300410,unknown,VM-110,Stage2-3-0,0,0,0,0,0,0,0,0
1784087300417,unknown,VM-116,Stage2-0-0,0,0,0,0,0,0,0,0
1784087300417,unknown,VM-111,Stage3-0-0,0,0,0,0,0,0,0,0
1784087300423,unknown,VM-112,Stage3-1-0,0,0,0,0,0,0,0,0
1784087301405,unknown,VM-115,Stage1-1-0,0,0,0,0,0,0,0,0
1784087301410,unknown,VM-110,Stage2-3-0,0,0,0,0,0,0,0,0
1784087301416,unknown,VM-116,Stage2-0-0,0,0,0,0,0,0,0,0
1784087301417,unknown,VM-111,Stage3-0-0,0,0,0,0,0,0,0,0
1784087301423,unknown,VM-112,Stage3-1-0,0,0,0,0,0,0,0,0
1784087302405,unknown,VM-115,Stage1-1-0,0,24057,23646,293744,245638,2612130,0,0
1784087302410,unknown,VM-110,Stage2-3-0,0,0,0,0,0,0,0,0
1784087302417,unknown,VM-116,Stage2-0-0,0,0,0,0,0,0,0,0
1784087302417,unknown,VM-111,Stage3-0-0,0,0,0,0,0,0,0,0
1784087302423,unknown,VM-112,Stage3-1-0,0,0,0,0,0,0,0,0
1784087303405,unknown,VM-115,Stage1-1-0,0,24188,23721,70560,98948,2623390,0,0
1784087303410,unknown,VM-110,Stage2-3-0,0,0,0,0,0,0,0,0
1784087303417,unknown,VM-116,Stage2-0-0,0,0,0,0,0,0,0,0
1784087303417,unknown,VM-111,Stage3-0-0,0,0,0,0,0,0,0,0
1784087303423,unknown,VM-112,Stage3-1-0,0,0,0,0,0,0,0,0
1784087304405,unknown,VM-115,Stage1-1-0,0,5460,5347,29868,76977,590579,0,0
1784087304410,unknown,VM-110,Stage2-3-0,0,0,0,0,0,0,0,0
1784087304417,unknown,VM-116,Stage2-0-0,0,0,0,0,0,0,0,0
1784087304417,unknown,VM-111,Stage3-0-0,0,0,0,0,0,0,0,0
1784087304423,unknown,VM-112,Stage3-1-0,0,0,0,0,0,0,0,0
1784087305405,unknown,VM-115,Stage1-1-0,0,148397,145406,384336,380900,16064819,0,0
1784087305410,unknown,VM-110,Stage2-3-0,0,0,0,0,0,0,0,0
1784087305417,unknown,VM-116,Stage2-0-0,0,0,0,0,0,0,0,0
1784087305417,unknown,VM-111,Stage3-0-0,0,0,0,0,0,0,0,0
1784087305423,unknown,VM-112,Stage3-1-0,0,0,0,0,0,0,0,0
1784087306405,unknown,VM-115,Stage1-1-0,0,263001,257489,97269,490775,28455946,0,0
1784087306410,unknown,VM-110,Stage2-3-0,0,0,0,0,0,0,0,0
1784087306417,unknown,VM-116,Stage2-0-0,0,0,0,0,0,0,0,0
1784087306417,unknown,VM-111,Stage3-0-0,0,0,0,0,0,0,0,0
1784087306423,unknown,VM-112,Stage3-1-0,0,0,0,0,0,0,0,0
1784087307405,unknown,VM-115,Stage1-1-0,0,384948,377439,221421,211612,41756022,0,0
1784087307410,unknown,VM-110,Stage2-3-0,0,0,0,0,0,0,0,0
1784087307417,unknown,VM-111,Stage3-0-0,0,0,0,0,0,0,0,0
1784087307417,unknown,VM-116,Stage2-0-0,0,0,0,0,0,0,0,0
1784087307423,unknown,VM-112,Stage3-1-0,0,0,0,0,0,0,0,0
1784087308405,unknown,VM-115,Stage1-1-0,0,265485,260282,60732,221873,28724238,0,0
1784087308410,unknown,VM-110,Stage2-3-0,0,0,0,0,0,0,0,0
1784087308417,unknown,VM-116,Stage2-0-0,0,0,0,0,0,0,0,0
1784087308417,unknown,VM-111,Stage3-0-0,0,0,0,0,0,0,0,0
1784087308423,unknown,VM-112,Stage3-1-0,0,0,0,0,0,0,0,0
1784087309405,unknown,VM-115,Stage1-1-0,0,70108,68693,82465,252557,7587257,0,0
1784087309410,unknown,VM-110,Stage2-3-0,0,0,0,0,0,0,0,0
1784087309417,unknown,VM-111,Stage3-0-0,0,0,0,0,0,0,0,0
1784087309417,unknown,VM-116,Stage2-0-0,0,0,0,0,0,0,0,0
1784087309423,unknown,VM-112,Stage3-1-0,0,0,0,0,0,0,0,0
1784087310405,unknown,VM-115,Stage1-1-0,0,17206,16872,49430,35595,1872837,0,0
1784087310410,unknown,VM-110,Stage2-3-0,0,0,0,0,0,0,0,0
1784087310416,unknown,VM-116,Stage2-0-0,0,0,0,0,0,0,0,0
1784087310417,unknown,VM-111,Stage3-0-0,0,0,0,0,0,0,0,0
1784087310423,unknown,VM-112,Stage3-1-0,0,0,0,0,0,0,0,0
1784087311410,unknown,VM-110,Stage2-3-0,0,0,0,0,0,0,0,0
1784087311417,unknown,VM-116,Stage2-0-0,0,0,0,0,0,0,0,0
1784087311417,unknown,VM-111,Stage3-0-0,0,0,0,0,0,0,0,0
1784087311423,unknown,VM-112,Stage3-1-0,0,0,0,0,0,0,0,0
1784087311559,unknown,VM-115,Stage1-1-0,0,90804,88922,180144,110508,9831591,0,0
1784087312405,unknown,VM-115,Stage1-1-0,0,51060,50014,77077,222983,5528232,0,0
1784087312410,unknown,VM-110,Stage2-3-0,0,0,0,0,0,0,0,0
1784087312417,unknown,VM-116,Stage2-0-0,0,0,0,0,0,0,0,0
1784087312417,unknown,VM-111,Stage3-0-0,0,0,0,0,0,0,0,0
1784087312423,unknown,VM-112,Stage3-1-0,0,0,0,0,0,0,0,0
1784087313405,unknown,VM-115,Stage1-1-0,0,15560,15260,29279,9963,1687350,0,0
1784087313410,unknown,VM-110,Stage2-3-0,0,0,0,0,0,0,0,0
1784087313417,unknown,VM-116,Stage2-0-0,0,0,0,0,0,0,0,0
1784087313417,unknown,VM-111,Stage3-0-0,0,0,0,0,0,0,0,0
1784087313423,unknown,VM-112,Stage3-1-0,0,0,0,0,0,0,0,0
1784087314405,unknown,VM-115,Stage1-1-0,0,103485,101394,151195,97083,11219692,0,0
1784087314410,unknown,VM-110,Stage2-3-0,0,0,0,0,0,0,0,0
1784087314417,unknown,VM-116,Stage2-0-0,0,0,0,0,0,0,0,0
1784087314417,unknown,VM-111,Stage3-0-0,0,0,0,0,0,0,0,0
1784087314423,unknown,VM-112,Stage3-1-0,0,0,0,0,0,0,0,0
1784087315410,unknown,VM-110,Stage2-3-0,0,0,0,0,0,0,0,0
1784087315417,unknown,VM-111,Stage3-0-0,0,0,0,0,0,0,0,0
1784087315417,unknown,VM-116,Stage2-0-0,0,0,0,0,0,0,0,0
1784087315423,unknown,VM-112,Stage3-1-0,0,0,0,0,0,0,0,0
1784087315488,unknown,VM-115,Stage1-1-0,0,1056,1024,7046,2628,113708,0,0
1784087316405,unknown,VM-115,Stage1-1-0,0,64752,63444,25838,256786,7036461,0,0
1784087316410,unknown,VM-110,Stage2-3-0,0,0,0,0,0,0,0,0
1784087316417,unknown,VM-116,Stage2-0-0,0,0,0,0,0,0,0,0
1784087316417,unknown,VM-111,Stage3-0-0,0,0,0,0,0,0,0,0
1784087316423,unknown,VM-112,Stage3-1-0,0,0,0,0,0,0,0,0
1784087317405,unknown,VM-115,Stage1-1-0,0,100879,98828,150911,75375,10943837,0,0
1784087317410,unknown,VM-110,Stage2-3-0,0,0,0,0,0,0,0,0
1784087317417,unknown,VM-111,Stage3-0-0,0,0,0,0,0,0,0,0
1784087317417,unknown,VM-116,Stage2-0-0,0,0,0,0,0,0,0,0
1784087317423,unknown,VM-112,Stage3-1-0,0,0,0,0,0,0,0,0
1784087318410,unknown,VM-110,Stage2-3-0,0,0,0,0,0,0,0,0
1784087318417,unknown,VM-111,Stage3-0-0,0,0,0,0,0,0,0,0
1784087318417,unknown,VM-116,Stage2-0-0,0,0,0,0,0,0,0,0
1784087318423,unknown,VM-112,Stage3-1-0,0,0,0,0,0,0,0,0
1784087318471,unknown,VM-115,Stage1-1-0,0,5593,5483,37648,9033,605431,0,0
1784087319405,unknown,VM-115,Stage1-1-0,0,69278,67906,255155,31452,7497962,0,0
1784087319410,unknown,VM-110,Stage2-3-0,0,0,0,0,0,0,0,0
1784087319417,unknown,VM-116,Stage2-0-0,0,0,0,0,0,0,0,0
1784087319417,unknown,VM-111,Stage3-0-0,0,0,0,0,0,0,0,0
1784087319423,unknown,VM-112,Stage3-1-0,0,0,0,0,0,0,0,0
1784087320405,unknown,VM-115,Stage1-1-0,0,91016,89215,129787,63158,9843604,0,0
1784087320410,unknown,VM-110,Stage2-3-0,0,0,0,0,0,0,0,0
1784087320417,unknown,VM-116,Stage2-0-0,0,0,0,0,0,0,0,0
1784087320417,unknown,VM-111,Stage3-0-0,0,0,0,0,0,0,0,0
1784087320423,unknown,VM-112,Stage3-1-0,0,0,0,0,0,0,0,0
1784087321410,unknown,VM-110,Stage2-3-0,0,0,0,0,0,0,0,0
1784087321417,unknown,VM-116,Stage2-0-0,0,0,0,0,0,0,0,0
1784087321417,unknown,VM-111,Stage3-0-0,0,0,0,0,0,0,0,0
1784087321423,unknown,VM-112,Stage3-1-0,0,0,0,0,0,0,0,0
1784087321485,unknown,VM-115,Stage1-1-0,0,11275,11066,56685,14486,1215383,0,0
1784087322405,unknown,VM-115,Stage1-1-0,0,76137,74679,63105,233257,8266227,0,0
1784087322410,unknown,VM-110,Stage2-3-0,0,0,0,0,0,0,0,0
1784087322417,unknown,VM-116,Stage2-0-0,0,0,0,0,0,0,0,0
1784087322417,unknown,VM-111,Stage3-0-0,0,0,0,0,0,0,0,0
1784087322423,unknown,VM-112,Stage3-1-0,0,0,0,0,0,0,0,0
1784087323405,unknown,VM-115,Stage1-1-0,0,53254,52175,112885,79348,5757629,0,0
1784087323410,unknown,VM-110,Stage2-3-0,0,0,0,0,0,0,0,0
1784087323417,unknown,VM-116,Stage2-0-0,0,0,0,0,0,0,0,0
1784087323417,unknown,VM-111,Stage3-0-0,0,0,0,0,0,0,0,0
1784087323423,unknown,VM-112,Stage3-1-0,0,0,0,0,0,0,0,0
1784087324410,unknown,VM-110,Stage2-3-0,0,0,0,0,0,0,0,0
1784087324416,unknown,VM-116,Stage2-0-0,0,0,0,0,0,0,0,0
1784087324417,unknown,VM-111,Stage3-0-0,0,0,0,0,0,0,0,0
1784087324423,unknown,VM-112,Stage3-1-0,0,0,0,0,0,0,0,0
1784087324482,unknown,VM-115,Stage1-1-0,0,45138,44237,63211,54831,4878358,0,0
1784087325405,unknown,VM-115,Stage1-1-0,0,93643,91835,82052,240957,10145613,0,0
1784087325410,unknown,VM-110,Stage2-3-0,0,0,0,0,0,0,0,0
1784087325417,unknown,VM-116,Stage2-0-0,0,0,0,0,0,0,0,0
1784087325417,unknown,VM-111,Stage3-0-0,0,0,0,0,0,0,0,0
1784087325423,unknown,VM-112,Stage3-1-0,0,0,0,0,0,0,0,0
1784087326405,unknown,VM-115,Stage1-1-0,0,55692,54556,79169,46408,6029492,0,0
1784087326410,unknown,VM-110,Stage2-3-0,0,0,0,0,0,0,0,0
1784087326416,unknown,VM-116,Stage2-0-0,0,0,0,0,0,0,0,0
1784087326417,unknown,VM-111,Stage3-0-0,0,0,0,0,0,0,0,0
1784087326423,unknown,VM-112,Stage3-1-0,0,0,0,0,0,0,0,0
1784087327410,unknown,VM-110,Stage2-3-0,0,0,0,0,0,0,0,0
1784087327417,unknown,VM-116,Stage2-0-0,0,0,0,0,0,0,0,0
1784087327417,unknown,VM-111,Stage3-0-0,0,0,0,0,0,0,0,0
1784087327423,unknown,VM-112,Stage3-1-0,0,0,0,0,0,0,0,0
1784087327490,unknown,VM-115,Stage1-1-0,0,24251,23746,57830,25253,2620477,0,0
1784087328405,unknown,VM-115,Stage1-1-0,0,95660,93814,275197,44311,10361335,0,0
1784087328410,unknown,VM-110,Stage2-3-0,0,0,0,0,0,0,0,0
1784087328417,unknown,VM-116,Stage2-0-0,0,0,0,0,0,0,0,0
1784087328417,unknown,VM-111,Stage3-0-0,0,0,0,0,0,0,0,0
1784087328423,unknown,VM-112,Stage3-1-0,0,0,0,0,0,0,0,0
1784087329405,unknown,VM-115,Stage1-1-0,0,46598,45695,74112,56638,5052099,0,0
1784087329410,unknown,VM-110,Stage2-3-0,0,0,0,0,0,0,0,0
1784087329416,unknown,VM-116,Stage2-0-0,0,0,0,0,0,0,0,0
1784087329417,unknown,VM-111,Stage3-0-0,0,0,0,0,0,0,0,0
1784087329423,unknown,VM-112,Stage3-1-0,0,0,0,0,0,0,0,0
1784087330410,unknown,VM-110,Stage2-3-0,0,0,0,0,0,0,0,0
1784087330417,unknown,VM-116,Stage2-0-0,0,0,0,0,0,0,0,0
1784087330417,unknown,VM-111,Stage3-0-0,0,0,0,0,0,0,0,0
1784087330423,unknown,VM-112,Stage3-1-0,0,0,0,0,0,0,0,0
1784087330488,unknown,VM-115,Stage1-1-0,0,32312,31673,66236,32208,3503207,0,0
1784087331405,unknown,VM-115,Stage1-1-0,0,80595,79008,79292,230117,8716365,0,0
1784087331410,unknown,VM-110,Stage2-3-0,0,0,0,0,0,0,0,0
1784087331417,unknown,VM-116,Stage2-0-0,0,0,0,0,0,0,0,0
1784087331417,unknown,VM-111,Stage3-0-0,0,0,0,0,0,0,0,0
1784087331423,unknown,VM-112,Stage3-1-0,0,0,0,0,0,0,0,0
1784087332405,unknown,VM-115,Stage1-1-0,0,54384,53275,82865,50202,5872636,0,0
1784087332410,unknown,VM-110,Stage2-3-0,0,0,0,0,0,0,0,0
1784087332417,unknown,VM-116,Stage2-0-0,0,0,0,0,0,0,0,0
1784087332417,unknown,VM-111,Stage3-0-0,0,0,0,0,0,0,0,0
1784087332423,unknown,VM-112,Stage3-1-0,0,0,0,0,0,0,0,0
1784087333410,unknown,VM-110,Stage2-3-0,0,0,0,0,0,0,0,0
1784087333417,unknown,VM-116,Stage2-0-0,0,0,0,0,0,0,0,0
1784087333417,unknown,VM-111,Stage3-0-0,0,0,0,0,0,0,0,0
1784087333423,unknown,VM-112,Stage3-1-0,0,0,0,0,0,0,0,0
1784087333508,unknown,VM-115,Stage1-1-0,0,39203,38419,63726,39305,4252416,0,0
1784087334405,unknown,VM-115,Stage1-1-0,0,82522,80897,78406,228478,8943779,0,0
1784087334410,unknown,VM-110,Stage2-3-0,0,0,0,0,0,0,0,0
1784087334417,unknown,VM-116,Stage2-0-0,0,0,0,0,0,0,0,0
1784087334417,unknown,VM-111,Stage3-0-0,0,0,0,0,0,0,0,0
1784087334423,unknown,VM-112,Stage3-1-0,0,0,0,0,0,0,0,0
1784087335405,unknown,VM-115,Stage1-1-0,0,57460,56314,83929,48392,6238994,0,0
1784087335410,unknown,VM-110,Stage2-3-0,0,0,0,0,0,0,0,0
1784087335417,unknown,VM-111,Stage3-0-0,0,0,0,0,0,0,0,0
1784087335417,unknown,VM-116,Stage2-0-0,0,0,0,0,0,0,0,0
1784087335423,unknown,VM-112,Stage3-1-0,0,0,0,0,0,0,0,0
1784087336410,unknown,VM-110,Stage2-3-0,0,0,0,0,0,0,0,0
1784087336417,unknown,VM-116,Stage2-0-0,0,0,0,0,0,0,0,0
1784087336417,unknown,VM-111,Stage3-0-0,0,0,0,0,0,0,0,0
1784087336423,unknown,VM-112,Stage3-1-0,0,0,0,0,0,0,0,0
1784087336541,unknown,VM-115,Stage1-1-0,0,34255,33589,64704,40675,3714961,0,0
1784087337405,unknown,VM-115,Stage1-1-0,0,73416,71940,270730,42341,7964361,0,0
1784087337410,unknown,VM-110,Stage2-3-0,0,0,0,0,0,0,0,0
1784087337417,unknown,VM-111,Stage3-0-0,0,0,0,0,0,0,0,0
1784087337417,unknown,VM-116,Stage2-0-0,0,0,0,0,0,0,0,0
1784087337423,unknown,VM-112,Stage3-1-0,0,0,0,0,0,0,0,0
1784087338405,unknown,VM-115,Stage1-1-0,0,59309,58083,88894,50323,6431109,0,0
1784087338410,unknown,VM-110,Stage2-3-0,0,0,0,0,0,0,0,0
1784087338417,unknown,VM-111,Stage3-0-0,0,0,0,0,0,0,0,0
1784087338417,unknown,VM-116,Stage2-0-0,0,0,0,0,0,0,0,0
1784087338423,unknown,VM-112,Stage3-1-0,0,0,0,0,0,0,0,0
1784087339410,unknown,VM-110,Stage2-3-0,0,0,0,0,0,0,0,0
1784087339417,unknown,VM-116,Stage2-0-0,0,0,0,0,0,0,0,0
1784087339417,unknown,VM-111,Stage3-0-0,0,0,0,0,0,0,0,0
1784087339423,unknown,VM-112,Stage3-1-0,0,0,0,0,0,0,0,0
1784087339559,unknown,VM-115,Stage1-1-0,0,41481,40665,71632,45652,4483769,0,0
1784087340405,unknown,VM-115,Stage1-1-0,0,77647,76104,265673,50947,8401726,0,0
1784087340410,unknown,VM-110,Stage2-3-0,0,0,0,0,0,0,0,0
1784087340417,unknown,VM-116,Stage2-0-0,0,0,0,0,0,0,0,0
1784087340417,unknown,VM-111,Stage3-0-0,0,0,0,0,0,0,0,0
1784087340423,unknown,VM-112,Stage3-1-0,0,0,0,0,0,0,0,0
1784087341405,unknown,VM-115,Stage1-1-0,0,51993,51011,79551,45470,5626363,0,0
1784087341410,unknown,VM-110,Stage2-3-0,0,0,0,0,0,0,0,0
1784087341417,unknown,VM-116,Stage2-0-0,0,0,0,0,0,0,0,0
1784087341417,unknown,VM-111,Stage3-0-0,0,0,0,0,0,0,0,0
1784087341423,unknown,VM-112,Stage3-1-0,0,0,0,0,0,0,0,0
1784087342410,unknown,VM-110,Stage2-3-0,0,0,0,0,0,0,0,0
1784087342417,unknown,VM-116,Stage2-0-0,0,0,0,0,0,0,0,0
1784087342417,unknown,VM-111,Stage3-0-0,0,0,0,0,0,0,0,0
1784087342423,unknown,VM-112,Stage3-1-0,0,0,0,0,0,0,0,0
1784087342559,unknown,VM-115,Stage1-1-0,0,45091,44163,76068,48038,4888296,0,0
1784087343405,unknown,VM-115,Stage1-1-0,0,70617,69187,80184,225839,7658174,0,0
1784087343410,unknown,VM-110,Stage2-3-0,0,0,0,0,0,0,0,0
1784087343417,unknown,VM-116,Stage2-0-0,0,0,0,0,0,0,0,0
1784087343417,unknown,VM-111,Stage3-0-0,0,0,0,0,0,0,0,0
1784087343423,unknown,VM-112,Stage3-1-0,0,0,0,0,0,0,0,0
1784087344405,unknown,VM-115,Stage1-1-0,0,46347,45385,78889,45775,5014604,0,0
1784087344410,unknown,VM-110,Stage2-3-0,0,0,0,0,0,0,0,0
1784087344417,unknown,VM-116,Stage2-0-0,0,0,0,0,0,0,0,0
1784087344417,unknown,VM-111,Stage3-0-0,0,0,0,0,0,0,0,0
1784087344423,unknown,VM-112,Stage3-1-0,0,0,0,0,0,0,0,0
1784087345410,unknown,VM-110,Stage2-3-0,0,0,0,0,0,0,0,0
1784087345417,unknown,VM-116,Stage2-0-0,0,0,0,0,0,0,0,0
1784087345417,unknown,VM-111,Stage3-0-0,0,0,0,0,0,0,0,0
1784087345423,unknown,VM-112,Stage3-1-0,0,0,0,0,0,0,0,0
1784087345575,unknown,VM-115,Stage1-1-0,0,57494,56379,103598,47866,6233561,0,0
1784087346405,unknown,VM-115,Stage1-1-0,0,66501,65198,82549,223082,7196505,0,0
1784087346410,unknown,VM-110,Stage2-3-0,0,0,0,0,0,0,0,0
1784087346417,unknown,VM-111,Stage3-0-0,0,0,0,0,0,0,0,0
1784087346417,unknown,VM-116,Stage2-0-0,0,0,0,0,0,0,0,0
1784087346423,unknown,VM-112,Stage3-1-0,0,0,0,0,0,0,0,0
1784087347405,unknown,VM-115,Stage1-1-0,0,31425,30807,104675,38235,3392565,0,0
1784087347410,unknown,VM-110,Stage2-3-0,0,0,0,0,0,0,0,0
1784087347417,unknown,VM-111,Stage3-0-0,0,0,0,0,0,0,0,0
1784087347417,unknown,VM-116,Stage2-0-0,0,0,0,0,0,0,0,0
1784087347423,unknown,VM-112,Stage3-1-0,0,0,0,0,0,0,0,0
1784087348405,unknown,VM-115,Stage1-1-0,0,74460,72984,103716,57261,8045575,0,0
1784087348410,unknown,VM-110,Stage2-3-0,0,0,0,0,0,0,0,0
1784087348417,unknown,VM-116,Stage2-0-0,0,0,0,0,0,0,0,0
1784087348417,unknown,VM-111,Stage3-0-0,0,0,0,0,0,0,0,0
1784087348423,unknown,VM-112,Stage3-1-0,0,0,0,0,0,0,0,0
1784087349405,unknown,VM-115,Stage1-1-0,0,60227,58992,80389,221813,6524897,0,0
1784087349410,unknown,VM-110,Stage2-3-0,0,0,0,0,0,0,0,0
1784087349417,unknown,VM-116,Stage2-0-0,0,0,0,0,0,0,0,0
1784087349417,unknown,VM-111,Stage3-0-0,0,0,0,0,0,0,0,0
1784087349423,unknown,VM-112,Stage3-1-0,0,0,0,0,0,0,0,0
1784087350405,unknown,VM-115,Stage1-1-0,0,56400,55259,82969,51438,6120440,0,0
1784087350410,unknown,VM-110,Stage2-3-0,0,0,0,0,0,0,0,0
1784087350417,unknown,VM-116,Stage2-0-0,0,0,0,0,0,0,0,0
1784087350417,unknown,VM-111,Stage3-0-0,0,0,0,0,0,0,0,0
1784087350423,unknown,VM-112,Stage3-1-0,0,0,0,0,0,0,0,0
1784087351405,unknown,VM-115,Stage1-1-0,0,52409,51345,81648,60017,5688823,0,0
1784087351410,unknown,VM-110,Stage2-3-0,0,0,0,0,0,0,0,0
1784087351417,unknown,VM-111,Stage3-0-0,0,0,0,0,0,0,0,0
1784087351417,unknown,VM-116,Stage2-0-0,0,0,0,0,0,0,0,0
1784087351423,unknown,VM-112,Stage3-1-0,0,0,0,0,0,0,0,0
1784087352410,unknown,VM-110,Stage2-3-0,0,0,0,0,0,0,0,0
1784087352417,unknown,VM-111,Stage3-0-0,0,0,0,0,0,0,0,0
1784087352417,unknown,VM-116,Stage2-0-0,0,0,0,0,0,0,0,0
1784087352423,unknown,VM-112,Stage3-1-0,0,0,0,0,0,0,0,0
1784087353410,unknown,VM-110,Stage2-3-0,0,0,0,0,0,0,0,0
1784087353417,unknown,VM-116,Stage2-0-0,0,0,0,0,0,0,0,0
1784087353417,unknown,VM-111,Stage3-0-0,0,0,0,0,0,0,0,0
1784087353423,unknown,VM-112,Stage3-1-0,0,0,0,0,0,0,0,0
1784087353861,unknown,VM-115,Stage1-1-0,0,8237,8088,8111,1427,876601,0,0
1784087353862,unknown,VM-115,Stage1-1-0,0,0,0,0,0,0,0,0
1784087354405,unknown,VM-115,Stage1-1-0,0,169955,166543,2538401,60557,18412272,0,0
1784087354410,unknown,VM-110,Stage2-3-0,0,0,0,0,0,0,0,0
1784087354417,unknown,VM-116,Stage2-0-0,0,0,0,0,0,0,0,0
1784087354417,unknown,VM-111,Stage3-0-0,0,0,0,0,0,0,0,0
1784087354423,unknown,VM-112,Stage3-1-0,0,0,0,0,0,0,0,0
1784087355405,unknown,VM-115,Stage1-1-0,0,47916,46934,85122,46932,5188793,0,0
1784087355410,unknown,VM-110,Stage2-3-0,0,0,0,0,0,0,0,0
1784087355417,unknown,VM-116,Stage2-0-0,0,0,0,0,0,0,0,0
1784087355417,unknown,VM-111,Stage3-0-0,0,0,0,0,0,0,0,0
1784087355423,unknown,VM-112,Stage3-1-0,0,0,0,0,0,0,0,0
1784087356405,unknown,VM-115,Stage1-1-0,0,25333,24803,63568,66943,2736140,0,0
1784087356410,unknown,VM-110,Stage2-3-0,0,0,0,0,0,0,0,0
1784087356417,unknown,VM-111,Stage3-0-0,0,0,0,0,0,0,0,0
1784087356417,unknown,VM-116,Stage2-0-0,0,0,0,0,0,0,0,0
1784087356423,unknown,VM-112,Stage3-1-0,0,0,0,0,0,0,0,0
1784087357410,unknown,VM-110,Stage2-3-0,0,0,0,0,0,0,0,0
1784087357417,unknown,VM-116,Stage2-0-0,0,0,0,0,0,0,0,0
1784087357417,unknown,VM-111,Stage3-0-0,0,0,0,0,0,0,0,0
1784087357423,unknown,VM-112,Stage3-1-0,0,0,0,0,0,0,0,0
1784087357904,unknown,VM-115,Stage1-1-0,0,44601,43694,82201,74501,4837397,0,0
1784087358405,unknown,VM-115,Stage1-1-0,0,95454,93569,663588,48722,10309406,0,0
1784087358410,unknown,VM-110,Stage2-3-0,0,0,0,0,0,0,0,0
1784087358417,unknown,VM-116,Stage2-0-0,0,0,0,0,0,0,0,0
1784087358417,unknown,VM-111,Stage3-0-0,0,0,0,0,0,0,0,0
1784087358423,unknown,VM-112,Stage3-1-0,0,0,0,0,0,0,0,0
1784087359405,unknown,VM-115,Stage1-1-0,0,56431,55304,82702,48389,6111089,0,0
1784087359410,unknown,VM-110,Stage2-3-0,0,0,0,0,0,0,0,0
1784087359417,unknown,VM-116,Stage2-0-0,0,0,0,0,0,0,0,0
1784087359417,unknown,VM-111,Stage3-0-0,0,0,0,0,0,0,0,0
1784087359423,unknown,VM-112,Stage3-1-0,0,0,0,0,0,0,0,0
1784087360405,unknown,VM-115,Stage1-1-0,0,49941,48957,77357,48877,5410710,0,0
1784087360410,unknown,VM-110,Stage2-3-0,0,0,0,0,0,0,0,0
1784087360417,unknown,VM-116,Stage2-0-0,0,0,0,0,0,0,0,0
1784087360417,unknown,VM-111,Stage3-0-0,0,0,0,0,0,0,0,0
1784087360423,unknown,VM-112,Stage3-1-0,0,0,0,0,0,0,0,0
1784087361405,unknown,VM-115,Stage1-1-0,0,58226,57044,88329,46722,6301400,0,0
1784087361410,unknown,VM-110,Stage2-3-0,0,0,0,0,0,0,0,0
1784087361417,unknown,VM-116,Stage2-0-0,0,0,0,0,0,0,0,0
1784087361417,unknown,VM-111,Stage3-0-0,0,0,0,0,0,0,0,0
1784087361423,unknown,VM-112,Stage3-1-0,0,0,0,0,0,0,0,0
1784087362410,unknown,VM-110,Stage2-3-0,0,0,0,0,0,0,0,0
1784087362417,unknown,VM-116,Stage2-0-0,0,0,0,0,0,0,0,0
1784087362417,unknown,VM-111,Stage3-0-0,0,0,0,0,0,0,0,0
1784087362423,unknown,VM-112,Stage3-1-0,0,0,0,0,0,0,0,0
1784087362701,unknown,VM-115,Stage1-1-0,0,33548,32924,69322,42577,3636947,0,0
1784087363405,unknown,VM-115,Stage1-1-0,0,71441,70053,84699,376279,7730956,0,0
1784087363410,unknown,VM-110,Stage2-3-0,0,0,0,0,0,0,0,0
1784087363417,unknown,VM-116,Stage2-0-0,0,0,0,0,0,0,0,0
1784087363417,unknown,VM-111,Stage3-0-0,0,0,0,0,0,0,0,0
1784087363423,unknown,VM-112,Stage3-1-0,0,0,0,0,0,0,0,0
1784087364405,unknown,VM-115,Stage1-1-0,0,53300,52243,83087,46656,5789153,0,0
1784087364410,unknown,VM-110,Stage2-3-0,0,0,0,0,0,0,0,0
1784087364417,unknown,VM-116,Stage2-0-0,0,0,0,0,0,0,0,0
1784087364417,unknown,VM-111,Stage3-0-0,0,0,0,0,0,0,0,0
1784087364423,unknown,VM-112,Stage3-1-0,0,0,0,0,0,0,0,0
1784087365405,unknown,VM-115,Stage1-1-0,0,51247,50200,76919,45594,5536955,0,0
1784087365410,unknown,VM-110,Stage2-3-0,0,0,0,0,0,0,0,0
1784087365417,unknown,VM-116,Stage2-0-0,0,0,0,0,0,0,0,0
1784087365417,unknown,VM-111,Stage3-0-0,0,0,0,0,0,0,0,0
1784087365423,unknown,VM-112,Stage3-1-0,0,0,0,0,0,0,0,0
1784087366405,unknown,VM-115,Stage1-1-0,0,52990,51969,82502,46787,5732776,0,0
1784087366410,unknown,VM-110,Stage2-3-0,0,0,0,0,0,0,0,0
1784087366417,unknown,VM-116,Stage2-0-0,0,0,0,0,0,0,0,0
1784087366417,unknown,VM-111,Stage3-0-0,0,0,0,0,0,0,0,0
1784087366423,unknown,VM-112,Stage3-1-0,0,0,0,0,0,0,0,0
1784087367405,unknown,VM-115,Stage1-1-0,0,16282,15945,39856,24858,1757910,0,0
1784087367410,unknown,VM-110,Stage2-3-0,0,0,0,0,0,0,0,0
1784087367417,unknown,VM-111,Stage3-0-0,0,0,0,0,0,0,0,0
1784087367417,unknown,VM-116,Stage2-0-0,0,0,0,0,0,0,0,0
1784087367423,unknown,VM-112,Stage3-1-0,0,0,0,0,0,0,0,0
1784087368410,unknown,VM-110,Stage2-3-0,0,0,0,0,0,0,0,0
1784087368417,unknown,VM-116,Stage2-0-0,0,0,0,0,0,0,0,0
1784087368417,unknown,VM-111,Stage3-0-0,0,0,0,0,0,0,0,0
1784087368423,unknown,VM-112,Stage3-1-0,0,0,0,0,0,0,0,0
1784087368595,unknown,VM-115,Stage1-1-0,0,50250,49245,75383,48836,5450910,0,0
1784087369405,unknown,VM-115,Stage1-1-0,0,90476,88628,79624,360999,9798827,0,0
1784087369410,unknown,VM-110,Stage2-3-0,0,0,0,0,0,0,0,0
1784087369417,unknown,VM-116,Stage2-0-0,0,0,0,0,0,0,0,0
1784087369417,unknown,VM-111,Stage3-0-0,0,0,0,0,0,0,0,0
1784087369423,unknown,VM-112,Stage3-1-0,0,0,0,0,0,0,0,0
1784087370405,unknown,VM-115,Stage1-1-0,0,8676,8527,26423,15789,942291,0,0
1784087370410,unknown,VM-110,Stage2-3-0,0,0,0,0,0,0,0,0
1784087370417,unknown,VM-116,Stage2-0-0,0,0,0,0,0,0,0,0
1784087370417,unknown,VM-111,Stage3-0-0,0,0,0,0,0,0,0,0
1784087370423,unknown,VM-112,Stage3-1-0,0,0,0,0,0,0,0,0
1784087371405,unknown,VM-115,Stage1-1-0,0,90863,89009,138772,93361,9841310,0,0
1784087371410,unknown,VM-110,Stage2-3-0,0,0,0,0,0,0,0,0
1784087371417,unknown,VM-116,Stage2-0-0,0,0,0,0,0,0,0,0
1784087371417,unknown,VM-111,Stage3-0-0,0,0,0,0,0,0,0,0
1784087371423,unknown,VM-112,Stage3-1-0,0,0,0,0,0,0,0,0
1784087372405,unknown,VM-115,Stage1-1-0,0,53222,52141,76834,46192,5765772,0,0
1784087372410,unknown,VM-110,Stage2-3-0,0,0,0,0,0,0,0,0
1784087372417,unknown,VM-116,Stage2-0-0,0,0,0,0,0,0,0,0
1784087372417,unknown,VM-111,Stage3-0-0,0,0,0,0,0,0,0,0
1784087372423,unknown,VM-112,Stage3-1-0,0,0,0,0,0,0,0,0
1784087373410,unknown,VM-110,Stage2-3-0,0,0,0,0,0,0,0,0
1784087373417,unknown,VM-111,Stage3-0-0,0,0,0,0,0,0,0,0
1784087373417,unknown,VM-116,Stage2-0-0,0,0,0,0,0,0,0,0
1784087373423,unknown,VM-112,Stage3-1-0,0,0,0,0,0,0,0,0
1784087373690,unknown,VM-115,Stage1-1-0,0,52061,50964,79121,46606,5633113,0,0
1784087374405,unknown,VM-115,Stage1-1-0,0,51227,50142,88887,39139,5569275,0,0
1784087374410,unknown,VM-110,Stage2-3-0,0,0,0,0,0,0,0,0
1784087374417,unknown,VM-116,Stage2-0-0,0,0,0,0,0,0,0,0
1784087374417,unknown,VM-111,Stage3-0-0,0,0,0,0,0,0,0,0
1784087374423,unknown,VM-112,Stage3-1-0,0,0,0,0,0,0,0,0
1784087375405,unknown,VM-115,Stage1-1-0,0,50107,49055,73692,46179,5440808,0,0
1784087375410,unknown,VM-110,Stage2-3-0,0,0,0,0,0,0,0,0
1784087375417,unknown,VM-111,Stage3-0-0,0,0,0,0,0,0,0,0
1784087375417,unknown,VM-116,Stage2-0-0,0,0,0,0,0,0,0,0
1784087375423,unknown,VM-112,Stage3-1-0,0,0,0,0,0,0,0,0
1784087376405,unknown,VM-115,Stage1-1-0,0,50245,49272,73742,44256,5445120,0,0
1784087376410,unknown,VM-110,Stage2-3-0,0,0,0,0,0,0,0,0
1784087376417,unknown,VM-111,Stage3-0-0,0,0,0,0,0,0,0,0
1784087376417,unknown,VM-116,Stage2-0-0,0,0,0,0,0,0,0,0
1784087376423,unknown,VM-112,Stage3-1-0,0,0,0,0,0,0,0,0
1784087377405,unknown,VM-115,Stage1-1-0,0,49908,48881,75028,43620,5389538,0,0
1784087377410,unknown,VM-110,Stage2-3-0,0,0,0,0,0,0,0,0
1784087377416,unknown,VM-116,Stage2-0-0,0,0,0,0,0,0,0,0
1784087377417,unknown,VM-111,Stage3-0-0,0,0,0,0,0,0,0,0
1784087377423,unknown,VM-112,Stage3-1-0,0,0,0,0,0,0,0,0
1784087378405,unknown,VM-115,Stage1-1-0,0,49933,48918,77310,50963,5407964,0,0
1784087378410,unknown,VM-110,Stage2-3-0,0,0,0,0,0,0,0,0
1784087378417,unknown,VM-116,Stage2-0-0,0,0,0,0,0,0,0,0
1784087378417,unknown,VM-111,Stage3-0-0,0,0,0,0,0,0,0,0
1784087378423,unknown,VM-112,Stage3-1-0,0,0,0,0,0,0,0,0
1784087379410,unknown,VM-110,Stage2-3-0,0,0,0,0,0,0,0,0
1784087379417,unknown,VM-111,Stage3-0-0,0,0,0,0,0,0,0,0
1784087379417,unknown,VM-116,Stage2-0-0,0,0,0,0,0,0,0,0
1784087379423,unknown,VM-112,Stage3-1-0,0,0,0,0,0,0,0,0
1784087379670,unknown,VM-115,Stage1-1-0,0,45024,44156,71845,43526,4884477,0,0
1784087380405,unknown,VM-115,Stage1-1-0,0,12512,12241,25423,300675,1352884,0,0
1784087380410,unknown,VM-110,Stage2-3-0,0,0,0,0,0,0,0,0
1784087380417,unknown,VM-116,Stage2-0-0,0,0,0,0,0,0,0,0
1784087380417,unknown,VM-111,Stage3-0-0,0,0,0,0,0,0,0,0
1784087380423,unknown,VM-112,Stage3-1-0,0,0,0,0,0,0,0,0
1784087381405,unknown,VM-115,Stage1-1-0,0,86334,84627,126969,79716,9355417,0,0
1784087381410,unknown,VM-110,Stage2-3-0,0,0,0,0,0,0,0,0
1784087381417,unknown,VM-116,Stage2-0-0,0,0,0,0,0,0,0,0
1784087381417,unknown,VM-111,Stage3-0-0,0,0,0,0,0,0,0,0
1784087381423,unknown,VM-112,Stage3-1-0,0,0,0,0,0,0,0,0
1784087382405,unknown,VM-115,Stage1-1-0,0,51047,50010,78626,50193,5526429,0,0
1784087382410,unknown,VM-110,Stage2-3-0,0,0,0,0,0,0,0,0
1784087382417,unknown,VM-116,Stage2-0-0,0,0,0,0,0,0,0,0
1784087382417,unknown,VM-111,Stage3-0-0,0,0,0,0,0,0,0,0
1784087382423,unknown,VM-112,Stage3-1-0,0,0,0,0,0,0,0,0
1784087383405,unknown,VM-115,Stage1-1-0,0,55003,53942,81264,45466,5919510,0,0
1784087383410,unknown,VM-110,Stage2-3-0,0,0,0,0,0,0,0,0
1784087383417,unknown,VM-111,Stage3-0-0,0,0,0,0,0,0,0,0
1784087383417,unknown,VM-116,Stage2-0-0,0,0,0,0,0,0,0,0
1784087383423,unknown,VM-112,Stage3-1-0,0,0,0,0,0,0,0,0
1784087384405,unknown,VM-115,Stage1-1-0,0,49379,48330,73786,44927,5368748,0,0
1784087384410,unknown,VM-110,Stage2-3-0,0,0,0,0,0,0,0,0
1784087384417,unknown,VM-116,Stage2-0-0,0,0,0,0,0,0,0,0
1784087384417,unknown,VM-111,Stage3-0-0,0,0,0,0,0,0,0,0
1784087384423,unknown,VM-112,Stage3-1-0,0,0,0,0,0,0,0,0
1784087385410,unknown,VM-110,Stage2-3-0,0,0,0,0,0,0,0,0
1784087385417,unknown,VM-116,Stage2-0-0,0,0,0,0,0,0,0,0
1784087385417,unknown,VM-111,Stage3-0-0,0,0,0,0,0,0,0,0
1784087385423,unknown,VM-112,Stage3-1-0,0,0,0,0,0,0,0,0
1784087385658,unknown,VM-115,Stage1-1-0,0,42428,41566,65564,44133,4580762,0,0
1784087386405,unknown,VM-115,Stage1-1-0,0,58086,56943,76107,328914,6286208,0,0
1784087386410,unknown,VM-110,Stage2-3-0,0,0,0,0,0,0,0,0
1784087386417,unknown,VM-116,Stage2-0-0,0,0,0,0,0,0,0,0
1784087386417,unknown,VM-111,Stage3-0-0,0,0,0,0,0,0,0,0
1784087386423,unknown,VM-112,Stage3-1-0,0,0,0,0,0,0,0,0
1784087387405,unknown,VM-115,Stage1-1-0,0,50069,49107,78571,45817,5415756,0,0
1784087387410,unknown,VM-110,Stage2-3-0,0,0,0,0,0,0,0,0
1784087387416,unknown,VM-116,Stage2-0-0,0,0,0,0,0,0,0,0
1784087387417,unknown,VM-111,Stage3-0-0,0,0,0,0,0,0,0,0
1784087387423,unknown,VM-112,Stage3-1-0,0,0,0,0,0,0,0,0
1784087388405,unknown,VM-115,Stage1-1-0,0,36396,35638,78320,54534,3945373,0,0
1784087388410,unknown,VM-110,Stage2-3-0,0,0,0,0,0,0,0,0
1784087388417,unknown,VM-116,Stage2-0-0,0,0,0,0,0,0,0,0
1784087388417,unknown,VM-111,Stage3-0-0,0,0,0,0,0,0,0,0
1784087388423,unknown,VM-112,Stage3-1-0,0,0,0,0,0,0,0,0
1784087389405,unknown,VM-115,Stage1-1-0,0,63509,62239,90304,59210,6890029,0,0
1784087389410,unknown,VM-110,Stage2-3-0,0,0,0,0,0,0,0,0
1784087389417,unknown,VM-111,Stage3-0-0,0,0,0,0,0,0,0,0
1784087389417,unknown,VM-116,Stage2-0-0,0,0,0,0,0,0,0,0
1784087389423,unknown,VM-112,Stage3-1-0,0,0,0,0,0,0,0,0
1784087390405,unknown,VM-115,Stage1-1-0,0,14480,14228,39175,22675,1568229,0,0
1784087390410,unknown,VM-110,Stage2-3-0,0,0,0,0,0,0,0,0
1784087390417,unknown,VM-111,Stage3-0-0,0,0,0,0,0,0,0,0
1784087390417,unknown,VM-116,Stage2-0-0,0,0,0,0,0,0,0,0
1784087390423,unknown,VM-112,Stage3-1-0,0,0,0,0,0,0,0,0
1784087391410,unknown,VM-110,Stage2-3-0,0,0,0,0,0,0,0,0
1784087391417,unknown,VM-111,Stage3-0-0,0,0,0,0,0,0,0,0
1784087391417,unknown,VM-116,Stage2-0-0,0,0,0,0,0,0,0,0
1784087391423,unknown,VM-112,Stage3-1-0,0,0,0,0,0,0,0,0
1784087391672,unknown,VM-115,Stage1-1-0,0,74466,73006,107469,72201,8065366,0,0
1784087392405,unknown,VM-115,Stage1-1-0,0,57608,56416,374451,45154,6218879,0,0
1784087392410,unknown,VM-110,Stage2-3-0,0,0,0,0,0,0,0,0
1784087392417,unknown,VM-116,Stage2-0-0,0,0,0,0,0,0,0,0
1784087392417,unknown,VM-111,Stage3-0-0,0,0,0,0,0,0,0,0
1784087392423,unknown,VM-112,Stage3-1-0,0,0,0,0,0,0,0,0
1784087393405,unknown,VM-115,Stage1-1-0,0,53927,52792,79986,47577,5844544,0,0
1784087393410,unknown,VM-110,Stage2-3-0,0,0,0,0,0,0,0,0
1784087393417,unknown,VM-111,Stage3-0-0,0,0,0,0,0,0,0,0
1784087393417,unknown,VM-116,Stage2-0-0,0,0,0,0,0,0,0,0
1784087393423,unknown,VM-112,Stage3-1-0,0,0,0,0,0,0,0,0
1784087394405,unknown,VM-115,Stage1-1-0,0,49962,48947,77993,45444,5428254,0,0
1784087394410,unknown,VM-110,Stage2-3-0,0,0,0,0,0,0,0,0
1784087394417,unknown,VM-111,Stage3-0-0,0,0,0,0,0,0,0,0
1784087394417,unknown,VM-116,Stage2-0-0,0,0,0,0,0,0,0,0
1784087394423,unknown,VM-112,Stage3-1-0,0,0,0,0,0,0,0,0
1784087395405,unknown,VM-115,Stage1-1-0,0,50181,49184,88463,44778,5439161,0,0
1784087395410,unknown,VM-110,Stage2-3-0,0,0,0,0,0,0,0,0
1784087395417,unknown,VM-116,Stage2-0-0,0,0,0,0,0,0,0,0
1784087395417,unknown,VM-111,Stage3-0-0,0,0,0,0,0,0,0,0
1784087395423,unknown,VM-112,Stage3-1-0,0,0,0,0,0,0,0,0
1784087396405,unknown,VM-115,Stage1-1-0,0,49793,48806,79322,43454,5388446,0,0
1784087396410,unknown,VM-110,Stage2-3-0,0,0,0,0,0,0,0,0
1784087396417,unknown,VM-116,Stage2-0-0,0,0,0,0,0,0,0,0
1784087396417,unknown,VM-111,Stage3-0-0,0,0,0,0,0,0,0,0
1784087396423,unknown,VM-112,Stage3-1-0,0,0,0,0,0,0,0,0
1784087397410,unknown,VM-110,Stage2-3-0,0,0,0,0,0,0,0,0
1784087397417,unknown,VM-116,Stage2-0-0,0,0,0,0,0,0,0,0
1784087397417,unknown,VM-111,Stage3-0-0,0,0,0,0,0,0,0,0
1784087397423,unknown,VM-112,Stage3-1-0,0,0,0,0,0,0,0,0
1784087397638,unknown,VM-115,Stage1-1-0,0,34808,34099,63311,44392,3767658,0,0
1784087398405,unknown,VM-115,Stage1-1-0,0,65090,63840,367933,43147,7056868,0,0
1784087398410,unknown,VM-110,Stage2-3-0,0,0,0,0,0,0,0,0
1784087398417,unknown,VM-116,Stage2-0-0,0,0,0,0,0,0,0,0
1784087398417,unknown,VM-111,Stage3-0-0,0,0,0,0,0,0,0,0
1784087398423,unknown,VM-112,Stage3-1-0,0,0,0,0,0,0,0,0
1784087399405,unknown,VM-115,Stage1-1-0,0,50036,49040,75813,46102,5419593,0,0
1784087399410,unknown,VM-110,Stage2-3-0,0,0,0,0,0,0,0,0
1784087399417,unknown,VM-116,Stage2-0-0,0,0,0,0,0,0,0,0
1784087399417,unknown,VM-111,Stage3-0-0,0,0,0,0,0,0,0,0
1784087399423,unknown,VM-112,Stage3-1-0,0,0,0,0,0,0,0,0
1784087400405,unknown,VM-115,Stage1-1-0,0,9427,9235,36287,17116,1025292,0,0
1784087400410,unknown,VM-110,Stage2-3-0,0,0,0,0,0,0,0,0
1784087400417,unknown,VM-116,Stage2-0-0,0,0,0,0,0,0,0,0
1784087400417,unknown,VM-111,Stage3-0-0,0,0,0,0,0,0,0,0
1784087400423,unknown,VM-112,Stage3-1-0,0,0,0,0,0,0,0,0
1784087401405,unknown,VM-115,Stage1-1-0,0,86492,84761,122537,76043,9356830,0,0
1784087401410,unknown,VM-110,Stage2-3-0,0,0,0,0,0,0,0,0
1784087401417,unknown,VM-116,Stage2-0-0,0,0,0,0,0,0,0,0
1784087401417,unknown,VM-111,Stage3-0-0,0,0,0,0,0,0,0,0
1784087401423,unknown,VM-112,Stage3-1-0,0,0,0,0,0,0,0,0
1784087402405,unknown,VM-115,Stage1-1-0,0,48641,47655,89850,40571,5255411,0,0
1784087402410,unknown,VM-110,Stage2-3-0,0,0,0,0,0,0,0,0
1784087402417,unknown,VM-111,Stage3-0-0,0,0,0,0,0,0,0,0
1784087402417,unknown,VM-116,Stage2-0-0,0,0,0,0,0,0,0,0
1784087402423,unknown,VM-112,Stage3-1-0,0,0,0,0,0,0,0,0
1784087403410,unknown,VM-110,Stage2-3-0,0,0,0,0,0,0,0,0
1784087403417,unknown,VM-116,Stage2-0-0,0,0,0,0,0,0,0,0
1784087403417,unknown,VM-111,Stage3-0-0,0,0,0,0,0,0,0,0
1784087403423,unknown,VM-112,Stage3-1-0,0,0,0,0,0,0,0,0
1784087403632,unknown,VM-115,Stage1-1-0,0,37488,36753,81528,42019,4051909,0,0
1784087404405,unknown,VM-115,Stage1-1-0,0,67428,66094,366124,45819,7296802,0,0
1784087404410,unknown,VM-110,Stage2-3-0,0,0,0,0,0,0,0,0
1784087404417,unknown,VM-116,Stage2-0-0,0,0,0,0,0,0,0,0
1784087404417,unknown,VM-111,Stage3-0-0,0,0,0,0,0,0,0,0
1784087404423,unknown,VM-112,Stage3-1-0,0,0,0,0,0,0,0,0
1784087405405,unknown,VM-115,Stage1-1-0,0,50635,49671,76039,46301,5464027,0,0
1784087405410,unknown,VM-110,Stage2-3-0,0,0,0,0,0,0,0,0
1784087405417,unknown,VM-116,Stage2-0-0,0,0,0,0,0,0,0,0
1784087405417,unknown,VM-111,Stage3-0-0,0,0,0,0,0,0,0,0
1784087405423,unknown,VM-112,Stage3-1-0,0,0,0,0,0,0,0,0
1784087406405,unknown,VM-115,Stage1-1-0,0,49672,48690,75173,47537,5376170,0,0
1784087406410,unknown,VM-110,Stage2-3-0,0,0,0,0,0,0,0,0
1784087406417,unknown,VM-116,Stage2-0-0,0,0,0,0,0,0,0,0
1784087406417,unknown,VM-111,Stage3-0-0,0,0,0,0,0,0,0,0
1784087406423,unknown,VM-112,Stage3-1-0,0,0,0,0,0,0,0,0
1784087407405,unknown,VM-115,Stage1-1-0,0,44054,43145,84744,38682,4771611,0,0
1784087407410,unknown,VM-110,Stage2-3-0,0,0,0,0,0,0,0,0
1784087407417,unknown,VM-116,Stage2-0-0,0,0,0,0,0,0,0,0
1784087407417,unknown,VM-111,Stage3-0-0,0,0,0,0,0,0,0,0
1784087407423,unknown,VM-112,Stage3-1-0,0,0,0,0,0,0,0,0
1784087408405,unknown,VM-115,Stage1-1-0,0,55487,54396,83153,49571,6003145,0,0
1784087408410,unknown,VM-110,Stage2-3-0,0,0,0,0,0,0,0,0
1784087408417,unknown,VM-116,Stage2-0-0,0,0,0,0,0,0,0,0
1784087408417,unknown,VM-111,Stage3-0-0,0,0,0,0,0,0,0,0
1784087408423,unknown,VM-112,Stage3-1-0,0,0,0,0,0,0,0,0
1784087409410,unknown,VM-110,Stage2-3-0,0,0,0,0,0,0,0,0
1784087409417,unknown,VM-116,Stage2-0-0,0,0,0,0,0,0,0,0
1784087409417,unknown,VM-111,Stage3-0-0,0,0,0,0,0,0,0,0
1784087409423,unknown,VM-112,Stage3-1-0,0,0,0,0,0,0,0,0
1784087410410,unknown,VM-110,Stage2-3-0,0,0,0,0,0,0,0,0
1784087410417,unknown,VM-116,Stage2-0-0,0,0,0,0,0,0,0,0
1784087410417,unknown,VM-111,Stage3-0-0,0,0,0,0,0,0,0,0
1784087410423,unknown,VM-112,Stage3-1-0,0,0,0,0,0,0,0,0
1784087411410,unknown,VM-110,Stage2-3-0,0,0,0,0,0,0,0,0
1784087411417,unknown,VM-111,Stage3-0-0,0,0,0,0,0,0,0,0
1784087411417,unknown,VM-116,Stage2-0-0,0,0,0,0,0,0,0,0
1784087411423,unknown,VM-112,Stage3-1-0,0,0,0,0,0,0,0,0
1784087412410,unknown,VM-110,Stage2-3-0,0,0,0,0,0,0,0,0
1784087412417,unknown,VM-111,Stage3-0-0,0,0,0,0,0,0,0,0
1784087412417,unknown,VM-116,Stage2-0-0,0,0,0,0,0,0,0,0
1784087412424,unknown,VM-112,Stage3-1-0,0,0,0,0,0,0,0,0
1784087413263,unknown,VM-115,Stage1-1-0,0,29475,28883,57591,40613,3202031,0,0
1784087413263,unknown,VM-115,Stage1-1-0,0,0,0,0,0,0,0,0
1784087413263,unknown,VM-115,Stage1-1-0,0,0,0,0,0,0,0,0
1784087413263,unknown,VM-115,Stage1-1-0,0,0,0,0,0,0,0,0
1784087413405,unknown,VM-115,Stage1-1-0,0,85459,83686,3933437,2992,9248951,0,0
1784087413410,unknown,VM-110,Stage2-3-0,0,0,0,0,0,0,0,0
1784087413416,unknown,VM-116,Stage2-0-0,0,0,0,0,0,0,0,0
1784087413416,unknown,VM-111,Stage3-0-0,0,0,0,0,0,0,0,0
1784087413423,unknown,VM-112,Stage3-1-0,0,0,0,0,0,0,0,0
1784087414405,unknown,VM-115,Stage1-1-0,0,175202,171725,166978,101584,18977252,0,0
1784087414410,unknown,VM-110,Stage2-3-0,0,0,0,0,0,0,0,0
1784087414416,unknown,VM-116,Stage2-0-0,0,0,0,0,0,0,0,0
1784087414417,unknown,VM-111,Stage3-0-0,0,0,0,0,0,0,0,0
1784087414423,unknown,VM-112,Stage3-1-0,0,0,0,0,0,0,0,0
1784087415405,unknown,VM-115,Stage1-1-0,0,43996,43142,72408,48238,4766043,0,0
1784087415410,unknown,VM-110,Stage2-3-0,0,0,0,0,0,0,0,0
1784087415416,unknown,VM-116,Stage2-0-0,0,0,0,0,0,0,0,0
1784087415416,unknown,VM-111,Stage3-0-0,0,0,0,0,0,0,0,0
1784087415423,unknown,VM-112,Stage3-1-0,0,0,0,0,0,0,0,0
1784087416405,unknown,VM-115,Stage1-1-0,0,54159,53119,97132,67843,5872098,0,0
1784087416410,unknown,VM-110,Stage2-3-0,0,0,0,0,0,0,0,0
1784087416416,unknown,VM-116,Stage2-0-0,0,0,0,0,0,0,0,0
1784087416417,unknown,VM-111,Stage3-0-0,0,0,0,0,0,0,0,0
1784087416423,unknown,VM-112,Stage3-1-0,0,0,0,0,0,0,0,0
1784087417405,unknown,VM-115,Stage1-1-0,0,47738,46723,96546,102668,5164967,0,0
1784087417410,unknown,VM-110,Stage2-3-0,0,0,0,0,0,0,0,0
1784087417416,unknown,VM-116,Stage2-0-0,0,0,0,0,0,0,0,0
1784087417416,unknown,VM-111,Stage3-0-0,0,0,0,0,0,0,0,0
1784087417423,unknown,VM-112,Stage3-1-0,0,0,0,0,0,0,0,0
1784087418405,unknown,VM-115,Stage1-1-0,0,37689,36961,78110,79555,4074964,0,0
1784087418410,unknown,VM-110,Stage2-3-0,0,0,0,0,0,0,0,0
1784087418417,unknown,VM-111,Stage3-0-0,0,0,0,0,0,0,0,0
1784087418417,unknown,VM-116,Stage2-0-0,0,0,0,0,0,0,0,0
1784087418423,unknown,VM-112,Stage3-1-0,0,0,0,0,0,0,0,0
1784087419410,unknown,VM-110,Stage2-3-0,0,0,0,0,0,0,0,0
1784087419416,unknown,VM-111,Stage3-0-0,0,0,0,0,0,0,0,0
1784087419416,unknown,VM-116,Stage2-0-0,0,0,0,0,0,0,0,0
1784087419423,unknown,VM-112,Stage3-1-0,0,0,0,0,0,0,0,0
1784087420320,unknown,VM-115,Stage1-1-0,0,28274,27701,49520,46589,3063178,0,0
1784087420405,unknown,VM-115,Stage1-1-0,0,27233,26697,1093846,1341,2947688,0,0
1784087420410,unknown,VM-110,Stage2-3-0,0,0,0,0,0,0,0,0
1784087420416,unknown,VM-111,Stage3-0-0,0,0,0,0,0,0,0,0
1784087420416,unknown,VM-116,Stage2-0-0,0,0,0,0,0,0,0,0
1784087420423,unknown,VM-112,Stage3-1-0,0,0,0,0,0,0,0,0
1784087421405,unknown,VM-115,Stage1-1-0,0,120762,118278,75066,47145,13075852,0,0
1784087421410,unknown,VM-110,Stage2-3-0,0,0,0,0,0,0,0,0
1784087421416,unknown,VM-111,Stage3-0-0,0,0,0,0,0,0,0,0
1784087421416,unknown,VM-116,Stage2-0-0,0,0,0,0,0,0,0,0
1784087421423,unknown,VM-112,Stage3-1-0,0,0,0,0,0,0,0,0
1784087422405,unknown,VM-115,Stage1-1-0,0,49748,48797,77344,48603,5388680,0,0
1784087422409,unknown,VM-110,Stage2-3-0,0,0,0,0,0,0,0,0
1784087422416,unknown,VM-116,Stage2-0-0,0,0,0,0,0,0,0,0
1784087422417,unknown,VM-111,Stage3-0-0,0,0,0,0,0,0,0,0
1784087422423,unknown,VM-112,Stage3-1-0,0,0,0,0,0,0,0,0
1784087423405,unknown,VM-115,Stage1-1-0,0,6733,6593,22485,14972,726244,0,0
1784087423410,unknown,VM-110,Stage2-3-0,0,0,0,0,0,0,0,0
1784087423416,unknown,VM-111,Stage3-0-0,0,0,0,0,0,0,0,0
1784087423416,unknown,VM-116,Stage2-0-0,0,0,0,0,0,0,0,0
1784087423423,unknown,VM-112,Stage3-1-0,0,0,0,0,0,0,0,0
1784087424405,unknown,VM-115,Stage1-1-0,0,87801,86020,106400,61743,9496959,0,0
1784087424410,unknown,VM-110,Stage2-3-0,0,0,0,0,0,0,0,0
1784087424416,unknown,VM-116,Stage2-0-0,0,0,0,0,0,0,0,0
1784087424417,unknown,VM-111,Stage3-0-0,0,0,0,0,0,0,0,0
1784087424423,unknown,VM-112,Stage3-1-0,0,0,0,0,0,0,0,0
1784087425405,unknown,VM-115,Stage1-1-0,0,53875,52788,77743,48171,5829238,0,0
1784087425410,unknown,VM-110,Stage2-3-0,0,0,0,0,0,0,0,0
1784087425416,unknown,VM-116,Stage2-0-0,0,0,0,0,0,0,0,0
1784087425416,unknown,VM-111,Stage3-0-0,0,0,0,0,0,0,0,0
1784087425423,unknown,VM-112,Stage3-1-0,0,0,0,0,0,0,0,0
1784087426405,unknown,VM-115,Stage1-1-0,0,51718,50696,88548,48364,5606715,0,0
1784087426410,unknown,VM-110,Stage2-3-0,0,0,0,0,0,0,0,0
1784087426416,unknown,VM-116,Stage2-0-0,0,0,0,0,0,0,0,0
1784087426416,unknown,VM-111,Stage3-0-0,0,0,0,0,0,0,0,0
1784087426423,unknown,VM-112,Stage3-1-0,0,0,0,0,0,0,0,0
1784087427405,unknown,VM-115,Stage1-1-0,0,0,0,0,0,0,0,0
1784087427410,unknown,VM-110,Stage2-3-0,0,0,0,0,0,0,0,0
1784087427416,unknown,VM-116,Stage2-0-0,0,0,0,0,0,0,0,0
1784087427416,unknown,VM-111,Stage3-0-0,0,0,0,0,0,0,0,0
1784087427423,unknown,VM-112,Stage3-1-0,0,0,0,0,0,0,0,0
1784087428405,unknown,VM-115,Stage1-1-0,0,0,0,0,0,0,0,0
1784087428410,unknown,VM-110,Stage2-3-0,0,0,0,0,0,0,0,0
1784087428416,unknown,VM-116,Stage2-0-0,0,0,0,0,0,0,0,0
1784087428416,unknown,VM-111,Stage3-0-0,0,0,0,0,0,0,0,0
1784087428423,unknown,VM-112,Stage3-1-0,0,0,0,0,0,0,0,0
1784087429405,unknown,VM-115,Stage1-1-0,0,0,0,0,0,0,0,0
1784087429410,unknown,VM-110,Stage2-3-0,0,0,0,0,0,0,0,0
1784087429416,unknown,VM-116,Stage2-0-0,0,0,0,0,0,0,0,0
1784087429416,unknown,VM-111,Stage3-0-0,0,0,0,0,0,0,0,0
1784087429423,unknown,VM-112,Stage3-1-0,0,0,0,0,0,0,0,0
1784087430405,unknown,VM-115,Stage1-1-0,0,0,0,0,0,0,0,0
1784087430410,unknown,VM-110,Stage2-3-0,0,0,0,0,0,0,0,0
1784087430416,unknown,VM-116,Stage2-0-0,0,0,0,0,0,0,0,0
1784087430416,unknown,VM-111,Stage3-0-0,0,0,0,0,0,0,0,0
1784087430423,unknown,VM-112,Stage3-1-0,0,0,0,0,0,0,0,0
1784087431405,unknown,VM-115,Stage1-1-0,0,0,0,0,0,0,0,0
1784087431410,unknown,VM-110,Stage2-3-0,0,0,0,0,0,0,0,0
1784087431416,unknown,VM-116,Stage2-0-0,0,0,0,0,0,0,0,0
1784087431416,unknown,VM-111,Stage3-0-0,0,0,0,0,0,0,0,0
1784087431423,unknown,VM-112,Stage3-1-0,0,0,0,0,0,0,0,0
1784087432405,unknown,VM-115,Stage1-1-0,0,0,0,0,0,0,0,0
1784087432410,unknown,VM-110,Stage2-3-0,0,0,0,0,0,0,0,0
1784087432416,unknown,VM-116,Stage2-0-0,0,0,0,0,0,0,0,0
1784087432416,unknown,VM-111,Stage3-0-0,0,0,0,0,0,0,0,0
1784087432423,unknown,VM-112,Stage3-1-0,0,0,0,0,0,0,0,0
1784087433405,unknown,VM-115,Stage1-1-0,0,0,0,0,0,0,0,0
1784087433410,unknown,VM-110,Stage2-3-0,0,0,0,0,0,0,0,0
1784087433416,unknown,VM-116,Stage2-0-0,0,0,0,0,0,0,0,0
1784087433416,unknown,VM-111,Stage3-0-0,0,0,0,0,0,0,0,0
1784087433423,unknown,VM-112,Stage3-1-0,0,0,0,0,0,0,0,0
1784087434405,unknown,VM-115,Stage1-1-0,0,0,0,0,0,0,0,0
1784087434410,unknown,VM-110,Stage2-3-0,0,0,0,0,0,0,0,0
1784087434416,unknown,VM-116,Stage2-0-0,0,0,0,0,0,0,0,0
1784087434417,unknown,VM-111,Stage3-0-0,0,0,0,0,0,0,0,0
1784087434423,unknown,VM-112,Stage3-1-0,0,0,0,0,0,0,0,0
1784087435405,unknown,VM-115,Stage1-1-0,0,0,0,0,0,0,0,0
1784087435410,unknown,VM-110,Stage2-3-0,0,0,0,0,0,0,0,0
1784087435416,unknown,VM-116,Stage2-0-0,0,0,0,0,0,0,0,0
1784087435416,unknown,VM-111,Stage3-0-0,0,0,0,0,0,0,0,0
1784087435423,unknown,VM-112,Stage3-1-0,0,0,0,0,0,0,0,0
1784087436405,unknown,VM-115,Stage1-1-0,0,0,0,0,0,0,0,0
1784087436410,unknown,VM-110,Stage2-3-0,0,0,0,0,0,0,0,0
1784087436416,unknown,VM-111,Stage3-0-0,0,0,0,0,0,0,0,0
1784087436416,unknown,VM-116,Stage2-0-0,0,0,0,0,0,0,0,0
1784087436423,unknown,VM-112,Stage3-1-0,0,0,0,0,0,0,0,0
1784087437405,unknown,VM-115,Stage1-1-0,0,0,0,0,0,0,0,0
1784087437410,unknown,VM-110,Stage2-3-0,0,0,0,0,0,0,0,0
1784087437416,unknown,VM-116,Stage2-0-0,0,0,0,0,0,0,0,0
1784087437416,unknown,VM-111,Stage3-0-0,0,0,0,0,0,0,0,0
1784087437423,unknown,VM-112,Stage3-1-0,0,0,0,0,0,0,0,0
1784087438405,unknown,VM-115,Stage1-1-0,0,0,0,0,0,0,0,0
1784087438410,unknown,VM-110,Stage2-3-0,0,0,0,0,0,0,0,0
1784087438416,unknown,VM-116,Stage2-0-0,0,0,0,0,0,0,0,0
1784087438416,unknown,VM-111,Stage3-0-0,0,0,0,0,0,0,0,0
1784087438423,unknown,VM-112,Stage3-1-0,0,0,0,0,0,0,0,0
1784087439405,unknown,VM-115,Stage1-1-0,0,0,0,0,0,0,0,0
1784087439410,unknown,VM-110,Stage2-3-0,0,0,0,0,0,0,0,0
1784087439416,unknown,VM-111,Stage3-0-0,0,0,0,0,0,0,0,0
1784087439417,unknown,VM-116,Stage2-0-0,0,0,0,0,0,0,0,0
1784087439423,unknown,VM-112,Stage3-1-0,0,0,0,0,0,0,0,0
1784087440405,unknown,VM-115,Stage1-1-0,0,0,0,0,0,0,0,0
1784087440410,unknown,VM-110,Stage2-3-0,0,0,0,0,0,0,0,0
1784087440417,unknown,VM-111,Stage3-0-0,0,0,0,0,0,0,0,0
1784087440417,unknown,VM-116,Stage2-0-0,0,0,0,0,0,0,0,0
1784087440423,unknown,VM-112,Stage3-1-0,0,0,0,0,0,0,0,0
1784087441405,unknown,VM-115,Stage1-1-0,0,0,0,0,0,0,0,0
1784087441410,unknown,VM-110,Stage2-3-0,0,0,0,0,0,0,0,0
1784087441416,unknown,VM-111,Stage3-0-0,0,0,0,0,0,0,0,0
1784087441416,unknown,VM-116,Stage2-0-0,0,0,0,0,0,0,0,0
1784087441423,unknown,VM-112,Stage3-1-0,0,0,0,0,0,0,0,0
1784087442405,unknown,VM-115,Stage1-1-0,0,0,0,0,0,0,0,0
1784087442410,unknown,VM-110,Stage2-3-0,0,0,0,0,0,0,0,0
1784087442416,unknown,VM-116,Stage2-0-0,0,0,0,0,0,0,0,0
1784087442416,unknown,VM-111,Stage3-0-0,0,0,0,0,0,0,0,0
1784087442423,unknown,VM-112,Stage3-1-0,0,0,0,0,0,0,0,0
1784087443405,unknown,VM-115,Stage1-1-0,0,0,0,0,0,0,0,0
1784087443410,unknown,VM-110,Stage2-3-0,0,0,0,0,0,0,0,0
1784087443416,unknown,VM-116,Stage2-0-0,0,0,0,0,0,0,0,0
1784087443416,unknown,VM-111,Stage3-0-0,0,0,0,0,0,0,0,0
1784087443423,unknown,VM-112,Stage3-1-0,0,0,0,0,0,0,0,0
1784087444405,unknown,VM-115,Stage1-1-0,0,0,0,0,0,0,0,0
1784087444410,unknown,VM-110,Stage2-3-0,0,0,0,0,0,0,0,0
1784087444416,unknown,VM-116,Stage2-0-0,0,0,0,0,0,0,0,0
1784087444416,unknown,VM-111,Stage3-0-0,0,0,0,0,0,0,0,0
1784087444423,unknown,VM-112,Stage3-1-0,0,0,0,0,0,0,0,0
1784087445405,unknown,VM-115,Stage1-1-0,0,0,0,0,0,0,0,0
1784087445410,unknown,VM-110,Stage2-3-0,0,0,0,0,0,0,0,0
1784087445416,unknown,VM-116,Stage2-0-0,0,0,0,0,0,0,0,0
1784087445416,unknown,VM-111,Stage3-0-0,0,0,0,0,0,0,0,0
1784087445423,unknown,VM-112,Stage3-1-0,0,0,0,0,0,0,0,0
1784087446405,unknown,VM-115,Stage1-1-0,0,0,0,0,0,0,0,0
1784087446410,unknown,VM-110,Stage2-3-0,0,0,0,0,0,0,0,0
1784087446416,unknown,VM-116,Stage2-0-0,0,0,0,0,0,0,0,0
1784087446416,unknown,VM-111,Stage3-0-0,0,0,0,0,0,0,0,0
1784087446423,unknown,VM-112,Stage3-1-0,0,0,0,0,0,0,0,0
1784087447405,unknown,VM-115,Stage1-1-0,0,0,0,0,0,0,0,0
1784087447410,unknown,VM-110,Stage2-3-0,0,0,0,0,0,0,0,0
1784087447416,unknown,VM-116,Stage2-0-0,0,0,0,0,0,0,0,0
1784087447416,unknown,VM-111,Stage3-0-0,0,0,0,0,0,0,0,0
1784087447423,unknown,VM-112,Stage3-1-0,0,0,0,0,0,0,0,0
1784087448405,unknown,VM-115,Stage1-1-0,0,0,0,0,0,0,0,0
1784087448410,unknown,VM-110,Stage2-3-0,0,0,0,0,0,0,0,0
1784087448416,unknown,VM-111,Stage3-0-0,0,0,0,0,0,0,0,0
1784087448416,unknown,VM-116,Stage2-0-0,0,0,0,0,0,0,0,0
1784087448423,unknown,VM-112,Stage3-1-0,0,0,0,0,0,0,0,0
1784087449405,unknown,VM-115,Stage1-1-0,0,0,0,0,0,0,0,0
1784087449410,unknown,VM-110,Stage2-3-0,0,0,0,0,0,0,0,0
1784087449416,unknown,VM-111,Stage3-0-0,0,0,0,0,0,0,0,0
1784087449417,unknown,VM-116,Stage2-0-0,0,0,0,0,0,0,0,0
1784087449423,unknown,VM-112,Stage3-1-0,0,0,0,0,0,0,0,0
1784087450405,unknown,VM-115,Stage1-1-0,0,0,0,0,0,0,0,0
1784087450410,unknown,VM-110,Stage2-3-0,0,0,0,0,0,0,0,0
1784087450416,unknown,VM-116,Stage2-0-0,0,0,0,0,0,0,0,0
1784087450416,unknown,VM-111,Stage3-0-0,0,0,0,0,0,0,0,0
1784087450423,unknown,VM-112,Stage3-1-0,0,0,0,0,0,0,0,0
1784087451405,unknown,VM-115,Stage1-1-0,0,0,0,0,0,0,0,0
1784087451410,unknown,VM-110,Stage2-3-0,0,0,0,0,0,0,0,0
1784087451416,unknown,VM-116,Stage2-0-0,0,0,0,0,0,0,0,0
1784087451416,unknown,VM-111,Stage3-0-0,0,0,0,0,0,0,0,0
1784087451423,unknown,VM-112,Stage3-1-0,0,0,0,0,0,0,0,0
1784087452405,unknown,VM-115,Stage1-1-0,0,0,0,0,0,0,0,0
1784087452410,unknown,VM-110,Stage2-3-0,0,0,0,0,0,0,0,0
1784087452416,unknown,VM-116,Stage2-0-0,0,0,0,0,0,0,0,0
1784087452416,unknown,VM-111,Stage3-0-0,0,0,0,0,0,0,0,0
1784087452423,unknown,VM-112,Stage3-1-0,0,0,0,0,0,0,0,0
1784087453405,unknown,VM-115,Stage1-1-0,0,0,0,0,0,0,0,0
1784087453410,unknown,VM-110,Stage2-3-0,0,0,0,0,0,0,0,0
1784087453416,unknown,VM-116,Stage2-0-0,0,0,0,0,0,0,0,0
1784087453417,unknown,VM-111,Stage3-0-0,0,0,0,0,0,0,0,0
1784087453423,unknown,VM-112,Stage3-1-0,0,0,0,0,0,0,0,0
1784087454405,unknown,VM-115,Stage1-1-0,0,0,0,0,0,0,0,0
1784087454410,unknown,VM-110,Stage2-3-0,0,0,0,0,0,0,0,0
1784087454416,unknown,VM-116,Stage2-0-0,0,0,0,0,0,0,0,0
1784087454417,unknown,VM-111,Stage3-0-0,0,0,0,0,0,0,0,0
1784087454423,unknown,VM-112,Stage3-1-0,0,0,0,0,0,0,0,0
1784087455405,unknown,VM-115,Stage1-1-0,0,0,0,0,0,0,0,0
1784087455410,unknown,VM-110,Stage2-3-0,0,0,0,0,0,0,0,0
1784087455416,unknown,VM-116,Stage2-0-0,0,0,0,0,0,0,0,0
1784087455417,unknown,VM-111,Stage3-0-0,0,0,0,0,0,0,0,0
1784087455423,unknown,VM-112,Stage3-1-0,0,0,0,0,0,0,0,0
