timestamp,jobId,taskId,idleTimeNs,kafkaQueueTimeNs,kafkaQueueTimeAvgNs,kafkaQueueTimeMaxNs,kafkaQueueSamples,inputRate,recordsRead
1786657983248,unknown,Stage0-4-0,0,-1,-1,0,0,0.01,1
1786657983248,unknown,Stage0-0-0,0,-1,-1,0,0,0.01,1
1786657984187,unknown,Stage0-6-0,0,-1,-1,0,0,0.01,1
1786657984188,unknown,Stage0-2-0,0,-1,-1,0,0,0.01,1
1786657984216,unknown,Stage0-1-0,0,-1,-1,0,0,0.01,1
1786657984216,unknown,Stage0-5-0,0,-1,-1,0,0,0.01,1
1786657984248,unknown,Stage0-4-0,0,-1,264000000,325000000,24,24783.00,24784
1786657984248,unknown,Stage0-0-0,0,-1,118000000,200000000,2,2036.00,2037
1786657984262,unknown,Stage0-7-0,0,-1,-1,0,0,0.01,1
1786657984279,unknown,Stage0-3-0,0,-1,-1,0,0,0.01,1
1786657985187,unknown,Stage0-6-0,0,-1,125956521,191000000,23,23478.00,23479
1786657985188,unknown,Stage0-2-0,0,-1,62000000,62000000,1,1559.00,1560
1786657985216,unknown,Stage0-5-0,0,-1,122086956,183000000,23,23620.00,23621
1786657985216,unknown,Stage0-1-0,0,-1,67000000,67000000,1,1578.00,1579
1786657985248,unknown,Stage0-0-0,0,-1,75000000,75000000,1,1760.00,3797
1786657985248,unknown,Stage0-4-0,0,-1,112000000,179000000,24,23985.00,48769
1786657985262,unknown,Stage0-7-0,0,-1,106521739,171000000,23,23469.00,23470
1786657985279,unknown,Stage0-3-0,0,-1,42000000,42000000,1,1984.00,1985
1786657986187,unknown,Stage0-6-0,0,-1,69782608,103000000,23,23460.00,46939
1786657986188,unknown,Stage0-2-0,0,-1,28000000,40000000,2,1503.00,3063
1786657986216,unknown,Stage0-1-0,0,-1,30500000,43000000,2,1495.00,3074
1786657986216,unknown,Stage0-5-0,0,-1,69833333,109000000,24,23432.00,47053
1786657986248,unknown,Stage0-0-0,0,-1,31000000,42000000,2,1648.00,5445
1786657986248,unknown,Stage0-4-0,0,-1,81250000,118000000,24,23559.00,72328
1786657986263,unknown,Stage0-7-0,0,-1,79869565,143000000,23,23445.55,46939
1786657986279,unknown,Stage0-3-0,0,-1,29000000,40000000,2,1578.00,3563
1786657987187,unknown,Stage0-6-0,0,-1,69083333,110000000,24,23469.00,70408
1786657987189,unknown,Stage0-2-0,0,-1,22000000,22000000,1,1529.47,4594
1786657987216,unknown,Stage0-5-0,0,-1,67608695,98000000,23,23416.00,70469
1786657987216,unknown,Stage0-1-0,0,-1,27000000,27000000,1,1520.00,4594
1786657987248,unknown,Stage0-0-0,0,-1,53000000,53000000,1,1534.00,6979
1786657987248,unknown,Stage0-4-0,0,-1,83652173,128000000,23,23446.00,95774
1786657987263,unknown,Stage0-7-0,0,-1,72916666,127000000,24,23469.00,70408
1786657987279,unknown,Stage0-3-0,0,-1,19500000,26000000,2,1531.00,5094
1786657988188,unknown,Stage0-6-0,0,-1,66086956,102000000,23,23445.55,93877
1786657988190,unknown,Stage0-2-0,0,-1,24500000,35000000,2,1529.47,6125
1786657988216,unknown,Stage0-5-0,0,-1,64347826,97000000,23,23408.00,93877
1786657988217,unknown,Stage0-1-0,0,-1,25000000,36000000,2,1529.47,6125
1786657988248,unknown,Stage0-0-0,0,-1,28000000,39000000,2,1495.00,8474
1786657988249,unknown,Stage0-4-0,0,-1,82500000,124000000,24,23447.55,119245
1786657988265,unknown,Stage0-7-0,0,-1,77304347,138000000,23,23422.16,93877
1786657988279,unknown,Stage0-3-0,0,-1,37000000,37000000,1,1527.00,6621
1786657989190,unknown,Stage0-6-0,0,-1,60541666,94000000,24,23422.16,117346
1786657989190,unknown,Stage0-2-0,0,-1,22000000,22000000,1,1531.00,7656
1786657989216,unknown,Stage0-5-0,0,-1,67458333,106000000,24,23469.00,117346
1786657989218,unknown,Stage0-1-0,0,-1,27000000,27000000,1,1529.47,7656
1786657989248,unknown,Stage0-0-0,0,-1,38000000,50000000,2,1892.00,10366
1786657989249,unknown,Stage0-4-0,0,-1,79500000,123000000,24,24435.00,143680
1786657989265,unknown,Stage0-7-0,0,-1,72375000,146000000,24,23469.00,117346
1786657989279,unknown,Stage0-3-0,0,-1,17000000,22000000,2,1441.00,8062
1786657990191,unknown,Stage0-6-0,0,-1,71434782,110000000,23,23445.55,140815
1786657990192,unknown,Stage0-2-0,0,-1,22000000,33000000,2,1527.94,9187
1786657990217,unknown,Stage0-5-0,0,-1,65173913,97000000,23,23445.55,140815
1786657990219,unknown,Stage0-1-0,0,-1,23000000,34000000,2,1529.47,9187
1786657990248,unknown,Stage0-0-0,0,-1,10000000,10000000,1,1515.00,11881
1786657990249,unknown,Stage0-4-0,0,-1,68875000,108000000,24,23441.00,167121
1786657990266,unknown,Stage0-7-0,0,-1,67608695,109000000,23,23445.55,140815
1786657990279,unknown,Stage0-3-0,0,-1,36000000,36000000,1,1511.00,9573
1786657991191,unknown,Stage0-6-0,0,-1,73583333,116000000,24,23477.00,164292
1786657991192,unknown,Stage0-2-0,0,-1,24000000,24000000,1,1532.00,10719
1786657991218,unknown,Stage0-5-0,0,-1,58333333,93000000,24,23445.55,164284
1786657991220,unknown,Stage0-1-0,0,-1,26000000,26000000,1,1529.47,10718
1786657991248,unknown,Stage0-0-0,0,-1,28000000,32000000,2,1499.00,13380
1786657991249,unknown,Stage0-4-0,0,-1,67956521,109000000,23,23296.00,190417
1786657991266,unknown,Stage0-7-0,0,-1,61750000,102000000,24,23469.00,164284
1786657991279,unknown,Stage0-3-0,0,-1,18500000,26000000,2,1553.00,11126
1786657992191,unknown,Stage0-6-0,0,-1,70652173,104000000,23,23461.00,187753
1786657992192,unknown,Stage0-2-0,0,-1,22000000,34000000,2,1530.00,12249
1786657992218,unknown,Stage0-5-0,0,-1,62826086,96000000,23,23493.00,187777
1786657992220,unknown,Stage0-1-0,0,-1,21000000,30000000,2,1531.00,12249
1786657992248,unknown,Stage0-0-0,0,-1,8000000,8000000,1,1466.00,14846
1786657992249,unknown,Stage0-4-0,0,-1,74304347,116000000,23,23377.00,213794
1786657992267,unknown,Stage0-7-0,0,-1,68434782,108000000,23,23445.55,187753
1786657992279,unknown,Stage0-3-0,0,-1,34000000,34000000,1,1501.00,12627
1786657993191,unknown,Stage0-6-0,0,-1,65333333,103000000,24,23469.00,211222
1786657993193,unknown,Stage0-2-0,0,-1,22000000,22000000,1,1529.47,13780
1786657993218,unknown,Stage0-5-0,0,-1,63708333,105000000,24,23445.00,211222
1786657993221,unknown,Stage0-1-0,0,-1,26000000,26000000,1,1529.47,13780
1786657993248,unknown,Stage0-0-0,0,-1,27500000,32000000,2,1505.00,16351
1786657993249,unknown,Stage0-4-0,0,-1,71791666,113000000,24,23472.00,237266
1786657993267,unknown,Stage0-7-0,0,-1,73666666,119000000,24,23469.00,211222
1786657993279,unknown,Stage0-3-0,0,-1,15500000,23000000,2,1537.00,14164
1786657994191,unknown,Stage0-6-0,0,-1,74695652,116000000,23,23469.00,234691
1786657994193,unknown,Stage0-2-0,0,-1,21000000,34000000,2,1531.00,15311
1786657994219,unknown,Stage0-5-0,0,-1,66000000,101000000,23,23445.55,234691
1786657994221,unknown,Stage0-1-0,0,-1,21500000,32000000,2,1531.00,15311
1786657994248,unknown,Stage0-0-0,0,-1,7000000,7000000,1,1564.00,17915
1786657994249,unknown,Stage0-4-0,0,-1,74826086,114000000,23,23574.00,260840
1786657994269,unknown,Stage0-7-0,0,-1,72217391,113000000,23,23422.16,234691
1786657994279,unknown,Stage0-3-0,0,-1,31000000,31000000,1,1488.00,15652
1786657995192,unknown,Stage0-6-0,0,-1,70500000,113000000,24,23445.55,258160
1786657995193,unknown,Stage0-2-0,0,-1,21000000,21000000,1,1531.00,16842
1786657995221,unknown,Stage0-5-0,0,-1,56500000,92000000,24,23422.16,258160
1786657995221,unknown,Stage0-1-0,0,-1,25000000,25000000,1,1531.00,16842
1786657995248,unknown,Stage0-0-0,0,-1,25500000,30000000,2,1385.00,19300
1786657995249,unknown,Stage0-4-0,0,-1,64875000,117000000,24,23251.00,284091
1786657995270,unknown,Stage0-7-0,0,-1,71041666,118000000,24,23445.55,258160
1786657995279,unknown,Stage0-3-0,0,-1,15000000,23000000,2,1522.00,17174
1786657996194,unknown,Stage0-6-0,0,-1,73913043,117000000,23,23422.16,281629
1786657996194,unknown,Stage0-2-0,0,-1,18500000,30000000,2,1529.47,18373
1786657996221,unknown,Stage0-5-0,0,-1,70913043,113000000,23,23469.00,281629
1786657996221,unknown,Stage0-1-0,0,-1,20000000,31000000,2,1531.00,18373
1786657996248,unknown,Stage0-0-0,0,-1,6000000,6000000,1,1594.00,20894
1786657996249,unknown,Stage0-4-0,0,-1,70956521,117000000,23,23383.00,307474
1786657996270,unknown,Stage0-7-0,0,-1,68608695,110000000,23,23469.00,281629
1786657996279,unknown,Stage0-3-0,0,-1,30000000,30000000,1,1500.00,18674
1786657997194,unknown,Stage0-6-0,0,-1,69125000,106000000,24,23469.00,305098
1786657997195,unknown,Stage0-2-0,0,-1,19000000,19000000,1,1529.47,19904
1786657997222,unknown,Stage0-5-0,0,-1,66458333,103000000,24,23445.55,305098
1786657997223,unknown,Stage0-1-0,0,-1,20000000,20000000,1,1527.94,19904
1786657997248,unknown,Stage0-0-0,0,-1,24000000,29000000,2,1500.00,22394
1786657997249,unknown,Stage0-4-0,0,-1,73782608,129000000,23,23400.00,330874
1786657997271,unknown,Stage0-7-0,0,-1,66291666,107000000,24,23445.55,305098
1786657997279,unknown,Stage0-3-0,0,-1,12500000,20000000,2,1507.00,20181
1786657998194,unknown,Stage0-6-0,0,-1,71260869,109000000,23,23469.00,328567
1786657998195,unknown,Stage0-2-0,0,-1,15000000,26000000,2,1531.00,21435
1786657998222,unknown,Stage0-5-0,0,-1,66608695,101000000,23,23469.00,328567
1786657998223,unknown,Stage0-1-0,0,-1,16500000,28000000,2,1536.00,21440
1786657998248,unknown,Stage0-0-0,0,-1,3000000,3000000,1,1510.00,23904
1786657998249,unknown,Stage0-4-0,0,-1,76333333,132000000,24,23367.00,354241
1786657998272,unknown,Stage0-7-0,0,-1,74043478,115000000,23,23445.55,328567
1786657998279,unknown,Stage0-3-0,0,-1,27000000,27000000,1,1514.00,21695
1786657999196,unknown,Stage0-6-0,0,-1,71250000,110000000,24,23422.16,352036
1786657999196,unknown,Stage0-2-0,0,-1,17000000,17000000,1,1529.47,22966
1786657999223,unknown,Stage0-5-0,0,-1,71333333,117000000,24,23445.55,352036
1786657999223,unknown,Stage0-1-0,0,-1,22000000,22000000,1,1526.00,22966
1786657999248,unknown,Stage0-0-0,0,-1,23000000,28000000,2,1513.00,25417
1786657999249,unknown,Stage0-4-0,0,-1,74086956,126000000,23,23505.00,377746
1786657999272,unknown,Stage0-7-0,0,-1,75166666,122000000,24,23469.00,352036
1786657999279,unknown,Stage0-3-0,0,-1,11000000,19000000,2,1494.00,23189
1786658000196,unknown,Stage0-6-0,0,-1,72478260,112000000,23,23480.00,375516
1786658000196,unknown,Stage0-2-0,0,-1,14000000,25000000,2,1531.00,24497
1786658000223,unknown,Stage0-5-0,0,-1,66391304,100000000,23,23469.00,375505
1786658000225,unknown,Stage0-1-0,0,-1,15500000,26000000,2,1527.94,24497
1786658000248,unknown,Stage0-0-0,0,-1,41000000,41000000,1,1485.00,26902
1786658000249,unknown,Stage0-4-0,0,-1,68166666,122000000,24,23355.00,401101
1786658000273,unknown,Stage0-7-0,0,-1,73869565,113000000,23,23445.55,375505
1786658000279,unknown,Stage0-3-0,0,-1,27000000,27000000,1,1482.00,24671
1786658001196,unknown,Stage0-6-0,0,-1,65956521,99000000,23,23458.00,398974
1786658001197,unknown,Stage0-2-0,0,-1,26500000,37000000,2,1529.47,26028
1786658001224,unknown,Stage0-5-0,0,-1,68217391,112000000,23,23445.55,398974
1786658001226,unknown,Stage0-1-0,0,-1,27500000,38000000,2,1529.47,26028
1786658001248,unknown,Stage0-0-0,0,-1,21000000,27000000,2,1582.00,28484
1786658001249,unknown,Stage0-4-0,0,-1,71521739,118000000,23,23401.00,424502
1786658001274,unknown,Stage0-7-0,0,-1,65521739,104000000,23,23445.55,398974
1786658001279,unknown,Stage0-3-0,0,-1,28000000,39000000,2,1520.00,26191
1786658002197,unknown,Stage0-6-0,0,-1,66875000,108000000,24,23445.55,422443
1786658002198,unknown,Stage0-2-0,0,-1,23000000,23000000,1,1529.47,27559
1786658002224,unknown,Stage0-5-0,0,-1,61541666,88000000,24,23469.00,422443
1786658002226,unknown,Stage0-1-0,0,-1,25000000,25000000,1,1531.00,27559
1786658002248,unknown,Stage0-0-0,0,-1,37000000,37000000,1,1445.00,29929
1786658002249,unknown,Stage0-4-0,0,-1,73608695,127000000,23,23447.00,447949
1786658002275,unknown,Stage0-7-0,0,-1,62458333,106000000,24,23445.55,422443
1786658002279,unknown,Stage0-3-0,0,-1,26000000,26000000,1,1487.00,27678
1786658003198,unknown,Stage0-6-0,0,-1,67130434,105000000,23,23445.55,445912
1786658003199,unknown,Stage0-2-0,0,-1,27500000,41000000,2,1529.47,29090
1786658003225,unknown,Stage0-5-0,0,-1,65913043,109000000,23,23445.55,445912
1786658003227,unknown,Stage0-1-0,0,-1,24500000,31000000,2,1529.47,29090
1786658003248,unknown,Stage0-0-0,0,-1,19000000,25000000,2,1530.00,31459
1786658003249,unknown,Stage0-4-0,0,-1,73166666,129000000,24,23472.00,471421
1786658003276,unknown,Stage0-7-0,0,-1,71391304,113000000,23,23445.55,445912
1786658003279,unknown,Stage0-3-0,0,-1,25500000,37000000,2,1490.00,29168
1786658004199,unknown,Stage0-6-0,0,-1,69250000,109000000,24,23445.55,469381
1786658004200,unknown,Stage0-2-0,0,-1,26000000,26000000,1,1529.47,30621
1786658004226,unknown,Stage0-5-0,0,-1,57916666,94000000,24,23445.55,469381
1786658004228,unknown,Stage0-1-0,0,-1,30000000,30000000,1,1529.47,30621
1786658004248,unknown,Stage0-0-0,0,-1,36000000,36000000,1,1498.00,32957
1786658004249,unknown,Stage0-4-0,0,-1,66260869,117000000,23,23424.00,494845
1786658004277,unknown,Stage0-7-0,0,-1,69291666,113000000,24,23445.55,469381
1786658004279,unknown,Stage0-3-0,0,-1,28000000,28000000,1,1504.00,30672
1786658005199,unknown,Stage0-6-0,0,-1,69869565,109000000,23,23469.00,492850
1786658005200,unknown,Stage0-2-0,0,-1,25000000,37000000,2,1531.00,32152
1786658005227,unknown,Stage0-5-0,0,-1,71782608,115000000,23,23445.55,492850
1786658005229,unknown,Stage0-1-0,0,-1,24500000,33000000,2,1529.47,32152
1786658005248,unknown,Stage0-0-0,0,-1,19500000,27000000,2,1508.00,34465
1786658005249,unknown,Stage0-4-0,0,-1,68000000,115000000,24,23458.00,518303
1786658005277,unknown,Stage0-7-0,0,-1,71000000,115000000,23,23469.00,492850
1786658005279,unknown,Stage0-3-0,0,-1,23500000,34000000,2,1486.00,32158
1786658006200,unknown,Stage0-6-0,0,-1,70875000,112000000,24,23445.55,516319
1786658006200,unknown,Stage0-2-0,0,-1,25000000,25000000,1,1531.00,33683
1786658006228,unknown,Stage0-5-0,0,-1,68291666,111000000,24,23445.55,516319
1786658006229,unknown,Stage0-1-0,0,-1,28000000,28000000,1,1531.00,33683
1786658006248,unknown,Stage0-0-0,0,-1,27500000,35000000,2,1539.00,36004
1786658006249,unknown,Stage0-4-0,0,-1,58086956,101000000,23,23510.00,541813
1786658006279,unknown,Stage0-7-0,0,-1,68333333,113000000,24,23422.16,516319
1786658006279,unknown,Stage0-3-0,0,-1,23000000,23000000,1,1525.00,33683
1786658007200,unknown,Stage0-6-0,0,-1,68434782,105000000,23,23469.00,539788
1786658007201,unknown,Stage0-2-0,0,-1,21500000,32000000,2,1529.47,35214
1786658007228,unknown,Stage0-5-0,0,-1,71869565,115000000,23,23469.00,539788
1786658007230,unknown,Stage0-1-0,0,-1,22500000,34000000,2,1529.47,35214
1786658007248,unknown,Stage0-0-0,0,-1,10000000,10000000,1,1468.00,37472
1786658007249,unknown,Stage0-4-0,0,-1,63583333,117000000,24,23259.00,565072
1786658007279,unknown,Stage0-7-0,0,-1,69782608,111000000,23,23469.00,539788
1786658007279,unknown,Stage0-3-0,0,-1,22500000,33000000,2,1531.00,35214
1786658008201,unknown,Stage0-6-0,0,-1,68666666,111000000,24,23445.55,563257
1786658008202,unknown,Stage0-2-0,0,-1,23000000,23000000,1,1529.47,36745
1786658008228,unknown,Stage0-5-0,0,-1,62000000,97000000,24,23469.00,563257
1786658008230,unknown,Stage0-1-0,0,-1,25000000,25000000,1,1531.00,36745
1786658008248,unknown,Stage0-0-0,0,-1,34000000,34000000,1,1513.00,38985
1786658008249,unknown,Stage0-4-0,0,-1,74434782,129000000,23,23465.00,588537
1786658008279,unknown,Stage0-7-0,0,-1,71666666,118000000,24,23469.00,563257
1786658008279,unknown,Stage0-3-0,0,-1,24000000,24000000,1,1531.00,36745
1786658009202,unknown,Stage0-6-0,0,-1,70565217,112000000,23,23445.55,586726
1786658009203,unknown,Stage0-2-0,0,-1,19000000,30000000,2,1529.47,38276
1786658009229,unknown,Stage0-5-0,0,-1,67217391,107000000,23,23445.55,586726
1786658009231,unknown,Stage0-1-0,0,-1,21500000,33000000,2,1529.47,38276
1786658009248,unknown,Stage0-0-0,0,-1,15000000,23000000,2,1536.00,40521
1786658009249,unknown,Stage0-4-0,0,-1,79260869,129000000,23,23430.00,611967
1786658009280,unknown,Stage0-7-0,0,-1,67782608,106000000,23,23445.55,586726
1786658009281,unknown,Stage0-3-0,0,-1,20000000,31000000,2,1527.94,38276
1786658010202,unknown,Stage0-6-0,0,-1,70208333,115000000,24,23480.00,610206
1786658010203,unknown,Stage0-2-0,0,-1,22000000,22000000,1,1533.00,39809
1786658010229,unknown,Stage0-5-0,0,-1,63750000,103000000,24,23469.00,610195
1786658010231,unknown,Stage0-1-0,0,-1,23000000,23000000,1,1531.00,39807
1786658010248,unknown,Stage0-0-0,0,-1,26500000,31000000,2,1495.00,42016
1786658010249,unknown,Stage0-4-0,0,-1,70958333,118000000,24,23436.00,635403
1786658010281,unknown,Stage0-7-0,0,-1,84250000,146000000,24,23445.55,610195
1786658010281,unknown,Stage0-3-0,0,-1,23000000,23000000,1,1531.00,39807
1786658011202,unknown,Stage0-6-0,0,-1,73434782,113000000,23,23458.00,633664
1786658011203,unknown,Stage0-2-0,0,-1,18500000,29000000,2,1529.00,41338
1786658011230,unknown,Stage0-5-0,0,-1,70217391,110000000,23,23445.55,633664
1786658011233,unknown,Stage0-1-0,0,-1,20000000,31000000,2,1527.94,41338
1786658011248,unknown,Stage0-0-0,0,-1,6000000,6000000,1,1532.00,43548
1786658011249,unknown,Stage0-4-0,0,-1,74913043,116000000,23,23398.00,658801
1786658011281,unknown,Stage0-7-0,0,-1,89826086,165000000,23,23469.00,633664
1786658011282,unknown,Stage0-3-0,0,-1,19000000,30000000,2,1529.47,41338
1786658012204,unknown,Stage0-6-0,0,-1,63458333,92000000,24,23422.16,657133
1786658012204,unknown,Stage0-2-0,0,-1,20000000,20000000,1,1529.47,42869
1786658012231,unknown,Stage0-5-0,0,-1,65541666,102000000,24,23445.55,657133
1786658012233,unknown,Stage0-1-0,0,-1,22000000,22000000,1,1531.00,42869
1786658012248,unknown,Stage0-0-0,0,-1,24500000,29000000,2,1489.00,45037
1786658012249,unknown,Stage0-4-0,0,-1,65541666,99000000,24,23352.00,682153
1786658012282,unknown,Stage0-7-0,0,-1,65125000,105000000,24,23445.55,657133
1786658012283,unknown,Stage0-3-0,0,-1,21000000,21000000,1,1529.47,42869
1786658013204,unknown,Stage0-6-0,0,-1,73217391,112000000,23,23469.00,680602
1786658013205,unknown,Stage0-2-0,0,-1,16500000,28000000,2,1529.47,44400
1786658013232,unknown,Stage0-5-0,0,-1,68347826,101000000,23,23445.55,680602
1786658013233,unknown,Stage0-1-0,0,-1,17500000,29000000,2,1531.00,44400
1786658013248,unknown,Stage0-0-0,0,-1,5000000,5000000,1,1490.00,46527
1786658013249,unknown,Stage0-4-0,0,-1,76260869,120000000,23,23418.00,705571
1786658013282,unknown,Stage0-7-0,0,-1,73913043,138000000,23,23469.00,680602
1786658013283,unknown,Stage0-3-0,0,-1,17000000,28000000,2,1531.00,44400
1786658014205,unknown,Stage0-6-0,0,-1,77833333,126000000,24,23445.55,704071
1786658014206,unknown,Stage0-2-0,0,-1,18000000,18000000,1,1529.47,45931
1786658014232,unknown,Stage0-5-0,0,-1,69291666,112000000,24,23476.00,704078
1786658014234,unknown,Stage0-1-0,0,-1,21000000,21000000,1,1529.47,45931
1786658014248,unknown,Stage0-0-0,0,-1,24000000,30000000,2,1528.00,48055
1786658014249,unknown,Stage0-4-0,0,-1,69875000,112000000,24,23469.00,729040
1786658014284,unknown,Stage0-7-0,0,-1,74208333,120000000,24,23422.16,704071
1786658014284,unknown,Stage0-3-0,0,-1,19000000,19000000,1,1529.47,45931
1786658015205,unknown,Stage0-6-0,0,-1,71565217,113000000,23,23469.00,727540
1786658015206,unknown,Stage0-2-0,0,-1,15000000,26000000,2,1531.00,47462
1786658015233,unknown,Stage0-5-0,0,-1,67217391,106000000,23,23438.56,727540
1786658015235,unknown,Stage0-1-0,0,-1,17000000,28000000,2,1529.47,47462
1786658015248,unknown,Stage0-0-0,0,-1,2000000,2000000,1,1517.00,49572
1786658015249,unknown,Stage0-4-0,0,-1,71304347,110000000,23,23337.00,752377
1786658015284,unknown,Stage0-7-0,0,-1,70652173,111000000,23,23469.00,727540
1786658015285,unknown,Stage0-3-0,0,-1,15500000,27000000,2,1529.47,47462
1786658016207,unknown,Stage0-6-0,0,-1,78791666,130000000,24,23422.16,751009
1786658016207,unknown,Stage0-2-0,0,-1,16000000,16000000,1,1529.47,48993
1786658016234,unknown,Stage0-5-0,0,-1,75166666,124000000,24,23445.55,751009
1786658016236,unknown,Stage0-1-0,0,-1,18000000,18000000,1,1529.47,48993
1786658016248,unknown,Stage0-0-0,0,-1,20500000,26000000,2,1516.00,51088
1786658016249,unknown,Stage0-4-0,0,-1,75565217,115000000,23,23543.00,775920
1786658016285,unknown,Stage0-7-0,0,-1,73666666,119000000,24,23445.55,751009
1786658016285,unknown,Stage0-3-0,0,-1,17000000,17000000,1,1531.00,48993
1786658017208,unknown,Stage0-6-0,0,-1,67260869,95000000,23,23445.55,774478
1786658017209,unknown,Stage0-2-0,0,-1,13500000,24000000,2,1527.94,50524
1786658017235,unknown,Stage0-5-0,0,-1,69391304,105000000,23,23445.55,774478
1786658017236,unknown,Stage0-1-0,0,-1,15000000,27000000,2,1531.00,50524
1786658017248,unknown,Stage0-0-0,0,-1,38000000,38000000,1,1499.00,52587
1786658017249,unknown,Stage0-4-0,0,-1,68833333,115000000,24,23373.00,799293
1786658017285,unknown,Stage0-7-0,0,-1,73130434,110000000,23,23469.00,774478
1786658017286,unknown,Stage0-3-0,0,-1,14000000,26000000,2,1529.47,50524
1786658018208,unknown,Stage0-6-0,0,-1,68956521,110000000,23,23469.00,797947
1786658018209,unknown,Stage0-2-0,0,-1,27500000,40000000,2,1537.00,52061
1786658018235,unknown,Stage0-5-0,0,-1,65500000,112000000,24,23532.00,798010
1786658018236,unknown,Stage0-1-0,0,-1,26000000,34000000,2,1531.00,52055
1786658018248,unknown,Stage0-0-0,0,-1,19000000,24000000,2,1499.00,54086
1786658018249,unknown,Stage0-4-0,0,-1,71608695,114000000,23,23433.00,822726
1786658018286,unknown,Stage0-7-0,0,-1,68913043,110000000,23,23445.55,797947
1786658018287,unknown,Stage0-3-0,0,-1,26500000,37000000,2,1529.47,52055
1786658019208,unknown,Stage0-6-0,0,-1,66208333,104000000,24,23469.00,821416
1786658019210,unknown,Stage0-2-0,0,-1,21000000,21000000,1,1523.48,53586
1786658019235,unknown,Stage0-5-0,0,-1,32913043,46000000,23,23406.00,821416
1786658019236,unknown,Stage0-1-0,0,-1,25000000,25000000,1,1531.00,53586
1786658019248,unknown,Stage0-0-0,0,-1,36000000,36000000,1,1541.00,55627
1786658019249,unknown,Stage0-4-0,0,-1,64583333,106000000,24,23430.00,846156
1786658019286,unknown,Stage0-7-0,0,-1,68291666,111000000,24,23469.00,821416
1786658019287,unknown,Stage0-3-0,0,-1,29000000,29000000,1,1531.00,53586
1786658020209,unknown,Stage0-6-0,0,-1,64304347,98000000,23,23445.55,844885
1786658020210,unknown,Stage0-2-0,0,-1,23000000,34000000,2,1531.00,55117
1786658020235,unknown,Stage0-5-0,0,-1,69391304,115000000,23,23469.00,844885
1786658020237,unknown,Stage0-1-0,0,-1,25000000,36000000,2,1529.47,55117
1786658020248,unknown,Stage0-0-0,0,-1,19500000,27000000,2,1521.00,57148
1786658020249,unknown,Stage0-4-0,0,-1,66173913,105000000,23,23377.00,869533
1786658020287,unknown,Stage0-7-0,0,-1,69521739,118000000,23,23445.55,844885
1786658020287,unknown,Stage0-3-0,0,-1,24000000,35000000,2,1531.00,55117
1786658021210,unknown,Stage0-6-0,0,-1,67125000,103000000,24,23445.55,868354
1786658021211,unknown,Stage0-2-0,0,-1,25000000,25000000,1,1529.47,56648
1786658021236,unknown,Stage0-5-0,0,-1,68666666,116000000,24,23445.55,868354
1786658021237,unknown,Stage0-1-0,0,-1,27000000,27000000,1,1531.00,56648
1786658021248,unknown,Stage0-0-0,0,-1,31000000,31000000,1,1507.00,58655
1786658021249,unknown,Stage0-4-0,0,-1,73217391,117000000,23,23421.00,892954
1786658021288,unknown,Stage0-3-0,0,-1,26000000,26000000,1,1529.47,56648
1786658021288,unknown,Stage0-7-0,0,-1,71708333,117000000,24,23445.55,868354
1786658022211,unknown,Stage0-6-0,0,-1,70565217,108000000,23,23445.55,891823
1786658022212,unknown,Stage0-2-0,0,-1,22000000,34000000,2,1529.47,58179
1786658022237,unknown,Stage0-5-0,0,-1,71173913,115000000,23,23445.55,891823
1786658022238,unknown,Stage0-1-0,0,-1,24000000,35000000,2,1529.47,58179
1786658022248,unknown,Stage0-0-0,0,-1,15500000,21000000,2,1498.00,60153
1786658022249,unknown,Stage0-4-0,0,-1,70541666,116000000,24,23353.00,916307
1786658022288,unknown,Stage0-3-0,0,-1,22000000,33000000,2,1531.00,58179
1786658022288,unknown,Stage0-7-0,0,-1,71217391,111000000,23,23469.00,891823
1786658023212,unknown,Stage0-6-0,0,-1,64583333,100000000,24,23445.55,915292
1786658023213,unknown,Stage0-2-0,0,-1,24000000,24000000,1,1529.47,59710
1786658023237,unknown,Stage0-5-0,0,-1,66458333,109000000,24,23497.00,915320
1786658023238,unknown,Stage0-1-0,0,-1,26000000,26000000,1,1543.00,59722
1786658023248,unknown,Stage0-0-0,0,-1,31000000,31000000,1,1537.00,61690
1786658023249,unknown,Stage0-4-0,0,-1,67739130,102000000,23,23454.00,939761
1786658023288,unknown,Stage0-7-0,0,-1,61500000,94000000,24,23469.00,915292
1786658023289,unknown,Stage0-3-0,0,-1,20000000,20000000,1,1529.47,59710
1786658024213,unknown,Stage0-2-0,0,-1,21000000,32000000,2,1531.00,61241
1786658024213,unknown,Stage0-6-0,0,-1,71782608,113000000,23,23445.55,938761
1786658024237,unknown,Stage0-5-0,0,-1,59434782,93000000,23,23441.00,938761
1786658024238,unknown,Stage0-1-0,0,-1,21500000,33000000,2,1519.00,61241
1786658024248,unknown,Stage0-0-0,0,-1,13500000,19000000,2,1499.00,63189
1786658024249,unknown,Stage0-4-0,0,-1,62583333,89000000,24,23469.00,963230
1786658024289,unknown,Stage0-7-0,0,-1,63695652,107000000,23,23445.55,938761
1786658024289,unknown,Stage0-3-0,0,-1,19000000,28000000,2,1531.00,61241
1786658025213,unknown,Stage0-6-0,0,-1,70708333,110000000,24,23469.00,962230
1786658025215,unknown,Stage0-2-0,0,-1,22000000,22000000,1,1527.94,62772
1786658025238,unknown,Stage0-5-0,0,-1,68083333,112000000,24,23445.55,962230
1786658025239,unknown,Stage0-1-0,0,-1,27000000,27000000,1,1529.47,62772
1786658025248,unknown,Stage0-0-0,0,-1,31000000,31000000,1,1490.00,64679
1786658025249,unknown,Stage0-4-0,0,-1,74260869,115000000,23,23469.00,986699
1786658025289,unknown,Stage0-7-0,0,-1,70166666,118000000,24,23469.00,962230
1786658025290,unknown,Stage0-3-0,0,-1,19000000,19000000,1,1529.47,62772
1786658026214,unknown,Stage0-6-0,0,-1,70043478,111000000,23,23445.55,985699
1786658026215,unknown,Stage0-2-0,0,-1,21000000,34000000,2,1531.00,64303
1786658026239,unknown,Stage0-5-0,0,-1,69086956,114000000,23,23445.55,985699
1786658026239,unknown,Stage0-1-0,0,-1,21000000,31000000,2,1531.00,64303
1786658026248,unknown,Stage0-0-0,0,-1,14500000,22000000,2,1496.00,66175
1786658026249,unknown,Stage0-4-0,0,-1,76291666,123000000,24,23358.00,1010057
1786658026289,unknown,Stage0-7-0,0,-1,72956521,113000000,23,23469.00,985699
1786658026290,unknown,Stage0-3-0,0,-1,19500000,31000000,2,1544.00,64316
1786658027215,unknown,Stage0-6-0,0,-1,71458333,116000000,24,23445.55,1009168
1786658027216,unknown,Stage0-2-0,0,-1,20000000,20000000,1,1529.47,65834
1786658027239,unknown,Stage0-5-0,0,-1,67125000,108000000,24,23469.00,1009168
1786658027239,unknown,Stage0-1-0,0,-1,27000000,27000000,1,1531.00,65834
1786658027248,unknown,Stage0-0-0,0,-1,31000000,31000000,1,1512.00,67687
1786658027249,unknown,Stage0-4-0,0,-1,69391304,104000000,23,23453.00,1033510
1786658027290,unknown,Stage0-7-0,0,-1,69625000,114000000,24,23445.55,1009168
1786658027291,unknown,Stage0-3-0,0,-1,17000000,17000000,1,1516.48,65834
1786658028216,unknown,Stage0-6-0,0,-1,69826086,104000000,23,23445.55,1032637
1786658028217,unknown,Stage0-2-0,0,-1,18000000,29000000,2,1529.47,67365
1786658028239,unknown,Stage0-5-0,0,-1,68391304,111000000,23,23469.00,1032637
1786658028240,unknown,Stage0-1-0,0,-1,19500000,31000000,2,1529.47,67365
1786658028248,unknown,Stage0-0-0,0,-1,13000000,21000000,2,1521.00,69208
1786658028249,unknown,Stage0-4-0,0,-1,74043478,116000000,23,23432.00,1056942
1786658028291,unknown,Stage0-7-0,0,-1,66826086,103000000,23,23445.55,1032637
1786658028291,unknown,Stage0-3-0,0,-1,17000000,28000000,2,1531.00,67365
1786658029216,unknown,Stage0-6-0,0,-1,68958333,110000000,24,23469.00,1056106
1786658029217,unknown,Stage0-2-0,0,-1,20000000,20000000,1,1531.00,68896
1786658029239,unknown,Stage0-5-0,0,-1,70000000,117000000,24,23470.00,1056107
1786658029240,unknown,Stage0-1-0,0,-1,20000000,20000000,1,1532.00,68897
1786658029248,unknown,Stage0-0-0,0,-1,30000000,30000000,1,1528.00,70736
1786658029249,unknown,Stage0-4-0,0,-1,66750000,106000000,24,23443.00,1080385
1786658029292,unknown,Stage0-7-0,0,-1,70791666,113000000,24,23445.55,1056106
1786658029293,unknown,Stage0-3-0,0,-1,20000000,20000000,1,1527.94,68896
1786658030216,unknown,Stage0-6-0,0,-1,73521739,118000000,23,23470.00,1079576
1786658030217,unknown,Stage0-2-0,0,-1,18000000,31000000,2,1531.00,70427
1786658030240,unknown,Stage0-5-0,0,-1,63695652,105000000,23,23444.56,1079575
1786658030241,unknown,Stage0-1-0,0,-1,19000000,31000000,2,1528.47,70427
1786658030248,unknown,Stage0-0-0,0,-1,11500000,18000000,2,1516.00,72252
1786658030249,unknown,Stage0-4-0,0,-1,73956521,114000000,23,23496.00,1103881
1786658030292,unknown,Stage0-7-0,0,-1,71043478,111000000,23,23469.00,1079575
1786658030293,unknown,Stage0-3-0,0,-1,17000000,29000000,2,1531.00,70427
1786658031216,unknown,Stage0-6-0,0,-1,66625000,103000000,24,23468.00,1103044
1786658031218,unknown,Stage0-2-0,0,-1,17000000,17000000,1,1529.47,71958
1786658031241,unknown,Stage0-5-0,0,-1,64583333,105000000,24,23445.55,1103044
1786658031242,unknown,Stage0-1-0,0,-1,23000000,23000000,1,1529.47,71958
1786658031248,unknown,Stage0-0-0,0,-1,29000000,29000000,1,1501.00,73753
1786658031249,unknown,Stage0-4-0,0,-1,68208333,108000000,24,23354.00,1127235
1786658031294,unknown,Stage0-3-0,0,-1,18000000,18000000,1,1529.47,71958
1786658031294,unknown,Stage0-7-0,0,-1,67708333,115000000,24,23422.16,1103044
1786658032218,unknown,Stage0-6-0,0,-1,69521739,107000000,23,23422.16,1126513
1786658032218,unknown,Stage0-2-0,0,-1,15500000,28000000,2,1531.00,73489
1786658032241,unknown,Stage0-5-0,0,-1,70869565,115000000,23,23469.00,1126513
1786658032242,unknown,Stage0-1-0,0,-1,16500000,29000000,2,1531.00,73489
1786658032248,unknown,Stage0-0-0,0,-1,28500000,39000000,2,1481.00,75234
1786658032249,unknown,Stage0-4-0,0,-1,73913043,121000000,23,23482.00,1150717
1786658032294,unknown,Stage0-7-0,0,-1,76217391,121000000,23,23469.00,1126513
1786658032295,unknown,Stage0-3-0,0,-1,15500000,27000000,2,1529.47,73489
1786658033218,unknown,Stage0-6-0,0,-1,61913043,94000000,23,23469.00,1149982
1786658033219,unknown,Stage0-2-0,0,-1,29500000,43000000,2,1529.47,75020
1786658033242,unknown,Stage0-5-0,0,-1,58956521,101000000,23,23445.55,1149982
1786658033243,unknown,Stage0-1-0,0,-1,28500000,37000000,2,1529.47,75020
1786658033248,unknown,Stage0-0-0,0,-1,31000000,31000000,1,1563.00,76797
1786658033249,unknown,Stage0-4-0,0,-1,72083333,112000000,24,23394.00,1174111
1786658033294,unknown,Stage0-7-0,0,-1,69869565,119000000,23,23469.00,1149982
1786658033295,unknown,Stage0-3-0,0,-1,27500000,38000000,2,1531.00,75020
1786658034219,unknown,Stage0-6-0,0,-1,66291666,107000000,24,23445.55,1173451
1786658034220,unknown,Stage0-2-0,0,-1,26000000,26000000,1,1529.47,76551
1786658034242,unknown,Stage0-5-0,0,-1,70458333,116000000,24,23469.00,1173451
1786658034243,unknown,Stage0-1-0,0,-1,29000000,29000000,1,1531.00,76551
1786658034248,unknown,Stage0-0-0,0,-1,26000000,38000000,2,1500.00,78297
1786658034249,unknown,Stage0-4-0,0,-1,70826086,106000000,23,23423.00,1197534
1786658034296,unknown,Stage0-7-0,0,-1,68583333,114000000,24,23422.16,1173451
1786658034296,unknown,Stage0-3-0,0,-1,25000000,25000000,1,1529.47,76551
1786658035220,unknown,Stage0-6-0,0,-1,72695652,117000000,23,23445.55,1196920
1786658035220,unknown,Stage0-2-0,0,-1,30000000,41000000,2,1531.00,78082
1786658035242,unknown,Stage0-5-0,0,-1,66391304,103000000,23,23469.00,1196920
1786658035243,unknown,Stage0-1-0,0,-1,26000000,37000000,2,1531.00,78082
1786658035248,unknown,Stage0-0-0,0,-1,30000000,30000000,1,1442.00,79739
1786658035249,unknown,Stage0-4-0,0,-1,67608695,105000000,23,23310.00,1220844
1786658035296,unknown,Stage0-3-0,0,-1,24000000,34000000,2,1531.00,78082
1786658035297,unknown,Stage0-7-0,0,-1,68304347,110000000,23,23445.55,1196920
1786658036220,unknown,Stage0-6-0,0,-1,71166666,113000000,24,23469.00,1220389
1786658036221,unknown,Stage0-2-0,0,-1,26000000,26000000,1,1529.47,79613
1786658036243,unknown,Stage0-1-0,0,-1,29000000,29000000,1,1531.00,79613
1786658036243,unknown,Stage0-5-0,0,-1,66791666,109000000,24,23445.55,1220389
1786658036248,unknown,Stage0-0-0,0,-1,35000000,51000000,2,1519.00,81258
1786658036249,unknown,Stage0-4-0,0,-1,81166666,130000000,24,23417.00,1244261
1786658036297,unknown,Stage0-7-0,0,-1,72500000,120000000,24,23469.00,1220389
1786658036298,unknown,Stage0-3-0,0,-1,28000000,28000000,1,1527.94,79613
1786658037221,unknown,Stage0-6-0,0,-1,71347826,114000000,23,23445.55,1243858
1786658037222,unknown,Stage0-2-0,0,-1,23000000,35000000,2,1529.47,81144
1786658037243,unknown,Stage0-1-0,0,-1,24000000,35000000,2,1531.00,81144
1786658037243,unknown,Stage0-5-0,0,-1,67826086,110000000,23,23469.00,1243858
1786658037248,unknown,Stage0-0-0,0,-1,37000000,37000000,1,1554.00,82812
1786658037249,unknown,Stage0-4-0,0,-1,85565217,129000000,23,23439.00,1267700
1786658037298,unknown,Stage0-7-0,0,-1,71391304,113000000,23,23445.55,1243858
1786658037298,unknown,Stage0-3-0,0,-1,23500000,34000000,2,1531.00,81144
1786658038222,unknown,Stage0-6-0,0,-1,71958333,118000000,24,23445.55,1267327
1786658038222,unknown,Stage0-2-0,0,-1,25000000,25000000,1,1531.00,82675
1786658038245,unknown,Stage0-5-0,0,-1,68208333,110000000,24,23422.16,1267327
1786658038245,unknown,Stage0-1-0,0,-1,27000000,27000000,1,1527.94,82675
1786658038248,unknown,Stage0-0-0,0,-1,31500000,48000000,2,1504.00,84316
1786658038249,unknown,Stage0-4-0,0,-1,80833333,126000000,24,23457.00,1291157
1786658038298,unknown,Stage0-7-0,0,-1,70375000,114000000,24,23469.00,1267327
1786658038299,unknown,Stage0-3-0,0,-1,27000000,27000000,1,1529.47,82675
1786658039223,unknown,Stage0-6-0,0,-1,70913043,109000000,23,23445.55,1290796
1786658039223,unknown,Stage0-2-0,0,-1,20500000,31000000,2,1529.47,84206
1786658039245,unknown,Stage0-5-0,0,-1,66130434,102000000,23,23469.00,1290796
1786658039245,unknown,Stage0-1-0,0,-1,22500000,34000000,2,1531.00,84206
1786658039248,unknown,Stage0-0-0,0,-1,35000000,35000000,1,1505.00,85821
1786658039249,unknown,Stage0-4-0,0,-1,83391304,123000000,23,23440.00,1314597
1786658039299,unknown,Stage0-7-0,0,-1,70739130,108000000,23,23445.55,1290796
1786658039299,unknown,Stage0-3-0,0,-1,22000000,33000000,2,1531.00,84206
1786658040224,unknown,Stage0-2-0,0,-1,23000000,23000000,1,1529.47,85737
1786658040224,unknown,Stage0-6-0,0,-1,70750000,120000000,24,23445.55,1314265
1786658040246,unknown,Stage0-5-0,0,-1,67166666,109000000,24,23445.55,1314265
1786658040246,unknown,Stage0-1-0,0,-1,25000000,25000000,1,1529.47,85737
1786658040248,unknown,Stage0-0-0,0,-1,29500000,46000000,2,1507.00,87328
1786658040249,unknown,Stage0-4-0,0,-1,77956521,119000000,23,23384.00,1337981
1786658040299,unknown,Stage0-7-0,0,-1,71416666,114000000,24,23470.00,1314266
1786658040300,unknown,Stage0-3-0,0,-1,24000000,24000000,1,1529.47,85737
1786658041224,unknown,Stage0-6-0,0,-1,72478260,114000000,23,23469.00,1337734
1786658041225,unknown,Stage0-2-0,0,-1,19000000,30000000,2,1529.47,87268
1786658041246,unknown,Stage0-5-0,0,-1,77913043,118000000,23,23469.00,1337734
1786658041247,unknown,Stage0-1-0,0,-1,30000000,47000000,2,1529.47,87268
1786658041248,unknown,Stage0-0-0,0,-1,32000000,32000000,1,1526.00,88854
1786658041249,unknown,Stage0-4-0,0,-1,77458333,120000000,24,23477.00,1361458
1786658041299,unknown,Stage0-7-0,0,-1,78391304,147000000,23,23468.00,1337734
1786658041300,unknown,Stage0-3-0,0,-1,21500000,33000000,2,1531.00,87268
1786658042225,unknown,Stage0-6-0,0,-1,66958333,105000000,24,23445.55,1361203
1786658042227,unknown,Stage0-2-0,0,-1,21000000,21000000,1,1527.94,88799
1786658042247,unknown,Stage0-5-0,0,-1,66583333,110000000,24,23445.55,1361203
1786658042247,unknown,Stage0-1-0,0,-1,24000000,24000000,1,1531.00,88799
1786658042248,unknown,Stage0-0-0,0,-1,27500000,44000000,2,1525.00,90379
1786658042249,unknown,Stage0-4-0,0,-1,81130434,116000000,23,23488.00,1384946
1786658042301,unknown,Stage0-7-0,0,-1,73541666,123000000,24,23422.16,1361203
1786658042301,unknown,Stage0-3-0,0,-1,23000000,23000000,1,1529.47,88799
1786658043225,unknown,Stage0-6-0,0,-1,71260869,112000000,23,23469.00,1384672
1786658043227,unknown,Stage0-2-0,0,-1,18500000,30000000,2,1531.00,90330
1786658043247,unknown,Stage0-5-0,0,-1,81173913,123000000,23,23469.00,1384672
1786658043248,unknown,Stage0-1-0,0,-1,27500000,44000000,2,1529.47,90330
1786658043248,unknown,Stage0-0-0,0,-1,29000000,29000000,1,1540.00,91919
1786658043249,unknown,Stage0-4-0,0,-1,80666666,126000000,24,23471.00,1408417
1786658043301,unknown,Stage0-7-0,0,-1,72000000,112000000,23,23494.00,1384697
1786658043301,unknown,Stage0-3-0,0,-1,18500000,30000000,2,1531.00,90330
1786658044225,unknown,Stage0-6-0,0,-1,66625000,121000000,24,23469.00,1408141
1786658044227,unknown,Stage0-2-0,0,-1,19000000,19000000,1,1531.00,91861
1786658044248,unknown,Stage0-0-0,0,-1,22000000,36000000,2,1508.00,93427
1786658044248,unknown,Stage0-5-0,0,-1,72041666,120000000,24,23445.55,1408141
1786658044248,unknown,Stage0-1-0,0,-1,18000000,18000000,1,1531.00,91861
1786658044249,unknown,Stage0-4-0,0,-1,73826086,113000000,23,23498.00,1431915
1786658044302,unknown,Stage0-7-0,0,-1,66208333,111000000,24,23420.58,1408141
1786658044303,unknown,Stage0-3-0,0,-1,17000000,17000000,1,1527.94,91861
1786658045226,unknown,Stage0-6-0,0,-1,70130434,112000000,23,23445.55,1431610
1786658045229,unknown,Stage0-2-0,0,-1,17000000,28000000,2,1527.94,93392
1786658045248,unknown,Stage0-5-0,0,-1,70130434,110000000,23,23471.00,1431612
1786658045248,unknown,Stage0-0-0,0,-1,21000000,21000000,1,1552.00,94979
1786658045249,unknown,Stage0-4-0,0,-1,70791666,108000000,24,23437.00,1455352
1786658045249,unknown,Stage0-1-0,0,-1,18500000,30000000,2,1529.47,93392
1786658045303,unknown,Stage0-3-0,0,-1,18000000,30000000,2,1531.00,93392
1786658045303,unknown,Stage0-7-0,0,-1,68173913,112000000,23,23445.55,1431610
1786658046227,unknown,Stage0-6-0,0,-1,70125000,111000000,24,23445.55,1455079
1786658046230,unknown,Stage0-2-0,0,-1,18000000,18000000,1,1529.47,94923
1786658046248,unknown,Stage0-0-0,0,-1,16500000,28000000,2,1498.00,96477
1786658046249,unknown,Stage0-4-0,0,-1,73304347,118000000,23,23363.00,1478715
1786658046249,unknown,Stage0-5-0,0,-1,63541666,104000000,24,23443.56,1455079
1786658046249,unknown,Stage0-1-0,0,-1,16000000,16000000,1,1531.00,94923
1786658046304,unknown,Stage0-7-0,0,-1,73541666,118000000,24,23445.55,1455079
1786658046304,unknown,Stage0-3-0,0,-1,15000000,15000000,1,1529.47,94923
1786658047229,unknown,Stage0-6-0,0,-1,72086956,124000000,23,23422.16,1478548
1786658047231,unknown,Stage0-2-0,0,-1,15500000,27000000,2,1529.47,96454
1786658047248,unknown,Stage0-0-0,0,-1,19000000,19000000,1,1509.00,97986
1786658047249,unknown,Stage0-4-0,0,-1,72500000,111000000,24,23447.00,1502162
1786658047251,unknown,Stage0-5-0,0,-1,71130434,113000000,23,23422.16,1478548
1786658047251,unknown,Stage0-1-0,0,-1,16500000,28000000,2,1527.94,96454
1786658047305,unknown,Stage0-7-0,0,-1,73173913,115000000,23,23445.55,1478548
1786658047305,unknown,Stage0-3-0,0,-1,16500000,28000000,2,1529.47,96454
1786658048229,unknown,Stage0-6-0,0,-1,74833333,132000000,24,23469.00,1502017
1786658048231,unknown,Stage0-2-0,0,-1,16000000,16000000,1,1531.00,97985
1786658048248,unknown,Stage0-0-0,0,-1,15500000,28000000,2,1530.00,99516
1786658048249,unknown,Stage0-4-0,0,-1,73565217,117000000,23,23423.00,1525585
1786658048251,unknown,Stage0-1-0,0,-1,19000000,19000000,1,1531.00,97985
1786658048252,unknown,Stage0-5-0,0,-1,73125000,120000000,24,23445.55,1502017
1786658048305,unknown,Stage0-7-0,0,-1,77083333,125000000,24,23470.00,1502018
1786658048305,unknown,Stage0-3-0,0,-1,18000000,18000000,1,1531.00,97985
1786658049230,unknown,Stage0-6-0,0,-1,72434782,116000000,23,23445.55,1525486
1786658049233,unknown,Stage0-2-0,0,-1,14000000,25000000,2,1527.94,99516
1786658049249,unknown,Stage0-4-0,0,-1,72000000,116000000,23,23395.00,1548980
1786658049249,unknown,Stage0-0-0,0,-1,28000000,39000000,2,1529.47,101047
1786658049252,unknown,Stage0-5-0,0,-1,72521739,116000000,23,23469.00,1525486
1786658049252,unknown,Stage0-1-0,0,-1,15500000,27000000,2,1529.47,99516
1786658049305,unknown,Stage0-7-0,0,-1,72000000,115000000,23,23468.00,1525486
1786658049306,unknown,Stage0-3-0,0,-1,14500000,27000000,2,1529.47,99516
1786658050230,unknown,Stage0-6-0,0,-1,69826086,120000000,23,23469.00,1548955
1786658050233,unknown,Stage0-2-0,0,-1,26000000,37000000,2,1548.00,101064
1786658050249,unknown,Stage0-4-0,0,-1,69416666,117000000,24,23445.00,1572425
1786658050249,unknown,Stage0-0-0,0,-1,27000000,27000000,1,1531.00,102578
1786658050253,unknown,Stage0-5-0,0,-1,67347826,110000000,23,23445.55,1548955
1786658050254,unknown,Stage0-1-0,0,-1,27000000,38000000,2,1527.94,101047
1786658050307,unknown,Stage0-3-0,0,-1,27500000,39000000,2,1529.47,101047
1786658050307,unknown,Stage0-7-0,0,-1,71739130,111000000,23,23422.16,1548955
1786658051230,unknown,Stage0-6-0,0,-1,72333333,131000000,24,23469.00,1572424
1786658051233,unknown,Stage0-2-0,0,-1,23000000,23000000,1,1530.00,102594
1786658051250,unknown,Stage0-4-0,0,-1,66043478,108000000,23,23444.56,1595893
1786658051251,unknown,Stage0-0-0,0,-1,22500000,31000000,2,1527.94,104109
1786658051253,unknown,Stage0-5-0,0,-1,67250000,107000000,24,23469.00,1572424
1786658051254,unknown,Stage0-1-0,0,-1,26000000,26000000,1,1531.00,102578
1786658051307,unknown,Stage0-7-0,0,-1,72916666,118000000,24,23469.00,1572424
1786658051308,unknown,Stage0-3-0,0,-1,25000000,25000000,1,1529.47,102578
1786658052231,unknown,Stage0-6-0,0,-1,74565217,132000000,23,23445.55,1595893
1786658052233,unknown,Stage0-2-0,0,-1,24000000,35000000,2,1515.00,104109
1786658052250,unknown,Stage0-4-0,0,-1,73166666,119000000,24,23469.00,1619362
1786658052251,unknown,Stage0-0-0,0,-1,29000000,29000000,1,1531.00,105640
1786658052253,unknown,Stage0-5-0,0,-1,65043478,103000000,23,23469.00,1595893
1786658052255,unknown,Stage0-1-0,0,-1,26000000,37000000,2,1529.47,104109
1786658052308,unknown,Stage0-7-0,0,-1,69695652,112000000,23,23445.55,1595893
1786658052309,unknown,Stage0-3-0,0,-1,26000000,37000000,2,1529.47,104109
1786658053232,unknown,Stage0-6-0,0,-1,68750000,127000000,24,23445.55,1619362
1786658053233,unknown,Stage0-2-0,0,-1,27000000,27000000,1,1531.00,105640
1786658053251,unknown,Stage0-4-0,0,-1,59652173,105000000,23,23445.55,1642831
1786658053252,unknown,Stage0-0-0,0,-1,24000000,35000000,2,1529.47,107171
1786658053254,unknown,Stage0-5-0,0,-1,60291666,103000000,24,23445.55,1619362
1786658053255,unknown,Stage0-1-0,0,-1,27000000,27000000,1,1531.00,105640
1786658053308,unknown,Stage0-7-0,0,-1,74416666,120000000,24,23469.00,1619362
1786658053309,unknown,Stage0-3-0,0,-1,29000000,29000000,1,1531.00,105640
1786658054232,unknown,Stage0-6-0,0,-1,70043478,115000000,23,23469.00,1642831
1786658054233,unknown,Stage0-2-0,0,-1,23000000,34000000,2,1531.00,107171
1786658054252,unknown,Stage0-4-0,0,-1,69541666,116000000,24,23445.55,1666300
1786658054252,unknown,Stage0-0-0,0,-1,23000000,23000000,1,1531.00,108702
1786658054255,unknown,Stage0-5-0,0,-1,61391304,100000000,23,23445.55,1642831
1786658054256,unknown,Stage0-1-0,0,-1,24000000,36000000,2,1529.47,107171
1786658054309,unknown,Stage0-7-0,0,-1,73608695,116000000,23,23445.55,1642831
1786658054311,unknown,Stage0-3-0,0,-1,24000000,36000000,2,1527.94,107171
1786658055233,unknown,Stage0-6-0,0,-1,69333333,123000000,24,23445.55,1666300
1786658055234,unknown,Stage0-2-0,0,-1,24000000,24000000,1,1529.47,108702
1786658055252,unknown,Stage0-4-0,0,-1,72304347,116000000,23,23469.00,1689769
1786658055253,unknown,Stage0-0-0,0,-1,22000000,33000000,2,1529.47,110233
1786658055256,unknown,Stage0-1-0,0,-1,21000000,21000000,1,1531.00,108702
1786658055257,unknown,Stage0-5-0,0,-1,69000000,117000000,24,23422.16,1666300
1786658055310,unknown,Stage0-7-0,0,-1,79291666,121000000,24,23445.55,1666300
1786658055311,unknown,Stage0-3-0,0,-1,36000000,36000000,1,1534.00,108705
1786658056234,unknown,Stage0-2-0,0,-1,21500000,33000000,2,1531.00,110233
1786658056234,unknown,Stage0-6-0,0,-1,60304347,105000000,23,23445.55,1689769
1786658056253,unknown,Stage0-4-0,0,-1,69125000,111000000,24,23445.55,1713238
1786658056254,unknown,Stage0-0-0,0,-1,24000000,24000000,1,1529.47,111764
1786658056257,unknown,Stage0-5-0,0,-1,73478260,118000000,23,23469.00,1689769
1786658056258,unknown,Stage0-1-0,0,-1,23000000,34000000,2,1527.94,110233
1786658056311,unknown,Stage0-3-0,0,-1,22000000,33000000,2,1528.00,110233
1786658056311,unknown,Stage0-7-0,0,-1,71826086,115000000,23,23445.55,1689769
1786658057234,unknown,Stage0-2-0,0,-1,22000000,22000000,1,1531.00,111764
1786658057234,unknown,Stage0-6-0,0,-1,72500000,129000000,24,23469.00,1713238
1786658057254,unknown,Stage0-4-0,0,-1,72304347,111000000,23,23445.55,1736707
1786658057256,unknown,Stage0-0-0,0,-1,21000000,33000000,2,1527.94,113295
1786658057258,unknown,Stage0-5-0,0,-1,60916666,96000000,24,23445.55,1713238
1786658057259,unknown,Stage0-1-0,0,-1,24000000,24000000,1,1529.47,111764
1786658057311,unknown,Stage0-7-0,0,-1,86875000,148000000,24,23469.00,1713238
1786658057312,unknown,Stage0-3-0,0,-1,24000000,24000000,1,1529.47,111764
1786658058234,unknown,Stage0-2-0,0,-1,19000000,30000000,2,1538.00,113302
1786658058234,unknown,Stage0-6-0,0,-1,77478260,141000000,23,23469.00,1736707
1786658058255,unknown,Stage0-4-0,0,-1,74500000,120000000,24,23445.55,1760176
1786658058256,unknown,Stage0-0-0,0,-1,23000000,23000000,1,1531.00,114826
1786658058259,unknown,Stage0-5-0,0,-1,70217391,115000000,23,23445.55,1736707
1786658058259,unknown,Stage0-1-0,0,-1,20500000,32000000,2,1531.00,113295
1786658058311,unknown,Stage0-7-0,0,-1,71782608,113000000,23,23469.00,1736707
1786658058312,unknown,Stage0-3-0,0,-1,20500000,32000000,2,1531.00,113295
1786658059235,unknown,Stage0-6-0,0,-1,69625000,114000000,24,23445.55,1760176
1786658059235,unknown,Stage0-2-0,0,-1,20000000,20000000,1,1522.48,114826
1786658059256,unknown,Stage0-0-0,0,-1,19500000,31000000,2,1531.00,116357
1786658059256,unknown,Stage0-4-0,0,-1,69521739,109000000,23,23445.55,1783645
1786658059259,unknown,Stage0-5-0,0,-1,66041666,108000000,24,23469.00,1760176
1786658059260,unknown,Stage0-1-0,0,-1,23000000,23000000,1,1529.47,114826
1786658059312,unknown,Stage0-7-0,0,-1,68291666,109000000,24,23445.55,1760176
1786658059313,unknown,Stage0-3-0,0,-1,23000000,23000000,1,1529.47,114826
1786658060235,unknown,Stage0-2-0,0,-1,21000000,35000000,2,1531.00,116357
1786658060235,unknown,Stage0-6-0,0,-1,71043478,112000000,23,23469.00,1783645
1786658060257,unknown,Stage0-4-0,0,-1,72208333,119000000,24,23445.55,1807114
1786658060257,unknown,Stage0-0-0,0,-1,21000000,21000000,1,1529.47,117888
1786658060261,unknown,Stage0-1-0,0,-1,19000000,30000000,2,1529.47,116357
1786658060261,unknown,Stage0-5-0,0,-1,71304347,116000000,23,23422.16,1783645
1786658060314,unknown,Stage0-7-0,0,-1,69913043,111000000,23,23422.16,1783645
1786658060314,unknown,Stage0-3-0,0,-1,19000000,31000000,2,1529.47,116357
1786658061235,unknown,Stage0-6-0,0,-1,68750000,107000000,24,23469.00,1807114
1786658061236,unknown,Stage0-2-0,0,-1,19000000,19000000,1,1529.47,117888
1786658061258,unknown,Stage0-4-0,0,-1,71086956,113000000,23,23445.55,1830583
1786658061259,unknown,Stage0-0-0,0,-1,17500000,29000000,2,1527.94,119419
1786658061261,unknown,Stage0-5-0,0,-1,69291666,108000000,24,23469.00,1807114
1786658061261,unknown,Stage0-1-0,0,-1,21000000,21000000,1,1531.00,117888
1786658061314,unknown,Stage0-7-0,0,-1,73375000,113000000,24,23469.00,1807114
1786658061314,unknown,Stage0-3-0,0,-1,21000000,21000000,1,1531.00,117888
1786658062236,unknown,Stage0-6-0,0,-1,70173913,109000000,23,23445.55,1830583
1786658062236,unknown,Stage0-2-0,0,-1,16000000,27000000,2,1531.00,119419
1786658062259,unknown,Stage0-4-0,0,-1,68000000,107000000,24,23445.55,1854052
1786658062260,unknown,Stage0-0-0,0,-1,20000000,20000000,1,1529.47,120950
1786658062261,unknown,Stage0-5-0,0,-1,70782608,111000000,23,23483.00,1830597
1786658062261,unknown,Stage0-1-0,0,-1,17500000,29000000,2,1531.00,119419
1786658062315,unknown,Stage0-7-0,0,-1,73782608,117000000,23,23445.55,1830583
1786658062316,unknown,Stage0-3-0,0,-1,17000000,28000000,2,1527.94,119419
1786658063237,unknown,Stage0-6-0,0,-1,70416666,110000000,24,23445.55,1854052
1786658063238,unknown,Stage0-2-0,0,-1,18000000,18000000,1,1527.94,120950
1786658063259,unknown,Stage0-4-0,0,-1,70304347,103000000,23,23469.00,1877521
1786658063261,unknown,Stage0-0-0,0,-1,16000000,28000000,2,1529.47,122481
1786658063262,unknown,Stage0-5-0,0,-1,67291666,111000000,24,23431.57,1854052
1786658063262,unknown,Stage0-1-0,0,-1,19000000,19000000,1,1529.47,120950
1786658063316,unknown,Stage0-3-0,0,-1,19000000,19000000,1,1531.00,120950
1786658063316,unknown,Stage0-7-0,0,-1,68958333,107000000,24,23445.55,1854052
1786658064237,unknown,Stage0-6-0,0,-1,71826086,116000000,23,23469.00,1877521
1786658064238,unknown,Stage0-2-0,0,-1,14500000,26000000,2,1531.00,122481
1786658064260,unknown,Stage0-4-0,0,-1,70173913,115000000,23,23445.55,1900990
1786658064261,unknown,Stage0-0-0,0,-1,29000000,40000000,2,1531.00,124012
1786658064263,unknown,Stage0-5-0,0,-1,72478260,116000000,23,23445.55,1877521
1786658064263,unknown,Stage0-1-0,0,-1,21500000,38000000,2,1529.47,122481
1786658064317,unknown,Stage0-7-0,0,-1,72391304,114000000,23,23445.55,1877521
1786658064317,unknown,Stage0-3-0,0,-1,15000000,26000000,2,1529.47,122481
1786658065238,unknown,Stage0-6-0,0,-1,69478260,112000000,23,23445.55,1900990
1786658065238,unknown,Stage0-2-0,0,-1,26500000,37000000,2,1531.00,124012
1786658065261,unknown,Stage0-4-0,0,-1,66708333,106000000,24,23445.55,1924459
1786658065261,unknown,Stage0-0-0,0,-1,26000000,26000000,1,1531.00,125543
1786658065263,unknown,Stage0-5-0,0,-1,69391304,108000000,23,23469.00,1900990
1786658065264,unknown,Stage0-1-0,0,-1,28500000,39000000,2,1529.47,124012
1786658065318,unknown,Stage0-7-0,0,-1,69695652,111000000,23,23445.55,1900990
1786658065319,unknown,Stage0-3-0,0,-1,27500000,38000000,2,1527.94,124012
1786658066238,unknown,Stage0-6-0,0,-1,70833333,114000000,24,23469.00,1924459
1786658066238,unknown,Stage0-2-0,0,-1,24000000,24000000,1,1531.00,125543
1786658066261,unknown,Stage0-4-0,0,-1,72043478,116000000,23,23469.00,1947928
1786658066262,unknown,Stage0-0-0,0,-1,26500000,37000000,2,1529.47,127074
1786658066264,unknown,Stage0-1-0,0,-1,25000000,25000000,1,1531.00,125543
1786658066264,unknown,Stage0-5-0,0,-1,67041666,110000000,24,23445.55,1924459
1786658066319,unknown,Stage0-3-0,0,-1,27000000,27000000,1,1531.00,125543
1786658066319,unknown,Stage0-7-0,0,-1,70750000,115000000,24,23445.55,1924459
1786658067238,unknown,Stage0-6-0,0,-1,63173913,103000000,23,23469.00,1947928
1786658067239,unknown,Stage0-2-0,0,-1,24000000,35000000,2,1529.47,127074
1786658067263,unknown,Stage0-4-0,0,-1,68750000,107000000,24,23422.16,1971397
1786658067263,unknown,Stage0-0-0,0,-1,29000000,29000000,1,1529.47,128605
1786658067264,unknown,Stage0-1-0,0,-1,27000000,38000000,2,1531.00,127074
1786658067265,unknown,Stage0-5-0,0,-1,71173913,113000000,23,23445.55,1947928
1786658067319,unknown,Stage0-7-0,0,-1,69173913,109000000,23,23469.00,1947928
1786658067319,unknown,Stage0-3-0,0,-1,26500000,38000000,2,1531.00,127074
1786658068239,unknown,Stage0-6-0,0,-1,66541666,112000000,24,23445.55,1971397
1786658068240,unknown,Stage0-2-0,0,-1,27000000,27000000,1,1529.47,128605
1786658068263,unknown,Stage0-4-0,0,-1,69782608,109000000,23,23469.00,1994866
1786658068263,unknown,Stage0-0-0,0,-1,24500000,35000000,2,1531.00,130136
1786658068265,unknown,Stage0-5-0,0,-1,67875000,103000000,24,23469.00,1971397
1786658068265,unknown,Stage0-1-0,0,-1,28000000,28000000,1,1529.47,128605
1786658068320,unknown,Stage0-7-0,0,-1,70541666,112000000,24,23445.55,1971397
1786658068321,unknown,Stage0-3-0,0,-1,29000000,29000000,1,1527.94,128605
1786658069240,unknown,Stage0-6-0,0,-1,71130434,114000000,23,23445.55,1994866
1786658069240,unknown,Stage0-2-0,0,-1,23500000,35000000,2,1531.00,130136
1786658069263,unknown,Stage0-4-0,0,-1,67666666,106000000,24,23469.00,2018335
1786658069263,unknown,Stage0-0-0,0,-1,27000000,27000000,1,1531.00,131667
1786658069266,unknown,Stage0-1-0,0,-1,22500000,31000000,2,1529.47,130136
1786658069266,unknown,Stage0-5-0,0,-1,58130434,97000000,23,23445.55,1994866
1786658069321,unknown,Stage0-7-0,0,-1,71260869,114000000,23,23445.55,1994866
1786658069321,unknown,Stage0-3-0,0,-1,25000000,36000000,2,1531.00,130136
1786658070241,unknown,Stage0-6-0,0,-1,70125000,117000000,24,23445.55,2018335
1786658070241,unknown,Stage0-2-0,0,-1,25000000,25000000,1,1529.47,131667
1786658070264,unknown,Stage0-4-0,0,-1,97869565,168000000,23,23445.55,2041804
1786658070264,unknown,Stage0-0-0,0,-1,23500000,35000000,2,1529.47,133198
1786658070267,unknown,Stage0-1-0,0,-1,27000000,27000000,1,1529.47,131667
1786658070267,unknown,Stage0-5-0,0,-1,67125000,113000000,24,23445.55,2018335
1786658070322,unknown,Stage0-7-0,0,-1,60333333,98000000,24,23445.55,2018335
1786658070322,unknown,Stage0-3-0,0,-1,26000000,26000000,1,1529.47,131667
1786658071241,unknown,Stage0-6-0,0,-1,74130434,119000000,23,23469.00,2041804
1786658071241,unknown,Stage0-2-0,0,-1,22000000,34000000,2,1531.00,133198
1786658071264,unknown,Stage0-4-0,0,-1,72750000,114000000,24,23469.00,2065273
1786658071265,unknown,Stage0-0-0,0,-1,25000000,25000000,1,1529.47,134729
1786658071267,unknown,Stage0-5-0,0,-1,64869565,103000000,23,23469.00,2041804
1786658071267,unknown,Stage0-1-0,0,-1,22500000,33000000,2,1531.00,133198
1786658071322,unknown,Stage0-7-0,0,-1,72652173,116000000,23,23494.00,2041829
1786658071322,unknown,Stage0-3-0,0,-1,22500000,33000000,2,1531.00,133198
1786658072241,unknown,Stage0-6-0,0,-1,68375000,107000000,24,23469.00,2065273
1786658072243,unknown,Stage0-2-0,0,-1,19000000,19000000,1,1527.94,134729
1786658072265,unknown,Stage0-4-0,0,-1,72478260,110000000,23,23445.55,2088742
1786658072265,unknown,Stage0-0-0,0,-1,22000000,34000000,2,1531.00,136260
1786658072268,unknown,Stage0-1-0,0,-1,26000000,26000000,1,1529.47,134729
1786658072268,unknown,Stage0-5-0,0,-1,85750000,147000000,24,23445.55,2065273
1786658072322,unknown,Stage0-7-0,0,-1,70833333,116000000,24,23444.00,2065273
1786658072323,unknown,Stage0-3-0,0,-1,25000000,25000000,1,1529.47,134729
1786658073243,unknown,Stage0-6-0,0,-1,74739130,120000000,23,23422.16,2088742
1786658073243,unknown,Stage0-2-0,0,-1,21000000,33000000,2,1531.00,136260
1786658073265,unknown,Stage0-4-0,0,-1,69166666,112000000,24,23470.00,2112212
1786658073265,unknown,Stage0-0-0,0,-1,24000000,24000000,1,1531.00,137791
1786658073268,unknown,Stage0-5-0,0,-1,66434782,105000000,23,23469.00,2088742
1786658073269,unknown,Stage0-1-0,0,-1,20500000,31000000,2,1529.47,136260
1786658073322,unknown,Stage0-7-0,0,-1,69782608,108000000,23,23469.00,2088742
1786658073323,unknown,Stage0-3-0,0,-1,22000000,33000000,2,1531.00,136260
1786658074243,unknown,Stage0-6-0,0,-1,72083333,114000000,24,23469.00,2112211
1786658074243,unknown,Stage0-2-0,0,-1,22000000,22000000,1,1531.00,137791
1786658074266,unknown,Stage0-4-0,0,-1,75478260,123000000,23,23444.56,2135680
1786658074266,unknown,Stage0-0-0,0,-1,20500000,32000000,2,1529.47,139322
1786658074269,unknown,Stage0-5-0,0,-1,64000000,108000000,24,23445.55,2112211
1786658074269,unknown,Stage0-1-0,0,-1,19000000,19000000,1,1531.00,137791
1786658074323,unknown,Stage0-7-0,0,-1,72000000,117000000,24,23445.55,2112211
1786658074323,unknown,Stage0-3-0,0,-1,24000000,24000000,1,1531.00,137791
1786658075244,unknown,Stage0-6-0,0,-1,72260869,118000000,23,23445.55,2135680
1786658075244,unknown,Stage0-2-0,0,-1,18000000,29000000,2,1529.47,139322
1786658075266,unknown,Stage0-4-0,0,-1,71458333,117000000,24,23469.00,2159149
1786658075266,unknown,Stage0-0-0,0,-1,22000000,22000000,1,1531.00,140853
1786658075270,unknown,Stage0-5-0,0,-1,66521739,109000000,23,23445.55,2135680
1786658075271,unknown,Stage0-1-0,0,-1,17500000,27000000,2,1527.94,139322
1786658075324,unknown,Stage0-7-0,0,-1,70521739,113000000,23,23445.55,2135680
1786658075324,unknown,Stage0-3-0,0,-1,19000000,30000000,2,1529.47,139322
1786658076244,unknown,Stage0-6-0,0,-1,70708333,117000000,24,23469.00,2159149
1786658076244,unknown,Stage0-2-0,0,-1,21000000,21000000,1,1531.00,140853
1786658076266,unknown,Stage0-0-0,0,-1,18500000,30000000,2,1531.00,142384
1786658076266,unknown,Stage0-4-0,0,-1,71347826,117000000,23,23469.00,2182618
1786658076271,unknown,Stage0-1-0,0,-1,22000000,22000000,1,1534.00,140856
1786658076271,unknown,Stage0-5-0,0,-1,67583333,111000000,24,23445.55,2159149
1786658076324,unknown,Stage0-7-0,0,-1,72000000,118000000,24,23480.00,2159160
1786658076324,unknown,Stage0-3-0,0,-1,22000000,22000000,1,1531.00,140853
1786658077244,unknown,Stage0-6-0,0,-1,71434782,116000000,23,23469.00,2182618
1786658077245,unknown,Stage0-2-0,0,-1,18000000,31000000,2,1529.47,142384
1786658077266,unknown,Stage0-4-0,0,-1,72875000,117000000,24,23469.00,2206087
1786658077267,unknown,Stage0-0-0,0,-1,25000000,25000000,1,1529.47,143915
1786658077271,unknown,Stage0-5-0,0,-1,72565217,112000000,23,23469.00,2182618
1786658077272,unknown,Stage0-1-0,0,-1,18500000,29000000,2,1526.47,142384
1786658077325,unknown,Stage0-7-0,0,-1,80260869,126000000,23,23434.57,2182618
1786658077325,unknown,Stage0-3-0,0,-1,18000000,30000000,2,1529.47,142384
1786658078245,unknown,Stage0-6-0,0,-1,68375000,110000000,24,23445.55,2206087
1786658078246,unknown,Stage0-2-0,0,-1,18000000,18000000,1,1529.47,143915
1786658078267,unknown,Stage0-4-0,0,-1,73521739,111000000,23,23445.55,2229556
1786658078267,unknown,Stage0-0-0,0,-1,16000000,28000000,2,1531.00,145446
1786658078272,unknown,Stage0-1-0,0,-1,20000000,20000000,1,1535.00,143919
1786658078272,unknown,Stage0-5-0,0,-1,71791666,115000000,24,23445.55,2206087
1786658078326,unknown,Stage0-7-0,0,-1,72708333,119000000,24,23445.55,2206087
1786658078327,unknown,Stage0-3-0,0,-1,20000000,20000000,1,1527.94,143915
1786658079245,unknown,Stage0-6-0,0,-1,71391304,113000000,23,23469.00,2229556
1786658079246,unknown,Stage0-2-0,0,-1,16000000,27000000,2,1531.00,145446
1786658079268,unknown,Stage0-0-0,0,-1,18000000,18000000,1,1529.47,146977
1786658079268,unknown,Stage0-4-0,0,-1,74666666,123000000,24,23445.55,2253025
1786658079272,unknown,Stage0-1-0,0,-1,16000000,27000000,2,1527.00,145446
1786658079273,unknown,Stage0-5-0,0,-1,69086956,105000000,23,23445.55,2229556
1786658079327,unknown,Stage0-7-0,0,-1,74695652,117000000,23,23445.55,2229556
1786658079327,unknown,Stage0-3-0,0,-1,17000000,29000000,2,1531.00,145446
1786658080246,unknown,Stage0-6-0,0,-1,72250000,119000000,24,23445.55,2253025
1786658080247,unknown,Stage0-2-0,0,-1,16000000,16000000,1,1529.47,146977
1786658080269,unknown,Stage0-4-0,0,-1,72130434,109000000,23,23445.55,2276494
1786658080269,unknown,Stage0-0-0,0,-1,14500000,26000000,2,1529.47,148508
1786658080274,unknown,Stage0-1-0,0,-1,19000000,19000000,1,1527.94,146977
1786658080274,unknown,Stage0-5-0,0,-1,74375000,123000000,24,23445.55,2253025
1786658080327,unknown,Stage0-7-0,0,-1,71708333,114000000,24,23469.00,2253025
1786658080327,unknown,Stage0-3-0,0,-1,18000000,18000000,1,1531.00,146977
1786658081247,unknown,Stage0-6-0,0,-1,71260869,116000000,23,23445.55,2276494
1786658081247,unknown,Stage0-2-0,0,-1,14000000,25000000,2,1531.00,148508
1786658081269,unknown,Stage0-4-0,0,-1,72347826,118000000,23,23469.00,2299963
1786658081270,unknown,Stage0-0-0,0,-1,26500000,37000000,2,1529.47,150039
1786658081275,unknown,Stage0-1-0,0,-1,15500000,28000000,2,1529.47,148508
1786658081275,unknown,Stage0-5-0,0,-1,73434782,116000000,23,23445.55,2276494
1786658081327,unknown,Stage0-7-0,0,-1,73304347,115000000,23,23469.00,2276494
1786658081328,unknown,Stage0-3-0,0,-1,14500000,26000000,2,1529.47,148508
1786658082248,unknown,Stage0-6-0,0,-1,71173913,114000000,23,23445.55,2299963
1786658082249,unknown,Stage0-2-0,0,-1,25500000,36000000,2,1527.94,150039
1786658082271,unknown,Stage0-4-0,0,-1,27541666,49000000,24,23422.16,2323432
1786658082271,unknown,Stage0-0-0,0,-1,25000000,25000000,1,1529.47,151570
1786658082275,unknown,Stage0-1-0,0,-1,27500000,39000000,2,1531.00,150039
1786658082275,unknown,Stage0-5-0,0,-1,68739130,113000000,23,23469.00,2299963
1786658082328,unknown,Stage0-7-0,0,-1,66304347,110000000,23,23445.55,2299963
1786658082328,unknown,Stage0-3-0,0,-1,27500000,39000000,2,1531.00,150039
1786658083248,unknown,Stage0-6-0,0,-1,65791666,106000000,24,23469.00,2323432
1786658083249,unknown,Stage0-2-0,0,-1,24000000,24000000,1,1531.00,151570
1786658083271,unknown,Stage0-4-0,0,-1,73739130,117000000,23,23469.00,2346901
1786658083272,unknown,Stage0-0-0,0,-1,25500000,37000000,2,1529.47,153101
1786658083276,unknown,Stage0-1-0,0,-1,25000000,25000000,1,1529.47,151570
1786658083276,unknown,Stage0-5-0,0,-1,67666666,115000000,24,23445.55,2323432
1786658083329,unknown,Stage0-7-0,0,-1,71291666,111000000,24,23445.55,2323432
1786658083330,unknown,Stage0-3-0,0,-1,25000000,25000000,1,1527.94,151570
1786658084249,unknown,Stage0-6-0,0,-1,71478260,115000000,23,23445.55,2346901
1786658084250,unknown,Stage0-2-0,0,-1,23500000,35000000,2,1529.47,153101
1786658084271,unknown,Stage0-4-0,0,-1,69583333,116000000,24,23469.00,2370370
1786658084273,unknown,Stage0-0-0,0,-1,29000000,29000000,1,1529.47,154632
1786658084276,unknown,Stage0-1-0,0,-1,25500000,36000000,2,1531.00,153101
1786658084276,unknown,Stage0-5-0,0,-1,71956521,117000000,23,23469.00,2346901
1786658084329,unknown,Stage0-7-0,0,-1,71086956,117000000,23,23469.00,2346901
1786658084331,unknown,Stage0-3-0,0,-1,26000000,38000000,2,1529.47,153101
1786658085250,unknown,Stage0-6-0,0,-1,70666666,119000000,24,23445.55,2370370
1786658085250,unknown,Stage0-2-0,0,-1,26000000,26000000,1,1531.00,154632
1786658085272,unknown,Stage0-4-0,0,-1,74739130,123000000,23,23445.55,2393839
1786658085273,unknown,Stage0-0-0,0,-1,24000000,35000000,2,1531.00,156163
1786658085276,unknown,Stage0-5-0,0,-1,65708333,111000000,24,23469.00,2370370
1786658085277,unknown,Stage0-1-0,0,-1,23000000,23000000,1,1529.47,154632
1786658085331,unknown,Stage0-7-0,0,-1,65791666,108000000,24,23422.16,2370370
1786658085332,unknown,Stage0-3-0,0,-1,24000000,24000000,1,1529.47,154632
1786658086251,unknown,Stage0-6-0,0,-1,66391304,100000000,23,23445.55,2393839
1786658086252,unknown,Stage0-2-0,0,-1,21500000,32000000,2,1527.94,156163
1786658086274,unknown,Stage0-4-0,0,-1,67333333,115000000,24,23422.16,2417308
1786658086274,unknown,Stage0-0-0,0,-1,26000000,26000000,1,1529.47,157694
1786658086278,unknown,Stage0-1-0,0,-1,23500000,35000000,2,1529.47,156163
1786658086278,unknown,Stage0-5-0,0,-1,64347826,110000000,23,23422.16,2393839
1786658086331,unknown,Stage0-7-0,0,-1,74956521,117000000,23,23469.00,2393839
1786658086332,unknown,Stage0-3-0,0,-1,24500000,36000000,2,1531.00,156163
1786658087251,unknown,Stage0-6-0,0,-1,65500000,106000000,24,23469.00,2417308
1786658087252,unknown,Stage0-2-0,0,-1,24000000,24000000,1,1531.00,157694
1786658087275,unknown,Stage0-4-0,0,-1,78304347,123000000,23,23445.55,2440777
1786658087275,unknown,Stage0-0-0,0,-1,22000000,31000000,2,1529.47,159225
1786658087278,unknown,Stage0-1-0,0,-1,26000000,26000000,1,1531.00,157694
1786658087279,unknown,Stage0-5-0,0,-1,71750000,122000000,24,23445.55,2417308
1786658087332,unknown,Stage0-7-0,0,-1,70375000,115000000,24,23445.55,2417308
1786658087333,unknown,Stage0-3-0,0,-1,23000000,23000000,1,1529.47,157694
1786658088252,unknown,Stage0-6-0,0,-1,70565217,113000000,23,23445.55,2440777
1786658088253,unknown,Stage0-2-0,0,-1,20500000,31000000,2,1529.47,159225
1786658088276,unknown,Stage0-4-0,0,-1,77916666,125000000,24,23445.55,2464246
1786658088276,unknown,Stage0-0-0,0,-1,24000000,24000000,1,1529.47,160756
1786658088280,unknown,Stage0-5-0,0,-1,70000000,113000000,23,23445.55,2440777
1786658088280,unknown,Stage0-1-0,0,-1,21500000,32000000,2,1527.94,159225
1786658088333,unknown,Stage0-7-0,0,-1,75217391,117000000,23,23445.55,2440777
1786658088334,unknown,Stage0-3-0,0,-1,21500000,32000000,2,1529.47,159225
1786658089252,unknown,Stage0-6-0,0,-1,67000000,107000000,24,23469.00,2464246
1786658089253,unknown,Stage0-2-0,0,-1,22000000,22000000,1,1531.00,160756
1786658089277,unknown,Stage0-4-0,0,-1,82000000,124000000,23,23445.55,2487715
1786658089277,unknown,Stage0-0-0,0,-1,21000000,32000000,2,1529.47,162287
1786658089280,unknown,Stage0-1-0,0,-1,25000000,25000000,1,1531.00,160756
1786658089281,unknown,Stage0-5-0,0,-1,68166666,110000000,24,23445.55,2464246
1786658089333,unknown,Stage0-7-0,0,-1,65916666,106000000,24,23469.00,2464246
1786658089334,unknown,Stage0-3-0,0,-1,23000000,23000000,1,1531.00,160756
1786658090253,unknown,Stage0-6-0,0,-1,69521739,110000000,23,23445.55,2487715
1786658090254,unknown,Stage0-2-0,0,-1,19000000,30000000,2,1529.47,162287
1786658090277,unknown,Stage0-4-0,0,-1,78708333,124000000,24,23469.00,2511184
1786658090278,unknown,Stage0-0-0,0,-1,23000000,23000000,1,1529.47,163818
1786658090280,unknown,Stage0-1-0,0,-1,21500000,33000000,2,1531.00,162287
1786658090281,unknown,Stage0-5-0,0,-1,70260869,107000000,23,23476.00,2487722
1786658090334,unknown,Stage0-7-0,0,-1,75956521,119000000,23,23445.55,2487715
1786658090335,unknown,Stage0-3-0,0,-1,19000000,29000000,2,1529.47,162287
1786658091254,unknown,Stage0-6-0,0,-1,71083333,114000000,24,23445.55,2511184
1786658091255,unknown,Stage0-2-0,0,-1,21000000,21000000,1,1529.47,163818
1786658091278,unknown,Stage0-4-0,0,-1,69043478,98000000,23,23445.55,2534653
1786658091279,unknown,Stage0-0-0,0,-1,19000000,30000000,2,1529.47,165349
1786658091281,unknown,Stage0-1-0,0,-1,23000000,23000000,1,1529.47,163818
1786658091282,unknown,Stage0-5-0,0,-1,72541666,121000000,24,23438.56,2511184
1786658091335,unknown,Stage0-7-0,0,-1,69541666,109000000,24,23445.55,2511184
1786658091336,unknown,Stage0-3-0,0,-1,21000000,21000000,1,1529.47,163818
1786658092255,unknown,Stage0-6-0,0,-1,69739130,111000000,23,23445.55,2534653
1786658092256,unknown,Stage0-2-0,0,-1,17000000,28000000,2,1529.47,165349
1786658092279,unknown,Stage0-4-0,0,-1,83708333,135000000,24,23445.55,2558122
1786658092279,unknown,Stage0-0-0,0,-1,22000000,22000000,1,1531.00,166880
1786658092282,unknown,Stage0-1-0,0,-1,19500000,31000000,2,1529.47,165349
1786658092282,unknown,Stage0-5-0,0,-1,75782608,124000000,23,23469.00,2534653
1786658092336,unknown,Stage0-7-0,0,-1,72739130,110000000,23,23445.55,2534653
1786658092337,unknown,Stage0-3-0,0,-1,19000000,30000000,2,1529.47,165349
1786658093255,unknown,Stage0-6-0,0,-1,68500000,107000000,24,23469.00,2558122
1786658093257,unknown,Stage0-2-0,0,-1,19000000,19000000,1,1529.47,166880
1786658093279,unknown,Stage0-0-0,0,-1,17500000,29000000,2,1531.00,168411
1786658093280,unknown,Stage0-4-0,0,-1,82608695,130000000,23,23445.55,2581591
1786658093283,unknown,Stage0-5-0,0,-1,72791666,114000000,24,23445.55,2558122
1786658093283,unknown,Stage0-1-0,0,-1,23000000,23000000,1,1529.47,166880
1786658093336,unknown,Stage0-7-0,0,-1,71750000,112000000,24,23469.00,2558122
1786658093337,unknown,Stage0-3-0,0,-1,21000000,21000000,1,1531.00,166880
1786658094255,unknown,Stage0-6-0,0,-1,71260869,109000000,23,23469.00,2581591
1786658094257,unknown,Stage0-2-0,0,-1,17500000,30000000,2,1531.00,168411
1786658094280,unknown,Stage0-4-0,0,-1,76333333,122000000,24,23470.00,2605061
1786658094280,unknown,Stage0-0-0,0,-1,19000000,19000000,1,1529.47,169942
1786658094284,unknown,Stage0-5-0,0,-1,67086956,106000000,23,23445.55,2581591
1786658094284,unknown,Stage0-1-0,0,-1,19000000,30000000,2,1529.47,168411
1786658094337,unknown,Stage0-7-0,0,-1,75913043,114000000,23,23445.55,2581591
1786658094337,unknown,Stage0-3-0,0,-1,16500000,27000000,2,1531.00,168411
1786658095257,unknown,Stage0-6-0,0,-1,73458333,120000000,24,23422.16,2605060
1786658095258,unknown,Stage0-2-0,0,-1,17000000,17000000,1,1529.47,169942
1786658095280,unknown,Stage0-4-0,0,-1,70956521,111000000,23,23468.00,2628529
1786658095280,unknown,Stage0-0-0,0,-1,15500000,27000000,2,1531.00,171473
1786658095284,unknown,Stage0-1-0,0,-1,23000000,23000000,1,1531.00,169942
1786658095285,unknown,Stage0-5-0,0,-1,69958333,114000000,24,23445.55,2605060
1786658095338,unknown,Stage0-7-0,0,-1,68541666,109000000,24,23445.55,2605060
1786658095338,unknown,Stage0-3-0,0,-1,19000000,19000000,1,1529.47,169942
1786658096257,unknown,Stage0-6-0,0,-1,72000000,116000000,23,23469.00,2628529
1786658096258,unknown,Stage0-2-0,0,-1,15000000,26000000,2,1531.00,171473
1786658096280,unknown,Stage0-4-0,0,-1,74521739,124000000,23,23469.00,2651998
1786658096280,unknown,Stage0-0-0,0,-1,28500000,39000000,2,1531.00,173004
1786658096284,unknown,Stage0-1-0,0,-1,15500000,26000000,2,1531.00,171473
1786658096286,unknown,Stage0-5-0,0,-1,71478260,115000000,23,23445.55,2628529
1786658096338,unknown,Stage0-7-0,0,-1,77304347,118000000,23,23469.00,2628529
1786658096339,unknown,Stage0-3-0,0,-1,15500000,27000000,2,1529.47,171473
1786658097258,unknown,Stage0-6-0,0,-1,72782608,114000000,23,23445.55,2651998
1786658097259,unknown,Stage0-2-0,0,-1,26500000,37000000,2,1529.47,173004
1786658097281,unknown,Stage0-4-0,0,-1,67166666,112000000,24,23445.55,2675467
1786658097281,unknown,Stage0-0-0,0,-1,27000000,27000000,1,1529.47,174535
1786658097285,unknown,Stage0-1-0,0,-1,24500000,32000000,2,1529.47,173004
1786658097286,unknown,Stage0-5-0,0,-1,68478260,109000000,23,23469.00,2651998
1786658097339,unknown,Stage0-7-0,0,-1,68782608,108000000,23,23445.55,2651998
1786658097339,unknown,Stage0-3-0,0,-1,28500000,39000000,2,1531.00,173004
1786658098258,unknown,Stage0-6-0,0,-1,111166666,222000000,24,23469.00,2675467
1786658098259,unknown,Stage0-2-0,0,-1,23000000,23000000,1,1531.00,174535
1786658098281,unknown,Stage0-0-0,0,-1,26500000,38000000,2,1531.00,176066
1786658098281,unknown,Stage0-4-0,0,-1,141000000,229000000,23,23469.00,2698936
1786658098285,unknown,Stage0-1-0,0,-1,27000000,27000000,1,1531.00,174535
1786658098286,unknown,Stage0-5-0,0,-1,137875000,233000000,24,23483.00,2675481
1786658098340,unknown,Stage0-3-0,0,-1,26000000,26000000,1,1529.47,174535
1786658098340,unknown,Stage0-7-0,0,-1,151083333,207000000,24,23445.55,2675467
1786658099258,unknown,Stage0-6-0,0,-1,61695652,102000000,23,23469.00,2698936
1786658099260,unknown,Stage0-2-0,0,-1,21000000,29000000,2,1529.47,176066
1786658099282,unknown,Stage0-4-0,0,-1,69333333,114000000,24,23445.55,2722405
1786658099282,unknown,Stage0-0-0,0,-1,23000000,23000000,1,1529.47,177597
1786658099286,unknown,Stage0-1-0,0,-1,19500000,27000000,2,1529.47,176066
1786658099287,unknown,Stage0-5-0,0,-1,64695652,109000000,23,23431.57,2698936
1786658099340,unknown,Stage0-7-0,0,-1,67043478,107000000,23,23469.00,2698936
1786658099340,unknown,Stage0-3-0,0,-1,19000000,26000000,2,1531.00,176066
1786658100259,unknown,Stage0-6-0,0,-1,64000000,104000000,24,23445.55,2722405
1786658100261,unknown,Stage0-2-0,0,-1,25000000,25000000,1,1529.47,177597
1786658100282,unknown,Stage0-0-0,0,-1,20500000,28000000,2,1531.00,179128
1786658100282,unknown,Stage0-4-0,0,-1,63478260,99000000,23,23469.00,2745874
1786658100287,unknown,Stage0-1-0,0,-1,29000000,29000000,1,1529.47,177597
1786658100287,unknown,Stage0-5-0,0,-1,62291666,107000000,24,23469.00,2722405
1786658100341,unknown,Stage0-3-0,0,-1,16000000,16000000,1,1529.47,177597
1786658100341,unknown,Stage0-7-0,0,-1,65750000,106000000,24,23445.55,2722405
1786658101259,unknown,Stage0-6-0,0,-1,66043478,94000000,23,23469.00,2745874
1786658101261,unknown,Stage0-2-0,0,-1,22000000,32000000,2,1531.00,179128
1786658101283,unknown,Stage0-4-0,0,-1,61083333,90000000,24,23445.55,2769343
1786658101283,unknown,Stage0-0-0,0,-1,20000000,20000000,1,1529.47,180659
1786658101288,unknown,Stage0-5-0,0,-1,63826086,98000000,23,23445.55,2745874
1786658101289,unknown,Stage0-1-0,0,-1,24500000,35000000,2,1527.94,179128
1786658101342,unknown,Stage0-7-0,0,-1,61652173,92000000,23,23445.55,2745874
1786658101343,unknown,Stage0-3-0,0,-1,20500000,31000000,2,1527.94,179128
1786658102260,unknown,Stage0-6-0,0,-1,66958333,110000000,24,23445.55,2769343
1786658102262,unknown,Stage0-2-0,0,-1,24000000,24000000,1,1529.47,180659
1786658102283,unknown,Stage0-4-0,0,-1,69608695,114000000,23,23486.00,2792829
1786658102283,unknown,Stage0-0-0,0,-1,23000000,34000000,2,1531.00,182190
1786658102288,unknown,Stage0-5-0,0,-1,64291666,106000000,24,23469.00,2769343
1786658102289,unknown,Stage0-1-0,0,-1,27000000,27000000,1,1535.00,180663
1786658102343,unknown,Stage0-7-0,0,-1,60458333,99000000,24,23445.55,2769343
1786658102343,unknown,Stage0-3-0,0,-1,26000000,26000000,1,1531.00,180659
1786658103261,unknown,Stage0-6-0,0,-1,36869565,45000000,23,23445.55,2792812
1786658103262,unknown,Stage0-2-0,0,-1,23000000,35000000,2,1531.00,182190
1786658103283,unknown,Stage0-4-0,0,-1,50083333,85000000,24,23452.00,2816281
1786658103284,unknown,Stage0-0-0,0,-1,25000000,25000000,1,1529.47,183721
1786658103289,unknown,Stage0-5-0,0,-1,47173913,74000000,23,23445.55,2792812
1786658103289,unknown,Stage0-1-0,0,-1,17500000,24000000,2,1527.00,182190
1786658103344,unknown,Stage0-7-0,0,-1,50695652,82000000,23,23445.55,2792812
1786658103345,unknown,Stage0-3-0,0,-1,22000000,32000000,2,1527.94,182190
1786658104261,unknown,Stage0-6-0,0,-1,45500000,78000000,24,23469.00,2816281
1786658104263,unknown,Stage0-2-0,0,-1,18000000,18000000,1,1529.47,183721
1786658104284,unknown,Stage0-0-0,0,-1,17500000,25000000,2,1531.00,185252
1786658104284,unknown,Stage0-4-0,0,-1,49956521,83000000,23,23445.55,2839750
1786658104290,unknown,Stage0-1-0,0,-1,21000000,21000000,1,1529.47,183721
1786658104290,unknown,Stage0-5-0,0,-1,51791666,86000000,24,23445.55,2816281
1786658104344,unknown,Stage0-7-0,0,-1,48666666,79000000,24,23469.00,2816281
1786658104345,unknown,Stage0-3-0,0,-1,18000000,18000000,1,1531.00,183721
1786658105262,unknown,Stage0-6-0,0,-1,44217391,70000000,23,23445.55,2839750
1786658105263,unknown,Stage0-2-0,0,-1,13500000,21000000,2,1531.00,185252
1786658105284,unknown,Stage0-0-0,0,-1,17000000,17000000,1,1531.00,186783
1786658105284,unknown,Stage0-4-0,0,-1,51541666,85000000,24,23469.00,2863219
1786658105290,unknown,Stage0-1-0,0,-1,15500000,23000000,2,1531.00,185252
1786658105291,unknown,Stage0-5-0,0,-1,46913043,77000000,23,23445.55,2839750
1786658105345,unknown,Stage0-3-0,0,-1,15500000,23000000,2,1531.00,185252
1786658105345,unknown,Stage0-7-0,0,-1,47739130,74000000,23,23445.55,2839750
1786658106262,unknown,Stage0-6-0,0,-1,45833333,76000000,24,23469.00,2863219
1786658106264,unknown,Stage0-2-0,0,-1,15000000,15000000,1,1529.47,186783
1786658106284,unknown,Stage0-4-0,0,-1,47782608,79000000,23,23469.00,2886688
1786658106285,unknown,Stage0-0-0,0,-1,14000000,22000000,2,1529.47,188314
1786658106291,unknown,Stage0-5-0,0,-1,48291666,79000000,24,23469.00,2863219
1786658106292,unknown,Stage0-1-0,0,-1,18000000,18000000,1,1527.94,186783
1786658106346,unknown,Stage0-7-0,0,-1,45625000,67000000,24,23445.55,2863219
1786658106347,unknown,Stage0-3-0,0,-1,17000000,17000000,1,1527.94,186783
1786658107263,unknown,Stage0-6-0,0,-1,46565217,75000000,23,23445.55,2886688
1786658107264,unknown,Stage0-2-0,0,-1,12500000,19000000,2,1531.00,188314
1786658107286,unknown,Stage0-4-0,0,-1,45500000,74000000,24,23422.16,2910157
1786658107286,unknown,Stage0-0-0,0,-1,16000000,16000000,1,1529.47,189845
1786658107292,unknown,Stage0-1-0,0,-1,14500000,22000000,2,1531.00,188314
1786658107292,unknown,Stage0-5-0,0,-1,49565217,81000000,23,23445.55,2886688
1786658107346,unknown,Stage0-7-0,0,-1,52043478,84000000,23,23469.00,2886688
1786658107347,unknown,Stage0-3-0,0,-1,14500000,22000000,2,1539.00,188322
1786658108263,unknown,Stage0-6-0,0,-1,43708333,70000000,24,23469.00,2910157
1786658108264,unknown,Stage0-2-0,0,-1,14000000,14000000,1,1532.00,189846
1786658108286,unknown,Stage0-0-0,0,-1,13000000,21000000,2,1534.00,191379
1786658108286,unknown,Stage0-4-0,0,-1,50173913,83000000,23,23469.00,2933626
1786658108292,unknown,Stage0-1-0,0,-1,12000000,12000000,1,1531.00,189845
1786658108293,unknown,Stage0-5-0,0,-1,46750000,73000000,24,23445.55,2910157
1786658108346,unknown,Stage0-7-0,0,-1,51958333,83000000,24,23469.00,2910157
1786658108347,unknown,Stage0-3-0,0,-1,16000000,16000000,1,1542.00,189864
1786658109264,unknown,Stage0-6-0,0,-1,51565217,87000000,23,23445.55,2933626
1786658109264,unknown,Stage0-2-0,0,-1,11500000,18000000,2,1530.00,191376
1786658109286,unknown,Stage0-4-0,0,-1,55645161,87000000,31,30510.00,2964136
1786658109287,unknown,Stage0-0-0,0,-1,22500000,30000000,2,1985.01,193366
1786658109293,unknown,Stage0-5-0,0,-1,52869565,87000000,23,23469.00,2933626
1786658109293,unknown,Stage0-1-0,0,-1,13500000,21000000,2,1529.47,191376
1786658109346,unknown,Stage0-7-0,0,-1,50434782,80000000,23,23469.00,2933626
1786658109347,unknown,Stage0-3-0,0,-1,12500000,20000000,2,1512.00,191376
1786658110264,unknown,Stage0-6-0,0,-1,54193548,83000000,31,30511.00,2964137
1786658110264,unknown,Stage0-2-0,0,-1,19500000,26000000,2,1990.00,193366
1786658110286,unknown,Stage0-4-0,0,-1,62533333,102000000,30,30510.00,2994646
1786658110287,unknown,Stage0-0-0,0,-1,21500000,28000000,2,1990.00,195356
1786658110293,unknown,Stage0-5-0,0,-1,58064516,94000000,31,30510.00,2964136
1786658110294,unknown,Stage0-1-0,0,-1,22500000,30000000,2,1988.01,193366
1786658110346,unknown,Stage0-7-0,0,-1,64580645,103000000,31,30510.00,2964136
1786658110347,unknown,Stage0-3-0,0,-1,22500000,30000000,2,1997.00,193373
1786658111264,unknown,Stage0-6-0,0,-1,52266666,85000000,30,30509.00,2994646
1786658111265,unknown,Stage0-2-0,0,-1,16000000,22000000,2,1988.01,195356
1786658111288,unknown,Stage0-4-0,0,-1,52709677,87000000,31,30449.10,3025156
1786658111288,unknown,Stage0-0-0,0,-1,17500000,24000000,2,1988.01,197346
1786658111294,unknown,Stage0-1-0,0,-1,23500000,31000000,2,1990.00,195356
1786658111294,unknown,Stage0-5-0,0,-1,57966666,91000000,30,30479.52,2994646
1786658111347,unknown,Stage0-7-0,0,-1,62166666,94000000,30,30479.52,2994646
1786658111347,unknown,Stage0-3-0,0,-1,23000000,30000000,2,1983.00,195356
1786658112265,unknown,Stage0-6-0,0,-1,57612903,97000000,31,30479.52,3025156
1786658112266,unknown,Stage0-2-0,0,-1,20000000,27000000,2,1988.01,197346
1786658112288,unknown,Stage0-0-0,0,-1,23500000,31000000,2,1990.00,199336
1786658112288,unknown,Stage0-4-0,0,-1,55533333,82000000,30,30510.00,3055666
1786658112294,unknown,Stage0-5-0,0,-1,55741935,95000000,31,30510.00,3025156
1786658112295,unknown,Stage0-1-0,0,-1,23500000,31000000,2,1988.01,197346
1786658112348,unknown,Stage0-7-0,0,-1,60064516,94000000,31,30479.52,3025156
1786658112348,unknown,Stage0-3-0,0,-1,22500000,30000000,2,1988.01,197346
1786658113265,unknown,Stage0-6-0,0,-1,54766666,90000000,30,30510.00,3055666
1786658113266,unknown,Stage0-2-0,0,-1,22000000,30000000,2,1990.00,199336
1786658113289,unknown,Stage0-4-0,0,-1,64258064,96000000,31,30479.52,3086176
1786658113289,unknown,Stage0-0-0,0,-1,22000000,27000000,2,1988.01,201326
1786658113295,unknown,Stage0-1-0,0,-1,23000000,30000000,2,1990.00,199336
1786658113296,unknown,Stage0-5-0,0,-1,48933333,86000000,30,30449.10,3055666
1786658113349,unknown,Stage0-7-0,0,-1,61333333,91000000,30,30479.52,3055666
1786658113349,unknown,Stage0-3-0,0,-1,22500000,29000000,2,1988.01,199336
1786658114265,unknown,Stage0-6-0,0,-1,59129032,95000000,31,30510.00,3086176
1786658114266,unknown,Stage0-2-0,0,-1,20500000,27000000,2,1990.00,201326
1786658114289,unknown,Stage0-4-0,0,-1,81620000,125000000,50,49990.00,3136166
1786658114290,unknown,Stage0-0-0,0,-1,29666666,42000000,3,3256.74,204586
1786658114295,unknown,Stage0-1-0,0,-1,23000000,30000000,2,1990.00,201326
1786658114296,unknown,Stage0-5-0,0,-1,57774193,92000000,31,30585.00,3086251
1786658114349,unknown,Stage0-7-0,0,-1,62193548,100000000,31,30510.00,3086176
1786658114349,unknown,Stage0-3-0,0,-1,22500000,29000000,2,1990.00,201326
1786658115267,unknown,Stage0-6-0,0,-1,74060000,114000000,50,49890.22,3136166
1786658115267,unknown,Stage0-2-0,0,-1,24000000,35000000,3,3256.74,204586
1786658115290,unknown,Stage0-4-0,0,-1,90520000,146000000,50,49940.06,3186156
1786658115290,unknown,Stage0-0-0,0,-1,25333333,39000000,3,3260.00,207846
1786658115296,unknown,Stage0-1-0,0,-1,29333333,41000000,3,3256.74,204586
1786658115296,unknown,Stage0-5-0,0,-1,58300000,89000000,50,49915.00,3136166
1786658115350,unknown,Stage0-7-0,0,-1,78200000,117000000,50,49940.06,3136166
1786658115351,unknown,Stage0-3-0,0,-1,26000000,37000000,3,3253.49,204586
1786658116268,unknown,Stage0-6-0,0,-1,67180000,101000000,50,49940.06,3186156
1786658116269,unknown,Stage0-2-0,0,-1,23000000,36000000,3,3253.49,207846
1786658116291,unknown,Stage0-4-0,0,-1,84760000,129000000,50,49940.06,3236146
1786658116292,unknown,Stage0-0-0,0,-1,25250000,39000000,4,3253.49,211106
1786658116297,unknown,Stage0-1-0,0,-1,22000000,33000000,3,3256.74,207846
1786658116297,unknown,Stage0-5-0,0,-1,63220000,109000000,50,49940.06,3186156
1786658116351,unknown,Stage0-7-0,0,-1,70560000,105000000,50,49940.06,3186156
1786658116351,unknown,Stage0-3-0,0,-1,24666666,38000000,3,3260.00,207846
1786658117268,unknown,Stage0-6-0,0,-1,71140000,96000000,50,49990.00,3236146
1786658117269,unknown,Stage0-2-0,0,-1,24500000,41000000,4,3260.00,211106
1786658117292,unknown,Stage0-0-0,0,-1,44666666,58000000,3,3263.00,214369
1786658117292,unknown,Stage0-4-0,0,-1,69980000,99000000,50,49940.06,3286136
1786658117298,unknown,Stage0-1-0,0,-1,27000000,46000000,4,3256.74,211106
1786658117298,unknown,Stage0-5-0,0,-1,91480000,138000000,50,49940.06,3236146
1786658117352,unknown,Stage0-7-0,0,-1,76480000,106000000,50,49940.06,3236146
1786658117353,unknown,Stage0-3-0,0,-1,26500000,45000000,4,3253.49,211106
1786658118269,unknown,Stage0-6-0,0,-1,77420000,132000000,50,49940.06,3286136
1786658118270,unknown,Stage0-2-0,0,-1,27666666,38000000,3,3256.74,214366
1786658118292,unknown,Stage0-4-0,0,-1,84940000,141000000,50,49990.00,3336126
1786658118293,unknown,Stage0-0-0,0,-1,29333333,42000000,3,3253.75,217626
1786658118298,unknown,Stage0-5-0,0,-1,77300000,129000000,50,49990.00,3286136
1786658118299,unknown,Stage0-1-0,0,-1,30666666,41000000,3,3256.74,214366
1786658118353,unknown,Stage0-7-0,0,-1,100560000,155000000,50,49940.06,3286136
1786658118353,unknown,Stage0-3-0,0,-1,30000000,40000000,3,3260.00,214366
1786658119270,unknown,Stage0-6-0,0,-1,78060000,132000000,50,49940.06,3336126
1786658119270,unknown,Stage0-2-0,0,-1,28000000,41000000,3,3260.00,217626
1786658119292,unknown,Stage0-4-0,0,-1,102618421,139000000,76,76276.00,3412402
1786658119293,unknown,Stage0-0-0,0,-1,38000000,62000000,5,4974.00,222600
1786658119299,unknown,Stage0-1-0,0,-1,29666666,42000000,3,3291.00,217657
1786658119299,unknown,Stage0-5-0,0,-1,76680000,116000000,50,49940.06,3336126
1786658119354,unknown,Stage0-7-0,0,-1,82020000,127000000,50,49940.06,3336126
1786658119354,unknown,Stage0-3-0,0,-1,29000000,40000000,3,3256.74,217626
1786658120271,unknown,Stage0-6-0,0,-1,87052631,142000000,76,76199.80,3412402
1786658120271,unknown,Stage0-2-0,0,-1,32800000,49000000,5,4969.03,222600
1786658120293,unknown,Stage0-4-0,0,-1,110157894,168000000,76,76199.80,3488678
1786658120294,unknown,Stage0-0-0,0,-1,33400000,56000000,5,4969.03,227574
1786658120299,unknown,Stage0-5-0,0,-1,91552631,128000000,76,76276.00,3412402
1786658120299,unknown,Stage0-1-0,0,-1,35200000,57000000,5,4943.00,222600
1786658120354,unknown,Stage0-7-0,0,-1,74710526,104000000,76,76276.00,3412402
1786658120354,unknown,Stage0-3-0,0,-1,34000000,50000000,5,4974.00,222600
1786658121271,unknown,Stage0-6-0,0,-1,98171052,154000000,76,76276.00,3488678
1786658121272,unknown,Stage0-2-0,0,-1,33000000,53000000,5,4969.03,227574
1786658121293,unknown,Stage0-4-0,0,-1,99894736,147000000,76,76276.00,3564954
1786658121294,unknown,Stage0-0-0,0,-1,36600000,58000000,5,4977.00,232551
1786658121300,unknown,Stage0-1-0,0,-1,37600000,61000000,5,4969.03,227574
1786658121301,unknown,Stage0-5-0,0,-1,95447368,151000000,76,76123.75,3488678
1786658121354,unknown,Stage0-7-0,0,-1,107671052,163000000,76,76276.00,3488678
1786658121354,unknown,Stage0-3-0,0,-1,35600000,56000000,5,4974.00,227574
1786658122273,unknown,Stage0-6-0,0,-1,93276315,145000000,76,76123.75,3564954
1786658122273,unknown,Stage0-2-0,0,-1,34800000,56000000,5,4969.03,232548
1786658122295,unknown,Stage0-4-0,0,-1,117038961,184000000,77,76123.75,3641230
1786658122295,unknown,Stage0-0-0,0,-1,31800000,53000000,5,4966.03,237522
1786658122301,unknown,Stage0-1-0,0,-1,36600000,59000000,5,4969.03,232548
1786658122301,unknown,Stage0-5-0,0,-1,91934210,127000000,76,76276.00,3564954
1786658122356,unknown,Stage0-7-0,0,-1,93723684,143000000,76,76123.75,3564954
1786658122356,unknown,Stage0-3-0,0,-1,31000000,49000000,5,4964.07,232548
1786658123273,unknown,Stage0-6-0,0,-1,89051948,123000000,77,76278.00,3641232
1786658123273,unknown,Stage0-2-0,0,-1,34200000,54000000,5,4974.00,237522
1786658123295,unknown,Stage0-4-0,0,-1,83684210,120000000,76,76276.00,3717506
1786658123296,unknown,Stage0-0-0,0,-1,33000000,53000000,5,4969.03,242496
1786658123302,unknown,Stage0-1-0,0,-1,37200000,60000000,5,4969.03,237522
1786658123302,unknown,Stage0-5-0,0,-1,86350649,122000000,77,76199.80,3641230
1786658123356,unknown,Stage0-3-0,0,-1,34800000,54000000,5,4974.00,237522
1786658123356,unknown,Stage0-7-0,0,-1,86961038,116000000,77,76276.00,3641230
1786658124274,unknown,Stage0-6-0,0,-1,94802631,144000000,76,76197.80,3717506
1786658124274,unknown,Stage0-2-0,0,-1,35800000,57000000,5,4969.03,242496
1786658124296,unknown,Stage0-0-0,0,-1,46857142,77000000,7,6704.00,249200
1786658124296,unknown,Stage0-4-0,0,-1,111951456,145000000,103,102693.31,3820302
1786658124302,unknown,Stage0-1-0,0,-1,38200000,61000000,5,4974.00,242496
1786658124302,unknown,Stage0-5-0,0,-1,95302631,149000000,76,76276.00,3717506
1786658124356,unknown,Stage0-7-0,0,-1,95368421,147000000,76,76276.00,3717506
1786658124357,unknown,Stage0-3-0,0,-1,36000000,55000000,5,4969.03,242496
1786658125274,unknown,Stage0-6-0,0,-1,116737864,191000000,103,102796.00,3820302
1786658125275,unknown,Stage0-2-0,0,-1,45285714,76000000,7,6697.30,249200
1786658125297,unknown,Stage0-4-0,0,-1,103757281,145000000,103,102693.31,3923098
1786658125298,unknown,Stage0-0-0,0,-1,45166666,70000000,6,6690.62,255904
1786658125303,unknown,Stage0-1-0,0,-1,48285714,78000000,7,6697.30,249200
1786658125303,unknown,Stage0-5-0,0,-1,89320388,119000000,103,102693.31,3820302
1786658125357,unknown,Stage0-7-0,0,-1,116077669,158000000,103,102693.31,3820302
1786658125358,unknown,Stage0-3-0,0,-1,48285714,77000000,7,6697.30,249200
1786658126275,unknown,Stage0-6-0,0,-1,124427184,196000000,103,102693.31,3923098
1786658126275,unknown,Stage0-2-0,0,-1,43166666,69000000,6,6704.00,255904
1786658126298,unknown,Stage0-4-0,0,-1,110549019,172000000,102,102693.31,4025894
1786658126299,unknown,Stage0-0-0,0,-1,44857142,79000000,7,6697.30,262608
1786658126303,unknown,Stage0-1-0,0,-1,45000000,70000000,6,6704.00,255904
1786658126304,unknown,Stage0-5-0,0,-1,112533980,165000000,103,102693.31,3923098
1786658126357,unknown,Stage0-7-0,0,-1,138135922,187000000,103,102796.00,3923098
1786658126358,unknown,Stage0-3-0,0,-1,44666666,65000000,6,6704.00,255904
1786658127276,unknown,Stage0-2-0,0,-1,38714285,71000000,7,6697.30,262608
1786658127276,unknown,Stage0-6-0,0,-1,134500000,202000000,102,102693.31,4025894
1786658127299,unknown,Stage0-4-0,0,-1,101029126,138000000,103,102693.31,4128690
1786658127300,unknown,Stage0-0-0,0,-1,45285714,73000000,7,6697.30,269312
1786658127305,unknown,Stage0-5-0,0,-1,118607843,164000000,102,102693.31,4025894
1786658127305,unknown,Stage0-1-0,0,-1,38714285,62000000,7,6690.62,262608
1786658127358,unknown,Stage0-7-0,0,-1,125098039,177000000,102,102693.31,4025894
1786658127359,unknown,Stage0-3-0,0,-1,41142857,69000000,7,6697.30,262608
1786658128276,unknown,Stage0-6-0,0,-1,120970873,202000000,103,102796.00,4128690
1786658128277,unknown,Stage0-2-0,0,-1,43714285,75000000,7,6697.30,269312
1786658128299,unknown,Stage0-4-0,0,-1,121038834,180000000,103,102796.00,4231486
1786658128300,unknown,Stage0-0-0,0,-1,50000000,81000000,7,6704.00,276016
1786658128305,unknown,Stage0-1-0,0,-1,47428571,77000000,7,6710.00,269318
1786658128305,unknown,Stage0-5-0,0,-1,127815533,214000000,103,102796.00,4128690
1786658128358,unknown,Stage0-7-0,0,-1,129398058,192000000,103,102796.00,4128690
1786658128359,unknown,Stage0-3-0,0,-1,45285714,72000000,7,6704.00,269312
1786658129277,unknown,Stage0-2-0,0,-1,45714285,75000000,7,6704.00,276016
1786658129277,unknown,Stage0-6-0,0,-1,139242718,229000000,103,102693.31,4231486
1786658129300,unknown,Stage0-4-0,0,-1,113786885,150000000,122,121919.08,4353527
1786658129300,unknown,Stage0-0-0,0,-1,50857142,80000000,7,7959.00,283975
1786658129305,unknown,Stage0-1-0,0,-1,47714285,70000000,7,6698.00,276016
1786658129305,unknown,Stage0-5-0,0,-1,204019417,296000000,103,102796.00,4231486
1786658129359,unknown,Stage0-7-0,0,-1,154320388,246000000,103,102693.31,4231486
1786658129359,unknown,Stage0-3-0,0,-1,45285714,68000000,7,6704.00,276016
1786658130277,unknown,Stage0-6-0,0,-1,137565573,238000000,122,122041.00,4353527
1786658130278,unknown,Stage0-2-0,0,-1,47714285,79000000,7,7951.05,283975
1786658130300,unknown,Stage0-4-0,0,-1,143901639,229000000,122,122041.00,4475568
1786658130300,unknown,Stage0-0-0,0,-1,47000000,83000000,8,7959.00,291934
1786658130306,unknown,Stage0-5-0,0,-1,136573770,211000000,122,121919.08,4353527
1786658130306,unknown,Stage0-1-0,0,-1,52714285,81000000,7,7951.05,283975
1786658130360,unknown,Stage0-7-0,0,-1,112975409,152000000,122,121919.08,4353527
1786658130361,unknown,Stage0-3-0,0,-1,54285714,83000000,7,7943.11,283975
1786658131278,unknown,Stage0-6-0,0,-1,103557377,145000000,122,121919.08,4475568
1786658131278,unknown,Stage0-2-0,0,-1,43250000,79000000,8,7959.00,291934
1786658131300,unknown,Stage0-0-0,0,-1,49750000,87000000,8,7959.00,299893
1786658131301,unknown,Stage0-4-0,0,-1,138237704,188000000,122,121919.08,4597609
1786658131306,unknown,Stage0-1-0,0,-1,48250000,84000000,8,7959.00,291934
1786658131307,unknown,Stage0-5-0,0,-1,112040983,152000000,122,121919.08,4475568
1786658131361,unknown,Stage0-7-0,0,-1,141549180,228000000,122,121919.08,4475568
1786658131361,unknown,Stage0-3-0,0,-1,45875000,78000000,8,7959.00,291934
1786658132278,unknown,Stage0-6-0,0,-1,58196721,91000000,122,122041.00,4597609
1786658132279,unknown,Stage0-2-0,0,-1,44625000,81000000,8,7951.05,299893
1786658132302,unknown,Stage0-0-0,0,-1,41375000,73000000,8,7943.11,307852
1786658132302,unknown,Stage0-4-0,0,-1,109336065,151000000,122,121919.08,4719650
1786658132307,unknown,Stage0-1-0,0,-1,49250000,85000000,8,7951.05,299893
1786658132308,unknown,Stage0-5-0,0,-1,137614754,204000000,122,121919.08,4597609
1786658132361,unknown,Stage0-7-0,0,-1,135926229,206000000,122,122042.00,4597610
1786658132361,unknown,Stage0-3-0,0,-1,43500000,73000000,8,7959.00,299893
1786658133278,unknown,Stage0-6-0,0,-1,124262295,178000000,122,122041.00,4719650
1786658133279,unknown,Stage0-2-0,0,-1,44750000,81000000,8,7959.00,307852
1786658133302,unknown,Stage0-4-0,0,-1,152819672,216000000,122,122041.00,4841691
1786658133303,unknown,Stage0-0-0,0,-1,51125000,88000000,8,7951.05,315811
1786658133307,unknown,Stage0-1-0,0,-1,50250000,87000000,8,7959.00,307852
1786658133308,unknown,Stage0-5-0,0,-1,130016393,193000000,122,122041.00,4719650
1786658133361,unknown,Stage0-7-0,0,-1,128762295,183000000,122,122040.00,4719650
1786658133362,unknown,Stage0-3-0,0,-1,61125000,106000000,8,7951.05,307852
1786658134279,unknown,Stage0-6-0,0,-1,106442622,183000000,122,121919.08,4841691
1786658134280,unknown,Stage0-2-0,0,-1,49250000,87000000,8,7951.05,315811
1786658134303,unknown,Stage0-4-0,0,-1,176604651,256000000,129,128953.05,4970773
1786658134304,unknown,Stage0-0-0,0,-1,51666666,85000000,9,8409.59,324229
1786658134308,unknown,Stage0-5-0,0,-1,129065573,202000000,122,122041.00,4841691
1786658134309,unknown,Stage0-1-0,0,-1,40625000,70000000,8,7943.11,315811
1786658134362,unknown,Stage0-7-0,0,-1,145057377,203000000,122,121919.08,4841691
1786658134362,unknown,Stage0-3-0,0,-1,45125000,74000000,8,7959.00,315811
1786658135281,unknown,Stage0-2-0,0,-1,49777777,89000000,9,8409.59,324229
1786658135281,unknown,Stage0-6-0,0,-1,125248062,207000000,129,128824.35,4970773
1786658135303,unknown,Stage0-4-0,0,-1,136651162,187000000,129,129082.00,5099855
1786658135304,unknown,Stage0-0-0,0,-1,56375000,88000000,8,8421.00,332650
1786658135308,unknown,Stage0-5-0,0,-1,141403100,201000000,129,129082.00,4970773
1786658135309,unknown,Stage0-1-0,0,-1,52333333,87000000,9,8430.00,324241
1786658135363,unknown,Stage0-7-0,0,-1,164519379,244000000,129,128953.05,4970773
1786658135363,unknown,Stage0-3-0,0,-1,56666666,99000000,9,8409.59,324229
1786658136281,unknown,Stage0-6-0,0,-1,132565891,200000000,129,129082.00,5099855
1786658136281,unknown,Stage0-2-0,0,-1,54250000,90000000,8,8418.00,332647
1786658136304,unknown,Stage0-0-0,0,-1,48222222,74000000,9,8415.00,341065
1786658136304,unknown,Stage0-4-0,0,-1,156255813,231000000,129,128953.05,5228937
1786658136310,unknown,Stage0-1-0,0,-1,43875000,70000000,8,8397.60,332647
1786658136310,unknown,Stage0-5-0,0,-1,109813953,179000000,129,128824.35,5099855
1786658136364,unknown,Stage0-3-0,0,-1,55625000,90000000,8,8409.59,332647
1786658136364,unknown,Stage0-7-0,0,-1,154759689,285000000,129,128953.05,5099855
1786658137282,unknown,Stage0-6-0,0,-1,111798449,137000000,129,128953.05,5228937
1786658137282,unknown,Stage0-2-0,0,-1,6333333,13000000,9,8409.59,341065
1786658137305,unknown,Stage0-4-0,0,-1,155569230,228000000,130,128953.05,5358019
1786658137306,unknown,Stage0-0-0,0,-1,58250000,96000000,8,8401.20,349483
1786658137310,unknown,Stage0-5-0,0,-1,119100775,156000000,129,129082.00,5228937
1786658137310,unknown,Stage0-1-0,0,-1,63222222,100000000,9,8418.00,341065
1786658137364,unknown,Stage0-7-0,0,-1,135186046,173000000,129,129082.00,5228937
1786658137365,unknown,Stage0-3-0,0,-1,52888888,91000000,9,8409.59,341065
1786658138283,unknown,Stage0-6-0,0,-1,110507692,151000000,130,128953.05,5358019
1786658138283,unknown,Stage0-2-0,0,-1,72750000,131000000,8,8409.59,349483
1786658138306,unknown,Stage0-4-0,0,-1,132899224,196000000,129,128953.05,5487101
1786658138307,unknown,Stage0-0-0,0,-1,43250000,68000000,8,8409.59,357901
1786658138311,unknown,Stage0-5-0,0,-1,116076923,170000000,130,128953.05,5358019
1786658138312,unknown,Stage0-1-0,0,-1,56250000,93000000,8,8401.20,349483
1786658138365,unknown,Stage0-3-0,0,-1,57875000,97000000,8,8418.00,349483
1786658138365,unknown,Stage0-7-0,0,-1,173030769,256000000,130,128953.05,5358019
1786658139283,unknown,Stage0-6-0,0,-1,207356589,579000000,129,129082.00,5487101
1786658139283,unknown,Stage0-2-0,0,-1,49875000,85000000,8,8418.00,357901
1786658139308,unknown,Stage0-4-0,0,-1,264180327,598000000,122,121797.41,5609142
1786658139308,unknown,Stage0-0-0,0,-1,50000000,86000000,8,7951.05,365860
1786658139312,unknown,Stage0-1-0,0,-1,56875000,90000000,8,8419.00,357902
1786658139312,unknown,Stage0-5-0,0,-1,265000000,615000000,129,128953.05,5487101
1786658139365,unknown,Stage0-3-0,0,-1,55000000,87000000,8,8418.00,357901
1786658139366,unknown,Stage0-7-0,0,-1,337379844,623000000,129,128953.05,5487101
1786658140284,unknown,Stage0-6-0,0,-1,118926229,176000000,122,121919.08,5609142
1786658140284,unknown,Stage0-2-0,0,-1,58625000,97000000,8,7951.05,365860
1786658140308,unknown,Stage0-4-0,0,-1,134639344,210000000,122,122041.00,5731183
1786658140309,unknown,Stage0-0-0,0,-1,52875000,90000000,8,7951.05,373819
1786658140312,unknown,Stage0-1-0,0,-1,48875000,84000000,8,7958.00,365860
1786658140312,unknown,Stage0-5-0,0,-1,91786885,117000000,122,122041.00,5609142
1786658140366,unknown,Stage0-7-0,0,-1,100131147,133000000,122,122042.00,5609143
1786658140366,unknown,Stage0-3-0,0,-1,58875000,94000000,8,7951.05,365860
1786658141284,unknown,Stage0-6-0,0,-1,128245901,188000000,122,122041.00,5731183
1786658141285,unknown,Stage0-2-0,0,-1,46750000,85000000,8,7951.05,373819
1786658141309,unknown,Stage0-0-0,0,-1,50250000,82000000,8,7959.00,381778
1786658141309,unknown,Stage0-4-0,0,-1,143229508,230000000,122,121919.08,5853224
1786658141313,unknown,Stage0-5-0,0,-1,125631147,169000000,122,121919.08,5731183
1786658141313,unknown,Stage0-1-0,0,-1,50125000,85000000,8,7951.05,373819
1786658141367,unknown,Stage0-7-0,0,-1,78991803,122000000,122,121918.08,5731183
1786658141367,unknown,Stage0-3-0,0,-1,48750000,81000000,8,7951.05,373819
1786658142285,unknown,Stage0-6-0,0,-1,122131147,182000000,122,121919.08,5853224
1786658142285,unknown,Stage0-2-0,0,-1,45625000,82000000,8,7959.00,381778
1786658142310,unknown,Stage0-0-0,0,-1,52375000,86000000,8,7951.05,389737
1786658142310,unknown,Stage0-4-0,0,-1,107532786,177000000,122,121919.08,5975265
1786658142313,unknown,Stage0-5-0,0,-1,118262295,166000000,122,122041.00,5853224
1786658142314,unknown,Stage0-1-0,0,-1,51000000,86000000,8,7951.05,381778
1786658142367,unknown,Stage0-3-0,0,-1,49000000,81000000,8,7960.00,381779
1786658142367,unknown,Stage0-7-0,0,-1,102663934,130000000,122,122041.00,5853224
1786658143286,unknown,Stage0-6-0,0,-1,122540983,178000000,122,121919.08,5975265
1786658143287,unknown,Stage0-2-0,0,-1,45500000,81000000,8,7943.11,389737
1786658143310,unknown,Stage0-4-0,0,-1,140475409,234000000,122,122041.00,6097306
1786658143310,unknown,Stage0-0-0,0,-1,53125000,87000000,8,7959.00,397696
1786658143315,unknown,Stage0-5-0,0,-1,129934426,186000000,122,121797.41,5975265
1786658143315,unknown,Stage0-1-0,0,-1,45375000,74000000,8,7951.05,389737
1786658143368,unknown,Stage0-7-0,0,-1,120254098,161000000,122,121919.08,5975265
1786658143368,unknown,Stage0-3-0,0,-1,46000000,73000000,8,7950.05,389737
1786658144286,unknown,Stage0-6-0,0,-1,101426229,128000000,122,122041.00,6097306
1786658144287,unknown,Stage0-2-0,0,-1,47500000,85000000,8,7974.00,397711
1786658144310,unknown,Stage0-4-0,0,-1,97320388,153000000,103,102796.00,6200102
1786658144311,unknown,Stage0-0-0,0,-1,45857142,75000000,7,6697.30,404400
1786658144315,unknown,Stage0-1-0,0,-1,50875000,81000000,8,7959.00,397696
1786658144315,unknown,Stage0-5-0,0,-1,117172131,154000000,122,122041.00,6097306
1786658144368,unknown,Stage0-7-0,0,-1,105008196,135000000,122,122041.00,6097306
1786658144368,unknown,Stage0-3-0,0,-1,53000000,87000000,8,7959.00,397696
1786658145287,unknown,Stage0-6-0,0,-1,95514563,127000000,103,102693.31,6200102
1786658145287,unknown,Stage0-2-0,0,-1,42000000,73000000,7,6689.00,404400
1786658145311,unknown,Stage0-4-0,0,-1,107960784,153000000,102,102693.31,6302898
1786658145312,unknown,Stage0-0-0,0,-1,52285714,82000000,7,6697.30,411104
1786658145315,unknown,Stage0-5-0,0,-1,99233009,127000000,103,102796.00,6200102
1786658145315,unknown,Stage0-1-0,0,-1,46571428,76000000,7,6704.00,404400
1786658145368,unknown,Stage0-3-0,0,-1,46000000,75000000,7,6704.00,404400
1786658145368,unknown,Stage0-7-0,0,-1,113417475,165000000,103,102796.00,6200102
1786658146287,unknown,Stage0-6-0,0,-1,111990196,162000000,102,102796.00,6302898
1786658146287,unknown,Stage0-2-0,0,-1,48000000,81000000,7,6704.00,411104
1786658146312,unknown,Stage0-0-0,0,-1,48666666,75000000,6,6704.00,417808
1786658146313,unknown,Stage0-4-0,0,-1,104864077,139000000,103,102590.82,6405694
1786658146315,unknown,Stage0-1-0,0,-1,50571428,80000000,7,6704.00,411104
1786658146316,unknown,Stage0-5-0,0,-1,116470588,168000000,102,102693.31,6302898
1786658146369,unknown,Stage0-7-0,0,-1,121980392,173000000,102,102693.31,6302898
1786658146370,unknown,Stage0-3-0,0,-1,49285714,73000000,7,6690.62,411104
1786658147288,unknown,Stage0-6-0,0,-1,103417475,180000000,103,102693.31,6405694
1786658147288,unknown,Stage0-2-0,0,-1,40500000,61000000,6,6697.30,417808
1786658147312,unknown,Stage0-0-0,0,-1,35285714,60000000,7,6704.00,424512
1786658147313,unknown,Stage0-4-0,0,-1,110834951,152000000,103,102796.00,6508490
1786658147317,unknown,Stage0-1-0,0,-1,47000000,75000000,6,6690.62,417808
1786658147317,unknown,Stage0-5-0,0,-1,93776699,128000000,103,102693.31,6405694
1786658147370,unknown,Stage0-7-0,0,-1,117087378,200000000,103,102693.31,6405694
1786658147370,unknown,Stage0-3-0,0,-1,47166666,71000000,6,6704.00,417808
1786658148288,unknown,Stage0-6-0,0,-1,98728155,137000000,103,102796.00,6508490
1786658148289,unknown,Stage0-2-0,0,-1,38857142,70000000,7,6697.30,424512
1786658148313,unknown,Stage0-0-0,0,-1,48428571,77000000,7,6697.30,431216
1786658148315,unknown,Stage0-4-0,0,-1,120436893,192000000,103,102590.82,6611286
1786658148317,unknown,Stage0-5-0,0,-1,106145631,147000000,103,102796.00,6508490
1786658148318,unknown,Stage0-1-0,0,-1,45142857,77000000,7,6697.30,424512
1786658148370,unknown,Stage0-3-0,0,-1,43285714,70000000,7,6704.00,424512
1786658148370,unknown,Stage0-7-0,0,-1,114980582,161000000,103,102796.00,6508490
1786658149289,unknown,Stage0-6-0,0,-1,104349514,142000000,103,102693.31,6611286
1786658149289,unknown,Stage0-2-0,0,-1,47285714,81000000,7,6704.00,431216
1786658149314,unknown,Stage0-0-0,0,-1,41800000,66000000,5,4969.03,436190
1786658149315,unknown,Stage0-4-0,0,-1,101868421,153000000,76,76276.00,6687562
1786658149317,unknown,Stage0-5-0,0,-1,93019417,115000000,103,102796.00,6611286
1786658149318,unknown,Stage0-1-0,0,-1,50285714,84000000,7,6704.00,431216
1786658149370,unknown,Stage0-3-0,0,-1,40571428,62000000,7,6704.00,431216
1786658149371,unknown,Stage0-7-0,0,-1,105650485,140000000,103,102693.31,6611286
1786658150290,unknown,Stage0-6-0,0,-1,101447368,148000000,76,76199.80,6687562
1786658150290,unknown,Stage0-2-0,0,-1,38600000,59000000,5,4969.03,436190
1786658150314,unknown,Stage0-0-0,0,-1,41200000,62000000,5,4974.00,441164
1786658150315,unknown,Stage0-4-0,0,-1,102513157,142000000,76,76276.00,6763838
1786658150317,unknown,Stage0-5-0,0,-1,85407894,129000000,76,76276.00,6687562
1786658150318,unknown,Stage0-1-0,0,-1,41600000,65000000,5,4983.00,436199
1786658150371,unknown,Stage0-3-0,0,-1,40600000,58000000,5,4969.03,436190
1786658150372,unknown,Stage0-7-0,0,-1,93065789,131000000,76,76199.80,6687562
1786658151291,unknown,Stage0-6-0,0,-1,95526315,137000000,76,76199.80,6763838
1786658151291,unknown,Stage0-2-0,0,-1,39400000,58000000,5,4969.03,441164
1786658151315,unknown,Stage0-0-0,0,-1,42000000,64000000,5,4969.03,446138
1786658151316,unknown,Stage0-4-0,0,-1,90857142,127000000,77,76199.80,6840114
1786658151319,unknown,Stage0-5-0,0,-1,89039473,122000000,76,76123.75,6763838
1786658151319,unknown,Stage0-1-0,0,-1,39800000,63000000,5,4960.04,441164
1786658151371,unknown,Stage0-3-0,0,-1,42800000,63000000,5,4974.00,441164
1786658151372,unknown,Stage0-7-0,0,-1,86039473,116000000,76,76285.00,6763847
1786658152291,unknown,Stage0-6-0,0,-1,94792207,129000000,77,76276.00,6840114
1786658152292,unknown,Stage0-2-0,0,-1,36800000,56000000,5,4969.03,446138
1786658152315,unknown,Stage0-0-0,0,-1,42000000,65000000,5,4974.00,451112
1786658152316,unknown,Stage0-4-0,0,-1,95881578,130000000,76,76276.00,6916390
1786658152319,unknown,Stage0-1-0,0,-1,42000000,64000000,5,4974.00,446138
1786658152320,unknown,Stage0-5-0,0,-1,92220779,136000000,77,76199.80,6840114
1786658152371,unknown,Stage0-3-0,0,-1,41000000,57000000,5,4974.00,446138
1786658152372,unknown,Stage0-7-0,0,-1,108805194,166000000,77,76267.00,6840114
1786658153292,unknown,Stage0-2-0,0,-1,35800000,55000000,5,4974.00,451112
1786658153292,unknown,Stage0-6-0,0,-1,101263157,142000000,76,76199.80,6916390
1786658153316,unknown,Stage0-0-0,0,-1,43200000,65000000,5,4969.03,456086
1786658153317,unknown,Stage0-4-0,0,-1,104078947,168000000,76,76199.80,6992666
1786658153320,unknown,Stage0-5-0,0,-1,95960526,145000000,76,76276.00,6916390
1786658153321,unknown,Stage0-1-0,0,-1,45000000,68000000,5,4964.07,451112
1786658153372,unknown,Stage0-3-0,0,-1,36600000,55000000,5,4969.03,451112
1786658153372,unknown,Stage0-7-0,0,-1,99500000,149000000,76,76276.00,6916390
1786658154293,unknown,Stage0-6-0,0,-1,103013157,146000000,76,76199.80,6992666
1786658154293,unknown,Stage0-2-0,0,-1,35800000,56000000,5,4969.03,456086
1786658154316,unknown,Stage0-0-0,0,-1,33333333,46000000,3,3260.00,459346
1786658154317,unknown,Stage0-4-0,0,-1,64360000,105000000,50,49990.00,7042656
1786658154321,unknown,Stage0-5-0,0,-1,94815789,134000000,76,76199.80,6992666
1786658154321,unknown,Stage0-1-0,0,-1,42400000,64000000,5,4974.00,456086
1786658154372,unknown,Stage0-3-0,0,-1,41200000,61000000,5,4974.00,456086
1786658154373,unknown,Stage0-7-0,0,-1,88526315,120000000,76,76199.80,6992666
1786658155294,unknown,Stage0-2-0,0,-1,28000000,38000000,3,3256.74,459346
1786658155294,unknown,Stage0-6-0,0,-1,79000000,121000000,50,49940.06,7042656
1786658155317,unknown,Stage0-0-0,0,-1,27666666,36000000,3,3256.74,462606
1786658155318,unknown,Stage0-4-0,0,-1,76940000,123000000,50,49940.06,7092646
1786658155321,unknown,Stage0-1-0,0,-1,32666666,46000000,3,3260.00,459346
1786658155322,unknown,Stage0-5-0,0,-1,75780000,116000000,50,49940.06,7042656
1786658155373,unknown,Stage0-3-0,0,-1,30666666,41000000,3,3256.74,459346
1786658155374,unknown,Stage0-7-0,0,-1,83420000,129000000,50,49940.06,7042656
1786658156294,unknown,Stage0-6-0,0,-1,79500000,116000000,50,49990.00,7092646
1786658156295,unknown,Stage0-2-0,0,-1,26000000,38000000,3,3256.74,462606
1786658156317,unknown,Stage0-0-0,0,-1,24333333,38000000,3,3260.00,465866
1786658156318,unknown,Stage0-4-0,0,-1,71120000,98000000,50,49990.00,7142636
1786658156322,unknown,Stage0-5-0,0,-1,77900000,121000000,50,49990.00,7092646
1786658156323,unknown,Stage0-1-0,0,-1,26000000,40000000,3,3253.49,462606
1786658156374,unknown,Stage0-7-0,0,-1,89760000,135000000,50,49990.00,7092646
1786658156374,unknown,Stage0-3-0,0,-1,30666666,44000000,3,3256.74,462606
1786658157295,unknown,Stage0-2-0,0,-1,21333333,31000000,3,3260.00,465866
1786658157295,unknown,Stage0-6-0,0,-1,71340000,105000000,50,49940.06,7142636
1786658157318,unknown,Stage0-0-0,0,-1,26500000,47000000,4,3256.74,469126
1786658157319,unknown,Stage0-4-0,0,-1,76220000,106000000,50,49940.06,7192626
1786658157323,unknown,Stage0-1-0,0,-1,24666666,37000000,3,3260.00,465866
1786658157324,unknown,Stage0-5-0,0,-1,76140000,115000000,50,49890.22,7142636
1786658157375,unknown,Stage0-3-0,0,-1,25000000,38000000,3,3256.74,465866
1786658157375,unknown,Stage0-7-0,0,-1,71040000,100000000,50,49940.06,7142636
1786658158296,unknown,Stage0-2-0,0,-1,21500000,34000000,4,3256.74,469126
1786658158296,unknown,Stage0-6-0,0,-1,71080000,106000000,50,49940.06,7192626
1786658158318,unknown,Stage0-0-0,0,-1,30666666,42000000,3,3260.00,472386
1786658158319,unknown,Stage0-4-0,0,-1,79360000,124000000,50,49990.00,7242616
1786658158325,unknown,Stage0-5-0,0,-1,60740000,87000000,50,49940.06,7192626
1786658158325,unknown,Stage0-1-0,0,-1,26750000,46000000,4,3253.49,469126
1786658158376,unknown,Stage0-7-0,0,-1,82240000,119000000,50,49940.06,7192626
1786658158377,unknown,Stage0-3-0,0,-1,26500000,46000000,4,3253.49,469126
1786658159297,unknown,Stage0-6-0,0,-1,75980000,110000000,50,49940.06,7242616
1786658159297,unknown,Stage0-2-0,0,-1,26666666,36000000,3,3256.74,472386
1786658159319,unknown,Stage0-0-0,0,-1,21500000,29000000,2,1988.01,474376
1786658159320,unknown,Stage0-4-0,0,-1,55258064,84000000,31,30479.52,7273126
1786658159325,unknown,Stage0-5-0,0,-1,84700000,128000000,50,49991.00,7242617
1786658159325,unknown,Stage0-1-0,0,-1,32000000,41000000,3,3260.00,472386
1786658159376,unknown,Stage0-7-0,0,-1,87560000,128000000,50,49990.00,7242616
1786658159377,unknown,Stage0-3-0,0,-1,32000000,41000000,3,3260.00,472386
1786658160298,unknown,Stage0-2-0,0,-1,20000000,27000000,2,1988.01,474376
1786658160298,unknown,Stage0-6-0,0,-1,56741935,87000000,31,30479.52,7273126
1786658160319,unknown,Stage0-0-0,0,-1,21500000,29000000,2,1990.00,476366
1786658160320,unknown,Stage0-4-0,0,-1,58733333,87000000,30,30510.00,7303636
1786658160325,unknown,Stage0-5-0,0,-1,55967741,84000000,31,30509.00,7273126
1786658160326,unknown,Stage0-1-0,0,-1,22500000,30000000,2,1988.01,474376
1786658160377,unknown,Stage0-7-0,0,-1,62000000,94000000,31,30479.52,7273126
1786658160379,unknown,Stage0-3-0,0,-1,22500000,30000000,2,1986.03,474376
1786658161299,unknown,Stage0-6-0,0,-1,60633333,97000000,30,30479.52,7303636
1786658161299,unknown,Stage0-2-0,0,-1,20500000,28000000,2,1988.01,476366
1786658161319,unknown,Stage0-0-0,0,-1,23000000,31000000,2,1990.00,478356
1786658161320,unknown,Stage0-4-0,0,-1,64096774,103000000,31,30510.00,7334146
1786658161325,unknown,Stage0-5-0,0,-1,57200000,94000000,30,30510.00,7303636
1786658161326,unknown,Stage0-1-0,0,-1,23500000,31000000,2,1990.00,476366
1786658161378,unknown,Stage0-7-0,0,-1,62933333,92000000,30,30479.52,7303636
1786658161379,unknown,Stage0-3-0,0,-1,25000000,34000000,2,1990.00,476366
1786658162299,unknown,Stage0-6-0,0,-1,52032258,85000000,31,30510.00,7334146
1786658162300,unknown,Stage0-2-0,0,-1,20000000,27000000,2,1988.01,478356
1786658162319,unknown,Stage0-0-0,0,-1,22000000,29000000,2,1990.00,480346
1786658162321,unknown,Stage0-4-0,0,-1,63600000,99000000,30,30479.52,7364656
1786658162326,unknown,Stage0-1-0,0,-1,23000000,31000000,2,1990.00,478356
1786658162326,unknown,Stage0-5-0,0,-1,51870967,82000000,31,30479.52,7334146
1786658162380,unknown,Stage0-7-0,0,-1,62161290,95000000,31,30449.10,7334146
1786658162380,unknown,Stage0-3-0,0,-1,23500000,32000000,2,1988.01,478356
1786658163300,unknown,Stage0-2-0,0,-1,21000000,29000000,2,1996.00,480352
1786658163300,unknown,Stage0-6-0,0,-1,54033333,81000000,30,30479.52,7364656
1786658163320,unknown,Stage0-0-0,0,-1,22500000,30000000,2,1988.01,482336
1786658163321,unknown,Stage0-4-0,0,-1,51290322,78000000,31,30510.00,7395166
1786658163328,unknown,Stage0-5-0,0,-1,55766666,90000000,30,30449.10,7364656
1786658163328,unknown,Stage0-1-0,0,-1,22500000,29000000,2,1986.03,480346
1786658163380,unknown,Stage0-3-0,0,-1,25000000,34000000,2,1990.00,480346
1786658163380,unknown,Stage0-7-0,0,-1,55966666,82000000,30,30510.00,7364656
1786658164300,unknown,Stage0-6-0,0,-1,54129032,88000000,31,30510.00,7395166
1786658164300,unknown,Stage0-2-0,0,-1,20500000,27000000,2,1984.00,482336
1786658164320,unknown,Stage0-0-0,0,-1,15000000,15000000,1,1531.00,483867
1786658164321,unknown,Stage0-4-0,0,-1,47434782,75000000,23,23469.00,7418635
1786658164329,unknown,Stage0-5-0,0,-1,60483870,96000000,31,30479.52,7395166
1786658164329,unknown,Stage0-1-0,0,-1,23000000,30000000,2,1988.01,482336
1786658164380,unknown,Stage0-7-0,0,-1,61709677,94000000,31,30510.00,7395166
1786658164380,unknown,Stage0-3-0,0,-1,24000000,32000000,2,1990.00,482336
1786658165301,unknown,Stage0-2-0,0,-1,14000000,14000000,1,1529.47,483867
1786658165301,unknown,Stage0-6-0,0,-1,49217391,81000000,23,23445.55,7418635
1786658165320,unknown,Stage0-0-0,0,-1,13000000,21000000,2,1531.00,485398
1786658165322,unknown,Stage0-4-0,0,-1,47666666,80000000,24,23445.55,7442104
1786658165330,unknown,Stage0-5-0,0,-1,52565217,84000000,23,23445.55,7418635
1786658165330,unknown,Stage0-1-0,0,-1,16000000,16000000,1,1529.47,483867
1786658165381,unknown,Stage0-3-0,0,-1,12000000,12000000,1,1529.47,483867
1786658165381,unknown,Stage0-7-0,0,-1,52913043,81000000,23,23445.55,7418635
1786658166301,unknown,Stage0-6-0,0,-1,52041666,86000000,24,23469.00,7442104
1786658166301,unknown,Stage0-2-0,0,-1,10500000,17000000,2,1531.00,485398
1786658166320,unknown,Stage0-0-0,0,-1,15000000,15000000,1,1531.00,486929
1786658166322,unknown,Stage0-4-0,0,-1,49956521,79000000,23,23469.00,7465573
1786658166330,unknown,Stage0-5-0,0,-1,49458333,73000000,24,23469.00,7442104
1786658166330,unknown,Stage0-1-0,0,-1,13500000,21000000,2,1531.00,485398
1786658166382,unknown,Stage0-7-0,0,-1,47291666,72000000,24,23445.55,7442104
1786658166382,unknown,Stage0-3-0,0,-1,10000000,16000000,2,1529.47,485398
1786658167302,unknown,Stage0-6-0,0,-1,50304347,82000000,23,23445.55,7465573
1786658167302,unknown,Stage0-2-0,0,-1,13000000,13000000,1,1529.47,486929
1786658167320,unknown,Stage0-0-0,0,-1,11500000,19000000,2,1531.00,488460
1786658167323,unknown,Stage0-4-0,0,-1,52583333,85000000,24,23445.55,7489042
1786658167332,unknown,Stage0-5-0,0,-1,41826086,66000000,23,23422.16,7465573
1786658167332,unknown,Stage0-1-0,0,-1,10000000,10000000,1,1527.94,486929
1786658167382,unknown,Stage0-7-0,0,-1,52347826,77000000,23,23469.00,7465573
1786658167383,unknown,Stage0-3-0,0,-1,15000000,15000000,1,1529.47,486929
1786658168302,unknown,Stage0-2-0,0,-1,9500000,17000000,2,1531.00,488460
1786658168303,unknown,Stage0-6-0,0,-1,51208333,78000000,24,23445.55,7489042
1786658168320,unknown,Stage0-0-0,0,-1,14000000,14000000,1,1531.00,489991
1786658168324,unknown,Stage0-4-0,0,-1,49130434,77000000,23,23445.55,7512511
1786658168332,unknown,Stage0-5-0,0,-1,47791666,70000000,24,23469.00,7489042
1786658168332,unknown,Stage0-1-0,0,-1,11500000,19000000,2,1531.00,488460
1786658168384,unknown,Stage0-3-0,0,-1,12000000,20000000,2,1529.47,488460
1786658168384,unknown,Stage0-7-0,0,-1,52333333,83000000,24,23422.16,7489042
1786658169303,unknown,Stage0-6-0,0,-1,49695652,81000000,23,23479.00,7512521
1786658169303,unknown,Stage0-2-0,0,-1,12000000,12000000,1,1529.47,489991
1786658169321,unknown,Stage0-0-0,0,-1,9500000,17000000,2,1529.47,491522
1786658169324,unknown,Stage0-4-0,0,-1,50217391,83000000,23,23469.00,7535980
1786658169333,unknown,Stage0-5-0,0,-1,49304347,81000000,23,23445.55,7512511
1786658169334,unknown,Stage0-1-0,0,-1,13000000,13000000,1,1527.94,489991
1786658169384,unknown,Stage0-7-0,0,-1,50217391,76000000,23,23469.00,7512511
1786658169384,unknown,Stage0-3-0,0,-1,14000000,14000000,1,1531.00,489991
1786658170303,unknown,Stage0-6-0,0,-1,50000000,84000000,23,23459.00,7535980
1786658170303,unknown,Stage0-2-0,0,-1,8500000,16000000,2,1531.00,491522
1786658170322,unknown,Stage0-0-0,0,-1,19500000,27000000,2,1529.47,493053
1786658170325,unknown,Stage0-4-0,0,-1,48958333,79000000,24,23445.55,7559449
1786658170333,unknown,Stage0-5-0,0,-1,48608695,81000000,23,23469.00,7535980
1786658170334,unknown,Stage0-1-0,0,-1,10500000,18000000,2,1531.00,491522
1786658170384,unknown,Stage0-7-0,0,-1,52260869,81000000,23,23469.00,7535980
1786658170385,unknown,Stage0-3-0,0,-1,11500000,20000000,2,1529.47,491522
1786658171303,unknown,Stage0-6-0,0,-1,43708333,67000000,24,23469.00,7559449
1786658171304,unknown,Stage0-2-0,0,-1,17000000,24000000,2,1529.47,493053
1786658171322,unknown,Stage0-0-0,0,-1,17000000,17000000,1,1543.00,494596
1786658171325,unknown,Stage0-4-0,0,-1,53043478,84000000,23,23477.00,7582926
1786658171334,unknown,Stage0-5-0,0,-1,44875000,79000000,24,23445.55,7559449
1786658171335,unknown,Stage0-1-0,0,-1,18500000,25000000,2,1529.47,493053
1786658171384,unknown,Stage0-7-0,0,-1,47416666,74000000,24,23469.00,7559449
1786658171385,unknown,Stage0-3-0,0,-1,21000000,29000000,2,1531.00,493053
1786658172304,unknown,Stage0-2-0,0,-1,15000000,15000000,1,1531.00,494584
1786658172304,unknown,Stage0-6-0,0,-1,48913043,77000000,23,23445.55,7582918
1786658172323,unknown,Stage0-0-0,0,-1,18500000,26000000,2,1517.48,496115
1786658172325,unknown,Stage0-4-0,0,-1,52166666,84000000,24,23461.00,7606387
1786658172335,unknown,Stage0-5-0,0,-1,51739130,83000000,23,23445.55,7582918
1786658172335,unknown,Stage0-1-0,0,-1,17000000,17000000,1,1531.00,494584
1786658172385,unknown,Stage0-3-0,0,-1,17000000,17000000,1,1531.00,494584
1786658172386,unknown,Stage0-7-0,0,-1,52000000,76000000,23,23422.16,7582918
1786658173305,unknown,Stage0-6-0,0,-1,49541666,83000000,24,23445.55,7606387
1786658173305,unknown,Stage0-2-0,0,-1,16000000,23000000,2,1529.47,496115
1786658173323,unknown,Stage0-0-0,0,-1,20000000,20000000,1,1531.00,497646
1786658173325,unknown,Stage0-4-0,0,-1,53391304,84000000,23,23469.00,7629856
1786658173336,unknown,Stage0-1-0,0,-1,18000000,25000000,2,1529.47,496115
1786658173336,unknown,Stage0-5-0,0,-1,48541666,76000000,24,23445.55,7606387
1786658173386,unknown,Stage0-3-0,0,-1,18500000,27000000,2,1529.47,496115
1786658173387,unknown,Stage0-7-0,0,-1,50500000,76000000,24,23445.55,7606387
1786658174305,unknown,Stage0-6-0,0,-1,49304347,81000000,23,23469.00,7629856
1786658174305,unknown,Stage0-2-0,0,-1,17000000,17000000,1,1531.00,497646
1786658174323,unknown,Stage0-0-0,0,-1,16500000,24000000,2,1531.00,499177
1786658174326,unknown,Stage0-4-0,0,-1,50750000,80000000,24,23445.55,7653325
1786658174336,unknown,Stage0-1-0,0,-1,20000000,20000000,1,1531.00,497646
1786658174336,unknown,Stage0-5-0,0,-1,46565217,73000000,23,23469.00,7629856
1786658174387,unknown,Stage0-7-0,0,-1,42130434,60000000,23,23469.00,7629856
1786658174387,unknown,Stage0-3-0,0,-1,16000000,16000000,1,1529.47,497646
1786658175305,unknown,Stage0-6-0,0,-1,51250000,88000000,24,23469.00,7653325
1786658175306,unknown,Stage0-2-0,0,-1,14500000,22000000,2,1529.47,499177
1786658175323,unknown,Stage0-0-0,0,-1,19000000,19000000,1,1531.00,500708
1786658175326,unknown,Stage0-4-0,0,-1,50608695,79000000,23,23469.00,7676794
1786658175337,unknown,Stage0-5-0,0,-1,46416666,78000000,24,23445.55,7653325
1786658175337,unknown,Stage0-1-0,0,-1,14500000,19000000,2,1529.47,499177
1786658175387,unknown,Stage0-7-0,0,-1,50583333,78000000,24,23469.00,7653325
1786658175387,unknown,Stage0-3-0,0,-1,17000000,25000000,2,1531.00,499177
1786658176305,unknown,Stage0-6-0,0,-1,48739130,79000000,23,23469.00,7676794
1786658176306,unknown,Stage0-2-0,0,-1,16000000,16000000,1,1531.00,500708
1786658176324,unknown,Stage0-0-0,0,-1,15500000,23000000,2,1529.47,502239
1786658176326,unknown,Stage0-4-0,0,-1,53333333,88000000,24,23469.00,7700263
1786658176337,unknown,Stage0-5-0,0,-1,47304347,75000000,23,23469.00,7676794
1786658176337,unknown,Stage0-1-0,0,-1,19000000,19000000,1,1531.00,500708
1786658176388,unknown,Stage0-7-0,0,-1,49304347,71000000,23,23445.55,7676794
1786658176388,unknown,Stage0-3-0,0,-1,19000000,19000000,1,1529.47,500708
1786658177306,unknown,Stage0-6-0,0,-1,48708333,83000000,24,23445.55,7700263
1786658177307,unknown,Stage0-2-0,0,-1,14000000,21000000,2,1529.47,502239
1786658177324,unknown,Stage0-0-0,0,-1,18000000,18000000,1,1531.00,503770
1786658177327,unknown,Stage0-4-0,0,-1,53173913,85000000,23,23445.55,7723732
1786658177338,unknown,Stage0-1-0,0,-1,15500000,23000000,2,1529.47,502239
1786658177338,unknown,Stage0-5-0,0,-1,45250000,70000000,24,23445.55,7700263
1786658177388,unknown,Stage0-3-0,0,-1,14000000,20000000,2,1531.00,502239
1786658177388,unknown,Stage0-7-0,0,-1,49500000,76000000,24,23469.00,7700263
1786658178307,unknown,Stage0-6-0,0,-1,51043478,82000000,23,23445.55,7723732
1786658178308,unknown,Stage0-2-0,0,-1,16000000,16000000,1,1529.47,503770
1786658178325,unknown,Stage0-0-0,0,-1,14500000,22000000,2,1529.47,505301
1786658178328,unknown,Stage0-4-0,0,-1,53708333,92000000,24,23445.55,7747201
1786658178339,unknown,Stage0-5-0,0,-1,54260869,82000000,23,23445.55,7723732
1786658178339,unknown,Stage0-1-0,0,-1,18000000,18000000,1,1529.47,503770
1786658178388,unknown,Stage0-7-0,0,-1,54043478,77000000,23,23469.00,7723732
1786658178389,unknown,Stage0-3-0,0,-1,18000000,18000000,1,1529.47,503770
1786658179308,unknown,Stage0-6-0,0,-1,46750000,73000000,24,23445.55,7747201
1786658179308,unknown,Stage0-2-0,0,-1,13000000,20000000,2,1531.00,505301
1786658179325,unknown,Stage0-0-0,0,-1,16000000,16000000,1,1546.00,506847
1786658179329,unknown,Stage0-4-0,0,-1,52043478,85000000,23,23445.55,7770670
1786658179339,unknown,Stage0-5-0,0,-1,48083333,75000000,24,23469.00,7747201
1786658179339,unknown,Stage0-1-0,0,-1,14500000,22000000,2,1531.00,505301
1786658179389,unknown,Stage0-3-0,0,-1,15000000,23000000,2,1533.00,505303
1786658179389,unknown,Stage0-7-0,0,-1,51208333,76000000,24,23445.55,7747201
1786658180308,unknown,Stage0-6-0,0,-1,51217391,88000000,23,23469.00,7770670
1786658180309,unknown,Stage0-2-0,0,-1,14000000,14000000,1,1529.47,506832
1786658180325,unknown,Stage0-0-0,0,-1,13500000,21000000,2,1516.00,508363
1786658180329,unknown,Stage0-4-0,0,-1,50708333,79000000,24,23469.00,7794139
1786658180339,unknown,Stage0-5-0,0,-1,48565217,76000000,23,23469.00,7770670
1786658180340,unknown,Stage0-1-0,0,-1,16000000,16000000,1,1529.47,506832
1786658180390,unknown,Stage0-7-0,0,-1,54217391,80000000,23,23445.55,7770670
1786658180391,unknown,Stage0-3-0,0,-1,16000000,16000000,1,1525.95,506832
1786658181309,unknown,Stage0-6-0,0,-1,51125000,86000000,24,23445.55,7794139
1786658181310,unknown,Stage0-2-0,0,-1,11500000,18000000,2,1529.47,508363
1786658181326,unknown,Stage0-0-0,0,-1,15000000,15000000,1,1529.47,509894
1786658181329,unknown,Stage0-4-0,0,-1,49086956,81000000,23,23469.00,7817608
1786658181340,unknown,Stage0-5-0,0,-1,49208333,82000000,24,23445.55,7794139
1786658181340,unknown,Stage0-1-0,0,-1,14500000,22000000,2,1531.00,508363
1786658181390,unknown,Stage0-7-0,0,-1,53833333,82000000,24,23469.00,7794139
1786658181391,unknown,Stage0-3-0,0,-1,14000000,22000000,2,1531.00,508363
1786658182309,unknown,Stage0-6-0,0,-1,54695652,89000000,23,23469.00,7817608
1786658182310,unknown,Stage0-2-0,0,-1,14000000,14000000,1,1531.00,509894
1786658182326,unknown,Stage0-0-0,0,-1,11500000,19000000,2,1531.00,511425
1786658182330,unknown,Stage0-4-0,0,-1,49625000,81000000,24,23445.55,7841077
1786658182341,unknown,Stage0-5-0,0,-1,44608695,65000000,23,23445.55,7817608
1786658182341,unknown,Stage0-1-0,0,-1,15000000,15000000,1,1529.47,509894
1786658182391,unknown,Stage0-7-0,0,-1,45260869,70000000,23,23445.55,7817608
1786658182392,unknown,Stage0-3-0,0,-1,12000000,12000000,1,1529.47,509894
1786658183310,unknown,Stage0-6-0,0,-1,55958333,95000000,24,23445.55,7841077
1786658183311,unknown,Stage0-2-0,0,-1,10000000,17000000,2,1529.47,511425
1786658183327,unknown,Stage0-0-0,0,-1,14000000,14000000,1,1529.47,512956
1786658183330,unknown,Stage0-4-0,0,-1,56826086,87000000,23,23469.00,7864546
1786658183342,unknown,Stage0-5-0,0,-1,52833333,83000000,24,23445.55,7841077
1786658183342,unknown,Stage0-1-0,0,-1,12500000,20000000,2,1529.47,511425
1786658183392,unknown,Stage0-7-0,0,-1,64250000,108000000,24,23445.55,7841077
1786658183392,unknown,Stage0-3-0,0,-1,13000000,22000000,2,1531.00,511425
1786658184310,unknown,Stage0-6-0,0,-1,52826086,86000000,23,23469.00,7864546
1786658184311,unknown,Stage0-2-0,0,-1,12000000,12000000,1,1531.00,512956
1786658184327,unknown,Stage0-0-0,0,-1,11000000,19000000,2,1531.00,514487
1786658184331,unknown,Stage0-4-0,0,-1,50541666,84000000,24,23445.55,7888015
1786658184342,unknown,Stage0-5-0,0,-1,51260869,80000000,23,23469.00,7864546
1786658184343,unknown,Stage0-1-0,0,-1,15000000,15000000,1,1529.47,512956
1786658184392,unknown,Stage0-7-0,0,-1,54956521,78000000,23,23469.00,7864546
1786658184392,unknown,Stage0-3-0,0,-1,15000000,15000000,1,1531.00,512956
1786658185311,unknown,Stage0-6-0,0,-1,42791666,71000000,24,23445.55,7888015
1786658185312,unknown,Stage0-2-0,0,-1,9500000,16000000,2,1529.47,514487
1786658185328,unknown,Stage0-0-0,0,-1,17000000,22000000,2,1529.47,516018
1786658185332,unknown,Stage0-4-0,0,-1,51608695,81000000,23,23445.55,7911484
1786658185343,unknown,Stage0-5-0,0,-1,41083333,67000000,24,23445.55,7888015
1786658185343,unknown,Stage0-1-0,0,-1,11000000,18000000,2,1531.00,514487
1786658185393,unknown,Stage0-7-0,0,-1,43666666,61000000,24,23445.55,7888015
1786658185394,unknown,Stage0-3-0,0,-1,12500000,21000000,2,1527.94,514487
1786658186312,unknown,Stage0-6-0,0,-1,46869565,70000000,23,23445.55,7911484
1786658186313,unknown,Stage0-2-0,0,-1,19000000,27000000,2,1529.47,516018
1786658186328,unknown,Stage0-0-0,0,-1,17000000,17000000,1,1531.00,517549
1786658186333,unknown,Stage0-4-0,0,-1,52434782,83000000,23,23445.55,7934953
1786658186344,unknown,Stage0-5-0,0,-1,48086956,75000000,23,23445.55,7911484
1786658186345,unknown,Stage0-1-0,0,-1,18500000,24000000,2,1527.94,516018
1786658186394,unknown,Stage0-3-0,0,-1,22000000,30000000,2,1531.00,516018
1786658186394,unknown,Stage0-7-0,0,-1,50173913,73000000,23,23445.55,7911484
1786658187312,unknown,Stage0-6-0,0,-1,50652173,84000000,23,23469.00,7934953
1786658187313,unknown,Stage0-2-0,0,-1,16000000,16000000,1,1532.00,517550
1786658187328,unknown,Stage0-0-0,0,-1,18500000,26000000,2,1531.00,519080
1786658187333,unknown,Stage0-4-0,0,-1,51916666,84000000,24,23469.00,7958422
1786658187345,unknown,Stage0-1-0,0,-1,16000000,16000000,1,1531.00,517549
1786658187346,unknown,Stage0-5-0,0,-1,51173913,82000000,23,23422.16,7934953
1786658187394,unknown,Stage0-7-0,0,-1,51391304,73000000,23,23469.00,7934953
1786658187394,unknown,Stage0-3-0,0,-1,18000000,18000000,1,1531.00,517549
1786658188312,unknown,Stage0-6-0,0,-1,50083333,84000000,24,23469.00,7958422
1786658188313,unknown,Stage0-2-0,0,-1,16500000,23000000,2,1530.00,519080
1786658188329,unknown,Stage0-0-0,0,-1,20000000,20000000,1,1529.47,520611
1786658188334,unknown,Stage0-4-0,0,-1,53000000,86000000,23,23445.55,7981891
1786658188346,unknown,Stage0-5-0,0,-1,44333333,71000000,24,23469.00,7958422
1786658188347,unknown,Stage0-1-0,0,-1,19000000,27000000,2,1527.94,519080
1786658188395,unknown,Stage0-3-0,0,-1,17000000,23000000,2,1529.47,519080
1786658188395,unknown,Stage0-7-0,0,-1,46791666,74000000,24,23445.55,7958422
1786658189312,unknown,Stage0-6-0,0,-1,50043478,79000000,23,23469.00,7981891
1786658189314,unknown,Stage0-2-0,0,-1,18000000,18000000,1,1529.47,520611
1786658189330,unknown,Stage0-0-0,0,-1,17500000,24000000,2,1529.47,522142
1786658189334,unknown,Stage0-4-0,0,-1,51958333,83000000,24,23469.00,8005360
1786658189347,unknown,Stage0-5-0,0,-1,52000000,84000000,23,23445.55,7981891
1786658189347,unknown,Stage0-1-0,0,-1,16000000,16000000,1,1531.00,520611
1786658189396,unknown,Stage0-3-0,0,-1,21000000,21000000,1,1529.47,520611
1786658189397,unknown,Stage0-7-0,0,-1,49869565,74000000,23,23422.16,7981891
1786658190313,unknown,Stage0-6-0,0,-1,47291666,75000000,24,23445.55,8005360
1786658190314,unknown,Stage0-2-0,0,-1,15500000,22000000,2,1531.00,522142
1786658190330,unknown,Stage0-0-0,0,-1,20000000,20000000,1,1531.00,523673
1786658190334,unknown,Stage0-4-0,0,-1,53130434,80000000,23,23469.00,8028829
1786658190348,unknown,Stage0-5-0,0,-1,48375000,70000000,24,23445.55,8005360
1786658190348,unknown,Stage0-1-0,0,-1,18500000,27000000,2,1529.47,522142
1786658190397,unknown,Stage0-3-0,0,-1,19000000,28000000,2,1529.47,522142
1786658190397,unknown,Stage0-7-0,0,-1,50250000,71000000,24,23469.00,8005360
1786658191313,unknown,Stage0-6-0,0,-1,52478260,83000000,23,23469.00,8028829
1786658191315,unknown,Stage0-2-0,0,-1,17000000,17000000,1,1529.47,523673
1786658191330,unknown,Stage0-0-0,0,-1,16500000,24000000,2,1531.00,525204
1786658191334,unknown,Stage0-4-0,0,-1,51750000,84000000,24,23469.00,8052298
1786658191349,unknown,Stage0-1-0,0,-1,15000000,15000000,1,1529.47,523673
1786658191349,unknown,Stage0-5-0,0,-1,47000000,71000000,23,23445.55,8028829
1786658191397,unknown,Stage0-7-0,0,-1,51260869,78000000,23,23469.00,8028829
1786658191398,unknown,Stage0-3-0,0,-1,20000000,20000000,1,1529.47,523673
1786658192313,unknown,Stage0-6-0,0,-1,53625000,90000000,24,23469.00,8052298
1786658192315,unknown,Stage0-2-0,0,-1,14500000,21000000,2,1531.00,525204
1786658192330,unknown,Stage0-0-0,0,-1,18000000,18000000,1,1531.00,526735
1786658192336,unknown,Stage0-4-0,0,-1,54391304,84000000,23,23422.16,8075767
1786658192350,unknown,Stage0-5-0,0,-1,48416666,81000000,24,23445.55,8052298
1786658192350,unknown,Stage0-1-0,0,-1,16000000,23000000,2,1529.47,525204
1786658192399,unknown,Stage0-3-0,0,-1,18500000,27000000,2,1529.47,525204
1786658192399,unknown,Stage0-7-0,0,-1,50708333,77000000,24,23422.16,8052298
1786658193313,unknown,Stage0-6-0,0,-1,48000000,75000000,23,23469.00,8075767
1786658193315,unknown,Stage0-2-0,0,-1,16000000,16000000,1,1531.00,526735
1786658193331,unknown,Stage0-0-0,0,-1,14500000,22000000,2,1529.47,528266
1786658193336,unknown,Stage0-4-0,0,-1,45416666,70000000,24,23469.00,8099236
1786658193351,unknown,Stage0-5-0,0,-1,52260869,85000000,23,23445.55,8075767
1786658193351,unknown,Stage0-1-0,0,-1,19000000,19000000,1,1529.47,526735
1786658193399,unknown,Stage0-7-0,0,-1,51739130,72000000,23,23469.00,8075767
1786658193399,unknown,Stage0-3-0,0,-1,19000000,19000000,1,1531.00,526735
1786658194314,unknown,Stage0-6-0,0,-1,54625000,91000000,24,23445.55,8099236
1786658194315,unknown,Stage0-2-0,0,-1,14000000,21000000,2,1531.00,528266
1786658194332,unknown,Stage0-0-0,0,-1,17000000,17000000,1,1529.47,529797
1786658194337,unknown,Stage0-4-0,0,-1,53173913,88000000,23,23445.55,8122705
1786658194351,unknown,Stage0-1-0,0,-1,15500000,23000000,2,1531.00,528266
1786658194351,unknown,Stage0-5-0,0,-1,19541666,29000000,24,23469.00,8099236
1786658194399,unknown,Stage0-7-0,0,-1,49166666,75000000,24,23469.00,8099236
1786658194400,unknown,Stage0-3-0,0,-1,15500000,23000000,2,1529.47,528266
1786658195315,unknown,Stage0-6-0,0,-1,53434782,88000000,23,23445.55,8122705
1786658195317,unknown,Stage0-2-0,0,-1,15000000,15000000,1,1527.94,529797
1786658195332,unknown,Stage0-0-0,0,-1,14500000,22000000,2,1542.00,531339
1786658195337,unknown,Stage0-4-0,0,-1,45125000,73000000,24,23469.00,8146174
1786658195352,unknown,Stage0-5-0,0,-1,53347826,81000000,23,23445.55,8122705
1786658195352,unknown,Stage0-1-0,0,-1,18000000,18000000,1,1529.47,529797
1786658195400,unknown,Stage0-7-0,0,-1,49826086,76000000,23,23445.55,8122705
1786658195401,unknown,Stage0-3-0,0,-1,17000000,17000000,1,1529.47,529797
1786658196315,unknown,Stage0-6-0,0,-1,43250000,73000000,24,23469.00,8146174
1786658196317,unknown,Stage0-2-0,0,-1,12500000,20000000,2,1531.00,531328
1786658196332,unknown,Stage0-0-0,0,-1,15000000,15000000,1,1520.00,532859
1786658196337,unknown,Stage0-4-0,0,-1,49434782,74000000,23,23469.00,8169643
1786658196352,unknown,Stage0-5-0,0,-1,46500000,75000000,24,23469.00,8146174
1786658196353,unknown,Stage0-1-0,0,-1,15000000,24000000,2,1529.47,531328
1786658196401,unknown,Stage0-7-0,0,-1,47708333,71000000,24,23445.55,8146174
1786658196402,unknown,Stage0-3-0,0,-1,15500000,24000000,2,1529.47,531328
1786658197316,unknown,Stage0-6-0,0,-1,52695652,82000000,23,23445.55,8169643
1786658197318,unknown,Stage0-2-0,0,-1,14000000,14000000,1,1529.47,532859
1786658197332,unknown,Stage0-0-0,0,-1,12000000,19000000,2,1531.00,534390
1786658197338,unknown,Stage0-4-0,0,-1,55083333,92000000,24,23445.55,8193112
1786658197353,unknown,Stage0-5-0,0,-1,48869565,76000000,23,23445.55,8169643
1786658197354,unknown,Stage0-1-0,0,-1,16000000,16000000,1,1529.47,532859
1786658197401,unknown,Stage0-7-0,0,-1,53478260,78000000,23,23469.00,8169643
1786658197402,unknown,Stage0-3-0,0,-1,17000000,17000000,1,1531.00,532859
1786658198317,unknown,Stage0-6-0,0,-1,50291666,80000000,24,23445.55,8193112
1786658198319,unknown,Stage0-2-0,0,-1,11500000,18000000,2,1529.47,534390
1786658198333,unknown,Stage0-0-0,0,-1,15000000,15000000,1,1529.47,535921
1786658198339,unknown,Stage0-4-0,0,-1,57043478,89000000,23,23445.55,8216581
1786658198354,unknown,Stage0-1-0,0,-1,14000000,22000000,2,1531.00,534390
1786658198354,unknown,Stage0-5-0,0,-1,55208333,91000000,24,23445.55,8193112
1786658198401,unknown,Stage0-7-0,0,-1,52500000,80000000,24,23469.00,8193112
1786658198402,unknown,Stage0-3-0,0,-1,13000000,21000000,2,1531.00,534390
1786658199318,unknown,Stage0-6-0,0,-1,52913043,85000000,23,23445.55,8216581
1786658199320,unknown,Stage0-2-0,0,-1,13000000,13000000,1,1529.47,535921
1786658199333,unknown,Stage0-0-0,0,-1,11500000,19000000,2,1531.00,537452
1786658199339,unknown,Stage0-4-0,0,-1,52958333,81000000,24,23469.00,8240050
1786658199355,unknown,Stage0-5-0,0,-1,55478260,87000000,23,23445.55,8216581
1786658199355,unknown,Stage0-1-0,0,-1,15000000,15000000,1,1529.47,535921
1786658199401,unknown,Stage0-7-0,0,-1,50086956,75000000,23,23469.00,8216581
1786658199403,unknown,Stage0-3-0,0,-1,15000000,15000000,1,1529.47,535921
1786658200318,unknown,Stage0-6-0,0,-1,53625000,89000000,24,23469.00,8240050
1786658200320,unknown,Stage0-2-0,0,-1,10000000,17000000,2,1531.00,537452
1786658200335,unknown,Stage0-0-0,0,-1,13000000,13000000,1,1527.94,538983
1786658200339,unknown,Stage0-4-0,0,-1,53086956,82000000,23,23469.00,8263519
1786658200356,unknown,Stage0-1-0,0,-1,12500000,20000000,2,1529.47,537452
1786658200356,unknown,Stage0-5-0,0,-1,54000000,87000000,24,23445.55,8240050
1786658200402,unknown,Stage0-7-0,0,-1,48500000,68000000,24,23445.55,8240050
1786658200403,unknown,Stage0-3-0,0,-1,12500000,21000000,2,1531.00,537452
1786658201318,unknown,Stage0-6-0,0,-1,49956521,76000000,23,23469.00,8263519
1786658201320,unknown,Stage0-2-0,0,-1,11000000,11000000,1,1531.00,538983
1786658201335,unknown,Stage0-0-0,0,-1,10500000,19000000,2,1535.00,540518
1786658201339,unknown,Stage0-4-0,0,-1,52260869,83000000,23,23469.00,8286988
1786658201356,unknown,Stage0-1-0,0,-1,14000000,14000000,1,1531.00,538983
1786658201357,unknown,Stage0-5-0,0,-1,52434782,75000000,23,23445.55,8263519
1786658201404,unknown,Stage0-7-0,0,-1,55391304,77000000,23,23422.16,8263519
1786658201404,unknown,Stage0-3-0,0,-1,14000000,14000000,1,1529.47,538983
1786658202318,unknown,Stage0-6-0,0,-1,50826086,83000000,23,23469.00,8286988
1786658202321,unknown,Stage0-2-0,0,-1,8500000,15000000,2,1529.47,540514
1786658202335,unknown,Stage0-0-0,0,-1,19000000,26000000,2,1527.00,542045
1786658202340,unknown,Stage0-4-0,0,-1,61875000,168000000,24,23445.55,8310457
1786658202358,unknown,Stage0-1-0,0,-1,11000000,19000000,2,1527.94,540514
1786658202358,unknown,Stage0-5-0,0,-1,76565217,184000000,23,23445.55,8286988
1786658202404,unknown,Stage0-7-0,0,-1,113173913,185000000,23,23469.00,8286988
1786658202406,unknown,Stage0-3-0,0,-1,11000000,19000000,2,1527.94,540514
1786658203318,unknown,Stage0-6-0,0,-1,51208333,88000000,24,23469.00,8310457
1786658203321,unknown,Stage0-2-0,0,-1,23500000,34000000,2,1531.00,542045
1786658203337,unknown,Stage0-0-0,0,-1,21000000,21000000,1,1527.94,543576
1786658203341,unknown,Stage0-4-0,0,-1,53173913,86000000,23,23445.55,8333926
1786658203359,unknown,Stage0-5-0,0,-1,57208333,90000000,24,23445.55,8310457
1786658203360,unknown,Stage0-1-0,0,-1,22500000,32000000,2,1527.94,542045
1786658203405,unknown,Stage0-7-0,0,-1,50750000,73000000,24,23445.55,8310457
1786658203406,unknown,Stage0-3-0,0,-1,22000000,31000000,2,1531.00,542045
1786658204319,unknown,Stage0-6-0,0,-1,59869565,95000000,23,23445.55,8333926
1786658204321,unknown,Stage0-2-0,0,-1,14000000,14000000,1,1531.00,543576
1786658204337,unknown,Stage0-0-0,0,-1,19000000,27000000,2,1532.00,545108
1786658204341,unknown,Stage0-4-0,0,-1,56083333,96000000,24,23469.00,8357395
1786658204360,unknown,Stage0-1-0,0,-1,25000000,25000000,1,1547.00,543592
1786658204360,unknown,Stage0-5-0,0,-1,54869565,84000000,23,23445.55,8333926
1786658204405,unknown,Stage0-7-0,0,-1,50565217,72000000,23,23469.00,8333926
1786658204406,unknown,Stage0-3-0,0,-1,21000000,21000000,1,1531.00,543576
1786658205320,unknown,Stage0-6-0,0,-1,54625000,86000000,24,23445.55,8357395
1786658205322,unknown,Stage0-2-0,0,-1,15500000,22000000,2,1529.47,545107
1786658205337,unknown,Stage0-0-0,0,-1,20000000,20000000,1,1530.00,546638
1786658205342,unknown,Stage0-4-0,0,-1,56695652,92000000,23,23445.55,8380864
1786658205360,unknown,Stage0-1-0,0,-1,19500000,27000000,2,1525.00,545117
1786658205360,unknown,Stage0-5-0,0,-1,53666666,86000000,24,23469.00,8357395
1786658205406,unknown,Stage0-7-0,0,-1,52333333,79000000,24,23445.55,8357395
1786658205407,unknown,Stage0-3-0,0,-1,20500000,29000000,2,1529.47,545107
1786658206321,unknown,Stage0-6-0,0,-1,47391304,78000000,23,23445.55,8380864
1786658206323,unknown,Stage0-2-0,0,-1,13000000,13000000,1,1529.47,546638
1786658206338,unknown,Stage0-0-0,0,-1,16500000,24000000,2,1529.47,548169
1786658206342,unknown,Stage0-4-0,0,-1,53791666,88000000,24,23469.00,8404333
1786658206360,unknown,Stage0-1-0,0,-1,20000000,20000000,1,1521.00,546638
1786658206360,unknown,Stage0-5-0,0,-1,48608695,75000000,23,23469.00,8380864
1786658206407,unknown,Stage0-3-0,0,-1,21000000,21000000,1,1531.00,546638
1786658206407,unknown,Stage0-7-0,0,-1,51043478,77000000,23,23445.55,8380864
1786658207321,unknown,Stage0-6-0,0,-1,47333333,78000000,24,23469.00,8404333
1786658207323,unknown,Stage0-2-0,0,-1,15000000,22000000,2,1531.00,548169
1786658207338,unknown,Stage0-0-0,0,-1,14000000,14000000,1,1531.00,549700
1786658207342,unknown,Stage0-4-0,0,-1,51260869,76000000,23,23469.00,8427802
1786658207361,unknown,Stage0-5-0,0,-1,43208333,64000000,24,23445.55,8404333
1786658207361,unknown,Stage0-1-0,0,-1,15500000,22000000,2,1529.47,548169
1786658207408,unknown,Stage0-7-0,0,-1,44416666,65000000,24,23445.55,8404333
1786658207409,unknown,Stage0-3-0,0,-1,18000000,27000000,2,1527.94,548169
1786658208322,unknown,Stage0-6-0,0,-1,56260869,91000000,23,23445.55,8427802
1786658208323,unknown,Stage0-2-0,0,-1,16000000,16000000,1,1531.00,549700
1786658208339,unknown,Stage0-0-0,0,-1,16000000,24000000,2,1529.47,551231
1786658208343,unknown,Stage0-4-0,0,-1,50916666,78000000,24,23445.55,8451271
1786658208361,unknown,Stage0-1-0,0,-1,20000000,20000000,1,1531.00,549700
1786658208362,unknown,Stage0-5-0,0,-1,52000000,82000000,23,23445.55,8427802
1786658208409,unknown,Stage0-7-0,0,-1,49043478,69000000,23,23445.55,8427802
1786658208409,unknown,Stage0-3-0,0,-1,21000000,21000000,1,1531.00,549700
1786658209323,unknown,Stage0-6-0,0,-1,51833333,86000000,24,23445.55,8451271
1786658209325,unknown,Stage0-2-0,0,-1,14000000,21000000,2,1527.94,551231
1786658209339,unknown,Stage0-0-0,0,-1,17000000,17000000,1,1531.00,552762
1786658209343,unknown,Stage0-4-0,0,-1,51478260,81000000,23,23469.00,8474740
1786658209361,unknown,Stage0-1-0,0,-1,16500000,24000000,2,1531.00,551231
1786658209362,unknown,Stage0-5-0,0,-1,51666666,79000000,24,23476.00,8451278
1786658209410,unknown,Stage0-7-0,0,-1,48208333,70000000,24,23445.55,8451271
1786658209410,unknown,Stage0-3-0,0,-1,17000000,25000000,2,1529.47,551231
1786658210324,unknown,Stage0-6-0,0,-1,55130434,90000000,23,23445.55,8474740
1786658210325,unknown,Stage0-2-0,0,-1,16000000,16000000,1,1531.00,552762
1786658210339,unknown,Stage0-0-0,0,-1,14500000,22000000,2,1531.00,554293
1786658210344,unknown,Stage0-4-0,0,-1,49625000,81000000,24,23445.55,8498209
1786658210361,unknown,Stage0-1-0,0,-1,18000000,18000000,1,1531.00,552762
1786658210362,unknown,Stage0-5-0,0,-1,47391304,72000000,23,23462.00,8474740
1786658210410,unknown,Stage0-3-0,0,-1,19000000,19000000,1,1531.00,552762
1786658210410,unknown,Stage0-7-0,0,-1,49913043,70000000,23,23469.00,8474740
1786658211325,unknown,Stage0-6-0,0,-1,53125000,87000000,24,23445.55,8498209
1786658211325,unknown,Stage0-2-0,0,-1,12500000,20000000,2,1531.00,554293
1786658211340,unknown,Stage0-0-0,0,-1,17000000,17000000,1,1529.47,555824
1786658211346,unknown,Stage0-4-0,0,-1,53913043,88000000,23,23422.16,8521678
1786658211361,unknown,Stage0-1-0,0,-1,15500000,24000000,2,1531.00,554293
1786658211362,unknown,Stage0-5-0,0,-1,53125000,86000000,24,23469.00,8498209
1786658211410,unknown,Stage0-7-0,0,-1,47333333,71000000,24,23502.00,8498242
1786658211410,unknown,Stage0-3-0,0,-1,15000000,23000000,2,1531.00,554293
1786658212325,unknown,Stage0-6-0,0,-1,46565217,68000000,23,23469.00,8521678
1786658212326,unknown,Stage0-2-0,0,-1,14000000,14000000,1,1529.47,555824
1786658212340,unknown,Stage0-0-0,0,-1,10500000,15000000,2,1531.00,557355
1786658212346,unknown,Stage0-4-0,0,-1,55833333,91000000,24,23479.00,8545157
1786658212363,unknown,Stage0-5-0,0,-1,46173913,73000000,23,23445.55,8521678
1786658212363,unknown,Stage0-1-0,0,-1,13000000,13000000,1,1527.94,555824
1786658212411,unknown,Stage0-7-0,0,-1,49565217,71000000,23,23412.59,8521678
1786658212411,unknown,Stage0-3-0,0,-1,17000000,17000000,1,1529.47,555824
1786658213327,unknown,Stage0-6-0,0,-1,52583333,87000000,24,23422.16,8545147
1786658213327,unknown,Stage0-2-0,0,-1,11500000,18000000,2,1529.47,557355
1786658213341,unknown,Stage0-0-0,0,-1,16000000,16000000,1,1529.47,558886
1786658213346,unknown,Stage0-4-0,0,-1,52304347,83000000,23,23459.00,8568616
1786658213364,unknown,Stage0-5-0,0,-1,51458333,79000000,24,23445.55,8545147
1786658213364,unknown,Stage0-1-0,0,-1,14000000,22000000,2,1529.47,557355
1786658213412,unknown,Stage0-7-0,0,-1,49250000,71000000,24,23445.55,8545147
1786658213412,unknown,Stage0-3-0,0,-1,14000000,22000000,2,1529.47,557355
1786658214327,unknown,Stage0-6-0,0,-1,51000000,80000000,23,23475.00,8568622
1786658214327,unknown,Stage0-2-0,0,-1,13000000,13000000,1,1531.00,558886
1786658214342,unknown,Stage0-0-0,0,-1,12500000,20000000,2,1529.47,560417
1786658214348,unknown,Stage0-4-0,0,-1,52875000,85000000,24,23422.16,8592085
1786658214364,unknown,Stage0-1-0,0,-1,16000000,16000000,1,1531.00,558886
1786658214365,unknown,Stage0-5-0,0,-1,51565217,82000000,23,23445.55,8568616
1786658214412,unknown,Stage0-3-0,0,-1,15000000,15000000,1,1531.00,558886
1786658214412,unknown,Stage0-7-0,0,-1,49739130,72000000,23,23469.00,8568616
1786658215327,unknown,Stage0-6-0,0,-1,55166666,91000000,24,23463.00,8592085
1786658215328,unknown,Stage0-2-0,0,-1,10500000,17000000,2,1529.47,560417
1786658215342,unknown,Stage0-0-0,0,-1,14000000,14000000,1,1531.00,561948
1786658215348,unknown,Stage0-4-0,0,-1,56391304,88000000,23,23469.00,8615554
1786658215365,unknown,Stage0-5-0,0,-1,53875000,86000000,24,23497.00,8592113
1786658215365,unknown,Stage0-1-0,0,-1,12500000,20000000,2,1529.47,560417
1786658215412,unknown,Stage0-7-0,0,-1,48083333,69000000,24,23469.00,8592085
1786658215412,unknown,Stage0-3-0,0,-1,13000000,21000000,2,1531.00,560417
1786658216328,unknown,Stage0-6-0,0,-1,53478260,86000000,23,23445.55,8615554
1786658216330,unknown,Stage0-2-0,0,-1,12000000,12000000,1,1527.94,561948
1786658216344,unknown,Stage0-0-0,0,-1,11500000,19000000,2,1527.94,563479
1786658216348,unknown,Stage0-4-0,0,-1,46125000,70000000,24,23469.00,8639023
1786658216365,unknown,Stage0-5-0,0,-1,43000000,70000000,23,23441.00,8615554
1786658216367,unknown,Stage0-1-0,0,-1,14000000,14000000,1,1527.94,561948
1786658216412,unknown,Stage0-7-0,0,-1,47913043,71000000,23,23469.00,8615554
1786658216412,unknown,Stage0-3-0,0,-1,14000000,14000000,1,1531.00,561948
1786658217329,unknown,Stage0-6-0,0,-1,49583333,80000000,24,23445.55,8639023
1786658217330,unknown,Stage0-2-0,0,-1,10000000,17000000,2,1531.00,563479
1786658217345,unknown,Stage0-0-0,0,-1,22000000,30000000,2,1529.47,565010
1786658217349,unknown,Stage0-4-0,0,-1,54782608,85000000,23,23445.55,8662492
1786658217365,unknown,Stage0-5-0,0,-1,47208333,80000000,24,23469.00,8639023
1786658217367,unknown,Stage0-1-0,0,-1,12500000,21000000,2,1531.00,563479
1786658217414,unknown,Stage0-3-0,0,-1,11500000,20000000,2,1527.94,563479
1786658217415,unknown,Stage0-7-0,0,-1,44625000,65000000,24,23398.80,8639023
1786658218330,unknown,Stage0-6-0,0,-1,49478260,78000000,23,23445.55,8662492
1786658218331,unknown,Stage0-2-0,0,-1,18000000,25000000,2,1529.47,565010
1786658218345,unknown,Stage0-0-0,0,-1,18000000,18000000,1,1531.00,566541
1786658218350,unknown,Stage0-4-0,0,-1,51260869,75000000,23,23445.55,8685961
1786658218366,unknown,Stage0-5-0,0,-1,46260869,71000000,23,23445.55,8662492
1786658218367,unknown,Stage0-1-0,0,-1,22000000,30000000,2,1532.00,565011
1786658218415,unknown,Stage0-3-0,0,-1,22500000,31000000,2,1529.47,565010
1786658218415,unknown,Stage0-7-0,0,-1,48913043,67000000,23,23516.00,8662539
1786658219330,unknown,Stage0-6-0,0,-1,54347826,88000000,23,23469.00,8685961
1786658219331,unknown,Stage0-2-0,0,-1,15000000,15000000,1,1531.00,566541
1786658219345,unknown,Stage0-0-0,0,-1,19500000,28000000,2,1531.00,568072
1786658219351,unknown,Stage0-4-0,0,-1,56166666,90000000,24,23445.55,8709430
1786658219367,unknown,Stage0-5-0,0,-1,49043478,78000000,23,23445.55,8685961
1786658219367,unknown,Stage0-1-0,0,-1,18000000,18000000,1,1530.00,566541
1786658219415,unknown,Stage0-7-0,0,-1,39173913,52000000,23,23433.00,8685972
1786658219415,unknown,Stage0-3-0,0,-1,19000000,19000000,1,1531.00,566541
1786658220331,unknown,Stage0-6-0,0,-1,46291666,67000000,24,23445.55,8709430
1786658220332,unknown,Stage0-2-0,0,-1,16000000,23000000,2,1529.47,568072
1786658220346,unknown,Stage0-0-0,0,-1,21000000,21000000,1,1529.47,569603
1786658220352,unknown,Stage0-4-0,0,-1,48391304,77000000,23,23445.55,8732899
1786658220367,unknown,Stage0-5-0,0,-1,49500000,77000000,24,23469.00,8709430
1786658220368,unknown,Stage0-1-0,0,-1,19500000,27000000,2,1529.47,568072
1786658220415,unknown,Stage0-3-0,0,-1,20500000,29000000,2,1531.00,568072
1786658220416,unknown,Stage0-7-0,0,-1,49500000,73000000,24,23434.57,8709430
1786658221333,unknown,Stage0-6-0,0,-1,51869565,84000000,23,23422.16,8732899
1786658221333,unknown,Stage0-2-0,0,-1,18000000,18000000,1,1529.47,569603
1786658221346,unknown,Stage0-0-0,0,-1,18500000,27000000,2,1531.00,571134
1786658221352,unknown,Stage0-4-0,0,-1,48500000,73000000,24,23469.00,8756368
1786658221367,unknown,Stage0-5-0,0,-1,49956521,77000000,23,23469.00,8732899
1786658221368,unknown,Stage0-1-0,0,-1,17000000,17000000,1,1531.00,569603
1786658221415,unknown,Stage0-3-0,0,-1,17000000,17000000,1,1531.00,569603
1786658221416,unknown,Stage0-7-0,0,-1,47304347,70000000,23,23540.00,8732970
1786658222334,unknown,Stage0-6-0,0,-1,49500000,83000000,24,23445.55,8756368
1786658222334,unknown,Stage0-2-0,0,-1,16000000,23000000,2,1529.47,571134
1786658222347,unknown,Stage0-0-0,0,-1,20000000,20000000,1,1529.47,572665
1786658222352,unknown,Stage0-4-0,0,-1,47173913,70000000,23,23469.00,8779837
1786658222369,unknown,Stage0-5-0,0,-1,10666666,21000000,24,23422.16,8756368
1786658222369,unknown,Stage0-1-0,0,-1,18500000,27000000,2,1529.47,571134
1786658222416,unknown,Stage0-7-0,0,-1,45791666,69000000,24,23398.00,8756368
1786658222416,unknown,Stage0-3-0,0,-1,18000000,26000000,2,1529.47,571134
1786658223334,unknown,Stage0-2-0,0,-1,17000000,17000000,1,1531.00,572665
1786658223334,unknown,Stage0-6-0,0,-1,52391304,75000000,23,23469.00,8779837
1786658223370,unknown,Stage0-5-0,0,-1,9347826,19000000,23,23445.55,8779837
1786658223370,unknown,Stage0-1-0,0,-1,20000000,20000000,1,1529.47,572665
1786658223416,unknown,Stage0-3-0,0,-1,20000000,20000000,1,1531.00,572665
1786658223416,unknown,Stage0-7-0,0,-1,47086956,67000000,23,23469.00,8779837
