1781923181367,Executor1,Stage1-2-0,0,0,0,0,0,0,0,0
1781923181370,Executor0,Stage0-0-0,0,0,0,0,0,0,0,0
1781923181620,Executor3,Stage1-0-0,0,0,0,0,0,0,0,0
1781923181927,Executor0,Stage0-0-0,0,0,0,0,0,0,0,0
1781923181927,Executor0,Stage0-1-0,0,0,0,0,0,0,0,0
1781923181927,Executor0,Stage0-2-0,0,0,0,0,0,0,0,0
1781923181927,Executor0,Stage0-3-0,0,0,0,0,0,0,0,0
1781923181978,Executor1,Stage1-0-0,0,0,0,0,0,0,0,0
1781923182082,Executor7,Stage1-0-0,0,0,0,0,0,0,0,0
1781923182163,Executor2,Stage1-3-0,0,0,0,0,0,0,0,0
1781923182176,Executor2,Stage1-3-0,0,0,0,0,0,0,0,0
1781923182204,Executor7,Stage1-1-0,0,0,0,0,0,0,0,0
1781923182367,Executor1,Stage1-2-0,0,0,0,0,0,0,0,0
1781923182370,Executor0,Stage0-0-0,0,0,0,0,0,0,0,0
1781923182620,Executor3,Stage1-0-0,0,0,0,0,0,0,0,0
1781923182927,Executor0,Stage0-0-0,0,0,0,0,0,0,0,0
1781923182927,Executor0,Stage0-1-0,0,0,0,0,0,0,0,0
1781923182927,Executor0,Stage0-2-0,0,0,0,0,0,0,0,0
1781923182927,Executor0,Stage0-3-0,0,0,0,0,0,0,0,0
1781923182978,Executor1,Stage1-0-0,0,0,0,0,0,0,0,0
1781923183081,Executor7,Stage1-0-0,0,0,0,0,0,0,0,0
1781923183163,Executor2,Stage1-3-0,0,0,0,0,0,0,0,0
1781923183176,Executor2,Stage1-3-0,0,0,0,0,0,0,0,0
1781923183204,Executor7,Stage1-1-0,0,0,0,0,0,0,0,0
1781923183367,Executor1,Stage1-2-0,0,0,0,0,0,0,0,0
1781923183370,Executor0,Stage0-0-0,0,0,0,0,0,0,0,0
1781923183620,Executor3,Stage1-0-0,0,0,0,0,0,0,0,0
1781923183927,Executor0,Stage0-0-0,0,0,0,0,0,0,0,0
1781923183927,Executor0,Stage0-1-0,0,0,0,0,0,0,0,0
1781923183927,Executor0,Stage0-2-0,0,0,0,0,0,0,0,0
1781923183927,Executor0,Stage0-3-0,0,0,0,0,0,0,0,0
1781923183978,Executor1,Stage1-0-0,0,0,0,0,0,0,0,0
1781923184081,Executor7,Stage1-0-0,0,0,0,0,0,0,0,0
1781923184163,Executor2,Stage1-3-0,0,0,0,0,0,0,0,0
1781923184176,Executor2,Stage1-3-0,0,0,0,0,0,0,0,0
1781923184204,Executor7,Stage1-1-0,0,0,0,0,0,0,0,0
1781923184367,Executor1,Stage1-2-0,0,0,0,0,0,0,0,0
1781923184370,Executor0,Stage0-0-0,0,0,0,0,0,0,0,0
1781923184620,Executor3,Stage1-0-0,0,0,0,0,0,0,0,0
1781923184927,Executor0,Stage0-0-0,0,0,0,0,0,0,0,0
1781923184927,Executor0,Stage0-1-0,0,0,0,0,0,0,0,0
1781923184927,Executor0,Stage0-2-0,0,0,0,0,0,0,0,0
1781923184927,Executor0,Stage0-3-0,0,0,0,0,0,0,0,0
1781923184978,Executor1,Stage1-0-0,0,0,0,0,0,0,0,0
1781923185082,Executor7,Stage1-0-0,0,0,0,0,0,0,0,0
1781923185163,Executor2,Stage1-3-0,0,0,0,0,0,0,0,0
1781923185176,Executor2,Stage1-3-0,0,0,0,0,0,0,0,0
1781923185204,Executor7,Stage1-1-0,0,0,0,0,0,0,0,0
1781923185367,Executor1,Stage1-2-0,0,0,0,0,0,0,0,0
1781923185370,Executor0,Stage0-0-0,0,0,0,0,0,0,0,0
1781923185620,Executor3,Stage1-0-0,0,0,0,0,0,0,0,0
1781923185927,Executor0,Stage0-0-0,0,0,0,0,0,0,0,0
1781923185927,Executor0,Stage0-1-0,0,0,0,0,0,0,0,0
1781923185927,Executor0,Stage0-2-0,0,0,0,0,0,0,0,0
1781923185927,Executor0,Stage0-3-0,0,0,0,0,0,0,0,0
1781923185980,Executor1,Stage1-0-0,0,0,0,0,0,0,0,0
1781923186082,Executor7,Stage1-0-0,0,0,0,0,0,0,0,0
1781923186163,Executor2,Stage1-3-0,0,0,0,0,0,0,0,0
1781923186176,Executor2,Stage1-3-0,0,0,0,0,0,0,0,0
1781923186204,Executor7,Stage1-1-0,0,0,0,0,0,0,0,0
1781923186367,Executor1,Stage1-2-0,0,0,0,0,0,0,0,0
1781923186370,Executor0,Stage0-0-0,0,0,0,0,0,0,0,0
1781923186620,Executor3,Stage1-0-0,0,0,0,0,0,0,0,0
1781923186981,Executor1,Stage1-0-0,0,0,0,0,0,0,0,0
1781923186981,Executor0,Stage0-0-0,0,0,0,0,0,0,0,0
1781923186981,Executor0,Stage0-1-0,0,0,0,0,0,0,0,0
1781923186981,Executor0,Stage0-2-0,0,0,0,0,0,0,0,0
1781923186981,Executor0,Stage0-3-0,0,0,0,0,0,0,0,0
1781923187081,Executor7,Stage1-0-0,0,0,0,0,0,0,0,0
1781923187163,Executor2,Stage1-3-0,0,0,0,0,0,0,0,0
1781923187176,Executor2,Stage1-3-0,0,0,0,0,0,0,0,0
1781923187204,Executor7,Stage1-1-0,0,0,0,0,0,0,0,0
1781923187367,Executor1,Stage1-2-0,0,0,0,0,0,0,0,0
1781923187370,Executor0,Stage0-0-0,0,0,0,0,0,0,0,0
1781923187620,Executor3,Stage1-0-0,0,0,0,0,0,0,0,0
1781923187927,Executor0,Stage0-0-0,0,0,0,0,0,0,0,0
1781923187927,Executor0,Stage0-1-0,0,0,0,0,0,0,0,0
1781923187927,Executor0,Stage0-2-0,0,0,0,0,0,0,0,0
1781923187927,Executor0,Stage0-3-0,0,0,0,0,0,0,0,0
1781923187978,Executor1,Stage1-0-0,0,0,0,0,0,0,0,0
1781923188082,Executor7,Stage1-0-0,0,0,0,0,0,0,0,0
1781923188163,Executor2,Stage1-3-0,0,0,0,0,0,0,0,0
1781923188176,Executor2,Stage1-3-0,0,0,0,0,0,0,0,0
1781923188204,Executor7,Stage1-1-0,0,0,0,0,0,0,0,0
1781923188367,Executor1,Stage1-2-0,0,0,0,0,0,0,0,0
1781923188370,Executor0,Stage0-0-0,0,0,0,0,0,0,0,0
1781923188620,Executor3,Stage1-0-0,0,0,0,0,0,0,0,0
1781923188927,Executor0,Stage0-0-0,0,0,0,0,0,0,0,0
1781923188927,Executor0,Stage0-1-0,0,0,0,0,0,0,0,0
1781923188927,Executor0,Stage0-2-0,0,0,0,0,0,0,0,0
1781923188927,Executor0,Stage0-3-0,0,0,0,0,0,0,0,0
1781923188978,Executor1,Stage1-0-0,0,0,0,0,0,0,0,0
1781923189081,Executor7,Stage1-0-0,0,0,0,0,0,0,0,0
1781923189163,Executor2,Stage1-3-0,0,0,0,0,0,0,0,0
1781923189176,Executor2,Stage1-3-0,0,0,0,0,0,0,0,0
1781923189204,Executor7,Stage1-1-0,0,0,0,0,0,0,0,0
1781923189367,Executor1,Stage1-2-0,0,0,0,0,0,0,0,0
1781923189370,Executor0,Stage0-0-0,0,0,0,0,0,0,0,0
1781923189621,Executor3,Stage1-0-0,0,0,0,0,0,0,0,0
1781923189927,Executor0,Stage0-0-0,0,0,0,0,0,0,0,0
1781923189927,Executor0,Stage0-1-0,0,0,0,0,0,0,0,0
1781923189927,Executor0,Stage0-2-0,0,0,0,0,0,0,0,0
1781923189927,Executor0,Stage0-3-0,0,0,0,0,0,0,0,0
1781923189978,Executor1,Stage1-0-0,0,0,0,0,0,0,0,0
1781923190082,Executor7,Stage1-0-0,0,0,0,0,0,0,0,0
1781923190163,Executor2,Stage1-3-0,0,0,0,0,0,0,0,0
1781923190176,Executor2,Stage1-3-0,0,0,0,0,0,0,0,0
1781923190204,Executor7,Stage1-1-0,0,0,0,0,0,0,0,0
1781923190367,Executor1,Stage1-2-0,0,0,0,0,0,0,0,0
1781923190370,Executor0,Stage0-0-0,0,0,0,0,0,0,0,0
1781923190620,Executor3,Stage1-0-0,0,0,0,0,0,0,0,0
1781923190927,Executor0,Stage0-0-0,0,0,0,0,0,0,0,0
1781923190927,Executor0,Stage0-1-0,0,0,0,0,0,0,0,0
1781923190927,Executor0,Stage0-2-0,0,0,0,0,0,0,0,0
1781923190927,Executor0,Stage0-3-0,0,0,0,0,0,0,0,0
1781923190978,Executor1,Stage1-0-0,0,0,0,0,0,0,0,0
1781923191082,Executor7,Stage1-0-0,0,0,0,0,0,0,0,0
1781923191163,Executor2,Stage1-3-0,0,0,0,0,0,0,0,0
1781923191176,Executor2,Stage1-3-0,0,0,0,0,0,0,0,0
1781923191204,Executor7,Stage1-1-0,0,0,0,0,0,0,0,0
1781923191367,Executor1,Stage1-2-0,0,0,0,0,0,0,0,0
1781923191370,Executor0,Stage0-0-0,0,0,0,0,0,0,0,0
1781923191620,Executor3,Stage1-0-0,0,0,0,0,0,0,0,0
1781923191927,Executor0,Stage0-0-0,0,0,0,0,0,0,0,0
1781923191927,Executor0,Stage0-1-0,0,0,0,0,0,0,0,0
1781923191927,Executor0,Stage0-2-0,0,0,0,0,0,0,0,0
1781923191927,Executor0,Stage0-3-0,0,0,0,0,0,0,0,0
1781923191978,Executor1,Stage1-0-0,0,0,0,0,0,0,0,0
1781923192082,Executor7,Stage1-0-0,0,0,0,0,0,0,0,0
1781923192163,Executor2,Stage1-3-0,0,0,0,0,0,0,0,0
1781923192176,Executor2,Stage1-3-0,0,0,0,0,0,0,0,0
1781923192204,Executor7,Stage1-1-0,0,0,0,0,0,0,0,0
1781923192367,Executor1,Stage1-2-0,0,0,0,0,0,0,0,0
1781923192370,Executor0,Stage0-0-0,0,0,0,0,0,0,0,0
1781923192620,Executor3,Stage1-0-0,0,0,0,0,0,0,0,0
1781923192927,Executor0,Stage0-0-0,0,0,0,0,0,0,0,0
1781923192927,Executor0,Stage0-1-0,0,0,0,0,0,0,0,0
1781923192927,Executor0,Stage0-2-0,0,0,0,0,0,0,0,0
1781923192927,Executor0,Stage0-3-0,0,0,0,0,0,0,0,0
1781923192978,Executor1,Stage1-0-0,0,0,0,0,0,0,0,0
1781923193082,Executor7,Stage1-0-0,0,0,0,0,0,0,0,0
1781923193163,Executor2,Stage1-3-0,0,0,0,0,0,0,0,0
1781923193176,Executor2,Stage1-3-0,0,0,0,0,0,0,0,0
1781923193204,Executor7,Stage1-1-0,0,0,0,0,0,0,0,0
1781923193367,Executor1,Stage1-2-0,0,0,0,0,0,0,0,0
1781923193370,Executor0,Stage0-0-0,0,0,0,0,0,0,0,0
1781923193620,Executor3,Stage1-0-0,0,0,0,0,0,0,0,0
1781923193927,Executor0,Stage0-0-0,0,0,0,0,0,0,0,0
1781923193927,Executor0,Stage0-1-0,0,0,0,0,0,0,0,0
1781923193927,Executor0,Stage0-2-0,0,0,0,0,0,0,0,0
1781923193927,Executor0,Stage0-3-0,0,0,0,0,0,0,0,0
1781923193978,Executor1,Stage1-0-0,0,0,0,0,0,0,0,0
1781923194082,Executor7,Stage1-0-0,0,0,0,0,0,0,0,0
1781923194163,Executor2,Stage1-3-0,0,0,0,0,0,0,0,0
1781923194176,Executor2,Stage1-3-0,0,0,0,0,0,0,0,0
1781923194204,Executor7,Stage1-1-0,0,0,0,0,0,0,0,0
1781923194367,Executor1,Stage1-2-0,0,0,0,0,0,0,0,0
1781923194370,Executor0,Stage0-0-0,0,0,0,0,0,0,0,0
1781923194620,Executor3,Stage1-0-0,0,0,0,0,0,0,0,0
1781923194927,Executor0,Stage0-0-0,0,0,0,0,0,0,0,0
1781923194927,Executor0,Stage0-1-0,0,0,0,0,0,0,0,0
1781923194927,Executor0,Stage0-2-0,0,0,0,0,0,0,0,0
1781923194927,Executor0,Stage0-3-0,0,0,0,0,0,0,0,0
1781923194978,Executor1,Stage1-0-0,0,0,0,0,0,0,0,0
1781923195082,Executor7,Stage1-0-0,0,0,0,0,0,0,0,0
1781923195163,Executor2,Stage1-3-0,0,0,0,0,0,0,0,0
1781923195176,Executor2,Stage1-3-0,0,0,0,0,0,0,0,0
1781923195204,Executor7,Stage1-1-0,0,0,0,0,0,0,0,0
1781923195367,Executor1,Stage1-2-0,0,0,0,0,0,0,0,0
1781923195370,Executor0,Stage0-0-0,0,0,0,0,0,0,0,0
1781923195620,Executor3,Stage1-0-0,0,0,0,0,0,0,0,0
1781923195927,Executor0,Stage0-0-0,0,0,0,0,0,0,0,0
1781923195927,Executor0,Stage0-1-0,0,0,0,0,0,0,0,0
1781923195927,Executor0,Stage0-2-0,0,0,0,0,0,0,0,0
1781923195927,Executor0,Stage0-3-0,0,0,0,0,0,0,0,0
1781923195978,Executor1,Stage1-0-0,0,0,0,0,0,0,0,0
1781923196081,Executor7,Stage1-0-0,0,0,0,0,0,0,0,0
1781923196163,Executor2,Stage1-3-0,0,0,0,0,0,0,0,0
1781923196176,Executor2,Stage1-3-0,0,0,0,0,0,0,0,0
1781923196204,Executor7,Stage1-1-0,0,0,0,0,0,0,0,0
1781923196367,Executor1,Stage1-2-0,0,0,0,0,0,0,0,0
1781923196370,Executor0,Stage0-0-0,0,0,0,0,0,0,0,0
1781923196620,Executor3,Stage1-0-0,0,0,0,0,0,0,0,0
1781923196927,Executor0,Stage0-0-0,0,0,0,0,0,0,0,0
1781923196927,Executor0,Stage0-1-0,0,0,0,0,0,0,0,0
1781923196927,Executor0,Stage0-2-0,0,0,0,0,0,0,0,0
1781923196927,Executor0,Stage0-3-0,0,0,0,0,0,0,0,0
1781923196978,Executor1,Stage1-0-0,0,0,0,0,0,0,0,0
1781923197082,Executor7,Stage1-0-0,0,0,0,0,0,0,0,0
1781923197163,Executor2,Stage1-3-0,0,0,0,0,0,0,0,0
1781923197176,Executor2,Stage1-3-0,0,0,0,0,0,0,0,0
1781923197204,Executor7,Stage1-1-0,0,0,0,0,0,0,0,0
1781923197367,Executor1,Stage1-2-0,0,0,0,0,0,0,0,0
1781923197370,Executor0,Stage0-0-0,0,0,0,0,0,0,0,0
1781923197620,Executor3,Stage1-0-0,0,0,0,0,0,0,0,0
1781923197927,Executor0,Stage0-0-0,0,0,0,0,0,0,0,0
1781923197927,Executor0,Stage0-1-0,0,0,0,0,0,0,0,0
1781923197927,Executor0,Stage0-2-0,0,0,0,0,0,0,0,0
1781923197927,Executor0,Stage0-3-0,0,0,0,0,0,0,0,0
1781923197978,Executor1,Stage1-0-0,0,0,0,0,0,0,0,0
1781923198082,Executor7,Stage1-0-0,0,0,0,0,0,0,0,0
1781923198163,Executor2,Stage1-3-0,0,0,0,0,0,0,0,0
1781923198176,Executor2,Stage1-3-0,0,0,0,0,0,0,0,0
1781923198204,Executor7,Stage1-1-0,0,0,0,0,0,0,0,0
1781923198367,Executor1,Stage1-2-0,0,0,0,0,0,0,0,0
1781923198370,Executor0,Stage0-0-0,0,0,0,0,0,0,0,0
1781923198620,Executor3,Stage1-0-0,0,0,0,0,0,0,0,0
1781923198927,Executor0,Stage0-0-0,0,0,0,0,0,0,0,0
1781923198927,Executor0,Stage0-1-0,0,0,0,0,0,0,0,0
1781923198927,Executor0,Stage0-2-0,0,0,0,0,0,0,0,0
1781923198927,Executor0,Stage0-3-0,0,0,0,0,0,0,0,0
1781923198978,Executor1,Stage1-0-0,0,0,0,0,0,0,0,0
1781923199082,Executor7,Stage1-0-0,0,0,0,0,0,0,0,0
1781923199163,Executor2,Stage1-3-0,0,0,0,0,0,0,0,0
1781923199176,Executor2,Stage1-3-0,0,0,0,0,0,0,0,0
1781923199204,Executor7,Stage1-1-0,0,0,0,0,0,0,0,0
1781923199367,Executor1,Stage1-2-0,0,0,0,0,0,0,0,0
1781923199370,Executor0,Stage0-0-0,0,0,0,0,0,0,0,0
1781923199620,Executor3,Stage1-0-0,0,0,0,0,0,0,0,0
1781923199927,Executor0,Stage0-0-0,0,0,0,0,0,0,0,0
1781923199927,Executor0,Stage0-1-0,0,0,0,0,0,0,0,0
1781923199927,Executor0,Stage0-2-0,0,0,0,0,0,0,0,0
1781923199927,Executor0,Stage0-3-0,0,0,0,0,0,0,0,0
1781923199978,Executor1,Stage1-0-0,0,0,0,0,0,0,0,0
1781923200082,Executor7,Stage1-0-0,0,0,0,0,0,0,0,0
1781923200163,Executor2,Stage1-3-0,0,0,0,0,0,0,0,0
1781923200176,Executor2,Stage1-3-0,0,0,0,0,0,0,0,0
1781923200204,Executor7,Stage1-1-0,0,0,0,0,0,0,0,0
1781923200367,Executor1,Stage1-2-0,0,0,0,0,0,0,0,0
1781923200370,Executor0,Stage0-0-0,0,0,0,0,0,0,0,0
1781923200620,Executor3,Stage1-0-0,0,0,0,0,0,0,0,0
1781923200927,Executor0,Stage0-0-0,0,0,0,0,0,0,0,0
1781923200927,Executor0,Stage0-1-0,0,0,0,0,0,0,0,0
1781923200927,Executor0,Stage0-2-0,0,0,0,0,0,0,0,0
1781923200927,Executor0,Stage0-3-0,0,0,0,0,0,0,0,0
1781923200978,Executor1,Stage1-0-0,0,0,0,0,0,0,0,0
1781923201082,Executor7,Stage1-0-0,0,0,0,0,0,0,0,0
1781923201163,Executor2,Stage1-3-0,0,0,0,0,0,0,0,0
1781923201176,Executor2,Stage1-3-0,0,0,0,0,0,0,0,0
1781923201204,Executor7,Stage1-1-0,0,0,0,0,0,0,0,0
1781923201367,Executor1,Stage1-2-0,0,0,0,0,0,0,0,0
1781923201370,Executor0,Stage0-0-0,0,0,0,0,0,0,0,0
1781923201620,Executor3,Stage1-0-0,0,0,0,0,0,0,0,0
1781923201927,Executor0,Stage0-0-0,0,0,0,0,0,0,0,0
1781923201927,Executor0,Stage0-1-0,0,0,0,0,0,0,0,0
1781923201927,Executor0,Stage0-2-0,0,0,0,0,0,0,0,0
1781923201927,Executor0,Stage0-3-0,0,0,0,0,0,0,0,0
1781923201978,Executor1,Stage1-0-0,0,0,0,0,0,0,0,0
1781923202082,Executor7,Stage1-0-0,0,0,0,0,0,0,0,0
1781923202163,Executor2,Stage1-3-0,0,0,0,0,0,0,0,0
1781923202176,Executor2,Stage1-3-0,0,0,0,0,0,0,0,0
1781923202204,Executor7,Stage1-1-0,0,0,0,0,0,0,0,0
1781923202367,Executor1,Stage1-2-0,0,0,0,0,0,0,0,0
1781923202370,Executor0,Stage0-0-0,0,0,0,0,0,0,0,0
1781923202620,Executor3,Stage1-0-0,0,0,0,0,0,0,0,0
1781923202927,Executor0,Stage0-0-0,0,0,0,0,0,0,0,0
1781923202927,Executor0,Stage0-1-0,0,0,0,0,0,0,0,0
1781923202927,Executor0,Stage0-2-0,0,0,0,0,0,0,0,0
1781923202927,Executor0,Stage0-3-0,0,0,0,0,0,0,0,0
1781923202978,Executor1,Stage1-0-0,0,0,0,0,0,0,0,0
1781923203082,Executor7,Stage1-0-0,0,0,0,0,0,0,0,0
1781923203163,Executor2,Stage1-3-0,0,0,0,0,0,0,0,0
1781923203176,Executor2,Stage1-3-0,0,0,0,0,0,0,0,0
1781923203204,Executor7,Stage1-1-0,0,0,0,0,0,0,0,0
1781923203367,Executor1,Stage1-2-0,0,0,0,0,0,0,0,0
1781923203370,Executor0,Stage0-0-0,0,0,0,0,0,0,0,0
1781923203620,Executor3,Stage1-0-0,0,0,0,0,0,0,0,0
1781923203927,Executor0,Stage0-0-0,0,0,0,0,0,0,0,0
1781923203927,Executor0,Stage0-1-0,0,0,0,0,0,0,0,0
1781923203927,Executor0,Stage0-2-0,0,0,0,0,0,0,0,0
1781923203927,Executor0,Stage0-3-0,0,0,0,0,0,0,0,0
1781923203978,Executor1,Stage1-0-0,0,0,0,0,0,0,0,0
1781923204082,Executor7,Stage1-0-0,0,0,0,0,0,0,0,0
1781923204163,Executor2,Stage1-3-0,0,0,0,0,0,0,0,0
1781923204176,Executor2,Stage1-3-0,0,0,0,0,0,0,0,0
1781923204204,Executor7,Stage1-1-0,0,0,0,0,0,0,0,0
1781923204367,Executor1,Stage1-2-0,0,0,0,0,0,0,0,0
1781923204370,Executor0,Stage0-0-0,0,0,0,0,0,0,0,0
1781923204620,Executor3,Stage1-0-0,0,0,0,0,0,0,0,0
1781923204927,Executor0,Stage0-0-0,0,0,0,0,0,0,0,0
1781923204927,Executor0,Stage0-1-0,0,0,0,0,0,0,0,0
1781923204927,Executor0,Stage0-2-0,0,0,0,0,0,0,0,0
1781923204927,Executor0,Stage0-3-0,0,0,0,0,0,0,0,0
1781923204978,Executor1,Stage1-0-0,0,0,0,0,0,0,0,0
1781923205081,Executor7,Stage1-0-0,0,0,0,0,0,0,0,0
1781923205163,Executor2,Stage1-3-0,0,0,0,0,0,0,0,0
1781923205176,Executor2,Stage1-3-0,0,0,0,0,0,0,0,0
1781923205204,Executor7,Stage1-1-0,0,0,0,0,0,0,0,0
1781923205367,Executor1,Stage1-2-0,0,0,0,0,0,0,0,0
1781923205370,Executor0,Stage0-0-0,0,0,0,0,0,0,0,0
1781923205620,Executor3,Stage1-0-0,0,0,0,0,0,0,0,0
1781923205927,Executor0,Stage0-0-0,0,0,0,0,0,0,0,0
1781923205927,Executor0,Stage0-1-0,0,0,0,0,0,0,0,0
1781923205927,Executor0,Stage0-2-0,0,0,0,0,0,0,0,0
1781923205927,Executor0,Stage0-3-0,0,0,0,0,0,0,0,0
1781923205978,Executor1,Stage1-0-0,0,0,0,0,0,0,0,0
1781923206082,Executor7,Stage1-0-0,0,0,0,0,0,0,0,0
1781923206163,Executor2,Stage1-3-0,0,0,0,0,0,0,0,0
1781923206176,Executor2,Stage1-3-0,0,0,0,0,0,0,0,0
1781923206204,Executor7,Stage1-1-0,0,0,0,0,0,0,0,0
1781923206367,Executor1,Stage1-2-0,0,0,0,0,0,0,0,0
1781923206370,Executor0,Stage0-0-0,0,0,0,0,0,0,0,0
1781923206616,nx-q0-nexmark-sponge-q0-20260619-213819-213914,Executor3,Stage1-0-0,0,20,0,170115,17175,2358,0,0
1781923206620,Executor3,Stage1-0-0,0,0,0,0,0,0,0,0
1781923206927,Executor0,Stage0-0-0,0,0,0,0,0,0,0,0
1781923206927,Executor0,Stage0-1-0,0,0,0,0,0,0,0,0
1781923206927,Executor0,Stage0-2-0,0,0,0,0,0,0,0,0
1781923206927,Executor0,Stage0-3-0,0,0,0,0,0,0,0,0
1781923206978,Executor1,Stage1-0-0,0,0,0,0,0,0,0,0
1781923207082,Executor7,Stage1-0-0,0,0,0,0,0,0,0,0
1781923207163,Executor2,Stage1-3-0,0,0,0,0,0,0,0,0
1781923207176,Executor2,Stage1-3-0,0,0,0,0,0,0,0,0
1781923207204,Executor7,Stage1-1-0,0,0,0,0,0,0,0,0
1781923207367,Executor1,Stage1-2-0,0,0,0,0,0,0,0,0
1781923207370,Executor0,Stage0-0-0,0,0,0,0,0,0,0,0
1781923207616,nx-q0-nexmark-sponge-q0-20260619-213819-213914,Executor3,Stage1-0-0,0,0,0,0,0,0,0,0
1781923207620,Executor3,Stage1-0-0,0,0,0,0,0,0,0,0
1781923207927,Executor0,Stage0-0-0,0,0,0,0,0,0,0,0
1781923207927,Executor0,Stage0-1-0,0,0,0,0,0,0,0,0
1781923207927,Executor0,Stage0-2-0,0,0,0,0,0,0,0,0
1781923207927,Executor0,Stage0-3-0,0,0,0,0,0,0,0,0
1781923207978,Executor1,Stage1-0-0,0,0,0,0,0,0,0,0
1781923208082,Executor7,Stage1-0-0,0,0,0,0,0,0,0,0
1781923208163,Executor2,Stage1-3-0,0,0,0,0,0,0,0,0
1781923208176,Executor2,Stage1-3-0,0,0,0,0,0,0,0,0
1781923208204,Executor7,Stage1-1-0,0,0,0,0,0,0,0,0
1781923208367,Executor1,Stage1-2-0,0,0,0,0,0,0,0,0
1781923208370,Executor0,Stage0-0-0,0,0,0,0,0,0,0,0
1781923208616,nx-q0-nexmark-sponge-q0-20260619-213819-213914,Executor3,Stage1-0-0,0,0,0,0,0,0,0,0
1781923208620,Executor3,Stage1-0-0,0,0,0,0,0,0,0,0
1781923208927,Executor0,Stage0-0-0,0,0,0,0,0,0,0,0
1781923208927,Executor0,Stage0-1-0,0,0,0,0,0,0,0,0
1781923208927,Executor0,Stage0-2-0,0,0,0,0,0,0,0,0
1781923208927,Executor0,Stage0-3-0,0,0,0,0,0,0,0,0
1781923208978,Executor1,Stage1-0-0,0,0,0,0,0,0,0,0
1781923209082,Executor7,Stage1-0-0,0,0,0,0,0,0,0,0
1781923209163,Executor2,Stage1-3-0,0,0,0,0,0,0,0,0
1781923209176,Executor2,Stage1-3-0,0,0,0,0,0,0,0,0
1781923209204,Executor7,Stage1-1-0,0,0,0,0,0,0,0,0
1781923209367,Executor1,Stage1-2-0,0,0,0,0,0,0,0,0
1781923209370,Executor0,Stage0-0-0,0,0,0,0,0,0,0,0
1781923209616,nx-q0-nexmark-sponge-q0-20260619-213819-213914,Executor3,Stage1-0-0,0,52,0,12450,3604,6686,0,0
1781923209620,Executor3,Stage1-0-0,0,0,0,0,0,0,0,0
1781923209927,Executor0,Stage0-0-0,0,0,0,0,0,0,0,0
1781923209927,Executor0,Stage0-1-0,0,0,0,0,0,0,0,0
1781923209927,Executor0,Stage0-2-0,0,0,0,0,0,0,0,0
1781923209927,Executor0,Stage0-3-0,0,0,0,0,0,0,0,0
1781923209978,Executor1,Stage1-0-0,0,0,0,0,0,0,0,0
1781923210081,Executor7,Stage1-0-0,0,0,0,0,0,0,0,0
1781923210163,Executor2,Stage1-3-0,0,0,0,0,0,0,0,0
1781923210176,Executor2,Stage1-3-0,0,0,0,0,0,0,0,0
1781923210204,Executor7,Stage1-1-0,0,0,0,0,0,0,0,0
1781923210367,Executor1,Stage1-2-0,0,0,0,0,0,0,0,0
1781923210370,Executor0,Stage0-0-0,0,0,0,0,0,0,0,0
1781923210616,nx-q0-nexmark-sponge-q0-20260619-213819-213914,Executor3,Stage1-0-0,0,3541,0,202729,54445,426050,0,0
1781923210620,Executor3,Stage1-0-0,0,0,0,0,0,0,0,0
1781923210927,Executor0,Stage0-0-0,0,0,0,0,0,0,0,0
1781923210927,Executor0,Stage0-1-0,0,0,0,0,0,0,0,0
1781923210927,Executor0,Stage0-2-0,0,0,0,0,0,0,0,0
1781923210927,Executor0,Stage0-3-0,0,0,0,0,0,0,0,0
1781923210978,Executor1,Stage1-0-0,0,0,0,0,0,0,0,0
1781923211082,Executor7,Stage1-0-0,0,0,0,0,0,0,0,0
1781923211163,Executor2,Stage1-3-0,0,0,0,0,0,0,0,0
1781923211176,Executor2,Stage1-3-0,0,0,0,0,0,0,0,0
1781923211204,Executor7,Stage1-1-0,0,0,0,0,0,0,0,0
1781923211367,Executor1,Stage1-2-0,0,0,0,0,0,0,0,0
1781923211370,Executor0,Stage0-0-0,0,0,0,0,0,0,0,0
1781923211616,nx-q0-nexmark-sponge-q0-20260619-213819-213914,Executor3,Stage1-0-0,0,8627,0,275077,54399,1026364,0,0
1781923211620,Executor3,Stage1-0-0,0,0,0,0,0,0,0,0
1781923211927,Executor0,Stage0-0-0,0,0,0,0,0,0,0,0
1781923211927,Executor0,Stage0-1-0,0,0,0,0,0,0,0,0
1781923211927,Executor0,Stage0-2-0,0,0,0,0,0,0,0,0
1781923211927,Executor0,Stage0-3-0,0,0,0,0,0,0,0,0
1781923211978,Executor1,Stage1-0-0,0,0,0,0,0,0,0,0
1781923212082,Executor7,Stage1-0-0,0,0,0,0,0,0,0,0
1781923212163,Executor2,Stage1-3-0,0,0,0,0,0,0,0,0
1781923212176,Executor2,Stage1-3-0,0,0,0,0,0,0,0,0
1781923212204,Executor7,Stage1-1-0,0,0,0,0,0,0,0,0
1781923212367,Executor1,Stage1-2-0,0,0,0,0,0,0,0,0
1781923212370,Executor0,Stage0-0-0,0,0,0,0,0,0,0,0
1781923212616,nx-q0-nexmark-sponge-q0-20260619-213819-213914,Executor3,Stage1-0-0,0,17543,0,239237,72007,2102110,0,0
1781923212620,Executor3,Stage1-0-0,0,0,0,0,0,0,0,0
1781923212927,Executor0,Stage0-0-0,0,0,0,0,0,0,0,0
1781923212927,Executor0,Stage0-1-0,0,0,0,0,0,0,0,0
1781923212927,Executor0,Stage0-2-0,0,0,0,0,0,0,0,0
1781923212927,Executor0,Stage0-3-0,0,0,0,0,0,0,0,0
1781923212978,Executor1,Stage1-0-0,0,0,0,0,0,0,0,0
1781923213082,Executor7,Stage1-0-0,0,0,0,0,0,0,0,0
1781923213163,Executor2,Stage1-3-0,0,0,0,0,0,0,0,0
1781923213176,Executor2,Stage1-3-0,0,0,0,0,0,0,0,0
1781923213204,Executor7,Stage1-1-0,0,0,0,0,0,0,0,0
1781923213367,Executor1,Stage1-2-0,0,0,0,0,0,0,0,0
1781923213370,Executor0,Stage0-0-0,0,0,0,0,0,0,0,0
1781923213616,nx-q0-nexmark-sponge-q0-20260619-213819-213914,Executor3,Stage1-0-0,0,24812,0,280814,61700,2983506,0,0
1781923213620,Executor3,Stage1-0-0,0,0,0,0,0,0,0,0
1781923213927,Executor0,Stage0-0-0,0,0,0,0,0,0,0,0
1781923213927,Executor0,Stage0-1-0,0,0,0,0,0,0,0,0
1781923213927,Executor0,Stage0-2-0,0,0,0,0,0,0,0,0
1781923213927,Executor0,Stage0-3-0,0,0,0,0,0,0,0,0
1781923213978,Executor1,Stage1-0-0,0,0,0,0,0,0,0,0
1781923214082,Executor7,Stage1-0-0,0,0,0,0,0,0,0,0
1781923214163,Executor2,Stage1-3-0,0,0,0,0,0,0,0,0
1781923214176,Executor2,Stage1-3-0,0,0,0,0,0,0,0,0
1781923214204,Executor7,Stage1-1-0,0,0,0,0,0,0,0,0
1781923214367,Executor1,Stage1-2-0,0,0,0,0,0,0,0,0
1781923214370,Executor0,Stage0-0-0,0,0,0,0,0,0,0,0
1781923214616,nx-q0-nexmark-sponge-q0-20260619-213819-213914,Executor3,Stage1-0-0,0,19224,0,130735,33953,2317470,0,0
1781923214620,Executor3,Stage1-0-0,0,0,0,0,0,0,0,0
1781923214927,Executor0,Stage0-0-0,0,0,0,0,0,0,0,0
1781923214927,Executor0,Stage0-1-0,0,0,0,0,0,0,0,0
1781923214927,Executor0,Stage0-2-0,0,0,0,0,0,0,0,0
1781923214927,Executor0,Stage0-3-0,0,0,0,0,0,0,0,0
1781923214978,Executor1,Stage1-0-0,0,0,0,0,0,0,0,0
1781923215082,Executor7,Stage1-0-0,0,0,0,0,0,0,0,0
1781923215163,Executor2,Stage1-3-0,0,0,0,0,0,0,0,0
1781923215176,Executor2,Stage1-3-0,0,0,0,0,0,0,0,0
1781923215204,Executor7,Stage1-1-0,0,0,0,0,0,0,0,0
1781923215367,Executor1,Stage1-2-0,0,0,0,0,0,0,0,0
1781923215370,Executor0,Stage0-0-0,0,0,0,0,0,0,0,0
1781923215616,nx-q0-nexmark-sponge-q0-20260619-213819-213914,Executor3,Stage1-0-0,0,8918,0,73435,18039,1073312,0,0
1781923215620,Executor3,Stage1-0-0,0,0,0,0,0,0,0,0
1781923215927,Executor0,Stage0-0-0,0,0,0,0,0,0,0,0
1781923215927,Executor0,Stage0-1-0,0,0,0,0,0,0,0,0
1781923215927,Executor0,Stage0-2-0,0,0,0,0,0,0,0,0
1781923215927,Executor0,Stage0-3-0,0,0,0,0,0,0,0,0
1781923215978,Executor1,Stage1-0-0,0,0,0,0,0,0,0,0
1781923216082,Executor7,Stage1-0-0,0,0,0,0,0,0,0,0
1781923216163,Executor2,Stage1-3-0,0,0,0,0,0,0,0,0
1781923216176,Executor2,Stage1-3-0,0,0,0,0,0,0,0,0
1781923216204,Executor7,Stage1-1-0,0,0,0,0,0,0,0,0
1781923216367,Executor1,Stage1-2-0,0,0,0,0,0,0,0,0
1781923216370,Executor0,Stage0-0-0,0,0,0,0,0,0,0,0
1781923216616,nx-q0-nexmark-sponge-q0-20260619-213819-213914,Executor3,Stage1-0-0,0,11693,0,107801,31525,1410639,0,0
1781923216620,Executor3,Stage1-0-0,0,0,0,0,0,0,0,0
1781923216927,Executor0,Stage0-0-0,0,0,0,0,0,0,0,0
1781923216927,Executor0,Stage0-1-0,0,0,0,0,0,0,0,0
1781923216927,Executor0,Stage0-2-0,0,0,0,0,0,0,0,0
1781923216927,Executor0,Stage0-3-0,0,0,0,0,0,0,0,0
1781923216978,Executor1,Stage1-0-0,0,0,0,0,0,0,0,0
1781923217081,Executor7,Stage1-0-0,0,0,0,0,0,0,0,0
1781923217163,Executor2,Stage1-3-0,0,0,0,0,0,0,0,0
1781923217176,Executor2,Stage1-3-0,0,0,0,0,0,0,0,0
1781923217204,Executor7,Stage1-1-0,0,0,0,0,0,0,0,0
1781923217367,Executor1,Stage1-2-0,0,0,0,0,0,0,0,0
1781923217370,Executor0,Stage0-0-0,0,0,0,0,0,0,0,0
1781923217616,nx-q0-nexmark-sponge-q0-20260619-213819-213914,Executor3,Stage1-0-0,0,12658,0,107148,28169,1530438,0,0
1781923217620,Executor3,Stage1-0-0,0,0,0,0,0,0,0,0
1781923217927,Executor0,Stage0-0-0,0,0,0,0,0,0,0,0
1781923217927,Executor0,Stage0-1-0,0,0,0,0,0,0,0,0
1781923217927,Executor0,Stage0-2-0,0,0,0,0,0,0,0,0
1781923217927,Executor0,Stage0-3-0,0,0,0,0,0,0,0,0
1781923217978,Executor1,Stage1-0-0,0,0,0,0,0,0,0,0
1781923218082,Executor7,Stage1-0-0,0,0,0,0,0,0,0,0
1781923218163,Executor2,Stage1-3-0,0,0,0,0,0,0,0,0
1781923218176,Executor2,Stage1-3-0,0,0,0,0,0,0,0,0
1781923218204,Executor7,Stage1-1-0,0,0,0,0,0,0,0,0
1781923218367,Executor1,Stage1-2-0,0,0,0,0,0,0,0,0
1781923218370,Executor0,Stage0-0-0,0,0,0,0,0,0,0,0
1781923218616,nx-q0-nexmark-sponge-q0-20260619-213819-213914,Executor3,Stage1-0-0,0,14731,0,139575,50920,1784438,0,0
1781923218620,Executor3,Stage1-0-0,0,0,0,0,0,0,0,0
1781923218927,Executor0,Stage0-0-0,0,0,0,0,0,0,0,0
1781923218927,Executor0,Stage0-1-0,0,0,0,0,0,0,0,0
1781923218927,Executor0,Stage0-2-0,0,0,0,0,0,0,0,0
1781923218927,Executor0,Stage0-3-0,0,0,0,0,0,0,0,0
1781923218978,Executor1,Stage1-0-0,0,0,0,0,0,0,0,0
1781923219082,Executor7,Stage1-0-0,0,0,0,0,0,0,0,0
1781923219163,Executor2,Stage1-3-0,0,0,0,0,0,0,0,0
1781923219176,Executor2,Stage1-3-0,0,0,0,0,0,0,0,0
1781923219204,Executor7,Stage1-1-0,0,0,0,0,0,0,0,0
1781923219367,Executor1,Stage1-2-0,0,0,0,0,0,0,0,0
1781923219370,Executor0,Stage0-0-0,0,0,0,0,0,0,0,0
1781923219616,nx-q0-nexmark-sponge-q0-20260619-213819-213914,Executor3,Stage1-0-0,0,13208,0,129266,35217,1595222,0,0
1781923219620,Executor3,Stage1-0-0,0,0,0,0,0,0,0,0
1781923219927,Executor0,Stage0-0-0,0,0,0,0,0,0,0,0
1781923219927,Executor0,Stage0-1-0,0,0,0,0,0,0,0,0
1781923219927,Executor0,Stage0-2-0,0,0,0,0,0,0,0,0
1781923219927,Executor0,Stage0-3-0,0,0,0,0,0,0,0,0
1781923219978,Executor1,Stage1-0-0,0,0,0,0,0,0,0,0
1781923220082,Executor7,Stage1-0-0,0,0,0,0,0,0,0,0
1781923220163,Executor2,Stage1-3-0,0,0,0,0,0,0,0,0
1781923220176,Executor2,Stage1-3-0,0,0,0,0,0,0,0,0
1781923220204,Executor7,Stage1-1-0,0,0,0,0,0,0,0,0
1781923220367,Executor1,Stage1-2-0,0,0,0,0,0,0,0,0
1781923220370,Executor0,Stage0-0-0,0,0,0,0,0,0,0,0
1781923220616,nx-q0-nexmark-sponge-q0-20260619-213819-213914,Executor3,Stage1-0-0,0,15443,0,95887,21503,1855792,0,0
1781923220620,Executor3,Stage1-0-0,0,0,0,0,0,0,0,0
1781923220927,Executor0,Stage0-0-0,0,0,0,0,0,0,0,0
1781923220927,Executor0,Stage0-1-0,0,0,0,0,0,0,0,0
1781923220927,Executor0,Stage0-2-0,0,0,0,0,0,0,0,0
1781923220927,Executor0,Stage0-3-0,0,0,0,0,0,0,0,0
1781923220978,Executor1,Stage1-0-0,0,0,0,0,0,0,0,0
1781923221082,Executor7,Stage1-0-0,0,0,0,0,0,0,0,0
1781923221163,Executor2,Stage1-3-0,0,0,0,0,0,0,0,0
1781923221176,Executor2,Stage1-3-0,0,0,0,0,0,0,0,0
1781923221204,Executor7,Stage1-1-0,0,0,0,0,0,0,0,0
1781923221367,Executor1,Stage1-2-0,0,0,0,0,0,0,0,0
1781923221370,Executor0,Stage0-0-0,0,0,0,0,0,0,0,0
1781923221616,nx-q0-nexmark-sponge-q0-20260619-213819-213914,Executor3,Stage1-0-0,0,5977,0,32451,6941,720728,0,0
1781923221620,Executor3,Stage1-0-0,0,0,0,0,0,0,0,0
1781923221927,Executor0,Stage0-0-0,0,0,0,0,0,0,0,0
1781923221927,Executor0,Stage0-1-0,0,0,0,0,0,0,0,0
1781923221927,Executor0,Stage0-2-0,0,0,0,0,0,0,0,0
1781923221927,Executor0,Stage0-3-0,0,0,0,0,0,0,0,0
1781923221978,Executor1,Stage1-0-0,0,0,0,0,0,0,0,0
1781923222081,Executor7,Stage1-0-0,0,0,0,0,0,0,0,0
1781923222163,Executor2,Stage1-3-0,0,0,0,0,0,0,0,0
1781923222176,Executor2,Stage1-3-0,0,0,0,0,0,0,0,0
1781923222204,Executor7,Stage1-1-0,0,0,0,0,0,0,0,0
1781923222367,Executor1,Stage1-2-0,0,0,0,0,0,0,0,0
1781923222370,Executor0,Stage0-0-0,0,0,0,0,0,0,0,0
1781923222616,nx-q0-nexmark-sponge-q0-20260619-213819-213914,Executor3,Stage1-0-0,0,13010,0,98160,17834,1572040,0,0
1781923222620,Executor3,Stage1-0-0,0,0,0,0,0,0,0,0
1781923222927,Executor0,Stage0-0-0,0,0,0,0,0,0,0,0
1781923222927,Executor0,Stage0-1-0,0,0,0,0,0,0,0,0
1781923222927,Executor0,Stage0-2-0,0,0,0,0,0,0,0,0
1781923222927,Executor0,Stage0-3-0,0,0,0,0,0,0,0,0
1781923222978,Executor1,Stage1-0-0,0,0,0,0,0,0,0,0
1781923223082,Executor7,Stage1-0-0,0,0,0,0,0,0,0,0
1781923223163,Executor2,Stage1-3-0,0,0,0,0,0,0,0,0
1781923223176,Executor2,Stage1-3-0,0,0,0,0,0,0,0,0
1781923223204,Executor7,Stage1-1-0,0,0,0,0,0,0,0,0
1781923223367,Executor1,Stage1-2-0,0,0,0,0,0,0,0,0
1781923223370,Executor0,Stage0-0-0,0,0,0,0,0,0,0,0
1781923223616,nx-q0-nexmark-sponge-q0-20260619-213819-213914,Executor3,Stage1-0-0,0,12270,0,96361,16180,1479025,0,0
1781923223620,Executor3,Stage1-0-0,0,0,0,0,0,0,0,0
1781923223927,Executor0,Stage0-0-0,0,0,0,0,0,0,0,0
1781923223927,Executor0,Stage0-1-0,0,0,0,0,0,0,0,0
1781923223927,Executor0,Stage0-2-0,0,0,0,0,0,0,0,0
1781923223927,Executor0,Stage0-3-0,0,0,0,0,0,0,0,0
1781923223978,Executor1,Stage1-0-0,0,0,0,0,0,0,0,0
1781923224082,Executor7,Stage1-0-0,0,0,0,0,0,0,0,0
1781923224163,Executor2,Stage1-3-0,0,0,0,0,0,0,0,0
1781923224176,Executor2,Stage1-3-0,0,0,0,0,0,0,0,0
1781923224204,Executor7,Stage1-1-0,0,0,0,0,0,0,0,0
1781923224367,Executor1,Stage1-2-0,0,0,0,0,0,0,0,0
1781923224370,Executor0,Stage0-0-0,0,0,0,0,0,0,0,0
1781923224616,nx-q0-nexmark-sponge-q0-20260619-213819-213914,Executor3,Stage1-0-0,0,13495,0,85379,17625,1636318,0,0
1781923224620,Executor3,Stage1-0-0,0,0,0,0,0,0,0,0
1781923224927,Executor0,Stage0-0-0,0,0,0,0,0,0,0,0
1781923224927,Executor0,Stage0-1-0,0,0,0,0,0,0,0,0
1781923224927,Executor0,Stage0-2-0,0,0,0,0,0,0,0,0
1781923224927,Executor0,Stage0-3-0,0,0,0,0,0,0,0,0
1781923224978,Executor1,Stage1-0-0,0,0,0,0,0,0,0,0
1781923225081,Executor7,Stage1-0-0,0,0,0,0,0,0,0,0
1781923225163,Executor2,Stage1-3-0,0,0,0,0,0,0,0,0
1781923225176,Executor2,Stage1-3-0,0,0,0,0,0,0,0,0
1781923225204,Executor7,Stage1-1-0,0,0,0,0,0,0,0,0
1781923225367,Executor1,Stage1-2-0,0,0,0,0,0,0,0,0
1781923225370,Executor0,Stage0-0-0,0,0,0,0,0,0,0,0
1781923225616,nx-q0-nexmark-sponge-q0-20260619-213819-213914,Executor3,Stage1-0-0,0,11745,0,99208,23632,1417732,0,0
1781923225621,Executor3,Stage1-0-0,0,0,0,0,0,0,0,0
1781923225927,Executor0,Stage0-0-0,0,0,0,0,0,0,0,0
1781923225927,Executor0,Stage0-1-0,0,0,0,0,0,0,0,0
1781923225927,Executor0,Stage0-2-0,0,0,0,0,0,0,0,0
1781923225927,Executor0,Stage0-3-0,0,0,0,0,0,0,0,0
1781923225978,Executor1,Stage1-0-0,0,0,0,0,0,0,0,0
1781923226081,Executor7,Stage1-0-0,0,0,0,0,0,0,0,0
1781923226163,Executor2,Stage1-3-0,0,0,0,0,0,0,0,0
1781923226176,Executor2,Stage1-3-0,0,0,0,0,0,0,0,0
1781923226204,Executor7,Stage1-1-0,0,0,0,0,0,0,0,0
1781923226367,Executor1,Stage1-2-0,0,0,0,0,0,0,0,0
1781923226370,Executor0,Stage0-0-0,0,0,0,0,0,0,0,0
1781923226616,nx-q0-nexmark-sponge-q0-20260619-213819-213914,Executor3,Stage1-0-0,0,12630,0,95525,25602,1521467,0,0
1781923226620,Executor3,Stage1-0-0,0,0,0,0,0,0,0,0
1781923226927,Executor0,Stage0-0-0,0,0,0,0,0,0,0,0
1781923226927,Executor0,Stage0-1-0,0,0,0,0,0,0,0,0
1781923226927,Executor0,Stage0-2-0,0,0,0,0,0,0,0,0
1781923226927,Executor0,Stage0-3-0,0,0,0,0,0,0,0,0
1781923226978,Executor1,Stage1-0-0,0,0,0,0,0,0,0,0
1781923227082,Executor7,Stage1-0-0,0,0,0,0,0,0,0,0
1781923227163,Executor2,Stage1-3-0,0,0,0,0,0,0,0,0
1781923227176,Executor2,Stage1-3-0,0,0,0,0,0,0,0,0
1781923227204,Executor7,Stage1-1-0,0,0,0,0,0,0,0,0
1781923227367,Executor1,Stage1-2-0,0,0,0,0,0,0,0,0
1781923227370,Executor0,Stage0-0-0,0,0,0,0,0,0,0,0
1781923227616,nx-q0-nexmark-sponge-q0-20260619-213819-213914,Executor3,Stage1-0-0,0,12702,0,96273,24246,1534880,0,0
1781923227620,Executor3,Stage1-0-0,0,0,0,0,0,0,0,0
1781923227927,Executor0,Stage0-0-0,0,0,0,0,0,0,0,0
1781923227927,Executor0,Stage0-1-0,0,0,0,0,0,0,0,0
1781923227927,Executor0,Stage0-2-0,0,0,0,0,0,0,0,0
1781923227927,Executor0,Stage0-3-0,0,0,0,0,0,0,0,0
1781923227978,Executor1,Stage1-0-0,0,0,0,0,0,0,0,0
1781923228081,Executor7,Stage1-0-0,0,0,0,0,0,0,0,0
1781923228163,Executor2,Stage1-3-0,0,0,0,0,0,0,0,0
1781923228176,Executor2,Stage1-3-0,0,0,0,0,0,0,0,0
1781923228204,Executor7,Stage1-1-0,0,0,0,0,0,0,0,0
1781923228367,Executor1,Stage1-2-0,0,0,0,0,0,0,0,0
1781923228370,Executor0,Stage0-0-0,0,0,0,0,0,0,0,0
1781923228616,nx-q0-nexmark-sponge-q0-20260619-213819-213914,Executor3,Stage1-0-0,0,12270,0,130368,49832,1481430,0,0
1781923228620,Executor3,Stage1-0-0,0,0,0,0,0,0,0,0
1781923228927,Executor0,Stage0-0-0,0,0,0,0,0,0,0,0
1781923228927,Executor0,Stage0-1-0,0,0,0,0,0,0,0,0
1781923228927,Executor0,Stage0-2-0,0,0,0,0,0,0,0,0
1781923228927,Executor0,Stage0-3-0,0,0,0,0,0,0,0,0
1781923228978,Executor1,Stage1-0-0,0,0,0,0,0,0,0,0
1781923229081,Executor7,Stage1-0-0,0,0,0,0,0,0,0,0
1781923229163,Executor2,Stage1-3-0,0,0,0,0,0,0,0,0
1781923229176,Executor2,Stage1-3-0,0,0,0,0,0,0,0,0
1781923229204,Executor7,Stage1-1-0,0,0,0,0,0,0,0,0
1781923229367,Executor1,Stage1-2-0,0,0,0,0,0,0,0,0
1781923229370,Executor0,Stage0-0-0,0,0,0,0,0,0,0,0
1781923229616,nx-q0-nexmark-sponge-q0-20260619-213819-213914,Executor3,Stage1-0-0,0,13051,0,111181,28799,1574857,0,0
1781923229620,Executor3,Stage1-0-0,0,0,0,0,0,0,0,0
1781923229927,Executor0,Stage0-0-0,0,0,0,0,0,0,0,0
1781923229927,Executor0,Stage0-1-0,0,0,0,0,0,0,0,0
1781923229927,Executor0,Stage0-2-0,0,0,0,0,0,0,0,0
1781923229927,Executor0,Stage0-3-0,0,0,0,0,0,0,0,0
1781923229978,Executor1,Stage1-0-0,0,0,0,0,0,0,0,0
1781923230081,Executor7,Stage1-0-0,0,0,0,0,0,0,0,0
1781923230163,Executor2,Stage1-3-0,0,0,0,0,0,0,0,0
1781923230176,Executor2,Stage1-3-0,0,0,0,0,0,0,0,0
1781923230204,Executor7,Stage1-1-0,0,0,0,0,0,0,0,0
1781923230367,Executor1,Stage1-2-0,0,0,0,0,0,0,0,0
1781923230370,Executor0,Stage0-0-0,0,0,0,0,0,0,0,0
1781923230616,nx-q0-nexmark-sponge-q0-20260619-213819-213914,Executor3,Stage1-0-0,0,12388,0,78739,15103,1503786,0,0
1781923230620,Executor3,Stage1-0-0,0,0,0,0,0,0,0,0
1781923230927,Executor0,Stage0-0-0,0,0,0,0,0,0,0,0
1781923230927,Executor0,Stage0-1-0,0,0,0,0,0,0,0,0
1781923230927,Executor0,Stage0-2-0,0,0,0,0,0,0,0,0
1781923230927,Executor0,Stage0-3-0,0,0,0,0,0,0,0,0
1781923230978,Executor1,Stage1-0-0,0,0,0,0,0,0,0,0
1781923231081,Executor7,Stage1-0-0,0,0,0,0,0,0,0,0
1781923231163,Executor2,Stage1-3-0,0,0,0,0,0,0,0,0
1781923231176,Executor2,Stage1-3-0,0,0,0,0,0,0,0,0
1781923231204,Executor7,Stage1-1-0,0,0,0,0,0,0,0,0
1781923231367,Executor1,Stage1-2-0,0,0,0,0,0,0,0,0
1781923231370,Executor0,Stage0-0-0,0,0,0,0,0,0,0,0
1781923231616,nx-q0-nexmark-sponge-q0-20260619-213819-213914,Executor3,Stage1-0-0,0,12887,0,87842,16078,1557272,0,0
1781923231620,Executor3,Stage1-0-0,0,0,0,0,0,0,0,0
1781923231927,Executor0,Stage0-0-0,0,0,0,0,0,0,0,0
1781923231927,Executor0,Stage0-1-0,0,0,0,0,0,0,0,0
1781923231927,Executor0,Stage0-2-0,0,0,0,0,0,0,0,0
1781923231927,Executor0,Stage0-3-0,0,0,0,0,0,0,0,0
1781923231978,Executor1,Stage1-0-0,0,0,0,0,0,0,0,0
1781923232082,Executor7,Stage1-0-0,0,0,0,0,0,0,0,0
1781923232163,Executor2,Stage1-3-0,0,0,0,0,0,0,0,0
1781923232176,Executor2,Stage1-3-0,0,0,0,0,0,0,0,0
1781923232204,Executor7,Stage1-1-0,0,0,0,0,0,0,0,0
1781923232367,Executor1,Stage1-2-0,0,0,0,0,0,0,0,0
1781923232370,Executor0,Stage0-0-0,0,0,0,0,0,0,0,0
1781923232616,nx-q0-nexmark-sponge-q0-20260619-213819-213914,Executor3,Stage1-0-0,0,11654,0,75321,14178,1396461,0,0
1781923232620,Executor3,Stage1-0-0,0,0,0,0,0,0,0,0
1781923232927,Executor0,Stage0-0-0,0,0,0,0,0,0,0,0
1781923232927,Executor0,Stage0-1-0,0,0,0,0,0,0,0,0
1781923232927,Executor0,Stage0-2-0,0,0,0,0,0,0,0,0
1781923232927,Executor0,Stage0-3-0,0,0,0,0,0,0,0,0
1781923232978,Executor1,Stage1-0-0,0,0,0,0,0,0,0,0
1781923233082,Executor7,Stage1-0-0,0,0,0,0,0,0,0,0
1781923233163,Executor2,Stage1-3-0,0,0,0,0,0,0,0,0
1781923233176,Executor2,Stage1-3-0,0,0,0,0,0,0,0,0
1781923233204,Executor7,Stage1-1-0,0,0,0,0,0,0,0,0
1781923233367,Executor1,Stage1-2-0,0,0,0,0,0,0,0,0
1781923233370,Executor0,Stage0-0-0,0,0,0,0,0,0,0,0
1781923233618,nx-q0-nexmark-sponge-q0-20260619-213819-213914,Executor3,Stage1-0-0,0,12686,0,83145,29620,1535640,0,0
1781923233620,Executor3,Stage1-0-0,0,0,0,0,0,0,0,0
1781923233927,Executor0,Stage0-0-0,0,0,0,0,0,0,0,0
1781923233927,Executor0,Stage0-1-0,0,0,0,0,0,0,0,0
1781923233927,Executor0,Stage0-2-0,0,0,0,0,0,0,0,0
1781923233927,Executor0,Stage0-3-0,0,0,0,0,0,0,0,0
1781923233978,Executor1,Stage1-0-0,0,0,0,0,0,0,0,0
1781923234081,Executor7,Stage1-0-0,0,0,0,0,0,0,0,0
1781923234163,Executor2,Stage1-3-0,0,0,0,0,0,0,0,0
1781923234176,Executor2,Stage1-3-0,0,0,0,0,0,0,0,0
1781923234204,Executor7,Stage1-1-0,0,0,0,0,0,0,0,0
1781923234367,Executor1,Stage1-2-0,0,0,0,0,0,0,0,0
1781923234370,Executor0,Stage0-0-0,0,0,0,0,0,0,0,0
1781923234615,nx-q0-nexmark-sponge-q0-20260619-213819-213914,Executor3,Stage1-0-0,0,12449,0,74931,14465,1507992,0,0
1781923234620,Executor3,Stage1-0-0,0,0,0,0,0,0,0,0
1781923234927,Executor0,Stage0-0-0,0,0,0,0,0,0,0,0
1781923234927,Executor0,Stage0-1-0,0,0,0,0,0,0,0,0
1781923234927,Executor0,Stage0-2-0,0,0,0,0,0,0,0,0
1781923234927,Executor0,Stage0-3-0,0,0,0,0,0,0,0,0
1781923234978,Executor1,Stage1-0-0,0,0,0,0,0,0,0,0
1781923235082,Executor7,Stage1-0-0,0,0,0,0,0,0,0,0
1781923235163,Executor2,Stage1-3-0,0,0,0,0,0,0,0,0
1781923235176,Executor2,Stage1-3-0,0,0,0,0,0,0,0,0
1781923235204,Executor7,Stage1-1-0,0,0,0,0,0,0,0,0
1781923235367,Executor1,Stage1-2-0,0,0,0,0,0,0,0,0
1781923235370,Executor0,Stage0-0-0,0,0,0,0,0,0,0,0
1781923235616,nx-q0-nexmark-sponge-q0-20260619-213819-213914,Executor3,Stage1-0-0,0,12774,0,94940,21114,1542875,0,0
1781923235620,Executor3,Stage1-0-0,0,0,0,0,0,0,0,0
1781923235927,Executor0,Stage0-0-0,0,0,0,0,0,0,0,0
1781923235927,Executor0,Stage0-1-0,0,0,0,0,0,0,0,0
1781923235927,Executor0,Stage0-2-0,0,0,0,0,0,0,0,0
1781923235927,Executor0,Stage0-3-0,0,0,0,0,0,0,0,0
1781923235978,Executor1,Stage1-0-0,0,0,0,0,0,0,0,0
1781923236082,Executor7,Stage1-0-0,0,0,0,0,0,0,0,0
1781923236163,Executor2,Stage1-3-0,0,0,0,0,0,0,0,0
1781923236176,Executor2,Stage1-3-0,0,0,0,0,0,0,0,0
1781923236204,Executor7,Stage1-1-0,0,0,0,0,0,0,0,0
1781923236367,Executor1,Stage1-2-0,0,0,0,0,0,0,0,0
1781923236370,Executor0,Stage0-0-0,0,0,0,0,0,0,0,0
1781923236615,nx-q0-nexmark-sponge-q0-20260619-213819-213914,Executor3,Stage1-0-0,0,12318,0,116778,30889,1490724,0,0
1781923236620,Executor3,Stage1-0-0,0,0,0,0,0,0,0,0
1781923236927,Executor0,Stage0-0-0,0,0,0,0,0,0,0,0
1781923236927,Executor0,Stage0-1-0,0,0,0,0,0,0,0,0
1781923236927,Executor0,Stage0-2-0,0,0,0,0,0,0,0,0
1781923236927,Executor0,Stage0-3-0,0,0,0,0,0,0,0,0
1781923236978,Executor1,Stage1-0-0,0,0,0,0,0,0,0,0
1781923237082,Executor7,Stage1-0-0,0,0,0,0,0,0,0,0
1781923237163,Executor2,Stage1-3-0,0,0,0,0,0,0,0,0
1781923237176,Executor2,Stage1-3-0,0,0,0,0,0,0,0,0
1781923237204,Executor7,Stage1-1-0,0,0,0,0,0,0,0,0
1781923237367,Executor1,Stage1-2-0,0,0,0,0,0,0,0,0
1781923237370,Executor0,Stage0-0-0,0,0,0,0,0,0,0,0
1781923237616,nx-q0-nexmark-sponge-q0-20260619-213819-213914,Executor3,Stage1-0-0,0,12684,0,157033,37210,1524146,0,0
1781923237620,Executor3,Stage1-0-0,0,0,0,0,0,0,0,0
1781923237927,Executor0,Stage0-0-0,0,0,0,0,0,0,0,0
1781923237927,Executor0,Stage0-1-0,0,0,0,0,0,0,0,0
1781923237927,Executor0,Stage0-2-0,0,0,0,0,0,0,0,0
1781923237927,Executor0,Stage0-3-0,0,0,0,0,0,0,0,0
1781923237978,Executor1,Stage1-0-0,0,0,0,0,0,0,0,0
1781923238082,Executor7,Stage1-0-0,0,0,0,0,0,0,0,0
1781923238163,Executor2,Stage1-3-0,0,0,0,0,0,0,0,0
1781923238176,Executor2,Stage1-3-0,0,0,0,0,0,0,0,0
1781923238204,Executor7,Stage1-1-0,0,0,0,0,0,0,0,0
1781923238367,Executor1,Stage1-2-0,0,0,0,0,0,0,0,0
1781923238370,Executor0,Stage0-0-0,0,0,0,0,0,0,0,0
1781923238616,nx-q0-nexmark-sponge-q0-20260619-213819-213914,Executor3,Stage1-0-0,0,11872,0,94307,25493,1433042,0,0
1781923238620,Executor3,Stage1-0-0,0,0,0,0,0,0,0,0
1781923238927,Executor0,Stage0-0-0,0,0,0,0,0,0,0,0
1781923238927,Executor0,Stage0-1-0,0,0,0,0,0,0,0,0
1781923238927,Executor0,Stage0-2-0,0,0,0,0,0,0,0,0
1781923238927,Executor0,Stage0-3-0,0,0,0,0,0,0,0,0
1781923238978,Executor1,Stage1-0-0,0,0,0,0,0,0,0,0
1781923239081,Executor7,Stage1-0-0,0,0,0,0,0,0,0,0
1781923239163,Executor2,Stage1-3-0,0,0,0,0,0,0,0,0
1781923239176,Executor2,Stage1-3-0,0,0,0,0,0,0,0,0
1781923239204,Executor7,Stage1-1-0,0,0,0,0,0,0,0,0
1781923239367,Executor1,Stage1-2-0,0,0,0,0,0,0,0,0
1781923239370,Executor0,Stage0-0-0,0,0,0,0,0,0,0,0
1781923239616,nx-q0-nexmark-sponge-q0-20260619-213819-213914,Executor3,Stage1-0-0,0,13427,0,112502,29770,1617464,0,0
1781923239620,Executor3,Stage1-0-0,0,0,0,0,0,0,0,0
1781923239927,Executor0,Stage0-0-0,0,0,0,0,0,0,0,0
1781923239927,Executor0,Stage0-1-0,0,0,0,0,0,0,0,0
1781923239927,Executor0,Stage0-2-0,0,0,0,0,0,0,0,0
1781923239927,Executor0,Stage0-3-0,0,0,0,0,0,0,0,0
1781923239978,Executor1,Stage1-0-0,0,0,0,0,0,0,0,0
1781923240082,Executor7,Stage1-0-0,0,0,0,0,0,0,0,0
1781923240163,Executor2,Stage1-3-0,0,0,0,0,0,0,0,0
1781923240176,Executor2,Stage1-3-0,0,0,0,0,0,0,0,0
1781923240204,Executor7,Stage1-1-0,0,0,0,0,0,0,0,0
1781923240367,Executor1,Stage1-2-0,0,0,0,0,0,0,0,0
1781923240370,Executor0,Stage0-0-0,0,0,0,0,0,0,0,0
1781923240615,nx-q0-nexmark-sponge-q0-20260619-213819-213914,Executor3,Stage1-0-0,0,11711,0,90271,20824,1411736,0,0
1781923240620,Executor3,Stage1-0-0,0,0,0,0,0,0,0,0
1781923240927,Executor0,Stage0-0-0,0,0,0,0,0,0,0,0
1781923240927,Executor0,Stage0-1-0,0,0,0,0,0,0,0,0
1781923240927,Executor0,Stage0-2-0,0,0,0,0,0,0,0,0
1781923240927,Executor0,Stage0-3-0,0,0,0,0,0,0,0,0
1781923240978,Executor1,Stage1-0-0,0,0,0,0,0,0,0,0
1781923241082,Executor7,Stage1-0-0,0,0,0,0,0,0,0,0
1781923241163,Executor2,Stage1-3-0,0,0,0,0,0,0,0,0
1781923241176,Executor2,Stage1-3-0,0,0,0,0,0,0,0,0
1781923241204,Executor7,Stage1-1-0,0,0,0,0,0,0,0,0
1781923241367,Executor1,Stage1-2-0,0,0,0,0,0,0,0,0
1781923241370,Executor0,Stage0-0-0,0,0,0,0,0,0,0,0
1781923241615,nx-q0-nexmark-sponge-q0-20260619-213819-213914,Executor3,Stage1-0-0,0,12580,0,88279,16997,1515329,0,0
1781923241620,Executor3,Stage1-0-0,0,0,0,0,0,0,0,0
1781923241927,Executor0,Stage0-0-0,0,0,0,0,0,0,0,0
1781923241927,Executor0,Stage0-1-0,0,0,0,0,0,0,0,0
1781923241927,Executor0,Stage0-2-0,0,0,0,0,0,0,0,0
1781923241927,Executor0,Stage0-3-0,0,0,0,0,0,0,0,0
1781923241978,Executor1,Stage1-0-0,0,0,0,0,0,0,0,0
1781923242081,Executor7,Stage1-0-0,0,0,0,0,0,0,0,0
1781923242163,Executor2,Stage1-3-0,0,0,0,0,0,0,0,0
1781923242176,Executor2,Stage1-3-0,0,0,0,0,0,0,0,0
1781923242204,Executor7,Stage1-1-0,0,0,0,0,0,0,0,0
1781923242367,Executor1,Stage1-2-0,0,0,0,0,0,0,0,0
1781923242370,Executor0,Stage0-0-0,0,0,0,0,0,0,0,0
1781923242616,nx-q0-nexmark-sponge-q0-20260619-213819-213914,Executor3,Stage1-0-0,0,12993,0,86207,15021,1569507,0,0
1781923242620,Executor3,Stage1-0-0,0,0,0,0,0,0,0,0
1781923242927,Executor0,Stage0-0-0,0,0,0,0,0,0,0,0
1781923242927,Executor0,Stage0-1-0,0,0,0,0,0,0,0,0
1781923242927,Executor0,Stage0-2-0,0,0,0,0,0,0,0,0
1781923242927,Executor0,Stage0-3-0,0,0,0,0,0,0,0,0
1781923242978,Executor1,Stage1-0-0,0,0,0,0,0,0,0,0
1781923243082,Executor7,Stage1-0-0,0,0,0,0,0,0,0,0
1781923243163,Executor2,Stage1-3-0,0,0,0,0,0,0,0,0
1781923243176,Executor2,Stage1-3-0,0,0,0,0,0,0,0,0
1781923243204,Executor7,Stage1-1-0,0,0,0,0,0,0,0,0
1781923243367,Executor1,Stage1-2-0,0,0,0,0,0,0,0,0
1781923243370,Executor0,Stage0-0-0,0,0,0,0,0,0,0,0
1781923243615,nx-q0-nexmark-sponge-q0-20260619-213819-213914,Executor3,Stage1-0-0,0,12169,0,125817,23872,1466191,0,0
1781923243620,Executor3,Stage1-0-0,0,0,0,0,0,0,0,0
1781923243927,Executor0,Stage0-0-0,0,0,0,0,0,0,0,0
1781923243927,Executor0,Stage0-1-0,0,0,0,0,0,0,0,0
1781923243927,Executor0,Stage0-2-0,0,0,0,0,0,0,0,0
1781923243927,Executor0,Stage0-3-0,0,0,0,0,0,0,0,0
1781923243978,Executor1,Stage1-0-0,0,0,0,0,0,0,0,0
1781923244082,Executor7,Stage1-0-0,0,0,0,0,0,0,0,0
1781923244163,Executor2,Stage1-3-0,0,0,0,0,0,0,0,0
1781923244176,Executor2,Stage1-3-0,0,0,0,0,0,0,0,0
1781923244204,Executor7,Stage1-1-0,0,0,0,0,0,0,0,0
1781923244367,Executor1,Stage1-2-0,0,0,0,0,0,0,0,0
1781923244370,Executor0,Stage0-0-0,0,0,0,0,0,0,0,0
1781923244615,nx-q0-nexmark-sponge-q0-20260619-213819-213914,Executor3,Stage1-0-0,0,12152,0,83378,14656,1465216,0,0
1781923244620,Executor3,Stage1-0-0,0,0,0,0,0,0,0,0
1781923244927,Executor0,Stage0-0-0,0,0,0,0,0,0,0,0
1781923244927,Executor0,Stage0-1-0,0,0,0,0,0,0,0,0
1781923244927,Executor0,Stage0-2-0,0,0,0,0,0,0,0,0
1781923244927,Executor0,Stage0-3-0,0,0,0,0,0,0,0,0
1781923244978,Executor1,Stage1-0-0,0,0,0,0,0,0,0,0
1781923245082,Executor7,Stage1-0-0,0,0,0,0,0,0,0,0
1781923245163,Executor2,Stage1-3-0,0,0,0,0,0,0,0,0
1781923245176,Executor2,Stage1-3-0,0,0,0,0,0,0,0,0
1781923245204,Executor7,Stage1-1-0,0,0,0,0,0,0,0,0
1781923245367,Executor1,Stage1-2-0,0,0,0,0,0,0,0,0
1781923245370,Executor0,Stage0-0-0,0,0,0,0,0,0,0,0
1781923245615,nx-q0-nexmark-sponge-q0-20260619-213819-213914,Executor3,Stage1-0-0,0,12531,0,101386,17339,1517492,0,0
1781923245620,Executor3,Stage1-0-0,0,0,0,0,0,0,0,0
1781923245927,Executor0,Stage0-0-0,0,0,0,0,0,0,0,0
1781923245927,Executor0,Stage0-1-0,0,0,0,0,0,0,0,0
1781923245927,Executor0,Stage0-2-0,0,0,0,0,0,0,0,0
1781923245927,Executor0,Stage0-3-0,0,0,0,0,0,0,0,0
1781923245978,Executor1,Stage1-0-0,0,0,0,0,0,0,0,0
1781923246082,Executor7,Stage1-0-0,0,0,0,0,0,0,0,0
1781923246163,Executor2,Stage1-3-0,0,0,0,0,0,0,0,0
1781923246176,Executor2,Stage1-3-0,0,0,0,0,0,0,0,0
1781923246204,Executor7,Stage1-1-0,0,0,0,0,0,0,0,0
1781923246367,Executor1,Stage1-2-0,0,0,0,0,0,0,0,0
1781923246370,Executor0,Stage0-0-0,0,0,0,0,0,0,0,0
1781923246615,nx-q0-nexmark-sponge-q0-20260619-213819-213914,Executor3,Stage1-0-0,0,12420,0,93782,16786,1501664,0,0
1781923246620,Executor3,Stage1-0-0,0,0,0,0,0,0,0,0
1781923246927,Executor0,Stage0-0-0,0,0,0,0,0,0,0,0
1781923246927,Executor0,Stage0-1-0,0,0,0,0,0,0,0,0
1781923246927,Executor0,Stage0-2-0,0,0,0,0,0,0,0,0
1781923246927,Executor0,Stage0-3-0,0,0,0,0,0,0,0,0
1781923246978,Executor1,Stage1-0-0,0,0,0,0,0,0,0,0
1781923247082,Executor7,Stage1-0-0,0,0,0,0,0,0,0,0
1781923247163,Executor2,Stage1-3-0,0,0,0,0,0,0,0,0
1781923247176,Executor2,Stage1-3-0,0,0,0,0,0,0,0,0
1781923247204,Executor7,Stage1-1-0,0,0,0,0,0,0,0,0
1781923247367,Executor1,Stage1-2-0,0,0,0,0,0,0,0,0
1781923247370,Executor0,Stage0-0-0,0,0,0,0,0,0,0,0
1781923247615,nx-q0-nexmark-sponge-q0-20260619-213819-213914,Executor3,Stage1-0-0,0,12980,0,94788,26868,1568145,0,0
1781923247620,Executor3,Stage1-0-0,0,0,0,0,0,0,0,0
1781923247927,Executor0,Stage0-0-0,0,0,0,0,0,0,0,0
1781923247927,Executor0,Stage0-1-0,0,0,0,0,0,0,0,0
1781923247927,Executor0,Stage0-2-0,0,0,0,0,0,0,0,0
1781923247927,Executor0,Stage0-3-0,0,0,0,0,0,0,0,0
1781923247978,Executor1,Stage1-0-0,0,0,0,0,0,0,0,0
1781923248081,Executor7,Stage1-0-0,0,0,0,0,0,0,0,0
1781923248163,Executor2,Stage1-3-0,0,0,0,0,0,0,0,0
1781923248176,Executor2,Stage1-3-0,0,0,0,0,0,0,0,0
1781923248204,Executor7,Stage1-1-0,0,0,0,0,0,0,0,0
1781923248367,Executor1,Stage1-2-0,0,0,0,0,0,0,0,0
1781923248370,Executor0,Stage0-0-0,0,0,0,0,0,0,0,0
1781923248616,nx-q0-nexmark-sponge-q0-20260619-213819-213914,Executor3,Stage1-0-0,0,12556,0,100255,19587,1522310,0,0
1781923248620,Executor3,Stage1-0-0,0,0,0,0,0,0,0,0
1781923248927,Executor0,Stage0-0-0,0,0,0,0,0,0,0,0
1781923248927,Executor0,Stage0-1-0,0,0,0,0,0,0,0,0
1781923248927,Executor0,Stage0-2-0,0,0,0,0,0,0,0,0
1781923248927,Executor0,Stage0-3-0,0,0,0,0,0,0,0,0
1781923248978,Executor1,Stage1-0-0,0,0,0,0,0,0,0,0
1781923249082,Executor7,Stage1-0-0,0,0,0,0,0,0,0,0
1781923249163,Executor2,Stage1-3-0,0,0,0,0,0,0,0,0
1781923249176,Executor2,Stage1-3-0,0,0,0,0,0,0,0,0
1781923249204,Executor7,Stage1-1-0,0,0,0,0,0,0,0,0
1781923249367,Executor1,Stage1-2-0,0,0,0,0,0,0,0,0
1781923249370,Executor0,Stage0-0-0,0,0,0,0,0,0,0,0
1781923249615,nx-q0-nexmark-sponge-q0-20260619-213819-213914,Executor3,Stage1-0-0,0,12466,0,76274,14789,1506738,0,0
1781923249620,Executor3,Stage1-0-0,0,0,0,0,0,0,0,0
1781923249927,Executor0,Stage0-0-0,0,0,0,0,0,0,0,0
1781923249927,Executor0,Stage0-1-0,0,0,0,0,0,0,0,0
1781923249927,Executor0,Stage0-2-0,0,0,0,0,0,0,0,0
1781923249927,Executor0,Stage0-3-0,0,0,0,0,0,0,0,0
1781923249978,Executor1,Stage1-0-0,0,0,0,0,0,0,0,0
1781923250082,Executor7,Stage1-0-0,0,0,0,0,0,0,0,0
1781923250163,Executor2,Stage1-3-0,0,0,0,0,0,0,0,0
1781923250176,Executor2,Stage1-3-0,0,0,0,0,0,0,0,0
1781923250204,Executor7,Stage1-1-0,0,0,0,0,0,0,0,0
1781923250367,Executor1,Stage1-2-0,0,0,0,0,0,0,0,0
1781923250370,Executor0,Stage0-0-0,0,0,0,0,0,0,0,0
1781923250615,nx-q0-nexmark-sponge-q0-20260619-213819-213914,Executor3,Stage1-0-0,0,12135,0,91287,20694,1473704,0,0
1781923250620,Executor3,Stage1-0-0,0,0,0,0,0,0,0,0
1781923250927,Executor0,Stage0-0-0,0,0,0,0,0,0,0,0
1781923250927,Executor0,Stage0-1-0,0,0,0,0,0,0,0,0
1781923250927,Executor0,Stage0-2-0,0,0,0,0,0,0,0,0
1781923250927,Executor0,Stage0-3-0,0,0,0,0,0,0,0,0
1781923250978,Executor1,Stage1-0-0,0,0,0,0,0,0,0,0
1781923251082,Executor7,Stage1-0-0,0,0,0,0,0,0,0,0
1781923251163,Executor2,Stage1-3-0,0,0,0,0,0,0,0,0
1781923251176,Executor2,Stage1-3-0,0,0,0,0,0,0,0,0
1781923251204,Executor7,Stage1-1-0,0,0,0,0,0,0,0,0
1781923251367,Executor1,Stage1-2-0,0,0,0,0,0,0,0,0
1781923251370,Executor0,Stage0-0-0,0,0,0,0,0,0,0,0
1781923251616,nx-q0-nexmark-sponge-q0-20260619-213819-213914,Executor3,Stage1-0-0,0,12625,0,161119,42248,1531406,0,0
1781923251620,Executor3,Stage1-0-0,0,0,0,0,0,0,0,0
1781923251927,Executor0,Stage0-0-0,0,0,0,0,0,0,0,0
1781923251927,Executor0,Stage0-1-0,0,0,0,0,0,0,0,0
1781923251927,Executor0,Stage0-2-0,0,0,0,0,0,0,0,0
1781923251927,Executor0,Stage0-3-0,0,0,0,0,0,0,0,0
1781923251978,Executor1,Stage1-0-0,0,0,0,0,0,0,0,0
1781923252082,Executor7,Stage1-0-0,0,0,0,0,0,0,0,0
1781923252163,Executor2,Stage1-3-0,0,0,0,0,0,0,0,0
1781923252204,Executor7,Stage1-1-0,0,0,0,0,0,0,0,0
1781923252176,Executor2,Stage1-3-0,0,0,0,0,0,0,0,0
1781923252367,Executor1,Stage1-2-0,0,0,0,0,0,0,0,0
1781923252370,Executor0,Stage0-0-0,0,0,0,0,0,0,0,0
1781923252615,nx-q0-nexmark-sponge-q0-20260619-213819-213914,Executor3,Stage1-0-0,0,12600,0,165095,37808,1522296,0,0
1781923252620,Executor3,Stage1-0-0,0,0,0,0,0,0,0,0
1781923252927,Executor0,Stage0-0-0,0,0,0,0,0,0,0,0
1781923252927,Executor0,Stage0-1-0,0,0,0,0,0,0,0,0
1781923252927,Executor0,Stage0-2-0,0,0,0,0,0,0,0,0
1781923252927,Executor0,Stage0-3-0,0,0,0,0,0,0,0,0
1781923252978,Executor1,Stage1-0-0,0,0,0,0,0,0,0,0
1781923253081,Executor7,Stage1-0-0,0,0,0,0,0,0,0,0
1781923253163,Executor2,Stage1-3-0,0,0,0,0,0,0,0,0
1781923253176,Executor2,Stage1-3-0,0,0,0,0,0,0,0,0
1781923253204,Executor7,Stage1-1-0,0,0,0,0,0,0,0,0
1781923253367,Executor1,Stage1-2-0,0,0,0,0,0,0,0,0
1781923253370,Executor0,Stage0-0-0,0,0,0,0,0,0,0,0
1781923253616,nx-q0-nexmark-sponge-q0-20260619-213819-213914,Executor3,Stage1-0-0,0,12161,0,119804,31545,1465580,0,0
1781923253620,Executor3,Stage1-0-0,0,0,0,0,0,0,0,0
1781923253927,Executor0,Stage0-0-0,0,0,0,0,0,0,0,0
1781923253927,Executor0,Stage0-1-0,0,0,0,0,0,0,0,0
1781923253927,Executor0,Stage0-2-0,0,0,0,0,0,0,0,0
1781923253927,Executor0,Stage0-3-0,0,0,0,0,0,0,0,0
1781923253978,Executor1,Stage1-0-0,0,0,0,0,0,0,0,0
1781923254081,Executor7,Stage1-0-0,0,0,0,0,0,0,0,0
1781923254163,Executor2,Stage1-3-0,0,0,0,0,0,0,0,0
1781923254176,Executor2,Stage1-3-0,0,0,0,0,0,0,0,0
1781923254204,Executor7,Stage1-1-0,0,0,0,0,0,0,0,0
1781923254367,Executor1,Stage1-2-0,0,0,0,0,0,0,0,0
1781923254370,Executor0,Stage0-0-0,0,0,0,0,0,0,0,0
1781923254616,nx-q0-nexmark-sponge-q0-20260619-213819-213914,Executor3,Stage1-0-0,0,12536,0,105425,27006,1506007,0,0
1781923254620,Executor3,Stage1-0-0,0,0,0,0,0,0,0,0
1781923254927,Executor0,Stage0-0-0,0,0,0,0,0,0,0,0
1781923254927,Executor0,Stage0-1-0,0,0,0,0,0,0,0,0
1781923254927,Executor0,Stage0-2-0,0,0,0,0,0,0,0,0
1781923254927,Executor0,Stage0-3-0,0,0,0,0,0,0,0,0
1781923254978,Executor1,Stage1-0-0,0,0,0,0,0,0,0,0
1781923255082,Executor7,Stage1-0-0,0,0,0,0,0,0,0,0
1781923255163,Executor2,Stage1-3-0,0,0,0,0,0,0,0,0
1781923255176,Executor2,Stage1-3-0,0,0,0,0,0,0,0,0
1781923255204,Executor7,Stage1-1-0,0,0,0,0,0,0,0,0
1781923255367,Executor1,Stage1-2-0,0,0,0,0,0,0,0,0
1781923255370,Executor0,Stage0-0-0,0,0,0,0,0,0,0,0
1781923255615,nx-q0-nexmark-sponge-q0-20260619-213819-213914,Executor3,Stage1-0-0,0,12564,0,126313,27011,1522186,0,0
1781923255620,Executor3,Stage1-0-0,0,0,0,0,0,0,0,0
1781923255927,Executor0,Stage0-0-0,0,0,0,0,0,0,0,0
1781923255927,Executor0,Stage0-1-0,0,0,0,0,0,0,0,0
1781923255927,Executor0,Stage0-2-0,0,0,0,0,0,0,0,0
1781923255927,Executor0,Stage0-3-0,0,0,0,0,0,0,0,0
1781923255978,Executor1,Stage1-0-0,0,0,0,0,0,0,0,0
1781923256082,Executor7,Stage1-0-0,0,0,0,0,0,0,0,0
1781923256163,Executor2,Stage1-3-0,0,0,0,0,0,0,0,0
1781923256176,Executor2,Stage1-3-0,0,0,0,0,0,0,0,0
1781923256204,Executor7,Stage1-1-0,0,0,0,0,0,0,0,0
1781923256367,Executor1,Stage1-2-0,0,0,0,0,0,0,0,0
1781923256370,Executor0,Stage0-0-0,0,0,0,0,0,0,0,0
1781923256615,nx-q0-nexmark-sponge-q0-20260619-213819-213914,Executor3,Stage1-0-0,0,12707,0,85356,15473,1536094,0,0
1781923256620,Executor3,Stage1-0-0,0,0,0,0,0,0,0,0
1781923256927,Executor0,Stage0-0-0,0,0,0,0,0,0,0,0
1781923256927,Executor0,Stage0-1-0,0,0,0,0,0,0,0,0
1781923256927,Executor0,Stage0-2-0,0,0,0,0,0,0,0,0
1781923256927,Executor0,Stage0-3-0,0,0,0,0,0,0,0,0
1781923256978,Executor1,Stage1-0-0,0,0,0,0,0,0,0,0
1781923257082,Executor7,Stage1-0-0,0,0,0,0,0,0,0,0
1781923257163,Executor2,Stage1-3-0,0,0,0,0,0,0,0,0
1781923257176,Executor2,Stage1-3-0,0,0,0,0,0,0,0,0
1781923257204,Executor7,Stage1-1-0,0,0,0,0,0,0,0,0
1781923257367,Executor1,Stage1-2-0,0,0,0,0,0,0,0,0
1781923257370,Executor0,Stage0-0-0,0,0,0,0,0,0,0,0
1781923257616,nx-q0-nexmark-sponge-q0-20260619-213819-213914,Executor3,Stage1-0-0,0,12472,0,69133,27230,1505701,0,0
1781923257620,Executor3,Stage1-0-0,0,0,0,0,0,0,0,0
1781923257927,Executor0,Stage0-0-0,0,0,0,0,0,0,0,0
1781923257927,Executor0,Stage0-1-0,0,0,0,0,0,0,0,0
1781923257927,Executor0,Stage0-2-0,0,0,0,0,0,0,0,0
1781923257927,Executor0,Stage0-3-0,0,0,0,0,0,0,0,0
1781923257978,Executor1,Stage1-0-0,0,0,0,0,0,0,0,0
1781923258082,Executor7,Stage1-0-0,0,0,0,0,0,0,0,0
1781923258163,Executor2,Stage1-3-0,0,0,0,0,0,0,0,0
1781923258176,Executor2,Stage1-3-0,0,0,0,0,0,0,0,0
1781923258204,Executor7,Stage1-1-0,0,0,0,0,0,0,0,0
1781923258367,Executor1,Stage1-2-0,0,0,0,0,0,0,0,0
1781923258370,Executor0,Stage0-0-0,0,0,0,0,0,0,0,0
1781923258615,nx-q0-nexmark-sponge-q0-20260619-213819-213914,Executor3,Stage1-0-0,0,12190,0,85310,14680,1468697,0,0
1781923258620,Executor3,Stage1-0-0,0,0,0,0,0,0,0,0
1781923258927,Executor0,Stage0-0-0,0,0,0,0,0,0,0,0
1781923258927,Executor0,Stage0-1-0,0,0,0,0,0,0,0,0
1781923258927,Executor0,Stage0-2-0,0,0,0,0,0,0,0,0
1781923258927,Executor0,Stage0-3-0,0,0,0,0,0,0,0,0
1781923258978,Executor1,Stage1-0-0,0,0,0,0,0,0,0,0
1781923259082,Executor7,Stage1-0-0,0,0,0,0,0,0,0,0
1781923259163,Executor2,Stage1-3-0,0,0,0,0,0,0,0,0
1781923259176,Executor2,Stage1-3-0,0,0,0,0,0,0,0,0
1781923259204,Executor7,Stage1-1-0,0,0,0,0,0,0,0,0
1781923259367,Executor1,Stage1-2-0,0,0,0,0,0,0,0,0
1781923259370,Executor0,Stage0-0-0,0,0,0,0,0,0,0,0
1781923259615,nx-q0-nexmark-sponge-q0-20260619-213819-213914,Executor3,Stage1-0-0,0,12442,0,83671,16005,1505146,0,0
1781923259620,Executor3,Stage1-0-0,0,0,0,0,0,0,0,0
1781923259927,Executor0,Stage0-0-0,0,0,0,0,0,0,0,0
1781923259927,Executor0,Stage0-1-0,0,0,0,0,0,0,0,0
1781923259927,Executor0,Stage0-2-0,0,0,0,0,0,0,0,0
1781923259927,Executor0,Stage0-3-0,0,0,0,0,0,0,0,0
1781923259978,Executor1,Stage1-0-0,0,0,0,0,0,0,0,0
1781923260082,Executor7,Stage1-0-0,0,0,0,0,0,0,0,0
1781923260163,Executor2,Stage1-3-0,0,0,0,0,0,0,0,0
1781923260176,Executor2,Stage1-3-0,0,0,0,0,0,0,0,0
1781923260204,Executor7,Stage1-1-0,0,0,0,0,0,0,0,0
1781923260367,Executor1,Stage1-2-0,0,0,0,0,0,0,0,0
1781923260370,Executor0,Stage0-0-0,0,0,0,0,0,0,0,0
1781923260615,nx-q0-nexmark-sponge-q0-20260619-213819-213914,Executor3,Stage1-0-0,0,12474,0,79007,15484,1516434,0,0
1781923260620,Executor3,Stage1-0-0,0,0,0,0,0,0,0,0
1781923260927,Executor0,Stage0-0-0,0,0,0,0,0,0,0,0
1781923260927,Executor0,Stage0-1-0,0,0,0,0,0,0,0,0
1781923260927,Executor0,Stage0-2-0,0,0,0,0,0,0,0,0
1781923260927,Executor0,Stage0-3-0,0,0,0,0,0,0,0,0
1781923260978,Executor1,Stage1-0-0,0,0,0,0,0,0,0,0
1781923261081,Executor7,Stage1-0-0,0,0,0,0,0,0,0,0
1781923261163,Executor2,Stage1-3-0,0,0,0,0,0,0,0,0
1781923261176,Executor2,Stage1-3-0,0,0,0,0,0,0,0,0
1781923261204,Executor7,Stage1-1-0,0,0,0,0,0,0,0,0
1781923261367,Executor1,Stage1-2-0,0,0,0,0,0,0,0,0
1781923261370,Executor0,Stage0-0-0,0,0,0,0,0,0,0,0
1781923261615,nx-q0-nexmark-sponge-q0-20260619-213819-213914,Executor3,Stage1-0-0,0,13370,0,90262,16709,1614556,0,0
1781923261620,Executor3,Stage1-0-0,0,0,0,0,0,0,0,0
1781923261927,Executor0,Stage0-0-0,0,0,0,0,0,0,0,0
1781923261927,Executor0,Stage0-1-0,0,0,0,0,0,0,0,0
1781923261927,Executor0,Stage0-2-0,0,0,0,0,0,0,0,0
1781923261927,Executor0,Stage0-3-0,0,0,0,0,0,0,0,0
1781923261978,Executor1,Stage1-0-0,0,0,0,0,0,0,0,0
1781923262097,Executor7,Stage1-0-0,0,0,0,0,0,0,0,0
1781923262163,Executor2,Stage1-3-0,0,0,0,0,0,0,0,0
1781923262176,Executor2,Stage1-3-0,0,0,0,0,0,0,0,0
1781923262204,Executor7,Stage1-1-0,0,0,0,0,0,0,0,0
1781923262367,Executor1,Stage1-2-0,0,0,0,0,0,0,0,0
1781923262370,Executor0,Stage0-0-0,0,0,0,0,0,0,0,0
1781923262615,nx-q0-nexmark-sponge-q0-20260619-213819-213914,Executor3,Stage1-0-0,0,11598,0,71349,24468,1394944,0,0
1781923262620,Executor3,Stage1-0-0,0,0,0,0,0,0,0,0
1781923262927,Executor0,Stage0-0-0,0,0,0,0,0,0,0,0
1781923262927,Executor0,Stage0-1-0,0,0,0,0,0,0,0,0
1781923262927,Executor0,Stage0-2-0,0,0,0,0,0,0,0,0
1781923262927,Executor0,Stage0-3-0,0,0,0,0,0,0,0,0
1781923262978,Executor1,Stage1-0-0,0,0,0,0,0,0,0,0
1781923263082,Executor7,Stage1-0-0,0,0,0,0,0,0,0,0
1781923263163,Executor2,Stage1-3-0,0,0,0,0,0,0,0,0
1781923263176,Executor2,Stage1-3-0,0,0,0,0,0,0,0,0
1781923263204,Executor7,Stage1-1-0,0,0,0,0,0,0,0,0
1781923263367,Executor1,Stage1-2-0,0,0,0,0,0,0,0,0
1781923263370,Executor0,Stage0-0-0,0,0,0,0,0,0,0,0
1781923263615,nx-q0-nexmark-sponge-q0-20260619-213819-213914,Executor3,Stage1-0-0,0,12763,0,85505,15584,1544593,0,0
1781923263620,Executor3,Stage1-0-0,0,0,0,0,0,0,0,0
1781923263927,Executor0,Stage0-0-0,0,0,0,0,0,0,0,0
1781923263927,Executor0,Stage0-1-0,0,0,0,0,0,0,0,0
1781923263927,Executor0,Stage0-2-0,0,0,0,0,0,0,0,0
1781923263927,Executor0,Stage0-3-0,0,0,0,0,0,0,0,0
1781923263978,Executor1,Stage1-0-0,0,0,0,0,0,0,0,0
1781923264082,Executor7,Stage1-0-0,0,0,0,0,0,0,0,0
1781923264163,Executor2,Stage1-3-0,0,0,0,0,0,0,0,0
1781923264176,Executor2,Stage1-3-0,0,0,0,0,0,0,0,0
1781923264204,Executor7,Stage1-1-0,0,0,0,0,0,0,0,0
1781923264367,Executor1,Stage1-2-0,0,0,0,0,0,0,0,0
1781923264370,Executor0,Stage0-0-0,0,0,0,0,0,0,0,0
1781923264616,nx-q0-nexmark-sponge-q0-20260619-213819-213914,Executor3,Stage1-0-0,0,12844,0,84523,15075,1545979,0,0
1781923264620,Executor3,Stage1-0-0,0,0,0,0,0,0,0,0
1781923264927,Executor0,Stage0-0-0,0,0,0,0,0,0,0,0
1781923264927,Executor0,Stage0-1-0,0,0,0,0,0,0,0,0
1781923264927,Executor0,Stage0-2-0,0,0,0,0,0,0,0,0
1781923264927,Executor0,Stage0-3-0,0,0,0,0,0,0,0,0
1781923264978,Executor1,Stage1-0-0,0,0,0,0,0,0,0,0
1781923265082,Executor7,Stage1-0-0,0,0,0,0,0,0,0,0
1781923265163,Executor2,Stage1-3-0,0,0,0,0,0,0,0,0
1781923265176,Executor2,Stage1-3-0,0,0,0,0,0,0,0,0
1781923265204,Executor7,Stage1-1-0,0,0,0,0,0,0,0,0
1781923265367,Executor1,Stage1-2-0,0,0,0,0,0,0,0,0
1781923265370,Executor0,Stage0-0-0,0,0,0,0,0,0,0,0
1781923265615,nx-q0-nexmark-sponge-q0-20260619-213819-213914,Executor3,Stage1-0-0,0,12060,0,76100,14085,1463051,0,0
1781923265620,Executor3,Stage1-0-0,0,0,0,0,0,0,0,0
1781923265927,Executor0,Stage0-0-0,0,0,0,0,0,0,0,0
1781923265927,Executor0,Stage0-1-0,0,0,0,0,0,0,0,0
1781923265927,Executor0,Stage0-2-0,0,0,0,0,0,0,0,0
1781923265927,Executor0,Stage0-3-0,0,0,0,0,0,0,0,0
1781923265978,Executor1,Stage1-0-0,0,0,0,0,0,0,0,0
1781923266082,Executor7,Stage1-0-0,0,0,0,0,0,0,0,0
1781923266163,Executor2,Stage1-3-0,0,0,0,0,0,0,0,0
1781923266176,Executor2,Stage1-3-0,0,0,0,0,0,0,0,0
1781923266204,Executor7,Stage1-1-0,0,0,0,0,0,0,0,0
1781923266367,Executor1,Stage1-2-0,0,0,0,0,0,0,0,0
1781923266370,Executor0,Stage0-0-0,0,0,0,0,0,0,0,0
1781923266616,nx-q0-nexmark-sponge-q0-20260619-213819-213914,Executor3,Stage1-0-0,0,12853,0,87084,19737,1560844,0,0
1781923266620,Executor3,Stage1-0-0,0,0,0,0,0,0,0,0
1781923266927,Executor0,Stage0-0-0,0,0,0,0,0,0,0,0
1781923266927,Executor0,Stage0-1-0,0,0,0,0,0,0,0,0
1781923266927,Executor0,Stage0-2-0,0,0,0,0,0,0,0,0
1781923266927,Executor0,Stage0-3-0,0,0,0,0,0,0,0,0
1781923266978,Executor1,Stage1-0-0,0,0,0,0,0,0,0,0
1781923267082,Executor7,Stage1-0-0,0,0,0,0,0,0,0,0
1781923267163,Executor2,Stage1-3-0,0,0,0,0,0,0,0,0
1781923267176,Executor2,Stage1-3-0,0,0,0,0,0,0,0,0
1781923267204,Executor7,Stage1-1-0,0,0,0,0,0,0,0,0
1781923267367,Executor1,Stage1-2-0,0,0,0,0,0,0,0,0
1781923267370,Executor0,Stage0-0-0,0,0,0,0,0,0,0,0
1781923267616,nx-q0-nexmark-sponge-q0-20260619-213819-213914,Executor3,Stage1-0-0,0,12216,0,106622,21741,1476022,0,0
1781923267620,Executor3,Stage1-0-0,0,0,0,0,0,0,0,0
1781923267927,Executor0,Stage0-0-0,0,0,0,0,0,0,0,0
1781923267927,Executor0,Stage0-1-0,0,0,0,0,0,0,0,0
1781923267927,Executor0,Stage0-2-0,0,0,0,0,0,0,0,0
1781923267927,Executor0,Stage0-3-0,0,0,0,0,0,0,0,0
1781923267978,Executor1,Stage1-0-0,0,0,0,0,0,0,0,0
1781923268081,Executor7,Stage1-0-0,0,0,0,0,0,0,0,0
1781923268163,Executor2,Stage1-3-0,0,0,0,0,0,0,0,0
1781923268176,Executor2,Stage1-3-0,0,0,0,0,0,0,0,0
1781923268204,Executor7,Stage1-1-0,0,0,0,0,0,0,0,0
1781923268367,Executor1,Stage1-2-0,0,0,0,0,0,0,0,0
1781923268370,Executor0,Stage0-0-0,0,0,0,0,0,0,0,0
1781923268616,nx-q0-nexmark-sponge-q0-20260619-213819-213914,Executor3,Stage1-0-0,0,12919,0,92567,18166,1564773,0,0
1781923268620,Executor3,Stage1-0-0,0,0,0,0,0,0,0,0
1781923268927,Executor0,Stage0-0-0,0,0,0,0,0,0,0,0
1781923268927,Executor0,Stage0-1-0,0,0,0,0,0,0,0,0
1781923268927,Executor0,Stage0-2-0,0,0,0,0,0,0,0,0
1781923268927,Executor0,Stage0-3-0,0,0,0,0,0,0,0,0
1781923268978,Executor1,Stage1-0-0,0,0,0,0,0,0,0,0
1781923269082,Executor7,Stage1-0-0,0,0,0,0,0,0,0,0
1781923269163,Executor2,Stage1-3-0,0,0,0,0,0,0,0,0
1781923269176,Executor2,Stage1-3-0,0,0,0,0,0,0,0,0
1781923269204,Executor7,Stage1-1-0,0,0,0,0,0,0,0,0
1781923269367,Executor1,Stage1-2-0,0,0,0,0,0,0,0,0
1781923269370,Executor0,Stage0-0-0,0,0,0,0,0,0,0,0
1781923269616,nx-q0-nexmark-sponge-q0-20260619-213819-213914,Executor3,Stage1-0-0,0,12099,0,123080,30760,1463024,0,0
1781923269620,Executor3,Stage1-0-0,0,0,0,0,0,0,0,0
1781923269927,Executor0,Stage0-0-0,0,0,0,0,0,0,0,0
1781923269927,Executor0,Stage0-1-0,0,0,0,0,0,0,0,0
1781923269927,Executor0,Stage0-2-0,0,0,0,0,0,0,0,0
1781923269927,Executor0,Stage0-3-0,0,0,0,0,0,0,0,0
1781923269978,Executor1,Stage1-0-0,0,0,0,0,0,0,0,0
1781923270082,Executor7,Stage1-0-0,0,0,0,0,0,0,0,0
1781923270163,Executor2,Stage1-3-0,0,0,0,0,0,0,0,0
1781923270176,Executor2,Stage1-3-0,0,0,0,0,0,0,0,0
1781923270204,Executor7,Stage1-1-0,0,0,0,0,0,0,0,0
1781923270367,Executor1,Stage1-2-0,0,0,0,0,0,0,0,0
1781923270370,Executor0,Stage0-0-0,0,0,0,0,0,0,0,0
1781923270616,nx-q0-nexmark-sponge-q0-20260619-213819-213914,Executor3,Stage1-0-0,0,12643,0,117132,29128,1516437,0,0
1781923270620,Executor3,Stage1-0-0,0,0,0,0,0,0,0,0
1781923270927,Executor0,Stage0-0-0,0,0,0,0,0,0,0,0
1781923270927,Executor0,Stage0-1-0,0,0,0,0,0,0,0,0
1781923270927,Executor0,Stage0-2-0,0,0,0,0,0,0,0,0
1781923270927,Executor0,Stage0-3-0,0,0,0,0,0,0,0,0
1781923270978,Executor1,Stage1-0-0,0,0,0,0,0,0,0,0
1781923271082,Executor7,Stage1-0-0,0,0,0,0,0,0,0,0
1781923271163,Executor2,Stage1-3-0,0,0,0,0,0,0,0,0
1781923271176,Executor2,Stage1-3-0,0,0,0,0,0,0,0,0
1781923271204,Executor7,Stage1-1-0,0,0,0,0,0,0,0,0
1781923271367,Executor1,Stage1-2-0,0,0,0,0,0,0,0,0
1781923271370,Executor0,Stage0-0-0,0,0,0,0,0,0,0,0
1781923271616,nx-q0-nexmark-sponge-q0-20260619-213819-213914,Executor3,Stage1-0-0,0,12289,0,128152,27694,1501793,0,0
1781923271620,Executor3,Stage1-0-0,0,0,0,0,0,0,0,0
1781923271927,Executor0,Stage0-0-0,0,0,0,0,0,0,0,0
1781923271927,Executor0,Stage0-1-0,0,0,0,0,0,0,0,0
1781923271927,Executor0,Stage0-2-0,0,0,0,0,0,0,0,0
1781923271927,Executor0,Stage0-3-0,0,0,0,0,0,0,0,0
1781923271978,Executor1,Stage1-0-0,0,0,0,0,0,0,0,0
1781923272082,Executor7,Stage1-0-0,0,0,0,0,0,0,0,0
1781923272163,Executor2,Stage1-3-0,0,0,0,0,0,0,0,0
1781923272176,Executor2,Stage1-3-0,0,0,0,0,0,0,0,0
1781923272204,Executor7,Stage1-1-0,0,0,0,0,0,0,0,0
1781923272367,Executor1,Stage1-2-0,0,0,0,0,0,0,0,0
1781923272370,Executor0,Stage0-0-0,0,0,0,0,0,0,0,0
1781923272615,nx-q0-nexmark-sponge-q0-20260619-213819-213914,Executor3,Stage1-0-0,0,12972,0,138899,25117,1566036,0,0
1781923272620,Executor3,Stage1-0-0,0,0,0,0,0,0,0,0
1781923272927,Executor0,Stage0-0-0,0,0,0,0,0,0,0,0
1781923272927,Executor0,Stage0-1-0,0,0,0,0,0,0,0,0
1781923272927,Executor0,Stage0-2-0,0,0,0,0,0,0,0,0
1781923272927,Executor0,Stage0-3-0,0,0,0,0,0,0,0,0
1781923272978,Executor1,Stage1-0-0,0,0,0,0,0,0,0,0
1781923273082,Executor7,Stage1-0-0,0,0,0,0,0,0,0,0
1781923273163,Executor2,Stage1-3-0,0,0,0,0,0,0,0,0
1781923273176,Executor2,Stage1-3-0,0,0,0,0,0,0,0,0
1781923273204,Executor7,Stage1-1-0,0,0,0,0,0,0,0,0
1781923273367,Executor1,Stage1-2-0,0,0,0,0,0,0,0,0
1781923273370,Executor0,Stage0-0-0,0,0,0,0,0,0,0,0
1781923273615,nx-q0-nexmark-sponge-q0-20260619-213819-213914,Executor3,Stage1-0-0,0,12266,0,82658,19431,1486322,0,0
1781923273620,Executor3,Stage1-0-0,0,0,0,0,0,0,0,0
1781923273927,Executor0,Stage0-0-0,0,0,0,0,0,0,0,0
1781923273927,Executor0,Stage0-1-0,0,0,0,0,0,0,0,0
1781923273927,Executor0,Stage0-2-0,0,0,0,0,0,0,0,0
1781923273927,Executor0,Stage0-3-0,0,0,0,0,0,0,0,0
1781923273978,Executor1,Stage1-0-0,0,0,0,0,0,0,0,0
1781923274082,Executor7,Stage1-0-0,0,0,0,0,0,0,0,0
1781923274163,Executor2,Stage1-3-0,0,0,0,0,0,0,0,0
1781923274176,Executor2,Stage1-3-0,0,0,0,0,0,0,0,0
1781923274204,Executor7,Stage1-1-0,0,0,0,0,0,0,0,0
1781923274367,Executor1,Stage1-2-0,0,0,0,0,0,0,0,0
1781923274370,Executor0,Stage0-0-0,0,0,0,0,0,0,0,0
1781923274615,nx-q0-nexmark-sponge-q0-20260619-213819-213914,Executor3,Stage1-0-0,0,12407,0,95895,18749,1495747,0,0
1781923274620,Executor3,Stage1-0-0,0,0,0,0,0,0,0,0
1781923274927,Executor0,Stage0-0-0,0,0,0,0,0,0,0,0
1781923274927,Executor0,Stage0-1-0,0,0,0,0,0,0,0,0
1781923274927,Executor0,Stage0-2-0,0,0,0,0,0,0,0,0
1781923274927,Executor0,Stage0-3-0,0,0,0,0,0,0,0,0
1781923274978,Executor1,Stage1-0-0,0,0,0,0,0,0,0,0
1781923275082,Executor7,Stage1-0-0,0,0,0,0,0,0,0,0
1781923275163,Executor2,Stage1-3-0,0,0,0,0,0,0,0,0
1781923275176,Executor2,Stage1-3-0,0,0,0,0,0,0,0,0
1781923275204,Executor7,Stage1-1-0,0,0,0,0,0,0,0,0
1781923275367,Executor1,Stage1-2-0,0,0,0,0,0,0,0,0
1781923275370,Executor0,Stage0-0-0,0,0,0,0,0,0,0,0
1781923275616,nx-q0-nexmark-sponge-q0-20260619-213819-213914,Executor3,Stage1-0-0,0,12484,0,65703,13812,1502103,0,0
1781923275620,Executor3,Stage1-0-0,0,0,0,0,0,0,0,0
1781923275927,Executor0,Stage0-0-0,0,0,0,0,0,0,0,0
1781923275927,Executor0,Stage0-1-0,0,0,0,0,0,0,0,0
1781923275927,Executor0,Stage0-2-0,0,0,0,0,0,0,0,0
1781923275927,Executor0,Stage0-3-0,0,0,0,0,0,0,0,0
1781923275978,Executor1,Stage1-0-0,0,0,0,0,0,0,0,0
1781923276082,Executor7,Stage1-0-0,0,0,0,0,0,0,0,0
1781923276163,Executor2,Stage1-3-0,0,0,0,0,0,0,0,0
1781923276176,Executor2,Stage1-3-0,0,0,0,0,0,0,0,0
1781923276204,Executor7,Stage1-1-0,0,0,0,0,0,0,0,0
1781923276367,Executor1,Stage1-2-0,0,0,0,0,0,0,0,0
1781923276370,Executor0,Stage0-0-0,0,0,0,0,0,0,0,0
1781923276615,nx-q0-nexmark-sponge-q0-20260619-213819-213914,Executor3,Stage1-0-0,0,12613,0,85265,15282,1520722,0,0
1781923276620,Executor3,Stage1-0-0,0,0,0,0,0,0,0,0
1781923276927,Executor0,Stage0-0-0,0,0,0,0,0,0,0,0
1781923276927,Executor0,Stage0-1-0,0,0,0,0,0,0,0,0
1781923276927,Executor0,Stage0-2-0,0,0,0,0,0,0,0,0
1781923276927,Executor0,Stage0-3-0,0,0,0,0,0,0,0,0
1781923276978,Executor1,Stage1-0-0,0,0,0,0,0,0,0,0
1781923277081,Executor7,Stage1-0-0,0,0,0,0,0,0,0,0
1781923277163,Executor2,Stage1-3-0,0,0,0,0,0,0,0,0
1781923277176,Executor2,Stage1-3-0,0,0,0,0,0,0,0,0
1781923277204,Executor7,Stage1-1-0,0,0,0,0,0,0,0,0
1781923277367,Executor1,Stage1-2-0,0,0,0,0,0,0,0,0
1781923277370,Executor0,Stage0-0-0,0,0,0,0,0,0,0,0
1781923277615,nx-q0-nexmark-sponge-q0-20260619-213819-213914,Executor3,Stage1-0-0,0,12598,0,93645,15360,1515788,0,0
1781923277620,Executor3,Stage1-0-0,0,0,0,0,0,0,0,0
1781923277927,Executor0,Stage0-0-0,0,0,0,0,0,0,0,0
1781923277927,Executor0,Stage0-1-0,0,0,0,0,0,0,0,0
1781923277927,Executor0,Stage0-2-0,0,0,0,0,0,0,0,0
1781923277927,Executor0,Stage0-3-0,0,0,0,0,0,0,0,0
1781923277978,Executor1,Stage1-0-0,0,0,0,0,0,0,0,0
1781923278082,Executor7,Stage1-0-0,0,0,0,0,0,0,0,0
1781923278163,Executor2,Stage1-3-0,0,0,0,0,0,0,0,0
1781923278176,Executor2,Stage1-3-0,0,0,0,0,0,0,0,0
1781923278204,Executor7,Stage1-1-0,0,0,0,0,0,0,0,0
1781923278367,Executor1,Stage1-2-0,0,0,0,0,0,0,0,0
1781923278370,Executor0,Stage0-0-0,0,0,0,0,0,0,0,0
1781923278615,nx-q0-nexmark-sponge-q0-20260619-213819-213914,Executor3,Stage1-0-0,0,12751,0,80512,15675,1540415,0,0
1781923278620,Executor3,Stage1-0-0,0,0,0,0,0,0,0,0
1781923278927,Executor0,Stage0-0-0,0,0,0,0,0,0,0,0
1781923278927,Executor0,Stage0-1-0,0,0,0,0,0,0,0,0
1781923278927,Executor0,Stage0-2-0,0,0,0,0,0,0,0,0
1781923278927,Executor0,Stage0-3-0,0,0,0,0,0,0,0,0
1781923278978,Executor1,Stage1-0-0,0,0,0,0,0,0,0,0
1781923279082,Executor7,Stage1-0-0,0,0,0,0,0,0,0,0
1781923279163,Executor2,Stage1-3-0,0,0,0,0,0,0,0,0
1781923279176,Executor2,Stage1-3-0,0,0,0,0,0,0,0,0
1781923279204,Executor7,Stage1-1-0,0,0,0,0,0,0,0,0
1781923279367,Executor1,Stage1-2-0,0,0,0,0,0,0,0,0
1781923279370,Executor0,Stage0-0-0,0,0,0,0,0,0,0,0
1781923279616,nx-q0-nexmark-sponge-q0-20260619-213819-213914,Executor3,Stage1-0-0,0,12138,0,88905,18974,1468557,0,0
1781923279620,Executor3,Stage1-0-0,0,0,0,0,0,0,0,0
1781923279927,Executor0,Stage0-0-0,0,0,0,0,0,0,0,0
1781923279927,Executor0,Stage0-1-0,0,0,0,0,0,0,0,0
1781923279927,Executor0,Stage0-2-0,0,0,0,0,0,0,0,0
1781923279927,Executor0,Stage0-3-0,0,0,0,0,0,0,0,0
1781923279978,Executor1,Stage1-0-0,0,0,0,0,0,0,0,0
1781923280082,Executor7,Stage1-0-0,0,0,0,0,0,0,0,0
1781923280163,Executor2,Stage1-3-0,0,0,0,0,0,0,0,0
1781923280176,Executor2,Stage1-3-0,0,0,0,0,0,0,0,0
1781923280204,Executor7,Stage1-1-0,0,0,0,0,0,0,0,0
1781923280367,Executor1,Stage1-2-0,0,0,0,0,0,0,0,0
1781923280370,Executor0,Stage0-0-0,0,0,0,0,0,0,0,0
1781923280615,nx-q0-nexmark-sponge-q0-20260619-213819-213914,Executor3,Stage1-0-0,0,12527,0,106124,27248,1513745,0,0
1781923280620,Executor3,Stage1-0-0,0,0,0,0,0,0,0,0
1781923280927,Executor0,Stage0-0-0,0,0,0,0,0,0,0,0
1781923280927,Executor0,Stage0-1-0,0,0,0,0,0,0,0,0
1781923280927,Executor0,Stage0-2-0,0,0,0,0,0,0,0,0
1781923280927,Executor0,Stage0-3-0,0,0,0,0,0,0,0,0
1781923280978,Executor1,Stage1-0-0,0,0,0,0,0,0,0,0
1781923281082,Executor7,Stage1-0-0,0,0,0,0,0,0,0,0
1781923281163,Executor2,Stage1-3-0,0,0,0,0,0,0,0,0
1781923281176,Executor2,Stage1-3-0,0,0,0,0,0,0,0,0
1781923281204,Executor7,Stage1-1-0,0,0,0,0,0,0,0,0
1781923281367,Executor1,Stage1-2-0,0,0,0,0,0,0,0,0
1781923281370,Executor0,Stage0-0-0,0,0,0,0,0,0,0,0
1781923281616,nx-q0-nexmark-sponge-q0-20260619-213819-213914,Executor3,Stage1-0-0,0,12607,0,107006,27754,1525782,0,0
1781923281620,Executor3,Stage1-0-0,0,0,0,0,0,0,0,0
1781923281927,Executor0,Stage0-0-0,0,0,0,0,0,0,0,0
1781923281927,Executor0,Stage0-1-0,0,0,0,0,0,0,0,0
1781923281927,Executor0,Stage0-2-0,0,0,0,0,0,0,0,0
1781923281927,Executor0,Stage0-3-0,0,0,0,0,0,0,0,0
1781923281978,Executor1,Stage1-0-0,0,0,0,0,0,0,0,0
1781923282095,Executor7,Stage1-0-0,0,0,0,0,0,0,0,0
1781923282163,Executor2,Stage1-3-0,0,0,0,0,0,0,0,0
1781923282176,Executor2,Stage1-3-0,0,0,0,0,0,0,0,0
1781923282204,Executor7,Stage1-1-0,0,0,0,0,0,0,0,0
1781923282367,Executor1,Stage1-2-0,0,0,0,0,0,0,0,0
1781923282370,Executor0,Stage0-0-0,0,0,0,0,0,0,0,0
1781923282615,nx-q0-nexmark-sponge-q0-20260619-213819-213914,Executor3,Stage1-0-0,0,12552,0,119656,29357,1515545,0,0
1781923282620,Executor3,Stage1-0-0,0,0,0,0,0,0,0,0
1781923282927,Executor0,Stage0-0-0,0,0,0,0,0,0,0,0
1781923282927,Executor0,Stage0-1-0,0,0,0,0,0,0,0,0
1781923282927,Executor0,Stage0-2-0,0,0,0,0,0,0,0,0
1781923282927,Executor0,Stage0-3-0,0,0,0,0,0,0,0,0
1781923282978,Executor1,Stage1-0-0,0,0,0,0,0,0,0,0
1781923283081,Executor7,Stage1-0-0,0,0,0,0,0,0,0,0
1781923283163,Executor2,Stage1-3-0,0,0,0,0,0,0,0,0
1781923283176,Executor2,Stage1-3-0,0,0,0,0,0,0,0,0
1781923283204,Executor7,Stage1-1-0,0,0,0,0,0,0,0,0
1781923283367,Executor1,Stage1-2-0,0,0,0,0,0,0,0,0
1781923283370,Executor0,Stage0-0-0,0,0,0,0,0,0,0,0
1781923283615,nx-q0-nexmark-sponge-q0-20260619-213819-213914,Executor3,Stage1-0-0,0,12098,0,106115,26890,1460059,0,0
1781923283620,Executor3,Stage1-0-0,0,0,0,0,0,0,0,0
1781923283927,Executor0,Stage0-0-0,0,0,0,0,0,0,0,0
1781923283927,Executor0,Stage0-1-0,0,0,0,0,0,0,0,0
1781923283927,Executor0,Stage0-2-0,0,0,0,0,0,0,0,0
1781923283927,Executor0,Stage0-3-0,0,0,0,0,0,0,0,0
1781923283978,Executor1,Stage1-0-0,0,0,0,0,0,0,0,0
1781923284081,Executor7,Stage1-0-0,0,0,0,0,0,0,0,0
1781923284163,Executor2,Stage1-3-0,0,0,0,0,0,0,0,0
1781923284176,Executor2,Stage1-3-0,0,0,0,0,0,0,0,0
1781923284204,Executor7,Stage1-1-0,0,0,0,0,0,0,0,0
1781923284367,Executor1,Stage1-2-0,0,0,0,0,0,0,0,0
1781923284370,Executor0,Stage0-0-0,0,0,0,0,0,0,0,0
1781923284615,nx-q0-nexmark-sponge-q0-20260619-213819-213914,Executor3,Stage1-0-0,0,13118,0,100945,23745,1586576,0,0
1781923284620,Executor3,Stage1-0-0,0,0,0,0,0,0,0,0
1781923284927,Executor0,Stage0-0-0,0,0,0,0,0,0,0,0
1781923284927,Executor0,Stage0-1-0,0,0,0,0,0,0,0,0
1781923284927,Executor0,Stage0-2-0,0,0,0,0,0,0,0,0
1781923284927,Executor0,Stage0-3-0,0,0,0,0,0,0,0,0
1781923284978,Executor1,Stage1-0-0,0,0,0,0,0,0,0,0
1781923285082,Executor7,Stage1-0-0,0,0,0,0,0,0,0,0
1781923285163,Executor2,Stage1-3-0,0,0,0,0,0,0,0,0
1781923285176,Executor2,Stage1-3-0,0,0,0,0,0,0,0,0
1781923285204,Executor7,Stage1-1-0,0,0,0,0,0,0,0,0
1781923285367,Executor1,Stage1-2-0,0,0,0,0,0,0,0,0
1781923285370,Executor0,Stage0-0-0,0,0,0,0,0,0,0,0
1781923285615,nx-q0-nexmark-sponge-q0-20260619-213819-213914,Executor3,Stage1-0-0,0,12178,0,81543,14730,1479117,0,0
1781923285620,Executor3,Stage1-0-0,0,0,0,0,0,0,0,0
1781923285927,Executor0,Stage0-0-0,0,0,0,0,0,0,0,0
1781923285927,Executor0,Stage0-1-0,0,0,0,0,0,0,0,0
1781923285927,Executor0,Stage0-2-0,0,0,0,0,0,0,0,0
1781923285927,Executor0,Stage0-3-0,0,0,0,0,0,0,0,0
1781923285978,Executor1,Stage1-0-0,0,0,0,0,0,0,0,0
1781923286081,Executor7,Stage1-0-0,0,0,0,0,0,0,0,0
1781923286163,Executor2,Stage1-3-0,0,0,0,0,0,0,0,0
1781923286176,Executor2,Stage1-3-0,0,0,0,0,0,0,0,0
1781923286204,Executor7,Stage1-1-0,0,0,0,0,0,0,0,0
1781923286367,Executor1,Stage1-2-0,0,0,0,0,0,0,0,0
1781923286370,Executor0,Stage0-0-0,0,0,0,0,0,0,0,0
1781923286616,nx-q0-nexmark-sponge-q0-20260619-213819-213914,Executor3,Stage1-0-0,0,12374,0,83961,15461,1493797,0,0
1781923286620,Executor3,Stage1-0-0,0,0,0,0,0,0,0,0
1781923286927,Executor0,Stage0-0-0,0,0,0,0,0,0,0,0
1781923286927,Executor0,Stage0-1-0,0,0,0,0,0,0,0,0
1781923286927,Executor0,Stage0-2-0,0,0,0,0,0,0,0,0
1781923286927,Executor0,Stage0-3-0,0,0,0,0,0,0,0,0
1781923286978,Executor1,Stage1-0-0,0,0,0,0,0,0,0,0
1781923287082,Executor7,Stage1-0-0,0,0,0,0,0,0,0,0
1781923287163,Executor2,Stage1-3-0,0,0,0,0,0,0,0,0
1781923287176,Executor2,Stage1-3-0,0,0,0,0,0,0,0,0
1781923287204,Executor7,Stage1-1-0,0,0,0,0,0,0,0,0
1781923287367,Executor1,Stage1-2-0,0,0,0,0,0,0,0,0
1781923287370,Executor0,Stage0-0-0,0,0,0,0,0,0,0,0
1781923287616,nx-q0-nexmark-sponge-q0-20260619-213819-213914,Executor3,Stage1-0-0,0,12581,0,91143,18509,1516483,0,0
1781923287620,Executor3,Stage1-0-0,0,0,0,0,0,0,0,0
1781923287927,Executor0,Stage0-0-0,0,0,0,0,0,0,0,0
1781923287927,Executor0,Stage0-1-0,0,0,0,0,0,0,0,0
1781923287927,Executor0,Stage0-2-0,0,0,0,0,0,0,0,0
1781923287927,Executor0,Stage0-3-0,0,0,0,0,0,0,0,0
1781923287978,Executor1,Stage1-0-0,0,0,0,0,0,0,0,0
1781923288082,Executor7,Stage1-0-0,0,0,0,0,0,0,0,0
1781923288163,Executor2,Stage1-3-0,0,0,0,0,0,0,0,0
1781923288176,Executor2,Stage1-3-0,0,0,0,0,0,0,0,0
1781923288204,Executor7,Stage1-1-0,0,0,0,0,0,0,0,0
1781923288367,Executor1,Stage1-2-0,0,0,0,0,0,0,0,0
1781923288370,Executor0,Stage0-0-0,0,0,0,0,0,0,0,0
1781923288615,nx-q0-nexmark-sponge-q0-20260619-213819-213914,Executor3,Stage1-0-0,0,12585,0,164301,28583,1510091,0,0
1781923288620,Executor3,Stage1-0-0,0,0,0,0,0,0,0,0
1781923288927,Executor0,Stage0-0-0,0,0,0,0,0,0,0,0
1781923288927,Executor0,Stage0-1-0,0,0,0,0,0,0,0,0
1781923288927,Executor0,Stage0-2-0,0,0,0,0,0,0,0,0
1781923288927,Executor0,Stage0-3-0,0,0,0,0,0,0,0,0
1781923288978,Executor1,Stage1-0-0,0,0,0,0,0,0,0,0
1781923289081,Executor7,Stage1-0-0,0,0,0,0,0,0,0,0
1781923289163,Executor2,Stage1-3-0,0,0,0,0,0,0,0,0
1781923289176,Executor2,Stage1-3-0,0,0,0,0,0,0,0,0
1781923289204,Executor7,Stage1-1-0,0,0,0,0,0,0,0,0
1781923289367,Executor1,Stage1-2-0,0,0,0,0,0,0,0,0
1781923289370,Executor0,Stage0-0-0,0,0,0,0,0,0,0,0
1781923289615,nx-q0-nexmark-sponge-q0-20260619-213819-213914,Executor3,Stage1-0-0,0,12273,0,66859,14232,1489263,0,0
1781923289620,Executor3,Stage1-0-0,0,0,0,0,0,0,0,0
1781923289927,Executor0,Stage0-0-0,0,0,0,0,0,0,0,0
1781923289927,Executor0,Stage0-1-0,0,0,0,0,0,0,0,0
1781923289927,Executor0,Stage0-2-0,0,0,0,0,0,0,0,0
1781923289927,Executor0,Stage0-3-0,0,0,0,0,0,0,0,0
1781923289978,Executor1,Stage1-0-0,0,0,0,0,0,0,0,0
1781923290081,Executor7,Stage1-0-0,0,0,0,0,0,0,0,0
1781923290163,Executor2,Stage1-3-0,0,0,0,0,0,0,0,0
1781923290176,Executor2,Stage1-3-0,0,0,0,0,0,0,0,0
1781923290204,Executor7,Stage1-1-0,0,0,0,0,0,0,0,0
1781923290367,Executor1,Stage1-2-0,0,0,0,0,0,0,0,0
1781923290370,Executor0,Stage0-0-0,0,0,0,0,0,0,0,0
1781923290615,nx-q0-nexmark-sponge-q0-20260619-213819-213914,Executor3,Stage1-0-0,0,12452,0,67264,14260,1498657,0,0
1781923290621,Executor3,Stage1-0-0,0,0,0,0,0,0,0,0
1781923290927,Executor0,Stage0-0-0,0,0,0,0,0,0,0,0
1781923290927,Executor0,Stage0-1-0,0,0,0,0,0,0,0,0
1781923290927,Executor0,Stage0-2-0,0,0,0,0,0,0,0,0
1781923290927,Executor0,Stage0-3-0,0,0,0,0,0,0,0,0
1781923290978,Executor1,Stage1-0-0,0,0,0,0,0,0,0,0
1781923291081,Executor7,Stage1-0-0,0,0,0,0,0,0,0,0
1781923291163,Executor2,Stage1-3-0,0,0,0,0,0,0,0,0
1781923291176,Executor2,Stage1-3-0,0,0,0,0,0,0,0,0
1781923291204,Executor7,Stage1-1-0,0,0,0,0,0,0,0,0
1781923291367,Executor1,Stage1-2-0,0,0,0,0,0,0,0,0
1781923291370,Executor0,Stage0-0-0,0,0,0,0,0,0,0,0
1781923291615,nx-q0-nexmark-sponge-q0-20260619-213819-213914,Executor3,Stage1-0-0,0,12854,0,75080,14902,1555055,0,0
1781923291620,Executor3,Stage1-0-0,0,0,0,0,0,0,0,0
1781923291927,Executor0,Stage0-0-0,0,0,0,0,0,0,0,0
1781923291927,Executor0,Stage0-1-0,0,0,0,0,0,0,0,0
1781923291927,Executor0,Stage0-2-0,0,0,0,0,0,0,0,0
1781923291927,Executor0,Stage0-3-0,0,0,0,0,0,0,0,0
1781923291978,Executor1,Stage1-0-0,0,0,0,0,0,0,0,0
1781923292082,Executor7,Stage1-0-0,0,0,0,0,0,0,0,0
1781923292163,Executor2,Stage1-3-0,0,0,0,0,0,0,0,0
1781923292176,Executor2,Stage1-3-0,0,0,0,0,0,0,0,0
1781923292204,Executor7,Stage1-1-0,0,0,0,0,0,0,0,0
1781923292367,Executor1,Stage1-2-0,0,0,0,0,0,0,0,0
1781923292370,Executor0,Stage0-0-0,0,0,0,0,0,0,0,0
1781923292615,nx-q0-nexmark-sponge-q0-20260619-213819-213914,Executor3,Stage1-0-0,0,12486,0,68984,14212,1500168,0,0
1781923292620,Executor3,Stage1-0-0,0,0,0,0,0,0,0,0
1781923292927,Executor0,Stage0-0-0,0,0,0,0,0,0,0,0
1781923292927,Executor0,Stage0-1-0,0,0,0,0,0,0,0,0
1781923292927,Executor0,Stage0-2-0,0,0,0,0,0,0,0,0
1781923292927,Executor0,Stage0-3-0,0,0,0,0,0,0,0,0
1781923292978,Executor1,Stage1-0-0,0,0,0,0,0,0,0,0
1781923293081,Executor7,Stage1-0-0,0,0,0,0,0,0,0,0
1781923293163,Executor2,Stage1-3-0,0,0,0,0,0,0,0,0
1781923293176,Executor2,Stage1-3-0,0,0,0,0,0,0,0,0
1781923293204,Executor7,Stage1-1-0,0,0,0,0,0,0,0,0
1781923293367,Executor1,Stage1-2-0,0,0,0,0,0,0,0,0
1781923293370,Executor0,Stage0-0-0,0,0,0,0,0,0,0,0
1781923293615,nx-q0-nexmark-sponge-q0-20260619-213819-213914,Executor3,Stage1-0-0,0,12507,0,132426,38266,1515670,0,0
1781923293620,Executor3,Stage1-0-0,0,0,0,0,0,0,0,0
1781923293927,Executor0,Stage0-0-0,0,0,0,0,0,0,0,0
1781923293927,Executor0,Stage0-1-0,0,0,0,0,0,0,0,0
1781923293927,Executor0,Stage0-2-0,0,0,0,0,0,0,0,0
1781923293927,Executor0,Stage0-3-0,0,0,0,0,0,0,0,0
1781923293978,Executor1,Stage1-0-0,0,0,0,0,0,0,0,0
1781923294082,Executor7,Stage1-0-0,0,0,0,0,0,0,0,0
1781923294163,Executor2,Stage1-3-0,0,0,0,0,0,0,0,0
1781923294176,Executor2,Stage1-3-0,0,0,0,0,0,0,0,0
1781923294204,Executor7,Stage1-1-0,0,0,0,0,0,0,0,0
1781923294367,Executor1,Stage1-2-0,0,0,0,0,0,0,0,0
1781923294370,Executor0,Stage0-0-0,0,0,0,0,0,0,0,0
1781923294615,nx-q0-nexmark-sponge-q0-20260619-213819-213914,Executor3,Stage1-0-0,0,12492,0,81773,14889,1507264,0,0
1781923294620,Executor3,Stage1-0-0,0,0,0,0,0,0,0,0
1781923294927,Executor0,Stage0-0-0,0,0,0,0,0,0,0,0
1781923294927,Executor0,Stage0-1-0,0,0,0,0,0,0,0,0
1781923294927,Executor0,Stage0-2-0,0,0,0,0,0,0,0,0
1781923294927,Executor0,Stage0-3-0,0,0,0,0,0,0,0,0
1781923294978,Executor1,Stage1-0-0,0,0,0,0,0,0,0,0
1781923295081,Executor7,Stage1-0-0,0,0,0,0,0,0,0,0
1781923295163,Executor2,Stage1-3-0,0,0,0,0,0,0,0,0
1781923295176,Executor2,Stage1-3-0,0,0,0,0,0,0,0,0
1781923295204,Executor7,Stage1-1-0,0,0,0,0,0,0,0,0
1781923295367,Executor1,Stage1-2-0,0,0,0,0,0,0,0,0
1781923295370,Executor0,Stage0-0-0,0,0,0,0,0,0,0,0
1781923295615,nx-q0-nexmark-sponge-q0-20260619-213819-213914,Executor3,Stage1-0-0,0,12448,0,84667,15624,1503927,0,0
1781923295620,Executor3,Stage1-0-0,0,0,0,0,0,0,0,0
1781923295927,Executor0,Stage0-0-0,0,0,0,0,0,0,0,0
1781923295927,Executor0,Stage0-1-0,0,0,0,0,0,0,0,0
1781923295927,Executor0,Stage0-2-0,0,0,0,0,0,0,0,0
1781923295927,Executor0,Stage0-3-0,0,0,0,0,0,0,0,0
1781923295978,Executor1,Stage1-0-0,0,0,0,0,0,0,0,0
1781923296082,Executor7,Stage1-0-0,0,0,0,0,0,0,0,0
1781923296163,Executor2,Stage1-3-0,0,0,0,0,0,0,0,0
1781923296176,Executor2,Stage1-3-0,0,0,0,0,0,0,0,0
1781923296204,Executor7,Stage1-1-0,0,0,0,0,0,0,0,0
1781923296367,Executor1,Stage1-2-0,0,0,0,0,0,0,0,0
1781923296370,Executor0,Stage0-0-0,0,0,0,0,0,0,0,0
1781923296615,nx-q0-nexmark-sponge-q0-20260619-213819-213914,Executor3,Stage1-0-0,0,12462,0,116938,22610,1510080,0,0
1781923296620,Executor3,Stage1-0-0,0,0,0,0,0,0,0,0
1781923296927,Executor0,Stage0-0-0,0,0,0,0,0,0,0,0
1781923296927,Executor0,Stage0-1-0,0,0,0,0,0,0,0,0
1781923296927,Executor0,Stage0-2-0,0,0,0,0,0,0,0,0
1781923296927,Executor0,Stage0-3-0,0,0,0,0,0,0,0,0
1781923296978,Executor1,Stage1-0-0,0,0,0,0,0,0,0,0
1781923297081,Executor7,Stage1-0-0,0,0,0,0,0,0,0,0
1781923297163,Executor2,Stage1-3-0,0,0,0,0,0,0,0,0
1781923297176,Executor2,Stage1-3-0,0,0,0,0,0,0,0,0
1781923297204,Executor7,Stage1-1-0,0,0,0,0,0,0,0,0
1781923297367,Executor1,Stage1-2-0,0,0,0,0,0,0,0,0
1781923297370,Executor0,Stage0-0-0,0,0,0,0,0,0,0,0
1781923297615,nx-q0-nexmark-sponge-q0-20260619-213819-213914,Executor3,Stage1-0-0,0,12488,0,73312,14910,1506085,0,0
1781923297620,Executor3,Stage1-0-0,0,0,0,0,0,0,0,0
1781923297927,Executor0,Stage0-0-0,0,0,0,0,0,0,0,0
1781923297927,Executor0,Stage0-1-0,0,0,0,0,0,0,0,0
1781923297927,Executor0,Stage0-2-0,0,0,0,0,0,0,0,0
1781923297927,Executor0,Stage0-3-0,0,0,0,0,0,0,0,0
1781923297978,Executor1,Stage1-0-0,0,0,0,0,0,0,0,0
1781923298082,Executor7,Stage1-0-0,0,0,0,0,0,0,0,0
1781923298163,Executor2,Stage1-3-0,0,0,0,0,0,0,0,0
1781923298176,Executor2,Stage1-3-0,0,0,0,0,0,0,0,0
1781923298204,Executor7,Stage1-1-0,0,0,0,0,0,0,0,0
1781923298367,Executor1,Stage1-2-0,0,0,0,0,0,0,0,0
1781923298370,Executor0,Stage0-0-0,0,0,0,0,0,0,0,0
1781923298615,nx-q0-nexmark-sponge-q0-20260619-213819-213914,Executor3,Stage1-0-0,0,12287,0,87306,15323,1493179,0,0
1781923298620,Executor3,Stage1-0-0,0,0,0,0,0,0,0,0
1781923298927,Executor0,Stage0-0-0,0,0,0,0,0,0,0,0
1781923298927,Executor0,Stage0-1-0,0,0,0,0,0,0,0,0
1781923298927,Executor0,Stage0-2-0,0,0,0,0,0,0,0,0
1781923298927,Executor0,Stage0-3-0,0,0,0,0,0,0,0,0
1781923298978,Executor1,Stage1-0-0,0,0,0,0,0,0,0,0
1781923299082,Executor7,Stage1-0-0,0,0,0,0,0,0,0,0
1781923299163,Executor2,Stage1-3-0,0,0,0,0,0,0,0,0
1781923299176,Executor2,Stage1-3-0,0,0,0,0,0,0,0,0
1781923299204,Executor7,Stage1-1-0,0,0,0,0,0,0,0,0
1781923299367,Executor1,Stage1-2-0,0,0,0,0,0,0,0,0
1781923299370,Executor0,Stage0-0-0,0,0,0,0,0,0,0,0
1781923299615,nx-q0-nexmark-sponge-q0-20260619-213819-213914,Executor3,Stage1-0-0,0,12659,0,116252,21318,1526731,0,0
1781923299620,Executor3,Stage1-0-0,0,0,0,0,0,0,0,0
1781923299927,Executor0,Stage0-0-0,0,0,0,0,0,0,0,0
1781923299927,Executor0,Stage0-1-0,0,0,0,0,0,0,0,0
1781923299927,Executor0,Stage0-2-0,0,0,0,0,0,0,0,0
1781923299927,Executor0,Stage0-3-0,0,0,0,0,0,0,0,0
1781923299978,Executor1,Stage1-0-0,0,0,0,0,0,0,0,0
1781923300082,Executor7,Stage1-0-0,0,0,0,0,0,0,0,0
1781923300163,Executor2,Stage1-3-0,0,0,0,0,0,0,0,0
1781923300176,Executor2,Stage1-3-0,0,0,0,0,0,0,0,0
1781923300204,Executor7,Stage1-1-0,0,0,0,0,0,0,0,0
1781923300367,Executor1,Stage1-2-0,0,0,0,0,0,0,0,0
1781923300370,Executor0,Stage0-0-0,0,0,0,0,0,0,0,0
1781923300616,nx-q0-nexmark-sponge-q0-20260619-213819-213914,Executor3,Stage1-0-0,0,12256,0,79447,14494,1479619,0,0
1781923300620,Executor3,Stage1-0-0,0,0,0,0,0,0,0,0
1781923300927,Executor0,Stage0-0-0,0,0,0,0,0,0,0,0
1781923300927,Executor0,Stage0-1-0,0,0,0,0,0,0,0,0
1781923300927,Executor0,Stage0-2-0,0,0,0,0,0,0,0,0
1781923300927,Executor0,Stage0-3-0,0,0,0,0,0,0,0,0
1781923300978,Executor1,Stage1-0-0,0,0,0,0,0,0,0,0
1781923301082,Executor7,Stage1-0-0,0,0,0,0,0,0,0,0
1781923301163,Executor2,Stage1-3-0,0,0,0,0,0,0,0,0
1781923301176,Executor2,Stage1-3-0,0,0,0,0,0,0,0,0
1781923301204,Executor7,Stage1-1-0,0,0,0,0,0,0,0,0
1781923301367,Executor1,Stage1-2-0,0,0,0,0,0,0,0,0
1781923301370,Executor0,Stage0-0-0,0,0,0,0,0,0,0,0
1781923301615,nx-q0-nexmark-sponge-q0-20260619-213819-213914,Executor3,Stage1-0-0,0,12844,0,84638,15616,1553578,0,0
1781923301620,Executor3,Stage1-0-0,0,0,0,0,0,0,0,0
1781923301927,Executor0,Stage0-0-0,0,0,0,0,0,0,0,0
1781923301927,Executor0,Stage0-1-0,0,0,0,0,0,0,0,0
1781923301927,Executor0,Stage0-2-0,0,0,0,0,0,0,0,0
1781923301927,Executor0,Stage0-3-0,0,0,0,0,0,0,0,0
1781923301978,Executor1,Stage1-0-0,0,0,0,0,0,0,0,0
1781923302082,Executor7,Stage1-0-0,0,0,0,0,0,0,0,0
1781923302163,Executor2,Stage1-3-0,0,0,0,0,0,0,0,0
1781923302176,Executor2,Stage1-3-0,0,0,0,0,0,0,0,0
1781923302204,Executor7,Stage1-1-0,0,0,0,0,0,0,0,0
1781923302367,Executor1,Stage1-2-0,0,0,0,0,0,0,0,0
1781923302370,Executor0,Stage0-0-0,0,0,0,0,0,0,0,0
1781923302615,nx-q0-nexmark-sponge-q0-20260619-213819-213914,Executor3,Stage1-0-0,0,12486,0,69651,14685,1512864,0,0
1781923302620,Executor3,Stage1-0-0,0,0,0,0,0,0,0,0
1781923302927,Executor0,Stage0-0-0,0,0,0,0,0,0,0,0
1781923302927,Executor0,Stage0-1-0,0,0,0,0,0,0,0,0
1781923302927,Executor0,Stage0-2-0,0,0,0,0,0,0,0,0
1781923302927,Executor0,Stage0-3-0,0,0,0,0,0,0,0,0
1781923302978,Executor1,Stage1-0-0,0,0,0,0,0,0,0,0
1781923303082,Executor7,Stage1-0-0,0,0,0,0,0,0,0,0
1781923303163,Executor2,Stage1-3-0,0,0,0,0,0,0,0,0
1781923303176,Executor2,Stage1-3-0,0,0,0,0,0,0,0,0
1781923303204,Executor7,Stage1-1-0,0,0,0,0,0,0,0,0
1781923303367,Executor1,Stage1-2-0,0,0,0,0,0,0,0,0
1781923303370,Executor0,Stage0-0-0,0,0,0,0,0,0,0,0
1781923303616,nx-q0-nexmark-sponge-q0-20260619-213819-213914,Executor3,Stage1-0-0,0,12542,0,72100,14434,1507130,0,0
1781923303620,Executor3,Stage1-0-0,0,0,0,0,0,0,0,0
1781923303927,Executor0,Stage0-0-0,0,0,0,0,0,0,0,0
1781923303927,Executor0,Stage0-1-0,0,0,0,0,0,0,0,0
1781923303927,Executor0,Stage0-2-0,0,0,0,0,0,0,0,0
1781923303927,Executor0,Stage0-3-0,0,0,0,0,0,0,0,0
1781923303978,Executor1,Stage1-0-0,0,0,0,0,0,0,0,0
1781923304081,Executor7,Stage1-0-0,0,0,0,0,0,0,0,0
1781923304163,Executor2,Stage1-3-0,0,0,0,0,0,0,0,0
1781923304176,Executor2,Stage1-3-0,0,0,0,0,0,0,0,0
1781923304204,Executor7,Stage1-1-0,0,0,0,0,0,0,0,0
1781923304367,Executor1,Stage1-2-0,0,0,0,0,0,0,0,0
1781923304370,Executor0,Stage0-0-0,0,0,0,0,0,0,0,0
1781923304615,nx-q0-nexmark-sponge-q0-20260619-213819-213914,Executor3,Stage1-0-0,0,12466,0,83893,25773,1505975,0,0
1781923304620,Executor3,Stage1-0-0,0,0,0,0,0,0,0,0
1781923304927,Executor0,Stage0-0-0,0,0,0,0,0,0,0,0
1781923304927,Executor0,Stage0-1-0,0,0,0,0,0,0,0,0
1781923304927,Executor0,Stage0-2-0,0,0,0,0,0,0,0,0
1781923304927,Executor0,Stage0-3-0,0,0,0,0,0,0,0,0
1781923304978,Executor1,Stage1-0-0,0,0,0,0,0,0,0,0
1781923305082,Executor7,Stage1-0-0,0,0,0,0,0,0,0,0
1781923305163,Executor2,Stage1-3-0,0,0,0,0,0,0,0,0
1781923305176,Executor2,Stage1-3-0,0,0,0,0,0,0,0,0
1781923305204,Executor7,Stage1-1-0,0,0,0,0,0,0,0,0
1781923305367,Executor1,Stage1-2-0,0,0,0,0,0,0,0,0
1781923305370,Executor0,Stage0-0-0,0,0,0,0,0,0,0,0
1781923305615,nx-q0-nexmark-sponge-q0-20260619-213819-213914,Executor3,Stage1-0-0,0,12343,0,111171,21577,1493278,0,0
1781923305620,Executor3,Stage1-0-0,0,0,0,0,0,0,0,0
1781923305927,Executor0,Stage0-0-0,0,0,0,0,0,0,0,0
1781923305927,Executor0,Stage0-1-0,0,0,0,0,0,0,0,0
1781923305927,Executor0,Stage0-2-0,0,0,0,0,0,0,0,0
1781923305927,Executor0,Stage0-3-0,0,0,0,0,0,0,0,0
1781923305978,Executor1,Stage1-0-0,0,0,0,0,0,0,0,0
1781923306082,Executor7,Stage1-0-0,0,0,0,0,0,0,0,0
1781923306163,Executor2,Stage1-3-0,0,0,0,0,0,0,0,0
1781923306176,Executor2,Stage1-3-0,0,0,0,0,0,0,0,0
1781923306204,Executor7,Stage1-1-0,0,0,0,0,0,0,0,0
1781923306367,Executor1,Stage1-2-0,0,0,0,0,0,0,0,0
1781923306370,Executor0,Stage0-0-0,0,0,0,0,0,0,0,0
1781923306615,nx-q0-nexmark-sponge-q0-20260619-213819-213914,Executor3,Stage1-0-0,0,12543,0,89209,17290,1508799,0,0
1781923306620,Executor3,Stage1-0-0,0,0,0,0,0,0,0,0
1781923306927,Executor0,Stage0-0-0,0,0,0,0,0,0,0,0
1781923306927,Executor0,Stage0-1-0,0,0,0,0,0,0,0,0
1781923306927,Executor0,Stage0-2-0,0,0,0,0,0,0,0,0
1781923306927,Executor0,Stage0-3-0,0,0,0,0,0,0,0,0
1781923306978,Executor1,Stage1-0-0,0,0,0,0,0,0,0,0
1781923307082,Executor7,Stage1-0-0,0,0,0,0,0,0,0,0
1781923307163,Executor2,Stage1-3-0,0,0,0,0,0,0,0,0
1781923307176,Executor2,Stage1-3-0,0,0,0,0,0,0,0,0
1781923307204,Executor7,Stage1-1-0,0,0,0,0,0,0,0,0
1781923307367,Executor1,Stage1-2-0,0,0,0,0,0,0,0,0
1781923307370,Executor0,Stage0-0-0,0,0,0,0,0,0,0,0
1781923307615,nx-q0-nexmark-sponge-q0-20260619-213819-213914,Executor3,Stage1-0-0,0,12390,0,86495,16632,1495598,0,0
1781923307620,Executor3,Stage1-0-0,0,0,0,0,0,0,0,0
1781923307927,Executor0,Stage0-0-0,0,0,0,0,0,0,0,0
1781923307927,Executor0,Stage0-1-0,0,0,0,0,0,0,0,0
1781923307927,Executor0,Stage0-2-0,0,0,0,0,0,0,0,0
1781923307927,Executor0,Stage0-3-0,0,0,0,0,0,0,0,0
1781923307978,Executor1,Stage1-0-0,0,0,0,0,0,0,0,0
1781923308081,Executor7,Stage1-0-0,0,0,0,0,0,0,0,0
1781923308163,Executor2,Stage1-3-0,0,0,0,0,0,0,0,0
1781923308176,Executor2,Stage1-3-0,0,0,0,0,0,0,0,0
1781923308204,Executor7,Stage1-1-0,0,0,0,0,0,0,0,0
1781923308367,Executor1,Stage1-2-0,0,0,0,0,0,0,0,0
1781923308370,Executor0,Stage0-0-0,0,0,0,0,0,0,0,0
1781923308615,nx-q0-nexmark-sponge-q0-20260619-213819-213914,Executor3,Stage1-0-0,0,12447,0,69580,14878,1506302,0,0
1781923308620,Executor3,Stage1-0-0,0,0,0,0,0,0,0,0
1781923308927,Executor0,Stage0-0-0,0,0,0,0,0,0,0,0
1781923308927,Executor0,Stage0-1-0,0,0,0,0,0,0,0,0
1781923308927,Executor0,Stage0-2-0,0,0,0,0,0,0,0,0
1781923308927,Executor0,Stage0-3-0,0,0,0,0,0,0,0,0
1781923308978,Executor1,Stage1-0-0,0,0,0,0,0,0,0,0
1781923309081,Executor7,Stage1-0-0,0,0,0,0,0,0,0,0
1781923309163,Executor2,Stage1-3-0,0,0,0,0,0,0,0,0
1781923309176,Executor2,Stage1-3-0,0,0,0,0,0,0,0,0
1781923309204,Executor7,Stage1-1-0,0,0,0,0,0,0,0,0
1781923309367,Executor1,Stage1-2-0,0,0,0,0,0,0,0,0
1781923309370,Executor0,Stage0-0-0,0,0,0,0,0,0,0,0
1781923309616,nx-q0-nexmark-sponge-q0-20260619-213819-213914,Executor3,Stage1-0-0,0,12455,0,89862,14445,1499628,0,0
1781923309621,Executor3,Stage1-0-0,0,0,0,0,0,0,0,0
1781923309927,Executor0,Stage0-0-0,0,0,0,0,0,0,0,0
1781923309927,Executor0,Stage0-1-0,0,0,0,0,0,0,0,0
1781923309927,Executor0,Stage0-2-0,0,0,0,0,0,0,0,0
1781923309927,Executor0,Stage0-3-0,0,0,0,0,0,0,0,0
1781923309978,Executor1,Stage1-0-0,0,0,0,0,0,0,0,0
1781923310082,Executor7,Stage1-0-0,0,0,0,0,0,0,0,0
1781923310163,Executor2,Stage1-3-0,0,0,0,0,0,0,0,0
1781923310176,Executor2,Stage1-3-0,0,0,0,0,0,0,0,0
1781923310204,Executor7,Stage1-1-0,0,0,0,0,0,0,0,0
1781923310367,Executor1,Stage1-2-0,0,0,0,0,0,0,0,0
1781923310370,Executor0,Stage0-0-0,0,0,0,0,0,0,0,0
1781923310616,nx-q0-nexmark-sponge-q0-20260619-213819-213914,Executor3,Stage1-0-0,0,12319,0,70431,14508,1485094,0,0
1781923310620,Executor3,Stage1-0-0,0,0,0,0,0,0,0,0
1781923310927,Executor0,Stage0-0-0,0,0,0,0,0,0,0,0
1781923310927,Executor0,Stage0-1-0,0,0,0,0,0,0,0,0
1781923310927,Executor0,Stage0-2-0,0,0,0,0,0,0,0,0
1781923310927,Executor0,Stage0-3-0,0,0,0,0,0,0,0,0
1781923310978,Executor1,Stage1-0-0,0,0,0,0,0,0,0,0
1781923311082,Executor7,Stage1-0-0,0,0,0,0,0,0,0,0
1781923311163,Executor2,Stage1-3-0,0,0,0,0,0,0,0,0
1781923311176,Executor2,Stage1-3-0,0,0,0,0,0,0,0,0
1781923311204,Executor7,Stage1-1-0,0,0,0,0,0,0,0,0
1781923311367,Executor1,Stage1-2-0,0,0,0,0,0,0,0,0
1781923311370,Executor0,Stage0-0-0,0,0,0,0,0,0,0,0
1781923311615,nx-q0-nexmark-sponge-q0-20260619-213819-213914,Executor3,Stage1-0-0,0,11754,0,116462,23168,1410759,0,0
1781923311620,Executor3,Stage1-0-0,0,0,0,0,0,0,0,0
1781923311927,Executor0,Stage0-0-0,0,0,0,0,0,0,0,0
1781923311927,Executor0,Stage0-1-0,0,0,0,0,0,0,0,0
1781923311927,Executor0,Stage0-2-0,0,0,0,0,0,0,0,0
1781923311927,Executor0,Stage0-3-0,0,0,0,0,0,0,0,0
1781923311978,Executor1,Stage1-0-0,0,0,0,0,0,0,0,0
1781923312081,Executor7,Stage1-0-0,0,0,0,0,0,0,0,0
1781923312163,Executor2,Stage1-3-0,0,0,0,0,0,0,0,0
1781923312176,Executor2,Stage1-3-0,0,0,0,0,0,0,0,0
1781923312204,Executor7,Stage1-1-0,0,0,0,0,0,0,0,0
1781923312367,Executor1,Stage1-2-0,0,0,0,0,0,0,0,0
1781923312370,Executor0,Stage0-0-0,0,0,0,0,0,0,0,0
1781923312615,nx-q0-nexmark-sponge-q0-20260619-213819-213914,Executor3,Stage1-0-0,0,13255,0,106259,19148,1601529,0,0
1781923312620,Executor3,Stage1-0-0,0,0,0,0,0,0,0,0
1781923312927,Executor0,Stage0-0-0,0,0,0,0,0,0,0,0
1781923312927,Executor0,Stage0-1-0,0,0,0,0,0,0,0,0
1781923312927,Executor0,Stage0-2-0,0,0,0,0,0,0,0,0
1781923312927,Executor0,Stage0-3-0,0,0,0,0,0,0,0,0
1781923312978,Executor1,Stage1-0-0,0,0,0,0,0,0,0,0
1781923313082,Executor7,Stage1-0-0,0,0,0,0,0,0,0,0
1781923313163,Executor2,Stage1-3-0,0,0,0,0,0,0,0,0
1781923313176,Executor2,Stage1-3-0,0,0,0,0,0,0,0,0
1781923313204,Executor7,Stage1-1-0,0,0,0,0,0,0,0,0
1781923313367,Executor1,Stage1-2-0,0,0,0,0,0,0,0,0
1781923313370,Executor0,Stage0-0-0,0,0,0,0,0,0,0,0
1781923313615,nx-q0-nexmark-sponge-q0-20260619-213819-213914,Executor3,Stage1-0-0,0,12424,0,69868,14633,1500638,0,0
1781923313620,Executor3,Stage1-0-0,0,0,0,0,0,0,0,0
1781923313927,Executor0,Stage0-0-0,0,0,0,0,0,0,0,0
1781923313927,Executor0,Stage0-1-0,0,0,0,0,0,0,0,0
1781923313927,Executor0,Stage0-2-0,0,0,0,0,0,0,0,0
1781923313927,Executor0,Stage0-3-0,0,0,0,0,0,0,0,0
1781923313978,Executor1,Stage1-0-0,0,0,0,0,0,0,0,0
1781923314081,Executor7,Stage1-0-0,0,0,0,0,0,0,0,0
1781923314163,Executor2,Stage1-3-0,0,0,0,0,0,0,0,0
1781923314176,Executor2,Stage1-3-0,0,0,0,0,0,0,0,0
1781923314204,Executor7,Stage1-1-0,0,0,0,0,0,0,0,0
1781923314367,Executor1,Stage1-2-0,0,0,0,0,0,0,0,0
1781923314370,Executor0,Stage0-0-0,0,0,0,0,0,0,0,0
1781923314615,nx-q0-nexmark-sponge-q0-20260619-213819-213914,Executor3,Stage1-0-0,0,12141,0,81357,15252,1457687,0,0
1781923314620,Executor3,Stage1-0-0,0,0,0,0,0,0,0,0
1781923314927,Executor0,Stage0-0-0,0,0,0,0,0,0,0,0
1781923314927,Executor0,Stage0-1-0,0,0,0,0,0,0,0,0
1781923314927,Executor0,Stage0-2-0,0,0,0,0,0,0,0,0
1781923314927,Executor0,Stage0-3-0,0,0,0,0,0,0,0,0
1781923314978,Executor1,Stage1-0-0,0,0,0,0,0,0,0,0
1781923315081,Executor7,Stage1-0-0,0,0,0,0,0,0,0,0
1781923315163,Executor2,Stage1-3-0,0,0,0,0,0,0,0,0
1781923315176,Executor2,Stage1-3-0,0,0,0,0,0,0,0,0
1781923315204,Executor7,Stage1-1-0,0,0,0,0,0,0,0,0
1781923315367,Executor1,Stage1-2-0,0,0,0,0,0,0,0,0
1781923315370,Executor0,Stage0-0-0,0,0,0,0,0,0,0,0
1781923315616,nx-q0-nexmark-sponge-q0-20260619-213819-213914,Executor3,Stage1-0-0,0,12725,0,72740,14602,1544390,0,0
1781923315620,Executor3,Stage1-0-0,0,0,0,0,0,0,0,0
1781923315927,Executor0,Stage0-0-0,0,0,0,0,0,0,0,0
1781923315927,Executor0,Stage0-1-0,0,0,0,0,0,0,0,0
1781923315927,Executor0,Stage0-2-0,0,0,0,0,0,0,0,0
1781923315927,Executor0,Stage0-3-0,0,0,0,0,0,0,0,0
1781923315978,Executor1,Stage1-0-0,0,0,0,0,0,0,0,0
1781923316082,Executor7,Stage1-0-0,0,0,0,0,0,0,0,0
1781923316163,Executor2,Stage1-3-0,0,0,0,0,0,0,0,0
1781923316176,Executor2,Stage1-3-0,0,0,0,0,0,0,0,0
1781923316204,Executor7,Stage1-1-0,0,0,0,0,0,0,0,0
1781923316367,Executor1,Stage1-2-0,0,0,0,0,0,0,0,0
1781923316370,Executor0,Stage0-0-0,0,0,0,0,0,0,0,0
1781923316615,nx-q0-nexmark-sponge-q0-20260619-213819-213914,Executor3,Stage1-0-0,0,12080,0,91331,17368,1458854,0,0
1781923316620,Executor3,Stage1-0-0,0,0,0,0,0,0,0,0
1781923316927,Executor0,Stage0-0-0,0,0,0,0,0,0,0,0
1781923316927,Executor0,Stage0-1-0,0,0,0,0,0,0,0,0
1781923316927,Executor0,Stage0-2-0,0,0,0,0,0,0,0,0
1781923316927,Executor0,Stage0-3-0,0,0,0,0,0,0,0,0
1781923316978,Executor1,Stage1-0-0,0,0,0,0,0,0,0,0
1781923317082,Executor7,Stage1-0-0,0,0,0,0,0,0,0,0
1781923317163,Executor2,Stage1-3-0,0,0,0,0,0,0,0,0
1781923317176,Executor2,Stage1-3-0,0,0,0,0,0,0,0,0
1781923317204,Executor7,Stage1-1-0,0,0,0,0,0,0,0,0
1781923317367,Executor1,Stage1-2-0,0,0,0,0,0,0,0,0
1781923317370,Executor0,Stage0-0-0,0,0,0,0,0,0,0,0
1781923317615,nx-q0-nexmark-sponge-q0-20260619-213819-213914,Executor3,Stage1-0-0,0,12485,0,67878,14021,1495082,0,0
1781923317620,Executor3,Stage1-0-0,0,0,0,0,0,0,0,0
1781923317927,Executor0,Stage0-0-0,0,0,0,0,0,0,0,0
1781923317927,Executor0,Stage0-1-0,0,0,0,0,0,0,0,0
1781923317927,Executor0,Stage0-2-0,0,0,0,0,0,0,0,0
1781923317927,Executor0,Stage0-3-0,0,0,0,0,0,0,0,0
1781923317978,Executor1,Stage1-0-0,0,0,0,0,0,0,0,0
1781923318081,Executor7,Stage1-0-0,0,0,0,0,0,0,0,0
1781923318163,Executor2,Stage1-3-0,0,0,0,0,0,0,0,0
1781923318176,Executor2,Stage1-3-0,0,0,0,0,0,0,0,0
1781923318204,Executor7,Stage1-1-0,0,0,0,0,0,0,0,0
1781923318367,Executor1,Stage1-2-0,0,0,0,0,0,0,0,0
1781923318370,Executor0,Stage0-0-0,0,0,0,0,0,0,0,0
1781923318615,nx-q0-nexmark-sponge-q0-20260619-213819-213914,Executor3,Stage1-0-0,0,12796,0,112384,21883,1543561,0,0
1781923318620,Executor3,Stage1-0-0,0,0,0,0,0,0,0,0
1781923318927,Executor0,Stage0-0-0,0,0,0,0,0,0,0,0
1781923318927,Executor0,Stage0-1-0,0,0,0,0,0,0,0,0
1781923318927,Executor0,Stage0-2-0,0,0,0,0,0,0,0,0
1781923318927,Executor0,Stage0-3-0,0,0,0,0,0,0,0,0
1781923318978,Executor1,Stage1-0-0,0,0,0,0,0,0,0,0
1781923319082,Executor7,Stage1-0-0,0,0,0,0,0,0,0,0
1781923319163,Executor2,Stage1-3-0,0,0,0,0,0,0,0,0
1781923319176,Executor2,Stage1-3-0,0,0,0,0,0,0,0,0
1781923319204,Executor7,Stage1-1-0,0,0,0,0,0,0,0,0
1781923319367,Executor1,Stage1-2-0,0,0,0,0,0,0,0,0
1781923319370,Executor0,Stage0-0-0,0,0,0,0,0,0,0,0
1781923319615,nx-q0-nexmark-sponge-q0-20260619-213819-213914,Executor3,Stage1-0-0,0,12096,0,105996,19874,1458305,0,0
1781923319620,Executor3,Stage1-0-0,0,0,0,0,0,0,0,0
1781923319927,Executor0,Stage0-0-0,0,0,0,0,0,0,0,0
1781923319927,Executor0,Stage0-1-0,0,0,0,0,0,0,0,0
1781923319927,Executor0,Stage0-2-0,0,0,0,0,0,0,0,0
1781923319927,Executor0,Stage0-3-0,0,0,0,0,0,0,0,0
1781923319978,Executor1,Stage1-0-0,0,0,0,0,0,0,0,0
1781923320081,Executor7,Stage1-0-0,0,0,0,0,0,0,0,0
1781923320163,Executor2,Stage1-3-0,0,0,0,0,0,0,0,0
1781923320176,Executor2,Stage1-3-0,0,0,0,0,0,0,0,0
1781923320204,Executor7,Stage1-1-0,0,0,0,0,0,0,0,0
1781923320367,Executor1,Stage1-2-0,0,0,0,0,0,0,0,0
1781923320370,Executor0,Stage0-0-0,0,0,0,0,0,0,0,0
1781923320615,nx-q0-nexmark-sponge-q0-20260619-213819-213914,Executor3,Stage1-0-0,0,12769,0,77636,25376,1547114,0,0
1781923320620,Executor3,Stage1-0-0,0,0,0,0,0,0,0,0
1781923320927,Executor0,Stage0-0-0,0,0,0,0,0,0,0,0
1781923320927,Executor0,Stage0-1-0,0,0,0,0,0,0,0,0
1781923320927,Executor0,Stage0-2-0,0,0,0,0,0,0,0,0
1781923320927,Executor0,Stage0-3-0,0,0,0,0,0,0,0,0
1781923320978,Executor1,Stage1-0-0,0,0,0,0,0,0,0,0
1781923321081,Executor7,Stage1-0-0,0,0,0,0,0,0,0,0
1781923321163,Executor2,Stage1-3-0,0,0,0,0,0,0,0,0
1781923321176,Executor2,Stage1-3-0,0,0,0,0,0,0,0,0
1781923321204,Executor7,Stage1-1-0,0,0,0,0,0,0,0,0
1781923321367,Executor1,Stage1-2-0,0,0,0,0,0,0,0,0
1781923321370,Executor0,Stage0-0-0,0,0,0,0,0,0,0,0
1781923321615,nx-q0-nexmark-sponge-q0-20260619-213819-213914,Executor3,Stage1-0-0,0,12435,0,85782,16612,1498735,0,0
1781923321620,Executor3,Stage1-0-0,0,0,0,0,0,0,0,0
1781923321927,Executor0,Stage0-0-0,0,0,0,0,0,0,0,0
1781923321927,Executor0,Stage0-1-0,0,0,0,0,0,0,0,0
1781923321927,Executor0,Stage0-2-0,0,0,0,0,0,0,0,0
1781923321927,Executor0,Stage0-3-0,0,0,0,0,0,0,0,0
1781923321978,Executor1,Stage1-0-0,0,0,0,0,0,0,0,0
1781923322082,Executor7,Stage1-0-0,0,0,0,0,0,0,0,0
1781923322163,Executor2,Stage1-3-0,0,0,0,0,0,0,0,0
1781923322176,Executor2,Stage1-3-0,0,0,0,0,0,0,0,0
1781923322204,Executor7,Stage1-1-0,0,0,0,0,0,0,0,0
1781923322367,Executor1,Stage1-2-0,0,0,0,0,0,0,0,0
1781923322370,Executor0,Stage0-0-0,0,0,0,0,0,0,0,0
1781923322615,nx-q0-nexmark-sponge-q0-20260619-213819-213914,Executor3,Stage1-0-0,0,12428,0,69762,14492,1503500,0,0
1781923322620,Executor3,Stage1-0-0,0,0,0,0,0,0,0,0
1781923322927,Executor0,Stage0-0-0,0,0,0,0,0,0,0,0
1781923322927,Executor0,Stage0-1-0,0,0,0,0,0,0,0,0
1781923322927,Executor0,Stage0-2-0,0,0,0,0,0,0,0,0
1781923322927,Executor0,Stage0-3-0,0,0,0,0,0,0,0,0
1781923322978,Executor1,Stage1-0-0,0,0,0,0,0,0,0,0
1781923323082,Executor7,Stage1-0-0,0,0,0,0,0,0,0,0
1781923323163,Executor2,Stage1-3-0,0,0,0,0,0,0,0,0
1781923323176,Executor2,Stage1-3-0,0,0,0,0,0,0,0,0
1781923323204,Executor7,Stage1-1-0,0,0,0,0,0,0,0,0
1781923323367,Executor1,Stage1-2-0,0,0,0,0,0,0,0,0
1781923323370,Executor0,Stage0-0-0,0,0,0,0,0,0,0,0
1781923323615,nx-q0-nexmark-sponge-q0-20260619-213819-213914,Executor3,Stage1-0-0,0,12477,0,69153,14399,1506644,0,0
1781923323620,Executor3,Stage1-0-0,0,0,0,0,0,0,0,0
1781923323927,Executor0,Stage0-0-0,0,0,0,0,0,0,0,0
1781923323927,Executor0,Stage0-1-0,0,0,0,0,0,0,0,0
1781923323927,Executor0,Stage0-2-0,0,0,0,0,0,0,0,0
1781923323927,Executor0,Stage0-3-0,0,0,0,0,0,0,0,0
1781923323978,Executor1,Stage1-0-0,0,0,0,0,0,0,0,0
1781923324082,Executor7,Stage1-0-0,0,0,0,0,0,0,0,0
1781923324163,Executor2,Stage1-3-0,0,0,0,0,0,0,0,0
1781923324176,Executor2,Stage1-3-0,0,0,0,0,0,0,0,0
1781923324204,Executor7,Stage1-1-0,0,0,0,0,0,0,0,0
1781923324367,Executor1,Stage1-2-0,0,0,0,0,0,0,0,0
1781923324370,Executor0,Stage0-0-0,0,0,0,0,0,0,0,0
1781923324615,nx-q0-nexmark-sponge-q0-20260619-213819-213914,Executor3,Stage1-0-0,0,12427,0,84522,15265,1501631,0,0
1781923324620,Executor3,Stage1-0-0,0,0,0,0,0,0,0,0
1781923324927,Executor0,Stage0-0-0,0,0,0,0,0,0,0,0
1781923324927,Executor0,Stage0-1-0,0,0,0,0,0,0,0,0
1781923324927,Executor0,Stage0-2-0,0,0,0,0,0,0,0,0
1781923324927,Executor0,Stage0-3-0,0,0,0,0,0,0,0,0
1781923324978,Executor1,Stage1-0-0,0,0,0,0,0,0,0,0
1781923325082,Executor7,Stage1-0-0,0,0,0,0,0,0,0,0
1781923325163,Executor2,Stage1-3-0,0,0,0,0,0,0,0,0
1781923325176,Executor2,Stage1-3-0,0,0,0,0,0,0,0,0
1781923325204,Executor7,Stage1-1-0,0,0,0,0,0,0,0,0
1781923325367,Executor1,Stage1-2-0,0,0,0,0,0,0,0,0
1781923325370,Executor0,Stage0-0-0,0,0,0,0,0,0,0,0
1781923325616,nx-q0-nexmark-sponge-q0-20260619-213819-213914,Executor3,Stage1-0-0,0,12011,0,85009,14795,1456465,0,0
1781923325620,Executor3,Stage1-0-0,0,0,0,0,0,0,0,0
1781923325927,Executor0,Stage0-0-0,0,0,0,0,0,0,0,0
1781923325927,Executor0,Stage0-1-0,0,0,0,0,0,0,0,0
1781923325927,Executor0,Stage0-2-0,0,0,0,0,0,0,0,0
1781923325927,Executor0,Stage0-3-0,0,0,0,0,0,0,0,0
1781923325978,Executor1,Stage1-0-0,0,0,0,0,0,0,0,0
1781923326082,Executor7,Stage1-0-0,0,0,0,0,0,0,0,0
1781923326163,Executor2,Stage1-3-0,0,0,0,0,0,0,0,0
1781923326176,Executor2,Stage1-3-0,0,0,0,0,0,0,0,0
1781923326204,Executor7,Stage1-1-0,0,0,0,0,0,0,0,0
1781923326367,Executor1,Stage1-2-0,0,0,0,0,0,0,0,0
1781923326370,Executor0,Stage0-0-0,0,0,0,0,0,0,0,0
1781923326615,nx-q0-nexmark-sponge-q0-20260619-213819-213914,Executor3,Stage1-0-0,0,12622,0,84405,16934,1522479,0,0
1781923326620,Executor3,Stage1-0-0,0,0,0,0,0,0,0,0
1781923326927,Executor0,Stage0-0-0,0,0,0,0,0,0,0,0
1781923326927,Executor0,Stage0-1-0,0,0,0,0,0,0,0,0
1781923326927,Executor0,Stage0-2-0,0,0,0,0,0,0,0,0
1781923326927,Executor0,Stage0-3-0,0,0,0,0,0,0,0,0
1781923326978,Executor1,Stage1-0-0,0,0,0,0,0,0,0,0
1781923327081,Executor7,Stage1-0-0,0,0,0,0,0,0,0,0
1781923327163,Executor2,Stage1-3-0,0,0,0,0,0,0,0,0
1781923327176,Executor2,Stage1-3-0,0,0,0,0,0,0,0,0
1781923327204,Executor7,Stage1-1-0,0,0,0,0,0,0,0,0
1781923327367,Executor1,Stage1-2-0,0,0,0,0,0,0,0,0
1781923327370,Executor0,Stage0-0-0,0,0,0,0,0,0,0,0
1781923327615,nx-q0-nexmark-sponge-q0-20260619-213819-213914,Executor3,Stage1-0-0,0,12939,0,77208,14565,1564077,0,0
1781923327620,Executor3,Stage1-0-0,0,0,0,0,0,0,0,0
1781923327927,Executor0,Stage0-0-0,0,0,0,0,0,0,0,0
1781923327927,Executor0,Stage0-1-0,0,0,0,0,0,0,0,0
1781923327927,Executor0,Stage0-2-0,0,0,0,0,0,0,0,0
1781923327927,Executor0,Stage0-3-0,0,0,0,0,0,0,0,0
1781923327978,Executor1,Stage1-0-0,0,0,0,0,0,0,0,0
1781923328081,Executor7,Stage1-0-0,0,0,0,0,0,0,0,0
1781923328163,Executor2,Stage1-3-0,0,0,0,0,0,0,0,0
1781923328176,Executor2,Stage1-3-0,0,0,0,0,0,0,0,0
1781923328204,Executor7,Stage1-1-0,0,0,0,0,0,0,0,0
1781923328367,Executor1,Stage1-2-0,0,0,0,0,0,0,0,0
1781923328370,Executor0,Stage0-0-0,0,0,0,0,0,0,0,0
1781923328615,nx-q0-nexmark-sponge-q0-20260619-213819-213914,Executor3,Stage1-0-0,0,12471,0,71610,14713,1507879,0,0
1781923328620,Executor3,Stage1-0-0,0,0,0,0,0,0,0,0
1781923328927,Executor0,Stage0-0-0,0,0,0,0,0,0,0,0
1781923328927,Executor0,Stage0-1-0,0,0,0,0,0,0,0,0
1781923328927,Executor0,Stage0-2-0,0,0,0,0,0,0,0,0
1781923328927,Executor0,Stage0-3-0,0,0,0,0,0,0,0,0
1781923328978,Executor1,Stage1-0-0,0,0,0,0,0,0,0,0
1781923329081,Executor7,Stage1-0-0,0,0,0,0,0,0,0,0
1781923329163,Executor2,Stage1-3-0,0,0,0,0,0,0,0,0
1781923329176,Executor2,Stage1-3-0,0,0,0,0,0,0,0,0
1781923329204,Executor7,Stage1-1-0,0,0,0,0,0,0,0,0
1781923329367,Executor1,Stage1-2-0,0,0,0,0,0,0,0,0
1781923329370,Executor0,Stage0-0-0,0,0,0,0,0,0,0,0
1781923329616,nx-q0-nexmark-sponge-q0-20260619-213819-213914,Executor3,Stage1-0-0,0,12452,0,82652,16272,1501400,0,0
1781923329620,Executor3,Stage1-0-0,0,0,0,0,0,0,0,0
1781923329927,Executor0,Stage0-0-0,0,0,0,0,0,0,0,0
1781923329927,Executor0,Stage0-1-0,0,0,0,0,0,0,0,0
1781923329927,Executor0,Stage0-2-0,0,0,0,0,0,0,0,0
1781923329927,Executor0,Stage0-3-0,0,0,0,0,0,0,0,0
1781923329978,Executor1,Stage1-0-0,0,0,0,0,0,0,0,0
1781923330081,Executor7,Stage1-0-0,0,0,0,0,0,0,0,0
1781923330163,Executor2,Stage1-3-0,0,0,0,0,0,0,0,0
1781923330176,Executor2,Stage1-3-0,0,0,0,0,0,0,0,0
1781923330204,Executor7,Stage1-1-0,0,0,0,0,0,0,0,0
1781923330367,Executor1,Stage1-2-0,0,0,0,0,0,0,0,0
1781923330370,Executor0,Stage0-0-0,0,0,0,0,0,0,0,0
1781923330620,Executor3,Stage1-0-0,0,0,0,0,0,0,0,0
1781923330927,Executor0,Stage0-0-0,0,0,0,0,0,0,0,0
1781923330927,Executor0,Stage0-1-0,0,0,0,0,0,0,0,0
1781923330927,Executor0,Stage0-2-0,0,0,0,0,0,0,0,0
1781923330927,Executor0,Stage0-3-0,0,0,0,0,0,0,0,0
1781923330978,Executor1,Stage1-0-0,0,0,0,0,0,0,0,0
1781923331082,Executor7,Stage1-0-0,0,0,0,0,0,0,0,0
1781923331163,Executor2,Stage1-3-0,0,0,0,0,0,0,0,0
1781923331176,Executor2,Stage1-3-0,0,0,0,0,0,0,0,0
1781923331204,Executor7,Stage1-1-0,0,0,0,0,0,0,0,0
1781923331367,Executor1,Stage1-2-0,0,0,0,0,0,0,0,0
1781923331370,Executor0,Stage0-0-0,0,0,0,0,0,0,0,0
1781923331620,Executor3,Stage1-0-0,0,0,0,0,0,0,0,0
1781923331927,Executor0,Stage0-0-0,0,0,0,0,0,0,0,0
1781923331927,Executor0,Stage0-1-0,0,0,0,0,0,0,0,0
1781923331927,Executor0,Stage0-2-0,0,0,0,0,0,0,0,0
1781923331927,Executor0,Stage0-3-0,0,0,0,0,0,0,0,0
1781923331978,Executor1,Stage1-0-0,0,0,0,0,0,0,0,0
1781923332081,Executor7,Stage1-0-0,0,0,0,0,0,0,0,0
1781923332163,Executor2,Stage1-3-0,0,0,0,0,0,0,0,0
1781923332176,Executor2,Stage1-3-0,0,0,0,0,0,0,0,0
1781923332204,Executor7,Stage1-1-0,0,0,0,0,0,0,0,0
1781923332367,Executor1,Stage1-2-0,0,0,0,0,0,0,0,0
1781923332370,Executor0,Stage0-0-0,0,0,0,0,0,0,0,0
1781923332620,Executor3,Stage1-0-0,0,0,0,0,0,0,0,0
1781923332927,Executor0,Stage0-0-0,0,0,0,0,0,0,0,0
1781923332927,Executor0,Stage0-1-0,0,0,0,0,0,0,0,0
1781923332927,Executor0,Stage0-2-0,0,0,0,0,0,0,0,0
1781923332927,Executor0,Stage0-3-0,0,0,0,0,0,0,0,0
1781923332978,Executor1,Stage1-0-0,0,0,0,0,0,0,0,0
1781923333081,Executor7,Stage1-0-0,0,0,0,0,0,0,0,0
1781923333163,Executor2,Stage1-3-0,0,0,0,0,0,0,0,0
1781923333176,Executor2,Stage1-3-0,0,0,0,0,0,0,0,0
1781923333204,Executor7,Stage1-1-0,0,0,0,0,0,0,0,0
1781923333367,Executor1,Stage1-2-0,0,0,0,0,0,0,0,0
1781923333370,Executor0,Stage0-0-0,0,0,0,0,0,0,0,0
1781923333620,Executor3,Stage1-0-0,0,0,0,0,0,0,0,0
1781923333927,Executor0,Stage0-0-0,0,0,0,0,0,0,0,0
1781923333927,Executor0,Stage0-1-0,0,0,0,0,0,0,0,0
1781923333927,Executor0,Stage0-2-0,0,0,0,0,0,0,0,0
1781923333927,Executor0,Stage0-3-0,0,0,0,0,0,0,0,0
1781923333978,Executor1,Stage1-0-0,0,0,0,0,0,0,0,0
1781923334082,Executor7,Stage1-0-0,0,0,0,0,0,0,0,0
1781923334163,Executor2,Stage1-3-0,0,0,0,0,0,0,0,0
1781923334176,Executor2,Stage1-3-0,0,0,0,0,0,0,0,0
1781923334204,Executor7,Stage1-1-0,0,0,0,0,0,0,0,0
1781923334367,Executor1,Stage1-2-0,0,0,0,0,0,0,0,0
1781923334370,Executor0,Stage0-0-0,0,0,0,0,0,0,0,0
1781923334620,Executor3,Stage1-0-0,0,0,0,0,0,0,0,0
1781923334927,Executor0,Stage0-0-0,0,0,0,0,0,0,0,0
1781923334927,Executor0,Stage0-1-0,0,0,0,0,0,0,0,0
1781923334927,Executor0,Stage0-2-0,0,0,0,0,0,0,0,0
1781923334927,Executor0,Stage0-3-0,0,0,0,0,0,0,0,0
1781923334978,Executor1,Stage1-0-0,0,0,0,0,0,0,0,0
1781923335081,Executor7,Stage1-0-0,0,0,0,0,0,0,0,0
1781923335163,Executor2,Stage1-3-0,0,0,0,0,0,0,0,0
1781923335176,Executor2,Stage1-3-0,0,0,0,0,0,0,0,0
1781923335204,Executor7,Stage1-1-0,0,0,0,0,0,0,0,0
1781923335367,Executor1,Stage1-2-0,0,0,0,0,0,0,0,0
1781923335370,Executor0,Stage0-0-0,0,0,0,0,0,0,0,0
1781923335620,Executor3,Stage1-0-0,0,0,0,0,0,0,0,0
1781923335927,Executor0,Stage0-0-0,0,0,0,0,0,0,0,0
1781923335927,Executor0,Stage0-1-0,0,0,0,0,0,0,0,0
1781923335927,Executor0,Stage0-2-0,0,0,0,0,0,0,0,0
1781923335927,Executor0,Stage0-3-0,0,0,0,0,0,0,0,0
1781923335978,Executor1,Stage1-0-0,0,0,0,0,0,0,0,0
1781923336081,Executor7,Stage1-0-0,0,0,0,0,0,0,0,0
1781923336163,Executor2,Stage1-3-0,0,0,0,0,0,0,0,0
1781923336176,Executor2,Stage1-3-0,0,0,0,0,0,0,0,0
1781923336204,Executor7,Stage1-1-0,0,0,0,0,0,0,0,0
1781923336367,Executor1,Stage1-2-0,0,0,0,0,0,0,0,0
1781923336370,Executor0,Stage0-0-0,0,0,0,0,0,0,0,0
1781923336620,Executor3,Stage1-0-0,0,0,0,0,0,0,0,0
1781923336927,Executor0,Stage0-0-0,0,0,0,0,0,0,0,0
1781923336927,Executor0,Stage0-1-0,0,0,0,0,0,0,0,0
1781923336927,Executor0,Stage0-2-0,0,0,0,0,0,0,0,0
1781923336927,Executor0,Stage0-3-0,0,0,0,0,0,0,0,0
1781923336978,Executor1,Stage1-0-0,0,0,0,0,0,0,0,0
1781923337082,Executor7,Stage1-0-0,0,0,0,0,0,0,0,0
1781923337163,Executor2,Stage1-3-0,0,0,0,0,0,0,0,0
1781923337176,Executor2,Stage1-3-0,0,0,0,0,0,0,0,0
1781923337204,Executor7,Stage1-1-0,0,0,0,0,0,0,0,0
1781923337367,Executor1,Stage1-2-0,0,0,0,0,0,0,0,0
1781923337370,Executor0,Stage0-0-0,0,0,0,0,0,0,0,0
1781923337620,Executor3,Stage1-0-0,0,0,0,0,0,0,0,0
1781923337927,Executor0,Stage0-0-0,0,0,0,0,0,0,0,0
1781923337927,Executor0,Stage0-1-0,0,0,0,0,0,0,0,0
1781923337927,Executor0,Stage0-2-0,0,0,0,0,0,0,0,0
1781923337927,Executor0,Stage0-3-0,0,0,0,0,0,0,0,0
1781923337978,Executor1,Stage1-0-0,0,0,0,0,0,0,0,0
1781923338081,Executor7,Stage1-0-0,0,0,0,0,0,0,0,0
1781923338163,Executor2,Stage1-3-0,0,0,0,0,0,0,0,0
1781923338176,Executor2,Stage1-3-0,0,0,0,0,0,0,0,0
1781923338204,Executor7,Stage1-1-0,0,0,0,0,0,0,0,0
1781923338367,Executor1,Stage1-2-0,0,0,0,0,0,0,0,0
1781923338370,Executor0,Stage0-0-0,0,0,0,0,0,0,0,0
1781923338620,Executor3,Stage1-0-0,0,0,0,0,0,0,0,0
1781923338927,Executor0,Stage0-0-0,0,0,0,0,0,0,0,0
1781923338927,Executor0,Stage0-1-0,0,0,0,0,0,0,0,0
1781923338927,Executor0,Stage0-2-0,0,0,0,0,0,0,0,0
1781923338927,Executor0,Stage0-3-0,0,0,0,0,0,0,0,0
1781923338978,Executor1,Stage1-0-0,0,0,0,0,0,0,0,0
1781923339081,Executor7,Stage1-0-0,0,0,0,0,0,0,0,0
1781923339163,Executor2,Stage1-3-0,0,0,0,0,0,0,0,0
1781923339176,Executor2,Stage1-3-0,0,0,0,0,0,0,0,0
1781923339204,Executor7,Stage1-1-0,0,0,0,0,0,0,0,0
1781923339367,Executor1,Stage1-2-0,0,0,0,0,0,0,0,0
1781923339370,Executor0,Stage0-0-0,0,0,0,0,0,0,0,0
1781923339620,Executor3,Stage1-0-0,0,0,0,0,0,0,0,0
1781923339927,Executor0,Stage0-0-0,0,0,0,0,0,0,0,0
1781923339927,Executor0,Stage0-1-0,0,0,0,0,0,0,0,0
1781923339927,Executor0,Stage0-2-0,0,0,0,0,0,0,0,0
1781923339927,Executor0,Stage0-3-0,0,0,0,0,0,0,0,0
1781923339978,Executor1,Stage1-0-0,0,0,0,0,0,0,0,0
1781923340081,Executor7,Stage1-0-0,0,0,0,0,0,0,0,0
1781923340163,Executor2,Stage1-3-0,0,0,0,0,0,0,0,0
1781923340176,Executor2,Stage1-3-0,0,0,0,0,0,0,0,0
1781923340204,Executor7,Stage1-1-0,0,0,0,0,0,0,0,0
1781923340367,Executor1,Stage1-2-0,0,0,0,0,0,0,0,0
1781923340370,Executor0,Stage0-0-0,0,0,0,0,0,0,0,0
1781923340620,Executor3,Stage1-0-0,0,0,0,0,0,0,0,0
1781923340927,Executor0,Stage0-0-0,0,0,0,0,0,0,0,0
1781923340927,Executor0,Stage0-1-0,0,0,0,0,0,0,0,0
1781923340927,Executor0,Stage0-2-0,0,0,0,0,0,0,0,0
1781923340927,Executor0,Stage0-3-0,0,0,0,0,0,0,0,0
1781923340978,Executor1,Stage1-0-0,0,0,0,0,0,0,0,0
1781923341081,Executor7,Stage1-0-0,0,0,0,0,0,0,0,0
1781923341163,Executor2,Stage1-3-0,0,0,0,0,0,0,0,0
1781923341176,Executor2,Stage1-3-0,0,0,0,0,0,0,0,0
1781923341204,Executor7,Stage1-1-0,0,0,0,0,0,0,0,0
1781923341367,Executor1,Stage1-2-0,0,0,0,0,0,0,0,0
1781923341370,Executor0,Stage0-0-0,0,0,0,0,0,0,0,0
1781923341620,Executor3,Stage1-0-0,0,0,0,0,0,0,0,0
1781923341927,Executor0,Stage0-0-0,0,0,0,0,0,0,0,0
1781923341927,Executor0,Stage0-1-0,0,0,0,0,0,0,0,0
1781923341927,Executor0,Stage0-2-0,0,0,0,0,0,0,0,0
1781923341927,Executor0,Stage0-3-0,0,0,0,0,0,0,0,0
1781923341978,Executor1,Stage1-0-0,0,0,0,0,0,0,0,0
1781923342082,Executor7,Stage1-0-0,0,0,0,0,0,0,0,0
1781923342163,Executor2,Stage1-3-0,0,0,0,0,0,0,0,0
1781923342176,Executor2,Stage1-3-0,0,0,0,0,0,0,0,0
1781923342204,Executor7,Stage1-1-0,0,0,0,0,0,0,0,0
1781923342367,Executor1,Stage1-2-0,0,0,0,0,0,0,0,0
1781923342370,Executor0,Stage0-0-0,0,0,0,0,0,0,0,0
1781923342620,Executor3,Stage1-0-0,0,0,0,0,0,0,0,0
1781923342927,Executor0,Stage0-0-0,0,0,0,0,0,0,0,0
1781923342927,Executor0,Stage0-1-0,0,0,0,0,0,0,0,0
1781923342927,Executor0,Stage0-2-0,0,0,0,0,0,0,0,0
1781923342927,Executor0,Stage0-3-0,0,0,0,0,0,0,0,0
1781923342978,Executor1,Stage1-0-0,0,0,0,0,0,0,0,0
1781923343082,Executor7,Stage1-0-0,0,0,0,0,0,0,0,0
1781923343163,Executor2,Stage1-3-0,0,0,0,0,0,0,0,0
1781923343176,Executor2,Stage1-3-0,0,0,0,0,0,0,0,0
1781923343204,Executor7,Stage1-1-0,0,0,0,0,0,0,0,0
1781923343367,Executor1,Stage1-2-0,0,0,0,0,0,0,0,0
1781923343370,Executor0,Stage0-0-0,0,0,0,0,0,0,0,0
1781923343620,Executor3,Stage1-0-0,0,0,0,0,0,0,0,0
1781923343927,Executor0,Stage0-0-0,0,0,0,0,0,0,0,0
1781923343927,Executor0,Stage0-1-0,0,0,0,0,0,0,0,0
1781923343927,Executor0,Stage0-2-0,0,0,0,0,0,0,0,0
1781923343927,Executor0,Stage0-3-0,0,0,0,0,0,0,0,0
1781923343978,Executor1,Stage1-0-0,0,0,0,0,0,0,0,0
1781923344082,Executor7,Stage1-0-0,0,0,0,0,0,0,0,0
1781923344163,Executor2,Stage1-3-0,0,0,0,0,0,0,0,0
1781923344176,Executor2,Stage1-3-0,0,0,0,0,0,0,0,0
1781923344204,Executor7,Stage1-1-0,0,0,0,0,0,0,0,0
1781923344367,Executor1,Stage1-2-0,0,0,0,0,0,0,0,0
1781923344370,Executor0,Stage0-0-0,0,0,0,0,0,0,0,0
1781923344620,Executor3,Stage1-0-0,0,0,0,0,0,0,0,0
1781923344927,Executor0,Stage0-0-0,0,0,0,0,0,0,0,0
1781923344927,Executor0,Stage0-1-0,0,0,0,0,0,0,0,0
1781923344927,Executor0,Stage0-2-0,0,0,0,0,0,0,0,0
1781923344927,Executor0,Stage0-3-0,0,0,0,0,0,0,0,0
1781923344978,Executor1,Stage1-0-0,0,0,0,0,0,0,0,0
1781923345082,Executor7,Stage1-0-0,0,0,0,0,0,0,0,0
1781923345163,Executor2,Stage1-3-0,0,0,0,0,0,0,0,0
1781923345176,Executor2,Stage1-3-0,0,0,0,0,0,0,0,0
1781923345204,Executor7,Stage1-1-0,0,0,0,0,0,0,0,0
1781923345367,Executor1,Stage1-2-0,0,0,0,0,0,0,0,0
1781923345370,Executor0,Stage0-0-0,0,0,0,0,0,0,0,0
1781923345620,Executor3,Stage1-0-0,0,0,0,0,0,0,0,0
1781923345927,Executor0,Stage0-0-0,0,0,0,0,0,0,0,0
1781923345927,Executor0,Stage0-1-0,0,0,0,0,0,0,0,0
1781923345927,Executor0,Stage0-2-0,0,0,0,0,0,0,0,0
1781923345927,Executor0,Stage0-3-0,0,0,0,0,0,0,0,0
1781923345978,Executor1,Stage1-0-0,0,0,0,0,0,0,0,0
1781923346081,Executor7,Stage1-0-0,0,0,0,0,0,0,0,0
1781923346163,Executor2,Stage1-3-0,0,0,0,0,0,0,0,0
1781923346176,Executor2,Stage1-3-0,0,0,0,0,0,0,0,0
1781923346204,Executor7,Stage1-1-0,0,0,0,0,0,0,0,0
1781923346367,Executor1,Stage1-2-0,0,0,0,0,0,0,0,0
1781923346370,Executor0,Stage0-0-0,0,0,0,0,0,0,0,0
1781923346620,Executor3,Stage1-0-0,0,0,0,0,0,0,0,0
1781923346927,Executor0,Stage0-0-0,0,0,0,0,0,0,0,0
1781923346927,Executor0,Stage0-1-0,0,0,0,0,0,0,0,0
1781923346927,Executor0,Stage0-2-0,0,0,0,0,0,0,0,0
1781923346927,Executor0,Stage0-3-0,0,0,0,0,0,0,0,0
1781923346978,Executor1,Stage1-0-0,0,0,0,0,0,0,0,0
1781923347082,Executor7,Stage1-0-0,0,0,0,0,0,0,0,0
1781923347163,Executor2,Stage1-3-0,0,0,0,0,0,0,0,0
1781923347176,Executor2,Stage1-3-0,0,0,0,0,0,0,0,0
1781923347204,Executor7,Stage1-1-0,0,0,0,0,0,0,0,0
1781923347367,Executor1,Stage1-2-0,0,0,0,0,0,0,0,0
1781923347370,Executor0,Stage0-0-0,0,0,0,0,0,0,0,0
1781923347620,Executor3,Stage1-0-0,0,0,0,0,0,0,0,0
1781923347927,Executor0,Stage0-0-0,0,0,0,0,0,0,0,0
1781923347927,Executor0,Stage0-1-0,0,0,0,0,0,0,0,0
1781923347927,Executor0,Stage0-2-0,0,0,0,0,0,0,0,0
1781923347927,Executor0,Stage0-3-0,0,0,0,0,0,0,0,0
1781923347978,Executor1,Stage1-0-0,0,0,0,0,0,0,0,0
1781923348082,Executor7,Stage1-0-0,0,0,0,0,0,0,0,0
1781923348163,Executor2,Stage1-3-0,0,0,0,0,0,0,0,0
1781923348176,Executor2,Stage1-3-0,0,0,0,0,0,0,0,0
1781923348204,Executor7,Stage1-1-0,0,0,0,0,0,0,0,0
1781923348367,Executor1,Stage1-2-0,0,0,0,0,0,0,0,0
1781923348370,Executor0,Stage0-0-0,0,0,0,0,0,0,0,0
1781923348620,Executor3,Stage1-0-0,0,0,0,0,0,0,0,0
1781923348927,Executor0,Stage0-0-0,0,0,0,0,0,0,0,0
1781923348927,Executor0,Stage0-1-0,0,0,0,0,0,0,0,0
1781923348927,Executor0,Stage0-2-0,0,0,0,0,0,0,0,0
1781923348927,Executor0,Stage0-3-0,0,0,0,0,0,0,0,0
1781923348978,Executor1,Stage1-0-0,0,0,0,0,0,0,0,0
1781923349081,Executor7,Stage1-0-0,0,0,0,0,0,0,0,0
1781923349163,Executor2,Stage1-3-0,0,0,0,0,0,0,0,0
1781923349176,Executor2,Stage1-3-0,0,0,0,0,0,0,0,0
1781923349204,Executor7,Stage1-1-0,0,0,0,0,0,0,0,0
1781923349438,Executor1,Stage1-2-0,0,0,0,0,0,0,0,0
1781923349438,Executor0,Stage0-0-0,0,0,0,0,0,0,0,0
1781923349620,Executor3,Stage1-0-0,0,0,0,0,0,0,0,0
1781923349927,Executor0,Stage0-0-0,0,0,0,0,0,0,0,0
1781923349927,Executor0,Stage0-1-0,0,0,0,0,0,0,0,0
1781923349927,Executor0,Stage0-2-0,0,0,0,0,0,0,0,0
1781923349927,Executor0,Stage0-3-0,0,0,0,0,0,0,0,0
1781923349978,Executor1,Stage1-0-0,0,0,0,0,0,0,0,0
1781923350082,Executor7,Stage1-0-0,0,0,0,0,0,0,0,0
1781923350163,Executor2,Stage1-3-0,0,0,0,0,0,0,0,0
1781923350176,Executor2,Stage1-3-0,0,0,0,0,0,0,0,0
1781923350204,Executor7,Stage1-1-0,0,0,0,0,0,0,0,0
1781923350367,Executor1,Stage1-2-0,0,0,0,0,0,0,0,0
1781923350370,Executor0,Stage0-0-0,0,0,0,0,0,0,0,0
1781923350620,Executor3,Stage1-0-0,0,0,0,0,0,0,0,0
1781923350927,Executor0,Stage0-0-0,0,0,0,0,0,0,0,0
1781923350927,Executor0,Stage0-1-0,0,0,0,0,0,0,0,0
1781923350927,Executor0,Stage0-2-0,0,0,0,0,0,0,0,0
1781923350927,Executor0,Stage0-3-0,0,0,0,0,0,0,0,0
1781923350978,Executor1,Stage1-0-0,0,0,0,0,0,0,0,0
1781923351082,Executor7,Stage1-0-0,0,0,0,0,0,0,0,0
1781923351163,Executor2,Stage1-3-0,0,0,0,0,0,0,0,0
1781923351176,Executor2,Stage1-3-0,0,0,0,0,0,0,0,0
1781923351204,Executor7,Stage1-1-0,0,0,0,0,0,0,0,0
1781923351367,Executor1,Stage1-2-0,0,0,0,0,0,0,0,0
1781923351370,Executor0,Stage0-0-0,0,0,0,0,0,0,0,0
1781923351620,Executor3,Stage1-0-0,0,0,0,0,0,0,0,0
1781923351927,Executor0,Stage0-0-0,0,0,0,0,0,0,0,0
1781923351927,Executor0,Stage0-1-0,0,0,0,0,0,0,0,0
1781923351927,Executor0,Stage0-2-0,0,0,0,0,0,0,0,0
1781923351927,Executor0,Stage0-3-0,0,0,0,0,0,0,0,0
1781923351978,Executor1,Stage1-0-0,0,0,0,0,0,0,0,0
1781923352082,Executor7,Stage1-0-0,0,0,0,0,0,0,0,0
1781923352163,Executor2,Stage1-3-0,0,0,0,0,0,0,0,0
1781923352176,Executor2,Stage1-3-0,0,0,0,0,0,0,0,0
1781923352204,Executor7,Stage1-1-0,0,0,0,0,0,0,0,0
1781923352367,Executor1,Stage1-2-0,0,0,0,0,0,0,0,0
1781923352370,Executor0,Stage0-0-0,0,0,0,0,0,0,0,0
1781923352620,Executor3,Stage1-0-0,0,0,0,0,0,0,0,0
1781923352927,Executor0,Stage0-0-0,0,0,0,0,0,0,0,0
1781923352927,Executor0,Stage0-1-0,0,0,0,0,0,0,0,0
1781923352927,Executor0,Stage0-2-0,0,0,0,0,0,0,0,0
1781923352927,Executor0,Stage0-3-0,0,0,0,0,0,0,0,0
1781923352978,Executor1,Stage1-0-0,0,0,0,0,0,0,0,0
1781923353082,Executor7,Stage1-0-0,0,0,0,0,0,0,0,0
1781923353163,Executor2,Stage1-3-0,0,0,0,0,0,0,0,0
1781923353176,Executor2,Stage1-3-0,0,0,0,0,0,0,0,0
1781923353204,Executor7,Stage1-1-0,0,0,0,0,0,0,0,0
1781923353367,Executor1,Stage1-2-0,0,0,0,0,0,0,0,0
1781923353370,Executor0,Stage0-0-0,0,0,0,0,0,0,0,0
1781923353620,Executor3,Stage1-0-0,0,0,0,0,0,0,0,0
1781923353927,Executor0,Stage0-0-0,0,0,0,0,0,0,0,0
1781923353927,Executor0,Stage0-1-0,0,0,0,0,0,0,0,0
1781923353927,Executor0,Stage0-2-0,0,0,0,0,0,0,0,0
1781923353927,Executor0,Stage0-3-0,0,0,0,0,0,0,0,0
1781923353978,Executor1,Stage1-0-0,0,0,0,0,0,0,0,0
1781923354081,Executor7,Stage1-0-0,0,0,0,0,0,0,0,0
1781923354163,Executor2,Stage1-3-0,0,0,0,0,0,0,0,0
1781923354176,Executor2,Stage1-3-0,0,0,0,0,0,0,0,0
1781923354204,Executor7,Stage1-1-0,0,0,0,0,0,0,0,0
1781923354367,Executor1,Stage1-2-0,0,0,0,0,0,0,0,0
1781923354370,Executor0,Stage0-0-0,0,0,0,0,0,0,0,0
1781923354620,Executor3,Stage1-0-0,0,0,0,0,0,0,0,0
1781923354927,Executor0,Stage0-0-0,0,0,0,0,0,0,0,0
1781923354927,Executor0,Stage0-1-0,0,0,0,0,0,0,0,0
1781923354927,Executor0,Stage0-2-0,0,0,0,0,0,0,0,0
1781923354927,Executor0,Stage0-3-0,0,0,0,0,0,0,0,0
1781923354978,Executor1,Stage1-0-0,0,0,0,0,0,0,0,0
1781923355082,Executor7,Stage1-0-0,0,0,0,0,0,0,0,0
1781923355163,Executor2,Stage1-3-0,0,0,0,0,0,0,0,0
1781923355176,Executor2,Stage1-3-0,0,0,0,0,0,0,0,0
1781923355204,Executor7,Stage1-1-0,0,0,0,0,0,0,0,0
1781923355367,Executor1,Stage1-2-0,0,0,0,0,0,0,0,0
1781923355370,Executor0,Stage0-0-0,0,0,0,0,0,0,0,0
1781923355620,Executor3,Stage1-0-0,0,0,0,0,0,0,0,0
1781923355927,Executor0,Stage0-0-0,0,0,0,0,0,0,0,0
1781923355927,Executor0,Stage0-1-0,0,0,0,0,0,0,0,0
1781923355927,Executor0,Stage0-2-0,0,0,0,0,0,0,0,0
1781923355927,Executor0,Stage0-3-0,0,0,0,0,0,0,0,0
1781923355978,Executor1,Stage1-0-0,0,0,0,0,0,0,0,0
1781923356082,Executor7,Stage1-0-0,0,0,0,0,0,0,0,0
1781923356163,Executor2,Stage1-3-0,0,0,0,0,0,0,0,0
1781923356176,Executor2,Stage1-3-0,0,0,0,0,0,0,0,0
1781923356204,Executor7,Stage1-1-0,0,0,0,0,0,0,0,0
1781923356367,Executor1,Stage1-2-0,0,0,0,0,0,0,0,0
1781923356370,Executor0,Stage0-0-0,0,0,0,0,0,0,0,0
1781923356620,Executor3,Stage1-0-0,0,0,0,0,0,0,0,0
1781923356927,Executor0,Stage0-0-0,0,0,0,0,0,0,0,0
1781923356927,Executor0,Stage0-1-0,0,0,0,0,0,0,0,0
1781923356927,Executor0,Stage0-2-0,0,0,0,0,0,0,0,0
1781923356927,Executor0,Stage0-3-0,0,0,0,0,0,0,0,0
1781923356978,Executor1,Stage1-0-0,0,0,0,0,0,0,0,0
1781923357082,Executor7,Stage1-0-0,0,0,0,0,0,0,0,0
1781923357163,Executor2,Stage1-3-0,0,0,0,0,0,0,0,0
1781923357176,Executor2,Stage1-3-0,0,0,0,0,0,0,0,0
1781923357204,Executor7,Stage1-1-0,0,0,0,0,0,0,0,0
1781923357367,Executor1,Stage1-2-0,0,0,0,0,0,0,0,0
1781923357370,Executor0,Stage0-0-0,0,0,0,0,0,0,0,0
1781923357620,Executor3,Stage1-0-0,0,0,0,0,0,0,0,0
1781923357927,Executor0,Stage0-0-0,0,0,0,0,0,0,0,0
1781923357927,Executor0,Stage0-1-0,0,0,0,0,0,0,0,0
1781923357927,Executor0,Stage0-2-0,0,0,0,0,0,0,0,0
1781923357927,Executor0,Stage0-3-0,0,0,0,0,0,0,0,0
1781923357978,Executor1,Stage1-0-0,0,0,0,0,0,0,0,0
1781923358082,Executor7,Stage1-0-0,0,0,0,0,0,0,0,0
1781923358163,Executor2,Stage1-3-0,0,0,0,0,0,0,0,0
1781923358176,Executor2,Stage1-3-0,0,0,0,0,0,0,0,0
1781923358204,Executor7,Stage1-1-0,0,0,0,0,0,0,0,0
1781923358367,Executor1,Stage1-2-0,0,0,0,0,0,0,0,0
1781923358370,Executor0,Stage0-0-0,0,0,0,0,0,0,0,0
1781923358620,Executor3,Stage1-0-0,0,0,0,0,0,0,0,0
1781923358927,Executor0,Stage0-0-0,0,0,0,0,0,0,0,0
1781923358927,Executor0,Stage0-1-0,0,0,0,0,0,0,0,0
1781923358927,Executor0,Stage0-2-0,0,0,0,0,0,0,0,0
1781923358927,Executor0,Stage0-3-0,0,0,0,0,0,0,0,0
1781923358978,Executor1,Stage1-0-0,0,0,0,0,0,0,0,0
1781923359082,Executor7,Stage1-0-0,0,0,0,0,0,0,0,0
1781923359163,Executor2,Stage1-3-0,0,0,0,0,0,0,0,0
1781923359176,Executor2,Stage1-3-0,0,0,0,0,0,0,0,0
1781923359204,Executor7,Stage1-1-0,0,0,0,0,0,0,0,0
1781923359367,Executor1,Stage1-2-0,0,0,0,0,0,0,0,0
1781923359370,Executor0,Stage0-0-0,0,0,0,0,0,0,0,0
1781923359620,Executor3,Stage1-0-0,0,0,0,0,0,0,0,0
1781923359927,Executor0,Stage0-0-0,0,0,0,0,0,0,0,0
1781923359927,Executor0,Stage0-1-0,0,0,0,0,0,0,0,0
1781923359927,Executor0,Stage0-2-0,0,0,0,0,0,0,0,0
1781923359927,Executor0,Stage0-3-0,0,0,0,0,0,0,0,0
1781923359978,Executor1,Stage1-0-0,0,0,0,0,0,0,0,0
1781923360081,Executor7,Stage1-0-0,0,0,0,0,0,0,0,0
1781923360163,Executor2,Stage1-3-0,0,0,0,0,0,0,0,0
1781923360176,Executor2,Stage1-3-0,0,0,0,0,0,0,0,0
1781923360204,Executor7,Stage1-1-0,0,0,0,0,0,0,0,0
1781923360367,Executor1,Stage1-2-0,0,0,0,0,0,0,0,0
1781923360370,Executor0,Stage0-0-0,0,0,0,0,0,0,0,0
1781923360620,Executor3,Stage1-0-0,0,0,0,0,0,0,0,0
1781923360927,Executor0,Stage0-0-0,0,0,0,0,0,0,0,0
1781923360927,Executor0,Stage0-1-0,0,0,0,0,0,0,0,0
1781923360927,Executor0,Stage0-2-0,0,0,0,0,0,0,0,0
1781923360927,Executor0,Stage0-3-0,0,0,0,0,0,0,0,0
1781923360978,Executor1,Stage1-0-0,0,0,0,0,0,0,0,0
1781923361082,Executor7,Stage1-0-0,0,0,0,0,0,0,0,0
1781923361163,Executor2,Stage1-3-0,0,0,0,0,0,0,0,0
1781923361176,Executor2,Stage1-3-0,0,0,0,0,0,0,0,0
1781923361204,Executor7,Stage1-1-0,0,0,0,0,0,0,0,0
1781923361367,Executor1,Stage1-2-0,0,0,0,0,0,0,0,0
1781923361370,Executor0,Stage0-0-0,0,0,0,0,0,0,0,0
1781923361620,Executor3,Stage1-0-0,0,0,0,0,0,0,0,0
1781923361927,Executor0,Stage0-0-0,0,0,0,0,0,0,0,0
1781923361927,Executor0,Stage0-1-0,0,0,0,0,0,0,0,0
1781923361927,Executor0,Stage0-2-0,0,0,0,0,0,0,0,0
1781923361927,Executor0,Stage0-3-0,0,0,0,0,0,0,0,0
1781923361978,Executor1,Stage1-0-0,0,0,0,0,0,0,0,0
1781923362082,Executor7,Stage1-0-0,0,0,0,0,0,0,0,0
1781923362163,Executor2,Stage1-3-0,0,0,0,0,0,0,0,0
1781923362176,Executor2,Stage1-3-0,0,0,0,0,0,0,0,0
1781923362204,Executor7,Stage1-1-0,0,0,0,0,0,0,0,0
1781923362367,Executor1,Stage1-2-0,0,0,0,0,0,0,0,0
1781923362370,Executor0,Stage0-0-0,0,0,0,0,0,0,0,0
1781923362620,Executor3,Stage1-0-0,0,0,0,0,0,0,0,0
1781923362927,Executor0,Stage0-0-0,0,0,0,0,0,0,0,0
1781923362927,Executor0,Stage0-1-0,0,0,0,0,0,0,0,0
1781923362927,Executor0,Stage0-2-0,0,0,0,0,0,0,0,0
1781923362927,Executor0,Stage0-3-0,0,0,0,0,0,0,0,0
1781923362978,Executor1,Stage1-0-0,0,0,0,0,0,0,0,0
1781923363082,Executor7,Stage1-0-0,0,0,0,0,0,0,0,0
1781923363163,Executor2,Stage1-3-0,0,0,0,0,0,0,0,0
1781923363176,Executor2,Stage1-3-0,0,0,0,0,0,0,0,0
1781923363204,Executor7,Stage1-1-0,0,0,0,0,0,0,0,0
1781923363367,Executor1,Stage1-2-0,0,0,0,0,0,0,0,0
1781923363370,Executor0,Stage0-0-0,0,0,0,0,0,0,0,0
1781923363620,Executor3,Stage1-0-0,0,0,0,0,0,0,0,0
1781923363927,Executor0,Stage0-0-0,0,0,0,0,0,0,0,0
1781923363927,Executor0,Stage0-1-0,0,0,0,0,0,0,0,0
1781923363927,Executor0,Stage0-2-0,0,0,0,0,0,0,0,0
1781923363927,Executor0,Stage0-3-0,0,0,0,0,0,0,0,0
1781923363978,Executor1,Stage1-0-0,0,0,0,0,0,0,0,0
1781923364082,Executor7,Stage1-0-0,0,0,0,0,0,0,0,0
1781923364163,Executor2,Stage1-3-0,0,0,0,0,0,0,0,0
1781923364176,Executor2,Stage1-3-0,0,0,0,0,0,0,0,0
1781923364204,Executor7,Stage1-1-0,0,0,0,0,0,0,0,0
1781923364367,Executor1,Stage1-2-0,0,0,0,0,0,0,0,0
1781923364370,Executor0,Stage0-0-0,0,0,0,0,0,0,0,0
1781923364620,Executor3,Stage1-0-0,0,0,0,0,0,0,0,0
1781923364927,Executor0,Stage0-0-0,0,0,0,0,0,0,0,0
1781923364927,Executor0,Stage0-1-0,0,0,0,0,0,0,0,0
1781923364927,Executor0,Stage0-2-0,0,0,0,0,0,0,0,0
1781923364927,Executor0,Stage0-3-0,0,0,0,0,0,0,0,0
1781923364978,Executor1,Stage1-0-0,0,0,0,0,0,0,0,0
1781923365082,Executor7,Stage1-0-0,0,0,0,0,0,0,0,0
1781923365163,Executor2,Stage1-3-0,0,0,0,0,0,0,0,0
1781923365176,Executor2,Stage1-3-0,0,0,0,0,0,0,0,0
1781923365204,Executor7,Stage1-1-0,0,0,0,0,0,0,0,0
1781923365367,Executor1,Stage1-2-0,0,0,0,0,0,0,0,0
1781923365370,Executor0,Stage0-0-0,0,0,0,0,0,0,0,0
1781923365620,Executor3,Stage1-0-0,0,0,0,0,0,0,0,0
1781923365927,Executor0,Stage0-0-0,0,0,0,0,0,0,0,0
1781923365927,Executor0,Stage0-1-0,0,0,0,0,0,0,0,0
1781923365927,Executor0,Stage0-2-0,0,0,0,0,0,0,0,0
1781923365927,Executor0,Stage0-3-0,0,0,0,0,0,0,0,0
1781923365978,Executor1,Stage1-0-0,0,0,0,0,0,0,0,0
1781923366082,Executor7,Stage1-0-0,0,0,0,0,0,0,0,0
1781923366163,Executor2,Stage1-3-0,0,0,0,0,0,0,0,0
1781923366176,Executor2,Stage1-3-0,0,0,0,0,0,0,0,0
1781923366204,Executor7,Stage1-1-0,0,0,0,0,0,0,0,0
1781923366367,Executor1,Stage1-2-0,0,0,0,0,0,0,0,0
1781923366370,Executor0,Stage0-0-0,0,0,0,0,0,0,0,0
1781923366620,Executor3,Stage1-0-0,0,0,0,0,0,0,0,0
1781923366927,Executor0,Stage0-0-0,0,0,0,0,0,0,0,0
1781923366927,Executor0,Stage0-1-0,0,0,0,0,0,0,0,0
1781923366927,Executor0,Stage0-2-0,0,0,0,0,0,0,0,0
1781923366927,Executor0,Stage0-3-0,0,0,0,0,0,0,0,0
1781923366978,Executor1,Stage1-0-0,0,0,0,0,0,0,0,0
1781923367082,Executor7,Stage1-0-0,0,0,0,0,0,0,0,0
1781923367163,Executor2,Stage1-3-0,0,0,0,0,0,0,0,0
1781923367176,Executor2,Stage1-3-0,0,0,0,0,0,0,0,0
1781923367204,Executor7,Stage1-1-0,0,0,0,0,0,0,0,0
1781923367367,Executor1,Stage1-2-0,0,0,0,0,0,0,0,0
1781923367370,Executor0,Stage0-0-0,0,0,0,0,0,0,0,0
1781923367620,Executor3,Stage1-0-0,0,0,0,0,0,0,0,0
1781923367927,Executor0,Stage0-0-0,0,0,0,0,0,0,0,0
1781923367927,Executor0,Stage0-1-0,0,0,0,0,0,0,0,0
1781923367927,Executor0,Stage0-2-0,0,0,0,0,0,0,0,0
1781923367927,Executor0,Stage0-3-0,0,0,0,0,0,0,0,0
1781923367978,Executor1,Stage1-0-0,0,0,0,0,0,0,0,0
1781923368082,Executor7,Stage1-0-0,0,0,0,0,0,0,0,0
1781923368163,Executor2,Stage1-3-0,0,0,0,0,0,0,0,0
1781923368176,Executor2,Stage1-3-0,0,0,0,0,0,0,0,0
1781923368204,Executor7,Stage1-1-0,0,0,0,0,0,0,0,0
1781923368367,Executor1,Stage1-2-0,0,0,0,0,0,0,0,0
1781923368370,Executor0,Stage0-0-0,0,0,0,0,0,0,0,0
1781923368620,Executor3,Stage1-0-0,0,0,0,0,0,0,0,0
1781923368927,Executor0,Stage0-0-0,0,0,0,0,0,0,0,0
1781923368927,Executor0,Stage0-1-0,0,0,0,0,0,0,0,0
1781923368927,Executor0,Stage0-2-0,0,0,0,0,0,0,0,0
1781923368927,Executor0,Stage0-3-0,0,0,0,0,0,0,0,0
1781923368978,Executor1,Stage1-0-0,0,0,0,0,0,0,0,0
1781923369081,Executor7,Stage1-0-0,0,0,0,0,0,0,0,0
1781923369163,Executor2,Stage1-3-0,0,0,0,0,0,0,0,0
1781923369176,Executor2,Stage1-3-0,0,0,0,0,0,0,0,0
1781923369204,Executor7,Stage1-1-0,0,0,0,0,0,0,0,0
1781923369367,Executor1,Stage1-2-0,0,0,0,0,0,0,0,0
1781923369370,Executor0,Stage0-0-0,0,0,0,0,0,0,0,0
1781923369620,Executor3,Stage1-0-0,0,0,0,0,0,0,0,0
1781923369927,Executor0,Stage0-0-0,0,0,0,0,0,0,0,0
1781923369927,Executor0,Stage0-1-0,0,0,0,0,0,0,0,0
1781923369927,Executor0,Stage0-2-0,0,0,0,0,0,0,0,0
1781923369927,Executor0,Stage0-3-0,0,0,0,0,0,0,0,0
1781923369978,Executor1,Stage1-0-0,0,0,0,0,0,0,0,0
1781923370082,Executor7,Stage1-0-0,0,0,0,0,0,0,0,0
1781923370163,Executor2,Stage1-3-0,0,0,0,0,0,0,0,0
1781923370176,Executor2,Stage1-3-0,0,0,0,0,0,0,0,0
1781923370204,Executor7,Stage1-1-0,0,0,0,0,0,0,0,0
1781923370367,Executor1,Stage1-2-0,0,0,0,0,0,0,0,0
1781923370370,Executor0,Stage0-0-0,0,0,0,0,0,0,0,0
1781923370620,Executor3,Stage1-0-0,0,0,0,0,0,0,0,0
1781923370927,Executor0,Stage0-0-0,0,0,0,0,0,0,0,0
1781923370927,Executor0,Stage0-1-0,0,0,0,0,0,0,0,0
1781923370927,Executor0,Stage0-2-0,0,0,0,0,0,0,0,0
1781923370927,Executor0,Stage0-3-0,0,0,0,0,0,0,0,0
1781923370978,Executor1,Stage1-0-0,0,0,0,0,0,0,0,0
1781923371081,Executor7,Stage1-0-0,0,0,0,0,0,0,0,0
1781923371163,Executor2,Stage1-3-0,0,0,0,0,0,0,0,0
1781923371176,Executor2,Stage1-3-0,0,0,0,0,0,0,0,0
1781923371204,Executor7,Stage1-1-0,0,0,0,0,0,0,0,0
1781923371367,Executor1,Stage1-2-0,0,0,0,0,0,0,0,0
1781923371370,Executor0,Stage0-0-0,0,0,0,0,0,0,0,0
1781923371620,Executor3,Stage1-0-0,0,0,0,0,0,0,0,0
1781923371927,Executor0,Stage0-0-0,0,0,0,0,0,0,0,0
1781923371927,Executor0,Stage0-1-0,0,0,0,0,0,0,0,0
1781923371927,Executor0,Stage0-2-0,0,0,0,0,0,0,0,0
1781923371927,Executor0,Stage0-3-0,0,0,0,0,0,0,0,0
1781923371978,Executor1,Stage1-0-0,0,0,0,0,0,0,0,0
1781923372082,Executor7,Stage1-0-0,0,0,0,0,0,0,0,0
1781923372163,Executor2,Stage1-3-0,0,0,0,0,0,0,0,0
1781923372176,Executor2,Stage1-3-0,0,0,0,0,0,0,0,0
1781923372204,Executor7,Stage1-1-0,0,0,0,0,0,0,0,0
1781923372367,Executor1,Stage1-2-0,0,0,0,0,0,0,0,0
1781923372370,Executor0,Stage0-0-0,0,0,0,0,0,0,0,0
1781923372620,Executor3,Stage1-0-0,0,0,0,0,0,0,0,0
1781923372927,Executor0,Stage0-0-0,0,0,0,0,0,0,0,0
1781923372927,Executor0,Stage0-1-0,0,0,0,0,0,0,0,0
1781923372927,Executor0,Stage0-2-0,0,0,0,0,0,0,0,0
1781923372927,Executor0,Stage0-3-0,0,0,0,0,0,0,0,0
1781923372978,Executor1,Stage1-0-0,0,0,0,0,0,0,0,0
1781923373082,Executor7,Stage1-0-0,0,0,0,0,0,0,0,0
1781923373163,Executor2,Stage1-3-0,0,0,0,0,0,0,0,0
1781923373176,Executor2,Stage1-3-0,0,0,0,0,0,0,0,0
1781923373204,Executor7,Stage1-1-0,0,0,0,0,0,0,0,0
1781923373367,Executor1,Stage1-2-0,0,0,0,0,0,0,0,0
1781923373370,Executor0,Stage0-0-0,0,0,0,0,0,0,0,0
1781923373620,Executor3,Stage1-0-0,0,0,0,0,0,0,0,0
1781923373927,Executor0,Stage0-0-0,0,0,0,0,0,0,0,0
1781923373927,Executor0,Stage0-1-0,0,0,0,0,0,0,0,0
1781923373927,Executor0,Stage0-2-0,0,0,0,0,0,0,0,0
1781923373927,Executor0,Stage0-3-0,0,0,0,0,0,0,0,0
1781923373978,Executor1,Stage1-0-0,0,0,0,0,0,0,0,0
1781923374082,Executor7,Stage1-0-0,0,0,0,0,0,0,0,0
1781923374163,Executor2,Stage1-3-0,0,0,0,0,0,0,0,0
1781923374176,Executor2,Stage1-3-0,0,0,0,0,0,0,0,0
1781923374204,Executor7,Stage1-1-0,0,0,0,0,0,0,0,0
1781923374367,Executor1,Stage1-2-0,0,0,0,0,0,0,0,0
1781923374370,Executor0,Stage0-0-0,0,0,0,0,0,0,0,0
1781923374620,Executor3,Stage1-0-0,0,0,0,0,0,0,0,0
1781923374927,Executor0,Stage0-0-0,0,0,0,0,0,0,0,0
1781923374927,Executor0,Stage0-1-0,0,0,0,0,0,0,0,0
1781923374927,Executor0,Stage0-2-0,0,0,0,0,0,0,0,0
1781923374927,Executor0,Stage0-3-0,0,0,0,0,0,0,0,0
1781923374978,Executor1,Stage1-0-0,0,0,0,0,0,0,0,0
1781923375082,Executor7,Stage1-0-0,0,0,0,0,0,0,0,0
1781923375163,Executor2,Stage1-3-0,0,0,0,0,0,0,0,0
1781923375176,Executor2,Stage1-3-0,0,0,0,0,0,0,0,0
1781923375204,Executor7,Stage1-1-0,0,0,0,0,0,0,0,0
1781923375367,Executor1,Stage1-2-0,0,0,0,0,0,0,0,0
1781923375370,Executor0,Stage0-0-0,0,0,0,0,0,0,0,0
1781923375620,Executor3,Stage1-0-0,0,0,0,0,0,0,0,0
1781923375927,Executor0,Stage0-0-0,0,0,0,0,0,0,0,0
1781923375927,Executor0,Stage0-1-0,0,0,0,0,0,0,0,0
1781923375927,Executor0,Stage0-2-0,0,0,0,0,0,0,0,0
1781923375927,Executor0,Stage0-3-0,0,0,0,0,0,0,0,0
1781923375978,Executor1,Stage1-0-0,0,0,0,0,0,0,0,0
1781923376081,Executor7,Stage1-0-0,0,0,0,0,0,0,0,0
1781923376163,Executor2,Stage1-3-0,0,0,0,0,0,0,0,0
1781923376176,Executor2,Stage1-3-0,0,0,0,0,0,0,0,0
1781923376204,Executor7,Stage1-1-0,0,0,0,0,0,0,0,0
1781923376367,Executor1,Stage1-2-0,0,0,0,0,0,0,0,0
1781923376370,Executor0,Stage0-0-0,0,0,0,0,0,0,0,0
1781923376620,Executor3,Stage1-0-0,0,0,0,0,0,0,0,0
1781923376927,Executor0,Stage0-0-0,0,0,0,0,0,0,0,0
1781923376927,Executor0,Stage0-1-0,0,0,0,0,0,0,0,0
1781923376927,Executor0,Stage0-2-0,0,0,0,0,0,0,0,0
1781923376927,Executor0,Stage0-3-0,0,0,0,0,0,0,0,0
1781923376978,Executor1,Stage1-0-0,0,0,0,0,0,0,0,0
1781923377081,Executor7,Stage1-0-0,0,0,0,0,0,0,0,0
1781923377163,Executor2,Stage1-3-0,0,0,0,0,0,0,0,0
1781923377176,Executor2,Stage1-3-0,0,0,0,0,0,0,0,0
1781923377204,Executor7,Stage1-1-0,0,0,0,0,0,0,0,0
1781923377367,Executor1,Stage1-2-0,0,0,0,0,0,0,0,0
1781923377370,Executor0,Stage0-0-0,0,0,0,0,0,0,0,0
1781923377620,Executor3,Stage1-0-0,0,0,0,0,0,0,0,0
1781923377927,Executor0,Stage0-0-0,0,0,0,0,0,0,0,0
1781923377927,Executor0,Stage0-1-0,0,0,0,0,0,0,0,0
1781923377927,Executor0,Stage0-2-0,0,0,0,0,0,0,0,0
1781923377927,Executor0,Stage0-3-0,0,0,0,0,0,0,0,0
1781923377978,Executor1,Stage1-0-0,0,0,0,0,0,0,0,0
1781923378081,Executor7,Stage1-0-0,0,0,0,0,0,0,0,0
1781923378163,Executor2,Stage1-3-0,0,0,0,0,0,0,0,0
1781923378176,Executor2,Stage1-3-0,0,0,0,0,0,0,0,0
1781923378204,Executor7,Stage1-1-0,0,0,0,0,0,0,0,0
1781923378367,Executor1,Stage1-2-0,0,0,0,0,0,0,0,0
1781923378370,Executor0,Stage0-0-0,0,0,0,0,0,0,0,0
1781923378620,Executor3,Stage1-0-0,0,0,0,0,0,0,0,0
1781923378927,Executor0,Stage0-0-0,0,0,0,0,0,0,0,0
1781923378927,Executor0,Stage0-1-0,0,0,0,0,0,0,0,0
1781923378927,Executor0,Stage0-2-0,0,0,0,0,0,0,0,0
1781923378927,Executor0,Stage0-3-0,0,0,0,0,0,0,0,0
1781923378978,Executor1,Stage1-0-0,0,0,0,0,0,0,0,0
1781923379081,Executor7,Stage1-0-0,0,0,0,0,0,0,0,0
1781923379163,Executor2,Stage1-3-0,0,0,0,0,0,0,0,0
1781923379176,Executor2,Stage1-3-0,0,0,0,0,0,0,0,0
1781923379204,Executor7,Stage1-1-0,0,0,0,0,0,0,0,0
1781923379367,Executor1,Stage1-2-0,0,0,0,0,0,0,0,0
1781923379370,Executor0,Stage0-0-0,0,0,0,0,0,0,0,0
1781923379620,Executor3,Stage1-0-0,0,0,0,0,0,0,0,0
1781923379927,Executor0,Stage0-0-0,0,0,0,0,0,0,0,0
1781923379927,Executor0,Stage0-1-0,0,0,0,0,0,0,0,0
1781923379927,Executor0,Stage0-2-0,0,0,0,0,0,0,0,0
1781923379927,Executor0,Stage0-3-0,0,0,0,0,0,0,0,0
1781923379978,Executor1,Stage1-0-0,0,0,0,0,0,0,0,0
1781923380082,Executor7,Stage1-0-0,0,0,0,0,0,0,0,0
1781923380163,Executor2,Stage1-3-0,0,0,0,0,0,0,0,0
1781923380176,Executor2,Stage1-3-0,0,0,0,0,0,0,0,0
1781923380204,Executor7,Stage1-1-0,0,0,0,0,0,0,0,0
1781923380367,Executor1,Stage1-2-0,0,0,0,0,0,0,0,0
1781923380370,Executor0,Stage0-0-0,0,0,0,0,0,0,0,0
1781923380620,Executor3,Stage1-0-0,0,0,0,0,0,0,0,0
1781923380927,Executor0,Stage0-0-0,0,0,0,0,0,0,0,0
1781923380927,Executor0,Stage0-1-0,0,0,0,0,0,0,0,0
1781923380927,Executor0,Stage0-2-0,0,0,0,0,0,0,0,0
1781923380927,Executor0,Stage0-3-0,0,0,0,0,0,0,0,0
1781923380978,Executor1,Stage1-0-0,0,0,0,0,0,0,0,0
1781923381081,Executor7,Stage1-0-0,0,0,0,0,0,0,0,0
1781923381163,Executor2,Stage1-3-0,0,0,0,0,0,0,0,0
1781923381176,Executor2,Stage1-3-0,0,0,0,0,0,0,0,0
1781923381204,Executor7,Stage1-1-0,0,0,0,0,0,0,0,0
1781923381367,Executor1,Stage1-2-0,0,0,0,0,0,0,0,0
1781923381370,Executor0,Stage0-0-0,0,0,0,0,0,0,0,0
1781923381620,Executor3,Stage1-0-0,0,0,0,0,0,0,0,0
1781923381927,Executor0,Stage0-0-0,0,0,0,0,0,0,0,0
1781923381927,Executor0,Stage0-1-0,0,0,0,0,0,0,0,0
1781923381927,Executor0,Stage0-2-0,0,0,0,0,0,0,0,0
1781923381927,Executor0,Stage0-3-0,0,0,0,0,0,0,0,0
1781923381978,Executor1,Stage1-0-0,0,0,0,0,0,0,0,0
1781923382082,Executor7,Stage1-0-0,0,0,0,0,0,0,0,0
1781923382163,Executor2,Stage1-3-0,0,0,0,0,0,0,0,0
1781923382176,Executor2,Stage1-3-0,0,0,0,0,0,0,0,0
1781923382204,Executor7,Stage1-1-0,0,0,0,0,0,0,0,0
1781923382367,Executor1,Stage1-2-0,0,0,0,0,0,0,0,0
1781923382370,Executor0,Stage0-0-0,0,0,0,0,0,0,0,0
1781923382620,Executor3,Stage1-0-0,0,0,0,0,0,0,0,0
1781923382927,Executor0,Stage0-0-0,0,0,0,0,0,0,0,0
1781923382927,Executor0,Stage0-1-0,0,0,0,0,0,0,0,0
1781923382927,Executor0,Stage0-2-0,0,0,0,0,0,0,0,0
1781923382927,Executor0,Stage0-3-0,0,0,0,0,0,0,0,0
1781923382978,Executor1,Stage1-0-0,0,0,0,0,0,0,0,0
1781923383082,Executor7,Stage1-0-0,0,0,0,0,0,0,0,0
1781923383163,Executor2,Stage1-3-0,0,0,0,0,0,0,0,0
1781923383176,Executor2,Stage1-3-0,0,0,0,0,0,0,0,0
1781923383204,Executor7,Stage1-1-0,0,0,0,0,0,0,0,0
1781923383367,Executor1,Stage1-2-0,0,0,0,0,0,0,0,0
1781923383370,Executor0,Stage0-0-0,0,0,0,0,0,0,0,0
1781923383620,Executor3,Stage1-0-0,0,0,0,0,0,0,0,0
1781923383927,Executor0,Stage0-0-0,0,0,0,0,0,0,0,0
1781923383927,Executor0,Stage0-1-0,0,0,0,0,0,0,0,0
1781923383927,Executor0,Stage0-2-0,0,0,0,0,0,0,0,0
1781923383927,Executor0,Stage0-3-0,0,0,0,0,0,0,0,0
1781923383978,Executor1,Stage1-0-0,0,0,0,0,0,0,0,0
1781923384082,Executor7,Stage1-0-0,0,0,0,0,0,0,0,0
1781923384163,Executor2,Stage1-3-0,0,0,0,0,0,0,0,0
1781923384176,Executor2,Stage1-3-0,0,0,0,0,0,0,0,0
1781923384204,Executor7,Stage1-1-0,0,0,0,0,0,0,0,0
1781923384367,Executor1,Stage1-2-0,0,0,0,0,0,0,0,0
1781923384370,Executor0,Stage0-0-0,0,0,0,0,0,0,0,0
1781923384620,Executor3,Stage1-0-0,0,0,0,0,0,0,0,0
1781923384927,Executor0,Stage0-0-0,0,0,0,0,0,0,0,0
1781923384927,Executor0,Stage0-1-0,0,0,0,0,0,0,0,0
1781923384927,Executor0,Stage0-2-0,0,0,0,0,0,0,0,0
1781923384927,Executor0,Stage0-3-0,0,0,0,0,0,0,0,0
1781923384978,Executor1,Stage1-0-0,0,0,0,0,0,0,0,0
1781923385082,Executor7,Stage1-0-0,0,0,0,0,0,0,0,0
1781923385163,Executor2,Stage1-3-0,0,0,0,0,0,0,0,0
1781923385176,Executor2,Stage1-3-0,0,0,0,0,0,0,0,0
1781923385204,Executor7,Stage1-1-0,0,0,0,0,0,0,0,0
1781923385367,Executor1,Stage1-2-0,0,0,0,0,0,0,0,0
1781923385370,Executor0,Stage0-0-0,0,0,0,0,0,0,0,0
1781923385620,Executor3,Stage1-0-0,0,0,0,0,0,0,0,0
1781923385927,Executor0,Stage0-0-0,0,0,0,0,0,0,0,0
1781923385927,Executor0,Stage0-1-0,0,0,0,0,0,0,0,0
1781923385927,Executor0,Stage0-2-0,0,0,0,0,0,0,0,0
1781923385927,Executor0,Stage0-3-0,0,0,0,0,0,0,0,0
1781923385978,Executor1,Stage1-0-0,0,0,0,0,0,0,0,0
1781923386081,Executor7,Stage1-0-0,0,0,0,0,0,0,0,0
1781923386163,Executor2,Stage1-3-0,0,0,0,0,0,0,0,0
1781923386176,Executor2,Stage1-3-0,0,0,0,0,0,0,0,0
1781923386204,Executor7,Stage1-1-0,0,0,0,0,0,0,0,0
1781923386367,Executor1,Stage1-2-0,0,0,0,0,0,0,0,0
1781923386370,Executor0,Stage0-0-0,0,0,0,0,0,0,0,0
1781923386620,Executor3,Stage1-0-0,0,0,0,0,0,0,0,0
1781923386927,Executor0,Stage0-0-0,0,0,0,0,0,0,0,0
1781923386927,Executor0,Stage0-1-0,0,0,0,0,0,0,0,0
1781923386927,Executor0,Stage0-2-0,0,0,0,0,0,0,0,0
1781923386927,Executor0,Stage0-3-0,0,0,0,0,0,0,0,0
1781923386978,Executor1,Stage1-0-0,0,0,0,0,0,0,0,0
1781923387082,Executor7,Stage1-0-0,0,0,0,0,0,0,0,0
1781923387163,Executor2,Stage1-3-0,0,0,0,0,0,0,0,0
1781923387176,Executor2,Stage1-3-0,0,0,0,0,0,0,0,0
1781923387204,Executor7,Stage1-1-0,0,0,0,0,0,0,0,0
1781923387367,Executor1,Stage1-2-0,0,0,0,0,0,0,0,0
1781923387370,Executor0,Stage0-0-0,0,0,0,0,0,0,0,0
1781923387620,Executor3,Stage1-0-0,0,0,0,0,0,0,0,0
1781923387927,Executor0,Stage0-0-0,0,0,0,0,0,0,0,0
1781923387927,Executor0,Stage0-1-0,0,0,0,0,0,0,0,0
1781923387927,Executor0,Stage0-2-0,0,0,0,0,0,0,0,0
1781923387927,Executor0,Stage0-3-0,0,0,0,0,0,0,0,0
1781923387978,Executor1,Stage1-0-0,0,0,0,0,0,0,0,0
1781923388081,Executor7,Stage1-0-0,0,0,0,0,0,0,0,0
1781923388163,Executor2,Stage1-3-0,0,0,0,0,0,0,0,0
1781923388176,Executor2,Stage1-3-0,0,0,0,0,0,0,0,0
1781923388204,Executor7,Stage1-1-0,0,0,0,0,0,0,0,0
1781923388367,Executor1,Stage1-2-0,0,0,0,0,0,0,0,0
1781923388370,Executor0,Stage0-0-0,0,0,0,0,0,0,0,0
1781923388620,Executor3,Stage1-0-0,0,0,0,0,0,0,0,0
1781923388927,Executor0,Stage0-0-0,0,0,0,0,0,0,0,0
1781923388927,Executor0,Stage0-1-0,0,0,0,0,0,0,0,0
1781923388927,Executor0,Stage0-2-0,0,0,0,0,0,0,0,0
1781923388927,Executor0,Stage0-3-0,0,0,0,0,0,0,0,0
1781923388978,Executor1,Stage1-0-0,0,0,0,0,0,0,0,0
1781923389082,Executor7,Stage1-0-0,0,0,0,0,0,0,0,0
1781923389163,Executor2,Stage1-3-0,0,0,0,0,0,0,0,0
1781923389176,Executor2,Stage1-3-0,0,0,0,0,0,0,0,0
1781923389204,Executor7,Stage1-1-0,0,0,0,0,0,0,0,0
1781923389367,Executor1,Stage1-2-0,0,0,0,0,0,0,0,0
1781923389370,Executor0,Stage0-0-0,0,0,0,0,0,0,0,0
1781923389641,Executor3,Stage1-0-0,0,0,0,0,0,0,0,0
1781923389927,Executor0,Stage0-0-0,0,0,0,0,0,0,0,0
1781923389927,Executor0,Stage0-1-0,0,0,0,0,0,0,0,0
1781923389927,Executor0,Stage0-2-0,0,0,0,0,0,0,0,0
1781923389927,Executor0,Stage0-3-0,0,0,0,0,0,0,0,0
1781923389978,Executor1,Stage1-0-0,0,0,0,0,0,0,0,0
1781923390082,Executor7,Stage1-0-0,0,0,0,0,0,0,0,0
1781923390163,Executor2,Stage1-3-0,0,0,0,0,0,0,0,0
1781923390176,Executor2,Stage1-3-0,0,0,0,0,0,0,0,0
1781923390204,Executor7,Stage1-1-0,0,0,0,0,0,0,0,0
1781923390367,Executor1,Stage1-2-0,0,0,0,0,0,0,0,0
1781923390370,Executor0,Stage0-0-0,0,0,0,0,0,0,0,0
1781923390620,Executor3,Stage1-0-0,0,0,0,0,0,0,0,0
1781923390927,Executor0,Stage0-0-0,0,0,0,0,0,0,0,0
1781923390927,Executor0,Stage0-1-0,0,0,0,0,0,0,0,0
1781923390927,Executor0,Stage0-2-0,0,0,0,0,0,0,0,0
1781923390927,Executor0,Stage0-3-0,0,0,0,0,0,0,0,0
1781923390978,Executor1,Stage1-0-0,0,0,0,0,0,0,0,0
1781923391082,Executor7,Stage1-0-0,0,0,0,0,0,0,0,0
1781923391163,Executor2,Stage1-3-0,0,0,0,0,0,0,0,0
1781923391176,Executor2,Stage1-3-0,0,0,0,0,0,0,0,0
1781923391204,Executor7,Stage1-1-0,0,0,0,0,0,0,0,0
1781923391367,Executor1,Stage1-2-0,0,0,0,0,0,0,0,0
1781923391370,Executor0,Stage0-0-0,0,0,0,0,0,0,0,0
1781923391620,Executor3,Stage1-0-0,0,0,0,0,0,0,0,0
1781923391927,Executor0,Stage0-0-0,0,0,0,0,0,0,0,0
1781923391927,Executor0,Stage0-1-0,0,0,0,0,0,0,0,0
1781923391927,Executor0,Stage0-2-0,0,0,0,0,0,0,0,0
1781923391927,Executor0,Stage0-3-0,0,0,0,0,0,0,0,0
1781923391978,Executor1,Stage1-0-0,0,0,0,0,0,0,0,0
1781923392082,Executor7,Stage1-0-0,0,0,0,0,0,0,0,0
1781923392163,Executor2,Stage1-3-0,0,0,0,0,0,0,0,0
1781923392176,Executor2,Stage1-3-0,0,0,0,0,0,0,0,0
1781923392204,Executor7,Stage1-1-0,0,0,0,0,0,0,0,0
1781923392367,Executor1,Stage1-2-0,0,0,0,0,0,0,0,0
1781923392370,Executor0,Stage0-0-0,0,0,0,0,0,0,0,0
1781923392620,Executor3,Stage1-0-0,0,0,0,0,0,0,0,0
1781923392927,Executor0,Stage0-0-0,0,0,0,0,0,0,0,0
1781923392927,Executor0,Stage0-1-0,0,0,0,0,0,0,0,0
1781923392927,Executor0,Stage0-2-0,0,0,0,0,0,0,0,0
1781923392927,Executor0,Stage0-3-0,0,0,0,0,0,0,0,0
1781923392978,Executor1,Stage1-0-0,0,0,0,0,0,0,0,0
1781923393081,Executor7,Stage1-0-0,0,0,0,0,0,0,0,0
1781923393163,Executor2,Stage1-3-0,0,0,0,0,0,0,0,0
1781923393176,Executor2,Stage1-3-0,0,0,0,0,0,0,0,0
1781923393204,Executor7,Stage1-1-0,0,0,0,0,0,0,0,0
1781923393367,Executor1,Stage1-2-0,0,0,0,0,0,0,0,0
1781923393370,Executor0,Stage0-0-0,0,0,0,0,0,0,0,0
1781923393620,Executor3,Stage1-0-0,0,0,0,0,0,0,0,0
1781923393927,Executor0,Stage0-0-0,0,0,0,0,0,0,0,0
1781923393927,Executor0,Stage0-1-0,0,0,0,0,0,0,0,0
1781923393927,Executor0,Stage0-2-0,0,0,0,0,0,0,0,0
1781923393927,Executor0,Stage0-3-0,0,0,0,0,0,0,0,0
1781923393978,Executor1,Stage1-0-0,0,0,0,0,0,0,0,0
1781923394082,Executor7,Stage1-0-0,0,0,0,0,0,0,0,0
1781923394163,Executor2,Stage1-3-0,0,0,0,0,0,0,0,0
1781923394176,Executor2,Stage1-3-0,0,0,0,0,0,0,0,0
1781923394204,Executor7,Stage1-1-0,0,0,0,0,0,0,0,0
1781923394367,Executor1,Stage1-2-0,0,0,0,0,0,0,0,0
1781923394370,Executor0,Stage0-0-0,0,0,0,0,0,0,0,0
1781923394620,Executor3,Stage1-0-0,0,0,0,0,0,0,0,0
1781923394927,Executor0,Stage0-0-0,0,0,0,0,0,0,0,0
1781923394927,Executor0,Stage0-1-0,0,0,0,0,0,0,0,0
1781923394927,Executor0,Stage0-2-0,0,0,0,0,0,0,0,0
1781923394927,Executor0,Stage0-3-0,0,0,0,0,0,0,0,0
1781923394978,Executor1,Stage1-0-0,0,0,0,0,0,0,0,0
1781923395082,Executor7,Stage1-0-0,0,0,0,0,0,0,0,0
1781923395163,Executor2,Stage1-3-0,0,0,0,0,0,0,0,0
1781923395176,Executor2,Stage1-3-0,0,0,0,0,0,0,0,0
1781923395204,Executor7,Stage1-1-0,0,0,0,0,0,0,0,0
1781923395367,Executor1,Stage1-2-0,0,0,0,0,0,0,0,0
1781923395370,Executor0,Stage0-0-0,0,0,0,0,0,0,0,0
1781923395620,Executor3,Stage1-0-0,0,0,0,0,0,0,0,0
1781923395927,Executor0,Stage0-0-0,0,0,0,0,0,0,0,0
1781923395927,Executor0,Stage0-1-0,0,0,0,0,0,0,0,0
1781923395927,Executor0,Stage0-2-0,0,0,0,0,0,0,0,0
1781923395927,Executor0,Stage0-3-0,0,0,0,0,0,0,0,0
1781923395978,Executor1,Stage1-0-0,0,0,0,0,0,0,0,0
1781923396082,Executor7,Stage1-0-0,0,0,0,0,0,0,0,0
1781923396163,Executor2,Stage1-3-0,0,0,0,0,0,0,0,0
1781923396176,Executor2,Stage1-3-0,0,0,0,0,0,0,0,0
1781923396204,Executor7,Stage1-1-0,0,0,0,0,0,0,0,0
1781923396367,Executor1,Stage1-2-0,0,0,0,0,0,0,0,0
1781923396370,Executor0,Stage0-0-0,0,0,0,0,0,0,0,0
1781923396620,Executor3,Stage1-0-0,0,0,0,0,0,0,0,0
1781923396927,Executor0,Stage0-0-0,0,0,0,0,0,0,0,0
1781923396927,Executor0,Stage0-1-0,0,0,0,0,0,0,0,0
1781923396927,Executor0,Stage0-2-0,0,0,0,0,0,0,0,0
1781923396927,Executor0,Stage0-3-0,0,0,0,0,0,0,0,0
1781923396978,Executor1,Stage1-0-0,0,0,0,0,0,0,0,0
1781923397082,Executor7,Stage1-0-0,0,0,0,0,0,0,0,0
1781923397163,Executor2,Stage1-3-0,0,0,0,0,0,0,0,0
1781923397176,Executor2,Stage1-3-0,0,0,0,0,0,0,0,0
1781923397204,Executor7,Stage1-1-0,0,0,0,0,0,0,0,0
1781923397367,Executor1,Stage1-2-0,0,0,0,0,0,0,0,0
1781923397370,Executor0,Stage0-0-0,0,0,0,0,0,0,0,0
1781923397620,Executor3,Stage1-0-0,0,0,0,0,0,0,0,0
1781923397927,Executor0,Stage0-0-0,0,0,0,0,0,0,0,0
1781923397927,Executor0,Stage0-1-0,0,0,0,0,0,0,0,0
1781923397927,Executor0,Stage0-2-0,0,0,0,0,0,0,0,0
1781923397927,Executor0,Stage0-3-0,0,0,0,0,0,0,0,0
1781923397978,Executor1,Stage1-0-0,0,0,0,0,0,0,0,0
1781923398082,Executor7,Stage1-0-0,0,0,0,0,0,0,0,0
1781923398163,Executor2,Stage1-3-0,0,0,0,0,0,0,0,0
1781923398176,Executor2,Stage1-3-0,0,0,0,0,0,0,0,0
1781923398204,Executor7,Stage1-1-0,0,0,0,0,0,0,0,0
1781923398367,Executor1,Stage1-2-0,0,0,0,0,0,0,0,0
1781923398370,Executor0,Stage0-0-0,0,0,0,0,0,0,0,0
1781923398620,Executor3,Stage1-0-0,0,0,0,0,0,0,0,0
1781923398927,Executor0,Stage0-0-0,0,0,0,0,0,0,0,0
1781923398927,Executor0,Stage0-1-0,0,0,0,0,0,0,0,0
1781923398927,Executor0,Stage0-2-0,0,0,0,0,0,0,0,0
1781923398927,Executor0,Stage0-3-0,0,0,0,0,0,0,0,0
1781923398978,Executor1,Stage1-0-0,0,0,0,0,0,0,0,0
1781923399082,Executor7,Stage1-0-0,0,0,0,0,0,0,0,0
1781923399163,Executor2,Stage1-3-0,0,0,0,0,0,0,0,0
1781923399176,Executor2,Stage1-3-0,0,0,0,0,0,0,0,0
1781923399204,Executor7,Stage1-1-0,0,0,0,0,0,0,0,0
1781923399367,Executor1,Stage1-2-0,0,0,0,0,0,0,0,0
1781923399370,Executor0,Stage0-0-0,0,0,0,0,0,0,0,0
1781923399622,Executor3,Stage1-0-0,0,0,0,0,0,0,0,0
1781923399927,Executor0,Stage0-0-0,0,0,0,0,0,0,0,0
1781923399927,Executor0,Stage0-1-0,0,0,0,0,0,0,0,0
1781923399927,Executor0,Stage0-2-0,0,0,0,0,0,0,0,0
1781923399927,Executor0,Stage0-3-0,0,0,0,0,0,0,0,0
1781923399978,Executor1,Stage1-0-0,0,0,0,0,0,0,0,0
1781923400082,Executor7,Stage1-0-0,0,0,0,0,0,0,0,0
1781923400163,Executor2,Stage1-3-0,0,0,0,0,0,0,0,0
1781923400176,Executor2,Stage1-3-0,0,0,0,0,0,0,0,0
1781923400204,Executor7,Stage1-1-0,0,0,0,0,0,0,0,0
1781923400367,Executor1,Stage1-2-0,0,0,0,0,0,0,0,0
1781923400370,Executor0,Stage0-0-0,0,0,0,0,0,0,0,0
1781923400620,Executor3,Stage1-0-0,0,0,0,0,0,0,0,0
1781923400927,Executor0,Stage0-0-0,0,0,0,0,0,0,0,0
1781923400927,Executor0,Stage0-1-0,0,0,0,0,0,0,0,0
1781923400927,Executor0,Stage0-2-0,0,0,0,0,0,0,0,0
1781923400927,Executor0,Stage0-3-0,0,0,0,0,0,0,0,0
1781923400978,Executor1,Stage1-0-0,0,0,0,0,0,0,0,0
1781923401082,Executor7,Stage1-0-0,0,0,0,0,0,0,0,0
1781923401163,Executor2,Stage1-3-0,0,0,0,0,0,0,0,0
1781923401176,Executor2,Stage1-3-0,0,0,0,0,0,0,0,0
1781923401204,Executor7,Stage1-1-0,0,0,0,0,0,0,0,0
1781923401367,Executor1,Stage1-2-0,0,0,0,0,0,0,0,0
1781923401370,Executor0,Stage0-0-0,0,0,0,0,0,0,0,0
1781923401620,Executor3,Stage1-0-0,0,0,0,0,0,0,0,0
1781923401927,Executor0,Stage0-0-0,0,0,0,0,0,0,0,0
1781923401927,Executor0,Stage0-1-0,0,0,0,0,0,0,0,0
1781923401927,Executor0,Stage0-2-0,0,0,0,0,0,0,0,0
1781923401927,Executor0,Stage0-3-0,0,0,0,0,0,0,0,0
1781923401978,Executor1,Stage1-0-0,0,0,0,0,0,0,0,0
1781923402081,Executor7,Stage1-0-0,0,0,0,0,0,0,0,0
1781923402163,Executor2,Stage1-3-0,0,0,0,0,0,0,0,0
1781923402176,Executor2,Stage1-3-0,0,0,0,0,0,0,0,0
1781923402204,Executor7,Stage1-1-0,0,0,0,0,0,0,0,0
1781923402367,Executor1,Stage1-2-0,0,0,0,0,0,0,0,0
1781923402370,Executor0,Stage0-0-0,0,0,0,0,0,0,0,0
1781923402620,Executor3,Stage1-0-0,0,0,0,0,0,0,0,0
1781923402927,Executor0,Stage0-0-0,0,0,0,0,0,0,0,0
1781923402927,Executor0,Stage0-1-0,0,0,0,0,0,0,0,0
1781923402927,Executor0,Stage0-2-0,0,0,0,0,0,0,0,0
1781923402927,Executor0,Stage0-3-0,0,0,0,0,0,0,0,0
1781923402978,Executor1,Stage1-0-0,0,0,0,0,0,0,0,0
1781923403082,Executor7,Stage1-0-0,0,0,0,0,0,0,0,0
1781923403163,Executor2,Stage1-3-0,0,0,0,0,0,0,0,0
1781923403176,Executor2,Stage1-3-0,0,0,0,0,0,0,0,0
1781923403204,Executor7,Stage1-1-0,0,0,0,0,0,0,0,0
1781923403367,Executor1,Stage1-2-0,0,0,0,0,0,0,0,0
1781923403370,Executor0,Stage0-0-0,0,0,0,0,0,0,0,0
1781923403620,Executor3,Stage1-0-0,0,0,0,0,0,0,0,0
1781923403927,Executor0,Stage0-0-0,0,0,0,0,0,0,0,0
1781923403927,Executor0,Stage0-1-0,0,0,0,0,0,0,0,0
1781923403927,Executor0,Stage0-2-0,0,0,0,0,0,0,0,0
1781923403927,Executor0,Stage0-3-0,0,0,0,0,0,0,0,0
1781923403978,Executor1,Stage1-0-0,0,0,0,0,0,0,0,0
1781923404082,Executor7,Stage1-0-0,0,0,0,0,0,0,0,0
1781923404163,Executor2,Stage1-3-0,0,0,0,0,0,0,0,0
1781923404176,Executor2,Stage1-3-0,0,0,0,0,0,0,0,0
1781923404204,Executor7,Stage1-1-0,0,0,0,0,0,0,0,0
1781923404367,Executor1,Stage1-2-0,0,0,0,0,0,0,0,0
1781923404370,Executor0,Stage0-0-0,0,0,0,0,0,0,0,0
1781923404620,Executor3,Stage1-0-0,0,0,0,0,0,0,0,0
1781923404927,Executor0,Stage0-0-0,0,0,0,0,0,0,0,0
1781923404927,Executor0,Stage0-1-0,0,0,0,0,0,0,0,0
1781923404927,Executor0,Stage0-2-0,0,0,0,0,0,0,0,0
1781923404927,Executor0,Stage0-3-0,0,0,0,0,0,0,0,0
1781923404978,Executor1,Stage1-0-0,0,0,0,0,0,0,0,0
1781923405081,Executor7,Stage1-0-0,0,0,0,0,0,0,0,0
1781923405163,Executor2,Stage1-3-0,0,0,0,0,0,0,0,0
1781923405176,Executor2,Stage1-3-0,0,0,0,0,0,0,0,0
1781923405204,Executor7,Stage1-1-0,0,0,0,0,0,0,0,0
1781923405367,Executor1,Stage1-2-0,0,0,0,0,0,0,0,0
1781923405370,Executor0,Stage0-0-0,0,0,0,0,0,0,0,0
1781923405620,Executor3,Stage1-0-0,0,0,0,0,0,0,0,0
1781923405927,Executor0,Stage0-0-0,0,0,0,0,0,0,0,0
1781923405927,Executor0,Stage0-1-0,0,0,0,0,0,0,0,0
1781923405927,Executor0,Stage0-2-0,0,0,0,0,0,0,0,0
1781923405927,Executor0,Stage0-3-0,0,0,0,0,0,0,0,0
1781923405978,Executor1,Stage1-0-0,0,0,0,0,0,0,0,0
1781923406082,Executor7,Stage1-0-0,0,0,0,0,0,0,0,0
1781923406163,Executor2,Stage1-3-0,0,0,0,0,0,0,0,0
1781923406176,Executor2,Stage1-3-0,0,0,0,0,0,0,0,0
1781923406204,Executor7,Stage1-1-0,0,0,0,0,0,0,0,0
1781923406367,Executor1,Stage1-2-0,0,0,0,0,0,0,0,0
1781923406370,Executor0,Stage0-0-0,0,0,0,0,0,0,0,0
1781923406620,Executor3,Stage1-0-0,0,0,0,0,0,0,0,0
1781923406927,Executor0,Stage0-0-0,0,0,0,0,0,0,0,0
1781923406927,Executor0,Stage0-1-0,0,0,0,0,0,0,0,0
1781923406927,Executor0,Stage0-2-0,0,0,0,0,0,0,0,0
1781923406927,Executor0,Stage0-3-0,0,0,0,0,0,0,0,0
1781923406978,Executor1,Stage1-0-0,0,0,0,0,0,0,0,0
1781923407082,Executor7,Stage1-0-0,0,0,0,0,0,0,0,0
1781923407163,Executor2,Stage1-3-0,0,0,0,0,0,0,0,0
1781923407176,Executor2,Stage1-3-0,0,0,0,0,0,0,0,0
1781923407204,Executor7,Stage1-1-0,0,0,0,0,0,0,0,0
1781923407367,Executor1,Stage1-2-0,0,0,0,0,0,0,0,0
1781923407370,Executor0,Stage0-0-0,0,0,0,0,0,0,0,0
1781923407620,Executor3,Stage1-0-0,0,0,0,0,0,0,0,0
1781923407927,Executor0,Stage0-0-0,0,0,0,0,0,0,0,0
1781923407927,Executor0,Stage0-1-0,0,0,0,0,0,0,0,0
1781923407927,Executor0,Stage0-2-0,0,0,0,0,0,0,0,0
1781923407927,Executor0,Stage0-3-0,0,0,0,0,0,0,0,0
1781923407978,Executor1,Stage1-0-0,0,0,0,0,0,0,0,0
1781923408082,Executor7,Stage1-0-0,0,0,0,0,0,0,0,0
1781923408163,Executor2,Stage1-3-0,0,0,0,0,0,0,0,0
1781923408176,Executor2,Stage1-3-0,0,0,0,0,0,0,0,0
1781923408204,Executor7,Stage1-1-0,0,0,0,0,0,0,0,0
1781923408367,Executor1,Stage1-2-0,0,0,0,0,0,0,0,0
1781923408370,Executor0,Stage0-0-0,0,0,0,0,0,0,0,0
1781923408620,Executor3,Stage1-0-0,0,0,0,0,0,0,0,0
1781923408927,Executor0,Stage0-0-0,0,0,0,0,0,0,0,0
1781923408927,Executor0,Stage0-1-0,0,0,0,0,0,0,0,0
1781923408927,Executor0,Stage0-2-0,0,0,0,0,0,0,0,0
1781923408927,Executor0,Stage0-3-0,0,0,0,0,0,0,0,0
1781923408978,Executor1,Stage1-0-0,0,0,0,0,0,0,0,0
1781923409082,Executor7,Stage1-0-0,0,0,0,0,0,0,0,0
1781923409163,Executor2,Stage1-3-0,0,0,0,0,0,0,0,0
1781923409176,Executor2,Stage1-3-0,0,0,0,0,0,0,0,0
1781923409204,Executor7,Stage1-1-0,0,0,0,0,0,0,0,0
1781923409367,Executor1,Stage1-2-0,0,0,0,0,0,0,0,0
1781923409370,Executor0,Stage0-0-0,0,0,0,0,0,0,0,0
1781923409620,Executor3,Stage1-0-0,0,0,0,0,0,0,0,0
1781923409927,Executor0,Stage0-0-0,0,0,0,0,0,0,0,0
1781923409927,Executor0,Stage0-1-0,0,0,0,0,0,0,0,0
1781923409927,Executor0,Stage0-2-0,0,0,0,0,0,0,0,0
1781923409927,Executor0,Stage0-3-0,0,0,0,0,0,0,0,0
1781923409978,Executor1,Stage1-0-0,0,0,0,0,0,0,0,0
1781923410082,Executor7,Stage1-0-0,0,0,0,0,0,0,0,0
1781923410163,Executor2,Stage1-3-0,0,0,0,0,0,0,0,0
1781923410176,Executor2,Stage1-3-0,0,0,0,0,0,0,0,0
1781923410204,Executor7,Stage1-1-0,0,0,0,0,0,0,0,0
1781923410367,Executor1,Stage1-2-0,0,0,0,0,0,0,0,0
1781923410370,Executor0,Stage0-0-0,0,0,0,0,0,0,0,0
1781923410620,Executor3,Stage1-0-0,0,0,0,0,0,0,0,0
1781923410927,Executor0,Stage0-0-0,0,0,0,0,0,0,0,0
1781923410927,Executor0,Stage0-1-0,0,0,0,0,0,0,0,0
1781923410927,Executor0,Stage0-2-0,0,0,0,0,0,0,0,0
1781923410927,Executor0,Stage0-3-0,0,0,0,0,0,0,0,0
1781923410978,Executor1,Stage1-0-0,0,0,0,0,0,0,0,0
1781923411082,Executor7,Stage1-0-0,0,0,0,0,0,0,0,0
1781923411163,Executor2,Stage1-3-0,0,0,0,0,0,0,0,0
1781923411176,Executor2,Stage1-3-0,0,0,0,0,0,0,0,0
1781923411204,Executor7,Stage1-1-0,0,0,0,0,0,0,0,0
1781923411367,Executor1,Stage1-2-0,0,0,0,0,0,0,0,0
1781923411370,Executor0,Stage0-0-0,0,0,0,0,0,0,0,0
1781923411620,Executor3,Stage1-0-0,0,0,0,0,0,0,0,0
1781923411927,Executor0,Stage0-0-0,0,0,0,0,0,0,0,0
1781923411927,Executor0,Stage0-1-0,0,0,0,0,0,0,0,0
1781923411927,Executor0,Stage0-2-0,0,0,0,0,0,0,0,0
1781923411927,Executor0,Stage0-3-0,0,0,0,0,0,0,0,0
1781923411978,Executor1,Stage1-0-0,0,0,0,0,0,0,0,0
1781923412082,Executor7,Stage1-0-0,0,0,0,0,0,0,0,0
1781923412163,Executor2,Stage1-3-0,0,0,0,0,0,0,0,0
1781923412176,Executor2,Stage1-3-0,0,0,0,0,0,0,0,0
1781923412204,Executor7,Stage1-1-0,0,0,0,0,0,0,0,0
1781923412367,Executor1,Stage1-2-0,0,0,0,0,0,0,0,0
1781923412370,Executor0,Stage0-0-0,0,0,0,0,0,0,0,0
1781923412620,Executor3,Stage1-0-0,0,0,0,0,0,0,0,0
1781923412927,Executor0,Stage0-0-0,0,0,0,0,0,0,0,0
1781923412927,Executor0,Stage0-1-0,0,0,0,0,0,0,0,0
1781923412927,Executor0,Stage0-2-0,0,0,0,0,0,0,0,0
1781923412927,Executor0,Stage0-3-0,0,0,0,0,0,0,0,0
1781923412978,Executor1,Stage1-0-0,0,0,0,0,0,0,0,0
1781923413082,Executor7,Stage1-0-0,0,0,0,0,0,0,0,0
1781923413163,Executor2,Stage1-3-0,0,0,0,0,0,0,0,0
1781923413176,Executor2,Stage1-3-0,0,0,0,0,0,0,0,0
1781923413204,Executor7,Stage1-1-0,0,0,0,0,0,0,0,0
1781923413367,Executor1,Stage1-2-0,0,0,0,0,0,0,0,0
1781923413370,Executor0,Stage0-0-0,0,0,0,0,0,0,0,0
1781923413620,Executor3,Stage1-0-0,0,0,0,0,0,0,0,0
1781923413927,Executor0,Stage0-0-0,0,0,0,0,0,0,0,0
1781923413927,Executor0,Stage0-1-0,0,0,0,0,0,0,0,0
1781923413927,Executor0,Stage0-2-0,0,0,0,0,0,0,0,0
1781923413927,Executor0,Stage0-3-0,0,0,0,0,0,0,0,0
1781923413978,Executor1,Stage1-0-0,0,0,0,0,0,0,0,0
1781923414082,Executor7,Stage1-0-0,0,0,0,0,0,0,0,0
1781923414163,Executor2,Stage1-3-0,0,0,0,0,0,0,0,0
1781923414176,Executor2,Stage1-3-0,0,0,0,0,0,0,0,0
1781923414204,Executor7,Stage1-1-0,0,0,0,0,0,0,0,0
1781923414367,Executor1,Stage1-2-0,0,0,0,0,0,0,0,0
1781923414370,Executor0,Stage0-0-0,0,0,0,0,0,0,0,0
1781923414620,Executor3,Stage1-0-0,0,0,0,0,0,0,0,0
1781923414927,Executor0,Stage0-0-0,0,0,0,0,0,0,0,0
1781923414927,Executor0,Stage0-1-0,0,0,0,0,0,0,0,0
1781923414927,Executor0,Stage0-2-0,0,0,0,0,0,0,0,0
1781923414927,Executor0,Stage0-3-0,0,0,0,0,0,0,0,0
1781923414978,Executor1,Stage1-0-0,0,0,0,0,0,0,0,0
1781923415082,Executor7,Stage1-0-0,0,0,0,0,0,0,0,0
1781923415163,Executor2,Stage1-3-0,0,0,0,0,0,0,0,0
1781923415176,Executor2,Stage1-3-0,0,0,0,0,0,0,0,0
1781923415204,Executor7,Stage1-1-0,0,0,0,0,0,0,0,0
1781923415367,Executor1,Stage1-2-0,0,0,0,0,0,0,0,0
1781923415370,Executor0,Stage0-0-0,0,0,0,0,0,0,0,0
1781923415620,Executor3,Stage1-0-0,0,0,0,0,0,0,0,0
1781923415927,Executor0,Stage0-0-0,0,0,0,0,0,0,0,0
1781923415927,Executor0,Stage0-1-0,0,0,0,0,0,0,0,0
1781923415927,Executor0,Stage0-2-0,0,0,0,0,0,0,0,0
1781923415927,Executor0,Stage0-3-0,0,0,0,0,0,0,0,0
1781923415978,Executor1,Stage1-0-0,0,0,0,0,0,0,0,0
1781923416081,Executor7,Stage1-0-0,0,0,0,0,0,0,0,0
1781923416163,Executor2,Stage1-3-0,0,0,0,0,0,0,0,0
1781923416176,Executor2,Stage1-3-0,0,0,0,0,0,0,0,0
1781923416204,Executor7,Stage1-1-0,0,0,0,0,0,0,0,0
1781923416367,Executor1,Stage1-2-0,0,0,0,0,0,0,0,0
1781923416370,Executor0,Stage0-0-0,0,0,0,0,0,0,0,0
1781923416620,Executor3,Stage1-0-0,0,0,0,0,0,0,0,0
1781923416927,Executor0,Stage0-0-0,0,0,0,0,0,0,0,0
1781923416927,Executor0,Stage0-1-0,0,0,0,0,0,0,0,0
1781923416927,Executor0,Stage0-2-0,0,0,0,0,0,0,0,0
1781923416927,Executor0,Stage0-3-0,0,0,0,0,0,0,0,0
1781923416978,Executor1,Stage1-0-0,0,0,0,0,0,0,0,0
1781923417082,Executor7,Stage1-0-0,0,0,0,0,0,0,0,0
1781923417163,Executor2,Stage1-3-0,0,0,0,0,0,0,0,0
1781923417176,Executor2,Stage1-3-0,0,0,0,0,0,0,0,0
1781923417204,Executor7,Stage1-1-0,0,0,0,0,0,0,0,0
1781923417367,Executor1,Stage1-2-0,0,0,0,0,0,0,0,0
1781923417370,Executor0,Stage0-0-0,0,0,0,0,0,0,0,0
1781923417620,Executor3,Stage1-0-0,0,0,0,0,0,0,0,0
1781923417927,Executor0,Stage0-0-0,0,0,0,0,0,0,0,0
1781923417927,Executor0,Stage0-1-0,0,0,0,0,0,0,0,0
1781923417927,Executor0,Stage0-2-0,0,0,0,0,0,0,0,0
1781923417927,Executor0,Stage0-3-0,0,0,0,0,0,0,0,0
1781923417978,Executor1,Stage1-0-0,0,0,0,0,0,0,0,0
1781923418082,Executor7,Stage1-0-0,0,0,0,0,0,0,0,0
1781923418163,Executor2,Stage1-3-0,0,0,0,0,0,0,0,0
1781923418176,Executor2,Stage1-3-0,0,0,0,0,0,0,0,0
1781923418204,Executor7,Stage1-1-0,0,0,0,0,0,0,0,0
1781923418367,Executor1,Stage1-2-0,0,0,0,0,0,0,0,0
1781923418370,Executor0,Stage0-0-0,0,0,0,0,0,0,0,0
1781923418620,Executor3,Stage1-0-0,0,0,0,0,0,0,0,0
1781923418927,Executor0,Stage0-0-0,0,0,0,0,0,0,0,0
1781923418927,Executor0,Stage0-1-0,0,0,0,0,0,0,0,0
1781923418927,Executor0,Stage0-2-0,0,0,0,0,0,0,0,0
1781923418927,Executor0,Stage0-3-0,0,0,0,0,0,0,0,0
1781923418978,Executor1,Stage1-0-0,0,0,0,0,0,0,0,0
1781923419081,Executor7,Stage1-0-0,0,0,0,0,0,0,0,0
1781923419163,Executor2,Stage1-3-0,0,0,0,0,0,0,0,0
1781923419176,Executor2,Stage1-3-0,0,0,0,0,0,0,0,0
1781923419204,Executor7,Stage1-1-0,0,0,0,0,0,0,0,0
1781923419367,Executor1,Stage1-2-0,0,0,0,0,0,0,0,0
1781923419370,Executor0,Stage0-0-0,0,0,0,0,0,0,0,0
1781923419620,Executor3,Stage1-0-0,0,0,0,0,0,0,0,0
1781923419927,Executor0,Stage0-0-0,0,0,0,0,0,0,0,0
1781923419927,Executor0,Stage0-1-0,0,0,0,0,0,0,0,0
1781923419927,Executor0,Stage0-2-0,0,0,0,0,0,0,0,0
1781923419927,Executor0,Stage0-3-0,0,0,0,0,0,0,0,0
1781923419978,Executor1,Stage1-0-0,0,0,0,0,0,0,0,0
1781923420082,Executor7,Stage1-0-0,0,0,0,0,0,0,0,0
1781923420163,Executor2,Stage1-3-0,0,0,0,0,0,0,0,0
1781923420176,Executor2,Stage1-3-0,0,0,0,0,0,0,0,0
1781923420204,Executor7,Stage1-1-0,0,0,0,0,0,0,0,0
1781923420367,Executor1,Stage1-2-0,0,0,0,0,0,0,0,0
1781923420370,Executor0,Stage0-0-0,0,0,0,0,0,0,0,0
1781923420620,Executor3,Stage1-0-0,0,0,0,0,0,0,0,0
1781923420927,Executor0,Stage0-0-0,0,0,0,0,0,0,0,0
1781923420927,Executor0,Stage0-1-0,0,0,0,0,0,0,0,0
1781923420927,Executor0,Stage0-2-0,0,0,0,0,0,0,0,0
1781923420927,Executor0,Stage0-3-0,0,0,0,0,0,0,0,0
1781923420978,Executor1,Stage1-0-0,0,0,0,0,0,0,0,0
1781923421082,Executor7,Stage1-0-0,0,0,0,0,0,0,0,0
1781923421163,Executor2,Stage1-3-0,0,0,0,0,0,0,0,0
1781923421176,Executor2,Stage1-3-0,0,0,0,0,0,0,0,0
1781923421204,Executor7,Stage1-1-0,0,0,0,0,0,0,0,0
1781923421367,Executor1,Stage1-2-0,0,0,0,0,0,0,0,0
1781923421370,Executor0,Stage0-0-0,0,0,0,0,0,0,0,0
1781923421620,Executor3,Stage1-0-0,0,0,0,0,0,0,0,0
1781923421927,Executor0,Stage0-0-0,0,0,0,0,0,0,0,0
1781923421927,Executor0,Stage0-1-0,0,0,0,0,0,0,0,0
1781923421927,Executor0,Stage0-2-0,0,0,0,0,0,0,0,0
1781923421927,Executor0,Stage0-3-0,0,0,0,0,0,0,0,0
1781923421978,Executor1,Stage1-0-0,0,0,0,0,0,0,0,0
1781923422082,Executor7,Stage1-0-0,0,0,0,0,0,0,0,0
1781923422163,Executor2,Stage1-3-0,0,0,0,0,0,0,0,0
1781923422176,Executor2,Stage1-3-0,0,0,0,0,0,0,0,0
1781923422204,Executor7,Stage1-1-0,0,0,0,0,0,0,0,0
1781923422367,Executor1,Stage1-2-0,0,0,0,0,0,0,0,0
1781923422370,Executor0,Stage0-0-0,0,0,0,0,0,0,0,0
1781923422620,Executor3,Stage1-0-0,0,0,0,0,0,0,0,0
1781923422927,Executor0,Stage0-0-0,0,0,0,0,0,0,0,0
1781923422927,Executor0,Stage0-1-0,0,0,0,0,0,0,0,0
1781923422927,Executor0,Stage0-2-0,0,0,0,0,0,0,0,0
1781923422927,Executor0,Stage0-3-0,0,0,0,0,0,0,0,0
1781923422978,Executor1,Stage1-0-0,0,0,0,0,0,0,0,0
1781923423081,Executor7,Stage1-0-0,0,0,0,0,0,0,0,0
1781923423163,Executor2,Stage1-3-0,0,0,0,0,0,0,0,0
1781923423176,Executor2,Stage1-3-0,0,0,0,0,0,0,0,0
1781923423204,Executor7,Stage1-1-0,0,0,0,0,0,0,0,0
1781923423367,Executor1,Stage1-2-0,0,0,0,0,0,0,0,0
1781923423370,Executor0,Stage0-0-0,0,0,0,0,0,0,0,0
1781923423620,Executor3,Stage1-0-0,0,0,0,0,0,0,0,0
1781923423927,Executor0,Stage0-0-0,0,0,0,0,0,0,0,0
1781923423927,Executor0,Stage0-1-0,0,0,0,0,0,0,0,0
1781923423927,Executor0,Stage0-2-0,0,0,0,0,0,0,0,0
1781923423927,Executor0,Stage0-3-0,0,0,0,0,0,0,0,0
1781923423978,Executor1,Stage1-0-0,0,0,0,0,0,0,0,0
1781923424082,Executor7,Stage1-0-0,0,0,0,0,0,0,0,0
1781923424163,Executor2,Stage1-3-0,0,0,0,0,0,0,0,0
1781923424176,Executor2,Stage1-3-0,0,0,0,0,0,0,0,0
1781923424204,Executor7,Stage1-1-0,0,0,0,0,0,0,0,0
1781923424367,Executor1,Stage1-2-0,0,0,0,0,0,0,0,0
1781923424370,Executor0,Stage0-0-0,0,0,0,0,0,0,0,0
1781923424620,Executor3,Stage1-0-0,0,0,0,0,0,0,0,0
1781923424927,Executor0,Stage0-0-0,0,0,0,0,0,0,0,0
1781923424927,Executor0,Stage0-1-0,0,0,0,0,0,0,0,0
1781923424927,Executor0,Stage0-2-0,0,0,0,0,0,0,0,0
1781923424927,Executor0,Stage0-3-0,0,0,0,0,0,0,0,0
1781923424978,Executor1,Stage1-0-0,0,0,0,0,0,0,0,0
1781923425082,Executor7,Stage1-0-0,0,0,0,0,0,0,0,0
1781923425163,Executor2,Stage1-3-0,0,0,0,0,0,0,0,0
1781923425176,Executor2,Stage1-3-0,0,0,0,0,0,0,0,0
1781923425204,Executor7,Stage1-1-0,0,0,0,0,0,0,0,0
1781923425367,Executor1,Stage1-2-0,0,0,0,0,0,0,0,0
1781923425370,Executor0,Stage0-0-0,0,0,0,0,0,0,0,0
1781923425620,Executor3,Stage1-0-0,0,0,0,0,0,0,0,0
1781923425927,Executor0,Stage0-0-0,0,0,0,0,0,0,0,0
1781923425927,Executor0,Stage0-1-0,0,0,0,0,0,0,0,0
1781923425927,Executor0,Stage0-2-0,0,0,0,0,0,0,0,0
1781923425927,Executor0,Stage0-3-0,0,0,0,0,0,0,0,0
1781923425978,Executor1,Stage1-0-0,0,0,0,0,0,0,0,0
1781923426082,Executor7,Stage1-0-0,0,0,0,0,0,0,0,0
1781923426163,Executor2,Stage1-3-0,0,0,0,0,0,0,0,0
1781923426176,Executor2,Stage1-3-0,0,0,0,0,0,0,0,0
1781923426204,Executor7,Stage1-1-0,0,0,0,0,0,0,0,0
1781923426367,Executor1,Stage1-2-0,0,0,0,0,0,0,0,0
1781923426370,Executor0,Stage0-0-0,0,0,0,0,0,0,0,0
1781923426620,Executor3,Stage1-0-0,0,0,0,0,0,0,0,0
1781923426927,Executor0,Stage0-0-0,0,0,0,0,0,0,0,0
1781923426927,Executor0,Stage0-1-0,0,0,0,0,0,0,0,0
1781923426927,Executor0,Stage0-2-0,0,0,0,0,0,0,0,0
1781923426927,Executor0,Stage0-3-0,0,0,0,0,0,0,0,0
1781923426978,Executor1,Stage1-0-0,0,0,0,0,0,0,0,0
1781923427082,Executor7,Stage1-0-0,0,0,0,0,0,0,0,0
1781923427163,Executor2,Stage1-3-0,0,0,0,0,0,0,0,0
1781923427176,Executor2,Stage1-3-0,0,0,0,0,0,0,0,0
1781923427204,Executor7,Stage1-1-0,0,0,0,0,0,0,0,0
1781923427367,Executor1,Stage1-2-0,0,0,0,0,0,0,0,0
1781923427370,Executor0,Stage0-0-0,0,0,0,0,0,0,0,0
1781923427620,Executor3,Stage1-0-0,0,0,0,0,0,0,0,0
1781923427927,Executor0,Stage0-0-0,0,0,0,0,0,0,0,0
1781923427927,Executor0,Stage0-1-0,0,0,0,0,0,0,0,0
1781923427927,Executor0,Stage0-2-0,0,0,0,0,0,0,0,0
1781923427927,Executor0,Stage0-3-0,0,0,0,0,0,0,0,0
1781923427978,Executor1,Stage1-0-0,0,0,0,0,0,0,0,0
1781923428082,Executor7,Stage1-0-0,0,0,0,0,0,0,0,0
1781923428163,Executor2,Stage1-3-0,0,0,0,0,0,0,0,0
1781923428176,Executor2,Stage1-3-0,0,0,0,0,0,0,0,0
1781923428204,Executor7,Stage1-1-0,0,0,0,0,0,0,0,0
1781923428367,Executor1,Stage1-2-0,0,0,0,0,0,0,0,0
1781923428370,Executor0,Stage0-0-0,0,0,0,0,0,0,0,0
1781923428620,Executor3,Stage1-0-0,0,0,0,0,0,0,0,0
1781923428927,Executor0,Stage0-0-0,0,0,0,0,0,0,0,0
1781923428927,Executor0,Stage0-1-0,0,0,0,0,0,0,0,0
1781923428927,Executor0,Stage0-2-0,0,0,0,0,0,0,0,0
1781923428927,Executor0,Stage0-3-0,0,0,0,0,0,0,0,0
1781923428978,Executor1,Stage1-0-0,0,0,0,0,0,0,0,0
1781923429082,Executor7,Stage1-0-0,0,0,0,0,0,0,0,0
1781923429163,Executor2,Stage1-3-0,0,0,0,0,0,0,0,0
1781923429176,Executor2,Stage1-3-0,0,0,0,0,0,0,0,0
1781923429204,Executor7,Stage1-1-0,0,0,0,0,0,0,0,0
1781923429367,Executor1,Stage1-2-0,0,0,0,0,0,0,0,0
1781923429370,Executor0,Stage0-0-0,0,0,0,0,0,0,0,0
1781923429620,Executor3,Stage1-0-0,0,0,0,0,0,0,0,0
1781923429927,Executor0,Stage0-0-0,0,0,0,0,0,0,0,0
1781923429927,Executor0,Stage0-1-0,0,0,0,0,0,0,0,0
1781923429927,Executor0,Stage0-2-0,0,0,0,0,0,0,0,0
1781923429927,Executor0,Stage0-3-0,0,0,0,0,0,0,0,0
1781923429978,Executor1,Stage1-0-0,0,0,0,0,0,0,0,0
1781923430082,Executor7,Stage1-0-0,0,0,0,0,0,0,0,0
1781923430163,Executor2,Stage1-3-0,0,0,0,0,0,0,0,0
1781923430176,Executor2,Stage1-3-0,0,0,0,0,0,0,0,0
1781923430204,Executor7,Stage1-1-0,0,0,0,0,0,0,0,0
1781923430367,Executor1,Stage1-2-0,0,0,0,0,0,0,0,0
1781923430370,Executor0,Stage0-0-0,0,0,0,0,0,0,0,0
1781923430620,Executor3,Stage1-0-0,0,0,0,0,0,0,0,0
1781923430927,Executor0,Stage0-0-0,0,0,0,0,0,0,0,0
1781923430927,Executor0,Stage0-1-0,0,0,0,0,0,0,0,0
1781923430927,Executor0,Stage0-2-0,0,0,0,0,0,0,0,0
1781923430927,Executor0,Stage0-3-0,0,0,0,0,0,0,0,0
1781923430978,Executor1,Stage1-0-0,0,0,0,0,0,0,0,0
1781923431082,Executor7,Stage1-0-0,0,0,0,0,0,0,0,0
1781923431163,Executor2,Stage1-3-0,0,0,0,0,0,0,0,0
1781923431176,Executor2,Stage1-3-0,0,0,0,0,0,0,0,0
1781923431204,Executor7,Stage1-1-0,0,0,0,0,0,0,0,0
1781923431367,Executor1,Stage1-2-0,0,0,0,0,0,0,0,0
1781923431370,Executor0,Stage0-0-0,0,0,0,0,0,0,0,0
1781923431620,Executor3,Stage1-0-0,0,0,0,0,0,0,0,0
1781923431927,Executor0,Stage0-0-0,0,0,0,0,0,0,0,0
1781923431927,Executor0,Stage0-1-0,0,0,0,0,0,0,0,0
1781923431927,Executor0,Stage0-2-0,0,0,0,0,0,0,0,0
1781923431927,Executor0,Stage0-3-0,0,0,0,0,0,0,0,0
1781923431978,Executor1,Stage1-0-0,0,0,0,0,0,0,0,0
1781923432081,Executor7,Stage1-0-0,0,0,0,0,0,0,0,0
1781923432163,Executor2,Stage1-3-0,0,0,0,0,0,0,0,0
1781923432176,Executor2,Stage1-3-0,0,0,0,0,0,0,0,0
1781923432204,Executor7,Stage1-1-0,0,0,0,0,0,0,0,0
1781923432367,Executor1,Stage1-2-0,0,0,0,0,0,0,0,0
1781923432370,Executor0,Stage0-0-0,0,0,0,0,0,0,0,0
1781923432620,Executor3,Stage1-0-0,0,0,0,0,0,0,0,0
1781923432927,Executor0,Stage0-0-0,0,0,0,0,0,0,0,0
1781923432927,Executor0,Stage0-1-0,0,0,0,0,0,0,0,0
1781923432927,Executor0,Stage0-2-0,0,0,0,0,0,0,0,0
1781923432927,Executor0,Stage0-3-0,0,0,0,0,0,0,0,0
1781923432978,Executor1,Stage1-0-0,0,0,0,0,0,0,0,0
1781923433082,Executor7,Stage1-0-0,0,0,0,0,0,0,0,0
1781923433163,Executor2,Stage1-3-0,0,0,0,0,0,0,0,0
1781923433176,Executor2,Stage1-3-0,0,0,0,0,0,0,0,0
1781923433204,Executor7,Stage1-1-0,0,0,0,0,0,0,0,0
1781923433367,Executor1,Stage1-2-0,0,0,0,0,0,0,0,0
1781923433370,Executor0,Stage0-0-0,0,0,0,0,0,0,0,0
1781923433620,Executor3,Stage1-0-0,0,0,0,0,0,0,0,0
1781923433927,Executor0,Stage0-0-0,0,0,0,0,0,0,0,0
1781923433927,Executor0,Stage0-1-0,0,0,0,0,0,0,0,0
1781923433927,Executor0,Stage0-2-0,0,0,0,0,0,0,0,0
1781923433927,Executor0,Stage0-3-0,0,0,0,0,0,0,0,0
1781923433978,Executor1,Stage1-0-0,0,0,0,0,0,0,0,0
1781923434081,Executor7,Stage1-0-0,0,0,0,0,0,0,0,0
1781923434163,Executor2,Stage1-3-0,0,0,0,0,0,0,0,0
1781923434176,Executor2,Stage1-3-0,0,0,0,0,0,0,0,0
1781923434204,Executor7,Stage1-1-0,0,0,0,0,0,0,0,0
1781923434367,Executor1,Stage1-2-0,0,0,0,0,0,0,0,0
1781923434370,Executor0,Stage0-0-0,0,0,0,0,0,0,0,0
1781923434620,Executor3,Stage1-0-0,0,0,0,0,0,0,0,0
1781923434927,Executor0,Stage0-0-0,0,0,0,0,0,0,0,0
1781923434927,Executor0,Stage0-1-0,0,0,0,0,0,0,0,0
1781923434927,Executor0,Stage0-2-0,0,0,0,0,0,0,0,0
1781923434927,Executor0,Stage0-3-0,0,0,0,0,0,0,0,0
1781923434978,Executor1,Stage1-0-0,0,0,0,0,0,0,0,0
1781923435081,Executor7,Stage1-0-0,0,0,0,0,0,0,0,0
1781923435163,Executor2,Stage1-3-0,0,0,0,0,0,0,0,0
1781923435176,Executor2,Stage1-3-0,0,0,0,0,0,0,0,0
1781923435204,Executor7,Stage1-1-0,0,0,0,0,0,0,0,0
1781923435367,Executor1,Stage1-2-0,0,0,0,0,0,0,0,0
1781923435370,Executor0,Stage0-0-0,0,0,0,0,0,0,0,0
1781923435620,Executor3,Stage1-0-0,0,0,0,0,0,0,0,0
1781923435927,Executor0,Stage0-0-0,0,0,0,0,0,0,0,0
1781923435927,Executor0,Stage0-1-0,0,0,0,0,0,0,0,0
1781923435927,Executor0,Stage0-2-0,0,0,0,0,0,0,0,0
1781923435927,Executor0,Stage0-3-0,0,0,0,0,0,0,0,0
1781923435978,Executor1,Stage1-0-0,0,0,0,0,0,0,0,0
1781923436082,Executor7,Stage1-0-0,0,0,0,0,0,0,0,0
1781923436163,Executor2,Stage1-3-0,0,0,0,0,0,0,0,0
1781923436176,Executor2,Stage1-3-0,0,0,0,0,0,0,0,0
1781923436204,Executor7,Stage1-1-0,0,0,0,0,0,0,0,0
1781923436367,Executor1,Stage1-2-0,0,0,0,0,0,0,0,0
1781923436370,Executor0,Stage0-0-0,0,0,0,0,0,0,0,0
1781923436620,Executor3,Stage1-0-0,0,0,0,0,0,0,0,0
1781923436927,Executor0,Stage0-0-0,0,0,0,0,0,0,0,0
1781923436927,Executor0,Stage0-1-0,0,0,0,0,0,0,0,0
1781923436927,Executor0,Stage0-2-0,0,0,0,0,0,0,0,0
1781923436927,Executor0,Stage0-3-0,0,0,0,0,0,0,0,0
1781923436978,Executor1,Stage1-0-0,0,0,0,0,0,0,0,0
1781923437082,Executor7,Stage1-0-0,0,0,0,0,0,0,0,0
1781923437163,Executor2,Stage1-3-0,0,0,0,0,0,0,0,0
1781923437176,Executor2,Stage1-3-0,0,0,0,0,0,0,0,0
1781923437204,Executor7,Stage1-1-0,0,0,0,0,0,0,0,0
1781923437367,Executor1,Stage1-2-0,0,0,0,0,0,0,0,0
1781923437370,Executor0,Stage0-0-0,0,0,0,0,0,0,0,0
1781923437620,Executor3,Stage1-0-0,0,0,0,0,0,0,0,0
1781923437927,Executor0,Stage0-0-0,0,0,0,0,0,0,0,0
1781923437927,Executor0,Stage0-1-0,0,0,0,0,0,0,0,0
1781923437927,Executor0,Stage0-2-0,0,0,0,0,0,0,0,0
1781923437927,Executor0,Stage0-3-0,0,0,0,0,0,0,0,0
1781923437978,Executor1,Stage1-0-0,0,0,0,0,0,0,0,0
1781923438082,Executor7,Stage1-0-0,0,0,0,0,0,0,0,0
1781923438163,Executor2,Stage1-3-0,0,0,0,0,0,0,0,0
1781923438176,Executor2,Stage1-3-0,0,0,0,0,0,0,0,0
1781923438204,Executor7,Stage1-1-0,0,0,0,0,0,0,0,0
1781923438367,Executor1,Stage1-2-0,0,0,0,0,0,0,0,0
1781923438370,Executor0,Stage0-0-0,0,0,0,0,0,0,0,0
1781923438620,Executor3,Stage1-0-0,0,0,0,0,0,0,0,0
1781923438927,Executor0,Stage0-0-0,0,0,0,0,0,0,0,0
1781923438927,Executor0,Stage0-1-0,0,0,0,0,0,0,0,0
1781923438927,Executor0,Stage0-2-0,0,0,0,0,0,0,0,0
1781923438927,Executor0,Stage0-3-0,0,0,0,0,0,0,0,0
1781923438978,Executor1,Stage1-0-0,0,0,0,0,0,0,0,0
1781923439082,Executor7,Stage1-0-0,0,0,0,0,0,0,0,0
1781923439163,Executor2,Stage1-3-0,0,0,0,0,0,0,0,0
1781923439176,Executor2,Stage1-3-0,0,0,0,0,0,0,0,0
1781923439204,Executor7,Stage1-1-0,0,0,0,0,0,0,0,0
1781923439367,Executor1,Stage1-2-0,0,0,0,0,0,0,0,0
1781923439370,Executor0,Stage0-0-0,0,0,0,0,0,0,0,0
1781923439620,Executor3,Stage1-0-0,0,0,0,0,0,0,0,0
1781923439927,Executor0,Stage0-0-0,0,0,0,0,0,0,0,0
1781923439927,Executor0,Stage0-1-0,0,0,0,0,0,0,0,0
1781923439927,Executor0,Stage0-2-0,0,0,0,0,0,0,0,0
1781923439927,Executor0,Stage0-3-0,0,0,0,0,0,0,0,0
1781923439978,Executor1,Stage1-0-0,0,0,0,0,0,0,0,0
1781923440081,Executor7,Stage1-0-0,0,0,0,0,0,0,0,0
1781923440163,Executor2,Stage1-3-0,0,0,0,0,0,0,0,0
1781923440176,Executor2,Stage1-3-0,0,0,0,0,0,0,0,0
1781923440204,Executor7,Stage1-1-0,0,0,0,0,0,0,0,0
1781923440367,Executor1,Stage1-2-0,0,0,0,0,0,0,0,0
1781923440370,Executor0,Stage0-0-0,0,0,0,0,0,0,0,0
1781923440620,Executor3,Stage1-0-0,0,0,0,0,0,0,0,0
1781923440927,Executor0,Stage0-0-0,0,0,0,0,0,0,0,0
1781923440927,Executor0,Stage0-1-0,0,0,0,0,0,0,0,0
1781923440927,Executor0,Stage0-2-0,0,0,0,0,0,0,0,0
1781923440927,Executor0,Stage0-3-0,0,0,0,0,0,0,0,0
1781923440978,Executor1,Stage1-0-0,0,0,0,0,0,0,0,0
1781923441082,Executor7,Stage1-0-0,0,0,0,0,0,0,0,0
1781923441163,Executor2,Stage1-3-0,0,0,0,0,0,0,0,0
1781923441176,Executor2,Stage1-3-0,0,0,0,0,0,0,0,0
1781923441204,Executor7,Stage1-1-0,0,0,0,0,0,0,0,0
1781923441367,Executor1,Stage1-2-0,0,0,0,0,0,0,0,0
1781923441370,Executor0,Stage0-0-0,0,0,0,0,0,0,0,0
1781923441620,Executor3,Stage1-0-0,0,0,0,0,0,0,0,0
1781923441927,Executor0,Stage0-0-0,0,0,0,0,0,0,0,0
1781923441927,Executor0,Stage0-1-0,0,0,0,0,0,0,0,0
1781923441927,Executor0,Stage0-2-0,0,0,0,0,0,0,0,0
1781923441927,Executor0,Stage0-3-0,0,0,0,0,0,0,0,0
1781923441978,Executor1,Stage1-0-0,0,0,0,0,0,0,0,0
1781923442082,Executor7,Stage1-0-0,0,0,0,0,0,0,0,0
1781923442163,Executor2,Stage1-3-0,0,0,0,0,0,0,0,0
1781923442176,Executor2,Stage1-3-0,0,0,0,0,0,0,0,0
1781923442204,Executor7,Stage1-1-0,0,0,0,0,0,0,0,0
1781923442367,Executor1,Stage1-2-0,0,0,0,0,0,0,0,0
1781923442370,Executor0,Stage0-0-0,0,0,0,0,0,0,0,0
1781923442620,Executor3,Stage1-0-0,0,0,0,0,0,0,0,0
1781923442927,Executor0,Stage0-0-0,0,0,0,0,0,0,0,0
1781923442927,Executor0,Stage0-1-0,0,0,0,0,0,0,0,0
1781923442927,Executor0,Stage0-2-0,0,0,0,0,0,0,0,0
1781923442927,Executor0,Stage0-3-0,0,0,0,0,0,0,0,0
1781923442978,Executor1,Stage1-0-0,0,0,0,0,0,0,0,0
1781923443081,Executor7,Stage1-0-0,0,0,0,0,0,0,0,0
1781923443163,Executor2,Stage1-3-0,0,0,0,0,0,0,0,0
1781923443176,Executor2,Stage1-3-0,0,0,0,0,0,0,0,0
1781923443204,Executor7,Stage1-1-0,0,0,0,0,0,0,0,0
1781923443367,Executor1,Stage1-2-0,0,0,0,0,0,0,0,0
1781923443370,Executor0,Stage0-0-0,0,0,0,0,0,0,0,0
1781923443620,Executor3,Stage1-0-0,0,0,0,0,0,0,0,0
1781923443927,Executor0,Stage0-0-0,0,0,0,0,0,0,0,0
1781923443927,Executor0,Stage0-1-0,0,0,0,0,0,0,0,0
1781923443927,Executor0,Stage0-2-0,0,0,0,0,0,0,0,0
1781923443927,Executor0,Stage0-3-0,0,0,0,0,0,0,0,0
1781923443978,Executor1,Stage1-0-0,0,0,0,0,0,0,0,0
1781923444082,Executor7,Stage1-0-0,0,0,0,0,0,0,0,0
1781923444163,Executor2,Stage1-3-0,0,0,0,0,0,0,0,0
1781923444176,Executor2,Stage1-3-0,0,0,0,0,0,0,0,0
1781923444204,Executor7,Stage1-1-0,0,0,0,0,0,0,0,0
1781923444367,Executor1,Stage1-2-0,0,0,0,0,0,0,0,0
1781923444370,Executor0,Stage0-0-0,0,0,0,0,0,0,0,0
1781923444620,Executor3,Stage1-0-0,0,0,0,0,0,0,0,0
1781923444927,Executor0,Stage0-0-0,0,0,0,0,0,0,0,0
1781923444927,Executor0,Stage0-1-0,0,0,0,0,0,0,0,0
1781923444927,Executor0,Stage0-2-0,0,0,0,0,0,0,0,0
1781923444927,Executor0,Stage0-3-0,0,0,0,0,0,0,0,0
1781923444978,Executor1,Stage1-0-0,0,0,0,0,0,0,0,0
1781923445082,Executor7,Stage1-0-0,0,0,0,0,0,0,0,0
1781923445163,Executor2,Stage1-3-0,0,0,0,0,0,0,0,0
1781923445176,Executor2,Stage1-3-0,0,0,0,0,0,0,0,0
1781923445204,Executor7,Stage1-1-0,0,0,0,0,0,0,0,0
1781923445367,Executor1,Stage1-2-0,0,0,0,0,0,0,0,0
1781923445370,Executor0,Stage0-0-0,0,0,0,0,0,0,0,0
1781923445620,Executor3,Stage1-0-0,0,0,0,0,0,0,0,0
1781923445927,Executor0,Stage0-0-0,0,0,0,0,0,0,0,0
1781923445927,Executor0,Stage0-1-0,0,0,0,0,0,0,0,0
1781923445927,Executor0,Stage0-2-0,0,0,0,0,0,0,0,0
1781923445927,Executor0,Stage0-3-0,0,0,0,0,0,0,0,0
1781923445978,Executor1,Stage1-0-0,0,0,0,0,0,0,0,0
1781923446081,Executor7,Stage1-0-0,0,0,0,0,0,0,0,0
1781923446163,Executor2,Stage1-3-0,0,0,0,0,0,0,0,0
1781923446176,Executor2,Stage1-3-0,0,0,0,0,0,0,0,0
1781923446204,Executor7,Stage1-1-0,0,0,0,0,0,0,0,0
1781923446367,Executor1,Stage1-2-0,0,0,0,0,0,0,0,0
1781923446370,Executor0,Stage0-0-0,0,0,0,0,0,0,0,0
1781923446620,Executor3,Stage1-0-0,0,0,0,0,0,0,0,0
1781923446927,Executor0,Stage0-0-0,0,0,0,0,0,0,0,0
1781923446927,Executor0,Stage0-1-0,0,0,0,0,0,0,0,0
1781923446927,Executor0,Stage0-2-0,0,0,0,0,0,0,0,0
1781923446927,Executor0,Stage0-3-0,0,0,0,0,0,0,0,0
1781923446978,Executor1,Stage1-0-0,0,0,0,0,0,0,0,0
1781923447082,Executor7,Stage1-0-0,0,0,0,0,0,0,0,0
1781923447163,Executor2,Stage1-3-0,0,0,0,0,0,0,0,0
1781923447176,Executor2,Stage1-3-0,0,0,0,0,0,0,0,0
1781923447204,Executor7,Stage1-1-0,0,0,0,0,0,0,0,0
1781923447367,Executor1,Stage1-2-0,0,0,0,0,0,0,0,0
1781923447370,Executor0,Stage0-0-0,0,0,0,0,0,0,0,0
1781923447620,Executor3,Stage1-0-0,0,0,0,0,0,0,0,0
1781923447927,Executor0,Stage0-0-0,0,0,0,0,0,0,0,0
1781923447927,Executor0,Stage0-1-0,0,0,0,0,0,0,0,0
1781923447927,Executor0,Stage0-2-0,0,0,0,0,0,0,0,0
1781923447927,Executor0,Stage0-3-0,0,0,0,0,0,0,0,0
1781923447978,Executor1,Stage1-0-0,0,0,0,0,0,0,0,0
1781923448082,Executor7,Stage1-0-0,0,0,0,0,0,0,0,0
1781923448163,Executor2,Stage1-3-0,0,0,0,0,0,0,0,0
1781923448176,Executor2,Stage1-3-0,0,0,0,0,0,0,0,0
1781923448204,Executor7,Stage1-1-0,0,0,0,0,0,0,0,0
1781923448367,Executor1,Stage1-2-0,0,0,0,0,0,0,0,0
1781923448370,Executor0,Stage0-0-0,0,0,0,0,0,0,0,0
1781923448620,Executor3,Stage1-0-0,0,0,0,0,0,0,0,0
1781923448927,Executor0,Stage0-0-0,0,0,0,0,0,0,0,0
1781923448927,Executor0,Stage0-1-0,0,0,0,0,0,0,0,0
1781923448927,Executor0,Stage0-2-0,0,0,0,0,0,0,0,0
1781923448927,Executor0,Stage0-3-0,0,0,0,0,0,0,0,0
1781923448978,Executor1,Stage1-0-0,0,0,0,0,0,0,0,0
1781923449081,Executor7,Stage1-0-0,0,0,0,0,0,0,0,0
1781923449163,Executor2,Stage1-3-0,0,0,0,0,0,0,0,0
1781923449176,Executor2,Stage1-3-0,0,0,0,0,0,0,0,0
1781923449204,Executor7,Stage1-1-0,0,0,0,0,0,0,0,0
1781923449367,Executor1,Stage1-2-0,0,0,0,0,0,0,0,0
1781923449370,Executor0,Stage0-0-0,0,0,0,0,0,0,0,0
1781923449620,Executor3,Stage1-0-0,0,0,0,0,0,0,0,0
1781923449927,Executor0,Stage0-0-0,0,0,0,0,0,0,0,0
1781923449927,Executor0,Stage0-1-0,0,0,0,0,0,0,0,0
1781923449927,Executor0,Stage0-2-0,0,0,0,0,0,0,0,0
1781923449927,Executor0,Stage0-3-0,0,0,0,0,0,0,0,0
1781923449978,Executor1,Stage1-0-0,0,0,0,0,0,0,0,0
1781923450082,Executor7,Stage1-0-0,0,0,0,0,0,0,0,0
1781923450163,Executor2,Stage1-3-0,0,0,0,0,0,0,0,0
1781923450176,Executor2,Stage1-3-0,0,0,0,0,0,0,0,0
1781923450204,Executor7,Stage1-1-0,0,0,0,0,0,0,0,0
1781923450367,Executor1,Stage1-2-0,0,0,0,0,0,0,0,0
1781923450370,Executor0,Stage0-0-0,0,0,0,0,0,0,0,0
1781923450620,Executor3,Stage1-0-0,0,0,0,0,0,0,0,0
1781923450927,Executor0,Stage0-0-0,0,0,0,0,0,0,0,0
1781923450927,Executor0,Stage0-1-0,0,0,0,0,0,0,0,0
1781923450927,Executor0,Stage0-2-0,0,0,0,0,0,0,0,0
1781923450927,Executor0,Stage0-3-0,0,0,0,0,0,0,0,0
1781923450978,Executor1,Stage1-0-0,0,0,0,0,0,0,0,0
1781923451082,Executor7,Stage1-0-0,0,0,0,0,0,0,0,0
1781923451163,Executor2,Stage1-3-0,0,0,0,0,0,0,0,0
1781923451176,Executor2,Stage1-3-0,0,0,0,0,0,0,0,0
1781923451204,Executor7,Stage1-1-0,0,0,0,0,0,0,0,0
1781923451367,Executor1,Stage1-2-0,0,0,0,0,0,0,0,0
1781923451370,Executor0,Stage0-0-0,0,0,0,0,0,0,0,0
1781923451620,Executor3,Stage1-0-0,0,0,0,0,0,0,0,0
1781923451927,Executor0,Stage0-0-0,0,0,0,0,0,0,0,0
1781923451927,Executor0,Stage0-1-0,0,0,0,0,0,0,0,0
1781923451927,Executor0,Stage0-2-0,0,0,0,0,0,0,0,0
1781923451927,Executor0,Stage0-3-0,0,0,0,0,0,0,0,0
1781923451978,Executor1,Stage1-0-0,0,0,0,0,0,0,0,0
1781923452082,Executor7,Stage1-0-0,0,0,0,0,0,0,0,0
1781923452163,Executor2,Stage1-3-0,0,0,0,0,0,0,0,0
1781923452176,Executor2,Stage1-3-0,0,0,0,0,0,0,0,0
1781923452204,Executor7,Stage1-1-0,0,0,0,0,0,0,0,0
1781923452367,Executor1,Stage1-2-0,0,0,0,0,0,0,0,0
1781923452370,Executor0,Stage0-0-0,0,0,0,0,0,0,0,0
1781923452620,Executor3,Stage1-0-0,0,0,0,0,0,0,0,0
1781923452927,Executor0,Stage0-0-0,0,0,0,0,0,0,0,0
1781923452927,Executor0,Stage0-1-0,0,0,0,0,0,0,0,0
1781923452927,Executor0,Stage0-2-0,0,0,0,0,0,0,0,0
1781923452927,Executor0,Stage0-3-0,0,0,0,0,0,0,0,0
1781923452978,Executor1,Stage1-0-0,0,0,0,0,0,0,0,0
1781923453082,Executor7,Stage1-0-0,0,0,0,0,0,0,0,0
1781923453163,Executor2,Stage1-3-0,0,0,0,0,0,0,0,0
1781923453176,Executor2,Stage1-3-0,0,0,0,0,0,0,0,0
1781923453204,Executor7,Stage1-1-0,0,0,0,0,0,0,0,0
1781923453367,Executor1,Stage1-2-0,0,0,0,0,0,0,0,0
1781923453370,Executor0,Stage0-0-0,0,0,0,0,0,0,0,0
1781923453620,Executor3,Stage1-0-0,0,0,0,0,0,0,0,0
1781923453927,Executor0,Stage0-0-0,0,0,0,0,0,0,0,0
1781923453927,Executor0,Stage0-1-0,0,0,0,0,0,0,0,0
1781923453927,Executor0,Stage0-2-0,0,0,0,0,0,0,0,0
1781923453927,Executor0,Stage0-3-0,0,0,0,0,0,0,0,0
1781923453978,Executor1,Stage1-0-0,0,0,0,0,0,0,0,0
1781923454082,Executor7,Stage1-0-0,0,0,0,0,0,0,0,0
1781923454163,Executor2,Stage1-3-0,0,0,0,0,0,0,0,0
1781923454176,Executor2,Stage1-3-0,0,0,0,0,0,0,0,0
1781923454204,Executor7,Stage1-1-0,0,0,0,0,0,0,0,0
1781923454367,Executor1,Stage1-2-0,0,0,0,0,0,0,0,0
1781923454370,Executor0,Stage0-0-0,0,0,0,0,0,0,0,0
1781923454620,Executor3,Stage1-0-0,0,0,0,0,0,0,0,0
1781923454927,Executor0,Stage0-0-0,0,0,0,0,0,0,0,0
1781923454927,Executor0,Stage0-1-0,0,0,0,0,0,0,0,0
1781923454927,Executor0,Stage0-2-0,0,0,0,0,0,0,0,0
1781923454927,Executor0,Stage0-3-0,0,0,0,0,0,0,0,0
1781923454978,Executor1,Stage1-0-0,0,0,0,0,0,0,0,0
1781923455082,Executor7,Stage1-0-0,0,0,0,0,0,0,0,0
1781923455163,Executor2,Stage1-3-0,0,0,0,0,0,0,0,0
1781923455176,Executor2,Stage1-3-0,0,0,0,0,0,0,0,0
1781923455204,Executor7,Stage1-1-0,0,0,0,0,0,0,0,0
1781923455367,Executor1,Stage1-2-0,0,0,0,0,0,0,0,0
1781923455370,Executor0,Stage0-0-0,0,0,0,0,0,0,0,0
1781923455620,Executor3,Stage1-0-0,0,0,0,0,0,0,0,0
1781923455927,Executor0,Stage0-0-0,0,0,0,0,0,0,0,0
1781923455927,Executor0,Stage0-1-0,0,0,0,0,0,0,0,0
1781923455927,Executor0,Stage0-2-0,0,0,0,0,0,0,0,0
1781923455927,Executor0,Stage0-3-0,0,0,0,0,0,0,0,0
1781923455978,Executor1,Stage1-0-0,0,0,0,0,0,0,0,0
1781923456082,Executor7,Stage1-0-0,0,0,0,0,0,0,0,0
1781923456163,Executor2,Stage1-3-0,0,0,0,0,0,0,0,0
1781923456176,Executor2,Stage1-3-0,0,0,0,0,0,0,0,0
1781923456204,Executor7,Stage1-1-0,0,0,0,0,0,0,0,0
1781923456367,Executor1,Stage1-2-0,0,0,0,0,0,0,0,0
1781923456370,Executor0,Stage0-0-0,0,0,0,0,0,0,0,0
1781923456620,Executor3,Stage1-0-0,0,0,0,0,0,0,0,0
1781923456927,Executor0,Stage0-0-0,0,0,0,0,0,0,0,0
1781923456927,Executor0,Stage0-1-0,0,0,0,0,0,0,0,0
1781923456927,Executor0,Stage0-2-0,0,0,0,0,0,0,0,0
1781923456927,Executor0,Stage0-3-0,0,0,0,0,0,0,0,0
1781923456978,Executor1,Stage1-0-0,0,0,0,0,0,0,0,0
1781923457082,Executor7,Stage1-0-0,0,0,0,0,0,0,0,0
1781923457163,Executor2,Stage1-3-0,0,0,0,0,0,0,0,0
1781923457176,Executor2,Stage1-3-0,0,0,0,0,0,0,0,0
1781923457204,Executor7,Stage1-1-0,0,0,0,0,0,0,0,0
1781923457367,Executor1,Stage1-2-0,0,0,0,0,0,0,0,0
1781923457370,Executor0,Stage0-0-0,0,0,0,0,0,0,0,0
1781923457620,Executor3,Stage1-0-0,0,0,0,0,0,0,0,0
1781923457927,Executor0,Stage0-0-0,0,0,0,0,0,0,0,0
1781923457927,Executor0,Stage0-1-0,0,0,0,0,0,0,0,0
1781923457927,Executor0,Stage0-2-0,0,0,0,0,0,0,0,0
1781923457927,Executor0,Stage0-3-0,0,0,0,0,0,0,0,0
1781923457978,Executor1,Stage1-0-0,0,0,0,0,0,0,0,0
1781923458082,Executor7,Stage1-0-0,0,0,0,0,0,0,0,0
1781923458163,Executor2,Stage1-3-0,0,0,0,0,0,0,0,0
1781923458176,Executor2,Stage1-3-0,0,0,0,0,0,0,0,0
1781923458204,Executor7,Stage1-1-0,0,0,0,0,0,0,0,0
1781923458367,Executor1,Stage1-2-0,0,0,0,0,0,0,0,0
1781923458370,Executor0,Stage0-0-0,0,0,0,0,0,0,0,0
1781923458620,Executor3,Stage1-0-0,0,0,0,0,0,0,0,0
1781923458927,Executor0,Stage0-0-0,0,0,0,0,0,0,0,0
1781923458927,Executor0,Stage0-1-0,0,0,0,0,0,0,0,0
1781923458927,Executor0,Stage0-2-0,0,0,0,0,0,0,0,0
1781923458927,Executor0,Stage0-3-0,0,0,0,0,0,0,0,0
1781923458978,Executor1,Stage1-0-0,0,0,0,0,0,0,0,0
1781923459082,Executor7,Stage1-0-0,0,0,0,0,0,0,0,0
1781923459163,Executor2,Stage1-3-0,0,0,0,0,0,0,0,0
1781923459176,Executor2,Stage1-3-0,0,0,0,0,0,0,0,0
1781923459204,Executor7,Stage1-1-0,0,0,0,0,0,0,0,0
1781923459367,Executor1,Stage1-2-0,0,0,0,0,0,0,0,0
1781923459370,Executor0,Stage0-0-0,0,0,0,0,0,0,0,0
1781923459620,Executor3,Stage1-0-0,0,0,0,0,0,0,0,0
1781923459927,Executor0,Stage0-0-0,0,0,0,0,0,0,0,0
1781923459927,Executor0,Stage0-1-0,0,0,0,0,0,0,0,0
1781923459927,Executor0,Stage0-2-0,0,0,0,0,0,0,0,0
1781923459927,Executor0,Stage0-3-0,0,0,0,0,0,0,0,0
1781923459978,Executor1,Stage1-0-0,0,0,0,0,0,0,0,0
1781923460082,Executor7,Stage1-0-0,0,0,0,0,0,0,0,0
1781923460163,Executor2,Stage1-3-0,0,0,0,0,0,0,0,0
1781923460176,Executor2,Stage1-3-0,0,0,0,0,0,0,0,0
1781923460204,Executor7,Stage1-1-0,0,0,0,0,0,0,0,0
1781923460367,Executor1,Stage1-2-0,0,0,0,0,0,0,0,0
1781923460370,Executor0,Stage0-0-0,0,0,0,0,0,0,0,0
1781923460620,Executor3,Stage1-0-0,0,0,0,0,0,0,0,0
1781923460927,Executor0,Stage0-0-0,0,0,0,0,0,0,0,0
1781923460927,Executor0,Stage0-1-0,0,0,0,0,0,0,0,0
1781923460927,Executor0,Stage0-2-0,0,0,0,0,0,0,0,0
1781923460927,Executor0,Stage0-3-0,0,0,0,0,0,0,0,0
1781923460978,Executor1,Stage1-0-0,0,0,0,0,0,0,0,0
1781923461082,Executor7,Stage1-0-0,0,0,0,0,0,0,0,0
1781923461163,Executor2,Stage1-3-0,0,0,0,0,0,0,0,0
1781923461176,Executor2,Stage1-3-0,0,0,0,0,0,0,0,0
1781923461204,Executor7,Stage1-1-0,0,0,0,0,0,0,0,0
1781923461367,Executor1,Stage1-2-0,0,0,0,0,0,0,0,0
1781923461370,Executor0,Stage0-0-0,0,0,0,0,0,0,0,0
1781923461620,Executor3,Stage1-0-0,0,0,0,0,0,0,0,0
1781923461927,Executor0,Stage0-0-0,0,0,0,0,0,0,0,0
1781923461927,Executor0,Stage0-1-0,0,0,0,0,0,0,0,0
1781923461927,Executor0,Stage0-2-0,0,0,0,0,0,0,0,0
1781923461927,Executor0,Stage0-3-0,0,0,0,0,0,0,0,0
1781923461978,Executor1,Stage1-0-0,0,0,0,0,0,0,0,0
1781923462082,Executor7,Stage1-0-0,0,0,0,0,0,0,0,0
1781923462163,Executor2,Stage1-3-0,0,0,0,0,0,0,0,0
1781923462176,Executor2,Stage1-3-0,0,0,0,0,0,0,0,0
1781923462204,Executor7,Stage1-1-0,0,0,0,0,0,0,0,0
1781923462367,Executor1,Stage1-2-0,0,0,0,0,0,0,0,0
1781923462370,Executor0,Stage0-0-0,0,0,0,0,0,0,0,0
1781923462620,Executor3,Stage1-0-0,0,0,0,0,0,0,0,0
1781923462927,Executor0,Stage0-0-0,0,0,0,0,0,0,0,0
1781923462927,Executor0,Stage0-1-0,0,0,0,0,0,0,0,0
1781923462927,Executor0,Stage0-2-0,0,0,0,0,0,0,0,0
1781923462927,Executor0,Stage0-3-0,0,0,0,0,0,0,0,0
1781923462978,Executor1,Stage1-0-0,0,0,0,0,0,0,0,0
1781923463081,Executor7,Stage1-0-0,0,0,0,0,0,0,0,0
1781923463163,Executor2,Stage1-3-0,0,0,0,0,0,0,0,0
1781923463176,Executor2,Stage1-3-0,0,0,0,0,0,0,0,0
1781923463204,Executor7,Stage1-1-0,0,0,0,0,0,0,0,0
1781923463367,Executor1,Stage1-2-0,0,0,0,0,0,0,0,0
1781923463370,Executor0,Stage0-0-0,0,0,0,0,0,0,0,0
1781923463620,Executor3,Stage1-0-0,0,0,0,0,0,0,0,0
1781923463927,Executor0,Stage0-0-0,0,0,0,0,0,0,0,0
1781923463927,Executor0,Stage0-1-0,0,0,0,0,0,0,0,0
1781923463927,Executor0,Stage0-2-0,0,0,0,0,0,0,0,0
1781923463927,Executor0,Stage0-3-0,0,0,0,0,0,0,0,0
1781923463978,Executor1,Stage1-0-0,0,0,0,0,0,0,0,0
1781923464081,Executor7,Stage1-0-0,0,0,0,0,0,0,0,0
1781923464163,Executor2,Stage1-3-0,0,0,0,0,0,0,0,0
1781923464176,Executor2,Stage1-3-0,0,0,0,0,0,0,0,0
1781923464204,Executor7,Stage1-1-0,0,0,0,0,0,0,0,0
1781923464367,Executor1,Stage1-2-0,0,0,0,0,0,0,0,0
1781923464370,Executor0,Stage0-0-0,0,0,0,0,0,0,0,0
1781923464620,Executor3,Stage1-0-0,0,0,0,0,0,0,0,0
1781923464927,Executor0,Stage0-0-0,0,0,0,0,0,0,0,0
1781923464927,Executor0,Stage0-1-0,0,0,0,0,0,0,0,0
1781923464927,Executor0,Stage0-2-0,0,0,0,0,0,0,0,0
1781923464927,Executor0,Stage0-3-0,0,0,0,0,0,0,0,0
1781923464978,Executor1,Stage1-0-0,0,0,0,0,0,0,0,0
1781923465082,Executor7,Stage1-0-0,0,0,0,0,0,0,0,0
1781923465163,Executor2,Stage1-3-0,0,0,0,0,0,0,0,0
1781923465176,Executor2,Stage1-3-0,0,0,0,0,0,0,0,0
1781923465204,Executor7,Stage1-1-0,0,0,0,0,0,0,0,0
1781923465367,Executor1,Stage1-2-0,0,0,0,0,0,0,0,0
1781923465370,Executor0,Stage0-0-0,0,0,0,0,0,0,0,0
1781923465620,Executor3,Stage1-0-0,0,0,0,0,0,0,0,0
1781923465927,Executor0,Stage0-0-0,0,0,0,0,0,0,0,0
1781923465927,Executor0,Stage0-1-0,0,0,0,0,0,0,0,0
1781923465927,Executor0,Stage0-2-0,0,0,0,0,0,0,0,0
1781923465927,Executor0,Stage0-3-0,0,0,0,0,0,0,0,0
1781923465978,Executor1,Stage1-0-0,0,0,0,0,0,0,0,0
1781923466082,Executor7,Stage1-0-0,0,0,0,0,0,0,0,0
1781923466163,Executor2,Stage1-3-0,0,0,0,0,0,0,0,0
1781923466176,Executor2,Stage1-3-0,0,0,0,0,0,0,0,0
1781923466204,Executor7,Stage1-1-0,0,0,0,0,0,0,0,0
1781923466367,Executor1,Stage1-2-0,0,0,0,0,0,0,0,0
1781923466370,Executor0,Stage0-0-0,0,0,0,0,0,0,0,0
1781923466620,Executor3,Stage1-0-0,0,0,0,0,0,0,0,0
1781923466927,Executor0,Stage0-0-0,0,0,0,0,0,0,0,0
1781923466927,Executor0,Stage0-1-0,0,0,0,0,0,0,0,0
1781923466927,Executor0,Stage0-2-0,0,0,0,0,0,0,0,0
1781923466927,Executor0,Stage0-3-0,0,0,0,0,0,0,0,0
1781923466978,Executor1,Stage1-0-0,0,0,0,0,0,0,0,0
1781923467082,Executor7,Stage1-0-0,0,0,0,0,0,0,0,0
1781923467163,Executor2,Stage1-3-0,0,0,0,0,0,0,0,0
1781923467176,Executor2,Stage1-3-0,0,0,0,0,0,0,0,0
1781923467204,Executor7,Stage1-1-0,0,0,0,0,0,0,0,0
1781923467367,Executor1,Stage1-2-0,0,0,0,0,0,0,0,0
1781923467370,Executor0,Stage0-0-0,0,0,0,0,0,0,0,0
1781923467620,Executor3,Stage1-0-0,0,0,0,0,0,0,0,0
1781923467927,Executor0,Stage0-0-0,0,0,0,0,0,0,0,0
1781923467927,Executor0,Stage0-1-0,0,0,0,0,0,0,0,0
1781923467927,Executor0,Stage0-2-0,0,0,0,0,0,0,0,0
1781923467927,Executor0,Stage0-3-0,0,0,0,0,0,0,0,0
1781923467978,Executor1,Stage1-0-0,0,0,0,0,0,0,0,0
1781923468082,Executor7,Stage1-0-0,0,0,0,0,0,0,0,0
1781923468163,Executor2,Stage1-3-0,0,0,0,0,0,0,0,0
1781923468176,Executor2,Stage1-3-0,0,0,0,0,0,0,0,0
1781923468204,Executor7,Stage1-1-0,0,0,0,0,0,0,0,0
1781923468367,Executor1,Stage1-2-0,0,0,0,0,0,0,0,0
1781923468370,Executor0,Stage0-0-0,0,0,0,0,0,0,0,0
1781923468620,Executor3,Stage1-0-0,0,0,0,0,0,0,0,0
1781923468927,Executor0,Stage0-0-0,0,0,0,0,0,0,0,0
1781923468927,Executor0,Stage0-1-0,0,0,0,0,0,0,0,0
1781923468927,Executor0,Stage0-2-0,0,0,0,0,0,0,0,0
1781923468927,Executor0,Stage0-3-0,0,0,0,0,0,0,0,0
1781923468978,Executor1,Stage1-0-0,0,0,0,0,0,0,0,0
1781923469082,Executor7,Stage1-0-0,0,0,0,0,0,0,0,0
1781923469163,Executor2,Stage1-3-0,0,0,0,0,0,0,0,0
1781923469176,Executor2,Stage1-3-0,0,0,0,0,0,0,0,0
1781923469204,Executor7,Stage1-1-0,0,0,0,0,0,0,0,0
1781923469367,Executor1,Stage1-2-0,0,0,0,0,0,0,0,0
1781923469370,Executor0,Stage0-0-0,0,0,0,0,0,0,0,0
1781923469620,Executor3,Stage1-0-0,0,0,0,0,0,0,0,0
1781923469927,Executor0,Stage0-0-0,0,0,0,0,0,0,0,0
1781923469927,Executor0,Stage0-1-0,0,0,0,0,0,0,0,0
1781923469927,Executor0,Stage0-2-0,0,0,0,0,0,0,0,0
1781923469927,Executor0,Stage0-3-0,0,0,0,0,0,0,0,0
1781923469978,Executor1,Stage1-0-0,0,0,0,0,0,0,0,0
1781923470082,Executor7,Stage1-0-0,0,0,0,0,0,0,0,0
1781923470163,Executor2,Stage1-3-0,0,0,0,0,0,0,0,0
1781923470176,Executor2,Stage1-3-0,0,0,0,0,0,0,0,0
1781923470204,Executor7,Stage1-1-0,0,0,0,0,0,0,0,0
1781923470367,Executor1,Stage1-2-0,0,0,0,0,0,0,0,0
1781923470370,Executor0,Stage0-0-0,0,0,0,0,0,0,0,0
1781923470620,Executor3,Stage1-0-0,0,0,0,0,0,0,0,0
1781923470927,Executor0,Stage0-0-0,0,0,0,0,0,0,0,0
1781923470927,Executor0,Stage0-1-0,0,0,0,0,0,0,0,0
1781923470927,Executor0,Stage0-2-0,0,0,0,0,0,0,0,0
1781923470927,Executor0,Stage0-3-0,0,0,0,0,0,0,0,0
1781923470978,Executor1,Stage1-0-0,0,0,0,0,0,0,0,0
1781923471082,Executor7,Stage1-0-0,0,0,0,0,0,0,0,0
1781923471163,Executor2,Stage1-3-0,0,0,0,0,0,0,0,0
1781923471176,Executor2,Stage1-3-0,0,0,0,0,0,0,0,0
1781923471204,Executor7,Stage1-1-0,0,0,0,0,0,0,0,0
1781923471367,Executor1,Stage1-2-0,0,0,0,0,0,0,0,0
1781923471370,Executor0,Stage0-0-0,0,0,0,0,0,0,0,0
1781923471620,Executor3,Stage1-0-0,0,0,0,0,0,0,0,0
1781923471927,Executor0,Stage0-0-0,0,0,0,0,0,0,0,0
1781923471927,Executor0,Stage0-1-0,0,0,0,0,0,0,0,0
1781923471927,Executor0,Stage0-2-0,0,0,0,0,0,0,0,0
1781923471927,Executor0,Stage0-3-0,0,0,0,0,0,0,0,0
1781923471978,Executor1,Stage1-0-0,0,0,0,0,0,0,0,0
1781923472081,Executor7,Stage1-0-0,0,0,0,0,0,0,0,0
1781923472163,Executor2,Stage1-3-0,0,0,0,0,0,0,0,0
1781923472176,Executor2,Stage1-3-0,0,0,0,0,0,0,0,0
1781923472204,Executor7,Stage1-1-0,0,0,0,0,0,0,0,0
1781923472367,Executor1,Stage1-2-0,0,0,0,0,0,0,0,0
1781923472370,Executor0,Stage0-0-0,0,0,0,0,0,0,0,0
1781923472620,Executor3,Stage1-0-0,0,0,0,0,0,0,0,0
1781923472927,Executor0,Stage0-0-0,0,0,0,0,0,0,0,0
1781923472927,Executor0,Stage0-1-0,0,0,0,0,0,0,0,0
1781923472927,Executor0,Stage0-2-0,0,0,0,0,0,0,0,0
1781923472927,Executor0,Stage0-3-0,0,0,0,0,0,0,0,0
1781923472978,Executor1,Stage1-0-0,0,0,0,0,0,0,0,0
1781923473081,Executor7,Stage1-0-0,0,0,0,0,0,0,0,0
1781923473163,Executor2,Stage1-3-0,0,0,0,0,0,0,0,0
1781923473176,Executor2,Stage1-3-0,0,0,0,0,0,0,0,0
1781923473204,Executor7,Stage1-1-0,0,0,0,0,0,0,0,0
1781923473367,Executor1,Stage1-2-0,0,0,0,0,0,0,0,0
1781923473370,Executor0,Stage0-0-0,0,0,0,0,0,0,0,0
1781923473621,Executor3,Stage1-0-0,0,0,0,0,0,0,0,0
1781923473927,Executor0,Stage0-0-0,0,0,0,0,0,0,0,0
1781923473927,Executor0,Stage0-1-0,0,0,0,0,0,0,0,0
1781923473927,Executor0,Stage0-2-0,0,0,0,0,0,0,0,0
1781923473927,Executor0,Stage0-3-0,0,0,0,0,0,0,0,0
1781923473978,Executor1,Stage1-0-0,0,0,0,0,0,0,0,0
1781923474082,Executor7,Stage1-0-0,0,0,0,0,0,0,0,0
1781923474163,Executor2,Stage1-3-0,0,0,0,0,0,0,0,0
1781923474176,Executor2,Stage1-3-0,0,0,0,0,0,0,0,0
1781923474204,Executor7,Stage1-1-0,0,0,0,0,0,0,0,0
1781923474367,Executor1,Stage1-2-0,0,0,0,0,0,0,0,0
1781923474370,Executor0,Stage0-0-0,0,0,0,0,0,0,0,0
1781923474620,Executor3,Stage1-0-0,0,0,0,0,0,0,0,0
1781923474927,Executor0,Stage0-0-0,0,0,0,0,0,0,0,0
1781923474927,Executor0,Stage0-1-0,0,0,0,0,0,0,0,0
1781923474927,Executor0,Stage0-2-0,0,0,0,0,0,0,0,0
1781923474927,Executor0,Stage0-3-0,0,0,0,0,0,0,0,0
1781923474978,Executor1,Stage1-0-0,0,0,0,0,0,0,0,0
1781923475082,Executor7,Stage1-0-0,0,0,0,0,0,0,0,0
1781923475163,Executor2,Stage1-3-0,0,0,0,0,0,0,0,0
1781923475176,Executor2,Stage1-3-0,0,0,0,0,0,0,0,0
1781923475204,Executor7,Stage1-1-0,0,0,0,0,0,0,0,0
1781923475367,Executor1,Stage1-2-0,0,0,0,0,0,0,0,0
1781923475370,Executor0,Stage0-0-0,0,0,0,0,0,0,0,0
1781923475620,Executor3,Stage1-0-0,0,0,0,0,0,0,0,0
1781923475927,Executor0,Stage0-0-0,0,0,0,0,0,0,0,0
1781923475927,Executor0,Stage0-1-0,0,0,0,0,0,0,0,0
1781923475927,Executor0,Stage0-2-0,0,0,0,0,0,0,0,0
1781923475927,Executor0,Stage0-3-0,0,0,0,0,0,0,0,0
1781923475978,Executor1,Stage1-0-0,0,0,0,0,0,0,0,0
1781923476081,Executor7,Stage1-0-0,0,0,0,0,0,0,0,0
1781923476163,Executor2,Stage1-3-0,0,0,0,0,0,0,0,0
1781923476176,Executor2,Stage1-3-0,0,0,0,0,0,0,0,0
1781923476204,Executor7,Stage1-1-0,0,0,0,0,0,0,0,0
1781923476367,Executor1,Stage1-2-0,0,0,0,0,0,0,0,0
1781923476370,Executor0,Stage0-0-0,0,0,0,0,0,0,0,0
1781923476620,Executor3,Stage1-0-0,0,0,0,0,0,0,0,0
1781923476927,Executor0,Stage0-0-0,0,0,0,0,0,0,0,0
1781923476927,Executor0,Stage0-1-0,0,0,0,0,0,0,0,0
1781923476927,Executor0,Stage0-2-0,0,0,0,0,0,0,0,0
1781923476927,Executor0,Stage0-3-0,0,0,0,0,0,0,0,0
1781923476978,Executor1,Stage1-0-0,0,0,0,0,0,0,0,0
1781923477081,Executor7,Stage1-0-0,0,0,0,0,0,0,0,0
1781923477163,Executor2,Stage1-3-0,0,0,0,0,0,0,0,0
1781923477176,Executor2,Stage1-3-0,0,0,0,0,0,0,0,0
1781923477204,Executor7,Stage1-1-0,0,0,0,0,0,0,0,0
1781923477367,Executor1,Stage1-2-0,0,0,0,0,0,0,0,0
1781923477370,Executor0,Stage0-0-0,0,0,0,0,0,0,0,0
1781923477620,Executor3,Stage1-0-0,0,0,0,0,0,0,0,0
1781923477927,Executor0,Stage0-0-0,0,0,0,0,0,0,0,0
1781923477927,Executor0,Stage0-1-0,0,0,0,0,0,0,0,0
1781923477927,Executor0,Stage0-2-0,0,0,0,0,0,0,0,0
1781923477927,Executor0,Stage0-3-0,0,0,0,0,0,0,0,0
1781923477978,Executor1,Stage1-0-0,0,0,0,0,0,0,0,0
1781923478082,Executor7,Stage1-0-0,0,0,0,0,0,0,0,0
1781923478163,Executor2,Stage1-3-0,0,0,0,0,0,0,0,0
1781923478176,Executor2,Stage1-3-0,0,0,0,0,0,0,0,0
1781923478204,Executor7,Stage1-1-0,0,0,0,0,0,0,0,0
1781923478367,Executor1,Stage1-2-0,0,0,0,0,0,0,0,0
1781923478370,Executor0,Stage0-0-0,0,0,0,0,0,0,0,0
1781923478620,Executor3,Stage1-0-0,0,0,0,0,0,0,0,0
1781923478927,Executor0,Stage0-0-0,0,0,0,0,0,0,0,0
1781923478927,Executor0,Stage0-1-0,0,0,0,0,0,0,0,0
1781923478927,Executor0,Stage0-2-0,0,0,0,0,0,0,0,0
1781923478927,Executor0,Stage0-3-0,0,0,0,0,0,0,0,0
1781923478978,Executor1,Stage1-0-0,0,0,0,0,0,0,0,0
1781923479082,Executor7,Stage1-0-0,0,0,0,0,0,0,0,0
1781923479163,Executor2,Stage1-3-0,0,0,0,0,0,0,0,0
1781923479176,Executor2,Stage1-3-0,0,0,0,0,0,0,0,0
1781923479204,Executor7,Stage1-1-0,0,0,0,0,0,0,0,0
1781923479367,Executor1,Stage1-2-0,0,0,0,0,0,0,0,0
1781923479370,Executor0,Stage0-0-0,0,0,0,0,0,0,0,0
1781923479620,Executor3,Stage1-0-0,0,0,0,0,0,0,0,0
1781923479927,Executor0,Stage0-0-0,0,0,0,0,0,0,0,0
1781923479927,Executor0,Stage0-1-0,0,0,0,0,0,0,0,0
1781923479927,Executor0,Stage0-2-0,0,0,0,0,0,0,0,0
1781923479927,Executor0,Stage0-3-0,0,0,0,0,0,0,0,0
1781923479978,Executor1,Stage1-0-0,0,0,0,0,0,0,0,0
1781923480082,Executor7,Stage1-0-0,0,0,0,0,0,0,0,0
1781923480163,Executor2,Stage1-3-0,0,0,0,0,0,0,0,0
1781923480176,Executor2,Stage1-3-0,0,0,0,0,0,0,0,0
1781923480204,Executor7,Stage1-1-0,0,0,0,0,0,0,0,0
1781923480367,Executor1,Stage1-2-0,0,0,0,0,0,0,0,0
1781923480370,Executor0,Stage0-0-0,0,0,0,0,0,0,0,0
1781923480620,Executor3,Stage1-0-0,0,0,0,0,0,0,0,0
1781923480927,Executor0,Stage0-0-0,0,0,0,0,0,0,0,0
1781923480927,Executor0,Stage0-1-0,0,0,0,0,0,0,0,0
1781923480927,Executor0,Stage0-2-0,0,0,0,0,0,0,0,0
1781923480927,Executor0,Stage0-3-0,0,0,0,0,0,0,0,0
1781923480978,Executor1,Stage1-0-0,0,0,0,0,0,0,0,0
1781923481082,Executor7,Stage1-0-0,0,0,0,0,0,0,0,0
1781923481163,Executor2,Stage1-3-0,0,0,0,0,0,0,0,0
1781923481176,Executor2,Stage1-3-0,0,0,0,0,0,0,0,0
1781923481204,Executor7,Stage1-1-0,0,0,0,0,0,0,0,0
1781923481367,Executor1,Stage1-2-0,0,0,0,0,0,0,0,0
1781923481370,Executor0,Stage0-0-0,0,0,0,0,0,0,0,0
1781923481620,Executor3,Stage1-0-0,0,0,0,0,0,0,0,0
1781923481927,Executor0,Stage0-0-0,0,0,0,0,0,0,0,0
1781923481927,Executor0,Stage0-1-0,0,0,0,0,0,0,0,0
1781923481927,Executor0,Stage0-2-0,0,0,0,0,0,0,0,0
1781923481927,Executor0,Stage0-3-0,0,0,0,0,0,0,0,0
1781923481978,Executor1,Stage1-0-0,0,0,0,0,0,0,0,0
1781923482081,Executor7,Stage1-0-0,0,0,0,0,0,0,0,0
1781923482163,Executor2,Stage1-3-0,0,0,0,0,0,0,0,0
1781923482176,Executor2,Stage1-3-0,0,0,0,0,0,0,0,0
1781923482204,Executor7,Stage1-1-0,0,0,0,0,0,0,0,0
1781923482367,Executor1,Stage1-2-0,0,0,0,0,0,0,0,0
1781923482370,Executor0,Stage0-0-0,0,0,0,0,0,0,0,0
1781923482620,Executor3,Stage1-0-0,0,0,0,0,0,0,0,0
1781923482927,Executor0,Stage0-0-0,0,0,0,0,0,0,0,0
1781923482927,Executor0,Stage0-1-0,0,0,0,0,0,0,0,0
1781923482927,Executor0,Stage0-2-0,0,0,0,0,0,0,0,0
1781923482927,Executor0,Stage0-3-0,0,0,0,0,0,0,0,0
1781923482978,Executor1,Stage1-0-0,0,0,0,0,0,0,0,0
1781923483082,Executor7,Stage1-0-0,0,0,0,0,0,0,0,0
1781923483163,Executor2,Stage1-3-0,0,0,0,0,0,0,0,0
1781923483176,Executor2,Stage1-3-0,0,0,0,0,0,0,0,0
1781923483204,Executor7,Stage1-1-0,0,0,0,0,0,0,0,0
1781923483367,Executor1,Stage1-2-0,0,0,0,0,0,0,0,0
1781923483370,Executor0,Stage0-0-0,0,0,0,0,0,0,0,0
1781923483620,Executor3,Stage1-0-0,0,0,0,0,0,0,0,0
1781923483927,Executor0,Stage0-0-0,0,0,0,0,0,0,0,0
1781923483927,Executor0,Stage0-1-0,0,0,0,0,0,0,0,0
1781923483927,Executor0,Stage0-2-0,0,0,0,0,0,0,0,0
1781923483927,Executor0,Stage0-3-0,0,0,0,0,0,0,0,0
1781923483978,Executor1,Stage1-0-0,0,0,0,0,0,0,0,0
1781923484082,Executor7,Stage1-0-0,0,0,0,0,0,0,0,0
1781923484163,Executor2,Stage1-3-0,0,0,0,0,0,0,0,0
1781923484176,Executor2,Stage1-3-0,0,0,0,0,0,0,0,0
1781923484204,Executor7,Stage1-1-0,0,0,0,0,0,0,0,0
1781923484367,Executor1,Stage1-2-0,0,0,0,0,0,0,0,0
1781923484370,Executor0,Stage0-0-0,0,0,0,0,0,0,0,0
1781923484620,Executor3,Stage1-0-0,0,0,0,0,0,0,0,0
1781923484927,Executor0,Stage0-0-0,0,0,0,0,0,0,0,0
1781923484927,Executor0,Stage0-1-0,0,0,0,0,0,0,0,0
1781923484927,Executor0,Stage0-2-0,0,0,0,0,0,0,0,0
1781923484927,Executor0,Stage0-3-0,0,0,0,0,0,0,0,0
1781923484978,Executor1,Stage1-0-0,0,0,0,0,0,0,0,0
1781923485082,Executor7,Stage1-0-0,0,0,0,0,0,0,0,0
1781923485163,Executor2,Stage1-3-0,0,0,0,0,0,0,0,0
1781923485176,Executor2,Stage1-3-0,0,0,0,0,0,0,0,0
1781923485204,Executor7,Stage1-1-0,0,0,0,0,0,0,0,0
1781923485367,Executor1,Stage1-2-0,0,0,0,0,0,0,0,0
1781923485370,Executor0,Stage0-0-0,0,0,0,0,0,0,0,0
1781923485620,Executor3,Stage1-0-0,0,0,0,0,0,0,0,0
1781923485927,Executor0,Stage0-0-0,0,0,0,0,0,0,0,0
1781923485927,Executor0,Stage0-1-0,0,0,0,0,0,0,0,0
1781923485927,Executor0,Stage0-2-0,0,0,0,0,0,0,0,0
1781923485927,Executor0,Stage0-3-0,0,0,0,0,0,0,0,0
1781923485978,Executor1,Stage1-0-0,0,0,0,0,0,0,0,0
1781923486082,Executor7,Stage1-0-0,0,0,0,0,0,0,0,0
1781923486163,Executor2,Stage1-3-0,0,0,0,0,0,0,0,0
1781923486176,Executor2,Stage1-3-0,0,0,0,0,0,0,0,0
1781923486204,Executor7,Stage1-1-0,0,0,0,0,0,0,0,0
1781923486367,Executor1,Stage1-2-0,0,0,0,0,0,0,0,0
1781923486370,Executor0,Stage0-0-0,0,0,0,0,0,0,0,0
1781923486620,Executor3,Stage1-0-0,0,0,0,0,0,0,0,0
1781923486927,Executor0,Stage0-0-0,0,0,0,0,0,0,0,0
1781923486927,Executor0,Stage0-1-0,0,0,0,0,0,0,0,0
1781923486927,Executor0,Stage0-2-0,0,0,0,0,0,0,0,0
1781923486927,Executor0,Stage0-3-0,0,0,0,0,0,0,0,0
1781923486978,Executor1,Stage1-0-0,0,0,0,0,0,0,0,0
1781923487081,Executor7,Stage1-0-0,0,0,0,0,0,0,0,0
1781923487163,Executor2,Stage1-3-0,0,0,0,0,0,0,0,0
1781923487176,Executor2,Stage1-3-0,0,0,0,0,0,0,0,0
1781923487204,Executor7,Stage1-1-0,0,0,0,0,0,0,0,0
1781923487367,Executor1,Stage1-2-0,0,0,0,0,0,0,0,0
1781923487370,Executor0,Stage0-0-0,0,0,0,0,0,0,0,0
1781923487620,Executor3,Stage1-0-0,0,0,0,0,0,0,0,0
1781923487927,Executor0,Stage0-0-0,0,0,0,0,0,0,0,0
1781923487927,Executor0,Stage0-1-0,0,0,0,0,0,0,0,0
1781923487927,Executor0,Stage0-2-0,0,0,0,0,0,0,0,0
1781923487927,Executor0,Stage0-3-0,0,0,0,0,0,0,0,0
1781923487978,Executor1,Stage1-0-0,0,0,0,0,0,0,0,0
1781923488081,Executor7,Stage1-0-0,0,0,0,0,0,0,0,0
1781923488163,Executor2,Stage1-3-0,0,0,0,0,0,0,0,0
1781923488176,Executor2,Stage1-3-0,0,0,0,0,0,0,0,0
1781923488204,Executor7,Stage1-1-0,0,0,0,0,0,0,0,0
1781923488367,Executor1,Stage1-2-0,0,0,0,0,0,0,0,0
1781923488370,Executor0,Stage0-0-0,0,0,0,0,0,0,0,0
1781923488620,Executor3,Stage1-0-0,0,0,0,0,0,0,0,0
1781923488927,Executor0,Stage0-0-0,0,0,0,0,0,0,0,0
1781923488927,Executor0,Stage0-1-0,0,0,0,0,0,0,0,0
1781923488927,Executor0,Stage0-2-0,0,0,0,0,0,0,0,0
1781923488927,Executor0,Stage0-3-0,0,0,0,0,0,0,0,0
1781923488978,Executor1,Stage1-0-0,0,0,0,0,0,0,0,0
1781923489082,Executor7,Stage1-0-0,0,0,0,0,0,0,0,0
1781923489163,Executor2,Stage1-3-0,0,0,0,0,0,0,0,0
1781923489176,Executor2,Stage1-3-0,0,0,0,0,0,0,0,0
1781923489204,Executor7,Stage1-1-0,0,0,0,0,0,0,0,0
1781923489367,Executor1,Stage1-2-0,0,0,0,0,0,0,0,0
1781923489370,Executor0,Stage0-0-0,0,0,0,0,0,0,0,0
1781923489620,Executor3,Stage1-0-0,0,0,0,0,0,0,0,0
1781923489927,Executor0,Stage0-0-0,0,0,0,0,0,0,0,0
1781923489927,Executor0,Stage0-1-0,0,0,0,0,0,0,0,0
1781923489927,Executor0,Stage0-2-0,0,0,0,0,0,0,0,0
1781923489927,Executor0,Stage0-3-0,0,0,0,0,0,0,0,0
1781923489978,Executor1,Stage1-0-0,0,0,0,0,0,0,0,0
1781923490082,Executor7,Stage1-0-0,0,0,0,0,0,0,0,0
1781923490163,Executor2,Stage1-3-0,0,0,0,0,0,0,0,0
1781923490176,Executor2,Stage1-3-0,0,0,0,0,0,0,0,0
1781923490204,Executor7,Stage1-1-0,0,0,0,0,0,0,0,0
1781923490367,Executor1,Stage1-2-0,0,0,0,0,0,0,0,0
1781923490370,Executor0,Stage0-0-0,0,0,0,0,0,0,0,0
1781923490620,Executor3,Stage1-0-0,0,0,0,0,0,0,0,0
1781923490927,Executor0,Stage0-0-0,0,0,0,0,0,0,0,0
1781923490927,Executor0,Stage0-1-0,0,0,0,0,0,0,0,0
1781923490927,Executor0,Stage0-2-0,0,0,0,0,0,0,0,0
1781923490927,Executor0,Stage0-3-0,0,0,0,0,0,0,0,0
1781923490978,Executor1,Stage1-0-0,0,0,0,0,0,0,0,0
1781923491082,Executor7,Stage1-0-0,0,0,0,0,0,0,0,0
1781923491163,Executor2,Stage1-3-0,0,0,0,0,0,0,0,0
1781923491176,Executor2,Stage1-3-0,0,0,0,0,0,0,0,0
1781923491204,Executor7,Stage1-1-0,0,0,0,0,0,0,0,0
1781923491367,Executor1,Stage1-2-0,0,0,0,0,0,0,0,0
1781923491370,Executor0,Stage0-0-0,0,0,0,0,0,0,0,0
1781923491620,Executor3,Stage1-0-0,0,0,0,0,0,0,0,0
1781923491927,Executor0,Stage0-0-0,0,0,0,0,0,0,0,0
1781923491927,Executor0,Stage0-1-0,0,0,0,0,0,0,0,0
1781923491927,Executor0,Stage0-2-0,0,0,0,0,0,0,0,0
1781923491927,Executor0,Stage0-3-0,0,0,0,0,0,0,0,0
1781923491978,Executor1,Stage1-0-0,0,0,0,0,0,0,0,0
1781923492081,Executor7,Stage1-0-0,0,0,0,0,0,0,0,0
1781923492163,Executor2,Stage1-3-0,0,0,0,0,0,0,0,0
1781923492176,Executor2,Stage1-3-0,0,0,0,0,0,0,0,0
1781923492204,Executor7,Stage1-1-0,0,0,0,0,0,0,0,0
1781923492367,Executor1,Stage1-2-0,0,0,0,0,0,0,0,0
1781923492370,Executor0,Stage0-0-0,0,0,0,0,0,0,0,0
1781923492620,Executor3,Stage1-0-0,0,0,0,0,0,0,0,0
1781923492927,Executor0,Stage0-0-0,0,0,0,0,0,0,0,0
1781923492927,Executor0,Stage0-1-0,0,0,0,0,0,0,0,0
1781923492927,Executor0,Stage0-2-0,0,0,0,0,0,0,0,0
1781923492927,Executor0,Stage0-3-0,0,0,0,0,0,0,0,0
1781923492978,Executor1,Stage1-0-0,0,0,0,0,0,0,0,0
1781923493082,Executor7,Stage1-0-0,0,0,0,0,0,0,0,0
1781923493163,Executor2,Stage1-3-0,0,0,0,0,0,0,0,0
1781923493176,Executor2,Stage1-3-0,0,0,0,0,0,0,0,0
1781923493204,Executor7,Stage1-1-0,0,0,0,0,0,0,0,0
1781923493367,Executor1,Stage1-2-0,0,0,0,0,0,0,0,0
1781923493370,Executor0,Stage0-0-0,0,0,0,0,0,0,0,0
1781923493620,Executor3,Stage1-0-0,0,0,0,0,0,0,0,0
1781923493927,Executor0,Stage0-0-0,0,0,0,0,0,0,0,0
1781923493927,Executor0,Stage0-1-0,0,0,0,0,0,0,0,0
1781923493927,Executor0,Stage0-2-0,0,0,0,0,0,0,0,0
1781923493927,Executor0,Stage0-3-0,0,0,0,0,0,0,0,0
1781923493978,Executor1,Stage1-0-0,0,0,0,0,0,0,0,0
1781923494082,Executor7,Stage1-0-0,0,0,0,0,0,0,0,0
1781923494163,Executor2,Stage1-3-0,0,0,0,0,0,0,0,0
1781923494176,Executor2,Stage1-3-0,0,0,0,0,0,0,0,0
1781923494204,Executor7,Stage1-1-0,0,0,0,0,0,0,0,0
1781923494367,Executor1,Stage1-2-0,0,0,0,0,0,0,0,0
1781923494370,Executor0,Stage0-0-0,0,0,0,0,0,0,0,0
1781923494620,Executor3,Stage1-0-0,0,0,0,0,0,0,0,0
1781923494927,Executor0,Stage0-0-0,0,0,0,0,0,0,0,0
1781923494927,Executor0,Stage0-1-0,0,0,0,0,0,0,0,0
1781923494927,Executor0,Stage0-2-0,0,0,0,0,0,0,0,0
1781923494927,Executor0,Stage0-3-0,0,0,0,0,0,0,0,0
1781923494978,Executor1,Stage1-0-0,0,0,0,0,0,0,0,0
1781923495082,Executor7,Stage1-0-0,0,0,0,0,0,0,0,0
1781923495163,Executor2,Stage1-3-0,0,0,0,0,0,0,0,0
1781923495176,Executor2,Stage1-3-0,0,0,0,0,0,0,0,0
1781923495204,Executor7,Stage1-1-0,0,0,0,0,0,0,0,0
1781923495367,Executor1,Stage1-2-0,0,0,0,0,0,0,0,0
1781923495370,Executor0,Stage0-0-0,0,0,0,0,0,0,0,0
1781923495620,Executor3,Stage1-0-0,0,0,0,0,0,0,0,0
1781923495927,Executor0,Stage0-0-0,0,0,0,0,0,0,0,0
1781923495927,Executor0,Stage0-1-0,0,0,0,0,0,0,0,0
1781923495927,Executor0,Stage0-2-0,0,0,0,0,0,0,0,0
1781923495927,Executor0,Stage0-3-0,0,0,0,0,0,0,0,0
1781923495978,Executor1,Stage1-0-0,0,0,0,0,0,0,0,0
1781923496082,Executor7,Stage1-0-0,0,0,0,0,0,0,0,0
1781923496163,Executor2,Stage1-3-0,0,0,0,0,0,0,0,0
1781923496176,Executor2,Stage1-3-0,0,0,0,0,0,0,0,0
1781923496204,Executor7,Stage1-1-0,0,0,0,0,0,0,0,0
1781923496367,Executor1,Stage1-2-0,0,0,0,0,0,0,0,0
1781923496370,Executor0,Stage0-0-0,0,0,0,0,0,0,0,0
1781923496620,Executor3,Stage1-0-0,0,0,0,0,0,0,0,0
1781923496927,Executor0,Stage0-0-0,0,0,0,0,0,0,0,0
1781923496927,Executor0,Stage0-1-0,0,0,0,0,0,0,0,0
1781923496927,Executor0,Stage0-2-0,0,0,0,0,0,0,0,0
1781923496927,Executor0,Stage0-3-0,0,0,0,0,0,0,0,0
1781923496978,Executor1,Stage1-0-0,0,0,0,0,0,0,0,0
1781923497082,Executor7,Stage1-0-0,0,0,0,0,0,0,0,0
1781923497163,Executor2,Stage1-3-0,0,0,0,0,0,0,0,0
1781923497176,Executor2,Stage1-3-0,0,0,0,0,0,0,0,0
1781923497204,Executor7,Stage1-1-0,0,0,0,0,0,0,0,0
1781923497367,Executor1,Stage1-2-0,0,0,0,0,0,0,0,0
1781923497370,Executor0,Stage0-0-0,0,0,0,0,0,0,0,0
1781923497620,Executor3,Stage1-0-0,0,0,0,0,0,0,0,0
1781923497927,Executor0,Stage0-0-0,0,0,0,0,0,0,0,0
1781923497927,Executor0,Stage0-1-0,0,0,0,0,0,0,0,0
1781923497927,Executor0,Stage0-2-0,0,0,0,0,0,0,0,0
1781923497927,Executor0,Stage0-3-0,0,0,0,0,0,0,0,0
1781923497978,Executor1,Stage1-0-0,0,0,0,0,0,0,0,0
1781923498082,Executor7,Stage1-0-0,0,0,0,0,0,0,0,0
1781923498163,Executor2,Stage1-3-0,0,0,0,0,0,0,0,0
1781923498176,Executor2,Stage1-3-0,0,0,0,0,0,0,0,0
1781923498204,Executor7,Stage1-1-0,0,0,0,0,0,0,0,0
1781923498367,Executor1,Stage1-2-0,0,0,0,0,0,0,0,0
1781923498370,Executor0,Stage0-0-0,0,0,0,0,0,0,0,0
1781923498620,Executor3,Stage1-0-0,0,0,0,0,0,0,0,0
1781923498927,Executor0,Stage0-0-0,0,0,0,0,0,0,0,0
1781923498927,Executor0,Stage0-1-0,0,0,0,0,0,0,0,0
1781923498927,Executor0,Stage0-2-0,0,0,0,0,0,0,0,0
1781923498927,Executor0,Stage0-3-0,0,0,0,0,0,0,0,0
1781923498978,Executor1,Stage1-0-0,0,0,0,0,0,0,0,0
1781923499082,Executor7,Stage1-0-0,0,0,0,0,0,0,0,0
1781923499163,Executor2,Stage1-3-0,0,0,0,0,0,0,0,0
1781923499176,Executor2,Stage1-3-0,0,0,0,0,0,0,0,0
1781923499204,Executor7,Stage1-1-0,0,0,0,0,0,0,0,0
1781923499367,Executor1,Stage1-2-0,0,0,0,0,0,0,0,0
1781923499370,Executor0,Stage0-0-0,0,0,0,0,0,0,0,0
1781923499620,Executor3,Stage1-0-0,0,0,0,0,0,0,0,0
1781923499927,Executor0,Stage0-0-0,0,0,0,0,0,0,0,0
1781923499927,Executor0,Stage0-1-0,0,0,0,0,0,0,0,0
1781923499927,Executor0,Stage0-2-0,0,0,0,0,0,0,0,0
1781923499927,Executor0,Stage0-3-0,0,0,0,0,0,0,0,0
1781923499978,Executor1,Stage1-0-0,0,0,0,0,0,0,0,0
1781923500082,Executor7,Stage1-0-0,0,0,0,0,0,0,0,0
1781923500163,Executor2,Stage1-3-0,0,0,0,0,0,0,0,0
1781923500176,Executor2,Stage1-3-0,0,0,0,0,0,0,0,0
1781923500204,Executor7,Stage1-1-0,0,0,0,0,0,0,0,0
1781923500367,Executor1,Stage1-2-0,0,0,0,0,0,0,0,0
1781923500370,Executor0,Stage0-0-0,0,0,0,0,0,0,0,0
1781923500620,Executor3,Stage1-0-0,0,0,0,0,0,0,0,0
1781923500927,Executor0,Stage0-0-0,0,0,0,0,0,0,0,0
1781923500927,Executor0,Stage0-1-0,0,0,0,0,0,0,0,0
1781923500927,Executor0,Stage0-2-0,0,0,0,0,0,0,0,0
1781923500927,Executor0,Stage0-3-0,0,0,0,0,0,0,0,0
1781923500978,Executor1,Stage1-0-0,0,0,0,0,0,0,0,0
1781923501082,Executor7,Stage1-0-0,0,0,0,0,0,0,0,0
1781923501163,Executor2,Stage1-3-0,0,0,0,0,0,0,0,0
1781923501176,Executor2,Stage1-3-0,0,0,0,0,0,0,0,0
1781923501204,Executor7,Stage1-1-0,0,0,0,0,0,0,0,0
1781923501367,Executor1,Stage1-2-0,0,0,0,0,0,0,0,0
1781923501370,Executor0,Stage0-0-0,0,0,0,0,0,0,0,0
1781923501620,Executor3,Stage1-0-0,0,0,0,0,0,0,0,0
1781923501927,Executor0,Stage0-0-0,0,0,0,0,0,0,0,0
1781923501927,Executor0,Stage0-1-0,0,0,0,0,0,0,0,0
1781923501927,Executor0,Stage0-2-0,0,0,0,0,0,0,0,0
1781923501927,Executor0,Stage0-3-0,0,0,0,0,0,0,0,0
1781923501978,Executor1,Stage1-0-0,0,0,0,0,0,0,0,0
1781923502081,Executor7,Stage1-0-0,0,0,0,0,0,0,0,0
1781923502163,Executor2,Stage1-3-0,0,0,0,0,0,0,0,0
1781923502176,Executor2,Stage1-3-0,0,0,0,0,0,0,0,0
1781923502204,Executor7,Stage1-1-0,0,0,0,0,0,0,0,0
1781923502367,Executor1,Stage1-2-0,0,0,0,0,0,0,0,0
1781923502370,Executor0,Stage0-0-0,0,0,0,0,0,0,0,0
1781923502620,Executor3,Stage1-0-0,0,0,0,0,0,0,0,0
1781923502927,Executor0,Stage0-0-0,0,0,0,0,0,0,0,0
1781923502927,Executor0,Stage0-1-0,0,0,0,0,0,0,0,0
1781923502927,Executor0,Stage0-2-0,0,0,0,0,0,0,0,0
1781923502927,Executor0,Stage0-3-0,0,0,0,0,0,0,0,0
1781923502978,Executor1,Stage1-0-0,0,0,0,0,0,0,0,0
1781923503081,Executor7,Stage1-0-0,0,0,0,0,0,0,0,0
1781923503163,Executor2,Stage1-3-0,0,0,0,0,0,0,0,0
1781923503176,Executor2,Stage1-3-0,0,0,0,0,0,0,0,0
1781923503204,Executor7,Stage1-1-0,0,0,0,0,0,0,0,0
1781923503367,Executor1,Stage1-2-0,0,0,0,0,0,0,0,0
1781923503370,Executor0,Stage0-0-0,0,0,0,0,0,0,0,0
1781923503620,Executor3,Stage1-0-0,0,0,0,0,0,0,0,0
1781923503927,Executor0,Stage0-0-0,0,0,0,0,0,0,0,0
1781923503927,Executor0,Stage0-1-0,0,0,0,0,0,0,0,0
1781923503927,Executor0,Stage0-2-0,0,0,0,0,0,0,0,0
1781923503927,Executor0,Stage0-3-0,0,0,0,0,0,0,0,0
1781923503978,Executor1,Stage1-0-0,0,0,0,0,0,0,0,0
1781923504082,Executor7,Stage1-0-0,0,0,0,0,0,0,0,0
1781923504163,Executor2,Stage1-3-0,0,0,0,0,0,0,0,0
1781923504176,Executor2,Stage1-3-0,0,0,0,0,0,0,0,0
1781923504204,Executor7,Stage1-1-0,0,0,0,0,0,0,0,0
1781923504367,Executor1,Stage1-2-0,0,0,0,0,0,0,0,0
1781923504370,Executor0,Stage0-0-0,0,0,0,0,0,0,0,0
1781923504620,Executor3,Stage1-0-0,0,0,0,0,0,0,0,0
1781923504927,Executor0,Stage0-0-0,0,0,0,0,0,0,0,0
1781923504927,Executor0,Stage0-1-0,0,0,0,0,0,0,0,0
1781923504927,Executor0,Stage0-2-0,0,0,0,0,0,0,0,0
1781923504927,Executor0,Stage0-3-0,0,0,0,0,0,0,0,0
1781923504978,Executor1,Stage1-0-0,0,0,0,0,0,0,0,0
1781923505082,Executor7,Stage1-0-0,0,0,0,0,0,0,0,0
1781923505163,Executor2,Stage1-3-0,0,0,0,0,0,0,0,0
1781923505176,Executor2,Stage1-3-0,0,0,0,0,0,0,0,0
1781923505204,Executor7,Stage1-1-0,0,0,0,0,0,0,0,0
1781923505367,Executor1,Stage1-2-0,0,0,0,0,0,0,0,0
1781923505370,Executor0,Stage0-0-0,0,0,0,0,0,0,0,0
1781923505620,Executor3,Stage1-0-0,0,0,0,0,0,0,0,0
1781923505927,Executor0,Stage0-0-0,0,0,0,0,0,0,0,0
1781923505927,Executor0,Stage0-1-0,0,0,0,0,0,0,0,0
1781923505927,Executor0,Stage0-2-0,0,0,0,0,0,0,0,0
1781923505927,Executor0,Stage0-3-0,0,0,0,0,0,0,0,0
1781923505978,Executor1,Stage1-0-0,0,0,0,0,0,0,0,0
1781923506082,Executor7,Stage1-0-0,0,0,0,0,0,0,0,0
1781923506163,Executor2,Stage1-3-0,0,0,0,0,0,0,0,0
1781923506176,Executor2,Stage1-3-0,0,0,0,0,0,0,0,0
1781923506204,Executor7,Stage1-1-0,0,0,0,0,0,0,0,0
1781923506367,Executor1,Stage1-2-0,0,0,0,0,0,0,0,0
1781923506370,Executor0,Stage0-0-0,0,0,0,0,0,0,0,0
1781923506620,Executor3,Stage1-0-0,0,0,0,0,0,0,0,0
1781923506927,Executor0,Stage0-0-0,0,0,0,0,0,0,0,0
1781923506927,Executor0,Stage0-1-0,0,0,0,0,0,0,0,0
1781923506927,Executor0,Stage0-2-0,0,0,0,0,0,0,0,0
1781923506927,Executor0,Stage0-3-0,0,0,0,0,0,0,0,0
1781923506978,Executor1,Stage1-0-0,0,0,0,0,0,0,0,0
1781923507082,Executor7,Stage1-0-0,0,0,0,0,0,0,0,0
1781923507163,Executor2,Stage1-3-0,0,0,0,0,0,0,0,0
1781923507176,Executor2,Stage1-3-0,0,0,0,0,0,0,0,0
1781923507204,Executor7,Stage1-1-0,0,0,0,0,0,0,0,0
1781923507367,Executor1,Stage1-2-0,0,0,0,0,0,0,0,0
1781923507370,Executor0,Stage0-0-0,0,0,0,0,0,0,0,0
1781923507620,Executor3,Stage1-0-0,0,0,0,0,0,0,0,0
1781923507927,Executor0,Stage0-0-0,0,0,0,0,0,0,0,0
1781923507927,Executor0,Stage0-1-0,0,0,0,0,0,0,0,0
1781923507927,Executor0,Stage0-2-0,0,0,0,0,0,0,0,0
1781923507927,Executor0,Stage0-3-0,0,0,0,0,0,0,0,0
1781923507978,Executor1,Stage1-0-0,0,0,0,0,0,0,0,0
1781923508081,Executor7,Stage1-0-0,0,0,0,0,0,0,0,0
1781923508163,Executor2,Stage1-3-0,0,0,0,0,0,0,0,0
1781923508176,Executor2,Stage1-3-0,0,0,0,0,0,0,0,0
1781923508204,Executor7,Stage1-1-0,0,0,0,0,0,0,0,0
1781923508367,Executor1,Stage1-2-0,0,0,0,0,0,0,0,0
1781923508370,Executor0,Stage0-0-0,0,0,0,0,0,0,0,0
1781923508620,Executor3,Stage1-0-0,0,0,0,0,0,0,0,0
1781923508927,Executor0,Stage0-0-0,0,0,0,0,0,0,0,0
1781923508927,Executor0,Stage0-1-0,0,0,0,0,0,0,0,0
1781923508927,Executor0,Stage0-2-0,0,0,0,0,0,0,0,0
1781923508927,Executor0,Stage0-3-0,0,0,0,0,0,0,0,0
1781923508978,Executor1,Stage1-0-0,0,0,0,0,0,0,0,0
1781923509082,Executor7,Stage1-0-0,0,0,0,0,0,0,0,0
1781923509163,Executor2,Stage1-3-0,0,0,0,0,0,0,0,0
1781923509176,Executor2,Stage1-3-0,0,0,0,0,0,0,0,0
1781923509204,Executor7,Stage1-1-0,0,0,0,0,0,0,0,0
1781923509401,Executor1,Stage1-2-0,0,0,0,0,0,0,0,0
1781923509401,Executor0,Stage0-0-0,0,0,0,0,0,0,0,0
1781923509620,Executor3,Stage1-0-0,0,0,0,0,0,0,0,0
1781923509927,Executor0,Stage0-0-0,0,0,0,0,0,0,0,0
1781923509927,Executor0,Stage0-1-0,0,0,0,0,0,0,0,0
1781923509927,Executor0,Stage0-2-0,0,0,0,0,0,0,0,0
1781923509927,Executor0,Stage0-3-0,0,0,0,0,0,0,0,0
1781923509978,Executor1,Stage1-0-0,0,0,0,0,0,0,0,0
1781923510082,Executor7,Stage1-0-0,0,0,0,0,0,0,0,0
1781923510163,Executor2,Stage1-3-0,0,0,0,0,0,0,0,0
1781923510176,Executor2,Stage1-3-0,0,0,0,0,0,0,0,0
1781923510204,Executor7,Stage1-1-0,0,0,0,0,0,0,0,0
1781923510367,Executor1,Stage1-2-0,0,0,0,0,0,0,0,0
1781923510370,Executor0,Stage0-0-0,0,0,0,0,0,0,0,0
1781923510620,Executor3,Stage1-0-0,0,0,0,0,0,0,0,0
1781923510927,Executor0,Stage0-0-0,0,0,0,0,0,0,0,0
1781923510927,Executor0,Stage0-1-0,0,0,0,0,0,0,0,0
1781923510927,Executor0,Stage0-2-0,0,0,0,0,0,0,0,0
1781923510927,Executor0,Stage0-3-0,0,0,0,0,0,0,0,0
1781923510978,Executor1,Stage1-0-0,0,0,0,0,0,0,0,0
1781923511082,Executor7,Stage1-0-0,0,0,0,0,0,0,0,0
1781923511163,Executor2,Stage1-3-0,0,0,0,0,0,0,0,0
1781923511176,Executor2,Stage1-3-0,0,0,0,0,0,0,0,0
1781923511204,Executor7,Stage1-1-0,0,0,0,0,0,0,0,0
1781923511367,Executor1,Stage1-2-0,0,0,0,0,0,0,0,0
1781923511370,Executor0,Stage0-0-0,0,0,0,0,0,0,0,0
1781923511620,Executor3,Stage1-0-0,0,0,0,0,0,0,0,0
1781923511927,Executor0,Stage0-0-0,0,0,0,0,0,0,0,0
1781923511927,Executor0,Stage0-1-0,0,0,0,0,0,0,0,0
1781923511927,Executor0,Stage0-2-0,0,0,0,0,0,0,0,0
1781923511927,Executor0,Stage0-3-0,0,0,0,0,0,0,0,0
1781923511978,Executor1,Stage1-0-0,0,0,0,0,0,0,0,0
1781923512082,Executor7,Stage1-0-0,0,0,0,0,0,0,0,0
1781923512163,Executor2,Stage1-3-0,0,0,0,0,0,0,0,0
1781923512176,Executor2,Stage1-3-0,0,0,0,0,0,0,0,0
1781923512204,Executor7,Stage1-1-0,0,0,0,0,0,0,0,0
1781923512367,Executor1,Stage1-2-0,0,0,0,0,0,0,0,0
1781923512370,Executor0,Stage0-0-0,0,0,0,0,0,0,0,0
1781923512620,Executor3,Stage1-0-0,0,0,0,0,0,0,0,0
1781923512927,Executor0,Stage0-0-0,0,0,0,0,0,0,0,0
1781923512927,Executor0,Stage0-1-0,0,0,0,0,0,0,0,0
1781923512927,Executor0,Stage0-2-0,0,0,0,0,0,0,0,0
1781923512927,Executor0,Stage0-3-0,0,0,0,0,0,0,0,0
1781923512978,Executor1,Stage1-0-0,0,0,0,0,0,0,0,0
1781923513081,Executor7,Stage1-0-0,0,0,0,0,0,0,0,0
1781923513163,Executor2,Stage1-3-0,0,0,0,0,0,0,0,0
1781923513176,Executor2,Stage1-3-0,0,0,0,0,0,0,0,0
1781923513204,Executor7,Stage1-1-0,0,0,0,0,0,0,0,0
1781923513367,Executor1,Stage1-2-0,0,0,0,0,0,0,0,0
1781923513370,Executor0,Stage0-0-0,0,0,0,0,0,0,0,0
1781923513620,Executor3,Stage1-0-0,0,0,0,0,0,0,0,0
1781923513927,Executor0,Stage0-0-0,0,0,0,0,0,0,0,0
1781923513927,Executor0,Stage0-1-0,0,0,0,0,0,0,0,0
1781923513927,Executor0,Stage0-2-0,0,0,0,0,0,0,0,0
1781923513927,Executor0,Stage0-3-0,0,0,0,0,0,0,0,0
1781923513978,Executor1,Stage1-0-0,0,0,0,0,0,0,0,0
1781923514081,Executor7,Stage1-0-0,0,0,0,0,0,0,0,0
1781923514163,Executor2,Stage1-3-0,0,0,0,0,0,0,0,0
1781923514176,Executor2,Stage1-3-0,0,0,0,0,0,0,0,0
1781923514204,Executor7,Stage1-1-0,0,0,0,0,0,0,0,0
1781923514367,Executor1,Stage1-2-0,0,0,0,0,0,0,0,0
1781923514370,Executor0,Stage0-0-0,0,0,0,0,0,0,0,0
1781923514620,Executor3,Stage1-0-0,0,0,0,0,0,0,0,0
1781923514927,Executor0,Stage0-0-0,0,0,0,0,0,0,0,0
1781923514927,Executor0,Stage0-1-0,0,0,0,0,0,0,0,0
1781923514927,Executor0,Stage0-2-0,0,0,0,0,0,0,0,0
1781923514927,Executor0,Stage0-3-0,0,0,0,0,0,0,0,0
1781923514978,Executor1,Stage1-0-0,0,0,0,0,0,0,0,0
1781923515082,Executor7,Stage1-0-0,0,0,0,0,0,0,0,0
1781923515163,Executor2,Stage1-3-0,0,0,0,0,0,0,0,0
1781923515176,Executor2,Stage1-3-0,0,0,0,0,0,0,0,0
1781923515204,Executor7,Stage1-1-0,0,0,0,0,0,0,0,0
1781923515367,Executor1,Stage1-2-0,0,0,0,0,0,0,0,0
1781923515370,Executor0,Stage0-0-0,0,0,0,0,0,0,0,0
1781923515620,Executor3,Stage1-0-0,0,0,0,0,0,0,0,0
1781923515927,Executor0,Stage0-0-0,0,0,0,0,0,0,0,0
1781923515927,Executor0,Stage0-1-0,0,0,0,0,0,0,0,0
1781923515927,Executor0,Stage0-2-0,0,0,0,0,0,0,0,0
1781923515927,Executor0,Stage0-3-0,0,0,0,0,0,0,0,0
1781923515978,Executor1,Stage1-0-0,0,0,0,0,0,0,0,0
1781923516081,Executor7,Stage1-0-0,0,0,0,0,0,0,0,0
1781923516163,Executor2,Stage1-3-0,0,0,0,0,0,0,0,0
1781923516176,Executor2,Stage1-3-0,0,0,0,0,0,0,0,0
1781923516204,Executor7,Stage1-1-0,0,0,0,0,0,0,0,0
1781923516367,Executor1,Stage1-2-0,0,0,0,0,0,0,0,0
1781923516370,Executor0,Stage0-0-0,0,0,0,0,0,0,0,0
1781923516620,Executor3,Stage1-0-0,0,0,0,0,0,0,0,0
1781923516927,Executor0,Stage0-0-0,0,0,0,0,0,0,0,0
1781923516927,Executor0,Stage0-1-0,0,0,0,0,0,0,0,0
1781923516927,Executor0,Stage0-2-0,0,0,0,0,0,0,0,0
1781923516927,Executor0,Stage0-3-0,0,0,0,0,0,0,0,0
1781923516978,Executor1,Stage1-0-0,0,0,0,0,0,0,0,0
1781923517082,Executor7,Stage1-0-0,0,0,0,0,0,0,0,0
1781923517163,Executor2,Stage1-3-0,0,0,0,0,0,0,0,0
1781923517176,Executor2,Stage1-3-0,0,0,0,0,0,0,0,0
1781923517204,Executor7,Stage1-1-0,0,0,0,0,0,0,0,0
1781923517367,Executor1,Stage1-2-0,0,0,0,0,0,0,0,0
1781923517370,Executor0,Stage0-0-0,0,0,0,0,0,0,0,0
1781923517620,Executor3,Stage1-0-0,0,0,0,0,0,0,0,0
1781923517927,Executor0,Stage0-0-0,0,0,0,0,0,0,0,0
1781923517927,Executor0,Stage0-1-0,0,0,0,0,0,0,0,0
1781923517927,Executor0,Stage0-2-0,0,0,0,0,0,0,0,0
1781923517927,Executor0,Stage0-3-0,0,0,0,0,0,0,0,0
1781923517978,Executor1,Stage1-0-0,0,0,0,0,0,0,0,0
1781923518081,Executor7,Stage1-0-0,0,0,0,0,0,0,0,0
1781923518163,Executor2,Stage1-3-0,0,0,0,0,0,0,0,0
1781923518176,Executor2,Stage1-3-0,0,0,0,0,0,0,0,0
1781923518204,Executor7,Stage1-1-0,0,0,0,0,0,0,0,0
1781923518367,Executor1,Stage1-2-0,0,0,0,0,0,0,0,0
1781923518370,Executor0,Stage0-0-0,0,0,0,0,0,0,0,0
1781923518620,Executor3,Stage1-0-0,0,0,0,0,0,0,0,0
1781923518927,Executor0,Stage0-0-0,0,0,0,0,0,0,0,0
1781923518927,Executor0,Stage0-1-0,0,0,0,0,0,0,0,0
1781923518927,Executor0,Stage0-2-0,0,0,0,0,0,0,0,0
1781923518927,Executor0,Stage0-3-0,0,0,0,0,0,0,0,0
1781923518978,Executor1,Stage1-0-0,0,0,0,0,0,0,0,0
1781923519082,Executor7,Stage1-0-0,0,0,0,0,0,0,0,0
1781923519163,Executor2,Stage1-3-0,0,0,0,0,0,0,0,0
1781923519176,Executor2,Stage1-3-0,0,0,0,0,0,0,0,0
1781923519204,Executor7,Stage1-1-0,0,0,0,0,0,0,0,0
1781923519396,Executor1,Stage1-2-0,0,0,0,0,0,0,0,0
1781923519396,Executor0,Stage0-0-0,0,0,0,0,0,0,0,0
1781923519620,Executor3,Stage1-0-0,0,0,0,0,0,0,0,0
1781923519927,Executor0,Stage0-0-0,0,0,0,0,0,0,0,0
1781923519927,Executor0,Stage0-1-0,0,0,0,0,0,0,0,0
1781923519927,Executor0,Stage0-2-0,0,0,0,0,0,0,0,0
1781923519927,Executor0,Stage0-3-0,0,0,0,0,0,0,0,0
1781923519978,Executor1,Stage1-0-0,0,0,0,0,0,0,0,0
1781923520082,Executor7,Stage1-0-0,0,0,0,0,0,0,0,0
1781923520163,Executor2,Stage1-3-0,0,0,0,0,0,0,0,0
1781923520176,Executor2,Stage1-3-0,0,0,0,0,0,0,0,0
1781923520204,Executor7,Stage1-1-0,0,0,0,0,0,0,0,0
1781923520367,Executor1,Stage1-2-0,0,0,0,0,0,0,0,0
1781923520370,Executor0,Stage0-0-0,0,0,0,0,0,0,0,0
1781923520620,Executor3,Stage1-0-0,0,0,0,0,0,0,0,0
1781923520927,Executor0,Stage0-0-0,0,0,0,0,0,0,0,0
1781923520927,Executor0,Stage0-1-0,0,0,0,0,0,0,0,0
1781923520927,Executor0,Stage0-2-0,0,0,0,0,0,0,0,0
1781923520927,Executor0,Stage0-3-0,0,0,0,0,0,0,0,0
1781923520978,Executor1,Stage1-0-0,0,0,0,0,0,0,0,0
1781923521082,Executor7,Stage1-0-0,0,0,0,0,0,0,0,0
1781923521163,Executor2,Stage1-3-0,0,0,0,0,0,0,0,0
1781923521176,Executor2,Stage1-3-0,0,0,0,0,0,0,0,0
1781923521204,Executor7,Stage1-1-0,0,0,0,0,0,0,0,0
1781923521367,Executor1,Stage1-2-0,0,0,0,0,0,0,0,0
1781923521370,Executor0,Stage0-0-0,0,0,0,0,0,0,0,0
1781923521620,Executor3,Stage1-0-0,0,0,0,0,0,0,0,0
1781923521927,Executor0,Stage0-0-0,0,0,0,0,0,0,0,0
1781923521927,Executor0,Stage0-1-0,0,0,0,0,0,0,0,0
1781923521927,Executor0,Stage0-2-0,0,0,0,0,0,0,0,0
1781923521927,Executor0,Stage0-3-0,0,0,0,0,0,0,0,0
1781923521978,Executor1,Stage1-0-0,0,0,0,0,0,0,0,0
1781923522082,Executor7,Stage1-0-0,0,0,0,0,0,0,0,0
1781923522163,Executor2,Stage1-3-0,0,0,0,0,0,0,0,0
1781923522176,Executor2,Stage1-3-0,0,0,0,0,0,0,0,0
1781923522204,Executor7,Stage1-1-0,0,0,0,0,0,0,0,0
1781923522367,Executor1,Stage1-2-0,0,0,0,0,0,0,0,0
1781923522370,Executor0,Stage0-0-0,0,0,0,0,0,0,0,0
1781923522620,Executor3,Stage1-0-0,0,0,0,0,0,0,0,0
1781923522927,Executor0,Stage0-0-0,0,0,0,0,0,0,0,0
1781923522927,Executor0,Stage0-1-0,0,0,0,0,0,0,0,0
1781923522927,Executor0,Stage0-2-0,0,0,0,0,0,0,0,0
1781923522927,Executor0,Stage0-3-0,0,0,0,0,0,0,0,0
1781923522978,Executor1,Stage1-0-0,0,0,0,0,0,0,0,0
1781923523081,Executor7,Stage1-0-0,0,0,0,0,0,0,0,0
1781923523163,Executor2,Stage1-3-0,0,0,0,0,0,0,0,0
1781923523176,Executor2,Stage1-3-0,0,0,0,0,0,0,0,0
1781923523204,Executor7,Stage1-1-0,0,0,0,0,0,0,0,0
1781923523367,Executor1,Stage1-2-0,0,0,0,0,0,0,0,0
1781923523370,Executor0,Stage0-0-0,0,0,0,0,0,0,0,0
1781923523620,Executor3,Stage1-0-0,0,0,0,0,0,0,0,0
1781923523927,Executor0,Stage0-0-0,0,0,0,0,0,0,0,0
1781923523927,Executor0,Stage0-1-0,0,0,0,0,0,0,0,0
1781923523927,Executor0,Stage0-2-0,0,0,0,0,0,0,0,0
1781923523927,Executor0,Stage0-3-0,0,0,0,0,0,0,0,0
1781923523978,Executor1,Stage1-0-0,0,0,0,0,0,0,0,0
1781923524082,Executor7,Stage1-0-0,0,0,0,0,0,0,0,0
1781923524163,Executor2,Stage1-3-0,0,0,0,0,0,0,0,0
1781923524176,Executor2,Stage1-3-0,0,0,0,0,0,0,0,0
1781923524204,Executor7,Stage1-1-0,0,0,0,0,0,0,0,0
1781923524367,Executor1,Stage1-2-0,0,0,0,0,0,0,0,0
1781923524370,Executor0,Stage0-0-0,0,0,0,0,0,0,0,0
1781923524620,Executor3,Stage1-0-0,0,0,0,0,0,0,0,0
1781923524927,Executor0,Stage0-0-0,0,0,0,0,0,0,0,0
1781923524927,Executor0,Stage0-1-0,0,0,0,0,0,0,0,0
1781923524927,Executor0,Stage0-2-0,0,0,0,0,0,0,0,0
1781923524927,Executor0,Stage0-3-0,0,0,0,0,0,0,0,0
1781923524978,Executor1,Stage1-0-0,0,0,0,0,0,0,0,0
1781923525082,Executor7,Stage1-0-0,0,0,0,0,0,0,0,0
1781923525163,Executor2,Stage1-3-0,0,0,0,0,0,0,0,0
1781923525176,Executor2,Stage1-3-0,0,0,0,0,0,0,0,0
1781923525204,Executor7,Stage1-1-0,0,0,0,0,0,0,0,0
1781923525367,Executor1,Stage1-2-0,0,0,0,0,0,0,0,0
1781923525370,Executor0,Stage0-0-0,0,0,0,0,0,0,0,0
1781923525620,Executor3,Stage1-0-0,0,0,0,0,0,0,0,0
1781923525927,Executor0,Stage0-0-0,0,0,0,0,0,0,0,0
1781923525927,Executor0,Stage0-1-0,0,0,0,0,0,0,0,0
1781923525927,Executor0,Stage0-2-0,0,0,0,0,0,0,0,0
1781923525927,Executor0,Stage0-3-0,0,0,0,0,0,0,0,0
1781923525978,Executor1,Stage1-0-0,0,0,0,0,0,0,0,0
1781923526082,Executor7,Stage1-0-0,0,0,0,0,0,0,0,0
1781923526163,Executor2,Stage1-3-0,0,0,0,0,0,0,0,0
1781923526176,Executor2,Stage1-3-0,0,0,0,0,0,0,0,0
1781923526204,Executor7,Stage1-1-0,0,0,0,0,0,0,0,0
1781923526367,Executor1,Stage1-2-0,0,0,0,0,0,0,0,0
1781923526370,Executor0,Stage0-0-0,0,0,0,0,0,0,0,0
1781923526620,Executor3,Stage1-0-0,0,0,0,0,0,0,0,0
1781923526927,Executor0,Stage0-0-0,0,0,0,0,0,0,0,0
1781923526927,Executor0,Stage0-1-0,0,0,0,0,0,0,0,0
1781923526927,Executor0,Stage0-2-0,0,0,0,0,0,0,0,0
1781923526927,Executor0,Stage0-3-0,0,0,0,0,0,0,0,0
1781923526978,Executor1,Stage1-0-0,0,0,0,0,0,0,0,0
1781923527082,Executor7,Stage1-0-0,0,0,0,0,0,0,0,0
1781923527163,Executor2,Stage1-3-0,0,0,0,0,0,0,0,0
1781923527176,Executor2,Stage1-3-0,0,0,0,0,0,0,0,0
1781923527204,Executor7,Stage1-1-0,0,0,0,0,0,0,0,0
1781923527367,Executor1,Stage1-2-0,0,0,0,0,0,0,0,0
1781923527370,Executor0,Stage0-0-0,0,0,0,0,0,0,0,0
1781923527620,Executor3,Stage1-0-0,0,0,0,0,0,0,0,0
1781923527927,Executor0,Stage0-0-0,0,0,0,0,0,0,0,0
1781923527927,Executor0,Stage0-1-0,0,0,0,0,0,0,0,0
1781923527927,Executor0,Stage0-2-0,0,0,0,0,0,0,0,0
1781923527927,Executor0,Stage0-3-0,0,0,0,0,0,0,0,0
1781923527978,Executor1,Stage1-0-0,0,0,0,0,0,0,0,0
1781923528082,Executor7,Stage1-0-0,0,0,0,0,0,0,0,0
1781923528163,Executor2,Stage1-3-0,0,0,0,0,0,0,0,0
1781923528176,Executor2,Stage1-3-0,0,0,0,0,0,0,0,0
1781923528204,Executor7,Stage1-1-0,0,0,0,0,0,0,0,0
1781923528367,Executor1,Stage1-2-0,0,0,0,0,0,0,0,0
1781923528370,Executor0,Stage0-0-0,0,0,0,0,0,0,0,0
1781923528620,Executor3,Stage1-0-0,0,0,0,0,0,0,0,0
1781923528927,Executor0,Stage0-0-0,0,0,0,0,0,0,0,0
1781923528927,Executor0,Stage0-1-0,0,0,0,0,0,0,0,0
1781923528927,Executor0,Stage0-2-0,0,0,0,0,0,0,0,0
1781923528927,Executor0,Stage0-3-0,0,0,0,0,0,0,0,0
1781923528978,Executor1,Stage1-0-0,0,0,0,0,0,0,0,0
1781923529082,Executor7,Stage1-0-0,0,0,0,0,0,0,0,0
1781923529163,Executor2,Stage1-3-0,0,0,0,0,0,0,0,0
1781923529176,Executor2,Stage1-3-0,0,0,0,0,0,0,0,0
1781923529204,Executor7,Stage1-1-0,0,0,0,0,0,0,0,0
1781923529367,Executor1,Stage1-2-0,0,0,0,0,0,0,0,0
1781923529370,Executor0,Stage0-0-0,0,0,0,0,0,0,0,0
1781923529687,Executor3,Stage1-0-0,0,0,0,0,0,0,0,0
1781923529927,Executor0,Stage0-0-0,0,0,0,0,0,0,0,0
1781923529927,Executor0,Stage0-1-0,0,0,0,0,0,0,0,0
1781923529927,Executor0,Stage0-2-0,0,0,0,0,0,0,0,0
1781923529927,Executor0,Stage0-3-0,0,0,0,0,0,0,0,0
1781923529978,Executor1,Stage1-0-0,0,0,0,0,0,0,0,0
1781923530082,Executor7,Stage1-0-0,0,0,0,0,0,0,0,0
1781923530163,Executor2,Stage1-3-0,0,0,0,0,0,0,0,0
1781923530176,Executor2,Stage1-3-0,0,0,0,0,0,0,0,0
1781923530204,Executor7,Stage1-1-0,0,0,0,0,0,0,0,0
1781923530367,Executor1,Stage1-2-0,0,0,0,0,0,0,0,0
1781923530370,Executor0,Stage0-0-0,0,0,0,0,0,0,0,0
1781923530620,Executor3,Stage1-0-0,0,0,0,0,0,0,0,0
1781923530927,Executor0,Stage0-0-0,0,0,0,0,0,0,0,0
1781923530927,Executor0,Stage0-1-0,0,0,0,0,0,0,0,0
1781923530927,Executor0,Stage0-2-0,0,0,0,0,0,0,0,0
1781923530927,Executor0,Stage0-3-0,0,0,0,0,0,0,0,0
1781923530978,Executor1,Stage1-0-0,0,0,0,0,0,0,0,0
1781923531082,Executor7,Stage1-0-0,0,0,0,0,0,0,0,0
1781923531163,Executor2,Stage1-3-0,0,0,0,0,0,0,0,0
1781923531176,Executor2,Stage1-3-0,0,0,0,0,0,0,0,0
1781923531204,Executor7,Stage1-1-0,0,0,0,0,0,0,0,0
1781923531367,Executor1,Stage1-2-0,0,0,0,0,0,0,0,0
1781923531370,Executor0,Stage0-0-0,0,0,0,0,0,0,0,0
1781923531621,Executor3,Stage1-0-0,0,0,0,0,0,0,0,0
1781923531927,Executor0,Stage0-0-0,0,0,0,0,0,0,0,0
1781923531927,Executor0,Stage0-1-0,0,0,0,0,0,0,0,0
1781923531927,Executor0,Stage0-2-0,0,0,0,0,0,0,0,0
1781923531927,Executor0,Stage0-3-0,0,0,0,0,0,0,0,0
1781923531978,Executor1,Stage1-0-0,0,0,0,0,0,0,0,0
1781923532081,Executor7,Stage1-0-0,0,0,0,0,0,0,0,0
1781923532163,Executor2,Stage1-3-0,0,0,0,0,0,0,0,0
1781923532176,Executor2,Stage1-3-0,0,0,0,0,0,0,0,0
1781923532204,Executor7,Stage1-1-0,0,0,0,0,0,0,0,0
1781923532367,Executor1,Stage1-2-0,0,0,0,0,0,0,0,0
1781923532370,Executor0,Stage0-0-0,0,0,0,0,0,0,0,0
1781923532620,Executor3,Stage1-0-0,0,0,0,0,0,0,0,0
1781923532927,Executor0,Stage0-0-0,0,0,0,0,0,0,0,0
1781923532927,Executor0,Stage0-1-0,0,0,0,0,0,0,0,0
1781923532927,Executor0,Stage0-2-0,0,0,0,0,0,0,0,0
1781923532927,Executor0,Stage0-3-0,0,0,0,0,0,0,0,0
1781923532978,Executor1,Stage1-0-0,0,0,0,0,0,0,0,0
1781923533082,Executor7,Stage1-0-0,0,0,0,0,0,0,0,0
1781923533163,Executor2,Stage1-3-0,0,0,0,0,0,0,0,0
1781923533176,Executor2,Stage1-3-0,0,0,0,0,0,0,0,0
1781923533204,Executor7,Stage1-1-0,0,0,0,0,0,0,0,0
1781923533367,Executor1,Stage1-2-0,0,0,0,0,0,0,0,0
1781923533370,Executor0,Stage0-0-0,0,0,0,0,0,0,0,0
1781923533620,Executor3,Stage1-0-0,0,0,0,0,0,0,0,0
1781923533927,Executor0,Stage0-0-0,0,0,0,0,0,0,0,0
1781923533927,Executor0,Stage0-1-0,0,0,0,0,0,0,0,0
1781923533927,Executor0,Stage0-2-0,0,0,0,0,0,0,0,0
1781923533927,Executor0,Stage0-3-0,0,0,0,0,0,0,0,0
1781923533978,Executor1,Stage1-0-0,0,0,0,0,0,0,0,0
1781923534082,Executor7,Stage1-0-0,0,0,0,0,0,0,0,0
1781923534163,Executor2,Stage1-3-0,0,0,0,0,0,0,0,0
1781923534176,Executor2,Stage1-3-0,0,0,0,0,0,0,0,0
1781923534204,Executor7,Stage1-1-0,0,0,0,0,0,0,0,0
1781923534367,Executor1,Stage1-2-0,0,0,0,0,0,0,0,0
1781923534370,Executor0,Stage0-0-0,0,0,0,0,0,0,0,0
1781923534620,Executor3,Stage1-0-0,0,0,0,0,0,0,0,0
1781923534927,Executor0,Stage0-0-0,0,0,0,0,0,0,0,0
1781923534927,Executor0,Stage0-1-0,0,0,0,0,0,0,0,0
1781923534927,Executor0,Stage0-2-0,0,0,0,0,0,0,0,0
1781923534927,Executor0,Stage0-3-0,0,0,0,0,0,0,0,0
1781923534978,Executor1,Stage1-0-0,0,0,0,0,0,0,0,0
1781923535081,Executor7,Stage1-0-0,0,0,0,0,0,0,0,0
1781923535163,Executor2,Stage1-3-0,0,0,0,0,0,0,0,0
1781923535176,Executor2,Stage1-3-0,0,0,0,0,0,0,0,0
1781923535204,Executor7,Stage1-1-0,0,0,0,0,0,0,0,0
1781923535367,Executor1,Stage1-2-0,0,0,0,0,0,0,0,0
1781923535370,Executor0,Stage0-0-0,0,0,0,0,0,0,0,0
1781923535620,Executor3,Stage1-0-0,0,0,0,0,0,0,0,0
1781923535927,Executor0,Stage0-0-0,0,0,0,0,0,0,0,0
1781923535927,Executor0,Stage0-1-0,0,0,0,0,0,0,0,0
1781923535927,Executor0,Stage0-2-0,0,0,0,0,0,0,0,0
1781923535927,Executor0,Stage0-3-0,0,0,0,0,0,0,0,0
1781923535978,Executor1,Stage1-0-0,0,0,0,0,0,0,0,0
1781923536082,Executor7,Stage1-0-0,0,0,0,0,0,0,0,0
1781923536163,Executor2,Stage1-3-0,0,0,0,0,0,0,0,0
1781923536176,Executor2,Stage1-3-0,0,0,0,0,0,0,0,0
1781923536204,Executor7,Stage1-1-0,0,0,0,0,0,0,0,0
1781923536367,Executor1,Stage1-2-0,0,0,0,0,0,0,0,0
1781923536370,Executor0,Stage0-0-0,0,0,0,0,0,0,0,0
1781923536620,Executor3,Stage1-0-0,0,0,0,0,0,0,0,0
1781923536927,Executor0,Stage0-0-0,0,0,0,0,0,0,0,0
1781923536927,Executor0,Stage0-1-0,0,0,0,0,0,0,0,0
1781923536927,Executor0,Stage0-2-0,0,0,0,0,0,0,0,0
1781923536927,Executor0,Stage0-3-0,0,0,0,0,0,0,0,0
1781923536978,Executor1,Stage1-0-0,0,0,0,0,0,0,0,0
1781923537082,Executor7,Stage1-0-0,0,0,0,0,0,0,0,0
1781923537163,Executor2,Stage1-3-0,0,0,0,0,0,0,0,0
1781923537176,Executor2,Stage1-3-0,0,0,0,0,0,0,0,0
1781923537204,Executor7,Stage1-1-0,0,0,0,0,0,0,0,0
1781923537367,Executor1,Stage1-2-0,0,0,0,0,0,0,0,0
1781923537370,Executor0,Stage0-0-0,0,0,0,0,0,0,0,0
1781923537620,Executor3,Stage1-0-0,0,0,0,0,0,0,0,0
1781923537927,Executor0,Stage0-0-0,0,0,0,0,0,0,0,0
1781923537927,Executor0,Stage0-1-0,0,0,0,0,0,0,0,0
1781923537927,Executor0,Stage0-2-0,0,0,0,0,0,0,0,0
1781923537927,Executor0,Stage0-3-0,0,0,0,0,0,0,0,0
1781923537978,Executor1,Stage1-0-0,0,0,0,0,0,0,0,0
1781923538082,Executor7,Stage1-0-0,0,0,0,0,0,0,0,0
1781923538163,Executor2,Stage1-3-0,0,0,0,0,0,0,0,0
1781923538176,Executor2,Stage1-3-0,0,0,0,0,0,0,0,0
1781923538204,Executor7,Stage1-1-0,0,0,0,0,0,0,0,0
1781923538367,Executor1,Stage1-2-0,0,0,0,0,0,0,0,0
1781923538370,Executor0,Stage0-0-0,0,0,0,0,0,0,0,0
1781923538620,Executor3,Stage1-0-0,0,0,0,0,0,0,0,0
1781923538927,Executor0,Stage0-0-0,0,0,0,0,0,0,0,0
1781923538927,Executor0,Stage0-1-0,0,0,0,0,0,0,0,0
1781923538927,Executor0,Stage0-2-0,0,0,0,0,0,0,0,0
1781923538927,Executor0,Stage0-3-0,0,0,0,0,0,0,0,0
1781923538978,Executor1,Stage1-0-0,0,0,0,0,0,0,0,0
1781923539082,Executor7,Stage1-0-0,0,0,0,0,0,0,0,0
1781923539163,Executor2,Stage1-3-0,0,0,0,0,0,0,0,0
1781923539176,Executor2,Stage1-3-0,0,0,0,0,0,0,0,0
1781923539204,Executor7,Stage1-1-0,0,0,0,0,0,0,0,0
1781923539367,Executor1,Stage1-2-0,0,0,0,0,0,0,0,0
1781923539370,Executor0,Stage0-0-0,0,0,0,0,0,0,0,0
1781923539620,Executor3,Stage1-0-0,0,0,0,0,0,0,0,0
1781923539927,Executor0,Stage0-0-0,0,0,0,0,0,0,0,0
1781923539927,Executor0,Stage0-1-0,0,0,0,0,0,0,0,0
1781923539927,Executor0,Stage0-2-0,0,0,0,0,0,0,0,0
1781923539927,Executor0,Stage0-3-0,0,0,0,0,0,0,0,0
1781923539978,Executor1,Stage1-0-0,0,0,0,0,0,0,0,0
1781923540082,Executor7,Stage1-0-0,0,0,0,0,0,0,0,0
1781923540163,Executor2,Stage1-3-0,0,0,0,0,0,0,0,0
1781923540176,Executor2,Stage1-3-0,0,0,0,0,0,0,0,0
1781923540204,Executor7,Stage1-1-0,0,0,0,0,0,0,0,0
1781923540367,Executor1,Stage1-2-0,0,0,0,0,0,0,0,0
1781923540370,Executor0,Stage0-0-0,0,0,0,0,0,0,0,0
1781923540620,Executor3,Stage1-0-0,0,0,0,0,0,0,0,0
1781923540927,Executor0,Stage0-0-0,0,0,0,0,0,0,0,0
1781923540927,Executor0,Stage0-1-0,0,0,0,0,0,0,0,0
1781923540927,Executor0,Stage0-2-0,0,0,0,0,0,0,0,0
1781923540927,Executor0,Stage0-3-0,0,0,0,0,0,0,0,0
1781923540978,Executor1,Stage1-0-0,0,0,0,0,0,0,0,0
1781923541081,Executor7,Stage1-0-0,0,0,0,0,0,0,0,0
1781923541163,Executor2,Stage1-3-0,0,0,0,0,0,0,0,0
1781923541176,Executor2,Stage1-3-0,0,0,0,0,0,0,0,0
1781923541204,Executor7,Stage1-1-0,0,0,0,0,0,0,0,0
1781923541367,Executor1,Stage1-2-0,0,0,0,0,0,0,0,0
1781923541370,Executor0,Stage0-0-0,0,0,0,0,0,0,0,0
1781923541620,Executor3,Stage1-0-0,0,0,0,0,0,0,0,0
1781923541927,Executor0,Stage0-0-0,0,0,0,0,0,0,0,0
1781923541927,Executor0,Stage0-1-0,0,0,0,0,0,0,0,0
1781923541927,Executor0,Stage0-2-0,0,0,0,0,0,0,0,0
1781923541927,Executor0,Stage0-3-0,0,0,0,0,0,0,0,0
1781923541978,Executor1,Stage1-0-0,0,0,0,0,0,0,0,0
1781923542082,Executor7,Stage1-0-0,0,0,0,0,0,0,0,0
1781923542163,Executor2,Stage1-3-0,0,0,0,0,0,0,0,0
1781923542176,Executor2,Stage1-3-0,0,0,0,0,0,0,0,0
1781923542204,Executor7,Stage1-1-0,0,0,0,0,0,0,0,0
1781923542367,Executor1,Stage1-2-0,0,0,0,0,0,0,0,0
1781923542370,Executor0,Stage0-0-0,0,0,0,0,0,0,0,0
1781923542620,Executor3,Stage1-0-0,0,0,0,0,0,0,0,0
1781923542927,Executor0,Stage0-0-0,0,0,0,0,0,0,0,0
1781923542927,Executor0,Stage0-1-0,0,0,0,0,0,0,0,0
1781923542927,Executor0,Stage0-2-0,0,0,0,0,0,0,0,0
1781923542927,Executor0,Stage0-3-0,0,0,0,0,0,0,0,0
1781923542978,Executor1,Stage1-0-0,0,0,0,0,0,0,0,0
1781923543082,Executor7,Stage1-0-0,0,0,0,0,0,0,0,0
1781923543163,Executor2,Stage1-3-0,0,0,0,0,0,0,0,0
1781923543176,Executor2,Stage1-3-0,0,0,0,0,0,0,0,0
1781923543204,Executor7,Stage1-1-0,0,0,0,0,0,0,0,0
1781923543367,Executor1,Stage1-2-0,0,0,0,0,0,0,0,0
1781923543370,Executor0,Stage0-0-0,0,0,0,0,0,0,0,0
1781923543620,Executor3,Stage1-0-0,0,0,0,0,0,0,0,0
1781923543927,Executor0,Stage0-0-0,0,0,0,0,0,0,0,0
1781923543927,Executor0,Stage0-1-0,0,0,0,0,0,0,0,0
1781923543927,Executor0,Stage0-2-0,0,0,0,0,0,0,0,0
1781923543927,Executor0,Stage0-3-0,0,0,0,0,0,0,0,0
1781923543978,Executor1,Stage1-0-0,0,0,0,0,0,0,0,0
1781923544082,Executor7,Stage1-0-0,0,0,0,0,0,0,0,0
1781923544163,Executor2,Stage1-3-0,0,0,0,0,0,0,0,0
1781923544176,Executor2,Stage1-3-0,0,0,0,0,0,0,0,0
1781923544204,Executor7,Stage1-1-0,0,0,0,0,0,0,0,0
1781923544367,Executor1,Stage1-2-0,0,0,0,0,0,0,0,0
1781923544370,Executor0,Stage0-0-0,0,0,0,0,0,0,0,0
1781923544620,Executor3,Stage1-0-0,0,0,0,0,0,0,0,0
1781923544927,Executor0,Stage0-0-0,0,0,0,0,0,0,0,0
1781923544927,Executor0,Stage0-1-0,0,0,0,0,0,0,0,0
1781923544927,Executor0,Stage0-2-0,0,0,0,0,0,0,0,0
1781923544927,Executor0,Stage0-3-0,0,0,0,0,0,0,0,0
1781923544978,Executor1,Stage1-0-0,0,0,0,0,0,0,0,0
1781923545082,Executor7,Stage1-0-0,0,0,0,0,0,0,0,0
1781923545163,Executor2,Stage1-3-0,0,0,0,0,0,0,0,0
1781923545176,Executor2,Stage1-3-0,0,0,0,0,0,0,0,0
1781923545204,Executor7,Stage1-1-0,0,0,0,0,0,0,0,0
1781923545367,Executor1,Stage1-2-0,0,0,0,0,0,0,0,0
1781923545370,Executor0,Stage0-0-0,0,0,0,0,0,0,0,0
1781923545620,Executor3,Stage1-0-0,0,0,0,0,0,0,0,0
1781923545927,Executor0,Stage0-0-0,0,0,0,0,0,0,0,0
1781923545927,Executor0,Stage0-1-0,0,0,0,0,0,0,0,0
1781923545927,Executor0,Stage0-2-0,0,0,0,0,0,0,0,0
1781923545927,Executor0,Stage0-3-0,0,0,0,0,0,0,0,0
1781923545978,Executor1,Stage1-0-0,0,0,0,0,0,0,0,0
1781923546082,Executor7,Stage1-0-0,0,0,0,0,0,0,0,0
1781923546163,Executor2,Stage1-3-0,0,0,0,0,0,0,0,0
1781923546176,Executor2,Stage1-3-0,0,0,0,0,0,0,0,0
1781923546204,Executor7,Stage1-1-0,0,0,0,0,0,0,0,0
1781923546367,Executor1,Stage1-2-0,0,0,0,0,0,0,0,0
1781923546370,Executor0,Stage0-0-0,0,0,0,0,0,0,0,0
1781923546620,Executor3,Stage1-0-0,0,0,0,0,0,0,0,0
1781923546927,Executor0,Stage0-0-0,0,0,0,0,0,0,0,0
1781923546927,Executor0,Stage0-1-0,0,0,0,0,0,0,0,0
1781923546927,Executor0,Stage0-2-0,0,0,0,0,0,0,0,0
1781923546927,Executor0,Stage0-3-0,0,0,0,0,0,0,0,0
1781923546978,Executor1,Stage1-0-0,0,0,0,0,0,0,0,0
1781923547082,Executor7,Stage1-0-0,0,0,0,0,0,0,0,0
1781923547163,Executor2,Stage1-3-0,0,0,0,0,0,0,0,0
1781923547176,Executor2,Stage1-3-0,0,0,0,0,0,0,0,0
1781923547204,Executor7,Stage1-1-0,0,0,0,0,0,0,0,0
1781923547367,Executor1,Stage1-2-0,0,0,0,0,0,0,0,0
1781923547370,Executor0,Stage0-0-0,0,0,0,0,0,0,0,0
1781923547620,Executor3,Stage1-0-0,0,0,0,0,0,0,0,0
1781923547927,Executor0,Stage0-0-0,0,0,0,0,0,0,0,0
1781923547927,Executor0,Stage0-1-0,0,0,0,0,0,0,0,0
1781923547927,Executor0,Stage0-2-0,0,0,0,0,0,0,0,0
1781923547927,Executor0,Stage0-3-0,0,0,0,0,0,0,0,0
1781923547978,Executor1,Stage1-0-0,0,0,0,0,0,0,0,0
1781923548081,Executor7,Stage1-0-0,0,0,0,0,0,0,0,0
1781923548163,Executor2,Stage1-3-0,0,0,0,0,0,0,0,0
1781923548176,Executor2,Stage1-3-0,0,0,0,0,0,0,0,0
1781923548204,Executor7,Stage1-1-0,0,0,0,0,0,0,0,0
1781923548367,Executor1,Stage1-2-0,0,0,0,0,0,0,0,0
1781923548370,Executor0,Stage0-0-0,0,0,0,0,0,0,0,0
1781923548620,Executor3,Stage1-0-0,0,0,0,0,0,0,0,0
1781923548927,Executor0,Stage0-0-0,0,0,0,0,0,0,0,0
1781923548927,Executor0,Stage0-1-0,0,0,0,0,0,0,0,0
1781923548927,Executor0,Stage0-2-0,0,0,0,0,0,0,0,0
1781923548927,Executor0,Stage0-3-0,0,0,0,0,0,0,0,0
1781923548978,Executor1,Stage1-0-0,0,0,0,0,0,0,0,0
1781923549081,Executor7,Stage1-0-0,0,0,0,0,0,0,0,0
1781923549163,Executor2,Stage1-3-0,0,0,0,0,0,0,0,0
1781923549176,Executor2,Stage1-3-0,0,0,0,0,0,0,0,0
1781923549204,Executor7,Stage1-1-0,0,0,0,0,0,0,0,0
1781923549367,Executor1,Stage1-2-0,0,0,0,0,0,0,0,0
1781923549370,Executor0,Stage0-0-0,0,0,0,0,0,0,0,0
1781923549640,Executor3,Stage1-0-0,0,0,0,0,0,0,0,0
1781923549927,Executor0,Stage0-0-0,0,0,0,0,0,0,0,0
1781923549927,Executor0,Stage0-1-0,0,0,0,0,0,0,0,0
1781923549927,Executor0,Stage0-2-0,0,0,0,0,0,0,0,0
1781923549927,Executor0,Stage0-3-0,0,0,0,0,0,0,0,0
1781923549978,Executor1,Stage1-0-0,0,0,0,0,0,0,0,0
1781923550082,Executor7,Stage1-0-0,0,0,0,0,0,0,0,0
1781923550163,Executor2,Stage1-3-0,0,0,0,0,0,0,0,0
1781923550176,Executor2,Stage1-3-0,0,0,0,0,0,0,0,0
1781923550204,Executor7,Stage1-1-0,0,0,0,0,0,0,0,0
1781923550367,Executor1,Stage1-2-0,0,0,0,0,0,0,0,0
1781923550370,Executor0,Stage0-0-0,0,0,0,0,0,0,0,0
1781923550620,Executor3,Stage1-0-0,0,0,0,0,0,0,0,0
1781923550927,Executor0,Stage0-0-0,0,0,0,0,0,0,0,0
1781923550927,Executor0,Stage0-1-0,0,0,0,0,0,0,0,0
1781923550927,Executor0,Stage0-2-0,0,0,0,0,0,0,0,0
1781923550927,Executor0,Stage0-3-0,0,0,0,0,0,0,0,0
1781923550978,Executor1,Stage1-0-0,0,0,0,0,0,0,0,0
1781923551082,Executor7,Stage1-0-0,0,0,0,0,0,0,0,0
1781923551163,Executor2,Stage1-3-0,0,0,0,0,0,0,0,0
1781923551176,Executor2,Stage1-3-0,0,0,0,0,0,0,0,0
1781923551204,Executor7,Stage1-1-0,0,0,0,0,0,0,0,0
1781923551367,Executor1,Stage1-2-0,0,0,0,0,0,0,0,0
1781923551370,Executor0,Stage0-0-0,0,0,0,0,0,0,0,0
1781923551620,Executor3,Stage1-0-0,0,0,0,0,0,0,0,0
1781923551927,Executor0,Stage0-0-0,0,0,0,0,0,0,0,0
1781923551927,Executor0,Stage0-1-0,0,0,0,0,0,0,0,0
1781923551927,Executor0,Stage0-2-0,0,0,0,0,0,0,0,0
1781923551927,Executor0,Stage0-3-0,0,0,0,0,0,0,0,0
1781923551978,Executor1,Stage1-0-0,0,0,0,0,0,0,0,0
1781923552082,Executor7,Stage1-0-0,0,0,0,0,0,0,0,0
1781923552163,Executor2,Stage1-3-0,0,0,0,0,0,0,0,0
1781923552176,Executor2,Stage1-3-0,0,0,0,0,0,0,0,0
1781923552204,Executor7,Stage1-1-0,0,0,0,0,0,0,0,0
1781923552367,Executor1,Stage1-2-0,0,0,0,0,0,0,0,0
1781923552370,Executor0,Stage0-0-0,0,0,0,0,0,0,0,0
1781923552620,Executor3,Stage1-0-0,0,0,0,0,0,0,0,0
1781923552927,Executor0,Stage0-0-0,0,0,0,0,0,0,0,0
1781923552927,Executor0,Stage0-1-0,0,0,0,0,0,0,0,0
1781923552927,Executor0,Stage0-2-0,0,0,0,0,0,0,0,0
1781923552927,Executor0,Stage0-3-0,0,0,0,0,0,0,0,0
1781923552978,Executor1,Stage1-0-0,0,0,0,0,0,0,0,0
1781923553082,Executor7,Stage1-0-0,0,0,0,0,0,0,0,0
1781923553163,Executor2,Stage1-3-0,0,0,0,0,0,0,0,0
1781923553176,Executor2,Stage1-3-0,0,0,0,0,0,0,0,0
1781923553204,Executor7,Stage1-1-0,0,0,0,0,0,0,0,0
1781923553367,Executor1,Stage1-2-0,0,0,0,0,0,0,0,0
1781923553370,Executor0,Stage0-0-0,0,0,0,0,0,0,0,0
1781923553620,Executor3,Stage1-0-0,0,0,0,0,0,0,0,0
1781923553927,Executor0,Stage0-0-0,0,0,0,0,0,0,0,0
1781923553927,Executor0,Stage0-1-0,0,0,0,0,0,0,0,0
1781923553927,Executor0,Stage0-2-0,0,0,0,0,0,0,0,0
1781923553927,Executor0,Stage0-3-0,0,0,0,0,0,0,0,0
1781923553978,Executor1,Stage1-0-0,0,0,0,0,0,0,0,0
1781923554082,Executor7,Stage1-0-0,0,0,0,0,0,0,0,0
1781923554163,Executor2,Stage1-3-0,0,0,0,0,0,0,0,0
1781923554176,Executor2,Stage1-3-0,0,0,0,0,0,0,0,0
1781923554204,Executor7,Stage1-1-0,0,0,0,0,0,0,0,0
1781923554367,Executor1,Stage1-2-0,0,0,0,0,0,0,0,0
1781923554370,Executor0,Stage0-0-0,0,0,0,0,0,0,0,0
1781923554620,Executor3,Stage1-0-0,0,0,0,0,0,0,0,0
1781923554927,Executor0,Stage0-0-0,0,0,0,0,0,0,0,0
1781923554927,Executor0,Stage0-1-0,0,0,0,0,0,0,0,0
1781923554927,Executor0,Stage0-2-0,0,0,0,0,0,0,0,0
1781923554927,Executor0,Stage0-3-0,0,0,0,0,0,0,0,0
1781923554978,Executor1,Stage1-0-0,0,0,0,0,0,0,0,0
1781923555082,Executor7,Stage1-0-0,0,0,0,0,0,0,0,0
1781923555163,Executor2,Stage1-3-0,0,0,0,0,0,0,0,0
1781923555176,Executor2,Stage1-3-0,0,0,0,0,0,0,0,0
1781923555204,Executor7,Stage1-1-0,0,0,0,0,0,0,0,0
1781923555367,Executor1,Stage1-2-0,0,0,0,0,0,0,0,0
1781923555370,Executor0,Stage0-0-0,0,0,0,0,0,0,0,0
1781923555620,Executor3,Stage1-0-0,0,0,0,0,0,0,0,0
1781923555927,Executor0,Stage0-0-0,0,0,0,0,0,0,0,0
1781923555927,Executor0,Stage0-1-0,0,0,0,0,0,0,0,0
1781923555927,Executor0,Stage0-2-0,0,0,0,0,0,0,0,0
1781923555927,Executor0,Stage0-3-0,0,0,0,0,0,0,0,0
1781923555978,Executor1,Stage1-0-0,0,0,0,0,0,0,0,0
1781923556082,Executor7,Stage1-0-0,0,0,0,0,0,0,0,0
1781923556163,Executor2,Stage1-3-0,0,0,0,0,0,0,0,0
1781923556176,Executor2,Stage1-3-0,0,0,0,0,0,0,0,0
1781923556204,Executor7,Stage1-1-0,0,0,0,0,0,0,0,0
1781923556367,Executor1,Stage1-2-0,0,0,0,0,0,0,0,0
1781923556370,Executor0,Stage0-0-0,0,0,0,0,0,0,0,0
1781923556620,Executor3,Stage1-0-0,0,0,0,0,0,0,0,0
1781923556927,Executor0,Stage0-0-0,0,0,0,0,0,0,0,0
1781923556927,Executor0,Stage0-1-0,0,0,0,0,0,0,0,0
1781923556927,Executor0,Stage0-2-0,0,0,0,0,0,0,0,0
1781923556927,Executor0,Stage0-3-0,0,0,0,0,0,0,0,0
1781923556978,Executor1,Stage1-0-0,0,0,0,0,0,0,0,0
1781923557082,Executor7,Stage1-0-0,0,0,0,0,0,0,0,0
1781923557163,Executor2,Stage1-3-0,0,0,0,0,0,0,0,0
1781923557176,Executor2,Stage1-3-0,0,0,0,0,0,0,0,0
1781923557204,Executor7,Stage1-1-0,0,0,0,0,0,0,0,0
1781923557367,Executor1,Stage1-2-0,0,0,0,0,0,0,0,0
1781923557370,Executor0,Stage0-0-0,0,0,0,0,0,0,0,0
1781923557620,Executor3,Stage1-0-0,0,0,0,0,0,0,0,0
1781923557927,Executor0,Stage0-0-0,0,0,0,0,0,0,0,0
1781923557927,Executor0,Stage0-1-0,0,0,0,0,0,0,0,0
1781923557927,Executor0,Stage0-2-0,0,0,0,0,0,0,0,0
1781923557927,Executor0,Stage0-3-0,0,0,0,0,0,0,0,0
1781923557978,Executor1,Stage1-0-0,0,0,0,0,0,0,0,0
1781923558082,Executor7,Stage1-0-0,0,0,0,0,0,0,0,0
1781923558163,Executor2,Stage1-3-0,0,0,0,0,0,0,0,0
1781923558176,Executor2,Stage1-3-0,0,0,0,0,0,0,0,0
1781923558204,Executor7,Stage1-1-0,0,0,0,0,0,0,0,0
1781923558367,Executor1,Stage1-2-0,0,0,0,0,0,0,0,0
1781923558370,Executor0,Stage0-0-0,0,0,0,0,0,0,0,0
1781923558620,Executor3,Stage1-0-0,0,0,0,0,0,0,0,0
1781923558927,Executor0,Stage0-0-0,0,0,0,0,0,0,0,0
1781923558927,Executor0,Stage0-1-0,0,0,0,0,0,0,0,0
1781923558927,Executor0,Stage0-2-0,0,0,0,0,0,0,0,0
1781923558927,Executor0,Stage0-3-0,0,0,0,0,0,0,0,0
1781923558978,Executor1,Stage1-0-0,0,0,0,0,0,0,0,0
1781923559081,Executor7,Stage1-0-0,0,0,0,0,0,0,0,0
1781923559163,Executor2,Stage1-3-0,0,0,0,0,0,0,0,0
1781923559176,Executor2,Stage1-3-0,0,0,0,0,0,0,0,0
1781923559204,Executor7,Stage1-1-0,0,0,0,0,0,0,0,0
1781923559367,Executor1,Stage1-2-0,0,0,0,0,0,0,0,0
1781923559370,Executor0,Stage0-0-0,0,0,0,0,0,0,0,0
1781923559620,Executor3,Stage1-0-0,0,0,0,0,0,0,0,0
1781923559927,Executor0,Stage0-0-0,0,0,0,0,0,0,0,0
1781923559927,Executor0,Stage0-1-0,0,0,0,0,0,0,0,0
1781923559927,Executor0,Stage0-2-0,0,0,0,0,0,0,0,0
1781923559927,Executor0,Stage0-3-0,0,0,0,0,0,0,0,0
1781923559978,Executor1,Stage1-0-0,0,0,0,0,0,0,0,0
1781923560082,Executor7,Stage1-0-0,0,0,0,0,0,0,0,0
1781923560163,Executor2,Stage1-3-0,0,0,0,0,0,0,0,0
1781923560176,Executor2,Stage1-3-0,0,0,0,0,0,0,0,0
1781923560204,Executor7,Stage1-1-0,0,0,0,0,0,0,0,0
1781923560367,Executor1,Stage1-2-0,0,0,0,0,0,0,0,0
1781923560370,Executor0,Stage0-0-0,0,0,0,0,0,0,0,0
1781923560620,Executor3,Stage1-0-0,0,0,0,0,0,0,0,0
1781923560927,Executor0,Stage0-0-0,0,0,0,0,0,0,0,0
1781923560927,Executor0,Stage0-1-0,0,0,0,0,0,0,0,0
1781923560927,Executor0,Stage0-2-0,0,0,0,0,0,0,0,0
1781923560927,Executor0,Stage0-3-0,0,0,0,0,0,0,0,0
1781923560978,Executor1,Stage1-0-0,0,0,0,0,0,0,0,0
1781923561082,Executor7,Stage1-0-0,0,0,0,0,0,0,0,0
1781923561163,Executor2,Stage1-3-0,0,0,0,0,0,0,0,0
1781923561176,Executor2,Stage1-3-0,0,0,0,0,0,0,0,0
1781923561204,Executor7,Stage1-1-0,0,0,0,0,0,0,0,0
1781923561367,Executor1,Stage1-2-0,0,0,0,0,0,0,0,0
1781923561370,Executor0,Stage0-0-0,0,0,0,0,0,0,0,0
1781923561620,Executor3,Stage1-0-0,0,0,0,0,0,0,0,0
1781923561927,Executor0,Stage0-0-0,0,0,0,0,0,0,0,0
1781923561927,Executor0,Stage0-1-0,0,0,0,0,0,0,0,0
1781923561927,Executor0,Stage0-2-0,0,0,0,0,0,0,0,0
1781923561927,Executor0,Stage0-3-0,0,0,0,0,0,0,0,0
1781923561978,Executor1,Stage1-0-0,0,0,0,0,0,0,0,0
1781923562081,Executor7,Stage1-0-0,0,0,0,0,0,0,0,0
1781923562163,Executor2,Stage1-3-0,0,0,0,0,0,0,0,0
1781923562176,Executor2,Stage1-3-0,0,0,0,0,0,0,0,0
1781923562204,Executor7,Stage1-1-0,0,0,0,0,0,0,0,0
1781923562367,Executor1,Stage1-2-0,0,0,0,0,0,0,0,0
1781923562370,Executor0,Stage0-0-0,0,0,0,0,0,0,0,0
1781923562620,Executor3,Stage1-0-0,0,0,0,0,0,0,0,0
1781923562927,Executor0,Stage0-0-0,0,0,0,0,0,0,0,0
1781923562927,Executor0,Stage0-1-0,0,0,0,0,0,0,0,0
1781923562927,Executor0,Stage0-2-0,0,0,0,0,0,0,0,0
1781923562927,Executor0,Stage0-3-0,0,0,0,0,0,0,0,0
1781923562978,Executor1,Stage1-0-0,0,0,0,0,0,0,0,0
1781923563082,Executor7,Stage1-0-0,0,0,0,0,0,0,0,0
1781923563163,Executor2,Stage1-3-0,0,0,0,0,0,0,0,0
1781923563176,Executor2,Stage1-3-0,0,0,0,0,0,0,0,0
1781923563204,Executor7,Stage1-1-0,0,0,0,0,0,0,0,0
1781923563367,Executor1,Stage1-2-0,0,0,0,0,0,0,0,0
1781923563370,Executor0,Stage0-0-0,0,0,0,0,0,0,0,0
1781923563620,Executor3,Stage1-0-0,0,0,0,0,0,0,0,0
1781923563927,Executor0,Stage0-0-0,0,0,0,0,0,0,0,0
1781923563927,Executor0,Stage0-1-0,0,0,0,0,0,0,0,0
1781923563927,Executor0,Stage0-2-0,0,0,0,0,0,0,0,0
1781923563927,Executor0,Stage0-3-0,0,0,0,0,0,0,0,0
1781923563978,Executor1,Stage1-0-0,0,0,0,0,0,0,0,0
1781923564082,Executor7,Stage1-0-0,0,0,0,0,0,0,0,0
1781923564163,Executor2,Stage1-3-0,0,0,0,0,0,0,0,0
1781923564176,Executor2,Stage1-3-0,0,0,0,0,0,0,0,0
1781923564204,Executor7,Stage1-1-0,0,0,0,0,0,0,0,0
1781923564367,Executor1,Stage1-2-0,0,0,0,0,0,0,0,0
1781923564370,Executor0,Stage0-0-0,0,0,0,0,0,0,0,0
1781923564620,Executor3,Stage1-0-0,0,0,0,0,0,0,0,0
1781923564927,Executor0,Stage0-0-0,0,0,0,0,0,0,0,0
1781923564927,Executor0,Stage0-1-0,0,0,0,0,0,0,0,0
1781923564927,Executor0,Stage0-2-0,0,0,0,0,0,0,0,0
1781923564927,Executor0,Stage0-3-0,0,0,0,0,0,0,0,0
1781923564978,Executor1,Stage1-0-0,0,0,0,0,0,0,0,0
1781923565082,Executor7,Stage1-0-0,0,0,0,0,0,0,0,0
1781923565163,Executor2,Stage1-3-0,0,0,0,0,0,0,0,0
1781923565176,Executor2,Stage1-3-0,0,0,0,0,0,0,0,0
1781923565204,Executor7,Stage1-1-0,0,0,0,0,0,0,0,0
1781923565367,Executor1,Stage1-2-0,0,0,0,0,0,0,0,0
1781923565370,Executor0,Stage0-0-0,0,0,0,0,0,0,0,0
1781923565620,Executor3,Stage1-0-0,0,0,0,0,0,0,0,0
1781923565927,Executor0,Stage0-0-0,0,0,0,0,0,0,0,0
1781923565927,Executor0,Stage0-1-0,0,0,0,0,0,0,0,0
1781923565927,Executor0,Stage0-2-0,0,0,0,0,0,0,0,0
1781923565927,Executor0,Stage0-3-0,0,0,0,0,0,0,0,0
1781923565978,Executor1,Stage1-0-0,0,0,0,0,0,0,0,0
1781923566082,Executor7,Stage1-0-0,0,0,0,0,0,0,0,0
1781923566163,Executor2,Stage1-3-0,0,0,0,0,0,0,0,0
1781923566176,Executor2,Stage1-3-0,0,0,0,0,0,0,0,0
1781923566204,Executor7,Stage1-1-0,0,0,0,0,0,0,0,0
1781923566367,Executor1,Stage1-2-0,0,0,0,0,0,0,0,0
1781923566370,Executor0,Stage0-0-0,0,0,0,0,0,0,0,0
1781923566620,Executor3,Stage1-0-0,0,0,0,0,0,0,0,0
1781923566927,Executor0,Stage0-0-0,0,0,0,0,0,0,0,0
1781923566927,Executor0,Stage0-1-0,0,0,0,0,0,0,0,0
1781923566927,Executor0,Stage0-2-0,0,0,0,0,0,0,0,0
1781923566927,Executor0,Stage0-3-0,0,0,0,0,0,0,0,0
1781923566978,Executor1,Stage1-0-0,0,0,0,0,0,0,0,0
1781923567082,Executor7,Stage1-0-0,0,0,0,0,0,0,0,0
1781923567163,Executor2,Stage1-3-0,0,0,0,0,0,0,0,0
1781923567176,Executor2,Stage1-3-0,0,0,0,0,0,0,0,0
1781923567204,Executor7,Stage1-1-0,0,0,0,0,0,0,0,0
1781923567367,Executor1,Stage1-2-0,0,0,0,0,0,0,0,0
1781923567370,Executor0,Stage0-0-0,0,0,0,0,0,0,0,0
1781923567620,Executor3,Stage1-0-0,0,0,0,0,0,0,0,0
1781923567927,Executor0,Stage0-0-0,0,0,0,0,0,0,0,0
1781923567927,Executor0,Stage0-1-0,0,0,0,0,0,0,0,0
1781923567927,Executor0,Stage0-2-0,0,0,0,0,0,0,0,0
1781923567927,Executor0,Stage0-3-0,0,0,0,0,0,0,0,0
1781923567978,Executor1,Stage1-0-0,0,0,0,0,0,0,0,0
1781923568082,Executor7,Stage1-0-0,0,0,0,0,0,0,0,0
1781923568163,Executor2,Stage1-3-0,0,0,0,0,0,0,0,0
1781923568176,Executor2,Stage1-3-0,0,0,0,0,0,0,0,0
1781923568204,Executor7,Stage1-1-0,0,0,0,0,0,0,0,0
1781923568367,Executor1,Stage1-2-0,0,0,0,0,0,0,0,0
1781923568370,Executor0,Stage0-0-0,0,0,0,0,0,0,0,0
1781923568620,Executor3,Stage1-0-0,0,0,0,0,0,0,0,0
1781923568927,Executor0,Stage0-0-0,0,0,0,0,0,0,0,0
1781923568927,Executor0,Stage0-1-0,0,0,0,0,0,0,0,0
1781923568927,Executor0,Stage0-2-0,0,0,0,0,0,0,0,0
1781923568927,Executor0,Stage0-3-0,0,0,0,0,0,0,0,0
1781923568978,Executor1,Stage1-0-0,0,0,0,0,0,0,0,0
1781923569081,Executor7,Stage1-0-0,0,0,0,0,0,0,0,0
1781923569163,Executor2,Stage1-3-0,0,0,0,0,0,0,0,0
1781923569176,Executor2,Stage1-3-0,0,0,0,0,0,0,0,0
1781923569204,Executor7,Stage1-1-0,0,0,0,0,0,0,0,0
1781923569367,Executor1,Stage1-2-0,0,0,0,0,0,0,0,0
1781923569370,Executor0,Stage0-0-0,0,0,0,0,0,0,0,0
1781923569622,Executor3,Stage1-0-0,0,0,0,0,0,0,0,0
1781923569927,Executor0,Stage0-0-0,0,0,0,0,0,0,0,0
1781923569927,Executor0,Stage0-1-0,0,0,0,0,0,0,0,0
1781923569927,Executor0,Stage0-2-0,0,0,0,0,0,0,0,0
1781923569927,Executor0,Stage0-3-0,0,0,0,0,0,0,0,0
1781923569978,Executor1,Stage1-0-0,0,0,0,0,0,0,0,0
1781923570082,Executor7,Stage1-0-0,0,0,0,0,0,0,0,0
1781923570163,Executor2,Stage1-3-0,0,0,0,0,0,0,0,0
1781923570176,Executor2,Stage1-3-0,0,0,0,0,0,0,0,0
1781923570204,Executor7,Stage1-1-0,0,0,0,0,0,0,0,0
1781923570367,Executor1,Stage1-2-0,0,0,0,0,0,0,0,0
1781923570370,Executor0,Stage0-0-0,0,0,0,0,0,0,0,0
1781923570620,Executor3,Stage1-0-0,0,0,0,0,0,0,0,0
1781923570927,Executor0,Stage0-0-0,0,0,0,0,0,0,0,0
1781923570927,Executor0,Stage0-1-0,0,0,0,0,0,0,0,0
1781923570927,Executor0,Stage0-2-0,0,0,0,0,0,0,0,0
1781923570927,Executor0,Stage0-3-0,0,0,0,0,0,0,0,0
1781923570978,Executor1,Stage1-0-0,0,0,0,0,0,0,0,0
1781923571081,Executor7,Stage1-0-0,0,0,0,0,0,0,0,0
1781923571163,Executor2,Stage1-3-0,0,0,0,0,0,0,0,0
1781923571176,Executor2,Stage1-3-0,0,0,0,0,0,0,0,0
1781923571204,Executor7,Stage1-1-0,0,0,0,0,0,0,0,0
1781923571367,Executor1,Stage1-2-0,0,0,0,0,0,0,0,0
1781923571370,Executor0,Stage0-0-0,0,0,0,0,0,0,0,0
1781923571620,Executor3,Stage1-0-0,0,0,0,0,0,0,0,0
1781923571927,Executor0,Stage0-0-0,0,0,0,0,0,0,0,0
1781923571927,Executor0,Stage0-1-0,0,0,0,0,0,0,0,0
1781923571927,Executor0,Stage0-2-0,0,0,0,0,0,0,0,0
1781923571927,Executor0,Stage0-3-0,0,0,0,0,0,0,0,0
1781923571978,Executor1,Stage1-0-0,0,0,0,0,0,0,0,0
1781923572082,Executor7,Stage1-0-0,0,0,0,0,0,0,0,0
1781923572163,Executor2,Stage1-3-0,0,0,0,0,0,0,0,0
1781923572176,Executor2,Stage1-3-0,0,0,0,0,0,0,0,0
1781923572204,Executor7,Stage1-1-0,0,0,0,0,0,0,0,0
1781923572367,Executor1,Stage1-2-0,0,0,0,0,0,0,0,0
1781923572370,Executor0,Stage0-0-0,0,0,0,0,0,0,0,0
1781923572620,Executor3,Stage1-0-0,0,0,0,0,0,0,0,0
1781923572927,Executor0,Stage0-0-0,0,0,0,0,0,0,0,0
1781923572927,Executor0,Stage0-1-0,0,0,0,0,0,0,0,0
1781923572927,Executor0,Stage0-2-0,0,0,0,0,0,0,0,0
1781923572927,Executor0,Stage0-3-0,0,0,0,0,0,0,0,0
1781923572978,Executor1,Stage1-0-0,0,0,0,0,0,0,0,0
1781923573081,Executor7,Stage1-0-0,0,0,0,0,0,0,0,0
1781923573163,Executor2,Stage1-3-0,0,0,0,0,0,0,0,0
1781923573176,Executor2,Stage1-3-0,0,0,0,0,0,0,0,0
1781923573204,Executor7,Stage1-1-0,0,0,0,0,0,0,0,0
1781923573367,Executor1,Stage1-2-0,0,0,0,0,0,0,0,0
1781923573370,Executor0,Stage0-0-0,0,0,0,0,0,0,0,0
1781923573620,Executor3,Stage1-0-0,0,0,0,0,0,0,0,0
1781923573927,Executor0,Stage0-0-0,0,0,0,0,0,0,0,0
1781923573927,Executor0,Stage0-1-0,0,0,0,0,0,0,0,0
1781923573927,Executor0,Stage0-2-0,0,0,0,0,0,0,0,0
1781923573927,Executor0,Stage0-3-0,0,0,0,0,0,0,0,0
1781923573978,Executor1,Stage1-0-0,0,0,0,0,0,0,0,0
1781923574082,Executor7,Stage1-0-0,0,0,0,0,0,0,0,0
1781923574163,Executor2,Stage1-3-0,0,0,0,0,0,0,0,0
1781923574176,Executor2,Stage1-3-0,0,0,0,0,0,0,0,0
1781923574204,Executor7,Stage1-1-0,0,0,0,0,0,0,0,0
1781923574367,Executor1,Stage1-2-0,0,0,0,0,0,0,0,0
1781923574370,Executor0,Stage0-0-0,0,0,0,0,0,0,0,0
1781923574620,Executor3,Stage1-0-0,0,0,0,0,0,0,0,0
1781923574927,Executor0,Stage0-0-0,0,0,0,0,0,0,0,0
1781923574927,Executor0,Stage0-1-0,0,0,0,0,0,0,0,0
1781923574927,Executor0,Stage0-2-0,0,0,0,0,0,0,0,0
1781923574927,Executor0,Stage0-3-0,0,0,0,0,0,0,0,0
1781923574978,Executor1,Stage1-0-0,0,0,0,0,0,0,0,0
1781923575082,Executor7,Stage1-0-0,0,0,0,0,0,0,0,0
1781923575163,Executor2,Stage1-3-0,0,0,0,0,0,0,0,0
1781923575176,Executor2,Stage1-3-0,0,0,0,0,0,0,0,0
1781923575204,Executor7,Stage1-1-0,0,0,0,0,0,0,0,0
1781923575367,Executor1,Stage1-2-0,0,0,0,0,0,0,0,0
1781923575370,Executor0,Stage0-0-0,0,0,0,0,0,0,0,0
1781923575620,Executor3,Stage1-0-0,0,0,0,0,0,0,0,0
1781923575927,Executor0,Stage0-0-0,0,0,0,0,0,0,0,0
1781923575927,Executor0,Stage0-1-0,0,0,0,0,0,0,0,0
1781923575927,Executor0,Stage0-2-0,0,0,0,0,0,0,0,0
1781923575927,Executor0,Stage0-3-0,0,0,0,0,0,0,0,0
1781923575978,Executor1,Stage1-0-0,0,0,0,0,0,0,0,0
1781923576082,Executor7,Stage1-0-0,0,0,0,0,0,0,0,0
1781923576163,Executor2,Stage1-3-0,0,0,0,0,0,0,0,0
1781923576176,Executor2,Stage1-3-0,0,0,0,0,0,0,0,0
1781923576204,Executor7,Stage1-1-0,0,0,0,0,0,0,0,0
1781923576367,Executor1,Stage1-2-0,0,0,0,0,0,0,0,0
1781923576370,Executor0,Stage0-0-0,0,0,0,0,0,0,0,0
1781923576621,Executor3,Stage1-0-0,0,0,0,0,0,0,0,0
1781923576927,Executor0,Stage0-0-0,0,0,0,0,0,0,0,0
1781923576927,Executor0,Stage0-1-0,0,0,0,0,0,0,0,0
1781923576927,Executor0,Stage0-2-0,0,0,0,0,0,0,0,0
1781923576927,Executor0,Stage0-3-0,0,0,0,0,0,0,0,0
1781923576978,Executor1,Stage1-0-0,0,0,0,0,0,0,0,0
1781923577082,Executor7,Stage1-0-0,0,0,0,0,0,0,0,0
1781923577163,Executor2,Stage1-3-0,0,0,0,0,0,0,0,0
1781923577176,Executor2,Stage1-3-0,0,0,0,0,0,0,0,0
1781923577204,Executor7,Stage1-1-0,0,0,0,0,0,0,0,0
1781923577367,Executor1,Stage1-2-0,0,0,0,0,0,0,0,0
1781923577370,Executor0,Stage0-0-0,0,0,0,0,0,0,0,0
1781923577620,Executor3,Stage1-0-0,0,0,0,0,0,0,0,0
1781923577927,Executor0,Stage0-0-0,0,0,0,0,0,0,0,0
1781923577927,Executor0,Stage0-1-0,0,0,0,0,0,0,0,0
1781923577927,Executor0,Stage0-2-0,0,0,0,0,0,0,0,0
1781923577927,Executor0,Stage0-3-0,0,0,0,0,0,0,0,0
1781923577978,Executor1,Stage1-0-0,0,0,0,0,0,0,0,0
1781923578082,Executor7,Stage1-0-0,0,0,0,0,0,0,0,0
1781923578163,Executor2,Stage1-3-0,0,0,0,0,0,0,0,0
1781923578176,Executor2,Stage1-3-0,0,0,0,0,0,0,0,0
1781923578204,Executor7,Stage1-1-0,0,0,0,0,0,0,0,0
1781923578367,Executor1,Stage1-2-0,0,0,0,0,0,0,0,0
1781923578370,Executor0,Stage0-0-0,0,0,0,0,0,0,0,0
1781923578620,Executor3,Stage1-0-0,0,0,0,0,0,0,0,0
1781923578927,Executor0,Stage0-0-0,0,0,0,0,0,0,0,0
1781923578927,Executor0,Stage0-1-0,0,0,0,0,0,0,0,0
1781923578927,Executor0,Stage0-2-0,0,0,0,0,0,0,0,0
1781923578927,Executor0,Stage0-3-0,0,0,0,0,0,0,0,0
1781923578978,Executor1,Stage1-0-0,0,0,0,0,0,0,0,0
1781923579082,Executor7,Stage1-0-0,0,0,0,0,0,0,0,0
1781923579163,Executor2,Stage1-3-0,0,0,0,0,0,0,0,0
1781923579176,Executor2,Stage1-3-0,0,0,0,0,0,0,0,0
1781923579204,Executor7,Stage1-1-0,0,0,0,0,0,0,0,0
1781923579367,Executor1,Stage1-2-0,0,0,0,0,0,0,0,0
1781923579370,Executor0,Stage0-0-0,0,0,0,0,0,0,0,0
1781923579622,Executor3,Stage1-0-0,0,0,0,0,0,0,0,0
1781923579927,Executor0,Stage0-0-0,0,0,0,0,0,0,0,0
1781923579927,Executor0,Stage0-1-0,0,0,0,0,0,0,0,0
1781923579927,Executor0,Stage0-2-0,0,0,0,0,0,0,0,0
1781923579927,Executor0,Stage0-3-0,0,0,0,0,0,0,0,0
1781923579978,Executor1,Stage1-0-0,0,0,0,0,0,0,0,0
1781923580082,Executor7,Stage1-0-0,0,0,0,0,0,0,0,0
1781923580163,Executor2,Stage1-3-0,0,0,0,0,0,0,0,0
1781923580176,Executor2,Stage1-3-0,0,0,0,0,0,0,0,0
1781923580204,Executor7,Stage1-1-0,0,0,0,0,0,0,0,0
1781923580367,Executor1,Stage1-2-0,0,0,0,0,0,0,0,0
1781923580370,Executor0,Stage0-0-0,0,0,0,0,0,0,0,0
1781923580620,Executor3,Stage1-0-0,0,0,0,0,0,0,0,0
1781923580927,Executor0,Stage0-0-0,0,0,0,0,0,0,0,0
1781923580927,Executor0,Stage0-1-0,0,0,0,0,0,0,0,0
1781923580927,Executor0,Stage0-2-0,0,0,0,0,0,0,0,0
1781923580927,Executor0,Stage0-3-0,0,0,0,0,0,0,0,0
1781923580978,Executor1,Stage1-0-0,0,0,0,0,0,0,0,0
1781923581082,Executor7,Stage1-0-0,0,0,0,0,0,0,0,0
1781923581163,Executor2,Stage1-3-0,0,0,0,0,0,0,0,0
1781923581176,Executor2,Stage1-3-0,0,0,0,0,0,0,0,0
1781923581204,Executor7,Stage1-1-0,0,0,0,0,0,0,0,0
1781923581367,Executor1,Stage1-2-0,0,0,0,0,0,0,0,0
1781923581370,Executor0,Stage0-0-0,0,0,0,0,0,0,0,0
1781923581620,Executor3,Stage1-0-0,0,0,0,0,0,0,0,0
1781923581927,Executor0,Stage0-0-0,0,0,0,0,0,0,0,0
1781923581927,Executor0,Stage0-1-0,0,0,0,0,0,0,0,0
1781923581927,Executor0,Stage0-2-0,0,0,0,0,0,0,0,0
1781923581927,Executor0,Stage0-3-0,0,0,0,0,0,0,0,0
1781923581978,Executor1,Stage1-0-0,0,0,0,0,0,0,0,0
1781923582082,Executor7,Stage1-0-0,0,0,0,0,0,0,0,0
1781923582163,Executor2,Stage1-3-0,0,0,0,0,0,0,0,0
1781923582176,Executor2,Stage1-3-0,0,0,0,0,0,0,0,0
1781923582204,Executor7,Stage1-1-0,0,0,0,0,0,0,0,0
1781923582367,Executor1,Stage1-2-0,0,0,0,0,0,0,0,0
1781923582370,Executor0,Stage0-0-0,0,0,0,0,0,0,0,0
1781923582620,Executor3,Stage1-0-0,0,0,0,0,0,0,0,0
1781923582927,Executor0,Stage0-0-0,0,0,0,0,0,0,0,0
1781923582927,Executor0,Stage0-1-0,0,0,0,0,0,0,0,0
1781923582927,Executor0,Stage0-2-0,0,0,0,0,0,0,0,0
1781923582927,Executor0,Stage0-3-0,0,0,0,0,0,0,0,0
1781923582978,Executor1,Stage1-0-0,0,0,0,0,0,0,0,0
1781923583081,Executor7,Stage1-0-0,0,0,0,0,0,0,0,0
1781923583163,Executor2,Stage1-3-0,0,0,0,0,0,0,0,0
1781923583176,Executor2,Stage1-3-0,0,0,0,0,0,0,0,0
1781923583204,Executor7,Stage1-1-0,0,0,0,0,0,0,0,0
1781923583367,Executor1,Stage1-2-0,0,0,0,0,0,0,0,0
1781923583370,Executor0,Stage0-0-0,0,0,0,0,0,0,0,0
1781923583620,Executor3,Stage1-0-0,0,0,0,0,0,0,0,0
1781923583927,Executor0,Stage0-0-0,0,0,0,0,0,0,0,0
1781923583927,Executor0,Stage0-1-0,0,0,0,0,0,0,0,0
1781923583927,Executor0,Stage0-2-0,0,0,0,0,0,0,0,0
1781923583927,Executor0,Stage0-3-0,0,0,0,0,0,0,0,0
1781923583978,Executor1,Stage1-0-0,0,0,0,0,0,0,0,0
1781923584082,Executor7,Stage1-0-0,0,0,0,0,0,0,0,0
1781923584163,Executor2,Stage1-3-0,0,0,0,0,0,0,0,0
1781923584176,Executor2,Stage1-3-0,0,0,0,0,0,0,0,0
1781923584204,Executor7,Stage1-1-0,0,0,0,0,0,0,0,0
1781923584367,Executor1,Stage1-2-0,0,0,0,0,0,0,0,0
1781923584370,Executor0,Stage0-0-0,0,0,0,0,0,0,0,0
1781923584620,Executor3,Stage1-0-0,0,0,0,0,0,0,0,0
1781923584927,Executor0,Stage0-0-0,0,0,0,0,0,0,0,0
1781923584927,Executor0,Stage0-1-0,0,0,0,0,0,0,0,0
1781923584927,Executor0,Stage0-2-0,0,0,0,0,0,0,0,0
1781923584927,Executor0,Stage0-3-0,0,0,0,0,0,0,0,0
1781923584978,Executor1,Stage1-0-0,0,0,0,0,0,0,0,0
1781923585082,Executor7,Stage1-0-0,0,0,0,0,0,0,0,0
1781923585163,Executor2,Stage1-3-0,0,0,0,0,0,0,0,0
1781923585176,Executor2,Stage1-3-0,0,0,0,0,0,0,0,0
1781923585204,Executor7,Stage1-1-0,0,0,0,0,0,0,0,0
1781923585367,Executor1,Stage1-2-0,0,0,0,0,0,0,0,0
1781923585370,Executor0,Stage0-0-0,0,0,0,0,0,0,0,0
1781923585620,Executor3,Stage1-0-0,0,0,0,0,0,0,0,0
1781923585927,Executor0,Stage0-0-0,0,0,0,0,0,0,0,0
1781923585927,Executor0,Stage0-1-0,0,0,0,0,0,0,0,0
1781923585927,Executor0,Stage0-2-0,0,0,0,0,0,0,0,0
1781923585927,Executor0,Stage0-3-0,0,0,0,0,0,0,0,0
1781923585978,Executor1,Stage1-0-0,0,0,0,0,0,0,0,0
1781923586082,Executor7,Stage1-0-0,0,0,0,0,0,0,0,0
1781923586163,Executor2,Stage1-3-0,0,0,0,0,0,0,0,0
1781923586176,Executor2,Stage1-3-0,0,0,0,0,0,0,0,0
1781923586204,Executor7,Stage1-1-0,0,0,0,0,0,0,0,0
1781923586367,Executor1,Stage1-2-0,0,0,0,0,0,0,0,0
1781923586370,Executor0,Stage0-0-0,0,0,0,0,0,0,0,0
1781923586620,Executor3,Stage1-0-0,0,0,0,0,0,0,0,0
1781923586927,Executor0,Stage0-0-0,0,0,0,0,0,0,0,0
1781923586927,Executor0,Stage0-1-0,0,0,0,0,0,0,0,0
1781923586927,Executor0,Stage0-2-0,0,0,0,0,0,0,0,0
1781923586927,Executor0,Stage0-3-0,0,0,0,0,0,0,0,0
1781923586978,Executor1,Stage1-0-0,0,0,0,0,0,0,0,0
1781923587081,Executor7,Stage1-0-0,0,0,0,0,0,0,0,0
1781923587163,Executor2,Stage1-3-0,0,0,0,0,0,0,0,0
1781923587176,Executor2,Stage1-3-0,0,0,0,0,0,0,0,0
1781923587204,Executor7,Stage1-1-0,0,0,0,0,0,0,0,0
1781923587367,Executor1,Stage1-2-0,0,0,0,0,0,0,0,0
1781923587370,Executor0,Stage0-0-0,0,0,0,0,0,0,0,0
1781923587620,Executor3,Stage1-0-0,0,0,0,0,0,0,0,0
1781923587927,Executor0,Stage0-0-0,0,0,0,0,0,0,0,0
1781923587927,Executor0,Stage0-1-0,0,0,0,0,0,0,0,0
1781923587927,Executor0,Stage0-2-0,0,0,0,0,0,0,0,0
1781923587927,Executor0,Stage0-3-0,0,0,0,0,0,0,0,0
1781923587978,Executor1,Stage1-0-0,0,0,0,0,0,0,0,0
1781923588081,Executor7,Stage1-0-0,0,0,0,0,0,0,0,0
1781923588163,Executor2,Stage1-3-0,0,0,0,0,0,0,0,0
1781923588176,Executor2,Stage1-3-0,0,0,0,0,0,0,0,0
1781923588204,Executor7,Stage1-1-0,0,0,0,0,0,0,0,0
1781923588367,Executor1,Stage1-2-0,0,0,0,0,0,0,0,0
1781923588370,Executor0,Stage0-0-0,0,0,0,0,0,0,0,0
1781923588620,Executor3,Stage1-0-0,0,0,0,0,0,0,0,0
1781923588927,Executor0,Stage0-0-0,0,0,0,0,0,0,0,0
1781923588927,Executor0,Stage0-1-0,0,0,0,0,0,0,0,0
1781923588927,Executor0,Stage0-2-0,0,0,0,0,0,0,0,0
1781923588927,Executor0,Stage0-3-0,0,0,0,0,0,0,0,0
1781923588978,Executor1,Stage1-0-0,0,0,0,0,0,0,0,0
1781923589082,Executor7,Stage1-0-0,0,0,0,0,0,0,0,0
1781923589163,Executor2,Stage1-3-0,0,0,0,0,0,0,0,0
1781923589176,Executor2,Stage1-3-0,0,0,0,0,0,0,0,0
1781923589204,Executor7,Stage1-1-0,0,0,0,0,0,0,0,0
1781923589367,Executor1,Stage1-2-0,0,0,0,0,0,0,0,0
1781923589370,Executor0,Stage0-0-0,0,0,0,0,0,0,0,0
1781923589620,Executor3,Stage1-0-0,0,0,0,0,0,0,0,0
1781923589927,Executor0,Stage0-0-0,0,0,0,0,0,0,0,0
1781923589927,Executor0,Stage0-1-0,0,0,0,0,0,0,0,0
1781923589927,Executor0,Stage0-2-0,0,0,0,0,0,0,0,0
1781923589927,Executor0,Stage0-3-0,0,0,0,0,0,0,0,0
1781923589978,Executor1,Stage1-0-0,0,0,0,0,0,0,0,0
1781923590082,Executor7,Stage1-0-0,0,0,0,0,0,0,0,0
1781923590163,Executor2,Stage1-3-0,0,0,0,0,0,0,0,0
1781923590176,Executor2,Stage1-3-0,0,0,0,0,0,0,0,0
1781923590204,Executor7,Stage1-1-0,0,0,0,0,0,0,0,0
1781923590367,Executor1,Stage1-2-0,0,0,0,0,0,0,0,0
1781923590370,Executor0,Stage0-0-0,0,0,0,0,0,0,0,0
1781923590620,Executor3,Stage1-0-0,0,0,0,0,0,0,0,0
1781923590927,Executor0,Stage0-0-0,0,0,0,0,0,0,0,0
1781923590927,Executor0,Stage0-1-0,0,0,0,0,0,0,0,0
1781923590927,Executor0,Stage0-2-0,0,0,0,0,0,0,0,0
1781923590927,Executor0,Stage0-3-0,0,0,0,0,0,0,0,0
1781923590978,Executor1,Stage1-0-0,0,0,0,0,0,0,0,0
1781923591082,Executor7,Stage1-0-0,0,0,0,0,0,0,0,0
1781923591163,Executor2,Stage1-3-0,0,0,0,0,0,0,0,0
1781923591176,Executor2,Stage1-3-0,0,0,0,0,0,0,0,0
1781923591204,Executor7,Stage1-1-0,0,0,0,0,0,0,0,0
1781923591367,Executor1,Stage1-2-0,0,0,0,0,0,0,0,0
1781923591370,Executor0,Stage0-0-0,0,0,0,0,0,0,0,0
1781923591620,Executor3,Stage1-0-0,0,0,0,0,0,0,0,0
1781923591927,Executor0,Stage0-0-0,0,0,0,0,0,0,0,0
1781923591927,Executor0,Stage0-1-0,0,0,0,0,0,0,0,0
1781923591927,Executor0,Stage0-2-0,0,0,0,0,0,0,0,0
1781923591927,Executor0,Stage0-3-0,0,0,0,0,0,0,0,0
1781923591978,Executor1,Stage1-0-0,0,0,0,0,0,0,0,0
1781923592082,Executor7,Stage1-0-0,0,0,0,0,0,0,0,0
1781923592163,Executor2,Stage1-3-0,0,0,0,0,0,0,0,0
1781923592176,Executor2,Stage1-3-0,0,0,0,0,0,0,0,0
1781923592204,Executor7,Stage1-1-0,0,0,0,0,0,0,0,0
1781923592367,Executor1,Stage1-2-0,0,0,0,0,0,0,0,0
1781923592370,Executor0,Stage0-0-0,0,0,0,0,0,0,0,0
1781923592620,Executor3,Stage1-0-0,0,0,0,0,0,0,0,0
1781923592927,Executor0,Stage0-0-0,0,0,0,0,0,0,0,0
1781923592927,Executor0,Stage0-1-0,0,0,0,0,0,0,0,0
1781923592927,Executor0,Stage0-2-0,0,0,0,0,0,0,0,0
1781923592927,Executor0,Stage0-3-0,0,0,0,0,0,0,0,0
1781923592978,Executor1,Stage1-0-0,0,0,0,0,0,0,0,0
1781923593082,Executor7,Stage1-0-0,0,0,0,0,0,0,0,0
1781923593163,Executor2,Stage1-3-0,0,0,0,0,0,0,0,0
1781923593176,Executor2,Stage1-3-0,0,0,0,0,0,0,0,0
1781923593204,Executor7,Stage1-1-0,0,0,0,0,0,0,0,0
1781923593367,Executor1,Stage1-2-0,0,0,0,0,0,0,0,0
1781923593370,Executor0,Stage0-0-0,0,0,0,0,0,0,0,0
1781923593620,Executor3,Stage1-0-0,0,0,0,0,0,0,0,0
1781923593927,Executor0,Stage0-0-0,0,0,0,0,0,0,0,0
1781923593927,Executor0,Stage0-1-0,0,0,0,0,0,0,0,0
1781923593927,Executor0,Stage0-2-0,0,0,0,0,0,0,0,0
1781923593927,Executor0,Stage0-3-0,0,0,0,0,0,0,0,0
1781923593978,Executor1,Stage1-0-0,0,0,0,0,0,0,0,0
1781923594082,Executor7,Stage1-0-0,0,0,0,0,0,0,0,0
1781923594163,Executor2,Stage1-3-0,0,0,0,0,0,0,0,0
1781923594176,Executor2,Stage1-3-0,0,0,0,0,0,0,0,0
1781923594204,Executor7,Stage1-1-0,0,0,0,0,0,0,0,0
1781923594367,Executor1,Stage1-2-0,0,0,0,0,0,0,0,0
1781923594370,Executor0,Stage0-0-0,0,0,0,0,0,0,0,0
1781923594620,Executor3,Stage1-0-0,0,0,0,0,0,0,0,0
1781923594927,Executor0,Stage0-0-0,0,0,0,0,0,0,0,0
1781923594927,Executor0,Stage0-1-0,0,0,0,0,0,0,0,0
1781923594927,Executor0,Stage0-2-0,0,0,0,0,0,0,0,0
1781923594927,Executor0,Stage0-3-0,0,0,0,0,0,0,0,0
1781923594978,Executor1,Stage1-0-0,0,0,0,0,0,0,0,0
1781923595082,Executor7,Stage1-0-0,0,0,0,0,0,0,0,0
1781923595163,Executor2,Stage1-3-0,0,0,0,0,0,0,0,0
1781923595176,Executor2,Stage1-3-0,0,0,0,0,0,0,0,0
1781923595204,Executor7,Stage1-1-0,0,0,0,0,0,0,0,0
1781923595367,Executor1,Stage1-2-0,0,0,0,0,0,0,0,0
1781923595370,Executor0,Stage0-0-0,0,0,0,0,0,0,0,0
1781923595620,Executor3,Stage1-0-0,0,0,0,0,0,0,0,0
1781923595927,Executor0,Stage0-0-0,0,0,0,0,0,0,0,0
1781923595927,Executor0,Stage0-1-0,0,0,0,0,0,0,0,0
1781923595927,Executor0,Stage0-2-0,0,0,0,0,0,0,0,0
1781923595927,Executor0,Stage0-3-0,0,0,0,0,0,0,0,0
1781923595978,Executor1,Stage1-0-0,0,0,0,0,0,0,0,0
1781923596082,Executor7,Stage1-0-0,0,0,0,0,0,0,0,0
1781923596163,Executor2,Stage1-3-0,0,0,0,0,0,0,0,0
1781923596176,Executor2,Stage1-3-0,0,0,0,0,0,0,0,0
1781923596204,Executor7,Stage1-1-0,0,0,0,0,0,0,0,0
1781923596367,Executor1,Stage1-2-0,0,0,0,0,0,0,0,0
1781923596370,Executor0,Stage0-0-0,0,0,0,0,0,0,0,0
1781923596620,Executor3,Stage1-0-0,0,0,0,0,0,0,0,0
1781923596927,Executor0,Stage0-0-0,0,0,0,0,0,0,0,0
1781923596927,Executor0,Stage0-1-0,0,0,0,0,0,0,0,0
1781923596927,Executor0,Stage0-2-0,0,0,0,0,0,0,0,0
1781923596927,Executor0,Stage0-3-0,0,0,0,0,0,0,0,0
1781923596978,Executor1,Stage1-0-0,0,0,0,0,0,0,0,0
1781923597082,Executor7,Stage1-0-0,0,0,0,0,0,0,0,0
1781923597163,Executor2,Stage1-3-0,0,0,0,0,0,0,0,0
1781923597176,Executor2,Stage1-3-0,0,0,0,0,0,0,0,0
1781923597204,Executor7,Stage1-1-0,0,0,0,0,0,0,0,0
1781923597367,Executor1,Stage1-2-0,0,0,0,0,0,0,0,0
1781923597370,Executor0,Stage0-0-0,0,0,0,0,0,0,0,0
1781923597620,Executor3,Stage1-0-0,0,0,0,0,0,0,0,0
1781923597927,Executor0,Stage0-0-0,0,0,0,0,0,0,0,0
1781923597927,Executor0,Stage0-1-0,0,0,0,0,0,0,0,0
1781923597927,Executor0,Stage0-2-0,0,0,0,0,0,0,0,0
1781923597927,Executor0,Stage0-3-0,0,0,0,0,0,0,0,0
1781923597978,Executor1,Stage1-0-0,0,0,0,0,0,0,0,0
1781923598082,Executor7,Stage1-0-0,0,0,0,0,0,0,0,0
1781923598163,Executor2,Stage1-3-0,0,0,0,0,0,0,0,0
1781923598176,Executor2,Stage1-3-0,0,0,0,0,0,0,0,0
1781923598204,Executor7,Stage1-1-0,0,0,0,0,0,0,0,0
1781923598367,Executor1,Stage1-2-0,0,0,0,0,0,0,0,0
1781923598370,Executor0,Stage0-0-0,0,0,0,0,0,0,0,0
1781923598620,Executor3,Stage1-0-0,0,0,0,0,0,0,0,0
1781923598927,Executor0,Stage0-0-0,0,0,0,0,0,0,0,0
1781923598927,Executor0,Stage0-1-0,0,0,0,0,0,0,0,0
1781923598927,Executor0,Stage0-2-0,0,0,0,0,0,0,0,0
1781923598927,Executor0,Stage0-3-0,0,0,0,0,0,0,0,0
1781923598978,Executor1,Stage1-0-0,0,0,0,0,0,0,0,0
1781923599082,Executor7,Stage1-0-0,0,0,0,0,0,0,0,0
1781923599163,Executor2,Stage1-3-0,0,0,0,0,0,0,0,0
1781923599176,Executor2,Stage1-3-0,0,0,0,0,0,0,0,0
1781923599204,Executor7,Stage1-1-0,0,0,0,0,0,0,0,0
1781923599367,Executor1,Stage1-2-0,0,0,0,0,0,0,0,0
1781923599370,Executor0,Stage0-0-0,0,0,0,0,0,0,0,0
1781923599620,Executor3,Stage1-0-0,0,0,0,0,0,0,0,0
1781923599927,Executor0,Stage0-0-0,0,0,0,0,0,0,0,0
1781923599927,Executor0,Stage0-1-0,0,0,0,0,0,0,0,0
1781923599927,Executor0,Stage0-2-0,0,0,0,0,0,0,0,0
1781923599927,Executor0,Stage0-3-0,0,0,0,0,0,0,0,0
1781923599978,Executor1,Stage1-0-0,0,0,0,0,0,0,0,0
1781923600082,Executor7,Stage1-0-0,0,0,0,0,0,0,0,0
1781923600163,Executor2,Stage1-3-0,0,0,0,0,0,0,0,0
1781923600176,Executor2,Stage1-3-0,0,0,0,0,0,0,0,0
1781923600204,Executor7,Stage1-1-0,0,0,0,0,0,0,0,0
1781923600367,Executor1,Stage1-2-0,0,0,0,0,0,0,0,0
1781923600370,Executor0,Stage0-0-0,0,0,0,0,0,0,0,0
1781923600620,Executor3,Stage1-0-0,0,0,0,0,0,0,0,0
1781923600927,Executor0,Stage0-0-0,0,0,0,0,0,0,0,0
1781923600927,Executor0,Stage0-1-0,0,0,0,0,0,0,0,0
1781923600927,Executor0,Stage0-2-0,0,0,0,0,0,0,0,0
1781923600927,Executor0,Stage0-3-0,0,0,0,0,0,0,0,0
1781923600978,Executor1,Stage1-0-0,0,0,0,0,0,0,0,0
1781923601082,Executor7,Stage1-0-0,0,0,0,0,0,0,0,0
1781923601163,Executor2,Stage1-3-0,0,0,0,0,0,0,0,0
1781923601176,Executor2,Stage1-3-0,0,0,0,0,0,0,0,0
1781923601204,Executor7,Stage1-1-0,0,0,0,0,0,0,0,0
1781923601367,Executor1,Stage1-2-0,0,0,0,0,0,0,0,0
1781923601370,Executor0,Stage0-0-0,0,0,0,0,0,0,0,0
1781923601620,Executor3,Stage1-0-0,0,0,0,0,0,0,0,0
1781923601927,Executor0,Stage0-0-0,0,0,0,0,0,0,0,0
1781923601927,Executor0,Stage0-1-0,0,0,0,0,0,0,0,0
1781923601927,Executor0,Stage0-2-0,0,0,0,0,0,0,0,0
1781923601927,Executor0,Stage0-3-0,0,0,0,0,0,0,0,0
1781923601978,Executor1,Stage1-0-0,0,0,0,0,0,0,0,0
1781923602082,Executor7,Stage1-0-0,0,0,0,0,0,0,0,0
1781923602163,Executor2,Stage1-3-0,0,0,0,0,0,0,0,0
1781923602176,Executor2,Stage1-3-0,0,0,0,0,0,0,0,0
1781923602204,Executor7,Stage1-1-0,0,0,0,0,0,0,0,0
1781923602367,Executor1,Stage1-2-0,0,0,0,0,0,0,0,0
1781923602370,Executor0,Stage0-0-0,0,0,0,0,0,0,0,0
1781923602620,Executor3,Stage1-0-0,0,0,0,0,0,0,0,0
1781923602927,Executor0,Stage0-0-0,0,0,0,0,0,0,0,0
1781923602927,Executor0,Stage0-1-0,0,0,0,0,0,0,0,0
1781923602927,Executor0,Stage0-2-0,0,0,0,0,0,0,0,0
1781923602927,Executor0,Stage0-3-0,0,0,0,0,0,0,0,0
1781923602978,Executor1,Stage1-0-0,0,0,0,0,0,0,0,0
1781923603082,Executor7,Stage1-0-0,0,0,0,0,0,0,0,0
1781923603163,Executor2,Stage1-3-0,0,0,0,0,0,0,0,0
1781923603176,Executor2,Stage1-3-0,0,0,0,0,0,0,0,0
1781923603204,Executor7,Stage1-1-0,0,0,0,0,0,0,0,0
1781923603367,Executor1,Stage1-2-0,0,0,0,0,0,0,0,0
1781923603370,Executor0,Stage0-0-0,0,0,0,0,0,0,0,0
1781923603620,Executor3,Stage1-0-0,0,0,0,0,0,0,0,0
1781923603927,Executor0,Stage0-0-0,0,0,0,0,0,0,0,0
1781923603927,Executor0,Stage0-1-0,0,0,0,0,0,0,0,0
1781923603927,Executor0,Stage0-2-0,0,0,0,0,0,0,0,0
1781923603927,Executor0,Stage0-3-0,0,0,0,0,0,0,0,0
1781923603978,Executor1,Stage1-0-0,0,0,0,0,0,0,0,0
1781923604082,Executor7,Stage1-0-0,0,0,0,0,0,0,0,0
1781923604163,Executor2,Stage1-3-0,0,0,0,0,0,0,0,0
1781923604176,Executor2,Stage1-3-0,0,0,0,0,0,0,0,0
1781923604204,Executor7,Stage1-1-0,0,0,0,0,0,0,0,0
1781923604367,Executor1,Stage1-2-0,0,0,0,0,0,0,0,0
1781923604370,Executor0,Stage0-0-0,0,0,0,0,0,0,0,0
1781923604620,Executor3,Stage1-0-0,0,0,0,0,0,0,0,0
1781923604927,Executor0,Stage0-0-0,0,0,0,0,0,0,0,0
1781923604927,Executor0,Stage0-1-0,0,0,0,0,0,0,0,0
1781923604927,Executor0,Stage0-2-0,0,0,0,0,0,0,0,0
1781923604927,Executor0,Stage0-3-0,0,0,0,0,0,0,0,0
1781923604978,Executor1,Stage1-0-0,0,0,0,0,0,0,0,0
1781923605082,Executor7,Stage1-0-0,0,0,0,0,0,0,0,0
1781923605163,Executor2,Stage1-3-0,0,0,0,0,0,0,0,0
1781923605176,Executor2,Stage1-3-0,0,0,0,0,0,0,0,0
1781923605204,Executor7,Stage1-1-0,0,0,0,0,0,0,0,0
1781923605367,Executor1,Stage1-2-0,0,0,0,0,0,0,0,0
1781923605370,Executor0,Stage0-0-0,0,0,0,0,0,0,0,0
1781923605620,Executor3,Stage1-0-0,0,0,0,0,0,0,0,0
1781923605927,Executor0,Stage0-0-0,0,0,0,0,0,0,0,0
1781923605927,Executor0,Stage0-1-0,0,0,0,0,0,0,0,0
1781923605927,Executor0,Stage0-2-0,0,0,0,0,0,0,0,0
1781923605927,Executor0,Stage0-3-0,0,0,0,0,0,0,0,0
1781923605978,Executor1,Stage1-0-0,0,0,0,0,0,0,0,0
1781923606082,Executor7,Stage1-0-0,0,0,0,0,0,0,0,0
1781923606163,Executor2,Stage1-3-0,0,0,0,0,0,0,0,0
1781923606176,Executor2,Stage1-3-0,0,0,0,0,0,0,0,0
1781923606204,Executor7,Stage1-1-0,0,0,0,0,0,0,0,0
1781923606367,Executor1,Stage1-2-0,0,0,0,0,0,0,0,0
1781923606370,Executor0,Stage0-0-0,0,0,0,0,0,0,0,0
1781923606620,Executor3,Stage1-0-0,0,0,0,0,0,0,0,0
1781923606927,Executor0,Stage0-0-0,0,0,0,0,0,0,0,0
1781923606927,Executor0,Stage0-1-0,0,0,0,0,0,0,0,0
1781923606927,Executor0,Stage0-2-0,0,0,0,0,0,0,0,0
1781923606927,Executor0,Stage0-3-0,0,0,0,0,0,0,0,0
1781923606978,Executor1,Stage1-0-0,0,0,0,0,0,0,0,0
1781923607081,Executor7,Stage1-0-0,0,0,0,0,0,0,0,0
1781923607163,Executor2,Stage1-3-0,0,0,0,0,0,0,0,0
1781923607176,Executor2,Stage1-3-0,0,0,0,0,0,0,0,0
1781923607204,Executor7,Stage1-1-0,0,0,0,0,0,0,0,0
1781923607367,Executor1,Stage1-2-0,0,0,0,0,0,0,0,0
1781923607370,Executor0,Stage0-0-0,0,0,0,0,0,0,0,0
1781923607620,Executor3,Stage1-0-0,0,0,0,0,0,0,0,0
1781923607927,Executor0,Stage0-0-0,0,0,0,0,0,0,0,0
1781923607927,Executor0,Stage0-1-0,0,0,0,0,0,0,0,0
1781923607927,Executor0,Stage0-2-0,0,0,0,0,0,0,0,0
1781923607927,Executor0,Stage0-3-0,0,0,0,0,0,0,0,0
1781923607978,Executor1,Stage1-0-0,0,0,0,0,0,0,0,0
1781923608082,Executor7,Stage1-0-0,0,0,0,0,0,0,0,0
1781923608163,Executor2,Stage1-3-0,0,0,0,0,0,0,0,0
1781923608176,Executor2,Stage1-3-0,0,0,0,0,0,0,0,0
1781923608204,Executor7,Stage1-1-0,0,0,0,0,0,0,0,0
1781923608367,Executor1,Stage1-2-0,0,0,0,0,0,0,0,0
1781923608370,Executor0,Stage0-0-0,0,0,0,0,0,0,0,0
1781923608620,Executor3,Stage1-0-0,0,0,0,0,0,0,0,0
1781923608927,Executor0,Stage0-0-0,0,0,0,0,0,0,0,0
1781923608927,Executor0,Stage0-1-0,0,0,0,0,0,0,0,0
1781923608927,Executor0,Stage0-2-0,0,0,0,0,0,0,0,0
1781923608927,Executor0,Stage0-3-0,0,0,0,0,0,0,0,0
1781923608978,Executor1,Stage1-0-0,0,0,0,0,0,0,0,0
1781923609082,Executor7,Stage1-0-0,0,0,0,0,0,0,0,0
1781923609163,Executor2,Stage1-3-0,0,0,0,0,0,0,0,0
1781923609176,Executor2,Stage1-3-0,0,0,0,0,0,0,0,0
1781923609204,Executor7,Stage1-1-0,0,0,0,0,0,0,0,0
1781923609367,Executor1,Stage1-2-0,0,0,0,0,0,0,0,0
1781923609370,Executor0,Stage0-0-0,0,0,0,0,0,0,0,0
1781923609620,Executor3,Stage1-0-0,0,0,0,0,0,0,0,0
1781923609927,Executor0,Stage0-0-0,0,0,0,0,0,0,0,0
1781923609927,Executor0,Stage0-1-0,0,0,0,0,0,0,0,0
1781923609927,Executor0,Stage0-2-0,0,0,0,0,0,0,0,0
1781923609927,Executor0,Stage0-3-0,0,0,0,0,0,0,0,0
1781923609978,Executor1,Stage1-0-0,0,0,0,0,0,0,0,0
1781923610081,Executor7,Stage1-0-0,0,0,0,0,0,0,0,0
1781923610163,Executor2,Stage1-3-0,0,0,0,0,0,0,0,0
1781923610176,Executor2,Stage1-3-0,0,0,0,0,0,0,0,0
1781923610204,Executor7,Stage1-1-0,0,0,0,0,0,0,0,0
1781923610367,Executor1,Stage1-2-0,0,0,0,0,0,0,0,0
1781923610370,Executor0,Stage0-0-0,0,0,0,0,0,0,0,0
1781923610620,Executor3,Stage1-0-0,0,0,0,0,0,0,0,0
1781923610927,Executor0,Stage0-0-0,0,0,0,0,0,0,0,0
1781923610927,Executor0,Stage0-1-0,0,0,0,0,0,0,0,0
1781923610927,Executor0,Stage0-2-0,0,0,0,0,0,0,0,0
1781923610927,Executor0,Stage0-3-0,0,0,0,0,0,0,0,0
1781923610978,Executor1,Stage1-0-0,0,0,0,0,0,0,0,0
1781923611082,Executor7,Stage1-0-0,0,0,0,0,0,0,0,0
1781923611163,Executor2,Stage1-3-0,0,0,0,0,0,0,0,0
1781923611176,Executor2,Stage1-3-0,0,0,0,0,0,0,0,0
1781923611204,Executor7,Stage1-1-0,0,0,0,0,0,0,0,0
1781923611367,Executor1,Stage1-2-0,0,0,0,0,0,0,0,0
1781923611370,Executor0,Stage0-0-0,0,0,0,0,0,0,0,0
1781923611620,Executor3,Stage1-0-0,0,0,0,0,0,0,0,0
1781923611927,Executor0,Stage0-0-0,0,0,0,0,0,0,0,0
1781923611927,Executor0,Stage0-1-0,0,0,0,0,0,0,0,0
1781923611927,Executor0,Stage0-2-0,0,0,0,0,0,0,0,0
1781923611927,Executor0,Stage0-3-0,0,0,0,0,0,0,0,0
1781923611978,Executor1,Stage1-0-0,0,0,0,0,0,0,0,0
1781923612082,Executor7,Stage1-0-0,0,0,0,0,0,0,0,0
1781923612163,Executor2,Stage1-3-0,0,0,0,0,0,0,0,0
1781923612176,Executor2,Stage1-3-0,0,0,0,0,0,0,0,0
1781923612204,Executor7,Stage1-1-0,0,0,0,0,0,0,0,0
1781923612367,Executor1,Stage1-2-0,0,0,0,0,0,0,0,0
1781923612370,Executor0,Stage0-0-0,0,0,0,0,0,0,0,0
1781923612620,Executor3,Stage1-0-0,0,0,0,0,0,0,0,0
1781923612927,Executor0,Stage0-0-0,0,0,0,0,0,0,0,0
1781923612927,Executor0,Stage0-1-0,0,0,0,0,0,0,0,0
1781923612927,Executor0,Stage0-2-0,0,0,0,0,0,0,0,0
1781923612927,Executor0,Stage0-3-0,0,0,0,0,0,0,0,0
1781923612978,Executor1,Stage1-0-0,0,0,0,0,0,0,0,0
1781923613082,Executor7,Stage1-0-0,0,0,0,0,0,0,0,0
1781923613163,Executor2,Stage1-3-0,0,0,0,0,0,0,0,0
1781923613176,Executor2,Stage1-3-0,0,0,0,0,0,0,0,0
1781923613204,Executor7,Stage1-1-0,0,0,0,0,0,0,0,0
1781923613367,Executor1,Stage1-2-0,0,0,0,0,0,0,0,0
1781923613370,Executor0,Stage0-0-0,0,0,0,0,0,0,0,0
1781923613620,Executor3,Stage1-0-0,0,0,0,0,0,0,0,0
1781923613927,Executor0,Stage0-0-0,0,0,0,0,0,0,0,0
1781923613927,Executor0,Stage0-1-0,0,0,0,0,0,0,0,0
1781923613927,Executor0,Stage0-2-0,0,0,0,0,0,0,0,0
1781923613927,Executor0,Stage0-3-0,0,0,0,0,0,0,0,0
1781923613978,Executor1,Stage1-0-0,0,0,0,0,0,0,0,0
1781923614082,Executor7,Stage1-0-0,0,0,0,0,0,0,0,0
1781923614163,Executor2,Stage1-3-0,0,0,0,0,0,0,0,0
1781923614176,Executor2,Stage1-3-0,0,0,0,0,0,0,0,0
1781923614204,Executor7,Stage1-1-0,0,0,0,0,0,0,0,0
1781923614367,Executor1,Stage1-2-0,0,0,0,0,0,0,0,0
1781923614370,Executor0,Stage0-0-0,0,0,0,0,0,0,0,0
1781923614620,Executor3,Stage1-0-0,0,0,0,0,0,0,0,0
1781923614927,Executor0,Stage0-0-0,0,0,0,0,0,0,0,0
1781923614927,Executor0,Stage0-1-0,0,0,0,0,0,0,0,0
1781923614927,Executor0,Stage0-2-0,0,0,0,0,0,0,0,0
1781923614927,Executor0,Stage0-3-0,0,0,0,0,0,0,0,0
1781923614978,Executor1,Stage1-0-0,0,0,0,0,0,0,0,0
1781923615082,Executor7,Stage1-0-0,0,0,0,0,0,0,0,0
1781923615163,Executor2,Stage1-3-0,0,0,0,0,0,0,0,0
1781923615197,Executor2,Stage1-3-0,0,0,0,0,0,0,0,0
1781923615204,Executor7,Stage1-1-0,0,0,0,0,0,0,0,0
1781923615367,Executor1,Stage1-2-0,0,0,0,0,0,0,0,0
1781923615370,Executor0,Stage0-0-0,0,0,0,0,0,0,0,0
1781923615620,Executor3,Stage1-0-0,0,0,0,0,0,0,0,0
1781923615927,Executor0,Stage0-0-0,0,0,0,0,0,0,0,0
1781923615927,Executor0,Stage0-1-0,0,0,0,0,0,0,0,0
1781923615927,Executor0,Stage0-2-0,0,0,0,0,0,0,0,0
1781923615927,Executor0,Stage0-3-0,0,0,0,0,0,0,0,0
1781923615978,Executor1,Stage1-0-0,0,0,0,0,0,0,0,0
1781923616082,Executor7,Stage1-0-0,0,0,0,0,0,0,0,0
1781923616163,Executor2,Stage1-3-0,0,0,0,0,0,0,0,0
1781923616176,Executor2,Stage1-3-0,0,0,0,0,0,0,0,0
1781923616204,Executor7,Stage1-1-0,0,0,0,0,0,0,0,0
1781923616367,Executor1,Stage1-2-0,0,0,0,0,0,0,0,0
1781923616370,Executor0,Stage0-0-0,0,0,0,0,0,0,0,0
1781923616620,Executor3,Stage1-0-0,0,0,0,0,0,0,0,0
1781923616927,Executor0,Stage0-0-0,0,0,0,0,0,0,0,0
1781923616927,Executor0,Stage0-1-0,0,0,0,0,0,0,0,0
1781923616927,Executor0,Stage0-2-0,0,0,0,0,0,0,0,0
1781923616927,Executor0,Stage0-3-0,0,0,0,0,0,0,0,0
1781923616978,Executor1,Stage1-0-0,0,0,0,0,0,0,0,0
1781923617082,Executor7,Stage1-0-0,0,0,0,0,0,0,0,0
1781923617163,Executor2,Stage1-3-0,0,0,0,0,0,0,0,0
1781923617176,Executor2,Stage1-3-0,0,0,0,0,0,0,0,0
1781923617204,Executor7,Stage1-1-0,0,0,0,0,0,0,0,0
1781923617367,Executor1,Stage1-2-0,0,0,0,0,0,0,0,0
1781923617370,Executor0,Stage0-0-0,0,0,0,0,0,0,0,0
1781923617620,Executor3,Stage1-0-0,0,0,0,0,0,0,0,0
1781923617927,Executor0,Stage0-0-0,0,0,0,0,0,0,0,0
1781923617927,Executor0,Stage0-1-0,0,0,0,0,0,0,0,0
1781923617927,Executor0,Stage0-2-0,0,0,0,0,0,0,0,0
1781923617927,Executor0,Stage0-3-0,0,0,0,0,0,0,0,0
1781923617978,Executor1,Stage1-0-0,0,0,0,0,0,0,0,0
1781923618082,Executor7,Stage1-0-0,0,0,0,0,0,0,0,0
1781923618163,Executor2,Stage1-3-0,0,0,0,0,0,0,0,0
1781923618176,Executor2,Stage1-3-0,0,0,0,0,0,0,0,0
1781923618204,Executor7,Stage1-1-0,0,0,0,0,0,0,0,0
1781923618367,Executor1,Stage1-2-0,0,0,0,0,0,0,0,0
1781923618370,Executor0,Stage0-0-0,0,0,0,0,0,0,0,0
1781923618620,Executor3,Stage1-0-0,0,0,0,0,0,0,0,0
1781923618927,Executor0,Stage0-0-0,0,0,0,0,0,0,0,0
1781923618927,Executor0,Stage0-1-0,0,0,0,0,0,0,0,0
1781923618927,Executor0,Stage0-2-0,0,0,0,0,0,0,0,0
1781923618927,Executor0,Stage0-3-0,0,0,0,0,0,0,0,0
1781923618978,Executor1,Stage1-0-0,0,0,0,0,0,0,0,0
1781923619082,Executor7,Stage1-0-0,0,0,0,0,0,0,0,0
1781923619163,Executor2,Stage1-3-0,0,0,0,0,0,0,0,0
1781923619176,Executor2,Stage1-3-0,0,0,0,0,0,0,0,0
1781923619204,Executor7,Stage1-1-0,0,0,0,0,0,0,0,0
1781923619367,Executor1,Stage1-2-0,0,0,0,0,0,0,0,0
1781923619370,Executor0,Stage0-0-0,0,0,0,0,0,0,0,0
1781923619620,Executor3,Stage1-0-0,0,0,0,0,0,0,0,0
1781923619927,Executor0,Stage0-0-0,0,0,0,0,0,0,0,0
1781923619927,Executor0,Stage0-1-0,0,0,0,0,0,0,0,0
1781923619927,Executor0,Stage0-2-0,0,0,0,0,0,0,0,0
1781923619927,Executor0,Stage0-3-0,0,0,0,0,0,0,0,0
1781923619978,Executor1,Stage1-0-0,0,0,0,0,0,0,0,0
1781923620081,Executor7,Stage1-0-0,0,0,0,0,0,0,0,0
1781923620163,Executor2,Stage1-3-0,0,0,0,0,0,0,0,0
1781923620176,Executor2,Stage1-3-0,0,0,0,0,0,0,0,0
1781923620204,Executor7,Stage1-1-0,0,0,0,0,0,0,0,0
1781923620367,Executor1,Stage1-2-0,0,0,0,0,0,0,0,0
1781923620370,Executor0,Stage0-0-0,0,0,0,0,0,0,0,0
1781923620620,Executor3,Stage1-0-0,0,0,0,0,0,0,0,0
1781923620927,Executor0,Stage0-0-0,0,0,0,0,0,0,0,0
1781923620927,Executor0,Stage0-1-0,0,0,0,0,0,0,0,0
1781923620927,Executor0,Stage0-2-0,0,0,0,0,0,0,0,0
1781923620927,Executor0,Stage0-3-0,0,0,0,0,0,0,0,0
1781923620978,Executor1,Stage1-0-0,0,0,0,0,0,0,0,0
1781923621081,Executor7,Stage1-0-0,0,0,0,0,0,0,0,0
1781923621163,Executor2,Stage1-3-0,0,0,0,0,0,0,0,0
1781923621176,Executor2,Stage1-3-0,0,0,0,0,0,0,0,0
1781923621204,Executor7,Stage1-1-0,0,0,0,0,0,0,0,0
1781923621367,Executor1,Stage1-2-0,0,0,0,0,0,0,0,0
1781923621370,Executor0,Stage0-0-0,0,0,0,0,0,0,0,0
1781923621620,Executor3,Stage1-0-0,0,0,0,0,0,0,0,0
1781923621927,Executor0,Stage0-0-0,0,0,0,0,0,0,0,0
1781923621927,Executor0,Stage0-1-0,0,0,0,0,0,0,0,0
1781923621927,Executor0,Stage0-2-0,0,0,0,0,0,0,0,0
1781923621927,Executor0,Stage0-3-0,0,0,0,0,0,0,0,0
1781923621978,Executor1,Stage1-0-0,0,0,0,0,0,0,0,0
1781923622081,Executor7,Stage1-0-0,0,0,0,0,0,0,0,0
1781923622163,Executor2,Stage1-3-0,0,0,0,0,0,0,0,0
1781923622176,Executor2,Stage1-3-0,0,0,0,0,0,0,0,0
1781923622204,Executor7,Stage1-1-0,0,0,0,0,0,0,0,0
1781923622367,Executor1,Stage1-2-0,0,0,0,0,0,0,0,0
1781923622370,Executor0,Stage0-0-0,0,0,0,0,0,0,0,0
1781923622620,Executor3,Stage1-0-0,0,0,0,0,0,0,0,0
1781923622927,Executor0,Stage0-0-0,0,0,0,0,0,0,0,0
1781923622927,Executor0,Stage0-1-0,0,0,0,0,0,0,0,0
1781923622927,Executor0,Stage0-2-0,0,0,0,0,0,0,0,0
1781923622927,Executor0,Stage0-3-0,0,0,0,0,0,0,0,0
1781923622978,Executor1,Stage1-0-0,0,0,0,0,0,0,0,0
1781923623082,Executor7,Stage1-0-0,0,0,0,0,0,0,0,0
1781923623163,Executor2,Stage1-3-0,0,0,0,0,0,0,0,0
1781923623176,Executor2,Stage1-3-0,0,0,0,0,0,0,0,0
1781923623204,Executor7,Stage1-1-0,0,0,0,0,0,0,0,0
1781923623367,Executor1,Stage1-2-0,0,0,0,0,0,0,0,0
1781923623370,Executor0,Stage0-0-0,0,0,0,0,0,0,0,0
1781923623620,Executor3,Stage1-0-0,0,0,0,0,0,0,0,0
1781923623927,Executor0,Stage0-0-0,0,0,0,0,0,0,0,0
1781923623927,Executor0,Stage0-1-0,0,0,0,0,0,0,0,0
1781923623927,Executor0,Stage0-2-0,0,0,0,0,0,0,0,0
1781923623927,Executor0,Stage0-3-0,0,0,0,0,0,0,0,0
1781923623978,Executor1,Stage1-0-0,0,0,0,0,0,0,0,0
1781923624082,Executor7,Stage1-0-0,0,0,0,0,0,0,0,0
1781923624163,Executor2,Stage1-3-0,0,0,0,0,0,0,0,0
1781923624176,Executor2,Stage1-3-0,0,0,0,0,0,0,0,0
1781923624204,Executor7,Stage1-1-0,0,0,0,0,0,0,0,0
1781923624367,Executor1,Stage1-2-0,0,0,0,0,0,0,0,0
1781923624370,Executor0,Stage0-0-0,0,0,0,0,0,0,0,0
1781923624620,Executor3,Stage1-0-0,0,0,0,0,0,0,0,0
1781923624927,Executor0,Stage0-0-0,0,0,0,0,0,0,0,0
1781923624927,Executor0,Stage0-1-0,0,0,0,0,0,0,0,0
1781923624927,Executor0,Stage0-2-0,0,0,0,0,0,0,0,0
1781923624927,Executor0,Stage0-3-0,0,0,0,0,0,0,0,0
1781923624978,Executor1,Stage1-0-0,0,0,0,0,0,0,0,0
1781923625081,Executor7,Stage1-0-0,0,0,0,0,0,0,0,0
1781923625163,Executor2,Stage1-3-0,0,0,0,0,0,0,0,0
1781923625176,Executor2,Stage1-3-0,0,0,0,0,0,0,0,0
1781923625204,Executor7,Stage1-1-0,0,0,0,0,0,0,0,0
1781923625367,Executor1,Stage1-2-0,0,0,0,0,0,0,0,0
1781923625370,Executor0,Stage0-0-0,0,0,0,0,0,0,0,0
1781923625620,Executor3,Stage1-0-0,0,0,0,0,0,0,0,0
1781923625927,Executor0,Stage0-0-0,0,0,0,0,0,0,0,0
1781923625927,Executor0,Stage0-1-0,0,0,0,0,0,0,0,0
1781923625927,Executor0,Stage0-2-0,0,0,0,0,0,0,0,0
1781923625927,Executor0,Stage0-3-0,0,0,0,0,0,0,0,0
1781923625978,Executor1,Stage1-0-0,0,0,0,0,0,0,0,0
1781923626082,Executor7,Stage1-0-0,0,0,0,0,0,0,0,0
1781923626163,Executor2,Stage1-3-0,0,0,0,0,0,0,0,0
1781923626176,Executor2,Stage1-3-0,0,0,0,0,0,0,0,0
1781923626204,Executor7,Stage1-1-0,0,0,0,0,0,0,0,0
1781923626367,Executor1,Stage1-2-0,0,0,0,0,0,0,0,0
1781923626370,Executor0,Stage0-0-0,0,0,0,0,0,0,0,0
1781923626620,Executor3,Stage1-0-0,0,0,0,0,0,0,0,0
1781923626927,Executor0,Stage0-0-0,0,0,0,0,0,0,0,0
1781923626927,Executor0,Stage0-1-0,0,0,0,0,0,0,0,0
1781923626927,Executor0,Stage0-2-0,0,0,0,0,0,0,0,0
1781923626927,Executor0,Stage0-3-0,0,0,0,0,0,0,0,0
1781923626978,Executor1,Stage1-0-0,0,0,0,0,0,0,0,0
1781923627082,Executor7,Stage1-0-0,0,0,0,0,0,0,0,0
1781923627163,Executor2,Stage1-3-0,0,0,0,0,0,0,0,0
1781923627176,Executor2,Stage1-3-0,0,0,0,0,0,0,0,0
1781923627204,Executor7,Stage1-1-0,0,0,0,0,0,0,0,0
1781923627367,Executor1,Stage1-2-0,0,0,0,0,0,0,0,0
1781923627370,Executor0,Stage0-0-0,0,0,0,0,0,0,0,0
1781923627620,Executor3,Stage1-0-0,0,0,0,0,0,0,0,0
1781923627927,Executor0,Stage0-0-0,0,0,0,0,0,0,0,0
1781923627927,Executor0,Stage0-1-0,0,0,0,0,0,0,0,0
1781923627927,Executor0,Stage0-2-0,0,0,0,0,0,0,0,0
1781923627927,Executor0,Stage0-3-0,0,0,0,0,0,0,0,0
1781923627978,Executor1,Stage1-0-0,0,0,0,0,0,0,0,0
1781923628082,Executor7,Stage1-0-0,0,0,0,0,0,0,0,0
1781923628163,Executor2,Stage1-3-0,0,0,0,0,0,0,0,0
1781923628176,Executor2,Stage1-3-0,0,0,0,0,0,0,0,0
1781923628204,Executor7,Stage1-1-0,0,0,0,0,0,0,0,0
1781923628367,Executor1,Stage1-2-0,0,0,0,0,0,0,0,0
1781923628370,Executor0,Stage0-0-0,0,0,0,0,0,0,0,0
1781923628620,Executor3,Stage1-0-0,0,0,0,0,0,0,0,0
1781923628927,Executor0,Stage0-0-0,0,0,0,0,0,0,0,0
1781923628927,Executor0,Stage0-1-0,0,0,0,0,0,0,0,0
1781923628927,Executor0,Stage0-2-0,0,0,0,0,0,0,0,0
1781923628927,Executor0,Stage0-3-0,0,0,0,0,0,0,0,0
1781923628978,Executor1,Stage1-0-0,0,0,0,0,0,0,0,0
1781923629081,Executor7,Stage1-0-0,0,0,0,0,0,0,0,0
1781923629163,Executor2,Stage1-3-0,0,0,0,0,0,0,0,0
1781923629176,Executor2,Stage1-3-0,0,0,0,0,0,0,0,0
1781923629204,Executor7,Stage1-1-0,0,0,0,0,0,0,0,0
1781923629367,Executor1,Stage1-2-0,0,0,0,0,0,0,0,0
1781923629370,Executor0,Stage0-0-0,0,0,0,0,0,0,0,0
1781923629620,Executor3,Stage1-0-0,0,0,0,0,0,0,0,0
1781923629927,Executor0,Stage0-0-0,0,0,0,0,0,0,0,0
1781923629927,Executor0,Stage0-1-0,0,0,0,0,0,0,0,0
1781923629927,Executor0,Stage0-2-0,0,0,0,0,0,0,0,0
1781923629927,Executor0,Stage0-3-0,0,0,0,0,0,0,0,0
1781923629978,Executor1,Stage1-0-0,0,0,0,0,0,0,0,0
1781923630082,Executor7,Stage1-0-0,0,0,0,0,0,0,0,0
1781923630163,Executor2,Stage1-3-0,0,0,0,0,0,0,0,0
1781923630176,Executor2,Stage1-3-0,0,0,0,0,0,0,0,0
1781923630204,Executor7,Stage1-1-0,0,0,0,0,0,0,0,0
1781923630367,Executor1,Stage1-2-0,0,0,0,0,0,0,0,0
1781923630370,Executor0,Stage0-0-0,0,0,0,0,0,0,0,0
1781923630620,Executor3,Stage1-0-0,0,0,0,0,0,0,0,0
1781923630927,Executor0,Stage0-0-0,0,0,0,0,0,0,0,0
1781923630927,Executor0,Stage0-1-0,0,0,0,0,0,0,0,0
1781923630927,Executor0,Stage0-2-0,0,0,0,0,0,0,0,0
1781923630927,Executor0,Stage0-3-0,0,0,0,0,0,0,0,0
1781923630978,Executor1,Stage1-0-0,0,0,0,0,0,0,0,0
1781923631081,Executor7,Stage1-0-0,0,0,0,0,0,0,0,0
1781923631163,Executor2,Stage1-3-0,0,0,0,0,0,0,0,0
1781923631176,Executor2,Stage1-3-0,0,0,0,0,0,0,0,0
1781923631204,Executor7,Stage1-1-0,0,0,0,0,0,0,0,0
1781923631367,Executor1,Stage1-2-0,0,0,0,0,0,0,0,0
1781923631370,Executor0,Stage0-0-0,0,0,0,0,0,0,0,0
1781923631620,Executor3,Stage1-0-0,0,0,0,0,0,0,0,0
1781923631927,Executor0,Stage0-0-0,0,0,0,0,0,0,0,0
1781923631927,Executor0,Stage0-1-0,0,0,0,0,0,0,0,0
1781923631927,Executor0,Stage0-2-0,0,0,0,0,0,0,0,0
1781923631927,Executor0,Stage0-3-0,0,0,0,0,0,0,0,0
1781923631978,Executor1,Stage1-0-0,0,0,0,0,0,0,0,0
1781923632082,Executor7,Stage1-0-0,0,0,0,0,0,0,0,0
1781923632163,Executor2,Stage1-3-0,0,0,0,0,0,0,0,0
1781923632176,Executor2,Stage1-3-0,0,0,0,0,0,0,0,0
1781923632204,Executor7,Stage1-1-0,0,0,0,0,0,0,0,0
1781923632367,Executor1,Stage1-2-0,0,0,0,0,0,0,0,0
1781923632370,Executor0,Stage0-0-0,0,0,0,0,0,0,0,0
1781923632620,Executor3,Stage1-0-0,0,0,0,0,0,0,0,0
1781923632927,Executor0,Stage0-0-0,0,0,0,0,0,0,0,0
1781923632927,Executor0,Stage0-1-0,0,0,0,0,0,0,0,0
1781923632927,Executor0,Stage0-2-0,0,0,0,0,0,0,0,0
1781923632927,Executor0,Stage0-3-0,0,0,0,0,0,0,0,0
1781923632978,Executor1,Stage1-0-0,0,0,0,0,0,0,0,0
1781923633082,Executor7,Stage1-0-0,0,0,0,0,0,0,0,0
1781923633163,Executor2,Stage1-3-0,0,0,0,0,0,0,0,0
1781923633176,Executor2,Stage1-3-0,0,0,0,0,0,0,0,0
1781923633204,Executor7,Stage1-1-0,0,0,0,0,0,0,0,0
1781923633367,Executor1,Stage1-2-0,0,0,0,0,0,0,0,0
1781923633370,Executor0,Stage0-0-0,0,0,0,0,0,0,0,0
1781923633620,Executor3,Stage1-0-0,0,0,0,0,0,0,0,0
1781923633927,Executor0,Stage0-0-0,0,0,0,0,0,0,0,0
1781923633927,Executor0,Stage0-1-0,0,0,0,0,0,0,0,0
1781923633927,Executor0,Stage0-2-0,0,0,0,0,0,0,0,0
1781923633927,Executor0,Stage0-3-0,0,0,0,0,0,0,0,0
1781923633978,Executor1,Stage1-0-0,0,0,0,0,0,0,0,0
1781923634082,Executor7,Stage1-0-0,0,0,0,0,0,0,0,0
1781923634163,Executor2,Stage1-3-0,0,0,0,0,0,0,0,0
1781923634176,Executor2,Stage1-3-0,0,0,0,0,0,0,0,0
1781923634204,Executor7,Stage1-1-0,0,0,0,0,0,0,0,0
1781923634367,Executor1,Stage1-2-0,0,0,0,0,0,0,0,0
1781923634370,Executor0,Stage0-0-0,0,0,0,0,0,0,0,0
1781923634620,Executor3,Stage1-0-0,0,0,0,0,0,0,0,0
1781923634927,Executor0,Stage0-0-0,0,0,0,0,0,0,0,0
1781923634927,Executor0,Stage0-1-0,0,0,0,0,0,0,0,0
1781923634927,Executor0,Stage0-2-0,0,0,0,0,0,0,0,0
1781923634927,Executor0,Stage0-3-0,0,0,0,0,0,0,0,0
1781923634978,Executor1,Stage1-0-0,0,0,0,0,0,0,0,0
1781923635081,Executor7,Stage1-0-0,0,0,0,0,0,0,0,0
1781923635163,Executor2,Stage1-3-0,0,0,0,0,0,0,0,0
1781923635176,Executor2,Stage1-3-0,0,0,0,0,0,0,0,0
1781923635204,Executor7,Stage1-1-0,0,0,0,0,0,0,0,0
1781923635367,Executor1,Stage1-2-0,0,0,0,0,0,0,0,0
1781923635370,Executor0,Stage0-0-0,0,0,0,0,0,0,0,0
1781923635620,Executor3,Stage1-0-0,0,0,0,0,0,0,0,0
1781923635927,Executor0,Stage0-0-0,0,0,0,0,0,0,0,0
1781923635927,Executor0,Stage0-1-0,0,0,0,0,0,0,0,0
1781923635927,Executor0,Stage0-2-0,0,0,0,0,0,0,0,0
1781923635927,Executor0,Stage0-3-0,0,0,0,0,0,0,0,0
1781923635978,Executor1,Stage1-0-0,0,0,0,0,0,0,0,0
1781923636082,Executor7,Stage1-0-0,0,0,0,0,0,0,0,0
1781923636163,Executor2,Stage1-3-0,0,0,0,0,0,0,0,0
1781923636176,Executor2,Stage1-3-0,0,0,0,0,0,0,0,0
1781923636204,Executor7,Stage1-1-0,0,0,0,0,0,0,0,0
1781923636367,Executor1,Stage1-2-0,0,0,0,0,0,0,0,0
1781923636370,Executor0,Stage0-0-0,0,0,0,0,0,0,0,0
1781923636620,Executor3,Stage1-0-0,0,0,0,0,0,0,0,0
1781923636927,Executor0,Stage0-0-0,0,0,0,0,0,0,0,0
1781923636927,Executor0,Stage0-1-0,0,0,0,0,0,0,0,0
1781923636927,Executor0,Stage0-2-0,0,0,0,0,0,0,0,0
1781923636927,Executor0,Stage0-3-0,0,0,0,0,0,0,0,0
1781923636978,Executor1,Stage1-0-0,0,0,0,0,0,0,0,0
1781923637082,Executor7,Stage1-0-0,0,0,0,0,0,0,0,0
1781923637163,Executor2,Stage1-3-0,0,0,0,0,0,0,0,0
1781923637176,Executor2,Stage1-3-0,0,0,0,0,0,0,0,0
1781923637204,Executor7,Stage1-1-0,0,0,0,0,0,0,0,0
1781923637367,Executor1,Stage1-2-0,0,0,0,0,0,0,0,0
1781923637370,Executor0,Stage0-0-0,0,0,0,0,0,0,0,0
1781923637620,Executor3,Stage1-0-0,0,0,0,0,0,0,0,0
1781923637927,Executor0,Stage0-0-0,0,0,0,0,0,0,0,0
1781923637927,Executor0,Stage0-1-0,0,0,0,0,0,0,0,0
1781923637927,Executor0,Stage0-2-0,0,0,0,0,0,0,0,0
1781923637927,Executor0,Stage0-3-0,0,0,0,0,0,0,0,0
1781923637978,Executor1,Stage1-0-0,0,0,0,0,0,0,0,0
1781923638082,Executor7,Stage1-0-0,0,0,0,0,0,0,0,0
1781923638163,Executor2,Stage1-3-0,0,0,0,0,0,0,0,0
1781923638176,Executor2,Stage1-3-0,0,0,0,0,0,0,0,0
1781923638204,Executor7,Stage1-1-0,0,0,0,0,0,0,0,0
1781923638367,Executor1,Stage1-2-0,0,0,0,0,0,0,0,0
1781923638370,Executor0,Stage0-0-0,0,0,0,0,0,0,0,0
1781923638620,Executor3,Stage1-0-0,0,0,0,0,0,0,0,0
1781923638927,Executor0,Stage0-0-0,0,0,0,0,0,0,0,0
1781923638927,Executor0,Stage0-1-0,0,0,0,0,0,0,0,0
1781923638927,Executor0,Stage0-2-0,0,0,0,0,0,0,0,0
1781923638927,Executor0,Stage0-3-0,0,0,0,0,0,0,0,0
1781923638978,Executor1,Stage1-0-0,0,0,0,0,0,0,0,0
1781923639082,Executor7,Stage1-0-0,0,0,0,0,0,0,0,0
1781923639163,Executor2,Stage1-3-0,0,0,0,0,0,0,0,0
1781923639176,Executor2,Stage1-3-0,0,0,0,0,0,0,0,0
1781923639204,Executor7,Stage1-1-0,0,0,0,0,0,0,0,0
1781923639367,Executor1,Stage1-2-0,0,0,0,0,0,0,0,0
1781923639370,Executor0,Stage0-0-0,0,0,0,0,0,0,0,0
1781923639620,Executor3,Stage1-0-0,0,0,0,0,0,0,0,0
1781923639927,Executor0,Stage0-0-0,0,0,0,0,0,0,0,0
1781923639927,Executor0,Stage0-1-0,0,0,0,0,0,0,0,0
1781923639927,Executor0,Stage0-2-0,0,0,0,0,0,0,0,0
1781923639927,Executor0,Stage0-3-0,0,0,0,0,0,0,0,0
1781923639978,Executor1,Stage1-0-0,0,0,0,0,0,0,0,0
1781923640081,Executor7,Stage1-0-0,0,0,0,0,0,0,0,0
1781923640163,Executor2,Stage1-3-0,0,0,0,0,0,0,0,0
1781923640176,Executor2,Stage1-3-0,0,0,0,0,0,0,0,0
1781923640204,Executor7,Stage1-1-0,0,0,0,0,0,0,0,0
1781923640367,Executor1,Stage1-2-0,0,0,0,0,0,0,0,0
1781923640370,Executor0,Stage0-0-0,0,0,0,0,0,0,0,0
1781923640621,Executor3,Stage1-0-0,0,0,0,0,0,0,0,0
1781923640927,Executor0,Stage0-0-0,0,0,0,0,0,0,0,0
1781923640927,Executor0,Stage0-1-0,0,0,0,0,0,0,0,0
1781923640927,Executor0,Stage0-2-0,0,0,0,0,0,0,0,0
1781923640927,Executor0,Stage0-3-0,0,0,0,0,0,0,0,0
1781923640978,Executor1,Stage1-0-0,0,0,0,0,0,0,0,0
1781923641082,Executor7,Stage1-0-0,0,0,0,0,0,0,0,0
1781923641163,Executor2,Stage1-3-0,0,0,0,0,0,0,0,0
1781923641176,Executor2,Stage1-3-0,0,0,0,0,0,0,0,0
1781923641204,Executor7,Stage1-1-0,0,0,0,0,0,0,0,0
1781923641367,Executor1,Stage1-2-0,0,0,0,0,0,0,0,0
1781923641370,Executor0,Stage0-0-0,0,0,0,0,0,0,0,0
1781923641620,Executor3,Stage1-0-0,0,0,0,0,0,0,0,0
1781923641927,Executor0,Stage0-0-0,0,0,0,0,0,0,0,0
1781923641927,Executor0,Stage0-1-0,0,0,0,0,0,0,0,0
1781923641927,Executor0,Stage0-2-0,0,0,0,0,0,0,0,0
1781923641927,Executor0,Stage0-3-0,0,0,0,0,0,0,0,0
1781923641978,Executor1,Stage1-0-0,0,0,0,0,0,0,0,0
1781923642081,Executor7,Stage1-0-0,0,0,0,0,0,0,0,0
1781923642163,Executor2,Stage1-3-0,0,0,0,0,0,0,0,0
1781923642176,Executor2,Stage1-3-0,0,0,0,0,0,0,0,0
1781923642204,Executor7,Stage1-1-0,0,0,0,0,0,0,0,0
1781923642367,Executor1,Stage1-2-0,0,0,0,0,0,0,0,0
1781923642370,Executor0,Stage0-0-0,0,0,0,0,0,0,0,0
1781923642620,Executor3,Stage1-0-0,0,0,0,0,0,0,0,0
1781923642927,Executor0,Stage0-0-0,0,0,0,0,0,0,0,0
1781923642927,Executor0,Stage0-1-0,0,0,0,0,0,0,0,0
1781923642927,Executor0,Stage0-2-0,0,0,0,0,0,0,0,0
1781923642927,Executor0,Stage0-3-0,0,0,0,0,0,0,0,0
1781923642978,Executor1,Stage1-0-0,0,0,0,0,0,0,0,0
1781923643081,Executor7,Stage1-0-0,0,0,0,0,0,0,0,0
1781923643163,Executor2,Stage1-3-0,0,0,0,0,0,0,0,0
1781923643176,Executor2,Stage1-3-0,0,0,0,0,0,0,0,0
1781923643204,Executor7,Stage1-1-0,0,0,0,0,0,0,0,0
1781923643367,Executor1,Stage1-2-0,0,0,0,0,0,0,0,0
1781923643370,Executor0,Stage0-0-0,0,0,0,0,0,0,0,0
1781923643620,Executor3,Stage1-0-0,0,0,0,0,0,0,0,0
1781923643927,Executor0,Stage0-0-0,0,0,0,0,0,0,0,0
1781923643927,Executor0,Stage0-1-0,0,0,0,0,0,0,0,0
1781923643927,Executor0,Stage0-2-0,0,0,0,0,0,0,0,0
1781923643927,Executor0,Stage0-3-0,0,0,0,0,0,0,0,0
1781923643978,Executor1,Stage1-0-0,0,0,0,0,0,0,0,0
1781923644082,Executor7,Stage1-0-0,0,0,0,0,0,0,0,0
1781923644163,Executor2,Stage1-3-0,0,0,0,0,0,0,0,0
1781923644176,Executor2,Stage1-3-0,0,0,0,0,0,0,0,0
1781923644204,Executor7,Stage1-1-0,0,0,0,0,0,0,0,0
1781923644367,Executor1,Stage1-2-0,0,0,0,0,0,0,0,0
1781923644370,Executor0,Stage0-0-0,0,0,0,0,0,0,0,0
1781923644620,Executor3,Stage1-0-0,0,0,0,0,0,0,0,0
1781923644927,Executor0,Stage0-0-0,0,0,0,0,0,0,0,0
1781923644927,Executor0,Stage0-1-0,0,0,0,0,0,0,0,0
1781923644927,Executor0,Stage0-2-0,0,0,0,0,0,0,0,0
1781923644927,Executor0,Stage0-3-0,0,0,0,0,0,0,0,0
1781923644978,Executor1,Stage1-0-0,0,0,0,0,0,0,0,0
1781923645081,Executor7,Stage1-0-0,0,0,0,0,0,0,0,0
1781923645163,Executor2,Stage1-3-0,0,0,0,0,0,0,0,0
1781923645176,Executor2,Stage1-3-0,0,0,0,0,0,0,0,0
1781923645204,Executor7,Stage1-1-0,0,0,0,0,0,0,0,0
1781923645367,Executor1,Stage1-2-0,0,0,0,0,0,0,0,0
1781923645370,Executor0,Stage0-0-0,0,0,0,0,0,0,0,0
1781923645620,Executor3,Stage1-0-0,0,0,0,0,0,0,0,0
1781923645927,Executor0,Stage0-0-0,0,0,0,0,0,0,0,0
1781923645927,Executor0,Stage0-1-0,0,0,0,0,0,0,0,0
1781923645927,Executor0,Stage0-2-0,0,0,0,0,0,0,0,0
1781923645927,Executor0,Stage0-3-0,0,0,0,0,0,0,0,0
1781923645978,Executor1,Stage1-0-0,0,0,0,0,0,0,0,0
1781923646082,Executor7,Stage1-0-0,0,0,0,0,0,0,0,0
1781923646163,Executor2,Stage1-3-0,0,0,0,0,0,0,0,0
1781923646176,Executor2,Stage1-3-0,0,0,0,0,0,0,0,0
1781923646204,Executor7,Stage1-1-0,0,0,0,0,0,0,0,0
1781923646367,Executor1,Stage1-2-0,0,0,0,0,0,0,0,0
1781923646370,Executor0,Stage0-0-0,0,0,0,0,0,0,0,0
1781923646620,Executor3,Stage1-0-0,0,0,0,0,0,0,0,0
1781923646927,Executor0,Stage0-0-0,0,0,0,0,0,0,0,0
1781923646927,Executor0,Stage0-1-0,0,0,0,0,0,0,0,0
1781923646927,Executor0,Stage0-2-0,0,0,0,0,0,0,0,0
1781923646927,Executor0,Stage0-3-0,0,0,0,0,0,0,0,0
1781923646978,Executor1,Stage1-0-0,0,0,0,0,0,0,0,0
1781923647081,Executor7,Stage1-0-0,0,0,0,0,0,0,0,0
1781923647163,Executor2,Stage1-3-0,0,0,0,0,0,0,0,0
1781923647176,Executor2,Stage1-3-0,0,0,0,0,0,0,0,0
1781923647204,Executor7,Stage1-1-0,0,0,0,0,0,0,0,0
1781923647367,Executor1,Stage1-2-0,0,0,0,0,0,0,0,0
1781923647370,Executor0,Stage0-0-0,0,0,0,0,0,0,0,0
1781923647620,Executor3,Stage1-0-0,0,0,0,0,0,0,0,0
1781923647927,Executor0,Stage0-0-0,0,0,0,0,0,0,0,0
1781923647927,Executor0,Stage0-1-0,0,0,0,0,0,0,0,0
1781923647927,Executor0,Stage0-2-0,0,0,0,0,0,0,0,0
1781923647927,Executor0,Stage0-3-0,0,0,0,0,0,0,0,0
1781923647978,Executor1,Stage1-0-0,0,0,0,0,0,0,0,0
1781923648082,Executor7,Stage1-0-0,0,0,0,0,0,0,0,0
1781923648163,Executor2,Stage1-3-0,0,0,0,0,0,0,0,0
1781923648176,Executor2,Stage1-3-0,0,0,0,0,0,0,0,0
1781923648204,Executor7,Stage1-1-0,0,0,0,0,0,0,0,0
1781923648367,Executor1,Stage1-2-0,0,0,0,0,0,0,0,0
1781923648370,Executor0,Stage0-0-0,0,0,0,0,0,0,0,0
1781923648620,Executor3,Stage1-0-0,0,0,0,0,0,0,0,0
1781923648927,Executor0,Stage0-0-0,0,0,0,0,0,0,0,0
1781923648927,Executor0,Stage0-1-0,0,0,0,0,0,0,0,0
1781923648927,Executor0,Stage0-2-0,0,0,0,0,0,0,0,0
1781923648927,Executor0,Stage0-3-0,0,0,0,0,0,0,0,0
1781923648978,Executor1,Stage1-0-0,0,0,0,0,0,0,0,0
1781923649082,Executor7,Stage1-0-0,0,0,0,0,0,0,0,0
1781923649163,Executor2,Stage1-3-0,0,0,0,0,0,0,0,0
1781923649176,Executor2,Stage1-3-0,0,0,0,0,0,0,0,0
1781923649204,Executor7,Stage1-1-0,0,0,0,0,0,0,0,0
1781923649367,Executor1,Stage1-2-0,0,0,0,0,0,0,0,0
1781923649370,Executor0,Stage0-0-0,0,0,0,0,0,0,0,0
1781923649620,Executor3,Stage1-0-0,0,0,0,0,0,0,0,0
1781923649927,Executor0,Stage0-0-0,0,0,0,0,0,0,0,0
1781923649927,Executor0,Stage0-1-0,0,0,0,0,0,0,0,0
1781923649927,Executor0,Stage0-2-0,0,0,0,0,0,0,0,0
1781923649927,Executor0,Stage0-3-0,0,0,0,0,0,0,0,0
1781923649978,Executor1,Stage1-0-0,0,0,0,0,0,0,0,0
1781923650082,Executor7,Stage1-0-0,0,0,0,0,0,0,0,0
1781923650163,Executor2,Stage1-3-0,0,0,0,0,0,0,0,0
1781923650176,Executor2,Stage1-3-0,0,0,0,0,0,0,0,0
1781923650204,Executor7,Stage1-1-0,0,0,0,0,0,0,0,0
1781923650367,Executor1,Stage1-2-0,0,0,0,0,0,0,0,0
1781923650370,Executor0,Stage0-0-0,0,0,0,0,0,0,0,0
1781923650620,Executor3,Stage1-0-0,0,0,0,0,0,0,0,0
1781923650927,Executor0,Stage0-0-0,0,0,0,0,0,0,0,0
1781923650927,Executor0,Stage0-1-0,0,0,0,0,0,0,0,0
1781923650927,Executor0,Stage0-2-0,0,0,0,0,0,0,0,0
1781923650927,Executor0,Stage0-3-0,0,0,0,0,0,0,0,0
1781923650978,Executor1,Stage1-0-0,0,0,0,0,0,0,0,0
1781923651082,Executor7,Stage1-0-0,0,0,0,0,0,0,0,0
1781923651163,Executor2,Stage1-3-0,0,0,0,0,0,0,0,0
1781923651176,Executor2,Stage1-3-0,0,0,0,0,0,0,0,0
1781923651204,Executor7,Stage1-1-0,0,0,0,0,0,0,0,0
1781923651367,Executor1,Stage1-2-0,0,0,0,0,0,0,0,0
1781923651370,Executor0,Stage0-0-0,0,0,0,0,0,0,0,0
1781923651620,Executor3,Stage1-0-0,0,0,0,0,0,0,0,0
1781923651927,Executor0,Stage0-0-0,0,0,0,0,0,0,0,0
1781923651927,Executor0,Stage0-1-0,0,0,0,0,0,0,0,0
1781923651927,Executor0,Stage0-2-0,0,0,0,0,0,0,0,0
1781923651927,Executor0,Stage0-3-0,0,0,0,0,0,0,0,0
1781923651978,Executor1,Stage1-0-0,0,0,0,0,0,0,0,0
1781923652082,Executor7,Stage1-0-0,0,0,0,0,0,0,0,0
1781923652163,Executor2,Stage1-3-0,0,0,0,0,0,0,0,0
1781923652176,Executor2,Stage1-3-0,0,0,0,0,0,0,0,0
1781923652204,Executor7,Stage1-1-0,0,0,0,0,0,0,0,0
1781923652367,Executor1,Stage1-2-0,0,0,0,0,0,0,0,0
1781923652370,Executor0,Stage0-0-0,0,0,0,0,0,0,0,0
1781923652620,Executor3,Stage1-0-0,0,0,0,0,0,0,0,0
1781923652927,Executor0,Stage0-0-0,0,0,0,0,0,0,0,0
1781923652927,Executor0,Stage0-1-0,0,0,0,0,0,0,0,0
1781923652927,Executor0,Stage0-2-0,0,0,0,0,0,0,0,0
1781923652927,Executor0,Stage0-3-0,0,0,0,0,0,0,0,0
1781923652978,Executor1,Stage1-0-0,0,0,0,0,0,0,0,0
1781923653082,Executor7,Stage1-0-0,0,0,0,0,0,0,0,0
1781923653163,Executor2,Stage1-3-0,0,0,0,0,0,0,0,0
1781923653176,Executor2,Stage1-3-0,0,0,0,0,0,0,0,0
1781923653204,Executor7,Stage1-1-0,0,0,0,0,0,0,0,0
1781923653367,Executor1,Stage1-2-0,0,0,0,0,0,0,0,0
1781923653370,Executor0,Stage0-0-0,0,0,0,0,0,0,0,0
1781923653620,Executor3,Stage1-0-0,0,0,0,0,0,0,0,0
1781923653927,Executor0,Stage0-0-0,0,0,0,0,0,0,0,0
1781923653927,Executor0,Stage0-1-0,0,0,0,0,0,0,0,0
1781923653927,Executor0,Stage0-2-0,0,0,0,0,0,0,0,0
1781923653927,Executor0,Stage0-3-0,0,0,0,0,0,0,0,0
1781923653978,Executor1,Stage1-0-0,0,0,0,0,0,0,0,0
1781923654081,Executor7,Stage1-0-0,0,0,0,0,0,0,0,0
1781923654163,Executor2,Stage1-3-0,0,0,0,0,0,0,0,0
1781923654176,Executor2,Stage1-3-0,0,0,0,0,0,0,0,0
1781923654204,Executor7,Stage1-1-0,0,0,0,0,0,0,0,0
1781923654367,Executor1,Stage1-2-0,0,0,0,0,0,0,0,0
1781923654370,Executor0,Stage0-0-0,0,0,0,0,0,0,0,0
1781923654620,Executor3,Stage1-0-0,0,0,0,0,0,0,0,0
1781923654927,Executor0,Stage0-0-0,0,0,0,0,0,0,0,0
1781923654927,Executor0,Stage0-1-0,0,0,0,0,0,0,0,0
1781923654927,Executor0,Stage0-2-0,0,0,0,0,0,0,0,0
1781923654927,Executor0,Stage0-3-0,0,0,0,0,0,0,0,0
1781923654978,Executor1,Stage1-0-0,0,0,0,0,0,0,0,0
1781923655147,Executor7,Stage1-0-0,0,0,0,0,0,0,0,0
1781923655163,Executor2,Stage1-3-0,0,0,0,0,0,0,0,0
1781923655176,Executor2,Stage1-3-0,0,0,0,0,0,0,0,0
1781923655204,Executor7,Stage1-1-0,0,0,0,0,0,0,0,0
1781923655367,Executor1,Stage1-2-0,0,0,0,0,0,0,0,0
1781923655370,Executor0,Stage0-0-0,0,0,0,0,0,0,0,0
1781923655620,Executor3,Stage1-0-0,0,0,0,0,0,0,0,0
1781923655927,Executor0,Stage0-0-0,0,0,0,0,0,0,0,0
1781923655927,Executor0,Stage0-1-0,0,0,0,0,0,0,0,0
1781923655927,Executor0,Stage0-2-0,0,0,0,0,0,0,0,0
1781923655927,Executor0,Stage0-3-0,0,0,0,0,0,0,0,0
1781923655978,Executor1,Stage1-0-0,0,0,0,0,0,0,0,0
1781923656081,Executor7,Stage1-0-0,0,0,0,0,0,0,0,0
1781923656163,Executor2,Stage1-3-0,0,0,0,0,0,0,0,0
1781923656176,Executor2,Stage1-3-0,0,0,0,0,0,0,0,0
1781923656204,Executor7,Stage1-1-0,0,0,0,0,0,0,0,0
1781923656367,Executor1,Stage1-2-0,0,0,0,0,0,0,0,0
1781923656370,Executor0,Stage0-0-0,0,0,0,0,0,0,0,0
1781923656620,Executor3,Stage1-0-0,0,0,0,0,0,0,0,0
1781923656927,Executor0,Stage0-0-0,0,0,0,0,0,0,0,0
1781923656927,Executor0,Stage0-1-0,0,0,0,0,0,0,0,0
1781923656927,Executor0,Stage0-2-0,0,0,0,0,0,0,0,0
1781923656927,Executor0,Stage0-3-0,0,0,0,0,0,0,0,0
1781923656978,Executor1,Stage1-0-0,0,0,0,0,0,0,0,0
1781923657082,Executor7,Stage1-0-0,0,0,0,0,0,0,0,0
1781923657163,Executor2,Stage1-3-0,0,0,0,0,0,0,0,0
1781923657176,Executor2,Stage1-3-0,0,0,0,0,0,0,0,0
1781923657204,Executor7,Stage1-1-0,0,0,0,0,0,0,0,0
1781923657367,Executor1,Stage1-2-0,0,0,0,0,0,0,0,0
1781923657370,Executor0,Stage0-0-0,0,0,0,0,0,0,0,0
1781923657620,Executor3,Stage1-0-0,0,0,0,0,0,0,0,0
1781923657927,Executor0,Stage0-0-0,0,0,0,0,0,0,0,0
1781923657927,Executor0,Stage0-1-0,0,0,0,0,0,0,0,0
1781923657927,Executor0,Stage0-2-0,0,0,0,0,0,0,0,0
1781923657927,Executor0,Stage0-3-0,0,0,0,0,0,0,0,0
1781923657978,Executor1,Stage1-0-0,0,0,0,0,0,0,0,0
1781923658082,Executor7,Stage1-0-0,0,0,0,0,0,0,0,0
1781923658163,Executor2,Stage1-3-0,0,0,0,0,0,0,0,0
1781923658176,Executor2,Stage1-3-0,0,0,0,0,0,0,0,0
1781923658204,Executor7,Stage1-1-0,0,0,0,0,0,0,0,0
1781923658367,Executor1,Stage1-2-0,0,0,0,0,0,0,0,0
1781923658370,Executor0,Stage0-0-0,0,0,0,0,0,0,0,0
1781923658620,Executor3,Stage1-0-0,0,0,0,0,0,0,0,0
1781923658927,Executor0,Stage0-0-0,0,0,0,0,0,0,0,0
1781923658927,Executor0,Stage0-1-0,0,0,0,0,0,0,0,0
1781923658927,Executor0,Stage0-2-0,0,0,0,0,0,0,0,0
1781923658927,Executor0,Stage0-3-0,0,0,0,0,0,0,0,0
1781923658978,Executor1,Stage1-0-0,0,0,0,0,0,0,0,0
1781923659082,Executor7,Stage1-0-0,0,0,0,0,0,0,0,0
1781923659163,Executor2,Stage1-3-0,0,0,0,0,0,0,0,0
1781923659176,Executor2,Stage1-3-0,0,0,0,0,0,0,0,0
1781923659204,Executor7,Stage1-1-0,0,0,0,0,0,0,0,0
1781923659367,Executor1,Stage1-2-0,0,0,0,0,0,0,0,0
1781923659370,Executor0,Stage0-0-0,0,0,0,0,0,0,0,0
1781923659620,Executor3,Stage1-0-0,0,0,0,0,0,0,0,0
1781923659927,Executor0,Stage0-0-0,0,0,0,0,0,0,0,0
1781923659927,Executor0,Stage0-1-0,0,0,0,0,0,0,0,0
1781923659927,Executor0,Stage0-2-0,0,0,0,0,0,0,0,0
1781923659927,Executor0,Stage0-3-0,0,0,0,0,0,0,0,0
1781923659978,Executor1,Stage1-0-0,0,0,0,0,0,0,0,0
1781923660082,Executor7,Stage1-0-0,0,0,0,0,0,0,0,0
1781923660163,Executor2,Stage1-3-0,0,0,0,0,0,0,0,0
1781923660176,Executor2,Stage1-3-0,0,0,0,0,0,0,0,0
1781923660204,Executor7,Stage1-1-0,0,0,0,0,0,0,0,0
1781923660367,Executor1,Stage1-2-0,0,0,0,0,0,0,0,0
1781923660370,Executor0,Stage0-0-0,0,0,0,0,0,0,0,0
1781923660620,Executor3,Stage1-0-0,0,0,0,0,0,0,0,0
1781923660927,Executor0,Stage0-0-0,0,0,0,0,0,0,0,0
1781923660927,Executor0,Stage0-1-0,0,0,0,0,0,0,0,0
1781923660927,Executor0,Stage0-2-0,0,0,0,0,0,0,0,0
1781923660927,Executor0,Stage0-3-0,0,0,0,0,0,0,0,0
1781923660978,Executor1,Stage1-0-0,0,0,0,0,0,0,0,0
1781923661082,Executor7,Stage1-0-0,0,0,0,0,0,0,0,0
1781923661163,Executor2,Stage1-3-0,0,0,0,0,0,0,0,0
1781923661176,Executor2,Stage1-3-0,0,0,0,0,0,0,0,0
1781923661204,Executor7,Stage1-1-0,0,0,0,0,0,0,0,0
1781923661367,Executor1,Stage1-2-0,0,0,0,0,0,0,0,0
1781923661370,Executor0,Stage0-0-0,0,0,0,0,0,0,0,0
1781923661620,Executor3,Stage1-0-0,0,0,0,0,0,0,0,0
1781923661927,Executor0,Stage0-0-0,0,0,0,0,0,0,0,0
1781923661927,Executor0,Stage0-1-0,0,0,0,0,0,0,0,0
1781923661927,Executor0,Stage0-2-0,0,0,0,0,0,0,0,0
1781923661927,Executor0,Stage0-3-0,0,0,0,0,0,0,0,0
1781923661978,Executor1,Stage1-0-0,0,0,0,0,0,0,0,0
1781923662082,Executor7,Stage1-0-0,0,0,0,0,0,0,0,0
1781923662163,Executor2,Stage1-3-0,0,0,0,0,0,0,0,0
1781923662176,Executor2,Stage1-3-0,0,0,0,0,0,0,0,0
1781923662204,Executor7,Stage1-1-0,0,0,0,0,0,0,0,0
1781923662367,Executor1,Stage1-2-0,0,0,0,0,0,0,0,0
1781923662370,Executor0,Stage0-0-0,0,0,0,0,0,0,0,0
1781923662620,Executor3,Stage1-0-0,0,0,0,0,0,0,0,0
1781923662927,Executor0,Stage0-0-0,0,0,0,0,0,0,0,0
1781923662927,Executor0,Stage0-1-0,0,0,0,0,0,0,0,0
1781923662927,Executor0,Stage0-2-0,0,0,0,0,0,0,0,0
1781923662927,Executor0,Stage0-3-0,0,0,0,0,0,0,0,0
1781923662978,Executor1,Stage1-0-0,0,0,0,0,0,0,0,0
1781923663081,Executor7,Stage1-0-0,0,0,0,0,0,0,0,0
1781923663163,Executor2,Stage1-3-0,0,0,0,0,0,0,0,0
1781923663176,Executor2,Stage1-3-0,0,0,0,0,0,0,0,0
1781923663204,Executor7,Stage1-1-0,0,0,0,0,0,0,0,0
1781923663367,Executor1,Stage1-2-0,0,0,0,0,0,0,0,0
1781923663370,Executor0,Stage0-0-0,0,0,0,0,0,0,0,0
1781923663620,Executor3,Stage1-0-0,0,0,0,0,0,0,0,0
1781923663927,Executor0,Stage0-0-0,0,0,0,0,0,0,0,0
1781923663927,Executor0,Stage0-1-0,0,0,0,0,0,0,0,0
1781923663927,Executor0,Stage0-2-0,0,0,0,0,0,0,0,0
1781923663927,Executor0,Stage0-3-0,0,0,0,0,0,0,0,0
1781923663978,Executor1,Stage1-0-0,0,0,0,0,0,0,0,0
1781923664082,Executor7,Stage1-0-0,0,0,0,0,0,0,0,0
1781923664163,Executor2,Stage1-3-0,0,0,0,0,0,0,0,0
1781923664176,Executor2,Stage1-3-0,0,0,0,0,0,0,0,0
1781923664204,Executor7,Stage1-1-0,0,0,0,0,0,0,0,0
1781923664367,Executor1,Stage1-2-0,0,0,0,0,0,0,0,0
1781923664370,Executor0,Stage0-0-0,0,0,0,0,0,0,0,0
1781923664620,Executor3,Stage1-0-0,0,0,0,0,0,0,0,0
1781923664927,Executor0,Stage0-0-0,0,0,0,0,0,0,0,0
1781923664927,Executor0,Stage0-1-0,0,0,0,0,0,0,0,0
1781923664927,Executor0,Stage0-2-0,0,0,0,0,0,0,0,0
1781923664927,Executor0,Stage0-3-0,0,0,0,0,0,0,0,0
1781923664978,Executor1,Stage1-0-0,0,0,0,0,0,0,0,0
1781923665081,Executor7,Stage1-0-0,0,0,0,0,0,0,0,0
1781923665163,Executor2,Stage1-3-0,0,0,0,0,0,0,0,0
1781923665176,Executor2,Stage1-3-0,0,0,0,0,0,0,0,0
1781923665204,Executor7,Stage1-1-0,0,0,0,0,0,0,0,0
1781923665367,Executor1,Stage1-2-0,0,0,0,0,0,0,0,0
1781923665370,Executor0,Stage0-0-0,0,0,0,0,0,0,0,0
1781923665620,Executor3,Stage1-0-0,0,0,0,0,0,0,0,0
1781923665927,Executor0,Stage0-0-0,0,0,0,0,0,0,0,0
1781923665927,Executor0,Stage0-1-0,0,0,0,0,0,0,0,0
1781923665927,Executor0,Stage0-2-0,0,0,0,0,0,0,0,0
1781923665927,Executor0,Stage0-3-0,0,0,0,0,0,0,0,0
1781923665978,Executor1,Stage1-0-0,0,0,0,0,0,0,0,0
1781923666082,Executor7,Stage1-0-0,0,0,0,0,0,0,0,0
1781923666163,Executor2,Stage1-3-0,0,0,0,0,0,0,0,0
1781923666176,Executor2,Stage1-3-0,0,0,0,0,0,0,0,0
1781923666204,Executor7,Stage1-1-0,0,0,0,0,0,0,0,0
1781923666367,Executor1,Stage1-2-0,0,0,0,0,0,0,0,0
1781923666370,Executor0,Stage0-0-0,0,0,0,0,0,0,0,0
1781923666620,Executor3,Stage1-0-0,0,0,0,0,0,0,0,0
1781923666927,Executor0,Stage0-0-0,0,0,0,0,0,0,0,0
1781923666927,Executor0,Stage0-1-0,0,0,0,0,0,0,0,0
1781923666927,Executor0,Stage0-2-0,0,0,0,0,0,0,0,0
1781923666927,Executor0,Stage0-3-0,0,0,0,0,0,0,0,0
1781923666978,Executor1,Stage1-0-0,0,0,0,0,0,0,0,0
1781923667082,Executor7,Stage1-0-0,0,0,0,0,0,0,0,0
1781923667163,Executor2,Stage1-3-0,0,0,0,0,0,0,0,0
1781923667176,Executor2,Stage1-3-0,0,0,0,0,0,0,0,0
1781923667204,Executor7,Stage1-1-0,0,0,0,0,0,0,0,0
1781923667367,Executor1,Stage1-2-0,0,0,0,0,0,0,0,0
1781923667370,Executor0,Stage0-0-0,0,0,0,0,0,0,0,0
1781923667620,Executor3,Stage1-0-0,0,0,0,0,0,0,0,0
1781923667927,Executor0,Stage0-0-0,0,0,0,0,0,0,0,0
1781923667927,Executor0,Stage0-1-0,0,0,0,0,0,0,0,0
1781923667927,Executor0,Stage0-2-0,0,0,0,0,0,0,0,0
1781923667927,Executor0,Stage0-3-0,0,0,0,0,0,0,0,0
1781923667978,Executor1,Stage1-0-0,0,0,0,0,0,0,0,0
1781923668082,Executor7,Stage1-0-0,0,0,0,0,0,0,0,0
1781923668163,Executor2,Stage1-3-0,0,0,0,0,0,0,0,0
1781923668176,Executor2,Stage1-3-0,0,0,0,0,0,0,0,0
1781923668204,Executor7,Stage1-1-0,0,0,0,0,0,0,0,0
1781923668367,Executor1,Stage1-2-0,0,0,0,0,0,0,0,0
1781923668370,Executor0,Stage0-0-0,0,0,0,0,0,0,0,0
1781923668620,Executor3,Stage1-0-0,0,0,0,0,0,0,0,0
1781923668927,Executor0,Stage0-0-0,0,0,0,0,0,0,0,0
1781923668927,Executor0,Stage0-1-0,0,0,0,0,0,0,0,0
1781923668927,Executor0,Stage0-2-0,0,0,0,0,0,0,0,0
1781923668927,Executor0,Stage0-3-0,0,0,0,0,0,0,0,0
1781923668978,Executor1,Stage1-0-0,0,0,0,0,0,0,0,0
1781923669082,Executor7,Stage1-0-0,0,0,0,0,0,0,0,0
1781923669163,Executor2,Stage1-3-0,0,0,0,0,0,0,0,0
1781923669176,Executor2,Stage1-3-0,0,0,0,0,0,0,0,0
1781923669204,Executor7,Stage1-1-0,0,0,0,0,0,0,0,0
1781923669367,Executor1,Stage1-2-0,0,0,0,0,0,0,0,0
1781923669370,Executor0,Stage0-0-0,0,0,0,0,0,0,0,0
1781923669620,Executor3,Stage1-0-0,0,0,0,0,0,0,0,0
1781923669927,Executor0,Stage0-0-0,0,0,0,0,0,0,0,0
1781923669927,Executor0,Stage0-1-0,0,0,0,0,0,0,0,0
1781923669927,Executor0,Stage0-2-0,0,0,0,0,0,0,0,0
1781923669927,Executor0,Stage0-3-0,0,0,0,0,0,0,0,0
1781923669978,Executor1,Stage1-0-0,0,0,0,0,0,0,0,0
1781923670082,Executor7,Stage1-0-0,0,0,0,0,0,0,0,0
1781923670163,Executor2,Stage1-3-0,0,0,0,0,0,0,0,0
1781923670176,Executor2,Stage1-3-0,0,0,0,0,0,0,0,0
1781923670204,Executor7,Stage1-1-0,0,0,0,0,0,0,0,0
1781923670367,Executor1,Stage1-2-0,0,0,0,0,0,0,0,0
1781923670370,Executor0,Stage0-0-0,0,0,0,0,0,0,0,0
1781923670620,Executor3,Stage1-0-0,0,0,0,0,0,0,0,0
1781923670927,Executor0,Stage0-0-0,0,0,0,0,0,0,0,0
1781923670927,Executor0,Stage0-1-0,0,0,0,0,0,0,0,0
1781923670927,Executor0,Stage0-2-0,0,0,0,0,0,0,0,0
1781923670927,Executor0,Stage0-3-0,0,0,0,0,0,0,0,0
1781923670978,Executor1,Stage1-0-0,0,0,0,0,0,0,0,0
1781923671081,Executor7,Stage1-0-0,0,0,0,0,0,0,0,0
1781923671163,Executor2,Stage1-3-0,0,0,0,0,0,0,0,0
1781923671176,Executor2,Stage1-3-0,0,0,0,0,0,0,0,0
1781923671204,Executor7,Stage1-1-0,0,0,0,0,0,0,0,0
1781923671367,Executor1,Stage1-2-0,0,0,0,0,0,0,0,0
1781923671370,Executor0,Stage0-0-0,0,0,0,0,0,0,0,0
1781923671620,Executor3,Stage1-0-0,0,0,0,0,0,0,0,0
1781923671927,Executor0,Stage0-0-0,0,0,0,0,0,0,0,0
1781923671927,Executor0,Stage0-1-0,0,0,0,0,0,0,0,0
1781923671927,Executor0,Stage0-2-0,0,0,0,0,0,0,0,0
1781923671927,Executor0,Stage0-3-0,0,0,0,0,0,0,0,0
1781923671978,Executor1,Stage1-0-0,0,0,0,0,0,0,0,0
1781923672082,Executor7,Stage1-0-0,0,0,0,0,0,0,0,0
1781923672163,Executor2,Stage1-3-0,0,0,0,0,0,0,0,0
1781923672176,Executor2,Stage1-3-0,0,0,0,0,0,0,0,0
1781923672204,Executor7,Stage1-1-0,0,0,0,0,0,0,0,0
1781923672367,Executor1,Stage1-2-0,0,0,0,0,0,0,0,0
1781923672370,Executor0,Stage0-0-0,0,0,0,0,0,0,0,0
1781923672620,Executor3,Stage1-0-0,0,0,0,0,0,0,0,0
1781923672927,Executor0,Stage0-0-0,0,0,0,0,0,0,0,0
1781923672927,Executor0,Stage0-1-0,0,0,0,0,0,0,0,0
1781923672927,Executor0,Stage0-2-0,0,0,0,0,0,0,0,0
1781923672927,Executor0,Stage0-3-0,0,0,0,0,0,0,0,0
1781923672978,Executor1,Stage1-0-0,0,0,0,0,0,0,0,0
1781923673082,Executor7,Stage1-0-0,0,0,0,0,0,0,0,0
1781923673163,Executor2,Stage1-3-0,0,0,0,0,0,0,0,0
1781923673176,Executor2,Stage1-3-0,0,0,0,0,0,0,0,0
1781923673204,Executor7,Stage1-1-0,0,0,0,0,0,0,0,0
1781923673367,Executor1,Stage1-2-0,0,0,0,0,0,0,0,0
1781923673370,Executor0,Stage0-0-0,0,0,0,0,0,0,0,0
1781923673620,Executor3,Stage1-0-0,0,0,0,0,0,0,0,0
1781923673927,Executor0,Stage0-0-0,0,0,0,0,0,0,0,0
1781923673927,Executor0,Stage0-1-0,0,0,0,0,0,0,0,0
1781923673927,Executor0,Stage0-2-0,0,0,0,0,0,0,0,0
1781923673927,Executor0,Stage0-3-0,0,0,0,0,0,0,0,0
1781923673978,Executor1,Stage1-0-0,0,0,0,0,0,0,0,0
1781923674081,Executor7,Stage1-0-0,0,0,0,0,0,0,0,0
1781923674163,Executor2,Stage1-3-0,0,0,0,0,0,0,0,0
1781923674176,Executor2,Stage1-3-0,0,0,0,0,0,0,0,0
1781923674204,Executor7,Stage1-1-0,0,0,0,0,0,0,0,0
1781923674367,Executor1,Stage1-2-0,0,0,0,0,0,0,0,0
1781923674370,Executor0,Stage0-0-0,0,0,0,0,0,0,0,0
1781923674620,Executor3,Stage1-0-0,0,0,0,0,0,0,0,0
1781923674927,Executor0,Stage0-0-0,0,0,0,0,0,0,0,0
1781923674927,Executor0,Stage0-1-0,0,0,0,0,0,0,0,0
1781923674927,Executor0,Stage0-2-0,0,0,0,0,0,0,0,0
1781923674927,Executor0,Stage0-3-0,0,0,0,0,0,0,0,0
1781923674978,Executor1,Stage1-0-0,0,0,0,0,0,0,0,0
1781923675081,Executor7,Stage1-0-0,0,0,0,0,0,0,0,0
1781923675163,Executor2,Stage1-3-0,0,0,0,0,0,0,0,0
1781923675176,Executor2,Stage1-3-0,0,0,0,0,0,0,0,0
1781923675204,Executor7,Stage1-1-0,0,0,0,0,0,0,0,0
1781923675367,Executor1,Stage1-2-0,0,0,0,0,0,0,0,0
1781923675370,Executor0,Stage0-0-0,0,0,0,0,0,0,0,0
1781923675620,Executor3,Stage1-0-0,0,0,0,0,0,0,0,0
1781923675927,Executor0,Stage0-0-0,0,0,0,0,0,0,0,0
1781923675927,Executor0,Stage0-1-0,0,0,0,0,0,0,0,0
1781923675927,Executor0,Stage0-2-0,0,0,0,0,0,0,0,0
1781923675927,Executor0,Stage0-3-0,0,0,0,0,0,0,0,0
1781923675978,Executor1,Stage1-0-0,0,0,0,0,0,0,0,0
1781923676081,Executor7,Stage1-0-0,0,0,0,0,0,0,0,0
1781923676163,Executor2,Stage1-3-0,0,0,0,0,0,0,0,0
1781923676176,Executor2,Stage1-3-0,0,0,0,0,0,0,0,0
1781923676204,Executor7,Stage1-1-0,0,0,0,0,0,0,0,0
1781923676367,Executor1,Stage1-2-0,0,0,0,0,0,0,0,0
1781923676370,Executor0,Stage0-0-0,0,0,0,0,0,0,0,0
1781923676620,Executor3,Stage1-0-0,0,0,0,0,0,0,0,0
1781923676927,Executor0,Stage0-0-0,0,0,0,0,0,0,0,0
1781923676927,Executor0,Stage0-1-0,0,0,0,0,0,0,0,0
1781923676927,Executor0,Stage0-2-0,0,0,0,0,0,0,0,0
1781923676927,Executor0,Stage0-3-0,0,0,0,0,0,0,0,0
1781923676978,Executor1,Stage1-0-0,0,0,0,0,0,0,0,0
1781923677081,Executor7,Stage1-0-0,0,0,0,0,0,0,0,0
1781923677163,Executor2,Stage1-3-0,0,0,0,0,0,0,0,0
1781923677176,Executor2,Stage1-3-0,0,0,0,0,0,0,0,0
1781923677204,Executor7,Stage1-1-0,0,0,0,0,0,0,0,0
1781923677367,Executor1,Stage1-2-0,0,0,0,0,0,0,0,0
1781923677370,Executor0,Stage0-0-0,0,0,0,0,0,0,0,0
1781923677620,Executor3,Stage1-0-0,0,0,0,0,0,0,0,0
1781923677927,Executor0,Stage0-0-0,0,0,0,0,0,0,0,0
1781923677927,Executor0,Stage0-1-0,0,0,0,0,0,0,0,0
1781923677927,Executor0,Stage0-2-0,0,0,0,0,0,0,0,0
1781923677927,Executor0,Stage0-3-0,0,0,0,0,0,0,0,0
1781923677978,Executor1,Stage1-0-0,0,0,0,0,0,0,0,0
1781923678082,Executor7,Stage1-0-0,0,0,0,0,0,0,0,0
1781923678163,Executor2,Stage1-3-0,0,0,0,0,0,0,0,0
1781923678176,Executor2,Stage1-3-0,0,0,0,0,0,0,0,0
1781923678204,Executor7,Stage1-1-0,0,0,0,0,0,0,0,0
1781923678367,Executor1,Stage1-2-0,0,0,0,0,0,0,0,0
1781923678370,Executor0,Stage0-0-0,0,0,0,0,0,0,0,0
1781923678620,Executor3,Stage1-0-0,0,0,0,0,0,0,0,0
1781923678927,Executor0,Stage0-0-0,0,0,0,0,0,0,0,0
1781923678927,Executor0,Stage0-1-0,0,0,0,0,0,0,0,0
1781923678927,Executor0,Stage0-2-0,0,0,0,0,0,0,0,0
1781923678927,Executor0,Stage0-3-0,0,0,0,0,0,0,0,0
1781923678978,Executor1,Stage1-0-0,0,0,0,0,0,0,0,0
1781923679082,Executor7,Stage1-0-0,0,0,0,0,0,0,0,0
1781923679163,Executor2,Stage1-3-0,0,0,0,0,0,0,0,0
1781923679176,Executor2,Stage1-3-0,0,0,0,0,0,0,0,0
1781923679204,Executor7,Stage1-1-0,0,0,0,0,0,0,0,0
1781923679367,Executor1,Stage1-2-0,0,0,0,0,0,0,0,0
1781923679370,Executor0,Stage0-0-0,0,0,0,0,0,0,0,0
1781923679620,Executor3,Stage1-0-0,0,0,0,0,0,0,0,0
1781923679927,Executor0,Stage0-0-0,0,0,0,0,0,0,0,0
1781923679927,Executor0,Stage0-1-0,0,0,0,0,0,0,0,0
1781923679927,Executor0,Stage0-2-0,0,0,0,0,0,0,0,0
1781923679927,Executor0,Stage0-3-0,0,0,0,0,0,0,0,0
1781923679978,Executor1,Stage1-0-0,0,0,0,0,0,0,0,0
1781923680082,Executor7,Stage1-0-0,0,0,0,0,0,0,0,0
1781923680163,Executor2,Stage1-3-0,0,0,0,0,0,0,0,0
1781923680176,Executor2,Stage1-3-0,0,0,0,0,0,0,0,0
1781923680204,Executor7,Stage1-1-0,0,0,0,0,0,0,0,0
1781923680367,Executor1,Stage1-2-0,0,0,0,0,0,0,0,0
1781923680370,Executor0,Stage0-0-0,0,0,0,0,0,0,0,0
1781923680620,Executor3,Stage1-0-0,0,0,0,0,0,0,0,0
1781923680927,Executor0,Stage0-0-0,0,0,0,0,0,0,0,0
1781923680927,Executor0,Stage0-1-0,0,0,0,0,0,0,0,0
1781923680927,Executor0,Stage0-2-0,0,0,0,0,0,0,0,0
1781923680927,Executor0,Stage0-3-0,0,0,0,0,0,0,0,0
1781923680978,Executor1,Stage1-0-0,0,0,0,0,0,0,0,0
1781923681081,Executor7,Stage1-0-0,0,0,0,0,0,0,0,0
1781923681163,Executor2,Stage1-3-0,0,0,0,0,0,0,0,0
1781923681176,Executor2,Stage1-3-0,0,0,0,0,0,0,0,0
1781923681204,Executor7,Stage1-1-0,0,0,0,0,0,0,0,0
1781923681367,Executor1,Stage1-2-0,0,0,0,0,0,0,0,0
1781923681370,Executor0,Stage0-0-0,0,0,0,0,0,0,0,0
1781923681620,Executor3,Stage1-0-0,0,0,0,0,0,0,0,0
1781923681927,Executor0,Stage0-0-0,0,0,0,0,0,0,0,0
1781923681927,Executor0,Stage0-1-0,0,0,0,0,0,0,0,0
1781923681927,Executor0,Stage0-2-0,0,0,0,0,0,0,0,0
1781923681927,Executor0,Stage0-3-0,0,0,0,0,0,0,0,0
1781923681978,Executor1,Stage1-0-0,0,0,0,0,0,0,0,0
1781923682081,Executor7,Stage1-0-0,0,0,0,0,0,0,0,0
1781923682163,Executor2,Stage1-3-0,0,0,0,0,0,0,0,0
1781923682176,Executor2,Stage1-3-0,0,0,0,0,0,0,0,0
1781923682204,Executor7,Stage1-1-0,0,0,0,0,0,0,0,0
1781923682367,Executor1,Stage1-2-0,0,0,0,0,0,0,0,0
1781923682370,Executor0,Stage0-0-0,0,0,0,0,0,0,0,0
1781923682620,Executor3,Stage1-0-0,0,0,0,0,0,0,0,0
1781923682927,Executor0,Stage0-0-0,0,0,0,0,0,0,0,0
1781923682927,Executor0,Stage0-1-0,0,0,0,0,0,0,0,0
1781923682927,Executor0,Stage0-2-0,0,0,0,0,0,0,0,0
1781923682927,Executor0,Stage0-3-0,0,0,0,0,0,0,0,0
1781923682978,Executor1,Stage1-0-0,0,0,0,0,0,0,0,0
1781923683082,Executor7,Stage1-0-0,0,0,0,0,0,0,0,0
1781923683163,Executor2,Stage1-3-0,0,0,0,0,0,0,0,0
1781923683176,Executor2,Stage1-3-0,0,0,0,0,0,0,0,0
1781923683204,Executor7,Stage1-1-0,0,0,0,0,0,0,0,0
1781923683367,Executor1,Stage1-2-0,0,0,0,0,0,0,0,0
1781923683370,Executor0,Stage0-0-0,0,0,0,0,0,0,0,0
1781923683620,Executor3,Stage1-0-0,0,0,0,0,0,0,0,0
1781923683927,Executor0,Stage0-0-0,0,0,0,0,0,0,0,0
1781923683927,Executor0,Stage0-1-0,0,0,0,0,0,0,0,0
1781923683927,Executor0,Stage0-2-0,0,0,0,0,0,0,0,0
1781923683927,Executor0,Stage0-3-0,0,0,0,0,0,0,0,0
1781923683978,Executor1,Stage1-0-0,0,0,0,0,0,0,0,0
1781923684082,Executor7,Stage1-0-0,0,0,0,0,0,0,0,0
1781923684163,Executor2,Stage1-3-0,0,0,0,0,0,0,0,0
1781923684176,Executor2,Stage1-3-0,0,0,0,0,0,0,0,0
1781923684204,Executor7,Stage1-1-0,0,0,0,0,0,0,0,0
1781923684367,Executor1,Stage1-2-0,0,0,0,0,0,0,0,0
1781923684370,Executor0,Stage0-0-0,0,0,0,0,0,0,0,0
1781923684620,Executor3,Stage1-0-0,0,0,0,0,0,0,0,0
1781923684927,Executor0,Stage0-0-0,0,0,0,0,0,0,0,0
1781923684927,Executor0,Stage0-1-0,0,0,0,0,0,0,0,0
1781923684927,Executor0,Stage0-2-0,0,0,0,0,0,0,0,0
1781923684927,Executor0,Stage0-3-0,0,0,0,0,0,0,0,0
1781923684978,Executor1,Stage1-0-0,0,0,0,0,0,0,0,0
1781923685082,Executor7,Stage1-0-0,0,0,0,0,0,0,0,0
1781923685163,Executor2,Stage1-3-0,0,0,0,0,0,0,0,0
1781923685176,Executor2,Stage1-3-0,0,0,0,0,0,0,0,0
1781923685204,Executor7,Stage1-1-0,0,0,0,0,0,0,0,0
1781923685367,Executor1,Stage1-2-0,0,0,0,0,0,0,0,0
1781923685370,Executor0,Stage0-0-0,0,0,0,0,0,0,0,0
1781923685620,Executor3,Stage1-0-0,0,0,0,0,0,0,0,0
1781923685927,Executor0,Stage0-0-0,0,0,0,0,0,0,0,0
1781923685927,Executor0,Stage0-1-0,0,0,0,0,0,0,0,0
1781923685927,Executor0,Stage0-2-0,0,0,0,0,0,0,0,0
1781923685927,Executor0,Stage0-3-0,0,0,0,0,0,0,0,0
1781923685978,Executor1,Stage1-0-0,0,0,0,0,0,0,0,0
1781923686082,Executor7,Stage1-0-0,0,0,0,0,0,0,0,0
1781923686163,Executor2,Stage1-3-0,0,0,0,0,0,0,0,0
1781923686176,Executor2,Stage1-3-0,0,0,0,0,0,0,0,0
1781923686204,Executor7,Stage1-1-0,0,0,0,0,0,0,0,0
1781923686367,Executor1,Stage1-2-0,0,0,0,0,0,0,0,0
1781923686370,Executor0,Stage0-0-0,0,0,0,0,0,0,0,0
1781923686620,Executor3,Stage1-0-0,0,0,0,0,0,0,0,0
1781923686927,Executor0,Stage0-0-0,0,0,0,0,0,0,0,0
1781923686927,Executor0,Stage0-1-0,0,0,0,0,0,0,0,0
1781923686927,Executor0,Stage0-2-0,0,0,0,0,0,0,0,0
1781923686927,Executor0,Stage0-3-0,0,0,0,0,0,0,0,0
1781923686978,Executor1,Stage1-0-0,0,0,0,0,0,0,0,0
1781923687081,Executor7,Stage1-0-0,0,0,0,0,0,0,0,0
1781923687163,Executor2,Stage1-3-0,0,0,0,0,0,0,0,0
1781923687176,Executor2,Stage1-3-0,0,0,0,0,0,0,0,0
1781923687204,Executor7,Stage1-1-0,0,0,0,0,0,0,0,0
1781923687367,Executor1,Stage1-2-0,0,0,0,0,0,0,0,0
1781923687370,Executor0,Stage0-0-0,0,0,0,0,0,0,0,0
1781923687620,Executor3,Stage1-0-0,0,0,0,0,0,0,0,0
1781923687927,Executor0,Stage0-0-0,0,0,0,0,0,0,0,0
1781923687927,Executor0,Stage0-1-0,0,0,0,0,0,0,0,0
1781923687927,Executor0,Stage0-2-0,0,0,0,0,0,0,0,0
1781923687927,Executor0,Stage0-3-0,0,0,0,0,0,0,0,0
1781923687978,Executor1,Stage1-0-0,0,0,0,0,0,0,0,0
1781923688081,Executor7,Stage1-0-0,0,0,0,0,0,0,0,0
1781923688163,Executor2,Stage1-3-0,0,0,0,0,0,0,0,0
1781923688176,Executor2,Stage1-3-0,0,0,0,0,0,0,0,0
1781923688204,Executor7,Stage1-1-0,0,0,0,0,0,0,0,0
1781923688367,Executor1,Stage1-2-0,0,0,0,0,0,0,0,0
1781923688370,Executor0,Stage0-0-0,0,0,0,0,0,0,0,0
1781923688620,Executor3,Stage1-0-0,0,0,0,0,0,0,0,0
