timestamp,jobId,executorId,taskId,inputReceiveRate,inputRate,outputRate,processingTimeNs,deserTimeNs,inBytes,serializedTimeNs,outBytes
1784664487539,unknown,VM-79,Stage3-1-0,0,156,0,125820,31980,9347,0,0
1784664487547,unknown,VM-78,Stage3-2-0,0,187,0,158122,7064,11240,0,0
1784664488539,unknown,VM-79,Stage3-1-0,0,0,0,0,0,0,0,0
1784664488555,unknown,VM-78,Stage3-2-0,0,0,0,0,0,0,0,0
1784664489539,unknown,VM-79,Stage3-1-0,0,0,0,0,0,0,0,0
1784664489547,unknown,VM-78,Stage3-2-0,0,0,0,0,0,0,0,0
1784664490539,unknown,VM-79,Stage3-1-0,0,0,0,0,0,0,0,0
1784664490547,unknown,VM-78,Stage3-2-0,0,0,0,0,0,0,0,0
1784664491539,unknown,VM-79,Stage3-1-0,0,0,0,0,0,0,0,0
1784664491547,unknown,VM-78,Stage3-2-0,0,0,0,0,0,0,0,0
1784664492539,unknown,VM-79,Stage3-1-0,0,0,0,0,0,0,0,0
1784664492544,unknown,VM-77,Stage2-0-0,0,741,0,257179,156048,135324,0,0
1784664492547,unknown,VM-78,Stage3-2-0,0,0,0,0,0,0,0,0
1784664492562,unknown,VM-76,Stage2-3-0,0,1609,0,470688,25204,221030,0,0
1784664493539,unknown,VM-79,Stage3-1-0,0,0,0,0,0,0,0,0
1784664493544,unknown,VM-77,Stage2-0-0,0,30733,0,884234,74059,2315103,0,0
1784664493547,unknown,VM-78,Stage3-2-0,0,0,0,0,0,0,0,0
1784664493563,unknown,VM-76,Stage2-3-0,0,6280,471,245828,36821,531823,0,0
1784664494539,unknown,VM-79,Stage3-1-0,0,0,0,0,0,0,0,0
1784664494544,unknown,VM-77,Stage2-0-0,0,15018,1138,305325,55905,1228270,0,0
1784664494547,unknown,VM-78,Stage3-2-0,0,0,0,0,0,0,0,0
1784664494563,unknown,VM-76,Stage2-3-0,0,0,0,0,0,0,0,0
1784664495539,unknown,VM-79,Stage3-1-0,0,0,0,0,0,0,0,0
1784664495545,unknown,VM-77,Stage2-0-0,0,0,0,0,0,0,0,0
1784664495547,unknown,VM-78,Stage3-2-0,0,0,0,0,0,0,0,0
1784664495562,unknown,VM-76,Stage2-3-0,0,0,0,0,0,0,0,0
1784664495526,unknown,VM-74,Stage1-3-0,0,0,0,0,0,0,0,0
1784664495551,unknown,VM-75,Stage1-1-0,0,0,0,0,0,0,0,0
1784664496526,unknown,VM-74,Stage1-3-0,0,0,0,0,0,0,0,0
1784664496539,unknown,VM-79,Stage3-1-0,0,0,0,0,0,0,0,0
1784664496545,unknown,VM-77,Stage2-0-0,0,0,0,0,0,0,0,0
1784664496547,unknown,VM-78,Stage3-2-0,0,0,0,0,0,0,0,0
1784664496551,unknown,VM-75,Stage1-1-0,0,12701,12453,262426,223373,1453507,0,0
1784664496563,unknown,VM-76,Stage2-3-0,0,0,0,0,0,0,0,0
1784664496558,unknown,VM-73,Stage1-0-0,0,0,0,0,0,0,0,0
1784664497526,unknown,VM-74,Stage1-3-0,0,0,0,0,0,0,0,0
1784664497539,unknown,VM-79,Stage3-1-0,0,0,0,0,0,0,0,0
1784664497545,unknown,VM-77,Stage2-0-0,0,0,0,0,0,0,0,0
1784664497547,unknown,VM-78,Stage3-2-0,0,0,0,0,0,0,0,0
1784664497550,unknown,VM-75,Stage1-1-0,0,15796,15469,122899,152864,1807822,0,0
1784664497558,unknown,VM-73,Stage1-0-0,0,0,0,0,0,0,0,0
1784664497562,unknown,VM-76,Stage2-3-0,0,0,0,0,0,0,0,0
1784664498525,unknown,VM-74,Stage1-3-0,0,22353,21905,324357,302980,2555351,0,0
1784664498539,unknown,VM-79,Stage3-1-0,0,0,0,0,0,0,0,0
1784664498545,unknown,VM-77,Stage2-0-0,0,0,0,0,0,0,0,0
1784664498547,unknown,VM-78,Stage3-2-0,0,0,0,0,0,0,0,0
1784664498551,unknown,VM-75,Stage1-1-0,0,78410,76790,513205,335245,8962155,0,0
1784664498558,unknown,VM-73,Stage1-0-0,0,37533,36811,358977,380268,4297584,0,0
1784664498563,unknown,VM-76,Stage2-3-0,0,0,0,0,0,0,0,0
1784664499525,unknown,VM-74,Stage1-3-0,0,90859,89066,265335,531782,10371351,0,0
1784664499539,unknown,VM-79,Stage3-1-0,0,0,0,0,0,0,0,0
1784664499545,unknown,VM-77,Stage2-0-0,0,0,0,0,0,0,0,0
1784664499547,unknown,VM-78,Stage3-2-0,0,0,0,0,0,0,0,0
1784664499558,unknown,VM-73,Stage1-0-0,0,107290,105146,303022,526868,12280701,0,0
1784664499563,unknown,VM-76,Stage2-3-0,0,0,0,0,0,0,0,0
1784664499718,unknown,VM-75,Stage1-1-0,0,106488,104404,346313,379340,12131398,0,0
1784664500525,unknown,VM-74,Stage1-3-0,0,178221,174723,359400,396956,20403268,0,0
1784664500539,unknown,VM-79,Stage3-1-0,0,0,0,0,0,0,0,0
1784664500545,unknown,VM-77,Stage2-0-0,0,0,0,0,0,0,0,0
1784664500547,unknown,VM-78,Stage3-2-0,0,0,0,0,0,0,0,0
1784664500558,unknown,VM-73,Stage1-0-0,0,172956,169561,291992,462486,19761211,0,0
1784664500562,unknown,VM-76,Stage2-3-0,0,0,0,0,0,0,0,0
1784664500641,unknown,VM-75,Stage1-1-0,0,161724,158577,290718,510543,18476465,0,0
1784664501525,unknown,VM-74,Stage1-3-0,0,211984,207680,173947,422909,24240801,0,0
1784664501539,unknown,VM-79,Stage3-1-0,0,0,0,0,0,0,0,0
1784664501545,unknown,VM-77,Stage2-0-0,0,0,0,0,0,0,0,0
1784664501547,unknown,VM-78,Stage3-2-0,0,0,0,0,0,0,0,0
1784664501550,unknown,VM-75,Stage1-1-0,0,213017,208868,424660,311970,24335343,0,0
1784664501558,unknown,VM-73,Stage1-0-0,0,207384,203197,226158,426806,23668361,0,0
1784664501563,unknown,VM-76,Stage2-3-0,0,0,0,0,0,0,0,0
1784664502527,unknown,VM-74,Stage1-3-0,0,368578,361137,37671,392759,42162818,0,0
1784664502539,unknown,VM-79,Stage3-1-0,0,0,0,0,0,0,0,0
1784664502545,unknown,VM-77,Stage2-0-0,0,0,0,0,0,0,0,0
1784664502547,unknown,VM-78,Stage3-2-0,0,0,0,0,0,0,0,0
1784664502550,unknown,VM-75,Stage1-1-0,0,317240,310982,287875,258964,36258001,0,0
1784664502563,unknown,VM-76,Stage2-3-0,0,0,0,0,0,0,0,0
1784664502655,unknown,VM-73,Stage1-0-0,0,377249,369700,14624,376429,43063259,0,0
1784664503525,unknown,VM-74,Stage1-3-0,0,292355,286488,49559,421517,33435911,0,0
1784664503539,unknown,VM-79,Stage3-1-0,0,0,0,0,0,0,0,0
1784664503545,unknown,VM-77,Stage2-0-0,0,0,0,0,0,0,0,0
1784664503547,unknown,VM-78,Stage3-2-0,0,0,0,0,0,0,0,0
1784664503551,unknown,VM-75,Stage1-1-0,0,270050,264623,63692,254202,30880634,0,0
1784664503558,unknown,VM-73,Stage1-0-0,0,264438,259203,89767,409825,30193496,0,0
1784664503563,unknown,VM-76,Stage2-3-0,0,0,0,0,0,0,0,0
1784664504525,unknown,VM-74,Stage1-3-0,0,55970,54837,80108,42798,6405209,0,0
1784664504539,unknown,VM-79,Stage3-1-0,0,0,0,0,0,0,0,0
1784664504545,unknown,VM-77,Stage2-0-0,0,0,0,0,0,0,0,0
1784664504547,unknown,VM-78,Stage3-2-0,0,0,0,0,0,0,0,0
1784664504551,unknown,VM-75,Stage1-1-0,0,49486,48525,77022,49313,5659266,0,0
1784664504558,unknown,VM-73,Stage1-0-0,0,53624,52553,94502,55903,6115372,0,0
1784664504563,unknown,VM-76,Stage2-3-0,0,0,0,0,0,0,0,0
1784664505525,unknown,VM-74,Stage1-3-0,0,59870,58698,53172,231434,6836257,0,0
1784664505539,unknown,VM-79,Stage3-1-0,0,0,0,0,0,0,0,0
1784664505545,unknown,VM-77,Stage2-0-0,0,0,0,0,0,0,0,0
1784664505547,unknown,VM-78,Stage3-2-0,0,0,0,0,0,0,0,0
1784664505551,unknown,VM-75,Stage1-1-0,0,59447,58239,236760,61903,6801031,0,0
1784664505558,unknown,VM-73,Stage1-0-0,0,67474,66137,266948,47557,7713319,0,0
1784664505563,unknown,VM-76,Stage2-3-0,0,0,0,0,0,0,0,0
1784664506525,unknown,VM-74,Stage1-3-0,0,63453,62192,130419,88383,7252820,0,0
1784664506539,unknown,VM-79,Stage3-1-0,0,0,0,0,0,0,0,0
1784664506545,unknown,VM-77,Stage2-0-0,0,0,0,0,0,0,0,0
1784664506547,unknown,VM-78,Stage3-2-0,0,0,0,0,0,0,0,0
1784664506551,unknown,VM-75,Stage1-1-0,0,62356,61082,114883,104396,7126205,0,0
1784664506558,unknown,VM-73,Stage1-0-0,0,68469,67068,106939,85074,7823269,0,0
1784664506563,unknown,VM-76,Stage2-3-0,0,0,0,0,0,0,0,0
1784664507525,unknown,VM-74,Stage1-3-0,0,35682,35042,65412,43638,4089886,0,0
1784664507539,unknown,VM-79,Stage3-1-0,0,0,0,0,0,0,0,0
1784664507545,unknown,VM-77,Stage2-0-0,0,0,0,0,0,0,0,0
1784664507547,unknown,VM-78,Stage3-2-0,0,0,0,0,0,0,0,0
1784664507551,unknown,VM-75,Stage1-1-0,0,27024,26481,84601,27996,3085096,0,0
1784664507558,unknown,VM-73,Stage1-0-0,0,35074,34347,59841,38326,4002573,0,0
1784664507562,unknown,VM-76,Stage2-3-0,0,0,0,0,0,0,0,0
1784664508525,unknown,VM-74,Stage1-3-0,0,59601,58364,234777,53645,6823300,0,0
1784664508539,unknown,VM-79,Stage3-1-0,0,0,0,0,0,0,0,0
1784664508545,unknown,VM-77,Stage2-0-0,0,0,0,0,0,0,0,0
1784664508547,unknown,VM-78,Stage3-2-0,0,0,0,0,0,0,0,0
1784664508550,unknown,VM-75,Stage1-1-0,0,70764,69324,113012,229737,8096586,0,0
1784664508562,unknown,VM-76,Stage2-3-0,0,0,0,0,0,0,0,0
1784664508633,unknown,VM-73,Stage1-0-0,0,26597,26047,27419,3086,3041512,0,0
1784664509525,unknown,VM-74,Stage1-3-0,0,53948,52852,77901,72953,6159489,0,0
1784664509539,unknown,VM-79,Stage3-1-0,0,0,0,0,0,0,0,0
1784664509545,unknown,VM-77,Stage2-0-0,0,0,0,0,0,0,0,0
1784664509547,unknown,VM-78,Stage3-2-0,0,0,0,0,0,0,0,0
1784664509550,unknown,VM-75,Stage1-1-0,0,57849,56714,80568,51876,6618813,0,0
1784664509558,unknown,VM-73,Stage1-0-0,0,89542,87787,75869,35841,10225624,0,0
1784664509562,unknown,VM-76,Stage2-3-0,0,0,0,0,0,0,0,0
1784664510525,unknown,VM-74,Stage1-3-0,0,58482,57326,95983,53625,6678939,0,0
1784664510539,unknown,VM-79,Stage3-1-0,0,0,0,0,0,0,0,0
1784664510545,unknown,VM-77,Stage2-0-0,0,0,0,0,0,0,0,0
1784664510547,unknown,VM-78,Stage3-2-0,0,0,0,0,0,0,0,0
1784664510551,unknown,VM-75,Stage1-1-0,0,60486,59257,85409,53385,6917469,0,0
1784664510558,unknown,VM-73,Stage1-0-0,0,57026,55889,77659,44857,6524025,0,0
1784664510563,unknown,VM-76,Stage2-3-0,0,0,0,0,0,0,0,0
1784664511525,unknown,VM-74,Stage1-3-0,0,52522,51495,54534,228686,6010806,0,0
1784664511539,unknown,VM-79,Stage3-1-0,0,0,0,0,0,0,0,0
1784664511545,unknown,VM-77,Stage2-0-0,0,0,0,0,0,0,0,0
1784664511547,unknown,VM-78,Stage3-2-0,0,0,0,0,0,0,0,0
1784664511550,unknown,VM-75,Stage1-1-0,0,54817,53731,240519,47548,6252216,0,0
1784664511558,unknown,VM-73,Stage1-0-0,0,51772,50719,69895,208524,5911396,0,0
1784664511563,unknown,VM-76,Stage2-3-0,0,0,0,0,0,0,0,0
1784664512525,unknown,VM-74,Stage1-3-0,0,54571,53422,82957,86063,6236941,0,0
1784664512539,unknown,VM-79,Stage3-1-0,0,0,0,0,0,0,0,0
1784664512545,unknown,VM-77,Stage2-0-0,0,0,0,0,0,0,0,0
1784664512547,unknown,VM-78,Stage3-2-0,0,0,0,0,0,0,0,0
1784664512550,unknown,VM-75,Stage1-1-0,0,59480,58301,56588,50115,6790552,0,0
1784664512558,unknown,VM-73,Stage1-0-0,0,63305,62105,89972,43057,7227023,0,0
1784664512562,unknown,VM-76,Stage2-3-0,0,0,0,0,0,0,0,0
1784664513525,unknown,VM-74,Stage1-3-0,0,57921,56774,92117,78481,6620481,0,0
1784664513539,unknown,VM-79,Stage3-1-0,0,0,0,0,0,0,0,0
1784664513545,unknown,VM-77,Stage2-0-0,0,0,0,0,0,0,0,0
1784664513547,unknown,VM-78,Stage3-2-0,0,0,0,0,0,0,0,0
1784664513551,unknown,VM-75,Stage1-1-0,0,47060,46090,97493,43114,5379918,0,0
1784664513558,unknown,VM-73,Stage1-0-0,0,52516,51491,87431,36821,6012099,0,0
1784664513562,unknown,VM-76,Stage2-3-0,0,0,0,0,0,0,0,0
1784664514525,unknown,VM-74,Stage1-3-0,0,64756,63453,228865,46757,7416717,0,0
1784664514539,unknown,VM-79,Stage3-1-0,0,0,0,0,0,0,0,0
1784664514545,unknown,VM-77,Stage2-0-0,0,0,0,0,0,0,0,0
1784664514547,unknown,VM-78,Stage3-2-0,0,0,0,0,0,0,0,0
1784664514551,unknown,VM-75,Stage1-1-0,0,67022,65710,67917,230255,7679688,0,0
1784664514558,unknown,VM-73,Stage1-0-0,0,51975,50903,82599,217864,5922684,0,0
1784664514562,unknown,VM-76,Stage2-3-0,0,0,0,0,0,0,0,0
1784664515525,unknown,VM-74,Stage1-3-0,0,56680,55592,84758,52150,6466878,0,0
1784664515539,unknown,VM-79,Stage3-1-0,0,0,0,0,0,0,0,0
1784664515545,unknown,VM-77,Stage2-0-0,0,0,0,0,0,0,0,0
1784664515547,unknown,VM-78,Stage3-2-0,0,0,0,0,0,0,0,0
1784664515551,unknown,VM-75,Stage1-1-0,0,42565,41683,98548,35636,4882084,0,0
1784664515558,unknown,VM-73,Stage1-0-0,0,64293,63025,83599,57069,7330867,0,0
1784664515562,unknown,VM-76,Stage2-3-0,0,0,0,0,0,0,0,0
1784664516539,unknown,VM-79,Stage3-1-0,0,0,0,0,0,0,0,0
1784664516545,unknown,VM-77,Stage2-0-0,0,0,0,0,0,0,0,0
1784664516547,unknown,VM-78,Stage3-2-0,0,0,0,0,0,0,0,0
1784664516550,unknown,VM-75,Stage1-1-0,0,65044,63708,93685,57784,7451704,0,0
1784664516558,unknown,VM-73,Stage1-0-0,0,58083,56915,78715,40802,6626952,0,0
1784664516562,unknown,VM-76,Stage2-3-0,0,0,0,0,0,0,0,0
1784664516711,unknown,VM-74,Stage1-3-0,0,49897,48867,84471,49004,5696318,0,0
1784664517525,unknown,VM-74,Stage1-3-0,0,58147,56934,45922,227153,6659959,0,0
1784664517539,unknown,VM-79,Stage3-1-0,0,0,0,0,0,0,0,0
1784664517545,unknown,VM-77,Stage2-0-0,0,0,0,0,0,0,0,0
1784664517547,unknown,VM-78,Stage3-2-0,0,0,0,0,0,0,0,0
1784664517550,unknown,VM-75,Stage1-1-0,0,58576,57465,65756,227548,6672680,0,0
1784664517562,unknown,VM-76,Stage2-3-0,0,0,0,0,0,0,0,0
1784664517653,unknown,VM-73,Stage1-0-0,0,17525,17180,21365,6844,1998815,0,0
1784664518525,unknown,VM-74,Stage1-3-0,0,53152,52067,77237,53613,6083129,0,0
1784664518539,unknown,VM-79,Stage3-1-0,0,0,0,0,0,0,0,0
1784664518545,unknown,VM-77,Stage2-0-0,0,0,0,0,0,0,0,0
1784664518547,unknown,VM-78,Stage3-2-0,0,0,0,0,0,0,0,0
1784664518550,unknown,VM-75,Stage1-1-0,0,51439,50426,73238,54392,5882945,0,0
1784664518558,unknown,VM-73,Stage1-0-0,0,91896,90095,290049,40239,10492630,0,0
1784664518562,unknown,VM-76,Stage2-3-0,0,0,0,0,0,0,0,0
1784664519525,unknown,VM-74,Stage1-3-0,0,42491,41628,68300,51862,4858715,0,0
1784664519539,unknown,VM-79,Stage3-1-0,0,0,0,0,0,0,0,0
1784664519545,unknown,VM-77,Stage2-0-0,0,0,0,0,0,0,0,0
1784664519547,unknown,VM-78,Stage3-2-0,0,0,0,0,0,0,0,0
1784664519550,unknown,VM-75,Stage1-1-0,0,39731,38927,66969,40489,4543136,0,0
1784664519558,unknown,VM-73,Stage1-0-0,0,34732,34044,57727,34870,3968245,0,0
1784664519562,unknown,VM-76,Stage2-3-0,0,0,0,0,0,0,0,0
1784664520525,unknown,VM-74,Stage1-3-0,0,48034,47052,59766,244193,5503151,0,0
1784664520539,unknown,VM-79,Stage3-1-0,0,0,0,0,0,0,0,0
1784664520545,unknown,VM-77,Stage2-0-0,0,0,0,0,0,0,0,0
1784664520547,unknown,VM-78,Stage3-2-0,0,0,0,0,0,0,0,0
1784664520550,unknown,VM-75,Stage1-1-0,0,62714,61450,253138,57925,7174189,0,0
1784664520563,unknown,VM-76,Stage2-3-0,0,0,0,0,0,0,0,0
1784664520690,unknown,VM-73,Stage1-0-0,0,41595,40819,63923,28562,4744793,0,0
1784664521525,unknown,VM-74,Stage1-3-0,0,60901,59663,83896,63389,6943095,0,0
1784664521539,unknown,VM-79,Stage3-1-0,0,0,0,0,0,0,0,0
1784664521545,unknown,VM-77,Stage2-0-0,0,0,0,0,0,0,0,0
1784664521547,unknown,VM-78,Stage3-2-0,0,0,0,0,0,0,0,0
1784664521551,unknown,VM-75,Stage1-1-0,0,47173,46225,74683,48539,5384545,0,0
1784664521558,unknown,VM-73,Stage1-0-0,0,71785,70379,60769,242963,8222269,0,0
1784664521562,unknown,VM-76,Stage2-3-0,0,0,0,0,0,0,0,0
1784664522525,unknown,VM-74,Stage1-3-0,0,49489,48489,78709,53576,5657835,0,0
1784664522539,unknown,VM-79,Stage3-1-0,0,0,0,0,0,0,0,0
1784664522545,unknown,VM-77,Stage2-0-0,0,0,0,0,0,0,0,0
1784664522547,unknown,VM-78,Stage3-2-0,0,0,0,0,0,0,0,0
1784664522550,unknown,VM-75,Stage1-1-0,0,36273,35543,112758,38268,4136711,0,0
1784664522558,unknown,VM-73,Stage1-0-0,0,49497,48496,75439,40467,5657695,0,0
1784664522562,unknown,VM-76,Stage2-3-0,0,0,0,0,0,0,0,0
1784664523525,unknown,VM-74,Stage1-3-0,0,50957,49939,67054,226239,5811398,0,0
1784664523539,unknown,VM-79,Stage3-1-0,0,0,0,0,0,0,0,0
1784664523545,unknown,VM-77,Stage2-0-0,0,0,0,0,0,0,0,0
1784664523547,unknown,VM-78,Stage3-2-0,0,0,0,0,0,0,0,0
1784664523558,unknown,VM-73,Stage1-0-0,0,31210,30593,83769,50812,3566268,0,0
1784664523562,unknown,VM-76,Stage2-3-0,0,0,0,0,0,0,0,0
1784664523690,unknown,VM-75,Stage1-1-0,0,46483,45543,68767,28050,5317698,0,0
1784664524525,unknown,VM-74,Stage1-3-0,0,46536,45613,83791,49533,5300226,0,0
1784664524539,unknown,VM-79,Stage3-1-0,0,0,0,0,0,0,0,0
1784664524545,unknown,VM-77,Stage2-0-0,0,0,0,0,0,0,0,0
1784664524547,unknown,VM-78,Stage3-2-0,0,0,0,0,0,0,0,0
1784664524550,unknown,VM-75,Stage1-1-0,0,64226,62927,69093,244707,7360258,0,0
1784664524558,unknown,VM-73,Stage1-0-0,0,70040,68622,256792,52104,8001884,0,0
1784664524562,unknown,VM-76,Stage2-3-0,0,0,0,0,0,0,0,0
1784664525525,unknown,VM-74,Stage1-3-0,0,55391,54265,83628,56218,6330145,0,0
1784664525539,unknown,VM-79,Stage3-1-0,0,0,0,0,0,0,0,0
1784664525545,unknown,VM-77,Stage2-0-0,0,0,0,0,0,0,0,0
1784664525547,unknown,VM-78,Stage3-2-0,0,0,0,0,0,0,0,0
1784664525550,unknown,VM-75,Stage1-1-0,0,59666,58470,83761,79029,6813970,0,0
1784664525558,unknown,VM-73,Stage1-0-0,0,52447,51390,81576,38706,6012294,0,0
1784664525562,unknown,VM-76,Stage2-3-0,0,0,0,0,0,0,0,0
1784664526539,unknown,VM-79,Stage3-1-0,0,0,0,0,0,0,0,0
1784664526545,unknown,VM-77,Stage2-0-0,0,0,0,0,0,0,0,0
1784664526547,unknown,VM-78,Stage3-2-0,0,0,0,0,0,0,0,0
1784664526558,unknown,VM-73,Stage1-0-0,0,43881,42983,61363,65121,5018449,0,0
1784664526562,unknown,VM-76,Stage2-3-0,0,0,0,0,0,0,0,0
1784664526662,unknown,VM-74,Stage1-3-0,0,33263,32616,58473,24999,3796279,0,0
1784664526712,unknown,VM-75,Stage1-1-0,0,44647,43759,78184,41096,5090287,0,0
1784664527525,unknown,VM-74,Stage1-3-0,0,63927,62611,48146,255343,7302665,0,0
1784664527539,unknown,VM-79,Stage3-1-0,0,0,0,0,0,0,0,0
1784664527545,unknown,VM-77,Stage2-0-0,0,0,0,0,0,0,0,0
1784664527547,unknown,VM-78,Stage3-2-0,0,0,0,0,0,0,0,0
1784664527550,unknown,VM-75,Stage1-1-0,0,41076,40260,64739,232598,4689554,0,0
1784664527563,unknown,VM-76,Stage2-3-0,0,0,0,0,0,0,0,0
1784664527675,unknown,VM-73,Stage1-0-0,0,20205,19799,51905,7555,2309931,0,0
1784664528525,unknown,VM-74,Stage1-3-0,0,47782,46838,88829,50927,5469412,0,0
1784664528539,unknown,VM-79,Stage3-1-0,0,0,0,0,0,0,0,0
1784664528545,unknown,VM-77,Stage2-0-0,0,0,0,0,0,0,0,0
1784664528547,unknown,VM-78,Stage3-2-0,0,0,0,0,0,0,0,0
1784664528551,unknown,VM-75,Stage1-1-0,0,62082,60848,79063,51489,7091002,0,0
1784664528558,unknown,VM-73,Stage1-0-0,0,84845,83111,59711,42462,9701462,0,0
1784664528562,unknown,VM-76,Stage2-3-0,0,0,0,0,0,0,0,0
1784664529525,unknown,VM-74,Stage1-3-0,0,49341,48363,86496,52317,5657285,0,0
1784664529539,unknown,VM-79,Stage3-1-0,0,0,0,0,0,0,0,0
1784664529545,unknown,VM-77,Stage2-0-0,0,0,0,0,0,0,0,0
1784664529547,unknown,VM-78,Stage3-2-0,0,0,0,0,0,0,0,0
1784664529551,unknown,VM-75,Stage1-1-0,0,42981,42162,82128,45769,4900287,0,0
1784664529558,unknown,VM-73,Stage1-0-0,0,47620,46648,71069,43146,5434803,0,0
1784664529563,unknown,VM-76,Stage2-3-0,0,0,0,0,0,0,0,0
1784664530525,unknown,VM-74,Stage1-3-0,0,56585,55485,48068,223936,6458742,0,0
1784664530539,unknown,VM-79,Stage3-1-0,0,0,0,0,0,0,0,0
1784664530545,unknown,VM-77,Stage2-0-0,0,0,0,0,0,0,0,0
1784664530547,unknown,VM-78,Stage3-2-0,0,0,0,0,0,0,0,0
1784664530550,unknown,VM-75,Stage1-1-0,0,59345,58107,78025,222224,6791098,0,0
1784664530563,unknown,VM-76,Stage2-3-0,0,0,0,0,0,0,0,0
1784664530728,unknown,VM-73,Stage1-0-0,0,36149,35412,86227,46509,4126720,0,0
1784664531525,unknown,VM-74,Stage1-3-0,0,36848,36115,74853,60172,4220984,0,0
1784664531539,unknown,VM-79,Stage3-1-0,0,0,0,0,0,0,0,0
1784664531545,unknown,VM-77,Stage2-0-0,0,0,0,0,0,0,0,0
1784664531547,unknown,VM-78,Stage3-2-0,0,0,0,0,0,0,0,0
1784664531551,unknown,VM-75,Stage1-1-0,0,46487,45582,71043,50957,5308173,0,0
1784664531558,unknown,VM-73,Stage1-0-0,0,61001,59807,244866,39597,6961660,0,0
1784664531562,unknown,VM-76,Stage2-3-0,0,0,0,0,0,0,0,0
1784664532525,unknown,VM-74,Stage1-3-0,0,57990,56807,111625,48901,6621394,0,0
1784664532539,unknown,VM-79,Stage3-1-0,0,0,0,0,0,0,0,0
1784664532545,unknown,VM-77,Stage2-0-0,0,0,0,0,0,0,0,0
1784664532547,unknown,VM-78,Stage3-2-0,0,0,0,0,0,0,0,0
1784664532550,unknown,VM-75,Stage1-1-0,0,51376,50377,77799,53420,5875377,0,0
1784664532558,unknown,VM-73,Stage1-0-0,0,49151,48133,77081,57716,5627819,0,0
1784664532562,unknown,VM-76,Stage2-3-0,0,0,0,0,0,0,0,0
1784664533525,unknown,VM-74,Stage1-3-0,0,53401,52390,239703,52733,6093643,0,0
1784664533539,unknown,VM-79,Stage3-1-0,0,0,0,0,0,0,0,0
1784664533545,unknown,VM-77,Stage2-0-0,0,0,0,0,0,0,0,0
1784664533547,unknown,VM-78,Stage3-2-0,0,0,0,0,0,0,0,0
1784664533558,unknown,VM-73,Stage1-0-0,0,55652,54467,80630,43717,6375614,0,0
1784664533562,unknown,VM-76,Stage2-3-0,0,0,0,0,0,0,0,0
1784664533693,unknown,VM-75,Stage1-1-0,0,30874,30240,53093,28943,3524279,0,0
1784664534525,unknown,VM-74,Stage1-3-0,0,47301,46360,75041,56039,5402206,0,0
1784664534539,unknown,VM-79,Stage3-1-0,0,0,0,0,0,0,0,0
1784664534545,unknown,VM-77,Stage2-0-0,0,0,0,0,0,0,0,0
1784664534547,unknown,VM-78,Stage3-2-0,0,0,0,0,0,0,0,0
1784664534550,unknown,VM-75,Stage1-1-0,0,63186,61850,64335,249397,7211319,0,0
1784664534558,unknown,VM-73,Stage1-0-0,0,46539,45649,60690,206771,5324175,0,0
1784664534562,unknown,VM-76,Stage2-3-0,0,0,0,0,0,0,0,0
1784664535525,unknown,VM-74,Stage1-3-0,0,54929,53811,77230,56546,6271111,0,0
1784664535539,unknown,VM-79,Stage3-1-0,0,0,0,0,0,0,0,0
1784664535545,unknown,VM-77,Stage2-0-0,0,0,0,0,0,0,0,0
1784664535547,unknown,VM-78,Stage3-2-0,0,0,0,0,0,0,0,0
1784664535550,unknown,VM-75,Stage1-1-0,0,39868,39074,80368,52171,4553249,0,0
1784664535558,unknown,VM-73,Stage1-0-0,0,57200,56033,78630,41086,6543344,0,0
1784664535562,unknown,VM-76,Stage2-3-0,0,0,0,0,0,0,0,0
1784664536539,unknown,VM-79,Stage3-1-0,0,0,0,0,0,0,0,0
1784664536545,unknown,VM-77,Stage2-0-0,0,0,0,0,0,0,0,0
1784664536547,unknown,VM-78,Stage3-2-0,0,0,0,0,0,0,0,0
1784664536558,unknown,VM-73,Stage1-0-0,0,47708,46753,68907,40465,5452418,0,0
1784664536562,unknown,VM-76,Stage2-3-0,0,0,0,0,0,0,0,0
1784664536657,unknown,VM-74,Stage1-3-0,0,28957,28394,43330,32641,3307530,0,0
1784664536758,unknown,VM-75,Stage1-1-0,0,80729,79083,82236,252049,9233636,0,0
1784664537525,unknown,VM-74,Stage1-3-0,0,60758,59594,282713,34457,6941021,0,0
1784664537539,unknown,VM-79,Stage3-1-0,0,0,0,0,0,0,0,0
1784664537545,unknown,VM-77,Stage2-0-0,0,0,0,0,0,0,0,0
1784664537547,unknown,VM-78,Stage3-2-0,0,0,0,0,0,0,0,0
1784664537550,unknown,VM-75,Stage1-1-0,0,36616,35882,52380,46022,4195198,0,0
1784664537562,unknown,VM-76,Stage2-3-0,0,0,0,0,0,0,0,0
1784664537675,unknown,VM-73,Stage1-0-0,0,19491,19129,32479,14019,2232107,0,0
1784664538525,unknown,VM-74,Stage1-3-0,0,57324,56200,100294,52761,6545930,0,0
1784664538539,unknown,VM-79,Stage3-1-0,0,0,0,0,0,0,0,0
1784664538545,unknown,VM-77,Stage2-0-0,0,0,0,0,0,0,0,0
1784664538547,unknown,VM-78,Stage3-2-0,0,0,0,0,0,0,0,0
1784664538550,unknown,VM-75,Stage1-1-0,0,48944,47962,76065,47903,5584564,0,0
1784664538558,unknown,VM-73,Stage1-0-0,0,78634,77022,279517,46868,9002936,0,0
1784664538562,unknown,VM-76,Stage2-3-0,0,0,0,0,0,0,0,0
1784664539539,unknown,VM-79,Stage3-1-0,0,0,0,0,0,0,0,0
1784664539545,unknown,VM-77,Stage2-0-0,0,0,0,0,0,0,0,0
1784664539547,unknown,VM-78,Stage3-2-0,0,0,0,0,0,0,0,0
1784664539551,unknown,VM-75,Stage1-1-0,0,49610,48644,68262,57742,5659926,0,0
1784664539558,unknown,VM-73,Stage1-0-0,0,51240,50232,70690,43063,5859569,0,0
1784664539563,unknown,VM-76,Stage2-3-0,0,0,0,0,0,0,0,0
1784664539706,unknown,VM-74,Stage1-3-0,0,46597,45661,70322,58835,5331323,0,0
1784664540525,unknown,VM-74,Stage1-3-0,0,54795,53702,46342,226694,6269961,0,0
1784664540539,unknown,VM-79,Stage3-1-0,0,0,0,0,0,0,0,0
1784664540545,unknown,VM-77,Stage2-0-0,0,0,0,0,0,0,0,0
1784664540547,unknown,VM-78,Stage3-2-0,0,0,0,0,0,0,0,0
1784664540551,unknown,VM-75,Stage1-1-0,0,45842,44906,253724,43911,5260258,0,0
1784664540563,unknown,VM-76,Stage2-3-0,0,0,0,0,0,0,0,0
1784664540678,unknown,VM-73,Stage1-0-0,0,38956,38151,48460,42038,4446241,0,0
1784664541525,unknown,VM-74,Stage1-3-0,0,48507,47577,81662,51789,5544636,0,0
1784664541539,unknown,VM-79,Stage3-1-0,0,0,0,0,0,0,0,0
1784664541545,unknown,VM-77,Stage2-0-0,0,0,0,0,0,0,0,0
1784664541547,unknown,VM-78,Stage3-2-0,0,0,0,0,0,0,0,0
1784664541550,unknown,VM-75,Stage1-1-0,0,56252,55168,83200,50077,6427633,0,0
1784664541558,unknown,VM-73,Stage1-0-0,0,62588,61335,219163,40429,7153122,0,0
1784664541563,unknown,VM-76,Stage2-3-0,0,0,0,0,0,0,0,0
1784664542525,unknown,VM-74,Stage1-3-0,0,50544,49538,71931,56139,5787617,0,0
1784664542539,unknown,VM-79,Stage3-1-0,0,0,0,0,0,0,0,0
1784664542545,unknown,VM-77,Stage2-0-0,0,0,0,0,0,0,0,0
1784664542547,unknown,VM-78,Stage3-2-0,0,0,0,0,0,0,0,0
1784664542550,unknown,VM-75,Stage1-1-0,0,45432,44484,84643,39422,5175915,0,0
1784664542558,unknown,VM-73,Stage1-0-0,0,48022,47094,70270,39735,5492160,0,0
1784664542563,unknown,VM-76,Stage2-3-0,0,0,0,0,0,0,0,0
1784664543525,unknown,VM-74,Stage1-3-0,0,49186,48204,230369,51052,5615001,0,0
1784664543539,unknown,VM-79,Stage3-1-0,0,0,0,0,0,0,0,0
1784664543545,unknown,VM-77,Stage2-0-0,0,0,0,0,0,0,0,0
1784664543547,unknown,VM-78,Stage3-2-0,0,0,0,0,0,0,0,0
1784664543558,unknown,VM-73,Stage1-0-0,0,50052,49035,74534,41091,5711934,0,0
1784664543562,unknown,VM-76,Stage2-3-0,0,0,0,0,0,0,0,0
1784664543704,unknown,VM-75,Stage1-1-0,0,35388,34706,68173,30270,4039435,0,0
1784664544525,unknown,VM-74,Stage1-3-0,0,48885,47884,83162,53747,5581303,0,0
1784664544539,unknown,VM-79,Stage3-1-0,0,0,0,0,0,0,0,0
1784664544545,unknown,VM-77,Stage2-0-0,0,0,0,0,0,0,0,0
1784664544547,unknown,VM-78,Stage3-2-0,0,0,0,0,0,0,0,0
1784664544550,unknown,VM-75,Stage1-1-0,0,70078,68694,55555,248136,8022490,0,0
1784664544558,unknown,VM-73,Stage1-0-0,0,51951,50907,72168,212147,5930475,0,0
1784664544563,unknown,VM-76,Stage2-3-0,0,0,0,0,0,0,0,0
1784664545525,unknown,VM-74,Stage1-3-0,0,47345,46415,73229,62333,5410994,0,0
1784664545539,unknown,VM-79,Stage3-1-0,0,0,0,0,0,0,0,0
1784664545545,unknown,VM-77,Stage2-0-0,0,0,0,0,0,0,0,0
1784664545547,unknown,VM-78,Stage3-2-0,0,0,0,0,0,0,0,0
1784664545550,unknown,VM-75,Stage1-1-0,0,49236,48297,72089,51218,5625725,0,0
1784664545558,unknown,VM-73,Stage1-0-0,0,48556,47585,70551,41112,5545868,0,0
1784664545563,unknown,VM-76,Stage2-3-0,0,0,0,0,0,0,0,0
1784664546539,unknown,VM-79,Stage3-1-0,0,0,0,0,0,0,0,0
1784664546545,unknown,VM-77,Stage2-0-0,0,0,0,0,0,0,0,0
1784664546547,unknown,VM-78,Stage3-2-0,0,0,0,0,0,0,0,0
1784664546558,unknown,VM-73,Stage1-0-0,0,31749,31099,77516,52233,3626450,0,0
1784664546563,unknown,VM-76,Stage2-3-0,0,0,0,0,0,0,0,0
1784664547539,unknown,VM-79,Stage3-1-0,0,0,0,0,0,0,0,0
1784664547545,unknown,VM-77,Stage2-0-0,0,0,0,0,0,0,0,0
1784664547547,unknown,VM-78,Stage3-2-0,0,0,0,0,0,0,0,0
1784664547563,unknown,VM-76,Stage2-3-0,0,0,0,0,0,0,0,0
1784664548539,unknown,VM-79,Stage3-1-0,0,0,0,0,0,0,0,0
1784664548545,unknown,VM-77,Stage2-0-0,0,0,0,0,0,0,0,0
1784664548547,unknown,VM-78,Stage3-2-0,0,0,0,0,0,0,0,0
1784664548562,unknown,VM-76,Stage2-3-0,0,0,0,0,0,0,0,0
1784664548863,unknown,VM-74,Stage1-3-0,0,33992,33289,42921,26679,3881931,0,0
1784664548863,unknown,VM-74,Stage1-3-0,0,0,0,0,0,0,0,0
1784664548863,unknown,VM-74,Stage1-3-0,0,0,0,0,0,0,0,0
1784664548995,unknown,VM-75,Stage1-1-0,0,56209,55107,2505221,50912,6415861,0,0
1784664548996,unknown,VM-75,Stage1-1-0,0,0,0,0,0,0,0,0
1784664548996,unknown,VM-75,Stage1-1-0,0,0,0,0,0,0,0,0
1784664549525,unknown,VM-74,Stage1-3-0,0,189450,185700,76302,2498298,21662696,0,0
1784664549539,unknown,VM-79,Stage3-1-0,0,0,0,0,0,0,0,0
1784664549545,unknown,VM-77,Stage2-0-0,0,0,0,0,0,0,0,0
1784664549547,unknown,VM-78,Stage3-2-0,0,0,0,0,0,0,0,0
1784664549551,unknown,VM-75,Stage1-1-0,0,161187,158044,89202,52806,18424495,0,0
1784664549562,unknown,VM-76,Stage2-3-0,0,0,0,0,0,0,0,0
1784664549948,unknown,VM-73,Stage1-0-0,0,44751,43811,57286,27011,5125440,0,0
1784664549949,unknown,VM-73,Stage1-0-0,0,0,0,0,0,0,0,0
1784664549949,unknown,VM-73,Stage1-0-0,0,0,0,0,0,0,0,0
1784664550525,unknown,VM-74,Stage1-3-0,0,23404,22921,52367,43253,2684699,0,0
1784664550539,unknown,VM-79,Stage3-1-0,0,0,0,0,0,0,0,0
1784664550545,unknown,VM-77,Stage2-0-0,0,0,0,0,0,0,0,0
1784664550547,unknown,VM-78,Stage3-2-0,0,0,0,0,0,0,0,0
1784664550551,unknown,VM-75,Stage1-1-0,0,25546,25045,60837,38049,2905627,0,0
1784664550558,unknown,VM-73,Stage1-0-0,0,186809,183062,90638,2506503,21326023,0,0
1784664550563,unknown,VM-76,Stage2-3-0,0,0,0,0,0,0,0,0
1784664551525,unknown,VM-74,Stage1-3-0,0,49650,48626,86105,113564,5694680,0,0
1784664551539,unknown,VM-79,Stage3-1-0,0,0,0,0,0,0,0,0
1784664551545,unknown,VM-77,Stage2-0-0,0,0,0,0,0,0,0,0
1784664551547,unknown,VM-78,Stage3-2-0,0,0,0,0,0,0,0,0
1784664551551,unknown,VM-75,Stage1-1-0,0,42940,42109,86906,75938,4897637,0,0
1784664551558,unknown,VM-73,Stage1-0-0,0,26383,25878,79899,33762,3019084,0,0
1784664551563,unknown,VM-76,Stage2-3-0,0,0,0,0,0,0,0,0
1784664552525,unknown,VM-74,Stage1-3-0,0,50484,49438,303118,52039,5768789,0,0
1784664552539,unknown,VM-79,Stage3-1-0,0,0,0,0,0,0,0,0
1784664552545,unknown,VM-77,Stage2-0-0,0,0,0,0,0,0,0,0
1784664552547,unknown,VM-78,Stage3-2-0,0,0,0,0,0,0,0,0
1784664552558,unknown,VM-73,Stage1-0-0,0,39754,38927,81018,77743,4554243,0,0
1784664552562,unknown,VM-76,Stage2-3-0,0,0,0,0,0,0,0,0
1784664552768,unknown,VM-75,Stage1-1-0,0,45657,44740,85858,86635,5224561,0,0
1784664553525,unknown,VM-74,Stage1-3-0,0,55635,54483,99270,50011,6372376,0,0
1784664553539,unknown,VM-79,Stage3-1-0,0,0,0,0,0,0,0,0
1784664553545,unknown,VM-77,Stage2-0-0,0,0,0,0,0,0,0,0
1784664553547,unknown,VM-78,Stage3-2-0,0,0,0,0,0,0,0,0
1784664553551,unknown,VM-75,Stage1-1-0,0,56093,55008,46425,278594,6399225,0,0
1784664553558,unknown,VM-73,Stage1-0-0,0,74460,72924,612278,76990,8516716,0,0
1784664553562,unknown,VM-76,Stage2-3-0,0,0,0,0,0,0,0,0
1784664554525,unknown,VM-74,Stage1-3-0,0,49582,48602,81802,52413,5669421,0,0
1784664554539,unknown,VM-79,Stage3-1-0,0,0,0,0,0,0,0,0
1784664554545,unknown,VM-77,Stage2-0-0,0,0,0,0,0,0,0,0
1784664554547,unknown,VM-78,Stage3-2-0,0,0,0,0,0,0,0,0
1784664554551,unknown,VM-75,Stage1-1-0,0,56813,55704,88505,72576,6483523,0,0
1784664554558,unknown,VM-73,Stage1-0-0,0,44750,43863,84662,39414,5119916,0,0
1784664554562,unknown,VM-76,Stage2-3-0,0,0,0,0,0,0,0,0
1784664555525,unknown,VM-74,Stage1-3-0,0,50645,49606,76226,54813,5783061,0,0
1784664555539,unknown,VM-79,Stage3-1-0,0,0,0,0,0,0,0,0
1784664555545,unknown,VM-77,Stage2-0-0,0,0,0,0,0,0,0,0
1784664555547,unknown,VM-78,Stage3-2-0,0,0,0,0,0,0,0,0
1784664555550,unknown,VM-75,Stage1-1-0,0,42379,41557,90603,54080,4841329,0,0
1784664555558,unknown,VM-73,Stage1-0-0,0,51817,50768,72282,41091,5919637,0,0
1784664555562,unknown,VM-76,Stage2-3-0,0,0,0,0,0,0,0,0
1784664556525,unknown,VM-74,Stage1-3-0,0,48309,47307,73247,49982,5524208,0,0
1784664556539,unknown,VM-79,Stage3-1-0,0,0,0,0,0,0,0,0
1784664556545,unknown,VM-77,Stage2-0-0,0,0,0,0,0,0,0,0
1784664556547,unknown,VM-78,Stage3-2-0,0,0,0,0,0,0,0,0
1784664556550,unknown,VM-75,Stage1-1-0,0,56339,55255,84370,43609,6426502,0,0
1784664556558,unknown,VM-73,Stage1-0-0,0,50584,49577,71519,41740,5780940,0,0
1784664556562,unknown,VM-76,Stage2-3-0,0,0,0,0,0,0,0,0
1784664557539,unknown,VM-79,Stage3-1-0,0,0,0,0,0,0,0,0
1784664557545,unknown,VM-77,Stage2-0-0,0,0,0,0,0,0,0,0
1784664557547,unknown,VM-78,Stage3-2-0,0,0,0,0,0,0,0,0
1784664557550,unknown,VM-75,Stage1-1-0,0,56991,55820,79252,51167,6509244,0,0
1784664557558,unknown,VM-73,Stage1-0-0,0,30688,30104,97578,35241,3488668,0,0
1784664557562,unknown,VM-76,Stage2-3-0,0,0,0,0,0,0,0,0
1784664557781,unknown,VM-74,Stage1-3-0,0,35419,34687,46375,34950,4051500,0,0
1784664558525,unknown,VM-74,Stage1-3-0,0,69723,68300,57549,378770,7976800,0,0
1784664558539,unknown,VM-79,Stage3-1-0,0,0,0,0,0,0,0,0
1784664558545,unknown,VM-77,Stage2-0-0,0,0,0,0,0,0,0,0
1784664558547,unknown,VM-78,Stage3-2-0,0,0,0,0,0,0,0,0
1784664558550,unknown,VM-75,Stage1-1-0,0,47356,46471,363212,50452,5407947,0,0
1784664558562,unknown,VM-76,Stage2-3-0,0,0,0,0,0,0,0,0
1784664558870,unknown,VM-73,Stage1-0-0,0,60777,59576,83423,36632,6936554,0,0
1784664559525,unknown,VM-74,Stage1-3-0,0,47623,46665,75390,43410,5457108,0,0
1784664559539,unknown,VM-79,Stage3-1-0,0,0,0,0,0,0,0,0
1784664559545,unknown,VM-77,Stage2-0-0,0,0,0,0,0,0,0,0
1784664559547,unknown,VM-78,Stage3-2-0,0,0,0,0,0,0,0,0
1784664559551,unknown,VM-75,Stage1-1-0,0,50245,49247,70659,50135,5730616,0,0
1784664559558,unknown,VM-73,Stage1-0-0,0,48846,47872,383954,38631,5581874,0,0
1784664559562,unknown,VM-76,Stage2-3-0,0,0,0,0,0,0,0,0
1784664560525,unknown,VM-74,Stage1-3-0,0,42265,41415,90093,75331,4821213,0,0
1784664560539,unknown,VM-79,Stage3-1-0,0,0,0,0,0,0,0,0
1784664560545,unknown,VM-77,Stage2-0-0,0,0,0,0,0,0,0,0
1784664560547,unknown,VM-78,Stage3-2-0,0,0,0,0,0,0,0,0
1784664560550,unknown,VM-75,Stage1-1-0,0,53699,52595,82028,69999,6130648,0,0
1784664560558,unknown,VM-73,Stage1-0-0,0,63402,62193,102146,65894,7244258,0,0
1784664560562,unknown,VM-76,Stage2-3-0,0,0,0,0,0,0,0,0
1784664561525,unknown,VM-74,Stage1-3-0,0,56334,55160,96177,50489,6436366,0,0
1784664561539,unknown,VM-79,Stage3-1-0,0,0,0,0,0,0,0,0
1784664561545,unknown,VM-77,Stage2-0-0,0,0,0,0,0,0,0,0
1784664561547,unknown,VM-78,Stage3-2-0,0,0,0,0,0,0,0,0
1784664561550,unknown,VM-75,Stage1-1-0,0,45965,45053,71683,45664,5262631,0,0
1784664561558,unknown,VM-73,Stage1-0-0,0,42147,41327,65330,43795,4822246,0,0
1784664561562,unknown,VM-76,Stage2-3-0,0,0,0,0,0,0,0,0
1784664562525,unknown,VM-74,Stage1-3-0,0,51435,50355,72996,65316,5894465,0,0
1784664562539,unknown,VM-79,Stage3-1-0,0,0,0,0,0,0,0,0
1784664562545,unknown,VM-77,Stage2-0-0,0,0,0,0,0,0,0,0
1784664562547,unknown,VM-78,Stage3-2-0,0,0,0,0,0,0,0,0
1784664562550,unknown,VM-75,Stage1-1-0,0,50853,49794,75433,51564,5794283,0,0
1784664562558,unknown,VM-73,Stage1-0-0,0,50627,49653,73437,48606,5786727,0,0
1784664562562,unknown,VM-76,Stage2-3-0,0,0,0,0,0,0,0,0
1784664563525,unknown,VM-74,Stage1-3-0,0,50326,49324,333607,46736,5752963,0,0
1784664563539,unknown,VM-79,Stage3-1-0,0,0,0,0,0,0,0,0
1784664563545,unknown,VM-77,Stage2-0-0,0,0,0,0,0,0,0,0
1784664563547,unknown,VM-78,Stage3-2-0,0,0,0,0,0,0,0,0
1784664563550,unknown,VM-75,Stage1-1-0,0,41756,40938,83121,39687,4772857,0,0
1784664563558,unknown,VM-73,Stage1-0-0,0,54112,52992,76975,42303,6183456,0,0
1784664563562,unknown,VM-76,Stage2-3-0,0,0,0,0,0,0,0,0
1784664564525,unknown,VM-74,Stage1-3-0,0,46887,45944,73547,53070,5375295,0,0
1784664564539,unknown,VM-79,Stage3-1-0,0,0,0,0,0,0,0,0
1784664564545,unknown,VM-77,Stage2-0-0,0,0,0,0,0,0,0,0
1784664564547,unknown,VM-78,Stage3-2-0,0,0,0,0,0,0,0,0
1784664564551,unknown,VM-75,Stage1-1-0,0,56527,55415,63280,323897,6453269,0,0
1784664564562,unknown,VM-76,Stage2-3-0,0,0,0,0,0,0,0,0
1784664564797,unknown,VM-73,Stage1-0-0,0,25511,25028,50411,26384,2916479,0,0
1784664565525,unknown,VM-74,Stage1-3-0,0,64738,63460,61574,55129,7382862,0,0
1784664565539,unknown,VM-79,Stage3-1-0,0,0,0,0,0,0,0,0
1784664565545,unknown,VM-77,Stage2-0-0,0,0,0,0,0,0,0,0
1784664565547,unknown,VM-78,Stage3-2-0,0,0,0,0,0,0,0,0
1784664565551,unknown,VM-75,Stage1-1-0,0,47094,46184,68189,57658,5390055,0,0
1784664565558,unknown,VM-73,Stage1-0-0,0,71447,70037,67418,335619,8163185,0,0
1784664565563,unknown,VM-76,Stage2-3-0,0,0,0,0,0,0,0,0
1784664566526,unknown,VM-74,Stage1-3-0,0,15559,15245,1491,590,1782179,0,0
1784664566539,unknown,VM-79,Stage3-1-0,0,0,0,0,0,0,0,0
1784664566545,unknown,VM-77,Stage2-0-0,0,0,0,0,0,0,0,0
1784664566547,unknown,VM-78,Stage3-2-0,0,0,0,0,0,0,0,0
1784664566552,unknown,VM-75,Stage1-1-0,0,26664,26102,46946,14535,3048354,0,0
1784664566558,unknown,VM-73,Stage1-0-0,0,15839,15489,21456,8975,1811387,0,0
1784664566563,unknown,VM-76,Stage2-3-0,0,0,0,0,0,0,0,0
1784664567525,unknown,VM-74,Stage1-3-0,0,72278,70831,119212,89321,8260324,0,0
1784664567539,unknown,VM-79,Stage3-1-0,0,0,0,0,0,0,0,0
1784664567545,unknown,VM-77,Stage2-0-0,0,0,0,0,0,0,0,0
1784664567547,unknown,VM-78,Stage3-2-0,0,0,0,0,0,0,0,0
1784664567551,unknown,VM-75,Stage1-1-0,0,80219,78609,114144,90545,9172980,0,0
1784664567558,unknown,VM-73,Stage1-0-0,0,85662,83926,118505,88082,9799924,0,0
1784664567563,unknown,VM-76,Stage2-3-0,0,0,0,0,0,0,0,0
1784664568539,unknown,VM-79,Stage3-1-0,0,0,0,0,0,0,0,0
1784664568545,unknown,VM-77,Stage2-0-0,0,0,0,0,0,0,0,0
1784664568547,unknown,VM-78,Stage3-2-0,0,0,0,0,0,0,0,0
1784664568551,unknown,VM-75,Stage1-1-0,0,46223,45287,69313,50106,5280491,0,0
1784664568558,unknown,VM-73,Stage1-0-0,0,46640,45681,69258,42376,5344484,0,0
1784664568562,unknown,VM-76,Stage2-3-0,0,0,0,0,0,0,0,0
1784664568761,unknown,VM-74,Stage1-3-0,0,34083,33420,53772,38047,3878023,0,0
1784664569525,unknown,VM-74,Stage1-3-0,0,62030,60782,41370,347571,7097575,0,0
1784664569539,unknown,VM-79,Stage3-1-0,0,0,0,0,0,0,0,0
1784664569545,unknown,VM-77,Stage2-0-0,0,0,0,0,0,0,0,0
1784664569547,unknown,VM-78,Stage3-2-0,0,0,0,0,0,0,0,0
1784664569558,unknown,VM-73,Stage1-0-0,0,55041,53970,77984,42073,6277986,0,0
1784664569562,unknown,VM-76,Stage2-3-0,0,0,0,0,0,0,0,0
1784664569793,unknown,VM-75,Stage1-1-0,0,36439,35693,67708,31055,4170614,0,0
1784664570525,unknown,VM-74,Stage1-3-0,0,47156,46188,73031,54947,5381791,0,0
1784664570539,unknown,VM-79,Stage3-1-0,0,0,0,0,0,0,0,0
1784664570545,unknown,VM-77,Stage2-0-0,0,0,0,0,0,0,0,0
1784664570547,unknown,VM-78,Stage3-2-0,0,0,0,0,0,0,0,0
1784664570550,unknown,VM-75,Stage1-1-0,0,65128,63829,56014,346581,7449604,0,0
1784664570558,unknown,VM-73,Stage1-0-0,0,49980,49003,70941,315534,5706331,0,0
1784664570562,unknown,VM-76,Stage2-3-0,0,0,0,0,0,0,0,0
1784664571525,unknown,VM-74,Stage1-3-0,0,53792,52718,77714,59979,6147550,0,0
1784664571539,unknown,VM-79,Stage3-1-0,0,0,0,0,0,0,0,0
1784664571545,unknown,VM-77,Stage2-0-0,0,0,0,0,0,0,0,0
1784664571547,unknown,VM-78,Stage3-2-0,0,0,0,0,0,0,0,0
1784664571550,unknown,VM-75,Stage1-1-0,0,52387,51336,75241,50002,5969375,0,0
1784664571558,unknown,VM-73,Stage1-0-0,0,50253,49290,71982,39922,5757909,0,0
1784664571562,unknown,VM-76,Stage2-3-0,0,0,0,0,0,0,0,0
1784664572525,unknown,VM-74,Stage1-3-0,0,45830,44858,69666,47410,5229252,0,0
1784664572539,unknown,VM-79,Stage3-1-0,0,0,0,0,0,0,0,0
1784664572545,unknown,VM-77,Stage2-0-0,0,0,0,0,0,0,0,0
1784664572547,unknown,VM-78,Stage3-2-0,0,0,0,0,0,0,0,0
1784664572551,unknown,VM-75,Stage1-1-0,0,32783,32107,99746,37493,3742904,0,0
1784664572558,unknown,VM-73,Stage1-0-0,0,47716,46786,69780,40047,5465371,0,0
1784664572562,unknown,VM-76,Stage2-3-0,0,0,0,0,0,0,0,0
1784664573525,unknown,VM-74,Stage1-3-0,0,61886,60664,87763,68959,7067830,0,0
1784664573539,unknown,VM-79,Stage3-1-0,0,0,0,0,0,0,0,0
1784664573545,unknown,VM-77,Stage2-0-0,0,0,0,0,0,0,0,0
1784664573547,unknown,VM-78,Stage3-2-0,0,0,0,0,0,0,0,0
1784664573550,unknown,VM-75,Stage1-1-0,0,72376,70893,91174,54013,8265741,0,0
1784664573558,unknown,VM-73,Stage1-0-0,0,58071,56921,79722,40358,6648865,0,0
1784664573562,unknown,VM-76,Stage2-3-0,0,0,0,0,0,0,0,0
1784664574525,unknown,VM-74,Stage1-3-0,0,38299,37529,51871,318984,4373997,0,0
1784664574539,unknown,VM-79,Stage3-1-0,0,0,0,0,0,0,0,0
1784664574545,unknown,VM-77,Stage2-0-0,0,0,0,0,0,0,0,0
1784664574547,unknown,VM-78,Stage3-2-0,0,0,0,0,0,0,0,0
1784664574550,unknown,VM-75,Stage1-1-0,0,38536,37768,61883,45081,4404363,0,0
1784664574558,unknown,VM-73,Stage1-0-0,0,37537,36802,59155,38988,4299182,0,0
1784664574562,unknown,VM-76,Stage2-3-0,0,0,0,0,0,0,0,0
1784664575525,unknown,VM-74,Stage1-3-0,0,56185,55024,80258,56875,6419067,0,0
1784664575539,unknown,VM-79,Stage3-1-0,0,0,0,0,0,0,0,0
1784664575545,unknown,VM-77,Stage2-0-0,0,0,0,0,0,0,0,0
1784664575547,unknown,VM-78,Stage3-2-0,0,0,0,0,0,0,0,0
1784664575550,unknown,VM-75,Stage1-1-0,0,55656,54540,69077,50058,6360027,0,0
1784664575562,unknown,VM-76,Stage2-3-0,0,0,0,0,0,0,0,0
1784664575829,unknown,VM-73,Stage1-0-0,0,51151,50125,72568,40962,5854738,0,0
1784664576525,unknown,VM-74,Stage1-3-0,0,50910,49825,74970,55810,5821100,0,0
1784664576539,unknown,VM-79,Stage3-1-0,0,0,0,0,0,0,0,0
1784664576545,unknown,VM-77,Stage2-0-0,0,0,0,0,0,0,0,0
1784664576547,unknown,VM-78,Stage3-2-0,0,0,0,0,0,0,0,0
1784664576550,unknown,VM-75,Stage1-1-0,0,51926,50956,73564,50748,5932869,0,0
1784664576558,unknown,VM-73,Stage1-0-0,0,54082,53021,60947,321691,6178402,0,0
1784664576562,unknown,VM-76,Stage2-3-0,0,0,0,0,0,0,0,0
1784664577525,unknown,VM-74,Stage1-3-0,0,43835,42995,85349,52774,5005560,0,0
1784664577539,unknown,VM-79,Stage3-1-0,0,0,0,0,0,0,0,0
1784664577545,unknown,VM-77,Stage2-0-0,0,0,0,0,0,0,0,0
1784664577547,unknown,VM-78,Stage3-2-0,0,0,0,0,0,0,0,0
1784664577550,unknown,VM-75,Stage1-1-0,0,46724,45793,70089,48598,5337933,0,0
1784664577558,unknown,VM-73,Stage1-0-0,0,56915,55735,78461,43364,6518032,0,0
1784664577562,unknown,VM-76,Stage2-3-0,0,0,0,0,0,0,0,0
1784664578525,unknown,VM-74,Stage1-3-0,0,56647,55555,79175,60695,6470679,0,0
1784664578539,unknown,VM-79,Stage3-1-0,0,0,0,0,0,0,0,0
1784664578545,unknown,VM-77,Stage2-0-0,0,0,0,0,0,0,0,0
1784664578547,unknown,VM-78,Stage3-2-0,0,0,0,0,0,0,0,0
1784664578550,unknown,VM-75,Stage1-1-0,0,50865,49905,81709,48950,5812667,0,0
1784664578558,unknown,VM-73,Stage1-0-0,0,46350,45371,66433,40243,5308013,0,0
1784664578562,unknown,VM-76,Stage2-3-0,0,0,0,0,0,0,0,0
1784664579539,unknown,VM-79,Stage3-1-0,0,0,0,0,0,0,0,0
1784664579545,unknown,VM-77,Stage2-0-0,0,0,0,0,0,0,0,0
1784664579547,unknown,VM-78,Stage3-2-0,0,0,0,0,0,0,0,0
1784664579550,unknown,VM-75,Stage1-1-0,0,47924,46997,69581,53627,5464754,0,0
1784664579558,unknown,VM-73,Stage1-0-0,0,62905,61649,63637,40024,7209165,0,0
1784664579562,unknown,VM-76,Stage2-3-0,0,0,0,0,0,0,0,0
1784664579782,unknown,VM-74,Stage1-3-0,0,34194,33494,53492,38775,3898145,0,0
1784664580525,unknown,VM-74,Stage1-3-0,0,68601,67252,355239,39085,7844105,0,0
1784664580539,unknown,VM-79,Stage3-1-0,0,0,0,0,0,0,0,0
1784664580545,unknown,VM-77,Stage2-0-0,0,0,0,0,0,0,0,0
1784664580547,unknown,VM-78,Stage3-2-0,0,0,0,0,0,0,0,0
1784664580558,unknown,VM-73,Stage1-0-0,0,33390,32749,51936,43272,3815233,0,0
1784664580562,unknown,VM-76,Stage2-3-0,0,0,0,0,0,0,0,0
1784664580819,unknown,VM-75,Stage1-1-0,0,53516,52425,74905,50344,6117389,0,0
1784664581525,unknown,VM-74,Stage1-3-0,0,43557,42736,66964,53448,4981307,0,0
1784664581539,unknown,VM-79,Stage3-1-0,0,0,0,0,0,0,0,0
1784664581545,unknown,VM-77,Stage2-0-0,0,0,0,0,0,0,0,0
1784664581547,unknown,VM-78,Stage3-2-0,0,0,0,0,0,0,0,0
1784664581550,unknown,VM-75,Stage1-1-0,0,47443,46446,336029,46236,5433508,0,0
1784664581562,unknown,VM-76,Stage2-3-0,0,0,0,0,0,0,0,0
1784664581783,unknown,VM-73,Stage1-0-0,0,30569,29940,53179,31820,3499306,0,0
1784664582525,unknown,VM-74,Stage1-3-0,0,52613,51478,78609,54691,6007458,0,0
1784664582539,unknown,VM-79,Stage3-1-0,0,0,0,0,0,0,0,0
1784664582545,unknown,VM-77,Stage2-0-0,0,0,0,0,0,0,0,0
1784664582547,unknown,VM-78,Stage3-2-0,0,0,0,0,0,0,0,0
1784664582550,unknown,VM-75,Stage1-1-0,0,51169,50179,76368,49757,5838439,0,0
1784664582558,unknown,VM-73,Stage1-0-0,0,73333,71874,59603,334110,8388026,0,0
1784664582562,unknown,VM-76,Stage2-3-0,0,0,0,0,0,0,0,0
1784664583525,unknown,VM-74,Stage1-3-0,0,49697,48709,73945,57108,5682693,0,0
1784664583539,unknown,VM-79,Stage3-1-0,0,0,0,0,0,0,0,0
1784664583545,unknown,VM-77,Stage2-0-0,0,0,0,0,0,0,0,0
1784664583547,unknown,VM-78,Stage3-2-0,0,0,0,0,0,0,0,0
1784664583550,unknown,VM-75,Stage1-1-0,0,49322,48342,71433,53953,5635883,0,0
1784664583558,unknown,VM-73,Stage1-0-0,0,55666,54556,80582,41770,6367333,0,0
1784664583562,unknown,VM-76,Stage2-3-0,0,0,0,0,0,0,0,0
1784664584525,unknown,VM-74,Stage1-3-0,0,50097,49038,74053,60103,5732906,0,0
1784664584539,unknown,VM-79,Stage3-1-0,0,0,0,0,0,0,0,0
1784664584545,unknown,VM-77,Stage2-0-0,0,0,0,0,0,0,0,0
1784664584547,unknown,VM-78,Stage3-2-0,0,0,0,0,0,0,0,0
1784664584550,unknown,VM-75,Stage1-1-0,0,50154,49158,73773,50265,5733133,0,0
1784664584558,unknown,VM-73,Stage1-0-0,0,34855,34153,65751,35021,3983815,0,0
1784664584563,unknown,VM-76,Stage2-3-0,0,0,0,0,0,0,0,0
1784664585525,unknown,VM-74,Stage1-3-0,0,51856,50843,332873,48158,5913615,0,0
1784664585539,unknown,VM-79,Stage3-1-0,0,0,0,0,0,0,0,0
1784664585545,unknown,VM-77,Stage2-0-0,0,0,0,0,0,0,0,0
1784664585547,unknown,VM-78,Stage3-2-0,0,0,0,0,0,0,0,0
1784664585550,unknown,VM-75,Stage1-1-0,0,54525,53415,58778,51243,6253503,0,0
1784664585558,unknown,VM-73,Stage1-0-0,0,69527,68099,88899,42181,7950162,0,0
1784664585562,unknown,VM-76,Stage2-3-0,0,0,0,0,0,0,0,0
1784664586525,unknown,VM-74,Stage1-3-0,0,49023,48028,71169,52950,5602123,0,0
1784664586539,unknown,VM-79,Stage3-1-0,0,0,0,0,0,0,0,0
1784664586545,unknown,VM-77,Stage2-0-0,0,0,0,0,0,0,0,0
1784664586547,unknown,VM-78,Stage3-2-0,0,0,0,0,0,0,0,0
1784664586558,unknown,VM-73,Stage1-0-0,0,29295,28747,52927,37564,3347583,0,0
1784664586562,unknown,VM-76,Stage2-3-0,0,0,0,0,0,0,0,0
1784664586756,unknown,VM-75,Stage1-1-0,0,30103,29477,51510,31228,3433947,0,0
1784664587525,unknown,VM-74,Stage1-3-0,0,52167,51100,75806,55432,5959086,0,0
1784664587539,unknown,VM-79,Stage3-1-0,0,0,0,0,0,0,0,0
1784664587545,unknown,VM-77,Stage2-0-0,0,0,0,0,0,0,0,0
1784664587547,unknown,VM-78,Stage3-2-0,0,0,0,0,0,0,0,0
1784664587550,unknown,VM-75,Stage1-1-0,0,83782,82164,381312,44381,9556518,0,0
1784664587562,unknown,VM-76,Stage2-3-0,0,0,0,0,0,0,0,0
1784664587765,unknown,VM-73,Stage1-0-0,0,22258,21785,27672,6758,2541402,0,0
1784664588525,unknown,VM-74,Stage1-3-0,0,46627,45669,68692,51282,5338416,0,0
1784664588539,unknown,VM-79,Stage3-1-0,0,0,0,0,0,0,0,0
1784664588545,unknown,VM-77,Stage2-0-0,0,0,0,0,0,0,0,0
1784664588547,unknown,VM-78,Stage3-2-0,0,0,0,0,0,0,0,0
1784664588550,unknown,VM-75,Stage1-1-0,0,46366,45464,74138,49290,5291456,0,0
1784664588558,unknown,VM-73,Stage1-0-0,0,98478,96502,74740,372301,11288223,0,0
1784664588562,unknown,VM-76,Stage2-3-0,0,0,0,0,0,0,0,0
1784664589525,unknown,VM-74,Stage1-3-0,0,51044,50000,76633,54501,5837973,0,0
1784664589539,unknown,VM-79,Stage3-1-0,0,0,0,0,0,0,0,0
1784664589545,unknown,VM-77,Stage2-0-0,0,0,0,0,0,0,0,0
1784664589547,unknown,VM-78,Stage3-2-0,0,0,0,0,0,0,0,0
1784664589550,unknown,VM-75,Stage1-1-0,0,35587,34917,59090,43183,4064394,0,0
1784664589558,unknown,VM-73,Stage1-0-0,0,28316,27771,61338,30921,3235476,0,0
1784664589563,unknown,VM-76,Stage2-3-0,0,0,0,0,0,0,0,0
1784664590539,unknown,VM-79,Stage3-1-0,0,0,0,0,0,0,0,0
1784664590545,unknown,VM-77,Stage2-0-0,0,0,0,0,0,0,0,0
1784664590547,unknown,VM-78,Stage3-2-0,0,0,0,0,0,0,0,0
1784664590550,unknown,VM-75,Stage1-1-0,0,49065,48053,72473,50658,5614269,0,0
1784664590558,unknown,VM-73,Stage1-0-0,0,54778,53652,83347,41493,6250934,0,0
1784664590563,unknown,VM-76,Stage2-3-0,0,0,0,0,0,0,0,0
1784664590790,unknown,VM-74,Stage1-3-0,0,35769,35024,67986,38983,4097831,0,0
1784664591525,unknown,VM-74,Stage1-3-0,0,63386,62126,51244,338056,7257941,0,0
1784664591539,unknown,VM-79,Stage3-1-0,0,0,0,0,0,0,0,0
1784664591545,unknown,VM-77,Stage2-0-0,0,0,0,0,0,0,0,0
1784664591547,unknown,VM-78,Stage3-2-0,0,0,0,0,0,0,0,0
1784664591551,unknown,VM-75,Stage1-1-0,0,51133,50153,74972,52612,5841164,0,0
1784664591558,unknown,VM-73,Stage1-0-0,0,52747,51683,78219,41106,6024255,0,0
1784664591562,unknown,VM-76,Stage2-3-0,0,0,0,0,0,0,0,0
1784664592525,unknown,VM-74,Stage1-3-0,0,49356,48344,74546,56880,5635612,0,0
1784664592539,unknown,VM-79,Stage3-1-0,0,0,0,0,0,0,0,0
1784664592545,unknown,VM-77,Stage2-0-0,0,0,0,0,0,0,0,0
1784664592547,unknown,VM-78,Stage3-2-0,0,0,0,0,0,0,0,0
1784664592551,unknown,VM-75,Stage1-1-0,0,49153,48167,79092,49994,5619282,0,0
1784664592558,unknown,VM-73,Stage1-0-0,0,49547,48582,71998,43713,5654660,0,0
1784664592562,unknown,VM-76,Stage2-3-0,0,0,0,0,0,0,0,0
1784664593525,unknown,VM-74,Stage1-3-0,0,51105,50094,73106,60028,5829698,0,0
1784664593539,unknown,VM-79,Stage3-1-0,0,0,0,0,0,0,0,0
1784664593545,unknown,VM-77,Stage2-0-0,0,0,0,0,0,0,0,0
1784664593547,unknown,VM-78,Stage3-2-0,0,0,0,0,0,0,0,0
1784664593550,unknown,VM-75,Stage1-1-0,0,52201,51166,73825,51699,5978601,0,0
1784664593558,unknown,VM-73,Stage1-0-0,0,51557,50507,60058,326020,5894815,0,0
1784664593562,unknown,VM-76,Stage2-3-0,0,0,0,0,0,0,0,0
1784664594525,unknown,VM-74,Stage1-3-0,0,49651,48650,71814,55293,5665920,0,0
1784664594539,unknown,VM-79,Stage3-1-0,0,0,0,0,0,0,0,0
1784664594545,unknown,VM-77,Stage2-0-0,0,0,0,0,0,0,0,0
1784664594547,unknown,VM-78,Stage3-2-0,0,0,0,0,0,0,0,0
1784664594550,unknown,VM-75,Stage1-1-0,0,45707,44785,83809,43494,5226075,0,0
1784664594558,unknown,VM-73,Stage1-0-0,0,46005,45039,75945,38861,5271386,0,0
1784664594563,unknown,VM-76,Stage2-3-0,0,0,0,0,0,0,0,0
1784664595525,unknown,VM-74,Stage1-3-0,0,46300,45375,76360,49217,5297301,0,0
1784664595539,unknown,VM-79,Stage3-1-0,0,0,0,0,0,0,0,0
1784664595545,unknown,VM-77,Stage2-0-0,0,0,0,0,0,0,0,0
1784664595547,unknown,VM-78,Stage3-2-0,0,0,0,0,0,0,0,0
1784664595550,unknown,VM-75,Stage1-1-0,0,51848,50786,76384,49699,5914722,0,0
1784664595558,unknown,VM-73,Stage1-0-0,0,52336,51277,74314,39763,5972683,0,0
1784664595562,unknown,VM-76,Stage2-3-0,0,0,0,0,0,0,0,0
1784664596525,unknown,VM-74,Stage1-3-0,0,52510,51462,64684,327527,6005497,0,0
1784664596539,unknown,VM-79,Stage3-1-0,0,0,0,0,0,0,0,0
1784664596545,unknown,VM-77,Stage2-0-0,0,0,0,0,0,0,0,0
1784664596547,unknown,VM-78,Stage3-2-0,0,0,0,0,0,0,0,0
1784664596550,unknown,VM-75,Stage1-1-0,0,39631,38866,79777,60348,4517752,0,0
1784664596558,unknown,VM-73,Stage1-0-0,0,47650,46671,84148,36184,5464900,0,0
1784664596562,unknown,VM-76,Stage2-3-0,0,0,0,0,0,0,0,0
1784664597525,unknown,VM-74,Stage1-3-0,0,46268,45330,83221,49424,5295541,0,0
1784664597539,unknown,VM-79,Stage3-1-0,0,0,0,0,0,0,0,0
1784664597545,unknown,VM-77,Stage2-0-0,0,0,0,0,0,0,0,0
1784664597547,unknown,VM-78,Stage3-2-0,0,0,0,0,0,0,0,0
1784664597558,unknown,VM-73,Stage1-0-0,0,51203,50176,73075,43708,5840538,0,0
1784664597562,unknown,VM-76,Stage2-3-0,0,0,0,0,0,0,0,0
1784664597823,unknown,VM-75,Stage1-1-0,0,64428,63148,85025,55210,7368244,0,0
1784664598525,unknown,VM-74,Stage1-3-0,0,52437,51360,76913,56144,5993993,0,0
1784664598539,unknown,VM-79,Stage3-1-0,0,0,0,0,0,0,0,0
1784664598545,unknown,VM-77,Stage2-0-0,0,0,0,0,0,0,0,0
1784664598547,unknown,VM-78,Stage3-2-0,0,0,0,0,0,0,0,0
1784664598550,unknown,VM-75,Stage1-1-0,0,54590,53500,344190,49188,6247344,0,0
1784664598562,unknown,VM-76,Stage2-3-0,0,0,0,0,0,0,0,0
1784664598816,unknown,VM-73,Stage1-0-0,0,31795,31171,55391,30694,3643524,0,0
1784664599525,unknown,VM-74,Stage1-3-0,0,53325,52239,77616,55135,6108100,0,0
1784664599539,unknown,VM-79,Stage3-1-0,0,0,0,0,0,0,0,0
1784664599545,unknown,VM-77,Stage2-0-0,0,0,0,0,0,0,0,0
1784664599547,unknown,VM-78,Stage3-2-0,0,0,0,0,0,0,0,0
1784664599550,unknown,VM-75,Stage1-1-0,0,50530,49513,73181,52784,5764914,0,0
1784664599558,unknown,VM-73,Stage1-0-0,0,72863,71399,371695,38782,8314999,0,0
1784664599562,unknown,VM-76,Stage2-3-0,0,0,0,0,0,0,0,0
1784664600525,unknown,VM-74,Stage1-3-0,0,49393,48408,73448,56576,5646294,0,0
1784664600539,unknown,VM-79,Stage3-1-0,0,0,0,0,0,0,0,0
1784664600545,unknown,VM-77,Stage2-0-0,0,0,0,0,0,0,0,0
1784664600547,unknown,VM-78,Stage3-2-0,0,0,0,0,0,0,0,0
1784664600550,unknown,VM-75,Stage1-1-0,0,50857,49852,73297,50257,5816010,0,0
1784664600558,unknown,VM-73,Stage1-0-0,0,48295,47364,70245,41604,5518916,0,0
1784664600563,unknown,VM-76,Stage2-3-0,0,0,0,0,0,0,0,0
1784664601539,unknown,VM-79,Stage3-1-0,0,0,0,0,0,0,0,0
1784664601545,unknown,VM-77,Stage2-0-0,0,0,0,0,0,0,0,0
1784664601547,unknown,VM-78,Stage3-2-0,0,0,0,0,0,0,0,0
1784664601550,unknown,VM-75,Stage1-1-0,0,40416,39575,63970,46240,4641148,0,0
1784664601558,unknown,VM-73,Stage1-0-0,0,49258,48283,70825,42907,5607445,0,0
1784664601563,unknown,VM-76,Stage2-3-0,0,0,0,0,0,0,0,0
1784664602539,unknown,VM-79,Stage3-1-0,0,0,0,0,0,0,0,0
1784664602545,unknown,VM-77,Stage2-0-0,0,0,0,0,0,0,0,0
1784664602547,unknown,VM-78,Stage3-2-0,0,0,0,0,0,0,0,0
1784664602550,unknown,VM-75,Stage1-1-0,0,51266,50266,72366,51992,5871966,0,0
1784664602558,unknown,VM-73,Stage1-0-0,0,50547,49564,73184,38726,5787315,0,0
1784664602563,unknown,VM-76,Stage2-3-0,0,0,0,0,0,0,0,0
1784664603539,unknown,VM-79,Stage3-1-0,0,0,0,0,0,0,0,0
1784664603545,unknown,VM-77,Stage2-0-0,0,0,0,0,0,0,0,0
1784664603547,unknown,VM-78,Stage3-2-0,0,0,0,0,0,0,0,0
1784664603558,unknown,VM-73,Stage1-0-0,0,50190,49214,75977,40788,5727796,0,0
1784664603563,unknown,VM-76,Stage2-3-0,0,0,0,0,0,0,0,0
1784664604539,unknown,VM-79,Stage3-1-0,0,0,0,0,0,0,0,0
1784664604545,unknown,VM-77,Stage2-0-0,0,0,0,0,0,0,0,0
1784664604547,unknown,VM-78,Stage3-2-0,0,0,0,0,0,0,0,0
1784664604562,unknown,VM-76,Stage2-3-0,0,0,0,0,0,0,0,0
1784664605225,unknown,VM-74,Stage1-3-0,0,35376,34657,53868,38490,4038699,0,0
1784664605226,unknown,VM-74,Stage1-3-0,0,0,0,0,0,0,0,0
1784664605226,unknown,VM-74,Stage1-3-0,0,0,0,0,0,0,0,0
1784664605226,unknown,VM-74,Stage1-3-0,0,0,0,0,0,0,0,0
1784664605525,unknown,VM-74,Stage1-3-0,0,178151,174579,15764,3769521,20352762,0,0
1784664605539,unknown,VM-79,Stage3-1-0,0,0,0,0,0,0,0,0
1784664605545,unknown,VM-77,Stage2-0-0,0,0,0,0,0,0,0,0
1784664605547,unknown,VM-78,Stage3-2-0,0,0,0,0,0,0,0,0
1784664605562,unknown,VM-76,Stage2-3-0,0,0,0,0,0,0,0,0
1784664606525,unknown,VM-74,Stage1-3-0,0,84688,82998,46524,37916,9655735,0,0
1784664606539,unknown,VM-79,Stage3-1-0,0,0,0,0,0,0,0,0
1784664606545,unknown,VM-77,Stage2-0-0,0,0,0,0,0,0,0,0
1784664606547,unknown,VM-78,Stage3-2-0,0,0,0,0,0,0,0,0
1784664606562,unknown,VM-76,Stage2-3-0,0,0,0,0,0,0,0,0
1784664607368,unknown,VM-75,Stage1-1-0,0,31788,31163,52812,31802,3636737,0,0
1784664607368,unknown,VM-75,Stage1-1-0,0,0,0,0,0,0,0,0
1784664607368,unknown,VM-75,Stage1-1-0,0,0,0,0,0,0,0,0
1784664607368,unknown,VM-75,Stage1-1-0,0,0,0,0,0,0,0,0
1784664607525,unknown,VM-74,Stage1-3-0,0,50174,49195,76773,55902,5732108,0,0
1784664607539,unknown,VM-79,Stage3-1-0,0,0,0,0,0,0,0,0
1784664607545,unknown,VM-77,Stage2-0-0,0,0,0,0,0,0,0,0
1784664607547,unknown,VM-78,Stage3-2-0,0,0,0,0,0,0,0,0
1784664607550,unknown,VM-75,Stage1-1-0,0,88138,86388,33114,3892218,10072778,0,0
1784664607562,unknown,VM-76,Stage2-3-0,0,0,0,0,0,0,0,0
1784664607668,unknown,VM-73,Stage1-0-0,0,12902,12631,13197,1263,1472063,0,0
1784664607668,unknown,VM-73,Stage1-0-0,0,0,0,0,0,0,0,0
1784664607668,unknown,VM-73,Stage1-0-0,0,0,0,0,0,0,0,0
1784664607668,unknown,VM-73,Stage1-0-0,0,0,0,0,0,0,0,0
1784664608525,unknown,VM-74,Stage1-3-0,0,45760,44910,82068,117896,5215872,0,0
1784664608539,unknown,VM-79,Stage3-1-0,0,0,0,0,0,0,0,0
1784664608545,unknown,VM-77,Stage2-0-0,0,0,0,0,0,0,0,0
1784664608547,unknown,VM-78,Stage3-2-0,0,0,0,0,0,0,0,0
1784664608550,unknown,VM-75,Stage1-1-0,0,187946,184091,138796,107145,21487405,0,0
1784664608558,unknown,VM-73,Stage1-0-0,0,241946,237085,147645,103786,27669077,0,0
1784664608562,unknown,VM-76,Stage2-3-0,0,0,0,0,0,0,0,0
1784664609525,unknown,VM-74,Stage1-3-0,0,35926,35232,71190,80623,4086735,0,0
1784664609539,unknown,VM-79,Stage3-1-0,0,0,0,0,0,0,0,0
1784664609545,unknown,VM-77,Stage2-0-0,0,0,0,0,0,0,0,0
1784664609547,unknown,VM-78,Stage3-2-0,0,0,0,0,0,0,0,0
1784664609551,unknown,VM-75,Stage1-1-0,0,28077,27476,51188,42672,3217895,0,0
1784664609558,unknown,VM-73,Stage1-0-0,0,31949,31325,55084,39092,3653457,0,0
1784664609563,unknown,VM-76,Stage2-3-0,0,0,0,0,0,0,0,0
1784664610539,unknown,VM-79,Stage3-1-0,0,0,0,0,0,0,0,0
1784664610545,unknown,VM-77,Stage2-0-0,0,0,0,0,0,0,0,0
1784664610547,unknown,VM-78,Stage3-2-0,0,0,0,0,0,0,0,0
1784664610551,unknown,VM-75,Stage1-1-0,0,50333,49307,89807,81216,5757409,0,0
1784664610558,unknown,VM-73,Stage1-0-0,0,54917,53789,81780,50595,6272571,0,0
1784664610563,unknown,VM-76,Stage2-3-0,0,0,0,0,0,0,0,0
1784664610632,unknown,VM-74,Stage1-3-0,0,40821,40053,48861,59991,4653599,0,0
1784664611525,unknown,VM-74,Stage1-3-0,0,81846,80218,50791,1004547,9370094,0,0
1784664611539,unknown,VM-79,Stage3-1-0,0,0,0,0,0,0,0,0
1784664611545,unknown,VM-77,Stage2-0-0,0,0,0,0,0,0,0,0
1784664611547,unknown,VM-78,Stage3-2-0,0,0,0,0,0,0,0,0
1784664611551,unknown,VM-75,Stage1-1-0,0,50073,49072,97843,92781,5719918,0,0
1784664611558,unknown,VM-73,Stage1-0-0,0,42016,41147,77585,97996,4800106,0,0
1784664611563,unknown,VM-76,Stage2-3-0,0,0,0,0,0,0,0,0
1784664612525,unknown,VM-74,Stage1-3-0,0,45732,44817,69075,53047,5236889,0,0
1784664612540,unknown,VM-79,Stage3-1-0,0,0,0,0,0,0,0,0
1784664612545,unknown,VM-77,Stage2-0-0,0,0,0,0,0,0,0,0
1784664612547,unknown,VM-78,Stage3-2-0,0,0,0,0,0,0,0,0
1784664612558,unknown,VM-73,Stage1-0-0,0,51974,50952,88836,93080,5939689,0,0
1784664612563,unknown,VM-76,Stage2-3-0,0,0,0,0,0,0,0,0
1784664613497,unknown,VM-75,Stage1-1-0,0,35248,34542,54790,56386,4034234,0,0
1784664613525,unknown,VM-74,Stage1-3-0,0,49745,48798,74176,55148,5673485,0,0
1784664613539,unknown,VM-79,Stage3-1-0,0,0,0,0,0,0,0,0
1784664613545,unknown,VM-77,Stage2-0-0,0,0,0,0,0,0,0,0
1784664613547,unknown,VM-78,Stage3-2-0,0,0,0,0,0,0,0,0
1784664613550,unknown,VM-75,Stage1-1-0,0,23697,23209,1050525,652,2704832,0,0
1784664613562,unknown,VM-76,Stage2-3-0,0,0,0,0,0,0,0,0
1784664613740,unknown,VM-73,Stage1-0-0,0,28321,27722,33246,31067,3227453,0,0
1784664614525,unknown,VM-74,Stage1-3-0,0,28598,28065,28706,20639,3271408,0,0
1784664614539,unknown,VM-79,Stage3-1-0,0,0,0,0,0,0,0,0
1784664614545,unknown,VM-77,Stage2-0-0,0,0,0,0,0,0,0,0
1784664614547,unknown,VM-78,Stage3-2-0,0,0,0,0,0,0,0,0
1784664614551,unknown,VM-75,Stage1-1-0,0,76345,74796,16592,10094,8720298,0,0
1784664614558,unknown,VM-73,Stage1-0-0,0,54705,53589,18153,12827,6267566,0,0
1784664614562,unknown,VM-76,Stage2-3-0,0,0,0,0,0,0,0,0
1784664615525,unknown,VM-74,Stage1-3-0,0,72356,70851,120612,96524,8275974,0,0
1784664615539,unknown,VM-79,Stage3-1-0,0,0,0,0,0,0,0,0
1784664615545,unknown,VM-77,Stage2-0-0,0,0,0,0,0,0,0,0
1784664615547,unknown,VM-78,Stage3-2-0,0,0,0,0,0,0,0,0
1784664615550,unknown,VM-75,Stage1-1-0,0,77772,76224,111961,86044,8889308,0,0
1784664615558,unknown,VM-73,Stage1-0-0,0,82484,80890,113540,66790,9406048,0,0
1784664615562,unknown,VM-76,Stage2-3-0,0,0,0,0,0,0,0,0
1784664616525,unknown,VM-74,Stage1-3-0,0,47417,46490,72417,55860,5413604,0,0
1784664616539,unknown,VM-79,Stage3-1-0,0,0,0,0,0,0,0,0
1784664616545,unknown,VM-77,Stage2-0-0,0,0,0,0,0,0,0,0
1784664616547,unknown,VM-78,Stage3-2-0,0,0,0,0,0,0,0,0
1784664616550,unknown,VM-75,Stage1-1-0,0,47365,46361,75156,54041,5418097,0,0
1784664616558,unknown,VM-73,Stage1-0-0,0,47748,46824,72010,41681,5450722,0,0
1784664616562,unknown,VM-76,Stage2-3-0,0,0,0,0,0,0,0,0
1784664617525,unknown,VM-74,Stage1-3-0,0,52266,51192,76288,55874,5976336,0,0
1784664617539,unknown,VM-79,Stage3-1-0,0,0,0,0,0,0,0,0
1784664617545,unknown,VM-77,Stage2-0-0,0,0,0,0,0,0,0,0
1784664617547,unknown,VM-78,Stage3-2-0,0,0,0,0,0,0,0,0
1784664617550,unknown,VM-75,Stage1-1-0,0,53626,52514,73973,58155,6120272,0,0
1784664617558,unknown,VM-73,Stage1-0-0,0,53911,52802,73118,41161,6176287,0,0
1784664617562,unknown,VM-76,Stage2-3-0,0,0,0,0,0,0,0,0
1784664618525,unknown,VM-74,Stage1-3-0,0,48659,47728,75020,55011,5566904,0,0
1784664618539,unknown,VM-79,Stage3-1-0,0,0,0,0,0,0,0,0
1784664618545,unknown,VM-77,Stage2-0-0,0,0,0,0,0,0,0,0
1784664618547,unknown,VM-78,Stage3-2-0,0,0,0,0,0,0,0,0
1784664618550,unknown,VM-75,Stage1-1-0,0,46734,45840,74952,53203,5329640,0,0
1784664618558,unknown,VM-73,Stage1-0-0,0,46914,46012,68723,42811,5372270,0,0
1784664618562,unknown,VM-76,Stage2-3-0,0,0,0,0,0,0,0,0
1784664619539,unknown,VM-79,Stage3-1-0,0,0,0,0,0,0,0,0
1784664619545,unknown,VM-77,Stage2-0-0,0,0,0,0,0,0,0,0
1784664619547,unknown,VM-78,Stage3-2-0,0,0,0,0,0,0,0,0
1784664619550,unknown,VM-75,Stage1-1-0,0,43283,42398,66912,59220,4942632,0,0
1784664619558,unknown,VM-73,Stage1-0-0,0,52327,51312,72839,39458,5993688,0,0
1784664619562,unknown,VM-76,Stage2-3-0,0,0,0,0,0,0,0,0
1784664620020,unknown,VM-74,Stage1-3-0,0,37745,36938,54277,39500,4307422,0,0
1784664620525,unknown,VM-74,Stage1-3-0,0,61549,60311,596282,40459,7040590,0,0
1784664620539,unknown,VM-79,Stage3-1-0,0,0,0,0,0,0,0,0
1784664620545,unknown,VM-77,Stage2-0-0,0,0,0,0,0,0,0,0
1784664620547,unknown,VM-78,Stage3-2-0,0,0,0,0,0,0,0,0
1784664620550,unknown,VM-75,Stage1-1-0,0,56428,55275,85072,54135,6449733,0,0
1784664620558,unknown,VM-73,Stage1-0-0,0,46562,45681,74562,39549,5310975,0,0
1784664620562,unknown,VM-76,Stage2-3-0,0,0,0,0,0,0,0,0
1784664621525,unknown,VM-74,Stage1-3-0,0,54753,53631,83762,59655,6258639,0,0
1784664621539,unknown,VM-79,Stage3-1-0,0,0,0,0,0,0,0,0
1784664621545,unknown,VM-77,Stage2-0-0,0,0,0,0,0,0,0,0
1784664621547,unknown,VM-78,Stage3-2-0,0,0,0,0,0,0,0,0
1784664621551,unknown,VM-75,Stage1-1-0,0,48598,47596,95555,49925,5539826,0,0
1784664621558,unknown,VM-73,Stage1-0-0,0,54890,53776,77216,43330,6277369,0,0
1784664621562,unknown,VM-76,Stage2-3-0,0,0,0,0,0,0,0,0
1784664622525,unknown,VM-74,Stage1-3-0,0,41308,40506,69944,51673,4732113,0,0
1784664622539,unknown,VM-79,Stage3-1-0,0,0,0,0,0,0,0,0
1784664622545,unknown,VM-77,Stage2-0-0,0,0,0,0,0,0,0,0
1784664622547,unknown,VM-78,Stage3-2-0,0,0,0,0,0,0,0,0
1784664622550,unknown,VM-75,Stage1-1-0,0,48785,47803,577606,60316,5559221,0,0
1784664622562,unknown,VM-76,Stage2-3-0,0,0,0,0,0,0,0,0
1784664623100,unknown,VM-73,Stage1-0-0,0,43155,42319,64680,581163,4924478,0,0
1784664623525,unknown,VM-74,Stage1-3-0,0,54375,53331,82335,57100,6227361,0,0
1784664623539,unknown,VM-79,Stage3-1-0,0,0,0,0,0,0,0,0
1784664623545,unknown,VM-77,Stage2-0-0,0,0,0,0,0,0,0,0
1784664623547,unknown,VM-78,Stage3-2-0,0,0,0,0,0,0,0,0
1784664623550,unknown,VM-75,Stage1-1-0,0,73237,71692,56946,19611,8371897,0,0
1784664623558,unknown,VM-73,Stage1-0-0,0,53535,52429,58691,43071,6112879,0,0
1784664623562,unknown,VM-76,Stage2-3-0,0,0,0,0,0,0,0,0
1784664624525,unknown,VM-74,Stage1-3-0,0,50961,49961,77189,56235,5842667,0,0
1784664624539,unknown,VM-79,Stage3-1-0,0,0,0,0,0,0,0,0
1784664624545,unknown,VM-77,Stage2-0-0,0,0,0,0,0,0,0,0
1784664624547,unknown,VM-78,Stage3-2-0,0,0,0,0,0,0,0,0
1784664624550,unknown,VM-75,Stage1-1-0,0,33453,32784,54760,46187,3821245,0,0
1784664624558,unknown,VM-73,Stage1-0-0,0,44445,43512,84049,34655,5077775,0,0
1784664624562,unknown,VM-76,Stage2-3-0,0,0,0,0,0,0,0,0
1784664625525,unknown,VM-74,Stage1-3-0,0,49252,48271,78872,52495,5627265,0,0
1784664625539,unknown,VM-79,Stage3-1-0,0,0,0,0,0,0,0,0
1784664625545,unknown,VM-77,Stage2-0-0,0,0,0,0,0,0,0,0
1784664625547,unknown,VM-78,Stage3-2-0,0,0,0,0,0,0,0,0
1784664625550,unknown,VM-75,Stage1-1-0,0,49333,48373,68817,52946,5621092,0,0
1784664625558,unknown,VM-73,Stage1-0-0,0,55082,53958,76768,40803,6296144,0,0
1784664625562,unknown,VM-76,Stage2-3-0,0,0,0,0,0,0,0,0
1784664626525,unknown,VM-74,Stage1-3-0,0,56340,55224,81145,58823,6427461,0,0
1784664626539,unknown,VM-79,Stage3-1-0,0,0,0,0,0,0,0,0
1784664626545,unknown,VM-77,Stage2-0-0,0,0,0,0,0,0,0,0
1784664626547,unknown,VM-78,Stage3-2-0,0,0,0,0,0,0,0,0
1784664626550,unknown,VM-75,Stage1-1-0,0,55553,54484,75739,54956,6341743,0,0
1784664626558,unknown,VM-73,Stage1-0-0,0,55788,54642,74299,47588,6384952,0,0
1784664626562,unknown,VM-76,Stage2-3-0,0,0,0,0,0,0,0,0
1784664627526,unknown,VM-74,Stage1-3-0,0,15946,15643,15716,12222,1822798,0,0
1784664627539,unknown,VM-79,Stage3-1-0,0,0,0,0,0,0,0,0
1784664627545,unknown,VM-77,Stage2-0-0,0,0,0,0,0,0,0,0
1784664627547,unknown,VM-78,Stage3-2-0,0,0,0,0,0,0,0,0
1784664627551,unknown,VM-75,Stage1-1-0,0,5154,5054,5501,980,591315,0,0
1784664627558,unknown,VM-73,Stage1-0-0,0,0,0,0,0,0,0,0
1784664627562,unknown,VM-76,Stage2-3-0,0,0,0,0,0,0,0,0
1784664628526,unknown,VM-74,Stage1-3-0,0,0,0,0,0,0,0,0
1784664628539,unknown,VM-79,Stage3-1-0,0,0,0,0,0,0,0,0
1784664628545,unknown,VM-77,Stage2-0-0,0,0,0,0,0,0,0,0
1784664628547,unknown,VM-78,Stage3-2-0,0,0,0,0,0,0,0,0
1784664628551,unknown,VM-75,Stage1-1-0,0,0,0,0,0,0,0,0
1784664628558,unknown,VM-73,Stage1-0-0,0,0,0,0,0,0,0,0
1784664628562,unknown,VM-76,Stage2-3-0,0,0,0,0,0,0,0,0
1784664629525,unknown,VM-74,Stage1-3-0,0,0,0,0,0,0,0,0
1784664629539,unknown,VM-79,Stage3-1-0,0,0,0,0,0,0,0,0
1784664629545,unknown,VM-77,Stage2-0-0,0,0,0,0,0,0,0,0
1784664629547,unknown,VM-78,Stage3-2-0,0,0,0,0,0,0,0,0
1784664629551,unknown,VM-75,Stage1-1-0,0,0,0,0,0,0,0,0
1784664629558,unknown,VM-73,Stage1-0-0,0,0,0,0,0,0,0,0
1784664629562,unknown,VM-76,Stage2-3-0,0,0,0,0,0,0,0,0
1784664630525,unknown,VM-74,Stage1-3-0,0,0,0,0,0,0,0,0
1784664630539,unknown,VM-79,Stage3-1-0,0,0,0,0,0,0,0,0
1784664630545,unknown,VM-77,Stage2-0-0,0,0,0,0,0,0,0,0
1784664630547,unknown,VM-78,Stage3-2-0,0,0,0,0,0,0,0,0
1784664630551,unknown,VM-75,Stage1-1-0,0,0,0,0,0,0,0,0
1784664630558,unknown,VM-73,Stage1-0-0,0,0,0,0,0,0,0,0
1784664630562,unknown,VM-76,Stage2-3-0,0,0,0,0,0,0,0,0
1784664631525,unknown,VM-74,Stage1-3-0,0,0,0,0,0,0,0,0
1784664631539,unknown,VM-79,Stage3-1-0,0,0,0,0,0,0,0,0
1784664631545,unknown,VM-77,Stage2-0-0,0,0,0,0,0,0,0,0
1784664631547,unknown,VM-78,Stage3-2-0,0,0,0,0,0,0,0,0
1784664631551,unknown,VM-75,Stage1-1-0,0,0,0,0,0,0,0,0
1784664631558,unknown,VM-73,Stage1-0-0,0,0,0,0,0,0,0,0
1784664631562,unknown,VM-76,Stage2-3-0,0,0,0,0,0,0,0,0
1784664632525,unknown,VM-74,Stage1-3-0,0,0,0,0,0,0,0,0
1784664632539,unknown,VM-79,Stage3-1-0,0,0,0,0,0,0,0,0
1784664632545,unknown,VM-77,Stage2-0-0,0,0,0,0,0,0,0,0
1784664632547,unknown,VM-78,Stage3-2-0,0,0,0,0,0,0,0,0
1784664632551,unknown,VM-75,Stage1-1-0,0,0,0,0,0,0,0,0
1784664632558,unknown,VM-73,Stage1-0-0,0,0,0,0,0,0,0,0
1784664632562,unknown,VM-76,Stage2-3-0,0,0,0,0,0,0,0,0
1784664633525,unknown,VM-74,Stage1-3-0,0,0,0,0,0,0,0,0
1784664633539,unknown,VM-79,Stage3-1-0,0,0,0,0,0,0,0,0
1784664633545,unknown,VM-77,Stage2-0-0,0,0,0,0,0,0,0,0
1784664633547,unknown,VM-78,Stage3-2-0,0,0,0,0,0,0,0,0
1784664633551,unknown,VM-75,Stage1-1-0,0,0,0,0,0,0,0,0
1784664633558,unknown,VM-73,Stage1-0-0,0,0,0,0,0,0,0,0
1784664633562,unknown,VM-76,Stage2-3-0,0,0,0,0,0,0,0,0
1784664634525,unknown,VM-74,Stage1-3-0,0,0,0,0,0,0,0,0
1784664634539,unknown,VM-79,Stage3-1-0,0,0,0,0,0,0,0,0
1784664634545,unknown,VM-77,Stage2-0-0,0,0,0,0,0,0,0,0
1784664634547,unknown,VM-78,Stage3-2-0,0,0,0,0,0,0,0,0
1784664634551,unknown,VM-75,Stage1-1-0,0,0,0,0,0,0,0,0
1784664634558,unknown,VM-73,Stage1-0-0,0,0,0,0,0,0,0,0
1784664634562,unknown,VM-76,Stage2-3-0,0,0,0,0,0,0,0,0
1784664635525,unknown,VM-74,Stage1-3-0,0,0,0,0,0,0,0,0
1784664635539,unknown,VM-79,Stage3-1-0,0,0,0,0,0,0,0,0
1784664635545,unknown,VM-77,Stage2-0-0,0,0,0,0,0,0,0,0
1784664635547,unknown,VM-78,Stage3-2-0,0,0,0,0,0,0,0,0
1784664635551,unknown,VM-75,Stage1-1-0,0,0,0,0,0,0,0,0
1784664635558,unknown,VM-73,Stage1-0-0,0,0,0,0,0,0,0,0
1784664635562,unknown,VM-76,Stage2-3-0,0,0,0,0,0,0,0,0
1784664636525,unknown,VM-74,Stage1-3-0,0,0,0,0,0,0,0,0
1784664636539,unknown,VM-79,Stage3-1-0,0,0,0,0,0,0,0,0
1784664636545,unknown,VM-77,Stage2-0-0,0,0,0,0,0,0,0,0
1784664636547,unknown,VM-78,Stage3-2-0,0,0,0,0,0,0,0,0
1784664636551,unknown,VM-75,Stage1-1-0,0,0,0,0,0,0,0,0
1784664636558,unknown,VM-73,Stage1-0-0,0,0,0,0,0,0,0,0
1784664636562,unknown,VM-76,Stage2-3-0,0,0,0,0,0,0,0,0
1784664637525,unknown,VM-74,Stage1-3-0,0,0,0,0,0,0,0,0
1784664637539,unknown,VM-79,Stage3-1-0,0,0,0,0,0,0,0,0
1784664637545,unknown,VM-77,Stage2-0-0,0,0,0,0,0,0,0,0
1784664637547,unknown,VM-78,Stage3-2-0,0,0,0,0,0,0,0,0
1784664637551,unknown,VM-75,Stage1-1-0,0,0,0,0,0,0,0,0
1784664637558,unknown,VM-73,Stage1-0-0,0,0,0,0,0,0,0,0
1784664637562,unknown,VM-76,Stage2-3-0,0,0,0,0,0,0,0,0
1784664638525,unknown,VM-74,Stage1-3-0,0,0,0,0,0,0,0,0
1784664638539,unknown,VM-79,Stage3-1-0,0,0,0,0,0,0,0,0
1784664638545,unknown,VM-77,Stage2-0-0,0,0,0,0,0,0,0,0
1784664638547,unknown,VM-78,Stage3-2-0,0,0,0,0,0,0,0,0
1784664638551,unknown,VM-75,Stage1-1-0,0,0,0,0,0,0,0,0
1784664638558,unknown,VM-73,Stage1-0-0,0,0,0,0,0,0,0,0
1784664638562,unknown,VM-76,Stage2-3-0,0,0,0,0,0,0,0,0
1784664639525,unknown,VM-74,Stage1-3-0,0,0,0,0,0,0,0,0
1784664639539,unknown,VM-79,Stage3-1-0,0,0,0,0,0,0,0,0
1784664639545,unknown,VM-77,Stage2-0-0,0,0,0,0,0,0,0,0
1784664639547,unknown,VM-78,Stage3-2-0,0,0,0,0,0,0,0,0
1784664639551,unknown,VM-75,Stage1-1-0,0,0,0,0,0,0,0,0
1784664639558,unknown,VM-73,Stage1-0-0,0,0,0,0,0,0,0,0
1784664639562,unknown,VM-76,Stage2-3-0,0,0,0,0,0,0,0,0
1784664640525,unknown,VM-74,Stage1-3-0,0,0,0,0,0,0,0,0
1784664640539,unknown,VM-79,Stage3-1-0,0,0,0,0,0,0,0,0
1784664640545,unknown,VM-77,Stage2-0-0,0,0,0,0,0,0,0,0
1784664640547,unknown,VM-78,Stage3-2-0,0,0,0,0,0,0,0,0
1784664640551,unknown,VM-75,Stage1-1-0,0,0,0,0,0,0,0,0
1784664640558,unknown,VM-73,Stage1-0-0,0,0,0,0,0,0,0,0
1784664640562,unknown,VM-76,Stage2-3-0,0,0,0,0,0,0,0,0
1784664641525,unknown,VM-74,Stage1-3-0,0,0,0,0,0,0,0,0
1784664641539,unknown,VM-79,Stage3-1-0,0,0,0,0,0,0,0,0
1784664641545,unknown,VM-77,Stage2-0-0,0,0,0,0,0,0,0,0
1784664641547,unknown,VM-78,Stage3-2-0,0,0,0,0,0,0,0,0
1784664641551,unknown,VM-75,Stage1-1-0,0,0,0,0,0,0,0,0
1784664641558,unknown,VM-73,Stage1-0-0,0,0,0,0,0,0,0,0
1784664641562,unknown,VM-76,Stage2-3-0,0,0,0,0,0,0,0,0
1784664642525,unknown,VM-74,Stage1-3-0,0,0,0,0,0,0,0,0
1784664642539,unknown,VM-79,Stage3-1-0,0,0,0,0,0,0,0,0
1784664642545,unknown,VM-77,Stage2-0-0,0,0,0,0,0,0,0,0
1784664642547,unknown,VM-78,Stage3-2-0,0,0,0,0,0,0,0,0
1784664642551,unknown,VM-75,Stage1-1-0,0,0,0,0,0,0,0,0
1784664642558,unknown,VM-73,Stage1-0-0,0,0,0,0,0,0,0,0
1784664642562,unknown,VM-76,Stage2-3-0,0,0,0,0,0,0,0,0
1784664643525,unknown,VM-74,Stage1-3-0,0,0,0,0,0,0,0,0
1784664643539,unknown,VM-79,Stage3-1-0,0,0,0,0,0,0,0,0
1784664643545,unknown,VM-77,Stage2-0-0,0,0,0,0,0,0,0,0
1784664643547,unknown,VM-78,Stage3-2-0,0,0,0,0,0,0,0,0
1784664643551,unknown,VM-75,Stage1-1-0,0,0,0,0,0,0,0,0
1784664643558,unknown,VM-73,Stage1-0-0,0,0,0,0,0,0,0,0
1784664643562,unknown,VM-76,Stage2-3-0,0,0,0,0,0,0,0,0
1784664644525,unknown,VM-74,Stage1-3-0,0,0,0,0,0,0,0,0
1784664644539,unknown,VM-79,Stage3-1-0,0,0,0,0,0,0,0,0
1784664644545,unknown,VM-77,Stage2-0-0,0,0,0,0,0,0,0,0
1784664644547,unknown,VM-78,Stage3-2-0,0,0,0,0,0,0,0,0
1784664644551,unknown,VM-75,Stage1-1-0,0,0,0,0,0,0,0,0
1784664644558,unknown,VM-73,Stage1-0-0,0,0,0,0,0,0,0,0
1784664644562,unknown,VM-76,Stage2-3-0,0,0,0,0,0,0,0,0
1784664645525,unknown,VM-74,Stage1-3-0,0,0,0,0,0,0,0,0
1784664645539,unknown,VM-79,Stage3-1-0,0,0,0,0,0,0,0,0
1784664645545,unknown,VM-77,Stage2-0-0,0,0,0,0,0,0,0,0
1784664645547,unknown,VM-78,Stage3-2-0,0,0,0,0,0,0,0,0
1784664645551,unknown,VM-75,Stage1-1-0,0,0,0,0,0,0,0,0
1784664645558,unknown,VM-73,Stage1-0-0,0,0,0,0,0,0,0,0
1784664645562,unknown,VM-76,Stage2-3-0,0,0,0,0,0,0,0,0
1784664646525,unknown,VM-74,Stage1-3-0,0,0,0,0,0,0,0,0
1784664646539,unknown,VM-79,Stage3-1-0,0,0,0,0,0,0,0,0
1784664646545,unknown,VM-77,Stage2-0-0,0,0,0,0,0,0,0,0
1784664646547,unknown,VM-78,Stage3-2-0,0,0,0,0,0,0,0,0
1784664646551,unknown,VM-75,Stage1-1-0,0,0,0,0,0,0,0,0
1784664646558,unknown,VM-73,Stage1-0-0,0,0,0,0,0,0,0,0
1784664646562,unknown,VM-76,Stage2-3-0,0,0,0,0,0,0,0,0
1784664647526,unknown,VM-74,Stage1-3-0,0,0,0,0,0,0,0,0
1784664647539,unknown,VM-79,Stage3-1-0,0,0,0,0,0,0,0,0
1784664647545,unknown,VM-77,Stage2-0-0,0,0,0,0,0,0,0,0
1784664647547,unknown,VM-78,Stage3-2-0,0,0,0,0,0,0,0,0
1784664647551,unknown,VM-75,Stage1-1-0,0,0,0,0,0,0,0,0
1784664647558,unknown,VM-73,Stage1-0-0,0,0,0,0,0,0,0,0
1784664647562,unknown,VM-76,Stage2-3-0,0,0,0,0,0,0,0,0
1784664648525,unknown,VM-74,Stage1-3-0,0,0,0,0,0,0,0,0
1784664648539,unknown,VM-79,Stage3-1-0,0,0,0,0,0,0,0,0
1784664648545,unknown,VM-77,Stage2-0-0,0,0,0,0,0,0,0,0
1784664648547,unknown,VM-78,Stage3-2-0,0,0,0,0,0,0,0,0
1784664648551,unknown,VM-75,Stage1-1-0,0,0,0,0,0,0,0,0
1784664648558,unknown,VM-73,Stage1-0-0,0,0,0,0,0,0,0,0
1784664648562,unknown,VM-76,Stage2-3-0,0,0,0,0,0,0,0,0
1784664649525,unknown,VM-74,Stage1-3-0,0,0,0,0,0,0,0,0
1784664649539,unknown,VM-79,Stage3-1-0,0,0,0,0,0,0,0,0
1784664649545,unknown,VM-77,Stage2-0-0,0,0,0,0,0,0,0,0
1784664649547,unknown,VM-78,Stage3-2-0,0,0,0,0,0,0,0,0
1784664649551,unknown,VM-75,Stage1-1-0,0,0,0,0,0,0,0,0
1784664649558,unknown,VM-73,Stage1-0-0,0,0,0,0,0,0,0,0
1784664649562,unknown,VM-76,Stage2-3-0,0,0,0,0,0,0,0,0
1784664650526,unknown,VM-74,Stage1-3-0,0,0,0,0,0,0,0,0
1784664650539,unknown,VM-79,Stage3-1-0,0,0,0,0,0,0,0,0
1784664650545,unknown,VM-77,Stage2-0-0,0,0,0,0,0,0,0,0
1784664650547,unknown,VM-78,Stage3-2-0,0,0,0,0,0,0,0,0
1784664650551,unknown,VM-75,Stage1-1-0,0,0,0,0,0,0,0,0
1784664650558,unknown,VM-73,Stage1-0-0,0,0,0,0,0,0,0,0
1784664650562,unknown,VM-76,Stage2-3-0,0,0,0,0,0,0,0,0
1784664651525,unknown,VM-74,Stage1-3-0,0,0,0,0,0,0,0,0
1784664651539,unknown,VM-79,Stage3-1-0,0,0,0,0,0,0,0,0
1784664651545,unknown,VM-77,Stage2-0-0,0,0,0,0,0,0,0,0
1784664651547,unknown,VM-78,Stage3-2-0,0,0,0,0,0,0,0,0
1784664651551,unknown,VM-75,Stage1-1-0,0,0,0,0,0,0,0,0
1784664651558,unknown,VM-73,Stage1-0-0,0,0,0,0,0,0,0,0
1784664651562,unknown,VM-76,Stage2-3-0,0,0,0,0,0,0,0,0
1784664652525,unknown,VM-74,Stage1-3-0,0,0,0,0,0,0,0,0
1784664652539,unknown,VM-79,Stage3-1-0,0,0,0,0,0,0,0,0
1784664652545,unknown,VM-77,Stage2-0-0,0,0,0,0,0,0,0,0
1784664652547,unknown,VM-78,Stage3-2-0,0,0,0,0,0,0,0,0
1784664652551,unknown,VM-75,Stage1-1-0,0,0,0,0,0,0,0,0
1784664652558,unknown,VM-73,Stage1-0-0,0,0,0,0,0,0,0,0
1784664652562,unknown,VM-76,Stage2-3-0,0,0,0,0,0,0,0,0
1784664653525,unknown,VM-74,Stage1-3-0,0,0,0,0,0,0,0,0
1784664653539,unknown,VM-79,Stage3-1-0,0,0,0,0,0,0,0,0
1784664653545,unknown,VM-77,Stage2-0-0,0,0,0,0,0,0,0,0
1784664653547,unknown,VM-78,Stage3-2-0,0,0,0,0,0,0,0,0
1784664653551,unknown,VM-75,Stage1-1-0,0,0,0,0,0,0,0,0
1784664653558,unknown,VM-73,Stage1-0-0,0,0,0,0,0,0,0,0
1784664653562,unknown,VM-76,Stage2-3-0,0,0,0,0,0,0,0,0
1784664654525,unknown,VM-74,Stage1-3-0,0,0,0,0,0,0,0,0
1784664654539,unknown,VM-79,Stage3-1-0,0,0,0,0,0,0,0,0
1784664654545,unknown,VM-77,Stage2-0-0,0,0,0,0,0,0,0,0
1784664654547,unknown,VM-78,Stage3-2-0,0,0,0,0,0,0,0,0
1784664654551,unknown,VM-75,Stage1-1-0,0,0,0,0,0,0,0,0
1784664654558,unknown,VM-73,Stage1-0-0,0,0,0,0,0,0,0,0
1784664654562,unknown,VM-76,Stage2-3-0,0,0,0,0,0,0,0,0
1784664655525,unknown,VM-74,Stage1-3-0,0,0,0,0,0,0,0,0
1784664655539,unknown,VM-79,Stage3-1-0,0,0,0,0,0,0,0,0
1784664655545,unknown,VM-77,Stage2-0-0,0,0,0,0,0,0,0,0
1784664655547,unknown,VM-78,Stage3-2-0,0,0,0,0,0,0,0,0
1784664655551,unknown,VM-75,Stage1-1-0,0,0,0,0,0,0,0,0
1784664655558,unknown,VM-73,Stage1-0-0,0,0,0,0,0,0,0,0
1784664655562,unknown,VM-76,Stage2-3-0,0,0,0,0,0,0,0,0
1784664656525,unknown,VM-74,Stage1-3-0,0,0,0,0,0,0,0,0
1784664656539,unknown,VM-79,Stage3-1-0,0,0,0,0,0,0,0,0
1784664656545,unknown,VM-77,Stage2-0-0,0,0,0,0,0,0,0,0
1784664656547,unknown,VM-78,Stage3-2-0,0,0,0,0,0,0,0,0
1784664656551,unknown,VM-75,Stage1-1-0,0,0,0,0,0,0,0,0
1784664656558,unknown,VM-73,Stage1-0-0,0,0,0,0,0,0,0,0
1784664656562,unknown,VM-76,Stage2-3-0,0,0,0,0,0,0,0,0
1784664657525,unknown,VM-74,Stage1-3-0,0,0,0,0,0,0,0,0
1784664657539,unknown,VM-79,Stage3-1-0,0,0,0,0,0,0,0,0
1784664657545,unknown,VM-77,Stage2-0-0,0,0,0,0,0,0,0,0
1784664657547,unknown,VM-78,Stage3-2-0,0,0,0,0,0,0,0,0
1784664657551,unknown,VM-75,Stage1-1-0,0,0,0,0,0,0,0,0
1784664657558,unknown,VM-73,Stage1-0-0,0,0,0,0,0,0,0,0
1784664657562,unknown,VM-76,Stage2-3-0,0,0,0,0,0,0,0,0
1784664658525,unknown,VM-74,Stage1-3-0,0,0,0,0,0,0,0,0
1784664658539,unknown,VM-79,Stage3-1-0,0,0,0,0,0,0,0,0
1784664658545,unknown,VM-77,Stage2-0-0,0,0,0,0,0,0,0,0
1784664658547,unknown,VM-78,Stage3-2-0,0,0,0,0,0,0,0,0
1784664658551,unknown,VM-75,Stage1-1-0,0,0,0,0,0,0,0,0
1784664658558,unknown,VM-73,Stage1-0-0,0,0,0,0,0,0,0,0
1784664658562,unknown,VM-76,Stage2-3-0,0,0,0,0,0,0,0,0
1784664659525,unknown,VM-74,Stage1-3-0,0,0,0,0,0,0,0,0
1784664659539,unknown,VM-79,Stage3-1-0,0,0,0,0,0,0,0,0
1784664659545,unknown,VM-77,Stage2-0-0,0,0,0,0,0,0,0,0
1784664659547,unknown,VM-78,Stage3-2-0,0,0,0,0,0,0,0,0
1784664659551,unknown,VM-75,Stage1-1-0,0,0,0,0,0,0,0,0
1784664659558,unknown,VM-73,Stage1-0-0,0,0,0,0,0,0,0,0
1784664659562,unknown,VM-76,Stage2-3-0,0,0,0,0,0,0,0,0
1784664660525,unknown,VM-74,Stage1-3-0,0,0,0,0,0,0,0,0
1784664660539,unknown,VM-79,Stage3-1-0,0,0,0,0,0,0,0,0
1784664660545,unknown,VM-77,Stage2-0-0,0,0,0,0,0,0,0,0
1784664660547,unknown,VM-78,Stage3-2-0,0,0,0,0,0,0,0,0
1784664660551,unknown,VM-75,Stage1-1-0,0,0,0,0,0,0,0,0
1784664660558,unknown,VM-73,Stage1-0-0,0,0,0,0,0,0,0,0
1784664660562,unknown,VM-76,Stage2-3-0,0,0,0,0,0,0,0,0
1784664661525,unknown,VM-74,Stage1-3-0,0,0,0,0,0,0,0,0
1784664661539,unknown,VM-79,Stage3-1-0,0,0,0,0,0,0,0,0
1784664661545,unknown,VM-77,Stage2-0-0,0,0,0,0,0,0,0,0
1784664661547,unknown,VM-78,Stage3-2-0,0,0,0,0,0,0,0,0
1784664661551,unknown,VM-75,Stage1-1-0,0,0,0,0,0,0,0,0
1784664661558,unknown,VM-73,Stage1-0-0,0,0,0,0,0,0,0,0
1784664661562,unknown,VM-76,Stage2-3-0,0,0,0,0,0,0,0,0
1784664662525,unknown,VM-74,Stage1-3-0,0,0,0,0,0,0,0,0
1784664662539,unknown,VM-79,Stage3-1-0,0,0,0,0,0,0,0,0
1784664662545,unknown,VM-77,Stage2-0-0,0,0,0,0,0,0,0,0
1784664662547,unknown,VM-78,Stage3-2-0,0,0,0,0,0,0,0,0
1784664662551,unknown,VM-75,Stage1-1-0,0,0,0,0,0,0,0,0
1784664662558,unknown,VM-73,Stage1-0-0,0,0,0,0,0,0,0,0
1784664662562,unknown,VM-76,Stage2-3-0,0,0,0,0,0,0,0,0
1784664663525,unknown,VM-74,Stage1-3-0,0,0,0,0,0,0,0,0
1784664663539,unknown,VM-79,Stage3-1-0,0,0,0,0,0,0,0,0
1784664663545,unknown,VM-77,Stage2-0-0,0,0,0,0,0,0,0,0
1784664663547,unknown,VM-78,Stage3-2-0,0,0,0,0,0,0,0,0
1784664663551,unknown,VM-75,Stage1-1-0,0,0,0,0,0,0,0,0
1784664663558,unknown,VM-73,Stage1-0-0,0,0,0,0,0,0,0,0
1784664663562,unknown,VM-76,Stage2-3-0,0,0,0,0,0,0,0,0
1784664664525,unknown,VM-74,Stage1-3-0,0,0,0,0,0,0,0,0
1784664664539,unknown,VM-79,Stage3-1-0,0,0,0,0,0,0,0,0
1784664664545,unknown,VM-77,Stage2-0-0,0,0,0,0,0,0,0,0
1784664664547,unknown,VM-78,Stage3-2-0,0,0,0,0,0,0,0,0
1784664664551,unknown,VM-75,Stage1-1-0,0,0,0,0,0,0,0,0
1784664664558,unknown,VM-73,Stage1-0-0,0,0,0,0,0,0,0,0
1784664664562,unknown,VM-76,Stage2-3-0,0,0,0,0,0,0,0,0
1784664665525,unknown,VM-74,Stage1-3-0,0,0,0,0,0,0,0,0
1784664665539,unknown,VM-79,Stage3-1-0,0,0,0,0,0,0,0,0
1784664665545,unknown,VM-77,Stage2-0-0,0,0,0,0,0,0,0,0
1784664665547,unknown,VM-78,Stage3-2-0,0,0,0,0,0,0,0,0
1784664665551,unknown,VM-75,Stage1-1-0,0,0,0,0,0,0,0,0
1784664665558,unknown,VM-73,Stage1-0-0,0,0,0,0,0,0,0,0
1784664665562,unknown,VM-76,Stage2-3-0,0,0,0,0,0,0,0,0
1784664666525,unknown,VM-74,Stage1-3-0,0,0,0,0,0,0,0,0
1784664666539,unknown,VM-79,Stage3-1-0,0,0,0,0,0,0,0,0
1784664666545,unknown,VM-77,Stage2-0-0,0,0,0,0,0,0,0,0
1784664666547,unknown,VM-78,Stage3-2-0,0,0,0,0,0,0,0,0
1784664666551,unknown,VM-75,Stage1-1-0,0,0,0,0,0,0,0,0
1784664666558,unknown,VM-73,Stage1-0-0,0,0,0,0,0,0,0,0
1784664666562,unknown,VM-76,Stage2-3-0,0,0,0,0,0,0,0,0
1784664667525,unknown,VM-74,Stage1-3-0,0,0,0,0,0,0,0,0
1784664667539,unknown,VM-79,Stage3-1-0,0,0,0,0,0,0,0,0
1784664667545,unknown,VM-77,Stage2-0-0,0,0,0,0,0,0,0,0
1784664667547,unknown,VM-78,Stage3-2-0,0,0,0,0,0,0,0,0
1784664667551,unknown,VM-75,Stage1-1-0,0,0,0,0,0,0,0,0
1784664667558,unknown,VM-73,Stage1-0-0,0,0,0,0,0,0,0,0
1784664667562,unknown,VM-76,Stage2-3-0,0,0,0,0,0,0,0,0
1784664668526,unknown,VM-74,Stage1-3-0,0,0,0,0,0,0,0,0
1784664668539,unknown,VM-79,Stage3-1-0,0,0,0,0,0,0,0,0
1784664668545,unknown,VM-77,Stage2-0-0,0,0,0,0,0,0,0,0
1784664668547,unknown,VM-78,Stage3-2-0,0,0,0,0,0,0,0,0
1784664668551,unknown,VM-75,Stage1-1-0,0,0,0,0,0,0,0,0
1784664668558,unknown,VM-73,Stage1-0-0,0,0,0,0,0,0,0,0
1784664668562,unknown,VM-76,Stage2-3-0,0,0,0,0,0,0,0,0
1784664669526,unknown,VM-74,Stage1-3-0,0,0,0,0,0,0,0,0
1784664669539,unknown,VM-79,Stage3-1-0,0,0,0,0,0,0,0,0
1784664669545,unknown,VM-77,Stage2-0-0,0,0,0,0,0,0,0,0
1784664669547,unknown,VM-78,Stage3-2-0,0,0,0,0,0,0,0,0
1784664669551,unknown,VM-75,Stage1-1-0,0,0,0,0,0,0,0,0
1784664669558,unknown,VM-73,Stage1-0-0,0,0,0,0,0,0,0,0
1784664669562,unknown,VM-76,Stage2-3-0,0,0,0,0,0,0,0,0
1784664670525,unknown,VM-74,Stage1-3-0,0,0,0,0,0,0,0,0
1784664670539,unknown,VM-79,Stage3-1-0,0,0,0,0,0,0,0,0
1784664670545,unknown,VM-77,Stage2-0-0,0,0,0,0,0,0,0,0
1784664670547,unknown,VM-78,Stage3-2-0,0,0,0,0,0,0,0,0
1784664670551,unknown,VM-75,Stage1-1-0,0,0,0,0,0,0,0,0
1784664670558,unknown,VM-73,Stage1-0-0,0,0,0,0,0,0,0,0
1784664670562,unknown,VM-76,Stage2-3-0,0,0,0,0,0,0,0,0
1784664671525,unknown,VM-74,Stage1-3-0,0,0,0,0,0,0,0,0
1784664671539,unknown,VM-79,Stage3-1-0,0,0,0,0,0,0,0,0
1784664671545,unknown,VM-77,Stage2-0-0,0,0,0,0,0,0,0,0
1784664671547,unknown,VM-78,Stage3-2-0,0,0,0,0,0,0,0,0
1784664671551,unknown,VM-75,Stage1-1-0,0,0,0,0,0,0,0,0
1784664671558,unknown,VM-73,Stage1-0-0,0,0,0,0,0,0,0,0
1784664671562,unknown,VM-76,Stage2-3-0,0,0,0,0,0,0,0,0
1784664672525,unknown,VM-74,Stage1-3-0,0,0,0,0,0,0,0,0
1784664672539,unknown,VM-79,Stage3-1-0,0,0,0,0,0,0,0,0
1784664672545,unknown,VM-77,Stage2-0-0,0,0,0,0,0,0,0,0
1784664672547,unknown,VM-78,Stage3-2-0,0,0,0,0,0,0,0,0
1784664672551,unknown,VM-75,Stage1-1-0,0,0,0,0,0,0,0,0
1784664672558,unknown,VM-73,Stage1-0-0,0,0,0,0,0,0,0,0
1784664672562,unknown,VM-76,Stage2-3-0,0,0,0,0,0,0,0,0
1784664673525,unknown,VM-74,Stage1-3-0,0,0,0,0,0,0,0,0
1784664673539,unknown,VM-79,Stage3-1-0,0,0,0,0,0,0,0,0
1784664673545,unknown,VM-77,Stage2-0-0,0,0,0,0,0,0,0,0
1784664673547,unknown,VM-78,Stage3-2-0,0,0,0,0,0,0,0,0
1784664673551,unknown,VM-75,Stage1-1-0,0,0,0,0,0,0,0,0
1784664673558,unknown,VM-73,Stage1-0-0,0,0,0,0,0,0,0,0
1784664673562,unknown,VM-76,Stage2-3-0,0,0,0,0,0,0,0,0
1784664674525,unknown,VM-74,Stage1-3-0,0,0,0,0,0,0,0,0
1784664674539,unknown,VM-79,Stage3-1-0,0,0,0,0,0,0,0,0
1784664674545,unknown,VM-77,Stage2-0-0,0,0,0,0,0,0,0,0
1784664674547,unknown,VM-78,Stage3-2-0,0,0,0,0,0,0,0,0
1784664674551,unknown,VM-75,Stage1-1-0,0,0,0,0,0,0,0,0
1784664674558,unknown,VM-73,Stage1-0-0,0,0,0,0,0,0,0,0
1784664674562,unknown,VM-76,Stage2-3-0,0,0,0,0,0,0,0,0
1784664675525,unknown,VM-74,Stage1-3-0,0,0,0,0,0,0,0,0
1784664675539,unknown,VM-79,Stage3-1-0,0,0,0,0,0,0,0,0
1784664675545,unknown,VM-77,Stage2-0-0,0,0,0,0,0,0,0,0
1784664675547,unknown,VM-78,Stage3-2-0,0,0,0,0,0,0,0,0
1784664675551,unknown,VM-75,Stage1-1-0,0,0,0,0,0,0,0,0
1784664675558,unknown,VM-73,Stage1-0-0,0,0,0,0,0,0,0,0
1784664675562,unknown,VM-76,Stage2-3-0,0,0,0,0,0,0,0,0
1784664676525,unknown,VM-74,Stage1-3-0,0,0,0,0,0,0,0,0
1784664676539,unknown,VM-79,Stage3-1-0,0,0,0,0,0,0,0,0
1784664676545,unknown,VM-77,Stage2-0-0,0,0,0,0,0,0,0,0
1784664676547,unknown,VM-78,Stage3-2-0,0,0,0,0,0,0,0,0
1784664676551,unknown,VM-75,Stage1-1-0,0,0,0,0,0,0,0,0
1784664676558,unknown,VM-73,Stage1-0-0,0,0,0,0,0,0,0,0
1784664676562,unknown,VM-76,Stage2-3-0,0,0,0,0,0,0,0,0
1784664677525,unknown,VM-74,Stage1-3-0,0,0,0,0,0,0,0,0
1784664677539,unknown,VM-79,Stage3-1-0,0,0,0,0,0,0,0,0
1784664677545,unknown,VM-77,Stage2-0-0,0,0,0,0,0,0,0,0
1784664677547,unknown,VM-78,Stage3-2-0,0,0,0,0,0,0,0,0
1784664677551,unknown,VM-75,Stage1-1-0,0,0,0,0,0,0,0,0
1784664677558,unknown,VM-73,Stage1-0-0,0,0,0,0,0,0,0,0
1784664677562,unknown,VM-76,Stage2-3-0,0,0,0,0,0,0,0,0
1784664678525,unknown,VM-74,Stage1-3-0,0,0,0,0,0,0,0,0
1784664678539,unknown,VM-79,Stage3-1-0,0,0,0,0,0,0,0,0
1784664678545,unknown,VM-77,Stage2-0-0,0,0,0,0,0,0,0,0
1784664678547,unknown,VM-78,Stage3-2-0,0,0,0,0,0,0,0,0
1784664678551,unknown,VM-75,Stage1-1-0,0,0,0,0,0,0,0,0
1784664678558,unknown,VM-73,Stage1-0-0,0,0,0,0,0,0,0,0
1784664678562,unknown,VM-76,Stage2-3-0,0,0,0,0,0,0,0,0
1784664679525,unknown,VM-74,Stage1-3-0,0,0,0,0,0,0,0,0
1784664679539,unknown,VM-79,Stage3-1-0,0,0,0,0,0,0,0,0
1784664679545,unknown,VM-77,Stage2-0-0,0,0,0,0,0,0,0,0
1784664679547,unknown,VM-78,Stage3-2-0,0,0,0,0,0,0,0,0
1784664679551,unknown,VM-75,Stage1-1-0,0,0,0,0,0,0,0,0
1784664679558,unknown,VM-73,Stage1-0-0,0,0,0,0,0,0,0,0
1784664679562,unknown,VM-76,Stage2-3-0,0,0,0,0,0,0,0,0
1784664680525,unknown,VM-74,Stage1-3-0,0,0,0,0,0,0,0,0
1784664680539,unknown,VM-79,Stage3-1-0,0,0,0,0,0,0,0,0
1784664680545,unknown,VM-77,Stage2-0-0,0,0,0,0,0,0,0,0
1784664680547,unknown,VM-78,Stage3-2-0,0,0,0,0,0,0,0,0
1784664680551,unknown,VM-75,Stage1-1-0,0,0,0,0,0,0,0,0
1784664680558,unknown,VM-73,Stage1-0-0,0,0,0,0,0,0,0,0
1784664680562,unknown,VM-76,Stage2-3-0,0,0,0,0,0,0,0,0
1784664681525,unknown,VM-74,Stage1-3-0,0,0,0,0,0,0,0,0
1784664681539,unknown,VM-79,Stage3-1-0,0,0,0,0,0,0,0,0
1784664681545,unknown,VM-77,Stage2-0-0,0,0,0,0,0,0,0,0
1784664681547,unknown,VM-78,Stage3-2-0,0,0,0,0,0,0,0,0
1784664681551,unknown,VM-75,Stage1-1-0,0,0,0,0,0,0,0,0
1784664681558,unknown,VM-73,Stage1-0-0,0,0,0,0,0,0,0,0
1784664681562,unknown,VM-76,Stage2-3-0,0,0,0,0,0,0,0,0
1784664682525,unknown,VM-74,Stage1-3-0,0,0,0,0,0,0,0,0
1784664682539,unknown,VM-79,Stage3-1-0,0,0,0,0,0,0,0,0
1784664682545,unknown,VM-77,Stage2-0-0,0,0,0,0,0,0,0,0
1784664682547,unknown,VM-78,Stage3-2-0,0,0,0,0,0,0,0,0
1784664682551,unknown,VM-75,Stage1-1-0,0,0,0,0,0,0,0,0
1784664682558,unknown,VM-73,Stage1-0-0,0,0,0,0,0,0,0,0
1784664682562,unknown,VM-76,Stage2-3-0,0,0,0,0,0,0,0,0
1784664683525,unknown,VM-74,Stage1-3-0,0,0,0,0,0,0,0,0
1784664683539,unknown,VM-79,Stage3-1-0,0,0,0,0,0,0,0,0
1784664683545,unknown,VM-77,Stage2-0-0,0,0,0,0,0,0,0,0
1784664683547,unknown,VM-78,Stage3-2-0,0,0,0,0,0,0,0,0
1784664683551,unknown,VM-75,Stage1-1-0,0,0,0,0,0,0,0,0
1784664683558,unknown,VM-73,Stage1-0-0,0,0,0,0,0,0,0,0
1784664683562,unknown,VM-76,Stage2-3-0,0,0,0,0,0,0,0,0
1784664684526,unknown,VM-74,Stage1-3-0,0,0,0,0,0,0,0,0
1784664684539,unknown,VM-79,Stage3-1-0,0,0,0,0,0,0,0,0
1784664684545,unknown,VM-77,Stage2-0-0,0,0,0,0,0,0,0,0
1784664684547,unknown,VM-78,Stage3-2-0,0,0,0,0,0,0,0,0
1784664684551,unknown,VM-75,Stage1-1-0,0,0,0,0,0,0,0,0
1784664684558,unknown,VM-73,Stage1-0-0,0,0,0,0,0,0,0,0
1784664684562,unknown,VM-76,Stage2-3-0,0,0,0,0,0,0,0,0
1784664685525,unknown,VM-74,Stage1-3-0,0,0,0,0,0,0,0,0
1784664685539,unknown,VM-79,Stage3-1-0,0,0,0,0,0,0,0,0
1784664685545,unknown,VM-77,Stage2-0-0,0,0,0,0,0,0,0,0
1784664685547,unknown,VM-78,Stage3-2-0,0,0,0,0,0,0,0,0
1784664685551,unknown,VM-75,Stage1-1-0,0,0,0,0,0,0,0,0
1784664685558,unknown,VM-73,Stage1-0-0,0,0,0,0,0,0,0,0
1784664685562,unknown,VM-76,Stage2-3-0,0,0,0,0,0,0,0,0
1784664686525,unknown,VM-74,Stage1-3-0,0,0,0,0,0,0,0,0
1784664686539,unknown,VM-79,Stage3-1-0,0,0,0,0,0,0,0,0
1784664686545,unknown,VM-77,Stage2-0-0,0,0,0,0,0,0,0,0
1784664686547,unknown,VM-78,Stage3-2-0,0,0,0,0,0,0,0,0
1784664686551,unknown,VM-75,Stage1-1-0,0,0,0,0,0,0,0,0
1784664686558,unknown,VM-73,Stage1-0-0,0,0,0,0,0,0,0,0
1784664686562,unknown,VM-76,Stage2-3-0,0,0,0,0,0,0,0,0
1784664687525,unknown,VM-74,Stage1-3-0,0,0,0,0,0,0,0,0
1784664687539,unknown,VM-79,Stage3-1-0,0,0,0,0,0,0,0,0
1784664687545,unknown,VM-77,Stage2-0-0,0,0,0,0,0,0,0,0
1784664687547,unknown,VM-78,Stage3-2-0,0,0,0,0,0,0,0,0
1784664687551,unknown,VM-75,Stage1-1-0,0,0,0,0,0,0,0,0
1784664687558,unknown,VM-73,Stage1-0-0,0,0,0,0,0,0,0,0
1784664687562,unknown,VM-76,Stage2-3-0,0,0,0,0,0,0,0,0
1784664688525,unknown,VM-74,Stage1-3-0,0,0,0,0,0,0,0,0
1784664688539,unknown,VM-79,Stage3-1-0,0,0,0,0,0,0,0,0
1784664688545,unknown,VM-77,Stage2-0-0,0,0,0,0,0,0,0,0
1784664688547,unknown,VM-78,Stage3-2-0,0,0,0,0,0,0,0,0
1784664688551,unknown,VM-75,Stage1-1-0,0,0,0,0,0,0,0,0
1784664688558,unknown,VM-73,Stage1-0-0,0,0,0,0,0,0,0,0
1784664688562,unknown,VM-76,Stage2-3-0,0,0,0,0,0,0,0,0
1784664689525,unknown,VM-74,Stage1-3-0,0,0,0,0,0,0,0,0
1784664689539,unknown,VM-79,Stage3-1-0,0,0,0,0,0,0,0,0
1784664689545,unknown,VM-77,Stage2-0-0,0,0,0,0,0,0,0,0
1784664689547,unknown,VM-78,Stage3-2-0,0,0,0,0,0,0,0,0
1784664689551,unknown,VM-75,Stage1-1-0,0,0,0,0,0,0,0,0
1784664689558,unknown,VM-73,Stage1-0-0,0,0,0,0,0,0,0,0
1784664689562,unknown,VM-76,Stage2-3-0,0,0,0,0,0,0,0,0
1784664690525,unknown,VM-74,Stage1-3-0,0,0,0,0,0,0,0,0
1784664690539,unknown,VM-79,Stage3-1-0,0,0,0,0,0,0,0,0
1784664690545,unknown,VM-77,Stage2-0-0,0,0,0,0,0,0,0,0
1784664690547,unknown,VM-78,Stage3-2-0,0,0,0,0,0,0,0,0
1784664690551,unknown,VM-75,Stage1-1-0,0,0,0,0,0,0,0,0
1784664690558,unknown,VM-73,Stage1-0-0,0,0,0,0,0,0,0,0
1784664690562,unknown,VM-76,Stage2-3-0,0,0,0,0,0,0,0,0
1784664691526,unknown,VM-74,Stage1-3-0,0,0,0,0,0,0,0,0
1784664691539,unknown,VM-79,Stage3-1-0,0,0,0,0,0,0,0,0
1784664691545,unknown,VM-77,Stage2-0-0,0,0,0,0,0,0,0,0
1784664691547,unknown,VM-78,Stage3-2-0,0,0,0,0,0,0,0,0
1784664691551,unknown,VM-75,Stage1-1-0,0,0,0,0,0,0,0,0
1784664691558,unknown,VM-73,Stage1-0-0,0,0,0,0,0,0,0,0
1784664691562,unknown,VM-76,Stage2-3-0,0,0,0,0,0,0,0,0
1784664692526,unknown,VM-74,Stage1-3-0,0,0,0,0,0,0,0,0
1784664692539,unknown,VM-79,Stage3-1-0,0,0,0,0,0,0,0,0
1784664692545,unknown,VM-77,Stage2-0-0,0,0,0,0,0,0,0,0
1784664692547,unknown,VM-78,Stage3-2-0,0,0,0,0,0,0,0,0
1784664692551,unknown,VM-75,Stage1-1-0,0,0,0,0,0,0,0,0
1784664692558,unknown,VM-73,Stage1-0-0,0,0,0,0,0,0,0,0
1784664692562,unknown,VM-76,Stage2-3-0,0,0,0,0,0,0,0,0
1784664693525,unknown,VM-74,Stage1-3-0,0,0,0,0,0,0,0,0
1784664693539,unknown,VM-79,Stage3-1-0,0,0,0,0,0,0,0,0
1784664693545,unknown,VM-77,Stage2-0-0,0,0,0,0,0,0,0,0
1784664693547,unknown,VM-78,Stage3-2-0,0,0,0,0,0,0,0,0
1784664693551,unknown,VM-75,Stage1-1-0,0,0,0,0,0,0,0,0
1784664693558,unknown,VM-73,Stage1-0-0,0,0,0,0,0,0,0,0
1784664693562,unknown,VM-76,Stage2-3-0,0,0,0,0,0,0,0,0
1784664694525,unknown,VM-74,Stage1-3-0,0,0,0,0,0,0,0,0
1784664694539,unknown,VM-79,Stage3-1-0,0,0,0,0,0,0,0,0
1784664694545,unknown,VM-77,Stage2-0-0,0,0,0,0,0,0,0,0
1784664694547,unknown,VM-78,Stage3-2-0,0,0,0,0,0,0,0,0
1784664694551,unknown,VM-75,Stage1-1-0,0,0,0,0,0,0,0,0
1784664694558,unknown,VM-73,Stage1-0-0,0,0,0,0,0,0,0,0
1784664694562,unknown,VM-76,Stage2-3-0,0,0,0,0,0,0,0,0
1784664695525,unknown,VM-74,Stage1-3-0,0,0,0,0,0,0,0,0
1784664695539,unknown,VM-79,Stage3-1-0,0,0,0,0,0,0,0,0
1784664695545,unknown,VM-77,Stage2-0-0,0,0,0,0,0,0,0,0
1784664695547,unknown,VM-78,Stage3-2-0,0,0,0,0,0,0,0,0
1784664695551,unknown,VM-75,Stage1-1-0,0,0,0,0,0,0,0,0
1784664695558,unknown,VM-73,Stage1-0-0,0,0,0,0,0,0,0,0
1784664695562,unknown,VM-76,Stage2-3-0,0,0,0,0,0,0,0,0
1784664696526,unknown,VM-74,Stage1-3-0,0,0,0,0,0,0,0,0
1784664696539,unknown,VM-79,Stage3-1-0,0,0,0,0,0,0,0,0
1784664696545,unknown,VM-77,Stage2-0-0,0,0,0,0,0,0,0,0
1784664696547,unknown,VM-78,Stage3-2-0,0,0,0,0,0,0,0,0
1784664696551,unknown,VM-75,Stage1-1-0,0,0,0,0,0,0,0,0
1784664696558,unknown,VM-73,Stage1-0-0,0,0,0,0,0,0,0,0
1784664696562,unknown,VM-76,Stage2-3-0,0,0,0,0,0,0,0,0
1784664697525,unknown,VM-74,Stage1-3-0,0,0,0,0,0,0,0,0
1784664697539,unknown,VM-79,Stage3-1-0,0,0,0,0,0,0,0,0
1784664697545,unknown,VM-77,Stage2-0-0,0,0,0,0,0,0,0,0
1784664697547,unknown,VM-78,Stage3-2-0,0,0,0,0,0,0,0,0
1784664697551,unknown,VM-75,Stage1-1-0,0,0,0,0,0,0,0,0
1784664697558,unknown,VM-73,Stage1-0-0,0,0,0,0,0,0,0,0
1784664697562,unknown,VM-76,Stage2-3-0,0,0,0,0,0,0,0,0
1784664698525,unknown,VM-74,Stage1-3-0,0,0,0,0,0,0,0,0
1784664698539,unknown,VM-79,Stage3-1-0,0,0,0,0,0,0,0,0
1784664698545,unknown,VM-77,Stage2-0-0,0,0,0,0,0,0,0,0
1784664698547,unknown,VM-78,Stage3-2-0,0,0,0,0,0,0,0,0
1784664698551,unknown,VM-75,Stage1-1-0,0,0,0,0,0,0,0,0
1784664698558,unknown,VM-73,Stage1-0-0,0,0,0,0,0,0,0,0
1784664698562,unknown,VM-76,Stage2-3-0,0,0,0,0,0,0,0,0
1784664699525,unknown,VM-74,Stage1-3-0,0,0,0,0,0,0,0,0
1784664699539,unknown,VM-79,Stage3-1-0,0,0,0,0,0,0,0,0
1784664699545,unknown,VM-77,Stage2-0-0,0,0,0,0,0,0,0,0
1784664699547,unknown,VM-78,Stage3-2-0,0,0,0,0,0,0,0,0
1784664699551,unknown,VM-75,Stage1-1-0,0,0,0,0,0,0,0,0
1784664699558,unknown,VM-73,Stage1-0-0,0,0,0,0,0,0,0,0
1784664699562,unknown,VM-76,Stage2-3-0,0,0,0,0,0,0,0,0
1784664700526,unknown,VM-74,Stage1-3-0,0,0,0,0,0,0,0,0
1784664700539,unknown,VM-79,Stage3-1-0,0,0,0,0,0,0,0,0
1784664700545,unknown,VM-77,Stage2-0-0,0,0,0,0,0,0,0,0
1784664700547,unknown,VM-78,Stage3-2-0,0,0,0,0,0,0,0,0
1784664700551,unknown,VM-75,Stage1-1-0,0,0,0,0,0,0,0,0
1784664700558,unknown,VM-73,Stage1-0-0,0,0,0,0,0,0,0,0
1784664700562,unknown,VM-76,Stage2-3-0,0,0,0,0,0,0,0,0
1784664701525,unknown,VM-74,Stage1-3-0,0,0,0,0,0,0,0,0
1784664701539,unknown,VM-79,Stage3-1-0,0,0,0,0,0,0,0,0
1784664701545,unknown,VM-77,Stage2-0-0,0,0,0,0,0,0,0,0
1784664701547,unknown,VM-78,Stage3-2-0,0,0,0,0,0,0,0,0
1784664701551,unknown,VM-75,Stage1-1-0,0,0,0,0,0,0,0,0
1784664701558,unknown,VM-73,Stage1-0-0,0,0,0,0,0,0,0,0
1784664701562,unknown,VM-76,Stage2-3-0,0,0,0,0,0,0,0,0
1784664702525,unknown,VM-74,Stage1-3-0,0,0,0,0,0,0,0,0
1784664702539,unknown,VM-79,Stage3-1-0,0,0,0,0,0,0,0,0
1784664702545,unknown,VM-77,Stage2-0-0,0,0,0,0,0,0,0,0
1784664702547,unknown,VM-78,Stage3-2-0,0,0,0,0,0,0,0,0
1784664702551,unknown,VM-75,Stage1-1-0,0,0,0,0,0,0,0,0
1784664702558,unknown,VM-73,Stage1-0-0,0,0,0,0,0,0,0,0
1784664702562,unknown,VM-76,Stage2-3-0,0,0,0,0,0,0,0,0
1784664703526,unknown,VM-74,Stage1-3-0,0,0,0,0,0,0,0,0
1784664703539,unknown,VM-79,Stage3-1-0,0,0,0,0,0,0,0,0
1784664703545,unknown,VM-77,Stage2-0-0,0,0,0,0,0,0,0,0
1784664703547,unknown,VM-78,Stage3-2-0,0,0,0,0,0,0,0,0
1784664703551,unknown,VM-75,Stage1-1-0,0,0,0,0,0,0,0,0
1784664703558,unknown,VM-73,Stage1-0-0,0,0,0,0,0,0,0,0
1784664703562,unknown,VM-76,Stage2-3-0,0,0,0,0,0,0,0,0
1784664704526,unknown,VM-74,Stage1-3-0,0,0,0,0,0,0,0,0
1784664704539,unknown,VM-79,Stage3-1-0,0,0,0,0,0,0,0,0
1784664704545,unknown,VM-77,Stage2-0-0,0,0,0,0,0,0,0,0
1784664704547,unknown,VM-78,Stage3-2-0,0,0,0,0,0,0,0,0
1784664704551,unknown,VM-75,Stage1-1-0,0,0,0,0,0,0,0,0
1784664704558,unknown,VM-73,Stage1-0-0,0,0,0,0,0,0,0,0
1784664704562,unknown,VM-76,Stage2-3-0,0,0,0,0,0,0,0,0
1784664705525,unknown,VM-74,Stage1-3-0,0,0,0,0,0,0,0,0
1784664705539,unknown,VM-79,Stage3-1-0,0,0,0,0,0,0,0,0
1784664705545,unknown,VM-77,Stage2-0-0,0,0,0,0,0,0,0,0
1784664705547,unknown,VM-78,Stage3-2-0,0,0,0,0,0,0,0,0
1784664705551,unknown,VM-75,Stage1-1-0,0,0,0,0,0,0,0,0
1784664705558,unknown,VM-73,Stage1-0-0,0,0,0,0,0,0,0,0
1784664705562,unknown,VM-76,Stage2-3-0,0,0,0,0,0,0,0,0
1784664706525,unknown,VM-74,Stage1-3-0,0,0,0,0,0,0,0,0
1784664706539,unknown,VM-79,Stage3-1-0,0,0,0,0,0,0,0,0
1784664706545,unknown,VM-77,Stage2-0-0,0,0,0,0,0,0,0,0
1784664706547,unknown,VM-78,Stage3-2-0,0,0,0,0,0,0,0,0
1784664706551,unknown,VM-75,Stage1-1-0,0,0,0,0,0,0,0,0
1784664706558,unknown,VM-73,Stage1-0-0,0,0,0,0,0,0,0,0
1784664706562,unknown,VM-76,Stage2-3-0,0,0,0,0,0,0,0,0
1784664707525,unknown,VM-74,Stage1-3-0,0,0,0,0,0,0,0,0
1784664707539,unknown,VM-79,Stage3-1-0,0,0,0,0,0,0,0,0
1784664707545,unknown,VM-77,Stage2-0-0,0,0,0,0,0,0,0,0
1784664707547,unknown,VM-78,Stage3-2-0,0,0,0,0,0,0,0,0
1784664707551,unknown,VM-75,Stage1-1-0,0,0,0,0,0,0,0,0
1784664707558,unknown,VM-73,Stage1-0-0,0,0,0,0,0,0,0,0
1784664707562,unknown,VM-76,Stage2-3-0,0,0,0,0,0,0,0,0
1784664708525,unknown,VM-74,Stage1-3-0,0,0,0,0,0,0,0,0
1784664708539,unknown,VM-79,Stage3-1-0,0,0,0,0,0,0,0,0
1784664708545,unknown,VM-77,Stage2-0-0,0,0,0,0,0,0,0,0
1784664708547,unknown,VM-78,Stage3-2-0,0,0,0,0,0,0,0,0
1784664708551,unknown,VM-75,Stage1-1-0,0,0,0,0,0,0,0,0
1784664708558,unknown,VM-73,Stage1-0-0,0,0,0,0,0,0,0,0
1784664708562,unknown,VM-76,Stage2-3-0,0,0,0,0,0,0,0,0
1784664709525,unknown,VM-74,Stage1-3-0,0,0,0,0,0,0,0,0
1784664709539,unknown,VM-79,Stage3-1-0,0,0,0,0,0,0,0,0
1784664709545,unknown,VM-77,Stage2-0-0,0,0,0,0,0,0,0,0
1784664709547,unknown,VM-78,Stage3-2-0,0,0,0,0,0,0,0,0
1784664709551,unknown,VM-75,Stage1-1-0,0,0,0,0,0,0,0,0
1784664709558,unknown,VM-73,Stage1-0-0,0,0,0,0,0,0,0,0
1784664709562,unknown,VM-76,Stage2-3-0,0,0,0,0,0,0,0,0
1784664710525,unknown,VM-74,Stage1-3-0,0,0,0,0,0,0,0,0
1784664710539,unknown,VM-79,Stage3-1-0,0,0,0,0,0,0,0,0
1784664710545,unknown,VM-77,Stage2-0-0,0,0,0,0,0,0,0,0
1784664710547,unknown,VM-78,Stage3-2-0,0,0,0,0,0,0,0,0
1784664710551,unknown,VM-75,Stage1-1-0,0,0,0,0,0,0,0,0
1784664710558,unknown,VM-73,Stage1-0-0,0,0,0,0,0,0,0,0
1784664710562,unknown,VM-76,Stage2-3-0,0,0,0,0,0,0,0,0
1784664711525,unknown,VM-74,Stage1-3-0,0,0,0,0,0,0,0,0
1784664711539,unknown,VM-79,Stage3-1-0,0,0,0,0,0,0,0,0
1784664711545,unknown,VM-77,Stage2-0-0,0,0,0,0,0,0,0,0
1784664711547,unknown,VM-78,Stage3-2-0,0,0,0,0,0,0,0,0
1784664711551,unknown,VM-75,Stage1-1-0,0,0,0,0,0,0,0,0
1784664711558,unknown,VM-73,Stage1-0-0,0,0,0,0,0,0,0,0
1784664711562,unknown,VM-76,Stage2-3-0,0,0,0,0,0,0,0,0
1784664712526,unknown,VM-74,Stage1-3-0,0,0,0,0,0,0,0,0
1784664712539,unknown,VM-79,Stage3-1-0,0,0,0,0,0,0,0,0
1784664712545,unknown,VM-77,Stage2-0-0,0,0,0,0,0,0,0,0
1784664712547,unknown,VM-78,Stage3-2-0,0,0,0,0,0,0,0,0
1784664712551,unknown,VM-75,Stage1-1-0,0,0,0,0,0,0,0,0
1784664712558,unknown,VM-73,Stage1-0-0,0,0,0,0,0,0,0,0
1784664712562,unknown,VM-76,Stage2-3-0,0,0,0,0,0,0,0,0
1784664713525,unknown,VM-74,Stage1-3-0,0,0,0,0,0,0,0,0
1784664713539,unknown,VM-79,Stage3-1-0,0,0,0,0,0,0,0,0
1784664713545,unknown,VM-77,Stage2-0-0,0,0,0,0,0,0,0,0
1784664713547,unknown,VM-78,Stage3-2-0,0,0,0,0,0,0,0,0
1784664713551,unknown,VM-75,Stage1-1-0,0,0,0,0,0,0,0,0
1784664713558,unknown,VM-73,Stage1-0-0,0,0,0,0,0,0,0,0
1784664713562,unknown,VM-76,Stage2-3-0,0,0,0,0,0,0,0,0
1784664714525,unknown,VM-74,Stage1-3-0,0,0,0,0,0,0,0,0
1784664714539,unknown,VM-79,Stage3-1-0,0,0,0,0,0,0,0,0
1784664714545,unknown,VM-77,Stage2-0-0,0,0,0,0,0,0,0,0
1784664714547,unknown,VM-78,Stage3-2-0,0,0,0,0,0,0,0,0
1784664714551,unknown,VM-75,Stage1-1-0,0,0,0,0,0,0,0,0
1784664714558,unknown,VM-73,Stage1-0-0,0,0,0,0,0,0,0,0
1784664714562,unknown,VM-76,Stage2-3-0,0,0,0,0,0,0,0,0
1784664715525,unknown,VM-74,Stage1-3-0,0,0,0,0,0,0,0,0
1784664715539,unknown,VM-79,Stage3-1-0,0,0,0,0,0,0,0,0
1784664715545,unknown,VM-77,Stage2-0-0,0,0,0,0,0,0,0,0
1784664715547,unknown,VM-78,Stage3-2-0,0,0,0,0,0,0,0,0
1784664715551,unknown,VM-75,Stage1-1-0,0,0,0,0,0,0,0,0
1784664715558,unknown,VM-73,Stage1-0-0,0,0,0,0,0,0,0,0
1784664715562,unknown,VM-76,Stage2-3-0,0,0,0,0,0,0,0,0
1784664716525,unknown,VM-74,Stage1-3-0,0,0,0,0,0,0,0,0
1784664716539,unknown,VM-79,Stage3-1-0,0,0,0,0,0,0,0,0
1784664716545,unknown,VM-77,Stage2-0-0,0,0,0,0,0,0,0,0
1784664716547,unknown,VM-78,Stage3-2-0,0,0,0,0,0,0,0,0
1784664716551,unknown,VM-75,Stage1-1-0,0,0,0,0,0,0,0,0
1784664716558,unknown,VM-73,Stage1-0-0,0,0,0,0,0,0,0,0
1784664716562,unknown,VM-76,Stage2-3-0,0,0,0,0,0,0,0,0
1784664717525,unknown,VM-74,Stage1-3-0,0,0,0,0,0,0,0,0
1784664717539,unknown,VM-79,Stage3-1-0,0,0,0,0,0,0,0,0
1784664717545,unknown,VM-77,Stage2-0-0,0,0,0,0,0,0,0,0
1784664717547,unknown,VM-78,Stage3-2-0,0,0,0,0,0,0,0,0
1784664717551,unknown,VM-75,Stage1-1-0,0,0,0,0,0,0,0,0
1784664717558,unknown,VM-73,Stage1-0-0,0,0,0,0,0,0,0,0
1784664717562,unknown,VM-76,Stage2-3-0,0,0,0,0,0,0,0,0
1784664718525,unknown,VM-74,Stage1-3-0,0,0,0,0,0,0,0,0
1784664718539,unknown,VM-79,Stage3-1-0,0,0,0,0,0,0,0,0
1784664718545,unknown,VM-77,Stage2-0-0,0,0,0,0,0,0,0,0
1784664718547,unknown,VM-78,Stage3-2-0,0,0,0,0,0,0,0,0
1784664718551,unknown,VM-75,Stage1-1-0,0,0,0,0,0,0,0,0
1784664718558,unknown,VM-73,Stage1-0-0,0,0,0,0,0,0,0,0
1784664718562,unknown,VM-76,Stage2-3-0,0,0,0,0,0,0,0,0
1784664719525,unknown,VM-74,Stage1-3-0,0,0,0,0,0,0,0,0
1784664719539,unknown,VM-79,Stage3-1-0,0,0,0,0,0,0,0,0
1784664719545,unknown,VM-77,Stage2-0-0,0,0,0,0,0,0,0,0
1784664719547,unknown,VM-78,Stage3-2-0,0,0,0,0,0,0,0,0
1784664719551,unknown,VM-75,Stage1-1-0,0,0,0,0,0,0,0,0
1784664719558,unknown,VM-73,Stage1-0-0,0,0,0,0,0,0,0,0
1784664719562,unknown,VM-76,Stage2-3-0,0,0,0,0,0,0,0,0
1784664720525,unknown,VM-74,Stage1-3-0,0,0,0,0,0,0,0,0
1784664720539,unknown,VM-79,Stage3-1-0,0,0,0,0,0,0,0,0
1784664720545,unknown,VM-77,Stage2-0-0,0,0,0,0,0,0,0,0
1784664720547,unknown,VM-78,Stage3-2-0,0,0,0,0,0,0,0,0
1784664720551,unknown,VM-75,Stage1-1-0,0,0,0,0,0,0,0,0
1784664720558,unknown,VM-73,Stage1-0-0,0,0,0,0,0,0,0,0
1784664720562,unknown,VM-76,Stage2-3-0,0,0,0,0,0,0,0,0
1784664721525,unknown,VM-74,Stage1-3-0,0,0,0,0,0,0,0,0
1784664721539,unknown,VM-79,Stage3-1-0,0,0,0,0,0,0,0,0
1784664721545,unknown,VM-77,Stage2-0-0,0,0,0,0,0,0,0,0
1784664721547,unknown,VM-78,Stage3-2-0,0,0,0,0,0,0,0,0
1784664721551,unknown,VM-75,Stage1-1-0,0,0,0,0,0,0,0,0
1784664721558,unknown,VM-73,Stage1-0-0,0,0,0,0,0,0,0,0
1784664721562,unknown,VM-76,Stage2-3-0,0,0,0,0,0,0,0,0
1784664722525,unknown,VM-74,Stage1-3-0,0,0,0,0,0,0,0,0
1784664722539,unknown,VM-79,Stage3-1-0,0,0,0,0,0,0,0,0
1784664722545,unknown,VM-77,Stage2-0-0,0,0,0,0,0,0,0,0
1784664722547,unknown,VM-78,Stage3-2-0,0,0,0,0,0,0,0,0
1784664722551,unknown,VM-75,Stage1-1-0,0,0,0,0,0,0,0,0
1784664722558,unknown,VM-73,Stage1-0-0,0,0,0,0,0,0,0,0
1784664722562,unknown,VM-76,Stage2-3-0,0,0,0,0,0,0,0,0
1784664723525,unknown,VM-74,Stage1-3-0,0,0,0,0,0,0,0,0
1784664723539,unknown,VM-79,Stage3-1-0,0,0,0,0,0,0,0,0
1784664723545,unknown,VM-77,Stage2-0-0,0,0,0,0,0,0,0,0
1784664723547,unknown,VM-78,Stage3-2-0,0,0,0,0,0,0,0,0
1784664723551,unknown,VM-75,Stage1-1-0,0,0,0,0,0,0,0,0
1784664723558,unknown,VM-73,Stage1-0-0,0,0,0,0,0,0,0,0
1784664723562,unknown,VM-76,Stage2-3-0,0,0,0,0,0,0,0,0
1784664724525,unknown,VM-74,Stage1-3-0,0,0,0,0,0,0,0,0
1784664724539,unknown,VM-79,Stage3-1-0,0,0,0,0,0,0,0,0
1784664724545,unknown,VM-77,Stage2-0-0,0,0,0,0,0,0,0,0
1784664724547,unknown,VM-78,Stage3-2-0,0,0,0,0,0,0,0,0
1784664724551,unknown,VM-75,Stage1-1-0,0,0,0,0,0,0,0,0
1784664724558,unknown,VM-73,Stage1-0-0,0,0,0,0,0,0,0,0
1784664724562,unknown,VM-76,Stage2-3-0,0,0,0,0,0,0,0,0
1784664725525,unknown,VM-74,Stage1-3-0,0,0,0,0,0,0,0,0
1784664725539,unknown,VM-79,Stage3-1-0,0,0,0,0,0,0,0,0
1784664725545,unknown,VM-77,Stage2-0-0,0,0,0,0,0,0,0,0
1784664725547,unknown,VM-78,Stage3-2-0,0,0,0,0,0,0,0,0
1784664725551,unknown,VM-75,Stage1-1-0,0,0,0,0,0,0,0,0
1784664725558,unknown,VM-73,Stage1-0-0,0,0,0,0,0,0,0,0
1784664725562,unknown,VM-76,Stage2-3-0,0,0,0,0,0,0,0,0
1784664726525,unknown,VM-74,Stage1-3-0,0,0,0,0,0,0,0,0
1784664726539,unknown,VM-79,Stage3-1-0,0,0,0,0,0,0,0,0
1784664726545,unknown,VM-77,Stage2-0-0,0,0,0,0,0,0,0,0
1784664726547,unknown,VM-78,Stage3-2-0,0,0,0,0,0,0,0,0
1784664726551,unknown,VM-75,Stage1-1-0,0,0,0,0,0,0,0,0
1784664726558,unknown,VM-73,Stage1-0-0,0,0,0,0,0,0,0,0
1784664726562,unknown,VM-76,Stage2-3-0,0,0,0,0,0,0,0,0
1784664727525,unknown,VM-74,Stage1-3-0,0,0,0,0,0,0,0,0
1784664727539,unknown,VM-79,Stage3-1-0,0,0,0,0,0,0,0,0
1784664727545,unknown,VM-77,Stage2-0-0,0,0,0,0,0,0,0,0
1784664727547,unknown,VM-78,Stage3-2-0,0,0,0,0,0,0,0,0
1784664727551,unknown,VM-75,Stage1-1-0,0,0,0,0,0,0,0,0
1784664727558,unknown,VM-73,Stage1-0-0,0,0,0,0,0,0,0,0
1784664727562,unknown,VM-76,Stage2-3-0,0,0,0,0,0,0,0,0
1784664728525,unknown,VM-74,Stage1-3-0,0,0,0,0,0,0,0,0
1784664728539,unknown,VM-79,Stage3-1-0,0,0,0,0,0,0,0,0
1784664728545,unknown,VM-77,Stage2-0-0,0,0,0,0,0,0,0,0
1784664728547,unknown,VM-78,Stage3-2-0,0,0,0,0,0,0,0,0
1784664728551,unknown,VM-75,Stage1-1-0,0,0,0,0,0,0,0,0
1784664728558,unknown,VM-73,Stage1-0-0,0,0,0,0,0,0,0,0
1784664728562,unknown,VM-76,Stage2-3-0,0,0,0,0,0,0,0,0
1784664729525,unknown,VM-74,Stage1-3-0,0,0,0,0,0,0,0,0
1784664729539,unknown,VM-79,Stage3-1-0,0,0,0,0,0,0,0,0
1784664729545,unknown,VM-77,Stage2-0-0,0,0,0,0,0,0,0,0
1784664729547,unknown,VM-78,Stage3-2-0,0,0,0,0,0,0,0,0
1784664729551,unknown,VM-75,Stage1-1-0,0,0,0,0,0,0,0,0
1784664729558,unknown,VM-73,Stage1-0-0,0,0,0,0,0,0,0,0
1784664729562,unknown,VM-76,Stage2-3-0,0,0,0,0,0,0,0,0
1784664730526,unknown,VM-74,Stage1-3-0,0,0,0,0,0,0,0,0
1784664730539,unknown,VM-79,Stage3-1-0,0,0,0,0,0,0,0,0
1784664730545,unknown,VM-77,Stage2-0-0,0,0,0,0,0,0,0,0
1784664730547,unknown,VM-78,Stage3-2-0,0,0,0,0,0,0,0,0
1784664730551,unknown,VM-75,Stage1-1-0,0,0,0,0,0,0,0,0
1784664730558,unknown,VM-73,Stage1-0-0,0,0,0,0,0,0,0,0
1784664730562,unknown,VM-76,Stage2-3-0,0,0,0,0,0,0,0,0
1784664731525,unknown,VM-74,Stage1-3-0,0,0,0,0,0,0,0,0
1784664731539,unknown,VM-79,Stage3-1-0,0,0,0,0,0,0,0,0
1784664731545,unknown,VM-77,Stage2-0-0,0,0,0,0,0,0,0,0
1784664731547,unknown,VM-78,Stage3-2-0,0,0,0,0,0,0,0,0
1784664731551,unknown,VM-75,Stage1-1-0,0,0,0,0,0,0,0,0
1784664731558,unknown,VM-73,Stage1-0-0,0,0,0,0,0,0,0,0
1784664731562,unknown,VM-76,Stage2-3-0,0,0,0,0,0,0,0,0
1784664732526,unknown,VM-74,Stage1-3-0,0,0,0,0,0,0,0,0
1784664732539,unknown,VM-79,Stage3-1-0,0,0,0,0,0,0,0,0
1784664732545,unknown,VM-77,Stage2-0-0,0,0,0,0,0,0,0,0
1784664732547,unknown,VM-78,Stage3-2-0,0,0,0,0,0,0,0,0
1784664732551,unknown,VM-75,Stage1-1-0,0,0,0,0,0,0,0,0
1784664732558,unknown,VM-73,Stage1-0-0,0,0,0,0,0,0,0,0
1784664732562,unknown,VM-76,Stage2-3-0,0,0,0,0,0,0,0,0
1784664733525,unknown,VM-74,Stage1-3-0,0,0,0,0,0,0,0,0
1784664733539,unknown,VM-79,Stage3-1-0,0,0,0,0,0,0,0,0
1784664733545,unknown,VM-77,Stage2-0-0,0,0,0,0,0,0,0,0
1784664733547,unknown,VM-78,Stage3-2-0,0,0,0,0,0,0,0,0
1784664733551,unknown,VM-75,Stage1-1-0,0,0,0,0,0,0,0,0
1784664733558,unknown,VM-73,Stage1-0-0,0,0,0,0,0,0,0,0
1784664733562,unknown,VM-76,Stage2-3-0,0,0,0,0,0,0,0,0
1784664734525,unknown,VM-74,Stage1-3-0,0,0,0,0,0,0,0,0
1784664734539,unknown,VM-79,Stage3-1-0,0,0,0,0,0,0,0,0
1784664734545,unknown,VM-77,Stage2-0-0,0,0,0,0,0,0,0,0
1784664734547,unknown,VM-78,Stage3-2-0,0,0,0,0,0,0,0,0
1784664734551,unknown,VM-75,Stage1-1-0,0,0,0,0,0,0,0,0
1784664734558,unknown,VM-73,Stage1-0-0,0,0,0,0,0,0,0,0
1784664734562,unknown,VM-76,Stage2-3-0,0,0,0,0,0,0,0,0
1784664735526,unknown,VM-74,Stage1-3-0,0,0,0,0,0,0,0,0
1784664735539,unknown,VM-79,Stage3-1-0,0,0,0,0,0,0,0,0
1784664735545,unknown,VM-77,Stage2-0-0,0,0,0,0,0,0,0,0
1784664735547,unknown,VM-78,Stage3-2-0,0,0,0,0,0,0,0,0
1784664735551,unknown,VM-75,Stage1-1-0,0,0,0,0,0,0,0,0
1784664735558,unknown,VM-73,Stage1-0-0,0,0,0,0,0,0,0,0
1784664735562,unknown,VM-76,Stage2-3-0,0,0,0,0,0,0,0,0
1784664736525,unknown,VM-74,Stage1-3-0,0,0,0,0,0,0,0,0
1784664736539,unknown,VM-79,Stage3-1-0,0,0,0,0,0,0,0,0
1784664736545,unknown,VM-77,Stage2-0-0,0,0,0,0,0,0,0,0
1784664736547,unknown,VM-78,Stage3-2-0,0,0,0,0,0,0,0,0
1784664736551,unknown,VM-75,Stage1-1-0,0,0,0,0,0,0,0,0
1784664736558,unknown,VM-73,Stage1-0-0,0,0,0,0,0,0,0,0
1784664736562,unknown,VM-76,Stage2-3-0,0,0,0,0,0,0,0,0
1784664737525,unknown,VM-74,Stage1-3-0,0,0,0,0,0,0,0,0
1784664737539,unknown,VM-79,Stage3-1-0,0,0,0,0,0,0,0,0
1784664737545,unknown,VM-77,Stage2-0-0,0,0,0,0,0,0,0,0
1784664737547,unknown,VM-78,Stage3-2-0,0,0,0,0,0,0,0,0
1784664737551,unknown,VM-75,Stage1-1-0,0,0,0,0,0,0,0,0
1784664737558,unknown,VM-73,Stage1-0-0,0,0,0,0,0,0,0,0
1784664737562,unknown,VM-76,Stage2-3-0,0,0,0,0,0,0,0,0
1784664738526,unknown,VM-74,Stage1-3-0,0,0,0,0,0,0,0,0
1784664738539,unknown,VM-79,Stage3-1-0,0,0,0,0,0,0,0,0
1784664738545,unknown,VM-77,Stage2-0-0,0,0,0,0,0,0,0,0
1784664738547,unknown,VM-78,Stage3-2-0,0,0,0,0,0,0,0,0
1784664738551,unknown,VM-75,Stage1-1-0,0,0,0,0,0,0,0,0
1784664738558,unknown,VM-73,Stage1-0-0,0,0,0,0,0,0,0,0
1784664738562,unknown,VM-76,Stage2-3-0,0,0,0,0,0,0,0,0
1784664739525,unknown,VM-74,Stage1-3-0,0,0,0,0,0,0,0,0
1784664739539,unknown,VM-79,Stage3-1-0,0,0,0,0,0,0,0,0
1784664739545,unknown,VM-77,Stage2-0-0,0,0,0,0,0,0,0,0
1784664739547,unknown,VM-78,Stage3-2-0,0,0,0,0,0,0,0,0
1784664739551,unknown,VM-75,Stage1-1-0,0,0,0,0,0,0,0,0
1784664739558,unknown,VM-73,Stage1-0-0,0,0,0,0,0,0,0,0
1784664739562,unknown,VM-76,Stage2-3-0,0,0,0,0,0,0,0,0
1784664740525,unknown,VM-74,Stage1-3-0,0,0,0,0,0,0,0,0
1784664740539,unknown,VM-79,Stage3-1-0,0,0,0,0,0,0,0,0
1784664740545,unknown,VM-77,Stage2-0-0,0,0,0,0,0,0,0,0
1784664740547,unknown,VM-78,Stage3-2-0,0,0,0,0,0,0,0,0
1784664740551,unknown,VM-75,Stage1-1-0,0,0,0,0,0,0,0,0
1784664740558,unknown,VM-73,Stage1-0-0,0,0,0,0,0,0,0,0
1784664740562,unknown,VM-76,Stage2-3-0,0,0,0,0,0,0,0,0
1784664741525,unknown,VM-74,Stage1-3-0,0,0,0,0,0,0,0,0
1784664741539,unknown,VM-79,Stage3-1-0,0,0,0,0,0,0,0,0
1784664741545,unknown,VM-77,Stage2-0-0,0,0,0,0,0,0,0,0
1784664741547,unknown,VM-78,Stage3-2-0,0,0,0,0,0,0,0,0
1784664741551,unknown,VM-75,Stage1-1-0,0,0,0,0,0,0,0,0
1784664741558,unknown,VM-73,Stage1-0-0,0,0,0,0,0,0,0,0
1784664741562,unknown,VM-76,Stage2-3-0,0,0,0,0,0,0,0,0
1784664742525,unknown,VM-74,Stage1-3-0,0,0,0,0,0,0,0,0
1784664742539,unknown,VM-79,Stage3-1-0,0,0,0,0,0,0,0,0
1784664742545,unknown,VM-77,Stage2-0-0,0,0,0,0,0,0,0,0
1784664742547,unknown,VM-78,Stage3-2-0,0,0,0,0,0,0,0,0
1784664742551,unknown,VM-75,Stage1-1-0,0,0,0,0,0,0,0,0
1784664742558,unknown,VM-73,Stage1-0-0,0,0,0,0,0,0,0,0
1784664742562,unknown,VM-76,Stage2-3-0,0,0,0,0,0,0,0,0
1784664743525,unknown,VM-74,Stage1-3-0,0,0,0,0,0,0,0,0
1784664743539,unknown,VM-79,Stage3-1-0,0,0,0,0,0,0,0,0
1784664743545,unknown,VM-77,Stage2-0-0,0,0,0,0,0,0,0,0
1784664743547,unknown,VM-78,Stage3-2-0,0,0,0,0,0,0,0,0
1784664743551,unknown,VM-75,Stage1-1-0,0,0,0,0,0,0,0,0
1784664743558,unknown,VM-73,Stage1-0-0,0,0,0,0,0,0,0,0
1784664743562,unknown,VM-76,Stage2-3-0,0,0,0,0,0,0,0,0
1784664744525,unknown,VM-74,Stage1-3-0,0,0,0,0,0,0,0,0
1784664744539,unknown,VM-79,Stage3-1-0,0,0,0,0,0,0,0,0
1784664744545,unknown,VM-77,Stage2-0-0,0,0,0,0,0,0,0,0
1784664744547,unknown,VM-78,Stage3-2-0,0,0,0,0,0,0,0,0
1784664744551,unknown,VM-75,Stage1-1-0,0,0,0,0,0,0,0,0
1784664744558,unknown,VM-73,Stage1-0-0,0,0,0,0,0,0,0,0
1784664744562,unknown,VM-76,Stage2-3-0,0,0,0,0,0,0,0,0
1784664745525,unknown,VM-74,Stage1-3-0,0,0,0,0,0,0,0,0
1784664745539,unknown,VM-79,Stage3-1-0,0,0,0,0,0,0,0,0
1784664745545,unknown,VM-77,Stage2-0-0,0,0,0,0,0,0,0,0
1784664745547,unknown,VM-78,Stage3-2-0,0,0,0,0,0,0,0,0
1784664745551,unknown,VM-75,Stage1-1-0,0,0,0,0,0,0,0,0
1784664745558,unknown,VM-73,Stage1-0-0,0,0,0,0,0,0,0,0
1784664745562,unknown,VM-76,Stage2-3-0,0,0,0,0,0,0,0,0
1784664746526,unknown,VM-74,Stage1-3-0,0,0,0,0,0,0,0,0
1784664746539,unknown,VM-79,Stage3-1-0,0,0,0,0,0,0,0,0
1784664746545,unknown,VM-77,Stage2-0-0,0,0,0,0,0,0,0,0
1784664746547,unknown,VM-78,Stage3-2-0,0,0,0,0,0,0,0,0
1784664746551,unknown,VM-75,Stage1-1-0,0,0,0,0,0,0,0,0
1784664746558,unknown,VM-73,Stage1-0-0,0,0,0,0,0,0,0,0
1784664746562,unknown,VM-76,Stage2-3-0,0,0,0,0,0,0,0,0
1784664747525,unknown,VM-74,Stage1-3-0,0,0,0,0,0,0,0,0
1784664747539,unknown,VM-79,Stage3-1-0,0,0,0,0,0,0,0,0
1784664747545,unknown,VM-77,Stage2-0-0,0,0,0,0,0,0,0,0
1784664747547,unknown,VM-78,Stage3-2-0,0,0,0,0,0,0,0,0
1784664747551,unknown,VM-75,Stage1-1-0,0,0,0,0,0,0,0,0
1784664747558,unknown,VM-73,Stage1-0-0,0,0,0,0,0,0,0,0
1784664747562,unknown,VM-76,Stage2-3-0,0,0,0,0,0,0,0,0
1784664748525,unknown,VM-74,Stage1-3-0,0,0,0,0,0,0,0,0
1784664748539,unknown,VM-79,Stage3-1-0,0,0,0,0,0,0,0,0
1784664748545,unknown,VM-77,Stage2-0-0,0,0,0,0,0,0,0,0
1784664748547,unknown,VM-78,Stage3-2-0,0,0,0,0,0,0,0,0
1784664748551,unknown,VM-75,Stage1-1-0,0,0,0,0,0,0,0,0
1784664748558,unknown,VM-73,Stage1-0-0,0,0,0,0,0,0,0,0
1784664748562,unknown,VM-76,Stage2-3-0,0,0,0,0,0,0,0,0
1784664749525,unknown,VM-74,Stage1-3-0,0,0,0,0,0,0,0,0
1784664749539,unknown,VM-79,Stage3-1-0,0,0,0,0,0,0,0,0
1784664749545,unknown,VM-77,Stage2-0-0,0,0,0,0,0,0,0,0
1784664749547,unknown,VM-78,Stage3-2-0,0,0,0,0,0,0,0,0
1784664749551,unknown,VM-75,Stage1-1-0,0,0,0,0,0,0,0,0
1784664749558,unknown,VM-73,Stage1-0-0,0,0,0,0,0,0,0,0
1784664749562,unknown,VM-76,Stage2-3-0,0,0,0,0,0,0,0,0
1784664750525,unknown,VM-74,Stage1-3-0,0,0,0,0,0,0,0,0
1784664750539,unknown,VM-79,Stage3-1-0,0,0,0,0,0,0,0,0
1784664750545,unknown,VM-77,Stage2-0-0,0,0,0,0,0,0,0,0
1784664750547,unknown,VM-78,Stage3-2-0,0,0,0,0,0,0,0,0
1784664750551,unknown,VM-75,Stage1-1-0,0,0,0,0,0,0,0,0
1784664750558,unknown,VM-73,Stage1-0-0,0,0,0,0,0,0,0,0
1784664750562,unknown,VM-76,Stage2-3-0,0,0,0,0,0,0,0,0
1784664751525,unknown,VM-74,Stage1-3-0,0,0,0,0,0,0,0,0
1784664751539,unknown,VM-79,Stage3-1-0,0,0,0,0,0,0,0,0
1784664751545,unknown,VM-77,Stage2-0-0,0,0,0,0,0,0,0,0
1784664751547,unknown,VM-78,Stage3-2-0,0,0,0,0,0,0,0,0
1784664751551,unknown,VM-75,Stage1-1-0,0,0,0,0,0,0,0,0
1784664751558,unknown,VM-73,Stage1-0-0,0,0,0,0,0,0,0,0
1784664751562,unknown,VM-76,Stage2-3-0,0,0,0,0,0,0,0,0
1784664752526,unknown,VM-74,Stage1-3-0,0,0,0,0,0,0,0,0
1784664752539,unknown,VM-79,Stage3-1-0,0,0,0,0,0,0,0,0
1784664752545,unknown,VM-77,Stage2-0-0,0,0,0,0,0,0,0,0
1784664752547,unknown,VM-78,Stage3-2-0,0,0,0,0,0,0,0,0
1784664752551,unknown,VM-75,Stage1-1-0,0,0,0,0,0,0,0,0
1784664752558,unknown,VM-73,Stage1-0-0,0,0,0,0,0,0,0,0
1784664752562,unknown,VM-76,Stage2-3-0,0,0,0,0,0,0,0,0
1784664753525,unknown,VM-74,Stage1-3-0,0,0,0,0,0,0,0,0
1784664753539,unknown,VM-79,Stage3-1-0,0,0,0,0,0,0,0,0
1784664753545,unknown,VM-77,Stage2-0-0,0,0,0,0,0,0,0,0
1784664753547,unknown,VM-78,Stage3-2-0,0,0,0,0,0,0,0,0
1784664753551,unknown,VM-75,Stage1-1-0,0,0,0,0,0,0,0,0
1784664753558,unknown,VM-73,Stage1-0-0,0,0,0,0,0,0,0,0
1784664753562,unknown,VM-76,Stage2-3-0,0,0,0,0,0,0,0,0
1784664754525,unknown,VM-74,Stage1-3-0,0,0,0,0,0,0,0,0
1784664754539,unknown,VM-79,Stage3-1-0,0,0,0,0,0,0,0,0
1784664754545,unknown,VM-77,Stage2-0-0,0,0,0,0,0,0,0,0
1784664754547,unknown,VM-78,Stage3-2-0,0,0,0,0,0,0,0,0
1784664754551,unknown,VM-75,Stage1-1-0,0,0,0,0,0,0,0,0
1784664754558,unknown,VM-73,Stage1-0-0,0,0,0,0,0,0,0,0
1784664754562,unknown,VM-76,Stage2-3-0,0,0,0,0,0,0,0,0
1784664755525,unknown,VM-74,Stage1-3-0,0,0,0,0,0,0,0,0
1784664755539,unknown,VM-79,Stage3-1-0,0,0,0,0,0,0,0,0
1784664755545,unknown,VM-77,Stage2-0-0,0,0,0,0,0,0,0,0
1784664755547,unknown,VM-78,Stage3-2-0,0,0,0,0,0,0,0,0
1784664755551,unknown,VM-75,Stage1-1-0,0,0,0,0,0,0,0,0
1784664755558,unknown,VM-73,Stage1-0-0,0,0,0,0,0,0,0,0
1784664755562,unknown,VM-76,Stage2-3-0,0,0,0,0,0,0,0,0
1784664756525,unknown,VM-74,Stage1-3-0,0,0,0,0,0,0,0,0
1784664756539,unknown,VM-79,Stage3-1-0,0,0,0,0,0,0,0,0
1784664756545,unknown,VM-77,Stage2-0-0,0,0,0,0,0,0,0,0
1784664756547,unknown,VM-78,Stage3-2-0,0,0,0,0,0,0,0,0
1784664756551,unknown,VM-75,Stage1-1-0,0,0,0,0,0,0,0,0
1784664756558,unknown,VM-73,Stage1-0-0,0,0,0,0,0,0,0,0
1784664756562,unknown,VM-76,Stage2-3-0,0,0,0,0,0,0,0,0
1784664757525,unknown,VM-74,Stage1-3-0,0,0,0,0,0,0,0,0
1784664757539,unknown,VM-79,Stage3-1-0,0,0,0,0,0,0,0,0
1784664757545,unknown,VM-77,Stage2-0-0,0,0,0,0,0,0,0,0
1784664757547,unknown,VM-78,Stage3-2-0,0,0,0,0,0,0,0,0
1784664757551,unknown,VM-75,Stage1-1-0,0,0,0,0,0,0,0,0
1784664757558,unknown,VM-73,Stage1-0-0,0,0,0,0,0,0,0,0
1784664757562,unknown,VM-76,Stage2-3-0,0,0,0,0,0,0,0,0
1784664758525,unknown,VM-74,Stage1-3-0,0,0,0,0,0,0,0,0
1784664758539,unknown,VM-79,Stage3-1-0,0,0,0,0,0,0,0,0
1784664758545,unknown,VM-77,Stage2-0-0,0,0,0,0,0,0,0,0
1784664758547,unknown,VM-78,Stage3-2-0,0,0,0,0,0,0,0,0
1784664758551,unknown,VM-75,Stage1-1-0,0,0,0,0,0,0,0,0
1784664758558,unknown,VM-73,Stage1-0-0,0,0,0,0,0,0,0,0
1784664758562,unknown,VM-76,Stage2-3-0,0,0,0,0,0,0,0,0
1784664759525,unknown,VM-74,Stage1-3-0,0,0,0,0,0,0,0,0
1784664759539,unknown,VM-79,Stage3-1-0,0,0,0,0,0,0,0,0
1784664759545,unknown,VM-77,Stage2-0-0,0,0,0,0,0,0,0,0
1784664759547,unknown,VM-78,Stage3-2-0,0,0,0,0,0,0,0,0
1784664759551,unknown,VM-75,Stage1-1-0,0,0,0,0,0,0,0,0
1784664759558,unknown,VM-73,Stage1-0-0,0,0,0,0,0,0,0,0
1784664759562,unknown,VM-76,Stage2-3-0,0,0,0,0,0,0,0,0
1784664760526,unknown,VM-74,Stage1-3-0,0,0,0,0,0,0,0,0
1784664760539,unknown,VM-79,Stage3-1-0,0,0,0,0,0,0,0,0
1784664760545,unknown,VM-77,Stage2-0-0,0,0,0,0,0,0,0,0
1784664760547,unknown,VM-78,Stage3-2-0,0,0,0,0,0,0,0,0
1784664760551,unknown,VM-75,Stage1-1-0,0,0,0,0,0,0,0,0
1784664760558,unknown,VM-73,Stage1-0-0,0,0,0,0,0,0,0,0
1784664760562,unknown,VM-76,Stage2-3-0,0,0,0,0,0,0,0,0
1784664761525,unknown,VM-74,Stage1-3-0,0,0,0,0,0,0,0,0
1784664761539,unknown,VM-79,Stage3-1-0,0,0,0,0,0,0,0,0
1784664761545,unknown,VM-77,Stage2-0-0,0,0,0,0,0,0,0,0
1784664761547,unknown,VM-78,Stage3-2-0,0,0,0,0,0,0,0,0
1784664761551,unknown,VM-75,Stage1-1-0,0,0,0,0,0,0,0,0
1784664761558,unknown,VM-73,Stage1-0-0,0,0,0,0,0,0,0,0
1784664761562,unknown,VM-76,Stage2-3-0,0,0,0,0,0,0,0,0
1784664762525,unknown,VM-74,Stage1-3-0,0,0,0,0,0,0,0,0
1784664762539,unknown,VM-79,Stage3-1-0,0,0,0,0,0,0,0,0
1784664762545,unknown,VM-77,Stage2-0-0,0,0,0,0,0,0,0,0
1784664762547,unknown,VM-78,Stage3-2-0,0,0,0,0,0,0,0,0
1784664762551,unknown,VM-75,Stage1-1-0,0,0,0,0,0,0,0,0
1784664762558,unknown,VM-73,Stage1-0-0,0,0,0,0,0,0,0,0
1784664762562,unknown,VM-76,Stage2-3-0,0,0,0,0,0,0,0,0
1784664763525,unknown,VM-74,Stage1-3-0,0,0,0,0,0,0,0,0
1784664763539,unknown,VM-79,Stage3-1-0,0,0,0,0,0,0,0,0
1784664763545,unknown,VM-77,Stage2-0-0,0,0,0,0,0,0,0,0
1784664763547,unknown,VM-78,Stage3-2-0,0,0,0,0,0,0,0,0
1784664763551,unknown,VM-75,Stage1-1-0,0,0,0,0,0,0,0,0
1784664763558,unknown,VM-73,Stage1-0-0,0,0,0,0,0,0,0,0
1784664763562,unknown,VM-76,Stage2-3-0,0,0,0,0,0,0,0,0
1784664764525,unknown,VM-74,Stage1-3-0,0,0,0,0,0,0,0,0
1784664764539,unknown,VM-79,Stage3-1-0,0,0,0,0,0,0,0,0
1784664764545,unknown,VM-77,Stage2-0-0,0,0,0,0,0,0,0,0
1784664764547,unknown,VM-78,Stage3-2-0,0,0,0,0,0,0,0,0
1784664764551,unknown,VM-75,Stage1-1-0,0,0,0,0,0,0,0,0
1784664764558,unknown,VM-73,Stage1-0-0,0,0,0,0,0,0,0,0
1784664764562,unknown,VM-76,Stage2-3-0,0,0,0,0,0,0,0,0
1784664765525,unknown,VM-74,Stage1-3-0,0,0,0,0,0,0,0,0
1784664765539,unknown,VM-79,Stage3-1-0,0,0,0,0,0,0,0,0
1784664765545,unknown,VM-77,Stage2-0-0,0,0,0,0,0,0,0,0
1784664765547,unknown,VM-78,Stage3-2-0,0,0,0,0,0,0,0,0
1784664765551,unknown,VM-75,Stage1-1-0,0,0,0,0,0,0,0,0
1784664765558,unknown,VM-73,Stage1-0-0,0,0,0,0,0,0,0,0
1784664765562,unknown,VM-76,Stage2-3-0,0,0,0,0,0,0,0,0
1784664766525,unknown,VM-74,Stage1-3-0,0,0,0,0,0,0,0,0
1784664766539,unknown,VM-79,Stage3-1-0,0,0,0,0,0,0,0,0
1784664766545,unknown,VM-77,Stage2-0-0,0,0,0,0,0,0,0,0
1784664766547,unknown,VM-78,Stage3-2-0,0,0,0,0,0,0,0,0
1784664766551,unknown,VM-75,Stage1-1-0,0,0,0,0,0,0,0,0
1784664766558,unknown,VM-73,Stage1-0-0,0,0,0,0,0,0,0,0
1784664766562,unknown,VM-76,Stage2-3-0,0,0,0,0,0,0,0,0
1784664767525,unknown,VM-74,Stage1-3-0,0,0,0,0,0,0,0,0
1784664767539,unknown,VM-79,Stage3-1-0,0,0,0,0,0,0,0,0
1784664767545,unknown,VM-77,Stage2-0-0,0,0,0,0,0,0,0,0
1784664767547,unknown,VM-78,Stage3-2-0,0,0,0,0,0,0,0,0
1784664767551,unknown,VM-75,Stage1-1-0,0,0,0,0,0,0,0,0
1784664767558,unknown,VM-73,Stage1-0-0,0,0,0,0,0,0,0,0
1784664767562,unknown,VM-76,Stage2-3-0,0,0,0,0,0,0,0,0
1784664768525,unknown,VM-74,Stage1-3-0,0,0,0,0,0,0,0,0
1784664768539,unknown,VM-79,Stage3-1-0,0,0,0,0,0,0,0,0
1784664768545,unknown,VM-77,Stage2-0-0,0,0,0,0,0,0,0,0
1784664768547,unknown,VM-78,Stage3-2-0,0,0,0,0,0,0,0,0
1784664768551,unknown,VM-75,Stage1-1-0,0,0,0,0,0,0,0,0
1784664768558,unknown,VM-73,Stage1-0-0,0,0,0,0,0,0,0,0
1784664768562,unknown,VM-76,Stage2-3-0,0,0,0,0,0,0,0,0
1784664769525,unknown,VM-74,Stage1-3-0,0,0,0,0,0,0,0,0
1784664769539,unknown,VM-79,Stage3-1-0,0,0,0,0,0,0,0,0
1784664769545,unknown,VM-77,Stage2-0-0,0,0,0,0,0,0,0,0
1784664769547,unknown,VM-78,Stage3-2-0,0,0,0,0,0,0,0,0
1784664769551,unknown,VM-75,Stage1-1-0,0,0,0,0,0,0,0,0
1784664769558,unknown,VM-73,Stage1-0-0,0,0,0,0,0,0,0,0
1784664769562,unknown,VM-76,Stage2-3-0,0,0,0,0,0,0,0,0
1784664770525,unknown,VM-74,Stage1-3-0,0,0,0,0,0,0,0,0
1784664770539,unknown,VM-79,Stage3-1-0,0,0,0,0,0,0,0,0
1784664770545,unknown,VM-77,Stage2-0-0,0,0,0,0,0,0,0,0
1784664770547,unknown,VM-78,Stage3-2-0,0,0,0,0,0,0,0,0
1784664770551,unknown,VM-75,Stage1-1-0,0,0,0,0,0,0,0,0
1784664770558,unknown,VM-73,Stage1-0-0,0,0,0,0,0,0,0,0
1784664770562,unknown,VM-76,Stage2-3-0,0,0,0,0,0,0,0,0
1784664771526,unknown,VM-74,Stage1-3-0,0,0,0,0,0,0,0,0
1784664771539,unknown,VM-79,Stage3-1-0,0,0,0,0,0,0,0,0
1784664771545,unknown,VM-77,Stage2-0-0,0,0,0,0,0,0,0,0
1784664771547,unknown,VM-78,Stage3-2-0,0,0,0,0,0,0,0,0
1784664771551,unknown,VM-75,Stage1-1-0,0,0,0,0,0,0,0,0
1784664771558,unknown,VM-73,Stage1-0-0,0,0,0,0,0,0,0,0
1784664771562,unknown,VM-76,Stage2-3-0,0,0,0,0,0,0,0,0
1784664772525,unknown,VM-74,Stage1-3-0,0,0,0,0,0,0,0,0
1784664772539,unknown,VM-79,Stage3-1-0,0,0,0,0,0,0,0,0
1784664772545,unknown,VM-77,Stage2-0-0,0,0,0,0,0,0,0,0
1784664772547,unknown,VM-78,Stage3-2-0,0,0,0,0,0,0,0,0
1784664772551,unknown,VM-75,Stage1-1-0,0,0,0,0,0,0,0,0
1784664772558,unknown,VM-73,Stage1-0-0,0,0,0,0,0,0,0,0
1784664772562,unknown,VM-76,Stage2-3-0,0,0,0,0,0,0,0,0
1784664773525,unknown,VM-74,Stage1-3-0,0,0,0,0,0,0,0,0
1784664773539,unknown,VM-79,Stage3-1-0,0,0,0,0,0,0,0,0
1784664773545,unknown,VM-77,Stage2-0-0,0,0,0,0,0,0,0,0
1784664773547,unknown,VM-78,Stage3-2-0,0,0,0,0,0,0,0,0
1784664773551,unknown,VM-75,Stage1-1-0,0,0,0,0,0,0,0,0
1784664773558,unknown,VM-73,Stage1-0-0,0,0,0,0,0,0,0,0
1784664773562,unknown,VM-76,Stage2-3-0,0,0,0,0,0,0,0,0
1784664774525,unknown,VM-74,Stage1-3-0,0,0,0,0,0,0,0,0
1784664774539,unknown,VM-79,Stage3-1-0,0,0,0,0,0,0,0,0
1784664774545,unknown,VM-77,Stage2-0-0,0,0,0,0,0,0,0,0
1784664774547,unknown,VM-78,Stage3-2-0,0,0,0,0,0,0,0,0
1784664774551,unknown,VM-75,Stage1-1-0,0,0,0,0,0,0,0,0
1784664774558,unknown,VM-73,Stage1-0-0,0,0,0,0,0,0,0,0
1784664774562,unknown,VM-76,Stage2-3-0,0,0,0,0,0,0,0,0
1784664775525,unknown,VM-74,Stage1-3-0,0,0,0,0,0,0,0,0
1784664775539,unknown,VM-79,Stage3-1-0,0,0,0,0,0,0,0,0
1784664775545,unknown,VM-77,Stage2-0-0,0,0,0,0,0,0,0,0
1784664775547,unknown,VM-78,Stage3-2-0,0,0,0,0,0,0,0,0
1784664775551,unknown,VM-75,Stage1-1-0,0,0,0,0,0,0,0,0
1784664775558,unknown,VM-73,Stage1-0-0,0,0,0,0,0,0,0,0
1784664775562,unknown,VM-76,Stage2-3-0,0,0,0,0,0,0,0,0
1784664776525,unknown,VM-74,Stage1-3-0,0,0,0,0,0,0,0,0
1784664776539,unknown,VM-79,Stage3-1-0,0,0,0,0,0,0,0,0
1784664776545,unknown,VM-77,Stage2-0-0,0,0,0,0,0,0,0,0
1784664776547,unknown,VM-78,Stage3-2-0,0,0,0,0,0,0,0,0
1784664776551,unknown,VM-75,Stage1-1-0,0,0,0,0,0,0,0,0
1784664776558,unknown,VM-73,Stage1-0-0,0,0,0,0,0,0,0,0
1784664776562,unknown,VM-76,Stage2-3-0,0,0,0,0,0,0,0,0
1784664777525,unknown,VM-74,Stage1-3-0,0,0,0,0,0,0,0,0
1784664777539,unknown,VM-79,Stage3-1-0,0,0,0,0,0,0,0,0
1784664777545,unknown,VM-77,Stage2-0-0,0,0,0,0,0,0,0,0
1784664777547,unknown,VM-78,Stage3-2-0,0,0,0,0,0,0,0,0
1784664777551,unknown,VM-75,Stage1-1-0,0,0,0,0,0,0,0,0
1784664777558,unknown,VM-73,Stage1-0-0,0,0,0,0,0,0,0,0
1784664777562,unknown,VM-76,Stage2-3-0,0,0,0,0,0,0,0,0
1784664778525,unknown,VM-74,Stage1-3-0,0,0,0,0,0,0,0,0
1784664778539,unknown,VM-79,Stage3-1-0,0,0,0,0,0,0,0,0
1784664778545,unknown,VM-77,Stage2-0-0,0,0,0,0,0,0,0,0
1784664778547,unknown,VM-78,Stage3-2-0,0,0,0,0,0,0,0,0
1784664778551,unknown,VM-75,Stage1-1-0,0,0,0,0,0,0,0,0
1784664778558,unknown,VM-73,Stage1-0-0,0,0,0,0,0,0,0,0
1784664778562,unknown,VM-76,Stage2-3-0,0,0,0,0,0,0,0,0
1784664779525,unknown,VM-74,Stage1-3-0,0,0,0,0,0,0,0,0
1784664779539,unknown,VM-79,Stage3-1-0,0,0,0,0,0,0,0,0
1784664779545,unknown,VM-77,Stage2-0-0,0,0,0,0,0,0,0,0
1784664779547,unknown,VM-78,Stage3-2-0,0,0,0,0,0,0,0,0
1784664779551,unknown,VM-75,Stage1-1-0,0,0,0,0,0,0,0,0
1784664779558,unknown,VM-73,Stage1-0-0,0,0,0,0,0,0,0,0
1784664779562,unknown,VM-76,Stage2-3-0,0,0,0,0,0,0,0,0
1784664780525,unknown,VM-74,Stage1-3-0,0,0,0,0,0,0,0,0
1784664780539,unknown,VM-79,Stage3-1-0,0,0,0,0,0,0,0,0
1784664780545,unknown,VM-77,Stage2-0-0,0,0,0,0,0,0,0,0
1784664780547,unknown,VM-78,Stage3-2-0,0,0,0,0,0,0,0,0
1784664780551,unknown,VM-75,Stage1-1-0,0,0,0,0,0,0,0,0
1784664780558,unknown,VM-73,Stage1-0-0,0,0,0,0,0,0,0,0
1784664780562,unknown,VM-76,Stage2-3-0,0,0,0,0,0,0,0,0
1784664781525,unknown,VM-74,Stage1-3-0,0,0,0,0,0,0,0,0
1784664781539,unknown,VM-79,Stage3-1-0,0,0,0,0,0,0,0,0
1784664781545,unknown,VM-77,Stage2-0-0,0,0,0,0,0,0,0,0
1784664781547,unknown,VM-78,Stage3-2-0,0,0,0,0,0,0,0,0
1784664781551,unknown,VM-75,Stage1-1-0,0,0,0,0,0,0,0,0
1784664781558,unknown,VM-73,Stage1-0-0,0,0,0,0,0,0,0,0
1784664781562,unknown,VM-76,Stage2-3-0,0,0,0,0,0,0,0,0
1784664782525,unknown,VM-74,Stage1-3-0,0,0,0,0,0,0,0,0
1784664782539,unknown,VM-79,Stage3-1-0,0,0,0,0,0,0,0,0
1784664782545,unknown,VM-77,Stage2-0-0,0,0,0,0,0,0,0,0
1784664782547,unknown,VM-78,Stage3-2-0,0,0,0,0,0,0,0,0
1784664782551,unknown,VM-75,Stage1-1-0,0,0,0,0,0,0,0,0
1784664782558,unknown,VM-73,Stage1-0-0,0,0,0,0,0,0,0,0
1784664782562,unknown,VM-76,Stage2-3-0,0,0,0,0,0,0,0,0
1784664783525,unknown,VM-74,Stage1-3-0,0,0,0,0,0,0,0,0
1784664783539,unknown,VM-79,Stage3-1-0,0,0,0,0,0,0,0,0
1784664783545,unknown,VM-77,Stage2-0-0,0,0,0,0,0,0,0,0
1784664783547,unknown,VM-78,Stage3-2-0,0,0,0,0,0,0,0,0
1784664783551,unknown,VM-75,Stage1-1-0,0,0,0,0,0,0,0,0
1784664783558,unknown,VM-73,Stage1-0-0,0,0,0,0,0,0,0,0
1784664783562,unknown,VM-76,Stage2-3-0,0,0,0,0,0,0,0,0
1784664784525,unknown,VM-74,Stage1-3-0,0,0,0,0,0,0,0,0
1784664784539,unknown,VM-79,Stage3-1-0,0,0,0,0,0,0,0,0
1784664784545,unknown,VM-77,Stage2-0-0,0,0,0,0,0,0,0,0
1784664784547,unknown,VM-78,Stage3-2-0,0,0,0,0,0,0,0,0
1784664784551,unknown,VM-75,Stage1-1-0,0,0,0,0,0,0,0,0
1784664784558,unknown,VM-73,Stage1-0-0,0,0,0,0,0,0,0,0
1784664784562,unknown,VM-76,Stage2-3-0,0,0,0,0,0,0,0,0
1784664785526,unknown,VM-74,Stage1-3-0,0,0,0,0,0,0,0,0
1784664785539,unknown,VM-79,Stage3-1-0,0,0,0,0,0,0,0,0
1784664785545,unknown,VM-77,Stage2-0-0,0,0,0,0,0,0,0,0
1784664785547,unknown,VM-78,Stage3-2-0,0,0,0,0,0,0,0,0
1784664785551,unknown,VM-75,Stage1-1-0,0,0,0,0,0,0,0,0
1784664785558,unknown,VM-73,Stage1-0-0,0,0,0,0,0,0,0,0
1784664785562,unknown,VM-76,Stage2-3-0,0,0,0,0,0,0,0,0
1784664786525,unknown,VM-74,Stage1-3-0,0,0,0,0,0,0,0,0
1784664786539,unknown,VM-79,Stage3-1-0,0,0,0,0,0,0,0,0
1784664786545,unknown,VM-77,Stage2-0-0,0,0,0,0,0,0,0,0
1784664786547,unknown,VM-78,Stage3-2-0,0,0,0,0,0,0,0,0
1784664786551,unknown,VM-75,Stage1-1-0,0,0,0,0,0,0,0,0
1784664786558,unknown,VM-73,Stage1-0-0,0,0,0,0,0,0,0,0
1784664786562,unknown,VM-76,Stage2-3-0,0,0,0,0,0,0,0,0
1784664787525,unknown,VM-74,Stage1-3-0,0,0,0,0,0,0,0,0
1784664787539,unknown,VM-79,Stage3-1-0,0,0,0,0,0,0,0,0
1784664787545,unknown,VM-77,Stage2-0-0,0,0,0,0,0,0,0,0
1784664787547,unknown,VM-78,Stage3-2-0,0,0,0,0,0,0,0,0
1784664787551,unknown,VM-75,Stage1-1-0,0,0,0,0,0,0,0,0
1784664787558,unknown,VM-73,Stage1-0-0,0,0,0,0,0,0,0,0
1784664787562,unknown,VM-76,Stage2-3-0,0,0,0,0,0,0,0,0
1784664788525,unknown,VM-74,Stage1-3-0,0,0,0,0,0,0,0,0
1784664788539,unknown,VM-79,Stage3-1-0,0,0,0,0,0,0,0,0
1784664788545,unknown,VM-77,Stage2-0-0,0,0,0,0,0,0,0,0
1784664788547,unknown,VM-78,Stage3-2-0,0,0,0,0,0,0,0,0
1784664788551,unknown,VM-75,Stage1-1-0,0,0,0,0,0,0,0,0
1784664788558,unknown,VM-73,Stage1-0-0,0,0,0,0,0,0,0,0
1784664788562,unknown,VM-76,Stage2-3-0,0,0,0,0,0,0,0,0
1784664789525,unknown,VM-74,Stage1-3-0,0,0,0,0,0,0,0,0
1784664789539,unknown,VM-79,Stage3-1-0,0,0,0,0,0,0,0,0
1784664789545,unknown,VM-77,Stage2-0-0,0,0,0,0,0,0,0,0
1784664789547,unknown,VM-78,Stage3-2-0,0,0,0,0,0,0,0,0
1784664789551,unknown,VM-75,Stage1-1-0,0,0,0,0,0,0,0,0
1784664789558,unknown,VM-73,Stage1-0-0,0,0,0,0,0,0,0,0
1784664789562,unknown,VM-76,Stage2-3-0,0,0,0,0,0,0,0,0
1784664790525,unknown,VM-74,Stage1-3-0,0,0,0,0,0,0,0,0
1784664790539,unknown,VM-79,Stage3-1-0,0,0,0,0,0,0,0,0
1784664790545,unknown,VM-77,Stage2-0-0,0,0,0,0,0,0,0,0
1784664790547,unknown,VM-78,Stage3-2-0,0,0,0,0,0,0,0,0
1784664790551,unknown,VM-75,Stage1-1-0,0,0,0,0,0,0,0,0
1784664790558,unknown,VM-73,Stage1-0-0,0,0,0,0,0,0,0,0
1784664790562,unknown,VM-76,Stage2-3-0,0,0,0,0,0,0,0,0
1784664791525,unknown,VM-74,Stage1-3-0,0,0,0,0,0,0,0,0
1784664791539,unknown,VM-79,Stage3-1-0,0,0,0,0,0,0,0,0
1784664791545,unknown,VM-77,Stage2-0-0,0,0,0,0,0,0,0,0
1784664791547,unknown,VM-78,Stage3-2-0,0,0,0,0,0,0,0,0
1784664791551,unknown,VM-75,Stage1-1-0,0,0,0,0,0,0,0,0
1784664791558,unknown,VM-73,Stage1-0-0,0,0,0,0,0,0,0,0
1784664791562,unknown,VM-76,Stage2-3-0,0,0,0,0,0,0,0,0
1784664792525,unknown,VM-74,Stage1-3-0,0,0,0,0,0,0,0,0
1784664792539,unknown,VM-79,Stage3-1-0,0,0,0,0,0,0,0,0
1784664792545,unknown,VM-77,Stage2-0-0,0,0,0,0,0,0,0,0
1784664792547,unknown,VM-78,Stage3-2-0,0,0,0,0,0,0,0,0
1784664792551,unknown,VM-75,Stage1-1-0,0,0,0,0,0,0,0,0
1784664792558,unknown,VM-73,Stage1-0-0,0,0,0,0,0,0,0,0
1784664792562,unknown,VM-76,Stage2-3-0,0,0,0,0,0,0,0,0
1784664793525,unknown,VM-74,Stage1-3-0,0,0,0,0,0,0,0,0
1784664793539,unknown,VM-79,Stage3-1-0,0,0,0,0,0,0,0,0
1784664793545,unknown,VM-77,Stage2-0-0,0,0,0,0,0,0,0,0
1784664793547,unknown,VM-78,Stage3-2-0,0,0,0,0,0,0,0,0
1784664793551,unknown,VM-75,Stage1-1-0,0,0,0,0,0,0,0,0
1784664793558,unknown,VM-73,Stage1-0-0,0,0,0,0,0,0,0,0
1784664793562,unknown,VM-76,Stage2-3-0,0,0,0,0,0,0,0,0
1784664794525,unknown,VM-74,Stage1-3-0,0,0,0,0,0,0,0,0
1784664794539,unknown,VM-79,Stage3-1-0,0,0,0,0,0,0,0,0
1784664794545,unknown,VM-77,Stage2-0-0,0,0,0,0,0,0,0,0
1784664794547,unknown,VM-78,Stage3-2-0,0,0,0,0,0,0,0,0
1784664794551,unknown,VM-75,Stage1-1-0,0,0,0,0,0,0,0,0
1784664794558,unknown,VM-73,Stage1-0-0,0,0,0,0,0,0,0,0
1784664794562,unknown,VM-76,Stage2-3-0,0,0,0,0,0,0,0,0
1784664795525,unknown,VM-74,Stage1-3-0,0,0,0,0,0,0,0,0
1784664795539,unknown,VM-79,Stage3-1-0,0,0,0,0,0,0,0,0
1784664795545,unknown,VM-77,Stage2-0-0,0,0,0,0,0,0,0,0
1784664795547,unknown,VM-78,Stage3-2-0,0,0,0,0,0,0,0,0
1784664795551,unknown,VM-75,Stage1-1-0,0,0,0,0,0,0,0,0
1784664795558,unknown,VM-73,Stage1-0-0,0,0,0,0,0,0,0,0
1784664795562,unknown,VM-76,Stage2-3-0,0,0,0,0,0,0,0,0
1784664796525,unknown,VM-74,Stage1-3-0,0,0,0,0,0,0,0,0
1784664796539,unknown,VM-79,Stage3-1-0,0,0,0,0,0,0,0,0
1784664796545,unknown,VM-77,Stage2-0-0,0,0,0,0,0,0,0,0
1784664796547,unknown,VM-78,Stage3-2-0,0,0,0,0,0,0,0,0
1784664796551,unknown,VM-75,Stage1-1-0,0,0,0,0,0,0,0,0
1784664796558,unknown,VM-73,Stage1-0-0,0,0,0,0,0,0,0,0
1784664796562,unknown,VM-76,Stage2-3-0,0,0,0,0,0,0,0,0
1784664797525,unknown,VM-74,Stage1-3-0,0,0,0,0,0,0,0,0
1784664797539,unknown,VM-79,Stage3-1-0,0,0,0,0,0,0,0,0
1784664797545,unknown,VM-77,Stage2-0-0,0,0,0,0,0,0,0,0
1784664797547,unknown,VM-78,Stage3-2-0,0,0,0,0,0,0,0,0
1784664797551,unknown,VM-75,Stage1-1-0,0,0,0,0,0,0,0,0
1784664797558,unknown,VM-73,Stage1-0-0,0,0,0,0,0,0,0,0
1784664797562,unknown,VM-76,Stage2-3-0,0,0,0,0,0,0,0,0
1784664798525,unknown,VM-74,Stage1-3-0,0,0,0,0,0,0,0,0
1784664798539,unknown,VM-79,Stage3-1-0,0,0,0,0,0,0,0,0
1784664798545,unknown,VM-77,Stage2-0-0,0,0,0,0,0,0,0,0
1784664798547,unknown,VM-78,Stage3-2-0,0,0,0,0,0,0,0,0
1784664798551,unknown,VM-75,Stage1-1-0,0,0,0,0,0,0,0,0
1784664798558,unknown,VM-73,Stage1-0-0,0,0,0,0,0,0,0,0
1784664798562,unknown,VM-76,Stage2-3-0,0,0,0,0,0,0,0,0
1784664799525,unknown,VM-74,Stage1-3-0,0,0,0,0,0,0,0,0
1784664799539,unknown,VM-79,Stage3-1-0,0,0,0,0,0,0,0,0
1784664799545,unknown,VM-77,Stage2-0-0,0,0,0,0,0,0,0,0
1784664799547,unknown,VM-78,Stage3-2-0,0,0,0,0,0,0,0,0
1784664799551,unknown,VM-75,Stage1-1-0,0,0,0,0,0,0,0,0
1784664799558,unknown,VM-73,Stage1-0-0,0,0,0,0,0,0,0,0
1784664799562,unknown,VM-76,Stage2-3-0,0,0,0,0,0,0,0,0
1784664800525,unknown,VM-74,Stage1-3-0,0,0,0,0,0,0,0,0
1784664800539,unknown,VM-79,Stage3-1-0,0,0,0,0,0,0,0,0
1784664800545,unknown,VM-77,Stage2-0-0,0,0,0,0,0,0,0,0
1784664800547,unknown,VM-78,Stage3-2-0,0,0,0,0,0,0,0,0
1784664800551,unknown,VM-75,Stage1-1-0,0,0,0,0,0,0,0,0
1784664800558,unknown,VM-73,Stage1-0-0,0,0,0,0,0,0,0,0
1784664800562,unknown,VM-76,Stage2-3-0,0,0,0,0,0,0,0,0
1784664801525,unknown,VM-74,Stage1-3-0,0,0,0,0,0,0,0,0
1784664801539,unknown,VM-79,Stage3-1-0,0,0,0,0,0,0,0,0
1784664801545,unknown,VM-77,Stage2-0-0,0,0,0,0,0,0,0,0
1784664801547,unknown,VM-78,Stage3-2-0,0,0,0,0,0,0,0,0
1784664801551,unknown,VM-75,Stage1-1-0,0,0,0,0,0,0,0,0
1784664801558,unknown,VM-73,Stage1-0-0,0,0,0,0,0,0,0,0
1784664801562,unknown,VM-76,Stage2-3-0,0,0,0,0,0,0,0,0
1784664802525,unknown,VM-74,Stage1-3-0,0,0,0,0,0,0,0,0
1784664802539,unknown,VM-79,Stage3-1-0,0,0,0,0,0,0,0,0
1784664802545,unknown,VM-77,Stage2-0-0,0,0,0,0,0,0,0,0
1784664802547,unknown,VM-78,Stage3-2-0,0,0,0,0,0,0,0,0
1784664802551,unknown,VM-75,Stage1-1-0,0,0,0,0,0,0,0,0
1784664802558,unknown,VM-73,Stage1-0-0,0,0,0,0,0,0,0,0
1784664802562,unknown,VM-76,Stage2-3-0,0,0,0,0,0,0,0,0
1784664803525,unknown,VM-74,Stage1-3-0,0,0,0,0,0,0,0,0
1784664803539,unknown,VM-79,Stage3-1-0,0,0,0,0,0,0,0,0
1784664803545,unknown,VM-77,Stage2-0-0,0,0,0,0,0,0,0,0
1784664803547,unknown,VM-78,Stage3-2-0,0,0,0,0,0,0,0,0
1784664803551,unknown,VM-75,Stage1-1-0,0,0,0,0,0,0,0,0
1784664803558,unknown,VM-73,Stage1-0-0,0,0,0,0,0,0,0,0
1784664803562,unknown,VM-76,Stage2-3-0,0,0,0,0,0,0,0,0
1784664804525,unknown,VM-74,Stage1-3-0,0,0,0,0,0,0,0,0
1784664804539,unknown,VM-79,Stage3-1-0,0,0,0,0,0,0,0,0
1784664804545,unknown,VM-77,Stage2-0-0,0,0,0,0,0,0,0,0
1784664804547,unknown,VM-78,Stage3-2-0,0,0,0,0,0,0,0,0
1784664804551,unknown,VM-75,Stage1-1-0,0,0,0,0,0,0,0,0
1784664804558,unknown,VM-73,Stage1-0-0,0,0,0,0,0,0,0,0
1784664804562,unknown,VM-76,Stage2-3-0,0,0,0,0,0,0,0,0
1784664805525,unknown,VM-74,Stage1-3-0,0,0,0,0,0,0,0,0
1784664805539,unknown,VM-79,Stage3-1-0,0,0,0,0,0,0,0,0
1784664805545,unknown,VM-77,Stage2-0-0,0,0,0,0,0,0,0,0
1784664805547,unknown,VM-78,Stage3-2-0,0,0,0,0,0,0,0,0
1784664805551,unknown,VM-75,Stage1-1-0,0,0,0,0,0,0,0,0
1784664805558,unknown,VM-73,Stage1-0-0,0,0,0,0,0,0,0,0
1784664805562,unknown,VM-76,Stage2-3-0,0,0,0,0,0,0,0,0
1784664806525,unknown,VM-74,Stage1-3-0,0,0,0,0,0,0,0,0
1784664806539,unknown,VM-79,Stage3-1-0,0,0,0,0,0,0,0,0
1784664806545,unknown,VM-77,Stage2-0-0,0,0,0,0,0,0,0,0
1784664806547,unknown,VM-78,Stage3-2-0,0,0,0,0,0,0,0,0
1784664806551,unknown,VM-75,Stage1-1-0,0,0,0,0,0,0,0,0
1784664806558,unknown,VM-73,Stage1-0-0,0,0,0,0,0,0,0,0
1784664806562,unknown,VM-76,Stage2-3-0,0,0,0,0,0,0,0,0
1784664807525,unknown,VM-74,Stage1-3-0,0,0,0,0,0,0,0,0
1784664807539,unknown,VM-79,Stage3-1-0,0,0,0,0,0,0,0,0
1784664807545,unknown,VM-77,Stage2-0-0,0,0,0,0,0,0,0,0
1784664807547,unknown,VM-78,Stage3-2-0,0,0,0,0,0,0,0,0
1784664807551,unknown,VM-75,Stage1-1-0,0,0,0,0,0,0,0,0
1784664807558,unknown,VM-73,Stage1-0-0,0,0,0,0,0,0,0,0
1784664807562,unknown,VM-76,Stage2-3-0,0,0,0,0,0,0,0,0
1784664808525,unknown,VM-74,Stage1-3-0,0,0,0,0,0,0,0,0
1784664808539,unknown,VM-79,Stage3-1-0,0,0,0,0,0,0,0,0
1784664808545,unknown,VM-77,Stage2-0-0,0,0,0,0,0,0,0,0
1784664808547,unknown,VM-78,Stage3-2-0,0,0,0,0,0,0,0,0
1784664808551,unknown,VM-75,Stage1-1-0,0,0,0,0,0,0,0,0
1784664808558,unknown,VM-73,Stage1-0-0,0,0,0,0,0,0,0,0
1784664808562,unknown,VM-76,Stage2-3-0,0,0,0,0,0,0,0,0
1784664809525,unknown,VM-74,Stage1-3-0,0,0,0,0,0,0,0,0
1784664809539,unknown,VM-79,Stage3-1-0,0,0,0,0,0,0,0,0
1784664809545,unknown,VM-77,Stage2-0-0,0,0,0,0,0,0,0,0
1784664809547,unknown,VM-78,Stage3-2-0,0,0,0,0,0,0,0,0
1784664809551,unknown,VM-75,Stage1-1-0,0,0,0,0,0,0,0,0
1784664809558,unknown,VM-73,Stage1-0-0,0,0,0,0,0,0,0,0
1784664809562,unknown,VM-76,Stage2-3-0,0,0,0,0,0,0,0,0
1784664810525,unknown,VM-74,Stage1-3-0,0,0,0,0,0,0,0,0
1784664810539,unknown,VM-79,Stage3-1-0,0,0,0,0,0,0,0,0
1784664810545,unknown,VM-77,Stage2-0-0,0,0,0,0,0,0,0,0
1784664810547,unknown,VM-78,Stage3-2-0,0,0,0,0,0,0,0,0
1784664810551,unknown,VM-75,Stage1-1-0,0,0,0,0,0,0,0,0
1784664810558,unknown,VM-73,Stage1-0-0,0,0,0,0,0,0,0,0
1784664810562,unknown,VM-76,Stage2-3-0,0,0,0,0,0,0,0,0
1784664811525,unknown,VM-74,Stage1-3-0,0,0,0,0,0,0,0,0
1784664811539,unknown,VM-79,Stage3-1-0,0,0,0,0,0,0,0,0
1784664811545,unknown,VM-77,Stage2-0-0,0,0,0,0,0,0,0,0
1784664811547,unknown,VM-78,Stage3-2-0,0,0,0,0,0,0,0,0
1784664811551,unknown,VM-75,Stage1-1-0,0,0,0,0,0,0,0,0
1784664811558,unknown,VM-73,Stage1-0-0,0,0,0,0,0,0,0,0
1784664811562,unknown,VM-76,Stage2-3-0,0,0,0,0,0,0,0,0
1784664812525,unknown,VM-74,Stage1-3-0,0,0,0,0,0,0,0,0
1784664812539,unknown,VM-79,Stage3-1-0,0,0,0,0,0,0,0,0
1784664812545,unknown,VM-77,Stage2-0-0,0,0,0,0,0,0,0,0
1784664812547,unknown,VM-78,Stage3-2-0,0,0,0,0,0,0,0,0
1784664812551,unknown,VM-75,Stage1-1-0,0,0,0,0,0,0,0,0
1784664812558,unknown,VM-73,Stage1-0-0,0,0,0,0,0,0,0,0
1784664812562,unknown,VM-76,Stage2-3-0,0,0,0,0,0,0,0,0
1784664813525,unknown,VM-74,Stage1-3-0,0,0,0,0,0,0,0,0
1784664813539,unknown,VM-79,Stage3-1-0,0,0,0,0,0,0,0,0
1784664813545,unknown,VM-77,Stage2-0-0,0,0,0,0,0,0,0,0
1784664813547,unknown,VM-78,Stage3-2-0,0,0,0,0,0,0,0,0
1784664813551,unknown,VM-75,Stage1-1-0,0,0,0,0,0,0,0,0
1784664813558,unknown,VM-73,Stage1-0-0,0,0,0,0,0,0,0,0
1784664813562,unknown,VM-76,Stage2-3-0,0,0,0,0,0,0,0,0
1784664814525,unknown,VM-74,Stage1-3-0,0,0,0,0,0,0,0,0
1784664814539,unknown,VM-79,Stage3-1-0,0,0,0,0,0,0,0,0
1784664814545,unknown,VM-77,Stage2-0-0,0,0,0,0,0,0,0,0
1784664814547,unknown,VM-78,Stage3-2-0,0,0,0,0,0,0,0,0
1784664814551,unknown,VM-75,Stage1-1-0,0,0,0,0,0,0,0,0
1784664814558,unknown,VM-73,Stage1-0-0,0,0,0,0,0,0,0,0
1784664814562,unknown,VM-76,Stage2-3-0,0,0,0,0,0,0,0,0
1784664815525,unknown,VM-74,Stage1-3-0,0,0,0,0,0,0,0,0
1784664815539,unknown,VM-79,Stage3-1-0,0,0,0,0,0,0,0,0
1784664815545,unknown,VM-77,Stage2-0-0,0,0,0,0,0,0,0,0
1784664815547,unknown,VM-78,Stage3-2-0,0,0,0,0,0,0,0,0
1784664815551,unknown,VM-75,Stage1-1-0,0,0,0,0,0,0,0,0
1784664815558,unknown,VM-73,Stage1-0-0,0,0,0,0,0,0,0,0
1784664815562,unknown,VM-76,Stage2-3-0,0,0,0,0,0,0,0,0
1784664816525,unknown,VM-74,Stage1-3-0,0,0,0,0,0,0,0,0
1784664816539,unknown,VM-79,Stage3-1-0,0,0,0,0,0,0,0,0
1784664816545,unknown,VM-77,Stage2-0-0,0,0,0,0,0,0,0,0
1784664816547,unknown,VM-78,Stage3-2-0,0,0,0,0,0,0,0,0
1784664816551,unknown,VM-75,Stage1-1-0,0,0,0,0,0,0,0,0
1784664816558,unknown,VM-73,Stage1-0-0,0,0,0,0,0,0,0,0
1784664816562,unknown,VM-76,Stage2-3-0,0,0,0,0,0,0,0,0
1784664817525,unknown,VM-74,Stage1-3-0,0,0,0,0,0,0,0,0
1784664817539,unknown,VM-79,Stage3-1-0,0,0,0,0,0,0,0,0
1784664817545,unknown,VM-77,Stage2-0-0,0,0,0,0,0,0,0,0
1784664817547,unknown,VM-78,Stage3-2-0,0,0,0,0,0,0,0,0
1784664817551,unknown,VM-75,Stage1-1-0,0,0,0,0,0,0,0,0
1784664817558,unknown,VM-73,Stage1-0-0,0,0,0,0,0,0,0,0
1784664817562,unknown,VM-76,Stage2-3-0,0,0,0,0,0,0,0,0
1784664818525,unknown,VM-74,Stage1-3-0,0,0,0,0,0,0,0,0
1784664818539,unknown,VM-79,Stage3-1-0,0,0,0,0,0,0,0,0
1784664818545,unknown,VM-77,Stage2-0-0,0,0,0,0,0,0,0,0
1784664818547,unknown,VM-78,Stage3-2-0,0,0,0,0,0,0,0,0
1784664818551,unknown,VM-75,Stage1-1-0,0,0,0,0,0,0,0,0
1784664818558,unknown,VM-73,Stage1-0-0,0,0,0,0,0,0,0,0
1784664818562,unknown,VM-76,Stage2-3-0,0,0,0,0,0,0,0,0
1784664819525,unknown,VM-74,Stage1-3-0,0,0,0,0,0,0,0,0
1784664819539,unknown,VM-79,Stage3-1-0,0,0,0,0,0,0,0,0
1784664819545,unknown,VM-77,Stage2-0-0,0,0,0,0,0,0,0,0
1784664819547,unknown,VM-78,Stage3-2-0,0,0,0,0,0,0,0,0
1784664819551,unknown,VM-75,Stage1-1-0,0,0,0,0,0,0,0,0
1784664819558,unknown,VM-73,Stage1-0-0,0,0,0,0,0,0,0,0
1784664819562,unknown,VM-76,Stage2-3-0,0,0,0,0,0,0,0,0
1784664820525,unknown,VM-74,Stage1-3-0,0,0,0,0,0,0,0,0
1784664820539,unknown,VM-79,Stage3-1-0,0,0,0,0,0,0,0,0
1784664820545,unknown,VM-77,Stage2-0-0,0,0,0,0,0,0,0,0
1784664820547,unknown,VM-78,Stage3-2-0,0,0,0,0,0,0,0,0
1784664820551,unknown,VM-75,Stage1-1-0,0,0,0,0,0,0,0,0
1784664820558,unknown,VM-73,Stage1-0-0,0,0,0,0,0,0,0,0
1784664820562,unknown,VM-76,Stage2-3-0,0,0,0,0,0,0,0,0
1784664821525,unknown,VM-74,Stage1-3-0,0,0,0,0,0,0,0,0
1784664821539,unknown,VM-79,Stage3-1-0,0,0,0,0,0,0,0,0
1784664821545,unknown,VM-77,Stage2-0-0,0,0,0,0,0,0,0,0
1784664821547,unknown,VM-78,Stage3-2-0,0,0,0,0,0,0,0,0
1784664821551,unknown,VM-75,Stage1-1-0,0,0,0,0,0,0,0,0
1784664821558,unknown,VM-73,Stage1-0-0,0,0,0,0,0,0,0,0
1784664821562,unknown,VM-76,Stage2-3-0,0,0,0,0,0,0,0,0
1784664822525,unknown,VM-74,Stage1-3-0,0,0,0,0,0,0,0,0
1784664822539,unknown,VM-79,Stage3-1-0,0,0,0,0,0,0,0,0
1784664822545,unknown,VM-77,Stage2-0-0,0,0,0,0,0,0,0,0
1784664822547,unknown,VM-78,Stage3-2-0,0,0,0,0,0,0,0,0
1784664822551,unknown,VM-75,Stage1-1-0,0,0,0,0,0,0,0,0
1784664822558,unknown,VM-73,Stage1-0-0,0,0,0,0,0,0,0,0
1784664822562,unknown,VM-76,Stage2-3-0,0,0,0,0,0,0,0,0
1784664823525,unknown,VM-74,Stage1-3-0,0,0,0,0,0,0,0,0
1784664823539,unknown,VM-79,Stage3-1-0,0,0,0,0,0,0,0,0
1784664823545,unknown,VM-77,Stage2-0-0,0,0,0,0,0,0,0,0
1784664823547,unknown,VM-78,Stage3-2-0,0,0,0,0,0,0,0,0
1784664823551,unknown,VM-75,Stage1-1-0,0,0,0,0,0,0,0,0
1784664823558,unknown,VM-73,Stage1-0-0,0,0,0,0,0,0,0,0
1784664823562,unknown,VM-76,Stage2-3-0,0,0,0,0,0,0,0,0
1784664824525,unknown,VM-74,Stage1-3-0,0,0,0,0,0,0,0,0
1784664824539,unknown,VM-79,Stage3-1-0,0,0,0,0,0,0,0,0
1784664824545,unknown,VM-77,Stage2-0-0,0,0,0,0,0,0,0,0
1784664824547,unknown,VM-78,Stage3-2-0,0,0,0,0,0,0,0,0
1784664824551,unknown,VM-75,Stage1-1-0,0,0,0,0,0,0,0,0
1784664824558,unknown,VM-73,Stage1-0-0,0,0,0,0,0,0,0,0
1784664824562,unknown,VM-76,Stage2-3-0,0,0,0,0,0,0,0,0
1784664825525,unknown,VM-74,Stage1-3-0,0,0,0,0,0,0,0,0
1784664825539,unknown,VM-79,Stage3-1-0,0,0,0,0,0,0,0,0
1784664825545,unknown,VM-77,Stage2-0-0,0,0,0,0,0,0,0,0
1784664825547,unknown,VM-78,Stage3-2-0,0,0,0,0,0,0,0,0
1784664825551,unknown,VM-75,Stage1-1-0,0,0,0,0,0,0,0,0
1784664825558,unknown,VM-73,Stage1-0-0,0,0,0,0,0,0,0,0
1784664825562,unknown,VM-76,Stage2-3-0,0,0,0,0,0,0,0,0
1784664826525,unknown,VM-74,Stage1-3-0,0,0,0,0,0,0,0,0
1784664826539,unknown,VM-79,Stage3-1-0,0,0,0,0,0,0,0,0
1784664826545,unknown,VM-77,Stage2-0-0,0,0,0,0,0,0,0,0
1784664826547,unknown,VM-78,Stage3-2-0,0,0,0,0,0,0,0,0
1784664826551,unknown,VM-75,Stage1-1-0,0,0,0,0,0,0,0,0
1784664826558,unknown,VM-73,Stage1-0-0,0,0,0,0,0,0,0,0
1784664826562,unknown,VM-76,Stage2-3-0,0,0,0,0,0,0,0,0
1784664827525,unknown,VM-74,Stage1-3-0,0,0,0,0,0,0,0,0
1784664827539,unknown,VM-79,Stage3-1-0,0,0,0,0,0,0,0,0
1784664827545,unknown,VM-77,Stage2-0-0,0,0,0,0,0,0,0,0
1784664827547,unknown,VM-78,Stage3-2-0,0,0,0,0,0,0,0,0
1784664827551,unknown,VM-75,Stage1-1-0,0,0,0,0,0,0,0,0
1784664827558,unknown,VM-73,Stage1-0-0,0,0,0,0,0,0,0,0
1784664827562,unknown,VM-76,Stage2-3-0,0,0,0,0,0,0,0,0
1784664828525,unknown,VM-74,Stage1-3-0,0,0,0,0,0,0,0,0
1784664828539,unknown,VM-79,Stage3-1-0,0,0,0,0,0,0,0,0
1784664828545,unknown,VM-77,Stage2-0-0,0,0,0,0,0,0,0,0
1784664828547,unknown,VM-78,Stage3-2-0,0,0,0,0,0,0,0,0
1784664828551,unknown,VM-75,Stage1-1-0,0,0,0,0,0,0,0,0
1784664828558,unknown,VM-73,Stage1-0-0,0,0,0,0,0,0,0,0
1784664828562,unknown,VM-76,Stage2-3-0,0,0,0,0,0,0,0,0
1784664829525,unknown,VM-74,Stage1-3-0,0,0,0,0,0,0,0,0
1784664829539,unknown,VM-79,Stage3-1-0,0,0,0,0,0,0,0,0
1784664829545,unknown,VM-77,Stage2-0-0,0,0,0,0,0,0,0,0
1784664829547,unknown,VM-78,Stage3-2-0,0,0,0,0,0,0,0,0
1784664829551,unknown,VM-75,Stage1-1-0,0,0,0,0,0,0,0,0
1784664829558,unknown,VM-73,Stage1-0-0,0,0,0,0,0,0,0,0
1784664829562,unknown,VM-76,Stage2-3-0,0,0,0,0,0,0,0,0
1784664830525,unknown,VM-74,Stage1-3-0,0,0,0,0,0,0,0,0
1784664830539,unknown,VM-79,Stage3-1-0,0,0,0,0,0,0,0,0
1784664830545,unknown,VM-77,Stage2-0-0,0,0,0,0,0,0,0,0
1784664830547,unknown,VM-78,Stage3-2-0,0,0,0,0,0,0,0,0
1784664830551,unknown,VM-75,Stage1-1-0,0,0,0,0,0,0,0,0
1784664830558,unknown,VM-73,Stage1-0-0,0,0,0,0,0,0,0,0
1784664830562,unknown,VM-76,Stage2-3-0,0,0,0,0,0,0,0,0
1784664831525,unknown,VM-74,Stage1-3-0,0,0,0,0,0,0,0,0
1784664831539,unknown,VM-79,Stage3-1-0,0,0,0,0,0,0,0,0
1784664831545,unknown,VM-77,Stage2-0-0,0,0,0,0,0,0,0,0
1784664831547,unknown,VM-78,Stage3-2-0,0,0,0,0,0,0,0,0
1784664831550,unknown,VM-75,Stage1-1-0,0,0,0,0,0,0,0,0
1784664831558,unknown,VM-73,Stage1-0-0,0,0,0,0,0,0,0,0
1784664831562,unknown,VM-76,Stage2-3-0,0,0,0,0,0,0,0,0
1784664832525,unknown,VM-74,Stage1-3-0,0,0,0,0,0,0,0,0
1784664832539,unknown,VM-79,Stage3-1-0,0,0,0,0,0,0,0,0
1784664832545,unknown,VM-77,Stage2-0-0,0,0,0,0,0,0,0,0
1784664832547,unknown,VM-78,Stage3-2-0,0,0,0,0,0,0,0,0
1784664832551,unknown,VM-75,Stage1-1-0,0,0,0,0,0,0,0,0
1784664832558,unknown,VM-73,Stage1-0-0,0,0,0,0,0,0,0,0
1784664832562,unknown,VM-76,Stage2-3-0,0,0,0,0,0,0,0,0
1784664833525,unknown,VM-74,Stage1-3-0,0,0,0,0,0,0,0,0
1784664833539,unknown,VM-79,Stage3-1-0,0,0,0,0,0,0,0,0
1784664833545,unknown,VM-77,Stage2-0-0,0,0,0,0,0,0,0,0
1784664833547,unknown,VM-78,Stage3-2-0,0,0,0,0,0,0,0,0
1784664833551,unknown,VM-75,Stage1-1-0,0,0,0,0,0,0,0,0
1784664833558,unknown,VM-73,Stage1-0-0,0,0,0,0,0,0,0,0
1784664833562,unknown,VM-76,Stage2-3-0,0,0,0,0,0,0,0,0
1784664834525,unknown,VM-74,Stage1-3-0,0,0,0,0,0,0,0,0
1784664834539,unknown,VM-79,Stage3-1-0,0,0,0,0,0,0,0,0
1784664834545,unknown,VM-77,Stage2-0-0,0,0,0,0,0,0,0,0
1784664834547,unknown,VM-78,Stage3-2-0,0,0,0,0,0,0,0,0
1784664834551,unknown,VM-75,Stage1-1-0,0,0,0,0,0,0,0,0
1784664834558,unknown,VM-73,Stage1-0-0,0,0,0,0,0,0,0,0
1784664834562,unknown,VM-76,Stage2-3-0,0,0,0,0,0,0,0,0
1784664835525,unknown,VM-74,Stage1-3-0,0,0,0,0,0,0,0,0
1784664835539,unknown,VM-79,Stage3-1-0,0,0,0,0,0,0,0,0
1784664835545,unknown,VM-77,Stage2-0-0,0,0,0,0,0,0,0,0
1784664835547,unknown,VM-78,Stage3-2-0,0,0,0,0,0,0,0,0
1784664835551,unknown,VM-75,Stage1-1-0,0,0,0,0,0,0,0,0
1784664835558,unknown,VM-73,Stage1-0-0,0,0,0,0,0,0,0,0
1784664835562,unknown,VM-76,Stage2-3-0,0,0,0,0,0,0,0,0
1784664836525,unknown,VM-74,Stage1-3-0,0,0,0,0,0,0,0,0
1784664836539,unknown,VM-79,Stage3-1-0,0,0,0,0,0,0,0,0
1784664836545,unknown,VM-77,Stage2-0-0,0,0,0,0,0,0,0,0
1784664836547,unknown,VM-78,Stage3-2-0,0,0,0,0,0,0,0,0
1784664836551,unknown,VM-75,Stage1-1-0,0,0,0,0,0,0,0,0
1784664836558,unknown,VM-73,Stage1-0-0,0,0,0,0,0,0,0,0
1784664836562,unknown,VM-76,Stage2-3-0,0,0,0,0,0,0,0,0
1784664837525,unknown,VM-74,Stage1-3-0,0,0,0,0,0,0,0,0
1784664837539,unknown,VM-79,Stage3-1-0,0,0,0,0,0,0,0,0
1784664837545,unknown,VM-77,Stage2-0-0,0,0,0,0,0,0,0,0
1784664837547,unknown,VM-78,Stage3-2-0,0,0,0,0,0,0,0,0
1784664837551,unknown,VM-75,Stage1-1-0,0,0,0,0,0,0,0,0
1784664837558,unknown,VM-73,Stage1-0-0,0,0,0,0,0,0,0,0
1784664837562,unknown,VM-76,Stage2-3-0,0,0,0,0,0,0,0,0
1784664838525,unknown,VM-74,Stage1-3-0,0,0,0,0,0,0,0,0
1784664838539,unknown,VM-79,Stage3-1-0,0,0,0,0,0,0,0,0
1784664838545,unknown,VM-77,Stage2-0-0,0,0,0,0,0,0,0,0
1784664838547,unknown,VM-78,Stage3-2-0,0,0,0,0,0,0,0,0
1784664838558,unknown,VM-73,Stage1-0-0,0,0,0,0,0,0,0,0
1784664838558,unknown,VM-75,Stage1-1-0,0,0,0,0,0,0,0,0
1784664838562,unknown,VM-76,Stage2-3-0,0,0,0,0,0,0,0,0
1784664839525,unknown,VM-74,Stage1-3-0,0,0,0,0,0,0,0,0
1784664839539,unknown,VM-79,Stage3-1-0,0,0,0,0,0,0,0,0
1784664839545,unknown,VM-77,Stage2-0-0,0,0,0,0,0,0,0,0
1784664839547,unknown,VM-78,Stage3-2-0,0,0,0,0,0,0,0,0
1784664839551,unknown,VM-75,Stage1-1-0,0,0,0,0,0,0,0,0
1784664839558,unknown,VM-73,Stage1-0-0,0,0,0,0,0,0,0,0
1784664839562,unknown,VM-76,Stage2-3-0,0,0,0,0,0,0,0,0
1784664840525,unknown,VM-74,Stage1-3-0,0,0,0,0,0,0,0,0
1784664840539,unknown,VM-79,Stage3-1-0,0,0,0,0,0,0,0,0
1784664840545,unknown,VM-77,Stage2-0-0,0,0,0,0,0,0,0,0
1784664840547,unknown,VM-78,Stage3-2-0,0,0,0,0,0,0,0,0
1784664840551,unknown,VM-75,Stage1-1-0,0,0,0,0,0,0,0,0
1784664840558,unknown,VM-73,Stage1-0-0,0,0,0,0,0,0,0,0
1784664840562,unknown,VM-76,Stage2-3-0,0,0,0,0,0,0,0,0
1784664841525,unknown,VM-74,Stage1-3-0,0,0,0,0,0,0,0,0
1784664841539,unknown,VM-79,Stage3-1-0,0,0,0,0,0,0,0,0
1784664841545,unknown,VM-77,Stage2-0-0,0,0,0,0,0,0,0,0
1784664841547,unknown,VM-78,Stage3-2-0,0,0,0,0,0,0,0,0
1784664841551,unknown,VM-75,Stage1-1-0,0,0,0,0,0,0,0,0
1784664841558,unknown,VM-73,Stage1-0-0,0,0,0,0,0,0,0,0
1784664841562,unknown,VM-76,Stage2-3-0,0,0,0,0,0,0,0,0
1784664842525,unknown,VM-74,Stage1-3-0,0,0,0,0,0,0,0,0
1784664842539,unknown,VM-79,Stage3-1-0,0,0,0,0,0,0,0,0
1784664842545,unknown,VM-77,Stage2-0-0,0,0,0,0,0,0,0,0
1784664842547,unknown,VM-78,Stage3-2-0,0,0,0,0,0,0,0,0
1784664842551,unknown,VM-75,Stage1-1-0,0,0,0,0,0,0,0,0
1784664842558,unknown,VM-73,Stage1-0-0,0,0,0,0,0,0,0,0
1784664842562,unknown,VM-76,Stage2-3-0,0,0,0,0,0,0,0,0
1784664843525,unknown,VM-74,Stage1-3-0,0,0,0,0,0,0,0,0
1784664843539,unknown,VM-79,Stage3-1-0,0,0,0,0,0,0,0,0
1784664843545,unknown,VM-77,Stage2-0-0,0,0,0,0,0,0,0,0
1784664843547,unknown,VM-78,Stage3-2-0,0,0,0,0,0,0,0,0
1784664843551,unknown,VM-75,Stage1-1-0,0,0,0,0,0,0,0,0
1784664843558,unknown,VM-73,Stage1-0-0,0,0,0,0,0,0,0,0
1784664843562,unknown,VM-76,Stage2-3-0,0,0,0,0,0,0,0,0
1784664844525,unknown,VM-74,Stage1-3-0,0,0,0,0,0,0,0,0
1784664844539,unknown,VM-79,Stage3-1-0,0,0,0,0,0,0,0,0
1784664844545,unknown,VM-77,Stage2-0-0,0,0,0,0,0,0,0,0
1784664844547,unknown,VM-78,Stage3-2-0,0,0,0,0,0,0,0,0
1784664844551,unknown,VM-75,Stage1-1-0,0,0,0,0,0,0,0,0
1784664844558,unknown,VM-73,Stage1-0-0,0,0,0,0,0,0,0,0
1784664844562,unknown,VM-76,Stage2-3-0,0,0,0,0,0,0,0,0
1784664845525,unknown,VM-74,Stage1-3-0,0,0,0,0,0,0,0,0
1784664845539,unknown,VM-79,Stage3-1-0,0,0,0,0,0,0,0,0
1784664845545,unknown,VM-77,Stage2-0-0,0,0,0,0,0,0,0,0
1784664845547,unknown,VM-78,Stage3-2-0,0,0,0,0,0,0,0,0
1784664845551,unknown,VM-75,Stage1-1-0,0,0,0,0,0,0,0,0
1784664845558,unknown,VM-73,Stage1-0-0,0,0,0,0,0,0,0,0
1784664845562,unknown,VM-76,Stage2-3-0,0,0,0,0,0,0,0,0
1784664846525,unknown,VM-74,Stage1-3-0,0,0,0,0,0,0,0,0
1784664846539,unknown,VM-79,Stage3-1-0,0,0,0,0,0,0,0,0
1784664846545,unknown,VM-77,Stage2-0-0,0,0,0,0,0,0,0,0
1784664846547,unknown,VM-78,Stage3-2-0,0,0,0,0,0,0,0,0
1784664846551,unknown,VM-75,Stage1-1-0,0,0,0,0,0,0,0,0
1784664846558,unknown,VM-73,Stage1-0-0,0,0,0,0,0,0,0,0
1784664846562,unknown,VM-76,Stage2-3-0,0,0,0,0,0,0,0,0
1784664847525,unknown,VM-74,Stage1-3-0,0,0,0,0,0,0,0,0
1784664847539,unknown,VM-79,Stage3-1-0,0,0,0,0,0,0,0,0
1784664847545,unknown,VM-77,Stage2-0-0,0,0,0,0,0,0,0,0
1784664847547,unknown,VM-78,Stage3-2-0,0,0,0,0,0,0,0,0
1784664847551,unknown,VM-75,Stage1-1-0,0,0,0,0,0,0,0,0
1784664847558,unknown,VM-73,Stage1-0-0,0,0,0,0,0,0,0,0
1784664847562,unknown,VM-76,Stage2-3-0,0,0,0,0,0,0,0,0
1784664848525,unknown,VM-74,Stage1-3-0,0,0,0,0,0,0,0,0
1784664848539,unknown,VM-79,Stage3-1-0,0,0,0,0,0,0,0,0
1784664848545,unknown,VM-77,Stage2-0-0,0,0,0,0,0,0,0,0
1784664848547,unknown,VM-78,Stage3-2-0,0,0,0,0,0,0,0,0
1784664848551,unknown,VM-75,Stage1-1-0,0,0,0,0,0,0,0,0
1784664848558,unknown,VM-73,Stage1-0-0,0,0,0,0,0,0,0,0
1784664848562,unknown,VM-76,Stage2-3-0,0,0,0,0,0,0,0,0
1784664849525,unknown,VM-74,Stage1-3-0,0,0,0,0,0,0,0,0
1784664849539,unknown,VM-79,Stage3-1-0,0,0,0,0,0,0,0,0
1784664849545,unknown,VM-77,Stage2-0-0,0,0,0,0,0,0,0,0
1784664849547,unknown,VM-78,Stage3-2-0,0,0,0,0,0,0,0,0
1784664849551,unknown,VM-75,Stage1-1-0,0,0,0,0,0,0,0,0
1784664849558,unknown,VM-73,Stage1-0-0,0,0,0,0,0,0,0,0
1784664849562,unknown,VM-76,Stage2-3-0,0,0,0,0,0,0,0,0
1784664850525,unknown,VM-74,Stage1-3-0,0,0,0,0,0,0,0,0
1784664850539,unknown,VM-79,Stage3-1-0,0,0,0,0,0,0,0,0
1784664850545,unknown,VM-77,Stage2-0-0,0,0,0,0,0,0,0,0
1784664850547,unknown,VM-78,Stage3-2-0,0,0,0,0,0,0,0,0
1784664850551,unknown,VM-75,Stage1-1-0,0,0,0,0,0,0,0,0
1784664850558,unknown,VM-73,Stage1-0-0,0,0,0,0,0,0,0,0
1784664850562,unknown,VM-76,Stage2-3-0,0,0,0,0,0,0,0,0
1784664851525,unknown,VM-74,Stage1-3-0,0,0,0,0,0,0,0,0
1784664851539,unknown,VM-79,Stage3-1-0,0,0,0,0,0,0,0,0
1784664851545,unknown,VM-77,Stage2-0-0,0,0,0,0,0,0,0,0
1784664851547,unknown,VM-78,Stage3-2-0,0,0,0,0,0,0,0,0
1784664851551,unknown,VM-75,Stage1-1-0,0,0,0,0,0,0,0,0
1784664851558,unknown,VM-73,Stage1-0-0,0,0,0,0,0,0,0,0
1784664851562,unknown,VM-76,Stage2-3-0,0,0,0,0,0,0,0,0
1784664852525,unknown,VM-74,Stage1-3-0,0,0,0,0,0,0,0,0
1784664852539,unknown,VM-79,Stage3-1-0,0,0,0,0,0,0,0,0
1784664852545,unknown,VM-77,Stage2-0-0,0,0,0,0,0,0,0,0
1784664852547,unknown,VM-78,Stage3-2-0,0,0,0,0,0,0,0,0
1784664852551,unknown,VM-75,Stage1-1-0,0,0,0,0,0,0,0,0
1784664852558,unknown,VM-73,Stage1-0-0,0,0,0,0,0,0,0,0
1784664852562,unknown,VM-76,Stage2-3-0,0,0,0,0,0,0,0,0
1784664853525,unknown,VM-74,Stage1-3-0,0,0,0,0,0,0,0,0
1784664853539,unknown,VM-79,Stage3-1-0,0,0,0,0,0,0,0,0
1784664853545,unknown,VM-77,Stage2-0-0,0,0,0,0,0,0,0,0
1784664853547,unknown,VM-78,Stage3-2-0,0,0,0,0,0,0,0,0
1784664853551,unknown,VM-75,Stage1-1-0,0,0,0,0,0,0,0,0
1784664853558,unknown,VM-73,Stage1-0-0,0,0,0,0,0,0,0,0
1784664853562,unknown,VM-76,Stage2-3-0,0,0,0,0,0,0,0,0
1784664854525,unknown,VM-74,Stage1-3-0,0,0,0,0,0,0,0,0
1784664854539,unknown,VM-79,Stage3-1-0,0,0,0,0,0,0,0,0
1784664854545,unknown,VM-77,Stage2-0-0,0,0,0,0,0,0,0,0
1784664854547,unknown,VM-78,Stage3-2-0,0,0,0,0,0,0,0,0
1784664854551,unknown,VM-75,Stage1-1-0,0,0,0,0,0,0,0,0
1784664854558,unknown,VM-73,Stage1-0-0,0,0,0,0,0,0,0,0
1784664854562,unknown,VM-76,Stage2-3-0,0,0,0,0,0,0,0,0
1784664855525,unknown,VM-74,Stage1-3-0,0,0,0,0,0,0,0,0
1784664855539,unknown,VM-79,Stage3-1-0,0,0,0,0,0,0,0,0
1784664855545,unknown,VM-77,Stage2-0-0,0,0,0,0,0,0,0,0
1784664855547,unknown,VM-78,Stage3-2-0,0,0,0,0,0,0,0,0
1784664855551,unknown,VM-75,Stage1-1-0,0,0,0,0,0,0,0,0
1784664855558,unknown,VM-73,Stage1-0-0,0,0,0,0,0,0,0,0
1784664855562,unknown,VM-76,Stage2-3-0,0,0,0,0,0,0,0,0
1784664856525,unknown,VM-74,Stage1-3-0,0,0,0,0,0,0,0,0
1784664856539,unknown,VM-79,Stage3-1-0,0,0,0,0,0,0,0,0
1784664856545,unknown,VM-77,Stage2-0-0,0,0,0,0,0,0,0,0
1784664856547,unknown,VM-78,Stage3-2-0,0,0,0,0,0,0,0,0
1784664856551,unknown,VM-75,Stage1-1-0,0,0,0,0,0,0,0,0
1784664856558,unknown,VM-73,Stage1-0-0,0,0,0,0,0,0,0,0
1784664856562,unknown,VM-76,Stage2-3-0,0,0,0,0,0,0,0,0
1784664857525,unknown,VM-74,Stage1-3-0,0,0,0,0,0,0,0,0
1784664857539,unknown,VM-79,Stage3-1-0,0,0,0,0,0,0,0,0
1784664857545,unknown,VM-77,Stage2-0-0,0,0,0,0,0,0,0,0
1784664857547,unknown,VM-78,Stage3-2-0,0,0,0,0,0,0,0,0
1784664857551,unknown,VM-75,Stage1-1-0,0,0,0,0,0,0,0,0
1784664857558,unknown,VM-73,Stage1-0-0,0,0,0,0,0,0,0,0
1784664857562,unknown,VM-76,Stage2-3-0,0,0,0,0,0,0,0,0
1784664858525,unknown,VM-74,Stage1-3-0,0,0,0,0,0,0,0,0
1784664858539,unknown,VM-79,Stage3-1-0,0,0,0,0,0,0,0,0
1784664858545,unknown,VM-77,Stage2-0-0,0,0,0,0,0,0,0,0
1784664858547,unknown,VM-78,Stage3-2-0,0,0,0,0,0,0,0,0
1784664858551,unknown,VM-75,Stage1-1-0,0,0,0,0,0,0,0,0
1784664858558,unknown,VM-73,Stage1-0-0,0,0,0,0,0,0,0,0
1784664858562,unknown,VM-76,Stage2-3-0,0,0,0,0,0,0,0,0
1784664859525,unknown,VM-74,Stage1-3-0,0,0,0,0,0,0,0,0
1784664859539,unknown,VM-79,Stage3-1-0,0,0,0,0,0,0,0,0
1784664859545,unknown,VM-77,Stage2-0-0,0,0,0,0,0,0,0,0
1784664859547,unknown,VM-78,Stage3-2-0,0,0,0,0,0,0,0,0
1784664859551,unknown,VM-75,Stage1-1-0,0,0,0,0,0,0,0,0
1784664859558,unknown,VM-73,Stage1-0-0,0,0,0,0,0,0,0,0
1784664859562,unknown,VM-76,Stage2-3-0,0,0,0,0,0,0,0,0
1784664860525,unknown,VM-74,Stage1-3-0,0,0,0,0,0,0,0,0
1784664860539,unknown,VM-79,Stage3-1-0,0,0,0,0,0,0,0,0
1784664860545,unknown,VM-77,Stage2-0-0,0,0,0,0,0,0,0,0
1784664860547,unknown,VM-78,Stage3-2-0,0,0,0,0,0,0,0,0
1784664860551,unknown,VM-75,Stage1-1-0,0,0,0,0,0,0,0,0
1784664860558,unknown,VM-73,Stage1-0-0,0,0,0,0,0,0,0,0
1784664860562,unknown,VM-76,Stage2-3-0,0,0,0,0,0,0,0,0
1784664861525,unknown,VM-74,Stage1-3-0,0,0,0,0,0,0,0,0
1784664861539,unknown,VM-79,Stage3-1-0,0,0,0,0,0,0,0,0
1784664861545,unknown,VM-77,Stage2-0-0,0,0,0,0,0,0,0,0
1784664861547,unknown,VM-78,Stage3-2-0,0,0,0,0,0,0,0,0
1784664861551,unknown,VM-75,Stage1-1-0,0,0,0,0,0,0,0,0
1784664861558,unknown,VM-73,Stage1-0-0,0,0,0,0,0,0,0,0
1784664861562,unknown,VM-76,Stage2-3-0,0,0,0,0,0,0,0,0
1784664862525,unknown,VM-74,Stage1-3-0,0,0,0,0,0,0,0,0
1784664862539,unknown,VM-79,Stage3-1-0,0,0,0,0,0,0,0,0
1784664862545,unknown,VM-77,Stage2-0-0,0,0,0,0,0,0,0,0
1784664862547,unknown,VM-78,Stage3-2-0,0,0,0,0,0,0,0,0
1784664862551,unknown,VM-75,Stage1-1-0,0,0,0,0,0,0,0,0
1784664862558,unknown,VM-73,Stage1-0-0,0,0,0,0,0,0,0,0
1784664862562,unknown,VM-76,Stage2-3-0,0,0,0,0,0,0,0,0
1784664863525,unknown,VM-74,Stage1-3-0,0,0,0,0,0,0,0,0
1784664863539,unknown,VM-79,Stage3-1-0,0,0,0,0,0,0,0,0
1784664863545,unknown,VM-77,Stage2-0-0,0,0,0,0,0,0,0,0
1784664863547,unknown,VM-78,Stage3-2-0,0,0,0,0,0,0,0,0
1784664863551,unknown,VM-75,Stage1-1-0,0,0,0,0,0,0,0,0
1784664863558,unknown,VM-73,Stage1-0-0,0,0,0,0,0,0,0,0
1784664863562,unknown,VM-76,Stage2-3-0,0,0,0,0,0,0,0,0
1784664864525,unknown,VM-74,Stage1-3-0,0,0,0,0,0,0,0,0
1784664864539,unknown,VM-79,Stage3-1-0,0,0,0,0,0,0,0,0
1784664864545,unknown,VM-77,Stage2-0-0,0,0,0,0,0,0,0,0
1784664864547,unknown,VM-78,Stage3-2-0,0,0,0,0,0,0,0,0
1784664864551,unknown,VM-75,Stage1-1-0,0,0,0,0,0,0,0,0
1784664864558,unknown,VM-73,Stage1-0-0,0,0,0,0,0,0,0,0
1784664864562,unknown,VM-76,Stage2-3-0,0,0,0,0,0,0,0,0
1784664865525,unknown,VM-74,Stage1-3-0,0,0,0,0,0,0,0,0
1784664865539,unknown,VM-79,Stage3-1-0,0,0,0,0,0,0,0,0
1784664865545,unknown,VM-77,Stage2-0-0,0,0,0,0,0,0,0,0
1784664865547,unknown,VM-78,Stage3-2-0,0,0,0,0,0,0,0,0
1784664865551,unknown,VM-75,Stage1-1-0,0,0,0,0,0,0,0,0
1784664865558,unknown,VM-73,Stage1-0-0,0,0,0,0,0,0,0,0
1784664865562,unknown,VM-76,Stage2-3-0,0,0,0,0,0,0,0,0
1784664866525,unknown,VM-74,Stage1-3-0,0,0,0,0,0,0,0,0
1784664866539,unknown,VM-79,Stage3-1-0,0,0,0,0,0,0,0,0
1784664866545,unknown,VM-77,Stage2-0-0,0,0,0,0,0,0,0,0
1784664866547,unknown,VM-78,Stage3-2-0,0,0,0,0,0,0,0,0
1784664866551,unknown,VM-75,Stage1-1-0,0,0,0,0,0,0,0,0
1784664866558,unknown,VM-73,Stage1-0-0,0,0,0,0,0,0,0,0
1784664866562,unknown,VM-76,Stage2-3-0,0,0,0,0,0,0,0,0
1784664867525,unknown,VM-74,Stage1-3-0,0,0,0,0,0,0,0,0
1784664867539,unknown,VM-79,Stage3-1-0,0,0,0,0,0,0,0,0
1784664867545,unknown,VM-77,Stage2-0-0,0,0,0,0,0,0,0,0
1784664867547,unknown,VM-78,Stage3-2-0,0,0,0,0,0,0,0,0
1784664867551,unknown,VM-75,Stage1-1-0,0,0,0,0,0,0,0,0
1784664867558,unknown,VM-73,Stage1-0-0,0,0,0,0,0,0,0,0
1784664867562,unknown,VM-76,Stage2-3-0,0,0,0,0,0,0,0,0
1784664868525,unknown,VM-74,Stage1-3-0,0,0,0,0,0,0,0,0
1784664868539,unknown,VM-79,Stage3-1-0,0,0,0,0,0,0,0,0
1784664868545,unknown,VM-77,Stage2-0-0,0,0,0,0,0,0,0,0
1784664868547,unknown,VM-78,Stage3-2-0,0,0,0,0,0,0,0,0
1784664868551,unknown,VM-75,Stage1-1-0,0,0,0,0,0,0,0,0
1784664868558,unknown,VM-73,Stage1-0-0,0,0,0,0,0,0,0,0
1784664868562,unknown,VM-76,Stage2-3-0,0,0,0,0,0,0,0,0
1784664869525,unknown,VM-74,Stage1-3-0,0,0,0,0,0,0,0,0
1784664869539,unknown,VM-79,Stage3-1-0,0,0,0,0,0,0,0,0
1784664869545,unknown,VM-77,Stage2-0-0,0,0,0,0,0,0,0,0
1784664869547,unknown,VM-78,Stage3-2-0,0,0,0,0,0,0,0,0
1784664869551,unknown,VM-75,Stage1-1-0,0,0,0,0,0,0,0,0
1784664869558,unknown,VM-73,Stage1-0-0,0,0,0,0,0,0,0,0
1784664869562,unknown,VM-76,Stage2-3-0,0,0,0,0,0,0,0,0
1784664870525,unknown,VM-74,Stage1-3-0,0,0,0,0,0,0,0,0
1784664870539,unknown,VM-79,Stage3-1-0,0,0,0,0,0,0,0,0
1784664870545,unknown,VM-77,Stage2-0-0,0,0,0,0,0,0,0,0
1784664870547,unknown,VM-78,Stage3-2-0,0,0,0,0,0,0,0,0
1784664870551,unknown,VM-75,Stage1-1-0,0,0,0,0,0,0,0,0
1784664870558,unknown,VM-73,Stage1-0-0,0,0,0,0,0,0,0,0
1784664870562,unknown,VM-76,Stage2-3-0,0,0,0,0,0,0,0,0
1784664871525,unknown,VM-74,Stage1-3-0,0,0,0,0,0,0,0,0
1784664871539,unknown,VM-79,Stage3-1-0,0,0,0,0,0,0,0,0
1784664871545,unknown,VM-77,Stage2-0-0,0,0,0,0,0,0,0,0
1784664871547,unknown,VM-78,Stage3-2-0,0,0,0,0,0,0,0,0
1784664871551,unknown,VM-75,Stage1-1-0,0,0,0,0,0,0,0,0
1784664871558,unknown,VM-73,Stage1-0-0,0,0,0,0,0,0,0,0
1784664871562,unknown,VM-76,Stage2-3-0,0,0,0,0,0,0,0,0
1784664872525,unknown,VM-74,Stage1-3-0,0,0,0,0,0,0,0,0
1784664872539,unknown,VM-79,Stage3-1-0,0,0,0,0,0,0,0,0
1784664872545,unknown,VM-77,Stage2-0-0,0,0,0,0,0,0,0,0
1784664872547,unknown,VM-78,Stage3-2-0,0,0,0,0,0,0,0,0
1784664872551,unknown,VM-75,Stage1-1-0,0,0,0,0,0,0,0,0
1784664872558,unknown,VM-73,Stage1-0-0,0,0,0,0,0,0,0,0
1784664872562,unknown,VM-76,Stage2-3-0,0,0,0,0,0,0,0,0
1784664873525,unknown,VM-74,Stage1-3-0,0,0,0,0,0,0,0,0
1784664873539,unknown,VM-79,Stage3-1-0,0,0,0,0,0,0,0,0
1784664873545,unknown,VM-77,Stage2-0-0,0,0,0,0,0,0,0,0
1784664873547,unknown,VM-78,Stage3-2-0,0,0,0,0,0,0,0,0
1784664873551,unknown,VM-75,Stage1-1-0,0,0,0,0,0,0,0,0
1784664873558,unknown,VM-73,Stage1-0-0,0,0,0,0,0,0,0,0
1784664873562,unknown,VM-76,Stage2-3-0,0,0,0,0,0,0,0,0
1784664874525,unknown,VM-74,Stage1-3-0,0,0,0,0,0,0,0,0
1784664874539,unknown,VM-79,Stage3-1-0,0,0,0,0,0,0,0,0
1784664874545,unknown,VM-77,Stage2-0-0,0,0,0,0,0,0,0,0
1784664874547,unknown,VM-78,Stage3-2-0,0,0,0,0,0,0,0,0
1784664874551,unknown,VM-75,Stage1-1-0,0,0,0,0,0,0,0,0
1784664874558,unknown,VM-73,Stage1-0-0,0,0,0,0,0,0,0,0
1784664874562,unknown,VM-76,Stage2-3-0,0,0,0,0,0,0,0,0
1784664875525,unknown,VM-74,Stage1-3-0,0,0,0,0,0,0,0,0
1784664875539,unknown,VM-79,Stage3-1-0,0,0,0,0,0,0,0,0
1784664875545,unknown,VM-77,Stage2-0-0,0,0,0,0,0,0,0,0
1784664875547,unknown,VM-78,Stage3-2-0,0,0,0,0,0,0,0,0
1784664875551,unknown,VM-75,Stage1-1-0,0,0,0,0,0,0,0,0
1784664875558,unknown,VM-73,Stage1-0-0,0,0,0,0,0,0,0,0
1784664875562,unknown,VM-76,Stage2-3-0,0,0,0,0,0,0,0,0
1784664876525,unknown,VM-74,Stage1-3-0,0,0,0,0,0,0,0,0
1784664876539,unknown,VM-79,Stage3-1-0,0,0,0,0,0,0,0,0
1784664876545,unknown,VM-77,Stage2-0-0,0,0,0,0,0,0,0,0
1784664876547,unknown,VM-78,Stage3-2-0,0,0,0,0,0,0,0,0
1784664876551,unknown,VM-75,Stage1-1-0,0,0,0,0,0,0,0,0
1784664876558,unknown,VM-73,Stage1-0-0,0,0,0,0,0,0,0,0
1784664876562,unknown,VM-76,Stage2-3-0,0,0,0,0,0,0,0,0
1784664877525,unknown,VM-74,Stage1-3-0,0,0,0,0,0,0,0,0
1784664877539,unknown,VM-79,Stage3-1-0,0,0,0,0,0,0,0,0
1784664877545,unknown,VM-77,Stage2-0-0,0,0,0,0,0,0,0,0
1784664877547,unknown,VM-78,Stage3-2-0,0,0,0,0,0,0,0,0
1784664877551,unknown,VM-75,Stage1-1-0,0,0,0,0,0,0,0,0
1784664877558,unknown,VM-73,Stage1-0-0,0,0,0,0,0,0,0,0
1784664877562,unknown,VM-76,Stage2-3-0,0,0,0,0,0,0,0,0
1784664878525,unknown,VM-74,Stage1-3-0,0,0,0,0,0,0,0,0
1784664878539,unknown,VM-79,Stage3-1-0,0,0,0,0,0,0,0,0
1784664878545,unknown,VM-77,Stage2-0-0,0,0,0,0,0,0,0,0
1784664878547,unknown,VM-78,Stage3-2-0,0,0,0,0,0,0,0,0
1784664878551,unknown,VM-75,Stage1-1-0,0,0,0,0,0,0,0,0
1784664878558,unknown,VM-73,Stage1-0-0,0,0,0,0,0,0,0,0
1784664878562,unknown,VM-76,Stage2-3-0,0,0,0,0,0,0,0,0
1784664879525,unknown,VM-74,Stage1-3-0,0,0,0,0,0,0,0,0
1784664879539,unknown,VM-79,Stage3-1-0,0,0,0,0,0,0,0,0
1784664879545,unknown,VM-77,Stage2-0-0,0,0,0,0,0,0,0,0
1784664879547,unknown,VM-78,Stage3-2-0,0,0,0,0,0,0,0,0
1784664879551,unknown,VM-75,Stage1-1-0,0,0,0,0,0,0,0,0
1784664879558,unknown,VM-73,Stage1-0-0,0,0,0,0,0,0,0,0
1784664879562,unknown,VM-76,Stage2-3-0,0,0,0,0,0,0,0,0
1784664880525,unknown,VM-74,Stage1-3-0,0,0,0,0,0,0,0,0
1784664880539,unknown,VM-79,Stage3-1-0,0,0,0,0,0,0,0,0
1784664880545,unknown,VM-77,Stage2-0-0,0,0,0,0,0,0,0,0
1784664880547,unknown,VM-78,Stage3-2-0,0,0,0,0,0,0,0,0
1784664880551,unknown,VM-75,Stage1-1-0,0,0,0,0,0,0,0,0
1784664880558,unknown,VM-73,Stage1-0-0,0,0,0,0,0,0,0,0
1784664880562,unknown,VM-76,Stage2-3-0,0,0,0,0,0,0,0,0
1784664881525,unknown,VM-74,Stage1-3-0,0,0,0,0,0,0,0,0
1784664881539,unknown,VM-79,Stage3-1-0,0,0,0,0,0,0,0,0
1784664881545,unknown,VM-77,Stage2-0-0,0,0,0,0,0,0,0,0
1784664881547,unknown,VM-78,Stage3-2-0,0,0,0,0,0,0,0,0
1784664881551,unknown,VM-75,Stage1-1-0,0,0,0,0,0,0,0,0
1784664881558,unknown,VM-73,Stage1-0-0,0,0,0,0,0,0,0,0
1784664881562,unknown,VM-76,Stage2-3-0,0,0,0,0,0,0,0,0
1784664882525,unknown,VM-74,Stage1-3-0,0,0,0,0,0,0,0,0
1784664882539,unknown,VM-79,Stage3-1-0,0,0,0,0,0,0,0,0
1784664882545,unknown,VM-77,Stage2-0-0,0,0,0,0,0,0,0,0
1784664882547,unknown,VM-78,Stage3-2-0,0,0,0,0,0,0,0,0
1784664882551,unknown,VM-75,Stage1-1-0,0,0,0,0,0,0,0,0
1784664882558,unknown,VM-73,Stage1-0-0,0,0,0,0,0,0,0,0
1784664882562,unknown,VM-76,Stage2-3-0,0,0,0,0,0,0,0,0
1784664883525,unknown,VM-74,Stage1-3-0,0,0,0,0,0,0,0,0
1784664883539,unknown,VM-79,Stage3-1-0,0,0,0,0,0,0,0,0
1784664883545,unknown,VM-77,Stage2-0-0,0,0,0,0,0,0,0,0
1784664883547,unknown,VM-78,Stage3-2-0,0,0,0,0,0,0,0,0
1784664883551,unknown,VM-75,Stage1-1-0,0,0,0,0,0,0,0,0
1784664883558,unknown,VM-73,Stage1-0-0,0,0,0,0,0,0,0,0
1784664883562,unknown,VM-76,Stage2-3-0,0,0,0,0,0,0,0,0
1784664884525,unknown,VM-74,Stage1-3-0,0,0,0,0,0,0,0,0
1784664884539,unknown,VM-79,Stage3-1-0,0,0,0,0,0,0,0,0
1784664884545,unknown,VM-77,Stage2-0-0,0,0,0,0,0,0,0,0
1784664884547,unknown,VM-78,Stage3-2-0,0,0,0,0,0,0,0,0
1784664884551,unknown,VM-75,Stage1-1-0,0,0,0,0,0,0,0,0
1784664884558,unknown,VM-73,Stage1-0-0,0,0,0,0,0,0,0,0
1784664884562,unknown,VM-76,Stage2-3-0,0,0,0,0,0,0,0,0
1784664885525,unknown,VM-74,Stage1-3-0,0,0,0,0,0,0,0,0
1784664885539,unknown,VM-79,Stage3-1-0,0,0,0,0,0,0,0,0
1784664885545,unknown,VM-77,Stage2-0-0,0,0,0,0,0,0,0,0
1784664885547,unknown,VM-78,Stage3-2-0,0,0,0,0,0,0,0,0
1784664885551,unknown,VM-75,Stage1-1-0,0,0,0,0,0,0,0,0
1784664885558,unknown,VM-73,Stage1-0-0,0,0,0,0,0,0,0,0
1784664885562,unknown,VM-76,Stage2-3-0,0,0,0,0,0,0,0,0
1784664886525,unknown,VM-74,Stage1-3-0,0,0,0,0,0,0,0,0
1784664886539,unknown,VM-79,Stage3-1-0,0,0,0,0,0,0,0,0
1784664886545,unknown,VM-77,Stage2-0-0,0,0,0,0,0,0,0,0
1784664886547,unknown,VM-78,Stage3-2-0,0,0,0,0,0,0,0,0
1784664886551,unknown,VM-75,Stage1-1-0,0,0,0,0,0,0,0,0
1784664886558,unknown,VM-73,Stage1-0-0,0,0,0,0,0,0,0,0
1784664886562,unknown,VM-76,Stage2-3-0,0,0,0,0,0,0,0,0
1784664887525,unknown,VM-74,Stage1-3-0,0,0,0,0,0,0,0,0
1784664887539,unknown,VM-79,Stage3-1-0,0,0,0,0,0,0,0,0
1784664887545,unknown,VM-77,Stage2-0-0,0,0,0,0,0,0,0,0
1784664887547,unknown,VM-78,Stage3-2-0,0,0,0,0,0,0,0,0
1784664887551,unknown,VM-75,Stage1-1-0,0,0,0,0,0,0,0,0
1784664887558,unknown,VM-73,Stage1-0-0,0,0,0,0,0,0,0,0
1784664887562,unknown,VM-76,Stage2-3-0,0,0,0,0,0,0,0,0
1784664888525,unknown,VM-74,Stage1-3-0,0,0,0,0,0,0,0,0
1784664888539,unknown,VM-79,Stage3-1-0,0,0,0,0,0,0,0,0
1784664888544,unknown,VM-77,Stage2-0-0,0,0,0,0,0,0,0,0
1784664888547,unknown,VM-78,Stage3-2-0,0,0,0,0,0,0,0,0
1784664888551,unknown,VM-75,Stage1-1-0,0,0,0,0,0,0,0,0
1784664888558,unknown,VM-73,Stage1-0-0,0,0,0,0,0,0,0,0
1784664888562,unknown,VM-76,Stage2-3-0,0,0,0,0,0,0,0,0
1784664889525,unknown,VM-74,Stage1-3-0,0,0,0,0,0,0,0,0
1784664889539,unknown,VM-79,Stage3-1-0,0,0,0,0,0,0,0,0
1784664889545,unknown,VM-77,Stage2-0-0,0,0,0,0,0,0,0,0
1784664889547,unknown,VM-78,Stage3-2-0,0,0,0,0,0,0,0,0
1784664889551,unknown,VM-75,Stage1-1-0,0,0,0,0,0,0,0,0
1784664889558,unknown,VM-73,Stage1-0-0,0,0,0,0,0,0,0,0
1784664889562,unknown,VM-76,Stage2-3-0,0,0,0,0,0,0,0,0
1784664890525,unknown,VM-74,Stage1-3-0,0,0,0,0,0,0,0,0
1784664890539,unknown,VM-79,Stage3-1-0,0,0,0,0,0,0,0,0
1784664890545,unknown,VM-77,Stage2-0-0,0,0,0,0,0,0,0,0
1784664890547,unknown,VM-78,Stage3-2-0,0,0,0,0,0,0,0,0
1784664890551,unknown,VM-75,Stage1-1-0,0,0,0,0,0,0,0,0
1784664890558,unknown,VM-73,Stage1-0-0,0,0,0,0,0,0,0,0
1784664890562,unknown,VM-76,Stage2-3-0,0,0,0,0,0,0,0,0
1784664891525,unknown,VM-74,Stage1-3-0,0,0,0,0,0,0,0,0
1784664891539,unknown,VM-79,Stage3-1-0,0,0,0,0,0,0,0,0
1784664891545,unknown,VM-77,Stage2-0-0,0,0,0,0,0,0,0,0
1784664891547,unknown,VM-78,Stage3-2-0,0,0,0,0,0,0,0,0
1784664891551,unknown,VM-75,Stage1-1-0,0,0,0,0,0,0,0,0
1784664891558,unknown,VM-73,Stage1-0-0,0,0,0,0,0,0,0,0
1784664891562,unknown,VM-76,Stage2-3-0,0,0,0,0,0,0,0,0
1784664892525,unknown,VM-74,Stage1-3-0,0,0,0,0,0,0,0,0
1784664892539,unknown,VM-79,Stage3-1-0,0,0,0,0,0,0,0,0
1784664892545,unknown,VM-77,Stage2-0-0,0,0,0,0,0,0,0,0
1784664892547,unknown,VM-78,Stage3-2-0,0,0,0,0,0,0,0,0
1784664892551,unknown,VM-75,Stage1-1-0,0,0,0,0,0,0,0,0
1784664892558,unknown,VM-73,Stage1-0-0,0,0,0,0,0,0,0,0
1784664892562,unknown,VM-76,Stage2-3-0,0,0,0,0,0,0,0,0
1784664893525,unknown,VM-74,Stage1-3-0,0,0,0,0,0,0,0,0
1784664893539,unknown,VM-79,Stage3-1-0,0,0,0,0,0,0,0,0
1784664893545,unknown,VM-77,Stage2-0-0,0,0,0,0,0,0,0,0
1784664893547,unknown,VM-78,Stage3-2-0,0,0,0,0,0,0,0,0
1784664893551,unknown,VM-75,Stage1-1-0,0,0,0,0,0,0,0,0
1784664893558,unknown,VM-73,Stage1-0-0,0,0,0,0,0,0,0,0
1784664893562,unknown,VM-76,Stage2-3-0,0,0,0,0,0,0,0,0
1784664894525,unknown,VM-74,Stage1-3-0,0,0,0,0,0,0,0,0
1784664894539,unknown,VM-79,Stage3-1-0,0,0,0,0,0,0,0,0
1784664894545,unknown,VM-77,Stage2-0-0,0,0,0,0,0,0,0,0
1784664894547,unknown,VM-78,Stage3-2-0,0,0,0,0,0,0,0,0
1784664894551,unknown,VM-75,Stage1-1-0,0,0,0,0,0,0,0,0
1784664894558,unknown,VM-73,Stage1-0-0,0,0,0,0,0,0,0,0
1784664894562,unknown,VM-76,Stage2-3-0,0,0,0,0,0,0,0,0
1784664895525,unknown,VM-74,Stage1-3-0,0,0,0,0,0,0,0,0
1784664895539,unknown,VM-79,Stage3-1-0,0,0,0,0,0,0,0,0
1784664895545,unknown,VM-77,Stage2-0-0,0,0,0,0,0,0,0,0
1784664895547,unknown,VM-78,Stage3-2-0,0,0,0,0,0,0,0,0
1784664895551,unknown,VM-75,Stage1-1-0,0,0,0,0,0,0,0,0
1784664895558,unknown,VM-73,Stage1-0-0,0,0,0,0,0,0,0,0
1784664895562,unknown,VM-76,Stage2-3-0,0,0,0,0,0,0,0,0
1784664896525,unknown,VM-74,Stage1-3-0,0,0,0,0,0,0,0,0
1784664896539,unknown,VM-79,Stage3-1-0,0,0,0,0,0,0,0,0
1784664896545,unknown,VM-77,Stage2-0-0,0,0,0,0,0,0,0,0
1784664896547,unknown,VM-78,Stage3-2-0,0,0,0,0,0,0,0,0
1784664896551,unknown,VM-75,Stage1-1-0,0,0,0,0,0,0,0,0
1784664896558,unknown,VM-73,Stage1-0-0,0,0,0,0,0,0,0,0
1784664896562,unknown,VM-76,Stage2-3-0,0,0,0,0,0,0,0,0
1784664897525,unknown,VM-74,Stage1-3-0,0,0,0,0,0,0,0,0
1784664897539,unknown,VM-79,Stage3-1-0,0,0,0,0,0,0,0,0
1784664897545,unknown,VM-77,Stage2-0-0,0,0,0,0,0,0,0,0
1784664897547,unknown,VM-78,Stage3-2-0,0,0,0,0,0,0,0,0
1784664897551,unknown,VM-75,Stage1-1-0,0,0,0,0,0,0,0,0
1784664897558,unknown,VM-73,Stage1-0-0,0,0,0,0,0,0,0,0
1784664897562,unknown,VM-76,Stage2-3-0,0,0,0,0,0,0,0,0
1784664898525,unknown,VM-74,Stage1-3-0,0,0,0,0,0,0,0,0
1784664898539,unknown,VM-79,Stage3-1-0,0,0,0,0,0,0,0,0
1784664898545,unknown,VM-77,Stage2-0-0,0,0,0,0,0,0,0,0
1784664898547,unknown,VM-78,Stage3-2-0,0,0,0,0,0,0,0,0
1784664898551,unknown,VM-75,Stage1-1-0,0,0,0,0,0,0,0,0
1784664898558,unknown,VM-73,Stage1-0-0,0,0,0,0,0,0,0,0
1784664898562,unknown,VM-76,Stage2-3-0,0,0,0,0,0,0,0,0
1784664899525,unknown,VM-74,Stage1-3-0,0,0,0,0,0,0,0,0
1784664899539,unknown,VM-79,Stage3-1-0,0,0,0,0,0,0,0,0
1784664899545,unknown,VM-77,Stage2-0-0,0,0,0,0,0,0,0,0
1784664899547,unknown,VM-78,Stage3-2-0,0,0,0,0,0,0,0,0
1784664899551,unknown,VM-75,Stage1-1-0,0,0,0,0,0,0,0,0
1784664899558,unknown,VM-73,Stage1-0-0,0,0,0,0,0,0,0,0
1784664899562,unknown,VM-76,Stage2-3-0,0,0,0,0,0,0,0,0
1784664900525,unknown,VM-74,Stage1-3-0,0,0,0,0,0,0,0,0
1784664900539,unknown,VM-79,Stage3-1-0,0,0,0,0,0,0,0,0
1784664900545,unknown,VM-77,Stage2-0-0,0,0,0,0,0,0,0,0
1784664900547,unknown,VM-78,Stage3-2-0,0,0,0,0,0,0,0,0
1784664900551,unknown,VM-75,Stage1-1-0,0,0,0,0,0,0,0,0
1784664900558,unknown,VM-73,Stage1-0-0,0,0,0,0,0,0,0,0
1784664900562,unknown,VM-76,Stage2-3-0,0,0,0,0,0,0,0,0
1784664901525,unknown,VM-74,Stage1-3-0,0,0,0,0,0,0,0,0
1784664901539,unknown,VM-79,Stage3-1-0,0,0,0,0,0,0,0,0
1784664901545,unknown,VM-77,Stage2-0-0,0,0,0,0,0,0,0,0
1784664901547,unknown,VM-78,Stage3-2-0,0,0,0,0,0,0,0,0
1784664901551,unknown,VM-75,Stage1-1-0,0,0,0,0,0,0,0,0
1784664901558,unknown,VM-73,Stage1-0-0,0,0,0,0,0,0,0,0
1784664901562,unknown,VM-76,Stage2-3-0,0,0,0,0,0,0,0,0
1784664902525,unknown,VM-74,Stage1-3-0,0,0,0,0,0,0,0,0
1784664902539,unknown,VM-79,Stage3-1-0,0,0,0,0,0,0,0,0
1784664902545,unknown,VM-77,Stage2-0-0,0,0,0,0,0,0,0,0
1784664902547,unknown,VM-78,Stage3-2-0,0,0,0,0,0,0,0,0
1784664902551,unknown,VM-75,Stage1-1-0,0,0,0,0,0,0,0,0
1784664902558,unknown,VM-73,Stage1-0-0,0,0,0,0,0,0,0,0
1784664902562,unknown,VM-76,Stage2-3-0,0,0,0,0,0,0,0,0
1784664903525,unknown,VM-74,Stage1-3-0,0,0,0,0,0,0,0,0
1784664903539,unknown,VM-79,Stage3-1-0,0,0,0,0,0,0,0,0
1784664903545,unknown,VM-77,Stage2-0-0,0,0,0,0,0,0,0,0
1784664903547,unknown,VM-78,Stage3-2-0,0,0,0,0,0,0,0,0
1784664903551,unknown,VM-75,Stage1-1-0,0,0,0,0,0,0,0,0
1784664903558,unknown,VM-73,Stage1-0-0,0,0,0,0,0,0,0,0
1784664903562,unknown,VM-76,Stage2-3-0,0,0,0,0,0,0,0,0
1784664904525,unknown,VM-74,Stage1-3-0,0,0,0,0,0,0,0,0
1784664904539,unknown,VM-79,Stage3-1-0,0,0,0,0,0,0,0,0
1784664904545,unknown,VM-77,Stage2-0-0,0,0,0,0,0,0,0,0
1784664904547,unknown,VM-78,Stage3-2-0,0,0,0,0,0,0,0,0
1784664904551,unknown,VM-75,Stage1-1-0,0,0,0,0,0,0,0,0
1784664904558,unknown,VM-73,Stage1-0-0,0,0,0,0,0,0,0,0
1784664904562,unknown,VM-76,Stage2-3-0,0,0,0,0,0,0,0,0
1784664905525,unknown,VM-74,Stage1-3-0,0,0,0,0,0,0,0,0
1784664905539,unknown,VM-79,Stage3-1-0,0,0,0,0,0,0,0,0
1784664905545,unknown,VM-77,Stage2-0-0,0,0,0,0,0,0,0,0
1784664905547,unknown,VM-78,Stage3-2-0,0,0,0,0,0,0,0,0
1784664905551,unknown,VM-75,Stage1-1-0,0,0,0,0,0,0,0,0
1784664905558,unknown,VM-73,Stage1-0-0,0,0,0,0,0,0,0,0
1784664905562,unknown,VM-76,Stage2-3-0,0,0,0,0,0,0,0,0
1784664906525,unknown,VM-74,Stage1-3-0,0,0,0,0,0,0,0,0
1784664906539,unknown,VM-79,Stage3-1-0,0,0,0,0,0,0,0,0
1784664906545,unknown,VM-77,Stage2-0-0,0,0,0,0,0,0,0,0
1784664906547,unknown,VM-78,Stage3-2-0,0,0,0,0,0,0,0,0
1784664906551,unknown,VM-75,Stage1-1-0,0,0,0,0,0,0,0,0
1784664906558,unknown,VM-73,Stage1-0-0,0,0,0,0,0,0,0,0
1784664906562,unknown,VM-76,Stage2-3-0,0,0,0,0,0,0,0,0
1784664907525,unknown,VM-74,Stage1-3-0,0,0,0,0,0,0,0,0
1784664907539,unknown,VM-79,Stage3-1-0,0,0,0,0,0,0,0,0
1784664907545,unknown,VM-77,Stage2-0-0,0,0,0,0,0,0,0,0
1784664907547,unknown,VM-78,Stage3-2-0,0,0,0,0,0,0,0,0
1784664907551,unknown,VM-75,Stage1-1-0,0,0,0,0,0,0,0,0
1784664907558,unknown,VM-73,Stage1-0-0,0,0,0,0,0,0,0,0
1784664907562,unknown,VM-76,Stage2-3-0,0,0,0,0,0,0,0,0
1784664908525,unknown,VM-74,Stage1-3-0,0,0,0,0,0,0,0,0
1784664908539,unknown,VM-79,Stage3-1-0,0,0,0,0,0,0,0,0
1784664908545,unknown,VM-77,Stage2-0-0,0,0,0,0,0,0,0,0
1784664908547,unknown,VM-78,Stage3-2-0,0,0,0,0,0,0,0,0
1784664908551,unknown,VM-75,Stage1-1-0,0,0,0,0,0,0,0,0
1784664908558,unknown,VM-73,Stage1-0-0,0,0,0,0,0,0,0,0
1784664908562,unknown,VM-76,Stage2-3-0,0,0,0,0,0,0,0,0
1784664909525,unknown,VM-74,Stage1-3-0,0,0,0,0,0,0,0,0
1784664909539,unknown,VM-79,Stage3-1-0,0,0,0,0,0,0,0,0
1784664909545,unknown,VM-77,Stage2-0-0,0,0,0,0,0,0,0,0
1784664909547,unknown,VM-78,Stage3-2-0,0,0,0,0,0,0,0,0
1784664909551,unknown,VM-75,Stage1-1-0,0,0,0,0,0,0,0,0
1784664909558,unknown,VM-73,Stage1-0-0,0,0,0,0,0,0,0,0
1784664909562,unknown,VM-76,Stage2-3-0,0,0,0,0,0,0,0,0
1784664910525,unknown,VM-74,Stage1-3-0,0,0,0,0,0,0,0,0
1784664910539,unknown,VM-79,Stage3-1-0,0,0,0,0,0,0,0,0
1784664910545,unknown,VM-77,Stage2-0-0,0,0,0,0,0,0,0,0
1784664910547,unknown,VM-78,Stage3-2-0,0,0,0,0,0,0,0,0
1784664910551,unknown,VM-75,Stage1-1-0,0,0,0,0,0,0,0,0
1784664910558,unknown,VM-73,Stage1-0-0,0,0,0,0,0,0,0,0
1784664910562,unknown,VM-76,Stage2-3-0,0,0,0,0,0,0,0,0
1784664911525,unknown,VM-74,Stage1-3-0,0,0,0,0,0,0,0,0
1784664911539,unknown,VM-79,Stage3-1-0,0,0,0,0,0,0,0,0
1784664911545,unknown,VM-77,Stage2-0-0,0,0,0,0,0,0,0,0
1784664911547,unknown,VM-78,Stage3-2-0,0,0,0,0,0,0,0,0
1784664911551,unknown,VM-75,Stage1-1-0,0,0,0,0,0,0,0,0
1784664911558,unknown,VM-73,Stage1-0-0,0,0,0,0,0,0,0,0
1784664911562,unknown,VM-76,Stage2-3-0,0,0,0,0,0,0,0,0
1784664912525,unknown,VM-74,Stage1-3-0,0,0,0,0,0,0,0,0
1784664912539,unknown,VM-79,Stage3-1-0,0,0,0,0,0,0,0,0
1784664912545,unknown,VM-77,Stage2-0-0,0,0,0,0,0,0,0,0
1784664912547,unknown,VM-78,Stage3-2-0,0,0,0,0,0,0,0,0
1784664912551,unknown,VM-75,Stage1-1-0,0,0,0,0,0,0,0,0
1784664912558,unknown,VM-73,Stage1-0-0,0,0,0,0,0,0,0,0
1784664912562,unknown,VM-76,Stage2-3-0,0,0,0,0,0,0,0,0
1784664913525,unknown,VM-74,Stage1-3-0,0,0,0,0,0,0,0,0
1784664913539,unknown,VM-79,Stage3-1-0,0,0,0,0,0,0,0,0
1784664913545,unknown,VM-77,Stage2-0-0,0,0,0,0,0,0,0,0
1784664913547,unknown,VM-78,Stage3-2-0,0,0,0,0,0,0,0,0
1784664913551,unknown,VM-75,Stage1-1-0,0,0,0,0,0,0,0,0
1784664913558,unknown,VM-73,Stage1-0-0,0,0,0,0,0,0,0,0
1784664913562,unknown,VM-76,Stage2-3-0,0,0,0,0,0,0,0,0
1784664914525,unknown,VM-74,Stage1-3-0,0,0,0,0,0,0,0,0
1784664914539,unknown,VM-79,Stage3-1-0,0,0,0,0,0,0,0,0
1784664914545,unknown,VM-77,Stage2-0-0,0,0,0,0,0,0,0,0
1784664914547,unknown,VM-78,Stage3-2-0,0,0,0,0,0,0,0,0
1784664914551,unknown,VM-75,Stage1-1-0,0,0,0,0,0,0,0,0
1784664914558,unknown,VM-73,Stage1-0-0,0,0,0,0,0,0,0,0
1784664914562,unknown,VM-76,Stage2-3-0,0,0,0,0,0,0,0,0
1784664915525,unknown,VM-74,Stage1-3-0,0,0,0,0,0,0,0,0
1784664915539,unknown,VM-79,Stage3-1-0,0,0,0,0,0,0,0,0
1784664915545,unknown,VM-77,Stage2-0-0,0,0,0,0,0,0,0,0
1784664915547,unknown,VM-78,Stage3-2-0,0,0,0,0,0,0,0,0
1784664915551,unknown,VM-75,Stage1-1-0,0,0,0,0,0,0,0,0
1784664915558,unknown,VM-73,Stage1-0-0,0,0,0,0,0,0,0,0
1784664915562,unknown,VM-76,Stage2-3-0,0,0,0,0,0,0,0,0
1784664916525,unknown,VM-74,Stage1-3-0,0,0,0,0,0,0,0,0
1784664916539,unknown,VM-79,Stage3-1-0,0,0,0,0,0,0,0,0
1784664916545,unknown,VM-77,Stage2-0-0,0,0,0,0,0,0,0,0
1784664916547,unknown,VM-78,Stage3-2-0,0,0,0,0,0,0,0,0
1784664916551,unknown,VM-75,Stage1-1-0,0,0,0,0,0,0,0,0
1784664916558,unknown,VM-73,Stage1-0-0,0,0,0,0,0,0,0,0
1784664916562,unknown,VM-76,Stage2-3-0,0,0,0,0,0,0,0,0
1784664917525,unknown,VM-74,Stage1-3-0,0,0,0,0,0,0,0,0
1784664917539,unknown,VM-79,Stage3-1-0,0,0,0,0,0,0,0,0
1784664917545,unknown,VM-77,Stage2-0-0,0,0,0,0,0,0,0,0
1784664917547,unknown,VM-78,Stage3-2-0,0,0,0,0,0,0,0,0
1784664917551,unknown,VM-75,Stage1-1-0,0,0,0,0,0,0,0,0
1784664917558,unknown,VM-73,Stage1-0-0,0,0,0,0,0,0,0,0
1784664917562,unknown,VM-76,Stage2-3-0,0,0,0,0,0,0,0,0
1784664918525,unknown,VM-74,Stage1-3-0,0,0,0,0,0,0,0,0
1784664918539,unknown,VM-79,Stage3-1-0,0,0,0,0,0,0,0,0
1784664918545,unknown,VM-77,Stage2-0-0,0,0,0,0,0,0,0,0
1784664918547,unknown,VM-78,Stage3-2-0,0,0,0,0,0,0,0,0
1784664918551,unknown,VM-75,Stage1-1-0,0,0,0,0,0,0,0,0
1784664918558,unknown,VM-73,Stage1-0-0,0,0,0,0,0,0,0,0
1784664918562,unknown,VM-76,Stage2-3-0,0,0,0,0,0,0,0,0
1784664919525,unknown,VM-74,Stage1-3-0,0,0,0,0,0,0,0,0
1784664919539,unknown,VM-79,Stage3-1-0,0,0,0,0,0,0,0,0
1784664919545,unknown,VM-77,Stage2-0-0,0,0,0,0,0,0,0,0
1784664919547,unknown,VM-78,Stage3-2-0,0,0,0,0,0,0,0,0
1784664919551,unknown,VM-75,Stage1-1-0,0,0,0,0,0,0,0,0
1784664919558,unknown,VM-73,Stage1-0-0,0,0,0,0,0,0,0,0
1784664919562,unknown,VM-76,Stage2-3-0,0,0,0,0,0,0,0,0
1784664920525,unknown,VM-74,Stage1-3-0,0,0,0,0,0,0,0,0
1784664920539,unknown,VM-79,Stage3-1-0,0,0,0,0,0,0,0,0
1784664920545,unknown,VM-77,Stage2-0-0,0,0,0,0,0,0,0,0
1784664920547,unknown,VM-78,Stage3-2-0,0,0,0,0,0,0,0,0
1784664920551,unknown,VM-75,Stage1-1-0,0,0,0,0,0,0,0,0
1784664920558,unknown,VM-73,Stage1-0-0,0,0,0,0,0,0,0,0
1784664920562,unknown,VM-76,Stage2-3-0,0,0,0,0,0,0,0,0
1784664921525,unknown,VM-74,Stage1-3-0,0,0,0,0,0,0,0,0
1784664921539,unknown,VM-79,Stage3-1-0,0,0,0,0,0,0,0,0
1784664921545,unknown,VM-77,Stage2-0-0,0,0,0,0,0,0,0,0
1784664921547,unknown,VM-78,Stage3-2-0,0,0,0,0,0,0,0,0
1784664921551,unknown,VM-75,Stage1-1-0,0,0,0,0,0,0,0,0
1784664921558,unknown,VM-73,Stage1-0-0,0,0,0,0,0,0,0,0
1784664921562,unknown,VM-76,Stage2-3-0,0,0,0,0,0,0,0,0
1784664922525,unknown,VM-74,Stage1-3-0,0,0,0,0,0,0,0,0
1784664922539,unknown,VM-79,Stage3-1-0,0,0,0,0,0,0,0,0
1784664922545,unknown,VM-77,Stage2-0-0,0,0,0,0,0,0,0,0
1784664922547,unknown,VM-78,Stage3-2-0,0,0,0,0,0,0,0,0
1784664922551,unknown,VM-75,Stage1-1-0,0,0,0,0,0,0,0,0
1784664922558,unknown,VM-73,Stage1-0-0,0,0,0,0,0,0,0,0
1784664922562,unknown,VM-76,Stage2-3-0,0,0,0,0,0,0,0,0
1784664923525,unknown,VM-74,Stage1-3-0,0,0,0,0,0,0,0,0
1784664923539,unknown,VM-79,Stage3-1-0,0,0,0,0,0,0,0,0
1784664923545,unknown,VM-77,Stage2-0-0,0,0,0,0,0,0,0,0
1784664923547,unknown,VM-78,Stage3-2-0,0,0,0,0,0,0,0,0
1784664923551,unknown,VM-75,Stage1-1-0,0,0,0,0,0,0,0,0
1784664923558,unknown,VM-73,Stage1-0-0,0,0,0,0,0,0,0,0
1784664923562,unknown,VM-76,Stage2-3-0,0,0,0,0,0,0,0,0
1784664924525,unknown,VM-74,Stage1-3-0,0,0,0,0,0,0,0,0
1784664924539,unknown,VM-79,Stage3-1-0,0,0,0,0,0,0,0,0
1784664924545,unknown,VM-77,Stage2-0-0,0,0,0,0,0,0,0,0
1784664924547,unknown,VM-78,Stage3-2-0,0,0,0,0,0,0,0,0
1784664924551,unknown,VM-75,Stage1-1-0,0,0,0,0,0,0,0,0
1784664924558,unknown,VM-73,Stage1-0-0,0,0,0,0,0,0,0,0
1784664924562,unknown,VM-76,Stage2-3-0,0,0,0,0,0,0,0,0
1784664925525,unknown,VM-74,Stage1-3-0,0,0,0,0,0,0,0,0
1784664925539,unknown,VM-79,Stage3-1-0,0,0,0,0,0,0,0,0
1784664925545,unknown,VM-77,Stage2-0-0,0,0,0,0,0,0,0,0
1784664925547,unknown,VM-78,Stage3-2-0,0,0,0,0,0,0,0,0
1784664925551,unknown,VM-75,Stage1-1-0,0,0,0,0,0,0,0,0
1784664925558,unknown,VM-73,Stage1-0-0,0,0,0,0,0,0,0,0
1784664925562,unknown,VM-76,Stage2-3-0,0,0,0,0,0,0,0,0
1784664926525,unknown,VM-74,Stage1-3-0,0,0,0,0,0,0,0,0
1784664926539,unknown,VM-79,Stage3-1-0,0,0,0,0,0,0,0,0
1784664926545,unknown,VM-77,Stage2-0-0,0,0,0,0,0,0,0,0
1784664926547,unknown,VM-78,Stage3-2-0,0,0,0,0,0,0,0,0
1784664926551,unknown,VM-75,Stage1-1-0,0,0,0,0,0,0,0,0
1784664926558,unknown,VM-73,Stage1-0-0,0,0,0,0,0,0,0,0
1784664926562,unknown,VM-76,Stage2-3-0,0,0,0,0,0,0,0,0
1784664927525,unknown,VM-74,Stage1-3-0,0,0,0,0,0,0,0,0
1784664927539,unknown,VM-79,Stage3-1-0,0,0,0,0,0,0,0,0
1784664927545,unknown,VM-77,Stage2-0-0,0,0,0,0,0,0,0,0
1784664927547,unknown,VM-78,Stage3-2-0,0,0,0,0,0,0,0,0
1784664927551,unknown,VM-75,Stage1-1-0,0,0,0,0,0,0,0,0
1784664927558,unknown,VM-73,Stage1-0-0,0,0,0,0,0,0,0,0
1784664927562,unknown,VM-76,Stage2-3-0,0,0,0,0,0,0,0,0
1784664928525,unknown,VM-74,Stage1-3-0,0,0,0,0,0,0,0,0
1784664928539,unknown,VM-79,Stage3-1-0,0,0,0,0,0,0,0,0
1784664928545,unknown,VM-77,Stage2-0-0,0,0,0,0,0,0,0,0
1784664928547,unknown,VM-78,Stage3-2-0,0,0,0,0,0,0,0,0
1784664928551,unknown,VM-75,Stage1-1-0,0,0,0,0,0,0,0,0
1784664928558,unknown,VM-73,Stage1-0-0,0,0,0,0,0,0,0,0
1784664928562,unknown,VM-76,Stage2-3-0,0,0,0,0,0,0,0,0
1784664929526,unknown,VM-74,Stage1-3-0,0,0,0,0,0,0,0,0
1784664929539,unknown,VM-79,Stage3-1-0,0,0,0,0,0,0,0,0
1784664929545,unknown,VM-77,Stage2-0-0,0,0,0,0,0,0,0,0
1784664929547,unknown,VM-78,Stage3-2-0,0,0,0,0,0,0,0,0
1784664929551,unknown,VM-75,Stage1-1-0,0,0,0,0,0,0,0,0
1784664929558,unknown,VM-73,Stage1-0-0,0,0,0,0,0,0,0,0
1784664929562,unknown,VM-76,Stage2-3-0,0,0,0,0,0,0,0,0
1784664930525,unknown,VM-74,Stage1-3-0,0,0,0,0,0,0,0,0
1784664930539,unknown,VM-79,Stage3-1-0,0,0,0,0,0,0,0,0
1784664930545,unknown,VM-77,Stage2-0-0,0,0,0,0,0,0,0,0
1784664930547,unknown,VM-78,Stage3-2-0,0,0,0,0,0,0,0,0
1784664930551,unknown,VM-75,Stage1-1-0,0,0,0,0,0,0,0,0
1784664930558,unknown,VM-73,Stage1-0-0,0,0,0,0,0,0,0,0
1784664930562,unknown,VM-76,Stage2-3-0,0,0,0,0,0,0,0,0
1784664931525,unknown,VM-74,Stage1-3-0,0,0,0,0,0,0,0,0
1784664931539,unknown,VM-79,Stage3-1-0,0,0,0,0,0,0,0,0
1784664931545,unknown,VM-77,Stage2-0-0,0,0,0,0,0,0,0,0
1784664931547,unknown,VM-78,Stage3-2-0,0,0,0,0,0,0,0,0
1784664931551,unknown,VM-75,Stage1-1-0,0,0,0,0,0,0,0,0
1784664931558,unknown,VM-73,Stage1-0-0,0,0,0,0,0,0,0,0
1784664931562,unknown,VM-76,Stage2-3-0,0,0,0,0,0,0,0,0
1784664932525,unknown,VM-74,Stage1-3-0,0,0,0,0,0,0,0,0
1784664932539,unknown,VM-79,Stage3-1-0,0,0,0,0,0,0,0,0
1784664932545,unknown,VM-77,Stage2-0-0,0,0,0,0,0,0,0,0
1784664932547,unknown,VM-78,Stage3-2-0,0,0,0,0,0,0,0,0
1784664932551,unknown,VM-75,Stage1-1-0,0,0,0,0,0,0,0,0
1784664932558,unknown,VM-73,Stage1-0-0,0,0,0,0,0,0,0,0
1784664932562,unknown,VM-76,Stage2-3-0,0,0,0,0,0,0,0,0
1784664933525,unknown,VM-74,Stage1-3-0,0,0,0,0,0,0,0,0
1784664933539,unknown,VM-79,Stage3-1-0,0,0,0,0,0,0,0,0
1784664933545,unknown,VM-77,Stage2-0-0,0,0,0,0,0,0,0,0
1784664933547,unknown,VM-78,Stage3-2-0,0,0,0,0,0,0,0,0
1784664933551,unknown,VM-75,Stage1-1-0,0,0,0,0,0,0,0,0
1784664933558,unknown,VM-73,Stage1-0-0,0,0,0,0,0,0,0,0
1784664933562,unknown,VM-76,Stage2-3-0,0,0,0,0,0,0,0,0
1784664934526,unknown,VM-74,Stage1-3-0,0,0,0,0,0,0,0,0
1784664934539,unknown,VM-79,Stage3-1-0,0,0,0,0,0,0,0,0
1784664934545,unknown,VM-77,Stage2-0-0,0,0,0,0,0,0,0,0
1784664934547,unknown,VM-78,Stage3-2-0,0,0,0,0,0,0,0,0
1784664934551,unknown,VM-75,Stage1-1-0,0,0,0,0,0,0,0,0
1784664934558,unknown,VM-73,Stage1-0-0,0,0,0,0,0,0,0,0
1784664934562,unknown,VM-76,Stage2-3-0,0,0,0,0,0,0,0,0
1784664935525,unknown,VM-74,Stage1-3-0,0,0,0,0,0,0,0,0
1784664935539,unknown,VM-79,Stage3-1-0,0,0,0,0,0,0,0,0
1784664935545,unknown,VM-77,Stage2-0-0,0,0,0,0,0,0,0,0
1784664935547,unknown,VM-78,Stage3-2-0,0,0,0,0,0,0,0,0
1784664935551,unknown,VM-75,Stage1-1-0,0,0,0,0,0,0,0,0
1784664935558,unknown,VM-73,Stage1-0-0,0,0,0,0,0,0,0,0
1784664935562,unknown,VM-76,Stage2-3-0,0,0,0,0,0,0,0,0
1784664936525,unknown,VM-74,Stage1-3-0,0,0,0,0,0,0,0,0
1784664936539,unknown,VM-79,Stage3-1-0,0,0,0,0,0,0,0,0
1784664936545,unknown,VM-77,Stage2-0-0,0,0,0,0,0,0,0,0
1784664936547,unknown,VM-78,Stage3-2-0,0,0,0,0,0,0,0,0
1784664936551,unknown,VM-75,Stage1-1-0,0,0,0,0,0,0,0,0
1784664936558,unknown,VM-73,Stage1-0-0,0,0,0,0,0,0,0,0
1784664936562,unknown,VM-76,Stage2-3-0,0,0,0,0,0,0,0,0
1784664937525,unknown,VM-74,Stage1-3-0,0,0,0,0,0,0,0,0
1784664937539,unknown,VM-79,Stage3-1-0,0,0,0,0,0,0,0,0
1784664937544,unknown,VM-77,Stage2-0-0,0,0,0,0,0,0,0,0
1784664937547,unknown,VM-78,Stage3-2-0,0,0,0,0,0,0,0,0
1784664937551,unknown,VM-75,Stage1-1-0,0,0,0,0,0,0,0,0
1784664937558,unknown,VM-73,Stage1-0-0,0,0,0,0,0,0,0,0
1784664937562,unknown,VM-76,Stage2-3-0,0,0,0,0,0,0,0,0
1784664938525,unknown,VM-74,Stage1-3-0,0,0,0,0,0,0,0,0
1784664938539,unknown,VM-79,Stage3-1-0,0,0,0,0,0,0,0,0
1784664938545,unknown,VM-77,Stage2-0-0,0,0,0,0,0,0,0,0
1784664938547,unknown,VM-78,Stage3-2-0,0,0,0,0,0,0,0,0
1784664938551,unknown,VM-75,Stage1-1-0,0,0,0,0,0,0,0,0
1784664938558,unknown,VM-73,Stage1-0-0,0,0,0,0,0,0,0,0
1784664938562,unknown,VM-76,Stage2-3-0,0,0,0,0,0,0,0,0
1784664939525,unknown,VM-74,Stage1-3-0,0,0,0,0,0,0,0,0
1784664939539,unknown,VM-79,Stage3-1-0,0,0,0,0,0,0,0,0
1784664939545,unknown,VM-77,Stage2-0-0,0,0,0,0,0,0,0,0
1784664939547,unknown,VM-78,Stage3-2-0,0,0,0,0,0,0,0,0
1784664939551,unknown,VM-75,Stage1-1-0,0,0,0,0,0,0,0,0
1784664939558,unknown,VM-73,Stage1-0-0,0,0,0,0,0,0,0,0
1784664939562,unknown,VM-76,Stage2-3-0,0,0,0,0,0,0,0,0
1784664940525,unknown,VM-74,Stage1-3-0,0,0,0,0,0,0,0,0
1784664940539,unknown,VM-79,Stage3-1-0,0,0,0,0,0,0,0,0
1784664940545,unknown,VM-77,Stage2-0-0,0,0,0,0,0,0,0,0
1784664940547,unknown,VM-78,Stage3-2-0,0,0,0,0,0,0,0,0
1784664940551,unknown,VM-75,Stage1-1-0,0,0,0,0,0,0,0,0
1784664940558,unknown,VM-73,Stage1-0-0,0,0,0,0,0,0,0,0
1784664940562,unknown,VM-76,Stage2-3-0,0,0,0,0,0,0,0,0
1784664941525,unknown,VM-74,Stage1-3-0,0,0,0,0,0,0,0,0
1784664941539,unknown,VM-79,Stage3-1-0,0,0,0,0,0,0,0,0
1784664941545,unknown,VM-77,Stage2-0-0,0,0,0,0,0,0,0,0
1784664941547,unknown,VM-78,Stage3-2-0,0,0,0,0,0,0,0,0
1784664941551,unknown,VM-75,Stage1-1-0,0,0,0,0,0,0,0,0
1784664941558,unknown,VM-73,Stage1-0-0,0,0,0,0,0,0,0,0
1784664941562,unknown,VM-76,Stage2-3-0,0,0,0,0,0,0,0,0
1784664942525,unknown,VM-74,Stage1-3-0,0,0,0,0,0,0,0,0
1784664942539,unknown,VM-79,Stage3-1-0,0,0,0,0,0,0,0,0
1784664942545,unknown,VM-77,Stage2-0-0,0,0,0,0,0,0,0,0
1784664942547,unknown,VM-78,Stage3-2-0,0,0,0,0,0,0,0,0
1784664942551,unknown,VM-75,Stage1-1-0,0,0,0,0,0,0,0,0
1784664942558,unknown,VM-73,Stage1-0-0,0,0,0,0,0,0,0,0
1784664942562,unknown,VM-76,Stage2-3-0,0,0,0,0,0,0,0,0
1784664943525,unknown,VM-74,Stage1-3-0,0,0,0,0,0,0,0,0
1784664943539,unknown,VM-79,Stage3-1-0,0,0,0,0,0,0,0,0
1784664943545,unknown,VM-77,Stage2-0-0,0,0,0,0,0,0,0,0
1784664943547,unknown,VM-78,Stage3-2-0,0,0,0,0,0,0,0,0
1784664943551,unknown,VM-75,Stage1-1-0,0,0,0,0,0,0,0,0
1784664943558,unknown,VM-73,Stage1-0-0,0,0,0,0,0,0,0,0
1784664943562,unknown,VM-76,Stage2-3-0,0,0,0,0,0,0,0,0
1784664944525,unknown,VM-74,Stage1-3-0,0,0,0,0,0,0,0,0
1784664944539,unknown,VM-79,Stage3-1-0,0,0,0,0,0,0,0,0
1784664944545,unknown,VM-77,Stage2-0-0,0,0,0,0,0,0,0,0
1784664944547,unknown,VM-78,Stage3-2-0,0,0,0,0,0,0,0,0
1784664944551,unknown,VM-75,Stage1-1-0,0,0,0,0,0,0,0,0
1784664944558,unknown,VM-73,Stage1-0-0,0,0,0,0,0,0,0,0
1784664944562,unknown,VM-76,Stage2-3-0,0,0,0,0,0,0,0,0
1784664945525,unknown,VM-74,Stage1-3-0,0,0,0,0,0,0,0,0
1784664945539,unknown,VM-79,Stage3-1-0,0,0,0,0,0,0,0,0
1784664945545,unknown,VM-77,Stage2-0-0,0,0,0,0,0,0,0,0
1784664945547,unknown,VM-78,Stage3-2-0,0,0,0,0,0,0,0,0
1784664945551,unknown,VM-75,Stage1-1-0,0,0,0,0,0,0,0,0
1784664945558,unknown,VM-73,Stage1-0-0,0,0,0,0,0,0,0,0
1784664945562,unknown,VM-76,Stage2-3-0,0,0,0,0,0,0,0,0
1784664946525,unknown,VM-74,Stage1-3-0,0,0,0,0,0,0,0,0
1784664946539,unknown,VM-79,Stage3-1-0,0,0,0,0,0,0,0,0
1784664946545,unknown,VM-77,Stage2-0-0,0,0,0,0,0,0,0,0
1784664946547,unknown,VM-78,Stage3-2-0,0,0,0,0,0,0,0,0
1784664946551,unknown,VM-75,Stage1-1-0,0,0,0,0,0,0,0,0
1784664946558,unknown,VM-73,Stage1-0-0,0,0,0,0,0,0,0,0
1784664946562,unknown,VM-76,Stage2-3-0,0,0,0,0,0,0,0,0
1784664947525,unknown,VM-74,Stage1-3-0,0,0,0,0,0,0,0,0
1784664947539,unknown,VM-79,Stage3-1-0,0,0,0,0,0,0,0,0
1784664947545,unknown,VM-77,Stage2-0-0,0,0,0,0,0,0,0,0
1784664947547,unknown,VM-78,Stage3-2-0,0,0,0,0,0,0,0,0
1784664947551,unknown,VM-75,Stage1-1-0,0,0,0,0,0,0,0,0
1784664947558,unknown,VM-73,Stage1-0-0,0,0,0,0,0,0,0,0
1784664947562,unknown,VM-76,Stage2-3-0,0,0,0,0,0,0,0,0
1784664948525,unknown,VM-74,Stage1-3-0,0,0,0,0,0,0,0,0
1784664948539,unknown,VM-79,Stage3-1-0,0,0,0,0,0,0,0,0
1784664948545,unknown,VM-77,Stage2-0-0,0,0,0,0,0,0,0,0
1784664948547,unknown,VM-78,Stage3-2-0,0,0,0,0,0,0,0,0
1784664948551,unknown,VM-75,Stage1-1-0,0,0,0,0,0,0,0,0
1784664948558,unknown,VM-73,Stage1-0-0,0,0,0,0,0,0,0,0
1784664948562,unknown,VM-76,Stage2-3-0,0,0,0,0,0,0,0,0
1784664949525,unknown,VM-74,Stage1-3-0,0,0,0,0,0,0,0,0
1784664949539,unknown,VM-79,Stage3-1-0,0,0,0,0,0,0,0,0
1784664949545,unknown,VM-77,Stage2-0-0,0,0,0,0,0,0,0,0
1784664949547,unknown,VM-78,Stage3-2-0,0,0,0,0,0,0,0,0
1784664949551,unknown,VM-75,Stage1-1-0,0,0,0,0,0,0,0,0
1784664949558,unknown,VM-73,Stage1-0-0,0,0,0,0,0,0,0,0
1784664949562,unknown,VM-76,Stage2-3-0,0,0,0,0,0,0,0,0
1784664950525,unknown,VM-74,Stage1-3-0,0,0,0,0,0,0,0,0
1784664950539,unknown,VM-79,Stage3-1-0,0,0,0,0,0,0,0,0
1784664950545,unknown,VM-77,Stage2-0-0,0,0,0,0,0,0,0,0
1784664950547,unknown,VM-78,Stage3-2-0,0,0,0,0,0,0,0,0
1784664950551,unknown,VM-75,Stage1-1-0,0,0,0,0,0,0,0,0
1784664950558,unknown,VM-73,Stage1-0-0,0,0,0,0,0,0,0,0
1784664950562,unknown,VM-76,Stage2-3-0,0,0,0,0,0,0,0,0
1784664951526,unknown,VM-74,Stage1-3-0,0,0,0,0,0,0,0,0
1784664951539,unknown,VM-79,Stage3-1-0,0,0,0,0,0,0,0,0
1784664951545,unknown,VM-77,Stage2-0-0,0,0,0,0,0,0,0,0
1784664951547,unknown,VM-78,Stage3-2-0,0,0,0,0,0,0,0,0
1784664951551,unknown,VM-75,Stage1-1-0,0,0,0,0,0,0,0,0
1784664951558,unknown,VM-73,Stage1-0-0,0,0,0,0,0,0,0,0
1784664951562,unknown,VM-76,Stage2-3-0,0,0,0,0,0,0,0,0
1784664952525,unknown,VM-74,Stage1-3-0,0,0,0,0,0,0,0,0
1784664952539,unknown,VM-79,Stage3-1-0,0,0,0,0,0,0,0,0
1784664952545,unknown,VM-77,Stage2-0-0,0,0,0,0,0,0,0,0
1784664952547,unknown,VM-78,Stage3-2-0,0,0,0,0,0,0,0,0
1784664952551,unknown,VM-75,Stage1-1-0,0,0,0,0,0,0,0,0
1784664952558,unknown,VM-73,Stage1-0-0,0,0,0,0,0,0,0,0
1784664952562,unknown,VM-76,Stage2-3-0,0,0,0,0,0,0,0,0
1784664953525,unknown,VM-74,Stage1-3-0,0,0,0,0,0,0,0,0
1784664953539,unknown,VM-79,Stage3-1-0,0,0,0,0,0,0,0,0
1784664953545,unknown,VM-77,Stage2-0-0,0,0,0,0,0,0,0,0
1784664953547,unknown,VM-78,Stage3-2-0,0,0,0,0,0,0,0,0
1784664953551,unknown,VM-75,Stage1-1-0,0,0,0,0,0,0,0,0
1784664953558,unknown,VM-73,Stage1-0-0,0,0,0,0,0,0,0,0
1784664953562,unknown,VM-76,Stage2-3-0,0,0,0,0,0,0,0,0
1784664954525,unknown,VM-74,Stage1-3-0,0,0,0,0,0,0,0,0
1784664954539,unknown,VM-79,Stage3-1-0,0,0,0,0,0,0,0,0
1784664954545,unknown,VM-77,Stage2-0-0,0,0,0,0,0,0,0,0
1784664954547,unknown,VM-78,Stage3-2-0,0,0,0,0,0,0,0,0
1784664954551,unknown,VM-75,Stage1-1-0,0,0,0,0,0,0,0,0
1784664954558,unknown,VM-73,Stage1-0-0,0,0,0,0,0,0,0,0
1784664954562,unknown,VM-76,Stage2-3-0,0,0,0,0,0,0,0,0
1784664955525,unknown,VM-74,Stage1-3-0,0,0,0,0,0,0,0,0
1784664955539,unknown,VM-79,Stage3-1-0,0,0,0,0,0,0,0,0
1784664955545,unknown,VM-77,Stage2-0-0,0,0,0,0,0,0,0,0
1784664955547,unknown,VM-78,Stage3-2-0,0,0,0,0,0,0,0,0
1784664955551,unknown,VM-75,Stage1-1-0,0,0,0,0,0,0,0,0
1784664955558,unknown,VM-73,Stage1-0-0,0,0,0,0,0,0,0,0
1784664955562,unknown,VM-76,Stage2-3-0,0,0,0,0,0,0,0,0
1784664956525,unknown,VM-74,Stage1-3-0,0,0,0,0,0,0,0,0
1784664956539,unknown,VM-79,Stage3-1-0,0,0,0,0,0,0,0,0
1784664956545,unknown,VM-77,Stage2-0-0,0,0,0,0,0,0,0,0
1784664956547,unknown,VM-78,Stage3-2-0,0,0,0,0,0,0,0,0
1784664956551,unknown,VM-75,Stage1-1-0,0,0,0,0,0,0,0,0
1784664956558,unknown,VM-73,Stage1-0-0,0,0,0,0,0,0,0,0
1784664956562,unknown,VM-76,Stage2-3-0,0,0,0,0,0,0,0,0
1784664957525,unknown,VM-74,Stage1-3-0,0,0,0,0,0,0,0,0
1784664957539,unknown,VM-79,Stage3-1-0,0,0,0,0,0,0,0,0
1784664957545,unknown,VM-77,Stage2-0-0,0,0,0,0,0,0,0,0
1784664957547,unknown,VM-78,Stage3-2-0,0,0,0,0,0,0,0,0
1784664957551,unknown,VM-75,Stage1-1-0,0,0,0,0,0,0,0,0
1784664957558,unknown,VM-73,Stage1-0-0,0,0,0,0,0,0,0,0
1784664957562,unknown,VM-76,Stage2-3-0,0,0,0,0,0,0,0,0
1784664958525,unknown,VM-74,Stage1-3-0,0,0,0,0,0,0,0,0
1784664958539,unknown,VM-79,Stage3-1-0,0,0,0,0,0,0,0,0
1784664958545,unknown,VM-77,Stage2-0-0,0,0,0,0,0,0,0,0
1784664958547,unknown,VM-78,Stage3-2-0,0,0,0,0,0,0,0,0
1784664958551,unknown,VM-75,Stage1-1-0,0,0,0,0,0,0,0,0
1784664958558,unknown,VM-73,Stage1-0-0,0,0,0,0,0,0,0,0
1784664958562,unknown,VM-76,Stage2-3-0,0,0,0,0,0,0,0,0
1784664959525,unknown,VM-74,Stage1-3-0,0,0,0,0,0,0,0,0
1784664959539,unknown,VM-79,Stage3-1-0,0,0,0,0,0,0,0,0
1784664959545,unknown,VM-77,Stage2-0-0,0,0,0,0,0,0,0,0
1784664959547,unknown,VM-78,Stage3-2-0,0,0,0,0,0,0,0,0
1784664959551,unknown,VM-75,Stage1-1-0,0,0,0,0,0,0,0,0
1784664959558,unknown,VM-73,Stage1-0-0,0,0,0,0,0,0,0,0
1784664959562,unknown,VM-76,Stage2-3-0,0,0,0,0,0,0,0,0
1784664960525,unknown,VM-74,Stage1-3-0,0,0,0,0,0,0,0,0
1784664960539,unknown,VM-79,Stage3-1-0,0,0,0,0,0,0,0,0
1784664960545,unknown,VM-77,Stage2-0-0,0,0,0,0,0,0,0,0
1784664960547,unknown,VM-78,Stage3-2-0,0,0,0,0,0,0,0,0
1784664960551,unknown,VM-75,Stage1-1-0,0,0,0,0,0,0,0,0
1784664960558,unknown,VM-73,Stage1-0-0,0,0,0,0,0,0,0,0
1784664960562,unknown,VM-76,Stage2-3-0,0,0,0,0,0,0,0,0
1784664961525,unknown,VM-74,Stage1-3-0,0,0,0,0,0,0,0,0
1784664961539,unknown,VM-79,Stage3-1-0,0,0,0,0,0,0,0,0
1784664961545,unknown,VM-77,Stage2-0-0,0,0,0,0,0,0,0,0
1784664961547,unknown,VM-78,Stage3-2-0,0,0,0,0,0,0,0,0
1784664961551,unknown,VM-75,Stage1-1-0,0,0,0,0,0,0,0,0
1784664961558,unknown,VM-73,Stage1-0-0,0,0,0,0,0,0,0,0
1784664961562,unknown,VM-76,Stage2-3-0,0,0,0,0,0,0,0,0
1784664962525,unknown,VM-74,Stage1-3-0,0,0,0,0,0,0,0,0
1784664962539,unknown,VM-79,Stage3-1-0,0,0,0,0,0,0,0,0
1784664962545,unknown,VM-77,Stage2-0-0,0,0,0,0,0,0,0,0
1784664962547,unknown,VM-78,Stage3-2-0,0,0,0,0,0,0,0,0
1784664962551,unknown,VM-75,Stage1-1-0,0,0,0,0,0,0,0,0
1784664962558,unknown,VM-73,Stage1-0-0,0,0,0,0,0,0,0,0
1784664962562,unknown,VM-76,Stage2-3-0,0,0,0,0,0,0,0,0
1784664963525,unknown,VM-74,Stage1-3-0,0,0,0,0,0,0,0,0
1784664963539,unknown,VM-79,Stage3-1-0,0,0,0,0,0,0,0,0
1784664963545,unknown,VM-77,Stage2-0-0,0,0,0,0,0,0,0,0
1784664963547,unknown,VM-78,Stage3-2-0,0,0,0,0,0,0,0,0
1784664963551,unknown,VM-75,Stage1-1-0,0,0,0,0,0,0,0,0
1784664963558,unknown,VM-73,Stage1-0-0,0,0,0,0,0,0,0,0
1784664963562,unknown,VM-76,Stage2-3-0,0,0,0,0,0,0,0,0
1784664964525,unknown,VM-74,Stage1-3-0,0,0,0,0,0,0,0,0
1784664964539,unknown,VM-79,Stage3-1-0,0,0,0,0,0,0,0,0
1784664964545,unknown,VM-77,Stage2-0-0,0,0,0,0,0,0,0,0
1784664964547,unknown,VM-78,Stage3-2-0,0,0,0,0,0,0,0,0
1784664964551,unknown,VM-75,Stage1-1-0,0,0,0,0,0,0,0,0
1784664964558,unknown,VM-73,Stage1-0-0,0,0,0,0,0,0,0,0
1784664964562,unknown,VM-76,Stage2-3-0,0,0,0,0,0,0,0,0
1784664965525,unknown,VM-74,Stage1-3-0,0,0,0,0,0,0,0,0
1784664965539,unknown,VM-79,Stage3-1-0,0,0,0,0,0,0,0,0
1784664965545,unknown,VM-77,Stage2-0-0,0,0,0,0,0,0,0,0
1784664965547,unknown,VM-78,Stage3-2-0,0,0,0,0,0,0,0,0
1784664965551,unknown,VM-75,Stage1-1-0,0,0,0,0,0,0,0,0
1784664965558,unknown,VM-73,Stage1-0-0,0,0,0,0,0,0,0,0
1784664965562,unknown,VM-76,Stage2-3-0,0,0,0,0,0,0,0,0
1784664966525,unknown,VM-74,Stage1-3-0,0,0,0,0,0,0,0,0
1784664966539,unknown,VM-79,Stage3-1-0,0,0,0,0,0,0,0,0
1784664966545,unknown,VM-77,Stage2-0-0,0,0,0,0,0,0,0,0
1784664966547,unknown,VM-78,Stage3-2-0,0,0,0,0,0,0,0,0
1784664966551,unknown,VM-75,Stage1-1-0,0,0,0,0,0,0,0,0
1784664966558,unknown,VM-73,Stage1-0-0,0,0,0,0,0,0,0,0
1784664966562,unknown,VM-76,Stage2-3-0,0,0,0,0,0,0,0,0
1784664967525,unknown,VM-74,Stage1-3-0,0,0,0,0,0,0,0,0
1784664967539,unknown,VM-79,Stage3-1-0,0,0,0,0,0,0,0,0
1784664967545,unknown,VM-77,Stage2-0-0,0,0,0,0,0,0,0,0
1784664967547,unknown,VM-78,Stage3-2-0,0,0,0,0,0,0,0,0
1784664967551,unknown,VM-75,Stage1-1-0,0,0,0,0,0,0,0,0
1784664967558,unknown,VM-73,Stage1-0-0,0,0,0,0,0,0,0,0
1784664967562,unknown,VM-76,Stage2-3-0,0,0,0,0,0,0,0,0
1784664968525,unknown,VM-74,Stage1-3-0,0,0,0,0,0,0,0,0
1784664968539,unknown,VM-79,Stage3-1-0,0,0,0,0,0,0,0,0
1784664968545,unknown,VM-77,Stage2-0-0,0,0,0,0,0,0,0,0
1784664968547,unknown,VM-78,Stage3-2-0,0,0,0,0,0,0,0,0
1784664968551,unknown,VM-75,Stage1-1-0,0,0,0,0,0,0,0,0
1784664968558,unknown,VM-73,Stage1-0-0,0,0,0,0,0,0,0,0
1784664968562,unknown,VM-76,Stage2-3-0,0,0,0,0,0,0,0,0
1784664969525,unknown,VM-74,Stage1-3-0,0,0,0,0,0,0,0,0
1784664969539,unknown,VM-79,Stage3-1-0,0,0,0,0,0,0,0,0
1784664969545,unknown,VM-77,Stage2-0-0,0,0,0,0,0,0,0,0
1784664969547,unknown,VM-78,Stage3-2-0,0,0,0,0,0,0,0,0
1784664969551,unknown,VM-75,Stage1-1-0,0,0,0,0,0,0,0,0
1784664969558,unknown,VM-73,Stage1-0-0,0,0,0,0,0,0,0,0
1784664969562,unknown,VM-76,Stage2-3-0,0,0,0,0,0,0,0,0
1784664970525,unknown,VM-74,Stage1-3-0,0,0,0,0,0,0,0,0
1784664970539,unknown,VM-79,Stage3-1-0,0,0,0,0,0,0,0,0
1784664970545,unknown,VM-77,Stage2-0-0,0,0,0,0,0,0,0,0
1784664970547,unknown,VM-78,Stage3-2-0,0,0,0,0,0,0,0,0
1784664970551,unknown,VM-75,Stage1-1-0,0,0,0,0,0,0,0,0
1784664970558,unknown,VM-73,Stage1-0-0,0,0,0,0,0,0,0,0
1784664970562,unknown,VM-76,Stage2-3-0,0,0,0,0,0,0,0,0
1784664971525,unknown,VM-74,Stage1-3-0,0,0,0,0,0,0,0,0
1784664971539,unknown,VM-79,Stage3-1-0,0,0,0,0,0,0,0,0
1784664971545,unknown,VM-77,Stage2-0-0,0,0,0,0,0,0,0,0
1784664971547,unknown,VM-78,Stage3-2-0,0,0,0,0,0,0,0,0
1784664971551,unknown,VM-75,Stage1-1-0,0,0,0,0,0,0,0,0
1784664971558,unknown,VM-73,Stage1-0-0,0,0,0,0,0,0,0,0
1784664971562,unknown,VM-76,Stage2-3-0,0,0,0,0,0,0,0,0
1784664972525,unknown,VM-74,Stage1-3-0,0,0,0,0,0,0,0,0
1784664972539,unknown,VM-79,Stage3-1-0,0,0,0,0,0,0,0,0
1784664972545,unknown,VM-77,Stage2-0-0,0,0,0,0,0,0,0,0
1784664972547,unknown,VM-78,Stage3-2-0,0,0,0,0,0,0,0,0
1784664972551,unknown,VM-75,Stage1-1-0,0,0,0,0,0,0,0,0
1784664972558,unknown,VM-73,Stage1-0-0,0,0,0,0,0,0,0,0
1784664972562,unknown,VM-76,Stage2-3-0,0,0,0,0,0,0,0,0
1784664973525,unknown,VM-74,Stage1-3-0,0,0,0,0,0,0,0,0
1784664973539,unknown,VM-79,Stage3-1-0,0,0,0,0,0,0,0,0
1784664973545,unknown,VM-77,Stage2-0-0,0,0,0,0,0,0,0,0
1784664973547,unknown,VM-78,Stage3-2-0,0,0,0,0,0,0,0,0
1784664973551,unknown,VM-75,Stage1-1-0,0,0,0,0,0,0,0,0
1784664973558,unknown,VM-73,Stage1-0-0,0,0,0,0,0,0,0,0
1784664973562,unknown,VM-76,Stage2-3-0,0,0,0,0,0,0,0,0
1784664974525,unknown,VM-74,Stage1-3-0,0,0,0,0,0,0,0,0
1784664974539,unknown,VM-79,Stage3-1-0,0,0,0,0,0,0,0,0
1784664974545,unknown,VM-77,Stage2-0-0,0,0,0,0,0,0,0,0
1784664974547,unknown,VM-78,Stage3-2-0,0,0,0,0,0,0,0,0
1784664974551,unknown,VM-75,Stage1-1-0,0,0,0,0,0,0,0,0
1784664974558,unknown,VM-73,Stage1-0-0,0,0,0,0,0,0,0,0
1784664974562,unknown,VM-76,Stage2-3-0,0,0,0,0,0,0,0,0
1784664975525,unknown,VM-74,Stage1-3-0,0,0,0,0,0,0,0,0
1784664975539,unknown,VM-79,Stage3-1-0,0,0,0,0,0,0,0,0
1784664975545,unknown,VM-77,Stage2-0-0,0,0,0,0,0,0,0,0
1784664975547,unknown,VM-78,Stage3-2-0,0,0,0,0,0,0,0,0
1784664975551,unknown,VM-75,Stage1-1-0,0,0,0,0,0,0,0,0
1784664975558,unknown,VM-73,Stage1-0-0,0,0,0,0,0,0,0,0
1784664975562,unknown,VM-76,Stage2-3-0,0,0,0,0,0,0,0,0
1784664976525,unknown,VM-74,Stage1-3-0,0,0,0,0,0,0,0,0
1784664976539,unknown,VM-79,Stage3-1-0,0,0,0,0,0,0,0,0
1784664976545,unknown,VM-77,Stage2-0-0,0,0,0,0,0,0,0,0
1784664976547,unknown,VM-78,Stage3-2-0,0,0,0,0,0,0,0,0
1784664976551,unknown,VM-75,Stage1-1-0,0,0,0,0,0,0,0,0
1784664976558,unknown,VM-73,Stage1-0-0,0,0,0,0,0,0,0,0
1784664976562,unknown,VM-76,Stage2-3-0,0,0,0,0,0,0,0,0
1784664977525,unknown,VM-74,Stage1-3-0,0,0,0,0,0,0,0,0
1784664977539,unknown,VM-79,Stage3-1-0,0,0,0,0,0,0,0,0
1784664977545,unknown,VM-77,Stage2-0-0,0,0,0,0,0,0,0,0
1784664977547,unknown,VM-78,Stage3-2-0,0,0,0,0,0,0,0,0
1784664977551,unknown,VM-75,Stage1-1-0,0,0,0,0,0,0,0,0
1784664977558,unknown,VM-73,Stage1-0-0,0,0,0,0,0,0,0,0
1784664977562,unknown,VM-76,Stage2-3-0,0,0,0,0,0,0,0,0
1784664978525,unknown,VM-74,Stage1-3-0,0,0,0,0,0,0,0,0
1784664978539,unknown,VM-79,Stage3-1-0,0,0,0,0,0,0,0,0
1784664978545,unknown,VM-77,Stage2-0-0,0,0,0,0,0,0,0,0
1784664978547,unknown,VM-78,Stage3-2-0,0,0,0,0,0,0,0,0
1784664978551,unknown,VM-75,Stage1-1-0,0,0,0,0,0,0,0,0
1784664978558,unknown,VM-73,Stage1-0-0,0,0,0,0,0,0,0,0
1784664978562,unknown,VM-76,Stage2-3-0,0,0,0,0,0,0,0,0
1784664979525,unknown,VM-74,Stage1-3-0,0,0,0,0,0,0,0,0
1784664979539,unknown,VM-79,Stage3-1-0,0,0,0,0,0,0,0,0
1784664979545,unknown,VM-77,Stage2-0-0,0,0,0,0,0,0,0,0
1784664979547,unknown,VM-78,Stage3-2-0,0,0,0,0,0,0,0,0
1784664979551,unknown,VM-75,Stage1-1-0,0,0,0,0,0,0,0,0
1784664979558,unknown,VM-73,Stage1-0-0,0,0,0,0,0,0,0,0
1784664979562,unknown,VM-76,Stage2-3-0,0,0,0,0,0,0,0,0
1784664980525,unknown,VM-74,Stage1-3-0,0,0,0,0,0,0,0,0
1784664980539,unknown,VM-79,Stage3-1-0,0,0,0,0,0,0,0,0
1784664980545,unknown,VM-77,Stage2-0-0,0,0,0,0,0,0,0,0
1784664980547,unknown,VM-78,Stage3-2-0,0,0,0,0,0,0,0,0
1784664980551,unknown,VM-75,Stage1-1-0,0,0,0,0,0,0,0,0
1784664980558,unknown,VM-73,Stage1-0-0,0,0,0,0,0,0,0,0
1784664980562,unknown,VM-76,Stage2-3-0,0,0,0,0,0,0,0,0
1784664981525,unknown,VM-74,Stage1-3-0,0,0,0,0,0,0,0,0
1784664981539,unknown,VM-79,Stage3-1-0,0,0,0,0,0,0,0,0
1784664981545,unknown,VM-77,Stage2-0-0,0,0,0,0,0,0,0,0
1784664981547,unknown,VM-78,Stage3-2-0,0,0,0,0,0,0,0,0
1784664981551,unknown,VM-75,Stage1-1-0,0,0,0,0,0,0,0,0
1784664981558,unknown,VM-73,Stage1-0-0,0,0,0,0,0,0,0,0
1784664981562,unknown,VM-76,Stage2-3-0,0,0,0,0,0,0,0,0
1784664982525,unknown,VM-74,Stage1-3-0,0,0,0,0,0,0,0,0
1784664982539,unknown,VM-79,Stage3-1-0,0,0,0,0,0,0,0,0
1784664982544,unknown,VM-77,Stage2-0-0,0,0,0,0,0,0,0,0
1784664982547,unknown,VM-78,Stage3-2-0,0,0,0,0,0,0,0,0
1784664982551,unknown,VM-75,Stage1-1-0,0,0,0,0,0,0,0,0
1784664982558,unknown,VM-73,Stage1-0-0,0,0,0,0,0,0,0,0
1784664982562,unknown,VM-76,Stage2-3-0,0,0,0,0,0,0,0,0
1784664983525,unknown,VM-74,Stage1-3-0,0,0,0,0,0,0,0,0
1784664983539,unknown,VM-79,Stage3-1-0,0,0,0,0,0,0,0,0
1784664983545,unknown,VM-77,Stage2-0-0,0,0,0,0,0,0,0,0
1784664983547,unknown,VM-78,Stage3-2-0,0,0,0,0,0,0,0,0
1784664983551,unknown,VM-75,Stage1-1-0,0,0,0,0,0,0,0,0
1784664983558,unknown,VM-73,Stage1-0-0,0,0,0,0,0,0,0,0
1784664983562,unknown,VM-76,Stage2-3-0,0,0,0,0,0,0,0,0
1784664984525,unknown,VM-74,Stage1-3-0,0,0,0,0,0,0,0,0
1784664984539,unknown,VM-79,Stage3-1-0,0,0,0,0,0,0,0,0
1784664984545,unknown,VM-77,Stage2-0-0,0,0,0,0,0,0,0,0
1784664984547,unknown,VM-78,Stage3-2-0,0,0,0,0,0,0,0,0
1784664984551,unknown,VM-75,Stage1-1-0,0,0,0,0,0,0,0,0
1784664984558,unknown,VM-73,Stage1-0-0,0,0,0,0,0,0,0,0
1784664984562,unknown,VM-76,Stage2-3-0,0,0,0,0,0,0,0,0
1784664985525,unknown,VM-74,Stage1-3-0,0,0,0,0,0,0,0,0
1784664985539,unknown,VM-79,Stage3-1-0,0,0,0,0,0,0,0,0
1784664985545,unknown,VM-77,Stage2-0-0,0,0,0,0,0,0,0,0
1784664985547,unknown,VM-78,Stage3-2-0,0,0,0,0,0,0,0,0
1784664985551,unknown,VM-75,Stage1-1-0,0,0,0,0,0,0,0,0
1784664985558,unknown,VM-73,Stage1-0-0,0,0,0,0,0,0,0,0
1784664985562,unknown,VM-76,Stage2-3-0,0,0,0,0,0,0,0,0
1784664986525,unknown,VM-74,Stage1-3-0,0,0,0,0,0,0,0,0
1784664986539,unknown,VM-79,Stage3-1-0,0,0,0,0,0,0,0,0
1784664986545,unknown,VM-77,Stage2-0-0,0,0,0,0,0,0,0,0
1784664986547,unknown,VM-78,Stage3-2-0,0,0,0,0,0,0,0,0
1784664986551,unknown,VM-75,Stage1-1-0,0,0,0,0,0,0,0,0
1784664986558,unknown,VM-73,Stage1-0-0,0,0,0,0,0,0,0,0
1784664986562,unknown,VM-76,Stage2-3-0,0,0,0,0,0,0,0,0
1784664987525,unknown,VM-74,Stage1-3-0,0,0,0,0,0,0,0,0
1784664987539,unknown,VM-79,Stage3-1-0,0,0,0,0,0,0,0,0
1784664987544,unknown,VM-77,Stage2-0-0,0,0,0,0,0,0,0,0
1784664987547,unknown,VM-78,Stage3-2-0,0,0,0,0,0,0,0,0
1784664987551,unknown,VM-75,Stage1-1-0,0,0,0,0,0,0,0,0
1784664987558,unknown,VM-73,Stage1-0-0,0,0,0,0,0,0,0,0
1784664987562,unknown,VM-76,Stage2-3-0,0,0,0,0,0,0,0,0
1784664988525,unknown,VM-74,Stage1-3-0,0,0,0,0,0,0,0,0
1784664988539,unknown,VM-79,Stage3-1-0,0,0,0,0,0,0,0,0
1784664988545,unknown,VM-77,Stage2-0-0,0,0,0,0,0,0,0,0
1784664988547,unknown,VM-78,Stage3-2-0,0,0,0,0,0,0,0,0
1784664988551,unknown,VM-75,Stage1-1-0,0,0,0,0,0,0,0,0
1784664988558,unknown,VM-73,Stage1-0-0,0,0,0,0,0,0,0,0
1784664988562,unknown,VM-76,Stage2-3-0,0,0,0,0,0,0,0,0
1784664989525,unknown,VM-74,Stage1-3-0,0,0,0,0,0,0,0,0
1784664989539,unknown,VM-79,Stage3-1-0,0,0,0,0,0,0,0,0
1784664989545,unknown,VM-77,Stage2-0-0,0,0,0,0,0,0,0,0
1784664989547,unknown,VM-78,Stage3-2-0,0,0,0,0,0,0,0,0
1784664989551,unknown,VM-75,Stage1-1-0,0,0,0,0,0,0,0,0
1784664989558,unknown,VM-73,Stage1-0-0,0,0,0,0,0,0,0,0
1784664989562,unknown,VM-76,Stage2-3-0,0,0,0,0,0,0,0,0
1784664990525,unknown,VM-74,Stage1-3-0,0,0,0,0,0,0,0,0
1784664990539,unknown,VM-79,Stage3-1-0,0,0,0,0,0,0,0,0
1784664990545,unknown,VM-77,Stage2-0-0,0,0,0,0,0,0,0,0
1784664990547,unknown,VM-78,Stage3-2-0,0,0,0,0,0,0,0,0
1784664990551,unknown,VM-75,Stage1-1-0,0,0,0,0,0,0,0,0
1784664990558,unknown,VM-73,Stage1-0-0,0,0,0,0,0,0,0,0
1784664990562,unknown,VM-76,Stage2-3-0,0,0,0,0,0,0,0,0
1784664991525,unknown,VM-74,Stage1-3-0,0,0,0,0,0,0,0,0
1784664991539,unknown,VM-79,Stage3-1-0,0,0,0,0,0,0,0,0
1784664991545,unknown,VM-77,Stage2-0-0,0,0,0,0,0,0,0,0
1784664991547,unknown,VM-78,Stage3-2-0,0,0,0,0,0,0,0,0
1784664991551,unknown,VM-75,Stage1-1-0,0,0,0,0,0,0,0,0
1784664991558,unknown,VM-73,Stage1-0-0,0,0,0,0,0,0,0,0
1784664991562,unknown,VM-76,Stage2-3-0,0,0,0,0,0,0,0,0
1784664992525,unknown,VM-74,Stage1-3-0,0,0,0,0,0,0,0,0
1784664992539,unknown,VM-79,Stage3-1-0,0,0,0,0,0,0,0,0
1784664992545,unknown,VM-77,Stage2-0-0,0,0,0,0,0,0,0,0
1784664992547,unknown,VM-78,Stage3-2-0,0,0,0,0,0,0,0,0
1784664992551,unknown,VM-75,Stage1-1-0,0,0,0,0,0,0,0,0
1784664992558,unknown,VM-73,Stage1-0-0,0,0,0,0,0,0,0,0
1784664992562,unknown,VM-76,Stage2-3-0,0,0,0,0,0,0,0,0
1784664993525,unknown,VM-74,Stage1-3-0,0,0,0,0,0,0,0,0
1784664993539,unknown,VM-79,Stage3-1-0,0,0,0,0,0,0,0,0
1784664993545,unknown,VM-77,Stage2-0-0,0,0,0,0,0,0,0,0
1784664993547,unknown,VM-78,Stage3-2-0,0,0,0,0,0,0,0,0
1784664993551,unknown,VM-75,Stage1-1-0,0,0,0,0,0,0,0,0
1784664993558,unknown,VM-73,Stage1-0-0,0,0,0,0,0,0,0,0
1784664993562,unknown,VM-76,Stage2-3-0,0,0,0,0,0,0,0,0
1784664994525,unknown,VM-74,Stage1-3-0,0,0,0,0,0,0,0,0
1784664994539,unknown,VM-79,Stage3-1-0,0,0,0,0,0,0,0,0
1784664994545,unknown,VM-77,Stage2-0-0,0,0,0,0,0,0,0,0
1784664994547,unknown,VM-78,Stage3-2-0,0,0,0,0,0,0,0,0
1784664994551,unknown,VM-75,Stage1-1-0,0,0,0,0,0,0,0,0
1784664994558,unknown,VM-73,Stage1-0-0,0,0,0,0,0,0,0,0
1784664994562,unknown,VM-76,Stage2-3-0,0,0,0,0,0,0,0,0
1784664995525,unknown,VM-74,Stage1-3-0,0,0,0,0,0,0,0,0
1784664995539,unknown,VM-79,Stage3-1-0,0,0,0,0,0,0,0,0
1784664995545,unknown,VM-77,Stage2-0-0,0,0,0,0,0,0,0,0
1784664995547,unknown,VM-78,Stage3-2-0,0,0,0,0,0,0,0,0
1784664995551,unknown,VM-75,Stage1-1-0,0,0,0,0,0,0,0,0
1784664995558,unknown,VM-73,Stage1-0-0,0,0,0,0,0,0,0,0
1784664995562,unknown,VM-76,Stage2-3-0,0,0,0,0,0,0,0,0
1784664996525,unknown,VM-74,Stage1-3-0,0,0,0,0,0,0,0,0
1784664996539,unknown,VM-79,Stage3-1-0,0,0,0,0,0,0,0,0
1784664996545,unknown,VM-77,Stage2-0-0,0,0,0,0,0,0,0,0
1784664996547,unknown,VM-78,Stage3-2-0,0,0,0,0,0,0,0,0
1784664996551,unknown,VM-75,Stage1-1-0,0,0,0,0,0,0,0,0
1784664996558,unknown,VM-73,Stage1-0-0,0,0,0,0,0,0,0,0
1784664996562,unknown,VM-76,Stage2-3-0,0,0,0,0,0,0,0,0
1784664997525,unknown,VM-74,Stage1-3-0,0,0,0,0,0,0,0,0
1784664997539,unknown,VM-79,Stage3-1-0,0,0,0,0,0,0,0,0
1784664997545,unknown,VM-77,Stage2-0-0,0,0,0,0,0,0,0,0
1784664997547,unknown,VM-78,Stage3-2-0,0,0,0,0,0,0,0,0
1784664997551,unknown,VM-75,Stage1-1-0,0,0,0,0,0,0,0,0
1784664997558,unknown,VM-73,Stage1-0-0,0,0,0,0,0,0,0,0
1784664997562,unknown,VM-76,Stage2-3-0,0,0,0,0,0,0,0,0
1784664998525,unknown,VM-74,Stage1-3-0,0,0,0,0,0,0,0,0
1784664998539,unknown,VM-79,Stage3-1-0,0,0,0,0,0,0,0,0
1784664998545,unknown,VM-77,Stage2-0-0,0,0,0,0,0,0,0,0
1784664998547,unknown,VM-78,Stage3-2-0,0,0,0,0,0,0,0,0
1784664998551,unknown,VM-75,Stage1-1-0,0,0,0,0,0,0,0,0
1784664998558,unknown,VM-73,Stage1-0-0,0,0,0,0,0,0,0,0
1784664998562,unknown,VM-76,Stage2-3-0,0,0,0,0,0,0,0,0
1784664999525,unknown,VM-74,Stage1-3-0,0,0,0,0,0,0,0,0
1784664999539,unknown,VM-79,Stage3-1-0,0,0,0,0,0,0,0,0
1784664999545,unknown,VM-77,Stage2-0-0,0,0,0,0,0,0,0,0
1784664999547,unknown,VM-78,Stage3-2-0,0,0,0,0,0,0,0,0
1784664999551,unknown,VM-75,Stage1-1-0,0,0,0,0,0,0,0,0
1784664999558,unknown,VM-73,Stage1-0-0,0,0,0,0,0,0,0,0
1784664999562,unknown,VM-76,Stage2-3-0,0,0,0,0,0,0,0,0
1784665000525,unknown,VM-74,Stage1-3-0,0,0,0,0,0,0,0,0
1784665000539,unknown,VM-79,Stage3-1-0,0,0,0,0,0,0,0,0
1784665000545,unknown,VM-77,Stage2-0-0,0,0,0,0,0,0,0,0
1784665000547,unknown,VM-78,Stage3-2-0,0,0,0,0,0,0,0,0
1784665000551,unknown,VM-75,Stage1-1-0,0,0,0,0,0,0,0,0
1784665000558,unknown,VM-73,Stage1-0-0,0,0,0,0,0,0,0,0
1784665000562,unknown,VM-76,Stage2-3-0,0,0,0,0,0,0,0,0
1784665001525,unknown,VM-74,Stage1-3-0,0,0,0,0,0,0,0,0
1784665001539,unknown,VM-79,Stage3-1-0,0,0,0,0,0,0,0,0
1784665001545,unknown,VM-77,Stage2-0-0,0,0,0,0,0,0,0,0
1784665001547,unknown,VM-78,Stage3-2-0,0,0,0,0,0,0,0,0
1784665001551,unknown,VM-75,Stage1-1-0,0,0,0,0,0,0,0,0
1784665001558,unknown,VM-73,Stage1-0-0,0,0,0,0,0,0,0,0
1784665001562,unknown,VM-76,Stage2-3-0,0,0,0,0,0,0,0,0
1784665002525,unknown,VM-74,Stage1-3-0,0,0,0,0,0,0,0,0
1784665002539,unknown,VM-79,Stage3-1-0,0,0,0,0,0,0,0,0
1784665002545,unknown,VM-77,Stage2-0-0,0,0,0,0,0,0,0,0
1784665002547,unknown,VM-78,Stage3-2-0,0,0,0,0,0,0,0,0
1784665002551,unknown,VM-75,Stage1-1-0,0,0,0,0,0,0,0,0
1784665002558,unknown,VM-73,Stage1-0-0,0,0,0,0,0,0,0,0
1784665002562,unknown,VM-76,Stage2-3-0,0,0,0,0,0,0,0,0
1784665003525,unknown,VM-74,Stage1-3-0,0,0,0,0,0,0,0,0
1784665003539,unknown,VM-79,Stage3-1-0,0,0,0,0,0,0,0,0
1784665003545,unknown,VM-77,Stage2-0-0,0,0,0,0,0,0,0,0
1784665003547,unknown,VM-78,Stage3-2-0,0,0,0,0,0,0,0,0
1784665003551,unknown,VM-75,Stage1-1-0,0,0,0,0,0,0,0,0
1784665003558,unknown,VM-73,Stage1-0-0,0,0,0,0,0,0,0,0
1784665003562,unknown,VM-76,Stage2-3-0,0,0,0,0,0,0,0,0
1784665004525,unknown,VM-74,Stage1-3-0,0,0,0,0,0,0,0,0
1784665004539,unknown,VM-79,Stage3-1-0,0,0,0,0,0,0,0,0
1784665004545,unknown,VM-77,Stage2-0-0,0,0,0,0,0,0,0,0
1784665004547,unknown,VM-78,Stage3-2-0,0,0,0,0,0,0,0,0
1784665004551,unknown,VM-75,Stage1-1-0,0,0,0,0,0,0,0,0
1784665004558,unknown,VM-73,Stage1-0-0,0,0,0,0,0,0,0,0
1784665004562,unknown,VM-76,Stage2-3-0,0,0,0,0,0,0,0,0
1784665005525,unknown,VM-74,Stage1-3-0,0,0,0,0,0,0,0,0
1784665005539,unknown,VM-79,Stage3-1-0,0,0,0,0,0,0,0,0
1784665005545,unknown,VM-77,Stage2-0-0,0,0,0,0,0,0,0,0
1784665005547,unknown,VM-78,Stage3-2-0,0,0,0,0,0,0,0,0
1784665005551,unknown,VM-75,Stage1-1-0,0,0,0,0,0,0,0,0
1784665005558,unknown,VM-73,Stage1-0-0,0,0,0,0,0,0,0,0
1784665005562,unknown,VM-76,Stage2-3-0,0,0,0,0,0,0,0,0
1784665006525,unknown,VM-74,Stage1-3-0,0,0,0,0,0,0,0,0
1784665006539,unknown,VM-79,Stage3-1-0,0,0,0,0,0,0,0,0
1784665006545,unknown,VM-77,Stage2-0-0,0,0,0,0,0,0,0,0
1784665006547,unknown,VM-78,Stage3-2-0,0,0,0,0,0,0,0,0
1784665006551,unknown,VM-75,Stage1-1-0,0,0,0,0,0,0,0,0
1784665006558,unknown,VM-73,Stage1-0-0,0,0,0,0,0,0,0,0
1784665006562,unknown,VM-76,Stage2-3-0,0,0,0,0,0,0,0,0
1784665007525,unknown,VM-74,Stage1-3-0,0,0,0,0,0,0,0,0
1784665007539,unknown,VM-79,Stage3-1-0,0,0,0,0,0,0,0,0
1784665007545,unknown,VM-77,Stage2-0-0,0,0,0,0,0,0,0,0
1784665007547,unknown,VM-78,Stage3-2-0,0,0,0,0,0,0,0,0
1784665007551,unknown,VM-75,Stage1-1-0,0,0,0,0,0,0,0,0
1784665007558,unknown,VM-73,Stage1-0-0,0,0,0,0,0,0,0,0
1784665007562,unknown,VM-76,Stage2-3-0,0,0,0,0,0,0,0,0
1784665008525,unknown,VM-74,Stage1-3-0,0,0,0,0,0,0,0,0
1784665008539,unknown,VM-79,Stage3-1-0,0,0,0,0,0,0,0,0
1784665008545,unknown,VM-77,Stage2-0-0,0,0,0,0,0,0,0,0
1784665008547,unknown,VM-78,Stage3-2-0,0,0,0,0,0,0,0,0
1784665008551,unknown,VM-75,Stage1-1-0,0,0,0,0,0,0,0,0
1784665008558,unknown,VM-73,Stage1-0-0,0,0,0,0,0,0,0,0
1784665008562,unknown,VM-76,Stage2-3-0,0,0,0,0,0,0,0,0
1784665009525,unknown,VM-74,Stage1-3-0,0,0,0,0,0,0,0,0
1784665009539,unknown,VM-79,Stage3-1-0,0,0,0,0,0,0,0,0
1784665009545,unknown,VM-77,Stage2-0-0,0,0,0,0,0,0,0,0
1784665009547,unknown,VM-78,Stage3-2-0,0,0,0,0,0,0,0,0
1784665009551,unknown,VM-75,Stage1-1-0,0,0,0,0,0,0,0,0
1784665009558,unknown,VM-73,Stage1-0-0,0,0,0,0,0,0,0,0
1784665009562,unknown,VM-76,Stage2-3-0,0,0,0,0,0,0,0,0
1784665010525,unknown,VM-74,Stage1-3-0,0,0,0,0,0,0,0,0
1784665010539,unknown,VM-79,Stage3-1-0,0,0,0,0,0,0,0,0
1784665010545,unknown,VM-77,Stage2-0-0,0,0,0,0,0,0,0,0
1784665010547,unknown,VM-78,Stage3-2-0,0,0,0,0,0,0,0,0
1784665010551,unknown,VM-75,Stage1-1-0,0,0,0,0,0,0,0,0
1784665010558,unknown,VM-73,Stage1-0-0,0,0,0,0,0,0,0,0
1784665010562,unknown,VM-76,Stage2-3-0,0,0,0,0,0,0,0,0
1784665011525,unknown,VM-74,Stage1-3-0,0,0,0,0,0,0,0,0
1784665011539,unknown,VM-79,Stage3-1-0,0,0,0,0,0,0,0,0
1784665011545,unknown,VM-77,Stage2-0-0,0,0,0,0,0,0,0,0
1784665011547,unknown,VM-78,Stage3-2-0,0,0,0,0,0,0,0,0
1784665011551,unknown,VM-75,Stage1-1-0,0,0,0,0,0,0,0,0
1784665011558,unknown,VM-73,Stage1-0-0,0,0,0,0,0,0,0,0
1784665011562,unknown,VM-76,Stage2-3-0,0,0,0,0,0,0,0,0
1784665012525,unknown,VM-74,Stage1-3-0,0,0,0,0,0,0,0,0
1784665012539,unknown,VM-79,Stage3-1-0,0,0,0,0,0,0,0,0
1784665012545,unknown,VM-77,Stage2-0-0,0,0,0,0,0,0,0,0
1784665012547,unknown,VM-78,Stage3-2-0,0,0,0,0,0,0,0,0
1784665012551,unknown,VM-75,Stage1-1-0,0,0,0,0,0,0,0,0
1784665012558,unknown,VM-73,Stage1-0-0,0,0,0,0,0,0,0,0
1784665012562,unknown,VM-76,Stage2-3-0,0,0,0,0,0,0,0,0
1784665013525,unknown,VM-74,Stage1-3-0,0,0,0,0,0,0,0,0
1784665013539,unknown,VM-79,Stage3-1-0,0,0,0,0,0,0,0,0
1784665013545,unknown,VM-77,Stage2-0-0,0,0,0,0,0,0,0,0
1784665013547,unknown,VM-78,Stage3-2-0,0,0,0,0,0,0,0,0
1784665013551,unknown,VM-75,Stage1-1-0,0,0,0,0,0,0,0,0
1784665013558,unknown,VM-73,Stage1-0-0,0,0,0,0,0,0,0,0
1784665013562,unknown,VM-76,Stage2-3-0,0,0,0,0,0,0,0,0
1784665014525,unknown,VM-74,Stage1-3-0,0,0,0,0,0,0,0,0
1784665014539,unknown,VM-79,Stage3-1-0,0,0,0,0,0,0,0,0
1784665014545,unknown,VM-77,Stage2-0-0,0,0,0,0,0,0,0,0
1784665014547,unknown,VM-78,Stage3-2-0,0,0,0,0,0,0,0,0
1784665014551,unknown,VM-75,Stage1-1-0,0,0,0,0,0,0,0,0
1784665014558,unknown,VM-73,Stage1-0-0,0,0,0,0,0,0,0,0
1784665014562,unknown,VM-76,Stage2-3-0,0,0,0,0,0,0,0,0
1784665015525,unknown,VM-74,Stage1-3-0,0,0,0,0,0,0,0,0
1784665015539,unknown,VM-79,Stage3-1-0,0,0,0,0,0,0,0,0
1784665015545,unknown,VM-77,Stage2-0-0,0,0,0,0,0,0,0,0
1784665015547,unknown,VM-78,Stage3-2-0,0,0,0,0,0,0,0,0
1784665015551,unknown,VM-75,Stage1-1-0,0,0,0,0,0,0,0,0
1784665015558,unknown,VM-73,Stage1-0-0,0,0,0,0,0,0,0,0
1784665015562,unknown,VM-76,Stage2-3-0,0,0,0,0,0,0,0,0
1784665016525,unknown,VM-74,Stage1-3-0,0,0,0,0,0,0,0,0
1784665016539,unknown,VM-79,Stage3-1-0,0,0,0,0,0,0,0,0
1784665016545,unknown,VM-77,Stage2-0-0,0,0,0,0,0,0,0,0
1784665016547,unknown,VM-78,Stage3-2-0,0,0,0,0,0,0,0,0
1784665016551,unknown,VM-75,Stage1-1-0,0,0,0,0,0,0,0,0
1784665016558,unknown,VM-73,Stage1-0-0,0,0,0,0,0,0,0,0
1784665016562,unknown,VM-76,Stage2-3-0,0,0,0,0,0,0,0,0
1784665017525,unknown,VM-74,Stage1-3-0,0,0,0,0,0,0,0,0
1784665017539,unknown,VM-79,Stage3-1-0,0,0,0,0,0,0,0,0
1784665017545,unknown,VM-77,Stage2-0-0,0,0,0,0,0,0,0,0
1784665017547,unknown,VM-78,Stage3-2-0,0,0,0,0,0,0,0,0
1784665017551,unknown,VM-75,Stage1-1-0,0,0,0,0,0,0,0,0
1784665017558,unknown,VM-73,Stage1-0-0,0,0,0,0,0,0,0,0
1784665017562,unknown,VM-76,Stage2-3-0,0,0,0,0,0,0,0,0
1784665018525,unknown,VM-74,Stage1-3-0,0,0,0,0,0,0,0,0
1784665018539,unknown,VM-79,Stage3-1-0,0,0,0,0,0,0,0,0
1784665018545,unknown,VM-77,Stage2-0-0,0,0,0,0,0,0,0,0
1784665018547,unknown,VM-78,Stage3-2-0,0,0,0,0,0,0,0,0
1784665018551,unknown,VM-75,Stage1-1-0,0,0,0,0,0,0,0,0
1784665018558,unknown,VM-73,Stage1-0-0,0,0,0,0,0,0,0,0
1784665018562,unknown,VM-76,Stage2-3-0,0,0,0,0,0,0,0,0
1784665019525,unknown,VM-74,Stage1-3-0,0,0,0,0,0,0,0,0
1784665019539,unknown,VM-79,Stage3-1-0,0,0,0,0,0,0,0,0
1784665019545,unknown,VM-77,Stage2-0-0,0,0,0,0,0,0,0,0
1784665019547,unknown,VM-78,Stage3-2-0,0,0,0,0,0,0,0,0
1784665019551,unknown,VM-75,Stage1-1-0,0,0,0,0,0,0,0,0
1784665019558,unknown,VM-73,Stage1-0-0,0,0,0,0,0,0,0,0
1784665019562,unknown,VM-76,Stage2-3-0,0,0,0,0,0,0,0,0
1784665020525,unknown,VM-74,Stage1-3-0,0,0,0,0,0,0,0,0
1784665020539,unknown,VM-79,Stage3-1-0,0,0,0,0,0,0,0,0
1784665020545,unknown,VM-77,Stage2-0-0,0,0,0,0,0,0,0,0
1784665020547,unknown,VM-78,Stage3-2-0,0,0,0,0,0,0,0,0
1784665020551,unknown,VM-75,Stage1-1-0,0,0,0,0,0,0,0,0
1784665020558,unknown,VM-73,Stage1-0-0,0,0,0,0,0,0,0,0
1784665020562,unknown,VM-76,Stage2-3-0,0,0,0,0,0,0,0,0
1784665021525,unknown,VM-74,Stage1-3-0,0,0,0,0,0,0,0,0
1784665021539,unknown,VM-79,Stage3-1-0,0,0,0,0,0,0,0,0
1784665021545,unknown,VM-77,Stage2-0-0,0,0,0,0,0,0,0,0
1784665021547,unknown,VM-78,Stage3-2-0,0,0,0,0,0,0,0,0
1784665021551,unknown,VM-75,Stage1-1-0,0,0,0,0,0,0,0,0
1784665021558,unknown,VM-73,Stage1-0-0,0,0,0,0,0,0,0,0
1784665021562,unknown,VM-76,Stage2-3-0,0,0,0,0,0,0,0,0
1784665022525,unknown,VM-74,Stage1-3-0,0,0,0,0,0,0,0,0
1784665022539,unknown,VM-79,Stage3-1-0,0,0,0,0,0,0,0,0
1784665022545,unknown,VM-77,Stage2-0-0,0,0,0,0,0,0,0,0
1784665022547,unknown,VM-78,Stage3-2-0,0,0,0,0,0,0,0,0
1784665022551,unknown,VM-75,Stage1-1-0,0,0,0,0,0,0,0,0
1784665022558,unknown,VM-73,Stage1-0-0,0,0,0,0,0,0,0,0
1784665022562,unknown,VM-76,Stage2-3-0,0,0,0,0,0,0,0,0
1784665023525,unknown,VM-74,Stage1-3-0,0,0,0,0,0,0,0,0
1784665023539,unknown,VM-79,Stage3-1-0,0,0,0,0,0,0,0,0
1784665023545,unknown,VM-77,Stage2-0-0,0,0,0,0,0,0,0,0
1784665023547,unknown,VM-78,Stage3-2-0,0,0,0,0,0,0,0,0
1784665023551,unknown,VM-75,Stage1-1-0,0,0,0,0,0,0,0,0
1784665023558,unknown,VM-73,Stage1-0-0,0,0,0,0,0,0,0,0
1784665023562,unknown,VM-76,Stage2-3-0,0,0,0,0,0,0,0,0
1784665024525,unknown,VM-74,Stage1-3-0,0,0,0,0,0,0,0,0
1784665024539,unknown,VM-79,Stage3-1-0,0,0,0,0,0,0,0,0
1784665024545,unknown,VM-77,Stage2-0-0,0,0,0,0,0,0,0,0
1784665024547,unknown,VM-78,Stage3-2-0,0,0,0,0,0,0,0,0
1784665024551,unknown,VM-75,Stage1-1-0,0,0,0,0,0,0,0,0
1784665024558,unknown,VM-73,Stage1-0-0,0,0,0,0,0,0,0,0
1784665024562,unknown,VM-76,Stage2-3-0,0,0,0,0,0,0,0,0
1784665025525,unknown,VM-74,Stage1-3-0,0,0,0,0,0,0,0,0
1784665025539,unknown,VM-79,Stage3-1-0,0,0,0,0,0,0,0,0
1784665025545,unknown,VM-77,Stage2-0-0,0,0,0,0,0,0,0,0
1784665025547,unknown,VM-78,Stage3-2-0,0,0,0,0,0,0,0,0
1784665025551,unknown,VM-75,Stage1-1-0,0,0,0,0,0,0,0,0
1784665025558,unknown,VM-73,Stage1-0-0,0,0,0,0,0,0,0,0
1784665025562,unknown,VM-76,Stage2-3-0,0,0,0,0,0,0,0,0
1784665026525,unknown,VM-74,Stage1-3-0,0,0,0,0,0,0,0,0
1784665026539,unknown,VM-79,Stage3-1-0,0,0,0,0,0,0,0,0
1784665026545,unknown,VM-77,Stage2-0-0,0,0,0,0,0,0,0,0
1784665026547,unknown,VM-78,Stage3-2-0,0,0,0,0,0,0,0,0
1784665026551,unknown,VM-75,Stage1-1-0,0,0,0,0,0,0,0,0
1784665026558,unknown,VM-73,Stage1-0-0,0,0,0,0,0,0,0,0
1784665026562,unknown,VM-76,Stage2-3-0,0,0,0,0,0,0,0,0
1784665027525,unknown,VM-74,Stage1-3-0,0,0,0,0,0,0,0,0
1784665027539,unknown,VM-79,Stage3-1-0,0,0,0,0,0,0,0,0
1784665027545,unknown,VM-77,Stage2-0-0,0,0,0,0,0,0,0,0
1784665027547,unknown,VM-78,Stage3-2-0,0,0,0,0,0,0,0,0
1784665027551,unknown,VM-75,Stage1-1-0,0,0,0,0,0,0,0,0
1784665027558,unknown,VM-73,Stage1-0-0,0,0,0,0,0,0,0,0
1784665027562,unknown,VM-76,Stage2-3-0,0,0,0,0,0,0,0,0
1784665028525,unknown,VM-74,Stage1-3-0,0,0,0,0,0,0,0,0
1784665028539,unknown,VM-79,Stage3-1-0,0,0,0,0,0,0,0,0
1784665028544,unknown,VM-77,Stage2-0-0,0,0,0,0,0,0,0,0
1784665028547,unknown,VM-78,Stage3-2-0,0,0,0,0,0,0,0,0
1784665028551,unknown,VM-75,Stage1-1-0,0,0,0,0,0,0,0,0
1784665028558,unknown,VM-73,Stage1-0-0,0,0,0,0,0,0,0,0
1784665028562,unknown,VM-76,Stage2-3-0,0,0,0,0,0,0,0,0
1784665029525,unknown,VM-74,Stage1-3-0,0,0,0,0,0,0,0,0
1784665029539,unknown,VM-79,Stage3-1-0,0,0,0,0,0,0,0,0
1784665029545,unknown,VM-77,Stage2-0-0,0,0,0,0,0,0,0,0
1784665029547,unknown,VM-78,Stage3-2-0,0,0,0,0,0,0,0,0
1784665029551,unknown,VM-75,Stage1-1-0,0,0,0,0,0,0,0,0
1784665029558,unknown,VM-73,Stage1-0-0,0,0,0,0,0,0,0,0
1784665029562,unknown,VM-76,Stage2-3-0,0,0,0,0,0,0,0,0
1784665030525,unknown,VM-74,Stage1-3-0,0,0,0,0,0,0,0,0
1784665030539,unknown,VM-79,Stage3-1-0,0,0,0,0,0,0,0,0
1784665030545,unknown,VM-77,Stage2-0-0,0,0,0,0,0,0,0,0
1784665030547,unknown,VM-78,Stage3-2-0,0,0,0,0,0,0,0,0
1784665030551,unknown,VM-75,Stage1-1-0,0,0,0,0,0,0,0,0
1784665030558,unknown,VM-73,Stage1-0-0,0,0,0,0,0,0,0,0
1784665030562,unknown,VM-76,Stage2-3-0,0,0,0,0,0,0,0,0
1784665031525,unknown,VM-74,Stage1-3-0,0,0,0,0,0,0,0,0
1784665031539,unknown,VM-79,Stage3-1-0,0,0,0,0,0,0,0,0
1784665031545,unknown,VM-77,Stage2-0-0,0,0,0,0,0,0,0,0
1784665031547,unknown,VM-78,Stage3-2-0,0,0,0,0,0,0,0,0
1784665031551,unknown,VM-75,Stage1-1-0,0,0,0,0,0,0,0,0
1784665031558,unknown,VM-73,Stage1-0-0,0,0,0,0,0,0,0,0
1784665031562,unknown,VM-76,Stage2-3-0,0,0,0,0,0,0,0,0
1784665032525,unknown,VM-74,Stage1-3-0,0,0,0,0,0,0,0,0
1784665032539,unknown,VM-79,Stage3-1-0,0,0,0,0,0,0,0,0
1784665032545,unknown,VM-77,Stage2-0-0,0,0,0,0,0,0,0,0
1784665032547,unknown,VM-78,Stage3-2-0,0,0,0,0,0,0,0,0
1784665032551,unknown,VM-75,Stage1-1-0,0,0,0,0,0,0,0,0
1784665032558,unknown,VM-73,Stage1-0-0,0,0,0,0,0,0,0,0
1784665032562,unknown,VM-76,Stage2-3-0,0,0,0,0,0,0,0,0
1784665033525,unknown,VM-74,Stage1-3-0,0,0,0,0,0,0,0,0
1784665033539,unknown,VM-79,Stage3-1-0,0,0,0,0,0,0,0,0
1784665033545,unknown,VM-77,Stage2-0-0,0,0,0,0,0,0,0,0
1784665033547,unknown,VM-78,Stage3-2-0,0,0,0,0,0,0,0,0
1784665033551,unknown,VM-75,Stage1-1-0,0,0,0,0,0,0,0,0
1784665033558,unknown,VM-73,Stage1-0-0,0,0,0,0,0,0,0,0
1784665033562,unknown,VM-76,Stage2-3-0,0,0,0,0,0,0,0,0
1784665034525,unknown,VM-74,Stage1-3-0,0,0,0,0,0,0,0,0
1784665034539,unknown,VM-79,Stage3-1-0,0,0,0,0,0,0,0,0
1784665034545,unknown,VM-77,Stage2-0-0,0,0,0,0,0,0,0,0
1784665034547,unknown,VM-78,Stage3-2-0,0,0,0,0,0,0,0,0
1784665034551,unknown,VM-75,Stage1-1-0,0,0,0,0,0,0,0,0
1784665034558,unknown,VM-73,Stage1-0-0,0,0,0,0,0,0,0,0
1784665034562,unknown,VM-76,Stage2-3-0,0,0,0,0,0,0,0,0
1784665035525,unknown,VM-74,Stage1-3-0,0,0,0,0,0,0,0,0
1784665035539,unknown,VM-79,Stage3-1-0,0,0,0,0,0,0,0,0
1784665035545,unknown,VM-77,Stage2-0-0,0,0,0,0,0,0,0,0
1784665035547,unknown,VM-78,Stage3-2-0,0,0,0,0,0,0,0,0
1784665035551,unknown,VM-75,Stage1-1-0,0,0,0,0,0,0,0,0
1784665035558,unknown,VM-73,Stage1-0-0,0,0,0,0,0,0,0,0
1784665035562,unknown,VM-76,Stage2-3-0,0,0,0,0,0,0,0,0
1784665036525,unknown,VM-74,Stage1-3-0,0,0,0,0,0,0,0,0
1784665036539,unknown,VM-79,Stage3-1-0,0,0,0,0,0,0,0,0
1784665036544,unknown,VM-77,Stage2-0-0,0,0,0,0,0,0,0,0
1784665036547,unknown,VM-78,Stage3-2-0,0,0,0,0,0,0,0,0
1784665036551,unknown,VM-75,Stage1-1-0,0,0,0,0,0,0,0,0
1784665036558,unknown,VM-73,Stage1-0-0,0,0,0,0,0,0,0,0
1784665036562,unknown,VM-76,Stage2-3-0,0,0,0,0,0,0,0,0
1784665037525,unknown,VM-74,Stage1-3-0,0,0,0,0,0,0,0,0
1784665037539,unknown,VM-79,Stage3-1-0,0,0,0,0,0,0,0,0
1784665037545,unknown,VM-77,Stage2-0-0,0,0,0,0,0,0,0,0
1784665037547,unknown,VM-78,Stage3-2-0,0,0,0,0,0,0,0,0
1784665037551,unknown,VM-75,Stage1-1-0,0,0,0,0,0,0,0,0
1784665037558,unknown,VM-73,Stage1-0-0,0,0,0,0,0,0,0,0
1784665037562,unknown,VM-76,Stage2-3-0,0,0,0,0,0,0,0,0
1784665038525,unknown,VM-74,Stage1-3-0,0,0,0,0,0,0,0,0
1784665038539,unknown,VM-79,Stage3-1-0,0,0,0,0,0,0,0,0
1784665038545,unknown,VM-77,Stage2-0-0,0,0,0,0,0,0,0,0
1784665038547,unknown,VM-78,Stage3-2-0,0,0,0,0,0,0,0,0
1784665038551,unknown,VM-75,Stage1-1-0,0,0,0,0,0,0,0,0
1784665038558,unknown,VM-73,Stage1-0-0,0,0,0,0,0,0,0,0
1784665038562,unknown,VM-76,Stage2-3-0,0,0,0,0,0,0,0,0
1784665039525,unknown,VM-74,Stage1-3-0,0,0,0,0,0,0,0,0
1784665039539,unknown,VM-79,Stage3-1-0,0,0,0,0,0,0,0,0
1784665039545,unknown,VM-77,Stage2-0-0,0,0,0,0,0,0,0,0
1784665039547,unknown,VM-78,Stage3-2-0,0,0,0,0,0,0,0,0
1784665039551,unknown,VM-75,Stage1-1-0,0,0,0,0,0,0,0,0
1784665039558,unknown,VM-73,Stage1-0-0,0,0,0,0,0,0,0,0
1784665039562,unknown,VM-76,Stage2-3-0,0,0,0,0,0,0,0,0
1784665040525,unknown,VM-74,Stage1-3-0,0,0,0,0,0,0,0,0
1784665040539,unknown,VM-79,Stage3-1-0,0,0,0,0,0,0,0,0
1784665040545,unknown,VM-77,Stage2-0-0,0,0,0,0,0,0,0,0
1784665040547,unknown,VM-78,Stage3-2-0,0,0,0,0,0,0,0,0
1784665040551,unknown,VM-75,Stage1-1-0,0,0,0,0,0,0,0,0
1784665040558,unknown,VM-73,Stage1-0-0,0,0,0,0,0,0,0,0
1784665040562,unknown,VM-76,Stage2-3-0,0,0,0,0,0,0,0,0
1784665041525,unknown,VM-74,Stage1-3-0,0,0,0,0,0,0,0,0
1784665041539,unknown,VM-79,Stage3-1-0,0,0,0,0,0,0,0,0
1784665041545,unknown,VM-77,Stage2-0-0,0,0,0,0,0,0,0,0
1784665041547,unknown,VM-78,Stage3-2-0,0,0,0,0,0,0,0,0
1784665041550,unknown,VM-75,Stage1-1-0,0,0,0,0,0,0,0,0
1784665041558,unknown,VM-73,Stage1-0-0,0,0,0,0,0,0,0,0
1784665041562,unknown,VM-76,Stage2-3-0,0,0,0,0,0,0,0,0
1784665042525,unknown,VM-74,Stage1-3-0,0,0,0,0,0,0,0,0
1784665042539,unknown,VM-79,Stage3-1-0,0,0,0,0,0,0,0,0
1784665042545,unknown,VM-77,Stage2-0-0,0,0,0,0,0,0,0,0
1784665042547,unknown,VM-78,Stage3-2-0,0,0,0,0,0,0,0,0
1784665042551,unknown,VM-75,Stage1-1-0,0,0,0,0,0,0,0,0
1784665042558,unknown,VM-73,Stage1-0-0,0,0,0,0,0,0,0,0
1784665042562,unknown,VM-76,Stage2-3-0,0,0,0,0,0,0,0,0
1784665043525,unknown,VM-74,Stage1-3-0,0,0,0,0,0,0,0,0
1784665043539,unknown,VM-79,Stage3-1-0,0,0,0,0,0,0,0,0
1784665043545,unknown,VM-77,Stage2-0-0,0,0,0,0,0,0,0,0
1784665043547,unknown,VM-78,Stage3-2-0,0,0,0,0,0,0,0,0
1784665043551,unknown,VM-75,Stage1-1-0,0,0,0,0,0,0,0,0
1784665043558,unknown,VM-73,Stage1-0-0,0,0,0,0,0,0,0,0
1784665043562,unknown,VM-76,Stage2-3-0,0,0,0,0,0,0,0,0
1784665044525,unknown,VM-74,Stage1-3-0,0,0,0,0,0,0,0,0
1784665044539,unknown,VM-79,Stage3-1-0,0,0,0,0,0,0,0,0
1784665044545,unknown,VM-77,Stage2-0-0,0,0,0,0,0,0,0,0
1784665044547,unknown,VM-78,Stage3-2-0,0,0,0,0,0,0,0,0
1784665044551,unknown,VM-75,Stage1-1-0,0,0,0,0,0,0,0,0
1784665044558,unknown,VM-73,Stage1-0-0,0,0,0,0,0,0,0,0
1784665044562,unknown,VM-76,Stage2-3-0,0,0,0,0,0,0,0,0
1784665045525,unknown,VM-74,Stage1-3-0,0,0,0,0,0,0,0,0
1784665045539,unknown,VM-79,Stage3-1-0,0,0,0,0,0,0,0,0
1784665045545,unknown,VM-77,Stage2-0-0,0,0,0,0,0,0,0,0
1784665045547,unknown,VM-78,Stage3-2-0,0,0,0,0,0,0,0,0
1784665045551,unknown,VM-75,Stage1-1-0,0,0,0,0,0,0,0,0
1784665045558,unknown,VM-73,Stage1-0-0,0,0,0,0,0,0,0,0
1784665045562,unknown,VM-76,Stage2-3-0,0,0,0,0,0,0,0,0
1784665046525,unknown,VM-74,Stage1-3-0,0,0,0,0,0,0,0,0
1784665046539,unknown,VM-79,Stage3-1-0,0,0,0,0,0,0,0,0
1784665046545,unknown,VM-77,Stage2-0-0,0,0,0,0,0,0,0,0
1784665046547,unknown,VM-78,Stage3-2-0,0,0,0,0,0,0,0,0
1784665046551,unknown,VM-75,Stage1-1-0,0,0,0,0,0,0,0,0
1784665046558,unknown,VM-73,Stage1-0-0,0,0,0,0,0,0,0,0
1784665046562,unknown,VM-76,Stage2-3-0,0,0,0,0,0,0,0,0
1784665047525,unknown,VM-74,Stage1-3-0,0,0,0,0,0,0,0,0
1784665047539,unknown,VM-79,Stage3-1-0,0,0,0,0,0,0,0,0
1784665047545,unknown,VM-77,Stage2-0-0,0,0,0,0,0,0,0,0
1784665047547,unknown,VM-78,Stage3-2-0,0,0,0,0,0,0,0,0
1784665047551,unknown,VM-75,Stage1-1-0,0,0,0,0,0,0,0,0
1784665047558,unknown,VM-73,Stage1-0-0,0,0,0,0,0,0,0,0
1784665047562,unknown,VM-76,Stage2-3-0,0,0,0,0,0,0,0,0
1784665048525,unknown,VM-74,Stage1-3-0,0,0,0,0,0,0,0,0
1784665048539,unknown,VM-79,Stage3-1-0,0,0,0,0,0,0,0,0
1784665048545,unknown,VM-77,Stage2-0-0,0,0,0,0,0,0,0,0
1784665048547,unknown,VM-78,Stage3-2-0,0,0,0,0,0,0,0,0
1784665048551,unknown,VM-75,Stage1-1-0,0,0,0,0,0,0,0,0
1784665048558,unknown,VM-73,Stage1-0-0,0,0,0,0,0,0,0,0
1784665048562,unknown,VM-76,Stage2-3-0,0,0,0,0,0,0,0,0
1784665049525,unknown,VM-74,Stage1-3-0,0,0,0,0,0,0,0,0
1784665049539,unknown,VM-79,Stage3-1-0,0,0,0,0,0,0,0,0
1784665049545,unknown,VM-77,Stage2-0-0,0,0,0,0,0,0,0,0
1784665049547,unknown,VM-78,Stage3-2-0,0,0,0,0,0,0,0,0
1784665049551,unknown,VM-75,Stage1-1-0,0,0,0,0,0,0,0,0
1784665049558,unknown,VM-73,Stage1-0-0,0,0,0,0,0,0,0,0
1784665049562,unknown,VM-76,Stage2-3-0,0,0,0,0,0,0,0,0
1784665050525,unknown,VM-74,Stage1-3-0,0,0,0,0,0,0,0,0
1784665050539,unknown,VM-79,Stage3-1-0,0,0,0,0,0,0,0,0
1784665050545,unknown,VM-77,Stage2-0-0,0,0,0,0,0,0,0,0
1784665050547,unknown,VM-78,Stage3-2-0,0,0,0,0,0,0,0,0
1784665050551,unknown,VM-75,Stage1-1-0,0,0,0,0,0,0,0,0
1784665050558,unknown,VM-73,Stage1-0-0,0,0,0,0,0,0,0,0
1784665050562,unknown,VM-76,Stage2-3-0,0,0,0,0,0,0,0,0
1784665051525,unknown,VM-74,Stage1-3-0,0,0,0,0,0,0,0,0
1784665051539,unknown,VM-79,Stage3-1-0,0,0,0,0,0,0,0,0
1784665051545,unknown,VM-77,Stage2-0-0,0,0,0,0,0,0,0,0
1784665051547,unknown,VM-78,Stage3-2-0,0,0,0,0,0,0,0,0
1784665051551,unknown,VM-75,Stage1-1-0,0,0,0,0,0,0,0,0
1784665051558,unknown,VM-73,Stage1-0-0,0,0,0,0,0,0,0,0
1784665051562,unknown,VM-76,Stage2-3-0,0,0,0,0,0,0,0,0
1784665052525,unknown,VM-74,Stage1-3-0,0,0,0,0,0,0,0,0
1784665052539,unknown,VM-79,Stage3-1-0,0,0,0,0,0,0,0,0
1784665052545,unknown,VM-77,Stage2-0-0,0,0,0,0,0,0,0,0
1784665052547,unknown,VM-78,Stage3-2-0,0,0,0,0,0,0,0,0
1784665052551,unknown,VM-75,Stage1-1-0,0,0,0,0,0,0,0,0
1784665052558,unknown,VM-73,Stage1-0-0,0,0,0,0,0,0,0,0
1784665052562,unknown,VM-76,Stage2-3-0,0,0,0,0,0,0,0,0
1784665053525,unknown,VM-74,Stage1-3-0,0,0,0,0,0,0,0,0
1784665053539,unknown,VM-79,Stage3-1-0,0,0,0,0,0,0,0,0
1784665053545,unknown,VM-77,Stage2-0-0,0,0,0,0,0,0,0,0
1784665053547,unknown,VM-78,Stage3-2-0,0,0,0,0,0,0,0,0
1784665053551,unknown,VM-75,Stage1-1-0,0,0,0,0,0,0,0,0
1784665053558,unknown,VM-73,Stage1-0-0,0,0,0,0,0,0,0,0
1784665053562,unknown,VM-76,Stage2-3-0,0,0,0,0,0,0,0,0
1784665054525,unknown,VM-74,Stage1-3-0,0,0,0,0,0,0,0,0
1784665054539,unknown,VM-79,Stage3-1-0,0,0,0,0,0,0,0,0
1784665054545,unknown,VM-77,Stage2-0-0,0,0,0,0,0,0,0,0
1784665054547,unknown,VM-78,Stage3-2-0,0,0,0,0,0,0,0,0
1784665054551,unknown,VM-75,Stage1-1-0,0,0,0,0,0,0,0,0
1784665054558,unknown,VM-73,Stage1-0-0,0,0,0,0,0,0,0,0
1784665054562,unknown,VM-76,Stage2-3-0,0,0,0,0,0,0,0,0
1784665055525,unknown,VM-74,Stage1-3-0,0,0,0,0,0,0,0,0
1784665055539,unknown,VM-79,Stage3-1-0,0,0,0,0,0,0,0,0
1784665055545,unknown,VM-77,Stage2-0-0,0,0,0,0,0,0,0,0
1784665055547,unknown,VM-78,Stage3-2-0,0,0,0,0,0,0,0,0
1784665055551,unknown,VM-75,Stage1-1-0,0,0,0,0,0,0,0,0
1784665055558,unknown,VM-73,Stage1-0-0,0,0,0,0,0,0,0,0
1784665055562,unknown,VM-76,Stage2-3-0,0,0,0,0,0,0,0,0
1784665056525,unknown,VM-74,Stage1-3-0,0,0,0,0,0,0,0,0
1784665056539,unknown,VM-79,Stage3-1-0,0,0,0,0,0,0,0,0
1784665056545,unknown,VM-77,Stage2-0-0,0,0,0,0,0,0,0,0
1784665056547,unknown,VM-78,Stage3-2-0,0,0,0,0,0,0,0,0
1784665056551,unknown,VM-75,Stage1-1-0,0,0,0,0,0,0,0,0
1784665056558,unknown,VM-73,Stage1-0-0,0,0,0,0,0,0,0,0
1784665056562,unknown,VM-76,Stage2-3-0,0,0,0,0,0,0,0,0
1784665057525,unknown,VM-74,Stage1-3-0,0,0,0,0,0,0,0,0
1784665057539,unknown,VM-79,Stage3-1-0,0,0,0,0,0,0,0,0
1784665057545,unknown,VM-77,Stage2-0-0,0,0,0,0,0,0,0,0
1784665057547,unknown,VM-78,Stage3-2-0,0,0,0,0,0,0,0,0
1784665057551,unknown,VM-75,Stage1-1-0,0,0,0,0,0,0,0,0
1784665057558,unknown,VM-73,Stage1-0-0,0,0,0,0,0,0,0,0
1784665057562,unknown,VM-76,Stage2-3-0,0,0,0,0,0,0,0,0
1784665058525,unknown,VM-74,Stage1-3-0,0,0,0,0,0,0,0,0
1784665058539,unknown,VM-79,Stage3-1-0,0,0,0,0,0,0,0,0
1784665058545,unknown,VM-77,Stage2-0-0,0,0,0,0,0,0,0,0
1784665058547,unknown,VM-78,Stage3-2-0,0,0,0,0,0,0,0,0
1784665058551,unknown,VM-75,Stage1-1-0,0,0,0,0,0,0,0,0
1784665058558,unknown,VM-73,Stage1-0-0,0,0,0,0,0,0,0,0
1784665058562,unknown,VM-76,Stage2-3-0,0,0,0,0,0,0,0,0
1784665059525,unknown,VM-74,Stage1-3-0,0,0,0,0,0,0,0,0
1784665059539,unknown,VM-79,Stage3-1-0,0,0,0,0,0,0,0,0
1784665059545,unknown,VM-77,Stage2-0-0,0,0,0,0,0,0,0,0
1784665059547,unknown,VM-78,Stage3-2-0,0,0,0,0,0,0,0,0
1784665059551,unknown,VM-75,Stage1-1-0,0,0,0,0,0,0,0,0
1784665059558,unknown,VM-73,Stage1-0-0,0,0,0,0,0,0,0,0
1784665059562,unknown,VM-76,Stage2-3-0,0,0,0,0,0,0,0,0
1784665060525,unknown,VM-74,Stage1-3-0,0,0,0,0,0,0,0,0
1784665060539,unknown,VM-79,Stage3-1-0,0,0,0,0,0,0,0,0
1784665060545,unknown,VM-77,Stage2-0-0,0,0,0,0,0,0,0,0
1784665060547,unknown,VM-78,Stage3-2-0,0,0,0,0,0,0,0,0
1784665060551,unknown,VM-75,Stage1-1-0,0,0,0,0,0,0,0,0
1784665060558,unknown,VM-73,Stage1-0-0,0,0,0,0,0,0,0,0
1784665060562,unknown,VM-76,Stage2-3-0,0,0,0,0,0,0,0,0
1784665061525,unknown,VM-74,Stage1-3-0,0,0,0,0,0,0,0,0
1784665061539,unknown,VM-79,Stage3-1-0,0,0,0,0,0,0,0,0
1784665061545,unknown,VM-77,Stage2-0-0,0,0,0,0,0,0,0,0
1784665061547,unknown,VM-78,Stage3-2-0,0,0,0,0,0,0,0,0
1784665061551,unknown,VM-75,Stage1-1-0,0,0,0,0,0,0,0,0
1784665061558,unknown,VM-73,Stage1-0-0,0,0,0,0,0,0,0,0
1784665061562,unknown,VM-76,Stage2-3-0,0,0,0,0,0,0,0,0
1784665062525,unknown,VM-74,Stage1-3-0,0,0,0,0,0,0,0,0
1784665062539,unknown,VM-79,Stage3-1-0,0,0,0,0,0,0,0,0
1784665062545,unknown,VM-77,Stage2-0-0,0,0,0,0,0,0,0,0
1784665062547,unknown,VM-78,Stage3-2-0,0,0,0,0,0,0,0,0
1784665062551,unknown,VM-75,Stage1-1-0,0,0,0,0,0,0,0,0
1784665062558,unknown,VM-73,Stage1-0-0,0,0,0,0,0,0,0,0
1784665062562,unknown,VM-76,Stage2-3-0,0,0,0,0,0,0,0,0
1784665063525,unknown,VM-74,Stage1-3-0,0,0,0,0,0,0,0,0
1784665063539,unknown,VM-79,Stage3-1-0,0,0,0,0,0,0,0,0
1784665063545,unknown,VM-77,Stage2-0-0,0,0,0,0,0,0,0,0
1784665063547,unknown,VM-78,Stage3-2-0,0,0,0,0,0,0,0,0
1784665063551,unknown,VM-75,Stage1-1-0,0,0,0,0,0,0,0,0
1784665063558,unknown,VM-73,Stage1-0-0,0,0,0,0,0,0,0,0
1784665063562,unknown,VM-76,Stage2-3-0,0,0,0,0,0,0,0,0
1784665064525,unknown,VM-74,Stage1-3-0,0,0,0,0,0,0,0,0
1784665064539,unknown,VM-79,Stage3-1-0,0,0,0,0,0,0,0,0
1784665064545,unknown,VM-77,Stage2-0-0,0,0,0,0,0,0,0,0
1784665064547,unknown,VM-78,Stage3-2-0,0,0,0,0,0,0,0,0
1784665064551,unknown,VM-75,Stage1-1-0,0,0,0,0,0,0,0,0
1784665064558,unknown,VM-73,Stage1-0-0,0,0,0,0,0,0,0,0
1784665064562,unknown,VM-76,Stage2-3-0,0,0,0,0,0,0,0,0
1784665065525,unknown,VM-74,Stage1-3-0,0,0,0,0,0,0,0,0
1784665065539,unknown,VM-79,Stage3-1-0,0,0,0,0,0,0,0,0
1784665065545,unknown,VM-77,Stage2-0-0,0,0,0,0,0,0,0,0
1784665065547,unknown,VM-78,Stage3-2-0,0,0,0,0,0,0,0,0
1784665065550,unknown,VM-75,Stage1-1-0,0,0,0,0,0,0,0,0
1784665065558,unknown,VM-73,Stage1-0-0,0,0,0,0,0,0,0,0
1784665065562,unknown,VM-76,Stage2-3-0,0,0,0,0,0,0,0,0
1784665066525,unknown,VM-74,Stage1-3-0,0,0,0,0,0,0,0,0
1784665066539,unknown,VM-79,Stage3-1-0,0,0,0,0,0,0,0,0
1784665066545,unknown,VM-77,Stage2-0-0,0,0,0,0,0,0,0,0
1784665066547,unknown,VM-78,Stage3-2-0,0,0,0,0,0,0,0,0
1784665066551,unknown,VM-75,Stage1-1-0,0,0,0,0,0,0,0,0
1784665066558,unknown,VM-73,Stage1-0-0,0,0,0,0,0,0,0,0
1784665066562,unknown,VM-76,Stage2-3-0,0,0,0,0,0,0,0,0
1784665067525,unknown,VM-74,Stage1-3-0,0,0,0,0,0,0,0,0
1784665067539,unknown,VM-79,Stage3-1-0,0,0,0,0,0,0,0,0
1784665067545,unknown,VM-77,Stage2-0-0,0,0,0,0,0,0,0,0
1784665067547,unknown,VM-78,Stage3-2-0,0,0,0,0,0,0,0,0
1784665067551,unknown,VM-75,Stage1-1-0,0,0,0,0,0,0,0,0
1784665067558,unknown,VM-73,Stage1-0-0,0,0,0,0,0,0,0,0
1784665067562,unknown,VM-76,Stage2-3-0,0,0,0,0,0,0,0,0
1784665068525,unknown,VM-74,Stage1-3-0,0,0,0,0,0,0,0,0
1784665068539,unknown,VM-79,Stage3-1-0,0,0,0,0,0,0,0,0
1784665068545,unknown,VM-77,Stage2-0-0,0,0,0,0,0,0,0,0
1784665068547,unknown,VM-78,Stage3-2-0,0,0,0,0,0,0,0,0
1784665068551,unknown,VM-75,Stage1-1-0,0,0,0,0,0,0,0,0
1784665068558,unknown,VM-73,Stage1-0-0,0,0,0,0,0,0,0,0
1784665068562,unknown,VM-76,Stage2-3-0,0,0,0,0,0,0,0,0
1784665069525,unknown,VM-74,Stage1-3-0,0,0,0,0,0,0,0,0
1784665069539,unknown,VM-79,Stage3-1-0,0,0,0,0,0,0,0,0
1784665069545,unknown,VM-77,Stage2-0-0,0,0,0,0,0,0,0,0
1784665069547,unknown,VM-78,Stage3-2-0,0,0,0,0,0,0,0,0
1784665069551,unknown,VM-75,Stage1-1-0,0,0,0,0,0,0,0,0
1784665069558,unknown,VM-73,Stage1-0-0,0,0,0,0,0,0,0,0
1784665069562,unknown,VM-76,Stage2-3-0,0,0,0,0,0,0,0,0
1784665070525,unknown,VM-74,Stage1-3-0,0,0,0,0,0,0,0,0
1784665070539,unknown,VM-79,Stage3-1-0,0,0,0,0,0,0,0,0
1784665070545,unknown,VM-77,Stage2-0-0,0,0,0,0,0,0,0,0
1784665070547,unknown,VM-78,Stage3-2-0,0,0,0,0,0,0,0,0
1784665070551,unknown,VM-75,Stage1-1-0,0,0,0,0,0,0,0,0
1784665070558,unknown,VM-73,Stage1-0-0,0,0,0,0,0,0,0,0
1784665070562,unknown,VM-76,Stage2-3-0,0,0,0,0,0,0,0,0
1784665071525,unknown,VM-74,Stage1-3-0,0,0,0,0,0,0,0,0
1784665071539,unknown,VM-79,Stage3-1-0,0,0,0,0,0,0,0,0
1784665071545,unknown,VM-77,Stage2-0-0,0,0,0,0,0,0,0,0
1784665071547,unknown,VM-78,Stage3-2-0,0,0,0,0,0,0,0,0
1784665071551,unknown,VM-75,Stage1-1-0,0,0,0,0,0,0,0,0
1784665071558,unknown,VM-73,Stage1-0-0,0,0,0,0,0,0,0,0
1784665071562,unknown,VM-76,Stage2-3-0,0,0,0,0,0,0,0,0
1784665072525,unknown,VM-74,Stage1-3-0,0,0,0,0,0,0,0,0
1784665072539,unknown,VM-79,Stage3-1-0,0,0,0,0,0,0,0,0
1784665072545,unknown,VM-77,Stage2-0-0,0,0,0,0,0,0,0,0
1784665072547,unknown,VM-78,Stage3-2-0,0,0,0,0,0,0,0,0
1784665072551,unknown,VM-75,Stage1-1-0,0,0,0,0,0,0,0,0
1784665072558,unknown,VM-73,Stage1-0-0,0,0,0,0,0,0,0,0
1784665072562,unknown,VM-76,Stage2-3-0,0,0,0,0,0,0,0,0
1784665073525,unknown,VM-74,Stage1-3-0,0,0,0,0,0,0,0,0
1784665073539,unknown,VM-79,Stage3-1-0,0,0,0,0,0,0,0,0
1784665073545,unknown,VM-77,Stage2-0-0,0,0,0,0,0,0,0,0
1784665073547,unknown,VM-78,Stage3-2-0,0,0,0,0,0,0,0,0
1784665073551,unknown,VM-75,Stage1-1-0,0,0,0,0,0,0,0,0
1784665073558,unknown,VM-73,Stage1-0-0,0,0,0,0,0,0,0,0
1784665073562,unknown,VM-76,Stage2-3-0,0,0,0,0,0,0,0,0
1784665074525,unknown,VM-74,Stage1-3-0,0,0,0,0,0,0,0,0
1784665074539,unknown,VM-79,Stage3-1-0,0,0,0,0,0,0,0,0
1784665074545,unknown,VM-77,Stage2-0-0,0,0,0,0,0,0,0,0
1784665074547,unknown,VM-78,Stage3-2-0,0,0,0,0,0,0,0,0
1784665074551,unknown,VM-75,Stage1-1-0,0,0,0,0,0,0,0,0
1784665074558,unknown,VM-73,Stage1-0-0,0,0,0,0,0,0,0,0
1784665074562,unknown,VM-76,Stage2-3-0,0,0,0,0,0,0,0,0
1784665075525,unknown,VM-74,Stage1-3-0,0,0,0,0,0,0,0,0
1784665075539,unknown,VM-79,Stage3-1-0,0,0,0,0,0,0,0,0
1784665075545,unknown,VM-77,Stage2-0-0,0,0,0,0,0,0,0,0
1784665075547,unknown,VM-78,Stage3-2-0,0,0,0,0,0,0,0,0
1784665075551,unknown,VM-75,Stage1-1-0,0,0,0,0,0,0,0,0
1784665075558,unknown,VM-73,Stage1-0-0,0,0,0,0,0,0,0,0
1784665075562,unknown,VM-76,Stage2-3-0,0,0,0,0,0,0,0,0
1784665076525,unknown,VM-74,Stage1-3-0,0,0,0,0,0,0,0,0
1784665076539,unknown,VM-79,Stage3-1-0,0,0,0,0,0,0,0,0
1784665076545,unknown,VM-77,Stage2-0-0,0,0,0,0,0,0,0,0
1784665076547,unknown,VM-78,Stage3-2-0,0,0,0,0,0,0,0,0
1784665076551,unknown,VM-75,Stage1-1-0,0,0,0,0,0,0,0,0
1784665076558,unknown,VM-73,Stage1-0-0,0,0,0,0,0,0,0,0
1784665076562,unknown,VM-76,Stage2-3-0,0,0,0,0,0,0,0,0
1784665077525,unknown,VM-74,Stage1-3-0,0,0,0,0,0,0,0,0
1784665077539,unknown,VM-79,Stage3-1-0,0,0,0,0,0,0,0,0
1784665077545,unknown,VM-77,Stage2-0-0,0,0,0,0,0,0,0,0
1784665077547,unknown,VM-78,Stage3-2-0,0,0,0,0,0,0,0,0
1784665077551,unknown,VM-75,Stage1-1-0,0,0,0,0,0,0,0,0
1784665077558,unknown,VM-73,Stage1-0-0,0,0,0,0,0,0,0,0
1784665077562,unknown,VM-76,Stage2-3-0,0,0,0,0,0,0,0,0
1784665078525,unknown,VM-74,Stage1-3-0,0,0,0,0,0,0,0,0
1784665078539,unknown,VM-79,Stage3-1-0,0,0,0,0,0,0,0,0
1784665078545,unknown,VM-77,Stage2-0-0,0,0,0,0,0,0,0,0
1784665078547,unknown,VM-78,Stage3-2-0,0,0,0,0,0,0,0,0
1784665078551,unknown,VM-75,Stage1-1-0,0,0,0,0,0,0,0,0
1784665078558,unknown,VM-73,Stage1-0-0,0,0,0,0,0,0,0,0
1784665078562,unknown,VM-76,Stage2-3-0,0,0,0,0,0,0,0,0
1784665079525,unknown,VM-74,Stage1-3-0,0,0,0,0,0,0,0,0
1784665079539,unknown,VM-79,Stage3-1-0,0,0,0,0,0,0,0,0
1784665079545,unknown,VM-77,Stage2-0-0,0,0,0,0,0,0,0,0
1784665079547,unknown,VM-78,Stage3-2-0,0,0,0,0,0,0,0,0
1784665079551,unknown,VM-75,Stage1-1-0,0,0,0,0,0,0,0,0
1784665079558,unknown,VM-73,Stage1-0-0,0,0,0,0,0,0,0,0
1784665079562,unknown,VM-76,Stage2-3-0,0,0,0,0,0,0,0,0
1784665080525,unknown,VM-74,Stage1-3-0,0,0,0,0,0,0,0,0
1784665080539,unknown,VM-79,Stage3-1-0,0,0,0,0,0,0,0,0
1784665080545,unknown,VM-77,Stage2-0-0,0,0,0,0,0,0,0,0
1784665080547,unknown,VM-78,Stage3-2-0,0,0,0,0,0,0,0,0
1784665080551,unknown,VM-75,Stage1-1-0,0,0,0,0,0,0,0,0
1784665080558,unknown,VM-73,Stage1-0-0,0,0,0,0,0,0,0,0
1784665080562,unknown,VM-76,Stage2-3-0,0,0,0,0,0,0,0,0
1784665081525,unknown,VM-74,Stage1-3-0,0,0,0,0,0,0,0,0
1784665081539,unknown,VM-79,Stage3-1-0,0,0,0,0,0,0,0,0
1784665081545,unknown,VM-77,Stage2-0-0,0,0,0,0,0,0,0,0
1784665081547,unknown,VM-78,Stage3-2-0,0,0,0,0,0,0,0,0
1784665081551,unknown,VM-75,Stage1-1-0,0,0,0,0,0,0,0,0
1784665081558,unknown,VM-73,Stage1-0-0,0,0,0,0,0,0,0,0
1784665081562,unknown,VM-76,Stage2-3-0,0,0,0,0,0,0,0,0
1784665082525,unknown,VM-74,Stage1-3-0,0,0,0,0,0,0,0,0
1784665082539,unknown,VM-79,Stage3-1-0,0,0,0,0,0,0,0,0
1784665082545,unknown,VM-77,Stage2-0-0,0,0,0,0,0,0,0,0
1784665082547,unknown,VM-78,Stage3-2-0,0,0,0,0,0,0,0,0
1784665082551,unknown,VM-75,Stage1-1-0,0,0,0,0,0,0,0,0
1784665082558,unknown,VM-73,Stage1-0-0,0,0,0,0,0,0,0,0
1784665082562,unknown,VM-76,Stage2-3-0,0,0,0,0,0,0,0,0
1784665083525,unknown,VM-74,Stage1-3-0,0,0,0,0,0,0,0,0
1784665083539,unknown,VM-79,Stage3-1-0,0,0,0,0,0,0,0,0
1784665083545,unknown,VM-77,Stage2-0-0,0,0,0,0,0,0,0,0
1784665083547,unknown,VM-78,Stage3-2-0,0,0,0,0,0,0,0,0
1784665083551,unknown,VM-75,Stage1-1-0,0,0,0,0,0,0,0,0
1784665083558,unknown,VM-73,Stage1-0-0,0,0,0,0,0,0,0,0
1784665083562,unknown,VM-76,Stage2-3-0,0,0,0,0,0,0,0,0
1784665084525,unknown,VM-74,Stage1-3-0,0,0,0,0,0,0,0,0
1784665084539,unknown,VM-79,Stage3-1-0,0,0,0,0,0,0,0,0
1784665084545,unknown,VM-77,Stage2-0-0,0,0,0,0,0,0,0,0
1784665084547,unknown,VM-78,Stage3-2-0,0,0,0,0,0,0,0,0
1784665084551,unknown,VM-75,Stage1-1-0,0,0,0,0,0,0,0,0
1784665084558,unknown,VM-73,Stage1-0-0,0,0,0,0,0,0,0,0
1784665084562,unknown,VM-76,Stage2-3-0,0,0,0,0,0,0,0,0
1784665085525,unknown,VM-74,Stage1-3-0,0,0,0,0,0,0,0,0
1784665085539,unknown,VM-79,Stage3-1-0,0,0,0,0,0,0,0,0
1784665085545,unknown,VM-77,Stage2-0-0,0,0,0,0,0,0,0,0
1784665085547,unknown,VM-78,Stage3-2-0,0,0,0,0,0,0,0,0
1784665085551,unknown,VM-75,Stage1-1-0,0,0,0,0,0,0,0,0
1784665085558,unknown,VM-73,Stage1-0-0,0,0,0,0,0,0,0,0
1784665085562,unknown,VM-76,Stage2-3-0,0,0,0,0,0,0,0,0
1784665086525,unknown,VM-74,Stage1-3-0,0,0,0,0,0,0,0,0
1784665086539,unknown,VM-79,Stage3-1-0,0,0,0,0,0,0,0,0
1784665086545,unknown,VM-77,Stage2-0-0,0,0,0,0,0,0,0,0
1784665086547,unknown,VM-78,Stage3-2-0,0,0,0,0,0,0,0,0
1784665086551,unknown,VM-75,Stage1-1-0,0,0,0,0,0,0,0,0
1784665086558,unknown,VM-73,Stage1-0-0,0,0,0,0,0,0,0,0
1784665086562,unknown,VM-76,Stage2-3-0,0,0,0,0,0,0,0,0
1784665087525,unknown,VM-74,Stage1-3-0,0,0,0,0,0,0,0,0
1784665087539,unknown,VM-79,Stage3-1-0,0,0,0,0,0,0,0,0
1784665087545,unknown,VM-77,Stage2-0-0,0,0,0,0,0,0,0,0
1784665087547,unknown,VM-78,Stage3-2-0,0,0,0,0,0,0,0,0
1784665087551,unknown,VM-75,Stage1-1-0,0,0,0,0,0,0,0,0
1784665087558,unknown,VM-73,Stage1-0-0,0,0,0,0,0,0,0,0
1784665087562,unknown,VM-76,Stage2-3-0,0,0,0,0,0,0,0,0
1784665088525,unknown,VM-74,Stage1-3-0,0,0,0,0,0,0,0,0
1784665088539,unknown,VM-79,Stage3-1-0,0,0,0,0,0,0,0,0
1784665088545,unknown,VM-77,Stage2-0-0,0,0,0,0,0,0,0,0
1784665088547,unknown,VM-78,Stage3-2-0,0,0,0,0,0,0,0,0
1784665088551,unknown,VM-75,Stage1-1-0,0,0,0,0,0,0,0,0
1784665088558,unknown,VM-73,Stage1-0-0,0,0,0,0,0,0,0,0
1784665088562,unknown,VM-76,Stage2-3-0,0,0,0,0,0,0,0,0
1784665089525,unknown,VM-74,Stage1-3-0,0,0,0,0,0,0,0,0
1784665089539,unknown,VM-79,Stage3-1-0,0,0,0,0,0,0,0,0
1784665089545,unknown,VM-77,Stage2-0-0,0,0,0,0,0,0,0,0
1784665089547,unknown,VM-78,Stage3-2-0,0,0,0,0,0,0,0,0
1784665089551,unknown,VM-75,Stage1-1-0,0,0,0,0,0,0,0,0
1784665089558,unknown,VM-73,Stage1-0-0,0,0,0,0,0,0,0,0
1784665089562,unknown,VM-76,Stage2-3-0,0,0,0,0,0,0,0,0
1784665090525,unknown,VM-74,Stage1-3-0,0,0,0,0,0,0,0,0
1784665090539,unknown,VM-79,Stage3-1-0,0,0,0,0,0,0,0,0
1784665090545,unknown,VM-77,Stage2-0-0,0,0,0,0,0,0,0,0
1784665090547,unknown,VM-78,Stage3-2-0,0,0,0,0,0,0,0,0
1784665090551,unknown,VM-75,Stage1-1-0,0,0,0,0,0,0,0,0
1784665090558,unknown,VM-73,Stage1-0-0,0,0,0,0,0,0,0,0
1784665090562,unknown,VM-76,Stage2-3-0,0,0,0,0,0,0,0,0
1784665091525,unknown,VM-74,Stage1-3-0,0,0,0,0,0,0,0,0
1784665091539,unknown,VM-79,Stage3-1-0,0,0,0,0,0,0,0,0
1784665091545,unknown,VM-77,Stage2-0-0,0,0,0,0,0,0,0,0
1784665091547,unknown,VM-78,Stage3-2-0,0,0,0,0,0,0,0,0
1784665091551,unknown,VM-75,Stage1-1-0,0,0,0,0,0,0,0,0
1784665091558,unknown,VM-73,Stage1-0-0,0,0,0,0,0,0,0,0
1784665091562,unknown,VM-76,Stage2-3-0,0,0,0,0,0,0,0,0
1784665092525,unknown,VM-74,Stage1-3-0,0,0,0,0,0,0,0,0
1784665092539,unknown,VM-79,Stage3-1-0,0,0,0,0,0,0,0,0
1784665092545,unknown,VM-77,Stage2-0-0,0,0,0,0,0,0,0,0
1784665092547,unknown,VM-78,Stage3-2-0,0,0,0,0,0,0,0,0
1784665092551,unknown,VM-75,Stage1-1-0,0,0,0,0,0,0,0,0
1784665092558,unknown,VM-73,Stage1-0-0,0,0,0,0,0,0,0,0
1784665092562,unknown,VM-76,Stage2-3-0,0,0,0,0,0,0,0,0
1784665093525,unknown,VM-74,Stage1-3-0,0,0,0,0,0,0,0,0
1784665093539,unknown,VM-79,Stage3-1-0,0,0,0,0,0,0,0,0
1784665093545,unknown,VM-77,Stage2-0-0,0,0,0,0,0,0,0,0
1784665093547,unknown,VM-78,Stage3-2-0,0,0,0,0,0,0,0,0
1784665093551,unknown,VM-75,Stage1-1-0,0,0,0,0,0,0,0,0
1784665093558,unknown,VM-73,Stage1-0-0,0,0,0,0,0,0,0,0
1784665093562,unknown,VM-76,Stage2-3-0,0,0,0,0,0,0,0,0
1784665094525,unknown,VM-74,Stage1-3-0,0,0,0,0,0,0,0,0
1784665094539,unknown,VM-79,Stage3-1-0,0,0,0,0,0,0,0,0
1784665094545,unknown,VM-77,Stage2-0-0,0,0,0,0,0,0,0,0
1784665094547,unknown,VM-78,Stage3-2-0,0,0,0,0,0,0,0,0
1784665094551,unknown,VM-75,Stage1-1-0,0,0,0,0,0,0,0,0
1784665094558,unknown,VM-73,Stage1-0-0,0,0,0,0,0,0,0,0
1784665094562,unknown,VM-76,Stage2-3-0,0,0,0,0,0,0,0,0
1784665095525,unknown,VM-74,Stage1-3-0,0,0,0,0,0,0,0,0
1784665095539,unknown,VM-79,Stage3-1-0,0,0,0,0,0,0,0,0
1784665095545,unknown,VM-77,Stage2-0-0,0,0,0,0,0,0,0,0
1784665095547,unknown,VM-78,Stage3-2-0,0,0,0,0,0,0,0,0
1784665095551,unknown,VM-75,Stage1-1-0,0,0,0,0,0,0,0,0
1784665095558,unknown,VM-73,Stage1-0-0,0,0,0,0,0,0,0,0
1784665095562,unknown,VM-76,Stage2-3-0,0,0,0,0,0,0,0,0
1784665096525,unknown,VM-74,Stage1-3-0,0,0,0,0,0,0,0,0
1784665096539,unknown,VM-79,Stage3-1-0,0,0,0,0,0,0,0,0
1784665096545,unknown,VM-77,Stage2-0-0,0,0,0,0,0,0,0,0
1784665096547,unknown,VM-78,Stage3-2-0,0,0,0,0,0,0,0,0
1784665096550,unknown,VM-75,Stage1-1-0,0,0,0,0,0,0,0,0
1784665096558,unknown,VM-73,Stage1-0-0,0,0,0,0,0,0,0,0
1784665096562,unknown,VM-76,Stage2-3-0,0,0,0,0,0,0,0,0
1784665097525,unknown,VM-74,Stage1-3-0,0,0,0,0,0,0,0,0
1784665097539,unknown,VM-79,Stage3-1-0,0,0,0,0,0,0,0,0
1784665097545,unknown,VM-77,Stage2-0-0,0,0,0,0,0,0,0,0
1784665097547,unknown,VM-78,Stage3-2-0,0,0,0,0,0,0,0,0
1784665097550,unknown,VM-75,Stage1-1-0,0,0,0,0,0,0,0,0
1784665097558,unknown,VM-73,Stage1-0-0,0,0,0,0,0,0,0,0
1784665097562,unknown,VM-76,Stage2-3-0,0,0,0,0,0,0,0,0
1784665098525,unknown,VM-74,Stage1-3-0,0,0,0,0,0,0,0,0
1784665098539,unknown,VM-79,Stage3-1-0,0,0,0,0,0,0,0,0
1784665098545,unknown,VM-77,Stage2-0-0,0,0,0,0,0,0,0,0
1784665098547,unknown,VM-78,Stage3-2-0,0,0,0,0,0,0,0,0
1784665098550,unknown,VM-75,Stage1-1-0,0,0,0,0,0,0,0,0
1784665098558,unknown,VM-73,Stage1-0-0,0,0,0,0,0,0,0,0
1784665098562,unknown,VM-76,Stage2-3-0,0,0,0,0,0,0,0,0
1784665099525,unknown,VM-74,Stage1-3-0,0,0,0,0,0,0,0,0
1784665099539,unknown,VM-79,Stage3-1-0,0,0,0,0,0,0,0,0
1784665099544,unknown,VM-77,Stage2-0-0,0,0,0,0,0,0,0,0
1784665099547,unknown,VM-78,Stage3-2-0,0,0,0,0,0,0,0,0
1784665099551,unknown,VM-75,Stage1-1-0,0,0,0,0,0,0,0,0
1784665099558,unknown,VM-73,Stage1-0-0,0,0,0,0,0,0,0,0
1784665099562,unknown,VM-76,Stage2-3-0,0,0,0,0,0,0,0,0
1784665100525,unknown,VM-74,Stage1-3-0,0,0,0,0,0,0,0,0
1784665100539,unknown,VM-79,Stage3-1-0,0,0,0,0,0,0,0,0
1784665100544,unknown,VM-77,Stage2-0-0,0,0,0,0,0,0,0,0
1784665100547,unknown,VM-78,Stage3-2-0,0,0,0,0,0,0,0,0
1784665100550,unknown,VM-75,Stage1-1-0,0,0,0,0,0,0,0,0
1784665100558,unknown,VM-73,Stage1-0-0,0,0,0,0,0,0,0,0
1784665100562,unknown,VM-76,Stage2-3-0,0,0,0,0,0,0,0,0
1784665101525,unknown,VM-74,Stage1-3-0,0,0,0,0,0,0,0,0
1784665101539,unknown,VM-79,Stage3-1-0,0,0,0,0,0,0,0,0
1784665101545,unknown,VM-77,Stage2-0-0,0,0,0,0,0,0,0,0
1784665101547,unknown,VM-78,Stage3-2-0,0,0,0,0,0,0,0,0
1784665101551,unknown,VM-75,Stage1-1-0,0,0,0,0,0,0,0,0
1784665101558,unknown,VM-73,Stage1-0-0,0,0,0,0,0,0,0,0
1784665101562,unknown,VM-76,Stage2-3-0,0,0,0,0,0,0,0,0
1784665102525,unknown,VM-74,Stage1-3-0,0,0,0,0,0,0,0,0
1784665102539,unknown,VM-79,Stage3-1-0,0,0,0,0,0,0,0,0
1784665102545,unknown,VM-77,Stage2-0-0,0,0,0,0,0,0,0,0
1784665102547,unknown,VM-78,Stage3-2-0,0,0,0,0,0,0,0,0
1784665102550,unknown,VM-75,Stage1-1-0,0,0,0,0,0,0,0,0
1784665102558,unknown,VM-73,Stage1-0-0,0,0,0,0,0,0,0,0
1784665102562,unknown,VM-76,Stage2-3-0,0,0,0,0,0,0,0,0
1784665103525,unknown,VM-74,Stage1-3-0,0,0,0,0,0,0,0,0
1784665103539,unknown,VM-79,Stage3-1-0,0,0,0,0,0,0,0,0
1784665103545,unknown,VM-77,Stage2-0-0,0,0,0,0,0,0,0,0
1784665103547,unknown,VM-78,Stage3-2-0,0,0,0,0,0,0,0,0
1784665103550,unknown,VM-75,Stage1-1-0,0,0,0,0,0,0,0,0
1784665103558,unknown,VM-73,Stage1-0-0,0,0,0,0,0,0,0,0
1784665103562,unknown,VM-76,Stage2-3-0,0,0,0,0,0,0,0,0
1784665104525,unknown,VM-74,Stage1-3-0,0,0,0,0,0,0,0,0
1784665104539,unknown,VM-79,Stage3-1-0,0,0,0,0,0,0,0,0
1784665104545,unknown,VM-77,Stage2-0-0,0,0,0,0,0,0,0,0
1784665104547,unknown,VM-78,Stage3-2-0,0,0,0,0,0,0,0,0
1784665104550,unknown,VM-75,Stage1-1-0,0,0,0,0,0,0,0,0
1784665104558,unknown,VM-73,Stage1-0-0,0,0,0,0,0,0,0,0
1784665104562,unknown,VM-76,Stage2-3-0,0,0,0,0,0,0,0,0
1784665105525,unknown,VM-74,Stage1-3-0,0,0,0,0,0,0,0,0
1784665105539,unknown,VM-79,Stage3-1-0,0,0,0,0,0,0,0,0
1784665105545,unknown,VM-77,Stage2-0-0,0,0,0,0,0,0,0,0
1784665105547,unknown,VM-78,Stage3-2-0,0,0,0,0,0,0,0,0
1784665105550,unknown,VM-75,Stage1-1-0,0,0,0,0,0,0,0,0
1784665105558,unknown,VM-73,Stage1-0-0,0,0,0,0,0,0,0,0
1784665105562,unknown,VM-76,Stage2-3-0,0,0,0,0,0,0,0,0
1784665106525,unknown,VM-74,Stage1-3-0,0,0,0,0,0,0,0,0
1784665106539,unknown,VM-79,Stage3-1-0,0,0,0,0,0,0,0,0
1784665106545,unknown,VM-77,Stage2-0-0,0,0,0,0,0,0,0,0
1784665106547,unknown,VM-78,Stage3-2-0,0,0,0,0,0,0,0,0
1784665106550,unknown,VM-75,Stage1-1-0,0,0,0,0,0,0,0,0
1784665106558,unknown,VM-73,Stage1-0-0,0,0,0,0,0,0,0,0
1784665106562,unknown,VM-76,Stage2-3-0,0,0,0,0,0,0,0,0
1784665107525,unknown,VM-74,Stage1-3-0,0,0,0,0,0,0,0,0
1784665107539,unknown,VM-79,Stage3-1-0,0,0,0,0,0,0,0,0
1784665107544,unknown,VM-77,Stage2-0-0,0,0,0,0,0,0,0,0
1784665107547,unknown,VM-78,Stage3-2-0,0,0,0,0,0,0,0,0
1784665107551,unknown,VM-75,Stage1-1-0,0,0,0,0,0,0,0,0
1784665107558,unknown,VM-73,Stage1-0-0,0,0,0,0,0,0,0,0
1784665107562,unknown,VM-76,Stage2-3-0,0,0,0,0,0,0,0,0
1784665108525,unknown,VM-74,Stage1-3-0,0,0,0,0,0,0,0,0
1784665108539,unknown,VM-79,Stage3-1-0,0,0,0,0,0,0,0,0
1784665108544,unknown,VM-77,Stage2-0-0,0,0,0,0,0,0,0,0
1784665108547,unknown,VM-78,Stage3-2-0,0,0,0,0,0,0,0,0
1784665108551,unknown,VM-75,Stage1-1-0,0,0,0,0,0,0,0,0
1784665108558,unknown,VM-73,Stage1-0-0,0,0,0,0,0,0,0,0
1784665108562,unknown,VM-76,Stage2-3-0,0,0,0,0,0,0,0,0
1784665109525,unknown,VM-74,Stage1-3-0,0,0,0,0,0,0,0,0
1784665109539,unknown,VM-79,Stage3-1-0,0,0,0,0,0,0,0,0
1784665109544,unknown,VM-77,Stage2-0-0,0,0,0,0,0,0,0,0
1784665109547,unknown,VM-78,Stage3-2-0,0,0,0,0,0,0,0,0
1784665109551,unknown,VM-75,Stage1-1-0,0,0,0,0,0,0,0,0
1784665109558,unknown,VM-73,Stage1-0-0,0,0,0,0,0,0,0,0
1784665109562,unknown,VM-76,Stage2-3-0,0,0,0,0,0,0,0,0
1784665110525,unknown,VM-74,Stage1-3-0,0,0,0,0,0,0,0,0
1784665110539,unknown,VM-79,Stage3-1-0,0,0,0,0,0,0,0,0
1784665110544,unknown,VM-77,Stage2-0-0,0,0,0,0,0,0,0,0
1784665110547,unknown,VM-78,Stage3-2-0,0,0,0,0,0,0,0,0
1784665110550,unknown,VM-75,Stage1-1-0,0,0,0,0,0,0,0,0
1784665110558,unknown,VM-73,Stage1-0-0,0,0,0,0,0,0,0,0
1784665110562,unknown,VM-76,Stage2-3-0,0,0,0,0,0,0,0,0
1784665111525,unknown,VM-74,Stage1-3-0,0,0,0,0,0,0,0,0
1784665111539,unknown,VM-79,Stage3-1-0,0,0,0,0,0,0,0,0
1784665111545,unknown,VM-77,Stage2-0-0,0,0,0,0,0,0,0,0
1784665111547,unknown,VM-78,Stage3-2-0,0,0,0,0,0,0,0,0
1784665111551,unknown,VM-75,Stage1-1-0,0,0,0,0,0,0,0,0
1784665111558,unknown,VM-73,Stage1-0-0,0,0,0,0,0,0,0,0
1784665111562,unknown,VM-76,Stage2-3-0,0,0,0,0,0,0,0,0
1784665112525,unknown,VM-74,Stage1-3-0,0,0,0,0,0,0,0,0
1784665112539,unknown,VM-79,Stage3-1-0,0,0,0,0,0,0,0,0
1784665112545,unknown,VM-77,Stage2-0-0,0,0,0,0,0,0,0,0
1784665112547,unknown,VM-78,Stage3-2-0,0,0,0,0,0,0,0,0
1784665112551,unknown,VM-75,Stage1-1-0,0,0,0,0,0,0,0,0
1784665112558,unknown,VM-73,Stage1-0-0,0,0,0,0,0,0,0,0
1784665112562,unknown,VM-76,Stage2-3-0,0,0,0,0,0,0,0,0
1784665113525,unknown,VM-74,Stage1-3-0,0,0,0,0,0,0,0,0
1784665113539,unknown,VM-79,Stage3-1-0,0,0,0,0,0,0,0,0
1784665113545,unknown,VM-77,Stage2-0-0,0,0,0,0,0,0,0,0
1784665113547,unknown,VM-78,Stage3-2-0,0,0,0,0,0,0,0,0
1784665113550,unknown,VM-75,Stage1-1-0,0,0,0,0,0,0,0,0
1784665113558,unknown,VM-73,Stage1-0-0,0,0,0,0,0,0,0,0
1784665113562,unknown,VM-76,Stage2-3-0,0,0,0,0,0,0,0,0
1784665114525,unknown,VM-74,Stage1-3-0,0,0,0,0,0,0,0,0
1784665114539,unknown,VM-79,Stage3-1-0,0,0,0,0,0,0,0,0
1784665114545,unknown,VM-77,Stage2-0-0,0,0,0,0,0,0,0,0
1784665114547,unknown,VM-78,Stage3-2-0,0,0,0,0,0,0,0,0
1784665114551,unknown,VM-75,Stage1-1-0,0,0,0,0,0,0,0,0
1784665114558,unknown,VM-73,Stage1-0-0,0,0,0,0,0,0,0,0
1784665114562,unknown,VM-76,Stage2-3-0,0,0,0,0,0,0,0,0
1784665115525,unknown,VM-74,Stage1-3-0,0,0,0,0,0,0,0,0
1784665115539,unknown,VM-79,Stage3-1-0,0,0,0,0,0,0,0,0
1784665115545,unknown,VM-77,Stage2-0-0,0,0,0,0,0,0,0,0
1784665115547,unknown,VM-78,Stage3-2-0,0,0,0,0,0,0,0,0
1784665115551,unknown,VM-75,Stage1-1-0,0,0,0,0,0,0,0,0
1784665115558,unknown,VM-73,Stage1-0-0,0,0,0,0,0,0,0,0
1784665115562,unknown,VM-76,Stage2-3-0,0,0,0,0,0,0,0,0
1784665116525,unknown,VM-74,Stage1-3-0,0,0,0,0,0,0,0,0
1784665116539,unknown,VM-79,Stage3-1-0,0,0,0,0,0,0,0,0
1784665116545,unknown,VM-77,Stage2-0-0,0,0,0,0,0,0,0,0
1784665116547,unknown,VM-78,Stage3-2-0,0,0,0,0,0,0,0,0
1784665116550,unknown,VM-75,Stage1-1-0,0,0,0,0,0,0,0,0
1784665116558,unknown,VM-73,Stage1-0-0,0,0,0,0,0,0,0,0
1784665116562,unknown,VM-76,Stage2-3-0,0,0,0,0,0,0,0,0
1784665117525,unknown,VM-74,Stage1-3-0,0,0,0,0,0,0,0,0
1784665117539,unknown,VM-79,Stage3-1-0,0,0,0,0,0,0,0,0
1784665117545,unknown,VM-77,Stage2-0-0,0,0,0,0,0,0,0,0
1784665117547,unknown,VM-78,Stage3-2-0,0,0,0,0,0,0,0,0
1784665117550,unknown,VM-75,Stage1-1-0,0,0,0,0,0,0,0,0
1784665117558,unknown,VM-73,Stage1-0-0,0,0,0,0,0,0,0,0
1784665117562,unknown,VM-76,Stage2-3-0,0,0,0,0,0,0,0,0
1784665118525,unknown,VM-74,Stage1-3-0,0,0,0,0,0,0,0,0
1784665118539,unknown,VM-79,Stage3-1-0,0,0,0,0,0,0,0,0
1784665118545,unknown,VM-77,Stage2-0-0,0,0,0,0,0,0,0,0
1784665118547,unknown,VM-78,Stage3-2-0,0,0,0,0,0,0,0,0
1784665118550,unknown,VM-75,Stage1-1-0,0,0,0,0,0,0,0,0
1784665118558,unknown,VM-73,Stage1-0-0,0,0,0,0,0,0,0,0
1784665118562,unknown,VM-76,Stage2-3-0,0,0,0,0,0,0,0,0
1784665119525,unknown,VM-74,Stage1-3-0,0,0,0,0,0,0,0,0
1784665119539,unknown,VM-79,Stage3-1-0,0,0,0,0,0,0,0,0
1784665119545,unknown,VM-77,Stage2-0-0,0,0,0,0,0,0,0,0
1784665119547,unknown,VM-78,Stage3-2-0,0,0,0,0,0,0,0,0
1784665119551,unknown,VM-75,Stage1-1-0,0,0,0,0,0,0,0,0
1784665119558,unknown,VM-73,Stage1-0-0,0,0,0,0,0,0,0,0
1784665119562,unknown,VM-76,Stage2-3-0,0,0,0,0,0,0,0,0
1784665120525,unknown,VM-74,Stage1-3-0,0,0,0,0,0,0,0,0
1784665120539,unknown,VM-79,Stage3-1-0,0,0,0,0,0,0,0,0
1784665120545,unknown,VM-77,Stage2-0-0,0,0,0,0,0,0,0,0
1784665120547,unknown,VM-78,Stage3-2-0,0,0,0,0,0,0,0,0
1784665120551,unknown,VM-75,Stage1-1-0,0,0,0,0,0,0,0,0
1784665120558,unknown,VM-73,Stage1-0-0,0,0,0,0,0,0,0,0
1784665120562,unknown,VM-76,Stage2-3-0,0,0,0,0,0,0,0,0
1784665121525,unknown,VM-74,Stage1-3-0,0,0,0,0,0,0,0,0
1784665121539,unknown,VM-79,Stage3-1-0,0,0,0,0,0,0,0,0
1784665121545,unknown,VM-77,Stage2-0-0,0,0,0,0,0,0,0,0
1784665121547,unknown,VM-78,Stage3-2-0,0,0,0,0,0,0,0,0
1784665121551,unknown,VM-75,Stage1-1-0,0,0,0,0,0,0,0,0
1784665121558,unknown,VM-73,Stage1-0-0,0,0,0,0,0,0,0,0
1784665121562,unknown,VM-76,Stage2-3-0,0,0,0,0,0,0,0,0
1784665122525,unknown,VM-74,Stage1-3-0,0,0,0,0,0,0,0,0
1784665122539,unknown,VM-79,Stage3-1-0,0,0,0,0,0,0,0,0
1784665122545,unknown,VM-77,Stage2-0-0,0,0,0,0,0,0,0,0
1784665122547,unknown,VM-78,Stage3-2-0,0,0,0,0,0,0,0,0
1784665122551,unknown,VM-75,Stage1-1-0,0,0,0,0,0,0,0,0
1784665122558,unknown,VM-73,Stage1-0-0,0,0,0,0,0,0,0,0
1784665122562,unknown,VM-76,Stage2-3-0,0,0,0,0,0,0,0,0
1784665123525,unknown,VM-74,Stage1-3-0,0,0,0,0,0,0,0,0
1784665123539,unknown,VM-79,Stage3-1-0,0,0,0,0,0,0,0,0
1784665123545,unknown,VM-77,Stage2-0-0,0,0,0,0,0,0,0,0
1784665123547,unknown,VM-78,Stage3-2-0,0,0,0,0,0,0,0,0
1784665123551,unknown,VM-75,Stage1-1-0,0,0,0,0,0,0,0,0
1784665123558,unknown,VM-73,Stage1-0-0,0,0,0,0,0,0,0,0
1784665123562,unknown,VM-76,Stage2-3-0,0,0,0,0,0,0,0,0
1784665124525,unknown,VM-74,Stage1-3-0,0,0,0,0,0,0,0,0
1784665124539,unknown,VM-79,Stage3-1-0,0,0,0,0,0,0,0,0
1784665124545,unknown,VM-77,Stage2-0-0,0,0,0,0,0,0,0,0
1784665124547,unknown,VM-78,Stage3-2-0,0,0,0,0,0,0,0,0
1784665124551,unknown,VM-75,Stage1-1-0,0,0,0,0,0,0,0,0
1784665124558,unknown,VM-73,Stage1-0-0,0,0,0,0,0,0,0,0
1784665124562,unknown,VM-76,Stage2-3-0,0,0,0,0,0,0,0,0
1784665125525,unknown,VM-74,Stage1-3-0,0,0,0,0,0,0,0,0
1784665125539,unknown,VM-79,Stage3-1-0,0,0,0,0,0,0,0,0
1784665125545,unknown,VM-77,Stage2-0-0,0,0,0,0,0,0,0,0
1784665125547,unknown,VM-78,Stage3-2-0,0,0,0,0,0,0,0,0
1784665125551,unknown,VM-75,Stage1-1-0,0,0,0,0,0,0,0,0
1784665125558,unknown,VM-73,Stage1-0-0,0,0,0,0,0,0,0,0
1784665125562,unknown,VM-76,Stage2-3-0,0,0,0,0,0,0,0,0
1784665126525,unknown,VM-74,Stage1-3-0,0,0,0,0,0,0,0,0
1784665126539,unknown,VM-79,Stage3-1-0,0,0,0,0,0,0,0,0
1784665126545,unknown,VM-77,Stage2-0-0,0,0,0,0,0,0,0,0
1784665126547,unknown,VM-78,Stage3-2-0,0,0,0,0,0,0,0,0
1784665126550,unknown,VM-75,Stage1-1-0,0,0,0,0,0,0,0,0
1784665126558,unknown,VM-73,Stage1-0-0,0,0,0,0,0,0,0,0
1784665126562,unknown,VM-76,Stage2-3-0,0,0,0,0,0,0,0,0
1784665127525,unknown,VM-74,Stage1-3-0,0,0,0,0,0,0,0,0
1784665127539,unknown,VM-79,Stage3-1-0,0,0,0,0,0,0,0,0
1784665127545,unknown,VM-77,Stage2-0-0,0,0,0,0,0,0,0,0
1784665127547,unknown,VM-78,Stage3-2-0,0,0,0,0,0,0,0,0
1784665127551,unknown,VM-75,Stage1-1-0,0,0,0,0,0,0,0,0
1784665127558,unknown,VM-73,Stage1-0-0,0,0,0,0,0,0,0,0
1784665127562,unknown,VM-76,Stage2-3-0,0,0,0,0,0,0,0,0
1784665128525,unknown,VM-74,Stage1-3-0,0,0,0,0,0,0,0,0
1784665128539,unknown,VM-79,Stage3-1-0,0,0,0,0,0,0,0,0
1784665128545,unknown,VM-77,Stage2-0-0,0,0,0,0,0,0,0,0
1784665128547,unknown,VM-78,Stage3-2-0,0,0,0,0,0,0,0,0
1784665128551,unknown,VM-75,Stage1-1-0,0,0,0,0,0,0,0,0
1784665128558,unknown,VM-73,Stage1-0-0,0,0,0,0,0,0,0,0
1784665128562,unknown,VM-76,Stage2-3-0,0,0,0,0,0,0,0,0
1784665129525,unknown,VM-74,Stage1-3-0,0,0,0,0,0,0,0,0
1784665129539,unknown,VM-79,Stage3-1-0,0,0,0,0,0,0,0,0
1784665129545,unknown,VM-77,Stage2-0-0,0,0,0,0,0,0,0,0
1784665129547,unknown,VM-78,Stage3-2-0,0,0,0,0,0,0,0,0
1784665129551,unknown,VM-75,Stage1-1-0,0,0,0,0,0,0,0,0
1784665129558,unknown,VM-73,Stage1-0-0,0,0,0,0,0,0,0,0
1784665129562,unknown,VM-76,Stage2-3-0,0,0,0,0,0,0,0,0
1784665130525,unknown,VM-74,Stage1-3-0,0,0,0,0,0,0,0,0
1784665130539,unknown,VM-79,Stage3-1-0,0,0,0,0,0,0,0,0
1784665130545,unknown,VM-77,Stage2-0-0,0,0,0,0,0,0,0,0
1784665130547,unknown,VM-78,Stage3-2-0,0,0,0,0,0,0,0,0
1784665130551,unknown,VM-75,Stage1-1-0,0,0,0,0,0,0,0,0
1784665130558,unknown,VM-73,Stage1-0-0,0,0,0,0,0,0,0,0
1784665130562,unknown,VM-76,Stage2-3-0,0,0,0,0,0,0,0,0
1784665131525,unknown,VM-74,Stage1-3-0,0,0,0,0,0,0,0,0
1784665131539,unknown,VM-79,Stage3-1-0,0,0,0,0,0,0,0,0
1784665131545,unknown,VM-77,Stage2-0-0,0,0,0,0,0,0,0,0
1784665131547,unknown,VM-78,Stage3-2-0,0,0,0,0,0,0,0,0
1784665131551,unknown,VM-75,Stage1-1-0,0,0,0,0,0,0,0,0
1784665131558,unknown,VM-73,Stage1-0-0,0,0,0,0,0,0,0,0
1784665131562,unknown,VM-76,Stage2-3-0,0,0,0,0,0,0,0,0
1784665132525,unknown,VM-74,Stage1-3-0,0,0,0,0,0,0,0,0
1784665132539,unknown,VM-79,Stage3-1-0,0,0,0,0,0,0,0,0
1784665132545,unknown,VM-77,Stage2-0-0,0,0,0,0,0,0,0,0
1784665132547,unknown,VM-78,Stage3-2-0,0,0,0,0,0,0,0,0
1784665132550,unknown,VM-75,Stage1-1-0,0,0,0,0,0,0,0,0
1784665132558,unknown,VM-73,Stage1-0-0,0,0,0,0,0,0,0,0
1784665132562,unknown,VM-76,Stage2-3-0,0,0,0,0,0,0,0,0
1784665133525,unknown,VM-74,Stage1-3-0,0,0,0,0,0,0,0,0
1784665133539,unknown,VM-79,Stage3-1-0,0,0,0,0,0,0,0,0
1784665133545,unknown,VM-77,Stage2-0-0,0,0,0,0,0,0,0,0
1784665133547,unknown,VM-78,Stage3-2-0,0,0,0,0,0,0,0,0
1784665133550,unknown,VM-75,Stage1-1-0,0,0,0,0,0,0,0,0
1784665133558,unknown,VM-73,Stage1-0-0,0,0,0,0,0,0,0,0
1784665133562,unknown,VM-76,Stage2-3-0,0,0,0,0,0,0,0,0
1784665134525,unknown,VM-74,Stage1-3-0,0,0,0,0,0,0,0,0
1784665134539,unknown,VM-79,Stage3-1-0,0,0,0,0,0,0,0,0
1784665134545,unknown,VM-77,Stage2-0-0,0,0,0,0,0,0,0,0
1784665134547,unknown,VM-78,Stage3-2-0,0,0,0,0,0,0,0,0
1784665134550,unknown,VM-75,Stage1-1-0,0,0,0,0,0,0,0,0
1784665134558,unknown,VM-73,Stage1-0-0,0,0,0,0,0,0,0,0
1784665134562,unknown,VM-76,Stage2-3-0,0,0,0,0,0,0,0,0
1784665135525,unknown,VM-74,Stage1-3-0,0,0,0,0,0,0,0,0
1784665135539,unknown,VM-79,Stage3-1-0,0,0,0,0,0,0,0,0
1784665135545,unknown,VM-77,Stage2-0-0,0,0,0,0,0,0,0,0
1784665135547,unknown,VM-78,Stage3-2-0,0,0,0,0,0,0,0,0
1784665135551,unknown,VM-75,Stage1-1-0,0,0,0,0,0,0,0,0
1784665135558,unknown,VM-73,Stage1-0-0,0,0,0,0,0,0,0,0
1784665135562,unknown,VM-76,Stage2-3-0,0,0,0,0,0,0,0,0
1784665136525,unknown,VM-74,Stage1-3-0,0,0,0,0,0,0,0,0
1784665136539,unknown,VM-79,Stage3-1-0,0,0,0,0,0,0,0,0
1784665136545,unknown,VM-77,Stage2-0-0,0,0,0,0,0,0,0,0
1784665136547,unknown,VM-78,Stage3-2-0,0,0,0,0,0,0,0,0
1784665136551,unknown,VM-75,Stage1-1-0,0,0,0,0,0,0,0,0
1784665136558,unknown,VM-73,Stage1-0-0,0,0,0,0,0,0,0,0
1784665136562,unknown,VM-76,Stage2-3-0,0,0,0,0,0,0,0,0
1784665137525,unknown,VM-74,Stage1-3-0,0,0,0,0,0,0,0,0
1784665137539,unknown,VM-79,Stage3-1-0,0,0,0,0,0,0,0,0
1784665137545,unknown,VM-77,Stage2-0-0,0,0,0,0,0,0,0,0
1784665137547,unknown,VM-78,Stage3-2-0,0,0,0,0,0,0,0,0
1784665137551,unknown,VM-75,Stage1-1-0,0,0,0,0,0,0,0,0
1784665137558,unknown,VM-73,Stage1-0-0,0,0,0,0,0,0,0,0
1784665137562,unknown,VM-76,Stage2-3-0,0,0,0,0,0,0,0,0
1784665138525,unknown,VM-74,Stage1-3-0,0,0,0,0,0,0,0,0
1784665138539,unknown,VM-79,Stage3-1-0,0,0,0,0,0,0,0,0
1784665138545,unknown,VM-77,Stage2-0-0,0,0,0,0,0,0,0,0
1784665138547,unknown,VM-78,Stage3-2-0,0,0,0,0,0,0,0,0
1784665138551,unknown,VM-75,Stage1-1-0,0,0,0,0,0,0,0,0
1784665138558,unknown,VM-73,Stage1-0-0,0,0,0,0,0,0,0,0
1784665138562,unknown,VM-76,Stage2-3-0,0,0,0,0,0,0,0,0
1784665139525,unknown,VM-74,Stage1-3-0,0,0,0,0,0,0,0,0
1784665139539,unknown,VM-79,Stage3-1-0,0,0,0,0,0,0,0,0
1784665139545,unknown,VM-77,Stage2-0-0,0,0,0,0,0,0,0,0
1784665139547,unknown,VM-78,Stage3-2-0,0,0,0,0,0,0,0,0
1784665139550,unknown,VM-75,Stage1-1-0,0,0,0,0,0,0,0,0
1784665139558,unknown,VM-73,Stage1-0-0,0,0,0,0,0,0,0,0
1784665139562,unknown,VM-76,Stage2-3-0,0,0,0,0,0,0,0,0
1784665140525,unknown,VM-74,Stage1-3-0,0,0,0,0,0,0,0,0
1784665140539,unknown,VM-79,Stage3-1-0,0,0,0,0,0,0,0,0
1784665140544,unknown,VM-77,Stage2-0-0,0,0,0,0,0,0,0,0
1784665140547,unknown,VM-78,Stage3-2-0,0,0,0,0,0,0,0,0
1784665140551,unknown,VM-75,Stage1-1-0,0,0,0,0,0,0,0,0
1784665140558,unknown,VM-73,Stage1-0-0,0,0,0,0,0,0,0,0
1784665140562,unknown,VM-76,Stage2-3-0,0,0,0,0,0,0,0,0
1784665141525,unknown,VM-74,Stage1-3-0,0,0,0,0,0,0,0,0
1784665141539,unknown,VM-79,Stage3-1-0,0,0,0,0,0,0,0,0
1784665141545,unknown,VM-77,Stage2-0-0,0,0,0,0,0,0,0,0
1784665141547,unknown,VM-78,Stage3-2-0,0,0,0,0,0,0,0,0
1784665141551,unknown,VM-75,Stage1-1-0,0,0,0,0,0,0,0,0
1784665141558,unknown,VM-73,Stage1-0-0,0,0,0,0,0,0,0,0
1784665141562,unknown,VM-76,Stage2-3-0,0,0,0,0,0,0,0,0
1784665142525,unknown,VM-74,Stage1-3-0,0,0,0,0,0,0,0,0
1784665142539,unknown,VM-79,Stage3-1-0,0,0,0,0,0,0,0,0
1784665142545,unknown,VM-77,Stage2-0-0,0,0,0,0,0,0,0,0
1784665142547,unknown,VM-78,Stage3-2-0,0,0,0,0,0,0,0,0
1784665142551,unknown,VM-75,Stage1-1-0,0,0,0,0,0,0,0,0
1784665142558,unknown,VM-73,Stage1-0-0,0,0,0,0,0,0,0,0
1784665142562,unknown,VM-76,Stage2-3-0,0,0,0,0,0,0,0,0
1784665143525,unknown,VM-74,Stage1-3-0,0,0,0,0,0,0,0,0
1784665143539,unknown,VM-79,Stage3-1-0,0,0,0,0,0,0,0,0
1784665143545,unknown,VM-77,Stage2-0-0,0,0,0,0,0,0,0,0
1784665143547,unknown,VM-78,Stage3-2-0,0,0,0,0,0,0,0,0
1784665143551,unknown,VM-75,Stage1-1-0,0,0,0,0,0,0,0,0
1784665143558,unknown,VM-73,Stage1-0-0,0,0,0,0,0,0,0,0
1784665143562,unknown,VM-76,Stage2-3-0,0,0,0,0,0,0,0,0
1784665144525,unknown,VM-74,Stage1-3-0,0,0,0,0,0,0,0,0
1784665144539,unknown,VM-79,Stage3-1-0,0,0,0,0,0,0,0,0
1784665144545,unknown,VM-77,Stage2-0-0,0,0,0,0,0,0,0,0
1784665144547,unknown,VM-78,Stage3-2-0,0,0,0,0,0,0,0,0
1784665144551,unknown,VM-75,Stage1-1-0,0,0,0,0,0,0,0,0
1784665144558,unknown,VM-73,Stage1-0-0,0,0,0,0,0,0,0,0
1784665144562,unknown,VM-76,Stage2-3-0,0,0,0,0,0,0,0,0
1784665145525,unknown,VM-74,Stage1-3-0,0,0,0,0,0,0,0,0
1784665145539,unknown,VM-79,Stage3-1-0,0,0,0,0,0,0,0,0
1784665145545,unknown,VM-77,Stage2-0-0,0,0,0,0,0,0,0,0
1784665145547,unknown,VM-78,Stage3-2-0,0,0,0,0,0,0,0,0
1784665145551,unknown,VM-75,Stage1-1-0,0,0,0,0,0,0,0,0
1784665145558,unknown,VM-73,Stage1-0-0,0,0,0,0,0,0,0,0
1784665145562,unknown,VM-76,Stage2-3-0,0,0,0,0,0,0,0,0
1784665146525,unknown,VM-74,Stage1-3-0,0,0,0,0,0,0,0,0
1784665146539,unknown,VM-79,Stage3-1-0,0,0,0,0,0,0,0,0
1784665146545,unknown,VM-77,Stage2-0-0,0,0,0,0,0,0,0,0
1784665146547,unknown,VM-78,Stage3-2-0,0,0,0,0,0,0,0,0
1784665146551,unknown,VM-75,Stage1-1-0,0,0,0,0,0,0,0,0
1784665146558,unknown,VM-73,Stage1-0-0,0,0,0,0,0,0,0,0
1784665146562,unknown,VM-76,Stage2-3-0,0,0,0,0,0,0,0,0
1784665147525,unknown,VM-74,Stage1-3-0,0,0,0,0,0,0,0,0
1784665147539,unknown,VM-79,Stage3-1-0,0,0,0,0,0,0,0,0
1784665147545,unknown,VM-77,Stage2-0-0,0,0,0,0,0,0,0,0
1784665147547,unknown,VM-78,Stage3-2-0,0,0,0,0,0,0,0,0
1784665147551,unknown,VM-75,Stage1-1-0,0,0,0,0,0,0,0,0
1784665147558,unknown,VM-73,Stage1-0-0,0,0,0,0,0,0,0,0
1784665147562,unknown,VM-76,Stage2-3-0,0,0,0,0,0,0,0,0
1784665148525,unknown,VM-74,Stage1-3-0,0,0,0,0,0,0,0,0
1784665148539,unknown,VM-79,Stage3-1-0,0,0,0,0,0,0,0,0
1784665148545,unknown,VM-77,Stage2-0-0,0,0,0,0,0,0,0,0
1784665148547,unknown,VM-78,Stage3-2-0,0,0,0,0,0,0,0,0
1784665148550,unknown,VM-75,Stage1-1-0,0,0,0,0,0,0,0,0
1784665148558,unknown,VM-73,Stage1-0-0,0,0,0,0,0,0,0,0
1784665148562,unknown,VM-76,Stage2-3-0,0,0,0,0,0,0,0,0
1784665149525,unknown,VM-74,Stage1-3-0,0,0,0,0,0,0,0,0
1784665149539,unknown,VM-79,Stage3-1-0,0,0,0,0,0,0,0,0
1784665149545,unknown,VM-77,Stage2-0-0,0,0,0,0,0,0,0,0
1784665149547,unknown,VM-78,Stage3-2-0,0,0,0,0,0,0,0,0
1784665149550,unknown,VM-75,Stage1-1-0,0,0,0,0,0,0,0,0
1784665149558,unknown,VM-73,Stage1-0-0,0,0,0,0,0,0,0,0
1784665149562,unknown,VM-76,Stage2-3-0,0,0,0,0,0,0,0,0
1784665150525,unknown,VM-74,Stage1-3-0,0,0,0,0,0,0,0,0
1784665150539,unknown,VM-79,Stage3-1-0,0,0,0,0,0,0,0,0
1784665150545,unknown,VM-77,Stage2-0-0,0,0,0,0,0,0,0,0
1784665150547,unknown,VM-78,Stage3-2-0,0,0,0,0,0,0,0,0
1784665150550,unknown,VM-75,Stage1-1-0,0,0,0,0,0,0,0,0
1784665150558,unknown,VM-73,Stage1-0-0,0,0,0,0,0,0,0,0
1784665150562,unknown,VM-76,Stage2-3-0,0,0,0,0,0,0,0,0
1784665151525,unknown,VM-74,Stage1-3-0,0,0,0,0,0,0,0,0
1784665151539,unknown,VM-79,Stage3-1-0,0,0,0,0,0,0,0,0
1784665151545,unknown,VM-77,Stage2-0-0,0,0,0,0,0,0,0,0
1784665151547,unknown,VM-78,Stage3-2-0,0,0,0,0,0,0,0,0
1784665151551,unknown,VM-75,Stage1-1-0,0,0,0,0,0,0,0,0
1784665151558,unknown,VM-73,Stage1-0-0,0,0,0,0,0,0,0,0
1784665151562,unknown,VM-76,Stage2-3-0,0,0,0,0,0,0,0,0
1784665152525,unknown,VM-74,Stage1-3-0,0,0,0,0,0,0,0,0
1784665152539,unknown,VM-79,Stage3-1-0,0,0,0,0,0,0,0,0
1784665152545,unknown,VM-77,Stage2-0-0,0,0,0,0,0,0,0,0
1784665152547,unknown,VM-78,Stage3-2-0,0,0,0,0,0,0,0,0
1784665152551,unknown,VM-75,Stage1-1-0,0,0,0,0,0,0,0,0
1784665152558,unknown,VM-73,Stage1-0-0,0,0,0,0,0,0,0,0
1784665152562,unknown,VM-76,Stage2-3-0,0,0,0,0,0,0,0,0
1784665153525,unknown,VM-74,Stage1-3-0,0,0,0,0,0,0,0,0
1784665153539,unknown,VM-79,Stage3-1-0,0,0,0,0,0,0,0,0
1784665153545,unknown,VM-77,Stage2-0-0,0,0,0,0,0,0,0,0
1784665153547,unknown,VM-78,Stage3-2-0,0,0,0,0,0,0,0,0
1784665153551,unknown,VM-75,Stage1-1-0,0,0,0,0,0,0,0,0
1784665153558,unknown,VM-73,Stage1-0-0,0,0,0,0,0,0,0,0
1784665153562,unknown,VM-76,Stage2-3-0,0,0,0,0,0,0,0,0
1784665154525,unknown,VM-74,Stage1-3-0,0,0,0,0,0,0,0,0
1784665154539,unknown,VM-79,Stage3-1-0,0,0,0,0,0,0,0,0
1784665154545,unknown,VM-77,Stage2-0-0,0,0,0,0,0,0,0,0
1784665154547,unknown,VM-78,Stage3-2-0,0,0,0,0,0,0,0,0
1784665154551,unknown,VM-75,Stage1-1-0,0,0,0,0,0,0,0,0
1784665154558,unknown,VM-73,Stage1-0-0,0,0,0,0,0,0,0,0
1784665154562,unknown,VM-76,Stage2-3-0,0,0,0,0,0,0,0,0
1784665155525,unknown,VM-74,Stage1-3-0,0,0,0,0,0,0,0,0
1784665155539,unknown,VM-79,Stage3-1-0,0,0,0,0,0,0,0,0
1784665155545,unknown,VM-77,Stage2-0-0,0,0,0,0,0,0,0,0
1784665155547,unknown,VM-78,Stage3-2-0,0,0,0,0,0,0,0,0
1784665155550,unknown,VM-75,Stage1-1-0,0,0,0,0,0,0,0,0
1784665155558,unknown,VM-73,Stage1-0-0,0,0,0,0,0,0,0,0
1784665155562,unknown,VM-76,Stage2-3-0,0,0,0,0,0,0,0,0
1784665156525,unknown,VM-74,Stage1-3-0,0,0,0,0,0,0,0,0
1784665156539,unknown,VM-79,Stage3-1-0,0,0,0,0,0,0,0,0
1784665156545,unknown,VM-77,Stage2-0-0,0,0,0,0,0,0,0,0
1784665156547,unknown,VM-78,Stage3-2-0,0,0,0,0,0,0,0,0
1784665156550,unknown,VM-75,Stage1-1-0,0,0,0,0,0,0,0,0
1784665156558,unknown,VM-73,Stage1-0-0,0,0,0,0,0,0,0,0
1784665156562,unknown,VM-76,Stage2-3-0,0,0,0,0,0,0,0,0
1784665157525,unknown,VM-74,Stage1-3-0,0,0,0,0,0,0,0,0
1784665157539,unknown,VM-79,Stage3-1-0,0,0,0,0,0,0,0,0
1784665157545,unknown,VM-77,Stage2-0-0,0,0,0,0,0,0,0,0
1784665157547,unknown,VM-78,Stage3-2-0,0,0,0,0,0,0,0,0
1784665157550,unknown,VM-75,Stage1-1-0,0,0,0,0,0,0,0,0
1784665157558,unknown,VM-73,Stage1-0-0,0,0,0,0,0,0,0,0
1784665157562,unknown,VM-76,Stage2-3-0,0,0,0,0,0,0,0,0
1784665158525,unknown,VM-74,Stage1-3-0,0,0,0,0,0,0,0,0
1784665158539,unknown,VM-79,Stage3-1-0,0,0,0,0,0,0,0,0
1784665158545,unknown,VM-77,Stage2-0-0,0,0,0,0,0,0,0,0
1784665158547,unknown,VM-78,Stage3-2-0,0,0,0,0,0,0,0,0
1784665158550,unknown,VM-75,Stage1-1-0,0,0,0,0,0,0,0,0
1784665158558,unknown,VM-73,Stage1-0-0,0,0,0,0,0,0,0,0
1784665158562,unknown,VM-76,Stage2-3-0,0,0,0,0,0,0,0,0
1784665159525,unknown,VM-74,Stage1-3-0,0,0,0,0,0,0,0,0
1784665159539,unknown,VM-79,Stage3-1-0,0,0,0,0,0,0,0,0
1784665159545,unknown,VM-77,Stage2-0-0,0,0,0,0,0,0,0,0
1784665159547,unknown,VM-78,Stage3-2-0,0,0,0,0,0,0,0,0
1784665159551,unknown,VM-75,Stage1-1-0,0,0,0,0,0,0,0,0
1784665159558,unknown,VM-73,Stage1-0-0,0,0,0,0,0,0,0,0
1784665159562,unknown,VM-76,Stage2-3-0,0,0,0,0,0,0,0,0
1784665160525,unknown,VM-74,Stage1-3-0,0,0,0,0,0,0,0,0
1784665160539,unknown,VM-79,Stage3-1-0,0,0,0,0,0,0,0,0
1784665160545,unknown,VM-77,Stage2-0-0,0,0,0,0,0,0,0,0
1784665160547,unknown,VM-78,Stage3-2-0,0,0,0,0,0,0,0,0
1784665160551,unknown,VM-75,Stage1-1-0,0,0,0,0,0,0,0,0
1784665160558,unknown,VM-73,Stage1-0-0,0,0,0,0,0,0,0,0
1784665160562,unknown,VM-76,Stage2-3-0,0,0,0,0,0,0,0,0
1784665161525,unknown,VM-74,Stage1-3-0,0,0,0,0,0,0,0,0
1784665161539,unknown,VM-79,Stage3-1-0,0,0,0,0,0,0,0,0
1784665161545,unknown,VM-77,Stage2-0-0,0,0,0,0,0,0,0,0
1784665161547,unknown,VM-78,Stage3-2-0,0,0,0,0,0,0,0,0
1784665161551,unknown,VM-75,Stage1-1-0,0,0,0,0,0,0,0,0
1784665161558,unknown,VM-73,Stage1-0-0,0,0,0,0,0,0,0,0
1784665161562,unknown,VM-76,Stage2-3-0,0,0,0,0,0,0,0,0
1784665162525,unknown,VM-74,Stage1-3-0,0,0,0,0,0,0,0,0
1784665162539,unknown,VM-79,Stage3-1-0,0,0,0,0,0,0,0,0
1784665162545,unknown,VM-77,Stage2-0-0,0,0,0,0,0,0,0,0
1784665162547,unknown,VM-78,Stage3-2-0,0,0,0,0,0,0,0,0
1784665162551,unknown,VM-75,Stage1-1-0,0,0,0,0,0,0,0,0
1784665162558,unknown,VM-73,Stage1-0-0,0,0,0,0,0,0,0,0
1784665162562,unknown,VM-76,Stage2-3-0,0,0,0,0,0,0,0,0
1784665163525,unknown,VM-74,Stage1-3-0,0,0,0,0,0,0,0,0
1784665163539,unknown,VM-79,Stage3-1-0,0,0,0,0,0,0,0,0
1784665163545,unknown,VM-77,Stage2-0-0,0,0,0,0,0,0,0,0
1784665163547,unknown,VM-78,Stage3-2-0,0,0,0,0,0,0,0,0
1784665163551,unknown,VM-75,Stage1-1-0,0,0,0,0,0,0,0,0
1784665163558,unknown,VM-73,Stage1-0-0,0,0,0,0,0,0,0,0
1784665163562,unknown,VM-76,Stage2-3-0,0,0,0,0,0,0,0,0
1784665164525,unknown,VM-74,Stage1-3-0,0,0,0,0,0,0,0,0
1784665164539,unknown,VM-79,Stage3-1-0,0,0,0,0,0,0,0,0
1784665164545,unknown,VM-77,Stage2-0-0,0,0,0,0,0,0,0,0
1784665164547,unknown,VM-78,Stage3-2-0,0,0,0,0,0,0,0,0
1784665164550,unknown,VM-75,Stage1-1-0,0,0,0,0,0,0,0,0
1784665164558,unknown,VM-73,Stage1-0-0,0,0,0,0,0,0,0,0
1784665164562,unknown,VM-76,Stage2-3-0,0,0,0,0,0,0,0,0
1784665165525,unknown,VM-74,Stage1-3-0,0,0,0,0,0,0,0,0
1784665165539,unknown,VM-79,Stage3-1-0,0,0,0,0,0,0,0,0
1784665165545,unknown,VM-77,Stage2-0-0,0,0,0,0,0,0,0,0
1784665165547,unknown,VM-78,Stage3-2-0,0,0,0,0,0,0,0,0
1784665165550,unknown,VM-75,Stage1-1-0,0,0,0,0,0,0,0,0
1784665165558,unknown,VM-73,Stage1-0-0,0,0,0,0,0,0,0,0
1784665165562,unknown,VM-76,Stage2-3-0,0,0,0,0,0,0,0,0
1784665166525,unknown,VM-74,Stage1-3-0,0,0,0,0,0,0,0,0
1784665166539,unknown,VM-79,Stage3-1-0,0,0,0,0,0,0,0,0
1784665166544,unknown,VM-77,Stage2-0-0,0,0,0,0,0,0,0,0
1784665166547,unknown,VM-78,Stage3-2-0,0,0,0,0,0,0,0,0
1784665166550,unknown,VM-75,Stage1-1-0,0,0,0,0,0,0,0,0
1784665166558,unknown,VM-73,Stage1-0-0,0,0,0,0,0,0,0,0
1784665166562,unknown,VM-76,Stage2-3-0,0,0,0,0,0,0,0,0
1784665167525,unknown,VM-74,Stage1-3-0,0,0,0,0,0,0,0,0
1784665167539,unknown,VM-79,Stage3-1-0,0,0,0,0,0,0,0,0
1784665167545,unknown,VM-77,Stage2-0-0,0,0,0,0,0,0,0,0
1784665167547,unknown,VM-78,Stage3-2-0,0,0,0,0,0,0,0,0
1784665167551,unknown,VM-75,Stage1-1-0,0,0,0,0,0,0,0,0
1784665167558,unknown,VM-73,Stage1-0-0,0,0,0,0,0,0,0,0
1784665167562,unknown,VM-76,Stage2-3-0,0,0,0,0,0,0,0,0
1784665168525,unknown,VM-74,Stage1-3-0,0,0,0,0,0,0,0,0
1784665168539,unknown,VM-79,Stage3-1-0,0,0,0,0,0,0,0,0
1784665168544,unknown,VM-77,Stage2-0-0,0,0,0,0,0,0,0,0
1784665168547,unknown,VM-78,Stage3-2-0,0,0,0,0,0,0,0,0
1784665168551,unknown,VM-75,Stage1-1-0,0,0,0,0,0,0,0,0
1784665168558,unknown,VM-73,Stage1-0-0,0,0,0,0,0,0,0,0
1784665168562,unknown,VM-76,Stage2-3-0,0,0,0,0,0,0,0,0
1784665169525,unknown,VM-74,Stage1-3-0,0,0,0,0,0,0,0,0
1784665169539,unknown,VM-79,Stage3-1-0,0,0,0,0,0,0,0,0
1784665169544,unknown,VM-77,Stage2-0-0,0,0,0,0,0,0,0,0
1784665169547,unknown,VM-78,Stage3-2-0,0,0,0,0,0,0,0,0
1784665169550,unknown,VM-75,Stage1-1-0,0,0,0,0,0,0,0,0
1784665169558,unknown,VM-73,Stage1-0-0,0,0,0,0,0,0,0,0
1784665169562,unknown,VM-76,Stage2-3-0,0,0,0,0,0,0,0,0
1784665170525,unknown,VM-74,Stage1-3-0,0,0,0,0,0,0,0,0
1784665170539,unknown,VM-79,Stage3-1-0,0,0,0,0,0,0,0,0
1784665170545,unknown,VM-77,Stage2-0-0,0,0,0,0,0,0,0,0
1784665170547,unknown,VM-78,Stage3-2-0,0,0,0,0,0,0,0,0
1784665170551,unknown,VM-75,Stage1-1-0,0,0,0,0,0,0,0,0
1784665170558,unknown,VM-73,Stage1-0-0,0,0,0,0,0,0,0,0
1784665170562,unknown,VM-76,Stage2-3-0,0,0,0,0,0,0,0,0
1784665171525,unknown,VM-74,Stage1-3-0,0,0,0,0,0,0,0,0
1784665171539,unknown,VM-79,Stage3-1-0,0,0,0,0,0,0,0,0
1784665171545,unknown,VM-77,Stage2-0-0,0,0,0,0,0,0,0,0
1784665171547,unknown,VM-78,Stage3-2-0,0,0,0,0,0,0,0,0
1784665171551,unknown,VM-75,Stage1-1-0,0,0,0,0,0,0,0,0
1784665171558,unknown,VM-73,Stage1-0-0,0,0,0,0,0,0,0,0
1784665171562,unknown,VM-76,Stage2-3-0,0,0,0,0,0,0,0,0
1784665172525,unknown,VM-74,Stage1-3-0,0,0,0,0,0,0,0,0
1784665172539,unknown,VM-79,Stage3-1-0,0,0,0,0,0,0,0,0
1784665172545,unknown,VM-77,Stage2-0-0,0,0,0,0,0,0,0,0
1784665172547,unknown,VM-78,Stage3-2-0,0,0,0,0,0,0,0,0
1784665172550,unknown,VM-75,Stage1-1-0,0,0,0,0,0,0,0,0
1784665172558,unknown,VM-73,Stage1-0-0,0,0,0,0,0,0,0,0
1784665172562,unknown,VM-76,Stage2-3-0,0,0,0,0,0,0,0,0
1784665173525,unknown,VM-74,Stage1-3-0,0,0,0,0,0,0,0,0
1784665173539,unknown,VM-79,Stage3-1-0,0,0,0,0,0,0,0,0
1784665173545,unknown,VM-77,Stage2-0-0,0,0,0,0,0,0,0,0
1784665173547,unknown,VM-78,Stage3-2-0,0,0,0,0,0,0,0,0
1784665173550,unknown,VM-75,Stage1-1-0,0,0,0,0,0,0,0,0
1784665173558,unknown,VM-73,Stage1-0-0,0,0,0,0,0,0,0,0
1784665173562,unknown,VM-76,Stage2-3-0,0,0,0,0,0,0,0,0
1784665174525,unknown,VM-74,Stage1-3-0,0,0,0,0,0,0,0,0
1784665174539,unknown,VM-79,Stage3-1-0,0,0,0,0,0,0,0,0
1784665174545,unknown,VM-77,Stage2-0-0,0,0,0,0,0,0,0,0
1784665174547,unknown,VM-78,Stage3-2-0,0,0,0,0,0,0,0,0
1784665174550,unknown,VM-75,Stage1-1-0,0,0,0,0,0,0,0,0
1784665174558,unknown,VM-73,Stage1-0-0,0,0,0,0,0,0,0,0
1784665174562,unknown,VM-76,Stage2-3-0,0,0,0,0,0,0,0,0
1784665175525,unknown,VM-74,Stage1-3-0,0,0,0,0,0,0,0,0
1784665175539,unknown,VM-79,Stage3-1-0,0,0,0,0,0,0,0,0
1784665175545,unknown,VM-77,Stage2-0-0,0,0,0,0,0,0,0,0
1784665175547,unknown,VM-78,Stage3-2-0,0,0,0,0,0,0,0,0
1784665175551,unknown,VM-75,Stage1-1-0,0,0,0,0,0,0,0,0
1784665175558,unknown,VM-73,Stage1-0-0,0,0,0,0,0,0,0,0
1784665175562,unknown,VM-76,Stage2-3-0,0,0,0,0,0,0,0,0
1784665176525,unknown,VM-74,Stage1-3-0,0,0,0,0,0,0,0,0
1784665176539,unknown,VM-79,Stage3-1-0,0,0,0,0,0,0,0,0
1784665176545,unknown,VM-77,Stage2-0-0,0,0,0,0,0,0,0,0
1784665176547,unknown,VM-78,Stage3-2-0,0,0,0,0,0,0,0,0
1784665176551,unknown,VM-75,Stage1-1-0,0,0,0,0,0,0,0,0
1784665176558,unknown,VM-73,Stage1-0-0,0,0,0,0,0,0,0,0
1784665176562,unknown,VM-76,Stage2-3-0,0,0,0,0,0,0,0,0
1784665177525,unknown,VM-74,Stage1-3-0,0,0,0,0,0,0,0,0
1784665177539,unknown,VM-79,Stage3-1-0,0,0,0,0,0,0,0,0
1784665177545,unknown,VM-77,Stage2-0-0,0,0,0,0,0,0,0,0
1784665177547,unknown,VM-78,Stage3-2-0,0,0,0,0,0,0,0,0
1784665177551,unknown,VM-75,Stage1-1-0,0,0,0,0,0,0,0,0
1784665177558,unknown,VM-73,Stage1-0-0,0,0,0,0,0,0,0,0
1784665177562,unknown,VM-76,Stage2-3-0,0,0,0,0,0,0,0,0
1784665178525,unknown,VM-74,Stage1-3-0,0,0,0,0,0,0,0,0
1784665178539,unknown,VM-79,Stage3-1-0,0,0,0,0,0,0,0,0
1784665178545,unknown,VM-77,Stage2-0-0,0,0,0,0,0,0,0,0
1784665178547,unknown,VM-78,Stage3-2-0,0,0,0,0,0,0,0,0
1784665178551,unknown,VM-75,Stage1-1-0,0,0,0,0,0,0,0,0
1784665178558,unknown,VM-73,Stage1-0-0,0,0,0,0,0,0,0,0
1784665178562,unknown,VM-76,Stage2-3-0,0,0,0,0,0,0,0,0
1784665179525,unknown,VM-74,Stage1-3-0,0,0,0,0,0,0,0,0
1784665179539,unknown,VM-79,Stage3-1-0,0,0,0,0,0,0,0,0
1784665179545,unknown,VM-77,Stage2-0-0,0,0,0,0,0,0,0,0
1784665179547,unknown,VM-78,Stage3-2-0,0,0,0,0,0,0,0,0
1784665179551,unknown,VM-75,Stage1-1-0,0,0,0,0,0,0,0,0
1784665179558,unknown,VM-73,Stage1-0-0,0,0,0,0,0,0,0,0
1784665179562,unknown,VM-76,Stage2-3-0,0,0,0,0,0,0,0,0
1784665180525,unknown,VM-74,Stage1-3-0,0,0,0,0,0,0,0,0
1784665180539,unknown,VM-79,Stage3-1-0,0,0,0,0,0,0,0,0
1784665180545,unknown,VM-77,Stage2-0-0,0,0,0,0,0,0,0,0
1784665180547,unknown,VM-78,Stage3-2-0,0,0,0,0,0,0,0,0
1784665180550,unknown,VM-75,Stage1-1-0,0,0,0,0,0,0,0,0
1784665180558,unknown,VM-73,Stage1-0-0,0,0,0,0,0,0,0,0
1784665180562,unknown,VM-76,Stage2-3-0,0,0,0,0,0,0,0,0
1784665181525,unknown,VM-74,Stage1-3-0,0,0,0,0,0,0,0,0
1784665181539,unknown,VM-79,Stage3-1-0,0,0,0,0,0,0,0,0
1784665181545,unknown,VM-77,Stage2-0-0,0,0,0,0,0,0,0,0
1784665181547,unknown,VM-78,Stage3-2-0,0,0,0,0,0,0,0,0
1784665181550,unknown,VM-75,Stage1-1-0,0,0,0,0,0,0,0,0
1784665181558,unknown,VM-73,Stage1-0-0,0,0,0,0,0,0,0,0
1784665181562,unknown,VM-76,Stage2-3-0,0,0,0,0,0,0,0,0
1784665182525,unknown,VM-74,Stage1-3-0,0,0,0,0,0,0,0,0
1784665182539,unknown,VM-79,Stage3-1-0,0,0,0,0,0,0,0,0
1784665182545,unknown,VM-77,Stage2-0-0,0,0,0,0,0,0,0,0
1784665182547,unknown,VM-78,Stage3-2-0,0,0,0,0,0,0,0,0
1784665182550,unknown,VM-75,Stage1-1-0,0,0,0,0,0,0,0,0
1784665182558,unknown,VM-73,Stage1-0-0,0,0,0,0,0,0,0,0
1784665182562,unknown,VM-76,Stage2-3-0,0,0,0,0,0,0,0,0
1784665183525,unknown,VM-74,Stage1-3-0,0,0,0,0,0,0,0,0
1784665183539,unknown,VM-79,Stage3-1-0,0,0,0,0,0,0,0,0
1784665183545,unknown,VM-77,Stage2-0-0,0,0,0,0,0,0,0,0
1784665183547,unknown,VM-78,Stage3-2-0,0,0,0,0,0,0,0,0
1784665183551,unknown,VM-75,Stage1-1-0,0,0,0,0,0,0,0,0
1784665183558,unknown,VM-73,Stage1-0-0,0,0,0,0,0,0,0,0
1784665183562,unknown,VM-76,Stage2-3-0,0,0,0,0,0,0,0,0
1784665184525,unknown,VM-74,Stage1-3-0,0,0,0,0,0,0,0,0
1784665184539,unknown,VM-79,Stage3-1-0,0,0,0,0,0,0,0,0
1784665184545,unknown,VM-77,Stage2-0-0,0,0,0,0,0,0,0,0
1784665184547,unknown,VM-78,Stage3-2-0,0,0,0,0,0,0,0,0
1784665184551,unknown,VM-75,Stage1-1-0,0,0,0,0,0,0,0,0
1784665184558,unknown,VM-73,Stage1-0-0,0,0,0,0,0,0,0,0
1784665184562,unknown,VM-76,Stage2-3-0,0,0,0,0,0,0,0,0
1784665185525,unknown,VM-74,Stage1-3-0,0,0,0,0,0,0,0,0
1784665185539,unknown,VM-79,Stage3-1-0,0,0,0,0,0,0,0,0
1784665185545,unknown,VM-77,Stage2-0-0,0,0,0,0,0,0,0,0
1784665185547,unknown,VM-78,Stage3-2-0,0,0,0,0,0,0,0,0
1784665185551,unknown,VM-75,Stage1-1-0,0,0,0,0,0,0,0,0
1784665185558,unknown,VM-73,Stage1-0-0,0,0,0,0,0,0,0,0
1784665185562,unknown,VM-76,Stage2-3-0,0,0,0,0,0,0,0,0
1784665186525,unknown,VM-74,Stage1-3-0,0,0,0,0,0,0,0,0
1784665186539,unknown,VM-79,Stage3-1-0,0,0,0,0,0,0,0,0
1784665186545,unknown,VM-77,Stage2-0-0,0,0,0,0,0,0,0,0
1784665186547,unknown,VM-78,Stage3-2-0,0,0,0,0,0,0,0,0
1784665186551,unknown,VM-75,Stage1-1-0,0,0,0,0,0,0,0,0
1784665186558,unknown,VM-73,Stage1-0-0,0,0,0,0,0,0,0,0
1784665186562,unknown,VM-76,Stage2-3-0,0,0,0,0,0,0,0,0
1784665187525,unknown,VM-74,Stage1-3-0,0,0,0,0,0,0,0,0
1784665187539,unknown,VM-79,Stage3-1-0,0,0,0,0,0,0,0,0
1784665187545,unknown,VM-77,Stage2-0-0,0,0,0,0,0,0,0,0
1784665187547,unknown,VM-78,Stage3-2-0,0,0,0,0,0,0,0,0
1784665187551,unknown,VM-75,Stage1-1-0,0,0,0,0,0,0,0,0
1784665187558,unknown,VM-73,Stage1-0-0,0,0,0,0,0,0,0,0
1784665187562,unknown,VM-76,Stage2-3-0,0,0,0,0,0,0,0,0
1784665188525,unknown,VM-74,Stage1-3-0,0,0,0,0,0,0,0,0
1784665188539,unknown,VM-79,Stage3-1-0,0,0,0,0,0,0,0,0
1784665188545,unknown,VM-77,Stage2-0-0,0,0,0,0,0,0,0,0
1784665188547,unknown,VM-78,Stage3-2-0,0,0,0,0,0,0,0,0
1784665188550,unknown,VM-75,Stage1-1-0,0,0,0,0,0,0,0,0
1784665188558,unknown,VM-73,Stage1-0-0,0,0,0,0,0,0,0,0
1784665188562,unknown,VM-76,Stage2-3-0,0,0,0,0,0,0,0,0
1784665189525,unknown,VM-74,Stage1-3-0,0,0,0,0,0,0,0,0
1784665189539,unknown,VM-79,Stage3-1-0,0,0,0,0,0,0,0,0
1784665189545,unknown,VM-77,Stage2-0-0,0,0,0,0,0,0,0,0
1784665189547,unknown,VM-78,Stage3-2-0,0,0,0,0,0,0,0,0
1784665189550,unknown,VM-75,Stage1-1-0,0,0,0,0,0,0,0,0
1784665189558,unknown,VM-73,Stage1-0-0,0,0,0,0,0,0,0,0
1784665189562,unknown,VM-76,Stage2-3-0,0,0,0,0,0,0,0,0
1784665190525,unknown,VM-74,Stage1-3-0,0,0,0,0,0,0,0,0
1784665190539,unknown,VM-79,Stage3-1-0,0,0,0,0,0,0,0,0
1784665190545,unknown,VM-77,Stage2-0-0,0,0,0,0,0,0,0,0
1784665190547,unknown,VM-78,Stage3-2-0,0,0,0,0,0,0,0,0
1784665190550,unknown,VM-75,Stage1-1-0,0,0,0,0,0,0,0,0
1784665190558,unknown,VM-73,Stage1-0-0,0,0,0,0,0,0,0,0
1784665190562,unknown,VM-76,Stage2-3-0,0,0,0,0,0,0,0,0
1784665191525,unknown,VM-74,Stage1-3-0,0,0,0,0,0,0,0,0
1784665191539,unknown,VM-79,Stage3-1-0,0,0,0,0,0,0,0,0
1784665191545,unknown,VM-77,Stage2-0-0,0,0,0,0,0,0,0,0
1784665191547,unknown,VM-78,Stage3-2-0,0,0,0,0,0,0,0,0
1784665191551,unknown,VM-75,Stage1-1-0,0,0,0,0,0,0,0,0
1784665191558,unknown,VM-73,Stage1-0-0,0,0,0,0,0,0,0,0
1784665191562,unknown,VM-76,Stage2-3-0,0,0,0,0,0,0,0,0
1784665192525,unknown,VM-74,Stage1-3-0,0,0,0,0,0,0,0,0
1784665192539,unknown,VM-79,Stage3-1-0,0,0,0,0,0,0,0,0
1784665192545,unknown,VM-77,Stage2-0-0,0,0,0,0,0,0,0,0
1784665192547,unknown,VM-78,Stage3-2-0,0,0,0,0,0,0,0,0
1784665192551,unknown,VM-75,Stage1-1-0,0,0,0,0,0,0,0,0
1784665192558,unknown,VM-73,Stage1-0-0,0,0,0,0,0,0,0,0
1784665192562,unknown,VM-76,Stage2-3-0,0,0,0,0,0,0,0,0
1784665193525,unknown,VM-74,Stage1-3-0,0,0,0,0,0,0,0,0
1784665193539,unknown,VM-79,Stage3-1-0,0,0,0,0,0,0,0,0
1784665193545,unknown,VM-77,Stage2-0-0,0,0,0,0,0,0,0,0
1784665193547,unknown,VM-78,Stage3-2-0,0,0,0,0,0,0,0,0
1784665193551,unknown,VM-75,Stage1-1-0,0,0,0,0,0,0,0,0
1784665193558,unknown,VM-73,Stage1-0-0,0,0,0,0,0,0,0,0
1784665193562,unknown,VM-76,Stage2-3-0,0,0,0,0,0,0,0,0
1784665194525,unknown,VM-74,Stage1-3-0,0,0,0,0,0,0,0,0
1784665194539,unknown,VM-79,Stage3-1-0,0,0,0,0,0,0,0,0
1784665194545,unknown,VM-77,Stage2-0-0,0,0,0,0,0,0,0,0
1784665194547,unknown,VM-78,Stage3-2-0,0,0,0,0,0,0,0,0
1784665194551,unknown,VM-75,Stage1-1-0,0,0,0,0,0,0,0,0
1784665194558,unknown,VM-73,Stage1-0-0,0,0,0,0,0,0,0,0
1784665194562,unknown,VM-76,Stage2-3-0,0,0,0,0,0,0,0,0
1784665195525,unknown,VM-74,Stage1-3-0,0,0,0,0,0,0,0,0
1784665195539,unknown,VM-79,Stage3-1-0,0,0,0,0,0,0,0,0
1784665195544,unknown,VM-77,Stage2-0-0,0,0,0,0,0,0,0,0
1784665195547,unknown,VM-78,Stage3-2-0,0,0,0,0,0,0,0,0
1784665195550,unknown,VM-75,Stage1-1-0,0,0,0,0,0,0,0,0
1784665195558,unknown,VM-73,Stage1-0-0,0,0,0,0,0,0,0,0
1784665195562,unknown,VM-76,Stage2-3-0,0,0,0,0,0,0,0,0
1784665196525,unknown,VM-74,Stage1-3-0,0,0,0,0,0,0,0,0
1784665196539,unknown,VM-79,Stage3-1-0,0,0,0,0,0,0,0,0
1784665196544,unknown,VM-77,Stage2-0-0,0,0,0,0,0,0,0,0
1784665196547,unknown,VM-78,Stage3-2-0,0,0,0,0,0,0,0,0
1784665196551,unknown,VM-75,Stage1-1-0,0,0,0,0,0,0,0,0
1784665196558,unknown,VM-73,Stage1-0-0,0,0,0,0,0,0,0,0
1784665196562,unknown,VM-76,Stage2-3-0,0,0,0,0,0,0,0,0
1784665197525,unknown,VM-74,Stage1-3-0,0,0,0,0,0,0,0,0
1784665197539,unknown,VM-79,Stage3-1-0,0,0,0,0,0,0,0,0
1784665197544,unknown,VM-77,Stage2-0-0,0,0,0,0,0,0,0,0
1784665197547,unknown,VM-78,Stage3-2-0,0,0,0,0,0,0,0,0
1784665197550,unknown,VM-75,Stage1-1-0,0,0,0,0,0,0,0,0
1784665197558,unknown,VM-73,Stage1-0-0,0,0,0,0,0,0,0,0
1784665197562,unknown,VM-76,Stage2-3-0,0,0,0,0,0,0,0,0
1784665198525,unknown,VM-74,Stage1-3-0,0,0,0,0,0,0,0,0
1784665198539,unknown,VM-79,Stage3-1-0,0,0,0,0,0,0,0,0
1784665198544,unknown,VM-77,Stage2-0-0,0,0,0,0,0,0,0,0
1784665198547,unknown,VM-78,Stage3-2-0,0,0,0,0,0,0,0,0
1784665198551,unknown,VM-75,Stage1-1-0,0,0,0,0,0,0,0,0
1784665198558,unknown,VM-73,Stage1-0-0,0,0,0,0,0,0,0,0
1784665198562,unknown,VM-76,Stage2-3-0,0,0,0,0,0,0,0,0
1784665199525,unknown,VM-74,Stage1-3-0,0,0,0,0,0,0,0,0
1784665199539,unknown,VM-79,Stage3-1-0,0,0,0,0,0,0,0,0
1784665199544,unknown,VM-77,Stage2-0-0,0,0,0,0,0,0,0,0
1784665199547,unknown,VM-78,Stage3-2-0,0,0,0,0,0,0,0,0
1784665199551,unknown,VM-75,Stage1-1-0,0,0,0,0,0,0,0,0
1784665199558,unknown,VM-73,Stage1-0-0,0,0,0,0,0,0,0,0
1784665199562,unknown,VM-76,Stage2-3-0,0,0,0,0,0,0,0,0
1784665200525,unknown,VM-74,Stage1-3-0,0,0,0,0,0,0,0,0
1784665200539,unknown,VM-79,Stage3-1-0,0,0,0,0,0,0,0,0
1784665200545,unknown,VM-77,Stage2-0-0,0,0,0,0,0,0,0,0
1784665200547,unknown,VM-78,Stage3-2-0,0,0,0,0,0,0,0,0
1784665200551,unknown,VM-75,Stage1-1-0,0,0,0,0,0,0,0,0
1784665200558,unknown,VM-73,Stage1-0-0,0,0,0,0,0,0,0,0
1784665200562,unknown,VM-76,Stage2-3-0,0,0,0,0,0,0,0,0
1784665201525,unknown,VM-74,Stage1-3-0,0,0,0,0,0,0,0,0
1784665201539,unknown,VM-79,Stage3-1-0,0,0,0,0,0,0,0,0
1784665201545,unknown,VM-77,Stage2-0-0,0,0,0,0,0,0,0,0
1784665201547,unknown,VM-78,Stage3-2-0,0,0,0,0,0,0,0,0
1784665201551,unknown,VM-75,Stage1-1-0,0,0,0,0,0,0,0,0
1784665201558,unknown,VM-73,Stage1-0-0,0,0,0,0,0,0,0,0
1784665201562,unknown,VM-76,Stage2-3-0,0,0,0,0,0,0,0,0
1784665202525,unknown,VM-74,Stage1-3-0,0,0,0,0,0,0,0,0
1784665202539,unknown,VM-79,Stage3-1-0,0,0,0,0,0,0,0,0
1784665202545,unknown,VM-77,Stage2-0-0,0,0,0,0,0,0,0,0
1784665202547,unknown,VM-78,Stage3-2-0,0,0,0,0,0,0,0,0
1784665202551,unknown,VM-75,Stage1-1-0,0,0,0,0,0,0,0,0
1784665202558,unknown,VM-73,Stage1-0-0,0,0,0,0,0,0,0,0
1784665202562,unknown,VM-76,Stage2-3-0,0,0,0,0,0,0,0,0
1784665203525,unknown,VM-74,Stage1-3-0,0,0,0,0,0,0,0,0
1784665203539,unknown,VM-79,Stage3-1-0,0,0,0,0,0,0,0,0
1784665203545,unknown,VM-77,Stage2-0-0,0,0,0,0,0,0,0,0
1784665203547,unknown,VM-78,Stage3-2-0,0,0,0,0,0,0,0,0
1784665203551,unknown,VM-75,Stage1-1-0,0,0,0,0,0,0,0,0
1784665203558,unknown,VM-73,Stage1-0-0,0,0,0,0,0,0,0,0
1784665203562,unknown,VM-76,Stage2-3-0,0,0,0,0,0,0,0,0
1784665204525,unknown,VM-74,Stage1-3-0,0,0,0,0,0,0,0,0
1784665204539,unknown,VM-79,Stage3-1-0,0,0,0,0,0,0,0,0
1784665204545,unknown,VM-77,Stage2-0-0,0,0,0,0,0,0,0,0
1784665204547,unknown,VM-78,Stage3-2-0,0,0,0,0,0,0,0,0
1784665204550,unknown,VM-75,Stage1-1-0,0,0,0,0,0,0,0,0
1784665204558,unknown,VM-73,Stage1-0-0,0,0,0,0,0,0,0,0
1784665204562,unknown,VM-76,Stage2-3-0,0,0,0,0,0,0,0,0
1784665205525,unknown,VM-74,Stage1-3-0,0,0,0,0,0,0,0,0
1784665205539,unknown,VM-79,Stage3-1-0,0,0,0,0,0,0,0,0
1784665205545,unknown,VM-77,Stage2-0-0,0,0,0,0,0,0,0,0
1784665205547,unknown,VM-78,Stage3-2-0,0,0,0,0,0,0,0,0
1784665205550,unknown,VM-75,Stage1-1-0,0,0,0,0,0,0,0,0
1784665205558,unknown,VM-73,Stage1-0-0,0,0,0,0,0,0,0,0
1784665205562,unknown,VM-76,Stage2-3-0,0,0,0,0,0,0,0,0
1784665206525,unknown,VM-74,Stage1-3-0,0,0,0,0,0,0,0,0
1784665206539,unknown,VM-79,Stage3-1-0,0,0,0,0,0,0,0,0
1784665206545,unknown,VM-77,Stage2-0-0,0,0,0,0,0,0,0,0
1784665206547,unknown,VM-78,Stage3-2-0,0,0,0,0,0,0,0,0
1784665206550,unknown,VM-75,Stage1-1-0,0,0,0,0,0,0,0,0
1784665206558,unknown,VM-73,Stage1-0-0,0,0,0,0,0,0,0,0
1784665206562,unknown,VM-76,Stage2-3-0,0,0,0,0,0,0,0,0
1784665207525,unknown,VM-74,Stage1-3-0,0,0,0,0,0,0,0,0
1784665207539,unknown,VM-79,Stage3-1-0,0,0,0,0,0,0,0,0
1784665207545,unknown,VM-77,Stage2-0-0,0,0,0,0,0,0,0,0
1784665207547,unknown,VM-78,Stage3-2-0,0,0,0,0,0,0,0,0
1784665207551,unknown,VM-75,Stage1-1-0,0,0,0,0,0,0,0,0
1784665207558,unknown,VM-73,Stage1-0-0,0,0,0,0,0,0,0,0
1784665207562,unknown,VM-76,Stage2-3-0,0,0,0,0,0,0,0,0
1784665208525,unknown,VM-74,Stage1-3-0,0,0,0,0,0,0,0,0
1784665208539,unknown,VM-79,Stage3-1-0,0,0,0,0,0,0,0,0
1784665208545,unknown,VM-77,Stage2-0-0,0,0,0,0,0,0,0,0
1784665208547,unknown,VM-78,Stage3-2-0,0,0,0,0,0,0,0,0
1784665208551,unknown,VM-75,Stage1-1-0,0,0,0,0,0,0,0,0
1784665208558,unknown,VM-73,Stage1-0-0,0,0,0,0,0,0,0,0
1784665208562,unknown,VM-76,Stage2-3-0,0,0,0,0,0,0,0,0
1784665209525,unknown,VM-74,Stage1-3-0,0,0,0,0,0,0,0,0
1784665209539,unknown,VM-79,Stage3-1-0,0,0,0,0,0,0,0,0
1784665209545,unknown,VM-77,Stage2-0-0,0,0,0,0,0,0,0,0
1784665209547,unknown,VM-78,Stage3-2-0,0,0,0,0,0,0,0,0
1784665209551,unknown,VM-75,Stage1-1-0,0,0,0,0,0,0,0,0
1784665209558,unknown,VM-73,Stage1-0-0,0,0,0,0,0,0,0,0
1784665209562,unknown,VM-76,Stage2-3-0,0,0,0,0,0,0,0,0
1784665210525,unknown,VM-74,Stage1-3-0,0,0,0,0,0,0,0,0
1784665210539,unknown,VM-79,Stage3-1-0,0,0,0,0,0,0,0,0
1784665210545,unknown,VM-77,Stage2-0-0,0,0,0,0,0,0,0,0
1784665210547,unknown,VM-78,Stage3-2-0,0,0,0,0,0,0,0,0
1784665210551,unknown,VM-75,Stage1-1-0,0,0,0,0,0,0,0,0
1784665210558,unknown,VM-73,Stage1-0-0,0,0,0,0,0,0,0,0
1784665210562,unknown,VM-76,Stage2-3-0,0,0,0,0,0,0,0,0
1784665211525,unknown,VM-74,Stage1-3-0,0,0,0,0,0,0,0,0
1784665211539,unknown,VM-79,Stage3-1-0,0,0,0,0,0,0,0,0
1784665211545,unknown,VM-77,Stage2-0-0,0,0,0,0,0,0,0,0
1784665211547,unknown,VM-78,Stage3-2-0,0,0,0,0,0,0,0,0
1784665211551,unknown,VM-75,Stage1-1-0,0,0,0,0,0,0,0,0
1784665211558,unknown,VM-73,Stage1-0-0,0,0,0,0,0,0,0,0
1784665211562,unknown,VM-76,Stage2-3-0,0,0,0,0,0,0,0,0
1784665212525,unknown,VM-74,Stage1-3-0,0,0,0,0,0,0,0,0
1784665212539,unknown,VM-79,Stage3-1-0,0,0,0,0,0,0,0,0
1784665212545,unknown,VM-77,Stage2-0-0,0,0,0,0,0,0,0,0
1784665212547,unknown,VM-78,Stage3-2-0,0,0,0,0,0,0,0,0
1784665212550,unknown,VM-75,Stage1-1-0,0,0,0,0,0,0,0,0
1784665212558,unknown,VM-73,Stage1-0-0,0,0,0,0,0,0,0,0
1784665212562,unknown,VM-76,Stage2-3-0,0,0,0,0,0,0,0,0
1784665213525,unknown,VM-74,Stage1-3-0,0,0,0,0,0,0,0,0
1784665213539,unknown,VM-79,Stage3-1-0,0,0,0,0,0,0,0,0
1784665213545,unknown,VM-77,Stage2-0-0,0,0,0,0,0,0,0,0
1784665213547,unknown,VM-78,Stage3-2-0,0,0,0,0,0,0,0,0
1784665213550,unknown,VM-75,Stage1-1-0,0,0,0,0,0,0,0,0
1784665213558,unknown,VM-73,Stage1-0-0,0,0,0,0,0,0,0,0
1784665213562,unknown,VM-76,Stage2-3-0,0,0,0,0,0,0,0,0
1784665214525,unknown,VM-74,Stage1-3-0,0,0,0,0,0,0,0,0
1784665214539,unknown,VM-79,Stage3-1-0,0,0,0,0,0,0,0,0
1784665214545,unknown,VM-77,Stage2-0-0,0,0,0,0,0,0,0,0
1784665214547,unknown,VM-78,Stage3-2-0,0,0,0,0,0,0,0,0
1784665214550,unknown,VM-75,Stage1-1-0,0,0,0,0,0,0,0,0
1784665214558,unknown,VM-73,Stage1-0-0,0,0,0,0,0,0,0,0
1784665214562,unknown,VM-76,Stage2-3-0,0,0,0,0,0,0,0,0
1784665215525,unknown,VM-74,Stage1-3-0,0,0,0,0,0,0,0,0
1784665215539,unknown,VM-79,Stage3-1-0,0,0,0,0,0,0,0,0
1784665215545,unknown,VM-77,Stage2-0-0,0,0,0,0,0,0,0,0
1784665215547,unknown,VM-78,Stage3-2-0,0,0,0,0,0,0,0,0
1784665215551,unknown,VM-75,Stage1-1-0,0,0,0,0,0,0,0,0
1784665215558,unknown,VM-73,Stage1-0-0,0,0,0,0,0,0,0,0
1784665215562,unknown,VM-76,Stage2-3-0,0,0,0,0,0,0,0,0
1784665216525,unknown,VM-74,Stage1-3-0,0,0,0,0,0,0,0,0
1784665216539,unknown,VM-79,Stage3-1-0,0,0,0,0,0,0,0,0
1784665216545,unknown,VM-77,Stage2-0-0,0,0,0,0,0,0,0,0
1784665216547,unknown,VM-78,Stage3-2-0,0,0,0,0,0,0,0,0
1784665216551,unknown,VM-75,Stage1-1-0,0,0,0,0,0,0,0,0
1784665216558,unknown,VM-73,Stage1-0-0,0,0,0,0,0,0,0,0
1784665216562,unknown,VM-76,Stage2-3-0,0,0,0,0,0,0,0,0
1784665217525,unknown,VM-74,Stage1-3-0,0,0,0,0,0,0,0,0
1784665217539,unknown,VM-79,Stage3-1-0,0,0,0,0,0,0,0,0
1784665217545,unknown,VM-77,Stage2-0-0,0,0,0,0,0,0,0,0
1784665217547,unknown,VM-78,Stage3-2-0,0,0,0,0,0,0,0,0
1784665217551,unknown,VM-75,Stage1-1-0,0,0,0,0,0,0,0,0
1784665217558,unknown,VM-73,Stage1-0-0,0,0,0,0,0,0,0,0
1784665217562,unknown,VM-76,Stage2-3-0,0,0,0,0,0,0,0,0
1784665218525,unknown,VM-74,Stage1-3-0,0,0,0,0,0,0,0,0
1784665218539,unknown,VM-79,Stage3-1-0,0,0,0,0,0,0,0,0
1784665218545,unknown,VM-77,Stage2-0-0,0,0,0,0,0,0,0,0
1784665218547,unknown,VM-78,Stage3-2-0,0,0,0,0,0,0,0,0
1784665218551,unknown,VM-75,Stage1-1-0,0,0,0,0,0,0,0,0
1784665218558,unknown,VM-73,Stage1-0-0,0,0,0,0,0,0,0,0
1784665218562,unknown,VM-76,Stage2-3-0,0,0,0,0,0,0,0,0
1784665219525,unknown,VM-74,Stage1-3-0,0,0,0,0,0,0,0,0
1784665219539,unknown,VM-79,Stage3-1-0,0,0,0,0,0,0,0,0
1784665219545,unknown,VM-77,Stage2-0-0,0,0,0,0,0,0,0,0
1784665219547,unknown,VM-78,Stage3-2-0,0,0,0,0,0,0,0,0
1784665219551,unknown,VM-75,Stage1-1-0,0,0,0,0,0,0,0,0
1784665219558,unknown,VM-73,Stage1-0-0,0,0,0,0,0,0,0,0
1784665219562,unknown,VM-76,Stage2-3-0,0,0,0,0,0,0,0,0
1784665220525,unknown,VM-74,Stage1-3-0,0,0,0,0,0,0,0,0
1784665220539,unknown,VM-79,Stage3-1-0,0,0,0,0,0,0,0,0
1784665220545,unknown,VM-77,Stage2-0-0,0,0,0,0,0,0,0,0
1784665220547,unknown,VM-78,Stage3-2-0,0,0,0,0,0,0,0,0
1784665220551,unknown,VM-75,Stage1-1-0,0,0,0,0,0,0,0,0
1784665220558,unknown,VM-73,Stage1-0-0,0,0,0,0,0,0,0,0
1784665220562,unknown,VM-76,Stage2-3-0,0,0,0,0,0,0,0,0
1784665221525,unknown,VM-74,Stage1-3-0,0,0,0,0,0,0,0,0
1784665221539,unknown,VM-79,Stage3-1-0,0,0,0,0,0,0,0,0
1784665221545,unknown,VM-77,Stage2-0-0,0,0,0,0,0,0,0,0
1784665221547,unknown,VM-78,Stage3-2-0,0,0,0,0,0,0,0,0
1784665221551,unknown,VM-75,Stage1-1-0,0,0,0,0,0,0,0,0
1784665221558,unknown,VM-73,Stage1-0-0,0,0,0,0,0,0,0,0
1784665221562,unknown,VM-76,Stage2-3-0,0,0,0,0,0,0,0,0
1784665222525,unknown,VM-74,Stage1-3-0,0,0,0,0,0,0,0,0
1784665222539,unknown,VM-79,Stage3-1-0,0,0,0,0,0,0,0,0
1784665222545,unknown,VM-77,Stage2-0-0,0,0,0,0,0,0,0,0
1784665222547,unknown,VM-78,Stage3-2-0,0,0,0,0,0,0,0,0
1784665222551,unknown,VM-75,Stage1-1-0,0,0,0,0,0,0,0,0
1784665222558,unknown,VM-73,Stage1-0-0,0,0,0,0,0,0,0,0
1784665222562,unknown,VM-76,Stage2-3-0,0,0,0,0,0,0,0,0
1784665223525,unknown,VM-74,Stage1-3-0,0,0,0,0,0,0,0,0
1784665223539,unknown,VM-79,Stage3-1-0,0,0,0,0,0,0,0,0
1784665223545,unknown,VM-77,Stage2-0-0,0,0,0,0,0,0,0,0
1784665223547,unknown,VM-78,Stage3-2-0,0,0,0,0,0,0,0,0
1784665223551,unknown,VM-75,Stage1-1-0,0,0,0,0,0,0,0,0
1784665223558,unknown,VM-73,Stage1-0-0,0,0,0,0,0,0,0,0
1784665223562,unknown,VM-76,Stage2-3-0,0,0,0,0,0,0,0,0
1784665224525,unknown,VM-74,Stage1-3-0,0,0,0,0,0,0,0,0
1784665224539,unknown,VM-79,Stage3-1-0,0,0,0,0,0,0,0,0
1784665224545,unknown,VM-77,Stage2-0-0,0,0,0,0,0,0,0,0
1784665224547,unknown,VM-78,Stage3-2-0,0,0,0,0,0,0,0,0
1784665224550,unknown,VM-75,Stage1-1-0,0,0,0,0,0,0,0,0
1784665224558,unknown,VM-73,Stage1-0-0,0,0,0,0,0,0,0,0
1784665224562,unknown,VM-76,Stage2-3-0,0,0,0,0,0,0,0,0
1784665225525,unknown,VM-74,Stage1-3-0,0,0,0,0,0,0,0,0
1784665225539,unknown,VM-79,Stage3-1-0,0,0,0,0,0,0,0,0
1784665225545,unknown,VM-77,Stage2-0-0,0,0,0,0,0,0,0,0
1784665225547,unknown,VM-78,Stage3-2-0,0,0,0,0,0,0,0,0
1784665225550,unknown,VM-75,Stage1-1-0,0,0,0,0,0,0,0,0
1784665225558,unknown,VM-73,Stage1-0-0,0,0,0,0,0,0,0,0
1784665225562,unknown,VM-76,Stage2-3-0,0,0,0,0,0,0,0,0
1784665226525,unknown,VM-74,Stage1-3-0,0,0,0,0,0,0,0,0
1784665226539,unknown,VM-79,Stage3-1-0,0,0,0,0,0,0,0,0
1784665226544,unknown,VM-77,Stage2-0-0,0,0,0,0,0,0,0,0
1784665226547,unknown,VM-78,Stage3-2-0,0,0,0,0,0,0,0,0
1784665226550,unknown,VM-75,Stage1-1-0,0,0,0,0,0,0,0,0
1784665226558,unknown,VM-73,Stage1-0-0,0,0,0,0,0,0,0,0
1784665226562,unknown,VM-76,Stage2-3-0,0,0,0,0,0,0,0,0
1784665227525,unknown,VM-74,Stage1-3-0,0,0,0,0,0,0,0,0
1784665227539,unknown,VM-79,Stage3-1-0,0,0,0,0,0,0,0,0
1784665227544,unknown,VM-77,Stage2-0-0,0,0,0,0,0,0,0,0
1784665227547,unknown,VM-78,Stage3-2-0,0,0,0,0,0,0,0,0
1784665227551,unknown,VM-75,Stage1-1-0,0,0,0,0,0,0,0,0
1784665227558,unknown,VM-73,Stage1-0-0,0,0,0,0,0,0,0,0
1784665227562,unknown,VM-76,Stage2-3-0,0,0,0,0,0,0,0,0
1784665228525,unknown,VM-74,Stage1-3-0,0,0,0,0,0,0,0,0
1784665228539,unknown,VM-79,Stage3-1-0,0,0,0,0,0,0,0,0
1784665228544,unknown,VM-77,Stage2-0-0,0,0,0,0,0,0,0,0
1784665228547,unknown,VM-78,Stage3-2-0,0,0,0,0,0,0,0,0
1784665228551,unknown,VM-75,Stage1-1-0,0,0,0,0,0,0,0,0
1784665228558,unknown,VM-73,Stage1-0-0,0,0,0,0,0,0,0,0
1784665228562,unknown,VM-76,Stage2-3-0,0,0,0,0,0,0,0,0
1784665229525,unknown,VM-74,Stage1-3-0,0,0,0,0,0,0,0,0
1784665229539,unknown,VM-79,Stage3-1-0,0,0,0,0,0,0,0,0
1784665229545,unknown,VM-77,Stage2-0-0,0,0,0,0,0,0,0,0
1784665229547,unknown,VM-78,Stage3-2-0,0,0,0,0,0,0,0,0
1784665229551,unknown,VM-75,Stage1-1-0,0,0,0,0,0,0,0,0
1784665229558,unknown,VM-73,Stage1-0-0,0,0,0,0,0,0,0,0
1784665229562,unknown,VM-76,Stage2-3-0,0,0,0,0,0,0,0,0
1784665230525,unknown,VM-74,Stage1-3-0,0,0,0,0,0,0,0,0
1784665230539,unknown,VM-79,Stage3-1-0,0,0,0,0,0,0,0,0
1784665230545,unknown,VM-77,Stage2-0-0,0,0,0,0,0,0,0,0
1784665230547,unknown,VM-78,Stage3-2-0,0,0,0,0,0,0,0,0
1784665230551,unknown,VM-75,Stage1-1-0,0,0,0,0,0,0,0,0
1784665230558,unknown,VM-73,Stage1-0-0,0,0,0,0,0,0,0,0
1784665230562,unknown,VM-76,Stage2-3-0,0,0,0,0,0,0,0,0
1784665231525,unknown,VM-74,Stage1-3-0,0,0,0,0,0,0,0,0
1784665231539,unknown,VM-79,Stage3-1-0,0,0,0,0,0,0,0,0
1784665231545,unknown,VM-77,Stage2-0-0,0,0,0,0,0,0,0,0
1784665231547,unknown,VM-78,Stage3-2-0,0,0,0,0,0,0,0,0
1784665231551,unknown,VM-75,Stage1-1-0,0,0,0,0,0,0,0,0
1784665231558,unknown,VM-73,Stage1-0-0,0,0,0,0,0,0,0,0
1784665231562,unknown,VM-76,Stage2-3-0,0,0,0,0,0,0,0,0
1784665232525,unknown,VM-74,Stage1-3-0,0,0,0,0,0,0,0,0
1784665232539,unknown,VM-79,Stage3-1-0,0,0,0,0,0,0,0,0
1784665232545,unknown,VM-77,Stage2-0-0,0,0,0,0,0,0,0,0
1784665232547,unknown,VM-78,Stage3-2-0,0,0,0,0,0,0,0,0
1784665232551,unknown,VM-75,Stage1-1-0,0,0,0,0,0,0,0,0
1784665232558,unknown,VM-73,Stage1-0-0,0,0,0,0,0,0,0,0
1784665232562,unknown,VM-76,Stage2-3-0,0,0,0,0,0,0,0,0
1784665233525,unknown,VM-74,Stage1-3-0,0,0,0,0,0,0,0,0
1784665233539,unknown,VM-79,Stage3-1-0,0,0,0,0,0,0,0,0
1784665233545,unknown,VM-77,Stage2-0-0,0,0,0,0,0,0,0,0
1784665233547,unknown,VM-78,Stage3-2-0,0,0,0,0,0,0,0,0
1784665233551,unknown,VM-75,Stage1-1-0,0,0,0,0,0,0,0,0
1784665233558,unknown,VM-73,Stage1-0-0,0,0,0,0,0,0,0,0
1784665233562,unknown,VM-76,Stage2-3-0,0,0,0,0,0,0,0,0
1784665234525,unknown,VM-74,Stage1-3-0,0,0,0,0,0,0,0,0
1784665234539,unknown,VM-79,Stage3-1-0,0,0,0,0,0,0,0,0
1784665234545,unknown,VM-77,Stage2-0-0,0,0,0,0,0,0,0,0
1784665234547,unknown,VM-78,Stage3-2-0,0,0,0,0,0,0,0,0
1784665234551,unknown,VM-75,Stage1-1-0,0,0,0,0,0,0,0,0
1784665234558,unknown,VM-73,Stage1-0-0,0,0,0,0,0,0,0,0
1784665234562,unknown,VM-76,Stage2-3-0,0,0,0,0,0,0,0,0
1784665235525,unknown,VM-74,Stage1-3-0,0,0,0,0,0,0,0,0
1784665235539,unknown,VM-79,Stage3-1-0,0,0,0,0,0,0,0,0
1784665235545,unknown,VM-77,Stage2-0-0,0,0,0,0,0,0,0,0
1784665235547,unknown,VM-78,Stage3-2-0,0,0,0,0,0,0,0,0
1784665235550,unknown,VM-75,Stage1-1-0,0,0,0,0,0,0,0,0
1784665235558,unknown,VM-73,Stage1-0-0,0,0,0,0,0,0,0,0
1784665235562,unknown,VM-76,Stage2-3-0,0,0,0,0,0,0,0,0
1784665236525,unknown,VM-74,Stage1-3-0,0,0,0,0,0,0,0,0
1784665236539,unknown,VM-79,Stage3-1-0,0,0,0,0,0,0,0,0
1784665236545,unknown,VM-77,Stage2-0-0,0,0,0,0,0,0,0,0
1784665236547,unknown,VM-78,Stage3-2-0,0,0,0,0,0,0,0,0
1784665236550,unknown,VM-75,Stage1-1-0,0,0,0,0,0,0,0,0
1784665236558,unknown,VM-73,Stage1-0-0,0,0,0,0,0,0,0,0
1784665236562,unknown,VM-76,Stage2-3-0,0,0,0,0,0,0,0,0
1784665237525,unknown,VM-74,Stage1-3-0,0,0,0,0,0,0,0,0
1784665237539,unknown,VM-79,Stage3-1-0,0,0,0,0,0,0,0,0
1784665237545,unknown,VM-77,Stage2-0-0,0,0,0,0,0,0,0,0
1784665237547,unknown,VM-78,Stage3-2-0,0,0,0,0,0,0,0,0
1784665237550,unknown,VM-75,Stage1-1-0,0,0,0,0,0,0,0,0
1784665237558,unknown,VM-73,Stage1-0-0,0,0,0,0,0,0,0,0
1784665237562,unknown,VM-76,Stage2-3-0,0,0,0,0,0,0,0,0
1784665238525,unknown,VM-74,Stage1-3-0,0,0,0,0,0,0,0,0
1784665238539,unknown,VM-79,Stage3-1-0,0,0,0,0,0,0,0,0
1784665238545,unknown,VM-77,Stage2-0-0,0,0,0,0,0,0,0,0
1784665238547,unknown,VM-78,Stage3-2-0,0,0,0,0,0,0,0,0
1784665238550,unknown,VM-75,Stage1-1-0,0,0,0,0,0,0,0,0
1784665238558,unknown,VM-73,Stage1-0-0,0,0,0,0,0,0,0,0
1784665238562,unknown,VM-76,Stage2-3-0,0,0,0,0,0,0,0,0
1784665239525,unknown,VM-74,Stage1-3-0,0,0,0,0,0,0,0,0
1784665239539,unknown,VM-79,Stage3-1-0,0,0,0,0,0,0,0,0
1784665239545,unknown,VM-77,Stage2-0-0,0,0,0,0,0,0,0,0
1784665239547,unknown,VM-78,Stage3-2-0,0,0,0,0,0,0,0,0
1784665239551,unknown,VM-75,Stage1-1-0,0,0,0,0,0,0,0,0
1784665239558,unknown,VM-73,Stage1-0-0,0,0,0,0,0,0,0,0
1784665239562,unknown,VM-76,Stage2-3-0,0,0,0,0,0,0,0,0
1784665240525,unknown,VM-74,Stage1-3-0,0,0,0,0,0,0,0,0
1784665240539,unknown,VM-79,Stage3-1-0,0,0,0,0,0,0,0,0
1784665240545,unknown,VM-77,Stage2-0-0,0,0,0,0,0,0,0,0
1784665240547,unknown,VM-78,Stage3-2-0,0,0,0,0,0,0,0,0
1784665240550,unknown,VM-75,Stage1-1-0,0,0,0,0,0,0,0,0
1784665240558,unknown,VM-73,Stage1-0-0,0,0,0,0,0,0,0,0
1784665240562,unknown,VM-76,Stage2-3-0,0,0,0,0,0,0,0,0
1784665241525,unknown,VM-74,Stage1-3-0,0,0,0,0,0,0,0,0
1784665241539,unknown,VM-79,Stage3-1-0,0,0,0,0,0,0,0,0
1784665241545,unknown,VM-77,Stage2-0-0,0,0,0,0,0,0,0,0
1784665241547,unknown,VM-78,Stage3-2-0,0,0,0,0,0,0,0,0
1784665241550,unknown,VM-75,Stage1-1-0,0,0,0,0,0,0,0,0
1784665241558,unknown,VM-73,Stage1-0-0,0,0,0,0,0,0,0,0
1784665241562,unknown,VM-76,Stage2-3-0,0,0,0,0,0,0,0,0
1784665242525,unknown,VM-74,Stage1-3-0,0,0,0,0,0,0,0,0
1784665242539,unknown,VM-79,Stage3-1-0,0,0,0,0,0,0,0,0
1784665242545,unknown,VM-77,Stage2-0-0,0,0,0,0,0,0,0,0
1784665242547,unknown,VM-78,Stage3-2-0,0,0,0,0,0,0,0,0
1784665242550,unknown,VM-75,Stage1-1-0,0,0,0,0,0,0,0,0
1784665242558,unknown,VM-73,Stage1-0-0,0,0,0,0,0,0,0,0
1784665242562,unknown,VM-76,Stage2-3-0,0,0,0,0,0,0,0,0
1784665243525,unknown,VM-74,Stage1-3-0,0,0,0,0,0,0,0,0
1784665243539,unknown,VM-79,Stage3-1-0,0,0,0,0,0,0,0,0
1784665243544,unknown,VM-77,Stage2-0-0,0,0,0,0,0,0,0,0
1784665243547,unknown,VM-78,Stage3-2-0,0,0,0,0,0,0,0,0
1784665243550,unknown,VM-75,Stage1-1-0,0,0,0,0,0,0,0,0
1784665243558,unknown,VM-73,Stage1-0-0,0,0,0,0,0,0,0,0
1784665243562,unknown,VM-76,Stage2-3-0,0,0,0,0,0,0,0,0
1784665244525,unknown,VM-74,Stage1-3-0,0,0,0,0,0,0,0,0
1784665244539,unknown,VM-79,Stage3-1-0,0,0,0,0,0,0,0,0
1784665244545,unknown,VM-77,Stage2-0-0,0,0,0,0,0,0,0,0
1784665244547,unknown,VM-78,Stage3-2-0,0,0,0,0,0,0,0,0
1784665244551,unknown,VM-75,Stage1-1-0,0,0,0,0,0,0,0,0
1784665244558,unknown,VM-73,Stage1-0-0,0,0,0,0,0,0,0,0
1784665244562,unknown,VM-76,Stage2-3-0,0,0,0,0,0,0,0,0
1784665245525,unknown,VM-74,Stage1-3-0,0,0,0,0,0,0,0,0
1784665245539,unknown,VM-79,Stage3-1-0,0,0,0,0,0,0,0,0
1784665245545,unknown,VM-77,Stage2-0-0,0,0,0,0,0,0,0,0
1784665245547,unknown,VM-78,Stage3-2-0,0,0,0,0,0,0,0,0
1784665245551,unknown,VM-75,Stage1-1-0,0,0,0,0,0,0,0,0
1784665245558,unknown,VM-73,Stage1-0-0,0,0,0,0,0,0,0,0
1784665245562,unknown,VM-76,Stage2-3-0,0,0,0,0,0,0,0,0
1784665246525,unknown,VM-74,Stage1-3-0,0,0,0,0,0,0,0,0
1784665246539,unknown,VM-79,Stage3-1-0,0,0,0,0,0,0,0,0
1784665246545,unknown,VM-77,Stage2-0-0,0,0,0,0,0,0,0,0
1784665246547,unknown,VM-78,Stage3-2-0,0,0,0,0,0,0,0,0
1784665246551,unknown,VM-75,Stage1-1-0,0,0,0,0,0,0,0,0
1784665246558,unknown,VM-73,Stage1-0-0,0,0,0,0,0,0,0,0
1784665246562,unknown,VM-76,Stage2-3-0,0,0,0,0,0,0,0,0
1784665247525,unknown,VM-74,Stage1-3-0,0,0,0,0,0,0,0,0
1784665247539,unknown,VM-79,Stage3-1-0,0,0,0,0,0,0,0,0
1784665247545,unknown,VM-77,Stage2-0-0,0,0,0,0,0,0,0,0
1784665247547,unknown,VM-78,Stage3-2-0,0,0,0,0,0,0,0,0
1784665247550,unknown,VM-75,Stage1-1-0,0,0,0,0,0,0,0,0
1784665247558,unknown,VM-73,Stage1-0-0,0,0,0,0,0,0,0,0
1784665247562,unknown,VM-76,Stage2-3-0,0,0,0,0,0,0,0,0
1784665248525,unknown,VM-74,Stage1-3-0,0,0,0,0,0,0,0,0
1784665248539,unknown,VM-79,Stage3-1-0,0,0,0,0,0,0,0,0
1784665248545,unknown,VM-77,Stage2-0-0,0,0,0,0,0,0,0,0
1784665248547,unknown,VM-78,Stage3-2-0,0,0,0,0,0,0,0,0
1784665248551,unknown,VM-75,Stage1-1-0,0,0,0,0,0,0,0,0
1784665248558,unknown,VM-73,Stage1-0-0,0,0,0,0,0,0,0,0
1784665248562,unknown,VM-76,Stage2-3-0,0,0,0,0,0,0,0,0
1784665249525,unknown,VM-74,Stage1-3-0,0,0,0,0,0,0,0,0
1784665249539,unknown,VM-79,Stage3-1-0,0,0,0,0,0,0,0,0
1784665249545,unknown,VM-77,Stage2-0-0,0,0,0,0,0,0,0,0
1784665249547,unknown,VM-78,Stage3-2-0,0,0,0,0,0,0,0,0
1784665249551,unknown,VM-75,Stage1-1-0,0,0,0,0,0,0,0,0
1784665249558,unknown,VM-73,Stage1-0-0,0,0,0,0,0,0,0,0
1784665249562,unknown,VM-76,Stage2-3-0,0,0,0,0,0,0,0,0
1784665250525,unknown,VM-74,Stage1-3-0,0,0,0,0,0,0,0,0
1784665250539,unknown,VM-79,Stage3-1-0,0,0,0,0,0,0,0,0
1784665250545,unknown,VM-77,Stage2-0-0,0,0,0,0,0,0,0,0
1784665250547,unknown,VM-78,Stage3-2-0,0,0,0,0,0,0,0,0
1784665250551,unknown,VM-75,Stage1-1-0,0,0,0,0,0,0,0,0
1784665250558,unknown,VM-73,Stage1-0-0,0,0,0,0,0,0,0,0
1784665250562,unknown,VM-76,Stage2-3-0,0,0,0,0,0,0,0,0
1784665251525,unknown,VM-74,Stage1-3-0,0,0,0,0,0,0,0,0
1784665251539,unknown,VM-79,Stage3-1-0,0,0,0,0,0,0,0,0
1784665251545,unknown,VM-77,Stage2-0-0,0,0,0,0,0,0,0,0
1784665251547,unknown,VM-78,Stage3-2-0,0,0,0,0,0,0,0,0
1784665251551,unknown,VM-75,Stage1-1-0,0,0,0,0,0,0,0,0
1784665251558,unknown,VM-73,Stage1-0-0,0,0,0,0,0,0,0,0
1784665251562,unknown,VM-76,Stage2-3-0,0,0,0,0,0,0,0,0
1784665252525,unknown,VM-74,Stage1-3-0,0,0,0,0,0,0,0,0
1784665252539,unknown,VM-79,Stage3-1-0,0,0,0,0,0,0,0,0
1784665252545,unknown,VM-77,Stage2-0-0,0,0,0,0,0,0,0,0
1784665252547,unknown,VM-78,Stage3-2-0,0,0,0,0,0,0,0,0
1784665252550,unknown,VM-75,Stage1-1-0,0,0,0,0,0,0,0,0
1784665252558,unknown,VM-73,Stage1-0-0,0,0,0,0,0,0,0,0
1784665252562,unknown,VM-76,Stage2-3-0,0,0,0,0,0,0,0,0
1784665253525,unknown,VM-74,Stage1-3-0,0,0,0,0,0,0,0,0
1784665253539,unknown,VM-79,Stage3-1-0,0,0,0,0,0,0,0,0
1784665253545,unknown,VM-77,Stage2-0-0,0,0,0,0,0,0,0,0
1784665253547,unknown,VM-78,Stage3-2-0,0,0,0,0,0,0,0,0
1784665253551,unknown,VM-75,Stage1-1-0,0,0,0,0,0,0,0,0
1784665253558,unknown,VM-73,Stage1-0-0,0,0,0,0,0,0,0,0
1784665253562,unknown,VM-76,Stage2-3-0,0,0,0,0,0,0,0,0
1784665254525,unknown,VM-74,Stage1-3-0,0,0,0,0,0,0,0,0
1784665254539,unknown,VM-79,Stage3-1-0,0,0,0,0,0,0,0,0
1784665254545,unknown,VM-77,Stage2-0-0,0,0,0,0,0,0,0,0
1784665254547,unknown,VM-78,Stage3-2-0,0,0,0,0,0,0,0,0
1784665254550,unknown,VM-75,Stage1-1-0,0,0,0,0,0,0,0,0
1784665254558,unknown,VM-73,Stage1-0-0,0,0,0,0,0,0,0,0
1784665254562,unknown,VM-76,Stage2-3-0,0,0,0,0,0,0,0,0
1784665255525,unknown,VM-74,Stage1-3-0,0,0,0,0,0,0,0,0
1784665255539,unknown,VM-79,Stage3-1-0,0,0,0,0,0,0,0,0
1784665255545,unknown,VM-77,Stage2-0-0,0,0,0,0,0,0,0,0
1784665255547,unknown,VM-78,Stage3-2-0,0,0,0,0,0,0,0,0
1784665255551,unknown,VM-75,Stage1-1-0,0,0,0,0,0,0,0,0
1784665255558,unknown,VM-73,Stage1-0-0,0,0,0,0,0,0,0,0
1784665255562,unknown,VM-76,Stage2-3-0,0,0,0,0,0,0,0,0
1784665256525,unknown,VM-74,Stage1-3-0,0,0,0,0,0,0,0,0
1784665256539,unknown,VM-79,Stage3-1-0,0,0,0,0,0,0,0,0
1784665256545,unknown,VM-77,Stage2-0-0,0,0,0,0,0,0,0,0
1784665256547,unknown,VM-78,Stage3-2-0,0,0,0,0,0,0,0,0
1784665256551,unknown,VM-75,Stage1-1-0,0,0,0,0,0,0,0,0
1784665256558,unknown,VM-73,Stage1-0-0,0,0,0,0,0,0,0,0
1784665256562,unknown,VM-76,Stage2-3-0,0,0,0,0,0,0,0,0
1784665257525,unknown,VM-74,Stage1-3-0,0,0,0,0,0,0,0,0
1784665257539,unknown,VM-79,Stage3-1-0,0,0,0,0,0,0,0,0
1784665257545,unknown,VM-77,Stage2-0-0,0,0,0,0,0,0,0,0
1784665257547,unknown,VM-78,Stage3-2-0,0,0,0,0,0,0,0,0
1784665257551,unknown,VM-75,Stage1-1-0,0,0,0,0,0,0,0,0
1784665257558,unknown,VM-73,Stage1-0-0,0,0,0,0,0,0,0,0
1784665257562,unknown,VM-76,Stage2-3-0,0,0,0,0,0,0,0,0
1784665258525,unknown,VM-74,Stage1-3-0,0,0,0,0,0,0,0,0
1784665258539,unknown,VM-79,Stage3-1-0,0,0,0,0,0,0,0,0
1784665258545,unknown,VM-77,Stage2-0-0,0,0,0,0,0,0,0,0
1784665258547,unknown,VM-78,Stage3-2-0,0,0,0,0,0,0,0,0
1784665258551,unknown,VM-75,Stage1-1-0,0,0,0,0,0,0,0,0
1784665258558,unknown,VM-73,Stage1-0-0,0,0,0,0,0,0,0,0
1784665258562,unknown,VM-76,Stage2-3-0,0,0,0,0,0,0,0,0
1784665259525,unknown,VM-74,Stage1-3-0,0,0,0,0,0,0,0,0
1784665259539,unknown,VM-79,Stage3-1-0,0,0,0,0,0,0,0,0
1784665259545,unknown,VM-77,Stage2-0-0,0,0,0,0,0,0,0,0
1784665259547,unknown,VM-78,Stage3-2-0,0,0,0,0,0,0,0,0
1784665259551,unknown,VM-75,Stage1-1-0,0,0,0,0,0,0,0,0
1784665259558,unknown,VM-73,Stage1-0-0,0,0,0,0,0,0,0,0
1784665259562,unknown,VM-76,Stage2-3-0,0,0,0,0,0,0,0,0
1784665260525,unknown,VM-74,Stage1-3-0,0,0,0,0,0,0,0,0
1784665260539,unknown,VM-79,Stage3-1-0,0,0,0,0,0,0,0,0
1784665260545,unknown,VM-77,Stage2-0-0,0,0,0,0,0,0,0,0
1784665260547,unknown,VM-78,Stage3-2-0,0,0,0,0,0,0,0,0
1784665260550,unknown,VM-75,Stage1-1-0,0,0,0,0,0,0,0,0
1784665260558,unknown,VM-73,Stage1-0-0,0,0,0,0,0,0,0,0
1784665260562,unknown,VM-76,Stage2-3-0,0,0,0,0,0,0,0,0
1784665261525,unknown,VM-74,Stage1-3-0,0,0,0,0,0,0,0,0
1784665261539,unknown,VM-79,Stage3-1-0,0,0,0,0,0,0,0,0
1784665261545,unknown,VM-77,Stage2-0-0,0,0,0,0,0,0,0,0
1784665261547,unknown,VM-78,Stage3-2-0,0,0,0,0,0,0,0,0
1784665261550,unknown,VM-75,Stage1-1-0,0,0,0,0,0,0,0,0
1784665261558,unknown,VM-73,Stage1-0-0,0,0,0,0,0,0,0,0
1784665261562,unknown,VM-76,Stage2-3-0,0,0,0,0,0,0,0,0
1784665262525,unknown,VM-74,Stage1-3-0,0,0,0,0,0,0,0,0
1784665262539,unknown,VM-79,Stage3-1-0,0,0,0,0,0,0,0,0
1784665262545,unknown,VM-77,Stage2-0-0,0,0,0,0,0,0,0,0
1784665262547,unknown,VM-78,Stage3-2-0,0,0,0,0,0,0,0,0
1784665262550,unknown,VM-75,Stage1-1-0,0,0,0,0,0,0,0,0
1784665262558,unknown,VM-73,Stage1-0-0,0,0,0,0,0,0,0,0
1784665262562,unknown,VM-76,Stage2-3-0,0,0,0,0,0,0,0,0
1784665263525,unknown,VM-74,Stage1-3-0,0,0,0,0,0,0,0,0
1784665263539,unknown,VM-79,Stage3-1-0,0,0,0,0,0,0,0,0
1784665263545,unknown,VM-77,Stage2-0-0,0,0,0,0,0,0,0,0
1784665263547,unknown,VM-78,Stage3-2-0,0,0,0,0,0,0,0,0
1784665263551,unknown,VM-75,Stage1-1-0,0,0,0,0,0,0,0,0
1784665263558,unknown,VM-73,Stage1-0-0,0,0,0,0,0,0,0,0
1784665263562,unknown,VM-76,Stage2-3-0,0,0,0,0,0,0,0,0
1784665264525,unknown,VM-74,Stage1-3-0,0,0,0,0,0,0,0,0
1784665264539,unknown,VM-79,Stage3-1-0,0,0,0,0,0,0,0,0
1784665264545,unknown,VM-77,Stage2-0-0,0,0,0,0,0,0,0,0
1784665264547,unknown,VM-78,Stage3-2-0,0,0,0,0,0,0,0,0
1784665264551,unknown,VM-75,Stage1-1-0,0,0,0,0,0,0,0,0
1784665264558,unknown,VM-73,Stage1-0-0,0,0,0,0,0,0,0,0
1784665264562,unknown,VM-76,Stage2-3-0,0,0,0,0,0,0,0,0
1784665265525,unknown,VM-74,Stage1-3-0,0,0,0,0,0,0,0,0
1784665265539,unknown,VM-79,Stage3-1-0,0,0,0,0,0,0,0,0
1784665265545,unknown,VM-77,Stage2-0-0,0,0,0,0,0,0,0,0
1784665265547,unknown,VM-78,Stage3-2-0,0,0,0,0,0,0,0,0
1784665265551,unknown,VM-75,Stage1-1-0,0,0,0,0,0,0,0,0
1784665265558,unknown,VM-73,Stage1-0-0,0,0,0,0,0,0,0,0
1784665265562,unknown,VM-76,Stage2-3-0,0,0,0,0,0,0,0,0
1784665266525,unknown,VM-74,Stage1-3-0,0,0,0,0,0,0,0,0
1784665266539,unknown,VM-79,Stage3-1-0,0,0,0,0,0,0,0,0
1784665266545,unknown,VM-77,Stage2-0-0,0,0,0,0,0,0,0,0
1784665266547,unknown,VM-78,Stage3-2-0,0,0,0,0,0,0,0,0
1784665266551,unknown,VM-75,Stage1-1-0,0,0,0,0,0,0,0,0
1784665266558,unknown,VM-73,Stage1-0-0,0,0,0,0,0,0,0,0
1784665266562,unknown,VM-76,Stage2-3-0,0,0,0,0,0,0,0,0
1784665267525,unknown,VM-74,Stage1-3-0,0,0,0,0,0,0,0,0
1784665267539,unknown,VM-79,Stage3-1-0,0,0,0,0,0,0,0,0
1784665267545,unknown,VM-77,Stage2-0-0,0,0,0,0,0,0,0,0
1784665267547,unknown,VM-78,Stage3-2-0,0,0,0,0,0,0,0,0
1784665267551,unknown,VM-75,Stage1-1-0,0,0,0,0,0,0,0,0
1784665267558,unknown,VM-73,Stage1-0-0,0,0,0,0,0,0,0,0
1784665267562,unknown,VM-76,Stage2-3-0,0,0,0,0,0,0,0,0
1784665268525,unknown,VM-74,Stage1-3-0,0,0,0,0,0,0,0,0
1784665268539,unknown,VM-79,Stage3-1-0,0,0,0,0,0,0,0,0
1784665268545,unknown,VM-77,Stage2-0-0,0,0,0,0,0,0,0,0
1784665268547,unknown,VM-78,Stage3-2-0,0,0,0,0,0,0,0,0
1784665268551,unknown,VM-75,Stage1-1-0,0,0,0,0,0,0,0,0
1784665268558,unknown,VM-73,Stage1-0-0,0,0,0,0,0,0,0,0
1784665268562,unknown,VM-76,Stage2-3-0,0,0,0,0,0,0,0,0
1784665269525,unknown,VM-74,Stage1-3-0,0,0,0,0,0,0,0,0
1784665269539,unknown,VM-79,Stage3-1-0,0,0,0,0,0,0,0,0
1784665269545,unknown,VM-77,Stage2-0-0,0,0,0,0,0,0,0,0
1784665269547,unknown,VM-78,Stage3-2-0,0,0,0,0,0,0,0,0
1784665269551,unknown,VM-75,Stage1-1-0,0,0,0,0,0,0,0,0
1784665269558,unknown,VM-73,Stage1-0-0,0,0,0,0,0,0,0,0
1784665269562,unknown,VM-76,Stage2-3-0,0,0,0,0,0,0,0,0
1784665270525,unknown,VM-74,Stage1-3-0,0,0,0,0,0,0,0,0
1784665270539,unknown,VM-79,Stage3-1-0,0,0,0,0,0,0,0,0
1784665270545,unknown,VM-77,Stage2-0-0,0,0,0,0,0,0,0,0
1784665270547,unknown,VM-78,Stage3-2-0,0,0,0,0,0,0,0,0
1784665270551,unknown,VM-75,Stage1-1-0,0,0,0,0,0,0,0,0
1784665270558,unknown,VM-73,Stage1-0-0,0,0,0,0,0,0,0,0
1784665270562,unknown,VM-76,Stage2-3-0,0,0,0,0,0,0,0,0
1784665271525,unknown,VM-74,Stage1-3-0,0,0,0,0,0,0,0,0
1784665271539,unknown,VM-79,Stage3-1-0,0,0,0,0,0,0,0,0
1784665271545,unknown,VM-77,Stage2-0-0,0,0,0,0,0,0,0,0
1784665271547,unknown,VM-78,Stage3-2-0,0,0,0,0,0,0,0,0
1784665271551,unknown,VM-75,Stage1-1-0,0,0,0,0,0,0,0,0
1784665271558,unknown,VM-73,Stage1-0-0,0,0,0,0,0,0,0,0
1784665271562,unknown,VM-76,Stage2-3-0,0,0,0,0,0,0,0,0
1784665272525,unknown,VM-74,Stage1-3-0,0,0,0,0,0,0,0,0
1784665272539,unknown,VM-79,Stage3-1-0,0,0,0,0,0,0,0,0
1784665272545,unknown,VM-77,Stage2-0-0,0,0,0,0,0,0,0,0
1784665272547,unknown,VM-78,Stage3-2-0,0,0,0,0,0,0,0,0
1784665272551,unknown,VM-75,Stage1-1-0,0,0,0,0,0,0,0,0
1784665272558,unknown,VM-73,Stage1-0-0,0,0,0,0,0,0,0,0
1784665272562,unknown,VM-76,Stage2-3-0,0,0,0,0,0,0,0,0
1784665273525,unknown,VM-74,Stage1-3-0,0,0,0,0,0,0,0,0
1784665273539,unknown,VM-79,Stage3-1-0,0,0,0,0,0,0,0,0
1784665273545,unknown,VM-77,Stage2-0-0,0,0,0,0,0,0,0,0
1784665273547,unknown,VM-78,Stage3-2-0,0,0,0,0,0,0,0,0
1784665273551,unknown,VM-75,Stage1-1-0,0,0,0,0,0,0,0,0
1784665273558,unknown,VM-73,Stage1-0-0,0,0,0,0,0,0,0,0
1784665273562,unknown,VM-76,Stage2-3-0,0,0,0,0,0,0,0,0
1784665274525,unknown,VM-74,Stage1-3-0,0,0,0,0,0,0,0,0
1784665274539,unknown,VM-79,Stage3-1-0,0,0,0,0,0,0,0,0
1784665274545,unknown,VM-77,Stage2-0-0,0,0,0,0,0,0,0,0
1784665274547,unknown,VM-78,Stage3-2-0,0,0,0,0,0,0,0,0
1784665274551,unknown,VM-75,Stage1-1-0,0,0,0,0,0,0,0,0
1784665274558,unknown,VM-73,Stage1-0-0,0,0,0,0,0,0,0,0
1784665274562,unknown,VM-76,Stage2-3-0,0,0,0,0,0,0,0,0
1784665275525,unknown,VM-74,Stage1-3-0,0,0,0,0,0,0,0,0
1784665275539,unknown,VM-79,Stage3-1-0,0,0,0,0,0,0,0,0
1784665275545,unknown,VM-77,Stage2-0-0,0,0,0,0,0,0,0,0
1784665275547,unknown,VM-78,Stage3-2-0,0,0,0,0,0,0,0,0
1784665275550,unknown,VM-75,Stage1-1-0,0,0,0,0,0,0,0,0
1784665275558,unknown,VM-73,Stage1-0-0,0,0,0,0,0,0,0,0
1784665275562,unknown,VM-76,Stage2-3-0,0,0,0,0,0,0,0,0
1784665276525,unknown,VM-74,Stage1-3-0,0,0,0,0,0,0,0,0
1784665276539,unknown,VM-79,Stage3-1-0,0,0,0,0,0,0,0,0
1784665276545,unknown,VM-77,Stage2-0-0,0,0,0,0,0,0,0,0
1784665276547,unknown,VM-78,Stage3-2-0,0,0,0,0,0,0,0,0
1784665276551,unknown,VM-75,Stage1-1-0,0,0,0,0,0,0,0,0
1784665276558,unknown,VM-73,Stage1-0-0,0,0,0,0,0,0,0,0
1784665276562,unknown,VM-76,Stage2-3-0,0,0,0,0,0,0,0,0
1784665277525,unknown,VM-74,Stage1-3-0,0,0,0,0,0,0,0,0
1784665277539,unknown,VM-79,Stage3-1-0,0,0,0,0,0,0,0,0
1784665277545,unknown,VM-77,Stage2-0-0,0,0,0,0,0,0,0,0
1784665277547,unknown,VM-78,Stage3-2-0,0,0,0,0,0,0,0,0
1784665277551,unknown,VM-75,Stage1-1-0,0,0,0,0,0,0,0,0
1784665277558,unknown,VM-73,Stage1-0-0,0,0,0,0,0,0,0,0
1784665277562,unknown,VM-76,Stage2-3-0,0,0,0,0,0,0,0,0
1784665278525,unknown,VM-74,Stage1-3-0,0,0,0,0,0,0,0,0
1784665278539,unknown,VM-79,Stage3-1-0,0,0,0,0,0,0,0,0
1784665278545,unknown,VM-77,Stage2-0-0,0,0,0,0,0,0,0,0
1784665278547,unknown,VM-78,Stage3-2-0,0,0,0,0,0,0,0,0
1784665278551,unknown,VM-75,Stage1-1-0,0,0,0,0,0,0,0,0
1784665278558,unknown,VM-73,Stage1-0-0,0,0,0,0,0,0,0,0
1784665278562,unknown,VM-76,Stage2-3-0,0,0,0,0,0,0,0,0
1784665279525,unknown,VM-74,Stage1-3-0,0,0,0,0,0,0,0,0
1784665279539,unknown,VM-79,Stage3-1-0,0,0,0,0,0,0,0,0
1784665279545,unknown,VM-77,Stage2-0-0,0,0,0,0,0,0,0,0
1784665279547,unknown,VM-78,Stage3-2-0,0,0,0,0,0,0,0,0
1784665279550,unknown,VM-75,Stage1-1-0,0,0,0,0,0,0,0,0
1784665279558,unknown,VM-73,Stage1-0-0,0,0,0,0,0,0,0,0
1784665279562,unknown,VM-76,Stage2-3-0,0,0,0,0,0,0,0,0
1784665280525,unknown,VM-74,Stage1-3-0,0,0,0,0,0,0,0,0
1784665280539,unknown,VM-79,Stage3-1-0,0,0,0,0,0,0,0,0
1784665280545,unknown,VM-77,Stage2-0-0,0,0,0,0,0,0,0,0
1784665280547,unknown,VM-78,Stage3-2-0,0,0,0,0,0,0,0,0
1784665280551,unknown,VM-75,Stage1-1-0,0,0,0,0,0,0,0,0
1784665280558,unknown,VM-73,Stage1-0-0,0,0,0,0,0,0,0,0
1784665280562,unknown,VM-76,Stage2-3-0,0,0,0,0,0,0,0,0
1784665281525,unknown,VM-74,Stage1-3-0,0,0,0,0,0,0,0,0
1784665281539,unknown,VM-79,Stage3-1-0,0,0,0,0,0,0,0,0
1784665281545,unknown,VM-77,Stage2-0-0,0,0,0,0,0,0,0,0
1784665281547,unknown,VM-78,Stage3-2-0,0,0,0,0,0,0,0,0
1784665281551,unknown,VM-75,Stage1-1-0,0,0,0,0,0,0,0,0
1784665281558,unknown,VM-73,Stage1-0-0,0,0,0,0,0,0,0,0
1784665281562,unknown,VM-76,Stage2-3-0,0,0,0,0,0,0,0,0
1784665282525,unknown,VM-74,Stage1-3-0,0,0,0,0,0,0,0,0
1784665282539,unknown,VM-79,Stage3-1-0,0,0,0,0,0,0,0,0
1784665282545,unknown,VM-77,Stage2-0-0,0,0,0,0,0,0,0,0
1784665282547,unknown,VM-78,Stage3-2-0,0,0,0,0,0,0,0,0
1784665282551,unknown,VM-75,Stage1-1-0,0,0,0,0,0,0,0,0
1784665282558,unknown,VM-73,Stage1-0-0,0,0,0,0,0,0,0,0
1784665282562,unknown,VM-76,Stage2-3-0,0,0,0,0,0,0,0,0
1784665283525,unknown,VM-74,Stage1-3-0,0,0,0,0,0,0,0,0
1784665283539,unknown,VM-79,Stage3-1-0,0,0,0,0,0,0,0,0
1784665283544,unknown,VM-77,Stage2-0-0,0,0,0,0,0,0,0,0
1784665283547,unknown,VM-78,Stage3-2-0,0,0,0,0,0,0,0,0
1784665283551,unknown,VM-75,Stage1-1-0,0,0,0,0,0,0,0,0
1784665283558,unknown,VM-73,Stage1-0-0,0,0,0,0,0,0,0,0
1784665283562,unknown,VM-76,Stage2-3-0,0,0,0,0,0,0,0,0
1784665284525,unknown,VM-74,Stage1-3-0,0,0,0,0,0,0,0,0
1784665284539,unknown,VM-79,Stage3-1-0,0,0,0,0,0,0,0,0
1784665284545,unknown,VM-77,Stage2-0-0,0,0,0,0,0,0,0,0
1784665284547,unknown,VM-78,Stage3-2-0,0,0,0,0,0,0,0,0
1784665284551,unknown,VM-75,Stage1-1-0,0,0,0,0,0,0,0,0
1784665284558,unknown,VM-73,Stage1-0-0,0,0,0,0,0,0,0,0
1784665284562,unknown,VM-76,Stage2-3-0,0,0,0,0,0,0,0,0
1784665285525,unknown,VM-74,Stage1-3-0,0,0,0,0,0,0,0,0
1784665285539,unknown,VM-79,Stage3-1-0,0,0,0,0,0,0,0,0
1784665285544,unknown,VM-77,Stage2-0-0,0,0,0,0,0,0,0,0
1784665285547,unknown,VM-78,Stage3-2-0,0,0,0,0,0,0,0,0
1784665285551,unknown,VM-75,Stage1-1-0,0,0,0,0,0,0,0,0
1784665285558,unknown,VM-73,Stage1-0-0,0,0,0,0,0,0,0,0
1784665285562,unknown,VM-76,Stage2-3-0,0,0,0,0,0,0,0,0
1784665286525,unknown,VM-74,Stage1-3-0,0,0,0,0,0,0,0,0
1784665286539,unknown,VM-79,Stage3-1-0,0,0,0,0,0,0,0,0
1784665286545,unknown,VM-77,Stage2-0-0,0,0,0,0,0,0,0,0
1784665286547,unknown,VM-78,Stage3-2-0,0,0,0,0,0,0,0,0
1784665286551,unknown,VM-75,Stage1-1-0,0,0,0,0,0,0,0,0
1784665286558,unknown,VM-73,Stage1-0-0,0,0,0,0,0,0,0,0
1784665286562,unknown,VM-76,Stage2-3-0,0,0,0,0,0,0,0,0
1784665287525,unknown,VM-74,Stage1-3-0,0,0,0,0,0,0,0,0
1784665287539,unknown,VM-79,Stage3-1-0,0,0,0,0,0,0,0,0
1784665287545,unknown,VM-77,Stage2-0-0,0,0,0,0,0,0,0,0
1784665287547,unknown,VM-78,Stage3-2-0,0,0,0,0,0,0,0,0
1784665287551,unknown,VM-75,Stage1-1-0,0,0,0,0,0,0,0,0
1784665287558,unknown,VM-73,Stage1-0-0,0,0,0,0,0,0,0,0
1784665287562,unknown,VM-76,Stage2-3-0,0,0,0,0,0,0,0,0
1784665288525,unknown,VM-74,Stage1-3-0,0,0,0,0,0,0,0,0
1784665288539,unknown,VM-79,Stage3-1-0,0,0,0,0,0,0,0,0
1784665288545,unknown,VM-77,Stage2-0-0,0,0,0,0,0,0,0,0
1784665288547,unknown,VM-78,Stage3-2-0,0,0,0,0,0,0,0,0
1784665288550,unknown,VM-75,Stage1-1-0,0,0,0,0,0,0,0,0
1784665288558,unknown,VM-73,Stage1-0-0,0,0,0,0,0,0,0,0
1784665288562,unknown,VM-76,Stage2-3-0,0,0,0,0,0,0,0,0
1784665289525,unknown,VM-74,Stage1-3-0,0,0,0,0,0,0,0,0
1784665289539,unknown,VM-79,Stage3-1-0,0,0,0,0,0,0,0,0
1784665289545,unknown,VM-77,Stage2-0-0,0,0,0,0,0,0,0,0
1784665289547,unknown,VM-78,Stage3-2-0,0,0,0,0,0,0,0,0
1784665289550,unknown,VM-75,Stage1-1-0,0,0,0,0,0,0,0,0
1784665289558,unknown,VM-73,Stage1-0-0,0,0,0,0,0,0,0,0
1784665289562,unknown,VM-76,Stage2-3-0,0,0,0,0,0,0,0,0
1784665290525,unknown,VM-74,Stage1-3-0,0,0,0,0,0,0,0,0
1784665290539,unknown,VM-79,Stage3-1-0,0,0,0,0,0,0,0,0
1784665290545,unknown,VM-77,Stage2-0-0,0,0,0,0,0,0,0,0
1784665290547,unknown,VM-78,Stage3-2-0,0,0,0,0,0,0,0,0
1784665290551,unknown,VM-75,Stage1-1-0,0,0,0,0,0,0,0,0
1784665290558,unknown,VM-73,Stage1-0-0,0,0,0,0,0,0,0,0
1784665290562,unknown,VM-76,Stage2-3-0,0,0,0,0,0,0,0,0
1784665291525,unknown,VM-74,Stage1-3-0,0,0,0,0,0,0,0,0
1784665291539,unknown,VM-79,Stage3-1-0,0,0,0,0,0,0,0,0
1784665291545,unknown,VM-77,Stage2-0-0,0,0,0,0,0,0,0,0
1784665291547,unknown,VM-78,Stage3-2-0,0,0,0,0,0,0,0,0
1784665291551,unknown,VM-75,Stage1-1-0,0,0,0,0,0,0,0,0
1784665291558,unknown,VM-73,Stage1-0-0,0,0,0,0,0,0,0,0
1784665291562,unknown,VM-76,Stage2-3-0,0,0,0,0,0,0,0,0
1784665292525,unknown,VM-74,Stage1-3-0,0,0,0,0,0,0,0,0
1784665292539,unknown,VM-79,Stage3-1-0,0,0,0,0,0,0,0,0
1784665292545,unknown,VM-77,Stage2-0-0,0,0,0,0,0,0,0,0
1784665292547,unknown,VM-78,Stage3-2-0,0,0,0,0,0,0,0,0
1784665292551,unknown,VM-75,Stage1-1-0,0,0,0,0,0,0,0,0
1784665292558,unknown,VM-73,Stage1-0-0,0,0,0,0,0,0,0,0
1784665292562,unknown,VM-76,Stage2-3-0,0,0,0,0,0,0,0,0
1784665293525,unknown,VM-74,Stage1-3-0,0,0,0,0,0,0,0,0
1784665293539,unknown,VM-79,Stage3-1-0,0,0,0,0,0,0,0,0
1784665293545,unknown,VM-77,Stage2-0-0,0,0,0,0,0,0,0,0
1784665293547,unknown,VM-78,Stage3-2-0,0,0,0,0,0,0,0,0
1784665293551,unknown,VM-75,Stage1-1-0,0,0,0,0,0,0,0,0
1784665293558,unknown,VM-73,Stage1-0-0,0,0,0,0,0,0,0,0
1784665293562,unknown,VM-76,Stage2-3-0,0,0,0,0,0,0,0,0
1784665294525,unknown,VM-74,Stage1-3-0,0,0,0,0,0,0,0,0
1784665294539,unknown,VM-79,Stage3-1-0,0,0,0,0,0,0,0,0
1784665294545,unknown,VM-77,Stage2-0-0,0,0,0,0,0,0,0,0
1784665294547,unknown,VM-78,Stage3-2-0,0,0,0,0,0,0,0,0
1784665294551,unknown,VM-75,Stage1-1-0,0,0,0,0,0,0,0,0
1784665294558,unknown,VM-73,Stage1-0-0,0,0,0,0,0,0,0,0
1784665294562,unknown,VM-76,Stage2-3-0,0,0,0,0,0,0,0,0
1784665295525,unknown,VM-74,Stage1-3-0,0,0,0,0,0,0,0,0
1784665295539,unknown,VM-79,Stage3-1-0,0,0,0,0,0,0,0,0
1784665295545,unknown,VM-77,Stage2-0-0,0,0,0,0,0,0,0,0
1784665295547,unknown,VM-78,Stage3-2-0,0,0,0,0,0,0,0,0
1784665295551,unknown,VM-75,Stage1-1-0,0,0,0,0,0,0,0,0
1784665295558,unknown,VM-73,Stage1-0-0,0,0,0,0,0,0,0,0
1784665295562,unknown,VM-76,Stage2-3-0,0,0,0,0,0,0,0,0
1784665296525,unknown,VM-74,Stage1-3-0,0,0,0,0,0,0,0,0
1784665296539,unknown,VM-79,Stage3-1-0,0,0,0,0,0,0,0,0
1784665296545,unknown,VM-77,Stage2-0-0,0,0,0,0,0,0,0,0
1784665296547,unknown,VM-78,Stage3-2-0,0,0,0,0,0,0,0,0
1784665296550,unknown,VM-75,Stage1-1-0,0,0,0,0,0,0,0,0
1784665296558,unknown,VM-73,Stage1-0-0,0,0,0,0,0,0,0,0
1784665296562,unknown,VM-76,Stage2-3-0,0,0,0,0,0,0,0,0
1784665297525,unknown,VM-74,Stage1-3-0,0,0,0,0,0,0,0,0
1784665297539,unknown,VM-79,Stage3-1-0,0,0,0,0,0,0,0,0
1784665297545,unknown,VM-77,Stage2-0-0,0,0,0,0,0,0,0,0
1784665297547,unknown,VM-78,Stage3-2-0,0,0,0,0,0,0,0,0
1784665297550,unknown,VM-75,Stage1-1-0,0,0,0,0,0,0,0,0
1784665297558,unknown,VM-73,Stage1-0-0,0,0,0,0,0,0,0,0
1784665297562,unknown,VM-76,Stage2-3-0,0,0,0,0,0,0,0,0
1784665298525,unknown,VM-74,Stage1-3-0,0,0,0,0,0,0,0,0
1784665298539,unknown,VM-79,Stage3-1-0,0,0,0,0,0,0,0,0
1784665298545,unknown,VM-77,Stage2-0-0,0,0,0,0,0,0,0,0
1784665298547,unknown,VM-78,Stage3-2-0,0,0,0,0,0,0,0,0
1784665298550,unknown,VM-75,Stage1-1-0,0,0,0,0,0,0,0,0
1784665298558,unknown,VM-73,Stage1-0-0,0,0,0,0,0,0,0,0
1784665298562,unknown,VM-76,Stage2-3-0,0,0,0,0,0,0,0,0
1784665299525,unknown,VM-74,Stage1-3-0,0,0,0,0,0,0,0,0
1784665299539,unknown,VM-79,Stage3-1-0,0,0,0,0,0,0,0,0
1784665299545,unknown,VM-77,Stage2-0-0,0,0,0,0,0,0,0,0
1784665299547,unknown,VM-78,Stage3-2-0,0,0,0,0,0,0,0,0
1784665299551,unknown,VM-75,Stage1-1-0,0,0,0,0,0,0,0,0
1784665299558,unknown,VM-73,Stage1-0-0,0,0,0,0,0,0,0,0
1784665299562,unknown,VM-76,Stage2-3-0,0,0,0,0,0,0,0,0
1784665300525,unknown,VM-74,Stage1-3-0,0,0,0,0,0,0,0,0
1784665300539,unknown,VM-79,Stage3-1-0,0,0,0,0,0,0,0,0
1784665300545,unknown,VM-77,Stage2-0-0,0,0,0,0,0,0,0,0
1784665300547,unknown,VM-78,Stage3-2-0,0,0,0,0,0,0,0,0
1784665300551,unknown,VM-75,Stage1-1-0,0,0,0,0,0,0,0,0
1784665300558,unknown,VM-73,Stage1-0-0,0,0,0,0,0,0,0,0
1784665300562,unknown,VM-76,Stage2-3-0,0,0,0,0,0,0,0,0
1784665301525,unknown,VM-74,Stage1-3-0,0,0,0,0,0,0,0,0
1784665301539,unknown,VM-79,Stage3-1-0,0,0,0,0,0,0,0,0
1784665301545,unknown,VM-77,Stage2-0-0,0,0,0,0,0,0,0,0
1784665301547,unknown,VM-78,Stage3-2-0,0,0,0,0,0,0,0,0
1784665301551,unknown,VM-75,Stage1-1-0,0,0,0,0,0,0,0,0
1784665301558,unknown,VM-73,Stage1-0-0,0,0,0,0,0,0,0,0
1784665301562,unknown,VM-76,Stage2-3-0,0,0,0,0,0,0,0,0
1784665302525,unknown,VM-74,Stage1-3-0,0,0,0,0,0,0,0,0
1784665302539,unknown,VM-79,Stage3-1-0,0,0,0,0,0,0,0,0
1784665302545,unknown,VM-77,Stage2-0-0,0,0,0,0,0,0,0,0
1784665302547,unknown,VM-78,Stage3-2-0,0,0,0,0,0,0,0,0
1784665302551,unknown,VM-75,Stage1-1-0,0,0,0,0,0,0,0,0
1784665302558,unknown,VM-73,Stage1-0-0,0,0,0,0,0,0,0,0
1784665302562,unknown,VM-76,Stage2-3-0,0,0,0,0,0,0,0,0
1784665303525,unknown,VM-74,Stage1-3-0,0,0,0,0,0,0,0,0
1784665303539,unknown,VM-79,Stage3-1-0,0,0,0,0,0,0,0,0
1784665303545,unknown,VM-77,Stage2-0-0,0,0,0,0,0,0,0,0
1784665303547,unknown,VM-78,Stage3-2-0,0,0,0,0,0,0,0,0
1784665303551,unknown,VM-75,Stage1-1-0,0,0,0,0,0,0,0,0
1784665303558,unknown,VM-73,Stage1-0-0,0,0,0,0,0,0,0,0
1784665303562,unknown,VM-76,Stage2-3-0,0,0,0,0,0,0,0,0
1784665304525,unknown,VM-74,Stage1-3-0,0,0,0,0,0,0,0,0
1784665304539,unknown,VM-79,Stage3-1-0,0,0,0,0,0,0,0,0
1784665304545,unknown,VM-77,Stage2-0-0,0,0,0,0,0,0,0,0
1784665304547,unknown,VM-78,Stage3-2-0,0,0,0,0,0,0,0,0
1784665304551,unknown,VM-75,Stage1-1-0,0,0,0,0,0,0,0,0
1784665304558,unknown,VM-73,Stage1-0-0,0,0,0,0,0,0,0,0
1784665304562,unknown,VM-76,Stage2-3-0,0,0,0,0,0,0,0,0
1784665305525,unknown,VM-74,Stage1-3-0,0,0,0,0,0,0,0,0
1784665305539,unknown,VM-79,Stage3-1-0,0,0,0,0,0,0,0,0
1784665305545,unknown,VM-77,Stage2-0-0,0,0,0,0,0,0,0,0
1784665305547,unknown,VM-78,Stage3-2-0,0,0,0,0,0,0,0,0
1784665305551,unknown,VM-75,Stage1-1-0,0,0,0,0,0,0,0,0
1784665305558,unknown,VM-73,Stage1-0-0,0,0,0,0,0,0,0,0
1784665305562,unknown,VM-76,Stage2-3-0,0,0,0,0,0,0,0,0
1784665306525,unknown,VM-74,Stage1-3-0,0,0,0,0,0,0,0,0
1784665306539,unknown,VM-79,Stage3-1-0,0,0,0,0,0,0,0,0
1784665306545,unknown,VM-77,Stage2-0-0,0,0,0,0,0,0,0,0
1784665306547,unknown,VM-78,Stage3-2-0,0,0,0,0,0,0,0,0
1784665306551,unknown,VM-75,Stage1-1-0,0,0,0,0,0,0,0,0
1784665306558,unknown,VM-73,Stage1-0-0,0,0,0,0,0,0,0,0
1784665306562,unknown,VM-76,Stage2-3-0,0,0,0,0,0,0,0,0
1784665307525,unknown,VM-74,Stage1-3-0,0,0,0,0,0,0,0,0
1784665307539,unknown,VM-79,Stage3-1-0,0,0,0,0,0,0,0,0
1784665307545,unknown,VM-77,Stage2-0-0,0,0,0,0,0,0,0,0
1784665307547,unknown,VM-78,Stage3-2-0,0,0,0,0,0,0,0,0
1784665307551,unknown,VM-75,Stage1-1-0,0,0,0,0,0,0,0,0
1784665307558,unknown,VM-73,Stage1-0-0,0,0,0,0,0,0,0,0
1784665307562,unknown,VM-76,Stage2-3-0,0,0,0,0,0,0,0,0
1784665308525,unknown,VM-74,Stage1-3-0,0,0,0,0,0,0,0,0
1784665308539,unknown,VM-79,Stage3-1-0,0,0,0,0,0,0,0,0
1784665308545,unknown,VM-77,Stage2-0-0,0,0,0,0,0,0,0,0
1784665308547,unknown,VM-78,Stage3-2-0,0,0,0,0,0,0,0,0
1784665308551,unknown,VM-75,Stage1-1-0,0,0,0,0,0,0,0,0
1784665308558,unknown,VM-73,Stage1-0-0,0,0,0,0,0,0,0,0
1784665308562,unknown,VM-76,Stage2-3-0,0,0,0,0,0,0,0,0
1784665309525,unknown,VM-74,Stage1-3-0,0,0,0,0,0,0,0,0
1784665309539,unknown,VM-79,Stage3-1-0,0,0,0,0,0,0,0,0
1784665309545,unknown,VM-77,Stage2-0-0,0,0,0,0,0,0,0,0
1784665309547,unknown,VM-78,Stage3-2-0,0,0,0,0,0,0,0,0
1784665309551,unknown,VM-75,Stage1-1-0,0,0,0,0,0,0,0,0
1784665309558,unknown,VM-73,Stage1-0-0,0,0,0,0,0,0,0,0
1784665309562,unknown,VM-76,Stage2-3-0,0,0,0,0,0,0,0,0
1784665310525,unknown,VM-74,Stage1-3-0,0,0,0,0,0,0,0,0
1784665310539,unknown,VM-79,Stage3-1-0,0,0,0,0,0,0,0,0
1784665310545,unknown,VM-77,Stage2-0-0,0,0,0,0,0,0,0,0
1784665310547,unknown,VM-78,Stage3-2-0,0,0,0,0,0,0,0,0
1784665310551,unknown,VM-75,Stage1-1-0,0,0,0,0,0,0,0,0
1784665310558,unknown,VM-73,Stage1-0-0,0,0,0,0,0,0,0,0
1784665310562,unknown,VM-76,Stage2-3-0,0,0,0,0,0,0,0,0
1784665311525,unknown,VM-74,Stage1-3-0,0,0,0,0,0,0,0,0
1784665311539,unknown,VM-79,Stage3-1-0,0,0,0,0,0,0,0,0
1784665311545,unknown,VM-77,Stage2-0-0,0,0,0,0,0,0,0,0
1784665311547,unknown,VM-78,Stage3-2-0,0,0,0,0,0,0,0,0
1784665311551,unknown,VM-75,Stage1-1-0,0,0,0,0,0,0,0,0
1784665311558,unknown,VM-73,Stage1-0-0,0,0,0,0,0,0,0,0
1784665311562,unknown,VM-76,Stage2-3-0,0,0,0,0,0,0,0,0
1784665312525,unknown,VM-74,Stage1-3-0,0,0,0,0,0,0,0,0
1784665312539,unknown,VM-79,Stage3-1-0,0,0,0,0,0,0,0,0
1784665312545,unknown,VM-77,Stage2-0-0,0,0,0,0,0,0,0,0
1784665312547,unknown,VM-78,Stage3-2-0,0,0,0,0,0,0,0,0
1784665312551,unknown,VM-75,Stage1-1-0,0,0,0,0,0,0,0,0
1784665312558,unknown,VM-73,Stage1-0-0,0,0,0,0,0,0,0,0
1784665312562,unknown,VM-76,Stage2-3-0,0,0,0,0,0,0,0,0
1784665313525,unknown,VM-74,Stage1-3-0,0,0,0,0,0,0,0,0
1784665313539,unknown,VM-79,Stage3-1-0,0,0,0,0,0,0,0,0
1784665313545,unknown,VM-77,Stage2-0-0,0,0,0,0,0,0,0,0
1784665313547,unknown,VM-78,Stage3-2-0,0,0,0,0,0,0,0,0
1784665313551,unknown,VM-75,Stage1-1-0,0,0,0,0,0,0,0,0
1784665313558,unknown,VM-73,Stage1-0-0,0,0,0,0,0,0,0,0
1784665313562,unknown,VM-76,Stage2-3-0,0,0,0,0,0,0,0,0
1784665314525,unknown,VM-74,Stage1-3-0,0,0,0,0,0,0,0,0
1784665314539,unknown,VM-79,Stage3-1-0,0,0,0,0,0,0,0,0
1784665314545,unknown,VM-77,Stage2-0-0,0,0,0,0,0,0,0,0
1784665314547,unknown,VM-78,Stage3-2-0,0,0,0,0,0,0,0,0
1784665314551,unknown,VM-75,Stage1-1-0,0,0,0,0,0,0,0,0
1784665314558,unknown,VM-73,Stage1-0-0,0,0,0,0,0,0,0,0
1784665314562,unknown,VM-76,Stage2-3-0,0,0,0,0,0,0,0,0
1784665315525,unknown,VM-74,Stage1-3-0,0,0,0,0,0,0,0,0
1784665315539,unknown,VM-79,Stage3-1-0,0,0,0,0,0,0,0,0
1784665315545,unknown,VM-77,Stage2-0-0,0,0,0,0,0,0,0,0
1784665315547,unknown,VM-78,Stage3-2-0,0,0,0,0,0,0,0,0
1784665315551,unknown,VM-75,Stage1-1-0,0,0,0,0,0,0,0,0
1784665315558,unknown,VM-73,Stage1-0-0,0,0,0,0,0,0,0,0
1784665315562,unknown,VM-76,Stage2-3-0,0,0,0,0,0,0,0,0
1784665316525,unknown,VM-74,Stage1-3-0,0,0,0,0,0,0,0,0
1784665316539,unknown,VM-79,Stage3-1-0,0,0,0,0,0,0,0,0
1784665316545,unknown,VM-77,Stage2-0-0,0,0,0,0,0,0,0,0
1784665316547,unknown,VM-78,Stage3-2-0,0,0,0,0,0,0,0,0
1784665316551,unknown,VM-75,Stage1-1-0,0,0,0,0,0,0,0,0
1784665316558,unknown,VM-73,Stage1-0-0,0,0,0,0,0,0,0,0
1784665316562,unknown,VM-76,Stage2-3-0,0,0,0,0,0,0,0,0
1784665317525,unknown,VM-74,Stage1-3-0,0,0,0,0,0,0,0,0
1784665317539,unknown,VM-79,Stage3-1-0,0,0,0,0,0,0,0,0
1784665317545,unknown,VM-77,Stage2-0-0,0,0,0,0,0,0,0,0
1784665317547,unknown,VM-78,Stage3-2-0,0,0,0,0,0,0,0,0
1784665317551,unknown,VM-75,Stage1-1-0,0,0,0,0,0,0,0,0
1784665317558,unknown,VM-73,Stage1-0-0,0,0,0,0,0,0,0,0
1784665317562,unknown,VM-76,Stage2-3-0,0,0,0,0,0,0,0,0
1784665318525,unknown,VM-74,Stage1-3-0,0,0,0,0,0,0,0,0
1784665318539,unknown,VM-79,Stage3-1-0,0,0,0,0,0,0,0,0
1784665318545,unknown,VM-77,Stage2-0-0,0,0,0,0,0,0,0,0
1784665318547,unknown,VM-78,Stage3-2-0,0,0,0,0,0,0,0,0
1784665318551,unknown,VM-75,Stage1-1-0,0,0,0,0,0,0,0,0
1784665318558,unknown,VM-73,Stage1-0-0,0,0,0,0,0,0,0,0
1784665318562,unknown,VM-76,Stage2-3-0,0,0,0,0,0,0,0,0
1784665319525,unknown,VM-74,Stage1-3-0,0,0,0,0,0,0,0,0
1784665319539,unknown,VM-79,Stage3-1-0,0,0,0,0,0,0,0,0
1784665319545,unknown,VM-77,Stage2-0-0,0,0,0,0,0,0,0,0
1784665319547,unknown,VM-78,Stage3-2-0,0,0,0,0,0,0,0,0
1784665319551,unknown,VM-75,Stage1-1-0,0,0,0,0,0,0,0,0
1784665319558,unknown,VM-73,Stage1-0-0,0,0,0,0,0,0,0,0
1784665319562,unknown,VM-76,Stage2-3-0,0,0,0,0,0,0,0,0
1784665320525,unknown,VM-74,Stage1-3-0,0,0,0,0,0,0,0,0
1784665320539,unknown,VM-79,Stage3-1-0,0,0,0,0,0,0,0,0
1784665320545,unknown,VM-77,Stage2-0-0,0,0,0,0,0,0,0,0
1784665320547,unknown,VM-78,Stage3-2-0,0,0,0,0,0,0,0,0
1784665320551,unknown,VM-75,Stage1-1-0,0,0,0,0,0,0,0,0
1784665320558,unknown,VM-73,Stage1-0-0,0,0,0,0,0,0,0,0
1784665320562,unknown,VM-76,Stage2-3-0,0,0,0,0,0,0,0,0
1784665321525,unknown,VM-74,Stage1-3-0,0,0,0,0,0,0,0,0
1784665321539,unknown,VM-79,Stage3-1-0,0,0,0,0,0,0,0,0
1784665321545,unknown,VM-77,Stage2-0-0,0,0,0,0,0,0,0,0
1784665321547,unknown,VM-78,Stage3-2-0,0,0,0,0,0,0,0,0
1784665321551,unknown,VM-75,Stage1-1-0,0,0,0,0,0,0,0,0
1784665321558,unknown,VM-73,Stage1-0-0,0,0,0,0,0,0,0,0
1784665321562,unknown,VM-76,Stage2-3-0,0,0,0,0,0,0,0,0
1784665322525,unknown,VM-74,Stage1-3-0,0,0,0,0,0,0,0,0
1784665322539,unknown,VM-79,Stage3-1-0,0,0,0,0,0,0,0,0
1784665322545,unknown,VM-77,Stage2-0-0,0,0,0,0,0,0,0,0
1784665322547,unknown,VM-78,Stage3-2-0,0,0,0,0,0,0,0,0
1784665322551,unknown,VM-75,Stage1-1-0,0,0,0,0,0,0,0,0
1784665322558,unknown,VM-73,Stage1-0-0,0,0,0,0,0,0,0,0
1784665322562,unknown,VM-76,Stage2-3-0,0,0,0,0,0,0,0,0
1784665323525,unknown,VM-74,Stage1-3-0,0,0,0,0,0,0,0,0
1784665323539,unknown,VM-79,Stage3-1-0,0,0,0,0,0,0,0,0
1784665323545,unknown,VM-77,Stage2-0-0,0,0,0,0,0,0,0,0
1784665323547,unknown,VM-78,Stage3-2-0,0,0,0,0,0,0,0,0
1784665323551,unknown,VM-75,Stage1-1-0,0,0,0,0,0,0,0,0
1784665323558,unknown,VM-73,Stage1-0-0,0,0,0,0,0,0,0,0
1784665323562,unknown,VM-76,Stage2-3-0,0,0,0,0,0,0,0,0
1784665324525,unknown,VM-74,Stage1-3-0,0,0,0,0,0,0,0,0
1784665324539,unknown,VM-79,Stage3-1-0,0,0,0,0,0,0,0,0
1784665324545,unknown,VM-77,Stage2-0-0,0,0,0,0,0,0,0,0
1784665324547,unknown,VM-78,Stage3-2-0,0,0,0,0,0,0,0,0
1784665324551,unknown,VM-75,Stage1-1-0,0,0,0,0,0,0,0,0
1784665324558,unknown,VM-73,Stage1-0-0,0,0,0,0,0,0,0,0
1784665324562,unknown,VM-76,Stage2-3-0,0,0,0,0,0,0,0,0
1784665325525,unknown,VM-74,Stage1-3-0,0,0,0,0,0,0,0,0
1784665325539,unknown,VM-79,Stage3-1-0,0,0,0,0,0,0,0,0
1784665325545,unknown,VM-77,Stage2-0-0,0,0,0,0,0,0,0,0
1784665325547,unknown,VM-78,Stage3-2-0,0,0,0,0,0,0,0,0
1784665325551,unknown,VM-75,Stage1-1-0,0,0,0,0,0,0,0,0
1784665325558,unknown,VM-73,Stage1-0-0,0,0,0,0,0,0,0,0
1784665325562,unknown,VM-76,Stage2-3-0,0,0,0,0,0,0,0,0
1784665326525,unknown,VM-74,Stage1-3-0,0,0,0,0,0,0,0,0
1784665326539,unknown,VM-79,Stage3-1-0,0,0,0,0,0,0,0,0
1784665326545,unknown,VM-77,Stage2-0-0,0,0,0,0,0,0,0,0
1784665326547,unknown,VM-78,Stage3-2-0,0,0,0,0,0,0,0,0
1784665326551,unknown,VM-75,Stage1-1-0,0,0,0,0,0,0,0,0
1784665326558,unknown,VM-73,Stage1-0-0,0,0,0,0,0,0,0,0
1784665326562,unknown,VM-76,Stage2-3-0,0,0,0,0,0,0,0,0
1784665327525,unknown,VM-74,Stage1-3-0,0,0,0,0,0,0,0,0
1784665327539,unknown,VM-79,Stage3-1-0,0,0,0,0,0,0,0,0
1784665327545,unknown,VM-77,Stage2-0-0,0,0,0,0,0,0,0,0
1784665327547,unknown,VM-78,Stage3-2-0,0,0,0,0,0,0,0,0
1784665327551,unknown,VM-75,Stage1-1-0,0,0,0,0,0,0,0,0
1784665327558,unknown,VM-73,Stage1-0-0,0,0,0,0,0,0,0,0
1784665327562,unknown,VM-76,Stage2-3-0,0,0,0,0,0,0,0,0
1784665328525,unknown,VM-74,Stage1-3-0,0,0,0,0,0,0,0,0
1784665328539,unknown,VM-79,Stage3-1-0,0,0,0,0,0,0,0,0
1784665328545,unknown,VM-77,Stage2-0-0,0,0,0,0,0,0,0,0
1784665328547,unknown,VM-78,Stage3-2-0,0,0,0,0,0,0,0,0
1784665328551,unknown,VM-75,Stage1-1-0,0,0,0,0,0,0,0,0
1784665328558,unknown,VM-73,Stage1-0-0,0,0,0,0,0,0,0,0
1784665328562,unknown,VM-76,Stage2-3-0,0,0,0,0,0,0,0,0
1784665329525,unknown,VM-74,Stage1-3-0,0,0,0,0,0,0,0,0
1784665329539,unknown,VM-79,Stage3-1-0,0,0,0,0,0,0,0,0
1784665329545,unknown,VM-77,Stage2-0-0,0,0,0,0,0,0,0,0
1784665329547,unknown,VM-78,Stage3-2-0,0,0,0,0,0,0,0,0
1784665329551,unknown,VM-75,Stage1-1-0,0,0,0,0,0,0,0,0
1784665329558,unknown,VM-73,Stage1-0-0,0,0,0,0,0,0,0,0
1784665329562,unknown,VM-76,Stage2-3-0,0,0,0,0,0,0,0,0
1784665330525,unknown,VM-74,Stage1-3-0,0,0,0,0,0,0,0,0
1784665330539,unknown,VM-79,Stage3-1-0,0,0,0,0,0,0,0,0
1784665330545,unknown,VM-77,Stage2-0-0,0,0,0,0,0,0,0,0
1784665330547,unknown,VM-78,Stage3-2-0,0,0,0,0,0,0,0,0
1784665330551,unknown,VM-75,Stage1-1-0,0,0,0,0,0,0,0,0
1784665330558,unknown,VM-73,Stage1-0-0,0,0,0,0,0,0,0,0
1784665330562,unknown,VM-76,Stage2-3-0,0,0,0,0,0,0,0,0
1784665331525,unknown,VM-74,Stage1-3-0,0,0,0,0,0,0,0,0
1784665331539,unknown,VM-79,Stage3-1-0,0,0,0,0,0,0,0,0
1784665331545,unknown,VM-77,Stage2-0-0,0,0,0,0,0,0,0,0
1784665331547,unknown,VM-78,Stage3-2-0,0,0,0,0,0,0,0,0
1784665331551,unknown,VM-75,Stage1-1-0,0,0,0,0,0,0,0,0
1784665331558,unknown,VM-73,Stage1-0-0,0,0,0,0,0,0,0,0
1784665331562,unknown,VM-76,Stage2-3-0,0,0,0,0,0,0,0,0
1784665332525,unknown,VM-74,Stage1-3-0,0,0,0,0,0,0,0,0
1784665332539,unknown,VM-79,Stage3-1-0,0,0,0,0,0,0,0,0
1784665332545,unknown,VM-77,Stage2-0-0,0,0,0,0,0,0,0,0
1784665332547,unknown,VM-78,Stage3-2-0,0,0,0,0,0,0,0,0
1784665332551,unknown,VM-75,Stage1-1-0,0,0,0,0,0,0,0,0
1784665332558,unknown,VM-73,Stage1-0-0,0,0,0,0,0,0,0,0
1784665332562,unknown,VM-76,Stage2-3-0,0,0,0,0,0,0,0,0
1784665333525,unknown,VM-74,Stage1-3-0,0,0,0,0,0,0,0,0
1784665333539,unknown,VM-79,Stage3-1-0,0,0,0,0,0,0,0,0
1784665333544,unknown,VM-77,Stage2-0-0,0,0,0,0,0,0,0,0
1784665333547,unknown,VM-78,Stage3-2-0,0,0,0,0,0,0,0,0
1784665333551,unknown,VM-75,Stage1-1-0,0,0,0,0,0,0,0,0
1784665333558,unknown,VM-73,Stage1-0-0,0,0,0,0,0,0,0,0
1784665333562,unknown,VM-76,Stage2-3-0,0,0,0,0,0,0,0,0
1784665334525,unknown,VM-74,Stage1-3-0,0,0,0,0,0,0,0,0
1784665334539,unknown,VM-79,Stage3-1-0,0,0,0,0,0,0,0,0
1784665334545,unknown,VM-77,Stage2-0-0,0,0,0,0,0,0,0,0
1784665334547,unknown,VM-78,Stage3-2-0,0,0,0,0,0,0,0,0
1784665334551,unknown,VM-75,Stage1-1-0,0,0,0,0,0,0,0,0
1784665334558,unknown,VM-73,Stage1-0-0,0,0,0,0,0,0,0,0
1784665334562,unknown,VM-76,Stage2-3-0,0,0,0,0,0,0,0,0
1784665335525,unknown,VM-74,Stage1-3-0,0,0,0,0,0,0,0,0
1784665335539,unknown,VM-79,Stage3-1-0,0,0,0,0,0,0,0,0
1784665335545,unknown,VM-77,Stage2-0-0,0,0,0,0,0,0,0,0
1784665335547,unknown,VM-78,Stage3-2-0,0,0,0,0,0,0,0,0
1784665335551,unknown,VM-75,Stage1-1-0,0,0,0,0,0,0,0,0
1784665335558,unknown,VM-73,Stage1-0-0,0,0,0,0,0,0,0,0
1784665335562,unknown,VM-76,Stage2-3-0,0,0,0,0,0,0,0,0
1784665336525,unknown,VM-74,Stage1-3-0,0,0,0,0,0,0,0,0
1784665336539,unknown,VM-79,Stage3-1-0,0,0,0,0,0,0,0,0
1784665336545,unknown,VM-77,Stage2-0-0,0,0,0,0,0,0,0,0
1784665336547,unknown,VM-78,Stage3-2-0,0,0,0,0,0,0,0,0
1784665336551,unknown,VM-75,Stage1-1-0,0,0,0,0,0,0,0,0
1784665336558,unknown,VM-73,Stage1-0-0,0,0,0,0,0,0,0,0
1784665336562,unknown,VM-76,Stage2-3-0,0,0,0,0,0,0,0,0
1784665337525,unknown,VM-74,Stage1-3-0,0,0,0,0,0,0,0,0
1784665337539,unknown,VM-79,Stage3-1-0,0,0,0,0,0,0,0,0
1784665337545,unknown,VM-77,Stage2-0-0,0,0,0,0,0,0,0,0
1784665337547,unknown,VM-78,Stage3-2-0,0,0,0,0,0,0,0,0
1784665337551,unknown,VM-75,Stage1-1-0,0,0,0,0,0,0,0,0
1784665337558,unknown,VM-73,Stage1-0-0,0,0,0,0,0,0,0,0
1784665337562,unknown,VM-76,Stage2-3-0,0,0,0,0,0,0,0,0
1784665338525,unknown,VM-74,Stage1-3-0,0,0,0,0,0,0,0,0
1784665338539,unknown,VM-79,Stage3-1-0,0,0,0,0,0,0,0,0
1784665338545,unknown,VM-77,Stage2-0-0,0,0,0,0,0,0,0,0
1784665338547,unknown,VM-78,Stage3-2-0,0,0,0,0,0,0,0,0
1784665338551,unknown,VM-75,Stage1-1-0,0,0,0,0,0,0,0,0
1784665338558,unknown,VM-73,Stage1-0-0,0,0,0,0,0,0,0,0
1784665338562,unknown,VM-76,Stage2-3-0,0,0,0,0,0,0,0,0
1784665339525,unknown,VM-74,Stage1-3-0,0,0,0,0,0,0,0,0
1784665339539,unknown,VM-79,Stage3-1-0,0,0,0,0,0,0,0,0
1784665339544,unknown,VM-77,Stage2-0-0,0,0,0,0,0,0,0,0
1784665339547,unknown,VM-78,Stage3-2-0,0,0,0,0,0,0,0,0
1784665339551,unknown,VM-75,Stage1-1-0,0,0,0,0,0,0,0,0
1784665339558,unknown,VM-73,Stage1-0-0,0,0,0,0,0,0,0,0
1784665339562,unknown,VM-76,Stage2-3-0,0,0,0,0,0,0,0,0
1784665340525,unknown,VM-74,Stage1-3-0,0,0,0,0,0,0,0,0
1784665340539,unknown,VM-79,Stage3-1-0,0,0,0,0,0,0,0,0
1784665340545,unknown,VM-77,Stage2-0-0,0,0,0,0,0,0,0,0
1784665340547,unknown,VM-78,Stage3-2-0,0,0,0,0,0,0,0,0
1784665340551,unknown,VM-75,Stage1-1-0,0,0,0,0,0,0,0,0
1784665340558,unknown,VM-73,Stage1-0-0,0,0,0,0,0,0,0,0
1784665340562,unknown,VM-76,Stage2-3-0,0,0,0,0,0,0,0,0
1784665341525,unknown,VM-74,Stage1-3-0,0,0,0,0,0,0,0,0
1784665341539,unknown,VM-79,Stage3-1-0,0,0,0,0,0,0,0,0
1784665341545,unknown,VM-77,Stage2-0-0,0,0,0,0,0,0,0,0
1784665341547,unknown,VM-78,Stage3-2-0,0,0,0,0,0,0,0,0
1784665341551,unknown,VM-75,Stage1-1-0,0,0,0,0,0,0,0,0
1784665341558,unknown,VM-73,Stage1-0-0,0,0,0,0,0,0,0,0
1784665341562,unknown,VM-76,Stage2-3-0,0,0,0,0,0,0,0,0
1784665342525,unknown,VM-74,Stage1-3-0,0,0,0,0,0,0,0,0
1784665342539,unknown,VM-79,Stage3-1-0,0,0,0,0,0,0,0,0
1784665342545,unknown,VM-77,Stage2-0-0,0,0,0,0,0,0,0,0
1784665342547,unknown,VM-78,Stage3-2-0,0,0,0,0,0,0,0,0
1784665342551,unknown,VM-75,Stage1-1-0,0,0,0,0,0,0,0,0
1784665342558,unknown,VM-73,Stage1-0-0,0,0,0,0,0,0,0,0
1784665342562,unknown,VM-76,Stage2-3-0,0,0,0,0,0,0,0,0
1784665343525,unknown,VM-74,Stage1-3-0,0,0,0,0,0,0,0,0
1784665343539,unknown,VM-79,Stage3-1-0,0,0,0,0,0,0,0,0
1784665343545,unknown,VM-77,Stage2-0-0,0,0,0,0,0,0,0,0
1784665343547,unknown,VM-78,Stage3-2-0,0,0,0,0,0,0,0,0
1784665343551,unknown,VM-75,Stage1-1-0,0,0,0,0,0,0,0,0
1784665343558,unknown,VM-73,Stage1-0-0,0,0,0,0,0,0,0,0
1784665343562,unknown,VM-76,Stage2-3-0,0,0,0,0,0,0,0,0
1784665344525,unknown,VM-74,Stage1-3-0,0,0,0,0,0,0,0,0
1784665344539,unknown,VM-79,Stage3-1-0,0,0,0,0,0,0,0,0
1784665344545,unknown,VM-77,Stage2-0-0,0,0,0,0,0,0,0,0
1784665344547,unknown,VM-78,Stage3-2-0,0,0,0,0,0,0,0,0
1784665344551,unknown,VM-75,Stage1-1-0,0,0,0,0,0,0,0,0
1784665344558,unknown,VM-73,Stage1-0-0,0,0,0,0,0,0,0,0
1784665344562,unknown,VM-76,Stage2-3-0,0,0,0,0,0,0,0,0
1784665345525,unknown,VM-74,Stage1-3-0,0,0,0,0,0,0,0,0
1784665345539,unknown,VM-79,Stage3-1-0,0,0,0,0,0,0,0,0
1784665345545,unknown,VM-77,Stage2-0-0,0,0,0,0,0,0,0,0
1784665345547,unknown,VM-78,Stage3-2-0,0,0,0,0,0,0,0,0
1784665345551,unknown,VM-75,Stage1-1-0,0,0,0,0,0,0,0,0
1784665345558,unknown,VM-73,Stage1-0-0,0,0,0,0,0,0,0,0
1784665345562,unknown,VM-76,Stage2-3-0,0,0,0,0,0,0,0,0
1784665346525,unknown,VM-74,Stage1-3-0,0,0,0,0,0,0,0,0
1784665346539,unknown,VM-79,Stage3-1-0,0,0,0,0,0,0,0,0
1784665346545,unknown,VM-77,Stage2-0-0,0,0,0,0,0,0,0,0
1784665346547,unknown,VM-78,Stage3-2-0,0,0,0,0,0,0,0,0
1784665346551,unknown,VM-75,Stage1-1-0,0,0,0,0,0,0,0,0
1784665346558,unknown,VM-73,Stage1-0-0,0,0,0,0,0,0,0,0
1784665346562,unknown,VM-76,Stage2-3-0,0,0,0,0,0,0,0,0
1784665347525,unknown,VM-74,Stage1-3-0,0,0,0,0,0,0,0,0
1784665347539,unknown,VM-79,Stage3-1-0,0,0,0,0,0,0,0,0
1784665347545,unknown,VM-77,Stage2-0-0,0,0,0,0,0,0,0,0
1784665347547,unknown,VM-78,Stage3-2-0,0,0,0,0,0,0,0,0
1784665347551,unknown,VM-75,Stage1-1-0,0,0,0,0,0,0,0,0
1784665347558,unknown,VM-73,Stage1-0-0,0,0,0,0,0,0,0,0
1784665347562,unknown,VM-76,Stage2-3-0,0,0,0,0,0,0,0,0
1784665348525,unknown,VM-74,Stage1-3-0,0,0,0,0,0,0,0,0
1784665348539,unknown,VM-79,Stage3-1-0,0,0,0,0,0,0,0,0
1784665348545,unknown,VM-77,Stage2-0-0,0,0,0,0,0,0,0,0
1784665348547,unknown,VM-78,Stage3-2-0,0,0,0,0,0,0,0,0
1784665348551,unknown,VM-75,Stage1-1-0,0,0,0,0,0,0,0,0
1784665348558,unknown,VM-73,Stage1-0-0,0,0,0,0,0,0,0,0
1784665348562,unknown,VM-76,Stage2-3-0,0,0,0,0,0,0,0,0
1784665349525,unknown,VM-74,Stage1-3-0,0,0,0,0,0,0,0,0
1784665349539,unknown,VM-79,Stage3-1-0,0,0,0,0,0,0,0,0
1784665349545,unknown,VM-77,Stage2-0-0,0,0,0,0,0,0,0,0
1784665349547,unknown,VM-78,Stage3-2-0,0,0,0,0,0,0,0,0
1784665349551,unknown,VM-75,Stage1-1-0,0,0,0,0,0,0,0,0
1784665349558,unknown,VM-73,Stage1-0-0,0,0,0,0,0,0,0,0
1784665349562,unknown,VM-76,Stage2-3-0,0,0,0,0,0,0,0,0
1784665350525,unknown,VM-74,Stage1-3-0,0,0,0,0,0,0,0,0
1784665350539,unknown,VM-79,Stage3-1-0,0,0,0,0,0,0,0,0
1784665350545,unknown,VM-77,Stage2-0-0,0,0,0,0,0,0,0,0
1784665350547,unknown,VM-78,Stage3-2-0,0,0,0,0,0,0,0,0
1784665350551,unknown,VM-75,Stage1-1-0,0,0,0,0,0,0,0,0
1784665350558,unknown,VM-73,Stage1-0-0,0,0,0,0,0,0,0,0
1784665350562,unknown,VM-76,Stage2-3-0,0,0,0,0,0,0,0,0
1784665351525,unknown,VM-74,Stage1-3-0,0,0,0,0,0,0,0,0
1784665351539,unknown,VM-79,Stage3-1-0,0,0,0,0,0,0,0,0
1784665351545,unknown,VM-77,Stage2-0-0,0,0,0,0,0,0,0,0
1784665351547,unknown,VM-78,Stage3-2-0,0,0,0,0,0,0,0,0
1784665351551,unknown,VM-75,Stage1-1-0,0,0,0,0,0,0,0,0
1784665351558,unknown,VM-73,Stage1-0-0,0,0,0,0,0,0,0,0
1784665351562,unknown,VM-76,Stage2-3-0,0,0,0,0,0,0,0,0
1784665352525,unknown,VM-74,Stage1-3-0,0,0,0,0,0,0,0,0
1784665352539,unknown,VM-79,Stage3-1-0,0,0,0,0,0,0,0,0
1784665352545,unknown,VM-77,Stage2-0-0,0,0,0,0,0,0,0,0
1784665352547,unknown,VM-78,Stage3-2-0,0,0,0,0,0,0,0,0
1784665352550,unknown,VM-75,Stage1-1-0,0,0,0,0,0,0,0,0
1784665352558,unknown,VM-73,Stage1-0-0,0,0,0,0,0,0,0,0
1784665352562,unknown,VM-76,Stage2-3-0,0,0,0,0,0,0,0,0
1784665353525,unknown,VM-74,Stage1-3-0,0,0,0,0,0,0,0,0
1784665353539,unknown,VM-79,Stage3-1-0,0,0,0,0,0,0,0,0
1784665353545,unknown,VM-77,Stage2-0-0,0,0,0,0,0,0,0,0
1784665353547,unknown,VM-78,Stage3-2-0,0,0,0,0,0,0,0,0
1784665353550,unknown,VM-75,Stage1-1-0,0,0,0,0,0,0,0,0
1784665353558,unknown,VM-73,Stage1-0-0,0,0,0,0,0,0,0,0
1784665353562,unknown,VM-76,Stage2-3-0,0,0,0,0,0,0,0,0
1784665354525,unknown,VM-74,Stage1-3-0,0,0,0,0,0,0,0,0
1784665354539,unknown,VM-79,Stage3-1-0,0,0,0,0,0,0,0,0
1784665354544,unknown,VM-77,Stage2-0-0,0,0,0,0,0,0,0,0
1784665354547,unknown,VM-78,Stage3-2-0,0,0,0,0,0,0,0,0
1784665354550,unknown,VM-75,Stage1-1-0,0,0,0,0,0,0,0,0
1784665354558,unknown,VM-73,Stage1-0-0,0,0,0,0,0,0,0,0
1784665354562,unknown,VM-76,Stage2-3-0,0,0,0,0,0,0,0,0
1784665355525,unknown,VM-74,Stage1-3-0,0,0,0,0,0,0,0,0
1784665355539,unknown,VM-79,Stage3-1-0,0,0,0,0,0,0,0,0
1784665355545,unknown,VM-77,Stage2-0-0,0,0,0,0,0,0,0,0
1784665355547,unknown,VM-78,Stage3-2-0,0,0,0,0,0,0,0,0
1784665355551,unknown,VM-75,Stage1-1-0,0,0,0,0,0,0,0,0
1784665355558,unknown,VM-73,Stage1-0-0,0,0,0,0,0,0,0,0
1784665355562,unknown,VM-76,Stage2-3-0,0,0,0,0,0,0,0,0
1784665356525,unknown,VM-74,Stage1-3-0,0,0,0,0,0,0,0,0
1784665356539,unknown,VM-79,Stage3-1-0,0,0,0,0,0,0,0,0
1784665356545,unknown,VM-77,Stage2-0-0,0,0,0,0,0,0,0,0
1784665356547,unknown,VM-78,Stage3-2-0,0,0,0,0,0,0,0,0
1784665356551,unknown,VM-75,Stage1-1-0,0,0,0,0,0,0,0,0
1784665356558,unknown,VM-73,Stage1-0-0,0,0,0,0,0,0,0,0
1784665356562,unknown,VM-76,Stage2-3-0,0,0,0,0,0,0,0,0
1784665357525,unknown,VM-74,Stage1-3-0,0,0,0,0,0,0,0,0
1784665357539,unknown,VM-79,Stage3-1-0,0,0,0,0,0,0,0,0
1784665357544,unknown,VM-77,Stage2-0-0,0,0,0,0,0,0,0,0
1784665357547,unknown,VM-78,Stage3-2-0,0,0,0,0,0,0,0,0
1784665357551,unknown,VM-75,Stage1-1-0,0,0,0,0,0,0,0,0
1784665357558,unknown,VM-73,Stage1-0-0,0,0,0,0,0,0,0,0
1784665357562,unknown,VM-76,Stage2-3-0,0,0,0,0,0,0,0,0
1784665358525,unknown,VM-74,Stage1-3-0,0,0,0,0,0,0,0,0
1784665358539,unknown,VM-79,Stage3-1-0,0,0,0,0,0,0,0,0
1784665358545,unknown,VM-77,Stage2-0-0,0,0,0,0,0,0,0,0
1784665358547,unknown,VM-78,Stage3-2-0,0,0,0,0,0,0,0,0
1784665358551,unknown,VM-75,Stage1-1-0,0,0,0,0,0,0,0,0
1784665358558,unknown,VM-73,Stage1-0-0,0,0,0,0,0,0,0,0
1784665358562,unknown,VM-76,Stage2-3-0,0,0,0,0,0,0,0,0
1784665359525,unknown,VM-74,Stage1-3-0,0,0,0,0,0,0,0,0
1784665359539,unknown,VM-79,Stage3-1-0,0,0,0,0,0,0,0,0
1784665359545,unknown,VM-77,Stage2-0-0,0,0,0,0,0,0,0,0
1784665359547,unknown,VM-78,Stage3-2-0,0,0,0,0,0,0,0,0
1784665359551,unknown,VM-75,Stage1-1-0,0,0,0,0,0,0,0,0
1784665359558,unknown,VM-73,Stage1-0-0,0,0,0,0,0,0,0,0
1784665359562,unknown,VM-76,Stage2-3-0,0,0,0,0,0,0,0,0
1784665360525,unknown,VM-74,Stage1-3-0,0,0,0,0,0,0,0,0
1784665360539,unknown,VM-79,Stage3-1-0,0,0,0,0,0,0,0,0
1784665360545,unknown,VM-77,Stage2-0-0,0,0,0,0,0,0,0,0
1784665360547,unknown,VM-78,Stage3-2-0,0,0,0,0,0,0,0,0
1784665360550,unknown,VM-75,Stage1-1-0,0,0,0,0,0,0,0,0
1784665360558,unknown,VM-73,Stage1-0-0,0,0,0,0,0,0,0,0
1784665360562,unknown,VM-76,Stage2-3-0,0,0,0,0,0,0,0,0
1784665361525,unknown,VM-74,Stage1-3-0,0,0,0,0,0,0,0,0
1784665361539,unknown,VM-79,Stage3-1-0,0,0,0,0,0,0,0,0
1784665361545,unknown,VM-77,Stage2-0-0,0,0,0,0,0,0,0,0
1784665361547,unknown,VM-78,Stage3-2-0,0,0,0,0,0,0,0,0
1784665361550,unknown,VM-75,Stage1-1-0,0,0,0,0,0,0,0,0
1784665361558,unknown,VM-73,Stage1-0-0,0,0,0,0,0,0,0,0
1784665361562,unknown,VM-76,Stage2-3-0,0,0,0,0,0,0,0,0
1784665362525,unknown,VM-74,Stage1-3-0,0,0,0,0,0,0,0,0
1784665362539,unknown,VM-79,Stage3-1-0,0,0,0,0,0,0,0,0
1784665362545,unknown,VM-77,Stage2-0-0,0,0,0,0,0,0,0,0
1784665362547,unknown,VM-78,Stage3-2-0,0,0,0,0,0,0,0,0
1784665362550,unknown,VM-75,Stage1-1-0,0,0,0,0,0,0,0,0
1784665362558,unknown,VM-73,Stage1-0-0,0,0,0,0,0,0,0,0
1784665362562,unknown,VM-76,Stage2-3-0,0,0,0,0,0,0,0,0
1784665363525,unknown,VM-74,Stage1-3-0,0,0,0,0,0,0,0,0
1784665363539,unknown,VM-79,Stage3-1-0,0,0,0,0,0,0,0,0
1784665363545,unknown,VM-77,Stage2-0-0,0,0,0,0,0,0,0,0
1784665363547,unknown,VM-78,Stage3-2-0,0,0,0,0,0,0,0,0
1784665363551,unknown,VM-75,Stage1-1-0,0,0,0,0,0,0,0,0
1784665363558,unknown,VM-73,Stage1-0-0,0,0,0,0,0,0,0,0
1784665363562,unknown,VM-76,Stage2-3-0,0,0,0,0,0,0,0,0
1784665364525,unknown,VM-74,Stage1-3-0,0,0,0,0,0,0,0,0
1784665364539,unknown,VM-79,Stage3-1-0,0,0,0,0,0,0,0,0
1784665364545,unknown,VM-77,Stage2-0-0,0,0,0,0,0,0,0,0
1784665364547,unknown,VM-78,Stage3-2-0,0,0,0,0,0,0,0,0
1784665364551,unknown,VM-75,Stage1-1-0,0,0,0,0,0,0,0,0
1784665364558,unknown,VM-73,Stage1-0-0,0,0,0,0,0,0,0,0
1784665364562,unknown,VM-76,Stage2-3-0,0,0,0,0,0,0,0,0
1784665365525,unknown,VM-74,Stage1-3-0,0,0,0,0,0,0,0,0
1784665365539,unknown,VM-79,Stage3-1-0,0,0,0,0,0,0,0,0
1784665365545,unknown,VM-77,Stage2-0-0,0,0,0,0,0,0,0,0
1784665365547,unknown,VM-78,Stage3-2-0,0,0,0,0,0,0,0,0
1784665365551,unknown,VM-75,Stage1-1-0,0,0,0,0,0,0,0,0
1784665365558,unknown,VM-73,Stage1-0-0,0,0,0,0,0,0,0,0
1784665365562,unknown,VM-76,Stage2-3-0,0,0,0,0,0,0,0,0
1784665366525,unknown,VM-74,Stage1-3-0,0,0,0,0,0,0,0,0
1784665366539,unknown,VM-79,Stage3-1-0,0,0,0,0,0,0,0,0
1784665366545,unknown,VM-77,Stage2-0-0,0,0,0,0,0,0,0,0
1784665366547,unknown,VM-78,Stage3-2-0,0,0,0,0,0,0,0,0
1784665366551,unknown,VM-75,Stage1-1-0,0,0,0,0,0,0,0,0
1784665366558,unknown,VM-73,Stage1-0-0,0,0,0,0,0,0,0,0
1784665366562,unknown,VM-76,Stage2-3-0,0,0,0,0,0,0,0,0
1784665367525,unknown,VM-74,Stage1-3-0,0,0,0,0,0,0,0,0
1784665367539,unknown,VM-79,Stage3-1-0,0,0,0,0,0,0,0,0
1784665367545,unknown,VM-77,Stage2-0-0,0,0,0,0,0,0,0,0
1784665367547,unknown,VM-78,Stage3-2-0,0,0,0,0,0,0,0,0
1784665367551,unknown,VM-75,Stage1-1-0,0,0,0,0,0,0,0,0
1784665367558,unknown,VM-73,Stage1-0-0,0,0,0,0,0,0,0,0
1784665367562,unknown,VM-76,Stage2-3-0,0,0,0,0,0,0,0,0
1784665368525,unknown,VM-74,Stage1-3-0,0,0,0,0,0,0,0,0
1784665368539,unknown,VM-79,Stage3-1-0,0,0,0,0,0,0,0,0
1784665368545,unknown,VM-77,Stage2-0-0,0,0,0,0,0,0,0,0
1784665368547,unknown,VM-78,Stage3-2-0,0,0,0,0,0,0,0,0
1784665368551,unknown,VM-75,Stage1-1-0,0,0,0,0,0,0,0,0
1784665368558,unknown,VM-73,Stage1-0-0,0,0,0,0,0,0,0,0
1784665368562,unknown,VM-76,Stage2-3-0,0,0,0,0,0,0,0,0
1784665369525,unknown,VM-74,Stage1-3-0,0,0,0,0,0,0,0,0
1784665369539,unknown,VM-79,Stage3-1-0,0,0,0,0,0,0,0,0
1784665369545,unknown,VM-77,Stage2-0-0,0,0,0,0,0,0,0,0
1784665369547,unknown,VM-78,Stage3-2-0,0,0,0,0,0,0,0,0
1784665369551,unknown,VM-75,Stage1-1-0,0,0,0,0,0,0,0,0
1784665369558,unknown,VM-73,Stage1-0-0,0,0,0,0,0,0,0,0
1784665369562,unknown,VM-76,Stage2-3-0,0,0,0,0,0,0,0,0
1784665370525,unknown,VM-74,Stage1-3-0,0,0,0,0,0,0,0,0
1784665370539,unknown,VM-79,Stage3-1-0,0,0,0,0,0,0,0,0
1784665370545,unknown,VM-77,Stage2-0-0,0,0,0,0,0,0,0,0
1784665370547,unknown,VM-78,Stage3-2-0,0,0,0,0,0,0,0,0
1784665370551,unknown,VM-75,Stage1-1-0,0,0,0,0,0,0,0,0
1784665370558,unknown,VM-73,Stage1-0-0,0,0,0,0,0,0,0,0
1784665370562,unknown,VM-76,Stage2-3-0,0,0,0,0,0,0,0,0
1784665371525,unknown,VM-74,Stage1-3-0,0,0,0,0,0,0,0,0
1784665371539,unknown,VM-79,Stage3-1-0,0,0,0,0,0,0,0,0
1784665371545,unknown,VM-77,Stage2-0-0,0,0,0,0,0,0,0,0
1784665371547,unknown,VM-78,Stage3-2-0,0,0,0,0,0,0,0,0
1784665371551,unknown,VM-75,Stage1-1-0,0,0,0,0,0,0,0,0
1784665371558,unknown,VM-73,Stage1-0-0,0,0,0,0,0,0,0,0
1784665371562,unknown,VM-76,Stage2-3-0,0,0,0,0,0,0,0,0
1784665372525,unknown,VM-74,Stage1-3-0,0,0,0,0,0,0,0,0
1784665372539,unknown,VM-79,Stage3-1-0,0,0,0,0,0,0,0,0
1784665372545,unknown,VM-77,Stage2-0-0,0,0,0,0,0,0,0,0
1784665372547,unknown,VM-78,Stage3-2-0,0,0,0,0,0,0,0,0
1784665372551,unknown,VM-75,Stage1-1-0,0,0,0,0,0,0,0,0
1784665372558,unknown,VM-73,Stage1-0-0,0,0,0,0,0,0,0,0
1784665372562,unknown,VM-76,Stage2-3-0,0,0,0,0,0,0,0,0
1784665373525,unknown,VM-74,Stage1-3-0,0,0,0,0,0,0,0,0
1784665373539,unknown,VM-79,Stage3-1-0,0,0,0,0,0,0,0,0
1784665373545,unknown,VM-77,Stage2-0-0,0,0,0,0,0,0,0,0
1784665373547,unknown,VM-78,Stage3-2-0,0,0,0,0,0,0,0,0
1784665373551,unknown,VM-75,Stage1-1-0,0,0,0,0,0,0,0,0
1784665373558,unknown,VM-73,Stage1-0-0,0,0,0,0,0,0,0,0
1784665373562,unknown,VM-76,Stage2-3-0,0,0,0,0,0,0,0,0
1784665374525,unknown,VM-74,Stage1-3-0,0,0,0,0,0,0,0,0
1784665374539,unknown,VM-79,Stage3-1-0,0,0,0,0,0,0,0,0
1784665374545,unknown,VM-77,Stage2-0-0,0,0,0,0,0,0,0,0
1784665374547,unknown,VM-78,Stage3-2-0,0,0,0,0,0,0,0,0
1784665374551,unknown,VM-75,Stage1-1-0,0,0,0,0,0,0,0,0
1784665374558,unknown,VM-73,Stage1-0-0,0,0,0,0,0,0,0,0
1784665374562,unknown,VM-76,Stage2-3-0,0,0,0,0,0,0,0,0
1784665375525,unknown,VM-74,Stage1-3-0,0,0,0,0,0,0,0,0
1784665375539,unknown,VM-79,Stage3-1-0,0,0,0,0,0,0,0,0
1784665375545,unknown,VM-77,Stage2-0-0,0,0,0,0,0,0,0,0
1784665375547,unknown,VM-78,Stage3-2-0,0,0,0,0,0,0,0,0
1784665375551,unknown,VM-75,Stage1-1-0,0,0,0,0,0,0,0,0
1784665375558,unknown,VM-73,Stage1-0-0,0,0,0,0,0,0,0,0
1784665375562,unknown,VM-76,Stage2-3-0,0,0,0,0,0,0,0,0
1784665376525,unknown,VM-74,Stage1-3-0,0,0,0,0,0,0,0,0
1784665376539,unknown,VM-79,Stage3-1-0,0,0,0,0,0,0,0,0
1784665376544,unknown,VM-77,Stage2-0-0,0,0,0,0,0,0,0,0
1784665376547,unknown,VM-78,Stage3-2-0,0,0,0,0,0,0,0,0
1784665376551,unknown,VM-75,Stage1-1-0,0,0,0,0,0,0,0,0
1784665376558,unknown,VM-73,Stage1-0-0,0,0,0,0,0,0,0,0
1784665376562,unknown,VM-76,Stage2-3-0,0,0,0,0,0,0,0,0
1784665377525,unknown,VM-74,Stage1-3-0,0,0,0,0,0,0,0,0
1784665377539,unknown,VM-79,Stage3-1-0,0,0,0,0,0,0,0,0
1784665377545,unknown,VM-77,Stage2-0-0,0,0,0,0,0,0,0,0
1784665377547,unknown,VM-78,Stage3-2-0,0,0,0,0,0,0,0,0
1784665377551,unknown,VM-75,Stage1-1-0,0,0,0,0,0,0,0,0
1784665377558,unknown,VM-73,Stage1-0-0,0,0,0,0,0,0,0,0
1784665377562,unknown,VM-76,Stage2-3-0,0,0,0,0,0,0,0,0
1784665378525,unknown,VM-74,Stage1-3-0,0,0,0,0,0,0,0,0
1784665378539,unknown,VM-79,Stage3-1-0,0,0,0,0,0,0,0,0
1784665378545,unknown,VM-77,Stage2-0-0,0,0,0,0,0,0,0,0
1784665378547,unknown,VM-78,Stage3-2-0,0,0,0,0,0,0,0,0
1784665378551,unknown,VM-75,Stage1-1-0,0,0,0,0,0,0,0,0
1784665378558,unknown,VM-73,Stage1-0-0,0,0,0,0,0,0,0,0
1784665378562,unknown,VM-76,Stage2-3-0,0,0,0,0,0,0,0,0
1784665379525,unknown,VM-74,Stage1-3-0,0,0,0,0,0,0,0,0
1784665379539,unknown,VM-79,Stage3-1-0,0,0,0,0,0,0,0,0
1784665379545,unknown,VM-77,Stage2-0-0,0,0,0,0,0,0,0,0
1784665379547,unknown,VM-78,Stage3-2-0,0,0,0,0,0,0,0,0
1784665379551,unknown,VM-75,Stage1-1-0,0,0,0,0,0,0,0,0
1784665379558,unknown,VM-73,Stage1-0-0,0,0,0,0,0,0,0,0
1784665379562,unknown,VM-76,Stage2-3-0,0,0,0,0,0,0,0,0
1784665380525,unknown,VM-74,Stage1-3-0,0,0,0,0,0,0,0,0
1784665380539,unknown,VM-79,Stage3-1-0,0,0,0,0,0,0,0,0
1784665380545,unknown,VM-77,Stage2-0-0,0,0,0,0,0,0,0,0
1784665380547,unknown,VM-78,Stage3-2-0,0,0,0,0,0,0,0,0
1784665380550,unknown,VM-75,Stage1-1-0,0,0,0,0,0,0,0,0
1784665380558,unknown,VM-73,Stage1-0-0,0,0,0,0,0,0,0,0
1784665380562,unknown,VM-76,Stage2-3-0,0,0,0,0,0,0,0,0
1784665381525,unknown,VM-74,Stage1-3-0,0,0,0,0,0,0,0,0
1784665381539,unknown,VM-79,Stage3-1-0,0,0,0,0,0,0,0,0
1784665381545,unknown,VM-77,Stage2-0-0,0,0,0,0,0,0,0,0
1784665381547,unknown,VM-78,Stage3-2-0,0,0,0,0,0,0,0,0
1784665381550,unknown,VM-75,Stage1-1-0,0,0,0,0,0,0,0,0
1784665381558,unknown,VM-73,Stage1-0-0,0,0,0,0,0,0,0,0
1784665381562,unknown,VM-76,Stage2-3-0,0,0,0,0,0,0,0,0
1784665382525,unknown,VM-74,Stage1-3-0,0,0,0,0,0,0,0,0
1784665382539,unknown,VM-79,Stage3-1-0,0,0,0,0,0,0,0,0
1784665382545,unknown,VM-77,Stage2-0-0,0,0,0,0,0,0,0,0
1784665382547,unknown,VM-78,Stage3-2-0,0,0,0,0,0,0,0,0
1784665382550,unknown,VM-75,Stage1-1-0,0,0,0,0,0,0,0,0
1784665382558,unknown,VM-73,Stage1-0-0,0,0,0,0,0,0,0,0
1784665382562,unknown,VM-76,Stage2-3-0,0,0,0,0,0,0,0,0
1784665383525,unknown,VM-74,Stage1-3-0,0,0,0,0,0,0,0,0
1784665383539,unknown,VM-79,Stage3-1-0,0,0,0,0,0,0,0,0
1784665383545,unknown,VM-77,Stage2-0-0,0,0,0,0,0,0,0,0
1784665383547,unknown,VM-78,Stage3-2-0,0,0,0,0,0,0,0,0
1784665383551,unknown,VM-75,Stage1-1-0,0,0,0,0,0,0,0,0
1784665383558,unknown,VM-73,Stage1-0-0,0,0,0,0,0,0,0,0
1784665383562,unknown,VM-76,Stage2-3-0,0,0,0,0,0,0,0,0
1784665384525,unknown,VM-74,Stage1-3-0,0,0,0,0,0,0,0,0
1784665384539,unknown,VM-79,Stage3-1-0,0,0,0,0,0,0,0,0
1784665384545,unknown,VM-77,Stage2-0-0,0,0,0,0,0,0,0,0
1784665384547,unknown,VM-78,Stage3-2-0,0,0,0,0,0,0,0,0
1784665384551,unknown,VM-75,Stage1-1-0,0,0,0,0,0,0,0,0
1784665384558,unknown,VM-73,Stage1-0-0,0,0,0,0,0,0,0,0
1784665384562,unknown,VM-76,Stage2-3-0,0,0,0,0,0,0,0,0
1784665385525,unknown,VM-74,Stage1-3-0,0,0,0,0,0,0,0,0
1784665385539,unknown,VM-79,Stage3-1-0,0,0,0,0,0,0,0,0
1784665385545,unknown,VM-77,Stage2-0-0,0,0,0,0,0,0,0,0
1784665385547,unknown,VM-78,Stage3-2-0,0,0,0,0,0,0,0,0
1784665385551,unknown,VM-75,Stage1-1-0,0,0,0,0,0,0,0,0
1784665385558,unknown,VM-73,Stage1-0-0,0,0,0,0,0,0,0,0
1784665385562,unknown,VM-76,Stage2-3-0,0,0,0,0,0,0,0,0
1784665386525,unknown,VM-74,Stage1-3-0,0,0,0,0,0,0,0,0
1784665386539,unknown,VM-79,Stage3-1-0,0,0,0,0,0,0,0,0
1784665386545,unknown,VM-77,Stage2-0-0,0,0,0,0,0,0,0,0
1784665386547,unknown,VM-78,Stage3-2-0,0,0,0,0,0,0,0,0
1784665386551,unknown,VM-75,Stage1-1-0,0,0,0,0,0,0,0,0
1784665386558,unknown,VM-73,Stage1-0-0,0,0,0,0,0,0,0,0
1784665386562,unknown,VM-76,Stage2-3-0,0,0,0,0,0,0,0,0
1784665387525,unknown,VM-74,Stage1-3-0,0,0,0,0,0,0,0,0
1784665387539,unknown,VM-79,Stage3-1-0,0,0,0,0,0,0,0,0
1784665387545,unknown,VM-77,Stage2-0-0,0,0,0,0,0,0,0,0
1784665387547,unknown,VM-78,Stage3-2-0,0,0,0,0,0,0,0,0
1784665387551,unknown,VM-75,Stage1-1-0,0,0,0,0,0,0,0,0
1784665387558,unknown,VM-73,Stage1-0-0,0,0,0,0,0,0,0,0
1784665387562,unknown,VM-76,Stage2-3-0,0,0,0,0,0,0,0,0
1784665388525,unknown,VM-74,Stage1-3-0,0,0,0,0,0,0,0,0
1784665388539,unknown,VM-79,Stage3-1-0,0,0,0,0,0,0,0,0
1784665388545,unknown,VM-77,Stage2-0-0,0,0,0,0,0,0,0,0
1784665388547,unknown,VM-78,Stage3-2-0,0,0,0,0,0,0,0,0
1784665388551,unknown,VM-75,Stage1-1-0,0,0,0,0,0,0,0,0
1784665388558,unknown,VM-73,Stage1-0-0,0,0,0,0,0,0,0,0
1784665388562,unknown,VM-76,Stage2-3-0,0,0,0,0,0,0,0,0
1784665389525,unknown,VM-74,Stage1-3-0,0,0,0,0,0,0,0,0
1784665389539,unknown,VM-79,Stage3-1-0,0,0,0,0,0,0,0,0
1784665389545,unknown,VM-77,Stage2-0-0,0,0,0,0,0,0,0,0
1784665389547,unknown,VM-78,Stage3-2-0,0,0,0,0,0,0,0,0
1784665389551,unknown,VM-75,Stage1-1-0,0,0,0,0,0,0,0,0
1784665389558,unknown,VM-73,Stage1-0-0,0,0,0,0,0,0,0,0
1784665389562,unknown,VM-76,Stage2-3-0,0,0,0,0,0,0,0,0
1784665390525,unknown,VM-74,Stage1-3-0,0,0,0,0,0,0,0,0
1784665390539,unknown,VM-79,Stage3-1-0,0,0,0,0,0,0,0,0
1784665390545,unknown,VM-77,Stage2-0-0,0,0,0,0,0,0,0,0
1784665390547,unknown,VM-78,Stage3-2-0,0,0,0,0,0,0,0,0
1784665390551,unknown,VM-75,Stage1-1-0,0,0,0,0,0,0,0,0
1784665390558,unknown,VM-73,Stage1-0-0,0,0,0,0,0,0,0,0
1784665390562,unknown,VM-76,Stage2-3-0,0,0,0,0,0,0,0,0
1784665391525,unknown,VM-74,Stage1-3-0,0,0,0,0,0,0,0,0
1784665391539,unknown,VM-79,Stage3-1-0,0,0,0,0,0,0,0,0
1784665391545,unknown,VM-77,Stage2-0-0,0,0,0,0,0,0,0,0
1784665391547,unknown,VM-78,Stage3-2-0,0,0,0,0,0,0,0,0
1784665391551,unknown,VM-75,Stage1-1-0,0,0,0,0,0,0,0,0
1784665391558,unknown,VM-73,Stage1-0-0,0,0,0,0,0,0,0,0
1784665391562,unknown,VM-76,Stage2-3-0,0,0,0,0,0,0,0,0
1784665392525,unknown,VM-74,Stage1-3-0,0,0,0,0,0,0,0,0
1784665392539,unknown,VM-79,Stage3-1-0,0,0,0,0,0,0,0,0
1784665392545,unknown,VM-77,Stage2-0-0,0,0,0,0,0,0,0,0
1784665392547,unknown,VM-78,Stage3-2-0,0,0,0,0,0,0,0,0
1784665392550,unknown,VM-75,Stage1-1-0,0,0,0,0,0,0,0,0
1784665392558,unknown,VM-73,Stage1-0-0,0,0,0,0,0,0,0,0
1784665392562,unknown,VM-76,Stage2-3-0,0,0,0,0,0,0,0,0
1784665393525,unknown,VM-74,Stage1-3-0,0,0,0,0,0,0,0,0
1784665393539,unknown,VM-79,Stage3-1-0,0,0,0,0,0,0,0,0
1784665393545,unknown,VM-77,Stage2-0-0,0,0,0,0,0,0,0,0
1784665393547,unknown,VM-78,Stage3-2-0,0,0,0,0,0,0,0,0
1784665393550,unknown,VM-75,Stage1-1-0,0,0,0,0,0,0,0,0
1784665393558,unknown,VM-73,Stage1-0-0,0,0,0,0,0,0,0,0
1784665393562,unknown,VM-76,Stage2-3-0,0,0,0,0,0,0,0,0
1784665394525,unknown,VM-74,Stage1-3-0,0,0,0,0,0,0,0,0
1784665394539,unknown,VM-79,Stage3-1-0,0,0,0,0,0,0,0,0
1784665394545,unknown,VM-77,Stage2-0-0,0,0,0,0,0,0,0,0
1784665394547,unknown,VM-78,Stage3-2-0,0,0,0,0,0,0,0,0
1784665394550,unknown,VM-75,Stage1-1-0,0,0,0,0,0,0,0,0
1784665394558,unknown,VM-73,Stage1-0-0,0,0,0,0,0,0,0,0
1784665394562,unknown,VM-76,Stage2-3-0,0,0,0,0,0,0,0,0
1784665395525,unknown,VM-74,Stage1-3-0,0,0,0,0,0,0,0,0
1784665395539,unknown,VM-79,Stage3-1-0,0,0,0,0,0,0,0,0
1784665395545,unknown,VM-77,Stage2-0-0,0,0,0,0,0,0,0,0
1784665395547,unknown,VM-78,Stage3-2-0,0,0,0,0,0,0,0,0
1784665395551,unknown,VM-75,Stage1-1-0,0,0,0,0,0,0,0,0
1784665395558,unknown,VM-73,Stage1-0-0,0,0,0,0,0,0,0,0
1784665395562,unknown,VM-76,Stage2-3-0,0,0,0,0,0,0,0,0
1784665396525,unknown,VM-74,Stage1-3-0,0,0,0,0,0,0,0,0
1784665396539,unknown,VM-79,Stage3-1-0,0,0,0,0,0,0,0,0
1784665396545,unknown,VM-77,Stage2-0-0,0,0,0,0,0,0,0,0
1784665396547,unknown,VM-78,Stage3-2-0,0,0,0,0,0,0,0,0
1784665396551,unknown,VM-75,Stage1-1-0,0,0,0,0,0,0,0,0
1784665396558,unknown,VM-73,Stage1-0-0,0,0,0,0,0,0,0,0
1784665396562,unknown,VM-76,Stage2-3-0,0,0,0,0,0,0,0,0
1784665397525,unknown,VM-74,Stage1-3-0,0,0,0,0,0,0,0,0
1784665397539,unknown,VM-79,Stage3-1-0,0,0,0,0,0,0,0,0
1784665397545,unknown,VM-77,Stage2-0-0,0,0,0,0,0,0,0,0
1784665397547,unknown,VM-78,Stage3-2-0,0,0,0,0,0,0,0,0
1784665397551,unknown,VM-75,Stage1-1-0,0,0,0,0,0,0,0,0
1784665397558,unknown,VM-73,Stage1-0-0,0,0,0,0,0,0,0,0
1784665397562,unknown,VM-76,Stage2-3-0,0,0,0,0,0,0,0,0
1784665398525,unknown,VM-74,Stage1-3-0,0,0,0,0,0,0,0,0
1784665398539,unknown,VM-79,Stage3-1-0,0,0,0,0,0,0,0,0
1784665398545,unknown,VM-77,Stage2-0-0,0,0,0,0,0,0,0,0
1784665398547,unknown,VM-78,Stage3-2-0,0,0,0,0,0,0,0,0
1784665398551,unknown,VM-75,Stage1-1-0,0,0,0,0,0,0,0,0
1784665398558,unknown,VM-73,Stage1-0-0,0,0,0,0,0,0,0,0
1784665398562,unknown,VM-76,Stage2-3-0,0,0,0,0,0,0,0,0
1784665399525,unknown,VM-74,Stage1-3-0,0,0,0,0,0,0,0,0
1784665399539,unknown,VM-79,Stage3-1-0,0,0,0,0,0,0,0,0
1784665399545,unknown,VM-77,Stage2-0-0,0,0,0,0,0,0,0,0
1784665399547,unknown,VM-78,Stage3-2-0,0,0,0,0,0,0,0,0
1784665399551,unknown,VM-75,Stage1-1-0,0,0,0,0,0,0,0,0
1784665399558,unknown,VM-73,Stage1-0-0,0,0,0,0,0,0,0,0
1784665399562,unknown,VM-76,Stage2-3-0,0,0,0,0,0,0,0,0
1784665400525,unknown,VM-74,Stage1-3-0,0,0,0,0,0,0,0,0
1784665400539,unknown,VM-79,Stage3-1-0,0,0,0,0,0,0,0,0
1784665400545,unknown,VM-77,Stage2-0-0,0,0,0,0,0,0,0,0
1784665400547,unknown,VM-78,Stage3-2-0,0,0,0,0,0,0,0,0
1784665400550,unknown,VM-75,Stage1-1-0,0,0,0,0,0,0,0,0
1784665400558,unknown,VM-73,Stage1-0-0,0,0,0,0,0,0,0,0
1784665400562,unknown,VM-76,Stage2-3-0,0,0,0,0,0,0,0,0
1784665401525,unknown,VM-74,Stage1-3-0,0,0,0,0,0,0,0,0
1784665401539,unknown,VM-79,Stage3-1-0,0,0,0,0,0,0,0,0
1784665401545,unknown,VM-77,Stage2-0-0,0,0,0,0,0,0,0,0
1784665401547,unknown,VM-78,Stage3-2-0,0,0,0,0,0,0,0,0
1784665401550,unknown,VM-75,Stage1-1-0,0,0,0,0,0,0,0,0
1784665401558,unknown,VM-73,Stage1-0-0,0,0,0,0,0,0,0,0
1784665401562,unknown,VM-76,Stage2-3-0,0,0,0,0,0,0,0,0
1784665402525,unknown,VM-74,Stage1-3-0,0,0,0,0,0,0,0,0
1784665402539,unknown,VM-79,Stage3-1-0,0,0,0,0,0,0,0,0
1784665402545,unknown,VM-77,Stage2-0-0,0,0,0,0,0,0,0,0
1784665402547,unknown,VM-78,Stage3-2-0,0,0,0,0,0,0,0,0
1784665402550,unknown,VM-75,Stage1-1-0,0,0,0,0,0,0,0,0
1784665402558,unknown,VM-73,Stage1-0-0,0,0,0,0,0,0,0,0
1784665402562,unknown,VM-76,Stage2-3-0,0,0,0,0,0,0,0,0
1784665403525,unknown,VM-74,Stage1-3-0,0,0,0,0,0,0,0,0
1784665403539,unknown,VM-79,Stage3-1-0,0,0,0,0,0,0,0,0
1784665403545,unknown,VM-77,Stage2-0-0,0,0,0,0,0,0,0,0
1784665403547,unknown,VM-78,Stage3-2-0,0,0,0,0,0,0,0,0
1784665403551,unknown,VM-75,Stage1-1-0,0,0,0,0,0,0,0,0
1784665403558,unknown,VM-73,Stage1-0-0,0,0,0,0,0,0,0,0
1784665403562,unknown,VM-76,Stage2-3-0,0,0,0,0,0,0,0,0
1784665404525,unknown,VM-74,Stage1-3-0,0,0,0,0,0,0,0,0
1784665404539,unknown,VM-79,Stage3-1-0,0,0,0,0,0,0,0,0
1784665404545,unknown,VM-77,Stage2-0-0,0,0,0,0,0,0,0,0
1784665404547,unknown,VM-78,Stage3-2-0,0,0,0,0,0,0,0,0
1784665404551,unknown,VM-75,Stage1-1-0,0,0,0,0,0,0,0,0
1784665404558,unknown,VM-73,Stage1-0-0,0,0,0,0,0,0,0,0
1784665404562,unknown,VM-76,Stage2-3-0,0,0,0,0,0,0,0,0
1784665405525,unknown,VM-74,Stage1-3-0,0,0,0,0,0,0,0,0
1784665405539,unknown,VM-79,Stage3-1-0,0,0,0,0,0,0,0,0
1784665405544,unknown,VM-77,Stage2-0-0,0,0,0,0,0,0,0,0
1784665405547,unknown,VM-78,Stage3-2-0,0,0,0,0,0,0,0,0
1784665405551,unknown,VM-75,Stage1-1-0,0,0,0,0,0,0,0,0
1784665405558,unknown,VM-73,Stage1-0-0,0,0,0,0,0,0,0,0
1784665405562,unknown,VM-76,Stage2-3-0,0,0,0,0,0,0,0,0
1784665406525,unknown,VM-74,Stage1-3-0,0,0,0,0,0,0,0,0
1784665406539,unknown,VM-79,Stage3-1-0,0,0,0,0,0,0,0,0
1784665406544,unknown,VM-77,Stage2-0-0,0,0,0,0,0,0,0,0
1784665406547,unknown,VM-78,Stage3-2-0,0,0,0,0,0,0,0,0
1784665406551,unknown,VM-75,Stage1-1-0,0,0,0,0,0,0,0,0
1784665406558,unknown,VM-73,Stage1-0-0,0,0,0,0,0,0,0,0
1784665406562,unknown,VM-76,Stage2-3-0,0,0,0,0,0,0,0,0
1784665407525,unknown,VM-74,Stage1-3-0,0,0,0,0,0,0,0,0
1784665407539,unknown,VM-79,Stage3-1-0,0,0,0,0,0,0,0,0
1784665407544,unknown,VM-77,Stage2-0-0,0,0,0,0,0,0,0,0
1784665407547,unknown,VM-78,Stage3-2-0,0,0,0,0,0,0,0,0
1784665407551,unknown,VM-75,Stage1-1-0,0,0,0,0,0,0,0,0
1784665407558,unknown,VM-73,Stage1-0-0,0,0,0,0,0,0,0,0
1784665407562,unknown,VM-76,Stage2-3-0,0,0,0,0,0,0,0,0
1784665408525,unknown,VM-74,Stage1-3-0,0,0,0,0,0,0,0,0
1784665408539,unknown,VM-79,Stage3-1-0,0,0,0,0,0,0,0,0
1784665408545,unknown,VM-77,Stage2-0-0,0,0,0,0,0,0,0,0
1784665408547,unknown,VM-78,Stage3-2-0,0,0,0,0,0,0,0,0
1784665408551,unknown,VM-75,Stage1-1-0,0,0,0,0,0,0,0,0
1784665408558,unknown,VM-73,Stage1-0-0,0,0,0,0,0,0,0,0
1784665408562,unknown,VM-76,Stage2-3-0,0,0,0,0,0,0,0,0
1784665409525,unknown,VM-74,Stage1-3-0,0,0,0,0,0,0,0,0
1784665409539,unknown,VM-79,Stage3-1-0,0,0,0,0,0,0,0,0
1784665409545,unknown,VM-77,Stage2-0-0,0,0,0,0,0,0,0,0
1784665409547,unknown,VM-78,Stage3-2-0,0,0,0,0,0,0,0,0
1784665409551,unknown,VM-75,Stage1-1-0,0,0,0,0,0,0,0,0
1784665409558,unknown,VM-73,Stage1-0-0,0,0,0,0,0,0,0,0
1784665409562,unknown,VM-76,Stage2-3-0,0,0,0,0,0,0,0,0
1784665410525,unknown,VM-74,Stage1-3-0,0,0,0,0,0,0,0,0
1784665410539,unknown,VM-79,Stage3-1-0,0,0,0,0,0,0,0,0
1784665410545,unknown,VM-77,Stage2-0-0,0,0,0,0,0,0,0,0
1784665410547,unknown,VM-78,Stage3-2-0,0,0,0,0,0,0,0,0
1784665410551,unknown,VM-75,Stage1-1-0,0,0,0,0,0,0,0,0
1784665410558,unknown,VM-73,Stage1-0-0,0,0,0,0,0,0,0,0
1784665410562,unknown,VM-76,Stage2-3-0,0,0,0,0,0,0,0,0
1784665411525,unknown,VM-74,Stage1-3-0,0,0,0,0,0,0,0,0
1784665411539,unknown,VM-79,Stage3-1-0,0,0,0,0,0,0,0,0
1784665411545,unknown,VM-77,Stage2-0-0,0,0,0,0,0,0,0,0
1784665411547,unknown,VM-78,Stage3-2-0,0,0,0,0,0,0,0,0
1784665411551,unknown,VM-75,Stage1-1-0,0,0,0,0,0,0,0,0
1784665411558,unknown,VM-73,Stage1-0-0,0,0,0,0,0,0,0,0
1784665411562,unknown,VM-76,Stage2-3-0,0,0,0,0,0,0,0,0
