timestamp,jobId,executorId,taskId,inputReceiveRate,inputRate,outputRate,processingTimeNs,deserTimeNs,inBytes,serializedTimeNs,outBytes
1784086805978,nx-q6-nexmark-auto-171129,Executor4,Stage1-3-0,0,0,0,0,0,0,0,0
1784086806978,nx-q6-nexmark-auto-171129,Executor4,Stage1-3-0,0,0,0,0,0,0,0,0
1784086807978,nx-q6-nexmark-auto-171129,Executor4,Stage1-3-0,0,0,0,0,0,0,0,0
1784086808978,nx-q6-nexmark-auto-171129,Executor4,Stage1-3-0,0,0,0,0,0,0,0,0
1784086809978,nx-q6-nexmark-auto-171129,Executor4,Stage1-3-0,0,0,0,0,0,0,0,0
1784086810978,nx-q6-nexmark-auto-171129,Executor4,Stage1-3-0,0,0,0,0,0,0,0,0
1784086811978,nx-q6-nexmark-auto-171129,Executor4,Stage1-3-0,0,0,0,0,0,0,0,0
1784086812978,nx-q6-nexmark-auto-171129,Executor4,Stage1-3-0,0,0,0,0,0,0,0,0
1784086813978,nx-q6-nexmark-auto-171129,Executor4,Stage1-3-0,0,0,0,0,0,0,0,0
1784086814978,nx-q6-nexmark-auto-171129,Executor4,Stage1-3-0,0,0,0,0,0,0,0,0
1784086815978,nx-q6-nexmark-auto-171129,Executor4,Stage1-3-0,0,0,0,0,0,0,0,0
1784086816978,nx-q6-nexmark-auto-171129,Executor4,Stage1-3-0,0,0,0,0,0,0,0,0
1784086817978,nx-q6-nexmark-auto-171129,Executor4,Stage1-3-0,0,0,0,0,0,0,0,0
1784086818978,nx-q6-nexmark-auto-171129,Executor4,Stage1-3-0,0,0,0,0,0,0,0,0
1784086819978,nx-q6-nexmark-auto-171129,Executor4,Stage1-3-0,0,0,0,0,0,0,0,0
1784086820978,nx-q6-nexmark-auto-171129,Executor4,Stage1-3-0,0,0,0,0,0,0,0,0
1784086821978,nx-q6-nexmark-auto-171129,Executor4,Stage1-3-0,0,0,0,0,0,0,0,0
1784086822978,nx-q6-nexmark-auto-171129,Executor4,Stage1-3-0,0,0,0,0,0,0,0,0
1784086823978,nx-q6-nexmark-auto-171129,Executor4,Stage1-3-0,0,0,0,0,0,0,0,0
1784086824978,nx-q6-nexmark-auto-171129,Executor4,Stage1-3-0,0,0,0,0,0,0,0,0
1784086825978,nx-q6-nexmark-auto-171129,Executor4,Stage1-3-0,0,0,0,0,0,0,0,0
1784086826978,nx-q6-nexmark-auto-171129,Executor4,Stage1-3-0,0,0,0,0,0,0,0,0
1784086827978,nx-q6-nexmark-auto-171129,Executor4,Stage1-3-0,0,0,0,0,0,0,0,0
1784086828978,nx-q6-nexmark-auto-171129,Executor4,Stage1-3-0,0,0,0,0,0,0,0,0
1784086829978,nx-q6-nexmark-auto-171129,Executor4,Stage1-3-0,0,0,0,0,0,0,0,0
1784086830978,nx-q6-nexmark-auto-171129,Executor4,Stage1-3-0,0,0,0,0,0,0,0,0
1784086831978,nx-q6-nexmark-auto-171129,Executor4,Stage1-3-0,0,0,0,0,0,0,0,0
1784086832978,nx-q6-nexmark-auto-171129,Executor4,Stage1-3-0,0,0,0,0,0,0,0,0
1784086833978,nx-q6-nexmark-auto-171129,Executor4,Stage1-3-0,0,0,0,0,0,0,0,0
1784086834978,nx-q6-nexmark-auto-171129,Executor4,Stage1-3-0,0,0,0,0,0,0,0,0
1784086835978,nx-q6-nexmark-auto-171129,Executor4,Stage1-3-0,0,0,0,0,0,0,0,0
1784086836978,nx-q6-nexmark-auto-171129,Executor4,Stage1-3-0,0,0,0,0,0,0,0,0
1784086837978,nx-q6-nexmark-auto-171129,Executor4,Stage1-3-0,0,0,0,0,0,0,0,0
1784086838978,nx-q6-nexmark-auto-171129,Executor4,Stage1-3-0,0,0,0,0,0,0,0,0
1784086839978,nx-q6-nexmark-auto-171129,Executor4,Stage1-3-0,0,0,0,0,0,0,0,0
1784086840978,nx-q6-nexmark-auto-171129,Executor4,Stage1-3-0,0,0,0,0,0,0,0,0
1784086841978,nx-q6-nexmark-auto-171129,Executor4,Stage1-3-0,0,0,0,0,0,0,0,0
1784086842978,nx-q6-nexmark-auto-171129,Executor4,Stage1-3-0,0,0,0,0,0,0,0,0
1784086843978,nx-q6-nexmark-auto-171129,Executor4,Stage1-3-0,0,0,0,0,0,0,0,0
1784086844978,nx-q6-nexmark-auto-171129,Executor4,Stage1-3-0,0,0,0,0,0,0,0,0
1784086845978,nx-q6-nexmark-auto-171129,Executor4,Stage1-3-0,0,0,0,0,0,0,0,0
1784086846978,nx-q6-nexmark-auto-171129,Executor4,Stage1-3-0,0,0,0,0,0,0,0,0
1784086847978,nx-q6-nexmark-auto-171129,Executor4,Stage1-3-0,0,0,0,0,0,0,0,0
1784086848978,nx-q6-nexmark-auto-171129,Executor4,Stage1-3-0,0,0,0,0,0,0,0,0
1784086849978,nx-q6-nexmark-auto-171129,Executor4,Stage1-3-0,0,0,0,0,0,0,0,0
1784086850978,nx-q6-nexmark-auto-171129,Executor4,Stage1-3-0,0,0,0,0,0,0,0,0
1784086851978,nx-q6-nexmark-auto-171129,Executor4,Stage1-3-0,0,0,0,0,0,0,0,0
1784086852978,nx-q6-nexmark-auto-171129,Executor4,Stage1-3-0,0,0,0,0,0,0,0,0
1784086853978,nx-q6-nexmark-auto-171129,Executor4,Stage1-3-0,0,0,0,0,0,0,0,0
1784086854978,nx-q6-nexmark-auto-171129,Executor4,Stage1-3-0,0,0,0,0,0,0,0,0
1784086855978,nx-q6-nexmark-auto-171129,Executor4,Stage1-3-0,0,0,0,0,0,0,0,0
1784086856978,nx-q6-nexmark-auto-171129,Executor4,Stage1-3-0,0,0,0,0,0,0,0,0
1784086857978,nx-q6-nexmark-auto-171129,Executor4,Stage1-3-0,0,0,0,0,0,0,0,0
1784086858978,nx-q6-nexmark-auto-171129,Executor4,Stage1-3-0,0,0,0,0,0,0,0,0
1784086859978,nx-q6-nexmark-auto-171129,Executor4,Stage1-3-0,0,0,0,0,0,0,0,0
1784086860978,nx-q6-nexmark-auto-171129,Executor4,Stage1-3-0,0,0,0,0,0,0,0,0
1784086861978,nx-q6-nexmark-auto-171129,Executor4,Stage1-3-0,0,0,0,0,0,0,0,0
1784086862978,nx-q6-nexmark-auto-171129,Executor4,Stage1-3-0,0,0,0,0,0,0,0,0
1784086863978,nx-q6-nexmark-auto-171129,Executor4,Stage1-3-0,0,0,0,0,0,0,0,0
1784086864978,nx-q6-nexmark-auto-171129,Executor4,Stage1-3-0,0,0,0,0,0,0,0,0
1784086865978,nx-q6-nexmark-auto-171129,Executor4,Stage1-3-0,0,0,0,0,0,0,0,0
1784086866978,nx-q6-nexmark-auto-171129,Executor4,Stage1-3-0,0,0,0,0,0,0,0,0
1784086867978,nx-q6-nexmark-auto-171129,Executor4,Stage1-3-0,0,0,0,0,0,0,0,0
1784086868978,nx-q6-nexmark-auto-171129,Executor4,Stage1-3-0,0,0,0,0,0,0,0,0
1784086869978,nx-q6-nexmark-auto-171129,Executor4,Stage1-3-0,0,0,0,0,0,0,0,0
1784086870978,nx-q6-nexmark-auto-171129,Executor4,Stage1-3-0,0,0,0,0,0,0,0,0
1784086871978,nx-q6-nexmark-auto-171129,Executor4,Stage1-3-0,0,0,0,0,0,0,0,0
1784086872978,nx-q6-nexmark-auto-171129,Executor4,Stage1-3-0,0,0,0,0,0,0,0,0
1784086873978,nx-q6-nexmark-auto-171129,Executor4,Stage1-3-0,0,0,0,0,0,0,0,0
1784086874978,nx-q6-nexmark-auto-171129,Executor4,Stage1-3-0,0,0,0,0,0,0,0,0
1784086875978,nx-q6-nexmark-auto-171129,Executor4,Stage1-3-0,0,0,0,0,0,0,0,0
1784086876978,nx-q6-nexmark-auto-171129,Executor4,Stage1-3-0,0,0,0,0,0,0,0,0
1784086877978,nx-q6-nexmark-auto-171129,Executor4,Stage1-3-0,0,0,0,0,0,0,0,0
1784086878978,nx-q6-nexmark-auto-171129,Executor4,Stage1-3-0,0,0,0,0,0,0,0,0
1784086879978,nx-q6-nexmark-auto-171129,Executor4,Stage1-3-0,0,0,0,0,0,0,0,0
1784086880978,nx-q6-nexmark-auto-171129,Executor4,Stage1-3-0,0,0,0,0,0,0,0,0
1784086881978,nx-q6-nexmark-auto-171129,Executor4,Stage1-3-0,0,0,0,0,0,0,0,0
1784086882978,nx-q6-nexmark-auto-171129,Executor4,Stage1-3-0,0,0,0,0,0,0,0,0
1784086883978,nx-q6-nexmark-auto-171129,Executor4,Stage1-3-0,0,0,0,0,0,0,0,0
1784086884978,nx-q6-nexmark-auto-171129,Executor4,Stage1-3-0,0,0,0,0,0,0,0,0
1784086885978,nx-q6-nexmark-auto-171129,Executor4,Stage1-3-0,0,0,0,0,0,0,0,0
1784086886978,nx-q6-nexmark-auto-171129,Executor4,Stage1-3-0,0,0,0,0,0,0,0,0
1784086887978,nx-q6-nexmark-auto-171129,Executor4,Stage1-3-0,0,0,0,0,0,0,0,0
1784086888978,nx-q6-nexmark-auto-171129,Executor4,Stage1-3-0,0,0,0,0,0,0,0,0
1784086889978,nx-q6-nexmark-auto-171129,Executor4,Stage1-3-0,0,0,0,0,0,0,0,0
1784086890978,nx-q6-nexmark-auto-171129,Executor4,Stage1-3-0,0,0,0,0,0,0,0,0
1784086891978,nx-q6-nexmark-auto-171129,Executor4,Stage1-3-0,0,0,0,0,0,0,0,0
1784086892978,nx-q6-nexmark-auto-171129,Executor4,Stage1-3-0,0,0,0,0,0,0,0,0
1784086893978,nx-q6-nexmark-auto-171129,Executor4,Stage1-3-0,0,0,0,0,0,0,0,0
1784086894978,nx-q6-nexmark-auto-171129,Executor4,Stage1-3-0,0,0,0,0,0,0,0,0
1784086895978,nx-q6-nexmark-auto-171129,Executor4,Stage1-3-0,0,0,0,0,0,0,0,0
1784086896978,nx-q6-nexmark-auto-171129,Executor4,Stage1-3-0,0,0,0,0,0,0,0,0
1784086897978,nx-q6-nexmark-auto-171129,Executor4,Stage1-3-0,0,0,0,0,0,0,0,0
1784086898978,nx-q6-nexmark-auto-171129,Executor4,Stage1-3-0,0,0,0,0,0,0,0,0
1784086899978,nx-q6-nexmark-auto-171129,Executor4,Stage1-3-0,0,0,0,0,0,0,0,0
1784086900978,nx-q6-nexmark-auto-171129,Executor4,Stage1-3-0,0,0,0,0,0,0,0,0
1784086901978,nx-q6-nexmark-auto-171129,Executor4,Stage1-3-0,0,0,0,0,0,0,0,0
1784086902978,nx-q6-nexmark-auto-171129,Executor4,Stage1-3-0,0,0,0,0,0,0,0,0
1784086903978,nx-q6-nexmark-auto-171129,Executor4,Stage1-3-0,0,0,0,0,0,0,0,0
1784086904978,nx-q6-nexmark-auto-171129,Executor4,Stage1-3-0,0,0,0,0,0,0,0,0
1784086905978,nx-q6-nexmark-auto-171129,Executor4,Stage1-3-0,0,0,0,0,0,0,0,0
1784086906978,nx-q6-nexmark-auto-171129,Executor4,Stage1-3-0,0,0,0,0,0,0,0,0
1784086907978,nx-q6-nexmark-auto-171129,Executor4,Stage1-3-0,0,0,0,0,0,0,0,0
1784086908978,nx-q6-nexmark-auto-171129,Executor4,Stage1-3-0,0,0,0,0,0,0,0,0
1784086909978,nx-q6-nexmark-auto-171129,Executor4,Stage1-3-0,0,0,0,0,0,0,0,0
1784086910978,nx-q6-nexmark-auto-171129,Executor4,Stage1-3-0,0,0,0,0,0,0,0,0
1784086911978,nx-q6-nexmark-auto-171129,Executor4,Stage1-3-0,0,0,0,0,0,0,0,0
1784086912978,nx-q6-nexmark-auto-171129,Executor4,Stage1-3-0,0,0,0,0,0,0,0,0
1784086913978,nx-q6-nexmark-auto-171129,Executor4,Stage1-3-0,0,0,0,0,0,0,0,0
1784086914978,nx-q6-nexmark-auto-171129,Executor4,Stage1-3-0,0,0,0,0,0,0,0,0
1784086915978,nx-q6-nexmark-auto-171129,Executor4,Stage1-3-0,0,0,0,0,0,0,0,0
1784086916978,nx-q6-nexmark-auto-171129,Executor4,Stage1-3-0,0,0,0,0,0,0,0,0
1784086917978,nx-q6-nexmark-auto-171129,Executor4,Stage1-3-0,0,0,0,0,0,0,0,0
1784086918978,nx-q6-nexmark-auto-171129,Executor4,Stage1-3-0,0,0,0,0,0,0,0,0
1784086919978,nx-q6-nexmark-auto-171129,Executor4,Stage1-3-0,0,0,0,0,0,0,0,0
1784086920978,nx-q6-nexmark-auto-171129,Executor4,Stage1-3-0,0,0,0,0,0,0,0,0
1784086921978,nx-q6-nexmark-auto-171129,Executor4,Stage1-3-0,0,0,0,0,0,0,0,0
1784086922978,nx-q6-nexmark-auto-171129,Executor4,Stage1-3-0,0,0,0,0,0,0,0,0
1784086923978,nx-q6-nexmark-auto-171129,Executor4,Stage1-3-0,0,0,0,0,0,0,0,0
1784086924978,nx-q6-nexmark-auto-171129,Executor4,Stage1-3-0,0,0,0,0,0,0,0,0
1784086925978,nx-q6-nexmark-auto-171129,Executor4,Stage1-3-0,0,0,0,0,0,0,0,0
1784086926978,nx-q6-nexmark-auto-171129,Executor4,Stage1-3-0,0,0,0,0,0,0,0,0
1784086927978,nx-q6-nexmark-auto-171129,Executor4,Stage1-3-0,0,0,0,0,0,0,0,0
1784086928978,nx-q6-nexmark-auto-171129,Executor4,Stage1-3-0,0,0,0,0,0,0,0,0
1784086929978,nx-q6-nexmark-auto-171129,Executor4,Stage1-3-0,0,0,0,0,0,0,0,0
1784086930978,nx-q6-nexmark-auto-171129,Executor4,Stage1-3-0,0,0,0,0,0,0,0,0
1784086931978,nx-q6-nexmark-auto-171129,Executor4,Stage1-3-0,0,0,0,0,0,0,0,0
1784086932978,nx-q6-nexmark-auto-171129,Executor4,Stage1-3-0,0,0,0,0,0,0,0,0
1784086933978,nx-q6-nexmark-auto-171129,Executor4,Stage1-3-0,0,0,0,0,0,0,0,0
1784086934978,nx-q6-nexmark-auto-171129,Executor4,Stage1-3-0,0,0,0,0,0,0,0,0
1784086935978,nx-q6-nexmark-auto-171129,Executor4,Stage1-3-0,0,0,0,0,0,0,0,0
1784086936978,nx-q6-nexmark-auto-171129,Executor4,Stage1-3-0,0,0,0,0,0,0,0,0
1784086937978,nx-q6-nexmark-auto-171129,Executor4,Stage1-3-0,0,0,0,0,0,0,0,0
1784086938978,nx-q6-nexmark-auto-171129,Executor4,Stage1-3-0,0,0,0,0,0,0,0,0
1784086939978,nx-q6-nexmark-auto-171129,Executor4,Stage1-3-0,0,0,0,0,0,0,0,0
1784086940978,nx-q6-nexmark-auto-171129,Executor4,Stage1-3-0,0,0,0,0,0,0,0,0
1784086941978,nx-q6-nexmark-auto-171129,Executor4,Stage1-3-0,0,0,0,0,0,0,0,0
1784086942978,nx-q6-nexmark-auto-171129,Executor4,Stage1-3-0,0,0,0,0,0,0,0,0
1784086943978,nx-q6-nexmark-auto-171129,Executor4,Stage1-3-0,0,0,0,0,0,0,0,0
1784086944978,nx-q6-nexmark-auto-171129,Executor4,Stage1-3-0,0,0,0,0,0,0,0,0
1784086945978,nx-q6-nexmark-auto-171129,Executor4,Stage1-3-0,0,0,0,0,0,0,0,0
1784086946978,nx-q6-nexmark-auto-171129,Executor4,Stage1-3-0,0,0,0,0,0,0,0,0
1784086947978,nx-q6-nexmark-auto-171129,Executor4,Stage1-3-0,0,0,0,0,0,0,0,0
1784086948978,nx-q6-nexmark-auto-171129,Executor4,Stage1-3-0,0,0,0,0,0,0,0,0
1784086949978,nx-q6-nexmark-auto-171129,Executor4,Stage1-3-0,0,0,0,0,0,0,0,0
1784086950978,nx-q6-nexmark-auto-171129,Executor4,Stage1-3-0,0,0,0,0,0,0,0,0
1784086951978,nx-q6-nexmark-auto-171129,Executor4,Stage1-3-0,0,0,0,0,0,0,0,0
1784086952978,nx-q6-nexmark-auto-171129,Executor4,Stage1-3-0,0,0,0,0,0,0,0,0
1784086953978,nx-q6-nexmark-auto-171129,Executor4,Stage1-3-0,0,0,0,0,0,0,0,0
1784086954978,nx-q6-nexmark-auto-171129,Executor4,Stage1-3-0,0,0,0,0,0,0,0,0
1784086955978,nx-q6-nexmark-auto-171129,Executor4,Stage1-3-0,0,0,0,0,0,0,0,0
1784086956978,nx-q6-nexmark-auto-171129,Executor4,Stage1-3-0,0,0,0,0,0,0,0,0
1784086957978,nx-q6-nexmark-auto-171129,Executor4,Stage1-3-0,0,0,0,0,0,0,0,0
1784086958978,nx-q6-nexmark-auto-171129,Executor4,Stage1-3-0,0,0,0,0,0,0,0,0
1784086959978,nx-q6-nexmark-auto-171129,Executor4,Stage1-3-0,0,0,0,0,0,0,0,0
1784086960978,nx-q6-nexmark-auto-171129,Executor4,Stage1-3-0,0,0,0,0,0,0,0,0
1784086961978,nx-q6-nexmark-auto-171129,Executor4,Stage1-3-0,0,0,0,0,0,0,0,0
1784086962978,nx-q6-nexmark-auto-171129,Executor4,Stage1-3-0,0,0,0,0,0,0,0,0
1784086963978,nx-q6-nexmark-auto-171129,Executor4,Stage1-3-0,0,0,0,0,0,0,0,0
1784086964978,nx-q6-nexmark-auto-171129,Executor4,Stage1-3-0,0,0,0,0,0,0,0,0
1784086965978,nx-q6-nexmark-auto-171129,Executor4,Stage1-3-0,0,0,0,0,0,0,0,0
1784086966978,nx-q6-nexmark-auto-171129,Executor4,Stage1-3-0,0,0,0,0,0,0,0,0
1784086967978,nx-q6-nexmark-auto-171129,Executor4,Stage1-3-0,0,0,0,0,0,0,0,0
1784086968978,nx-q6-nexmark-auto-171129,Executor4,Stage1-3-0,0,0,0,0,0,0,0,0
1784086969978,nx-q6-nexmark-auto-171129,Executor4,Stage1-3-0,0,0,0,0,0,0,0,0
1784086970978,nx-q6-nexmark-auto-171129,Executor4,Stage1-3-0,0,0,0,0,0,0,0,0
1784086971978,nx-q6-nexmark-auto-171129,Executor4,Stage1-3-0,0,0,0,0,0,0,0,0
1784086972978,nx-q6-nexmark-auto-171129,Executor4,Stage1-3-0,0,0,0,0,0,0,0,0
1784086973978,nx-q6-nexmark-auto-171129,Executor4,Stage1-3-0,0,0,0,0,0,0,0,0
1784086974978,nx-q6-nexmark-auto-171129,Executor4,Stage1-3-0,0,0,0,0,0,0,0,0
1784086975978,nx-q6-nexmark-auto-171129,Executor4,Stage1-3-0,0,0,0,0,0,0,0,0
1784086976978,nx-q6-nexmark-auto-171129,Executor4,Stage1-3-0,0,0,0,0,0,0,0,0
1784086977978,nx-q6-nexmark-auto-171129,Executor4,Stage1-3-0,0,0,0,0,0,0,0,0
1784086978978,nx-q6-nexmark-auto-171129,Executor4,Stage1-3-0,0,0,0,0,0,0,0,0
1784086979978,nx-q6-nexmark-auto-171129,Executor4,Stage1-3-0,0,0,0,0,0,0,0,0
1784086980978,nx-q6-nexmark-auto-171129,Executor4,Stage1-3-0,0,0,0,0,0,0,0,0
1784086981978,nx-q6-nexmark-auto-171129,Executor4,Stage1-3-0,0,0,0,0,0,0,0,0
1784086982978,nx-q6-nexmark-auto-171129,Executor4,Stage1-3-0,0,0,0,0,0,0,0,0
1784086983978,nx-q6-nexmark-auto-171129,Executor4,Stage1-3-0,0,0,0,0,0,0,0,0
1784086984978,nx-q6-nexmark-auto-171129,Executor4,Stage1-3-0,0,0,0,0,0,0,0,0
1784086985978,nx-q6-nexmark-auto-171129,Executor4,Stage1-3-0,0,0,0,0,0,0,0,0
1784086986978,nx-q6-nexmark-auto-171129,Executor4,Stage1-3-0,0,0,0,0,0,0,0,0
1784086987978,nx-q6-nexmark-auto-171129,Executor4,Stage1-3-0,0,0,0,0,0,0,0,0
1784086988978,nx-q6-nexmark-auto-171129,Executor4,Stage1-3-0,0,0,0,0,0,0,0,0
1784086989978,nx-q6-nexmark-auto-171129,Executor4,Stage1-3-0,0,0,0,0,0,0,0,0
1784086990978,nx-q6-nexmark-auto-171129,Executor4,Stage1-3-0,0,0,0,0,0,0,0,0
1784086991978,nx-q6-nexmark-auto-171129,Executor4,Stage1-3-0,0,0,0,0,0,0,0,0
1784086992978,nx-q6-nexmark-auto-171129,Executor4,Stage1-3-0,0,0,0,0,0,0,0,0
1784086993978,nx-q6-nexmark-auto-171129,Executor4,Stage1-3-0,0,0,0,0,0,0,0,0
1784086994978,nx-q6-nexmark-auto-171129,Executor4,Stage1-3-0,0,0,0,0,0,0,0,0
1784086995978,nx-q6-nexmark-auto-171129,Executor4,Stage1-3-0,0,0,0,0,0,0,0,0
1784086996978,nx-q6-nexmark-auto-171129,Executor4,Stage1-3-0,0,0,0,0,0,0,0,0
1784086997978,nx-q6-nexmark-auto-171129,Executor4,Stage1-3-0,0,0,0,0,0,0,0,0
1784086998978,nx-q6-nexmark-auto-171129,Executor4,Stage1-3-0,0,0,0,0,0,0,0,0
1784086999978,nx-q6-nexmark-auto-171129,Executor4,Stage1-3-0,0,0,0,0,0,0,0,0
1784087000978,nx-q6-nexmark-auto-171129,Executor4,Stage1-3-0,0,0,0,0,0,0,0,0
1784087001978,nx-q6-nexmark-auto-171129,Executor4,Stage1-3-0,0,0,0,0,0,0,0,0
1784087002978,nx-q6-nexmark-auto-171129,Executor4,Stage1-3-0,0,0,0,0,0,0,0,0
1784087003978,nx-q6-nexmark-auto-171129,Executor4,Stage1-3-0,0,0,0,0,0,0,0,0
1784087004978,nx-q6-nexmark-auto-171129,Executor4,Stage1-3-0,0,0,0,0,0,0,0,0
1784087005978,nx-q6-nexmark-auto-171129,Executor4,Stage1-3-0,0,0,0,0,0,0,0,0
1784087006978,nx-q6-nexmark-auto-171129,Executor4,Stage1-3-0,0,0,0,0,0,0,0,0
1784087007978,nx-q6-nexmark-auto-171129,Executor4,Stage1-3-0,0,0,0,0,0,0,0,0
1784087008978,nx-q6-nexmark-auto-171129,Executor4,Stage1-3-0,0,0,0,0,0,0,0,0
1784087009978,nx-q6-nexmark-auto-171129,Executor4,Stage1-3-0,0,0,0,0,0,0,0,0
1784087010978,nx-q6-nexmark-auto-171129,Executor4,Stage1-3-0,0,0,0,0,0,0,0,0
1784087011978,nx-q6-nexmark-auto-171129,Executor4,Stage1-3-0,0,0,0,0,0,0,0,0
1784087012978,nx-q6-nexmark-auto-171129,Executor4,Stage1-3-0,0,0,0,0,0,0,0,0
1784087013978,nx-q6-nexmark-auto-171129,Executor4,Stage1-3-0,0,0,0,0,0,0,0,0
1784087014978,nx-q6-nexmark-auto-171129,Executor4,Stage1-3-0,0,0,0,0,0,0,0,0
1784087015978,nx-q6-nexmark-auto-171129,Executor4,Stage1-3-0,0,0,0,0,0,0,0,0
1784087016978,nx-q6-nexmark-auto-171129,Executor4,Stage1-3-0,0,0,0,0,0,0,0,0
1784087017978,nx-q6-nexmark-auto-171129,Executor4,Stage1-3-0,0,0,0,0,0,0,0,0
1784087018978,nx-q6-nexmark-auto-171129,Executor4,Stage1-3-0,0,0,0,0,0,0,0,0
1784087019978,nx-q6-nexmark-auto-171129,Executor4,Stage1-3-0,0,0,0,0,0,0,0,0
1784087020978,nx-q6-nexmark-auto-171129,Executor4,Stage1-3-0,0,0,0,0,0,0,0,0
1784087021978,nx-q6-nexmark-auto-171129,Executor4,Stage1-3-0,0,0,0,0,0,0,0,0
1784087022978,nx-q6-nexmark-auto-171129,Executor4,Stage1-3-0,0,0,0,0,0,0,0,0
1784087023978,nx-q6-nexmark-auto-171129,Executor4,Stage1-3-0,0,0,0,0,0,0,0,0
1784087024978,nx-q6-nexmark-auto-171129,Executor4,Stage1-3-0,0,0,0,0,0,0,0,0
1784087025978,nx-q6-nexmark-auto-171129,Executor4,Stage1-3-0,0,0,0,0,0,0,0,0
1784087026978,nx-q6-nexmark-auto-171129,Executor4,Stage1-3-0,0,0,0,0,0,0,0,0
1784087027978,nx-q6-nexmark-auto-171129,Executor4,Stage1-3-0,0,0,0,0,0,0,0,0
1784087028978,nx-q6-nexmark-auto-171129,Executor4,Stage1-3-0,0,0,0,0,0,0,0,0
1784087029978,nx-q6-nexmark-auto-171129,Executor4,Stage1-3-0,0,0,0,0,0,0,0,0
1784087030978,nx-q6-nexmark-auto-171129,Executor4,Stage1-3-0,0,0,0,0,0,0,0,0
1784087031978,nx-q6-nexmark-auto-171129,Executor4,Stage1-3-0,0,0,0,0,0,0,0,0
1784087032978,nx-q6-nexmark-auto-171129,Executor4,Stage1-3-0,0,0,0,0,0,0,0,0
1784087033978,nx-q6-nexmark-auto-171129,Executor4,Stage1-3-0,0,0,0,0,0,0,0,0
1784087034978,nx-q6-nexmark-auto-171129,Executor4,Stage1-3-0,0,0,0,0,0,0,0,0
1784087035978,nx-q6-nexmark-auto-171129,Executor4,Stage1-3-0,0,0,0,0,0,0,0,0
1784087036978,nx-q6-nexmark-auto-171129,Executor4,Stage1-3-0,0,0,0,0,0,0,0,0
1784087037978,nx-q6-nexmark-auto-171129,Executor4,Stage1-3-0,0,0,0,0,0,0,0,0
1784087038978,nx-q6-nexmark-auto-171129,Executor4,Stage1-3-0,0,0,0,0,0,0,0,0
1784087039978,nx-q6-nexmark-auto-171129,Executor4,Stage1-3-0,0,0,0,0,0,0,0,0
1784087040978,nx-q6-nexmark-auto-171129,Executor4,Stage1-3-0,0,0,0,0,0,0,0,0
1784087041978,nx-q6-nexmark-auto-171129,Executor4,Stage1-3-0,0,0,0,0,0,0,0,0
1784087042978,nx-q6-nexmark-auto-171129,Executor4,Stage1-3-0,0,0,0,0,0,0,0,0
1784087043978,nx-q6-nexmark-auto-171129,Executor4,Stage1-3-0,0,0,0,0,0,0,0,0
1784087044978,nx-q6-nexmark-auto-171129,Executor4,Stage1-3-0,0,0,0,0,0,0,0,0
1784087045978,nx-q6-nexmark-auto-171129,Executor4,Stage1-3-0,0,0,0,0,0,0,0,0
1784087046978,nx-q6-nexmark-auto-171129,Executor4,Stage1-3-0,0,0,0,0,0,0,0,0
1784087047978,nx-q6-nexmark-auto-171129,Executor4,Stage1-3-0,0,0,0,0,0,0,0,0
1784087048978,nx-q6-nexmark-auto-171129,Executor4,Stage1-3-0,0,0,0,0,0,0,0,0
1784087049978,nx-q6-nexmark-auto-171129,Executor4,Stage1-3-0,0,0,0,0,0,0,0,0
1784087050978,nx-q6-nexmark-auto-171129,Executor4,Stage1-3-0,0,0,0,0,0,0,0,0
1784087051978,nx-q6-nexmark-auto-171129,Executor4,Stage1-3-0,0,0,0,0,0,0,0,0
1784087052978,nx-q6-nexmark-auto-171129,Executor4,Stage1-3-0,0,0,0,0,0,0,0,0
1784087053978,nx-q6-nexmark-auto-171129,Executor4,Stage1-3-0,0,0,0,0,0,0,0,0
1784087054978,nx-q6-nexmark-auto-171129,Executor4,Stage1-3-0,0,0,0,0,0,0,0,0
1784087055978,nx-q6-nexmark-auto-171129,Executor4,Stage1-3-0,0,0,0,0,0,0,0,0
1784087056978,nx-q6-nexmark-auto-171129,Executor4,Stage1-3-0,0,0,0,0,0,0,0,0
1784087057978,nx-q6-nexmark-auto-171129,Executor4,Stage1-3-0,0,0,0,0,0,0,0,0
1784087058978,nx-q6-nexmark-auto-171129,Executor4,Stage1-3-0,0,0,0,0,0,0,0,0
1784087059978,nx-q6-nexmark-auto-171129,Executor4,Stage1-3-0,0,0,0,0,0,0,0,0
1784087060978,nx-q6-nexmark-auto-171129,Executor4,Stage1-3-0,0,0,0,0,0,0,0,0
1784087061978,nx-q6-nexmark-auto-171129,Executor4,Stage1-3-0,0,0,0,0,0,0,0,0
1784087062978,nx-q6-nexmark-auto-171129,Executor4,Stage1-3-0,0,0,0,0,0,0,0,0
1784087063978,nx-q6-nexmark-auto-171129,Executor4,Stage1-3-0,0,0,0,0,0,0,0,0
1784087064978,nx-q6-nexmark-auto-171129,Executor4,Stage1-3-0,0,0,0,0,0,0,0,0
1784087065978,nx-q6-nexmark-auto-171129,Executor4,Stage1-3-0,0,0,0,0,0,0,0,0
1784087066978,nx-q6-nexmark-auto-171129,Executor4,Stage1-3-0,0,0,0,0,0,0,0,0
1784087067978,nx-q6-nexmark-auto-171129,Executor4,Stage1-3-0,0,0,0,0,0,0,0,0
1784087068978,nx-q6-nexmark-auto-171129,Executor4,Stage1-3-0,0,0,0,0,0,0,0,0
1784087069978,nx-q6-nexmark-auto-171129,Executor4,Stage1-3-0,0,0,0,0,0,0,0,0
1784087070978,nx-q6-nexmark-auto-171129,Executor4,Stage1-3-0,0,0,0,0,0,0,0,0
1784087071978,nx-q6-nexmark-auto-171129,Executor4,Stage1-3-0,0,0,0,0,0,0,0,0
1784087072978,nx-q6-nexmark-auto-171129,Executor4,Stage1-3-0,0,0,0,0,0,0,0,0
1784087073978,nx-q6-nexmark-auto-171129,Executor4,Stage1-3-0,0,0,0,0,0,0,0,0
1784087074978,nx-q6-nexmark-auto-171129,Executor4,Stage1-3-0,0,0,0,0,0,0,0,0
1784087075978,nx-q6-nexmark-auto-171129,Executor4,Stage1-3-0,0,0,0,0,0,0,0,0
1784087076978,nx-q6-nexmark-auto-171129,Executor4,Stage1-3-0,0,0,0,0,0,0,0,0
1784087077978,nx-q6-nexmark-auto-171129,Executor4,Stage1-3-0,0,0,0,0,0,0,0,0
1784087078978,nx-q6-nexmark-auto-171129,Executor4,Stage1-3-0,0,0,0,0,0,0,0,0
1784087079978,nx-q6-nexmark-auto-171129,Executor4,Stage1-3-0,0,0,0,0,0,0,0,0
1784087080978,nx-q6-nexmark-auto-171129,Executor4,Stage1-3-0,0,0,0,0,0,0,0,0
1784087081978,nx-q6-nexmark-auto-171129,Executor4,Stage1-3-0,0,0,0,0,0,0,0,0
1784087082978,nx-q6-nexmark-auto-171129,Executor4,Stage1-3-0,0,0,0,0,0,0,0,0
1784087083978,nx-q6-nexmark-auto-171129,Executor4,Stage1-3-0,0,0,0,0,0,0,0,0
1784087084978,nx-q6-nexmark-auto-171129,Executor4,Stage1-3-0,0,0,0,0,0,0,0,0
1784087085978,nx-q6-nexmark-auto-171129,Executor4,Stage1-3-0,0,0,0,0,0,0,0,0
1784087086978,nx-q6-nexmark-auto-171129,Executor4,Stage1-3-0,0,0,0,0,0,0,0,0
1784087087978,nx-q6-nexmark-auto-171129,Executor4,Stage1-3-0,0,0,0,0,0,0,0,0
1784087088978,nx-q6-nexmark-auto-171129,Executor4,Stage1-3-0,0,0,0,0,0,0,0,0
1784087089978,nx-q6-nexmark-auto-171129,Executor4,Stage1-3-0,0,0,0,0,0,0,0,0
1784087090978,nx-q6-nexmark-auto-171129,Executor4,Stage1-3-0,0,0,0,0,0,0,0,0
1784087091978,nx-q6-nexmark-auto-171129,Executor4,Stage1-3-0,0,0,0,0,0,0,0,0
1784087092978,nx-q6-nexmark-auto-171129,Executor4,Stage1-3-0,0,0,0,0,0,0,0,0
1784087093978,nx-q6-nexmark-auto-171129,Executor4,Stage1-3-0,0,0,0,0,0,0,0,0
1784087094978,nx-q6-nexmark-auto-171129,Executor4,Stage1-3-0,0,0,0,0,0,0,0,0
1784087095978,nx-q6-nexmark-auto-171129,Executor4,Stage1-3-0,0,0,0,0,0,0,0,0
1784087096978,nx-q6-nexmark-auto-171129,Executor4,Stage1-3-0,0,0,0,0,0,0,0,0
1784087097978,nx-q6-nexmark-auto-171129,Executor4,Stage1-3-0,0,0,0,0,0,0,0,0
1784087098978,nx-q6-nexmark-auto-171129,Executor4,Stage1-3-0,0,0,0,0,0,0,0,0
1784087099978,nx-q6-nexmark-auto-171129,Executor4,Stage1-3-0,0,0,0,0,0,0,0,0
1784087100978,nx-q6-nexmark-auto-171129,Executor4,Stage1-3-0,0,0,0,0,0,0,0,0
1784087101978,nx-q6-nexmark-auto-171129,Executor4,Stage1-3-0,0,0,0,0,0,0,0,0
1784087102978,nx-q6-nexmark-auto-171129,Executor4,Stage1-3-0,0,0,0,0,0,0,0,0
1784087103978,nx-q6-nexmark-auto-171129,Executor4,Stage1-3-0,0,0,0,0,0,0,0,0
1784087104978,nx-q6-nexmark-auto-171129,Executor4,Stage1-3-0,0,0,0,0,0,0,0,0
1784087105978,nx-q6-nexmark-auto-171129,Executor4,Stage1-3-0,0,0,0,0,0,0,0,0
1784087106978,nx-q6-nexmark-auto-171129,Executor4,Stage1-3-0,0,0,0,0,0,0,0,0
1784087107978,nx-q6-nexmark-auto-171129,Executor4,Stage1-3-0,0,0,0,0,0,0,0,0
1784087108978,nx-q6-nexmark-auto-171129,Executor4,Stage1-3-0,0,0,0,0,0,0,0,0
1784087109978,nx-q6-nexmark-auto-171129,Executor4,Stage1-3-0,0,0,0,0,0,0,0,0
1784087110978,nx-q6-nexmark-auto-171129,Executor4,Stage1-3-0,0,0,0,0,0,0,0,0
1784087111978,nx-q6-nexmark-auto-171129,Executor4,Stage1-3-0,0,0,0,0,0,0,0,0
1784087112978,nx-q6-nexmark-auto-171129,Executor4,Stage1-3-0,0,0,0,0,0,0,0,0
1784087113978,nx-q6-nexmark-auto-171129,Executor4,Stage1-3-0,0,0,0,0,0,0,0,0
1784087114978,nx-q6-nexmark-auto-171129,Executor4,Stage1-3-0,0,0,0,0,0,0,0,0
1784087115978,nx-q6-nexmark-auto-171129,Executor4,Stage1-3-0,0,0,0,0,0,0,0,0
1784087116978,nx-q6-nexmark-auto-171129,Executor4,Stage1-3-0,0,0,0,0,0,0,0,0
1784087117978,nx-q6-nexmark-auto-171129,Executor4,Stage1-3-0,0,0,0,0,0,0,0,0
1784087118978,nx-q6-nexmark-auto-171129,Executor4,Stage1-3-0,0,0,0,0,0,0,0,0
1784087119978,nx-q6-nexmark-auto-171129,Executor4,Stage1-3-0,0,0,0,0,0,0,0,0
1784087120978,nx-q6-nexmark-auto-171129,Executor4,Stage1-3-0,0,0,0,0,0,0,0,0
1784087121978,nx-q6-nexmark-auto-171129,Executor4,Stage1-3-0,0,0,0,0,0,0,0,0
1784087122978,nx-q6-nexmark-auto-171129,Executor4,Stage1-3-0,0,0,0,0,0,0,0,0
1784087123978,nx-q6-nexmark-auto-171129,Executor4,Stage1-3-0,0,0,0,0,0,0,0,0
1784087124978,nx-q6-nexmark-auto-171129,Executor4,Stage1-3-0,0,0,0,0,0,0,0,0
1784087125978,nx-q6-nexmark-auto-171129,Executor4,Stage1-3-0,0,0,0,0,0,0,0,0
1784087126978,nx-q6-nexmark-auto-171129,Executor4,Stage1-3-0,0,0,0,0,0,0,0,0
1784087127978,nx-q6-nexmark-auto-171129,Executor4,Stage1-3-0,0,0,0,0,0,0,0,0
1784087128978,nx-q6-nexmark-auto-171129,Executor4,Stage1-3-0,0,0,0,0,0,0,0,0
1784087129978,nx-q6-nexmark-auto-171129,Executor4,Stage1-3-0,0,0,0,0,0,0,0,0
1784087130978,nx-q6-nexmark-auto-171129,Executor4,Stage1-3-0,0,0,0,0,0,0,0,0
1784087131978,nx-q6-nexmark-auto-171129,Executor4,Stage1-3-0,0,0,0,0,0,0,0,0
1784087132978,nx-q6-nexmark-auto-171129,Executor4,Stage1-3-0,0,0,0,0,0,0,0,0
1784087133978,nx-q6-nexmark-auto-171129,Executor4,Stage1-3-0,0,0,0,0,0,0,0,0
1784087134978,nx-q6-nexmark-auto-171129,Executor4,Stage1-3-0,0,0,0,0,0,0,0,0
1784087135978,nx-q6-nexmark-auto-171129,Executor4,Stage1-3-0,0,0,0,0,0,0,0,0
1784087136978,nx-q6-nexmark-auto-171129,Executor4,Stage1-3-0,0,0,0,0,0,0,0,0
1784087137978,nx-q6-nexmark-auto-171129,Executor4,Stage1-3-0,0,0,0,0,0,0,0,0
1784087138978,nx-q6-nexmark-auto-171129,Executor4,Stage1-3-0,0,0,0,0,0,0,0,0
1784087139978,nx-q6-nexmark-auto-171129,Executor4,Stage1-3-0,0,0,0,0,0,0,0,0
1784087140978,nx-q6-nexmark-auto-171129,Executor4,Stage1-3-0,0,0,0,0,0,0,0,0
1784087141978,nx-q6-nexmark-auto-171129,Executor4,Stage1-3-0,0,0,0,0,0,0,0,0
1784087142978,nx-q6-nexmark-auto-171129,Executor4,Stage1-3-0,0,0,0,0,0,0,0,0
1784087143978,nx-q6-nexmark-auto-171129,Executor4,Stage1-3-0,0,0,0,0,0,0,0,0
1784087144978,nx-q6-nexmark-auto-171129,Executor4,Stage1-3-0,0,0,0,0,0,0,0,0
1784087145978,nx-q6-nexmark-auto-171129,Executor4,Stage1-3-0,0,0,0,0,0,0,0,0
1784087146978,nx-q6-nexmark-auto-171129,Executor4,Stage1-3-0,0,0,0,0,0,0,0,0
1784087147978,nx-q6-nexmark-auto-171129,Executor4,Stage1-3-0,0,0,0,0,0,0,0,0
1784087148978,nx-q6-nexmark-auto-171129,Executor4,Stage1-3-0,0,0,0,0,0,0,0,0
1784087149978,nx-q6-nexmark-auto-171129,Executor4,Stage1-3-0,0,0,0,0,0,0,0,0
1784087150978,nx-q6-nexmark-auto-171129,Executor4,Stage1-3-0,0,0,0,0,0,0,0,0
1784087151978,nx-q6-nexmark-auto-171129,Executor4,Stage1-3-0,0,0,0,0,0,0,0,0
1784087152978,nx-q6-nexmark-auto-171129,Executor4,Stage1-3-0,0,0,0,0,0,0,0,0
1784087153978,nx-q6-nexmark-auto-171129,Executor4,Stage1-3-0,0,0,0,0,0,0,0,0
1784087154978,nx-q6-nexmark-auto-171129,Executor4,Stage1-3-0,0,0,0,0,0,0,0,0
1784087155978,nx-q6-nexmark-auto-171129,Executor4,Stage1-3-0,0,0,0,0,0,0,0,0
1784087156978,nx-q6-nexmark-auto-171129,Executor4,Stage1-3-0,0,0,0,0,0,0,0,0
1784087157978,nx-q6-nexmark-auto-171129,Executor4,Stage1-3-0,0,0,0,0,0,0,0,0
1784087158978,nx-q6-nexmark-auto-171129,Executor4,Stage1-3-0,0,0,0,0,0,0,0,0
1784087159978,nx-q6-nexmark-auto-171129,Executor4,Stage1-3-0,0,0,0,0,0,0,0,0
1784087160978,nx-q6-nexmark-auto-171129,Executor4,Stage1-3-0,0,0,0,0,0,0,0,0
1784087161978,nx-q6-nexmark-auto-171129,Executor4,Stage1-3-0,0,0,0,0,0,0,0,0
1784087162978,nx-q6-nexmark-auto-171129,Executor4,Stage1-3-0,0,0,0,0,0,0,0,0
1784087163978,nx-q6-nexmark-auto-171129,Executor4,Stage1-3-0,0,0,0,0,0,0,0,0
1784087164978,nx-q6-nexmark-auto-171129,Executor4,Stage1-3-0,0,0,0,0,0,0,0,0
1784087165978,nx-q6-nexmark-auto-171129,Executor4,Stage1-3-0,0,0,0,0,0,0,0,0
1784087166978,nx-q6-nexmark-auto-171129,Executor4,Stage1-3-0,0,0,0,0,0,0,0,0
1784087167978,nx-q6-nexmark-auto-171129,Executor4,Stage1-3-0,0,0,0,0,0,0,0,0
1784087168978,nx-q6-nexmark-auto-171129,Executor4,Stage1-3-0,0,0,0,0,0,0,0,0
1784087169978,nx-q6-nexmark-auto-171129,Executor4,Stage1-3-0,0,0,0,0,0,0,0,0
1784087170978,nx-q6-nexmark-auto-171129,Executor4,Stage1-3-0,0,0,0,0,0,0,0,0
1784087171978,nx-q6-nexmark-auto-171129,Executor4,Stage1-3-0,0,0,0,0,0,0,0,0
1784087172978,nx-q6-nexmark-auto-171129,Executor4,Stage1-3-0,0,0,0,0,0,0,0,0
1784087173978,nx-q6-nexmark-auto-171129,Executor4,Stage1-3-0,0,0,0,0,0,0,0,0
1784087174978,nx-q6-nexmark-auto-171129,Executor4,Stage1-3-0,0,0,0,0,0,0,0,0
1784087175978,nx-q6-nexmark-auto-171129,Executor4,Stage1-3-0,0,0,0,0,0,0,0,0
1784087176978,nx-q6-nexmark-auto-171129,Executor4,Stage1-3-0,0,0,0,0,0,0,0,0
1784087177978,nx-q6-nexmark-auto-171129,Executor4,Stage1-3-0,0,0,0,0,0,0,0,0
1784087178978,nx-q6-nexmark-auto-171129,Executor4,Stage1-3-0,0,0,0,0,0,0,0,0
1784087179978,nx-q6-nexmark-auto-171129,Executor4,Stage1-3-0,0,0,0,0,0,0,0,0
1784087180978,nx-q6-nexmark-auto-171129,Executor4,Stage1-3-0,0,0,0,0,0,0,0,0
1784087181978,nx-q6-nexmark-auto-171129,Executor4,Stage1-3-0,0,0,0,0,0,0,0,0
1784087182978,nx-q6-nexmark-auto-171129,Executor4,Stage1-3-0,0,0,0,0,0,0,0,0
1784087183978,nx-q6-nexmark-auto-171129,Executor4,Stage1-3-0,0,0,0,0,0,0,0,0
1784087184978,nx-q6-nexmark-auto-171129,Executor4,Stage1-3-0,0,0,0,0,0,0,0,0
1784087185978,nx-q6-nexmark-auto-171129,Executor4,Stage1-3-0,0,0,0,0,0,0,0,0
1784087186978,nx-q6-nexmark-auto-171129,Executor4,Stage1-3-0,0,0,0,0,0,0,0,0
1784087187978,nx-q6-nexmark-auto-171129,Executor4,Stage1-3-0,0,0,0,0,0,0,0,0
1784087188978,nx-q6-nexmark-auto-171129,Executor4,Stage1-3-0,0,0,0,0,0,0,0,0
1784087189978,nx-q6-nexmark-auto-171129,Executor4,Stage1-3-0,0,0,0,0,0,0,0,0
1784087190978,nx-q6-nexmark-auto-171129,Executor4,Stage1-3-0,0,0,0,0,0,0,0,0
1784087191978,nx-q6-nexmark-auto-171129,Executor4,Stage1-3-0,0,0,0,0,0,0,0,0
1784087192978,nx-q6-nexmark-auto-171129,Executor4,Stage1-3-0,0,0,0,0,0,0,0,0
1784087193978,nx-q6-nexmark-auto-171129,Executor4,Stage1-3-0,0,0,0,0,0,0,0,0
1784087194978,nx-q6-nexmark-auto-171129,Executor4,Stage1-3-0,0,0,0,0,0,0,0,0
1784087195978,nx-q6-nexmark-auto-171129,Executor4,Stage1-3-0,0,0,0,0,0,0,0,0
1784087196978,nx-q6-nexmark-auto-171129,Executor4,Stage1-3-0,0,0,0,0,0,0,0,0
1784087197978,nx-q6-nexmark-auto-171129,Executor4,Stage1-3-0,0,0,0,0,0,0,0,0
1784087198978,nx-q6-nexmark-auto-171129,Executor4,Stage1-3-0,0,0,0,0,0,0,0,0
1784087199978,nx-q6-nexmark-auto-171129,Executor4,Stage1-3-0,0,0,0,0,0,0,0,0
1784087200978,nx-q6-nexmark-auto-171129,Executor4,Stage1-3-0,0,0,0,0,0,0,0,0
1784087201978,nx-q6-nexmark-auto-171129,Executor4,Stage1-3-0,0,0,0,0,0,0,0,0
1784087202978,nx-q6-nexmark-auto-171129,Executor4,Stage1-3-0,0,0,0,0,0,0,0,0
1784087203978,nx-q6-nexmark-auto-171129,Executor4,Stage1-3-0,0,0,0,0,0,0,0,0
1784087204978,nx-q6-nexmark-auto-171129,Executor4,Stage1-3-0,0,0,0,0,0,0,0,0
1784087205978,nx-q6-nexmark-auto-171129,Executor4,Stage1-3-0,0,0,0,0,0,0,0,0
1784087206978,nx-q6-nexmark-auto-171129,Executor4,Stage1-3-0,0,0,0,0,0,0,0,0
1784087207978,nx-q6-nexmark-auto-171129,Executor4,Stage1-3-0,0,0,0,0,0,0,0,0
1784087208978,nx-q6-nexmark-auto-171129,Executor4,Stage1-3-0,0,0,0,0,0,0,0,0
1784087209978,nx-q6-nexmark-auto-171129,Executor4,Stage1-3-0,0,0,0,0,0,0,0,0
1784087210978,nx-q6-nexmark-auto-171129,Executor4,Stage1-3-0,0,0,0,0,0,0,0,0
1784087211978,nx-q6-nexmark-auto-171129,Executor4,Stage1-3-0,0,0,0,0,0,0,0,0
1784087212978,nx-q6-nexmark-auto-171129,Executor4,Stage1-3-0,0,0,0,0,0,0,0,0
1784087213978,nx-q6-nexmark-auto-171129,Executor4,Stage1-3-0,0,0,0,0,0,0,0,0
1784087214978,nx-q6-nexmark-auto-171129,Executor4,Stage1-3-0,0,0,0,0,0,0,0,0
1784087215978,nx-q6-nexmark-auto-171129,Executor4,Stage1-3-0,0,0,0,0,0,0,0,0
1784087216978,nx-q6-nexmark-auto-171129,Executor4,Stage1-3-0,0,0,0,0,0,0,0,0
1784087217978,nx-q6-nexmark-auto-171129,Executor4,Stage1-3-0,0,0,0,0,0,0,0,0
1784087218978,nx-q6-nexmark-auto-171129,Executor4,Stage1-3-0,0,0,0,0,0,0,0,0
1784087219978,nx-q6-nexmark-auto-171129,Executor4,Stage1-3-0,0,0,0,0,0,0,0,0
1784087220978,nx-q6-nexmark-auto-171129,Executor4,Stage1-3-0,0,0,0,0,0,0,0,0
1784087221978,nx-q6-nexmark-auto-171129,Executor4,Stage1-3-0,0,0,0,0,0,0,0,0
1784087222978,nx-q6-nexmark-auto-171129,Executor4,Stage1-3-0,0,0,0,0,0,0,0,0
1784087223978,nx-q6-nexmark-auto-171129,Executor4,Stage1-3-0,0,0,0,0,0,0,0,0
1784087224978,nx-q6-nexmark-auto-171129,Executor4,Stage1-3-0,0,0,0,0,0,0,0,0
1784087225978,nx-q6-nexmark-auto-171129,Executor4,Stage1-3-0,0,0,0,0,0,0,0,0
1784087226978,nx-q6-nexmark-auto-171129,Executor4,Stage1-3-0,0,0,0,0,0,0,0,0
1784087227978,nx-q6-nexmark-auto-171129,Executor4,Stage1-3-0,0,0,0,0,0,0,0,0
1784087228978,nx-q6-nexmark-auto-171129,Executor4,Stage1-3-0,0,0,0,0,0,0,0,0
1784087229978,nx-q6-nexmark-auto-171129,Executor4,Stage1-3-0,0,0,0,0,0,0,0,0
1784087230978,nx-q6-nexmark-auto-171129,Executor4,Stage1-3-0,0,0,0,0,0,0,0,0
1784087231978,nx-q6-nexmark-auto-171129,Executor4,Stage1-3-0,0,0,0,0,0,0,0,0
1784087232978,nx-q6-nexmark-auto-171129,Executor4,Stage1-3-0,0,0,0,0,0,0,0,0
1784087233978,nx-q6-nexmark-auto-171129,Executor4,Stage1-3-0,0,0,0,0,0,0,0,0
1784087234978,nx-q6-nexmark-auto-171129,Executor4,Stage1-3-0,0,0,0,0,0,0,0,0
1784087235978,nx-q6-nexmark-auto-171129,Executor4,Stage1-3-0,0,0,0,0,0,0,0,0
1784087236978,nx-q6-nexmark-auto-171129,Executor4,Stage1-3-0,0,0,0,0,0,0,0,0
1784087237978,nx-q6-nexmark-auto-171129,Executor4,Stage1-3-0,0,0,0,0,0,0,0,0
1784087238978,nx-q6-nexmark-auto-171129,Executor4,Stage1-3-0,0,0,0,0,0,0,0,0
1784087239978,nx-q6-nexmark-auto-171129,Executor4,Stage1-3-0,0,0,0,0,0,0,0,0
1784087240978,nx-q6-nexmark-auto-171129,Executor4,Stage1-3-0,0,0,0,0,0,0,0,0
1784087241978,nx-q6-nexmark-auto-171129,Executor4,Stage1-3-0,0,0,0,0,0,0,0,0
1784087242978,nx-q6-nexmark-auto-171129,Executor4,Stage1-3-0,0,0,0,0,0,0,0,0
1784087243978,nx-q6-nexmark-auto-171129,Executor4,Stage1-3-0,0,0,0,0,0,0,0,0
1784087244978,nx-q6-nexmark-auto-171129,Executor4,Stage1-3-0,0,0,0,0,0,0,0,0
1784087245978,nx-q6-nexmark-auto-171129,Executor4,Stage1-3-0,0,0,0,0,0,0,0,0
1784087246978,nx-q6-nexmark-auto-171129,Executor4,Stage1-3-0,0,0,0,0,0,0,0,0
1784087247978,nx-q6-nexmark-auto-171129,Executor4,Stage1-3-0,0,0,0,0,0,0,0,0
1784087248978,nx-q6-nexmark-auto-171129,Executor4,Stage1-3-0,0,0,0,0,0,0,0,0
1784087249978,nx-q6-nexmark-auto-171129,Executor4,Stage1-3-0,0,0,0,0,0,0,0,0
1784087250978,nx-q6-nexmark-auto-171129,Executor4,Stage1-3-0,0,0,0,0,0,0,0,0
1784087251978,nx-q6-nexmark-auto-171129,Executor4,Stage1-3-0,0,0,0,0,0,0,0,0
1784087252978,nx-q6-nexmark-auto-171129,Executor4,Stage1-3-0,0,0,0,0,0,0,0,0
1784087253978,nx-q6-nexmark-auto-171129,Executor4,Stage1-3-0,0,0,0,0,0,0,0,0
1784087254978,nx-q6-nexmark-auto-171129,Executor4,Stage1-3-0,0,0,0,0,0,0,0,0
1784087255978,nx-q6-nexmark-auto-171129,Executor4,Stage1-3-0,0,0,0,0,0,0,0,0
1784087256978,nx-q6-nexmark-auto-171129,Executor4,Stage1-3-0,0,0,0,0,0,0,0,0
1784087257978,nx-q6-nexmark-auto-171129,Executor4,Stage1-3-0,0,0,0,0,0,0,0,0
1784087258978,nx-q6-nexmark-auto-171129,Executor4,Stage1-3-0,0,0,0,0,0,0,0,0
1784087259978,nx-q6-nexmark-auto-171129,Executor4,Stage1-3-0,0,0,0,0,0,0,0,0
1784087260978,nx-q6-nexmark-auto-171129,Executor4,Stage1-3-0,0,0,0,0,0,0,0,0
1784087261978,nx-q6-nexmark-auto-171129,Executor4,Stage1-3-0,0,0,0,0,0,0,0,0
1784087262978,nx-q6-nexmark-auto-171129,Executor4,Stage1-3-0,0,0,0,0,0,0,0,0
1784087263978,nx-q6-nexmark-auto-171129,Executor4,Stage1-3-0,0,0,0,0,0,0,0,0
1784087264978,nx-q6-nexmark-auto-171129,Executor4,Stage1-3-0,0,0,0,0,0,0,0,0
1784087265978,nx-q6-nexmark-auto-171129,Executor4,Stage1-3-0,0,0,0,0,0,0,0,0
1784087266978,nx-q6-nexmark-auto-171129,Executor4,Stage1-3-0,0,0,0,0,0,0,0,0
1784087267978,nx-q6-nexmark-auto-171129,Executor4,Stage1-3-0,0,0,0,0,0,0,0,0
1784087268978,nx-q6-nexmark-auto-171129,Executor4,Stage1-3-0,0,0,0,0,0,0,0,0
1784087269978,nx-q6-nexmark-auto-171129,Executor4,Stage1-3-0,0,0,0,0,0,0,0,0
1784087270978,nx-q6-nexmark-auto-171129,Executor4,Stage1-3-0,0,0,0,0,0,0,0,0
1784087271978,nx-q6-nexmark-auto-171129,Executor4,Stage1-3-0,0,0,0,0,0,0,0,0
1784087272978,nx-q6-nexmark-auto-171129,Executor4,Stage1-3-0,0,0,0,0,0,0,0,0
1784087273978,nx-q6-nexmark-auto-171129,Executor4,Stage1-3-0,0,0,0,0,0,0,0,0
1784087274978,nx-q6-nexmark-auto-171129,Executor4,Stage1-3-0,0,0,0,0,0,0,0,0
1784087275978,nx-q6-nexmark-auto-171129,Executor4,Stage1-3-0,0,0,0,0,0,0,0,0
1784087276978,nx-q6-nexmark-auto-171129,Executor4,Stage1-3-0,0,0,0,0,0,0,0,0
1784087277978,nx-q6-nexmark-auto-171129,Executor4,Stage1-3-0,0,0,0,0,0,0,0,0
1784087278978,nx-q6-nexmark-auto-171129,Executor4,Stage1-3-0,0,0,0,0,0,0,0,0
1784087279978,nx-q6-nexmark-auto-171129,Executor4,Stage1-3-0,0,0,0,0,0,0,0,0
1784087280978,nx-q6-nexmark-auto-171129,Executor4,Stage1-3-0,0,0,0,0,0,0,0,0
1784087281978,nx-q6-nexmark-auto-171129,Executor4,Stage1-3-0,0,0,0,0,0,0,0,0
1784087282978,nx-q6-nexmark-auto-171129,Executor4,Stage1-3-0,0,0,0,0,0,0,0,0
1784087283978,nx-q6-nexmark-auto-171129,Executor4,Stage1-3-0,0,0,0,0,0,0,0,0
1784087284978,nx-q6-nexmark-auto-171129,Executor4,Stage1-3-0,0,0,0,0,0,0,0,0
1784087285978,nx-q6-nexmark-auto-171129,Executor4,Stage1-3-0,0,0,0,0,0,0,0,0
1784087286978,nx-q6-nexmark-auto-171129,Executor4,Stage1-3-0,0,0,0,0,0,0,0,0
1784087287978,nx-q6-nexmark-auto-171129,Executor4,Stage1-3-0,0,0,0,0,0,0,0,0
1784087288978,nx-q6-nexmark-auto-171129,Executor4,Stage1-3-0,0,0,0,0,0,0,0,0
1784087289377,unknown,VM-79,Stage3-3-0,0,0,0,0,0,0,0,0
1784087289978,nx-q6-nexmark-auto-171129,Executor4,Stage1-3-0,0,0,0,0,0,0,0,0
1784087290361,unknown,VM-79,Stage3-3-0,0,84,0,94826,15300,5055,0,0
1784087290371,unknown,VM-78,Stage3-2-0,0,119,0,122800,18081,7189,0,0
1784087290978,nx-q6-nexmark-auto-171129,Executor4,Stage1-3-0,0,0,0,0,0,0,0,0
1784087291361,unknown,VM-79,Stage3-3-0,0,0,0,0,0,0,0,0
1784087291371,unknown,VM-78,Stage3-2-0,0,0,0,0,0,0,0,0
1784087291978,nx-q6-nexmark-auto-171129,Executor4,Stage1-3-0,0,0,0,0,0,0,0,0
1784087292361,unknown,VM-79,Stage3-3-0,0,0,0,0,0,0,0,0
1784087292371,unknown,VM-78,Stage3-2-0,0,0,0,0,0,0,0,0
1784087292978,nx-q6-nexmark-auto-171129,Executor4,Stage1-3-0,0,0,0,0,0,0,0,0
1784087293361,unknown,VM-79,Stage3-3-0,0,0,0,0,0,0,0,0
1784087293371,unknown,VM-78,Stage3-2-0,0,0,0,0,0,0,0,0
1784087293978,nx-q6-nexmark-auto-171129,Executor4,Stage1-3-0,0,0,0,0,0,0,0,0
1784087294361,unknown,VM-79,Stage3-3-0,0,0,0,0,0,0,0,0
1784087294370,unknown,VM-77,Stage2-1-0,0,32,0,103032,9268,8471,0,0
1784087294371,unknown,VM-78,Stage3-2-0,0,0,0,0,0,0,0,0
1784087294386,unknown,VM-76,Stage2-2-0,0,381,0,203093,53680,103396,0,0
1784087294978,nx-q6-nexmark-auto-171129,Executor4,Stage1-3-0,0,0,0,0,0,0,0,0
1784087295352,unknown,VM-76,Stage2-2-0,0,9124,613,566971,51685,821458,0,0
1784087295361,unknown,VM-79,Stage3-3-0,0,0,0,0,0,0,0,0
1784087295370,unknown,VM-77,Stage2-1-0,0,9881,626,634902,65471,938169,0,0
1784087295371,unknown,VM-78,Stage3-2-0,0,0,0,0,0,0,0,0
1784087295978,nx-q6-nexmark-auto-171129,Executor4,Stage1-3-0,0,0,0,0,0,0,0,0
1784087296352,unknown,VM-76,Stage2-2-0,0,0,0,0,0,0,0,0
1784087296361,unknown,VM-79,Stage3-3-0,0,0,0,0,0,0,0,0
1784087296370,unknown,VM-77,Stage2-1-0,0,0,0,0,0,0,0,0
1784087296371,unknown,VM-78,Stage3-2-0,0,0,0,0,0,0,0,0
1784087296978,nx-q6-nexmark-auto-171129,Executor4,Stage1-3-0,0,0,0,0,0,0,0,0
1784087297352,unknown,VM-76,Stage2-2-0,0,0,0,0,0,0,0,0
1784087297361,unknown,VM-79,Stage3-3-0,0,0,0,0,0,0,0,0
1784087297370,unknown,VM-77,Stage2-1-0,0,0,0,0,0,0,0,0
1784087297371,unknown,VM-78,Stage3-2-0,0,0,0,0,0,0,0,0
1784087297978,nx-q6-nexmark-auto-171129,Executor4,Stage1-3-0,0,0,0,0,0,0,0,0
1784087298352,unknown,VM-76,Stage2-2-0,0,0,0,0,0,0,0,0
1784087298361,unknown,VM-79,Stage3-3-0,0,0,0,0,0,0,0,0
1784087298370,unknown,VM-77,Stage2-1-0,0,0,0,0,0,0,0,0
1784087298371,unknown,VM-78,Stage3-2-0,0,0,0,0,0,0,0,0
1784087298363,unknown,VM-75,Stage1-3-0,0,0,0,0,0,0,0,0
1784087298368,unknown,VM-74,Stage1-2-0,0,0,0,0,0,0,0,0
1784087298978,nx-q6-nexmark-auto-171129,Executor4,Stage1-3-0,0,0,0,0,0,0,0,0
1784087299352,unknown,VM-76,Stage2-2-0,0,0,0,0,0,0,0,0
1784087299361,unknown,VM-79,Stage3-3-0,0,0,0,0,0,0,0,0
1784087299363,unknown,VM-75,Stage1-3-0,0,0,0,0,0,0,0,0
1784087299368,unknown,VM-74,Stage1-2-0,0,0,0,0,0,98,0,0
1784087299370,unknown,VM-77,Stage2-1-0,0,0,0,0,0,0,0,0
1784087299370,unknown,VM-78,Stage3-2-0,0,0,0,0,0,0,0,0
1784087299355,unknown,VM-73,Stage1-0-0,0,0,0,0,0,0,0,0
1784087299978,nx-q6-nexmark-auto-171129,Executor4,Stage1-3-0,0,0,0,0,0,0,0,0
1784087300352,unknown,VM-76,Stage2-2-0,0,0,0,0,0,0,0,0
1784087300355,unknown,VM-73,Stage1-0-0,0,0,0,0,0,0,0,0
1784087300361,unknown,VM-79,Stage3-3-0,0,0,0,0,0,0,0,0
1784087300363,unknown,VM-75,Stage1-3-0,0,10076,9872,240543,114414,1096976,0,0
1784087300368,unknown,VM-74,Stage1-2-0,0,18837,18466,325340,161281,2041853,0,0
1784087300370,unknown,VM-77,Stage2-1-0,0,0,0,0,0,0,0,0
1784087300370,unknown,VM-78,Stage3-2-0,0,0,0,0,0,0,0,0
1784087300978,nx-q6-nexmark-auto-171129,Executor4,Stage1-3-0,0,0,0,0,0,0,0,0
1784087301352,unknown,VM-76,Stage2-2-0,0,0,0,0,0,0,0,0
1784087301355,unknown,VM-73,Stage1-0-0,0,0,0,0,0,0,0,0
1784087301361,unknown,VM-79,Stage3-3-0,0,0,0,0,0,0,0,0
1784087301363,unknown,VM-75,Stage1-3-0,0,33779,33123,222543,271825,3644751,0,0
1784087301368,unknown,VM-74,Stage1-2-0,0,0,0,0,0,0,0,0
1784087301370,unknown,VM-77,Stage2-1-0,0,0,0,0,0,0,0,0
1784087301371,unknown,VM-78,Stage3-2-0,0,0,0,0,0,0,0,0
1784087301978,nx-q6-nexmark-auto-171129,Executor4,Stage1-3-0,0,0,0,0,0,0,0,0
1784087302352,unknown,VM-76,Stage2-2-0,0,0,0,0,0,0,0,0
1784087302354,unknown,VM-73,Stage1-0-0,0,16132,15891,243811,196075,1753869,0,0
1784087302361,unknown,VM-79,Stage3-3-0,0,0,0,0,0,0,0,0
1784087302363,unknown,VM-75,Stage1-3-0,0,148918,145912,326261,391138,16124272,0,0
1784087302368,unknown,VM-74,Stage1-2-0,0,53373,52384,279791,394588,5788256,0,0
1784087302370,unknown,VM-77,Stage2-1-0,0,0,0,0,0,0,0,0
1784087302371,unknown,VM-78,Stage3-2-0,0,0,0,0,0,0,0,0
1784087302978,nx-q6-nexmark-auto-171129,Executor4,Stage1-3-0,0,0,0,0,0,0,0,0
1784087303352,unknown,VM-76,Stage2-2-0,0,0,0,0,0,0,0,0
1784087303355,unknown,VM-73,Stage1-0-0,0,3292,3231,11385,34341,360235,0,0
1784087303361,unknown,VM-79,Stage3-3-0,0,0,0,0,0,0,0,0
1784087303363,unknown,VM-75,Stage1-3-0,0,265262,260055,223548,204409,28746397,0,0
1784087303368,unknown,VM-74,Stage1-2-0,0,180208,176766,272122,398372,19501330,0,0
1784087303370,unknown,VM-77,Stage2-1-0,0,0,0,0,0,0,0,0
1784087303370,unknown,VM-78,Stage3-2-0,0,0,0,0,0,0,0,0
1784087303978,nx-q6-nexmark-auto-171129,Executor4,Stage1-3-0,0,0,0,0,0,0,0,0
1784087304352,unknown,VM-76,Stage2-2-0,0,0,0,0,0,0,0,0
1784087304354,unknown,VM-73,Stage1-0-0,0,17472,17089,127639,111419,1891646,0,0
1784087304361,unknown,VM-79,Stage3-3-0,0,0,0,0,0,0,0,0
1784087304364,unknown,VM-75,Stage1-3-0,0,134251,131694,141563,345021,14536076,0,0
1784087304370,unknown,VM-77,Stage2-1-0,0,0,0,0,0,0,0,0
1784087304371,unknown,VM-78,Stage3-2-0,0,0,0,0,0,0,0,0
1784087304387,unknown,VM-74,Stage1-2-0,0,164284,161018,365888,178065,17780426,0,0
1784087304978,nx-q6-nexmark-auto-171129,Executor4,Stage1-3-0,0,0,0,0,0,0,0,0
1784087305352,unknown,VM-76,Stage2-2-0,0,0,0,0,0,0,0,0
1784087305354,unknown,VM-73,Stage1-0-0,0,122655,120105,459583,351735,13278994,0,0
1784087305361,unknown,VM-79,Stage3-3-0,0,0,0,0,0,0,0,0
1784087305368,unknown,VM-74,Stage1-2-0,0,353919,346838,210861,226600,38285690,0,0
1784087305370,unknown,VM-77,Stage2-1-0,0,0,0,0,0,0,0,0
1784087305371,unknown,VM-78,Stage3-2-0,0,0,0,0,0,0,0,0
1784087305518,unknown,VM-75,Stage1-3-0,0,353304,346059,82957,239257,38227881,0,0
1784087305978,nx-q6-nexmark-auto-171129,Executor4,Stage1-3-0,0,0,0,0,0,0,0,0
1784087306352,unknown,VM-76,Stage2-2-0,0,0,0,0,0,0,0,0
1784087306354,unknown,VM-73,Stage1-0-0,0,208371,204326,344091,263331,22595865,0,0
1784087306361,unknown,VM-79,Stage3-3-0,0,0,0,0,0,0,0,0
1784087306363,unknown,VM-75,Stage1-3-0,0,39954,39180,1607,220028,4340918,0,0
1784087306368,unknown,VM-74,Stage1-2-0,0,212675,208223,9449,191909,23010414,0,0
1784087306370,unknown,VM-77,Stage2-1-0,0,0,0,0,0,0,0,0
1784087306371,unknown,VM-78,Stage3-2-0,0,0,0,0,0,0,0,0
1784087306978,nx-q6-nexmark-auto-171129,Executor4,Stage1-3-0,0,0,0,0,0,0,0,0
1784087307352,unknown,VM-76,Stage2-2-0,0,0,0,0,0,0,0,0
1784087307361,unknown,VM-79,Stage3-3-0,0,0,0,0,0,0,0,0
1784087307363,unknown,VM-75,Stage1-3-0,0,98395,96374,154344,99596,10656315,0,0
1784087307368,unknown,VM-74,Stage1-2-0,0,98643,96617,147422,107331,10684128,0,0
1784087307370,unknown,VM-77,Stage2-1-0,0,0,0,0,0,0,0,0
1784087307370,unknown,VM-78,Stage3-2-0,0,0,0,0,0,0,0,0
1784087307377,unknown,VM-73,Stage1-0-0,0,184696,180956,178789,336960,19984347,0,0
1784087307978,nx-q6-nexmark-auto-171129,Executor4,Stage1-3-0,0,0,0,0,0,0,0,0
1784087308352,unknown,VM-76,Stage2-2-0,0,0,0,0,0,0,0,0
1784087308354,unknown,VM-73,Stage1-0-0,0,392833,384917,30430,556271,42551625,0,0
1784087308361,unknown,VM-79,Stage3-3-0,0,0,0,0,0,0,0,0
1784087308370,unknown,VM-77,Stage2-1-0,0,0,0,0,0,0,0,0
1784087308370,unknown,VM-78,Stage3-2-0,0,0,0,0,0,0,0,0
1784087308515,unknown,VM-75,Stage1-3-0,0,33414,32699,51996,60606,3616679,0,0
1784087308528,unknown,VM-74,Stage1-2-0,0,36044,35308,65209,47974,3904297,0,0
1784087308978,nx-q6-nexmark-auto-171129,Executor4,Stage1-3-0,0,0,0,0,0,0,0,0
1784087309352,unknown,VM-76,Stage2-2-0,0,0,0,0,0,0,0,0
1784087309354,unknown,VM-73,Stage1-0-0,0,218763,214388,51284,243498,23719382,0,0
1784087309361,unknown,VM-79,Stage3-3-0,0,0,0,0,0,0,0,0
1784087309363,unknown,VM-75,Stage1-3-0,0,68243,66899,67798,233796,7387082,0,0
1784087309368,unknown,VM-74,Stage1-2-0,0,65274,63935,69774,229114,7058909,0,0
1784087309370,unknown,VM-77,Stage2-1-0,0,0,0,0,0,0,0,0
1784087309371,unknown,VM-78,Stage3-2-0,0,0,0,0,0,0,0,0
1784087309978,nx-q6-nexmark-auto-171129,Executor4,Stage1-3-0,0,0,0,0,0,0,0,0
1784087310352,unknown,VM-76,Stage2-2-0,0,0,0,0,0,0,0,0
1784087310355,unknown,VM-73,Stage1-0-0,0,30516,29888,29935,15722,3308125,0,0
1784087310361,unknown,VM-79,Stage3-3-0,0,0,0,0,0,0,0,0
1784087310363,unknown,VM-75,Stage1-3-0,0,35943,35184,66002,63112,3905694,0,0
1784087310368,unknown,VM-74,Stage1-2-0,0,36427,35732,56666,44276,3924496,0,0
1784087310370,unknown,VM-77,Stage2-1-0,0,0,0,0,0,0,0,0
1784087310371,unknown,VM-78,Stage3-2-0,0,0,0,0,0,0,0,0
1784087310978,nx-q6-nexmark-auto-171129,Executor4,Stage1-3-0,0,0,0,0,0,0,0,0
1784087311352,unknown,VM-76,Stage2-2-0,0,0,0,0,0,0,0,0
1784087311354,unknown,VM-73,Stage1-0-0,0,76171,74681,151766,119435,8239288,0,0
1784087311361,unknown,VM-79,Stage3-3-0,0,0,0,0,0,0,0,0
1784087311370,unknown,VM-77,Stage2-1-0,0,0,0,0,0,0,0,0
1784087311371,unknown,VM-78,Stage3-2-0,0,0,0,0,0,0,0,0
1784087311495,unknown,VM-75,Stage1-3-0,0,67920,66536,115971,89253,7351173,0,0
1784087311514,unknown,VM-74,Stage1-2-0,0,69971,68576,133832,88403,7584628,0,0
1784087311978,nx-q6-nexmark-auto-171129,Executor4,Stage1-3-0,0,0,0,0,0,0,0,0
1784087312352,unknown,VM-76,Stage2-2-0,0,0,0,0,0,0,0,0
1784087312354,unknown,VM-73,Stage1-0-0,0,51382,50403,74091,50740,5557735,0,0
1784087312361,unknown,VM-79,Stage3-3-0,0,0,0,0,0,0,0,0
1784087312363,unknown,VM-75,Stage1-3-0,0,65477,64173,78409,225872,7088476,0,0
1784087312368,unknown,VM-74,Stage1-2-0,0,50831,49790,87700,237607,5514521,0,0
1784087312370,unknown,VM-77,Stage2-1-0,0,0,0,0,0,0,0,0
1784087312371,unknown,VM-78,Stage3-2-0,0,0,0,0,0,0,0,0
1784087312978,nx-q6-nexmark-auto-171129,Executor4,Stage1-3-0,0,0,0,0,0,0,0,0
1784087313352,unknown,VM-76,Stage2-2-0,0,0,0,0,0,0,0,0
1784087313355,unknown,VM-73,Stage1-0-0,0,34774,34124,38582,22123,3766153,0,0
1784087313361,unknown,VM-79,Stage3-3-0,0,0,0,0,0,0,0,0
1784087313363,unknown,VM-75,Stage1-3-0,0,13693,13433,31351,16597,1479952,0,0
1784087313368,unknown,VM-74,Stage1-2-0,0,27871,27299,28669,19818,3015939,0,0
1784087313370,unknown,VM-77,Stage2-1-0,0,0,0,0,0,0,0,0
1784087313371,unknown,VM-78,Stage3-2-0,0,0,0,0,0,0,0,0
1784087313978,nx-q6-nexmark-auto-171129,Executor4,Stage1-3-0,0,0,0,0,0,0,0,0
1784087314352,unknown,VM-76,Stage2-2-0,0,0,0,0,0,0,0,0
1784087314354,unknown,VM-73,Stage1-0-0,0,87889,86160,305248,112251,9521381,0,0
1784087314361,unknown,VM-79,Stage3-3-0,0,0,0,0,0,0,0,0
1784087314370,unknown,VM-77,Stage2-1-0,0,0,0,0,0,0,0,0
1784087314371,unknown,VM-78,Stage3-2-0,0,0,0,0,0,0,0,0
1784087314503,unknown,VM-75,Stage1-3-0,0,93590,91756,137502,105007,10154223,0,0
1784087314509,unknown,VM-74,Stage1-2-0,0,93967,92022,133822,104017,10154503,0,0
1784087314978,nx-q6-nexmark-auto-171129,Executor4,Stage1-3-0,0,0,0,0,0,0,0,0
1784087315352,unknown,VM-76,Stage2-2-0,0,0,0,0,0,0,0,0
1784087315354,unknown,VM-73,Stage1-0-0,0,40385,39576,60309,44599,4365128,0,0
1784087315361,unknown,VM-79,Stage3-3-0,0,0,0,0,0,0,0,0
1784087315363,unknown,VM-75,Stage1-3-0,0,54885,53798,84802,213444,5931742,0,0
1784087315368,unknown,VM-74,Stage1-2-0,0,46997,46086,255092,60827,5083833,0,0
1784087315370,unknown,VM-77,Stage2-1-0,0,0,0,0,0,0,0,0
1784087315371,unknown,VM-78,Stage3-2-0,0,0,0,0,0,0,0,0
1784087315978,nx-q6-nexmark-auto-171129,Executor4,Stage1-3-0,0,0,0,0,0,0,0,0
1784087316352,unknown,VM-76,Stage2-2-0,0,0,0,0,0,0,0,0
1784087316355,unknown,VM-73,Stage1-0-0,0,37676,36904,32940,38045,4082464,0,0
1784087316361,unknown,VM-79,Stage3-3-0,0,0,0,0,0,0,0,0
1784087316368,unknown,VM-74,Stage1-2-0,0,18111,17779,30290,9900,1951477,0,0
1784087316363,unknown,VM-75,Stage1-3-0,0,10589,10372,23070,8411,1150253,0,0
1784087316370,unknown,VM-77,Stage2-1-0,0,0,0,0,0,0,0,0
1784087316371,unknown,VM-78,Stage3-2-0,0,0,0,0,0,0,0,0
1784087316978,nx-q6-nexmark-auto-171129,Executor4,Stage1-3-0,0,0,0,0,0,0,0,0
1784087317352,unknown,VM-76,Stage2-2-0,0,0,0,0,0,0,0,0
1784087317361,unknown,VM-79,Stage3-3-0,0,0,0,0,0,0,0,0
1784087317363,unknown,VM-75,Stage1-3-0,0,103712,101619,145691,111349,11245887,0,0
1784087317368,unknown,VM-74,Stage1-2-0,0,85244,83560,154773,79514,9213068,0,0
1784087317370,unknown,VM-77,Stage2-1-0,0,0,0,0,0,0,0,0
1784087317371,unknown,VM-78,Stage3-2-0,0,0,0,0,0,0,0,0
1784087317427,unknown,VM-73,Stage1-0-0,0,59231,58089,84712,54640,6416214,0,0
1784087317978,nx-q6-nexmark-auto-171129,Executor4,Stage1-3-0,0,0,0,0,0,0,0,0
1784087318352,unknown,VM-76,Stage2-2-0,0,0,0,0,0,0,0,0
1784087318354,unknown,VM-73,Stage1-0-0,0,77109,75601,56677,41515,8335443,0,0
1784087318361,unknown,VM-79,Stage3-3-0,0,0,0,0,0,0,0,0
1784087318370,unknown,VM-77,Stage2-1-0,0,0,0,0,0,0,0,0
1784087318371,unknown,VM-78,Stage3-2-0,0,0,0,0,0,0,0,0
1784087318416,unknown,VM-75,Stage1-3-0,0,2127,2085,918,1384,231339,0,0
1784087318425,unknown,VM-74,Stage1-2-0,0,21188,20753,243528,39318,2290555,0,0
1784087318978,nx-q6-nexmark-auto-171129,Executor4,Stage1-3-0,0,0,0,0,0,0,0,0
1784087319352,unknown,VM-76,Stage2-2-0,0,0,0,0,0,0,0,0
1784087319354,unknown,VM-73,Stage1-0-0,0,30830,30198,49438,23905,3339457,0,0
1784087319361,unknown,VM-79,Stage3-3-0,0,0,0,0,0,0,0,0
1784087319363,unknown,VM-75,Stage1-3-0,0,69236,67838,38275,31593,7492707,0,0
1784087319368,unknown,VM-74,Stage1-2-0,0,65665,64331,47798,26913,7112215,0,0
1784087319370,unknown,VM-77,Stage2-1-0,0,0,0,0,0,0,0,0
1784087319371,unknown,VM-78,Stage3-2-0,0,0,0,0,0,0,0,0
1784087319978,nx-q6-nexmark-auto-171129,Executor4,Stage1-3-0,0,0,0,0,0,0,0,0
1784087320352,unknown,VM-76,Stage2-2-0,0,0,0,0,0,0,0,0
1784087320361,unknown,VM-79,Stage3-3-0,0,0,0,0,0,0,0,0
1784087320363,unknown,VM-75,Stage1-3-0,0,95253,93352,122507,78567,10306688,0,0
1784087320368,unknown,VM-74,Stage1-2-0,0,98064,96073,72904,51036,10612611,0,0
1784087320370,unknown,VM-77,Stage2-1-0,0,0,0,0,0,0,0,0
1784087320371,unknown,VM-78,Stage3-2-0,0,0,0,0,0,0,0,0
1784087320481,unknown,VM-73,Stage1-0-0,0,60193,59040,94621,61172,6525150,0,0
1784087320978,nx-q6-nexmark-auto-171129,Executor4,Stage1-3-0,0,0,0,0,0,0,0,0
1784087321352,unknown,VM-76,Stage2-2-0,0,0,0,0,0,0,0,0
1784087321354,unknown,VM-73,Stage1-0-0,0,74470,72917,50369,263843,8084474,0,0
1784087321361,unknown,VM-79,Stage3-3-0,0,0,0,0,0,0,0,0
1784087321370,unknown,VM-77,Stage2-1-0,0,0,0,0,0,0,0,0
1784087321371,unknown,VM-78,Stage3-2-0,0,0,0,0,0,0,0,0
1784087321438,unknown,VM-75,Stage1-3-0,0,5542,5445,19197,13678,599047,0,0
1784087321444,unknown,VM-74,Stage1-2-0,0,5300,5184,26084,14621,575849,0,0
1784087321978,nx-q6-nexmark-auto-171129,Executor4,Stage1-3-0,0,0,0,0,0,0,0,0
1784087322352,unknown,VM-76,Stage2-2-0,0,0,0,0,0,0,0,0
1784087322354,unknown,VM-73,Stage1-0-0,0,41141,40322,33501,28459,4450803,0,0
1784087322361,unknown,VM-79,Stage3-3-0,0,0,0,0,0,0,0,0
1784087322363,unknown,VM-75,Stage1-3-0,0,84835,83116,68923,60456,9185387,0,0
1784087322368,unknown,VM-74,Stage1-2-0,0,85228,83491,272189,51764,9223816,0,0
1784087322370,unknown,VM-77,Stage2-1-0,0,0,0,0,0,0,0,0
1784087322371,unknown,VM-78,Stage3-2-0,0,0,0,0,0,0,0,0
1784087322978,nx-q6-nexmark-auto-171129,Executor4,Stage1-3-0,0,0,0,0,0,0,0,0
1784087323352,unknown,VM-76,Stage2-2-0,0,0,0,0,0,0,0,0
1784087323361,unknown,VM-79,Stage3-3-0,0,0,0,0,0,0,0,0
1784087323363,unknown,VM-75,Stage1-3-0,0,76300,74759,101503,54549,8271849,0,0
1784087323368,unknown,VM-74,Stage1-2-0,0,72049,70583,95697,55169,7798006,0,0
1784087323370,unknown,VM-77,Stage2-1-0,0,0,0,0,0,0,0,0
1784087323371,unknown,VM-78,Stage3-2-0,0,0,0,0,0,0,0,0
1784087323493,unknown,VM-73,Stage1-0-0,0,52509,51468,64180,72944,5680631,0,0
1784087323978,nx-q6-nexmark-auto-171129,Executor4,Stage1-3-0,0,0,0,0,0,0,0,0
1784087324352,unknown,VM-76,Stage2-2-0,0,0,0,0,0,0,0,0
1784087324354,unknown,VM-73,Stage1-0-0,0,76960,75457,48988,261945,8337933,0,0
1784087324361,unknown,VM-79,Stage3-3-0,0,0,0,0,0,0,0,0
1784087324370,unknown,VM-77,Stage2-1-0,0,0,0,0,0,0,0,0
1784087324371,unknown,VM-78,Stage3-2-0,0,0,0,0,0,0,0,0
1784087324432,unknown,VM-75,Stage1-3-0,0,9196,8996,18119,13345,996244,0,0
1784087324437,unknown,VM-74,Stage1-2-0,0,14604,14331,25637,15704,1584359,0,0
1784087324978,nx-q6-nexmark-auto-171129,Executor4,Stage1-3-0,0,0,0,0,0,0,0,0
1784087325352,unknown,VM-76,Stage2-2-0,0,0,0,0,0,0,0,0
1784087325354,unknown,VM-73,Stage1-0-0,0,55569,54467,78233,55144,5993524,0,0
1784087325361,unknown,VM-79,Stage3-3-0,0,0,0,0,0,0,0,0
1784087325363,unknown,VM-75,Stage1-3-0,0,110671,108447,79769,273569,11982916,0,0
1784087325368,unknown,VM-74,Stage1-2-0,0,110113,107826,80105,279537,11928815,0,0
1784087325370,unknown,VM-77,Stage2-1-0,0,0,0,0,0,0,0,0
1784087325371,unknown,VM-78,Stage3-2-0,0,0,0,0,0,0,0,0
1784087325978,nx-q6-nexmark-auto-171129,Executor4,Stage1-3-0,0,0,0,0,0,0,0,0
1784087326352,unknown,VM-76,Stage2-2-0,0,0,0,0,0,0,0,0
1784087326361,unknown,VM-79,Stage3-3-0,0,0,0,0,0,0,0,0
1784087326363,unknown,VM-75,Stage1-3-0,0,51724,50687,72975,51721,5612983,0,0
1784087326368,unknown,VM-74,Stage1-2-0,0,47435,46509,68266,65685,5138257,0,0
1784087326370,unknown,VM-77,Stage2-1-0,0,0,0,0,0,0,0,0
1784087326371,unknown,VM-78,Stage3-2-0,0,0,0,0,0,0,0,0
1784087326485,unknown,VM-73,Stage1-0-0,0,35704,34987,56504,26617,3883644,0,0
1784087326978,nx-q6-nexmark-auto-171129,Executor4,Stage1-3-0,0,0,0,0,0,0,0,0
1784087327352,unknown,VM-76,Stage2-2-0,0,0,0,0,0,0,0,0
1784087327354,unknown,VM-73,Stage1-0-0,0,81019,79408,52876,262472,8768332,0,0
1784087327361,unknown,VM-79,Stage3-3-0,0,0,0,0,0,0,0,0
1784087327370,unknown,VM-77,Stage2-1-0,0,0,0,0,0,0,0,0
1784087327371,unknown,VM-78,Stage3-2-0,0,0,0,0,0,0,0,0
1784087327427,unknown,VM-74,Stage1-2-0,0,12764,12500,21843,13898,1384498,0,0
1784087327435,unknown,VM-75,Stage1-3-0,0,8384,8226,19457,13046,912907,0,0
1784087327978,nx-q6-nexmark-auto-171129,Executor4,Stage1-3-0,0,0,0,0,0,0,0,0
1784087328352,unknown,VM-76,Stage2-2-0,0,0,0,0,0,0,0,0
1784087328354,unknown,VM-73,Stage1-0-0,0,55148,54031,74114,58958,5987228,0,0
1784087328361,unknown,VM-79,Stage3-3-0,0,0,0,0,0,0,0,0
1784087328363,unknown,VM-75,Stage1-3-0,0,109618,107358,265723,31805,11870018,0,0
1784087328368,unknown,VM-74,Stage1-2-0,0,109151,107016,298323,64358,11788746,0,0
1784087328370,unknown,VM-77,Stage2-1-0,0,0,0,0,0,0,0,0
1784087328371,unknown,VM-78,Stage3-2-0,0,0,0,0,0,0,0,0
1784087328978,nx-q6-nexmark-auto-171129,Executor4,Stage1-3-0,0,0,0,0,0,0,0,0
1784087329352,unknown,VM-76,Stage2-2-0,0,0,0,0,0,0,0,0
1784087329361,unknown,VM-79,Stage3-3-0,0,0,0,0,0,0,0,0
1784087329363,unknown,VM-75,Stage1-3-0,0,50995,49982,78392,46709,5509742,0,0
1784087329368,unknown,VM-74,Stage1-2-0,0,53695,52576,77243,47932,5825914,0,0
1784087329370,unknown,VM-77,Stage2-1-0,0,0,0,0,0,0,0,0
1784087329370,unknown,VM-78,Stage3-2-0,0,0,0,0,0,0,0,0
1784087329473,unknown,VM-73,Stage1-0-0,0,32166,31521,37154,19205,3495238,0,0
1784087329978,nx-q6-nexmark-auto-171129,Executor4,Stage1-3-0,0,0,0,0,0,0,0,0
1784087330352,unknown,VM-76,Stage2-2-0,0,0,0,0,0,0,0,0
1784087330354,unknown,VM-73,Stage1-0-0,0,86252,84539,280531,51308,9321215,0,0
1784087330361,unknown,VM-79,Stage3-3-0,0,0,0,0,0,0,0,0
1784087330370,unknown,VM-77,Stage2-1-0,0,0,0,0,0,0,0,0
1784087330371,unknown,VM-78,Stage3-2-0,0,0,0,0,0,0,0,0
1784087330430,unknown,VM-75,Stage1-3-0,0,10531,10333,16311,13559,1139498,0,0
1784087330435,unknown,VM-74,Stage1-2-0,0,8800,8607,20097,13653,956572,0,0
1784087330978,nx-q6-nexmark-auto-171129,Executor4,Stage1-3-0,0,0,0,0,0,0,0,0
1784087331352,unknown,VM-76,Stage2-2-0,0,0,0,0,0,0,0,0
1784087331354,unknown,VM-73,Stage1-0-0,0,40983,40155,80265,58492,4445334,0,0
1784087331361,unknown,VM-79,Stage3-3-0,0,0,0,0,0,0,0,0
1784087331363,unknown,VM-75,Stage1-3-0,0,106703,104587,299648,56246,11544112,0,0
1784087331368,unknown,VM-74,Stage1-2-0,0,105414,103303,298645,68321,11428109,0,0
1784087331370,unknown,VM-77,Stage2-1-0,0,0,0,0,0,0,0,0
1784087331370,unknown,VM-78,Stage3-2-0,0,0,0,0,0,0,0,0
1784087331978,nx-q6-nexmark-auto-171129,Executor4,Stage1-3-0,0,0,0,0,0,0,0,0
1784087332352,unknown,VM-76,Stage2-2-0,0,0,0,0,0,0,0,0
1784087332361,unknown,VM-79,Stage3-3-0,0,0,0,0,0,0,0,0
1784087332363,unknown,VM-75,Stage1-3-0,0,49911,48944,69815,56720,5412046,0,0
1784087332368,unknown,VM-74,Stage1-2-0,0,49599,48576,71348,54422,5384196,0,0
1784087332370,unknown,VM-77,Stage2-1-0,0,0,0,0,0,0,0,0
1784087332370,unknown,VM-78,Stage3-2-0,0,0,0,0,0,0,0,0
1784087332488,unknown,VM-73,Stage1-0-0,0,40749,39901,45760,20223,4417709,0,0
1784087332978,nx-q6-nexmark-auto-171129,Executor4,Stage1-3-0,0,0,0,0,0,0,0,0
1784087333352,unknown,VM-76,Stage2-2-0,0,0,0,0,0,0,0,0
1784087333354,unknown,VM-73,Stage1-0-0,0,80492,78916,296352,36971,8700904,0,0
1784087333361,unknown,VM-79,Stage3-3-0,0,0,0,0,0,0,0,0
1784087333370,unknown,VM-77,Stage2-1-0,0,0,0,0,0,0,0,0
1784087333370,unknown,VM-78,Stage3-2-0,0,0,0,0,0,0,0,0
1784087333437,unknown,VM-74,Stage1-2-0,0,16138,15830,25513,16176,1748929,0,0
1784087333442,unknown,VM-75,Stage1-3-0,0,15125,14796,24186,19425,1635816,0,0
1784087333978,nx-q6-nexmark-auto-171129,Executor4,Stage1-3-0,0,0,0,0,0,0,0,0
1784087334352,unknown,VM-76,Stage2-2-0,0,0,0,0,0,0,0,0
1784087334354,unknown,VM-73,Stage1-0-0,0,61935,60650,76251,61652,6678327,0,0
1784087334361,unknown,VM-79,Stage3-3-0,0,0,0,0,0,0,0,0
1784087334363,unknown,VM-75,Stage1-3-0,0,109380,107141,301854,51323,11855266,0,0
1784087334368,unknown,VM-74,Stage1-2-0,0,102835,100815,295786,68137,11145160,0,0
1784087334370,unknown,VM-77,Stage2-1-0,0,0,0,0,0,0,0,0
1784087334371,unknown,VM-78,Stage3-2-0,0,0,0,0,0,0,0,0
1784087334978,nx-q6-nexmark-auto-171129,Executor4,Stage1-3-0,0,0,0,0,0,0,0,0
1784087335352,unknown,VM-76,Stage2-2-0,0,0,0,0,0,0,0,0
1784087335354,unknown,VM-73,Stage1-0-0,0,54815,53651,75991,221896,5937331,0,0
1784087335361,unknown,VM-79,Stage3-3-0,0,0,0,0,0,0,0,0
1784087335363,unknown,VM-75,Stage1-3-0,0,46793,45874,80625,44064,5063771,0,0
1784087335368,unknown,VM-74,Stage1-2-0,0,53821,52785,87417,46564,5826182,0,0
1784087335370,unknown,VM-77,Stage2-1-0,0,0,0,0,0,0,0,0
1784087335371,unknown,VM-78,Stage3-2-0,0,0,0,0,0,0,0,0
1784087335978,nx-q6-nexmark-auto-171129,Executor4,Stage1-3-0,0,0,0,0,0,0,0,0
1784087336352,unknown,VM-76,Stage2-2-0,0,0,0,0,0,0,0,0
1784087336354,unknown,VM-73,Stage1-0-0,0,56489,55358,76986,56817,6099943,0,0
1784087336361,unknown,VM-79,Stage3-3-0,0,0,0,0,0,0,0,0
1784087336370,unknown,VM-77,Stage2-1-0,0,0,0,0,0,0,0,0
1784087336371,unknown,VM-78,Stage3-2-0,0,0,0,0,0,0,0,0
1784087336440,unknown,VM-75,Stage1-3-0,0,15997,15662,30451,16988,1729454,0,0
1784087336446,unknown,VM-74,Stage1-2-0,0,14982,14694,30848,18706,1626938,0,0
1784087336978,nx-q6-nexmark-auto-171129,Executor4,Stage1-3-0,0,0,0,0,0,0,0,0
1784087337352,unknown,VM-76,Stage2-2-0,0,0,0,0,0,0,0,0
1784087337354,unknown,VM-73,Stage1-0-0,0,56403,55245,84794,51853,6096920,0,0
1784087337361,unknown,VM-79,Stage3-3-0,0,0,0,0,0,0,0,0
1784087337363,unknown,VM-75,Stage1-3-0,0,105945,103805,290485,57711,11482218,0,0
1784087337368,unknown,VM-74,Stage1-2-0,0,104902,102825,278062,65426,11354274,0,0
1784087337370,unknown,VM-77,Stage2-1-0,0,0,0,0,0,0,0,0
1784087337371,unknown,VM-78,Stage3-2-0,0,0,0,0,0,0,0,0
1784087337978,nx-q6-nexmark-auto-171129,Executor4,Stage1-3-0,0,0,0,0,0,0,0,0
1784087338352,unknown,VM-76,Stage2-2-0,0,0,0,0,0,0,0,0
1784087338354,unknown,VM-73,Stage1-0-0,0,56584,55484,74934,222295,6119052,0,0
1784087338361,unknown,VM-79,Stage3-3-0,0,0,0,0,0,0,0,0
1784087338363,unknown,VM-75,Stage1-3-0,0,48054,47109,72737,59362,5188971,0,0
1784087338368,unknown,VM-74,Stage1-2-0,0,53141,52081,72752,57985,5760602,0,0
1784087338370,unknown,VM-77,Stage2-1-0,0,0,0,0,0,0,0,0
1784087338371,unknown,VM-78,Stage3-2-0,0,0,0,0,0,0,0,0
1784087338978,nx-q6-nexmark-auto-171129,Executor4,Stage1-3-0,0,0,0,0,0,0,0,0
1784087339352,unknown,VM-76,Stage2-2-0,0,0,0,0,0,0,0,0
1784087339354,unknown,VM-73,Stage1-0-0,0,53288,52207,79499,58419,5779983,0,0
1784087339361,unknown,VM-79,Stage3-3-0,0,0,0,0,0,0,0,0
1784087339370,unknown,VM-77,Stage2-1-0,0,0,0,0,0,0,0,0
1784087339371,unknown,VM-78,Stage3-2-0,0,0,0,0,0,0,0,0
1784087339457,unknown,VM-74,Stage1-2-0,0,14128,13854,34072,22144,1530524,0,0
1784087339463,unknown,VM-75,Stage1-3-0,0,17473,17127,33679,19776,1891776,0,0
1784087339978,nx-q6-nexmark-auto-171129,Executor4,Stage1-3-0,0,0,0,0,0,0,0,0
1784087340352,unknown,VM-76,Stage2-2-0,0,0,0,0,0,0,0,0
1784087340354,unknown,VM-73,Stage1-0-0,0,62040,60747,80720,75096,6735262,0,0
1784087340361,unknown,VM-79,Stage3-3-0,0,0,0,0,0,0,0,0
1784087340363,unknown,VM-75,Stage1-3-0,0,103472,101379,298155,51483,11173331,0,0
1784087340368,unknown,VM-74,Stage1-2-0,0,101620,99642,289023,53685,11020472,0,0
1784087340370,unknown,VM-77,Stage2-1-0,0,0,0,0,0,0,0,0
1784087340371,unknown,VM-78,Stage3-2-0,0,0,0,0,0,0,0,0
1784087340978,nx-q6-nexmark-auto-171129,Executor4,Stage1-3-0,0,0,0,0,0,0,0,0
1784087341352,unknown,VM-76,Stage2-2-0,0,0,0,0,0,0,0,0
1784087341354,unknown,VM-73,Stage1-0-0,0,51025,49955,68067,232181,5521668,0,0
1784087341361,unknown,VM-79,Stage3-3-0,0,0,0,0,0,0,0,0
1784087341363,unknown,VM-75,Stage1-3-0,0,40561,39750,61283,77294,4391144,0,0
1784087341368,unknown,VM-74,Stage1-2-0,0,52218,51137,70719,47499,5668267,0,0
1784087341370,unknown,VM-77,Stage2-1-0,0,0,0,0,0,0,0,0
1784087341371,unknown,VM-78,Stage3-2-0,0,0,0,0,0,0,0,0
1784087341978,nx-q6-nexmark-auto-171129,Executor4,Stage1-3-0,0,0,0,0,0,0,0,0
1784087342352,unknown,VM-76,Stage2-2-0,0,0,0,0,0,0,0,0
1784087342354,unknown,VM-73,Stage1-0-0,0,51830,50824,94479,48194,5612434,0,0
1784087342361,unknown,VM-79,Stage3-3-0,0,0,0,0,0,0,0,0
1784087342370,unknown,VM-77,Stage2-1-0,0,0,0,0,0,0,0,0
1784087342371,unknown,VM-78,Stage3-2-0,0,0,0,0,0,0,0,0
1784087342450,unknown,VM-75,Stage1-3-0,0,28548,27988,39106,23630,3091913,0,0
1784087342462,unknown,VM-74,Stage1-2-0,0,18546,18192,32767,23855,2006173,0,0
1784087342978,nx-q6-nexmark-auto-171129,Executor4,Stage1-3-0,0,0,0,0,0,0,0,0
1784087343352,unknown,VM-76,Stage2-2-0,0,0,0,0,0,0,0,0
1784087343354,unknown,VM-73,Stage1-0-0,0,66943,65640,95296,67458,7242630,0,0
1784087343361,unknown,VM-79,Stage3-3-0,0,0,0,0,0,0,0,0
1784087343363,unknown,VM-75,Stage1-3-0,0,99857,97803,284296,51275,10808746,0,0
1784087343368,unknown,VM-74,Stage1-2-0,0,93787,91898,94402,262918,10149588,0,0
1784087343370,unknown,VM-77,Stage2-1-0,0,0,0,0,0,0,0,0
1784087343370,unknown,VM-78,Stage3-2-0,0,0,0,0,0,0,0,0
1784087343978,nx-q6-nexmark-auto-171129,Executor4,Stage1-3-0,0,0,0,0,0,0,0,0
1784087344352,unknown,VM-76,Stage2-2-0,0,0,0,0,0,0,0,0
1784087344354,unknown,VM-73,Stage1-0-0,0,49814,48862,70271,221468,5395752,0,0
1784087344361,unknown,VM-79,Stage3-3-0,0,0,0,0,0,0,0,0
1784087344363,unknown,VM-75,Stage1-3-0,0,52139,51083,70419,53228,5653021,0,0
1784087344368,unknown,VM-74,Stage1-2-0,0,54793,53735,85265,52280,5929067,0,0
1784087344370,unknown,VM-77,Stage2-1-0,0,0,0,0,0,0,0,0
1784087344370,unknown,VM-78,Stage3-2-0,0,0,0,0,0,0,0,0
1784087344978,nx-q6-nexmark-auto-171129,Executor4,Stage1-3-0,0,0,0,0,0,0,0,0
1784087345352,unknown,VM-76,Stage2-2-0,0,0,0,0,0,0,0,0
1784087345354,unknown,VM-73,Stage1-0-0,0,62873,61650,89448,57427,6813044,0,0
1784087345361,unknown,VM-79,Stage3-3-0,0,0,0,0,0,0,0,0
1784087345370,unknown,VM-77,Stage2-1-0,0,0,0,0,0,0,0,0
1784087345371,unknown,VM-78,Stage3-2-0,0,0,0,0,0,0,0,0
1784087345458,unknown,VM-75,Stage1-3-0,0,20088,19644,34738,26107,2169429,0,0
1784087345464,unknown,VM-74,Stage1-2-0,0,23457,23000,38926,31170,2538140,0,0
1784087345978,nx-q6-nexmark-auto-171129,Executor4,Stage1-3-0,0,0,0,0,0,0,0,0
1784087346352,unknown,VM-76,Stage2-2-0,0,0,0,0,0,0,0,0
1784087346354,unknown,VM-73,Stage1-0-0,0,49147,48143,75846,76418,5321853,0,0
1784087346361,unknown,VM-79,Stage3-3-0,0,0,0,0,0,0,0,0
1784087346363,unknown,VM-75,Stage1-3-0,0,98019,96026,283686,51394,10621850,0,0
1784087346368,unknown,VM-74,Stage1-2-0,0,95651,93703,75174,253610,10355898,0,0
1784087346370,unknown,VM-77,Stage2-1-0,0,0,0,0,0,0,0,0
1784087346371,unknown,VM-78,Stage3-2-0,0,0,0,0,0,0,0,0
1784087346978,nx-q6-nexmark-auto-171129,Executor4,Stage1-3-0,0,0,0,0,0,0,0,0
1784087347352,unknown,VM-76,Stage2-2-0,0,0,0,0,0,0,0,0
1784087347354,unknown,VM-73,Stage1-0-0,0,58316,57159,73582,214531,6314906,0,0
1784087347361,unknown,VM-79,Stage3-3-0,0,0,0,0,0,0,0,0
1784087347363,unknown,VM-75,Stage1-3-0,0,48788,47811,67878,53846,5289813,0,0
1784087347368,unknown,VM-74,Stage1-2-0,0,50497,49501,73507,51822,5465817,0,0
1784087347370,unknown,VM-77,Stage2-1-0,0,0,0,0,0,0,0,0
1784087347371,unknown,VM-78,Stage3-2-0,0,0,0,0,0,0,0,0
1784087347978,nx-q6-nexmark-auto-171129,Executor4,Stage1-3-0,0,0,0,0,0,0,0,0
1784087348352,unknown,VM-76,Stage2-2-0,0,0,0,0,0,0,0,0
1784087348354,unknown,VM-73,Stage1-0-0,0,63871,62578,82742,64225,6909371,0,0
1784087348361,unknown,VM-79,Stage3-3-0,0,0,0,0,0,0,0,0
1784087348370,unknown,VM-77,Stage2-1-0,0,0,0,0,0,0,0,0
1784087348371,unknown,VM-78,Stage3-2-0,0,0,0,0,0,0,0,0
1784087348469,unknown,VM-74,Stage1-2-0,0,25960,25449,43397,32621,2820569,0,0
1784087348494,unknown,VM-75,Stage1-3-0,0,25528,25000,45208,65707,2764882,0,0
1784087348978,nx-q6-nexmark-auto-171129,Executor4,Stage1-3-0,0,0,0,0,0,0,0,0
1784087349352,unknown,VM-76,Stage2-2-0,0,0,0,0,0,0,0,0
1784087349354,unknown,VM-73,Stage1-0-0,0,54065,52970,73943,57269,5882270,0,0
1784087349361,unknown,VM-79,Stage3-3-0,0,0,0,0,0,0,0,0
1784087349363,unknown,VM-75,Stage1-3-0,0,93286,91380,261123,53223,10111498,0,0
1784087349368,unknown,VM-74,Stage1-2-0,0,93319,91462,278486,53224,10083290,0,0
1784087349370,unknown,VM-77,Stage2-1-0,0,0,0,0,0,0,0,0
1784087349371,unknown,VM-78,Stage3-2-0,0,0,0,0,0,0,0,0
1784087349978,nx-q6-nexmark-auto-171129,Executor4,Stage1-3-0,0,0,0,0,0,0,0,0
1784087350352,unknown,VM-76,Stage2-2-0,0,0,0,0,0,0,0,0
1784087350354,unknown,VM-73,Stage1-0-0,0,57249,56183,65931,223646,6190230,0,0
1784087350361,unknown,VM-79,Stage3-3-0,0,0,0,0,0,0,0,0
1784087350363,unknown,VM-75,Stage1-3-0,0,50775,49770,67352,44838,5504236,0,0
1784087350368,unknown,VM-74,Stage1-2-0,0,44870,43989,67788,74333,4843616,0,0
1784087350370,unknown,VM-77,Stage2-1-0,0,0,0,0,0,0,0,0
1784087350371,unknown,VM-78,Stage3-2-0,0,0,0,0,0,0,0,0
1784087350978,nx-q6-nexmark-auto-171129,Executor4,Stage1-3-0,0,0,0,0,0,0,0,0
1784087351352,unknown,VM-76,Stage2-2-0,0,0,0,0,0,0,0,0
1784087351354,unknown,VM-73,Stage1-0-0,0,55041,53992,78667,55717,5941197,0,0
1784087351361,unknown,VM-79,Stage3-3-0,0,0,0,0,0,0,0,0
1784087351370,unknown,VM-77,Stage2-1-0,0,0,0,0,0,0,0,0
1784087351370,unknown,VM-78,Stage3-2-0,0,0,0,0,0,0,0,0
1784087351472,unknown,VM-75,Stage1-3-0,0,28306,27707,46074,30882,3075139,0,0
1784087351477,unknown,VM-74,Stage1-2-0,0,34434,33756,43634,34936,3728575,0,0
1784087351978,nx-q6-nexmark-auto-171129,Executor4,Stage1-3-0,0,0,0,0,0,0,0,0
1784087352352,unknown,VM-76,Stage2-2-0,0,0,0,0,0,0,0,0
1784087352354,unknown,VM-73,Stage1-0-0,0,59598,58426,83877,66100,6444366,0,0
1784087352361,unknown,VM-79,Stage3-3-0,0,0,0,0,0,0,0,0
1784087352363,unknown,VM-75,Stage1-3-0,0,94922,93007,277629,51210,10278658,0,0
1784087352368,unknown,VM-74,Stage1-2-0,0,85105,83355,287369,54739,9232847,0,0
1784087352370,unknown,VM-77,Stage2-1-0,0,0,0,0,0,0,0,0
1784087352370,unknown,VM-78,Stage3-2-0,0,0,0,0,0,0,0,0
1784087352978,nx-q6-nexmark-auto-171129,Executor4,Stage1-3-0,0,0,0,0,0,0,0,0
1784087353352,unknown,VM-76,Stage2-2-0,0,0,0,0,0,0,0,0
1784087353361,unknown,VM-79,Stage3-3-0,0,0,0,0,0,0,0,0
1784087353363,unknown,VM-75,Stage1-3-0,0,50932,49908,71757,54053,5507717,0,0
1784087353368,unknown,VM-74,Stage1-2-0,0,57873,56717,69686,64590,6286117,0,0
1784087353370,unknown,VM-77,Stage2-1-0,0,0,0,0,0,0,0,0
1784087353371,unknown,VM-78,Stage3-2-0,0,0,0,0,0,0,0,0
1784087353978,nx-q6-nexmark-auto-171129,Executor4,Stage1-3-0,0,0,0,0,0,0,0,0
1784087354352,unknown,VM-76,Stage2-2-0,0,0,0,0,0,0,0,0
1784087354361,unknown,VM-79,Stage3-3-0,0,0,0,0,0,0,0,0
1784087354370,unknown,VM-77,Stage2-1-0,0,0,0,0,0,0,0,0
1784087354371,unknown,VM-78,Stage3-2-0,0,0,0,0,0,0,0,0
1784087354892,unknown,VM-73,Stage1-0-0,0,18554,18201,20397,15286,2008621,0,0
1784087354893,unknown,VM-73,Stage1-0-0,0,0,0,0,0,0,0,0
1784087354978,nx-q6-nexmark-auto-171129,Executor4,Stage1-3-0,0,0,0,0,0,0,0,0
1784087355352,unknown,VM-76,Stage2-2-0,0,0,0,0,0,0,0,0
1784087355355,unknown,VM-73,Stage1-0-0,0,168695,165395,70130,2556218,18249098,0,0
1784087355361,unknown,VM-79,Stage3-3-0,0,0,0,0,0,0,0,0
1784087355370,unknown,VM-77,Stage2-1-0,0,0,0,0,0,0,0,0
1784087355371,unknown,VM-78,Stage3-2-0,0,0,0,0,0,0,0,0
1784087355978,nx-q6-nexmark-auto-171129,Executor4,Stage1-3-0,0,0,0,0,0,0,0,0
1784087356352,unknown,VM-76,Stage2-2-0,0,0,0,0,0,0,0,0
1784087356354,unknown,VM-73,Stage1-0-0,0,18066,17690,37059,30113,1956170,0,0
1784087356361,unknown,VM-79,Stage3-3-0,0,0,0,0,0,0,0,0
1784087356370,unknown,VM-77,Stage2-1-0,0,0,0,0,0,0,0,0
1784087356371,unknown,VM-78,Stage3-2-0,0,0,0,0,0,0,0,0
1784087356905,unknown,VM-75,Stage1-3-0,0,27227,26673,59362,37252,2947344,0,0
1784087356906,unknown,VM-75,Stage1-3-0,0,0,0,0,0,0,0,0
1784087356906,unknown,VM-75,Stage1-3-0,0,0,0,0,0,0,0,0
1784087356917,unknown,VM-74,Stage1-2-0,0,30492,29889,50978,40805,3310358,0,0
1784087356918,unknown,VM-74,Stage1-2-0,0,0,0,0,0,0,0,0
1784087356918,unknown,VM-74,Stage1-2-0,0,0,0,0,0,0,0,0
1784087356978,nx-q6-nexmark-auto-171129,Executor4,Stage1-3-0,0,0,0,0,0,0,0,0
1784087357352,unknown,VM-76,Stage2-2-0,0,0,0,0,0,0,0,0
1784087357354,unknown,VM-73,Stage1-0-0,0,47333,46428,110215,88236,5126730,0,0
1784087357361,unknown,VM-79,Stage3-3-0,0,0,0,0,0,0,0,0
1784087357363,unknown,VM-75,Stage1-3-0,0,189922,186206,18234,2616644,20584834,0,0
1784087357368,unknown,VM-74,Stage1-2-0,0,186292,182589,7435,2627071,20162980,0,0
1784087357370,unknown,VM-77,Stage2-1-0,0,0,0,0,0,0,0,0
1784087357370,unknown,VM-78,Stage3-2-0,0,0,0,0,0,0,0,0
1784087357978,nx-q6-nexmark-auto-171129,Executor4,Stage1-3-0,0,0,0,0,0,0,0,0
1784087358352,unknown,VM-76,Stage2-2-0,0,0,0,0,0,0,0,0
1784087358361,unknown,VM-79,Stage3-3-0,0,0,0,0,0,0,0,0
1784087358363,unknown,VM-75,Stage1-3-0,0,37956,37175,67650,73417,4130059,0,0
1784087358368,unknown,VM-74,Stage1-2-0,0,36581,35903,74468,73660,3967216,0,0
1784087358370,unknown,VM-77,Stage2-1-0,0,0,0,0,0,0,0,0
1784087358370,unknown,VM-78,Stage3-2-0,0,0,0,0,0,0,0,0
1784087358552,unknown,VM-73,Stage1-0-0,0,44809,43902,49512,56768,4861445,0,0
1784087358978,nx-q6-nexmark-auto-171129,Executor4,Stage1-3-0,0,0,0,0,0,0,0,0
1784087359352,unknown,VM-76,Stage2-2-0,0,0,0,0,0,0,0,0
1784087359354,unknown,VM-73,Stage1-0-0,0,84310,82607,48808,43060,9131262,0,0
1784087359361,unknown,VM-79,Stage3-3-0,0,0,0,0,0,0,0,0
1784087359368,unknown,VM-74,Stage1-2-0,0,51317,50311,93758,95336,5551334,0,0
1784087359370,unknown,VM-77,Stage2-1-0,0,0,0,0,0,0,0,0
1784087359370,unknown,VM-78,Stage3-2-0,0,0,0,0,0,0,0,0
1784087359960,unknown,VM-75,Stage1-3-0,0,50875,49863,86774,691624,5508545,0,0
1784087359978,nx-q6-nexmark-auto-171129,Executor4,Stage1-3-0,0,0,0,0,0,0,0,0
1784087360352,unknown,VM-76,Stage2-2-0,0,0,0,0,0,0,0,0
1784087360354,unknown,VM-73,Stage1-0-0,0,49038,48062,65083,59927,5313731,0,0
1784087360361,unknown,VM-79,Stage3-3-0,0,0,0,0,0,0,0,0
1784087360363,unknown,VM-75,Stage1-3-0,0,76731,75205,72870,55366,8297883,0,0
1784087360368,unknown,VM-74,Stage1-2-0,0,78235,76717,666810,67085,8492837,0,0
1784087360370,unknown,VM-77,Stage2-1-0,0,0,0,0,0,0,0,0
1784087360371,unknown,VM-78,Stage3-2-0,0,0,0,0,0,0,0,0
1784087360978,nx-q6-nexmark-auto-171129,Executor4,Stage1-3-0,0,0,0,0,0,0,0,0
1784087361352,unknown,VM-76,Stage2-2-0,0,0,0,0,0,0,0,0
1784087361354,unknown,VM-73,Stage1-0-0,0,62290,61056,88350,64746,6757575,0,0
1784087361361,unknown,VM-79,Stage3-3-0,0,0,0,0,0,0,0,0
1784087361363,unknown,VM-75,Stage1-3-0,0,54913,53801,73360,55622,5951270,0,0
1784087361368,unknown,VM-74,Stage1-2-0,0,53893,52814,74377,49172,5824322,0,0
1784087361370,unknown,VM-77,Stage2-1-0,0,0,0,0,0,0,0,0
1784087361370,unknown,VM-78,Stage3-2-0,0,0,0,0,0,0,0,0
1784087361978,nx-q6-nexmark-auto-171129,Executor4,Stage1-3-0,0,0,0,0,0,0,0,0
1784087362352,unknown,VM-76,Stage2-2-0,0,0,0,0,0,0,0,0
1784087362354,unknown,VM-73,Stage1-0-0,0,49709,48708,70990,51277,5379712,0,0
1784087362361,unknown,VM-79,Stage3-3-0,0,0,0,0,0,0,0,0
1784087362363,unknown,VM-75,Stage1-3-0,0,52506,51438,81451,48608,5675374,0,0
1784087362368,unknown,VM-74,Stage1-2-0,0,53590,52488,80547,49807,5809312,0,0
1784087362370,unknown,VM-77,Stage2-1-0,0,0,0,0,0,0,0,0
1784087362370,unknown,VM-78,Stage3-2-0,0,0,0,0,0,0,0,0
1784087362978,nx-q6-nexmark-auto-171129,Executor4,Stage1-3-0,0,0,0,0,0,0,0,0
1784087363352,unknown,VM-76,Stage2-2-0,0,0,0,0,0,0,0,0
1784087363361,unknown,VM-79,Stage3-3-0,0,0,0,0,0,0,0,0
1784087363363,unknown,VM-75,Stage1-3-0,0,52162,51079,80679,50636,5665468,0,0
1784087363368,unknown,VM-74,Stage1-2-0,0,53849,52749,76092,49227,5827128,0,0
1784087363370,unknown,VM-77,Stage2-1-0,0,0,0,0,0,0,0,0
1784087363370,unknown,VM-78,Stage3-2-0,0,0,0,0,0,0,0,0
1784087363668,unknown,VM-73,Stage1-0-0,0,40609,39791,60657,42463,4379595,0,0
1784087363978,nx-q6-nexmark-auto-171129,Executor4,Stage1-3-0,0,0,0,0,0,0,0,0
1784087364352,unknown,VM-76,Stage2-2-0,0,0,0,0,0,0,0,0
1784087364354,unknown,VM-73,Stage1-0-0,0,74651,73172,426192,45283,8086618,0,0
1784087364361,unknown,VM-79,Stage3-3-0,0,0,0,0,0,0,0,0
1784087364363,unknown,VM-75,Stage1-3-0,0,54317,53234,77212,50416,5870709,0,0
1784087364368,unknown,VM-74,Stage1-2-0,0,52244,51212,71013,53124,5643349,0,0
1784087364370,unknown,VM-77,Stage2-1-0,0,0,0,0,0,0,0,0
1784087364371,unknown,VM-78,Stage3-2-0,0,0,0,0,0,0,0,0
1784087364978,nx-q6-nexmark-auto-171129,Executor4,Stage1-3-0,0,0,0,0,0,0,0,0
1784087365352,unknown,VM-76,Stage2-2-0,0,0,0,0,0,0,0,0
1784087365354,unknown,VM-73,Stage1-0-0,0,38924,38111,61511,55641,4221059,0,0
1784087365361,unknown,VM-79,Stage3-3-0,0,0,0,0,0,0,0,0
1784087365370,unknown,VM-77,Stage2-1-0,0,0,0,0,0,0,0,0
1784087365371,unknown,VM-78,Stage3-2-0,0,0,0,0,0,0,0,0
1784087365583,unknown,VM-75,Stage1-3-0,0,5905,5805,18288,13772,638898,0,0
1784087365610,unknown,VM-74,Stage1-2-0,0,14742,14415,33633,28177,1604109,0,0
1784087365978,nx-q6-nexmark-auto-171129,Executor4,Stage1-3-0,0,0,0,0,0,0,0,0
1784087366352,unknown,VM-76,Stage2-2-0,0,0,0,0,0,0,0,0
1784087366354,unknown,VM-73,Stage1-0-0,0,62649,61402,84099,61461,6789703,0,0
1784087366361,unknown,VM-79,Stage3-3-0,0,0,0,0,0,0,0,0
1784087366363,unknown,VM-75,Stage1-3-0,0,98629,96663,448471,50986,10685078,0,0
1784087366368,unknown,VM-74,Stage1-2-0,0,90106,88304,431984,49451,9763689,0,0
1784087366370,unknown,VM-77,Stage2-1-0,0,0,0,0,0,0,0,0
1784087366370,unknown,VM-78,Stage3-2-0,0,0,0,0,0,0,0,0
1784087366978,nx-q6-nexmark-auto-171129,Executor4,Stage1-3-0,0,0,0,0,0,0,0,0
1784087367352,unknown,VM-76,Stage2-2-0,0,0,0,0,0,0,0,0
1784087367355,unknown,VM-73,Stage1-0-0,0,25117,24618,32871,16893,2712527,0,0
1784087367361,unknown,VM-79,Stage3-3-0,0,0,0,0,0,0,0,0
1784087367363,unknown,VM-75,Stage1-3-0,0,9218,9007,24562,19172,1011363,0,0
1784087367368,unknown,VM-74,Stage1-2-0,0,11717,11490,31320,24891,1274121,0,0
1784087367370,unknown,VM-77,Stage2-1-0,0,0,0,0,0,0,0,0
1784087367371,unknown,VM-78,Stage3-2-0,0,0,0,0,0,0,0,0
1784087367978,nx-q6-nexmark-auto-171129,Executor4,Stage1-3-0,0,0,0,0,0,0,0,0
1784087368352,unknown,VM-76,Stage2-2-0,0,0,0,0,0,0,0,0
1784087368354,unknown,VM-73,Stage1-0-0,0,75834,74354,110844,91048,8225808,0,0
1784087368361,unknown,VM-79,Stage3-3-0,0,0,0,0,0,0,0,0
1784087368363,unknown,VM-75,Stage1-3-0,0,94514,92583,123718,80771,10199714,0,0
1784087368368,unknown,VM-74,Stage1-2-0,0,91833,90014,112731,77101,9943091,0,0
1784087368370,unknown,VM-77,Stage2-1-0,0,0,0,0,0,0,0,0
1784087368370,unknown,VM-78,Stage3-2-0,0,0,0,0,0,0,0,0
1784087368978,nx-q6-nexmark-auto-171129,Executor4,Stage1-3-0,0,0,0,0,0,0,0,0
1784087369352,unknown,VM-76,Stage2-2-0,0,0,0,0,0,0,0,0
1784087369354,unknown,VM-73,Stage1-0-0,0,52049,51020,56482,339757,5637172,0,0
1784087369361,unknown,VM-79,Stage3-3-0,0,0,0,0,0,0,0,0
1784087369363,unknown,VM-75,Stage1-3-0,0,53939,52824,75723,52747,5853803,0,0
1784087369368,unknown,VM-74,Stage1-2-0,0,54550,53445,77095,53802,5904213,0,0
1784087369370,unknown,VM-77,Stage2-1-0,0,0,0,0,0,0,0,0
1784087369370,unknown,VM-78,Stage3-2-0,0,0,0,0,0,0,0,0
1784087369978,nx-q6-nexmark-auto-171129,Executor4,Stage1-3-0,0,0,0,0,0,0,0,0
1784087370352,unknown,VM-76,Stage2-2-0,0,0,0,0,0,0,0,0
1784087370355,unknown,VM-73,Stage1-0-0,0,29276,28680,35028,22589,3154121,0,0
1784087370361,unknown,VM-79,Stage3-3-0,0,0,0,0,0,0,0,0
1784087370363,unknown,VM-75,Stage1-3-0,0,30713,30090,49526,41113,3338424,0,0
1784087370368,unknown,VM-74,Stage1-2-0,0,30201,29624,48429,41442,3263615,0,0
1784087370370,unknown,VM-77,Stage2-1-0,0,0,0,0,0,0,0,0
1784087370370,unknown,VM-78,Stage3-2-0,0,0,0,0,0,0,0,0
1784087370978,nx-q6-nexmark-auto-171129,Executor4,Stage1-3-0,0,0,0,0,0,0,0,0
1784087371352,unknown,VM-76,Stage2-2-0,0,0,0,0,0,0,0,0
1784087371354,unknown,VM-73,Stage1-0-0,0,75687,74196,115855,96717,8200089,0,0
1784087371361,unknown,VM-79,Stage3-3-0,0,0,0,0,0,0,0,0
1784087371363,unknown,VM-75,Stage1-3-0,0,69028,67632,416931,68850,7458223,0,0
1784087371370,unknown,VM-77,Stage2-1-0,0,0,0,0,0,0,0,0
1784087371370,unknown,VM-78,Stage3-2-0,0,0,0,0,0,0,0,0
1784087371522,unknown,VM-74,Stage1-2-0,0,22191,21673,45793,34631,2400533,0,0
1784087371978,nx-q6-nexmark-auto-171129,Executor4,Stage1-3-0,0,0,0,0,0,0,0,0
1784087372352,unknown,VM-76,Stage2-2-0,0,0,0,0,0,0,0,0
1784087372354,unknown,VM-73,Stage1-0-0,0,48786,47813,71767,53296,5289356,0,0
1784087372361,unknown,VM-79,Stage3-3-0,0,0,0,0,0,0,0,0
1784087372363,unknown,VM-75,Stage1-3-0,0,53905,52857,73934,53341,5843412,0,0
1784087372368,unknown,VM-74,Stage1-2-0,0,100197,98250,79478,49958,10836695,0,0
1784087372370,unknown,VM-77,Stage2-1-0,0,0,0,0,0,0,0,0
1784087372370,unknown,VM-78,Stage3-2-0,0,0,0,0,0,0,0,0
1784087372978,nx-q6-nexmark-auto-171129,Executor4,Stage1-3-0,0,0,0,0,0,0,0,0
1784087373352,unknown,VM-76,Stage2-2-0,0,0,0,0,0,0,0,0
1784087373354,unknown,VM-73,Stage1-0-0,0,52725,51659,72403,56197,5706735,0,0
1784087373361,unknown,VM-79,Stage3-3-0,0,0,0,0,0,0,0,0
1784087373363,unknown,VM-75,Stage1-3-0,0,32849,32166,106768,47301,3564019,0,0
1784087373368,unknown,VM-74,Stage1-2-0,0,51905,50900,71152,58423,5615852,0,0
1784087373370,unknown,VM-77,Stage2-1-0,0,0,0,0,0,0,0,0
1784087373371,unknown,VM-78,Stage3-2-0,0,0,0,0,0,0,0,0
1784087373978,nx-q6-nexmark-auto-171129,Executor4,Stage1-3-0,0,0,0,0,0,0,0,0
1784087374352,unknown,VM-76,Stage2-2-0,0,0,0,0,0,0,0,0
1784087374361,unknown,VM-79,Stage3-3-0,0,0,0,0,0,0,0,0
1784087374363,unknown,VM-75,Stage1-3-0,0,70086,68674,77792,54695,7585201,0,0
1784087374368,unknown,VM-74,Stage1-2-0,0,50935,49936,71356,50450,5486923,0,0
1784087374370,unknown,VM-77,Stage2-1-0,0,0,0,0,0,0,0,0
1784087374370,unknown,VM-78,Stage3-2-0,0,0,0,0,0,0,0,0
1784087374615,unknown,VM-73,Stage1-0-0,0,36972,36251,57223,40250,4000022,0,0
1784087374978,nx-q6-nexmark-auto-171129,Executor4,Stage1-3-0,0,0,0,0,0,0,0,0
1784087375352,unknown,VM-76,Stage2-2-0,0,0,0,0,0,0,0,0
1784087375354,unknown,VM-73,Stage1-0-0,0,69189,67815,60458,364213,7494582,0,0
1784087375361,unknown,VM-79,Stage3-3-0,0,0,0,0,0,0,0,0
1784087375363,unknown,VM-75,Stage1-3-0,0,50353,49311,69477,54344,5440758,0,0
1784087375368,unknown,VM-74,Stage1-2-0,0,50022,49082,70123,52865,5411332,0,0
1784087375370,unknown,VM-77,Stage2-1-0,0,0,0,0,0,0,0,0
1784087375370,unknown,VM-78,Stage3-2-0,0,0,0,0,0,0,0,0
1784087375978,nx-q6-nexmark-auto-171129,Executor4,Stage1-3-0,0,0,0,0,0,0,0,0
1784087376352,unknown,VM-76,Stage2-2-0,0,0,0,0,0,0,0,0
1784087376354,unknown,VM-73,Stage1-0-0,0,46926,46003,67664,54766,5085305,0,0
1784087376361,unknown,VM-79,Stage3-3-0,0,0,0,0,0,0,0,0
1784087376370,unknown,VM-77,Stage2-1-0,0,0,0,0,0,0,0,0
1784087376370,unknown,VM-78,Stage3-2-0,0,0,0,0,0,0,0,0
1784087376593,unknown,VM-75,Stage1-3-0,0,28770,28146,49805,43698,3119647,0,0
1784087376625,unknown,VM-74,Stage1-2-0,0,45988,45075,68547,49135,4974671,0,0
1784087376978,nx-q6-nexmark-auto-171129,Executor4,Stage1-3-0,0,0,0,0,0,0,0,0
1784087377352,unknown,VM-76,Stage2-2-0,0,0,0,0,0,0,0,0
1784087377354,unknown,VM-73,Stage1-0-0,0,52793,51720,74427,60250,5725027,0,0
1784087377361,unknown,VM-79,Stage3-3-0,0,0,0,0,0,0,0,0
1784087377363,unknown,VM-75,Stage1-3-0,0,71179,69795,72287,350898,7694314,0,0
1784087377368,unknown,VM-74,Stage1-2-0,0,54190,53116,70788,340468,5882501,0,0
1784087377370,unknown,VM-77,Stage2-1-0,0,0,0,0,0,0,0,0
1784087377371,unknown,VM-78,Stage3-2-0,0,0,0,0,0,0,0,0
1784087377978,nx-q6-nexmark-auto-171129,Executor4,Stage1-3-0,0,0,0,0,0,0,0,0
1784087378352,unknown,VM-76,Stage2-2-0,0,0,0,0,0,0,0,0
1784087378354,unknown,VM-73,Stage1-0-0,0,46245,45336,67662,54752,4997381,0,0
1784087378361,unknown,VM-79,Stage3-3-0,0,0,0,0,0,0,0,0
1784087378363,unknown,VM-75,Stage1-3-0,0,50215,49199,69266,51662,5441347,0,0
1784087378368,unknown,VM-74,Stage1-2-0,0,49706,48721,70043,49840,5388691,0,0
1784087378370,unknown,VM-77,Stage2-1-0,0,0,0,0,0,0,0,0
1784087378371,unknown,VM-78,Stage3-2-0,0,0,0,0,0,0,0,0
1784087378978,nx-q6-nexmark-auto-171129,Executor4,Stage1-3-0,0,0,0,0,0,0,0,0
1784087379352,unknown,VM-76,Stage2-2-0,0,0,0,0,0,0,0,0
1784087379354,unknown,VM-73,Stage1-0-0,0,48617,47648,69393,53676,5264346,0,0
1784087379361,unknown,VM-79,Stage3-3-0,0,0,0,0,0,0,0,0
1784087379363,unknown,VM-75,Stage1-3-0,0,49731,48755,68079,52285,5384354,0,0
1784087379368,unknown,VM-74,Stage1-2-0,0,50423,49385,68743,49681,5446133,0,0
1784087379370,unknown,VM-77,Stage2-1-0,0,0,0,0,0,0,0,0
1784087379370,unknown,VM-78,Stage3-2-0,0,0,0,0,0,0,0,0
1784087379978,nx-q6-nexmark-auto-171129,Executor4,Stage1-3-0,0,0,0,0,0,0,0,0
1784087380352,unknown,VM-76,Stage2-2-0,0,0,0,0,0,0,0,0
1784087380355,unknown,VM-73,Stage1-0-0,0,26167,25647,27952,301790,2837556,0,0
1784087380361,unknown,VM-79,Stage3-3-0,0,0,0,0,0,0,0,0
1784087380363,unknown,VM-75,Stage1-3-0,0,18091,17731,39482,30714,1952273,0,0
1784087380368,unknown,VM-74,Stage1-2-0,0,17606,17254,38700,31200,1908596,0,0
1784087380370,unknown,VM-77,Stage2-1-0,0,0,0,0,0,0,0,0
1784087380370,unknown,VM-78,Stage3-2-0,0,0,0,0,0,0,0,0
1784087380978,nx-q6-nexmark-auto-171129,Executor4,Stage1-3-0,0,0,0,0,0,0,0,0
1784087381352,unknown,VM-76,Stage2-2-0,0,0,0,0,0,0,0,0
1784087381354,unknown,VM-73,Stage1-0-0,0,79761,78124,120863,103151,8628667,0,0
1784087381361,unknown,VM-79,Stage3-3-0,0,0,0,0,0,0,0,0
1784087381363,unknown,VM-75,Stage1-3-0,0,76278,74723,104911,90890,8274484,0,0
1784087381368,unknown,VM-74,Stage1-2-0,0,75974,74504,125067,86509,8232212,0,0
1784087381370,unknown,VM-77,Stage2-1-0,0,0,0,0,0,0,0,0
1784087381370,unknown,VM-78,Stage3-2-0,0,0,0,0,0,0,0,0
1784087381978,nx-q6-nexmark-auto-171129,Executor4,Stage1-3-0,0,0,0,0,0,0,0,0
1784087382352,unknown,VM-76,Stage2-2-0,0,0,0,0,0,0,0,0
1784087382354,unknown,VM-73,Stage1-0-0,0,39491,38703,60471,50327,4268534,0,0
1784087382361,unknown,VM-79,Stage3-3-0,0,0,0,0,0,0,0,0
1784087382370,unknown,VM-77,Stage2-1-0,0,0,0,0,0,0,0,0
1784087382371,unknown,VM-78,Stage3-2-0,0,0,0,0,0,0,0,0
1784087382610,unknown,VM-75,Stage1-3-0,0,31874,31263,53085,46998,3458248,0,0
1784087382648,unknown,VM-74,Stage1-2-0,0,51143,50119,71975,54345,5537202,0,0
1784087382978,nx-q6-nexmark-auto-171129,Executor4,Stage1-3-0,0,0,0,0,0,0,0,0
1784087383352,unknown,VM-76,Stage2-2-0,0,0,0,0,0,0,0,0
1784087383354,unknown,VM-73,Stage1-0-0,0,59008,57855,80672,59289,6398057,0,0
1784087383361,unknown,VM-79,Stage3-3-0,0,0,0,0,0,0,0,0
1784087383363,unknown,VM-75,Stage1-3-0,0,74194,72719,76645,350392,8047175,0,0
1784087383368,unknown,VM-74,Stage1-2-0,0,54577,53417,359106,51470,5920485,0,0
1784087383370,unknown,VM-77,Stage2-1-0,0,0,0,0,0,0,0,0
1784087383370,unknown,VM-78,Stage3-2-0,0,0,0,0,0,0,0,0
1784087383978,nx-q6-nexmark-auto-171129,Executor4,Stage1-3-0,0,0,0,0,0,0,0,0
1784087384352,unknown,VM-76,Stage2-2-0,0,0,0,0,0,0,0,0
1784087384354,unknown,VM-73,Stage1-0-0,0,55996,54853,77605,64386,6065563,0,0
1784087384361,unknown,VM-79,Stage3-3-0,0,0,0,0,0,0,0,0
1784087384363,unknown,VM-75,Stage1-3-0,0,49756,48790,67671,50693,5369807,0,0
1784087384368,unknown,VM-74,Stage1-2-0,0,49724,48751,69091,53030,5376559,0,0
1784087384370,unknown,VM-77,Stage2-1-0,0,0,0,0,0,0,0,0
1784087384370,unknown,VM-78,Stage3-2-0,0,0,0,0,0,0,0,0
1784087384978,nx-q6-nexmark-auto-171129,Executor4,Stage1-3-0,0,0,0,0,0,0,0,0
1784087385352,unknown,VM-76,Stage2-2-0,0,0,0,0,0,0,0,0
1784087385354,unknown,VM-73,Stage1-0-0,0,38295,37537,62521,46159,4159826,0,0
1784087385361,unknown,VM-79,Stage3-3-0,0,0,0,0,0,0,0,0
1784087385363,unknown,VM-75,Stage1-3-0,0,50416,49419,68623,53825,5467815,0,0
1784087385368,unknown,VM-74,Stage1-2-0,0,50427,49434,72656,62927,5469774,0,0
1784087385370,unknown,VM-77,Stage2-1-0,0,0,0,0,0,0,0,0
1784087385370,unknown,VM-78,Stage3-2-0,0,0,0,0,0,0,0,0
1784087385978,nx-q6-nexmark-auto-171129,Executor4,Stage1-3-0,0,0,0,0,0,0,0,0
1784087386352,unknown,VM-76,Stage2-2-0,0,0,0,0,0,0,0,0
1784087386354,unknown,VM-73,Stage1-0-0,0,55371,54251,63897,350595,5987830,0,0
1784087386361,unknown,VM-79,Stage3-3-0,0,0,0,0,0,0,0,0
1784087386363,unknown,VM-75,Stage1-3-0,0,49877,48913,69550,53029,5394718,0,0
1784087386368,unknown,VM-74,Stage1-2-0,0,50293,49255,70348,53874,5451362,0,0
1784087386370,unknown,VM-77,Stage2-1-0,0,0,0,0,0,0,0,0
1784087386370,unknown,VM-78,Stage3-2-0,0,0,0,0,0,0,0,0
1784087386978,nx-q6-nexmark-auto-171129,Executor4,Stage1-3-0,0,0,0,0,0,0,0,0
1784087387352,unknown,VM-76,Stage2-2-0,0,0,0,0,0,0,0,0
1784087387354,unknown,VM-73,Stage1-0-0,0,48544,47538,79368,55877,5259082,0,0
1784087387361,unknown,VM-79,Stage3-3-0,0,0,0,0,0,0,0,0
1784087387363,unknown,VM-75,Stage1-3-0,0,49820,48760,66395,56063,5414209,0,0
1784087387368,unknown,VM-74,Stage1-2-0,0,49889,48941,70627,51437,5400164,0,0
1784087387370,unknown,VM-77,Stage2-1-0,0,0,0,0,0,0,0,0
1784087387371,unknown,VM-78,Stage3-2-0,0,0,0,0,0,0,0,0
1784087387978,nx-q6-nexmark-auto-171129,Executor4,Stage1-3-0,0,0,0,0,0,0,0,0
1784087388352,unknown,VM-76,Stage2-2-0,0,0,0,0,0,0,0,0
1784087388354,unknown,VM-73,Stage1-0-0,0,42430,41586,67055,47936,4579919,0,0
1784087388361,unknown,VM-79,Stage3-3-0,0,0,0,0,0,0,0,0
1784087388370,unknown,VM-77,Stage2-1-0,0,0,0,0,0,0,0,0
1784087388370,unknown,VM-78,Stage3-2-0,0,0,0,0,0,0,0,0
1784087388590,unknown,VM-75,Stage1-3-0,0,22952,22475,50286,35395,2488523,0,0
1784087388637,unknown,VM-74,Stage1-2-0,0,43994,43134,66291,51683,4769490,0,0
1784087388978,nx-q6-nexmark-auto-171129,Executor4,Stage1-3-0,0,0,0,0,0,0,0,0
1784087389352,unknown,VM-76,Stage2-2-0,0,0,0,0,0,0,0,0
1784087389354,unknown,VM-73,Stage1-0-0,0,53841,52758,84074,108780,5820892,0,0
1784087389361,unknown,VM-79,Stage3-3-0,0,0,0,0,0,0,0,0
1784087389363,unknown,VM-75,Stage1-3-0,0,77303,75765,69038,356202,8364084,0,0
1784087389368,unknown,VM-74,Stage1-2-0,0,55584,54493,73066,349282,6021606,0,0
1784087389370,unknown,VM-77,Stage2-1-0,0,0,0,0,0,0,0,0
1784087389371,unknown,VM-78,Stage3-2-0,0,0,0,0,0,0,0,0
1784087389978,nx-q6-nexmark-auto-171129,Executor4,Stage1-3-0,0,0,0,0,0,0,0,0
1784087390352,unknown,VM-76,Stage2-2-0,0,0,0,0,0,0,0,0
1784087390355,unknown,VM-73,Stage1-0-0,0,28874,28301,37651,17401,3121448,0,0
1784087390361,unknown,VM-79,Stage3-3-0,0,0,0,0,0,0,0,0
1784087390363,unknown,VM-75,Stage1-3-0,0,26083,25550,58185,46924,2822013,0,0
1784087390368,unknown,VM-74,Stage1-2-0,0,19269,18876,48848,39607,2107749,0,0
1784087390370,unknown,VM-77,Stage2-1-0,0,0,0,0,0,0,0,0
1784087390371,unknown,VM-78,Stage3-2-0,0,0,0,0,0,0,0,0
1784087390978,nx-q6-nexmark-auto-171129,Executor4,Stage1-3-0,0,0,0,0,0,0,0,0
1784087391352,unknown,VM-76,Stage2-2-0,0,0,0,0,0,0,0,0
1784087391361,unknown,VM-79,Stage3-3-0,0,0,0,0,0,0,0,0
1784087391363,unknown,VM-75,Stage1-3-0,0,67297,65995,69323,57953,7265472,0,0
1784087391368,unknown,VM-74,Stage1-2-0,0,74196,72661,95849,78387,8051281,0,0
1784087391370,unknown,VM-77,Stage2-1-0,0,0,0,0,0,0,0,0
1784087391370,unknown,VM-78,Stage3-2-0,0,0,0,0,0,0,0,0
1784087391625,unknown,VM-73,Stage1-0-0,0,76992,75422,99863,85031,8315066,0,0
1784087391978,nx-q6-nexmark-auto-171129,Executor4,Stage1-3-0,0,0,0,0,0,0,0,0
1784087392352,unknown,VM-76,Stage2-2-0,0,0,0,0,0,0,0,0
1784087392354,unknown,VM-73,Stage1-0-0,0,39366,38541,43491,329012,4279880,0,0
1784087392361,unknown,VM-79,Stage3-3-0,0,0,0,0,0,0,0,0
1784087392363,unknown,VM-75,Stage1-3-0,0,54811,53761,82894,45885,5938249,0,0
1784087392368,unknown,VM-74,Stage1-2-0,0,56447,55372,74726,50903,6119430,0,0
1784087392370,unknown,VM-77,Stage2-1-0,0,0,0,0,0,0,0,0
1784087392370,unknown,VM-78,Stage3-2-0,0,0,0,0,0,0,0,0
1784087392978,nx-q6-nexmark-auto-171129,Executor4,Stage1-3-0,0,0,0,0,0,0,0,0
1784087393352,unknown,VM-76,Stage2-2-0,0,0,0,0,0,0,0,0
1784087393354,unknown,VM-73,Stage1-0-0,0,60439,59225,83458,61735,6538235,0,0
1784087393361,unknown,VM-79,Stage3-3-0,0,0,0,0,0,0,0,0
1784087393363,unknown,VM-75,Stage1-3-0,0,51994,50946,83841,46165,5626321,0,0
1784087393368,unknown,VM-74,Stage1-2-0,0,50103,49131,71446,51577,5420757,0,0
1784087393370,unknown,VM-77,Stage2-1-0,0,0,0,0,0,0,0,0
1784087393370,unknown,VM-78,Stage3-2-0,0,0,0,0,0,0,0,0
1784087393978,nx-q6-nexmark-auto-171129,Executor4,Stage1-3-0,0,0,0,0,0,0,0,0
1784087394352,unknown,VM-76,Stage2-2-0,0,0,0,0,0,0,0,0
1784087394354,unknown,VM-73,Stage1-0-0,0,49179,48224,71024,55555,5322438,0,0
1784087394361,unknown,VM-79,Stage3-3-0,0,0,0,0,0,0,0,0
1784087394370,unknown,VM-77,Stage2-1-0,0,0,0,0,0,0,0,0
1784087394370,unknown,VM-78,Stage3-2-0,0,0,0,0,0,0,0,0
1784087394578,unknown,VM-75,Stage1-3-0,0,19576,19208,46538,31717,2129027,0,0
1784087394631,unknown,VM-74,Stage1-2-0,0,43386,42516,76229,45480,4686483,0,0
1784087394978,nx-q6-nexmark-auto-171129,Executor4,Stage1-3-0,0,0,0,0,0,0,0,0
1784087395352,unknown,VM-76,Stage2-2-0,0,0,0,0,0,0,0,0
1784087395354,unknown,VM-73,Stage1-0-0,0,46540,45645,74211,49892,5039324,0,0
1784087395361,unknown,VM-79,Stage3-3-0,0,0,0,0,0,0,0,0
1784087395363,unknown,VM-75,Stage1-3-0,0,80395,78748,70457,359177,8707703,0,0
1784087395368,unknown,VM-74,Stage1-2-0,0,56077,54972,371972,49163,6068986,0,0
1784087395370,unknown,VM-77,Stage2-1-0,0,0,0,0,0,0,0,0
1784087395370,unknown,VM-78,Stage3-2-0,0,0,0,0,0,0,0,0
1784087395978,nx-q6-nexmark-auto-171129,Executor4,Stage1-3-0,0,0,0,0,0,0,0,0
1784087396352,unknown,VM-76,Stage2-2-0,0,0,0,0,0,0,0,0
1784087396354,unknown,VM-73,Stage1-0-0,0,51065,49959,83651,52490,5517097,0,0
1784087396361,unknown,VM-79,Stage3-3-0,0,0,0,0,0,0,0,0
1784087396363,unknown,VM-75,Stage1-3-0,0,49934,48969,33409,26166,5421295,0,0
1784087396368,unknown,VM-74,Stage1-2-0,0,50162,49161,69669,49763,5430651,0,0
1784087396370,unknown,VM-77,Stage2-1-0,0,0,0,0,0,0,0,0
1784087396371,unknown,VM-78,Stage3-2-0,0,0,0,0,0,0,0,0
1784087396978,nx-q6-nexmark-auto-171129,Executor4,Stage1-3-0,0,0,0,0,0,0,0,0
1784087397352,unknown,VM-76,Stage2-2-0,0,0,0,0,0,0,0,0
1784087397361,unknown,VM-79,Stage3-3-0,0,0,0,0,0,0,0,0
1784087397363,unknown,VM-75,Stage1-3-0,0,49601,48592,84885,52176,5380636,0,0
1784087397368,unknown,VM-74,Stage1-2-0,0,50296,49325,68608,52910,5433955,0,0
1784087397370,unknown,VM-77,Stage2-1-0,0,0,0,0,0,0,0,0
1784087397370,unknown,VM-78,Stage3-2-0,0,0,0,0,0,0,0,0
1784087397612,unknown,VM-73,Stage1-0-0,0,42145,41271,44558,47718,4558212,0,0
1784087397978,nx-q6-nexmark-auto-171129,Executor4,Stage1-3-0,0,0,0,0,0,0,0,0
1784087398352,unknown,VM-76,Stage2-2-0,0,0,0,0,0,0,0,0
1784087398354,unknown,VM-73,Stage1-0-0,0,58182,57002,45881,344116,6314441,0,0
1784087398361,unknown,VM-79,Stage3-3-0,0,0,0,0,0,0,0,0
1784087398363,unknown,VM-75,Stage1-3-0,0,50013,48978,76922,50346,5400389,0,0
1784087398368,unknown,VM-74,Stage1-2-0,0,49949,48938,67270,47754,5408264,0,0
1784087398370,unknown,VM-77,Stage2-1-0,0,0,0,0,0,0,0,0
1784087398370,unknown,VM-78,Stage3-2-0,0,0,0,0,0,0,0,0
1784087398978,nx-q6-nexmark-auto-171129,Executor4,Stage1-3-0,0,0,0,0,0,0,0,0
1784087399352,unknown,VM-76,Stage2-2-0,0,0,0,0,0,0,0,0
1784087399354,unknown,VM-73,Stage1-0-0,0,54339,53286,72651,61447,5886760,0,0
1784087399361,unknown,VM-79,Stage3-3-0,0,0,0,0,0,0,0,0
1784087399363,unknown,VM-75,Stage1-3-0,0,49964,49000,69510,50401,5408007,0,0
1784087399368,unknown,VM-74,Stage1-2-0,0,50199,49168,77121,46420,5442998,0,0
1784087399370,unknown,VM-77,Stage2-1-0,0,0,0,0,0,0,0,0
1784087399370,unknown,VM-78,Stage3-2-0,0,0,0,0,0,0,0,0
1784087399978,nx-q6-nexmark-auto-171129,Executor4,Stage1-3-0,0,0,0,0,0,0,0,0
1784087400352,unknown,VM-76,Stage2-2-0,0,0,0,0,0,0,0,0
1784087400355,unknown,VM-73,Stage1-0-0,0,20189,19767,20922,11847,2178748,0,0
1784087400361,unknown,VM-79,Stage3-3-0,0,0,0,0,0,0,0,0
1784087400363,unknown,VM-75,Stage1-3-0,0,15860,15537,52129,27023,1715580,0,0
1784087400368,unknown,VM-74,Stage1-2-0,0,13472,13194,29374,26956,1471020,0,0
1784087400370,unknown,VM-77,Stage2-1-0,0,0,0,0,0,0,0,0
1784087400370,unknown,VM-78,Stage3-2-0,0,0,0,0,0,0,0,0
1784087400978,nx-q6-nexmark-auto-171129,Executor4,Stage1-3-0,0,0,0,0,0,0,0,0
1784087401352,unknown,VM-76,Stage2-2-0,0,0,0,0,0,0,0,0
1784087401354,unknown,VM-73,Stage1-0-0,0,77628,76082,120792,96448,8419095,0,0
1784087401361,unknown,VM-79,Stage3-3-0,0,0,0,0,0,0,0,0
1784087401363,unknown,VM-75,Stage1-3-0,0,79711,78064,75185,383151,8615104,0,0
1784087401368,unknown,VM-74,Stage1-2-0,0,83315,81669,103923,384243,9018577,0,0
1784087401370,unknown,VM-77,Stage2-1-0,0,0,0,0,0,0,0,0
1784087401370,unknown,VM-78,Stage3-2-0,0,0,0,0,0,0,0,0
1784087401978,nx-q6-nexmark-auto-171129,Executor4,Stage1-3-0,0,0,0,0,0,0,0,0
1784087402352,unknown,VM-76,Stage2-2-0,0,0,0,0,0,0,0,0
1784087402354,unknown,VM-73,Stage1-0-0,0,43562,42701,64383,50493,4724621,0,0
1784087402361,unknown,VM-79,Stage3-3-0,0,0,0,0,0,0,0,0
1784087402363,unknown,VM-75,Stage1-3-0,0,53887,52845,72811,50759,5838384,0,0
1784087402368,unknown,VM-74,Stage1-2-0,0,53710,52633,73680,50776,5827022,0,0
1784087402370,unknown,VM-77,Stage2-1-0,0,0,0,0,0,0,0,0
1784087402371,unknown,VM-78,Stage3-2-0,0,0,0,0,0,0,0,0
1784087402978,nx-q6-nexmark-auto-171129,Executor4,Stage1-3-0,0,0,0,0,0,0,0,0
1784087403352,unknown,VM-76,Stage2-2-0,0,0,0,0,0,0,0,0
1784087403361,unknown,VM-79,Stage3-3-0,0,0,0,0,0,0,0,0
1784087403363,unknown,VM-75,Stage1-3-0,0,50063,49031,68942,52058,5437142,0,0
1784087403368,unknown,VM-74,Stage1-2-0,0,49830,48843,70692,52505,5388225,0,0
1784087403370,unknown,VM-77,Stage2-1-0,0,0,0,0,0,0,0,0
1784087403371,unknown,VM-78,Stage3-2-0,0,0,0,0,0,0,0,0
1784087403600,unknown,VM-73,Stage1-0-0,0,35837,35100,65506,33222,3887278,0,0
1784087403978,nx-q6-nexmark-auto-171129,Executor4,Stage1-3-0,0,0,0,0,0,0,0,0
1784087404352,unknown,VM-76,Stage2-2-0,0,0,0,0,0,0,0,0
1784087404354,unknown,VM-73,Stage1-0-0,0,76111,74671,54700,366274,8246183,0,0
1784087404361,unknown,VM-79,Stage3-3-0,0,0,0,0,0,0,0,0
1784087404363,unknown,VM-75,Stage1-3-0,0,49088,48067,82351,44547,5308060,0,0
1784087404368,unknown,VM-74,Stage1-2-0,0,49401,48384,71275,53783,5356877,0,0
1784087404370,unknown,VM-77,Stage2-1-0,0,0,0,0,0,0,0,0
1784087404370,unknown,VM-78,Stage3-2-0,0,0,0,0,0,0,0,0
1784087404978,nx-q6-nexmark-auto-171129,Executor4,Stage1-3-0,0,0,0,0,0,0,0,0
1784087405352,unknown,VM-76,Stage2-2-0,0,0,0,0,0,0,0,0
1784087405354,unknown,VM-73,Stage1-0-0,0,42035,41165,61648,49956,4554783,0,0
1784087405361,unknown,VM-79,Stage3-3-0,0,0,0,0,0,0,0,0
1784087405363,unknown,VM-75,Stage1-3-0,0,50618,49603,70850,49654,5496378,0,0
1784087405368,unknown,VM-74,Stage1-2-0,0,50109,49099,84306,49377,5438668,0,0
1784087405370,unknown,VM-77,Stage2-1-0,0,0,0,0,0,0,0,0
1784087405371,unknown,VM-78,Stage3-2-0,0,0,0,0,0,0,0,0
1784087405978,nx-q6-nexmark-auto-171129,Executor4,Stage1-3-0,0,0,0,0,0,0,0,0
1784087406352,unknown,VM-76,Stage2-2-0,0,0,0,0,0,0,0,0
1784087406354,unknown,VM-73,Stage1-0-0,0,61973,60722,83699,66679,6695202,0,0
1784087406361,unknown,VM-79,Stage3-3-0,0,0,0,0,0,0,0,0
1784087406370,unknown,VM-77,Stage2-1-0,0,0,0,0,0,0,0,0
1784087406371,unknown,VM-78,Stage3-2-0,0,0,0,0,0,0,0,0
1784087406564,unknown,VM-75,Stage1-3-0,0,12966,12723,33286,25568,1399753,0,0
1784087406597,unknown,VM-74,Stage1-2-0,0,41391,40546,62900,53480,4488340,0,0
1784087406978,nx-q6-nexmark-auto-171129,Executor4,Stage1-3-0,0,0,0,0,0,0,0,0
1784087407352,unknown,VM-76,Stage2-2-0,0,0,0,0,0,0,0,0
1784087407354,unknown,VM-73,Stage1-0-0,0,37025,36273,73330,43547,4009343,0,0
1784087407361,unknown,VM-79,Stage3-3-0,0,0,0,0,0,0,0,0
1784087407363,unknown,VM-75,Stage1-3-0,0,79566,77978,90350,369063,8618883,0,0
1784087407368,unknown,VM-74,Stage1-2-0,0,50306,49292,403005,42395,5447572,0,0
1784087407370,unknown,VM-77,Stage2-1-0,0,0,0,0,0,0,0,0
1784087407371,unknown,VM-78,Stage3-2-0,0,0,0,0,0,0,0,0
1784087407978,nx-q6-nexmark-auto-171129,Executor4,Stage1-3-0,0,0,0,0,0,0,0,0
1784087408352,unknown,VM-76,Stage2-2-0,0,0,0,0,0,0,0,0
1784087408354,unknown,VM-73,Stage1-0-0,0,52605,51592,82046,54377,5692792,0,0
1784087408361,unknown,VM-79,Stage3-3-0,0,0,0,0,0,0,0,0
1784087408363,unknown,VM-75,Stage1-3-0,0,57563,56367,72271,53125,6222926,0,0
1784087408368,unknown,VM-74,Stage1-2-0,0,58422,57292,71703,52210,6330158,0,0
1784087408370,unknown,VM-77,Stage2-1-0,0,0,0,0,0,0,0,0
1784087408371,unknown,VM-78,Stage3-2-0,0,0,0,0,0,0,0,0
1784087408978,nx-q6-nexmark-auto-171129,Executor4,Stage1-3-0,0,0,0,0,0,0,0,0
1784087409352,unknown,VM-76,Stage2-2-0,0,0,0,0,0,0,0,0
1784087409361,unknown,VM-79,Stage3-3-0,0,0,0,0,0,0,0,0
1784087409363,unknown,VM-75,Stage1-3-0,0,50182,49200,70602,51648,5432756,0,0
1784087409368,unknown,VM-74,Stage1-2-0,0,49957,48972,73592,54198,5397704,0,0
1784087409370,unknown,VM-77,Stage2-1-0,0,0,0,0,0,0,0,0
1784087409371,unknown,VM-78,Stage3-2-0,0,0,0,0,0,0,0,0
1784087409978,nx-q6-nexmark-auto-171129,Executor4,Stage1-3-0,0,0,0,0,0,0,0,0
1784087410352,unknown,VM-76,Stage2-2-0,0,0,0,0,0,0,0,0
1784087410361,unknown,VM-79,Stage3-3-0,0,0,0,0,0,0,0,0
1784087410363,unknown,VM-75,Stage1-3-0,0,9494,9307,27255,20661,1028469,0,0
1784087410368,unknown,VM-74,Stage1-2-0,0,10129,9921,28102,22267,1100561,0,0
1784087410370,unknown,VM-77,Stage2-1-0,0,0,0,0,0,0,0,0
1784087410371,unknown,VM-78,Stage3-2-0,0,0,0,0,0,0,0,0
1784087410978,nx-q6-nexmark-auto-171129,Executor4,Stage1-3-0,0,0,0,0,0,0,0,0
1784087411352,unknown,VM-76,Stage2-2-0,0,0,0,0,0,0,0,0
1784087411361,unknown,VM-79,Stage3-3-0,0,0,0,0,0,0,0,0
1784087411363,unknown,VM-75,Stage1-3-0,0,87802,86074,104133,90897,9525041,0,0
1784087411368,unknown,VM-74,Stage1-2-0,0,88197,86499,119649,74852,9527110,0,0
1784087411370,unknown,VM-77,Stage2-1-0,0,0,0,0,0,0,0,0
1784087411371,unknown,VM-78,Stage3-2-0,0,0,0,0,0,0,0,0
1784087411978,nx-q6-nexmark-auto-171129,Executor4,Stage1-3-0,0,0,0,0,0,0,0,0
1784087412337,unknown,VM-73,Stage1-0-0,0,19897,19509,20200,18034,2166201,0,0
1784087412337,unknown,VM-73,Stage1-0-0,0,0,0,0,0,0,0,0
1784087412337,unknown,VM-73,Stage1-0-0,0,0,0,0,0,0,0,0
1784087412352,unknown,VM-76,Stage2-2-0,0,0,0,0,0,0,0,0
1784087412354,unknown,VM-73,Stage1-0-0,0,0,0,0,0,0,0,0
1784087412361,unknown,VM-79,Stage3-3-0,0,0,0,0,0,0,0,0
1784087412370,unknown,VM-77,Stage2-1-0,0,0,0,0,0,0,0,0
1784087412371,unknown,VM-78,Stage3-2-0,0,0,0,0,0,0,0,0
1784087412978,nx-q6-nexmark-auto-171129,Executor4,Stage1-3-0,0,0,0,0,0,0,0,0
1784087413352,unknown,VM-76,Stage2-2-0,0,0,0,0,0,0,0,0
1784087413354,unknown,VM-73,Stage1-0-0,0,249813,244672,74870,4017725,27062951,0,0
1784087413361,unknown,VM-79,Stage3-3-0,0,0,0,0,0,0,0,0
1784087413370,unknown,VM-77,Stage2-1-0,0,0,0,0,0,0,0,0
1784087413370,unknown,VM-78,Stage3-2-0,0,0,0,0,0,0,0,0
1784087413978,nx-q6-nexmark-auto-171129,Executor4,Stage1-3-0,0,0,0,0,0,0,0,0
1784087414352,unknown,VM-76,Stage2-2-0,0,0,0,0,0,0,0,0
1784087414354,unknown,VM-73,Stage1-0-0,0,44726,43799,64993,53595,4857567,0,0
1784087414361,unknown,VM-79,Stage3-3-0,0,0,0,0,0,0,0,0
1784087414370,unknown,VM-77,Stage2-1-0,0,0,0,0,0,0,0,0
1784087414370,unknown,VM-78,Stage3-2-0,0,0,0,0,0,0,0,0
1784087414978,nx-q6-nexmark-auto-171129,Executor4,Stage1-3-0,0,0,0,0,0,0,0,0
1784087415352,unknown,VM-76,Stage2-2-0,0,0,0,0,0,0,0,0
1784087415354,unknown,VM-73,Stage1-0-0,0,21738,21297,41193,34679,2355570,0,0
1784087415361,unknown,VM-79,Stage3-3-0,0,0,0,0,0,0,0,0
1784087415370,unknown,VM-77,Stage2-1-0,0,0,0,0,0,0,0,0
1784087415370,unknown,VM-78,Stage3-2-0,0,0,0,0,0,0,0,0
1784087415978,nx-q6-nexmark-auto-171129,Executor4,Stage1-3-0,0,0,0,0,0,0,0,0
1784087416346,unknown,VM-75,Stage1-3-0,0,10721,10488,28465,22278,1161626,0,0
1784087416347,unknown,VM-75,Stage1-3-0,0,0,0,0,0,0,0,0
1784087416347,unknown,VM-75,Stage1-3-0,0,0,0,0,0,0,0,0
1784087416347,unknown,VM-75,Stage1-3-0,0,0,0,0,0,0,0,0
1784087416352,unknown,VM-76,Stage2-2-0,0,0,0,0,0,0,0,0
1784087416354,unknown,VM-73,Stage1-0-0,0,50353,49326,89389,97878,5457388,0,0
1784087416361,unknown,VM-79,Stage3-3-0,0,0,0,0,0,0,0,0
1784087416363,unknown,VM-75,Stage1-3-0,0,9178,8999,283,1857,996766,0,0
1784087416370,unknown,VM-77,Stage2-1-0,0,0,0,0,0,0,0,0
1784087416370,unknown,VM-78,Stage3-2-0,0,0,0,0,0,0,0,0
1784087416444,unknown,VM-74,Stage1-2-0,0,41856,41080,62746,50626,4535441,0,0
1784087416444,unknown,VM-74,Stage1-2-0,0,0,0,0,0,0,0,0
1784087416444,unknown,VM-74,Stage1-2-0,0,0,0,0,0,0,0,0
1784087416444,unknown,VM-74,Stage1-2-0,0,0,0,0,0,0,0,0
1784087416444,unknown,VM-74,Stage1-2-0,0,0,0,0,0,0,0,0
1784087416978,nx-q6-nexmark-auto-171129,Executor4,Stage1-3-0,0,0,0,0,0,0,0,0
1784087417352,unknown,VM-76,Stage2-2-0,0,0,0,0,0,0,0,0
1784087417354,unknown,VM-73,Stage1-0-0,0,60131,58973,97607,111078,6515912,0,0
1784087417361,unknown,VM-79,Stage3-3-0,0,0,0,0,0,0,0,0
1784087417363,unknown,VM-75,Stage1-3-0,0,274876,269389,136784,109269,29755684,0,0
1784087417368,unknown,VM-74,Stage1-2-0,0,252772,247690,163633,4231456,27331584,0,0
1784087417370,unknown,VM-77,Stage2-1-0,0,0,0,0,0,0,0,0
1784087417370,unknown,VM-78,Stage3-2-0,0,0,0,0,0,0,0,0
1784087417978,nx-q6-nexmark-auto-171129,Executor4,Stage1-3-0,0,0,0,0,0,0,0,0
1784087418352,unknown,VM-76,Stage2-2-0,0,0,0,0,0,0,0,0
1784087418361,unknown,VM-79,Stage3-3-0,0,0,0,0,0,0,0,0
1784087418363,unknown,VM-75,Stage1-3-0,0,54823,53712,72534,49206,5945086,0,0
1784087418368,unknown,VM-74,Stage1-2-0,0,53757,52697,72581,53459,5822145,0,0
1784087418370,unknown,VM-77,Stage2-1-0,0,0,0,0,0,0,0,0
1784087418370,unknown,VM-78,Stage3-2-0,0,0,0,0,0,0,0,0
1784087418978,nx-q6-nexmark-auto-171129,Executor4,Stage1-3-0,0,0,0,0,0,0,0,0
1784087419352,unknown,VM-76,Stage2-2-0,0,0,0,0,0,0,0,0
1784087419361,unknown,VM-79,Stage3-3-0,0,0,0,0,0,0,0,0
1784087419363,unknown,VM-75,Stage1-3-0,0,33890,33250,73409,83471,3674788,0,0
1784087419368,unknown,VM-74,Stage1-2-0,0,50327,49303,74943,71339,5443876,0,0
1784087419370,unknown,VM-77,Stage2-1-0,0,0,0,0,0,0,0,0
1784087419370,unknown,VM-78,Stage3-2-0,0,0,0,0,0,0,0,0
1784087419372,unknown,VM-73,Stage1-0-0,0,25661,25140,47353,48622,2779917,0,0
1784087419372,unknown,VM-73,Stage1-0-0,0,0,0,0,0,0,0,0
1784087419978,nx-q6-nexmark-auto-171129,Executor4,Stage1-3-0,0,0,0,0,0,0,0,0
1784087420352,unknown,VM-76,Stage2-2-0,0,0,0,0,0,0,0,0
1784087420354,unknown,VM-73,Stage1-0-0,0,138058,135273,61072,1138435,14977835,0,0
1784087420361,unknown,VM-79,Stage3-3-0,0,0,0,0,0,0,0,0
1784087420363,unknown,VM-75,Stage1-3-0,0,55129,54057,88255,109054,5959269,0,0
1784087420368,unknown,VM-74,Stage1-2-0,0,41322,40509,78060,88866,4474425,0,0
1784087420370,unknown,VM-77,Stage2-1-0,0,0,0,0,0,0,0,0
1784087420370,unknown,VM-78,Stage3-2-0,0,0,0,0,0,0,0,0
1784087420978,nx-q6-nexmark-auto-171129,Executor4,Stage1-3-0,0,0,0,0,0,0,0,0
1784087421352,unknown,VM-76,Stage2-2-0,0,0,0,0,0,0,0,0
1784087421354,unknown,VM-73,Stage1-0-0,0,39127,38370,59199,45543,4227790,0,0
1784087421361,unknown,VM-79,Stage3-3-0,0,0,0,0,0,0,0,0
1784087421368,unknown,VM-74,Stage1-2-0,0,47851,46828,82993,94053,5188152,0,0
1784087421370,unknown,VM-77,Stage2-1-0,0,0,0,0,0,0,0,0
1784087421370,unknown,VM-78,Stage3-2-0,0,0,0,0,0,0,0,0
1784087421978,nx-q6-nexmark-auto-171129,Executor4,Stage1-3-0,0,0,0,0,0,0,0,0
1784087422352,unknown,VM-76,Stage2-2-0,0,0,0,0,0,0,0,0
1784087422354,unknown,VM-73,Stage1-0-0,0,52242,51224,72627,60107,5661569,0,0
1784087422361,unknown,VM-79,Stage3-3-0,0,0,0,0,0,0,0,0
1784087422370,unknown,VM-77,Stage2-1-0,0,0,0,0,0,0,0,0
1784087422370,unknown,VM-78,Stage3-2-0,0,0,0,0,0,0,0,0
1784087422402,unknown,VM-75,Stage1-3-0,0,46726,45824,79998,1135206,5046991,0,0
1784087422402,unknown,VM-75,Stage1-3-0,0,0,0,0,0,0,0,0
1784087422978,nx-q6-nexmark-auto-171129,Executor4,Stage1-3-0,0,0,0,0,0,0,0,0
1784087423352,unknown,VM-76,Stage2-2-0,0,0,0,0,0,0,0,0
1784087423354,unknown,VM-74,Stage1-2-0,0,35153,34401,68696,75335,3804540,0,0
1784087423354,unknown,VM-73,Stage1-0-0,0,23203,22742,24594,15847,2517180,0,0
1784087423361,unknown,VM-79,Stage3-3-0,0,0,0,0,0,0,0,0
1784087423363,unknown,VM-75,Stage1-3-0,0,94108,92199,52267,40335,10197019,0,0
1784087423367,unknown,VM-74,Stage1-2-0,0,7692,7540,1041,1045038,836406,0,0
1784087423370,unknown,VM-77,Stage2-1-0,0,0,0,0,0,0,0,0
1784087423370,unknown,VM-78,Stage3-2-0,0,0,0,0,0,0,0,0
1784087423978,nx-q6-nexmark-auto-171129,Executor4,Stage1-3-0,0,0,0,0,0,0,0,0
1784087424352,unknown,VM-76,Stage2-2-0,0,0,0,0,0,0,0,0
1784087424354,unknown,VM-73,Stage1-0-0,0,66220,64886,145146,100892,7175534,0,0
1784087424361,unknown,VM-79,Stage3-3-0,0,0,0,0,0,0,0,0
1784087424363,unknown,VM-75,Stage1-3-0,0,66660,65319,102099,78695,7214976,0,0
1784087424368,unknown,VM-74,Stage1-2-0,0,116662,114397,66359,50323,12633779,0,0
1784087424370,unknown,VM-77,Stage2-1-0,0,0,0,0,0,0,0,0
1784087424370,unknown,VM-78,Stage3-2-0,0,0,0,0,0,0,0,0
1784087424978,nx-q6-nexmark-auto-171129,Executor4,Stage1-3-0,0,0,0,0,0,0,0,0
1784087425352,unknown,VM-76,Stage2-2-0,0,0,0,0,0,0,0,0
1784087425354,unknown,VM-73,Stage1-0-0,0,52571,51558,72745,54958,5696469,0,0
1784087425361,unknown,VM-79,Stage3-3-0,0,0,0,0,0,0,0,0
1784087425363,unknown,VM-75,Stage1-3-0,0,55306,54213,74104,51224,5992118,0,0
1784087425368,unknown,VM-74,Stage1-2-0,0,55448,54315,72494,51290,6000635,0,0
1784087425370,unknown,VM-77,Stage2-1-0,0,0,0,0,0,0,0,0
1784087425370,unknown,VM-78,Stage3-2-0,0,0,0,0,0,0,0,0
1784087425978,nx-q6-nexmark-auto-171129,Executor4,Stage1-3-0,0,0,0,0,0,0,0,0
1784087426352,unknown,VM-76,Stage2-2-0,0,0,0,0,0,0,0,0
1784087426354,unknown,VM-73,Stage1-0-0,0,58007,56844,83426,63943,6272243,0,0
1784087426361,unknown,VM-79,Stage3-3-0,0,0,0,0,0,0,0,0
1784087426363,unknown,VM-75,Stage1-3-0,0,49885,48877,74198,52845,5409637,0,0
1784087426368,unknown,VM-74,Stage1-2-0,0,49855,48878,70683,52058,5398729,0,0
1784087426370,unknown,VM-77,Stage2-1-0,0,0,0,0,0,0,0,0
1784087426370,unknown,VM-78,Stage3-2-0,0,0,0,0,0,0,0,0
1784087426978,nx-q6-nexmark-auto-171129,Executor4,Stage1-3-0,0,0,0,0,0,0,0,0
1784087427352,unknown,VM-76,Stage2-2-0,0,0,0,0,0,0,0,0
1784087427354,unknown,VM-73,Stage1-0-0,0,23255,22767,22952,21919,2512510,0,0
1784087427361,unknown,VM-79,Stage3-3-0,0,0,0,0,0,0,0,0
1784087427363,unknown,VM-75,Stage1-3-0,0,0,0,0,0,0,0,0
1784087427368,unknown,VM-74,Stage1-2-0,0,0,0,0,0,0,0,0
1784087427370,unknown,VM-77,Stage2-1-0,0,0,0,0,0,0,0,0
1784087427370,unknown,VM-78,Stage3-2-0,0,0,0,0,0,0,0,0
1784087427978,nx-q6-nexmark-auto-171129,Executor4,Stage1-3-0,0,0,0,0,0,0,0,0
1784087428352,unknown,VM-76,Stage2-2-0,0,0,0,0,0,0,0,0
1784087428354,unknown,VM-73,Stage1-0-0,0,0,0,0,0,0,0,0
1784087428361,unknown,VM-79,Stage3-3-0,0,0,0,0,0,0,0,0
1784087428363,unknown,VM-75,Stage1-3-0,0,0,0,0,0,0,0,0
1784087428368,unknown,VM-74,Stage1-2-0,0,0,0,0,0,0,0,0
1784087428370,unknown,VM-77,Stage2-1-0,0,0,0,0,0,0,0,0
1784087428370,unknown,VM-78,Stage3-2-0,0,0,0,0,0,0,0,0
1784087428978,nx-q6-nexmark-auto-171129,Executor4,Stage1-3-0,0,0,0,0,0,0,0,0
1784087429352,unknown,VM-76,Stage2-2-0,0,0,0,0,0,0,0,0
1784087429354,unknown,VM-73,Stage1-0-0,0,0,0,0,0,0,0,0
1784087429361,unknown,VM-79,Stage3-3-0,0,0,0,0,0,0,0,0
1784087429363,unknown,VM-75,Stage1-3-0,0,0,0,0,0,0,0,0
1784087429368,unknown,VM-74,Stage1-2-0,0,0,0,0,0,0,0,0
1784087429370,unknown,VM-77,Stage2-1-0,0,0,0,0,0,0,0,0
1784087429370,unknown,VM-78,Stage3-2-0,0,0,0,0,0,0,0,0
1784087429978,nx-q6-nexmark-auto-171129,Executor4,Stage1-3-0,0,0,0,0,0,0,0,0
1784087430352,unknown,VM-76,Stage2-2-0,0,0,0,0,0,0,0,0
1784087430354,unknown,VM-73,Stage1-0-0,0,0,0,0,0,0,0,0
1784087430361,unknown,VM-79,Stage3-3-0,0,0,0,0,0,0,0,0
1784087430363,unknown,VM-75,Stage1-3-0,0,0,0,0,0,0,0,0
1784087430368,unknown,VM-74,Stage1-2-0,0,0,0,0,0,0,0,0
1784087430370,unknown,VM-77,Stage2-1-0,0,0,0,0,0,0,0,0
1784087430370,unknown,VM-78,Stage3-2-0,0,0,0,0,0,0,0,0
1784087430978,nx-q6-nexmark-auto-171129,Executor4,Stage1-3-0,0,0,0,0,0,0,0,0
1784087431352,unknown,VM-76,Stage2-2-0,0,0,0,0,0,0,0,0
1784087431354,unknown,VM-73,Stage1-0-0,0,0,0,0,0,0,0,0
1784087431361,unknown,VM-79,Stage3-3-0,0,0,0,0,0,0,0,0
1784087431363,unknown,VM-75,Stage1-3-0,0,0,0,0,0,0,0,0
1784087431368,unknown,VM-74,Stage1-2-0,0,0,0,0,0,0,0,0
1784087431370,unknown,VM-77,Stage2-1-0,0,0,0,0,0,0,0,0
1784087431370,unknown,VM-78,Stage3-2-0,0,0,0,0,0,0,0,0
1784087431978,nx-q6-nexmark-auto-171129,Executor4,Stage1-3-0,0,0,0,0,0,0,0,0
1784087432352,unknown,VM-76,Stage2-2-0,0,0,0,0,0,0,0,0
1784087432355,unknown,VM-73,Stage1-0-0,0,0,0,0,0,0,0,0
1784087432361,unknown,VM-79,Stage3-3-0,0,0,0,0,0,0,0,0
1784087432363,unknown,VM-75,Stage1-3-0,0,0,0,0,0,0,0,0
1784087432368,unknown,VM-74,Stage1-2-0,0,0,0,0,0,0,0,0
1784087432370,unknown,VM-77,Stage2-1-0,0,0,0,0,0,0,0,0
1784087432370,unknown,VM-78,Stage3-2-0,0,0,0,0,0,0,0,0
1784087432978,nx-q6-nexmark-auto-171129,Executor4,Stage1-3-0,0,0,0,0,0,0,0,0
1784087433352,unknown,VM-76,Stage2-2-0,0,0,0,0,0,0,0,0
1784087433354,unknown,VM-73,Stage1-0-0,0,0,0,0,0,0,0,0
1784087433361,unknown,VM-79,Stage3-3-0,0,0,0,0,0,0,0,0
1784087433363,unknown,VM-75,Stage1-3-0,0,0,0,0,0,0,0,0
1784087433368,unknown,VM-74,Stage1-2-0,0,0,0,0,0,0,0,0
1784087433370,unknown,VM-77,Stage2-1-0,0,0,0,0,0,0,0,0
1784087433370,unknown,VM-78,Stage3-2-0,0,0,0,0,0,0,0,0
1784087433978,nx-q6-nexmark-auto-171129,Executor4,Stage1-3-0,0,0,0,0,0,0,0,0
1784087434352,unknown,VM-76,Stage2-2-0,0,0,0,0,0,0,0,0
1784087434354,unknown,VM-73,Stage1-0-0,0,0,0,0,0,0,0,0
1784087434361,unknown,VM-79,Stage3-3-0,0,0,0,0,0,0,0,0
1784087434363,unknown,VM-75,Stage1-3-0,0,0,0,0,0,0,0,0
1784087434368,unknown,VM-74,Stage1-2-0,0,0,0,0,0,0,0,0
1784087434370,unknown,VM-77,Stage2-1-0,0,0,0,0,0,0,0,0
1784087434370,unknown,VM-78,Stage3-2-0,0,0,0,0,0,0,0,0
1784087434978,nx-q6-nexmark-auto-171129,Executor4,Stage1-3-0,0,0,0,0,0,0,0,0
1784087435352,unknown,VM-76,Stage2-2-0,0,0,0,0,0,0,0,0
1784087435354,unknown,VM-73,Stage1-0-0,0,0,0,0,0,0,0,0
1784087435361,unknown,VM-79,Stage3-3-0,0,0,0,0,0,0,0,0
1784087435363,unknown,VM-75,Stage1-3-0,0,0,0,0,0,0,0,0
1784087435368,unknown,VM-74,Stage1-2-0,0,0,0,0,0,0,0,0
1784087435370,unknown,VM-77,Stage2-1-0,0,0,0,0,0,0,0,0
1784087435370,unknown,VM-78,Stage3-2-0,0,0,0,0,0,0,0,0
1784087435978,nx-q6-nexmark-auto-171129,Executor4,Stage1-3-0,0,0,0,0,0,0,0,0
1784087436352,unknown,VM-76,Stage2-2-0,0,0,0,0,0,0,0,0
1784087436355,unknown,VM-73,Stage1-0-0,0,0,0,0,0,0,0,0
1784087436361,unknown,VM-79,Stage3-3-0,0,0,0,0,0,0,0,0
1784087436363,unknown,VM-75,Stage1-3-0,0,0,0,0,0,0,0,0
1784087436368,unknown,VM-74,Stage1-2-0,0,0,0,0,0,0,0,0
1784087436370,unknown,VM-77,Stage2-1-0,0,0,0,0,0,0,0,0
1784087436370,unknown,VM-78,Stage3-2-0,0,0,0,0,0,0,0,0
1784087436978,nx-q6-nexmark-auto-171129,Executor4,Stage1-3-0,0,0,0,0,0,0,0,0
1784087437352,unknown,VM-76,Stage2-2-0,0,0,0,0,0,0,0,0
1784087437354,unknown,VM-73,Stage1-0-0,0,0,0,0,0,0,0,0
1784087437361,unknown,VM-79,Stage3-3-0,0,0,0,0,0,0,0,0
1784087437363,unknown,VM-75,Stage1-3-0,0,0,0,0,0,0,0,0
1784087437368,unknown,VM-74,Stage1-2-0,0,0,0,0,0,0,0,0
1784087437370,unknown,VM-77,Stage2-1-0,0,0,0,0,0,0,0,0
1784087437370,unknown,VM-78,Stage3-2-0,0,0,0,0,0,0,0,0
1784087437978,nx-q6-nexmark-auto-171129,Executor4,Stage1-3-0,0,0,0,0,0,0,0,0
1784087438352,unknown,VM-76,Stage2-2-0,0,0,0,0,0,0,0,0
1784087438354,unknown,VM-73,Stage1-0-0,0,0,0,0,0,0,0,0
1784087438361,unknown,VM-79,Stage3-3-0,0,0,0,0,0,0,0,0
1784087438363,unknown,VM-75,Stage1-3-0,0,0,0,0,0,0,0,0
1784087438368,unknown,VM-74,Stage1-2-0,0,0,0,0,0,0,0,0
1784087438370,unknown,VM-77,Stage2-1-0,0,0,0,0,0,0,0,0
1784087438370,unknown,VM-78,Stage3-2-0,0,0,0,0,0,0,0,0
1784087438978,nx-q6-nexmark-auto-171129,Executor4,Stage1-3-0,0,0,0,0,0,0,0,0
1784087439352,unknown,VM-76,Stage2-2-0,0,0,0,0,0,0,0,0
1784087439354,unknown,VM-73,Stage1-0-0,0,0,0,0,0,0,0,0
1784087439361,unknown,VM-79,Stage3-3-0,0,0,0,0,0,0,0,0
1784087439363,unknown,VM-75,Stage1-3-0,0,0,0,0,0,0,0,0
1784087439368,unknown,VM-74,Stage1-2-0,0,0,0,0,0,0,0,0
1784087439370,unknown,VM-77,Stage2-1-0,0,0,0,0,0,0,0,0
1784087439370,unknown,VM-78,Stage3-2-0,0,0,0,0,0,0,0,0
1784087439978,nx-q6-nexmark-auto-171129,Executor4,Stage1-3-0,0,0,0,0,0,0,0,0
1784087440352,unknown,VM-76,Stage2-2-0,0,0,0,0,0,0,0,0
1784087440355,unknown,VM-73,Stage1-0-0,0,0,0,0,0,0,0,0
1784087440361,unknown,VM-79,Stage3-3-0,0,0,0,0,0,0,0,0
1784087440363,unknown,VM-75,Stage1-3-0,0,0,0,0,0,0,0,0
1784087440368,unknown,VM-74,Stage1-2-0,0,0,0,0,0,0,0,0
1784087440370,unknown,VM-77,Stage2-1-0,0,0,0,0,0,0,0,0
1784087440370,unknown,VM-78,Stage3-2-0,0,0,0,0,0,0,0,0
1784087440978,nx-q6-nexmark-auto-171129,Executor4,Stage1-3-0,0,0,0,0,0,0,0,0
1784087441352,unknown,VM-76,Stage2-2-0,0,0,0,0,0,0,0,0
1784087441354,unknown,VM-73,Stage1-0-0,0,0,0,0,0,0,0,0
1784087441361,unknown,VM-79,Stage3-3-0,0,0,0,0,0,0,0,0
1784087441363,unknown,VM-75,Stage1-3-0,0,0,0,0,0,0,0,0
1784087441368,unknown,VM-74,Stage1-2-0,0,0,0,0,0,0,0,0
1784087441370,unknown,VM-77,Stage2-1-0,0,0,0,0,0,0,0,0
1784087441370,unknown,VM-78,Stage3-2-0,0,0,0,0,0,0,0,0
1784087441978,nx-q6-nexmark-auto-171129,Executor4,Stage1-3-0,0,0,0,0,0,0,0,0
1784087442352,unknown,VM-76,Stage2-2-0,0,0,0,0,0,0,0,0
1784087442354,unknown,VM-73,Stage1-0-0,0,0,0,0,0,0,0,0
1784087442361,unknown,VM-79,Stage3-3-0,0,0,0,0,0,0,0,0
1784087442363,unknown,VM-75,Stage1-3-0,0,0,0,0,0,0,0,0
1784087442368,unknown,VM-74,Stage1-2-0,0,0,0,0,0,0,0,0
1784087442370,unknown,VM-77,Stage2-1-0,0,0,0,0,0,0,0,0
1784087442370,unknown,VM-78,Stage3-2-0,0,0,0,0,0,0,0,0
1784087442978,nx-q6-nexmark-auto-171129,Executor4,Stage1-3-0,0,0,0,0,0,0,0,0
1784087443352,unknown,VM-76,Stage2-2-0,0,0,0,0,0,0,0,0
1784087443354,unknown,VM-73,Stage1-0-0,0,0,0,0,0,0,0,0
1784087443361,unknown,VM-79,Stage3-3-0,0,0,0,0,0,0,0,0
1784087443363,unknown,VM-75,Stage1-3-0,0,0,0,0,0,0,0,0
1784087443368,unknown,VM-74,Stage1-2-0,0,0,0,0,0,0,0,0
1784087443370,unknown,VM-77,Stage2-1-0,0,0,0,0,0,0,0,0
1784087443370,unknown,VM-78,Stage3-2-0,0,0,0,0,0,0,0,0
1784087443978,nx-q6-nexmark-auto-171129,Executor4,Stage1-3-0,0,0,0,0,0,0,0,0
1784087444352,unknown,VM-76,Stage2-2-0,0,0,0,0,0,0,0,0
1784087444354,unknown,VM-73,Stage1-0-0,0,0,0,0,0,0,0,0
1784087444361,unknown,VM-79,Stage3-3-0,0,0,0,0,0,0,0,0
1784087444363,unknown,VM-75,Stage1-3-0,0,0,0,0,0,0,0,0
1784087444368,unknown,VM-74,Stage1-2-0,0,0,0,0,0,0,0,0
1784087444370,unknown,VM-77,Stage2-1-0,0,0,0,0,0,0,0,0
1784087444370,unknown,VM-78,Stage3-2-0,0,0,0,0,0,0,0,0
1784087444978,nx-q6-nexmark-auto-171129,Executor4,Stage1-3-0,0,0,0,0,0,0,0,0
1784087445352,unknown,VM-76,Stage2-2-0,0,0,0,0,0,0,0,0
1784087445354,unknown,VM-73,Stage1-0-0,0,0,0,0,0,0,0,0
1784087445361,unknown,VM-79,Stage3-3-0,0,0,0,0,0,0,0,0
1784087445363,unknown,VM-75,Stage1-3-0,0,0,0,0,0,0,0,0
1784087445368,unknown,VM-74,Stage1-2-0,0,0,0,0,0,0,0,0
1784087445370,unknown,VM-77,Stage2-1-0,0,0,0,0,0,0,0,0
1784087445370,unknown,VM-78,Stage3-2-0,0,0,0,0,0,0,0,0
1784087445978,nx-q6-nexmark-auto-171129,Executor4,Stage1-3-0,0,0,0,0,0,0,0,0
1784087446352,unknown,VM-76,Stage2-2-0,0,0,0,0,0,0,0,0
1784087446355,unknown,VM-73,Stage1-0-0,0,0,0,0,0,0,0,0
1784087446361,unknown,VM-79,Stage3-3-0,0,0,0,0,0,0,0,0
1784087446363,unknown,VM-75,Stage1-3-0,0,0,0,0,0,0,0,0
1784087446368,unknown,VM-74,Stage1-2-0,0,0,0,0,0,0,0,0
1784087446370,unknown,VM-77,Stage2-1-0,0,0,0,0,0,0,0,0
1784087446370,unknown,VM-78,Stage3-2-0,0,0,0,0,0,0,0,0
1784087446978,nx-q6-nexmark-auto-171129,Executor4,Stage1-3-0,0,0,0,0,0,0,0,0
1784087447352,unknown,VM-76,Stage2-2-0,0,0,0,0,0,0,0,0
1784087447354,unknown,VM-73,Stage1-0-0,0,0,0,0,0,0,0,0
1784087447361,unknown,VM-79,Stage3-3-0,0,0,0,0,0,0,0,0
1784087447363,unknown,VM-75,Stage1-3-0,0,0,0,0,0,0,0,0
1784087447368,unknown,VM-74,Stage1-2-0,0,0,0,0,0,0,0,0
1784087447370,unknown,VM-77,Stage2-1-0,0,0,0,0,0,0,0,0
1784087447370,unknown,VM-78,Stage3-2-0,0,0,0,0,0,0,0,0
1784087447978,nx-q6-nexmark-auto-171129,Executor4,Stage1-3-0,0,0,0,0,0,0,0,0
1784087448352,unknown,VM-76,Stage2-2-0,0,0,0,0,0,0,0,0
1784087448354,unknown,VM-73,Stage1-0-0,0,0,0,0,0,0,0,0
1784087448361,unknown,VM-79,Stage3-3-0,0,0,0,0,0,0,0,0
1784087448363,unknown,VM-75,Stage1-3-0,0,0,0,0,0,0,0,0
1784087448367,unknown,VM-74,Stage1-2-0,0,0,0,0,0,0,0,0
1784087448370,unknown,VM-77,Stage2-1-0,0,0,0,0,0,0,0,0
1784087448370,unknown,VM-78,Stage3-2-0,0,0,0,0,0,0,0,0
1784087448978,nx-q6-nexmark-auto-171129,Executor4,Stage1-3-0,0,0,0,0,0,0,0,0
1784087449352,unknown,VM-76,Stage2-2-0,0,0,0,0,0,0,0,0
1784087449354,unknown,VM-73,Stage1-0-0,0,0,0,0,0,0,0,0
1784087449361,unknown,VM-79,Stage3-3-0,0,0,0,0,0,0,0,0
1784087449363,unknown,VM-75,Stage1-3-0,0,0,0,0,0,0,0,0
1784087449367,unknown,VM-74,Stage1-2-0,0,0,0,0,0,0,0,0
1784087449370,unknown,VM-77,Stage2-1-0,0,0,0,0,0,0,0,0
1784087449370,unknown,VM-78,Stage3-2-0,0,0,0,0,0,0,0,0
1784087449978,nx-q6-nexmark-auto-171129,Executor4,Stage1-3-0,0,0,0,0,0,0,0,0
1784087450352,unknown,VM-76,Stage2-2-0,0,0,0,0,0,0,0,0
1784087450355,unknown,VM-73,Stage1-0-0,0,0,0,0,0,0,0,0
1784087450361,unknown,VM-79,Stage3-3-0,0,0,0,0,0,0,0,0
1784087450363,unknown,VM-75,Stage1-3-0,0,0,0,0,0,0,0,0
1784087450367,unknown,VM-74,Stage1-2-0,0,0,0,0,0,0,0,0
1784087450370,unknown,VM-77,Stage2-1-0,0,0,0,0,0,0,0,0
1784087450370,unknown,VM-78,Stage3-2-0,0,0,0,0,0,0,0,0
1784087450978,nx-q6-nexmark-auto-171129,Executor4,Stage1-3-0,0,0,0,0,0,0,0,0
1784087451352,unknown,VM-76,Stage2-2-0,0,0,0,0,0,0,0,0
1784087451354,unknown,VM-73,Stage1-0-0,0,0,0,0,0,0,0,0
1784087451361,unknown,VM-79,Stage3-3-0,0,0,0,0,0,0,0,0
1784087451363,unknown,VM-75,Stage1-3-0,0,0,0,0,0,0,0,0
1784087451367,unknown,VM-74,Stage1-2-0,0,0,0,0,0,0,0,0
1784087451370,unknown,VM-77,Stage2-1-0,0,0,0,0,0,0,0,0
1784087451370,unknown,VM-78,Stage3-2-0,0,0,0,0,0,0,0,0
1784087451978,nx-q6-nexmark-auto-171129,Executor4,Stage1-3-0,0,0,0,0,0,0,0,0
1784087452352,unknown,VM-76,Stage2-2-0,0,0,0,0,0,0,0,0
1784087452354,unknown,VM-73,Stage1-0-0,0,0,0,0,0,0,0,0
1784087452361,unknown,VM-79,Stage3-3-0,0,0,0,0,0,0,0,0
1784087452363,unknown,VM-75,Stage1-3-0,0,0,0,0,0,0,0,0
1784087452367,unknown,VM-74,Stage1-2-0,0,0,0,0,0,0,0,0
1784087452370,unknown,VM-77,Stage2-1-0,0,0,0,0,0,0,0,0
1784087452370,unknown,VM-78,Stage3-2-0,0,0,0,0,0,0,0,0
1784087452978,nx-q6-nexmark-auto-171129,Executor4,Stage1-3-0,0,0,0,0,0,0,0,0
1784087453352,unknown,VM-76,Stage2-2-0,0,0,0,0,0,0,0,0
1784087453354,unknown,VM-73,Stage1-0-0,0,0,0,0,0,0,0,0
1784087453361,unknown,VM-79,Stage3-3-0,0,0,0,0,0,0,0,0
1784087453363,unknown,VM-75,Stage1-3-0,0,0,0,0,0,0,0,0
1784087453367,unknown,VM-74,Stage1-2-0,0,0,0,0,0,0,0,0
1784087453370,unknown,VM-77,Stage2-1-0,0,0,0,0,0,0,0,0
1784087453370,unknown,VM-78,Stage3-2-0,0,0,0,0,0,0,0,0
1784087453978,nx-q6-nexmark-auto-171129,Executor4,Stage1-3-0,0,0,0,0,0,0,0,0
1784087454352,unknown,VM-76,Stage2-2-0,0,0,0,0,0,0,0,0
1784087454355,unknown,VM-73,Stage1-0-0,0,0,0,0,0,0,0,0
1784087454361,unknown,VM-79,Stage3-3-0,0,0,0,0,0,0,0,0
1784087454363,unknown,VM-75,Stage1-3-0,0,0,0,0,0,0,0,0
1784087454367,unknown,VM-74,Stage1-2-0,0,0,0,0,0,0,0,0
1784087454370,unknown,VM-77,Stage2-1-0,0,0,0,0,0,0,0,0
1784087454370,unknown,VM-78,Stage3-2-0,0,0,0,0,0,0,0,0
1784087454978,nx-q6-nexmark-auto-171129,Executor4,Stage1-3-0,0,0,0,0,0,0,0,0
1784087455352,unknown,VM-76,Stage2-2-0,0,0,0,0,0,0,0,0
1784087455354,unknown,VM-73,Stage1-0-0,0,0,0,0,0,0,0,0
1784087455361,unknown,VM-79,Stage3-3-0,0,0,0,0,0,0,0,0
1784087455363,unknown,VM-75,Stage1-3-0,0,0,0,0,0,0,0,0
1784087455367,unknown,VM-74,Stage1-2-0,0,0,0,0,0,0,0,0
1784087455370,unknown,VM-77,Stage2-1-0,0,0,0,0,0,0,0,0
1784087455370,unknown,VM-78,Stage3-2-0,0,0,0,0,0,0,0,0
1784087455978,nx-q6-nexmark-auto-171129,Executor4,Stage1-3-0,0,0,0,0,0,0,0,0
1784087456352,unknown,VM-76,Stage2-2-0,0,0,0,0,0,0,0,0
1784087456357,unknown,VM-73,Stage1-0-0,0,0,0,0,0,0,0,0
1784087456361,unknown,VM-79,Stage3-3-0,0,0,0,0,0,0,0,0
1784087456363,unknown,VM-75,Stage1-3-0,0,0,0,0,0,0,0,0
1784087456367,unknown,VM-74,Stage1-2-0,0,0,0,0,0,0,0,0
1784087456370,unknown,VM-77,Stage2-1-0,0,0,0,0,0,0,0,0
1784087456370,unknown,VM-78,Stage3-2-0,0,0,0,0,0,0,0,0
1784087456978,nx-q6-nexmark-auto-171129,Executor4,Stage1-3-0,0,0,0,0,0,0,0,0
1784087457352,unknown,VM-76,Stage2-2-0,0,0,0,0,0,0,0,0
1784087457354,unknown,VM-73,Stage1-0-0,0,0,0,0,0,0,0,0
1784087457361,unknown,VM-79,Stage3-3-0,0,0,0,0,0,0,0,0
1784087457363,unknown,VM-75,Stage1-3-0,0,0,0,0,0,0,0,0
1784087457368,unknown,VM-74,Stage1-2-0,0,0,0,0,0,0,0,0
1784087457370,unknown,VM-77,Stage2-1-0,0,0,0,0,0,0,0,0
1784087457370,unknown,VM-78,Stage3-2-0,0,0,0,0,0,0,0,0
1784087457978,nx-q6-nexmark-auto-171129,Executor4,Stage1-3-0,0,0,0,0,0,0,0,0
1784087458352,unknown,VM-76,Stage2-2-0,0,0,0,0,0,0,0,0
1784087458354,unknown,VM-73,Stage1-0-0,0,0,0,0,0,0,0,0
1784087458361,unknown,VM-79,Stage3-3-0,0,0,0,0,0,0,0,0
1784087458363,unknown,VM-75,Stage1-3-0,0,0,0,0,0,0,0,0
1784087458367,unknown,VM-74,Stage1-2-0,0,0,0,0,0,0,0,0
1784087458370,unknown,VM-77,Stage2-1-0,0,0,0,0,0,0,0,0
1784087458370,unknown,VM-78,Stage3-2-0,0,0,0,0,0,0,0,0
1784087458978,nx-q6-nexmark-auto-171129,Executor4,Stage1-3-0,0,0,0,0,0,0,0,0
1784087459352,unknown,VM-76,Stage2-2-0,0,0,0,0,0,0,0,0
1784087459355,unknown,VM-73,Stage1-0-0,0,0,0,0,0,0,0,0
1784087459361,unknown,VM-79,Stage3-3-0,0,0,0,0,0,0,0,0
1784087459363,unknown,VM-75,Stage1-3-0,0,0,0,0,0,0,0,0
1784087459368,unknown,VM-74,Stage1-2-0,0,0,0,0,0,0,0,0
1784087459370,unknown,VM-77,Stage2-1-0,0,0,0,0,0,0,0,0
1784087459370,unknown,VM-78,Stage3-2-0,0,0,0,0,0,0,0,0
1784087459978,nx-q6-nexmark-auto-171129,Executor4,Stage1-3-0,0,0,0,0,0,0,0,0
1784087460978,nx-q6-nexmark-auto-171129,Executor4,Stage1-3-0,0,0,0,0,0,0,0,0
1784087461978,nx-q6-nexmark-auto-171129,Executor4,Stage1-3-0,0,0,0,0,0,0,0,0
1784087462978,nx-q6-nexmark-auto-171129,Executor4,Stage1-3-0,0,0,0,0,0,0,0,0
1784087463978,nx-q6-nexmark-auto-171129,Executor4,Stage1-3-0,0,0,0,0,0,0,0,0
1784087464978,nx-q6-nexmark-auto-171129,Executor4,Stage1-3-0,0,0,0,0,0,0,0,0
1784087465978,nx-q6-nexmark-auto-171129,Executor4,Stage1-3-0,0,0,0,0,0,0,0,0
1784087466978,nx-q6-nexmark-auto-171129,Executor4,Stage1-3-0,0,0,0,0,0,0,0,0
1784087467978,nx-q6-nexmark-auto-171129,Executor4,Stage1-3-0,0,0,0,0,0,0,0,0
1784087468978,nx-q6-nexmark-auto-171129,Executor4,Stage1-3-0,0,0,0,0,0,0,0,0
1784087469978,nx-q6-nexmark-auto-171129,Executor4,Stage1-3-0,0,0,0,0,0,0,0,0
1784087470978,nx-q6-nexmark-auto-171129,Executor4,Stage1-3-0,0,0,0,0,0,0,0,0
1784087471978,nx-q6-nexmark-auto-171129,Executor4,Stage1-3-0,0,0,0,0,0,0,0,0
1784087472978,nx-q6-nexmark-auto-171129,Executor4,Stage1-3-0,0,0,0,0,0,0,0,0
1784087473978,nx-q6-nexmark-auto-171129,Executor4,Stage1-3-0,0,0,0,0,0,0,0,0
1784087474978,nx-q6-nexmark-auto-171129,Executor4,Stage1-3-0,0,0,0,0,0,0,0,0
1784087475978,nx-q6-nexmark-auto-171129,Executor4,Stage1-3-0,0,0,0,0,0,0,0,0
1784087476978,nx-q6-nexmark-auto-171129,Executor4,Stage1-3-0,0,0,0,0,0,0,0,0
1784087477978,nx-q6-nexmark-auto-171129,Executor4,Stage1-3-0,0,0,0,0,0,0,0,0
1784087478978,nx-q6-nexmark-auto-171129,Executor4,Stage1-3-0,0,0,0,0,0,0,0,0
1784087479978,nx-q6-nexmark-auto-171129,Executor4,Stage1-3-0,0,0,0,0,0,0,0,0
1784087480978,nx-q6-nexmark-auto-171129,Executor4,Stage1-3-0,0,0,0,0,0,0,0,0
1784087481978,nx-q6-nexmark-auto-171129,Executor4,Stage1-3-0,0,0,0,0,0,0,0,0
1784087482978,nx-q6-nexmark-auto-171129,Executor4,Stage1-3-0,0,0,0,0,0,0,0,0
1784087483978,nx-q6-nexmark-auto-171129,Executor4,Stage1-3-0,0,0,0,0,0,0,0,0
1784087484978,nx-q6-nexmark-auto-171129,Executor4,Stage1-3-0,0,0,0,0,0,0,0,0
1784087485978,nx-q6-nexmark-auto-171129,Executor4,Stage1-3-0,0,0,0,0,0,0,0,0
1784087486978,nx-q6-nexmark-auto-171129,Executor4,Stage1-3-0,0,0,0,0,0,0,0,0
1784087487978,nx-q6-nexmark-auto-171129,Executor4,Stage1-3-0,0,0,0,0,0,0,0,0
1784087488978,nx-q6-nexmark-auto-171129,Executor4,Stage1-3-0,0,0,0,0,0,0,0,0
1784087489978,nx-q6-nexmark-auto-171129,Executor4,Stage1-3-0,0,0,0,0,0,0,0,0
1784087490978,nx-q6-nexmark-auto-171129,Executor4,Stage1-3-0,0,0,0,0,0,0,0,0
1784087491978,nx-q6-nexmark-auto-171129,Executor4,Stage1-3-0,0,0,0,0,0,0,0,0
1784087492978,nx-q6-nexmark-auto-171129,Executor4,Stage1-3-0,0,0,0,0,0,0,0,0
1784087493978,nx-q6-nexmark-auto-171129,Executor4,Stage1-3-0,0,0,0,0,0,0,0,0
1784087494978,nx-q6-nexmark-auto-171129,Executor4,Stage1-3-0,0,0,0,0,0,0,0,0
1784087495978,nx-q6-nexmark-auto-171129,Executor4,Stage1-3-0,0,0,0,0,0,0,0,0
1784087496978,nx-q6-nexmark-auto-171129,Executor4,Stage1-3-0,0,0,0,0,0,0,0,0
1784087497978,nx-q6-nexmark-auto-171129,Executor4,Stage1-3-0,0,0,0,0,0,0,0,0
1784087498978,nx-q6-nexmark-auto-171129,Executor4,Stage1-3-0,0,0,0,0,0,0,0,0
1784087499978,nx-q6-nexmark-auto-171129,Executor4,Stage1-3-0,0,0,0,0,0,0,0,0
1784087500978,nx-q6-nexmark-auto-171129,Executor4,Stage1-3-0,0,0,0,0,0,0,0,0
1784087501978,nx-q6-nexmark-auto-171129,Executor4,Stage1-3-0,0,0,0,0,0,0,0,0
1784087502978,nx-q6-nexmark-auto-171129,Executor4,Stage1-3-0,0,0,0,0,0,0,0,0
1784087503978,nx-q6-nexmark-auto-171129,Executor4,Stage1-3-0,0,0,0,0,0,0,0,0
1784087504978,nx-q6-nexmark-auto-171129,Executor4,Stage1-3-0,0,0,0,0,0,0,0,0
1784087505978,nx-q6-nexmark-auto-171129,Executor4,Stage1-3-0,0,0,0,0,0,0,0,0
1784087506978,nx-q6-nexmark-auto-171129,Executor4,Stage1-3-0,0,0,0,0,0,0,0,0
1784087507978,nx-q6-nexmark-auto-171129,Executor4,Stage1-3-0,0,0,0,0,0,0,0,0
1784087508978,nx-q6-nexmark-auto-171129,Executor4,Stage1-3-0,0,0,0,0,0,0,0,0
1784087509978,nx-q6-nexmark-auto-171129,Executor4,Stage1-3-0,0,0,0,0,0,0,0,0
1784087510978,nx-q6-nexmark-auto-171129,Executor4,Stage1-3-0,0,0,0,0,0,0,0,0
1784087511978,nx-q6-nexmark-auto-171129,Executor4,Stage1-3-0,0,0,0,0,0,0,0,0
1784087512978,nx-q6-nexmark-auto-171129,Executor4,Stage1-3-0,0,0,0,0,0,0,0,0
1784087513978,nx-q6-nexmark-auto-171129,Executor4,Stage1-3-0,0,0,0,0,0,0,0,0
1784087514978,nx-q6-nexmark-auto-171129,Executor4,Stage1-3-0,0,0,0,0,0,0,0,0
1784087515978,nx-q6-nexmark-auto-171129,Executor4,Stage1-3-0,0,0,0,0,0,0,0,0
1784087516978,nx-q6-nexmark-auto-171129,Executor4,Stage1-3-0,0,0,0,0,0,0,0,0
1784087517978,nx-q6-nexmark-auto-171129,Executor4,Stage1-3-0,0,0,0,0,0,0,0,0
1784087518978,nx-q6-nexmark-auto-171129,Executor4,Stage1-3-0,0,0,0,0,0,0,0,0
1784087519978,nx-q6-nexmark-auto-171129,Executor4,Stage1-3-0,0,0,0,0,0,0,0,0
1784087520978,nx-q6-nexmark-auto-171129,Executor4,Stage1-3-0,0,0,0,0,0,0,0,0
1784087521978,nx-q6-nexmark-auto-171129,Executor4,Stage1-3-0,0,0,0,0,0,0,0,0
1784087522978,nx-q6-nexmark-auto-171129,Executor4,Stage1-3-0,0,0,0,0,0,0,0,0
1784087523978,nx-q6-nexmark-auto-171129,Executor4,Stage1-3-0,0,0,0,0,0,0,0,0
1784087524978,nx-q6-nexmark-auto-171129,Executor4,Stage1-3-0,0,0,0,0,0,0,0,0
1784087525978,nx-q6-nexmark-auto-171129,Executor4,Stage1-3-0,0,0,0,0,0,0,0,0
1784087526978,nx-q6-nexmark-auto-171129,Executor4,Stage1-3-0,0,0,0,0,0,0,0,0
1784087527978,nx-q6-nexmark-auto-171129,Executor4,Stage1-3-0,0,0,0,0,0,0,0,0
1784087528978,nx-q6-nexmark-auto-171129,Executor4,Stage1-3-0,0,0,0,0,0,0,0,0
1784087529978,nx-q6-nexmark-auto-171129,Executor4,Stage1-3-0,0,0,0,0,0,0,0,0
1784087530978,nx-q6-nexmark-auto-171129,Executor4,Stage1-3-0,0,0,0,0,0,0,0,0
1784087531978,nx-q6-nexmark-auto-171129,Executor4,Stage1-3-0,0,0,0,0,0,0,0,0
1784087532978,nx-q6-nexmark-auto-171129,Executor4,Stage1-3-0,0,0,0,0,0,0,0,0
1784087533978,nx-q6-nexmark-auto-171129,Executor4,Stage1-3-0,0,0,0,0,0,0,0,0
1784087534978,nx-q6-nexmark-auto-171129,Executor4,Stage1-3-0,0,0,0,0,0,0,0,0
1784087535978,nx-q6-nexmark-auto-171129,Executor4,Stage1-3-0,0,0,0,0,0,0,0,0
1784087536978,nx-q6-nexmark-auto-171129,Executor4,Stage1-3-0,0,0,0,0,0,0,0,0
1784087537978,nx-q6-nexmark-auto-171129,Executor4,Stage1-3-0,0,0,0,0,0,0,0,0
1784087538978,nx-q6-nexmark-auto-171129,Executor4,Stage1-3-0,0,0,0,0,0,0,0,0
1784087539978,nx-q6-nexmark-auto-171129,Executor4,Stage1-3-0,0,0,0,0,0,0,0,0
1784087540978,nx-q6-nexmark-auto-171129,Executor4,Stage1-3-0,0,0,0,0,0,0,0,0
1784087541978,nx-q6-nexmark-auto-171129,Executor4,Stage1-3-0,0,0,0,0,0,0,0,0
1784087542978,nx-q6-nexmark-auto-171129,Executor4,Stage1-3-0,0,0,0,0,0,0,0,0
1784087543978,nx-q6-nexmark-auto-171129,Executor4,Stage1-3-0,0,0,0,0,0,0,0,0
1784087544978,nx-q6-nexmark-auto-171129,Executor4,Stage1-3-0,0,0,0,0,0,0,0,0
1784087545978,nx-q6-nexmark-auto-171129,Executor4,Stage1-3-0,0,0,0,0,0,0,0,0
1784087546978,nx-q6-nexmark-auto-171129,Executor4,Stage1-3-0,0,0,0,0,0,0,0,0
1784087547978,nx-q6-nexmark-auto-171129,Executor4,Stage1-3-0,0,0,0,0,0,0,0,0
1784087548978,nx-q6-nexmark-auto-171129,Executor4,Stage1-3-0,0,0,0,0,0,0,0,0
1784087549978,nx-q6-nexmark-auto-171129,Executor4,Stage1-3-0,0,0,0,0,0,0,0,0
1784087550978,nx-q6-nexmark-auto-171129,Executor4,Stage1-3-0,0,0,0,0,0,0,0,0
1784087551978,nx-q6-nexmark-auto-171129,Executor4,Stage1-3-0,0,0,0,0,0,0,0,0
1784087552978,nx-q6-nexmark-auto-171129,Executor4,Stage1-3-0,0,0,0,0,0,0,0,0
1784087553978,nx-q6-nexmark-auto-171129,Executor4,Stage1-3-0,0,0,0,0,0,0,0,0
1784087554978,nx-q6-nexmark-auto-171129,Executor4,Stage1-3-0,0,0,0,0,0,0,0,0
1784087555978,nx-q6-nexmark-auto-171129,Executor4,Stage1-3-0,0,0,0,0,0,0,0,0
1784087556978,nx-q6-nexmark-auto-171129,Executor4,Stage1-3-0,0,0,0,0,0,0,0,0
1784087557978,nx-q6-nexmark-auto-171129,Executor4,Stage1-3-0,0,0,0,0,0,0,0,0
1784087558978,nx-q6-nexmark-auto-171129,Executor4,Stage1-3-0,0,0,0,0,0,0,0,0
1784087559978,nx-q6-nexmark-auto-171129,Executor4,Stage1-3-0,0,0,0,0,0,0,0,0
1784087560978,nx-q6-nexmark-auto-171129,Executor4,Stage1-3-0,0,0,0,0,0,0,0,0
1784087561978,nx-q6-nexmark-auto-171129,Executor4,Stage1-3-0,0,0,0,0,0,0,0,0
1784087562978,nx-q6-nexmark-auto-171129,Executor4,Stage1-3-0,0,0,0,0,0,0,0,0
1784087563978,nx-q6-nexmark-auto-171129,Executor4,Stage1-3-0,0,0,0,0,0,0,0,0
1784087564978,nx-q6-nexmark-auto-171129,Executor4,Stage1-3-0,0,0,0,0,0,0,0,0
1784087565978,nx-q6-nexmark-auto-171129,Executor4,Stage1-3-0,0,0,0,0,0,0,0,0
1784087566978,nx-q6-nexmark-auto-171129,Executor4,Stage1-3-0,0,0,0,0,0,0,0,0
1784087567978,nx-q6-nexmark-auto-171129,Executor4,Stage1-3-0,0,0,0,0,0,0,0,0
1784087568978,nx-q6-nexmark-auto-171129,Executor4,Stage1-3-0,0,0,0,0,0,0,0,0
1784087569978,nx-q6-nexmark-auto-171129,Executor4,Stage1-3-0,0,0,0,0,0,0,0,0
1784087570978,nx-q6-nexmark-auto-171129,Executor4,Stage1-3-0,0,0,0,0,0,0,0,0
1784087571978,nx-q6-nexmark-auto-171129,Executor4,Stage1-3-0,0,0,0,0,0,0,0,0
1784087572978,nx-q6-nexmark-auto-171129,Executor4,Stage1-3-0,0,0,0,0,0,0,0,0
1784087573978,nx-q6-nexmark-auto-171129,Executor4,Stage1-3-0,0,0,0,0,0,0,0,0
1784087574978,nx-q6-nexmark-auto-171129,Executor4,Stage1-3-0,0,0,0,0,0,0,0,0
1784087575978,nx-q6-nexmark-auto-171129,Executor4,Stage1-3-0,0,0,0,0,0,0,0,0
1784087576978,nx-q6-nexmark-auto-171129,Executor4,Stage1-3-0,0,0,0,0,0,0,0,0
1784087577978,nx-q6-nexmark-auto-171129,Executor4,Stage1-3-0,0,0,0,0,0,0,0,0
1784087578978,nx-q6-nexmark-auto-171129,Executor4,Stage1-3-0,0,0,0,0,0,0,0,0
1784087579978,nx-q6-nexmark-auto-171129,Executor4,Stage1-3-0,0,0,0,0,0,0,0,0
1784087580978,nx-q6-nexmark-auto-171129,Executor4,Stage1-3-0,0,0,0,0,0,0,0,0
1784087581978,nx-q6-nexmark-auto-171129,Executor4,Stage1-3-0,0,0,0,0,0,0,0,0
1784087582978,nx-q6-nexmark-auto-171129,Executor4,Stage1-3-0,0,0,0,0,0,0,0,0
1784087583978,nx-q6-nexmark-auto-171129,Executor4,Stage1-3-0,0,0,0,0,0,0,0,0
1784087584978,nx-q6-nexmark-auto-171129,Executor4,Stage1-3-0,0,0,0,0,0,0,0,0
1784087585978,nx-q6-nexmark-auto-171129,Executor4,Stage1-3-0,0,0,0,0,0,0,0,0
1784087586978,nx-q6-nexmark-auto-171129,Executor4,Stage1-3-0,0,0,0,0,0,0,0,0
1784087587978,nx-q6-nexmark-auto-171129,Executor4,Stage1-3-0,0,0,0,0,0,0,0,0
1784087588978,nx-q6-nexmark-auto-171129,Executor4,Stage1-3-0,0,0,0,0,0,0,0,0
1784087589978,nx-q6-nexmark-auto-171129,Executor4,Stage1-3-0,0,0,0,0,0,0,0,0
1784087590978,nx-q6-nexmark-auto-171129,Executor4,Stage1-3-0,0,0,0,0,0,0,0,0
1784087591978,nx-q6-nexmark-auto-171129,Executor4,Stage1-3-0,0,0,0,0,0,0,0,0
1784087592978,nx-q6-nexmark-auto-171129,Executor4,Stage1-3-0,0,0,0,0,0,0,0,0
1784087593978,nx-q6-nexmark-auto-171129,Executor4,Stage1-3-0,0,0,0,0,0,0,0,0
1784087594978,nx-q6-nexmark-auto-171129,Executor4,Stage1-3-0,0,0,0,0,0,0,0,0
1784087595978,nx-q6-nexmark-auto-171129,Executor4,Stage1-3-0,0,0,0,0,0,0,0,0
1784087596978,nx-q6-nexmark-auto-171129,Executor4,Stage1-3-0,0,0,0,0,0,0,0,0
1784087597978,nx-q6-nexmark-auto-171129,Executor4,Stage1-3-0,0,0,0,0,0,0,0,0
1784087598978,nx-q6-nexmark-auto-171129,Executor4,Stage1-3-0,0,0,0,0,0,0,0,0
1784087599978,nx-q6-nexmark-auto-171129,Executor4,Stage1-3-0,0,0,0,0,0,0,0,0
1784087600978,nx-q6-nexmark-auto-171129,Executor4,Stage1-3-0,0,0,0,0,0,0,0,0
1784087601978,nx-q6-nexmark-auto-171129,Executor4,Stage1-3-0,0,0,0,0,0,0,0,0
1784087602978,nx-q6-nexmark-auto-171129,Executor4,Stage1-3-0,0,0,0,0,0,0,0,0
1784087603978,nx-q6-nexmark-auto-171129,Executor4,Stage1-3-0,0,0,0,0,0,0,0,0
1784087604978,nx-q6-nexmark-auto-171129,Executor4,Stage1-3-0,0,0,0,0,0,0,0,0
1784087605978,nx-q6-nexmark-auto-171129,Executor4,Stage1-3-0,0,0,0,0,0,0,0,0
1784087606978,nx-q6-nexmark-auto-171129,Executor4,Stage1-3-0,0,0,0,0,0,0,0,0
1784087607978,nx-q6-nexmark-auto-171129,Executor4,Stage1-3-0,0,0,0,0,0,0,0,0
1784087608978,nx-q6-nexmark-auto-171129,Executor4,Stage1-3-0,0,0,0,0,0,0,0,0
1784087609978,nx-q6-nexmark-auto-171129,Executor4,Stage1-3-0,0,0,0,0,0,0,0,0
1784087610978,nx-q6-nexmark-auto-171129,Executor4,Stage1-3-0,0,0,0,0,0,0,0,0
1784087611978,nx-q6-nexmark-auto-171129,Executor4,Stage1-3-0,0,0,0,0,0,0,0,0
1784087612978,nx-q6-nexmark-auto-171129,Executor4,Stage1-3-0,0,0,0,0,0,0,0,0
1784087613978,nx-q6-nexmark-auto-171129,Executor4,Stage1-3-0,0,0,0,0,0,0,0,0
1784087614978,nx-q6-nexmark-auto-171129,Executor4,Stage1-3-0,0,0,0,0,0,0,0,0
1784087615978,nx-q6-nexmark-auto-171129,Executor4,Stage1-3-0,0,0,0,0,0,0,0,0
1784087616978,nx-q6-nexmark-auto-171129,Executor4,Stage1-3-0,0,0,0,0,0,0,0,0
1784087617978,nx-q6-nexmark-auto-171129,Executor4,Stage1-3-0,0,0,0,0,0,0,0,0
1784087618978,nx-q6-nexmark-auto-171129,Executor4,Stage1-3-0,0,0,0,0,0,0,0,0
1784087619978,nx-q6-nexmark-auto-171129,Executor4,Stage1-3-0,0,0,0,0,0,0,0,0
1784087620979,nx-q6-nexmark-auto-171129,Executor4,Stage1-3-0,0,0,0,0,0,0,0,0
1784087621978,nx-q6-nexmark-auto-171129,Executor4,Stage1-3-0,0,0,0,0,0,0,0,0
1784087622978,nx-q6-nexmark-auto-171129,Executor4,Stage1-3-0,0,0,0,0,0,0,0,0
1784087623978,nx-q6-nexmark-auto-171129,Executor4,Stage1-3-0,0,0,0,0,0,0,0,0
1784087624978,nx-q6-nexmark-auto-171129,Executor4,Stage1-3-0,0,0,0,0,0,0,0,0
1784087625978,nx-q6-nexmark-auto-171129,Executor4,Stage1-3-0,0,0,0,0,0,0,0,0
1784087626978,nx-q6-nexmark-auto-171129,Executor4,Stage1-3-0,0,0,0,0,0,0,0,0
1784087627978,nx-q6-nexmark-auto-171129,Executor4,Stage1-3-0,0,0,0,0,0,0,0,0
1784087628978,nx-q6-nexmark-auto-171129,Executor4,Stage1-3-0,0,0,0,0,0,0,0,0
1784087629978,nx-q6-nexmark-auto-171129,Executor4,Stage1-3-0,0,0,0,0,0,0,0,0
1784087630978,nx-q6-nexmark-auto-171129,Executor4,Stage1-3-0,0,0,0,0,0,0,0,0
1784087631978,nx-q6-nexmark-auto-171129,Executor4,Stage1-3-0,0,0,0,0,0,0,0,0
1784087632978,nx-q6-nexmark-auto-171129,Executor4,Stage1-3-0,0,0,0,0,0,0,0,0
1784087633978,nx-q6-nexmark-auto-171129,Executor4,Stage1-3-0,0,0,0,0,0,0,0,0
1784087634978,nx-q6-nexmark-auto-171129,Executor4,Stage1-3-0,0,0,0,0,0,0,0,0
1784087635978,nx-q6-nexmark-auto-171129,Executor4,Stage1-3-0,0,0,0,0,0,0,0,0
1784087636978,nx-q6-nexmark-auto-171129,Executor4,Stage1-3-0,0,0,0,0,0,0,0,0
1784087637978,nx-q6-nexmark-auto-171129,Executor4,Stage1-3-0,0,0,0,0,0,0,0,0
1784087638978,nx-q6-nexmark-auto-171129,Executor4,Stage1-3-0,0,0,0,0,0,0,0,0
1784087639978,nx-q6-nexmark-auto-171129,Executor4,Stage1-3-0,0,0,0,0,0,0,0,0
1784087640978,nx-q6-nexmark-auto-171129,Executor4,Stage1-3-0,0,0,0,0,0,0,0,0
1784087641978,nx-q6-nexmark-auto-171129,Executor4,Stage1-3-0,0,0,0,0,0,0,0,0
1784087642978,nx-q6-nexmark-auto-171129,Executor4,Stage1-3-0,0,0,0,0,0,0,0,0
1784087643978,nx-q6-nexmark-auto-171129,Executor4,Stage1-3-0,0,0,0,0,0,0,0,0
1784087644978,nx-q6-nexmark-auto-171129,Executor4,Stage1-3-0,0,0,0,0,0,0,0,0
1784087645978,nx-q6-nexmark-auto-171129,Executor4,Stage1-3-0,0,0,0,0,0,0,0,0
1784087646978,nx-q6-nexmark-auto-171129,Executor4,Stage1-3-0,0,0,0,0,0,0,0,0
1784087647978,nx-q6-nexmark-auto-171129,Executor4,Stage1-3-0,0,0,0,0,0,0,0,0
1784087648978,nx-q6-nexmark-auto-171129,Executor4,Stage1-3-0,0,0,0,0,0,0,0,0
1784087649978,nx-q6-nexmark-auto-171129,Executor4,Stage1-3-0,0,0,0,0,0,0,0,0
1784087650978,nx-q6-nexmark-auto-171129,Executor4,Stage1-3-0,0,0,0,0,0,0,0,0
1784087651978,nx-q6-nexmark-auto-171129,Executor4,Stage1-3-0,0,0,0,0,0,0,0,0
1784087652978,nx-q6-nexmark-auto-171129,Executor4,Stage1-3-0,0,0,0,0,0,0,0,0
1784087653978,nx-q6-nexmark-auto-171129,Executor4,Stage1-3-0,0,0,0,0,0,0,0,0
1784087654978,nx-q6-nexmark-auto-171129,Executor4,Stage1-3-0,0,0,0,0,0,0,0,0
1784087655978,nx-q6-nexmark-auto-171129,Executor4,Stage1-3-0,0,0,0,0,0,0,0,0
1784087656978,nx-q6-nexmark-auto-171129,Executor4,Stage1-3-0,0,0,0,0,0,0,0,0
1784087657978,nx-q6-nexmark-auto-171129,Executor4,Stage1-3-0,0,0,0,0,0,0,0,0
1784087658978,nx-q6-nexmark-auto-171129,Executor4,Stage1-3-0,0,0,0,0,0,0,0,0
1784087659978,nx-q6-nexmark-auto-171129,Executor4,Stage1-3-0,0,0,0,0,0,0,0,0
1784087660978,nx-q6-nexmark-auto-171129,Executor4,Stage1-3-0,0,0,0,0,0,0,0,0
1784087661978,nx-q6-nexmark-auto-171129,Executor4,Stage1-3-0,0,0,0,0,0,0,0,0
1784087662978,nx-q6-nexmark-auto-171129,Executor4,Stage1-3-0,0,0,0,0,0,0,0,0
1784087663978,nx-q6-nexmark-auto-171129,Executor4,Stage1-3-0,0,0,0,0,0,0,0,0
1784087664978,nx-q6-nexmark-auto-171129,Executor4,Stage1-3-0,0,0,0,0,0,0,0,0
1784087665978,nx-q6-nexmark-auto-171129,Executor4,Stage1-3-0,0,0,0,0,0,0,0,0
1784087666978,nx-q6-nexmark-auto-171129,Executor4,Stage1-3-0,0,0,0,0,0,0,0,0
1784087667978,nx-q6-nexmark-auto-171129,Executor4,Stage1-3-0,0,0,0,0,0,0,0,0
1784087668978,nx-q6-nexmark-auto-171129,Executor4,Stage1-3-0,0,0,0,0,0,0,0,0
1784087669978,nx-q6-nexmark-auto-171129,Executor4,Stage1-3-0,0,0,0,0,0,0,0,0
1784087670978,nx-q6-nexmark-auto-171129,Executor4,Stage1-3-0,0,0,0,0,0,0,0,0
1784087671978,nx-q6-nexmark-auto-171129,Executor4,Stage1-3-0,0,0,0,0,0,0,0,0
1784087672978,nx-q6-nexmark-auto-171129,Executor4,Stage1-3-0,0,0,0,0,0,0,0,0
1784087673978,nx-q6-nexmark-auto-171129,Executor4,Stage1-3-0,0,0,0,0,0,0,0,0
1784087674978,nx-q6-nexmark-auto-171129,Executor4,Stage1-3-0,0,0,0,0,0,0,0,0
1784087675978,nx-q6-nexmark-auto-171129,Executor4,Stage1-3-0,0,0,0,0,0,0,0,0
1784087676978,nx-q6-nexmark-auto-171129,Executor4,Stage1-3-0,0,0,0,0,0,0,0,0
1784087677978,nx-q6-nexmark-auto-171129,Executor4,Stage1-3-0,0,0,0,0,0,0,0,0
1784087678978,nx-q6-nexmark-auto-171129,Executor4,Stage1-3-0,0,0,0,0,0,0,0,0
1784087679978,nx-q6-nexmark-auto-171129,Executor4,Stage1-3-0,0,0,0,0,0,0,0,0
1784087680978,nx-q6-nexmark-auto-171129,Executor4,Stage1-3-0,0,0,0,0,0,0,0,0
1784087681978,nx-q6-nexmark-auto-171129,Executor4,Stage1-3-0,0,0,0,0,0,0,0,0
1784087682978,nx-q6-nexmark-auto-171129,Executor4,Stage1-3-0,0,0,0,0,0,0,0,0
1784087683978,nx-q6-nexmark-auto-171129,Executor4,Stage1-3-0,0,0,0,0,0,0,0,0
1784087684978,nx-q6-nexmark-auto-171129,Executor4,Stage1-3-0,0,0,0,0,0,0,0,0
1784087685978,nx-q6-nexmark-auto-171129,Executor4,Stage1-3-0,0,0,0,0,0,0,0,0
1784087686978,nx-q6-nexmark-auto-171129,Executor4,Stage1-3-0,0,0,0,0,0,0,0,0
1784087687978,nx-q6-nexmark-auto-171129,Executor4,Stage1-3-0,0,0,0,0,0,0,0,0
1784087688978,nx-q6-nexmark-auto-171129,Executor4,Stage1-3-0,0,0,0,0,0,0,0,0
1784087689978,nx-q6-nexmark-auto-171129,Executor4,Stage1-3-0,0,0,0,0,0,0,0,0
1784087690978,nx-q6-nexmark-auto-171129,Executor4,Stage1-3-0,0,0,0,0,0,0,0,0
1784087691978,nx-q6-nexmark-auto-171129,Executor4,Stage1-3-0,0,0,0,0,0,0,0,0
1784087692978,nx-q6-nexmark-auto-171129,Executor4,Stage1-3-0,0,0,0,0,0,0,0,0
1784087693978,nx-q6-nexmark-auto-171129,Executor4,Stage1-3-0,0,0,0,0,0,0,0,0
1784087694978,nx-q6-nexmark-auto-171129,Executor4,Stage1-3-0,0,0,0,0,0,0,0,0
1784087695978,nx-q6-nexmark-auto-171129,Executor4,Stage1-3-0,0,0,0,0,0,0,0,0
1784087696978,nx-q6-nexmark-auto-171129,Executor4,Stage1-3-0,0,0,0,0,0,0,0,0
1784087697978,nx-q6-nexmark-auto-171129,Executor4,Stage1-3-0,0,0,0,0,0,0,0,0
1784087698978,nx-q6-nexmark-auto-171129,Executor4,Stage1-3-0,0,0,0,0,0,0,0,0
1784087699978,nx-q6-nexmark-auto-171129,Executor4,Stage1-3-0,0,0,0,0,0,0,0,0
1784087700978,nx-q6-nexmark-auto-171129,Executor4,Stage1-3-0,0,0,0,0,0,0,0,0
1784087701978,nx-q6-nexmark-auto-171129,Executor4,Stage1-3-0,0,0,0,0,0,0,0,0
1784087702978,nx-q6-nexmark-auto-171129,Executor4,Stage1-3-0,0,0,0,0,0,0,0,0
1784087703978,nx-q6-nexmark-auto-171129,Executor4,Stage1-3-0,0,0,0,0,0,0,0,0
1784087704978,nx-q6-nexmark-auto-171129,Executor4,Stage1-3-0,0,0,0,0,0,0,0,0
1784087705978,nx-q6-nexmark-auto-171129,Executor4,Stage1-3-0,0,0,0,0,0,0,0,0
1784087706978,nx-q6-nexmark-auto-171129,Executor4,Stage1-3-0,0,0,0,0,0,0,0,0
1784087707978,nx-q6-nexmark-auto-171129,Executor4,Stage1-3-0,0,0,0,0,0,0,0,0
1784087708978,nx-q6-nexmark-auto-171129,Executor4,Stage1-3-0,0,0,0,0,0,0,0,0
1784087709978,nx-q6-nexmark-auto-171129,Executor4,Stage1-3-0,0,0,0,0,0,0,0,0
1784087710978,nx-q6-nexmark-auto-171129,Executor4,Stage1-3-0,0,0,0,0,0,0,0,0
1784087711978,nx-q6-nexmark-auto-171129,Executor4,Stage1-3-0,0,0,0,0,0,0,0,0
1784087712978,nx-q6-nexmark-auto-171129,Executor4,Stage1-3-0,0,0,0,0,0,0,0,0
1784087713978,nx-q6-nexmark-auto-171129,Executor4,Stage1-3-0,0,0,0,0,0,0,0,0
1784087714978,nx-q6-nexmark-auto-171129,Executor4,Stage1-3-0,0,0,0,0,0,0,0,0
1784087715978,nx-q6-nexmark-auto-171129,Executor4,Stage1-3-0,0,0,0,0,0,0,0,0
1784087716978,nx-q6-nexmark-auto-171129,Executor4,Stage1-3-0,0,0,0,0,0,0,0,0
1784087717978,nx-q6-nexmark-auto-171129,Executor4,Stage1-3-0,0,0,0,0,0,0,0,0
1784087718978,nx-q6-nexmark-auto-171129,Executor4,Stage1-3-0,0,0,0,0,0,0,0,0
1784087719978,nx-q6-nexmark-auto-171129,Executor4,Stage1-3-0,0,0,0,0,0,0,0,0
1784087720978,nx-q6-nexmark-auto-171129,Executor4,Stage1-3-0,0,0,0,0,0,0,0,0
1784087721978,nx-q6-nexmark-auto-171129,Executor4,Stage1-3-0,0,0,0,0,0,0,0,0
1784087722978,nx-q6-nexmark-auto-171129,Executor4,Stage1-3-0,0,0,0,0,0,0,0,0
1784087723978,nx-q6-nexmark-auto-171129,Executor4,Stage1-3-0,0,0,0,0,0,0,0,0
1784087724978,nx-q6-nexmark-auto-171129,Executor4,Stage1-3-0,0,0,0,0,0,0,0,0
1784087725978,nx-q6-nexmark-auto-171129,Executor4,Stage1-3-0,0,0,0,0,0,0,0,0
1784087726978,nx-q6-nexmark-auto-171129,Executor4,Stage1-3-0,0,0,0,0,0,0,0,0
1784087727978,nx-q6-nexmark-auto-171129,Executor4,Stage1-3-0,0,0,0,0,0,0,0,0
1784087728978,nx-q6-nexmark-auto-171129,Executor4,Stage1-3-0,0,0,0,0,0,0,0,0
1784087729978,nx-q6-nexmark-auto-171129,Executor4,Stage1-3-0,0,0,0,0,0,0,0,0
1784087730978,nx-q6-nexmark-auto-171129,Executor4,Stage1-3-0,0,0,0,0,0,0,0,0
1784087731978,nx-q6-nexmark-auto-171129,Executor4,Stage1-3-0,0,0,0,0,0,0,0,0
1784087732978,nx-q6-nexmark-auto-171129,Executor4,Stage1-3-0,0,0,0,0,0,0,0,0
1784087733978,nx-q6-nexmark-auto-171129,Executor4,Stage1-3-0,0,0,0,0,0,0,0,0
1784087734978,nx-q6-nexmark-auto-171129,Executor4,Stage1-3-0,0,0,0,0,0,0,0,0
1784087735978,nx-q6-nexmark-auto-171129,Executor4,Stage1-3-0,0,0,0,0,0,0,0,0
1784087736978,nx-q6-nexmark-auto-171129,Executor4,Stage1-3-0,0,0,0,0,0,0,0,0
1784087737978,nx-q6-nexmark-auto-171129,Executor4,Stage1-3-0,0,0,0,0,0,0,0,0
1784087738978,nx-q6-nexmark-auto-171129,Executor4,Stage1-3-0,0,0,0,0,0,0,0,0
1784087739978,nx-q6-nexmark-auto-171129,Executor4,Stage1-3-0,0,0,0,0,0,0,0,0
1784087740978,nx-q6-nexmark-auto-171129,Executor4,Stage1-3-0,0,0,0,0,0,0,0,0
1784087741978,nx-q6-nexmark-auto-171129,Executor4,Stage1-3-0,0,0,0,0,0,0,0,0
1784087742978,nx-q6-nexmark-auto-171129,Executor4,Stage1-3-0,0,0,0,0,0,0,0,0
1784087743978,nx-q6-nexmark-auto-171129,Executor4,Stage1-3-0,0,0,0,0,0,0,0,0
1784087744978,nx-q6-nexmark-auto-171129,Executor4,Stage1-3-0,0,0,0,0,0,0,0,0
1784087745978,nx-q6-nexmark-auto-171129,Executor4,Stage1-3-0,0,0,0,0,0,0,0,0
1784087746978,nx-q6-nexmark-auto-171129,Executor4,Stage1-3-0,0,0,0,0,0,0,0,0
1784087747978,nx-q6-nexmark-auto-171129,Executor4,Stage1-3-0,0,0,0,0,0,0,0,0
1784087748978,nx-q6-nexmark-auto-171129,Executor4,Stage1-3-0,0,0,0,0,0,0,0,0
1784087749978,nx-q6-nexmark-auto-171129,Executor4,Stage1-3-0,0,0,0,0,0,0,0,0
1784087750978,nx-q6-nexmark-auto-171129,Executor4,Stage1-3-0,0,0,0,0,0,0,0,0
1784087751978,nx-q6-nexmark-auto-171129,Executor4,Stage1-3-0,0,0,0,0,0,0,0,0
1784087752978,nx-q6-nexmark-auto-171129,Executor4,Stage1-3-0,0,0,0,0,0,0,0,0
1784087753978,nx-q6-nexmark-auto-171129,Executor4,Stage1-3-0,0,0,0,0,0,0,0,0
1784087754978,nx-q6-nexmark-auto-171129,Executor4,Stage1-3-0,0,0,0,0,0,0,0,0
1784087755978,nx-q6-nexmark-auto-171129,Executor4,Stage1-3-0,0,0,0,0,0,0,0,0
1784087756978,nx-q6-nexmark-auto-171129,Executor4,Stage1-3-0,0,0,0,0,0,0,0,0
1784087757978,nx-q6-nexmark-auto-171129,Executor4,Stage1-3-0,0,0,0,0,0,0,0,0
1784087758978,nx-q6-nexmark-auto-171129,Executor4,Stage1-3-0,0,0,0,0,0,0,0,0
1784087759978,nx-q6-nexmark-auto-171129,Executor4,Stage1-3-0,0,0,0,0,0,0,0,0
1784087760978,nx-q6-nexmark-auto-171129,Executor4,Stage1-3-0,0,0,0,0,0,0,0,0
1784087761978,nx-q6-nexmark-auto-171129,Executor4,Stage1-3-0,0,0,0,0,0,0,0,0
1784087762978,nx-q6-nexmark-auto-171129,Executor4,Stage1-3-0,0,0,0,0,0,0,0,0
1784087763978,nx-q6-nexmark-auto-171129,Executor4,Stage1-3-0,0,0,0,0,0,0,0,0
1784087764978,nx-q6-nexmark-auto-171129,Executor4,Stage1-3-0,0,0,0,0,0,0,0,0
1784087765978,nx-q6-nexmark-auto-171129,Executor4,Stage1-3-0,0,0,0,0,0,0,0,0
1784087766978,nx-q6-nexmark-auto-171129,Executor4,Stage1-3-0,0,0,0,0,0,0,0,0
1784087767978,nx-q6-nexmark-auto-171129,Executor4,Stage1-3-0,0,0,0,0,0,0,0,0
1784087768978,nx-q6-nexmark-auto-171129,Executor4,Stage1-3-0,0,0,0,0,0,0,0,0
1784087769978,nx-q6-nexmark-auto-171129,Executor4,Stage1-3-0,0,0,0,0,0,0,0,0
1784087770978,nx-q6-nexmark-auto-171129,Executor4,Stage1-3-0,0,0,0,0,0,0,0,0
1784087771978,nx-q6-nexmark-auto-171129,Executor4,Stage1-3-0,0,0,0,0,0,0,0,0
1784087772978,nx-q6-nexmark-auto-171129,Executor4,Stage1-3-0,0,0,0,0,0,0,0,0
1784087773978,nx-q6-nexmark-auto-171129,Executor4,Stage1-3-0,0,0,0,0,0,0,0,0
1784087774978,nx-q6-nexmark-auto-171129,Executor4,Stage1-3-0,0,0,0,0,0,0,0,0
1784087775978,nx-q6-nexmark-auto-171129,Executor4,Stage1-3-0,0,0,0,0,0,0,0,0
1784087776978,nx-q6-nexmark-auto-171129,Executor4,Stage1-3-0,0,0,0,0,0,0,0,0
1784087777978,nx-q6-nexmark-auto-171129,Executor4,Stage1-3-0,0,0,0,0,0,0,0,0
1784087778978,nx-q6-nexmark-auto-171129,Executor4,Stage1-3-0,0,0,0,0,0,0,0,0
1784087779978,nx-q6-nexmark-auto-171129,Executor4,Stage1-3-0,0,0,0,0,0,0,0,0
1784087780978,nx-q6-nexmark-auto-171129,Executor4,Stage1-3-0,0,0,0,0,0,0,0,0
1784087781978,nx-q6-nexmark-auto-171129,Executor4,Stage1-3-0,0,0,0,0,0,0,0,0
1784087782978,nx-q6-nexmark-auto-171129,Executor4,Stage1-3-0,0,0,0,0,0,0,0,0
1784087783978,nx-q6-nexmark-auto-171129,Executor4,Stage1-3-0,0,0,0,0,0,0,0,0
1784087784978,nx-q6-nexmark-auto-171129,Executor4,Stage1-3-0,0,0,0,0,0,0,0,0
1784087785978,nx-q6-nexmark-auto-171129,Executor4,Stage1-3-0,0,0,0,0,0,0,0,0
1784087786978,nx-q6-nexmark-auto-171129,Executor4,Stage1-3-0,0,0,0,0,0,0,0,0
1784087787978,nx-q6-nexmark-auto-171129,Executor4,Stage1-3-0,0,0,0,0,0,0,0,0
1784087788978,nx-q6-nexmark-auto-171129,Executor4,Stage1-3-0,0,0,0,0,0,0,0,0
1784087789978,nx-q6-nexmark-auto-171129,Executor4,Stage1-3-0,0,0,0,0,0,0,0,0
1784087790978,nx-q6-nexmark-auto-171129,Executor4,Stage1-3-0,0,0,0,0,0,0,0,0
1784087791978,nx-q6-nexmark-auto-171129,Executor4,Stage1-3-0,0,0,0,0,0,0,0,0
1784087792978,nx-q6-nexmark-auto-171129,Executor4,Stage1-3-0,0,0,0,0,0,0,0,0
1784087793978,nx-q6-nexmark-auto-171129,Executor4,Stage1-3-0,0,0,0,0,0,0,0,0
1784087794978,nx-q6-nexmark-auto-171129,Executor4,Stage1-3-0,0,0,0,0,0,0,0,0
1784087795978,nx-q6-nexmark-auto-171129,Executor4,Stage1-3-0,0,0,0,0,0,0,0,0
1784087796978,nx-q6-nexmark-auto-171129,Executor4,Stage1-3-0,0,0,0,0,0,0,0,0
1784087797978,nx-q6-nexmark-auto-171129,Executor4,Stage1-3-0,0,0,0,0,0,0,0,0
1784087798978,nx-q6-nexmark-auto-171129,Executor4,Stage1-3-0,0,0,0,0,0,0,0,0
1784087799978,nx-q6-nexmark-auto-171129,Executor4,Stage1-3-0,0,0,0,0,0,0,0,0
1784087800978,nx-q6-nexmark-auto-171129,Executor4,Stage1-3-0,0,0,0,0,0,0,0,0
1784087801978,nx-q6-nexmark-auto-171129,Executor4,Stage1-3-0,0,0,0,0,0,0,0,0
1784087802978,nx-q6-nexmark-auto-171129,Executor4,Stage1-3-0,0,0,0,0,0,0,0,0
1784087803978,nx-q6-nexmark-auto-171129,Executor4,Stage1-3-0,0,0,0,0,0,0,0,0
1784087804978,nx-q6-nexmark-auto-171129,Executor4,Stage1-3-0,0,0,0,0,0,0,0,0
1784087805978,nx-q6-nexmark-auto-171129,Executor4,Stage1-3-0,0,0,0,0,0,0,0,0
1784087806978,nx-q6-nexmark-auto-171129,Executor4,Stage1-3-0,0,0,0,0,0,0,0,0
1784087807978,nx-q6-nexmark-auto-171129,Executor4,Stage1-3-0,0,0,0,0,0,0,0,0
1784087808978,nx-q6-nexmark-auto-171129,Executor4,Stage1-3-0,0,0,0,0,0,0,0,0
1784087809978,nx-q6-nexmark-auto-171129,Executor4,Stage1-3-0,0,0,0,0,0,0,0,0
1784087810978,nx-q6-nexmark-auto-171129,Executor4,Stage1-3-0,0,0,0,0,0,0,0,0
1784087811978,nx-q6-nexmark-auto-171129,Executor4,Stage1-3-0,0,0,0,0,0,0,0,0
1784087812978,nx-q6-nexmark-auto-171129,Executor4,Stage1-3-0,0,0,0,0,0,0,0,0
1784087813978,nx-q6-nexmark-auto-171129,Executor4,Stage1-3-0,0,0,0,0,0,0,0,0
1784087814978,nx-q6-nexmark-auto-171129,Executor4,Stage1-3-0,0,0,0,0,0,0,0,0
1784087815978,nx-q6-nexmark-auto-171129,Executor4,Stage1-3-0,0,0,0,0,0,0,0,0
1784087816978,nx-q6-nexmark-auto-171129,Executor4,Stage1-3-0,0,0,0,0,0,0,0,0
1784087817978,nx-q6-nexmark-auto-171129,Executor4,Stage1-3-0,0,0,0,0,0,0,0,0
1784087818978,nx-q6-nexmark-auto-171129,Executor4,Stage1-3-0,0,0,0,0,0,0,0,0
1784087819978,nx-q6-nexmark-auto-171129,Executor4,Stage1-3-0,0,0,0,0,0,0,0,0
1784087820978,nx-q6-nexmark-auto-171129,Executor4,Stage1-3-0,0,0,0,0,0,0,0,0
1784087821978,nx-q6-nexmark-auto-171129,Executor4,Stage1-3-0,0,0,0,0,0,0,0,0
1784087822978,nx-q6-nexmark-auto-171129,Executor4,Stage1-3-0,0,0,0,0,0,0,0,0
1784087823978,nx-q6-nexmark-auto-171129,Executor4,Stage1-3-0,0,0,0,0,0,0,0,0
1784087824978,nx-q6-nexmark-auto-171129,Executor4,Stage1-3-0,0,0,0,0,0,0,0,0
1784087825978,nx-q6-nexmark-auto-171129,Executor4,Stage1-3-0,0,0,0,0,0,0,0,0
1784087826978,nx-q6-nexmark-auto-171129,Executor4,Stage1-3-0,0,0,0,0,0,0,0,0
1784087827978,nx-q6-nexmark-auto-171129,Executor4,Stage1-3-0,0,0,0,0,0,0,0,0
1784087828978,nx-q6-nexmark-auto-171129,Executor4,Stage1-3-0,0,0,0,0,0,0,0,0
1784087829978,nx-q6-nexmark-auto-171129,Executor4,Stage1-3-0,0,0,0,0,0,0,0,0
1784087830978,nx-q6-nexmark-auto-171129,Executor4,Stage1-3-0,0,0,0,0,0,0,0,0
1784087831978,nx-q6-nexmark-auto-171129,Executor4,Stage1-3-0,0,0,0,0,0,0,0,0
1784087832978,nx-q6-nexmark-auto-171129,Executor4,Stage1-3-0,0,0,0,0,0,0,0,0
1784087833978,nx-q6-nexmark-auto-171129,Executor4,Stage1-3-0,0,0,0,0,0,0,0,0
1784087834978,nx-q6-nexmark-auto-171129,Executor4,Stage1-3-0,0,0,0,0,0,0,0,0
1784087835978,nx-q6-nexmark-auto-171129,Executor4,Stage1-3-0,0,0,0,0,0,0,0,0
1784087836978,nx-q6-nexmark-auto-171129,Executor4,Stage1-3-0,0,0,0,0,0,0,0,0
1784087837978,nx-q6-nexmark-auto-171129,Executor4,Stage1-3-0,0,0,0,0,0,0,0,0
1784087838978,nx-q6-nexmark-auto-171129,Executor4,Stage1-3-0,0,0,0,0,0,0,0,0
1784087839978,nx-q6-nexmark-auto-171129,Executor4,Stage1-3-0,0,0,0,0,0,0,0,0
1784087840978,nx-q6-nexmark-auto-171129,Executor4,Stage1-3-0,0,0,0,0,0,0,0,0
1784087841978,nx-q6-nexmark-auto-171129,Executor4,Stage1-3-0,0,0,0,0,0,0,0,0
1784087842978,nx-q6-nexmark-auto-171129,Executor4,Stage1-3-0,0,0,0,0,0,0,0,0
1784087843978,nx-q6-nexmark-auto-171129,Executor4,Stage1-3-0,0,0,0,0,0,0,0,0
1784087844978,nx-q6-nexmark-auto-171129,Executor4,Stage1-3-0,0,0,0,0,0,0,0,0
1784087845978,nx-q6-nexmark-auto-171129,Executor4,Stage1-3-0,0,0,0,0,0,0,0,0
1784087846978,nx-q6-nexmark-auto-171129,Executor4,Stage1-3-0,0,0,0,0,0,0,0,0
1784087847978,nx-q6-nexmark-auto-171129,Executor4,Stage1-3-0,0,0,0,0,0,0,0,0
1784087848978,nx-q6-nexmark-auto-171129,Executor4,Stage1-3-0,0,0,0,0,0,0,0,0
1784087849978,nx-q6-nexmark-auto-171129,Executor4,Stage1-3-0,0,0,0,0,0,0,0,0
1784087850978,nx-q6-nexmark-auto-171129,Executor4,Stage1-3-0,0,0,0,0,0,0,0,0
1784087851978,nx-q6-nexmark-auto-171129,Executor4,Stage1-3-0,0,0,0,0,0,0,0,0
1784087852978,nx-q6-nexmark-auto-171129,Executor4,Stage1-3-0,0,0,0,0,0,0,0,0
1784087853978,nx-q6-nexmark-auto-171129,Executor4,Stage1-3-0,0,0,0,0,0,0,0,0
1784087854978,nx-q6-nexmark-auto-171129,Executor4,Stage1-3-0,0,0,0,0,0,0,0,0
1784087855978,nx-q6-nexmark-auto-171129,Executor4,Stage1-3-0,0,0,0,0,0,0,0,0
1784087856978,nx-q6-nexmark-auto-171129,Executor4,Stage1-3-0,0,0,0,0,0,0,0,0
1784087857978,nx-q6-nexmark-auto-171129,Executor4,Stage1-3-0,0,0,0,0,0,0,0,0
1784087858978,nx-q6-nexmark-auto-171129,Executor4,Stage1-3-0,0,0,0,0,0,0,0,0
1784087859978,nx-q6-nexmark-auto-171129,Executor4,Stage1-3-0,0,0,0,0,0,0,0,0
1784087860978,nx-q6-nexmark-auto-171129,Executor4,Stage1-3-0,0,0,0,0,0,0,0,0
1784087861978,nx-q6-nexmark-auto-171129,Executor4,Stage1-3-0,0,0,0,0,0,0,0,0
1784087862978,nx-q6-nexmark-auto-171129,Executor4,Stage1-3-0,0,0,0,0,0,0,0,0
1784087863978,nx-q6-nexmark-auto-171129,Executor4,Stage1-3-0,0,0,0,0,0,0,0,0
1784087864978,nx-q6-nexmark-auto-171129,Executor4,Stage1-3-0,0,0,0,0,0,0,0,0
1784087865978,nx-q6-nexmark-auto-171129,Executor4,Stage1-3-0,0,0,0,0,0,0,0,0
1784087866978,nx-q6-nexmark-auto-171129,Executor4,Stage1-3-0,0,0,0,0,0,0,0,0
1784087867978,nx-q6-nexmark-auto-171129,Executor4,Stage1-3-0,0,0,0,0,0,0,0,0
1784087868978,nx-q6-nexmark-auto-171129,Executor4,Stage1-3-0,0,0,0,0,0,0,0,0
1784087869978,nx-q6-nexmark-auto-171129,Executor4,Stage1-3-0,0,0,0,0,0,0,0,0
1784087870978,nx-q6-nexmark-auto-171129,Executor4,Stage1-3-0,0,0,0,0,0,0,0,0
1784087871978,nx-q6-nexmark-auto-171129,Executor4,Stage1-3-0,0,0,0,0,0,0,0,0
1784087872978,nx-q6-nexmark-auto-171129,Executor4,Stage1-3-0,0,0,0,0,0,0,0,0
1784087873978,nx-q6-nexmark-auto-171129,Executor4,Stage1-3-0,0,0,0,0,0,0,0,0
1784087874978,nx-q6-nexmark-auto-171129,Executor4,Stage1-3-0,0,0,0,0,0,0,0,0
1784087875978,nx-q6-nexmark-auto-171129,Executor4,Stage1-3-0,0,0,0,0,0,0,0,0
1784087876978,nx-q6-nexmark-auto-171129,Executor4,Stage1-3-0,0,0,0,0,0,0,0,0
1784087877978,nx-q6-nexmark-auto-171129,Executor4,Stage1-3-0,0,0,0,0,0,0,0,0
1784087878978,nx-q6-nexmark-auto-171129,Executor4,Stage1-3-0,0,0,0,0,0,0,0,0
1784087879978,nx-q6-nexmark-auto-171129,Executor4,Stage1-3-0,0,0,0,0,0,0,0,0
1784087880978,nx-q6-nexmark-auto-171129,Executor4,Stage1-3-0,0,0,0,0,0,0,0,0
1784087881978,nx-q6-nexmark-auto-171129,Executor4,Stage1-3-0,0,0,0,0,0,0,0,0
1784087882978,nx-q6-nexmark-auto-171129,Executor4,Stage1-3-0,0,0,0,0,0,0,0,0
1784087883978,nx-q6-nexmark-auto-171129,Executor4,Stage1-3-0,0,0,0,0,0,0,0,0
1784087884978,nx-q6-nexmark-auto-171129,Executor4,Stage1-3-0,0,0,0,0,0,0,0,0
1784087885978,nx-q6-nexmark-auto-171129,Executor4,Stage1-3-0,0,0,0,0,0,0,0,0
1784087886978,nx-q6-nexmark-auto-171129,Executor4,Stage1-3-0,0,0,0,0,0,0,0,0
1784087887978,nx-q6-nexmark-auto-171129,Executor4,Stage1-3-0,0,0,0,0,0,0,0,0
1784087888978,nx-q6-nexmark-auto-171129,Executor4,Stage1-3-0,0,0,0,0,0,0,0,0
1784087889978,nx-q6-nexmark-auto-171129,Executor4,Stage1-3-0,0,0,0,0,0,0,0,0
1784087890978,nx-q6-nexmark-auto-171129,Executor4,Stage1-3-0,0,0,0,0,0,0,0,0
1784087891978,nx-q6-nexmark-auto-171129,Executor4,Stage1-3-0,0,0,0,0,0,0,0,0
1784087892978,nx-q6-nexmark-auto-171129,Executor4,Stage1-3-0,0,0,0,0,0,0,0,0
1784087893978,nx-q6-nexmark-auto-171129,Executor4,Stage1-3-0,0,0,0,0,0,0,0,0
1784087894978,nx-q6-nexmark-auto-171129,Executor4,Stage1-3-0,0,0,0,0,0,0,0,0
1784087895978,nx-q6-nexmark-auto-171129,Executor4,Stage1-3-0,0,0,0,0,0,0,0,0
1784087896978,nx-q6-nexmark-auto-171129,Executor4,Stage1-3-0,0,0,0,0,0,0,0,0
1784087897978,nx-q6-nexmark-auto-171129,Executor4,Stage1-3-0,0,0,0,0,0,0,0,0
1784087898978,nx-q6-nexmark-auto-171129,Executor4,Stage1-3-0,0,0,0,0,0,0,0,0
1784087899978,nx-q6-nexmark-auto-171129,Executor4,Stage1-3-0,0,0,0,0,0,0,0,0
1784087900978,nx-q6-nexmark-auto-171129,Executor4,Stage1-3-0,0,0,0,0,0,0,0,0
1784087901978,nx-q6-nexmark-auto-171129,Executor4,Stage1-3-0,0,0,0,0,0,0,0,0
1784087902978,nx-q6-nexmark-auto-171129,Executor4,Stage1-3-0,0,0,0,0,0,0,0,0
1784087903978,nx-q6-nexmark-auto-171129,Executor4,Stage1-3-0,0,0,0,0,0,0,0,0
1784087904978,nx-q6-nexmark-auto-171129,Executor4,Stage1-3-0,0,0,0,0,0,0,0,0
1784087905978,nx-q6-nexmark-auto-171129,Executor4,Stage1-3-0,0,0,0,0,0,0,0,0
1784087906978,nx-q6-nexmark-auto-171129,Executor4,Stage1-3-0,0,0,0,0,0,0,0,0
1784087907978,nx-q6-nexmark-auto-171129,Executor4,Stage1-3-0,0,0,0,0,0,0,0,0
1784087908978,nx-q6-nexmark-auto-171129,Executor4,Stage1-3-0,0,0,0,0,0,0,0,0
1784087909978,nx-q6-nexmark-auto-171129,Executor4,Stage1-3-0,0,0,0,0,0,0,0,0
1784087910978,nx-q6-nexmark-auto-171129,Executor4,Stage1-3-0,0,0,0,0,0,0,0,0
1784087911978,nx-q6-nexmark-auto-171129,Executor4,Stage1-3-0,0,0,0,0,0,0,0,0
1784087912978,nx-q6-nexmark-auto-171129,Executor4,Stage1-3-0,0,0,0,0,0,0,0,0
1784087913978,nx-q6-nexmark-auto-171129,Executor4,Stage1-3-0,0,0,0,0,0,0,0,0
1784087914978,nx-q6-nexmark-auto-171129,Executor4,Stage1-3-0,0,0,0,0,0,0,0,0
1784087915978,nx-q6-nexmark-auto-171129,Executor4,Stage1-3-0,0,0,0,0,0,0,0,0
1784087916978,nx-q6-nexmark-auto-171129,Executor4,Stage1-3-0,0,0,0,0,0,0,0,0
1784087917978,nx-q6-nexmark-auto-171129,Executor4,Stage1-3-0,0,0,0,0,0,0,0,0
1784087918978,nx-q6-nexmark-auto-171129,Executor4,Stage1-3-0,0,0,0,0,0,0,0,0
1784087919978,nx-q6-nexmark-auto-171129,Executor4,Stage1-3-0,0,0,0,0,0,0,0,0
1784087920978,nx-q6-nexmark-auto-171129,Executor4,Stage1-3-0,0,0,0,0,0,0,0,0
1784087921978,nx-q6-nexmark-auto-171129,Executor4,Stage1-3-0,0,0,0,0,0,0,0,0
1784087922978,nx-q6-nexmark-auto-171129,Executor4,Stage1-3-0,0,0,0,0,0,0,0,0
1784087923978,nx-q6-nexmark-auto-171129,Executor4,Stage1-3-0,0,0,0,0,0,0,0,0
1784087924978,nx-q6-nexmark-auto-171129,Executor4,Stage1-3-0,0,0,0,0,0,0,0,0
1784087925978,nx-q6-nexmark-auto-171129,Executor4,Stage1-3-0,0,0,0,0,0,0,0,0
1784087926978,nx-q6-nexmark-auto-171129,Executor4,Stage1-3-0,0,0,0,0,0,0,0,0
1784087927978,nx-q6-nexmark-auto-171129,Executor4,Stage1-3-0,0,0,0,0,0,0,0,0
1784087928978,nx-q6-nexmark-auto-171129,Executor4,Stage1-3-0,0,0,0,0,0,0,0,0
1784087929978,nx-q6-nexmark-auto-171129,Executor4,Stage1-3-0,0,0,0,0,0,0,0,0
1784087930978,nx-q6-nexmark-auto-171129,Executor4,Stage1-3-0,0,0,0,0,0,0,0,0
1784087931978,nx-q6-nexmark-auto-171129,Executor4,Stage1-3-0,0,0,0,0,0,0,0,0
1784087932978,nx-q6-nexmark-auto-171129,Executor4,Stage1-3-0,0,0,0,0,0,0,0,0
1784087933978,nx-q6-nexmark-auto-171129,Executor4,Stage1-3-0,0,0,0,0,0,0,0,0
1784087934978,nx-q6-nexmark-auto-171129,Executor4,Stage1-3-0,0,0,0,0,0,0,0,0
1784087935978,nx-q6-nexmark-auto-171129,Executor4,Stage1-3-0,0,0,0,0,0,0,0,0
1784087936978,nx-q6-nexmark-auto-171129,Executor4,Stage1-3-0,0,0,0,0,0,0,0,0
1784087937978,nx-q6-nexmark-auto-171129,Executor4,Stage1-3-0,0,0,0,0,0,0,0,0
1784087938978,nx-q6-nexmark-auto-171129,Executor4,Stage1-3-0,0,0,0,0,0,0,0,0
1784087939978,nx-q6-nexmark-auto-171129,Executor4,Stage1-3-0,0,0,0,0,0,0,0,0
1784087940978,nx-q6-nexmark-auto-171129,Executor4,Stage1-3-0,0,0,0,0,0,0,0,0
1784087941978,nx-q6-nexmark-auto-171129,Executor4,Stage1-3-0,0,0,0,0,0,0,0,0
1784087942978,nx-q6-nexmark-auto-171129,Executor4,Stage1-3-0,0,0,0,0,0,0,0,0
1784087943978,nx-q6-nexmark-auto-171129,Executor4,Stage1-3-0,0,0,0,0,0,0,0,0
1784087944978,nx-q6-nexmark-auto-171129,Executor4,Stage1-3-0,0,0,0,0,0,0,0,0
1784087945978,nx-q6-nexmark-auto-171129,Executor4,Stage1-3-0,0,0,0,0,0,0,0,0
1784087946978,nx-q6-nexmark-auto-171129,Executor4,Stage1-3-0,0,0,0,0,0,0,0,0
1784087947978,nx-q6-nexmark-auto-171129,Executor4,Stage1-3-0,0,0,0,0,0,0,0,0
1784087948978,nx-q6-nexmark-auto-171129,Executor4,Stage1-3-0,0,0,0,0,0,0,0,0
1784087949978,nx-q6-nexmark-auto-171129,Executor4,Stage1-3-0,0,0,0,0,0,0,0,0
1784087950978,nx-q6-nexmark-auto-171129,Executor4,Stage1-3-0,0,0,0,0,0,0,0,0
1784087951978,nx-q6-nexmark-auto-171129,Executor4,Stage1-3-0,0,0,0,0,0,0,0,0
1784087952978,nx-q6-nexmark-auto-171129,Executor4,Stage1-3-0,0,0,0,0,0,0,0,0
1784087953978,nx-q6-nexmark-auto-171129,Executor4,Stage1-3-0,0,0,0,0,0,0,0,0
1784087954978,nx-q6-nexmark-auto-171129,Executor4,Stage1-3-0,0,0,0,0,0,0,0,0
1784087955978,nx-q6-nexmark-auto-171129,Executor4,Stage1-3-0,0,0,0,0,0,0,0,0
1784087956978,nx-q6-nexmark-auto-171129,Executor4,Stage1-3-0,0,0,0,0,0,0,0,0
1784087957978,nx-q6-nexmark-auto-171129,Executor4,Stage1-3-0,0,0,0,0,0,0,0,0
1784087958978,nx-q6-nexmark-auto-171129,Executor4,Stage1-3-0,0,0,0,0,0,0,0,0
1784087959978,nx-q6-nexmark-auto-171129,Executor4,Stage1-3-0,0,0,0,0,0,0,0,0
1784087960978,nx-q6-nexmark-auto-171129,Executor4,Stage1-3-0,0,0,0,0,0,0,0,0
1784087961978,nx-q6-nexmark-auto-171129,Executor4,Stage1-3-0,0,0,0,0,0,0,0,0
1784087962978,nx-q6-nexmark-auto-171129,Executor4,Stage1-3-0,0,0,0,0,0,0,0,0
1784087963978,nx-q6-nexmark-auto-171129,Executor4,Stage1-3-0,0,0,0,0,0,0,0,0
1784087964978,nx-q6-nexmark-auto-171129,Executor4,Stage1-3-0,0,0,0,0,0,0,0,0
1784087965978,nx-q6-nexmark-auto-171129,Executor4,Stage1-3-0,0,0,0,0,0,0,0,0
1784087966978,nx-q6-nexmark-auto-171129,Executor4,Stage1-3-0,0,0,0,0,0,0,0,0
1784087967978,nx-q6-nexmark-auto-171129,Executor4,Stage1-3-0,0,0,0,0,0,0,0,0
1784087968978,nx-q6-nexmark-auto-171129,Executor4,Stage1-3-0,0,0,0,0,0,0,0,0
1784087969978,nx-q6-nexmark-auto-171129,Executor4,Stage1-3-0,0,0,0,0,0,0,0,0
1784087970978,nx-q6-nexmark-auto-171129,Executor4,Stage1-3-0,0,0,0,0,0,0,0,0
1784087971978,nx-q6-nexmark-auto-171129,Executor4,Stage1-3-0,0,0,0,0,0,0,0,0
1784087972978,nx-q6-nexmark-auto-171129,Executor4,Stage1-3-0,0,0,0,0,0,0,0,0
1784087973978,nx-q6-nexmark-auto-171129,Executor4,Stage1-3-0,0,0,0,0,0,0,0,0
1784087974978,nx-q6-nexmark-auto-171129,Executor4,Stage1-3-0,0,0,0,0,0,0,0,0
1784087975978,nx-q6-nexmark-auto-171129,Executor4,Stage1-3-0,0,0,0,0,0,0,0,0
1784087976978,nx-q6-nexmark-auto-171129,Executor4,Stage1-3-0,0,0,0,0,0,0,0,0
1784087977978,nx-q6-nexmark-auto-171129,Executor4,Stage1-3-0,0,0,0,0,0,0,0,0
1784087978978,nx-q6-nexmark-auto-171129,Executor4,Stage1-3-0,0,0,0,0,0,0,0,0
1784087979978,nx-q6-nexmark-auto-171129,Executor4,Stage1-3-0,0,0,0,0,0,0,0,0
1784087980978,nx-q6-nexmark-auto-171129,Executor4,Stage1-3-0,0,0,0,0,0,0,0,0
1784087981978,nx-q6-nexmark-auto-171129,Executor4,Stage1-3-0,0,0,0,0,0,0,0,0
1784087982978,nx-q6-nexmark-auto-171129,Executor4,Stage1-3-0,0,0,0,0,0,0,0,0
1784087983978,nx-q6-nexmark-auto-171129,Executor4,Stage1-3-0,0,0,0,0,0,0,0,0
1784087984978,nx-q6-nexmark-auto-171129,Executor4,Stage1-3-0,0,0,0,0,0,0,0,0
1784087985978,nx-q6-nexmark-auto-171129,Executor4,Stage1-3-0,0,0,0,0,0,0,0,0
1784087986978,nx-q6-nexmark-auto-171129,Executor4,Stage1-3-0,0,0,0,0,0,0,0,0
1784087987978,nx-q6-nexmark-auto-171129,Executor4,Stage1-3-0,0,0,0,0,0,0,0,0
1784087988978,nx-q6-nexmark-auto-171129,Executor4,Stage1-3-0,0,0,0,0,0,0,0,0
1784087989978,nx-q6-nexmark-auto-171129,Executor4,Stage1-3-0,0,0,0,0,0,0,0,0
1784087990978,nx-q6-nexmark-auto-171129,Executor4,Stage1-3-0,0,0,0,0,0,0,0,0
1784087991978,nx-q6-nexmark-auto-171129,Executor4,Stage1-3-0,0,0,0,0,0,0,0,0
1784087992978,nx-q6-nexmark-auto-171129,Executor4,Stage1-3-0,0,0,0,0,0,0,0,0
1784087993978,nx-q6-nexmark-auto-171129,Executor4,Stage1-3-0,0,0,0,0,0,0,0,0
1784087994978,nx-q6-nexmark-auto-171129,Executor4,Stage1-3-0,0,0,0,0,0,0,0,0
1784087995978,nx-q6-nexmark-auto-171129,Executor4,Stage1-3-0,0,0,0,0,0,0,0,0
1784087996978,nx-q6-nexmark-auto-171129,Executor4,Stage1-3-0,0,0,0,0,0,0,0,0
1784087997978,nx-q6-nexmark-auto-171129,Executor4,Stage1-3-0,0,0,0,0,0,0,0,0
1784087998978,nx-q6-nexmark-auto-171129,Executor4,Stage1-3-0,0,0,0,0,0,0,0,0
1784087999978,nx-q6-nexmark-auto-171129,Executor4,Stage1-3-0,0,0,0,0,0,0,0,0
1784088000978,nx-q6-nexmark-auto-171129,Executor4,Stage1-3-0,0,0,0,0,0,0,0,0
1784088001978,nx-q6-nexmark-auto-171129,Executor4,Stage1-3-0,0,0,0,0,0,0,0,0
1784088002978,nx-q6-nexmark-auto-171129,Executor4,Stage1-3-0,0,0,0,0,0,0,0,0
1784088003978,nx-q6-nexmark-auto-171129,Executor4,Stage1-3-0,0,0,0,0,0,0,0,0
1784088004978,nx-q6-nexmark-auto-171129,Executor4,Stage1-3-0,0,0,0,0,0,0,0,0
1784088005978,nx-q6-nexmark-auto-171129,Executor4,Stage1-3-0,0,0,0,0,0,0,0,0
1784088006978,nx-q6-nexmark-auto-171129,Executor4,Stage1-3-0,0,0,0,0,0,0,0,0
1784088007978,nx-q6-nexmark-auto-171129,Executor4,Stage1-3-0,0,0,0,0,0,0,0,0
1784088008978,nx-q6-nexmark-auto-171129,Executor4,Stage1-3-0,0,0,0,0,0,0,0,0
1784088009978,nx-q6-nexmark-auto-171129,Executor4,Stage1-3-0,0,0,0,0,0,0,0,0
1784088010978,nx-q6-nexmark-auto-171129,Executor4,Stage1-3-0,0,0,0,0,0,0,0,0
1784088011978,nx-q6-nexmark-auto-171129,Executor4,Stage1-3-0,0,0,0,0,0,0,0,0
1784088012978,nx-q6-nexmark-auto-171129,Executor4,Stage1-3-0,0,0,0,0,0,0,0,0
1784088013978,nx-q6-nexmark-auto-171129,Executor4,Stage1-3-0,0,0,0,0,0,0,0,0
1784088014978,nx-q6-nexmark-auto-171129,Executor4,Stage1-3-0,0,0,0,0,0,0,0,0
1784088015978,nx-q6-nexmark-auto-171129,Executor4,Stage1-3-0,0,0,0,0,0,0,0,0
1784088016978,nx-q6-nexmark-auto-171129,Executor4,Stage1-3-0,0,0,0,0,0,0,0,0
1784088017978,nx-q6-nexmark-auto-171129,Executor4,Stage1-3-0,0,0,0,0,0,0,0,0
1784088018978,nx-q6-nexmark-auto-171129,Executor4,Stage1-3-0,0,0,0,0,0,0,0,0
1784088019978,nx-q6-nexmark-auto-171129,Executor4,Stage1-3-0,0,0,0,0,0,0,0,0
1784088020978,nx-q6-nexmark-auto-171129,Executor4,Stage1-3-0,0,0,0,0,0,0,0,0
1784088021978,nx-q6-nexmark-auto-171129,Executor4,Stage1-3-0,0,0,0,0,0,0,0,0
1784088022978,nx-q6-nexmark-auto-171129,Executor4,Stage1-3-0,0,0,0,0,0,0,0,0
1784088023978,nx-q6-nexmark-auto-171129,Executor4,Stage1-3-0,0,0,0,0,0,0,0,0
1784088024978,nx-q6-nexmark-auto-171129,Executor4,Stage1-3-0,0,0,0,0,0,0,0,0
1784088025978,nx-q6-nexmark-auto-171129,Executor4,Stage1-3-0,0,0,0,0,0,0,0,0
1784088026978,nx-q6-nexmark-auto-171129,Executor4,Stage1-3-0,0,0,0,0,0,0,0,0
1784088027978,nx-q6-nexmark-auto-171129,Executor4,Stage1-3-0,0,0,0,0,0,0,0,0
1784088028978,nx-q6-nexmark-auto-171129,Executor4,Stage1-3-0,0,0,0,0,0,0,0,0
1784088029978,nx-q6-nexmark-auto-171129,Executor4,Stage1-3-0,0,0,0,0,0,0,0,0
1784088030978,nx-q6-nexmark-auto-171129,Executor4,Stage1-3-0,0,0,0,0,0,0,0,0
1784088031978,nx-q6-nexmark-auto-171129,Executor4,Stage1-3-0,0,0,0,0,0,0,0,0
1784088032978,nx-q6-nexmark-auto-171129,Executor4,Stage1-3-0,0,0,0,0,0,0,0,0
1784088033978,nx-q6-nexmark-auto-171129,Executor4,Stage1-3-0,0,0,0,0,0,0,0,0
1784088034978,nx-q6-nexmark-auto-171129,Executor4,Stage1-3-0,0,0,0,0,0,0,0,0
1784088035978,nx-q6-nexmark-auto-171129,Executor4,Stage1-3-0,0,0,0,0,0,0,0,0
1784088036978,nx-q6-nexmark-auto-171129,Executor4,Stage1-3-0,0,0,0,0,0,0,0,0
1784088037978,nx-q6-nexmark-auto-171129,Executor4,Stage1-3-0,0,0,0,0,0,0,0,0
1784088038978,nx-q6-nexmark-auto-171129,Executor4,Stage1-3-0,0,0,0,0,0,0,0,0
1784088039978,nx-q6-nexmark-auto-171129,Executor4,Stage1-3-0,0,0,0,0,0,0,0,0
1784088040978,nx-q6-nexmark-auto-171129,Executor4,Stage1-3-0,0,0,0,0,0,0,0,0
1784088041978,nx-q6-nexmark-auto-171129,Executor4,Stage1-3-0,0,0,0,0,0,0,0,0
1784088042978,nx-q6-nexmark-auto-171129,Executor4,Stage1-3-0,0,0,0,0,0,0,0,0
1784088043978,nx-q6-nexmark-auto-171129,Executor4,Stage1-3-0,0,0,0,0,0,0,0,0
1784088044978,nx-q6-nexmark-auto-171129,Executor4,Stage1-3-0,0,0,0,0,0,0,0,0
1784088045978,nx-q6-nexmark-auto-171129,Executor4,Stage1-3-0,0,0,0,0,0,0,0,0
1784088046978,nx-q6-nexmark-auto-171129,Executor4,Stage1-3-0,0,0,0,0,0,0,0,0
1784088047978,nx-q6-nexmark-auto-171129,Executor4,Stage1-3-0,0,0,0,0,0,0,0,0
1784088048978,nx-q6-nexmark-auto-171129,Executor4,Stage1-3-0,0,0,0,0,0,0,0,0
1784088049978,nx-q6-nexmark-auto-171129,Executor4,Stage1-3-0,0,0,0,0,0,0,0,0
1784088050978,nx-q6-nexmark-auto-171129,Executor4,Stage1-3-0,0,0,0,0,0,0,0,0
1784088051978,nx-q6-nexmark-auto-171129,Executor4,Stage1-3-0,0,0,0,0,0,0,0,0
1784088052978,nx-q6-nexmark-auto-171129,Executor4,Stage1-3-0,0,0,0,0,0,0,0,0
1784088053978,nx-q6-nexmark-auto-171129,Executor4,Stage1-3-0,0,0,0,0,0,0,0,0
1784088054978,nx-q6-nexmark-auto-171129,Executor4,Stage1-3-0,0,0,0,0,0,0,0,0
1784088055978,nx-q6-nexmark-auto-171129,Executor4,Stage1-3-0,0,0,0,0,0,0,0,0
1784088056978,nx-q6-nexmark-auto-171129,Executor4,Stage1-3-0,0,0,0,0,0,0,0,0
1784088057978,nx-q6-nexmark-auto-171129,Executor4,Stage1-3-0,0,0,0,0,0,0,0,0
1784088058978,nx-q6-nexmark-auto-171129,Executor4,Stage1-3-0,0,0,0,0,0,0,0,0
1784088059978,nx-q6-nexmark-auto-171129,Executor4,Stage1-3-0,0,0,0,0,0,0,0,0
1784088060978,nx-q6-nexmark-auto-171129,Executor4,Stage1-3-0,0,0,0,0,0,0,0,0
1784088061978,nx-q6-nexmark-auto-171129,Executor4,Stage1-3-0,0,0,0,0,0,0,0,0
1784088062978,nx-q6-nexmark-auto-171129,Executor4,Stage1-3-0,0,0,0,0,0,0,0,0
1784088063978,nx-q6-nexmark-auto-171129,Executor4,Stage1-3-0,0,0,0,0,0,0,0,0
1784088064978,nx-q6-nexmark-auto-171129,Executor4,Stage1-3-0,0,0,0,0,0,0,0,0
1784088065978,nx-q6-nexmark-auto-171129,Executor4,Stage1-3-0,0,0,0,0,0,0,0,0
1784088066978,nx-q6-nexmark-auto-171129,Executor4,Stage1-3-0,0,0,0,0,0,0,0,0
1784088067978,nx-q6-nexmark-auto-171129,Executor4,Stage1-3-0,0,0,0,0,0,0,0,0
1784088068978,nx-q6-nexmark-auto-171129,Executor4,Stage1-3-0,0,0,0,0,0,0,0,0
1784088069978,nx-q6-nexmark-auto-171129,Executor4,Stage1-3-0,0,0,0,0,0,0,0,0
1784088070978,nx-q6-nexmark-auto-171129,Executor4,Stage1-3-0,0,0,0,0,0,0,0,0
1784088071978,nx-q6-nexmark-auto-171129,Executor4,Stage1-3-0,0,0,0,0,0,0,0,0
1784088072978,nx-q6-nexmark-auto-171129,Executor4,Stage1-3-0,0,0,0,0,0,0,0,0
1784088073978,nx-q6-nexmark-auto-171129,Executor4,Stage1-3-0,0,0,0,0,0,0,0,0
1784088074978,nx-q6-nexmark-auto-171129,Executor4,Stage1-3-0,0,0,0,0,0,0,0,0
1784088075978,nx-q6-nexmark-auto-171129,Executor4,Stage1-3-0,0,0,0,0,0,0,0,0
1784088076978,nx-q6-nexmark-auto-171129,Executor4,Stage1-3-0,0,0,0,0,0,0,0,0
1784088077978,nx-q6-nexmark-auto-171129,Executor4,Stage1-3-0,0,0,0,0,0,0,0,0
1784088078978,nx-q6-nexmark-auto-171129,Executor4,Stage1-3-0,0,0,0,0,0,0,0,0
1784088079978,nx-q6-nexmark-auto-171129,Executor4,Stage1-3-0,0,0,0,0,0,0,0,0
1784088080978,nx-q6-nexmark-auto-171129,Executor4,Stage1-3-0,0,0,0,0,0,0,0,0
1784088081978,nx-q6-nexmark-auto-171129,Executor4,Stage1-3-0,0,0,0,0,0,0,0,0
1784088082978,nx-q6-nexmark-auto-171129,Executor4,Stage1-3-0,0,0,0,0,0,0,0,0
1784088083978,nx-q6-nexmark-auto-171129,Executor4,Stage1-3-0,0,0,0,0,0,0,0,0
1784088084978,nx-q6-nexmark-auto-171129,Executor4,Stage1-3-0,0,0,0,0,0,0,0,0
1784088085978,nx-q6-nexmark-auto-171129,Executor4,Stage1-3-0,0,0,0,0,0,0,0,0
1784088086978,nx-q6-nexmark-auto-171129,Executor4,Stage1-3-0,0,0,0,0,0,0,0,0
1784088087978,nx-q6-nexmark-auto-171129,Executor4,Stage1-3-0,0,0,0,0,0,0,0,0
1784088088978,nx-q6-nexmark-auto-171129,Executor4,Stage1-3-0,0,0,0,0,0,0,0,0
1784088089978,nx-q6-nexmark-auto-171129,Executor4,Stage1-3-0,0,0,0,0,0,0,0,0
1784088090978,nx-q6-nexmark-auto-171129,Executor4,Stage1-3-0,0,0,0,0,0,0,0,0
1784088091978,nx-q6-nexmark-auto-171129,Executor4,Stage1-3-0,0,0,0,0,0,0,0,0
1784088092978,nx-q6-nexmark-auto-171129,Executor4,Stage1-3-0,0,0,0,0,0,0,0,0
1784088093978,nx-q6-nexmark-auto-171129,Executor4,Stage1-3-0,0,0,0,0,0,0,0,0
1784088094978,nx-q6-nexmark-auto-171129,Executor4,Stage1-3-0,0,0,0,0,0,0,0,0
1784088095978,nx-q6-nexmark-auto-171129,Executor4,Stage1-3-0,0,0,0,0,0,0,0,0
1784088096978,nx-q6-nexmark-auto-171129,Executor4,Stage1-3-0,0,0,0,0,0,0,0,0
1784088097978,nx-q6-nexmark-auto-171129,Executor4,Stage1-3-0,0,0,0,0,0,0,0,0
1784088098978,nx-q6-nexmark-auto-171129,Executor4,Stage1-3-0,0,0,0,0,0,0,0,0
1784088099978,nx-q6-nexmark-auto-171129,Executor4,Stage1-3-0,0,0,0,0,0,0,0,0
1784088100978,nx-q6-nexmark-auto-171129,Executor4,Stage1-3-0,0,0,0,0,0,0,0,0
1784088101978,nx-q6-nexmark-auto-171129,Executor4,Stage1-3-0,0,0,0,0,0,0,0,0
1784088102978,nx-q6-nexmark-auto-171129,Executor4,Stage1-3-0,0,0,0,0,0,0,0,0
1784088103978,nx-q6-nexmark-auto-171129,Executor4,Stage1-3-0,0,0,0,0,0,0,0,0
1784088104978,nx-q6-nexmark-auto-171129,Executor4,Stage1-3-0,0,0,0,0,0,0,0,0
1784088105978,nx-q6-nexmark-auto-171129,Executor4,Stage1-3-0,0,0,0,0,0,0,0,0
1784088106978,nx-q6-nexmark-auto-171129,Executor4,Stage1-3-0,0,0,0,0,0,0,0,0
1784088107978,nx-q6-nexmark-auto-171129,Executor4,Stage1-3-0,0,0,0,0,0,0,0,0
1784088108978,nx-q6-nexmark-auto-171129,Executor4,Stage1-3-0,0,0,0,0,0,0,0,0
1784088109978,nx-q6-nexmark-auto-171129,Executor4,Stage1-3-0,0,0,0,0,0,0,0,0
1784088110978,nx-q6-nexmark-auto-171129,Executor4,Stage1-3-0,0,0,0,0,0,0,0,0
1784088111978,nx-q6-nexmark-auto-171129,Executor4,Stage1-3-0,0,0,0,0,0,0,0,0
1784088112978,nx-q6-nexmark-auto-171129,Executor4,Stage1-3-0,0,0,0,0,0,0,0,0
1784088113978,nx-q6-nexmark-auto-171129,Executor4,Stage1-3-0,0,0,0,0,0,0,0,0
1784088114978,nx-q6-nexmark-auto-171129,Executor4,Stage1-3-0,0,0,0,0,0,0,0,0
1784088115978,nx-q6-nexmark-auto-171129,Executor4,Stage1-3-0,0,0,0,0,0,0,0,0
1784088116978,nx-q6-nexmark-auto-171129,Executor4,Stage1-3-0,0,0,0,0,0,0,0,0
1784088117978,nx-q6-nexmark-auto-171129,Executor4,Stage1-3-0,0,0,0,0,0,0,0,0
1784088118978,nx-q6-nexmark-auto-171129,Executor4,Stage1-3-0,0,0,0,0,0,0,0,0
1784088119978,nx-q6-nexmark-auto-171129,Executor4,Stage1-3-0,0,0,0,0,0,0,0,0
1784088120978,nx-q6-nexmark-auto-171129,Executor4,Stage1-3-0,0,0,0,0,0,0,0,0
1784088121978,nx-q6-nexmark-auto-171129,Executor4,Stage1-3-0,0,0,0,0,0,0,0,0
1784088122978,nx-q6-nexmark-auto-171129,Executor4,Stage1-3-0,0,0,0,0,0,0,0,0
1784088123978,nx-q6-nexmark-auto-171129,Executor4,Stage1-3-0,0,0,0,0,0,0,0,0
1784088124978,nx-q6-nexmark-auto-171129,Executor4,Stage1-3-0,0,0,0,0,0,0,0,0
1784088125978,nx-q6-nexmark-auto-171129,Executor4,Stage1-3-0,0,0,0,0,0,0,0,0
1784088126978,nx-q6-nexmark-auto-171129,Executor4,Stage1-3-0,0,0,0,0,0,0,0,0
1784088127978,nx-q6-nexmark-auto-171129,Executor4,Stage1-3-0,0,0,0,0,0,0,0,0
1784088128978,nx-q6-nexmark-auto-171129,Executor4,Stage1-3-0,0,0,0,0,0,0,0,0
1784088129978,nx-q6-nexmark-auto-171129,Executor4,Stage1-3-0,0,0,0,0,0,0,0,0
1784088130978,nx-q6-nexmark-auto-171129,Executor4,Stage1-3-0,0,0,0,0,0,0,0,0
1784088131978,nx-q6-nexmark-auto-171129,Executor4,Stage1-3-0,0,0,0,0,0,0,0,0
1784088132978,nx-q6-nexmark-auto-171129,Executor4,Stage1-3-0,0,0,0,0,0,0,0,0
1784088133978,nx-q6-nexmark-auto-171129,Executor4,Stage1-3-0,0,0,0,0,0,0,0,0
1784088134978,nx-q6-nexmark-auto-171129,Executor4,Stage1-3-0,0,0,0,0,0,0,0,0
1784088135978,nx-q6-nexmark-auto-171129,Executor4,Stage1-3-0,0,0,0,0,0,0,0,0
1784088136978,nx-q6-nexmark-auto-171129,Executor4,Stage1-3-0,0,0,0,0,0,0,0,0
1784088137978,nx-q6-nexmark-auto-171129,Executor4,Stage1-3-0,0,0,0,0,0,0,0,0
1784088138978,nx-q6-nexmark-auto-171129,Executor4,Stage1-3-0,0,0,0,0,0,0,0,0
1784088139978,nx-q6-nexmark-auto-171129,Executor4,Stage1-3-0,0,0,0,0,0,0,0,0
1784088140978,nx-q6-nexmark-auto-171129,Executor4,Stage1-3-0,0,0,0,0,0,0,0,0
1784088141978,nx-q6-nexmark-auto-171129,Executor4,Stage1-3-0,0,0,0,0,0,0,0,0
1784088142978,nx-q6-nexmark-auto-171129,Executor4,Stage1-3-0,0,0,0,0,0,0,0,0
1784088143978,nx-q6-nexmark-auto-171129,Executor4,Stage1-3-0,0,0,0,0,0,0,0,0
1784088144978,nx-q6-nexmark-auto-171129,Executor4,Stage1-3-0,0,0,0,0,0,0,0,0
1784088145978,nx-q6-nexmark-auto-171129,Executor4,Stage1-3-0,0,0,0,0,0,0,0,0
1784088146978,nx-q6-nexmark-auto-171129,Executor4,Stage1-3-0,0,0,0,0,0,0,0,0
1784088147978,nx-q6-nexmark-auto-171129,Executor4,Stage1-3-0,0,0,0,0,0,0,0,0
1784088148978,nx-q6-nexmark-auto-171129,Executor4,Stage1-3-0,0,0,0,0,0,0,0,0
1784088149978,nx-q6-nexmark-auto-171129,Executor4,Stage1-3-0,0,0,0,0,0,0,0,0
1784088150978,nx-q6-nexmark-auto-171129,Executor4,Stage1-3-0,0,0,0,0,0,0,0,0
1784088151978,nx-q6-nexmark-auto-171129,Executor4,Stage1-3-0,0,0,0,0,0,0,0,0
1784088152978,nx-q6-nexmark-auto-171129,Executor4,Stage1-3-0,0,0,0,0,0,0,0,0
1784088153978,nx-q6-nexmark-auto-171129,Executor4,Stage1-3-0,0,0,0,0,0,0,0,0
1784088154978,nx-q6-nexmark-auto-171129,Executor4,Stage1-3-0,0,0,0,0,0,0,0,0
1784088155978,nx-q6-nexmark-auto-171129,Executor4,Stage1-3-0,0,0,0,0,0,0,0,0
1784088156978,nx-q6-nexmark-auto-171129,Executor4,Stage1-3-0,0,0,0,0,0,0,0,0
1784088157978,nx-q6-nexmark-auto-171129,Executor4,Stage1-3-0,0,0,0,0,0,0,0,0
1784088158978,nx-q6-nexmark-auto-171129,Executor4,Stage1-3-0,0,0,0,0,0,0,0,0
1784088159978,nx-q6-nexmark-auto-171129,Executor4,Stage1-3-0,0,0,0,0,0,0,0,0
1784088160978,nx-q6-nexmark-auto-171129,Executor4,Stage1-3-0,0,0,0,0,0,0,0,0
1784088161978,nx-q6-nexmark-auto-171129,Executor4,Stage1-3-0,0,0,0,0,0,0,0,0
1784088162978,nx-q6-nexmark-auto-171129,Executor4,Stage1-3-0,0,0,0,0,0,0,0,0
1784088163978,nx-q6-nexmark-auto-171129,Executor4,Stage1-3-0,0,0,0,0,0,0,0,0
1784088164978,nx-q6-nexmark-auto-171129,Executor4,Stage1-3-0,0,0,0,0,0,0,0,0
1784088165978,nx-q6-nexmark-auto-171129,Executor4,Stage1-3-0,0,0,0,0,0,0,0,0
1784088166978,nx-q6-nexmark-auto-171129,Executor4,Stage1-3-0,0,0,0,0,0,0,0,0
1784088167978,nx-q6-nexmark-auto-171129,Executor4,Stage1-3-0,0,0,0,0,0,0,0,0
1784088168978,nx-q6-nexmark-auto-171129,Executor4,Stage1-3-0,0,0,0,0,0,0,0,0
1784088169978,nx-q6-nexmark-auto-171129,Executor4,Stage1-3-0,0,0,0,0,0,0,0,0
1784088170978,nx-q6-nexmark-auto-171129,Executor4,Stage1-3-0,0,0,0,0,0,0,0,0
1784088171978,nx-q6-nexmark-auto-171129,Executor4,Stage1-3-0,0,0,0,0,0,0,0,0
1784088172978,nx-q6-nexmark-auto-171129,Executor4,Stage1-3-0,0,0,0,0,0,0,0,0
1784088173978,nx-q6-nexmark-auto-171129,Executor4,Stage1-3-0,0,0,0,0,0,0,0,0
1784088174978,nx-q6-nexmark-auto-171129,Executor4,Stage1-3-0,0,0,0,0,0,0,0,0
1784088175978,nx-q6-nexmark-auto-171129,Executor4,Stage1-3-0,0,0,0,0,0,0,0,0
1784088176978,nx-q6-nexmark-auto-171129,Executor4,Stage1-3-0,0,0,0,0,0,0,0,0
1784088177978,nx-q6-nexmark-auto-171129,Executor4,Stage1-3-0,0,0,0,0,0,0,0,0
1784088178978,nx-q6-nexmark-auto-171129,Executor4,Stage1-3-0,0,0,0,0,0,0,0,0
1784088179978,nx-q6-nexmark-auto-171129,Executor4,Stage1-3-0,0,0,0,0,0,0,0,0
1784088180978,nx-q6-nexmark-auto-171129,Executor4,Stage1-3-0,0,0,0,0,0,0,0,0
1784088181978,nx-q6-nexmark-auto-171129,Executor4,Stage1-3-0,0,0,0,0,0,0,0,0
1784088182978,nx-q6-nexmark-auto-171129,Executor4,Stage1-3-0,0,0,0,0,0,0,0,0
1784088183978,nx-q6-nexmark-auto-171129,Executor4,Stage1-3-0,0,0,0,0,0,0,0,0
1784088184978,nx-q6-nexmark-auto-171129,Executor4,Stage1-3-0,0,0,0,0,0,0,0,0
1784088185978,nx-q6-nexmark-auto-171129,Executor4,Stage1-3-0,0,0,0,0,0,0,0,0
1784088186978,nx-q6-nexmark-auto-171129,Executor4,Stage1-3-0,0,0,0,0,0,0,0,0
1784088187978,nx-q6-nexmark-auto-171129,Executor4,Stage1-3-0,0,0,0,0,0,0,0,0
1784088188978,nx-q6-nexmark-auto-171129,Executor4,Stage1-3-0,0,0,0,0,0,0,0,0
1784088189978,nx-q6-nexmark-auto-171129,Executor4,Stage1-3-0,0,0,0,0,0,0,0,0
1784088190978,nx-q6-nexmark-auto-171129,Executor4,Stage1-3-0,0,0,0,0,0,0,0,0
1784088191978,nx-q6-nexmark-auto-171129,Executor4,Stage1-3-0,0,0,0,0,0,0,0,0
1784088192978,nx-q6-nexmark-auto-171129,Executor4,Stage1-3-0,0,0,0,0,0,0,0,0
1784088193978,nx-q6-nexmark-auto-171129,Executor4,Stage1-3-0,0,0,0,0,0,0,0,0
1784088194978,nx-q6-nexmark-auto-171129,Executor4,Stage1-3-0,0,0,0,0,0,0,0,0
1784088195978,nx-q6-nexmark-auto-171129,Executor4,Stage1-3-0,0,0,0,0,0,0,0,0
1784088196978,nx-q6-nexmark-auto-171129,Executor4,Stage1-3-0,0,0,0,0,0,0,0,0
1784088197978,nx-q6-nexmark-auto-171129,Executor4,Stage1-3-0,0,0,0,0,0,0,0,0
1784088198978,nx-q6-nexmark-auto-171129,Executor4,Stage1-3-0,0,0,0,0,0,0,0,0
1784088199978,nx-q6-nexmark-auto-171129,Executor4,Stage1-3-0,0,0,0,0,0,0,0,0
1784088200978,nx-q6-nexmark-auto-171129,Executor4,Stage1-3-0,0,0,0,0,0,0,0,0
1784088201978,nx-q6-nexmark-auto-171129,Executor4,Stage1-3-0,0,0,0,0,0,0,0,0
1784088202978,nx-q6-nexmark-auto-171129,Executor4,Stage1-3-0,0,0,0,0,0,0,0,0
1784088203978,nx-q6-nexmark-auto-171129,Executor4,Stage1-3-0,0,0,0,0,0,0,0,0
1784088204978,nx-q6-nexmark-auto-171129,Executor4,Stage1-3-0,0,0,0,0,0,0,0,0
1784088205978,nx-q6-nexmark-auto-171129,Executor4,Stage1-3-0,0,0,0,0,0,0,0,0
1784088206978,nx-q6-nexmark-auto-171129,Executor4,Stage1-3-0,0,0,0,0,0,0,0,0
1784088207978,nx-q6-nexmark-auto-171129,Executor4,Stage1-3-0,0,0,0,0,0,0,0,0
1784088208978,nx-q6-nexmark-auto-171129,Executor4,Stage1-3-0,0,0,0,0,0,0,0,0
1784088209978,nx-q6-nexmark-auto-171129,Executor4,Stage1-3-0,0,0,0,0,0,0,0,0
1784088210978,nx-q6-nexmark-auto-171129,Executor4,Stage1-3-0,0,0,0,0,0,0,0,0
1784088211978,nx-q6-nexmark-auto-171129,Executor4,Stage1-3-0,0,0,0,0,0,0,0,0
1784088212978,nx-q6-nexmark-auto-171129,Executor4,Stage1-3-0,0,0,0,0,0,0,0,0
1784088213978,nx-q6-nexmark-auto-171129,Executor4,Stage1-3-0,0,0,0,0,0,0,0,0
1784088214978,nx-q6-nexmark-auto-171129,Executor4,Stage1-3-0,0,0,0,0,0,0,0,0
1784088215978,nx-q6-nexmark-auto-171129,Executor4,Stage1-3-0,0,0,0,0,0,0,0,0
1784088216978,nx-q6-nexmark-auto-171129,Executor4,Stage1-3-0,0,0,0,0,0,0,0,0
1784088217978,nx-q6-nexmark-auto-171129,Executor4,Stage1-3-0,0,0,0,0,0,0,0,0
1784088218978,nx-q6-nexmark-auto-171129,Executor4,Stage1-3-0,0,0,0,0,0,0,0,0
1784088219978,nx-q6-nexmark-auto-171129,Executor4,Stage1-3-0,0,0,0,0,0,0,0,0
1784088220978,nx-q6-nexmark-auto-171129,Executor4,Stage1-3-0,0,0,0,0,0,0,0,0
1784088221978,nx-q6-nexmark-auto-171129,Executor4,Stage1-3-0,0,0,0,0,0,0,0,0
1784088222978,nx-q6-nexmark-auto-171129,Executor4,Stage1-3-0,0,0,0,0,0,0,0,0
1784088223978,nx-q6-nexmark-auto-171129,Executor4,Stage1-3-0,0,0,0,0,0,0,0,0
1784088224978,nx-q6-nexmark-auto-171129,Executor4,Stage1-3-0,0,0,0,0,0,0,0,0
1784088225978,nx-q6-nexmark-auto-171129,Executor4,Stage1-3-0,0,0,0,0,0,0,0,0
1784088226978,nx-q6-nexmark-auto-171129,Executor4,Stage1-3-0,0,0,0,0,0,0,0,0
1784088227978,nx-q6-nexmark-auto-171129,Executor4,Stage1-3-0,0,0,0,0,0,0,0,0
1784088228978,nx-q6-nexmark-auto-171129,Executor4,Stage1-3-0,0,0,0,0,0,0,0,0
1784088229978,nx-q6-nexmark-auto-171129,Executor4,Stage1-3-0,0,0,0,0,0,0,0,0
1784088230978,nx-q6-nexmark-auto-171129,Executor4,Stage1-3-0,0,0,0,0,0,0,0,0
1784088231978,nx-q6-nexmark-auto-171129,Executor4,Stage1-3-0,0,0,0,0,0,0,0,0
1784088232978,nx-q6-nexmark-auto-171129,Executor4,Stage1-3-0,0,0,0,0,0,0,0,0
1784088233978,nx-q6-nexmark-auto-171129,Executor4,Stage1-3-0,0,0,0,0,0,0,0,0
1784088234978,nx-q6-nexmark-auto-171129,Executor4,Stage1-3-0,0,0,0,0,0,0,0,0
1784088235978,nx-q6-nexmark-auto-171129,Executor4,Stage1-3-0,0,0,0,0,0,0,0,0
1784088236978,nx-q6-nexmark-auto-171129,Executor4,Stage1-3-0,0,0,0,0,0,0,0,0
1784088237978,nx-q6-nexmark-auto-171129,Executor4,Stage1-3-0,0,0,0,0,0,0,0,0
1784088238978,nx-q6-nexmark-auto-171129,Executor4,Stage1-3-0,0,0,0,0,0,0,0,0
1784088239978,nx-q6-nexmark-auto-171129,Executor4,Stage1-3-0,0,0,0,0,0,0,0,0
1784088240978,nx-q6-nexmark-auto-171129,Executor4,Stage1-3-0,0,0,0,0,0,0,0,0
1784088241978,nx-q6-nexmark-auto-171129,Executor4,Stage1-3-0,0,0,0,0,0,0,0,0
1784088242978,nx-q6-nexmark-auto-171129,Executor4,Stage1-3-0,0,0,0,0,0,0,0,0
1784088243978,nx-q6-nexmark-auto-171129,Executor4,Stage1-3-0,0,0,0,0,0,0,0,0
1784088244978,nx-q6-nexmark-auto-171129,Executor4,Stage1-3-0,0,0,0,0,0,0,0,0
1784088245978,nx-q6-nexmark-auto-171129,Executor4,Stage1-3-0,0,0,0,0,0,0,0,0
1784088246978,nx-q6-nexmark-auto-171129,Executor4,Stage1-3-0,0,0,0,0,0,0,0,0
1784088247978,nx-q6-nexmark-auto-171129,Executor4,Stage1-3-0,0,0,0,0,0,0,0,0
1784088248978,nx-q6-nexmark-auto-171129,Executor4,Stage1-3-0,0,0,0,0,0,0,0,0
1784088249978,nx-q6-nexmark-auto-171129,Executor4,Stage1-3-0,0,0,0,0,0,0,0,0
1784088250978,nx-q6-nexmark-auto-171129,Executor4,Stage1-3-0,0,0,0,0,0,0,0,0
1784088251978,nx-q6-nexmark-auto-171129,Executor4,Stage1-3-0,0,0,0,0,0,0,0,0
1784088252978,nx-q6-nexmark-auto-171129,Executor4,Stage1-3-0,0,0,0,0,0,0,0,0
1784088253978,nx-q6-nexmark-auto-171129,Executor4,Stage1-3-0,0,0,0,0,0,0,0,0
1784088254978,nx-q6-nexmark-auto-171129,Executor4,Stage1-3-0,0,0,0,0,0,0,0,0
1784088255978,nx-q6-nexmark-auto-171129,Executor4,Stage1-3-0,0,0,0,0,0,0,0,0
1784088256978,nx-q6-nexmark-auto-171129,Executor4,Stage1-3-0,0,0,0,0,0,0,0,0
1784088257978,nx-q6-nexmark-auto-171129,Executor4,Stage1-3-0,0,0,0,0,0,0,0,0
1784088258978,nx-q6-nexmark-auto-171129,Executor4,Stage1-3-0,0,0,0,0,0,0,0,0
1784088259978,nx-q6-nexmark-auto-171129,Executor4,Stage1-3-0,0,0,0,0,0,0,0,0
1784088260978,nx-q6-nexmark-auto-171129,Executor4,Stage1-3-0,0,0,0,0,0,0,0,0
1784088261978,nx-q6-nexmark-auto-171129,Executor4,Stage1-3-0,0,0,0,0,0,0,0,0
1784088262978,nx-q6-nexmark-auto-171129,Executor4,Stage1-3-0,0,0,0,0,0,0,0,0
1784088263978,nx-q6-nexmark-auto-171129,Executor4,Stage1-3-0,0,0,0,0,0,0,0,0
1784088264978,nx-q6-nexmark-auto-171129,Executor4,Stage1-3-0,0,0,0,0,0,0,0,0
1784088265978,nx-q6-nexmark-auto-171129,Executor4,Stage1-3-0,0,0,0,0,0,0,0,0
1784088266978,nx-q6-nexmark-auto-171129,Executor4,Stage1-3-0,0,0,0,0,0,0,0,0
1784088267978,nx-q6-nexmark-auto-171129,Executor4,Stage1-3-0,0,0,0,0,0,0,0,0
1784088268978,nx-q6-nexmark-auto-171129,Executor4,Stage1-3-0,0,0,0,0,0,0,0,0
1784088269978,nx-q6-nexmark-auto-171129,Executor4,Stage1-3-0,0,0,0,0,0,0,0,0
1784088270978,nx-q6-nexmark-auto-171129,Executor4,Stage1-3-0,0,0,0,0,0,0,0,0
1784088271978,nx-q6-nexmark-auto-171129,Executor4,Stage1-3-0,0,0,0,0,0,0,0,0
1784088272978,nx-q6-nexmark-auto-171129,Executor4,Stage1-3-0,0,0,0,0,0,0,0,0
1784088273978,nx-q6-nexmark-auto-171129,Executor4,Stage1-3-0,0,0,0,0,0,0,0,0
1784088274978,nx-q6-nexmark-auto-171129,Executor4,Stage1-3-0,0,0,0,0,0,0,0,0
1784088275978,nx-q6-nexmark-auto-171129,Executor4,Stage1-3-0,0,0,0,0,0,0,0,0
1784088276978,nx-q6-nexmark-auto-171129,Executor4,Stage1-3-0,0,0,0,0,0,0,0,0
1784088277978,nx-q6-nexmark-auto-171129,Executor4,Stage1-3-0,0,0,0,0,0,0,0,0
1784088278978,nx-q6-nexmark-auto-171129,Executor4,Stage1-3-0,0,0,0,0,0,0,0,0
1784088279978,nx-q6-nexmark-auto-171129,Executor4,Stage1-3-0,0,0,0,0,0,0,0,0
1784088280978,nx-q6-nexmark-auto-171129,Executor4,Stage1-3-0,0,0,0,0,0,0,0,0
1784088281978,nx-q6-nexmark-auto-171129,Executor4,Stage1-3-0,0,0,0,0,0,0,0,0
1784088282978,nx-q6-nexmark-auto-171129,Executor4,Stage1-3-0,0,0,0,0,0,0,0,0
1784088283978,nx-q6-nexmark-auto-171129,Executor4,Stage1-3-0,0,0,0,0,0,0,0,0
1784088284978,nx-q6-nexmark-auto-171129,Executor4,Stage1-3-0,0,0,0,0,0,0,0,0
1784088285978,nx-q6-nexmark-auto-171129,Executor4,Stage1-3-0,0,0,0,0,0,0,0,0
1784088286978,nx-q6-nexmark-auto-171129,Executor4,Stage1-3-0,0,0,0,0,0,0,0,0
1784088287978,nx-q6-nexmark-auto-171129,Executor4,Stage1-3-0,0,0,0,0,0,0,0,0
1784088288978,nx-q6-nexmark-auto-171129,Executor4,Stage1-3-0,0,0,0,0,0,0,0,0
1784088289978,nx-q6-nexmark-auto-171129,Executor4,Stage1-3-0,0,0,0,0,0,0,0,0
1784088290978,nx-q6-nexmark-auto-171129,Executor4,Stage1-3-0,0,0,0,0,0,0,0,0
1784088291978,nx-q6-nexmark-auto-171129,Executor4,Stage1-3-0,0,0,0,0,0,0,0,0
1784088292978,nx-q6-nexmark-auto-171129,Executor4,Stage1-3-0,0,0,0,0,0,0,0,0
1784088293978,nx-q6-nexmark-auto-171129,Executor4,Stage1-3-0,0,0,0,0,0,0,0,0
1784088294978,nx-q6-nexmark-auto-171129,Executor4,Stage1-3-0,0,0,0,0,0,0,0,0
1784088295978,nx-q6-nexmark-auto-171129,Executor4,Stage1-3-0,0,0,0,0,0,0,0,0
1784088296978,nx-q6-nexmark-auto-171129,Executor4,Stage1-3-0,0,0,0,0,0,0,0,0
1784088297978,nx-q6-nexmark-auto-171129,Executor4,Stage1-3-0,0,0,0,0,0,0,0,0
1784088298978,nx-q6-nexmark-auto-171129,Executor4,Stage1-3-0,0,0,0,0,0,0,0,0
1784088299978,nx-q6-nexmark-auto-171129,Executor4,Stage1-3-0,0,0,0,0,0,0,0,0
1784088300978,nx-q6-nexmark-auto-171129,Executor4,Stage1-3-0,0,0,0,0,0,0,0,0
1784088301978,nx-q6-nexmark-auto-171129,Executor4,Stage1-3-0,0,0,0,0,0,0,0,0
1784088302978,nx-q6-nexmark-auto-171129,Executor4,Stage1-3-0,0,0,0,0,0,0,0,0
1784088303978,nx-q6-nexmark-auto-171129,Executor4,Stage1-3-0,0,0,0,0,0,0,0,0
1784088304978,nx-q6-nexmark-auto-171129,Executor4,Stage1-3-0,0,0,0,0,0,0,0,0
1784088305978,nx-q6-nexmark-auto-171129,Executor4,Stage1-3-0,0,0,0,0,0,0,0,0
1784088306978,nx-q6-nexmark-auto-171129,Executor4,Stage1-3-0,0,0,0,0,0,0,0,0
1784088307978,nx-q6-nexmark-auto-171129,Executor4,Stage1-3-0,0,0,0,0,0,0,0,0
1784088308978,nx-q6-nexmark-auto-171129,Executor4,Stage1-3-0,0,0,0,0,0,0,0,0
1784088309978,nx-q6-nexmark-auto-171129,Executor4,Stage1-3-0,0,0,0,0,0,0,0,0
1784088310978,nx-q6-nexmark-auto-171129,Executor4,Stage1-3-0,0,0,0,0,0,0,0,0
1784088311978,nx-q6-nexmark-auto-171129,Executor4,Stage1-3-0,0,0,0,0,0,0,0,0
1784088312978,nx-q6-nexmark-auto-171129,Executor4,Stage1-3-0,0,0,0,0,0,0,0,0
1784088313978,nx-q6-nexmark-auto-171129,Executor4,Stage1-3-0,0,0,0,0,0,0,0,0
1784088314978,nx-q6-nexmark-auto-171129,Executor4,Stage1-3-0,0,0,0,0,0,0,0,0
1784088315978,nx-q6-nexmark-auto-171129,Executor4,Stage1-3-0,0,0,0,0,0,0,0,0
1784088316978,nx-q6-nexmark-auto-171129,Executor4,Stage1-3-0,0,0,0,0,0,0,0,0
1784088317978,nx-q6-nexmark-auto-171129,Executor4,Stage1-3-0,0,0,0,0,0,0,0,0
1784088318978,nx-q6-nexmark-auto-171129,Executor4,Stage1-3-0,0,0,0,0,0,0,0,0
1784088319978,nx-q6-nexmark-auto-171129,Executor4,Stage1-3-0,0,0,0,0,0,0,0,0
1784088320978,nx-q6-nexmark-auto-171129,Executor4,Stage1-3-0,0,0,0,0,0,0,0,0
1784088321978,nx-q6-nexmark-auto-171129,Executor4,Stage1-3-0,0,0,0,0,0,0,0,0
1784088322978,nx-q6-nexmark-auto-171129,Executor4,Stage1-3-0,0,0,0,0,0,0,0,0
1784088323978,nx-q6-nexmark-auto-171129,Executor4,Stage1-3-0,0,0,0,0,0,0,0,0
1784088324978,nx-q6-nexmark-auto-171129,Executor4,Stage1-3-0,0,0,0,0,0,0,0,0
1784088325978,nx-q6-nexmark-auto-171129,Executor4,Stage1-3-0,0,0,0,0,0,0,0,0
1784088326978,nx-q6-nexmark-auto-171129,Executor4,Stage1-3-0,0,0,0,0,0,0,0,0
1784088327978,nx-q6-nexmark-auto-171129,Executor4,Stage1-3-0,0,0,0,0,0,0,0,0
1784088328978,nx-q6-nexmark-auto-171129,Executor4,Stage1-3-0,0,0,0,0,0,0,0,0
1784088329978,nx-q6-nexmark-auto-171129,Executor4,Stage1-3-0,0,0,0,0,0,0,0,0
1784088330978,nx-q6-nexmark-auto-171129,Executor4,Stage1-3-0,0,0,0,0,0,0,0,0
1784088331978,nx-q6-nexmark-auto-171129,Executor4,Stage1-3-0,0,0,0,0,0,0,0,0
1784088332978,nx-q6-nexmark-auto-171129,Executor4,Stage1-3-0,0,0,0,0,0,0,0,0
1784088333978,nx-q6-nexmark-auto-171129,Executor4,Stage1-3-0,0,0,0,0,0,0,0,0
1784088334978,nx-q6-nexmark-auto-171129,Executor4,Stage1-3-0,0,0,0,0,0,0,0,0
1784088335978,nx-q6-nexmark-auto-171129,Executor4,Stage1-3-0,0,0,0,0,0,0,0,0
1784088336978,nx-q6-nexmark-auto-171129,Executor4,Stage1-3-0,0,0,0,0,0,0,0,0
1784088337978,nx-q6-nexmark-auto-171129,Executor4,Stage1-3-0,0,0,0,0,0,0,0,0
1784088338978,nx-q6-nexmark-auto-171129,Executor4,Stage1-3-0,0,0,0,0,0,0,0,0
1784088339978,nx-q6-nexmark-auto-171129,Executor4,Stage1-3-0,0,0,0,0,0,0,0,0
1784088340978,nx-q6-nexmark-auto-171129,Executor4,Stage1-3-0,0,0,0,0,0,0,0,0
1784088341978,nx-q6-nexmark-auto-171129,Executor4,Stage1-3-0,0,0,0,0,0,0,0,0
1784088342978,nx-q6-nexmark-auto-171129,Executor4,Stage1-3-0,0,0,0,0,0,0,0,0
1784088343978,nx-q6-nexmark-auto-171129,Executor4,Stage1-3-0,0,0,0,0,0,0,0,0
1784088344978,nx-q6-nexmark-auto-171129,Executor4,Stage1-3-0,0,0,0,0,0,0,0,0
1784088345978,nx-q6-nexmark-auto-171129,Executor4,Stage1-3-0,0,0,0,0,0,0,0,0
1784088346978,nx-q6-nexmark-auto-171129,Executor4,Stage1-3-0,0,0,0,0,0,0,0,0
1784088347978,nx-q6-nexmark-auto-171129,Executor4,Stage1-3-0,0,0,0,0,0,0,0,0
1784088348978,nx-q6-nexmark-auto-171129,Executor4,Stage1-3-0,0,0,0,0,0,0,0,0
1784088349978,nx-q6-nexmark-auto-171129,Executor4,Stage1-3-0,0,0,0,0,0,0,0,0
1784088350978,nx-q6-nexmark-auto-171129,Executor4,Stage1-3-0,0,0,0,0,0,0,0,0
1784088351978,nx-q6-nexmark-auto-171129,Executor4,Stage1-3-0,0,0,0,0,0,0,0,0
1784088352978,nx-q6-nexmark-auto-171129,Executor4,Stage1-3-0,0,0,0,0,0,0,0,0
1784088353978,nx-q6-nexmark-auto-171129,Executor4,Stage1-3-0,0,0,0,0,0,0,0,0
1784088354978,nx-q6-nexmark-auto-171129,Executor4,Stage1-3-0,0,0,0,0,0,0,0,0
1784088355978,nx-q6-nexmark-auto-171129,Executor4,Stage1-3-0,0,0,0,0,0,0,0,0
1784088356978,nx-q6-nexmark-auto-171129,Executor4,Stage1-3-0,0,0,0,0,0,0,0,0
1784088357978,nx-q6-nexmark-auto-171129,Executor4,Stage1-3-0,0,0,0,0,0,0,0,0
1784088358978,nx-q6-nexmark-auto-171129,Executor4,Stage1-3-0,0,0,0,0,0,0,0,0
1784088359978,nx-q6-nexmark-auto-171129,Executor4,Stage1-3-0,0,0,0,0,0,0,0,0
1784088360978,nx-q6-nexmark-auto-171129,Executor4,Stage1-3-0,0,0,0,0,0,0,0,0
1784088361978,nx-q6-nexmark-auto-171129,Executor4,Stage1-3-0,0,0,0,0,0,0,0,0
1784088362978,nx-q6-nexmark-auto-171129,Executor4,Stage1-3-0,0,0,0,0,0,0,0,0
1784088363978,nx-q6-nexmark-auto-171129,Executor4,Stage1-3-0,0,0,0,0,0,0,0,0
1784088364978,nx-q6-nexmark-auto-171129,Executor4,Stage1-3-0,0,0,0,0,0,0,0,0
1784088365978,nx-q6-nexmark-auto-171129,Executor4,Stage1-3-0,0,0,0,0,0,0,0,0
1784088366978,nx-q6-nexmark-auto-171129,Executor4,Stage1-3-0,0,0,0,0,0,0,0,0
1784088367978,nx-q6-nexmark-auto-171129,Executor4,Stage1-3-0,0,0,0,0,0,0,0,0
1784088368978,nx-q6-nexmark-auto-171129,Executor4,Stage1-3-0,0,0,0,0,0,0,0,0
1784088369978,nx-q6-nexmark-auto-171129,Executor4,Stage1-3-0,0,0,0,0,0,0,0,0
1784088370978,nx-q6-nexmark-auto-171129,Executor4,Stage1-3-0,0,0,0,0,0,0,0,0
1784088371978,nx-q6-nexmark-auto-171129,Executor4,Stage1-3-0,0,0,0,0,0,0,0,0
1784088372978,nx-q6-nexmark-auto-171129,Executor4,Stage1-3-0,0,0,0,0,0,0,0,0
1784088373978,nx-q6-nexmark-auto-171129,Executor4,Stage1-3-0,0,0,0,0,0,0,0,0
1784088374978,nx-q6-nexmark-auto-171129,Executor4,Stage1-3-0,0,0,0,0,0,0,0,0
1784088375978,nx-q6-nexmark-auto-171129,Executor4,Stage1-3-0,0,0,0,0,0,0,0,0
1784088376978,nx-q6-nexmark-auto-171129,Executor4,Stage1-3-0,0,0,0,0,0,0,0,0
1784088377978,nx-q6-nexmark-auto-171129,Executor4,Stage1-3-0,0,0,0,0,0,0,0,0
1784088378978,nx-q6-nexmark-auto-171129,Executor4,Stage1-3-0,0,0,0,0,0,0,0,0
1784088379978,nx-q6-nexmark-auto-171129,Executor4,Stage1-3-0,0,0,0,0,0,0,0,0
1784088380978,nx-q6-nexmark-auto-171129,Executor4,Stage1-3-0,0,0,0,0,0,0,0,0
1784088381978,nx-q6-nexmark-auto-171129,Executor4,Stage1-3-0,0,0,0,0,0,0,0,0
1784088382978,nx-q6-nexmark-auto-171129,Executor4,Stage1-3-0,0,0,0,0,0,0,0,0
1784088383978,nx-q6-nexmark-auto-171129,Executor4,Stage1-3-0,0,0,0,0,0,0,0,0
1784088384978,nx-q6-nexmark-auto-171129,Executor4,Stage1-3-0,0,0,0,0,0,0,0,0
1784088385978,nx-q6-nexmark-auto-171129,Executor4,Stage1-3-0,0,0,0,0,0,0,0,0
1784088386978,nx-q6-nexmark-auto-171129,Executor4,Stage1-3-0,0,0,0,0,0,0,0,0
1784088387978,nx-q6-nexmark-auto-171129,Executor4,Stage1-3-0,0,0,0,0,0,0,0,0
1784088388978,nx-q6-nexmark-auto-171129,Executor4,Stage1-3-0,0,0,0,0,0,0,0,0
1784088389978,nx-q6-nexmark-auto-171129,Executor4,Stage1-3-0,0,0,0,0,0,0,0,0
1784088390978,nx-q6-nexmark-auto-171129,Executor4,Stage1-3-0,0,0,0,0,0,0,0,0
1784088391978,nx-q6-nexmark-auto-171129,Executor4,Stage1-3-0,0,0,0,0,0,0,0,0
1784088392978,nx-q6-nexmark-auto-171129,Executor4,Stage1-3-0,0,0,0,0,0,0,0,0
1784088393978,nx-q6-nexmark-auto-171129,Executor4,Stage1-3-0,0,0,0,0,0,0,0,0
1784088394978,nx-q6-nexmark-auto-171129,Executor4,Stage1-3-0,0,0,0,0,0,0,0,0
1784088395978,nx-q6-nexmark-auto-171129,Executor4,Stage1-3-0,0,0,0,0,0,0,0,0
1784088396978,nx-q6-nexmark-auto-171129,Executor4,Stage1-3-0,0,0,0,0,0,0,0,0
1784088397978,nx-q6-nexmark-auto-171129,Executor4,Stage1-3-0,0,0,0,0,0,0,0,0
1784088398978,nx-q6-nexmark-auto-171129,Executor4,Stage1-3-0,0,0,0,0,0,0,0,0
1784088399978,nx-q6-nexmark-auto-171129,Executor4,Stage1-3-0,0,0,0,0,0,0,0,0
1784088400978,nx-q6-nexmark-auto-171129,Executor4,Stage1-3-0,0,0,0,0,0,0,0,0
1784088401978,nx-q6-nexmark-auto-171129,Executor4,Stage1-3-0,0,0,0,0,0,0,0,0
1784088402978,nx-q6-nexmark-auto-171129,Executor4,Stage1-3-0,0,0,0,0,0,0,0,0
1784088403978,nx-q6-nexmark-auto-171129,Executor4,Stage1-3-0,0,0,0,0,0,0,0,0
1784088404978,nx-q6-nexmark-auto-171129,Executor4,Stage1-3-0,0,0,0,0,0,0,0,0
1784088405978,nx-q6-nexmark-auto-171129,Executor4,Stage1-3-0,0,0,0,0,0,0,0,0
1784088406978,nx-q6-nexmark-auto-171129,Executor4,Stage1-3-0,0,0,0,0,0,0,0,0
1784088407978,nx-q6-nexmark-auto-171129,Executor4,Stage1-3-0,0,0,0,0,0,0,0,0
1784088408978,nx-q6-nexmark-auto-171129,Executor4,Stage1-3-0,0,0,0,0,0,0,0,0
1784088409978,nx-q6-nexmark-auto-171129,Executor4,Stage1-3-0,0,0,0,0,0,0,0,0
1784088410978,nx-q6-nexmark-auto-171129,Executor4,Stage1-3-0,0,0,0,0,0,0,0,0
1784088411978,nx-q6-nexmark-auto-171129,Executor4,Stage1-3-0,0,0,0,0,0,0,0,0
1784088412978,nx-q6-nexmark-auto-171129,Executor4,Stage1-3-0,0,0,0,0,0,0,0,0
1784088413978,nx-q6-nexmark-auto-171129,Executor4,Stage1-3-0,0,0,0,0,0,0,0,0
1784088414978,nx-q6-nexmark-auto-171129,Executor4,Stage1-3-0,0,0,0,0,0,0,0,0
1784088415978,nx-q6-nexmark-auto-171129,Executor4,Stage1-3-0,0,0,0,0,0,0,0,0
1784088416978,nx-q6-nexmark-auto-171129,Executor4,Stage1-3-0,0,0,0,0,0,0,0,0
1784088417978,nx-q6-nexmark-auto-171129,Executor4,Stage1-3-0,0,0,0,0,0,0,0,0
1784088418978,nx-q6-nexmark-auto-171129,Executor4,Stage1-3-0,0,0,0,0,0,0,0,0
1784088419978,nx-q6-nexmark-auto-171129,Executor4,Stage1-3-0,0,0,0,0,0,0,0,0
1784088420978,nx-q6-nexmark-auto-171129,Executor4,Stage1-3-0,0,0,0,0,0,0,0,0
1784088421978,nx-q6-nexmark-auto-171129,Executor4,Stage1-3-0,0,0,0,0,0,0,0,0
1784088422978,nx-q6-nexmark-auto-171129,Executor4,Stage1-3-0,0,0,0,0,0,0,0,0
1784088423978,nx-q6-nexmark-auto-171129,Executor4,Stage1-3-0,0,0,0,0,0,0,0,0
1784088424978,nx-q6-nexmark-auto-171129,Executor4,Stage1-3-0,0,0,0,0,0,0,0,0
1784088425978,nx-q6-nexmark-auto-171129,Executor4,Stage1-3-0,0,0,0,0,0,0,0,0
1784088426978,nx-q6-nexmark-auto-171129,Executor4,Stage1-3-0,0,0,0,0,0,0,0,0
1784088427978,nx-q6-nexmark-auto-171129,Executor4,Stage1-3-0,0,0,0,0,0,0,0,0
1784088428978,nx-q6-nexmark-auto-171129,Executor4,Stage1-3-0,0,0,0,0,0,0,0,0
1784088429978,nx-q6-nexmark-auto-171129,Executor4,Stage1-3-0,0,0,0,0,0,0,0,0
1784088430978,nx-q6-nexmark-auto-171129,Executor4,Stage1-3-0,0,0,0,0,0,0,0,0
1784088431978,nx-q6-nexmark-auto-171129,Executor4,Stage1-3-0,0,0,0,0,0,0,0,0
1784088432978,nx-q6-nexmark-auto-171129,Executor4,Stage1-3-0,0,0,0,0,0,0,0,0
1784088433978,nx-q6-nexmark-auto-171129,Executor4,Stage1-3-0,0,0,0,0,0,0,0,0
1784088434978,nx-q6-nexmark-auto-171129,Executor4,Stage1-3-0,0,0,0,0,0,0,0,0
1784088435978,nx-q6-nexmark-auto-171129,Executor4,Stage1-3-0,0,0,0,0,0,0,0,0
1784088436978,nx-q6-nexmark-auto-171129,Executor4,Stage1-3-0,0,0,0,0,0,0,0,0
1784088437978,nx-q6-nexmark-auto-171129,Executor4,Stage1-3-0,0,0,0,0,0,0,0,0
1784088438978,nx-q6-nexmark-auto-171129,Executor4,Stage1-3-0,0,0,0,0,0,0,0,0
1784088439978,nx-q6-nexmark-auto-171129,Executor4,Stage1-3-0,0,0,0,0,0,0,0,0
1784088440978,nx-q6-nexmark-auto-171129,Executor4,Stage1-3-0,0,0,0,0,0,0,0,0
1784088441978,nx-q6-nexmark-auto-171129,Executor4,Stage1-3-0,0,0,0,0,0,0,0,0
1784088442978,nx-q6-nexmark-auto-171129,Executor4,Stage1-3-0,0,0,0,0,0,0,0,0
1784088443978,nx-q6-nexmark-auto-171129,Executor4,Stage1-3-0,0,0,0,0,0,0,0,0
1784088444978,nx-q6-nexmark-auto-171129,Executor4,Stage1-3-0,0,0,0,0,0,0,0,0
1784088445978,nx-q6-nexmark-auto-171129,Executor4,Stage1-3-0,0,0,0,0,0,0,0,0
1784088446978,nx-q6-nexmark-auto-171129,Executor4,Stage1-3-0,0,0,0,0,0,0,0,0
1784088447978,nx-q6-nexmark-auto-171129,Executor4,Stage1-3-0,0,0,0,0,0,0,0,0
1784088448978,nx-q6-nexmark-auto-171129,Executor4,Stage1-3-0,0,0,0,0,0,0,0,0
1784088449978,nx-q6-nexmark-auto-171129,Executor4,Stage1-3-0,0,0,0,0,0,0,0,0
1784088450978,nx-q6-nexmark-auto-171129,Executor4,Stage1-3-0,0,0,0,0,0,0,0,0
1784088451978,nx-q6-nexmark-auto-171129,Executor4,Stage1-3-0,0,0,0,0,0,0,0,0
1784088452978,nx-q6-nexmark-auto-171129,Executor4,Stage1-3-0,0,0,0,0,0,0,0,0
1784088453978,nx-q6-nexmark-auto-171129,Executor4,Stage1-3-0,0,0,0,0,0,0,0,0
1784088454978,nx-q6-nexmark-auto-171129,Executor4,Stage1-3-0,0,0,0,0,0,0,0,0
1784088455978,nx-q6-nexmark-auto-171129,Executor4,Stage1-3-0,0,0,0,0,0,0,0,0
1784088456978,nx-q6-nexmark-auto-171129,Executor4,Stage1-3-0,0,0,0,0,0,0,0,0
1784088457978,nx-q6-nexmark-auto-171129,Executor4,Stage1-3-0,0,0,0,0,0,0,0,0
1784088458978,nx-q6-nexmark-auto-171129,Executor4,Stage1-3-0,0,0,0,0,0,0,0,0
1784088459978,nx-q6-nexmark-auto-171129,Executor4,Stage1-3-0,0,0,0,0,0,0,0,0
1784088460978,nx-q6-nexmark-auto-171129,Executor4,Stage1-3-0,0,0,0,0,0,0,0,0
1784088461978,nx-q6-nexmark-auto-171129,Executor4,Stage1-3-0,0,0,0,0,0,0,0,0
1784088462978,nx-q6-nexmark-auto-171129,Executor4,Stage1-3-0,0,0,0,0,0,0,0,0
1784088463978,nx-q6-nexmark-auto-171129,Executor4,Stage1-3-0,0,0,0,0,0,0,0,0
1784088464978,nx-q6-nexmark-auto-171129,Executor4,Stage1-3-0,0,0,0,0,0,0,0,0
1784088465978,nx-q6-nexmark-auto-171129,Executor4,Stage1-3-0,0,0,0,0,0,0,0,0
1784088466978,nx-q6-nexmark-auto-171129,Executor4,Stage1-3-0,0,0,0,0,0,0,0,0
1784088467978,nx-q6-nexmark-auto-171129,Executor4,Stage1-3-0,0,0,0,0,0,0,0,0
1784088468978,nx-q6-nexmark-auto-171129,Executor4,Stage1-3-0,0,0,0,0,0,0,0,0
1784088469978,nx-q6-nexmark-auto-171129,Executor4,Stage1-3-0,0,0,0,0,0,0,0,0
1784088470978,nx-q6-nexmark-auto-171129,Executor4,Stage1-3-0,0,0,0,0,0,0,0,0
1784088471978,nx-q6-nexmark-auto-171129,Executor4,Stage1-3-0,0,0,0,0,0,0,0,0
1784088472978,nx-q6-nexmark-auto-171129,Executor4,Stage1-3-0,0,0,0,0,0,0,0,0
1784088473978,nx-q6-nexmark-auto-171129,Executor4,Stage1-3-0,0,0,0,0,0,0,0,0
1784088474978,nx-q6-nexmark-auto-171129,Executor4,Stage1-3-0,0,0,0,0,0,0,0,0
1784088475978,nx-q6-nexmark-auto-171129,Executor4,Stage1-3-0,0,0,0,0,0,0,0,0
1784088476978,nx-q6-nexmark-auto-171129,Executor4,Stage1-3-0,0,0,0,0,0,0,0,0
1784088477978,nx-q6-nexmark-auto-171129,Executor4,Stage1-3-0,0,0,0,0,0,0,0,0
1784088478978,nx-q6-nexmark-auto-171129,Executor4,Stage1-3-0,0,0,0,0,0,0,0,0
1784088479978,nx-q6-nexmark-auto-171129,Executor4,Stage1-3-0,0,0,0,0,0,0,0,0
1784088480978,nx-q6-nexmark-auto-171129,Executor4,Stage1-3-0,0,0,0,0,0,0,0,0
1784088481978,nx-q6-nexmark-auto-171129,Executor4,Stage1-3-0,0,0,0,0,0,0,0,0
1784088482978,nx-q6-nexmark-auto-171129,Executor4,Stage1-3-0,0,0,0,0,0,0,0,0
1784088483978,nx-q6-nexmark-auto-171129,Executor4,Stage1-3-0,0,0,0,0,0,0,0,0
1784088484978,nx-q6-nexmark-auto-171129,Executor4,Stage1-3-0,0,0,0,0,0,0,0,0
1784088485978,nx-q6-nexmark-auto-171129,Executor4,Stage1-3-0,0,0,0,0,0,0,0,0
1784088486978,nx-q6-nexmark-auto-171129,Executor4,Stage1-3-0,0,0,0,0,0,0,0,0
1784088487978,nx-q6-nexmark-auto-171129,Executor4,Stage1-3-0,0,0,0,0,0,0,0,0
1784088488978,nx-q6-nexmark-auto-171129,Executor4,Stage1-3-0,0,0,0,0,0,0,0,0
1784088489978,nx-q6-nexmark-auto-171129,Executor4,Stage1-3-0,0,0,0,0,0,0,0,0
1784088490978,nx-q6-nexmark-auto-171129,Executor4,Stage1-3-0,0,0,0,0,0,0,0,0
1784088491978,nx-q6-nexmark-auto-171129,Executor4,Stage1-3-0,0,0,0,0,0,0,0,0
1784088492978,nx-q6-nexmark-auto-171129,Executor4,Stage1-3-0,0,0,0,0,0,0,0,0
1784088493978,nx-q6-nexmark-auto-171129,Executor4,Stage1-3-0,0,0,0,0,0,0,0,0
1784088494978,nx-q6-nexmark-auto-171129,Executor4,Stage1-3-0,0,0,0,0,0,0,0,0
1784088495978,nx-q6-nexmark-auto-171129,Executor4,Stage1-3-0,0,0,0,0,0,0,0,0
1784088496978,nx-q6-nexmark-auto-171129,Executor4,Stage1-3-0,0,0,0,0,0,0,0,0
1784088497978,nx-q6-nexmark-auto-171129,Executor4,Stage1-3-0,0,0,0,0,0,0,0,0
1784088498978,nx-q6-nexmark-auto-171129,Executor4,Stage1-3-0,0,0,0,0,0,0,0,0
1784088499978,nx-q6-nexmark-auto-171129,Executor4,Stage1-3-0,0,0,0,0,0,0,0,0
1784088500978,nx-q6-nexmark-auto-171129,Executor4,Stage1-3-0,0,0,0,0,0,0,0,0
1784088501978,nx-q6-nexmark-auto-171129,Executor4,Stage1-3-0,0,0,0,0,0,0,0,0
1784088502978,nx-q6-nexmark-auto-171129,Executor4,Stage1-3-0,0,0,0,0,0,0,0,0
1784088503978,nx-q6-nexmark-auto-171129,Executor4,Stage1-3-0,0,0,0,0,0,0,0,0
1784088504978,nx-q6-nexmark-auto-171129,Executor4,Stage1-3-0,0,0,0,0,0,0,0,0
1784088505978,nx-q6-nexmark-auto-171129,Executor4,Stage1-3-0,0,0,0,0,0,0,0,0
1784088506978,nx-q6-nexmark-auto-171129,Executor4,Stage1-3-0,0,0,0,0,0,0,0,0
1784088507978,nx-q6-nexmark-auto-171129,Executor4,Stage1-3-0,0,0,0,0,0,0,0,0
1784088508978,nx-q6-nexmark-auto-171129,Executor4,Stage1-3-0,0,0,0,0,0,0,0,0
1784088509978,nx-q6-nexmark-auto-171129,Executor4,Stage1-3-0,0,0,0,0,0,0,0,0
1784088510978,nx-q6-nexmark-auto-171129,Executor4,Stage1-3-0,0,0,0,0,0,0,0,0
1784088511978,nx-q6-nexmark-auto-171129,Executor4,Stage1-3-0,0,0,0,0,0,0,0,0
1784088512978,nx-q6-nexmark-auto-171129,Executor4,Stage1-3-0,0,0,0,0,0,0,0,0
1784088513978,nx-q6-nexmark-auto-171129,Executor4,Stage1-3-0,0,0,0,0,0,0,0,0
1784088514978,nx-q6-nexmark-auto-171129,Executor4,Stage1-3-0,0,0,0,0,0,0,0,0
1784088515978,nx-q6-nexmark-auto-171129,Executor4,Stage1-3-0,0,0,0,0,0,0,0,0
1784088516978,nx-q6-nexmark-auto-171129,Executor4,Stage1-3-0,0,0,0,0,0,0,0,0
1784088517978,nx-q6-nexmark-auto-171129,Executor4,Stage1-3-0,0,0,0,0,0,0,0,0
1784088518978,nx-q6-nexmark-auto-171129,Executor4,Stage1-3-0,0,0,0,0,0,0,0,0
1784088519978,nx-q6-nexmark-auto-171129,Executor4,Stage1-3-0,0,0,0,0,0,0,0,0
1784088520978,nx-q6-nexmark-auto-171129,Executor4,Stage1-3-0,0,0,0,0,0,0,0,0
1784088521978,nx-q6-nexmark-auto-171129,Executor4,Stage1-3-0,0,0,0,0,0,0,0,0
1784088522978,nx-q6-nexmark-auto-171129,Executor4,Stage1-3-0,0,0,0,0,0,0,0,0
1784088523978,nx-q6-nexmark-auto-171129,Executor4,Stage1-3-0,0,0,0,0,0,0,0,0
1784088524978,nx-q6-nexmark-auto-171129,Executor4,Stage1-3-0,0,0,0,0,0,0,0,0
1784088525978,nx-q6-nexmark-auto-171129,Executor4,Stage1-3-0,0,0,0,0,0,0,0,0
1784088526978,nx-q6-nexmark-auto-171129,Executor4,Stage1-3-0,0,0,0,0,0,0,0,0
1784088527978,nx-q6-nexmark-auto-171129,Executor4,Stage1-3-0,0,0,0,0,0,0,0,0
1784088528978,nx-q6-nexmark-auto-171129,Executor4,Stage1-3-0,0,0,0,0,0,0,0,0
1784088529978,nx-q6-nexmark-auto-171129,Executor4,Stage1-3-0,0,0,0,0,0,0,0,0
1784088530978,nx-q6-nexmark-auto-171129,Executor4,Stage1-3-0,0,0,0,0,0,0,0,0
1784088531978,nx-q6-nexmark-auto-171129,Executor4,Stage1-3-0,0,0,0,0,0,0,0,0
1784088532978,nx-q6-nexmark-auto-171129,Executor4,Stage1-3-0,0,0,0,0,0,0,0,0
1784088533978,nx-q6-nexmark-auto-171129,Executor4,Stage1-3-0,0,0,0,0,0,0,0,0
1784088534978,nx-q6-nexmark-auto-171129,Executor4,Stage1-3-0,0,0,0,0,0,0,0,0
1784088535978,nx-q6-nexmark-auto-171129,Executor4,Stage1-3-0,0,0,0,0,0,0,0,0
1784088536978,nx-q6-nexmark-auto-171129,Executor4,Stage1-3-0,0,0,0,0,0,0,0,0
1784088537978,nx-q6-nexmark-auto-171129,Executor4,Stage1-3-0,0,0,0,0,0,0,0,0
1784088538978,nx-q6-nexmark-auto-171129,Executor4,Stage1-3-0,0,0,0,0,0,0,0,0
1784088539978,nx-q6-nexmark-auto-171129,Executor4,Stage1-3-0,0,0,0,0,0,0,0,0
1784088540978,nx-q6-nexmark-auto-171129,Executor4,Stage1-3-0,0,0,0,0,0,0,0,0
1784088541978,nx-q6-nexmark-auto-171129,Executor4,Stage1-3-0,0,0,0,0,0,0,0,0
1784088542978,nx-q6-nexmark-auto-171129,Executor4,Stage1-3-0,0,0,0,0,0,0,0,0
1784088543978,nx-q6-nexmark-auto-171129,Executor4,Stage1-3-0,0,0,0,0,0,0,0,0
1784088544978,nx-q6-nexmark-auto-171129,Executor4,Stage1-3-0,0,0,0,0,0,0,0,0
1784088545978,nx-q6-nexmark-auto-171129,Executor4,Stage1-3-0,0,0,0,0,0,0,0,0
1784088546978,nx-q6-nexmark-auto-171129,Executor4,Stage1-3-0,0,0,0,0,0,0,0,0
1784088547978,nx-q6-nexmark-auto-171129,Executor4,Stage1-3-0,0,0,0,0,0,0,0,0
1784088548978,nx-q6-nexmark-auto-171129,Executor4,Stage1-3-0,0,0,0,0,0,0,0,0
1784088549978,nx-q6-nexmark-auto-171129,Executor4,Stage1-3-0,0,0,0,0,0,0,0,0
1784088550978,nx-q6-nexmark-auto-171129,Executor4,Stage1-3-0,0,0,0,0,0,0,0,0
1784088551978,nx-q6-nexmark-auto-171129,Executor4,Stage1-3-0,0,0,0,0,0,0,0,0
1784088552978,nx-q6-nexmark-auto-171129,Executor4,Stage1-3-0,0,0,0,0,0,0,0,0
1784088553978,nx-q6-nexmark-auto-171129,Executor4,Stage1-3-0,0,0,0,0,0,0,0,0
1784088554978,nx-q6-nexmark-auto-171129,Executor4,Stage1-3-0,0,0,0,0,0,0,0,0
1784088555978,nx-q6-nexmark-auto-171129,Executor4,Stage1-3-0,0,0,0,0,0,0,0,0
1784088556978,nx-q6-nexmark-auto-171129,Executor4,Stage1-3-0,0,0,0,0,0,0,0,0
1784088557978,nx-q6-nexmark-auto-171129,Executor4,Stage1-3-0,0,0,0,0,0,0,0,0
1784088558978,nx-q6-nexmark-auto-171129,Executor4,Stage1-3-0,0,0,0,0,0,0,0,0
1784088559978,nx-q6-nexmark-auto-171129,Executor4,Stage1-3-0,0,0,0,0,0,0,0,0
1784088560978,nx-q6-nexmark-auto-171129,Executor4,Stage1-3-0,0,0,0,0,0,0,0,0
1784088561978,nx-q6-nexmark-auto-171129,Executor4,Stage1-3-0,0,0,0,0,0,0,0,0
1784088562978,nx-q6-nexmark-auto-171129,Executor4,Stage1-3-0,0,0,0,0,0,0,0,0
1784088563978,nx-q6-nexmark-auto-171129,Executor4,Stage1-3-0,0,0,0,0,0,0,0,0
1784088564978,nx-q6-nexmark-auto-171129,Executor4,Stage1-3-0,0,0,0,0,0,0,0,0
1784088565978,nx-q6-nexmark-auto-171129,Executor4,Stage1-3-0,0,0,0,0,0,0,0,0
1784088566978,nx-q6-nexmark-auto-171129,Executor4,Stage1-3-0,0,0,0,0,0,0,0,0
1784088567978,nx-q6-nexmark-auto-171129,Executor4,Stage1-3-0,0,0,0,0,0,0,0,0
1784088568978,nx-q6-nexmark-auto-171129,Executor4,Stage1-3-0,0,0,0,0,0,0,0,0
1784088569978,nx-q6-nexmark-auto-171129,Executor4,Stage1-3-0,0,0,0,0,0,0,0,0
1784088570978,nx-q6-nexmark-auto-171129,Executor4,Stage1-3-0,0,0,0,0,0,0,0,0
1784088571978,nx-q6-nexmark-auto-171129,Executor4,Stage1-3-0,0,0,0,0,0,0,0,0
1784088572978,nx-q6-nexmark-auto-171129,Executor4,Stage1-3-0,0,0,0,0,0,0,0,0
1784088573978,nx-q6-nexmark-auto-171129,Executor4,Stage1-3-0,0,0,0,0,0,0,0,0
1784088574978,nx-q6-nexmark-auto-171129,Executor4,Stage1-3-0,0,0,0,0,0,0,0,0
1784088575978,nx-q6-nexmark-auto-171129,Executor4,Stage1-3-0,0,0,0,0,0,0,0,0
1784088576978,nx-q6-nexmark-auto-171129,Executor4,Stage1-3-0,0,0,0,0,0,0,0,0
1784088577978,nx-q6-nexmark-auto-171129,Executor4,Stage1-3-0,0,0,0,0,0,0,0,0
1784088578978,nx-q6-nexmark-auto-171129,Executor4,Stage1-3-0,0,0,0,0,0,0,0,0
1784088579978,nx-q6-nexmark-auto-171129,Executor4,Stage1-3-0,0,0,0,0,0,0,0,0
1784088580978,nx-q6-nexmark-auto-171129,Executor4,Stage1-3-0,0,0,0,0,0,0,0,0
1784088581978,nx-q6-nexmark-auto-171129,Executor4,Stage1-3-0,0,0,0,0,0,0,0,0
1784088582978,nx-q6-nexmark-auto-171129,Executor4,Stage1-3-0,0,0,0,0,0,0,0,0
1784088583978,nx-q6-nexmark-auto-171129,Executor4,Stage1-3-0,0,0,0,0,0,0,0,0
1784088584978,nx-q6-nexmark-auto-171129,Executor4,Stage1-3-0,0,0,0,0,0,0,0,0
1784088585978,nx-q6-nexmark-auto-171129,Executor4,Stage1-3-0,0,0,0,0,0,0,0,0
1784088586978,nx-q6-nexmark-auto-171129,Executor4,Stage1-3-0,0,0,0,0,0,0,0,0
1784088587978,nx-q6-nexmark-auto-171129,Executor4,Stage1-3-0,0,0,0,0,0,0,0,0
1784088588978,nx-q6-nexmark-auto-171129,Executor4,Stage1-3-0,0,0,0,0,0,0,0,0
1784088589978,nx-q6-nexmark-auto-171129,Executor4,Stage1-3-0,0,0,0,0,0,0,0,0
1784088590978,nx-q6-nexmark-auto-171129,Executor4,Stage1-3-0,0,0,0,0,0,0,0,0
1784088591978,nx-q6-nexmark-auto-171129,Executor4,Stage1-3-0,0,0,0,0,0,0,0,0
1784088592978,nx-q6-nexmark-auto-171129,Executor4,Stage1-3-0,0,0,0,0,0,0,0,0
1784088593978,nx-q6-nexmark-auto-171129,Executor4,Stage1-3-0,0,0,0,0,0,0,0,0
1784088594978,nx-q6-nexmark-auto-171129,Executor4,Stage1-3-0,0,0,0,0,0,0,0,0
1784088595978,nx-q6-nexmark-auto-171129,Executor4,Stage1-3-0,0,0,0,0,0,0,0,0
1784088596978,nx-q6-nexmark-auto-171129,Executor4,Stage1-3-0,0,0,0,0,0,0,0,0
1784088597978,nx-q6-nexmark-auto-171129,Executor4,Stage1-3-0,0,0,0,0,0,0,0,0
1784088598978,nx-q6-nexmark-auto-171129,Executor4,Stage1-3-0,0,0,0,0,0,0,0,0
1784088599978,nx-q6-nexmark-auto-171129,Executor4,Stage1-3-0,0,0,0,0,0,0,0,0
1784088600978,nx-q6-nexmark-auto-171129,Executor4,Stage1-3-0,0,0,0,0,0,0,0,0
1784088601978,nx-q6-nexmark-auto-171129,Executor4,Stage1-3-0,0,0,0,0,0,0,0,0
1784088602978,nx-q6-nexmark-auto-171129,Executor4,Stage1-3-0,0,0,0,0,0,0,0,0
1784088603978,nx-q6-nexmark-auto-171129,Executor4,Stage1-3-0,0,0,0,0,0,0,0,0
1784088604978,nx-q6-nexmark-auto-171129,Executor4,Stage1-3-0,0,0,0,0,0,0,0,0
1784088605978,nx-q6-nexmark-auto-171129,Executor4,Stage1-3-0,0,0,0,0,0,0,0,0
1784088606978,nx-q6-nexmark-auto-171129,Executor4,Stage1-3-0,0,0,0,0,0,0,0,0
1784088607978,nx-q6-nexmark-auto-171129,Executor4,Stage1-3-0,0,0,0,0,0,0,0,0
1784088608978,nx-q6-nexmark-auto-171129,Executor4,Stage1-3-0,0,0,0,0,0,0,0,0
1784088609978,nx-q6-nexmark-auto-171129,Executor4,Stage1-3-0,0,0,0,0,0,0,0,0
1784088610978,nx-q6-nexmark-auto-171129,Executor4,Stage1-3-0,0,0,0,0,0,0,0,0
1784088611978,nx-q6-nexmark-auto-171129,Executor4,Stage1-3-0,0,0,0,0,0,0,0,0
1784088612978,nx-q6-nexmark-auto-171129,Executor4,Stage1-3-0,0,0,0,0,0,0,0,0
1784088613978,nx-q6-nexmark-auto-171129,Executor4,Stage1-3-0,0,0,0,0,0,0,0,0
1784088614978,nx-q6-nexmark-auto-171129,Executor4,Stage1-3-0,0,0,0,0,0,0,0,0
1784088615978,nx-q6-nexmark-auto-171129,Executor4,Stage1-3-0,0,0,0,0,0,0,0,0
1784088616978,nx-q6-nexmark-auto-171129,Executor4,Stage1-3-0,0,0,0,0,0,0,0,0
1784088617978,nx-q6-nexmark-auto-171129,Executor4,Stage1-3-0,0,0,0,0,0,0,0,0
1784088618978,nx-q6-nexmark-auto-171129,Executor4,Stage1-3-0,0,0,0,0,0,0,0,0
1784088619978,nx-q6-nexmark-auto-171129,Executor4,Stage1-3-0,0,0,0,0,0,0,0,0
1784088620978,nx-q6-nexmark-auto-171129,Executor4,Stage1-3-0,0,0,0,0,0,0,0,0
1784088621978,nx-q6-nexmark-auto-171129,Executor4,Stage1-3-0,0,0,0,0,0,0,0,0
1784088622978,nx-q6-nexmark-auto-171129,Executor4,Stage1-3-0,0,0,0,0,0,0,0,0
1784088623978,nx-q6-nexmark-auto-171129,Executor4,Stage1-3-0,0,0,0,0,0,0,0,0
1784088624978,nx-q6-nexmark-auto-171129,Executor4,Stage1-3-0,0,0,0,0,0,0,0,0
1784088625978,nx-q6-nexmark-auto-171129,Executor4,Stage1-3-0,0,0,0,0,0,0,0,0
1784088626978,nx-q6-nexmark-auto-171129,Executor4,Stage1-3-0,0,0,0,0,0,0,0,0
1784088627978,nx-q6-nexmark-auto-171129,Executor4,Stage1-3-0,0,0,0,0,0,0,0,0
1784088628978,nx-q6-nexmark-auto-171129,Executor4,Stage1-3-0,0,0,0,0,0,0,0,0
1784088629978,nx-q6-nexmark-auto-171129,Executor4,Stage1-3-0,0,0,0,0,0,0,0,0
1784088630978,nx-q6-nexmark-auto-171129,Executor4,Stage1-3-0,0,0,0,0,0,0,0,0
1784088631978,nx-q6-nexmark-auto-171129,Executor4,Stage1-3-0,0,0,0,0,0,0,0,0
1784088632978,nx-q6-nexmark-auto-171129,Executor4,Stage1-3-0,0,0,0,0,0,0,0,0
1784088633978,nx-q6-nexmark-auto-171129,Executor4,Stage1-3-0,0,0,0,0,0,0,0,0
1784088634978,nx-q6-nexmark-auto-171129,Executor4,Stage1-3-0,0,0,0,0,0,0,0,0
1784088635978,nx-q6-nexmark-auto-171129,Executor4,Stage1-3-0,0,0,0,0,0,0,0,0
1784088636978,nx-q6-nexmark-auto-171129,Executor4,Stage1-3-0,0,0,0,0,0,0,0,0
1784088637978,nx-q6-nexmark-auto-171129,Executor4,Stage1-3-0,0,0,0,0,0,0,0,0
1784088638978,nx-q6-nexmark-auto-171129,Executor4,Stage1-3-0,0,0,0,0,0,0,0,0
1784088639978,nx-q6-nexmark-auto-171129,Executor4,Stage1-3-0,0,0,0,0,0,0,0,0
1784088640978,nx-q6-nexmark-auto-171129,Executor4,Stage1-3-0,0,0,0,0,0,0,0,0
1784088641978,nx-q6-nexmark-auto-171129,Executor4,Stage1-3-0,0,0,0,0,0,0,0,0
1784088642978,nx-q6-nexmark-auto-171129,Executor4,Stage1-3-0,0,0,0,0,0,0,0,0
1784088643978,nx-q6-nexmark-auto-171129,Executor4,Stage1-3-0,0,0,0,0,0,0,0,0
1784088644978,nx-q6-nexmark-auto-171129,Executor4,Stage1-3-0,0,0,0,0,0,0,0,0
1784088645978,nx-q6-nexmark-auto-171129,Executor4,Stage1-3-0,0,0,0,0,0,0,0,0
1784088646978,nx-q6-nexmark-auto-171129,Executor4,Stage1-3-0,0,0,0,0,0,0,0,0
1784088647978,nx-q6-nexmark-auto-171129,Executor4,Stage1-3-0,0,0,0,0,0,0,0,0
1784088648978,nx-q6-nexmark-auto-171129,Executor4,Stage1-3-0,0,0,0,0,0,0,0,0
1784088649978,nx-q6-nexmark-auto-171129,Executor4,Stage1-3-0,0,0,0,0,0,0,0,0
1784088650978,nx-q6-nexmark-auto-171129,Executor4,Stage1-3-0,0,0,0,0,0,0,0,0
1784088651978,nx-q6-nexmark-auto-171129,Executor4,Stage1-3-0,0,0,0,0,0,0,0,0
1784088652978,nx-q6-nexmark-auto-171129,Executor4,Stage1-3-0,0,0,0,0,0,0,0,0
1784088653978,nx-q6-nexmark-auto-171129,Executor4,Stage1-3-0,0,0,0,0,0,0,0,0
1784088654978,nx-q6-nexmark-auto-171129,Executor4,Stage1-3-0,0,0,0,0,0,0,0,0
1784088655978,nx-q6-nexmark-auto-171129,Executor4,Stage1-3-0,0,0,0,0,0,0,0,0
1784088656978,nx-q6-nexmark-auto-171129,Executor4,Stage1-3-0,0,0,0,0,0,0,0,0
1784088657978,nx-q6-nexmark-auto-171129,Executor4,Stage1-3-0,0,0,0,0,0,0,0,0
1784088658978,nx-q6-nexmark-auto-171129,Executor4,Stage1-3-0,0,0,0,0,0,0,0,0
1784088659978,nx-q6-nexmark-auto-171129,Executor4,Stage1-3-0,0,0,0,0,0,0,0,0
1784088660978,nx-q6-nexmark-auto-171129,Executor4,Stage1-3-0,0,0,0,0,0,0,0,0
1784088661978,nx-q6-nexmark-auto-171129,Executor4,Stage1-3-0,0,0,0,0,0,0,0,0
1784088662978,nx-q6-nexmark-auto-171129,Executor4,Stage1-3-0,0,0,0,0,0,0,0,0
1784088663978,nx-q6-nexmark-auto-171129,Executor4,Stage1-3-0,0,0,0,0,0,0,0,0
1784088664978,nx-q6-nexmark-auto-171129,Executor4,Stage1-3-0,0,0,0,0,0,0,0,0
1784088665978,nx-q6-nexmark-auto-171129,Executor4,Stage1-3-0,0,0,0,0,0,0,0,0
1784088666978,nx-q6-nexmark-auto-171129,Executor4,Stage1-3-0,0,0,0,0,0,0,0,0
1784088667978,nx-q6-nexmark-auto-171129,Executor4,Stage1-3-0,0,0,0,0,0,0,0,0
1784088668978,nx-q6-nexmark-auto-171129,Executor4,Stage1-3-0,0,0,0,0,0,0,0,0
1784088669978,nx-q6-nexmark-auto-171129,Executor4,Stage1-3-0,0,0,0,0,0,0,0,0
1784088670978,nx-q6-nexmark-auto-171129,Executor4,Stage1-3-0,0,0,0,0,0,0,0,0
1784088671978,nx-q6-nexmark-auto-171129,Executor4,Stage1-3-0,0,0,0,0,0,0,0,0
1784088672978,nx-q6-nexmark-auto-171129,Executor4,Stage1-3-0,0,0,0,0,0,0,0,0
1784088673978,nx-q6-nexmark-auto-171129,Executor4,Stage1-3-0,0,0,0,0,0,0,0,0
1784088674978,nx-q6-nexmark-auto-171129,Executor4,Stage1-3-0,0,0,0,0,0,0,0,0
1784088675978,nx-q6-nexmark-auto-171129,Executor4,Stage1-3-0,0,0,0,0,0,0,0,0
1784088676978,nx-q6-nexmark-auto-171129,Executor4,Stage1-3-0,0,0,0,0,0,0,0,0
1784088677978,nx-q6-nexmark-auto-171129,Executor4,Stage1-3-0,0,0,0,0,0,0,0,0
1784088678978,nx-q6-nexmark-auto-171129,Executor4,Stage1-3-0,0,0,0,0,0,0,0,0
1784088679978,nx-q6-nexmark-auto-171129,Executor4,Stage1-3-0,0,0,0,0,0,0,0,0
1784088680978,nx-q6-nexmark-auto-171129,Executor4,Stage1-3-0,0,0,0,0,0,0,0,0
1784088681978,nx-q6-nexmark-auto-171129,Executor4,Stage1-3-0,0,0,0,0,0,0,0,0
1784088682978,nx-q6-nexmark-auto-171129,Executor4,Stage1-3-0,0,0,0,0,0,0,0,0
1784088683978,nx-q6-nexmark-auto-171129,Executor4,Stage1-3-0,0,0,0,0,0,0,0,0
1784088684978,nx-q6-nexmark-auto-171129,Executor4,Stage1-3-0,0,0,0,0,0,0,0,0
1784088685978,nx-q6-nexmark-auto-171129,Executor4,Stage1-3-0,0,0,0,0,0,0,0,0
1784088686978,nx-q6-nexmark-auto-171129,Executor4,Stage1-3-0,0,0,0,0,0,0,0,0
1784088687978,nx-q6-nexmark-auto-171129,Executor4,Stage1-3-0,0,0,0,0,0,0,0,0
1784088688978,nx-q6-nexmark-auto-171129,Executor4,Stage1-3-0,0,0,0,0,0,0,0,0
1784088689978,nx-q6-nexmark-auto-171129,Executor4,Stage1-3-0,0,0,0,0,0,0,0,0
1784088690978,nx-q6-nexmark-auto-171129,Executor4,Stage1-3-0,0,0,0,0,0,0,0,0
1784088691978,nx-q6-nexmark-auto-171129,Executor4,Stage1-3-0,0,0,0,0,0,0,0,0
1784088692978,nx-q6-nexmark-auto-171129,Executor4,Stage1-3-0,0,0,0,0,0,0,0,0
1784088693978,nx-q6-nexmark-auto-171129,Executor4,Stage1-3-0,0,0,0,0,0,0,0,0
1784088694978,nx-q6-nexmark-auto-171129,Executor4,Stage1-3-0,0,0,0,0,0,0,0,0
1784088695978,nx-q6-nexmark-auto-171129,Executor4,Stage1-3-0,0,0,0,0,0,0,0,0
1784088696978,nx-q6-nexmark-auto-171129,Executor4,Stage1-3-0,0,0,0,0,0,0,0,0
1784088697978,nx-q6-nexmark-auto-171129,Executor4,Stage1-3-0,0,0,0,0,0,0,0,0
1784088698978,nx-q6-nexmark-auto-171129,Executor4,Stage1-3-0,0,0,0,0,0,0,0,0
1784088699978,nx-q6-nexmark-auto-171129,Executor4,Stage1-3-0,0,0,0,0,0,0,0,0
1784088700978,nx-q6-nexmark-auto-171129,Executor4,Stage1-3-0,0,0,0,0,0,0,0,0
1784088701978,nx-q6-nexmark-auto-171129,Executor4,Stage1-3-0,0,0,0,0,0,0,0,0
1784088702978,nx-q6-nexmark-auto-171129,Executor4,Stage1-3-0,0,0,0,0,0,0,0,0
1784088703978,nx-q6-nexmark-auto-171129,Executor4,Stage1-3-0,0,0,0,0,0,0,0,0
1784088704978,nx-q6-nexmark-auto-171129,Executor4,Stage1-3-0,0,0,0,0,0,0,0,0
1784088705978,nx-q6-nexmark-auto-171129,Executor4,Stage1-3-0,0,0,0,0,0,0,0,0
1784088706978,nx-q6-nexmark-auto-171129,Executor4,Stage1-3-0,0,0,0,0,0,0,0,0
1784088707978,nx-q6-nexmark-auto-171129,Executor4,Stage1-3-0,0,0,0,0,0,0,0,0
1784088708978,nx-q6-nexmark-auto-171129,Executor4,Stage1-3-0,0,0,0,0,0,0,0,0
1784088709978,nx-q6-nexmark-auto-171129,Executor4,Stage1-3-0,0,0,0,0,0,0,0,0
1784088710978,nx-q6-nexmark-auto-171129,Executor4,Stage1-3-0,0,0,0,0,0,0,0,0
1784088711978,nx-q6-nexmark-auto-171129,Executor4,Stage1-3-0,0,0,0,0,0,0,0,0
1784088712978,nx-q6-nexmark-auto-171129,Executor4,Stage1-3-0,0,0,0,0,0,0,0,0
1784088713978,nx-q6-nexmark-auto-171129,Executor4,Stage1-3-0,0,0,0,0,0,0,0,0
1784088714978,nx-q6-nexmark-auto-171129,Executor4,Stage1-3-0,0,0,0,0,0,0,0,0
1784088715978,nx-q6-nexmark-auto-171129,Executor4,Stage1-3-0,0,0,0,0,0,0,0,0
1784088716978,nx-q6-nexmark-auto-171129,Executor4,Stage1-3-0,0,0,0,0,0,0,0,0
1784088717978,nx-q6-nexmark-auto-171129,Executor4,Stage1-3-0,0,0,0,0,0,0,0,0
1784088718978,nx-q6-nexmark-auto-171129,Executor4,Stage1-3-0,0,0,0,0,0,0,0,0
1784088719978,nx-q6-nexmark-auto-171129,Executor4,Stage1-3-0,0,0,0,0,0,0,0,0
1784088720978,nx-q6-nexmark-auto-171129,Executor4,Stage1-3-0,0,0,0,0,0,0,0,0
1784088721978,nx-q6-nexmark-auto-171129,Executor4,Stage1-3-0,0,0,0,0,0,0,0,0
1784088722978,nx-q6-nexmark-auto-171129,Executor4,Stage1-3-0,0,0,0,0,0,0,0,0
1784088723978,nx-q6-nexmark-auto-171129,Executor4,Stage1-3-0,0,0,0,0,0,0,0,0
1784088724978,nx-q6-nexmark-auto-171129,Executor4,Stage1-3-0,0,0,0,0,0,0,0,0
1784088725978,nx-q6-nexmark-auto-171129,Executor4,Stage1-3-0,0,0,0,0,0,0,0,0
1784088726978,nx-q6-nexmark-auto-171129,Executor4,Stage1-3-0,0,0,0,0,0,0,0,0
1784088727978,nx-q6-nexmark-auto-171129,Executor4,Stage1-3-0,0,0,0,0,0,0,0,0
1784088728978,nx-q6-nexmark-auto-171129,Executor4,Stage1-3-0,0,0,0,0,0,0,0,0
1784088729978,nx-q6-nexmark-auto-171129,Executor4,Stage1-3-0,0,0,0,0,0,0,0,0
1784088730978,nx-q6-nexmark-auto-171129,Executor4,Stage1-3-0,0,0,0,0,0,0,0,0
1784088731978,nx-q6-nexmark-auto-171129,Executor4,Stage1-3-0,0,0,0,0,0,0,0,0
1784088732978,nx-q6-nexmark-auto-171129,Executor4,Stage1-3-0,0,0,0,0,0,0,0,0
1784088733978,nx-q6-nexmark-auto-171129,Executor4,Stage1-3-0,0,0,0,0,0,0,0,0
1784088734978,nx-q6-nexmark-auto-171129,Executor4,Stage1-3-0,0,0,0,0,0,0,0,0
1784088735978,nx-q6-nexmark-auto-171129,Executor4,Stage1-3-0,0,0,0,0,0,0,0,0
1784088736978,nx-q6-nexmark-auto-171129,Executor4,Stage1-3-0,0,0,0,0,0,0,0,0
1784088737978,nx-q6-nexmark-auto-171129,Executor4,Stage1-3-0,0,0,0,0,0,0,0,0
1784088738978,nx-q6-nexmark-auto-171129,Executor4,Stage1-3-0,0,0,0,0,0,0,0,0
1784088739978,nx-q6-nexmark-auto-171129,Executor4,Stage1-3-0,0,0,0,0,0,0,0,0
1784088740978,nx-q6-nexmark-auto-171129,Executor4,Stage1-3-0,0,0,0,0,0,0,0,0
1784088741978,nx-q6-nexmark-auto-171129,Executor4,Stage1-3-0,0,0,0,0,0,0,0,0
1784088742978,nx-q6-nexmark-auto-171129,Executor4,Stage1-3-0,0,0,0,0,0,0,0,0
1784088743978,nx-q6-nexmark-auto-171129,Executor4,Stage1-3-0,0,0,0,0,0,0,0,0
1784088744978,nx-q6-nexmark-auto-171129,Executor4,Stage1-3-0,0,0,0,0,0,0,0,0
1784088745978,nx-q6-nexmark-auto-171129,Executor4,Stage1-3-0,0,0,0,0,0,0,0,0
1784088746978,nx-q6-nexmark-auto-171129,Executor4,Stage1-3-0,0,0,0,0,0,0,0,0
1784088747978,nx-q6-nexmark-auto-171129,Executor4,Stage1-3-0,0,0,0,0,0,0,0,0
1784088748978,nx-q6-nexmark-auto-171129,Executor4,Stage1-3-0,0,0,0,0,0,0,0,0
1784088749978,nx-q6-nexmark-auto-171129,Executor4,Stage1-3-0,0,0,0,0,0,0,0,0
1784088750978,nx-q6-nexmark-auto-171129,Executor4,Stage1-3-0,0,0,0,0,0,0,0,0
1784088751978,nx-q6-nexmark-auto-171129,Executor4,Stage1-3-0,0,0,0,0,0,0,0,0
1784088752978,nx-q6-nexmark-auto-171129,Executor4,Stage1-3-0,0,0,0,0,0,0,0,0
1784088753978,nx-q6-nexmark-auto-171129,Executor4,Stage1-3-0,0,0,0,0,0,0,0,0
1784088754978,nx-q6-nexmark-auto-171129,Executor4,Stage1-3-0,0,0,0,0,0,0,0,0
1784088755978,nx-q6-nexmark-auto-171129,Executor4,Stage1-3-0,0,0,0,0,0,0,0,0
1784088756978,nx-q6-nexmark-auto-171129,Executor4,Stage1-3-0,0,0,0,0,0,0,0,0
1784088757978,nx-q6-nexmark-auto-171129,Executor4,Stage1-3-0,0,0,0,0,0,0,0,0
1784088758978,nx-q6-nexmark-auto-171129,Executor4,Stage1-3-0,0,0,0,0,0,0,0,0
1784088759978,nx-q6-nexmark-auto-171129,Executor4,Stage1-3-0,0,0,0,0,0,0,0,0
1784088760978,nx-q6-nexmark-auto-171129,Executor4,Stage1-3-0,0,0,0,0,0,0,0,0
1784088761978,nx-q6-nexmark-auto-171129,Executor4,Stage1-3-0,0,0,0,0,0,0,0,0
1784088762978,nx-q6-nexmark-auto-171129,Executor4,Stage1-3-0,0,0,0,0,0,0,0,0
1784088763978,nx-q6-nexmark-auto-171129,Executor4,Stage1-3-0,0,0,0,0,0,0,0,0
1784088764978,nx-q6-nexmark-auto-171129,Executor4,Stage1-3-0,0,0,0,0,0,0,0,0
1784088765978,nx-q6-nexmark-auto-171129,Executor4,Stage1-3-0,0,0,0,0,0,0,0,0
1784088766979,nx-q6-nexmark-auto-171129,Executor4,Stage1-3-0,0,0,0,0,0,0,0,0
1784088767978,nx-q6-nexmark-auto-171129,Executor4,Stage1-3-0,0,0,0,0,0,0,0,0
1784088768978,nx-q6-nexmark-auto-171129,Executor4,Stage1-3-0,0,0,0,0,0,0,0,0
1784088769978,nx-q6-nexmark-auto-171129,Executor4,Stage1-3-0,0,0,0,0,0,0,0,0
1784088770978,nx-q6-nexmark-auto-171129,Executor4,Stage1-3-0,0,0,0,0,0,0,0,0
1784088771978,nx-q6-nexmark-auto-171129,Executor4,Stage1-3-0,0,0,0,0,0,0,0,0
1784088772978,nx-q6-nexmark-auto-171129,Executor4,Stage1-3-0,0,0,0,0,0,0,0,0
1784088773978,nx-q6-nexmark-auto-171129,Executor4,Stage1-3-0,0,0,0,0,0,0,0,0
1784088774978,nx-q6-nexmark-auto-171129,Executor4,Stage1-3-0,0,0,0,0,0,0,0,0
1784088775978,nx-q6-nexmark-auto-171129,Executor4,Stage1-3-0,0,0,0,0,0,0,0,0
1784088776978,nx-q6-nexmark-auto-171129,Executor4,Stage1-3-0,0,0,0,0,0,0,0,0
1784088777978,nx-q6-nexmark-auto-171129,Executor4,Stage1-3-0,0,0,0,0,0,0,0,0
1784088778978,nx-q6-nexmark-auto-171129,Executor4,Stage1-3-0,0,0,0,0,0,0,0,0
1784088779978,nx-q6-nexmark-auto-171129,Executor4,Stage1-3-0,0,0,0,0,0,0,0,0
1784088780978,nx-q6-nexmark-auto-171129,Executor4,Stage1-3-0,0,0,0,0,0,0,0,0
1784088781978,nx-q6-nexmark-auto-171129,Executor4,Stage1-3-0,0,0,0,0,0,0,0,0
1784088782978,nx-q6-nexmark-auto-171129,Executor4,Stage1-3-0,0,0,0,0,0,0,0,0
1784088783978,nx-q6-nexmark-auto-171129,Executor4,Stage1-3-0,0,0,0,0,0,0,0,0
1784088784978,nx-q6-nexmark-auto-171129,Executor4,Stage1-3-0,0,0,0,0,0,0,0,0
1784088785978,nx-q6-nexmark-auto-171129,Executor4,Stage1-3-0,0,0,0,0,0,0,0,0
1784088786978,nx-q6-nexmark-auto-171129,Executor4,Stage1-3-0,0,0,0,0,0,0,0,0
1784088787978,nx-q6-nexmark-auto-171129,Executor4,Stage1-3-0,0,0,0,0,0,0,0,0
1784088788978,nx-q6-nexmark-auto-171129,Executor4,Stage1-3-0,0,0,0,0,0,0,0,0
1784088789978,nx-q6-nexmark-auto-171129,Executor4,Stage1-3-0,0,0,0,0,0,0,0,0
1784088790978,nx-q6-nexmark-auto-171129,Executor4,Stage1-3-0,0,0,0,0,0,0,0,0
1784088791978,nx-q6-nexmark-auto-171129,Executor4,Stage1-3-0,0,0,0,0,0,0,0,0
1784088792978,nx-q6-nexmark-auto-171129,Executor4,Stage1-3-0,0,0,0,0,0,0,0,0
1784088793978,nx-q6-nexmark-auto-171129,Executor4,Stage1-3-0,0,0,0,0,0,0,0,0
1784088794978,nx-q6-nexmark-auto-171129,Executor4,Stage1-3-0,0,0,0,0,0,0,0,0
1784088795978,nx-q6-nexmark-auto-171129,Executor4,Stage1-3-0,0,0,0,0,0,0,0,0
1784088796978,nx-q6-nexmark-auto-171129,Executor4,Stage1-3-0,0,0,0,0,0,0,0,0
1784088797978,nx-q6-nexmark-auto-171129,Executor4,Stage1-3-0,0,0,0,0,0,0,0,0
1784088798978,nx-q6-nexmark-auto-171129,Executor4,Stage1-3-0,0,0,0,0,0,0,0,0
1784088799978,nx-q6-nexmark-auto-171129,Executor4,Stage1-3-0,0,0,0,0,0,0,0,0
1784088800978,nx-q6-nexmark-auto-171129,Executor4,Stage1-3-0,0,0,0,0,0,0,0,0
1784088801978,nx-q6-nexmark-auto-171129,Executor4,Stage1-3-0,0,0,0,0,0,0,0,0
1784088802978,nx-q6-nexmark-auto-171129,Executor4,Stage1-3-0,0,0,0,0,0,0,0,0
1784088803978,nx-q6-nexmark-auto-171129,Executor4,Stage1-3-0,0,0,0,0,0,0,0,0
1784088804978,nx-q6-nexmark-auto-171129,Executor4,Stage1-3-0,0,0,0,0,0,0,0,0
1784088805978,nx-q6-nexmark-auto-171129,Executor4,Stage1-3-0,0,0,0,0,0,0,0,0
1784088806978,nx-q6-nexmark-auto-171129,Executor4,Stage1-3-0,0,0,0,0,0,0,0,0
1784088807978,nx-q6-nexmark-auto-171129,Executor4,Stage1-3-0,0,0,0,0,0,0,0,0
1784088808978,nx-q6-nexmark-auto-171129,Executor4,Stage1-3-0,0,0,0,0,0,0,0,0
1784088809978,nx-q6-nexmark-auto-171129,Executor4,Stage1-3-0,0,0,0,0,0,0,0,0
1784088810978,nx-q6-nexmark-auto-171129,Executor4,Stage1-3-0,0,0,0,0,0,0,0,0
1784088811978,nx-q6-nexmark-auto-171129,Executor4,Stage1-3-0,0,0,0,0,0,0,0,0
1784088812978,nx-q6-nexmark-auto-171129,Executor4,Stage1-3-0,0,0,0,0,0,0,0,0
1784088813978,nx-q6-nexmark-auto-171129,Executor4,Stage1-3-0,0,0,0,0,0,0,0,0
1784088814978,nx-q6-nexmark-auto-171129,Executor4,Stage1-3-0,0,0,0,0,0,0,0,0
1784088815978,nx-q6-nexmark-auto-171129,Executor4,Stage1-3-0,0,0,0,0,0,0,0,0
1784088816978,nx-q6-nexmark-auto-171129,Executor4,Stage1-3-0,0,0,0,0,0,0,0,0
1784088817978,nx-q6-nexmark-auto-171129,Executor4,Stage1-3-0,0,0,0,0,0,0,0,0
1784088818978,nx-q6-nexmark-auto-171129,Executor4,Stage1-3-0,0,0,0,0,0,0,0,0
1784088819978,nx-q6-nexmark-auto-171129,Executor4,Stage1-3-0,0,0,0,0,0,0,0,0
1784088820978,nx-q6-nexmark-auto-171129,Executor4,Stage1-3-0,0,0,0,0,0,0,0,0
1784088821978,nx-q6-nexmark-auto-171129,Executor4,Stage1-3-0,0,0,0,0,0,0,0,0
1784088822978,nx-q6-nexmark-auto-171129,Executor4,Stage1-3-0,0,0,0,0,0,0,0,0
1784088823978,nx-q6-nexmark-auto-171129,Executor4,Stage1-3-0,0,0,0,0,0,0,0,0
1784088824978,nx-q6-nexmark-auto-171129,Executor4,Stage1-3-0,0,0,0,0,0,0,0,0
1784088825978,nx-q6-nexmark-auto-171129,Executor4,Stage1-3-0,0,0,0,0,0,0,0,0
1784088826978,nx-q6-nexmark-auto-171129,Executor4,Stage1-3-0,0,0,0,0,0,0,0,0
1784088827978,nx-q6-nexmark-auto-171129,Executor4,Stage1-3-0,0,0,0,0,0,0,0,0
1784088828978,nx-q6-nexmark-auto-171129,Executor4,Stage1-3-0,0,0,0,0,0,0,0,0
1784088829978,nx-q6-nexmark-auto-171129,Executor4,Stage1-3-0,0,0,0,0,0,0,0,0
1784088830978,nx-q6-nexmark-auto-171129,Executor4,Stage1-3-0,0,0,0,0,0,0,0,0
1784088831978,nx-q6-nexmark-auto-171129,Executor4,Stage1-3-0,0,0,0,0,0,0,0,0
1784088832978,nx-q6-nexmark-auto-171129,Executor4,Stage1-3-0,0,0,0,0,0,0,0,0
1784088833978,nx-q6-nexmark-auto-171129,Executor4,Stage1-3-0,0,0,0,0,0,0,0,0
1784088834978,nx-q6-nexmark-auto-171129,Executor4,Stage1-3-0,0,0,0,0,0,0,0,0
1784088835978,nx-q6-nexmark-auto-171129,Executor4,Stage1-3-0,0,0,0,0,0,0,0,0
1784088836978,nx-q6-nexmark-auto-171129,Executor4,Stage1-3-0,0,0,0,0,0,0,0,0
1784088837978,nx-q6-nexmark-auto-171129,Executor4,Stage1-3-0,0,0,0,0,0,0,0,0
1784088838978,nx-q6-nexmark-auto-171129,Executor4,Stage1-3-0,0,0,0,0,0,0,0,0
1784088839978,nx-q6-nexmark-auto-171129,Executor4,Stage1-3-0,0,0,0,0,0,0,0,0
1784088840978,nx-q6-nexmark-auto-171129,Executor4,Stage1-3-0,0,0,0,0,0,0,0,0
1784088841978,nx-q6-nexmark-auto-171129,Executor4,Stage1-3-0,0,0,0,0,0,0,0,0
1784088842978,nx-q6-nexmark-auto-171129,Executor4,Stage1-3-0,0,0,0,0,0,0,0,0
1784088843978,nx-q6-nexmark-auto-171129,Executor4,Stage1-3-0,0,0,0,0,0,0,0,0
1784088844978,nx-q6-nexmark-auto-171129,Executor4,Stage1-3-0,0,0,0,0,0,0,0,0
1784088845978,nx-q6-nexmark-auto-171129,Executor4,Stage1-3-0,0,0,0,0,0,0,0,0
1784088846978,nx-q6-nexmark-auto-171129,Executor4,Stage1-3-0,0,0,0,0,0,0,0,0
1784088847978,nx-q6-nexmark-auto-171129,Executor4,Stage1-3-0,0,0,0,0,0,0,0,0
1784088848978,nx-q6-nexmark-auto-171129,Executor4,Stage1-3-0,0,0,0,0,0,0,0,0
1784088849978,nx-q6-nexmark-auto-171129,Executor4,Stage1-3-0,0,0,0,0,0,0,0,0
1784088850978,nx-q6-nexmark-auto-171129,Executor4,Stage1-3-0,0,0,0,0,0,0,0,0
1784088851978,nx-q6-nexmark-auto-171129,Executor4,Stage1-3-0,0,0,0,0,0,0,0,0
1784088852978,nx-q6-nexmark-auto-171129,Executor4,Stage1-3-0,0,0,0,0,0,0,0,0
1784088853978,nx-q6-nexmark-auto-171129,Executor4,Stage1-3-0,0,0,0,0,0,0,0,0
1784088854978,nx-q6-nexmark-auto-171129,Executor4,Stage1-3-0,0,0,0,0,0,0,0,0
1784088855978,nx-q6-nexmark-auto-171129,Executor4,Stage1-3-0,0,0,0,0,0,0,0,0
1784088856978,nx-q6-nexmark-auto-171129,Executor4,Stage1-3-0,0,0,0,0,0,0,0,0
1784088857978,nx-q6-nexmark-auto-171129,Executor4,Stage1-3-0,0,0,0,0,0,0,0,0
1784088858978,nx-q6-nexmark-auto-171129,Executor4,Stage1-3-0,0,0,0,0,0,0,0,0
1784088859978,nx-q6-nexmark-auto-171129,Executor4,Stage1-3-0,0,0,0,0,0,0,0,0
1784088860978,nx-q6-nexmark-auto-171129,Executor4,Stage1-3-0,0,0,0,0,0,0,0,0
1784088861978,nx-q6-nexmark-auto-171129,Executor4,Stage1-3-0,0,0,0,0,0,0,0,0
1784088862978,nx-q6-nexmark-auto-171129,Executor4,Stage1-3-0,0,0,0,0,0,0,0,0
1784088863978,nx-q6-nexmark-auto-171129,Executor4,Stage1-3-0,0,0,0,0,0,0,0,0
1784088864978,nx-q6-nexmark-auto-171129,Executor4,Stage1-3-0,0,0,0,0,0,0,0,0
1784088865978,nx-q6-nexmark-auto-171129,Executor4,Stage1-3-0,0,0,0,0,0,0,0,0
1784088866978,nx-q6-nexmark-auto-171129,Executor4,Stage1-3-0,0,0,0,0,0,0,0,0
1784088867978,nx-q6-nexmark-auto-171129,Executor4,Stage1-3-0,0,0,0,0,0,0,0,0
1784088868978,nx-q6-nexmark-auto-171129,Executor4,Stage1-3-0,0,0,0,0,0,0,0,0
1784088869978,nx-q6-nexmark-auto-171129,Executor4,Stage1-3-0,0,0,0,0,0,0,0,0
1784088870978,nx-q6-nexmark-auto-171129,Executor4,Stage1-3-0,0,0,0,0,0,0,0,0
1784088871978,nx-q6-nexmark-auto-171129,Executor4,Stage1-3-0,0,0,0,0,0,0,0,0
1784088872978,nx-q6-nexmark-auto-171129,Executor4,Stage1-3-0,0,0,0,0,0,0,0,0
1784088873978,nx-q6-nexmark-auto-171129,Executor4,Stage1-3-0,0,0,0,0,0,0,0,0
1784088874978,nx-q6-nexmark-auto-171129,Executor4,Stage1-3-0,0,0,0,0,0,0,0,0
1784088875978,nx-q6-nexmark-auto-171129,Executor4,Stage1-3-0,0,0,0,0,0,0,0,0
1784088876978,nx-q6-nexmark-auto-171129,Executor4,Stage1-3-0,0,0,0,0,0,0,0,0
1784088877978,nx-q6-nexmark-auto-171129,Executor4,Stage1-3-0,0,0,0,0,0,0,0,0
1784088878978,nx-q6-nexmark-auto-171129,Executor4,Stage1-3-0,0,0,0,0,0,0,0,0
1784088879978,nx-q6-nexmark-auto-171129,Executor4,Stage1-3-0,0,0,0,0,0,0,0,0
1784088880978,nx-q6-nexmark-auto-171129,Executor4,Stage1-3-0,0,0,0,0,0,0,0,0
1784088881978,nx-q6-nexmark-auto-171129,Executor4,Stage1-3-0,0,0,0,0,0,0,0,0
1784088882978,nx-q6-nexmark-auto-171129,Executor4,Stage1-3-0,0,0,0,0,0,0,0,0
1784088883978,nx-q6-nexmark-auto-171129,Executor4,Stage1-3-0,0,0,0,0,0,0,0,0
1784088884978,nx-q6-nexmark-auto-171129,Executor4,Stage1-3-0,0,0,0,0,0,0,0,0
1784088885978,nx-q6-nexmark-auto-171129,Executor4,Stage1-3-0,0,0,0,0,0,0,0,0
1784088886978,nx-q6-nexmark-auto-171129,Executor4,Stage1-3-0,0,0,0,0,0,0,0,0
1784088887978,nx-q6-nexmark-auto-171129,Executor4,Stage1-3-0,0,0,0,0,0,0,0,0
1784088888978,nx-q6-nexmark-auto-171129,Executor4,Stage1-3-0,0,0,0,0,0,0,0,0
1784088889978,nx-q6-nexmark-auto-171129,Executor4,Stage1-3-0,0,0,0,0,0,0,0,0
1784088890978,nx-q6-nexmark-auto-171129,Executor4,Stage1-3-0,0,0,0,0,0,0,0,0
1784088891978,nx-q6-nexmark-auto-171129,Executor4,Stage1-3-0,0,0,0,0,0,0,0,0
1784088892978,nx-q6-nexmark-auto-171129,Executor4,Stage1-3-0,0,0,0,0,0,0,0,0
1784088893978,nx-q6-nexmark-auto-171129,Executor4,Stage1-3-0,0,0,0,0,0,0,0,0
1784088894978,nx-q6-nexmark-auto-171129,Executor4,Stage1-3-0,0,0,0,0,0,0,0,0
1784088895978,nx-q6-nexmark-auto-171129,Executor4,Stage1-3-0,0,0,0,0,0,0,0,0
1784088896978,nx-q6-nexmark-auto-171129,Executor4,Stage1-3-0,0,0,0,0,0,0,0,0
1784088897978,nx-q6-nexmark-auto-171129,Executor4,Stage1-3-0,0,0,0,0,0,0,0,0
1784088898978,nx-q6-nexmark-auto-171129,Executor4,Stage1-3-0,0,0,0,0,0,0,0,0
1784088899978,nx-q6-nexmark-auto-171129,Executor4,Stage1-3-0,0,0,0,0,0,0,0,0
1784088900978,nx-q6-nexmark-auto-171129,Executor4,Stage1-3-0,0,0,0,0,0,0,0,0
1784088901978,nx-q6-nexmark-auto-171129,Executor4,Stage1-3-0,0,0,0,0,0,0,0,0
1784088902978,nx-q6-nexmark-auto-171129,Executor4,Stage1-3-0,0,0,0,0,0,0,0,0
1784088903978,nx-q6-nexmark-auto-171129,Executor4,Stage1-3-0,0,0,0,0,0,0,0,0
1784088904978,nx-q6-nexmark-auto-171129,Executor4,Stage1-3-0,0,0,0,0,0,0,0,0
1784088905978,nx-q6-nexmark-auto-171129,Executor4,Stage1-3-0,0,0,0,0,0,0,0,0
1784088906978,nx-q6-nexmark-auto-171129,Executor4,Stage1-3-0,0,0,0,0,0,0,0,0
1784088907978,nx-q6-nexmark-auto-171129,Executor4,Stage1-3-0,0,0,0,0,0,0,0,0
1784088908978,nx-q6-nexmark-auto-171129,Executor4,Stage1-3-0,0,0,0,0,0,0,0,0
1784088909978,nx-q6-nexmark-auto-171129,Executor4,Stage1-3-0,0,0,0,0,0,0,0,0
1784088910978,nx-q6-nexmark-auto-171129,Executor4,Stage1-3-0,0,0,0,0,0,0,0,0
1784088911978,nx-q6-nexmark-auto-171129,Executor4,Stage1-3-0,0,0,0,0,0,0,0,0
1784088912978,nx-q6-nexmark-auto-171129,Executor4,Stage1-3-0,0,0,0,0,0,0,0,0
1784088913978,nx-q6-nexmark-auto-171129,Executor4,Stage1-3-0,0,0,0,0,0,0,0,0
1784088914978,nx-q6-nexmark-auto-171129,Executor4,Stage1-3-0,0,0,0,0,0,0,0,0
1784088915978,nx-q6-nexmark-auto-171129,Executor4,Stage1-3-0,0,0,0,0,0,0,0,0
1784088916978,nx-q6-nexmark-auto-171129,Executor4,Stage1-3-0,0,0,0,0,0,0,0,0
1784088917978,nx-q6-nexmark-auto-171129,Executor4,Stage1-3-0,0,0,0,0,0,0,0,0
1784088918978,nx-q6-nexmark-auto-171129,Executor4,Stage1-3-0,0,0,0,0,0,0,0,0
1784088919978,nx-q6-nexmark-auto-171129,Executor4,Stage1-3-0,0,0,0,0,0,0,0,0
1784088920978,nx-q6-nexmark-auto-171129,Executor4,Stage1-3-0,0,0,0,0,0,0,0,0
1784088921978,nx-q6-nexmark-auto-171129,Executor4,Stage1-3-0,0,0,0,0,0,0,0,0
1784088922978,nx-q6-nexmark-auto-171129,Executor4,Stage1-3-0,0,0,0,0,0,0,0,0
1784088923978,nx-q6-nexmark-auto-171129,Executor4,Stage1-3-0,0,0,0,0,0,0,0,0
1784088924978,nx-q6-nexmark-auto-171129,Executor4,Stage1-3-0,0,0,0,0,0,0,0,0
1784088925978,nx-q6-nexmark-auto-171129,Executor4,Stage1-3-0,0,0,0,0,0,0,0,0
1784088926978,nx-q6-nexmark-auto-171129,Executor4,Stage1-3-0,0,0,0,0,0,0,0,0
1784088927978,nx-q6-nexmark-auto-171129,Executor4,Stage1-3-0,0,0,0,0,0,0,0,0
1784088928978,nx-q6-nexmark-auto-171129,Executor4,Stage1-3-0,0,0,0,0,0,0,0,0
1784088929978,nx-q6-nexmark-auto-171129,Executor4,Stage1-3-0,0,0,0,0,0,0,0,0
1784088930978,nx-q6-nexmark-auto-171129,Executor4,Stage1-3-0,0,0,0,0,0,0,0,0
1784088931978,nx-q6-nexmark-auto-171129,Executor4,Stage1-3-0,0,0,0,0,0,0,0,0
1784088932978,nx-q6-nexmark-auto-171129,Executor4,Stage1-3-0,0,0,0,0,0,0,0,0
1784088933978,nx-q6-nexmark-auto-171129,Executor4,Stage1-3-0,0,0,0,0,0,0,0,0
1784088934978,nx-q6-nexmark-auto-171129,Executor4,Stage1-3-0,0,0,0,0,0,0,0,0
1784088935978,nx-q6-nexmark-auto-171129,Executor4,Stage1-3-0,0,0,0,0,0,0,0,0
1784088936978,nx-q6-nexmark-auto-171129,Executor4,Stage1-3-0,0,0,0,0,0,0,0,0
1784088937978,nx-q6-nexmark-auto-171129,Executor4,Stage1-3-0,0,0,0,0,0,0,0,0
1784088938978,nx-q6-nexmark-auto-171129,Executor4,Stage1-3-0,0,0,0,0,0,0,0,0
1784088939978,nx-q6-nexmark-auto-171129,Executor4,Stage1-3-0,0,0,0,0,0,0,0,0
1784088940978,nx-q6-nexmark-auto-171129,Executor4,Stage1-3-0,0,0,0,0,0,0,0,0
1784088941978,nx-q6-nexmark-auto-171129,Executor4,Stage1-3-0,0,0,0,0,0,0,0,0
1784088942978,nx-q6-nexmark-auto-171129,Executor4,Stage1-3-0,0,0,0,0,0,0,0,0
1784088943978,nx-q6-nexmark-auto-171129,Executor4,Stage1-3-0,0,0,0,0,0,0,0,0
1784088944978,nx-q6-nexmark-auto-171129,Executor4,Stage1-3-0,0,0,0,0,0,0,0,0
1784088945978,nx-q6-nexmark-auto-171129,Executor4,Stage1-3-0,0,0,0,0,0,0,0,0
1784088946978,nx-q6-nexmark-auto-171129,Executor4,Stage1-3-0,0,0,0,0,0,0,0,0
1784088947978,nx-q6-nexmark-auto-171129,Executor4,Stage1-3-0,0,0,0,0,0,0,0,0
1784088948978,nx-q6-nexmark-auto-171129,Executor4,Stage1-3-0,0,0,0,0,0,0,0,0
1784088949978,nx-q6-nexmark-auto-171129,Executor4,Stage1-3-0,0,0,0,0,0,0,0,0
1784088950978,nx-q6-nexmark-auto-171129,Executor4,Stage1-3-0,0,0,0,0,0,0,0,0
1784088951978,nx-q6-nexmark-auto-171129,Executor4,Stage1-3-0,0,0,0,0,0,0,0,0
1784088952978,nx-q6-nexmark-auto-171129,Executor4,Stage1-3-0,0,0,0,0,0,0,0,0
1784088953978,nx-q6-nexmark-auto-171129,Executor4,Stage1-3-0,0,0,0,0,0,0,0,0
1784088954978,nx-q6-nexmark-auto-171129,Executor4,Stage1-3-0,0,0,0,0,0,0,0,0
1784088955978,nx-q6-nexmark-auto-171129,Executor4,Stage1-3-0,0,0,0,0,0,0,0,0
1784088956978,nx-q6-nexmark-auto-171129,Executor4,Stage1-3-0,0,0,0,0,0,0,0,0
1784088957978,nx-q6-nexmark-auto-171129,Executor4,Stage1-3-0,0,0,0,0,0,0,0,0
1784088958978,nx-q6-nexmark-auto-171129,Executor4,Stage1-3-0,0,0,0,0,0,0,0,0
1784088959978,nx-q6-nexmark-auto-171129,Executor4,Stage1-3-0,0,0,0,0,0,0,0,0
1784088960978,nx-q6-nexmark-auto-171129,Executor4,Stage1-3-0,0,0,0,0,0,0,0,0
1784088961978,nx-q6-nexmark-auto-171129,Executor4,Stage1-3-0,0,0,0,0,0,0,0,0
1784088962978,nx-q6-nexmark-auto-171129,Executor4,Stage1-3-0,0,0,0,0,0,0,0,0
1784088963978,nx-q6-nexmark-auto-171129,Executor4,Stage1-3-0,0,0,0,0,0,0,0,0
1784088964978,nx-q6-nexmark-auto-171129,Executor4,Stage1-3-0,0,0,0,0,0,0,0,0
1784088965978,nx-q6-nexmark-auto-171129,Executor4,Stage1-3-0,0,0,0,0,0,0,0,0
1784088966978,nx-q6-nexmark-auto-171129,Executor4,Stage1-3-0,0,0,0,0,0,0,0,0
1784088967978,nx-q6-nexmark-auto-171129,Executor4,Stage1-3-0,0,0,0,0,0,0,0,0
1784088968978,nx-q6-nexmark-auto-171129,Executor4,Stage1-3-0,0,0,0,0,0,0,0,0
1784088969978,nx-q6-nexmark-auto-171129,Executor4,Stage1-3-0,0,0,0,0,0,0,0,0
1784088970978,nx-q6-nexmark-auto-171129,Executor4,Stage1-3-0,0,0,0,0,0,0,0,0
1784088971978,nx-q6-nexmark-auto-171129,Executor4,Stage1-3-0,0,0,0,0,0,0,0,0
1784088972978,nx-q6-nexmark-auto-171129,Executor4,Stage1-3-0,0,0,0,0,0,0,0,0
1784088973978,nx-q6-nexmark-auto-171129,Executor4,Stage1-3-0,0,0,0,0,0,0,0,0
1784088974978,nx-q6-nexmark-auto-171129,Executor4,Stage1-3-0,0,0,0,0,0,0,0,0
1784088975978,nx-q6-nexmark-auto-171129,Executor4,Stage1-3-0,0,0,0,0,0,0,0,0
1784088976978,nx-q6-nexmark-auto-171129,Executor4,Stage1-3-0,0,0,0,0,0,0,0,0
1784088977978,nx-q6-nexmark-auto-171129,Executor4,Stage1-3-0,0,0,0,0,0,0,0,0
1784088978978,nx-q6-nexmark-auto-171129,Executor4,Stage1-3-0,0,0,0,0,0,0,0,0
1784088979978,nx-q6-nexmark-auto-171129,Executor4,Stage1-3-0,0,0,0,0,0,0,0,0
1784088980978,nx-q6-nexmark-auto-171129,Executor4,Stage1-3-0,0,0,0,0,0,0,0,0
1784088981978,nx-q6-nexmark-auto-171129,Executor4,Stage1-3-0,0,0,0,0,0,0,0,0
1784088982978,nx-q6-nexmark-auto-171129,Executor4,Stage1-3-0,0,0,0,0,0,0,0,0
1784088983978,nx-q6-nexmark-auto-171129,Executor4,Stage1-3-0,0,0,0,0,0,0,0,0
1784088984978,nx-q6-nexmark-auto-171129,Executor4,Stage1-3-0,0,0,0,0,0,0,0,0
1784088985978,nx-q6-nexmark-auto-171129,Executor4,Stage1-3-0,0,0,0,0,0,0,0,0
1784088986978,nx-q6-nexmark-auto-171129,Executor4,Stage1-3-0,0,0,0,0,0,0,0,0
1784088987978,nx-q6-nexmark-auto-171129,Executor4,Stage1-3-0,0,0,0,0,0,0,0,0
1784088988978,nx-q6-nexmark-auto-171129,Executor4,Stage1-3-0,0,0,0,0,0,0,0,0
1784088989978,nx-q6-nexmark-auto-171129,Executor4,Stage1-3-0,0,0,0,0,0,0,0,0
1784088990978,nx-q6-nexmark-auto-171129,Executor4,Stage1-3-0,0,0,0,0,0,0,0,0
1784088991978,nx-q6-nexmark-auto-171129,Executor4,Stage1-3-0,0,0,0,0,0,0,0,0
1784088992978,nx-q6-nexmark-auto-171129,Executor4,Stage1-3-0,0,0,0,0,0,0,0,0
1784088993978,nx-q6-nexmark-auto-171129,Executor4,Stage1-3-0,0,0,0,0,0,0,0,0
1784088994978,nx-q6-nexmark-auto-171129,Executor4,Stage1-3-0,0,0,0,0,0,0,0,0
1784088995978,nx-q6-nexmark-auto-171129,Executor4,Stage1-3-0,0,0,0,0,0,0,0,0
1784088996978,nx-q6-nexmark-auto-171129,Executor4,Stage1-3-0,0,0,0,0,0,0,0,0
1784088997978,nx-q6-nexmark-auto-171129,Executor4,Stage1-3-0,0,0,0,0,0,0,0,0
1784088998978,nx-q6-nexmark-auto-171129,Executor4,Stage1-3-0,0,0,0,0,0,0,0,0
1784088999978,nx-q6-nexmark-auto-171129,Executor4,Stage1-3-0,0,0,0,0,0,0,0,0
1784089000978,nx-q6-nexmark-auto-171129,Executor4,Stage1-3-0,0,0,0,0,0,0,0,0
1784089001978,nx-q6-nexmark-auto-171129,Executor4,Stage1-3-0,0,0,0,0,0,0,0,0
1784089002978,nx-q6-nexmark-auto-171129,Executor4,Stage1-3-0,0,0,0,0,0,0,0,0
1784089003978,nx-q6-nexmark-auto-171129,Executor4,Stage1-3-0,0,0,0,0,0,0,0,0
1784089004978,nx-q6-nexmark-auto-171129,Executor4,Stage1-3-0,0,0,0,0,0,0,0,0
1784089005978,nx-q6-nexmark-auto-171129,Executor4,Stage1-3-0,0,0,0,0,0,0,0,0
1784089006978,nx-q6-nexmark-auto-171129,Executor4,Stage1-3-0,0,0,0,0,0,0,0,0
1784089007978,nx-q6-nexmark-auto-171129,Executor4,Stage1-3-0,0,0,0,0,0,0,0,0
1784089008978,nx-q6-nexmark-auto-171129,Executor4,Stage1-3-0,0,0,0,0,0,0,0,0
1784089009978,nx-q6-nexmark-auto-171129,Executor4,Stage1-3-0,0,0,0,0,0,0,0,0
1784089010978,nx-q6-nexmark-auto-171129,Executor4,Stage1-3-0,0,0,0,0,0,0,0,0
1784089011978,nx-q6-nexmark-auto-171129,Executor4,Stage1-3-0,0,0,0,0,0,0,0,0
1784089012978,nx-q6-nexmark-auto-171129,Executor4,Stage1-3-0,0,0,0,0,0,0,0,0
1784089013978,nx-q6-nexmark-auto-171129,Executor4,Stage1-3-0,0,0,0,0,0,0,0,0
1784089014978,nx-q6-nexmark-auto-171129,Executor4,Stage1-3-0,0,0,0,0,0,0,0,0
1784089015978,nx-q6-nexmark-auto-171129,Executor4,Stage1-3-0,0,0,0,0,0,0,0,0
1784089016978,nx-q6-nexmark-auto-171129,Executor4,Stage1-3-0,0,0,0,0,0,0,0,0
1784089017978,nx-q6-nexmark-auto-171129,Executor4,Stage1-3-0,0,0,0,0,0,0,0,0
1784089018978,nx-q6-nexmark-auto-171129,Executor4,Stage1-3-0,0,0,0,0,0,0,0,0
1784089019978,nx-q6-nexmark-auto-171129,Executor4,Stage1-3-0,0,0,0,0,0,0,0,0
1784089020978,nx-q6-nexmark-auto-171129,Executor4,Stage1-3-0,0,0,0,0,0,0,0,0
1784089021978,nx-q6-nexmark-auto-171129,Executor4,Stage1-3-0,0,0,0,0,0,0,0,0
1784089022978,nx-q6-nexmark-auto-171129,Executor4,Stage1-3-0,0,0,0,0,0,0,0,0
1784089023978,nx-q6-nexmark-auto-171129,Executor4,Stage1-3-0,0,0,0,0,0,0,0,0
1784089024978,nx-q6-nexmark-auto-171129,Executor4,Stage1-3-0,0,0,0,0,0,0,0,0
1784089025978,nx-q6-nexmark-auto-171129,Executor4,Stage1-3-0,0,0,0,0,0,0,0,0
1784089026978,nx-q6-nexmark-auto-171129,Executor4,Stage1-3-0,0,0,0,0,0,0,0,0
1784089027978,nx-q6-nexmark-auto-171129,Executor4,Stage1-3-0,0,0,0,0,0,0,0,0
1784089028978,nx-q6-nexmark-auto-171129,Executor4,Stage1-3-0,0,0,0,0,0,0,0,0
1784089029978,nx-q6-nexmark-auto-171129,Executor4,Stage1-3-0,0,0,0,0,0,0,0,0
1784089030978,nx-q6-nexmark-auto-171129,Executor4,Stage1-3-0,0,0,0,0,0,0,0,0
1784089031978,nx-q6-nexmark-auto-171129,Executor4,Stage1-3-0,0,0,0,0,0,0,0,0
1784089032978,nx-q6-nexmark-auto-171129,Executor4,Stage1-3-0,0,0,0,0,0,0,0,0
1784089033978,nx-q6-nexmark-auto-171129,Executor4,Stage1-3-0,0,0,0,0,0,0,0,0
1784089034978,nx-q6-nexmark-auto-171129,Executor4,Stage1-3-0,0,0,0,0,0,0,0,0
1784089035978,nx-q6-nexmark-auto-171129,Executor4,Stage1-3-0,0,0,0,0,0,0,0,0
1784089036978,nx-q6-nexmark-auto-171129,Executor4,Stage1-3-0,0,0,0,0,0,0,0,0
1784089037978,nx-q6-nexmark-auto-171129,Executor4,Stage1-3-0,0,0,0,0,0,0,0,0
1784089038978,nx-q6-nexmark-auto-171129,Executor4,Stage1-3-0,0,0,0,0,0,0,0,0
1784089039978,nx-q6-nexmark-auto-171129,Executor4,Stage1-3-0,0,0,0,0,0,0,0,0
1784089040978,nx-q6-nexmark-auto-171129,Executor4,Stage1-3-0,0,0,0,0,0,0,0,0
1784089041978,nx-q6-nexmark-auto-171129,Executor4,Stage1-3-0,0,0,0,0,0,0,0,0
1784089042978,nx-q6-nexmark-auto-171129,Executor4,Stage1-3-0,0,0,0,0,0,0,0,0
1784089043978,nx-q6-nexmark-auto-171129,Executor4,Stage1-3-0,0,0,0,0,0,0,0,0
1784089044978,nx-q6-nexmark-auto-171129,Executor4,Stage1-3-0,0,0,0,0,0,0,0,0
1784089045978,nx-q6-nexmark-auto-171129,Executor4,Stage1-3-0,0,0,0,0,0,0,0,0
1784089046978,nx-q6-nexmark-auto-171129,Executor4,Stage1-3-0,0,0,0,0,0,0,0,0
1784089047978,nx-q6-nexmark-auto-171129,Executor4,Stage1-3-0,0,0,0,0,0,0,0,0
1784089048978,nx-q6-nexmark-auto-171129,Executor4,Stage1-3-0,0,0,0,0,0,0,0,0
1784089049978,nx-q6-nexmark-auto-171129,Executor4,Stage1-3-0,0,0,0,0,0,0,0,0
1784089050978,nx-q6-nexmark-auto-171129,Executor4,Stage1-3-0,0,0,0,0,0,0,0,0
1784089051978,nx-q6-nexmark-auto-171129,Executor4,Stage1-3-0,0,0,0,0,0,0,0,0
1784089052978,nx-q6-nexmark-auto-171129,Executor4,Stage1-3-0,0,0,0,0,0,0,0,0
1784089053978,nx-q6-nexmark-auto-171129,Executor4,Stage1-3-0,0,0,0,0,0,0,0,0
1784089054978,nx-q6-nexmark-auto-171129,Executor4,Stage1-3-0,0,0,0,0,0,0,0,0
1784089055978,nx-q6-nexmark-auto-171129,Executor4,Stage1-3-0,0,0,0,0,0,0,0,0
1784089056978,nx-q6-nexmark-auto-171129,Executor4,Stage1-3-0,0,0,0,0,0,0,0,0
1784089057978,nx-q6-nexmark-auto-171129,Executor4,Stage1-3-0,0,0,0,0,0,0,0,0
1784089058978,nx-q6-nexmark-auto-171129,Executor4,Stage1-3-0,0,0,0,0,0,0,0,0
1784089059978,nx-q6-nexmark-auto-171129,Executor4,Stage1-3-0,0,0,0,0,0,0,0,0
1784089060978,nx-q6-nexmark-auto-171129,Executor4,Stage1-3-0,0,0,0,0,0,0,0,0
1784089061978,nx-q6-nexmark-auto-171129,Executor4,Stage1-3-0,0,0,0,0,0,0,0,0
1784089062978,nx-q6-nexmark-auto-171129,Executor4,Stage1-3-0,0,0,0,0,0,0,0,0
1784089063978,nx-q6-nexmark-auto-171129,Executor4,Stage1-3-0,0,0,0,0,0,0,0,0
1784089064978,nx-q6-nexmark-auto-171129,Executor4,Stage1-3-0,0,0,0,0,0,0,0,0
1784089065978,nx-q6-nexmark-auto-171129,Executor4,Stage1-3-0,0,0,0,0,0,0,0,0
1784089066978,nx-q6-nexmark-auto-171129,Executor4,Stage1-3-0,0,0,0,0,0,0,0,0
1784089067978,nx-q6-nexmark-auto-171129,Executor4,Stage1-3-0,0,0,0,0,0,0,0,0
1784089068978,nx-q6-nexmark-auto-171129,Executor4,Stage1-3-0,0,0,0,0,0,0,0,0
1784089069978,nx-q6-nexmark-auto-171129,Executor4,Stage1-3-0,0,0,0,0,0,0,0,0
1784089070978,nx-q6-nexmark-auto-171129,Executor4,Stage1-3-0,0,0,0,0,0,0,0,0
1784089071978,nx-q6-nexmark-auto-171129,Executor4,Stage1-3-0,0,0,0,0,0,0,0,0
1784089072978,nx-q6-nexmark-auto-171129,Executor4,Stage1-3-0,0,0,0,0,0,0,0,0
1784089073978,nx-q6-nexmark-auto-171129,Executor4,Stage1-3-0,0,0,0,0,0,0,0,0
1784089074978,nx-q6-nexmark-auto-171129,Executor4,Stage1-3-0,0,0,0,0,0,0,0,0
1784089075978,nx-q6-nexmark-auto-171129,Executor4,Stage1-3-0,0,0,0,0,0,0,0,0
1784089076978,nx-q6-nexmark-auto-171129,Executor4,Stage1-3-0,0,0,0,0,0,0,0,0
1784089077978,nx-q6-nexmark-auto-171129,Executor4,Stage1-3-0,0,0,0,0,0,0,0,0
1784089078978,nx-q6-nexmark-auto-171129,Executor4,Stage1-3-0,0,0,0,0,0,0,0,0
1784089079978,nx-q6-nexmark-auto-171129,Executor4,Stage1-3-0,0,0,0,0,0,0,0,0
1784089080978,nx-q6-nexmark-auto-171129,Executor4,Stage1-3-0,0,0,0,0,0,0,0,0
1784089081978,nx-q6-nexmark-auto-171129,Executor4,Stage1-3-0,0,0,0,0,0,0,0,0
1784089082978,nx-q6-nexmark-auto-171129,Executor4,Stage1-3-0,0,0,0,0,0,0,0,0
1784089083978,nx-q6-nexmark-auto-171129,Executor4,Stage1-3-0,0,0,0,0,0,0,0,0
1784089084978,nx-q6-nexmark-auto-171129,Executor4,Stage1-3-0,0,0,0,0,0,0,0,0
1784089085978,nx-q6-nexmark-auto-171129,Executor4,Stage1-3-0,0,0,0,0,0,0,0,0
1784089086978,nx-q6-nexmark-auto-171129,Executor4,Stage1-3-0,0,0,0,0,0,0,0,0
1784089087978,nx-q6-nexmark-auto-171129,Executor4,Stage1-3-0,0,0,0,0,0,0,0,0
1784089088978,nx-q6-nexmark-auto-171129,Executor4,Stage1-3-0,0,0,0,0,0,0,0,0
1784089089978,nx-q6-nexmark-auto-171129,Executor4,Stage1-3-0,0,0,0,0,0,0,0,0
1784089090978,nx-q6-nexmark-auto-171129,Executor4,Stage1-3-0,0,0,0,0,0,0,0,0
1784089091978,nx-q6-nexmark-auto-171129,Executor4,Stage1-3-0,0,0,0,0,0,0,0,0
1784089092978,nx-q6-nexmark-auto-171129,Executor4,Stage1-3-0,0,0,0,0,0,0,0,0
1784089093978,nx-q6-nexmark-auto-171129,Executor4,Stage1-3-0,0,0,0,0,0,0,0,0
1784089094978,nx-q6-nexmark-auto-171129,Executor4,Stage1-3-0,0,0,0,0,0,0,0,0
1784089095978,nx-q6-nexmark-auto-171129,Executor4,Stage1-3-0,0,0,0,0,0,0,0,0
1784089096978,nx-q6-nexmark-auto-171129,Executor4,Stage1-3-0,0,0,0,0,0,0,0,0
1784089097978,nx-q6-nexmark-auto-171129,Executor4,Stage1-3-0,0,0,0,0,0,0,0,0
1784089098978,nx-q6-nexmark-auto-171129,Executor4,Stage1-3-0,0,0,0,0,0,0,0,0
1784089099978,nx-q6-nexmark-auto-171129,Executor4,Stage1-3-0,0,0,0,0,0,0,0,0
1784089100978,nx-q6-nexmark-auto-171129,Executor4,Stage1-3-0,0,0,0,0,0,0,0,0
1784089101978,nx-q6-nexmark-auto-171129,Executor4,Stage1-3-0,0,0,0,0,0,0,0,0
1784089102978,nx-q6-nexmark-auto-171129,Executor4,Stage1-3-0,0,0,0,0,0,0,0,0
1784089103978,nx-q6-nexmark-auto-171129,Executor4,Stage1-3-0,0,0,0,0,0,0,0,0
1784089104978,nx-q6-nexmark-auto-171129,Executor4,Stage1-3-0,0,0,0,0,0,0,0,0
1784089105978,nx-q6-nexmark-auto-171129,Executor4,Stage1-3-0,0,0,0,0,0,0,0,0
1784089106978,nx-q6-nexmark-auto-171129,Executor4,Stage1-3-0,0,0,0,0,0,0,0,0
1784089107978,nx-q6-nexmark-auto-171129,Executor4,Stage1-3-0,0,0,0,0,0,0,0,0
1784089108978,nx-q6-nexmark-auto-171129,Executor4,Stage1-3-0,0,0,0,0,0,0,0,0
1784089109978,nx-q6-nexmark-auto-171129,Executor4,Stage1-3-0,0,0,0,0,0,0,0,0
1784089110978,nx-q6-nexmark-auto-171129,Executor4,Stage1-3-0,0,0,0,0,0,0,0,0
1784089111978,nx-q6-nexmark-auto-171129,Executor4,Stage1-3-0,0,0,0,0,0,0,0,0
1784089112978,nx-q6-nexmark-auto-171129,Executor4,Stage1-3-0,0,0,0,0,0,0,0,0
1784089113978,nx-q6-nexmark-auto-171129,Executor4,Stage1-3-0,0,0,0,0,0,0,0,0
1784089114978,nx-q6-nexmark-auto-171129,Executor4,Stage1-3-0,0,0,0,0,0,0,0,0
1784089115978,nx-q6-nexmark-auto-171129,Executor4,Stage1-3-0,0,0,0,0,0,0,0,0
1784089116978,nx-q6-nexmark-auto-171129,Executor4,Stage1-3-0,0,0,0,0,0,0,0,0
1784089117978,nx-q6-nexmark-auto-171129,Executor4,Stage1-3-0,0,0,0,0,0,0,0,0
1784089118978,nx-q6-nexmark-auto-171129,Executor4,Stage1-3-0,0,0,0,0,0,0,0,0
1784089119978,nx-q6-nexmark-auto-171129,Executor4,Stage1-3-0,0,0,0,0,0,0,0,0
1784089120978,nx-q6-nexmark-auto-171129,Executor4,Stage1-3-0,0,0,0,0,0,0,0,0
1784089121978,nx-q6-nexmark-auto-171129,Executor4,Stage1-3-0,0,0,0,0,0,0,0,0
1784089122978,nx-q6-nexmark-auto-171129,Executor4,Stage1-3-0,0,0,0,0,0,0,0,0
1784089123978,nx-q6-nexmark-auto-171129,Executor4,Stage1-3-0,0,0,0,0,0,0,0,0
1784089124978,nx-q6-nexmark-auto-171129,Executor4,Stage1-3-0,0,0,0,0,0,0,0,0
1784089125978,nx-q6-nexmark-auto-171129,Executor4,Stage1-3-0,0,0,0,0,0,0,0,0
1784089126978,nx-q6-nexmark-auto-171129,Executor4,Stage1-3-0,0,0,0,0,0,0,0,0
1784089127978,nx-q6-nexmark-auto-171129,Executor4,Stage1-3-0,0,0,0,0,0,0,0,0
1784089128978,nx-q6-nexmark-auto-171129,Executor4,Stage1-3-0,0,0,0,0,0,0,0,0
1784089129978,nx-q6-nexmark-auto-171129,Executor4,Stage1-3-0,0,0,0,0,0,0,0,0
1784089130978,nx-q6-nexmark-auto-171129,Executor4,Stage1-3-0,0,0,0,0,0,0,0,0
1784089131978,nx-q6-nexmark-auto-171129,Executor4,Stage1-3-0,0,0,0,0,0,0,0,0
1784089132978,nx-q6-nexmark-auto-171129,Executor4,Stage1-3-0,0,0,0,0,0,0,0,0
1784089133978,nx-q6-nexmark-auto-171129,Executor4,Stage1-3-0,0,0,0,0,0,0,0,0
1784089134978,nx-q6-nexmark-auto-171129,Executor4,Stage1-3-0,0,0,0,0,0,0,0,0
1784089135978,nx-q6-nexmark-auto-171129,Executor4,Stage1-3-0,0,0,0,0,0,0,0,0
1784089136978,nx-q6-nexmark-auto-171129,Executor4,Stage1-3-0,0,0,0,0,0,0,0,0
1784089137978,nx-q6-nexmark-auto-171129,Executor4,Stage1-3-0,0,0,0,0,0,0,0,0
1784089138978,nx-q6-nexmark-auto-171129,Executor4,Stage1-3-0,0,0,0,0,0,0,0,0
1784089139978,nx-q6-nexmark-auto-171129,Executor4,Stage1-3-0,0,0,0,0,0,0,0,0
1784089140978,nx-q6-nexmark-auto-171129,Executor4,Stage1-3-0,0,0,0,0,0,0,0,0
1784089141978,nx-q6-nexmark-auto-171129,Executor4,Stage1-3-0,0,0,0,0,0,0,0,0
1784089142978,nx-q6-nexmark-auto-171129,Executor4,Stage1-3-0,0,0,0,0,0,0,0,0
1784089143978,nx-q6-nexmark-auto-171129,Executor4,Stage1-3-0,0,0,0,0,0,0,0,0
1784089144978,nx-q6-nexmark-auto-171129,Executor4,Stage1-3-0,0,0,0,0,0,0,0,0
1784089145978,nx-q6-nexmark-auto-171129,Executor4,Stage1-3-0,0,0,0,0,0,0,0,0
1784089146978,nx-q6-nexmark-auto-171129,Executor4,Stage1-3-0,0,0,0,0,0,0,0,0
1784089147978,nx-q6-nexmark-auto-171129,Executor4,Stage1-3-0,0,0,0,0,0,0,0,0
1784089148978,nx-q6-nexmark-auto-171129,Executor4,Stage1-3-0,0,0,0,0,0,0,0,0
1784089149978,nx-q6-nexmark-auto-171129,Executor4,Stage1-3-0,0,0,0,0,0,0,0,0
1784089150978,nx-q6-nexmark-auto-171129,Executor4,Stage1-3-0,0,0,0,0,0,0,0,0
1784089151978,nx-q6-nexmark-auto-171129,Executor4,Stage1-3-0,0,0,0,0,0,0,0,0
1784089152978,nx-q6-nexmark-auto-171129,Executor4,Stage1-3-0,0,0,0,0,0,0,0,0
1784089153978,nx-q6-nexmark-auto-171129,Executor4,Stage1-3-0,0,0,0,0,0,0,0,0
1784089154978,nx-q6-nexmark-auto-171129,Executor4,Stage1-3-0,0,0,0,0,0,0,0,0
1784089155978,nx-q6-nexmark-auto-171129,Executor4,Stage1-3-0,0,0,0,0,0,0,0,0
1784089156978,nx-q6-nexmark-auto-171129,Executor4,Stage1-3-0,0,0,0,0,0,0,0,0
1784089157978,nx-q6-nexmark-auto-171129,Executor4,Stage1-3-0,0,0,0,0,0,0,0,0
1784089158978,nx-q6-nexmark-auto-171129,Executor4,Stage1-3-0,0,0,0,0,0,0,0,0
1784089159978,nx-q6-nexmark-auto-171129,Executor4,Stage1-3-0,0,0,0,0,0,0,0,0
1784089160978,nx-q6-nexmark-auto-171129,Executor4,Stage1-3-0,0,0,0,0,0,0,0,0
1784089161978,nx-q6-nexmark-auto-171129,Executor4,Stage1-3-0,0,0,0,0,0,0,0,0
1784089162978,nx-q6-nexmark-auto-171129,Executor4,Stage1-3-0,0,0,0,0,0,0,0,0
1784089163978,nx-q6-nexmark-auto-171129,Executor4,Stage1-3-0,0,0,0,0,0,0,0,0
1784089164978,nx-q6-nexmark-auto-171129,Executor4,Stage1-3-0,0,0,0,0,0,0,0,0
1784089165978,nx-q6-nexmark-auto-171129,Executor4,Stage1-3-0,0,0,0,0,0,0,0,0
1784089166978,nx-q6-nexmark-auto-171129,Executor4,Stage1-3-0,0,0,0,0,0,0,0,0
1784089167978,nx-q6-nexmark-auto-171129,Executor4,Stage1-3-0,0,0,0,0,0,0,0,0
1784089168978,nx-q6-nexmark-auto-171129,Executor4,Stage1-3-0,0,0,0,0,0,0,0,0
1784089169978,nx-q6-nexmark-auto-171129,Executor4,Stage1-3-0,0,0,0,0,0,0,0,0
1784089170978,nx-q6-nexmark-auto-171129,Executor4,Stage1-3-0,0,0,0,0,0,0,0,0
1784089171978,nx-q6-nexmark-auto-171129,Executor4,Stage1-3-0,0,0,0,0,0,0,0,0
1784089172978,nx-q6-nexmark-auto-171129,Executor4,Stage1-3-0,0,0,0,0,0,0,0,0
1784089173978,nx-q6-nexmark-auto-171129,Executor4,Stage1-3-0,0,0,0,0,0,0,0,0
1784089174978,nx-q6-nexmark-auto-171129,Executor4,Stage1-3-0,0,0,0,0,0,0,0,0
1784089175978,nx-q6-nexmark-auto-171129,Executor4,Stage1-3-0,0,0,0,0,0,0,0,0
1784089176978,nx-q6-nexmark-auto-171129,Executor4,Stage1-3-0,0,0,0,0,0,0,0,0
1784089177978,nx-q6-nexmark-auto-171129,Executor4,Stage1-3-0,0,0,0,0,0,0,0,0
1784089178978,nx-q6-nexmark-auto-171129,Executor4,Stage1-3-0,0,0,0,0,0,0,0,0
1784089179978,nx-q6-nexmark-auto-171129,Executor4,Stage1-3-0,0,0,0,0,0,0,0,0
1784089180978,nx-q6-nexmark-auto-171129,Executor4,Stage1-3-0,0,0,0,0,0,0,0,0
1784089181978,nx-q6-nexmark-auto-171129,Executor4,Stage1-3-0,0,0,0,0,0,0,0,0
1784089182978,nx-q6-nexmark-auto-171129,Executor4,Stage1-3-0,0,0,0,0,0,0,0,0
1784089183978,nx-q6-nexmark-auto-171129,Executor4,Stage1-3-0,0,0,0,0,0,0,0,0
1784089184978,nx-q6-nexmark-auto-171129,Executor4,Stage1-3-0,0,0,0,0,0,0,0,0
1784089185978,nx-q6-nexmark-auto-171129,Executor4,Stage1-3-0,0,0,0,0,0,0,0,0
1784089186978,nx-q6-nexmark-auto-171129,Executor4,Stage1-3-0,0,0,0,0,0,0,0,0
1784089187978,nx-q6-nexmark-auto-171129,Executor4,Stage1-3-0,0,0,0,0,0,0,0,0
1784089188978,nx-q6-nexmark-auto-171129,Executor4,Stage1-3-0,0,0,0,0,0,0,0,0
1784089189978,nx-q6-nexmark-auto-171129,Executor4,Stage1-3-0,0,0,0,0,0,0,0,0
1784089190978,nx-q6-nexmark-auto-171129,Executor4,Stage1-3-0,0,0,0,0,0,0,0,0
1784089191978,nx-q6-nexmark-auto-171129,Executor4,Stage1-3-0,0,0,0,0,0,0,0,0
1784089192978,nx-q6-nexmark-auto-171129,Executor4,Stage1-3-0,0,0,0,0,0,0,0,0
1784089193978,nx-q6-nexmark-auto-171129,Executor4,Stage1-3-0,0,0,0,0,0,0,0,0
1784089194978,nx-q6-nexmark-auto-171129,Executor4,Stage1-3-0,0,0,0,0,0,0,0,0
1784089195978,nx-q6-nexmark-auto-171129,Executor4,Stage1-3-0,0,0,0,0,0,0,0,0
1784089196978,nx-q6-nexmark-auto-171129,Executor4,Stage1-3-0,0,0,0,0,0,0,0,0
1784089197978,nx-q6-nexmark-auto-171129,Executor4,Stage1-3-0,0,0,0,0,0,0,0,0
1784089198978,nx-q6-nexmark-auto-171129,Executor4,Stage1-3-0,0,0,0,0,0,0,0,0
1784089199978,nx-q6-nexmark-auto-171129,Executor4,Stage1-3-0,0,0,0,0,0,0,0,0
1784089200978,nx-q6-nexmark-auto-171129,Executor4,Stage1-3-0,0,0,0,0,0,0,0,0
1784089201978,nx-q6-nexmark-auto-171129,Executor4,Stage1-3-0,0,0,0,0,0,0,0,0
1784089202978,nx-q6-nexmark-auto-171129,Executor4,Stage1-3-0,0,0,0,0,0,0,0,0
1784089203978,nx-q6-nexmark-auto-171129,Executor4,Stage1-3-0,0,0,0,0,0,0,0,0
1784089204978,nx-q6-nexmark-auto-171129,Executor4,Stage1-3-0,0,0,0,0,0,0,0,0
1784089205978,nx-q6-nexmark-auto-171129,Executor4,Stage1-3-0,0,0,0,0,0,0,0,0
1784089206978,nx-q6-nexmark-auto-171129,Executor4,Stage1-3-0,0,0,0,0,0,0,0,0
1784089207978,nx-q6-nexmark-auto-171129,Executor4,Stage1-3-0,0,0,0,0,0,0,0,0
1784089208978,nx-q6-nexmark-auto-171129,Executor4,Stage1-3-0,0,0,0,0,0,0,0,0
1784089209978,nx-q6-nexmark-auto-171129,Executor4,Stage1-3-0,0,0,0,0,0,0,0,0
1784089210978,nx-q6-nexmark-auto-171129,Executor4,Stage1-3-0,0,0,0,0,0,0,0,0
1784089211978,nx-q6-nexmark-auto-171129,Executor4,Stage1-3-0,0,0,0,0,0,0,0,0
1784089212978,nx-q6-nexmark-auto-171129,Executor4,Stage1-3-0,0,0,0,0,0,0,0,0
1784089213978,nx-q6-nexmark-auto-171129,Executor4,Stage1-3-0,0,0,0,0,0,0,0,0
1784089214978,nx-q6-nexmark-auto-171129,Executor4,Stage1-3-0,0,0,0,0,0,0,0,0
1784089215978,nx-q6-nexmark-auto-171129,Executor4,Stage1-3-0,0,0,0,0,0,0,0,0
1784089216978,nx-q6-nexmark-auto-171129,Executor4,Stage1-3-0,0,0,0,0,0,0,0,0
1784089217978,nx-q6-nexmark-auto-171129,Executor4,Stage1-3-0,0,0,0,0,0,0,0,0
1784089218978,nx-q6-nexmark-auto-171129,Executor4,Stage1-3-0,0,0,0,0,0,0,0,0
1784089219978,nx-q6-nexmark-auto-171129,Executor4,Stage1-3-0,0,0,0,0,0,0,0,0
1784089220978,nx-q6-nexmark-auto-171129,Executor4,Stage1-3-0,0,0,0,0,0,0,0,0
1784089221978,nx-q6-nexmark-auto-171129,Executor4,Stage1-3-0,0,0,0,0,0,0,0,0
1784089222978,nx-q6-nexmark-auto-171129,Executor4,Stage1-3-0,0,0,0,0,0,0,0,0
1784089223978,nx-q6-nexmark-auto-171129,Executor4,Stage1-3-0,0,0,0,0,0,0,0,0
1784089224978,nx-q6-nexmark-auto-171129,Executor4,Stage1-3-0,0,0,0,0,0,0,0,0
1784089225978,nx-q6-nexmark-auto-171129,Executor4,Stage1-3-0,0,0,0,0,0,0,0,0
1784089226978,nx-q6-nexmark-auto-171129,Executor4,Stage1-3-0,0,0,0,0,0,0,0,0
1784089227978,nx-q6-nexmark-auto-171129,Executor4,Stage1-3-0,0,0,0,0,0,0,0,0
1784089228978,nx-q6-nexmark-auto-171129,Executor4,Stage1-3-0,0,0,0,0,0,0,0,0
1784089229978,nx-q6-nexmark-auto-171129,Executor4,Stage1-3-0,0,0,0,0,0,0,0,0
1784089230978,nx-q6-nexmark-auto-171129,Executor4,Stage1-3-0,0,0,0,0,0,0,0,0
1784089231978,nx-q6-nexmark-auto-171129,Executor4,Stage1-3-0,0,0,0,0,0,0,0,0
1784089232978,nx-q6-nexmark-auto-171129,Executor4,Stage1-3-0,0,0,0,0,0,0,0,0
1784089233978,nx-q6-nexmark-auto-171129,Executor4,Stage1-3-0,0,0,0,0,0,0,0,0
1784089234978,nx-q6-nexmark-auto-171129,Executor4,Stage1-3-0,0,0,0,0,0,0,0,0
1784089235978,nx-q6-nexmark-auto-171129,Executor4,Stage1-3-0,0,0,0,0,0,0,0,0
1784089236978,nx-q6-nexmark-auto-171129,Executor4,Stage1-3-0,0,0,0,0,0,0,0,0
1784089237978,nx-q6-nexmark-auto-171129,Executor4,Stage1-3-0,0,0,0,0,0,0,0,0
1784089238978,nx-q6-nexmark-auto-171129,Executor4,Stage1-3-0,0,0,0,0,0,0,0,0
1784089239978,nx-q6-nexmark-auto-171129,Executor4,Stage1-3-0,0,0,0,0,0,0,0,0
1784089240978,nx-q6-nexmark-auto-171129,Executor4,Stage1-3-0,0,0,0,0,0,0,0,0
1784089241978,nx-q6-nexmark-auto-171129,Executor4,Stage1-3-0,0,0,0,0,0,0,0,0
1784089242978,nx-q6-nexmark-auto-171129,Executor4,Stage1-3-0,0,0,0,0,0,0,0,0
1784089243978,nx-q6-nexmark-auto-171129,Executor4,Stage1-3-0,0,0,0,0,0,0,0,0
1784089244978,nx-q6-nexmark-auto-171129,Executor4,Stage1-3-0,0,0,0,0,0,0,0,0
1784089245978,nx-q6-nexmark-auto-171129,Executor4,Stage1-3-0,0,0,0,0,0,0,0,0
1784089246978,nx-q6-nexmark-auto-171129,Executor4,Stage1-3-0,0,0,0,0,0,0,0,0
1784089247978,nx-q6-nexmark-auto-171129,Executor4,Stage1-3-0,0,0,0,0,0,0,0,0
1784089248978,nx-q6-nexmark-auto-171129,Executor4,Stage1-3-0,0,0,0,0,0,0,0,0
1784089249978,nx-q6-nexmark-auto-171129,Executor4,Stage1-3-0,0,0,0,0,0,0,0,0
1784089250978,nx-q6-nexmark-auto-171129,Executor4,Stage1-3-0,0,0,0,0,0,0,0,0
1784089251978,nx-q6-nexmark-auto-171129,Executor4,Stage1-3-0,0,0,0,0,0,0,0,0
1784089252978,nx-q6-nexmark-auto-171129,Executor4,Stage1-3-0,0,0,0,0,0,0,0,0
1784089253978,nx-q6-nexmark-auto-171129,Executor4,Stage1-3-0,0,0,0,0,0,0,0,0
1784089254978,nx-q6-nexmark-auto-171129,Executor4,Stage1-3-0,0,0,0,0,0,0,0,0
1784089255978,nx-q6-nexmark-auto-171129,Executor4,Stage1-3-0,0,0,0,0,0,0,0,0
1784089256978,nx-q6-nexmark-auto-171129,Executor4,Stage1-3-0,0,0,0,0,0,0,0,0
1784089257978,nx-q6-nexmark-auto-171129,Executor4,Stage1-3-0,0,0,0,0,0,0,0,0
1784089258978,nx-q6-nexmark-auto-171129,Executor4,Stage1-3-0,0,0,0,0,0,0,0,0
1784089259978,nx-q6-nexmark-auto-171129,Executor4,Stage1-3-0,0,0,0,0,0,0,0,0
1784089260978,nx-q6-nexmark-auto-171129,Executor4,Stage1-3-0,0,0,0,0,0,0,0,0
1784089261978,nx-q6-nexmark-auto-171129,Executor4,Stage1-3-0,0,0,0,0,0,0,0,0
1784089262978,nx-q6-nexmark-auto-171129,Executor4,Stage1-3-0,0,0,0,0,0,0,0,0
1784089263978,nx-q6-nexmark-auto-171129,Executor4,Stage1-3-0,0,0,0,0,0,0,0,0
1784089264978,nx-q6-nexmark-auto-171129,Executor4,Stage1-3-0,0,0,0,0,0,0,0,0
1784089265978,nx-q6-nexmark-auto-171129,Executor4,Stage1-3-0,0,0,0,0,0,0,0,0
1784089266978,nx-q6-nexmark-auto-171129,Executor4,Stage1-3-0,0,0,0,0,0,0,0,0
1784089267978,nx-q6-nexmark-auto-171129,Executor4,Stage1-3-0,0,0,0,0,0,0,0,0
1784089268978,nx-q6-nexmark-auto-171129,Executor4,Stage1-3-0,0,0,0,0,0,0,0,0
1784089269978,nx-q6-nexmark-auto-171129,Executor4,Stage1-3-0,0,0,0,0,0,0,0,0
1784089270978,nx-q6-nexmark-auto-171129,Executor4,Stage1-3-0,0,0,0,0,0,0,0,0
1784089271978,nx-q6-nexmark-auto-171129,Executor4,Stage1-3-0,0,0,0,0,0,0,0,0
1784089272978,nx-q6-nexmark-auto-171129,Executor4,Stage1-3-0,0,0,0,0,0,0,0,0
1784089273978,nx-q6-nexmark-auto-171129,Executor4,Stage1-3-0,0,0,0,0,0,0,0,0
1784089274978,nx-q6-nexmark-auto-171129,Executor4,Stage1-3-0,0,0,0,0,0,0,0,0
1784089275978,nx-q6-nexmark-auto-171129,Executor4,Stage1-3-0,0,0,0,0,0,0,0,0
1784089276978,nx-q6-nexmark-auto-171129,Executor4,Stage1-3-0,0,0,0,0,0,0,0,0
1784089277978,nx-q6-nexmark-auto-171129,Executor4,Stage1-3-0,0,0,0,0,0,0,0,0
1784089278978,nx-q6-nexmark-auto-171129,Executor4,Stage1-3-0,0,0,0,0,0,0,0,0
1784089279978,nx-q6-nexmark-auto-171129,Executor4,Stage1-3-0,0,0,0,0,0,0,0,0
1784089280978,nx-q6-nexmark-auto-171129,Executor4,Stage1-3-0,0,0,0,0,0,0,0,0
1784089281978,nx-q6-nexmark-auto-171129,Executor4,Stage1-3-0,0,0,0,0,0,0,0,0
1784089282978,nx-q6-nexmark-auto-171129,Executor4,Stage1-3-0,0,0,0,0,0,0,0,0
1784089283978,nx-q6-nexmark-auto-171129,Executor4,Stage1-3-0,0,0,0,0,0,0,0,0
1784089284978,nx-q6-nexmark-auto-171129,Executor4,Stage1-3-0,0,0,0,0,0,0,0,0
1784089285978,nx-q6-nexmark-auto-171129,Executor4,Stage1-3-0,0,0,0,0,0,0,0,0
1784089286978,nx-q6-nexmark-auto-171129,Executor4,Stage1-3-0,0,0,0,0,0,0,0,0
1784089287978,nx-q6-nexmark-auto-171129,Executor4,Stage1-3-0,0,0,0,0,0,0,0,0
1784089288978,nx-q6-nexmark-auto-171129,Executor4,Stage1-3-0,0,0,0,0,0,0,0,0
1784089289978,nx-q6-nexmark-auto-171129,Executor4,Stage1-3-0,0,0,0,0,0,0,0,0
1784089290978,nx-q6-nexmark-auto-171129,Executor4,Stage1-3-0,0,0,0,0,0,0,0,0
1784089291978,nx-q6-nexmark-auto-171129,Executor4,Stage1-3-0,0,0,0,0,0,0,0,0
1784089292978,nx-q6-nexmark-auto-171129,Executor4,Stage1-3-0,0,0,0,0,0,0,0,0
1784089293978,nx-q6-nexmark-auto-171129,Executor4,Stage1-3-0,0,0,0,0,0,0,0,0
1784089294978,nx-q6-nexmark-auto-171129,Executor4,Stage1-3-0,0,0,0,0,0,0,0,0
1784089295978,nx-q6-nexmark-auto-171129,Executor4,Stage1-3-0,0,0,0,0,0,0,0,0
1784089296978,nx-q6-nexmark-auto-171129,Executor4,Stage1-3-0,0,0,0,0,0,0,0,0
1784089297978,nx-q6-nexmark-auto-171129,Executor4,Stage1-3-0,0,0,0,0,0,0,0,0
1784089298978,nx-q6-nexmark-auto-171129,Executor4,Stage1-3-0,0,0,0,0,0,0,0,0
1784089299978,nx-q6-nexmark-auto-171129,Executor4,Stage1-3-0,0,0,0,0,0,0,0,0
1784089300978,nx-q6-nexmark-auto-171129,Executor4,Stage1-3-0,0,0,0,0,0,0,0,0
1784089301978,nx-q6-nexmark-auto-171129,Executor4,Stage1-3-0,0,0,0,0,0,0,0,0
1784089302978,nx-q6-nexmark-auto-171129,Executor4,Stage1-3-0,0,0,0,0,0,0,0,0
1784089303978,nx-q6-nexmark-auto-171129,Executor4,Stage1-3-0,0,0,0,0,0,0,0,0
1784089304978,nx-q6-nexmark-auto-171129,Executor4,Stage1-3-0,0,0,0,0,0,0,0,0
1784089305978,nx-q6-nexmark-auto-171129,Executor4,Stage1-3-0,0,0,0,0,0,0,0,0
1784089306978,nx-q6-nexmark-auto-171129,Executor4,Stage1-3-0,0,0,0,0,0,0,0,0
1784089307978,nx-q6-nexmark-auto-171129,Executor4,Stage1-3-0,0,0,0,0,0,0,0,0
1784089308978,nx-q6-nexmark-auto-171129,Executor4,Stage1-3-0,0,0,0,0,0,0,0,0
1784089309978,nx-q6-nexmark-auto-171129,Executor4,Stage1-3-0,0,0,0,0,0,0,0,0
1784089310978,nx-q6-nexmark-auto-171129,Executor4,Stage1-3-0,0,0,0,0,0,0,0,0
1784089311978,nx-q6-nexmark-auto-171129,Executor4,Stage1-3-0,0,0,0,0,0,0,0,0
1784089312978,nx-q6-nexmark-auto-171129,Executor4,Stage1-3-0,0,0,0,0,0,0,0,0
1784089313978,nx-q6-nexmark-auto-171129,Executor4,Stage1-3-0,0,0,0,0,0,0,0,0
1784089314978,nx-q6-nexmark-auto-171129,Executor4,Stage1-3-0,0,0,0,0,0,0,0,0
1784089315978,nx-q6-nexmark-auto-171129,Executor4,Stage1-3-0,0,0,0,0,0,0,0,0
1784089316978,nx-q6-nexmark-auto-171129,Executor4,Stage1-3-0,0,0,0,0,0,0,0,0
1784089317978,nx-q6-nexmark-auto-171129,Executor4,Stage1-3-0,0,0,0,0,0,0,0,0
1784089318978,nx-q6-nexmark-auto-171129,Executor4,Stage1-3-0,0,0,0,0,0,0,0,0
1784089319978,nx-q6-nexmark-auto-171129,Executor4,Stage1-3-0,0,0,0,0,0,0,0,0
1784089320978,nx-q6-nexmark-auto-171129,Executor4,Stage1-3-0,0,0,0,0,0,0,0,0
1784089321978,nx-q6-nexmark-auto-171129,Executor4,Stage1-3-0,0,0,0,0,0,0,0,0
1784089322978,nx-q6-nexmark-auto-171129,Executor4,Stage1-3-0,0,0,0,0,0,0,0,0
1784089323978,nx-q6-nexmark-auto-171129,Executor4,Stage1-3-0,0,0,0,0,0,0,0,0
1784089324978,nx-q6-nexmark-auto-171129,Executor4,Stage1-3-0,0,0,0,0,0,0,0,0
1784089325978,nx-q6-nexmark-auto-171129,Executor4,Stage1-3-0,0,0,0,0,0,0,0,0
1784089326978,nx-q6-nexmark-auto-171129,Executor4,Stage1-3-0,0,0,0,0,0,0,0,0
1784089327978,nx-q6-nexmark-auto-171129,Executor4,Stage1-3-0,0,0,0,0,0,0,0,0
1784089328978,nx-q6-nexmark-auto-171129,Executor4,Stage1-3-0,0,0,0,0,0,0,0,0
1784089329978,nx-q6-nexmark-auto-171129,Executor4,Stage1-3-0,0,0,0,0,0,0,0,0
1784089330978,nx-q6-nexmark-auto-171129,Executor4,Stage1-3-0,0,0,0,0,0,0,0,0
1784089331978,nx-q6-nexmark-auto-171129,Executor4,Stage1-3-0,0,0,0,0,0,0,0,0
1784089332978,nx-q6-nexmark-auto-171129,Executor4,Stage1-3-0,0,0,0,0,0,0,0,0
1784089333978,nx-q6-nexmark-auto-171129,Executor4,Stage1-3-0,0,0,0,0,0,0,0,0
1784089334978,nx-q6-nexmark-auto-171129,Executor4,Stage1-3-0,0,0,0,0,0,0,0,0
1784089335978,nx-q6-nexmark-auto-171129,Executor4,Stage1-3-0,0,0,0,0,0,0,0,0
1784089336978,nx-q6-nexmark-auto-171129,Executor4,Stage1-3-0,0,0,0,0,0,0,0,0
1784089337978,nx-q6-nexmark-auto-171129,Executor4,Stage1-3-0,0,0,0,0,0,0,0,0
1784089338978,nx-q6-nexmark-auto-171129,Executor4,Stage1-3-0,0,0,0,0,0,0,0,0
1784089339978,nx-q6-nexmark-auto-171129,Executor4,Stage1-3-0,0,0,0,0,0,0,0,0
1784089340978,nx-q6-nexmark-auto-171129,Executor4,Stage1-3-0,0,0,0,0,0,0,0,0
1784089341978,nx-q6-nexmark-auto-171129,Executor4,Stage1-3-0,0,0,0,0,0,0,0,0
1784089342978,nx-q6-nexmark-auto-171129,Executor4,Stage1-3-0,0,0,0,0,0,0,0,0
1784089343978,nx-q6-nexmark-auto-171129,Executor4,Stage1-3-0,0,0,0,0,0,0,0,0
1784089344978,nx-q6-nexmark-auto-171129,Executor4,Stage1-3-0,0,0,0,0,0,0,0,0
1784089345978,nx-q6-nexmark-auto-171129,Executor4,Stage1-3-0,0,0,0,0,0,0,0,0
1784089346978,nx-q6-nexmark-auto-171129,Executor4,Stage1-3-0,0,0,0,0,0,0,0,0
1784089347978,nx-q6-nexmark-auto-171129,Executor4,Stage1-3-0,0,0,0,0,0,0,0,0
1784089348978,nx-q6-nexmark-auto-171129,Executor4,Stage1-3-0,0,0,0,0,0,0,0,0
1784089349978,nx-q6-nexmark-auto-171129,Executor4,Stage1-3-0,0,0,0,0,0,0,0,0
1784089350978,nx-q6-nexmark-auto-171129,Executor4,Stage1-3-0,0,0,0,0,0,0,0,0
1784089351978,nx-q6-nexmark-auto-171129,Executor4,Stage1-3-0,0,0,0,0,0,0,0,0
1784089352978,nx-q6-nexmark-auto-171129,Executor4,Stage1-3-0,0,0,0,0,0,0,0,0
1784089353978,nx-q6-nexmark-auto-171129,Executor4,Stage1-3-0,0,0,0,0,0,0,0,0
1784089354978,nx-q6-nexmark-auto-171129,Executor4,Stage1-3-0,0,0,0,0,0,0,0,0
1784089355978,nx-q6-nexmark-auto-171129,Executor4,Stage1-3-0,0,0,0,0,0,0,0,0
1784089356978,nx-q6-nexmark-auto-171129,Executor4,Stage1-3-0,0,0,0,0,0,0,0,0
1784089357978,nx-q6-nexmark-auto-171129,Executor4,Stage1-3-0,0,0,0,0,0,0,0,0
1784089358978,nx-q6-nexmark-auto-171129,Executor4,Stage1-3-0,0,0,0,0,0,0,0,0
1784089359978,nx-q6-nexmark-auto-171129,Executor4,Stage1-3-0,0,0,0,0,0,0,0,0
1784089360978,nx-q6-nexmark-auto-171129,Executor4,Stage1-3-0,0,0,0,0,0,0,0,0
1784089361978,nx-q6-nexmark-auto-171129,Executor4,Stage1-3-0,0,0,0,0,0,0,0,0
1784089362978,nx-q6-nexmark-auto-171129,Executor4,Stage1-3-0,0,0,0,0,0,0,0,0
1784089363978,nx-q6-nexmark-auto-171129,Executor4,Stage1-3-0,0,0,0,0,0,0,0,0
1784089364978,nx-q6-nexmark-auto-171129,Executor4,Stage1-3-0,0,0,0,0,0,0,0,0
1784089365978,nx-q6-nexmark-auto-171129,Executor4,Stage1-3-0,0,0,0,0,0,0,0,0
1784089366978,nx-q6-nexmark-auto-171129,Executor4,Stage1-3-0,0,0,0,0,0,0,0,0
1784089367978,nx-q6-nexmark-auto-171129,Executor4,Stage1-3-0,0,0,0,0,0,0,0,0
1784089368978,nx-q6-nexmark-auto-171129,Executor4,Stage1-3-0,0,0,0,0,0,0,0,0
1784089369978,nx-q6-nexmark-auto-171129,Executor4,Stage1-3-0,0,0,0,0,0,0,0,0
1784089370978,nx-q6-nexmark-auto-171129,Executor4,Stage1-3-0,0,0,0,0,0,0,0,0
1784089371978,nx-q6-nexmark-auto-171129,Executor4,Stage1-3-0,0,0,0,0,0,0,0,0
1784089372978,nx-q6-nexmark-auto-171129,Executor4,Stage1-3-0,0,0,0,0,0,0,0,0
1784089373978,nx-q6-nexmark-auto-171129,Executor4,Stage1-3-0,0,0,0,0,0,0,0,0
1784089374978,nx-q6-nexmark-auto-171129,Executor4,Stage1-3-0,0,0,0,0,0,0,0,0
1784089375978,nx-q6-nexmark-auto-171129,Executor4,Stage1-3-0,0,0,0,0,0,0,0,0
1784089376978,nx-q6-nexmark-auto-171129,Executor4,Stage1-3-0,0,0,0,0,0,0,0,0
1784089377978,nx-q6-nexmark-auto-171129,Executor4,Stage1-3-0,0,0,0,0,0,0,0,0
1784089378978,nx-q6-nexmark-auto-171129,Executor4,Stage1-3-0,0,0,0,0,0,0,0,0
1784089379978,nx-q6-nexmark-auto-171129,Executor4,Stage1-3-0,0,0,0,0,0,0,0,0
1784089380978,nx-q6-nexmark-auto-171129,Executor4,Stage1-3-0,0,0,0,0,0,0,0,0
1784089381978,nx-q6-nexmark-auto-171129,Executor4,Stage1-3-0,0,0,0,0,0,0,0,0
1784089382978,nx-q6-nexmark-auto-171129,Executor4,Stage1-3-0,0,0,0,0,0,0,0,0
1784089383978,nx-q6-nexmark-auto-171129,Executor4,Stage1-3-0,0,0,0,0,0,0,0,0
1784089384978,nx-q6-nexmark-auto-171129,Executor4,Stage1-3-0,0,0,0,0,0,0,0,0
1784089385978,nx-q6-nexmark-auto-171129,Executor4,Stage1-3-0,0,0,0,0,0,0,0,0
1784089386978,nx-q6-nexmark-auto-171129,Executor4,Stage1-3-0,0,0,0,0,0,0,0,0
1784089387978,nx-q6-nexmark-auto-171129,Executor4,Stage1-3-0,0,0,0,0,0,0,0,0
1784089388978,nx-q6-nexmark-auto-171129,Executor4,Stage1-3-0,0,0,0,0,0,0,0,0
1784089389978,nx-q6-nexmark-auto-171129,Executor4,Stage1-3-0,0,0,0,0,0,0,0,0
1784089390978,nx-q6-nexmark-auto-171129,Executor4,Stage1-3-0,0,0,0,0,0,0,0,0
1784089391978,nx-q6-nexmark-auto-171129,Executor4,Stage1-3-0,0,0,0,0,0,0,0,0
1784089392978,nx-q6-nexmark-auto-171129,Executor4,Stage1-3-0,0,0,0,0,0,0,0,0
1784089393978,nx-q6-nexmark-auto-171129,Executor4,Stage1-3-0,0,0,0,0,0,0,0,0
1784089394978,nx-q6-nexmark-auto-171129,Executor4,Stage1-3-0,0,0,0,0,0,0,0,0
1784089395978,nx-q6-nexmark-auto-171129,Executor4,Stage1-3-0,0,0,0,0,0,0,0,0
1784089396978,nx-q6-nexmark-auto-171129,Executor4,Stage1-3-0,0,0,0,0,0,0,0,0
1784089397978,nx-q6-nexmark-auto-171129,Executor4,Stage1-3-0,0,0,0,0,0,0,0,0
1784089398978,nx-q6-nexmark-auto-171129,Executor4,Stage1-3-0,0,0,0,0,0,0,0,0
1784089399978,nx-q6-nexmark-auto-171129,Executor4,Stage1-3-0,0,0,0,0,0,0,0,0
1784089400978,nx-q6-nexmark-auto-171129,Executor4,Stage1-3-0,0,0,0,0,0,0,0,0
1784089401978,nx-q6-nexmark-auto-171129,Executor4,Stage1-3-0,0,0,0,0,0,0,0,0
1784089402978,nx-q6-nexmark-auto-171129,Executor4,Stage1-3-0,0,0,0,0,0,0,0,0
1784089403978,nx-q6-nexmark-auto-171129,Executor4,Stage1-3-0,0,0,0,0,0,0,0,0
1784089404978,nx-q6-nexmark-auto-171129,Executor4,Stage1-3-0,0,0,0,0,0,0,0,0
1784089405978,nx-q6-nexmark-auto-171129,Executor4,Stage1-3-0,0,0,0,0,0,0,0,0
1784089406978,nx-q6-nexmark-auto-171129,Executor4,Stage1-3-0,0,0,0,0,0,0,0,0
1784089407978,nx-q6-nexmark-auto-171129,Executor4,Stage1-3-0,0,0,0,0,0,0,0,0
1784089408978,nx-q6-nexmark-auto-171129,Executor4,Stage1-3-0,0,0,0,0,0,0,0,0
1784089409978,nx-q6-nexmark-auto-171129,Executor4,Stage1-3-0,0,0,0,0,0,0,0,0
1784089410978,nx-q6-nexmark-auto-171129,Executor4,Stage1-3-0,0,0,0,0,0,0,0,0
1784089411978,nx-q6-nexmark-auto-171129,Executor4,Stage1-3-0,0,0,0,0,0,0,0,0
1784089412978,nx-q6-nexmark-auto-171129,Executor4,Stage1-3-0,0,0,0,0,0,0,0,0
1784089413978,nx-q6-nexmark-auto-171129,Executor4,Stage1-3-0,0,0,0,0,0,0,0,0
1784089414978,nx-q6-nexmark-auto-171129,Executor4,Stage1-3-0,0,0,0,0,0,0,0,0
1784089415978,nx-q6-nexmark-auto-171129,Executor4,Stage1-3-0,0,0,0,0,0,0,0,0
1784089416978,nx-q6-nexmark-auto-171129,Executor4,Stage1-3-0,0,0,0,0,0,0,0,0
1784089417978,nx-q6-nexmark-auto-171129,Executor4,Stage1-3-0,0,0,0,0,0,0,0,0
1784089418978,nx-q6-nexmark-auto-171129,Executor4,Stage1-3-0,0,0,0,0,0,0,0,0
1784089419978,nx-q6-nexmark-auto-171129,Executor4,Stage1-3-0,0,0,0,0,0,0,0,0
1784089420978,nx-q6-nexmark-auto-171129,Executor4,Stage1-3-0,0,0,0,0,0,0,0,0
1784089421978,nx-q6-nexmark-auto-171129,Executor4,Stage1-3-0,0,0,0,0,0,0,0,0
1784089422978,nx-q6-nexmark-auto-171129,Executor4,Stage1-3-0,0,0,0,0,0,0,0,0
1784089423978,nx-q6-nexmark-auto-171129,Executor4,Stage1-3-0,0,0,0,0,0,0,0,0
1784089424978,nx-q6-nexmark-auto-171129,Executor4,Stage1-3-0,0,0,0,0,0,0,0,0
1784089425978,nx-q6-nexmark-auto-171129,Executor4,Stage1-3-0,0,0,0,0,0,0,0,0
1784089426978,nx-q6-nexmark-auto-171129,Executor4,Stage1-3-0,0,0,0,0,0,0,0,0
1784089427978,nx-q6-nexmark-auto-171129,Executor4,Stage1-3-0,0,0,0,0,0,0,0,0
1784089428978,nx-q6-nexmark-auto-171129,Executor4,Stage1-3-0,0,0,0,0,0,0,0,0
1784089429978,nx-q6-nexmark-auto-171129,Executor4,Stage1-3-0,0,0,0,0,0,0,0,0
1784089430978,nx-q6-nexmark-auto-171129,Executor4,Stage1-3-0,0,0,0,0,0,0,0,0
1784089431978,nx-q6-nexmark-auto-171129,Executor4,Stage1-3-0,0,0,0,0,0,0,0,0
1784089432978,nx-q6-nexmark-auto-171129,Executor4,Stage1-3-0,0,0,0,0,0,0,0,0
1784089433978,nx-q6-nexmark-auto-171129,Executor4,Stage1-3-0,0,0,0,0,0,0,0,0
1784089434978,nx-q6-nexmark-auto-171129,Executor4,Stage1-3-0,0,0,0,0,0,0,0,0
1784089435978,nx-q6-nexmark-auto-171129,Executor4,Stage1-3-0,0,0,0,0,0,0,0,0
1784089436978,nx-q6-nexmark-auto-171129,Executor4,Stage1-3-0,0,0,0,0,0,0,0,0
1784089437978,nx-q6-nexmark-auto-171129,Executor4,Stage1-3-0,0,0,0,0,0,0,0,0
1784089438978,nx-q6-nexmark-auto-171129,Executor4,Stage1-3-0,0,0,0,0,0,0,0,0
1784089439978,nx-q6-nexmark-auto-171129,Executor4,Stage1-3-0,0,0,0,0,0,0,0,0
1784089440978,nx-q6-nexmark-auto-171129,Executor4,Stage1-3-0,0,0,0,0,0,0,0,0
1784089441978,nx-q6-nexmark-auto-171129,Executor4,Stage1-3-0,0,0,0,0,0,0,0,0
1784089442978,nx-q6-nexmark-auto-171129,Executor4,Stage1-3-0,0,0,0,0,0,0,0,0
1784089443978,nx-q6-nexmark-auto-171129,Executor4,Stage1-3-0,0,0,0,0,0,0,0,0
1784089444978,nx-q6-nexmark-auto-171129,Executor4,Stage1-3-0,0,0,0,0,0,0,0,0
1784089445978,nx-q6-nexmark-auto-171129,Executor4,Stage1-3-0,0,0,0,0,0,0,0,0
1784089446978,nx-q6-nexmark-auto-171129,Executor4,Stage1-3-0,0,0,0,0,0,0,0,0
1784089447978,nx-q6-nexmark-auto-171129,Executor4,Stage1-3-0,0,0,0,0,0,0,0,0
1784089448978,nx-q6-nexmark-auto-171129,Executor4,Stage1-3-0,0,0,0,0,0,0,0,0
1784089449978,nx-q6-nexmark-auto-171129,Executor4,Stage1-3-0,0,0,0,0,0,0,0,0
1784089450978,nx-q6-nexmark-auto-171129,Executor4,Stage1-3-0,0,0,0,0,0,0,0,0
1784089451978,nx-q6-nexmark-auto-171129,Executor4,Stage1-3-0,0,0,0,0,0,0,0,0
1784089452978,nx-q6-nexmark-auto-171129,Executor4,Stage1-3-0,0,0,0,0,0,0,0,0
1784089453978,nx-q6-nexmark-auto-171129,Executor4,Stage1-3-0,0,0,0,0,0,0,0,0
1784089454978,nx-q6-nexmark-auto-171129,Executor4,Stage1-3-0,0,0,0,0,0,0,0,0
1784089455978,nx-q6-nexmark-auto-171129,Executor4,Stage1-3-0,0,0,0,0,0,0,0,0
1784089456978,nx-q6-nexmark-auto-171129,Executor4,Stage1-3-0,0,0,0,0,0,0,0,0
1784089457978,nx-q6-nexmark-auto-171129,Executor4,Stage1-3-0,0,0,0,0,0,0,0,0
1784089458978,nx-q6-nexmark-auto-171129,Executor4,Stage1-3-0,0,0,0,0,0,0,0,0
1784089459978,nx-q6-nexmark-auto-171129,Executor4,Stage1-3-0,0,0,0,0,0,0,0,0
1784089460978,nx-q6-nexmark-auto-171129,Executor4,Stage1-3-0,0,0,0,0,0,0,0,0
1784089461978,nx-q6-nexmark-auto-171129,Executor4,Stage1-3-0,0,0,0,0,0,0,0,0
1784089462978,nx-q6-nexmark-auto-171129,Executor4,Stage1-3-0,0,0,0,0,0,0,0,0
1784089463978,nx-q6-nexmark-auto-171129,Executor4,Stage1-3-0,0,0,0,0,0,0,0,0
1784089464978,nx-q6-nexmark-auto-171129,Executor4,Stage1-3-0,0,0,0,0,0,0,0,0
1784089465978,nx-q6-nexmark-auto-171129,Executor4,Stage1-3-0,0,0,0,0,0,0,0,0
1784089466978,nx-q6-nexmark-auto-171129,Executor4,Stage1-3-0,0,0,0,0,0,0,0,0
1784089467978,nx-q6-nexmark-auto-171129,Executor4,Stage1-3-0,0,0,0,0,0,0,0,0
1784089468978,nx-q6-nexmark-auto-171129,Executor4,Stage1-3-0,0,0,0,0,0,0,0,0
1784089469978,nx-q6-nexmark-auto-171129,Executor4,Stage1-3-0,0,0,0,0,0,0,0,0
1784089470978,nx-q6-nexmark-auto-171129,Executor4,Stage1-3-0,0,0,0,0,0,0,0,0
1784089471978,nx-q6-nexmark-auto-171129,Executor4,Stage1-3-0,0,0,0,0,0,0,0,0
1784089472978,nx-q6-nexmark-auto-171129,Executor4,Stage1-3-0,0,0,0,0,0,0,0,0
1784089473978,nx-q6-nexmark-auto-171129,Executor4,Stage1-3-0,0,0,0,0,0,0,0,0
1784089474978,nx-q6-nexmark-auto-171129,Executor4,Stage1-3-0,0,0,0,0,0,0,0,0
1784089475978,nx-q6-nexmark-auto-171129,Executor4,Stage1-3-0,0,0,0,0,0,0,0,0
1784089476978,nx-q6-nexmark-auto-171129,Executor4,Stage1-3-0,0,0,0,0,0,0,0,0
1784089477978,nx-q6-nexmark-auto-171129,Executor4,Stage1-3-0,0,0,0,0,0,0,0,0
1784089478978,nx-q6-nexmark-auto-171129,Executor4,Stage1-3-0,0,0,0,0,0,0,0,0
1784089479978,nx-q6-nexmark-auto-171129,Executor4,Stage1-3-0,0,0,0,0,0,0,0,0
1784089480978,nx-q6-nexmark-auto-171129,Executor4,Stage1-3-0,0,0,0,0,0,0,0,0
1784089481978,nx-q6-nexmark-auto-171129,Executor4,Stage1-3-0,0,0,0,0,0,0,0,0
1784089482978,nx-q6-nexmark-auto-171129,Executor4,Stage1-3-0,0,0,0,0,0,0,0,0
1784089483978,nx-q6-nexmark-auto-171129,Executor4,Stage1-3-0,0,0,0,0,0,0,0,0
1784089484978,nx-q6-nexmark-auto-171129,Executor4,Stage1-3-0,0,0,0,0,0,0,0,0
1784089485978,nx-q6-nexmark-auto-171129,Executor4,Stage1-3-0,0,0,0,0,0,0,0,0
1784089486978,nx-q6-nexmark-auto-171129,Executor4,Stage1-3-0,0,0,0,0,0,0,0,0
1784089487978,nx-q6-nexmark-auto-171129,Executor4,Stage1-3-0,0,0,0,0,0,0,0,0
1784089488978,nx-q6-nexmark-auto-171129,Executor4,Stage1-3-0,0,0,0,0,0,0,0,0
1784089489978,nx-q6-nexmark-auto-171129,Executor4,Stage1-3-0,0,0,0,0,0,0,0,0
1784089490978,nx-q6-nexmark-auto-171129,Executor4,Stage1-3-0,0,0,0,0,0,0,0,0
1784089491978,nx-q6-nexmark-auto-171129,Executor4,Stage1-3-0,0,0,0,0,0,0,0,0
1784089492978,nx-q6-nexmark-auto-171129,Executor4,Stage1-3-0,0,0,0,0,0,0,0,0
1784089493978,nx-q6-nexmark-auto-171129,Executor4,Stage1-3-0,0,0,0,0,0,0,0,0
1784089494978,nx-q6-nexmark-auto-171129,Executor4,Stage1-3-0,0,0,0,0,0,0,0,0
1784089495978,nx-q6-nexmark-auto-171129,Executor4,Stage1-3-0,0,0,0,0,0,0,0,0
1784089496978,nx-q6-nexmark-auto-171129,Executor4,Stage1-3-0,0,0,0,0,0,0,0,0
1784089497978,nx-q6-nexmark-auto-171129,Executor4,Stage1-3-0,0,0,0,0,0,0,0,0
1784089498978,nx-q6-nexmark-auto-171129,Executor4,Stage1-3-0,0,0,0,0,0,0,0,0
1784089499978,nx-q6-nexmark-auto-171129,Executor4,Stage1-3-0,0,0,0,0,0,0,0,0
1784089500978,nx-q6-nexmark-auto-171129,Executor4,Stage1-3-0,0,0,0,0,0,0,0,0
1784089501978,nx-q6-nexmark-auto-171129,Executor4,Stage1-3-0,0,0,0,0,0,0,0,0
1784089502978,nx-q6-nexmark-auto-171129,Executor4,Stage1-3-0,0,0,0,0,0,0,0,0
1784089503978,nx-q6-nexmark-auto-171129,Executor4,Stage1-3-0,0,0,0,0,0,0,0,0
1784089504978,nx-q6-nexmark-auto-171129,Executor4,Stage1-3-0,0,0,0,0,0,0,0,0
1784089505978,nx-q6-nexmark-auto-171129,Executor4,Stage1-3-0,0,0,0,0,0,0,0,0
1784089506978,nx-q6-nexmark-auto-171129,Executor4,Stage1-3-0,0,0,0,0,0,0,0,0
1784089507978,nx-q6-nexmark-auto-171129,Executor4,Stage1-3-0,0,0,0,0,0,0,0,0
1784089508978,nx-q6-nexmark-auto-171129,Executor4,Stage1-3-0,0,0,0,0,0,0,0,0
1784089509978,nx-q6-nexmark-auto-171129,Executor4,Stage1-3-0,0,0,0,0,0,0,0,0
1784089510978,nx-q6-nexmark-auto-171129,Executor4,Stage1-3-0,0,0,0,0,0,0,0,0
1784089511978,nx-q6-nexmark-auto-171129,Executor4,Stage1-3-0,0,0,0,0,0,0,0,0
1784089512978,nx-q6-nexmark-auto-171129,Executor4,Stage1-3-0,0,0,0,0,0,0,0,0
1784089513978,nx-q6-nexmark-auto-171129,Executor4,Stage1-3-0,0,0,0,0,0,0,0,0
1784089514978,nx-q6-nexmark-auto-171129,Executor4,Stage1-3-0,0,0,0,0,0,0,0,0
1784089515978,nx-q6-nexmark-auto-171129,Executor4,Stage1-3-0,0,0,0,0,0,0,0,0
1784089516978,nx-q6-nexmark-auto-171129,Executor4,Stage1-3-0,0,0,0,0,0,0,0,0
1784089517978,nx-q6-nexmark-auto-171129,Executor4,Stage1-3-0,0,0,0,0,0,0,0,0
1784089518978,nx-q6-nexmark-auto-171129,Executor4,Stage1-3-0,0,0,0,0,0,0,0,0
1784089519978,nx-q6-nexmark-auto-171129,Executor4,Stage1-3-0,0,0,0,0,0,0,0,0
1784089520978,nx-q6-nexmark-auto-171129,Executor4,Stage1-3-0,0,0,0,0,0,0,0,0
1784089521978,nx-q6-nexmark-auto-171129,Executor4,Stage1-3-0,0,0,0,0,0,0,0,0
1784089522978,nx-q6-nexmark-auto-171129,Executor4,Stage1-3-0,0,0,0,0,0,0,0,0
1784089523978,nx-q6-nexmark-auto-171129,Executor4,Stage1-3-0,0,0,0,0,0,0,0,0
1784089524978,nx-q6-nexmark-auto-171129,Executor4,Stage1-3-0,0,0,0,0,0,0,0,0
1784089525978,nx-q6-nexmark-auto-171129,Executor4,Stage1-3-0,0,0,0,0,0,0,0,0
1784089526978,nx-q6-nexmark-auto-171129,Executor4,Stage1-3-0,0,0,0,0,0,0,0,0
1784089527978,nx-q6-nexmark-auto-171129,Executor4,Stage1-3-0,0,0,0,0,0,0,0,0
1784089528978,nx-q6-nexmark-auto-171129,Executor4,Stage1-3-0,0,0,0,0,0,0,0,0
1784089529978,nx-q6-nexmark-auto-171129,Executor4,Stage1-3-0,0,0,0,0,0,0,0,0
1784089530978,nx-q6-nexmark-auto-171129,Executor4,Stage1-3-0,0,0,0,0,0,0,0,0
1784089531978,nx-q6-nexmark-auto-171129,Executor4,Stage1-3-0,0,0,0,0,0,0,0,0
1784089532978,nx-q6-nexmark-auto-171129,Executor4,Stage1-3-0,0,0,0,0,0,0,0,0
1784089533978,nx-q6-nexmark-auto-171129,Executor4,Stage1-3-0,0,0,0,0,0,0,0,0
1784089534978,nx-q6-nexmark-auto-171129,Executor4,Stage1-3-0,0,0,0,0,0,0,0,0
1784089535978,nx-q6-nexmark-auto-171129,Executor4,Stage1-3-0,0,0,0,0,0,0,0,0
1784089536978,nx-q6-nexmark-auto-171129,Executor4,Stage1-3-0,0,0,0,0,0,0,0,0
1784089537978,nx-q6-nexmark-auto-171129,Executor4,Stage1-3-0,0,0,0,0,0,0,0,0
1784089538978,nx-q6-nexmark-auto-171129,Executor4,Stage1-3-0,0,0,0,0,0,0,0,0
1784089539978,nx-q6-nexmark-auto-171129,Executor4,Stage1-3-0,0,0,0,0,0,0,0,0
1784089540978,nx-q6-nexmark-auto-171129,Executor4,Stage1-3-0,0,0,0,0,0,0,0,0
1784089541978,nx-q6-nexmark-auto-171129,Executor4,Stage1-3-0,0,0,0,0,0,0,0,0
1784089542978,nx-q6-nexmark-auto-171129,Executor4,Stage1-3-0,0,0,0,0,0,0,0,0
1784089543978,nx-q6-nexmark-auto-171129,Executor4,Stage1-3-0,0,0,0,0,0,0,0,0
1784089544978,nx-q6-nexmark-auto-171129,Executor4,Stage1-3-0,0,0,0,0,0,0,0,0
1784089545978,nx-q6-nexmark-auto-171129,Executor4,Stage1-3-0,0,0,0,0,0,0,0,0
1784089546978,nx-q6-nexmark-auto-171129,Executor4,Stage1-3-0,0,0,0,0,0,0,0,0
1784089547978,nx-q6-nexmark-auto-171129,Executor4,Stage1-3-0,0,0,0,0,0,0,0,0
1784089548978,nx-q6-nexmark-auto-171129,Executor4,Stage1-3-0,0,0,0,0,0,0,0,0
1784089549978,nx-q6-nexmark-auto-171129,Executor4,Stage1-3-0,0,0,0,0,0,0,0,0
1784089550978,nx-q6-nexmark-auto-171129,Executor4,Stage1-3-0,0,0,0,0,0,0,0,0
1784089551978,nx-q6-nexmark-auto-171129,Executor4,Stage1-3-0,0,0,0,0,0,0,0,0
1784089552978,nx-q6-nexmark-auto-171129,Executor4,Stage1-3-0,0,0,0,0,0,0,0,0
1784089553978,nx-q6-nexmark-auto-171129,Executor4,Stage1-3-0,0,0,0,0,0,0,0,0
1784089554978,nx-q6-nexmark-auto-171129,Executor4,Stage1-3-0,0,0,0,0,0,0,0,0
1784089555978,nx-q6-nexmark-auto-171129,Executor4,Stage1-3-0,0,0,0,0,0,0,0,0
1784089556978,nx-q6-nexmark-auto-171129,Executor4,Stage1-3-0,0,0,0,0,0,0,0,0
1784089557978,nx-q6-nexmark-auto-171129,Executor4,Stage1-3-0,0,0,0,0,0,0,0,0
1784089558978,nx-q6-nexmark-auto-171129,Executor4,Stage1-3-0,0,0,0,0,0,0,0,0
1784089559978,nx-q6-nexmark-auto-171129,Executor4,Stage1-3-0,0,0,0,0,0,0,0,0
1784089560978,nx-q6-nexmark-auto-171129,Executor4,Stage1-3-0,0,0,0,0,0,0,0,0
1784089561978,nx-q6-nexmark-auto-171129,Executor4,Stage1-3-0,0,0,0,0,0,0,0,0
1784089562978,nx-q6-nexmark-auto-171129,Executor4,Stage1-3-0,0,0,0,0,0,0,0,0
1784089563978,nx-q6-nexmark-auto-171129,Executor4,Stage1-3-0,0,0,0,0,0,0,0,0
1784089564978,nx-q6-nexmark-auto-171129,Executor4,Stage1-3-0,0,0,0,0,0,0,0,0
1784089565978,nx-q6-nexmark-auto-171129,Executor4,Stage1-3-0,0,0,0,0,0,0,0,0
1784089566978,nx-q6-nexmark-auto-171129,Executor4,Stage1-3-0,0,0,0,0,0,0,0,0
1784089567978,nx-q6-nexmark-auto-171129,Executor4,Stage1-3-0,0,0,0,0,0,0,0,0
1784089568978,nx-q6-nexmark-auto-171129,Executor4,Stage1-3-0,0,0,0,0,0,0,0,0
1784089569978,nx-q6-nexmark-auto-171129,Executor4,Stage1-3-0,0,0,0,0,0,0,0,0
1784089570978,nx-q6-nexmark-auto-171129,Executor4,Stage1-3-0,0,0,0,0,0,0,0,0
1784089571978,nx-q6-nexmark-auto-171129,Executor4,Stage1-3-0,0,0,0,0,0,0,0,0
1784089572978,nx-q6-nexmark-auto-171129,Executor4,Stage1-3-0,0,0,0,0,0,0,0,0
1784089573978,nx-q6-nexmark-auto-171129,Executor4,Stage1-3-0,0,0,0,0,0,0,0,0
1784089574978,nx-q6-nexmark-auto-171129,Executor4,Stage1-3-0,0,0,0,0,0,0,0,0
1784089575978,nx-q6-nexmark-auto-171129,Executor4,Stage1-3-0,0,0,0,0,0,0,0,0
1784089576978,nx-q6-nexmark-auto-171129,Executor4,Stage1-3-0,0,0,0,0,0,0,0,0
1784089577978,nx-q6-nexmark-auto-171129,Executor4,Stage1-3-0,0,0,0,0,0,0,0,0
1784089578978,nx-q6-nexmark-auto-171129,Executor4,Stage1-3-0,0,0,0,0,0,0,0,0
1784089579978,nx-q6-nexmark-auto-171129,Executor4,Stage1-3-0,0,0,0,0,0,0,0,0
1784089580978,nx-q6-nexmark-auto-171129,Executor4,Stage1-3-0,0,0,0,0,0,0,0,0
1784089581978,nx-q6-nexmark-auto-171129,Executor4,Stage1-3-0,0,0,0,0,0,0,0,0
1784089582978,nx-q6-nexmark-auto-171129,Executor4,Stage1-3-0,0,0,0,0,0,0,0,0
1784089583978,nx-q6-nexmark-auto-171129,Executor4,Stage1-3-0,0,0,0,0,0,0,0,0
1784089584978,nx-q6-nexmark-auto-171129,Executor4,Stage1-3-0,0,0,0,0,0,0,0,0
1784089585978,nx-q6-nexmark-auto-171129,Executor4,Stage1-3-0,0,0,0,0,0,0,0,0
1784089586978,nx-q6-nexmark-auto-171129,Executor4,Stage1-3-0,0,0,0,0,0,0,0,0
1784089587978,nx-q6-nexmark-auto-171129,Executor4,Stage1-3-0,0,0,0,0,0,0,0,0
1784089588978,nx-q6-nexmark-auto-171129,Executor4,Stage1-3-0,0,0,0,0,0,0,0,0
1784089589978,nx-q6-nexmark-auto-171129,Executor4,Stage1-3-0,0,0,0,0,0,0,0,0
1784089590978,nx-q6-nexmark-auto-171129,Executor4,Stage1-3-0,0,0,0,0,0,0,0,0
1784089591978,nx-q6-nexmark-auto-171129,Executor4,Stage1-3-0,0,0,0,0,0,0,0,0
1784089592978,nx-q6-nexmark-auto-171129,Executor4,Stage1-3-0,0,0,0,0,0,0,0,0
1784089593978,nx-q6-nexmark-auto-171129,Executor4,Stage1-3-0,0,0,0,0,0,0,0,0
1784089594978,nx-q6-nexmark-auto-171129,Executor4,Stage1-3-0,0,0,0,0,0,0,0,0
1784089595978,nx-q6-nexmark-auto-171129,Executor4,Stage1-3-0,0,0,0,0,0,0,0,0
1784089596978,nx-q6-nexmark-auto-171129,Executor4,Stage1-3-0,0,0,0,0,0,0,0,0
1784089597978,nx-q6-nexmark-auto-171129,Executor4,Stage1-3-0,0,0,0,0,0,0,0,0
1784089598978,nx-q6-nexmark-auto-171129,Executor4,Stage1-3-0,0,0,0,0,0,0,0,0
1784089599978,nx-q6-nexmark-auto-171129,Executor4,Stage1-3-0,0,0,0,0,0,0,0,0
1784089600978,nx-q6-nexmark-auto-171129,Executor4,Stage1-3-0,0,0,0,0,0,0,0,0
1784089601978,nx-q6-nexmark-auto-171129,Executor4,Stage1-3-0,0,0,0,0,0,0,0,0
1784089602978,nx-q6-nexmark-auto-171129,Executor4,Stage1-3-0,0,0,0,0,0,0,0,0
1784089603978,nx-q6-nexmark-auto-171129,Executor4,Stage1-3-0,0,0,0,0,0,0,0,0
1784089604978,nx-q6-nexmark-auto-171129,Executor4,Stage1-3-0,0,0,0,0,0,0,0,0
1784089605978,nx-q6-nexmark-auto-171129,Executor4,Stage1-3-0,0,0,0,0,0,0,0,0
1784089606978,nx-q6-nexmark-auto-171129,Executor4,Stage1-3-0,0,0,0,0,0,0,0,0
1784089607978,nx-q6-nexmark-auto-171129,Executor4,Stage1-3-0,0,0,0,0,0,0,0,0
1784089608978,nx-q6-nexmark-auto-171129,Executor4,Stage1-3-0,0,0,0,0,0,0,0,0
1784089609978,nx-q6-nexmark-auto-171129,Executor4,Stage1-3-0,0,0,0,0,0,0,0,0
1784089610978,nx-q6-nexmark-auto-171129,Executor4,Stage1-3-0,0,0,0,0,0,0,0,0
1784089611978,nx-q6-nexmark-auto-171129,Executor4,Stage1-3-0,0,0,0,0,0,0,0,0
1784089612978,nx-q6-nexmark-auto-171129,Executor4,Stage1-3-0,0,0,0,0,0,0,0,0
1784089613978,nx-q6-nexmark-auto-171129,Executor4,Stage1-3-0,0,0,0,0,0,0,0,0
1784089614978,nx-q6-nexmark-auto-171129,Executor4,Stage1-3-0,0,0,0,0,0,0,0,0
1784089615978,nx-q6-nexmark-auto-171129,Executor4,Stage1-3-0,0,0,0,0,0,0,0,0
1784089616978,nx-q6-nexmark-auto-171129,Executor4,Stage1-3-0,0,0,0,0,0,0,0,0
1784089617978,nx-q6-nexmark-auto-171129,Executor4,Stage1-3-0,0,0,0,0,0,0,0,0
1784089618978,nx-q6-nexmark-auto-171129,Executor4,Stage1-3-0,0,0,0,0,0,0,0,0
1784089619978,nx-q6-nexmark-auto-171129,Executor4,Stage1-3-0,0,0,0,0,0,0,0,0
1784089620978,nx-q6-nexmark-auto-171129,Executor4,Stage1-3-0,0,0,0,0,0,0,0,0
1784089621978,nx-q6-nexmark-auto-171129,Executor4,Stage1-3-0,0,0,0,0,0,0,0,0
1784089622978,nx-q6-nexmark-auto-171129,Executor4,Stage1-3-0,0,0,0,0,0,0,0,0
1784089623978,nx-q6-nexmark-auto-171129,Executor4,Stage1-3-0,0,0,0,0,0,0,0,0
1784089624978,nx-q6-nexmark-auto-171129,Executor4,Stage1-3-0,0,0,0,0,0,0,0,0
1784089625978,nx-q6-nexmark-auto-171129,Executor4,Stage1-3-0,0,0,0,0,0,0,0,0
1784089626978,nx-q6-nexmark-auto-171129,Executor4,Stage1-3-0,0,0,0,0,0,0,0,0
1784089627978,nx-q6-nexmark-auto-171129,Executor4,Stage1-3-0,0,0,0,0,0,0,0,0
1784089628978,nx-q6-nexmark-auto-171129,Executor4,Stage1-3-0,0,0,0,0,0,0,0,0
1784089629978,nx-q6-nexmark-auto-171129,Executor4,Stage1-3-0,0,0,0,0,0,0,0,0
1784089630978,nx-q6-nexmark-auto-171129,Executor4,Stage1-3-0,0,0,0,0,0,0,0,0
1784089631978,nx-q6-nexmark-auto-171129,Executor4,Stage1-3-0,0,0,0,0,0,0,0,0
1784089632978,nx-q6-nexmark-auto-171129,Executor4,Stage1-3-0,0,0,0,0,0,0,0,0
1784089633978,nx-q6-nexmark-auto-171129,Executor4,Stage1-3-0,0,0,0,0,0,0,0,0
1784089634978,nx-q6-nexmark-auto-171129,Executor4,Stage1-3-0,0,0,0,0,0,0,0,0
1784089635978,nx-q6-nexmark-auto-171129,Executor4,Stage1-3-0,0,0,0,0,0,0,0,0
1784089636978,nx-q6-nexmark-auto-171129,Executor4,Stage1-3-0,0,0,0,0,0,0,0,0
1784089637978,nx-q6-nexmark-auto-171129,Executor4,Stage1-3-0,0,0,0,0,0,0,0,0
1784089638978,nx-q6-nexmark-auto-171129,Executor4,Stage1-3-0,0,0,0,0,0,0,0,0
1784089639978,nx-q6-nexmark-auto-171129,Executor4,Stage1-3-0,0,0,0,0,0,0,0,0
1784089640978,nx-q6-nexmark-auto-171129,Executor4,Stage1-3-0,0,0,0,0,0,0,0,0
1784089641978,nx-q6-nexmark-auto-171129,Executor4,Stage1-3-0,0,0,0,0,0,0,0,0
1784089642978,nx-q6-nexmark-auto-171129,Executor4,Stage1-3-0,0,0,0,0,0,0,0,0
1784089643978,nx-q6-nexmark-auto-171129,Executor4,Stage1-3-0,0,0,0,0,0,0,0,0
1784089644978,nx-q6-nexmark-auto-171129,Executor4,Stage1-3-0,0,0,0,0,0,0,0,0
1784089645978,nx-q6-nexmark-auto-171129,Executor4,Stage1-3-0,0,0,0,0,0,0,0,0
1784089646978,nx-q6-nexmark-auto-171129,Executor4,Stage1-3-0,0,0,0,0,0,0,0,0
1784089647978,nx-q6-nexmark-auto-171129,Executor4,Stage1-3-0,0,0,0,0,0,0,0,0
1784089648978,nx-q6-nexmark-auto-171129,Executor4,Stage1-3-0,0,0,0,0,0,0,0,0
1784089649978,nx-q6-nexmark-auto-171129,Executor4,Stage1-3-0,0,0,0,0,0,0,0,0
1784089650978,nx-q6-nexmark-auto-171129,Executor4,Stage1-3-0,0,0,0,0,0,0,0,0
1784089651978,nx-q6-nexmark-auto-171129,Executor4,Stage1-3-0,0,0,0,0,0,0,0,0
1784089652978,nx-q6-nexmark-auto-171129,Executor4,Stage1-3-0,0,0,0,0,0,0,0,0
1784089653978,nx-q6-nexmark-auto-171129,Executor4,Stage1-3-0,0,0,0,0,0,0,0,0
1784089654978,nx-q6-nexmark-auto-171129,Executor4,Stage1-3-0,0,0,0,0,0,0,0,0
1784089655978,nx-q6-nexmark-auto-171129,Executor4,Stage1-3-0,0,0,0,0,0,0,0,0
1784089656978,nx-q6-nexmark-auto-171129,Executor4,Stage1-3-0,0,0,0,0,0,0,0,0
1784089657978,nx-q6-nexmark-auto-171129,Executor4,Stage1-3-0,0,0,0,0,0,0,0,0
1784089658978,nx-q6-nexmark-auto-171129,Executor4,Stage1-3-0,0,0,0,0,0,0,0,0
1784089659978,nx-q6-nexmark-auto-171129,Executor4,Stage1-3-0,0,0,0,0,0,0,0,0
1784089660978,nx-q6-nexmark-auto-171129,Executor4,Stage1-3-0,0,0,0,0,0,0,0,0
1784089661978,nx-q6-nexmark-auto-171129,Executor4,Stage1-3-0,0,0,0,0,0,0,0,0
1784089662978,nx-q6-nexmark-auto-171129,Executor4,Stage1-3-0,0,0,0,0,0,0,0,0
1784089663978,nx-q6-nexmark-auto-171129,Executor4,Stage1-3-0,0,0,0,0,0,0,0,0
1784089664978,nx-q6-nexmark-auto-171129,Executor4,Stage1-3-0,0,0,0,0,0,0,0,0
1784089665978,nx-q6-nexmark-auto-171129,Executor4,Stage1-3-0,0,0,0,0,0,0,0,0
1784089666978,nx-q6-nexmark-auto-171129,Executor4,Stage1-3-0,0,0,0,0,0,0,0,0
1784089667978,nx-q6-nexmark-auto-171129,Executor4,Stage1-3-0,0,0,0,0,0,0,0,0
1784089668978,nx-q6-nexmark-auto-171129,Executor4,Stage1-3-0,0,0,0,0,0,0,0,0
1784089669978,nx-q6-nexmark-auto-171129,Executor4,Stage1-3-0,0,0,0,0,0,0,0,0
1784089670978,nx-q6-nexmark-auto-171129,Executor4,Stage1-3-0,0,0,0,0,0,0,0,0
1784089671978,nx-q6-nexmark-auto-171129,Executor4,Stage1-3-0,0,0,0,0,0,0,0,0
1784089672978,nx-q6-nexmark-auto-171129,Executor4,Stage1-3-0,0,0,0,0,0,0,0,0
1784089673978,nx-q6-nexmark-auto-171129,Executor4,Stage1-3-0,0,0,0,0,0,0,0,0
1784089674978,nx-q6-nexmark-auto-171129,Executor4,Stage1-3-0,0,0,0,0,0,0,0,0
1784089675978,nx-q6-nexmark-auto-171129,Executor4,Stage1-3-0,0,0,0,0,0,0,0,0
1784089676978,nx-q6-nexmark-auto-171129,Executor4,Stage1-3-0,0,0,0,0,0,0,0,0
1784089677978,nx-q6-nexmark-auto-171129,Executor4,Stage1-3-0,0,0,0,0,0,0,0,0
1784089678978,nx-q6-nexmark-auto-171129,Executor4,Stage1-3-0,0,0,0,0,0,0,0,0
1784089679978,nx-q6-nexmark-auto-171129,Executor4,Stage1-3-0,0,0,0,0,0,0,0,0
1784089680978,nx-q6-nexmark-auto-171129,Executor4,Stage1-3-0,0,0,0,0,0,0,0,0
1784089681978,nx-q6-nexmark-auto-171129,Executor4,Stage1-3-0,0,0,0,0,0,0,0,0
1784089682978,nx-q6-nexmark-auto-171129,Executor4,Stage1-3-0,0,0,0,0,0,0,0,0
1784089683978,nx-q6-nexmark-auto-171129,Executor4,Stage1-3-0,0,0,0,0,0,0,0,0
1784089684978,nx-q6-nexmark-auto-171129,Executor4,Stage1-3-0,0,0,0,0,0,0,0,0
1784089685978,nx-q6-nexmark-auto-171129,Executor4,Stage1-3-0,0,0,0,0,0,0,0,0
1784089686978,nx-q6-nexmark-auto-171129,Executor4,Stage1-3-0,0,0,0,0,0,0,0,0
1784089687978,nx-q6-nexmark-auto-171129,Executor4,Stage1-3-0,0,0,0,0,0,0,0,0
1784089688978,nx-q6-nexmark-auto-171129,Executor4,Stage1-3-0,0,0,0,0,0,0,0,0
1784089689978,nx-q6-nexmark-auto-171129,Executor4,Stage1-3-0,0,0,0,0,0,0,0,0
1784089690978,nx-q6-nexmark-auto-171129,Executor4,Stage1-3-0,0,0,0,0,0,0,0,0
1784089691978,nx-q6-nexmark-auto-171129,Executor4,Stage1-3-0,0,0,0,0,0,0,0,0
1784089692978,nx-q6-nexmark-auto-171129,Executor4,Stage1-3-0,0,0,0,0,0,0,0,0
1784089693978,nx-q6-nexmark-auto-171129,Executor4,Stage1-3-0,0,0,0,0,0,0,0,0
1784089694978,nx-q6-nexmark-auto-171129,Executor4,Stage1-3-0,0,0,0,0,0,0,0,0
1784089695978,nx-q6-nexmark-auto-171129,Executor4,Stage1-3-0,0,0,0,0,0,0,0,0
1784089696978,nx-q6-nexmark-auto-171129,Executor4,Stage1-3-0,0,0,0,0,0,0,0,0
1784089697978,nx-q6-nexmark-auto-171129,Executor4,Stage1-3-0,0,0,0,0,0,0,0,0
1784089698978,nx-q6-nexmark-auto-171129,Executor4,Stage1-3-0,0,0,0,0,0,0,0,0
1784089699978,nx-q6-nexmark-auto-171129,Executor4,Stage1-3-0,0,0,0,0,0,0,0,0
1784089700978,nx-q6-nexmark-auto-171129,Executor4,Stage1-3-0,0,0,0,0,0,0,0,0
1784089701978,nx-q6-nexmark-auto-171129,Executor4,Stage1-3-0,0,0,0,0,0,0,0,0
1784089702978,nx-q6-nexmark-auto-171129,Executor4,Stage1-3-0,0,0,0,0,0,0,0,0
1784089703978,nx-q6-nexmark-auto-171129,Executor4,Stage1-3-0,0,0,0,0,0,0,0,0
1784089704978,nx-q6-nexmark-auto-171129,Executor4,Stage1-3-0,0,0,0,0,0,0,0,0
1784089705978,nx-q6-nexmark-auto-171129,Executor4,Stage1-3-0,0,0,0,0,0,0,0,0
1784089706978,nx-q6-nexmark-auto-171129,Executor4,Stage1-3-0,0,0,0,0,0,0,0,0
1784089707978,nx-q6-nexmark-auto-171129,Executor4,Stage1-3-0,0,0,0,0,0,0,0,0
1784089708978,nx-q6-nexmark-auto-171129,Executor4,Stage1-3-0,0,0,0,0,0,0,0,0
1784089709978,nx-q6-nexmark-auto-171129,Executor4,Stage1-3-0,0,0,0,0,0,0,0,0
1784089710978,nx-q6-nexmark-auto-171129,Executor4,Stage1-3-0,0,0,0,0,0,0,0,0
1784089711978,nx-q6-nexmark-auto-171129,Executor4,Stage1-3-0,0,0,0,0,0,0,0,0
1784089712978,nx-q6-nexmark-auto-171129,Executor4,Stage1-3-0,0,0,0,0,0,0,0,0
1784089713978,nx-q6-nexmark-auto-171129,Executor4,Stage1-3-0,0,0,0,0,0,0,0,0
1784089714978,nx-q6-nexmark-auto-171129,Executor4,Stage1-3-0,0,0,0,0,0,0,0,0
1784089715978,nx-q6-nexmark-auto-171129,Executor4,Stage1-3-0,0,0,0,0,0,0,0,0
1784089716978,nx-q6-nexmark-auto-171129,Executor4,Stage1-3-0,0,0,0,0,0,0,0,0
1784089717978,nx-q6-nexmark-auto-171129,Executor4,Stage1-3-0,0,0,0,0,0,0,0,0
1784089718978,nx-q6-nexmark-auto-171129,Executor4,Stage1-3-0,0,0,0,0,0,0,0,0
1784089719978,nx-q6-nexmark-auto-171129,Executor4,Stage1-3-0,0,0,0,0,0,0,0,0
1784089720978,nx-q6-nexmark-auto-171129,Executor4,Stage1-3-0,0,0,0,0,0,0,0,0
1784089721978,nx-q6-nexmark-auto-171129,Executor4,Stage1-3-0,0,0,0,0,0,0,0,0
1784089722978,nx-q6-nexmark-auto-171129,Executor4,Stage1-3-0,0,0,0,0,0,0,0,0
1784089723978,nx-q6-nexmark-auto-171129,Executor4,Stage1-3-0,0,0,0,0,0,0,0,0
1784089724978,nx-q6-nexmark-auto-171129,Executor4,Stage1-3-0,0,0,0,0,0,0,0,0
1784089725978,nx-q6-nexmark-auto-171129,Executor4,Stage1-3-0,0,0,0,0,0,0,0,0
1784089726978,nx-q6-nexmark-auto-171129,Executor4,Stage1-3-0,0,0,0,0,0,0,0,0
1784089727978,nx-q6-nexmark-auto-171129,Executor4,Stage1-3-0,0,0,0,0,0,0,0,0
1784089728978,nx-q6-nexmark-auto-171129,Executor4,Stage1-3-0,0,0,0,0,0,0,0,0
1784089729978,nx-q6-nexmark-auto-171129,Executor4,Stage1-3-0,0,0,0,0,0,0,0,0
1784089730978,nx-q6-nexmark-auto-171129,Executor4,Stage1-3-0,0,0,0,0,0,0,0,0
1784089731978,nx-q6-nexmark-auto-171129,Executor4,Stage1-3-0,0,0,0,0,0,0,0,0
1784089732978,nx-q6-nexmark-auto-171129,Executor4,Stage1-3-0,0,0,0,0,0,0,0,0
1784089733978,nx-q6-nexmark-auto-171129,Executor4,Stage1-3-0,0,0,0,0,0,0,0,0
1784089734978,nx-q6-nexmark-auto-171129,Executor4,Stage1-3-0,0,0,0,0,0,0,0,0
1784089735978,nx-q6-nexmark-auto-171129,Executor4,Stage1-3-0,0,0,0,0,0,0,0,0
1784089736978,nx-q6-nexmark-auto-171129,Executor4,Stage1-3-0,0,0,0,0,0,0,0,0
1784089737978,nx-q6-nexmark-auto-171129,Executor4,Stage1-3-0,0,0,0,0,0,0,0,0
1784089738978,nx-q6-nexmark-auto-171129,Executor4,Stage1-3-0,0,0,0,0,0,0,0,0
1784089739978,nx-q6-nexmark-auto-171129,Executor4,Stage1-3-0,0,0,0,0,0,0,0,0
1784089740978,nx-q6-nexmark-auto-171129,Executor4,Stage1-3-0,0,0,0,0,0,0,0,0
1784089741978,nx-q6-nexmark-auto-171129,Executor4,Stage1-3-0,0,0,0,0,0,0,0,0
1784089742978,nx-q6-nexmark-auto-171129,Executor4,Stage1-3-0,0,0,0,0,0,0,0,0
1784089743978,nx-q6-nexmark-auto-171129,Executor4,Stage1-3-0,0,0,0,0,0,0,0,0
1784089744978,nx-q6-nexmark-auto-171129,Executor4,Stage1-3-0,0,0,0,0,0,0,0,0
1784089745978,nx-q6-nexmark-auto-171129,Executor4,Stage1-3-0,0,0,0,0,0,0,0,0
1784089746978,nx-q6-nexmark-auto-171129,Executor4,Stage1-3-0,0,0,0,0,0,0,0,0
1784089747978,nx-q6-nexmark-auto-171129,Executor4,Stage1-3-0,0,0,0,0,0,0,0,0
1784089748978,nx-q6-nexmark-auto-171129,Executor4,Stage1-3-0,0,0,0,0,0,0,0,0
1784089749978,nx-q6-nexmark-auto-171129,Executor4,Stage1-3-0,0,0,0,0,0,0,0,0
1784089750978,nx-q6-nexmark-auto-171129,Executor4,Stage1-3-0,0,0,0,0,0,0,0,0
1784089751978,nx-q6-nexmark-auto-171129,Executor4,Stage1-3-0,0,0,0,0,0,0,0,0
1784089752978,nx-q6-nexmark-auto-171129,Executor4,Stage1-3-0,0,0,0,0,0,0,0,0
1784089753978,nx-q6-nexmark-auto-171129,Executor4,Stage1-3-0,0,0,0,0,0,0,0,0
1784089754978,nx-q6-nexmark-auto-171129,Executor4,Stage1-3-0,0,0,0,0,0,0,0,0
1784089755978,nx-q6-nexmark-auto-171129,Executor4,Stage1-3-0,0,0,0,0,0,0,0,0
1784089756978,nx-q6-nexmark-auto-171129,Executor4,Stage1-3-0,0,0,0,0,0,0,0,0
1784089757978,nx-q6-nexmark-auto-171129,Executor4,Stage1-3-0,0,0,0,0,0,0,0,0
1784089758978,nx-q6-nexmark-auto-171129,Executor4,Stage1-3-0,0,0,0,0,0,0,0,0
1784089759978,nx-q6-nexmark-auto-171129,Executor4,Stage1-3-0,0,0,0,0,0,0,0,0
1784089760978,nx-q6-nexmark-auto-171129,Executor4,Stage1-3-0,0,0,0,0,0,0,0,0
1784089761978,nx-q6-nexmark-auto-171129,Executor4,Stage1-3-0,0,0,0,0,0,0,0,0
1784089762978,nx-q6-nexmark-auto-171129,Executor4,Stage1-3-0,0,0,0,0,0,0,0,0
1784089763978,nx-q6-nexmark-auto-171129,Executor4,Stage1-3-0,0,0,0,0,0,0,0,0
1784089764978,nx-q6-nexmark-auto-171129,Executor4,Stage1-3-0,0,0,0,0,0,0,0,0
1784089765978,nx-q6-nexmark-auto-171129,Executor4,Stage1-3-0,0,0,0,0,0,0,0,0
1784089766978,nx-q6-nexmark-auto-171129,Executor4,Stage1-3-0,0,0,0,0,0,0,0,0
1784089767978,nx-q6-nexmark-auto-171129,Executor4,Stage1-3-0,0,0,0,0,0,0,0,0
1784089768978,nx-q6-nexmark-auto-171129,Executor4,Stage1-3-0,0,0,0,0,0,0,0,0
1784089769978,nx-q6-nexmark-auto-171129,Executor4,Stage1-3-0,0,0,0,0,0,0,0,0
1784089770978,nx-q6-nexmark-auto-171129,Executor4,Stage1-3-0,0,0,0,0,0,0,0,0
1784089771978,nx-q6-nexmark-auto-171129,Executor4,Stage1-3-0,0,0,0,0,0,0,0,0
1784089772978,nx-q6-nexmark-auto-171129,Executor4,Stage1-3-0,0,0,0,0,0,0,0,0
1784089773978,nx-q6-nexmark-auto-171129,Executor4,Stage1-3-0,0,0,0,0,0,0,0,0
1784089774978,nx-q6-nexmark-auto-171129,Executor4,Stage1-3-0,0,0,0,0,0,0,0,0
1784089775978,nx-q6-nexmark-auto-171129,Executor4,Stage1-3-0,0,0,0,0,0,0,0,0
1784089776978,nx-q6-nexmark-auto-171129,Executor4,Stage1-3-0,0,0,0,0,0,0,0,0
1784089777978,nx-q6-nexmark-auto-171129,Executor4,Stage1-3-0,0,0,0,0,0,0,0,0
1784089778978,nx-q6-nexmark-auto-171129,Executor4,Stage1-3-0,0,0,0,0,0,0,0,0
1784089779978,nx-q6-nexmark-auto-171129,Executor4,Stage1-3-0,0,0,0,0,0,0,0,0
1784089780978,nx-q6-nexmark-auto-171129,Executor4,Stage1-3-0,0,0,0,0,0,0,0,0
1784089781978,nx-q6-nexmark-auto-171129,Executor4,Stage1-3-0,0,0,0,0,0,0,0,0
1784089782978,nx-q6-nexmark-auto-171129,Executor4,Stage1-3-0,0,0,0,0,0,0,0,0
1784089783978,nx-q6-nexmark-auto-171129,Executor4,Stage1-3-0,0,0,0,0,0,0,0,0
1784089784978,nx-q6-nexmark-auto-171129,Executor4,Stage1-3-0,0,0,0,0,0,0,0,0
1784089785978,nx-q6-nexmark-auto-171129,Executor4,Stage1-3-0,0,0,0,0,0,0,0,0
1784089786978,nx-q6-nexmark-auto-171129,Executor4,Stage1-3-0,0,0,0,0,0,0,0,0
1784089787978,nx-q6-nexmark-auto-171129,Executor4,Stage1-3-0,0,0,0,0,0,0,0,0
1784089788978,nx-q6-nexmark-auto-171129,Executor4,Stage1-3-0,0,0,0,0,0,0,0,0
1784089789978,nx-q6-nexmark-auto-171129,Executor4,Stage1-3-0,0,0,0,0,0,0,0,0
1784089790978,nx-q6-nexmark-auto-171129,Executor4,Stage1-3-0,0,0,0,0,0,0,0,0
1784089791978,nx-q6-nexmark-auto-171129,Executor4,Stage1-3-0,0,0,0,0,0,0,0,0
1784089792978,nx-q6-nexmark-auto-171129,Executor4,Stage1-3-0,0,0,0,0,0,0,0,0
1784089793978,nx-q6-nexmark-auto-171129,Executor4,Stage1-3-0,0,0,0,0,0,0,0,0
1784089794978,nx-q6-nexmark-auto-171129,Executor4,Stage1-3-0,0,0,0,0,0,0,0,0
1784089795978,nx-q6-nexmark-auto-171129,Executor4,Stage1-3-0,0,0,0,0,0,0,0,0
1784089796978,nx-q6-nexmark-auto-171129,Executor4,Stage1-3-0,0,0,0,0,0,0,0,0
1784089797978,nx-q6-nexmark-auto-171129,Executor4,Stage1-3-0,0,0,0,0,0,0,0,0
1784089798978,nx-q6-nexmark-auto-171129,Executor4,Stage1-3-0,0,0,0,0,0,0,0,0
1784089799978,nx-q6-nexmark-auto-171129,Executor4,Stage1-3-0,0,0,0,0,0,0,0,0
1784089800978,nx-q6-nexmark-auto-171129,Executor4,Stage1-3-0,0,0,0,0,0,0,0,0
1784089801978,nx-q6-nexmark-auto-171129,Executor4,Stage1-3-0,0,0,0,0,0,0,0,0
1784089802978,nx-q6-nexmark-auto-171129,Executor4,Stage1-3-0,0,0,0,0,0,0,0,0
1784089803978,nx-q6-nexmark-auto-171129,Executor4,Stage1-3-0,0,0,0,0,0,0,0,0
1784089804978,nx-q6-nexmark-auto-171129,Executor4,Stage1-3-0,0,0,0,0,0,0,0,0
1784089805978,nx-q6-nexmark-auto-171129,Executor4,Stage1-3-0,0,0,0,0,0,0,0,0
1784089806978,nx-q6-nexmark-auto-171129,Executor4,Stage1-3-0,0,0,0,0,0,0,0,0
1784089807978,nx-q6-nexmark-auto-171129,Executor4,Stage1-3-0,0,0,0,0,0,0,0,0
1784089808978,nx-q6-nexmark-auto-171129,Executor4,Stage1-3-0,0,0,0,0,0,0,0,0
1784089809978,nx-q6-nexmark-auto-171129,Executor4,Stage1-3-0,0,0,0,0,0,0,0,0
1784089810978,nx-q6-nexmark-auto-171129,Executor4,Stage1-3-0,0,0,0,0,0,0,0,0
1784089811978,nx-q6-nexmark-auto-171129,Executor4,Stage1-3-0,0,0,0,0,0,0,0,0
1784089812978,nx-q6-nexmark-auto-171129,Executor4,Stage1-3-0,0,0,0,0,0,0,0,0
1784089813978,nx-q6-nexmark-auto-171129,Executor4,Stage1-3-0,0,0,0,0,0,0,0,0
1784089814978,nx-q6-nexmark-auto-171129,Executor4,Stage1-3-0,0,0,0,0,0,0,0,0
1784089815978,nx-q6-nexmark-auto-171129,Executor4,Stage1-3-0,0,0,0,0,0,0,0,0
1784089816978,nx-q6-nexmark-auto-171129,Executor4,Stage1-3-0,0,0,0,0,0,0,0,0
1784089817978,nx-q6-nexmark-auto-171129,Executor4,Stage1-3-0,0,0,0,0,0,0,0,0
1784089818978,nx-q6-nexmark-auto-171129,Executor4,Stage1-3-0,0,0,0,0,0,0,0,0
1784089819978,nx-q6-nexmark-auto-171129,Executor4,Stage1-3-0,0,0,0,0,0,0,0,0
1784089820978,nx-q6-nexmark-auto-171129,Executor4,Stage1-3-0,0,0,0,0,0,0,0,0
1784089821978,nx-q6-nexmark-auto-171129,Executor4,Stage1-3-0,0,0,0,0,0,0,0,0
1784089822978,nx-q6-nexmark-auto-171129,Executor4,Stage1-3-0,0,0,0,0,0,0,0,0
1784089823978,nx-q6-nexmark-auto-171129,Executor4,Stage1-3-0,0,0,0,0,0,0,0,0
1784089824978,nx-q6-nexmark-auto-171129,Executor4,Stage1-3-0,0,0,0,0,0,0,0,0
1784089825978,nx-q6-nexmark-auto-171129,Executor4,Stage1-3-0,0,0,0,0,0,0,0,0
1784089826978,nx-q6-nexmark-auto-171129,Executor4,Stage1-3-0,0,0,0,0,0,0,0,0
1784089827978,nx-q6-nexmark-auto-171129,Executor4,Stage1-3-0,0,0,0,0,0,0,0,0
1784089828978,nx-q6-nexmark-auto-171129,Executor4,Stage1-3-0,0,0,0,0,0,0,0,0
1784089829978,nx-q6-nexmark-auto-171129,Executor4,Stage1-3-0,0,0,0,0,0,0,0,0
1784089830978,nx-q6-nexmark-auto-171129,Executor4,Stage1-3-0,0,0,0,0,0,0,0,0
1784089831978,nx-q6-nexmark-auto-171129,Executor4,Stage1-3-0,0,0,0,0,0,0,0,0
1784089832978,nx-q6-nexmark-auto-171129,Executor4,Stage1-3-0,0,0,0,0,0,0,0,0
1784089833978,nx-q6-nexmark-auto-171129,Executor4,Stage1-3-0,0,0,0,0,0,0,0,0
1784089834978,nx-q6-nexmark-auto-171129,Executor4,Stage1-3-0,0,0,0,0,0,0,0,0
1784089835978,nx-q6-nexmark-auto-171129,Executor4,Stage1-3-0,0,0,0,0,0,0,0,0
1784089836978,nx-q6-nexmark-auto-171129,Executor4,Stage1-3-0,0,0,0,0,0,0,0,0
1784089837978,nx-q6-nexmark-auto-171129,Executor4,Stage1-3-0,0,0,0,0,0,0,0,0
1784089838978,nx-q6-nexmark-auto-171129,Executor4,Stage1-3-0,0,0,0,0,0,0,0,0
1784089839978,nx-q6-nexmark-auto-171129,Executor4,Stage1-3-0,0,0,0,0,0,0,0,0
1784089840978,nx-q6-nexmark-auto-171129,Executor4,Stage1-3-0,0,0,0,0,0,0,0,0
1784089841978,nx-q6-nexmark-auto-171129,Executor4,Stage1-3-0,0,0,0,0,0,0,0,0
1784089842978,nx-q6-nexmark-auto-171129,Executor4,Stage1-3-0,0,0,0,0,0,0,0,0
1784089843978,nx-q6-nexmark-auto-171129,Executor4,Stage1-3-0,0,0,0,0,0,0,0,0
1784089844978,nx-q6-nexmark-auto-171129,Executor4,Stage1-3-0,0,0,0,0,0,0,0,0
1784089845978,nx-q6-nexmark-auto-171129,Executor4,Stage1-3-0,0,0,0,0,0,0,0,0
1784089846978,nx-q6-nexmark-auto-171129,Executor4,Stage1-3-0,0,0,0,0,0,0,0,0
1784089847978,nx-q6-nexmark-auto-171129,Executor4,Stage1-3-0,0,0,0,0,0,0,0,0
1784089848978,nx-q6-nexmark-auto-171129,Executor4,Stage1-3-0,0,0,0,0,0,0,0,0
1784089849978,nx-q6-nexmark-auto-171129,Executor4,Stage1-3-0,0,0,0,0,0,0,0,0
1784089850978,nx-q6-nexmark-auto-171129,Executor4,Stage1-3-0,0,0,0,0,0,0,0,0
1784089851978,nx-q6-nexmark-auto-171129,Executor4,Stage1-3-0,0,0,0,0,0,0,0,0
1784089852978,nx-q6-nexmark-auto-171129,Executor4,Stage1-3-0,0,0,0,0,0,0,0,0
1784089853978,nx-q6-nexmark-auto-171129,Executor4,Stage1-3-0,0,0,0,0,0,0,0,0
1784089854978,nx-q6-nexmark-auto-171129,Executor4,Stage1-3-0,0,0,0,0,0,0,0,0
1784089855978,nx-q6-nexmark-auto-171129,Executor4,Stage1-3-0,0,0,0,0,0,0,0,0
1784089856978,nx-q6-nexmark-auto-171129,Executor4,Stage1-3-0,0,0,0,0,0,0,0,0
1784089857978,nx-q6-nexmark-auto-171129,Executor4,Stage1-3-0,0,0,0,0,0,0,0,0
1784089858978,nx-q6-nexmark-auto-171129,Executor4,Stage1-3-0,0,0,0,0,0,0,0,0
1784089859978,nx-q6-nexmark-auto-171129,Executor4,Stage1-3-0,0,0,0,0,0,0,0,0
1784089860978,nx-q6-nexmark-auto-171129,Executor4,Stage1-3-0,0,0,0,0,0,0,0,0
1784089861978,nx-q6-nexmark-auto-171129,Executor4,Stage1-3-0,0,0,0,0,0,0,0,0
1784089862978,nx-q6-nexmark-auto-171129,Executor4,Stage1-3-0,0,0,0,0,0,0,0,0
1784089863978,nx-q6-nexmark-auto-171129,Executor4,Stage1-3-0,0,0,0,0,0,0,0,0
1784089864978,nx-q6-nexmark-auto-171129,Executor4,Stage1-3-0,0,0,0,0,0,0,0,0
1784089865978,nx-q6-nexmark-auto-171129,Executor4,Stage1-3-0,0,0,0,0,0,0,0,0
1784089866978,nx-q6-nexmark-auto-171129,Executor4,Stage1-3-0,0,0,0,0,0,0,0,0
1784089867978,nx-q6-nexmark-auto-171129,Executor4,Stage1-3-0,0,0,0,0,0,0,0,0
1784089868978,nx-q6-nexmark-auto-171129,Executor4,Stage1-3-0,0,0,0,0,0,0,0,0
1784089869978,nx-q6-nexmark-auto-171129,Executor4,Stage1-3-0,0,0,0,0,0,0,0,0
1784089870978,nx-q6-nexmark-auto-171129,Executor4,Stage1-3-0,0,0,0,0,0,0,0,0
1784089871978,nx-q6-nexmark-auto-171129,Executor4,Stage1-3-0,0,0,0,0,0,0,0,0
1784089872978,nx-q6-nexmark-auto-171129,Executor4,Stage1-3-0,0,0,0,0,0,0,0,0
1784089873978,nx-q6-nexmark-auto-171129,Executor4,Stage1-3-0,0,0,0,0,0,0,0,0
1784089874978,nx-q6-nexmark-auto-171129,Executor4,Stage1-3-0,0,0,0,0,0,0,0,0
1784089875978,nx-q6-nexmark-auto-171129,Executor4,Stage1-3-0,0,0,0,0,0,0,0,0
1784089876978,nx-q6-nexmark-auto-171129,Executor4,Stage1-3-0,0,0,0,0,0,0,0,0
1784089877978,nx-q6-nexmark-auto-171129,Executor4,Stage1-3-0,0,0,0,0,0,0,0,0
1784089878978,nx-q6-nexmark-auto-171129,Executor4,Stage1-3-0,0,0,0,0,0,0,0,0
1784089879978,nx-q6-nexmark-auto-171129,Executor4,Stage1-3-0,0,0,0,0,0,0,0,0
1784089880978,nx-q6-nexmark-auto-171129,Executor4,Stage1-3-0,0,0,0,0,0,0,0,0
1784089881978,nx-q6-nexmark-auto-171129,Executor4,Stage1-3-0,0,0,0,0,0,0,0,0
1784089882978,nx-q6-nexmark-auto-171129,Executor4,Stage1-3-0,0,0,0,0,0,0,0,0
1784089883978,nx-q6-nexmark-auto-171129,Executor4,Stage1-3-0,0,0,0,0,0,0,0,0
1784089884978,nx-q6-nexmark-auto-171129,Executor4,Stage1-3-0,0,0,0,0,0,0,0,0
1784089885978,nx-q6-nexmark-auto-171129,Executor4,Stage1-3-0,0,0,0,0,0,0,0,0
1784089886978,nx-q6-nexmark-auto-171129,Executor4,Stage1-3-0,0,0,0,0,0,0,0,0
1784089887978,nx-q6-nexmark-auto-171129,Executor4,Stage1-3-0,0,0,0,0,0,0,0,0
1784089888978,nx-q6-nexmark-auto-171129,Executor4,Stage1-3-0,0,0,0,0,0,0,0,0
1784089889978,nx-q6-nexmark-auto-171129,Executor4,Stage1-3-0,0,0,0,0,0,0,0,0
1784089890978,nx-q6-nexmark-auto-171129,Executor4,Stage1-3-0,0,0,0,0,0,0,0,0
1784089891978,nx-q6-nexmark-auto-171129,Executor4,Stage1-3-0,0,0,0,0,0,0,0,0
1784089892978,nx-q6-nexmark-auto-171129,Executor4,Stage1-3-0,0,0,0,0,0,0,0,0
1784089893978,nx-q6-nexmark-auto-171129,Executor4,Stage1-3-0,0,0,0,0,0,0,0,0
1784089894978,nx-q6-nexmark-auto-171129,Executor4,Stage1-3-0,0,0,0,0,0,0,0,0
1784089895978,nx-q6-nexmark-auto-171129,Executor4,Stage1-3-0,0,0,0,0,0,0,0,0
1784089896978,nx-q6-nexmark-auto-171129,Executor4,Stage1-3-0,0,0,0,0,0,0,0,0
1784089897978,nx-q6-nexmark-auto-171129,Executor4,Stage1-3-0,0,0,0,0,0,0,0,0
1784089898978,nx-q6-nexmark-auto-171129,Executor4,Stage1-3-0,0,0,0,0,0,0,0,0
1784089899978,nx-q6-nexmark-auto-171129,Executor4,Stage1-3-0,0,0,0,0,0,0,0,0
1784089900978,nx-q6-nexmark-auto-171129,Executor4,Stage1-3-0,0,0,0,0,0,0,0,0
1784089901978,nx-q6-nexmark-auto-171129,Executor4,Stage1-3-0,0,0,0,0,0,0,0,0
1784089902978,nx-q6-nexmark-auto-171129,Executor4,Stage1-3-0,0,0,0,0,0,0,0,0
1784089903978,nx-q6-nexmark-auto-171129,Executor4,Stage1-3-0,0,0,0,0,0,0,0,0
1784089904978,nx-q6-nexmark-auto-171129,Executor4,Stage1-3-0,0,0,0,0,0,0,0,0
1784089905978,nx-q6-nexmark-auto-171129,Executor4,Stage1-3-0,0,0,0,0,0,0,0,0
1784089906978,nx-q6-nexmark-auto-171129,Executor4,Stage1-3-0,0,0,0,0,0,0,0,0
1784089907978,nx-q6-nexmark-auto-171129,Executor4,Stage1-3-0,0,0,0,0,0,0,0,0
1784089908978,nx-q6-nexmark-auto-171129,Executor4,Stage1-3-0,0,0,0,0,0,0,0,0
1784089909978,nx-q6-nexmark-auto-171129,Executor4,Stage1-3-0,0,0,0,0,0,0,0,0
1784089910978,nx-q6-nexmark-auto-171129,Executor4,Stage1-3-0,0,0,0,0,0,0,0,0
1784089911978,nx-q6-nexmark-auto-171129,Executor4,Stage1-3-0,0,0,0,0,0,0,0,0
1784089912978,nx-q6-nexmark-auto-171129,Executor4,Stage1-3-0,0,0,0,0,0,0,0,0
1784089913978,nx-q6-nexmark-auto-171129,Executor4,Stage1-3-0,0,0,0,0,0,0,0,0
1784089914978,nx-q6-nexmark-auto-171129,Executor4,Stage1-3-0,0,0,0,0,0,0,0,0
1784089915978,nx-q6-nexmark-auto-171129,Executor4,Stage1-3-0,0,0,0,0,0,0,0,0
1784089916978,nx-q6-nexmark-auto-171129,Executor4,Stage1-3-0,0,0,0,0,0,0,0,0
1784089917978,nx-q6-nexmark-auto-171129,Executor4,Stage1-3-0,0,0,0,0,0,0,0,0
1784089918978,nx-q6-nexmark-auto-171129,Executor4,Stage1-3-0,0,0,0,0,0,0,0,0
1784089919978,nx-q6-nexmark-auto-171129,Executor4,Stage1-3-0,0,0,0,0,0,0,0,0
1784089920978,nx-q6-nexmark-auto-171129,Executor4,Stage1-3-0,0,0,0,0,0,0,0,0
1784089921978,nx-q6-nexmark-auto-171129,Executor4,Stage1-3-0,0,0,0,0,0,0,0,0
1784089922978,nx-q6-nexmark-auto-171129,Executor4,Stage1-3-0,0,0,0,0,0,0,0,0
1784089923978,nx-q6-nexmark-auto-171129,Executor4,Stage1-3-0,0,0,0,0,0,0,0,0
1784089924978,nx-q6-nexmark-auto-171129,Executor4,Stage1-3-0,0,0,0,0,0,0,0,0
1784089925978,nx-q6-nexmark-auto-171129,Executor4,Stage1-3-0,0,0,0,0,0,0,0,0
1784089926978,nx-q6-nexmark-auto-171129,Executor4,Stage1-3-0,0,0,0,0,0,0,0,0
1784089927978,nx-q6-nexmark-auto-171129,Executor4,Stage1-3-0,0,0,0,0,0,0,0,0
1784089928978,nx-q6-nexmark-auto-171129,Executor4,Stage1-3-0,0,0,0,0,0,0,0,0
1784089929978,nx-q6-nexmark-auto-171129,Executor4,Stage1-3-0,0,0,0,0,0,0,0,0
1784089930978,nx-q6-nexmark-auto-171129,Executor4,Stage1-3-0,0,0,0,0,0,0,0,0
1784089931978,nx-q6-nexmark-auto-171129,Executor4,Stage1-3-0,0,0,0,0,0,0,0,0
1784089932978,nx-q6-nexmark-auto-171129,Executor4,Stage1-3-0,0,0,0,0,0,0,0,0
1784089933978,nx-q6-nexmark-auto-171129,Executor4,Stage1-3-0,0,0,0,0,0,0,0,0
1784089934978,nx-q6-nexmark-auto-171129,Executor4,Stage1-3-0,0,0,0,0,0,0,0,0
1784089935978,nx-q6-nexmark-auto-171129,Executor4,Stage1-3-0,0,0,0,0,0,0,0,0
1784089936978,nx-q6-nexmark-auto-171129,Executor4,Stage1-3-0,0,0,0,0,0,0,0,0
1784089937978,nx-q6-nexmark-auto-171129,Executor4,Stage1-3-0,0,0,0,0,0,0,0,0
1784089938978,nx-q6-nexmark-auto-171129,Executor4,Stage1-3-0,0,0,0,0,0,0,0,0
1784089939978,nx-q6-nexmark-auto-171129,Executor4,Stage1-3-0,0,0,0,0,0,0,0,0
1784089940978,nx-q6-nexmark-auto-171129,Executor4,Stage1-3-0,0,0,0,0,0,0,0,0
1784089941978,nx-q6-nexmark-auto-171129,Executor4,Stage1-3-0,0,0,0,0,0,0,0,0
1784089942978,nx-q6-nexmark-auto-171129,Executor4,Stage1-3-0,0,0,0,0,0,0,0,0
1784089943978,nx-q6-nexmark-auto-171129,Executor4,Stage1-3-0,0,0,0,0,0,0,0,0
1784089944978,nx-q6-nexmark-auto-171129,Executor4,Stage1-3-0,0,0,0,0,0,0,0,0
1784089945978,nx-q6-nexmark-auto-171129,Executor4,Stage1-3-0,0,0,0,0,0,0,0,0
1784089946978,nx-q6-nexmark-auto-171129,Executor4,Stage1-3-0,0,0,0,0,0,0,0,0
1784089947978,nx-q6-nexmark-auto-171129,Executor4,Stage1-3-0,0,0,0,0,0,0,0,0
1784089948978,nx-q6-nexmark-auto-171129,Executor4,Stage1-3-0,0,0,0,0,0,0,0,0
1784089949978,nx-q6-nexmark-auto-171129,Executor4,Stage1-3-0,0,0,0,0,0,0,0,0
1784089950978,nx-q6-nexmark-auto-171129,Executor4,Stage1-3-0,0,0,0,0,0,0,0,0
1784089951978,nx-q6-nexmark-auto-171129,Executor4,Stage1-3-0,0,0,0,0,0,0,0,0
1784089952978,nx-q6-nexmark-auto-171129,Executor4,Stage1-3-0,0,0,0,0,0,0,0,0
1784089953978,nx-q6-nexmark-auto-171129,Executor4,Stage1-3-0,0,0,0,0,0,0,0,0
1784089954978,nx-q6-nexmark-auto-171129,Executor4,Stage1-3-0,0,0,0,0,0,0,0,0
1784089955978,nx-q6-nexmark-auto-171129,Executor4,Stage1-3-0,0,0,0,0,0,0,0,0
1784089956978,nx-q6-nexmark-auto-171129,Executor4,Stage1-3-0,0,0,0,0,0,0,0,0
1784089957978,nx-q6-nexmark-auto-171129,Executor4,Stage1-3-0,0,0,0,0,0,0,0,0
1784089958978,nx-q6-nexmark-auto-171129,Executor4,Stage1-3-0,0,0,0,0,0,0,0,0
1784089959978,nx-q6-nexmark-auto-171129,Executor4,Stage1-3-0,0,0,0,0,0,0,0,0
1784089960978,nx-q6-nexmark-auto-171129,Executor4,Stage1-3-0,0,0,0,0,0,0,0,0
1784089961978,nx-q6-nexmark-auto-171129,Executor4,Stage1-3-0,0,0,0,0,0,0,0,0
1784089962978,nx-q6-nexmark-auto-171129,Executor4,Stage1-3-0,0,0,0,0,0,0,0,0
1784089963978,nx-q6-nexmark-auto-171129,Executor4,Stage1-3-0,0,0,0,0,0,0,0,0
1784089964978,nx-q6-nexmark-auto-171129,Executor4,Stage1-3-0,0,0,0,0,0,0,0,0
1784089965978,nx-q6-nexmark-auto-171129,Executor4,Stage1-3-0,0,0,0,0,0,0,0,0
1784089966978,nx-q6-nexmark-auto-171129,Executor4,Stage1-3-0,0,0,0,0,0,0,0,0
1784089967978,nx-q6-nexmark-auto-171129,Executor4,Stage1-3-0,0,0,0,0,0,0,0,0
1784089968978,nx-q6-nexmark-auto-171129,Executor4,Stage1-3-0,0,0,0,0,0,0,0,0
1784089969978,nx-q6-nexmark-auto-171129,Executor4,Stage1-3-0,0,0,0,0,0,0,0,0
1784089970978,nx-q6-nexmark-auto-171129,Executor4,Stage1-3-0,0,0,0,0,0,0,0,0
1784089971978,nx-q6-nexmark-auto-171129,Executor4,Stage1-3-0,0,0,0,0,0,0,0,0
1784089972978,nx-q6-nexmark-auto-171129,Executor4,Stage1-3-0,0,0,0,0,0,0,0,0
1784089973978,nx-q6-nexmark-auto-171129,Executor4,Stage1-3-0,0,0,0,0,0,0,0,0
1784089974978,nx-q6-nexmark-auto-171129,Executor4,Stage1-3-0,0,0,0,0,0,0,0,0
1784089975978,nx-q6-nexmark-auto-171129,Executor4,Stage1-3-0,0,0,0,0,0,0,0,0
1784089976978,nx-q6-nexmark-auto-171129,Executor4,Stage1-3-0,0,0,0,0,0,0,0,0
1784089977978,nx-q6-nexmark-auto-171129,Executor4,Stage1-3-0,0,0,0,0,0,0,0,0
1784089978978,nx-q6-nexmark-auto-171129,Executor4,Stage1-3-0,0,0,0,0,0,0,0,0
1784089979978,nx-q6-nexmark-auto-171129,Executor4,Stage1-3-0,0,0,0,0,0,0,0,0
1784089980978,nx-q6-nexmark-auto-171129,Executor4,Stage1-3-0,0,0,0,0,0,0,0,0
1784089981978,nx-q6-nexmark-auto-171129,Executor4,Stage1-3-0,0,0,0,0,0,0,0,0
1784089982978,nx-q6-nexmark-auto-171129,Executor4,Stage1-3-0,0,0,0,0,0,0,0,0
1784089983978,nx-q6-nexmark-auto-171129,Executor4,Stage1-3-0,0,0,0,0,0,0,0,0
1784089984978,nx-q6-nexmark-auto-171129,Executor4,Stage1-3-0,0,0,0,0,0,0,0,0
1784089985978,nx-q6-nexmark-auto-171129,Executor4,Stage1-3-0,0,0,0,0,0,0,0,0
1784089986978,nx-q6-nexmark-auto-171129,Executor4,Stage1-3-0,0,0,0,0,0,0,0,0
1784089987978,nx-q6-nexmark-auto-171129,Executor4,Stage1-3-0,0,0,0,0,0,0,0,0
1784089988978,nx-q6-nexmark-auto-171129,Executor4,Stage1-3-0,0,0,0,0,0,0,0,0
1784089989978,nx-q6-nexmark-auto-171129,Executor4,Stage1-3-0,0,0,0,0,0,0,0,0
1784089990978,nx-q6-nexmark-auto-171129,Executor4,Stage1-3-0,0,0,0,0,0,0,0,0
1784089991978,nx-q6-nexmark-auto-171129,Executor4,Stage1-3-0,0,0,0,0,0,0,0,0
1784089992978,nx-q6-nexmark-auto-171129,Executor4,Stage1-3-0,0,0,0,0,0,0,0,0
1784089993978,nx-q6-nexmark-auto-171129,Executor4,Stage1-3-0,0,0,0,0,0,0,0,0
1784089994978,nx-q6-nexmark-auto-171129,Executor4,Stage1-3-0,0,0,0,0,0,0,0,0
1784089995978,nx-q6-nexmark-auto-171129,Executor4,Stage1-3-0,0,0,0,0,0,0,0,0
1784089996978,nx-q6-nexmark-auto-171129,Executor4,Stage1-3-0,0,0,0,0,0,0,0,0
1784089997978,nx-q6-nexmark-auto-171129,Executor4,Stage1-3-0,0,0,0,0,0,0,0,0
1784089998978,nx-q6-nexmark-auto-171129,Executor4,Stage1-3-0,0,0,0,0,0,0,0,0
1784089999978,nx-q6-nexmark-auto-171129,Executor4,Stage1-3-0,0,0,0,0,0,0,0,0
1784090000978,nx-q6-nexmark-auto-171129,Executor4,Stage1-3-0,0,0,0,0,0,0,0,0
1784090001978,nx-q6-nexmark-auto-171129,Executor4,Stage1-3-0,0,0,0,0,0,0,0,0
1784090002978,nx-q6-nexmark-auto-171129,Executor4,Stage1-3-0,0,0,0,0,0,0,0,0
1784090003978,nx-q6-nexmark-auto-171129,Executor4,Stage1-3-0,0,0,0,0,0,0,0,0
1784090004978,nx-q6-nexmark-auto-171129,Executor4,Stage1-3-0,0,0,0,0,0,0,0,0
1784090005978,nx-q6-nexmark-auto-171129,Executor4,Stage1-3-0,0,0,0,0,0,0,0,0
1784090006978,nx-q6-nexmark-auto-171129,Executor4,Stage1-3-0,0,0,0,0,0,0,0,0
1784090007978,nx-q6-nexmark-auto-171129,Executor4,Stage1-3-0,0,0,0,0,0,0,0,0
1784090008978,nx-q6-nexmark-auto-171129,Executor4,Stage1-3-0,0,0,0,0,0,0,0,0
1784090009978,nx-q6-nexmark-auto-171129,Executor4,Stage1-3-0,0,0,0,0,0,0,0,0
1784090010978,nx-q6-nexmark-auto-171129,Executor4,Stage1-3-0,0,0,0,0,0,0,0,0
1784090011978,nx-q6-nexmark-auto-171129,Executor4,Stage1-3-0,0,0,0,0,0,0,0,0
1784090012978,nx-q6-nexmark-auto-171129,Executor4,Stage1-3-0,0,0,0,0,0,0,0,0
1784090013978,nx-q6-nexmark-auto-171129,Executor4,Stage1-3-0,0,0,0,0,0,0,0,0
1784090014978,nx-q6-nexmark-auto-171129,Executor4,Stage1-3-0,0,0,0,0,0,0,0,0
1784090015978,nx-q6-nexmark-auto-171129,Executor4,Stage1-3-0,0,0,0,0,0,0,0,0
1784090016978,nx-q6-nexmark-auto-171129,Executor4,Stage1-3-0,0,0,0,0,0,0,0,0
1784090017978,nx-q6-nexmark-auto-171129,Executor4,Stage1-3-0,0,0,0,0,0,0,0,0
1784090018978,nx-q6-nexmark-auto-171129,Executor4,Stage1-3-0,0,0,0,0,0,0,0,0
1784090019978,nx-q6-nexmark-auto-171129,Executor4,Stage1-3-0,0,0,0,0,0,0,0,0
1784090020978,nx-q6-nexmark-auto-171129,Executor4,Stage1-3-0,0,0,0,0,0,0,0,0
1784090021978,nx-q6-nexmark-auto-171129,Executor4,Stage1-3-0,0,0,0,0,0,0,0,0
1784090022978,nx-q6-nexmark-auto-171129,Executor4,Stage1-3-0,0,0,0,0,0,0,0,0
1784090023978,nx-q6-nexmark-auto-171129,Executor4,Stage1-3-0,0,0,0,0,0,0,0,0
1784090024978,nx-q6-nexmark-auto-171129,Executor4,Stage1-3-0,0,0,0,0,0,0,0,0
1784090025978,nx-q6-nexmark-auto-171129,Executor4,Stage1-3-0,0,0,0,0,0,0,0,0
1784090026978,nx-q6-nexmark-auto-171129,Executor4,Stage1-3-0,0,0,0,0,0,0,0,0
1784090027978,nx-q6-nexmark-auto-171129,Executor4,Stage1-3-0,0,0,0,0,0,0,0,0
1784090028978,nx-q6-nexmark-auto-171129,Executor4,Stage1-3-0,0,0,0,0,0,0,0,0
1784090029978,nx-q6-nexmark-auto-171129,Executor4,Stage1-3-0,0,0,0,0,0,0,0,0
1784090030978,nx-q6-nexmark-auto-171129,Executor4,Stage1-3-0,0,0,0,0,0,0,0,0
1784090031978,nx-q6-nexmark-auto-171129,Executor4,Stage1-3-0,0,0,0,0,0,0,0,0
1784090032978,nx-q6-nexmark-auto-171129,Executor4,Stage1-3-0,0,0,0,0,0,0,0,0
1784090033978,nx-q6-nexmark-auto-171129,Executor4,Stage1-3-0,0,0,0,0,0,0,0,0
1784090034978,nx-q6-nexmark-auto-171129,Executor4,Stage1-3-0,0,0,0,0,0,0,0,0
1784090035978,nx-q6-nexmark-auto-171129,Executor4,Stage1-3-0,0,0,0,0,0,0,0,0
1784090036978,nx-q6-nexmark-auto-171129,Executor4,Stage1-3-0,0,0,0,0,0,0,0,0
1784090037978,nx-q6-nexmark-auto-171129,Executor4,Stage1-3-0,0,0,0,0,0,0,0,0
1784090038978,nx-q6-nexmark-auto-171129,Executor4,Stage1-3-0,0,0,0,0,0,0,0,0
1784090039978,nx-q6-nexmark-auto-171129,Executor4,Stage1-3-0,0,0,0,0,0,0,0,0
1784090040978,nx-q6-nexmark-auto-171129,Executor4,Stage1-3-0,0,0,0,0,0,0,0,0
1784090041978,nx-q6-nexmark-auto-171129,Executor4,Stage1-3-0,0,0,0,0,0,0,0,0
1784090042978,nx-q6-nexmark-auto-171129,Executor4,Stage1-3-0,0,0,0,0,0,0,0,0
1784090043978,nx-q6-nexmark-auto-171129,Executor4,Stage1-3-0,0,0,0,0,0,0,0,0
1784090044978,nx-q6-nexmark-auto-171129,Executor4,Stage1-3-0,0,0,0,0,0,0,0,0
1784090045978,nx-q6-nexmark-auto-171129,Executor4,Stage1-3-0,0,0,0,0,0,0,0,0
1784090046978,nx-q6-nexmark-auto-171129,Executor4,Stage1-3-0,0,0,0,0,0,0,0,0
1784090047978,nx-q6-nexmark-auto-171129,Executor4,Stage1-3-0,0,0,0,0,0,0,0,0
1784090048978,nx-q6-nexmark-auto-171129,Executor4,Stage1-3-0,0,0,0,0,0,0,0,0
1784090049978,nx-q6-nexmark-auto-171129,Executor4,Stage1-3-0,0,0,0,0,0,0,0,0
1784090050978,nx-q6-nexmark-auto-171129,Executor4,Stage1-3-0,0,0,0,0,0,0,0,0
1784090051978,nx-q6-nexmark-auto-171129,Executor4,Stage1-3-0,0,0,0,0,0,0,0,0
1784090052978,nx-q6-nexmark-auto-171129,Executor4,Stage1-3-0,0,0,0,0,0,0,0,0
1784090053978,nx-q6-nexmark-auto-171129,Executor4,Stage1-3-0,0,0,0,0,0,0,0,0
1784090054978,nx-q6-nexmark-auto-171129,Executor4,Stage1-3-0,0,0,0,0,0,0,0,0
1784090055978,nx-q6-nexmark-auto-171129,Executor4,Stage1-3-0,0,0,0,0,0,0,0,0
1784090056978,nx-q6-nexmark-auto-171129,Executor4,Stage1-3-0,0,0,0,0,0,0,0,0
1784090057978,nx-q6-nexmark-auto-171129,Executor4,Stage1-3-0,0,0,0,0,0,0,0,0
1784090058978,nx-q6-nexmark-auto-171129,Executor4,Stage1-3-0,0,0,0,0,0,0,0,0
1784090059978,nx-q6-nexmark-auto-171129,Executor4,Stage1-3-0,0,0,0,0,0,0,0,0
1784090060978,nx-q6-nexmark-auto-171129,Executor4,Stage1-3-0,0,0,0,0,0,0,0,0
1784090061978,nx-q6-nexmark-auto-171129,Executor4,Stage1-3-0,0,0,0,0,0,0,0,0
1784090062978,nx-q6-nexmark-auto-171129,Executor4,Stage1-3-0,0,0,0,0,0,0,0,0
1784090063978,nx-q6-nexmark-auto-171129,Executor4,Stage1-3-0,0,0,0,0,0,0,0,0
1784090064978,nx-q6-nexmark-auto-171129,Executor4,Stage1-3-0,0,0,0,0,0,0,0,0
1784090065978,nx-q6-nexmark-auto-171129,Executor4,Stage1-3-0,0,0,0,0,0,0,0,0
1784090066978,nx-q6-nexmark-auto-171129,Executor4,Stage1-3-0,0,0,0,0,0,0,0,0
1784090067978,nx-q6-nexmark-auto-171129,Executor4,Stage1-3-0,0,0,0,0,0,0,0,0
1784090068978,nx-q6-nexmark-auto-171129,Executor4,Stage1-3-0,0,0,0,0,0,0,0,0
1784090069978,nx-q6-nexmark-auto-171129,Executor4,Stage1-3-0,0,0,0,0,0,0,0,0
1784090070978,nx-q6-nexmark-auto-171129,Executor4,Stage1-3-0,0,0,0,0,0,0,0,0
1784090071978,nx-q6-nexmark-auto-171129,Executor4,Stage1-3-0,0,0,0,0,0,0,0,0
1784090072978,nx-q6-nexmark-auto-171129,Executor4,Stage1-3-0,0,0,0,0,0,0,0,0
1784090073978,nx-q6-nexmark-auto-171129,Executor4,Stage1-3-0,0,0,0,0,0,0,0,0
1784090074978,nx-q6-nexmark-auto-171129,Executor4,Stage1-3-0,0,0,0,0,0,0,0,0
1784090075978,nx-q6-nexmark-auto-171129,Executor4,Stage1-3-0,0,0,0,0,0,0,0,0
1784090076978,nx-q6-nexmark-auto-171129,Executor4,Stage1-3-0,0,0,0,0,0,0,0,0
1784090077978,nx-q6-nexmark-auto-171129,Executor4,Stage1-3-0,0,0,0,0,0,0,0,0
1784090078978,nx-q6-nexmark-auto-171129,Executor4,Stage1-3-0,0,0,0,0,0,0,0,0
1784090079978,nx-q6-nexmark-auto-171129,Executor4,Stage1-3-0,0,0,0,0,0,0,0,0
1784090080978,nx-q6-nexmark-auto-171129,Executor4,Stage1-3-0,0,0,0,0,0,0,0,0
1784090081978,nx-q6-nexmark-auto-171129,Executor4,Stage1-3-0,0,0,0,0,0,0,0,0
1784090082978,nx-q6-nexmark-auto-171129,Executor4,Stage1-3-0,0,0,0,0,0,0,0,0
1784090083978,nx-q6-nexmark-auto-171129,Executor4,Stage1-3-0,0,0,0,0,0,0,0,0
1784090084978,nx-q6-nexmark-auto-171129,Executor4,Stage1-3-0,0,0,0,0,0,0,0,0
1784090085978,nx-q6-nexmark-auto-171129,Executor4,Stage1-3-0,0,0,0,0,0,0,0,0
1784090086978,nx-q6-nexmark-auto-171129,Executor4,Stage1-3-0,0,0,0,0,0,0,0,0
1784090087978,nx-q6-nexmark-auto-171129,Executor4,Stage1-3-0,0,0,0,0,0,0,0,0
1784090088978,nx-q6-nexmark-auto-171129,Executor4,Stage1-3-0,0,0,0,0,0,0,0,0
1784090089978,nx-q6-nexmark-auto-171129,Executor4,Stage1-3-0,0,0,0,0,0,0,0,0
1784090090978,nx-q6-nexmark-auto-171129,Executor4,Stage1-3-0,0,0,0,0,0,0,0,0
1784090091978,nx-q6-nexmark-auto-171129,Executor4,Stage1-3-0,0,0,0,0,0,0,0,0
1784090092978,nx-q6-nexmark-auto-171129,Executor4,Stage1-3-0,0,0,0,0,0,0,0,0
1784090093978,nx-q6-nexmark-auto-171129,Executor4,Stage1-3-0,0,0,0,0,0,0,0,0
1784090094978,nx-q6-nexmark-auto-171129,Executor4,Stage1-3-0,0,0,0,0,0,0,0,0
1784090095978,nx-q6-nexmark-auto-171129,Executor4,Stage1-3-0,0,0,0,0,0,0,0,0
1784090096978,nx-q6-nexmark-auto-171129,Executor4,Stage1-3-0,0,0,0,0,0,0,0,0
1784090097978,nx-q6-nexmark-auto-171129,Executor4,Stage1-3-0,0,0,0,0,0,0,0,0
1784090098978,nx-q6-nexmark-auto-171129,Executor4,Stage1-3-0,0,0,0,0,0,0,0,0
1784090099978,nx-q6-nexmark-auto-171129,Executor4,Stage1-3-0,0,0,0,0,0,0,0,0
1784090100978,nx-q6-nexmark-auto-171129,Executor4,Stage1-3-0,0,0,0,0,0,0,0,0
1784090101978,nx-q6-nexmark-auto-171129,Executor4,Stage1-3-0,0,0,0,0,0,0,0,0
1784090102978,nx-q6-nexmark-auto-171129,Executor4,Stage1-3-0,0,0,0,0,0,0,0,0
1784090103978,nx-q6-nexmark-auto-171129,Executor4,Stage1-3-0,0,0,0,0,0,0,0,0
1784090104978,nx-q6-nexmark-auto-171129,Executor4,Stage1-3-0,0,0,0,0,0,0,0,0
1784090105978,nx-q6-nexmark-auto-171129,Executor4,Stage1-3-0,0,0,0,0,0,0,0,0
1784090106978,nx-q6-nexmark-auto-171129,Executor4,Stage1-3-0,0,0,0,0,0,0,0,0
1784090107978,nx-q6-nexmark-auto-171129,Executor4,Stage1-3-0,0,0,0,0,0,0,0,0
1784090108978,nx-q6-nexmark-auto-171129,Executor4,Stage1-3-0,0,0,0,0,0,0,0,0
1784090109978,nx-q6-nexmark-auto-171129,Executor4,Stage1-3-0,0,0,0,0,0,0,0,0
1784090110978,nx-q6-nexmark-auto-171129,Executor4,Stage1-3-0,0,0,0,0,0,0,0,0
1784090111978,nx-q6-nexmark-auto-171129,Executor4,Stage1-3-0,0,0,0,0,0,0,0,0
1784090112978,nx-q6-nexmark-auto-171129,Executor4,Stage1-3-0,0,0,0,0,0,0,0,0
1784090113978,nx-q6-nexmark-auto-171129,Executor4,Stage1-3-0,0,0,0,0,0,0,0,0
1784090114978,nx-q6-nexmark-auto-171129,Executor4,Stage1-3-0,0,0,0,0,0,0,0,0
1784090115978,nx-q6-nexmark-auto-171129,Executor4,Stage1-3-0,0,0,0,0,0,0,0,0
1784090116978,nx-q6-nexmark-auto-171129,Executor4,Stage1-3-0,0,0,0,0,0,0,0,0
1784090117978,nx-q6-nexmark-auto-171129,Executor4,Stage1-3-0,0,0,0,0,0,0,0,0
1784090118978,nx-q6-nexmark-auto-171129,Executor4,Stage1-3-0,0,0,0,0,0,0,0,0
1784090119978,nx-q6-nexmark-auto-171129,Executor4,Stage1-3-0,0,0,0,0,0,0,0,0
1784090120978,nx-q6-nexmark-auto-171129,Executor4,Stage1-3-0,0,0,0,0,0,0,0,0
1784090121978,nx-q6-nexmark-auto-171129,Executor4,Stage1-3-0,0,0,0,0,0,0,0,0
1784090122978,nx-q6-nexmark-auto-171129,Executor4,Stage1-3-0,0,0,0,0,0,0,0,0
1784090123978,nx-q6-nexmark-auto-171129,Executor4,Stage1-3-0,0,0,0,0,0,0,0,0
1784090124978,nx-q6-nexmark-auto-171129,Executor4,Stage1-3-0,0,0,0,0,0,0,0,0
1784090125978,nx-q6-nexmark-auto-171129,Executor4,Stage1-3-0,0,0,0,0,0,0,0,0
1784090126978,nx-q6-nexmark-auto-171129,Executor4,Stage1-3-0,0,0,0,0,0,0,0,0
1784090127978,nx-q6-nexmark-auto-171129,Executor4,Stage1-3-0,0,0,0,0,0,0,0,0
1784090128978,nx-q6-nexmark-auto-171129,Executor4,Stage1-3-0,0,0,0,0,0,0,0,0
1784090129978,nx-q6-nexmark-auto-171129,Executor4,Stage1-3-0,0,0,0,0,0,0,0,0
1784090130978,nx-q6-nexmark-auto-171129,Executor4,Stage1-3-0,0,0,0,0,0,0,0,0
1784090131978,nx-q6-nexmark-auto-171129,Executor4,Stage1-3-0,0,0,0,0,0,0,0,0
1784090132978,nx-q6-nexmark-auto-171129,Executor4,Stage1-3-0,0,0,0,0,0,0,0,0
1784090133978,nx-q6-nexmark-auto-171129,Executor4,Stage1-3-0,0,0,0,0,0,0,0,0
1784090134978,nx-q6-nexmark-auto-171129,Executor4,Stage1-3-0,0,0,0,0,0,0,0,0
1784090135978,nx-q6-nexmark-auto-171129,Executor4,Stage1-3-0,0,0,0,0,0,0,0,0
1784090136978,nx-q6-nexmark-auto-171129,Executor4,Stage1-3-0,0,0,0,0,0,0,0,0
1784090137978,nx-q6-nexmark-auto-171129,Executor4,Stage1-3-0,0,0,0,0,0,0,0,0
1784090138978,nx-q6-nexmark-auto-171129,Executor4,Stage1-3-0,0,0,0,0,0,0,0,0
1784090139978,nx-q6-nexmark-auto-171129,Executor4,Stage1-3-0,0,0,0,0,0,0,0,0
1784090140978,nx-q6-nexmark-auto-171129,Executor4,Stage1-3-0,0,0,0,0,0,0,0,0
1784090141978,nx-q6-nexmark-auto-171129,Executor4,Stage1-3-0,0,0,0,0,0,0,0,0
1784090142978,nx-q6-nexmark-auto-171129,Executor4,Stage1-3-0,0,0,0,0,0,0,0,0
1784090143978,nx-q6-nexmark-auto-171129,Executor4,Stage1-3-0,0,0,0,0,0,0,0,0
1784090144978,nx-q6-nexmark-auto-171129,Executor4,Stage1-3-0,0,0,0,0,0,0,0,0
1784090145978,nx-q6-nexmark-auto-171129,Executor4,Stage1-3-0,0,0,0,0,0,0,0,0
1784090146978,nx-q6-nexmark-auto-171129,Executor4,Stage1-3-0,0,0,0,0,0,0,0,0
1784090147978,nx-q6-nexmark-auto-171129,Executor4,Stage1-3-0,0,0,0,0,0,0,0,0
1784090148978,nx-q6-nexmark-auto-171129,Executor4,Stage1-3-0,0,0,0,0,0,0,0,0
1784090149978,nx-q6-nexmark-auto-171129,Executor4,Stage1-3-0,0,0,0,0,0,0,0,0
1784090150978,nx-q6-nexmark-auto-171129,Executor4,Stage1-3-0,0,0,0,0,0,0,0,0
1784090151978,nx-q6-nexmark-auto-171129,Executor4,Stage1-3-0,0,0,0,0,0,0,0,0
1784090152978,nx-q6-nexmark-auto-171129,Executor4,Stage1-3-0,0,0,0,0,0,0,0,0
1784090153978,nx-q6-nexmark-auto-171129,Executor4,Stage1-3-0,0,0,0,0,0,0,0,0
1784090154978,nx-q6-nexmark-auto-171129,Executor4,Stage1-3-0,0,0,0,0,0,0,0,0
1784090155978,nx-q6-nexmark-auto-171129,Executor4,Stage1-3-0,0,0,0,0,0,0,0,0
1784090156978,nx-q6-nexmark-auto-171129,Executor4,Stage1-3-0,0,0,0,0,0,0,0,0
1784090157978,nx-q6-nexmark-auto-171129,Executor4,Stage1-3-0,0,0,0,0,0,0,0,0
1784090158978,nx-q6-nexmark-auto-171129,Executor4,Stage1-3-0,0,0,0,0,0,0,0,0
1784090159978,nx-q6-nexmark-auto-171129,Executor4,Stage1-3-0,0,0,0,0,0,0,0,0
1784090160978,nx-q6-nexmark-auto-171129,Executor4,Stage1-3-0,0,0,0,0,0,0,0,0
1784090161978,nx-q6-nexmark-auto-171129,Executor4,Stage1-3-0,0,0,0,0,0,0,0,0
1784090162978,nx-q6-nexmark-auto-171129,Executor4,Stage1-3-0,0,0,0,0,0,0,0,0
1784090163978,nx-q6-nexmark-auto-171129,Executor4,Stage1-3-0,0,0,0,0,0,0,0,0
1784090164978,nx-q6-nexmark-auto-171129,Executor4,Stage1-3-0,0,0,0,0,0,0,0,0
1784090165978,nx-q6-nexmark-auto-171129,Executor4,Stage1-3-0,0,0,0,0,0,0,0,0
1784090166978,nx-q6-nexmark-auto-171129,Executor4,Stage1-3-0,0,0,0,0,0,0,0,0
1784090167978,nx-q6-nexmark-auto-171129,Executor4,Stage1-3-0,0,0,0,0,0,0,0,0
1784090168978,nx-q6-nexmark-auto-171129,Executor4,Stage1-3-0,0,0,0,0,0,0,0,0
1784090169978,nx-q6-nexmark-auto-171129,Executor4,Stage1-3-0,0,0,0,0,0,0,0,0
1784090170978,nx-q6-nexmark-auto-171129,Executor4,Stage1-3-0,0,0,0,0,0,0,0,0
1784090171978,nx-q6-nexmark-auto-171129,Executor4,Stage1-3-0,0,0,0,0,0,0,0,0
1784090172978,nx-q6-nexmark-auto-171129,Executor4,Stage1-3-0,0,0,0,0,0,0,0,0
1784090173978,nx-q6-nexmark-auto-171129,Executor4,Stage1-3-0,0,0,0,0,0,0,0,0
1784090174978,nx-q6-nexmark-auto-171129,Executor4,Stage1-3-0,0,0,0,0,0,0,0,0
1784090175978,nx-q6-nexmark-auto-171129,Executor4,Stage1-3-0,0,0,0,0,0,0,0,0
1784090176978,nx-q6-nexmark-auto-171129,Executor4,Stage1-3-0,0,0,0,0,0,0,0,0
1784090177978,nx-q6-nexmark-auto-171129,Executor4,Stage1-3-0,0,0,0,0,0,0,0,0
1784090178978,nx-q6-nexmark-auto-171129,Executor4,Stage1-3-0,0,0,0,0,0,0,0,0
1784090179978,nx-q6-nexmark-auto-171129,Executor4,Stage1-3-0,0,0,0,0,0,0,0,0
1784090180978,nx-q6-nexmark-auto-171129,Executor4,Stage1-3-0,0,0,0,0,0,0,0,0
1784090181978,nx-q6-nexmark-auto-171129,Executor4,Stage1-3-0,0,0,0,0,0,0,0,0
1784090182978,nx-q6-nexmark-auto-171129,Executor4,Stage1-3-0,0,0,0,0,0,0,0,0
1784090183978,nx-q6-nexmark-auto-171129,Executor4,Stage1-3-0,0,0,0,0,0,0,0,0
1784090184978,nx-q6-nexmark-auto-171129,Executor4,Stage1-3-0,0,0,0,0,0,0,0,0
1784090185978,nx-q6-nexmark-auto-171129,Executor4,Stage1-3-0,0,0,0,0,0,0,0,0
1784090186978,nx-q6-nexmark-auto-171129,Executor4,Stage1-3-0,0,0,0,0,0,0,0,0
1784090187978,nx-q6-nexmark-auto-171129,Executor4,Stage1-3-0,0,0,0,0,0,0,0,0
1784090188978,nx-q6-nexmark-auto-171129,Executor4,Stage1-3-0,0,0,0,0,0,0,0,0
1784090189978,nx-q6-nexmark-auto-171129,Executor4,Stage1-3-0,0,0,0,0,0,0,0,0
1784090190978,nx-q6-nexmark-auto-171129,Executor4,Stage1-3-0,0,0,0,0,0,0,0,0
1784090191978,nx-q6-nexmark-auto-171129,Executor4,Stage1-3-0,0,0,0,0,0,0,0,0
1784090192978,nx-q6-nexmark-auto-171129,Executor4,Stage1-3-0,0,0,0,0,0,0,0,0
1784090193978,nx-q6-nexmark-auto-171129,Executor4,Stage1-3-0,0,0,0,0,0,0,0,0
1784090194978,nx-q6-nexmark-auto-171129,Executor4,Stage1-3-0,0,0,0,0,0,0,0,0
1784090195978,nx-q6-nexmark-auto-171129,Executor4,Stage1-3-0,0,0,0,0,0,0,0,0
1784090196978,nx-q6-nexmark-auto-171129,Executor4,Stage1-3-0,0,0,0,0,0,0,0,0
1784090197978,nx-q6-nexmark-auto-171129,Executor4,Stage1-3-0,0,0,0,0,0,0,0,0
1784090198978,nx-q6-nexmark-auto-171129,Executor4,Stage1-3-0,0,0,0,0,0,0,0,0
1784090199978,nx-q6-nexmark-auto-171129,Executor4,Stage1-3-0,0,0,0,0,0,0,0,0
1784090200978,nx-q6-nexmark-auto-171129,Executor4,Stage1-3-0,0,0,0,0,0,0,0,0
1784090201978,nx-q6-nexmark-auto-171129,Executor4,Stage1-3-0,0,0,0,0,0,0,0,0
1784090202978,nx-q6-nexmark-auto-171129,Executor4,Stage1-3-0,0,0,0,0,0,0,0,0
1784090203978,nx-q6-nexmark-auto-171129,Executor4,Stage1-3-0,0,0,0,0,0,0,0,0
1784090204978,nx-q6-nexmark-auto-171129,Executor4,Stage1-3-0,0,0,0,0,0,0,0,0
1784090205978,nx-q6-nexmark-auto-171129,Executor4,Stage1-3-0,0,0,0,0,0,0,0,0
1784090206978,nx-q6-nexmark-auto-171129,Executor4,Stage1-3-0,0,0,0,0,0,0,0,0
1784090207978,nx-q6-nexmark-auto-171129,Executor4,Stage1-3-0,0,0,0,0,0,0,0,0
1784090208978,nx-q6-nexmark-auto-171129,Executor4,Stage1-3-0,0,0,0,0,0,0,0,0
1784090209978,nx-q6-nexmark-auto-171129,Executor4,Stage1-3-0,0,0,0,0,0,0,0,0
1784090210978,nx-q6-nexmark-auto-171129,Executor4,Stage1-3-0,0,0,0,0,0,0,0,0
1784090211978,nx-q6-nexmark-auto-171129,Executor4,Stage1-3-0,0,0,0,0,0,0,0,0
1784090212978,nx-q6-nexmark-auto-171129,Executor4,Stage1-3-0,0,0,0,0,0,0,0,0
1784090213978,nx-q6-nexmark-auto-171129,Executor4,Stage1-3-0,0,0,0,0,0,0,0,0
1784090214978,nx-q6-nexmark-auto-171129,Executor4,Stage1-3-0,0,0,0,0,0,0,0,0
1784090215978,nx-q6-nexmark-auto-171129,Executor4,Stage1-3-0,0,0,0,0,0,0,0,0
1784090216978,nx-q6-nexmark-auto-171129,Executor4,Stage1-3-0,0,0,0,0,0,0,0,0
1784090217978,nx-q6-nexmark-auto-171129,Executor4,Stage1-3-0,0,0,0,0,0,0,0,0
1784090218978,nx-q6-nexmark-auto-171129,Executor4,Stage1-3-0,0,0,0,0,0,0,0,0
1784090219978,nx-q6-nexmark-auto-171129,Executor4,Stage1-3-0,0,0,0,0,0,0,0,0
1784090220978,nx-q6-nexmark-auto-171129,Executor4,Stage1-3-0,0,0,0,0,0,0,0,0
1784090221978,nx-q6-nexmark-auto-171129,Executor4,Stage1-3-0,0,0,0,0,0,0,0,0
1784090222978,nx-q6-nexmark-auto-171129,Executor4,Stage1-3-0,0,0,0,0,0,0,0,0
1784090223978,nx-q6-nexmark-auto-171129,Executor4,Stage1-3-0,0,0,0,0,0,0,0,0
1784090224978,nx-q6-nexmark-auto-171129,Executor4,Stage1-3-0,0,0,0,0,0,0,0,0
1784090225978,nx-q6-nexmark-auto-171129,Executor4,Stage1-3-0,0,0,0,0,0,0,0,0
1784090226978,nx-q6-nexmark-auto-171129,Executor4,Stage1-3-0,0,0,0,0,0,0,0,0
1784090227978,nx-q6-nexmark-auto-171129,Executor4,Stage1-3-0,0,0,0,0,0,0,0,0
1784090228978,nx-q6-nexmark-auto-171129,Executor4,Stage1-3-0,0,0,0,0,0,0,0,0
1784090229978,nx-q6-nexmark-auto-171129,Executor4,Stage1-3-0,0,0,0,0,0,0,0,0
1784090230978,nx-q6-nexmark-auto-171129,Executor4,Stage1-3-0,0,0,0,0,0,0,0,0
1784090231978,nx-q6-nexmark-auto-171129,Executor4,Stage1-3-0,0,0,0,0,0,0,0,0
1784090232978,nx-q6-nexmark-auto-171129,Executor4,Stage1-3-0,0,0,0,0,0,0,0,0
1784090233978,nx-q6-nexmark-auto-171129,Executor4,Stage1-3-0,0,0,0,0,0,0,0,0
1784090234978,nx-q6-nexmark-auto-171129,Executor4,Stage1-3-0,0,0,0,0,0,0,0,0
1784090235978,nx-q6-nexmark-auto-171129,Executor4,Stage1-3-0,0,0,0,0,0,0,0,0
1784090236978,nx-q6-nexmark-auto-171129,Executor4,Stage1-3-0,0,0,0,0,0,0,0,0
1784090237978,nx-q6-nexmark-auto-171129,Executor4,Stage1-3-0,0,0,0,0,0,0,0,0
1784090238978,nx-q6-nexmark-auto-171129,Executor4,Stage1-3-0,0,0,0,0,0,0,0,0
1784090239978,nx-q6-nexmark-auto-171129,Executor4,Stage1-3-0,0,0,0,0,0,0,0,0
1784090240978,nx-q6-nexmark-auto-171129,Executor4,Stage1-3-0,0,0,0,0,0,0,0,0
1784090241978,nx-q6-nexmark-auto-171129,Executor4,Stage1-3-0,0,0,0,0,0,0,0,0
1784090242978,nx-q6-nexmark-auto-171129,Executor4,Stage1-3-0,0,0,0,0,0,0,0,0
1784090243978,nx-q6-nexmark-auto-171129,Executor4,Stage1-3-0,0,0,0,0,0,0,0,0
1784090244978,nx-q6-nexmark-auto-171129,Executor4,Stage1-3-0,0,0,0,0,0,0,0,0
1784090245978,nx-q6-nexmark-auto-171129,Executor4,Stage1-3-0,0,0,0,0,0,0,0,0
1784090246978,nx-q6-nexmark-auto-171129,Executor4,Stage1-3-0,0,0,0,0,0,0,0,0
1784090247978,nx-q6-nexmark-auto-171129,Executor4,Stage1-3-0,0,0,0,0,0,0,0,0
1784090248978,nx-q6-nexmark-auto-171129,Executor4,Stage1-3-0,0,0,0,0,0,0,0,0
1784090249978,nx-q6-nexmark-auto-171129,Executor4,Stage1-3-0,0,0,0,0,0,0,0,0
1784090250978,nx-q6-nexmark-auto-171129,Executor4,Stage1-3-0,0,0,0,0,0,0,0,0
1784090251978,nx-q6-nexmark-auto-171129,Executor4,Stage1-3-0,0,0,0,0,0,0,0,0
1784090252978,nx-q6-nexmark-auto-171129,Executor4,Stage1-3-0,0,0,0,0,0,0,0,0
1784090253978,nx-q6-nexmark-auto-171129,Executor4,Stage1-3-0,0,0,0,0,0,0,0,0
1784090254978,nx-q6-nexmark-auto-171129,Executor4,Stage1-3-0,0,0,0,0,0,0,0,0
1784090255978,nx-q6-nexmark-auto-171129,Executor4,Stage1-3-0,0,0,0,0,0,0,0,0
1784090256978,nx-q6-nexmark-auto-171129,Executor4,Stage1-3-0,0,0,0,0,0,0,0,0
1784090257978,nx-q6-nexmark-auto-171129,Executor4,Stage1-3-0,0,0,0,0,0,0,0,0
1784090258978,nx-q6-nexmark-auto-171129,Executor4,Stage1-3-0,0,0,0,0,0,0,0,0
1784090259978,nx-q6-nexmark-auto-171129,Executor4,Stage1-3-0,0,0,0,0,0,0,0,0
1784090260978,nx-q6-nexmark-auto-171129,Executor4,Stage1-3-0,0,0,0,0,0,0,0,0
1784090261978,nx-q6-nexmark-auto-171129,Executor4,Stage1-3-0,0,0,0,0,0,0,0,0
1784090262978,nx-q6-nexmark-auto-171129,Executor4,Stage1-3-0,0,0,0,0,0,0,0,0
1784090263978,nx-q6-nexmark-auto-171129,Executor4,Stage1-3-0,0,0,0,0,0,0,0,0
1784090264978,nx-q6-nexmark-auto-171129,Executor4,Stage1-3-0,0,0,0,0,0,0,0,0
1784090265978,nx-q6-nexmark-auto-171129,Executor4,Stage1-3-0,0,0,0,0,0,0,0,0
1784090266978,nx-q6-nexmark-auto-171129,Executor4,Stage1-3-0,0,0,0,0,0,0,0,0
1784090267978,nx-q6-nexmark-auto-171129,Executor4,Stage1-3-0,0,0,0,0,0,0,0,0
1784090268978,nx-q6-nexmark-auto-171129,Executor4,Stage1-3-0,0,0,0,0,0,0,0,0
1784090269978,nx-q6-nexmark-auto-171129,Executor4,Stage1-3-0,0,0,0,0,0,0,0,0
1784090270978,nx-q6-nexmark-auto-171129,Executor4,Stage1-3-0,0,0,0,0,0,0,0,0
1784090271978,nx-q6-nexmark-auto-171129,Executor4,Stage1-3-0,0,0,0,0,0,0,0,0
1784090272978,nx-q6-nexmark-auto-171129,Executor4,Stage1-3-0,0,0,0,0,0,0,0,0
1784090273978,nx-q6-nexmark-auto-171129,Executor4,Stage1-3-0,0,0,0,0,0,0,0,0
1784090274978,nx-q6-nexmark-auto-171129,Executor4,Stage1-3-0,0,0,0,0,0,0,0,0
1784090275978,nx-q6-nexmark-auto-171129,Executor4,Stage1-3-0,0,0,0,0,0,0,0,0
1784090276978,nx-q6-nexmark-auto-171129,Executor4,Stage1-3-0,0,0,0,0,0,0,0,0
1784090277978,nx-q6-nexmark-auto-171129,Executor4,Stage1-3-0,0,0,0,0,0,0,0,0
1784090278978,nx-q6-nexmark-auto-171129,Executor4,Stage1-3-0,0,0,0,0,0,0,0,0
1784090279978,nx-q6-nexmark-auto-171129,Executor4,Stage1-3-0,0,0,0,0,0,0,0,0
1784090280978,nx-q6-nexmark-auto-171129,Executor4,Stage1-3-0,0,0,0,0,0,0,0,0
1784090281978,nx-q6-nexmark-auto-171129,Executor4,Stage1-3-0,0,0,0,0,0,0,0,0
1784090282978,nx-q6-nexmark-auto-171129,Executor4,Stage1-3-0,0,0,0,0,0,0,0,0
1784090283978,nx-q6-nexmark-auto-171129,Executor4,Stage1-3-0,0,0,0,0,0,0,0,0
1784090284978,nx-q6-nexmark-auto-171129,Executor4,Stage1-3-0,0,0,0,0,0,0,0,0
1784090285978,nx-q6-nexmark-auto-171129,Executor4,Stage1-3-0,0,0,0,0,0,0,0,0
1784090286978,nx-q6-nexmark-auto-171129,Executor4,Stage1-3-0,0,0,0,0,0,0,0,0
1784090287978,nx-q6-nexmark-auto-171129,Executor4,Stage1-3-0,0,0,0,0,0,0,0,0
1784090288978,nx-q6-nexmark-auto-171129,Executor4,Stage1-3-0,0,0,0,0,0,0,0,0
1784090289978,nx-q6-nexmark-auto-171129,Executor4,Stage1-3-0,0,0,0,0,0,0,0,0
1784090290978,nx-q6-nexmark-auto-171129,Executor4,Stage1-3-0,0,0,0,0,0,0,0,0
1784090291978,nx-q6-nexmark-auto-171129,Executor4,Stage1-3-0,0,0,0,0,0,0,0,0
1784090292978,nx-q6-nexmark-auto-171129,Executor4,Stage1-3-0,0,0,0,0,0,0,0,0
1784090293978,nx-q6-nexmark-auto-171129,Executor4,Stage1-3-0,0,0,0,0,0,0,0,0
1784090294978,nx-q6-nexmark-auto-171129,Executor4,Stage1-3-0,0,0,0,0,0,0,0,0
1784090295978,nx-q6-nexmark-auto-171129,Executor4,Stage1-3-0,0,0,0,0,0,0,0,0
1784090296978,nx-q6-nexmark-auto-171129,Executor4,Stage1-3-0,0,0,0,0,0,0,0,0
1784090297978,nx-q6-nexmark-auto-171129,Executor4,Stage1-3-0,0,0,0,0,0,0,0,0
1784090298978,nx-q6-nexmark-auto-171129,Executor4,Stage1-3-0,0,0,0,0,0,0,0,0
1784090299978,nx-q6-nexmark-auto-171129,Executor4,Stage1-3-0,0,0,0,0,0,0,0,0
1784090300978,nx-q6-nexmark-auto-171129,Executor4,Stage1-3-0,0,0,0,0,0,0,0,0
1784090301978,nx-q6-nexmark-auto-171129,Executor4,Stage1-3-0,0,0,0,0,0,0,0,0
1784090302978,nx-q6-nexmark-auto-171129,Executor4,Stage1-3-0,0,0,0,0,0,0,0,0
1784090303978,nx-q6-nexmark-auto-171129,Executor4,Stage1-3-0,0,0,0,0,0,0,0,0
1784090304978,nx-q6-nexmark-auto-171129,Executor4,Stage1-3-0,0,0,0,0,0,0,0,0
1784090305978,nx-q6-nexmark-auto-171129,Executor4,Stage1-3-0,0,0,0,0,0,0,0,0
1784090306978,nx-q6-nexmark-auto-171129,Executor4,Stage1-3-0,0,0,0,0,0,0,0,0
1784090307978,nx-q6-nexmark-auto-171129,Executor4,Stage1-3-0,0,0,0,0,0,0,0,0
1784090308978,nx-q6-nexmark-auto-171129,Executor4,Stage1-3-0,0,0,0,0,0,0,0,0
1784090309978,nx-q6-nexmark-auto-171129,Executor4,Stage1-3-0,0,0,0,0,0,0,0,0
1784090310978,nx-q6-nexmark-auto-171129,Executor4,Stage1-3-0,0,0,0,0,0,0,0,0
1784090311978,nx-q6-nexmark-auto-171129,Executor4,Stage1-3-0,0,0,0,0,0,0,0,0
1784090312978,nx-q6-nexmark-auto-171129,Executor4,Stage1-3-0,0,0,0,0,0,0,0,0
1784090313978,nx-q6-nexmark-auto-171129,Executor4,Stage1-3-0,0,0,0,0,0,0,0,0
1784090314978,nx-q6-nexmark-auto-171129,Executor4,Stage1-3-0,0,0,0,0,0,0,0,0
1784090315978,nx-q6-nexmark-auto-171129,Executor4,Stage1-3-0,0,0,0,0,0,0,0,0
1784090316978,nx-q6-nexmark-auto-171129,Executor4,Stage1-3-0,0,0,0,0,0,0,0,0
1784090317978,nx-q6-nexmark-auto-171129,Executor4,Stage1-3-0,0,0,0,0,0,0,0,0
1784090318978,nx-q6-nexmark-auto-171129,Executor4,Stage1-3-0,0,0,0,0,0,0,0,0
1784090319978,nx-q6-nexmark-auto-171129,Executor4,Stage1-3-0,0,0,0,0,0,0,0,0
1784090320978,nx-q6-nexmark-auto-171129,Executor4,Stage1-3-0,0,0,0,0,0,0,0,0
1784090321978,nx-q6-nexmark-auto-171129,Executor4,Stage1-3-0,0,0,0,0,0,0,0,0
1784090322978,nx-q6-nexmark-auto-171129,Executor4,Stage1-3-0,0,0,0,0,0,0,0,0
1784090323978,nx-q6-nexmark-auto-171129,Executor4,Stage1-3-0,0,0,0,0,0,0,0,0
1784090324978,nx-q6-nexmark-auto-171129,Executor4,Stage1-3-0,0,0,0,0,0,0,0,0
1784090325978,nx-q6-nexmark-auto-171129,Executor4,Stage1-3-0,0,0,0,0,0,0,0,0
1784090326978,nx-q6-nexmark-auto-171129,Executor4,Stage1-3-0,0,0,0,0,0,0,0,0
1784090327978,nx-q6-nexmark-auto-171129,Executor4,Stage1-3-0,0,0,0,0,0,0,0,0
1784090328978,nx-q6-nexmark-auto-171129,Executor4,Stage1-3-0,0,0,0,0,0,0,0,0
1784090329978,nx-q6-nexmark-auto-171129,Executor4,Stage1-3-0,0,0,0,0,0,0,0,0
1784090330978,nx-q6-nexmark-auto-171129,Executor4,Stage1-3-0,0,0,0,0,0,0,0,0
1784090331978,nx-q6-nexmark-auto-171129,Executor4,Stage1-3-0,0,0,0,0,0,0,0,0
1784090332978,nx-q6-nexmark-auto-171129,Executor4,Stage1-3-0,0,0,0,0,0,0,0,0
1784090333978,nx-q6-nexmark-auto-171129,Executor4,Stage1-3-0,0,0,0,0,0,0,0,0
1784090334978,nx-q6-nexmark-auto-171129,Executor4,Stage1-3-0,0,0,0,0,0,0,0,0
1784090335978,nx-q6-nexmark-auto-171129,Executor4,Stage1-3-0,0,0,0,0,0,0,0,0
1784090336978,nx-q6-nexmark-auto-171129,Executor4,Stage1-3-0,0,0,0,0,0,0,0,0
1784090337978,nx-q6-nexmark-auto-171129,Executor4,Stage1-3-0,0,0,0,0,0,0,0,0
1784090338978,nx-q6-nexmark-auto-171129,Executor4,Stage1-3-0,0,0,0,0,0,0,0,0
1784090339978,nx-q6-nexmark-auto-171129,Executor4,Stage1-3-0,0,0,0,0,0,0,0,0
1784090340978,nx-q6-nexmark-auto-171129,Executor4,Stage1-3-0,0,0,0,0,0,0,0,0
1784090341978,nx-q6-nexmark-auto-171129,Executor4,Stage1-3-0,0,0,0,0,0,0,0,0
1784090342978,nx-q6-nexmark-auto-171129,Executor4,Stage1-3-0,0,0,0,0,0,0,0,0
1784090343978,nx-q6-nexmark-auto-171129,Executor4,Stage1-3-0,0,0,0,0,0,0,0,0
1784090344978,nx-q6-nexmark-auto-171129,Executor4,Stage1-3-0,0,0,0,0,0,0,0,0
1784090345978,nx-q6-nexmark-auto-171129,Executor4,Stage1-3-0,0,0,0,0,0,0,0,0
1784090346978,nx-q6-nexmark-auto-171129,Executor4,Stage1-3-0,0,0,0,0,0,0,0,0
1784090347978,nx-q6-nexmark-auto-171129,Executor4,Stage1-3-0,0,0,0,0,0,0,0,0
1784090348978,nx-q6-nexmark-auto-171129,Executor4,Stage1-3-0,0,0,0,0,0,0,0,0
1784090349978,nx-q6-nexmark-auto-171129,Executor4,Stage1-3-0,0,0,0,0,0,0,0,0
1784090350978,nx-q6-nexmark-auto-171129,Executor4,Stage1-3-0,0,0,0,0,0,0,0,0
1784090351978,nx-q6-nexmark-auto-171129,Executor4,Stage1-3-0,0,0,0,0,0,0,0,0
1784090352978,nx-q6-nexmark-auto-171129,Executor4,Stage1-3-0,0,0,0,0,0,0,0,0
1784090353978,nx-q6-nexmark-auto-171129,Executor4,Stage1-3-0,0,0,0,0,0,0,0,0
1784090354978,nx-q6-nexmark-auto-171129,Executor4,Stage1-3-0,0,0,0,0,0,0,0,0
1784090355978,nx-q6-nexmark-auto-171129,Executor4,Stage1-3-0,0,0,0,0,0,0,0,0
1784090356978,nx-q6-nexmark-auto-171129,Executor4,Stage1-3-0,0,0,0,0,0,0,0,0
1784090357978,nx-q6-nexmark-auto-171129,Executor4,Stage1-3-0,0,0,0,0,0,0,0,0
1784090358978,nx-q6-nexmark-auto-171129,Executor4,Stage1-3-0,0,0,0,0,0,0,0,0
1784090359978,nx-q6-nexmark-auto-171129,Executor4,Stage1-3-0,0,0,0,0,0,0,0,0
1784090360978,nx-q6-nexmark-auto-171129,Executor4,Stage1-3-0,0,0,0,0,0,0,0,0
1784090361978,nx-q6-nexmark-auto-171129,Executor4,Stage1-3-0,0,0,0,0,0,0,0,0
1784090362978,nx-q6-nexmark-auto-171129,Executor4,Stage1-3-0,0,0,0,0,0,0,0,0
1784090363978,nx-q6-nexmark-auto-171129,Executor4,Stage1-3-0,0,0,0,0,0,0,0,0
1784090364978,nx-q6-nexmark-auto-171129,Executor4,Stage1-3-0,0,0,0,0,0,0,0,0
1784090365978,nx-q6-nexmark-auto-171129,Executor4,Stage1-3-0,0,0,0,0,0,0,0,0
1784090366978,nx-q6-nexmark-auto-171129,Executor4,Stage1-3-0,0,0,0,0,0,0,0,0
1784090367978,nx-q6-nexmark-auto-171129,Executor4,Stage1-3-0,0,0,0,0,0,0,0,0
1784090368978,nx-q6-nexmark-auto-171129,Executor4,Stage1-3-0,0,0,0,0,0,0,0,0
1784090369978,nx-q6-nexmark-auto-171129,Executor4,Stage1-3-0,0,0,0,0,0,0,0,0
1784090370978,nx-q6-nexmark-auto-171129,Executor4,Stage1-3-0,0,0,0,0,0,0,0,0
1784090371978,nx-q6-nexmark-auto-171129,Executor4,Stage1-3-0,0,0,0,0,0,0,0,0
1784090372978,nx-q6-nexmark-auto-171129,Executor4,Stage1-3-0,0,0,0,0,0,0,0,0
1784090373978,nx-q6-nexmark-auto-171129,Executor4,Stage1-3-0,0,0,0,0,0,0,0,0
1784090374978,nx-q6-nexmark-auto-171129,Executor4,Stage1-3-0,0,0,0,0,0,0,0,0
1784090375978,nx-q6-nexmark-auto-171129,Executor4,Stage1-3-0,0,0,0,0,0,0,0,0
1784090376978,nx-q6-nexmark-auto-171129,Executor4,Stage1-3-0,0,0,0,0,0,0,0,0
1784090377978,nx-q6-nexmark-auto-171129,Executor4,Stage1-3-0,0,0,0,0,0,0,0,0
1784090378978,nx-q6-nexmark-auto-171129,Executor4,Stage1-3-0,0,0,0,0,0,0,0,0
1784090379978,nx-q6-nexmark-auto-171129,Executor4,Stage1-3-0,0,0,0,0,0,0,0,0
1784090380978,nx-q6-nexmark-auto-171129,Executor4,Stage1-3-0,0,0,0,0,0,0,0,0
1784090381978,nx-q6-nexmark-auto-171129,Executor4,Stage1-3-0,0,0,0,0,0,0,0,0
1784090382978,nx-q6-nexmark-auto-171129,Executor4,Stage1-3-0,0,0,0,0,0,0,0,0
1784090383978,nx-q6-nexmark-auto-171129,Executor4,Stage1-3-0,0,0,0,0,0,0,0,0
1784090384978,nx-q6-nexmark-auto-171129,Executor4,Stage1-3-0,0,0,0,0,0,0,0,0
1784090385978,nx-q6-nexmark-auto-171129,Executor4,Stage1-3-0,0,0,0,0,0,0,0,0
1784090386978,nx-q6-nexmark-auto-171129,Executor4,Stage1-3-0,0,0,0,0,0,0,0,0
1784090387978,nx-q6-nexmark-auto-171129,Executor4,Stage1-3-0,0,0,0,0,0,0,0,0
1784090388978,nx-q6-nexmark-auto-171129,Executor4,Stage1-3-0,0,0,0,0,0,0,0,0
1784090389978,nx-q6-nexmark-auto-171129,Executor4,Stage1-3-0,0,0,0,0,0,0,0,0
1784090390978,nx-q6-nexmark-auto-171129,Executor4,Stage1-3-0,0,0,0,0,0,0,0,0
1784090391978,nx-q6-nexmark-auto-171129,Executor4,Stage1-3-0,0,0,0,0,0,0,0,0
1784090392978,nx-q6-nexmark-auto-171129,Executor4,Stage1-3-0,0,0,0,0,0,0,0,0
1784090393978,nx-q6-nexmark-auto-171129,Executor4,Stage1-3-0,0,0,0,0,0,0,0,0
1784090394978,nx-q6-nexmark-auto-171129,Executor4,Stage1-3-0,0,0,0,0,0,0,0,0
1784090395978,nx-q6-nexmark-auto-171129,Executor4,Stage1-3-0,0,0,0,0,0,0,0,0
1784090396978,nx-q6-nexmark-auto-171129,Executor4,Stage1-3-0,0,0,0,0,0,0,0,0
1784090397978,nx-q6-nexmark-auto-171129,Executor4,Stage1-3-0,0,0,0,0,0,0,0,0
1784090398978,nx-q6-nexmark-auto-171129,Executor4,Stage1-3-0,0,0,0,0,0,0,0,0
1784090399978,nx-q6-nexmark-auto-171129,Executor4,Stage1-3-0,0,0,0,0,0,0,0,0
1784090400978,nx-q6-nexmark-auto-171129,Executor4,Stage1-3-0,0,0,0,0,0,0,0,0
1784090401978,nx-q6-nexmark-auto-171129,Executor4,Stage1-3-0,0,0,0,0,0,0,0,0
1784090402978,nx-q6-nexmark-auto-171129,Executor4,Stage1-3-0,0,0,0,0,0,0,0,0
1784090403978,nx-q6-nexmark-auto-171129,Executor4,Stage1-3-0,0,0,0,0,0,0,0,0
1784090404978,nx-q6-nexmark-auto-171129,Executor4,Stage1-3-0,0,0,0,0,0,0,0,0
1784090405978,nx-q6-nexmark-auto-171129,Executor4,Stage1-3-0,0,0,0,0,0,0,0,0
1784090406978,nx-q6-nexmark-auto-171129,Executor4,Stage1-3-0,0,0,0,0,0,0,0,0
1784090407978,nx-q6-nexmark-auto-171129,Executor4,Stage1-3-0,0,0,0,0,0,0,0,0
1784090408978,nx-q6-nexmark-auto-171129,Executor4,Stage1-3-0,0,0,0,0,0,0,0,0
1784090409978,nx-q6-nexmark-auto-171129,Executor4,Stage1-3-0,0,0,0,0,0,0,0,0
1784090410978,nx-q6-nexmark-auto-171129,Executor4,Stage1-3-0,0,0,0,0,0,0,0,0
1784090411978,nx-q6-nexmark-auto-171129,Executor4,Stage1-3-0,0,0,0,0,0,0,0,0
1784090412978,nx-q6-nexmark-auto-171129,Executor4,Stage1-3-0,0,0,0,0,0,0,0,0
1784090413978,nx-q6-nexmark-auto-171129,Executor4,Stage1-3-0,0,0,0,0,0,0,0,0
1784090414978,nx-q6-nexmark-auto-171129,Executor4,Stage1-3-0,0,0,0,0,0,0,0,0
1784090415978,nx-q6-nexmark-auto-171129,Executor4,Stage1-3-0,0,0,0,0,0,0,0,0
1784090416978,nx-q6-nexmark-auto-171129,Executor4,Stage1-3-0,0,0,0,0,0,0,0,0
1784090417978,nx-q6-nexmark-auto-171129,Executor4,Stage1-3-0,0,0,0,0,0,0,0,0
1784090418978,nx-q6-nexmark-auto-171129,Executor4,Stage1-3-0,0,0,0,0,0,0,0,0
1784090419978,nx-q6-nexmark-auto-171129,Executor4,Stage1-3-0,0,0,0,0,0,0,0,0
1784090420978,nx-q6-nexmark-auto-171129,Executor4,Stage1-3-0,0,0,0,0,0,0,0,0
1784090421978,nx-q6-nexmark-auto-171129,Executor4,Stage1-3-0,0,0,0,0,0,0,0,0
1784090422978,nx-q6-nexmark-auto-171129,Executor4,Stage1-3-0,0,0,0,0,0,0,0,0
1784090423978,nx-q6-nexmark-auto-171129,Executor4,Stage1-3-0,0,0,0,0,0,0,0,0
1784090424978,nx-q6-nexmark-auto-171129,Executor4,Stage1-3-0,0,0,0,0,0,0,0,0
1784090425978,nx-q6-nexmark-auto-171129,Executor4,Stage1-3-0,0,0,0,0,0,0,0,0
1784090426978,nx-q6-nexmark-auto-171129,Executor4,Stage1-3-0,0,0,0,0,0,0,0,0
1784090427978,nx-q6-nexmark-auto-171129,Executor4,Stage1-3-0,0,0,0,0,0,0,0,0
1784090428978,nx-q6-nexmark-auto-171129,Executor4,Stage1-3-0,0,0,0,0,0,0,0,0
1784090429978,nx-q6-nexmark-auto-171129,Executor4,Stage1-3-0,0,0,0,0,0,0,0,0
1784090430978,nx-q6-nexmark-auto-171129,Executor4,Stage1-3-0,0,0,0,0,0,0,0,0
1784090431978,nx-q6-nexmark-auto-171129,Executor4,Stage1-3-0,0,0,0,0,0,0,0,0
1784090432978,nx-q6-nexmark-auto-171129,Executor4,Stage1-3-0,0,0,0,0,0,0,0,0
1784090433978,nx-q6-nexmark-auto-171129,Executor4,Stage1-3-0,0,0,0,0,0,0,0,0
1784090434978,nx-q6-nexmark-auto-171129,Executor4,Stage1-3-0,0,0,0,0,0,0,0,0
1784090435978,nx-q6-nexmark-auto-171129,Executor4,Stage1-3-0,0,0,0,0,0,0,0,0
1784090436978,nx-q6-nexmark-auto-171129,Executor4,Stage1-3-0,0,0,0,0,0,0,0,0
1784090437978,nx-q6-nexmark-auto-171129,Executor4,Stage1-3-0,0,0,0,0,0,0,0,0
1784090438978,nx-q6-nexmark-auto-171129,Executor4,Stage1-3-0,0,0,0,0,0,0,0,0
1784090439978,nx-q6-nexmark-auto-171129,Executor4,Stage1-3-0,0,0,0,0,0,0,0,0
1784090440978,nx-q6-nexmark-auto-171129,Executor4,Stage1-3-0,0,0,0,0,0,0,0,0
1784090441978,nx-q6-nexmark-auto-171129,Executor4,Stage1-3-0,0,0,0,0,0,0,0,0
1784090442978,nx-q6-nexmark-auto-171129,Executor4,Stage1-3-0,0,0,0,0,0,0,0,0
1784090443978,nx-q6-nexmark-auto-171129,Executor4,Stage1-3-0,0,0,0,0,0,0,0,0
1784090444978,nx-q6-nexmark-auto-171129,Executor4,Stage1-3-0,0,0,0,0,0,0,0,0
1784090445978,nx-q6-nexmark-auto-171129,Executor4,Stage1-3-0,0,0,0,0,0,0,0,0
1784090446978,nx-q6-nexmark-auto-171129,Executor4,Stage1-3-0,0,0,0,0,0,0,0,0
1784090447978,nx-q6-nexmark-auto-171129,Executor4,Stage1-3-0,0,0,0,0,0,0,0,0
1784090448978,nx-q6-nexmark-auto-171129,Executor4,Stage1-3-0,0,0,0,0,0,0,0,0
1784090449978,nx-q6-nexmark-auto-171129,Executor4,Stage1-3-0,0,0,0,0,0,0,0,0
1784090450978,nx-q6-nexmark-auto-171129,Executor4,Stage1-3-0,0,0,0,0,0,0,0,0
1784090451978,nx-q6-nexmark-auto-171129,Executor4,Stage1-3-0,0,0,0,0,0,0,0,0
1784090452978,nx-q6-nexmark-auto-171129,Executor4,Stage1-3-0,0,0,0,0,0,0,0,0
1784090453978,nx-q6-nexmark-auto-171129,Executor4,Stage1-3-0,0,0,0,0,0,0,0,0
1784090454978,nx-q6-nexmark-auto-171129,Executor4,Stage1-3-0,0,0,0,0,0,0,0,0
1784090455978,nx-q6-nexmark-auto-171129,Executor4,Stage1-3-0,0,0,0,0,0,0,0,0
1784090456978,nx-q6-nexmark-auto-171129,Executor4,Stage1-3-0,0,0,0,0,0,0,0,0
1784090457978,nx-q6-nexmark-auto-171129,Executor4,Stage1-3-0,0,0,0,0,0,0,0,0
1784090458978,nx-q6-nexmark-auto-171129,Executor4,Stage1-3-0,0,0,0,0,0,0,0,0
1784090459978,nx-q6-nexmark-auto-171129,Executor4,Stage1-3-0,0,0,0,0,0,0,0,0
1784090460978,nx-q6-nexmark-auto-171129,Executor4,Stage1-3-0,0,0,0,0,0,0,0,0
1784090461978,nx-q6-nexmark-auto-171129,Executor4,Stage1-3-0,0,0,0,0,0,0,0,0
1784090462978,nx-q6-nexmark-auto-171129,Executor4,Stage1-3-0,0,0,0,0,0,0,0,0
1784090463978,nx-q6-nexmark-auto-171129,Executor4,Stage1-3-0,0,0,0,0,0,0,0,0
1784090464978,nx-q6-nexmark-auto-171129,Executor4,Stage1-3-0,0,0,0,0,0,0,0,0
1784090465978,nx-q6-nexmark-auto-171129,Executor4,Stage1-3-0,0,0,0,0,0,0,0,0
1784090466978,nx-q6-nexmark-auto-171129,Executor4,Stage1-3-0,0,0,0,0,0,0,0,0
1784090467978,nx-q6-nexmark-auto-171129,Executor4,Stage1-3-0,0,0,0,0,0,0,0,0
1784090468978,nx-q6-nexmark-auto-171129,Executor4,Stage1-3-0,0,0,0,0,0,0,0,0
1784090469978,nx-q6-nexmark-auto-171129,Executor4,Stage1-3-0,0,0,0,0,0,0,0,0
1784090470978,nx-q6-nexmark-auto-171129,Executor4,Stage1-3-0,0,0,0,0,0,0,0,0
1784090471978,nx-q6-nexmark-auto-171129,Executor4,Stage1-3-0,0,0,0,0,0,0,0,0
1784090472978,nx-q6-nexmark-auto-171129,Executor4,Stage1-3-0,0,0,0,0,0,0,0,0
1784090473978,nx-q6-nexmark-auto-171129,Executor4,Stage1-3-0,0,0,0,0,0,0,0,0
1784090474978,nx-q6-nexmark-auto-171129,Executor4,Stage1-3-0,0,0,0,0,0,0,0,0
1784090475978,nx-q6-nexmark-auto-171129,Executor4,Stage1-3-0,0,0,0,0,0,0,0,0
1784090476978,nx-q6-nexmark-auto-171129,Executor4,Stage1-3-0,0,0,0,0,0,0,0,0
1784090477978,nx-q6-nexmark-auto-171129,Executor4,Stage1-3-0,0,0,0,0,0,0,0,0
1784090478978,nx-q6-nexmark-auto-171129,Executor4,Stage1-3-0,0,0,0,0,0,0,0,0
1784090479978,nx-q6-nexmark-auto-171129,Executor4,Stage1-3-0,0,0,0,0,0,0,0,0
1784090480978,nx-q6-nexmark-auto-171129,Executor4,Stage1-3-0,0,0,0,0,0,0,0,0
1784090481978,nx-q6-nexmark-auto-171129,Executor4,Stage1-3-0,0,0,0,0,0,0,0,0
1784090482978,nx-q6-nexmark-auto-171129,Executor4,Stage1-3-0,0,0,0,0,0,0,0,0
1784090483978,nx-q6-nexmark-auto-171129,Executor4,Stage1-3-0,0,0,0,0,0,0,0,0
1784090484978,nx-q6-nexmark-auto-171129,Executor4,Stage1-3-0,0,0,0,0,0,0,0,0
1784090485978,nx-q6-nexmark-auto-171129,Executor4,Stage1-3-0,0,0,0,0,0,0,0,0
1784090486978,nx-q6-nexmark-auto-171129,Executor4,Stage1-3-0,0,0,0,0,0,0,0,0
1784090487978,nx-q6-nexmark-auto-171129,Executor4,Stage1-3-0,0,0,0,0,0,0,0,0
1784090488978,nx-q6-nexmark-auto-171129,Executor4,Stage1-3-0,0,0,0,0,0,0,0,0
1784090489978,nx-q6-nexmark-auto-171129,Executor4,Stage1-3-0,0,0,0,0,0,0,0,0
1784090490978,nx-q6-nexmark-auto-171129,Executor4,Stage1-3-0,0,0,0,0,0,0,0,0
1784090491978,nx-q6-nexmark-auto-171129,Executor4,Stage1-3-0,0,0,0,0,0,0,0,0
1784090492978,nx-q6-nexmark-auto-171129,Executor4,Stage1-3-0,0,0,0,0,0,0,0,0
1784090493978,nx-q6-nexmark-auto-171129,Executor4,Stage1-3-0,0,0,0,0,0,0,0,0
1784090494978,nx-q6-nexmark-auto-171129,Executor4,Stage1-3-0,0,0,0,0,0,0,0,0
1784090495978,nx-q6-nexmark-auto-171129,Executor4,Stage1-3-0,0,0,0,0,0,0,0,0
1784090496978,nx-q6-nexmark-auto-171129,Executor4,Stage1-3-0,0,0,0,0,0,0,0,0
1784090497978,nx-q6-nexmark-auto-171129,Executor4,Stage1-3-0,0,0,0,0,0,0,0,0
1784090498978,nx-q6-nexmark-auto-171129,Executor4,Stage1-3-0,0,0,0,0,0,0,0,0
1784090499978,nx-q6-nexmark-auto-171129,Executor4,Stage1-3-0,0,0,0,0,0,0,0,0
1784090500978,nx-q6-nexmark-auto-171129,Executor4,Stage1-3-0,0,0,0,0,0,0,0,0
1784090501978,nx-q6-nexmark-auto-171129,Executor4,Stage1-3-0,0,0,0,0,0,0,0,0
1784090502978,nx-q6-nexmark-auto-171129,Executor4,Stage1-3-0,0,0,0,0,0,0,0,0
1784090503978,nx-q6-nexmark-auto-171129,Executor4,Stage1-3-0,0,0,0,0,0,0,0,0
1784090504978,nx-q6-nexmark-auto-171129,Executor4,Stage1-3-0,0,0,0,0,0,0,0,0
1784090505978,nx-q6-nexmark-auto-171129,Executor4,Stage1-3-0,0,0,0,0,0,0,0,0
1784090506978,nx-q6-nexmark-auto-171129,Executor4,Stage1-3-0,0,0,0,0,0,0,0,0
1784090507978,nx-q6-nexmark-auto-171129,Executor4,Stage1-3-0,0,0,0,0,0,0,0,0
1784090508978,nx-q6-nexmark-auto-171129,Executor4,Stage1-3-0,0,0,0,0,0,0,0,0
1784090509978,nx-q6-nexmark-auto-171129,Executor4,Stage1-3-0,0,0,0,0,0,0,0,0
1784090510978,nx-q6-nexmark-auto-171129,Executor4,Stage1-3-0,0,0,0,0,0,0,0,0
1784090511978,nx-q6-nexmark-auto-171129,Executor4,Stage1-3-0,0,0,0,0,0,0,0,0
1784090512978,nx-q6-nexmark-auto-171129,Executor4,Stage1-3-0,0,0,0,0,0,0,0,0
1784090513978,nx-q6-nexmark-auto-171129,Executor4,Stage1-3-0,0,0,0,0,0,0,0,0
1784090514978,nx-q6-nexmark-auto-171129,Executor4,Stage1-3-0,0,0,0,0,0,0,0,0
1784090515978,nx-q6-nexmark-auto-171129,Executor4,Stage1-3-0,0,0,0,0,0,0,0,0
1784090516978,nx-q6-nexmark-auto-171129,Executor4,Stage1-3-0,0,0,0,0,0,0,0,0
1784090517978,nx-q6-nexmark-auto-171129,Executor4,Stage1-3-0,0,0,0,0,0,0,0,0
1784090518978,nx-q6-nexmark-auto-171129,Executor4,Stage1-3-0,0,0,0,0,0,0,0,0
1784090519978,nx-q6-nexmark-auto-171129,Executor4,Stage1-3-0,0,0,0,0,0,0,0,0
1784090520978,nx-q6-nexmark-auto-171129,Executor4,Stage1-3-0,0,0,0,0,0,0,0,0
1784090521978,nx-q6-nexmark-auto-171129,Executor4,Stage1-3-0,0,0,0,0,0,0,0,0
1784090522978,nx-q6-nexmark-auto-171129,Executor4,Stage1-3-0,0,0,0,0,0,0,0,0
1784090523978,nx-q6-nexmark-auto-171129,Executor4,Stage1-3-0,0,0,0,0,0,0,0,0
1784090524978,nx-q6-nexmark-auto-171129,Executor4,Stage1-3-0,0,0,0,0,0,0,0,0
1784090525978,nx-q6-nexmark-auto-171129,Executor4,Stage1-3-0,0,0,0,0,0,0,0,0
1784090526978,nx-q6-nexmark-auto-171129,Executor4,Stage1-3-0,0,0,0,0,0,0,0,0
1784090527978,nx-q6-nexmark-auto-171129,Executor4,Stage1-3-0,0,0,0,0,0,0,0,0
1784090528978,nx-q6-nexmark-auto-171129,Executor4,Stage1-3-0,0,0,0,0,0,0,0,0
1784090529978,nx-q6-nexmark-auto-171129,Executor4,Stage1-3-0,0,0,0,0,0,0,0,0
1784090530978,nx-q6-nexmark-auto-171129,Executor4,Stage1-3-0,0,0,0,0,0,0,0,0
1784090531978,nx-q6-nexmark-auto-171129,Executor4,Stage1-3-0,0,0,0,0,0,0,0,0
1784090532978,nx-q6-nexmark-auto-171129,Executor4,Stage1-3-0,0,0,0,0,0,0,0,0
1784090533978,nx-q6-nexmark-auto-171129,Executor4,Stage1-3-0,0,0,0,0,0,0,0,0
1784090534978,nx-q6-nexmark-auto-171129,Executor4,Stage1-3-0,0,0,0,0,0,0,0,0
1784090535978,nx-q6-nexmark-auto-171129,Executor4,Stage1-3-0,0,0,0,0,0,0,0,0
1784090536978,nx-q6-nexmark-auto-171129,Executor4,Stage1-3-0,0,0,0,0,0,0,0,0
1784090537978,nx-q6-nexmark-auto-171129,Executor4,Stage1-3-0,0,0,0,0,0,0,0,0
1784090538978,nx-q6-nexmark-auto-171129,Executor4,Stage1-3-0,0,0,0,0,0,0,0,0
1784090539978,nx-q6-nexmark-auto-171129,Executor4,Stage1-3-0,0,0,0,0,0,0,0,0
1784090540978,nx-q6-nexmark-auto-171129,Executor4,Stage1-3-0,0,0,0,0,0,0,0,0
1784090541978,nx-q6-nexmark-auto-171129,Executor4,Stage1-3-0,0,0,0,0,0,0,0,0
1784090542978,nx-q6-nexmark-auto-171129,Executor4,Stage1-3-0,0,0,0,0,0,0,0,0
1784090543978,nx-q6-nexmark-auto-171129,Executor4,Stage1-3-0,0,0,0,0,0,0,0,0
1784090544978,nx-q6-nexmark-auto-171129,Executor4,Stage1-3-0,0,0,0,0,0,0,0,0
1784090545978,nx-q6-nexmark-auto-171129,Executor4,Stage1-3-0,0,0,0,0,0,0,0,0
1784090546978,nx-q6-nexmark-auto-171129,Executor4,Stage1-3-0,0,0,0,0,0,0,0,0
1784090547978,nx-q6-nexmark-auto-171129,Executor4,Stage1-3-0,0,0,0,0,0,0,0,0
1784090548978,nx-q6-nexmark-auto-171129,Executor4,Stage1-3-0,0,0,0,0,0,0,0,0
1784090549978,nx-q6-nexmark-auto-171129,Executor4,Stage1-3-0,0,0,0,0,0,0,0,0
1784090550978,nx-q6-nexmark-auto-171129,Executor4,Stage1-3-0,0,0,0,0,0,0,0,0
1784090551978,nx-q6-nexmark-auto-171129,Executor4,Stage1-3-0,0,0,0,0,0,0,0,0
1784090552978,nx-q6-nexmark-auto-171129,Executor4,Stage1-3-0,0,0,0,0,0,0,0,0
1784090553978,nx-q6-nexmark-auto-171129,Executor4,Stage1-3-0,0,0,0,0,0,0,0,0
1784090554978,nx-q6-nexmark-auto-171129,Executor4,Stage1-3-0,0,0,0,0,0,0,0,0
1784090555978,nx-q6-nexmark-auto-171129,Executor4,Stage1-3-0,0,0,0,0,0,0,0,0
1784090556978,nx-q6-nexmark-auto-171129,Executor4,Stage1-3-0,0,0,0,0,0,0,0,0
1784090557978,nx-q6-nexmark-auto-171129,Executor4,Stage1-3-0,0,0,0,0,0,0,0,0
1784090558978,nx-q6-nexmark-auto-171129,Executor4,Stage1-3-0,0,0,0,0,0,0,0,0
1784090559978,nx-q6-nexmark-auto-171129,Executor4,Stage1-3-0,0,0,0,0,0,0,0,0
1784090560978,nx-q6-nexmark-auto-171129,Executor4,Stage1-3-0,0,0,0,0,0,0,0,0
1784090561978,nx-q6-nexmark-auto-171129,Executor4,Stage1-3-0,0,0,0,0,0,0,0,0
1784090562978,nx-q6-nexmark-auto-171129,Executor4,Stage1-3-0,0,0,0,0,0,0,0,0
1784090563978,nx-q6-nexmark-auto-171129,Executor4,Stage1-3-0,0,0,0,0,0,0,0,0
1784090564978,nx-q6-nexmark-auto-171129,Executor4,Stage1-3-0,0,0,0,0,0,0,0,0
1784090565978,nx-q6-nexmark-auto-171129,Executor4,Stage1-3-0,0,0,0,0,0,0,0,0
1784090566978,nx-q6-nexmark-auto-171129,Executor4,Stage1-3-0,0,0,0,0,0,0,0,0
1784090567978,nx-q6-nexmark-auto-171129,Executor4,Stage1-3-0,0,0,0,0,0,0,0,0
1784090568978,nx-q6-nexmark-auto-171129,Executor4,Stage1-3-0,0,0,0,0,0,0,0,0
1784090569978,nx-q6-nexmark-auto-171129,Executor4,Stage1-3-0,0,0,0,0,0,0,0,0
1784090570978,nx-q6-nexmark-auto-171129,Executor4,Stage1-3-0,0,0,0,0,0,0,0,0
1784090571978,nx-q6-nexmark-auto-171129,Executor4,Stage1-3-0,0,0,0,0,0,0,0,0
1784090572978,nx-q6-nexmark-auto-171129,Executor4,Stage1-3-0,0,0,0,0,0,0,0,0
1784090573978,nx-q6-nexmark-auto-171129,Executor4,Stage1-3-0,0,0,0,0,0,0,0,0
1784090574978,nx-q6-nexmark-auto-171129,Executor4,Stage1-3-0,0,0,0,0,0,0,0,0
1784090575978,nx-q6-nexmark-auto-171129,Executor4,Stage1-3-0,0,0,0,0,0,0,0,0
1784090576978,nx-q6-nexmark-auto-171129,Executor4,Stage1-3-0,0,0,0,0,0,0,0,0
1784090577978,nx-q6-nexmark-auto-171129,Executor4,Stage1-3-0,0,0,0,0,0,0,0,0
1784090578978,nx-q6-nexmark-auto-171129,Executor4,Stage1-3-0,0,0,0,0,0,0,0,0
1784090579978,nx-q6-nexmark-auto-171129,Executor4,Stage1-3-0,0,0,0,0,0,0,0,0
1784090580978,nx-q6-nexmark-auto-171129,Executor4,Stage1-3-0,0,0,0,0,0,0,0,0
1784090581978,nx-q6-nexmark-auto-171129,Executor4,Stage1-3-0,0,0,0,0,0,0,0,0
1784090582978,nx-q6-nexmark-auto-171129,Executor4,Stage1-3-0,0,0,0,0,0,0,0,0
1784090583978,nx-q6-nexmark-auto-171129,Executor4,Stage1-3-0,0,0,0,0,0,0,0,0
1784090584978,nx-q6-nexmark-auto-171129,Executor4,Stage1-3-0,0,0,0,0,0,0,0,0
1784090585978,nx-q6-nexmark-auto-171129,Executor4,Stage1-3-0,0,0,0,0,0,0,0,0
1784090586978,nx-q6-nexmark-auto-171129,Executor4,Stage1-3-0,0,0,0,0,0,0,0,0
1784090587978,nx-q6-nexmark-auto-171129,Executor4,Stage1-3-0,0,0,0,0,0,0,0,0
1784090588978,nx-q6-nexmark-auto-171129,Executor4,Stage1-3-0,0,0,0,0,0,0,0,0
1784090589978,nx-q6-nexmark-auto-171129,Executor4,Stage1-3-0,0,0,0,0,0,0,0,0
1784090590978,nx-q6-nexmark-auto-171129,Executor4,Stage1-3-0,0,0,0,0,0,0,0,0
1784090591978,nx-q6-nexmark-auto-171129,Executor4,Stage1-3-0,0,0,0,0,0,0,0,0
1784090592978,nx-q6-nexmark-auto-171129,Executor4,Stage1-3-0,0,0,0,0,0,0,0,0
1784090593978,nx-q6-nexmark-auto-171129,Executor4,Stage1-3-0,0,0,0,0,0,0,0,0
1784090594978,nx-q6-nexmark-auto-171129,Executor4,Stage1-3-0,0,0,0,0,0,0,0,0
1784090595978,nx-q6-nexmark-auto-171129,Executor4,Stage1-3-0,0,0,0,0,0,0,0,0
1784090596978,nx-q6-nexmark-auto-171129,Executor4,Stage1-3-0,0,0,0,0,0,0,0,0
1784090597978,nx-q6-nexmark-auto-171129,Executor4,Stage1-3-0,0,0,0,0,0,0,0,0
1784090598978,nx-q6-nexmark-auto-171129,Executor4,Stage1-3-0,0,0,0,0,0,0,0,0
1784090599978,nx-q6-nexmark-auto-171129,Executor4,Stage1-3-0,0,0,0,0,0,0,0,0
1784090600978,nx-q6-nexmark-auto-171129,Executor4,Stage1-3-0,0,0,0,0,0,0,0,0
1784090601978,nx-q6-nexmark-auto-171129,Executor4,Stage1-3-0,0,0,0,0,0,0,0,0
1784090602978,nx-q6-nexmark-auto-171129,Executor4,Stage1-3-0,0,0,0,0,0,0,0,0
1784090603978,nx-q6-nexmark-auto-171129,Executor4,Stage1-3-0,0,0,0,0,0,0,0,0
1784090604978,nx-q6-nexmark-auto-171129,Executor4,Stage1-3-0,0,0,0,0,0,0,0,0
1784090605978,nx-q6-nexmark-auto-171129,Executor4,Stage1-3-0,0,0,0,0,0,0,0,0
1784090606978,nx-q6-nexmark-auto-171129,Executor4,Stage1-3-0,0,0,0,0,0,0,0,0
1784090607978,nx-q6-nexmark-auto-171129,Executor4,Stage1-3-0,0,0,0,0,0,0,0,0
1784090608978,nx-q6-nexmark-auto-171129,Executor4,Stage1-3-0,0,0,0,0,0,0,0,0
1784090609978,nx-q6-nexmark-auto-171129,Executor4,Stage1-3-0,0,0,0,0,0,0,0,0
1784090610978,nx-q6-nexmark-auto-171129,Executor4,Stage1-3-0,0,0,0,0,0,0,0,0
1784090611978,nx-q6-nexmark-auto-171129,Executor4,Stage1-3-0,0,0,0,0,0,0,0,0
1784090612978,nx-q6-nexmark-auto-171129,Executor4,Stage1-3-0,0,0,0,0,0,0,0,0
1784090613978,nx-q6-nexmark-auto-171129,Executor4,Stage1-3-0,0,0,0,0,0,0,0,0
1784090614978,nx-q6-nexmark-auto-171129,Executor4,Stage1-3-0,0,0,0,0,0,0,0,0
1784090615978,nx-q6-nexmark-auto-171129,Executor4,Stage1-3-0,0,0,0,0,0,0,0,0
1784090616978,nx-q6-nexmark-auto-171129,Executor4,Stage1-3-0,0,0,0,0,0,0,0,0
1784090617978,nx-q6-nexmark-auto-171129,Executor4,Stage1-3-0,0,0,0,0,0,0,0,0
1784090618978,nx-q6-nexmark-auto-171129,Executor4,Stage1-3-0,0,0,0,0,0,0,0,0
1784090619978,nx-q6-nexmark-auto-171129,Executor4,Stage1-3-0,0,0,0,0,0,0,0,0
1784090620978,nx-q6-nexmark-auto-171129,Executor4,Stage1-3-0,0,0,0,0,0,0,0,0
1784090621978,nx-q6-nexmark-auto-171129,Executor4,Stage1-3-0,0,0,0,0,0,0,0,0
1784090622978,nx-q6-nexmark-auto-171129,Executor4,Stage1-3-0,0,0,0,0,0,0,0,0
1784090623978,nx-q6-nexmark-auto-171129,Executor4,Stage1-3-0,0,0,0,0,0,0,0,0
1784090624978,nx-q6-nexmark-auto-171129,Executor4,Stage1-3-0,0,0,0,0,0,0,0,0
1784090625978,nx-q6-nexmark-auto-171129,Executor4,Stage1-3-0,0,0,0,0,0,0,0,0
1784090626978,nx-q6-nexmark-auto-171129,Executor4,Stage1-3-0,0,0,0,0,0,0,0,0
1784090627978,nx-q6-nexmark-auto-171129,Executor4,Stage1-3-0,0,0,0,0,0,0,0,0
1784090628978,nx-q6-nexmark-auto-171129,Executor4,Stage1-3-0,0,0,0,0,0,0,0,0
1784090629978,nx-q6-nexmark-auto-171129,Executor4,Stage1-3-0,0,0,0,0,0,0,0,0
1784090630978,nx-q6-nexmark-auto-171129,Executor4,Stage1-3-0,0,0,0,0,0,0,0,0
1784090631978,nx-q6-nexmark-auto-171129,Executor4,Stage1-3-0,0,0,0,0,0,0,0,0
1784090632978,nx-q6-nexmark-auto-171129,Executor4,Stage1-3-0,0,0,0,0,0,0,0,0
1784090633978,nx-q6-nexmark-auto-171129,Executor4,Stage1-3-0,0,0,0,0,0,0,0,0
1784090634978,nx-q6-nexmark-auto-171129,Executor4,Stage1-3-0,0,0,0,0,0,0,0,0
1784090635978,nx-q6-nexmark-auto-171129,Executor4,Stage1-3-0,0,0,0,0,0,0,0,0
1784090636978,nx-q6-nexmark-auto-171129,Executor4,Stage1-3-0,0,0,0,0,0,0,0,0
1784090637978,nx-q6-nexmark-auto-171129,Executor4,Stage1-3-0,0,0,0,0,0,0,0,0
1784090638978,nx-q6-nexmark-auto-171129,Executor4,Stage1-3-0,0,0,0,0,0,0,0,0
1784090639978,nx-q6-nexmark-auto-171129,Executor4,Stage1-3-0,0,0,0,0,0,0,0,0
1784090640978,nx-q6-nexmark-auto-171129,Executor4,Stage1-3-0,0,0,0,0,0,0,0,0
1784090641978,nx-q6-nexmark-auto-171129,Executor4,Stage1-3-0,0,0,0,0,0,0,0,0
1784090642978,nx-q6-nexmark-auto-171129,Executor4,Stage1-3-0,0,0,0,0,0,0,0,0
1784090643978,nx-q6-nexmark-auto-171129,Executor4,Stage1-3-0,0,0,0,0,0,0,0,0
1784090644978,nx-q6-nexmark-auto-171129,Executor4,Stage1-3-0,0,0,0,0,0,0,0,0
1784090645978,nx-q6-nexmark-auto-171129,Executor4,Stage1-3-0,0,0,0,0,0,0,0,0
1784090646978,nx-q6-nexmark-auto-171129,Executor4,Stage1-3-0,0,0,0,0,0,0,0,0
1784090647978,nx-q6-nexmark-auto-171129,Executor4,Stage1-3-0,0,0,0,0,0,0,0,0
1784090648978,nx-q6-nexmark-auto-171129,Executor4,Stage1-3-0,0,0,0,0,0,0,0,0
1784090649978,nx-q6-nexmark-auto-171129,Executor4,Stage1-3-0,0,0,0,0,0,0,0,0
1784090650978,nx-q6-nexmark-auto-171129,Executor4,Stage1-3-0,0,0,0,0,0,0,0,0
1784090651978,nx-q6-nexmark-auto-171129,Executor4,Stage1-3-0,0,0,0,0,0,0,0,0
1784090652978,nx-q6-nexmark-auto-171129,Executor4,Stage1-3-0,0,0,0,0,0,0,0,0
1784090653978,nx-q6-nexmark-auto-171129,Executor4,Stage1-3-0,0,0,0,0,0,0,0,0
1784090654978,nx-q6-nexmark-auto-171129,Executor4,Stage1-3-0,0,0,0,0,0,0,0,0
1784090655978,nx-q6-nexmark-auto-171129,Executor4,Stage1-3-0,0,0,0,0,0,0,0,0
1784090656978,nx-q6-nexmark-auto-171129,Executor4,Stage1-3-0,0,0,0,0,0,0,0,0
1784090657978,nx-q6-nexmark-auto-171129,Executor4,Stage1-3-0,0,0,0,0,0,0,0,0
1784090658978,nx-q6-nexmark-auto-171129,Executor4,Stage1-3-0,0,0,0,0,0,0,0,0
1784090659978,nx-q6-nexmark-auto-171129,Executor4,Stage1-3-0,0,0,0,0,0,0,0,0
1784090660978,nx-q6-nexmark-auto-171129,Executor4,Stage1-3-0,0,0,0,0,0,0,0,0
1784090661978,nx-q6-nexmark-auto-171129,Executor4,Stage1-3-0,0,0,0,0,0,0,0,0
1784090662978,nx-q6-nexmark-auto-171129,Executor4,Stage1-3-0,0,0,0,0,0,0,0,0
1784090663978,nx-q6-nexmark-auto-171129,Executor4,Stage1-3-0,0,0,0,0,0,0,0,0
1784090664978,nx-q6-nexmark-auto-171129,Executor4,Stage1-3-0,0,0,0,0,0,0,0,0
1784090665978,nx-q6-nexmark-auto-171129,Executor4,Stage1-3-0,0,0,0,0,0,0,0,0
1784090666978,nx-q6-nexmark-auto-171129,Executor4,Stage1-3-0,0,0,0,0,0,0,0,0
1784090667978,nx-q6-nexmark-auto-171129,Executor4,Stage1-3-0,0,0,0,0,0,0,0,0
1784090668978,nx-q6-nexmark-auto-171129,Executor4,Stage1-3-0,0,0,0,0,0,0,0,0
1784090669978,nx-q6-nexmark-auto-171129,Executor4,Stage1-3-0,0,0,0,0,0,0,0,0
1784090670978,nx-q6-nexmark-auto-171129,Executor4,Stage1-3-0,0,0,0,0,0,0,0,0
1784090671978,nx-q6-nexmark-auto-171129,Executor4,Stage1-3-0,0,0,0,0,0,0,0,0
1784090672978,nx-q6-nexmark-auto-171129,Executor4,Stage1-3-0,0,0,0,0,0,0,0,0
1784090673978,nx-q6-nexmark-auto-171129,Executor4,Stage1-3-0,0,0,0,0,0,0,0,0
1784090674978,nx-q6-nexmark-auto-171129,Executor4,Stage1-3-0,0,0,0,0,0,0,0,0
1784090675978,nx-q6-nexmark-auto-171129,Executor4,Stage1-3-0,0,0,0,0,0,0,0,0
1784090676978,nx-q6-nexmark-auto-171129,Executor4,Stage1-3-0,0,0,0,0,0,0,0,0
1784090677978,nx-q6-nexmark-auto-171129,Executor4,Stage1-3-0,0,0,0,0,0,0,0,0
1784090678978,nx-q6-nexmark-auto-171129,Executor4,Stage1-3-0,0,0,0,0,0,0,0,0
1784090679978,nx-q6-nexmark-auto-171129,Executor4,Stage1-3-0,0,0,0,0,0,0,0,0
1784090680978,nx-q6-nexmark-auto-171129,Executor4,Stage1-3-0,0,0,0,0,0,0,0,0
1784090681978,nx-q6-nexmark-auto-171129,Executor4,Stage1-3-0,0,0,0,0,0,0,0,0
1784090682978,nx-q6-nexmark-auto-171129,Executor4,Stage1-3-0,0,0,0,0,0,0,0,0
1784090683978,nx-q6-nexmark-auto-171129,Executor4,Stage1-3-0,0,0,0,0,0,0,0,0
1784090684978,nx-q6-nexmark-auto-171129,Executor4,Stage1-3-0,0,0,0,0,0,0,0,0
1784090685978,nx-q6-nexmark-auto-171129,Executor4,Stage1-3-0,0,0,0,0,0,0,0,0
1784090686978,nx-q6-nexmark-auto-171129,Executor4,Stage1-3-0,0,0,0,0,0,0,0,0
1784090687978,nx-q6-nexmark-auto-171129,Executor4,Stage1-3-0,0,0,0,0,0,0,0,0
1784090688978,nx-q6-nexmark-auto-171129,Executor4,Stage1-3-0,0,0,0,0,0,0,0,0
1784090689978,nx-q6-nexmark-auto-171129,Executor4,Stage1-3-0,0,0,0,0,0,0,0,0
1784090690978,nx-q6-nexmark-auto-171129,Executor4,Stage1-3-0,0,0,0,0,0,0,0,0
1784090691978,nx-q6-nexmark-auto-171129,Executor4,Stage1-3-0,0,0,0,0,0,0,0,0
1784090692978,nx-q6-nexmark-auto-171129,Executor4,Stage1-3-0,0,0,0,0,0,0,0,0
1784090693978,nx-q6-nexmark-auto-171129,Executor4,Stage1-3-0,0,0,0,0,0,0,0,0
1784090694978,nx-q6-nexmark-auto-171129,Executor4,Stage1-3-0,0,0,0,0,0,0,0,0
1784090695978,nx-q6-nexmark-auto-171129,Executor4,Stage1-3-0,0,0,0,0,0,0,0,0
1784090696978,nx-q6-nexmark-auto-171129,Executor4,Stage1-3-0,0,0,0,0,0,0,0,0
1784090697978,nx-q6-nexmark-auto-171129,Executor4,Stage1-3-0,0,0,0,0,0,0,0,0
1784090698978,nx-q6-nexmark-auto-171129,Executor4,Stage1-3-0,0,0,0,0,0,0,0,0
1784090699978,nx-q6-nexmark-auto-171129,Executor4,Stage1-3-0,0,0,0,0,0,0,0,0
1784090700978,nx-q6-nexmark-auto-171129,Executor4,Stage1-3-0,0,0,0,0,0,0,0,0
1784090701978,nx-q6-nexmark-auto-171129,Executor4,Stage1-3-0,0,0,0,0,0,0,0,0
1784090702978,nx-q6-nexmark-auto-171129,Executor4,Stage1-3-0,0,0,0,0,0,0,0,0
1784090703978,nx-q6-nexmark-auto-171129,Executor4,Stage1-3-0,0,0,0,0,0,0,0,0
1784090704978,nx-q6-nexmark-auto-171129,Executor4,Stage1-3-0,0,0,0,0,0,0,0,0
1784090705978,nx-q6-nexmark-auto-171129,Executor4,Stage1-3-0,0,0,0,0,0,0,0,0
1784090706978,nx-q6-nexmark-auto-171129,Executor4,Stage1-3-0,0,0,0,0,0,0,0,0
1784090707978,nx-q6-nexmark-auto-171129,Executor4,Stage1-3-0,0,0,0,0,0,0,0,0
1784090708978,nx-q6-nexmark-auto-171129,Executor4,Stage1-3-0,0,0,0,0,0,0,0,0
1784090709978,nx-q6-nexmark-auto-171129,Executor4,Stage1-3-0,0,0,0,0,0,0,0,0
1784090710978,nx-q6-nexmark-auto-171129,Executor4,Stage1-3-0,0,0,0,0,0,0,0,0
1784090711978,nx-q6-nexmark-auto-171129,Executor4,Stage1-3-0,0,0,0,0,0,0,0,0
1784090712978,nx-q6-nexmark-auto-171129,Executor4,Stage1-3-0,0,0,0,0,0,0,0,0
1784090713978,nx-q6-nexmark-auto-171129,Executor4,Stage1-3-0,0,0,0,0,0,0,0,0
1784090714978,nx-q6-nexmark-auto-171129,Executor4,Stage1-3-0,0,0,0,0,0,0,0,0
1784090715978,nx-q6-nexmark-auto-171129,Executor4,Stage1-3-0,0,0,0,0,0,0,0,0
1784090716978,nx-q6-nexmark-auto-171129,Executor4,Stage1-3-0,0,0,0,0,0,0,0,0
1784090717978,nx-q6-nexmark-auto-171129,Executor4,Stage1-3-0,0,0,0,0,0,0,0,0
1784090718978,nx-q6-nexmark-auto-171129,Executor4,Stage1-3-0,0,0,0,0,0,0,0,0
1784090719978,nx-q6-nexmark-auto-171129,Executor4,Stage1-3-0,0,0,0,0,0,0,0,0
1784090720978,nx-q6-nexmark-auto-171129,Executor4,Stage1-3-0,0,0,0,0,0,0,0,0
1784090721978,nx-q6-nexmark-auto-171129,Executor4,Stage1-3-0,0,0,0,0,0,0,0,0
1784090722978,nx-q6-nexmark-auto-171129,Executor4,Stage1-3-0,0,0,0,0,0,0,0,0
1784090723978,nx-q6-nexmark-auto-171129,Executor4,Stage1-3-0,0,0,0,0,0,0,0,0
1784090724978,nx-q6-nexmark-auto-171129,Executor4,Stage1-3-0,0,0,0,0,0,0,0,0
1784090725978,nx-q6-nexmark-auto-171129,Executor4,Stage1-3-0,0,0,0,0,0,0,0,0
1784090726978,nx-q6-nexmark-auto-171129,Executor4,Stage1-3-0,0,0,0,0,0,0,0,0
1784090727978,nx-q6-nexmark-auto-171129,Executor4,Stage1-3-0,0,0,0,0,0,0,0,0
1784090728978,nx-q6-nexmark-auto-171129,Executor4,Stage1-3-0,0,0,0,0,0,0,0,0
1784090729978,nx-q6-nexmark-auto-171129,Executor4,Stage1-3-0,0,0,0,0,0,0,0,0
1784090730978,nx-q6-nexmark-auto-171129,Executor4,Stage1-3-0,0,0,0,0,0,0,0,0
1784090731978,nx-q6-nexmark-auto-171129,Executor4,Stage1-3-0,0,0,0,0,0,0,0,0
1784090732978,nx-q6-nexmark-auto-171129,Executor4,Stage1-3-0,0,0,0,0,0,0,0,0
1784090733978,nx-q6-nexmark-auto-171129,Executor4,Stage1-3-0,0,0,0,0,0,0,0,0
1784090734978,nx-q6-nexmark-auto-171129,Executor4,Stage1-3-0,0,0,0,0,0,0,0,0
1784090735978,nx-q6-nexmark-auto-171129,Executor4,Stage1-3-0,0,0,0,0,0,0,0,0
1784090736978,nx-q6-nexmark-auto-171129,Executor4,Stage1-3-0,0,0,0,0,0,0,0,0
1784090737978,nx-q6-nexmark-auto-171129,Executor4,Stage1-3-0,0,0,0,0,0,0,0,0
1784090738978,nx-q6-nexmark-auto-171129,Executor4,Stage1-3-0,0,0,0,0,0,0,0,0
1784090739978,nx-q6-nexmark-auto-171129,Executor4,Stage1-3-0,0,0,0,0,0,0,0,0
1784090740978,nx-q6-nexmark-auto-171129,Executor4,Stage1-3-0,0,0,0,0,0,0,0,0
1784090741978,nx-q6-nexmark-auto-171129,Executor4,Stage1-3-0,0,0,0,0,0,0,0,0
1784090742978,nx-q6-nexmark-auto-171129,Executor4,Stage1-3-0,0,0,0,0,0,0,0,0
1784090743978,nx-q6-nexmark-auto-171129,Executor4,Stage1-3-0,0,0,0,0,0,0,0,0
1784090744978,nx-q6-nexmark-auto-171129,Executor4,Stage1-3-0,0,0,0,0,0,0,0,0
1784090745978,nx-q6-nexmark-auto-171129,Executor4,Stage1-3-0,0,0,0,0,0,0,0,0
1784090746978,nx-q6-nexmark-auto-171129,Executor4,Stage1-3-0,0,0,0,0,0,0,0,0
1784090747978,nx-q6-nexmark-auto-171129,Executor4,Stage1-3-0,0,0,0,0,0,0,0,0
1784090748978,nx-q6-nexmark-auto-171129,Executor4,Stage1-3-0,0,0,0,0,0,0,0,0
1784090749978,nx-q6-nexmark-auto-171129,Executor4,Stage1-3-0,0,0,0,0,0,0,0,0
1784090750978,nx-q6-nexmark-auto-171129,Executor4,Stage1-3-0,0,0,0,0,0,0,0,0
1784090751978,nx-q6-nexmark-auto-171129,Executor4,Stage1-3-0,0,0,0,0,0,0,0,0
1784090752978,nx-q6-nexmark-auto-171129,Executor4,Stage1-3-0,0,0,0,0,0,0,0,0
1784090753978,nx-q6-nexmark-auto-171129,Executor4,Stage1-3-0,0,0,0,0,0,0,0,0
1784090754978,nx-q6-nexmark-auto-171129,Executor4,Stage1-3-0,0,0,0,0,0,0,0,0
1784090755978,nx-q6-nexmark-auto-171129,Executor4,Stage1-3-0,0,0,0,0,0,0,0,0
1784090756978,nx-q6-nexmark-auto-171129,Executor4,Stage1-3-0,0,0,0,0,0,0,0,0
1784090757978,nx-q6-nexmark-auto-171129,Executor4,Stage1-3-0,0,0,0,0,0,0,0,0
1784090758978,nx-q6-nexmark-auto-171129,Executor4,Stage1-3-0,0,0,0,0,0,0,0,0
1784090759978,nx-q6-nexmark-auto-171129,Executor4,Stage1-3-0,0,0,0,0,0,0,0,0
1784090760978,nx-q6-nexmark-auto-171129,Executor4,Stage1-3-0,0,0,0,0,0,0,0,0
1784090761978,nx-q6-nexmark-auto-171129,Executor4,Stage1-3-0,0,0,0,0,0,0,0,0
1784090762978,nx-q6-nexmark-auto-171129,Executor4,Stage1-3-0,0,0,0,0,0,0,0,0
1784090763978,nx-q6-nexmark-auto-171129,Executor4,Stage1-3-0,0,0,0,0,0,0,0,0
1784090764978,nx-q6-nexmark-auto-171129,Executor4,Stage1-3-0,0,0,0,0,0,0,0,0
1784090765978,nx-q6-nexmark-auto-171129,Executor4,Stage1-3-0,0,0,0,0,0,0,0,0
1784090766978,nx-q6-nexmark-auto-171129,Executor4,Stage1-3-0,0,0,0,0,0,0,0,0
1784090767978,nx-q6-nexmark-auto-171129,Executor4,Stage1-3-0,0,0,0,0,0,0,0,0
1784090768978,nx-q6-nexmark-auto-171129,Executor4,Stage1-3-0,0,0,0,0,0,0,0,0
1784090769978,nx-q6-nexmark-auto-171129,Executor4,Stage1-3-0,0,0,0,0,0,0,0,0
1784090770978,nx-q6-nexmark-auto-171129,Executor4,Stage1-3-0,0,0,0,0,0,0,0,0
1784090771978,nx-q6-nexmark-auto-171129,Executor4,Stage1-3-0,0,0,0,0,0,0,0,0
1784090772978,nx-q6-nexmark-auto-171129,Executor4,Stage1-3-0,0,0,0,0,0,0,0,0
1784090773978,nx-q6-nexmark-auto-171129,Executor4,Stage1-3-0,0,0,0,0,0,0,0,0
1784090774978,nx-q6-nexmark-auto-171129,Executor4,Stage1-3-0,0,0,0,0,0,0,0,0
1784090775978,nx-q6-nexmark-auto-171129,Executor4,Stage1-3-0,0,0,0,0,0,0,0,0
1784090776978,nx-q6-nexmark-auto-171129,Executor4,Stage1-3-0,0,0,0,0,0,0,0,0
1784090777978,nx-q6-nexmark-auto-171129,Executor4,Stage1-3-0,0,0,0,0,0,0,0,0
1784090778978,nx-q6-nexmark-auto-171129,Executor4,Stage1-3-0,0,0,0,0,0,0,0,0
1784090779978,nx-q6-nexmark-auto-171129,Executor4,Stage1-3-0,0,0,0,0,0,0,0,0
1784090780978,nx-q6-nexmark-auto-171129,Executor4,Stage1-3-0,0,0,0,0,0,0,0,0
1784090781978,nx-q6-nexmark-auto-171129,Executor4,Stage1-3-0,0,0,0,0,0,0,0,0
1784090782978,nx-q6-nexmark-auto-171129,Executor4,Stage1-3-0,0,0,0,0,0,0,0,0
1784090783978,nx-q6-nexmark-auto-171129,Executor4,Stage1-3-0,0,0,0,0,0,0,0,0
1784090784978,nx-q6-nexmark-auto-171129,Executor4,Stage1-3-0,0,0,0,0,0,0,0,0
1784090785978,nx-q6-nexmark-auto-171129,Executor4,Stage1-3-0,0,0,0,0,0,0,0,0
1784090786978,nx-q6-nexmark-auto-171129,Executor4,Stage1-3-0,0,0,0,0,0,0,0,0
1784090787978,nx-q6-nexmark-auto-171129,Executor4,Stage1-3-0,0,0,0,0,0,0,0,0
1784090788978,nx-q6-nexmark-auto-171129,Executor4,Stage1-3-0,0,0,0,0,0,0,0,0
1784090789978,nx-q6-nexmark-auto-171129,Executor4,Stage1-3-0,0,0,0,0,0,0,0,0
1784090790978,nx-q6-nexmark-auto-171129,Executor4,Stage1-3-0,0,0,0,0,0,0,0,0
1784090791978,nx-q6-nexmark-auto-171129,Executor4,Stage1-3-0,0,0,0,0,0,0,0,0
1784090792978,nx-q6-nexmark-auto-171129,Executor4,Stage1-3-0,0,0,0,0,0,0,0,0
1784090793978,nx-q6-nexmark-auto-171129,Executor4,Stage1-3-0,0,0,0,0,0,0,0,0
1784090794978,nx-q6-nexmark-auto-171129,Executor4,Stage1-3-0,0,0,0,0,0,0,0,0
1784090795978,nx-q6-nexmark-auto-171129,Executor4,Stage1-3-0,0,0,0,0,0,0,0,0
1784090796978,nx-q6-nexmark-auto-171129,Executor4,Stage1-3-0,0,0,0,0,0,0,0,0
1784090797978,nx-q6-nexmark-auto-171129,Executor4,Stage1-3-0,0,0,0,0,0,0,0,0
1784090798978,nx-q6-nexmark-auto-171129,Executor4,Stage1-3-0,0,0,0,0,0,0,0,0
1784090799978,nx-q6-nexmark-auto-171129,Executor4,Stage1-3-0,0,0,0,0,0,0,0,0
1784090800978,nx-q6-nexmark-auto-171129,Executor4,Stage1-3-0,0,0,0,0,0,0,0,0
1784090801978,nx-q6-nexmark-auto-171129,Executor4,Stage1-3-0,0,0,0,0,0,0,0,0
1784090802978,nx-q6-nexmark-auto-171129,Executor4,Stage1-3-0,0,0,0,0,0,0,0,0
1784090803978,nx-q6-nexmark-auto-171129,Executor4,Stage1-3-0,0,0,0,0,0,0,0,0
1784090804978,nx-q6-nexmark-auto-171129,Executor4,Stage1-3-0,0,0,0,0,0,0,0,0
1784090805978,nx-q6-nexmark-auto-171129,Executor4,Stage1-3-0,0,0,0,0,0,0,0,0
1784090806978,nx-q6-nexmark-auto-171129,Executor4,Stage1-3-0,0,0,0,0,0,0,0,0
1784090807978,nx-q6-nexmark-auto-171129,Executor4,Stage1-3-0,0,0,0,0,0,0,0,0
1784090808978,nx-q6-nexmark-auto-171129,Executor4,Stage1-3-0,0,0,0,0,0,0,0,0
1784090809978,nx-q6-nexmark-auto-171129,Executor4,Stage1-3-0,0,0,0,0,0,0,0,0
1784090810978,nx-q6-nexmark-auto-171129,Executor4,Stage1-3-0,0,0,0,0,0,0,0,0
1784090811978,nx-q6-nexmark-auto-171129,Executor4,Stage1-3-0,0,0,0,0,0,0,0,0
1784090812978,nx-q6-nexmark-auto-171129,Executor4,Stage1-3-0,0,0,0,0,0,0,0,0
1784090813978,nx-q6-nexmark-auto-171129,Executor4,Stage1-3-0,0,0,0,0,0,0,0,0
1784090814978,nx-q6-nexmark-auto-171129,Executor4,Stage1-3-0,0,0,0,0,0,0,0,0
1784090815978,nx-q6-nexmark-auto-171129,Executor4,Stage1-3-0,0,0,0,0,0,0,0,0
1784090816978,nx-q6-nexmark-auto-171129,Executor4,Stage1-3-0,0,0,0,0,0,0,0,0
1784090817978,nx-q6-nexmark-auto-171129,Executor4,Stage1-3-0,0,0,0,0,0,0,0,0
1784090818978,nx-q6-nexmark-auto-171129,Executor4,Stage1-3-0,0,0,0,0,0,0,0,0
1784090819978,nx-q6-nexmark-auto-171129,Executor4,Stage1-3-0,0,0,0,0,0,0,0,0
1784090820978,nx-q6-nexmark-auto-171129,Executor4,Stage1-3-0,0,0,0,0,0,0,0,0
1784090821978,nx-q6-nexmark-auto-171129,Executor4,Stage1-3-0,0,0,0,0,0,0,0,0
1784090822978,nx-q6-nexmark-auto-171129,Executor4,Stage1-3-0,0,0,0,0,0,0,0,0
1784090823978,nx-q6-nexmark-auto-171129,Executor4,Stage1-3-0,0,0,0,0,0,0,0,0
1784090824978,nx-q6-nexmark-auto-171129,Executor4,Stage1-3-0,0,0,0,0,0,0,0,0
1784090825978,nx-q6-nexmark-auto-171129,Executor4,Stage1-3-0,0,0,0,0,0,0,0,0
1784090826978,nx-q6-nexmark-auto-171129,Executor4,Stage1-3-0,0,0,0,0,0,0,0,0
1784090827978,nx-q6-nexmark-auto-171129,Executor4,Stage1-3-0,0,0,0,0,0,0,0,0
1784090828978,nx-q6-nexmark-auto-171129,Executor4,Stage1-3-0,0,0,0,0,0,0,0,0
1784090829978,nx-q6-nexmark-auto-171129,Executor4,Stage1-3-0,0,0,0,0,0,0,0,0
1784090830978,nx-q6-nexmark-auto-171129,Executor4,Stage1-3-0,0,0,0,0,0,0,0,0
1784090831978,nx-q6-nexmark-auto-171129,Executor4,Stage1-3-0,0,0,0,0,0,0,0,0
1784090832978,nx-q6-nexmark-auto-171129,Executor4,Stage1-3-0,0,0,0,0,0,0,0,0
1784090833978,nx-q6-nexmark-auto-171129,Executor4,Stage1-3-0,0,0,0,0,0,0,0,0
1784090834978,nx-q6-nexmark-auto-171129,Executor4,Stage1-3-0,0,0,0,0,0,0,0,0
1784090835978,nx-q6-nexmark-auto-171129,Executor4,Stage1-3-0,0,0,0,0,0,0,0,0
1784090836978,nx-q6-nexmark-auto-171129,Executor4,Stage1-3-0,0,0,0,0,0,0,0,0
1784090837978,nx-q6-nexmark-auto-171129,Executor4,Stage1-3-0,0,0,0,0,0,0,0,0
1784090838978,nx-q6-nexmark-auto-171129,Executor4,Stage1-3-0,0,0,0,0,0,0,0,0
1784090839978,nx-q6-nexmark-auto-171129,Executor4,Stage1-3-0,0,0,0,0,0,0,0,0
1784090840978,nx-q6-nexmark-auto-171129,Executor4,Stage1-3-0,0,0,0,0,0,0,0,0
1784090841978,nx-q6-nexmark-auto-171129,Executor4,Stage1-3-0,0,0,0,0,0,0,0,0
1784090842978,nx-q6-nexmark-auto-171129,Executor4,Stage1-3-0,0,0,0,0,0,0,0,0
1784090843978,nx-q6-nexmark-auto-171129,Executor4,Stage1-3-0,0,0,0,0,0,0,0,0
1784090844978,nx-q6-nexmark-auto-171129,Executor4,Stage1-3-0,0,0,0,0,0,0,0,0
1784090845978,nx-q6-nexmark-auto-171129,Executor4,Stage1-3-0,0,0,0,0,0,0,0,0
1784090846978,nx-q6-nexmark-auto-171129,Executor4,Stage1-3-0,0,0,0,0,0,0,0,0
1784090847978,nx-q6-nexmark-auto-171129,Executor4,Stage1-3-0,0,0,0,0,0,0,0,0
1784090848978,nx-q6-nexmark-auto-171129,Executor4,Stage1-3-0,0,0,0,0,0,0,0,0
1784090849978,nx-q6-nexmark-auto-171129,Executor4,Stage1-3-0,0,0,0,0,0,0,0,0
1784090850978,nx-q6-nexmark-auto-171129,Executor4,Stage1-3-0,0,0,0,0,0,0,0,0
1784090851978,nx-q6-nexmark-auto-171129,Executor4,Stage1-3-0,0,0,0,0,0,0,0,0
1784090852978,nx-q6-nexmark-auto-171129,Executor4,Stage1-3-0,0,0,0,0,0,0,0,0
1784090853978,nx-q6-nexmark-auto-171129,Executor4,Stage1-3-0,0,0,0,0,0,0,0,0
1784090854978,nx-q6-nexmark-auto-171129,Executor4,Stage1-3-0,0,0,0,0,0,0,0,0
1784090855978,nx-q6-nexmark-auto-171129,Executor4,Stage1-3-0,0,0,0,0,0,0,0,0
1784090856978,nx-q6-nexmark-auto-171129,Executor4,Stage1-3-0,0,0,0,0,0,0,0,0
1784090857978,nx-q6-nexmark-auto-171129,Executor4,Stage1-3-0,0,0,0,0,0,0,0,0
1784090858978,nx-q6-nexmark-auto-171129,Executor4,Stage1-3-0,0,0,0,0,0,0,0,0
1784090859978,nx-q6-nexmark-auto-171129,Executor4,Stage1-3-0,0,0,0,0,0,0,0,0
1784090860978,nx-q6-nexmark-auto-171129,Executor4,Stage1-3-0,0,0,0,0,0,0,0,0
1784090861978,nx-q6-nexmark-auto-171129,Executor4,Stage1-3-0,0,0,0,0,0,0,0,0
1784090862978,nx-q6-nexmark-auto-171129,Executor4,Stage1-3-0,0,0,0,0,0,0,0,0
1784090863978,nx-q6-nexmark-auto-171129,Executor4,Stage1-3-0,0,0,0,0,0,0,0,0
1784090864978,nx-q6-nexmark-auto-171129,Executor4,Stage1-3-0,0,0,0,0,0,0,0,0
1784090865978,nx-q6-nexmark-auto-171129,Executor4,Stage1-3-0,0,0,0,0,0,0,0,0
1784090866978,nx-q6-nexmark-auto-171129,Executor4,Stage1-3-0,0,0,0,0,0,0,0,0
1784090867978,nx-q6-nexmark-auto-171129,Executor4,Stage1-3-0,0,0,0,0,0,0,0,0
1784090868978,nx-q6-nexmark-auto-171129,Executor4,Stage1-3-0,0,0,0,0,0,0,0,0
1784090869978,nx-q6-nexmark-auto-171129,Executor4,Stage1-3-0,0,0,0,0,0,0,0,0
1784090870978,nx-q6-nexmark-auto-171129,Executor4,Stage1-3-0,0,0,0,0,0,0,0,0
1784090871978,nx-q6-nexmark-auto-171129,Executor4,Stage1-3-0,0,0,0,0,0,0,0,0
1784090872978,nx-q6-nexmark-auto-171129,Executor4,Stage1-3-0,0,0,0,0,0,0,0,0
1784090873978,nx-q6-nexmark-auto-171129,Executor4,Stage1-3-0,0,0,0,0,0,0,0,0
1784090874978,nx-q6-nexmark-auto-171129,Executor4,Stage1-3-0,0,0,0,0,0,0,0,0
1784090875978,nx-q6-nexmark-auto-171129,Executor4,Stage1-3-0,0,0,0,0,0,0,0,0
1784090876978,nx-q6-nexmark-auto-171129,Executor4,Stage1-3-0,0,0,0,0,0,0,0,0
1784090877978,nx-q6-nexmark-auto-171129,Executor4,Stage1-3-0,0,0,0,0,0,0,0,0
1784090878978,nx-q6-nexmark-auto-171129,Executor4,Stage1-3-0,0,0,0,0,0,0,0,0
1784090879978,nx-q6-nexmark-auto-171129,Executor4,Stage1-3-0,0,0,0,0,0,0,0,0
1784090880978,nx-q6-nexmark-auto-171129,Executor4,Stage1-3-0,0,0,0,0,0,0,0,0
1784090881978,nx-q6-nexmark-auto-171129,Executor4,Stage1-3-0,0,0,0,0,0,0,0,0
1784090882978,nx-q6-nexmark-auto-171129,Executor4,Stage1-3-0,0,0,0,0,0,0,0,0
1784090883978,nx-q6-nexmark-auto-171129,Executor4,Stage1-3-0,0,0,0,0,0,0,0,0
1784090884978,nx-q6-nexmark-auto-171129,Executor4,Stage1-3-0,0,0,0,0,0,0,0,0
1784090885978,nx-q6-nexmark-auto-171129,Executor4,Stage1-3-0,0,0,0,0,0,0,0,0
1784090886978,nx-q6-nexmark-auto-171129,Executor4,Stage1-3-0,0,0,0,0,0,0,0,0
1784090887978,nx-q6-nexmark-auto-171129,Executor4,Stage1-3-0,0,0,0,0,0,0,0,0
1784090888978,nx-q6-nexmark-auto-171129,Executor4,Stage1-3-0,0,0,0,0,0,0,0,0
1784090889978,nx-q6-nexmark-auto-171129,Executor4,Stage1-3-0,0,0,0,0,0,0,0,0
1784090890978,nx-q6-nexmark-auto-171129,Executor4,Stage1-3-0,0,0,0,0,0,0,0,0
1784090891978,nx-q6-nexmark-auto-171129,Executor4,Stage1-3-0,0,0,0,0,0,0,0,0
1784090892978,nx-q6-nexmark-auto-171129,Executor4,Stage1-3-0,0,0,0,0,0,0,0,0
1784090893978,nx-q6-nexmark-auto-171129,Executor4,Stage1-3-0,0,0,0,0,0,0,0,0
1784090894978,nx-q6-nexmark-auto-171129,Executor4,Stage1-3-0,0,0,0,0,0,0,0,0
1784090895978,nx-q6-nexmark-auto-171129,Executor4,Stage1-3-0,0,0,0,0,0,0,0,0
1784090896978,nx-q6-nexmark-auto-171129,Executor4,Stage1-3-0,0,0,0,0,0,0,0,0
1784090897978,nx-q6-nexmark-auto-171129,Executor4,Stage1-3-0,0,0,0,0,0,0,0,0
1784090898978,nx-q6-nexmark-auto-171129,Executor4,Stage1-3-0,0,0,0,0,0,0,0,0
1784090899978,nx-q6-nexmark-auto-171129,Executor4,Stage1-3-0,0,0,0,0,0,0,0,0
1784090900978,nx-q6-nexmark-auto-171129,Executor4,Stage1-3-0,0,0,0,0,0,0,0,0
1784090901978,nx-q6-nexmark-auto-171129,Executor4,Stage1-3-0,0,0,0,0,0,0,0,0
1784090902978,nx-q6-nexmark-auto-171129,Executor4,Stage1-3-0,0,0,0,0,0,0,0,0
1784090903978,nx-q6-nexmark-auto-171129,Executor4,Stage1-3-0,0,0,0,0,0,0,0,0
1784090904978,nx-q6-nexmark-auto-171129,Executor4,Stage1-3-0,0,0,0,0,0,0,0,0
1784090905978,nx-q6-nexmark-auto-171129,Executor4,Stage1-3-0,0,0,0,0,0,0,0,0
1784090906978,nx-q6-nexmark-auto-171129,Executor4,Stage1-3-0,0,0,0,0,0,0,0,0
1784090907978,nx-q6-nexmark-auto-171129,Executor4,Stage1-3-0,0,0,0,0,0,0,0,0
1784090908978,nx-q6-nexmark-auto-171129,Executor4,Stage1-3-0,0,0,0,0,0,0,0,0
1784090909978,nx-q6-nexmark-auto-171129,Executor4,Stage1-3-0,0,0,0,0,0,0,0,0
1784090910978,nx-q6-nexmark-auto-171129,Executor4,Stage1-3-0,0,0,0,0,0,0,0,0
1784090911978,nx-q6-nexmark-auto-171129,Executor4,Stage1-3-0,0,0,0,0,0,0,0,0
1784090912978,nx-q6-nexmark-auto-171129,Executor4,Stage1-3-0,0,0,0,0,0,0,0,0
1784090913978,nx-q6-nexmark-auto-171129,Executor4,Stage1-3-0,0,0,0,0,0,0,0,0
1784090914978,nx-q6-nexmark-auto-171129,Executor4,Stage1-3-0,0,0,0,0,0,0,0,0
1784090915978,nx-q6-nexmark-auto-171129,Executor4,Stage1-3-0,0,0,0,0,0,0,0,0
1784090916978,nx-q6-nexmark-auto-171129,Executor4,Stage1-3-0,0,0,0,0,0,0,0,0
1784090917978,nx-q6-nexmark-auto-171129,Executor4,Stage1-3-0,0,0,0,0,0,0,0,0
1784090918978,nx-q6-nexmark-auto-171129,Executor4,Stage1-3-0,0,0,0,0,0,0,0,0
1784090919978,nx-q6-nexmark-auto-171129,Executor4,Stage1-3-0,0,0,0,0,0,0,0,0
1784090920978,nx-q6-nexmark-auto-171129,Executor4,Stage1-3-0,0,0,0,0,0,0,0,0
1784090921978,nx-q6-nexmark-auto-171129,Executor4,Stage1-3-0,0,0,0,0,0,0,0,0
1784090922978,nx-q6-nexmark-auto-171129,Executor4,Stage1-3-0,0,0,0,0,0,0,0,0
1784090923978,nx-q6-nexmark-auto-171129,Executor4,Stage1-3-0,0,0,0,0,0,0,0,0
1784090924978,nx-q6-nexmark-auto-171129,Executor4,Stage1-3-0,0,0,0,0,0,0,0,0
1784090925978,nx-q6-nexmark-auto-171129,Executor4,Stage1-3-0,0,0,0,0,0,0,0,0
1784090926978,nx-q6-nexmark-auto-171129,Executor4,Stage1-3-0,0,0,0,0,0,0,0,0
1784090927978,nx-q6-nexmark-auto-171129,Executor4,Stage1-3-0,0,0,0,0,0,0,0,0
1784090928978,nx-q6-nexmark-auto-171129,Executor4,Stage1-3-0,0,0,0,0,0,0,0,0
1784090929978,nx-q6-nexmark-auto-171129,Executor4,Stage1-3-0,0,0,0,0,0,0,0,0
1784090930978,nx-q6-nexmark-auto-171129,Executor4,Stage1-3-0,0,0,0,0,0,0,0,0
1784090931978,nx-q6-nexmark-auto-171129,Executor4,Stage1-3-0,0,0,0,0,0,0,0,0
1784090932978,nx-q6-nexmark-auto-171129,Executor4,Stage1-3-0,0,0,0,0,0,0,0,0
1784090933978,nx-q6-nexmark-auto-171129,Executor4,Stage1-3-0,0,0,0,0,0,0,0,0
1784090934978,nx-q6-nexmark-auto-171129,Executor4,Stage1-3-0,0,0,0,0,0,0,0,0
1784090935978,nx-q6-nexmark-auto-171129,Executor4,Stage1-3-0,0,0,0,0,0,0,0,0
1784090936978,nx-q6-nexmark-auto-171129,Executor4,Stage1-3-0,0,0,0,0,0,0,0,0
1784090937978,nx-q6-nexmark-auto-171129,Executor4,Stage1-3-0,0,0,0,0,0,0,0,0
1784090938978,nx-q6-nexmark-auto-171129,Executor4,Stage1-3-0,0,0,0,0,0,0,0,0
1784090939978,nx-q6-nexmark-auto-171129,Executor4,Stage1-3-0,0,0,0,0,0,0,0,0
1784090940978,nx-q6-nexmark-auto-171129,Executor4,Stage1-3-0,0,0,0,0,0,0,0,0
1784090941978,nx-q6-nexmark-auto-171129,Executor4,Stage1-3-0,0,0,0,0,0,0,0,0
1784090942978,nx-q6-nexmark-auto-171129,Executor4,Stage1-3-0,0,0,0,0,0,0,0,0
1784090943978,nx-q6-nexmark-auto-171129,Executor4,Stage1-3-0,0,0,0,0,0,0,0,0
1784090944978,nx-q6-nexmark-auto-171129,Executor4,Stage1-3-0,0,0,0,0,0,0,0,0
1784090945978,nx-q6-nexmark-auto-171129,Executor4,Stage1-3-0,0,0,0,0,0,0,0,0
1784090946978,nx-q6-nexmark-auto-171129,Executor4,Stage1-3-0,0,0,0,0,0,0,0,0
1784090947978,nx-q6-nexmark-auto-171129,Executor4,Stage1-3-0,0,0,0,0,0,0,0,0
1784090948978,nx-q6-nexmark-auto-171129,Executor4,Stage1-3-0,0,0,0,0,0,0,0,0
1784090949978,nx-q6-nexmark-auto-171129,Executor4,Stage1-3-0,0,0,0,0,0,0,0,0
1784090950978,nx-q6-nexmark-auto-171129,Executor4,Stage1-3-0,0,0,0,0,0,0,0,0
1784090951978,nx-q6-nexmark-auto-171129,Executor4,Stage1-3-0,0,0,0,0,0,0,0,0
1784090952978,nx-q6-nexmark-auto-171129,Executor4,Stage1-3-0,0,0,0,0,0,0,0,0
1784090953978,nx-q6-nexmark-auto-171129,Executor4,Stage1-3-0,0,0,0,0,0,0,0,0
1784090954978,nx-q6-nexmark-auto-171129,Executor4,Stage1-3-0,0,0,0,0,0,0,0,0
1784090955978,nx-q6-nexmark-auto-171129,Executor4,Stage1-3-0,0,0,0,0,0,0,0,0
1784090956978,nx-q6-nexmark-auto-171129,Executor4,Stage1-3-0,0,0,0,0,0,0,0,0
1784090957978,nx-q6-nexmark-auto-171129,Executor4,Stage1-3-0,0,0,0,0,0,0,0,0
1784090958978,nx-q6-nexmark-auto-171129,Executor4,Stage1-3-0,0,0,0,0,0,0,0,0
1784090959978,nx-q6-nexmark-auto-171129,Executor4,Stage1-3-0,0,0,0,0,0,0,0,0
1784090960978,nx-q6-nexmark-auto-171129,Executor4,Stage1-3-0,0,0,0,0,0,0,0,0
1784090961978,nx-q6-nexmark-auto-171129,Executor4,Stage1-3-0,0,0,0,0,0,0,0,0
1784090962978,nx-q6-nexmark-auto-171129,Executor4,Stage1-3-0,0,0,0,0,0,0,0,0
1784090963978,nx-q6-nexmark-auto-171129,Executor4,Stage1-3-0,0,0,0,0,0,0,0,0
1784090964978,nx-q6-nexmark-auto-171129,Executor4,Stage1-3-0,0,0,0,0,0,0,0,0
1784090965978,nx-q6-nexmark-auto-171129,Executor4,Stage1-3-0,0,0,0,0,0,0,0,0
1784090966978,nx-q6-nexmark-auto-171129,Executor4,Stage1-3-0,0,0,0,0,0,0,0,0
1784090967978,nx-q6-nexmark-auto-171129,Executor4,Stage1-3-0,0,0,0,0,0,0,0,0
1784090968978,nx-q6-nexmark-auto-171129,Executor4,Stage1-3-0,0,0,0,0,0,0,0,0
1784090969978,nx-q6-nexmark-auto-171129,Executor4,Stage1-3-0,0,0,0,0,0,0,0,0
1784090970978,nx-q6-nexmark-auto-171129,Executor4,Stage1-3-0,0,0,0,0,0,0,0,0
1784090971978,nx-q6-nexmark-auto-171129,Executor4,Stage1-3-0,0,0,0,0,0,0,0,0
1784090972978,nx-q6-nexmark-auto-171129,Executor4,Stage1-3-0,0,0,0,0,0,0,0,0
1784090973978,nx-q6-nexmark-auto-171129,Executor4,Stage1-3-0,0,0,0,0,0,0,0,0
1784090974978,nx-q6-nexmark-auto-171129,Executor4,Stage1-3-0,0,0,0,0,0,0,0,0
1784090975978,nx-q6-nexmark-auto-171129,Executor4,Stage1-3-0,0,0,0,0,0,0,0,0
1784090976979,nx-q6-nexmark-auto-171129,Executor4,Stage1-3-0,0,0,0,0,0,0,0,0
1784090977978,nx-q6-nexmark-auto-171129,Executor4,Stage1-3-0,0,0,0,0,0,0,0,0
1784090978978,nx-q6-nexmark-auto-171129,Executor4,Stage1-3-0,0,0,0,0,0,0,0,0
1784090979978,nx-q6-nexmark-auto-171129,Executor4,Stage1-3-0,0,0,0,0,0,0,0,0
1784090980978,nx-q6-nexmark-auto-171129,Executor4,Stage1-3-0,0,0,0,0,0,0,0,0
1784090981978,nx-q6-nexmark-auto-171129,Executor4,Stage1-3-0,0,0,0,0,0,0,0,0
1784090982978,nx-q6-nexmark-auto-171129,Executor4,Stage1-3-0,0,0,0,0,0,0,0,0
1784090983978,nx-q6-nexmark-auto-171129,Executor4,Stage1-3-0,0,0,0,0,0,0,0,0
1784090984978,nx-q6-nexmark-auto-171129,Executor4,Stage1-3-0,0,0,0,0,0,0,0,0
1784090985978,nx-q6-nexmark-auto-171129,Executor4,Stage1-3-0,0,0,0,0,0,0,0,0
1784090986978,nx-q6-nexmark-auto-171129,Executor4,Stage1-3-0,0,0,0,0,0,0,0,0
1784090987978,nx-q6-nexmark-auto-171129,Executor4,Stage1-3-0,0,0,0,0,0,0,0,0
1784090988978,nx-q6-nexmark-auto-171129,Executor4,Stage1-3-0,0,0,0,0,0,0,0,0
1784090989978,nx-q6-nexmark-auto-171129,Executor4,Stage1-3-0,0,0,0,0,0,0,0,0
1784090990978,nx-q6-nexmark-auto-171129,Executor4,Stage1-3-0,0,0,0,0,0,0,0,0
1784090991978,nx-q6-nexmark-auto-171129,Executor4,Stage1-3-0,0,0,0,0,0,0,0,0
1784090992978,nx-q6-nexmark-auto-171129,Executor4,Stage1-3-0,0,0,0,0,0,0,0,0
1784090993978,nx-q6-nexmark-auto-171129,Executor4,Stage1-3-0,0,0,0,0,0,0,0,0
1784090994978,nx-q6-nexmark-auto-171129,Executor4,Stage1-3-0,0,0,0,0,0,0,0,0
1784090995978,nx-q6-nexmark-auto-171129,Executor4,Stage1-3-0,0,0,0,0,0,0,0,0
1784090996978,nx-q6-nexmark-auto-171129,Executor4,Stage1-3-0,0,0,0,0,0,0,0,0
1784090997978,nx-q6-nexmark-auto-171129,Executor4,Stage1-3-0,0,0,0,0,0,0,0,0
1784090998978,nx-q6-nexmark-auto-171129,Executor4,Stage1-3-0,0,0,0,0,0,0,0,0
1784090999978,nx-q6-nexmark-auto-171129,Executor4,Stage1-3-0,0,0,0,0,0,0,0,0
1784091000978,nx-q6-nexmark-auto-171129,Executor4,Stage1-3-0,0,0,0,0,0,0,0,0
1784091001978,nx-q6-nexmark-auto-171129,Executor4,Stage1-3-0,0,0,0,0,0,0,0,0
1784091002978,nx-q6-nexmark-auto-171129,Executor4,Stage1-3-0,0,0,0,0,0,0,0,0
1784091003978,nx-q6-nexmark-auto-171129,Executor4,Stage1-3-0,0,0,0,0,0,0,0,0
1784091004978,nx-q6-nexmark-auto-171129,Executor4,Stage1-3-0,0,0,0,0,0,0,0,0
1784091005978,nx-q6-nexmark-auto-171129,Executor4,Stage1-3-0,0,0,0,0,0,0,0,0
1784091006978,nx-q6-nexmark-auto-171129,Executor4,Stage1-3-0,0,0,0,0,0,0,0,0
1784091007978,nx-q6-nexmark-auto-171129,Executor4,Stage1-3-0,0,0,0,0,0,0,0,0
1784091008978,nx-q6-nexmark-auto-171129,Executor4,Stage1-3-0,0,0,0,0,0,0,0,0
1784091009978,nx-q6-nexmark-auto-171129,Executor4,Stage1-3-0,0,0,0,0,0,0,0,0
1784091010978,nx-q6-nexmark-auto-171129,Executor4,Stage1-3-0,0,0,0,0,0,0,0,0
1784091011978,nx-q6-nexmark-auto-171129,Executor4,Stage1-3-0,0,0,0,0,0,0,0,0
1784091012978,nx-q6-nexmark-auto-171129,Executor4,Stage1-3-0,0,0,0,0,0,0,0,0
1784091013978,nx-q6-nexmark-auto-171129,Executor4,Stage1-3-0,0,0,0,0,0,0,0,0
1784091014978,nx-q6-nexmark-auto-171129,Executor4,Stage1-3-0,0,0,0,0,0,0,0,0
1784091015978,nx-q6-nexmark-auto-171129,Executor4,Stage1-3-0,0,0,0,0,0,0,0,0
1784091016978,nx-q6-nexmark-auto-171129,Executor4,Stage1-3-0,0,0,0,0,0,0,0,0
1784091017978,nx-q6-nexmark-auto-171129,Executor4,Stage1-3-0,0,0,0,0,0,0,0,0
1784091018978,nx-q6-nexmark-auto-171129,Executor4,Stage1-3-0,0,0,0,0,0,0,0,0
1784091019978,nx-q6-nexmark-auto-171129,Executor4,Stage1-3-0,0,0,0,0,0,0,0,0
1784091020978,nx-q6-nexmark-auto-171129,Executor4,Stage1-3-0,0,0,0,0,0,0,0,0
1784091021978,nx-q6-nexmark-auto-171129,Executor4,Stage1-3-0,0,0,0,0,0,0,0,0
1784091022978,nx-q6-nexmark-auto-171129,Executor4,Stage1-3-0,0,0,0,0,0,0,0,0
1784091023978,nx-q6-nexmark-auto-171129,Executor4,Stage1-3-0,0,0,0,0,0,0,0,0
1784091024978,nx-q6-nexmark-auto-171129,Executor4,Stage1-3-0,0,0,0,0,0,0,0,0
1784091025978,nx-q6-nexmark-auto-171129,Executor4,Stage1-3-0,0,0,0,0,0,0,0,0
1784091026978,nx-q6-nexmark-auto-171129,Executor4,Stage1-3-0,0,0,0,0,0,0,0,0
1784091027978,nx-q6-nexmark-auto-171129,Executor4,Stage1-3-0,0,0,0,0,0,0,0,0
1784091028978,nx-q6-nexmark-auto-171129,Executor4,Stage1-3-0,0,0,0,0,0,0,0,0
1784091029978,nx-q6-nexmark-auto-171129,Executor4,Stage1-3-0,0,0,0,0,0,0,0,0
1784091030978,nx-q6-nexmark-auto-171129,Executor4,Stage1-3-0,0,0,0,0,0,0,0,0
1784091031978,nx-q6-nexmark-auto-171129,Executor4,Stage1-3-0,0,0,0,0,0,0,0,0
1784091032978,nx-q6-nexmark-auto-171129,Executor4,Stage1-3-0,0,0,0,0,0,0,0,0
1784091033978,nx-q6-nexmark-auto-171129,Executor4,Stage1-3-0,0,0,0,0,0,0,0,0
1784091034978,nx-q6-nexmark-auto-171129,Executor4,Stage1-3-0,0,0,0,0,0,0,0,0
1784091035978,nx-q6-nexmark-auto-171129,Executor4,Stage1-3-0,0,0,0,0,0,0,0,0
1784091036978,nx-q6-nexmark-auto-171129,Executor4,Stage1-3-0,0,0,0,0,0,0,0,0
1784091037978,nx-q6-nexmark-auto-171129,Executor4,Stage1-3-0,0,0,0,0,0,0,0,0
1784091038978,nx-q6-nexmark-auto-171129,Executor4,Stage1-3-0,0,0,0,0,0,0,0,0
1784091039978,nx-q6-nexmark-auto-171129,Executor4,Stage1-3-0,0,0,0,0,0,0,0,0
1784091040978,nx-q6-nexmark-auto-171129,Executor4,Stage1-3-0,0,0,0,0,0,0,0,0
1784091041978,nx-q6-nexmark-auto-171129,Executor4,Stage1-3-0,0,0,0,0,0,0,0,0
1784091042978,nx-q6-nexmark-auto-171129,Executor4,Stage1-3-0,0,0,0,0,0,0,0,0
1784091043978,nx-q6-nexmark-auto-171129,Executor4,Stage1-3-0,0,0,0,0,0,0,0,0
1784091044978,nx-q6-nexmark-auto-171129,Executor4,Stage1-3-0,0,0,0,0,0,0,0,0
1784091045978,nx-q6-nexmark-auto-171129,Executor4,Stage1-3-0,0,0,0,0,0,0,0,0
1784091046978,nx-q6-nexmark-auto-171129,Executor4,Stage1-3-0,0,0,0,0,0,0,0,0
1784091047978,nx-q6-nexmark-auto-171129,Executor4,Stage1-3-0,0,0,0,0,0,0,0,0
1784091048978,nx-q6-nexmark-auto-171129,Executor4,Stage1-3-0,0,0,0,0,0,0,0,0
1784091049978,nx-q6-nexmark-auto-171129,Executor4,Stage1-3-0,0,0,0,0,0,0,0,0
1784091050978,nx-q6-nexmark-auto-171129,Executor4,Stage1-3-0,0,0,0,0,0,0,0,0
1784091051978,nx-q6-nexmark-auto-171129,Executor4,Stage1-3-0,0,0,0,0,0,0,0,0
1784091052978,nx-q6-nexmark-auto-171129,Executor4,Stage1-3-0,0,0,0,0,0,0,0,0
1784091053978,nx-q6-nexmark-auto-171129,Executor4,Stage1-3-0,0,0,0,0,0,0,0,0
1784091054978,nx-q6-nexmark-auto-171129,Executor4,Stage1-3-0,0,0,0,0,0,0,0,0
1784091055978,nx-q6-nexmark-auto-171129,Executor4,Stage1-3-0,0,0,0,0,0,0,0,0
1784091056978,nx-q6-nexmark-auto-171129,Executor4,Stage1-3-0,0,0,0,0,0,0,0,0
1784091057978,nx-q6-nexmark-auto-171129,Executor4,Stage1-3-0,0,0,0,0,0,0,0,0
1784091058978,nx-q6-nexmark-auto-171129,Executor4,Stage1-3-0,0,0,0,0,0,0,0,0
1784091059978,nx-q6-nexmark-auto-171129,Executor4,Stage1-3-0,0,0,0,0,0,0,0,0
1784091060978,nx-q6-nexmark-auto-171129,Executor4,Stage1-3-0,0,0,0,0,0,0,0,0
1784091061978,nx-q6-nexmark-auto-171129,Executor4,Stage1-3-0,0,0,0,0,0,0,0,0
1784091062978,nx-q6-nexmark-auto-171129,Executor4,Stage1-3-0,0,0,0,0,0,0,0,0
1784091063978,nx-q6-nexmark-auto-171129,Executor4,Stage1-3-0,0,0,0,0,0,0,0,0
1784091064978,nx-q6-nexmark-auto-171129,Executor4,Stage1-3-0,0,0,0,0,0,0,0,0
1784091065978,nx-q6-nexmark-auto-171129,Executor4,Stage1-3-0,0,0,0,0,0,0,0,0
1784091066978,nx-q6-nexmark-auto-171129,Executor4,Stage1-3-0,0,0,0,0,0,0,0,0
1784091067978,nx-q6-nexmark-auto-171129,Executor4,Stage1-3-0,0,0,0,0,0,0,0,0
1784091068978,nx-q6-nexmark-auto-171129,Executor4,Stage1-3-0,0,0,0,0,0,0,0,0
1784091069978,nx-q6-nexmark-auto-171129,Executor4,Stage1-3-0,0,0,0,0,0,0,0,0
1784091070978,nx-q6-nexmark-auto-171129,Executor4,Stage1-3-0,0,0,0,0,0,0,0,0
1784091071978,nx-q6-nexmark-auto-171129,Executor4,Stage1-3-0,0,0,0,0,0,0,0,0
1784091072978,nx-q6-nexmark-auto-171129,Executor4,Stage1-3-0,0,0,0,0,0,0,0,0
1784091073978,nx-q6-nexmark-auto-171129,Executor4,Stage1-3-0,0,0,0,0,0,0,0,0
1784091074978,nx-q6-nexmark-auto-171129,Executor4,Stage1-3-0,0,0,0,0,0,0,0,0
1784091075978,nx-q6-nexmark-auto-171129,Executor4,Stage1-3-0,0,0,0,0,0,0,0,0
1784091076978,nx-q6-nexmark-auto-171129,Executor4,Stage1-3-0,0,0,0,0,0,0,0,0
1784091077978,nx-q6-nexmark-auto-171129,Executor4,Stage1-3-0,0,0,0,0,0,0,0,0
1784091078978,nx-q6-nexmark-auto-171129,Executor4,Stage1-3-0,0,0,0,0,0,0,0,0
1784091079978,nx-q6-nexmark-auto-171129,Executor4,Stage1-3-0,0,0,0,0,0,0,0,0
1784091080978,nx-q6-nexmark-auto-171129,Executor4,Stage1-3-0,0,0,0,0,0,0,0,0
1784091081978,nx-q6-nexmark-auto-171129,Executor4,Stage1-3-0,0,0,0,0,0,0,0,0
1784091082978,nx-q6-nexmark-auto-171129,Executor4,Stage1-3-0,0,0,0,0,0,0,0,0
1784091083978,nx-q6-nexmark-auto-171129,Executor4,Stage1-3-0,0,0,0,0,0,0,0,0
1784091084978,nx-q6-nexmark-auto-171129,Executor4,Stage1-3-0,0,0,0,0,0,0,0,0
1784091085978,nx-q6-nexmark-auto-171129,Executor4,Stage1-3-0,0,0,0,0,0,0,0,0
1784091086978,nx-q6-nexmark-auto-171129,Executor4,Stage1-3-0,0,0,0,0,0,0,0,0
1784091087978,nx-q6-nexmark-auto-171129,Executor4,Stage1-3-0,0,0,0,0,0,0,0,0
1784091088978,nx-q6-nexmark-auto-171129,Executor4,Stage1-3-0,0,0,0,0,0,0,0,0
1784091089978,nx-q6-nexmark-auto-171129,Executor4,Stage1-3-0,0,0,0,0,0,0,0,0
1784091090978,nx-q6-nexmark-auto-171129,Executor4,Stage1-3-0,0,0,0,0,0,0,0,0
1784091091978,nx-q6-nexmark-auto-171129,Executor4,Stage1-3-0,0,0,0,0,0,0,0,0
1784091092978,nx-q6-nexmark-auto-171129,Executor4,Stage1-3-0,0,0,0,0,0,0,0,0
1784091093978,nx-q6-nexmark-auto-171129,Executor4,Stage1-3-0,0,0,0,0,0,0,0,0
1784091094978,nx-q6-nexmark-auto-171129,Executor4,Stage1-3-0,0,0,0,0,0,0,0,0
1784091095978,nx-q6-nexmark-auto-171129,Executor4,Stage1-3-0,0,0,0,0,0,0,0,0
1784091096978,nx-q6-nexmark-auto-171129,Executor4,Stage1-3-0,0,0,0,0,0,0,0,0
1784091097978,nx-q6-nexmark-auto-171129,Executor4,Stage1-3-0,0,0,0,0,0,0,0,0
1784091098978,nx-q6-nexmark-auto-171129,Executor4,Stage1-3-0,0,0,0,0,0,0,0,0
1784091099978,nx-q6-nexmark-auto-171129,Executor4,Stage1-3-0,0,0,0,0,0,0,0,0
1784091100978,nx-q6-nexmark-auto-171129,Executor4,Stage1-3-0,0,0,0,0,0,0,0,0
1784091101978,nx-q6-nexmark-auto-171129,Executor4,Stage1-3-0,0,0,0,0,0,0,0,0
1784091102978,nx-q6-nexmark-auto-171129,Executor4,Stage1-3-0,0,0,0,0,0,0,0,0
1784091103978,nx-q6-nexmark-auto-171129,Executor4,Stage1-3-0,0,0,0,0,0,0,0,0
1784091104978,nx-q6-nexmark-auto-171129,Executor4,Stage1-3-0,0,0,0,0,0,0,0,0
1784091105978,nx-q6-nexmark-auto-171129,Executor4,Stage1-3-0,0,0,0,0,0,0,0,0
1784091106978,nx-q6-nexmark-auto-171129,Executor4,Stage1-3-0,0,0,0,0,0,0,0,0
1784091107978,nx-q6-nexmark-auto-171129,Executor4,Stage1-3-0,0,0,0,0,0,0,0,0
1784091108978,nx-q6-nexmark-auto-171129,Executor4,Stage1-3-0,0,0,0,0,0,0,0,0
1784091109978,nx-q6-nexmark-auto-171129,Executor4,Stage1-3-0,0,0,0,0,0,0,0,0
1784091110978,nx-q6-nexmark-auto-171129,Executor4,Stage1-3-0,0,0,0,0,0,0,0,0
1784091111978,nx-q6-nexmark-auto-171129,Executor4,Stage1-3-0,0,0,0,0,0,0,0,0
1784091112978,nx-q6-nexmark-auto-171129,Executor4,Stage1-3-0,0,0,0,0,0,0,0,0
1784091113978,nx-q6-nexmark-auto-171129,Executor4,Stage1-3-0,0,0,0,0,0,0,0,0
1784091114978,nx-q6-nexmark-auto-171129,Executor4,Stage1-3-0,0,0,0,0,0,0,0,0
1784091115978,nx-q6-nexmark-auto-171129,Executor4,Stage1-3-0,0,0,0,0,0,0,0,0
1784091116978,nx-q6-nexmark-auto-171129,Executor4,Stage1-3-0,0,0,0,0,0,0,0,0
1784091117978,nx-q6-nexmark-auto-171129,Executor4,Stage1-3-0,0,0,0,0,0,0,0,0
1784091118978,nx-q6-nexmark-auto-171129,Executor4,Stage1-3-0,0,0,0,0,0,0,0,0
1784091119978,nx-q6-nexmark-auto-171129,Executor4,Stage1-3-0,0,0,0,0,0,0,0,0
1784091120978,nx-q6-nexmark-auto-171129,Executor4,Stage1-3-0,0,0,0,0,0,0,0,0
1784091121978,nx-q6-nexmark-auto-171129,Executor4,Stage1-3-0,0,0,0,0,0,0,0,0
1784091122978,nx-q6-nexmark-auto-171129,Executor4,Stage1-3-0,0,0,0,0,0,0,0,0
1784091123978,nx-q6-nexmark-auto-171129,Executor4,Stage1-3-0,0,0,0,0,0,0,0,0
1784091124978,nx-q6-nexmark-auto-171129,Executor4,Stage1-3-0,0,0,0,0,0,0,0,0
1784091125978,nx-q6-nexmark-auto-171129,Executor4,Stage1-3-0,0,0,0,0,0,0,0,0
1784091126978,nx-q6-nexmark-auto-171129,Executor4,Stage1-3-0,0,0,0,0,0,0,0,0
1784091127978,nx-q6-nexmark-auto-171129,Executor4,Stage1-3-0,0,0,0,0,0,0,0,0
1784091128978,nx-q6-nexmark-auto-171129,Executor4,Stage1-3-0,0,0,0,0,0,0,0,0
1784091129978,nx-q6-nexmark-auto-171129,Executor4,Stage1-3-0,0,0,0,0,0,0,0,0
1784091130978,nx-q6-nexmark-auto-171129,Executor4,Stage1-3-0,0,0,0,0,0,0,0,0
1784091131978,nx-q6-nexmark-auto-171129,Executor4,Stage1-3-0,0,0,0,0,0,0,0,0
1784091132978,nx-q6-nexmark-auto-171129,Executor4,Stage1-3-0,0,0,0,0,0,0,0,0
1784091133978,nx-q6-nexmark-auto-171129,Executor4,Stage1-3-0,0,0,0,0,0,0,0,0
1784091134978,nx-q6-nexmark-auto-171129,Executor4,Stage1-3-0,0,0,0,0,0,0,0,0
1784091135978,nx-q6-nexmark-auto-171129,Executor4,Stage1-3-0,0,0,0,0,0,0,0,0
1784091136978,nx-q6-nexmark-auto-171129,Executor4,Stage1-3-0,0,0,0,0,0,0,0,0
1784091137978,nx-q6-nexmark-auto-171129,Executor4,Stage1-3-0,0,0,0,0,0,0,0,0
1784091138978,nx-q6-nexmark-auto-171129,Executor4,Stage1-3-0,0,0,0,0,0,0,0,0
1784091139978,nx-q6-nexmark-auto-171129,Executor4,Stage1-3-0,0,0,0,0,0,0,0,0
1784091140978,nx-q6-nexmark-auto-171129,Executor4,Stage1-3-0,0,0,0,0,0,0,0,0
1784091141978,nx-q6-nexmark-auto-171129,Executor4,Stage1-3-0,0,0,0,0,0,0,0,0
1784091142978,nx-q6-nexmark-auto-171129,Executor4,Stage1-3-0,0,0,0,0,0,0,0,0
1784091143978,nx-q6-nexmark-auto-171129,Executor4,Stage1-3-0,0,0,0,0,0,0,0,0
1784091144978,nx-q6-nexmark-auto-171129,Executor4,Stage1-3-0,0,0,0,0,0,0,0,0
1784091145978,nx-q6-nexmark-auto-171129,Executor4,Stage1-3-0,0,0,0,0,0,0,0,0
1784091146978,nx-q6-nexmark-auto-171129,Executor4,Stage1-3-0,0,0,0,0,0,0,0,0
1784091147978,nx-q6-nexmark-auto-171129,Executor4,Stage1-3-0,0,0,0,0,0,0,0,0
1784091148978,nx-q6-nexmark-auto-171129,Executor4,Stage1-3-0,0,0,0,0,0,0,0,0
1784091149978,nx-q6-nexmark-auto-171129,Executor4,Stage1-3-0,0,0,0,0,0,0,0,0
1784091150978,nx-q6-nexmark-auto-171129,Executor4,Stage1-3-0,0,0,0,0,0,0,0,0
1784091151978,nx-q6-nexmark-auto-171129,Executor4,Stage1-3-0,0,0,0,0,0,0,0,0
1784091152978,nx-q6-nexmark-auto-171129,Executor4,Stage1-3-0,0,0,0,0,0,0,0,0
1784091153978,nx-q6-nexmark-auto-171129,Executor4,Stage1-3-0,0,0,0,0,0,0,0,0
1784091154978,nx-q6-nexmark-auto-171129,Executor4,Stage1-3-0,0,0,0,0,0,0,0,0
1784091155978,nx-q6-nexmark-auto-171129,Executor4,Stage1-3-0,0,0,0,0,0,0,0,0
1784091156978,nx-q6-nexmark-auto-171129,Executor4,Stage1-3-0,0,0,0,0,0,0,0,0
1784091157978,nx-q6-nexmark-auto-171129,Executor4,Stage1-3-0,0,0,0,0,0,0,0,0
1784091158978,nx-q6-nexmark-auto-171129,Executor4,Stage1-3-0,0,0,0,0,0,0,0,0
1784091159978,nx-q6-nexmark-auto-171129,Executor4,Stage1-3-0,0,0,0,0,0,0,0,0
1784091160978,nx-q6-nexmark-auto-171129,Executor4,Stage1-3-0,0,0,0,0,0,0,0,0
1784091161978,nx-q6-nexmark-auto-171129,Executor4,Stage1-3-0,0,0,0,0,0,0,0,0
1784091162978,nx-q6-nexmark-auto-171129,Executor4,Stage1-3-0,0,0,0,0,0,0,0,0
1784091163978,nx-q6-nexmark-auto-171129,Executor4,Stage1-3-0,0,0,0,0,0,0,0,0
1784091164978,nx-q6-nexmark-auto-171129,Executor4,Stage1-3-0,0,0,0,0,0,0,0,0
1784091165978,nx-q6-nexmark-auto-171129,Executor4,Stage1-3-0,0,0,0,0,0,0,0,0
1784091166978,nx-q6-nexmark-auto-171129,Executor4,Stage1-3-0,0,0,0,0,0,0,0,0
1784091167978,nx-q6-nexmark-auto-171129,Executor4,Stage1-3-0,0,0,0,0,0,0,0,0
1784091168978,nx-q6-nexmark-auto-171129,Executor4,Stage1-3-0,0,0,0,0,0,0,0,0
1784091169978,nx-q6-nexmark-auto-171129,Executor4,Stage1-3-0,0,0,0,0,0,0,0,0
1784091170978,nx-q6-nexmark-auto-171129,Executor4,Stage1-3-0,0,0,0,0,0,0,0,0
1784091171978,nx-q6-nexmark-auto-171129,Executor4,Stage1-3-0,0,0,0,0,0,0,0,0
1784091172978,nx-q6-nexmark-auto-171129,Executor4,Stage1-3-0,0,0,0,0,0,0,0,0
1784091173978,nx-q6-nexmark-auto-171129,Executor4,Stage1-3-0,0,0,0,0,0,0,0,0
1784091174978,nx-q6-nexmark-auto-171129,Executor4,Stage1-3-0,0,0,0,0,0,0,0,0
1784091175978,nx-q6-nexmark-auto-171129,Executor4,Stage1-3-0,0,0,0,0,0,0,0,0
1784091176978,nx-q6-nexmark-auto-171129,Executor4,Stage1-3-0,0,0,0,0,0,0,0,0
1784091177978,nx-q6-nexmark-auto-171129,Executor4,Stage1-3-0,0,0,0,0,0,0,0,0
1784091178978,nx-q6-nexmark-auto-171129,Executor4,Stage1-3-0,0,0,0,0,0,0,0,0
1784091179978,nx-q6-nexmark-auto-171129,Executor4,Stage1-3-0,0,0,0,0,0,0,0,0
1784091180978,nx-q6-nexmark-auto-171129,Executor4,Stage1-3-0,0,0,0,0,0,0,0,0
1784091181978,nx-q6-nexmark-auto-171129,Executor4,Stage1-3-0,0,0,0,0,0,0,0,0
1784091182978,nx-q6-nexmark-auto-171129,Executor4,Stage1-3-0,0,0,0,0,0,0,0,0
1784091183978,nx-q6-nexmark-auto-171129,Executor4,Stage1-3-0,0,0,0,0,0,0,0,0
1784091184978,nx-q6-nexmark-auto-171129,Executor4,Stage1-3-0,0,0,0,0,0,0,0,0
1784091185978,nx-q6-nexmark-auto-171129,Executor4,Stage1-3-0,0,0,0,0,0,0,0,0
1784091186978,nx-q6-nexmark-auto-171129,Executor4,Stage1-3-0,0,0,0,0,0,0,0,0
1784091187978,nx-q6-nexmark-auto-171129,Executor4,Stage1-3-0,0,0,0,0,0,0,0,0
1784091188978,nx-q6-nexmark-auto-171129,Executor4,Stage1-3-0,0,0,0,0,0,0,0,0
1784091189978,nx-q6-nexmark-auto-171129,Executor4,Stage1-3-0,0,0,0,0,0,0,0,0
1784091190978,nx-q6-nexmark-auto-171129,Executor4,Stage1-3-0,0,0,0,0,0,0,0,0
1784091191978,nx-q6-nexmark-auto-171129,Executor4,Stage1-3-0,0,0,0,0,0,0,0,0
1784091192978,nx-q6-nexmark-auto-171129,Executor4,Stage1-3-0,0,0,0,0,0,0,0,0
1784091193978,nx-q6-nexmark-auto-171129,Executor4,Stage1-3-0,0,0,0,0,0,0,0,0
1784091194978,nx-q6-nexmark-auto-171129,Executor4,Stage1-3-0,0,0,0,0,0,0,0,0
1784091195978,nx-q6-nexmark-auto-171129,Executor4,Stage1-3-0,0,0,0,0,0,0,0,0
1784091196978,nx-q6-nexmark-auto-171129,Executor4,Stage1-3-0,0,0,0,0,0,0,0,0
1784091197978,nx-q6-nexmark-auto-171129,Executor4,Stage1-3-0,0,0,0,0,0,0,0,0
1784091198978,nx-q6-nexmark-auto-171129,Executor4,Stage1-3-0,0,0,0,0,0,0,0,0
1784091199978,nx-q6-nexmark-auto-171129,Executor4,Stage1-3-0,0,0,0,0,0,0,0,0
1784091200978,nx-q6-nexmark-auto-171129,Executor4,Stage1-3-0,0,0,0,0,0,0,0,0
1784091201978,nx-q6-nexmark-auto-171129,Executor4,Stage1-3-0,0,0,0,0,0,0,0,0
1784091202978,nx-q6-nexmark-auto-171129,Executor4,Stage1-3-0,0,0,0,0,0,0,0,0
1784091203978,nx-q6-nexmark-auto-171129,Executor4,Stage1-3-0,0,0,0,0,0,0,0,0
1784091204978,nx-q6-nexmark-auto-171129,Executor4,Stage1-3-0,0,0,0,0,0,0,0,0
1784091205978,nx-q6-nexmark-auto-171129,Executor4,Stage1-3-0,0,0,0,0,0,0,0,0
1784091206978,nx-q6-nexmark-auto-171129,Executor4,Stage1-3-0,0,0,0,0,0,0,0,0
1784091207978,nx-q6-nexmark-auto-171129,Executor4,Stage1-3-0,0,0,0,0,0,0,0,0
1784091208978,nx-q6-nexmark-auto-171129,Executor4,Stage1-3-0,0,0,0,0,0,0,0,0
1784091209978,nx-q6-nexmark-auto-171129,Executor4,Stage1-3-0,0,0,0,0,0,0,0,0
1784091210978,nx-q6-nexmark-auto-171129,Executor4,Stage1-3-0,0,0,0,0,0,0,0,0
1784091211978,nx-q6-nexmark-auto-171129,Executor4,Stage1-3-0,0,0,0,0,0,0,0,0
1784091212978,nx-q6-nexmark-auto-171129,Executor4,Stage1-3-0,0,0,0,0,0,0,0,0
1784091213978,nx-q6-nexmark-auto-171129,Executor4,Stage1-3-0,0,0,0,0,0,0,0,0
1784091214978,nx-q6-nexmark-auto-171129,Executor4,Stage1-3-0,0,0,0,0,0,0,0,0
1784091215978,nx-q6-nexmark-auto-171129,Executor4,Stage1-3-0,0,0,0,0,0,0,0,0
1784091216978,nx-q6-nexmark-auto-171129,Executor4,Stage1-3-0,0,0,0,0,0,0,0,0
1784091217978,nx-q6-nexmark-auto-171129,Executor4,Stage1-3-0,0,0,0,0,0,0,0,0
1784091218978,nx-q6-nexmark-auto-171129,Executor4,Stage1-3-0,0,0,0,0,0,0,0,0
1784091219978,nx-q6-nexmark-auto-171129,Executor4,Stage1-3-0,0,0,0,0,0,0,0,0
1784091220978,nx-q6-nexmark-auto-171129,Executor4,Stage1-3-0,0,0,0,0,0,0,0,0
1784091221978,nx-q6-nexmark-auto-171129,Executor4,Stage1-3-0,0,0,0,0,0,0,0,0
1784091222978,nx-q6-nexmark-auto-171129,Executor4,Stage1-3-0,0,0,0,0,0,0,0,0
1784091223978,nx-q6-nexmark-auto-171129,Executor4,Stage1-3-0,0,0,0,0,0,0,0,0
1784091224978,nx-q6-nexmark-auto-171129,Executor4,Stage1-3-0,0,0,0,0,0,0,0,0
1784091225978,nx-q6-nexmark-auto-171129,Executor4,Stage1-3-0,0,0,0,0,0,0,0,0
1784091226978,nx-q6-nexmark-auto-171129,Executor4,Stage1-3-0,0,0,0,0,0,0,0,0
1784091227978,nx-q6-nexmark-auto-171129,Executor4,Stage1-3-0,0,0,0,0,0,0,0,0
1784091228978,nx-q6-nexmark-auto-171129,Executor4,Stage1-3-0,0,0,0,0,0,0,0,0
1784091229978,nx-q6-nexmark-auto-171129,Executor4,Stage1-3-0,0,0,0,0,0,0,0,0
1784091230978,nx-q6-nexmark-auto-171129,Executor4,Stage1-3-0,0,0,0,0,0,0,0,0
1784091231978,nx-q6-nexmark-auto-171129,Executor4,Stage1-3-0,0,0,0,0,0,0,0,0
1784091232978,nx-q6-nexmark-auto-171129,Executor4,Stage1-3-0,0,0,0,0,0,0,0,0
1784091233978,nx-q6-nexmark-auto-171129,Executor4,Stage1-3-0,0,0,0,0,0,0,0,0
1784091234978,nx-q6-nexmark-auto-171129,Executor4,Stage1-3-0,0,0,0,0,0,0,0,0
1784091235978,nx-q6-nexmark-auto-171129,Executor4,Stage1-3-0,0,0,0,0,0,0,0,0
1784091236978,nx-q6-nexmark-auto-171129,Executor4,Stage1-3-0,0,0,0,0,0,0,0,0
1784091237978,nx-q6-nexmark-auto-171129,Executor4,Stage1-3-0,0,0,0,0,0,0,0,0
1784091238978,nx-q6-nexmark-auto-171129,Executor4,Stage1-3-0,0,0,0,0,0,0,0,0
1784091239978,nx-q6-nexmark-auto-171129,Executor4,Stage1-3-0,0,0,0,0,0,0,0,0
1784091240978,nx-q6-nexmark-auto-171129,Executor4,Stage1-3-0,0,0,0,0,0,0,0,0
1784091241978,nx-q6-nexmark-auto-171129,Executor4,Stage1-3-0,0,0,0,0,0,0,0,0
1784091242978,nx-q6-nexmark-auto-171129,Executor4,Stage1-3-0,0,0,0,0,0,0,0,0
1784091243978,nx-q6-nexmark-auto-171129,Executor4,Stage1-3-0,0,0,0,0,0,0,0,0
1784091244978,nx-q6-nexmark-auto-171129,Executor4,Stage1-3-0,0,0,0,0,0,0,0,0
1784091245978,nx-q6-nexmark-auto-171129,Executor4,Stage1-3-0,0,0,0,0,0,0,0,0
1784091246978,nx-q6-nexmark-auto-171129,Executor4,Stage1-3-0,0,0,0,0,0,0,0,0
1784091247978,nx-q6-nexmark-auto-171129,Executor4,Stage1-3-0,0,0,0,0,0,0,0,0
1784091248978,nx-q6-nexmark-auto-171129,Executor4,Stage1-3-0,0,0,0,0,0,0,0,0
1784091249978,nx-q6-nexmark-auto-171129,Executor4,Stage1-3-0,0,0,0,0,0,0,0,0
1784091250978,nx-q6-nexmark-auto-171129,Executor4,Stage1-3-0,0,0,0,0,0,0,0,0
1784091251978,nx-q6-nexmark-auto-171129,Executor4,Stage1-3-0,0,0,0,0,0,0,0,0
1784091252978,nx-q6-nexmark-auto-171129,Executor4,Stage1-3-0,0,0,0,0,0,0,0,0
1784091253978,nx-q6-nexmark-auto-171129,Executor4,Stage1-3-0,0,0,0,0,0,0,0,0
1784091254978,nx-q6-nexmark-auto-171129,Executor4,Stage1-3-0,0,0,0,0,0,0,0,0
1784091255978,nx-q6-nexmark-auto-171129,Executor4,Stage1-3-0,0,0,0,0,0,0,0,0
1784091256978,nx-q6-nexmark-auto-171129,Executor4,Stage1-3-0,0,0,0,0,0,0,0,0
1784091257978,nx-q6-nexmark-auto-171129,Executor4,Stage1-3-0,0,0,0,0,0,0,0,0
1784091258978,nx-q6-nexmark-auto-171129,Executor4,Stage1-3-0,0,0,0,0,0,0,0,0
1784091259978,nx-q6-nexmark-auto-171129,Executor4,Stage1-3-0,0,0,0,0,0,0,0,0
1784091260978,nx-q6-nexmark-auto-171129,Executor4,Stage1-3-0,0,0,0,0,0,0,0,0
1784091261978,nx-q6-nexmark-auto-171129,Executor4,Stage1-3-0,0,0,0,0,0,0,0,0
1784091262978,nx-q6-nexmark-auto-171129,Executor4,Stage1-3-0,0,0,0,0,0,0,0,0
1784091263978,nx-q6-nexmark-auto-171129,Executor4,Stage1-3-0,0,0,0,0,0,0,0,0
1784091264978,nx-q6-nexmark-auto-171129,Executor4,Stage1-3-0,0,0,0,0,0,0,0,0
1784091265978,nx-q6-nexmark-auto-171129,Executor4,Stage1-3-0,0,0,0,0,0,0,0,0
1784091266978,nx-q6-nexmark-auto-171129,Executor4,Stage1-3-0,0,0,0,0,0,0,0,0
1784091267978,nx-q6-nexmark-auto-171129,Executor4,Stage1-3-0,0,0,0,0,0,0,0,0
1784091268978,nx-q6-nexmark-auto-171129,Executor4,Stage1-3-0,0,0,0,0,0,0,0,0
1784091269978,nx-q6-nexmark-auto-171129,Executor4,Stage1-3-0,0,0,0,0,0,0,0,0
1784091270978,nx-q6-nexmark-auto-171129,Executor4,Stage1-3-0,0,0,0,0,0,0,0,0
1784091271978,nx-q6-nexmark-auto-171129,Executor4,Stage1-3-0,0,0,0,0,0,0,0,0
1784091272978,nx-q6-nexmark-auto-171129,Executor4,Stage1-3-0,0,0,0,0,0,0,0,0
1784091273978,nx-q6-nexmark-auto-171129,Executor4,Stage1-3-0,0,0,0,0,0,0,0,0
1784091274978,nx-q6-nexmark-auto-171129,Executor4,Stage1-3-0,0,0,0,0,0,0,0,0
1784091275978,nx-q6-nexmark-auto-171129,Executor4,Stage1-3-0,0,0,0,0,0,0,0,0
1784091276978,nx-q6-nexmark-auto-171129,Executor4,Stage1-3-0,0,0,0,0,0,0,0,0
1784091277978,nx-q6-nexmark-auto-171129,Executor4,Stage1-3-0,0,0,0,0,0,0,0,0
1784091278978,nx-q6-nexmark-auto-171129,Executor4,Stage1-3-0,0,0,0,0,0,0,0,0
1784091279978,nx-q6-nexmark-auto-171129,Executor4,Stage1-3-0,0,0,0,0,0,0,0,0
1784091280978,nx-q6-nexmark-auto-171129,Executor4,Stage1-3-0,0,0,0,0,0,0,0,0
1784091281978,nx-q6-nexmark-auto-171129,Executor4,Stage1-3-0,0,0,0,0,0,0,0,0
1784091282978,nx-q6-nexmark-auto-171129,Executor4,Stage1-3-0,0,0,0,0,0,0,0,0
1784091283978,nx-q6-nexmark-auto-171129,Executor4,Stage1-3-0,0,0,0,0,0,0,0,0
1784091284978,nx-q6-nexmark-auto-171129,Executor4,Stage1-3-0,0,0,0,0,0,0,0,0
1784091285978,nx-q6-nexmark-auto-171129,Executor4,Stage1-3-0,0,0,0,0,0,0,0,0
1784091286978,nx-q6-nexmark-auto-171129,Executor4,Stage1-3-0,0,0,0,0,0,0,0,0
1784091287978,nx-q6-nexmark-auto-171129,Executor4,Stage1-3-0,0,0,0,0,0,0,0,0
1784091288978,nx-q6-nexmark-auto-171129,Executor4,Stage1-3-0,0,0,0,0,0,0,0,0
1784091289978,nx-q6-nexmark-auto-171129,Executor4,Stage1-3-0,0,0,0,0,0,0,0,0
1784091290978,nx-q6-nexmark-auto-171129,Executor4,Stage1-3-0,0,0,0,0,0,0,0,0
1784091291978,nx-q6-nexmark-auto-171129,Executor4,Stage1-3-0,0,0,0,0,0,0,0,0
1784091292978,nx-q6-nexmark-auto-171129,Executor4,Stage1-3-0,0,0,0,0,0,0,0,0
1784091293978,nx-q6-nexmark-auto-171129,Executor4,Stage1-3-0,0,0,0,0,0,0,0,0
1784091294978,nx-q6-nexmark-auto-171129,Executor4,Stage1-3-0,0,0,0,0,0,0,0,0
1784091295978,nx-q6-nexmark-auto-171129,Executor4,Stage1-3-0,0,0,0,0,0,0,0,0
1784091296978,nx-q6-nexmark-auto-171129,Executor4,Stage1-3-0,0,0,0,0,0,0,0,0
1784091297978,nx-q6-nexmark-auto-171129,Executor4,Stage1-3-0,0,0,0,0,0,0,0,0
1784091298978,nx-q6-nexmark-auto-171129,Executor4,Stage1-3-0,0,0,0,0,0,0,0,0
1784091299978,nx-q6-nexmark-auto-171129,Executor4,Stage1-3-0,0,0,0,0,0,0,0,0
1784091300978,nx-q6-nexmark-auto-171129,Executor4,Stage1-3-0,0,0,0,0,0,0,0,0
1784091301978,nx-q6-nexmark-auto-171129,Executor4,Stage1-3-0,0,0,0,0,0,0,0,0
1784091302978,nx-q6-nexmark-auto-171129,Executor4,Stage1-3-0,0,0,0,0,0,0,0,0
1784091303978,nx-q6-nexmark-auto-171129,Executor4,Stage1-3-0,0,0,0,0,0,0,0,0
1784091304978,nx-q6-nexmark-auto-171129,Executor4,Stage1-3-0,0,0,0,0,0,0,0,0
1784091305978,nx-q6-nexmark-auto-171129,Executor4,Stage1-3-0,0,0,0,0,0,0,0,0
1784091306978,nx-q6-nexmark-auto-171129,Executor4,Stage1-3-0,0,0,0,0,0,0,0,0
1784091307978,nx-q6-nexmark-auto-171129,Executor4,Stage1-3-0,0,0,0,0,0,0,0,0
1784091308978,nx-q6-nexmark-auto-171129,Executor4,Stage1-3-0,0,0,0,0,0,0,0,0
1784091309978,nx-q6-nexmark-auto-171129,Executor4,Stage1-3-0,0,0,0,0,0,0,0,0
1784091310978,nx-q6-nexmark-auto-171129,Executor4,Stage1-3-0,0,0,0,0,0,0,0,0
1784091311978,nx-q6-nexmark-auto-171129,Executor4,Stage1-3-0,0,0,0,0,0,0,0,0
1784091312978,nx-q6-nexmark-auto-171129,Executor4,Stage1-3-0,0,0,0,0,0,0,0,0
1784091313978,nx-q6-nexmark-auto-171129,Executor4,Stage1-3-0,0,0,0,0,0,0,0,0
1784091314978,nx-q6-nexmark-auto-171129,Executor4,Stage1-3-0,0,0,0,0,0,0,0,0
1784091315978,nx-q6-nexmark-auto-171129,Executor4,Stage1-3-0,0,0,0,0,0,0,0,0
1784091316978,nx-q6-nexmark-auto-171129,Executor4,Stage1-3-0,0,0,0,0,0,0,0,0
1784091317978,nx-q6-nexmark-auto-171129,Executor4,Stage1-3-0,0,0,0,0,0,0,0,0
1784091318978,nx-q6-nexmark-auto-171129,Executor4,Stage1-3-0,0,0,0,0,0,0,0,0
1784091319978,nx-q6-nexmark-auto-171129,Executor4,Stage1-3-0,0,0,0,0,0,0,0,0
1784091320978,nx-q6-nexmark-auto-171129,Executor4,Stage1-3-0,0,0,0,0,0,0,0,0
1784091321978,nx-q6-nexmark-auto-171129,Executor4,Stage1-3-0,0,0,0,0,0,0,0,0
1784091322978,nx-q6-nexmark-auto-171129,Executor4,Stage1-3-0,0,0,0,0,0,0,0,0
1784091323978,nx-q6-nexmark-auto-171129,Executor4,Stage1-3-0,0,0,0,0,0,0,0,0
1784091324978,nx-q6-nexmark-auto-171129,Executor4,Stage1-3-0,0,0,0,0,0,0,0,0
1784091325978,nx-q6-nexmark-auto-171129,Executor4,Stage1-3-0,0,0,0,0,0,0,0,0
1784091326978,nx-q6-nexmark-auto-171129,Executor4,Stage1-3-0,0,0,0,0,0,0,0,0
1784091327978,nx-q6-nexmark-auto-171129,Executor4,Stage1-3-0,0,0,0,0,0,0,0,0
1784091328978,nx-q6-nexmark-auto-171129,Executor4,Stage1-3-0,0,0,0,0,0,0,0,0
1784091329978,nx-q6-nexmark-auto-171129,Executor4,Stage1-3-0,0,0,0,0,0,0,0,0
1784091330978,nx-q6-nexmark-auto-171129,Executor4,Stage1-3-0,0,0,0,0,0,0,0,0
1784091331978,nx-q6-nexmark-auto-171129,Executor4,Stage1-3-0,0,0,0,0,0,0,0,0
1784091332978,nx-q6-nexmark-auto-171129,Executor4,Stage1-3-0,0,0,0,0,0,0,0,0
1784091333978,nx-q6-nexmark-auto-171129,Executor4,Stage1-3-0,0,0,0,0,0,0,0,0
1784091334978,nx-q6-nexmark-auto-171129,Executor4,Stage1-3-0,0,0,0,0,0,0,0,0
1784091335978,nx-q6-nexmark-auto-171129,Executor4,Stage1-3-0,0,0,0,0,0,0,0,0
1784091336978,nx-q6-nexmark-auto-171129,Executor4,Stage1-3-0,0,0,0,0,0,0,0,0
1784091337978,nx-q6-nexmark-auto-171129,Executor4,Stage1-3-0,0,0,0,0,0,0,0,0
1784091338978,nx-q6-nexmark-auto-171129,Executor4,Stage1-3-0,0,0,0,0,0,0,0,0
1784091339978,nx-q6-nexmark-auto-171129,Executor4,Stage1-3-0,0,0,0,0,0,0,0,0
1784091340978,nx-q6-nexmark-auto-171129,Executor4,Stage1-3-0,0,0,0,0,0,0,0,0
1784091341978,nx-q6-nexmark-auto-171129,Executor4,Stage1-3-0,0,0,0,0,0,0,0,0
1784091342978,nx-q6-nexmark-auto-171129,Executor4,Stage1-3-0,0,0,0,0,0,0,0,0
1784091343978,nx-q6-nexmark-auto-171129,Executor4,Stage1-3-0,0,0,0,0,0,0,0,0
1784091344978,nx-q6-nexmark-auto-171129,Executor4,Stage1-3-0,0,0,0,0,0,0,0,0
1784091345978,nx-q6-nexmark-auto-171129,Executor4,Stage1-3-0,0,0,0,0,0,0,0,0
1784091346978,nx-q6-nexmark-auto-171129,Executor4,Stage1-3-0,0,0,0,0,0,0,0,0
1784091347978,nx-q6-nexmark-auto-171129,Executor4,Stage1-3-0,0,0,0,0,0,0,0,0
1784091348978,nx-q6-nexmark-auto-171129,Executor4,Stage1-3-0,0,0,0,0,0,0,0,0
1784091349978,nx-q6-nexmark-auto-171129,Executor4,Stage1-3-0,0,0,0,0,0,0,0,0
1784091350978,nx-q6-nexmark-auto-171129,Executor4,Stage1-3-0,0,0,0,0,0,0,0,0
1784091351978,nx-q6-nexmark-auto-171129,Executor4,Stage1-3-0,0,0,0,0,0,0,0,0
1784091352978,nx-q6-nexmark-auto-171129,Executor4,Stage1-3-0,0,0,0,0,0,0,0,0
1784091353978,nx-q6-nexmark-auto-171129,Executor4,Stage1-3-0,0,0,0,0,0,0,0,0
1784091354978,nx-q6-nexmark-auto-171129,Executor4,Stage1-3-0,0,0,0,0,0,0,0,0
1784091355978,nx-q6-nexmark-auto-171129,Executor4,Stage1-3-0,0,0,0,0,0,0,0,0
1784091356978,nx-q6-nexmark-auto-171129,Executor4,Stage1-3-0,0,0,0,0,0,0,0,0
1784091357978,nx-q6-nexmark-auto-171129,Executor4,Stage1-3-0,0,0,0,0,0,0,0,0
1784091358978,nx-q6-nexmark-auto-171129,Executor4,Stage1-3-0,0,0,0,0,0,0,0,0
1784091359978,nx-q6-nexmark-auto-171129,Executor4,Stage1-3-0,0,0,0,0,0,0,0,0
1784091360978,nx-q6-nexmark-auto-171129,Executor4,Stage1-3-0,0,0,0,0,0,0,0,0
1784091361978,nx-q6-nexmark-auto-171129,Executor4,Stage1-3-0,0,0,0,0,0,0,0,0
1784091362978,nx-q6-nexmark-auto-171129,Executor4,Stage1-3-0,0,0,0,0,0,0,0,0
1784091363978,nx-q6-nexmark-auto-171129,Executor4,Stage1-3-0,0,0,0,0,0,0,0,0
1784091364978,nx-q6-nexmark-auto-171129,Executor4,Stage1-3-0,0,0,0,0,0,0,0,0
1784091365978,nx-q6-nexmark-auto-171129,Executor4,Stage1-3-0,0,0,0,0,0,0,0,0
1784091366978,nx-q6-nexmark-auto-171129,Executor4,Stage1-3-0,0,0,0,0,0,0,0,0
1784091367978,nx-q6-nexmark-auto-171129,Executor4,Stage1-3-0,0,0,0,0,0,0,0,0
1784091368978,nx-q6-nexmark-auto-171129,Executor4,Stage1-3-0,0,0,0,0,0,0,0,0
1784091369978,nx-q6-nexmark-auto-171129,Executor4,Stage1-3-0,0,0,0,0,0,0,0,0
1784091370978,nx-q6-nexmark-auto-171129,Executor4,Stage1-3-0,0,0,0,0,0,0,0,0
1784091371978,nx-q6-nexmark-auto-171129,Executor4,Stage1-3-0,0,0,0,0,0,0,0,0
1784091372978,nx-q6-nexmark-auto-171129,Executor4,Stage1-3-0,0,0,0,0,0,0,0,0
1784091373978,nx-q6-nexmark-auto-171129,Executor4,Stage1-3-0,0,0,0,0,0,0,0,0
1784091374978,nx-q6-nexmark-auto-171129,Executor4,Stage1-3-0,0,0,0,0,0,0,0,0
1784091375978,nx-q6-nexmark-auto-171129,Executor4,Stage1-3-0,0,0,0,0,0,0,0,0
1784091376978,nx-q6-nexmark-auto-171129,Executor4,Stage1-3-0,0,0,0,0,0,0,0,0
1784091377978,nx-q6-nexmark-auto-171129,Executor4,Stage1-3-0,0,0,0,0,0,0,0,0
1784091378978,nx-q6-nexmark-auto-171129,Executor4,Stage1-3-0,0,0,0,0,0,0,0,0
1784091379978,nx-q6-nexmark-auto-171129,Executor4,Stage1-3-0,0,0,0,0,0,0,0,0
1784091380978,nx-q6-nexmark-auto-171129,Executor4,Stage1-3-0,0,0,0,0,0,0,0,0
1784091381978,nx-q6-nexmark-auto-171129,Executor4,Stage1-3-0,0,0,0,0,0,0,0,0
1784091382978,nx-q6-nexmark-auto-171129,Executor4,Stage1-3-0,0,0,0,0,0,0,0,0
1784091383978,nx-q6-nexmark-auto-171129,Executor4,Stage1-3-0,0,0,0,0,0,0,0,0
1784091384978,nx-q6-nexmark-auto-171129,Executor4,Stage1-3-0,0,0,0,0,0,0,0,0
1784091385978,nx-q6-nexmark-auto-171129,Executor4,Stage1-3-0,0,0,0,0,0,0,0,0
1784091386978,nx-q6-nexmark-auto-171129,Executor4,Stage1-3-0,0,0,0,0,0,0,0,0
1784091387978,nx-q6-nexmark-auto-171129,Executor4,Stage1-3-0,0,0,0,0,0,0,0,0
1784091388978,nx-q6-nexmark-auto-171129,Executor4,Stage1-3-0,0,0,0,0,0,0,0,0
1784091389978,nx-q6-nexmark-auto-171129,Executor4,Stage1-3-0,0,0,0,0,0,0,0,0
1784091390978,nx-q6-nexmark-auto-171129,Executor4,Stage1-3-0,0,0,0,0,0,0,0,0
1784091391978,nx-q6-nexmark-auto-171129,Executor4,Stage1-3-0,0,0,0,0,0,0,0,0
1784091392978,nx-q6-nexmark-auto-171129,Executor4,Stage1-3-0,0,0,0,0,0,0,0,0
1784091393978,nx-q6-nexmark-auto-171129,Executor4,Stage1-3-0,0,0,0,0,0,0,0,0
1784091394978,nx-q6-nexmark-auto-171129,Executor4,Stage1-3-0,0,0,0,0,0,0,0,0
1784091395978,nx-q6-nexmark-auto-171129,Executor4,Stage1-3-0,0,0,0,0,0,0,0,0
1784091396978,nx-q6-nexmark-auto-171129,Executor4,Stage1-3-0,0,0,0,0,0,0,0,0
1784091397978,nx-q6-nexmark-auto-171129,Executor4,Stage1-3-0,0,0,0,0,0,0,0,0
1784091398978,nx-q6-nexmark-auto-171129,Executor4,Stage1-3-0,0,0,0,0,0,0,0,0
1784091399978,nx-q6-nexmark-auto-171129,Executor4,Stage1-3-0,0,0,0,0,0,0,0,0
1784091400978,nx-q6-nexmark-auto-171129,Executor4,Stage1-3-0,0,0,0,0,0,0,0,0
1784091401978,nx-q6-nexmark-auto-171129,Executor4,Stage1-3-0,0,0,0,0,0,0,0,0
1784091402978,nx-q6-nexmark-auto-171129,Executor4,Stage1-3-0,0,0,0,0,0,0,0,0
1784091403978,nx-q6-nexmark-auto-171129,Executor4,Stage1-3-0,0,0,0,0,0,0,0,0
1784091404978,nx-q6-nexmark-auto-171129,Executor4,Stage1-3-0,0,0,0,0,0,0,0,0
1784091405978,nx-q6-nexmark-auto-171129,Executor4,Stage1-3-0,0,0,0,0,0,0,0,0
1784091406978,nx-q6-nexmark-auto-171129,Executor4,Stage1-3-0,0,0,0,0,0,0,0,0
1784091407978,nx-q6-nexmark-auto-171129,Executor4,Stage1-3-0,0,0,0,0,0,0,0,0
1784091408978,nx-q6-nexmark-auto-171129,Executor4,Stage1-3-0,0,0,0,0,0,0,0,0
1784091409978,nx-q6-nexmark-auto-171129,Executor4,Stage1-3-0,0,0,0,0,0,0,0,0
1784091410978,nx-q6-nexmark-auto-171129,Executor4,Stage1-3-0,0,0,0,0,0,0,0,0
1784091411978,nx-q6-nexmark-auto-171129,Executor4,Stage1-3-0,0,0,0,0,0,0,0,0
1784091412978,nx-q6-nexmark-auto-171129,Executor4,Stage1-3-0,0,0,0,0,0,0,0,0
1784091413978,nx-q6-nexmark-auto-171129,Executor4,Stage1-3-0,0,0,0,0,0,0,0,0
1784091414978,nx-q6-nexmark-auto-171129,Executor4,Stage1-3-0,0,0,0,0,0,0,0,0
1784091415978,nx-q6-nexmark-auto-171129,Executor4,Stage1-3-0,0,0,0,0,0,0,0,0
1784091416978,nx-q6-nexmark-auto-171129,Executor4,Stage1-3-0,0,0,0,0,0,0,0,0
1784091417978,nx-q6-nexmark-auto-171129,Executor4,Stage1-3-0,0,0,0,0,0,0,0,0
1784091418978,nx-q6-nexmark-auto-171129,Executor4,Stage1-3-0,0,0,0,0,0,0,0,0
1784091419978,nx-q6-nexmark-auto-171129,Executor4,Stage1-3-0,0,0,0,0,0,0,0,0
1784091420978,nx-q6-nexmark-auto-171129,Executor4,Stage1-3-0,0,0,0,0,0,0,0,0
1784091421978,nx-q6-nexmark-auto-171129,Executor4,Stage1-3-0,0,0,0,0,0,0,0,0
1784091422978,nx-q6-nexmark-auto-171129,Executor4,Stage1-3-0,0,0,0,0,0,0,0,0
1784091423978,nx-q6-nexmark-auto-171129,Executor4,Stage1-3-0,0,0,0,0,0,0,0,0
1784091424978,nx-q6-nexmark-auto-171129,Executor4,Stage1-3-0,0,0,0,0,0,0,0,0
1784091425978,nx-q6-nexmark-auto-171129,Executor4,Stage1-3-0,0,0,0,0,0,0,0,0
1784091426978,nx-q6-nexmark-auto-171129,Executor4,Stage1-3-0,0,0,0,0,0,0,0,0
1784091427978,nx-q6-nexmark-auto-171129,Executor4,Stage1-3-0,0,0,0,0,0,0,0,0
1784091428978,nx-q6-nexmark-auto-171129,Executor4,Stage1-3-0,0,0,0,0,0,0,0,0
1784091429978,nx-q6-nexmark-auto-171129,Executor4,Stage1-3-0,0,0,0,0,0,0,0,0
1784091430978,nx-q6-nexmark-auto-171129,Executor4,Stage1-3-0,0,0,0,0,0,0,0,0
1784091431978,nx-q6-nexmark-auto-171129,Executor4,Stage1-3-0,0,0,0,0,0,0,0,0
1784091432978,nx-q6-nexmark-auto-171129,Executor4,Stage1-3-0,0,0,0,0,0,0,0,0
1784091433978,nx-q6-nexmark-auto-171129,Executor4,Stage1-3-0,0,0,0,0,0,0,0,0
1784091434978,nx-q6-nexmark-auto-171129,Executor4,Stage1-3-0,0,0,0,0,0,0,0,0
1784091435978,nx-q6-nexmark-auto-171129,Executor4,Stage1-3-0,0,0,0,0,0,0,0,0
1784091436978,nx-q6-nexmark-auto-171129,Executor4,Stage1-3-0,0,0,0,0,0,0,0,0
1784091437978,nx-q6-nexmark-auto-171129,Executor4,Stage1-3-0,0,0,0,0,0,0,0,0
1784091438978,nx-q6-nexmark-auto-171129,Executor4,Stage1-3-0,0,0,0,0,0,0,0,0
1784091439978,nx-q6-nexmark-auto-171129,Executor4,Stage1-3-0,0,0,0,0,0,0,0,0
1784091440978,nx-q6-nexmark-auto-171129,Executor4,Stage1-3-0,0,0,0,0,0,0,0,0
1784091441978,nx-q6-nexmark-auto-171129,Executor4,Stage1-3-0,0,0,0,0,0,0,0,0
1784091442978,nx-q6-nexmark-auto-171129,Executor4,Stage1-3-0,0,0,0,0,0,0,0,0
1784091443978,nx-q6-nexmark-auto-171129,Executor4,Stage1-3-0,0,0,0,0,0,0,0,0
1784091444978,nx-q6-nexmark-auto-171129,Executor4,Stage1-3-0,0,0,0,0,0,0,0,0
1784091445978,nx-q6-nexmark-auto-171129,Executor4,Stage1-3-0,0,0,0,0,0,0,0,0
1784091446978,nx-q6-nexmark-auto-171129,Executor4,Stage1-3-0,0,0,0,0,0,0,0,0
1784091447978,nx-q6-nexmark-auto-171129,Executor4,Stage1-3-0,0,0,0,0,0,0,0,0
1784091448978,nx-q6-nexmark-auto-171129,Executor4,Stage1-3-0,0,0,0,0,0,0,0,0
1784091449978,nx-q6-nexmark-auto-171129,Executor4,Stage1-3-0,0,0,0,0,0,0,0,0
1784091450978,nx-q6-nexmark-auto-171129,Executor4,Stage1-3-0,0,0,0,0,0,0,0,0
1784091451978,nx-q6-nexmark-auto-171129,Executor4,Stage1-3-0,0,0,0,0,0,0,0,0
1784091452978,nx-q6-nexmark-auto-171129,Executor4,Stage1-3-0,0,0,0,0,0,0,0,0
1784091453978,nx-q6-nexmark-auto-171129,Executor4,Stage1-3-0,0,0,0,0,0,0,0,0
1784091454978,nx-q6-nexmark-auto-171129,Executor4,Stage1-3-0,0,0,0,0,0,0,0,0
1784091455978,nx-q6-nexmark-auto-171129,Executor4,Stage1-3-0,0,0,0,0,0,0,0,0
1784091456978,nx-q6-nexmark-auto-171129,Executor4,Stage1-3-0,0,0,0,0,0,0,0,0
1784091457978,nx-q6-nexmark-auto-171129,Executor4,Stage1-3-0,0,0,0,0,0,0,0,0
1784091458978,nx-q6-nexmark-auto-171129,Executor4,Stage1-3-0,0,0,0,0,0,0,0,0
1784091459978,nx-q6-nexmark-auto-171129,Executor4,Stage1-3-0,0,0,0,0,0,0,0,0
1784091460978,nx-q6-nexmark-auto-171129,Executor4,Stage1-3-0,0,0,0,0,0,0,0,0
1784091461978,nx-q6-nexmark-auto-171129,Executor4,Stage1-3-0,0,0,0,0,0,0,0,0
1784091462978,nx-q6-nexmark-auto-171129,Executor4,Stage1-3-0,0,0,0,0,0,0,0,0
1784091463978,nx-q6-nexmark-auto-171129,Executor4,Stage1-3-0,0,0,0,0,0,0,0,0
1784091464978,nx-q6-nexmark-auto-171129,Executor4,Stage1-3-0,0,0,0,0,0,0,0,0
1784091465978,nx-q6-nexmark-auto-171129,Executor4,Stage1-3-0,0,0,0,0,0,0,0,0
1784091466978,nx-q6-nexmark-auto-171129,Executor4,Stage1-3-0,0,0,0,0,0,0,0,0
1784091467978,nx-q6-nexmark-auto-171129,Executor4,Stage1-3-0,0,0,0,0,0,0,0,0
1784091468978,nx-q6-nexmark-auto-171129,Executor4,Stage1-3-0,0,0,0,0,0,0,0,0
1784091469978,nx-q6-nexmark-auto-171129,Executor4,Stage1-3-0,0,0,0,0,0,0,0,0
1784091470978,nx-q6-nexmark-auto-171129,Executor4,Stage1-3-0,0,0,0,0,0,0,0,0
1784091471978,nx-q6-nexmark-auto-171129,Executor4,Stage1-3-0,0,0,0,0,0,0,0,0
1784091472978,nx-q6-nexmark-auto-171129,Executor4,Stage1-3-0,0,0,0,0,0,0,0,0
1784091473978,nx-q6-nexmark-auto-171129,Executor4,Stage1-3-0,0,0,0,0,0,0,0,0
1784091474978,nx-q6-nexmark-auto-171129,Executor4,Stage1-3-0,0,0,0,0,0,0,0,0
1784091475978,nx-q6-nexmark-auto-171129,Executor4,Stage1-3-0,0,0,0,0,0,0,0,0
1784091476978,nx-q6-nexmark-auto-171129,Executor4,Stage1-3-0,0,0,0,0,0,0,0,0
1784091477978,nx-q6-nexmark-auto-171129,Executor4,Stage1-3-0,0,0,0,0,0,0,0,0
1784091478978,nx-q6-nexmark-auto-171129,Executor4,Stage1-3-0,0,0,0,0,0,0,0,0
1784091479978,nx-q6-nexmark-auto-171129,Executor4,Stage1-3-0,0,0,0,0,0,0,0,0
1784091480978,nx-q6-nexmark-auto-171129,Executor4,Stage1-3-0,0,0,0,0,0,0,0,0
1784091481978,nx-q6-nexmark-auto-171129,Executor4,Stage1-3-0,0,0,0,0,0,0,0,0
1784091482978,nx-q6-nexmark-auto-171129,Executor4,Stage1-3-0,0,0,0,0,0,0,0,0
1784091483978,nx-q6-nexmark-auto-171129,Executor4,Stage1-3-0,0,0,0,0,0,0,0,0
1784091484978,nx-q6-nexmark-auto-171129,Executor4,Stage1-3-0,0,0,0,0,0,0,0,0
1784091485978,nx-q6-nexmark-auto-171129,Executor4,Stage1-3-0,0,0,0,0,0,0,0,0
1784091486978,nx-q6-nexmark-auto-171129,Executor4,Stage1-3-0,0,0,0,0,0,0,0,0
1784091487978,nx-q6-nexmark-auto-171129,Executor4,Stage1-3-0,0,0,0,0,0,0,0,0
1784091488978,nx-q6-nexmark-auto-171129,Executor4,Stage1-3-0,0,0,0,0,0,0,0,0
1784091489978,nx-q6-nexmark-auto-171129,Executor4,Stage1-3-0,0,0,0,0,0,0,0,0
1784091490978,nx-q6-nexmark-auto-171129,Executor4,Stage1-3-0,0,0,0,0,0,0,0,0
1784091491978,nx-q6-nexmark-auto-171129,Executor4,Stage1-3-0,0,0,0,0,0,0,0,0
1784091492978,nx-q6-nexmark-auto-171129,Executor4,Stage1-3-0,0,0,0,0,0,0,0,0
1784091493978,nx-q6-nexmark-auto-171129,Executor4,Stage1-3-0,0,0,0,0,0,0,0,0
1784091494978,nx-q6-nexmark-auto-171129,Executor4,Stage1-3-0,0,0,0,0,0,0,0,0
1784091495978,nx-q6-nexmark-auto-171129,Executor4,Stage1-3-0,0,0,0,0,0,0,0,0
1784091496978,nx-q6-nexmark-auto-171129,Executor4,Stage1-3-0,0,0,0,0,0,0,0,0
1784091497978,nx-q6-nexmark-auto-171129,Executor4,Stage1-3-0,0,0,0,0,0,0,0,0
1784091498978,nx-q6-nexmark-auto-171129,Executor4,Stage1-3-0,0,0,0,0,0,0,0,0
1784091499978,nx-q6-nexmark-auto-171129,Executor4,Stage1-3-0,0,0,0,0,0,0,0,0
1784091500978,nx-q6-nexmark-auto-171129,Executor4,Stage1-3-0,0,0,0,0,0,0,0,0
1784091501978,nx-q6-nexmark-auto-171129,Executor4,Stage1-3-0,0,0,0,0,0,0,0,0
1784091502978,nx-q6-nexmark-auto-171129,Executor4,Stage1-3-0,0,0,0,0,0,0,0,0
1784091503978,nx-q6-nexmark-auto-171129,Executor4,Stage1-3-0,0,0,0,0,0,0,0,0
1784091504978,nx-q6-nexmark-auto-171129,Executor4,Stage1-3-0,0,0,0,0,0,0,0,0
1784091505978,nx-q6-nexmark-auto-171129,Executor4,Stage1-3-0,0,0,0,0,0,0,0,0
1784091506978,nx-q6-nexmark-auto-171129,Executor4,Stage1-3-0,0,0,0,0,0,0,0,0
1784091507978,nx-q6-nexmark-auto-171129,Executor4,Stage1-3-0,0,0,0,0,0,0,0,0
1784091508978,nx-q6-nexmark-auto-171129,Executor4,Stage1-3-0,0,0,0,0,0,0,0,0
1784091509978,nx-q6-nexmark-auto-171129,Executor4,Stage1-3-0,0,0,0,0,0,0,0,0
1784091510978,nx-q6-nexmark-auto-171129,Executor4,Stage1-3-0,0,0,0,0,0,0,0,0
1784091511978,nx-q6-nexmark-auto-171129,Executor4,Stage1-3-0,0,0,0,0,0,0,0,0
1784091512978,nx-q6-nexmark-auto-171129,Executor4,Stage1-3-0,0,0,0,0,0,0,0,0
1784091513978,nx-q6-nexmark-auto-171129,Executor4,Stage1-3-0,0,0,0,0,0,0,0,0
1784091514978,nx-q6-nexmark-auto-171129,Executor4,Stage1-3-0,0,0,0,0,0,0,0,0
1784091515978,nx-q6-nexmark-auto-171129,Executor4,Stage1-3-0,0,0,0,0,0,0,0,0
1784091516978,nx-q6-nexmark-auto-171129,Executor4,Stage1-3-0,0,0,0,0,0,0,0,0
1784091517978,nx-q6-nexmark-auto-171129,Executor4,Stage1-3-0,0,0,0,0,0,0,0,0
1784091518978,nx-q6-nexmark-auto-171129,Executor4,Stage1-3-0,0,0,0,0,0,0,0,0
1784091519978,nx-q6-nexmark-auto-171129,Executor4,Stage1-3-0,0,0,0,0,0,0,0,0
1784091520978,nx-q6-nexmark-auto-171129,Executor4,Stage1-3-0,0,0,0,0,0,0,0,0
1784091521978,nx-q6-nexmark-auto-171129,Executor4,Stage1-3-0,0,0,0,0,0,0,0,0
1784091522978,nx-q6-nexmark-auto-171129,Executor4,Stage1-3-0,0,0,0,0,0,0,0,0
1784091523978,nx-q6-nexmark-auto-171129,Executor4,Stage1-3-0,0,0,0,0,0,0,0,0
1784091524978,nx-q6-nexmark-auto-171129,Executor4,Stage1-3-0,0,0,0,0,0,0,0,0
1784091525978,nx-q6-nexmark-auto-171129,Executor4,Stage1-3-0,0,0,0,0,0,0,0,0
1784091526978,nx-q6-nexmark-auto-171129,Executor4,Stage1-3-0,0,0,0,0,0,0,0,0
1784091527978,nx-q6-nexmark-auto-171129,Executor4,Stage1-3-0,0,0,0,0,0,0,0,0
1784091528978,nx-q6-nexmark-auto-171129,Executor4,Stage1-3-0,0,0,0,0,0,0,0,0
1784091529978,nx-q6-nexmark-auto-171129,Executor4,Stage1-3-0,0,0,0,0,0,0,0,0
1784091530978,nx-q6-nexmark-auto-171129,Executor4,Stage1-3-0,0,0,0,0,0,0,0,0
1784091531978,nx-q6-nexmark-auto-171129,Executor4,Stage1-3-0,0,0,0,0,0,0,0,0
1784091532978,nx-q6-nexmark-auto-171129,Executor4,Stage1-3-0,0,0,0,0,0,0,0,0
1784091533978,nx-q6-nexmark-auto-171129,Executor4,Stage1-3-0,0,0,0,0,0,0,0,0
1784091534978,nx-q6-nexmark-auto-171129,Executor4,Stage1-3-0,0,0,0,0,0,0,0,0
1784091535978,nx-q6-nexmark-auto-171129,Executor4,Stage1-3-0,0,0,0,0,0,0,0,0
1784091536978,nx-q6-nexmark-auto-171129,Executor4,Stage1-3-0,0,0,0,0,0,0,0,0
1784091537978,nx-q6-nexmark-auto-171129,Executor4,Stage1-3-0,0,0,0,0,0,0,0,0
1784091538978,nx-q6-nexmark-auto-171129,Executor4,Stage1-3-0,0,0,0,0,0,0,0,0
1784091539978,nx-q6-nexmark-auto-171129,Executor4,Stage1-3-0,0,0,0,0,0,0,0,0
1784091540978,nx-q6-nexmark-auto-171129,Executor4,Stage1-3-0,0,0,0,0,0,0,0,0
1784091541978,nx-q6-nexmark-auto-171129,Executor4,Stage1-3-0,0,0,0,0,0,0,0,0
1784091542978,nx-q6-nexmark-auto-171129,Executor4,Stage1-3-0,0,0,0,0,0,0,0,0
1784091543978,nx-q6-nexmark-auto-171129,Executor4,Stage1-3-0,0,0,0,0,0,0,0,0
1784091544978,nx-q6-nexmark-auto-171129,Executor4,Stage1-3-0,0,0,0,0,0,0,0,0
1784091545978,nx-q6-nexmark-auto-171129,Executor4,Stage1-3-0,0,0,0,0,0,0,0,0
1784091546978,nx-q6-nexmark-auto-171129,Executor4,Stage1-3-0,0,0,0,0,0,0,0,0
1784091547978,nx-q6-nexmark-auto-171129,Executor4,Stage1-3-0,0,0,0,0,0,0,0,0
1784091548978,nx-q6-nexmark-auto-171129,Executor4,Stage1-3-0,0,0,0,0,0,0,0,0
1784091549978,nx-q6-nexmark-auto-171129,Executor4,Stage1-3-0,0,0,0,0,0,0,0,0
1784091550978,nx-q6-nexmark-auto-171129,Executor4,Stage1-3-0,0,0,0,0,0,0,0,0
1784091551978,nx-q6-nexmark-auto-171129,Executor4,Stage1-3-0,0,0,0,0,0,0,0,0
1784091552978,nx-q6-nexmark-auto-171129,Executor4,Stage1-3-0,0,0,0,0,0,0,0,0
1784091553978,nx-q6-nexmark-auto-171129,Executor4,Stage1-3-0,0,0,0,0,0,0,0,0
1784091554978,nx-q6-nexmark-auto-171129,Executor4,Stage1-3-0,0,0,0,0,0,0,0,0
1784091555978,nx-q6-nexmark-auto-171129,Executor4,Stage1-3-0,0,0,0,0,0,0,0,0
1784091556978,nx-q6-nexmark-auto-171129,Executor4,Stage1-3-0,0,0,0,0,0,0,0,0
1784091557978,nx-q6-nexmark-auto-171129,Executor4,Stage1-3-0,0,0,0,0,0,0,0,0
1784091558978,nx-q6-nexmark-auto-171129,Executor4,Stage1-3-0,0,0,0,0,0,0,0,0
1784091559978,nx-q6-nexmark-auto-171129,Executor4,Stage1-3-0,0,0,0,0,0,0,0,0
1784091560978,nx-q6-nexmark-auto-171129,Executor4,Stage1-3-0,0,0,0,0,0,0,0,0
1784091561978,nx-q6-nexmark-auto-171129,Executor4,Stage1-3-0,0,0,0,0,0,0,0,0
1784091562978,nx-q6-nexmark-auto-171129,Executor4,Stage1-3-0,0,0,0,0,0,0,0,0
1784091563978,nx-q6-nexmark-auto-171129,Executor4,Stage1-3-0,0,0,0,0,0,0,0,0
1784091564978,nx-q6-nexmark-auto-171129,Executor4,Stage1-3-0,0,0,0,0,0,0,0,0
1784091565978,nx-q6-nexmark-auto-171129,Executor4,Stage1-3-0,0,0,0,0,0,0,0,0
1784091566978,nx-q6-nexmark-auto-171129,Executor4,Stage1-3-0,0,0,0,0,0,0,0,0
1784091567978,nx-q6-nexmark-auto-171129,Executor4,Stage1-3-0,0,0,0,0,0,0,0,0
1784091568978,nx-q6-nexmark-auto-171129,Executor4,Stage1-3-0,0,0,0,0,0,0,0,0
1784091569978,nx-q6-nexmark-auto-171129,Executor4,Stage1-3-0,0,0,0,0,0,0,0,0
1784091570978,nx-q6-nexmark-auto-171129,Executor4,Stage1-3-0,0,0,0,0,0,0,0,0
1784091571978,nx-q6-nexmark-auto-171129,Executor4,Stage1-3-0,0,0,0,0,0,0,0,0
1784091572978,nx-q6-nexmark-auto-171129,Executor4,Stage1-3-0,0,0,0,0,0,0,0,0
1784091573978,nx-q6-nexmark-auto-171129,Executor4,Stage1-3-0,0,0,0,0,0,0,0,0
1784091574978,nx-q6-nexmark-auto-171129,Executor4,Stage1-3-0,0,0,0,0,0,0,0,0
1784091575978,nx-q6-nexmark-auto-171129,Executor4,Stage1-3-0,0,0,0,0,0,0,0,0
1784091576978,nx-q6-nexmark-auto-171129,Executor4,Stage1-3-0,0,0,0,0,0,0,0,0
1784091577978,nx-q6-nexmark-auto-171129,Executor4,Stage1-3-0,0,0,0,0,0,0,0,0
1784091578978,nx-q6-nexmark-auto-171129,Executor4,Stage1-3-0,0,0,0,0,0,0,0,0
1784091579978,nx-q6-nexmark-auto-171129,Executor4,Stage1-3-0,0,0,0,0,0,0,0,0
1784091580978,nx-q6-nexmark-auto-171129,Executor4,Stage1-3-0,0,0,0,0,0,0,0,0
1784091581978,nx-q6-nexmark-auto-171129,Executor4,Stage1-3-0,0,0,0,0,0,0,0,0
1784091582978,nx-q6-nexmark-auto-171129,Executor4,Stage1-3-0,0,0,0,0,0,0,0,0
1784091583978,nx-q6-nexmark-auto-171129,Executor4,Stage1-3-0,0,0,0,0,0,0,0,0
1784091584978,nx-q6-nexmark-auto-171129,Executor4,Stage1-3-0,0,0,0,0,0,0,0,0
1784091585978,nx-q6-nexmark-auto-171129,Executor4,Stage1-3-0,0,0,0,0,0,0,0,0
1784091586978,nx-q6-nexmark-auto-171129,Executor4,Stage1-3-0,0,0,0,0,0,0,0,0
1784091587978,nx-q6-nexmark-auto-171129,Executor4,Stage1-3-0,0,0,0,0,0,0,0,0
1784091588978,nx-q6-nexmark-auto-171129,Executor4,Stage1-3-0,0,0,0,0,0,0,0,0
1784091589978,nx-q6-nexmark-auto-171129,Executor4,Stage1-3-0,0,0,0,0,0,0,0,0
1784091590978,nx-q6-nexmark-auto-171129,Executor4,Stage1-3-0,0,0,0,0,0,0,0,0
1784091591978,nx-q6-nexmark-auto-171129,Executor4,Stage1-3-0,0,0,0,0,0,0,0,0
1784091592978,nx-q6-nexmark-auto-171129,Executor4,Stage1-3-0,0,0,0,0,0,0,0,0
1784091593978,nx-q6-nexmark-auto-171129,Executor4,Stage1-3-0,0,0,0,0,0,0,0,0
1784091594978,nx-q6-nexmark-auto-171129,Executor4,Stage1-3-0,0,0,0,0,0,0,0,0
1784091595978,nx-q6-nexmark-auto-171129,Executor4,Stage1-3-0,0,0,0,0,0,0,0,0
1784091596978,nx-q6-nexmark-auto-171129,Executor4,Stage1-3-0,0,0,0,0,0,0,0,0
1784091597978,nx-q6-nexmark-auto-171129,Executor4,Stage1-3-0,0,0,0,0,0,0,0,0
1784091598978,nx-q6-nexmark-auto-171129,Executor4,Stage1-3-0,0,0,0,0,0,0,0,0
1784091599978,nx-q6-nexmark-auto-171129,Executor4,Stage1-3-0,0,0,0,0,0,0,0,0
1784091600978,nx-q6-nexmark-auto-171129,Executor4,Stage1-3-0,0,0,0,0,0,0,0,0
1784091601978,nx-q6-nexmark-auto-171129,Executor4,Stage1-3-0,0,0,0,0,0,0,0,0
1784091602978,nx-q6-nexmark-auto-171129,Executor4,Stage1-3-0,0,0,0,0,0,0,0,0
1784091603978,nx-q6-nexmark-auto-171129,Executor4,Stage1-3-0,0,0,0,0,0,0,0,0
1784091604978,nx-q6-nexmark-auto-171129,Executor4,Stage1-3-0,0,0,0,0,0,0,0,0
1784091605978,nx-q6-nexmark-auto-171129,Executor4,Stage1-3-0,0,0,0,0,0,0,0,0
1784091606978,nx-q6-nexmark-auto-171129,Executor4,Stage1-3-0,0,0,0,0,0,0,0,0
1784091607978,nx-q6-nexmark-auto-171129,Executor4,Stage1-3-0,0,0,0,0,0,0,0,0
1784091608978,nx-q6-nexmark-auto-171129,Executor4,Stage1-3-0,0,0,0,0,0,0,0,0
1784091609978,nx-q6-nexmark-auto-171129,Executor4,Stage1-3-0,0,0,0,0,0,0,0,0
1784091610978,nx-q6-nexmark-auto-171129,Executor4,Stage1-3-0,0,0,0,0,0,0,0,0
1784091611978,nx-q6-nexmark-auto-171129,Executor4,Stage1-3-0,0,0,0,0,0,0,0,0
1784091612978,nx-q6-nexmark-auto-171129,Executor4,Stage1-3-0,0,0,0,0,0,0,0,0
1784091613978,nx-q6-nexmark-auto-171129,Executor4,Stage1-3-0,0,0,0,0,0,0,0,0
1784091614978,nx-q6-nexmark-auto-171129,Executor4,Stage1-3-0,0,0,0,0,0,0,0,0
1784091615978,nx-q6-nexmark-auto-171129,Executor4,Stage1-3-0,0,0,0,0,0,0,0,0
1784091616978,nx-q6-nexmark-auto-171129,Executor4,Stage1-3-0,0,0,0,0,0,0,0,0
1784091617978,nx-q6-nexmark-auto-171129,Executor4,Stage1-3-0,0,0,0,0,0,0,0,0
1784091618978,nx-q6-nexmark-auto-171129,Executor4,Stage1-3-0,0,0,0,0,0,0,0,0
1784091619978,nx-q6-nexmark-auto-171129,Executor4,Stage1-3-0,0,0,0,0,0,0,0,0
1784091620978,nx-q6-nexmark-auto-171129,Executor4,Stage1-3-0,0,0,0,0,0,0,0,0
1784091621978,nx-q6-nexmark-auto-171129,Executor4,Stage1-3-0,0,0,0,0,0,0,0,0
1784091622978,nx-q6-nexmark-auto-171129,Executor4,Stage1-3-0,0,0,0,0,0,0,0,0
1784091623978,nx-q6-nexmark-auto-171129,Executor4,Stage1-3-0,0,0,0,0,0,0,0,0
1784091624978,nx-q6-nexmark-auto-171129,Executor4,Stage1-3-0,0,0,0,0,0,0,0,0
1784091625978,nx-q6-nexmark-auto-171129,Executor4,Stage1-3-0,0,0,0,0,0,0,0,0
1784091626978,nx-q6-nexmark-auto-171129,Executor4,Stage1-3-0,0,0,0,0,0,0,0,0
1784091627978,nx-q6-nexmark-auto-171129,Executor4,Stage1-3-0,0,0,0,0,0,0,0,0
1784091628978,nx-q6-nexmark-auto-171129,Executor4,Stage1-3-0,0,0,0,0,0,0,0,0
1784091629978,nx-q6-nexmark-auto-171129,Executor4,Stage1-3-0,0,0,0,0,0,0,0,0
1784091630978,nx-q6-nexmark-auto-171129,Executor4,Stage1-3-0,0,0,0,0,0,0,0,0
1784091631978,nx-q6-nexmark-auto-171129,Executor4,Stage1-3-0,0,0,0,0,0,0,0,0
1784091632978,nx-q6-nexmark-auto-171129,Executor4,Stage1-3-0,0,0,0,0,0,0,0,0
1784091633978,nx-q6-nexmark-auto-171129,Executor4,Stage1-3-0,0,0,0,0,0,0,0,0
1784091634978,nx-q6-nexmark-auto-171129,Executor4,Stage1-3-0,0,0,0,0,0,0,0,0
1784091635978,nx-q6-nexmark-auto-171129,Executor4,Stage1-3-0,0,0,0,0,0,0,0,0
1784091636978,nx-q6-nexmark-auto-171129,Executor4,Stage1-3-0,0,0,0,0,0,0,0,0
1784091637978,nx-q6-nexmark-auto-171129,Executor4,Stage1-3-0,0,0,0,0,0,0,0,0
1784091638978,nx-q6-nexmark-auto-171129,Executor4,Stage1-3-0,0,0,0,0,0,0,0,0
1784091639978,nx-q6-nexmark-auto-171129,Executor4,Stage1-3-0,0,0,0,0,0,0,0,0
1784091640978,nx-q6-nexmark-auto-171129,Executor4,Stage1-3-0,0,0,0,0,0,0,0,0
1784091641978,nx-q6-nexmark-auto-171129,Executor4,Stage1-3-0,0,0,0,0,0,0,0,0
1784091642978,nx-q6-nexmark-auto-171129,Executor4,Stage1-3-0,0,0,0,0,0,0,0,0
1784091643978,nx-q6-nexmark-auto-171129,Executor4,Stage1-3-0,0,0,0,0,0,0,0,0
1784091644978,nx-q6-nexmark-auto-171129,Executor4,Stage1-3-0,0,0,0,0,0,0,0,0
1784091645978,nx-q6-nexmark-auto-171129,Executor4,Stage1-3-0,0,0,0,0,0,0,0,0
1784091646978,nx-q6-nexmark-auto-171129,Executor4,Stage1-3-0,0,0,0,0,0,0,0,0
1784091647978,nx-q6-nexmark-auto-171129,Executor4,Stage1-3-0,0,0,0,0,0,0,0,0
1784091648978,nx-q6-nexmark-auto-171129,Executor4,Stage1-3-0,0,0,0,0,0,0,0,0
1784091649978,nx-q6-nexmark-auto-171129,Executor4,Stage1-3-0,0,0,0,0,0,0,0,0
1784091650978,nx-q6-nexmark-auto-171129,Executor4,Stage1-3-0,0,0,0,0,0,0,0,0
1784091651978,nx-q6-nexmark-auto-171129,Executor4,Stage1-3-0,0,0,0,0,0,0,0,0
1784091652978,nx-q6-nexmark-auto-171129,Executor4,Stage1-3-0,0,0,0,0,0,0,0,0
1784091653978,nx-q6-nexmark-auto-171129,Executor4,Stage1-3-0,0,0,0,0,0,0,0,0
1784091654978,nx-q6-nexmark-auto-171129,Executor4,Stage1-3-0,0,0,0,0,0,0,0,0
1784091655978,nx-q6-nexmark-auto-171129,Executor4,Stage1-3-0,0,0,0,0,0,0,0,0
1784091656978,nx-q6-nexmark-auto-171129,Executor4,Stage1-3-0,0,0,0,0,0,0,0,0
1784091657978,nx-q6-nexmark-auto-171129,Executor4,Stage1-3-0,0,0,0,0,0,0,0,0
1784091658978,nx-q6-nexmark-auto-171129,Executor4,Stage1-3-0,0,0,0,0,0,0,0,0
1784091659978,nx-q6-nexmark-auto-171129,Executor4,Stage1-3-0,0,0,0,0,0,0,0,0
1784091660978,nx-q6-nexmark-auto-171129,Executor4,Stage1-3-0,0,0,0,0,0,0,0,0
1784091661978,nx-q6-nexmark-auto-171129,Executor4,Stage1-3-0,0,0,0,0,0,0,0,0
1784091662978,nx-q6-nexmark-auto-171129,Executor4,Stage1-3-0,0,0,0,0,0,0,0,0
1784091663978,nx-q6-nexmark-auto-171129,Executor4,Stage1-3-0,0,0,0,0,0,0,0,0
1784091664978,nx-q6-nexmark-auto-171129,Executor4,Stage1-3-0,0,0,0,0,0,0,0,0
1784091665978,nx-q6-nexmark-auto-171129,Executor4,Stage1-3-0,0,0,0,0,0,0,0,0
1784091666978,nx-q6-nexmark-auto-171129,Executor4,Stage1-3-0,0,0,0,0,0,0,0,0
1784091667978,nx-q6-nexmark-auto-171129,Executor4,Stage1-3-0,0,0,0,0,0,0,0,0
1784091668978,nx-q6-nexmark-auto-171129,Executor4,Stage1-3-0,0,0,0,0,0,0,0,0
1784091669978,nx-q6-nexmark-auto-171129,Executor4,Stage1-3-0,0,0,0,0,0,0,0,0
1784091670978,nx-q6-nexmark-auto-171129,Executor4,Stage1-3-0,0,0,0,0,0,0,0,0
1784091671978,nx-q6-nexmark-auto-171129,Executor4,Stage1-3-0,0,0,0,0,0,0,0,0
1784091672978,nx-q6-nexmark-auto-171129,Executor4,Stage1-3-0,0,0,0,0,0,0,0,0
1784091673978,nx-q6-nexmark-auto-171129,Executor4,Stage1-3-0,0,0,0,0,0,0,0,0
1784091674978,nx-q6-nexmark-auto-171129,Executor4,Stage1-3-0,0,0,0,0,0,0,0,0
1784091675978,nx-q6-nexmark-auto-171129,Executor4,Stage1-3-0,0,0,0,0,0,0,0,0
1784091676978,nx-q6-nexmark-auto-171129,Executor4,Stage1-3-0,0,0,0,0,0,0,0,0
1784091677978,nx-q6-nexmark-auto-171129,Executor4,Stage1-3-0,0,0,0,0,0,0,0,0
1784091678978,nx-q6-nexmark-auto-171129,Executor4,Stage1-3-0,0,0,0,0,0,0,0,0
1784091679978,nx-q6-nexmark-auto-171129,Executor4,Stage1-3-0,0,0,0,0,0,0,0,0
1784091680978,nx-q6-nexmark-auto-171129,Executor4,Stage1-3-0,0,0,0,0,0,0,0,0
1784091681978,nx-q6-nexmark-auto-171129,Executor4,Stage1-3-0,0,0,0,0,0,0,0,0
1784091682978,nx-q6-nexmark-auto-171129,Executor4,Stage1-3-0,0,0,0,0,0,0,0,0
1784091683978,nx-q6-nexmark-auto-171129,Executor4,Stage1-3-0,0,0,0,0,0,0,0,0
1784091684978,nx-q6-nexmark-auto-171129,Executor4,Stage1-3-0,0,0,0,0,0,0,0,0
1784091685978,nx-q6-nexmark-auto-171129,Executor4,Stage1-3-0,0,0,0,0,0,0,0,0
1784091686978,nx-q6-nexmark-auto-171129,Executor4,Stage1-3-0,0,0,0,0,0,0,0,0
1784091687978,nx-q6-nexmark-auto-171129,Executor4,Stage1-3-0,0,0,0,0,0,0,0,0
1784091688978,nx-q6-nexmark-auto-171129,Executor4,Stage1-3-0,0,0,0,0,0,0,0,0
1784091689978,nx-q6-nexmark-auto-171129,Executor4,Stage1-3-0,0,0,0,0,0,0,0,0
1784091690978,nx-q6-nexmark-auto-171129,Executor4,Stage1-3-0,0,0,0,0,0,0,0,0
1784091691978,nx-q6-nexmark-auto-171129,Executor4,Stage1-3-0,0,0,0,0,0,0,0,0
1784091692978,nx-q6-nexmark-auto-171129,Executor4,Stage1-3-0,0,0,0,0,0,0,0,0
1784091693978,nx-q6-nexmark-auto-171129,Executor4,Stage1-3-0,0,0,0,0,0,0,0,0
1784091694978,nx-q6-nexmark-auto-171129,Executor4,Stage1-3-0,0,0,0,0,0,0,0,0
1784091695978,nx-q6-nexmark-auto-171129,Executor4,Stage1-3-0,0,0,0,0,0,0,0,0
1784091696978,nx-q6-nexmark-auto-171129,Executor4,Stage1-3-0,0,0,0,0,0,0,0,0
1784091697978,nx-q6-nexmark-auto-171129,Executor4,Stage1-3-0,0,0,0,0,0,0,0,0
1784091698978,nx-q6-nexmark-auto-171129,Executor4,Stage1-3-0,0,0,0,0,0,0,0,0
1784091699978,nx-q6-nexmark-auto-171129,Executor4,Stage1-3-0,0,0,0,0,0,0,0,0
1784091700978,nx-q6-nexmark-auto-171129,Executor4,Stage1-3-0,0,0,0,0,0,0,0,0
1784091701978,nx-q6-nexmark-auto-171129,Executor4,Stage1-3-0,0,0,0,0,0,0,0,0
1784091702978,nx-q6-nexmark-auto-171129,Executor4,Stage1-3-0,0,0,0,0,0,0,0,0
1784091703978,nx-q6-nexmark-auto-171129,Executor4,Stage1-3-0,0,0,0,0,0,0,0,0
1784091704978,nx-q6-nexmark-auto-171129,Executor4,Stage1-3-0,0,0,0,0,0,0,0,0
1784091705978,nx-q6-nexmark-auto-171129,Executor4,Stage1-3-0,0,0,0,0,0,0,0,0
1784091706978,nx-q6-nexmark-auto-171129,Executor4,Stage1-3-0,0,0,0,0,0,0,0,0
1784091707978,nx-q6-nexmark-auto-171129,Executor4,Stage1-3-0,0,0,0,0,0,0,0,0
1784091708978,nx-q6-nexmark-auto-171129,Executor4,Stage1-3-0,0,0,0,0,0,0,0,0
1784091709978,nx-q6-nexmark-auto-171129,Executor4,Stage1-3-0,0,0,0,0,0,0,0,0
1784091710978,nx-q6-nexmark-auto-171129,Executor4,Stage1-3-0,0,0,0,0,0,0,0,0
1784091711978,nx-q6-nexmark-auto-171129,Executor4,Stage1-3-0,0,0,0,0,0,0,0,0
1784091712978,nx-q6-nexmark-auto-171129,Executor4,Stage1-3-0,0,0,0,0,0,0,0,0
1784091713978,nx-q6-nexmark-auto-171129,Executor4,Stage1-3-0,0,0,0,0,0,0,0,0
1784091714978,nx-q6-nexmark-auto-171129,Executor4,Stage1-3-0,0,0,0,0,0,0,0,0
1784091715978,nx-q6-nexmark-auto-171129,Executor4,Stage1-3-0,0,0,0,0,0,0,0,0
1784091716978,nx-q6-nexmark-auto-171129,Executor4,Stage1-3-0,0,0,0,0,0,0,0,0
1784091717978,nx-q6-nexmark-auto-171129,Executor4,Stage1-3-0,0,0,0,0,0,0,0,0
1784091718978,nx-q6-nexmark-auto-171129,Executor4,Stage1-3-0,0,0,0,0,0,0,0,0
1784091719978,nx-q6-nexmark-auto-171129,Executor4,Stage1-3-0,0,0,0,0,0,0,0,0
1784091720978,nx-q6-nexmark-auto-171129,Executor4,Stage1-3-0,0,0,0,0,0,0,0,0
1784091721978,nx-q6-nexmark-auto-171129,Executor4,Stage1-3-0,0,0,0,0,0,0,0,0
1784091722978,nx-q6-nexmark-auto-171129,Executor4,Stage1-3-0,0,0,0,0,0,0,0,0
1784091723978,nx-q6-nexmark-auto-171129,Executor4,Stage1-3-0,0,0,0,0,0,0,0,0
1784091724978,nx-q6-nexmark-auto-171129,Executor4,Stage1-3-0,0,0,0,0,0,0,0,0
1784091725978,nx-q6-nexmark-auto-171129,Executor4,Stage1-3-0,0,0,0,0,0,0,0,0
1784091726978,nx-q6-nexmark-auto-171129,Executor4,Stage1-3-0,0,0,0,0,0,0,0,0
1784091727978,nx-q6-nexmark-auto-171129,Executor4,Stage1-3-0,0,0,0,0,0,0,0,0
1784091728978,nx-q6-nexmark-auto-171129,Executor4,Stage1-3-0,0,0,0,0,0,0,0,0
1784091729978,nx-q6-nexmark-auto-171129,Executor4,Stage1-3-0,0,0,0,0,0,0,0,0
1784091730978,nx-q6-nexmark-auto-171129,Executor4,Stage1-3-0,0,0,0,0,0,0,0,0
1784091731978,nx-q6-nexmark-auto-171129,Executor4,Stage1-3-0,0,0,0,0,0,0,0,0
1784091732978,nx-q6-nexmark-auto-171129,Executor4,Stage1-3-0,0,0,0,0,0,0,0,0
1784091733978,nx-q6-nexmark-auto-171129,Executor4,Stage1-3-0,0,0,0,0,0,0,0,0
1784091734978,nx-q6-nexmark-auto-171129,Executor4,Stage1-3-0,0,0,0,0,0,0,0,0
1784091735978,nx-q6-nexmark-auto-171129,Executor4,Stage1-3-0,0,0,0,0,0,0,0,0
1784091736978,nx-q6-nexmark-auto-171129,Executor4,Stage1-3-0,0,0,0,0,0,0,0,0
1784091737978,nx-q6-nexmark-auto-171129,Executor4,Stage1-3-0,0,0,0,0,0,0,0,0
1784091738978,nx-q6-nexmark-auto-171129,Executor4,Stage1-3-0,0,0,0,0,0,0,0,0
1784091739978,nx-q6-nexmark-auto-171129,Executor4,Stage1-3-0,0,0,0,0,0,0,0,0
1784091740978,nx-q6-nexmark-auto-171129,Executor4,Stage1-3-0,0,0,0,0,0,0,0,0
1784091741978,nx-q6-nexmark-auto-171129,Executor4,Stage1-3-0,0,0,0,0,0,0,0,0
1784091742978,nx-q6-nexmark-auto-171129,Executor4,Stage1-3-0,0,0,0,0,0,0,0,0
1784091743978,nx-q6-nexmark-auto-171129,Executor4,Stage1-3-0,0,0,0,0,0,0,0,0
1784091744978,nx-q6-nexmark-auto-171129,Executor4,Stage1-3-0,0,0,0,0,0,0,0,0
1784091745978,nx-q6-nexmark-auto-171129,Executor4,Stage1-3-0,0,0,0,0,0,0,0,0
1784091746978,nx-q6-nexmark-auto-171129,Executor4,Stage1-3-0,0,0,0,0,0,0,0,0
1784091747978,nx-q6-nexmark-auto-171129,Executor4,Stage1-3-0,0,0,0,0,0,0,0,0
1784091748978,nx-q6-nexmark-auto-171129,Executor4,Stage1-3-0,0,0,0,0,0,0,0,0
1784091749978,nx-q6-nexmark-auto-171129,Executor4,Stage1-3-0,0,0,0,0,0,0,0,0
1784091750978,nx-q6-nexmark-auto-171129,Executor4,Stage1-3-0,0,0,0,0,0,0,0,0
1784091751978,nx-q6-nexmark-auto-171129,Executor4,Stage1-3-0,0,0,0,0,0,0,0,0
1784091752978,nx-q6-nexmark-auto-171129,Executor4,Stage1-3-0,0,0,0,0,0,0,0,0
1784091753978,nx-q6-nexmark-auto-171129,Executor4,Stage1-3-0,0,0,0,0,0,0,0,0
1784091754978,nx-q6-nexmark-auto-171129,Executor4,Stage1-3-0,0,0,0,0,0,0,0,0
1784091755978,nx-q6-nexmark-auto-171129,Executor4,Stage1-3-0,0,0,0,0,0,0,0,0
1784091756978,nx-q6-nexmark-auto-171129,Executor4,Stage1-3-0,0,0,0,0,0,0,0,0
1784091757978,nx-q6-nexmark-auto-171129,Executor4,Stage1-3-0,0,0,0,0,0,0,0,0
1784091758978,nx-q6-nexmark-auto-171129,Executor4,Stage1-3-0,0,0,0,0,0,0,0,0
1784091759978,nx-q6-nexmark-auto-171129,Executor4,Stage1-3-0,0,0,0,0,0,0,0,0
1784091760978,nx-q6-nexmark-auto-171129,Executor4,Stage1-3-0,0,0,0,0,0,0,0,0
1784091761978,nx-q6-nexmark-auto-171129,Executor4,Stage1-3-0,0,0,0,0,0,0,0,0
1784091762978,nx-q6-nexmark-auto-171129,Executor4,Stage1-3-0,0,0,0,0,0,0,0,0
1784091763978,nx-q6-nexmark-auto-171129,Executor4,Stage1-3-0,0,0,0,0,0,0,0,0
1784091764978,nx-q6-nexmark-auto-171129,Executor4,Stage1-3-0,0,0,0,0,0,0,0,0
1784091765978,nx-q6-nexmark-auto-171129,Executor4,Stage1-3-0,0,0,0,0,0,0,0,0
1784091766978,nx-q6-nexmark-auto-171129,Executor4,Stage1-3-0,0,0,0,0,0,0,0,0
1784091767978,nx-q6-nexmark-auto-171129,Executor4,Stage1-3-0,0,0,0,0,0,0,0,0
1784091768978,nx-q6-nexmark-auto-171129,Executor4,Stage1-3-0,0,0,0,0,0,0,0,0
1784091769978,nx-q6-nexmark-auto-171129,Executor4,Stage1-3-0,0,0,0,0,0,0,0,0
1784091770978,nx-q6-nexmark-auto-171129,Executor4,Stage1-3-0,0,0,0,0,0,0,0,0
1784091771978,nx-q6-nexmark-auto-171129,Executor4,Stage1-3-0,0,0,0,0,0,0,0,0
1784091772978,nx-q6-nexmark-auto-171129,Executor4,Stage1-3-0,0,0,0,0,0,0,0,0
1784091773978,nx-q6-nexmark-auto-171129,Executor4,Stage1-3-0,0,0,0,0,0,0,0,0
1784091774978,nx-q6-nexmark-auto-171129,Executor4,Stage1-3-0,0,0,0,0,0,0,0,0
1784091775978,nx-q6-nexmark-auto-171129,Executor4,Stage1-3-0,0,0,0,0,0,0,0,0
1784091776978,nx-q6-nexmark-auto-171129,Executor4,Stage1-3-0,0,0,0,0,0,0,0,0
1784091777978,nx-q6-nexmark-auto-171129,Executor4,Stage1-3-0,0,0,0,0,0,0,0,0
1784091778978,nx-q6-nexmark-auto-171129,Executor4,Stage1-3-0,0,0,0,0,0,0,0,0
1784091779978,nx-q6-nexmark-auto-171129,Executor4,Stage1-3-0,0,0,0,0,0,0,0,0
1784091780978,nx-q6-nexmark-auto-171129,Executor4,Stage1-3-0,0,0,0,0,0,0,0,0
1784091781978,nx-q6-nexmark-auto-171129,Executor4,Stage1-3-0,0,0,0,0,0,0,0,0
1784091782978,nx-q6-nexmark-auto-171129,Executor4,Stage1-3-0,0,0,0,0,0,0,0,0
1784091783978,nx-q6-nexmark-auto-171129,Executor4,Stage1-3-0,0,0,0,0,0,0,0,0
1784091784978,nx-q6-nexmark-auto-171129,Executor4,Stage1-3-0,0,0,0,0,0,0,0,0
1784091785978,nx-q6-nexmark-auto-171129,Executor4,Stage1-3-0,0,0,0,0,0,0,0,0
1784091786978,nx-q6-nexmark-auto-171129,Executor4,Stage1-3-0,0,0,0,0,0,0,0,0
1784091787978,nx-q6-nexmark-auto-171129,Executor4,Stage1-3-0,0,0,0,0,0,0,0,0
1784091788978,nx-q6-nexmark-auto-171129,Executor4,Stage1-3-0,0,0,0,0,0,0,0,0
1784091789978,nx-q6-nexmark-auto-171129,Executor4,Stage1-3-0,0,0,0,0,0,0,0,0
1784091790978,nx-q6-nexmark-auto-171129,Executor4,Stage1-3-0,0,0,0,0,0,0,0,0
1784091791978,nx-q6-nexmark-auto-171129,Executor4,Stage1-3-0,0,0,0,0,0,0,0,0
1784091792978,nx-q6-nexmark-auto-171129,Executor4,Stage1-3-0,0,0,0,0,0,0,0,0
1784091793978,nx-q6-nexmark-auto-171129,Executor4,Stage1-3-0,0,0,0,0,0,0,0,0
1784091794978,nx-q6-nexmark-auto-171129,Executor4,Stage1-3-0,0,0,0,0,0,0,0,0
1784091795978,nx-q6-nexmark-auto-171129,Executor4,Stage1-3-0,0,0,0,0,0,0,0,0
1784091796978,nx-q6-nexmark-auto-171129,Executor4,Stage1-3-0,0,0,0,0,0,0,0,0
1784091797978,nx-q6-nexmark-auto-171129,Executor4,Stage1-3-0,0,0,0,0,0,0,0,0
1784091798978,nx-q6-nexmark-auto-171129,Executor4,Stage1-3-0,0,0,0,0,0,0,0,0
1784091799978,nx-q6-nexmark-auto-171129,Executor4,Stage1-3-0,0,0,0,0,0,0,0,0
1784091800978,nx-q6-nexmark-auto-171129,Executor4,Stage1-3-0,0,0,0,0,0,0,0,0
1784091801978,nx-q6-nexmark-auto-171129,Executor4,Stage1-3-0,0,0,0,0,0,0,0,0
1784091802978,nx-q6-nexmark-auto-171129,Executor4,Stage1-3-0,0,0,0,0,0,0,0,0
1784091803978,nx-q6-nexmark-auto-171129,Executor4,Stage1-3-0,0,0,0,0,0,0,0,0
1784091804978,nx-q6-nexmark-auto-171129,Executor4,Stage1-3-0,0,0,0,0,0,0,0,0
1784091805978,nx-q6-nexmark-auto-171129,Executor4,Stage1-3-0,0,0,0,0,0,0,0,0
1784091806978,nx-q6-nexmark-auto-171129,Executor4,Stage1-3-0,0,0,0,0,0,0,0,0
1784091807978,nx-q6-nexmark-auto-171129,Executor4,Stage1-3-0,0,0,0,0,0,0,0,0
1784091808978,nx-q6-nexmark-auto-171129,Executor4,Stage1-3-0,0,0,0,0,0,0,0,0
1784091809978,nx-q6-nexmark-auto-171129,Executor4,Stage1-3-0,0,0,0,0,0,0,0,0
1784091810978,nx-q6-nexmark-auto-171129,Executor4,Stage1-3-0,0,0,0,0,0,0,0,0
1784091811978,nx-q6-nexmark-auto-171129,Executor4,Stage1-3-0,0,0,0,0,0,0,0,0
1784091812978,nx-q6-nexmark-auto-171129,Executor4,Stage1-3-0,0,0,0,0,0,0,0,0
1784091813978,nx-q6-nexmark-auto-171129,Executor4,Stage1-3-0,0,0,0,0,0,0,0,0
1784091814978,nx-q6-nexmark-auto-171129,Executor4,Stage1-3-0,0,0,0,0,0,0,0,0
1784091815978,nx-q6-nexmark-auto-171129,Executor4,Stage1-3-0,0,0,0,0,0,0,0,0
1784091816978,nx-q6-nexmark-auto-171129,Executor4,Stage1-3-0,0,0,0,0,0,0,0,0
1784091817978,nx-q6-nexmark-auto-171129,Executor4,Stage1-3-0,0,0,0,0,0,0,0,0
1784091818978,nx-q6-nexmark-auto-171129,Executor4,Stage1-3-0,0,0,0,0,0,0,0,0
1784091819978,nx-q6-nexmark-auto-171129,Executor4,Stage1-3-0,0,0,0,0,0,0,0,0
1784091820978,nx-q6-nexmark-auto-171129,Executor4,Stage1-3-0,0,0,0,0,0,0,0,0
1784091821978,nx-q6-nexmark-auto-171129,Executor4,Stage1-3-0,0,0,0,0,0,0,0,0
1784091822978,nx-q6-nexmark-auto-171129,Executor4,Stage1-3-0,0,0,0,0,0,0,0,0
1784091823978,nx-q6-nexmark-auto-171129,Executor4,Stage1-3-0,0,0,0,0,0,0,0,0
1784091824978,nx-q6-nexmark-auto-171129,Executor4,Stage1-3-0,0,0,0,0,0,0,0,0
1784091825978,nx-q6-nexmark-auto-171129,Executor4,Stage1-3-0,0,0,0,0,0,0,0,0
1784091826978,nx-q6-nexmark-auto-171129,Executor4,Stage1-3-0,0,0,0,0,0,0,0,0
1784091827978,nx-q6-nexmark-auto-171129,Executor4,Stage1-3-0,0,0,0,0,0,0,0,0
1784091828978,nx-q6-nexmark-auto-171129,Executor4,Stage1-3-0,0,0,0,0,0,0,0,0
1784091829978,nx-q6-nexmark-auto-171129,Executor4,Stage1-3-0,0,0,0,0,0,0,0,0
1784091830978,nx-q6-nexmark-auto-171129,Executor4,Stage1-3-0,0,0,0,0,0,0,0,0
1784091831978,nx-q6-nexmark-auto-171129,Executor4,Stage1-3-0,0,0,0,0,0,0,0,0
1784091832978,nx-q6-nexmark-auto-171129,Executor4,Stage1-3-0,0,0,0,0,0,0,0,0
1784091833978,nx-q6-nexmark-auto-171129,Executor4,Stage1-3-0,0,0,0,0,0,0,0,0
1784091834978,nx-q6-nexmark-auto-171129,Executor4,Stage1-3-0,0,0,0,0,0,0,0,0
1784091835978,nx-q6-nexmark-auto-171129,Executor4,Stage1-3-0,0,0,0,0,0,0,0,0
1784091836978,nx-q6-nexmark-auto-171129,Executor4,Stage1-3-0,0,0,0,0,0,0,0,0
1784091837978,nx-q6-nexmark-auto-171129,Executor4,Stage1-3-0,0,0,0,0,0,0,0,0
1784091838978,nx-q6-nexmark-auto-171129,Executor4,Stage1-3-0,0,0,0,0,0,0,0,0
1784091839978,nx-q6-nexmark-auto-171129,Executor4,Stage1-3-0,0,0,0,0,0,0,0,0
1784091840978,nx-q6-nexmark-auto-171129,Executor4,Stage1-3-0,0,0,0,0,0,0,0,0
1784091841978,nx-q6-nexmark-auto-171129,Executor4,Stage1-3-0,0,0,0,0,0,0,0,0
1784091842978,nx-q6-nexmark-auto-171129,Executor4,Stage1-3-0,0,0,0,0,0,0,0,0
1784091843978,nx-q6-nexmark-auto-171129,Executor4,Stage1-3-0,0,0,0,0,0,0,0,0
1784091844978,nx-q6-nexmark-auto-171129,Executor4,Stage1-3-0,0,0,0,0,0,0,0,0
1784091845978,nx-q6-nexmark-auto-171129,Executor4,Stage1-3-0,0,0,0,0,0,0,0,0
1784091846978,nx-q6-nexmark-auto-171129,Executor4,Stage1-3-0,0,0,0,0,0,0,0,0
1784091847978,nx-q6-nexmark-auto-171129,Executor4,Stage1-3-0,0,0,0,0,0,0,0,0
1784091848978,nx-q6-nexmark-auto-171129,Executor4,Stage1-3-0,0,0,0,0,0,0,0,0
1784091849978,nx-q6-nexmark-auto-171129,Executor4,Stage1-3-0,0,0,0,0,0,0,0,0
1784091850978,nx-q6-nexmark-auto-171129,Executor4,Stage1-3-0,0,0,0,0,0,0,0,0
1784091851978,nx-q6-nexmark-auto-171129,Executor4,Stage1-3-0,0,0,0,0,0,0,0,0
1784091852978,nx-q6-nexmark-auto-171129,Executor4,Stage1-3-0,0,0,0,0,0,0,0,0
1784091853978,nx-q6-nexmark-auto-171129,Executor4,Stage1-3-0,0,0,0,0,0,0,0,0
1784091854978,nx-q6-nexmark-auto-171129,Executor4,Stage1-3-0,0,0,0,0,0,0,0,0
1784091855978,nx-q6-nexmark-auto-171129,Executor4,Stage1-3-0,0,0,0,0,0,0,0,0
1784091856978,nx-q6-nexmark-auto-171129,Executor4,Stage1-3-0,0,0,0,0,0,0,0,0
1784091857978,nx-q6-nexmark-auto-171129,Executor4,Stage1-3-0,0,0,0,0,0,0,0,0
1784091858978,nx-q6-nexmark-auto-171129,Executor4,Stage1-3-0,0,0,0,0,0,0,0,0
1784091859978,nx-q6-nexmark-auto-171129,Executor4,Stage1-3-0,0,0,0,0,0,0,0,0
1784091860978,nx-q6-nexmark-auto-171129,Executor4,Stage1-3-0,0,0,0,0,0,0,0,0
1784091861978,nx-q6-nexmark-auto-171129,Executor4,Stage1-3-0,0,0,0,0,0,0,0,0
1784091862978,nx-q6-nexmark-auto-171129,Executor4,Stage1-3-0,0,0,0,0,0,0,0,0
1784091863978,nx-q6-nexmark-auto-171129,Executor4,Stage1-3-0,0,0,0,0,0,0,0,0
1784091864978,nx-q6-nexmark-auto-171129,Executor4,Stage1-3-0,0,0,0,0,0,0,0,0
1784091865978,nx-q6-nexmark-auto-171129,Executor4,Stage1-3-0,0,0,0,0,0,0,0,0
1784091866978,nx-q6-nexmark-auto-171129,Executor4,Stage1-3-0,0,0,0,0,0,0,0,0
1784091867978,nx-q6-nexmark-auto-171129,Executor4,Stage1-3-0,0,0,0,0,0,0,0,0
1784091868978,nx-q6-nexmark-auto-171129,Executor4,Stage1-3-0,0,0,0,0,0,0,0,0
1784091869978,nx-q6-nexmark-auto-171129,Executor4,Stage1-3-0,0,0,0,0,0,0,0,0
1784091870978,nx-q6-nexmark-auto-171129,Executor4,Stage1-3-0,0,0,0,0,0,0,0,0
1784091871978,nx-q6-nexmark-auto-171129,Executor4,Stage1-3-0,0,0,0,0,0,0,0,0
1784091872978,nx-q6-nexmark-auto-171129,Executor4,Stage1-3-0,0,0,0,0,0,0,0,0
1784091873978,nx-q6-nexmark-auto-171129,Executor4,Stage1-3-0,0,0,0,0,0,0,0,0
1784091874978,nx-q6-nexmark-auto-171129,Executor4,Stage1-3-0,0,0,0,0,0,0,0,0
1784091875978,nx-q6-nexmark-auto-171129,Executor4,Stage1-3-0,0,0,0,0,0,0,0,0
1784091876978,nx-q6-nexmark-auto-171129,Executor4,Stage1-3-0,0,0,0,0,0,0,0,0
1784091877978,nx-q6-nexmark-auto-171129,Executor4,Stage1-3-0,0,0,0,0,0,0,0,0
1784091878978,nx-q6-nexmark-auto-171129,Executor4,Stage1-3-0,0,0,0,0,0,0,0,0
1784091879978,nx-q6-nexmark-auto-171129,Executor4,Stage1-3-0,0,0,0,0,0,0,0,0
1784091880978,nx-q6-nexmark-auto-171129,Executor4,Stage1-3-0,0,0,0,0,0,0,0,0
1784091881978,nx-q6-nexmark-auto-171129,Executor4,Stage1-3-0,0,0,0,0,0,0,0,0
1784091882978,nx-q6-nexmark-auto-171129,Executor4,Stage1-3-0,0,0,0,0,0,0,0,0
1784091883978,nx-q6-nexmark-auto-171129,Executor4,Stage1-3-0,0,0,0,0,0,0,0,0
1784091884978,nx-q6-nexmark-auto-171129,Executor4,Stage1-3-0,0,0,0,0,0,0,0,0
1784091885978,nx-q6-nexmark-auto-171129,Executor4,Stage1-3-0,0,0,0,0,0,0,0,0
1784091886978,nx-q6-nexmark-auto-171129,Executor4,Stage1-3-0,0,0,0,0,0,0,0,0
1784091887978,nx-q6-nexmark-auto-171129,Executor4,Stage1-3-0,0,0,0,0,0,0,0,0
1784091888978,nx-q6-nexmark-auto-171129,Executor4,Stage1-3-0,0,0,0,0,0,0,0,0
1784091889978,nx-q6-nexmark-auto-171129,Executor4,Stage1-3-0,0,0,0,0,0,0,0,0
1784091890978,nx-q6-nexmark-auto-171129,Executor4,Stage1-3-0,0,0,0,0,0,0,0,0
1784091891978,nx-q6-nexmark-auto-171129,Executor4,Stage1-3-0,0,0,0,0,0,0,0,0
1784091892978,nx-q6-nexmark-auto-171129,Executor4,Stage1-3-0,0,0,0,0,0,0,0,0
1784091893978,nx-q6-nexmark-auto-171129,Executor4,Stage1-3-0,0,0,0,0,0,0,0,0
1784091894978,nx-q6-nexmark-auto-171129,Executor4,Stage1-3-0,0,0,0,0,0,0,0,0
1784091895978,nx-q6-nexmark-auto-171129,Executor4,Stage1-3-0,0,0,0,0,0,0,0,0
1784091896978,nx-q6-nexmark-auto-171129,Executor4,Stage1-3-0,0,0,0,0,0,0,0,0
1784091897978,nx-q6-nexmark-auto-171129,Executor4,Stage1-3-0,0,0,0,0,0,0,0,0
1784091898978,nx-q6-nexmark-auto-171129,Executor4,Stage1-3-0,0,0,0,0,0,0,0,0
1784091899978,nx-q6-nexmark-auto-171129,Executor4,Stage1-3-0,0,0,0,0,0,0,0,0
1784091900978,nx-q6-nexmark-auto-171129,Executor4,Stage1-3-0,0,0,0,0,0,0,0,0
1784091901978,nx-q6-nexmark-auto-171129,Executor4,Stage1-3-0,0,0,0,0,0,0,0,0
1784091902978,nx-q6-nexmark-auto-171129,Executor4,Stage1-3-0,0,0,0,0,0,0,0,0
1784091903978,nx-q6-nexmark-auto-171129,Executor4,Stage1-3-0,0,0,0,0,0,0,0,0
1784091904978,nx-q6-nexmark-auto-171129,Executor4,Stage1-3-0,0,0,0,0,0,0,0,0
1784091905978,nx-q6-nexmark-auto-171129,Executor4,Stage1-3-0,0,0,0,0,0,0,0,0
1784091906978,nx-q6-nexmark-auto-171129,Executor4,Stage1-3-0,0,0,0,0,0,0,0,0
1784091907978,nx-q6-nexmark-auto-171129,Executor4,Stage1-3-0,0,0,0,0,0,0,0,0
1784091908978,nx-q6-nexmark-auto-171129,Executor4,Stage1-3-0,0,0,0,0,0,0,0,0
1784091909978,nx-q6-nexmark-auto-171129,Executor4,Stage1-3-0,0,0,0,0,0,0,0,0
1784091910978,nx-q6-nexmark-auto-171129,Executor4,Stage1-3-0,0,0,0,0,0,0,0,0
1784091911978,nx-q6-nexmark-auto-171129,Executor4,Stage1-3-0,0,0,0,0,0,0,0,0
1784091912978,nx-q6-nexmark-auto-171129,Executor4,Stage1-3-0,0,0,0,0,0,0,0,0
1784091913978,nx-q6-nexmark-auto-171129,Executor4,Stage1-3-0,0,0,0,0,0,0,0,0
1784091914978,nx-q6-nexmark-auto-171129,Executor4,Stage1-3-0,0,0,0,0,0,0,0,0
1784091915978,nx-q6-nexmark-auto-171129,Executor4,Stage1-3-0,0,0,0,0,0,0,0,0
1784091916978,nx-q6-nexmark-auto-171129,Executor4,Stage1-3-0,0,0,0,0,0,0,0,0
1784091917978,nx-q6-nexmark-auto-171129,Executor4,Stage1-3-0,0,0,0,0,0,0,0,0
1784091918978,nx-q6-nexmark-auto-171129,Executor4,Stage1-3-0,0,0,0,0,0,0,0,0
1784091919978,nx-q6-nexmark-auto-171129,Executor4,Stage1-3-0,0,0,0,0,0,0,0,0
1784091920978,nx-q6-nexmark-auto-171129,Executor4,Stage1-3-0,0,0,0,0,0,0,0,0
1784091921978,nx-q6-nexmark-auto-171129,Executor4,Stage1-3-0,0,0,0,0,0,0,0,0
1784091922978,nx-q6-nexmark-auto-171129,Executor4,Stage1-3-0,0,0,0,0,0,0,0,0
1784091923978,nx-q6-nexmark-auto-171129,Executor4,Stage1-3-0,0,0,0,0,0,0,0,0
1784091924978,nx-q6-nexmark-auto-171129,Executor4,Stage1-3-0,0,0,0,0,0,0,0,0
1784091925978,nx-q6-nexmark-auto-171129,Executor4,Stage1-3-0,0,0,0,0,0,0,0,0
1784091926978,nx-q6-nexmark-auto-171129,Executor4,Stage1-3-0,0,0,0,0,0,0,0,0
1784091927978,nx-q6-nexmark-auto-171129,Executor4,Stage1-3-0,0,0,0,0,0,0,0,0
1784091928978,nx-q6-nexmark-auto-171129,Executor4,Stage1-3-0,0,0,0,0,0,0,0,0
1784091929978,nx-q6-nexmark-auto-171129,Executor4,Stage1-3-0,0,0,0,0,0,0,0,0
1784091930978,nx-q6-nexmark-auto-171129,Executor4,Stage1-3-0,0,0,0,0,0,0,0,0
1784091931978,nx-q6-nexmark-auto-171129,Executor4,Stage1-3-0,0,0,0,0,0,0,0,0
1784091932978,nx-q6-nexmark-auto-171129,Executor4,Stage1-3-0,0,0,0,0,0,0,0,0
1784091933978,nx-q6-nexmark-auto-171129,Executor4,Stage1-3-0,0,0,0,0,0,0,0,0
1784091934978,nx-q6-nexmark-auto-171129,Executor4,Stage1-3-0,0,0,0,0,0,0,0,0
1784091935978,nx-q6-nexmark-auto-171129,Executor4,Stage1-3-0,0,0,0,0,0,0,0,0
1784091936978,nx-q6-nexmark-auto-171129,Executor4,Stage1-3-0,0,0,0,0,0,0,0,0
1784091937978,nx-q6-nexmark-auto-171129,Executor4,Stage1-3-0,0,0,0,0,0,0,0,0
1784091938978,nx-q6-nexmark-auto-171129,Executor4,Stage1-3-0,0,0,0,0,0,0,0,0
1784091939978,nx-q6-nexmark-auto-171129,Executor4,Stage1-3-0,0,0,0,0,0,0,0,0
1784091940978,nx-q6-nexmark-auto-171129,Executor4,Stage1-3-0,0,0,0,0,0,0,0,0
1784091941978,nx-q6-nexmark-auto-171129,Executor4,Stage1-3-0,0,0,0,0,0,0,0,0
1784091942978,nx-q6-nexmark-auto-171129,Executor4,Stage1-3-0,0,0,0,0,0,0,0,0
1784091943978,nx-q6-nexmark-auto-171129,Executor4,Stage1-3-0,0,0,0,0,0,0,0,0
1784091944978,nx-q6-nexmark-auto-171129,Executor4,Stage1-3-0,0,0,0,0,0,0,0,0
1784091945978,nx-q6-nexmark-auto-171129,Executor4,Stage1-3-0,0,0,0,0,0,0,0,0
1784091946978,nx-q6-nexmark-auto-171129,Executor4,Stage1-3-0,0,0,0,0,0,0,0,0
1784091947978,nx-q6-nexmark-auto-171129,Executor4,Stage1-3-0,0,0,0,0,0,0,0,0
1784091948978,nx-q6-nexmark-auto-171129,Executor4,Stage1-3-0,0,0,0,0,0,0,0,0
1784091949978,nx-q6-nexmark-auto-171129,Executor4,Stage1-3-0,0,0,0,0,0,0,0,0
1784091950978,nx-q6-nexmark-auto-171129,Executor4,Stage1-3-0,0,0,0,0,0,0,0,0
1784091951978,nx-q6-nexmark-auto-171129,Executor4,Stage1-3-0,0,0,0,0,0,0,0,0
1784091952978,nx-q6-nexmark-auto-171129,Executor4,Stage1-3-0,0,0,0,0,0,0,0,0
1784091953978,nx-q6-nexmark-auto-171129,Executor4,Stage1-3-0,0,0,0,0,0,0,0,0
1784091954978,nx-q6-nexmark-auto-171129,Executor4,Stage1-3-0,0,0,0,0,0,0,0,0
1784091955978,nx-q6-nexmark-auto-171129,Executor4,Stage1-3-0,0,0,0,0,0,0,0,0
1784091956978,nx-q6-nexmark-auto-171129,Executor4,Stage1-3-0,0,0,0,0,0,0,0,0
1784091957978,nx-q6-nexmark-auto-171129,Executor4,Stage1-3-0,0,0,0,0,0,0,0,0
1784091958978,nx-q6-nexmark-auto-171129,Executor4,Stage1-3-0,0,0,0,0,0,0,0,0
1784091959978,nx-q6-nexmark-auto-171129,Executor4,Stage1-3-0,0,0,0,0,0,0,0,0
1784091960978,nx-q6-nexmark-auto-171129,Executor4,Stage1-3-0,0,0,0,0,0,0,0,0
1784091961978,nx-q6-nexmark-auto-171129,Executor4,Stage1-3-0,0,0,0,0,0,0,0,0
1784091962978,nx-q6-nexmark-auto-171129,Executor4,Stage1-3-0,0,0,0,0,0,0,0,0
1784091963978,nx-q6-nexmark-auto-171129,Executor4,Stage1-3-0,0,0,0,0,0,0,0,0
1784091964978,nx-q6-nexmark-auto-171129,Executor4,Stage1-3-0,0,0,0,0,0,0,0,0
1784091965978,nx-q6-nexmark-auto-171129,Executor4,Stage1-3-0,0,0,0,0,0,0,0,0
1784091966978,nx-q6-nexmark-auto-171129,Executor4,Stage1-3-0,0,0,0,0,0,0,0,0
1784091967978,nx-q6-nexmark-auto-171129,Executor4,Stage1-3-0,0,0,0,0,0,0,0,0
1784091968978,nx-q6-nexmark-auto-171129,Executor4,Stage1-3-0,0,0,0,0,0,0,0,0
1784091969978,nx-q6-nexmark-auto-171129,Executor4,Stage1-3-0,0,0,0,0,0,0,0,0
1784091970978,nx-q6-nexmark-auto-171129,Executor4,Stage1-3-0,0,0,0,0,0,0,0,0
1784091971978,nx-q6-nexmark-auto-171129,Executor4,Stage1-3-0,0,0,0,0,0,0,0,0
1784091972978,nx-q6-nexmark-auto-171129,Executor4,Stage1-3-0,0,0,0,0,0,0,0,0
1784091973978,nx-q6-nexmark-auto-171129,Executor4,Stage1-3-0,0,0,0,0,0,0,0,0
1784091974978,nx-q6-nexmark-auto-171129,Executor4,Stage1-3-0,0,0,0,0,0,0,0,0
1784091975978,nx-q6-nexmark-auto-171129,Executor4,Stage1-3-0,0,0,0,0,0,0,0,0
1784091976978,nx-q6-nexmark-auto-171129,Executor4,Stage1-3-0,0,0,0,0,0,0,0,0
1784091977978,nx-q6-nexmark-auto-171129,Executor4,Stage1-3-0,0,0,0,0,0,0,0,0
1784091978978,nx-q6-nexmark-auto-171129,Executor4,Stage1-3-0,0,0,0,0,0,0,0,0
1784091979978,nx-q6-nexmark-auto-171129,Executor4,Stage1-3-0,0,0,0,0,0,0,0,0
1784091980978,nx-q6-nexmark-auto-171129,Executor4,Stage1-3-0,0,0,0,0,0,0,0,0
1784091981978,nx-q6-nexmark-auto-171129,Executor4,Stage1-3-0,0,0,0,0,0,0,0,0
1784091982978,nx-q6-nexmark-auto-171129,Executor4,Stage1-3-0,0,0,0,0,0,0,0,0
1784091983978,nx-q6-nexmark-auto-171129,Executor4,Stage1-3-0,0,0,0,0,0,0,0,0
1784091984978,nx-q6-nexmark-auto-171129,Executor4,Stage1-3-0,0,0,0,0,0,0,0,0
1784091985978,nx-q6-nexmark-auto-171129,Executor4,Stage1-3-0,0,0,0,0,0,0,0,0
1784091986978,nx-q6-nexmark-auto-171129,Executor4,Stage1-3-0,0,0,0,0,0,0,0,0
1784091987978,nx-q6-nexmark-auto-171129,Executor4,Stage1-3-0,0,0,0,0,0,0,0,0
1784091988978,nx-q6-nexmark-auto-171129,Executor4,Stage1-3-0,0,0,0,0,0,0,0,0
1784091989978,nx-q6-nexmark-auto-171129,Executor4,Stage1-3-0,0,0,0,0,0,0,0,0
1784091990978,nx-q6-nexmark-auto-171129,Executor4,Stage1-3-0,0,0,0,0,0,0,0,0
1784091991978,nx-q6-nexmark-auto-171129,Executor4,Stage1-3-0,0,0,0,0,0,0,0,0
1784091992978,nx-q6-nexmark-auto-171129,Executor4,Stage1-3-0,0,0,0,0,0,0,0,0
1784091993978,nx-q6-nexmark-auto-171129,Executor4,Stage1-3-0,0,0,0,0,0,0,0,0
1784091994978,nx-q6-nexmark-auto-171129,Executor4,Stage1-3-0,0,0,0,0,0,0,0,0
1784091995978,nx-q6-nexmark-auto-171129,Executor4,Stage1-3-0,0,0,0,0,0,0,0,0
1784091996978,nx-q6-nexmark-auto-171129,Executor4,Stage1-3-0,0,0,0,0,0,0,0,0
1784091997978,nx-q6-nexmark-auto-171129,Executor4,Stage1-3-0,0,0,0,0,0,0,0,0
1784091998978,nx-q6-nexmark-auto-171129,Executor4,Stage1-3-0,0,0,0,0,0,0,0,0
1784091999978,nx-q6-nexmark-auto-171129,Executor4,Stage1-3-0,0,0,0,0,0,0,0,0
1784092000978,nx-q6-nexmark-auto-171129,Executor4,Stage1-3-0,0,0,0,0,0,0,0,0
1784092001978,nx-q6-nexmark-auto-171129,Executor4,Stage1-3-0,0,0,0,0,0,0,0,0
1784092002978,nx-q6-nexmark-auto-171129,Executor4,Stage1-3-0,0,0,0,0,0,0,0,0
1784092003978,nx-q6-nexmark-auto-171129,Executor4,Stage1-3-0,0,0,0,0,0,0,0,0
1784092004978,nx-q6-nexmark-auto-171129,Executor4,Stage1-3-0,0,0,0,0,0,0,0,0
1784092005978,nx-q6-nexmark-auto-171129,Executor4,Stage1-3-0,0,0,0,0,0,0,0,0
1784092006978,nx-q6-nexmark-auto-171129,Executor4,Stage1-3-0,0,0,0,0,0,0,0,0
1784092007978,nx-q6-nexmark-auto-171129,Executor4,Stage1-3-0,0,0,0,0,0,0,0,0
1784092008978,nx-q6-nexmark-auto-171129,Executor4,Stage1-3-0,0,0,0,0,0,0,0,0
1784092009978,nx-q6-nexmark-auto-171129,Executor4,Stage1-3-0,0,0,0,0,0,0,0,0
1784092010978,nx-q6-nexmark-auto-171129,Executor4,Stage1-3-0,0,0,0,0,0,0,0,0
1784092011978,nx-q6-nexmark-auto-171129,Executor4,Stage1-3-0,0,0,0,0,0,0,0,0
1784092012978,nx-q6-nexmark-auto-171129,Executor4,Stage1-3-0,0,0,0,0,0,0,0,0
1784092013978,nx-q6-nexmark-auto-171129,Executor4,Stage1-3-0,0,0,0,0,0,0,0,0
1784092014978,nx-q6-nexmark-auto-171129,Executor4,Stage1-3-0,0,0,0,0,0,0,0,0
1784092015978,nx-q6-nexmark-auto-171129,Executor4,Stage1-3-0,0,0,0,0,0,0,0,0
1784092016978,nx-q6-nexmark-auto-171129,Executor4,Stage1-3-0,0,0,0,0,0,0,0,0
1784092017978,nx-q6-nexmark-auto-171129,Executor4,Stage1-3-0,0,0,0,0,0,0,0,0
1784092018978,nx-q6-nexmark-auto-171129,Executor4,Stage1-3-0,0,0,0,0,0,0,0,0
1784092019978,nx-q6-nexmark-auto-171129,Executor4,Stage1-3-0,0,0,0,0,0,0,0,0
1784092020978,nx-q6-nexmark-auto-171129,Executor4,Stage1-3-0,0,0,0,0,0,0,0,0
1784092021978,nx-q6-nexmark-auto-171129,Executor4,Stage1-3-0,0,0,0,0,0,0,0,0
1784092022978,nx-q6-nexmark-auto-171129,Executor4,Stage1-3-0,0,0,0,0,0,0,0,0
1784092023978,nx-q6-nexmark-auto-171129,Executor4,Stage1-3-0,0,0,0,0,0,0,0,0
1784092024978,nx-q6-nexmark-auto-171129,Executor4,Stage1-3-0,0,0,0,0,0,0,0,0
1784092025978,nx-q6-nexmark-auto-171129,Executor4,Stage1-3-0,0,0,0,0,0,0,0,0
1784092026978,nx-q6-nexmark-auto-171129,Executor4,Stage1-3-0,0,0,0,0,0,0,0,0
1784092027978,nx-q6-nexmark-auto-171129,Executor4,Stage1-3-0,0,0,0,0,0,0,0,0
1784092028978,nx-q6-nexmark-auto-171129,Executor4,Stage1-3-0,0,0,0,0,0,0,0,0
1784092029978,nx-q6-nexmark-auto-171129,Executor4,Stage1-3-0,0,0,0,0,0,0,0,0
1784092030978,nx-q6-nexmark-auto-171129,Executor4,Stage1-3-0,0,0,0,0,0,0,0,0
1784092031978,nx-q6-nexmark-auto-171129,Executor4,Stage1-3-0,0,0,0,0,0,0,0,0
1784092032978,nx-q6-nexmark-auto-171129,Executor4,Stage1-3-0,0,0,0,0,0,0,0,0
1784092033978,nx-q6-nexmark-auto-171129,Executor4,Stage1-3-0,0,0,0,0,0,0,0,0
1784092034978,nx-q6-nexmark-auto-171129,Executor4,Stage1-3-0,0,0,0,0,0,0,0,0
1784092035978,nx-q6-nexmark-auto-171129,Executor4,Stage1-3-0,0,0,0,0,0,0,0,0
1784092036978,nx-q6-nexmark-auto-171129,Executor4,Stage1-3-0,0,0,0,0,0,0,0,0
1784092037978,nx-q6-nexmark-auto-171129,Executor4,Stage1-3-0,0,0,0,0,0,0,0,0
1784092038978,nx-q6-nexmark-auto-171129,Executor4,Stage1-3-0,0,0,0,0,0,0,0,0
1784092039978,nx-q6-nexmark-auto-171129,Executor4,Stage1-3-0,0,0,0,0,0,0,0,0
1784092040978,nx-q6-nexmark-auto-171129,Executor4,Stage1-3-0,0,0,0,0,0,0,0,0
1784092041978,nx-q6-nexmark-auto-171129,Executor4,Stage1-3-0,0,0,0,0,0,0,0,0
1784092042978,nx-q6-nexmark-auto-171129,Executor4,Stage1-3-0,0,0,0,0,0,0,0,0
1784092043978,nx-q6-nexmark-auto-171129,Executor4,Stage1-3-0,0,0,0,0,0,0,0,0
1784092044978,nx-q6-nexmark-auto-171129,Executor4,Stage1-3-0,0,0,0,0,0,0,0,0
1784092045978,nx-q6-nexmark-auto-171129,Executor4,Stage1-3-0,0,0,0,0,0,0,0,0
1784092046978,nx-q6-nexmark-auto-171129,Executor4,Stage1-3-0,0,0,0,0,0,0,0,0
1784092047978,nx-q6-nexmark-auto-171129,Executor4,Stage1-3-0,0,0,0,0,0,0,0,0
1784092048978,nx-q6-nexmark-auto-171129,Executor4,Stage1-3-0,0,0,0,0,0,0,0,0
1784092049978,nx-q6-nexmark-auto-171129,Executor4,Stage1-3-0,0,0,0,0,0,0,0,0
1784092050978,nx-q6-nexmark-auto-171129,Executor4,Stage1-3-0,0,0,0,0,0,0,0,0
1784092051978,nx-q6-nexmark-auto-171129,Executor4,Stage1-3-0,0,0,0,0,0,0,0,0
1784092052978,nx-q6-nexmark-auto-171129,Executor4,Stage1-3-0,0,0,0,0,0,0,0,0
1784092053978,nx-q6-nexmark-auto-171129,Executor4,Stage1-3-0,0,0,0,0,0,0,0,0
1784092054978,nx-q6-nexmark-auto-171129,Executor4,Stage1-3-0,0,0,0,0,0,0,0,0
1784092055978,nx-q6-nexmark-auto-171129,Executor4,Stage1-3-0,0,0,0,0,0,0,0,0
1784092056978,nx-q6-nexmark-auto-171129,Executor4,Stage1-3-0,0,0,0,0,0,0,0,0
1784092057978,nx-q6-nexmark-auto-171129,Executor4,Stage1-3-0,0,0,0,0,0,0,0,0
1784092058978,nx-q6-nexmark-auto-171129,Executor4,Stage1-3-0,0,0,0,0,0,0,0,0
1784092059978,nx-q6-nexmark-auto-171129,Executor4,Stage1-3-0,0,0,0,0,0,0,0,0
1784092060978,nx-q6-nexmark-auto-171129,Executor4,Stage1-3-0,0,0,0,0,0,0,0,0
1784092061978,nx-q6-nexmark-auto-171129,Executor4,Stage1-3-0,0,0,0,0,0,0,0,0
1784092062978,nx-q6-nexmark-auto-171129,Executor4,Stage1-3-0,0,0,0,0,0,0,0,0
1784092063978,nx-q6-nexmark-auto-171129,Executor4,Stage1-3-0,0,0,0,0,0,0,0,0
1784092064978,nx-q6-nexmark-auto-171129,Executor4,Stage1-3-0,0,0,0,0,0,0,0,0
1784092065978,nx-q6-nexmark-auto-171129,Executor4,Stage1-3-0,0,0,0,0,0,0,0,0
1784092066978,nx-q6-nexmark-auto-171129,Executor4,Stage1-3-0,0,0,0,0,0,0,0,0
1784092067978,nx-q6-nexmark-auto-171129,Executor4,Stage1-3-0,0,0,0,0,0,0,0,0
1784092068978,nx-q6-nexmark-auto-171129,Executor4,Stage1-3-0,0,0,0,0,0,0,0,0
1784092069978,nx-q6-nexmark-auto-171129,Executor4,Stage1-3-0,0,0,0,0,0,0,0,0
1784092070978,nx-q6-nexmark-auto-171129,Executor4,Stage1-3-0,0,0,0,0,0,0,0,0
1784092071978,nx-q6-nexmark-auto-171129,Executor4,Stage1-3-0,0,0,0,0,0,0,0,0
1784092072978,nx-q6-nexmark-auto-171129,Executor4,Stage1-3-0,0,0,0,0,0,0,0,0
1784092073978,nx-q6-nexmark-auto-171129,Executor4,Stage1-3-0,0,0,0,0,0,0,0,0
1784092074978,nx-q6-nexmark-auto-171129,Executor4,Stage1-3-0,0,0,0,0,0,0,0,0
1784092075978,nx-q6-nexmark-auto-171129,Executor4,Stage1-3-0,0,0,0,0,0,0,0,0
1784092076978,nx-q6-nexmark-auto-171129,Executor4,Stage1-3-0,0,0,0,0,0,0,0,0
1784092077978,nx-q6-nexmark-auto-171129,Executor4,Stage1-3-0,0,0,0,0,0,0,0,0
1784092078978,nx-q6-nexmark-auto-171129,Executor4,Stage1-3-0,0,0,0,0,0,0,0,0
1784092079978,nx-q6-nexmark-auto-171129,Executor4,Stage1-3-0,0,0,0,0,0,0,0,0
1784092080978,nx-q6-nexmark-auto-171129,Executor4,Stage1-3-0,0,0,0,0,0,0,0,0
1784092081978,nx-q6-nexmark-auto-171129,Executor4,Stage1-3-0,0,0,0,0,0,0,0,0
1784092082978,nx-q6-nexmark-auto-171129,Executor4,Stage1-3-0,0,0,0,0,0,0,0,0
1784092083978,nx-q6-nexmark-auto-171129,Executor4,Stage1-3-0,0,0,0,0,0,0,0,0
1784092084978,nx-q6-nexmark-auto-171129,Executor4,Stage1-3-0,0,0,0,0,0,0,0,0
1784092085978,nx-q6-nexmark-auto-171129,Executor4,Stage1-3-0,0,0,0,0,0,0,0,0
1784092086978,nx-q6-nexmark-auto-171129,Executor4,Stage1-3-0,0,0,0,0,0,0,0,0
1784092087978,nx-q6-nexmark-auto-171129,Executor4,Stage1-3-0,0,0,0,0,0,0,0,0
1784092088978,nx-q6-nexmark-auto-171129,Executor4,Stage1-3-0,0,0,0,0,0,0,0,0
1784092089978,nx-q6-nexmark-auto-171129,Executor4,Stage1-3-0,0,0,0,0,0,0,0,0
1784092090978,nx-q6-nexmark-auto-171129,Executor4,Stage1-3-0,0,0,0,0,0,0,0,0
1784092091978,nx-q6-nexmark-auto-171129,Executor4,Stage1-3-0,0,0,0,0,0,0,0,0
1784092092978,nx-q6-nexmark-auto-171129,Executor4,Stage1-3-0,0,0,0,0,0,0,0,0
1784092093978,nx-q6-nexmark-auto-171129,Executor4,Stage1-3-0,0,0,0,0,0,0,0,0
1784092094978,nx-q6-nexmark-auto-171129,Executor4,Stage1-3-0,0,0,0,0,0,0,0,0
1784092095978,nx-q6-nexmark-auto-171129,Executor4,Stage1-3-0,0,0,0,0,0,0,0,0
1784092096978,nx-q6-nexmark-auto-171129,Executor4,Stage1-3-0,0,0,0,0,0,0,0,0
1784092097978,nx-q6-nexmark-auto-171129,Executor4,Stage1-3-0,0,0,0,0,0,0,0,0
1784092098978,nx-q6-nexmark-auto-171129,Executor4,Stage1-3-0,0,0,0,0,0,0,0,0
1784092099978,nx-q6-nexmark-auto-171129,Executor4,Stage1-3-0,0,0,0,0,0,0,0,0
1784092100978,nx-q6-nexmark-auto-171129,Executor4,Stage1-3-0,0,0,0,0,0,0,0,0
1784092101978,nx-q6-nexmark-auto-171129,Executor4,Stage1-3-0,0,0,0,0,0,0,0,0
1784092102978,nx-q6-nexmark-auto-171129,Executor4,Stage1-3-0,0,0,0,0,0,0,0,0
1784092103978,nx-q6-nexmark-auto-171129,Executor4,Stage1-3-0,0,0,0,0,0,0,0,0
1784092104978,nx-q6-nexmark-auto-171129,Executor4,Stage1-3-0,0,0,0,0,0,0,0,0
1784092105978,nx-q6-nexmark-auto-171129,Executor4,Stage1-3-0,0,0,0,0,0,0,0,0
1784092106978,nx-q6-nexmark-auto-171129,Executor4,Stage1-3-0,0,0,0,0,0,0,0,0
1784092107978,nx-q6-nexmark-auto-171129,Executor4,Stage1-3-0,0,0,0,0,0,0,0,0
1784092108978,nx-q6-nexmark-auto-171129,Executor4,Stage1-3-0,0,0,0,0,0,0,0,0
1784092109978,nx-q6-nexmark-auto-171129,Executor4,Stage1-3-0,0,0,0,0,0,0,0,0
1784092110978,nx-q6-nexmark-auto-171129,Executor4,Stage1-3-0,0,0,0,0,0,0,0,0
1784092111978,nx-q6-nexmark-auto-171129,Executor4,Stage1-3-0,0,0,0,0,0,0,0,0
1784092112978,nx-q6-nexmark-auto-171129,Executor4,Stage1-3-0,0,0,0,0,0,0,0,0
1784092113978,nx-q6-nexmark-auto-171129,Executor4,Stage1-3-0,0,0,0,0,0,0,0,0
1784092114978,nx-q6-nexmark-auto-171129,Executor4,Stage1-3-0,0,0,0,0,0,0,0,0
1784092115978,nx-q6-nexmark-auto-171129,Executor4,Stage1-3-0,0,0,0,0,0,0,0,0
1784092116978,nx-q6-nexmark-auto-171129,Executor4,Stage1-3-0,0,0,0,0,0,0,0,0
1784092117978,nx-q6-nexmark-auto-171129,Executor4,Stage1-3-0,0,0,0,0,0,0,0,0
1784092118978,nx-q6-nexmark-auto-171129,Executor4,Stage1-3-0,0,0,0,0,0,0,0,0
1784092119978,nx-q6-nexmark-auto-171129,Executor4,Stage1-3-0,0,0,0,0,0,0,0,0
1784092120978,nx-q6-nexmark-auto-171129,Executor4,Stage1-3-0,0,0,0,0,0,0,0,0
1784092121978,nx-q6-nexmark-auto-171129,Executor4,Stage1-3-0,0,0,0,0,0,0,0,0
1784092122978,nx-q6-nexmark-auto-171129,Executor4,Stage1-3-0,0,0,0,0,0,0,0,0
1784092123978,nx-q6-nexmark-auto-171129,Executor4,Stage1-3-0,0,0,0,0,0,0,0,0
1784092124978,nx-q6-nexmark-auto-171129,Executor4,Stage1-3-0,0,0,0,0,0,0,0,0
1784092125978,nx-q6-nexmark-auto-171129,Executor4,Stage1-3-0,0,0,0,0,0,0,0,0
1784092126978,nx-q6-nexmark-auto-171129,Executor4,Stage1-3-0,0,0,0,0,0,0,0,0
1784092127978,nx-q6-nexmark-auto-171129,Executor4,Stage1-3-0,0,0,0,0,0,0,0,0
1784092128978,nx-q6-nexmark-auto-171129,Executor4,Stage1-3-0,0,0,0,0,0,0,0,0
1784092129978,nx-q6-nexmark-auto-171129,Executor4,Stage1-3-0,0,0,0,0,0,0,0,0
1784092130978,nx-q6-nexmark-auto-171129,Executor4,Stage1-3-0,0,0,0,0,0,0,0,0
1784092131978,nx-q6-nexmark-auto-171129,Executor4,Stage1-3-0,0,0,0,0,0,0,0,0
1784092132978,nx-q6-nexmark-auto-171129,Executor4,Stage1-3-0,0,0,0,0,0,0,0,0
1784092133978,nx-q6-nexmark-auto-171129,Executor4,Stage1-3-0,0,0,0,0,0,0,0,0
1784092134978,nx-q6-nexmark-auto-171129,Executor4,Stage1-3-0,0,0,0,0,0,0,0,0
1784092135978,nx-q6-nexmark-auto-171129,Executor4,Stage1-3-0,0,0,0,0,0,0,0,0
1784092136978,nx-q6-nexmark-auto-171129,Executor4,Stage1-3-0,0,0,0,0,0,0,0,0
1784092137978,nx-q6-nexmark-auto-171129,Executor4,Stage1-3-0,0,0,0,0,0,0,0,0
1784092138978,nx-q6-nexmark-auto-171129,Executor4,Stage1-3-0,0,0,0,0,0,0,0,0
1784092139978,nx-q6-nexmark-auto-171129,Executor4,Stage1-3-0,0,0,0,0,0,0,0,0
1784092140978,nx-q6-nexmark-auto-171129,Executor4,Stage1-3-0,0,0,0,0,0,0,0,0
1784092141978,nx-q6-nexmark-auto-171129,Executor4,Stage1-3-0,0,0,0,0,0,0,0,0
1784092142978,nx-q6-nexmark-auto-171129,Executor4,Stage1-3-0,0,0,0,0,0,0,0,0
1784092143978,nx-q6-nexmark-auto-171129,Executor4,Stage1-3-0,0,0,0,0,0,0,0,0
1784092144978,nx-q6-nexmark-auto-171129,Executor4,Stage1-3-0,0,0,0,0,0,0,0,0
1784092145978,nx-q6-nexmark-auto-171129,Executor4,Stage1-3-0,0,0,0,0,0,0,0,0
1784092146978,nx-q6-nexmark-auto-171129,Executor4,Stage1-3-0,0,0,0,0,0,0,0,0
1784092147978,nx-q6-nexmark-auto-171129,Executor4,Stage1-3-0,0,0,0,0,0,0,0,0
1784092148978,nx-q6-nexmark-auto-171129,Executor4,Stage1-3-0,0,0,0,0,0,0,0,0
1784092149978,nx-q6-nexmark-auto-171129,Executor4,Stage1-3-0,0,0,0,0,0,0,0,0
1784092150978,nx-q6-nexmark-auto-171129,Executor4,Stage1-3-0,0,0,0,0,0,0,0,0
1784092151978,nx-q6-nexmark-auto-171129,Executor4,Stage1-3-0,0,0,0,0,0,0,0,0
1784092152978,nx-q6-nexmark-auto-171129,Executor4,Stage1-3-0,0,0,0,0,0,0,0,0
1784092153978,nx-q6-nexmark-auto-171129,Executor4,Stage1-3-0,0,0,0,0,0,0,0,0
1784092154978,nx-q6-nexmark-auto-171129,Executor4,Stage1-3-0,0,0,0,0,0,0,0,0
1784092155978,nx-q6-nexmark-auto-171129,Executor4,Stage1-3-0,0,0,0,0,0,0,0,0
1784092156978,nx-q6-nexmark-auto-171129,Executor4,Stage1-3-0,0,0,0,0,0,0,0,0
1784092157978,nx-q6-nexmark-auto-171129,Executor4,Stage1-3-0,0,0,0,0,0,0,0,0
1784092158978,nx-q6-nexmark-auto-171129,Executor4,Stage1-3-0,0,0,0,0,0,0,0,0
1784092159978,nx-q6-nexmark-auto-171129,Executor4,Stage1-3-0,0,0,0,0,0,0,0,0
1784092160978,nx-q6-nexmark-auto-171129,Executor4,Stage1-3-0,0,0,0,0,0,0,0,0
1784092161978,nx-q6-nexmark-auto-171129,Executor4,Stage1-3-0,0,0,0,0,0,0,0,0
1784092162978,nx-q6-nexmark-auto-171129,Executor4,Stage1-3-0,0,0,0,0,0,0,0,0
1784092163978,nx-q6-nexmark-auto-171129,Executor4,Stage1-3-0,0,0,0,0,0,0,0,0
1784092164978,nx-q6-nexmark-auto-171129,Executor4,Stage1-3-0,0,0,0,0,0,0,0,0
1784092165978,nx-q6-nexmark-auto-171129,Executor4,Stage1-3-0,0,0,0,0,0,0,0,0
1784092166978,nx-q6-nexmark-auto-171129,Executor4,Stage1-3-0,0,0,0,0,0,0,0,0
1784092167978,nx-q6-nexmark-auto-171129,Executor4,Stage1-3-0,0,0,0,0,0,0,0,0
1784092168978,nx-q6-nexmark-auto-171129,Executor4,Stage1-3-0,0,0,0,0,0,0,0,0
1784092169978,nx-q6-nexmark-auto-171129,Executor4,Stage1-3-0,0,0,0,0,0,0,0,0
1784092170978,nx-q6-nexmark-auto-171129,Executor4,Stage1-3-0,0,0,0,0,0,0,0,0
1784092171978,nx-q6-nexmark-auto-171129,Executor4,Stage1-3-0,0,0,0,0,0,0,0,0
1784092172978,nx-q6-nexmark-auto-171129,Executor4,Stage1-3-0,0,0,0,0,0,0,0,0
1784092173978,nx-q6-nexmark-auto-171129,Executor4,Stage1-3-0,0,0,0,0,0,0,0,0
1784092174978,nx-q6-nexmark-auto-171129,Executor4,Stage1-3-0,0,0,0,0,0,0,0,0
1784092175978,nx-q6-nexmark-auto-171129,Executor4,Stage1-3-0,0,0,0,0,0,0,0,0
1784092176978,nx-q6-nexmark-auto-171129,Executor4,Stage1-3-0,0,0,0,0,0,0,0,0
1784092177978,nx-q6-nexmark-auto-171129,Executor4,Stage1-3-0,0,0,0,0,0,0,0,0
1784092178978,nx-q6-nexmark-auto-171129,Executor4,Stage1-3-0,0,0,0,0,0,0,0,0
1784092179978,nx-q6-nexmark-auto-171129,Executor4,Stage1-3-0,0,0,0,0,0,0,0,0
1784092180978,nx-q6-nexmark-auto-171129,Executor4,Stage1-3-0,0,0,0,0,0,0,0,0
1784092181978,nx-q6-nexmark-auto-171129,Executor4,Stage1-3-0,0,0,0,0,0,0,0,0
1784092182978,nx-q6-nexmark-auto-171129,Executor4,Stage1-3-0,0,0,0,0,0,0,0,0
1784092183978,nx-q6-nexmark-auto-171129,Executor4,Stage1-3-0,0,0,0,0,0,0,0,0
1784092184978,nx-q6-nexmark-auto-171129,Executor4,Stage1-3-0,0,0,0,0,0,0,0,0
1784092185978,nx-q6-nexmark-auto-171129,Executor4,Stage1-3-0,0,0,0,0,0,0,0,0
1784092186978,nx-q6-nexmark-auto-171129,Executor4,Stage1-3-0,0,0,0,0,0,0,0,0
1784092187978,nx-q6-nexmark-auto-171129,Executor4,Stage1-3-0,0,0,0,0,0,0,0,0
1784092188978,nx-q6-nexmark-auto-171129,Executor4,Stage1-3-0,0,0,0,0,0,0,0,0
1784092189978,nx-q6-nexmark-auto-171129,Executor4,Stage1-3-0,0,0,0,0,0,0,0,0
1784092190978,nx-q6-nexmark-auto-171129,Executor4,Stage1-3-0,0,0,0,0,0,0,0,0
1784092191978,nx-q6-nexmark-auto-171129,Executor4,Stage1-3-0,0,0,0,0,0,0,0,0
1784092192978,nx-q6-nexmark-auto-171129,Executor4,Stage1-3-0,0,0,0,0,0,0,0,0
1784092193978,nx-q6-nexmark-auto-171129,Executor4,Stage1-3-0,0,0,0,0,0,0,0,0
1784092194978,nx-q6-nexmark-auto-171129,Executor4,Stage1-3-0,0,0,0,0,0,0,0,0
1784092195978,nx-q6-nexmark-auto-171129,Executor4,Stage1-3-0,0,0,0,0,0,0,0,0
1784092196978,nx-q6-nexmark-auto-171129,Executor4,Stage1-3-0,0,0,0,0,0,0,0,0
1784092197978,nx-q6-nexmark-auto-171129,Executor4,Stage1-3-0,0,0,0,0,0,0,0,0
1784092198978,nx-q6-nexmark-auto-171129,Executor4,Stage1-3-0,0,0,0,0,0,0,0,0
1784092199978,nx-q6-nexmark-auto-171129,Executor4,Stage1-3-0,0,0,0,0,0,0,0,0
1784092200978,nx-q6-nexmark-auto-171129,Executor4,Stage1-3-0,0,0,0,0,0,0,0,0
1784092201978,nx-q6-nexmark-auto-171129,Executor4,Stage1-3-0,0,0,0,0,0,0,0,0
1784092202978,nx-q6-nexmark-auto-171129,Executor4,Stage1-3-0,0,0,0,0,0,0,0,0
1784092203978,nx-q6-nexmark-auto-171129,Executor4,Stage1-3-0,0,0,0,0,0,0,0,0
1784092204978,nx-q6-nexmark-auto-171129,Executor4,Stage1-3-0,0,0,0,0,0,0,0,0
1784092205978,nx-q6-nexmark-auto-171129,Executor4,Stage1-3-0,0,0,0,0,0,0,0,0
1784092206978,nx-q6-nexmark-auto-171129,Executor4,Stage1-3-0,0,0,0,0,0,0,0,0
1784092207978,nx-q6-nexmark-auto-171129,Executor4,Stage1-3-0,0,0,0,0,0,0,0,0
1784092208978,nx-q6-nexmark-auto-171129,Executor4,Stage1-3-0,0,0,0,0,0,0,0,0
1784092209978,nx-q6-nexmark-auto-171129,Executor4,Stage1-3-0,0,0,0,0,0,0,0,0
1784092210978,nx-q6-nexmark-auto-171129,Executor4,Stage1-3-0,0,0,0,0,0,0,0,0
1784092211978,nx-q6-nexmark-auto-171129,Executor4,Stage1-3-0,0,0,0,0,0,0,0,0
1784092212978,nx-q6-nexmark-auto-171129,Executor4,Stage1-3-0,0,0,0,0,0,0,0,0
1784092213978,nx-q6-nexmark-auto-171129,Executor4,Stage1-3-0,0,0,0,0,0,0,0,0
1784092214978,nx-q6-nexmark-auto-171129,Executor4,Stage1-3-0,0,0,0,0,0,0,0,0
1784092215978,nx-q6-nexmark-auto-171129,Executor4,Stage1-3-0,0,0,0,0,0,0,0,0
1784092216978,nx-q6-nexmark-auto-171129,Executor4,Stage1-3-0,0,0,0,0,0,0,0,0
1784092217978,nx-q6-nexmark-auto-171129,Executor4,Stage1-3-0,0,0,0,0,0,0,0,0
1784092218978,nx-q6-nexmark-auto-171129,Executor4,Stage1-3-0,0,0,0,0,0,0,0,0
1784092219978,nx-q6-nexmark-auto-171129,Executor4,Stage1-3-0,0,0,0,0,0,0,0,0
1784092220978,nx-q6-nexmark-auto-171129,Executor4,Stage1-3-0,0,0,0,0,0,0,0,0
1784092221978,nx-q6-nexmark-auto-171129,Executor4,Stage1-3-0,0,0,0,0,0,0,0,0
1784092222978,nx-q6-nexmark-auto-171129,Executor4,Stage1-3-0,0,0,0,0,0,0,0,0
1784092223978,nx-q6-nexmark-auto-171129,Executor4,Stage1-3-0,0,0,0,0,0,0,0,0
1784092224978,nx-q6-nexmark-auto-171129,Executor4,Stage1-3-0,0,0,0,0,0,0,0,0
1784092225978,nx-q6-nexmark-auto-171129,Executor4,Stage1-3-0,0,0,0,0,0,0,0,0
1784092226978,nx-q6-nexmark-auto-171129,Executor4,Stage1-3-0,0,0,0,0,0,0,0,0
1784092227978,nx-q6-nexmark-auto-171129,Executor4,Stage1-3-0,0,0,0,0,0,0,0,0
1784092228978,nx-q6-nexmark-auto-171129,Executor4,Stage1-3-0,0,0,0,0,0,0,0,0
1784092229978,nx-q6-nexmark-auto-171129,Executor4,Stage1-3-0,0,0,0,0,0,0,0,0
1784092230978,nx-q6-nexmark-auto-171129,Executor4,Stage1-3-0,0,0,0,0,0,0,0,0
1784092231978,nx-q6-nexmark-auto-171129,Executor4,Stage1-3-0,0,0,0,0,0,0,0,0
1784092232978,nx-q6-nexmark-auto-171129,Executor4,Stage1-3-0,0,0,0,0,0,0,0,0
1784092233978,nx-q6-nexmark-auto-171129,Executor4,Stage1-3-0,0,0,0,0,0,0,0,0
1784092234978,nx-q6-nexmark-auto-171129,Executor4,Stage1-3-0,0,0,0,0,0,0,0,0
1784092235978,nx-q6-nexmark-auto-171129,Executor4,Stage1-3-0,0,0,0,0,0,0,0,0
1784092236978,nx-q6-nexmark-auto-171129,Executor4,Stage1-3-0,0,0,0,0,0,0,0,0
1784092237978,nx-q6-nexmark-auto-171129,Executor4,Stage1-3-0,0,0,0,0,0,0,0,0
1784092238978,nx-q6-nexmark-auto-171129,Executor4,Stage1-3-0,0,0,0,0,0,0,0,0
1784092239978,nx-q6-nexmark-auto-171129,Executor4,Stage1-3-0,0,0,0,0,0,0,0,0
1784092240978,nx-q6-nexmark-auto-171129,Executor4,Stage1-3-0,0,0,0,0,0,0,0,0
1784092241978,nx-q6-nexmark-auto-171129,Executor4,Stage1-3-0,0,0,0,0,0,0,0,0
1784092242978,nx-q6-nexmark-auto-171129,Executor4,Stage1-3-0,0,0,0,0,0,0,0,0
1784092243978,nx-q6-nexmark-auto-171129,Executor4,Stage1-3-0,0,0,0,0,0,0,0,0
1784092244978,nx-q6-nexmark-auto-171129,Executor4,Stage1-3-0,0,0,0,0,0,0,0,0
1784092245978,nx-q6-nexmark-auto-171129,Executor4,Stage1-3-0,0,0,0,0,0,0,0,0
1784092246978,nx-q6-nexmark-auto-171129,Executor4,Stage1-3-0,0,0,0,0,0,0,0,0
1784092247978,nx-q6-nexmark-auto-171129,Executor4,Stage1-3-0,0,0,0,0,0,0,0,0
1784092248978,nx-q6-nexmark-auto-171129,Executor4,Stage1-3-0,0,0,0,0,0,0,0,0
1784092249978,nx-q6-nexmark-auto-171129,Executor4,Stage1-3-0,0,0,0,0,0,0,0,0
1784092250978,nx-q6-nexmark-auto-171129,Executor4,Stage1-3-0,0,0,0,0,0,0,0,0
1784092251978,nx-q6-nexmark-auto-171129,Executor4,Stage1-3-0,0,0,0,0,0,0,0,0
1784092252978,nx-q6-nexmark-auto-171129,Executor4,Stage1-3-0,0,0,0,0,0,0,0,0
1784092253978,nx-q6-nexmark-auto-171129,Executor4,Stage1-3-0,0,0,0,0,0,0,0,0
1784092254978,nx-q6-nexmark-auto-171129,Executor4,Stage1-3-0,0,0,0,0,0,0,0,0
1784092255978,nx-q6-nexmark-auto-171129,Executor4,Stage1-3-0,0,0,0,0,0,0,0,0
1784092256978,nx-q6-nexmark-auto-171129,Executor4,Stage1-3-0,0,0,0,0,0,0,0,0
1784092257978,nx-q6-nexmark-auto-171129,Executor4,Stage1-3-0,0,0,0,0,0,0,0,0
1784092258978,nx-q6-nexmark-auto-171129,Executor4,Stage1-3-0,0,0,0,0,0,0,0,0
1784092259978,nx-q6-nexmark-auto-171129,Executor4,Stage1-3-0,0,0,0,0,0,0,0,0
1784092260978,nx-q6-nexmark-auto-171129,Executor4,Stage1-3-0,0,0,0,0,0,0,0,0
1784092261978,nx-q6-nexmark-auto-171129,Executor4,Stage1-3-0,0,0,0,0,0,0,0,0
1784092262978,nx-q6-nexmark-auto-171129,Executor4,Stage1-3-0,0,0,0,0,0,0,0,0
1784092263978,nx-q6-nexmark-auto-171129,Executor4,Stage1-3-0,0,0,0,0,0,0,0,0
1784092264978,nx-q6-nexmark-auto-171129,Executor4,Stage1-3-0,0,0,0,0,0,0,0,0
1784092265978,nx-q6-nexmark-auto-171129,Executor4,Stage1-3-0,0,0,0,0,0,0,0,0
1784092266978,nx-q6-nexmark-auto-171129,Executor4,Stage1-3-0,0,0,0,0,0,0,0,0
1784092267978,nx-q6-nexmark-auto-171129,Executor4,Stage1-3-0,0,0,0,0,0,0,0,0
1784092268978,nx-q6-nexmark-auto-171129,Executor4,Stage1-3-0,0,0,0,0,0,0,0,0
1784092269978,nx-q6-nexmark-auto-171129,Executor4,Stage1-3-0,0,0,0,0,0,0,0,0
1784092270978,nx-q6-nexmark-auto-171129,Executor4,Stage1-3-0,0,0,0,0,0,0,0,0
1784092271978,nx-q6-nexmark-auto-171129,Executor4,Stage1-3-0,0,0,0,0,0,0,0,0
1784092272978,nx-q6-nexmark-auto-171129,Executor4,Stage1-3-0,0,0,0,0,0,0,0,0
1784092273978,nx-q6-nexmark-auto-171129,Executor4,Stage1-3-0,0,0,0,0,0,0,0,0
1784092274978,nx-q6-nexmark-auto-171129,Executor4,Stage1-3-0,0,0,0,0,0,0,0,0
1784092275978,nx-q6-nexmark-auto-171129,Executor4,Stage1-3-0,0,0,0,0,0,0,0,0
1784092276978,nx-q6-nexmark-auto-171129,Executor4,Stage1-3-0,0,0,0,0,0,0,0,0
1784092277978,nx-q6-nexmark-auto-171129,Executor4,Stage1-3-0,0,0,0,0,0,0,0,0
1784092278978,nx-q6-nexmark-auto-171129,Executor4,Stage1-3-0,0,0,0,0,0,0,0,0
1784092279978,nx-q6-nexmark-auto-171129,Executor4,Stage1-3-0,0,0,0,0,0,0,0,0
1784092280978,nx-q6-nexmark-auto-171129,Executor4,Stage1-3-0,0,0,0,0,0,0,0,0
1784092281978,nx-q6-nexmark-auto-171129,Executor4,Stage1-3-0,0,0,0,0,0,0,0,0
1784092282978,nx-q6-nexmark-auto-171129,Executor4,Stage1-3-0,0,0,0,0,0,0,0,0
1784092283978,nx-q6-nexmark-auto-171129,Executor4,Stage1-3-0,0,0,0,0,0,0,0,0
1784092284978,nx-q6-nexmark-auto-171129,Executor4,Stage1-3-0,0,0,0,0,0,0,0,0
1784092285978,nx-q6-nexmark-auto-171129,Executor4,Stage1-3-0,0,0,0,0,0,0,0,0
1784092286978,nx-q6-nexmark-auto-171129,Executor4,Stage1-3-0,0,0,0,0,0,0,0,0
1784092287978,nx-q6-nexmark-auto-171129,Executor4,Stage1-3-0,0,0,0,0,0,0,0,0
1784092288978,nx-q6-nexmark-auto-171129,Executor4,Stage1-3-0,0,0,0,0,0,0,0,0
1784092289978,nx-q6-nexmark-auto-171129,Executor4,Stage1-3-0,0,0,0,0,0,0,0,0
1784092290978,nx-q6-nexmark-auto-171129,Executor4,Stage1-3-0,0,0,0,0,0,0,0,0
1784092291978,nx-q6-nexmark-auto-171129,Executor4,Stage1-3-0,0,0,0,0,0,0,0,0
1784092292978,nx-q6-nexmark-auto-171129,Executor4,Stage1-3-0,0,0,0,0,0,0,0,0
1784092293978,nx-q6-nexmark-auto-171129,Executor4,Stage1-3-0,0,0,0,0,0,0,0,0
1784092294978,nx-q6-nexmark-auto-171129,Executor4,Stage1-3-0,0,0,0,0,0,0,0,0
1784092295978,nx-q6-nexmark-auto-171129,Executor4,Stage1-3-0,0,0,0,0,0,0,0,0
1784092296978,nx-q6-nexmark-auto-171129,Executor4,Stage1-3-0,0,0,0,0,0,0,0,0
1784092297978,nx-q6-nexmark-auto-171129,Executor4,Stage1-3-0,0,0,0,0,0,0,0,0
1784092298978,nx-q6-nexmark-auto-171129,Executor4,Stage1-3-0,0,0,0,0,0,0,0,0
1784092299978,nx-q6-nexmark-auto-171129,Executor4,Stage1-3-0,0,0,0,0,0,0,0,0
1784092300978,nx-q6-nexmark-auto-171129,Executor4,Stage1-3-0,0,0,0,0,0,0,0,0
1784092301978,nx-q6-nexmark-auto-171129,Executor4,Stage1-3-0,0,0,0,0,0,0,0,0
1784092302978,nx-q6-nexmark-auto-171129,Executor4,Stage1-3-0,0,0,0,0,0,0,0,0
1784092303978,nx-q6-nexmark-auto-171129,Executor4,Stage1-3-0,0,0,0,0,0,0,0,0
1784092304978,nx-q6-nexmark-auto-171129,Executor4,Stage1-3-0,0,0,0,0,0,0,0,0
1784092305978,nx-q6-nexmark-auto-171129,Executor4,Stage1-3-0,0,0,0,0,0,0,0,0
1784092306978,nx-q6-nexmark-auto-171129,Executor4,Stage1-3-0,0,0,0,0,0,0,0,0
1784092307978,nx-q6-nexmark-auto-171129,Executor4,Stage1-3-0,0,0,0,0,0,0,0,0
1784092308978,nx-q6-nexmark-auto-171129,Executor4,Stage1-3-0,0,0,0,0,0,0,0,0
1784092309978,nx-q6-nexmark-auto-171129,Executor4,Stage1-3-0,0,0,0,0,0,0,0,0
1784092310978,nx-q6-nexmark-auto-171129,Executor4,Stage1-3-0,0,0,0,0,0,0,0,0
1784092311978,nx-q6-nexmark-auto-171129,Executor4,Stage1-3-0,0,0,0,0,0,0,0,0
1784092312978,nx-q6-nexmark-auto-171129,Executor4,Stage1-3-0,0,0,0,0,0,0,0,0
1784092313978,nx-q6-nexmark-auto-171129,Executor4,Stage1-3-0,0,0,0,0,0,0,0,0
1784092314978,nx-q6-nexmark-auto-171129,Executor4,Stage1-3-0,0,0,0,0,0,0,0,0
1784092315978,nx-q6-nexmark-auto-171129,Executor4,Stage1-3-0,0,0,0,0,0,0,0,0
1784092316978,nx-q6-nexmark-auto-171129,Executor4,Stage1-3-0,0,0,0,0,0,0,0,0
1784092317978,nx-q6-nexmark-auto-171129,Executor4,Stage1-3-0,0,0,0,0,0,0,0,0
1784092318978,nx-q6-nexmark-auto-171129,Executor4,Stage1-3-0,0,0,0,0,0,0,0,0
1784092319978,nx-q6-nexmark-auto-171129,Executor4,Stage1-3-0,0,0,0,0,0,0,0,0
1784092320978,nx-q6-nexmark-auto-171129,Executor4,Stage1-3-0,0,0,0,0,0,0,0,0
1784092321978,nx-q6-nexmark-auto-171129,Executor4,Stage1-3-0,0,0,0,0,0,0,0,0
1784092322978,nx-q6-nexmark-auto-171129,Executor4,Stage1-3-0,0,0,0,0,0,0,0,0
1784092323978,nx-q6-nexmark-auto-171129,Executor4,Stage1-3-0,0,0,0,0,0,0,0,0
1784092324978,nx-q6-nexmark-auto-171129,Executor4,Stage1-3-0,0,0,0,0,0,0,0,0
1784092325978,nx-q6-nexmark-auto-171129,Executor4,Stage1-3-0,0,0,0,0,0,0,0,0
1784092326978,nx-q6-nexmark-auto-171129,Executor4,Stage1-3-0,0,0,0,0,0,0,0,0
1784092327978,nx-q6-nexmark-auto-171129,Executor4,Stage1-3-0,0,0,0,0,0,0,0,0
1784092328978,nx-q6-nexmark-auto-171129,Executor4,Stage1-3-0,0,0,0,0,0,0,0,0
1784092329978,nx-q6-nexmark-auto-171129,Executor4,Stage1-3-0,0,0,0,0,0,0,0,0
1784092330978,nx-q6-nexmark-auto-171129,Executor4,Stage1-3-0,0,0,0,0,0,0,0,0
1784092331978,nx-q6-nexmark-auto-171129,Executor4,Stage1-3-0,0,0,0,0,0,0,0,0
1784092332978,nx-q6-nexmark-auto-171129,Executor4,Stage1-3-0,0,0,0,0,0,0,0,0
1784092333978,nx-q6-nexmark-auto-171129,Executor4,Stage1-3-0,0,0,0,0,0,0,0,0
1784092334978,nx-q6-nexmark-auto-171129,Executor4,Stage1-3-0,0,0,0,0,0,0,0,0
1784092335978,nx-q6-nexmark-auto-171129,Executor4,Stage1-3-0,0,0,0,0,0,0,0,0
1784092336978,nx-q6-nexmark-auto-171129,Executor4,Stage1-3-0,0,0,0,0,0,0,0,0
1784092337978,nx-q6-nexmark-auto-171129,Executor4,Stage1-3-0,0,0,0,0,0,0,0,0
1784092338978,nx-q6-nexmark-auto-171129,Executor4,Stage1-3-0,0,0,0,0,0,0,0,0
1784092339978,nx-q6-nexmark-auto-171129,Executor4,Stage1-3-0,0,0,0,0,0,0,0,0
1784092340978,nx-q6-nexmark-auto-171129,Executor4,Stage1-3-0,0,0,0,0,0,0,0,0
1784092341978,nx-q6-nexmark-auto-171129,Executor4,Stage1-3-0,0,0,0,0,0,0,0,0
1784092342978,nx-q6-nexmark-auto-171129,Executor4,Stage1-3-0,0,0,0,0,0,0,0,0
1784092343978,nx-q6-nexmark-auto-171129,Executor4,Stage1-3-0,0,0,0,0,0,0,0,0
1784092344978,nx-q6-nexmark-auto-171129,Executor4,Stage1-3-0,0,0,0,0,0,0,0,0
1784092345978,nx-q6-nexmark-auto-171129,Executor4,Stage1-3-0,0,0,0,0,0,0,0,0
1784092346978,nx-q6-nexmark-auto-171129,Executor4,Stage1-3-0,0,0,0,0,0,0,0,0
1784092347978,nx-q6-nexmark-auto-171129,Executor4,Stage1-3-0,0,0,0,0,0,0,0,0
1784092348978,nx-q6-nexmark-auto-171129,Executor4,Stage1-3-0,0,0,0,0,0,0,0,0
1784092349978,nx-q6-nexmark-auto-171129,Executor4,Stage1-3-0,0,0,0,0,0,0,0,0
1784092350978,nx-q6-nexmark-auto-171129,Executor4,Stage1-3-0,0,0,0,0,0,0,0,0
1784092351978,nx-q6-nexmark-auto-171129,Executor4,Stage1-3-0,0,0,0,0,0,0,0,0
1784092352978,nx-q6-nexmark-auto-171129,Executor4,Stage1-3-0,0,0,0,0,0,0,0,0
1784092353978,nx-q6-nexmark-auto-171129,Executor4,Stage1-3-0,0,0,0,0,0,0,0,0
1784092354978,nx-q6-nexmark-auto-171129,Executor4,Stage1-3-0,0,0,0,0,0,0,0,0
1784092355978,nx-q6-nexmark-auto-171129,Executor4,Stage1-3-0,0,0,0,0,0,0,0,0
1784092356978,nx-q6-nexmark-auto-171129,Executor4,Stage1-3-0,0,0,0,0,0,0,0,0
1784092357978,nx-q6-nexmark-auto-171129,Executor4,Stage1-3-0,0,0,0,0,0,0,0,0
1784092358978,nx-q6-nexmark-auto-171129,Executor4,Stage1-3-0,0,0,0,0,0,0,0,0
1784092359978,nx-q6-nexmark-auto-171129,Executor4,Stage1-3-0,0,0,0,0,0,0,0,0
1784092360978,nx-q6-nexmark-auto-171129,Executor4,Stage1-3-0,0,0,0,0,0,0,0,0
1784092361978,nx-q6-nexmark-auto-171129,Executor4,Stage1-3-0,0,0,0,0,0,0,0,0
1784092362978,nx-q6-nexmark-auto-171129,Executor4,Stage1-3-0,0,0,0,0,0,0,0,0
1784092363978,nx-q6-nexmark-auto-171129,Executor4,Stage1-3-0,0,0,0,0,0,0,0,0
1784092364978,nx-q6-nexmark-auto-171129,Executor4,Stage1-3-0,0,0,0,0,0,0,0,0
1784092365978,nx-q6-nexmark-auto-171129,Executor4,Stage1-3-0,0,0,0,0,0,0,0,0
1784092366978,nx-q6-nexmark-auto-171129,Executor4,Stage1-3-0,0,0,0,0,0,0,0,0
1784092367978,nx-q6-nexmark-auto-171129,Executor4,Stage1-3-0,0,0,0,0,0,0,0,0
1784092368978,nx-q6-nexmark-auto-171129,Executor4,Stage1-3-0,0,0,0,0,0,0,0,0
1784092369978,nx-q6-nexmark-auto-171129,Executor4,Stage1-3-0,0,0,0,0,0,0,0,0
1784092370978,nx-q6-nexmark-auto-171129,Executor4,Stage1-3-0,0,0,0,0,0,0,0,0
1784092371978,nx-q6-nexmark-auto-171129,Executor4,Stage1-3-0,0,0,0,0,0,0,0,0
1784092372978,nx-q6-nexmark-auto-171129,Executor4,Stage1-3-0,0,0,0,0,0,0,0,0
1784092373978,nx-q6-nexmark-auto-171129,Executor4,Stage1-3-0,0,0,0,0,0,0,0,0
1784092374978,nx-q6-nexmark-auto-171129,Executor4,Stage1-3-0,0,0,0,0,0,0,0,0
1784092375978,nx-q6-nexmark-auto-171129,Executor4,Stage1-3-0,0,0,0,0,0,0,0,0
1784092376978,nx-q6-nexmark-auto-171129,Executor4,Stage1-3-0,0,0,0,0,0,0,0,0
1784092377978,nx-q6-nexmark-auto-171129,Executor4,Stage1-3-0,0,0,0,0,0,0,0,0
1784092378978,nx-q6-nexmark-auto-171129,Executor4,Stage1-3-0,0,0,0,0,0,0,0,0
1784092379978,nx-q6-nexmark-auto-171129,Executor4,Stage1-3-0,0,0,0,0,0,0,0,0
1784092380978,nx-q6-nexmark-auto-171129,Executor4,Stage1-3-0,0,0,0,0,0,0,0,0
1784092381978,nx-q6-nexmark-auto-171129,Executor4,Stage1-3-0,0,0,0,0,0,0,0,0
1784092382978,nx-q6-nexmark-auto-171129,Executor4,Stage1-3-0,0,0,0,0,0,0,0,0
1784092383978,nx-q6-nexmark-auto-171129,Executor4,Stage1-3-0,0,0,0,0,0,0,0,0
1784092384978,nx-q6-nexmark-auto-171129,Executor4,Stage1-3-0,0,0,0,0,0,0,0,0
1784092385978,nx-q6-nexmark-auto-171129,Executor4,Stage1-3-0,0,0,0,0,0,0,0,0
1784092386978,nx-q6-nexmark-auto-171129,Executor4,Stage1-3-0,0,0,0,0,0,0,0,0
1784092387978,nx-q6-nexmark-auto-171129,Executor4,Stage1-3-0,0,0,0,0,0,0,0,0
1784092388978,nx-q6-nexmark-auto-171129,Executor4,Stage1-3-0,0,0,0,0,0,0,0,0
1784092389978,nx-q6-nexmark-auto-171129,Executor4,Stage1-3-0,0,0,0,0,0,0,0,0
1784092390978,nx-q6-nexmark-auto-171129,Executor4,Stage1-3-0,0,0,0,0,0,0,0,0
1784092391978,nx-q6-nexmark-auto-171129,Executor4,Stage1-3-0,0,0,0,0,0,0,0,0
1784092392978,nx-q6-nexmark-auto-171129,Executor4,Stage1-3-0,0,0,0,0,0,0,0,0
1784092393978,nx-q6-nexmark-auto-171129,Executor4,Stage1-3-0,0,0,0,0,0,0,0,0
1784092394978,nx-q6-nexmark-auto-171129,Executor4,Stage1-3-0,0,0,0,0,0,0,0,0
1784092395978,nx-q6-nexmark-auto-171129,Executor4,Stage1-3-0,0,0,0,0,0,0,0,0
1784092396978,nx-q6-nexmark-auto-171129,Executor4,Stage1-3-0,0,0,0,0,0,0,0,0
1784092397978,nx-q6-nexmark-auto-171129,Executor4,Stage1-3-0,0,0,0,0,0,0,0,0
1784092398978,nx-q6-nexmark-auto-171129,Executor4,Stage1-3-0,0,0,0,0,0,0,0,0
1784092399978,nx-q6-nexmark-auto-171129,Executor4,Stage1-3-0,0,0,0,0,0,0,0,0
1784092400978,nx-q6-nexmark-auto-171129,Executor4,Stage1-3-0,0,0,0,0,0,0,0,0
1784092401978,nx-q6-nexmark-auto-171129,Executor4,Stage1-3-0,0,0,0,0,0,0,0,0
1784092402978,nx-q6-nexmark-auto-171129,Executor4,Stage1-3-0,0,0,0,0,0,0,0,0
1784092403978,nx-q6-nexmark-auto-171129,Executor4,Stage1-3-0,0,0,0,0,0,0,0,0
1784092404978,nx-q6-nexmark-auto-171129,Executor4,Stage1-3-0,0,0,0,0,0,0,0,0
1784092405978,nx-q6-nexmark-auto-171129,Executor4,Stage1-3-0,0,0,0,0,0,0,0,0
1784092406978,nx-q6-nexmark-auto-171129,Executor4,Stage1-3-0,0,0,0,0,0,0,0,0
1784092407978,nx-q6-nexmark-auto-171129,Executor4,Stage1-3-0,0,0,0,0,0,0,0,0
1784092408978,nx-q6-nexmark-auto-171129,Executor4,Stage1-3-0,0,0,0,0,0,0,0,0
1784092409978,nx-q6-nexmark-auto-171129,Executor4,Stage1-3-0,0,0,0,0,0,0,0,0
1784092410978,nx-q6-nexmark-auto-171129,Executor4,Stage1-3-0,0,0,0,0,0,0,0,0
1784092411978,nx-q6-nexmark-auto-171129,Executor4,Stage1-3-0,0,0,0,0,0,0,0,0
1784092412978,nx-q6-nexmark-auto-171129,Executor4,Stage1-3-0,0,0,0,0,0,0,0,0
1784092413978,nx-q6-nexmark-auto-171129,Executor4,Stage1-3-0,0,0,0,0,0,0,0,0
1784092414978,nx-q6-nexmark-auto-171129,Executor4,Stage1-3-0,0,0,0,0,0,0,0,0
1784092415978,nx-q6-nexmark-auto-171129,Executor4,Stage1-3-0,0,0,0,0,0,0,0,0
1784092416978,nx-q6-nexmark-auto-171129,Executor4,Stage1-3-0,0,0,0,0,0,0,0,0
1784092417978,nx-q6-nexmark-auto-171129,Executor4,Stage1-3-0,0,0,0,0,0,0,0,0
1784092418978,nx-q6-nexmark-auto-171129,Executor4,Stage1-3-0,0,0,0,0,0,0,0,0
1784092419978,nx-q6-nexmark-auto-171129,Executor4,Stage1-3-0,0,0,0,0,0,0,0,0
1784092420978,nx-q6-nexmark-auto-171129,Executor4,Stage1-3-0,0,0,0,0,0,0,0,0
1784092421978,nx-q6-nexmark-auto-171129,Executor4,Stage1-3-0,0,0,0,0,0,0,0,0
1784092422978,nx-q6-nexmark-auto-171129,Executor4,Stage1-3-0,0,0,0,0,0,0,0,0
1784092423978,nx-q6-nexmark-auto-171129,Executor4,Stage1-3-0,0,0,0,0,0,0,0,0
1784092424978,nx-q6-nexmark-auto-171129,Executor4,Stage1-3-0,0,0,0,0,0,0,0,0
1784092425978,nx-q6-nexmark-auto-171129,Executor4,Stage1-3-0,0,0,0,0,0,0,0,0
1784092426978,nx-q6-nexmark-auto-171129,Executor4,Stage1-3-0,0,0,0,0,0,0,0,0
1784092427978,nx-q6-nexmark-auto-171129,Executor4,Stage1-3-0,0,0,0,0,0,0,0,0
1784092428978,nx-q6-nexmark-auto-171129,Executor4,Stage1-3-0,0,0,0,0,0,0,0,0
1784092429978,nx-q6-nexmark-auto-171129,Executor4,Stage1-3-0,0,0,0,0,0,0,0,0
1784092430978,nx-q6-nexmark-auto-171129,Executor4,Stage1-3-0,0,0,0,0,0,0,0,0
1784092431978,nx-q6-nexmark-auto-171129,Executor4,Stage1-3-0,0,0,0,0,0,0,0,0
1784092432978,nx-q6-nexmark-auto-171129,Executor4,Stage1-3-0,0,0,0,0,0,0,0,0
1784092433978,nx-q6-nexmark-auto-171129,Executor4,Stage1-3-0,0,0,0,0,0,0,0,0
1784092434978,nx-q6-nexmark-auto-171129,Executor4,Stage1-3-0,0,0,0,0,0,0,0,0
1784092435978,nx-q6-nexmark-auto-171129,Executor4,Stage1-3-0,0,0,0,0,0,0,0,0
1784092436978,nx-q6-nexmark-auto-171129,Executor4,Stage1-3-0,0,0,0,0,0,0,0,0
1784092437978,nx-q6-nexmark-auto-171129,Executor4,Stage1-3-0,0,0,0,0,0,0,0,0
1784092438978,nx-q6-nexmark-auto-171129,Executor4,Stage1-3-0,0,0,0,0,0,0,0,0
1784092439978,nx-q6-nexmark-auto-171129,Executor4,Stage1-3-0,0,0,0,0,0,0,0,0
1784092440978,nx-q6-nexmark-auto-171129,Executor4,Stage1-3-0,0,0,0,0,0,0,0,0
1784092441978,nx-q6-nexmark-auto-171129,Executor4,Stage1-3-0,0,0,0,0,0,0,0,0
1784092442978,nx-q6-nexmark-auto-171129,Executor4,Stage1-3-0,0,0,0,0,0,0,0,0
1784092443978,nx-q6-nexmark-auto-171129,Executor4,Stage1-3-0,0,0,0,0,0,0,0,0
1784092444978,nx-q6-nexmark-auto-171129,Executor4,Stage1-3-0,0,0,0,0,0,0,0,0
1784092445978,nx-q6-nexmark-auto-171129,Executor4,Stage1-3-0,0,0,0,0,0,0,0,0
1784092446978,nx-q6-nexmark-auto-171129,Executor4,Stage1-3-0,0,0,0,0,0,0,0,0
1784092447978,nx-q6-nexmark-auto-171129,Executor4,Stage1-3-0,0,0,0,0,0,0,0,0
1784092448978,nx-q6-nexmark-auto-171129,Executor4,Stage1-3-0,0,0,0,0,0,0,0,0
1784092449978,nx-q6-nexmark-auto-171129,Executor4,Stage1-3-0,0,0,0,0,0,0,0,0
1784092450978,nx-q6-nexmark-auto-171129,Executor4,Stage1-3-0,0,0,0,0,0,0,0,0
1784092451978,nx-q6-nexmark-auto-171129,Executor4,Stage1-3-0,0,0,0,0,0,0,0,0
1784092452978,nx-q6-nexmark-auto-171129,Executor4,Stage1-3-0,0,0,0,0,0,0,0,0
1784092453978,nx-q6-nexmark-auto-171129,Executor4,Stage1-3-0,0,0,0,0,0,0,0,0
1784092454978,nx-q6-nexmark-auto-171129,Executor4,Stage1-3-0,0,0,0,0,0,0,0,0
1784092455978,nx-q6-nexmark-auto-171129,Executor4,Stage1-3-0,0,0,0,0,0,0,0,0
1784092456978,nx-q6-nexmark-auto-171129,Executor4,Stage1-3-0,0,0,0,0,0,0,0,0
1784092457978,nx-q6-nexmark-auto-171129,Executor4,Stage1-3-0,0,0,0,0,0,0,0,0
1784092458978,nx-q6-nexmark-auto-171129,Executor4,Stage1-3-0,0,0,0,0,0,0,0,0
1784092459978,nx-q6-nexmark-auto-171129,Executor4,Stage1-3-0,0,0,0,0,0,0,0,0
1784092460978,nx-q6-nexmark-auto-171129,Executor4,Stage1-3-0,0,0,0,0,0,0,0,0
1784092461978,nx-q6-nexmark-auto-171129,Executor4,Stage1-3-0,0,0,0,0,0,0,0,0
1784092462978,nx-q6-nexmark-auto-171129,Executor4,Stage1-3-0,0,0,0,0,0,0,0,0
1784092463978,nx-q6-nexmark-auto-171129,Executor4,Stage1-3-0,0,0,0,0,0,0,0,0
1784092464978,nx-q6-nexmark-auto-171129,Executor4,Stage1-3-0,0,0,0,0,0,0,0,0
1784092465978,nx-q6-nexmark-auto-171129,Executor4,Stage1-3-0,0,0,0,0,0,0,0,0
1784092466978,nx-q6-nexmark-auto-171129,Executor4,Stage1-3-0,0,0,0,0,0,0,0,0
1784092467978,nx-q6-nexmark-auto-171129,Executor4,Stage1-3-0,0,0,0,0,0,0,0,0
1784092468978,nx-q6-nexmark-auto-171129,Executor4,Stage1-3-0,0,0,0,0,0,0,0,0
1784092469978,nx-q6-nexmark-auto-171129,Executor4,Stage1-3-0,0,0,0,0,0,0,0,0
1784092470978,nx-q6-nexmark-auto-171129,Executor4,Stage1-3-0,0,0,0,0,0,0,0,0
1784092471978,nx-q6-nexmark-auto-171129,Executor4,Stage1-3-0,0,0,0,0,0,0,0,0
1784092472978,nx-q6-nexmark-auto-171129,Executor4,Stage1-3-0,0,0,0,0,0,0,0,0
1784092473978,nx-q6-nexmark-auto-171129,Executor4,Stage1-3-0,0,0,0,0,0,0,0,0
1784092474978,nx-q6-nexmark-auto-171129,Executor4,Stage1-3-0,0,0,0,0,0,0,0,0
1784092475978,nx-q6-nexmark-auto-171129,Executor4,Stage1-3-0,0,0,0,0,0,0,0,0
1784092476978,nx-q6-nexmark-auto-171129,Executor4,Stage1-3-0,0,0,0,0,0,0,0,0
1784092477978,nx-q6-nexmark-auto-171129,Executor4,Stage1-3-0,0,0,0,0,0,0,0,0
1784092478978,nx-q6-nexmark-auto-171129,Executor4,Stage1-3-0,0,0,0,0,0,0,0,0
1784092479978,nx-q6-nexmark-auto-171129,Executor4,Stage1-3-0,0,0,0,0,0,0,0,0
1784092480978,nx-q6-nexmark-auto-171129,Executor4,Stage1-3-0,0,0,0,0,0,0,0,0
1784092481978,nx-q6-nexmark-auto-171129,Executor4,Stage1-3-0,0,0,0,0,0,0,0,0
1784092482978,nx-q6-nexmark-auto-171129,Executor4,Stage1-3-0,0,0,0,0,0,0,0,0
1784092483978,nx-q6-nexmark-auto-171129,Executor4,Stage1-3-0,0,0,0,0,0,0,0,0
1784092484978,nx-q6-nexmark-auto-171129,Executor4,Stage1-3-0,0,0,0,0,0,0,0,0
1784092485978,nx-q6-nexmark-auto-171129,Executor4,Stage1-3-0,0,0,0,0,0,0,0,0
1784092486978,nx-q6-nexmark-auto-171129,Executor4,Stage1-3-0,0,0,0,0,0,0,0,0
1784092487978,nx-q6-nexmark-auto-171129,Executor4,Stage1-3-0,0,0,0,0,0,0,0,0
1784092488978,nx-q6-nexmark-auto-171129,Executor4,Stage1-3-0,0,0,0,0,0,0,0,0
1784092489978,nx-q6-nexmark-auto-171129,Executor4,Stage1-3-0,0,0,0,0,0,0,0,0
1784092490978,nx-q6-nexmark-auto-171129,Executor4,Stage1-3-0,0,0,0,0,0,0,0,0
1784092491978,nx-q6-nexmark-auto-171129,Executor4,Stage1-3-0,0,0,0,0,0,0,0,0
1784092492978,nx-q6-nexmark-auto-171129,Executor4,Stage1-3-0,0,0,0,0,0,0,0,0
1784092493978,nx-q6-nexmark-auto-171129,Executor4,Stage1-3-0,0,0,0,0,0,0,0,0
1784092494978,nx-q6-nexmark-auto-171129,Executor4,Stage1-3-0,0,0,0,0,0,0,0,0
1784092495978,nx-q6-nexmark-auto-171129,Executor4,Stage1-3-0,0,0,0,0,0,0,0,0
1784092496978,nx-q6-nexmark-auto-171129,Executor4,Stage1-3-0,0,0,0,0,0,0,0,0
1784092497978,nx-q6-nexmark-auto-171129,Executor4,Stage1-3-0,0,0,0,0,0,0,0,0
1784092498978,nx-q6-nexmark-auto-171129,Executor4,Stage1-3-0,0,0,0,0,0,0,0,0
1784092499978,nx-q6-nexmark-auto-171129,Executor4,Stage1-3-0,0,0,0,0,0,0,0,0
1784092500978,nx-q6-nexmark-auto-171129,Executor4,Stage1-3-0,0,0,0,0,0,0,0,0
1784092501978,nx-q6-nexmark-auto-171129,Executor4,Stage1-3-0,0,0,0,0,0,0,0,0
1784092502978,nx-q6-nexmark-auto-171129,Executor4,Stage1-3-0,0,0,0,0,0,0,0,0
1784092503978,nx-q6-nexmark-auto-171129,Executor4,Stage1-3-0,0,0,0,0,0,0,0,0
1784092504978,nx-q6-nexmark-auto-171129,Executor4,Stage1-3-0,0,0,0,0,0,0,0,0
1784092505978,nx-q6-nexmark-auto-171129,Executor4,Stage1-3-0,0,0,0,0,0,0,0,0
1784092506978,nx-q6-nexmark-auto-171129,Executor4,Stage1-3-0,0,0,0,0,0,0,0,0
1784092507978,nx-q6-nexmark-auto-171129,Executor4,Stage1-3-0,0,0,0,0,0,0,0,0
1784092508978,nx-q6-nexmark-auto-171129,Executor4,Stage1-3-0,0,0,0,0,0,0,0,0
1784092509978,nx-q6-nexmark-auto-171129,Executor4,Stage1-3-0,0,0,0,0,0,0,0,0
1784092510978,nx-q6-nexmark-auto-171129,Executor4,Stage1-3-0,0,0,0,0,0,0,0,0
1784092511978,nx-q6-nexmark-auto-171129,Executor4,Stage1-3-0,0,0,0,0,0,0,0,0
1784092512978,nx-q6-nexmark-auto-171129,Executor4,Stage1-3-0,0,0,0,0,0,0,0,0
1784092513978,nx-q6-nexmark-auto-171129,Executor4,Stage1-3-0,0,0,0,0,0,0,0,0
1784092514978,nx-q6-nexmark-auto-171129,Executor4,Stage1-3-0,0,0,0,0,0,0,0,0
1784092515978,nx-q6-nexmark-auto-171129,Executor4,Stage1-3-0,0,0,0,0,0,0,0,0
1784092516978,nx-q6-nexmark-auto-171129,Executor4,Stage1-3-0,0,0,0,0,0,0,0,0
1784092517978,nx-q6-nexmark-auto-171129,Executor4,Stage1-3-0,0,0,0,0,0,0,0,0
1784092518978,nx-q6-nexmark-auto-171129,Executor4,Stage1-3-0,0,0,0,0,0,0,0,0
1784092519978,nx-q6-nexmark-auto-171129,Executor4,Stage1-3-0,0,0,0,0,0,0,0,0
1784092520978,nx-q6-nexmark-auto-171129,Executor4,Stage1-3-0,0,0,0,0,0,0,0,0
1784092521978,nx-q6-nexmark-auto-171129,Executor4,Stage1-3-0,0,0,0,0,0,0,0,0
1784092522978,nx-q6-nexmark-auto-171129,Executor4,Stage1-3-0,0,0,0,0,0,0,0,0
1784092523978,nx-q6-nexmark-auto-171129,Executor4,Stage1-3-0,0,0,0,0,0,0,0,0
1784092524978,nx-q6-nexmark-auto-171129,Executor4,Stage1-3-0,0,0,0,0,0,0,0,0
1784092525978,nx-q6-nexmark-auto-171129,Executor4,Stage1-3-0,0,0,0,0,0,0,0,0
1784092526978,nx-q6-nexmark-auto-171129,Executor4,Stage1-3-0,0,0,0,0,0,0,0,0
1784092527978,nx-q6-nexmark-auto-171129,Executor4,Stage1-3-0,0,0,0,0,0,0,0,0
1784092528978,nx-q6-nexmark-auto-171129,Executor4,Stage1-3-0,0,0,0,0,0,0,0,0
1784092529978,nx-q6-nexmark-auto-171129,Executor4,Stage1-3-0,0,0,0,0,0,0,0,0
1784092530978,nx-q6-nexmark-auto-171129,Executor4,Stage1-3-0,0,0,0,0,0,0,0,0
1784092531978,nx-q6-nexmark-auto-171129,Executor4,Stage1-3-0,0,0,0,0,0,0,0,0
1784092532978,nx-q6-nexmark-auto-171129,Executor4,Stage1-3-0,0,0,0,0,0,0,0,0
1784092533978,nx-q6-nexmark-auto-171129,Executor4,Stage1-3-0,0,0,0,0,0,0,0,0
1784092534978,nx-q6-nexmark-auto-171129,Executor4,Stage1-3-0,0,0,0,0,0,0,0,0
1784092535978,nx-q6-nexmark-auto-171129,Executor4,Stage1-3-0,0,0,0,0,0,0,0,0
1784092536978,nx-q6-nexmark-auto-171129,Executor4,Stage1-3-0,0,0,0,0,0,0,0,0
1784092537978,nx-q6-nexmark-auto-171129,Executor4,Stage1-3-0,0,0,0,0,0,0,0,0
1784092538978,nx-q6-nexmark-auto-171129,Executor4,Stage1-3-0,0,0,0,0,0,0,0,0
1784092539978,nx-q6-nexmark-auto-171129,Executor4,Stage1-3-0,0,0,0,0,0,0,0,0
1784092540978,nx-q6-nexmark-auto-171129,Executor4,Stage1-3-0,0,0,0,0,0,0,0,0
1784092541978,nx-q6-nexmark-auto-171129,Executor4,Stage1-3-0,0,0,0,0,0,0,0,0
1784092542978,nx-q6-nexmark-auto-171129,Executor4,Stage1-3-0,0,0,0,0,0,0,0,0
1784092543978,nx-q6-nexmark-auto-171129,Executor4,Stage1-3-0,0,0,0,0,0,0,0,0
1784092544978,nx-q6-nexmark-auto-171129,Executor4,Stage1-3-0,0,0,0,0,0,0,0,0
1784092545978,nx-q6-nexmark-auto-171129,Executor4,Stage1-3-0,0,0,0,0,0,0,0,0
1784092546978,nx-q6-nexmark-auto-171129,Executor4,Stage1-3-0,0,0,0,0,0,0,0,0
1784092547978,nx-q6-nexmark-auto-171129,Executor4,Stage1-3-0,0,0,0,0,0,0,0,0
1784092548978,nx-q6-nexmark-auto-171129,Executor4,Stage1-3-0,0,0,0,0,0,0,0,0
1784092549978,nx-q6-nexmark-auto-171129,Executor4,Stage1-3-0,0,0,0,0,0,0,0,0
1784092550978,nx-q6-nexmark-auto-171129,Executor4,Stage1-3-0,0,0,0,0,0,0,0,0
1784092551978,nx-q6-nexmark-auto-171129,Executor4,Stage1-3-0,0,0,0,0,0,0,0,0
1784092552978,nx-q6-nexmark-auto-171129,Executor4,Stage1-3-0,0,0,0,0,0,0,0,0
1784092553978,nx-q6-nexmark-auto-171129,Executor4,Stage1-3-0,0,0,0,0,0,0,0,0
1784092554978,nx-q6-nexmark-auto-171129,Executor4,Stage1-3-0,0,0,0,0,0,0,0,0
1784092555978,nx-q6-nexmark-auto-171129,Executor4,Stage1-3-0,0,0,0,0,0,0,0,0
1784092556978,nx-q6-nexmark-auto-171129,Executor4,Stage1-3-0,0,0,0,0,0,0,0,0
1784092557978,nx-q6-nexmark-auto-171129,Executor4,Stage1-3-0,0,0,0,0,0,0,0,0
1784092558978,nx-q6-nexmark-auto-171129,Executor4,Stage1-3-0,0,0,0,0,0,0,0,0
1784092559978,nx-q6-nexmark-auto-171129,Executor4,Stage1-3-0,0,0,0,0,0,0,0,0
1784092560978,nx-q6-nexmark-auto-171129,Executor4,Stage1-3-0,0,0,0,0,0,0,0,0
1784092561978,nx-q6-nexmark-auto-171129,Executor4,Stage1-3-0,0,0,0,0,0,0,0,0
1784092562978,nx-q6-nexmark-auto-171129,Executor4,Stage1-3-0,0,0,0,0,0,0,0,0
1784092563978,nx-q6-nexmark-auto-171129,Executor4,Stage1-3-0,0,0,0,0,0,0,0,0
1784092564978,nx-q6-nexmark-auto-171129,Executor4,Stage1-3-0,0,0,0,0,0,0,0,0
1784092565978,nx-q6-nexmark-auto-171129,Executor4,Stage1-3-0,0,0,0,0,0,0,0,0
1784092566978,nx-q6-nexmark-auto-171129,Executor4,Stage1-3-0,0,0,0,0,0,0,0,0
1784092567978,nx-q6-nexmark-auto-171129,Executor4,Stage1-3-0,0,0,0,0,0,0,0,0
1784092568978,nx-q6-nexmark-auto-171129,Executor4,Stage1-3-0,0,0,0,0,0,0,0,0
1784092569978,nx-q6-nexmark-auto-171129,Executor4,Stage1-3-0,0,0,0,0,0,0,0,0
1784092570978,nx-q6-nexmark-auto-171129,Executor4,Stage1-3-0,0,0,0,0,0,0,0,0
1784092571978,nx-q6-nexmark-auto-171129,Executor4,Stage1-3-0,0,0,0,0,0,0,0,0
1784092572978,nx-q6-nexmark-auto-171129,Executor4,Stage1-3-0,0,0,0,0,0,0,0,0
1784092573978,nx-q6-nexmark-auto-171129,Executor4,Stage1-3-0,0,0,0,0,0,0,0,0
1784092574978,nx-q6-nexmark-auto-171129,Executor4,Stage1-3-0,0,0,0,0,0,0,0,0
1784092575978,nx-q6-nexmark-auto-171129,Executor4,Stage1-3-0,0,0,0,0,0,0,0,0
1784092576978,nx-q6-nexmark-auto-171129,Executor4,Stage1-3-0,0,0,0,0,0,0,0,0
1784092577978,nx-q6-nexmark-auto-171129,Executor4,Stage1-3-0,0,0,0,0,0,0,0,0
1784092578978,nx-q6-nexmark-auto-171129,Executor4,Stage1-3-0,0,0,0,0,0,0,0,0
1784092579978,nx-q6-nexmark-auto-171129,Executor4,Stage1-3-0,0,0,0,0,0,0,0,0
1784092580978,nx-q6-nexmark-auto-171129,Executor4,Stage1-3-0,0,0,0,0,0,0,0,0
1784092581978,nx-q6-nexmark-auto-171129,Executor4,Stage1-3-0,0,0,0,0,0,0,0,0
1784092582978,nx-q6-nexmark-auto-171129,Executor4,Stage1-3-0,0,0,0,0,0,0,0,0
1784092583978,nx-q6-nexmark-auto-171129,Executor4,Stage1-3-0,0,0,0,0,0,0,0,0
1784092584978,nx-q6-nexmark-auto-171129,Executor4,Stage1-3-0,0,0,0,0,0,0,0,0
1784092585978,nx-q6-nexmark-auto-171129,Executor4,Stage1-3-0,0,0,0,0,0,0,0,0
1784092586978,nx-q6-nexmark-auto-171129,Executor4,Stage1-3-0,0,0,0,0,0,0,0,0
1784092587978,nx-q6-nexmark-auto-171129,Executor4,Stage1-3-0,0,0,0,0,0,0,0,0
1784092588978,nx-q6-nexmark-auto-171129,Executor4,Stage1-3-0,0,0,0,0,0,0,0,0
1784092589978,nx-q6-nexmark-auto-171129,Executor4,Stage1-3-0,0,0,0,0,0,0,0,0
1784092590978,nx-q6-nexmark-auto-171129,Executor4,Stage1-3-0,0,0,0,0,0,0,0,0
1784092591978,nx-q6-nexmark-auto-171129,Executor4,Stage1-3-0,0,0,0,0,0,0,0,0
1784092592978,nx-q6-nexmark-auto-171129,Executor4,Stage1-3-0,0,0,0,0,0,0,0,0
1784092593978,nx-q6-nexmark-auto-171129,Executor4,Stage1-3-0,0,0,0,0,0,0,0,0
1784092594978,nx-q6-nexmark-auto-171129,Executor4,Stage1-3-0,0,0,0,0,0,0,0,0
1784092595978,nx-q6-nexmark-auto-171129,Executor4,Stage1-3-0,0,0,0,0,0,0,0,0
1784092596978,nx-q6-nexmark-auto-171129,Executor4,Stage1-3-0,0,0,0,0,0,0,0,0
1784092597978,nx-q6-nexmark-auto-171129,Executor4,Stage1-3-0,0,0,0,0,0,0,0,0
1784092598978,nx-q6-nexmark-auto-171129,Executor4,Stage1-3-0,0,0,0,0,0,0,0,0
1784092599978,nx-q6-nexmark-auto-171129,Executor4,Stage1-3-0,0,0,0,0,0,0,0,0
1784092600978,nx-q6-nexmark-auto-171129,Executor4,Stage1-3-0,0,0,0,0,0,0,0,0
1784092601978,nx-q6-nexmark-auto-171129,Executor4,Stage1-3-0,0,0,0,0,0,0,0,0
1784092602978,nx-q6-nexmark-auto-171129,Executor4,Stage1-3-0,0,0,0,0,0,0,0,0
1784092603978,nx-q6-nexmark-auto-171129,Executor4,Stage1-3-0,0,0,0,0,0,0,0,0
1784092604978,nx-q6-nexmark-auto-171129,Executor4,Stage1-3-0,0,0,0,0,0,0,0,0
1784092605978,nx-q6-nexmark-auto-171129,Executor4,Stage1-3-0,0,0,0,0,0,0,0,0
1784092606978,nx-q6-nexmark-auto-171129,Executor4,Stage1-3-0,0,0,0,0,0,0,0,0
1784092607978,nx-q6-nexmark-auto-171129,Executor4,Stage1-3-0,0,0,0,0,0,0,0,0
1784092608978,nx-q6-nexmark-auto-171129,Executor4,Stage1-3-0,0,0,0,0,0,0,0,0
1784092609978,nx-q6-nexmark-auto-171129,Executor4,Stage1-3-0,0,0,0,0,0,0,0,0
1784092610978,nx-q6-nexmark-auto-171129,Executor4,Stage1-3-0,0,0,0,0,0,0,0,0
1784092611978,nx-q6-nexmark-auto-171129,Executor4,Stage1-3-0,0,0,0,0,0,0,0,0
1784092612978,nx-q6-nexmark-auto-171129,Executor4,Stage1-3-0,0,0,0,0,0,0,0,0
1784092613978,nx-q6-nexmark-auto-171129,Executor4,Stage1-3-0,0,0,0,0,0,0,0,0
1784092614978,nx-q6-nexmark-auto-171129,Executor4,Stage1-3-0,0,0,0,0,0,0,0,0
1784092615978,nx-q6-nexmark-auto-171129,Executor4,Stage1-3-0,0,0,0,0,0,0,0,0
1784092616978,nx-q6-nexmark-auto-171129,Executor4,Stage1-3-0,0,0,0,0,0,0,0,0
1784092617979,nx-q6-nexmark-auto-171129,Executor4,Stage1-3-0,0,0,0,0,0,0,0,0
1784092618978,nx-q6-nexmark-auto-171129,Executor4,Stage1-3-0,0,0,0,0,0,0,0,0
1784092619978,nx-q6-nexmark-auto-171129,Executor4,Stage1-3-0,0,0,0,0,0,0,0,0
1784092620978,nx-q6-nexmark-auto-171129,Executor4,Stage1-3-0,0,0,0,0,0,0,0,0
1784092621978,nx-q6-nexmark-auto-171129,Executor4,Stage1-3-0,0,0,0,0,0,0,0,0
1784092622978,nx-q6-nexmark-auto-171129,Executor4,Stage1-3-0,0,0,0,0,0,0,0,0
1784092623978,nx-q6-nexmark-auto-171129,Executor4,Stage1-3-0,0,0,0,0,0,0,0,0
1784092624978,nx-q6-nexmark-auto-171129,Executor4,Stage1-3-0,0,0,0,0,0,0,0,0
1784092625978,nx-q6-nexmark-auto-171129,Executor4,Stage1-3-0,0,0,0,0,0,0,0,0
1784092626978,nx-q6-nexmark-auto-171129,Executor4,Stage1-3-0,0,0,0,0,0,0,0,0
1784092627978,nx-q6-nexmark-auto-171129,Executor4,Stage1-3-0,0,0,0,0,0,0,0,0
1784092628978,nx-q6-nexmark-auto-171129,Executor4,Stage1-3-0,0,0,0,0,0,0,0,0
1784092629978,nx-q6-nexmark-auto-171129,Executor4,Stage1-3-0,0,0,0,0,0,0,0,0
1784092630978,nx-q6-nexmark-auto-171129,Executor4,Stage1-3-0,0,0,0,0,0,0,0,0
1784092631978,nx-q6-nexmark-auto-171129,Executor4,Stage1-3-0,0,0,0,0,0,0,0,0
1784092632978,nx-q6-nexmark-auto-171129,Executor4,Stage1-3-0,0,0,0,0,0,0,0,0
1784092633978,nx-q6-nexmark-auto-171129,Executor4,Stage1-3-0,0,0,0,0,0,0,0,0
1784092634978,nx-q6-nexmark-auto-171129,Executor4,Stage1-3-0,0,0,0,0,0,0,0,0
1784092635978,nx-q6-nexmark-auto-171129,Executor4,Stage1-3-0,0,0,0,0,0,0,0,0
1784092636978,nx-q6-nexmark-auto-171129,Executor4,Stage1-3-0,0,0,0,0,0,0,0,0
1784092637978,nx-q6-nexmark-auto-171129,Executor4,Stage1-3-0,0,0,0,0,0,0,0,0
1784092638978,nx-q6-nexmark-auto-171129,Executor4,Stage1-3-0,0,0,0,0,0,0,0,0
1784092639978,nx-q6-nexmark-auto-171129,Executor4,Stage1-3-0,0,0,0,0,0,0,0,0
1784092640978,nx-q6-nexmark-auto-171129,Executor4,Stage1-3-0,0,0,0,0,0,0,0,0
1784092641978,nx-q6-nexmark-auto-171129,Executor4,Stage1-3-0,0,0,0,0,0,0,0,0
1784092642978,nx-q6-nexmark-auto-171129,Executor4,Stage1-3-0,0,0,0,0,0,0,0,0
1784092643978,nx-q6-nexmark-auto-171129,Executor4,Stage1-3-0,0,0,0,0,0,0,0,0
1784092644978,nx-q6-nexmark-auto-171129,Executor4,Stage1-3-0,0,0,0,0,0,0,0,0
1784092645978,nx-q6-nexmark-auto-171129,Executor4,Stage1-3-0,0,0,0,0,0,0,0,0
1784092646978,nx-q6-nexmark-auto-171129,Executor4,Stage1-3-0,0,0,0,0,0,0,0,0
1784092647978,nx-q6-nexmark-auto-171129,Executor4,Stage1-3-0,0,0,0,0,0,0,0,0
1784092648978,nx-q6-nexmark-auto-171129,Executor4,Stage1-3-0,0,0,0,0,0,0,0,0
1784092649978,nx-q6-nexmark-auto-171129,Executor4,Stage1-3-0,0,0,0,0,0,0,0,0
1784092650978,nx-q6-nexmark-auto-171129,Executor4,Stage1-3-0,0,0,0,0,0,0,0,0
1784092651978,nx-q6-nexmark-auto-171129,Executor4,Stage1-3-0,0,0,0,0,0,0,0,0
1784092652978,nx-q6-nexmark-auto-171129,Executor4,Stage1-3-0,0,0,0,0,0,0,0,0
1784092653978,nx-q6-nexmark-auto-171129,Executor4,Stage1-3-0,0,0,0,0,0,0,0,0
1784092654978,nx-q6-nexmark-auto-171129,Executor4,Stage1-3-0,0,0,0,0,0,0,0,0
1784092655978,nx-q6-nexmark-auto-171129,Executor4,Stage1-3-0,0,0,0,0,0,0,0,0
1784092656978,nx-q6-nexmark-auto-171129,Executor4,Stage1-3-0,0,0,0,0,0,0,0,0
1784092657978,nx-q6-nexmark-auto-171129,Executor4,Stage1-3-0,0,0,0,0,0,0,0,0
1784092658978,nx-q6-nexmark-auto-171129,Executor4,Stage1-3-0,0,0,0,0,0,0,0,0
1784092659978,nx-q6-nexmark-auto-171129,Executor4,Stage1-3-0,0,0,0,0,0,0,0,0
1784092660978,nx-q6-nexmark-auto-171129,Executor4,Stage1-3-0,0,0,0,0,0,0,0,0
1784092661978,nx-q6-nexmark-auto-171129,Executor4,Stage1-3-0,0,0,0,0,0,0,0,0
1784092662978,nx-q6-nexmark-auto-171129,Executor4,Stage1-3-0,0,0,0,0,0,0,0,0
1784092663978,nx-q6-nexmark-auto-171129,Executor4,Stage1-3-0,0,0,0,0,0,0,0,0
1784092664978,nx-q6-nexmark-auto-171129,Executor4,Stage1-3-0,0,0,0,0,0,0,0,0
1784092665978,nx-q6-nexmark-auto-171129,Executor4,Stage1-3-0,0,0,0,0,0,0,0,0
1784092666978,nx-q6-nexmark-auto-171129,Executor4,Stage1-3-0,0,0,0,0,0,0,0,0
1784092667978,nx-q6-nexmark-auto-171129,Executor4,Stage1-3-0,0,0,0,0,0,0,0,0
1784092668978,nx-q6-nexmark-auto-171129,Executor4,Stage1-3-0,0,0,0,0,0,0,0,0
1784092669978,nx-q6-nexmark-auto-171129,Executor4,Stage1-3-0,0,0,0,0,0,0,0,0
1784092670978,nx-q6-nexmark-auto-171129,Executor4,Stage1-3-0,0,0,0,0,0,0,0,0
1784092671978,nx-q6-nexmark-auto-171129,Executor4,Stage1-3-0,0,0,0,0,0,0,0,0
1784092672978,nx-q6-nexmark-auto-171129,Executor4,Stage1-3-0,0,0,0,0,0,0,0,0
1784092673978,nx-q6-nexmark-auto-171129,Executor4,Stage1-3-0,0,0,0,0,0,0,0,0
1784092674978,nx-q6-nexmark-auto-171129,Executor4,Stage1-3-0,0,0,0,0,0,0,0,0
1784092675978,nx-q6-nexmark-auto-171129,Executor4,Stage1-3-0,0,0,0,0,0,0,0,0
1784092676978,nx-q6-nexmark-auto-171129,Executor4,Stage1-3-0,0,0,0,0,0,0,0,0
1784092677978,nx-q6-nexmark-auto-171129,Executor4,Stage1-3-0,0,0,0,0,0,0,0,0
1784092678978,nx-q6-nexmark-auto-171129,Executor4,Stage1-3-0,0,0,0,0,0,0,0,0
1784092679978,nx-q6-nexmark-auto-171129,Executor4,Stage1-3-0,0,0,0,0,0,0,0,0
1784092680978,nx-q6-nexmark-auto-171129,Executor4,Stage1-3-0,0,0,0,0,0,0,0,0
1784092681978,nx-q6-nexmark-auto-171129,Executor4,Stage1-3-0,0,0,0,0,0,0,0,0
1784092682978,nx-q6-nexmark-auto-171129,Executor4,Stage1-3-0,0,0,0,0,0,0,0,0
1784092683978,nx-q6-nexmark-auto-171129,Executor4,Stage1-3-0,0,0,0,0,0,0,0,0
1784092684978,nx-q6-nexmark-auto-171129,Executor4,Stage1-3-0,0,0,0,0,0,0,0,0
1784092685978,nx-q6-nexmark-auto-171129,Executor4,Stage1-3-0,0,0,0,0,0,0,0,0
1784092686978,nx-q6-nexmark-auto-171129,Executor4,Stage1-3-0,0,0,0,0,0,0,0,0
1784092687978,nx-q6-nexmark-auto-171129,Executor4,Stage1-3-0,0,0,0,0,0,0,0,0
1784092688978,nx-q6-nexmark-auto-171129,Executor4,Stage1-3-0,0,0,0,0,0,0,0,0
1784092689978,nx-q6-nexmark-auto-171129,Executor4,Stage1-3-0,0,0,0,0,0,0,0,0
1784092690978,nx-q6-nexmark-auto-171129,Executor4,Stage1-3-0,0,0,0,0,0,0,0,0
1784092691978,nx-q6-nexmark-auto-171129,Executor4,Stage1-3-0,0,0,0,0,0,0,0,0
1784092692978,nx-q6-nexmark-auto-171129,Executor4,Stage1-3-0,0,0,0,0,0,0,0,0
1784092693978,nx-q6-nexmark-auto-171129,Executor4,Stage1-3-0,0,0,0,0,0,0,0,0
1784092694978,nx-q6-nexmark-auto-171129,Executor4,Stage1-3-0,0,0,0,0,0,0,0,0
1784092695978,nx-q6-nexmark-auto-171129,Executor4,Stage1-3-0,0,0,0,0,0,0,0,0
1784092696978,nx-q6-nexmark-auto-171129,Executor4,Stage1-3-0,0,0,0,0,0,0,0,0
1784092697978,nx-q6-nexmark-auto-171129,Executor4,Stage1-3-0,0,0,0,0,0,0,0,0
1784092698978,nx-q6-nexmark-auto-171129,Executor4,Stage1-3-0,0,0,0,0,0,0,0,0
1784092699978,nx-q6-nexmark-auto-171129,Executor4,Stage1-3-0,0,0,0,0,0,0,0,0
1784092700978,nx-q6-nexmark-auto-171129,Executor4,Stage1-3-0,0,0,0,0,0,0,0,0
1784092701978,nx-q6-nexmark-auto-171129,Executor4,Stage1-3-0,0,0,0,0,0,0,0,0
1784092702978,nx-q6-nexmark-auto-171129,Executor4,Stage1-3-0,0,0,0,0,0,0,0,0
1784092703978,nx-q6-nexmark-auto-171129,Executor4,Stage1-3-0,0,0,0,0,0,0,0,0
1784092704978,nx-q6-nexmark-auto-171129,Executor4,Stage1-3-0,0,0,0,0,0,0,0,0
1784092705978,nx-q6-nexmark-auto-171129,Executor4,Stage1-3-0,0,0,0,0,0,0,0,0
1784092706978,nx-q6-nexmark-auto-171129,Executor4,Stage1-3-0,0,0,0,0,0,0,0,0
1784092707978,nx-q6-nexmark-auto-171129,Executor4,Stage1-3-0,0,0,0,0,0,0,0,0
1784092708978,nx-q6-nexmark-auto-171129,Executor4,Stage1-3-0,0,0,0,0,0,0,0,0
1784092709978,nx-q6-nexmark-auto-171129,Executor4,Stage1-3-0,0,0,0,0,0,0,0,0
1784092710978,nx-q6-nexmark-auto-171129,Executor4,Stage1-3-0,0,0,0,0,0,0,0,0
1784092711978,nx-q6-nexmark-auto-171129,Executor4,Stage1-3-0,0,0,0,0,0,0,0,0
1784092712978,nx-q6-nexmark-auto-171129,Executor4,Stage1-3-0,0,0,0,0,0,0,0,0
1784092713978,nx-q6-nexmark-auto-171129,Executor4,Stage1-3-0,0,0,0,0,0,0,0,0
1784092714978,nx-q6-nexmark-auto-171129,Executor4,Stage1-3-0,0,0,0,0,0,0,0,0
1784092715978,nx-q6-nexmark-auto-171129,Executor4,Stage1-3-0,0,0,0,0,0,0,0,0
1784092716978,nx-q6-nexmark-auto-171129,Executor4,Stage1-3-0,0,0,0,0,0,0,0,0
1784092717978,nx-q6-nexmark-auto-171129,Executor4,Stage1-3-0,0,0,0,0,0,0,0,0
1784092718978,nx-q6-nexmark-auto-171129,Executor4,Stage1-3-0,0,0,0,0,0,0,0,0
1784092719978,nx-q6-nexmark-auto-171129,Executor4,Stage1-3-0,0,0,0,0,0,0,0,0
1784092720978,nx-q6-nexmark-auto-171129,Executor4,Stage1-3-0,0,0,0,0,0,0,0,0
1784092721978,nx-q6-nexmark-auto-171129,Executor4,Stage1-3-0,0,0,0,0,0,0,0,0
1784092722978,nx-q6-nexmark-auto-171129,Executor4,Stage1-3-0,0,0,0,0,0,0,0,0
1784092723978,nx-q6-nexmark-auto-171129,Executor4,Stage1-3-0,0,0,0,0,0,0,0,0
1784092724978,nx-q6-nexmark-auto-171129,Executor4,Stage1-3-0,0,0,0,0,0,0,0,0
1784092725978,nx-q6-nexmark-auto-171129,Executor4,Stage1-3-0,0,0,0,0,0,0,0,0
1784092726978,nx-q6-nexmark-auto-171129,Executor4,Stage1-3-0,0,0,0,0,0,0,0,0
1784092727978,nx-q6-nexmark-auto-171129,Executor4,Stage1-3-0,0,0,0,0,0,0,0,0
1784092728978,nx-q6-nexmark-auto-171129,Executor4,Stage1-3-0,0,0,0,0,0,0,0,0
1784092729978,nx-q6-nexmark-auto-171129,Executor4,Stage1-3-0,0,0,0,0,0,0,0,0
1784092730978,nx-q6-nexmark-auto-171129,Executor4,Stage1-3-0,0,0,0,0,0,0,0,0
1784092731978,nx-q6-nexmark-auto-171129,Executor4,Stage1-3-0,0,0,0,0,0,0,0,0
1784092732978,nx-q6-nexmark-auto-171129,Executor4,Stage1-3-0,0,0,0,0,0,0,0,0
1784092733978,nx-q6-nexmark-auto-171129,Executor4,Stage1-3-0,0,0,0,0,0,0,0,0
1784092734978,nx-q6-nexmark-auto-171129,Executor4,Stage1-3-0,0,0,0,0,0,0,0,0
1784092735978,nx-q6-nexmark-auto-171129,Executor4,Stage1-3-0,0,0,0,0,0,0,0,0
1784092736978,nx-q6-nexmark-auto-171129,Executor4,Stage1-3-0,0,0,0,0,0,0,0,0
1784092737978,nx-q6-nexmark-auto-171129,Executor4,Stage1-3-0,0,0,0,0,0,0,0,0
1784092738978,nx-q6-nexmark-auto-171129,Executor4,Stage1-3-0,0,0,0,0,0,0,0,0
1784092739978,nx-q6-nexmark-auto-171129,Executor4,Stage1-3-0,0,0,0,0,0,0,0,0
1784092740978,nx-q6-nexmark-auto-171129,Executor4,Stage1-3-0,0,0,0,0,0,0,0,0
1784092741978,nx-q6-nexmark-auto-171129,Executor4,Stage1-3-0,0,0,0,0,0,0,0,0
1784092742978,nx-q6-nexmark-auto-171129,Executor4,Stage1-3-0,0,0,0,0,0,0,0,0
1784092743978,nx-q6-nexmark-auto-171129,Executor4,Stage1-3-0,0,0,0,0,0,0,0,0
1784092744978,nx-q6-nexmark-auto-171129,Executor4,Stage1-3-0,0,0,0,0,0,0,0,0
1784092745978,nx-q6-nexmark-auto-171129,Executor4,Stage1-3-0,0,0,0,0,0,0,0,0
1784092746978,nx-q6-nexmark-auto-171129,Executor4,Stage1-3-0,0,0,0,0,0,0,0,0
1784092747978,nx-q6-nexmark-auto-171129,Executor4,Stage1-3-0,0,0,0,0,0,0,0,0
1784092748978,nx-q6-nexmark-auto-171129,Executor4,Stage1-3-0,0,0,0,0,0,0,0,0
1784092749978,nx-q6-nexmark-auto-171129,Executor4,Stage1-3-0,0,0,0,0,0,0,0,0
1784092750978,nx-q6-nexmark-auto-171129,Executor4,Stage1-3-0,0,0,0,0,0,0,0,0
1784092751978,nx-q6-nexmark-auto-171129,Executor4,Stage1-3-0,0,0,0,0,0,0,0,0
1784092752978,nx-q6-nexmark-auto-171129,Executor4,Stage1-3-0,0,0,0,0,0,0,0,0
1784092753978,nx-q6-nexmark-auto-171129,Executor4,Stage1-3-0,0,0,0,0,0,0,0,0
1784092754978,nx-q6-nexmark-auto-171129,Executor4,Stage1-3-0,0,0,0,0,0,0,0,0
1784092755978,nx-q6-nexmark-auto-171129,Executor4,Stage1-3-0,0,0,0,0,0,0,0,0
1784092756978,nx-q6-nexmark-auto-171129,Executor4,Stage1-3-0,0,0,0,0,0,0,0,0
1784092757978,nx-q6-nexmark-auto-171129,Executor4,Stage1-3-0,0,0,0,0,0,0,0,0
1784092758978,nx-q6-nexmark-auto-171129,Executor4,Stage1-3-0,0,0,0,0,0,0,0,0
1784092759978,nx-q6-nexmark-auto-171129,Executor4,Stage1-3-0,0,0,0,0,0,0,0,0
1784092760978,nx-q6-nexmark-auto-171129,Executor4,Stage1-3-0,0,0,0,0,0,0,0,0
1784092761978,nx-q6-nexmark-auto-171129,Executor4,Stage1-3-0,0,0,0,0,0,0,0,0
1784092762978,nx-q6-nexmark-auto-171129,Executor4,Stage1-3-0,0,0,0,0,0,0,0,0
1784092763978,nx-q6-nexmark-auto-171129,Executor4,Stage1-3-0,0,0,0,0,0,0,0,0
1784092764978,nx-q6-nexmark-auto-171129,Executor4,Stage1-3-0,0,0,0,0,0,0,0,0
1784092765978,nx-q6-nexmark-auto-171129,Executor4,Stage1-3-0,0,0,0,0,0,0,0,0
1784092766978,nx-q6-nexmark-auto-171129,Executor4,Stage1-3-0,0,0,0,0,0,0,0,0
1784092767978,nx-q6-nexmark-auto-171129,Executor4,Stage1-3-0,0,0,0,0,0,0,0,0
1784092768978,nx-q6-nexmark-auto-171129,Executor4,Stage1-3-0,0,0,0,0,0,0,0,0
1784092769978,nx-q6-nexmark-auto-171129,Executor4,Stage1-3-0,0,0,0,0,0,0,0,0
1784092770978,nx-q6-nexmark-auto-171129,Executor4,Stage1-3-0,0,0,0,0,0,0,0,0
1784092771978,nx-q6-nexmark-auto-171129,Executor4,Stage1-3-0,0,0,0,0,0,0,0,0
1784092772978,nx-q6-nexmark-auto-171129,Executor4,Stage1-3-0,0,0,0,0,0,0,0,0
1784092773978,nx-q6-nexmark-auto-171129,Executor4,Stage1-3-0,0,0,0,0,0,0,0,0
1784092774978,nx-q6-nexmark-auto-171129,Executor4,Stage1-3-0,0,0,0,0,0,0,0,0
1784092775978,nx-q6-nexmark-auto-171129,Executor4,Stage1-3-0,0,0,0,0,0,0,0,0
1784092776978,nx-q6-nexmark-auto-171129,Executor4,Stage1-3-0,0,0,0,0,0,0,0,0
1784092777978,nx-q6-nexmark-auto-171129,Executor4,Stage1-3-0,0,0,0,0,0,0,0,0
1784092778978,nx-q6-nexmark-auto-171129,Executor4,Stage1-3-0,0,0,0,0,0,0,0,0
1784092779978,nx-q6-nexmark-auto-171129,Executor4,Stage1-3-0,0,0,0,0,0,0,0,0
1784092780978,nx-q6-nexmark-auto-171129,Executor4,Stage1-3-0,0,0,0,0,0,0,0,0
1784092781978,nx-q6-nexmark-auto-171129,Executor4,Stage1-3-0,0,0,0,0,0,0,0,0
1784092782978,nx-q6-nexmark-auto-171129,Executor4,Stage1-3-0,0,0,0,0,0,0,0,0
1784092783978,nx-q6-nexmark-auto-171129,Executor4,Stage1-3-0,0,0,0,0,0,0,0,0
1784092784978,nx-q6-nexmark-auto-171129,Executor4,Stage1-3-0,0,0,0,0,0,0,0,0
1784092785978,nx-q6-nexmark-auto-171129,Executor4,Stage1-3-0,0,0,0,0,0,0,0,0
1784092786978,nx-q6-nexmark-auto-171129,Executor4,Stage1-3-0,0,0,0,0,0,0,0,0
1784092787978,nx-q6-nexmark-auto-171129,Executor4,Stage1-3-0,0,0,0,0,0,0,0,0
1784092788978,nx-q6-nexmark-auto-171129,Executor4,Stage1-3-0,0,0,0,0,0,0,0,0
1784092789978,nx-q6-nexmark-auto-171129,Executor4,Stage1-3-0,0,0,0,0,0,0,0,0
1784092790978,nx-q6-nexmark-auto-171129,Executor4,Stage1-3-0,0,0,0,0,0,0,0,0
1784092791978,nx-q6-nexmark-auto-171129,Executor4,Stage1-3-0,0,0,0,0,0,0,0,0
1784092792978,nx-q6-nexmark-auto-171129,Executor4,Stage1-3-0,0,0,0,0,0,0,0,0
1784092793978,nx-q6-nexmark-auto-171129,Executor4,Stage1-3-0,0,0,0,0,0,0,0,0
1784092794978,nx-q6-nexmark-auto-171129,Executor4,Stage1-3-0,0,0,0,0,0,0,0,0
1784092795978,nx-q6-nexmark-auto-171129,Executor4,Stage1-3-0,0,0,0,0,0,0,0,0
1784092796978,nx-q6-nexmark-auto-171129,Executor4,Stage1-3-0,0,0,0,0,0,0,0,0
1784092797978,nx-q6-nexmark-auto-171129,Executor4,Stage1-3-0,0,0,0,0,0,0,0,0
1784092798978,nx-q6-nexmark-auto-171129,Executor4,Stage1-3-0,0,0,0,0,0,0,0,0
1784092799978,nx-q6-nexmark-auto-171129,Executor4,Stage1-3-0,0,0,0,0,0,0,0,0
1784092800978,nx-q6-nexmark-auto-171129,Executor4,Stage1-3-0,0,0,0,0,0,0,0,0
1784092801978,nx-q6-nexmark-auto-171129,Executor4,Stage1-3-0,0,0,0,0,0,0,0,0
1784092802978,nx-q6-nexmark-auto-171129,Executor4,Stage1-3-0,0,0,0,0,0,0,0,0
