1781909413927,Executor0,Stage0-0-0,0,0,0,0,0,0,0,0
1781909413927,Executor0,Stage0-1-0,0,0,0,0,0,0,0,0
1781909413927,Executor0,Stage0-2-0,0,0,0,0,0,0,0,0
1781909413927,Executor0,Stage0-3-0,0,0,0,0,0,0,0,0
1781909413978,Executor1,Stage1-0-0,0,0,0,0,0,0,0,0
1781909414176,Executor2,Stage1-3-0,0,0,0,0,0,0,0,0
1781909414204,Executor7,Stage1-1-0,0,0,0,0,0,0,0,0
1781909414367,Executor1,Stage1-2-0,0,0,0,0,0,0,0,0
1781909414370,Executor0,Stage0-0-0,0,0,0,0,0,0,0,0
1781909414621,Executor3,Stage1-0-0,0,0,0,0,0,0,0,0
1781909414927,Executor0,Stage0-0-0,0,0,0,0,0,0,0,0
1781909414927,Executor0,Stage0-1-0,0,0,0,0,0,0,0,0
1781909414927,Executor0,Stage0-2-0,0,0,0,0,0,0,0,0
1781909414927,Executor0,Stage0-3-0,0,0,0,0,0,0,0,0
1781909414978,Executor1,Stage1-0-0,0,0,0,0,0,0,0,0
1781909415176,Executor2,Stage1-3-0,0,0,0,0,0,0,0,0
1781909415204,Executor7,Stage1-1-0,0,0,0,0,0,0,0,0
1781909415367,Executor1,Stage1-2-0,0,0,0,0,0,0,0,0
1781909415370,Executor0,Stage0-0-0,0,0,0,0,0,0,0,0
1781909415620,Executor3,Stage1-0-0,0,0,0,0,0,0,0,0
1781909415927,Executor0,Stage0-0-0,0,0,0,0,0,0,0,0
1781909415927,Executor0,Stage0-1-0,0,0,0,0,0,0,0,0
1781909415927,Executor0,Stage0-2-0,0,0,0,0,0,0,0,0
1781909415927,Executor0,Stage0-3-0,0,0,0,0,0,0,0,0
1781909415978,Executor1,Stage1-0-0,0,0,0,0,0,0,0,0
1781909416176,Executor2,Stage1-3-0,0,0,0,0,0,0,0,0
1781909416204,Executor7,Stage1-1-0,0,0,0,0,0,0,0,0
1781909416367,Executor1,Stage1-2-0,0,0,0,0,0,0,0,0
1781909416370,Executor0,Stage0-0-0,0,0,0,0,0,0,0,0
1781909416620,Executor3,Stage1-0-0,0,0,0,0,0,0,0,0
1781909416927,Executor0,Stage0-0-0,0,0,0,0,0,0,0,0
1781909416927,Executor0,Stage0-1-0,0,0,0,0,0,0,0,0
1781909416927,Executor0,Stage0-2-0,0,0,0,0,0,0,0,0
1781909416927,Executor0,Stage0-3-0,0,0,0,0,0,0,0,0
1781909416978,Executor1,Stage1-0-0,0,0,0,0,0,0,0,0
1781909417176,Executor2,Stage1-3-0,0,0,0,0,0,0,0,0
1781909417204,Executor7,Stage1-1-0,0,0,0,0,0,0,0,0
1781909417367,Executor1,Stage1-2-0,0,0,0,0,0,0,0,0
1781909417370,Executor0,Stage0-0-0,0,0,0,0,0,0,0,0
1781909417621,Executor3,Stage1-0-0,0,0,0,0,0,0,0,0
1781909417927,Executor0,Stage0-0-0,0,0,0,0,0,0,0,0
1781909417927,Executor0,Stage0-1-0,0,0,0,0,0,0,0,0
1781909417927,Executor0,Stage0-2-0,0,0,0,0,0,0,0,0
1781909417927,Executor0,Stage0-3-0,0,0,0,0,0,0,0,0
1781909417978,Executor1,Stage1-0-0,0,0,0,0,0,0,0,0
1781909418176,Executor2,Stage1-3-0,0,0,0,0,0,0,0,0
1781909418204,Executor7,Stage1-1-0,0,0,0,0,0,0,0,0
1781909418367,Executor1,Stage1-2-0,0,0,0,0,0,0,0,0
1781909418370,Executor0,Stage0-0-0,0,0,0,0,0,0,0,0
1781909418620,Executor3,Stage1-0-0,0,0,0,0,0,0,0,0
1781909418927,Executor0,Stage0-0-0,0,0,0,0,0,0,0,0
1781909418927,Executor0,Stage0-1-0,0,0,0,0,0,0,0,0
1781909418927,Executor0,Stage0-2-0,0,0,0,0,0,0,0,0
1781909418927,Executor0,Stage0-3-0,0,0,0,0,0,0,0,0
1781909418978,Executor1,Stage1-0-0,0,0,0,0,0,0,0,0
1781909419176,Executor2,Stage1-3-0,0,0,0,0,0,0,0,0
1781909419204,Executor7,Stage1-1-0,0,0,0,0,0,0,0,0
1781909419367,Executor1,Stage1-2-0,0,0,0,0,0,0,0,0
1781909419370,Executor0,Stage0-0-0,0,0,0,0,0,0,0,0
1781909419620,Executor3,Stage1-0-0,0,0,0,0,0,0,0,0
1781909419927,Executor0,Stage0-0-0,0,0,0,0,0,0,0,0
1781909419927,Executor0,Stage0-1-0,0,0,0,0,0,0,0,0
1781909419927,Executor0,Stage0-2-0,0,0,0,0,0,0,0,0
1781909419927,Executor0,Stage0-3-0,0,0,0,0,0,0,0,0
1781909419978,Executor1,Stage1-0-0,0,0,0,0,0,0,0,0
1781909420176,Executor2,Stage1-3-0,0,0,0,0,0,0,0,0
1781909420204,Executor7,Stage1-1-0,0,0,0,0,0,0,0,0
1781909420367,Executor1,Stage1-2-0,0,0,0,0,0,0,0,0
1781909420370,Executor0,Stage0-0-0,0,0,0,0,0,0,0,0
1781909420620,Executor3,Stage1-0-0,0,0,0,0,0,0,0,0
1781909420927,Executor0,Stage0-0-0,0,0,0,0,0,0,0,0
1781909420927,Executor0,Stage0-1-0,0,0,0,0,0,0,0,0
1781909420927,Executor0,Stage0-2-0,0,0,0,0,0,0,0,0
1781909420927,Executor0,Stage0-3-0,0,0,0,0,0,0,0,0
1781909420978,Executor1,Stage1-0-0,0,0,0,0,0,0,0,0
1781909421176,Executor2,Stage1-3-0,0,0,0,0,0,0,0,0
1781909421204,Executor7,Stage1-1-0,0,0,0,0,0,0,0,0
1781909421367,Executor1,Stage1-2-0,0,0,0,0,0,0,0,0
1781909421370,Executor0,Stage0-0-0,0,0,0,0,0,0,0,0
1781909421620,Executor3,Stage1-0-0,0,0,0,0,0,0,0,0
1781909421927,Executor0,Stage0-0-0,0,0,0,0,0,0,0,0
1781909421927,Executor0,Stage0-1-0,0,0,0,0,0,0,0,0
1781909421927,Executor0,Stage0-2-0,0,0,0,0,0,0,0,0
1781909421927,Executor0,Stage0-3-0,0,0,0,0,0,0,0,0
1781909421978,Executor1,Stage1-0-0,0,0,0,0,0,0,0,0
1781909422176,Executor2,Stage1-3-0,0,0,0,0,0,0,0,0
1781909422204,Executor7,Stage1-1-0,0,0,0,0,0,0,0,0
1781909422367,Executor1,Stage1-2-0,0,0,0,0,0,0,0,0
1781909422370,Executor0,Stage0-0-0,0,0,0,0,0,0,0,0
1781909422620,Executor3,Stage1-0-0,0,0,0,0,0,0,0,0
1781909422927,Executor0,Stage0-0-0,0,0,0,0,0,0,0,0
1781909422927,Executor0,Stage0-1-0,0,0,0,0,0,0,0,0
1781909422927,Executor0,Stage0-2-0,0,0,0,0,0,0,0,0
1781909422927,Executor0,Stage0-3-0,0,0,0,0,0,0,0,0
1781909422978,Executor1,Stage1-0-0,0,0,0,0,0,0,0,0
1781909423176,Executor2,Stage1-3-0,0,0,0,0,0,0,0,0
1781909423204,Executor7,Stage1-1-0,0,0,0,0,0,0,0,0
1781909423367,Executor1,Stage1-2-0,0,0,0,0,0,0,0,0
1781909423370,Executor0,Stage0-0-0,0,0,0,0,0,0,0,0
1781909423620,Executor3,Stage1-0-0,0,0,0,0,0,0,0,0
1781909423927,Executor0,Stage0-0-0,0,0,0,0,0,0,0,0
1781909423927,Executor0,Stage0-1-0,0,0,0,0,0,0,0,0
1781909423927,Executor0,Stage0-2-0,0,0,0,0,0,0,0,0
1781909423927,Executor0,Stage0-3-0,0,0,0,0,0,0,0,0
1781909423978,Executor1,Stage1-0-0,0,0,0,0,0,0,0,0
1781909424176,Executor2,Stage1-3-0,0,0,0,0,0,0,0,0
1781909424204,Executor7,Stage1-1-0,0,0,0,0,0,0,0,0
1781909424367,Executor1,Stage1-2-0,0,0,0,0,0,0,0,0
1781909424370,Executor0,Stage0-0-0,0,0,0,0,0,0,0,0
1781909424621,Executor3,Stage1-0-0,0,0,0,0,0,0,0,0
1781909424927,Executor0,Stage0-0-0,0,0,0,0,0,0,0,0
1781909424927,Executor0,Stage0-1-0,0,0,0,0,0,0,0,0
1781909424927,Executor0,Stage0-2-0,0,0,0,0,0,0,0,0
1781909424927,Executor0,Stage0-3-0,0,0,0,0,0,0,0,0
1781909424978,Executor1,Stage1-0-0,0,0,0,0,0,0,0,0
1781909425176,Executor2,Stage1-3-0,0,0,0,0,0,0,0,0
1781909425204,Executor7,Stage1-1-0,0,0,0,0,0,0,0,0
1781909425367,Executor1,Stage1-2-0,0,0,0,0,0,0,0,0
1781909425370,Executor0,Stage0-0-0,0,0,0,0,0,0,0,0
1781909425620,Executor3,Stage1-0-0,0,0,0,0,0,0,0,0
1781909425927,Executor0,Stage0-0-0,0,0,0,0,0,0,0,0
1781909425927,Executor0,Stage0-1-0,0,0,0,0,0,0,0,0
1781909425927,Executor0,Stage0-2-0,0,0,0,0,0,0,0,0
1781909425927,Executor0,Stage0-3-0,0,0,0,0,0,0,0,0
1781909425978,Executor1,Stage1-0-0,0,0,0,0,0,0,0,0
1781909426176,Executor2,Stage1-3-0,0,0,0,0,0,0,0,0
1781909426204,Executor7,Stage1-1-0,0,0,0,0,0,0,0,0
1781909426367,Executor1,Stage1-2-0,0,0,0,0,0,0,0,0
1781909426370,Executor0,Stage0-0-0,0,0,0,0,0,0,0,0
1781909426620,Executor3,Stage1-0-0,0,0,0,0,0,0,0,0
1781909426927,Executor0,Stage0-0-0,0,0,0,0,0,0,0,0
1781909426927,Executor0,Stage0-1-0,0,0,0,0,0,0,0,0
1781909426927,Executor0,Stage0-2-0,0,0,0,0,0,0,0,0
1781909426927,Executor0,Stage0-3-0,0,0,0,0,0,0,0,0
1781909426978,Executor1,Stage1-0-0,0,0,0,0,0,0,0,0
1781909427176,Executor2,Stage1-3-0,0,0,0,0,0,0,0,0
1781909427204,Executor7,Stage1-1-0,0,0,0,0,0,0,0,0
1781909427367,Executor1,Stage1-2-0,0,0,0,0,0,0,0,0
1781909427370,Executor0,Stage0-0-0,0,0,0,0,0,0,0,0
1781909427620,Executor3,Stage1-0-0,0,0,0,0,0,0,0,0
1781909427927,Executor0,Stage0-0-0,0,0,0,0,0,0,0,0
1781909427927,Executor0,Stage0-1-0,0,0,0,0,0,0,0,0
1781909427927,Executor0,Stage0-2-0,0,0,0,0,0,0,0,0
1781909427927,Executor0,Stage0-3-0,0,0,0,0,0,0,0,0
1781909427978,Executor1,Stage1-0-0,0,0,0,0,0,0,0,0
1781909428176,Executor2,Stage1-3-0,0,0,0,0,0,0,0,0
1781909428204,Executor7,Stage1-1-0,0,0,0,0,0,0,0,0
1781909428367,Executor1,Stage1-2-0,0,0,0,0,0,0,0,0
1781909428370,Executor0,Stage0-0-0,0,0,0,0,0,0,0,0
1781909428620,Executor3,Stage1-0-0,0,0,0,0,0,0,0,0
1781909428927,Executor0,Stage0-0-0,0,0,0,0,0,0,0,0
1781909428927,Executor0,Stage0-1-0,0,0,0,0,0,0,0,0
1781909428927,Executor0,Stage0-2-0,0,0,0,0,0,0,0,0
1781909428927,Executor0,Stage0-3-0,0,0,0,0,0,0,0,0
1781909428978,Executor1,Stage1-0-0,0,0,0,0,0,0,0,0
1781909429176,Executor2,Stage1-3-0,0,0,0,0,0,0,0,0
1781909429204,Executor7,Stage1-1-0,0,0,0,0,0,0,0,0
1781909429367,Executor1,Stage1-2-0,0,0,0,0,0,0,0,0
1781909429370,Executor0,Stage0-0-0,0,0,0,0,0,0,0,0
1781909429621,Executor3,Stage1-0-0,0,0,0,0,0,0,0,0
1781909429927,Executor0,Stage0-0-0,0,0,0,0,0,0,0,0
1781909429927,Executor0,Stage0-1-0,0,0,0,0,0,0,0,0
1781909429927,Executor0,Stage0-2-0,0,0,0,0,0,0,0,0
1781909429927,Executor0,Stage0-3-0,0,0,0,0,0,0,0,0
1781909429978,Executor1,Stage1-0-0,0,0,0,0,0,0,0,0
1781909430176,Executor2,Stage1-3-0,0,0,0,0,0,0,0,0
1781909430204,Executor7,Stage1-1-0,0,0,0,0,0,0,0,0
1781909430367,Executor1,Stage1-2-0,0,0,0,0,0,0,0,0
1781909430370,Executor0,Stage0-0-0,0,0,0,0,0,0,0,0
1781909430620,Executor3,Stage1-0-0,0,0,0,0,0,0,0,0
1781909430927,Executor0,Stage0-0-0,0,0,0,0,0,0,0,0
1781909430927,Executor0,Stage0-1-0,0,0,0,0,0,0,0,0
1781909430927,Executor0,Stage0-2-0,0,0,0,0,0,0,0,0
1781909430927,Executor0,Stage0-3-0,0,0,0,0,0,0,0,0
1781909430978,Executor1,Stage1-0-0,0,0,0,0,0,0,0,0
1781909431176,Executor2,Stage1-3-0,0,0,0,0,0,0,0,0
1781909431204,Executor7,Stage1-1-0,0,0,0,0,0,0,0,0
1781909431367,Executor1,Stage1-2-0,0,0,0,0,0,0,0,0
1781909431370,Executor0,Stage0-0-0,0,0,0,0,0,0,0,0
1781909431620,Executor3,Stage1-0-0,0,0,0,0,0,0,0,0
1781909431927,Executor0,Stage0-0-0,0,0,0,0,0,0,0,0
1781909431927,Executor0,Stage0-1-0,0,0,0,0,0,0,0,0
1781909431927,Executor0,Stage0-2-0,0,0,0,0,0,0,0,0
1781909431927,Executor0,Stage0-3-0,0,0,0,0,0,0,0,0
1781909431978,Executor1,Stage1-0-0,0,0,0,0,0,0,0,0
1781909432176,Executor2,Stage1-3-0,0,0,0,0,0,0,0,0
1781909432204,Executor7,Stage1-1-0,0,0,0,0,0,0,0,0
1781909432367,Executor1,Stage1-2-0,0,0,0,0,0,0,0,0
1781909432370,Executor0,Stage0-0-0,0,0,0,0,0,0,0,0
1781909432620,Executor3,Stage1-0-0,0,0,0,0,0,0,0,0
1781909432927,Executor0,Stage0-0-0,0,0,0,0,0,0,0,0
1781909432927,Executor0,Stage0-1-0,0,0,0,0,0,0,0,0
1781909432927,Executor0,Stage0-2-0,0,0,0,0,0,0,0,0
1781909432927,Executor0,Stage0-3-0,0,0,0,0,0,0,0,0
1781909432978,Executor1,Stage1-0-0,0,0,0,0,0,0,0,0
1781909433176,Executor2,Stage1-3-0,0,0,0,0,0,0,0,0
1781909433204,Executor7,Stage1-1-0,0,0,0,0,0,0,0,0
1781909433367,Executor1,Stage1-2-0,0,0,0,0,0,0,0,0
1781909433370,Executor0,Stage0-0-0,0,0,0,0,0,0,0,0
1781909433620,Executor3,Stage1-0-0,0,0,0,0,0,0,0,0
1781909433927,Executor0,Stage0-0-0,0,0,0,0,0,0,0,0
1781909433927,Executor0,Stage0-1-0,0,0,0,0,0,0,0,0
1781909433927,Executor0,Stage0-2-0,0,0,0,0,0,0,0,0
1781909433927,Executor0,Stage0-3-0,0,0,0,0,0,0,0,0
1781909433978,Executor1,Stage1-0-0,0,0,0,0,0,0,0,0
1781909434176,Executor2,Stage1-3-0,0,0,0,0,0,0,0,0
1781909434204,Executor7,Stage1-1-0,0,0,0,0,0,0,0,0
1781909434367,Executor1,Stage1-2-0,0,0,0,0,0,0,0,0
1781909434370,Executor0,Stage0-0-0,0,0,0,0,0,0,0,0
1781909434620,Executor3,Stage1-0-0,0,0,0,0,0,0,0,0
1781909434927,Executor0,Stage0-0-0,0,0,0,0,0,0,0,0
1781909434927,Executor0,Stage0-1-0,0,0,0,0,0,0,0,0
1781909434927,Executor0,Stage0-2-0,0,0,0,0,0,0,0,0
1781909434927,Executor0,Stage0-3-0,0,0,0,0,0,0,0,0
1781909434978,Executor1,Stage1-0-0,0,0,0,0,0,0,0,0
1781909435176,Executor2,Stage1-3-0,0,0,0,0,0,0,0,0
1781909435204,Executor7,Stage1-1-0,0,0,0,0,0,0,0,0
1781909435367,Executor1,Stage1-2-0,0,0,0,0,0,0,0,0
1781909435370,Executor0,Stage0-0-0,0,0,0,0,0,0,0,0
1781909435620,Executor3,Stage1-0-0,0,0,0,0,0,0,0,0
1781909435927,Executor0,Stage0-0-0,0,0,0,0,0,0,0,0
1781909435927,Executor0,Stage0-1-0,0,0,0,0,0,0,0,0
1781909435927,Executor0,Stage0-2-0,0,0,0,0,0,0,0,0
1781909435927,Executor0,Stage0-3-0,0,0,0,0,0,0,0,0
1781909435978,Executor1,Stage1-0-0,0,0,0,0,0,0,0,0
1781909436176,Executor2,Stage1-3-0,0,0,0,0,0,0,0,0
1781909436204,Executor7,Stage1-1-0,0,0,0,0,0,0,0,0
1781909436367,Executor1,Stage1-2-0,0,0,0,0,0,0,0,0
1781909436370,Executor0,Stage0-0-0,0,0,0,0,0,0,0,0
1781909436620,Executor3,Stage1-0-0,0,0,0,0,0,0,0,0
1781909436927,Executor0,Stage0-0-0,0,0,0,0,0,0,0,0
1781909436927,Executor0,Stage0-1-0,0,0,0,0,0,0,0,0
1781909436927,Executor0,Stage0-2-0,0,0,0,0,0,0,0,0
1781909436927,Executor0,Stage0-3-0,0,0,0,0,0,0,0,0
1781909436978,Executor1,Stage1-0-0,0,0,0,0,0,0,0,0
1781909437176,Executor2,Stage1-3-0,0,0,0,0,0,0,0,0
1781909437204,Executor7,Stage1-1-0,0,0,0,0,0,0,0,0
1781909437367,Executor1,Stage1-2-0,0,0,0,0,0,0,0,0
1781909437370,Executor0,Stage0-0-0,0,0,0,0,0,0,0,0
1781909437621,Executor3,Stage1-0-0,0,0,0,0,0,0,0,0
1781909437927,Executor0,Stage0-0-0,0,0,0,0,0,0,0,0
1781909437927,Executor0,Stage0-1-0,0,0,0,0,0,0,0,0
1781909437927,Executor0,Stage0-2-0,0,0,0,0,0,0,0,0
1781909437927,Executor0,Stage0-3-0,0,0,0,0,0,0,0,0
1781909437978,Executor1,Stage1-0-0,0,0,0,0,0,0,0,0
1781909438176,Executor2,Stage1-3-0,0,0,0,0,0,0,0,0
1781909438204,Executor7,Stage1-1-0,0,0,0,0,0,0,0,0
1781909438367,Executor1,Stage1-2-0,0,0,0,0,0,0,0,0
1781909438370,Executor0,Stage0-0-0,0,0,0,0,0,0,0,0
1781909438621,Executor3,Stage1-0-0,0,0,0,0,0,0,0,0
1781909438927,Executor0,Stage0-0-0,0,0,0,0,0,0,0,0
1781909438927,Executor0,Stage0-1-0,0,0,0,0,0,0,0,0
1781909438927,Executor0,Stage0-2-0,0,0,0,0,0,0,0,0
1781909438927,Executor0,Stage0-3-0,0,0,0,0,0,0,0,0
1781909438978,Executor1,Stage1-0-0,0,0,0,0,0,0,0,0
1781909439176,Executor2,Stage1-3-0,0,0,0,0,0,0,0,0
1781909439204,Executor7,Stage1-1-0,0,0,0,0,0,0,0,0
1781909439367,Executor1,Stage1-2-0,0,0,0,0,0,0,0,0
1781909439370,Executor0,Stage0-0-0,0,0,0,0,0,0,0,0
1781909439620,Executor3,Stage1-0-0,0,0,0,0,0,0,0,0
1781909439927,Executor0,Stage0-0-0,0,0,0,0,0,0,0,0
1781909439927,Executor0,Stage0-1-0,0,0,0,0,0,0,0,0
1781909439927,Executor0,Stage0-2-0,0,0,0,0,0,0,0,0
1781909439927,Executor0,Stage0-3-0,0,0,0,0,0,0,0,0
1781909439978,Executor1,Stage1-0-0,0,0,0,0,0,0,0,0
1781909440176,Executor2,Stage1-3-0,0,0,0,0,0,0,0,0
1781909440204,Executor7,Stage1-1-0,0,0,0,0,0,0,0,0
1781909440367,Executor1,Stage1-2-0,0,0,0,0,0,0,0,0
1781909440370,Executor0,Stage0-0-0,0,0,0,0,0,0,0,0
1781909440620,Executor3,Stage1-0-0,0,0,0,0,0,0,0,0
1781909440927,Executor0,Stage0-0-0,0,0,0,0,0,0,0,0
1781909440927,Executor0,Stage0-1-0,0,0,0,0,0,0,0,0
1781909440927,Executor0,Stage0-2-0,0,0,0,0,0,0,0,0
1781909440927,Executor0,Stage0-3-0,0,0,0,0,0,0,0,0
1781909440978,Executor1,Stage1-0-0,0,0,0,0,0,0,0,0
1781909441176,Executor2,Stage1-3-0,0,0,0,0,0,0,0,0
1781909441204,Executor7,Stage1-1-0,0,0,0,0,0,0,0,0
1781909441367,Executor1,Stage1-2-0,0,0,0,0,0,0,0,0
1781909441370,Executor0,Stage0-0-0,0,0,0,0,0,0,0,0
1781909441620,Executor3,Stage1-0-0,0,0,0,0,0,0,0,0
1781909441927,Executor0,Stage0-0-0,0,0,0,0,0,0,0,0
1781909441927,Executor0,Stage0-1-0,0,0,0,0,0,0,0,0
1781909441927,Executor0,Stage0-2-0,0,0,0,0,0,0,0,0
1781909441927,Executor0,Stage0-3-0,0,0,0,0,0,0,0,0
1781909441978,Executor1,Stage1-0-0,0,0,0,0,0,0,0,0
1781909442176,Executor2,Stage1-3-0,0,0,0,0,0,0,0,0
1781909442204,Executor7,Stage1-1-0,0,0,0,0,0,0,0,0
1781909442367,Executor1,Stage1-2-0,0,0,0,0,0,0,0,0
1781909442370,Executor0,Stage0-0-0,0,0,0,0,0,0,0,0
1781909442620,Executor3,Stage1-0-0,0,0,0,0,0,0,0,0
1781909442927,Executor0,Stage0-0-0,0,0,0,0,0,0,0,0
1781909442927,Executor0,Stage0-1-0,0,0,0,0,0,0,0,0
1781909442927,Executor0,Stage0-2-0,0,0,0,0,0,0,0,0
1781909442927,Executor0,Stage0-3-0,0,0,0,0,0,0,0,0
1781909442978,Executor1,Stage1-0-0,0,0,0,0,0,0,0,0
1781909443176,Executor2,Stage1-3-0,0,0,0,0,0,0,0,0
1781909443204,Executor7,Stage1-1-0,0,0,0,0,0,0,0,0
1781909443367,Executor1,Stage1-2-0,0,0,0,0,0,0,0,0
1781909443370,Executor0,Stage0-0-0,0,0,0,0,0,0,0,0
1781909443620,Executor3,Stage1-0-0,0,0,0,0,0,0,0,0
1781909443927,Executor0,Stage0-0-0,0,0,0,0,0,0,0,0
1781909443927,Executor0,Stage0-1-0,0,0,0,0,0,0,0,0
1781909443927,Executor0,Stage0-2-0,0,0,0,0,0,0,0,0
1781909443927,Executor0,Stage0-3-0,0,0,0,0,0,0,0,0
1781909443978,Executor1,Stage1-0-0,0,0,0,0,0,0,0,0
1781909444176,Executor2,Stage1-3-0,0,0,0,0,0,0,0,0
1781909444204,Executor7,Stage1-1-0,0,0,0,0,0,0,0,0
1781909444367,Executor1,Stage1-2-0,0,0,0,0,0,0,0,0
1781909444370,Executor0,Stage0-0-0,0,0,0,0,0,0,0,0
1781909444620,Executor3,Stage1-0-0,0,0,0,0,0,0,0,0
1781909444927,Executor0,Stage0-0-0,0,0,0,0,0,0,0,0
1781909444927,Executor0,Stage0-1-0,0,0,0,0,0,0,0,0
1781909444927,Executor0,Stage0-2-0,0,0,0,0,0,0,0,0
1781909444927,Executor0,Stage0-3-0,0,0,0,0,0,0,0,0
1781909444978,Executor1,Stage1-0-0,0,0,0,0,0,0,0,0
1781909445176,Executor2,Stage1-3-0,0,0,0,0,0,0,0,0
1781909445204,Executor7,Stage1-1-0,0,0,0,0,0,0,0,0
1781909445367,Executor1,Stage1-2-0,0,0,0,0,0,0,0,0
1781909445370,Executor0,Stage0-0-0,0,0,0,0,0,0,0,0
1781909445620,Executor3,Stage1-0-0,0,0,0,0,0,0,0,0
1781909445927,Executor0,Stage0-0-0,0,0,0,0,0,0,0,0
1781909445927,Executor0,Stage0-1-0,0,0,0,0,0,0,0,0
1781909445927,Executor0,Stage0-2-0,0,0,0,0,0,0,0,0
1781909445927,Executor0,Stage0-3-0,0,0,0,0,0,0,0,0
1781909445978,Executor1,Stage1-0-0,0,0,0,0,0,0,0,0
1781909446176,Executor2,Stage1-3-0,0,0,0,0,0,0,0,0
1781909446204,Executor7,Stage1-1-0,0,0,0,0,0,0,0,0
1781909446367,Executor1,Stage1-2-0,0,0,0,0,0,0,0,0
1781909446370,Executor0,Stage0-0-0,0,0,0,0,0,0,0,0
1781909446620,Executor3,Stage1-0-0,0,0,0,0,0,0,0,0
1781909446927,Executor0,Stage0-0-0,0,0,0,0,0,0,0,0
1781909446927,Executor0,Stage0-1-0,0,0,0,0,0,0,0,0
1781909446927,Executor0,Stage0-2-0,0,0,0,0,0,0,0,0
1781909446927,Executor0,Stage0-3-0,0,0,0,0,0,0,0,0
1781909446978,Executor1,Stage1-0-0,0,0,0,0,0,0,0,0
1781909447176,Executor2,Stage1-3-0,0,0,0,0,0,0,0,0
1781909447204,Executor7,Stage1-1-0,0,0,0,0,0,0,0,0
1781909447367,Executor1,Stage1-2-0,0,0,0,0,0,0,0,0
1781909447370,Executor0,Stage0-0-0,0,0,0,0,0,0,0,0
1781909447620,Executor3,Stage1-0-0,0,0,0,0,0,0,0,0
1781909447927,Executor0,Stage0-0-0,0,0,0,0,0,0,0,0
1781909447927,Executor0,Stage0-1-0,0,0,0,0,0,0,0,0
1781909447927,Executor0,Stage0-2-0,0,0,0,0,0,0,0,0
1781909447927,Executor0,Stage0-3-0,0,0,0,0,0,0,0,0
1781909447978,Executor1,Stage1-0-0,0,0,0,0,0,0,0,0
1781909448176,Executor2,Stage1-3-0,0,0,0,0,0,0,0,0
1781909448204,Executor7,Stage1-1-0,0,0,0,0,0,0,0,0
1781909448367,Executor1,Stage1-2-0,0,0,0,0,0,0,0,0
1781909448370,Executor0,Stage0-0-0,0,0,0,0,0,0,0,0
1781909448621,Executor3,Stage1-0-0,0,0,0,0,0,0,0,0
1781909448927,Executor0,Stage0-0-0,0,0,0,0,0,0,0,0
1781909448927,Executor0,Stage0-1-0,0,0,0,0,0,0,0,0
1781909448927,Executor0,Stage0-2-0,0,0,0,0,0,0,0,0
1781909448927,Executor0,Stage0-3-0,0,0,0,0,0,0,0,0
1781909448978,Executor1,Stage1-0-0,0,0,0,0,0,0,0,0
1781909449176,Executor2,Stage1-3-0,0,0,0,0,0,0,0,0
1781909449204,Executor7,Stage1-1-0,0,0,0,0,0,0,0,0
1781909449367,Executor1,Stage1-2-0,0,0,0,0,0,0,0,0
1781909449370,Executor0,Stage0-0-0,0,0,0,0,0,0,0,0
1781909449620,Executor3,Stage1-0-0,0,0,0,0,0,0,0,0
1781909449927,Executor0,Stage0-0-0,0,0,0,0,0,0,0,0
1781909449927,Executor0,Stage0-1-0,0,0,0,0,0,0,0,0
1781909449927,Executor0,Stage0-2-0,0,0,0,0,0,0,0,0
1781909449927,Executor0,Stage0-3-0,0,0,0,0,0,0,0,0
1781909449978,Executor1,Stage1-0-0,0,0,0,0,0,0,0,0
1781909450176,Executor2,Stage1-3-0,0,0,0,0,0,0,0,0
1781909450204,Executor7,Stage1-1-0,0,0,0,0,0,0,0,0
1781909450367,Executor1,Stage1-2-0,0,0,0,0,0,0,0,0
1781909450370,Executor0,Stage0-0-0,0,0,0,0,0,0,0,0
1781909450620,Executor3,Stage1-0-0,0,0,0,0,0,0,0,0
1781909450927,Executor0,Stage0-0-0,0,0,0,0,0,0,0,0
1781909450927,Executor0,Stage0-1-0,0,0,0,0,0,0,0,0
1781909450927,Executor0,Stage0-2-0,0,0,0,0,0,0,0,0
1781909450927,Executor0,Stage0-3-0,0,0,0,0,0,0,0,0
1781909450978,Executor1,Stage1-0-0,0,0,0,0,0,0,0,0
1781909451176,Executor2,Stage1-3-0,0,0,0,0,0,0,0,0
1781909451204,Executor7,Stage1-1-0,0,0,0,0,0,0,0,0
1781909451367,Executor1,Stage1-2-0,0,0,0,0,0,0,0,0
1781909451370,Executor0,Stage0-0-0,0,0,0,0,0,0,0,0
1781909451620,Executor3,Stage1-0-0,0,0,0,0,0,0,0,0
1781909451927,Executor0,Stage0-0-0,0,0,0,0,0,0,0,0
1781909451927,Executor0,Stage0-1-0,0,0,0,0,0,0,0,0
1781909451927,Executor0,Stage0-2-0,0,0,0,0,0,0,0,0
1781909451927,Executor0,Stage0-3-0,0,0,0,0,0,0,0,0
1781909451978,Executor1,Stage1-0-0,0,0,0,0,0,0,0,0
1781909452176,Executor2,Stage1-3-0,0,0,0,0,0,0,0,0
1781909452204,Executor7,Stage1-1-0,0,0,0,0,0,0,0,0
1781909452367,Executor1,Stage1-2-0,0,0,0,0,0,0,0,0
1781909452370,Executor0,Stage0-0-0,0,0,0,0,0,0,0,0
1781909452620,Executor3,Stage1-0-0,0,0,0,0,0,0,0,0
1781909452927,Executor0,Stage0-0-0,0,0,0,0,0,0,0,0
1781909452927,Executor0,Stage0-1-0,0,0,0,0,0,0,0,0
1781909452927,Executor0,Stage0-2-0,0,0,0,0,0,0,0,0
1781909452927,Executor0,Stage0-3-0,0,0,0,0,0,0,0,0
1781909452978,Executor1,Stage1-0-0,0,0,0,0,0,0,0,0
1781909453176,Executor2,Stage1-3-0,0,0,0,0,0,0,0,0
1781909453204,Executor7,Stage1-1-0,0,0,0,0,0,0,0,0
1781909453367,Executor1,Stage1-2-0,0,0,0,0,0,0,0,0
1781909453370,Executor0,Stage0-0-0,0,0,0,0,0,0,0,0
1781909453620,Executor3,Stage1-0-0,0,0,0,0,0,0,0,0
1781909453927,Executor0,Stage0-0-0,0,0,0,0,0,0,0,0
1781909453927,Executor0,Stage0-1-0,0,0,0,0,0,0,0,0
1781909453927,Executor0,Stage0-2-0,0,0,0,0,0,0,0,0
1781909453927,Executor0,Stage0-3-0,0,0,0,0,0,0,0,0
1781909453978,Executor1,Stage1-0-0,0,0,0,0,0,0,0,0
1781909454176,Executor2,Stage1-3-0,0,0,0,0,0,0,0,0
1781909454204,Executor7,Stage1-1-0,0,0,0,0,0,0,0,0
1781909454367,Executor1,Stage1-2-0,0,0,0,0,0,0,0,0
1781909454370,Executor0,Stage0-0-0,0,0,0,0,0,0,0,0
1781909454620,Executor3,Stage1-0-0,0,0,0,0,0,0,0,0
1781909454927,Executor0,Stage0-0-0,0,0,0,0,0,0,0,0
1781909454927,Executor0,Stage0-1-0,0,0,0,0,0,0,0,0
1781909454927,Executor0,Stage0-2-0,0,0,0,0,0,0,0,0
1781909454927,Executor0,Stage0-3-0,0,0,0,0,0,0,0,0
1781909454978,Executor1,Stage1-0-0,0,0,0,0,0,0,0,0
1781909455176,Executor2,Stage1-3-0,0,0,0,0,0,0,0,0
1781909455204,Executor7,Stage1-1-0,0,0,0,0,0,0,0,0
1781909455367,Executor1,Stage1-2-0,0,0,0,0,0,0,0,0
1781909455370,Executor0,Stage0-0-0,0,0,0,0,0,0,0,0
1781909455620,Executor3,Stage1-0-0,0,0,0,0,0,0,0,0
1781909455927,Executor0,Stage0-0-0,0,0,0,0,0,0,0,0
1781909455927,Executor0,Stage0-1-0,0,0,0,0,0,0,0,0
1781909455927,Executor0,Stage0-2-0,0,0,0,0,0,0,0,0
1781909455927,Executor0,Stage0-3-0,0,0,0,0,0,0,0,0
1781909455978,Executor1,Stage1-0-0,0,0,0,0,0,0,0,0
1781909456176,Executor2,Stage1-3-0,0,0,0,0,0,0,0,0
1781909456204,Executor7,Stage1-1-0,0,0,0,0,0,0,0,0
1781909456367,Executor1,Stage1-2-0,0,0,0,0,0,0,0,0
1781909456370,Executor0,Stage0-0-0,0,0,0,0,0,0,0,0
1781909456620,Executor3,Stage1-0-0,0,0,0,0,0,0,0,0
1781909456927,Executor0,Stage0-0-0,0,0,0,0,0,0,0,0
1781909456927,Executor0,Stage0-1-0,0,0,0,0,0,0,0,0
1781909456927,Executor0,Stage0-2-0,0,0,0,0,0,0,0,0
1781909456927,Executor0,Stage0-3-0,0,0,0,0,0,0,0,0
1781909456978,Executor1,Stage1-0-0,0,0,0,0,0,0,0,0
1781909457176,Executor2,Stage1-3-0,0,0,0,0,0,0,0,0
1781909457204,Executor7,Stage1-1-0,0,0,0,0,0,0,0,0
1781909457367,Executor1,Stage1-2-0,0,0,0,0,0,0,0,0
1781909457370,Executor0,Stage0-0-0,0,0,0,0,0,0,0,0
1781909457620,Executor3,Stage1-0-0,0,0,0,0,0,0,0,0
1781909457927,Executor0,Stage0-0-0,0,0,0,0,0,0,0,0
1781909457927,Executor0,Stage0-1-0,0,0,0,0,0,0,0,0
1781909457927,Executor0,Stage0-2-0,0,0,0,0,0,0,0,0
1781909457927,Executor0,Stage0-3-0,0,0,0,0,0,0,0,0
1781909457978,Executor1,Stage1-0-0,0,0,0,0,0,0,0,0
1781909458176,Executor2,Stage1-3-0,0,0,0,0,0,0,0,0
1781909458204,Executor7,Stage1-1-0,0,0,0,0,0,0,0,0
1781909458367,Executor1,Stage1-2-0,0,0,0,0,0,0,0,0
1781909458370,Executor0,Stage0-0-0,0,0,0,0,0,0,0,0
1781909458620,Executor3,Stage1-0-0,0,0,0,0,0,0,0,0
1781909458927,Executor0,Stage0-0-0,0,0,0,0,0,0,0,0
1781909458927,Executor0,Stage0-1-0,0,0,0,0,0,0,0,0
1781909458927,Executor0,Stage0-2-0,0,0,0,0,0,0,0,0
1781909458927,Executor0,Stage0-3-0,0,0,0,0,0,0,0,0
1781909458978,Executor1,Stage1-0-0,0,0,0,0,0,0,0,0
1781909459176,Executor2,Stage1-3-0,0,0,0,0,0,0,0,0
1781909459204,Executor7,Stage1-1-0,0,0,0,0,0,0,0,0
1781909459367,Executor1,Stage1-2-0,0,0,0,0,0,0,0,0
1781909459370,Executor0,Stage0-0-0,0,0,0,0,0,0,0,0
1781909459620,Executor3,Stage1-0-0,0,0,0,0,0,0,0,0
1781909459927,Executor0,Stage0-0-0,0,0,0,0,0,0,0,0
1781909459927,Executor0,Stage0-1-0,0,0,0,0,0,0,0,0
1781909459927,Executor0,Stage0-2-0,0,0,0,0,0,0,0,0
1781909459927,Executor0,Stage0-3-0,0,0,0,0,0,0,0,0
1781909459978,Executor1,Stage1-0-0,0,0,0,0,0,0,0,0
1781909460176,Executor2,Stage1-3-0,0,0,0,0,0,0,0,0
1781909460204,Executor7,Stage1-1-0,0,0,0,0,0,0,0,0
1781909460367,Executor1,Stage1-2-0,0,0,0,0,0,0,0,0
1781909460370,Executor0,Stage0-0-0,0,0,0,0,0,0,0,0
1781909460620,Executor3,Stage1-0-0,0,0,0,0,0,0,0,0
1781909460927,Executor0,Stage0-0-0,0,0,0,0,0,0,0,0
1781909460927,Executor0,Stage0-1-0,0,0,0,0,0,0,0,0
1781909460927,Executor0,Stage0-2-0,0,0,0,0,0,0,0,0
1781909460927,Executor0,Stage0-3-0,0,0,0,0,0,0,0,0
1781909460978,Executor1,Stage1-0-0,0,0,0,0,0,0,0,0
1781909461176,Executor2,Stage1-3-0,0,0,0,0,0,0,0,0
1781909461204,Executor7,Stage1-1-0,0,0,0,0,0,0,0,0
1781909461367,Executor1,Stage1-2-0,0,0,0,0,0,0,0,0
1781909461370,Executor0,Stage0-0-0,0,0,0,0,0,0,0,0
1781909461620,Executor3,Stage1-0-0,0,0,0,0,0,0,0,0
1781909461927,Executor0,Stage0-0-0,0,0,0,0,0,0,0,0
1781909461927,Executor0,Stage0-1-0,0,0,0,0,0,0,0,0
1781909461927,Executor0,Stage0-2-0,0,0,0,0,0,0,0,0
1781909461927,Executor0,Stage0-3-0,0,0,0,0,0,0,0,0
1781909461978,Executor1,Stage1-0-0,0,0,0,0,0,0,0,0
1781909462176,Executor2,Stage1-3-0,0,0,0,0,0,0,0,0
1781909462204,Executor7,Stage1-1-0,0,0,0,0,0,0,0,0
1781909462367,Executor1,Stage1-2-0,0,0,0,0,0,0,0,0
1781909462370,Executor0,Stage0-0-0,0,0,0,0,0,0,0,0
1781909462620,Executor3,Stage1-0-0,0,0,0,0,0,0,0,0
1781909462927,Executor0,Stage0-0-0,0,0,0,0,0,0,0,0
1781909462927,Executor0,Stage0-1-0,0,0,0,0,0,0,0,0
1781909462927,Executor0,Stage0-2-0,0,0,0,0,0,0,0,0
1781909462927,Executor0,Stage0-3-0,0,0,0,0,0,0,0,0
1781909462978,Executor1,Stage1-0-0,0,0,0,0,0,0,0,0
1781909463176,Executor2,Stage1-3-0,0,0,0,0,0,0,0,0
1781909463204,Executor7,Stage1-1-0,0,0,0,0,0,0,0,0
1781909463367,Executor1,Stage1-2-0,0,0,0,0,0,0,0,0
1781909463370,Executor0,Stage0-0-0,0,0,0,0,0,0,0,0
1781909463621,Executor3,Stage1-0-0,0,0,0,0,0,0,0,0
1781909463927,Executor0,Stage0-0-0,0,0,0,0,0,0,0,0
1781909463927,Executor0,Stage0-1-0,0,0,0,0,0,0,0,0
1781909463927,Executor0,Stage0-2-0,0,0,0,0,0,0,0,0
1781909463927,Executor0,Stage0-3-0,0,0,0,0,0,0,0,0
1781909463978,Executor1,Stage1-0-0,0,0,0,0,0,0,0,0
1781909464176,Executor2,Stage1-3-0,0,0,0,0,0,0,0,0
1781909464204,Executor7,Stage1-1-0,0,0,0,0,0,0,0,0
1781909464367,Executor1,Stage1-2-0,0,0,0,0,0,0,0,0
1781909464370,Executor0,Stage0-0-0,0,0,0,0,0,0,0,0
1781909464620,Executor3,Stage1-0-0,0,0,0,0,0,0,0,0
1781909464927,Executor0,Stage0-0-0,0,0,0,0,0,0,0,0
1781909464927,Executor0,Stage0-1-0,0,0,0,0,0,0,0,0
1781909464927,Executor0,Stage0-2-0,0,0,0,0,0,0,0,0
1781909464927,Executor0,Stage0-3-0,0,0,0,0,0,0,0,0
1781909464978,Executor1,Stage1-0-0,0,0,0,0,0,0,0,0
1781909465176,Executor2,Stage1-3-0,0,0,0,0,0,0,0,0
1781909465204,Executor7,Stage1-1-0,0,0,0,0,0,0,0,0
1781909465367,Executor1,Stage1-2-0,0,0,0,0,0,0,0,0
1781909465370,Executor0,Stage0-0-0,0,0,0,0,0,0,0,0
1781909465621,Executor3,Stage1-0-0,0,0,0,0,0,0,0,0
1781909465927,Executor0,Stage0-0-0,0,0,0,0,0,0,0,0
1781909465927,Executor0,Stage0-1-0,0,0,0,0,0,0,0,0
1781909465927,Executor0,Stage0-2-0,0,0,0,0,0,0,0,0
1781909465927,Executor0,Stage0-3-0,0,0,0,0,0,0,0,0
1781909465978,Executor1,Stage1-0-0,0,0,0,0,0,0,0,0
1781909466176,Executor2,Stage1-3-0,0,0,0,0,0,0,0,0
1781909466204,Executor7,Stage1-1-0,0,0,0,0,0,0,0,0
1781909466367,Executor1,Stage1-2-0,0,0,0,0,0,0,0,0
1781909466370,Executor0,Stage0-0-0,0,0,0,0,0,0,0,0
1781909466620,Executor3,Stage1-0-0,0,0,0,0,0,0,0,0
1781909466927,Executor0,Stage0-0-0,0,0,0,0,0,0,0,0
1781909466927,Executor0,Stage0-1-0,0,0,0,0,0,0,0,0
1781909466927,Executor0,Stage0-2-0,0,0,0,0,0,0,0,0
1781909466927,Executor0,Stage0-3-0,0,0,0,0,0,0,0,0
1781909466978,Executor1,Stage1-0-0,0,0,0,0,0,0,0,0
1781909467176,Executor2,Stage1-3-0,0,0,0,0,0,0,0,0
1781909467204,Executor7,Stage1-1-0,0,0,0,0,0,0,0,0
1781909467367,Executor1,Stage1-2-0,0,0,0,0,0,0,0,0
1781909467370,Executor0,Stage0-0-0,0,0,0,0,0,0,0,0
1781909467621,Executor3,Stage1-0-0,0,0,0,0,0,0,0,0
1781909467927,Executor0,Stage0-0-0,0,0,0,0,0,0,0,0
1781909467927,Executor0,Stage0-1-0,0,0,0,0,0,0,0,0
1781909467927,Executor0,Stage0-2-0,0,0,0,0,0,0,0,0
1781909467927,Executor0,Stage0-3-0,0,0,0,0,0,0,0,0
1781909467978,Executor1,Stage1-0-0,0,0,0,0,0,0,0,0
1781909468176,Executor2,Stage1-3-0,0,0,0,0,0,0,0,0
1781909468204,Executor7,Stage1-1-0,0,0,0,0,0,0,0,0
1781909468367,Executor1,Stage1-2-0,0,0,0,0,0,0,0,0
1781909468370,Executor0,Stage0-0-0,0,0,0,0,0,0,0,0
1781909468621,Executor3,Stage1-0-0,0,0,0,0,0,0,0,0
1781909468927,Executor0,Stage0-0-0,0,0,0,0,0,0,0,0
1781909468927,Executor0,Stage0-1-0,0,0,0,0,0,0,0,0
1781909468927,Executor0,Stage0-2-0,0,0,0,0,0,0,0,0
1781909468927,Executor0,Stage0-3-0,0,0,0,0,0,0,0,0
1781909468978,Executor1,Stage1-0-0,0,0,0,0,0,0,0,0
1781909469176,Executor2,Stage1-3-0,0,0,0,0,0,0,0,0
1781909469204,Executor7,Stage1-1-0,0,0,0,0,0,0,0,0
1781909469367,Executor1,Stage1-2-0,0,0,0,0,0,0,0,0
1781909469370,Executor0,Stage0-0-0,0,0,0,0,0,0,0,0
1781909469621,Executor3,Stage1-0-0,0,0,0,0,0,0,0,0
1781909469927,Executor0,Stage0-0-0,0,0,0,0,0,0,0,0
1781909469927,Executor0,Stage0-1-0,0,0,0,0,0,0,0,0
1781909469927,Executor0,Stage0-2-0,0,0,0,0,0,0,0,0
1781909469927,Executor0,Stage0-3-0,0,0,0,0,0,0,0,0
1781909469978,Executor1,Stage1-0-0,0,0,0,0,0,0,0,0
1781909470176,Executor2,Stage1-3-0,0,0,0,0,0,0,0,0
1781909470204,Executor7,Stage1-1-0,0,0,0,0,0,0,0,0
1781909470367,Executor1,Stage1-2-0,0,0,0,0,0,0,0,0
1781909470370,Executor0,Stage0-0-0,0,0,0,0,0,0,0,0
1781909470620,Executor3,Stage1-0-0,0,0,0,0,0,0,0,0
1781909470927,Executor0,Stage0-0-0,0,0,0,0,0,0,0,0
1781909470927,Executor0,Stage0-1-0,0,0,0,0,0,0,0,0
1781909470927,Executor0,Stage0-2-0,0,0,0,0,0,0,0,0
1781909470927,Executor0,Stage0-3-0,0,0,0,0,0,0,0,0
1781909470978,Executor1,Stage1-0-0,0,0,0,0,0,0,0,0
1781909471176,Executor2,Stage1-3-0,0,0,0,0,0,0,0,0
1781909471204,Executor7,Stage1-1-0,0,0,0,0,0,0,0,0
1781909471367,Executor1,Stage1-2-0,0,0,0,0,0,0,0,0
1781909471370,Executor0,Stage0-0-0,0,0,0,0,0,0,0,0
1781909471621,Executor3,Stage1-0-0,0,0,0,0,0,0,0,0
1781909471927,Executor0,Stage0-0-0,0,0,0,0,0,0,0,0
1781909471927,Executor0,Stage0-1-0,0,0,0,0,0,0,0,0
1781909471927,Executor0,Stage0-2-0,0,0,0,0,0,0,0,0
1781909471927,Executor0,Stage0-3-0,0,0,0,0,0,0,0,0
1781909471978,Executor1,Stage1-0-0,0,0,0,0,0,0,0,0
1781909472176,Executor2,Stage1-3-0,0,0,0,0,0,0,0,0
1781909472204,Executor7,Stage1-1-0,0,0,0,0,0,0,0,0
1781909472368,Executor1,Stage1-2-0,0,0,0,0,0,0,0,0
1781909472370,Executor0,Stage0-0-0,0,0,0,0,0,0,0,0
1781909472620,Executor3,Stage1-0-0,0,0,0,0,0,0,0,0
1781909472927,Executor0,Stage0-0-0,0,0,0,0,0,0,0,0
1781909472927,Executor0,Stage0-1-0,0,0,0,0,0,0,0,0
1781909472927,Executor0,Stage0-2-0,0,0,0,0,0,0,0,0
1781909472927,Executor0,Stage0-3-0,0,0,0,0,0,0,0,0
1781909472978,Executor1,Stage1-0-0,0,0,0,0,0,0,0,0
1781909473176,Executor2,Stage1-3-0,0,0,0,0,0,0,0,0
1781909473204,Executor7,Stage1-1-0,0,0,0,0,0,0,0,0
1781909473367,Executor1,Stage1-2-0,0,0,0,0,0,0,0,0
1781909473370,Executor0,Stage0-0-0,0,0,0,0,0,0,0,0
1781909473621,Executor3,Stage1-0-0,0,0,0,0,0,0,0,0
1781909473927,Executor0,Stage0-0-0,0,0,0,0,0,0,0,0
1781909473927,Executor0,Stage0-1-0,0,0,0,0,0,0,0,0
1781909473927,Executor0,Stage0-2-0,0,0,0,0,0,0,0,0
1781909473927,Executor0,Stage0-3-0,0,0,0,0,0,0,0,0
1781909473978,Executor1,Stage1-0-0,0,0,0,0,0,0,0,0
1781909474176,Executor2,Stage1-3-0,0,0,0,0,0,0,0,0
1781909474204,Executor7,Stage1-1-0,0,0,0,0,0,0,0,0
1781909474367,Executor1,Stage1-2-0,0,0,0,0,0,0,0,0
1781909474370,Executor0,Stage0-0-0,0,0,0,0,0,0,0,0
1781909474620,Executor3,Stage1-0-0,0,0,0,0,0,0,0,0
1781909474927,Executor0,Stage0-0-0,0,0,0,0,0,0,0,0
1781909474927,Executor0,Stage0-1-0,0,0,0,0,0,0,0,0
1781909474927,Executor0,Stage0-2-0,0,0,0,0,0,0,0,0
1781909474927,Executor0,Stage0-3-0,0,0,0,0,0,0,0,0
1781909474978,Executor1,Stage1-0-0,0,0,0,0,0,0,0,0
1781909475176,Executor2,Stage1-3-0,0,0,0,0,0,0,0,0
1781909475204,Executor7,Stage1-1-0,0,0,0,0,0,0,0,0
1781909475367,Executor1,Stage1-2-0,0,0,0,0,0,0,0,0
1781909475370,Executor0,Stage0-0-0,0,0,0,0,0,0,0,0
1781909475620,Executor3,Stage1-0-0,0,0,0,0,0,0,0,0
1781909475927,Executor0,Stage0-0-0,0,0,0,0,0,0,0,0
1781909475927,Executor0,Stage0-1-0,0,0,0,0,0,0,0,0
1781909475927,Executor0,Stage0-2-0,0,0,0,0,0,0,0,0
1781909475927,Executor0,Stage0-3-0,0,0,0,0,0,0,0,0
1781909475978,Executor1,Stage1-0-0,0,0,0,0,0,0,0,0
1781909476176,Executor2,Stage1-3-0,0,0,0,0,0,0,0,0
1781909476204,Executor7,Stage1-1-0,0,0,0,0,0,0,0,0
1781909476367,Executor1,Stage1-2-0,0,0,0,0,0,0,0,0
1781909476370,Executor0,Stage0-0-0,0,0,0,0,0,0,0,0
1781909476620,Executor3,Stage1-0-0,0,0,0,0,0,0,0,0
1781909476927,Executor0,Stage0-0-0,0,0,0,0,0,0,0,0
1781909476927,Executor0,Stage0-1-0,0,0,0,0,0,0,0,0
1781909476927,Executor0,Stage0-2-0,0,0,0,0,0,0,0,0
1781909476927,Executor0,Stage0-3-0,0,0,0,0,0,0,0,0
1781909476978,Executor1,Stage1-0-0,0,0,0,0,0,0,0,0
1781909477176,Executor2,Stage1-3-0,0,0,0,0,0,0,0,0
1781909477204,Executor7,Stage1-1-0,0,0,0,0,0,0,0,0
1781909477367,Executor1,Stage1-2-0,0,0,0,0,0,0,0,0
1781909477370,Executor0,Stage0-0-0,0,0,0,0,0,0,0,0
1781909477621,Executor3,Stage1-0-0,0,0,0,0,0,0,0,0
1781909477927,Executor0,Stage0-0-0,0,0,0,0,0,0,0,0
1781909477927,Executor0,Stage0-1-0,0,0,0,0,0,0,0,0
1781909477927,Executor0,Stage0-2-0,0,0,0,0,0,0,0,0
1781909477927,Executor0,Stage0-3-0,0,0,0,0,0,0,0,0
1781909477978,Executor1,Stage1-0-0,0,0,0,0,0,0,0,0
1781909478176,Executor2,Stage1-3-0,0,0,0,0,0,0,0,0
1781909478204,Executor7,Stage1-1-0,0,0,0,0,0,0,0,0
1781909478367,Executor1,Stage1-2-0,0,0,0,0,0,0,0,0
1781909478370,Executor0,Stage0-0-0,0,0,0,0,0,0,0,0
1781909478621,Executor3,Stage1-0-0,0,0,0,0,0,0,0,0
1781909478927,Executor0,Stage0-0-0,0,0,0,0,0,0,0,0
1781909478927,Executor0,Stage0-1-0,0,0,0,0,0,0,0,0
1781909478927,Executor0,Stage0-2-0,0,0,0,0,0,0,0,0
1781909478927,Executor0,Stage0-3-0,0,0,0,0,0,0,0,0
1781909478978,Executor1,Stage1-0-0,0,0,0,0,0,0,0,0
1781909479176,Executor2,Stage1-3-0,0,0,0,0,0,0,0,0
1781909479204,Executor7,Stage1-1-0,0,0,0,0,0,0,0,0
1781909479367,Executor1,Stage1-2-0,0,0,0,0,0,0,0,0
1781909479370,Executor0,Stage0-0-0,0,0,0,0,0,0,0,0
1781909479621,Executor3,Stage1-0-0,0,0,0,0,0,0,0,0
1781909479927,Executor0,Stage0-0-0,0,0,0,0,0,0,0,0
1781909479927,Executor0,Stage0-1-0,0,0,0,0,0,0,0,0
1781909479927,Executor0,Stage0-2-0,0,0,0,0,0,0,0,0
1781909479927,Executor0,Stage0-3-0,0,0,0,0,0,0,0,0
1781909479978,Executor1,Stage1-0-0,0,0,0,0,0,0,0,0
1781909480176,Executor2,Stage1-3-0,0,0,0,0,0,0,0,0
1781909480204,Executor7,Stage1-1-0,0,0,0,0,0,0,0,0
1781909480367,Executor1,Stage1-2-0,0,0,0,0,0,0,0,0
1781909480370,Executor0,Stage0-0-0,0,0,0,0,0,0,0,0
1781909480620,Executor3,Stage1-0-0,0,0,0,0,0,0,0,0
1781909480927,Executor0,Stage0-0-0,0,0,0,0,0,0,0,0
1781909480927,Executor0,Stage0-1-0,0,0,0,0,0,0,0,0
1781909480927,Executor0,Stage0-2-0,0,0,0,0,0,0,0,0
1781909480927,Executor0,Stage0-3-0,0,0,0,0,0,0,0,0
1781909480978,Executor1,Stage1-0-0,0,0,0,0,0,0,0,0
1781909481176,Executor2,Stage1-3-0,0,0,0,0,0,0,0,0
1781909481204,Executor7,Stage1-1-0,0,0,0,0,0,0,0,0
1781909481367,Executor1,Stage1-2-0,0,0,0,0,0,0,0,0
1781909481370,Executor0,Stage0-0-0,0,0,0,0,0,0,0,0
1781909481620,Executor3,Stage1-0-0,0,0,0,0,0,0,0,0
1781909481927,Executor0,Stage0-0-0,0,0,0,0,0,0,0,0
1781909481927,Executor0,Stage0-1-0,0,0,0,0,0,0,0,0
1781909481927,Executor0,Stage0-2-0,0,0,0,0,0,0,0,0
1781909481927,Executor0,Stage0-3-0,0,0,0,0,0,0,0,0
1781909481978,Executor1,Stage1-0-0,0,0,0,0,0,0,0,0
1781909482176,Executor2,Stage1-3-0,0,0,0,0,0,0,0,0
1781909482204,Executor7,Stage1-1-0,0,0,0,0,0,0,0,0
1781909482367,Executor1,Stage1-2-0,0,0,0,0,0,0,0,0
1781909482370,Executor0,Stage0-0-0,0,0,0,0,0,0,0,0
1781909482620,Executor3,Stage1-0-0,0,0,0,0,0,0,0,0
1781909482927,Executor0,Stage0-0-0,0,0,0,0,0,0,0,0
1781909482927,Executor0,Stage0-1-0,0,0,0,0,0,0,0,0
1781909482927,Executor0,Stage0-2-0,0,0,0,0,0,0,0,0
1781909482927,Executor0,Stage0-3-0,0,0,0,0,0,0,0,0
1781909482978,Executor1,Stage1-0-0,0,0,0,0,0,0,0,0
1781909483176,Executor2,Stage1-3-0,0,0,0,0,0,0,0,0
1781909483204,Executor7,Stage1-1-0,0,0,0,0,0,0,0,0
1781909483367,Executor1,Stage1-2-0,0,0,0,0,0,0,0,0
1781909483370,Executor0,Stage0-0-0,0,0,0,0,0,0,0,0
1781909483620,Executor3,Stage1-0-0,0,0,0,0,0,0,0,0
1781909483927,Executor0,Stage0-0-0,0,0,0,0,0,0,0,0
1781909483927,Executor0,Stage0-1-0,0,0,0,0,0,0,0,0
1781909483927,Executor0,Stage0-2-0,0,0,0,0,0,0,0,0
1781909483927,Executor0,Stage0-3-0,0,0,0,0,0,0,0,0
1781909483978,Executor1,Stage1-0-0,0,0,0,0,0,0,0,0
1781909484176,Executor2,Stage1-3-0,0,0,0,0,0,0,0,0
1781909484204,Executor7,Stage1-1-0,0,0,0,0,0,0,0,0
1781909484367,Executor1,Stage1-2-0,0,0,0,0,0,0,0,0
1781909484370,Executor0,Stage0-0-0,0,0,0,0,0,0,0,0
1781909484620,Executor3,Stage1-0-0,0,0,0,0,0,0,0,0
1781909484927,Executor0,Stage0-0-0,0,0,0,0,0,0,0,0
1781909484927,Executor0,Stage0-1-0,0,0,0,0,0,0,0,0
1781909484927,Executor0,Stage0-2-0,0,0,0,0,0,0,0,0
1781909484927,Executor0,Stage0-3-0,0,0,0,0,0,0,0,0
1781909484978,Executor1,Stage1-0-0,0,0,0,0,0,0,0,0
1781909485176,Executor2,Stage1-3-0,0,0,0,0,0,0,0,0
1781909485204,Executor7,Stage1-1-0,0,0,0,0,0,0,0,0
1781909485367,Executor1,Stage1-2-0,0,0,0,0,0,0,0,0
1781909485370,Executor0,Stage0-0-0,0,0,0,0,0,0,0,0
1781909485621,Executor3,Stage1-0-0,0,0,0,0,0,0,0,0
1781909485927,Executor0,Stage0-0-0,0,0,0,0,0,0,0,0
1781909485927,Executor0,Stage0-1-0,0,0,0,0,0,0,0,0
1781909485927,Executor0,Stage0-2-0,0,0,0,0,0,0,0,0
1781909485927,Executor0,Stage0-3-0,0,0,0,0,0,0,0,0
1781909485978,Executor1,Stage1-0-0,0,0,0,0,0,0,0,0
1781909486176,Executor2,Stage1-3-0,0,0,0,0,0,0,0,0
1781909486204,Executor7,Stage1-1-0,0,0,0,0,0,0,0,0
1781909486367,Executor1,Stage1-2-0,0,0,0,0,0,0,0,0
1781909486370,Executor0,Stage0-0-0,0,0,0,0,0,0,0,0
1781909486621,Executor3,Stage1-0-0,0,0,0,0,0,0,0,0
1781909486927,Executor0,Stage0-0-0,0,0,0,0,0,0,0,0
1781909486927,Executor0,Stage0-1-0,0,0,0,0,0,0,0,0
1781909486927,Executor0,Stage0-2-0,0,0,0,0,0,0,0,0
1781909486927,Executor0,Stage0-3-0,0,0,0,0,0,0,0,0
1781909486978,Executor1,Stage1-0-0,0,0,0,0,0,0,0,0
1781909487176,Executor2,Stage1-3-0,0,0,0,0,0,0,0,0
1781909487204,Executor7,Stage1-1-0,0,0,0,0,0,0,0,0
1781909487367,Executor1,Stage1-2-0,0,0,0,0,0,0,0,0
1781909487370,Executor0,Stage0-0-0,0,0,0,0,0,0,0,0
1781909487620,Executor3,Stage1-0-0,0,0,0,0,0,0,0,0
1781909487927,Executor0,Stage0-0-0,0,0,0,0,0,0,0,0
1781909487927,Executor0,Stage0-1-0,0,0,0,0,0,0,0,0
1781909487927,Executor0,Stage0-2-0,0,0,0,0,0,0,0,0
1781909487927,Executor0,Stage0-3-0,0,0,0,0,0,0,0,0
1781909487978,Executor1,Stage1-0-0,0,0,0,0,0,0,0,0
1781909488176,Executor2,Stage1-3-0,0,0,0,0,0,0,0,0
1781909488204,Executor7,Stage1-1-0,0,0,0,0,0,0,0,0
1781909488367,Executor1,Stage1-2-0,0,0,0,0,0,0,0,0
1781909488370,Executor0,Stage0-0-0,0,0,0,0,0,0,0,0
1781909488621,Executor3,Stage1-0-0,0,0,0,0,0,0,0,0
1781909488927,Executor0,Stage0-0-0,0,0,0,0,0,0,0,0
1781909488927,Executor0,Stage0-1-0,0,0,0,0,0,0,0,0
1781909488927,Executor0,Stage0-2-0,0,0,0,0,0,0,0,0
1781909488927,Executor0,Stage0-3-0,0,0,0,0,0,0,0,0
1781909488978,Executor1,Stage1-0-0,0,0,0,0,0,0,0,0
1781909489176,Executor2,Stage1-3-0,0,0,0,0,0,0,0,0
1781909489204,Executor7,Stage1-1-0,0,0,0,0,0,0,0,0
1781909489367,Executor1,Stage1-2-0,0,0,0,0,0,0,0,0
1781909489370,Executor0,Stage0-0-0,0,0,0,0,0,0,0,0
1781909489621,Executor3,Stage1-0-0,0,0,0,0,0,0,0,0
1781909489927,Executor0,Stage0-0-0,0,0,0,0,0,0,0,0
1781909489927,Executor0,Stage0-1-0,0,0,0,0,0,0,0,0
1781909489927,Executor0,Stage0-2-0,0,0,0,0,0,0,0,0
1781909489927,Executor0,Stage0-3-0,0,0,0,0,0,0,0,0
1781909489978,Executor1,Stage1-0-0,0,0,0,0,0,0,0,0
1781909490176,Executor2,Stage1-3-0,0,0,0,0,0,0,0,0
1781909490204,Executor7,Stage1-1-0,0,0,0,0,0,0,0,0
1781909490367,Executor1,Stage1-2-0,0,0,0,0,0,0,0,0
1781909490370,Executor0,Stage0-0-0,0,0,0,0,0,0,0,0
1781909490620,Executor3,Stage1-0-0,0,0,0,0,0,0,0,0
1781909490927,Executor0,Stage0-0-0,0,0,0,0,0,0,0,0
1781909490927,Executor0,Stage0-1-0,0,0,0,0,0,0,0,0
1781909490927,Executor0,Stage0-2-0,0,0,0,0,0,0,0,0
1781909490927,Executor0,Stage0-3-0,0,0,0,0,0,0,0,0
1781909490978,Executor1,Stage1-0-0,0,0,0,0,0,0,0,0
1781909491176,Executor2,Stage1-3-0,0,0,0,0,0,0,0,0
1781909491204,Executor7,Stage1-1-0,0,0,0,0,0,0,0,0
1781909491367,Executor1,Stage1-2-0,0,0,0,0,0,0,0,0
1781909491370,Executor0,Stage0-0-0,0,0,0,0,0,0,0,0
1781909491620,Executor3,Stage1-0-0,0,0,0,0,0,0,0,0
1781909491927,Executor0,Stage0-0-0,0,0,0,0,0,0,0,0
1781909491927,Executor0,Stage0-1-0,0,0,0,0,0,0,0,0
1781909491927,Executor0,Stage0-2-0,0,0,0,0,0,0,0,0
1781909491927,Executor0,Stage0-3-0,0,0,0,0,0,0,0,0
1781909491978,Executor1,Stage1-0-0,0,0,0,0,0,0,0,0
1781909492176,Executor2,Stage1-3-0,0,0,0,0,0,0,0,0
1781909492204,Executor7,Stage1-1-0,0,0,0,0,0,0,0,0
1781909492367,Executor1,Stage1-2-0,0,0,0,0,0,0,0,0
1781909492370,Executor0,Stage0-0-0,0,0,0,0,0,0,0,0
1781909492620,Executor3,Stage1-0-0,0,0,0,0,0,0,0,0
1781909492927,Executor0,Stage0-0-0,0,0,0,0,0,0,0,0
1781909492927,Executor0,Stage0-1-0,0,0,0,0,0,0,0,0
1781909492927,Executor0,Stage0-2-0,0,0,0,0,0,0,0,0
1781909492927,Executor0,Stage0-3-0,0,0,0,0,0,0,0,0
1781909492978,Executor1,Stage1-0-0,0,0,0,0,0,0,0,0
1781909493176,Executor2,Stage1-3-0,0,0,0,0,0,0,0,0
1781909493204,Executor7,Stage1-1-0,0,0,0,0,0,0,0,0
1781909493367,Executor1,Stage1-2-0,0,0,0,0,0,0,0,0
1781909493370,Executor0,Stage0-0-0,0,0,0,0,0,0,0,0
1781909493621,Executor3,Stage1-0-0,0,0,0,0,0,0,0,0
1781909493927,Executor0,Stage0-0-0,0,0,0,0,0,0,0,0
1781909493927,Executor0,Stage0-1-0,0,0,0,0,0,0,0,0
1781909493927,Executor0,Stage0-2-0,0,0,0,0,0,0,0,0
1781909493927,Executor0,Stage0-3-0,0,0,0,0,0,0,0,0
1781909493978,Executor1,Stage1-0-0,0,0,0,0,0,0,0,0
1781909494176,Executor2,Stage1-3-0,0,0,0,0,0,0,0,0
1781909494204,Executor7,Stage1-1-0,0,0,0,0,0,0,0,0
1781909494367,Executor1,Stage1-2-0,0,0,0,0,0,0,0,0
1781909494370,Executor0,Stage0-0-0,0,0,0,0,0,0,0,0
1781909494621,Executor3,Stage1-0-0,0,0,0,0,0,0,0,0
1781909494927,Executor0,Stage0-0-0,0,0,0,0,0,0,0,0
1781909494927,Executor0,Stage0-1-0,0,0,0,0,0,0,0,0
1781909494927,Executor0,Stage0-2-0,0,0,0,0,0,0,0,0
1781909494927,Executor0,Stage0-3-0,0,0,0,0,0,0,0,0
1781909494978,Executor1,Stage1-0-0,0,0,0,0,0,0,0,0
1781909495176,Executor2,Stage1-3-0,0,0,0,0,0,0,0,0
1781909495204,Executor7,Stage1-1-0,0,0,0,0,0,0,0,0
1781909495367,Executor1,Stage1-2-0,0,0,0,0,0,0,0,0
1781909495370,Executor0,Stage0-0-0,0,0,0,0,0,0,0,0
1781909495620,Executor3,Stage1-0-0,0,0,0,0,0,0,0,0
1781909495927,Executor0,Stage0-0-0,0,0,0,0,0,0,0,0
1781909495927,Executor0,Stage0-1-0,0,0,0,0,0,0,0,0
1781909495927,Executor0,Stage0-2-0,0,0,0,0,0,0,0,0
1781909495927,Executor0,Stage0-3-0,0,0,0,0,0,0,0,0
1781909495978,Executor1,Stage1-0-0,0,0,0,0,0,0,0,0
1781909496176,Executor2,Stage1-3-0,0,0,0,0,0,0,0,0
1781909496204,Executor7,Stage1-1-0,0,0,0,0,0,0,0,0
1781909496367,Executor1,Stage1-2-0,0,0,0,0,0,0,0,0
1781909496370,Executor0,Stage0-0-0,0,0,0,0,0,0,0,0
1781909496621,Executor3,Stage1-0-0,0,0,0,0,0,0,0,0
1781909496927,Executor0,Stage0-0-0,0,0,0,0,0,0,0,0
1781909496927,Executor0,Stage0-1-0,0,0,0,0,0,0,0,0
1781909496927,Executor0,Stage0-2-0,0,0,0,0,0,0,0,0
1781909496927,Executor0,Stage0-3-0,0,0,0,0,0,0,0,0
1781909496978,Executor1,Stage1-0-0,0,0,0,0,0,0,0,0
1781909497176,Executor2,Stage1-3-0,0,0,0,0,0,0,0,0
1781909497204,Executor7,Stage1-1-0,0,0,0,0,0,0,0,0
1781909497367,Executor1,Stage1-2-0,0,0,0,0,0,0,0,0
1781909497370,Executor0,Stage0-0-0,0,0,0,0,0,0,0,0
1781909497620,Executor3,Stage1-0-0,0,0,0,0,0,0,0,0
1781909497927,Executor0,Stage0-0-0,0,0,0,0,0,0,0,0
1781909497927,Executor0,Stage0-1-0,0,0,0,0,0,0,0,0
1781909497927,Executor0,Stage0-2-0,0,0,0,0,0,0,0,0
1781909497927,Executor0,Stage0-3-0,0,0,0,0,0,0,0,0
1781909497978,Executor1,Stage1-0-0,0,0,0,0,0,0,0,0
1781909498176,Executor2,Stage1-3-0,0,0,0,0,0,0,0,0
1781909498204,Executor7,Stage1-1-0,0,0,0,0,0,0,0,0
1781909498367,Executor1,Stage1-2-0,0,0,0,0,0,0,0,0
1781909498370,Executor0,Stage0-0-0,0,0,0,0,0,0,0,0
1781909498620,Executor3,Stage1-0-0,0,0,0,0,0,0,0,0
1781909498927,Executor0,Stage0-0-0,0,0,0,0,0,0,0,0
1781909498927,Executor0,Stage0-1-0,0,0,0,0,0,0,0,0
1781909498927,Executor0,Stage0-2-0,0,0,0,0,0,0,0,0
1781909498927,Executor0,Stage0-3-0,0,0,0,0,0,0,0,0
1781909498978,Executor1,Stage1-0-0,0,0,0,0,0,0,0,0
1781909499176,Executor2,Stage1-3-0,0,0,0,0,0,0,0,0
1781909499204,Executor7,Stage1-1-0,0,0,0,0,0,0,0,0
1781909499367,Executor1,Stage1-2-0,0,0,0,0,0,0,0,0
1781909499370,Executor0,Stage0-0-0,0,0,0,0,0,0,0,0
1781909499620,Executor3,Stage1-0-0,0,0,0,0,0,0,0,0
1781909499927,Executor0,Stage0-0-0,0,0,0,0,0,0,0,0
1781909499927,Executor0,Stage0-1-0,0,0,0,0,0,0,0,0
1781909499927,Executor0,Stage0-2-0,0,0,0,0,0,0,0,0
1781909499927,Executor0,Stage0-3-0,0,0,0,0,0,0,0,0
1781909499978,Executor1,Stage1-0-0,0,0,0,0,0,0,0,0
1781909500176,Executor2,Stage1-3-0,0,0,0,0,0,0,0,0
1781909500204,Executor7,Stage1-1-0,0,0,0,0,0,0,0,0
1781909500367,Executor1,Stage1-2-0,0,0,0,0,0,0,0,0
1781909500370,Executor0,Stage0-0-0,0,0,0,0,0,0,0,0
1781909500620,Executor3,Stage1-0-0,0,0,0,0,0,0,0,0
1781909500927,Executor0,Stage0-0-0,0,0,0,0,0,0,0,0
1781909500927,Executor0,Stage0-1-0,0,0,0,0,0,0,0,0
1781909500927,Executor0,Stage0-2-0,0,0,0,0,0,0,0,0
1781909500927,Executor0,Stage0-3-0,0,0,0,0,0,0,0,0
1781909500978,Executor1,Stage1-0-0,0,0,0,0,0,0,0,0
1781909501176,Executor2,Stage1-3-0,0,0,0,0,0,0,0,0
1781909501204,Executor7,Stage1-1-0,0,0,0,0,0,0,0,0
1781909501367,Executor1,Stage1-2-0,0,0,0,0,0,0,0,0
1781909501370,Executor0,Stage0-0-0,0,0,0,0,0,0,0,0
1781909501621,Executor3,Stage1-0-0,0,0,0,0,0,0,0,0
1781909501927,Executor0,Stage0-0-0,0,0,0,0,0,0,0,0
1781909501927,Executor0,Stage0-1-0,0,0,0,0,0,0,0,0
1781909501927,Executor0,Stage0-2-0,0,0,0,0,0,0,0,0
1781909501927,Executor0,Stage0-3-0,0,0,0,0,0,0,0,0
1781909501978,Executor1,Stage1-0-0,0,0,0,0,0,0,0,0
1781909502176,Executor2,Stage1-3-0,0,0,0,0,0,0,0,0
1781909502204,Executor7,Stage1-1-0,0,0,0,0,0,0,0,0
1781909502367,Executor1,Stage1-2-0,0,0,0,0,0,0,0,0
1781909502370,Executor0,Stage0-0-0,0,0,0,0,0,0,0,0
1781909502620,Executor3,Stage1-0-0,0,0,0,0,0,0,0,0
1781909502927,Executor0,Stage0-0-0,0,0,0,0,0,0,0,0
1781909502927,Executor0,Stage0-1-0,0,0,0,0,0,0,0,0
1781909502927,Executor0,Stage0-2-0,0,0,0,0,0,0,0,0
1781909502927,Executor0,Stage0-3-0,0,0,0,0,0,0,0,0
1781909502978,Executor1,Stage1-0-0,0,0,0,0,0,0,0,0
1781909503176,Executor2,Stage1-3-0,0,0,0,0,0,0,0,0
1781909503204,Executor7,Stage1-1-0,0,0,0,0,0,0,0,0
1781909503367,Executor1,Stage1-2-0,0,0,0,0,0,0,0,0
1781909503370,Executor0,Stage0-0-0,0,0,0,0,0,0,0,0
1781909503620,Executor3,Stage1-0-0,0,0,0,0,0,0,0,0
1781909503927,Executor0,Stage0-0-0,0,0,0,0,0,0,0,0
1781909503927,Executor0,Stage0-1-0,0,0,0,0,0,0,0,0
1781909503927,Executor0,Stage0-2-0,0,0,0,0,0,0,0,0
1781909503927,Executor0,Stage0-3-0,0,0,0,0,0,0,0,0
1781909503978,Executor1,Stage1-0-0,0,0,0,0,0,0,0,0
1781909504176,Executor2,Stage1-3-0,0,0,0,0,0,0,0,0
1781909504204,Executor7,Stage1-1-0,0,0,0,0,0,0,0,0
1781909504367,Executor1,Stage1-2-0,0,0,0,0,0,0,0,0
1781909504370,Executor0,Stage0-0-0,0,0,0,0,0,0,0,0
1781909504620,Executor3,Stage1-0-0,0,0,0,0,0,0,0,0
1781909504927,Executor0,Stage0-0-0,0,0,0,0,0,0,0,0
1781909504927,Executor0,Stage0-1-0,0,0,0,0,0,0,0,0
1781909504927,Executor0,Stage0-2-0,0,0,0,0,0,0,0,0
1781909504927,Executor0,Stage0-3-0,0,0,0,0,0,0,0,0
1781909504978,Executor1,Stage1-0-0,0,0,0,0,0,0,0,0
1781909505176,Executor2,Stage1-3-0,0,0,0,0,0,0,0,0
1781909505204,Executor7,Stage1-1-0,0,0,0,0,0,0,0,0
1781909505367,Executor1,Stage1-2-0,0,0,0,0,0,0,0,0
1781909505370,Executor0,Stage0-0-0,0,0,0,0,0,0,0,0
1781909505620,Executor3,Stage1-0-0,0,0,0,0,0,0,0,0
1781909505927,Executor0,Stage0-0-0,0,0,0,0,0,0,0,0
1781909505927,Executor0,Stage0-1-0,0,0,0,0,0,0,0,0
1781909505927,Executor0,Stage0-2-0,0,0,0,0,0,0,0,0
1781909505927,Executor0,Stage0-3-0,0,0,0,0,0,0,0,0
1781909505978,Executor1,Stage1-0-0,0,0,0,0,0,0,0,0
1781909506176,Executor2,Stage1-3-0,0,0,0,0,0,0,0,0
1781909506204,Executor7,Stage1-1-0,0,0,0,0,0,0,0,0
1781909506367,Executor1,Stage1-2-0,0,0,0,0,0,0,0,0
1781909506370,Executor0,Stage0-0-0,0,0,0,0,0,0,0,0
1781909506621,Executor3,Stage1-0-0,0,0,0,0,0,0,0,0
1781909506927,Executor0,Stage0-0-0,0,0,0,0,0,0,0,0
1781909506927,Executor0,Stage0-1-0,0,0,0,0,0,0,0,0
1781909506927,Executor0,Stage0-2-0,0,0,0,0,0,0,0,0
1781909506927,Executor0,Stage0-3-0,0,0,0,0,0,0,0,0
1781909506978,Executor1,Stage1-0-0,0,0,0,0,0,0,0,0
1781909507176,Executor2,Stage1-3-0,0,0,0,0,0,0,0,0
1781909507204,Executor7,Stage1-1-0,0,0,0,0,0,0,0,0
1781909507367,Executor1,Stage1-2-0,0,0,0,0,0,0,0,0
1781909507370,Executor0,Stage0-0-0,0,0,0,0,0,0,0,0
1781909507620,Executor3,Stage1-0-0,0,0,0,0,0,0,0,0
1781909507927,Executor0,Stage0-0-0,0,0,0,0,0,0,0,0
1781909507927,Executor0,Stage0-1-0,0,0,0,0,0,0,0,0
1781909507927,Executor0,Stage0-2-0,0,0,0,0,0,0,0,0
1781909507927,Executor0,Stage0-3-0,0,0,0,0,0,0,0,0
1781909507978,Executor1,Stage1-0-0,0,0,0,0,0,0,0,0
1781909508176,Executor2,Stage1-3-0,0,0,0,0,0,0,0,0
1781909508204,Executor7,Stage1-1-0,0,0,0,0,0,0,0,0
1781909508367,Executor1,Stage1-2-0,0,0,0,0,0,0,0,0
1781909508370,Executor0,Stage0-0-0,0,0,0,0,0,0,0,0
1781909508620,Executor3,Stage1-0-0,0,0,0,0,0,0,0,0
1781909508927,Executor0,Stage0-0-0,0,0,0,0,0,0,0,0
1781909508927,Executor0,Stage0-1-0,0,0,0,0,0,0,0,0
1781909508927,Executor0,Stage0-2-0,0,0,0,0,0,0,0,0
1781909508927,Executor0,Stage0-3-0,0,0,0,0,0,0,0,0
1781909508978,Executor1,Stage1-0-0,0,0,0,0,0,0,0,0
1781909509176,Executor2,Stage1-3-0,0,0,0,0,0,0,0,0
1781909509204,Executor7,Stage1-1-0,0,0,0,0,0,0,0,0
1781909509367,Executor1,Stage1-2-0,0,0,0,0,0,0,0,0
1781909509370,Executor0,Stage0-0-0,0,0,0,0,0,0,0,0
1781909509620,Executor3,Stage1-0-0,0,0,0,0,0,0,0,0
1781909509927,Executor0,Stage0-0-0,0,0,0,0,0,0,0,0
1781909509927,Executor0,Stage0-1-0,0,0,0,0,0,0,0,0
1781909509927,Executor0,Stage0-2-0,0,0,0,0,0,0,0,0
1781909509927,Executor0,Stage0-3-0,0,0,0,0,0,0,0,0
1781909509978,Executor1,Stage1-0-0,0,0,0,0,0,0,0,0
1781909510176,Executor2,Stage1-3-0,0,0,0,0,0,0,0,0
1781909510204,Executor7,Stage1-1-0,0,0,0,0,0,0,0,0
1781909510367,Executor1,Stage1-2-0,0,0,0,0,0,0,0,0
1781909510370,Executor0,Stage0-0-0,0,0,0,0,0,0,0,0
1781909510620,Executor3,Stage1-0-0,0,0,0,0,0,0,0,0
1781909510927,Executor0,Stage0-0-0,0,0,0,0,0,0,0,0
1781909510927,Executor0,Stage0-1-0,0,0,0,0,0,0,0,0
1781909510927,Executor0,Stage0-2-0,0,0,0,0,0,0,0,0
1781909510927,Executor0,Stage0-3-0,0,0,0,0,0,0,0,0
1781909510978,Executor1,Stage1-0-0,0,0,0,0,0,0,0,0
1781909511176,Executor2,Stage1-3-0,0,0,0,0,0,0,0,0
1781909511204,Executor7,Stage1-1-0,0,0,0,0,0,0,0,0
1781909511367,Executor1,Stage1-2-0,0,0,0,0,0,0,0,0
1781909511370,Executor0,Stage0-0-0,0,0,0,0,0,0,0,0
1781909511620,Executor3,Stage1-0-0,0,0,0,0,0,0,0,0
1781909511927,Executor0,Stage0-0-0,0,0,0,0,0,0,0,0
1781909511927,Executor0,Stage0-1-0,0,0,0,0,0,0,0,0
1781909511927,Executor0,Stage0-2-0,0,0,0,0,0,0,0,0
1781909511927,Executor0,Stage0-3-0,0,0,0,0,0,0,0,0
1781909511978,Executor1,Stage1-0-0,0,0,0,0,0,0,0,0
1781909512176,Executor2,Stage1-3-0,0,0,0,0,0,0,0,0
1781909512204,Executor7,Stage1-1-0,0,0,0,0,0,0,0,0
1781909512367,Executor1,Stage1-2-0,0,0,0,0,0,0,0,0
1781909512370,Executor0,Stage0-0-0,0,0,0,0,0,0,0,0
1781909512620,Executor3,Stage1-0-0,0,0,0,0,0,0,0,0
1781909512927,Executor0,Stage0-0-0,0,0,0,0,0,0,0,0
1781909512927,Executor0,Stage0-1-0,0,0,0,0,0,0,0,0
1781909512927,Executor0,Stage0-2-0,0,0,0,0,0,0,0,0
1781909512927,Executor0,Stage0-3-0,0,0,0,0,0,0,0,0
1781909512978,Executor1,Stage1-0-0,0,0,0,0,0,0,0,0
1781909513176,Executor2,Stage1-3-0,0,0,0,0,0,0,0,0
1781909513204,Executor7,Stage1-1-0,0,0,0,0,0,0,0,0
1781909513367,Executor1,Stage1-2-0,0,0,0,0,0,0,0,0
1781909513370,Executor0,Stage0-0-0,0,0,0,0,0,0,0,0
1781909513621,Executor3,Stage1-0-0,0,0,0,0,0,0,0,0
1781909513927,Executor0,Stage0-0-0,0,0,0,0,0,0,0,0
1781909513927,Executor0,Stage0-1-0,0,0,0,0,0,0,0,0
1781909513927,Executor0,Stage0-2-0,0,0,0,0,0,0,0,0
1781909513927,Executor0,Stage0-3-0,0,0,0,0,0,0,0,0
1781909513978,Executor1,Stage1-0-0,0,0,0,0,0,0,0,0
1781909514176,Executor2,Stage1-3-0,0,0,0,0,0,0,0,0
1781909514204,Executor7,Stage1-1-0,0,0,0,0,0,0,0,0
1781909514367,Executor1,Stage1-2-0,0,0,0,0,0,0,0,0
1781909514370,Executor0,Stage0-0-0,0,0,0,0,0,0,0,0
1781909514621,Executor3,Stage1-0-0,0,0,0,0,0,0,0,0
1781909514927,Executor0,Stage0-0-0,0,0,0,0,0,0,0,0
1781909514927,Executor0,Stage0-1-0,0,0,0,0,0,0,0,0
1781909514927,Executor0,Stage0-2-0,0,0,0,0,0,0,0,0
1781909514927,Executor0,Stage0-3-0,0,0,0,0,0,0,0,0
1781909514978,Executor1,Stage1-0-0,0,0,0,0,0,0,0,0
1781909515176,Executor2,Stage1-3-0,0,0,0,0,0,0,0,0
1781909515204,Executor7,Stage1-1-0,0,0,0,0,0,0,0,0
1781909515367,Executor1,Stage1-2-0,0,0,0,0,0,0,0,0
1781909515370,Executor0,Stage0-0-0,0,0,0,0,0,0,0,0
1781909515621,Executor3,Stage1-0-0,0,0,0,0,0,0,0,0
1781909515927,Executor0,Stage0-0-0,0,0,0,0,0,0,0,0
1781909515927,Executor0,Stage0-1-0,0,0,0,0,0,0,0,0
1781909515927,Executor0,Stage0-2-0,0,0,0,0,0,0,0,0
1781909515927,Executor0,Stage0-3-0,0,0,0,0,0,0,0,0
1781909515978,Executor1,Stage1-0-0,0,0,0,0,0,0,0,0
1781909516176,Executor2,Stage1-3-0,0,0,0,0,0,0,0,0
1781909516204,Executor7,Stage1-1-0,0,0,0,0,0,0,0,0
1781909516367,Executor1,Stage1-2-0,0,0,0,0,0,0,0,0
1781909516370,Executor0,Stage0-0-0,0,0,0,0,0,0,0,0
1781909516620,Executor3,Stage1-0-0,0,0,0,0,0,0,0,0
1781909516927,Executor0,Stage0-0-0,0,0,0,0,0,0,0,0
1781909516927,Executor0,Stage0-1-0,0,0,0,0,0,0,0,0
1781909516927,Executor0,Stage0-2-0,0,0,0,0,0,0,0,0
1781909516927,Executor0,Stage0-3-0,0,0,0,0,0,0,0,0
1781909516978,Executor1,Stage1-0-0,0,0,0,0,0,0,0,0
1781909517176,Executor2,Stage1-3-0,0,0,0,0,0,0,0,0
1781909517204,Executor7,Stage1-1-0,0,0,0,0,0,0,0,0
1781909517367,Executor1,Stage1-2-0,0,0,0,0,0,0,0,0
1781909517370,Executor0,Stage0-0-0,0,0,0,0,0,0,0,0
1781909517620,Executor3,Stage1-0-0,0,0,0,0,0,0,0,0
1781909517927,Executor0,Stage0-0-0,0,0,0,0,0,0,0,0
1781909517927,Executor0,Stage0-1-0,0,0,0,0,0,0,0,0
1781909517927,Executor0,Stage0-2-0,0,0,0,0,0,0,0,0
1781909517927,Executor0,Stage0-3-0,0,0,0,0,0,0,0,0
1781909517978,Executor1,Stage1-0-0,0,0,0,0,0,0,0,0
1781909518176,Executor2,Stage1-3-0,0,0,0,0,0,0,0,0
1781909518204,Executor7,Stage1-1-0,0,0,0,0,0,0,0,0
1781909518367,Executor1,Stage1-2-0,0,0,0,0,0,0,0,0
1781909518370,Executor0,Stage0-0-0,0,0,0,0,0,0,0,0
1781909518621,Executor3,Stage1-0-0,0,0,0,0,0,0,0,0
1781909518927,Executor0,Stage0-0-0,0,0,0,0,0,0,0,0
1781909518927,Executor0,Stage0-1-0,0,0,0,0,0,0,0,0
1781909518927,Executor0,Stage0-2-0,0,0,0,0,0,0,0,0
1781909518927,Executor0,Stage0-3-0,0,0,0,0,0,0,0,0
1781909518978,Executor1,Stage1-0-0,0,0,0,0,0,0,0,0
1781909519176,Executor2,Stage1-3-0,0,0,0,0,0,0,0,0
1781909519204,Executor7,Stage1-1-0,0,0,0,0,0,0,0,0
1781909519367,Executor1,Stage1-2-0,0,0,0,0,0,0,0,0
1781909519370,Executor0,Stage0-0-0,0,0,0,0,0,0,0,0
1781909519620,Executor3,Stage1-0-0,0,0,0,0,0,0,0,0
1781909519927,Executor0,Stage0-0-0,0,0,0,0,0,0,0,0
1781909519927,Executor0,Stage0-1-0,0,0,0,0,0,0,0,0
1781909519927,Executor0,Stage0-2-0,0,0,0,0,0,0,0,0
1781909519927,Executor0,Stage0-3-0,0,0,0,0,0,0,0,0
1781909519978,Executor1,Stage1-0-0,0,0,0,0,0,0,0,0
1781909520176,Executor2,Stage1-3-0,0,0,0,0,0,0,0,0
1781909520204,Executor7,Stage1-1-0,0,0,0,0,0,0,0,0
1781909520367,Executor1,Stage1-2-0,0,0,0,0,0,0,0,0
1781909520370,Executor0,Stage0-0-0,0,0,0,0,0,0,0,0
1781909520620,Executor3,Stage1-0-0,0,0,0,0,0,0,0,0
1781909520927,Executor0,Stage0-0-0,0,0,0,0,0,0,0,0
1781909520927,Executor0,Stage0-1-0,0,0,0,0,0,0,0,0
1781909520927,Executor0,Stage0-2-0,0,0,0,0,0,0,0,0
1781909520927,Executor0,Stage0-3-0,0,0,0,0,0,0,0,0
1781909520978,Executor1,Stage1-0-0,0,0,0,0,0,0,0,0
1781909521176,Executor2,Stage1-3-0,0,0,0,0,0,0,0,0
1781909521204,Executor7,Stage1-1-0,0,0,0,0,0,0,0,0
1781909521367,Executor1,Stage1-2-0,0,0,0,0,0,0,0,0
1781909521370,Executor0,Stage0-0-0,0,0,0,0,0,0,0,0
1781909521620,Executor3,Stage1-0-0,0,0,0,0,0,0,0,0
1781909521927,Executor0,Stage0-0-0,0,0,0,0,0,0,0,0
1781909521927,Executor0,Stage0-1-0,0,0,0,0,0,0,0,0
1781909521927,Executor0,Stage0-2-0,0,0,0,0,0,0,0,0
1781909521927,Executor0,Stage0-3-0,0,0,0,0,0,0,0,0
1781909521978,Executor1,Stage1-0-0,0,0,0,0,0,0,0,0
1781909522176,Executor2,Stage1-3-0,0,0,0,0,0,0,0,0
1781909522204,Executor7,Stage1-1-0,0,0,0,0,0,0,0,0
1781909522367,Executor1,Stage1-2-0,0,0,0,0,0,0,0,0
1781909522370,Executor0,Stage0-0-0,0,0,0,0,0,0,0,0
1781909522620,Executor3,Stage1-0-0,0,0,0,0,0,0,0,0
1781909522927,Executor0,Stage0-0-0,0,0,0,0,0,0,0,0
1781909522927,Executor0,Stage0-1-0,0,0,0,0,0,0,0,0
1781909522927,Executor0,Stage0-2-0,0,0,0,0,0,0,0,0
1781909522927,Executor0,Stage0-3-0,0,0,0,0,0,0,0,0
1781909522978,Executor1,Stage1-0-0,0,0,0,0,0,0,0,0
1781909523176,Executor2,Stage1-3-0,0,0,0,0,0,0,0,0
1781909523204,Executor7,Stage1-1-0,0,0,0,0,0,0,0,0
1781909523367,Executor1,Stage1-2-0,0,0,0,0,0,0,0,0
1781909523370,Executor0,Stage0-0-0,0,0,0,0,0,0,0,0
1781909523620,Executor3,Stage1-0-0,0,0,0,0,0,0,0,0
1781909523927,Executor0,Stage0-0-0,0,0,0,0,0,0,0,0
1781909523927,Executor0,Stage0-1-0,0,0,0,0,0,0,0,0
1781909523927,Executor0,Stage0-2-0,0,0,0,0,0,0,0,0
1781909523927,Executor0,Stage0-3-0,0,0,0,0,0,0,0,0
1781909523978,Executor1,Stage1-0-0,0,0,0,0,0,0,0,0
1781909524176,Executor2,Stage1-3-0,0,0,0,0,0,0,0,0
1781909524204,Executor7,Stage1-1-0,0,0,0,0,0,0,0,0
1781909524367,Executor1,Stage1-2-0,0,0,0,0,0,0,0,0
1781909524370,Executor0,Stage0-0-0,0,0,0,0,0,0,0,0
1781909524620,Executor3,Stage1-0-0,0,0,0,0,0,0,0,0
1781909524927,Executor0,Stage0-0-0,0,0,0,0,0,0,0,0
1781909524927,Executor0,Stage0-1-0,0,0,0,0,0,0,0,0
1781909524927,Executor0,Stage0-2-0,0,0,0,0,0,0,0,0
1781909524927,Executor0,Stage0-3-0,0,0,0,0,0,0,0,0
1781909524978,Executor1,Stage1-0-0,0,0,0,0,0,0,0,0
1781909525176,Executor2,Stage1-3-0,0,0,0,0,0,0,0,0
1781909525204,Executor7,Stage1-1-0,0,0,0,0,0,0,0,0
1781909525367,Executor1,Stage1-2-0,0,0,0,0,0,0,0,0
1781909525370,Executor0,Stage0-0-0,0,0,0,0,0,0,0,0
1781909525620,Executor3,Stage1-0-0,0,0,0,0,0,0,0,0
1781909525927,Executor0,Stage0-0-0,0,0,0,0,0,0,0,0
1781909525927,Executor0,Stage0-1-0,0,0,0,0,0,0,0,0
1781909525927,Executor0,Stage0-2-0,0,0,0,0,0,0,0,0
1781909525927,Executor0,Stage0-3-0,0,0,0,0,0,0,0,0
1781909525978,Executor1,Stage1-0-0,0,0,0,0,0,0,0,0
1781909526176,Executor2,Stage1-3-0,0,0,0,0,0,0,0,0
1781909526204,Executor7,Stage1-1-0,0,0,0,0,0,0,0,0
1781909526367,Executor1,Stage1-2-0,0,0,0,0,0,0,0,0
1781909526370,Executor0,Stage0-0-0,0,0,0,0,0,0,0,0
1781909526620,Executor3,Stage1-0-0,0,0,0,0,0,0,0,0
1781909526927,Executor0,Stage0-0-0,0,0,0,0,0,0,0,0
1781909526927,Executor0,Stage0-1-0,0,0,0,0,0,0,0,0
1781909526927,Executor0,Stage0-2-0,0,0,0,0,0,0,0,0
1781909526927,Executor0,Stage0-3-0,0,0,0,0,0,0,0,0
1781909526978,Executor1,Stage1-0-0,0,0,0,0,0,0,0,0
1781909527176,Executor2,Stage1-3-0,0,0,0,0,0,0,0,0
1781909527204,Executor7,Stage1-1-0,0,0,0,0,0,0,0,0
1781909527367,Executor1,Stage1-2-0,0,0,0,0,0,0,0,0
1781909527370,Executor0,Stage0-0-0,0,0,0,0,0,0,0,0
1781909527620,Executor3,Stage1-0-0,0,0,0,0,0,0,0,0
1781909527927,Executor0,Stage0-0-0,0,0,0,0,0,0,0,0
1781909527927,Executor0,Stage0-1-0,0,0,0,0,0,0,0,0
1781909527927,Executor0,Stage0-2-0,0,0,0,0,0,0,0,0
1781909527927,Executor0,Stage0-3-0,0,0,0,0,0,0,0,0
1781909527978,Executor1,Stage1-0-0,0,0,0,0,0,0,0,0
1781909528176,Executor2,Stage1-3-0,0,0,0,0,0,0,0,0
1781909528204,Executor7,Stage1-1-0,0,0,0,0,0,0,0,0
1781909528367,Executor1,Stage1-2-0,0,0,0,0,0,0,0,0
1781909528370,Executor0,Stage0-0-0,0,0,0,0,0,0,0,0
1781909528620,Executor3,Stage1-0-0,0,0,0,0,0,0,0,0
1781909528927,Executor0,Stage0-0-0,0,0,0,0,0,0,0,0
1781909528927,Executor0,Stage0-1-0,0,0,0,0,0,0,0,0
1781909528927,Executor0,Stage0-2-0,0,0,0,0,0,0,0,0
1781909528927,Executor0,Stage0-3-0,0,0,0,0,0,0,0,0
1781909528978,Executor1,Stage1-0-0,0,0,0,0,0,0,0,0
1781909529176,Executor2,Stage1-3-0,0,0,0,0,0,0,0,0
1781909529204,Executor7,Stage1-1-0,0,0,0,0,0,0,0,0
1781909529367,Executor1,Stage1-2-0,0,0,0,0,0,0,0,0
1781909529370,Executor0,Stage0-0-0,0,0,0,0,0,0,0,0
1781909529620,Executor3,Stage1-0-0,0,0,0,0,0,0,0,0
1781909529927,Executor0,Stage0-0-0,0,0,0,0,0,0,0,0
1781909529927,Executor0,Stage0-1-0,0,0,0,0,0,0,0,0
1781909529927,Executor0,Stage0-2-0,0,0,0,0,0,0,0,0
1781909529927,Executor0,Stage0-3-0,0,0,0,0,0,0,0,0
1781909529978,Executor1,Stage1-0-0,0,0,0,0,0,0,0,0
1781909530176,Executor2,Stage1-3-0,0,0,0,0,0,0,0,0
1781909530204,Executor7,Stage1-1-0,0,0,0,0,0,0,0,0
1781909530367,Executor1,Stage1-2-0,0,0,0,0,0,0,0,0
1781909530370,Executor0,Stage0-0-0,0,0,0,0,0,0,0,0
1781909530620,Executor3,Stage1-0-0,0,0,0,0,0,0,0,0
1781909530927,Executor0,Stage0-0-0,0,0,0,0,0,0,0,0
1781909530927,Executor0,Stage0-1-0,0,0,0,0,0,0,0,0
1781909530927,Executor0,Stage0-2-0,0,0,0,0,0,0,0,0
1781909530927,Executor0,Stage0-3-0,0,0,0,0,0,0,0,0
1781909530978,Executor1,Stage1-0-0,0,0,0,0,0,0,0,0
1781909531176,Executor2,Stage1-3-0,0,0,0,0,0,0,0,0
1781909531204,Executor7,Stage1-1-0,0,0,0,0,0,0,0,0
1781909531367,Executor1,Stage1-2-0,0,0,0,0,0,0,0,0
1781909531370,Executor0,Stage0-0-0,0,0,0,0,0,0,0,0
1781909531620,Executor3,Stage1-0-0,0,0,0,0,0,0,0,0
1781909531927,Executor0,Stage0-0-0,0,0,0,0,0,0,0,0
1781909531927,Executor0,Stage0-1-0,0,0,0,0,0,0,0,0
1781909531927,Executor0,Stage0-2-0,0,0,0,0,0,0,0,0
1781909531927,Executor0,Stage0-3-0,0,0,0,0,0,0,0,0
1781909531978,Executor1,Stage1-0-0,0,0,0,0,0,0,0,0
1781909532176,Executor2,Stage1-3-0,0,0,0,0,0,0,0,0
1781909532204,Executor7,Stage1-1-0,0,0,0,0,0,0,0,0
1781909532367,Executor1,Stage1-2-0,0,0,0,0,0,0,0,0
1781909532370,Executor0,Stage0-0-0,0,0,0,0,0,0,0,0
1781909532620,Executor3,Stage1-0-0,0,0,0,0,0,0,0,0
1781909532927,Executor0,Stage0-0-0,0,0,0,0,0,0,0,0
1781909532927,Executor0,Stage0-1-0,0,0,0,0,0,0,0,0
1781909532927,Executor0,Stage0-2-0,0,0,0,0,0,0,0,0
1781909532927,Executor0,Stage0-3-0,0,0,0,0,0,0,0,0
1781909532978,Executor1,Stage1-0-0,0,0,0,0,0,0,0,0
1781909533176,Executor2,Stage1-3-0,0,0,0,0,0,0,0,0
1781909533204,Executor7,Stage1-1-0,0,0,0,0,0,0,0,0
1781909533367,Executor1,Stage1-2-0,0,0,0,0,0,0,0,0
1781909533370,Executor0,Stage0-0-0,0,0,0,0,0,0,0,0
1781909533620,Executor3,Stage1-0-0,0,0,0,0,0,0,0,0
1781909533927,Executor0,Stage0-0-0,0,0,0,0,0,0,0,0
1781909533927,Executor0,Stage0-1-0,0,0,0,0,0,0,0,0
1781909533927,Executor0,Stage0-2-0,0,0,0,0,0,0,0,0
1781909533927,Executor0,Stage0-3-0,0,0,0,0,0,0,0,0
1781909533978,Executor1,Stage1-0-0,0,0,0,0,0,0,0,0
1781909534176,Executor2,Stage1-3-0,0,0,0,0,0,0,0,0
1781909534204,Executor7,Stage1-1-0,0,0,0,0,0,0,0,0
1781909534367,Executor1,Stage1-2-0,0,0,0,0,0,0,0,0
1781909534370,Executor0,Stage0-0-0,0,0,0,0,0,0,0,0
1781909534620,Executor3,Stage1-0-0,0,0,0,0,0,0,0,0
1781909534927,Executor0,Stage0-0-0,0,0,0,0,0,0,0,0
1781909534927,Executor0,Stage0-1-0,0,0,0,0,0,0,0,0
1781909534927,Executor0,Stage0-2-0,0,0,0,0,0,0,0,0
1781909534927,Executor0,Stage0-3-0,0,0,0,0,0,0,0,0
1781909534978,Executor1,Stage1-0-0,0,0,0,0,0,0,0,0
1781909535176,Executor2,Stage1-3-0,0,0,0,0,0,0,0,0
1781909535204,Executor7,Stage1-1-0,0,0,0,0,0,0,0,0
1781909535367,Executor1,Stage1-2-0,0,0,0,0,0,0,0,0
1781909535370,Executor0,Stage0-0-0,0,0,0,0,0,0,0,0
1781909535621,Executor3,Stage1-0-0,0,0,0,0,0,0,0,0
1781909535927,Executor0,Stage0-0-0,0,0,0,0,0,0,0,0
1781909535927,Executor0,Stage0-1-0,0,0,0,0,0,0,0,0
1781909535927,Executor0,Stage0-2-0,0,0,0,0,0,0,0,0
1781909535927,Executor0,Stage0-3-0,0,0,0,0,0,0,0,0
1781909535978,Executor1,Stage1-0-0,0,0,0,0,0,0,0,0
1781909536176,Executor2,Stage1-3-0,0,0,0,0,0,0,0,0
1781909536204,Executor7,Stage1-1-0,0,0,0,0,0,0,0,0
1781909536367,Executor1,Stage1-2-0,0,0,0,0,0,0,0,0
1781909536370,Executor0,Stage0-0-0,0,0,0,0,0,0,0,0
1781909536620,Executor3,Stage1-0-0,0,0,0,0,0,0,0,0
1781909536927,Executor0,Stage0-0-0,0,0,0,0,0,0,0,0
1781909536927,Executor0,Stage0-1-0,0,0,0,0,0,0,0,0
1781909536927,Executor0,Stage0-2-0,0,0,0,0,0,0,0,0
1781909536927,Executor0,Stage0-3-0,0,0,0,0,0,0,0,0
1781909536978,Executor1,Stage1-0-0,0,0,0,0,0,0,0,0
1781909537176,Executor2,Stage1-3-0,0,0,0,0,0,0,0,0
1781909537204,Executor7,Stage1-1-0,0,0,0,0,0,0,0,0
1781909537367,Executor1,Stage1-2-0,0,0,0,0,0,0,0,0
1781909537370,Executor0,Stage0-0-0,0,0,0,0,0,0,0,0
1781909537620,Executor3,Stage1-0-0,0,0,0,0,0,0,0,0
1781909537927,Executor0,Stage0-0-0,0,0,0,0,0,0,0,0
1781909537927,Executor0,Stage0-1-0,0,0,0,0,0,0,0,0
1781909537927,Executor0,Stage0-2-0,0,0,0,0,0,0,0,0
1781909537927,Executor0,Stage0-3-0,0,0,0,0,0,0,0,0
1781909537978,Executor1,Stage1-0-0,0,0,0,0,0,0,0,0
1781909538176,Executor2,Stage1-3-0,0,0,0,0,0,0,0,0
1781909538204,Executor7,Stage1-1-0,0,0,0,0,0,0,0,0
1781909538367,Executor1,Stage1-2-0,0,0,0,0,0,0,0,0
1781909538370,Executor0,Stage0-0-0,0,0,0,0,0,0,0,0
1781909538620,Executor3,Stage1-0-0,0,0,0,0,0,0,0,0
1781909538927,Executor0,Stage0-0-0,0,0,0,0,0,0,0,0
1781909538927,Executor0,Stage0-1-0,0,0,0,0,0,0,0,0
1781909538927,Executor0,Stage0-2-0,0,0,0,0,0,0,0,0
1781909538927,Executor0,Stage0-3-0,0,0,0,0,0,0,0,0
1781909538978,Executor1,Stage1-0-0,0,0,0,0,0,0,0,0
1781909539176,Executor2,Stage1-3-0,0,0,0,0,0,0,0,0
1781909539204,Executor7,Stage1-1-0,0,0,0,0,0,0,0,0
1781909539367,Executor1,Stage1-2-0,0,0,0,0,0,0,0,0
1781909539370,Executor0,Stage0-0-0,0,0,0,0,0,0,0,0
1781909539621,Executor3,Stage1-0-0,0,0,0,0,0,0,0,0
1781909539927,Executor0,Stage0-0-0,0,0,0,0,0,0,0,0
1781909539927,Executor0,Stage0-1-0,0,0,0,0,0,0,0,0
1781909539927,Executor0,Stage0-2-0,0,0,0,0,0,0,0,0
1781909539927,Executor0,Stage0-3-0,0,0,0,0,0,0,0,0
1781909539978,Executor1,Stage1-0-0,0,0,0,0,0,0,0,0
1781909540176,Executor2,Stage1-3-0,0,0,0,0,0,0,0,0
1781909540204,Executor7,Stage1-1-0,0,0,0,0,0,0,0,0
1781909540367,Executor1,Stage1-2-0,0,0,0,0,0,0,0,0
1781909540370,Executor0,Stage0-0-0,0,0,0,0,0,0,0,0
1781909540620,Executor3,Stage1-0-0,0,0,0,0,0,0,0,0
1781909540927,Executor0,Stage0-0-0,0,0,0,0,0,0,0,0
1781909540927,Executor0,Stage0-1-0,0,0,0,0,0,0,0,0
1781909540927,Executor0,Stage0-2-0,0,0,0,0,0,0,0,0
1781909540927,Executor0,Stage0-3-0,0,0,0,0,0,0,0,0
1781909540978,Executor1,Stage1-0-0,0,0,0,0,0,0,0,0
1781909541176,Executor2,Stage1-3-0,0,0,0,0,0,0,0,0
1781909541204,Executor7,Stage1-1-0,0,0,0,0,0,0,0,0
1781909541367,Executor1,Stage1-2-0,0,0,0,0,0,0,0,0
1781909541370,Executor0,Stage0-0-0,0,0,0,0,0,0,0,0
1781909541620,Executor3,Stage1-0-0,0,0,0,0,0,0,0,0
1781909541927,Executor0,Stage0-0-0,0,0,0,0,0,0,0,0
1781909541927,Executor0,Stage0-1-0,0,0,0,0,0,0,0,0
1781909541927,Executor0,Stage0-2-0,0,0,0,0,0,0,0,0
1781909541927,Executor0,Stage0-3-0,0,0,0,0,0,0,0,0
1781909541978,Executor1,Stage1-0-0,0,0,0,0,0,0,0,0
1781909542176,Executor2,Stage1-3-0,0,0,0,0,0,0,0,0
1781909542204,Executor7,Stage1-1-0,0,0,0,0,0,0,0,0
1781909542367,Executor1,Stage1-2-0,0,0,0,0,0,0,0,0
1781909542370,Executor0,Stage0-0-0,0,0,0,0,0,0,0,0
1781909542621,Executor3,Stage1-0-0,0,0,0,0,0,0,0,0
1781909542927,Executor0,Stage0-0-0,0,0,0,0,0,0,0,0
1781909542927,Executor0,Stage0-1-0,0,0,0,0,0,0,0,0
1781909542927,Executor0,Stage0-2-0,0,0,0,0,0,0,0,0
1781909542927,Executor0,Stage0-3-0,0,0,0,0,0,0,0,0
1781909542978,Executor1,Stage1-0-0,0,0,0,0,0,0,0,0
1781909543176,Executor2,Stage1-3-0,0,0,0,0,0,0,0,0
1781909543204,Executor7,Stage1-1-0,0,0,0,0,0,0,0,0
1781909543367,Executor1,Stage1-2-0,0,0,0,0,0,0,0,0
1781909543370,Executor0,Stage0-0-0,0,0,0,0,0,0,0,0
1781909543620,Executor3,Stage1-0-0,0,0,0,0,0,0,0,0
1781909543927,Executor0,Stage0-0-0,0,0,0,0,0,0,0,0
1781909543927,Executor0,Stage0-1-0,0,0,0,0,0,0,0,0
1781909543927,Executor0,Stage0-2-0,0,0,0,0,0,0,0,0
1781909543927,Executor0,Stage0-3-0,0,0,0,0,0,0,0,0
1781909543978,Executor1,Stage1-0-0,0,0,0,0,0,0,0,0
1781909544176,Executor2,Stage1-3-0,0,0,0,0,0,0,0,0
1781909544204,Executor7,Stage1-1-0,0,0,0,0,0,0,0,0
1781909544367,Executor1,Stage1-2-0,0,0,0,0,0,0,0,0
1781909544370,Executor0,Stage0-0-0,0,0,0,0,0,0,0,0
1781909544620,Executor3,Stage1-0-0,0,0,0,0,0,0,0,0
1781909544927,Executor0,Stage0-0-0,0,0,0,0,0,0,0,0
1781909544927,Executor0,Stage0-1-0,0,0,0,0,0,0,0,0
1781909544927,Executor0,Stage0-2-0,0,0,0,0,0,0,0,0
1781909544927,Executor0,Stage0-3-0,0,0,0,0,0,0,0,0
1781909544978,Executor1,Stage1-0-0,0,0,0,0,0,0,0,0
1781909545176,Executor2,Stage1-3-0,0,0,0,0,0,0,0,0
1781909545204,Executor7,Stage1-1-0,0,0,0,0,0,0,0,0
1781909545367,Executor1,Stage1-2-0,0,0,0,0,0,0,0,0
1781909545370,Executor0,Stage0-0-0,0,0,0,0,0,0,0,0
1781909545620,Executor3,Stage1-0-0,0,0,0,0,0,0,0,0
1781909545927,Executor0,Stage0-0-0,0,0,0,0,0,0,0,0
1781909545927,Executor0,Stage0-1-0,0,0,0,0,0,0,0,0
1781909545927,Executor0,Stage0-2-0,0,0,0,0,0,0,0,0
1781909545927,Executor0,Stage0-3-0,0,0,0,0,0,0,0,0
1781909545978,Executor1,Stage1-0-0,0,0,0,0,0,0,0,0
1781909546176,Executor2,Stage1-3-0,0,0,0,0,0,0,0,0
1781909546204,Executor7,Stage1-1-0,0,0,0,0,0,0,0,0
1781909546367,Executor1,Stage1-2-0,0,0,0,0,0,0,0,0
1781909546370,Executor0,Stage0-0-0,0,0,0,0,0,0,0,0
1781909546620,Executor3,Stage1-0-0,0,0,0,0,0,0,0,0
1781909546927,Executor0,Stage0-0-0,0,0,0,0,0,0,0,0
1781909546927,Executor0,Stage0-1-0,0,0,0,0,0,0,0,0
1781909546927,Executor0,Stage0-2-0,0,0,0,0,0,0,0,0
1781909546927,Executor0,Stage0-3-0,0,0,0,0,0,0,0,0
1781909546978,Executor1,Stage1-0-0,0,0,0,0,0,0,0,0
1781909547176,Executor2,Stage1-3-0,0,0,0,0,0,0,0,0
1781909547204,Executor7,Stage1-1-0,0,0,0,0,0,0,0,0
1781909547367,Executor1,Stage1-2-0,0,0,0,0,0,0,0,0
1781909547370,Executor0,Stage0-0-0,0,0,0,0,0,0,0,0
1781909547621,Executor3,Stage1-0-0,0,0,0,0,0,0,0,0
1781909547927,Executor0,Stage0-0-0,0,0,0,0,0,0,0,0
1781909547927,Executor0,Stage0-1-0,0,0,0,0,0,0,0,0
1781909547927,Executor0,Stage0-2-0,0,0,0,0,0,0,0,0
1781909547927,Executor0,Stage0-3-0,0,0,0,0,0,0,0,0
1781909547978,Executor1,Stage1-0-0,0,0,0,0,0,0,0,0
1781909548176,Executor2,Stage1-3-0,0,0,0,0,0,0,0,0
1781909548204,Executor7,Stage1-1-0,0,0,0,0,0,0,0,0
1781909548367,Executor1,Stage1-2-0,0,0,0,0,0,0,0,0
1781909548370,Executor0,Stage0-0-0,0,0,0,0,0,0,0,0
1781909548620,Executor3,Stage1-0-0,0,0,0,0,0,0,0,0
1781909548927,Executor0,Stage0-0-0,0,0,0,0,0,0,0,0
1781909548927,Executor0,Stage0-1-0,0,0,0,0,0,0,0,0
1781909548927,Executor0,Stage0-2-0,0,0,0,0,0,0,0,0
1781909548927,Executor0,Stage0-3-0,0,0,0,0,0,0,0,0
1781909548978,Executor1,Stage1-0-0,0,0,0,0,0,0,0,0
1781909549176,Executor2,Stage1-3-0,0,0,0,0,0,0,0,0
1781909549204,Executor7,Stage1-1-0,0,0,0,0,0,0,0,0
1781909549367,Executor1,Stage1-2-0,0,0,0,0,0,0,0,0
1781909549370,Executor0,Stage0-0-0,0,0,0,0,0,0,0,0
1781909549621,Executor3,Stage1-0-0,0,0,0,0,0,0,0,0
1781909549927,Executor0,Stage0-0-0,0,0,0,0,0,0,0,0
1781909549927,Executor0,Stage0-1-0,0,0,0,0,0,0,0,0
1781909549927,Executor0,Stage0-2-0,0,0,0,0,0,0,0,0
1781909549927,Executor0,Stage0-3-0,0,0,0,0,0,0,0,0
1781909549978,Executor1,Stage1-0-0,0,0,0,0,0,0,0,0
1781909550176,Executor2,Stage1-3-0,0,0,0,0,0,0,0,0
1781909550204,Executor7,Stage1-1-0,0,0,0,0,0,0,0,0
1781909550367,Executor1,Stage1-2-0,0,0,0,0,0,0,0,0
1781909550370,Executor0,Stage0-0-0,0,0,0,0,0,0,0,0
1781909550620,Executor3,Stage1-0-0,0,0,0,0,0,0,0,0
1781909550927,Executor0,Stage0-0-0,0,0,0,0,0,0,0,0
1781909550927,Executor0,Stage0-1-0,0,0,0,0,0,0,0,0
1781909550927,Executor0,Stage0-2-0,0,0,0,0,0,0,0,0
1781909550927,Executor0,Stage0-3-0,0,0,0,0,0,0,0,0
1781909550978,Executor1,Stage1-0-0,0,0,0,0,0,0,0,0
1781909551176,Executor2,Stage1-3-0,0,0,0,0,0,0,0,0
1781909551204,Executor7,Stage1-1-0,0,0,0,0,0,0,0,0
1781909551367,Executor1,Stage1-2-0,0,0,0,0,0,0,0,0
1781909551370,Executor0,Stage0-0-0,0,0,0,0,0,0,0,0
1781909551620,Executor3,Stage1-0-0,0,0,0,0,0,0,0,0
1781909551927,Executor0,Stage0-0-0,0,0,0,0,0,0,0,0
1781909551927,Executor0,Stage0-1-0,0,0,0,0,0,0,0,0
1781909551927,Executor0,Stage0-2-0,0,0,0,0,0,0,0,0
1781909551927,Executor0,Stage0-3-0,0,0,0,0,0,0,0,0
1781909551978,Executor1,Stage1-0-0,0,0,0,0,0,0,0,0
1781909552176,Executor2,Stage1-3-0,0,0,0,0,0,0,0,0
1781909552204,Executor7,Stage1-1-0,0,0,0,0,0,0,0,0
1781909552367,Executor1,Stage1-2-0,0,0,0,0,0,0,0,0
1781909552370,Executor0,Stage0-0-0,0,0,0,0,0,0,0,0
1781909552620,Executor3,Stage1-0-0,0,0,0,0,0,0,0,0
1781909552927,Executor0,Stage0-0-0,0,0,0,0,0,0,0,0
1781909552927,Executor0,Stage0-1-0,0,0,0,0,0,0,0,0
1781909552927,Executor0,Stage0-2-0,0,0,0,0,0,0,0,0
1781909552927,Executor0,Stage0-3-0,0,0,0,0,0,0,0,0
1781909552978,Executor1,Stage1-0-0,0,0,0,0,0,0,0,0
1781909553176,Executor2,Stage1-3-0,0,0,0,0,0,0,0,0
1781909553204,Executor7,Stage1-1-0,0,0,0,0,0,0,0,0
1781909553367,Executor1,Stage1-2-0,0,0,0,0,0,0,0,0
1781909553370,Executor0,Stage0-0-0,0,0,0,0,0,0,0,0
1781909553620,Executor3,Stage1-0-0,0,0,0,0,0,0,0,0
1781909553927,Executor0,Stage0-0-0,0,0,0,0,0,0,0,0
1781909553927,Executor0,Stage0-1-0,0,0,0,0,0,0,0,0
1781909553927,Executor0,Stage0-2-0,0,0,0,0,0,0,0,0
1781909553927,Executor0,Stage0-3-0,0,0,0,0,0,0,0,0
1781909553978,Executor1,Stage1-0-0,0,0,0,0,0,0,0,0
1781909554176,Executor2,Stage1-3-0,0,0,0,0,0,0,0,0
1781909554204,Executor7,Stage1-1-0,0,0,0,0,0,0,0,0
1781909554367,Executor1,Stage1-2-0,0,0,0,0,0,0,0,0
1781909554370,Executor0,Stage0-0-0,0,0,0,0,0,0,0,0
1781909554645,Executor3,Stage1-0-0,0,0,0,0,0,0,0,0
1781909554927,Executor0,Stage0-0-0,0,0,0,0,0,0,0,0
1781909554927,Executor0,Stage0-1-0,0,0,0,0,0,0,0,0
1781909554927,Executor0,Stage0-2-0,0,0,0,0,0,0,0,0
1781909554927,Executor0,Stage0-3-0,0,0,0,0,0,0,0,0
1781909554978,Executor1,Stage1-0-0,0,0,0,0,0,0,0,0
1781909555176,Executor2,Stage1-3-0,0,0,0,0,0,0,0,0
1781909555204,Executor7,Stage1-1-0,0,0,0,0,0,0,0,0
1781909555367,Executor1,Stage1-2-0,0,0,0,0,0,0,0,0
1781909555370,Executor0,Stage0-0-0,0,0,0,0,0,0,0,0
1781909555620,Executor3,Stage1-0-0,0,0,0,0,0,0,0,0
1781909555927,Executor0,Stage0-0-0,0,0,0,0,0,0,0,0
1781909555927,Executor0,Stage0-1-0,0,0,0,0,0,0,0,0
1781909555927,Executor0,Stage0-2-0,0,0,0,0,0,0,0,0
1781909555927,Executor0,Stage0-3-0,0,0,0,0,0,0,0,0
1781909555978,Executor1,Stage1-0-0,0,0,0,0,0,0,0,0
1781909556176,Executor2,Stage1-3-0,0,0,0,0,0,0,0,0
1781909556204,Executor7,Stage1-1-0,0,0,0,0,0,0,0,0
1781909556367,Executor1,Stage1-2-0,0,0,0,0,0,0,0,0
1781909556370,Executor0,Stage0-0-0,0,0,0,0,0,0,0,0
1781909556621,Executor3,Stage1-0-0,0,0,0,0,0,0,0,0
1781909556927,Executor0,Stage0-0-0,0,0,0,0,0,0,0,0
1781909556927,Executor0,Stage0-1-0,0,0,0,0,0,0,0,0
1781909556927,Executor0,Stage0-2-0,0,0,0,0,0,0,0,0
1781909556927,Executor0,Stage0-3-0,0,0,0,0,0,0,0,0
1781909556978,Executor1,Stage1-0-0,0,0,0,0,0,0,0,0
1781909557176,Executor2,Stage1-3-0,0,0,0,0,0,0,0,0
1781909557204,Executor7,Stage1-1-0,0,0,0,0,0,0,0,0
1781909557367,Executor1,Stage1-2-0,0,0,0,0,0,0,0,0
1781909557370,Executor0,Stage0-0-0,0,0,0,0,0,0,0,0
1781909557621,Executor3,Stage1-0-0,0,0,0,0,0,0,0,0
1781909557927,Executor0,Stage0-0-0,0,0,0,0,0,0,0,0
1781909557927,Executor0,Stage0-1-0,0,0,0,0,0,0,0,0
1781909557927,Executor0,Stage0-2-0,0,0,0,0,0,0,0,0
1781909557927,Executor0,Stage0-3-0,0,0,0,0,0,0,0,0
1781909557978,Executor1,Stage1-0-0,0,0,0,0,0,0,0,0
1781909558176,Executor2,Stage1-3-0,0,0,0,0,0,0,0,0
1781909558204,Executor7,Stage1-1-0,0,0,0,0,0,0,0,0
1781909558367,Executor1,Stage1-2-0,0,0,0,0,0,0,0,0
1781909558370,Executor0,Stage0-0-0,0,0,0,0,0,0,0,0
1781909558621,Executor3,Stage1-0-0,0,0,0,0,0,0,0,0
1781909558927,Executor0,Stage0-0-0,0,0,0,0,0,0,0,0
1781909558927,Executor0,Stage0-1-0,0,0,0,0,0,0,0,0
1781909558927,Executor0,Stage0-2-0,0,0,0,0,0,0,0,0
1781909558927,Executor0,Stage0-3-0,0,0,0,0,0,0,0,0
1781909558978,Executor1,Stage1-0-0,0,0,0,0,0,0,0,0
1781909559176,Executor2,Stage1-3-0,0,0,0,0,0,0,0,0
1781909559204,Executor7,Stage1-1-0,0,0,0,0,0,0,0,0
1781909559367,Executor1,Stage1-2-0,0,0,0,0,0,0,0,0
1781909559370,Executor0,Stage0-0-0,0,0,0,0,0,0,0,0
1781909559620,Executor3,Stage1-0-0,0,0,0,0,0,0,0,0
1781909559927,Executor0,Stage0-0-0,0,0,0,0,0,0,0,0
1781909559927,Executor0,Stage0-1-0,0,0,0,0,0,0,0,0
1781909559927,Executor0,Stage0-2-0,0,0,0,0,0,0,0,0
1781909559927,Executor0,Stage0-3-0,0,0,0,0,0,0,0,0
1781909559978,Executor1,Stage1-0-0,0,0,0,0,0,0,0,0
1781909560176,Executor2,Stage1-3-0,0,0,0,0,0,0,0,0
1781909560204,Executor7,Stage1-1-0,0,0,0,0,0,0,0,0
1781909560367,Executor1,Stage1-2-0,0,0,0,0,0,0,0,0
1781909560370,Executor0,Stage0-0-0,0,0,0,0,0,0,0,0
1781909560621,Executor3,Stage1-0-0,0,0,0,0,0,0,0,0
1781909560927,Executor0,Stage0-0-0,0,0,0,0,0,0,0,0
1781909560927,Executor0,Stage0-1-0,0,0,0,0,0,0,0,0
1781909560927,Executor0,Stage0-2-0,0,0,0,0,0,0,0,0
1781909560927,Executor0,Stage0-3-0,0,0,0,0,0,0,0,0
1781909560978,Executor1,Stage1-0-0,0,0,0,0,0,0,0,0
1781909561176,Executor2,Stage1-3-0,0,0,0,0,0,0,0,0
1781909561204,Executor7,Stage1-1-0,0,0,0,0,0,0,0,0
1781909561367,Executor1,Stage1-2-0,0,0,0,0,0,0,0,0
1781909561370,Executor0,Stage0-0-0,0,0,0,0,0,0,0,0
1781909561620,Executor3,Stage1-0-0,0,0,0,0,0,0,0,0
1781909561927,Executor0,Stage0-0-0,0,0,0,0,0,0,0,0
1781909561927,Executor0,Stage0-1-0,0,0,0,0,0,0,0,0
1781909561927,Executor0,Stage0-2-0,0,0,0,0,0,0,0,0
1781909561927,Executor0,Stage0-3-0,0,0,0,0,0,0,0,0
1781909561978,Executor1,Stage1-0-0,0,0,0,0,0,0,0,0
1781909562176,Executor2,Stage1-3-0,0,0,0,0,0,0,0,0
1781909562204,Executor7,Stage1-1-0,0,0,0,0,0,0,0,0
1781909562367,Executor1,Stage1-2-0,0,0,0,0,0,0,0,0
1781909562370,Executor0,Stage0-0-0,0,0,0,0,0,0,0,0
1781909562620,Executor3,Stage1-0-0,0,0,0,0,0,0,0,0
1781909562927,Executor0,Stage0-0-0,0,0,0,0,0,0,0,0
1781909562927,Executor0,Stage0-1-0,0,0,0,0,0,0,0,0
1781909562927,Executor0,Stage0-2-0,0,0,0,0,0,0,0,0
1781909562927,Executor0,Stage0-3-0,0,0,0,0,0,0,0,0
1781909562978,Executor1,Stage1-0-0,0,0,0,0,0,0,0,0
1781909563176,Executor2,Stage1-3-0,0,0,0,0,0,0,0,0
1781909563204,Executor7,Stage1-1-0,0,0,0,0,0,0,0,0
1781909563367,Executor1,Stage1-2-0,0,0,0,0,0,0,0,0
1781909563370,Executor0,Stage0-0-0,0,0,0,0,0,0,0,0
1781909563620,Executor3,Stage1-0-0,0,0,0,0,0,0,0,0
1781909563927,Executor0,Stage0-0-0,0,0,0,0,0,0,0,0
1781909563927,Executor0,Stage0-1-0,0,0,0,0,0,0,0,0
1781909563927,Executor0,Stage0-2-0,0,0,0,0,0,0,0,0
1781909563927,Executor0,Stage0-3-0,0,0,0,0,0,0,0,0
1781909563978,Executor1,Stage1-0-0,0,0,0,0,0,0,0,0
1781909564176,Executor2,Stage1-3-0,0,0,0,0,0,0,0,0
1781909564204,Executor7,Stage1-1-0,0,0,0,0,0,0,0,0
1781909564367,Executor1,Stage1-2-0,0,0,0,0,0,0,0,0
1781909564370,Executor0,Stage0-0-0,0,0,0,0,0,0,0,0
1781909564621,Executor3,Stage1-0-0,0,0,0,0,0,0,0,0
1781909564927,Executor0,Stage0-0-0,0,0,0,0,0,0,0,0
1781909564927,Executor0,Stage0-1-0,0,0,0,0,0,0,0,0
1781909564927,Executor0,Stage0-2-0,0,0,0,0,0,0,0,0
1781909564927,Executor0,Stage0-3-0,0,0,0,0,0,0,0,0
1781909564978,Executor1,Stage1-0-0,0,0,0,0,0,0,0,0
1781909565176,Executor2,Stage1-3-0,0,0,0,0,0,0,0,0
1781909565204,Executor7,Stage1-1-0,0,0,0,0,0,0,0,0
1781909565367,Executor1,Stage1-2-0,0,0,0,0,0,0,0,0
1781909565370,Executor0,Stage0-0-0,0,0,0,0,0,0,0,0
1781909565620,Executor3,Stage1-0-0,0,0,0,0,0,0,0,0
1781909565927,Executor0,Stage0-0-0,0,0,0,0,0,0,0,0
1781909565927,Executor0,Stage0-1-0,0,0,0,0,0,0,0,0
1781909565927,Executor0,Stage0-2-0,0,0,0,0,0,0,0,0
1781909565927,Executor0,Stage0-3-0,0,0,0,0,0,0,0,0
1781909565978,Executor1,Stage1-0-0,0,0,0,0,0,0,0,0
1781909566176,Executor2,Stage1-3-0,0,0,0,0,0,0,0,0
1781909566204,Executor7,Stage1-1-0,0,0,0,0,0,0,0,0
1781909566367,Executor1,Stage1-2-0,0,0,0,0,0,0,0,0
1781909566370,Executor0,Stage0-0-0,0,0,0,0,0,0,0,0
1781909566621,Executor3,Stage1-0-0,0,0,0,0,0,0,0,0
1781909566927,Executor0,Stage0-0-0,0,0,0,0,0,0,0,0
1781909566927,Executor0,Stage0-1-0,0,0,0,0,0,0,0,0
1781909566927,Executor0,Stage0-2-0,0,0,0,0,0,0,0,0
1781909566927,Executor0,Stage0-3-0,0,0,0,0,0,0,0,0
1781909566978,Executor1,Stage1-0-0,0,0,0,0,0,0,0,0
1781909567176,Executor2,Stage1-3-0,0,0,0,0,0,0,0,0
1781909567204,Executor7,Stage1-1-0,0,0,0,0,0,0,0,0
1781909567367,Executor1,Stage1-2-0,0,0,0,0,0,0,0,0
1781909567370,Executor0,Stage0-0-0,0,0,0,0,0,0,0,0
1781909567620,Executor3,Stage1-0-0,0,0,0,0,0,0,0,0
1781909567927,Executor0,Stage0-0-0,0,0,0,0,0,0,0,0
1781909567927,Executor0,Stage0-1-0,0,0,0,0,0,0,0,0
1781909567927,Executor0,Stage0-2-0,0,0,0,0,0,0,0,0
1781909567927,Executor0,Stage0-3-0,0,0,0,0,0,0,0,0
1781909567978,Executor1,Stage1-0-0,0,0,0,0,0,0,0,0
1781909568176,Executor2,Stage1-3-0,0,0,0,0,0,0,0,0
1781909568204,Executor7,Stage1-1-0,0,0,0,0,0,0,0,0
1781909568367,Executor1,Stage1-2-0,0,0,0,0,0,0,0,0
1781909568370,Executor0,Stage0-0-0,0,0,0,0,0,0,0,0
1781909568620,Executor3,Stage1-0-0,0,0,0,0,0,0,0,0
1781909568927,Executor0,Stage0-0-0,0,0,0,0,0,0,0,0
1781909568927,Executor0,Stage0-1-0,0,0,0,0,0,0,0,0
1781909568927,Executor0,Stage0-2-0,0,0,0,0,0,0,0,0
1781909568927,Executor0,Stage0-3-0,0,0,0,0,0,0,0,0
1781909568978,Executor1,Stage1-0-0,0,0,0,0,0,0,0,0
1781909569176,Executor2,Stage1-3-0,0,0,0,0,0,0,0,0
1781909569204,Executor7,Stage1-1-0,0,0,0,0,0,0,0,0
1781909569367,Executor1,Stage1-2-0,0,0,0,0,0,0,0,0
1781909569370,Executor0,Stage0-0-0,0,0,0,0,0,0,0,0
1781909569621,Executor3,Stage1-0-0,0,0,0,0,0,0,0,0
1781909569927,Executor0,Stage0-0-0,0,0,0,0,0,0,0,0
1781909569927,Executor0,Stage0-1-0,0,0,0,0,0,0,0,0
1781909569927,Executor0,Stage0-2-0,0,0,0,0,0,0,0,0
1781909569927,Executor0,Stage0-3-0,0,0,0,0,0,0,0,0
1781909569978,Executor1,Stage1-0-0,0,0,0,0,0,0,0,0
1781909570176,Executor2,Stage1-3-0,0,0,0,0,0,0,0,0
1781909570204,Executor7,Stage1-1-0,0,0,0,0,0,0,0,0
1781909570367,Executor1,Stage1-2-0,0,0,0,0,0,0,0,0
1781909570370,Executor0,Stage0-0-0,0,0,0,0,0,0,0,0
1781909570621,Executor3,Stage1-0-0,0,0,0,0,0,0,0,0
1781909570927,Executor0,Stage0-0-0,0,0,0,0,0,0,0,0
1781909570927,Executor0,Stage0-1-0,0,0,0,0,0,0,0,0
1781909570927,Executor0,Stage0-2-0,0,0,0,0,0,0,0,0
1781909570927,Executor0,Stage0-3-0,0,0,0,0,0,0,0,0
1781909570978,Executor1,Stage1-0-0,0,0,0,0,0,0,0,0
1781909571176,Executor2,Stage1-3-0,0,0,0,0,0,0,0,0
1781909571204,Executor7,Stage1-1-0,0,0,0,0,0,0,0,0
1781909571367,Executor1,Stage1-2-0,0,0,0,0,0,0,0,0
1781909571370,Executor0,Stage0-0-0,0,0,0,0,0,0,0,0
1781909571620,Executor3,Stage1-0-0,0,0,0,0,0,0,0,0
1781909571928,Executor0,Stage0-0-0,0,0,0,0,0,0,0,0
1781909571928,Executor0,Stage0-1-0,0,0,0,0,0,0,0,0
1781909571928,Executor0,Stage0-2-0,0,0,0,0,0,0,0,0
1781909571928,Executor0,Stage0-3-0,0,0,0,0,0,0,0,0
1781909571978,Executor1,Stage1-0-0,0,0,0,0,0,0,0,0
1781909572176,Executor2,Stage1-3-0,0,0,0,0,0,0,0,0
1781909572204,Executor7,Stage1-1-0,0,0,0,0,0,0,0,0
1781909572367,Executor1,Stage1-2-0,0,0,0,0,0,0,0,0
1781909572370,Executor0,Stage0-0-0,0,0,0,0,0,0,0,0
1781909572621,Executor3,Stage1-0-0,0,0,0,0,0,0,0,0
1781909572927,Executor0,Stage0-0-0,0,0,0,0,0,0,0,0
1781909572927,Executor0,Stage0-1-0,0,0,0,0,0,0,0,0
1781909572927,Executor0,Stage0-2-0,0,0,0,0,0,0,0,0
1781909572927,Executor0,Stage0-3-0,0,0,0,0,0,0,0,0
1781909572978,Executor1,Stage1-0-0,0,0,0,0,0,0,0,0
1781909573176,Executor2,Stage1-3-0,0,0,0,0,0,0,0,0
1781909573204,Executor7,Stage1-1-0,0,0,0,0,0,0,0,0
1781909573367,Executor1,Stage1-2-0,0,0,0,0,0,0,0,0
1781909573370,Executor0,Stage0-0-0,0,0,0,0,0,0,0,0
1781909573620,Executor3,Stage1-0-0,0,0,0,0,0,0,0,0
1781909573927,Executor0,Stage0-0-0,0,0,0,0,0,0,0,0
1781909573927,Executor0,Stage0-1-0,0,0,0,0,0,0,0,0
1781909573927,Executor0,Stage0-2-0,0,0,0,0,0,0,0,0
1781909573927,Executor0,Stage0-3-0,0,0,0,0,0,0,0,0
1781909573978,Executor1,Stage1-0-0,0,0,0,0,0,0,0,0
1781909574176,Executor2,Stage1-3-0,0,0,0,0,0,0,0,0
1781909574204,Executor7,Stage1-1-0,0,0,0,0,0,0,0,0
1781909574367,Executor1,Stage1-2-0,0,0,0,0,0,0,0,0
1781909574370,Executor0,Stage0-0-0,0,0,0,0,0,0,0,0
1781909574637,Executor3,Stage1-0-0,0,0,0,0,0,0,0,0
1781909574927,Executor0,Stage0-0-0,0,0,0,0,0,0,0,0
1781909574927,Executor0,Stage0-1-0,0,0,0,0,0,0,0,0
1781909574927,Executor0,Stage0-2-0,0,0,0,0,0,0,0,0
1781909574927,Executor0,Stage0-3-0,0,0,0,0,0,0,0,0
1781909574978,Executor1,Stage1-0-0,0,0,0,0,0,0,0,0
1781909575176,Executor2,Stage1-3-0,0,0,0,0,0,0,0,0
1781909575204,Executor7,Stage1-1-0,0,0,0,0,0,0,0,0
1781909575367,Executor1,Stage1-2-0,0,0,0,0,0,0,0,0
1781909575370,Executor0,Stage0-0-0,0,0,0,0,0,0,0,0
1781909575620,Executor3,Stage1-0-0,0,0,0,0,0,0,0,0
1781909575927,Executor0,Stage0-0-0,0,0,0,0,0,0,0,0
1781909575927,Executor0,Stage0-1-0,0,0,0,0,0,0,0,0
1781909575927,Executor0,Stage0-2-0,0,0,0,0,0,0,0,0
1781909575927,Executor0,Stage0-3-0,0,0,0,0,0,0,0,0
1781909575978,Executor1,Stage1-0-0,0,0,0,0,0,0,0,0
1781909576176,Executor2,Stage1-3-0,0,0,0,0,0,0,0,0
1781909576204,Executor7,Stage1-1-0,0,0,0,0,0,0,0,0
1781909576367,Executor1,Stage1-2-0,0,0,0,0,0,0,0,0
1781909576370,Executor0,Stage0-0-0,0,0,0,0,0,0,0,0
1781909576620,Executor3,Stage1-0-0,0,0,0,0,0,0,0,0
1781909576927,Executor0,Stage0-0-0,0,0,0,0,0,0,0,0
1781909576927,Executor0,Stage0-1-0,0,0,0,0,0,0,0,0
1781909576927,Executor0,Stage0-2-0,0,0,0,0,0,0,0,0
1781909576927,Executor0,Stage0-3-0,0,0,0,0,0,0,0,0
1781909576978,Executor1,Stage1-0-0,0,0,0,0,0,0,0,0
1781909577176,Executor2,Stage1-3-0,0,0,0,0,0,0,0,0
1781909577204,Executor7,Stage1-1-0,0,0,0,0,0,0,0,0
1781909577367,Executor1,Stage1-2-0,0,0,0,0,0,0,0,0
1781909577370,Executor0,Stage0-0-0,0,0,0,0,0,0,0,0
1781909577620,Executor3,Stage1-0-0,0,0,0,0,0,0,0,0
1781909577927,Executor0,Stage0-0-0,0,0,0,0,0,0,0,0
1781909577927,Executor0,Stage0-1-0,0,0,0,0,0,0,0,0
1781909577927,Executor0,Stage0-2-0,0,0,0,0,0,0,0,0
1781909577927,Executor0,Stage0-3-0,0,0,0,0,0,0,0,0
1781909577978,Executor1,Stage1-0-0,0,0,0,0,0,0,0,0
1781909578176,Executor2,Stage1-3-0,0,0,0,0,0,0,0,0
1781909578204,Executor7,Stage1-1-0,0,0,0,0,0,0,0,0
1781909578367,Executor1,Stage1-2-0,0,0,0,0,0,0,0,0
1781909578370,Executor0,Stage0-0-0,0,0,0,0,0,0,0,0
1781909578620,Executor3,Stage1-0-0,0,0,0,0,0,0,0,0
1781909578927,Executor0,Stage0-0-0,0,0,0,0,0,0,0,0
1781909578927,Executor0,Stage0-1-0,0,0,0,0,0,0,0,0
1781909578927,Executor0,Stage0-2-0,0,0,0,0,0,0,0,0
1781909578927,Executor0,Stage0-3-0,0,0,0,0,0,0,0,0
1781909578978,Executor1,Stage1-0-0,0,0,0,0,0,0,0,0
1781909579176,Executor2,Stage1-3-0,0,0,0,0,0,0,0,0
1781909579204,Executor7,Stage1-1-0,0,0,0,0,0,0,0,0
1781909579367,Executor1,Stage1-2-0,0,0,0,0,0,0,0,0
1781909579370,Executor0,Stage0-0-0,0,0,0,0,0,0,0,0
1781909579621,Executor3,Stage1-0-0,0,0,0,0,0,0,0,0
1781909579927,Executor0,Stage0-0-0,0,0,0,0,0,0,0,0
1781909579927,Executor0,Stage0-1-0,0,0,0,0,0,0,0,0
1781909579927,Executor0,Stage0-2-0,0,0,0,0,0,0,0,0
1781909579927,Executor0,Stage0-3-0,0,0,0,0,0,0,0,0
1781909579978,Executor1,Stage1-0-0,0,0,0,0,0,0,0,0
1781909580176,Executor2,Stage1-3-0,0,0,0,0,0,0,0,0
1781909580204,Executor7,Stage1-1-0,0,0,0,0,0,0,0,0
1781909580367,Executor1,Stage1-2-0,0,0,0,0,0,0,0,0
1781909580370,Executor0,Stage0-0-0,0,0,0,0,0,0,0,0
1781909580620,Executor3,Stage1-0-0,0,0,0,0,0,0,0,0
1781909580927,Executor0,Stage0-0-0,0,0,0,0,0,0,0,0
1781909580927,Executor0,Stage0-1-0,0,0,0,0,0,0,0,0
1781909580927,Executor0,Stage0-2-0,0,0,0,0,0,0,0,0
1781909580927,Executor0,Stage0-3-0,0,0,0,0,0,0,0,0
1781909580978,Executor1,Stage1-0-0,0,0,0,0,0,0,0,0
1781909581176,Executor2,Stage1-3-0,0,0,0,0,0,0,0,0
1781909581204,Executor7,Stage1-1-0,0,0,0,0,0,0,0,0
1781909581367,Executor1,Stage1-2-0,0,0,0,0,0,0,0,0
1781909581370,Executor0,Stage0-0-0,0,0,0,0,0,0,0,0
1781909581620,Executor3,Stage1-0-0,0,0,0,0,0,0,0,0
1781909581927,Executor0,Stage0-0-0,0,0,0,0,0,0,0,0
1781909581927,Executor0,Stage0-1-0,0,0,0,0,0,0,0,0
1781909581927,Executor0,Stage0-2-0,0,0,0,0,0,0,0,0
1781909581927,Executor0,Stage0-3-0,0,0,0,0,0,0,0,0
1781909581978,Executor1,Stage1-0-0,0,0,0,0,0,0,0,0
1781909582176,Executor2,Stage1-3-0,0,0,0,0,0,0,0,0
1781909582204,Executor7,Stage1-1-0,0,0,0,0,0,0,0,0
1781909582367,Executor1,Stage1-2-0,0,0,0,0,0,0,0,0
1781909582370,Executor0,Stage0-0-0,0,0,0,0,0,0,0,0
1781909582620,Executor3,Stage1-0-0,0,0,0,0,0,0,0,0
1781909582927,Executor0,Stage0-0-0,0,0,0,0,0,0,0,0
1781909582927,Executor0,Stage0-1-0,0,0,0,0,0,0,0,0
1781909582927,Executor0,Stage0-2-0,0,0,0,0,0,0,0,0
1781909582927,Executor0,Stage0-3-0,0,0,0,0,0,0,0,0
1781909582978,Executor1,Stage1-0-0,0,0,0,0,0,0,0,0
1781909583176,Executor2,Stage1-3-0,0,0,0,0,0,0,0,0
1781909583204,Executor7,Stage1-1-0,0,0,0,0,0,0,0,0
1781909583367,Executor1,Stage1-2-0,0,0,0,0,0,0,0,0
1781909583370,Executor0,Stage0-0-0,0,0,0,0,0,0,0,0
1781909583621,Executor3,Stage1-0-0,0,0,0,0,0,0,0,0
1781909583927,Executor0,Stage0-0-0,0,0,0,0,0,0,0,0
1781909583927,Executor0,Stage0-1-0,0,0,0,0,0,0,0,0
1781909583927,Executor0,Stage0-2-0,0,0,0,0,0,0,0,0
1781909583927,Executor0,Stage0-3-0,0,0,0,0,0,0,0,0
1781909583978,Executor1,Stage1-0-0,0,0,0,0,0,0,0,0
1781909584176,Executor2,Stage1-3-0,0,0,0,0,0,0,0,0
1781909584204,Executor7,Stage1-1-0,0,0,0,0,0,0,0,0
1781909584367,Executor1,Stage1-2-0,0,0,0,0,0,0,0,0
1781909584370,Executor0,Stage0-0-0,0,0,0,0,0,0,0,0
1781909584620,Executor3,Stage1-0-0,0,0,0,0,0,0,0,0
1781909584927,Executor0,Stage0-0-0,0,0,0,0,0,0,0,0
1781909584927,Executor0,Stage0-1-0,0,0,0,0,0,0,0,0
1781909584927,Executor0,Stage0-2-0,0,0,0,0,0,0,0,0
1781909584927,Executor0,Stage0-3-0,0,0,0,0,0,0,0,0
1781909584978,Executor1,Stage1-0-0,0,0,0,0,0,0,0,0
1781909585176,Executor2,Stage1-3-0,0,0,0,0,0,0,0,0
1781909585204,Executor7,Stage1-1-0,0,0,0,0,0,0,0,0
1781909585367,Executor1,Stage1-2-0,0,0,0,0,0,0,0,0
1781909585370,Executor0,Stage0-0-0,0,0,0,0,0,0,0,0
1781909585620,Executor3,Stage1-0-0,0,0,0,0,0,0,0,0
1781909585927,Executor0,Stage0-0-0,0,0,0,0,0,0,0,0
1781909585927,Executor0,Stage0-1-0,0,0,0,0,0,0,0,0
1781909585927,Executor0,Stage0-2-0,0,0,0,0,0,0,0,0
1781909585927,Executor0,Stage0-3-0,0,0,0,0,0,0,0,0
1781909585978,Executor1,Stage1-0-0,0,0,0,0,0,0,0,0
1781909586176,Executor2,Stage1-3-0,0,0,0,0,0,0,0,0
1781909586204,Executor7,Stage1-1-0,0,0,0,0,0,0,0,0
1781909586367,Executor1,Stage1-2-0,0,0,0,0,0,0,0,0
1781909586370,Executor0,Stage0-0-0,0,0,0,0,0,0,0,0
1781909586621,Executor3,Stage1-0-0,0,0,0,0,0,0,0,0
1781909586927,Executor0,Stage0-0-0,0,0,0,0,0,0,0,0
1781909586927,Executor0,Stage0-1-0,0,0,0,0,0,0,0,0
1781909586927,Executor0,Stage0-2-0,0,0,0,0,0,0,0,0
1781909586927,Executor0,Stage0-3-0,0,0,0,0,0,0,0,0
1781909586978,Executor1,Stage1-0-0,0,0,0,0,0,0,0,0
1781909587176,Executor2,Stage1-3-0,0,0,0,0,0,0,0,0
1781909587204,Executor7,Stage1-1-0,0,0,0,0,0,0,0,0
1781909587367,Executor1,Stage1-2-0,0,0,0,0,0,0,0,0
1781909587370,Executor0,Stage0-0-0,0,0,0,0,0,0,0,0
1781909587621,Executor3,Stage1-0-0,0,0,0,0,0,0,0,0
1781909587927,Executor0,Stage0-0-0,0,0,0,0,0,0,0,0
1781909587927,Executor0,Stage0-1-0,0,0,0,0,0,0,0,0
1781909587927,Executor0,Stage0-2-0,0,0,0,0,0,0,0,0
1781909587927,Executor0,Stage0-3-0,0,0,0,0,0,0,0,0
1781909587978,Executor1,Stage1-0-0,0,0,0,0,0,0,0,0
1781909588176,Executor2,Stage1-3-0,0,0,0,0,0,0,0,0
1781909588204,Executor7,Stage1-1-0,0,0,0,0,0,0,0,0
1781909588367,Executor1,Stage1-2-0,0,0,0,0,0,0,0,0
1781909588370,Executor0,Stage0-0-0,0,0,0,0,0,0,0,0
1781909588621,Executor3,Stage1-0-0,0,0,0,0,0,0,0,0
1781909588927,Executor0,Stage0-0-0,0,0,0,0,0,0,0,0
1781909588927,Executor0,Stage0-1-0,0,0,0,0,0,0,0,0
1781909588927,Executor0,Stage0-2-0,0,0,0,0,0,0,0,0
1781909588927,Executor0,Stage0-3-0,0,0,0,0,0,0,0,0
1781909588978,Executor1,Stage1-0-0,0,0,0,0,0,0,0,0
1781909589176,Executor2,Stage1-3-0,0,0,0,0,0,0,0,0
1781909589204,Executor7,Stage1-1-0,0,0,0,0,0,0,0,0
1781909589367,Executor1,Stage1-2-0,0,0,0,0,0,0,0,0
1781909589370,Executor0,Stage0-0-0,0,0,0,0,0,0,0,0
1781909589620,Executor3,Stage1-0-0,0,0,0,0,0,0,0,0
1781909589927,Executor0,Stage0-0-0,0,0,0,0,0,0,0,0
1781909589927,Executor0,Stage0-1-0,0,0,0,0,0,0,0,0
1781909589927,Executor0,Stage0-2-0,0,0,0,0,0,0,0,0
1781909589927,Executor0,Stage0-3-0,0,0,0,0,0,0,0,0
1781909589978,Executor1,Stage1-0-0,0,0,0,0,0,0,0,0
1781909590176,Executor2,Stage1-3-0,0,0,0,0,0,0,0,0
1781909590204,Executor7,Stage1-1-0,0,0,0,0,0,0,0,0
1781909590367,Executor1,Stage1-2-0,0,0,0,0,0,0,0,0
1781909590370,Executor0,Stage0-0-0,0,0,0,0,0,0,0,0
1781909590621,Executor3,Stage1-0-0,0,0,0,0,0,0,0,0
1781909590927,Executor0,Stage0-0-0,0,0,0,0,0,0,0,0
1781909590927,Executor0,Stage0-1-0,0,0,0,0,0,0,0,0
1781909590927,Executor0,Stage0-2-0,0,0,0,0,0,0,0,0
1781909590927,Executor0,Stage0-3-0,0,0,0,0,0,0,0,0
1781909590978,Executor1,Stage1-0-0,0,0,0,0,0,0,0,0
1781909591176,Executor2,Stage1-3-0,0,0,0,0,0,0,0,0
1781909591204,Executor7,Stage1-1-0,0,0,0,0,0,0,0,0
1781909591367,Executor1,Stage1-2-0,0,0,0,0,0,0,0,0
1781909591370,Executor0,Stage0-0-0,0,0,0,0,0,0,0,0
1781909591620,Executor3,Stage1-0-0,0,0,0,0,0,0,0,0
1781909591927,Executor0,Stage0-0-0,0,0,0,0,0,0,0,0
1781909591927,Executor0,Stage0-1-0,0,0,0,0,0,0,0,0
1781909591927,Executor0,Stage0-2-0,0,0,0,0,0,0,0,0
1781909591927,Executor0,Stage0-3-0,0,0,0,0,0,0,0,0
1781909591978,Executor1,Stage1-0-0,0,0,0,0,0,0,0,0
1781909592176,Executor2,Stage1-3-0,0,0,0,0,0,0,0,0
1781909592204,Executor7,Stage1-1-0,0,0,0,0,0,0,0,0
1781909592367,Executor1,Stage1-2-0,0,0,0,0,0,0,0,0
1781909592370,Executor0,Stage0-0-0,0,0,0,0,0,0,0,0
1781909592620,Executor3,Stage1-0-0,0,0,0,0,0,0,0,0
1781909592927,Executor0,Stage0-0-0,0,0,0,0,0,0,0,0
1781909592927,Executor0,Stage0-1-0,0,0,0,0,0,0,0,0
1781909592927,Executor0,Stage0-2-0,0,0,0,0,0,0,0,0
1781909592927,Executor0,Stage0-3-0,0,0,0,0,0,0,0,0
1781909592978,Executor1,Stage1-0-0,0,0,0,0,0,0,0,0
1781909593176,Executor2,Stage1-3-0,0,0,0,0,0,0,0,0
1781909593204,Executor7,Stage1-1-0,0,0,0,0,0,0,0,0
1781909593367,Executor1,Stage1-2-0,0,0,0,0,0,0,0,0
1781909593370,Executor0,Stage0-0-0,0,0,0,0,0,0,0,0
1781909593621,Executor3,Stage1-0-0,0,0,0,0,0,0,0,0
1781909593927,Executor0,Stage0-0-0,0,0,0,0,0,0,0,0
1781909593927,Executor0,Stage0-1-0,0,0,0,0,0,0,0,0
1781909593927,Executor0,Stage0-2-0,0,0,0,0,0,0,0,0
1781909593927,Executor0,Stage0-3-0,0,0,0,0,0,0,0,0
1781909593978,Executor1,Stage1-0-0,0,0,0,0,0,0,0,0
1781909594176,Executor2,Stage1-3-0,0,0,0,0,0,0,0,0
1781909594204,Executor7,Stage1-1-0,0,0,0,0,0,0,0,0
1781909594367,Executor1,Stage1-2-0,0,0,0,0,0,0,0,0
1781909594370,Executor0,Stage0-0-0,0,0,0,0,0,0,0,0
1781909594620,Executor3,Stage1-0-0,0,0,0,0,0,0,0,0
1781909594927,Executor0,Stage0-0-0,0,0,0,0,0,0,0,0
1781909594927,Executor0,Stage0-1-0,0,0,0,0,0,0,0,0
1781909594927,Executor0,Stage0-2-0,0,0,0,0,0,0,0,0
1781909594927,Executor0,Stage0-3-0,0,0,0,0,0,0,0,0
1781909594978,Executor1,Stage1-0-0,0,0,0,0,0,0,0,0
1781909595176,Executor2,Stage1-3-0,0,0,0,0,0,0,0,0
1781909595204,Executor7,Stage1-1-0,0,0,0,0,0,0,0,0
1781909595367,Executor1,Stage1-2-0,0,0,0,0,0,0,0,0
1781909595370,Executor0,Stage0-0-0,0,0,0,0,0,0,0,0
1781909595620,Executor3,Stage1-0-0,0,0,0,0,0,0,0,0
1781909595927,Executor0,Stage0-0-0,0,0,0,0,0,0,0,0
1781909595927,Executor0,Stage0-1-0,0,0,0,0,0,0,0,0
1781909595927,Executor0,Stage0-2-0,0,0,0,0,0,0,0,0
1781909595927,Executor0,Stage0-3-0,0,0,0,0,0,0,0,0
1781909595978,Executor1,Stage1-0-0,0,0,0,0,0,0,0,0
1781909596176,Executor2,Stage1-3-0,0,0,0,0,0,0,0,0
1781909596204,Executor7,Stage1-1-0,0,0,0,0,0,0,0,0
1781909596367,Executor1,Stage1-2-0,0,0,0,0,0,0,0,0
1781909596370,Executor0,Stage0-0-0,0,0,0,0,0,0,0,0
1781909596620,Executor3,Stage1-0-0,0,0,0,0,0,0,0,0
1781909596927,Executor0,Stage0-0-0,0,0,0,0,0,0,0,0
1781909596927,Executor0,Stage0-1-0,0,0,0,0,0,0,0,0
1781909596927,Executor0,Stage0-2-0,0,0,0,0,0,0,0,0
1781909596927,Executor0,Stage0-3-0,0,0,0,0,0,0,0,0
1781909596978,Executor1,Stage1-0-0,0,0,0,0,0,0,0,0
1781909597176,Executor2,Stage1-3-0,0,0,0,0,0,0,0,0
1781909597204,Executor7,Stage1-1-0,0,0,0,0,0,0,0,0
1781909597367,Executor1,Stage1-2-0,0,0,0,0,0,0,0,0
1781909597370,Executor0,Stage0-0-0,0,0,0,0,0,0,0,0
1781909597620,Executor3,Stage1-0-0,0,0,0,0,0,0,0,0
1781909597927,Executor0,Stage0-0-0,0,0,0,0,0,0,0,0
1781909597927,Executor0,Stage0-1-0,0,0,0,0,0,0,0,0
1781909597927,Executor0,Stage0-2-0,0,0,0,0,0,0,0,0
1781909597927,Executor0,Stage0-3-0,0,0,0,0,0,0,0,0
1781909597978,Executor1,Stage1-0-0,0,0,0,0,0,0,0,0
1781909598176,Executor2,Stage1-3-0,0,0,0,0,0,0,0,0
1781909598204,Executor7,Stage1-1-0,0,0,0,0,0,0,0,0
1781909598367,Executor1,Stage1-2-0,0,0,0,0,0,0,0,0
1781909598370,Executor0,Stage0-0-0,0,0,0,0,0,0,0,0
1781909598620,Executor3,Stage1-0-0,0,0,0,0,0,0,0,0
1781909598927,Executor0,Stage0-0-0,0,0,0,0,0,0,0,0
1781909598927,Executor0,Stage0-1-0,0,0,0,0,0,0,0,0
1781909598927,Executor0,Stage0-2-0,0,0,0,0,0,0,0,0
1781909598927,Executor0,Stage0-3-0,0,0,0,0,0,0,0,0
1781909598978,Executor1,Stage1-0-0,0,0,0,0,0,0,0,0
1781909599176,Executor2,Stage1-3-0,0,0,0,0,0,0,0,0
1781909599204,Executor7,Stage1-1-0,0,0,0,0,0,0,0,0
1781909599367,Executor1,Stage1-2-0,0,0,0,0,0,0,0,0
1781909599370,Executor0,Stage0-0-0,0,0,0,0,0,0,0,0
1781909599620,Executor3,Stage1-0-0,0,0,0,0,0,0,0,0
1781909599927,Executor0,Stage0-0-0,0,0,0,0,0,0,0,0
1781909599927,Executor0,Stage0-1-0,0,0,0,0,0,0,0,0
1781909599927,Executor0,Stage0-2-0,0,0,0,0,0,0,0,0
1781909599927,Executor0,Stage0-3-0,0,0,0,0,0,0,0,0
1781909599978,Executor1,Stage1-0-0,0,0,0,0,0,0,0,0
1781909600176,Executor2,Stage1-3-0,0,0,0,0,0,0,0,0
1781909600204,Executor7,Stage1-1-0,0,0,0,0,0,0,0,0
1781909600367,Executor1,Stage1-2-0,0,0,0,0,0,0,0,0
1781909600370,Executor0,Stage0-0-0,0,0,0,0,0,0,0,0
1781909600620,Executor3,Stage1-0-0,0,0,0,0,0,0,0,0
1781909600927,Executor0,Stage0-0-0,0,0,0,0,0,0,0,0
1781909600927,Executor0,Stage0-1-0,0,0,0,0,0,0,0,0
1781909600927,Executor0,Stage0-2-0,0,0,0,0,0,0,0,0
1781909600927,Executor0,Stage0-3-0,0,0,0,0,0,0,0,0
1781909600978,Executor1,Stage1-0-0,0,0,0,0,0,0,0,0
1781909601176,Executor2,Stage1-3-0,0,0,0,0,0,0,0,0
1781909601204,Executor7,Stage1-1-0,0,0,0,0,0,0,0,0
1781909601367,Executor1,Stage1-2-0,0,0,0,0,0,0,0,0
1781909601370,Executor0,Stage0-0-0,0,0,0,0,0,0,0,0
1781909601620,Executor3,Stage1-0-0,0,0,0,0,0,0,0,0
1781909601927,Executor0,Stage0-0-0,0,0,0,0,0,0,0,0
1781909601927,Executor0,Stage0-1-0,0,0,0,0,0,0,0,0
1781909601927,Executor0,Stage0-2-0,0,0,0,0,0,0,0,0
1781909601927,Executor0,Stage0-3-0,0,0,0,0,0,0,0,0
1781909601978,Executor1,Stage1-0-0,0,0,0,0,0,0,0,0
1781909602176,Executor2,Stage1-3-0,0,0,0,0,0,0,0,0
1781909602204,Executor7,Stage1-1-0,0,0,0,0,0,0,0,0
1781909602367,Executor1,Stage1-2-0,0,0,0,0,0,0,0,0
1781909602370,Executor0,Stage0-0-0,0,0,0,0,0,0,0,0
1781909602620,Executor3,Stage1-0-0,0,0,0,0,0,0,0,0
1781909602927,Executor0,Stage0-0-0,0,0,0,0,0,0,0,0
1781909602927,Executor0,Stage0-1-0,0,0,0,0,0,0,0,0
1781909602927,Executor0,Stage0-2-0,0,0,0,0,0,0,0,0
1781909602927,Executor0,Stage0-3-0,0,0,0,0,0,0,0,0
1781909602978,Executor1,Stage1-0-0,0,0,0,0,0,0,0,0
1781909603176,Executor2,Stage1-3-0,0,0,0,0,0,0,0,0
1781909603204,Executor7,Stage1-1-0,0,0,0,0,0,0,0,0
1781909603367,Executor1,Stage1-2-0,0,0,0,0,0,0,0,0
1781909603370,Executor0,Stage0-0-0,0,0,0,0,0,0,0,0
1781909603620,Executor3,Stage1-0-0,0,0,0,0,0,0,0,0
1781909603927,Executor0,Stage0-0-0,0,0,0,0,0,0,0,0
1781909603927,Executor0,Stage0-1-0,0,0,0,0,0,0,0,0
1781909603927,Executor0,Stage0-2-0,0,0,0,0,0,0,0,0
1781909603927,Executor0,Stage0-3-0,0,0,0,0,0,0,0,0
1781909603978,Executor1,Stage1-0-0,0,0,0,0,0,0,0,0
1781909604176,Executor2,Stage1-3-0,0,0,0,0,0,0,0,0
1781909604204,Executor7,Stage1-1-0,0,0,0,0,0,0,0,0
1781909604367,Executor1,Stage1-2-0,0,0,0,0,0,0,0,0
1781909604370,Executor0,Stage0-0-0,0,0,0,0,0,0,0,0
1781909604620,Executor3,Stage1-0-0,0,0,0,0,0,0,0,0
1781909604927,Executor0,Stage0-0-0,0,0,0,0,0,0,0,0
1781909604927,Executor0,Stage0-1-0,0,0,0,0,0,0,0,0
1781909604927,Executor0,Stage0-2-0,0,0,0,0,0,0,0,0
1781909604927,Executor0,Stage0-3-0,0,0,0,0,0,0,0,0
1781909604978,Executor1,Stage1-0-0,0,0,0,0,0,0,0,0
1781909605176,Executor2,Stage1-3-0,0,0,0,0,0,0,0,0
1781909605204,Executor7,Stage1-1-0,0,0,0,0,0,0,0,0
1781909605367,Executor1,Stage1-2-0,0,0,0,0,0,0,0,0
1781909605370,Executor0,Stage0-0-0,0,0,0,0,0,0,0,0
1781909605620,Executor3,Stage1-0-0,0,0,0,0,0,0,0,0
1781909605927,Executor0,Stage0-0-0,0,0,0,0,0,0,0,0
1781909605927,Executor0,Stage0-1-0,0,0,0,0,0,0,0,0
1781909605927,Executor0,Stage0-2-0,0,0,0,0,0,0,0,0
1781909605927,Executor0,Stage0-3-0,0,0,0,0,0,0,0,0
1781909605978,Executor1,Stage1-0-0,0,0,0,0,0,0,0,0
1781909606176,Executor2,Stage1-3-0,0,0,0,0,0,0,0,0
1781909606204,Executor7,Stage1-1-0,0,0,0,0,0,0,0,0
1781909606367,Executor1,Stage1-2-0,0,0,0,0,0,0,0,0
1781909606370,Executor0,Stage0-0-0,0,0,0,0,0,0,0,0
1781909606620,Executor3,Stage1-0-0,0,0,0,0,0,0,0,0
1781909606927,Executor0,Stage0-0-0,0,0,0,0,0,0,0,0
1781909606927,Executor0,Stage0-1-0,0,0,0,0,0,0,0,0
1781909606927,Executor0,Stage0-2-0,0,0,0,0,0,0,0,0
1781909606927,Executor0,Stage0-3-0,0,0,0,0,0,0,0,0
1781909606978,Executor1,Stage1-0-0,0,0,0,0,0,0,0,0
1781909607176,Executor2,Stage1-3-0,0,0,0,0,0,0,0,0
1781909607204,Executor7,Stage1-1-0,0,0,0,0,0,0,0,0
1781909607368,Executor1,Stage1-2-0,0,0,0,0,0,0,0,0
1781909607370,Executor0,Stage0-0-0,0,0,0,0,0,0,0,0
1781909607620,Executor3,Stage1-0-0,0,0,0,0,0,0,0,0
1781909607927,Executor0,Stage0-0-0,0,0,0,0,0,0,0,0
1781909607927,Executor0,Stage0-1-0,0,0,0,0,0,0,0,0
1781909607927,Executor0,Stage0-2-0,0,0,0,0,0,0,0,0
1781909607927,Executor0,Stage0-3-0,0,0,0,0,0,0,0,0
1781909607978,Executor1,Stage1-0-0,0,0,0,0,0,0,0,0
1781909608176,Executor2,Stage1-3-0,0,0,0,0,0,0,0,0
1781909608204,Executor7,Stage1-1-0,0,0,0,0,0,0,0,0
1781909608367,Executor1,Stage1-2-0,0,0,0,0,0,0,0,0
1781909608370,Executor0,Stage0-0-0,0,0,0,0,0,0,0,0
1781909608621,Executor3,Stage1-0-0,0,0,0,0,0,0,0,0
1781909608927,Executor0,Stage0-0-0,0,0,0,0,0,0,0,0
1781909608927,Executor0,Stage0-1-0,0,0,0,0,0,0,0,0
1781909608927,Executor0,Stage0-2-0,0,0,0,0,0,0,0,0
1781909608927,Executor0,Stage0-3-0,0,0,0,0,0,0,0,0
1781909608978,Executor1,Stage1-0-0,0,0,0,0,0,0,0,0
1781909609176,Executor2,Stage1-3-0,0,0,0,0,0,0,0,0
1781909609204,Executor7,Stage1-1-0,0,0,0,0,0,0,0,0
1781909609367,Executor1,Stage1-2-0,0,0,0,0,0,0,0,0
1781909609370,Executor0,Stage0-0-0,0,0,0,0,0,0,0,0
1781909609620,Executor3,Stage1-0-0,0,0,0,0,0,0,0,0
1781909609927,Executor0,Stage0-0-0,0,0,0,0,0,0,0,0
1781909609927,Executor0,Stage0-1-0,0,0,0,0,0,0,0,0
1781909609927,Executor0,Stage0-2-0,0,0,0,0,0,0,0,0
1781909609927,Executor0,Stage0-3-0,0,0,0,0,0,0,0,0
1781909609978,Executor1,Stage1-0-0,0,0,0,0,0,0,0,0
1781909610176,Executor2,Stage1-3-0,0,0,0,0,0,0,0,0
1781909610204,Executor7,Stage1-1-0,0,0,0,0,0,0,0,0
1781909610367,Executor1,Stage1-2-0,0,0,0,0,0,0,0,0
1781909610370,Executor0,Stage0-0-0,0,0,0,0,0,0,0,0
1781909610620,Executor3,Stage1-0-0,0,0,0,0,0,0,0,0
1781909610927,Executor0,Stage0-0-0,0,0,0,0,0,0,0,0
1781909610927,Executor0,Stage0-1-0,0,0,0,0,0,0,0,0
1781909610927,Executor0,Stage0-2-0,0,0,0,0,0,0,0,0
1781909610927,Executor0,Stage0-3-0,0,0,0,0,0,0,0,0
1781909610978,Executor1,Stage1-0-0,0,0,0,0,0,0,0,0
1781909611176,Executor2,Stage1-3-0,0,0,0,0,0,0,0,0
1781909611204,Executor7,Stage1-1-0,0,0,0,0,0,0,0,0
1781909611367,Executor1,Stage1-2-0,0,0,0,0,0,0,0,0
1781909611370,Executor0,Stage0-0-0,0,0,0,0,0,0,0,0
1781909611620,Executor3,Stage1-0-0,0,0,0,0,0,0,0,0
1781909611927,Executor0,Stage0-0-0,0,0,0,0,0,0,0,0
1781909611927,Executor0,Stage0-1-0,0,0,0,0,0,0,0,0
1781909611927,Executor0,Stage0-2-0,0,0,0,0,0,0,0,0
1781909611927,Executor0,Stage0-3-0,0,0,0,0,0,0,0,0
1781909611978,Executor1,Stage1-0-0,0,0,0,0,0,0,0,0
1781909612176,Executor2,Stage1-3-0,0,0,0,0,0,0,0,0
1781909612204,Executor7,Stage1-1-0,0,0,0,0,0,0,0,0
1781909612367,Executor1,Stage1-2-0,0,0,0,0,0,0,0,0
1781909612370,Executor0,Stage0-0-0,0,0,0,0,0,0,0,0
1781909612620,Executor3,Stage1-0-0,0,0,0,0,0,0,0,0
1781909612927,Executor0,Stage0-0-0,0,0,0,0,0,0,0,0
1781909612927,Executor0,Stage0-1-0,0,0,0,0,0,0,0,0
1781909612927,Executor0,Stage0-2-0,0,0,0,0,0,0,0,0
1781909612927,Executor0,Stage0-3-0,0,0,0,0,0,0,0,0
1781909612978,Executor1,Stage1-0-0,0,0,0,0,0,0,0,0
1781909613176,Executor2,Stage1-3-0,0,0,0,0,0,0,0,0
1781909613204,Executor7,Stage1-1-0,0,0,0,0,0,0,0,0
1781909613367,Executor1,Stage1-2-0,0,0,0,0,0,0,0,0
1781909613370,Executor0,Stage0-0-0,0,0,0,0,0,0,0,0
1781909613620,Executor3,Stage1-0-0,0,0,0,0,0,0,0,0
1781909613927,Executor0,Stage0-0-0,0,0,0,0,0,0,0,0
1781909613927,Executor0,Stage0-1-0,0,0,0,0,0,0,0,0
1781909613927,Executor0,Stage0-2-0,0,0,0,0,0,0,0,0
1781909613927,Executor0,Stage0-3-0,0,0,0,0,0,0,0,0
1781909613978,Executor1,Stage1-0-0,0,0,0,0,0,0,0,0
1781909614176,Executor2,Stage1-3-0,0,0,0,0,0,0,0,0
1781909614204,Executor7,Stage1-1-0,0,0,0,0,0,0,0,0
1781909614367,Executor1,Stage1-2-0,0,0,0,0,0,0,0,0
1781909614370,Executor0,Stage0-0-0,0,0,0,0,0,0,0,0
1781909614620,Executor3,Stage1-0-0,0,0,0,0,0,0,0,0
1781909614927,Executor0,Stage0-0-0,0,0,0,0,0,0,0,0
1781909614927,Executor0,Stage0-1-0,0,0,0,0,0,0,0,0
1781909614927,Executor0,Stage0-2-0,0,0,0,0,0,0,0,0
1781909614927,Executor0,Stage0-3-0,0,0,0,0,0,0,0,0
1781909614978,Executor1,Stage1-0-0,0,0,0,0,0,0,0,0
1781909615176,Executor2,Stage1-3-0,0,0,0,0,0,0,0,0
1781909615204,Executor7,Stage1-1-0,0,0,0,0,0,0,0,0
1781909615367,Executor1,Stage1-2-0,0,0,0,0,0,0,0,0
1781909615370,Executor0,Stage0-0-0,0,0,0,0,0,0,0,0
1781909615620,Executor3,Stage1-0-0,0,0,0,0,0,0,0,0
1781909615927,Executor0,Stage0-0-0,0,0,0,0,0,0,0,0
1781909615927,Executor0,Stage0-1-0,0,0,0,0,0,0,0,0
1781909615927,Executor0,Stage0-2-0,0,0,0,0,0,0,0,0
1781909615927,Executor0,Stage0-3-0,0,0,0,0,0,0,0,0
1781909615978,Executor1,Stage1-0-0,0,0,0,0,0,0,0,0
1781909616176,Executor2,Stage1-3-0,0,0,0,0,0,0,0,0
1781909616204,Executor7,Stage1-1-0,0,0,0,0,0,0,0,0
1781909616367,Executor1,Stage1-2-0,0,0,0,0,0,0,0,0
1781909616370,Executor0,Stage0-0-0,0,0,0,0,0,0,0,0
1781909616620,Executor3,Stage1-0-0,0,0,0,0,0,0,0,0
1781909616927,Executor0,Stage0-0-0,0,0,0,0,0,0,0,0
1781909616927,Executor0,Stage0-1-0,0,0,0,0,0,0,0,0
1781909616927,Executor0,Stage0-2-0,0,0,0,0,0,0,0,0
1781909616927,Executor0,Stage0-3-0,0,0,0,0,0,0,0,0
1781909616978,Executor1,Stage1-0-0,0,0,0,0,0,0,0,0
1781909617176,Executor2,Stage1-3-0,0,0,0,0,0,0,0,0
1781909617204,Executor7,Stage1-1-0,0,0,0,0,0,0,0,0
1781909617367,Executor1,Stage1-2-0,0,0,0,0,0,0,0,0
1781909617370,Executor0,Stage0-0-0,0,0,0,0,0,0,0,0
1781909617621,Executor3,Stage1-0-0,0,0,0,0,0,0,0,0
1781909617927,Executor0,Stage0-0-0,0,0,0,0,0,0,0,0
1781909617927,Executor0,Stage0-1-0,0,0,0,0,0,0,0,0
1781909617927,Executor0,Stage0-2-0,0,0,0,0,0,0,0,0
1781909617927,Executor0,Stage0-3-0,0,0,0,0,0,0,0,0
1781909617978,Executor1,Stage1-0-0,0,0,0,0,0,0,0,0
1781909618176,Executor2,Stage1-3-0,0,0,0,0,0,0,0,0
1781909618204,Executor7,Stage1-1-0,0,0,0,0,0,0,0,0
1781909618367,Executor1,Stage1-2-0,0,0,0,0,0,0,0,0
1781909618370,Executor0,Stage0-0-0,0,0,0,0,0,0,0,0
1781909618620,Executor3,Stage1-0-0,0,0,0,0,0,0,0,0
1781909618927,Executor0,Stage0-0-0,0,0,0,0,0,0,0,0
1781909618927,Executor0,Stage0-1-0,0,0,0,0,0,0,0,0
1781909618927,Executor0,Stage0-2-0,0,0,0,0,0,0,0,0
1781909618927,Executor0,Stage0-3-0,0,0,0,0,0,0,0,0
1781909618978,Executor1,Stage1-0-0,0,0,0,0,0,0,0,0
1781909619176,Executor2,Stage1-3-0,0,0,0,0,0,0,0,0
1781909619204,Executor7,Stage1-1-0,0,0,0,0,0,0,0,0
1781909619367,Executor1,Stage1-2-0,0,0,0,0,0,0,0,0
1781909619370,Executor0,Stage0-0-0,0,0,0,0,0,0,0,0
1781909619620,Executor3,Stage1-0-0,0,0,0,0,0,0,0,0
1781909619927,Executor0,Stage0-0-0,0,0,0,0,0,0,0,0
1781909619927,Executor0,Stage0-1-0,0,0,0,0,0,0,0,0
1781909619927,Executor0,Stage0-2-0,0,0,0,0,0,0,0,0
1781909619927,Executor0,Stage0-3-0,0,0,0,0,0,0,0,0
1781909619978,Executor1,Stage1-0-0,0,0,0,0,0,0,0,0
1781909620176,Executor2,Stage1-3-0,0,0,0,0,0,0,0,0
1781909620204,Executor7,Stage1-1-0,0,0,0,0,0,0,0,0
1781909620367,Executor1,Stage1-2-0,0,0,0,0,0,0,0,0
1781909620370,Executor0,Stage0-0-0,0,0,0,0,0,0,0,0
1781909620620,Executor3,Stage1-0-0,0,0,0,0,0,0,0,0
1781909620927,Executor0,Stage0-0-0,0,0,0,0,0,0,0,0
1781909620927,Executor0,Stage0-1-0,0,0,0,0,0,0,0,0
1781909620927,Executor0,Stage0-2-0,0,0,0,0,0,0,0,0
1781909620927,Executor0,Stage0-3-0,0,0,0,0,0,0,0,0
1781909620978,Executor1,Stage1-0-0,0,0,0,0,0,0,0,0
1781909621176,Executor2,Stage1-3-0,0,0,0,0,0,0,0,0
1781909621204,Executor7,Stage1-1-0,0,0,0,0,0,0,0,0
1781909621367,Executor1,Stage1-2-0,0,0,0,0,0,0,0,0
1781909621370,Executor0,Stage0-0-0,0,0,0,0,0,0,0,0
1781909621620,Executor3,Stage1-0-0,0,0,0,0,0,0,0,0
1781909621927,Executor0,Stage0-0-0,0,0,0,0,0,0,0,0
1781909621927,Executor0,Stage0-1-0,0,0,0,0,0,0,0,0
1781909621927,Executor0,Stage0-2-0,0,0,0,0,0,0,0,0
1781909621927,Executor0,Stage0-3-0,0,0,0,0,0,0,0,0
1781909621978,Executor1,Stage1-0-0,0,0,0,0,0,0,0,0
1781909622176,Executor2,Stage1-3-0,0,0,0,0,0,0,0,0
1781909622204,Executor7,Stage1-1-0,0,0,0,0,0,0,0,0
1781909622367,Executor1,Stage1-2-0,0,0,0,0,0,0,0,0
1781909622370,Executor0,Stage0-0-0,0,0,0,0,0,0,0,0
1781909622620,Executor3,Stage1-0-0,0,0,0,0,0,0,0,0
1781909622927,Executor0,Stage0-0-0,0,0,0,0,0,0,0,0
1781909622927,Executor0,Stage0-1-0,0,0,0,0,0,0,0,0
1781909622927,Executor0,Stage0-2-0,0,0,0,0,0,0,0,0
1781909622927,Executor0,Stage0-3-0,0,0,0,0,0,0,0,0
1781909622978,Executor1,Stage1-0-0,0,0,0,0,0,0,0,0
1781909623176,Executor2,Stage1-3-0,0,0,0,0,0,0,0,0
1781909623204,Executor7,Stage1-1-0,0,0,0,0,0,0,0,0
1781909623367,Executor1,Stage1-2-0,0,0,0,0,0,0,0,0
1781909623370,Executor0,Stage0-0-0,0,0,0,0,0,0,0,0
1781909623620,Executor3,Stage1-0-0,0,0,0,0,0,0,0,0
1781909623927,Executor0,Stage0-0-0,0,0,0,0,0,0,0,0
1781909623927,Executor0,Stage0-1-0,0,0,0,0,0,0,0,0
1781909623927,Executor0,Stage0-2-0,0,0,0,0,0,0,0,0
1781909623927,Executor0,Stage0-3-0,0,0,0,0,0,0,0,0
1781909623978,Executor1,Stage1-0-0,0,0,0,0,0,0,0,0
1781909624176,Executor2,Stage1-3-0,0,0,0,0,0,0,0,0
1781909624204,Executor7,Stage1-1-0,0,0,0,0,0,0,0,0
1781909624367,Executor1,Stage1-2-0,0,0,0,0,0,0,0,0
1781909624370,Executor0,Stage0-0-0,0,0,0,0,0,0,0,0
1781909624620,Executor3,Stage1-0-0,0,0,0,0,0,0,0,0
1781909624927,Executor0,Stage0-0-0,0,0,0,0,0,0,0,0
1781909624927,Executor0,Stage0-1-0,0,0,0,0,0,0,0,0
1781909624927,Executor0,Stage0-2-0,0,0,0,0,0,0,0,0
1781909624927,Executor0,Stage0-3-0,0,0,0,0,0,0,0,0
1781909624978,Executor1,Stage1-0-0,0,0,0,0,0,0,0,0
1781909625176,Executor2,Stage1-3-0,0,0,0,0,0,0,0,0
1781909625204,Executor7,Stage1-1-0,0,0,0,0,0,0,0,0
1781909625367,Executor1,Stage1-2-0,0,0,0,0,0,0,0,0
1781909625370,Executor0,Stage0-0-0,0,0,0,0,0,0,0,0
1781909625620,Executor3,Stage1-0-0,0,0,0,0,0,0,0,0
1781909625927,Executor0,Stage0-0-0,0,0,0,0,0,0,0,0
1781909625927,Executor0,Stage0-1-0,0,0,0,0,0,0,0,0
1781909625927,Executor0,Stage0-2-0,0,0,0,0,0,0,0,0
1781909625927,Executor0,Stage0-3-0,0,0,0,0,0,0,0,0
1781909625978,Executor1,Stage1-0-0,0,0,0,0,0,0,0,0
1781909626176,Executor2,Stage1-3-0,0,0,0,0,0,0,0,0
1781909626204,Executor7,Stage1-1-0,0,0,0,0,0,0,0,0
1781909626367,Executor1,Stage1-2-0,0,0,0,0,0,0,0,0
1781909626370,Executor0,Stage0-0-0,0,0,0,0,0,0,0,0
1781909626621,Executor3,Stage1-0-0,0,0,0,0,0,0,0,0
1781909626927,Executor0,Stage0-0-0,0,0,0,0,0,0,0,0
1781909626927,Executor0,Stage0-1-0,0,0,0,0,0,0,0,0
1781909626927,Executor0,Stage0-2-0,0,0,0,0,0,0,0,0
1781909626927,Executor0,Stage0-3-0,0,0,0,0,0,0,0,0
1781909626978,Executor1,Stage1-0-0,0,0,0,0,0,0,0,0
1781909627176,Executor2,Stage1-3-0,0,0,0,0,0,0,0,0
1781909627204,Executor7,Stage1-1-0,0,0,0,0,0,0,0,0
1781909627367,Executor1,Stage1-2-0,0,0,0,0,0,0,0,0
1781909627370,Executor0,Stage0-0-0,0,0,0,0,0,0,0,0
1781909627620,Executor3,Stage1-0-0,0,0,0,0,0,0,0,0
1781909627927,Executor0,Stage0-0-0,0,0,0,0,0,0,0,0
1781909627927,Executor0,Stage0-1-0,0,0,0,0,0,0,0,0
1781909627927,Executor0,Stage0-2-0,0,0,0,0,0,0,0,0
1781909627927,Executor0,Stage0-3-0,0,0,0,0,0,0,0,0
1781909627978,Executor1,Stage1-0-0,0,0,0,0,0,0,0,0
1781909628176,Executor2,Stage1-3-0,0,0,0,0,0,0,0,0
1781909628204,Executor7,Stage1-1-0,0,0,0,0,0,0,0,0
1781909628367,Executor1,Stage1-2-0,0,0,0,0,0,0,0,0
1781909628370,Executor0,Stage0-0-0,0,0,0,0,0,0,0,0
1781909628620,Executor3,Stage1-0-0,0,0,0,0,0,0,0,0
1781909628927,Executor0,Stage0-0-0,0,0,0,0,0,0,0,0
1781909628927,Executor0,Stage0-1-0,0,0,0,0,0,0,0,0
1781909628927,Executor0,Stage0-2-0,0,0,0,0,0,0,0,0
1781909628927,Executor0,Stage0-3-0,0,0,0,0,0,0,0,0
1781909628978,Executor1,Stage1-0-0,0,0,0,0,0,0,0,0
1781909629176,Executor2,Stage1-3-0,0,0,0,0,0,0,0,0
1781909629204,Executor7,Stage1-1-0,0,0,0,0,0,0,0,0
1781909629367,Executor1,Stage1-2-0,0,0,0,0,0,0,0,0
1781909629370,Executor0,Stage0-0-0,0,0,0,0,0,0,0,0
1781909629620,Executor3,Stage1-0-0,0,0,0,0,0,0,0,0
1781909629927,Executor0,Stage0-0-0,0,0,0,0,0,0,0,0
1781909629927,Executor0,Stage0-1-0,0,0,0,0,0,0,0,0
1781909629927,Executor0,Stage0-2-0,0,0,0,0,0,0,0,0
1781909629927,Executor0,Stage0-3-0,0,0,0,0,0,0,0,0
1781909629978,Executor1,Stage1-0-0,0,0,0,0,0,0,0,0
1781909630176,Executor2,Stage1-3-0,0,0,0,0,0,0,0,0
1781909630204,Executor7,Stage1-1-0,0,0,0,0,0,0,0,0
1781909630367,Executor1,Stage1-2-0,0,0,0,0,0,0,0,0
1781909630370,Executor0,Stage0-0-0,0,0,0,0,0,0,0,0
1781909630620,Executor3,Stage1-0-0,0,0,0,0,0,0,0,0
1781909630927,Executor0,Stage0-0-0,0,0,0,0,0,0,0,0
1781909630927,Executor0,Stage0-1-0,0,0,0,0,0,0,0,0
1781909630927,Executor0,Stage0-2-0,0,0,0,0,0,0,0,0
1781909630927,Executor0,Stage0-3-0,0,0,0,0,0,0,0,0
1781909630978,Executor1,Stage1-0-0,0,0,0,0,0,0,0,0
1781909631176,Executor2,Stage1-3-0,0,0,0,0,0,0,0,0
1781909631204,Executor7,Stage1-1-0,0,0,0,0,0,0,0,0
1781909631367,Executor1,Stage1-2-0,0,0,0,0,0,0,0,0
1781909631370,Executor0,Stage0-0-0,0,0,0,0,0,0,0,0
1781909631620,Executor3,Stage1-0-0,0,0,0,0,0,0,0,0
1781909631927,Executor0,Stage0-0-0,0,0,0,0,0,0,0,0
1781909631927,Executor0,Stage0-1-0,0,0,0,0,0,0,0,0
1781909631927,Executor0,Stage0-2-0,0,0,0,0,0,0,0,0
1781909631927,Executor0,Stage0-3-0,0,0,0,0,0,0,0,0
1781909631978,Executor1,Stage1-0-0,0,0,0,0,0,0,0,0
1781909632176,Executor2,Stage1-3-0,0,0,0,0,0,0,0,0
1781909632204,Executor7,Stage1-1-0,0,0,0,0,0,0,0,0
1781909632367,Executor1,Stage1-2-0,0,0,0,0,0,0,0,0
1781909632370,Executor0,Stage0-0-0,0,0,0,0,0,0,0,0
1781909632620,Executor3,Stage1-0-0,0,0,0,0,0,0,0,0
1781909632927,Executor0,Stage0-0-0,0,0,0,0,0,0,0,0
1781909632927,Executor0,Stage0-1-0,0,0,0,0,0,0,0,0
1781909632927,Executor0,Stage0-2-0,0,0,0,0,0,0,0,0
1781909632927,Executor0,Stage0-3-0,0,0,0,0,0,0,0,0
1781909632978,Executor1,Stage1-0-0,0,0,0,0,0,0,0,0
1781909633176,Executor2,Stage1-3-0,0,0,0,0,0,0,0,0
1781909633204,Executor7,Stage1-1-0,0,0,0,0,0,0,0,0
1781909633367,Executor1,Stage1-2-0,0,0,0,0,0,0,0,0
1781909633370,Executor0,Stage0-0-0,0,0,0,0,0,0,0,0
1781909633620,Executor3,Stage1-0-0,0,0,0,0,0,0,0,0
1781909633927,Executor0,Stage0-0-0,0,0,0,0,0,0,0,0
1781909633927,Executor0,Stage0-1-0,0,0,0,0,0,0,0,0
1781909633927,Executor0,Stage0-2-0,0,0,0,0,0,0,0,0
1781909633927,Executor0,Stage0-3-0,0,0,0,0,0,0,0,0
1781909633978,Executor1,Stage1-0-0,0,0,0,0,0,0,0,0
1781909634176,Executor2,Stage1-3-0,0,0,0,0,0,0,0,0
1781909634204,Executor7,Stage1-1-0,0,0,0,0,0,0,0,0
1781909634367,Executor1,Stage1-2-0,0,0,0,0,0,0,0,0
1781909634370,Executor0,Stage0-0-0,0,0,0,0,0,0,0,0
1781909634620,Executor3,Stage1-0-0,0,0,0,0,0,0,0,0
1781909634927,Executor0,Stage0-0-0,0,0,0,0,0,0,0,0
1781909634927,Executor0,Stage0-1-0,0,0,0,0,0,0,0,0
1781909634927,Executor0,Stage0-2-0,0,0,0,0,0,0,0,0
1781909634927,Executor0,Stage0-3-0,0,0,0,0,0,0,0,0
1781909634978,Executor1,Stage1-0-0,0,0,0,0,0,0,0,0
1781909635176,Executor2,Stage1-3-0,0,0,0,0,0,0,0,0
1781909635204,Executor7,Stage1-1-0,0,0,0,0,0,0,0,0
1781909635367,Executor1,Stage1-2-0,0,0,0,0,0,0,0,0
1781909635370,Executor0,Stage0-0-0,0,0,0,0,0,0,0,0
1781909635620,Executor3,Stage1-0-0,0,0,0,0,0,0,0,0
1781909635927,Executor0,Stage0-0-0,0,0,0,0,0,0,0,0
1781909635927,Executor0,Stage0-1-0,0,0,0,0,0,0,0,0
1781909635927,Executor0,Stage0-2-0,0,0,0,0,0,0,0,0
1781909635927,Executor0,Stage0-3-0,0,0,0,0,0,0,0,0
1781909635978,Executor1,Stage1-0-0,0,0,0,0,0,0,0,0
1781909636176,Executor2,Stage1-3-0,0,0,0,0,0,0,0,0
1781909636204,Executor7,Stage1-1-0,0,0,0,0,0,0,0,0
1781909636367,Executor1,Stage1-2-0,0,0,0,0,0,0,0,0
1781909636370,Executor0,Stage0-0-0,0,0,0,0,0,0,0,0
1781909636620,Executor3,Stage1-0-0,0,0,0,0,0,0,0,0
1781909636927,Executor0,Stage0-0-0,0,0,0,0,0,0,0,0
1781909636927,Executor0,Stage0-1-0,0,0,0,0,0,0,0,0
1781909636927,Executor0,Stage0-2-0,0,0,0,0,0,0,0,0
1781909636927,Executor0,Stage0-3-0,0,0,0,0,0,0,0,0
1781909636978,Executor1,Stage1-0-0,0,0,0,0,0,0,0,0
1781909637176,Executor2,Stage1-3-0,0,0,0,0,0,0,0,0
1781909637204,Executor7,Stage1-1-0,0,0,0,0,0,0,0,0
1781909637367,Executor1,Stage1-2-0,0,0,0,0,0,0,0,0
1781909637370,Executor0,Stage0-0-0,0,0,0,0,0,0,0,0
1781909637621,Executor3,Stage1-0-0,0,0,0,0,0,0,0,0
1781909637927,Executor0,Stage0-0-0,0,0,0,0,0,0,0,0
1781909637927,Executor0,Stage0-1-0,0,0,0,0,0,0,0,0
1781909637927,Executor0,Stage0-2-0,0,0,0,0,0,0,0,0
1781909637927,Executor0,Stage0-3-0,0,0,0,0,0,0,0,0
1781909637978,Executor1,Stage1-0-0,0,0,0,0,0,0,0,0
1781909638176,Executor2,Stage1-3-0,0,0,0,0,0,0,0,0
1781909638204,Executor7,Stage1-1-0,0,0,0,0,0,0,0,0
1781909638367,Executor1,Stage1-2-0,0,0,0,0,0,0,0,0
1781909638370,Executor0,Stage0-0-0,0,0,0,0,0,0,0,0
1781909638621,Executor3,Stage1-0-0,0,0,0,0,0,0,0,0
1781909638927,Executor0,Stage0-0-0,0,0,0,0,0,0,0,0
1781909638927,Executor0,Stage0-1-0,0,0,0,0,0,0,0,0
1781909638927,Executor0,Stage0-2-0,0,0,0,0,0,0,0,0
1781909638927,Executor0,Stage0-3-0,0,0,0,0,0,0,0,0
1781909638978,Executor1,Stage1-0-0,0,0,0,0,0,0,0,0
1781909639176,Executor2,Stage1-3-0,0,0,0,0,0,0,0,0
1781909639204,Executor7,Stage1-1-0,0,0,0,0,0,0,0,0
1781909639367,Executor1,Stage1-2-0,0,0,0,0,0,0,0,0
1781909639370,Executor0,Stage0-0-0,0,0,0,0,0,0,0,0
1781909639621,Executor3,Stage1-0-0,0,0,0,0,0,0,0,0
1781909639927,Executor0,Stage0-0-0,0,0,0,0,0,0,0,0
1781909639927,Executor0,Stage0-1-0,0,0,0,0,0,0,0,0
1781909639927,Executor0,Stage0-2-0,0,0,0,0,0,0,0,0
1781909639927,Executor0,Stage0-3-0,0,0,0,0,0,0,0,0
1781909639978,Executor1,Stage1-0-0,0,0,0,0,0,0,0,0
1781909640176,Executor2,Stage1-3-0,0,0,0,0,0,0,0,0
1781909640204,Executor7,Stage1-1-0,0,0,0,0,0,0,0,0
1781909640367,Executor1,Stage1-2-0,0,0,0,0,0,0,0,0
1781909640370,Executor0,Stage0-0-0,0,0,0,0,0,0,0,0
1781909640621,Executor3,Stage1-0-0,0,0,0,0,0,0,0,0
1781909640927,Executor0,Stage0-0-0,0,0,0,0,0,0,0,0
1781909640927,Executor0,Stage0-1-0,0,0,0,0,0,0,0,0
1781909640927,Executor0,Stage0-2-0,0,0,0,0,0,0,0,0
1781909640927,Executor0,Stage0-3-0,0,0,0,0,0,0,0,0
1781909640978,Executor1,Stage1-0-0,0,0,0,0,0,0,0,0
1781909641176,Executor2,Stage1-3-0,0,0,0,0,0,0,0,0
1781909641204,Executor7,Stage1-1-0,0,0,0,0,0,0,0,0
1781909641367,Executor1,Stage1-2-0,0,0,0,0,0,0,0,0
1781909641370,Executor0,Stage0-0-0,0,0,0,0,0,0,0,0
1781909641621,Executor3,Stage1-0-0,0,0,0,0,0,0,0,0
1781909641927,Executor0,Stage0-0-0,0,0,0,0,0,0,0,0
1781909641927,Executor0,Stage0-1-0,0,0,0,0,0,0,0,0
1781909641927,Executor0,Stage0-2-0,0,0,0,0,0,0,0,0
1781909641927,Executor0,Stage0-3-0,0,0,0,0,0,0,0,0
1781909641978,Executor1,Stage1-0-0,0,0,0,0,0,0,0,0
1781909642176,Executor2,Stage1-3-0,0,0,0,0,0,0,0,0
1781909642204,Executor7,Stage1-1-0,0,0,0,0,0,0,0,0
1781909642367,Executor1,Stage1-2-0,0,0,0,0,0,0,0,0
1781909642370,Executor0,Stage0-0-0,0,0,0,0,0,0,0,0
1781909642620,Executor3,Stage1-0-0,0,0,0,0,0,0,0,0
1781909642927,Executor0,Stage0-0-0,0,0,0,0,0,0,0,0
1781909642927,Executor0,Stage0-1-0,0,0,0,0,0,0,0,0
1781909642927,Executor0,Stage0-2-0,0,0,0,0,0,0,0,0
1781909642927,Executor0,Stage0-3-0,0,0,0,0,0,0,0,0
1781909642978,Executor1,Stage1-0-0,0,0,0,0,0,0,0,0
1781909643176,Executor2,Stage1-3-0,0,0,0,0,0,0,0,0
1781909643204,Executor7,Stage1-1-0,0,0,0,0,0,0,0,0
1781909643367,Executor1,Stage1-2-0,0,0,0,0,0,0,0,0
1781909643370,Executor0,Stage0-0-0,0,0,0,0,0,0,0,0
1781909643621,Executor3,Stage1-0-0,0,0,0,0,0,0,0,0
1781909643927,Executor0,Stage0-0-0,0,0,0,0,0,0,0,0
1781909643927,Executor0,Stage0-1-0,0,0,0,0,0,0,0,0
1781909643927,Executor0,Stage0-2-0,0,0,0,0,0,0,0,0
1781909643927,Executor0,Stage0-3-0,0,0,0,0,0,0,0,0
1781909643978,Executor1,Stage1-0-0,0,0,0,0,0,0,0,0
1781909644176,Executor2,Stage1-3-0,0,0,0,0,0,0,0,0
1781909644204,Executor7,Stage1-1-0,0,0,0,0,0,0,0,0
1781909644367,Executor1,Stage1-2-0,0,0,0,0,0,0,0,0
1781909644370,Executor0,Stage0-0-0,0,0,0,0,0,0,0,0
1781909644620,Executor3,Stage1-0-0,0,0,0,0,0,0,0,0
1781909644927,Executor0,Stage0-0-0,0,0,0,0,0,0,0,0
1781909644927,Executor0,Stage0-1-0,0,0,0,0,0,0,0,0
1781909644927,Executor0,Stage0-2-0,0,0,0,0,0,0,0,0
1781909644927,Executor0,Stage0-3-0,0,0,0,0,0,0,0,0
1781909644978,Executor1,Stage1-0-0,0,0,0,0,0,0,0,0
1781909645176,Executor2,Stage1-3-0,0,0,0,0,0,0,0,0
1781909645204,Executor7,Stage1-1-0,0,0,0,0,0,0,0,0
1781909645367,Executor1,Stage1-2-0,0,0,0,0,0,0,0,0
1781909645370,Executor0,Stage0-0-0,0,0,0,0,0,0,0,0
1781909645620,Executor3,Stage1-0-0,0,0,0,0,0,0,0,0
1781909645927,Executor0,Stage0-0-0,0,0,0,0,0,0,0,0
1781909645927,Executor0,Stage0-1-0,0,0,0,0,0,0,0,0
1781909645927,Executor0,Stage0-2-0,0,0,0,0,0,0,0,0
1781909645927,Executor0,Stage0-3-0,0,0,0,0,0,0,0,0
1781909645978,Executor1,Stage1-0-0,0,0,0,0,0,0,0,0
1781909646176,Executor2,Stage1-3-0,0,0,0,0,0,0,0,0
1781909646204,Executor7,Stage1-1-0,0,0,0,0,0,0,0,0
1781909646367,Executor1,Stage1-2-0,0,0,0,0,0,0,0,0
1781909646370,Executor0,Stage0-0-0,0,0,0,0,0,0,0,0
1781909646620,Executor3,Stage1-0-0,0,0,0,0,0,0,0,0
1781909646927,Executor0,Stage0-0-0,0,0,0,0,0,0,0,0
1781909646927,Executor0,Stage0-1-0,0,0,0,0,0,0,0,0
1781909646927,Executor0,Stage0-2-0,0,0,0,0,0,0,0,0
1781909646927,Executor0,Stage0-3-0,0,0,0,0,0,0,0,0
1781909646978,Executor1,Stage1-0-0,0,0,0,0,0,0,0,0
1781909647176,Executor2,Stage1-3-0,0,0,0,0,0,0,0,0
1781909647204,Executor7,Stage1-1-0,0,0,0,0,0,0,0,0
1781909647367,Executor1,Stage1-2-0,0,0,0,0,0,0,0,0
1781909647370,Executor0,Stage0-0-0,0,0,0,0,0,0,0,0
1781909647621,Executor3,Stage1-0-0,0,0,0,0,0,0,0,0
1781909647927,Executor0,Stage0-0-0,0,0,0,0,0,0,0,0
1781909647927,Executor0,Stage0-1-0,0,0,0,0,0,0,0,0
1781909647927,Executor0,Stage0-2-0,0,0,0,0,0,0,0,0
1781909647927,Executor0,Stage0-3-0,0,0,0,0,0,0,0,0
1781909647978,Executor1,Stage1-0-0,0,0,0,0,0,0,0,0
1781909648176,Executor2,Stage1-3-0,0,0,0,0,0,0,0,0
1781909648204,Executor7,Stage1-1-0,0,0,0,0,0,0,0,0
1781909648367,Executor1,Stage1-2-0,0,0,0,0,0,0,0,0
1781909648370,Executor0,Stage0-0-0,0,0,0,0,0,0,0,0
1781909648620,Executor3,Stage1-0-0,0,0,0,0,0,0,0,0
1781909648927,Executor0,Stage0-0-0,0,0,0,0,0,0,0,0
1781909648927,Executor0,Stage0-1-0,0,0,0,0,0,0,0,0
1781909648927,Executor0,Stage0-2-0,0,0,0,0,0,0,0,0
1781909648927,Executor0,Stage0-3-0,0,0,0,0,0,0,0,0
1781909648978,Executor1,Stage1-0-0,0,0,0,0,0,0,0,0
1781909649176,Executor2,Stage1-3-0,0,0,0,0,0,0,0,0
1781909649204,Executor7,Stage1-1-0,0,0,0,0,0,0,0,0
1781909649367,Executor1,Stage1-2-0,0,0,0,0,0,0,0,0
1781909649370,Executor0,Stage0-0-0,0,0,0,0,0,0,0,0
1781909649620,Executor3,Stage1-0-0,0,0,0,0,0,0,0,0
1781909649927,Executor0,Stage0-0-0,0,0,0,0,0,0,0,0
1781909649927,Executor0,Stage0-1-0,0,0,0,0,0,0,0,0
1781909649927,Executor0,Stage0-2-0,0,0,0,0,0,0,0,0
1781909649927,Executor0,Stage0-3-0,0,0,0,0,0,0,0,0
1781909649978,Executor1,Stage1-0-0,0,0,0,0,0,0,0,0
1781909650176,Executor2,Stage1-3-0,0,0,0,0,0,0,0,0
1781909650204,Executor7,Stage1-1-0,0,0,0,0,0,0,0,0
1781909650367,Executor1,Stage1-2-0,0,0,0,0,0,0,0,0
1781909650370,Executor0,Stage0-0-0,0,0,0,0,0,0,0,0
1781909650620,Executor3,Stage1-0-0,0,0,0,0,0,0,0,0
1781909650927,Executor0,Stage0-0-0,0,0,0,0,0,0,0,0
1781909650927,Executor0,Stage0-1-0,0,0,0,0,0,0,0,0
1781909650927,Executor0,Stage0-2-0,0,0,0,0,0,0,0,0
1781909650927,Executor0,Stage0-3-0,0,0,0,0,0,0,0,0
1781909650978,Executor1,Stage1-0-0,0,0,0,0,0,0,0,0
1781909651176,Executor2,Stage1-3-0,0,0,0,0,0,0,0,0
1781909651204,Executor7,Stage1-1-0,0,0,0,0,0,0,0,0
1781909651367,Executor1,Stage1-2-0,0,0,0,0,0,0,0,0
1781909651370,Executor0,Stage0-0-0,0,0,0,0,0,0,0,0
1781909651620,Executor3,Stage1-0-0,0,0,0,0,0,0,0,0
1781909651927,Executor0,Stage0-0-0,0,0,0,0,0,0,0,0
1781909651927,Executor0,Stage0-1-0,0,0,0,0,0,0,0,0
1781909651927,Executor0,Stage0-2-0,0,0,0,0,0,0,0,0
1781909651927,Executor0,Stage0-3-0,0,0,0,0,0,0,0,0
1781909651978,Executor1,Stage1-0-0,0,0,0,0,0,0,0,0
1781909652176,Executor2,Stage1-3-0,0,0,0,0,0,0,0,0
1781909652204,Executor7,Stage1-1-0,0,0,0,0,0,0,0,0
1781909652367,Executor1,Stage1-2-0,0,0,0,0,0,0,0,0
1781909652370,Executor0,Stage0-0-0,0,0,0,0,0,0,0,0
1781909652620,Executor3,Stage1-0-0,0,0,0,0,0,0,0,0
1781909652927,Executor0,Stage0-0-0,0,0,0,0,0,0,0,0
1781909652927,Executor0,Stage0-1-0,0,0,0,0,0,0,0,0
1781909652927,Executor0,Stage0-2-0,0,0,0,0,0,0,0,0
1781909652927,Executor0,Stage0-3-0,0,0,0,0,0,0,0,0
1781909652978,Executor1,Stage1-0-0,0,0,0,0,0,0,0,0
1781909653176,Executor2,Stage1-3-0,0,0,0,0,0,0,0,0
1781909653204,Executor7,Stage1-1-0,0,0,0,0,0,0,0,0
1781909653367,Executor1,Stage1-2-0,0,0,0,0,0,0,0,0
1781909653370,Executor0,Stage0-0-0,0,0,0,0,0,0,0,0
1781909653620,Executor3,Stage1-0-0,0,0,0,0,0,0,0,0
1781909653927,Executor0,Stage0-0-0,0,0,0,0,0,0,0,0
1781909653927,Executor0,Stage0-1-0,0,0,0,0,0,0,0,0
1781909653927,Executor0,Stage0-2-0,0,0,0,0,0,0,0,0
1781909653927,Executor0,Stage0-3-0,0,0,0,0,0,0,0,0
1781909653978,Executor1,Stage1-0-0,0,0,0,0,0,0,0,0
1781909654176,Executor2,Stage1-3-0,0,0,0,0,0,0,0,0
1781909654204,Executor7,Stage1-1-0,0,0,0,0,0,0,0,0
1781909654367,Executor1,Stage1-2-0,0,0,0,0,0,0,0,0
1781909654370,Executor0,Stage0-0-0,0,0,0,0,0,0,0,0
1781909654620,Executor3,Stage1-0-0,0,0,0,0,0,0,0,0
1781909654927,Executor0,Stage0-0-0,0,0,0,0,0,0,0,0
1781909654927,Executor0,Stage0-1-0,0,0,0,0,0,0,0,0
1781909654927,Executor0,Stage0-2-0,0,0,0,0,0,0,0,0
1781909654927,Executor0,Stage0-3-0,0,0,0,0,0,0,0,0
1781909654978,Executor1,Stage1-0-0,0,0,0,0,0,0,0,0
1781909655176,Executor2,Stage1-3-0,0,0,0,0,0,0,0,0
1781909655204,Executor7,Stage1-1-0,0,0,0,0,0,0,0,0
1781909655367,Executor1,Stage1-2-0,0,0,0,0,0,0,0,0
1781909655370,Executor0,Stage0-0-0,0,0,0,0,0,0,0,0
1781909655620,Executor3,Stage1-0-0,0,0,0,0,0,0,0,0
1781909655927,Executor0,Stage0-0-0,0,0,0,0,0,0,0,0
1781909655927,Executor0,Stage0-1-0,0,0,0,0,0,0,0,0
1781909655927,Executor0,Stage0-2-0,0,0,0,0,0,0,0,0
1781909655927,Executor0,Stage0-3-0,0,0,0,0,0,0,0,0
1781909655978,Executor1,Stage1-0-0,0,0,0,0,0,0,0,0
1781909656176,Executor2,Stage1-3-0,0,0,0,0,0,0,0,0
1781909656204,Executor7,Stage1-1-0,0,0,0,0,0,0,0,0
1781909656367,Executor1,Stage1-2-0,0,0,0,0,0,0,0,0
1781909656370,Executor0,Stage0-0-0,0,0,0,0,0,0,0,0
1781909656620,Executor3,Stage1-0-0,0,0,0,0,0,0,0,0
1781909656927,Executor0,Stage0-0-0,0,0,0,0,0,0,0,0
1781909656927,Executor0,Stage0-1-0,0,0,0,0,0,0,0,0
1781909656927,Executor0,Stage0-2-0,0,0,0,0,0,0,0,0
1781909656927,Executor0,Stage0-3-0,0,0,0,0,0,0,0,0
1781909656978,Executor1,Stage1-0-0,0,0,0,0,0,0,0,0
1781909657176,Executor2,Stage1-3-0,0,0,0,0,0,0,0,0
1781909657204,Executor7,Stage1-1-0,0,0,0,0,0,0,0,0
1781909657367,Executor1,Stage1-2-0,0,0,0,0,0,0,0,0
1781909657370,Executor0,Stage0-0-0,0,0,0,0,0,0,0,0
1781909657620,Executor3,Stage1-0-0,0,0,0,0,0,0,0,0
1781909657927,Executor0,Stage0-0-0,0,0,0,0,0,0,0,0
1781909657927,Executor0,Stage0-1-0,0,0,0,0,0,0,0,0
1781909657927,Executor0,Stage0-2-0,0,0,0,0,0,0,0,0
1781909657927,Executor0,Stage0-3-0,0,0,0,0,0,0,0,0
1781909657978,Executor1,Stage1-0-0,0,0,0,0,0,0,0,0
1781909658176,Executor2,Stage1-3-0,0,0,0,0,0,0,0,0
1781909658204,Executor7,Stage1-1-0,0,0,0,0,0,0,0,0
1781909658367,Executor1,Stage1-2-0,0,0,0,0,0,0,0,0
1781909658370,Executor0,Stage0-0-0,0,0,0,0,0,0,0,0
1781909658620,Executor3,Stage1-0-0,0,0,0,0,0,0,0,0
1781909658927,Executor0,Stage0-0-0,0,0,0,0,0,0,0,0
1781909658927,Executor0,Stage0-1-0,0,0,0,0,0,0,0,0
1781909658927,Executor0,Stage0-2-0,0,0,0,0,0,0,0,0
1781909658927,Executor0,Stage0-3-0,0,0,0,0,0,0,0,0
1781909658978,Executor1,Stage1-0-0,0,0,0,0,0,0,0,0
1781909659176,Executor2,Stage1-3-0,0,0,0,0,0,0,0,0
1781909659204,Executor7,Stage1-1-0,0,0,0,0,0,0,0,0
1781909659367,Executor1,Stage1-2-0,0,0,0,0,0,0,0,0
1781909659370,Executor0,Stage0-0-0,0,0,0,0,0,0,0,0
1781909659620,Executor3,Stage1-0-0,0,0,0,0,0,0,0,0
1781909659927,Executor0,Stage0-0-0,0,0,0,0,0,0,0,0
1781909659927,Executor0,Stage0-1-0,0,0,0,0,0,0,0,0
1781909659927,Executor0,Stage0-2-0,0,0,0,0,0,0,0,0
1781909659927,Executor0,Stage0-3-0,0,0,0,0,0,0,0,0
1781909659978,Executor1,Stage1-0-0,0,0,0,0,0,0,0,0
1781909660176,Executor2,Stage1-3-0,0,0,0,0,0,0,0,0
1781909660204,Executor7,Stage1-1-0,0,0,0,0,0,0,0,0
1781909660367,Executor1,Stage1-2-0,0,0,0,0,0,0,0,0
1781909660370,Executor0,Stage0-0-0,0,0,0,0,0,0,0,0
1781909660620,Executor3,Stage1-0-0,0,0,0,0,0,0,0,0
1781909660927,Executor0,Stage0-0-0,0,0,0,0,0,0,0,0
1781909660927,Executor0,Stage0-1-0,0,0,0,0,0,0,0,0
1781909660927,Executor0,Stage0-2-0,0,0,0,0,0,0,0,0
1781909660927,Executor0,Stage0-3-0,0,0,0,0,0,0,0,0
1781909660978,Executor1,Stage1-0-0,0,0,0,0,0,0,0,0
1781909661176,Executor2,Stage1-3-0,0,0,0,0,0,0,0,0
1781909661204,Executor7,Stage1-1-0,0,0,0,0,0,0,0,0
1781909661367,Executor1,Stage1-2-0,0,0,0,0,0,0,0,0
1781909661370,Executor0,Stage0-0-0,0,0,0,0,0,0,0,0
1781909661621,Executor3,Stage1-0-0,0,0,0,0,0,0,0,0
1781909661927,Executor0,Stage0-0-0,0,0,0,0,0,0,0,0
1781909661927,Executor0,Stage0-1-0,0,0,0,0,0,0,0,0
1781909661927,Executor0,Stage0-2-0,0,0,0,0,0,0,0,0
1781909661927,Executor0,Stage0-3-0,0,0,0,0,0,0,0,0
1781909661978,Executor1,Stage1-0-0,0,0,0,0,0,0,0,0
1781909662176,Executor2,Stage1-3-0,0,0,0,0,0,0,0,0
1781909662204,Executor7,Stage1-1-0,0,0,0,0,0,0,0,0
1781909662367,Executor1,Stage1-2-0,0,0,0,0,0,0,0,0
1781909662370,Executor0,Stage0-0-0,0,0,0,0,0,0,0,0
1781909662620,Executor3,Stage1-0-0,0,0,0,0,0,0,0,0
1781909662927,Executor0,Stage0-0-0,0,0,0,0,0,0,0,0
1781909662927,Executor0,Stage0-1-0,0,0,0,0,0,0,0,0
1781909662927,Executor0,Stage0-2-0,0,0,0,0,0,0,0,0
1781909662927,Executor0,Stage0-3-0,0,0,0,0,0,0,0,0
1781909662978,Executor1,Stage1-0-0,0,0,0,0,0,0,0,0
1781909663176,Executor2,Stage1-3-0,0,0,0,0,0,0,0,0
1781909663204,Executor7,Stage1-1-0,0,0,0,0,0,0,0,0
1781909663367,Executor1,Stage1-2-0,0,0,0,0,0,0,0,0
1781909663370,Executor0,Stage0-0-0,0,0,0,0,0,0,0,0
1781909663620,Executor3,Stage1-0-0,0,0,0,0,0,0,0,0
1781909663927,Executor0,Stage0-0-0,0,0,0,0,0,0,0,0
1781909663927,Executor0,Stage0-1-0,0,0,0,0,0,0,0,0
1781909663927,Executor0,Stage0-2-0,0,0,0,0,0,0,0,0
1781909663927,Executor0,Stage0-3-0,0,0,0,0,0,0,0,0
1781909663978,Executor1,Stage1-0-0,0,0,0,0,0,0,0,0
1781909664176,Executor2,Stage1-3-0,0,0,0,0,0,0,0,0
1781909664204,Executor7,Stage1-1-0,0,0,0,0,0,0,0,0
1781909664367,Executor1,Stage1-2-0,0,0,0,0,0,0,0,0
1781909664370,Executor0,Stage0-0-0,0,0,0,0,0,0,0,0
1781909664621,Executor3,Stage1-0-0,0,0,0,0,0,0,0,0
1781909664927,Executor0,Stage0-0-0,0,0,0,0,0,0,0,0
1781909664927,Executor0,Stage0-1-0,0,0,0,0,0,0,0,0
1781909664927,Executor0,Stage0-2-0,0,0,0,0,0,0,0,0
1781909664927,Executor0,Stage0-3-0,0,0,0,0,0,0,0,0
1781909664978,Executor1,Stage1-0-0,0,0,0,0,0,0,0,0
1781909665176,Executor2,Stage1-3-0,0,0,0,0,0,0,0,0
1781909665204,Executor7,Stage1-1-0,0,0,0,0,0,0,0,0
1781909665367,Executor1,Stage1-2-0,0,0,0,0,0,0,0,0
1781909665370,Executor0,Stage0-0-0,0,0,0,0,0,0,0,0
1781909665620,Executor3,Stage1-0-0,0,0,0,0,0,0,0,0
1781909665927,Executor0,Stage0-0-0,0,0,0,0,0,0,0,0
1781909665927,Executor0,Stage0-1-0,0,0,0,0,0,0,0,0
1781909665927,Executor0,Stage0-2-0,0,0,0,0,0,0,0,0
1781909665927,Executor0,Stage0-3-0,0,0,0,0,0,0,0,0
1781909665978,Executor1,Stage1-0-0,0,0,0,0,0,0,0,0
1781909666176,Executor2,Stage1-3-0,0,0,0,0,0,0,0,0
1781909666204,Executor7,Stage1-1-0,0,0,0,0,0,0,0,0
1781909666367,Executor1,Stage1-2-0,0,0,0,0,0,0,0,0
1781909666370,Executor0,Stage0-0-0,0,0,0,0,0,0,0,0
1781909666621,Executor3,Stage1-0-0,0,0,0,0,0,0,0,0
1781909666927,Executor0,Stage0-0-0,0,0,0,0,0,0,0,0
1781909666927,Executor0,Stage0-1-0,0,0,0,0,0,0,0,0
1781909666927,Executor0,Stage0-2-0,0,0,0,0,0,0,0,0
1781909666927,Executor0,Stage0-3-0,0,0,0,0,0,0,0,0
1781909666978,Executor1,Stage1-0-0,0,0,0,0,0,0,0,0
1781909667176,Executor2,Stage1-3-0,0,0,0,0,0,0,0,0
1781909667204,Executor7,Stage1-1-0,0,0,0,0,0,0,0,0
1781909667367,Executor1,Stage1-2-0,0,0,0,0,0,0,0,0
1781909667370,Executor0,Stage0-0-0,0,0,0,0,0,0,0,0
1781909667620,Executor3,Stage1-0-0,0,0,0,0,0,0,0,0
1781909667927,Executor0,Stage0-0-0,0,0,0,0,0,0,0,0
1781909667927,Executor0,Stage0-1-0,0,0,0,0,0,0,0,0
1781909667927,Executor0,Stage0-2-0,0,0,0,0,0,0,0,0
1781909667927,Executor0,Stage0-3-0,0,0,0,0,0,0,0,0
1781909667978,Executor1,Stage1-0-0,0,0,0,0,0,0,0,0
1781909668176,Executor2,Stage1-3-0,0,0,0,0,0,0,0,0
1781909668204,Executor7,Stage1-1-0,0,0,0,0,0,0,0,0
1781909668367,Executor1,Stage1-2-0,0,0,0,0,0,0,0,0
1781909668370,Executor0,Stage0-0-0,0,0,0,0,0,0,0,0
1781909668620,Executor3,Stage1-0-0,0,0,0,0,0,0,0,0
1781909668927,Executor0,Stage0-0-0,0,0,0,0,0,0,0,0
1781909668927,Executor0,Stage0-1-0,0,0,0,0,0,0,0,0
1781909668927,Executor0,Stage0-2-0,0,0,0,0,0,0,0,0
1781909668927,Executor0,Stage0-3-0,0,0,0,0,0,0,0,0
1781909668978,Executor1,Stage1-0-0,0,0,0,0,0,0,0,0
1781909669176,Executor2,Stage1-3-0,0,0,0,0,0,0,0,0
1781909669204,Executor7,Stage1-1-0,0,0,0,0,0,0,0,0
1781909669367,Executor1,Stage1-2-0,0,0,0,0,0,0,0,0
1781909669370,Executor0,Stage0-0-0,0,0,0,0,0,0,0,0
1781909669620,Executor3,Stage1-0-0,0,0,0,0,0,0,0,0
1781909669927,Executor0,Stage0-0-0,0,0,0,0,0,0,0,0
1781909669927,Executor0,Stage0-1-0,0,0,0,0,0,0,0,0
1781909669927,Executor0,Stage0-2-0,0,0,0,0,0,0,0,0
1781909669927,Executor0,Stage0-3-0,0,0,0,0,0,0,0,0
1781909669978,Executor1,Stage1-0-0,0,0,0,0,0,0,0,0
1781909670176,Executor2,Stage1-3-0,0,0,0,0,0,0,0,0
1781909670204,Executor7,Stage1-1-0,0,0,0,0,0,0,0,0
1781909670367,Executor1,Stage1-2-0,0,0,0,0,0,0,0,0
1781909670370,Executor0,Stage0-0-0,0,0,0,0,0,0,0,0
1781909670621,Executor3,Stage1-0-0,0,0,0,0,0,0,0,0
1781909670927,Executor0,Stage0-0-0,0,0,0,0,0,0,0,0
1781909670927,Executor0,Stage0-1-0,0,0,0,0,0,0,0,0
1781909670927,Executor0,Stage0-2-0,0,0,0,0,0,0,0,0
1781909670927,Executor0,Stage0-3-0,0,0,0,0,0,0,0,0
1781909670978,Executor1,Stage1-0-0,0,0,0,0,0,0,0,0
1781909671176,Executor2,Stage1-3-0,0,0,0,0,0,0,0,0
1781909671204,Executor7,Stage1-1-0,0,0,0,0,0,0,0,0
1781909671367,Executor1,Stage1-2-0,0,0,0,0,0,0,0,0
1781909671370,Executor0,Stage0-0-0,0,0,0,0,0,0,0,0
1781909671621,Executor3,Stage1-0-0,0,0,0,0,0,0,0,0
1781909671927,Executor0,Stage0-0-0,0,0,0,0,0,0,0,0
1781909671927,Executor0,Stage0-1-0,0,0,0,0,0,0,0,0
1781909671927,Executor0,Stage0-2-0,0,0,0,0,0,0,0,0
1781909671927,Executor0,Stage0-3-0,0,0,0,0,0,0,0,0
1781909671978,Executor1,Stage1-0-0,0,0,0,0,0,0,0,0
1781909672176,Executor2,Stage1-3-0,0,0,0,0,0,0,0,0
1781909672204,Executor7,Stage1-1-0,0,0,0,0,0,0,0,0
1781909672367,Executor1,Stage1-2-0,0,0,0,0,0,0,0,0
1781909672370,Executor0,Stage0-0-0,0,0,0,0,0,0,0,0
1781909672621,Executor3,Stage1-0-0,0,0,0,0,0,0,0,0
1781909672927,Executor0,Stage0-0-0,0,0,0,0,0,0,0,0
1781909672927,Executor0,Stage0-1-0,0,0,0,0,0,0,0,0
1781909672927,Executor0,Stage0-2-0,0,0,0,0,0,0,0,0
1781909672927,Executor0,Stage0-3-0,0,0,0,0,0,0,0,0
1781909672978,Executor1,Stage1-0-0,0,0,0,0,0,0,0,0
1781909673176,Executor2,Stage1-3-0,0,0,0,0,0,0,0,0
1781909673204,Executor7,Stage1-1-0,0,0,0,0,0,0,0,0
1781909673367,Executor1,Stage1-2-0,0,0,0,0,0,0,0,0
1781909673370,Executor0,Stage0-0-0,0,0,0,0,0,0,0,0
1781909673620,Executor3,Stage1-0-0,0,0,0,0,0,0,0,0
1781909673927,Executor0,Stage0-0-0,0,0,0,0,0,0,0,0
1781909673927,Executor0,Stage0-1-0,0,0,0,0,0,0,0,0
1781909673927,Executor0,Stage0-2-0,0,0,0,0,0,0,0,0
1781909673927,Executor0,Stage0-3-0,0,0,0,0,0,0,0,0
1781909673978,Executor1,Stage1-0-0,0,0,0,0,0,0,0,0
1781909674176,Executor2,Stage1-3-0,0,0,0,0,0,0,0,0
1781909674204,Executor7,Stage1-1-0,0,0,0,0,0,0,0,0
1781909674367,Executor1,Stage1-2-0,0,0,0,0,0,0,0,0
1781909674370,Executor0,Stage0-0-0,0,0,0,0,0,0,0,0
1781909674621,Executor3,Stage1-0-0,0,0,0,0,0,0,0,0
1781909674927,Executor0,Stage0-0-0,0,0,0,0,0,0,0,0
1781909674927,Executor0,Stage0-1-0,0,0,0,0,0,0,0,0
1781909674927,Executor0,Stage0-2-0,0,0,0,0,0,0,0,0
1781909674927,Executor0,Stage0-3-0,0,0,0,0,0,0,0,0
1781909674978,Executor1,Stage1-0-0,0,0,0,0,0,0,0,0
1781909675176,Executor2,Stage1-3-0,0,0,0,0,0,0,0,0
1781909675204,Executor7,Stage1-1-0,0,0,0,0,0,0,0,0
1781909675367,Executor1,Stage1-2-0,0,0,0,0,0,0,0,0
1781909675370,Executor0,Stage0-0-0,0,0,0,0,0,0,0,0
1781909675620,Executor3,Stage1-0-0,0,0,0,0,0,0,0,0
1781909675927,Executor0,Stage0-0-0,0,0,0,0,0,0,0,0
1781909675927,Executor0,Stage0-1-0,0,0,0,0,0,0,0,0
1781909675927,Executor0,Stage0-2-0,0,0,0,0,0,0,0,0
1781909675927,Executor0,Stage0-3-0,0,0,0,0,0,0,0,0
1781909675978,Executor1,Stage1-0-0,0,0,0,0,0,0,0,0
1781909676176,Executor2,Stage1-3-0,0,0,0,0,0,0,0,0
1781909676204,Executor7,Stage1-1-0,0,0,0,0,0,0,0,0
1781909676367,Executor1,Stage1-2-0,0,0,0,0,0,0,0,0
1781909676370,Executor0,Stage0-0-0,0,0,0,0,0,0,0,0
1781909676620,Executor3,Stage1-0-0,0,0,0,0,0,0,0,0
1781909676927,Executor0,Stage0-0-0,0,0,0,0,0,0,0,0
1781909676927,Executor0,Stage0-1-0,0,0,0,0,0,0,0,0
1781909676927,Executor0,Stage0-2-0,0,0,0,0,0,0,0,0
1781909676927,Executor0,Stage0-3-0,0,0,0,0,0,0,0,0
1781909676978,Executor1,Stage1-0-0,0,0,0,0,0,0,0,0
1781909677176,Executor2,Stage1-3-0,0,0,0,0,0,0,0,0
1781909677204,Executor7,Stage1-1-0,0,0,0,0,0,0,0,0
1781909677367,Executor1,Stage1-2-0,0,0,0,0,0,0,0,0
1781909677370,Executor0,Stage0-0-0,0,0,0,0,0,0,0,0
1781909677620,Executor3,Stage1-0-0,0,0,0,0,0,0,0,0
1781909677927,Executor0,Stage0-0-0,0,0,0,0,0,0,0,0
1781909677927,Executor0,Stage0-1-0,0,0,0,0,0,0,0,0
1781909677927,Executor0,Stage0-2-0,0,0,0,0,0,0,0,0
1781909677927,Executor0,Stage0-3-0,0,0,0,0,0,0,0,0
1781909677978,Executor1,Stage1-0-0,0,0,0,0,0,0,0,0
1781909678176,Executor2,Stage1-3-0,0,0,0,0,0,0,0,0
1781909678204,Executor7,Stage1-1-0,0,0,0,0,0,0,0,0
1781909678367,Executor1,Stage1-2-0,0,0,0,0,0,0,0,0
1781909678370,Executor0,Stage0-0-0,0,0,0,0,0,0,0,0
1781909678620,Executor3,Stage1-0-0,0,0,0,0,0,0,0,0
1781909678927,Executor0,Stage0-0-0,0,0,0,0,0,0,0,0
1781909678927,Executor0,Stage0-1-0,0,0,0,0,0,0,0,0
1781909678927,Executor0,Stage0-2-0,0,0,0,0,0,0,0,0
1781909678927,Executor0,Stage0-3-0,0,0,0,0,0,0,0,0
1781909678978,Executor1,Stage1-0-0,0,0,0,0,0,0,0,0
1781909679176,Executor2,Stage1-3-0,0,0,0,0,0,0,0,0
1781909679204,Executor7,Stage1-1-0,0,0,0,0,0,0,0,0
1781909679367,Executor1,Stage1-2-0,0,0,0,0,0,0,0,0
1781909679370,Executor0,Stage0-0-0,0,0,0,0,0,0,0,0
1781909679620,Executor3,Stage1-0-0,0,0,0,0,0,0,0,0
1781909679927,Executor0,Stage0-0-0,0,0,0,0,0,0,0,0
1781909679927,Executor0,Stage0-1-0,0,0,0,0,0,0,0,0
1781909679927,Executor0,Stage0-2-0,0,0,0,0,0,0,0,0
1781909679927,Executor0,Stage0-3-0,0,0,0,0,0,0,0,0
1781909679978,Executor1,Stage1-0-0,0,0,0,0,0,0,0,0
1781909680176,Executor2,Stage1-3-0,0,0,0,0,0,0,0,0
1781909680204,Executor7,Stage1-1-0,0,0,0,0,0,0,0,0
1781909680367,Executor1,Stage1-2-0,0,0,0,0,0,0,0,0
1781909680370,Executor0,Stage0-0-0,0,0,0,0,0,0,0,0
1781909680621,Executor3,Stage1-0-0,0,0,0,0,0,0,0,0
1781909680927,Executor0,Stage0-0-0,0,0,0,0,0,0,0,0
1781909680927,Executor0,Stage0-1-0,0,0,0,0,0,0,0,0
1781909680927,Executor0,Stage0-2-0,0,0,0,0,0,0,0,0
1781909680927,Executor0,Stage0-3-0,0,0,0,0,0,0,0,0
1781909680978,Executor1,Stage1-0-0,0,0,0,0,0,0,0,0
1781909681176,Executor2,Stage1-3-0,0,0,0,0,0,0,0,0
1781909681204,Executor7,Stage1-1-0,0,0,0,0,0,0,0,0
1781909681367,Executor1,Stage1-2-0,0,0,0,0,0,0,0,0
1781909681370,Executor0,Stage0-0-0,0,0,0,0,0,0,0,0
1781909681620,Executor3,Stage1-0-0,0,0,0,0,0,0,0,0
1781909681927,Executor0,Stage0-0-0,0,0,0,0,0,0,0,0
1781909681927,Executor0,Stage0-1-0,0,0,0,0,0,0,0,0
1781909681927,Executor0,Stage0-2-0,0,0,0,0,0,0,0,0
1781909681927,Executor0,Stage0-3-0,0,0,0,0,0,0,0,0
1781909681978,Executor1,Stage1-0-0,0,0,0,0,0,0,0,0
1781909682176,Executor2,Stage1-3-0,0,0,0,0,0,0,0,0
1781909682204,Executor7,Stage1-1-0,0,0,0,0,0,0,0,0
1781909682367,Executor1,Stage1-2-0,0,0,0,0,0,0,0,0
1781909682370,Executor0,Stage0-0-0,0,0,0,0,0,0,0,0
1781909682620,Executor3,Stage1-0-0,0,0,0,0,0,0,0,0
1781909682927,Executor0,Stage0-0-0,0,0,0,0,0,0,0,0
1781909682927,Executor0,Stage0-1-0,0,0,0,0,0,0,0,0
1781909682927,Executor0,Stage0-2-0,0,0,0,0,0,0,0,0
1781909682927,Executor0,Stage0-3-0,0,0,0,0,0,0,0,0
1781909682978,Executor1,Stage1-0-0,0,0,0,0,0,0,0,0
1781909683176,Executor2,Stage1-3-0,0,0,0,0,0,0,0,0
1781909683204,Executor7,Stage1-1-0,0,0,0,0,0,0,0,0
1781909683367,Executor1,Stage1-2-0,0,0,0,0,0,0,0,0
1781909683370,Executor0,Stage0-0-0,0,0,0,0,0,0,0,0
1781909683621,Executor3,Stage1-0-0,0,0,0,0,0,0,0,0
1781909683927,Executor0,Stage0-0-0,0,0,0,0,0,0,0,0
1781909683927,Executor0,Stage0-1-0,0,0,0,0,0,0,0,0
1781909683927,Executor0,Stage0-2-0,0,0,0,0,0,0,0,0
1781909683927,Executor0,Stage0-3-0,0,0,0,0,0,0,0,0
1781909683978,Executor1,Stage1-0-0,0,0,0,0,0,0,0,0
1781909684176,Executor2,Stage1-3-0,0,0,0,0,0,0,0,0
1781909684204,Executor7,Stage1-1-0,0,0,0,0,0,0,0,0
1781909684367,Executor1,Stage1-2-0,0,0,0,0,0,0,0,0
1781909684370,Executor0,Stage0-0-0,0,0,0,0,0,0,0,0
1781909684673,Executor3,Stage1-0-0,0,0,0,0,0,0,0,0
1781909684927,Executor0,Stage0-0-0,0,0,0,0,0,0,0,0
1781909684927,Executor0,Stage0-1-0,0,0,0,0,0,0,0,0
1781909684927,Executor0,Stage0-2-0,0,0,0,0,0,0,0,0
1781909684927,Executor0,Stage0-3-0,0,0,0,0,0,0,0,0
1781909684978,Executor1,Stage1-0-0,0,0,0,0,0,0,0,0
1781909685176,Executor2,Stage1-3-0,0,0,0,0,0,0,0,0
1781909685204,Executor7,Stage1-1-0,0,0,0,0,0,0,0,0
1781909685367,Executor1,Stage1-2-0,0,0,0,0,0,0,0,0
1781909685370,Executor0,Stage0-0-0,0,0,0,0,0,0,0,0
1781909685620,Executor3,Stage1-0-0,0,0,0,0,0,0,0,0
1781909685927,Executor0,Stage0-0-0,0,0,0,0,0,0,0,0
1781909685927,Executor0,Stage0-1-0,0,0,0,0,0,0,0,0
1781909685927,Executor0,Stage0-2-0,0,0,0,0,0,0,0,0
1781909685927,Executor0,Stage0-3-0,0,0,0,0,0,0,0,0
1781909685978,Executor1,Stage1-0-0,0,0,0,0,0,0,0,0
1781909686176,Executor2,Stage1-3-0,0,0,0,0,0,0,0,0
1781909686204,Executor7,Stage1-1-0,0,0,0,0,0,0,0,0
1781909686367,Executor1,Stage1-2-0,0,0,0,0,0,0,0,0
1781909686370,Executor0,Stage0-0-0,0,0,0,0,0,0,0,0
1781909686621,Executor3,Stage1-0-0,0,0,0,0,0,0,0,0
1781909686927,Executor0,Stage0-0-0,0,0,0,0,0,0,0,0
1781909686927,Executor0,Stage0-1-0,0,0,0,0,0,0,0,0
1781909686927,Executor0,Stage0-2-0,0,0,0,0,0,0,0,0
1781909686927,Executor0,Stage0-3-0,0,0,0,0,0,0,0,0
1781909686978,Executor1,Stage1-0-0,0,0,0,0,0,0,0,0
1781909687176,Executor2,Stage1-3-0,0,0,0,0,0,0,0,0
1781909687204,Executor7,Stage1-1-0,0,0,0,0,0,0,0,0
1781909687367,Executor1,Stage1-2-0,0,0,0,0,0,0,0,0
1781909687370,Executor0,Stage0-0-0,0,0,0,0,0,0,0,0
1781909687621,Executor3,Stage1-0-0,0,0,0,0,0,0,0,0
1781909687927,Executor0,Stage0-0-0,0,0,0,0,0,0,0,0
1781909687927,Executor0,Stage0-1-0,0,0,0,0,0,0,0,0
1781909687927,Executor0,Stage0-2-0,0,0,0,0,0,0,0,0
1781909687927,Executor0,Stage0-3-0,0,0,0,0,0,0,0,0
1781909687978,Executor1,Stage1-0-0,0,0,0,0,0,0,0,0
1781909688176,Executor2,Stage1-3-0,0,0,0,0,0,0,0,0
1781909688204,Executor7,Stage1-1-0,0,0,0,0,0,0,0,0
1781909688367,Executor1,Stage1-2-0,0,0,0,0,0,0,0,0
1781909688370,Executor0,Stage0-0-0,0,0,0,0,0,0,0,0
1781909688620,Executor3,Stage1-0-0,0,0,0,0,0,0,0,0
1781909688927,Executor0,Stage0-0-0,0,0,0,0,0,0,0,0
1781909688927,Executor0,Stage0-1-0,0,0,0,0,0,0,0,0
1781909688927,Executor0,Stage0-2-0,0,0,0,0,0,0,0,0
1781909688927,Executor0,Stage0-3-0,0,0,0,0,0,0,0,0
1781909688978,Executor1,Stage1-0-0,0,0,0,0,0,0,0,0
1781909689176,Executor2,Stage1-3-0,0,0,0,0,0,0,0,0
1781909689204,Executor7,Stage1-1-0,0,0,0,0,0,0,0,0
1781909689367,Executor1,Stage1-2-0,0,0,0,0,0,0,0,0
1781909689370,Executor0,Stage0-0-0,0,0,0,0,0,0,0,0
1781909689620,Executor3,Stage1-0-0,0,0,0,0,0,0,0,0
1781909689927,Executor0,Stage0-0-0,0,0,0,0,0,0,0,0
1781909689927,Executor0,Stage0-1-0,0,0,0,0,0,0,0,0
1781909689927,Executor0,Stage0-2-0,0,0,0,0,0,0,0,0
1781909689927,Executor0,Stage0-3-0,0,0,0,0,0,0,0,0
1781909689978,Executor1,Stage1-0-0,0,0,0,0,0,0,0,0
1781909690176,Executor2,Stage1-3-0,0,0,0,0,0,0,0,0
1781909690204,Executor7,Stage1-1-0,0,0,0,0,0,0,0,0
1781909690367,Executor1,Stage1-2-0,0,0,0,0,0,0,0,0
1781909690370,Executor0,Stage0-0-0,0,0,0,0,0,0,0,0
1781909690621,Executor3,Stage1-0-0,0,0,0,0,0,0,0,0
1781909690927,Executor0,Stage0-0-0,0,0,0,0,0,0,0,0
1781909690927,Executor0,Stage0-1-0,0,0,0,0,0,0,0,0
1781909690927,Executor0,Stage0-2-0,0,0,0,0,0,0,0,0
1781909690927,Executor0,Stage0-3-0,0,0,0,0,0,0,0,0
1781909690978,Executor1,Stage1-0-0,0,0,0,0,0,0,0,0
1781909691176,Executor2,Stage1-3-0,0,0,0,0,0,0,0,0
1781909691204,Executor7,Stage1-1-0,0,0,0,0,0,0,0,0
1781909691367,Executor1,Stage1-2-0,0,0,0,0,0,0,0,0
1781909691370,Executor0,Stage0-0-0,0,0,0,0,0,0,0,0
1781909691620,Executor3,Stage1-0-0,0,0,0,0,0,0,0,0
1781909691927,Executor0,Stage0-0-0,0,0,0,0,0,0,0,0
1781909691927,Executor0,Stage0-1-0,0,0,0,0,0,0,0,0
1781909691927,Executor0,Stage0-2-0,0,0,0,0,0,0,0,0
1781909691927,Executor0,Stage0-3-0,0,0,0,0,0,0,0,0
1781909691978,Executor1,Stage1-0-0,0,0,0,0,0,0,0,0
1781909692176,Executor2,Stage1-3-0,0,0,0,0,0,0,0,0
1781909692204,Executor7,Stage1-1-0,0,0,0,0,0,0,0,0
1781909692367,Executor1,Stage1-2-0,0,0,0,0,0,0,0,0
1781909692370,Executor0,Stage0-0-0,0,0,0,0,0,0,0,0
1781909692620,Executor3,Stage1-0-0,0,0,0,0,0,0,0,0
1781909692927,Executor0,Stage0-0-0,0,0,0,0,0,0,0,0
1781909692927,Executor0,Stage0-1-0,0,0,0,0,0,0,0,0
1781909692927,Executor0,Stage0-2-0,0,0,0,0,0,0,0,0
1781909692927,Executor0,Stage0-3-0,0,0,0,0,0,0,0,0
1781909692978,Executor1,Stage1-0-0,0,0,0,0,0,0,0,0
1781909693176,Executor2,Stage1-3-0,0,0,0,0,0,0,0,0
1781909693204,Executor7,Stage1-1-0,0,0,0,0,0,0,0,0
1781909693367,Executor1,Stage1-2-0,0,0,0,0,0,0,0,0
1781909693370,Executor0,Stage0-0-0,0,0,0,0,0,0,0,0
1781909693620,Executor3,Stage1-0-0,0,0,0,0,0,0,0,0
1781909693927,Executor0,Stage0-0-0,0,0,0,0,0,0,0,0
1781909693927,Executor0,Stage0-1-0,0,0,0,0,0,0,0,0
1781909693927,Executor0,Stage0-2-0,0,0,0,0,0,0,0,0
1781909693927,Executor0,Stage0-3-0,0,0,0,0,0,0,0,0
1781909693978,Executor1,Stage1-0-0,0,0,0,0,0,0,0,0
1781909694176,Executor2,Stage1-3-0,0,0,0,0,0,0,0,0
1781909694204,Executor7,Stage1-1-0,0,0,0,0,0,0,0,0
1781909694367,Executor1,Stage1-2-0,0,0,0,0,0,0,0,0
1781909694370,Executor0,Stage0-0-0,0,0,0,0,0,0,0,0
1781909694652,Executor3,Stage1-0-0,0,0,0,0,0,0,0,0
1781909694927,Executor0,Stage0-0-0,0,0,0,0,0,0,0,0
1781909694927,Executor0,Stage0-1-0,0,0,0,0,0,0,0,0
1781909694927,Executor0,Stage0-2-0,0,0,0,0,0,0,0,0
1781909694927,Executor0,Stage0-3-0,0,0,0,0,0,0,0,0
1781909694978,Executor1,Stage1-0-0,0,0,0,0,0,0,0,0
1781909695176,Executor2,Stage1-3-0,0,0,0,0,0,0,0,0
1781909695204,Executor7,Stage1-1-0,0,0,0,0,0,0,0,0
1781909695367,Executor1,Stage1-2-0,0,0,0,0,0,0,0,0
1781909695370,Executor0,Stage0-0-0,0,0,0,0,0,0,0,0
1781909695620,Executor3,Stage1-0-0,0,0,0,0,0,0,0,0
1781909695927,Executor0,Stage0-0-0,0,0,0,0,0,0,0,0
1781909695927,Executor0,Stage0-1-0,0,0,0,0,0,0,0,0
1781909695927,Executor0,Stage0-2-0,0,0,0,0,0,0,0,0
1781909695927,Executor0,Stage0-3-0,0,0,0,0,0,0,0,0
1781909695978,Executor1,Stage1-0-0,0,0,0,0,0,0,0,0
1781909696176,Executor2,Stage1-3-0,0,0,0,0,0,0,0,0
1781909696204,Executor7,Stage1-1-0,0,0,0,0,0,0,0,0
1781909696367,Executor1,Stage1-2-0,0,0,0,0,0,0,0,0
1781909696370,Executor0,Stage0-0-0,0,0,0,0,0,0,0,0
1781909696620,Executor3,Stage1-0-0,0,0,0,0,0,0,0,0
1781909696927,Executor0,Stage0-0-0,0,0,0,0,0,0,0,0
1781909696927,Executor0,Stage0-1-0,0,0,0,0,0,0,0,0
1781909696927,Executor0,Stage0-2-0,0,0,0,0,0,0,0,0
1781909696927,Executor0,Stage0-3-0,0,0,0,0,0,0,0,0
1781909696978,Executor1,Stage1-0-0,0,0,0,0,0,0,0,0
1781909697176,Executor2,Stage1-3-0,0,0,0,0,0,0,0,0
1781909697204,Executor7,Stage1-1-0,0,0,0,0,0,0,0,0
1781909697367,Executor1,Stage1-2-0,0,0,0,0,0,0,0,0
1781909697370,Executor0,Stage0-0-0,0,0,0,0,0,0,0,0
1781909697620,Executor3,Stage1-0-0,0,0,0,0,0,0,0,0
1781909697927,Executor0,Stage0-0-0,0,0,0,0,0,0,0,0
1781909697927,Executor0,Stage0-1-0,0,0,0,0,0,0,0,0
1781909697927,Executor0,Stage0-2-0,0,0,0,0,0,0,0,0
1781909697927,Executor0,Stage0-3-0,0,0,0,0,0,0,0,0
1781909697978,Executor1,Stage1-0-0,0,0,0,0,0,0,0,0
1781909698176,Executor2,Stage1-3-0,0,0,0,0,0,0,0,0
1781909698204,Executor7,Stage1-1-0,0,0,0,0,0,0,0,0
1781909698367,Executor1,Stage1-2-0,0,0,0,0,0,0,0,0
1781909698370,Executor0,Stage0-0-0,0,0,0,0,0,0,0,0
1781909698620,Executor3,Stage1-0-0,0,0,0,0,0,0,0,0
1781909698927,Executor0,Stage0-0-0,0,0,0,0,0,0,0,0
1781909698927,Executor0,Stage0-1-0,0,0,0,0,0,0,0,0
1781909698927,Executor0,Stage0-2-0,0,0,0,0,0,0,0,0
1781909698927,Executor0,Stage0-3-0,0,0,0,0,0,0,0,0
1781909698978,Executor1,Stage1-0-0,0,0,0,0,0,0,0,0
1781909699176,Executor2,Stage1-3-0,0,0,0,0,0,0,0,0
1781909699204,Executor7,Stage1-1-0,0,0,0,0,0,0,0,0
1781909699367,Executor1,Stage1-2-0,0,0,0,0,0,0,0,0
1781909699370,Executor0,Stage0-0-0,0,0,0,0,0,0,0,0
1781909699620,Executor3,Stage1-0-0,0,0,0,0,0,0,0,0
1781909699927,Executor0,Stage0-0-0,0,0,0,0,0,0,0,0
1781909699927,Executor0,Stage0-1-0,0,0,0,0,0,0,0,0
1781909699927,Executor0,Stage0-2-0,0,0,0,0,0,0,0,0
1781909699927,Executor0,Stage0-3-0,0,0,0,0,0,0,0,0
1781909699978,Executor1,Stage1-0-0,0,0,0,0,0,0,0,0
1781909700176,Executor2,Stage1-3-0,0,0,0,0,0,0,0,0
1781909700204,Executor7,Stage1-1-0,0,0,0,0,0,0,0,0
1781909700367,Executor1,Stage1-2-0,0,0,0,0,0,0,0,0
1781909700370,Executor0,Stage0-0-0,0,0,0,0,0,0,0,0
1781909700620,Executor3,Stage1-0-0,0,0,0,0,0,0,0,0
1781909700927,Executor0,Stage0-0-0,0,0,0,0,0,0,0,0
1781909700927,Executor0,Stage0-1-0,0,0,0,0,0,0,0,0
1781909700927,Executor0,Stage0-2-0,0,0,0,0,0,0,0,0
1781909700927,Executor0,Stage0-3-0,0,0,0,0,0,0,0,0
1781909700978,Executor1,Stage1-0-0,0,0,0,0,0,0,0,0
1781909701176,Executor2,Stage1-3-0,0,0,0,0,0,0,0,0
1781909701204,Executor7,Stage1-1-0,0,0,0,0,0,0,0,0
1781909701367,Executor1,Stage1-2-0,0,0,0,0,0,0,0,0
1781909701370,Executor0,Stage0-0-0,0,0,0,0,0,0,0,0
1781909701620,Executor3,Stage1-0-0,0,0,0,0,0,0,0,0
1781909701927,Executor0,Stage0-0-0,0,0,0,0,0,0,0,0
1781909701927,Executor0,Stage0-1-0,0,0,0,0,0,0,0,0
1781909701927,Executor0,Stage0-2-0,0,0,0,0,0,0,0,0
1781909701927,Executor0,Stage0-3-0,0,0,0,0,0,0,0,0
1781909701978,Executor1,Stage1-0-0,0,0,0,0,0,0,0,0
1781909702176,Executor2,Stage1-3-0,0,0,0,0,0,0,0,0
1781909702204,Executor7,Stage1-1-0,0,0,0,0,0,0,0,0
1781909702367,Executor1,Stage1-2-0,0,0,0,0,0,0,0,0
1781909702370,Executor0,Stage0-0-0,0,0,0,0,0,0,0,0
1781909702621,Executor3,Stage1-0-0,0,0,0,0,0,0,0,0
1781909702927,Executor0,Stage0-0-0,0,0,0,0,0,0,0,0
1781909702927,Executor0,Stage0-1-0,0,0,0,0,0,0,0,0
1781909702927,Executor0,Stage0-2-0,0,0,0,0,0,0,0,0
1781909702927,Executor0,Stage0-3-0,0,0,0,0,0,0,0,0
1781909702978,Executor1,Stage1-0-0,0,0,0,0,0,0,0,0
1781909703176,Executor2,Stage1-3-0,0,0,0,0,0,0,0,0
1781909703204,Executor7,Stage1-1-0,0,0,0,0,0,0,0,0
1781909703367,Executor1,Stage1-2-0,0,0,0,0,0,0,0,0
1781909703370,Executor0,Stage0-0-0,0,0,0,0,0,0,0,0
1781909703621,Executor3,Stage1-0-0,0,0,0,0,0,0,0,0
1781909703927,Executor0,Stage0-0-0,0,0,0,0,0,0,0,0
1781909703927,Executor0,Stage0-1-0,0,0,0,0,0,0,0,0
1781909703927,Executor0,Stage0-2-0,0,0,0,0,0,0,0,0
1781909703927,Executor0,Stage0-3-0,0,0,0,0,0,0,0,0
1781909703978,Executor1,Stage1-0-0,0,0,0,0,0,0,0,0
1781909704176,Executor2,Stage1-3-0,0,0,0,0,0,0,0,0
1781909704204,Executor7,Stage1-1-0,0,0,0,0,0,0,0,0
1781909704367,Executor1,Stage1-2-0,0,0,0,0,0,0,0,0
1781909704370,Executor0,Stage0-0-0,0,0,0,0,0,0,0,0
1781909704658,Executor3,Stage1-0-0,0,0,0,0,0,0,0,0
1781909704927,Executor0,Stage0-0-0,0,0,0,0,0,0,0,0
1781909704927,Executor0,Stage0-1-0,0,0,0,0,0,0,0,0
1781909704927,Executor0,Stage0-2-0,0,0,0,0,0,0,0,0
1781909704927,Executor0,Stage0-3-0,0,0,0,0,0,0,0,0
1781909704978,Executor1,Stage1-0-0,0,0,0,0,0,0,0,0
1781909705176,Executor2,Stage1-3-0,0,0,0,0,0,0,0,0
1781909705204,Executor7,Stage1-1-0,0,0,0,0,0,0,0,0
1781909705367,Executor1,Stage1-2-0,0,0,0,0,0,0,0,0
1781909705370,Executor0,Stage0-0-0,0,0,0,0,0,0,0,0
1781909705621,Executor3,Stage1-0-0,0,0,0,0,0,0,0,0
1781909705927,Executor0,Stage0-0-0,0,0,0,0,0,0,0,0
1781909705927,Executor0,Stage0-1-0,0,0,0,0,0,0,0,0
1781909705927,Executor0,Stage0-2-0,0,0,0,0,0,0,0,0
1781909705927,Executor0,Stage0-3-0,0,0,0,0,0,0,0,0
1781909705978,Executor1,Stage1-0-0,0,0,0,0,0,0,0,0
1781909706176,Executor2,Stage1-3-0,0,0,0,0,0,0,0,0
1781909706204,Executor7,Stage1-1-0,0,0,0,0,0,0,0,0
1781909706367,Executor1,Stage1-2-0,0,0,0,0,0,0,0,0
1781909706370,Executor0,Stage0-0-0,0,0,0,0,0,0,0,0
1781909706620,Executor3,Stage1-0-0,0,0,0,0,0,0,0,0
1781909706927,Executor0,Stage0-0-0,0,0,0,0,0,0,0,0
1781909706927,Executor0,Stage0-1-0,0,0,0,0,0,0,0,0
1781909706927,Executor0,Stage0-2-0,0,0,0,0,0,0,0,0
1781909706927,Executor0,Stage0-3-0,0,0,0,0,0,0,0,0
1781909706978,Executor1,Stage1-0-0,0,0,0,0,0,0,0,0
1781909707176,Executor2,Stage1-3-0,0,0,0,0,0,0,0,0
1781909707204,Executor7,Stage1-1-0,0,0,0,0,0,0,0,0
1781909707367,Executor1,Stage1-2-0,0,0,0,0,0,0,0,0
1781909707370,Executor0,Stage0-0-0,0,0,0,0,0,0,0,0
1781909707621,Executor3,Stage1-0-0,0,0,0,0,0,0,0,0
1781909707927,Executor0,Stage0-0-0,0,0,0,0,0,0,0,0
1781909707927,Executor0,Stage0-1-0,0,0,0,0,0,0,0,0
1781909707927,Executor0,Stage0-2-0,0,0,0,0,0,0,0,0
1781909707927,Executor0,Stage0-3-0,0,0,0,0,0,0,0,0
1781909707978,Executor1,Stage1-0-0,0,0,0,0,0,0,0,0
1781909708176,Executor2,Stage1-3-0,0,0,0,0,0,0,0,0
1781909708204,Executor7,Stage1-1-0,0,0,0,0,0,0,0,0
1781909708367,Executor1,Stage1-2-0,0,0,0,0,0,0,0,0
1781909708370,Executor0,Stage0-0-0,0,0,0,0,0,0,0,0
1781909708621,Executor3,Stage1-0-0,0,0,0,0,0,0,0,0
1781909708927,Executor0,Stage0-0-0,0,0,0,0,0,0,0,0
1781909708927,Executor0,Stage0-1-0,0,0,0,0,0,0,0,0
1781909708927,Executor0,Stage0-2-0,0,0,0,0,0,0,0,0
1781909708927,Executor0,Stage0-3-0,0,0,0,0,0,0,0,0
1781909708978,Executor1,Stage1-0-0,0,0,0,0,0,0,0,0
1781909709176,Executor2,Stage1-3-0,0,0,0,0,0,0,0,0
1781909709204,Executor7,Stage1-1-0,0,0,0,0,0,0,0,0
1781909709367,Executor1,Stage1-2-0,0,0,0,0,0,0,0,0
1781909709370,Executor0,Stage0-0-0,0,0,0,0,0,0,0,0
1781909709621,Executor3,Stage1-0-0,0,0,0,0,0,0,0,0
1781909709927,Executor0,Stage0-0-0,0,0,0,0,0,0,0,0
1781909709927,Executor0,Stage0-1-0,0,0,0,0,0,0,0,0
1781909709927,Executor0,Stage0-2-0,0,0,0,0,0,0,0,0
1781909709927,Executor0,Stage0-3-0,0,0,0,0,0,0,0,0
1781909709978,Executor1,Stage1-0-0,0,0,0,0,0,0,0,0
1781909710176,Executor2,Stage1-3-0,0,0,0,0,0,0,0,0
1781909710204,Executor7,Stage1-1-0,0,0,0,0,0,0,0,0
1781909710367,Executor1,Stage1-2-0,0,0,0,0,0,0,0,0
1781909710370,Executor0,Stage0-0-0,0,0,0,0,0,0,0,0
1781909710620,Executor3,Stage1-0-0,0,0,0,0,0,0,0,0
1781909710927,Executor0,Stage0-0-0,0,0,0,0,0,0,0,0
1781909710927,Executor0,Stage0-1-0,0,0,0,0,0,0,0,0
1781909710927,Executor0,Stage0-2-0,0,0,0,0,0,0,0,0
1781909710927,Executor0,Stage0-3-0,0,0,0,0,0,0,0,0
1781909710978,Executor1,Stage1-0-0,0,0,0,0,0,0,0,0
1781909711176,Executor2,Stage1-3-0,0,0,0,0,0,0,0,0
1781909711204,Executor7,Stage1-1-0,0,0,0,0,0,0,0,0
1781909711367,Executor1,Stage1-2-0,0,0,0,0,0,0,0,0
1781909711370,Executor0,Stage0-0-0,0,0,0,0,0,0,0,0
1781909711620,Executor3,Stage1-0-0,0,0,0,0,0,0,0,0
1781909711927,Executor0,Stage0-0-0,0,0,0,0,0,0,0,0
1781909711927,Executor0,Stage0-1-0,0,0,0,0,0,0,0,0
1781909711927,Executor0,Stage0-2-0,0,0,0,0,0,0,0,0
1781909711927,Executor0,Stage0-3-0,0,0,0,0,0,0,0,0
1781909711978,Executor1,Stage1-0-0,0,0,0,0,0,0,0,0
1781909712176,Executor2,Stage1-3-0,0,0,0,0,0,0,0,0
1781909712204,Executor7,Stage1-1-0,0,0,0,0,0,0,0,0
1781909712367,Executor1,Stage1-2-0,0,0,0,0,0,0,0,0
1781909712370,Executor0,Stage0-0-0,0,0,0,0,0,0,0,0
1781909712621,Executor3,Stage1-0-0,0,0,0,0,0,0,0,0
1781909712927,Executor0,Stage0-0-0,0,0,0,0,0,0,0,0
1781909712927,Executor0,Stage0-1-0,0,0,0,0,0,0,0,0
1781909712927,Executor0,Stage0-2-0,0,0,0,0,0,0,0,0
1781909712927,Executor0,Stage0-3-0,0,0,0,0,0,0,0,0
1781909712978,Executor1,Stage1-0-0,0,0,0,0,0,0,0,0
1781909713176,Executor2,Stage1-3-0,0,0,0,0,0,0,0,0
1781909713204,Executor7,Stage1-1-0,0,0,0,0,0,0,0,0
1781909713367,Executor1,Stage1-2-0,0,0,0,0,0,0,0,0
1781909713370,Executor0,Stage0-0-0,0,0,0,0,0,0,0,0
1781909713620,Executor3,Stage1-0-0,0,0,0,0,0,0,0,0
1781909713927,Executor0,Stage0-0-0,0,0,0,0,0,0,0,0
1781909713927,Executor0,Stage0-1-0,0,0,0,0,0,0,0,0
1781909713927,Executor0,Stage0-2-0,0,0,0,0,0,0,0,0
1781909713927,Executor0,Stage0-3-0,0,0,0,0,0,0,0,0
1781909713978,Executor1,Stage1-0-0,0,0,0,0,0,0,0,0
1781909714176,Executor2,Stage1-3-0,0,0,0,0,0,0,0,0
1781909714204,Executor7,Stage1-1-0,0,0,0,0,0,0,0,0
1781909714367,Executor1,Stage1-2-0,0,0,0,0,0,0,0,0
1781909714370,Executor0,Stage0-0-0,0,0,0,0,0,0,0,0
1781909714625,Executor3,Stage1-0-0,0,0,0,0,0,0,0,0
1781909714927,Executor0,Stage0-0-0,0,0,0,0,0,0,0,0
1781909714927,Executor0,Stage0-1-0,0,0,0,0,0,0,0,0
1781909714927,Executor0,Stage0-2-0,0,0,0,0,0,0,0,0
1781909714927,Executor0,Stage0-3-0,0,0,0,0,0,0,0,0
1781909714978,Executor1,Stage1-0-0,0,0,0,0,0,0,0,0
1781909715176,Executor2,Stage1-3-0,0,0,0,0,0,0,0,0
1781909715204,Executor7,Stage1-1-0,0,0,0,0,0,0,0,0
1781909715367,Executor1,Stage1-2-0,0,0,0,0,0,0,0,0
1781909715370,Executor0,Stage0-0-0,0,0,0,0,0,0,0,0
1781909715620,Executor3,Stage1-0-0,0,0,0,0,0,0,0,0
1781909715927,Executor0,Stage0-0-0,0,0,0,0,0,0,0,0
1781909715927,Executor0,Stage0-1-0,0,0,0,0,0,0,0,0
1781909715927,Executor0,Stage0-2-0,0,0,0,0,0,0,0,0
1781909715927,Executor0,Stage0-3-0,0,0,0,0,0,0,0,0
1781909715978,Executor1,Stage1-0-0,0,0,0,0,0,0,0,0
1781909716176,Executor2,Stage1-3-0,0,0,0,0,0,0,0,0
1781909716204,Executor7,Stage1-1-0,0,0,0,0,0,0,0,0
1781909716367,Executor1,Stage1-2-0,0,0,0,0,0,0,0,0
1781909716370,Executor0,Stage0-0-0,0,0,0,0,0,0,0,0
1781909716620,Executor3,Stage1-0-0,0,0,0,0,0,0,0,0
1781909716927,Executor0,Stage0-0-0,0,0,0,0,0,0,0,0
1781909716927,Executor0,Stage0-1-0,0,0,0,0,0,0,0,0
1781909716927,Executor0,Stage0-2-0,0,0,0,0,0,0,0,0
1781909716927,Executor0,Stage0-3-0,0,0,0,0,0,0,0,0
1781909716978,Executor1,Stage1-0-0,0,0,0,0,0,0,0,0
1781909717176,Executor2,Stage1-3-0,0,0,0,0,0,0,0,0
1781909717204,Executor7,Stage1-1-0,0,0,0,0,0,0,0,0
1781909717367,Executor1,Stage1-2-0,0,0,0,0,0,0,0,0
1781909717370,Executor0,Stage0-0-0,0,0,0,0,0,0,0,0
1781909717621,Executor3,Stage1-0-0,0,0,0,0,0,0,0,0
1781909717927,Executor0,Stage0-0-0,0,0,0,0,0,0,0,0
1781909717927,Executor0,Stage0-1-0,0,0,0,0,0,0,0,0
1781909717927,Executor0,Stage0-2-0,0,0,0,0,0,0,0,0
1781909717927,Executor0,Stage0-3-0,0,0,0,0,0,0,0,0
1781909717978,Executor1,Stage1-0-0,0,0,0,0,0,0,0,0
1781909718176,Executor2,Stage1-3-0,0,0,0,0,0,0,0,0
1781909718204,Executor7,Stage1-1-0,0,0,0,0,0,0,0,0
1781909718367,Executor1,Stage1-2-0,0,0,0,0,0,0,0,0
1781909718370,Executor0,Stage0-0-0,0,0,0,0,0,0,0,0
1781909718621,Executor3,Stage1-0-0,0,0,0,0,0,0,0,0
1781909718927,Executor0,Stage0-0-0,0,0,0,0,0,0,0,0
1781909718927,Executor0,Stage0-1-0,0,0,0,0,0,0,0,0
1781909718927,Executor0,Stage0-2-0,0,0,0,0,0,0,0,0
1781909718927,Executor0,Stage0-3-0,0,0,0,0,0,0,0,0
1781909718978,Executor1,Stage1-0-0,0,0,0,0,0,0,0,0
1781909719176,Executor2,Stage1-3-0,0,0,0,0,0,0,0,0
1781909719204,Executor7,Stage1-1-0,0,0,0,0,0,0,0,0
1781909719367,Executor1,Stage1-2-0,0,0,0,0,0,0,0,0
1781909719370,Executor0,Stage0-0-0,0,0,0,0,0,0,0,0
1781909719620,Executor3,Stage1-0-0,0,0,0,0,0,0,0,0
1781909719927,Executor0,Stage0-0-0,0,0,0,0,0,0,0,0
1781909719927,Executor0,Stage0-1-0,0,0,0,0,0,0,0,0
1781909719927,Executor0,Stage0-2-0,0,0,0,0,0,0,0,0
1781909719927,Executor0,Stage0-3-0,0,0,0,0,0,0,0,0
1781909719978,Executor1,Stage1-0-0,0,0,0,0,0,0,0,0
1781909720176,Executor2,Stage1-3-0,0,0,0,0,0,0,0,0
1781909720204,Executor7,Stage1-1-0,0,0,0,0,0,0,0,0
1781909720367,Executor1,Stage1-2-0,0,0,0,0,0,0,0,0
1781909720370,Executor0,Stage0-0-0,0,0,0,0,0,0,0,0
1781909720621,Executor3,Stage1-0-0,0,0,0,0,0,0,0,0
1781909720927,Executor0,Stage0-0-0,0,0,0,0,0,0,0,0
1781909720927,Executor0,Stage0-1-0,0,0,0,0,0,0,0,0
1781909720927,Executor0,Stage0-2-0,0,0,0,0,0,0,0,0
1781909720927,Executor0,Stage0-3-0,0,0,0,0,0,0,0,0
1781909720978,Executor1,Stage1-0-0,0,0,0,0,0,0,0,0
1781909721176,Executor2,Stage1-3-0,0,0,0,0,0,0,0,0
1781909721204,Executor7,Stage1-1-0,0,0,0,0,0,0,0,0
1781909721367,Executor1,Stage1-2-0,0,0,0,0,0,0,0,0
1781909721370,Executor0,Stage0-0-0,0,0,0,0,0,0,0,0
1781909721621,Executor3,Stage1-0-0,0,0,0,0,0,0,0,0
1781909721927,Executor0,Stage0-0-0,0,0,0,0,0,0,0,0
1781909721927,Executor0,Stage0-1-0,0,0,0,0,0,0,0,0
1781909721927,Executor0,Stage0-2-0,0,0,0,0,0,0,0,0
1781909721927,Executor0,Stage0-3-0,0,0,0,0,0,0,0,0
1781909721978,Executor1,Stage1-0-0,0,0,0,0,0,0,0,0
1781909722176,Executor2,Stage1-3-0,0,0,0,0,0,0,0,0
1781909722204,Executor7,Stage1-1-0,0,0,0,0,0,0,0,0
1781909722367,Executor1,Stage1-2-0,0,0,0,0,0,0,0,0
1781909722370,Executor0,Stage0-0-0,0,0,0,0,0,0,0,0
1781909722621,Executor3,Stage1-0-0,0,0,0,0,0,0,0,0
1781909722927,Executor0,Stage0-0-0,0,0,0,0,0,0,0,0
1781909722927,Executor0,Stage0-1-0,0,0,0,0,0,0,0,0
1781909722927,Executor0,Stage0-2-0,0,0,0,0,0,0,0,0
1781909722927,Executor0,Stage0-3-0,0,0,0,0,0,0,0,0
1781909722978,Executor1,Stage1-0-0,0,0,0,0,0,0,0,0
1781909723176,Executor2,Stage1-3-0,0,0,0,0,0,0,0,0
1781909723204,Executor7,Stage1-1-0,0,0,0,0,0,0,0,0
1781909723367,Executor1,Stage1-2-0,0,0,0,0,0,0,0,0
1781909723370,Executor0,Stage0-0-0,0,0,0,0,0,0,0,0
1781909723621,Executor3,Stage1-0-0,0,0,0,0,0,0,0,0
1781909723927,Executor0,Stage0-0-0,0,0,0,0,0,0,0,0
1781909723927,Executor0,Stage0-1-0,0,0,0,0,0,0,0,0
1781909723927,Executor0,Stage0-2-0,0,0,0,0,0,0,0,0
1781909723927,Executor0,Stage0-3-0,0,0,0,0,0,0,0,0
1781909723978,Executor1,Stage1-0-0,0,0,0,0,0,0,0,0
1781909724176,Executor2,Stage1-3-0,0,0,0,0,0,0,0,0
1781909724204,Executor7,Stage1-1-0,0,0,0,0,0,0,0,0
1781909724367,Executor1,Stage1-2-0,0,0,0,0,0,0,0,0
1781909724370,Executor0,Stage0-0-0,0,0,0,0,0,0,0,0
1781909724621,Executor3,Stage1-0-0,0,0,0,0,0,0,0,0
1781909724927,Executor0,Stage0-0-0,0,0,0,0,0,0,0,0
1781909724927,Executor0,Stage0-1-0,0,0,0,0,0,0,0,0
1781909724927,Executor0,Stage0-2-0,0,0,0,0,0,0,0,0
1781909724927,Executor0,Stage0-3-0,0,0,0,0,0,0,0,0
1781909724978,Executor1,Stage1-0-0,0,0,0,0,0,0,0,0
1781909725176,Executor2,Stage1-3-0,0,0,0,0,0,0,0,0
1781909725204,Executor7,Stage1-1-0,0,0,0,0,0,0,0,0
1781909725367,Executor1,Stage1-2-0,0,0,0,0,0,0,0,0
1781909725370,Executor0,Stage0-0-0,0,0,0,0,0,0,0,0
1781909725620,Executor3,Stage1-0-0,0,0,0,0,0,0,0,0
1781909725927,Executor0,Stage0-0-0,0,0,0,0,0,0,0,0
1781909725927,Executor0,Stage0-1-0,0,0,0,0,0,0,0,0
1781909725927,Executor0,Stage0-2-0,0,0,0,0,0,0,0,0
1781909725927,Executor0,Stage0-3-0,0,0,0,0,0,0,0,0
1781909725978,Executor1,Stage1-0-0,0,0,0,0,0,0,0,0
1781909726176,Executor2,Stage1-3-0,0,0,0,0,0,0,0,0
1781909726204,Executor7,Stage1-1-0,0,0,0,0,0,0,0,0
1781909726367,Executor1,Stage1-2-0,0,0,0,0,0,0,0,0
1781909726370,Executor0,Stage0-0-0,0,0,0,0,0,0,0,0
1781909726621,Executor3,Stage1-0-0,0,0,0,0,0,0,0,0
1781909726927,Executor0,Stage0-0-0,0,0,0,0,0,0,0,0
1781909726927,Executor0,Stage0-1-0,0,0,0,0,0,0,0,0
1781909726927,Executor0,Stage0-2-0,0,0,0,0,0,0,0,0
1781909726927,Executor0,Stage0-3-0,0,0,0,0,0,0,0,0
1781909726978,Executor1,Stage1-0-0,0,0,0,0,0,0,0,0
1781909727176,Executor2,Stage1-3-0,0,0,0,0,0,0,0,0
1781909727204,Executor7,Stage1-1-0,0,0,0,0,0,0,0,0
1781909727367,Executor1,Stage1-2-0,0,0,0,0,0,0,0,0
1781909727370,Executor0,Stage0-0-0,0,0,0,0,0,0,0,0
1781909727620,Executor3,Stage1-0-0,0,0,0,0,0,0,0,0
1781909727927,Executor0,Stage0-0-0,0,0,0,0,0,0,0,0
1781909727927,Executor0,Stage0-1-0,0,0,0,0,0,0,0,0
1781909727927,Executor0,Stage0-2-0,0,0,0,0,0,0,0,0
1781909727927,Executor0,Stage0-3-0,0,0,0,0,0,0,0,0
1781909727978,Executor1,Stage1-0-0,0,0,0,0,0,0,0,0
1781909728176,Executor2,Stage1-3-0,0,0,0,0,0,0,0,0
1781909728204,Executor7,Stage1-1-0,0,0,0,0,0,0,0,0
1781909728367,Executor1,Stage1-2-0,0,0,0,0,0,0,0,0
1781909728370,Executor0,Stage0-0-0,0,0,0,0,0,0,0,0
1781909728620,Executor3,Stage1-0-0,0,0,0,0,0,0,0,0
1781909728927,Executor0,Stage0-0-0,0,0,0,0,0,0,0,0
1781909728927,Executor0,Stage0-1-0,0,0,0,0,0,0,0,0
1781909728927,Executor0,Stage0-2-0,0,0,0,0,0,0,0,0
1781909728927,Executor0,Stage0-3-0,0,0,0,0,0,0,0,0
1781909728978,Executor1,Stage1-0-0,0,0,0,0,0,0,0,0
1781909729176,Executor2,Stage1-3-0,0,0,0,0,0,0,0,0
1781909729204,Executor7,Stage1-1-0,0,0,0,0,0,0,0,0
1781909729367,Executor1,Stage1-2-0,0,0,0,0,0,0,0,0
1781909729370,Executor0,Stage0-0-0,0,0,0,0,0,0,0,0
1781909729620,Executor3,Stage1-0-0,0,0,0,0,0,0,0,0
1781909729927,Executor0,Stage0-0-0,0,0,0,0,0,0,0,0
1781909729927,Executor0,Stage0-1-0,0,0,0,0,0,0,0,0
1781909729927,Executor0,Stage0-2-0,0,0,0,0,0,0,0,0
1781909729927,Executor0,Stage0-3-0,0,0,0,0,0,0,0,0
1781909729978,Executor1,Stage1-0-0,0,0,0,0,0,0,0,0
1781909730176,Executor2,Stage1-3-0,0,0,0,0,0,0,0,0
1781909730204,Executor7,Stage1-1-0,0,0,0,0,0,0,0,0
1781909730367,Executor1,Stage1-2-0,0,0,0,0,0,0,0,0
1781909730370,Executor0,Stage0-0-0,0,0,0,0,0,0,0,0
1781909730620,Executor3,Stage1-0-0,0,0,0,0,0,0,0,0
1781909730927,Executor0,Stage0-0-0,0,0,0,0,0,0,0,0
1781909730927,Executor0,Stage0-1-0,0,0,0,0,0,0,0,0
1781909730927,Executor0,Stage0-2-0,0,0,0,0,0,0,0,0
1781909730927,Executor0,Stage0-3-0,0,0,0,0,0,0,0,0
1781909730978,Executor1,Stage1-0-0,0,0,0,0,0,0,0,0
1781909731176,Executor2,Stage1-3-0,0,0,0,0,0,0,0,0
1781909731204,Executor7,Stage1-1-0,0,0,0,0,0,0,0,0
1781909731367,Executor1,Stage1-2-0,0,0,0,0,0,0,0,0
1781909731370,Executor0,Stage0-0-0,0,0,0,0,0,0,0,0
1781909731620,Executor3,Stage1-0-0,0,0,0,0,0,0,0,0
1781909731927,Executor0,Stage0-0-0,0,0,0,0,0,0,0,0
1781909731927,Executor0,Stage0-1-0,0,0,0,0,0,0,0,0
1781909731927,Executor0,Stage0-2-0,0,0,0,0,0,0,0,0
1781909731927,Executor0,Stage0-3-0,0,0,0,0,0,0,0,0
1781909731978,Executor1,Stage1-0-0,0,0,0,0,0,0,0,0
1781909732176,Executor2,Stage1-3-0,0,0,0,0,0,0,0,0
1781909732204,Executor7,Stage1-1-0,0,0,0,0,0,0,0,0
1781909732367,Executor1,Stage1-2-0,0,0,0,0,0,0,0,0
1781909732370,Executor0,Stage0-0-0,0,0,0,0,0,0,0,0
1781909732621,Executor3,Stage1-0-0,0,0,0,0,0,0,0,0
1781909732927,Executor0,Stage0-0-0,0,0,0,0,0,0,0,0
1781909732927,Executor0,Stage0-1-0,0,0,0,0,0,0,0,0
1781909732927,Executor0,Stage0-2-0,0,0,0,0,0,0,0,0
1781909732927,Executor0,Stage0-3-0,0,0,0,0,0,0,0,0
1781909732978,Executor1,Stage1-0-0,0,0,0,0,0,0,0,0
1781909733176,Executor2,Stage1-3-0,0,0,0,0,0,0,0,0
1781909733204,Executor7,Stage1-1-0,0,0,0,0,0,0,0,0
1781909733367,Executor1,Stage1-2-0,0,0,0,0,0,0,0,0
1781909733370,Executor0,Stage0-0-0,0,0,0,0,0,0,0,0
1781909733621,Executor3,Stage1-0-0,0,0,0,0,0,0,0,0
1781909733927,Executor0,Stage0-0-0,0,0,0,0,0,0,0,0
1781909733927,Executor0,Stage0-1-0,0,0,0,0,0,0,0,0
1781909733927,Executor0,Stage0-2-0,0,0,0,0,0,0,0,0
1781909733927,Executor0,Stage0-3-0,0,0,0,0,0,0,0,0
1781909733978,Executor1,Stage1-0-0,0,0,0,0,0,0,0,0
1781909734176,Executor2,Stage1-3-0,0,0,0,0,0,0,0,0
1781909734204,Executor7,Stage1-1-0,0,0,0,0,0,0,0,0
1781909734367,Executor1,Stage1-2-0,0,0,0,0,0,0,0,0
1781909734370,Executor0,Stage0-0-0,0,0,0,0,0,0,0,0
1781909734621,Executor3,Stage1-0-0,0,0,0,0,0,0,0,0
1781909734927,Executor0,Stage0-0-0,0,0,0,0,0,0,0,0
1781909734927,Executor0,Stage0-1-0,0,0,0,0,0,0,0,0
1781909734927,Executor0,Stage0-2-0,0,0,0,0,0,0,0,0
1781909734927,Executor0,Stage0-3-0,0,0,0,0,0,0,0,0
1781909734978,Executor1,Stage1-0-0,0,0,0,0,0,0,0,0
1781909735176,Executor2,Stage1-3-0,0,0,0,0,0,0,0,0
1781909735204,Executor7,Stage1-1-0,0,0,0,0,0,0,0,0
1781909735367,Executor1,Stage1-2-0,0,0,0,0,0,0,0,0
1781909735370,Executor0,Stage0-0-0,0,0,0,0,0,0,0,0
1781909735621,Executor3,Stage1-0-0,0,0,0,0,0,0,0,0
1781909735927,Executor0,Stage0-0-0,0,0,0,0,0,0,0,0
1781909735927,Executor0,Stage0-1-0,0,0,0,0,0,0,0,0
1781909735927,Executor0,Stage0-2-0,0,0,0,0,0,0,0,0
1781909735927,Executor0,Stage0-3-0,0,0,0,0,0,0,0,0
1781909735978,Executor1,Stage1-0-0,0,0,0,0,0,0,0,0
1781909736176,Executor2,Stage1-3-0,0,0,0,0,0,0,0,0
1781909736204,Executor7,Stage1-1-0,0,0,0,0,0,0,0,0
1781909736367,Executor1,Stage1-2-0,0,0,0,0,0,0,0,0
1781909736370,Executor0,Stage0-0-0,0,0,0,0,0,0,0,0
1781909736621,Executor3,Stage1-0-0,0,0,0,0,0,0,0,0
1781909736927,Executor0,Stage0-0-0,0,0,0,0,0,0,0,0
1781909736927,Executor0,Stage0-1-0,0,0,0,0,0,0,0,0
1781909736927,Executor0,Stage0-2-0,0,0,0,0,0,0,0,0
1781909736927,Executor0,Stage0-3-0,0,0,0,0,0,0,0,0
1781909736978,Executor1,Stage1-0-0,0,0,0,0,0,0,0,0
1781909737176,Executor2,Stage1-3-0,0,0,0,0,0,0,0,0
1781909737204,Executor7,Stage1-1-0,0,0,0,0,0,0,0,0
1781909737367,Executor1,Stage1-2-0,0,0,0,0,0,0,0,0
1781909737370,Executor0,Stage0-0-0,0,0,0,0,0,0,0,0
1781909737621,Executor3,Stage1-0-0,0,0,0,0,0,0,0,0
1781909737927,Executor0,Stage0-0-0,0,0,0,0,0,0,0,0
1781909737927,Executor0,Stage0-1-0,0,0,0,0,0,0,0,0
1781909737927,Executor0,Stage0-2-0,0,0,0,0,0,0,0,0
1781909737927,Executor0,Stage0-3-0,0,0,0,0,0,0,0,0
1781909737978,Executor1,Stage1-0-0,0,0,0,0,0,0,0,0
1781909738176,Executor2,Stage1-3-0,0,0,0,0,0,0,0,0
1781909738204,Executor7,Stage1-1-0,0,0,0,0,0,0,0,0
1781909738367,Executor1,Stage1-2-0,0,0,0,0,0,0,0,0
1781909738370,Executor0,Stage0-0-0,0,0,0,0,0,0,0,0
1781909738620,Executor3,Stage1-0-0,0,0,0,0,0,0,0,0
1781909738927,Executor0,Stage0-0-0,0,0,0,0,0,0,0,0
1781909738927,Executor0,Stage0-1-0,0,0,0,0,0,0,0,0
1781909738927,Executor0,Stage0-2-0,0,0,0,0,0,0,0,0
1781909738927,Executor0,Stage0-3-0,0,0,0,0,0,0,0,0
1781909738978,Executor1,Stage1-0-0,0,0,0,0,0,0,0,0
1781909739176,Executor2,Stage1-3-0,0,0,0,0,0,0,0,0
1781909739204,Executor7,Stage1-1-0,0,0,0,0,0,0,0,0
1781909739367,Executor1,Stage1-2-0,0,0,0,0,0,0,0,0
1781909739370,Executor0,Stage0-0-0,0,0,0,0,0,0,0,0
1781909739620,Executor3,Stage1-0-0,0,0,0,0,0,0,0,0
1781909739927,Executor0,Stage0-0-0,0,0,0,0,0,0,0,0
1781909739927,Executor0,Stage0-1-0,0,0,0,0,0,0,0,0
1781909739927,Executor0,Stage0-2-0,0,0,0,0,0,0,0,0
1781909739927,Executor0,Stage0-3-0,0,0,0,0,0,0,0,0
1781909739978,Executor1,Stage1-0-0,0,0,0,0,0,0,0,0
1781909740176,Executor2,Stage1-3-0,0,0,0,0,0,0,0,0
1781909740204,Executor7,Stage1-1-0,0,0,0,0,0,0,0,0
1781909740367,Executor1,Stage1-2-0,0,0,0,0,0,0,0,0
1781909740370,Executor0,Stage0-0-0,0,0,0,0,0,0,0,0
1781909740620,Executor3,Stage1-0-0,0,0,0,0,0,0,0,0
1781909740927,Executor0,Stage0-0-0,0,0,0,0,0,0,0,0
1781909740927,Executor0,Stage0-1-0,0,0,0,0,0,0,0,0
1781909740927,Executor0,Stage0-2-0,0,0,0,0,0,0,0,0
1781909740927,Executor0,Stage0-3-0,0,0,0,0,0,0,0,0
1781909740978,Executor1,Stage1-0-0,0,0,0,0,0,0,0,0
1781909741176,Executor2,Stage1-3-0,0,0,0,0,0,0,0,0
1781909741204,Executor7,Stage1-1-0,0,0,0,0,0,0,0,0
1781909741367,Executor1,Stage1-2-0,0,0,0,0,0,0,0,0
1781909741370,Executor0,Stage0-0-0,0,0,0,0,0,0,0,0
1781909741620,Executor3,Stage1-0-0,0,0,0,0,0,0,0,0
1781909741927,Executor0,Stage0-0-0,0,0,0,0,0,0,0,0
1781909741927,Executor0,Stage0-1-0,0,0,0,0,0,0,0,0
1781909741927,Executor0,Stage0-2-0,0,0,0,0,0,0,0,0
1781909741927,Executor0,Stage0-3-0,0,0,0,0,0,0,0,0
1781909741978,Executor1,Stage1-0-0,0,0,0,0,0,0,0,0
1781909742176,Executor2,Stage1-3-0,0,0,0,0,0,0,0,0
1781909742204,Executor7,Stage1-1-0,0,0,0,0,0,0,0,0
1781909742367,Executor1,Stage1-2-0,0,0,0,0,0,0,0,0
1781909742370,Executor0,Stage0-0-0,0,0,0,0,0,0,0,0
1781909742620,Executor3,Stage1-0-0,0,0,0,0,0,0,0,0
1781909742927,Executor0,Stage0-0-0,0,0,0,0,0,0,0,0
1781909742927,Executor0,Stage0-1-0,0,0,0,0,0,0,0,0
1781909742927,Executor0,Stage0-2-0,0,0,0,0,0,0,0,0
1781909742927,Executor0,Stage0-3-0,0,0,0,0,0,0,0,0
1781909742978,Executor1,Stage1-0-0,0,0,0,0,0,0,0,0
1781909743176,Executor2,Stage1-3-0,0,0,0,0,0,0,0,0
1781909743204,Executor7,Stage1-1-0,0,0,0,0,0,0,0,0
1781909743367,Executor1,Stage1-2-0,0,0,0,0,0,0,0,0
1781909743370,Executor0,Stage0-0-0,0,0,0,0,0,0,0,0
1781909743620,Executor3,Stage1-0-0,0,0,0,0,0,0,0,0
1781909743927,Executor0,Stage0-0-0,0,0,0,0,0,0,0,0
1781909743927,Executor0,Stage0-1-0,0,0,0,0,0,0,0,0
1781909743927,Executor0,Stage0-2-0,0,0,0,0,0,0,0,0
1781909743927,Executor0,Stage0-3-0,0,0,0,0,0,0,0,0
1781909743978,Executor1,Stage1-0-0,0,0,0,0,0,0,0,0
1781909744176,Executor2,Stage1-3-0,0,0,0,0,0,0,0,0
1781909744204,Executor7,Stage1-1-0,0,0,0,0,0,0,0,0
1781909744367,Executor1,Stage1-2-0,0,0,0,0,0,0,0,0
1781909744370,Executor0,Stage0-0-0,0,0,0,0,0,0,0,0
1781909744620,Executor3,Stage1-0-0,0,0,0,0,0,0,0,0
1781909744927,Executor0,Stage0-0-0,0,0,0,0,0,0,0,0
1781909744927,Executor0,Stage0-1-0,0,0,0,0,0,0,0,0
1781909744927,Executor0,Stage0-2-0,0,0,0,0,0,0,0,0
1781909744927,Executor0,Stage0-3-0,0,0,0,0,0,0,0,0
1781909744978,Executor1,Stage1-0-0,0,0,0,0,0,0,0,0
1781909745176,Executor2,Stage1-3-0,0,0,0,0,0,0,0,0
1781909745204,Executor7,Stage1-1-0,0,0,0,0,0,0,0,0
1781909745367,Executor1,Stage1-2-0,0,0,0,0,0,0,0,0
1781909745370,Executor0,Stage0-0-0,0,0,0,0,0,0,0,0
1781909745620,Executor3,Stage1-0-0,0,0,0,0,0,0,0,0
1781909745927,Executor0,Stage0-0-0,0,0,0,0,0,0,0,0
1781909745927,Executor0,Stage0-1-0,0,0,0,0,0,0,0,0
1781909745927,Executor0,Stage0-2-0,0,0,0,0,0,0,0,0
1781909745927,Executor0,Stage0-3-0,0,0,0,0,0,0,0,0
1781909745978,Executor1,Stage1-0-0,0,0,0,0,0,0,0,0
1781909746176,Executor2,Stage1-3-0,0,0,0,0,0,0,0,0
1781909746204,Executor7,Stage1-1-0,0,0,0,0,0,0,0,0
1781909746367,Executor1,Stage1-2-0,0,0,0,0,0,0,0,0
1781909746370,Executor0,Stage0-0-0,0,0,0,0,0,0,0,0
1781909746621,Executor3,Stage1-0-0,0,0,0,0,0,0,0,0
1781909746927,Executor0,Stage0-0-0,0,0,0,0,0,0,0,0
1781909746927,Executor0,Stage0-1-0,0,0,0,0,0,0,0,0
1781909746927,Executor0,Stage0-2-0,0,0,0,0,0,0,0,0
1781909746927,Executor0,Stage0-3-0,0,0,0,0,0,0,0,0
1781909746978,Executor1,Stage1-0-0,0,0,0,0,0,0,0,0
1781909747176,Executor2,Stage1-3-0,0,0,0,0,0,0,0,0
1781909747204,Executor7,Stage1-1-0,0,0,0,0,0,0,0,0
1781909747367,Executor1,Stage1-2-0,0,0,0,0,0,0,0,0
1781909747370,Executor0,Stage0-0-0,0,0,0,0,0,0,0,0
1781909747620,Executor3,Stage1-0-0,0,0,0,0,0,0,0,0
1781909747927,Executor0,Stage0-0-0,0,0,0,0,0,0,0,0
1781909747927,Executor0,Stage0-1-0,0,0,0,0,0,0,0,0
1781909747927,Executor0,Stage0-2-0,0,0,0,0,0,0,0,0
1781909747927,Executor0,Stage0-3-0,0,0,0,0,0,0,0,0
1781909747978,Executor1,Stage1-0-0,0,0,0,0,0,0,0,0
1781909748176,Executor2,Stage1-3-0,0,0,0,0,0,0,0,0
1781909748204,Executor7,Stage1-1-0,0,0,0,0,0,0,0,0
1781909748367,Executor1,Stage1-2-0,0,0,0,0,0,0,0,0
1781909748370,Executor0,Stage0-0-0,0,0,0,0,0,0,0,0
1781909748621,Executor3,Stage1-0-0,0,0,0,0,0,0,0,0
1781909748927,Executor0,Stage0-0-0,0,0,0,0,0,0,0,0
1781909748927,Executor0,Stage0-1-0,0,0,0,0,0,0,0,0
1781909748927,Executor0,Stage0-2-0,0,0,0,0,0,0,0,0
1781909748927,Executor0,Stage0-3-0,0,0,0,0,0,0,0,0
1781909748978,Executor1,Stage1-0-0,0,0,0,0,0,0,0,0
1781909749176,Executor2,Stage1-3-0,0,0,0,0,0,0,0,0
1781909749204,Executor7,Stage1-1-0,0,0,0,0,0,0,0,0
1781909749367,Executor1,Stage1-2-0,0,0,0,0,0,0,0,0
1781909749370,Executor0,Stage0-0-0,0,0,0,0,0,0,0,0
1781909749620,Executor3,Stage1-0-0,0,0,0,0,0,0,0,0
1781909749927,Executor0,Stage0-0-0,0,0,0,0,0,0,0,0
1781909749927,Executor0,Stage0-1-0,0,0,0,0,0,0,0,0
1781909749927,Executor0,Stage0-2-0,0,0,0,0,0,0,0,0
1781909749927,Executor0,Stage0-3-0,0,0,0,0,0,0,0,0
1781909749978,Executor1,Stage1-0-0,0,0,0,0,0,0,0,0
1781909750176,Executor2,Stage1-3-0,0,0,0,0,0,0,0,0
1781909750204,Executor7,Stage1-1-0,0,0,0,0,0,0,0,0
1781909750367,Executor1,Stage1-2-0,0,0,0,0,0,0,0,0
1781909750370,Executor0,Stage0-0-0,0,0,0,0,0,0,0,0
1781909750620,Executor3,Stage1-0-0,0,0,0,0,0,0,0,0
1781909750927,Executor0,Stage0-0-0,0,0,0,0,0,0,0,0
1781909750927,Executor0,Stage0-1-0,0,0,0,0,0,0,0,0
1781909750927,Executor0,Stage0-2-0,0,0,0,0,0,0,0,0
1781909750927,Executor0,Stage0-3-0,0,0,0,0,0,0,0,0
1781909750978,Executor1,Stage1-0-0,0,0,0,0,0,0,0,0
1781909751176,Executor2,Stage1-3-0,0,0,0,0,0,0,0,0
1781909751204,Executor7,Stage1-1-0,0,0,0,0,0,0,0,0
1781909751367,Executor1,Stage1-2-0,0,0,0,0,0,0,0,0
1781909751370,Executor0,Stage0-0-0,0,0,0,0,0,0,0,0
1781909751620,Executor3,Stage1-0-0,0,0,0,0,0,0,0,0
1781909751927,Executor0,Stage0-0-0,0,0,0,0,0,0,0,0
1781909751927,Executor0,Stage0-1-0,0,0,0,0,0,0,0,0
1781909751927,Executor0,Stage0-2-0,0,0,0,0,0,0,0,0
1781909751927,Executor0,Stage0-3-0,0,0,0,0,0,0,0,0
1781909751978,Executor1,Stage1-0-0,0,0,0,0,0,0,0,0
1781909752176,Executor2,Stage1-3-0,0,0,0,0,0,0,0,0
1781909752204,Executor7,Stage1-1-0,0,0,0,0,0,0,0,0
1781909752367,Executor1,Stage1-2-0,0,0,0,0,0,0,0,0
1781909752370,Executor0,Stage0-0-0,0,0,0,0,0,0,0,0
1781909752620,Executor3,Stage1-0-0,0,0,0,0,0,0,0,0
1781909752927,Executor0,Stage0-0-0,0,0,0,0,0,0,0,0
1781909752927,Executor0,Stage0-1-0,0,0,0,0,0,0,0,0
1781909752927,Executor0,Stage0-2-0,0,0,0,0,0,0,0,0
1781909752927,Executor0,Stage0-3-0,0,0,0,0,0,0,0,0
1781909752978,Executor1,Stage1-0-0,0,0,0,0,0,0,0,0
1781909753176,Executor2,Stage1-3-0,0,0,0,0,0,0,0,0
1781909753204,Executor7,Stage1-1-0,0,0,0,0,0,0,0,0
1781909753367,Executor1,Stage1-2-0,0,0,0,0,0,0,0,0
1781909753370,Executor0,Stage0-0-0,0,0,0,0,0,0,0,0
1781909753620,Executor3,Stage1-0-0,0,0,0,0,0,0,0,0
1781909753927,Executor0,Stage0-0-0,0,0,0,0,0,0,0,0
1781909753927,Executor0,Stage0-1-0,0,0,0,0,0,0,0,0
1781909753927,Executor0,Stage0-2-0,0,0,0,0,0,0,0,0
1781909753927,Executor0,Stage0-3-0,0,0,0,0,0,0,0,0
1781909753978,Executor1,Stage1-0-0,0,0,0,0,0,0,0,0
1781909754176,Executor2,Stage1-3-0,0,0,0,0,0,0,0,0
1781909754204,Executor7,Stage1-1-0,0,0,0,0,0,0,0,0
1781909754367,Executor1,Stage1-2-0,0,0,0,0,0,0,0,0
1781909754370,Executor0,Stage0-0-0,0,0,0,0,0,0,0,0
1781909754620,Executor3,Stage1-0-0,0,0,0,0,0,0,0,0
1781909754927,Executor0,Stage0-0-0,0,0,0,0,0,0,0,0
1781909754927,Executor0,Stage0-1-0,0,0,0,0,0,0,0,0
1781909754927,Executor0,Stage0-2-0,0,0,0,0,0,0,0,0
1781909754927,Executor0,Stage0-3-0,0,0,0,0,0,0,0,0
1781909754978,Executor1,Stage1-0-0,0,0,0,0,0,0,0,0
1781909755176,Executor2,Stage1-3-0,0,0,0,0,0,0,0,0
1781909755204,Executor7,Stage1-1-0,0,0,0,0,0,0,0,0
1781909755367,Executor1,Stage1-2-0,0,0,0,0,0,0,0,0
1781909755370,Executor0,Stage0-0-0,0,0,0,0,0,0,0,0
1781909755620,Executor3,Stage1-0-0,0,0,0,0,0,0,0,0
1781909755927,Executor0,Stage0-0-0,0,0,0,0,0,0,0,0
1781909755927,Executor0,Stage0-1-0,0,0,0,0,0,0,0,0
1781909755927,Executor0,Stage0-2-0,0,0,0,0,0,0,0,0
1781909755927,Executor0,Stage0-3-0,0,0,0,0,0,0,0,0
1781909755978,Executor1,Stage1-0-0,0,0,0,0,0,0,0,0
1781909756176,Executor2,Stage1-3-0,0,0,0,0,0,0,0,0
1781909756204,Executor7,Stage1-1-0,0,0,0,0,0,0,0,0
1781909756367,Executor1,Stage1-2-0,0,0,0,0,0,0,0,0
1781909756370,Executor0,Stage0-0-0,0,0,0,0,0,0,0,0
1781909756620,Executor3,Stage1-0-0,0,0,0,0,0,0,0,0
1781909756927,Executor0,Stage0-0-0,0,0,0,0,0,0,0,0
1781909756927,Executor0,Stage0-1-0,0,0,0,0,0,0,0,0
1781909756927,Executor0,Stage0-2-0,0,0,0,0,0,0,0,0
1781909756927,Executor0,Stage0-3-0,0,0,0,0,0,0,0,0
1781909756978,Executor1,Stage1-0-0,0,0,0,0,0,0,0,0
1781909757176,Executor2,Stage1-3-0,0,0,0,0,0,0,0,0
1781909757204,Executor7,Stage1-1-0,0,0,0,0,0,0,0,0
1781909757367,Executor1,Stage1-2-0,0,0,0,0,0,0,0,0
1781909757370,Executor0,Stage0-0-0,0,0,0,0,0,0,0,0
1781909757620,Executor3,Stage1-0-0,0,0,0,0,0,0,0,0
1781909757927,Executor0,Stage0-0-0,0,0,0,0,0,0,0,0
1781909757927,Executor0,Stage0-1-0,0,0,0,0,0,0,0,0
1781909757927,Executor0,Stage0-2-0,0,0,0,0,0,0,0,0
1781909757927,Executor0,Stage0-3-0,0,0,0,0,0,0,0,0
1781909757978,Executor1,Stage1-0-0,0,0,0,0,0,0,0,0
1781909758176,Executor2,Stage1-3-0,0,0,0,0,0,0,0,0
1781909758204,Executor7,Stage1-1-0,0,0,0,0,0,0,0,0
1781909758367,Executor1,Stage1-2-0,0,0,0,0,0,0,0,0
1781909758370,Executor0,Stage0-0-0,0,0,0,0,0,0,0,0
1781909758621,Executor3,Stage1-0-0,0,0,0,0,0,0,0,0
1781909758927,Executor0,Stage0-0-0,0,0,0,0,0,0,0,0
1781909758927,Executor0,Stage0-1-0,0,0,0,0,0,0,0,0
1781909758927,Executor0,Stage0-2-0,0,0,0,0,0,0,0,0
1781909758927,Executor0,Stage0-3-0,0,0,0,0,0,0,0,0
1781909758978,Executor1,Stage1-0-0,0,0,0,0,0,0,0,0
1781909759176,Executor2,Stage1-3-0,0,0,0,0,0,0,0,0
1781909759204,Executor7,Stage1-1-0,0,0,0,0,0,0,0,0
1781909759367,Executor1,Stage1-2-0,0,0,0,0,0,0,0,0
1781909759370,Executor0,Stage0-0-0,0,0,0,0,0,0,0,0
1781909759621,Executor3,Stage1-0-0,0,0,0,0,0,0,0,0
1781909759927,Executor0,Stage0-0-0,0,0,0,0,0,0,0,0
1781909759927,Executor0,Stage0-1-0,0,0,0,0,0,0,0,0
1781909759927,Executor0,Stage0-2-0,0,0,0,0,0,0,0,0
1781909759927,Executor0,Stage0-3-0,0,0,0,0,0,0,0,0
1781909759978,Executor1,Stage1-0-0,0,0,0,0,0,0,0,0
1781909760176,Executor2,Stage1-3-0,0,0,0,0,0,0,0,0
1781909760204,Executor7,Stage1-1-0,0,0,0,0,0,0,0,0
1781909760367,Executor1,Stage1-2-0,0,0,0,0,0,0,0,0
1781909760370,Executor0,Stage0-0-0,0,0,0,0,0,0,0,0
1781909760620,Executor3,Stage1-0-0,0,0,0,0,0,0,0,0
1781909760927,Executor0,Stage0-0-0,0,0,0,0,0,0,0,0
1781909760927,Executor0,Stage0-1-0,0,0,0,0,0,0,0,0
1781909760927,Executor0,Stage0-2-0,0,0,0,0,0,0,0,0
1781909760927,Executor0,Stage0-3-0,0,0,0,0,0,0,0,0
1781909760978,Executor1,Stage1-0-0,0,0,0,0,0,0,0,0
1781909761176,Executor2,Stage1-3-0,0,0,0,0,0,0,0,0
1781909761204,Executor7,Stage1-1-0,0,0,0,0,0,0,0,0
1781909761367,Executor1,Stage1-2-0,0,0,0,0,0,0,0,0
1781909761370,Executor0,Stage0-0-0,0,0,0,0,0,0,0,0
1781909761621,Executor3,Stage1-0-0,0,0,0,0,0,0,0,0
1781909761927,Executor0,Stage0-0-0,0,0,0,0,0,0,0,0
1781909761927,Executor0,Stage0-1-0,0,0,0,0,0,0,0,0
1781909761927,Executor0,Stage0-2-0,0,0,0,0,0,0,0,0
1781909761927,Executor0,Stage0-3-0,0,0,0,0,0,0,0,0
1781909761978,Executor1,Stage1-0-0,0,0,0,0,0,0,0,0
1781909762176,Executor2,Stage1-3-0,0,0,0,0,0,0,0,0
1781909762204,Executor7,Stage1-1-0,0,0,0,0,0,0,0,0
1781909762367,Executor1,Stage1-2-0,0,0,0,0,0,0,0,0
1781909762370,Executor0,Stage0-0-0,0,0,0,0,0,0,0,0
1781909762620,Executor3,Stage1-0-0,0,0,0,0,0,0,0,0
1781909762927,Executor0,Stage0-0-0,0,0,0,0,0,0,0,0
1781909762927,Executor0,Stage0-1-0,0,0,0,0,0,0,0,0
1781909762927,Executor0,Stage0-2-0,0,0,0,0,0,0,0,0
1781909762927,Executor0,Stage0-3-0,0,0,0,0,0,0,0,0
1781909762978,Executor1,Stage1-0-0,0,0,0,0,0,0,0,0
1781909763176,Executor2,Stage1-3-0,0,0,0,0,0,0,0,0
1781909763204,Executor7,Stage1-1-0,0,0,0,0,0,0,0,0
1781909763367,Executor1,Stage1-2-0,0,0,0,0,0,0,0,0
1781909763370,Executor0,Stage0-0-0,0,0,0,0,0,0,0,0
1781909763620,Executor3,Stage1-0-0,0,0,0,0,0,0,0,0
1781909763927,Executor0,Stage0-0-0,0,0,0,0,0,0,0,0
1781909763927,Executor0,Stage0-1-0,0,0,0,0,0,0,0,0
1781909763927,Executor0,Stage0-2-0,0,0,0,0,0,0,0,0
1781909763927,Executor0,Stage0-3-0,0,0,0,0,0,0,0,0
1781909763978,Executor1,Stage1-0-0,0,0,0,0,0,0,0,0
1781909764176,Executor2,Stage1-3-0,0,0,0,0,0,0,0,0
1781909764204,Executor7,Stage1-1-0,0,0,0,0,0,0,0,0
1781909764367,Executor1,Stage1-2-0,0,0,0,0,0,0,0,0
1781909764370,Executor0,Stage0-0-0,0,0,0,0,0,0,0,0
1781909764620,Executor3,Stage1-0-0,0,0,0,0,0,0,0,0
1781909764927,Executor0,Stage0-0-0,0,0,0,0,0,0,0,0
1781909764927,Executor0,Stage0-1-0,0,0,0,0,0,0,0,0
1781909764927,Executor0,Stage0-2-0,0,0,0,0,0,0,0,0
1781909764927,Executor0,Stage0-3-0,0,0,0,0,0,0,0,0
1781909764978,Executor1,Stage1-0-0,0,0,0,0,0,0,0,0
1781909765176,Executor2,Stage1-3-0,0,0,0,0,0,0,0,0
1781909765204,Executor7,Stage1-1-0,0,0,0,0,0,0,0,0
1781909765367,Executor1,Stage1-2-0,0,0,0,0,0,0,0,0
1781909765370,Executor0,Stage0-0-0,0,0,0,0,0,0,0,0
1781909765621,Executor3,Stage1-0-0,0,0,0,0,0,0,0,0
1781909765927,Executor0,Stage0-0-0,0,0,0,0,0,0,0,0
1781909765927,Executor0,Stage0-1-0,0,0,0,0,0,0,0,0
1781909765927,Executor0,Stage0-2-0,0,0,0,0,0,0,0,0
1781909765927,Executor0,Stage0-3-0,0,0,0,0,0,0,0,0
1781909765978,Executor1,Stage1-0-0,0,0,0,0,0,0,0,0
1781909766176,Executor2,Stage1-3-0,0,0,0,0,0,0,0,0
1781909766204,Executor7,Stage1-1-0,0,0,0,0,0,0,0,0
1781909766367,Executor1,Stage1-2-0,0,0,0,0,0,0,0,0
1781909766370,Executor0,Stage0-0-0,0,0,0,0,0,0,0,0
1781909766620,Executor3,Stage1-0-0,0,0,0,0,0,0,0,0
1781909766927,Executor0,Stage0-0-0,0,0,0,0,0,0,0,0
1781909766927,Executor0,Stage0-1-0,0,0,0,0,0,0,0,0
1781909766927,Executor0,Stage0-2-0,0,0,0,0,0,0,0,0
1781909766927,Executor0,Stage0-3-0,0,0,0,0,0,0,0,0
1781909766978,Executor1,Stage1-0-0,0,0,0,0,0,0,0,0
1781909767176,Executor2,Stage1-3-0,0,0,0,0,0,0,0,0
1781909767204,Executor7,Stage1-1-0,0,0,0,0,0,0,0,0
1781909767367,Executor1,Stage1-2-0,0,0,0,0,0,0,0,0
1781909767370,Executor0,Stage0-0-0,0,0,0,0,0,0,0,0
1781909767620,Executor3,Stage1-0-0,0,0,0,0,0,0,0,0
1781909767927,Executor0,Stage0-0-0,0,0,0,0,0,0,0,0
1781909767927,Executor0,Stage0-1-0,0,0,0,0,0,0,0,0
1781909767927,Executor0,Stage0-2-0,0,0,0,0,0,0,0,0
1781909767927,Executor0,Stage0-3-0,0,0,0,0,0,0,0,0
1781909767978,Executor1,Stage1-0-0,0,0,0,0,0,0,0,0
1781909768176,Executor2,Stage1-3-0,0,0,0,0,0,0,0,0
1781909768204,Executor7,Stage1-1-0,0,0,0,0,0,0,0,0
1781909768367,Executor1,Stage1-2-0,0,0,0,0,0,0,0,0
1781909768370,Executor0,Stage0-0-0,0,0,0,0,0,0,0,0
1781909768620,Executor3,Stage1-0-0,0,0,0,0,0,0,0,0
1781909768927,Executor0,Stage0-0-0,0,0,0,0,0,0,0,0
1781909768927,Executor0,Stage0-1-0,0,0,0,0,0,0,0,0
1781909768927,Executor0,Stage0-2-0,0,0,0,0,0,0,0,0
1781909768927,Executor0,Stage0-3-0,0,0,0,0,0,0,0,0
1781909768978,Executor1,Stage1-0-0,0,0,0,0,0,0,0,0
1781909769176,Executor2,Stage1-3-0,0,0,0,0,0,0,0,0
1781909769204,Executor7,Stage1-1-0,0,0,0,0,0,0,0,0
1781909769367,Executor1,Stage1-2-0,0,0,0,0,0,0,0,0
1781909769370,Executor0,Stage0-0-0,0,0,0,0,0,0,0,0
1781909769630,Executor3,Stage1-0-0,0,0,0,0,0,0,0,0
1781909769927,Executor0,Stage0-0-0,0,0,0,0,0,0,0,0
1781909769927,Executor0,Stage0-1-0,0,0,0,0,0,0,0,0
1781909769927,Executor0,Stage0-2-0,0,0,0,0,0,0,0,0
1781909769927,Executor0,Stage0-3-0,0,0,0,0,0,0,0,0
1781909769978,Executor1,Stage1-0-0,0,0,0,0,0,0,0,0
1781909770176,Executor2,Stage1-3-0,0,0,0,0,0,0,0,0
1781909770204,Executor7,Stage1-1-0,0,0,0,0,0,0,0,0
1781909770367,Executor1,Stage1-2-0,0,0,0,0,0,0,0,0
1781909770370,Executor0,Stage0-0-0,0,0,0,0,0,0,0,0
1781909770621,Executor3,Stage1-0-0,0,0,0,0,0,0,0,0
1781909770927,Executor0,Stage0-0-0,0,0,0,0,0,0,0,0
1781909770927,Executor0,Stage0-1-0,0,0,0,0,0,0,0,0
1781909770927,Executor0,Stage0-2-0,0,0,0,0,0,0,0,0
1781909770927,Executor0,Stage0-3-0,0,0,0,0,0,0,0,0
1781909770978,Executor1,Stage1-0-0,0,0,0,0,0,0,0,0
1781909771176,Executor2,Stage1-3-0,0,0,0,0,0,0,0,0
1781909771204,Executor7,Stage1-1-0,0,0,0,0,0,0,0,0
1781909771367,Executor1,Stage1-2-0,0,0,0,0,0,0,0,0
1781909771370,Executor0,Stage0-0-0,0,0,0,0,0,0,0,0
1781909771621,Executor3,Stage1-0-0,0,0,0,0,0,0,0,0
1781909771927,Executor0,Stage0-0-0,0,0,0,0,0,0,0,0
1781909771927,Executor0,Stage0-1-0,0,0,0,0,0,0,0,0
1781909771927,Executor0,Stage0-2-0,0,0,0,0,0,0,0,0
1781909771927,Executor0,Stage0-3-0,0,0,0,0,0,0,0,0
1781909771978,Executor1,Stage1-0-0,0,0,0,0,0,0,0,0
1781909772176,Executor2,Stage1-3-0,0,0,0,0,0,0,0,0
1781909772204,Executor7,Stage1-1-0,0,0,0,0,0,0,0,0
1781909772367,Executor1,Stage1-2-0,0,0,0,0,0,0,0,0
1781909772370,Executor0,Stage0-0-0,0,0,0,0,0,0,0,0
1781909772621,Executor3,Stage1-0-0,0,0,0,0,0,0,0,0
1781909772927,Executor0,Stage0-0-0,0,0,0,0,0,0,0,0
1781909772927,Executor0,Stage0-1-0,0,0,0,0,0,0,0,0
1781909772927,Executor0,Stage0-2-0,0,0,0,0,0,0,0,0
1781909772927,Executor0,Stage0-3-0,0,0,0,0,0,0,0,0
1781909772978,Executor1,Stage1-0-0,0,0,0,0,0,0,0,0
1781909773176,Executor2,Stage1-3-0,0,0,0,0,0,0,0,0
1781909773204,Executor7,Stage1-1-0,0,0,0,0,0,0,0,0
1781909773367,Executor1,Stage1-2-0,0,0,0,0,0,0,0,0
1781909773370,Executor0,Stage0-0-0,0,0,0,0,0,0,0,0
1781909773621,Executor3,Stage1-0-0,0,0,0,0,0,0,0,0
1781909773927,Executor0,Stage0-0-0,0,0,0,0,0,0,0,0
1781909773927,Executor0,Stage0-1-0,0,0,0,0,0,0,0,0
1781909773927,Executor0,Stage0-2-0,0,0,0,0,0,0,0,0
1781909773927,Executor0,Stage0-3-0,0,0,0,0,0,0,0,0
1781909773978,Executor1,Stage1-0-0,0,0,0,0,0,0,0,0
1781909774176,Executor2,Stage1-3-0,0,0,0,0,0,0,0,0
1781909774204,Executor7,Stage1-1-0,0,0,0,0,0,0,0,0
1781909774367,Executor1,Stage1-2-0,0,0,0,0,0,0,0,0
1781909774370,Executor0,Stage0-0-0,0,0,0,0,0,0,0,0
1781909774621,Executor3,Stage1-0-0,0,0,0,0,0,0,0,0
1781909774927,Executor0,Stage0-0-0,0,0,0,0,0,0,0,0
1781909774927,Executor0,Stage0-1-0,0,0,0,0,0,0,0,0
1781909774927,Executor0,Stage0-2-0,0,0,0,0,0,0,0,0
1781909774927,Executor0,Stage0-3-0,0,0,0,0,0,0,0,0
1781909774978,Executor1,Stage1-0-0,0,0,0,0,0,0,0,0
1781909775176,Executor2,Stage1-3-0,0,0,0,0,0,0,0,0
1781909775204,Executor7,Stage1-1-0,0,0,0,0,0,0,0,0
1781909775367,Executor1,Stage1-2-0,0,0,0,0,0,0,0,0
1781909775370,Executor0,Stage0-0-0,0,0,0,0,0,0,0,0
1781909775620,Executor3,Stage1-0-0,0,0,0,0,0,0,0,0
1781909775927,Executor0,Stage0-0-0,0,0,0,0,0,0,0,0
1781909775927,Executor0,Stage0-1-0,0,0,0,0,0,0,0,0
1781909775927,Executor0,Stage0-2-0,0,0,0,0,0,0,0,0
1781909775927,Executor0,Stage0-3-0,0,0,0,0,0,0,0,0
1781909775978,Executor1,Stage1-0-0,0,0,0,0,0,0,0,0
1781909776176,Executor2,Stage1-3-0,0,0,0,0,0,0,0,0
1781909776204,Executor7,Stage1-1-0,0,0,0,0,0,0,0,0
1781909776367,Executor1,Stage1-2-0,0,0,0,0,0,0,0,0
1781909776370,Executor0,Stage0-0-0,0,0,0,0,0,0,0,0
1781909776621,Executor3,Stage1-0-0,0,0,0,0,0,0,0,0
1781909776927,Executor0,Stage0-0-0,0,0,0,0,0,0,0,0
1781909776927,Executor0,Stage0-1-0,0,0,0,0,0,0,0,0
1781909776927,Executor0,Stage0-2-0,0,0,0,0,0,0,0,0
1781909776927,Executor0,Stage0-3-0,0,0,0,0,0,0,0,0
1781909776978,Executor1,Stage1-0-0,0,0,0,0,0,0,0,0
1781909777176,Executor2,Stage1-3-0,0,0,0,0,0,0,0,0
1781909777204,Executor7,Stage1-1-0,0,0,0,0,0,0,0,0
1781909777367,Executor1,Stage1-2-0,0,0,0,0,0,0,0,0
1781909777370,Executor0,Stage0-0-0,0,0,0,0,0,0,0,0
1781909777620,Executor3,Stage1-0-0,0,0,0,0,0,0,0,0
1781909777927,Executor0,Stage0-0-0,0,0,0,0,0,0,0,0
1781909777927,Executor0,Stage0-1-0,0,0,0,0,0,0,0,0
1781909777927,Executor0,Stage0-2-0,0,0,0,0,0,0,0,0
1781909777927,Executor0,Stage0-3-0,0,0,0,0,0,0,0,0
1781909777978,Executor1,Stage1-0-0,0,0,0,0,0,0,0,0
1781909778176,Executor2,Stage1-3-0,0,0,0,0,0,0,0,0
1781909778204,Executor7,Stage1-1-0,0,0,0,0,0,0,0,0
1781909778367,Executor1,Stage1-2-0,0,0,0,0,0,0,0,0
1781909778370,Executor0,Stage0-0-0,0,0,0,0,0,0,0,0
1781909778620,Executor3,Stage1-0-0,0,0,0,0,0,0,0,0
1781909778927,Executor0,Stage0-0-0,0,0,0,0,0,0,0,0
1781909778927,Executor0,Stage0-1-0,0,0,0,0,0,0,0,0
1781909778927,Executor0,Stage0-2-0,0,0,0,0,0,0,0,0
1781909778927,Executor0,Stage0-3-0,0,0,0,0,0,0,0,0
1781909778978,Executor1,Stage1-0-0,0,0,0,0,0,0,0,0
1781909779176,Executor2,Stage1-3-0,0,0,0,0,0,0,0,0
1781909779204,Executor7,Stage1-1-0,0,0,0,0,0,0,0,0
1781909779367,Executor1,Stage1-2-0,0,0,0,0,0,0,0,0
1781909779370,Executor0,Stage0-0-0,0,0,0,0,0,0,0,0
1781909779621,Executor3,Stage1-0-0,0,0,0,0,0,0,0,0
1781909779927,Executor0,Stage0-0-0,0,0,0,0,0,0,0,0
1781909779927,Executor0,Stage0-1-0,0,0,0,0,0,0,0,0
1781909779927,Executor0,Stage0-2-0,0,0,0,0,0,0,0,0
1781909779927,Executor0,Stage0-3-0,0,0,0,0,0,0,0,0
1781909779978,Executor1,Stage1-0-0,0,0,0,0,0,0,0,0
1781909780176,Executor2,Stage1-3-0,0,0,0,0,0,0,0,0
1781909780204,Executor7,Stage1-1-0,0,0,0,0,0,0,0,0
1781909780367,Executor1,Stage1-2-0,0,0,0,0,0,0,0,0
1781909780370,Executor0,Stage0-0-0,0,0,0,0,0,0,0,0
1781909780621,Executor3,Stage1-0-0,0,0,0,0,0,0,0,0
1781909780927,Executor0,Stage0-0-0,0,0,0,0,0,0,0,0
1781909780927,Executor0,Stage0-1-0,0,0,0,0,0,0,0,0
1781909780927,Executor0,Stage0-2-0,0,0,0,0,0,0,0,0
1781909780927,Executor0,Stage0-3-0,0,0,0,0,0,0,0,0
1781909780978,Executor1,Stage1-0-0,0,0,0,0,0,0,0,0
1781909781176,Executor2,Stage1-3-0,0,0,0,0,0,0,0,0
1781909781204,Executor7,Stage1-1-0,0,0,0,0,0,0,0,0
1781909781367,Executor1,Stage1-2-0,0,0,0,0,0,0,0,0
1781909781370,Executor0,Stage0-0-0,0,0,0,0,0,0,0,0
1781909781620,Executor3,Stage1-0-0,0,0,0,0,0,0,0,0
1781909781927,Executor0,Stage0-0-0,0,0,0,0,0,0,0,0
1781909781927,Executor0,Stage0-1-0,0,0,0,0,0,0,0,0
1781909781927,Executor0,Stage0-2-0,0,0,0,0,0,0,0,0
1781909781927,Executor0,Stage0-3-0,0,0,0,0,0,0,0,0
1781909781978,Executor1,Stage1-0-0,0,0,0,0,0,0,0,0
1781909782176,Executor2,Stage1-3-0,0,0,0,0,0,0,0,0
1781909782204,Executor7,Stage1-1-0,0,0,0,0,0,0,0,0
1781909782367,Executor1,Stage1-2-0,0,0,0,0,0,0,0,0
1781909782370,Executor0,Stage0-0-0,0,0,0,0,0,0,0,0
1781909782620,Executor3,Stage1-0-0,0,0,0,0,0,0,0,0
1781909782927,Executor0,Stage0-0-0,0,0,0,0,0,0,0,0
1781909782927,Executor0,Stage0-1-0,0,0,0,0,0,0,0,0
1781909782927,Executor0,Stage0-2-0,0,0,0,0,0,0,0,0
1781909782927,Executor0,Stage0-3-0,0,0,0,0,0,0,0,0
1781909782978,Executor1,Stage1-0-0,0,0,0,0,0,0,0,0
1781909783176,Executor2,Stage1-3-0,0,0,0,0,0,0,0,0
1781909783204,Executor7,Stage1-1-0,0,0,0,0,0,0,0,0
1781909783367,Executor1,Stage1-2-0,0,0,0,0,0,0,0,0
1781909783370,Executor0,Stage0-0-0,0,0,0,0,0,0,0,0
1781909783620,Executor3,Stage1-0-0,0,0,0,0,0,0,0,0
1781909783927,Executor0,Stage0-0-0,0,0,0,0,0,0,0,0
1781909783927,Executor0,Stage0-1-0,0,0,0,0,0,0,0,0
1781909783927,Executor0,Stage0-2-0,0,0,0,0,0,0,0,0
1781909783927,Executor0,Stage0-3-0,0,0,0,0,0,0,0,0
1781909783978,Executor1,Stage1-0-0,0,0,0,0,0,0,0,0
1781909784176,Executor2,Stage1-3-0,0,0,0,0,0,0,0,0
1781909784204,Executor7,Stage1-1-0,0,0,0,0,0,0,0,0
1781909784367,Executor1,Stage1-2-0,0,0,0,0,0,0,0,0
1781909784370,Executor0,Stage0-0-0,0,0,0,0,0,0,0,0
1781909784620,Executor3,Stage1-0-0,0,0,0,0,0,0,0,0
1781909784927,Executor0,Stage0-0-0,0,0,0,0,0,0,0,0
1781909784927,Executor0,Stage0-1-0,0,0,0,0,0,0,0,0
1781909784927,Executor0,Stage0-2-0,0,0,0,0,0,0,0,0
1781909784927,Executor0,Stage0-3-0,0,0,0,0,0,0,0,0
1781909784978,Executor1,Stage1-0-0,0,0,0,0,0,0,0,0
1781909785176,Executor2,Stage1-3-0,0,0,0,0,0,0,0,0
1781909785204,Executor7,Stage1-1-0,0,0,0,0,0,0,0,0
1781909785367,Executor1,Stage1-2-0,0,0,0,0,0,0,0,0
1781909785370,Executor0,Stage0-0-0,0,0,0,0,0,0,0,0
1781909785620,Executor3,Stage1-0-0,0,0,0,0,0,0,0,0
1781909785927,Executor0,Stage0-0-0,0,0,0,0,0,0,0,0
1781909785927,Executor0,Stage0-1-0,0,0,0,0,0,0,0,0
1781909785927,Executor0,Stage0-2-0,0,0,0,0,0,0,0,0
1781909785927,Executor0,Stage0-3-0,0,0,0,0,0,0,0,0
1781909785978,Executor1,Stage1-0-0,0,0,0,0,0,0,0,0
1781909786176,Executor2,Stage1-3-0,0,0,0,0,0,0,0,0
1781909786204,Executor7,Stage1-1-0,0,0,0,0,0,0,0,0
1781909786367,Executor1,Stage1-2-0,0,0,0,0,0,0,0,0
1781909786370,Executor0,Stage0-0-0,0,0,0,0,0,0,0,0
1781909786620,Executor3,Stage1-0-0,0,0,0,0,0,0,0,0
1781909786927,Executor0,Stage0-0-0,0,0,0,0,0,0,0,0
1781909786927,Executor0,Stage0-1-0,0,0,0,0,0,0,0,0
1781909786927,Executor0,Stage0-2-0,0,0,0,0,0,0,0,0
1781909786927,Executor0,Stage0-3-0,0,0,0,0,0,0,0,0
1781909786978,Executor1,Stage1-0-0,0,0,0,0,0,0,0,0
1781909787176,Executor2,Stage1-3-0,0,0,0,0,0,0,0,0
1781909787204,Executor7,Stage1-1-0,0,0,0,0,0,0,0,0
1781909787367,Executor1,Stage1-2-0,0,0,0,0,0,0,0,0
1781909787370,Executor0,Stage0-0-0,0,0,0,0,0,0,0,0
1781909787621,Executor3,Stage1-0-0,0,0,0,0,0,0,0,0
1781909787927,Executor0,Stage0-0-0,0,0,0,0,0,0,0,0
1781909787927,Executor0,Stage0-1-0,0,0,0,0,0,0,0,0
1781909787927,Executor0,Stage0-2-0,0,0,0,0,0,0,0,0
1781909787927,Executor0,Stage0-3-0,0,0,0,0,0,0,0,0
1781909787978,Executor1,Stage1-0-0,0,0,0,0,0,0,0,0
1781909788176,Executor2,Stage1-3-0,0,0,0,0,0,0,0,0
1781909788204,Executor7,Stage1-1-0,0,0,0,0,0,0,0,0
1781909788367,Executor1,Stage1-2-0,0,0,0,0,0,0,0,0
1781909788370,Executor0,Stage0-0-0,0,0,0,0,0,0,0,0
1781909788620,Executor3,Stage1-0-0,0,0,0,0,0,0,0,0
1781909788927,Executor0,Stage0-0-0,0,0,0,0,0,0,0,0
1781909788927,Executor0,Stage0-1-0,0,0,0,0,0,0,0,0
1781909788927,Executor0,Stage0-2-0,0,0,0,0,0,0,0,0
1781909788927,Executor0,Stage0-3-0,0,0,0,0,0,0,0,0
1781909788978,Executor1,Stage1-0-0,0,0,0,0,0,0,0,0
1781909789176,Executor2,Stage1-3-0,0,0,0,0,0,0,0,0
1781909789204,Executor7,Stage1-1-0,0,0,0,0,0,0,0,0
1781909789367,Executor1,Stage1-2-0,0,0,0,0,0,0,0,0
1781909789370,Executor0,Stage0-0-0,0,0,0,0,0,0,0,0
1781909789620,Executor3,Stage1-0-0,0,0,0,0,0,0,0,0
1781909789927,Executor0,Stage0-0-0,0,0,0,0,0,0,0,0
1781909789927,Executor0,Stage0-1-0,0,0,0,0,0,0,0,0
1781909789927,Executor0,Stage0-2-0,0,0,0,0,0,0,0,0
1781909789927,Executor0,Stage0-3-0,0,0,0,0,0,0,0,0
1781909789978,Executor1,Stage1-0-0,0,0,0,0,0,0,0,0
1781909790176,Executor2,Stage1-3-0,0,0,0,0,0,0,0,0
1781909790204,Executor7,Stage1-1-0,0,0,0,0,0,0,0,0
1781909790367,Executor1,Stage1-2-0,0,0,0,0,0,0,0,0
1781909790370,Executor0,Stage0-0-0,0,0,0,0,0,0,0,0
1781909790620,Executor3,Stage1-0-0,0,0,0,0,0,0,0,0
1781909790927,Executor0,Stage0-0-0,0,0,0,0,0,0,0,0
1781909790927,Executor0,Stage0-1-0,0,0,0,0,0,0,0,0
1781909790927,Executor0,Stage0-2-0,0,0,0,0,0,0,0,0
1781909790927,Executor0,Stage0-3-0,0,0,0,0,0,0,0,0
1781909790978,Executor1,Stage1-0-0,0,0,0,0,0,0,0,0
1781909791176,Executor2,Stage1-3-0,0,0,0,0,0,0,0,0
1781909791204,Executor7,Stage1-1-0,0,0,0,0,0,0,0,0
1781909791367,Executor1,Stage1-2-0,0,0,0,0,0,0,0,0
1781909791370,Executor0,Stage0-0-0,0,0,0,0,0,0,0,0
1781909791621,Executor3,Stage1-0-0,0,0,0,0,0,0,0,0
1781909791927,Executor0,Stage0-0-0,0,0,0,0,0,0,0,0
1781909791927,Executor0,Stage0-1-0,0,0,0,0,0,0,0,0
1781909791927,Executor0,Stage0-2-0,0,0,0,0,0,0,0,0
1781909791927,Executor0,Stage0-3-0,0,0,0,0,0,0,0,0
1781909791978,Executor1,Stage1-0-0,0,0,0,0,0,0,0,0
1781909792176,Executor2,Stage1-3-0,0,0,0,0,0,0,0,0
1781909792204,Executor7,Stage1-1-0,0,0,0,0,0,0,0,0
1781909792367,Executor1,Stage1-2-0,0,0,0,0,0,0,0,0
1781909792370,Executor0,Stage0-0-0,0,0,0,0,0,0,0,0
1781909792621,Executor3,Stage1-0-0,0,0,0,0,0,0,0,0
1781909792927,Executor0,Stage0-0-0,0,0,0,0,0,0,0,0
1781909792927,Executor0,Stage0-1-0,0,0,0,0,0,0,0,0
1781909792927,Executor0,Stage0-2-0,0,0,0,0,0,0,0,0
1781909792927,Executor0,Stage0-3-0,0,0,0,0,0,0,0,0
1781909792978,Executor1,Stage1-0-0,0,0,0,0,0,0,0,0
1781909793176,Executor2,Stage1-3-0,0,0,0,0,0,0,0,0
1781909793204,Executor7,Stage1-1-0,0,0,0,0,0,0,0,0
1781909793367,Executor1,Stage1-2-0,0,0,0,0,0,0,0,0
1781909793370,Executor0,Stage0-0-0,0,0,0,0,0,0,0,0
1781909793621,Executor3,Stage1-0-0,0,0,0,0,0,0,0,0
1781909793927,Executor0,Stage0-0-0,0,0,0,0,0,0,0,0
1781909793927,Executor0,Stage0-1-0,0,0,0,0,0,0,0,0
1781909793927,Executor0,Stage0-2-0,0,0,0,0,0,0,0,0
1781909793927,Executor0,Stage0-3-0,0,0,0,0,0,0,0,0
1781909793978,Executor1,Stage1-0-0,0,0,0,0,0,0,0,0
1781909794176,Executor2,Stage1-3-0,0,0,0,0,0,0,0,0
1781909794204,Executor7,Stage1-1-0,0,0,0,0,0,0,0,0
1781909794367,Executor1,Stage1-2-0,0,0,0,0,0,0,0,0
1781909794370,Executor0,Stage0-0-0,0,0,0,0,0,0,0,0
1781909794620,Executor3,Stage1-0-0,0,0,0,0,0,0,0,0
1781909794927,Executor0,Stage0-0-0,0,0,0,0,0,0,0,0
1781909794927,Executor0,Stage0-1-0,0,0,0,0,0,0,0,0
1781909794927,Executor0,Stage0-2-0,0,0,0,0,0,0,0,0
1781909794927,Executor0,Stage0-3-0,0,0,0,0,0,0,0,0
1781909794978,Executor1,Stage1-0-0,0,0,0,0,0,0,0,0
1781909795176,Executor2,Stage1-3-0,0,0,0,0,0,0,0,0
1781909795204,Executor7,Stage1-1-0,0,0,0,0,0,0,0,0
1781909795367,Executor1,Stage1-2-0,0,0,0,0,0,0,0,0
1781909795370,Executor0,Stage0-0-0,0,0,0,0,0,0,0,0
1781909795621,Executor3,Stage1-0-0,0,0,0,0,0,0,0,0
1781909795927,Executor0,Stage0-0-0,0,0,0,0,0,0,0,0
1781909795927,Executor0,Stage0-1-0,0,0,0,0,0,0,0,0
1781909795927,Executor0,Stage0-2-0,0,0,0,0,0,0,0,0
1781909795927,Executor0,Stage0-3-0,0,0,0,0,0,0,0,0
1781909795978,Executor1,Stage1-0-0,0,0,0,0,0,0,0,0
1781909796176,Executor2,Stage1-3-0,0,0,0,0,0,0,0,0
1781909796204,Executor7,Stage1-1-0,0,0,0,0,0,0,0,0
1781909796367,Executor1,Stage1-2-0,0,0,0,0,0,0,0,0
1781909796370,Executor0,Stage0-0-0,0,0,0,0,0,0,0,0
1781909796621,Executor3,Stage1-0-0,0,0,0,0,0,0,0,0
1781909796927,Executor0,Stage0-0-0,0,0,0,0,0,0,0,0
1781909796927,Executor0,Stage0-1-0,0,0,0,0,0,0,0,0
1781909796927,Executor0,Stage0-2-0,0,0,0,0,0,0,0,0
1781909796927,Executor0,Stage0-3-0,0,0,0,0,0,0,0,0
1781909796978,Executor1,Stage1-0-0,0,0,0,0,0,0,0,0
1781909797176,Executor2,Stage1-3-0,0,0,0,0,0,0,0,0
1781909797204,Executor7,Stage1-1-0,0,0,0,0,0,0,0,0
1781909797367,Executor1,Stage1-2-0,0,0,0,0,0,0,0,0
1781909797370,Executor0,Stage0-0-0,0,0,0,0,0,0,0,0
1781909797621,Executor3,Stage1-0-0,0,0,0,0,0,0,0,0
1781909797927,Executor0,Stage0-0-0,0,0,0,0,0,0,0,0
1781909797927,Executor0,Stage0-1-0,0,0,0,0,0,0,0,0
1781909797927,Executor0,Stage0-2-0,0,0,0,0,0,0,0,0
1781909797927,Executor0,Stage0-3-0,0,0,0,0,0,0,0,0
1781909797978,Executor1,Stage1-0-0,0,0,0,0,0,0,0,0
1781909798176,Executor2,Stage1-3-0,0,0,0,0,0,0,0,0
1781909798204,Executor7,Stage1-1-0,0,0,0,0,0,0,0,0
1781909798367,Executor1,Stage1-2-0,0,0,0,0,0,0,0,0
1781909798370,Executor0,Stage0-0-0,0,0,0,0,0,0,0,0
1781909798620,Executor3,Stage1-0-0,0,0,0,0,0,0,0,0
1781909798927,Executor0,Stage0-0-0,0,0,0,0,0,0,0,0
1781909798927,Executor0,Stage0-1-0,0,0,0,0,0,0,0,0
1781909798927,Executor0,Stage0-2-0,0,0,0,0,0,0,0,0
1781909798927,Executor0,Stage0-3-0,0,0,0,0,0,0,0,0
1781909798978,Executor1,Stage1-0-0,0,0,0,0,0,0,0,0
1781909799176,Executor2,Stage1-3-0,0,0,0,0,0,0,0,0
1781909799204,Executor7,Stage1-1-0,0,0,0,0,0,0,0,0
1781909799367,Executor1,Stage1-2-0,0,0,0,0,0,0,0,0
1781909799370,Executor0,Stage0-0-0,0,0,0,0,0,0,0,0
1781909799620,Executor3,Stage1-0-0,0,0,0,0,0,0,0,0
1781909799927,Executor0,Stage0-0-0,0,0,0,0,0,0,0,0
1781909799927,Executor0,Stage0-1-0,0,0,0,0,0,0,0,0
1781909799927,Executor0,Stage0-2-0,0,0,0,0,0,0,0,0
1781909799927,Executor0,Stage0-3-0,0,0,0,0,0,0,0,0
1781909799978,Executor1,Stage1-0-0,0,0,0,0,0,0,0,0
1781909800176,Executor2,Stage1-3-0,0,0,0,0,0,0,0,0
1781909800204,Executor7,Stage1-1-0,0,0,0,0,0,0,0,0
1781909800367,Executor1,Stage1-2-0,0,0,0,0,0,0,0,0
1781909800370,Executor0,Stage0-0-0,0,0,0,0,0,0,0,0
1781909800620,Executor3,Stage1-0-0,0,0,0,0,0,0,0,0
1781909800927,Executor0,Stage0-0-0,0,0,0,0,0,0,0,0
1781909800927,Executor0,Stage0-1-0,0,0,0,0,0,0,0,0
1781909800927,Executor0,Stage0-2-0,0,0,0,0,0,0,0,0
1781909800927,Executor0,Stage0-3-0,0,0,0,0,0,0,0,0
1781909800978,Executor1,Stage1-0-0,0,0,0,0,0,0,0,0
1781909801176,Executor2,Stage1-3-0,0,0,0,0,0,0,0,0
1781909801204,Executor7,Stage1-1-0,0,0,0,0,0,0,0,0
1781909801367,Executor1,Stage1-2-0,0,0,0,0,0,0,0,0
1781909801370,Executor0,Stage0-0-0,0,0,0,0,0,0,0,0
1781909801620,Executor3,Stage1-0-0,0,0,0,0,0,0,0,0
1781909801927,Executor0,Stage0-0-0,0,0,0,0,0,0,0,0
1781909801927,Executor0,Stage0-1-0,0,0,0,0,0,0,0,0
1781909801927,Executor0,Stage0-2-0,0,0,0,0,0,0,0,0
1781909801927,Executor0,Stage0-3-0,0,0,0,0,0,0,0,0
1781909801978,Executor1,Stage1-0-0,0,0,0,0,0,0,0,0
1781909802176,Executor2,Stage1-3-0,0,0,0,0,0,0,0,0
1781909802204,Executor7,Stage1-1-0,0,0,0,0,0,0,0,0
1781909802367,Executor1,Stage1-2-0,0,0,0,0,0,0,0,0
1781909802370,Executor0,Stage0-0-0,0,0,0,0,0,0,0,0
1781909802620,Executor3,Stage1-0-0,0,0,0,0,0,0,0,0
1781909802927,Executor0,Stage0-0-0,0,0,0,0,0,0,0,0
1781909802927,Executor0,Stage0-1-0,0,0,0,0,0,0,0,0
1781909802927,Executor0,Stage0-2-0,0,0,0,0,0,0,0,0
1781909802927,Executor0,Stage0-3-0,0,0,0,0,0,0,0,0
1781909802978,Executor1,Stage1-0-0,0,0,0,0,0,0,0,0
1781909803176,Executor2,Stage1-3-0,0,0,0,0,0,0,0,0
1781909803204,Executor7,Stage1-1-0,0,0,0,0,0,0,0,0
1781909803367,Executor1,Stage1-2-0,0,0,0,0,0,0,0,0
1781909803370,Executor0,Stage0-0-0,0,0,0,0,0,0,0,0
1781909803620,Executor3,Stage1-0-0,0,0,0,0,0,0,0,0
1781909803927,Executor0,Stage0-0-0,0,0,0,0,0,0,0,0
1781909803927,Executor0,Stage0-1-0,0,0,0,0,0,0,0,0
1781909803927,Executor0,Stage0-2-0,0,0,0,0,0,0,0,0
1781909803927,Executor0,Stage0-3-0,0,0,0,0,0,0,0,0
1781909803978,Executor1,Stage1-0-0,0,0,0,0,0,0,0,0
1781909804176,Executor2,Stage1-3-0,0,0,0,0,0,0,0,0
1781909804204,Executor7,Stage1-1-0,0,0,0,0,0,0,0,0
1781909804367,Executor1,Stage1-2-0,0,0,0,0,0,0,0,0
1781909804370,Executor0,Stage0-0-0,0,0,0,0,0,0,0,0
1781909804620,Executor3,Stage1-0-0,0,0,0,0,0,0,0,0
1781909804927,Executor0,Stage0-0-0,0,0,0,0,0,0,0,0
1781909804927,Executor0,Stage0-1-0,0,0,0,0,0,0,0,0
1781909804927,Executor0,Stage0-2-0,0,0,0,0,0,0,0,0
1781909804927,Executor0,Stage0-3-0,0,0,0,0,0,0,0,0
1781909804978,Executor1,Stage1-0-0,0,0,0,0,0,0,0,0
1781909805176,Executor2,Stage1-3-0,0,0,0,0,0,0,0,0
1781909805204,Executor7,Stage1-1-0,0,0,0,0,0,0,0,0
1781909805367,Executor1,Stage1-2-0,0,0,0,0,0,0,0,0
1781909805370,Executor0,Stage0-0-0,0,0,0,0,0,0,0,0
1781909805621,Executor3,Stage1-0-0,0,0,0,0,0,0,0,0
1781909805927,Executor0,Stage0-0-0,0,0,0,0,0,0,0,0
1781909805927,Executor0,Stage0-1-0,0,0,0,0,0,0,0,0
1781909805927,Executor0,Stage0-2-0,0,0,0,0,0,0,0,0
1781909805927,Executor0,Stage0-3-0,0,0,0,0,0,0,0,0
1781909805978,Executor1,Stage1-0-0,0,0,0,0,0,0,0,0
1781909806176,Executor2,Stage1-3-0,0,0,0,0,0,0,0,0
1781909806204,Executor7,Stage1-1-0,0,0,0,0,0,0,0,0
1781909806367,Executor1,Stage1-2-0,0,0,0,0,0,0,0,0
1781909806370,Executor0,Stage0-0-0,0,0,0,0,0,0,0,0
1781909806621,Executor3,Stage1-0-0,0,0,0,0,0,0,0,0
1781909806927,Executor0,Stage0-0-0,0,0,0,0,0,0,0,0
1781909806927,Executor0,Stage0-1-0,0,0,0,0,0,0,0,0
1781909806927,Executor0,Stage0-2-0,0,0,0,0,0,0,0,0
1781909806927,Executor0,Stage0-3-0,0,0,0,0,0,0,0,0
1781909806978,Executor1,Stage1-0-0,0,0,0,0,0,0,0,0
1781909807176,Executor2,Stage1-3-0,0,0,0,0,0,0,0,0
1781909807204,Executor7,Stage1-1-0,0,0,0,0,0,0,0,0
1781909807367,Executor1,Stage1-2-0,0,0,0,0,0,0,0,0
1781909807370,Executor0,Stage0-0-0,0,0,0,0,0,0,0,0
1781909807620,Executor3,Stage1-0-0,0,0,0,0,0,0,0,0
1781909807927,Executor0,Stage0-0-0,0,0,0,0,0,0,0,0
1781909807927,Executor0,Stage0-1-0,0,0,0,0,0,0,0,0
1781909807927,Executor0,Stage0-2-0,0,0,0,0,0,0,0,0
1781909807927,Executor0,Stage0-3-0,0,0,0,0,0,0,0,0
1781909807978,Executor1,Stage1-0-0,0,0,0,0,0,0,0,0
1781909808176,Executor2,Stage1-3-0,0,0,0,0,0,0,0,0
1781909808204,Executor7,Stage1-1-0,0,0,0,0,0,0,0,0
1781909808367,Executor1,Stage1-2-0,0,0,0,0,0,0,0,0
1781909808370,Executor0,Stage0-0-0,0,0,0,0,0,0,0,0
1781909808620,Executor3,Stage1-0-0,0,0,0,0,0,0,0,0
1781909808927,Executor0,Stage0-0-0,0,0,0,0,0,0,0,0
1781909808927,Executor0,Stage0-1-0,0,0,0,0,0,0,0,0
1781909808927,Executor0,Stage0-2-0,0,0,0,0,0,0,0,0
1781909808927,Executor0,Stage0-3-0,0,0,0,0,0,0,0,0
1781909808978,Executor1,Stage1-0-0,0,0,0,0,0,0,0,0
1781909809176,Executor2,Stage1-3-0,0,0,0,0,0,0,0,0
1781909809204,Executor7,Stage1-1-0,0,0,0,0,0,0,0,0
1781909809367,Executor1,Stage1-2-0,0,0,0,0,0,0,0,0
1781909809370,Executor0,Stage0-0-0,0,0,0,0,0,0,0,0
1781909809620,Executor3,Stage1-0-0,0,0,0,0,0,0,0,0
1781909809927,Executor0,Stage0-0-0,0,0,0,0,0,0,0,0
1781909809927,Executor0,Stage0-1-0,0,0,0,0,0,0,0,0
1781909809927,Executor0,Stage0-2-0,0,0,0,0,0,0,0,0
1781909809927,Executor0,Stage0-3-0,0,0,0,0,0,0,0,0
1781909809978,Executor1,Stage1-0-0,0,0,0,0,0,0,0,0
1781909810176,Executor2,Stage1-3-0,0,0,0,0,0,0,0,0
1781909810204,Executor7,Stage1-1-0,0,0,0,0,0,0,0,0
1781909810367,Executor1,Stage1-2-0,0,0,0,0,0,0,0,0
1781909810370,Executor0,Stage0-0-0,0,0,0,0,0,0,0,0
1781909810620,Executor3,Stage1-0-0,0,0,0,0,0,0,0,0
1781909810927,Executor0,Stage0-0-0,0,0,0,0,0,0,0,0
1781909810927,Executor0,Stage0-1-0,0,0,0,0,0,0,0,0
1781909810927,Executor0,Stage0-2-0,0,0,0,0,0,0,0,0
1781909810927,Executor0,Stage0-3-0,0,0,0,0,0,0,0,0
1781909810978,Executor1,Stage1-0-0,0,0,0,0,0,0,0,0
1781909811176,Executor2,Stage1-3-0,0,0,0,0,0,0,0,0
1781909811204,Executor7,Stage1-1-0,0,0,0,0,0,0,0,0
1781909811367,Executor1,Stage1-2-0,0,0,0,0,0,0,0,0
1781909811370,Executor0,Stage0-0-0,0,0,0,0,0,0,0,0
1781909811620,Executor3,Stage1-0-0,0,0,0,0,0,0,0,0
1781909811927,Executor0,Stage0-0-0,0,0,0,0,0,0,0,0
1781909811927,Executor0,Stage0-1-0,0,0,0,0,0,0,0,0
1781909811927,Executor0,Stage0-2-0,0,0,0,0,0,0,0,0
1781909811927,Executor0,Stage0-3-0,0,0,0,0,0,0,0,0
1781909811978,Executor1,Stage1-0-0,0,0,0,0,0,0,0,0
1781909812176,Executor2,Stage1-3-0,0,0,0,0,0,0,0,0
1781909812204,Executor7,Stage1-1-0,0,0,0,0,0,0,0,0
1781909812367,Executor1,Stage1-2-0,0,0,0,0,0,0,0,0
1781909812370,Executor0,Stage0-0-0,0,0,0,0,0,0,0,0
1781909812621,Executor3,Stage1-0-0,0,0,0,0,0,0,0,0
1781909591565,VM-79,Stage1-2-0,0,0,0,0,0,0,0,0
1781909591626,VM-78,Stage1-0-0,0,0,0,0,0,0,0,0
1781909592565,VM-79,Stage1-2-0,0,0,0,0,0,106,0,0
1781909592626,VM-78,Stage1-0-0,0,161,0,594124,130783,19762,0,0
1781909593564,VM-79,Stage1-2-0,0,369,0,852976,147494,43759,0,0
1781909593626,VM-78,Stage1-0-0,0,1368,0,816379,139152,167138,0,0
1781909594564,VM-79,Stage1-2-0,0,1766,0,805660,166171,215917,0,0
1781909594626,VM-78,Stage1-0-0,0,3284,0,830348,95530,397692,0,0
1781909595565,VM-79,Stage1-2-0,0,6189,0,798637,176898,751489,0,0
1781909595627,VM-78,Stage1-0-0,0,6293,0,806816,176657,763687,0,0
1781909596565,VM-79,Stage1-2-0,0,8415,0,794508,178536,1016868,0,0
1781909596626,VM-78,Stage1-0-0,0,8616,0,734601,179882,1041066,0,0
1781909597565,VM-79,Stage1-2-0,0,9507,0,802476,173537,1155394,0,0
1781909597626,VM-78,Stage1-0-0,0,10187,0,817269,146276,1226217,0,0
1781909598565,VM-79,Stage1-2-0,0,8747,0,796339,145634,1063705,0,0
1781909598626,VM-78,Stage1-0-0,0,10049,0,768687,206461,1224098,0,0
1781909599565,VM-79,Stage1-2-0,0,6191,0,890412,94886,754870,0,0
1781909599626,VM-78,Stage1-0-0,0,9531,0,830938,106220,1150589,0,0
1781909600564,VM-79,Stage1-2-0,0,9622,0,853113,120425,1162575,0,0
1781909600626,VM-78,Stage1-0-0,0,15179,0,812324,152692,1838410,0,0
1781909601565,VM-79,Stage1-2-0,0,8175,0,743867,241881,987222,0,0
1781909601626,VM-78,Stage1-0-0,0,16075,0,923628,51822,1950041,0,0
1781909602564,VM-79,Stage1-2-0,0,12335,0,847830,124961,1502637,0,0
1781909602626,VM-78,Stage1-0-0,0,15627,0,854585,121440,1883708,0,0
1781909603564,VM-79,Stage1-2-0,0,17326,0,873289,84952,2097686,0,0
1781909603626,VM-78,Stage1-0-0,0,12427,0,922014,60307,1500945,0,0
1781909604620,VM-79,Stage1-2-0,0,14828,0,716969,24124,1794652,0,0
1781909604626,VM-78,Stage1-0-0,0,18535,0,920472,54082,2250499,0,0
1781909605564,VM-79,Stage1-2-0,0,16655,0,1098616,91385,2025414,0,0
1781909605626,VM-78,Stage1-0-0,0,19587,0,915819,54448,2371623,0,0
1781909606564,VM-79,Stage1-2-0,0,18071,0,850968,81190,2190731,0,0
1781909606626,VM-78,Stage1-0-0,0,18731,0,944370,31462,2274671,0,0
1781909607564,VM-79,Stage1-2-0,0,18188,0,859902,107718,2201748,0,0
1781909607626,VM-78,Stage1-0-0,0,16037,0,918022,53187,1949591,0,0
1781909608564,VM-79,Stage1-2-0,0,16260,0,723243,225504,1971497,0,0
1781909608626,VM-78,Stage1-0-0,0,19296,0,876478,89628,2345445,0,0
1781909609565,VM-79,Stage1-2-0,0,21431,0,910345,52676,2596666,0,0
1781909609626,VM-78,Stage1-0-0,0,18679,0,891325,68939,2263891,0,0
1781909610564,VM-79,Stage1-2-0,0,21885,0,891568,51303,2647225,0,0
1781909610626,VM-78,Stage1-0-0,0,18976,0,895025,74322,2292720,0,0
1781909611564,VM-79,Stage1-2-0,0,21593,0,842727,94143,2626360,0,0
1781909611626,VM-78,Stage1-0-0,0,17200,0,903957,57399,2091331,0,0
1781909612564,VM-79,Stage1-2-0,0,16723,0,897670,36407,2027397,0,0
1781909612626,VM-78,Stage1-0-0,0,18330,0,891620,73088,2223425,0,0
1781909613564,VM-79,Stage1-2-0,0,22360,0,845489,109401,2718814,0,0
1781909613626,VM-78,Stage1-0-0,0,15113,0,883723,84012,1830340,0,0
1781909614565,VM-79,Stage1-2-0,0,22419,0,870449,88353,2709386,0,0
1781909614627,VM-78,Stage1-0-0,0,17656,0,934119,36243,2137096,0,0
1781909615564,VM-79,Stage1-2-0,0,18239,0,893637,53031,2213722,0,0
1781909615626,VM-78,Stage1-0-0,0,18111,0,864915,95379,2183086,0,0
1781909616564,VM-79,Stage1-2-0,0,21039,0,872958,98900,2553603,0,0
1781909616626,VM-78,Stage1-0-0,0,22572,0,897959,72047,2737661,0,0
1781909617564,VM-79,Stage1-2-0,0,23903,0,844124,82822,2890315,0,0
1781909617626,VM-78,Stage1-0-0,0,23492,0,828678,121606,2849111,0,0
1781909618626,VM-78,Stage1-0-0,0,21470,0,886437,76079,2599672,0,0
1781909618632,VM-79,Stage1-2-0,0,25677,0,896675,77672,3111192,0,0
1781909619564,VM-79,Stage1-2-0,0,25046,0,855189,94471,3036932,0,0
1781909619626,VM-78,Stage1-0-0,0,20154,0,825848,147081,2445761,0,0
1781909620564,VM-79,Stage1-2-0,0,32140,0,900155,59586,3882866,0,0
1781909620626,VM-78,Stage1-0-0,0,25951,0,860829,96471,3148396,0,0
1781909621564,VM-79,Stage1-2-0,0,31718,0,897858,65299,3853150,0,0
1781909621626,VM-78,Stage1-0-0,0,24138,0,886786,85803,2924561,0,0
1781909622564,VM-79,Stage1-2-0,0,34139,0,868913,90729,4134187,0,0
1781909622626,VM-78,Stage1-0-0,0,35085,0,871135,78278,4251900,0,0
1781909623564,VM-79,Stage1-2-0,0,34179,0,904279,53496,4154414,0,0
1781909623639,VM-78,Stage1-0-0,0,29180,0,799774,54021,3523992,0,0
1781909624564,VM-79,Stage1-2-0,0,35885,0,885656,72249,4346709,0,0
1781909624626,VM-78,Stage1-0-0,0,38591,0,860546,175156,4673218,0,0
1781909625564,VM-79,Stage1-2-0,0,30289,0,882370,79013,3666729,0,0
1781909625626,VM-78,Stage1-0-0,0,32551,0,860504,93916,3938630,0,0
1781909626564,VM-79,Stage1-2-0,0,40009,0,888365,65794,4841754,0,0
1781909626626,VM-78,Stage1-0-0,0,38383,0,879426,65709,4649999,0,0
1781909627565,VM-79,Stage1-2-0,0,35409,0,896921,62631,4302253,0,0
1781909627632,VM-78,Stage1-0-0,0,38847,0,879496,64473,4707975,0,0
1781909628564,VM-79,Stage1-2-0,0,39738,0,888753,65137,4816940,0,0
1781909628626,VM-78,Stage1-0-0,0,40029,0,863035,77422,4845502,0,0
1781909629564,VM-79,Stage1-2-0,0,36500,0,837291,121521,4421808,0,0
1781909629626,VM-78,Stage1-0-0,0,36106,0,875443,71184,4381754,0,0
1781909630565,VM-79,Stage1-2-0,0,39246,0,894273,61150,4752212,0,0
1781909630626,VM-78,Stage1-0-0,0,41399,0,875977,64798,5027730,0,0
1781909631564,VM-79,Stage1-2-0,0,38766,0,898860,57131,4698329,0,0
1781909631626,VM-78,Stage1-0-0,0,40241,0,875807,67247,4879715,0,0
1781909632564,VM-79,Stage1-2-0,0,40082,0,895424,60020,4865269,0,0
1781909632626,VM-78,Stage1-0-0,0,42040,0,874560,64199,5094542,0,0
1781909633564,VM-79,Stage1-2-0,0,39126,0,901162,55110,4741106,0,0
1781909633627,VM-78,Stage1-0-0,0,38272,0,886362,58362,4631776,0,0
1781909634564,VM-79,Stage1-2-0,0,39046,0,888660,62393,4743459,0,0
1781909634626,VM-78,Stage1-0-0,0,40640,0,865197,71089,4933123,0,0
1781909635565,VM-79,Stage1-2-0,0,38132,0,852492,103318,4627497,0,0
1781909635626,VM-78,Stage1-0-0,0,40609,0,874155,66988,4908798,0,0
1781909636564,VM-79,Stage1-2-0,0,37253,0,839832,56439,4515028,0,0
1781909636626,VM-78,Stage1-0-0,0,37711,0,804103,61874,4588178,0,0
1781909637567,VM-79,Stage1-2-0,0,14267,0,334361,25701,1743085,0,0
1781909637626,VM-78,Stage1-0-0,0,14271,0,326389,22024,1731867,0,0
1781909638565,VM-79,Stage1-2-0,0,14288,0,324085,57990,1743330,0,0
1781909638627,VM-78,Stage1-0-0,0,14224,0,345144,21976,1730683,0,0
1781909639565,VM-79,Stage1-2-0,0,14585,0,344386,21887,1778021,0,0
1781909639627,VM-78,Stage1-0-0,0,14649,0,329483,23898,1796174,0,0
1781909640565,VM-79,Stage1-2-0,0,14348,0,373999,21532,1757615,0,0
1781909640628,VM-78,Stage1-0-0,0,14161,0,354047,23162,1729093,0,0
1781909641565,VM-79,Stage1-2-0,0,14192,0,328523,20682,1721238,0,0
1781909641626,VM-78,Stage1-0-0,0,14306,0,312184,22664,1761328,0,0
1781909642565,VM-79,Stage1-2-0,0,14071,0,329967,22127,1716815,0,0
1781909642627,VM-78,Stage1-0-0,0,14036,0,295611,20893,1716270,0,0
1781909643565,VM-79,Stage1-2-0,0,14246,0,341000,21977,1736100,0,0
1781909643626,VM-78,Stage1-0-0,0,14314,0,342866,21918,1751637,0,0
1781909644565,VM-79,Stage1-2-0,0,14220,0,356237,19629,1726116,0,0
1781909644626,VM-78,Stage1-0-0,0,14278,0,315576,23378,1752994,0,0
1781909645565,VM-79,Stage1-2-0,0,14199,0,404632,35083,1731517,0,0
1781909645626,VM-78,Stage1-0-0,0,14237,0,315148,22340,1742401,0,0
1781909646565,VM-79,Stage1-2-0,0,13566,0,362465,27290,1663036,0,0
1781909646626,VM-78,Stage1-0-0,0,13440,0,309459,44870,1639615,0,0
1781909647565,VM-79,Stage1-2-0,0,13737,0,340594,41405,1680895,0,0
1781909647626,VM-78,Stage1-0-0,0,13841,0,299180,25377,1682149,0,0
1781909648565,VM-79,Stage1-2-0,0,14237,0,335428,22577,1734777,0,0
1781909648627,VM-78,Stage1-0-0,0,14200,0,381260,32517,1733203,0,0
1781909649565,VM-79,Stage1-2-0,0,13864,0,392255,31170,1698144,0,0
1781909649626,VM-78,Stage1-0-0,0,13979,0,387092,39887,1709354,0,0
1781909650565,VM-79,Stage1-2-0,0,14556,0,371377,28525,1776063,0,0
1781909650627,VM-78,Stage1-0-0,0,14567,0,395696,47607,1781655,0,0
1781909651565,VM-79,Stage1-2-0,0,13677,0,361485,28609,1669452,0,0
1781909651626,VM-78,Stage1-0-0,0,13854,0,311835,29469,1699470,0,0
1781909652565,VM-79,Stage1-2-0,0,14689,0,439165,40944,1790317,0,0
1781909652626,VM-78,Stage1-0-0,0,14461,0,342950,24754,1767545,0,0
1781909653565,VM-79,Stage1-2-0,0,14230,0,409417,40942,1741034,0,0
1781909653627,VM-78,Stage1-0-0,0,14336,0,331407,22413,1750728,0,0
1781909654565,VM-79,Stage1-2-0,0,14207,0,327469,56186,1729582,0,0
1781909654626,VM-78,Stage1-0-0,0,14239,0,314450,21608,1735099,0,0
1781909655565,VM-79,Stage1-2-0,0,14188,0,351308,20619,1730011,0,0
1781909655626,VM-78,Stage1-0-0,0,14426,0,410310,30409,1765361,0,0
1781909656565,VM-79,Stage1-2-0,0,13933,0,340077,22219,1699786,0,0
1781909656626,VM-78,Stage1-0-0,0,13740,0,393348,44095,1678126,0,0
1781909657565,VM-79,Stage1-2-0,0,14628,0,338717,20669,1785869,0,0
1781909657626,VM-78,Stage1-0-0,0,14630,0,416816,40376,1778125,0,0
1781909658565,VM-79,Stage1-2-0,0,14515,0,346800,23471,1786835,0,0
1781909658627,VM-78,Stage1-0-0,0,14750,0,371980,82491,1788728,0,0
1781909659564,VM-79,Stage1-2-0,0,21417,0,571182,39883,2611101,0,0
1781909659626,VM-78,Stage1-0-0,0,24368,0,537005,38746,2977524,0,0
1781909660564,VM-79,Stage1-2-0,0,7392,0,251310,16890,904862,0,0
1781909660626,VM-78,Stage1-0-0,0,5143,0,215099,14298,624953,0,0
1781909661564,VM-79,Stage1-2-0,0,38378,0,899139,56681,4698413,0,0
1781909661626,VM-78,Stage1-0-0,0,31428,0,871970,82240,3849306,0,0
1781909662564,VM-79,Stage1-2-0,0,31357,0,912894,52400,3827117,0,0
1781909662626,VM-78,Stage1-0-0,0,36429,0,884232,62931,4439768,0,0
1781909663564,VM-79,Stage1-2-0,0,31903,0,905340,57978,3892168,0,0
1781909663626,VM-78,Stage1-0-0,0,37086,0,880753,65014,4515911,0,0
1781909664564,VM-79,Stage1-2-0,0,34823,0,905858,54229,4251734,0,0
1781909664626,VM-78,Stage1-0-0,0,34941,0,767555,182210,4270311,0,0
1781909665564,VM-79,Stage1-2-0,0,38508,0,897946,59068,4696387,0,0
1781909665717,VM-78,Stage1-0-0,0,38897,0,828072,60376,4762409,0,0
1781909666564,VM-79,Stage1-2-0,0,32048,0,747096,217605,3906220,0,0
1781909666626,VM-78,Stage1-0-0,0,36347,0,938208,63354,4438395,0,0
1781909667564,VM-79,Stage1-2-0,0,33156,0,853589,109361,4044966,0,0
1781909667626,VM-78,Stage1-0-0,0,32237,0,882047,70640,3927372,0,0
1781909668626,VM-78,Stage1-0-0,0,32133,0,896854,57105,3938137,0,0
1781909668752,VM-79,Stage1-2-0,0,26017,0,1075352,76826,3185359,0,0
1781909669564,VM-79,Stage1-2-0,0,31045,0,722392,54518,3786265,0,0
1781909669626,VM-78,Stage1-0-0,0,39888,0,875019,66875,4866669,0,0
1781909670564,VM-79,Stage1-2-0,0,38314,0,894397,62580,4683745,0,0
1781909670627,VM-78,Stage1-0-0,0,37019,0,881989,65902,4517187,0,0
1781909671564,VM-79,Stage1-2-0,0,33501,0,906751,55173,4092695,0,0
1781909671745,VM-78,Stage1-0-0,0,39734,0,858097,68673,4867512,0,0
1781909672564,VM-79,Stage1-2-0,0,39154,0,890633,64858,4769797,0,0
1781909672626,VM-78,Stage1-0-0,0,36445,0,765256,198717,4450984,0,0
1781909673565,VM-79,Stage1-2-0,0,35637,0,801303,158098,4349136,0,0
1781909673682,VM-78,Stage1-0-0,0,36349,0,796682,60342,4442200,0,0
1781909674564,VM-79,Stage1-2-0,0,38328,0,879238,64273,4689638,0,0
1781909674626,VM-78,Stage1-0-0,0,39372,0,821481,212007,4809218,0,0
1781909675564,VM-79,Stage1-2-0,0,32587,0,911184,52577,3987950,0,0
1781909675626,VM-78,Stage1-0-0,0,34877,0,887661,62410,4259735,0,0
1781909676564,VM-79,Stage1-2-0,0,38917,0,890801,65308,4759499,0,0
1781909676626,VM-78,Stage1-0-0,0,40062,0,869560,71584,4902145,0,0
1781909677564,VM-79,Stage1-2-0,0,26662,0,898624,68850,3266569,0,0
1781909677626,VM-78,Stage1-0-0,0,33225,0,893389,58963,4047158,0,0
1781909678564,VM-79,Stage1-2-0,0,36339,0,885753,71583,4451479,0,0
1781909678626,VM-78,Stage1-0-0,0,31632,0,843323,111396,3854334,0,0
1781909679564,VM-79,Stage1-2-0,0,33623,0,909695,51567,4103618,0,0
1781909679714,VM-78,Stage1-0-0,0,37829,0,815577,62090,4630536,0,0
1781909680564,VM-79,Stage1-2-0,0,38441,0,895332,61243,4701679,0,0
1781909680626,VM-78,Stage1-0-0,0,38266,0,792460,218205,4664836,0,0
1781909681564,VM-79,Stage1-2-0,0,33481,0,910234,51450,4096854,0,0
1781909681641,VM-78,Stage1-0-0,0,35419,0,745047,59583,4325664,0,0
1781909682564,VM-79,Stage1-2-0,0,30946,0,886073,68078,3778625,0,0
1781909682626,VM-78,Stage1-0-0,0,41570,0,1017955,66272,5085181,0,0
1781909683564,VM-79,Stage1-2-0,0,31839,0,902706,60684,3890883,0,0
1781909683627,VM-78,Stage1-0-0,0,32763,0,898152,53578,4002429,0,0
1781909684564,VM-79,Stage1-2-0,0,35553,0,885291,73454,4348867,0,0
1781909684630,VM-78,Stage1-0-0,0,39241,0,872736,70140,4806938,0,0
1781909685598,VM-79,Stage1-2-0,0,28546,0,730192,69064,3490355,0,0
1781909685753,VM-78,Stage1-0-0,0,30675,0,840609,80986,3732700,0,0
1781909686565,VM-79,Stage1-2-0,0,38279,0,1065050,55608,4676660,0,0
1781909686626,VM-78,Stage1-0-0,0,35747,0,922552,57766,4361835,0,0
1781909687700,VM-79,Stage1-2-0,0,34752,0,848516,59678,4254568,0,0
1781909687730,VM-78,Stage1-0-0,0,35655,0,797435,62044,4340569,0,0
1781909688564,VM-79,Stage1-2-0,0,35996,0,954710,53444,4412096,0,0
1781909688626,VM-78,Stage1-0-0,0,31470,0,963606,80032,3854839,0,0
1781909689626,VM-78,Stage1-0-0,0,26309,0,871493,75677,3217116,0,0
1781909689628,VM-79,Stage1-2-0,0,37847,0,859234,58991,4632453,0,0
1781909690564,VM-79,Stage1-2-0,0,37819,0,936016,59182,4613061,0,0
1781909690626,VM-78,Stage1-0-0,0,34561,0,870451,81170,4228267,0,0
1781909691626,VM-78,Stage1-0-0,0,40102,0,861543,77217,4912377,0,0
1781909691637,VM-79,Stage1-2-0,0,35657,0,811348,58692,4351872,0,0
1781909692564,VM-79,Stage1-2-0,0,36438,0,988508,57101,4448495,0,0
1781909692626,VM-78,Stage1-0-0,0,34861,0,887750,61750,4247331,0,0
1781909693626,VM-78,Stage1-0-0,0,40907,0,871272,69269,4999746,0,0
1781909693655,VM-79,Stage1-2-0,0,37175,0,836400,56711,4540792,0,0
1781909694565,VM-79,Stage1-2-0,0,35846,0,806677,216331,4380563,0,0
1781909694626,VM-78,Stage1-0-0,0,34866,0,877577,71463,4248345,0,0
1781909695626,VM-78,Stage1-0-0,0,40516,0,871444,68023,4943665,0,0
1781909695680,VM-79,Stage1-2-0,0,36353,0,854419,62990,4432842,0,0
1781909696564,VM-79,Stage1-2-0,0,34708,0,779763,214935,4245735,0,0
1781909696626,VM-78,Stage1-0-0,0,34889,0,886335,61937,4267884,0,0
1781909697626,VM-78,Stage1-0-0,0,40256,0,865901,72800,4909459,0,0
1781909697717,VM-79,Stage1-2-0,0,38191,0,883749,70187,4660267,0,0
1781909698564,VM-79,Stage1-2-0,0,33362,0,753421,209077,4089093,0,0
1781909698626,VM-78,Stage1-0-0,0,34662,0,887624,62500,4243211,0,0
1781909699626,VM-78,Stage1-0-0,0,39547,0,853507,87643,4826584,0,0
1781909699745,VM-79,Stage1-2-0,0,39406,0,902011,232501,4810268,0,0
1781909700564,VM-79,Stage1-2-0,0,32193,0,728877,53738,3922336,0,0
1781909700626,VM-78,Stage1-0-0,0,35323,0,888641,60470,4312347,0,0
1781909701564,VM-79,Stage1-2-0,0,38802,0,891463,63697,4744166,0,0
1781909701741,VM-78,Stage1-0-0,0,38914,0,824152,69814,4759755,0,0
1781909702565,VM-79,Stage1-2-0,0,33613,0,909723,52736,4099541,0,0
1781909702626,VM-78,Stage1-0-0,0,36871,0,934317,63238,4513247,0,0
1781909703564,VM-79,Stage1-2-0,0,37795,0,893694,61698,4616473,0,0
1781909703687,VM-78,Stage1-0-0,0,35116,0,783591,63878,4288098,0,0
1781909704564,VM-79,Stage1-2-0,0,27162,0,913818,54157,3311986,0,0
1781909704627,VM-78,Stage1-0-0,0,39277,0,975008,67431,4790764,0,0
1781909705564,VM-79,Stage1-2-0,0,39586,0,890066,64134,4843760,0,0
1781909705626,VM-78,Stage1-0-0,0,34171,0,723877,225072,4177143,0,0
1781909706564,VM-79,Stage1-2-0,0,34321,0,911895,50544,4187859,0,0
1781909706626,VM-78,Stage1-0-0,0,40963,0,868578,71770,5000762,0,0
1781909707564,VM-79,Stage1-2-0,0,39823,0,891935,62942,4850771,0,0
1781909707626,VM-78,Stage1-0-0,0,36469,0,884631,63562,4454510,0,0
1781909708564,VM-79,Stage1-2-0,0,35164,0,904901,55663,4301465,0,0
1781909708626,VM-78,Stage1-0-0,0,42058,0,865305,73538,5138673,0,0
1781909709564,VM-79,Stage1-2-0,0,40383,0,890439,65935,4932401,0,0
1781909709626,VM-78,Stage1-0-0,0,36478,0,887795,60507,4458485,0,0
1781909710564,VM-79,Stage1-2-0,0,35331,0,904055,54873,4317525,0,0
1781909710626,VM-78,Stage1-0-0,0,41981,0,864439,74808,5124644,0,0
1781909711564,VM-79,Stage1-2-0,0,39696,0,873406,82028,4851811,0,0
1781909711626,VM-78,Stage1-0-0,0,38469,0,876723,68007,4699546,0,0
1781909712564,VM-79,Stage1-2-0,0,37578,0,896432,60006,4588078,0,0
1781909712626,VM-78,Stage1-0-0,0,40966,0,868058,72667,5008340,0,0
1781909713564,VM-79,Stage1-2-0,0,39080,0,887774,64697,4771671,0,0
1781909713626,VM-78,Stage1-0-0,0,33453,0,761201,191207,4091852,0,0
1781909714564,VM-79,Stage1-2-0,0,29763,0,776633,186303,3625443,0,0
1781909714626,VM-78,Stage1-0-0,0,35153,0,861008,89228,4299727,0,0
1781909715564,VM-79,Stage1-2-0,0,36314,0,880799,75014,4429033,0,0
1781909715626,VM-78,Stage1-0-0,0,40025,0,812856,130337,4895906,0,0
1781909716565,VM-79,Stage1-2-0,0,38087,0,894872,60748,4653995,0,0
1781909716626,VM-78,Stage1-0-0,0,40390,0,872397,67866,4933541,0,0
1781909717564,VM-79,Stage1-2-0,0,39642,0,892151,61868,4831240,0,0
1781909717626,VM-78,Stage1-0-0,0,40070,0,875838,65516,4902075,0,0
1781909718564,VM-79,Stage1-2-0,0,38269,0,895039,61639,4675294,0,0
1781909718626,VM-78,Stage1-0-0,0,41669,0,872909,66392,5098275,0,0
1781909719564,VM-79,Stage1-2-0,0,39758,0,892272,62198,4839747,0,0
1781909719626,VM-78,Stage1-0-0,0,39282,0,880678,63796,4790209,0,0
1781909720564,VM-79,Stage1-2-0,0,36814,0,900943,57357,4495559,0,0
1781909720626,VM-78,Stage1-0-0,0,40985,0,870306,69340,5012991,0,0
1781909721564,VM-79,Stage1-2-0,0,39168,0,890618,65466,4769698,0,0
1781909721626,VM-78,Stage1-0-0,0,38338,0,883022,61420,4685346,0,0
1781909722564,VM-79,Stage1-2-0,0,35773,0,901452,58108,4360377,0,0
1781909722626,VM-78,Stage1-0-0,0,32140,0,860542,94161,3935202,0,0
1781909723564,VM-79,Stage1-2-0,0,32764,0,879426,79322,4007815,0,0
1781909723626,VM-78,Stage1-0-0,0,39873,0,879513,62596,4885245,0,0
1781909724564,VM-79,Stage1-2-0,0,38320,0,899864,56267,4686346,0,0
1781909724661,VM-78,Stage1-0-0,0,40088,0,834068,63727,4890720,0,0
1781909725564,VM-79,Stage1-2-0,0,40658,0,893051,61141,4949578,0,0
1781909725626,VM-78,Stage1-0-0,0,41658,0,921656,63278,5092017,0,0
1781909726564,VM-79,Stage1-2-0,0,37744,0,901528,55199,4616848,0,0
1781909726626,VM-78,Stage1-0-0,0,38229,0,879386,61533,4670214,0,0
1781909727564,VM-79,Stage1-2-0,0,40036,0,891655,63192,4892370,0,0
1781909727626,VM-78,Stage1-0-0,0,41018,0,874502,64492,5008627,0,0
1781909728565,VM-79,Stage1-2-0,0,36452,0,800841,155401,4446926,0,0
1781909728626,VM-78,Stage1-0-0,0,39497,0,880165,64168,4826653,0,0
1781909729564,VM-79,Stage1-2-0,0,39741,0,892025,58674,4860186,0,0
1781909729626,VM-78,Stage1-0-0,0,41672,0,869219,71153,5100927,0,0
1781909730565,VM-79,Stage1-2-0,0,33785,0,903141,58040,4125576,0,0
1781909730626,VM-78,Stage1-0-0,0,35644,0,885595,63642,4359871,0,0
1781909731564,VM-79,Stage1-2-0,0,40408,0,891284,62291,4921026,0,0
1781909731626,VM-78,Stage1-0-0,0,41280,0,870273,69952,5031049,0,0
1781909732564,VM-79,Stage1-2-0,0,36511,0,907248,52702,4461413,0,0
1781909732626,VM-78,Stage1-0-0,0,39445,0,793144,149458,4810686,0,0
1781909733564,VM-79,Stage1-2-0,0,40250,0,894284,59589,4920979,0,0
1781909733626,VM-78,Stage1-0-0,0,41303,0,873018,67493,5048845,0,0
1781909734564,VM-79,Stage1-2-0,0,36417,0,902115,56734,4445396,0,0
1781909734626,VM-78,Stage1-0-0,0,38518,0,881062,63206,4696310,0,0
1781909735564,VM-79,Stage1-2-0,0,40183,0,892809,62336,4914717,0,0
1781909735626,VM-78,Stage1-0-0,0,41430,0,870462,68805,5066971,0,0
1781909736564,VM-79,Stage1-2-0,0,37483,0,904456,54098,4579401,0,0
1781909736626,VM-78,Stage1-0-0,0,40012,0,877949,64672,4904268,0,0
1781909737564,VM-79,Stage1-2-0,0,40018,0,891895,62019,4880842,0,0
1781909737626,VM-78,Stage1-0-0,0,40706,0,873420,67570,4965885,0,0
1781909738564,VM-79,Stage1-2-0,0,38134,0,897737,57714,4654710,0,0
1781909738626,VM-78,Stage1-0-0,0,39906,0,878306,63466,4878214,0,0
1781909739586,VM-79,Stage1-2-0,0,37707,0,844708,58670,4602042,0,0
1781909739626,VM-78,Stage1-0-0,0,39649,0,875734,65975,4836032,0,0
1781909740564,VM-79,Stage1-2-0,0,40667,0,949295,57266,4949596,0,0
1781909740626,VM-78,Stage1-0-0,0,42477,0,873072,66123,5199041,0,0
1781909741564,VM-79,Stage1-2-0,0,38574,0,902208,55022,4720659,0,0
1781909741626,VM-78,Stage1-0-0,0,41588,0,863109,77685,5064500,0,0
1781909742564,VM-79,Stage1-2-0,0,40682,0,890434,62682,4969908,0,0
1781909742626,VM-78,Stage1-0-0,0,39665,0,838843,63141,4854253,0,0
1781909743564,VM-79,Stage1-2-0,0,38052,0,842741,111989,4627978,0,0
1781909743626,VM-78,Stage1-0-0,0,14303,0,306769,24256,1748568,0,0
1781909744564,VM-79,Stage1-2-0,0,38801,0,889421,65498,4746324,0,0
1781909744626,VM-78,Stage1-0-0,0,13845,0,316023,21851,1696053,0,0
1781909745564,VM-79,Stage1-2-0,0,38558,0,853683,102457,4718677,0,0
1781909745626,VM-78,Stage1-0-0,0,14044,0,315931,22615,1710812,0,0
1781909746564,VM-79,Stage1-2-0,0,39691,0,891926,62891,4853139,0,0
1781909746626,VM-78,Stage1-0-0,0,14117,0,307238,23397,1718945,0,0
1781909747564,VM-79,Stage1-2-0,0,34998,0,784499,53411,4274888,0,0
1781909747626,VM-78,Stage1-0-0,0,14299,0,323432,25506,1751034,0,0
1781909748565,VM-79,Stage1-2-0,0,14410,0,329228,20238,1755865,0,0
1781909748626,VM-78,Stage1-0-0,0,14245,0,323922,22489,1747687,0,0
1781909749565,VM-79,Stage1-2-0,0,14282,0,334384,21123,1740590,0,0
1781909749626,VM-78,Stage1-0-0,0,14208,0,301948,53951,1728999,0,0
1781909750565,VM-79,Stage1-2-0,0,13965,0,336305,24337,1708767,0,0
1781909750626,VM-78,Stage1-0-0,0,13784,0,314879,23651,1683745,0,0
1781909751565,VM-79,Stage1-2-0,0,13842,0,324224,22114,1692880,0,0
1781909751626,VM-78,Stage1-0-0,0,13920,0,309950,21554,1697861,0,0
1781909752565,VM-79,Stage1-2-0,0,14799,0,354189,23255,1811100,0,0
1781909752626,VM-78,Stage1-0-0,0,14535,0,317558,22073,1772492,0,0
1781909753565,VM-79,Stage1-2-0,0,14028,0,323469,22359,1709459,0,0
1781909753626,VM-78,Stage1-0-0,0,13752,0,302748,21014,1673835,0,0
1781909754565,VM-79,Stage1-2-0,0,15231,0,363592,23741,1854913,0,0
1781909754626,VM-78,Stage1-0-0,0,15149,0,345972,23262,1853988,0,0
1781909755565,VM-79,Stage1-2-0,0,14047,0,328847,21387,1713566,0,0
1781909755626,VM-78,Stage1-0-0,0,13939,0,304182,22807,1703810,0,0
1781909756565,VM-79,Stage1-2-0,0,14756,0,358977,21220,1810925,0,0
1781909756626,VM-78,Stage1-0-0,0,14499,0,319558,47557,1772680,0,0
1781909757565,VM-79,Stage1-2-0,0,13917,0,343595,19495,1704919,0,0
1781909757626,VM-78,Stage1-0-0,0,13970,0,306850,23602,1697118,0,0
1781909758565,VM-79,Stage1-2-0,0,14563,0,340553,25227,1775685,0,0
1781909758626,VM-78,Stage1-0-0,0,14695,0,321061,23833,1792215,0,0
1781909759565,VM-79,Stage1-2-0,0,14360,0,332208,20774,1748671,0,0
1781909759626,VM-78,Stage1-0-0,0,14188,0,356043,24504,1735421,0,0
1781909760565,VM-79,Stage1-2-0,0,14199,0,329500,22615,1740748,0,0
1781909760626,VM-78,Stage1-0-0,0,14187,0,309937,24164,1731467,0,0
1781909761565,VM-79,Stage1-2-0,0,14257,0,345760,22047,1747813,0,0
1781909761626,VM-78,Stage1-0-0,0,14336,0,311813,23051,1749903,0,0
1781909762565,VM-79,Stage1-2-0,0,13856,0,361885,21553,1694324,0,0
1781909762626,VM-78,Stage1-0-0,0,14062,0,311545,22323,1716883,0,0
1781909763565,VM-79,Stage1-2-0,0,14220,0,335570,21550,1736391,0,0
1781909763626,VM-78,Stage1-0-0,0,14213,0,307187,23686,1733086,0,0
1781909764568,VM-79,Stage1-2-0,0,16361,0,369295,25295,2005833,0,0
1781909764626,VM-78,Stage1-0-0,0,16639,0,360648,24102,2037000,0,0
1781909765564,VM-79,Stage1-2-0,0,9412,0,232915,29813,1147328,0,0
1781909765626,VM-78,Stage1-0-0,0,13735,0,302965,22902,1674557,0,0
1781909766564,VM-79,Stage1-2-0,0,31907,0,810486,54639,3898224,0,0
1781909766626,VM-78,Stage1-0-0,0,39606,0,873270,67441,4821169,0,0
1781909767564,VM-79,Stage1-2-0,0,38318,0,885464,69788,4668440,0,0
1781909767626,VM-78,Stage1-0-0,0,37138,0,802100,62499,4530126,0,0
1781909768564,VM-79,Stage1-2-0,0,36631,0,896752,60097,4470697,0,0
1781909768626,VM-78,Stage1-0-0,0,40697,0,869473,70614,4962848,0,0
1781909769564,VM-79,Stage1-2-0,0,37151,0,884702,72140,4536083,0,0
1781909769626,VM-78,Stage1-0-0,0,38202,0,877703,66202,4666727,0,0
1781909770564,VM-79,Stage1-2-0,0,36175,0,902367,55760,4435114,0,0
1781909770626,VM-78,Stage1-0-0,0,39556,0,866321,74141,4828884,0,0
1781909771564,VM-79,Stage1-2-0,0,39335,0,890513,63119,4809934,0,0
1781909771626,VM-78,Stage1-0-0,0,37900,0,791835,153860,4644471,0,0
1781909772564,VM-79,Stage1-2-0,0,35153,0,902216,57267,4304587,0,0
1781909772726,VM-78,Stage1-0-0,0,40668,0,870885,63237,4965124,0,0
1781909773564,VM-79,Stage1-2-0,0,40042,0,892709,63330,4890238,0,0
1781909773626,VM-78,Stage1-0-0,0,37601,0,894266,61471,4592385,0,0
1781909774564,VM-79,Stage1-2-0,0,35051,0,906978,53061,4281858,0,0
1781909774636,VM-78,Stage1-0-0,0,35173,0,760607,60698,4289891,0,0
1781909775564,VM-79,Stage1-2-0,0,39852,0,895333,59052,4867721,0,0
1781909775626,VM-78,Stage1-0-0,0,40714,0,998898,68127,4974211,0,0
1781909776564,VM-79,Stage1-2-0,0,32707,0,791256,170459,3986495,0,0
1781909776626,VM-78,Stage1-0-0,0,36654,0,884766,61812,4480322,0,0
1781909777564,VM-79,Stage1-2-0,0,32437,0,872747,85614,3962599,0,0
1781909777626,VM-78,Stage1-0-0,0,40425,0,867920,73460,4942539,0,0
1781909778564,VM-79,Stage1-2-0,0,34339,0,903556,56757,4189674,0,0
1781909778626,VM-78,Stage1-0-0,0,34398,0,880381,67806,4203543,0,0
1781909779564,VM-79,Stage1-2-0,0,39827,0,895339,58508,4862838,0,0
1781909779626,VM-78,Stage1-0-0,0,32876,0,861946,90627,4007528,0,0
1781909780564,VM-79,Stage1-2-0,0,34501,0,908395,52544,4221786,0,0
1781909780626,VM-78,Stage1-0-0,0,35241,0,885484,63095,4301512,0,0
1781909781565,VM-79,Stage1-2-0,0,40029,0,897612,57669,4887978,0,0
1781909781626,VM-78,Stage1-0-0,0,40877,0,874234,66812,4988370,0,0
1781909782564,VM-79,Stage1-2-0,0,34246,0,767594,194584,4166872,0,0
1781909782626,VM-78,Stage1-0-0,0,35521,0,890780,57410,4331244,0,0
1781909783564,VM-79,Stage1-2-0,0,40242,0,892325,61775,4917305,0,0
1781909783626,VM-78,Stage1-0-0,0,41262,0,875699,64960,5039409,0,0
1781909784564,VM-79,Stage1-2-0,0,33071,0,911436,50630,4029065,0,0
1781909784626,VM-78,Stage1-0-0,0,35618,0,894595,55718,4350731,0,0
1781909785564,VM-79,Stage1-2-0,0,39088,0,893807,61714,4786039,0,0
1781909785626,VM-78,Stage1-0-0,0,40652,0,872110,67424,4954253,0,0
1781909786564,VM-79,Stage1-2-0,0,32983,0,911451,51426,4041057,0,0
1781909786626,VM-78,Stage1-0-0,0,35992,0,894412,54408,4386872,0,0
1781909787565,VM-79,Stage1-2-0,0,37096,0,886451,67340,4533482,0,0
1781909787626,VM-78,Stage1-0-0,0,39255,0,874954,67522,4800043,0,0
1781909788564,VM-79,Stage1-2-0,0,29677,0,861792,99753,3639469,0,0
1781909788626,VM-78,Stage1-0-0,0,35744,0,892882,55426,4350994,0,0
1781909789564,VM-79,Stage1-2-0,0,34310,0,748772,212149,4182123,0,0
1781909789626,VM-78,Stage1-0-0,0,40008,0,870927,70869,4877590,0,0
1781909790565,VM-79,Stage1-2-0,0,34579,0,904015,57217,4225923,0,0
1781909790626,VM-78,Stage1-0-0,0,33783,0,878432,73669,4138030,0,0
1781909791564,VM-79,Stage1-2-0,0,34133,0,909429,51537,4179373,0,0
1781909791626,VM-78,Stage1-0-0,0,35515,0,865673,83829,4336648,0,0
1781909792564,VM-79,Stage1-2-0,0,39112,0,897575,58914,4770114,0,0
1781909792626,VM-78,Stage1-0-0,0,35631,0,890962,56956,4348753,0,0
1781909793564,VM-79,Stage1-2-0,0,33818,0,910452,50918,4135238,0,0
1781909793626,VM-78,Stage1-0-0,0,40284,0,867931,71816,4938416,0,0
1781909794564,VM-79,Stage1-2-0,0,39087,0,893017,62232,4776088,0,0
1781909794626,VM-78,Stage1-0-0,0,35206,0,891611,58306,4302494,0,0
1781909795564,VM-79,Stage1-2-0,0,34562,0,910571,50622,4221635,0,0
1781909795626,VM-78,Stage1-0-0,0,40537,0,872355,68558,4955350,0,0
1781909796564,VM-79,Stage1-2-0,0,37949,0,903497,55392,4640403,0,0
1781909796626,VM-78,Stage1-0-0,0,35460,0,884240,64854,4324145,0,0
1781909797564,VM-79,Stage1-2-0,0,33940,0,911660,49774,4125771,0,0
1781909797626,VM-78,Stage1-0-0,0,40034,0,876994,65500,4885624,0,0
1781909798564,VM-79,Stage1-2-0,0,38774,0,892654,61632,4747266,0,0
1781909798626,VM-78,Stage1-0-0,0,35013,0,890932,58306,4293088,0,0
1781909799565,VM-79,Stage1-2-0,0,30726,0,913240,49873,3762622,0,0
1781909799626,VM-78,Stage1-0-0,0,40814,0,874569,66609,4972399,0,0
1781909800564,VM-79,Stage1-2-0,0,40103,0,889799,62822,4905162,0,0
1781909800626,VM-78,Stage1-0-0,0,35745,0,888906,58659,4369577,0,0
1781909801564,VM-79,Stage1-2-0,0,33743,0,909634,52180,4124282,0,0
1781909801778,VM-78,Stage1-0-0,0,40422,0,861994,69799,4938007,0,0
1781909802564,VM-79,Stage1-2-0,0,39064,0,895198,60277,4772851,0,0
1781909802626,VM-78,Stage1-0-0,0,35149,0,898285,58708,4305260,0,0
1781909803564,VM-79,Stage1-2-0,0,33419,0,746072,215769,4083985,0,0
1781909803708,VM-78,Stage1-0-0,0,36600,0,798902,59490,4474295,0,0
1781909804564,VM-79,Stage1-2-0,0,39760,0,890711,63860,4874564,0,0
1781909804626,VM-78,Stage1-0-0,0,39220,0,967800,62588,4790560,0,0
1781909805564,VM-79,Stage1-2-0,0,33460,0,909879,50853,4081434,0,0
1781909805628,VM-78,Stage1-0-0,0,33388,0,726923,57218,4074126,0,0
1781909806564,VM-79,Stage1-2-0,0,39432,0,894085,60393,4818951,0,0
1781909806626,VM-78,Stage1-0-0,0,41344,0,1036269,69404,5038584,0,0
1781909807564,VM-79,Stage1-2-0,0,34113,0,907941,53791,4163577,0,0
1781909807626,VM-78,Stage1-0-0,0,34681,0,732097,56619,4234131,0,0
1781909808564,VM-79,Stage1-2-0,0,38824,0,894103,61529,4748027,0,0
1781909808626,VM-78,Stage1-0-0,0,40298,0,872122,67927,4910762,0,0
1781909809564,VM-79,Stage1-2-0,0,33374,0,911095,50868,4086626,0,0
1781909809626,VM-78,Stage1-0-0,0,33780,0,891333,59138,4127546,0,0
1781909810564,VM-79,Stage1-2-0,0,39192,0,893351,60354,4792823,0,0
1781909810626,VM-78,Stage1-0-0,0,41235,0,871601,67923,5031017,0,0
1781909811564,VM-79,Stage1-2-0,0,33436,0,910483,50307,4089867,0,0
1781909811626,VM-78,Stage1-0-0,0,35943,0,888293,58560,4375704,0,0
1781909812564,VM-79,Stage1-2-0,0,39094,0,896361,58816,4760415,0,0
1781909812626,VM-78,Stage1-0-0,0,41531,0,874053,67042,5064689,0,0
1781909591626,VM-112,Stage1-3-0,0,0,0,0,0,0,0,0
1781909591693,VM-111,Stage1-1-0,0,0,0,0,0,0,0,0
1781909592626,VM-112,Stage1-3-0,0,0,0,0,0,0,0,0
1781909592692,VM-111,Stage1-1-0,0,0,0,0,0,0,0,0
1781909593625,VM-112,Stage1-3-0,0,1,0,0,73019,110,0,0
1781909593692,VM-111,Stage1-1-0,0,0,0,0,0,0,0,0
1781909594625,VM-112,Stage1-3-0,0,919,0,1189834,179860,111120,0,0
1781909594692,VM-111,Stage1-1-0,0,151,0,764009,101826,17628,0,0
1781909595625,VM-112,Stage1-3-0,0,3592,0,679246,291685,440620,0,0
1781909595692,VM-111,Stage1-1-0,0,1154,0,769933,208836,139087,0,0
1781909596625,VM-112,Stage1-3-0,0,7513,0,857494,109335,911689,0,0
1781909596692,VM-111,Stage1-1-0,0,4483,0,755690,232356,538271,0,0
1781909597626,VM-112,Stage1-3-0,0,8339,0,776165,199258,1010939,0,0
1781909597692,VM-111,Stage1-1-0,0,6486,0,763600,217477,784246,0,0
1781909598625,VM-112,Stage1-3-0,0,8365,0,782721,183712,1010598,0,0
1781909598692,VM-111,Stage1-1-0,0,7684,0,808358,130388,934610,0,0
1781909599630,VM-112,Stage1-3-0,0,7952,0,827931,144061,966281,0,0
1781909599692,VM-111,Stage1-1-0,0,8714,0,816976,148204,1057997,0,0
1781909600625,VM-112,Stage1-3-0,0,8992,0,905169,73935,1094016,0,0
1781909600692,VM-111,Stage1-1-0,0,8222,0,826439,128803,1000386,0,0
1781909601626,VM-112,Stage1-3-0,0,14350,0,821808,122153,1738092,0,0
1781909601769,VM-111,Stage1-1-0,0,6345,0,675010,146762,769576,0,0
1781909602625,VM-112,Stage1-3-0,0,14677,0,890034,91430,1774794,0,0
1781909602692,VM-111,Stage1-1-0,0,10595,0,984493,147647,1284900,0,0
1781909603625,VM-112,Stage1-3-0,0,15443,0,891129,80517,1876545,0,0
1781909603692,VM-111,Stage1-1-0,0,12790,0,823666,140988,1542986,0,0
1781909604692,VM-111,Stage1-1-0,0,11682,0,771246,207711,1411411,0,0
1781909604832,VM-112,Stage1-3-0,0,13875,0,763822,133666,1686698,0,0
1781909605625,VM-112,Stage1-3-0,0,10801,0,955713,97648,1306188,0,0
1781909605692,VM-111,Stage1-1-0,0,13429,0,783081,181390,1637011,0,0
1781909606625,VM-112,Stage1-3-0,0,13427,0,880182,79323,1622164,0,0
1781909606972,VM-111,Stage1-1-0,0,12376,0,805788,125413,1502727,0,0
1781909607625,VM-112,Stage1-3-0,0,15444,0,860631,108556,1863681,0,0
1781909607692,VM-111,Stage1-1-0,0,10152,0,933064,96718,1232518,0,0
1781909608625,VM-112,Stage1-3-0,0,15661,0,838407,114163,1894533,0,0
1781909608692,VM-111,Stage1-1-0,0,14124,0,817778,140222,1708132,0,0
1781909609625,VM-112,Stage1-3-0,0,13762,0,740693,212725,1673121,0,0
1781909609692,VM-111,Stage1-1-0,0,13398,0,770107,166078,1626894,0,0
1781909610625,VM-112,Stage1-3-0,0,11550,0,775466,194985,1392622,0,0
1781909610692,VM-111,Stage1-1-0,0,13582,0,802503,170416,1651127,0,0
1781909611625,VM-112,Stage1-3-0,0,11773,0,887506,98117,1425661,0,0
1781909611692,VM-111,Stage1-1-0,0,12823,0,819594,142254,1546293,0,0
1781909612625,VM-112,Stage1-3-0,0,12321,0,852763,101424,1496978,0,0
1781909612692,VM-111,Stage1-1-0,0,13741,0,804628,150802,1659898,0,0
1781909613626,VM-112,Stage1-3-0,0,14689,0,862891,110970,1788861,0,0
1781909613692,VM-111,Stage1-1-0,0,12519,0,775350,148459,1512756,0,0
1781909614625,VM-112,Stage1-3-0,0,16057,0,928370,43681,1940305,0,0
1781909614692,VM-111,Stage1-1-0,0,11194,0,813954,161651,1364835,0,0
1781909615625,VM-112,Stage1-3-0,0,20340,0,842783,111662,2457725,0,0
1781909615692,VM-111,Stage1-1-0,0,16653,0,897574,69671,2005421,0,0
1781909616625,VM-112,Stage1-3-0,0,21187,0,848513,112459,2563168,0,0
1781909616692,VM-111,Stage1-1-0,0,17917,0,744433,190713,2169876,0,0
1781909617692,VM-111,Stage1-1-0,0,16905,0,868388,84551,2050794,0,0
1781909617701,VM-112,Stage1-3-0,0,18403,0,811491,79254,2237614,0,0
1781909618625,VM-112,Stage1-3-0,0,19080,0,922107,107953,2310130,0,0
1781909618692,VM-111,Stage1-1-0,0,21129,0,865830,84795,2557551,0,0
1781909619626,VM-112,Stage1-3-0,0,22435,0,880536,88112,2717857,0,0
1781909619692,VM-111,Stage1-1-0,0,21498,0,911423,55502,2604508,0,0
1781909620625,VM-112,Stage1-3-0,0,23329,0,905088,52733,2821489,0,0
1781909620692,VM-111,Stage1-1-0,0,29694,0,891276,59659,3602981,0,0
1781909621626,VM-112,Stage1-3-0,0,26014,0,889162,66994,3151302,0,0
1781909621692,VM-111,Stage1-1-0,0,30884,0,885377,63176,3744845,0,0
1781909622626,VM-112,Stage1-3-0,0,22729,0,894563,53162,2751128,0,0
1781909622692,VM-111,Stage1-1-0,0,28472,0,839424,106354,3461503,0,0
1781909623625,VM-112,Stage1-3-0,0,27823,0,921818,48879,3375201,0,0
1781909623692,VM-111,Stage1-1-0,0,30594,0,878739,70380,3701548,0,0
1781909624625,VM-112,Stage1-3-0,0,30898,0,896519,54381,3743402,0,0
1781909624692,VM-111,Stage1-1-0,0,24900,0,865177,93455,3015936,0,0
1781909625625,VM-112,Stage1-3-0,0,36195,0,877803,63628,4393798,0,0
1781909625692,VM-111,Stage1-1-0,0,33239,0,799229,145788,4018312,0,0
1781909626625,VM-112,Stage1-3-0,0,27506,0,885537,72022,3328060,0,0
1781909626692,VM-111,Stage1-1-0,0,36030,0,864933,72979,4370837,0,0
1781909627625,VM-112,Stage1-3-0,0,33812,0,873092,72693,4102677,0,0
1781909627692,VM-111,Stage1-1-0,0,29277,0,752193,199190,3550452,0,0
1781909628625,VM-112,Stage1-3-0,0,32993,0,891191,54318,4005615,0,0
1781909628692,VM-111,Stage1-1-0,0,35394,0,877936,63093,4287684,0,0
1781909629625,VM-112,Stage1-3-0,0,36612,0,882925,57441,4447048,0,0
1781909629692,VM-111,Stage1-1-0,0,33815,0,875778,68015,4093974,0,0
1781909630625,VM-112,Stage1-3-0,0,31064,0,890973,60152,3764049,0,0
1781909630692,VM-111,Stage1-1-0,0,35878,0,874867,65868,4342303,0,0
1781909631625,VM-112,Stage1-3-0,0,32906,0,881033,66973,3978860,0,0
1781909631692,VM-111,Stage1-1-0,0,32714,0,771703,174280,3965582,0,0
1781909632625,VM-112,Stage1-3-0,0,31024,0,807894,144445,3752459,0,0
1781909632692,VM-111,Stage1-1-0,0,35992,0,876090,60237,4367548,0,0
1781909633625,VM-112,Stage1-3-0,0,35396,0,887461,56804,4268605,0,0
1781909633692,VM-111,Stage1-1-0,0,33000,0,882888,62589,4005094,0,0
1781909634633,VM-112,Stage1-3-0,0,31937,0,793530,58299,3868541,0,0
1781909634692,VM-111,Stage1-1-0,0,36104,0,871024,68615,4381265,0,0
1781909635625,VM-112,Stage1-3-0,0,37584,0,974614,60707,4547003,0,0
1781909635762,VM-111,Stage1-1-0,0,37037,0,938876,66881,4491560,0,0
1781909636670,VM-112,Stage1-3-0,0,35344,0,875614,53734,4273228,0,0
1781909636693,VM-111,Stage1-1-0,0,33904,0,813976,59119,4118730,0,0
1781909637625,VM-112,Stage1-3-0,0,34871,0,827601,131088,4234652,0,0
1781909637692,VM-111,Stage1-1-0,0,36923,0,873417,64029,4471410,0,0
1781909638625,VM-112,Stage1-3-0,0,33687,0,878057,51338,4069875,0,0
1781909638692,VM-111,Stage1-1-0,0,34393,0,870026,70880,4173562,0,0
1781909639626,VM-112,Stage1-3-0,0,35430,0,886497,55349,4306739,0,0
1781909639692,VM-111,Stage1-1-0,0,36865,0,869025,64697,4472217,0,0
1781909640625,VM-112,Stage1-3-0,0,36413,0,882303,59991,4436810,0,0
1781909640692,VM-111,Stage1-1-0,0,34724,0,884744,57863,4211575,0,0
1781909641625,VM-112,Stage1-3-0,0,35033,0,875908,67702,4252875,0,0
1781909641692,VM-111,Stage1-1-0,0,36333,0,876905,62007,4411576,0,0
1781909642625,VM-112,Stage1-3-0,0,30617,0,876055,69552,3728674,0,0
1781909642692,VM-111,Stage1-1-0,0,31434,0,872013,76191,3824197,0,0
1781909643625,VM-112,Stage1-3-0,0,23484,0,891628,71060,2877072,0,0
1781909643692,VM-111,Stage1-1-0,0,33349,0,868495,76358,4055154,0,0
1781909644626,VM-112,Stage1-3-0,0,36472,0,881813,60542,4455890,0,0
1781909644692,VM-111,Stage1-1-0,0,33789,0,840360,103147,4130771,0,0
1781909645626,VM-112,Stage1-3-0,0,20193,0,614643,33307,2460697,0,0
1781909645692,VM-111,Stage1-1-0,0,27909,0,673044,44355,3423322,0,0
1781909646626,VM-112,Stage1-3-0,0,13468,0,391745,32778,1642538,0,0
1781909646692,VM-111,Stage1-1-0,0,13531,0,338515,22445,1651335,0,0
1781909647626,VM-112,Stage1-3-0,0,14024,0,354824,23467,1717563,0,0
1781909647692,VM-111,Stage1-1-0,0,13902,0,377246,21649,1698875,0,0
1781909648626,VM-112,Stage1-3-0,0,14379,0,356796,26165,1762317,0,0
1781909648692,VM-111,Stage1-1-0,0,14175,0,384961,24184,1731284,0,0
1781909649626,VM-112,Stage1-3-0,0,13918,0,346980,21934,1693531,0,0
1781909649692,VM-111,Stage1-1-0,0,13739,0,344335,21208,1681866,0,0
1781909650626,VM-112,Stage1-3-0,0,14739,0,381511,21962,1795407,0,0
1781909650692,VM-111,Stage1-1-0,0,14638,0,382645,26064,1795243,0,0
1781909651626,VM-112,Stage1-3-0,0,14049,0,433014,38843,1711795,0,0
1781909651692,VM-111,Stage1-1-0,0,13920,0,396657,46533,1699728,0,0
1781909652626,VM-112,Stage1-3-0,0,14746,0,452645,41981,1792740,0,0
1781909652692,VM-111,Stage1-1-0,0,14604,0,458264,43467,1791180,0,0
1781909653626,VM-112,Stage1-3-0,0,14224,0,407845,31669,1735252,0,0
1781909653692,VM-111,Stage1-1-0,0,14210,0,598364,25000,1737801,0,0
1781909654626,VM-112,Stage1-3-0,0,14304,0,366468,21653,1759856,0,0
1781909654692,VM-111,Stage1-1-0,0,14250,0,354863,23394,1742208,0,0
1781909655626,VM-112,Stage1-3-0,0,14257,0,356574,21598,1740073,0,0
1781909655692,VM-111,Stage1-1-0,0,14129,0,352456,31785,1730474,0,0
1781909656626,VM-112,Stage1-3-0,0,13857,0,338541,58909,1688895,0,0
1781909656692,VM-111,Stage1-1-0,0,13970,0,417505,39708,1716197,0,0
1781909657626,VM-112,Stage1-3-0,0,14652,0,364825,23259,1797439,0,0
1781909657692,VM-111,Stage1-1-0,0,14590,0,352990,29522,1785492,0,0
1781909658626,VM-112,Stage1-3-0,0,14600,0,393261,31584,1778994,0,0
1781909658692,VM-111,Stage1-1-0,0,14635,0,386938,22846,1793538,0,0
1781909659626,VM-112,Stage1-3-0,0,18263,0,608111,59182,2235762,0,0
1781909659692,VM-111,Stage1-1-0,0,24094,0,597542,39926,2939174,0,0
1781909660638,VM-112,Stage1-3-0,0,8990,0,338122,32992,1105502,0,0
1781909660692,VM-111,Stage1-1-0,0,6368,0,264691,19196,777004,0,0
1781909661625,VM-112,Stage1-3-0,0,36767,0,957448,54994,4487799,0,0
1781909661778,VM-111,Stage1-1-0,0,33223,0,874842,62605,4042388,0,0
1781909662670,VM-112,Stage1-3-0,0,32038,0,831019,50697,3925239,0,0
1781909662692,VM-111,Stage1-1-0,0,29431,0,870726,74700,3600770,0,0
1781909663625,VM-112,Stage1-3-0,0,28145,0,972387,45090,3444800,0,0
1781909663692,VM-111,Stage1-1-0,0,35259,0,879456,61802,4314026,0,0
1781909664625,VM-112,Stage1-3-0,0,35599,0,885222,57305,4348565,0,0
1781909664692,VM-111,Stage1-1-0,0,31307,0,895725,51189,3823682,0,0
1781909665625,VM-112,Stage1-3-0,0,30258,0,904813,47916,3695681,0,0
1781909665692,VM-111,Stage1-1-0,0,33555,0,869726,72008,4093702,0,0
1781909666625,VM-112,Stage1-3-0,0,36386,0,885422,56030,4449841,0,0
1781909666692,VM-111,Stage1-1-0,0,28569,0,903192,49040,3497681,0,0
1781909667625,VM-112,Stage1-3-0,0,28329,0,895460,59346,3464971,0,0
1781909667692,VM-111,Stage1-1-0,0,35257,0,871807,67287,4306896,0,0
1781909668625,VM-112,Stage1-3-0,0,36150,0,881586,59938,4414270,0,0
1781909668692,VM-111,Stage1-1-0,0,31178,0,889682,56899,3806934,0,0
1781909669626,VM-112,Stage1-3-0,0,24734,0,912613,38061,3019859,0,0
1781909669692,VM-111,Stage1-1-0,0,34810,0,882340,58304,4247684,0,0
1781909670625,VM-112,Stage1-3-0,0,28868,0,861897,89196,3537069,0,0
1781909670692,VM-111,Stage1-1-0,0,30535,0,894107,53836,3726898,0,0
1781909671634,VM-112,Stage1-3-0,0,31607,0,902020,53983,3863925,0,0
1781909671692,VM-111,Stage1-1-0,0,35386,0,881145,59736,4325498,0,0
1781909672625,VM-112,Stage1-3-0,0,36635,0,873004,59322,4461458,0,0
1781909672692,VM-111,Stage1-1-0,0,25835,0,881843,71158,3158836,0,0
1781909673692,VM-111,Stage1-1-0,0,27137,0,895510,58455,3307170,0,0
1781909673710,VM-112,Stage1-3-0,0,33399,0,801294,59082,4085889,0,0
1781909674625,VM-112,Stage1-3-0,0,33162,0,936281,87753,4059875,0,0
1781909674692,VM-111,Stage1-1-0,0,35144,0,876252,64384,4295164,0,0
1781909675626,VM-112,Stage1-3-0,0,36208,0,879331,61931,4421024,0,0
1781909675693,VM-111,Stage1-1-0,0,29356,0,895246,50813,3585753,0,0
1781909676625,VM-112,Stage1-3-0,0,32107,0,791337,157825,3913142,0,0
1781909676692,VM-111,Stage1-1-0,0,35937,0,866654,73269,4388890,0,0
1781909677625,VM-112,Stage1-3-0,0,35475,0,881031,61145,4338723,0,0
1781909677692,VM-111,Stage1-1-0,0,28862,0,879930,71244,3518297,0,0
1781909678625,VM-112,Stage1-3-0,0,30449,0,740528,209976,3714512,0,0
1781909678692,VM-111,Stage1-1-0,0,34325,0,881248,61477,4183720,0,0
1781909679625,VM-112,Stage1-3-0,0,33430,0,881578,64451,4093142,0,0
1781909679839,VM-111,Stage1-1-0,0,32973,0,817123,66118,4030493,0,0
1781909680625,VM-112,Stage1-3-0,0,26258,0,879840,75049,3209797,0,0
1781909680692,VM-111,Stage1-1-0,0,25011,0,939389,78789,3055901,0,0
1781909681625,VM-112,Stage1-3-0,0,31801,0,876429,73349,3888292,0,0
1781909681692,VM-111,Stage1-1-0,0,33610,0,874253,69594,4115539,0,0
1781909682625,VM-112,Stage1-3-0,0,30612,0,904422,47215,3752226,0,0
1781909682692,VM-111,Stage1-1-0,0,30032,0,898334,52607,3650656,0,0
1781909683625,VM-112,Stage1-3-0,0,36891,0,879301,59250,4500194,0,0
1781909683692,VM-111,Stage1-1-0,0,34383,0,874445,68931,4204627,0,0
1781909684625,VM-112,Stage1-3-0,0,28740,0,905713,47763,3512146,0,0
1781909684692,VM-111,Stage1-1-0,0,25721,0,888002,68855,3135865,0,0
1781909685625,VM-112,Stage1-3-0,0,36916,0,881406,59796,4513450,0,0
1781909685692,VM-111,Stage1-1-0,0,34998,0,872391,69716,4267779,0,0
1781909686625,VM-112,Stage1-3-0,0,31665,0,898185,50034,3873637,0,0
1781909686768,VM-111,Stage1-1-0,0,31616,0,809377,63233,3850472,0,0
1781909687625,VM-112,Stage1-3-0,0,35919,0,883168,58787,4381850,0,0
1781909687692,VM-111,Stage1-1-0,0,32837,0,965838,54955,4011766,0,0
1781909688668,VM-112,Stage1-3-0,0,31254,0,927719,64990,3827569,0,0
1781909688692,VM-111,Stage1-1-0,0,33110,0,888697,55851,4039802,0,0
1781909689625,VM-112,Stage1-3-0,0,34985,0,841963,60201,4271462,0,0
1781909689692,VM-111,Stage1-1-0,0,32722,0,887232,58230,4007894,0,0
1781909690625,VM-112,Stage1-3-0,0,31991,0,869025,74094,3911944,0,0
1781909690692,VM-111,Stage1-1-0,0,35755,0,880872,60034,4351107,0,0
1781909691625,VM-112,Stage1-3-0,0,30859,0,903637,46913,3769983,0,0
1781909691692,VM-111,Stage1-1-0,0,29549,0,900568,50119,3598800,0,0
1781909692625,VM-112,Stage1-3-0,0,34632,0,883004,61334,4244033,0,0
1781909692692,VM-111,Stage1-1-0,0,36380,0,878774,60290,4439213,0,0
1781909693625,VM-112,Stage1-3-0,0,30836,0,886889,64778,3756785,0,0
1781909693692,VM-111,Stage1-1-0,0,26860,0,903826,50286,3278474,0,0
1781909694625,VM-112,Stage1-3-0,0,35252,0,866260,57061,4302420,0,0
1781909694692,VM-111,Stage1-1-0,0,36199,0,878969,61167,4421686,0,0
1781909695626,VM-112,Stage1-3-0,0,32050,0,899136,48369,3903857,0,0
1781909695692,VM-111,Stage1-1-0,0,28746,0,900670,50830,3519706,0,0
1781909696625,VM-112,Stage1-3-0,0,37028,0,881988,57015,4527417,0,0
1781909696692,VM-111,Stage1-1-0,0,35935,0,879320,60800,4396606,0,0
1781909697625,VM-112,Stage1-3-0,0,29012,0,892392,61819,3542265,0,0
1781909697736,VM-111,Stage1-1-0,0,33192,0,821653,58987,4055915,0,0
1781909698625,VM-112,Stage1-3-0,0,37353,0,878753,60948,4559745,0,0
1781909698692,VM-111,Stage1-1-0,0,35155,0,946664,56572,4306824,0,0
1781909699625,VM-112,Stage1-3-0,0,31834,0,903639,46725,3895753,0,0
1781909699692,VM-111,Stage1-1-0,0,36056,0,876972,62125,4405573,0,0
1781909700625,VM-112,Stage1-3-0,0,37500,0,880597,57905,4580901,0,0
1781909700692,VM-111,Stage1-1-0,0,29895,0,894954,54964,3647717,0,0
1781909701625,VM-112,Stage1-3-0,0,30291,0,902099,48420,3693551,0,0
1781909701692,VM-111,Stage1-1-0,0,35496,0,877948,61826,4338709,0,0
1781909702625,VM-112,Stage1-3-0,0,36357,0,875758,64371,4432263,0,0
1781909702692,VM-111,Stage1-1-0,0,30235,0,734029,215510,3691552,0,0
1781909703625,VM-112,Stage1-3-0,0,29852,0,902079,48589,3653212,0,0
1781909703692,VM-111,Stage1-1-0,0,35636,0,872241,65399,4366929,0,0
1781909704625,VM-112,Stage1-3-0,0,36091,0,879299,61222,4417396,0,0
1781909704692,VM-111,Stage1-1-0,0,28782,0,896644,53691,3522837,0,0
1781909705625,VM-112,Stage1-3-0,0,30961,0,734620,213036,3774661,0,0
1781909705692,VM-111,Stage1-1-0,0,35563,0,871945,66462,4345850,0,0
1781909706625,VM-112,Stage1-3-0,0,36635,0,878903,60222,4479809,0,0
1781909706692,VM-111,Stage1-1-0,0,29293,0,899588,51545,3579222,0,0
1781909707659,VM-112,Stage1-3-0,0,30894,0,786342,92312,3763120,0,0
1781909707692,VM-111,Stage1-1-0,0,36843,0,874242,62702,4488315,0,0
1781909708625,VM-112,Stage1-3-0,0,35835,0,934596,59365,4393600,0,0
1781909708692,VM-111,Stage1-1-0,0,31583,0,755780,190380,3852166,0,0
1781909709693,VM-111,Stage1-1-0,0,36872,0,873045,60806,4488942,0,0
1781909709716,VM-112,Stage1-3-0,0,35027,0,846983,57240,4293213,0,0
1781909710625,VM-112,Stage1-3-0,0,34026,0,789506,194057,4158637,0,0
1781909710742,VM-111,Stage1-1-0,0,37668,0,925740,64154,4606894,0,0
1781909711625,VM-112,Stage1-3-0,0,36265,0,883628,57260,4439222,0,0
1781909711692,VM-111,Stage1-1-0,0,34702,0,830309,61619,4254321,0,0
1781909712625,VM-112,Stage1-3-0,0,35172,0,888918,54182,4292355,0,0
1781909712692,VM-111,Stage1-1-0,0,36565,0,873657,64197,4453967,0,0
1781909713625,VM-112,Stage1-3-0,0,36407,0,876027,63906,4441568,0,0
1781909713692,VM-111,Stage1-1-0,0,34235,0,878105,65036,4185550,0,0
1781909714625,VM-112,Stage1-3-0,0,33048,0,889712,55953,4022208,0,0
1781909714692,VM-111,Stage1-1-0,0,36040,0,875224,63600,4418445,0,0
1781909715625,VM-112,Stage1-3-0,0,36388,0,877763,62021,4453015,0,0
1781909715693,VM-111,Stage1-1-0,0,29351,0,873543,68683,3584083,0,0
1781909716625,VM-112,Stage1-3-0,0,35333,0,878244,63822,4315109,0,0
1781909716692,VM-111,Stage1-1-0,0,36242,0,874474,64769,4447855,0,0
1781909717625,VM-112,Stage1-3-0,0,36867,0,876285,64059,4495005,0,0
1781909717692,VM-111,Stage1-1-0,0,33590,0,881916,60166,4102338,0,0
1781909718625,VM-112,Stage1-3-0,0,36064,0,883191,59144,4400419,0,0
1781909718692,VM-111,Stage1-1-0,0,36333,0,872476,65210,4448040,0,0
1781909719625,VM-112,Stage1-3-0,0,36502,0,875474,64169,4461001,0,0
1781909719692,VM-111,Stage1-1-0,0,33499,0,766638,177222,4089339,0,0
1781909720626,VM-112,Stage1-3-0,0,33729,0,888472,56943,4123596,0,0
1781909720692,VM-111,Stage1-1-0,0,35902,0,873489,66092,4380272,0,0
1781909721625,VM-112,Stage1-3-0,0,36343,0,876409,63540,4452210,0,0
1781909721692,VM-111,Stage1-1-0,0,32195,0,802744,143037,3929471,0,0
1781909722625,VM-112,Stage1-3-0,0,33351,0,888681,56435,4071025,0,0
1781909722692,VM-111,Stage1-1-0,0,29486,0,863834,87288,3595970,0,0
1781909723625,VM-112,Stage1-3-0,0,36312,0,883523,58051,4457349,0,0
1781909723692,VM-111,Stage1-1-0,0,35914,0,873476,66106,4389188,0,0
1781909724625,VM-112,Stage1-3-0,0,35768,0,880685,61620,4368100,0,0
1781909724692,VM-111,Stage1-1-0,0,33548,0,884478,58936,4102286,0,0
1781909725625,VM-112,Stage1-3-0,0,36763,0,881789,59498,4505649,0,0
1781909725692,VM-111,Stage1-1-0,0,34278,0,878570,63665,4179462,0,0
1781909726625,VM-112,Stage1-3-0,0,34966,0,886833,57540,4282730,0,0
1781909726692,VM-111,Stage1-1-0,0,33229,0,884130,61057,4062586,0,0
1781909727625,VM-112,Stage1-3-0,0,36691,0,877187,63261,4476868,0,0
1781909727692,VM-111,Stage1-1-0,0,30813,0,866999,81560,3752444,0,0
1781909728625,VM-112,Stage1-3-0,0,33001,0,890340,56027,4018352,0,0
1781909728692,VM-111,Stage1-1-0,0,32990,0,884382,59601,4032236,0,0
1781909729625,VM-112,Stage1-3-0,0,37025,0,877991,60712,4519704,0,0
1781909729692,VM-111,Stage1-1-0,0,36450,0,872790,66074,4453296,0,0
1781909730625,VM-112,Stage1-3-0,0,28711,0,882519,71880,3496128,0,0
1781909730692,VM-111,Stage1-1-0,0,33082,0,793632,150545,4053200,0,0
1781909731625,VM-112,Stage1-3-0,0,33485,0,871924,73370,4090543,0,0
1781909731692,VM-111,Stage1-1-0,0,36955,0,874902,64378,4519522,0,0
1781909732625,VM-112,Stage1-3-0,0,33667,0,785973,160433,4118724,0,0
1781909732692,VM-111,Stage1-1-0,0,32679,0,872589,72395,3995598,0,0
1781909733625,VM-112,Stage1-3-0,0,37410,0,876530,62905,4576785,0,0
1781909733692,VM-111,Stage1-1-0,0,36397,0,874124,65210,4456050,0,0
1781909734625,VM-112,Stage1-3-0,0,34664,0,802381,142860,4235421,0,0
1781909734692,VM-111,Stage1-1-0,0,33556,0,881029,62418,4094453,0,0
1781909735625,VM-112,Stage1-3-0,0,36451,0,881681,59290,4451517,0,0
1781909735692,VM-111,Stage1-1-0,0,36566,0,872718,64337,4463923,0,0
1781909736625,VM-112,Stage1-3-0,0,34273,0,890083,55308,4185123,0,0
1781909736692,VM-111,Stage1-1-0,0,35698,0,872812,65853,4360249,0,0
1781909737625,VM-112,Stage1-3-0,0,36783,0,881090,60370,4483228,0,0
1781909737692,VM-111,Stage1-1-0,0,31920,0,889570,57663,3915566,0,0
1781909738625,VM-112,Stage1-3-0,0,33653,0,889221,56700,4122778,0,0
1781909738692,VM-111,Stage1-1-0,0,36852,0,875176,63632,4499615,0,0
1781909739625,VM-112,Stage1-3-0,0,34247,0,874440,70689,4181629,0,0
1781909739692,VM-111,Stage1-1-0,0,33238,0,885177,57576,4063819,0,0
1781909740630,VM-112,Stage1-3-0,0,28440,0,888767,72224,3464720,0,0
1781909740692,VM-111,Stage1-1-0,0,35603,0,875897,63915,4351440,0,0
1781909741625,VM-112,Stage1-3-0,0,36995,0,877521,58734,4514957,0,0
1781909741692,VM-111,Stage1-1-0,0,33610,0,888436,55775,4115761,0,0
1781909742651,VM-112,Stage1-3-0,0,34479,0,825147,54886,4226571,0,0
1781909742692,VM-111,Stage1-1-0,0,37035,0,874942,63581,4526592,0,0
1781909743625,VM-112,Stage1-3-0,0,37050,0,950118,53825,4525483,0,0
1781909743692,VM-111,Stage1-1-0,0,33692,0,876283,68359,4123763,0,0
1781909744625,VM-112,Stage1-3-0,0,33593,0,890882,54039,4103341,0,0
1781909744692,VM-111,Stage1-1-0,0,29471,0,900856,49619,3600578,0,0
1781909745625,VM-112,Stage1-3-0,0,34634,0,891977,52392,4239150,0,0
1781909745692,VM-111,Stage1-1-0,0,33831,0,794863,56261,4134433,0,0
1781909746625,VM-112,Stage1-3-0,0,37057,0,881211,58731,4533069,0,0
1781909746692,VM-111,Stage1-1-0,0,35927,0,877919,60667,4380629,0,0
1781909747626,VM-112,Stage1-3-0,0,34393,0,887545,55947,4210109,0,0
1781909747711,VM-111,Stage1-1-0,0,34378,0,810528,56881,4207497,0,0
1781909748625,VM-112,Stage1-3-0,0,37059,0,880950,60082,4521964,0,0
1781909748692,VM-111,Stage1-1-0,0,36662,0,952720,60445,4467901,0,0
1781909749625,VM-112,Stage1-3-0,0,33116,0,801709,145940,4053420,0,0
1781909749692,VM-111,Stage1-1-0,0,37001,0,874717,62735,4525542,0,0
1781909750625,VM-112,Stage1-3-0,0,36281,0,878782,61881,4428000,0,0
1781909750692,VM-111,Stage1-1-0,0,34580,0,881041,60863,4224573,0,0
1781909751625,VM-112,Stage1-3-0,0,35920,0,885821,54806,4381036,0,0
1781909751692,VM-111,Stage1-1-0,0,34899,0,864064,77153,4278066,0,0
1781909752625,VM-112,Stage1-3-0,0,35298,0,859483,83267,4310097,0,0
1781909752692,VM-111,Stage1-1-0,0,34058,0,878048,57540,4163800,0,0
1781909753625,VM-112,Stage1-3-0,0,35158,0,887791,55160,4293347,0,0
1781909753692,VM-111,Stage1-1-0,0,36361,0,879584,59543,4435165,0,0
1781909754625,VM-112,Stage1-3-0,0,36706,0,882069,58322,4481287,0,0
1781909754692,VM-111,Stage1-1-0,0,34117,0,884578,58271,4168517,0,0
1781909755625,VM-112,Stage1-3-0,0,35748,0,887013,56793,4365838,0,0
1781909755692,VM-111,Stage1-1-0,0,36385,0,876682,62311,4456708,0,0
1781909756625,VM-112,Stage1-3-0,0,37572,0,884147,56277,4597652,0,0
1781909756692,VM-111,Stage1-1-0,0,34983,0,875768,65598,4285540,0,0
1781909757625,VM-112,Stage1-3-0,0,37132,0,845227,96003,4536260,0,0
1781909757692,VM-111,Stage1-1-0,0,36458,0,879073,60672,4455762,0,0
1781909758626,VM-112,Stage1-3-0,0,15904,0,393372,23262,1953662,0,0
1781909758692,VM-111,Stage1-1-0,0,35855,0,880656,59730,4380791,0,0
1781909759626,VM-112,Stage1-3-0,0,14186,0,350335,21619,1731051,0,0
1781909759692,VM-111,Stage1-1-0,0,36480,0,880072,58487,4456246,0,0
1781909760626,VM-112,Stage1-3-0,0,14326,0,349990,56616,1747183,0,0
1781909760692,VM-111,Stage1-1-0,0,27299,0,671503,46422,3324781,0,0
1781909761626,VM-112,Stage1-3-0,0,14149,0,357941,21079,1726795,0,0
1781909761692,VM-111,Stage1-1-0,0,14258,0,351111,24041,1739681,0,0
1781909762626,VM-112,Stage1-3-0,0,13785,0,338295,19614,1690339,0,0
1781909762695,VM-111,Stage1-1-0,0,13797,0,345995,22654,1682792,0,0
1781909763626,VM-112,Stage1-3-0,0,14253,0,339378,21075,1745890,0,0
1781909763692,VM-111,Stage1-1-0,0,14314,0,358298,22715,1745144,0,0
1781909764626,VM-112,Stage1-3-0,0,16549,0,407323,25452,2018021,0,0
1781909764692,VM-111,Stage1-1-0,0,16420,0,420824,26332,2001458,0,0
1781909765625,VM-112,Stage1-3-0,0,10752,0,297954,17628,1307712,0,0
1781909765692,VM-111,Stage1-1-0,0,13532,0,371214,22295,1660597,0,0
1781909766625,VM-112,Stage1-3-0,0,35002,0,883425,57871,4295998,0,0
1781909766692,VM-111,Stage1-1-0,0,35013,0,877475,61446,4275498,0,0
1781909767625,VM-112,Stage1-3-0,0,33455,0,885295,57385,4102196,0,0
1781909767692,VM-111,Stage1-1-0,0,31664,0,889132,55345,3869831,0,0
1781909768625,VM-112,Stage1-3-0,0,36459,0,877737,61925,4469477,0,0
1781909768692,VM-111,Stage1-1-0,0,35317,0,875832,63638,4323733,0,0
1781909769625,VM-112,Stage1-3-0,0,32617,0,888510,58314,3985638,0,0
1781909769708,VM-111,Stage1-1-0,0,32730,0,796741,55973,4000875,0,0
1781909770625,VM-112,Stage1-3-0,0,36501,0,879655,61002,4445740,0,0
1781909770692,VM-111,Stage1-1-0,0,35762,0,964286,66376,4357462,0,0
1781909771655,VM-112,Stage1-3-0,0,31983,0,799507,54992,3904454,0,0
1781909771692,VM-111,Stage1-1-0,0,35521,0,880034,60728,4331362,0,0
1781909772625,VM-112,Stage1-3-0,0,35846,0,979093,56299,4360963,0,0
1781909772692,VM-111,Stage1-1-0,0,26170,0,751268,205548,3193677,0,0
1781909773692,VM-111,Stage1-1-0,0,34186,0,875881,67781,4184628,0,0
1781909773706,VM-112,Stage1-3-0,0,34767,0,833411,53187,4243583,0,0
1781909774626,VM-112,Stage1-3-0,0,33618,0,808199,194788,4112541,0,0
1781909774692,VM-111,Stage1-1-0,0,32046,0,894433,52500,3928838,0,0
1781909775692,VM-111,Stage1-1-0,0,35674,0,879548,61313,4349303,0,0
1781909775754,VM-112,Stage1-3-0,0,36534,0,1008193,62112,4473289,0,0
1781909776625,VM-112,Stage1-3-0,0,31907,0,766385,51642,3899304,0,0
1781909776692,VM-111,Stage1-1-0,0,32043,0,888312,59104,3912303,0,0
1781909777625,VM-112,Stage1-3-0,0,36302,0,883429,59433,4431953,0,0
1781909777692,VM-111,Stage1-1-0,0,35993,0,876243,63431,4400337,0,0
1781909778625,VM-112,Stage1-3-0,0,32132,0,894365,54737,3912151,0,0
1781909778692,VM-111,Stage1-1-0,0,30605,0,895573,53298,3743417,0,0
1781909779625,VM-112,Stage1-3-0,0,36305,0,882720,59532,4451669,0,0
1781909779692,VM-111,Stage1-1-0,0,35987,0,875780,64208,4400610,0,0
1781909780625,VM-112,Stage1-3-0,0,32561,0,765011,182465,3976967,0,0
1781909780692,VM-111,Stage1-1-0,0,31561,0,893196,52404,3854156,0,0
1781909781625,VM-112,Stage1-3-0,0,36639,0,885348,56644,4469827,0,0
1781909781692,VM-111,Stage1-1-0,0,36263,0,879349,60212,4439887,0,0
1781909782625,VM-112,Stage1-3-0,0,31608,0,901395,49129,3868129,0,0
1781909782692,VM-111,Stage1-1-0,0,33136,0,890633,54255,4046874,0,0
1781909783625,VM-112,Stage1-3-0,0,36703,0,884973,57057,4479445,0,0
1781909783695,VM-111,Stage1-1-0,0,36223,0,877625,59633,4448107,0,0
1781909784625,VM-112,Stage1-3-0,0,30865,0,906710,44702,3782432,0,0
1781909784692,VM-111,Stage1-1-0,0,32477,0,871716,74844,3982263,0,0
1781909785625,VM-112,Stage1-3-0,0,36652,0,883235,57790,4477001,0,0
1781909785692,VM-111,Stage1-1-0,0,30310,0,895801,53911,3706541,0,0
1781909786625,VM-112,Stage1-3-0,0,31200,0,902757,47167,3808282,0,0
1781909786692,VM-111,Stage1-1-0,0,31000,0,869979,78045,3793144,0,0
1781909787625,VM-112,Stage1-3-0,0,34663,0,857777,55083,4226651,0,0
1781909787692,VM-111,Stage1-1-0,0,31233,0,887417,61115,3807548,0,0
1781909788625,VM-112,Stage1-3-0,0,25758,0,913470,54762,3145104,0,0
1781909788692,VM-111,Stage1-1-0,0,33028,0,859095,54477,4039354,0,0
1781909789625,VM-112,Stage1-3-0,0,31669,0,873325,76528,3856609,0,0
1781909789692,VM-111,Stage1-1-0,0,30971,0,900842,48070,3792747,0,0
1781909790625,VM-112,Stage1-3-0,0,30659,0,903557,47998,3748245,0,0
1781909790692,VM-111,Stage1-1-0,0,36407,0,879509,58981,4449162,0,0
1781909791625,VM-112,Stage1-3-0,0,36681,0,879085,60463,4488573,0,0
1781909791692,VM-111,Stage1-1-0,0,29975,0,899196,50163,3663917,0,0
1781909792625,VM-112,Stage1-3-0,0,29276,0,906210,46731,3579544,0,0
1781909792692,VM-111,Stage1-1-0,0,35407,0,881407,59002,4329235,0,0
1781909793625,VM-112,Stage1-3-0,0,36904,0,882242,57641,4493834,0,0
1781909793797,VM-111,Stage1-1-0,0,32347,0,790183,54948,3958104,0,0
1781909794625,VM-112,Stage1-3-0,0,31459,0,902232,48392,3845699,0,0
1781909794692,VM-111,Stage1-1-0,0,32599,0,990206,55350,3992462,0,0
1781909795625,VM-112,Stage1-3-0,0,36952,0,879744,58481,4513773,0,0
1781909795692,VM-111,Stage1-1-0,0,36922,0,876856,62046,4508177,0,0
1781909796644,VM-112,Stage1-3-0,0,33461,0,810251,53756,4079380,0,0
1781909796692,VM-111,Stage1-1-0,0,30249,0,897997,51657,3701751,0,0
1781909797625,VM-112,Stage1-3-0,0,36616,0,969927,52287,4468700,0,0
1781909797692,VM-111,Stage1-1-0,0,35891,0,876459,63035,4382358,0,0
1781909798692,VM-111,Stage1-1-0,0,30768,0,893825,54946,3758761,0,0
1781909798729,VM-112,Stage1-3-0,0,33996,0,830548,50456,4142402,0,0
1781909799625,VM-112,Stage1-3-0,0,33361,0,961622,49279,4080413,0,0
1781909799692,VM-111,Stage1-1-0,0,35441,0,881211,59850,4332893,0,0
1781909800625,VM-112,Stage1-3-0,0,36883,0,881897,57490,4527069,0,0
1781909800692,VM-111,Stage1-1-0,0,29634,0,902562,47481,3614722,0,0
1781909801625,VM-112,Stage1-3-0,0,31002,0,899086,49782,3787874,0,0
1781909801692,VM-111,Stage1-1-0,0,36213,0,875802,62569,4418037,0,0
1781909802625,VM-112,Stage1-3-0,0,29545,0,869420,83111,3613575,0,0
1781909802692,VM-111,Stage1-1-0,0,28481,0,901969,49415,3460615,0,0
1781909803625,VM-112,Stage1-3-0,0,29905,0,899730,51427,3653335,0,0
1781909803692,VM-111,Stage1-1-0,0,36260,0,874354,64283,4420678,0,0
1781909804625,VM-112,Stage1-3-0,0,36541,0,882304,59278,4472681,0,0
1781909804692,VM-111,Stage1-1-0,0,31202,0,894009,53239,3807465,0,0
1781909805625,VM-112,Stage1-3-0,0,31616,0,728967,220092,3853676,0,0
1781909805692,VM-111,Stage1-1-0,0,36160,0,877857,60660,4417463,0,0
1781909806625,VM-112,Stage1-3-0,0,36873,0,882002,58399,4499046,0,0
1781909806726,VM-111,Stage1-1-0,0,33701,0,820458,55899,4119802,0,0
1781909807625,VM-112,Stage1-3-0,0,30748,0,904443,46926,3740178,0,0
1781909807692,VM-111,Stage1-1-0,0,34457,0,951803,56802,4206122,0,0
1781909808625,VM-112,Stage1-3-0,0,37173,0,880550,59441,4544799,0,0
1781909808692,VM-111,Stage1-1-0,0,36197,0,878747,60614,4426925,0,0
1781909809625,VM-112,Stage1-3-0,0,29941,0,906573,46284,3648881,0,0
1781909809692,VM-111,Stage1-1-0,0,30419,0,729719,219891,3710177,0,0
1781909810625,VM-112,Stage1-3-0,0,36871,0,881581,57654,4508071,0,0
1781909810692,VM-111,Stage1-1-0,0,36395,0,876115,62191,4461024,0,0
1781909811625,VM-112,Stage1-3-0,0,31649,0,900710,48968,3871460,0,0
1781909811692,VM-111,Stage1-1-0,0,30351,0,894085,54408,3702487,0,0
1781909812626,VM-112,Stage1-3-0,0,36824,0,886846,54077,4500778,0,0
1781909812692,VM-111,Stage1-1-0,0,36237,0,879230,60894,4415878,0,0
