timestamp,jobId,totalSourceCount,executorId,executorSourceCount
1783116366925,nx-q6-nexmark-sponge-q0-20260701-180117,4399003,Executor0,4399003
1783116367584,nx-q0-nexmark-autoscaler-rerun-20260626-214353,12854473,Executor0,12854473
1783116367925,nx-q6-nexmark-sponge-q0-20260701-180117,4399003,Executor0,4399003
1783116368584,nx-q0-nexmark-autoscaler-rerun-20260626-214353,12854473,Executor0,12854473
1783116368925,nx-q6-nexmark-sponge-q0-20260701-180117,4399003,Executor0,4399003
1783116369584,nx-q0-nexmark-autoscaler-rerun-20260626-214353,12854473,Executor0,12854473
1783116369925,nx-q6-nexmark-sponge-q0-20260701-180117,4399003,Executor0,4399003
1783116370584,nx-q0-nexmark-autoscaler-rerun-20260626-214353,12854473,Executor0,12854473
1783116370925,nx-q6-nexmark-sponge-q0-20260701-180117,4399003,Executor0,4399003
1783116371584,nx-q0-nexmark-autoscaler-rerun-20260626-214353,12854473,Executor0,12854473
1783116371925,nx-q6-nexmark-sponge-q0-20260701-180117,4399003,Executor0,4399003
1783116372584,nx-q0-nexmark-autoscaler-rerun-20260626-214353,12854473,Executor0,12854473
1783116372925,nx-q6-nexmark-sponge-q0-20260701-180117,4399003,Executor0,4399003
1783116373584,nx-q0-nexmark-autoscaler-rerun-20260626-214353,12854473,Executor0,12854473
1783116373925,nx-q6-nexmark-sponge-q0-20260701-180117,4399003,Executor0,4399003
1783116374584,nx-q0-nexmark-autoscaler-rerun-20260626-214353,12854473,Executor0,12854473
1783116374925,nx-q6-nexmark-sponge-q0-20260701-180117,4399003,Executor0,4399003
1783116375584,nx-q0-nexmark-autoscaler-rerun-20260626-214353,12854473,Executor0,12854473
1783116375925,nx-q6-nexmark-sponge-q0-20260701-180117,4399003,Executor0,4399003
1783116376584,nx-q0-nexmark-autoscaler-rerun-20260626-214353,12854473,Executor0,12854473
1783116376925,nx-q6-nexmark-sponge-q0-20260701-180117,4399003,Executor0,4399003
1783116377584,nx-q0-nexmark-autoscaler-rerun-20260626-214353,12854473,Executor0,12854473
1783116377925,nx-q6-nexmark-sponge-q0-20260701-180117,4399003,Executor0,4399003
1783116378584,nx-q0-nexmark-autoscaler-rerun-20260626-214353,12854473,Executor0,12854473
1783116378925,nx-q6-nexmark-sponge-q0-20260701-180117,4399003,Executor0,4399003
1783116379584,nx-q0-nexmark-autoscaler-rerun-20260626-214353,12854473,Executor0,12854473
1783116379925,nx-q6-nexmark-sponge-q0-20260701-180117,4399003,Executor0,4399003
1783116380584,nx-q0-nexmark-autoscaler-rerun-20260626-214353,12854473,Executor0,12854473
1783116380925,nx-q6-nexmark-sponge-q0-20260701-180117,4399003,Executor0,4399003
1783116381584,nx-q0-nexmark-autoscaler-rerun-20260626-214353,12854473,Executor0,12854473
1783116381925,nx-q6-nexmark-sponge-q0-20260701-180117,4399003,Executor0,4399003
1783116382584,nx-q0-nexmark-autoscaler-rerun-20260626-214353,12854473,Executor0,12854473
1783116382925,nx-q6-nexmark-sponge-q0-20260701-180117,4399003,Executor0,4399003
1783116383584,nx-q0-nexmark-autoscaler-rerun-20260626-214353,12854473,Executor0,12854473
1783116383925,nx-q6-nexmark-sponge-q0-20260701-180117,4399003,Executor0,4399003
1783116384584,nx-q0-nexmark-autoscaler-rerun-20260626-214353,12854473,Executor0,12854473
1783116384925,nx-q6-nexmark-sponge-q0-20260701-180117,4399003,Executor0,4399003
1783116385584,nx-q0-nexmark-autoscaler-rerun-20260626-214353,12854473,Executor0,12854473
1783116385925,nx-q6-nexmark-sponge-q0-20260701-180117,4399003,Executor0,4399003
1783116386584,nx-q0-nexmark-autoscaler-rerun-20260626-214353,12854473,Executor0,12854473
1783116386925,nx-q6-nexmark-sponge-q0-20260701-180117,4399003,Executor0,4399003
1783116387584,nx-q0-nexmark-autoscaler-rerun-20260626-214353,12854473,Executor0,12854473
1783116387925,nx-q6-nexmark-sponge-q0-20260701-180117,4399003,Executor0,4399003
1783116388584,nx-q0-nexmark-autoscaler-rerun-20260626-214353,12854473,Executor0,12854473
1783116388925,nx-q6-nexmark-sponge-q0-20260701-180117,4399003,Executor0,4399003
1783116389584,nx-q0-nexmark-autoscaler-rerun-20260626-214353,12854473,Executor0,12854473
1783116389925,nx-q6-nexmark-sponge-q0-20260701-180117,4399003,Executor0,4399003
1783116390584,nx-q0-nexmark-autoscaler-rerun-20260626-214353,12854473,Executor0,12854473
1783116390925,nx-q6-nexmark-sponge-q0-20260701-180117,4399003,Executor0,4399003
1783116391584,nx-q0-nexmark-autoscaler-rerun-20260626-214353,12854473,Executor0,12854473
1783116391925,nx-q6-nexmark-sponge-q0-20260701-180117,4399003,Executor0,4399003
1783116392584,nx-q0-nexmark-autoscaler-rerun-20260626-214353,12854473,Executor0,12854473
1783116392925,nx-q6-nexmark-sponge-q0-20260701-180117,4399003,Executor0,4399003
1783116393584,nx-q0-nexmark-autoscaler-rerun-20260626-214353,12854473,Executor0,12854473
1783116393925,nx-q6-nexmark-sponge-q0-20260701-180117,4399003,Executor0,4399003
1783116394584,nx-q0-nexmark-autoscaler-rerun-20260626-214353,12854473,Executor0,12854473
1783116394925,nx-q6-nexmark-sponge-q0-20260701-180117,4399003,Executor0,4399003
1783116395584,nx-q0-nexmark-autoscaler-rerun-20260626-214353,12854473,Executor0,12854473
1783116395925,nx-q6-nexmark-sponge-q0-20260701-180117,4399003,Executor0,4399003
1783116396584,nx-q0-nexmark-autoscaler-rerun-20260626-214353,12854473,Executor0,12854473
1783116396925,nx-q6-nexmark-sponge-q0-20260701-180117,4399003,Executor0,4399003
1783116397584,nx-q0-nexmark-autoscaler-rerun-20260626-214353,12854473,Executor0,12854473
1783116397925,nx-q6-nexmark-sponge-q0-20260701-180117,4399003,Executor0,4399003
1783116398584,nx-q0-nexmark-autoscaler-rerun-20260626-214353,12854473,Executor0,12854473
1783116398925,nx-q6-nexmark-sponge-q0-20260701-180117,4399003,Executor0,4399003
1783116399584,nx-q0-nexmark-autoscaler-rerun-20260626-214353,12854473,Executor0,12854473
1783116399925,nx-q6-nexmark-sponge-q0-20260701-180117,4399003,Executor0,4399003
1783116400584,nx-q0-nexmark-autoscaler-rerun-20260626-214353,12854473,Executor0,12854473
1783116400925,nx-q6-nexmark-sponge-q0-20260701-180117,4399003,Executor0,4399003
1783116401584,nx-q0-nexmark-autoscaler-rerun-20260626-214353,12854473,Executor0,12854473
1783116401925,nx-q6-nexmark-sponge-q0-20260701-180117,4399003,Executor0,4399003
1783116402584,nx-q0-nexmark-autoscaler-rerun-20260626-214353,12854473,Executor0,12854473
1783116402925,nx-q6-nexmark-sponge-q0-20260701-180117,4399003,Executor0,4399003
1783116403584,nx-q0-nexmark-autoscaler-rerun-20260626-214353,12854473,Executor0,12854473
1783116403925,nx-q6-nexmark-sponge-q0-20260701-180117,4399003,Executor0,4399003
1783116404584,nx-q0-nexmark-autoscaler-rerun-20260626-214353,12854473,Executor0,12854473
1783116404925,nx-q6-nexmark-sponge-q0-20260701-180117,4399003,Executor0,4399003
1783116405584,nx-q0-nexmark-autoscaler-rerun-20260626-214353,12854473,Executor0,12854473
1783116405925,nx-q6-nexmark-sponge-q0-20260701-180117,4399003,Executor0,4399003
1783116406584,nx-q0-nexmark-autoscaler-rerun-20260626-214353,12854473,Executor0,12854473
1783116406925,nx-q6-nexmark-sponge-q0-20260701-180117,4399003,Executor0,4399003
1783116407584,nx-q0-nexmark-autoscaler-rerun-20260626-214353,12854473,Executor0,12854473
1783116407925,nx-q6-nexmark-sponge-q0-20260701-180117,4399003,Executor0,4399003
1783116408584,nx-q0-nexmark-autoscaler-rerun-20260626-214353,12854473,Executor0,12854473
1783116408925,nx-q6-nexmark-sponge-q0-20260701-180117,4399003,Executor0,4399003
1783116409584,nx-q0-nexmark-autoscaler-rerun-20260626-214353,12854473,Executor0,12854473
1783116409925,nx-q6-nexmark-sponge-q0-20260701-180117,4399003,Executor0,4399003
1783116410584,nx-q0-nexmark-autoscaler-rerun-20260626-214353,12854473,Executor0,12854473
1783116410925,nx-q6-nexmark-sponge-q0-20260701-180117,4399003,Executor0,4399003
1783116411584,nx-q0-nexmark-autoscaler-rerun-20260626-214353,12854473,Executor0,12854473
1783116411925,nx-q6-nexmark-sponge-q0-20260701-180117,4399003,Executor0,4399003
1783116412584,nx-q0-nexmark-autoscaler-rerun-20260626-214353,12854473,Executor0,12854473
1783116412925,nx-q6-nexmark-sponge-q0-20260701-180117,4399003,Executor0,4399003
1783116413584,nx-q0-nexmark-autoscaler-rerun-20260626-214353,12854473,Executor0,12854473
1783116413925,nx-q6-nexmark-sponge-q0-20260701-180117,4399003,Executor0,4399003
1783116414584,nx-q0-nexmark-autoscaler-rerun-20260626-214353,12854473,Executor0,12854473
1783116414925,nx-q6-nexmark-sponge-q0-20260701-180117,4399003,Executor0,4399003
1783116415584,nx-q0-nexmark-autoscaler-rerun-20260626-214353,12854473,Executor0,12854473
1783116415925,nx-q6-nexmark-sponge-q0-20260701-180117,4399003,Executor0,4399003
1783116416584,nx-q0-nexmark-autoscaler-rerun-20260626-214353,12854473,Executor0,12854473
1783116416925,nx-q6-nexmark-sponge-q0-20260701-180117,4399003,Executor0,4399003
1783116417584,nx-q0-nexmark-autoscaler-rerun-20260626-214353,12854473,Executor0,12854473
1783116417925,nx-q6-nexmark-sponge-q0-20260701-180117,4399003,Executor0,4399003
1783116418584,nx-q0-nexmark-autoscaler-rerun-20260626-214353,12854473,Executor0,12854473
1783116418925,nx-q6-nexmark-sponge-q0-20260701-180117,4399003,Executor0,4399003
1783116419584,nx-q0-nexmark-autoscaler-rerun-20260626-214353,12854473,Executor0,12854473
1783116419925,nx-q6-nexmark-sponge-q0-20260701-180117,4399003,Executor0,4399003
1783116420584,nx-q0-nexmark-autoscaler-rerun-20260626-214353,12854473,Executor0,12854473
1783116420925,nx-q6-nexmark-sponge-q0-20260701-180117,4399003,Executor0,4399003
1783116421584,nx-q0-nexmark-autoscaler-rerun-20260626-214353,12854473,Executor0,12854473
1783116421925,nx-q6-nexmark-sponge-q0-20260701-180117,4399003,Executor0,4399003
1783116422584,nx-q0-nexmark-autoscaler-rerun-20260626-214353,12854473,Executor0,12854473
1783116422925,nx-q6-nexmark-sponge-q0-20260701-180117,4399003,Executor0,4399003
1783116423584,nx-q0-nexmark-autoscaler-rerun-20260626-214353,12854473,Executor0,12854473
1783116423925,nx-q6-nexmark-sponge-q0-20260701-180117,4399003,Executor0,4399003
1783116424584,nx-q0-nexmark-autoscaler-rerun-20260626-214353,12854473,Executor0,12854473
1783116424925,nx-q6-nexmark-sponge-q0-20260701-180117,4399003,Executor0,4399003
1783116425584,nx-q0-nexmark-autoscaler-rerun-20260626-214353,12854473,Executor0,12854473
1783116425925,nx-q6-nexmark-sponge-q0-20260701-180117,4399003,Executor0,4399003
1783116426584,nx-q0-nexmark-autoscaler-rerun-20260626-214353,12854473,Executor0,12854473
1783116426925,nx-q6-nexmark-sponge-q0-20260701-180117,4399003,Executor0,4399003
1783116427584,nx-q0-nexmark-autoscaler-rerun-20260626-214353,12854473,Executor0,12854473
1783116427925,nx-q6-nexmark-sponge-q0-20260701-180117,4399003,Executor0,4399003
1783116428584,nx-q0-nexmark-autoscaler-rerun-20260626-214353,12854473,Executor0,12854473
1783116428925,nx-q6-nexmark-sponge-q0-20260701-180117,4399003,Executor0,4399003
1783116429584,nx-q0-nexmark-autoscaler-rerun-20260626-214353,12854473,Executor0,12854473
1783116429925,nx-q6-nexmark-sponge-q0-20260701-180117,4399003,Executor0,4399003
1783116430584,nx-q0-nexmark-autoscaler-rerun-20260626-214353,12854473,Executor0,12854473
1783116430925,nx-q6-nexmark-sponge-q0-20260701-180117,4399003,Executor0,4399003
1783116431584,nx-q0-nexmark-autoscaler-rerun-20260626-214353,12854473,Executor0,12854473
1783116431925,nx-q6-nexmark-sponge-q0-20260701-180117,4399003,Executor0,4399003
1783116432584,nx-q0-nexmark-autoscaler-rerun-20260626-214353,12854473,Executor0,12854473
1783116432925,nx-q6-nexmark-sponge-q0-20260701-180117,4399003,Executor0,4399003
1783116433584,nx-q0-nexmark-autoscaler-rerun-20260626-214353,12854473,Executor0,12854473
1783116433925,nx-q6-nexmark-sponge-q0-20260701-180117,4399003,Executor0,4399003
1783116434584,nx-q0-nexmark-autoscaler-rerun-20260626-214353,12854473,Executor0,12854473
1783116434925,nx-q6-nexmark-sponge-q0-20260701-180117,4399003,Executor0,4399003
1783116435584,nx-q0-nexmark-autoscaler-rerun-20260626-214353,12854473,Executor0,12854473
1783116435925,nx-q6-nexmark-sponge-q0-20260701-180117,4399003,Executor0,4399003
1783116436584,nx-q0-nexmark-autoscaler-rerun-20260626-214353,12854473,Executor0,12854473
1783116436925,nx-q6-nexmark-sponge-q0-20260701-180117,4399003,Executor0,4399003
1783116437584,nx-q0-nexmark-autoscaler-rerun-20260626-214353,12854473,Executor0,12854473
1783116437925,nx-q6-nexmark-sponge-q0-20260701-180117,4399003,Executor0,4399003
1783116438584,nx-q0-nexmark-autoscaler-rerun-20260626-214353,12854473,Executor0,12854473
1783116438925,nx-q6-nexmark-sponge-q0-20260701-180117,4399003,Executor0,4399003
1783116439584,nx-q0-nexmark-autoscaler-rerun-20260626-214353,12854473,Executor0,12854473
1783116439925,nx-q6-nexmark-sponge-q0-20260701-180117,4399003,Executor0,4399003
1783116440584,nx-q0-nexmark-autoscaler-rerun-20260626-214353,12854473,Executor0,12854473
1783116440925,nx-q6-nexmark-sponge-q0-20260701-180117,4399003,Executor0,4399003
1783116441584,nx-q0-nexmark-autoscaler-rerun-20260626-214353,12854473,Executor0,12854473
1783116441925,nx-q6-nexmark-sponge-q0-20260701-180117,4399003,Executor0,4399003
1783116442584,nx-q0-nexmark-autoscaler-rerun-20260626-214353,12854473,Executor0,12854473
1783116442925,nx-q6-nexmark-sponge-q0-20260701-180117,4399003,Executor0,4399003
1783116443584,nx-q0-nexmark-autoscaler-rerun-20260626-214353,12854473,Executor0,12854473
1783116443925,nx-q6-nexmark-sponge-q0-20260701-180117,4399003,Executor0,4399003
1783116444584,nx-q0-nexmark-autoscaler-rerun-20260626-214353,12854473,Executor0,12854473
1783116444925,nx-q6-nexmark-sponge-q0-20260701-180117,4399003,Executor0,4399003
1783116445584,nx-q0-nexmark-autoscaler-rerun-20260626-214353,12854473,Executor0,12854473
1783116445925,nx-q6-nexmark-sponge-q0-20260701-180117,4399003,Executor0,4399003
1783116446584,nx-q0-nexmark-autoscaler-rerun-20260626-214353,12854473,Executor0,12854473
1783116446925,nx-q6-nexmark-sponge-q0-20260701-180117,4399003,Executor0,4399003
1783116447584,nx-q0-nexmark-autoscaler-rerun-20260626-214353,12854473,Executor0,12854473
1783116447925,nx-q6-nexmark-sponge-q0-20260701-180117,4399003,Executor0,4399003
1783116448584,nx-q0-nexmark-autoscaler-rerun-20260626-214353,12854473,Executor0,12854473
1783116448925,nx-q6-nexmark-sponge-q0-20260701-180117,4399003,Executor0,4399003
1783116449584,nx-q0-nexmark-autoscaler-rerun-20260626-214353,12854473,Executor0,12854473
1783116449925,nx-q6-nexmark-sponge-q0-20260701-180117,4399003,Executor0,4399003
1783116450584,nx-q0-nexmark-autoscaler-rerun-20260626-214353,12854473,Executor0,12854473
1783116450925,nx-q6-nexmark-sponge-q0-20260701-180117,4399003,Executor0,4399003
1783116451584,nx-q0-nexmark-autoscaler-rerun-20260626-214353,12854473,Executor0,12854473
1783116451925,nx-q6-nexmark-sponge-q0-20260701-180117,4399003,Executor0,4399003
1783116452584,nx-q0-nexmark-autoscaler-rerun-20260626-214353,12854473,Executor0,12854473
1783116452925,nx-q6-nexmark-sponge-q0-20260701-180117,4399003,Executor0,4399003
1783116453584,nx-q0-nexmark-autoscaler-rerun-20260626-214353,12854473,Executor0,12854473
1783116453925,nx-q6-nexmark-sponge-q0-20260701-180117,4399003,Executor0,4399003
1783116454584,nx-q0-nexmark-autoscaler-rerun-20260626-214353,12854473,Executor0,12854473
1783116454925,nx-q6-nexmark-sponge-q0-20260701-180117,4399003,Executor0,4399003
1783116455584,nx-q0-nexmark-autoscaler-rerun-20260626-214353,12854473,Executor0,12854473
1783116455925,nx-q6-nexmark-sponge-q0-20260701-180117,4399003,Executor0,4399003
1783116456584,nx-q0-nexmark-autoscaler-rerun-20260626-214353,12854473,Executor0,12854473
1783116456925,nx-q6-nexmark-sponge-q0-20260701-180117,4399003,Executor0,4399003
1783116457584,nx-q0-nexmark-autoscaler-rerun-20260626-214353,12854473,Executor0,12854473
1783116457925,nx-q6-nexmark-sponge-q0-20260701-180117,4399003,Executor0,4399003
1783116458584,nx-q0-nexmark-autoscaler-rerun-20260626-214353,12854473,Executor0,12854473
1783116458925,nx-q6-nexmark-sponge-q0-20260701-180117,4399003,Executor0,4399003
1783116459584,nx-q0-nexmark-autoscaler-rerun-20260626-214353,12854473,Executor0,12854473
1783116459925,nx-q6-nexmark-sponge-q0-20260701-180117,4399003,Executor0,4399003
1783116460584,nx-q0-nexmark-autoscaler-rerun-20260626-214353,12854473,Executor0,12854473
1783116460925,nx-q6-nexmark-sponge-q0-20260701-180117,4399003,Executor0,4399003
1783116461584,nx-q0-nexmark-autoscaler-rerun-20260626-214353,12854473,Executor0,12854473
1783116461925,nx-q6-nexmark-sponge-q0-20260701-180117,4399003,Executor0,4399003
1783116462584,nx-q0-nexmark-autoscaler-rerun-20260626-214353,12854473,Executor0,12854473
1783116462925,nx-q6-nexmark-sponge-q0-20260701-180117,4399003,Executor0,4399003
1783116463584,nx-q0-nexmark-autoscaler-rerun-20260626-214353,12854473,Executor0,12854473
1783116463925,nx-q6-nexmark-sponge-q0-20260701-180117,4399003,Executor0,4399003
1783116464584,nx-q0-nexmark-autoscaler-rerun-20260626-214353,12854473,Executor0,12854473
1783116464925,nx-q6-nexmark-sponge-q0-20260701-180117,4399003,Executor0,4399003
1783116465584,nx-q0-nexmark-autoscaler-rerun-20260626-214353,12854473,Executor0,12854473
1783116465925,nx-q6-nexmark-sponge-q0-20260701-180117,4399003,Executor0,4399003
1783116466584,nx-q0-nexmark-autoscaler-rerun-20260626-214353,12854473,Executor0,12854473
1783116466925,nx-q6-nexmark-sponge-q0-20260701-180117,4399003,Executor0,4399003
1783116467584,nx-q0-nexmark-autoscaler-rerun-20260626-214353,12854473,Executor0,12854473
1783116467925,nx-q6-nexmark-sponge-q0-20260701-180117,4399003,Executor0,4399003
1783116468584,nx-q0-nexmark-autoscaler-rerun-20260626-214353,12854473,Executor0,12854473
1783116468925,nx-q6-nexmark-sponge-q0-20260701-180117,4399003,Executor0,4399003
1783116469584,nx-q0-nexmark-autoscaler-rerun-20260626-214353,12854473,Executor0,12854473
1783116469925,nx-q6-nexmark-sponge-q0-20260701-180117,4399003,Executor0,4399003
1783116470584,nx-q0-nexmark-autoscaler-rerun-20260626-214353,12854473,Executor0,12854473
1783116470925,nx-q6-nexmark-sponge-q0-20260701-180117,4399003,Executor0,4399003
1783116471584,nx-q0-nexmark-autoscaler-rerun-20260626-214353,12854473,Executor0,12854473
1783116471925,nx-q6-nexmark-sponge-q0-20260701-180117,4399003,Executor0,4399003
1783116472584,nx-q0-nexmark-autoscaler-rerun-20260626-214353,12854473,Executor0,12854473
1783116472925,nx-q6-nexmark-sponge-q0-20260701-180117,4399003,Executor0,4399003
1783116473584,nx-q0-nexmark-autoscaler-rerun-20260626-214353,12854473,Executor0,12854473
1783116473925,nx-q6-nexmark-sponge-q0-20260701-180117,4399003,Executor0,4399003
1783116474584,nx-q0-nexmark-autoscaler-rerun-20260626-214353,12854473,Executor0,12854473
1783116474925,nx-q6-nexmark-sponge-q0-20260701-180117,4399003,Executor0,4399003
1783116475584,nx-q0-nexmark-autoscaler-rerun-20260626-214353,12854473,Executor0,12854473
1783116475925,nx-q6-nexmark-sponge-q0-20260701-180117,4399003,Executor0,4399003
1783116476584,nx-q0-nexmark-autoscaler-rerun-20260626-214353,12854473,Executor0,12854473
1783116476925,nx-q6-nexmark-sponge-q0-20260701-180117,4399003,Executor0,4399003
1783116477584,nx-q0-nexmark-autoscaler-rerun-20260626-214353,12854473,Executor0,12854473
1783116477925,nx-q6-nexmark-sponge-q0-20260701-180117,4399003,Executor0,4399003
1783116478584,nx-q0-nexmark-autoscaler-rerun-20260626-214353,12854473,Executor0,12854473
1783116478925,nx-q6-nexmark-sponge-q0-20260701-180117,4399003,Executor0,4399003
1783116479584,nx-q0-nexmark-autoscaler-rerun-20260626-214353,12854473,Executor0,12854473
1783116479925,nx-q6-nexmark-sponge-q0-20260701-180117,4399003,Executor0,4399003
1783116480584,nx-q0-nexmark-autoscaler-rerun-20260626-214353,12854473,Executor0,12854473
1783116480925,nx-q6-nexmark-sponge-q0-20260701-180117,4399003,Executor0,4399003
1783116481584,nx-q0-nexmark-autoscaler-rerun-20260626-214353,12854473,Executor0,12854473
1783116481925,nx-q6-nexmark-sponge-q0-20260701-180117,4399003,Executor0,4399003
1783116482584,nx-q0-nexmark-autoscaler-rerun-20260626-214353,12854473,Executor0,12854473
1783116482925,nx-q6-nexmark-sponge-q0-20260701-180117,4399003,Executor0,4399003
1783116483584,nx-q0-nexmark-autoscaler-rerun-20260626-214353,12854473,Executor0,12854473
1783116483925,nx-q6-nexmark-sponge-q0-20260701-180117,4399003,Executor0,4399003
1783116484584,nx-q0-nexmark-autoscaler-rerun-20260626-214353,12854473,Executor0,12854473
1783116484925,nx-q6-nexmark-sponge-q0-20260701-180117,4399003,Executor0,4399003
1783116485584,nx-q0-nexmark-autoscaler-rerun-20260626-214353,12854473,Executor0,12854473
1783116485925,nx-q6-nexmark-sponge-q0-20260701-180117,4399003,Executor0,4399003
1783116486584,nx-q0-nexmark-autoscaler-rerun-20260626-214353,12854473,Executor0,12854473
1783116486925,nx-q6-nexmark-sponge-q0-20260701-180117,4399003,Executor0,4399003
1783116487584,nx-q0-nexmark-autoscaler-rerun-20260626-214353,12854473,Executor0,12854473
1783116487925,nx-q6-nexmark-sponge-q0-20260701-180117,4399003,Executor0,4399003
1783116488584,nx-q0-nexmark-autoscaler-rerun-20260626-214353,12854473,Executor0,12854473
1783116488925,nx-q6-nexmark-sponge-q0-20260701-180117,4399003,Executor0,4399003
1783116489584,nx-q0-nexmark-autoscaler-rerun-20260626-214353,12854473,Executor0,12854473
1783116489925,nx-q6-nexmark-sponge-q0-20260701-180117,4399003,Executor0,4399003
1783116490584,nx-q0-nexmark-autoscaler-rerun-20260626-214353,12854473,Executor0,12854473
1783116490925,nx-q6-nexmark-sponge-q0-20260701-180117,4399003,Executor0,4399003
1783116491584,nx-q0-nexmark-autoscaler-rerun-20260626-214353,12854473,Executor0,12854473
1783116491925,nx-q6-nexmark-sponge-q0-20260701-180117,4399003,Executor0,4399003
1783116492584,nx-q0-nexmark-autoscaler-rerun-20260626-214353,12854473,Executor0,12854473
1783116492925,nx-q6-nexmark-sponge-q0-20260701-180117,4399003,Executor0,4399003
1783116493584,nx-q0-nexmark-autoscaler-rerun-20260626-214353,12854473,Executor0,12854473
1783116493925,nx-q6-nexmark-sponge-q0-20260701-180117,4399003,Executor0,4399003
1783116494584,nx-q0-nexmark-autoscaler-rerun-20260626-214353,12854473,Executor0,12854473
1783116494925,nx-q6-nexmark-sponge-q0-20260701-180117,4399003,Executor0,4399003
1783116495584,nx-q0-nexmark-autoscaler-rerun-20260626-214353,12854473,Executor0,12854473
1783116495925,nx-q6-nexmark-sponge-q0-20260701-180117,4399003,Executor0,4399003
1783116496584,nx-q0-nexmark-autoscaler-rerun-20260626-214353,12854473,Executor0,12854473
1783116496925,nx-q6-nexmark-sponge-q0-20260701-180117,4399003,Executor0,4399003
1783116497584,nx-q0-nexmark-autoscaler-rerun-20260626-214353,12854473,Executor0,12854473
1783116497925,nx-q6-nexmark-sponge-q0-20260701-180117,4399003,Executor0,4399003
1783116498584,nx-q0-nexmark-autoscaler-rerun-20260626-214353,12854473,Executor0,12854473
1783116498925,nx-q6-nexmark-sponge-q0-20260701-180117,4399003,Executor0,4399003
1783116499584,nx-q0-nexmark-autoscaler-rerun-20260626-214353,12854473,Executor0,12854473
1783116499925,nx-q6-nexmark-sponge-q0-20260701-180117,4399003,Executor0,4399003
1783116500584,nx-q0-nexmark-autoscaler-rerun-20260626-214353,12854473,Executor0,12854473
1783116500925,nx-q6-nexmark-sponge-q0-20260701-180117,4399003,Executor0,4399003
1783116501584,nx-q0-nexmark-autoscaler-rerun-20260626-214353,12854473,Executor0,12854473
1783116501925,nx-q6-nexmark-sponge-q0-20260701-180117,4399003,Executor0,4399003
1783116502584,nx-q0-nexmark-autoscaler-rerun-20260626-214353,12854473,Executor0,12854473
1783116502925,nx-q6-nexmark-sponge-q0-20260701-180117,4399003,Executor0,4399003
1783116503584,nx-q0-nexmark-autoscaler-rerun-20260626-214353,12854473,Executor0,12854473
1783116503925,nx-q6-nexmark-sponge-q0-20260701-180117,4399003,Executor0,4399003
1783116504584,nx-q0-nexmark-autoscaler-rerun-20260626-214353,12854473,Executor0,12854473
1783116504925,nx-q6-nexmark-sponge-q0-20260701-180117,4399003,Executor0,4399003
1783116505584,nx-q0-nexmark-autoscaler-rerun-20260626-214353,12854473,Executor0,12854473
1783116505925,nx-q6-nexmark-sponge-q0-20260701-180117,4399003,Executor0,4399003
1783116506584,nx-q0-nexmark-autoscaler-rerun-20260626-214353,12854473,Executor0,12854473
1783116506925,nx-q6-nexmark-sponge-q0-20260701-180117,4399003,Executor0,4399003
1783116507584,nx-q0-nexmark-autoscaler-rerun-20260626-214353,12854473,Executor0,12854473
1783116507925,nx-q6-nexmark-sponge-q0-20260701-180117,4399003,Executor0,4399003
1783116508584,nx-q0-nexmark-autoscaler-rerun-20260626-214353,12854473,Executor0,12854473
1783116508925,nx-q6-nexmark-sponge-q0-20260701-180117,4399003,Executor0,4399003
1783116509584,nx-q0-nexmark-autoscaler-rerun-20260626-214353,12854473,Executor0,12854473
1783116509925,nx-q6-nexmark-sponge-q0-20260701-180117,4399003,Executor0,4399003
1783116510584,nx-q0-nexmark-autoscaler-rerun-20260626-214353,12854473,Executor0,12854473
1783116510925,nx-q6-nexmark-sponge-q0-20260701-180117,4399003,Executor0,4399003
1783116511584,nx-q0-nexmark-autoscaler-rerun-20260626-214353,12854473,Executor0,12854473
1783116511925,nx-q6-nexmark-sponge-q0-20260701-180117,4399003,Executor0,4399003
1783116512584,nx-q0-nexmark-autoscaler-rerun-20260626-214353,12854473,Executor0,12854473
1783116512925,nx-q6-nexmark-sponge-q0-20260701-180117,4399003,Executor0,4399003
1783116513584,nx-q0-nexmark-autoscaler-rerun-20260626-214353,12854473,Executor0,12854473
1783116513925,nx-q6-nexmark-sponge-q0-20260701-180117,4399003,Executor0,4399003
1783116514584,nx-q0-nexmark-autoscaler-rerun-20260626-214353,12854473,Executor0,12854473
1783116514925,nx-q6-nexmark-sponge-q0-20260701-180117,4399003,Executor0,4399003
1783116515584,nx-q0-nexmark-autoscaler-rerun-20260626-214353,12854473,Executor0,12854473
1783116515925,nx-q6-nexmark-sponge-q0-20260701-180117,4399003,Executor0,4399003
1783116516584,nx-q0-nexmark-autoscaler-rerun-20260626-214353,12854473,Executor0,12854473
1783116516925,nx-q6-nexmark-sponge-q0-20260701-180117,4399003,Executor0,4399003
1783116517584,nx-q0-nexmark-autoscaler-rerun-20260626-214353,12854473,Executor0,12854473
1783116517925,nx-q6-nexmark-sponge-q0-20260701-180117,4399003,Executor0,4399003
1783116518584,nx-q0-nexmark-autoscaler-rerun-20260626-214353,12854473,Executor0,12854473
1783116518925,nx-q6-nexmark-sponge-q0-20260701-180117,4399003,Executor0,4399003
1783116519584,nx-q0-nexmark-autoscaler-rerun-20260626-214353,12854473,Executor0,12854473
1783116519925,nx-q6-nexmark-sponge-q0-20260701-180117,4399003,Executor0,4399003
1783116520584,nx-q0-nexmark-autoscaler-rerun-20260626-214353,12854473,Executor0,12854473
1783116520925,nx-q6-nexmark-sponge-q0-20260701-180117,4399003,Executor0,4399003
1783116521584,nx-q0-nexmark-autoscaler-rerun-20260626-214353,12854473,Executor0,12854473
1783116521925,nx-q6-nexmark-sponge-q0-20260701-180117,4399003,Executor0,4399003
1783116522584,nx-q0-nexmark-autoscaler-rerun-20260626-214353,12854473,Executor0,12854473
1783116522925,nx-q6-nexmark-sponge-q0-20260701-180117,4399003,Executor0,4399003
1783116523584,nx-q0-nexmark-autoscaler-rerun-20260626-214353,12854473,Executor0,12854473
1783116523925,nx-q6-nexmark-sponge-q0-20260701-180117,4399003,Executor0,4399003
1783116524584,nx-q0-nexmark-autoscaler-rerun-20260626-214353,12854473,Executor0,12854473
1783116524925,nx-q6-nexmark-sponge-q0-20260701-180117,4399003,Executor0,4399003
1783116525584,nx-q0-nexmark-autoscaler-rerun-20260626-214353,12854473,Executor0,12854473
1783116525925,nx-q6-nexmark-sponge-q0-20260701-180117,4399003,Executor0,4399003
1783116526584,nx-q0-nexmark-autoscaler-rerun-20260626-214353,12854473,Executor0,12854473
1783116526925,nx-q6-nexmark-sponge-q0-20260701-180117,4399003,Executor0,4399003
1783116527584,nx-q0-nexmark-autoscaler-rerun-20260626-214353,12854473,Executor0,12854473
1783116527925,nx-q6-nexmark-sponge-q0-20260701-180117,4399003,Executor0,4399003
1783116528584,nx-q0-nexmark-autoscaler-rerun-20260626-214353,12854473,Executor0,12854473
1783116528925,nx-q6-nexmark-sponge-q0-20260701-180117,4399003,Executor0,4399003
1783116529584,nx-q0-nexmark-autoscaler-rerun-20260626-214353,12854473,Executor0,12854473
1783116529925,nx-q6-nexmark-sponge-q0-20260701-180117,4399003,Executor0,4399003
1783116530584,nx-q0-nexmark-autoscaler-rerun-20260626-214353,12854473,Executor0,12854473
1783116530925,nx-q6-nexmark-sponge-q0-20260701-180117,4399003,Executor0,4399003
1783116531584,nx-q0-nexmark-autoscaler-rerun-20260626-214353,12854473,Executor0,12854473
1783116531925,nx-q6-nexmark-sponge-q0-20260701-180117,4399003,Executor0,4399003
1783116532584,nx-q0-nexmark-autoscaler-rerun-20260626-214353,12854473,Executor0,12854473
1783116532925,nx-q6-nexmark-sponge-q0-20260701-180117,4399003,Executor0,4399003
1783116533584,nx-q0-nexmark-autoscaler-rerun-20260626-214353,12854473,Executor0,12854473
1783116533925,nx-q6-nexmark-sponge-q0-20260701-180117,4399003,Executor0,4399003
1783116534584,nx-q0-nexmark-autoscaler-rerun-20260626-214353,12854473,Executor0,12854473
1783116534925,nx-q6-nexmark-sponge-q0-20260701-180117,4399003,Executor0,4399003
1783116535584,nx-q0-nexmark-autoscaler-rerun-20260626-214353,12854473,Executor0,12854473
1783116535925,nx-q6-nexmark-sponge-q0-20260701-180117,4399003,Executor0,4399003
1783116536584,nx-q0-nexmark-autoscaler-rerun-20260626-214353,12854473,Executor0,12854473
1783116536641,nx-q0-nexmark-auto-170510,9090,Executor0,9090
1783116536925,nx-q6-nexmark-sponge-q0-20260701-180117,4399003,Executor0,4399003
1783116537584,nx-q0-nexmark-autoscaler-rerun-20260626-214353,12854473,Executor0,12854473
1783116537641,nx-q0-nexmark-auto-170510,100000,Executor0,100000
1783116537925,nx-q6-nexmark-sponge-q0-20260701-180117,4399003,Executor0,4399003
1783116538584,nx-q0-nexmark-autoscaler-rerun-20260626-214353,12854473,Executor0,12854473
1783116538641,nx-q0-nexmark-auto-170510,150000,Executor0,150000
1783116538925,nx-q6-nexmark-sponge-q0-20260701-180117,4399003,Executor0,4399003
1783116539584,nx-q0-nexmark-autoscaler-rerun-20260626-214353,12854473,Executor0,12854473
1783116539641,nx-q0-nexmark-auto-170510,187749,Executor0,187749
1783116539925,nx-q6-nexmark-sponge-q0-20260701-180117,4399003,Executor0,4399003
1783116540584,nx-q0-nexmark-autoscaler-rerun-20260626-214353,12854473,Executor0,12854473
1783116540641,nx-q0-nexmark-auto-170510,250000,Executor0,250000
1783116540925,nx-q6-nexmark-sponge-q0-20260701-180117,4399003,Executor0,4399003
1783116541584,nx-q0-nexmark-autoscaler-rerun-20260626-214353,12854473,Executor0,12854473
1783116541641,nx-q0-nexmark-auto-170510,300000,Executor0,300000
1783116541925,nx-q6-nexmark-sponge-q0-20260701-180117,4399003,Executor0,4399003
1783116542584,nx-q0-nexmark-autoscaler-rerun-20260626-214353,12854473,Executor0,12854473
1783116542641,nx-q0-nexmark-auto-170510,350000,Executor0,350000
1783116542925,nx-q6-nexmark-sponge-q0-20260701-180117,4399003,Executor0,4399003
1783116543584,nx-q0-nexmark-autoscaler-rerun-20260626-214353,12854473,Executor0,12854473
1783116543641,nx-q0-nexmark-auto-170510,400000,Executor0,400000
1783116543925,nx-q6-nexmark-sponge-q0-20260701-180117,4399003,Executor0,4399003
1783116544584,nx-q0-nexmark-autoscaler-rerun-20260626-214353,12854473,Executor0,12854473
1783116544641,nx-q0-nexmark-auto-170510,450000,Executor0,450000
1783116544925,nx-q6-nexmark-sponge-q0-20260701-180117,4399003,Executor0,4399003
1783116545584,nx-q0-nexmark-autoscaler-rerun-20260626-214353,12854473,Executor0,12854473
1783116545641,nx-q0-nexmark-auto-170510,500000,Executor0,500000
1783116545925,nx-q6-nexmark-sponge-q0-20260701-180117,4399003,Executor0,4399003
1783116546584,nx-q0-nexmark-autoscaler-rerun-20260626-214353,12854473,Executor0,12854473
1783116546641,nx-q0-nexmark-auto-170510,550000,Executor0,550000
1783116546925,nx-q6-nexmark-sponge-q0-20260701-180117,4399003,Executor0,4399003
1783116547584,nx-q0-nexmark-autoscaler-rerun-20260626-214353,12854473,Executor0,12854473
1783116547641,nx-q0-nexmark-auto-170510,600000,Executor0,600000
1783116547925,nx-q6-nexmark-sponge-q0-20260701-180117,4399003,Executor0,4399003
1783116548584,nx-q0-nexmark-autoscaler-rerun-20260626-214353,12854473,Executor0,12854473
1783116548641,nx-q0-nexmark-auto-170510,636000,Executor0,636000
1783116548925,nx-q6-nexmark-sponge-q0-20260701-180117,4399003,Executor0,4399003
1783116549584,nx-q0-nexmark-autoscaler-rerun-20260626-214353,12854473,Executor0,12854473
1783116549641,nx-q0-nexmark-auto-170510,684500,Executor0,684500
1783116549925,nx-q6-nexmark-sponge-q0-20260701-180117,4399003,Executor0,4399003
1783116550584,nx-q0-nexmark-autoscaler-rerun-20260626-214353,12854473,Executor0,12854473
1783116550641,nx-q0-nexmark-auto-170510,733500,Executor0,733500
1783116550925,nx-q6-nexmark-sponge-q0-20260701-180117,4399003,Executor0,4399003
1783116551584,nx-q0-nexmark-autoscaler-rerun-20260626-214353,12854473,Executor0,12854473
1783116551641,nx-q0-nexmark-auto-170510,783045,Executor0,783045
1783116551925,nx-q6-nexmark-sponge-q0-20260701-180117,4399003,Executor0,4399003
1783116552584,nx-q0-nexmark-autoscaler-rerun-20260626-214353,12854473,Executor0,12854473
1783116552641,nx-q0-nexmark-auto-170510,834960,Executor0,834960
1783116552925,nx-q6-nexmark-sponge-q0-20260701-180117,4399003,Executor0,4399003
1783116553584,nx-q0-nexmark-autoscaler-rerun-20260626-214353,12854473,Executor0,12854473
1783116553641,nx-q0-nexmark-auto-170510,884682,Executor0,884682
1783116553925,nx-q6-nexmark-sponge-q0-20260701-180117,4399003,Executor0,4399003
1783116554584,nx-q0-nexmark-autoscaler-rerun-20260626-214353,12854473,Executor0,12854473
1783116554641,nx-q0-nexmark-auto-170510,931500,Executor0,931500
1783116554925,nx-q6-nexmark-sponge-q0-20260701-180117,4399003,Executor0,4399003
1783116555584,nx-q0-nexmark-autoscaler-rerun-20260626-214353,12854473,Executor0,12854473
1783116555641,nx-q0-nexmark-auto-170510,986000,Executor0,986000
1783116555925,nx-q6-nexmark-sponge-q0-20260701-180117,4399003,Executor0,4399003
1783116556584,nx-q0-nexmark-autoscaler-rerun-20260626-214353,12854473,Executor0,12854473
1783116556641,nx-q0-nexmark-auto-170510,1031602,Executor0,1031602
1783116556925,nx-q6-nexmark-sponge-q0-20260701-180117,4399003,Executor0,4399003
1783116557584,nx-q0-nexmark-autoscaler-rerun-20260626-214353,12854473,Executor0,12854473
1783116557641,nx-q0-nexmark-auto-170510,1081500,Executor0,1081500
1783116557925,nx-q6-nexmark-sponge-q0-20260701-180117,4399003,Executor0,4399003
1783116558584,nx-q0-nexmark-autoscaler-rerun-20260626-214353,12854473,Executor0,12854473
1783116558641,nx-q0-nexmark-auto-170510,1136000,Executor0,1136000
1783116558925,nx-q6-nexmark-sponge-q0-20260701-180117,4399003,Executor0,4399003
1783116559584,nx-q0-nexmark-autoscaler-rerun-20260626-214353,12854473,Executor0,12854473
1783116559641,nx-q0-nexmark-auto-170510,1183614,Executor0,1183614
1783116559925,nx-q6-nexmark-sponge-q0-20260701-180117,4399003,Executor0,4399003
1783116560584,nx-q0-nexmark-autoscaler-rerun-20260626-214353,12854473,Executor0,12854473
1783116560641,nx-q0-nexmark-auto-170510,1236000,Executor0,1236000
1783116560925,nx-q6-nexmark-sponge-q0-20260701-180117,4399003,Executor0,4399003
1783116561584,nx-q0-nexmark-autoscaler-rerun-20260626-214353,12854473,Executor0,12854473
1783116561641,nx-q0-nexmark-auto-170510,1281817,Executor0,1281817
1783116561925,nx-q6-nexmark-sponge-q0-20260701-180117,4399003,Executor0,4399003
1783116562584,nx-q0-nexmark-autoscaler-rerun-20260626-214353,12854473,Executor0,12854473
1783116562641,nx-q0-nexmark-auto-170510,1334500,Executor0,1334500
1783116562925,nx-q6-nexmark-sponge-q0-20260701-180117,4399003,Executor0,4399003
1783116563584,nx-q0-nexmark-autoscaler-rerun-20260626-214353,12854473,Executor0,12854473
1783116563641,nx-q0-nexmark-auto-170510,1384969,Executor0,1384969
1783116563925,nx-q6-nexmark-sponge-q0-20260701-180117,4399003,Executor0,4399003
1783116564584,nx-q0-nexmark-autoscaler-rerun-20260626-214353,12854473,Executor0,12854473
1783116564641,nx-q0-nexmark-auto-170510,1431857,Executor0,1431857
1783116564925,nx-q6-nexmark-sponge-q0-20260701-180117,4399003,Executor0,4399003
1783116565584,nx-q0-nexmark-autoscaler-rerun-20260626-214353,12854473,Executor0,12854473
1783116565641,nx-q0-nexmark-auto-170510,1481500,Executor0,1481500
1783116565925,nx-q6-nexmark-sponge-q0-20260701-180117,4399003,Executor0,4399003
1783116566584,nx-q0-nexmark-autoscaler-rerun-20260626-214353,12854473,Executor0,12854473
1783116566641,nx-q0-nexmark-auto-170510,1535381,Executor0,1535381
1783116566925,nx-q6-nexmark-sponge-q0-20260701-180117,4399003,Executor0,4399003
1783116567584,nx-q0-nexmark-autoscaler-rerun-20260626-214353,12854473,Executor0,12854473
1783116567641,nx-q0-nexmark-auto-170510,1586000,Executor0,1586000
1783116567925,nx-q6-nexmark-sponge-q0-20260701-180117,4399003,Executor0,4399003
1783116568584,nx-q0-nexmark-autoscaler-rerun-20260626-214353,12854473,Executor0,12854473
1783116568641,nx-q0-nexmark-auto-170510,1632161,Executor0,1632161
1783116568925,nx-q6-nexmark-sponge-q0-20260701-180117,4399003,Executor0,4399003
1783116569584,nx-q0-nexmark-autoscaler-rerun-20260626-214353,12854473,Executor0,12854473
1783116569641,nx-q0-nexmark-auto-170510,1683497,Executor0,1683497
1783116569925,nx-q6-nexmark-sponge-q0-20260701-180117,4399003,Executor0,4399003
1783116570584,nx-q0-nexmark-autoscaler-rerun-20260626-214353,12854473,Executor0,12854473
1783116570641,nx-q0-nexmark-auto-170510,1734500,Executor0,1734500
1783116570925,nx-q6-nexmark-sponge-q0-20260701-180117,4399003,Executor0,4399003
1783116571584,nx-q0-nexmark-autoscaler-rerun-20260626-214353,12854473,Executor0,12854473
1783116571641,nx-q0-nexmark-auto-170510,1783469,Executor0,1783469
1783116571925,nx-q6-nexmark-sponge-q0-20260701-180117,4399003,Executor0,4399003
1783116572584,nx-q0-nexmark-autoscaler-rerun-20260626-214353,12854473,Executor0,12854473
1783116572641,nx-q0-nexmark-auto-170510,1834853,Executor0,1834853
1783116572925,nx-q6-nexmark-sponge-q0-20260701-180117,4399003,Executor0,4399003
1783116573584,nx-q0-nexmark-autoscaler-rerun-20260626-214353,12854473,Executor0,12854473
1783116573641,nx-q0-nexmark-auto-170510,1881965,Executor0,1881965
1783116573925,nx-q6-nexmark-sponge-q0-20260701-180117,4399003,Executor0,4399003
1783116574584,nx-q0-nexmark-autoscaler-rerun-20260626-214353,12854473,Executor0,12854473
1783116574641,nx-q0-nexmark-auto-170510,1934500,Executor0,1934500
1783116574925,nx-q6-nexmark-sponge-q0-20260701-180117,4399003,Executor0,4399003
1783116575584,nx-q0-nexmark-autoscaler-rerun-20260626-214353,12854473,Executor0,12854473
1783116575641,nx-q0-nexmark-auto-170510,1983501,Executor0,1983501
1783116575925,nx-q6-nexmark-sponge-q0-20260701-180117,4399003,Executor0,4399003
1783116576584,nx-q0-nexmark-autoscaler-rerun-20260626-214353,12854473,Executor0,12854473
1783116576641,nx-q0-nexmark-auto-170510,2031500,Executor0,2031500
1783116576925,nx-q6-nexmark-sponge-q0-20260701-180117,4399003,Executor0,4399003
1783116577584,nx-q0-nexmark-autoscaler-rerun-20260626-214353,12854473,Executor0,12854473
1783116577641,nx-q0-nexmark-auto-170510,2086000,Executor0,2086000
1783116577925,nx-q6-nexmark-sponge-q0-20260701-180117,4399003,Executor0,4399003
1783116578584,nx-q0-nexmark-autoscaler-rerun-20260626-214353,12854473,Executor0,12854473
1783116578641,nx-q0-nexmark-auto-170510,2131708,Executor0,2131708
1783116578925,nx-q6-nexmark-sponge-q0-20260701-180117,4399003,Executor0,4399003
1783116579584,nx-q0-nexmark-autoscaler-rerun-20260626-214353,12854473,Executor0,12854473
1783116579641,nx-q0-nexmark-auto-170510,2183000,Executor0,2183000
1783116579925,nx-q6-nexmark-sponge-q0-20260701-180117,4399003,Executor0,4399003
1783116580584,nx-q0-nexmark-autoscaler-rerun-20260626-214353,12854473,Executor0,12854473
1783116580641,nx-q0-nexmark-auto-170510,2234500,Executor0,2234500
1783116580925,nx-q6-nexmark-sponge-q0-20260701-180117,4399003,Executor0,4399003
1783116581584,nx-q0-nexmark-autoscaler-rerun-20260626-214353,12854473,Executor0,12854473
1783116581641,nx-q0-nexmark-auto-170510,2283000,Executor0,2283000
1783116581925,nx-q6-nexmark-sponge-q0-20260701-180117,4399003,Executor0,4399003
1783116582584,nx-q0-nexmark-autoscaler-rerun-20260626-214353,12854473,Executor0,12854473
1783116582641,nx-q0-nexmark-auto-170510,2333000,Executor0,2333000
1783116582925,nx-q6-nexmark-sponge-q0-20260701-180117,4399003,Executor0,4399003
1783116583584,nx-q0-nexmark-autoscaler-rerun-20260626-214353,12854473,Executor0,12854473
1783116583641,nx-q0-nexmark-auto-170510,2383000,Executor0,2383000
1783116583925,nx-q6-nexmark-sponge-q0-20260701-180117,4399003,Executor0,4399003
1783116584584,nx-q0-nexmark-autoscaler-rerun-20260626-214353,12854473,Executor0,12854473
1783116584641,nx-q0-nexmark-auto-170510,2436000,Executor0,2436000
1783116584925,nx-q6-nexmark-sponge-q0-20260701-180117,4399003,Executor0,4399003
1783116585603,nx-q0-nexmark-autoscaler-rerun-20260626-214353,12854473,Executor0,12854473
1783116585641,nx-q0-nexmark-auto-170510,2484538,Executor0,2484538
1783116585925,nx-q6-nexmark-sponge-q0-20260701-180117,4399003,Executor0,4399003
1783116586584,nx-q0-nexmark-autoscaler-rerun-20260626-214353,12854473,Executor0,12854473
1783116586641,nx-q0-nexmark-auto-170510,2534777,Executor0,2534777
1783116586925,nx-q6-nexmark-sponge-q0-20260701-180117,4399003,Executor0,4399003
1783116587584,nx-q0-nexmark-autoscaler-rerun-20260626-214353,12854473,Executor0,12854473
1783116587641,nx-q0-nexmark-auto-170510,2582601,Executor0,2582601
1783116587925,nx-q6-nexmark-sponge-q0-20260701-180117,4399003,Executor0,4399003
1783116588584,nx-q0-nexmark-autoscaler-rerun-20260626-214353,12854473,Executor0,12854473
1783116588641,nx-q0-nexmark-auto-170510,2633000,Executor0,2633000
1783116588925,nx-q6-nexmark-sponge-q0-20260701-180117,4399003,Executor0,4399003
1783116589584,nx-q0-nexmark-autoscaler-rerun-20260626-214353,12854473,Executor0,12854473
1783116589641,nx-q0-nexmark-auto-170510,2684500,Executor0,2684500
1783116589925,nx-q6-nexmark-sponge-q0-20260701-180117,4399003,Executor0,4399003
1783116590584,nx-q0-nexmark-autoscaler-rerun-20260626-214353,12854473,Executor0,12854473
1783116590641,nx-q0-nexmark-auto-170510,2730000,Executor0,2730000
1783116590925,nx-q6-nexmark-sponge-q0-20260701-180117,4399003,Executor0,4399003
1783116591584,nx-q0-nexmark-autoscaler-rerun-20260626-214353,12854473,Executor0,12854473
1783116591641,nx-q0-nexmark-auto-170510,2786000,Executor0,2786000
1783116591925,nx-q6-nexmark-sponge-q0-20260701-180117,4399003,Executor0,4399003
1783116592584,nx-q0-nexmark-autoscaler-rerun-20260626-214353,12854473,Executor0,12854473
1783116592641,nx-q0-nexmark-auto-170510,2830000,Executor0,2830000
1783116592925,nx-q6-nexmark-sponge-q0-20260701-180117,4399003,Executor0,4399003
1783116593584,nx-q0-nexmark-autoscaler-rerun-20260626-214353,12854473,Executor0,12854473
1783116593641,nx-q0-nexmark-auto-170510,2886000,Executor0,2886000
1783116593925,nx-q6-nexmark-sponge-q0-20260701-180117,4399003,Executor0,4399003
1783116594584,nx-q0-nexmark-autoscaler-rerun-20260626-214353,12854473,Executor0,12854473
1783116594641,nx-q0-nexmark-auto-170510,2934367,Executor0,2934367
1783116594925,nx-q6-nexmark-sponge-q0-20260701-180117,4399003,Executor0,4399003
1783116595584,nx-q0-nexmark-autoscaler-rerun-20260626-214353,12854473,Executor0,12854473
1783116595641,nx-q0-nexmark-auto-170510,2984500,Executor0,2984500
1783116595925,nx-q6-nexmark-sponge-q0-20260701-180117,4399003,Executor0,4399003
1783116596584,nx-q0-nexmark-autoscaler-rerun-20260626-214353,12854473,Executor0,12854473
1783116596641,nx-q0-nexmark-auto-170510,3033000,Executor0,3033000
1783116596925,nx-q6-nexmark-sponge-q0-20260701-180117,4399003,Executor0,4399003
1783116597584,nx-q0-nexmark-autoscaler-rerun-20260626-214353,12854473,Executor0,12854473
1783116597641,nx-q0-nexmark-auto-170510,3083000,Executor0,3083000
1783116597925,nx-q6-nexmark-sponge-q0-20260701-180117,4399003,Executor0,4399003
1783116598584,nx-q0-nexmark-autoscaler-rerun-20260626-214353,12854473,Executor0,12854473
1783116598641,nx-q0-nexmark-auto-170510,3134500,Executor0,3134500
1783116598925,nx-q6-nexmark-sponge-q0-20260701-180117,4399003,Executor0,4399003
1783116599584,nx-q0-nexmark-autoscaler-rerun-20260626-214353,12854473,Executor0,12854473
1783116599641,nx-q0-nexmark-auto-170510,3183000,Executor0,3183000
1783116599925,nx-q6-nexmark-sponge-q0-20260701-180117,4399003,Executor0,4399003
1783116600584,nx-q0-nexmark-autoscaler-rerun-20260626-214353,12854473,Executor0,12854473
1783116600641,nx-q0-nexmark-auto-170510,3231500,Executor0,3231500
1783116600925,nx-q6-nexmark-sponge-q0-20260701-180117,4399003,Executor0,4399003
1783116601584,nx-q0-nexmark-autoscaler-rerun-20260626-214353,12854473,Executor0,12854473
1783116601641,nx-q0-nexmark-auto-170510,3286000,Executor0,3286000
1783116601925,nx-q6-nexmark-sponge-q0-20260701-180117,4399003,Executor0,4399003
1783116602584,nx-q0-nexmark-autoscaler-rerun-20260626-214353,12854473,Executor0,12854473
1783116602641,nx-q0-nexmark-auto-170510,3333000,Executor0,3333000
1783116602925,nx-q6-nexmark-sponge-q0-20260701-180117,4399003,Executor0,4399003
1783116603584,nx-q0-nexmark-autoscaler-rerun-20260626-214353,12854473,Executor0,12854473
1783116603641,nx-q0-nexmark-auto-170510,3382965,Executor0,3382965
1783116603925,nx-q6-nexmark-sponge-q0-20260701-180117,4399003,Executor0,4399003
1783116604584,nx-q0-nexmark-autoscaler-rerun-20260626-214353,12854473,Executor0,12854473
1783116604641,nx-q0-nexmark-auto-170510,3431500,Executor0,3431500
1783116604925,nx-q6-nexmark-sponge-q0-20260701-180117,4399003,Executor0,4399003
1783116605584,nx-q0-nexmark-autoscaler-rerun-20260626-214353,12854473,Executor0,12854473
1783116605641,nx-q0-nexmark-auto-170510,3483000,Executor0,3483000
1783116605925,nx-q6-nexmark-sponge-q0-20260701-180117,4399003,Executor0,4399003
1783116606584,nx-q0-nexmark-autoscaler-rerun-20260626-214353,12854473,Executor0,12854473
1783116606641,nx-q0-nexmark-auto-170510,3534500,Executor0,3534500
1783116606925,nx-q6-nexmark-sponge-q0-20260701-180117,4399003,Executor0,4399003
1783116607584,nx-q0-nexmark-autoscaler-rerun-20260626-214353,12854473,Executor0,12854473
1783116607641,nx-q0-nexmark-auto-170510,3583000,Executor0,3583000
1783116607925,nx-q6-nexmark-sponge-q0-20260701-180117,4399003,Executor0,4399003
1783116608584,nx-q0-nexmark-autoscaler-rerun-20260626-214353,12854473,Executor0,12854473
1783116608641,nx-q0-nexmark-auto-170510,3633000,Executor0,3633000
1783116608925,nx-q6-nexmark-sponge-q0-20260701-180117,4399003,Executor0,4399003
1783116609584,nx-q0-nexmark-autoscaler-rerun-20260626-214353,12854473,Executor0,12854473
1783116609641,nx-q0-nexmark-auto-170510,3684500,Executor0,3684500
1783116609925,nx-q6-nexmark-sponge-q0-20260701-180117,4399003,Executor0,4399003
1783116610584,nx-q0-nexmark-autoscaler-rerun-20260626-214353,12854473,Executor0,12854473
1783116610641,nx-q0-nexmark-auto-170510,3736000,Executor0,3736000
1783116610925,nx-q6-nexmark-sponge-q0-20260701-180117,4399003,Executor0,4399003
1783116611584,nx-q0-nexmark-autoscaler-rerun-20260626-214353,12854473,Executor0,12854473
1783116611641,nx-q0-nexmark-auto-170510,3784500,Executor0,3784500
1783116611925,nx-q6-nexmark-sponge-q0-20260701-180117,4399003,Executor0,4399003
1783116612584,nx-q0-nexmark-autoscaler-rerun-20260626-214353,12854473,Executor0,12854473
1783116612641,nx-q0-nexmark-auto-170510,3834243,Executor0,3834243
1783116612925,nx-q6-nexmark-sponge-q0-20260701-180117,4399003,Executor0,4399003
1783116613584,nx-q0-nexmark-autoscaler-rerun-20260626-214353,12854473,Executor0,12854473
1783116613641,nx-q0-nexmark-auto-170510,3883000,Executor0,3883000
1783116613925,nx-q6-nexmark-sponge-q0-20260701-180117,4399003,Executor0,4399003
1783116614584,nx-q0-nexmark-autoscaler-rerun-20260626-214353,12854473,Executor0,12854473
1783116614641,nx-q0-nexmark-auto-170510,3936000,Executor0,3936000
1783116614925,nx-q6-nexmark-sponge-q0-20260701-180117,4399003,Executor0,4399003
1783116615584,nx-q0-nexmark-autoscaler-rerun-20260626-214353,12854473,Executor0,12854473
1783116615641,nx-q0-nexmark-auto-170510,3981500,Executor0,3981500
1783116615925,nx-q6-nexmark-sponge-q0-20260701-180117,4399003,Executor0,4399003
1783116616584,nx-q0-nexmark-autoscaler-rerun-20260626-214353,12854473,Executor0,12854473
1783116616641,nx-q0-nexmark-auto-170510,4034500,Executor0,4034500
1783116616925,nx-q6-nexmark-sponge-q0-20260701-180117,4399003,Executor0,4399003
1783116617584,nx-q0-nexmark-autoscaler-rerun-20260626-214353,12854473,Executor0,12854473
1783116617641,nx-q0-nexmark-auto-170510,4086000,Executor0,4086000
1783116617925,nx-q6-nexmark-sponge-q0-20260701-180117,4399003,Executor0,4399003
1783116618584,nx-q0-nexmark-autoscaler-rerun-20260626-214353,12854473,Executor0,12854473
1783116618641,nx-q0-nexmark-auto-170510,4130000,Executor0,4130000
1783116618925,nx-q6-nexmark-sponge-q0-20260701-180117,4399003,Executor0,4399003
1783116619584,nx-q0-nexmark-autoscaler-rerun-20260626-214353,12854473,Executor0,12854473
1783116619641,nx-q0-nexmark-auto-170510,4186000,Executor0,4186000
1783116619925,nx-q6-nexmark-sponge-q0-20260701-180117,4399003,Executor0,4399003
1783116620584,nx-q0-nexmark-autoscaler-rerun-20260626-214353,12854473,Executor0,12854473
1783116620641,nx-q0-nexmark-auto-170510,4234500,Executor0,4234500
1783116620925,nx-q6-nexmark-sponge-q0-20260701-180117,4399003,Executor0,4399003
1783116621584,nx-q0-nexmark-autoscaler-rerun-20260626-214353,12854473,Executor0,12854473
1783116621641,nx-q0-nexmark-auto-170510,4283000,Executor0,4283000
1783116621925,nx-q6-nexmark-sponge-q0-20260701-180117,4399003,Executor0,4399003
1783116622584,nx-q0-nexmark-autoscaler-rerun-20260626-214353,12854473,Executor0,12854473
1783116622641,nx-q0-nexmark-auto-170510,4336000,Executor0,4336000
1783116622925,nx-q6-nexmark-sponge-q0-20260701-180117,4399003,Executor0,4399003
1783116623584,nx-q0-nexmark-autoscaler-rerun-20260626-214353,12854473,Executor0,12854473
1783116623641,nx-q0-nexmark-auto-170510,4381500,Executor0,4381500
1783116623925,nx-q6-nexmark-sponge-q0-20260701-180117,4399003,Executor0,4399003
1783116624584,nx-q0-nexmark-autoscaler-rerun-20260626-214353,12854473,Executor0,12854473
1783116624641,nx-q0-nexmark-auto-170510,4433000,Executor0,4433000
1783116624925,nx-q6-nexmark-sponge-q0-20260701-180117,4399003,Executor0,4399003
1783116625584,nx-q0-nexmark-autoscaler-rerun-20260626-214353,12854473,Executor0,12854473
1783116625641,nx-q0-nexmark-auto-170510,4484500,Executor0,4484500
1783116625925,nx-q6-nexmark-sponge-q0-20260701-180117,4399003,Executor0,4399003
1783116626584,nx-q0-nexmark-autoscaler-rerun-20260626-214353,12854473,Executor0,12854473
1783116626641,nx-q0-nexmark-auto-170510,4533000,Executor0,4533000
1783116626925,nx-q6-nexmark-sponge-q0-20260701-180117,4399003,Executor0,4399003
1783116627584,nx-q0-nexmark-autoscaler-rerun-20260626-214353,12854473,Executor0,12854473
1783116627641,nx-q0-nexmark-auto-170510,4584044,Executor0,4584044
1783116627925,nx-q6-nexmark-sponge-q0-20260701-180117,4399003,Executor0,4399003
1783116628584,nx-q0-nexmark-autoscaler-rerun-20260626-214353,12854473,Executor0,12854473
1783116628641,nx-q0-nexmark-auto-170510,4631500,Executor0,4631500
1783116628925,nx-q6-nexmark-sponge-q0-20260701-180117,4399003,Executor0,4399003
1783116629584,nx-q0-nexmark-autoscaler-rerun-20260626-214353,12854473,Executor0,12854473
1783116629641,nx-q0-nexmark-auto-170510,4684500,Executor0,4684500
1783116629925,nx-q6-nexmark-sponge-q0-20260701-180117,4399003,Executor0,4399003
1783116630584,nx-q0-nexmark-autoscaler-rerun-20260626-214353,12854473,Executor0,12854473
1783116630641,nx-q0-nexmark-auto-170510,4736000,Executor0,4736000
1783116630925,nx-q6-nexmark-sponge-q0-20260701-180117,4399003,Executor0,4399003
1783116631584,nx-q0-nexmark-autoscaler-rerun-20260626-214353,12854473,Executor0,12854473
1783116631641,nx-q0-nexmark-auto-170510,4784500,Executor0,4784500
1783116631925,nx-q6-nexmark-sponge-q0-20260701-180117,4399003,Executor0,4399003
1783116632584,nx-q0-nexmark-autoscaler-rerun-20260626-214353,12854473,Executor0,12854473
1783116632641,nx-q0-nexmark-auto-170510,4833000,Executor0,4833000
1783116632925,nx-q6-nexmark-sponge-q0-20260701-180117,4399003,Executor0,4399003
1783116633584,nx-q0-nexmark-autoscaler-rerun-20260626-214353,12854473,Executor0,12854473
1783116633641,nx-q0-nexmark-auto-170510,4881500,Executor0,4881500
1783116633925,nx-q6-nexmark-sponge-q0-20260701-180117,4399003,Executor0,4399003
1783116634584,nx-q0-nexmark-autoscaler-rerun-20260626-214353,12854473,Executor0,12854473
1783116634641,nx-q0-nexmark-auto-170510,4934500,Executor0,4934500
1783116634925,nx-q6-nexmark-sponge-q0-20260701-180117,4399003,Executor0,4399003
1783116635584,nx-q0-nexmark-autoscaler-rerun-20260626-214353,12854473,Executor0,12854473
1783116635641,nx-q0-nexmark-auto-170510,4983000,Executor0,4983000
1783116635925,nx-q6-nexmark-sponge-q0-20260701-180117,4399003,Executor0,4399003
1783116636584,nx-q0-nexmark-autoscaler-rerun-20260626-214353,12854473,Executor0,12854473
1783116636641,nx-q0-nexmark-auto-170510,5033000,Executor0,5033000
1783116636925,nx-q6-nexmark-sponge-q0-20260701-180117,4399003,Executor0,4399003
1783116637584,nx-q0-nexmark-autoscaler-rerun-20260626-214353,12854473,Executor0,12854473
1783116637641,nx-q0-nexmark-auto-170510,5083000,Executor0,5083000
1783116637925,nx-q6-nexmark-sponge-q0-20260701-180117,4399003,Executor0,4399003
1783116638584,nx-q0-nexmark-autoscaler-rerun-20260626-214353,12854473,Executor0,12854473
1783116638641,nx-q0-nexmark-auto-170510,5131500,Executor0,5131500
1783116638925,nx-q6-nexmark-sponge-q0-20260701-180117,4399003,Executor0,4399003
1783116639584,nx-q0-nexmark-autoscaler-rerun-20260626-214353,12854473,Executor0,12854473
1783116639641,nx-q0-nexmark-auto-170510,5186000,Executor0,5186000
1783116639925,nx-q6-nexmark-sponge-q0-20260701-180117,4399003,Executor0,4399003
1783116640584,nx-q0-nexmark-autoscaler-rerun-20260626-214353,12854473,Executor0,12854473
1783116640641,nx-q0-nexmark-auto-170510,5234500,Executor0,5234500
1783116640925,nx-q6-nexmark-sponge-q0-20260701-180117,4399003,Executor0,4399003
1783116641584,nx-q0-nexmark-autoscaler-rerun-20260626-214353,12854473,Executor0,12854473
1783116641641,nx-q0-nexmark-auto-170510,5284500,Executor0,5284500
1783116641925,nx-q6-nexmark-sponge-q0-20260701-180117,4399003,Executor0,4399003
1783116642584,nx-q0-nexmark-autoscaler-rerun-20260626-214353,12854473,Executor0,12854473
1783116642641,nx-q0-nexmark-auto-170510,5334500,Executor0,5334500
1783116642925,nx-q6-nexmark-sponge-q0-20260701-180117,4399003,Executor0,4399003
1783116643584,nx-q0-nexmark-autoscaler-rerun-20260626-214353,12854473,Executor0,12854473
1783116643641,nx-q0-nexmark-auto-170510,5384500,Executor0,5384500
1783116643925,nx-q6-nexmark-sponge-q0-20260701-180117,4399003,Executor0,4399003
1783116644584,nx-q0-nexmark-autoscaler-rerun-20260626-214353,12854473,Executor0,12854473
1783116644641,nx-q0-nexmark-auto-170510,5433000,Executor0,5433000
1783116644925,nx-q6-nexmark-sponge-q0-20260701-180117,4399003,Executor0,4399003
1783116645584,nx-q0-nexmark-autoscaler-rerun-20260626-214353,12854473,Executor0,12854473
1783116645641,nx-q0-nexmark-auto-170510,5483000,Executor0,5483000
1783116645925,nx-q6-nexmark-sponge-q0-20260701-180117,4399003,Executor0,4399003
1783116646584,nx-q0-nexmark-autoscaler-rerun-20260626-214353,12854473,Executor0,12854473
1783116646641,nx-q0-nexmark-auto-170510,5534500,Executor0,5534500
1783116646925,nx-q6-nexmark-sponge-q0-20260701-180117,4399003,Executor0,4399003
1783116647584,nx-q0-nexmark-autoscaler-rerun-20260626-214353,12854473,Executor0,12854473
1783116647641,nx-q0-nexmark-auto-170510,5583000,Executor0,5583000
1783116647925,nx-q6-nexmark-sponge-q0-20260701-180117,4399003,Executor0,4399003
1783116648584,nx-q0-nexmark-autoscaler-rerun-20260626-214353,12854473,Executor0,12854473
1783116648641,nx-q0-nexmark-auto-170510,5636000,Executor0,5636000
1783116648925,nx-q6-nexmark-sponge-q0-20260701-180117,4399003,Executor0,4399003
1783116649584,nx-q0-nexmark-autoscaler-rerun-20260626-214353,12854473,Executor0,12854473
1783116649641,nx-q0-nexmark-auto-170510,5681500,Executor0,5681500
1783116649925,nx-q6-nexmark-sponge-q0-20260701-180117,4399003,Executor0,4399003
1783116650584,nx-q0-nexmark-autoscaler-rerun-20260626-214353,12854473,Executor0,12854473
1783116650641,nx-q0-nexmark-auto-170510,5731500,Executor0,5731500
1783116650925,nx-q6-nexmark-sponge-q0-20260701-180117,4399003,Executor0,4399003
1783116651584,nx-q0-nexmark-autoscaler-rerun-20260626-214353,12854473,Executor0,12854473
1783116651641,nx-q0-nexmark-auto-170510,5786000,Executor0,5786000
1783116651925,nx-q6-nexmark-sponge-q0-20260701-180117,4399003,Executor0,4399003
1783116652584,nx-q0-nexmark-autoscaler-rerun-20260626-214353,12854473,Executor0,12854473
1783116652641,nx-q0-nexmark-auto-170510,5834500,Executor0,5834500
1783116652925,nx-q6-nexmark-sponge-q0-20260701-180117,4399003,Executor0,4399003
1783116653584,nx-q0-nexmark-autoscaler-rerun-20260626-214353,12854473,Executor0,12854473
1783116653641,nx-q0-nexmark-auto-170510,5884500,Executor0,5884500
1783116653925,nx-q6-nexmark-sponge-q0-20260701-180117,4399003,Executor0,4399003
1783116654584,nx-q0-nexmark-autoscaler-rerun-20260626-214353,12854473,Executor0,12854473
1783116654641,nx-q0-nexmark-auto-170510,5933000,Executor0,5933000
1783116654925,nx-q6-nexmark-sponge-q0-20260701-180117,4399003,Executor0,4399003
1783116655584,nx-q0-nexmark-autoscaler-rerun-20260626-214353,12854473,Executor0,12854473
1783116655641,nx-q0-nexmark-auto-170510,5983000,Executor0,5983000
1783116655925,nx-q6-nexmark-sponge-q0-20260701-180117,4399003,Executor0,4399003
1783116656584,nx-q0-nexmark-autoscaler-rerun-20260626-214353,12854473,Executor0,12854473
1783116656641,nx-q0-nexmark-auto-170510,6034500,Executor0,6034500
1783116656925,nx-q6-nexmark-sponge-q0-20260701-180117,4399003,Executor0,4399003
1783116657584,nx-q0-nexmark-autoscaler-rerun-20260626-214353,12854473,Executor0,12854473
1783116657641,nx-q0-nexmark-auto-170510,6200000,Executor0,6200000
1783116657925,nx-q6-nexmark-sponge-q0-20260701-180117,4399003,Executor0,4399003
1783116658584,nx-q0-nexmark-autoscaler-rerun-20260626-214353,12854473,Executor0,12854473
1783116658641,nx-q0-nexmark-auto-170510,6300000,Executor0,6300000
1783116658925,nx-q6-nexmark-sponge-q0-20260701-180117,4399003,Executor0,4399003
1783116659584,nx-q0-nexmark-autoscaler-rerun-20260626-214353,12854473,Executor0,12854473
1783116659641,nx-q0-nexmark-auto-170510,6400000,Executor0,6400000
1783116659925,nx-q6-nexmark-sponge-q0-20260701-180117,4399003,Executor0,4399003
1783116660584,nx-q0-nexmark-autoscaler-rerun-20260626-214353,12854473,Executor0,12854473
1783116660641,nx-q0-nexmark-auto-170510,6406323,Executor0,6406323
1783116660925,nx-q6-nexmark-sponge-q0-20260701-180117,4399003,Executor0,4399003
1783116661584,nx-q0-nexmark-autoscaler-rerun-20260626-214353,12854473,Executor0,12854473
1783116661641,nx-q0-nexmark-auto-170510,6600000,Executor0,6600000
1783116661925,nx-q6-nexmark-sponge-q0-20260701-180117,4399003,Executor0,4399003
1783116662584,nx-q0-nexmark-autoscaler-rerun-20260626-214353,12854473,Executor0,12854473
1783116662641,nx-q0-nexmark-auto-170510,6700000,Executor0,6700000
1783116662925,nx-q6-nexmark-sponge-q0-20260701-180117,4399003,Executor0,4399003
1783116663584,nx-q0-nexmark-autoscaler-rerun-20260626-214353,12854473,Executor0,12854473
1783116663641,nx-q0-nexmark-auto-170510,6800000,Executor0,6800000
1783116663925,nx-q6-nexmark-sponge-q0-20260701-180117,4399003,Executor0,4399003
1783116664584,nx-q0-nexmark-autoscaler-rerun-20260626-214353,12854473,Executor0,12854473
1783116664641,nx-q0-nexmark-auto-170510,6860531,Executor0,6860531
1783116664925,nx-q6-nexmark-sponge-q0-20260701-180117,4399003,Executor0,4399003
1783116665584,nx-q0-nexmark-autoscaler-rerun-20260626-214353,12854473,Executor0,12854473
1783116665641,nx-q0-nexmark-auto-170510,6965336,Executor0,6965336
1783116665925,nx-q6-nexmark-sponge-q0-20260701-180117,4399003,Executor0,4399003
1783116666584,nx-q0-nexmark-autoscaler-rerun-20260626-214353,12854473,Executor0,12854473
1783116666641,nx-q0-nexmark-auto-170510,7067975,Executor0,7067975
1783116666925,nx-q6-nexmark-sponge-q0-20260701-180117,4399003,Executor0,4399003
1783116667584,nx-q0-nexmark-autoscaler-rerun-20260626-214353,12854473,Executor0,12854473
1783116667641,nx-q0-nexmark-auto-170510,7168418,Executor0,7168418
1783116667925,nx-q6-nexmark-sponge-q0-20260701-180117,4399003,Executor0,4399003
1783116668584,nx-q0-nexmark-autoscaler-rerun-20260626-214353,12854473,Executor0,12854473
1783116668641,nx-q0-nexmark-auto-170510,7271169,Executor0,7271169
1783116668925,nx-q6-nexmark-sponge-q0-20260701-180117,4399003,Executor0,4399003
1783116669584,nx-q0-nexmark-autoscaler-rerun-20260626-214353,12854473,Executor0,12854473
1783116669641,nx-q0-nexmark-auto-170510,7365548,Executor0,7365548
1783116669925,nx-q6-nexmark-sponge-q0-20260701-180117,4399003,Executor0,4399003
1783116670584,nx-q0-nexmark-autoscaler-rerun-20260626-214353,12854473,Executor0,12854473
1783116670641,nx-q0-nexmark-auto-170510,7460000,Executor0,7460000
1783116670925,nx-q6-nexmark-sponge-q0-20260701-180117,4399003,Executor0,4399003
1783116671584,nx-q0-nexmark-autoscaler-rerun-20260626-214353,12854473,Executor0,12854473
1783116671641,nx-q0-nexmark-auto-170510,7570119,Executor0,7570119
1783116671925,nx-q6-nexmark-sponge-q0-20260701-180117,4399003,Executor0,4399003
1783116672584,nx-q0-nexmark-autoscaler-rerun-20260626-214353,12854473,Executor0,12854473
1783116672641,nx-q0-nexmark-auto-170510,7667726,Executor0,7667726
1783116672925,nx-q6-nexmark-sponge-q0-20260701-180117,4399003,Executor0,4399003
1783116673584,nx-q0-nexmark-autoscaler-rerun-20260626-214353,12854473,Executor0,12854473
1783116673641,nx-q0-nexmark-auto-170510,7765098,Executor0,7765098
1783116673925,nx-q6-nexmark-sponge-q0-20260701-180117,4399003,Executor0,4399003
1783116674584,nx-q0-nexmark-autoscaler-rerun-20260626-214353,12854473,Executor0,12854473
1783116674641,nx-q0-nexmark-auto-170510,7864526,Executor0,7864526
1783116674925,nx-q6-nexmark-sponge-q0-20260701-180117,4399003,Executor0,4399003
1783116675584,nx-q0-nexmark-autoscaler-rerun-20260626-214353,12854473,Executor0,12854473
1783116675641,nx-q0-nexmark-auto-170510,7969043,Executor0,7969043
1783116675925,nx-q6-nexmark-sponge-q0-20260701-180117,4399003,Executor0,4399003
1783116676584,nx-q0-nexmark-autoscaler-rerun-20260626-214353,12854473,Executor0,12854473
1783116676641,nx-q0-nexmark-auto-170510,8069000,Executor0,8069000
1783116676925,nx-q6-nexmark-sponge-q0-20260701-180117,4399003,Executor0,4399003
1783116677584,nx-q0-nexmark-autoscaler-rerun-20260626-214353,12854473,Executor0,12854473
1783116677641,nx-q0-nexmark-auto-170510,8162069,Executor0,8162069
1783116677925,nx-q6-nexmark-sponge-q0-20260701-180117,4399003,Executor0,4399003
1783116678584,nx-q0-nexmark-autoscaler-rerun-20260626-214353,12854473,Executor0,12854473
1783116678641,nx-q0-nexmark-auto-170510,8266000,Executor0,8266000
1783116678925,nx-q6-nexmark-sponge-q0-20260701-180117,4399003,Executor0,4399003
1783116679584,nx-q0-nexmark-autoscaler-rerun-20260626-214353,12854473,Executor0,12854473
1783116679641,nx-q0-nexmark-auto-170510,8365819,Executor0,8365819
1783116679925,nx-q6-nexmark-sponge-q0-20260701-180117,4399003,Executor0,4399003
1783116680584,nx-q0-nexmark-autoscaler-rerun-20260626-214353,12854473,Executor0,12854473
1783116680641,nx-q0-nexmark-auto-170510,8463694,Executor0,8463694
1783116680925,nx-q6-nexmark-sponge-q0-20260701-180117,4399003,Executor0,4399003
1783116681584,nx-q0-nexmark-autoscaler-rerun-20260626-214353,12854473,Executor0,12854473
1783116681641,nx-q0-nexmark-auto-170510,8571746,Executor0,8571746
1783116681925,nx-q6-nexmark-sponge-q0-20260701-180117,4399003,Executor0,4399003
1783116682584,nx-q0-nexmark-autoscaler-rerun-20260626-214353,12854473,Executor0,12854473
1783116682641,nx-q0-nexmark-auto-170510,8666000,Executor0,8666000
1783116682925,nx-q6-nexmark-sponge-q0-20260701-180117,4399003,Executor0,4399003
1783116683584,nx-q0-nexmark-autoscaler-rerun-20260626-214353,12854473,Executor0,12854473
1783116683641,nx-q0-nexmark-auto-170510,8768404,Executor0,8768404
1783116683925,nx-q6-nexmark-sponge-q0-20260701-180117,4399003,Executor0,4399003
1783116684584,nx-q0-nexmark-autoscaler-rerun-20260626-214353,12854473,Executor0,12854473
1783116684641,nx-q0-nexmark-auto-170510,8868613,Executor0,8868613
1783116684925,nx-q6-nexmark-sponge-q0-20260701-180117,4399003,Executor0,4399003
1783116685584,nx-q0-nexmark-autoscaler-rerun-20260626-214353,12854473,Executor0,12854473
1783116685641,nx-q0-nexmark-auto-170510,8966000,Executor0,8966000
1783116685925,nx-q6-nexmark-sponge-q0-20260701-180117,4399003,Executor0,4399003
1783116686584,nx-q0-nexmark-autoscaler-rerun-20260626-214353,12854473,Executor0,12854473
1783116686641,nx-q0-nexmark-auto-170510,9068982,Executor0,9068982
1783116686925,nx-q6-nexmark-sponge-q0-20260701-180117,4399003,Executor0,4399003
1783116687584,nx-q0-nexmark-autoscaler-rerun-20260626-214353,12854473,Executor0,12854473
1783116687641,nx-q0-nexmark-auto-170510,9168080,Executor0,9168080
1783116687925,nx-q6-nexmark-sponge-q0-20260701-180117,4399003,Executor0,4399003
1783116688584,nx-q0-nexmark-autoscaler-rerun-20260626-214353,12854473,Executor0,12854473
1783116688641,nx-q0-nexmark-auto-170510,9263000,Executor0,9263000
1783116688925,nx-q6-nexmark-sponge-q0-20260701-180117,4399003,Executor0,4399003
1783116689584,nx-q0-nexmark-autoscaler-rerun-20260626-214353,12854473,Executor0,12854473
1783116689641,nx-q0-nexmark-auto-170510,9369392,Executor0,9369392
1783116689925,nx-q6-nexmark-sponge-q0-20260701-180117,4399003,Executor0,4399003
1783116690584,nx-q0-nexmark-autoscaler-rerun-20260626-214353,12854473,Executor0,12854473
1783116690641,nx-q0-nexmark-auto-170510,9464554,Executor0,9464554
1783116690925,nx-q6-nexmark-sponge-q0-20260701-180117,4399003,Executor0,4399003
1783116691584,nx-q0-nexmark-autoscaler-rerun-20260626-214353,12854473,Executor0,12854473
1783116691641,nx-q0-nexmark-auto-170510,9569612,Executor0,9569612
1783116691925,nx-q6-nexmark-sponge-q0-20260701-180117,4399003,Executor0,4399003
1783116692584,nx-q0-nexmark-autoscaler-rerun-20260626-214353,12854473,Executor0,12854473
1783116692641,nx-q0-nexmark-auto-170510,9662690,Executor0,9662690
1783116692925,nx-q6-nexmark-sponge-q0-20260701-180117,4399003,Executor0,4399003
1783116693584,nx-q0-nexmark-autoscaler-rerun-20260626-214353,12854473,Executor0,12854473
1783116693641,nx-q0-nexmark-auto-170510,9771170,Executor0,9771170
1783116693925,nx-q6-nexmark-sponge-q0-20260701-180117,4399003,Executor0,4399003
1783116694584,nx-q0-nexmark-autoscaler-rerun-20260626-214353,12854473,Executor0,12854473
1783116694641,nx-q0-nexmark-auto-170510,9864535,Executor0,9864535
1783116694925,nx-q6-nexmark-sponge-q0-20260701-180117,4399003,Executor0,4399003
1783116695584,nx-q0-nexmark-autoscaler-rerun-20260626-214353,12854473,Executor0,12854473
1783116695641,nx-q0-nexmark-auto-170510,9964883,Executor0,9964883
1783116695925,nx-q6-nexmark-sponge-q0-20260701-180117,4399003,Executor0,4399003
1783116696584,nx-q0-nexmark-autoscaler-rerun-20260626-214353,12854473,Executor0,12854473
1783116696641,nx-q0-nexmark-auto-170510,10065636,Executor0,10065636
1783116696925,nx-q6-nexmark-sponge-q0-20260701-180117,4399003,Executor0,4399003
1783116697584,nx-q0-nexmark-autoscaler-rerun-20260626-214353,12854473,Executor0,12854473
1783116697641,nx-q0-nexmark-auto-170510,10169000,Executor0,10169000
1783116697925,nx-q6-nexmark-sponge-q0-20260701-180117,4399003,Executor0,4399003
1783116698584,nx-q0-nexmark-autoscaler-rerun-20260626-214353,12854473,Executor0,12854473
1783116698641,nx-q0-nexmark-auto-170510,10264610,Executor0,10264610
1783116698925,nx-q6-nexmark-sponge-q0-20260701-180117,4399003,Executor0,4399003
1783116699584,nx-q0-nexmark-autoscaler-rerun-20260626-214353,12854473,Executor0,12854473
1783116699641,nx-q0-nexmark-auto-170510,10368401,Executor0,10368401
1783116699925,nx-q6-nexmark-sponge-q0-20260701-180117,4399003,Executor0,4399003
1783116700584,nx-q0-nexmark-autoscaler-rerun-20260626-214353,12854473,Executor0,12854473
1783116700641,nx-q0-nexmark-auto-170510,10465734,Executor0,10465734
1783116700925,nx-q6-nexmark-sponge-q0-20260701-180117,4399003,Executor0,4399003
1783116701584,nx-q0-nexmark-autoscaler-rerun-20260626-214353,12854473,Executor0,12854473
1783116701641,nx-q0-nexmark-auto-170510,10568230,Executor0,10568230
1783116701925,nx-q6-nexmark-sponge-q0-20260701-180117,4399003,Executor0,4399003
1783116702584,nx-q0-nexmark-autoscaler-rerun-20260626-214353,12854473,Executor0,12854473
1783116702641,nx-q0-nexmark-auto-170510,10670313,Executor0,10670313
1783116702925,nx-q6-nexmark-sponge-q0-20260701-180117,4399003,Executor0,4399003
1783116703584,nx-q0-nexmark-autoscaler-rerun-20260626-214353,12854473,Executor0,12854473
1783116703641,nx-q0-nexmark-auto-170510,10767269,Executor0,10767269
1783116703925,nx-q6-nexmark-sponge-q0-20260701-180117,4399003,Executor0,4399003
1783116704584,nx-q0-nexmark-autoscaler-rerun-20260626-214353,12854473,Executor0,12854473
1783116704641,nx-q0-nexmark-auto-170510,10867374,Executor0,10867374
1783116704925,nx-q6-nexmark-sponge-q0-20260701-180117,4399003,Executor0,4399003
1783116705584,nx-q0-nexmark-autoscaler-rerun-20260626-214353,12854473,Executor0,12854473
1783116705641,nx-q0-nexmark-auto-170510,10969603,Executor0,10969603
1783116705925,nx-q6-nexmark-sponge-q0-20260701-180117,4399003,Executor0,4399003
1783116706584,nx-q0-nexmark-autoscaler-rerun-20260626-214353,12854473,Executor0,12854473
1783116706641,nx-q0-nexmark-auto-170510,11064423,Executor0,11064423
1783116706925,nx-q6-nexmark-sponge-q0-20260701-180117,4399003,Executor0,4399003
1783116707584,nx-q0-nexmark-autoscaler-rerun-20260626-214353,12854473,Executor0,12854473
1783116707641,nx-q0-nexmark-auto-170510,11170930,Executor0,11170930
1783116707925,nx-q6-nexmark-sponge-q0-20260701-180117,4399003,Executor0,4399003
1783116708584,nx-q0-nexmark-autoscaler-rerun-20260626-214353,12854473,Executor0,12854473
1783116708641,nx-q0-nexmark-auto-170510,11266533,Executor0,11266533
1783116708925,nx-q6-nexmark-sponge-q0-20260701-180117,4399003,Executor0,4399003
1783116709584,nx-q0-nexmark-autoscaler-rerun-20260626-214353,12854473,Executor0,12854473
1783116709641,nx-q0-nexmark-auto-170510,11364142,Executor0,11364142
1783116709925,nx-q6-nexmark-sponge-q0-20260701-180117,4399003,Executor0,4399003
1783116710584,nx-q0-nexmark-autoscaler-rerun-20260626-214353,12854473,Executor0,12854473
1783116710641,nx-q0-nexmark-auto-170510,11469714,Executor0,11469714
1783116710925,nx-q6-nexmark-sponge-q0-20260701-180117,4399003,Executor0,4399003
1783116711584,nx-q0-nexmark-autoscaler-rerun-20260626-214353,12854473,Executor0,12854473
1783116711641,nx-q0-nexmark-auto-170510,11560000,Executor0,11560000
1783116711925,nx-q6-nexmark-sponge-q0-20260701-180117,4399003,Executor0,4399003
1783116712584,nx-q0-nexmark-autoscaler-rerun-20260626-214353,12854473,Executor0,12854473
1783116712641,nx-q0-nexmark-auto-170510,11671146,Executor0,11671146
1783116712925,nx-q6-nexmark-sponge-q0-20260701-180117,4399003,Executor0,4399003
1783116713584,nx-q0-nexmark-autoscaler-rerun-20260626-214353,12854473,Executor0,12854473
1783116713641,nx-q0-nexmark-auto-170510,11761962,Executor0,11761962
1783116713925,nx-q6-nexmark-sponge-q0-20260701-180117,4399003,Executor0,4399003
1783116714584,nx-q0-nexmark-autoscaler-rerun-20260626-214353,12854473,Executor0,12854473
1783116714641,nx-q0-nexmark-auto-170510,11864213,Executor0,11864213
1783116714925,nx-q6-nexmark-sponge-q0-20260701-180117,4399003,Executor0,4399003
1783116715584,nx-q0-nexmark-autoscaler-rerun-20260626-214353,12854473,Executor0,12854473
1783116715641,nx-q0-nexmark-auto-170510,11963727,Executor0,11963727
1783116715925,nx-q6-nexmark-sponge-q0-20260701-180117,4399003,Executor0,4399003
1783116716584,nx-q0-nexmark-autoscaler-rerun-20260626-214353,12854473,Executor0,12854473
1783116716641,nx-q0-nexmark-auto-170510,12066946,Executor0,12066946
1783116716925,nx-q6-nexmark-sponge-q0-20260701-180117,4399003,Executor0,4399003
1783116717584,nx-q0-nexmark-autoscaler-rerun-20260626-214353,12854473,Executor0,12854473
1783116717641,nx-q0-nexmark-auto-170510,12171481,Executor0,12171481
1783116717925,nx-q6-nexmark-sponge-q0-20260701-180117,4399003,Executor0,4399003
1783116718584,nx-q0-nexmark-autoscaler-rerun-20260626-214353,12854473,Executor0,12854473
1783116718641,nx-q0-nexmark-auto-170510,12261842,Executor0,12261842
1783116718925,nx-q6-nexmark-sponge-q0-20260701-180117,4399003,Executor0,4399003
1783116719584,nx-q0-nexmark-autoscaler-rerun-20260626-214353,12854473,Executor0,12854473
1783116719641,nx-q0-nexmark-auto-170510,12365170,Executor0,12365170
1783116719925,nx-q6-nexmark-sponge-q0-20260701-180117,4399003,Executor0,4399003
1783116720584,nx-q0-nexmark-autoscaler-rerun-20260626-214353,12854473,Executor0,12854473
1783116720641,nx-q0-nexmark-auto-170510,12462300,Executor0,12462300
1783116720925,nx-q6-nexmark-sponge-q0-20260701-180117,4399003,Executor0,4399003
1783116721584,nx-q0-nexmark-autoscaler-rerun-20260626-214353,12854473,Executor0,12854473
1783116721641,nx-q0-nexmark-auto-170510,12566967,Executor0,12566967
1783116721925,nx-q6-nexmark-sponge-q0-20260701-180117,4399003,Executor0,4399003
1783116722584,nx-q0-nexmark-autoscaler-rerun-20260626-214353,12854473,Executor0,12854473
1783116722641,nx-q0-nexmark-auto-170510,12664667,Executor0,12664667
1783116722925,nx-q6-nexmark-sponge-q0-20260701-180117,4399003,Executor0,4399003
1783116723584,nx-q0-nexmark-autoscaler-rerun-20260626-214353,12854473,Executor0,12854473
1783116723641,nx-q0-nexmark-auto-170510,12767001,Executor0,12767001
1783116723925,nx-q6-nexmark-sponge-q0-20260701-180117,4399003,Executor0,4399003
1783116724584,nx-q0-nexmark-autoscaler-rerun-20260626-214353,12854473,Executor0,12854473
1783116724641,nx-q0-nexmark-auto-170510,12864805,Executor0,12864805
1783116724925,nx-q6-nexmark-sponge-q0-20260701-180117,4399003,Executor0,4399003
1783116725584,nx-q0-nexmark-autoscaler-rerun-20260626-214353,12854473,Executor0,12854473
1783116725641,nx-q0-nexmark-auto-170510,12963000,Executor0,12963000
1783116725925,nx-q6-nexmark-sponge-q0-20260701-180117,4399003,Executor0,4399003
1783116726584,nx-q0-nexmark-autoscaler-rerun-20260626-214353,12854473,Executor0,12854473
1783116726641,nx-q0-nexmark-auto-170510,13069147,Executor0,13069147
1783116726925,nx-q6-nexmark-sponge-q0-20260701-180117,4399003,Executor0,4399003
1783116727584,nx-q0-nexmark-autoscaler-rerun-20260626-214353,12854473,Executor0,12854473
1783116727641,nx-q0-nexmark-auto-170510,13163000,Executor0,13163000
1783116727925,nx-q6-nexmark-sponge-q0-20260701-180117,4399003,Executor0,4399003
1783116728584,nx-q0-nexmark-autoscaler-rerun-20260626-214353,12854473,Executor0,12854473
1783116728641,nx-q0-nexmark-auto-170510,13270245,Executor0,13270245
1783116728925,nx-q6-nexmark-sponge-q0-20260701-180117,4399003,Executor0,4399003
1783116729584,nx-q0-nexmark-autoscaler-rerun-20260626-214353,12854473,Executor0,12854473
1783116729641,nx-q0-nexmark-auto-170510,13364280,Executor0,13364280
1783116729925,nx-q6-nexmark-sponge-q0-20260701-180117,4399003,Executor0,4399003
1783116730584,nx-q0-nexmark-autoscaler-rerun-20260626-214353,12854473,Executor0,12854473
1783116730641,nx-q0-nexmark-auto-170510,13467683,Executor0,13467683
1783116730925,nx-q6-nexmark-sponge-q0-20260701-180117,4399003,Executor0,4399003
1783116731584,nx-q0-nexmark-autoscaler-rerun-20260626-214353,12854473,Executor0,12854473
1783116731641,nx-q0-nexmark-auto-170510,13567092,Executor0,13567092
1783116731925,nx-q6-nexmark-sponge-q0-20260701-180117,4399003,Executor0,4399003
1783116732584,nx-q0-nexmark-autoscaler-rerun-20260626-214353,12854473,Executor0,12854473
1783116732641,nx-q0-nexmark-auto-170510,13663000,Executor0,13663000
1783116732925,nx-q6-nexmark-sponge-q0-20260701-180117,4399003,Executor0,4399003
1783116733584,nx-q0-nexmark-autoscaler-rerun-20260626-214353,12854473,Executor0,12854473
1783116733641,nx-q0-nexmark-auto-170510,13767406,Executor0,13767406
1783116733925,nx-q6-nexmark-sponge-q0-20260701-180117,4399003,Executor0,4399003
1783116734584,nx-q0-nexmark-autoscaler-rerun-20260626-214353,12854473,Executor0,12854473
1783116734641,nx-q0-nexmark-auto-170510,13866000,Executor0,13866000
1783116734925,nx-q6-nexmark-sponge-q0-20260701-180117,4399003,Executor0,4399003
1783116735584,nx-q0-nexmark-autoscaler-rerun-20260626-214353,12854473,Executor0,12854473
1783116735641,nx-q0-nexmark-auto-170510,13966795,Executor0,13966795
1783116735925,nx-q6-nexmark-sponge-q0-20260701-180117,4399003,Executor0,4399003
1783116736584,nx-q0-nexmark-autoscaler-rerun-20260626-214353,12854473,Executor0,12854473
1783116736641,nx-q0-nexmark-auto-170510,14063051,Executor0,14063051
1783116736925,nx-q6-nexmark-sponge-q0-20260701-180117,4399003,Executor0,4399003
1783116737584,nx-q0-nexmark-autoscaler-rerun-20260626-214353,12854473,Executor0,12854473
1783116737641,nx-q0-nexmark-auto-170510,14166851,Executor0,14166851
1783116737925,nx-q6-nexmark-sponge-q0-20260701-180117,4399003,Executor0,4399003
1783116738584,nx-q0-nexmark-autoscaler-rerun-20260626-214353,12854473,Executor0,12854473
1783116738641,nx-q0-nexmark-auto-170510,14266000,Executor0,14266000
1783116738925,nx-q6-nexmark-sponge-q0-20260701-180117,4399003,Executor0,4399003
1783116739584,nx-q0-nexmark-autoscaler-rerun-20260626-214353,12854473,Executor0,12854473
1783116739641,nx-q0-nexmark-auto-170510,14366187,Executor0,14366187
1783116739925,nx-q6-nexmark-sponge-q0-20260701-180117,4399003,Executor0,4399003
1783116740584,nx-q0-nexmark-autoscaler-rerun-20260626-214353,12854473,Executor0,12854473
1783116740641,nx-q0-nexmark-auto-170510,14463000,Executor0,14463000
1783116740925,nx-q6-nexmark-sponge-q0-20260701-180117,4399003,Executor0,4399003
1783116741584,nx-q0-nexmark-autoscaler-rerun-20260626-214353,12854473,Executor0,12854473
1783116741641,nx-q0-nexmark-auto-170510,14568130,Executor0,14568130
1783116741925,nx-q6-nexmark-sponge-q0-20260701-180117,4399003,Executor0,4399003
1783116742584,nx-q0-nexmark-autoscaler-rerun-20260626-214353,12854473,Executor0,12854473
1783116742641,nx-q0-nexmark-auto-170510,14664079,Executor0,14664079
1783116742925,nx-q6-nexmark-sponge-q0-20260701-180117,4399003,Executor0,4399003
1783116743584,nx-q0-nexmark-autoscaler-rerun-20260626-214353,12854473,Executor0,12854473
1783116743641,nx-q0-nexmark-auto-170510,14768054,Executor0,14768054
1783116743925,nx-q6-nexmark-sponge-q0-20260701-180117,4399003,Executor0,4399003
1783116744584,nx-q0-nexmark-autoscaler-rerun-20260626-214353,12854473,Executor0,12854473
1783116744641,nx-q0-nexmark-auto-170510,14862853,Executor0,14862853
1783116744925,nx-q6-nexmark-sponge-q0-20260701-180117,4399003,Executor0,4399003
1783116745584,nx-q0-nexmark-autoscaler-rerun-20260626-214353,12854473,Executor0,12854473
1783116745663,nx-q0-nexmark-auto-170510,14965147,Executor0,14965147
1783116745925,nx-q6-nexmark-sponge-q0-20260701-180117,4399003,Executor0,4399003
1783116746584,nx-q0-nexmark-autoscaler-rerun-20260626-214353,12854473,Executor0,12854473
1783116746641,nx-q0-nexmark-auto-170510,15071232,Executor0,15071232
1783116746925,nx-q6-nexmark-sponge-q0-20260701-180117,4399003,Executor0,4399003
1783116747584,nx-q0-nexmark-autoscaler-rerun-20260626-214353,12854473,Executor0,12854473
1783116747641,nx-q0-nexmark-auto-170510,15168146,Executor0,15168146
1783116747925,nx-q6-nexmark-sponge-q0-20260701-180117,4399003,Executor0,4399003
1783116748584,nx-q0-nexmark-autoscaler-rerun-20260626-214353,12854473,Executor0,12854473
1783116748641,nx-q0-nexmark-auto-170510,15263957,Executor0,15263957
1783116748925,nx-q6-nexmark-sponge-q0-20260701-180117,4399003,Executor0,4399003
1783116749584,nx-q0-nexmark-autoscaler-rerun-20260626-214353,12854473,Executor0,12854473
1783116749641,nx-q0-nexmark-auto-170510,15363973,Executor0,15363973
1783116749925,nx-q6-nexmark-sponge-q0-20260701-180117,4399003,Executor0,4399003
1783116750584,nx-q0-nexmark-autoscaler-rerun-20260626-214353,12854473,Executor0,12854473
1783116750641,nx-q0-nexmark-auto-170510,15467228,Executor0,15467228
1783116750925,nx-q6-nexmark-sponge-q0-20260701-180117,4399003,Executor0,4399003
1783116751584,nx-q0-nexmark-autoscaler-rerun-20260626-214353,12854473,Executor0,12854473
1783116751641,nx-q0-nexmark-auto-170510,15565129,Executor0,15565129
1783116751925,nx-q6-nexmark-sponge-q0-20260701-180117,4399003,Executor0,4399003
1783116752584,nx-q0-nexmark-autoscaler-rerun-20260626-214353,12854473,Executor0,12854473
1783116752641,nx-q0-nexmark-auto-170510,15662260,Executor0,15662260
1783116752925,nx-q6-nexmark-sponge-q0-20260701-180117,4399003,Executor0,4399003
1783116753584,nx-q0-nexmark-autoscaler-rerun-20260626-214353,12854473,Executor0,12854473
1783116753641,nx-q0-nexmark-auto-170510,15764724,Executor0,15764724
1783116753925,nx-q6-nexmark-sponge-q0-20260701-180117,4399003,Executor0,4399003
1783116754584,nx-q0-nexmark-autoscaler-rerun-20260626-214353,12854473,Executor0,12854473
1783116754641,nx-q0-nexmark-auto-170510,15866000,Executor0,15866000
1783116754925,nx-q6-nexmark-sponge-q0-20260701-180117,4399003,Executor0,4399003
1783116755584,nx-q0-nexmark-autoscaler-rerun-20260626-214353,12854473,Executor0,12854473
1783116755641,nx-q0-nexmark-auto-170510,15963723,Executor0,15963723
1783116755925,nx-q6-nexmark-sponge-q0-20260701-180117,4399003,Executor0,4399003
1783116756584,nx-q0-nexmark-autoscaler-rerun-20260626-214353,12854473,Executor0,12854473
1783116756641,nx-q0-nexmark-auto-170510,16064876,Executor0,16064876
1783116756925,nx-q6-nexmark-sponge-q0-20260701-180117,4399003,Executor0,4399003
1783116757584,nx-q0-nexmark-autoscaler-rerun-20260626-214353,12854473,Executor0,12854473
1783116757641,nx-q0-nexmark-auto-170510,16164419,Executor0,16164419
1783116757925,nx-q6-nexmark-sponge-q0-20260701-180117,4399003,Executor0,4399003
1783116758584,nx-q0-nexmark-autoscaler-rerun-20260626-214353,12854473,Executor0,12854473
1783116758641,nx-q0-nexmark-auto-170510,16265965,Executor0,16265965
1783116758925,nx-q6-nexmark-sponge-q0-20260701-180117,4399003,Executor0,4399003
1783116759584,nx-q0-nexmark-autoscaler-rerun-20260626-214353,12854473,Executor0,12854473
1783116759641,nx-q0-nexmark-auto-170510,16364210,Executor0,16364210
1783116759925,nx-q6-nexmark-sponge-q0-20260701-180117,4399003,Executor0,4399003
1783116760584,nx-q0-nexmark-autoscaler-rerun-20260626-214353,12854473,Executor0,12854473
1783116760641,nx-q0-nexmark-auto-170510,16466419,Executor0,16466419
1783116760925,nx-q6-nexmark-sponge-q0-20260701-180117,4399003,Executor0,4399003
1783116761584,nx-q0-nexmark-autoscaler-rerun-20260626-214353,12854473,Executor0,12854473
1783116761641,nx-q0-nexmark-auto-170510,16564372,Executor0,16564372
1783116761925,nx-q6-nexmark-sponge-q0-20260701-180117,4399003,Executor0,4399003
1783116762584,nx-q0-nexmark-autoscaler-rerun-20260626-214353,12854473,Executor0,12854473
1783116762641,nx-q0-nexmark-auto-170510,16664092,Executor0,16664092
1783116762925,nx-q6-nexmark-sponge-q0-20260701-180117,4399003,Executor0,4399003
1783116763584,nx-q0-nexmark-autoscaler-rerun-20260626-214353,12854473,Executor0,12854473
1783116763641,nx-q0-nexmark-auto-170510,16768457,Executor0,16768457
1783116763925,nx-q6-nexmark-sponge-q0-20260701-180117,4399003,Executor0,4399003
1783116764584,nx-q0-nexmark-autoscaler-rerun-20260626-214353,12854473,Executor0,12854473
1783116764641,nx-q0-nexmark-auto-170510,16862057,Executor0,16862057
1783116764925,nx-q6-nexmark-sponge-q0-20260701-180117,4399003,Executor0,4399003
1783116765584,nx-q0-nexmark-autoscaler-rerun-20260626-214353,12854473,Executor0,12854473
1783116765641,nx-q0-nexmark-auto-170510,16968332,Executor0,16968332
1783116765925,nx-q6-nexmark-sponge-q0-20260701-180117,4399003,Executor0,4399003
1783116766584,nx-q0-nexmark-autoscaler-rerun-20260626-214353,12854473,Executor0,12854473
1783116766641,nx-q0-nexmark-auto-170510,17066000,Executor0,17066000
1783116766925,nx-q6-nexmark-sponge-q0-20260701-180117,4399003,Executor0,4399003
1783116767584,nx-q0-nexmark-autoscaler-rerun-20260626-214353,12854473,Executor0,12854473
1783116767641,nx-q0-nexmark-auto-170510,17166602,Executor0,17166602
1783116767925,nx-q6-nexmark-sponge-q0-20260701-180117,4399003,Executor0,4399003
1783116768584,nx-q0-nexmark-autoscaler-rerun-20260626-214353,12854473,Executor0,12854473
1783116768641,nx-q0-nexmark-auto-170510,17265021,Executor0,17265021
1783116768925,nx-q6-nexmark-sponge-q0-20260701-180117,4399003,Executor0,4399003
1783116769584,nx-q0-nexmark-autoscaler-rerun-20260626-214353,12854473,Executor0,12854473
1783116769641,nx-q0-nexmark-auto-170510,17365806,Executor0,17365806
1783116769925,nx-q6-nexmark-sponge-q0-20260701-180117,4399003,Executor0,4399003
1783116770584,nx-q0-nexmark-autoscaler-rerun-20260626-214353,12854473,Executor0,12854473
1783116770641,nx-q0-nexmark-auto-170510,17466322,Executor0,17466322
1783116770925,nx-q6-nexmark-sponge-q0-20260701-180117,4399003,Executor0,4399003
1783116771584,nx-q0-nexmark-autoscaler-rerun-20260626-214353,12854473,Executor0,12854473
1783116771641,nx-q0-nexmark-auto-170510,17567029,Executor0,17567029
1783116771925,nx-q6-nexmark-sponge-q0-20260701-180117,4399003,Executor0,4399003
1783116772584,nx-q0-nexmark-autoscaler-rerun-20260626-214353,12854473,Executor0,12854473
1783116772641,nx-q0-nexmark-auto-170510,17667184,Executor0,17667184
1783116772925,nx-q6-nexmark-sponge-q0-20260701-180117,4399003,Executor0,4399003
1783116773584,nx-q0-nexmark-autoscaler-rerun-20260626-214353,12854473,Executor0,12854473
1783116773641,nx-q0-nexmark-auto-170510,17761421,Executor0,17761421
1783116773925,nx-q6-nexmark-sponge-q0-20260701-180117,4399003,Executor0,4399003
1783116774584,nx-q0-nexmark-autoscaler-rerun-20260626-214353,12854473,Executor0,12854473
1783116774641,nx-q0-nexmark-auto-170510,17863000,Executor0,17863000
1783116774925,nx-q6-nexmark-sponge-q0-20260701-180117,4399003,Executor0,4399003
1783116775584,nx-q0-nexmark-autoscaler-rerun-20260626-214353,12854473,Executor0,12854473
1783116775641,nx-q0-nexmark-auto-170510,17969390,Executor0,17969390
1783116775925,nx-q6-nexmark-sponge-q0-20260701-180117,4399003,Executor0,4399003
1783116776584,nx-q0-nexmark-autoscaler-rerun-20260626-214353,12854473,Executor0,12854473
1783116776641,nx-q0-nexmark-auto-170510,18062014,Executor0,18062014
1783116776925,nx-q6-nexmark-sponge-q0-20260701-180117,4399003,Executor0,4399003
1783116777584,nx-q0-nexmark-autoscaler-rerun-20260626-214353,12854473,Executor0,12854473
1783116777641,nx-q0-nexmark-auto-170510,18164617,Executor0,18164617
1783116777925,nx-q6-nexmark-sponge-q0-20260701-180117,4399003,Executor0,4399003
1783116778584,nx-q0-nexmark-autoscaler-rerun-20260626-214353,12854473,Executor0,12854473
1783116778641,nx-q0-nexmark-auto-170510,18265434,Executor0,18265434
1783116778925,nx-q6-nexmark-sponge-q0-20260701-180117,4399003,Executor0,4399003
1783116779584,nx-q0-nexmark-autoscaler-rerun-20260626-214353,12854473,Executor0,12854473
1783116779641,nx-q0-nexmark-auto-170510,18363921,Executor0,18363921
1783116779925,nx-q6-nexmark-sponge-q0-20260701-180117,4399003,Executor0,4399003
1783116780584,nx-q0-nexmark-autoscaler-rerun-20260626-214353,12854473,Executor0,12854473
1783116780641,nx-q0-nexmark-auto-170510,18465437,Executor0,18465437
1783116780925,nx-q6-nexmark-sponge-q0-20260701-180117,4399003,Executor0,4399003
1783116781584,nx-q0-nexmark-autoscaler-rerun-20260626-214353,12854473,Executor0,12854473
1783116781641,nx-q0-nexmark-auto-170510,18562712,Executor0,18562712
1783116781925,nx-q6-nexmark-sponge-q0-20260701-180117,4399003,Executor0,4399003
1783116782584,nx-q0-nexmark-autoscaler-rerun-20260626-214353,12854473,Executor0,12854473
1783116782641,nx-q0-nexmark-auto-170510,18666019,Executor0,18666019
1783116782925,nx-q6-nexmark-sponge-q0-20260701-180117,4399003,Executor0,4399003
1783116783584,nx-q0-nexmark-autoscaler-rerun-20260626-214353,12854473,Executor0,12854473
1783116783641,nx-q0-nexmark-auto-170510,18764966,Executor0,18764966
1783116783925,nx-q6-nexmark-sponge-q0-20260701-180117,4399003,Executor0,4399003
1783116784584,nx-q0-nexmark-autoscaler-rerun-20260626-214353,12854473,Executor0,12854473
1783116784641,nx-q0-nexmark-auto-170510,18863533,Executor0,18863533
1783116784925,nx-q6-nexmark-sponge-q0-20260701-180117,4399003,Executor0,4399003
1783116785584,nx-q0-nexmark-autoscaler-rerun-20260626-214353,12854473,Executor0,12854473
1783116785641,nx-q0-nexmark-auto-170510,18964275,Executor0,18964275
1783116785925,nx-q6-nexmark-sponge-q0-20260701-180117,4399003,Executor0,4399003
1783116786584,nx-q0-nexmark-autoscaler-rerun-20260626-214353,12854473,Executor0,12854473
1783116786641,nx-q0-nexmark-auto-170510,19068134,Executor0,19068134
1783116786925,nx-q6-nexmark-sponge-q0-20260701-180117,4399003,Executor0,4399003
1783116787584,nx-q0-nexmark-autoscaler-rerun-20260626-214353,12854473,Executor0,12854473
1783116787641,nx-q0-nexmark-auto-170510,19164770,Executor0,19164770
1783116787925,nx-q6-nexmark-sponge-q0-20260701-180117,4399003,Executor0,4399003
1783116788584,nx-q0-nexmark-autoscaler-rerun-20260626-214353,12854473,Executor0,12854473
1783116788641,nx-q0-nexmark-auto-170510,19263487,Executor0,19263487
1783116788925,nx-q6-nexmark-sponge-q0-20260701-180117,4399003,Executor0,4399003
1783116789584,nx-q0-nexmark-autoscaler-rerun-20260626-214353,12854473,Executor0,12854473
1783116789641,nx-q0-nexmark-auto-170510,19368982,Executor0,19368982
1783116789925,nx-q6-nexmark-sponge-q0-20260701-180117,4399003,Executor0,4399003
1783116790584,nx-q0-nexmark-autoscaler-rerun-20260626-214353,12854473,Executor0,12854473
1783116790680,nx-q0-nexmark-auto-170510,19460485,Executor0,19460485
1783116790925,nx-q6-nexmark-sponge-q0-20260701-180117,4399003,Executor0,4399003
1783116791584,nx-q0-nexmark-autoscaler-rerun-20260626-214353,12854473,Executor0,12854473
1783116791641,nx-q0-nexmark-auto-170510,19568292,Executor0,19568292
1783116791925,nx-q6-nexmark-sponge-q0-20260701-180117,4399003,Executor0,4399003
1783116792584,nx-q0-nexmark-autoscaler-rerun-20260626-214353,12854473,Executor0,12854473
1783116792641,nx-q0-nexmark-auto-170510,19663283,Executor0,19663283
1783116792925,nx-q6-nexmark-sponge-q0-20260701-180117,4399003,Executor0,4399003
1783116793584,nx-q0-nexmark-autoscaler-rerun-20260626-214353,12854473,Executor0,12854473
1783116793641,nx-q0-nexmark-auto-170510,19764079,Executor0,19764079
1783116793925,nx-q6-nexmark-sponge-q0-20260701-180117,4399003,Executor0,4399003
1783116794584,nx-q0-nexmark-autoscaler-rerun-20260626-214353,12854473,Executor0,12854473
1783116794641,nx-q0-nexmark-auto-170510,19864258,Executor0,19864258
1783116794925,nx-q6-nexmark-sponge-q0-20260701-180117,4399003,Executor0,4399003
1783116795584,nx-q0-nexmark-autoscaler-rerun-20260626-214353,12854473,Executor0,12854473
1783116795641,nx-q0-nexmark-auto-170510,19963000,Executor0,19963000
1783116795925,nx-q6-nexmark-sponge-q0-20260701-180117,4399003,Executor0,4399003
1783116796584,nx-q0-nexmark-autoscaler-rerun-20260626-214353,12854473,Executor0,12854473
1783116796641,nx-q0-nexmark-auto-170510,20066105,Executor0,20066105
1783116796925,nx-q6-nexmark-sponge-q0-20260701-180117,4399003,Executor0,4399003
1783116797584,nx-q0-nexmark-autoscaler-rerun-20260626-214353,12854473,Executor0,12854473
1783116797641,nx-q0-nexmark-auto-170510,20165751,Executor0,20165751
1783116797925,nx-q6-nexmark-sponge-q0-20260701-180117,4399003,Executor0,4399003
1783116798584,nx-q0-nexmark-autoscaler-rerun-20260626-214353,12854473,Executor0,12854473
1783116798641,nx-q0-nexmark-auto-170510,20262553,Executor0,20262553
1783116798925,nx-q6-nexmark-sponge-q0-20260701-180117,4399003,Executor0,4399003
1783116799584,nx-q0-nexmark-autoscaler-rerun-20260626-214353,12854473,Executor0,12854473
1783116799641,nx-q0-nexmark-auto-170510,20366000,Executor0,20366000
1783116799925,nx-q6-nexmark-sponge-q0-20260701-180117,4399003,Executor0,4399003
1783116800584,nx-q0-nexmark-autoscaler-rerun-20260626-214353,12854473,Executor0,12854473
1783116800641,nx-q0-nexmark-auto-170510,20462035,Executor0,20462035
1783116800925,nx-q6-nexmark-sponge-q0-20260701-180117,4399003,Executor0,4399003
1783116801584,nx-q0-nexmark-autoscaler-rerun-20260626-214353,12854473,Executor0,12854473
1783116801641,nx-q0-nexmark-auto-170510,20568091,Executor0,20568091
1783116801925,nx-q6-nexmark-sponge-q0-20260701-180117,4399003,Executor0,4399003
1783116802584,nx-q0-nexmark-autoscaler-rerun-20260626-214353,12854473,Executor0,12854473
1783116802641,nx-q0-nexmark-auto-170510,20665126,Executor0,20665126
1783116802925,nx-q6-nexmark-sponge-q0-20260701-180117,4399003,Executor0,4399003
1783116803584,nx-q0-nexmark-autoscaler-rerun-20260626-214353,12854473,Executor0,12854473
1783116803641,nx-q0-nexmark-auto-170510,20763046,Executor0,20763046
1783116803925,nx-q6-nexmark-sponge-q0-20260701-180117,4399003,Executor0,4399003
1783116804584,nx-q0-nexmark-autoscaler-rerun-20260626-214353,12854473,Executor0,12854473
1783116804641,nx-q0-nexmark-auto-170510,20866980,Executor0,20866980
1783116804925,nx-q6-nexmark-sponge-q0-20260701-180117,4399003,Executor0,4399003
1783116805584,nx-q0-nexmark-autoscaler-rerun-20260626-214353,12854473,Executor0,12854473
1783116805641,nx-q0-nexmark-auto-170510,20962563,Executor0,20962563
1783116805925,nx-q6-nexmark-sponge-q0-20260701-180117,4399003,Executor0,4399003
1783116806584,nx-q0-nexmark-autoscaler-rerun-20260626-214353,12854473,Executor0,12854473
1783116806641,nx-q0-nexmark-auto-170510,21063347,Executor0,21063347
1783116806925,nx-q6-nexmark-sponge-q0-20260701-180117,4399003,Executor0,4399003
1783116807584,nx-q0-nexmark-autoscaler-rerun-20260626-214353,12854473,Executor0,12854473
1783116807641,nx-q0-nexmark-auto-170510,21163000,Executor0,21163000
1783116807925,nx-q6-nexmark-sponge-q0-20260701-180117,4399003,Executor0,4399003
1783116808584,nx-q0-nexmark-autoscaler-rerun-20260626-214353,12854473,Executor0,12854473
1783116808641,nx-q0-nexmark-auto-170510,21266275,Executor0,21266275
1783116808925,nx-q6-nexmark-sponge-q0-20260701-180117,4399003,Executor0,4399003
1783116809584,nx-q0-nexmark-autoscaler-rerun-20260626-214353,12854473,Executor0,12854473
1783116809641,nx-q0-nexmark-auto-170510,21365034,Executor0,21365034
1783116809925,nx-q6-nexmark-sponge-q0-20260701-180117,4399003,Executor0,4399003
1783116810584,nx-q0-nexmark-autoscaler-rerun-20260626-214353,12854473,Executor0,12854473
1783116810641,nx-q0-nexmark-auto-170510,21463596,Executor0,21463596
1783116810925,nx-q6-nexmark-sponge-q0-20260701-180117,4399003,Executor0,4399003
1783116811584,nx-q0-nexmark-autoscaler-rerun-20260626-214353,12854473,Executor0,12854473
1783116811641,nx-q0-nexmark-auto-170510,21566000,Executor0,21566000
1783116811925,nx-q6-nexmark-sponge-q0-20260701-180117,4399003,Executor0,4399003
1783116812584,nx-q0-nexmark-autoscaler-rerun-20260626-214353,12854473,Executor0,12854473
1783116812641,nx-q0-nexmark-auto-170510,21661978,Executor0,21661978
1783116812925,nx-q6-nexmark-sponge-q0-20260701-180117,4399003,Executor0,4399003
1783116813584,nx-q0-nexmark-autoscaler-rerun-20260626-214353,12854473,Executor0,12854473
1783116813641,nx-q0-nexmark-auto-170510,21769000,Executor0,21769000
1783116813925,nx-q6-nexmark-sponge-q0-20260701-180117,4399003,Executor0,4399003
1783116814584,nx-q0-nexmark-autoscaler-rerun-20260626-214353,12854473,Executor0,12854473
1783116814641,nx-q0-nexmark-auto-170510,21863218,Executor0,21863218
1783116814925,nx-q6-nexmark-sponge-q0-20260701-180117,4399003,Executor0,4399003
1783116815584,nx-q0-nexmark-autoscaler-rerun-20260626-214353,12854473,Executor0,12854473
1783116815641,nx-q0-nexmark-auto-170510,21966882,Executor0,21966882
1783116815925,nx-q6-nexmark-sponge-q0-20260701-180117,4399003,Executor0,4399003
1783116816584,nx-q0-nexmark-autoscaler-rerun-20260626-214353,12854473,Executor0,12854473
1783116816641,nx-q0-nexmark-auto-170510,22060000,Executor0,22060000
1783116816925,nx-q6-nexmark-sponge-q0-20260701-180117,4399003,Executor0,4399003
1783116817584,nx-q0-nexmark-autoscaler-rerun-20260626-214353,12854473,Executor0,12854473
1783116817641,nx-q0-nexmark-auto-170510,22164529,Executor0,22164529
1783116817925,nx-q6-nexmark-sponge-q0-20260701-180117,4399003,Executor0,4399003
1783116818584,nx-q0-nexmark-autoscaler-rerun-20260626-214353,12854473,Executor0,12854473
1783116818641,nx-q0-nexmark-auto-170510,22263000,Executor0,22263000
1783116818925,nx-q6-nexmark-sponge-q0-20260701-180117,4399003,Executor0,4399003
1783116819584,nx-q0-nexmark-autoscaler-rerun-20260626-214353,12854473,Executor0,12854473
1783116819641,nx-q0-nexmark-auto-170510,22365611,Executor0,22365611
1783116819925,nx-q6-nexmark-sponge-q0-20260701-180117,4399003,Executor0,4399003
1783116820584,nx-q0-nexmark-autoscaler-rerun-20260626-214353,12854473,Executor0,12854473
1783116820641,nx-q0-nexmark-auto-170510,22460000,Executor0,22460000
1783116820925,nx-q6-nexmark-sponge-q0-20260701-180117,4399003,Executor0,4399003
1783116821584,nx-q0-nexmark-autoscaler-rerun-20260626-214353,12854473,Executor0,12854473
1783116821641,nx-q0-nexmark-auto-170510,22568099,Executor0,22568099
1783116821925,nx-q6-nexmark-sponge-q0-20260701-180117,4399003,Executor0,4399003
1783116822584,nx-q0-nexmark-autoscaler-rerun-20260626-214353,12854473,Executor0,12854473
1783116822641,nx-q0-nexmark-auto-170510,22663794,Executor0,22663794
1783116822925,nx-q6-nexmark-sponge-q0-20260701-180117,4399003,Executor0,4399003
1783116823584,nx-q0-nexmark-autoscaler-rerun-20260626-214353,12854473,Executor0,12854473
1783116823641,nx-q0-nexmark-auto-170510,22766000,Executor0,22766000
1783116823925,nx-q6-nexmark-sponge-q0-20260701-180117,4399003,Executor0,4399003
1783116824584,nx-q0-nexmark-autoscaler-rerun-20260626-214353,12854473,Executor0,12854473
1783116824641,nx-q0-nexmark-auto-170510,22863718,Executor0,22863718
1783116824925,nx-q6-nexmark-sponge-q0-20260701-180117,4399003,Executor0,4399003
1783116825584,nx-q0-nexmark-autoscaler-rerun-20260626-214353,12854473,Executor0,12854473
1783116825641,nx-q0-nexmark-auto-170510,22960062,Executor0,22960062
1783116825925,nx-q6-nexmark-sponge-q0-20260701-180117,4399003,Executor0,4399003
1783116826584,nx-q0-nexmark-autoscaler-rerun-20260626-214353,12854473,Executor0,12854473
1783116826641,nx-q0-nexmark-auto-170510,23068830,Executor0,23068830
1783116826925,nx-q6-nexmark-sponge-q0-20260701-180117,4399003,Executor0,4399003
1783116827584,nx-q0-nexmark-autoscaler-rerun-20260626-214353,12854473,Executor0,12854473
1783116827641,nx-q0-nexmark-auto-170510,23166000,Executor0,23166000
1783116827925,nx-q6-nexmark-sponge-q0-20260701-180117,4399003,Executor0,4399003
1783116828584,nx-q0-nexmark-autoscaler-rerun-20260626-214353,12854473,Executor0,12854473
1783116828641,nx-q0-nexmark-auto-170510,23262807,Executor0,23262807
1783116828925,nx-q6-nexmark-sponge-q0-20260701-180117,4399003,Executor0,4399003
1783116829584,nx-q0-nexmark-autoscaler-rerun-20260626-214353,12854473,Executor0,12854473
1783116829641,nx-q0-nexmark-auto-170510,23363000,Executor0,23363000
1783116829925,nx-q6-nexmark-sponge-q0-20260701-180117,4399003,Executor0,4399003
1783116830584,nx-q0-nexmark-autoscaler-rerun-20260626-214353,12854473,Executor0,12854473
1783116830641,nx-q0-nexmark-auto-170510,23460000,Executor0,23460000
1783116830925,nx-q6-nexmark-sponge-q0-20260701-180117,4399003,Executor0,4399003
1783116831584,nx-q0-nexmark-autoscaler-rerun-20260626-214353,12854473,Executor0,12854473
1783116831641,nx-q0-nexmark-auto-170510,23568204,Executor0,23568204
1783116831925,nx-q6-nexmark-sponge-q0-20260701-180117,4399003,Executor0,4399003
1783116832584,nx-q0-nexmark-autoscaler-rerun-20260626-214353,12854473,Executor0,12854473
1783116832641,nx-q0-nexmark-auto-170510,23666415,Executor0,23666415
1783116832925,nx-q6-nexmark-sponge-q0-20260701-180117,4399003,Executor0,4399003
1783116833584,nx-q0-nexmark-autoscaler-rerun-20260626-214353,12854473,Executor0,12854473
1783116833641,nx-q0-nexmark-auto-170510,23761983,Executor0,23761983
1783116833925,nx-q6-nexmark-sponge-q0-20260701-180117,4399003,Executor0,4399003
1783116834584,nx-q0-nexmark-autoscaler-rerun-20260626-214353,12854473,Executor0,12854473
1783116834641,nx-q0-nexmark-auto-170510,23860000,Executor0,23860000
1783116834925,nx-q6-nexmark-sponge-q0-20260701-180117,4399003,Executor0,4399003
1783116835584,nx-q0-nexmark-autoscaler-rerun-20260626-214353,12854473,Executor0,12854473
1783116835641,nx-q0-nexmark-auto-170510,23968732,Executor0,23968732
1783116835925,nx-q6-nexmark-sponge-q0-20260701-180117,4399003,Executor0,4399003
1783116836584,nx-q0-nexmark-autoscaler-rerun-20260626-214353,12854473,Executor0,12854473
1783116836641,nx-q0-nexmark-auto-170510,24060000,Executor0,24060000
1783116836925,nx-q6-nexmark-sponge-q0-20260701-180117,4399003,Executor0,4399003
1783116837584,nx-q0-nexmark-autoscaler-rerun-20260626-214353,12854473,Executor0,12854473
1783116837641,nx-q0-nexmark-auto-170510,24163000,Executor0,24163000
1783116837925,nx-q6-nexmark-sponge-q0-20260701-180117,4399003,Executor0,4399003
1783116838584,nx-q0-nexmark-autoscaler-rerun-20260626-214353,12854473,Executor0,12854473
1783116838641,nx-q0-nexmark-auto-170510,24265347,Executor0,24265347
1783116838925,nx-q6-nexmark-sponge-q0-20260701-180117,4399003,Executor0,4399003
1783116839584,nx-q0-nexmark-autoscaler-rerun-20260626-214353,12854473,Executor0,12854473
1783116839641,nx-q0-nexmark-auto-170510,24365022,Executor0,24365022
1783116839925,nx-q6-nexmark-sponge-q0-20260701-180117,4399003,Executor0,4399003
1783116840584,nx-q0-nexmark-autoscaler-rerun-20260626-214353,12854473,Executor0,12854473
1783116840641,nx-q0-nexmark-auto-170510,24463044,Executor0,24463044
1783116840925,nx-q6-nexmark-sponge-q0-20260701-180117,4399003,Executor0,4399003
1783116841584,nx-q0-nexmark-autoscaler-rerun-20260626-214353,12854473,Executor0,12854473
1783116841641,nx-q0-nexmark-auto-170510,24568592,Executor0,24568592
1783116841925,nx-q6-nexmark-sponge-q0-20260701-180117,4399003,Executor0,4399003
1783116842584,nx-q0-nexmark-autoscaler-rerun-20260626-214353,12854473,Executor0,12854473
1783116842641,nx-q0-nexmark-auto-170510,24661967,Executor0,24661967
1783116842925,nx-q6-nexmark-sponge-q0-20260701-180117,4399003,Executor0,4399003
1783116843584,nx-q0-nexmark-autoscaler-rerun-20260626-214353,12854473,Executor0,12854473
1783116843641,nx-q0-nexmark-auto-170510,24767011,Executor0,24767011
1783116843925,nx-q6-nexmark-sponge-q0-20260701-180117,4399003,Executor0,4399003
1783116844584,nx-q0-nexmark-autoscaler-rerun-20260626-214353,12854473,Executor0,12854473
1783116844641,nx-q0-nexmark-auto-170510,24862103,Executor0,24862103
1783116844925,nx-q6-nexmark-sponge-q0-20260701-180117,4399003,Executor0,4399003
1783116845584,nx-q0-nexmark-autoscaler-rerun-20260626-214353,12854473,Executor0,12854473
1783116845641,nx-q0-nexmark-auto-170510,24963000,Executor0,24963000
1783116845925,nx-q6-nexmark-sponge-q0-20260701-180117,4399003,Executor0,4399003
1783116846584,nx-q0-nexmark-autoscaler-rerun-20260626-214353,12854473,Executor0,12854473
1783116846641,nx-q0-nexmark-auto-170510,25067047,Executor0,25067047
1783116846925,nx-q6-nexmark-sponge-q0-20260701-180117,4399003,Executor0,4399003
1783116847584,nx-q0-nexmark-autoscaler-rerun-20260626-214353,12854473,Executor0,12854473
1783116847641,nx-q0-nexmark-auto-170510,25163000,Executor0,25163000
1783116847925,nx-q6-nexmark-sponge-q0-20260701-180117,4399003,Executor0,4399003
1783116848584,nx-q0-nexmark-autoscaler-rerun-20260626-214353,12854473,Executor0,12854473
1783116848641,nx-q0-nexmark-auto-170510,25263000,Executor0,25263000
1783116848925,nx-q6-nexmark-sponge-q0-20260701-180117,4399003,Executor0,4399003
1783116849584,nx-q0-nexmark-autoscaler-rerun-20260626-214353,12854473,Executor0,12854473
1783116849641,nx-q0-nexmark-auto-170510,25364975,Executor0,25364975
1783116849925,nx-q6-nexmark-sponge-q0-20260701-180117,4399003,Executor0,4399003
1783116850584,nx-q0-nexmark-autoscaler-rerun-20260626-214353,12854473,Executor0,12854473
1783116850641,nx-q0-nexmark-auto-170510,25460000,Executor0,25460000
1783116850925,nx-q6-nexmark-sponge-q0-20260701-180117,4399003,Executor0,4399003
1783116851584,nx-q0-nexmark-autoscaler-rerun-20260626-214353,12854473,Executor0,12854473
1783116851641,nx-q0-nexmark-auto-170510,25564201,Executor0,25564201
1783116851925,nx-q6-nexmark-sponge-q0-20260701-180117,4399003,Executor0,4399003
1783116852584,nx-q0-nexmark-autoscaler-rerun-20260626-214353,12854473,Executor0,12854473
1783116852641,nx-q0-nexmark-auto-170510,25666000,Executor0,25666000
1783116852925,nx-q6-nexmark-sponge-q0-20260701-180117,4399003,Executor0,4399003
1783116853584,nx-q0-nexmark-autoscaler-rerun-20260626-214353,12854473,Executor0,12854473
1783116853641,nx-q0-nexmark-auto-170510,25765323,Executor0,25765323
1783116853925,nx-q6-nexmark-sponge-q0-20260701-180117,4399003,Executor0,4399003
1783116854584,nx-q0-nexmark-autoscaler-rerun-20260626-214353,12854473,Executor0,12854473
1783116854641,nx-q0-nexmark-auto-170510,25860000,Executor0,25860000
1783116854925,nx-q6-nexmark-sponge-q0-20260701-180117,4399003,Executor0,4399003
1783116855584,nx-q0-nexmark-autoscaler-rerun-20260626-214353,12854473,Executor0,12854473
1783116855641,nx-q0-nexmark-auto-170510,25965015,Executor0,25965015
1783116855925,nx-q6-nexmark-sponge-q0-20260701-180117,4399003,Executor0,4399003
1783116856584,nx-q0-nexmark-autoscaler-rerun-20260626-214353,12854473,Executor0,12854473
1783116856641,nx-q0-nexmark-auto-170510,26066295,Executor0,26066295
1783116856925,nx-q6-nexmark-sponge-q0-20260701-180117,4399003,Executor0,4399003
1783116857584,nx-q0-nexmark-autoscaler-rerun-20260626-214353,12854473,Executor0,12854473
1783116857641,nx-q0-nexmark-auto-170510,26163000,Executor0,26163000
1783116857925,nx-q6-nexmark-sponge-q0-20260701-180117,4399003,Executor0,4399003
1783116858584,nx-q0-nexmark-autoscaler-rerun-20260626-214353,12854473,Executor0,12854473
1783116858641,nx-q0-nexmark-auto-170510,26268179,Executor0,26268179
1783116858925,nx-q6-nexmark-sponge-q0-20260701-180117,4399003,Executor0,4399003
1783116859584,nx-q0-nexmark-autoscaler-rerun-20260626-214353,12854473,Executor0,12854473
1783116859641,nx-q0-nexmark-auto-170510,26360000,Executor0,26360000
1783116859925,nx-q6-nexmark-sponge-q0-20260701-180117,4399003,Executor0,4399003
1783116860584,nx-q0-nexmark-autoscaler-rerun-20260626-214353,12854473,Executor0,12854473
1783116860641,nx-q0-nexmark-auto-170510,26466903,Executor0,26466903
1783116860925,nx-q6-nexmark-sponge-q0-20260701-180117,4399003,Executor0,4399003
1783116861584,nx-q0-nexmark-autoscaler-rerun-20260626-214353,12854473,Executor0,12854473
1783116861641,nx-q0-nexmark-auto-170510,26565386,Executor0,26565386
1783116861925,nx-q6-nexmark-sponge-q0-20260701-180117,4399003,Executor0,4399003
1783116862584,nx-q0-nexmark-autoscaler-rerun-20260626-214353,12854473,Executor0,12854473
1783116862642,nx-q0-nexmark-auto-170510,26666685,Executor0,26666685
1783116862925,nx-q6-nexmark-sponge-q0-20260701-180117,4399003,Executor0,4399003
1783116863584,nx-q0-nexmark-autoscaler-rerun-20260626-214353,12854473,Executor0,12854473
1783116863641,nx-q0-nexmark-auto-170510,26768552,Executor0,26768552
1783116863925,nx-q6-nexmark-sponge-q0-20260701-180117,4399003,Executor0,4399003
1783116864584,nx-q0-nexmark-autoscaler-rerun-20260626-214353,12854473,Executor0,12854473
1783116864641,nx-q0-nexmark-auto-170510,26868784,Executor0,26868784
1783116864925,nx-q6-nexmark-sponge-q0-20260701-180117,4399003,Executor0,4399003
1783116865584,nx-q0-nexmark-autoscaler-rerun-20260626-214353,12854473,Executor0,12854473
1783116865641,nx-q0-nexmark-auto-170510,26962783,Executor0,26962783
1783116865925,nx-q6-nexmark-sponge-q0-20260701-180117,4399003,Executor0,4399003
1783116866584,nx-q0-nexmark-autoscaler-rerun-20260626-214353,12854473,Executor0,12854473
1783116866641,nx-q0-nexmark-auto-170510,27060000,Executor0,27060000
1783116866925,nx-q6-nexmark-sponge-q0-20260701-180117,4399003,Executor0,4399003
1783116867584,nx-q0-nexmark-autoscaler-rerun-20260626-214353,12854473,Executor0,12854473
1783116867641,nx-q0-nexmark-auto-170510,27169548,Executor0,27169548
1783116867925,nx-q6-nexmark-sponge-q0-20260701-180117,4399003,Executor0,4399003
1783116868584,nx-q0-nexmark-autoscaler-rerun-20260626-214353,12854473,Executor0,12854473
1783116868641,nx-q0-nexmark-auto-170510,27260000,Executor0,27260000
1783116868925,nx-q6-nexmark-sponge-q0-20260701-180117,4399003,Executor0,4399003
1783116869584,nx-q0-nexmark-autoscaler-rerun-20260626-214353,12854473,Executor0,12854473
1783116869641,nx-q0-nexmark-auto-170510,27366000,Executor0,27366000
1783116869925,nx-q6-nexmark-sponge-q0-20260701-180117,4399003,Executor0,4399003
1783116870584,nx-q0-nexmark-autoscaler-rerun-20260626-214353,12854473,Executor0,12854473
1783116870641,nx-q0-nexmark-auto-170510,27465150,Executor0,27465150
1783116870925,nx-q6-nexmark-sponge-q0-20260701-180117,4399003,Executor0,4399003
1783116871584,nx-q0-nexmark-autoscaler-rerun-20260626-214353,12854473,Executor0,12854473
1783116871641,nx-q0-nexmark-auto-170510,27562798,Executor0,27562798
1783116871925,nx-q6-nexmark-sponge-q0-20260701-180117,4399003,Executor0,4399003
1783116872584,nx-q0-nexmark-autoscaler-rerun-20260626-214353,12854473,Executor0,12854473
1783116872641,nx-q0-nexmark-auto-170510,27663000,Executor0,27663000
1783116872925,nx-q6-nexmark-sponge-q0-20260701-180117,4399003,Executor0,4399003
1783116873584,nx-q0-nexmark-autoscaler-rerun-20260626-214353,12854473,Executor0,12854473
1783116873641,nx-q0-nexmark-auto-170510,27760000,Executor0,27760000
1783116873925,nx-q6-nexmark-sponge-q0-20260701-180117,4399003,Executor0,4399003
1783116874584,nx-q0-nexmark-autoscaler-rerun-20260626-214353,12854473,Executor0,12854473
1783116874641,nx-q0-nexmark-auto-170510,27863000,Executor0,27863000
1783116874925,nx-q6-nexmark-sponge-q0-20260701-180117,4399003,Executor0,4399003
1783116875584,nx-q0-nexmark-autoscaler-rerun-20260626-214353,12854473,Executor0,12854473
1783116875641,nx-q0-nexmark-auto-170510,27960000,Executor0,27960000
1783116875925,nx-q6-nexmark-sponge-q0-20260701-180117,4399003,Executor0,4399003
1783116876584,nx-q0-nexmark-autoscaler-rerun-20260626-214353,12854473,Executor0,12854473
1783116876641,nx-q0-nexmark-auto-170510,28066000,Executor0,28066000
1783116876925,nx-q6-nexmark-sponge-q0-20260701-180117,4399003,Executor0,4399003
1783116877584,nx-q0-nexmark-autoscaler-rerun-20260626-214353,12854473,Executor0,12854473
1783116877641,nx-q0-nexmark-auto-170510,28161887,Executor0,28161887
1783116877925,nx-q6-nexmark-sponge-q0-20260701-180117,4399003,Executor0,4399003
1783116878584,nx-q0-nexmark-autoscaler-rerun-20260626-214353,12854473,Executor0,12854473
1783116878641,nx-q0-nexmark-auto-170510,28260000,Executor0,28260000
1783116878925,nx-q6-nexmark-sponge-q0-20260701-180117,4399003,Executor0,4399003
1783116879584,nx-q0-nexmark-autoscaler-rerun-20260626-214353,12854473,Executor0,12854473
1783116879641,nx-q0-nexmark-auto-170510,28370907,Executor0,28370907
1783116879925,nx-q6-nexmark-sponge-q0-20260701-180117,4399003,Executor0,4399003
1783116880584,nx-q0-nexmark-autoscaler-rerun-20260626-214353,12854473,Executor0,12854473
1783116880641,nx-q0-nexmark-auto-170510,28460000,Executor0,28460000
1783116880925,nx-q6-nexmark-sponge-q0-20260701-180117,4399003,Executor0,4399003
1783116881584,nx-q0-nexmark-autoscaler-rerun-20260626-214353,12854473,Executor0,12854473
1783116881641,nx-q0-nexmark-auto-170510,28571191,Executor0,28571191
1783116881925,nx-q6-nexmark-sponge-q0-20260701-180117,4399003,Executor0,4399003
1783116882584,nx-q0-nexmark-autoscaler-rerun-20260626-214353,12854473,Executor0,12854473
1783116882641,nx-q0-nexmark-auto-170510,28663000,Executor0,28663000
1783116882925,nx-q6-nexmark-sponge-q0-20260701-180117,4399003,Executor0,4399003
1783116883584,nx-q0-nexmark-autoscaler-rerun-20260626-214353,12854473,Executor0,12854473
1783116883641,nx-q0-nexmark-auto-170510,28769000,Executor0,28769000
1783116883925,nx-q6-nexmark-sponge-q0-20260701-180117,4399003,Executor0,4399003
1783116884584,nx-q0-nexmark-autoscaler-rerun-20260626-214353,12854473,Executor0,12854473
1783116884641,nx-q0-nexmark-auto-170510,28862087,Executor0,28862087
1783116884925,nx-q6-nexmark-sponge-q0-20260701-180117,4399003,Executor0,4399003
1783116885584,nx-q0-nexmark-autoscaler-rerun-20260626-214353,12854473,Executor0,12854473
1783116885641,nx-q0-nexmark-auto-170510,28964810,Executor0,28964810
1783116885925,nx-q6-nexmark-sponge-q0-20260701-180117,4399003,Executor0,4399003
1783116886584,nx-q0-nexmark-autoscaler-rerun-20260626-214353,12854473,Executor0,12854473
1783116886641,nx-q0-nexmark-auto-170510,29066000,Executor0,29066000
1783116886925,nx-q6-nexmark-sponge-q0-20260701-180117,4399003,Executor0,4399003
1783116887584,nx-q0-nexmark-autoscaler-rerun-20260626-214353,12854473,Executor0,12854473
1783116887641,nx-q0-nexmark-auto-170510,29164890,Executor0,29164890
1783116887925,nx-q6-nexmark-sponge-q0-20260701-180117,4399003,Executor0,4399003
1783116888584,nx-q0-nexmark-autoscaler-rerun-20260626-214353,12854473,Executor0,12854473
1783116888641,nx-q0-nexmark-auto-170510,29269000,Executor0,29269000
1783116888925,nx-q6-nexmark-sponge-q0-20260701-180117,4399003,Executor0,4399003
1783116889584,nx-q0-nexmark-autoscaler-rerun-20260626-214353,12854473,Executor0,12854473
1783116889641,nx-q0-nexmark-auto-170510,29362281,Executor0,29362281
1783116889925,nx-q6-nexmark-sponge-q0-20260701-180117,4399003,Executor0,4399003
1783116890584,nx-q0-nexmark-autoscaler-rerun-20260626-214353,12854473,Executor0,12854473
1783116890641,nx-q0-nexmark-auto-170510,29468072,Executor0,29468072
1783116890925,nx-q6-nexmark-sponge-q0-20260701-180117,4399003,Executor0,4399003
1783116891584,nx-q0-nexmark-autoscaler-rerun-20260626-214353,12854473,Executor0,12854473
1783116891641,nx-q0-nexmark-auto-170510,29560000,Executor0,29560000
1783116891925,nx-q6-nexmark-sponge-q0-20260701-180117,4399003,Executor0,4399003
1783116892584,nx-q0-nexmark-autoscaler-rerun-20260626-214353,12854473,Executor0,12854473
1783116892641,nx-q0-nexmark-auto-170510,29667421,Executor0,29667421
1783116892925,nx-q6-nexmark-sponge-q0-20260701-180117,4399003,Executor0,4399003
1783116893584,nx-q0-nexmark-autoscaler-rerun-20260626-214353,12854473,Executor0,12854473
1783116893641,nx-q0-nexmark-auto-170510,29765149,Executor0,29765149
1783116893925,nx-q6-nexmark-sponge-q0-20260701-180117,4399003,Executor0,4399003
1783116894584,nx-q0-nexmark-autoscaler-rerun-20260626-214353,12854473,Executor0,12854473
1783116894641,nx-q0-nexmark-auto-170510,29860000,Executor0,29860000
1783116894925,nx-q6-nexmark-sponge-q0-20260701-180117,4399003,Executor0,4399003
1783116895584,nx-q0-nexmark-autoscaler-rerun-20260626-214353,12854473,Executor0,12854473
1783116895641,nx-q0-nexmark-auto-170510,29962042,Executor0,29962042
1783116895925,nx-q6-nexmark-sponge-q0-20260701-180117,4399003,Executor0,4399003
1783116896584,nx-q0-nexmark-autoscaler-rerun-20260626-214353,12854473,Executor0,12854473
1783116896641,nx-q0-nexmark-auto-170510,30066000,Executor0,30066000
1783116896925,nx-q6-nexmark-sponge-q0-20260701-180117,4399003,Executor0,4399003
1783116897584,nx-q0-nexmark-autoscaler-rerun-20260626-214353,12854473,Executor0,12854473
1783116897641,nx-q0-nexmark-auto-170510,30163846,Executor0,30163846
1783116897925,nx-q6-nexmark-sponge-q0-20260701-180117,4399003,Executor0,4399003
1783116898584,nx-q0-nexmark-autoscaler-rerun-20260626-214353,12854473,Executor0,12854473
1783116898641,nx-q0-nexmark-auto-170510,30266000,Executor0,30266000
1783116898925,nx-q6-nexmark-sponge-q0-20260701-180117,4399003,Executor0,4399003
1783116899584,nx-q0-nexmark-autoscaler-rerun-20260626-214353,12854473,Executor0,12854473
1783116899641,nx-q0-nexmark-auto-170510,30362815,Executor0,30362815
1783116899925,nx-q6-nexmark-sponge-q0-20260701-180117,4399003,Executor0,4399003
1783116900584,nx-q0-nexmark-autoscaler-rerun-20260626-214353,12854473,Executor0,12854473
1783116900641,nx-q0-nexmark-auto-170510,30460000,Executor0,30460000
1783116900925,nx-q6-nexmark-sponge-q0-20260701-180117,4399003,Executor0,4399003
1783116901584,nx-q0-nexmark-autoscaler-rerun-20260626-214353,12854473,Executor0,12854473
1783116901641,nx-q0-nexmark-auto-170510,30563568,Executor0,30563568
1783116901925,nx-q6-nexmark-sponge-q0-20260701-180117,4399003,Executor0,4399003
1783116902584,nx-q0-nexmark-autoscaler-rerun-20260626-214353,12854473,Executor0,12854473
1783116902641,nx-q0-nexmark-auto-170510,30668151,Executor0,30668151
1783116902925,nx-q6-nexmark-sponge-q0-20260701-180117,4399003,Executor0,4399003
1783116903584,nx-q0-nexmark-autoscaler-rerun-20260626-214353,12854473,Executor0,12854473
1783116903641,nx-q0-nexmark-auto-170510,30763000,Executor0,30763000
1783116903925,nx-q6-nexmark-sponge-q0-20260701-180117,4399003,Executor0,4399003
1783116904584,nx-q0-nexmark-autoscaler-rerun-20260626-214353,12854473,Executor0,12854473
1783116904641,nx-q0-nexmark-auto-170510,30862929,Executor0,30862929
1783116904925,nx-q6-nexmark-sponge-q0-20260701-180117,4399003,Executor0,4399003
1783116905584,nx-q0-nexmark-autoscaler-rerun-20260626-214353,12854473,Executor0,12854473
1783116905641,nx-q0-nexmark-auto-170510,30960000,Executor0,30960000
1783116905925,nx-q6-nexmark-sponge-q0-20260701-180117,4399003,Executor0,4399003
1783116906584,nx-q0-nexmark-autoscaler-rerun-20260626-214353,12854473,Executor0,12854473
1783116906641,nx-q0-nexmark-auto-170510,31067238,Executor0,31067238
1783116906925,nx-q6-nexmark-sponge-q0-20260701-180117,4399003,Executor0,4399003
1783116907584,nx-q0-nexmark-autoscaler-rerun-20260626-214353,12854473,Executor0,12854473
1783116907641,nx-q0-nexmark-auto-170510,31164011,Executor0,31164011
1783116907925,nx-q6-nexmark-sponge-q0-20260701-180117,4399003,Executor0,4399003
1783116908584,nx-q0-nexmark-autoscaler-rerun-20260626-214353,12854473,Executor0,12854473
1783116908641,nx-q0-nexmark-auto-170510,31265672,Executor0,31265672
1783116908925,nx-q6-nexmark-sponge-q0-20260701-180117,4399003,Executor0,4399003
1783116909584,nx-q0-nexmark-autoscaler-rerun-20260626-214353,12854473,Executor0,12854473
1783116909641,nx-q0-nexmark-auto-170510,31364066,Executor0,31364066
1783116909925,nx-q6-nexmark-sponge-q0-20260701-180117,4399003,Executor0,4399003
1783116910584,nx-q0-nexmark-autoscaler-rerun-20260626-214353,12854473,Executor0,12854473
1783116910641,nx-q0-nexmark-auto-170510,31460000,Executor0,31460000
1783116910925,nx-q6-nexmark-sponge-q0-20260701-180117,4399003,Executor0,4399003
1783116911584,nx-q0-nexmark-autoscaler-rerun-20260626-214353,12854473,Executor0,12854473
1783116911641,nx-q0-nexmark-auto-170510,31562421,Executor0,31562421
1783116911925,nx-q6-nexmark-sponge-q0-20260701-180117,4399003,Executor0,4399003
1783116912584,nx-q0-nexmark-autoscaler-rerun-20260626-214353,12854473,Executor0,12854473
1783116912641,nx-q0-nexmark-auto-170510,31655753,Executor0,31655753
1783116912925,nx-q6-nexmark-sponge-q0-20260701-180117,4399003,Executor0,4399003
1783116913584,nx-q0-nexmark-autoscaler-rerun-20260626-214353,12854473,Executor0,12854473
1783116913641,nx-q0-nexmark-auto-170510,31765156,Executor0,31765156
1783116913925,nx-q6-nexmark-sponge-q0-20260701-180117,4399003,Executor0,4399003
1783116914584,nx-q0-nexmark-autoscaler-rerun-20260626-214353,12854473,Executor0,12854473
1783116914641,nx-q0-nexmark-auto-170510,31863847,Executor0,31863847
1783116914925,nx-q6-nexmark-sponge-q0-20260701-180117,4399003,Executor0,4399003
1783116915584,nx-q0-nexmark-autoscaler-rerun-20260626-214353,12854473,Executor0,12854473
1783116915641,nx-q0-nexmark-auto-170510,31962184,Executor0,31962184
1783116915925,nx-q6-nexmark-sponge-q0-20260701-180117,4399003,Executor0,4399003
1783116916584,nx-q0-nexmark-autoscaler-rerun-20260626-214353,12854473,Executor0,12854473
1783116916641,nx-q0-nexmark-auto-170510,32062215,Executor0,32062215
1783116916925,nx-q6-nexmark-sponge-q0-20260701-180117,4399003,Executor0,4399003
1783116917584,nx-q0-nexmark-autoscaler-rerun-20260626-214353,12854473,Executor0,12854473
1783116917641,nx-q0-nexmark-auto-170510,32161894,Executor0,32161894
1783116917925,nx-q6-nexmark-sponge-q0-20260701-180117,4399003,Executor0,4399003
1783116918584,nx-q0-nexmark-autoscaler-rerun-20260626-214353,12854473,Executor0,12854473
1783116918641,nx-q0-nexmark-auto-170510,32262449,Executor0,32262449
1783116918925,nx-q6-nexmark-sponge-q0-20260701-180117,4399003,Executor0,4399003
1783116919584,nx-q0-nexmark-autoscaler-rerun-20260626-214353,12854473,Executor0,12854473
1783116919641,nx-q0-nexmark-auto-170510,32367768,Executor0,32367768
1783116919925,nx-q6-nexmark-sponge-q0-20260701-180117,4399003,Executor0,4399003
1783116920584,nx-q0-nexmark-autoscaler-rerun-20260626-214353,12854473,Executor0,12854473
1783116920641,nx-q0-nexmark-auto-170510,32461833,Executor0,32461833
1783116920925,nx-q6-nexmark-sponge-q0-20260701-180117,4399003,Executor0,4399003
1783116921584,nx-q0-nexmark-autoscaler-rerun-20260626-214353,12854473,Executor0,12854473
1783116921641,nx-q0-nexmark-auto-170510,32560000,Executor0,32560000
1783116921925,nx-q6-nexmark-sponge-q0-20260701-180117,4399003,Executor0,4399003
1783116922584,nx-q0-nexmark-autoscaler-rerun-20260626-214353,12854473,Executor0,12854473
1783116922641,nx-q0-nexmark-auto-170510,32662456,Executor0,32662456
1783116922925,nx-q6-nexmark-sponge-q0-20260701-180117,4399003,Executor0,4399003
1783116923584,nx-q0-nexmark-autoscaler-rerun-20260626-214353,12854473,Executor0,12854473
1783116923641,nx-q0-nexmark-auto-170510,32761835,Executor0,32761835
1783116923925,nx-q6-nexmark-sponge-q0-20260701-180117,4399003,Executor0,4399003
1783116924584,nx-q0-nexmark-autoscaler-rerun-20260626-214353,12854473,Executor0,12854473
1783116924757,nx-q0-nexmark-auto-170510,32863880,Executor0,32863880
1783116924925,nx-q6-nexmark-sponge-q0-20260701-180117,4399003,Executor0,4399003
1783116925584,nx-q0-nexmark-autoscaler-rerun-20260626-214353,12854473,Executor0,12854473
1783116925641,nx-q0-nexmark-auto-170510,32965222,Executor0,32965222
1783116925925,nx-q6-nexmark-sponge-q0-20260701-180117,4399003,Executor0,4399003
1783116926584,nx-q0-nexmark-autoscaler-rerun-20260626-214353,12854473,Executor0,12854473
1783116926641,nx-q0-nexmark-auto-170510,33063000,Executor0,33063000
1783116926925,nx-q6-nexmark-sponge-q0-20260701-180117,4399003,Executor0,4399003
1783116927584,nx-q0-nexmark-autoscaler-rerun-20260626-214353,12854473,Executor0,12854473
1783116927641,nx-q0-nexmark-auto-170510,33162413,Executor0,33162413
1783116927925,nx-q6-nexmark-sponge-q0-20260701-180117,4399003,Executor0,4399003
1783116928584,nx-q0-nexmark-autoscaler-rerun-20260626-214353,12854473,Executor0,12854473
1783116928641,nx-q0-nexmark-auto-170510,33260000,Executor0,33260000
1783116928925,nx-q6-nexmark-sponge-q0-20260701-180117,4399003,Executor0,4399003
1783116929584,nx-q0-nexmark-autoscaler-rerun-20260626-214353,12854473,Executor0,12854473
1783116929641,nx-q0-nexmark-auto-170510,33366799,Executor0,33366799
1783116929925,nx-q6-nexmark-sponge-q0-20260701-180117,4399003,Executor0,4399003
1783116930584,nx-q0-nexmark-autoscaler-rerun-20260626-214353,12854473,Executor0,12854473
1783116930641,nx-q0-nexmark-auto-170510,33463355,Executor0,33463355
1783116930925,nx-q6-nexmark-sponge-q0-20260701-180117,4399003,Executor0,4399003
1783116931584,nx-q0-nexmark-autoscaler-rerun-20260626-214353,12854473,Executor0,12854473
1783116931641,nx-q0-nexmark-auto-170510,33562277,Executor0,33562277
1783116931925,nx-q6-nexmark-sponge-q0-20260701-180117,4399003,Executor0,4399003
1783116932584,nx-q0-nexmark-autoscaler-rerun-20260626-214353,12854473,Executor0,12854473
1783116932641,nx-q0-nexmark-auto-170510,33666424,Executor0,33666424
1783116932925,nx-q6-nexmark-sponge-q0-20260701-180117,4399003,Executor0,4399003
1783116933584,nx-q0-nexmark-autoscaler-rerun-20260626-214353,12854473,Executor0,12854473
1783116933641,nx-q0-nexmark-auto-170510,33764963,Executor0,33764963
1783116933925,nx-q6-nexmark-sponge-q0-20260701-180117,4399003,Executor0,4399003
1783116934584,nx-q0-nexmark-autoscaler-rerun-20260626-214353,12854473,Executor0,12854473
1783116934641,nx-q0-nexmark-auto-170510,33865716,Executor0,33865716
1783116934925,nx-q6-nexmark-sponge-q0-20260701-180117,4399003,Executor0,4399003
1783116935584,nx-q0-nexmark-autoscaler-rerun-20260626-214353,12854473,Executor0,12854473
1783116935641,nx-q0-nexmark-auto-170510,33960000,Executor0,33960000
1783116935925,nx-q6-nexmark-sponge-q0-20260701-180117,4399003,Executor0,4399003
1783116936584,nx-q0-nexmark-autoscaler-rerun-20260626-214353,12854473,Executor0,12854473
1783116936641,nx-q0-nexmark-auto-170510,34065545,Executor0,34065545
1783116936925,nx-q6-nexmark-sponge-q0-20260701-180117,4399003,Executor0,4399003
1783116937584,nx-q0-nexmark-autoscaler-rerun-20260626-214353,12854473,Executor0,12854473
1783116937641,nx-q0-nexmark-auto-170510,34165609,Executor0,34165609
1783116937925,nx-q6-nexmark-sponge-q0-20260701-180117,4399003,Executor0,4399003
1783116938584,nx-q0-nexmark-autoscaler-rerun-20260626-214353,12854473,Executor0,12854473
1783116938641,nx-q0-nexmark-auto-170510,34262097,Executor0,34262097
1783116938925,nx-q6-nexmark-sponge-q0-20260701-180117,4399003,Executor0,4399003
1783116939584,nx-q0-nexmark-autoscaler-rerun-20260626-214353,12854473,Executor0,12854473
1783116939641,nx-q0-nexmark-auto-170510,34364527,Executor0,34364527
1783116939925,nx-q6-nexmark-sponge-q0-20260701-180117,4399003,Executor0,4399003
1783116940584,nx-q0-nexmark-autoscaler-rerun-20260626-214353,12854473,Executor0,12854473
1783116940641,nx-q0-nexmark-auto-170510,34461488,Executor0,34461488
1783116940925,nx-q6-nexmark-sponge-q0-20260701-180117,4399003,Executor0,4399003
1783116941584,nx-q0-nexmark-autoscaler-rerun-20260626-214353,12854473,Executor0,12854473
1783116941641,nx-q0-nexmark-auto-170510,34564110,Executor0,34564110
1783116941925,nx-q6-nexmark-sponge-q0-20260701-180117,4399003,Executor0,4399003
1783116942584,nx-q0-nexmark-autoscaler-rerun-20260626-214353,12854473,Executor0,12854473
1783116942641,nx-q0-nexmark-auto-170510,34663889,Executor0,34663889
1783116942925,nx-q6-nexmark-sponge-q0-20260701-180117,4399003,Executor0,4399003
1783116943584,nx-q0-nexmark-autoscaler-rerun-20260626-214353,12854473,Executor0,12854473
1783116943641,nx-q0-nexmark-auto-170510,34762963,Executor0,34762963
1783116943925,nx-q6-nexmark-sponge-q0-20260701-180117,4399003,Executor0,4399003
1783116944584,nx-q0-nexmark-autoscaler-rerun-20260626-214353,12854473,Executor0,12854473
1783116944641,nx-q0-nexmark-auto-170510,34869453,Executor0,34869453
1783116944925,nx-q6-nexmark-sponge-q0-20260701-180117,4399003,Executor0,4399003
1783116945584,nx-q0-nexmark-autoscaler-rerun-20260626-214353,12854473,Executor0,12854473
1783116945641,nx-q0-nexmark-auto-170510,34964168,Executor0,34964168
1783116945925,nx-q6-nexmark-sponge-q0-20260701-180117,4399003,Executor0,4399003
1783116946584,nx-q0-nexmark-autoscaler-rerun-20260626-214353,12854473,Executor0,12854473
1783116946641,nx-q0-nexmark-auto-170510,35061977,Executor0,35061977
1783116946925,nx-q6-nexmark-sponge-q0-20260701-180117,4399003,Executor0,4399003
1783116947584,nx-q0-nexmark-autoscaler-rerun-20260626-214353,12854473,Executor0,12854473
1783116947641,nx-q0-nexmark-auto-170510,35163000,Executor0,35163000
1783116947925,nx-q6-nexmark-sponge-q0-20260701-180117,4399003,Executor0,4399003
1783116948584,nx-q0-nexmark-autoscaler-rerun-20260626-214353,12854473,Executor0,12854473
1783116948641,nx-q0-nexmark-auto-170510,35262711,Executor0,35262711
1783116948925,nx-q6-nexmark-sponge-q0-20260701-180117,4399003,Executor0,4399003
1783116949584,nx-q0-nexmark-autoscaler-rerun-20260626-214353,12854473,Executor0,12854473
1783116949641,nx-q0-nexmark-auto-170510,35362180,Executor0,35362180
1783116949925,nx-q6-nexmark-sponge-q0-20260701-180117,4399003,Executor0,4399003
1783116950584,nx-q0-nexmark-autoscaler-rerun-20260626-214353,12854473,Executor0,12854473
1783116950641,nx-q0-nexmark-auto-170510,35460000,Executor0,35460000
1783116950925,nx-q6-nexmark-sponge-q0-20260701-180117,4399003,Executor0,4399003
1783116951584,nx-q0-nexmark-autoscaler-rerun-20260626-214353,12854473,Executor0,12854473
1783116951641,nx-q0-nexmark-auto-170510,35563567,Executor0,35563567
1783116951925,nx-q6-nexmark-sponge-q0-20260701-180117,4399003,Executor0,4399003
1783116952584,nx-q0-nexmark-autoscaler-rerun-20260626-214353,12854473,Executor0,12854473
1783116952641,nx-q0-nexmark-auto-170510,35662153,Executor0,35662153
1783116952925,nx-q6-nexmark-sponge-q0-20260701-180117,4399003,Executor0,4399003
1783116953584,nx-q0-nexmark-autoscaler-rerun-20260626-214353,12854473,Executor0,12854473
1783116953641,nx-q0-nexmark-auto-170510,35764510,Executor0,35764510
1783116953925,nx-q6-nexmark-sponge-q0-20260701-180117,4399003,Executor0,4399003
1783116954584,nx-q0-nexmark-autoscaler-rerun-20260626-214353,12854473,Executor0,12854473
1783116954641,nx-q0-nexmark-auto-170510,35860927,Executor0,35860927
1783116954925,nx-q6-nexmark-sponge-q0-20260701-180117,4399003,Executor0,4399003
1783116955584,nx-q0-nexmark-autoscaler-rerun-20260626-214353,12854473,Executor0,12854473
1783116955641,nx-q0-nexmark-auto-170510,35961934,Executor0,35961934
1783116955925,nx-q6-nexmark-sponge-q0-20260701-180117,4399003,Executor0,4399003
1783116956584,nx-q0-nexmark-autoscaler-rerun-20260626-214353,12854473,Executor0,12854473
1783116956641,nx-q0-nexmark-auto-170510,36061717,Executor0,36061717
1783116956925,nx-q6-nexmark-sponge-q0-20260701-180117,4399003,Executor0,4399003
1783116957584,nx-q0-nexmark-autoscaler-rerun-20260626-214353,12854473,Executor0,12854473
1783116957641,nx-q0-nexmark-auto-170510,36165662,Executor0,36165662
1783116957925,nx-q6-nexmark-sponge-q0-20260701-180117,4399003,Executor0,4399003
1783116958584,nx-q0-nexmark-autoscaler-rerun-20260626-214353,12854473,Executor0,12854473
1783116958641,nx-q0-nexmark-auto-170510,36263000,Executor0,36263000
1783116958925,nx-q6-nexmark-sponge-q0-20260701-180117,4399003,Executor0,4399003
1783116959584,nx-q0-nexmark-autoscaler-rerun-20260626-214353,12854473,Executor0,12854473
1783116959641,nx-q0-nexmark-auto-170510,36358788,Executor0,36358788
1783116959925,nx-q6-nexmark-sponge-q0-20260701-180117,4399003,Executor0,4399003
1783116960584,nx-q0-nexmark-autoscaler-rerun-20260626-214353,12854473,Executor0,12854473
1783116960641,nx-q0-nexmark-auto-170510,36458063,Executor0,36458063
1783116960925,nx-q6-nexmark-sponge-q0-20260701-180117,4399003,Executor0,4399003
1783116961584,nx-q0-nexmark-autoscaler-rerun-20260626-214353,12854473,Executor0,12854473
1783116961641,nx-q0-nexmark-auto-170510,36566548,Executor0,36566548
1783116961925,nx-q6-nexmark-sponge-q0-20260701-180117,4399003,Executor0,4399003
1783116962584,nx-q0-nexmark-autoscaler-rerun-20260626-214353,12854473,Executor0,12854473
1783116962641,nx-q0-nexmark-auto-170510,36663813,Executor0,36663813
1783116962925,nx-q6-nexmark-sponge-q0-20260701-180117,4399003,Executor0,4399003
1783116963584,nx-q0-nexmark-autoscaler-rerun-20260626-214353,12854473,Executor0,12854473
1783116963641,nx-q0-nexmark-auto-170510,36760973,Executor0,36760973
1783116963925,nx-q6-nexmark-sponge-q0-20260701-180117,4399003,Executor0,4399003
1783116964584,nx-q0-nexmark-autoscaler-rerun-20260626-214353,12854473,Executor0,12854473
1783116964641,nx-q0-nexmark-auto-170510,36860250,Executor0,36860250
1783116964925,nx-q6-nexmark-sponge-q0-20260701-180117,4399003,Executor0,4399003
1783116965584,nx-q0-nexmark-autoscaler-rerun-20260626-214353,12854473,Executor0,12854473
1783116965641,nx-q0-nexmark-auto-170510,36964380,Executor0,36964380
1783116965925,nx-q6-nexmark-sponge-q0-20260701-180117,4399003,Executor0,4399003
1783116966584,nx-q0-nexmark-autoscaler-rerun-20260626-214353,12854473,Executor0,12854473
1783116966641,nx-q0-nexmark-auto-170510,37067199,Executor0,37067199
1783116966925,nx-q6-nexmark-sponge-q0-20260701-180117,4399003,Executor0,4399003
1783116967584,nx-q0-nexmark-autoscaler-rerun-20260626-214353,12854473,Executor0,12854473
1783116967641,nx-q0-nexmark-auto-170510,37165426,Executor0,37165426
1783116967925,nx-q6-nexmark-sponge-q0-20260701-180117,4399003,Executor0,4399003
1783116968584,nx-q0-nexmark-autoscaler-rerun-20260626-214353,12854473,Executor0,12854473
1783116968641,nx-q0-nexmark-auto-170510,37265572,Executor0,37265572
1783116968925,nx-q6-nexmark-sponge-q0-20260701-180117,4399003,Executor0,4399003
1783116969584,nx-q0-nexmark-autoscaler-rerun-20260626-214353,12854473,Executor0,12854473
1783116969641,nx-q0-nexmark-auto-170510,37360000,Executor0,37360000
1783116969925,nx-q6-nexmark-sponge-q0-20260701-180117,4399003,Executor0,4399003
1783116970584,nx-q0-nexmark-autoscaler-rerun-20260626-214353,12854473,Executor0,12854473
1783116970641,nx-q0-nexmark-auto-170510,37465436,Executor0,37465436
1783116970925,nx-q6-nexmark-sponge-q0-20260701-180117,4399003,Executor0,4399003
1783116971584,nx-q0-nexmark-autoscaler-rerun-20260626-214353,12854473,Executor0,12854473
1783116971641,nx-q0-nexmark-auto-170510,37561150,Executor0,37561150
1783116971925,nx-q6-nexmark-sponge-q0-20260701-180117,4399003,Executor0,4399003
1783116972584,nx-q0-nexmark-autoscaler-rerun-20260626-214353,12854473,Executor0,12854473
1783116972641,nx-q0-nexmark-auto-170510,37665561,Executor0,37665561
1783116972925,nx-q6-nexmark-sponge-q0-20260701-180117,4399003,Executor0,4399003
1783116973584,nx-q0-nexmark-autoscaler-rerun-20260626-214353,12854473,Executor0,12854473
1783116973641,nx-q0-nexmark-auto-170510,37761694,Executor0,37761694
1783116973925,nx-q6-nexmark-sponge-q0-20260701-180117,4399003,Executor0,4399003
1783116974584,nx-q0-nexmark-autoscaler-rerun-20260626-214353,12854473,Executor0,12854473
1783116974641,nx-q0-nexmark-auto-170510,37858906,Executor0,37858906
1783116974925,nx-q6-nexmark-sponge-q0-20260701-180117,4399003,Executor0,4399003
1783116975584,nx-q0-nexmark-autoscaler-rerun-20260626-214353,12854473,Executor0,12854473
1783116975641,nx-q0-nexmark-auto-170510,37960616,Executor0,37960616
1783116975925,nx-q6-nexmark-sponge-q0-20260701-180117,4399003,Executor0,4399003
1783116976584,nx-q0-nexmark-autoscaler-rerun-20260626-214353,12854473,Executor0,12854473
1783116976641,nx-q0-nexmark-auto-170510,38063986,Executor0,38063986
1783116976925,nx-q6-nexmark-sponge-q0-20260701-180117,4399003,Executor0,4399003
1783116977584,nx-q0-nexmark-autoscaler-rerun-20260626-214353,12854473,Executor0,12854473
1783116977641,nx-q0-nexmark-auto-170510,38164975,Executor0,38164975
1783116977925,nx-q6-nexmark-sponge-q0-20260701-180117,4399003,Executor0,4399003
1783116978584,nx-q0-nexmark-autoscaler-rerun-20260626-214353,12854473,Executor0,12854473
1783116978641,nx-q0-nexmark-auto-170510,38265020,Executor0,38265020
1783116978925,nx-q6-nexmark-sponge-q0-20260701-180117,4399003,Executor0,4399003
1783116979584,nx-q0-nexmark-autoscaler-rerun-20260626-214353,12854473,Executor0,12854473
1783116979641,nx-q0-nexmark-auto-170510,38366227,Executor0,38366227
1783116979925,nx-q6-nexmark-sponge-q0-20260701-180117,4399003,Executor0,4399003
1783116980584,nx-q0-nexmark-autoscaler-rerun-20260626-214353,12854473,Executor0,12854473
1783116980641,nx-q0-nexmark-auto-170510,38463981,Executor0,38463981
1783116980925,nx-q6-nexmark-sponge-q0-20260701-180117,4399003,Executor0,4399003
1783116981584,nx-q0-nexmark-autoscaler-rerun-20260626-214353,12854473,Executor0,12854473
1783116981641,nx-q0-nexmark-auto-170510,38564034,Executor0,38564034
1783116981925,nx-q6-nexmark-sponge-q0-20260701-180117,4399003,Executor0,4399003
1783116982584,nx-q0-nexmark-autoscaler-rerun-20260626-214353,12854473,Executor0,12854473
1783116982641,nx-q0-nexmark-auto-170510,38670465,Executor0,38670465
1783116982925,nx-q6-nexmark-sponge-q0-20260701-180117,4399003,Executor0,4399003
1783116983584,nx-q0-nexmark-autoscaler-rerun-20260626-214353,12854473,Executor0,12854473
1783116983641,nx-q0-nexmark-auto-170510,38749543,Executor0,38749543
1783116983925,nx-q6-nexmark-sponge-q0-20260701-180117,4399003,Executor0,4399003
1783116984584,nx-q0-nexmark-autoscaler-rerun-20260626-214353,12854473,Executor0,12854473
1783116984641,nx-q0-nexmark-auto-170510,38860812,Executor0,38860812
1783116984925,nx-q6-nexmark-sponge-q0-20260701-180117,4399003,Executor0,4399003
1783116985584,nx-q0-nexmark-autoscaler-rerun-20260626-214353,12854473,Executor0,12854473
1783116985641,nx-q0-nexmark-auto-170510,38962859,Executor0,38962859
1783116985925,nx-q6-nexmark-sponge-q0-20260701-180117,4399003,Executor0,4399003
1783116986584,nx-q0-nexmark-autoscaler-rerun-20260626-214353,12854473,Executor0,12854473
1783116986641,nx-q0-nexmark-auto-170510,39062188,Executor0,39062188
1783116986925,nx-q6-nexmark-sponge-q0-20260701-180117,4399003,Executor0,4399003
1783116987584,nx-q0-nexmark-autoscaler-rerun-20260626-214353,12854473,Executor0,12854473
1783116987641,nx-q0-nexmark-auto-170510,39161154,Executor0,39161154
1783116987925,nx-q6-nexmark-sponge-q0-20260701-180117,4399003,Executor0,4399003
1783116988584,nx-q0-nexmark-autoscaler-rerun-20260626-214353,12854473,Executor0,12854473
1783116988641,nx-q0-nexmark-auto-170510,39262002,Executor0,39262002
1783116988925,nx-q6-nexmark-sponge-q0-20260701-180117,4399003,Executor0,4399003
1783116989584,nx-q0-nexmark-autoscaler-rerun-20260626-214353,12854473,Executor0,12854473
1783116989641,nx-q0-nexmark-auto-170510,39361626,Executor0,39361626
1783116989925,nx-q6-nexmark-sponge-q0-20260701-180117,4399003,Executor0,4399003
1783116990584,nx-q0-nexmark-autoscaler-rerun-20260626-214353,12854473,Executor0,12854473
1783116990641,nx-q0-nexmark-auto-170510,39460854,Executor0,39460854
1783116990925,nx-q6-nexmark-sponge-q0-20260701-180117,4399003,Executor0,4399003
1783116991584,nx-q0-nexmark-autoscaler-rerun-20260626-214353,12854473,Executor0,12854473
1783116991641,nx-q0-nexmark-auto-170510,39559708,Executor0,39559708
1783116991925,nx-q6-nexmark-sponge-q0-20260701-180117,4399003,Executor0,4399003
1783116992584,nx-q0-nexmark-autoscaler-rerun-20260626-214353,12854473,Executor0,12854473
1783116992641,nx-q0-nexmark-auto-170510,39661286,Executor0,39661286
1783116992925,nx-q6-nexmark-sponge-q0-20260701-180117,4399003,Executor0,4399003
1783116993584,nx-q0-nexmark-autoscaler-rerun-20260626-214353,12854473,Executor0,12854473
1783116993641,nx-q0-nexmark-auto-170510,39762706,Executor0,39762706
1783116993925,nx-q6-nexmark-sponge-q0-20260701-180117,4399003,Executor0,4399003
1783116994584,nx-q0-nexmark-autoscaler-rerun-20260626-214353,12854473,Executor0,12854473
1783116994641,nx-q0-nexmark-auto-170510,39860000,Executor0,39860000
1783116994925,nx-q6-nexmark-sponge-q0-20260701-180117,4399003,Executor0,4399003
1783116995584,nx-q0-nexmark-autoscaler-rerun-20260626-214353,12854473,Executor0,12854473
1783116995641,nx-q0-nexmark-auto-170510,39961337,Executor0,39961337
1783116995925,nx-q6-nexmark-sponge-q0-20260701-180117,4399003,Executor0,4399003
1783116996584,nx-q0-nexmark-autoscaler-rerun-20260626-214353,12854473,Executor0,12854473
1783116996641,nx-q0-nexmark-auto-170510,40062214,Executor0,40062214
1783116996925,nx-q6-nexmark-sponge-q0-20260701-180117,4399003,Executor0,4399003
1783116997584,nx-q0-nexmark-autoscaler-rerun-20260626-214353,12854473,Executor0,12854473
1783116997641,nx-q0-nexmark-auto-170510,40164512,Executor0,40164512
1783116997925,nx-q6-nexmark-sponge-q0-20260701-180117,4399003,Executor0,4399003
1783116998584,nx-q0-nexmark-autoscaler-rerun-20260626-214353,12854473,Executor0,12854473
1783116998641,nx-q0-nexmark-auto-170510,40262892,Executor0,40262892
1783116998925,nx-q6-nexmark-sponge-q0-20260701-180117,4399003,Executor0,4399003
1783116999584,nx-q0-nexmark-autoscaler-rerun-20260626-214353,12854473,Executor0,12854473
1783116999641,nx-q0-nexmark-auto-170510,40364198,Executor0,40364198
1783116999925,nx-q6-nexmark-sponge-q0-20260701-180117,4399003,Executor0,4399003
1783117000584,nx-q0-nexmark-autoscaler-rerun-20260626-214353,12854473,Executor0,12854473
1783117000641,nx-q0-nexmark-auto-170510,40461385,Executor0,40461385
1783117000925,nx-q6-nexmark-sponge-q0-20260701-180117,4399003,Executor0,4399003
1783117001584,nx-q0-nexmark-autoscaler-rerun-20260626-214353,12854473,Executor0,12854473
1783117001641,nx-q0-nexmark-auto-170510,40560313,Executor0,40560313
1783117001925,nx-q6-nexmark-sponge-q0-20260701-180117,4399003,Executor0,4399003
1783117002584,nx-q0-nexmark-autoscaler-rerun-20260626-214353,12854473,Executor0,12854473
1783117002641,nx-q0-nexmark-auto-170510,40663993,Executor0,40663993
1783117002925,nx-q6-nexmark-sponge-q0-20260701-180117,4399003,Executor0,4399003
1783117003584,nx-q0-nexmark-autoscaler-rerun-20260626-214353,12854473,Executor0,12854473
1783117003641,nx-q0-nexmark-auto-170510,40763514,Executor0,40763514
1783117003925,nx-q6-nexmark-sponge-q0-20260701-180117,4399003,Executor0,4399003
1783117004584,nx-q0-nexmark-autoscaler-rerun-20260626-214353,12854473,Executor0,12854473
1783117004641,nx-q0-nexmark-auto-170510,40865688,Executor0,40865688
1783117004925,nx-q6-nexmark-sponge-q0-20260701-180117,4399003,Executor0,4399003
1783117005584,nx-q0-nexmark-autoscaler-rerun-20260626-214353,12854473,Executor0,12854473
1783117005641,nx-q0-nexmark-auto-170510,40960000,Executor0,40960000
1783117005925,nx-q6-nexmark-sponge-q0-20260701-180117,4399003,Executor0,4399003
1783117006584,nx-q0-nexmark-autoscaler-rerun-20260626-214353,12854473,Executor0,12854473
1783117006641,nx-q0-nexmark-auto-170510,41062864,Executor0,41062864
1783117006925,nx-q6-nexmark-sponge-q0-20260701-180117,4399003,Executor0,4399003
1783117007584,nx-q0-nexmark-autoscaler-rerun-20260626-214353,12854473,Executor0,12854473
1783117007641,nx-q0-nexmark-auto-170510,41161167,Executor0,41161167
1783117007925,nx-q6-nexmark-sponge-q0-20260701-180117,4399003,Executor0,4399003
1783117008584,nx-q0-nexmark-autoscaler-rerun-20260626-214353,12854473,Executor0,12854473
1783117008641,nx-q0-nexmark-auto-170510,41260000,Executor0,41260000
1783117008925,nx-q6-nexmark-sponge-q0-20260701-180117,4399003,Executor0,4399003
1783117009584,nx-q0-nexmark-autoscaler-rerun-20260626-214353,12854473,Executor0,12854473
1783117009641,nx-q0-nexmark-auto-170510,41359466,Executor0,41359466
1783117009925,nx-q6-nexmark-sponge-q0-20260701-180117,4399003,Executor0,4399003
1783117010584,nx-q0-nexmark-autoscaler-rerun-20260626-214353,12854473,Executor0,12854473
1783117010641,nx-q0-nexmark-auto-170510,41460372,Executor0,41460372
1783117010925,nx-q6-nexmark-sponge-q0-20260701-180117,4399003,Executor0,4399003
1783117011584,nx-q0-nexmark-autoscaler-rerun-20260626-214353,12854473,Executor0,12854473
1783117011641,nx-q0-nexmark-auto-170510,41560000,Executor0,41560000
1783117011925,nx-q6-nexmark-sponge-q0-20260701-180117,4399003,Executor0,4399003
1783117012584,nx-q0-nexmark-autoscaler-rerun-20260626-214353,12854473,Executor0,12854473
1783117012641,nx-q0-nexmark-auto-170510,41665164,Executor0,41665164
1783117012925,nx-q6-nexmark-sponge-q0-20260701-180117,4399003,Executor0,4399003
1783117013584,nx-q0-nexmark-autoscaler-rerun-20260626-214353,12854473,Executor0,12854473
1783117013641,nx-q0-nexmark-auto-170510,41761794,Executor0,41761794
1783117013925,nx-q6-nexmark-sponge-q0-20260701-180117,4399003,Executor0,4399003
1783117014584,nx-q0-nexmark-autoscaler-rerun-20260626-214353,12854473,Executor0,12854473
1783117014641,nx-q0-nexmark-auto-170510,41861867,Executor0,41861867
1783117014925,nx-q6-nexmark-sponge-q0-20260701-180117,4399003,Executor0,4399003
1783117015584,nx-q0-nexmark-autoscaler-rerun-20260626-214353,12854473,Executor0,12854473
1783117015641,nx-q0-nexmark-auto-170510,41960984,Executor0,41960984
1783117015925,nx-q6-nexmark-sponge-q0-20260701-180117,4399003,Executor0,4399003
1783117016584,nx-q0-nexmark-autoscaler-rerun-20260626-214353,12854473,Executor0,12854473
1783117016641,nx-q0-nexmark-auto-170510,42060000,Executor0,42060000
1783117016925,nx-q6-nexmark-sponge-q0-20260701-180117,4399003,Executor0,4399003
1783117017584,nx-q0-nexmark-autoscaler-rerun-20260626-214353,12854473,Executor0,12854473
1783117017641,nx-q0-nexmark-auto-170510,42163318,Executor0,42163318
1783117017925,nx-q6-nexmark-sponge-q0-20260701-180117,4399003,Executor0,4399003
1783117018584,nx-q0-nexmark-autoscaler-rerun-20260626-214353,12854473,Executor0,12854473
1783117018641,nx-q0-nexmark-auto-170510,42262648,Executor0,42262648
1783117018925,nx-q6-nexmark-sponge-q0-20260701-180117,4399003,Executor0,4399003
1783117019584,nx-q0-nexmark-autoscaler-rerun-20260626-214353,12854473,Executor0,12854473
1783117019641,nx-q0-nexmark-auto-170510,42360410,Executor0,42360410
1783117019925,nx-q6-nexmark-sponge-q0-20260701-180117,4399003,Executor0,4399003
1783117020584,nx-q0-nexmark-autoscaler-rerun-20260626-214353,12854473,Executor0,12854473
1783117020641,nx-q0-nexmark-auto-170510,42464814,Executor0,42464814
1783117020925,nx-q6-nexmark-sponge-q0-20260701-180117,4399003,Executor0,4399003
1783117021584,nx-q0-nexmark-autoscaler-rerun-20260626-214353,12854473,Executor0,12854473
1783117021641,nx-q0-nexmark-auto-170510,42563000,Executor0,42563000
1783117021925,nx-q6-nexmark-sponge-q0-20260701-180117,4399003,Executor0,4399003
1783117022584,nx-q0-nexmark-autoscaler-rerun-20260626-214353,12854473,Executor0,12854473
1783117022641,nx-q0-nexmark-auto-170510,42664401,Executor0,42664401
1783117022925,nx-q6-nexmark-sponge-q0-20260701-180117,4399003,Executor0,4399003
1783117023584,nx-q0-nexmark-autoscaler-rerun-20260626-214353,12854473,Executor0,12854473
1783117023641,nx-q0-nexmark-auto-170510,42761236,Executor0,42761236
1783117023925,nx-q6-nexmark-sponge-q0-20260701-180117,4399003,Executor0,4399003
1783117024584,nx-q0-nexmark-autoscaler-rerun-20260626-214353,12854473,Executor0,12854473
1783117024641,nx-q0-nexmark-auto-170510,42855283,Executor0,42855283
1783117024925,nx-q6-nexmark-sponge-q0-20260701-180117,4399003,Executor0,4399003
1783117025584,nx-q0-nexmark-autoscaler-rerun-20260626-214353,12854473,Executor0,12854473
1783117025641,nx-q0-nexmark-auto-170510,42960000,Executor0,42960000
1783117025925,nx-q6-nexmark-sponge-q0-20260701-180117,4399003,Executor0,4399003
1783117026584,nx-q0-nexmark-autoscaler-rerun-20260626-214353,12854473,Executor0,12854473
1783117026641,nx-q0-nexmark-auto-170510,43062095,Executor0,43062095
1783117026925,nx-q6-nexmark-sponge-q0-20260701-180117,4399003,Executor0,4399003
1783117027584,nx-q0-nexmark-autoscaler-rerun-20260626-214353,12854473,Executor0,12854473
1783117027641,nx-q0-nexmark-auto-170510,43161746,Executor0,43161746
1783117027925,nx-q6-nexmark-sponge-q0-20260701-180117,4399003,Executor0,4399003
1783117028584,nx-q0-nexmark-autoscaler-rerun-20260626-214353,12854473,Executor0,12854473
1783117028641,nx-q0-nexmark-auto-170510,43263213,Executor0,43263213
1783117028925,nx-q6-nexmark-sponge-q0-20260701-180117,4399003,Executor0,4399003
1783117029584,nx-q0-nexmark-autoscaler-rerun-20260626-214353,12854473,Executor0,12854473
1783117029641,nx-q0-nexmark-auto-170510,43360000,Executor0,43360000
1783117029925,nx-q6-nexmark-sponge-q0-20260701-180117,4399003,Executor0,4399003
1783117030584,nx-q0-nexmark-autoscaler-rerun-20260626-214353,12854473,Executor0,12854473
1783117030641,nx-q0-nexmark-auto-170510,43467430,Executor0,43467430
1783117030925,nx-q6-nexmark-sponge-q0-20260701-180117,4399003,Executor0,4399003
1783117031584,nx-q0-nexmark-autoscaler-rerun-20260626-214353,12854473,Executor0,12854473
1783117031641,nx-q0-nexmark-auto-170510,43562114,Executor0,43562114
1783117031925,nx-q6-nexmark-sponge-q0-20260701-180117,4399003,Executor0,4399003
1783117032584,nx-q0-nexmark-autoscaler-rerun-20260626-214353,12854473,Executor0,12854473
1783117032641,nx-q0-nexmark-auto-170510,43661837,Executor0,43661837
1783117032925,nx-q6-nexmark-sponge-q0-20260701-180117,4399003,Executor0,4399003
1783117033584,nx-q0-nexmark-autoscaler-rerun-20260626-214353,12854473,Executor0,12854473
1783117033641,nx-q0-nexmark-auto-170510,43761760,Executor0,43761760
1783117033925,nx-q6-nexmark-sponge-q0-20260701-180117,4399003,Executor0,4399003
1783117034584,nx-q0-nexmark-autoscaler-rerun-20260626-214353,12854473,Executor0,12854473
1783117034641,nx-q0-nexmark-auto-170510,43860307,Executor0,43860307
1783117034925,nx-q6-nexmark-sponge-q0-20260701-180117,4399003,Executor0,4399003
1783117035584,nx-q0-nexmark-autoscaler-rerun-20260626-214353,12854473,Executor0,12854473
1783117035641,nx-q0-nexmark-auto-170510,43964323,Executor0,43964323
1783117035925,nx-q6-nexmark-sponge-q0-20260701-180117,4399003,Executor0,4399003
1783117036584,nx-q0-nexmark-autoscaler-rerun-20260626-214353,12854473,Executor0,12854473
1783117036641,nx-q0-nexmark-auto-170510,44062366,Executor0,44062366
1783117036925,nx-q6-nexmark-sponge-q0-20260701-180117,4399003,Executor0,4399003
1783117037584,nx-q0-nexmark-autoscaler-rerun-20260626-214353,12854473,Executor0,12854473
1783117037641,nx-q0-nexmark-auto-170510,44166324,Executor0,44166324
1783117037925,nx-q6-nexmark-sponge-q0-20260701-180117,4399003,Executor0,4399003
1783117038584,nx-q0-nexmark-autoscaler-rerun-20260626-214353,12854473,Executor0,12854473
1783117038641,nx-q0-nexmark-auto-170510,44262353,Executor0,44262353
1783117038925,nx-q6-nexmark-sponge-q0-20260701-180117,4399003,Executor0,4399003
1783117039584,nx-q0-nexmark-autoscaler-rerun-20260626-214353,12854473,Executor0,12854473
1783117039641,nx-q0-nexmark-auto-170510,44360000,Executor0,44360000
1783117039925,nx-q6-nexmark-sponge-q0-20260701-180117,4399003,Executor0,4399003
1783117040584,nx-q0-nexmark-autoscaler-rerun-20260626-214353,12854473,Executor0,12854473
1783117040641,nx-q0-nexmark-auto-170510,44462093,Executor0,44462093
1783117040925,nx-q6-nexmark-sponge-q0-20260701-180117,4399003,Executor0,4399003
1783117041584,nx-q0-nexmark-autoscaler-rerun-20260626-214353,12854473,Executor0,12854473
1783117041641,nx-q0-nexmark-auto-170510,44562356,Executor0,44562356
1783117041925,nx-q6-nexmark-sponge-q0-20260701-180117,4399003,Executor0,4399003
1783117042584,nx-q0-nexmark-autoscaler-rerun-20260626-214353,12854473,Executor0,12854473
1783117042641,nx-q0-nexmark-auto-170510,44663773,Executor0,44663773
1783117042925,nx-q6-nexmark-sponge-q0-20260701-180117,4399003,Executor0,4399003
1783117043584,nx-q0-nexmark-autoscaler-rerun-20260626-214353,12854473,Executor0,12854473
1783117043641,nx-q0-nexmark-auto-170510,44761967,Executor0,44761967
1783117043925,nx-q6-nexmark-sponge-q0-20260701-180117,4399003,Executor0,4399003
1783117044584,nx-q0-nexmark-autoscaler-rerun-20260626-214353,12854473,Executor0,12854473
1783117044641,nx-q0-nexmark-auto-170510,44863000,Executor0,44863000
1783117044925,nx-q6-nexmark-sponge-q0-20260701-180117,4399003,Executor0,4399003
1783117045584,nx-q0-nexmark-autoscaler-rerun-20260626-214353,12854473,Executor0,12854473
1783117045641,nx-q0-nexmark-auto-170510,44964376,Executor0,44964376
1783117045925,nx-q6-nexmark-sponge-q0-20260701-180117,4399003,Executor0,4399003
1783117046584,nx-q0-nexmark-autoscaler-rerun-20260626-214353,12854473,Executor0,12854473
1783117046641,nx-q0-nexmark-auto-170510,45060000,Executor0,45060000
1783117046925,nx-q6-nexmark-sponge-q0-20260701-180117,4399003,Executor0,4399003
1783117047584,nx-q0-nexmark-autoscaler-rerun-20260626-214353,12854473,Executor0,12854473
1783117047641,nx-q0-nexmark-auto-170510,45160000,Executor0,45160000
1783117047925,nx-q6-nexmark-sponge-q0-20260701-180117,4399003,Executor0,4399003
1783117048584,nx-q0-nexmark-autoscaler-rerun-20260626-214353,12854473,Executor0,12854473
1783117048641,nx-q0-nexmark-auto-170510,45260001,Executor0,45260001
1783117048925,nx-q6-nexmark-sponge-q0-20260701-180117,4399003,Executor0,4399003
1783117049584,nx-q0-nexmark-autoscaler-rerun-20260626-214353,12854473,Executor0,12854473
1783117049641,nx-q0-nexmark-auto-170510,45364308,Executor0,45364308
1783117049925,nx-q6-nexmark-sponge-q0-20260701-180117,4399003,Executor0,4399003
1783117050584,nx-q0-nexmark-autoscaler-rerun-20260626-214353,12854473,Executor0,12854473
1783117050641,nx-q0-nexmark-auto-170510,45463000,Executor0,45463000
1783117050925,nx-q6-nexmark-sponge-q0-20260701-180117,4399003,Executor0,4399003
1783117051584,nx-q0-nexmark-autoscaler-rerun-20260626-214353,12854473,Executor0,12854473
1783117051641,nx-q0-nexmark-auto-170510,45560000,Executor0,45560000
1783117051925,nx-q6-nexmark-sponge-q0-20260701-180117,4399003,Executor0,4399003
1783117052584,nx-q0-nexmark-autoscaler-rerun-20260626-214353,12854473,Executor0,12854473
1783117052641,nx-q0-nexmark-auto-170510,45660000,Executor0,45660000
1783117052925,nx-q6-nexmark-sponge-q0-20260701-180117,4399003,Executor0,4399003
1783117053584,nx-q0-nexmark-autoscaler-rerun-20260626-214353,12854473,Executor0,12854473
1783117053641,nx-q0-nexmark-auto-170510,45768078,Executor0,45768078
1783117053925,nx-q6-nexmark-sponge-q0-20260701-180117,4399003,Executor0,4399003
1783117054584,nx-q0-nexmark-autoscaler-rerun-20260626-214353,12854473,Executor0,12854473
1783117054641,nx-q0-nexmark-auto-170510,45862618,Executor0,45862618
1783117054925,nx-q6-nexmark-sponge-q0-20260701-180117,4399003,Executor0,4399003
1783117055584,nx-q0-nexmark-autoscaler-rerun-20260626-214353,12854473,Executor0,12854473
1783117055641,nx-q0-nexmark-auto-170510,45960000,Executor0,45960000
1783117055925,nx-q6-nexmark-sponge-q0-20260701-180117,4399003,Executor0,4399003
1783117056584,nx-q0-nexmark-autoscaler-rerun-20260626-214353,12854473,Executor0,12854473
1783117056641,nx-q0-nexmark-auto-170510,46061957,Executor0,46061957
1783117056925,nx-q6-nexmark-sponge-q0-20260701-180117,4399003,Executor0,4399003
1783117057584,nx-q0-nexmark-autoscaler-rerun-20260626-214353,12854473,Executor0,12854473
1783117057641,nx-q0-nexmark-auto-170510,46163000,Executor0,46163000
1783117057925,nx-q6-nexmark-sponge-q0-20260701-180117,4399003,Executor0,4399003
1783117058584,nx-q0-nexmark-autoscaler-rerun-20260626-214353,12854473,Executor0,12854473
1783117058641,nx-q0-nexmark-auto-170510,46268129,Executor0,46268129
1783117058925,nx-q6-nexmark-sponge-q0-20260701-180117,4399003,Executor0,4399003
1783117059584,nx-q0-nexmark-autoscaler-rerun-20260626-214353,12854473,Executor0,12854473
1783117059641,nx-q0-nexmark-auto-170510,46362233,Executor0,46362233
1783117059925,nx-q6-nexmark-sponge-q0-20260701-180117,4399003,Executor0,4399003
1783117060584,nx-q0-nexmark-autoscaler-rerun-20260626-214353,12854473,Executor0,12854473
1783117060641,nx-q0-nexmark-auto-170510,46460000,Executor0,46460000
1783117060925,nx-q6-nexmark-sponge-q0-20260701-180117,4399003,Executor0,4399003
1783117061584,nx-q0-nexmark-autoscaler-rerun-20260626-214353,12854473,Executor0,12854473
1783117061641,nx-q0-nexmark-auto-170510,46565042,Executor0,46565042
1783117061925,nx-q6-nexmark-sponge-q0-20260701-180117,4399003,Executor0,4399003
1783117062584,nx-q0-nexmark-autoscaler-rerun-20260626-214353,12854473,Executor0,12854473
1783117062641,nx-q0-nexmark-auto-170510,46660000,Executor0,46660000
1783117062925,nx-q6-nexmark-sponge-q0-20260701-180117,4399003,Executor0,4399003
1783117063584,nx-q0-nexmark-autoscaler-rerun-20260626-214353,12854473,Executor0,12854473
1783117063641,nx-q0-nexmark-auto-170510,46762159,Executor0,46762159
1783117063925,nx-q6-nexmark-sponge-q0-20260701-180117,4399003,Executor0,4399003
1783117064584,nx-q0-nexmark-autoscaler-rerun-20260626-214353,12854473,Executor0,12854473
1783117064641,nx-q0-nexmark-auto-170510,46865018,Executor0,46865018
1783117064925,nx-q6-nexmark-sponge-q0-20260701-180117,4399003,Executor0,4399003
1783117065584,nx-q0-nexmark-autoscaler-rerun-20260626-214353,12854473,Executor0,12854473
1783117065641,nx-q0-nexmark-auto-170510,46963707,Executor0,46963707
1783117065925,nx-q6-nexmark-sponge-q0-20260701-180117,4399003,Executor0,4399003
1783117066584,nx-q0-nexmark-autoscaler-rerun-20260626-214353,12854473,Executor0,12854473
1783117066641,nx-q0-nexmark-auto-170510,47062567,Executor0,47062567
1783117066925,nx-q6-nexmark-sponge-q0-20260701-180117,4399003,Executor0,4399003
1783117067584,nx-q0-nexmark-autoscaler-rerun-20260626-214353,12854473,Executor0,12854473
1783117067641,nx-q0-nexmark-auto-170510,47160000,Executor0,47160000
1783117067925,nx-q6-nexmark-sponge-q0-20260701-180117,4399003,Executor0,4399003
1783117068584,nx-q0-nexmark-autoscaler-rerun-20260626-214353,12854473,Executor0,12854473
1783117068641,nx-q0-nexmark-auto-170510,47261962,Executor0,47261962
1783117068925,nx-q6-nexmark-sponge-q0-20260701-180117,4399003,Executor0,4399003
1783117069584,nx-q0-nexmark-autoscaler-rerun-20260626-214353,12854473,Executor0,12854473
1783117069641,nx-q0-nexmark-auto-170510,47363563,Executor0,47363563
1783117069925,nx-q6-nexmark-sponge-q0-20260701-180117,4399003,Executor0,4399003
1783117070584,nx-q0-nexmark-autoscaler-rerun-20260626-214353,12854473,Executor0,12854473
1783117070641,nx-q0-nexmark-auto-170510,47463369,Executor0,47463369
1783117070925,nx-q6-nexmark-sponge-q0-20260701-180117,4399003,Executor0,4399003
1783117071584,nx-q0-nexmark-autoscaler-rerun-20260626-214353,12854473,Executor0,12854473
1783117071641,nx-q0-nexmark-auto-170510,47563000,Executor0,47563000
1783117071925,nx-q6-nexmark-sponge-q0-20260701-180117,4399003,Executor0,4399003
1783117072584,nx-q0-nexmark-autoscaler-rerun-20260626-214353,12854473,Executor0,12854473
1783117072641,nx-q0-nexmark-auto-170510,47660000,Executor0,47660000
1783117072925,nx-q6-nexmark-sponge-q0-20260701-180117,4399003,Executor0,4399003
1783117073584,nx-q0-nexmark-autoscaler-rerun-20260626-214353,12854473,Executor0,12854473
1783117073641,nx-q0-nexmark-auto-170510,47760000,Executor0,47760000
1783117073925,nx-q6-nexmark-sponge-q0-20260701-180117,4399003,Executor0,4399003
1783117074584,nx-q0-nexmark-autoscaler-rerun-20260626-214353,12854473,Executor0,12854473
1783117074641,nx-q0-nexmark-auto-170510,47868705,Executor0,47868705
1783117074925,nx-q6-nexmark-sponge-q0-20260701-180117,4399003,Executor0,4399003
1783117075584,nx-q0-nexmark-autoscaler-rerun-20260626-214353,12854473,Executor0,12854473
1783117075641,nx-q0-nexmark-auto-170510,47960000,Executor0,47960000
1783117075925,nx-q6-nexmark-sponge-q0-20260701-180117,4399003,Executor0,4399003
1783117076584,nx-q0-nexmark-autoscaler-rerun-20260626-214353,12854473,Executor0,12854473
1783117076641,nx-q0-nexmark-auto-170510,48059290,Executor0,48059290
1783117076925,nx-q6-nexmark-sponge-q0-20260701-180117,4399003,Executor0,4399003
1783117077584,nx-q0-nexmark-autoscaler-rerun-20260626-214353,12854473,Executor0,12854473
1783117077641,nx-q0-nexmark-auto-170510,48165463,Executor0,48165463
1783117077925,nx-q6-nexmark-sponge-q0-20260701-180117,4399003,Executor0,4399003
1783117078584,nx-q0-nexmark-autoscaler-rerun-20260626-214353,12854473,Executor0,12854473
1783117078641,nx-q0-nexmark-auto-170510,48263821,Executor0,48263821
1783117078925,nx-q6-nexmark-sponge-q0-20260701-180117,4399003,Executor0,4399003
1783117079584,nx-q0-nexmark-autoscaler-rerun-20260626-214353,12854473,Executor0,12854473
1783117079641,nx-q0-nexmark-auto-170510,48348476,Executor0,48348476
1783117079925,nx-q6-nexmark-sponge-q0-20260701-180117,4399003,Executor0,4399003
1783117080584,nx-q0-nexmark-autoscaler-rerun-20260626-214353,12854473,Executor0,12854473
1783117080641,nx-q0-nexmark-auto-170510,48462741,Executor0,48462741
1783117080925,nx-q6-nexmark-sponge-q0-20260701-180117,4399003,Executor0,4399003
1783117081584,nx-q0-nexmark-autoscaler-rerun-20260626-214353,12854473,Executor0,12854473
1783117081641,nx-q0-nexmark-auto-170510,48561966,Executor0,48561966
1783117081925,nx-q6-nexmark-sponge-q0-20260701-180117,4399003,Executor0,4399003
1783117082584,nx-q0-nexmark-autoscaler-rerun-20260626-214353,12854473,Executor0,12854473
1783117082641,nx-q0-nexmark-auto-170510,48665321,Executor0,48665321
1783117082925,nx-q6-nexmark-sponge-q0-20260701-180117,4399003,Executor0,4399003
1783117083584,nx-q0-nexmark-autoscaler-rerun-20260626-214353,12854473,Executor0,12854473
1783117083641,nx-q0-nexmark-auto-170510,48760000,Executor0,48760000
1783117083925,nx-q6-nexmark-sponge-q0-20260701-180117,4399003,Executor0,4399003
1783117084584,nx-q0-nexmark-autoscaler-rerun-20260626-214353,12854473,Executor0,12854473
1783117084641,nx-q0-nexmark-auto-170510,48860000,Executor0,48860000
1783117084925,nx-q6-nexmark-sponge-q0-20260701-180117,4399003,Executor0,4399003
1783117085584,nx-q0-nexmark-autoscaler-rerun-20260626-214353,12854473,Executor0,12854473
1783117085641,nx-q0-nexmark-auto-170510,48962475,Executor0,48962475
1783117085925,nx-q6-nexmark-sponge-q0-20260701-180117,4399003,Executor0,4399003
1783117086584,nx-q0-nexmark-autoscaler-rerun-20260626-214353,12854473,Executor0,12854473
1783117086641,nx-q0-nexmark-auto-170510,49060000,Executor0,49060000
1783117086925,nx-q6-nexmark-sponge-q0-20260701-180117,4399003,Executor0,4399003
1783117087584,nx-q0-nexmark-autoscaler-rerun-20260626-214353,12854473,Executor0,12854473
1783117087641,nx-q0-nexmark-auto-170510,49164554,Executor0,49164554
1783117087925,nx-q6-nexmark-sponge-q0-20260701-180117,4399003,Executor0,4399003
1783117088584,nx-q0-nexmark-autoscaler-rerun-20260626-214353,12854473,Executor0,12854473
1783117088641,nx-q0-nexmark-auto-170510,49261939,Executor0,49261939
1783117088925,nx-q6-nexmark-sponge-q0-20260701-180117,4399003,Executor0,4399003
1783117089584,nx-q0-nexmark-autoscaler-rerun-20260626-214353,12854473,Executor0,12854473
1783117089641,nx-q0-nexmark-auto-170510,49361813,Executor0,49361813
1783117089925,nx-q6-nexmark-sponge-q0-20260701-180117,4399003,Executor0,4399003
1783117090584,nx-q0-nexmark-autoscaler-rerun-20260626-214353,12854473,Executor0,12854473
1783117090641,nx-q0-nexmark-auto-170510,49464047,Executor0,49464047
1783117090925,nx-q6-nexmark-sponge-q0-20260701-180117,4399003,Executor0,4399003
1783117091584,nx-q0-nexmark-autoscaler-rerun-20260626-214353,12854473,Executor0,12854473
1783117091641,nx-q0-nexmark-auto-170510,49560000,Executor0,49560000
1783117091925,nx-q6-nexmark-sponge-q0-20260701-180117,4399003,Executor0,4399003
1783117092584,nx-q0-nexmark-autoscaler-rerun-20260626-214353,12854473,Executor0,12854473
1783117092641,nx-q0-nexmark-auto-170510,49662264,Executor0,49662264
1783117092925,nx-q6-nexmark-sponge-q0-20260701-180117,4399003,Executor0,4399003
1783117093584,nx-q0-nexmark-autoscaler-rerun-20260626-214353,12854473,Executor0,12854473
1783117093641,nx-q0-nexmark-auto-170510,49762680,Executor0,49762680
1783117093925,nx-q6-nexmark-sponge-q0-20260701-180117,4399003,Executor0,4399003
1783117094584,nx-q0-nexmark-autoscaler-rerun-20260626-214353,12854473,Executor0,12854473
1783117094641,nx-q0-nexmark-auto-170510,49864288,Executor0,49864288
1783117094925,nx-q6-nexmark-sponge-q0-20260701-180117,4399003,Executor0,4399003
1783117095584,nx-q0-nexmark-autoscaler-rerun-20260626-214353,12854473,Executor0,12854473
1783117095641,nx-q0-nexmark-auto-170510,49961690,Executor0,49961690
1783117095925,nx-q6-nexmark-sponge-q0-20260701-180117,4399003,Executor0,4399003
1783117096584,nx-q0-nexmark-autoscaler-rerun-20260626-214353,12854473,Executor0,12854473
1783117096641,nx-q0-nexmark-auto-170510,50060000,Executor0,50060000
1783117096925,nx-q6-nexmark-sponge-q0-20260701-180117,4399003,Executor0,4399003
1783117097584,nx-q0-nexmark-autoscaler-rerun-20260626-214353,12854473,Executor0,12854473
1783117097641,nx-q0-nexmark-auto-170510,50158521,Executor0,50158521
1783117097925,nx-q6-nexmark-sponge-q0-20260701-180117,4399003,Executor0,4399003
1783117098584,nx-q0-nexmark-autoscaler-rerun-20260626-214353,12854473,Executor0,12854473
1783117098641,nx-q0-nexmark-auto-170510,50264230,Executor0,50264230
1783117098925,nx-q6-nexmark-sponge-q0-20260701-180117,4399003,Executor0,4399003
1783117099584,nx-q0-nexmark-autoscaler-rerun-20260626-214353,12854473,Executor0,12854473
1783117099641,nx-q0-nexmark-auto-170510,50359271,Executor0,50359271
1783117099925,nx-q6-nexmark-sponge-q0-20260701-180117,4399003,Executor0,4399003
1783117100584,nx-q0-nexmark-autoscaler-rerun-20260626-214353,12854473,Executor0,12854473
1783117100641,nx-q0-nexmark-auto-170510,50460800,Executor0,50460800
1783117100925,nx-q6-nexmark-sponge-q0-20260701-180117,4399003,Executor0,4399003
1783117101584,nx-q0-nexmark-autoscaler-rerun-20260626-214353,12854473,Executor0,12854473
1783117101641,nx-q0-nexmark-auto-170510,50566833,Executor0,50566833
1783117101925,nx-q6-nexmark-sponge-q0-20260701-180117,4399003,Executor0,4399003
1783117102584,nx-q0-nexmark-autoscaler-rerun-20260626-214353,12854473,Executor0,12854473
1783117102641,nx-q0-nexmark-auto-170510,50660892,Executor0,50660892
1783117102925,nx-q6-nexmark-sponge-q0-20260701-180117,4399003,Executor0,4399003
1783117103584,nx-q0-nexmark-autoscaler-rerun-20260626-214353,12854473,Executor0,12854473
1783117103641,nx-q0-nexmark-auto-170510,50760000,Executor0,50760000
1783117103925,nx-q6-nexmark-sponge-q0-20260701-180117,4399003,Executor0,4399003
1783117104584,nx-q0-nexmark-autoscaler-rerun-20260626-214353,12854473,Executor0,12854473
1783117104641,nx-q0-nexmark-auto-170510,50860000,Executor0,50860000
1783117104925,nx-q6-nexmark-sponge-q0-20260701-180117,4399003,Executor0,4399003
1783117105584,nx-q0-nexmark-autoscaler-rerun-20260626-214353,12854473,Executor0,12854473
1783117105641,nx-q0-nexmark-auto-170510,50964170,Executor0,50964170
1783117105925,nx-q6-nexmark-sponge-q0-20260701-180117,4399003,Executor0,4399003
1783117106584,nx-q0-nexmark-autoscaler-rerun-20260626-214353,12854473,Executor0,12854473
1783117106641,nx-q0-nexmark-auto-170510,51060000,Executor0,51060000
1783117106925,nx-q6-nexmark-sponge-q0-20260701-180117,4399003,Executor0,4399003
1783117107584,nx-q0-nexmark-autoscaler-rerun-20260626-214353,12854473,Executor0,12854473
1783117107641,nx-q0-nexmark-auto-170510,51162465,Executor0,51162465
1783117107925,nx-q6-nexmark-sponge-q0-20260701-180117,4399003,Executor0,4399003
1783117108584,nx-q0-nexmark-autoscaler-rerun-20260626-214353,12854473,Executor0,12854473
1783117108641,nx-q0-nexmark-auto-170510,51264169,Executor0,51264169
1783117108925,nx-q6-nexmark-sponge-q0-20260701-180117,4399003,Executor0,4399003
1783117109584,nx-q0-nexmark-autoscaler-rerun-20260626-214353,12854473,Executor0,12854473
1783117109641,nx-q0-nexmark-auto-170510,51362085,Executor0,51362085
1783117109925,nx-q6-nexmark-sponge-q0-20260701-180117,4399003,Executor0,4399003
1783117110584,nx-q0-nexmark-autoscaler-rerun-20260626-214353,12854473,Executor0,12854473
1783117110641,nx-q0-nexmark-auto-170510,51460000,Executor0,51460000
1783117110925,nx-q6-nexmark-sponge-q0-20260701-180117,4399003,Executor0,4399003
1783117111584,nx-q0-nexmark-autoscaler-rerun-20260626-214353,12854473,Executor0,12854473
1783117111641,nx-q0-nexmark-auto-170510,51562957,Executor0,51562957
1783117111925,nx-q6-nexmark-sponge-q0-20260701-180117,4399003,Executor0,4399003
1783117112584,nx-q0-nexmark-autoscaler-rerun-20260626-214353,12854473,Executor0,12854473
1783117112641,nx-q0-nexmark-auto-170510,51660000,Executor0,51660000
1783117112925,nx-q6-nexmark-sponge-q0-20260701-180117,4399003,Executor0,4399003
1783117113584,nx-q0-nexmark-autoscaler-rerun-20260626-214353,12854473,Executor0,12854473
1783117113641,nx-q0-nexmark-auto-170510,51763826,Executor0,51763826
1783117113925,nx-q6-nexmark-sponge-q0-20260701-180117,4399003,Executor0,4399003
1783117114584,nx-q0-nexmark-autoscaler-rerun-20260626-214353,12854473,Executor0,12854473
1783117114641,nx-q0-nexmark-auto-170510,51861223,Executor0,51861223
1783117114925,nx-q6-nexmark-sponge-q0-20260701-180117,4399003,Executor0,4399003
1783117115584,nx-q0-nexmark-autoscaler-rerun-20260626-214353,12854473,Executor0,12854473
1783117115641,nx-q0-nexmark-auto-170510,51963982,Executor0,51963982
1783117115925,nx-q6-nexmark-sponge-q0-20260701-180117,4399003,Executor0,4399003
1783117116584,nx-q0-nexmark-autoscaler-rerun-20260626-214353,12854473,Executor0,12854473
1783117116641,nx-q0-nexmark-auto-170510,52060865,Executor0,52060865
1783117116925,nx-q6-nexmark-sponge-q0-20260701-180117,4399003,Executor0,4399003
1783117117584,nx-q0-nexmark-autoscaler-rerun-20260626-214353,12854473,Executor0,12854473
1783117117641,nx-q0-nexmark-auto-170510,52160000,Executor0,52160000
1783117117925,nx-q6-nexmark-sponge-q0-20260701-180117,4399003,Executor0,4399003
1783117118584,nx-q0-nexmark-autoscaler-rerun-20260626-214353,12854473,Executor0,12854473
1783117118641,nx-q0-nexmark-auto-170510,52262389,Executor0,52262389
1783117118925,nx-q6-nexmark-sponge-q0-20260701-180117,4399003,Executor0,4399003
1783117119584,nx-q0-nexmark-autoscaler-rerun-20260626-214353,12854473,Executor0,12854473
1783117119641,nx-q0-nexmark-auto-170510,52363159,Executor0,52363159
1783117119925,nx-q6-nexmark-sponge-q0-20260701-180117,4399003,Executor0,4399003
1783117120584,nx-q0-nexmark-autoscaler-rerun-20260626-214353,12854473,Executor0,12854473
1783117120641,nx-q0-nexmark-auto-170510,52460000,Executor0,52460000
1783117120925,nx-q6-nexmark-sponge-q0-20260701-180117,4399003,Executor0,4399003
1783117121584,nx-q0-nexmark-autoscaler-rerun-20260626-214353,12854473,Executor0,12854473
1783117121641,nx-q0-nexmark-auto-170510,52562099,Executor0,52562099
1783117121925,nx-q6-nexmark-sponge-q0-20260701-180117,4399003,Executor0,4399003
1783117122584,nx-q0-nexmark-autoscaler-rerun-20260626-214353,12854473,Executor0,12854473
1783117122641,nx-q0-nexmark-auto-170510,52661203,Executor0,52661203
1783117122925,nx-q6-nexmark-sponge-q0-20260701-180117,4399003,Executor0,4399003
1783117123584,nx-q0-nexmark-autoscaler-rerun-20260626-214353,12854473,Executor0,12854473
1783117123641,nx-q0-nexmark-auto-170510,52763024,Executor0,52763024
1783117123925,nx-q6-nexmark-sponge-q0-20260701-180117,4399003,Executor0,4399003
1783117124584,nx-q0-nexmark-autoscaler-rerun-20260626-214353,12854473,Executor0,12854473
1783117124641,nx-q0-nexmark-auto-170510,52861609,Executor0,52861609
1783117124925,nx-q6-nexmark-sponge-q0-20260701-180117,4399003,Executor0,4399003
1783117125584,nx-q0-nexmark-autoscaler-rerun-20260626-214353,12854473,Executor0,12854473
1783117125641,nx-q0-nexmark-auto-170510,52964501,Executor0,52964501
1783117125925,nx-q6-nexmark-sponge-q0-20260701-180117,4399003,Executor0,4399003
1783117126584,nx-q0-nexmark-autoscaler-rerun-20260626-214353,12854473,Executor0,12854473
1783117126641,nx-q0-nexmark-auto-170510,53060000,Executor0,53060000
1783117126925,nx-q6-nexmark-sponge-q0-20260701-180117,4399003,Executor0,4399003
1783117127584,nx-q0-nexmark-autoscaler-rerun-20260626-214353,12854473,Executor0,12854473
1783117127641,nx-q0-nexmark-auto-170510,53160000,Executor0,53160000
1783117127925,nx-q6-nexmark-sponge-q0-20260701-180117,4399003,Executor0,4399003
1783117128584,nx-q0-nexmark-autoscaler-rerun-20260626-214353,12854473,Executor0,12854473
1783117128641,nx-q0-nexmark-auto-170510,53260000,Executor0,53260000
1783117128925,nx-q6-nexmark-sponge-q0-20260701-180117,4399003,Executor0,4399003
1783117129591,nx-q0-nexmark-autoscaler-rerun-20260626-214353,12854473,Executor0,12854473
1783117129641,nx-q0-nexmark-auto-170510,53360000,Executor0,53360000
1783117129925,nx-q6-nexmark-sponge-q0-20260701-180117,4399003,Executor0,4399003
1783117130584,nx-q0-nexmark-autoscaler-rerun-20260626-214353,12854473,Executor0,12854473
1783117130641,nx-q0-nexmark-auto-170510,53463685,Executor0,53463685
1783117130925,nx-q6-nexmark-sponge-q0-20260701-180117,4399003,Executor0,4399003
1783117131584,nx-q0-nexmark-autoscaler-rerun-20260626-214353,12854473,Executor0,12854473
1783117131641,nx-q0-nexmark-auto-170510,53560000,Executor0,53560000
1783117131925,nx-q6-nexmark-sponge-q0-20260701-180117,4399003,Executor0,4399003
1783117132584,nx-q0-nexmark-autoscaler-rerun-20260626-214353,12854473,Executor0,12854473
1783117132641,nx-q0-nexmark-auto-170510,53660000,Executor0,53660000
1783117132925,nx-q6-nexmark-sponge-q0-20260701-180117,4399003,Executor0,4399003
1783117133584,nx-q0-nexmark-autoscaler-rerun-20260626-214353,12854473,Executor0,12854473
1783117133641,nx-q0-nexmark-auto-170510,53760000,Executor0,53760000
1783117133925,nx-q6-nexmark-sponge-q0-20260701-180117,4399003,Executor0,4399003
1783117134584,nx-q0-nexmark-autoscaler-rerun-20260626-214353,12854473,Executor0,12854473
1783117134641,nx-q0-nexmark-auto-170510,53862610,Executor0,53862610
1783117134925,nx-q6-nexmark-sponge-q0-20260701-180117,4399003,Executor0,4399003
1783117135584,nx-q0-nexmark-autoscaler-rerun-20260626-214353,12854473,Executor0,12854473
1783117135641,nx-q0-nexmark-auto-170510,53964250,Executor0,53964250
1783117135925,nx-q6-nexmark-sponge-q0-20260701-180117,4399003,Executor0,4399003
1783117136584,nx-q0-nexmark-autoscaler-rerun-20260626-214353,12854473,Executor0,12854473
1783117136641,nx-q0-nexmark-auto-170510,54060000,Executor0,54060000
1783117136925,nx-q6-nexmark-sponge-q0-20260701-180117,4399003,Executor0,4399003
1783117137584,nx-q0-nexmark-autoscaler-rerun-20260626-214353,12854473,Executor0,12854473
1783117137641,nx-q0-nexmark-auto-170510,54160000,Executor0,54160000
1783117137925,nx-q6-nexmark-sponge-q0-20260701-180117,4399003,Executor0,4399003
1783117138584,nx-q0-nexmark-autoscaler-rerun-20260626-214353,12854473,Executor0,12854473
1783117138641,nx-q0-nexmark-auto-170510,54260498,Executor0,54260498
1783117138925,nx-q6-nexmark-sponge-q0-20260701-180117,4399003,Executor0,4399003
1783117139584,nx-q0-nexmark-autoscaler-rerun-20260626-214353,12854473,Executor0,12854473
1783117139641,nx-q0-nexmark-auto-170510,54361545,Executor0,54361545
1783117139925,nx-q6-nexmark-sponge-q0-20260701-180117,4399003,Executor0,4399003
1783117140584,nx-q0-nexmark-autoscaler-rerun-20260626-214353,12854473,Executor0,12854473
1783117140641,nx-q0-nexmark-auto-170510,54461957,Executor0,54461957
1783117140925,nx-q6-nexmark-sponge-q0-20260701-180117,4399003,Executor0,4399003
1783117141584,nx-q0-nexmark-autoscaler-rerun-20260626-214353,12854473,Executor0,12854473
1783117141641,nx-q0-nexmark-auto-170510,54561523,Executor0,54561523
1783117141925,nx-q6-nexmark-sponge-q0-20260701-180117,4399003,Executor0,4399003
1783117142584,nx-q0-nexmark-autoscaler-rerun-20260626-214353,12854473,Executor0,12854473
1783117142641,nx-q0-nexmark-auto-170510,54659880,Executor0,54659880
1783117142925,nx-q6-nexmark-sponge-q0-20260701-180117,4399003,Executor0,4399003
1783117143584,nx-q0-nexmark-autoscaler-rerun-20260626-214353,12854473,Executor0,12854473
1783117143641,nx-q0-nexmark-auto-170510,54758084,Executor0,54758084
1783117143925,nx-q6-nexmark-sponge-q0-20260701-180117,4399003,Executor0,4399003
1783117144584,nx-q0-nexmark-autoscaler-rerun-20260626-214353,12854473,Executor0,12854473
1783117144641,nx-q0-nexmark-auto-170510,54860000,Executor0,54860000
1783117144925,nx-q6-nexmark-sponge-q0-20260701-180117,4399003,Executor0,4399003
1783117145584,nx-q0-nexmark-autoscaler-rerun-20260626-214353,12854473,Executor0,12854473
1783117145641,nx-q0-nexmark-auto-170510,54958247,Executor0,54958247
1783117145925,nx-q6-nexmark-sponge-q0-20260701-180117,4399003,Executor0,4399003
1783117146584,nx-q0-nexmark-autoscaler-rerun-20260626-214353,12854473,Executor0,12854473
1783117146641,nx-q0-nexmark-auto-170510,55063797,Executor0,55063797
1783117146925,nx-q6-nexmark-sponge-q0-20260701-180117,4399003,Executor0,4399003
1783117147584,nx-q0-nexmark-autoscaler-rerun-20260626-214353,12854473,Executor0,12854473
1783117147641,nx-q0-nexmark-auto-170510,55160000,Executor0,55160000
1783117147925,nx-q6-nexmark-sponge-q0-20260701-180117,4399003,Executor0,4399003
1783117148584,nx-q0-nexmark-autoscaler-rerun-20260626-214353,12854473,Executor0,12854473
1783117148641,nx-q0-nexmark-auto-170510,55261110,Executor0,55261110
1783117148925,nx-q6-nexmark-sponge-q0-20260701-180117,4399003,Executor0,4399003
1783117149584,nx-q0-nexmark-autoscaler-rerun-20260626-214353,12854473,Executor0,12854473
1783117149641,nx-q0-nexmark-auto-170510,55363694,Executor0,55363694
1783117149925,nx-q6-nexmark-sponge-q0-20260701-180117,4399003,Executor0,4399003
1783117150584,nx-q0-nexmark-autoscaler-rerun-20260626-214353,12854473,Executor0,12854473
1783117150641,nx-q0-nexmark-auto-170510,55460959,Executor0,55460959
1783117150925,nx-q6-nexmark-sponge-q0-20260701-180117,4399003,Executor0,4399003
1783117151584,nx-q0-nexmark-autoscaler-rerun-20260626-214353,12854473,Executor0,12854473
1783117151641,nx-q0-nexmark-auto-170510,55559338,Executor0,55559338
1783117151925,nx-q6-nexmark-sponge-q0-20260701-180117,4399003,Executor0,4399003
1783117152584,nx-q0-nexmark-autoscaler-rerun-20260626-214353,12854473,Executor0,12854473
1783117152641,nx-q0-nexmark-auto-170510,55663091,Executor0,55663091
1783117152925,nx-q6-nexmark-sponge-q0-20260701-180117,4399003,Executor0,4399003
1783117153584,nx-q0-nexmark-autoscaler-rerun-20260626-214353,12854473,Executor0,12854473
1783117153641,nx-q0-nexmark-auto-170510,55760242,Executor0,55760242
1783117153925,nx-q6-nexmark-sponge-q0-20260701-180117,4399003,Executor0,4399003
1783117154584,nx-q0-nexmark-autoscaler-rerun-20260626-214353,12854473,Executor0,12854473
1783117154641,nx-q0-nexmark-auto-170510,55863757,Executor0,55863757
1783117154925,nx-q6-nexmark-sponge-q0-20260701-180117,4399003,Executor0,4399003
1783117155584,nx-q0-nexmark-autoscaler-rerun-20260626-214353,12854473,Executor0,12854473
1783117155641,nx-q0-nexmark-auto-170510,55961543,Executor0,55961543
1783117155925,nx-q6-nexmark-sponge-q0-20260701-180117,4399003,Executor0,4399003
1783117156584,nx-q0-nexmark-autoscaler-rerun-20260626-214353,12854473,Executor0,12854473
1783117156641,nx-q0-nexmark-auto-170510,56062750,Executor0,56062750
1783117156925,nx-q6-nexmark-sponge-q0-20260701-180117,4399003,Executor0,4399003
1783117157584,nx-q0-nexmark-autoscaler-rerun-20260626-214353,12854473,Executor0,12854473
1783117157641,nx-q0-nexmark-auto-170510,56162968,Executor0,56162968
1783117157925,nx-q6-nexmark-sponge-q0-20260701-180117,4399003,Executor0,4399003
1783117158584,nx-q0-nexmark-autoscaler-rerun-20260626-214353,12854473,Executor0,12854473
1783117158641,nx-q0-nexmark-auto-170510,56262026,Executor0,56262026
1783117158925,nx-q6-nexmark-sponge-q0-20260701-180117,4399003,Executor0,4399003
1783117159584,nx-q0-nexmark-autoscaler-rerun-20260626-214353,12854473,Executor0,12854473
1783117159641,nx-q0-nexmark-auto-170510,56360000,Executor0,56360000
1783117159925,nx-q6-nexmark-sponge-q0-20260701-180117,4399003,Executor0,4399003
1783117160584,nx-q0-nexmark-autoscaler-rerun-20260626-214353,12854473,Executor0,12854473
1783117160641,nx-q0-nexmark-auto-170510,56460263,Executor0,56460263
1783117160925,nx-q6-nexmark-sponge-q0-20260701-180117,4399003,Executor0,4399003
1783117161584,nx-q0-nexmark-autoscaler-rerun-20260626-214353,12854473,Executor0,12854473
1783117161641,nx-q0-nexmark-auto-170510,56561054,Executor0,56561054
1783117161925,nx-q6-nexmark-sponge-q0-20260701-180117,4399003,Executor0,4399003
1783117162584,nx-q0-nexmark-autoscaler-rerun-20260626-214353,12854473,Executor0,12854473
1783117162641,nx-q0-nexmark-auto-170510,56660000,Executor0,56660000
1783117162925,nx-q6-nexmark-sponge-q0-20260701-180117,4399003,Executor0,4399003
1783117163584,nx-q0-nexmark-autoscaler-rerun-20260626-214353,12854473,Executor0,12854473
1783117163641,nx-q0-nexmark-auto-170510,56760000,Executor0,56760000
1783117163925,nx-q6-nexmark-sponge-q0-20260701-180117,4399003,Executor0,4399003
1783117164584,nx-q0-nexmark-autoscaler-rerun-20260626-214353,12854473,Executor0,12854473
1783117164641,nx-q0-nexmark-auto-170510,56863946,Executor0,56863946
1783117164925,nx-q6-nexmark-sponge-q0-20260701-180117,4399003,Executor0,4399003
1783117165584,nx-q0-nexmark-autoscaler-rerun-20260626-214353,12854473,Executor0,12854473
1783117165641,nx-q0-nexmark-auto-170510,56959904,Executor0,56959904
1783117165925,nx-q6-nexmark-sponge-q0-20260701-180117,4399003,Executor0,4399003
1783117166584,nx-q0-nexmark-autoscaler-rerun-20260626-214353,12854473,Executor0,12854473
1783117166641,nx-q0-nexmark-auto-170510,57062031,Executor0,57062031
1783117166925,nx-q6-nexmark-sponge-q0-20260701-180117,4399003,Executor0,4399003
1783117167584,nx-q0-nexmark-autoscaler-rerun-20260626-214353,12854473,Executor0,12854473
1783117167641,nx-q0-nexmark-auto-170510,57159591,Executor0,57159591
1783117167925,nx-q6-nexmark-sponge-q0-20260701-180117,4399003,Executor0,4399003
1783117168584,nx-q0-nexmark-autoscaler-rerun-20260626-214353,12854473,Executor0,12854473
1783117168641,nx-q0-nexmark-auto-170510,57258200,Executor0,57258200
1783117168925,nx-q6-nexmark-sponge-q0-20260701-180117,4399003,Executor0,4399003
1783117169584,nx-q0-nexmark-autoscaler-rerun-20260626-214353,12854473,Executor0,12854473
1783117169641,nx-q0-nexmark-auto-170510,57361447,Executor0,57361447
1783117169925,nx-q6-nexmark-sponge-q0-20260701-180117,4399003,Executor0,4399003
1783117170584,nx-q0-nexmark-autoscaler-rerun-20260626-214353,12854473,Executor0,12854473
1783117170641,nx-q0-nexmark-auto-170510,57461808,Executor0,57461808
1783117170925,nx-q6-nexmark-sponge-q0-20260701-180117,4399003,Executor0,4399003
1783117171584,nx-q0-nexmark-autoscaler-rerun-20260626-214353,12854473,Executor0,12854473
1783117171641,nx-q0-nexmark-auto-170510,57560000,Executor0,57560000
1783117171925,nx-q6-nexmark-sponge-q0-20260701-180117,4399003,Executor0,4399003
1783117172584,nx-q0-nexmark-autoscaler-rerun-20260626-214353,12854473,Executor0,12854473
1783117172641,nx-q0-nexmark-auto-170510,57661493,Executor0,57661493
1783117172925,nx-q6-nexmark-sponge-q0-20260701-180117,4399003,Executor0,4399003
1783117173584,nx-q0-nexmark-autoscaler-rerun-20260626-214353,12854473,Executor0,12854473
1783117173641,nx-q0-nexmark-auto-170510,57761072,Executor0,57761072
1783117173925,nx-q6-nexmark-sponge-q0-20260701-180117,4399003,Executor0,4399003
1783117174584,nx-q0-nexmark-autoscaler-rerun-20260626-214353,12854473,Executor0,12854473
1783117174641,nx-q0-nexmark-auto-170510,57860000,Executor0,57860000
1783117174925,nx-q6-nexmark-sponge-q0-20260701-180117,4399003,Executor0,4399003
1783117175584,nx-q0-nexmark-autoscaler-rerun-20260626-214353,12854473,Executor0,12854473
1783117175641,nx-q0-nexmark-auto-170510,57961920,Executor0,57961920
1783117175925,nx-q6-nexmark-sponge-q0-20260701-180117,4399003,Executor0,4399003
1783117176584,nx-q0-nexmark-autoscaler-rerun-20260626-214353,12854473,Executor0,12854473
1783117176641,nx-q0-nexmark-auto-170510,58060000,Executor0,58060000
1783117176925,nx-q6-nexmark-sponge-q0-20260701-180117,4399003,Executor0,4399003
1783117177584,nx-q0-nexmark-autoscaler-rerun-20260626-214353,12854473,Executor0,12854473
1783117177641,nx-q0-nexmark-auto-170510,58162413,Executor0,58162413
1783117177925,nx-q6-nexmark-sponge-q0-20260701-180117,4399003,Executor0,4399003
1783117178584,nx-q0-nexmark-autoscaler-rerun-20260626-214353,12854473,Executor0,12854473
1783117178641,nx-q0-nexmark-auto-170510,58257229,Executor0,58257229
1783117178925,nx-q6-nexmark-sponge-q0-20260701-180117,4399003,Executor0,4399003
1783117179584,nx-q0-nexmark-autoscaler-rerun-20260626-214353,12854473,Executor0,12854473
1783117179641,nx-q0-nexmark-auto-170510,58360437,Executor0,58360437
1783117179925,nx-q6-nexmark-sponge-q0-20260701-180117,4399003,Executor0,4399003
1783117180584,nx-q0-nexmark-autoscaler-rerun-20260626-214353,12854473,Executor0,12854473
1783117180641,nx-q0-nexmark-auto-170510,58459534,Executor0,58459534
1783117180925,nx-q6-nexmark-sponge-q0-20260701-180117,4399003,Executor0,4399003
1783117181584,nx-q0-nexmark-autoscaler-rerun-20260626-214353,12854473,Executor0,12854473
1783117181641,nx-q0-nexmark-auto-170510,58558007,Executor0,58558007
1783117181925,nx-q6-nexmark-sponge-q0-20260701-180117,4399003,Executor0,4399003
1783117182584,nx-q0-nexmark-autoscaler-rerun-20260626-214353,12854473,Executor0,12854473
1783117182641,nx-q0-nexmark-auto-170510,58660000,Executor0,58660000
1783117182925,nx-q6-nexmark-sponge-q0-20260701-180117,4399003,Executor0,4399003
1783117183584,nx-q0-nexmark-autoscaler-rerun-20260626-214353,12854473,Executor0,12854473
1783117183641,nx-q0-nexmark-auto-170510,58760000,Executor0,58760000
1783117183925,nx-q6-nexmark-sponge-q0-20260701-180117,4399003,Executor0,4399003
1783117184584,nx-q0-nexmark-autoscaler-rerun-20260626-214353,12854473,Executor0,12854473
1783117184641,nx-q0-nexmark-auto-170510,58859897,Executor0,58859897
1783117184925,nx-q6-nexmark-sponge-q0-20260701-180117,4399003,Executor0,4399003
1783117185584,nx-q0-nexmark-autoscaler-rerun-20260626-214353,12854473,Executor0,12854473
1783117185641,nx-q0-nexmark-auto-170510,58960000,Executor0,58960000
1783117185925,nx-q6-nexmark-sponge-q0-20260701-180117,4399003,Executor0,4399003
1783117186584,nx-q0-nexmark-autoscaler-rerun-20260626-214353,12854473,Executor0,12854473
1783117186641,nx-q0-nexmark-auto-170510,59058112,Executor0,59058112
1783117186925,nx-q6-nexmark-sponge-q0-20260701-180117,4399003,Executor0,4399003
1783117187584,nx-q0-nexmark-autoscaler-rerun-20260626-214353,12854473,Executor0,12854473
1783117187641,nx-q0-nexmark-auto-170510,59159539,Executor0,59159539
1783117187925,nx-q6-nexmark-sponge-q0-20260701-180117,4399003,Executor0,4399003
1783117188584,nx-q0-nexmark-autoscaler-rerun-20260626-214353,12854473,Executor0,12854473
1783117188641,nx-q0-nexmark-auto-170510,59262932,Executor0,59262932
1783117188925,nx-q6-nexmark-sponge-q0-20260701-180117,4399003,Executor0,4399003
1783117189584,nx-q0-nexmark-autoscaler-rerun-20260626-214353,12854473,Executor0,12854473
1783117189641,nx-q0-nexmark-auto-170510,59361567,Executor0,59361567
1783117189925,nx-q6-nexmark-sponge-q0-20260701-180117,4399003,Executor0,4399003
1783117190584,nx-q0-nexmark-autoscaler-rerun-20260626-214353,12854473,Executor0,12854473
1783117190641,nx-q0-nexmark-auto-170510,59459813,Executor0,59459813
1783117190925,nx-q6-nexmark-sponge-q0-20260701-180117,4399003,Executor0,4399003
1783117191584,nx-q0-nexmark-autoscaler-rerun-20260626-214353,12854473,Executor0,12854473
1783117191641,nx-q0-nexmark-auto-170510,59557646,Executor0,59557646
1783117191925,nx-q6-nexmark-sponge-q0-20260701-180117,4399003,Executor0,4399003
1783117192584,nx-q0-nexmark-autoscaler-rerun-20260626-214353,12854473,Executor0,12854473
1783117192641,nx-q0-nexmark-auto-170510,59657677,Executor0,59657677
1783117192925,nx-q6-nexmark-sponge-q0-20260701-180117,4399003,Executor0,4399003
1783117193584,nx-q0-nexmark-autoscaler-rerun-20260626-214353,12854473,Executor0,12854473
1783117193641,nx-q0-nexmark-auto-170510,59760000,Executor0,59760000
1783117193925,nx-q6-nexmark-sponge-q0-20260701-180117,4399003,Executor0,4399003
1783117194584,nx-q0-nexmark-autoscaler-rerun-20260626-214353,12854473,Executor0,12854473
1783117194641,nx-q0-nexmark-auto-170510,59861608,Executor0,59861608
1783117194925,nx-q6-nexmark-sponge-q0-20260701-180117,4399003,Executor0,4399003
1783117195584,nx-q0-nexmark-autoscaler-rerun-20260626-214353,12854473,Executor0,12854473
1783117195641,nx-q0-nexmark-auto-170510,59961469,Executor0,59961469
1783117195925,nx-q6-nexmark-sponge-q0-20260701-180117,4399003,Executor0,4399003
1783117196584,nx-q0-nexmark-autoscaler-rerun-20260626-214353,12854473,Executor0,12854473
1783117196641,nx-q0-nexmark-auto-170510,60060000,Executor0,60060000
1783117196925,nx-q6-nexmark-sponge-q0-20260701-180117,4399003,Executor0,4399003
1783117197584,nx-q0-nexmark-autoscaler-rerun-20260626-214353,12854473,Executor0,12854473
1783117197641,nx-q0-nexmark-auto-170510,60160466,Executor0,60160466
1783117197925,nx-q6-nexmark-sponge-q0-20260701-180117,4399003,Executor0,4399003
1783117198584,nx-q0-nexmark-autoscaler-rerun-20260626-214353,12854473,Executor0,12854473
1783117198641,nx-q0-nexmark-auto-170510,60262475,Executor0,60262475
1783117198925,nx-q6-nexmark-sponge-q0-20260701-180117,4399003,Executor0,4399003
1783117199584,nx-q0-nexmark-autoscaler-rerun-20260626-214353,12854473,Executor0,12854473
1783117199641,nx-q0-nexmark-auto-170510,60360000,Executor0,60360000
1783117199925,nx-q6-nexmark-sponge-q0-20260701-180117,4399003,Executor0,4399003
1783117200584,nx-q0-nexmark-autoscaler-rerun-20260626-214353,12854473,Executor0,12854473
1783117200641,nx-q0-nexmark-auto-170510,60461513,Executor0,60461513
1783117200925,nx-q6-nexmark-sponge-q0-20260701-180117,4399003,Executor0,4399003
1783117201584,nx-q0-nexmark-autoscaler-rerun-20260626-214353,12854473,Executor0,12854473
1783117201641,nx-q0-nexmark-auto-170510,60562592,Executor0,60562592
1783117201925,nx-q6-nexmark-sponge-q0-20260701-180117,4399003,Executor0,4399003
1783117202584,nx-q0-nexmark-autoscaler-rerun-20260626-214353,12854473,Executor0,12854473
1783117202641,nx-q0-nexmark-auto-170510,60660000,Executor0,60660000
1783117202925,nx-q6-nexmark-sponge-q0-20260701-180117,4399003,Executor0,4399003
1783117203584,nx-q0-nexmark-autoscaler-rerun-20260626-214353,12854473,Executor0,12854473
1783117203641,nx-q0-nexmark-auto-170510,60764847,Executor0,60764847
1783117203925,nx-q6-nexmark-sponge-q0-20260701-180117,4399003,Executor0,4399003
1783117204584,nx-q0-nexmark-autoscaler-rerun-20260626-214353,12854473,Executor0,12854473
1783117204641,nx-q0-nexmark-auto-170510,60862275,Executor0,60862275
1783117204925,nx-q6-nexmark-sponge-q0-20260701-180117,4399003,Executor0,4399003
1783117205584,nx-q0-nexmark-autoscaler-rerun-20260626-214353,12854473,Executor0,12854473
1783117205641,nx-q0-nexmark-auto-170510,60962311,Executor0,60962311
1783117205925,nx-q6-nexmark-sponge-q0-20260701-180117,4399003,Executor0,4399003
1783117206584,nx-q0-nexmark-autoscaler-rerun-20260626-214353,12854473,Executor0,12854473
1783117206641,nx-q0-nexmark-auto-170510,61063352,Executor0,61063352
1783117206925,nx-q6-nexmark-sponge-q0-20260701-180117,4399003,Executor0,4399003
1783117207584,nx-q0-nexmark-autoscaler-rerun-20260626-214353,12854473,Executor0,12854473
1783117207641,nx-q0-nexmark-auto-170510,61158394,Executor0,61158394
1783117207925,nx-q6-nexmark-sponge-q0-20260701-180117,4399003,Executor0,4399003
1783117208584,nx-q0-nexmark-autoscaler-rerun-20260626-214353,12854473,Executor0,12854473
1783117208641,nx-q0-nexmark-auto-170510,61260432,Executor0,61260432
1783117208925,nx-q6-nexmark-sponge-q0-20260701-180117,4399003,Executor0,4399003
1783117209584,nx-q0-nexmark-autoscaler-rerun-20260626-214353,12854473,Executor0,12854473
1783117209641,nx-q0-nexmark-auto-170510,61360329,Executor0,61360329
1783117209925,nx-q6-nexmark-sponge-q0-20260701-180117,4399003,Executor0,4399003
1783117210584,nx-q0-nexmark-autoscaler-rerun-20260626-214353,12854473,Executor0,12854473
1783117210641,nx-q0-nexmark-auto-170510,61457678,Executor0,61457678
1783117210925,nx-q6-nexmark-sponge-q0-20260701-180117,4399003,Executor0,4399003
1783117211584,nx-q0-nexmark-autoscaler-rerun-20260626-214353,12854473,Executor0,12854473
1783117211641,nx-q0-nexmark-auto-170510,61554065,Executor0,61554065
1783117211925,nx-q6-nexmark-sponge-q0-20260701-180117,4399003,Executor0,4399003
1783117212584,nx-q0-nexmark-autoscaler-rerun-20260626-214353,12854473,Executor0,12854473
1783117212641,nx-q0-nexmark-auto-170510,61660000,Executor0,61660000
1783117212925,nx-q6-nexmark-sponge-q0-20260701-180117,4399003,Executor0,4399003
1783117213584,nx-q0-nexmark-autoscaler-rerun-20260626-214353,12854473,Executor0,12854473
1783117213641,nx-q0-nexmark-auto-170510,61764562,Executor0,61764562
1783117213925,nx-q6-nexmark-sponge-q0-20260701-180117,4399003,Executor0,4399003
1783117214584,nx-q0-nexmark-autoscaler-rerun-20260626-214353,12854473,Executor0,12854473
1783117214641,nx-q0-nexmark-auto-170510,61860000,Executor0,61860000
1783117214925,nx-q6-nexmark-sponge-q0-20260701-180117,4399003,Executor0,4399003
1783117215584,nx-q0-nexmark-autoscaler-rerun-20260626-214353,12854473,Executor0,12854473
1783117215641,nx-q0-nexmark-auto-170510,61960000,Executor0,61960000
1783117215925,nx-q6-nexmark-sponge-q0-20260701-180117,4399003,Executor0,4399003
1783117216584,nx-q0-nexmark-autoscaler-rerun-20260626-214353,12854473,Executor0,12854473
1783117216641,nx-q0-nexmark-auto-170510,62060521,Executor0,62060521
1783117216925,nx-q6-nexmark-sponge-q0-20260701-180117,4399003,Executor0,4399003
1783117217584,nx-q0-nexmark-autoscaler-rerun-20260626-214353,12854473,Executor0,12854473
1783117217641,nx-q0-nexmark-auto-170510,62160533,Executor0,62160533
1783117217925,nx-q6-nexmark-sponge-q0-20260701-180117,4399003,Executor0,4399003
1783117218584,nx-q0-nexmark-autoscaler-rerun-20260626-214353,12854473,Executor0,12854473
1783117218641,nx-q0-nexmark-auto-170510,62262441,Executor0,62262441
1783117218925,nx-q6-nexmark-sponge-q0-20260701-180117,4399003,Executor0,4399003
1783117219584,nx-q0-nexmark-autoscaler-rerun-20260626-214353,12854473,Executor0,12854473
1783117219641,nx-q0-nexmark-auto-170510,62359378,Executor0,62359378
1783117219925,nx-q6-nexmark-sponge-q0-20260701-180117,4399003,Executor0,4399003
1783117220584,nx-q0-nexmark-autoscaler-rerun-20260626-214353,12854473,Executor0,12854473
1783117220641,nx-q0-nexmark-auto-170510,62461588,Executor0,62461588
1783117220925,nx-q6-nexmark-sponge-q0-20260701-180117,4399003,Executor0,4399003
1783117221584,nx-q0-nexmark-autoscaler-rerun-20260626-214353,12854473,Executor0,12854473
1783117221641,nx-q0-nexmark-auto-170510,62560000,Executor0,62560000
1783117221925,nx-q6-nexmark-sponge-q0-20260701-180117,4399003,Executor0,4399003
1783117222584,nx-q0-nexmark-autoscaler-rerun-20260626-214353,12854473,Executor0,12854473
1783117222641,nx-q0-nexmark-auto-170510,62658261,Executor0,62658261
1783117222925,nx-q6-nexmark-sponge-q0-20260701-180117,4399003,Executor0,4399003
1783117223584,nx-q0-nexmark-autoscaler-rerun-20260626-214353,12854473,Executor0,12854473
1783117223641,nx-q0-nexmark-auto-170510,62758892,Executor0,62758892
1783117223925,nx-q6-nexmark-sponge-q0-20260701-180117,4399003,Executor0,4399003
1783117224584,nx-q0-nexmark-autoscaler-rerun-20260626-214353,12854473,Executor0,12854473
1783117224641,nx-q0-nexmark-auto-170510,62862369,Executor0,62862369
1783117224925,nx-q6-nexmark-sponge-q0-20260701-180117,4399003,Executor0,4399003
1783117225584,nx-q0-nexmark-autoscaler-rerun-20260626-214353,12854473,Executor0,12854473
1783117225641,nx-q0-nexmark-auto-170510,62960456,Executor0,62960456
1783117225925,nx-q6-nexmark-sponge-q0-20260701-180117,4399003,Executor0,4399003
1783117226584,nx-q0-nexmark-autoscaler-rerun-20260626-214353,12854473,Executor0,12854473
1783117226641,nx-q0-nexmark-auto-170510,63060364,Executor0,63060364
1783117226925,nx-q6-nexmark-sponge-q0-20260701-180117,4399003,Executor0,4399003
1783117227584,nx-q0-nexmark-autoscaler-rerun-20260626-214353,12854473,Executor0,12854473
1783117227641,nx-q0-nexmark-auto-170510,63164103,Executor0,63164103
1783117227925,nx-q6-nexmark-sponge-q0-20260701-180117,4399003,Executor0,4399003
1783117228584,nx-q0-nexmark-autoscaler-rerun-20260626-214353,12854473,Executor0,12854473
1783117228641,nx-q0-nexmark-auto-170510,63260000,Executor0,63260000
1783117228925,nx-q6-nexmark-sponge-q0-20260701-180117,4399003,Executor0,4399003
1783117229584,nx-q0-nexmark-autoscaler-rerun-20260626-214353,12854473,Executor0,12854473
1783117229641,nx-q0-nexmark-auto-170510,63358267,Executor0,63358267
1783117229925,nx-q6-nexmark-sponge-q0-20260701-180117,4399003,Executor0,4399003
1783117230584,nx-q0-nexmark-autoscaler-rerun-20260626-214353,12854473,Executor0,12854473
1783117230641,nx-q0-nexmark-auto-170510,63460284,Executor0,63460284
1783117230925,nx-q6-nexmark-sponge-q0-20260701-180117,4399003,Executor0,4399003
1783117231584,nx-q0-nexmark-autoscaler-rerun-20260626-214353,12854473,Executor0,12854473
1783117231641,nx-q0-nexmark-auto-170510,63559153,Executor0,63559153
1783117231925,nx-q6-nexmark-sponge-q0-20260701-180117,4399003,Executor0,4399003
1783117232584,nx-q0-nexmark-autoscaler-rerun-20260626-214353,12854473,Executor0,12854473
1783117232641,nx-q0-nexmark-auto-170510,63659168,Executor0,63659168
1783117232925,nx-q6-nexmark-sponge-q0-20260701-180117,4399003,Executor0,4399003
1783117233584,nx-q0-nexmark-autoscaler-rerun-20260626-214353,12854473,Executor0,12854473
1783117233641,nx-q0-nexmark-auto-170510,63760821,Executor0,63760821
1783117233925,nx-q6-nexmark-sponge-q0-20260701-180117,4399003,Executor0,4399003
1783117234584,nx-q0-nexmark-autoscaler-rerun-20260626-214353,12854473,Executor0,12854473
1783117234641,nx-q0-nexmark-auto-170510,63863663,Executor0,63863663
1783117234925,nx-q6-nexmark-sponge-q0-20260701-180117,4399003,Executor0,4399003
1783117235584,nx-q0-nexmark-autoscaler-rerun-20260626-214353,12854473,Executor0,12854473
1783117235641,nx-q0-nexmark-auto-170510,63960205,Executor0,63960205
1783117235925,nx-q6-nexmark-sponge-q0-20260701-180117,4399003,Executor0,4399003
1783117236584,nx-q0-nexmark-autoscaler-rerun-20260626-214353,12854473,Executor0,12854473
1783117236641,nx-q0-nexmark-auto-170510,64060631,Executor0,64060631
1783117236925,nx-q6-nexmark-sponge-q0-20260701-180117,4399003,Executor0,4399003
1783117237584,nx-q0-nexmark-autoscaler-rerun-20260626-214353,12854473,Executor0,12854473
1783117237641,nx-q0-nexmark-auto-170510,64160000,Executor0,64160000
1783117237925,nx-q6-nexmark-sponge-q0-20260701-180117,4399003,Executor0,4399003
1783117238584,nx-q0-nexmark-autoscaler-rerun-20260626-214353,12854473,Executor0,12854473
1783117238641,nx-q0-nexmark-auto-170510,64260000,Executor0,64260000
1783117238925,nx-q6-nexmark-sponge-q0-20260701-180117,4399003,Executor0,4399003
1783117239584,nx-q0-nexmark-autoscaler-rerun-20260626-214353,12854473,Executor0,12854473
1783117239641,nx-q0-nexmark-auto-170510,64358596,Executor0,64358596
1783117239925,nx-q6-nexmark-sponge-q0-20260701-180117,4399003,Executor0,4399003
1783117240584,nx-q0-nexmark-autoscaler-rerun-20260626-214353,12854473,Executor0,12854473
1783117240641,nx-q0-nexmark-auto-170510,64459666,Executor0,64459666
1783117240925,nx-q6-nexmark-sponge-q0-20260701-180117,4399003,Executor0,4399003
1783117241584,nx-q0-nexmark-autoscaler-rerun-20260626-214353,12854473,Executor0,12854473
1783117241641,nx-q0-nexmark-auto-170510,64560000,Executor0,64560000
1783117241925,nx-q6-nexmark-sponge-q0-20260701-180117,4399003,Executor0,4399003
1783117242584,nx-q0-nexmark-autoscaler-rerun-20260626-214353,12854473,Executor0,12854473
1783117242641,nx-q0-nexmark-auto-170510,64660000,Executor0,64660000
1783117242925,nx-q6-nexmark-sponge-q0-20260701-180117,4399003,Executor0,4399003
1783117243584,nx-q0-nexmark-autoscaler-rerun-20260626-214353,12854473,Executor0,12854473
1783117243641,nx-q0-nexmark-auto-170510,64760208,Executor0,64760208
1783117243925,nx-q6-nexmark-sponge-q0-20260701-180117,4399003,Executor0,4399003
1783117244584,nx-q0-nexmark-autoscaler-rerun-20260626-214353,12854473,Executor0,12854473
1783117244641,nx-q0-nexmark-auto-170510,64860631,Executor0,64860631
1783117244925,nx-q6-nexmark-sponge-q0-20260701-180117,4399003,Executor0,4399003
1783117245584,nx-q0-nexmark-autoscaler-rerun-20260626-214353,12854473,Executor0,12854473
1783117245641,nx-q0-nexmark-auto-170510,64960000,Executor0,64960000
1783117245925,nx-q6-nexmark-sponge-q0-20260701-180117,4399003,Executor0,4399003
1783117246584,nx-q0-nexmark-autoscaler-rerun-20260626-214353,12854473,Executor0,12854473
1783117246641,nx-q0-nexmark-auto-170510,65059938,Executor0,65059938
1783117246925,nx-q6-nexmark-sponge-q0-20260701-180117,4399003,Executor0,4399003
1783117247584,nx-q0-nexmark-autoscaler-rerun-20260626-214353,12854473,Executor0,12854473
1783117247641,nx-q0-nexmark-auto-170510,65158406,Executor0,65158406
1783117247925,nx-q6-nexmark-sponge-q0-20260701-180117,4399003,Executor0,4399003
1783117248584,nx-q0-nexmark-autoscaler-rerun-20260626-214353,12854473,Executor0,12854473
1783117248641,nx-q0-nexmark-auto-170510,65260098,Executor0,65260098
1783117248925,nx-q6-nexmark-sponge-q0-20260701-180117,4399003,Executor0,4399003
1783117249584,nx-q0-nexmark-autoscaler-rerun-20260626-214353,12854473,Executor0,12854473
1783117249641,nx-q0-nexmark-auto-170510,65362057,Executor0,65362057
1783117249925,nx-q6-nexmark-sponge-q0-20260701-180117,4399003,Executor0,4399003
1783117250584,nx-q0-nexmark-autoscaler-rerun-20260626-214353,12854473,Executor0,12854473
1783117250641,nx-q0-nexmark-auto-170510,65463827,Executor0,65463827
1783117250925,nx-q6-nexmark-sponge-q0-20260701-180117,4399003,Executor0,4399003
1783117251584,nx-q0-nexmark-autoscaler-rerun-20260626-214353,12854473,Executor0,12854473
1783117251641,nx-q0-nexmark-auto-170510,65560000,Executor0,65560000
1783117251925,nx-q6-nexmark-sponge-q0-20260701-180117,4399003,Executor0,4399003
1783117252584,nx-q0-nexmark-autoscaler-rerun-20260626-214353,12854473,Executor0,12854473
1783117252641,nx-q0-nexmark-auto-170510,65654625,Executor0,65654625
1783117252925,nx-q6-nexmark-sponge-q0-20260701-180117,4399003,Executor0,4399003
1783117253584,nx-q0-nexmark-autoscaler-rerun-20260626-214353,12854473,Executor0,12854473
1783117253641,nx-q0-nexmark-auto-170510,65761127,Executor0,65761127
1783117253925,nx-q6-nexmark-sponge-q0-20260701-180117,4399003,Executor0,4399003
1783117254584,nx-q0-nexmark-autoscaler-rerun-20260626-214353,12854473,Executor0,12854473
1783117254641,nx-q0-nexmark-auto-170510,65860000,Executor0,65860000
1783117254925,nx-q6-nexmark-sponge-q0-20260701-180117,4399003,Executor0,4399003
1783117255584,nx-q0-nexmark-autoscaler-rerun-20260626-214353,12854473,Executor0,12854473
1783117255641,nx-q0-nexmark-auto-170510,65960000,Executor0,65960000
1783117255925,nx-q6-nexmark-sponge-q0-20260701-180117,4399003,Executor0,4399003
1783117256584,nx-q0-nexmark-autoscaler-rerun-20260626-214353,12854473,Executor0,12854473
1783117256641,nx-q0-nexmark-auto-170510,66000000,Executor0,66000000
1783117256925,nx-q6-nexmark-sponge-q0-20260701-180117,4399003,Executor0,4399003
1783117257584,nx-q0-nexmark-autoscaler-rerun-20260626-214353,12854473,Executor0,12854473
1783117257641,nx-q0-nexmark-auto-170510,66000000,Executor0,66000000
1783117257925,nx-q6-nexmark-sponge-q0-20260701-180117,4399003,Executor0,4399003
1783117258584,nx-q0-nexmark-autoscaler-rerun-20260626-214353,12854473,Executor0,12854473
1783117258641,nx-q0-nexmark-auto-170510,66000000,Executor0,66000000
1783117258925,nx-q6-nexmark-sponge-q0-20260701-180117,4399003,Executor0,4399003
1783117259584,nx-q0-nexmark-autoscaler-rerun-20260626-214353,12854473,Executor0,12854473
1783117259641,nx-q0-nexmark-auto-170510,66000000,Executor0,66000000
1783117259925,nx-q6-nexmark-sponge-q0-20260701-180117,4399003,Executor0,4399003
1783117260584,nx-q0-nexmark-autoscaler-rerun-20260626-214353,12854473,Executor0,12854473
1783117260641,nx-q0-nexmark-auto-170510,66000000,Executor0,66000000
1783117260925,nx-q6-nexmark-sponge-q0-20260701-180117,4399003,Executor0,4399003
1783117261584,nx-q0-nexmark-autoscaler-rerun-20260626-214353,12854473,Executor0,12854473
1783117261641,nx-q0-nexmark-auto-170510,66000000,Executor0,66000000
1783117261925,nx-q6-nexmark-sponge-q0-20260701-180117,4399003,Executor0,4399003
1783117262584,nx-q0-nexmark-autoscaler-rerun-20260626-214353,12854473,Executor0,12854473
1783117262641,nx-q0-nexmark-auto-170510,66000000,Executor0,66000000
1783117262925,nx-q6-nexmark-sponge-q0-20260701-180117,4399003,Executor0,4399003
1783117263584,nx-q0-nexmark-autoscaler-rerun-20260626-214353,12854473,Executor0,12854473
1783117263641,nx-q0-nexmark-auto-170510,66000000,Executor0,66000000
1783117263925,nx-q6-nexmark-sponge-q0-20260701-180117,4399003,Executor0,4399003
1783117264584,nx-q0-nexmark-autoscaler-rerun-20260626-214353,12854473,Executor0,12854473
1783117264641,nx-q0-nexmark-auto-170510,66000000,Executor0,66000000
1783117264925,nx-q6-nexmark-sponge-q0-20260701-180117,4399003,Executor0,4399003
1783117265584,nx-q0-nexmark-autoscaler-rerun-20260626-214353,12854473,Executor0,12854473
1783117265641,nx-q0-nexmark-auto-170510,66000000,Executor0,66000000
1783117265925,nx-q6-nexmark-sponge-q0-20260701-180117,4399003,Executor0,4399003
1783117266584,nx-q0-nexmark-autoscaler-rerun-20260626-214353,12854473,Executor0,12854473
1783117266641,nx-q0-nexmark-auto-170510,66000000,Executor0,66000000
1783117266925,nx-q6-nexmark-sponge-q0-20260701-180117,4399003,Executor0,4399003
1783117267584,nx-q0-nexmark-autoscaler-rerun-20260626-214353,12854473,Executor0,12854473
1783117267641,nx-q0-nexmark-auto-170510,66000000,Executor0,66000000
1783117267925,nx-q6-nexmark-sponge-q0-20260701-180117,4399003,Executor0,4399003
1783117268584,nx-q0-nexmark-autoscaler-rerun-20260626-214353,12854473,Executor0,12854473
1783117268641,nx-q0-nexmark-auto-170510,66000000,Executor0,66000000
1783117268925,nx-q6-nexmark-sponge-q0-20260701-180117,4399003,Executor0,4399003
1783117269584,nx-q0-nexmark-autoscaler-rerun-20260626-214353,12854473,Executor0,12854473
1783117269641,nx-q0-nexmark-auto-170510,66000000,Executor0,66000000
1783117269925,nx-q6-nexmark-sponge-q0-20260701-180117,4399003,Executor0,4399003
1783117270584,nx-q0-nexmark-autoscaler-rerun-20260626-214353,12854473,Executor0,12854473
1783117270641,nx-q0-nexmark-auto-170510,66000000,Executor0,66000000
1783117270925,nx-q6-nexmark-sponge-q0-20260701-180117,4399003,Executor0,4399003
1783117271584,nx-q0-nexmark-autoscaler-rerun-20260626-214353,12854473,Executor0,12854473
1783117271641,nx-q0-nexmark-auto-170510,66000000,Executor0,66000000
1783117271925,nx-q6-nexmark-sponge-q0-20260701-180117,4399003,Executor0,4399003
1783117272584,nx-q0-nexmark-autoscaler-rerun-20260626-214353,12854473,Executor0,12854473
1783117272641,nx-q0-nexmark-auto-170510,66000000,Executor0,66000000
1783117272925,nx-q6-nexmark-sponge-q0-20260701-180117,4399003,Executor0,4399003
1783117273584,nx-q0-nexmark-autoscaler-rerun-20260626-214353,12854473,Executor0,12854473
1783117273641,nx-q0-nexmark-auto-170510,66000000,Executor0,66000000
1783117273925,nx-q6-nexmark-sponge-q0-20260701-180117,4399003,Executor0,4399003
1783117274584,nx-q0-nexmark-autoscaler-rerun-20260626-214353,12854473,Executor0,12854473
1783117274641,nx-q0-nexmark-auto-170510,66000000,Executor0,66000000
1783117274925,nx-q6-nexmark-sponge-q0-20260701-180117,4399003,Executor0,4399003
1783117275584,nx-q0-nexmark-autoscaler-rerun-20260626-214353,12854473,Executor0,12854473
1783117275641,nx-q0-nexmark-auto-170510,66000000,Executor0,66000000
1783117275925,nx-q6-nexmark-sponge-q0-20260701-180117,4399003,Executor0,4399003
1783117276584,nx-q0-nexmark-autoscaler-rerun-20260626-214353,12854473,Executor0,12854473
1783117276641,nx-q0-nexmark-auto-170510,66000000,Executor0,66000000
1783117276925,nx-q6-nexmark-sponge-q0-20260701-180117,4399003,Executor0,4399003
1783117277584,nx-q0-nexmark-autoscaler-rerun-20260626-214353,12854473,Executor0,12854473
1783117277641,nx-q0-nexmark-auto-170510,66000000,Executor0,66000000
1783117277925,nx-q6-nexmark-sponge-q0-20260701-180117,4399003,Executor0,4399003
1783117278584,nx-q0-nexmark-autoscaler-rerun-20260626-214353,12854473,Executor0,12854473
1783117278641,nx-q0-nexmark-auto-170510,66000000,Executor0,66000000
1783117278925,nx-q6-nexmark-sponge-q0-20260701-180117,4399003,Executor0,4399003
1783117279584,nx-q0-nexmark-autoscaler-rerun-20260626-214353,12854473,Executor0,12854473
1783117279641,nx-q0-nexmark-auto-170510,66000000,Executor0,66000000
1783117279925,nx-q6-nexmark-sponge-q0-20260701-180117,4399003,Executor0,4399003
1783117280584,nx-q0-nexmark-autoscaler-rerun-20260626-214353,12854473,Executor0,12854473
1783117280641,nx-q0-nexmark-auto-170510,66000000,Executor0,66000000
1783117280925,nx-q6-nexmark-sponge-q0-20260701-180117,4399003,Executor0,4399003
1783117281584,nx-q0-nexmark-autoscaler-rerun-20260626-214353,12854473,Executor0,12854473
1783117281641,nx-q0-nexmark-auto-170510,66000000,Executor0,66000000
1783117281925,nx-q6-nexmark-sponge-q0-20260701-180117,4399003,Executor0,4399003
1783117282584,nx-q0-nexmark-autoscaler-rerun-20260626-214353,12854473,Executor0,12854473
1783117282641,nx-q0-nexmark-auto-170510,66000000,Executor0,66000000
1783117282925,nx-q6-nexmark-sponge-q0-20260701-180117,4399003,Executor0,4399003
1783117283584,nx-q0-nexmark-autoscaler-rerun-20260626-214353,12854473,Executor0,12854473
1783117283641,nx-q0-nexmark-auto-170510,66000000,Executor0,66000000
1783117283925,nx-q6-nexmark-sponge-q0-20260701-180117,4399003,Executor0,4399003
1783117284584,nx-q0-nexmark-autoscaler-rerun-20260626-214353,12854473,Executor0,12854473
1783117284641,nx-q0-nexmark-auto-170510,66000000,Executor0,66000000
1783117284925,nx-q6-nexmark-sponge-q0-20260701-180117,4399003,Executor0,4399003
1783117285584,nx-q0-nexmark-autoscaler-rerun-20260626-214353,12854473,Executor0,12854473
1783117285641,nx-q0-nexmark-auto-170510,66000000,Executor0,66000000
1783117285925,nx-q6-nexmark-sponge-q0-20260701-180117,4399003,Executor0,4399003
1783117286584,nx-q0-nexmark-autoscaler-rerun-20260626-214353,12854473,Executor0,12854473
1783117286641,nx-q0-nexmark-auto-170510,66000000,Executor0,66000000
1783117286925,nx-q6-nexmark-sponge-q0-20260701-180117,4399003,Executor0,4399003
1783117287584,nx-q0-nexmark-autoscaler-rerun-20260626-214353,12854473,Executor0,12854473
1783117287641,nx-q0-nexmark-auto-170510,66000000,Executor0,66000000
1783117287925,nx-q6-nexmark-sponge-q0-20260701-180117,4399003,Executor0,4399003
1783117288584,nx-q0-nexmark-autoscaler-rerun-20260626-214353,12854473,Executor0,12854473
1783117288641,nx-q0-nexmark-auto-170510,66000000,Executor0,66000000
1783117288925,nx-q6-nexmark-sponge-q0-20260701-180117,4399003,Executor0,4399003
1783117289584,nx-q0-nexmark-autoscaler-rerun-20260626-214353,12854473,Executor0,12854473
1783117289641,nx-q0-nexmark-auto-170510,66000000,Executor0,66000000
1783117289925,nx-q6-nexmark-sponge-q0-20260701-180117,4399003,Executor0,4399003
1783117290584,nx-q0-nexmark-autoscaler-rerun-20260626-214353,12854473,Executor0,12854473
1783117290641,nx-q0-nexmark-auto-170510,66000000,Executor0,66000000
1783117290925,nx-q6-nexmark-sponge-q0-20260701-180117,4399003,Executor0,4399003
1783117291584,nx-q0-nexmark-autoscaler-rerun-20260626-214353,12854473,Executor0,12854473
1783117291641,nx-q0-nexmark-auto-170510,66000000,Executor0,66000000
1783117291925,nx-q6-nexmark-sponge-q0-20260701-180117,4399003,Executor0,4399003
1783117292584,nx-q0-nexmark-autoscaler-rerun-20260626-214353,12854473,Executor0,12854473
1783117292641,nx-q0-nexmark-auto-170510,66000000,Executor0,66000000
1783117292925,nx-q6-nexmark-sponge-q0-20260701-180117,4399003,Executor0,4399003
1783117293584,nx-q0-nexmark-autoscaler-rerun-20260626-214353,12854473,Executor0,12854473
1783117293641,nx-q0-nexmark-auto-170510,66000000,Executor0,66000000
1783117293925,nx-q6-nexmark-sponge-q0-20260701-180117,4399003,Executor0,4399003
1783117294584,nx-q0-nexmark-autoscaler-rerun-20260626-214353,12854473,Executor0,12854473
1783117294641,nx-q0-nexmark-auto-170510,66000000,Executor0,66000000
1783117294925,nx-q6-nexmark-sponge-q0-20260701-180117,4399003,Executor0,4399003
1783117295584,nx-q0-nexmark-autoscaler-rerun-20260626-214353,12854473,Executor0,12854473
1783117295641,nx-q0-nexmark-auto-170510,66000000,Executor0,66000000
1783117295925,nx-q6-nexmark-sponge-q0-20260701-180117,4399003,Executor0,4399003
1783117296584,nx-q0-nexmark-autoscaler-rerun-20260626-214353,12854473,Executor0,12854473
1783117296641,nx-q0-nexmark-auto-170510,66000000,Executor0,66000000
1783117296925,nx-q6-nexmark-sponge-q0-20260701-180117,4399003,Executor0,4399003
1783117297584,nx-q0-nexmark-autoscaler-rerun-20260626-214353,12854473,Executor0,12854473
1783117297641,nx-q0-nexmark-auto-170510,66000000,Executor0,66000000
1783117297925,nx-q6-nexmark-sponge-q0-20260701-180117,4399003,Executor0,4399003
1783117298584,nx-q0-nexmark-autoscaler-rerun-20260626-214353,12854473,Executor0,12854473
1783117298641,nx-q0-nexmark-auto-170510,66000000,Executor0,66000000
1783117298925,nx-q6-nexmark-sponge-q0-20260701-180117,4399003,Executor0,4399003
1783117299584,nx-q0-nexmark-autoscaler-rerun-20260626-214353,12854473,Executor0,12854473
1783117299641,nx-q0-nexmark-auto-170510,66000000,Executor0,66000000
1783117299925,nx-q6-nexmark-sponge-q0-20260701-180117,4399003,Executor0,4399003
1783117300584,nx-q0-nexmark-autoscaler-rerun-20260626-214353,12854473,Executor0,12854473
1783117300641,nx-q0-nexmark-auto-170510,66000000,Executor0,66000000
1783117300925,nx-q6-nexmark-sponge-q0-20260701-180117,4399003,Executor0,4399003
1783117301584,nx-q0-nexmark-autoscaler-rerun-20260626-214353,12854473,Executor0,12854473
1783117301641,nx-q0-nexmark-auto-170510,66000000,Executor0,66000000
1783117301925,nx-q6-nexmark-sponge-q0-20260701-180117,4399003,Executor0,4399003
1783117302584,nx-q0-nexmark-autoscaler-rerun-20260626-214353,12854473,Executor0,12854473
1783117302641,nx-q0-nexmark-auto-170510,66000000,Executor0,66000000
1783117302925,nx-q6-nexmark-sponge-q0-20260701-180117,4399003,Executor0,4399003
1783117303584,nx-q0-nexmark-autoscaler-rerun-20260626-214353,12854473,Executor0,12854473
1783117303641,nx-q0-nexmark-auto-170510,66000000,Executor0,66000000
1783117303925,nx-q6-nexmark-sponge-q0-20260701-180117,4399003,Executor0,4399003
1783117304584,nx-q0-nexmark-autoscaler-rerun-20260626-214353,12854473,Executor0,12854473
1783117304641,nx-q0-nexmark-auto-170510,66000000,Executor0,66000000
1783117304925,nx-q6-nexmark-sponge-q0-20260701-180117,4399003,Executor0,4399003
1783117305584,nx-q0-nexmark-autoscaler-rerun-20260626-214353,12854473,Executor0,12854473
1783117305641,nx-q0-nexmark-auto-170510,66000000,Executor0,66000000
1783117305925,nx-q6-nexmark-sponge-q0-20260701-180117,4399003,Executor0,4399003
1783117306584,nx-q0-nexmark-autoscaler-rerun-20260626-214353,12854473,Executor0,12854473
1783117306641,nx-q0-nexmark-auto-170510,66000000,Executor0,66000000
1783117306925,nx-q6-nexmark-sponge-q0-20260701-180117,4399003,Executor0,4399003
1783117307584,nx-q0-nexmark-autoscaler-rerun-20260626-214353,12854473,Executor0,12854473
1783117307641,nx-q0-nexmark-auto-170510,66000000,Executor0,66000000
1783117307925,nx-q6-nexmark-sponge-q0-20260701-180117,4399003,Executor0,4399003
1783117308584,nx-q0-nexmark-autoscaler-rerun-20260626-214353,12854473,Executor0,12854473
1783117308641,nx-q0-nexmark-auto-170510,66000000,Executor0,66000000
1783117308925,nx-q6-nexmark-sponge-q0-20260701-180117,4399003,Executor0,4399003
1783117309584,nx-q0-nexmark-autoscaler-rerun-20260626-214353,12854473,Executor0,12854473
1783117309641,nx-q0-nexmark-auto-170510,66000000,Executor0,66000000
1783117309925,nx-q6-nexmark-sponge-q0-20260701-180117,4399003,Executor0,4399003
1783117310584,nx-q0-nexmark-autoscaler-rerun-20260626-214353,12854473,Executor0,12854473
1783117310641,nx-q0-nexmark-auto-170510,66000000,Executor0,66000000
1783117310925,nx-q6-nexmark-sponge-q0-20260701-180117,4399003,Executor0,4399003
1783117311584,nx-q0-nexmark-autoscaler-rerun-20260626-214353,12854473,Executor0,12854473
1783117311641,nx-q0-nexmark-auto-170510,66000000,Executor0,66000000
1783117311925,nx-q6-nexmark-sponge-q0-20260701-180117,4399003,Executor0,4399003
1783117312584,nx-q0-nexmark-autoscaler-rerun-20260626-214353,12854473,Executor0,12854473
1783117312641,nx-q0-nexmark-auto-170510,66000000,Executor0,66000000
1783117312925,nx-q6-nexmark-sponge-q0-20260701-180117,4399003,Executor0,4399003
1783117313584,nx-q0-nexmark-autoscaler-rerun-20260626-214353,12854473,Executor0,12854473
1783117313641,nx-q0-nexmark-auto-170510,66000000,Executor0,66000000
1783117313925,nx-q6-nexmark-sponge-q0-20260701-180117,4399003,Executor0,4399003
1783117314584,nx-q0-nexmark-autoscaler-rerun-20260626-214353,12854473,Executor0,12854473
1783117314641,nx-q0-nexmark-auto-170510,66000000,Executor0,66000000
1783117314925,nx-q6-nexmark-sponge-q0-20260701-180117,4399003,Executor0,4399003
1783117315584,nx-q0-nexmark-autoscaler-rerun-20260626-214353,12854473,Executor0,12854473
1783117315641,nx-q0-nexmark-auto-170510,66000000,Executor0,66000000
1783117315925,nx-q6-nexmark-sponge-q0-20260701-180117,4399003,Executor0,4399003
1783117316584,nx-q0-nexmark-autoscaler-rerun-20260626-214353,12854473,Executor0,12854473
1783117316641,nx-q0-nexmark-auto-170510,66000000,Executor0,66000000
1783117316925,nx-q6-nexmark-sponge-q0-20260701-180117,4399003,Executor0,4399003
1783117317584,nx-q0-nexmark-autoscaler-rerun-20260626-214353,12854473,Executor0,12854473
1783117317641,nx-q0-nexmark-auto-170510,66000000,Executor0,66000000
1783117317925,nx-q6-nexmark-sponge-q0-20260701-180117,4399003,Executor0,4399003
1783117318584,nx-q0-nexmark-autoscaler-rerun-20260626-214353,12854473,Executor0,12854473
1783117318641,nx-q0-nexmark-auto-170510,66000000,Executor0,66000000
1783117318925,nx-q6-nexmark-sponge-q0-20260701-180117,4399003,Executor0,4399003
1783117319584,nx-q0-nexmark-autoscaler-rerun-20260626-214353,12854473,Executor0,12854473
1783117319641,nx-q0-nexmark-auto-170510,66000000,Executor0,66000000
1783117319925,nx-q6-nexmark-sponge-q0-20260701-180117,4399003,Executor0,4399003
1783117320584,nx-q0-nexmark-autoscaler-rerun-20260626-214353,12854473,Executor0,12854473
1783117320641,nx-q0-nexmark-auto-170510,66000000,Executor0,66000000
1783117320925,nx-q6-nexmark-sponge-q0-20260701-180117,4399003,Executor0,4399003
1783117321729,nx-q0-nexmark-auto-170510,66000000,Executor0,66000000
1783117321729,nx-q0-nexmark-autoscaler-rerun-20260626-214353,12854473,Executor0,12854473
1783117321925,nx-q6-nexmark-sponge-q0-20260701-180117,4399003,Executor0,4399003
1783117322584,nx-q0-nexmark-autoscaler-rerun-20260626-214353,12854473,Executor0,12854473
1783117322641,nx-q0-nexmark-auto-170510,66000000,Executor0,66000000
1783117322925,nx-q6-nexmark-sponge-q0-20260701-180117,4399003,Executor0,4399003
1783117323584,nx-q0-nexmark-autoscaler-rerun-20260626-214353,12854473,Executor0,12854473
1783117323641,nx-q0-nexmark-auto-170510,66000000,Executor0,66000000
1783117323925,nx-q6-nexmark-sponge-q0-20260701-180117,4399003,Executor0,4399003
1783117324584,nx-q0-nexmark-autoscaler-rerun-20260626-214353,12854473,Executor0,12854473
1783117324641,nx-q0-nexmark-auto-170510,66000000,Executor0,66000000
1783117324925,nx-q6-nexmark-sponge-q0-20260701-180117,4399003,Executor0,4399003
1783117325584,nx-q0-nexmark-autoscaler-rerun-20260626-214353,12854473,Executor0,12854473
1783117325641,nx-q0-nexmark-auto-170510,66000000,Executor0,66000000
1783117325925,nx-q6-nexmark-sponge-q0-20260701-180117,4399003,Executor0,4399003
1783117326584,nx-q0-nexmark-autoscaler-rerun-20260626-214353,12854473,Executor0,12854473
1783117326641,nx-q0-nexmark-auto-170510,66000000,Executor0,66000000
1783117326925,nx-q6-nexmark-sponge-q0-20260701-180117,4399003,Executor0,4399003
1783117327584,nx-q0-nexmark-autoscaler-rerun-20260626-214353,12854473,Executor0,12854473
1783117327641,nx-q0-nexmark-auto-170510,66000000,Executor0,66000000
1783117327925,nx-q6-nexmark-sponge-q0-20260701-180117,4399003,Executor0,4399003
1783117328584,nx-q0-nexmark-autoscaler-rerun-20260626-214353,12854473,Executor0,12854473
1783117328641,nx-q0-nexmark-auto-170510,66000000,Executor0,66000000
1783117328925,nx-q6-nexmark-sponge-q0-20260701-180117,4399003,Executor0,4399003
1783117329584,nx-q0-nexmark-autoscaler-rerun-20260626-214353,12854473,Executor0,12854473
1783117329641,nx-q0-nexmark-auto-170510,66000000,Executor0,66000000
1783117329925,nx-q6-nexmark-sponge-q0-20260701-180117,4399003,Executor0,4399003
1783117330584,nx-q0-nexmark-autoscaler-rerun-20260626-214353,12854473,Executor0,12854473
1783117330641,nx-q0-nexmark-auto-170510,66000000,Executor0,66000000
1783117330925,nx-q6-nexmark-sponge-q0-20260701-180117,4399003,Executor0,4399003
1783117331584,nx-q0-nexmark-autoscaler-rerun-20260626-214353,12854473,Executor0,12854473
1783117331641,nx-q0-nexmark-auto-170510,66000000,Executor0,66000000
1783117331925,nx-q6-nexmark-sponge-q0-20260701-180117,4399003,Executor0,4399003
1783117332584,nx-q0-nexmark-autoscaler-rerun-20260626-214353,12854473,Executor0,12854473
1783117332641,nx-q0-nexmark-auto-170510,66000000,Executor0,66000000
1783117332925,nx-q6-nexmark-sponge-q0-20260701-180117,4399003,Executor0,4399003
1783117333584,nx-q0-nexmark-autoscaler-rerun-20260626-214353,12854473,Executor0,12854473
1783117333641,nx-q0-nexmark-auto-170510,66000000,Executor0,66000000
1783117333925,nx-q6-nexmark-sponge-q0-20260701-180117,4399003,Executor0,4399003
1783117334584,nx-q0-nexmark-autoscaler-rerun-20260626-214353,12854473,Executor0,12854473
1783117334641,nx-q0-nexmark-auto-170510,66000000,Executor0,66000000
1783117334925,nx-q6-nexmark-sponge-q0-20260701-180117,4399003,Executor0,4399003
1783117335584,nx-q0-nexmark-autoscaler-rerun-20260626-214353,12854473,Executor0,12854473
1783117335641,nx-q0-nexmark-auto-170510,66000000,Executor0,66000000
1783117335925,nx-q6-nexmark-sponge-q0-20260701-180117,4399003,Executor0,4399003
1783117336584,nx-q0-nexmark-autoscaler-rerun-20260626-214353,12854473,Executor0,12854473
1783117336641,nx-q0-nexmark-auto-170510,66000000,Executor0,66000000
1783117336925,nx-q6-nexmark-sponge-q0-20260701-180117,4399003,Executor0,4399003
1783117337584,nx-q0-nexmark-autoscaler-rerun-20260626-214353,12854473,Executor0,12854473
1783117337641,nx-q0-nexmark-auto-170510,66000000,Executor0,66000000
1783117337925,nx-q6-nexmark-sponge-q0-20260701-180117,4399003,Executor0,4399003
1783117338584,nx-q0-nexmark-autoscaler-rerun-20260626-214353,12854473,Executor0,12854473
1783117338641,nx-q0-nexmark-auto-170510,66000000,Executor0,66000000
1783117338925,nx-q6-nexmark-sponge-q0-20260701-180117,4399003,Executor0,4399003
1783117339584,nx-q0-nexmark-autoscaler-rerun-20260626-214353,12854473,Executor0,12854473
1783117339641,nx-q0-nexmark-auto-170510,66000000,Executor0,66000000
1783117339925,nx-q6-nexmark-sponge-q0-20260701-180117,4399003,Executor0,4399003
1783117340584,nx-q0-nexmark-autoscaler-rerun-20260626-214353,12854473,Executor0,12854473
1783117340641,nx-q0-nexmark-auto-170510,66000000,Executor0,66000000
1783117340925,nx-q6-nexmark-sponge-q0-20260701-180117,4399003,Executor0,4399003
1783117341584,nx-q0-nexmark-autoscaler-rerun-20260626-214353,12854473,Executor0,12854473
1783117341641,nx-q0-nexmark-auto-170510,66000000,Executor0,66000000
1783117341925,nx-q6-nexmark-sponge-q0-20260701-180117,4399003,Executor0,4399003
1783117342584,nx-q0-nexmark-autoscaler-rerun-20260626-214353,12854473,Executor0,12854473
1783117342641,nx-q0-nexmark-auto-170510,66000000,Executor0,66000000
1783117342925,nx-q6-nexmark-sponge-q0-20260701-180117,4399003,Executor0,4399003
1783117343584,nx-q0-nexmark-autoscaler-rerun-20260626-214353,12854473,Executor0,12854473
1783117343641,nx-q0-nexmark-auto-170510,66000000,Executor0,66000000
1783117343925,nx-q6-nexmark-sponge-q0-20260701-180117,4399003,Executor0,4399003
1783117344584,nx-q0-nexmark-autoscaler-rerun-20260626-214353,12854473,Executor0,12854473
1783117344641,nx-q0-nexmark-auto-170510,66000000,Executor0,66000000
1783117344925,nx-q6-nexmark-sponge-q0-20260701-180117,4399003,Executor0,4399003
1783117345617,nx-q0-nexmark-autoscaler-rerun-20260626-214353,12854473,Executor0,12854473
1783117345641,nx-q0-nexmark-auto-170510,66000000,Executor0,66000000
1783117345925,nx-q6-nexmark-sponge-q0-20260701-180117,4399003,Executor0,4399003
1783117346584,nx-q0-nexmark-autoscaler-rerun-20260626-214353,12854473,Executor0,12854473
1783117346641,nx-q0-nexmark-auto-170510,66000000,Executor0,66000000
1783117346925,nx-q6-nexmark-sponge-q0-20260701-180117,4399003,Executor0,4399003
1783117347584,nx-q0-nexmark-autoscaler-rerun-20260626-214353,12854473,Executor0,12854473
1783117347641,nx-q0-nexmark-auto-170510,66000000,Executor0,66000000
1783117347925,nx-q6-nexmark-sponge-q0-20260701-180117,4399003,Executor0,4399003
1783117348584,nx-q0-nexmark-autoscaler-rerun-20260626-214353,12854473,Executor0,12854473
1783117348641,nx-q0-nexmark-auto-170510,66000000,Executor0,66000000
1783117348925,nx-q6-nexmark-sponge-q0-20260701-180117,4399003,Executor0,4399003
1783117349584,nx-q0-nexmark-autoscaler-rerun-20260626-214353,12854473,Executor0,12854473
1783117349641,nx-q0-nexmark-auto-170510,66000000,Executor0,66000000
1783117349925,nx-q6-nexmark-sponge-q0-20260701-180117,4399003,Executor0,4399003
1783117350584,nx-q0-nexmark-autoscaler-rerun-20260626-214353,12854473,Executor0,12854473
1783117350641,nx-q0-nexmark-auto-170510,66000000,Executor0,66000000
1783117350925,nx-q6-nexmark-sponge-q0-20260701-180117,4399003,Executor0,4399003
1783117351584,nx-q0-nexmark-autoscaler-rerun-20260626-214353,12854473,Executor0,12854473
1783117351641,nx-q0-nexmark-auto-170510,66000000,Executor0,66000000
1783117351925,nx-q6-nexmark-sponge-q0-20260701-180117,4399003,Executor0,4399003
1783117352584,nx-q0-nexmark-autoscaler-rerun-20260626-214353,12854473,Executor0,12854473
1783117352641,nx-q0-nexmark-auto-170510,66000000,Executor0,66000000
1783117352925,nx-q6-nexmark-sponge-q0-20260701-180117,4399003,Executor0,4399003
1783117353584,nx-q0-nexmark-autoscaler-rerun-20260626-214353,12854473,Executor0,12854473
1783117353641,nx-q0-nexmark-auto-170510,66000000,Executor0,66000000
1783117353925,nx-q6-nexmark-sponge-q0-20260701-180117,4399003,Executor0,4399003
1783117354584,nx-q0-nexmark-autoscaler-rerun-20260626-214353,12854473,Executor0,12854473
1783117354641,nx-q0-nexmark-auto-170510,66000000,Executor0,66000000
1783117354925,nx-q6-nexmark-sponge-q0-20260701-180117,4399003,Executor0,4399003
1783117355584,nx-q0-nexmark-autoscaler-rerun-20260626-214353,12854473,Executor0,12854473
1783117355641,nx-q0-nexmark-auto-170510,66000000,Executor0,66000000
1783117355925,nx-q6-nexmark-sponge-q0-20260701-180117,4399003,Executor0,4399003
1783117356584,nx-q0-nexmark-autoscaler-rerun-20260626-214353,12854473,Executor0,12854473
1783117356641,nx-q0-nexmark-auto-170510,66000000,Executor0,66000000
1783117356925,nx-q6-nexmark-sponge-q0-20260701-180117,4399003,Executor0,4399003
1783117357584,nx-q0-nexmark-autoscaler-rerun-20260626-214353,12854473,Executor0,12854473
1783117357641,nx-q0-nexmark-auto-170510,66000000,Executor0,66000000
1783117357925,nx-q6-nexmark-sponge-q0-20260701-180117,4399003,Executor0,4399003
1783117358584,nx-q0-nexmark-autoscaler-rerun-20260626-214353,12854473,Executor0,12854473
1783117358641,nx-q0-nexmark-auto-170510,66000000,Executor0,66000000
1783117358925,nx-q6-nexmark-sponge-q0-20260701-180117,4399003,Executor0,4399003
1783117359584,nx-q0-nexmark-autoscaler-rerun-20260626-214353,12854473,Executor0,12854473
1783117359641,nx-q0-nexmark-auto-170510,66000000,Executor0,66000000
1783117359925,nx-q6-nexmark-sponge-q0-20260701-180117,4399003,Executor0,4399003
1783117360584,nx-q0-nexmark-autoscaler-rerun-20260626-214353,12854473,Executor0,12854473
1783117360641,nx-q0-nexmark-auto-170510,66000000,Executor0,66000000
1783117360925,nx-q6-nexmark-sponge-q0-20260701-180117,4399003,Executor0,4399003
1783117361584,nx-q0-nexmark-autoscaler-rerun-20260626-214353,12854473,Executor0,12854473
1783117361641,nx-q0-nexmark-auto-170510,66000000,Executor0,66000000
1783117361925,nx-q6-nexmark-sponge-q0-20260701-180117,4399003,Executor0,4399003
1783117362584,nx-q0-nexmark-autoscaler-rerun-20260626-214353,12854473,Executor0,12854473
1783117362641,nx-q0-nexmark-auto-170510,66000000,Executor0,66000000
1783117362925,nx-q6-nexmark-sponge-q0-20260701-180117,4399003,Executor0,4399003
1783117363584,nx-q0-nexmark-autoscaler-rerun-20260626-214353,12854473,Executor0,12854473
1783117363641,nx-q0-nexmark-auto-170510,66000000,Executor0,66000000
1783117363925,nx-q6-nexmark-sponge-q0-20260701-180117,4399003,Executor0,4399003
1783117364584,nx-q0-nexmark-autoscaler-rerun-20260626-214353,12854473,Executor0,12854473
1783117364641,nx-q0-nexmark-auto-170510,66000000,Executor0,66000000
1783117364925,nx-q6-nexmark-sponge-q0-20260701-180117,4399003,Executor0,4399003
