SLF4J: Class path contains multiple SLF4J bindings.
SLF4J: Found binding in [jar:file:/tmp/nemo-cloudlab-offload/nemo-client.jar!/org/slf4j/impl/StaticLoggerBinder.class]
SLF4J: Found binding in [jar:file:/tmp/nemo-cloudlab-offload/offloading-vm.jar!/org/slf4j/impl/StaticLoggerBinder.class]
SLF4J: See http://www.slf4j.org/codes.html#multiple_bindings for an explanation.
SLF4J: Actual binding is of type [org.slf4j.impl.Log4jLoggerFactory]
 INFO 07-15 17:52:03,722 VMWorker:132 [main] - Start worker with args 25334, 10000000
 INFO 07-15 17:52:03,829 VMWorker:50 [main] - VM worker port: 25334, timeout: 10000000
 INFO 07-15 17:52:03,976 VMWorker:71 [main] - Server channel binded 25334
 INFO 07-15 17:52:14,892 NettyChannelInitializer:34 [org.apache.nemo.offloading.workers.vm.VMWorkerSourceServerWorker-3-1] - Init channel [id: 0x42152f40, L:/10.10.1.9:25334 - R:/10.10.1.1:38430]
 INFO 07-15 17:52:14,917 VMWorker$NettyServerSideChannelHandler:162 [org.apache.nemo.offloading.workers.vm.VMWorkerSourceServerWorker-3-1] - Channel activate: [id: 0x42152f40, L:/10.10.1.9:25334 - R:/10.10.1.1:38430]
 INFO 07-15 17:55:27,853 NettyChannelInitializer:34 [org.apache.nemo.offloading.workers.vm.VMWorkerSourceServerWorker-3-2] - Init channel [id: 0x05ec3c4e, L:/10.10.1.9:25334 - R:/10.10.1.6:49074]
 INFO 07-15 17:55:27,859 VMWorker$NettyServerSideChannelHandler:162 [org.apache.nemo.offloading.workers.vm.VMWorkerSourceServerWorker-3-2] - Channel activate: [id: 0x05ec3c4e, L:/10.10.1.9:25334 - R:/10.10.1.6:49074]
 INFO 07-15 17:55:27,885 VMWorker$NettyServerSideChannelHandler:168 [org.apache.nemo.offloading.workers.vm.VMWorkerSourceServerWorker-3-2] - Channel read from [id: 0x05ec3c4e, L:/10.10.1.9:25334 - R:/10.10.1.6:49074], OffloadingMasterEvent:SEND_ADDRESS
 INFO 07-15 17:55:27,912 OffloadingHandler:102 [main] - Handler is created!
Receive request {"address":"10.10.1.6", "port": 10751, "requestId": 110}
 INFO 07-15 17:55:27,926 OffloadingHandler:503 [pool-1-thread-1] - Init input {address=10.10.1.6, port=10751, requestId=110}... control channel null
Input: {address=10.10.1.6, port=10751, requestId=110}
 INFO 07-15 17:55:27,937 NettyChannelInitializer:34 [hello-ClientWorker-4-1] - Init channel [id: 0xe2dfa443]
Open channel: [id: 0xe2dfa443, L:/10.10.1.9:46416 - R:/10.10.1.6:10751]
Loading jar: [id: 0xe2dfa443, L:/10.10.1.9:46416 - R:/10.10.1.6:10751]
 INFO 07-15 17:55:27,949 OffloadingHandler:265 [pool-1-thread-1] - Create class loader: {}
Data processing cnt: 0, Write handshake: 22
 INFO 07-15 17:55:27,950 OffloadingHandler:197 [pool-1-thread-1] - Waiting client handshake done..
Worker init... bytes: 113
Before OffloadingTransform: 
 INFO 07-15 17:55:28,011 OffloadingExecutor:106 [pool-2-thread-1] - Offloading executor started 1/{}/true/{}/{}/{}
After OffloadingTransform: 
OffloadingTransform: org.apache.nemo.runtime.lambdaexecutor.general.OffloadingExecutor@12abed14
 INFO 07-15 17:55:28,016 OffloadingHandler$LambdaEventHandler:642 [pool-2-thread-1] - Before offloading prepare, stageTaskMap size: 0
 INFO 07-15 17:55:28,028 MonitoringThread:33 [pool-2-thread-1] - Refresh interval: 1000, cpu limit: 1.0
 INFO 07-15 17:55:28,414 NettyWorkerEnvironment$2:273 [pool-2-thread-1] - Send init message from VM-110
Sampling json: {}
 INFO 07-15 17:55:28,585 MonitoringThread:33 [pool-2-thread-1] - Refresh interval: 1000, cpu limit: 1.0
 INFO 07-15 17:55:28,601 NettyVMStateStoreClient:65 [pool-2-thread-1] - VM State store client connected [id: 0x720a31da, L:/10.10.1.9:39540 - R:node5/10.10.1.6:18011]
 INFO 07-15 17:55:28,605 Executor:600 [pool-2-thread-1] - 
----------EvalConf start---------
enableOffloading: false
enableOffloadingDebug: false
ec2: false
flushBytes: 1000000
flushCount: 1000
flushPeriod: 1000
sampling: {}
bottleneckDetectionPeriod: 1000
bottleneckDectionConsectutive: 2
bottleneckDetectionThreshold: 0.9
deoffloadingThreshold: 0.7
samplingJson: {}
burstyOps: 
isLocalSource: true
sourceParallelism: 4
eventThreshold: 250000
offloadingType: local
middleParallelism: 1
executorThreadNum: 1
taskSlotNum: 10
offExecutorThreadNum: 1
controlLogging: false
autoscaling: true
randomselection: false
awsRegion: ap-northeast-1
throttleRate: 10000000
allocatedCores: 1.0
cpuLimit: 1.0
offloadingCpuLimit: 1.0
numOffloadingWorker: 1
scalingType: migration
offloadingManagerType: shared
awsProfileName: default
latencyLimit: 300000
optimizationPolicy: org.apache.nemo.compiler.optimizer.policy.StreamingPolicy
handlerTimeout: 120
numInitLambda: 1
maxLambda: 1
partialWarmup: false
partialWarmupPeriod: 100
fluidMigration: false
fluidDelay: 1000
stageMoves: 
queryId: 0
-----------EvalConf end----------

 INFO 07-15 17:55:28,605 TaskScheduledMapWorker:46 [pool-2-thread-1] - Initializing executor connection...
 INFO 07-15 17:55:28,613 TaskScheduledMapWorker:52 [pool-2-thread-1] - Task Stage0-0-0 in executor Executor0
 INFO 07-15 17:55:28,614 TaskScheduledMapWorker:52 [pool-2-thread-1] - Task Stage0-1-0 in executor Executor0
 INFO 07-15 17:55:28,614 TaskScheduledMapWorker:52 [pool-2-thread-1] - Task Stage0-2-0 in executor Executor0
 INFO 07-15 17:55:28,614 TaskScheduledMapWorker:52 [pool-2-thread-1] - Task Stage0-3-0 in executor Executor0
 INFO 07-15 17:55:28,614 TaskScheduledMapWorker:52 [pool-2-thread-1] - Task Stage2-3-0 in executor Executor4
 INFO 07-15 17:55:28,614 TaskScheduledMapWorker:52 [pool-2-thread-1] - Task Stage2-2-0 in executor Executor1
 INFO 07-15 17:55:28,614 TaskScheduledMapWorker:52 [pool-2-thread-1] - Task Stage2-1-0 in executor Executor2
 INFO 07-15 17:55:28,614 TaskScheduledMapWorker:52 [pool-2-thread-1] - Task Stage2-0-0 in executor Executor3
 INFO 07-15 17:55:28,614 TaskScheduledMapWorker:52 [pool-2-thread-1] - Task Stage3-0-0 in executor Executor3
 INFO 07-15 17:55:28,614 TaskScheduledMapWorker:52 [pool-2-thread-1] - Task Stage1-3-0 in executor Executor4
 INFO 07-15 17:55:28,614 TaskScheduledMapWorker:52 [pool-2-thread-1] - Task Stage1-1-0 in executor Executor2
 INFO 07-15 17:55:28,614 TaskScheduledMapWorker:52 [pool-2-thread-1] - Task Stage3-3-0 in executor Executor4
 INFO 07-15 17:55:28,614 TaskScheduledMapWorker:52 [pool-2-thread-1] - Task Stage1-2-0 in executor Executor1
 INFO 07-15 17:55:28,615 TaskScheduledMapWorker:52 [pool-2-thread-1] - Task Stage3-2-0 in executor Executor1
 INFO 07-15 17:55:28,615 TaskScheduledMapWorker:52 [pool-2-thread-1] - Task Stage3-1-0 in executor Executor2
 INFO 07-15 17:55:28,615 TaskScheduledMapWorker:52 [pool-2-thread-1] - Task Stage1-0-0 in executor Executor3
 WARN 07-15 17:55:28,617 ExecutorChannelManagerMap:90 [pool-2-thread-1] - Prevent init connection to same executor VM-110 in VM-110
 INFO 07-15 17:55:28,618 ExecutorChannelManagerMap:66 [pool-2-thread-1] - Initializing executor connection VM-110 -> Executor2...
 INFO 07-15 17:55:28,618 ExecutorChannelManagerMap:66 [pool-2-thread-1] - Initializing executor connection VM-110 -> Executor1...
 INFO 07-15 17:55:28,619 ExecutorChannelManagerMap:66 [pool-2-thread-1] - Initializing executor connection VM-110 -> Executor0...
 INFO 07-15 17:55:28,619 ExecutorChannelManagerMap:66 [pool-2-thread-1] - Initializing executor connection VM-110 -> Executor4...
 INFO 07-15 17:55:28,619 ExecutorChannelManagerMap:66 [pool-2-thread-1] - Initializing executor connection VM-110 -> Executor3...
 INFO 07-15 17:55:28,625 ExecutorChannelManagerMap:110 [pool-19-thread-1] - Registering  VM-110 -> Executor2
 INFO 07-15 17:55:28,626 NemoNameResolver:54 [pool-19-thread-1] - Lookup Executor2
 INFO 07-15 17:55:28,632 LambdaByteTransport:98 [pool-19-thread-1] - Address of Executor2: /10.10.1.11:11434
 INFO 07-15 17:55:28,642 ExecutorChannelManagerMap:116 [pool-19-thread-1] - Send register channel message to Executor2 from VM-110, channel [id: 0x3152c73c, L:/10.10.1.9:45128 - R:/10.10.1.11:11434]
 INFO 07-15 17:55:28,643 ExecutorChannelManagerMap:122 [pool-19-thread-1] - Putting done  VM-110 -> Executor2
 INFO 07-15 17:55:28,643 ExecutorChannelManagerMap:110 [pool-19-thread-5] - Registering  VM-110 -> Executor3
 INFO 07-15 17:55:28,643 NemoNameResolver:54 [pool-19-thread-5] - Lookup Executor3
 INFO 07-15 17:55:28,646 OutputWriterFlusher:50 [byte:client-6-1] - Registering channel [id: 0x3152c73c, L:/10.10.1.9:45128 - R:/10.10.1.11:11434], # of channel 0
 INFO 07-15 17:55:28,649 LambdaByteTransport:98 [pool-19-thread-5] - Address of Executor3: /10.10.1.12:15544
 INFO 07-15 17:55:28,651 ExecutorChannelManagerMap:116 [pool-19-thread-5] - Send register channel message to Executor3 from VM-110, channel [id: 0x9f43e1f5, L:/10.10.1.9:39970 - R:/10.10.1.12:15544]
 INFO 07-15 17:55:28,651 ExecutorChannelManagerMap:122 [pool-19-thread-5] - Putting done  VM-110 -> Executor3
 INFO 07-15 17:55:28,651 ExecutorChannelManagerMap:110 [pool-19-thread-4] - Registering  VM-110 -> Executor4
 INFO 07-15 17:55:28,651 NemoNameResolver:54 [pool-19-thread-4] - Lookup Executor4
 INFO 07-15 17:55:28,652 OutputWriterFlusher:50 [byte:client-6-2] - Registering channel [id: 0x9f43e1f5, L:/10.10.1.9:39970 - R:/10.10.1.12:15544], # of channel 1
 INFO 07-15 17:55:28,656 LambdaByteTransport:98 [pool-19-thread-4] - Address of Executor4: /10.10.1.13:13306
 INFO 07-15 17:55:28,657 ExecutorChannelManagerMap:116 [pool-19-thread-4] - Send register channel message to Executor4 from VM-110, channel [id: 0x05a68d04, L:/10.10.1.9:34206 - R:/10.10.1.13:13306]
 INFO 07-15 17:55:28,657 ExecutorChannelManagerMap:122 [pool-19-thread-4] - Putting done  VM-110 -> Executor4
 INFO 07-15 17:55:28,658 ExecutorChannelManagerMap:110 [pool-19-thread-3] - Registering  VM-110 -> Executor0
 INFO 07-15 17:55:28,658 NemoNameResolver:54 [pool-19-thread-3] - Lookup Executor0
 INFO 07-15 17:55:28,661 OutputWriterFlusher:50 [byte:client-6-3] - Registering channel [id: 0x05a68d04, L:/10.10.1.9:34206 - R:/10.10.1.13:13306], # of channel 2
 INFO 07-15 17:55:28,662 LambdaByteTransport:98 [pool-19-thread-3] - Address of Executor0: /10.10.1.6:10273
 INFO 07-15 17:55:28,664 ExecutorChannelManagerMap:116 [pool-19-thread-3] - Send register channel message to Executor0 from VM-110, channel [id: 0x2dacebbc, L:/10.10.1.9:40200 - R:/10.10.1.6:10273]
 INFO 07-15 17:55:28,664 ExecutorChannelManagerMap:122 [pool-19-thread-3] - Putting done  VM-110 -> Executor0
 INFO 07-15 17:55:28,666 ExecutorChannelManagerMap:110 [pool-19-thread-2] - Registering  VM-110 -> Executor1
 INFO 07-15 17:55:28,666 NemoNameResolver:54 [pool-19-thread-2] - Lookup Executor1
 INFO 07-15 17:55:28,667 OutputWriterFlusher:50 [byte:client-6-4] - Registering channel [id: 0x2dacebbc, L:/10.10.1.9:40200 - R:/10.10.1.6:10273], # of channel 3
 INFO 07-15 17:55:28,669 LambdaByteTransport:98 [pool-19-thread-2] - Address of Executor1: /10.10.1.10:15685
 INFO 07-15 17:55:28,671 ExecutorChannelManagerMap:116 [pool-19-thread-2] - Send register channel message to Executor1 from VM-110, channel [id: 0x5314716a, L:/10.10.1.9:56464 - R:/10.10.1.10:15685]
 INFO 07-15 17:55:28,671 ExecutorChannelManagerMap:122 [pool-19-thread-2] - Putting done  VM-110 -> Executor1
 INFO 07-15 17:55:28,672 OffloadingExecutor:347 [pool-2-thread-1] - Executor thread created: VM-110
 INFO 07-15 17:55:28,672 OffloadingHandler$LambdaEventHandler:651 [pool-2-thread-1] - End of offloading prepare
End of worker init: 665, data channel: 0
 INFO 07-15 17:55:28,676 OutputWriterFlusher:50 [byte:client-6-5] - Registering channel [id: 0x5314716a, L:/10.10.1.9:56464 - R:/10.10.1.10:15685], # of channel 4
 INFO 07-15 17:55:28,950 OffloadingHandler:280 [pool-1-thread-1] - Waiting worker init or end
 INFO 07-15 17:55:28,950 OffloadingHandler:302 [pool-1-thread-1] - try to print worker spec
 INFO 07-15 17:55:28,997 OffloadingHandler:385 [pool-1-thread-1] - Worker info110 machine identifier 4337f8f64a469f3897c80c48baec97ef6a245df7fbcdaf5c58ce3f10961cc19d
 INFO 07-15 17:55:28,999 OffloadingHandler:387 [pool-1-thread-1] - Worker info 110 available processors (cores): 1
 INFO 07-15 17:55:28,999 OffloadingHandler:391 [pool-1-thread-1] - Worker info 110 free memory (bytes): 1566615608
 INFO 07-15 17:55:29,010 OffloadingHandler:397 [pool-1-thread-1] - Worker info 110 mac address 30-3E-A7-1C-F1-6C
 INFO 07-15 17:55:29,010 OffloadingHandler:402 [pool-1-thread-1] - Worker info 110 maximum memory (bytes): 31136546816
 INFO 07-15 17:55:29,010 OffloadingHandler:406 [pool-1-thread-1] - Worker info 110 total memory available to JVM (bytes): 2033385472
 INFO 07-15 17:55:29,012 OffloadingHandler:415 [pool-1-thread-1] - Worker info 110[awt.toolkit] = sun.awt.X11.XToolkit
 INFO 07-15 17:55:29,012 OffloadingHandler:415 [pool-1-thread-1] - Worker info 110[java.specification.version] = 11
 INFO 07-15 17:55:29,012 OffloadingHandler:415 [pool-1-thread-1] - Worker info 110[sun.cpu.isalist] = 
 INFO 07-15 17:55:29,014 OffloadingHandler:415 [pool-1-thread-1] - Worker info 110[sun.jnu.encoding] = UTF-8
 INFO 07-15 17:55:29,014 OffloadingHandler:415 [pool-1-thread-1] - Worker info 110[java.class.path] = /tmp/nemo-cloudlab-offload/nemo-client.jar:/tmp/nemo-cloudlab-offload/nexmark.jar:/tmp/nemo-cloudlab-offload/beam-grpc.jar:/tmp/nemo-cloudlab-offload/offloading-vm.jar
 INFO 07-15 17:55:29,015 OffloadingHandler:415 [pool-1-thread-1] - Worker info 110[java.vm.vendor] = Ubuntu
 INFO 07-15 17:55:29,015 OffloadingHandler:415 [pool-1-thread-1] - Worker info 110[sun.arch.data.model] = 64
 INFO 07-15 17:55:29,015 OffloadingHandler:415 [pool-1-thread-1] - Worker info 110[java.vendor.url] = https://ubuntu.com/
 INFO 07-15 17:55:29,015 OffloadingHandler:415 [pool-1-thread-1] - Worker info 110[user.timezone] = Etc/UTC
 INFO 07-15 17:55:29,016 OffloadingHandler:415 [pool-1-thread-1] - Worker info 110[os.name] = Linux
 INFO 07-15 17:55:29,016 OffloadingHandler:415 [pool-1-thread-1] - Worker info 110[java.vm.specification.version] = 11
 INFO 07-15 17:55:29,016 OffloadingHandler:415 [pool-1-thread-1] - Worker info 110[sun.java.launcher] = SUN_STANDARD
 INFO 07-15 17:55:29,016 OffloadingHandler:415 [pool-1-thread-1] - Worker info 110[sun.boot.library.path] = /usr/lib/jvm/java-11-openjdk-amd64/lib
 INFO 07-15 17:55:29,017 OffloadingHandler:415 [pool-1-thread-1] - Worker info 110[sun.java.command] = org.apache.nemo.offloading.workers.vm.VMWorker 25334 10000000
 INFO 07-15 17:55:29,017 OffloadingHandler:415 [pool-1-thread-1] - Worker info 110[jdk.debug] = release
 INFO 07-15 17:55:29,018 OffloadingHandler:415 [pool-1-thread-1] - Worker info 110[sun.cpu.endian] = little
 INFO 07-15 17:55:29,018 OffloadingHandler:415 [pool-1-thread-1] - Worker info 110[user.home] = /users/akash01
 INFO 07-15 17:55:29,018 OffloadingHandler:415 [pool-1-thread-1] - Worker info 110[user.language] = en
 INFO 07-15 17:55:29,018 OffloadingHandler:415 [pool-1-thread-1] - Worker info 110[java.specification.vendor] = Oracle Corporation
 INFO 07-15 17:55:29,018 OffloadingHandler:415 [pool-1-thread-1] - Worker info 110[java.version.date] = 2026-04-21
 INFO 07-15 17:55:29,018 OffloadingHandler:415 [pool-1-thread-1] - Worker info 110[java.home] = /usr/lib/jvm/java-11-openjdk-amd64
 INFO 07-15 17:55:29,020 OffloadingHandler:415 [pool-1-thread-1] - Worker info 110[file.separator] = /
 INFO 07-15 17:55:29,020 OffloadingHandler:415 [pool-1-thread-1] - Worker info 110[java.vm.compressedOopsMode] = Zero based
 INFO 07-15 17:55:29,020 OffloadingHandler:415 [pool-1-thread-1] - Worker info 110[line.separator] = 

 INFO 07-15 17:55:29,020 OffloadingHandler:415 [pool-1-thread-1] - Worker info 110[java.specification.name] = Java Platform API Specification
 INFO 07-15 17:55:29,020 OffloadingHandler:415 [pool-1-thread-1] - Worker info 110[java.vm.specification.vendor] = Oracle Corporation
 INFO 07-15 17:55:29,020 OffloadingHandler:415 [pool-1-thread-1] - Worker info 110[java.awt.graphicsenv] = sun.awt.X11GraphicsEnvironment
 INFO 07-15 17:55:29,020 OffloadingHandler:415 [pool-1-thread-1] - Worker info 110[sun.management.compiler] = HotSpot 64-Bit Tiered Compilers
 INFO 07-15 17:55:29,020 OffloadingHandler:415 [pool-1-thread-1] - Worker info 110[java.runtime.version] = 11.0.31+11-post-1ubuntu1-22.04.2-Ubuntu
 INFO 07-15 17:55:29,022 OffloadingHandler:415 [pool-1-thread-1] - Worker info 110[user.name] = akash01
 INFO 07-15 17:55:29,022 OffloadingHandler:415 [pool-1-thread-1] - Worker info 110[path.separator] = :
 INFO 07-15 17:55:29,023 OffloadingHandler:415 [pool-1-thread-1] - Worker info 110[os.version] = 5.15.0-177-generic
 INFO 07-15 17:55:29,023 OffloadingHandler:415 [pool-1-thread-1] - Worker info 110[java.runtime.name] = OpenJDK Runtime Environment
 INFO 07-15 17:55:29,023 OffloadingHandler:415 [pool-1-thread-1] - Worker info 110[file.encoding] = UTF-8
 INFO 07-15 17:55:29,023 OffloadingHandler:415 [pool-1-thread-1] - Worker info 110[sun.nio.ch.bugLevel] = 
 INFO 07-15 17:55:29,023 OffloadingHandler:415 [pool-1-thread-1] - Worker info 110[java.vm.name] = OpenJDK 64-Bit Server VM
 INFO 07-15 17:55:29,023 OffloadingHandler:415 [pool-1-thread-1] - Worker info 110[java.vendor.url.bug] = https://bugs.launchpad.net/ubuntu/+source/openjdk-lts
 INFO 07-15 17:55:29,023 OffloadingHandler:415 [pool-1-thread-1] - Worker info 110[java.io.tmpdir] = /tmp
 INFO 07-15 17:55:29,024 OffloadingHandler:415 [pool-1-thread-1] - Worker info 110[java.version] = 11.0.31
 INFO 07-15 17:55:29,024 OffloadingHandler:415 [pool-1-thread-1] - Worker info 110[user.dir] = /users/akash01
 INFO 07-15 17:55:29,024 OffloadingHandler:415 [pool-1-thread-1] - Worker info 110[os.arch] = amd64
 INFO 07-15 17:55:29,025 OffloadingHandler:415 [pool-1-thread-1] - Worker info 110[java.vm.specification.name] = Java Virtual Machine Specification
 INFO 07-15 17:55:29,025 OffloadingHandler:415 [pool-1-thread-1] - Worker info 110[java.awt.printerjob] = sun.print.PSPrinterJob
 INFO 07-15 17:55:29,026 OffloadingHandler:415 [pool-1-thread-1] - Worker info 110[sun.os.patch.level] = unknown
 INFO 07-15 17:55:29,027 OffloadingHandler:415 [pool-1-thread-1] - Worker info 110[java.library.path] = /usr/java/packages/lib:/usr/lib/x86_64-linux-gnu/jni:/lib/x86_64-linux-gnu:/usr/lib/x86_64-linux-gnu:/usr/lib/jni:/lib:/usr/lib
 INFO 07-15 17:55:29,028 OffloadingHandler:415 [pool-1-thread-1] - Worker info 110[java.vm.info] = mixed mode, sharing
 INFO 07-15 17:55:29,029 OffloadingHandler:415 [pool-1-thread-1] - Worker info 110[java.vendor] = Ubuntu
 INFO 07-15 17:55:29,029 OffloadingHandler:415 [pool-1-thread-1] - Worker info 110[java.vm.version] = 11.0.31+11-post-1ubuntu1-22.04.2-Ubuntu
 INFO 07-15 17:55:29,029 OffloadingHandler:415 [pool-1-thread-1] - Worker info 110[java.specification.maintenance.version] = 3
 INFO 07-15 17:55:29,029 OffloadingHandler:415 [pool-1-thread-1] - Worker info 110[sun.io.unicode.encoding] = UnicodeLittle
 INFO 07-15 17:55:29,029 OffloadingHandler:415 [pool-1-thread-1] - Worker info 110[java.class.version] = 55.0
 INFO 07-15 17:55:29,032 OffloadingHandler:423 [pool-1-thread-1] - Worker info 110 current IP address: node8.akash01-310593.nsdi27-casp-pg0.utah.cloudlab.us/128.110.220.10
 INFO 07-15 17:55:29,032 OffloadingHandler:424 [pool-1-thread-1] - Worker info 110 current Hostname: node8.akash01-310593.nsdi27-casp-pg0.utah.cloudlab.us
 INFO 07-15 17:55:29,033 OffloadingHandler:309 [pool-1-thread-1] - Sending worker init done
Wait deactivation
Offloading end
end elapsed time: 16
END of invocation: 18
 INFO 07-15 17:55:29,602 SystemLoadProfiler:50 [pool-8-thread-1] - Average CPU Load: 0.05 in VM-110
 INFO 07-15 17:55:29,605 TaskEventRateCalculator:114 [pool-8-thread-1] - ---- Start of task processed event (# tasks: 0 in executor VM-110)----
----- End of taks processed event ----

 INFO 07-15 17:55:29,606 CpuBottleneckDetectorImpl:63 [pool-8-thread-1] - Current cpu load: 0.05, # processed events: 0, consecutive: 0/2, threshold: 0.9 in VM-110
 INFO 07-15 17:55:30,274 Executor$ExecutorMessageReceiver:1433 [pool-16-thread-2] - Executor registered message received VM-89,VM-122,VM-88,VM-121,VM-87,VM-120,VM-86,VM-85,VM-126,VM-84,VM-125,VM-83,VM-124,VM-82,VM-123,VM-81,VM-119,VM-80,VM-118,VM-117,VM-116,VM-19,VM-18,VM-17,VM-16,VM-15,VM-14,VM-13,VM-12,VM-133,VM-99,VM-11,VM-132,VM-98,VM-10,VM-131,VM-97,VM-130,VM-96,VM-137,VM-95,VM-136,VM-94,VM-135,VM-93,VM-134,VM-92,VM-91,VM-129,VM-90,VM-128,VM-127,VM-140,VM-69,VM-68,VM-67,VM-144,VM-66,VM-143,VM-65,VM-142,VM-64,VM-141,VM-63,VM-148,VM-62,VM-147,VM-61,VM-146,VM-60,VM-145,VM-139,VM-138,VM-151,VM-150,VM-79,VM-78,VM-155,VM-77,VM-154,VM-76,VM-153,VM-75,VM-152,VM-74,VM-159,VM-73,VM-158,VM-72,VM-157,VM-71,VM-156,VM-70,VM-149,VM-49,VM-48,VM-47,VM-160,VM-46,VM-45,VM-6,VM-44,VM-7,VM-43,VM-8,VM-42,VM-9,VM-41,VM-40,VM-59,VM-58,VM-57,VM-56,VM-55,VM-54,VM-53,VM-52,VM-51,VM-50,VM-1,VM-2,VM-3,VM-4,VM-5,VM-29,VM-28,VM-27,VM-26,VM-25,VM-24,VM-100,VM-23,VM-22,Executor4,VM-21,Executor3,VM-20,VM-101,VM-39,VM-38,VM-37,VM-36,VM-35,VM-34,VM-111,VM-33,VM-32,VM-31,VM-30,VM-115,VM-114,VM-113,VM-112,Executor2,Executor1,Executor0,VM-109
 WARN 07-15 17:55:30,285 ExecutorChannelManagerMap:95 [pool-16-thread-2] - Cannot connnect VM-110<->VM-89
 WARN 07-15 17:55:30,285 ExecutorChannelManagerMap:95 [pool-16-thread-2] - Cannot connnect VM-110<->VM-122
 WARN 07-15 17:55:30,285 ExecutorChannelManagerMap:95 [pool-16-thread-2] - Cannot connnect VM-110<->VM-88
 WARN 07-15 17:55:30,285 ExecutorChannelManagerMap:95 [pool-16-thread-2] - Cannot connnect VM-110<->VM-121
 WARN 07-15 17:55:30,285 ExecutorChannelManagerMap:95 [pool-16-thread-2] - Cannot connnect VM-110<->VM-87
 WARN 07-15 17:55:30,286 ExecutorChannelManagerMap:95 [pool-16-thread-2] - Cannot connnect VM-110<->VM-120
 WARN 07-15 17:55:30,286 ExecutorChannelManagerMap:95 [pool-16-thread-2] - Cannot connnect VM-110<->VM-86
 WARN 07-15 17:55:30,286 ExecutorChannelManagerMap:95 [pool-16-thread-2] - Cannot connnect VM-110<->VM-85
 WARN 07-15 17:55:30,286 ExecutorChannelManagerMap:95 [pool-16-thread-2] - Cannot connnect VM-110<->VM-126
 WARN 07-15 17:55:30,286 ExecutorChannelManagerMap:95 [pool-16-thread-2] - Cannot connnect VM-110<->VM-84
 WARN 07-15 17:55:30,286 ExecutorChannelManagerMap:95 [pool-16-thread-2] - Cannot connnect VM-110<->VM-125
 WARN 07-15 17:55:30,287 ExecutorChannelManagerMap:95 [pool-16-thread-2] - Cannot connnect VM-110<->VM-83
 WARN 07-15 17:55:30,287 ExecutorChannelManagerMap:95 [pool-16-thread-2] - Cannot connnect VM-110<->VM-124
 WARN 07-15 17:55:30,287 ExecutorChannelManagerMap:95 [pool-16-thread-2] - Cannot connnect VM-110<->VM-82
 WARN 07-15 17:55:30,287 ExecutorChannelManagerMap:95 [pool-16-thread-2] - Cannot connnect VM-110<->VM-123
 WARN 07-15 17:55:30,287 ExecutorChannelManagerMap:95 [pool-16-thread-2] - Cannot connnect VM-110<->VM-81
 WARN 07-15 17:55:30,287 ExecutorChannelManagerMap:95 [pool-16-thread-2] - Cannot connnect VM-110<->VM-119
 WARN 07-15 17:55:30,287 ExecutorChannelManagerMap:95 [pool-16-thread-2] - Cannot connnect VM-110<->VM-80
 WARN 07-15 17:55:30,288 ExecutorChannelManagerMap:95 [pool-16-thread-2] - Cannot connnect VM-110<->VM-118
 WARN 07-15 17:55:30,288 ExecutorChannelManagerMap:95 [pool-16-thread-2] - Cannot connnect VM-110<->VM-117
 WARN 07-15 17:55:30,288 ExecutorChannelManagerMap:95 [pool-16-thread-2] - Cannot connnect VM-110<->VM-116
 WARN 07-15 17:55:30,288 ExecutorChannelManagerMap:95 [pool-16-thread-2] - Cannot connnect VM-110<->VM-19
 WARN 07-15 17:55:30,288 ExecutorChannelManagerMap:95 [pool-16-thread-2] - Cannot connnect VM-110<->VM-18
 WARN 07-15 17:55:30,288 ExecutorChannelManagerMap:95 [pool-16-thread-2] - Cannot connnect VM-110<->VM-17
 WARN 07-15 17:55:30,288 ExecutorChannelManagerMap:95 [pool-16-thread-2] - Cannot connnect VM-110<->VM-16
 WARN 07-15 17:55:30,289 ExecutorChannelManagerMap:95 [pool-16-thread-2] - Cannot connnect VM-110<->VM-15
 WARN 07-15 17:55:30,289 ExecutorChannelManagerMap:95 [pool-16-thread-2] - Cannot connnect VM-110<->VM-14
 WARN 07-15 17:55:30,289 ExecutorChannelManagerMap:95 [pool-16-thread-2] - Cannot connnect VM-110<->VM-13
 INFO 07-15 17:55:30,276 Executor$ExecutorMessageReceiver:1433 [pool-16-thread-3] - Executor registered message received VM-89,VM-122,VM-88,VM-121,VM-87,VM-120,VM-86,VM-85,VM-126,VM-84,VM-125,VM-83,VM-124,VM-82,VM-123,VM-81,VM-119,VM-80,VM-118,VM-117,VM-116,VM-19,VM-18,VM-17,VM-16,VM-15,VM-14,VM-13,VM-12,VM-133,VM-99,VM-11,VM-132,VM-98,VM-10,VM-131,VM-97,VM-130,VM-96,VM-137,VM-95,VM-136,VM-94,VM-135,VM-93,VM-134,VM-92,VM-91,VM-129,VM-90,VM-128,VM-127,VM-140,VM-69,VM-68,VM-67,VM-144,VM-66,VM-143,VM-65,VM-142,VM-64,VM-141,VM-63,VM-148,VM-62,VM-147,VM-61,VM-146,VM-60,VM-145,VM-139,VM-138,VM-151,VM-150,VM-79,VM-78,VM-155,VM-77,VM-154,VM-76,VM-153,VM-75,VM-152,VM-74,VM-159,VM-73,VM-158,VM-72,VM-157,VM-71,VM-156,VM-70,VM-149,VM-49,VM-48,VM-47,VM-160,VM-46,VM-45,VM-6,VM-44,VM-7,VM-43,VM-8,VM-42,VM-9,VM-41,VM-40,VM-59,VM-58,VM-57,VM-56,VM-55,VM-54,VM-53,VM-52,VM-51,VM-50,VM-1,VM-2,VM-3,VM-4,VM-5,VM-29,VM-28,VM-27,VM-26,VM-25,VM-24,VM-100,VM-23,VM-22,Executor4,VM-21,Executor3,VM-20,VM-101,VM-39,VM-38,VM-37,VM-36,VM-35,VM-34,VM-111,VM-33,VM-32,VM-31,VM-30,VM-115,VM-114,VM-113,VM-112,VM-108,Executor2,Executor1,Executor0,VM-109
 INFO 07-15 17:55:30,274 Executor$ExecutorMessageReceiver:1433 [pool-16-thread-1] - Executor registered message received VM-89,VM-122,VM-88,VM-121,VM-87,VM-120,VM-86,VM-85,VM-126,VM-84,VM-125,VM-83,VM-124,VM-82,VM-123,VM-81,VM-119,VM-80,VM-118,VM-117,VM-116,VM-19,VM-18,VM-17,VM-16,VM-15,VM-14,VM-13,VM-12,VM-133,VM-99,VM-11,VM-132,VM-98,VM-10,VM-131,VM-97,VM-130,VM-96,VM-137,VM-95,VM-136,VM-94,VM-135,VM-93,VM-134,VM-92,VM-91,VM-129,VM-90,VM-128,VM-127,VM-140,VM-69,VM-68,VM-67,VM-144,VM-66,VM-143,VM-65,VM-142,VM-64,VM-141,VM-63,VM-148,VM-62,VM-147,VM-61,VM-146,VM-60,VM-145,VM-139,VM-138,VM-151,VM-150,VM-79,VM-78,VM-155,VM-77,VM-154,VM-76,VM-153,VM-75,VM-152,VM-74,VM-159,VM-73,VM-158,VM-72,VM-157,VM-71,VM-156,VM-70,VM-149,VM-49,VM-48,VM-47,VM-160,VM-46,VM-45,VM-6,VM-44,VM-7,VM-43,VM-8,VM-42,VM-9,VM-41,VM-40,VM-59,VM-58,VM-57,VM-56,VM-55,VM-54,VM-53,VM-52,VM-51,VM-50,VM-1,VM-2,VM-3,VM-4,VM-5,VM-29,VM-28,VM-27,VM-26,VM-25,VM-24,VM-100,VM-23,VM-22,Executor4,VM-21,Executor3,VM-20,VM-101,VM-39,VM-38,VM-37,VM-36,VM-35,VM-34,VM-111,VM-33,VM-32,VM-31,VM-30,VM-115,VM-114,VM-113,VM-112,Executor2,Executor1,Executor0
 WARN 07-15 17:55:30,298 ExecutorChannelManagerMap:95 [pool-16-thread-2] - Cannot connnect VM-110<->VM-12
 WARN 07-15 17:55:30,353 ExecutorChannelManagerMap:95 [pool-16-thread-2] - Cannot connnect VM-110<->VM-133
 WARN 07-15 17:55:30,353 ExecutorChannelManagerMap:95 [pool-16-thread-2] - Cannot connnect VM-110<->VM-99
 WARN 07-15 17:55:30,353 ExecutorChannelManagerMap:95 [pool-16-thread-2] - Cannot connnect VM-110<->VM-11
 WARN 07-15 17:55:30,353 ExecutorChannelManagerMap:95 [pool-16-thread-2] - Cannot connnect VM-110<->VM-132
 WARN 07-15 17:55:30,353 ExecutorChannelManagerMap:95 [pool-16-thread-2] - Cannot connnect VM-110<->VM-98
 WARN 07-15 17:55:30,353 ExecutorChannelManagerMap:95 [pool-16-thread-2] - Cannot connnect VM-110<->VM-10
 WARN 07-15 17:55:30,353 ExecutorChannelManagerMap:95 [pool-16-thread-2] - Cannot connnect VM-110<->VM-131
 WARN 07-15 17:55:30,354 ExecutorChannelManagerMap:95 [pool-16-thread-2] - Cannot connnect VM-110<->VM-97
 WARN 07-15 17:55:30,354 ExecutorChannelManagerMap:95 [pool-16-thread-2] - Cannot connnect VM-110<->VM-130
 WARN 07-15 17:55:30,354 ExecutorChannelManagerMap:95 [pool-16-thread-2] - Cannot connnect VM-110<->VM-96
 WARN 07-15 17:55:30,354 ExecutorChannelManagerMap:95 [pool-16-thread-2] - Cannot connnect VM-110<->VM-137
 WARN 07-15 17:55:30,354 ExecutorChannelManagerMap:95 [pool-16-thread-2] - Cannot connnect VM-110<->VM-95
 WARN 07-15 17:55:30,354 ExecutorChannelManagerMap:95 [pool-16-thread-2] - Cannot connnect VM-110<->VM-136
 WARN 07-15 17:55:30,354 ExecutorChannelManagerMap:95 [pool-16-thread-2] - Cannot connnect VM-110<->VM-94
 WARN 07-15 17:55:30,354 ExecutorChannelManagerMap:95 [pool-16-thread-2] - Cannot connnect VM-110<->VM-135
 WARN 07-15 17:55:30,354 ExecutorChannelManagerMap:95 [pool-16-thread-2] - Cannot connnect VM-110<->VM-93
 WARN 07-15 17:55:30,354 ExecutorChannelManagerMap:95 [pool-16-thread-2] - Cannot connnect VM-110<->VM-134
 WARN 07-15 17:55:30,354 ExecutorChannelManagerMap:95 [pool-16-thread-2] - Cannot connnect VM-110<->VM-92
 WARN 07-15 17:55:30,354 ExecutorChannelManagerMap:95 [pool-16-thread-2] - Cannot connnect VM-110<->VM-91
 WARN 07-15 17:55:30,355 ExecutorChannelManagerMap:95 [pool-16-thread-2] - Cannot connnect VM-110<->VM-129
 WARN 07-15 17:55:30,355 ExecutorChannelManagerMap:95 [pool-16-thread-2] - Cannot connnect VM-110<->VM-90
 WARN 07-15 17:55:30,355 ExecutorChannelManagerMap:95 [pool-16-thread-2] - Cannot connnect VM-110<->VM-128
 WARN 07-15 17:55:30,355 ExecutorChannelManagerMap:95 [pool-16-thread-2] - Cannot connnect VM-110<->VM-127
 WARN 07-15 17:55:30,355 ExecutorChannelManagerMap:95 [pool-16-thread-2] - Cannot connnect VM-110<->VM-140
 WARN 07-15 17:55:30,355 ExecutorChannelManagerMap:95 [pool-16-thread-2] - Cannot connnect VM-110<->VM-69
 WARN 07-15 17:55:30,355 ExecutorChannelManagerMap:95 [pool-16-thread-2] - Cannot connnect VM-110<->VM-68
 WARN 07-15 17:55:30,355 ExecutorChannelManagerMap:95 [pool-16-thread-2] - Cannot connnect VM-110<->VM-67
 WARN 07-15 17:55:30,355 ExecutorChannelManagerMap:95 [pool-16-thread-2] - Cannot connnect VM-110<->VM-144
 WARN 07-15 17:55:30,355 ExecutorChannelManagerMap:95 [pool-16-thread-2] - Cannot connnect VM-110<->VM-66
 WARN 07-15 17:55:30,355 ExecutorChannelManagerMap:95 [pool-16-thread-2] - Cannot connnect VM-110<->VM-143
 WARN 07-15 17:55:30,355 ExecutorChannelManagerMap:95 [pool-16-thread-2] - Cannot connnect VM-110<->VM-65
 WARN 07-15 17:55:30,356 ExecutorChannelManagerMap:95 [pool-16-thread-2] - Cannot connnect VM-110<->VM-142
 WARN 07-15 17:55:30,356 ExecutorChannelManagerMap:95 [pool-16-thread-2] - Cannot connnect VM-110<->VM-64
 WARN 07-15 17:55:30,356 ExecutorChannelManagerMap:95 [pool-16-thread-2] - Cannot connnect VM-110<->VM-141
 WARN 07-15 17:55:30,356 ExecutorChannelManagerMap:95 [pool-16-thread-2] - Cannot connnect VM-110<->VM-63
 WARN 07-15 17:55:30,356 ExecutorChannelManagerMap:95 [pool-16-thread-2] - Cannot connnect VM-110<->VM-148
 WARN 07-15 17:55:30,356 ExecutorChannelManagerMap:95 [pool-16-thread-2] - Cannot connnect VM-110<->VM-62
 WARN 07-15 17:55:30,356 ExecutorChannelManagerMap:95 [pool-16-thread-2] - Cannot connnect VM-110<->VM-147
 WARN 07-15 17:55:30,356 ExecutorChannelManagerMap:95 [pool-16-thread-2] - Cannot connnect VM-110<->VM-61
 WARN 07-15 17:55:30,356 ExecutorChannelManagerMap:95 [pool-16-thread-2] - Cannot connnect VM-110<->VM-146
 WARN 07-15 17:55:30,356 ExecutorChannelManagerMap:95 [pool-16-thread-2] - Cannot connnect VM-110<->VM-60
 WARN 07-15 17:55:30,356 ExecutorChannelManagerMap:95 [pool-16-thread-2] - Cannot connnect VM-110<->VM-145
 WARN 07-15 17:55:30,356 ExecutorChannelManagerMap:95 [pool-16-thread-2] - Cannot connnect VM-110<->VM-139
 WARN 07-15 17:55:30,357 ExecutorChannelManagerMap:95 [pool-16-thread-2] - Cannot connnect VM-110<->VM-138
 WARN 07-15 17:55:30,357 ExecutorChannelManagerMap:95 [pool-16-thread-2] - Cannot connnect VM-110<->VM-151
 WARN 07-15 17:55:30,357 ExecutorChannelManagerMap:95 [pool-16-thread-2] - Cannot connnect VM-110<->VM-150
 WARN 07-15 17:55:30,357 ExecutorChannelManagerMap:95 [pool-16-thread-2] - Cannot connnect VM-110<->VM-79
 WARN 07-15 17:55:30,357 ExecutorChannelManagerMap:95 [pool-16-thread-2] - Cannot connnect VM-110<->VM-78
 INFO 07-15 17:55:30,357 Executor$ExecutorMessageReceiver:1433 [pool-16-thread-4] - Executor registered message received VM-89,VM-122,VM-88,VM-121,VM-87,VM-120,VM-86,VM-85,VM-126,VM-84,VM-125,VM-83,VM-124,VM-82,VM-123,VM-81,VM-119,VM-80,VM-118,VM-117,VM-116,VM-19,VM-18,VM-17,VM-16,VM-15,VM-14,VM-13,VM-12,VM-133,VM-99,VM-11,VM-132,VM-98,VM-10,VM-131,VM-97,VM-130,VM-96,VM-137,VM-95,VM-136,VM-94,VM-135,VM-93,VM-134,VM-92,VM-91,VM-129,VM-90,VM-128,VM-127,VM-140,VM-69,VM-68,VM-67,VM-144,VM-66,VM-143,VM-65,VM-142,VM-64,VM-141,VM-63,VM-148,VM-62,VM-147,VM-61,VM-146,VM-60,VM-145,VM-139,VM-138,VM-151,VM-150,VM-79,VM-78,VM-155,VM-77,VM-154,VM-76,VM-153,VM-75,VM-152,VM-74,VM-159,VM-73,VM-158,VM-72,VM-157,VM-71,VM-156,VM-70,VM-149,VM-49,VM-48,VM-47,VM-160,VM-46,VM-45,VM-6,VM-44,VM-7,VM-43,VM-8,VM-42,VM-9,VM-41,VM-40,VM-59,VM-58,VM-57,VM-56,VM-55,VM-54,VM-53,VM-52,VM-51,VM-50,VM-1,VM-2,VM-3,VM-4,VM-5,VM-29,VM-28,VM-27,VM-26,VM-25,VM-24,VM-100,VM-23,VM-22,Executor4,VM-21,Executor3,VM-20,VM-101,VM-39,VM-38,VM-37,VM-36,VM-35,VM-34,VM-111,VM-33,VM-32,VM-31,VM-30,VM-115,VM-114,VM-113,VM-112,VM-108,VM-107,Executor2,Executor1,Executor0,VM-109
 INFO 07-15 17:55:30,362 Executor$ExecutorMessageReceiver:1433 [pool-16-thread-6] - Executor registered message received VM-89,VM-122,VM-88,VM-121,VM-87,VM-120,VM-86,VM-85,VM-126,VM-84,VM-125,VM-83,VM-124,VM-82,VM-123,VM-81,VM-119,VM-80,VM-118,VM-117,VM-116,VM-19,VM-18,VM-17,VM-16,VM-15,VM-14,VM-13,VM-12,VM-133,VM-99,VM-11,VM-132,VM-98,VM-10,VM-131,VM-97,VM-130,VM-96,VM-137,VM-95,VM-136,VM-94,VM-135,VM-93,VM-134,VM-92,VM-91,VM-129,VM-90,VM-128,VM-127,VM-140,VM-69,VM-68,VM-67,VM-144,VM-66,VM-143,VM-65,VM-142,VM-64,VM-141,VM-63,VM-148,VM-62,VM-147,VM-61,VM-146,VM-60,VM-145,VM-139,VM-138,VM-151,VM-150,VM-79,VM-78,VM-155,VM-77,VM-154,VM-76,VM-153,VM-75,VM-152,VM-74,VM-159,VM-73,VM-158,VM-72,VM-157,VM-71,VM-156,VM-70,VM-149,VM-49,VM-48,VM-47,VM-160,VM-46,VM-45,VM-6,VM-44,VM-7,VM-43,VM-8,VM-42,VM-9,VM-41,VM-40,VM-59,VM-58,VM-57,VM-56,VM-55,VM-54,VM-53,VM-52,VM-51,VM-50,VM-1,VM-2,VM-3,VM-4,VM-5,VM-29,VM-28,VM-27,VM-26,VM-25,VM-24,VM-100,VM-23,VM-22,Executor4,VM-21,Executor3,VM-20,VM-101,VM-39,VM-38,VM-37,VM-36,VM-35,VM-34,VM-111,VM-33,VM-32,VM-31,VM-30,VM-115,VM-114,VM-113,VM-112,VM-108,VM-107,VM-106,VM-105,Executor2,Executor1,Executor0,VM-109
 INFO 07-15 17:55:30,362 Executor$ExecutorMessageReceiver:1433 [pool-16-thread-5] - Executor registered message received VM-89,VM-122,VM-88,VM-121,VM-87,VM-120,VM-86,VM-85,VM-126,VM-84,VM-125,VM-83,VM-124,VM-82,VM-123,VM-81,VM-119,VM-80,VM-118,VM-117,VM-116,VM-19,VM-18,VM-17,VM-16,VM-15,VM-14,VM-13,VM-12,VM-133,VM-99,VM-11,VM-132,VM-98,VM-10,VM-131,VM-97,VM-130,VM-96,VM-137,VM-95,VM-136,VM-94,VM-135,VM-93,VM-134,VM-92,VM-91,VM-129,VM-90,VM-128,VM-127,VM-140,VM-69,VM-68,VM-67,VM-144,VM-66,VM-143,VM-65,VM-142,VM-64,VM-141,VM-63,VM-148,VM-62,VM-147,VM-61,VM-146,VM-60,VM-145,VM-139,VM-138,VM-151,VM-150,VM-79,VM-78,VM-155,VM-77,VM-154,VM-76,VM-153,VM-75,VM-152,VM-74,VM-159,VM-73,VM-158,VM-72,VM-157,VM-71,VM-156,VM-70,VM-149,VM-49,VM-48,VM-47,VM-160,VM-46,VM-45,VM-6,VM-44,VM-7,VM-43,VM-8,VM-42,VM-9,VM-41,VM-40,VM-59,VM-58,VM-57,VM-56,VM-55,VM-54,VM-53,VM-52,VM-51,VM-50,VM-1,VM-2,VM-3,VM-4,VM-5,VM-29,VM-28,VM-27,VM-26,VM-25,VM-24,VM-100,VM-23,VM-22,Executor4,VM-21,Executor3,VM-20,VM-103,VM-101,VM-39,VM-38,VM-37,VM-36,VM-35,VM-34,VM-111,VM-33,VM-32,VM-31,VM-30,VM-115,VM-114,VM-113,VM-112,VM-108,VM-107,VM-106,VM-105,Executor2,Executor1,Executor0,VM-109
 WARN 07-15 17:55:30,361 ExecutorChannelManagerMap:95 [pool-16-thread-1] - Cannot connnect VM-110<->VM-89
 WARN 07-15 17:55:30,366 ExecutorChannelManagerMap:95 [pool-16-thread-1] - Cannot connnect VM-110<->VM-122
 WARN 07-15 17:55:30,367 ExecutorChannelManagerMap:95 [pool-16-thread-1] - Cannot connnect VM-110<->VM-88
 WARN 07-15 17:55:30,367 ExecutorChannelManagerMap:95 [pool-16-thread-1] - Cannot connnect VM-110<->VM-121
 WARN 07-15 17:55:30,367 ExecutorChannelManagerMap:95 [pool-16-thread-1] - Cannot connnect VM-110<->VM-87
 WARN 07-15 17:55:30,367 ExecutorChannelManagerMap:95 [pool-16-thread-1] - Cannot connnect VM-110<->VM-120
 WARN 07-15 17:55:30,367 ExecutorChannelManagerMap:95 [pool-16-thread-1] - Cannot connnect VM-110<->VM-86
 WARN 07-15 17:55:30,367 ExecutorChannelManagerMap:95 [pool-16-thread-1] - Cannot connnect VM-110<->VM-85
 WARN 07-15 17:55:30,367 ExecutorChannelManagerMap:95 [pool-16-thread-1] - Cannot connnect VM-110<->VM-126
 WARN 07-15 17:55:30,367 ExecutorChannelManagerMap:95 [pool-16-thread-1] - Cannot connnect VM-110<->VM-84
 WARN 07-15 17:55:30,367 ExecutorChannelManagerMap:95 [pool-16-thread-1] - Cannot connnect VM-110<->VM-125
 WARN 07-15 17:55:30,368 ExecutorChannelManagerMap:95 [pool-16-thread-1] - Cannot connnect VM-110<->VM-83
 WARN 07-15 17:55:30,368 ExecutorChannelManagerMap:95 [pool-16-thread-1] - Cannot connnect VM-110<->VM-124
 WARN 07-15 17:55:30,368 ExecutorChannelManagerMap:95 [pool-16-thread-1] - Cannot connnect VM-110<->VM-82
 WARN 07-15 17:55:30,368 ExecutorChannelManagerMap:95 [pool-16-thread-1] - Cannot connnect VM-110<->VM-123
 WARN 07-15 17:55:30,368 ExecutorChannelManagerMap:95 [pool-16-thread-1] - Cannot connnect VM-110<->VM-81
 WARN 07-15 17:55:30,368 ExecutorChannelManagerMap:95 [pool-16-thread-1] - Cannot connnect VM-110<->VM-119
 WARN 07-15 17:55:30,368 ExecutorChannelManagerMap:95 [pool-16-thread-1] - Cannot connnect VM-110<->VM-80
 WARN 07-15 17:55:30,368 ExecutorChannelManagerMap:95 [pool-16-thread-1] - Cannot connnect VM-110<->VM-118
 WARN 07-15 17:55:30,368 ExecutorChannelManagerMap:95 [pool-16-thread-1] - Cannot connnect VM-110<->VM-117
 WARN 07-15 17:55:30,368 ExecutorChannelManagerMap:95 [pool-16-thread-1] - Cannot connnect VM-110<->VM-116
 WARN 07-15 17:55:30,369 ExecutorChannelManagerMap:95 [pool-16-thread-1] - Cannot connnect VM-110<->VM-19
 WARN 07-15 17:55:30,369 ExecutorChannelManagerMap:95 [pool-16-thread-1] - Cannot connnect VM-110<->VM-18
 WARN 07-15 17:55:30,369 ExecutorChannelManagerMap:95 [pool-16-thread-1] - Cannot connnect VM-110<->VM-17
 WARN 07-15 17:55:30,369 ExecutorChannelManagerMap:95 [pool-16-thread-1] - Cannot connnect VM-110<->VM-16
 WARN 07-15 17:55:30,369 ExecutorChannelManagerMap:95 [pool-16-thread-1] - Cannot connnect VM-110<->VM-15
 WARN 07-15 17:55:30,369 ExecutorChannelManagerMap:95 [pool-16-thread-1] - Cannot connnect VM-110<->VM-14
 WARN 07-15 17:55:30,369 ExecutorChannelManagerMap:95 [pool-16-thread-1] - Cannot connnect VM-110<->VM-13
 WARN 07-15 17:55:30,369 ExecutorChannelManagerMap:95 [pool-16-thread-1] - Cannot connnect VM-110<->VM-12
 WARN 07-15 17:55:30,369 ExecutorChannelManagerMap:95 [pool-16-thread-1] - Cannot connnect VM-110<->VM-133
 WARN 07-15 17:55:30,370 ExecutorChannelManagerMap:95 [pool-16-thread-1] - Cannot connnect VM-110<->VM-99
 WARN 07-15 17:55:30,370 ExecutorChannelManagerMap:95 [pool-16-thread-1] - Cannot connnect VM-110<->VM-11
 WARN 07-15 17:55:30,370 ExecutorChannelManagerMap:95 [pool-16-thread-1] - Cannot connnect VM-110<->VM-132
 WARN 07-15 17:55:30,370 ExecutorChannelManagerMap:95 [pool-16-thread-1] - Cannot connnect VM-110<->VM-98
 WARN 07-15 17:55:30,370 ExecutorChannelManagerMap:95 [pool-16-thread-1] - Cannot connnect VM-110<->VM-10
 WARN 07-15 17:55:30,370 ExecutorChannelManagerMap:95 [pool-16-thread-1] - Cannot connnect VM-110<->VM-131
 WARN 07-15 17:55:30,370 ExecutorChannelManagerMap:95 [pool-16-thread-1] - Cannot connnect VM-110<->VM-97
 WARN 07-15 17:55:30,370 ExecutorChannelManagerMap:95 [pool-16-thread-1] - Cannot connnect VM-110<->VM-130
 WARN 07-15 17:55:30,371 ExecutorChannelManagerMap:95 [pool-16-thread-1] - Cannot connnect VM-110<->VM-96
 WARN 07-15 17:55:30,371 ExecutorChannelManagerMap:95 [pool-16-thread-1] - Cannot connnect VM-110<->VM-137
 WARN 07-15 17:55:30,371 ExecutorChannelManagerMap:95 [pool-16-thread-1] - Cannot connnect VM-110<->VM-95
 WARN 07-15 17:55:30,371 ExecutorChannelManagerMap:95 [pool-16-thread-1] - Cannot connnect VM-110<->VM-136
 WARN 07-15 17:55:30,371 ExecutorChannelManagerMap:95 [pool-16-thread-1] - Cannot connnect VM-110<->VM-94
 WARN 07-15 17:55:30,371 ExecutorChannelManagerMap:95 [pool-16-thread-1] - Cannot connnect VM-110<->VM-135
 WARN 07-15 17:55:30,371 ExecutorChannelManagerMap:95 [pool-16-thread-1] - Cannot connnect VM-110<->VM-93
 WARN 07-15 17:55:30,371 ExecutorChannelManagerMap:95 [pool-16-thread-1] - Cannot connnect VM-110<->VM-134
 WARN 07-15 17:55:30,372 ExecutorChannelManagerMap:95 [pool-16-thread-1] - Cannot connnect VM-110<->VM-92
 WARN 07-15 17:55:30,372 ExecutorChannelManagerMap:95 [pool-16-thread-1] - Cannot connnect VM-110<->VM-91
 WARN 07-15 17:55:30,372 ExecutorChannelManagerMap:95 [pool-16-thread-1] - Cannot connnect VM-110<->VM-129
 WARN 07-15 17:55:30,372 ExecutorChannelManagerMap:95 [pool-16-thread-1] - Cannot connnect VM-110<->VM-90
 WARN 07-15 17:55:30,372 ExecutorChannelManagerMap:95 [pool-16-thread-1] - Cannot connnect VM-110<->VM-128
 WARN 07-15 17:55:30,372 ExecutorChannelManagerMap:95 [pool-16-thread-1] - Cannot connnect VM-110<->VM-127
 WARN 07-15 17:55:30,372 ExecutorChannelManagerMap:95 [pool-16-thread-1] - Cannot connnect VM-110<->VM-140
 WARN 07-15 17:55:30,372 ExecutorChannelManagerMap:95 [pool-16-thread-1] - Cannot connnect VM-110<->VM-69
 WARN 07-15 17:55:30,372 ExecutorChannelManagerMap:95 [pool-16-thread-1] - Cannot connnect VM-110<->VM-68
 WARN 07-15 17:55:30,373 ExecutorChannelManagerMap:95 [pool-16-thread-1] - Cannot connnect VM-110<->VM-67
 WARN 07-15 17:55:30,373 ExecutorChannelManagerMap:95 [pool-16-thread-1] - Cannot connnect VM-110<->VM-144
 WARN 07-15 17:55:30,373 ExecutorChannelManagerMap:95 [pool-16-thread-1] - Cannot connnect VM-110<->VM-66
 WARN 07-15 17:55:30,373 ExecutorChannelManagerMap:95 [pool-16-thread-1] - Cannot connnect VM-110<->VM-143
 WARN 07-15 17:55:30,383 ExecutorChannelManagerMap:95 [pool-16-thread-3] - Cannot connnect VM-110<->VM-89
 WARN 07-15 17:55:30,384 ExecutorChannelManagerMap:95 [pool-16-thread-3] - Cannot connnect VM-110<->VM-122
 WARN 07-15 17:55:30,384 ExecutorChannelManagerMap:95 [pool-16-thread-3] - Cannot connnect VM-110<->VM-88
 WARN 07-15 17:55:30,384 ExecutorChannelManagerMap:95 [pool-16-thread-3] - Cannot connnect VM-110<->VM-121
 WARN 07-15 17:55:30,384 ExecutorChannelManagerMap:95 [pool-16-thread-3] - Cannot connnect VM-110<->VM-87
 WARN 07-15 17:55:30,384 ExecutorChannelManagerMap:95 [pool-16-thread-3] - Cannot connnect VM-110<->VM-120
 WARN 07-15 17:55:30,384 ExecutorChannelManagerMap:95 [pool-16-thread-3] - Cannot connnect VM-110<->VM-86
 WARN 07-15 17:55:30,384 ExecutorChannelManagerMap:95 [pool-16-thread-3] - Cannot connnect VM-110<->VM-85
 WARN 07-15 17:55:30,385 ExecutorChannelManagerMap:95 [pool-16-thread-3] - Cannot connnect VM-110<->VM-126
 WARN 07-15 17:55:30,385 ExecutorChannelManagerMap:95 [pool-16-thread-3] - Cannot connnect VM-110<->VM-84
 WARN 07-15 17:55:30,385 ExecutorChannelManagerMap:95 [pool-16-thread-3] - Cannot connnect VM-110<->VM-125
 WARN 07-15 17:55:30,385 ExecutorChannelManagerMap:95 [pool-16-thread-3] - Cannot connnect VM-110<->VM-83
 WARN 07-15 17:55:30,385 ExecutorChannelManagerMap:95 [pool-16-thread-3] - Cannot connnect VM-110<->VM-124
 WARN 07-15 17:55:30,385 ExecutorChannelManagerMap:95 [pool-16-thread-3] - Cannot connnect VM-110<->VM-82
 WARN 07-15 17:55:30,385 ExecutorChannelManagerMap:95 [pool-16-thread-3] - Cannot connnect VM-110<->VM-123
 WARN 07-15 17:55:30,385 ExecutorChannelManagerMap:95 [pool-16-thread-3] - Cannot connnect VM-110<->VM-81
 WARN 07-15 17:55:30,385 ExecutorChannelManagerMap:95 [pool-16-thread-3] - Cannot connnect VM-110<->VM-119
 WARN 07-15 17:55:30,385 ExecutorChannelManagerMap:95 [pool-16-thread-3] - Cannot connnect VM-110<->VM-80
 WARN 07-15 17:55:30,386 ExecutorChannelManagerMap:95 [pool-16-thread-3] - Cannot connnect VM-110<->VM-118
 WARN 07-15 17:55:30,386 ExecutorChannelManagerMap:95 [pool-16-thread-3] - Cannot connnect VM-110<->VM-117
 WARN 07-15 17:55:30,386 ExecutorChannelManagerMap:95 [pool-16-thread-3] - Cannot connnect VM-110<->VM-116
 WARN 07-15 17:55:30,386 ExecutorChannelManagerMap:95 [pool-16-thread-3] - Cannot connnect VM-110<->VM-19
 WARN 07-15 17:55:30,386 ExecutorChannelManagerMap:95 [pool-16-thread-3] - Cannot connnect VM-110<->VM-18
 WARN 07-15 17:55:30,386 ExecutorChannelManagerMap:95 [pool-16-thread-3] - Cannot connnect VM-110<->VM-17
 WARN 07-15 17:55:30,386 ExecutorChannelManagerMap:95 [pool-16-thread-3] - Cannot connnect VM-110<->VM-16
 WARN 07-15 17:55:30,386 ExecutorChannelManagerMap:95 [pool-16-thread-3] - Cannot connnect VM-110<->VM-15
 WARN 07-15 17:55:30,386 ExecutorChannelManagerMap:95 [pool-16-thread-3] - Cannot connnect VM-110<->VM-14
 WARN 07-15 17:55:30,386 ExecutorChannelManagerMap:95 [pool-16-thread-3] - Cannot connnect VM-110<->VM-13
 WARN 07-15 17:55:30,387 ExecutorChannelManagerMap:95 [pool-16-thread-3] - Cannot connnect VM-110<->VM-12
 WARN 07-15 17:55:30,387 ExecutorChannelManagerMap:95 [pool-16-thread-3] - Cannot connnect VM-110<->VM-133
 WARN 07-15 17:55:30,387 ExecutorChannelManagerMap:95 [pool-16-thread-3] - Cannot connnect VM-110<->VM-99
 WARN 07-15 17:55:30,387 ExecutorChannelManagerMap:95 [pool-16-thread-3] - Cannot connnect VM-110<->VM-11
 WARN 07-15 17:55:30,387 ExecutorChannelManagerMap:95 [pool-16-thread-3] - Cannot connnect VM-110<->VM-132
 WARN 07-15 17:55:30,387 ExecutorChannelManagerMap:95 [pool-16-thread-3] - Cannot connnect VM-110<->VM-98
 WARN 07-15 17:55:30,387 ExecutorChannelManagerMap:95 [pool-16-thread-3] - Cannot connnect VM-110<->VM-10
 WARN 07-15 17:55:30,387 ExecutorChannelManagerMap:95 [pool-16-thread-3] - Cannot connnect VM-110<->VM-131
 WARN 07-15 17:55:30,387 ExecutorChannelManagerMap:95 [pool-16-thread-3] - Cannot connnect VM-110<->VM-97
 WARN 07-15 17:55:30,387 ExecutorChannelManagerMap:95 [pool-16-thread-3] - Cannot connnect VM-110<->VM-130
 WARN 07-15 17:55:30,388 ExecutorChannelManagerMap:95 [pool-16-thread-3] - Cannot connnect VM-110<->VM-96
 WARN 07-15 17:55:30,388 ExecutorChannelManagerMap:95 [pool-16-thread-3] - Cannot connnect VM-110<->VM-137
 WARN 07-15 17:55:30,388 ExecutorChannelManagerMap:95 [pool-16-thread-3] - Cannot connnect VM-110<->VM-95
 WARN 07-15 17:55:30,388 ExecutorChannelManagerMap:95 [pool-16-thread-3] - Cannot connnect VM-110<->VM-136
 WARN 07-15 17:55:30,388 ExecutorChannelManagerMap:95 [pool-16-thread-3] - Cannot connnect VM-110<->VM-94
 WARN 07-15 17:55:30,388 ExecutorChannelManagerMap:95 [pool-16-thread-3] - Cannot connnect VM-110<->VM-135
 WARN 07-15 17:55:30,388 ExecutorChannelManagerMap:95 [pool-16-thread-3] - Cannot connnect VM-110<->VM-93
 WARN 07-15 17:55:30,388 ExecutorChannelManagerMap:95 [pool-16-thread-3] - Cannot connnect VM-110<->VM-134
 WARN 07-15 17:55:30,388 ExecutorChannelManagerMap:95 [pool-16-thread-3] - Cannot connnect VM-110<->VM-92
 WARN 07-15 17:55:30,388 ExecutorChannelManagerMap:95 [pool-16-thread-3] - Cannot connnect VM-110<->VM-91
 WARN 07-15 17:55:30,389 ExecutorChannelManagerMap:95 [pool-16-thread-3] - Cannot connnect VM-110<->VM-129
 WARN 07-15 17:55:30,389 ExecutorChannelManagerMap:95 [pool-16-thread-3] - Cannot connnect VM-110<->VM-90
 WARN 07-15 17:55:30,389 ExecutorChannelManagerMap:95 [pool-16-thread-3] - Cannot connnect VM-110<->VM-128
 WARN 07-15 17:55:30,389 ExecutorChannelManagerMap:95 [pool-16-thread-3] - Cannot connnect VM-110<->VM-127
 WARN 07-15 17:55:30,390 ExecutorChannelManagerMap:95 [pool-16-thread-3] - Cannot connnect VM-110<->VM-140
 WARN 07-15 17:55:30,390 ExecutorChannelManagerMap:95 [pool-16-thread-3] - Cannot connnect VM-110<->VM-69
 WARN 07-15 17:55:30,390 ExecutorChannelManagerMap:95 [pool-16-thread-3] - Cannot connnect VM-110<->VM-68
 WARN 07-15 17:55:30,390 ExecutorChannelManagerMap:95 [pool-16-thread-3] - Cannot connnect VM-110<->VM-67
 WARN 07-15 17:55:30,390 ExecutorChannelManagerMap:95 [pool-16-thread-3] - Cannot connnect VM-110<->VM-144
 WARN 07-15 17:55:30,390 ExecutorChannelManagerMap:95 [pool-16-thread-3] - Cannot connnect VM-110<->VM-66
 WARN 07-15 17:55:30,390 ExecutorChannelManagerMap:95 [pool-16-thread-3] - Cannot connnect VM-110<->VM-143
 WARN 07-15 17:55:30,391 ExecutorChannelManagerMap:95 [pool-16-thread-3] - Cannot connnect VM-110<->VM-65
 WARN 07-15 17:55:30,391 ExecutorChannelManagerMap:95 [pool-16-thread-3] - Cannot connnect VM-110<->VM-142
 WARN 07-15 17:55:30,391 ExecutorChannelManagerMap:95 [pool-16-thread-3] - Cannot connnect VM-110<->VM-64
 WARN 07-15 17:55:30,391 ExecutorChannelManagerMap:95 [pool-16-thread-3] - Cannot connnect VM-110<->VM-141
 WARN 07-15 17:55:30,391 ExecutorChannelManagerMap:95 [pool-16-thread-3] - Cannot connnect VM-110<->VM-63
 WARN 07-15 17:55:30,391 ExecutorChannelManagerMap:95 [pool-16-thread-3] - Cannot connnect VM-110<->VM-148
 WARN 07-15 17:55:30,391 ExecutorChannelManagerMap:95 [pool-16-thread-3] - Cannot connnect VM-110<->VM-62
 WARN 07-15 17:55:30,391 ExecutorChannelManagerMap:95 [pool-16-thread-3] - Cannot connnect VM-110<->VM-147
 WARN 07-15 17:55:30,391 ExecutorChannelManagerMap:95 [pool-16-thread-3] - Cannot connnect VM-110<->VM-61
 WARN 07-15 17:55:30,391 ExecutorChannelManagerMap:95 [pool-16-thread-3] - Cannot connnect VM-110<->VM-146
 WARN 07-15 17:55:30,392 ExecutorChannelManagerMap:95 [pool-16-thread-3] - Cannot connnect VM-110<->VM-60
 WARN 07-15 17:55:30,392 ExecutorChannelManagerMap:95 [pool-16-thread-3] - Cannot connnect VM-110<->VM-145
 WARN 07-15 17:55:30,392 ExecutorChannelManagerMap:95 [pool-16-thread-3] - Cannot connnect VM-110<->VM-139
 WARN 07-15 17:55:30,392 ExecutorChannelManagerMap:95 [pool-16-thread-3] - Cannot connnect VM-110<->VM-138
 WARN 07-15 17:55:30,392 ExecutorChannelManagerMap:95 [pool-16-thread-3] - Cannot connnect VM-110<->VM-151
 WARN 07-15 17:55:30,392 ExecutorChannelManagerMap:95 [pool-16-thread-3] - Cannot connnect VM-110<->VM-150
 WARN 07-15 17:55:30,392 ExecutorChannelManagerMap:95 [pool-16-thread-3] - Cannot connnect VM-110<->VM-79
 WARN 07-15 17:55:30,392 ExecutorChannelManagerMap:95 [pool-16-thread-3] - Cannot connnect VM-110<->VM-78
 WARN 07-15 17:55:30,392 ExecutorChannelManagerMap:95 [pool-16-thread-3] - Cannot connnect VM-110<->VM-155
 WARN 07-15 17:55:30,392 ExecutorChannelManagerMap:95 [pool-16-thread-3] - Cannot connnect VM-110<->VM-77
 WARN 07-15 17:55:30,393 ExecutorChannelManagerMap:95 [pool-16-thread-3] - Cannot connnect VM-110<->VM-154
 WARN 07-15 17:55:30,393 ExecutorChannelManagerMap:95 [pool-16-thread-3] - Cannot connnect VM-110<->VM-76
 WARN 07-15 17:55:30,410 ExecutorChannelManagerMap:95 [pool-16-thread-3] - Cannot connnect VM-110<->VM-153
 WARN 07-15 17:55:30,410 ExecutorChannelManagerMap:95 [pool-16-thread-3] - Cannot connnect VM-110<->VM-75
 WARN 07-15 17:55:30,410 ExecutorChannelManagerMap:95 [pool-16-thread-3] - Cannot connnect VM-110<->VM-152
 WARN 07-15 17:55:30,410 ExecutorChannelManagerMap:95 [pool-16-thread-3] - Cannot connnect VM-110<->VM-74
 WARN 07-15 17:55:30,410 ExecutorChannelManagerMap:95 [pool-16-thread-3] - Cannot connnect VM-110<->VM-159
 WARN 07-15 17:55:30,410 ExecutorChannelManagerMap:95 [pool-16-thread-3] - Cannot connnect VM-110<->VM-73
 WARN 07-15 17:55:30,410 ExecutorChannelManagerMap:95 [pool-16-thread-3] - Cannot connnect VM-110<->VM-158
 WARN 07-15 17:55:30,410 ExecutorChannelManagerMap:95 [pool-16-thread-3] - Cannot connnect VM-110<->VM-72
 WARN 07-15 17:55:30,410 ExecutorChannelManagerMap:95 [pool-16-thread-3] - Cannot connnect VM-110<->VM-157
 WARN 07-15 17:55:30,410 ExecutorChannelManagerMap:95 [pool-16-thread-3] - Cannot connnect VM-110<->VM-71
 WARN 07-15 17:55:30,410 ExecutorChannelManagerMap:95 [pool-16-thread-3] - Cannot connnect VM-110<->VM-156
 WARN 07-15 17:55:30,410 ExecutorChannelManagerMap:95 [pool-16-thread-3] - Cannot connnect VM-110<->VM-70
 WARN 07-15 17:55:30,410 ExecutorChannelManagerMap:95 [pool-16-thread-3] - Cannot connnect VM-110<->VM-149
 WARN 07-15 17:55:30,411 ExecutorChannelManagerMap:95 [pool-16-thread-3] - Cannot connnect VM-110<->VM-49
 WARN 07-15 17:55:30,411 ExecutorChannelManagerMap:95 [pool-16-thread-3] - Cannot connnect VM-110<->VM-48
 WARN 07-15 17:55:30,411 ExecutorChannelManagerMap:95 [pool-16-thread-3] - Cannot connnect VM-110<->VM-47
 WARN 07-15 17:55:30,411 ExecutorChannelManagerMap:95 [pool-16-thread-3] - Cannot connnect VM-110<->VM-160
 WARN 07-15 17:55:30,411 ExecutorChannelManagerMap:95 [pool-16-thread-3] - Cannot connnect VM-110<->VM-46
 WARN 07-15 17:55:30,411 ExecutorChannelManagerMap:95 [pool-16-thread-3] - Cannot connnect VM-110<->VM-45
 WARN 07-15 17:55:30,411 ExecutorChannelManagerMap:95 [pool-16-thread-3] - Cannot connnect VM-110<->VM-6
 WARN 07-15 17:55:30,411 ExecutorChannelManagerMap:95 [pool-16-thread-3] - Cannot connnect VM-110<->VM-44
 WARN 07-15 17:55:30,411 ExecutorChannelManagerMap:95 [pool-16-thread-3] - Cannot connnect VM-110<->VM-7
 WARN 07-15 17:55:30,411 ExecutorChannelManagerMap:95 [pool-16-thread-3] - Cannot connnect VM-110<->VM-43
 WARN 07-15 17:55:30,411 ExecutorChannelManagerMap:95 [pool-16-thread-3] - Cannot connnect VM-110<->VM-8
 WARN 07-15 17:55:30,411 ExecutorChannelManagerMap:95 [pool-16-thread-3] - Cannot connnect VM-110<->VM-42
 WARN 07-15 17:55:30,411 ExecutorChannelManagerMap:95 [pool-16-thread-3] - Cannot connnect VM-110<->VM-9
 WARN 07-15 17:55:30,411 ExecutorChannelManagerMap:95 [pool-16-thread-3] - Cannot connnect VM-110<->VM-41
 WARN 07-15 17:55:30,411 ExecutorChannelManagerMap:95 [pool-16-thread-3] - Cannot connnect VM-110<->VM-40
 WARN 07-15 17:55:30,411 ExecutorChannelManagerMap:95 [pool-16-thread-3] - Cannot connnect VM-110<->VM-59
 WARN 07-15 17:55:30,411 ExecutorChannelManagerMap:95 [pool-16-thread-3] - Cannot connnect VM-110<->VM-58
 WARN 07-15 17:55:30,411 ExecutorChannelManagerMap:95 [pool-16-thread-3] - Cannot connnect VM-110<->VM-57
 WARN 07-15 17:55:30,412 ExecutorChannelManagerMap:95 [pool-16-thread-3] - Cannot connnect VM-110<->VM-56
 WARN 07-15 17:55:30,412 ExecutorChannelManagerMap:95 [pool-16-thread-3] - Cannot connnect VM-110<->VM-55
 WARN 07-15 17:55:30,412 ExecutorChannelManagerMap:95 [pool-16-thread-3] - Cannot connnect VM-110<->VM-54
 WARN 07-15 17:55:30,412 ExecutorChannelManagerMap:95 [pool-16-thread-3] - Cannot connnect VM-110<->VM-53
 WARN 07-15 17:55:30,412 ExecutorChannelManagerMap:95 [pool-16-thread-3] - Cannot connnect VM-110<->VM-52
 WARN 07-15 17:55:30,412 ExecutorChannelManagerMap:95 [pool-16-thread-3] - Cannot connnect VM-110<->VM-51
 WARN 07-15 17:55:30,412 ExecutorChannelManagerMap:95 [pool-16-thread-3] - Cannot connnect VM-110<->VM-50
 WARN 07-15 17:55:30,412 ExecutorChannelManagerMap:95 [pool-16-thread-3] - Cannot connnect VM-110<->VM-1
 WARN 07-15 17:55:30,412 ExecutorChannelManagerMap:95 [pool-16-thread-3] - Cannot connnect VM-110<->VM-2
 WARN 07-15 17:55:30,412 ExecutorChannelManagerMap:95 [pool-16-thread-3] - Cannot connnect VM-110<->VM-3
 WARN 07-15 17:55:30,412 ExecutorChannelManagerMap:95 [pool-16-thread-3] - Cannot connnect VM-110<->VM-4
 WARN 07-15 17:55:30,412 ExecutorChannelManagerMap:95 [pool-16-thread-3] - Cannot connnect VM-110<->VM-5
 WARN 07-15 17:55:30,412 ExecutorChannelManagerMap:95 [pool-16-thread-3] - Cannot connnect VM-110<->VM-29
 WARN 07-15 17:55:30,412 ExecutorChannelManagerMap:95 [pool-16-thread-3] - Cannot connnect VM-110<->VM-28
 WARN 07-15 17:55:30,412 ExecutorChannelManagerMap:95 [pool-16-thread-3] - Cannot connnect VM-110<->VM-27
 WARN 07-15 17:55:30,412 ExecutorChannelManagerMap:95 [pool-16-thread-3] - Cannot connnect VM-110<->VM-26
 WARN 07-15 17:55:30,412 ExecutorChannelManagerMap:95 [pool-16-thread-3] - Cannot connnect VM-110<->VM-25
 WARN 07-15 17:55:30,412 ExecutorChannelManagerMap:95 [pool-16-thread-3] - Cannot connnect VM-110<->VM-24
 WARN 07-15 17:55:30,412 ExecutorChannelManagerMap:95 [pool-16-thread-3] - Cannot connnect VM-110<->VM-100
 WARN 07-15 17:55:30,412 ExecutorChannelManagerMap:95 [pool-16-thread-3] - Cannot connnect VM-110<->VM-23
 WARN 07-15 17:55:30,413 ExecutorChannelManagerMap:95 [pool-16-thread-3] - Cannot connnect VM-110<->VM-22
 WARN 07-15 17:55:30,413 ExecutorChannelManagerMap:106 [pool-16-thread-3] - Executor Executor4 already registered
 WARN 07-15 17:55:30,413 ExecutorChannelManagerMap:95 [pool-16-thread-3] - Cannot connnect VM-110<->VM-21
 WARN 07-15 17:55:30,413 ExecutorChannelManagerMap:106 [pool-16-thread-3] - Executor Executor3 already registered
 WARN 07-15 17:55:30,413 ExecutorChannelManagerMap:95 [pool-16-thread-3] - Cannot connnect VM-110<->VM-20
 WARN 07-15 17:55:30,413 ExecutorChannelManagerMap:95 [pool-16-thread-3] - Cannot connnect VM-110<->VM-101
 WARN 07-15 17:55:30,413 ExecutorChannelManagerMap:95 [pool-16-thread-3] - Cannot connnect VM-110<->VM-39
 WARN 07-15 17:55:30,413 ExecutorChannelManagerMap:95 [pool-16-thread-3] - Cannot connnect VM-110<->VM-38
 WARN 07-15 17:55:30,413 ExecutorChannelManagerMap:95 [pool-16-thread-6] - Cannot connnect VM-110<->VM-89
 WARN 07-15 17:55:30,413 ExecutorChannelManagerMap:95 [pool-16-thread-5] - Cannot connnect VM-110<->VM-89
 WARN 07-15 17:55:30,414 ExecutorChannelManagerMap:95 [pool-16-thread-5] - Cannot connnect VM-110<->VM-122
 WARN 07-15 17:55:30,414 ExecutorChannelManagerMap:95 [pool-16-thread-5] - Cannot connnect VM-110<->VM-88
 WARN 07-15 17:55:30,414 ExecutorChannelManagerMap:95 [pool-16-thread-5] - Cannot connnect VM-110<->VM-121
 WARN 07-15 17:55:30,414 ExecutorChannelManagerMap:95 [pool-16-thread-5] - Cannot connnect VM-110<->VM-87
 WARN 07-15 17:55:30,414 ExecutorChannelManagerMap:95 [pool-16-thread-5] - Cannot connnect VM-110<->VM-120
 WARN 07-15 17:55:30,414 ExecutorChannelManagerMap:95 [pool-16-thread-5] - Cannot connnect VM-110<->VM-86
 WARN 07-15 17:55:30,414 ExecutorChannelManagerMap:95 [pool-16-thread-5] - Cannot connnect VM-110<->VM-85
 WARN 07-15 17:55:30,414 ExecutorChannelManagerMap:95 [pool-16-thread-5] - Cannot connnect VM-110<->VM-126
 WARN 07-15 17:55:30,414 ExecutorChannelManagerMap:95 [pool-16-thread-5] - Cannot connnect VM-110<->VM-84
 WARN 07-15 17:55:30,414 ExecutorChannelManagerMap:95 [pool-16-thread-5] - Cannot connnect VM-110<->VM-125
 WARN 07-15 17:55:30,414 ExecutorChannelManagerMap:95 [pool-16-thread-5] - Cannot connnect VM-110<->VM-83
 WARN 07-15 17:55:30,414 ExecutorChannelManagerMap:95 [pool-16-thread-5] - Cannot connnect VM-110<->VM-124
 WARN 07-15 17:55:30,414 ExecutorChannelManagerMap:95 [pool-16-thread-5] - Cannot connnect VM-110<->VM-82
 WARN 07-15 17:55:30,414 ExecutorChannelManagerMap:95 [pool-16-thread-5] - Cannot connnect VM-110<->VM-123
 WARN 07-15 17:55:30,414 ExecutorChannelManagerMap:95 [pool-16-thread-5] - Cannot connnect VM-110<->VM-81
 WARN 07-15 17:55:30,414 ExecutorChannelManagerMap:95 [pool-16-thread-5] - Cannot connnect VM-110<->VM-119
 WARN 07-15 17:55:30,414 ExecutorChannelManagerMap:95 [pool-16-thread-5] - Cannot connnect VM-110<->VM-80
 WARN 07-15 17:55:30,414 ExecutorChannelManagerMap:95 [pool-16-thread-5] - Cannot connnect VM-110<->VM-118
 WARN 07-15 17:55:30,414 ExecutorChannelManagerMap:95 [pool-16-thread-5] - Cannot connnect VM-110<->VM-117
 WARN 07-15 17:55:30,414 ExecutorChannelManagerMap:95 [pool-16-thread-5] - Cannot connnect VM-110<->VM-116
 WARN 07-15 17:55:30,415 ExecutorChannelManagerMap:95 [pool-16-thread-5] - Cannot connnect VM-110<->VM-19
 WARN 07-15 17:55:30,415 ExecutorChannelManagerMap:95 [pool-16-thread-5] - Cannot connnect VM-110<->VM-18
 WARN 07-15 17:55:30,415 ExecutorChannelManagerMap:95 [pool-16-thread-5] - Cannot connnect VM-110<->VM-17
 WARN 07-15 17:55:30,415 ExecutorChannelManagerMap:95 [pool-16-thread-5] - Cannot connnect VM-110<->VM-16
 WARN 07-15 17:55:30,415 ExecutorChannelManagerMap:95 [pool-16-thread-5] - Cannot connnect VM-110<->VM-15
 WARN 07-15 17:55:30,415 ExecutorChannelManagerMap:95 [pool-16-thread-5] - Cannot connnect VM-110<->VM-14
 WARN 07-15 17:55:30,415 ExecutorChannelManagerMap:95 [pool-16-thread-5] - Cannot connnect VM-110<->VM-13
 WARN 07-15 17:55:30,415 ExecutorChannelManagerMap:95 [pool-16-thread-5] - Cannot connnect VM-110<->VM-12
 WARN 07-15 17:55:30,415 ExecutorChannelManagerMap:95 [pool-16-thread-5] - Cannot connnect VM-110<->VM-133
 WARN 07-15 17:55:30,415 ExecutorChannelManagerMap:95 [pool-16-thread-5] - Cannot connnect VM-110<->VM-99
 WARN 07-15 17:55:30,415 ExecutorChannelManagerMap:95 [pool-16-thread-5] - Cannot connnect VM-110<->VM-11
 WARN 07-15 17:55:30,415 ExecutorChannelManagerMap:95 [pool-16-thread-5] - Cannot connnect VM-110<->VM-132
 WARN 07-15 17:55:30,415 ExecutorChannelManagerMap:95 [pool-16-thread-5] - Cannot connnect VM-110<->VM-98
 WARN 07-15 17:55:30,415 ExecutorChannelManagerMap:95 [pool-16-thread-5] - Cannot connnect VM-110<->VM-10
 WARN 07-15 17:55:30,415 ExecutorChannelManagerMap:95 [pool-16-thread-5] - Cannot connnect VM-110<->VM-131
 WARN 07-15 17:55:30,415 ExecutorChannelManagerMap:95 [pool-16-thread-5] - Cannot connnect VM-110<->VM-97
 WARN 07-15 17:55:30,415 ExecutorChannelManagerMap:95 [pool-16-thread-5] - Cannot connnect VM-110<->VM-130
 WARN 07-15 17:55:30,415 ExecutorChannelManagerMap:95 [pool-16-thread-5] - Cannot connnect VM-110<->VM-96
 WARN 07-15 17:55:30,415 ExecutorChannelManagerMap:95 [pool-16-thread-5] - Cannot connnect VM-110<->VM-137
 WARN 07-15 17:55:30,416 ExecutorChannelManagerMap:95 [pool-16-thread-5] - Cannot connnect VM-110<->VM-95
 WARN 07-15 17:55:30,416 ExecutorChannelManagerMap:95 [pool-16-thread-5] - Cannot connnect VM-110<->VM-136
 WARN 07-15 17:55:30,416 ExecutorChannelManagerMap:95 [pool-16-thread-5] - Cannot connnect VM-110<->VM-94
 WARN 07-15 17:55:30,416 ExecutorChannelManagerMap:95 [pool-16-thread-5] - Cannot connnect VM-110<->VM-135
 WARN 07-15 17:55:30,416 ExecutorChannelManagerMap:95 [pool-16-thread-5] - Cannot connnect VM-110<->VM-93
 WARN 07-15 17:55:30,416 ExecutorChannelManagerMap:95 [pool-16-thread-5] - Cannot connnect VM-110<->VM-134
 WARN 07-15 17:55:30,416 ExecutorChannelManagerMap:95 [pool-16-thread-5] - Cannot connnect VM-110<->VM-92
 WARN 07-15 17:55:30,416 ExecutorChannelManagerMap:95 [pool-16-thread-5] - Cannot connnect VM-110<->VM-91
 WARN 07-15 17:55:30,416 ExecutorChannelManagerMap:95 [pool-16-thread-5] - Cannot connnect VM-110<->VM-129
 WARN 07-15 17:55:30,416 ExecutorChannelManagerMap:95 [pool-16-thread-5] - Cannot connnect VM-110<->VM-90
 WARN 07-15 17:55:30,416 ExecutorChannelManagerMap:95 [pool-16-thread-5] - Cannot connnect VM-110<->VM-128
 WARN 07-15 17:55:30,416 ExecutorChannelManagerMap:95 [pool-16-thread-5] - Cannot connnect VM-110<->VM-127
 WARN 07-15 17:55:30,416 ExecutorChannelManagerMap:95 [pool-16-thread-5] - Cannot connnect VM-110<->VM-140
 WARN 07-15 17:55:30,416 ExecutorChannelManagerMap:95 [pool-16-thread-5] - Cannot connnect VM-110<->VM-69
 WARN 07-15 17:55:30,416 ExecutorChannelManagerMap:95 [pool-16-thread-5] - Cannot connnect VM-110<->VM-68
 WARN 07-15 17:55:30,416 ExecutorChannelManagerMap:95 [pool-16-thread-5] - Cannot connnect VM-110<->VM-67
 WARN 07-15 17:55:30,416 ExecutorChannelManagerMap:95 [pool-16-thread-5] - Cannot connnect VM-110<->VM-144
 WARN 07-15 17:55:30,416 ExecutorChannelManagerMap:95 [pool-16-thread-5] - Cannot connnect VM-110<->VM-66
 WARN 07-15 17:55:30,416 ExecutorChannelManagerMap:95 [pool-16-thread-5] - Cannot connnect VM-110<->VM-143
 WARN 07-15 17:55:30,417 ExecutorChannelManagerMap:95 [pool-16-thread-5] - Cannot connnect VM-110<->VM-65
 WARN 07-15 17:55:30,417 ExecutorChannelManagerMap:95 [pool-16-thread-5] - Cannot connnect VM-110<->VM-142
 WARN 07-15 17:55:30,417 ExecutorChannelManagerMap:95 [pool-16-thread-5] - Cannot connnect VM-110<->VM-64
 WARN 07-15 17:55:30,417 ExecutorChannelManagerMap:95 [pool-16-thread-5] - Cannot connnect VM-110<->VM-141
 WARN 07-15 17:55:30,417 ExecutorChannelManagerMap:95 [pool-16-thread-5] - Cannot connnect VM-110<->VM-63
 WARN 07-15 17:55:30,417 ExecutorChannelManagerMap:95 [pool-16-thread-5] - Cannot connnect VM-110<->VM-148
 WARN 07-15 17:55:30,417 ExecutorChannelManagerMap:95 [pool-16-thread-5] - Cannot connnect VM-110<->VM-62
 WARN 07-15 17:55:30,417 ExecutorChannelManagerMap:95 [pool-16-thread-5] - Cannot connnect VM-110<->VM-147
 WARN 07-15 17:55:30,417 ExecutorChannelManagerMap:95 [pool-16-thread-5] - Cannot connnect VM-110<->VM-61
 WARN 07-15 17:55:30,417 ExecutorChannelManagerMap:95 [pool-16-thread-5] - Cannot connnect VM-110<->VM-146
 WARN 07-15 17:55:30,417 ExecutorChannelManagerMap:95 [pool-16-thread-5] - Cannot connnect VM-110<->VM-60
 WARN 07-15 17:55:30,417 ExecutorChannelManagerMap:95 [pool-16-thread-5] - Cannot connnect VM-110<->VM-145
 WARN 07-15 17:55:30,417 ExecutorChannelManagerMap:95 [pool-16-thread-5] - Cannot connnect VM-110<->VM-139
 WARN 07-15 17:55:30,417 ExecutorChannelManagerMap:95 [pool-16-thread-5] - Cannot connnect VM-110<->VM-138
 WARN 07-15 17:55:30,417 ExecutorChannelManagerMap:95 [pool-16-thread-5] - Cannot connnect VM-110<->VM-151
 WARN 07-15 17:55:30,417 ExecutorChannelManagerMap:95 [pool-16-thread-5] - Cannot connnect VM-110<->VM-150
 WARN 07-15 17:55:30,417 ExecutorChannelManagerMap:95 [pool-16-thread-5] - Cannot connnect VM-110<->VM-79
 WARN 07-15 17:55:30,417 ExecutorChannelManagerMap:95 [pool-16-thread-5] - Cannot connnect VM-110<->VM-78
 WARN 07-15 17:55:30,417 ExecutorChannelManagerMap:95 [pool-16-thread-5] - Cannot connnect VM-110<->VM-155
 WARN 07-15 17:55:30,418 ExecutorChannelManagerMap:95 [pool-16-thread-5] - Cannot connnect VM-110<->VM-77
 WARN 07-15 17:55:30,418 ExecutorChannelManagerMap:95 [pool-16-thread-5] - Cannot connnect VM-110<->VM-154
 WARN 07-15 17:55:30,418 ExecutorChannelManagerMap:95 [pool-16-thread-5] - Cannot connnect VM-110<->VM-76
 WARN 07-15 17:55:30,418 ExecutorChannelManagerMap:95 [pool-16-thread-5] - Cannot connnect VM-110<->VM-153
 WARN 07-15 17:55:30,418 ExecutorChannelManagerMap:95 [pool-16-thread-5] - Cannot connnect VM-110<->VM-75
 WARN 07-15 17:55:30,418 ExecutorChannelManagerMap:95 [pool-16-thread-5] - Cannot connnect VM-110<->VM-152
 WARN 07-15 17:55:30,418 ExecutorChannelManagerMap:95 [pool-16-thread-5] - Cannot connnect VM-110<->VM-74
 WARN 07-15 17:55:30,418 ExecutorChannelManagerMap:95 [pool-16-thread-5] - Cannot connnect VM-110<->VM-159
 WARN 07-15 17:55:30,418 ExecutorChannelManagerMap:95 [pool-16-thread-4] - Cannot connnect VM-110<->VM-89
 WARN 07-15 17:55:30,418 ExecutorChannelManagerMap:95 [pool-16-thread-4] - Cannot connnect VM-110<->VM-122
 WARN 07-15 17:55:30,418 ExecutorChannelManagerMap:95 [pool-16-thread-4] - Cannot connnect VM-110<->VM-88
 WARN 07-15 17:55:30,418 ExecutorChannelManagerMap:95 [pool-16-thread-4] - Cannot connnect VM-110<->VM-121
 WARN 07-15 17:55:30,418 ExecutorChannelManagerMap:95 [pool-16-thread-4] - Cannot connnect VM-110<->VM-87
 WARN 07-15 17:55:30,418 ExecutorChannelManagerMap:95 [pool-16-thread-4] - Cannot connnect VM-110<->VM-120
 WARN 07-15 17:55:30,419 ExecutorChannelManagerMap:95 [pool-16-thread-4] - Cannot connnect VM-110<->VM-86
 WARN 07-15 17:55:30,419 ExecutorChannelManagerMap:95 [pool-16-thread-4] - Cannot connnect VM-110<->VM-85
 WARN 07-15 17:55:30,419 ExecutorChannelManagerMap:95 [pool-16-thread-4] - Cannot connnect VM-110<->VM-126
 WARN 07-15 17:55:30,419 ExecutorChannelManagerMap:95 [pool-16-thread-4] - Cannot connnect VM-110<->VM-84
 WARN 07-15 17:55:30,419 ExecutorChannelManagerMap:95 [pool-16-thread-4] - Cannot connnect VM-110<->VM-125
 WARN 07-15 17:55:30,419 ExecutorChannelManagerMap:95 [pool-16-thread-4] - Cannot connnect VM-110<->VM-83
 WARN 07-15 17:55:30,419 ExecutorChannelManagerMap:95 [pool-16-thread-4] - Cannot connnect VM-110<->VM-124
 WARN 07-15 17:55:30,419 ExecutorChannelManagerMap:95 [pool-16-thread-4] - Cannot connnect VM-110<->VM-82
 WARN 07-15 17:55:30,419 ExecutorChannelManagerMap:95 [pool-16-thread-4] - Cannot connnect VM-110<->VM-123
 WARN 07-15 17:55:30,419 ExecutorChannelManagerMap:95 [pool-16-thread-4] - Cannot connnect VM-110<->VM-81
 WARN 07-15 17:55:30,419 ExecutorChannelManagerMap:95 [pool-16-thread-4] - Cannot connnect VM-110<->VM-119
 WARN 07-15 17:55:30,419 ExecutorChannelManagerMap:95 [pool-16-thread-4] - Cannot connnect VM-110<->VM-80
 WARN 07-15 17:55:30,419 ExecutorChannelManagerMap:95 [pool-16-thread-4] - Cannot connnect VM-110<->VM-118
 WARN 07-15 17:55:30,419 ExecutorChannelManagerMap:95 [pool-16-thread-4] - Cannot connnect VM-110<->VM-117
 WARN 07-15 17:55:30,419 ExecutorChannelManagerMap:95 [pool-16-thread-4] - Cannot connnect VM-110<->VM-116
 WARN 07-15 17:55:30,419 ExecutorChannelManagerMap:95 [pool-16-thread-4] - Cannot connnect VM-110<->VM-19
 WARN 07-15 17:55:30,419 ExecutorChannelManagerMap:95 [pool-16-thread-4] - Cannot connnect VM-110<->VM-18
 WARN 07-15 17:55:30,419 ExecutorChannelManagerMap:95 [pool-16-thread-4] - Cannot connnect VM-110<->VM-17
 WARN 07-15 17:55:30,419 ExecutorChannelManagerMap:95 [pool-16-thread-4] - Cannot connnect VM-110<->VM-16
 WARN 07-15 17:55:30,419 ExecutorChannelManagerMap:95 [pool-16-thread-4] - Cannot connnect VM-110<->VM-15
 WARN 07-15 17:55:30,420 ExecutorChannelManagerMap:95 [pool-16-thread-4] - Cannot connnect VM-110<->VM-14
 WARN 07-15 17:55:30,420 ExecutorChannelManagerMap:95 [pool-16-thread-4] - Cannot connnect VM-110<->VM-13
 WARN 07-15 17:55:30,420 ExecutorChannelManagerMap:95 [pool-16-thread-4] - Cannot connnect VM-110<->VM-12
 WARN 07-15 17:55:30,420 ExecutorChannelManagerMap:95 [pool-16-thread-4] - Cannot connnect VM-110<->VM-133
 WARN 07-15 17:55:30,420 ExecutorChannelManagerMap:95 [pool-16-thread-4] - Cannot connnect VM-110<->VM-99
 WARN 07-15 17:55:30,420 ExecutorChannelManagerMap:95 [pool-16-thread-4] - Cannot connnect VM-110<->VM-11
 WARN 07-15 17:55:30,420 ExecutorChannelManagerMap:95 [pool-16-thread-4] - Cannot connnect VM-110<->VM-132
 WARN 07-15 17:55:30,420 ExecutorChannelManagerMap:95 [pool-16-thread-4] - Cannot connnect VM-110<->VM-98
 WARN 07-15 17:55:30,420 ExecutorChannelManagerMap:95 [pool-16-thread-4] - Cannot connnect VM-110<->VM-10
 WARN 07-15 17:55:30,420 ExecutorChannelManagerMap:95 [pool-16-thread-4] - Cannot connnect VM-110<->VM-131
 WARN 07-15 17:55:30,420 ExecutorChannelManagerMap:95 [pool-16-thread-4] - Cannot connnect VM-110<->VM-97
 WARN 07-15 17:55:30,420 ExecutorChannelManagerMap:95 [pool-16-thread-4] - Cannot connnect VM-110<->VM-130
 WARN 07-15 17:55:30,420 ExecutorChannelManagerMap:95 [pool-16-thread-4] - Cannot connnect VM-110<->VM-96
 WARN 07-15 17:55:30,420 ExecutorChannelManagerMap:95 [pool-16-thread-4] - Cannot connnect VM-110<->VM-137
 WARN 07-15 17:55:30,420 ExecutorChannelManagerMap:95 [pool-16-thread-4] - Cannot connnect VM-110<->VM-95
 WARN 07-15 17:55:30,420 ExecutorChannelManagerMap:95 [pool-16-thread-4] - Cannot connnect VM-110<->VM-136
 WARN 07-15 17:55:30,420 ExecutorChannelManagerMap:95 [pool-16-thread-4] - Cannot connnect VM-110<->VM-94
 WARN 07-15 17:55:30,420 ExecutorChannelManagerMap:95 [pool-16-thread-4] - Cannot connnect VM-110<->VM-135
 WARN 07-15 17:55:30,420 ExecutorChannelManagerMap:95 [pool-16-thread-4] - Cannot connnect VM-110<->VM-93
 WARN 07-15 17:55:30,420 ExecutorChannelManagerMap:95 [pool-16-thread-4] - Cannot connnect VM-110<->VM-134
 WARN 07-15 17:55:30,420 ExecutorChannelManagerMap:95 [pool-16-thread-4] - Cannot connnect VM-110<->VM-92
 WARN 07-15 17:55:30,421 ExecutorChannelManagerMap:95 [pool-16-thread-4] - Cannot connnect VM-110<->VM-91
 WARN 07-15 17:55:30,421 ExecutorChannelManagerMap:95 [pool-16-thread-4] - Cannot connnect VM-110<->VM-129
 WARN 07-15 17:55:30,421 ExecutorChannelManagerMap:95 [pool-16-thread-4] - Cannot connnect VM-110<->VM-90
 WARN 07-15 17:55:30,421 ExecutorChannelManagerMap:95 [pool-16-thread-4] - Cannot connnect VM-110<->VM-128
 WARN 07-15 17:55:30,421 ExecutorChannelManagerMap:95 [pool-16-thread-4] - Cannot connnect VM-110<->VM-127
 WARN 07-15 17:55:30,421 ExecutorChannelManagerMap:95 [pool-16-thread-4] - Cannot connnect VM-110<->VM-140
 WARN 07-15 17:55:30,421 ExecutorChannelManagerMap:95 [pool-16-thread-4] - Cannot connnect VM-110<->VM-69
 WARN 07-15 17:55:30,421 ExecutorChannelManagerMap:95 [pool-16-thread-4] - Cannot connnect VM-110<->VM-68
 WARN 07-15 17:55:30,421 ExecutorChannelManagerMap:95 [pool-16-thread-4] - Cannot connnect VM-110<->VM-67
 WARN 07-15 17:55:30,421 ExecutorChannelManagerMap:95 [pool-16-thread-4] - Cannot connnect VM-110<->VM-144
 WARN 07-15 17:55:30,421 ExecutorChannelManagerMap:95 [pool-16-thread-4] - Cannot connnect VM-110<->VM-66
 WARN 07-15 17:55:30,421 ExecutorChannelManagerMap:95 [pool-16-thread-4] - Cannot connnect VM-110<->VM-143
 WARN 07-15 17:55:30,421 ExecutorChannelManagerMap:95 [pool-16-thread-4] - Cannot connnect VM-110<->VM-65
 WARN 07-15 17:55:30,421 ExecutorChannelManagerMap:95 [pool-16-thread-4] - Cannot connnect VM-110<->VM-142
 WARN 07-15 17:55:30,421 ExecutorChannelManagerMap:95 [pool-16-thread-4] - Cannot connnect VM-110<->VM-64
 WARN 07-15 17:55:30,421 ExecutorChannelManagerMap:95 [pool-16-thread-4] - Cannot connnect VM-110<->VM-141
 WARN 07-15 17:55:30,421 ExecutorChannelManagerMap:95 [pool-16-thread-4] - Cannot connnect VM-110<->VM-63
 WARN 07-15 17:55:30,421 ExecutorChannelManagerMap:95 [pool-16-thread-4] - Cannot connnect VM-110<->VM-148
 WARN 07-15 17:55:30,421 ExecutorChannelManagerMap:95 [pool-16-thread-4] - Cannot connnect VM-110<->VM-62
 WARN 07-15 17:55:30,421 ExecutorChannelManagerMap:95 [pool-16-thread-4] - Cannot connnect VM-110<->VM-147
 WARN 07-15 17:55:30,421 ExecutorChannelManagerMap:95 [pool-16-thread-4] - Cannot connnect VM-110<->VM-61
 WARN 07-15 17:55:30,422 ExecutorChannelManagerMap:95 [pool-16-thread-4] - Cannot connnect VM-110<->VM-146
 WARN 07-15 17:55:30,422 ExecutorChannelManagerMap:95 [pool-16-thread-4] - Cannot connnect VM-110<->VM-60
 WARN 07-15 17:55:30,422 ExecutorChannelManagerMap:95 [pool-16-thread-4] - Cannot connnect VM-110<->VM-145
 WARN 07-15 17:55:30,422 ExecutorChannelManagerMap:95 [pool-16-thread-4] - Cannot connnect VM-110<->VM-139
 WARN 07-15 17:55:30,422 ExecutorChannelManagerMap:95 [pool-16-thread-4] - Cannot connnect VM-110<->VM-138
 WARN 07-15 17:55:30,422 ExecutorChannelManagerMap:95 [pool-16-thread-4] - Cannot connnect VM-110<->VM-151
 WARN 07-15 17:55:30,422 ExecutorChannelManagerMap:95 [pool-16-thread-4] - Cannot connnect VM-110<->VM-150
 WARN 07-15 17:55:30,422 ExecutorChannelManagerMap:95 [pool-16-thread-4] - Cannot connnect VM-110<->VM-79
 WARN 07-15 17:55:30,422 ExecutorChannelManagerMap:95 [pool-16-thread-4] - Cannot connnect VM-110<->VM-78
 WARN 07-15 17:55:30,422 ExecutorChannelManagerMap:95 [pool-16-thread-4] - Cannot connnect VM-110<->VM-155
 WARN 07-15 17:55:30,422 ExecutorChannelManagerMap:95 [pool-16-thread-4] - Cannot connnect VM-110<->VM-77
 WARN 07-15 17:55:30,422 ExecutorChannelManagerMap:95 [pool-16-thread-4] - Cannot connnect VM-110<->VM-154
 WARN 07-15 17:55:30,422 ExecutorChannelManagerMap:95 [pool-16-thread-4] - Cannot connnect VM-110<->VM-76
 WARN 07-15 17:55:30,422 ExecutorChannelManagerMap:95 [pool-16-thread-4] - Cannot connnect VM-110<->VM-153
 WARN 07-15 17:55:30,422 ExecutorChannelManagerMap:95 [pool-16-thread-4] - Cannot connnect VM-110<->VM-75
 WARN 07-15 17:55:30,422 ExecutorChannelManagerMap:95 [pool-16-thread-4] - Cannot connnect VM-110<->VM-152
 WARN 07-15 17:55:30,422 ExecutorChannelManagerMap:95 [pool-16-thread-4] - Cannot connnect VM-110<->VM-74
 WARN 07-15 17:55:30,422 ExecutorChannelManagerMap:95 [pool-16-thread-4] - Cannot connnect VM-110<->VM-159
 WARN 07-15 17:55:30,422 ExecutorChannelManagerMap:95 [pool-16-thread-4] - Cannot connnect VM-110<->VM-73
 WARN 07-15 17:55:30,422 ExecutorChannelManagerMap:95 [pool-16-thread-4] - Cannot connnect VM-110<->VM-158
 WARN 07-15 17:55:30,422 ExecutorChannelManagerMap:95 [pool-16-thread-4] - Cannot connnect VM-110<->VM-72
 WARN 07-15 17:55:30,423 ExecutorChannelManagerMap:95 [pool-16-thread-4] - Cannot connnect VM-110<->VM-157
 WARN 07-15 17:55:30,423 ExecutorChannelManagerMap:95 [pool-16-thread-4] - Cannot connnect VM-110<->VM-71
 WARN 07-15 17:55:30,423 ExecutorChannelManagerMap:95 [pool-16-thread-4] - Cannot connnect VM-110<->VM-156
 WARN 07-15 17:55:30,423 ExecutorChannelManagerMap:95 [pool-16-thread-4] - Cannot connnect VM-110<->VM-70
 WARN 07-15 17:55:30,423 ExecutorChannelManagerMap:95 [pool-16-thread-4] - Cannot connnect VM-110<->VM-149
 WARN 07-15 17:55:30,423 ExecutorChannelManagerMap:95 [pool-16-thread-4] - Cannot connnect VM-110<->VM-49
 WARN 07-15 17:55:30,423 ExecutorChannelManagerMap:95 [pool-16-thread-4] - Cannot connnect VM-110<->VM-48
 WARN 07-15 17:55:30,423 ExecutorChannelManagerMap:95 [pool-16-thread-4] - Cannot connnect VM-110<->VM-47
 WARN 07-15 17:55:30,423 ExecutorChannelManagerMap:95 [pool-16-thread-4] - Cannot connnect VM-110<->VM-160
 WARN 07-15 17:55:30,423 ExecutorChannelManagerMap:95 [pool-16-thread-4] - Cannot connnect VM-110<->VM-46
 WARN 07-15 17:55:30,423 ExecutorChannelManagerMap:95 [pool-16-thread-4] - Cannot connnect VM-110<->VM-45
 WARN 07-15 17:55:30,423 ExecutorChannelManagerMap:95 [pool-16-thread-4] - Cannot connnect VM-110<->VM-6
 WARN 07-15 17:55:30,423 ExecutorChannelManagerMap:95 [pool-16-thread-4] - Cannot connnect VM-110<->VM-44
 WARN 07-15 17:55:30,423 ExecutorChannelManagerMap:95 [pool-16-thread-4] - Cannot connnect VM-110<->VM-7
 WARN 07-15 17:55:30,423 ExecutorChannelManagerMap:95 [pool-16-thread-4] - Cannot connnect VM-110<->VM-43
 WARN 07-15 17:55:30,423 ExecutorChannelManagerMap:95 [pool-16-thread-4] - Cannot connnect VM-110<->VM-8
 WARN 07-15 17:55:30,423 ExecutorChannelManagerMap:95 [pool-16-thread-4] - Cannot connnect VM-110<->VM-42
 WARN 07-15 17:55:30,423 ExecutorChannelManagerMap:95 [pool-16-thread-4] - Cannot connnect VM-110<->VM-9
 WARN 07-15 17:55:30,423 ExecutorChannelManagerMap:95 [pool-16-thread-4] - Cannot connnect VM-110<->VM-41
 WARN 07-15 17:55:30,423 ExecutorChannelManagerMap:95 [pool-16-thread-4] - Cannot connnect VM-110<->VM-40
 WARN 07-15 17:55:30,423 ExecutorChannelManagerMap:95 [pool-16-thread-4] - Cannot connnect VM-110<->VM-59
 WARN 07-15 17:55:30,423 ExecutorChannelManagerMap:95 [pool-16-thread-4] - Cannot connnect VM-110<->VM-58
 WARN 07-15 17:55:30,423 ExecutorChannelManagerMap:95 [pool-16-thread-4] - Cannot connnect VM-110<->VM-57
 WARN 07-15 17:55:30,424 ExecutorChannelManagerMap:95 [pool-16-thread-4] - Cannot connnect VM-110<->VM-56
 WARN 07-15 17:55:30,424 ExecutorChannelManagerMap:95 [pool-16-thread-4] - Cannot connnect VM-110<->VM-55
 WARN 07-15 17:55:30,424 ExecutorChannelManagerMap:95 [pool-16-thread-4] - Cannot connnect VM-110<->VM-54
 WARN 07-15 17:55:30,424 ExecutorChannelManagerMap:95 [pool-16-thread-4] - Cannot connnect VM-110<->VM-53
 WARN 07-15 17:55:30,424 ExecutorChannelManagerMap:95 [pool-16-thread-4] - Cannot connnect VM-110<->VM-52
 WARN 07-15 17:55:30,424 ExecutorChannelManagerMap:95 [pool-16-thread-4] - Cannot connnect VM-110<->VM-51
 WARN 07-15 17:55:30,424 ExecutorChannelManagerMap:95 [pool-16-thread-4] - Cannot connnect VM-110<->VM-50
 WARN 07-15 17:55:30,424 ExecutorChannelManagerMap:95 [pool-16-thread-4] - Cannot connnect VM-110<->VM-1
 WARN 07-15 17:55:30,424 ExecutorChannelManagerMap:95 [pool-16-thread-4] - Cannot connnect VM-110<->VM-2
 WARN 07-15 17:55:30,424 ExecutorChannelManagerMap:95 [pool-16-thread-4] - Cannot connnect VM-110<->VM-3
 WARN 07-15 17:55:30,424 ExecutorChannelManagerMap:95 [pool-16-thread-4] - Cannot connnect VM-110<->VM-4
 WARN 07-15 17:55:30,424 ExecutorChannelManagerMap:95 [pool-16-thread-4] - Cannot connnect VM-110<->VM-5
 WARN 07-15 17:55:30,424 ExecutorChannelManagerMap:95 [pool-16-thread-4] - Cannot connnect VM-110<->VM-29
 WARN 07-15 17:55:30,424 ExecutorChannelManagerMap:95 [pool-16-thread-4] - Cannot connnect VM-110<->VM-28
 WARN 07-15 17:55:30,424 ExecutorChannelManagerMap:95 [pool-16-thread-4] - Cannot connnect VM-110<->VM-27
 WARN 07-15 17:55:30,424 ExecutorChannelManagerMap:95 [pool-16-thread-4] - Cannot connnect VM-110<->VM-26
 WARN 07-15 17:55:30,424 ExecutorChannelManagerMap:95 [pool-16-thread-4] - Cannot connnect VM-110<->VM-25
 WARN 07-15 17:55:30,424 ExecutorChannelManagerMap:95 [pool-16-thread-4] - Cannot connnect VM-110<->VM-24
 WARN 07-15 17:55:30,424 ExecutorChannelManagerMap:95 [pool-16-thread-4] - Cannot connnect VM-110<->VM-100
 WARN 07-15 17:55:30,424 ExecutorChannelManagerMap:95 [pool-16-thread-4] - Cannot connnect VM-110<->VM-23
 WARN 07-15 17:55:30,424 ExecutorChannelManagerMap:95 [pool-16-thread-4] - Cannot connnect VM-110<->VM-22
 WARN 07-15 17:55:30,424 ExecutorChannelManagerMap:106 [pool-16-thread-4] - Executor Executor4 already registered
 WARN 07-15 17:55:30,425 ExecutorChannelManagerMap:95 [pool-16-thread-4] - Cannot connnect VM-110<->VM-21
 WARN 07-15 17:55:30,425 ExecutorChannelManagerMap:106 [pool-16-thread-4] - Executor Executor3 already registered
 WARN 07-15 17:55:30,425 ExecutorChannelManagerMap:95 [pool-16-thread-4] - Cannot connnect VM-110<->VM-20
 WARN 07-15 17:55:30,425 ExecutorChannelManagerMap:95 [pool-16-thread-4] - Cannot connnect VM-110<->VM-101
 WARN 07-15 17:55:30,425 ExecutorChannelManagerMap:95 [pool-16-thread-4] - Cannot connnect VM-110<->VM-39
 WARN 07-15 17:55:30,425 ExecutorChannelManagerMap:95 [pool-16-thread-4] - Cannot connnect VM-110<->VM-38
 WARN 07-15 17:55:30,425 ExecutorChannelManagerMap:95 [pool-16-thread-4] - Cannot connnect VM-110<->VM-37
 WARN 07-15 17:55:30,425 ExecutorChannelManagerMap:95 [pool-16-thread-4] - Cannot connnect VM-110<->VM-36
 WARN 07-15 17:55:30,425 ExecutorChannelManagerMap:95 [pool-16-thread-4] - Cannot connnect VM-110<->VM-35
 WARN 07-15 17:55:30,425 ExecutorChannelManagerMap:95 [pool-16-thread-2] - Cannot connnect VM-110<->VM-155
 WARN 07-15 17:55:30,425 ExecutorChannelManagerMap:95 [pool-16-thread-2] - Cannot connnect VM-110<->VM-77
 WARN 07-15 17:55:30,425 ExecutorChannelManagerMap:95 [pool-16-thread-2] - Cannot connnect VM-110<->VM-154
 WARN 07-15 17:55:30,425 ExecutorChannelManagerMap:95 [pool-16-thread-2] - Cannot connnect VM-110<->VM-76
 WARN 07-15 17:55:30,425 ExecutorChannelManagerMap:95 [pool-16-thread-2] - Cannot connnect VM-110<->VM-153
 WARN 07-15 17:55:30,425 ExecutorChannelManagerMap:95 [pool-16-thread-2] - Cannot connnect VM-110<->VM-75
 WARN 07-15 17:55:30,425 ExecutorChannelManagerMap:95 [pool-16-thread-2] - Cannot connnect VM-110<->VM-152
 WARN 07-15 17:55:30,425 ExecutorChannelManagerMap:95 [pool-16-thread-2] - Cannot connnect VM-110<->VM-74
 WARN 07-15 17:55:30,425 ExecutorChannelManagerMap:95 [pool-16-thread-2] - Cannot connnect VM-110<->VM-159
 WARN 07-15 17:55:30,426 ExecutorChannelManagerMap:95 [pool-16-thread-2] - Cannot connnect VM-110<->VM-73
 WARN 07-15 17:55:30,426 ExecutorChannelManagerMap:95 [pool-16-thread-2] - Cannot connnect VM-110<->VM-158
 WARN 07-15 17:55:30,426 ExecutorChannelManagerMap:95 [pool-16-thread-2] - Cannot connnect VM-110<->VM-72
 WARN 07-15 17:55:30,426 ExecutorChannelManagerMap:95 [pool-16-thread-2] - Cannot connnect VM-110<->VM-157
 WARN 07-15 17:55:30,426 ExecutorChannelManagerMap:95 [pool-16-thread-2] - Cannot connnect VM-110<->VM-71
 WARN 07-15 17:55:30,426 ExecutorChannelManagerMap:95 [pool-16-thread-2] - Cannot connnect VM-110<->VM-156
 WARN 07-15 17:55:30,426 ExecutorChannelManagerMap:95 [pool-16-thread-2] - Cannot connnect VM-110<->VM-70
 WARN 07-15 17:55:30,426 ExecutorChannelManagerMap:95 [pool-16-thread-2] - Cannot connnect VM-110<->VM-149
 WARN 07-15 17:55:30,426 ExecutorChannelManagerMap:95 [pool-16-thread-2] - Cannot connnect VM-110<->VM-49
 WARN 07-15 17:55:30,426 ExecutorChannelManagerMap:95 [pool-16-thread-2] - Cannot connnect VM-110<->VM-48
 WARN 07-15 17:55:30,426 ExecutorChannelManagerMap:95 [pool-16-thread-2] - Cannot connnect VM-110<->VM-47
 WARN 07-15 17:55:30,426 ExecutorChannelManagerMap:95 [pool-16-thread-2] - Cannot connnect VM-110<->VM-160
 WARN 07-15 17:55:30,426 ExecutorChannelManagerMap:95 [pool-16-thread-2] - Cannot connnect VM-110<->VM-46
 WARN 07-15 17:55:30,426 ExecutorChannelManagerMap:95 [pool-16-thread-2] - Cannot connnect VM-110<->VM-45
 WARN 07-15 17:55:30,426 ExecutorChannelManagerMap:95 [pool-16-thread-2] - Cannot connnect VM-110<->VM-6
 WARN 07-15 17:55:30,426 ExecutorChannelManagerMap:95 [pool-16-thread-2] - Cannot connnect VM-110<->VM-44
 WARN 07-15 17:55:30,426 ExecutorChannelManagerMap:95 [pool-16-thread-2] - Cannot connnect VM-110<->VM-7
 WARN 07-15 17:55:30,426 ExecutorChannelManagerMap:95 [pool-16-thread-2] - Cannot connnect VM-110<->VM-43
 WARN 07-15 17:55:30,426 ExecutorChannelManagerMap:95 [pool-16-thread-2] - Cannot connnect VM-110<->VM-8
 WARN 07-15 17:55:30,426 ExecutorChannelManagerMap:95 [pool-16-thread-2] - Cannot connnect VM-110<->VM-42
 WARN 07-15 17:55:30,426 ExecutorChannelManagerMap:95 [pool-16-thread-2] - Cannot connnect VM-110<->VM-9
 WARN 07-15 17:55:30,426 ExecutorChannelManagerMap:95 [pool-16-thread-2] - Cannot connnect VM-110<->VM-41
 WARN 07-15 17:55:30,427 ExecutorChannelManagerMap:95 [pool-16-thread-2] - Cannot connnect VM-110<->VM-40
 WARN 07-15 17:55:30,427 ExecutorChannelManagerMap:95 [pool-16-thread-2] - Cannot connnect VM-110<->VM-59
 WARN 07-15 17:55:30,427 ExecutorChannelManagerMap:95 [pool-16-thread-2] - Cannot connnect VM-110<->VM-58
 WARN 07-15 17:55:30,427 ExecutorChannelManagerMap:95 [pool-16-thread-2] - Cannot connnect VM-110<->VM-57
 WARN 07-15 17:55:30,427 ExecutorChannelManagerMap:95 [pool-16-thread-2] - Cannot connnect VM-110<->VM-56
 WARN 07-15 17:55:30,427 ExecutorChannelManagerMap:95 [pool-16-thread-2] - Cannot connnect VM-110<->VM-55
 WARN 07-15 17:55:30,427 ExecutorChannelManagerMap:95 [pool-16-thread-2] - Cannot connnect VM-110<->VM-54
 WARN 07-15 17:55:30,427 ExecutorChannelManagerMap:95 [pool-16-thread-2] - Cannot connnect VM-110<->VM-53
 WARN 07-15 17:55:30,427 ExecutorChannelManagerMap:95 [pool-16-thread-2] - Cannot connnect VM-110<->VM-52
 WARN 07-15 17:55:30,427 ExecutorChannelManagerMap:95 [pool-16-thread-2] - Cannot connnect VM-110<->VM-51
 WARN 07-15 17:55:30,427 ExecutorChannelManagerMap:95 [pool-16-thread-2] - Cannot connnect VM-110<->VM-50
 WARN 07-15 17:55:30,427 ExecutorChannelManagerMap:95 [pool-16-thread-2] - Cannot connnect VM-110<->VM-1
 WARN 07-15 17:55:30,427 ExecutorChannelManagerMap:95 [pool-16-thread-2] - Cannot connnect VM-110<->VM-2
 WARN 07-15 17:55:30,427 ExecutorChannelManagerMap:95 [pool-16-thread-2] - Cannot connnect VM-110<->VM-3
 WARN 07-15 17:55:30,427 ExecutorChannelManagerMap:95 [pool-16-thread-2] - Cannot connnect VM-110<->VM-4
 WARN 07-15 17:55:30,427 ExecutorChannelManagerMap:95 [pool-16-thread-2] - Cannot connnect VM-110<->VM-5
 WARN 07-15 17:55:30,427 ExecutorChannelManagerMap:95 [pool-16-thread-2] - Cannot connnect VM-110<->VM-29
 WARN 07-15 17:55:30,427 ExecutorChannelManagerMap:95 [pool-16-thread-2] - Cannot connnect VM-110<->VM-28
 WARN 07-15 17:55:30,427 ExecutorChannelManagerMap:95 [pool-16-thread-2] - Cannot connnect VM-110<->VM-27
 WARN 07-15 17:55:30,427 ExecutorChannelManagerMap:95 [pool-16-thread-2] - Cannot connnect VM-110<->VM-26
 WARN 07-15 17:55:30,427 ExecutorChannelManagerMap:95 [pool-16-thread-2] - Cannot connnect VM-110<->VM-25
 WARN 07-15 17:55:30,427 ExecutorChannelManagerMap:95 [pool-16-thread-2] - Cannot connnect VM-110<->VM-24
 WARN 07-15 17:55:30,428 ExecutorChannelManagerMap:95 [pool-16-thread-2] - Cannot connnect VM-110<->VM-100
 WARN 07-15 17:55:30,428 ExecutorChannelManagerMap:95 [pool-16-thread-2] - Cannot connnect VM-110<->VM-23
 WARN 07-15 17:55:30,428 ExecutorChannelManagerMap:95 [pool-16-thread-2] - Cannot connnect VM-110<->VM-22
 WARN 07-15 17:55:30,428 ExecutorChannelManagerMap:106 [pool-16-thread-2] - Executor Executor4 already registered
 WARN 07-15 17:55:30,428 ExecutorChannelManagerMap:95 [pool-16-thread-2] - Cannot connnect VM-110<->VM-21
 WARN 07-15 17:55:30,428 ExecutorChannelManagerMap:106 [pool-16-thread-2] - Executor Executor3 already registered
 WARN 07-15 17:55:30,428 ExecutorChannelManagerMap:95 [pool-16-thread-2] - Cannot connnect VM-110<->VM-20
 WARN 07-15 17:55:30,428 ExecutorChannelManagerMap:95 [pool-16-thread-2] - Cannot connnect VM-110<->VM-101
 WARN 07-15 17:55:30,428 ExecutorChannelManagerMap:95 [pool-16-thread-2] - Cannot connnect VM-110<->VM-39
 WARN 07-15 17:55:30,428 ExecutorChannelManagerMap:95 [pool-16-thread-2] - Cannot connnect VM-110<->VM-38
 WARN 07-15 17:55:30,428 ExecutorChannelManagerMap:95 [pool-16-thread-2] - Cannot connnect VM-110<->VM-37
 WARN 07-15 17:55:30,428 ExecutorChannelManagerMap:95 [pool-16-thread-2] - Cannot connnect VM-110<->VM-36
 WARN 07-15 17:55:30,428 ExecutorChannelManagerMap:95 [pool-16-thread-2] - Cannot connnect VM-110<->VM-35
 WARN 07-15 17:55:30,428 ExecutorChannelManagerMap:95 [pool-16-thread-2] - Cannot connnect VM-110<->VM-34
 WARN 07-15 17:55:30,428 ExecutorChannelManagerMap:95 [pool-16-thread-2] - Cannot connnect VM-110<->VM-111
 WARN 07-15 17:55:30,428 ExecutorChannelManagerMap:95 [pool-16-thread-2] - Cannot connnect VM-110<->VM-33
 WARN 07-15 17:55:30,428 ExecutorChannelManagerMap:95 [pool-16-thread-2] - Cannot connnect VM-110<->VM-32
 WARN 07-15 17:55:30,428 ExecutorChannelManagerMap:95 [pool-16-thread-2] - Cannot connnect VM-110<->VM-31
 WARN 07-15 17:55:30,428 ExecutorChannelManagerMap:95 [pool-16-thread-2] - Cannot connnect VM-110<->VM-30
 WARN 07-15 17:55:30,428 ExecutorChannelManagerMap:95 [pool-16-thread-2] - Cannot connnect VM-110<->VM-115
 WARN 07-15 17:55:30,428 ExecutorChannelManagerMap:95 [pool-16-thread-2] - Cannot connnect VM-110<->VM-114
 WARN 07-15 17:55:30,428 ExecutorChannelManagerMap:95 [pool-16-thread-2] - Cannot connnect VM-110<->VM-113
 WARN 07-15 17:55:30,429 ExecutorChannelManagerMap:95 [pool-16-thread-2] - Cannot connnect VM-110<->VM-112
 WARN 07-15 17:55:30,429 ExecutorChannelManagerMap:106 [pool-16-thread-2] - Executor Executor2 already registered
 WARN 07-15 17:55:30,429 ExecutorChannelManagerMap:106 [pool-16-thread-2] - Executor Executor1 already registered
 WARN 07-15 17:55:30,429 ExecutorChannelManagerMap:106 [pool-16-thread-2] - Executor Executor0 already registered
 WARN 07-15 17:55:30,429 ExecutorChannelManagerMap:95 [pool-16-thread-2] - Cannot connnect VM-110<->VM-109
 WARN 07-15 17:55:30,429 ExecutorChannelManagerMap:95 [pool-16-thread-6] - Cannot connnect VM-110<->VM-122
 WARN 07-15 17:55:30,429 ExecutorChannelManagerMap:95 [pool-16-thread-6] - Cannot connnect VM-110<->VM-88
 WARN 07-15 17:55:30,429 ExecutorChannelManagerMap:95 [pool-16-thread-6] - Cannot connnect VM-110<->VM-121
 WARN 07-15 17:55:30,429 ExecutorChannelManagerMap:95 [pool-16-thread-6] - Cannot connnect VM-110<->VM-87
 WARN 07-15 17:55:30,429 ExecutorChannelManagerMap:95 [pool-16-thread-6] - Cannot connnect VM-110<->VM-120
 WARN 07-15 17:55:30,429 ExecutorChannelManagerMap:95 [pool-16-thread-6] - Cannot connnect VM-110<->VM-86
 WARN 07-15 17:55:30,429 ExecutorChannelManagerMap:95 [pool-16-thread-6] - Cannot connnect VM-110<->VM-85
 WARN 07-15 17:55:30,429 ExecutorChannelManagerMap:95 [pool-16-thread-6] - Cannot connnect VM-110<->VM-126
 WARN 07-15 17:55:30,429 ExecutorChannelManagerMap:95 [pool-16-thread-6] - Cannot connnect VM-110<->VM-84
 WARN 07-15 17:55:30,429 ExecutorChannelManagerMap:95 [pool-16-thread-6] - Cannot connnect VM-110<->VM-125
 WARN 07-15 17:55:30,429 ExecutorChannelManagerMap:95 [pool-16-thread-6] - Cannot connnect VM-110<->VM-83
 WARN 07-15 17:55:30,429 ExecutorChannelManagerMap:95 [pool-16-thread-6] - Cannot connnect VM-110<->VM-124
 WARN 07-15 17:55:30,429 ExecutorChannelManagerMap:95 [pool-16-thread-6] - Cannot connnect VM-110<->VM-82
 WARN 07-15 17:55:30,430 ExecutorChannelManagerMap:95 [pool-16-thread-6] - Cannot connnect VM-110<->VM-123
 WARN 07-15 17:55:30,430 ExecutorChannelManagerMap:95 [pool-16-thread-6] - Cannot connnect VM-110<->VM-81
 WARN 07-15 17:55:30,430 ExecutorChannelManagerMap:95 [pool-16-thread-6] - Cannot connnect VM-110<->VM-119
 WARN 07-15 17:55:30,430 ExecutorChannelManagerMap:95 [pool-16-thread-6] - Cannot connnect VM-110<->VM-80
 WARN 07-15 17:55:30,430 ExecutorChannelManagerMap:95 [pool-16-thread-6] - Cannot connnect VM-110<->VM-118
 WARN 07-15 17:55:30,430 ExecutorChannelManagerMap:95 [pool-16-thread-6] - Cannot connnect VM-110<->VM-117
 WARN 07-15 17:55:30,430 ExecutorChannelManagerMap:95 [pool-16-thread-6] - Cannot connnect VM-110<->VM-116
 WARN 07-15 17:55:30,430 ExecutorChannelManagerMap:95 [pool-16-thread-6] - Cannot connnect VM-110<->VM-19
 WARN 07-15 17:55:30,430 ExecutorChannelManagerMap:95 [pool-16-thread-6] - Cannot connnect VM-110<->VM-18
 WARN 07-15 17:55:30,430 ExecutorChannelManagerMap:95 [pool-16-thread-6] - Cannot connnect VM-110<->VM-17
 WARN 07-15 17:55:30,430 ExecutorChannelManagerMap:95 [pool-16-thread-6] - Cannot connnect VM-110<->VM-16
 WARN 07-15 17:55:30,430 ExecutorChannelManagerMap:95 [pool-16-thread-6] - Cannot connnect VM-110<->VM-15
 WARN 07-15 17:55:30,430 ExecutorChannelManagerMap:95 [pool-16-thread-6] - Cannot connnect VM-110<->VM-14
 WARN 07-15 17:55:30,430 ExecutorChannelManagerMap:95 [pool-16-thread-6] - Cannot connnect VM-110<->VM-13
 WARN 07-15 17:55:30,430 ExecutorChannelManagerMap:95 [pool-16-thread-6] - Cannot connnect VM-110<->VM-12
 WARN 07-15 17:55:30,430 ExecutorChannelManagerMap:95 [pool-16-thread-6] - Cannot connnect VM-110<->VM-133
 WARN 07-15 17:55:30,430 ExecutorChannelManagerMap:95 [pool-16-thread-6] - Cannot connnect VM-110<->VM-99
 WARN 07-15 17:55:30,430 ExecutorChannelManagerMap:95 [pool-16-thread-6] - Cannot connnect VM-110<->VM-11
 WARN 07-15 17:55:30,430 ExecutorChannelManagerMap:95 [pool-16-thread-6] - Cannot connnect VM-110<->VM-132
 WARN 07-15 17:55:30,430 ExecutorChannelManagerMap:95 [pool-16-thread-6] - Cannot connnect VM-110<->VM-98
 WARN 07-15 17:55:30,430 ExecutorChannelManagerMap:95 [pool-16-thread-6] - Cannot connnect VM-110<->VM-10
 WARN 07-15 17:55:30,430 ExecutorChannelManagerMap:95 [pool-16-thread-6] - Cannot connnect VM-110<->VM-131
 WARN 07-15 17:55:30,431 ExecutorChannelManagerMap:95 [pool-16-thread-6] - Cannot connnect VM-110<->VM-97
 WARN 07-15 17:55:30,431 ExecutorChannelManagerMap:95 [pool-16-thread-6] - Cannot connnect VM-110<->VM-130
 WARN 07-15 17:55:30,431 ExecutorChannelManagerMap:95 [pool-16-thread-6] - Cannot connnect VM-110<->VM-96
 WARN 07-15 17:55:30,431 ExecutorChannelManagerMap:95 [pool-16-thread-6] - Cannot connnect VM-110<->VM-137
 WARN 07-15 17:55:30,431 ExecutorChannelManagerMap:95 [pool-16-thread-6] - Cannot connnect VM-110<->VM-95
 WARN 07-15 17:55:30,431 ExecutorChannelManagerMap:95 [pool-16-thread-6] - Cannot connnect VM-110<->VM-136
 WARN 07-15 17:55:30,431 ExecutorChannelManagerMap:95 [pool-16-thread-6] - Cannot connnect VM-110<->VM-94
 WARN 07-15 17:55:30,431 ExecutorChannelManagerMap:95 [pool-16-thread-6] - Cannot connnect VM-110<->VM-135
 WARN 07-15 17:55:30,431 ExecutorChannelManagerMap:95 [pool-16-thread-6] - Cannot connnect VM-110<->VM-93
 WARN 07-15 17:55:30,431 ExecutorChannelManagerMap:95 [pool-16-thread-6] - Cannot connnect VM-110<->VM-134
 WARN 07-15 17:55:30,431 ExecutorChannelManagerMap:95 [pool-16-thread-6] - Cannot connnect VM-110<->VM-92
 WARN 07-15 17:55:30,431 ExecutorChannelManagerMap:95 [pool-16-thread-6] - Cannot connnect VM-110<->VM-91
 WARN 07-15 17:55:30,431 ExecutorChannelManagerMap:95 [pool-16-thread-6] - Cannot connnect VM-110<->VM-129
 WARN 07-15 17:55:30,431 ExecutorChannelManagerMap:95 [pool-16-thread-6] - Cannot connnect VM-110<->VM-90
 WARN 07-15 17:55:30,431 ExecutorChannelManagerMap:95 [pool-16-thread-6] - Cannot connnect VM-110<->VM-128
 WARN 07-15 17:55:30,431 ExecutorChannelManagerMap:95 [pool-16-thread-6] - Cannot connnect VM-110<->VM-127
 WARN 07-15 17:55:30,431 ExecutorChannelManagerMap:95 [pool-16-thread-6] - Cannot connnect VM-110<->VM-140
 WARN 07-15 17:55:30,431 ExecutorChannelManagerMap:95 [pool-16-thread-6] - Cannot connnect VM-110<->VM-69
 WARN 07-15 17:55:30,431 ExecutorChannelManagerMap:95 [pool-16-thread-6] - Cannot connnect VM-110<->VM-68
 WARN 07-15 17:55:30,431 ExecutorChannelManagerMap:95 [pool-16-thread-6] - Cannot connnect VM-110<->VM-67
 WARN 07-15 17:55:30,432 ExecutorChannelManagerMap:95 [pool-16-thread-6] - Cannot connnect VM-110<->VM-144
 WARN 07-15 17:55:30,432 ExecutorChannelManagerMap:95 [pool-16-thread-6] - Cannot connnect VM-110<->VM-66
 WARN 07-15 17:55:30,432 ExecutorChannelManagerMap:95 [pool-16-thread-6] - Cannot connnect VM-110<->VM-143
 WARN 07-15 17:55:30,432 ExecutorChannelManagerMap:95 [pool-16-thread-6] - Cannot connnect VM-110<->VM-65
 WARN 07-15 17:55:30,432 ExecutorChannelManagerMap:95 [pool-16-thread-6] - Cannot connnect VM-110<->VM-142
 WARN 07-15 17:55:30,432 ExecutorChannelManagerMap:95 [pool-16-thread-6] - Cannot connnect VM-110<->VM-64
 WARN 07-15 17:55:30,432 ExecutorChannelManagerMap:95 [pool-16-thread-6] - Cannot connnect VM-110<->VM-141
 WARN 07-15 17:55:30,432 ExecutorChannelManagerMap:95 [pool-16-thread-6] - Cannot connnect VM-110<->VM-63
 WARN 07-15 17:55:30,432 ExecutorChannelManagerMap:95 [pool-16-thread-6] - Cannot connnect VM-110<->VM-148
 WARN 07-15 17:55:30,432 ExecutorChannelManagerMap:95 [pool-16-thread-6] - Cannot connnect VM-110<->VM-62
 WARN 07-15 17:55:30,432 ExecutorChannelManagerMap:95 [pool-16-thread-5] - Cannot connnect VM-110<->VM-73
 WARN 07-15 17:55:30,432 ExecutorChannelManagerMap:95 [pool-16-thread-5] - Cannot connnect VM-110<->VM-158
 WARN 07-15 17:55:30,432 ExecutorChannelManagerMap:95 [pool-16-thread-5] - Cannot connnect VM-110<->VM-72
 WARN 07-15 17:55:30,432 ExecutorChannelManagerMap:95 [pool-16-thread-5] - Cannot connnect VM-110<->VM-157
 WARN 07-15 17:55:30,432 ExecutorChannelManagerMap:95 [pool-16-thread-5] - Cannot connnect VM-110<->VM-71
 WARN 07-15 17:55:30,432 ExecutorChannelManagerMap:95 [pool-16-thread-5] - Cannot connnect VM-110<->VM-156
 WARN 07-15 17:55:30,432 ExecutorChannelManagerMap:95 [pool-16-thread-5] - Cannot connnect VM-110<->VM-70
 WARN 07-15 17:55:30,432 ExecutorChannelManagerMap:95 [pool-16-thread-5] - Cannot connnect VM-110<->VM-149
 WARN 07-15 17:55:30,432 ExecutorChannelManagerMap:95 [pool-16-thread-5] - Cannot connnect VM-110<->VM-49
 WARN 07-15 17:55:30,432 ExecutorChannelManagerMap:95 [pool-16-thread-5] - Cannot connnect VM-110<->VM-48
 WARN 07-15 17:55:30,432 ExecutorChannelManagerMap:95 [pool-16-thread-5] - Cannot connnect VM-110<->VM-47
 WARN 07-15 17:55:30,433 ExecutorChannelManagerMap:95 [pool-16-thread-5] - Cannot connnect VM-110<->VM-160
 WARN 07-15 17:55:30,433 ExecutorChannelManagerMap:95 [pool-16-thread-5] - Cannot connnect VM-110<->VM-46
 WARN 07-15 17:55:30,433 ExecutorChannelManagerMap:95 [pool-16-thread-5] - Cannot connnect VM-110<->VM-45
 WARN 07-15 17:55:30,433 ExecutorChannelManagerMap:95 [pool-16-thread-5] - Cannot connnect VM-110<->VM-6
 WARN 07-15 17:55:30,433 ExecutorChannelManagerMap:95 [pool-16-thread-5] - Cannot connnect VM-110<->VM-44
 WARN 07-15 17:55:30,433 ExecutorChannelManagerMap:95 [pool-16-thread-5] - Cannot connnect VM-110<->VM-7
 WARN 07-15 17:55:30,433 ExecutorChannelManagerMap:95 [pool-16-thread-5] - Cannot connnect VM-110<->VM-43
 WARN 07-15 17:55:30,433 ExecutorChannelManagerMap:95 [pool-16-thread-5] - Cannot connnect VM-110<->VM-8
 WARN 07-15 17:55:30,433 ExecutorChannelManagerMap:95 [pool-16-thread-5] - Cannot connnect VM-110<->VM-42
 WARN 07-15 17:55:30,433 ExecutorChannelManagerMap:95 [pool-16-thread-5] - Cannot connnect VM-110<->VM-9
 WARN 07-15 17:55:30,433 ExecutorChannelManagerMap:95 [pool-16-thread-5] - Cannot connnect VM-110<->VM-41
 WARN 07-15 17:55:30,433 ExecutorChannelManagerMap:95 [pool-16-thread-5] - Cannot connnect VM-110<->VM-40
 WARN 07-15 17:55:30,433 ExecutorChannelManagerMap:95 [pool-16-thread-5] - Cannot connnect VM-110<->VM-59
 WARN 07-15 17:55:30,433 ExecutorChannelManagerMap:95 [pool-16-thread-5] - Cannot connnect VM-110<->VM-58
 WARN 07-15 17:55:30,433 ExecutorChannelManagerMap:95 [pool-16-thread-5] - Cannot connnect VM-110<->VM-57
 WARN 07-15 17:55:30,433 ExecutorChannelManagerMap:95 [pool-16-thread-5] - Cannot connnect VM-110<->VM-56
 WARN 07-15 17:55:30,433 ExecutorChannelManagerMap:95 [pool-16-thread-5] - Cannot connnect VM-110<->VM-55
 WARN 07-15 17:55:30,433 ExecutorChannelManagerMap:95 [pool-16-thread-5] - Cannot connnect VM-110<->VM-54
 WARN 07-15 17:55:30,433 ExecutorChannelManagerMap:95 [pool-16-thread-5] - Cannot connnect VM-110<->VM-53
 WARN 07-15 17:55:30,434 ExecutorChannelManagerMap:95 [pool-16-thread-5] - Cannot connnect VM-110<->VM-52
 WARN 07-15 17:55:30,434 ExecutorChannelManagerMap:95 [pool-16-thread-5] - Cannot connnect VM-110<->VM-51
 WARN 07-15 17:55:30,434 ExecutorChannelManagerMap:95 [pool-16-thread-5] - Cannot connnect VM-110<->VM-50
 WARN 07-15 17:55:30,434 ExecutorChannelManagerMap:95 [pool-16-thread-5] - Cannot connnect VM-110<->VM-1
 WARN 07-15 17:55:30,434 ExecutorChannelManagerMap:95 [pool-16-thread-5] - Cannot connnect VM-110<->VM-2
 WARN 07-15 17:55:30,434 ExecutorChannelManagerMap:95 [pool-16-thread-5] - Cannot connnect VM-110<->VM-3
 WARN 07-15 17:55:30,434 ExecutorChannelManagerMap:95 [pool-16-thread-5] - Cannot connnect VM-110<->VM-4
 WARN 07-15 17:55:30,434 ExecutorChannelManagerMap:95 [pool-16-thread-5] - Cannot connnect VM-110<->VM-5
 WARN 07-15 17:55:30,434 ExecutorChannelManagerMap:95 [pool-16-thread-5] - Cannot connnect VM-110<->VM-29
 WARN 07-15 17:55:30,434 ExecutorChannelManagerMap:95 [pool-16-thread-5] - Cannot connnect VM-110<->VM-28
 WARN 07-15 17:55:30,434 ExecutorChannelManagerMap:95 [pool-16-thread-5] - Cannot connnect VM-110<->VM-27
 WARN 07-15 17:55:30,434 ExecutorChannelManagerMap:95 [pool-16-thread-5] - Cannot connnect VM-110<->VM-26
 WARN 07-15 17:55:30,434 ExecutorChannelManagerMap:95 [pool-16-thread-5] - Cannot connnect VM-110<->VM-25
 WARN 07-15 17:55:30,434 ExecutorChannelManagerMap:95 [pool-16-thread-5] - Cannot connnect VM-110<->VM-24
 WARN 07-15 17:55:30,434 ExecutorChannelManagerMap:95 [pool-16-thread-5] - Cannot connnect VM-110<->VM-100
 WARN 07-15 17:55:30,434 ExecutorChannelManagerMap:95 [pool-16-thread-5] - Cannot connnect VM-110<->VM-23
 WARN 07-15 17:55:30,434 ExecutorChannelManagerMap:95 [pool-16-thread-5] - Cannot connnect VM-110<->VM-22
 WARN 07-15 17:55:30,434 ExecutorChannelManagerMap:106 [pool-16-thread-5] - Executor Executor4 already registered
 WARN 07-15 17:55:30,434 ExecutorChannelManagerMap:95 [pool-16-thread-5] - Cannot connnect VM-110<->VM-21
 WARN 07-15 17:55:30,434 ExecutorChannelManagerMap:106 [pool-16-thread-5] - Executor Executor3 already registered
 WARN 07-15 17:55:30,434 ExecutorChannelManagerMap:95 [pool-16-thread-5] - Cannot connnect VM-110<->VM-20
 WARN 07-15 17:55:30,434 ExecutorChannelManagerMap:95 [pool-16-thread-5] - Cannot connnect VM-110<->VM-103
 WARN 07-15 17:55:30,435 ExecutorChannelManagerMap:95 [pool-16-thread-5] - Cannot connnect VM-110<->VM-101
 WARN 07-15 17:55:30,435 ExecutorChannelManagerMap:95 [pool-16-thread-5] - Cannot connnect VM-110<->VM-39
 WARN 07-15 17:55:30,435 ExecutorChannelManagerMap:95 [pool-16-thread-5] - Cannot connnect VM-110<->VM-38
 WARN 07-15 17:55:30,435 ExecutorChannelManagerMap:95 [pool-16-thread-5] - Cannot connnect VM-110<->VM-37
 WARN 07-15 17:55:30,435 ExecutorChannelManagerMap:95 [pool-16-thread-5] - Cannot connnect VM-110<->VM-36
 WARN 07-15 17:55:30,435 ExecutorChannelManagerMap:95 [pool-16-thread-5] - Cannot connnect VM-110<->VM-35
 WARN 07-15 17:55:30,435 ExecutorChannelManagerMap:95 [pool-16-thread-5] - Cannot connnect VM-110<->VM-34
 WARN 07-15 17:55:30,435 ExecutorChannelManagerMap:95 [pool-16-thread-5] - Cannot connnect VM-110<->VM-111
 WARN 07-15 17:55:30,435 ExecutorChannelManagerMap:95 [pool-16-thread-5] - Cannot connnect VM-110<->VM-33
 WARN 07-15 17:55:30,435 ExecutorChannelManagerMap:95 [pool-16-thread-5] - Cannot connnect VM-110<->VM-32
 WARN 07-15 17:55:30,435 ExecutorChannelManagerMap:95 [pool-16-thread-5] - Cannot connnect VM-110<->VM-31
 WARN 07-15 17:55:30,435 ExecutorChannelManagerMap:95 [pool-16-thread-5] - Cannot connnect VM-110<->VM-30
 WARN 07-15 17:55:30,435 ExecutorChannelManagerMap:95 [pool-16-thread-5] - Cannot connnect VM-110<->VM-115
 WARN 07-15 17:55:30,435 ExecutorChannelManagerMap:95 [pool-16-thread-5] - Cannot connnect VM-110<->VM-114
 WARN 07-15 17:55:30,435 ExecutorChannelManagerMap:95 [pool-16-thread-5] - Cannot connnect VM-110<->VM-113
 WARN 07-15 17:55:30,435 ExecutorChannelManagerMap:95 [pool-16-thread-5] - Cannot connnect VM-110<->VM-112
 WARN 07-15 17:55:30,435 ExecutorChannelManagerMap:95 [pool-16-thread-5] - Cannot connnect VM-110<->VM-108
 WARN 07-15 17:55:30,435 ExecutorChannelManagerMap:95 [pool-16-thread-5] - Cannot connnect VM-110<->VM-107
 WARN 07-15 17:55:30,435 ExecutorChannelManagerMap:95 [pool-16-thread-5] - Cannot connnect VM-110<->VM-106
 WARN 07-15 17:55:30,435 ExecutorChannelManagerMap:95 [pool-16-thread-5] - Cannot connnect VM-110<->VM-105
 WARN 07-15 17:55:30,435 ExecutorChannelManagerMap:106 [pool-16-thread-5] - Executor Executor2 already registered
 WARN 07-15 17:55:30,435 ExecutorChannelManagerMap:106 [pool-16-thread-5] - Executor Executor1 already registered
 WARN 07-15 17:55:30,436 ExecutorChannelManagerMap:106 [pool-16-thread-5] - Executor Executor0 already registered
 WARN 07-15 17:55:30,436 ExecutorChannelManagerMap:95 [pool-16-thread-5] - Cannot connnect VM-110<->VM-109
 WARN 07-15 17:55:30,436 ExecutorChannelManagerMap:95 [pool-16-thread-1] - Cannot connnect VM-110<->VM-65
 WARN 07-15 17:55:30,436 ExecutorChannelManagerMap:95 [pool-16-thread-1] - Cannot connnect VM-110<->VM-142
 WARN 07-15 17:55:30,436 ExecutorChannelManagerMap:95 [pool-16-thread-1] - Cannot connnect VM-110<->VM-64
 WARN 07-15 17:55:30,436 ExecutorChannelManagerMap:95 [pool-16-thread-1] - Cannot connnect VM-110<->VM-141
 WARN 07-15 17:55:30,436 ExecutorChannelManagerMap:95 [pool-16-thread-1] - Cannot connnect VM-110<->VM-63
 WARN 07-15 17:55:30,436 ExecutorChannelManagerMap:95 [pool-16-thread-1] - Cannot connnect VM-110<->VM-148
 WARN 07-15 17:55:30,436 ExecutorChannelManagerMap:95 [pool-16-thread-1] - Cannot connnect VM-110<->VM-62
 WARN 07-15 17:55:30,436 ExecutorChannelManagerMap:95 [pool-16-thread-1] - Cannot connnect VM-110<->VM-147
 WARN 07-15 17:55:30,436 ExecutorChannelManagerMap:95 [pool-16-thread-1] - Cannot connnect VM-110<->VM-61
 WARN 07-15 17:55:30,436 ExecutorChannelManagerMap:95 [pool-16-thread-1] - Cannot connnect VM-110<->VM-146
 WARN 07-15 17:55:30,436 ExecutorChannelManagerMap:95 [pool-16-thread-1] - Cannot connnect VM-110<->VM-60
 WARN 07-15 17:55:30,436 ExecutorChannelManagerMap:95 [pool-16-thread-1] - Cannot connnect VM-110<->VM-145
 WARN 07-15 17:55:30,436 ExecutorChannelManagerMap:95 [pool-16-thread-1] - Cannot connnect VM-110<->VM-139
 WARN 07-15 17:55:30,436 ExecutorChannelManagerMap:95 [pool-16-thread-1] - Cannot connnect VM-110<->VM-138
 WARN 07-15 17:55:30,436 ExecutorChannelManagerMap:95 [pool-16-thread-1] - Cannot connnect VM-110<->VM-151
 WARN 07-15 17:55:30,436 ExecutorChannelManagerMap:95 [pool-16-thread-1] - Cannot connnect VM-110<->VM-150
 WARN 07-15 17:55:30,436 ExecutorChannelManagerMap:95 [pool-16-thread-1] - Cannot connnect VM-110<->VM-79
 WARN 07-15 17:55:30,436 ExecutorChannelManagerMap:95 [pool-16-thread-1] - Cannot connnect VM-110<->VM-78
 WARN 07-15 17:55:30,436 ExecutorChannelManagerMap:95 [pool-16-thread-1] - Cannot connnect VM-110<->VM-155
 WARN 07-15 17:55:30,436 ExecutorChannelManagerMap:95 [pool-16-thread-1] - Cannot connnect VM-110<->VM-77
 WARN 07-15 17:55:30,437 ExecutorChannelManagerMap:95 [pool-16-thread-1] - Cannot connnect VM-110<->VM-154
 WARN 07-15 17:55:30,437 ExecutorChannelManagerMap:95 [pool-16-thread-1] - Cannot connnect VM-110<->VM-76
 WARN 07-15 17:55:30,437 ExecutorChannelManagerMap:95 [pool-16-thread-1] - Cannot connnect VM-110<->VM-153
 WARN 07-15 17:55:30,437 ExecutorChannelManagerMap:95 [pool-16-thread-1] - Cannot connnect VM-110<->VM-75
 WARN 07-15 17:55:30,437 ExecutorChannelManagerMap:95 [pool-16-thread-1] - Cannot connnect VM-110<->VM-152
 WARN 07-15 17:55:30,437 ExecutorChannelManagerMap:95 [pool-16-thread-1] - Cannot connnect VM-110<->VM-74
 WARN 07-15 17:55:30,437 ExecutorChannelManagerMap:95 [pool-16-thread-1] - Cannot connnect VM-110<->VM-159
 WARN 07-15 17:55:30,437 ExecutorChannelManagerMap:95 [pool-16-thread-1] - Cannot connnect VM-110<->VM-73
 WARN 07-15 17:55:30,437 ExecutorChannelManagerMap:95 [pool-16-thread-1] - Cannot connnect VM-110<->VM-158
 WARN 07-15 17:55:30,437 ExecutorChannelManagerMap:95 [pool-16-thread-1] - Cannot connnect VM-110<->VM-72
 WARN 07-15 17:55:30,437 ExecutorChannelManagerMap:95 [pool-16-thread-1] - Cannot connnect VM-110<->VM-157
 WARN 07-15 17:55:30,437 ExecutorChannelManagerMap:95 [pool-16-thread-1] - Cannot connnect VM-110<->VM-71
 WARN 07-15 17:55:30,437 ExecutorChannelManagerMap:95 [pool-16-thread-1] - Cannot connnect VM-110<->VM-156
 WARN 07-15 17:55:30,437 ExecutorChannelManagerMap:95 [pool-16-thread-1] - Cannot connnect VM-110<->VM-70
 WARN 07-15 17:55:30,437 ExecutorChannelManagerMap:95 [pool-16-thread-1] - Cannot connnect VM-110<->VM-149
 WARN 07-15 17:55:30,437 ExecutorChannelManagerMap:95 [pool-16-thread-1] - Cannot connnect VM-110<->VM-49
 WARN 07-15 17:55:30,437 ExecutorChannelManagerMap:95 [pool-16-thread-1] - Cannot connnect VM-110<->VM-48
 WARN 07-15 17:55:30,437 ExecutorChannelManagerMap:95 [pool-16-thread-1] - Cannot connnect VM-110<->VM-47
 WARN 07-15 17:55:30,437 ExecutorChannelManagerMap:95 [pool-16-thread-1] - Cannot connnect VM-110<->VM-160
 WARN 07-15 17:55:30,437 ExecutorChannelManagerMap:95 [pool-16-thread-1] - Cannot connnect VM-110<->VM-46
 WARN 07-15 17:55:30,437 ExecutorChannelManagerMap:95 [pool-16-thread-1] - Cannot connnect VM-110<->VM-45
 WARN 07-15 17:55:30,437 ExecutorChannelManagerMap:95 [pool-16-thread-1] - Cannot connnect VM-110<->VM-6
 WARN 07-15 17:55:30,437 ExecutorChannelManagerMap:95 [pool-16-thread-1] - Cannot connnect VM-110<->VM-44
 WARN 07-15 17:55:30,438 ExecutorChannelManagerMap:95 [pool-16-thread-1] - Cannot connnect VM-110<->VM-7
 WARN 07-15 17:55:30,438 ExecutorChannelManagerMap:95 [pool-16-thread-1] - Cannot connnect VM-110<->VM-43
 WARN 07-15 17:55:30,438 ExecutorChannelManagerMap:95 [pool-16-thread-1] - Cannot connnect VM-110<->VM-8
 WARN 07-15 17:55:30,438 ExecutorChannelManagerMap:95 [pool-16-thread-1] - Cannot connnect VM-110<->VM-42
 WARN 07-15 17:55:30,438 ExecutorChannelManagerMap:95 [pool-16-thread-1] - Cannot connnect VM-110<->VM-9
 WARN 07-15 17:55:30,438 ExecutorChannelManagerMap:95 [pool-16-thread-1] - Cannot connnect VM-110<->VM-41
 WARN 07-15 17:55:30,438 ExecutorChannelManagerMap:95 [pool-16-thread-1] - Cannot connnect VM-110<->VM-40
 WARN 07-15 17:55:30,438 ExecutorChannelManagerMap:95 [pool-16-thread-1] - Cannot connnect VM-110<->VM-59
 WARN 07-15 17:55:30,438 ExecutorChannelManagerMap:95 [pool-16-thread-1] - Cannot connnect VM-110<->VM-58
 WARN 07-15 17:55:30,438 ExecutorChannelManagerMap:95 [pool-16-thread-1] - Cannot connnect VM-110<->VM-57
 WARN 07-15 17:55:30,438 ExecutorChannelManagerMap:95 [pool-16-thread-1] - Cannot connnect VM-110<->VM-56
 WARN 07-15 17:55:30,438 ExecutorChannelManagerMap:95 [pool-16-thread-1] - Cannot connnect VM-110<->VM-55
 WARN 07-15 17:55:30,438 ExecutorChannelManagerMap:95 [pool-16-thread-1] - Cannot connnect VM-110<->VM-54
 WARN 07-15 17:55:30,438 ExecutorChannelManagerMap:95 [pool-16-thread-1] - Cannot connnect VM-110<->VM-53
 WARN 07-15 17:55:30,438 ExecutorChannelManagerMap:95 [pool-16-thread-1] - Cannot connnect VM-110<->VM-52
 WARN 07-15 17:55:30,438 ExecutorChannelManagerMap:95 [pool-16-thread-1] - Cannot connnect VM-110<->VM-51
 WARN 07-15 17:55:30,438 ExecutorChannelManagerMap:95 [pool-16-thread-1] - Cannot connnect VM-110<->VM-50
 WARN 07-15 17:55:30,438 ExecutorChannelManagerMap:95 [pool-16-thread-1] - Cannot connnect VM-110<->VM-1
 WARN 07-15 17:55:30,438 ExecutorChannelManagerMap:95 [pool-16-thread-1] - Cannot connnect VM-110<->VM-2
 WARN 07-15 17:55:30,438 ExecutorChannelManagerMap:95 [pool-16-thread-1] - Cannot connnect VM-110<->VM-3
 WARN 07-15 17:55:30,438 ExecutorChannelManagerMap:95 [pool-16-thread-1] - Cannot connnect VM-110<->VM-4
 WARN 07-15 17:55:30,438 ExecutorChannelManagerMap:95 [pool-16-thread-1] - Cannot connnect VM-110<->VM-5
 WARN 07-15 17:55:30,438 ExecutorChannelManagerMap:95 [pool-16-thread-1] - Cannot connnect VM-110<->VM-29
 WARN 07-15 17:55:30,438 ExecutorChannelManagerMap:95 [pool-16-thread-1] - Cannot connnect VM-110<->VM-28
 WARN 07-15 17:55:30,439 ExecutorChannelManagerMap:95 [pool-16-thread-1] - Cannot connnect VM-110<->VM-27
 WARN 07-15 17:55:30,439 ExecutorChannelManagerMap:95 [pool-16-thread-1] - Cannot connnect VM-110<->VM-26
 WARN 07-15 17:55:30,439 ExecutorChannelManagerMap:95 [pool-16-thread-1] - Cannot connnect VM-110<->VM-25
 WARN 07-15 17:55:30,439 ExecutorChannelManagerMap:95 [pool-16-thread-1] - Cannot connnect VM-110<->VM-24
 WARN 07-15 17:55:30,439 ExecutorChannelManagerMap:95 [pool-16-thread-1] - Cannot connnect VM-110<->VM-100
 WARN 07-15 17:55:30,439 ExecutorChannelManagerMap:95 [pool-16-thread-1] - Cannot connnect VM-110<->VM-23
 WARN 07-15 17:55:30,439 ExecutorChannelManagerMap:95 [pool-16-thread-1] - Cannot connnect VM-110<->VM-22
 WARN 07-15 17:55:30,439 ExecutorChannelManagerMap:106 [pool-16-thread-1] - Executor Executor4 already registered
 WARN 07-15 17:55:30,439 ExecutorChannelManagerMap:95 [pool-16-thread-1] - Cannot connnect VM-110<->VM-21
 WARN 07-15 17:55:30,439 ExecutorChannelManagerMap:106 [pool-16-thread-1] - Executor Executor3 already registered
 WARN 07-15 17:55:30,439 ExecutorChannelManagerMap:95 [pool-16-thread-1] - Cannot connnect VM-110<->VM-20
 WARN 07-15 17:55:30,439 ExecutorChannelManagerMap:95 [pool-16-thread-1] - Cannot connnect VM-110<->VM-101
 WARN 07-15 17:55:30,439 ExecutorChannelManagerMap:95 [pool-16-thread-1] - Cannot connnect VM-110<->VM-39
 WARN 07-15 17:55:30,439 ExecutorChannelManagerMap:95 [pool-16-thread-1] - Cannot connnect VM-110<->VM-38
 WARN 07-15 17:55:30,439 ExecutorChannelManagerMap:95 [pool-16-thread-1] - Cannot connnect VM-110<->VM-37
 WARN 07-15 17:55:30,439 ExecutorChannelManagerMap:95 [pool-16-thread-1] - Cannot connnect VM-110<->VM-36
 WARN 07-15 17:55:30,439 ExecutorChannelManagerMap:95 [pool-16-thread-1] - Cannot connnect VM-110<->VM-35
 WARN 07-15 17:55:30,439 ExecutorChannelManagerMap:95 [pool-16-thread-1] - Cannot connnect VM-110<->VM-34
 WARN 07-15 17:55:30,439 ExecutorChannelManagerMap:95 [pool-16-thread-1] - Cannot connnect VM-110<->VM-111
 WARN 07-15 17:55:30,439 ExecutorChannelManagerMap:95 [pool-16-thread-1] - Cannot connnect VM-110<->VM-33
 WARN 07-15 17:55:30,439 ExecutorChannelManagerMap:95 [pool-16-thread-1] - Cannot connnect VM-110<->VM-32
 WARN 07-15 17:55:30,439 ExecutorChannelManagerMap:95 [pool-16-thread-1] - Cannot connnect VM-110<->VM-31
 WARN 07-15 17:55:30,439 ExecutorChannelManagerMap:95 [pool-16-thread-1] - Cannot connnect VM-110<->VM-30
 WARN 07-15 17:55:30,440 ExecutorChannelManagerMap:95 [pool-16-thread-1] - Cannot connnect VM-110<->VM-115
 WARN 07-15 17:55:30,440 ExecutorChannelManagerMap:95 [pool-16-thread-1] - Cannot connnect VM-110<->VM-114
 WARN 07-15 17:55:30,440 ExecutorChannelManagerMap:95 [pool-16-thread-1] - Cannot connnect VM-110<->VM-113
 WARN 07-15 17:55:30,440 ExecutorChannelManagerMap:95 [pool-16-thread-1] - Cannot connnect VM-110<->VM-112
 WARN 07-15 17:55:30,440 ExecutorChannelManagerMap:106 [pool-16-thread-1] - Executor Executor2 already registered
 WARN 07-15 17:55:30,440 ExecutorChannelManagerMap:106 [pool-16-thread-1] - Executor Executor1 already registered
 WARN 07-15 17:55:30,440 ExecutorChannelManagerMap:106 [pool-16-thread-1] - Executor Executor0 already registered
 WARN 07-15 17:55:30,440 ExecutorChannelManagerMap:95 [pool-16-thread-4] - Cannot connnect VM-110<->VM-34
 WARN 07-15 17:55:30,440 ExecutorChannelManagerMap:95 [pool-16-thread-4] - Cannot connnect VM-110<->VM-111
 WARN 07-15 17:55:30,440 ExecutorChannelManagerMap:95 [pool-16-thread-4] - Cannot connnect VM-110<->VM-33
 WARN 07-15 17:55:30,440 ExecutorChannelManagerMap:95 [pool-16-thread-4] - Cannot connnect VM-110<->VM-32
 WARN 07-15 17:55:30,440 ExecutorChannelManagerMap:95 [pool-16-thread-4] - Cannot connnect VM-110<->VM-31
 WARN 07-15 17:55:30,440 ExecutorChannelManagerMap:95 [pool-16-thread-4] - Cannot connnect VM-110<->VM-30
 WARN 07-15 17:55:30,440 ExecutorChannelManagerMap:95 [pool-16-thread-4] - Cannot connnect VM-110<->VM-115
 WARN 07-15 17:55:30,440 ExecutorChannelManagerMap:95 [pool-16-thread-4] - Cannot connnect VM-110<->VM-114
 WARN 07-15 17:55:30,440 ExecutorChannelManagerMap:95 [pool-16-thread-4] - Cannot connnect VM-110<->VM-113
 WARN 07-15 17:55:30,440 ExecutorChannelManagerMap:95 [pool-16-thread-4] - Cannot connnect VM-110<->VM-112
 WARN 07-15 17:55:30,440 ExecutorChannelManagerMap:95 [pool-16-thread-4] - Cannot connnect VM-110<->VM-108
 WARN 07-15 17:55:30,440 ExecutorChannelManagerMap:95 [pool-16-thread-4] - Cannot connnect VM-110<->VM-107
 WARN 07-15 17:55:30,440 ExecutorChannelManagerMap:106 [pool-16-thread-4] - Executor Executor2 already registered
 WARN 07-15 17:55:30,440 ExecutorChannelManagerMap:106 [pool-16-thread-4] - Executor Executor1 already registered
 WARN 07-15 17:55:30,440 ExecutorChannelManagerMap:106 [pool-16-thread-4] - Executor Executor0 already registered
 WARN 07-15 17:55:30,441 ExecutorChannelManagerMap:95 [pool-16-thread-4] - Cannot connnect VM-110<->VM-109
 WARN 07-15 17:55:30,441 ExecutorChannelManagerMap:95 [pool-16-thread-6] - Cannot connnect VM-110<->VM-147
 WARN 07-15 17:55:30,441 ExecutorChannelManagerMap:95 [pool-16-thread-6] - Cannot connnect VM-110<->VM-61
 WARN 07-15 17:55:30,441 ExecutorChannelManagerMap:95 [pool-16-thread-6] - Cannot connnect VM-110<->VM-146
 WARN 07-15 17:55:30,441 ExecutorChannelManagerMap:95 [pool-16-thread-6] - Cannot connnect VM-110<->VM-60
 WARN 07-15 17:55:30,441 ExecutorChannelManagerMap:95 [pool-16-thread-6] - Cannot connnect VM-110<->VM-145
 WARN 07-15 17:55:30,441 ExecutorChannelManagerMap:95 [pool-16-thread-6] - Cannot connnect VM-110<->VM-139
 WARN 07-15 17:55:30,441 ExecutorChannelManagerMap:95 [pool-16-thread-6] - Cannot connnect VM-110<->VM-138
 WARN 07-15 17:55:30,441 ExecutorChannelManagerMap:95 [pool-16-thread-6] - Cannot connnect VM-110<->VM-151
 WARN 07-15 17:55:30,441 ExecutorChannelManagerMap:95 [pool-16-thread-6] - Cannot connnect VM-110<->VM-150
 WARN 07-15 17:55:30,441 ExecutorChannelManagerMap:95 [pool-16-thread-6] - Cannot connnect VM-110<->VM-79
 WARN 07-15 17:55:30,441 ExecutorChannelManagerMap:95 [pool-16-thread-6] - Cannot connnect VM-110<->VM-78
 WARN 07-15 17:55:30,441 ExecutorChannelManagerMap:95 [pool-16-thread-6] - Cannot connnect VM-110<->VM-155
 WARN 07-15 17:55:30,441 ExecutorChannelManagerMap:95 [pool-16-thread-6] - Cannot connnect VM-110<->VM-77
 WARN 07-15 17:55:30,441 ExecutorChannelManagerMap:95 [pool-16-thread-6] - Cannot connnect VM-110<->VM-154
 WARN 07-15 17:55:30,441 ExecutorChannelManagerMap:95 [pool-16-thread-6] - Cannot connnect VM-110<->VM-76
 WARN 07-15 17:55:30,441 ExecutorChannelManagerMap:95 [pool-16-thread-6] - Cannot connnect VM-110<->VM-153
 WARN 07-15 17:55:30,441 ExecutorChannelManagerMap:95 [pool-16-thread-6] - Cannot connnect VM-110<->VM-75
 WARN 07-15 17:55:30,441 ExecutorChannelManagerMap:95 [pool-16-thread-6] - Cannot connnect VM-110<->VM-152
 WARN 07-15 17:55:30,441 ExecutorChannelManagerMap:95 [pool-16-thread-6] - Cannot connnect VM-110<->VM-74
 WARN 07-15 17:55:30,441 ExecutorChannelManagerMap:95 [pool-16-thread-6] - Cannot connnect VM-110<->VM-159
 WARN 07-15 17:55:30,441 ExecutorChannelManagerMap:95 [pool-16-thread-6] - Cannot connnect VM-110<->VM-73
 WARN 07-15 17:55:30,442 ExecutorChannelManagerMap:95 [pool-16-thread-6] - Cannot connnect VM-110<->VM-158
 WARN 07-15 17:55:30,442 ExecutorChannelManagerMap:95 [pool-16-thread-6] - Cannot connnect VM-110<->VM-72
 WARN 07-15 17:55:30,442 ExecutorChannelManagerMap:95 [pool-16-thread-6] - Cannot connnect VM-110<->VM-157
 WARN 07-15 17:55:30,442 ExecutorChannelManagerMap:95 [pool-16-thread-6] - Cannot connnect VM-110<->VM-71
 WARN 07-15 17:55:30,442 ExecutorChannelManagerMap:95 [pool-16-thread-6] - Cannot connnect VM-110<->VM-156
 WARN 07-15 17:55:30,442 ExecutorChannelManagerMap:95 [pool-16-thread-6] - Cannot connnect VM-110<->VM-70
 WARN 07-15 17:55:30,442 ExecutorChannelManagerMap:95 [pool-16-thread-6] - Cannot connnect VM-110<->VM-149
 WARN 07-15 17:55:30,442 ExecutorChannelManagerMap:95 [pool-16-thread-6] - Cannot connnect VM-110<->VM-49
 WARN 07-15 17:55:30,442 ExecutorChannelManagerMap:95 [pool-16-thread-6] - Cannot connnect VM-110<->VM-48
 WARN 07-15 17:55:30,442 ExecutorChannelManagerMap:95 [pool-16-thread-6] - Cannot connnect VM-110<->VM-47
 WARN 07-15 17:55:30,442 ExecutorChannelManagerMap:95 [pool-16-thread-6] - Cannot connnect VM-110<->VM-160
 WARN 07-15 17:55:30,442 ExecutorChannelManagerMap:95 [pool-16-thread-6] - Cannot connnect VM-110<->VM-46
 WARN 07-15 17:55:30,442 ExecutorChannelManagerMap:95 [pool-16-thread-6] - Cannot connnect VM-110<->VM-45
 WARN 07-15 17:55:30,442 ExecutorChannelManagerMap:95 [pool-16-thread-6] - Cannot connnect VM-110<->VM-6
 WARN 07-15 17:55:30,442 ExecutorChannelManagerMap:95 [pool-16-thread-6] - Cannot connnect VM-110<->VM-44
 WARN 07-15 17:55:30,442 ExecutorChannelManagerMap:95 [pool-16-thread-6] - Cannot connnect VM-110<->VM-7
 WARN 07-15 17:55:30,442 ExecutorChannelManagerMap:95 [pool-16-thread-6] - Cannot connnect VM-110<->VM-43
 WARN 07-15 17:55:30,442 ExecutorChannelManagerMap:95 [pool-16-thread-6] - Cannot connnect VM-110<->VM-8
 WARN 07-15 17:55:30,442 ExecutorChannelManagerMap:95 [pool-16-thread-6] - Cannot connnect VM-110<->VM-42
 WARN 07-15 17:55:30,442 ExecutorChannelManagerMap:95 [pool-16-thread-6] - Cannot connnect VM-110<->VM-9
 WARN 07-15 17:55:30,442 ExecutorChannelManagerMap:95 [pool-16-thread-6] - Cannot connnect VM-110<->VM-41
 WARN 07-15 17:55:30,442 ExecutorChannelManagerMap:95 [pool-16-thread-6] - Cannot connnect VM-110<->VM-40
 WARN 07-15 17:55:30,443 ExecutorChannelManagerMap:95 [pool-16-thread-6] - Cannot connnect VM-110<->VM-59
 WARN 07-15 17:55:30,443 ExecutorChannelManagerMap:95 [pool-16-thread-6] - Cannot connnect VM-110<->VM-58
 WARN 07-15 17:55:30,443 ExecutorChannelManagerMap:95 [pool-16-thread-6] - Cannot connnect VM-110<->VM-57
 WARN 07-15 17:55:30,443 ExecutorChannelManagerMap:95 [pool-16-thread-6] - Cannot connnect VM-110<->VM-56
 WARN 07-15 17:55:30,443 ExecutorChannelManagerMap:95 [pool-16-thread-6] - Cannot connnect VM-110<->VM-55
 WARN 07-15 17:55:30,443 ExecutorChannelManagerMap:95 [pool-16-thread-6] - Cannot connnect VM-110<->VM-54
 WARN 07-15 17:55:30,443 ExecutorChannelManagerMap:95 [pool-16-thread-6] - Cannot connnect VM-110<->VM-53
 WARN 07-15 17:55:30,443 ExecutorChannelManagerMap:95 [pool-16-thread-6] - Cannot connnect VM-110<->VM-52
 WARN 07-15 17:55:30,443 ExecutorChannelManagerMap:95 [pool-16-thread-6] - Cannot connnect VM-110<->VM-51
 WARN 07-15 17:55:30,443 ExecutorChannelManagerMap:95 [pool-16-thread-6] - Cannot connnect VM-110<->VM-50
 WARN 07-15 17:55:30,443 ExecutorChannelManagerMap:95 [pool-16-thread-6] - Cannot connnect VM-110<->VM-1
 WARN 07-15 17:55:30,443 ExecutorChannelManagerMap:95 [pool-16-thread-6] - Cannot connnect VM-110<->VM-2
 WARN 07-15 17:55:30,443 ExecutorChannelManagerMap:95 [pool-16-thread-6] - Cannot connnect VM-110<->VM-3
 WARN 07-15 17:55:30,443 ExecutorChannelManagerMap:95 [pool-16-thread-6] - Cannot connnect VM-110<->VM-4
 WARN 07-15 17:55:30,443 ExecutorChannelManagerMap:95 [pool-16-thread-6] - Cannot connnect VM-110<->VM-5
 WARN 07-15 17:55:30,443 ExecutorChannelManagerMap:95 [pool-16-thread-6] - Cannot connnect VM-110<->VM-29
 WARN 07-15 17:55:30,443 ExecutorChannelManagerMap:95 [pool-16-thread-6] - Cannot connnect VM-110<->VM-28
 WARN 07-15 17:55:30,443 ExecutorChannelManagerMap:95 [pool-16-thread-6] - Cannot connnect VM-110<->VM-27
 WARN 07-15 17:55:30,443 ExecutorChannelManagerMap:95 [pool-16-thread-6] - Cannot connnect VM-110<->VM-26
 WARN 07-15 17:55:30,443 ExecutorChannelManagerMap:95 [pool-16-thread-6] - Cannot connnect VM-110<->VM-25
 WARN 07-15 17:55:30,443 ExecutorChannelManagerMap:95 [pool-16-thread-6] - Cannot connnect VM-110<->VM-24
 WARN 07-15 17:55:30,443 ExecutorChannelManagerMap:95 [pool-16-thread-6] - Cannot connnect VM-110<->VM-100
 WARN 07-15 17:55:30,443 ExecutorChannelManagerMap:95 [pool-16-thread-6] - Cannot connnect VM-110<->VM-23
 WARN 07-15 17:55:30,444 ExecutorChannelManagerMap:95 [pool-16-thread-6] - Cannot connnect VM-110<->VM-22
 WARN 07-15 17:55:30,445 ExecutorChannelManagerMap:106 [pool-16-thread-6] - Executor Executor4 already registered
 WARN 07-15 17:55:30,445 ExecutorChannelManagerMap:95 [pool-16-thread-6] - Cannot connnect VM-110<->VM-21
 WARN 07-15 17:55:30,445 ExecutorChannelManagerMap:106 [pool-16-thread-6] - Executor Executor3 already registered
 WARN 07-15 17:55:30,445 ExecutorChannelManagerMap:95 [pool-16-thread-6] - Cannot connnect VM-110<->VM-20
 WARN 07-15 17:55:30,445 ExecutorChannelManagerMap:95 [pool-16-thread-6] - Cannot connnect VM-110<->VM-101
 WARN 07-15 17:55:30,445 ExecutorChannelManagerMap:95 [pool-16-thread-6] - Cannot connnect VM-110<->VM-39
 WARN 07-15 17:55:30,445 ExecutorChannelManagerMap:95 [pool-16-thread-6] - Cannot connnect VM-110<->VM-38
 WARN 07-15 17:55:30,445 ExecutorChannelManagerMap:95 [pool-16-thread-6] - Cannot connnect VM-110<->VM-37
 WARN 07-15 17:55:30,445 ExecutorChannelManagerMap:95 [pool-16-thread-6] - Cannot connnect VM-110<->VM-36
 WARN 07-15 17:55:30,445 ExecutorChannelManagerMap:95 [pool-16-thread-6] - Cannot connnect VM-110<->VM-35
 WARN 07-15 17:55:30,445 ExecutorChannelManagerMap:95 [pool-16-thread-6] - Cannot connnect VM-110<->VM-34
 WARN 07-15 17:55:30,445 ExecutorChannelManagerMap:95 [pool-16-thread-6] - Cannot connnect VM-110<->VM-111
 WARN 07-15 17:55:30,445 ExecutorChannelManagerMap:95 [pool-16-thread-6] - Cannot connnect VM-110<->VM-33
 WARN 07-15 17:55:30,445 ExecutorChannelManagerMap:95 [pool-16-thread-6] - Cannot connnect VM-110<->VM-32
 WARN 07-15 17:55:30,445 ExecutorChannelManagerMap:95 [pool-16-thread-6] - Cannot connnect VM-110<->VM-31
 WARN 07-15 17:55:30,446 ExecutorChannelManagerMap:95 [pool-16-thread-6] - Cannot connnect VM-110<->VM-30
 WARN 07-15 17:55:30,446 ExecutorChannelManagerMap:95 [pool-16-thread-6] - Cannot connnect VM-110<->VM-115
 WARN 07-15 17:55:30,446 ExecutorChannelManagerMap:95 [pool-16-thread-6] - Cannot connnect VM-110<->VM-114
 WARN 07-15 17:55:30,446 ExecutorChannelManagerMap:95 [pool-16-thread-6] - Cannot connnect VM-110<->VM-113
 WARN 07-15 17:55:30,447 ExecutorChannelManagerMap:95 [pool-16-thread-6] - Cannot connnect VM-110<->VM-112
 WARN 07-15 17:55:30,447 ExecutorChannelManagerMap:95 [pool-16-thread-6] - Cannot connnect VM-110<->VM-108
 WARN 07-15 17:55:30,447 ExecutorChannelManagerMap:95 [pool-16-thread-6] - Cannot connnect VM-110<->VM-107
 WARN 07-15 17:55:30,447 ExecutorChannelManagerMap:95 [pool-16-thread-6] - Cannot connnect VM-110<->VM-106
 WARN 07-15 17:55:30,447 ExecutorChannelManagerMap:95 [pool-16-thread-6] - Cannot connnect VM-110<->VM-105
 WARN 07-15 17:55:30,447 ExecutorChannelManagerMap:106 [pool-16-thread-6] - Executor Executor2 already registered
 WARN 07-15 17:55:30,447 ExecutorChannelManagerMap:106 [pool-16-thread-6] - Executor Executor1 already registered
 WARN 07-15 17:55:30,447 ExecutorChannelManagerMap:106 [pool-16-thread-6] - Executor Executor0 already registered
 WARN 07-15 17:55:30,447 ExecutorChannelManagerMap:95 [pool-16-thread-6] - Cannot connnect VM-110<->VM-109
 WARN 07-15 17:55:30,447 ExecutorChannelManagerMap:95 [pool-16-thread-3] - Cannot connnect VM-110<->VM-37
 WARN 07-15 17:55:30,447 ExecutorChannelManagerMap:95 [pool-16-thread-3] - Cannot connnect VM-110<->VM-36
 WARN 07-15 17:55:30,447 ExecutorChannelManagerMap:95 [pool-16-thread-3] - Cannot connnect VM-110<->VM-35
 WARN 07-15 17:55:30,447 ExecutorChannelManagerMap:95 [pool-16-thread-3] - Cannot connnect VM-110<->VM-34
 WARN 07-15 17:55:30,447 ExecutorChannelManagerMap:95 [pool-16-thread-3] - Cannot connnect VM-110<->VM-111
 WARN 07-15 17:55:30,448 ExecutorChannelManagerMap:95 [pool-16-thread-3] - Cannot connnect VM-110<->VM-33
 WARN 07-15 17:55:30,448 ExecutorChannelManagerMap:95 [pool-16-thread-3] - Cannot connnect VM-110<->VM-32
 WARN 07-15 17:55:30,448 ExecutorChannelManagerMap:95 [pool-16-thread-3] - Cannot connnect VM-110<->VM-31
 WARN 07-15 17:55:30,448 ExecutorChannelManagerMap:95 [pool-16-thread-3] - Cannot connnect VM-110<->VM-30
 WARN 07-15 17:55:30,448 ExecutorChannelManagerMap:95 [pool-16-thread-3] - Cannot connnect VM-110<->VM-115
 WARN 07-15 17:55:30,448 ExecutorChannelManagerMap:95 [pool-16-thread-3] - Cannot connnect VM-110<->VM-114
 WARN 07-15 17:55:30,448 ExecutorChannelManagerMap:95 [pool-16-thread-3] - Cannot connnect VM-110<->VM-113
 WARN 07-15 17:55:30,448 ExecutorChannelManagerMap:95 [pool-16-thread-3] - Cannot connnect VM-110<->VM-112
 WARN 07-15 17:55:30,448 ExecutorChannelManagerMap:95 [pool-16-thread-3] - Cannot connnect VM-110<->VM-108
 WARN 07-15 17:55:30,448 ExecutorChannelManagerMap:106 [pool-16-thread-3] - Executor Executor2 already registered
 WARN 07-15 17:55:30,448 ExecutorChannelManagerMap:106 [pool-16-thread-3] - Executor Executor1 already registered
 WARN 07-15 17:55:30,448 ExecutorChannelManagerMap:106 [pool-16-thread-3] - Executor Executor0 already registered
 WARN 07-15 17:55:30,448 ExecutorChannelManagerMap:95 [pool-16-thread-3] - Cannot connnect VM-110<->VM-109
 INFO 07-15 17:55:30,413 Executor$ExecutorMessageReceiver:1433 [pool-16-thread-7] - Executor registered message received VM-89,VM-122,VM-88,VM-121,VM-87,VM-120,VM-86,VM-85,VM-126,VM-84,VM-125,VM-83,VM-124,VM-82,VM-123,VM-81,VM-119,VM-80,VM-118,VM-117,VM-116,VM-19,VM-18,VM-17,VM-16,VM-15,VM-14,VM-13,VM-12,VM-133,VM-99,VM-11,VM-132,VM-98,VM-10,VM-131,VM-97,VM-130,VM-96,VM-137,VM-95,VM-136,VM-94,VM-135,VM-93,VM-134,VM-92,VM-91,VM-129,VM-90,VM-128,VM-127,VM-140,VM-69,VM-68,VM-67,VM-144,VM-66,VM-143,VM-65,VM-142,VM-64,VM-141,VM-63,VM-148,VM-62,VM-147,VM-61,VM-146,VM-60,VM-145,VM-139,VM-138,VM-151,VM-150,VM-79,VM-78,VM-155,VM-77,VM-154,VM-76,VM-153,VM-75,VM-152,VM-74,VM-159,VM-73,VM-158,VM-72,VM-157,VM-71,VM-156,VM-70,VM-149,VM-49,VM-48,VM-47,VM-160,VM-46,VM-45,VM-6,VM-44,VM-7,VM-43,VM-8,VM-42,VM-9,VM-41,VM-40,VM-59,VM-58,VM-57,VM-56,VM-55,VM-54,VM-53,VM-52,VM-51,VM-50,VM-1,VM-2,VM-3,VM-4,VM-5,VM-29,VM-28,VM-27,VM-26,VM-25,VM-24,VM-100,VM-23,VM-22,Executor4,VM-21,Executor3,VM-20,VM-101,VM-39,VM-38,VM-37,VM-36,VM-35,VM-34,VM-111,VM-33,VM-32,VM-31,VM-30,VM-115,VM-114,VM-113,VM-112,VM-108,VM-107,VM-106,Executor2,Executor1,Executor0,VM-109
 WARN 07-15 17:55:30,448 ExecutorChannelManagerMap:95 [pool-16-thread-7] - Cannot connnect VM-110<->VM-89
 WARN 07-15 17:55:30,448 ExecutorChannelManagerMap:95 [pool-16-thread-7] - Cannot connnect VM-110<->VM-122
 WARN 07-15 17:55:30,448 ExecutorChannelManagerMap:95 [pool-16-thread-7] - Cannot connnect VM-110<->VM-88
 WARN 07-15 17:55:30,448 ExecutorChannelManagerMap:95 [pool-16-thread-7] - Cannot connnect VM-110<->VM-121
 WARN 07-15 17:55:30,448 ExecutorChannelManagerMap:95 [pool-16-thread-7] - Cannot connnect VM-110<->VM-87
 WARN 07-15 17:55:30,448 ExecutorChannelManagerMap:95 [pool-16-thread-7] - Cannot connnect VM-110<->VM-120
 WARN 07-15 17:55:30,448 ExecutorChannelManagerMap:95 [pool-16-thread-7] - Cannot connnect VM-110<->VM-86
 WARN 07-15 17:55:30,449 ExecutorChannelManagerMap:95 [pool-16-thread-7] - Cannot connnect VM-110<->VM-85
 WARN 07-15 17:55:30,449 ExecutorChannelManagerMap:95 [pool-16-thread-7] - Cannot connnect VM-110<->VM-126
 WARN 07-15 17:55:30,449 ExecutorChannelManagerMap:95 [pool-16-thread-7] - Cannot connnect VM-110<->VM-84
 WARN 07-15 17:55:30,449 ExecutorChannelManagerMap:95 [pool-16-thread-7] - Cannot connnect VM-110<->VM-125
 WARN 07-15 17:55:30,449 ExecutorChannelManagerMap:95 [pool-16-thread-7] - Cannot connnect VM-110<->VM-83
 WARN 07-15 17:55:30,449 ExecutorChannelManagerMap:95 [pool-16-thread-7] - Cannot connnect VM-110<->VM-124
 WARN 07-15 17:55:30,449 ExecutorChannelManagerMap:95 [pool-16-thread-7] - Cannot connnect VM-110<->VM-82
 WARN 07-15 17:55:30,449 ExecutorChannelManagerMap:95 [pool-16-thread-7] - Cannot connnect VM-110<->VM-123
 WARN 07-15 17:55:30,449 ExecutorChannelManagerMap:95 [pool-16-thread-7] - Cannot connnect VM-110<->VM-81
 WARN 07-15 17:55:30,449 ExecutorChannelManagerMap:95 [pool-16-thread-7] - Cannot connnect VM-110<->VM-119
 WARN 07-15 17:55:30,449 ExecutorChannelManagerMap:95 [pool-16-thread-7] - Cannot connnect VM-110<->VM-80
 WARN 07-15 17:55:30,449 ExecutorChannelManagerMap:95 [pool-16-thread-7] - Cannot connnect VM-110<->VM-118
 WARN 07-15 17:55:30,449 ExecutorChannelManagerMap:95 [pool-16-thread-7] - Cannot connnect VM-110<->VM-117
 WARN 07-15 17:55:30,449 ExecutorChannelManagerMap:95 [pool-16-thread-7] - Cannot connnect VM-110<->VM-116
 WARN 07-15 17:55:30,449 ExecutorChannelManagerMap:95 [pool-16-thread-7] - Cannot connnect VM-110<->VM-19
 WARN 07-15 17:55:30,449 ExecutorChannelManagerMap:95 [pool-16-thread-7] - Cannot connnect VM-110<->VM-18
 WARN 07-15 17:55:30,449 ExecutorChannelManagerMap:95 [pool-16-thread-7] - Cannot connnect VM-110<->VM-17
 WARN 07-15 17:55:30,449 ExecutorChannelManagerMap:95 [pool-16-thread-7] - Cannot connnect VM-110<->VM-16
 WARN 07-15 17:55:30,449 ExecutorChannelManagerMap:95 [pool-16-thread-7] - Cannot connnect VM-110<->VM-15
 WARN 07-15 17:55:30,449 ExecutorChannelManagerMap:95 [pool-16-thread-7] - Cannot connnect VM-110<->VM-14
 WARN 07-15 17:55:30,449 ExecutorChannelManagerMap:95 [pool-16-thread-7] - Cannot connnect VM-110<->VM-13
 WARN 07-15 17:55:30,450 ExecutorChannelManagerMap:95 [pool-16-thread-7] - Cannot connnect VM-110<->VM-12
 WARN 07-15 17:55:30,450 ExecutorChannelManagerMap:95 [pool-16-thread-7] - Cannot connnect VM-110<->VM-133
 WARN 07-15 17:55:30,450 ExecutorChannelManagerMap:95 [pool-16-thread-7] - Cannot connnect VM-110<->VM-99
 WARN 07-15 17:55:30,450 ExecutorChannelManagerMap:95 [pool-16-thread-7] - Cannot connnect VM-110<->VM-11
 WARN 07-15 17:55:30,450 ExecutorChannelManagerMap:95 [pool-16-thread-7] - Cannot connnect VM-110<->VM-132
 WARN 07-15 17:55:30,450 ExecutorChannelManagerMap:95 [pool-16-thread-7] - Cannot connnect VM-110<->VM-98
 WARN 07-15 17:55:30,450 ExecutorChannelManagerMap:95 [pool-16-thread-7] - Cannot connnect VM-110<->VM-10
 WARN 07-15 17:55:30,450 ExecutorChannelManagerMap:95 [pool-16-thread-7] - Cannot connnect VM-110<->VM-131
 WARN 07-15 17:55:30,450 ExecutorChannelManagerMap:95 [pool-16-thread-7] - Cannot connnect VM-110<->VM-97
 WARN 07-15 17:55:30,450 ExecutorChannelManagerMap:95 [pool-16-thread-7] - Cannot connnect VM-110<->VM-130
 WARN 07-15 17:55:30,450 ExecutorChannelManagerMap:95 [pool-16-thread-7] - Cannot connnect VM-110<->VM-96
 WARN 07-15 17:55:30,450 ExecutorChannelManagerMap:95 [pool-16-thread-7] - Cannot connnect VM-110<->VM-137
 WARN 07-15 17:55:30,450 ExecutorChannelManagerMap:95 [pool-16-thread-7] - Cannot connnect VM-110<->VM-95
 WARN 07-15 17:55:30,450 ExecutorChannelManagerMap:95 [pool-16-thread-7] - Cannot connnect VM-110<->VM-136
 WARN 07-15 17:55:30,450 ExecutorChannelManagerMap:95 [pool-16-thread-7] - Cannot connnect VM-110<->VM-94
 WARN 07-15 17:55:30,450 ExecutorChannelManagerMap:95 [pool-16-thread-7] - Cannot connnect VM-110<->VM-135
 WARN 07-15 17:55:30,450 ExecutorChannelManagerMap:95 [pool-16-thread-7] - Cannot connnect VM-110<->VM-93
 WARN 07-15 17:55:30,450 ExecutorChannelManagerMap:95 [pool-16-thread-7] - Cannot connnect VM-110<->VM-134
 WARN 07-15 17:55:30,450 ExecutorChannelManagerMap:95 [pool-16-thread-7] - Cannot connnect VM-110<->VM-92
 WARN 07-15 17:55:30,450 ExecutorChannelManagerMap:95 [pool-16-thread-7] - Cannot connnect VM-110<->VM-91
 WARN 07-15 17:55:30,450 ExecutorChannelManagerMap:95 [pool-16-thread-7] - Cannot connnect VM-110<->VM-129
 WARN 07-15 17:55:30,450 ExecutorChannelManagerMap:95 [pool-16-thread-7] - Cannot connnect VM-110<->VM-90
 WARN 07-15 17:55:30,450 ExecutorChannelManagerMap:95 [pool-16-thread-7] - Cannot connnect VM-110<->VM-128
 WARN 07-15 17:55:30,450 ExecutorChannelManagerMap:95 [pool-16-thread-7] - Cannot connnect VM-110<->VM-127
 WARN 07-15 17:55:30,451 ExecutorChannelManagerMap:95 [pool-16-thread-7] - Cannot connnect VM-110<->VM-140
 WARN 07-15 17:55:30,451 ExecutorChannelManagerMap:95 [pool-16-thread-7] - Cannot connnect VM-110<->VM-69
 WARN 07-15 17:55:30,451 ExecutorChannelManagerMap:95 [pool-16-thread-7] - Cannot connnect VM-110<->VM-68
 WARN 07-15 17:55:30,451 ExecutorChannelManagerMap:95 [pool-16-thread-7] - Cannot connnect VM-110<->VM-67
 WARN 07-15 17:55:30,451 ExecutorChannelManagerMap:95 [pool-16-thread-7] - Cannot connnect VM-110<->VM-144
 WARN 07-15 17:55:30,451 ExecutorChannelManagerMap:95 [pool-16-thread-7] - Cannot connnect VM-110<->VM-66
 WARN 07-15 17:55:30,451 ExecutorChannelManagerMap:95 [pool-16-thread-7] - Cannot connnect VM-110<->VM-143
 WARN 07-15 17:55:30,451 ExecutorChannelManagerMap:95 [pool-16-thread-7] - Cannot connnect VM-110<->VM-65
 WARN 07-15 17:55:30,451 ExecutorChannelManagerMap:95 [pool-16-thread-7] - Cannot connnect VM-110<->VM-142
 WARN 07-15 17:55:30,451 ExecutorChannelManagerMap:95 [pool-16-thread-7] - Cannot connnect VM-110<->VM-64
 WARN 07-15 17:55:30,451 ExecutorChannelManagerMap:95 [pool-16-thread-7] - Cannot connnect VM-110<->VM-141
 WARN 07-15 17:55:30,453 ExecutorChannelManagerMap:95 [pool-16-thread-7] - Cannot connnect VM-110<->VM-63
 WARN 07-15 17:55:30,453 ExecutorChannelManagerMap:95 [pool-16-thread-7] - Cannot connnect VM-110<->VM-148
 WARN 07-15 17:55:30,453 ExecutorChannelManagerMap:95 [pool-16-thread-7] - Cannot connnect VM-110<->VM-62
 WARN 07-15 17:55:30,453 ExecutorChannelManagerMap:95 [pool-16-thread-7] - Cannot connnect VM-110<->VM-147
 WARN 07-15 17:55:30,453 ExecutorChannelManagerMap:95 [pool-16-thread-7] - Cannot connnect VM-110<->VM-61
 WARN 07-15 17:55:30,453 ExecutorChannelManagerMap:95 [pool-16-thread-7] - Cannot connnect VM-110<->VM-146
 WARN 07-15 17:55:30,454 ExecutorChannelManagerMap:95 [pool-16-thread-7] - Cannot connnect VM-110<->VM-60
 WARN 07-15 17:55:30,454 ExecutorChannelManagerMap:95 [pool-16-thread-7] - Cannot connnect VM-110<->VM-145
 WARN 07-15 17:55:30,454 ExecutorChannelManagerMap:95 [pool-16-thread-7] - Cannot connnect VM-110<->VM-139
 WARN 07-15 17:55:30,454 ExecutorChannelManagerMap:95 [pool-16-thread-7] - Cannot connnect VM-110<->VM-138
 WARN 07-15 17:55:30,454 ExecutorChannelManagerMap:95 [pool-16-thread-7] - Cannot connnect VM-110<->VM-151
 WARN 07-15 17:55:30,454 ExecutorChannelManagerMap:95 [pool-16-thread-7] - Cannot connnect VM-110<->VM-150
 WARN 07-15 17:55:30,454 ExecutorChannelManagerMap:95 [pool-16-thread-7] - Cannot connnect VM-110<->VM-79
 WARN 07-15 17:55:30,454 ExecutorChannelManagerMap:95 [pool-16-thread-7] - Cannot connnect VM-110<->VM-78
 WARN 07-15 17:55:30,454 ExecutorChannelManagerMap:95 [pool-16-thread-7] - Cannot connnect VM-110<->VM-155
 WARN 07-15 17:55:30,454 ExecutorChannelManagerMap:95 [pool-16-thread-7] - Cannot connnect VM-110<->VM-77
 WARN 07-15 17:55:30,454 ExecutorChannelManagerMap:95 [pool-16-thread-7] - Cannot connnect VM-110<->VM-154
 WARN 07-15 17:55:30,454 ExecutorChannelManagerMap:95 [pool-16-thread-7] - Cannot connnect VM-110<->VM-76
 WARN 07-15 17:55:30,454 ExecutorChannelManagerMap:95 [pool-16-thread-7] - Cannot connnect VM-110<->VM-153
 WARN 07-15 17:55:30,454 ExecutorChannelManagerMap:95 [pool-16-thread-7] - Cannot connnect VM-110<->VM-75
 WARN 07-15 17:55:30,454 ExecutorChannelManagerMap:95 [pool-16-thread-7] - Cannot connnect VM-110<->VM-152
 WARN 07-15 17:55:30,457 ExecutorChannelManagerMap:95 [pool-16-thread-7] - Cannot connnect VM-110<->VM-74
 WARN 07-15 17:55:30,457 ExecutorChannelManagerMap:95 [pool-16-thread-7] - Cannot connnect VM-110<->VM-159
 WARN 07-15 17:55:30,457 ExecutorChannelManagerMap:95 [pool-16-thread-7] - Cannot connnect VM-110<->VM-73
 WARN 07-15 17:55:30,457 ExecutorChannelManagerMap:95 [pool-16-thread-7] - Cannot connnect VM-110<->VM-158
 WARN 07-15 17:55:30,457 ExecutorChannelManagerMap:95 [pool-16-thread-7] - Cannot connnect VM-110<->VM-72
 WARN 07-15 17:55:30,457 ExecutorChannelManagerMap:95 [pool-16-thread-7] - Cannot connnect VM-110<->VM-157
 WARN 07-15 17:55:30,457 ExecutorChannelManagerMap:95 [pool-16-thread-7] - Cannot connnect VM-110<->VM-71
 WARN 07-15 17:55:30,457 ExecutorChannelManagerMap:95 [pool-16-thread-7] - Cannot connnect VM-110<->VM-156
 WARN 07-15 17:55:30,457 ExecutorChannelManagerMap:95 [pool-16-thread-7] - Cannot connnect VM-110<->VM-70
 WARN 07-15 17:55:30,457 ExecutorChannelManagerMap:95 [pool-16-thread-7] - Cannot connnect VM-110<->VM-149
 WARN 07-15 17:55:30,457 ExecutorChannelManagerMap:95 [pool-16-thread-7] - Cannot connnect VM-110<->VM-49
 WARN 07-15 17:55:30,457 ExecutorChannelManagerMap:95 [pool-16-thread-7] - Cannot connnect VM-110<->VM-48
 INFO 07-15 17:55:30,457 Executor$ExecutorMessageReceiver:1433 [pool-16-thread-8] - Executor registered message received VM-89,VM-122,VM-88,VM-121,VM-87,VM-120,VM-86,VM-85,VM-126,VM-84,VM-125,VM-83,VM-124,VM-82,VM-123,VM-81,VM-119,VM-80,VM-118,VM-117,VM-116,VM-19,VM-18,VM-17,VM-16,VM-15,VM-14,VM-13,VM-12,VM-133,VM-99,VM-11,VM-132,VM-98,VM-10,VM-131,VM-97,VM-130,VM-96,VM-137,VM-95,VM-136,VM-94,VM-135,VM-93,VM-134,VM-92,VM-91,VM-129,VM-90,VM-128,VM-127,VM-140,VM-69,VM-68,VM-67,VM-144,VM-66,VM-143,VM-65,VM-142,VM-64,VM-141,VM-63,VM-148,VM-62,VM-147,VM-61,VM-146,VM-60,VM-145,VM-139,VM-138,VM-151,VM-150,VM-79,VM-78,VM-155,VM-77,VM-154,VM-76,VM-153,VM-75,VM-152,VM-74,VM-159,VM-73,VM-158,VM-72,VM-157,VM-71,VM-156,VM-70,VM-149,VM-49,VM-48,VM-47,VM-160,VM-46,VM-45,VM-6,VM-44,VM-7,VM-43,VM-8,VM-42,VM-9,VM-41,VM-40,VM-59,VM-58,VM-57,VM-56,VM-55,VM-54,VM-53,VM-52,VM-51,VM-50,VM-1,VM-2,VM-3,VM-4,VM-5,VM-29,VM-28,VM-27,VM-26,VM-25,VM-24,VM-100,VM-23,VM-22,Executor4,VM-21,Executor3,VM-20,VM-104,VM-103,VM-102,VM-101,VM-39,VM-38,VM-37,VM-36,VM-35,VM-34,VM-111,VM-33,VM-32,VM-31,VM-30,VM-115,VM-114,VM-113,VM-112,VM-108,VM-107,VM-106,VM-105,Executor2,Executor1,Executor0,VM-109
 INFO 07-15 17:55:30,456 Executor$ExecutorMessageReceiver:1433 [pool-16-thread-3] - Executor registered message received VM-89,VM-122,VM-88,VM-121,VM-87,VM-120,VM-86,VM-85,VM-126,VM-84,VM-125,VM-83,VM-124,VM-82,VM-123,VM-81,VM-119,VM-80,VM-118,VM-117,VM-116,VM-19,VM-18,VM-17,VM-16,VM-15,VM-14,VM-13,VM-12,VM-133,VM-99,VM-11,VM-132,VM-98,VM-10,VM-131,VM-97,VM-130,VM-96,VM-137,VM-95,VM-136,VM-94,VM-135,VM-93,VM-134,VM-92,VM-91,VM-129,VM-90,VM-128,VM-127,VM-140,VM-69,VM-68,VM-67,VM-144,VM-66,VM-143,VM-65,VM-142,VM-64,VM-141,VM-63,VM-148,VM-62,VM-147,VM-61,VM-146,VM-60,VM-145,VM-139,VM-138,VM-151,VM-150,VM-79,VM-78,VM-155,VM-77,VM-154,VM-76,VM-153,VM-75,VM-152,VM-74,VM-159,VM-73,VM-158,VM-72,VM-157,VM-71,VM-156,VM-70,VM-149,VM-49,VM-48,VM-47,VM-160,VM-46,VM-45,VM-6,VM-44,VM-7,VM-43,VM-8,VM-42,VM-9,VM-41,VM-40,VM-59,VM-58,VM-57,VM-56,VM-55,VM-54,VM-53,VM-52,VM-51,VM-50,VM-1,VM-2,VM-3,VM-4,VM-5,VM-29,VM-28,VM-27,VM-26,VM-25,VM-24,VM-100,VM-23,VM-22,Executor4,VM-21,Executor3,VM-20,VM-104,VM-103,VM-101,VM-39,VM-38,VM-37,VM-36,VM-35,VM-34,VM-111,VM-33,VM-32,VM-31,VM-30,VM-115,VM-114,VM-113,VM-112,VM-108,VM-107,VM-106,VM-105,Executor2,Executor1,Executor0,VM-109
 WARN 07-15 17:55:30,461 ExecutorChannelManagerMap:95 [pool-16-thread-7] - Cannot connnect VM-110<->VM-47
 WARN 07-15 17:55:30,461 ExecutorChannelManagerMap:95 [pool-16-thread-7] - Cannot connnect VM-110<->VM-160
 WARN 07-15 17:55:30,461 ExecutorChannelManagerMap:95 [pool-16-thread-7] - Cannot connnect VM-110<->VM-46
 WARN 07-15 17:55:30,461 ExecutorChannelManagerMap:95 [pool-16-thread-7] - Cannot connnect VM-110<->VM-45
 WARN 07-15 17:55:30,461 ExecutorChannelManagerMap:95 [pool-16-thread-7] - Cannot connnect VM-110<->VM-6
 WARN 07-15 17:55:30,461 ExecutorChannelManagerMap:95 [pool-16-thread-7] - Cannot connnect VM-110<->VM-44
 WARN 07-15 17:55:30,461 ExecutorChannelManagerMap:95 [pool-16-thread-7] - Cannot connnect VM-110<->VM-7
 WARN 07-15 17:55:30,461 ExecutorChannelManagerMap:95 [pool-16-thread-7] - Cannot connnect VM-110<->VM-43
 WARN 07-15 17:55:30,461 ExecutorChannelManagerMap:95 [pool-16-thread-7] - Cannot connnect VM-110<->VM-8
 WARN 07-15 17:55:30,461 ExecutorChannelManagerMap:95 [pool-16-thread-7] - Cannot connnect VM-110<->VM-42
 WARN 07-15 17:55:30,461 ExecutorChannelManagerMap:95 [pool-16-thread-7] - Cannot connnect VM-110<->VM-9
 WARN 07-15 17:55:30,461 ExecutorChannelManagerMap:95 [pool-16-thread-7] - Cannot connnect VM-110<->VM-41
 WARN 07-15 17:55:30,461 ExecutorChannelManagerMap:95 [pool-16-thread-7] - Cannot connnect VM-110<->VM-40
 WARN 07-15 17:55:30,461 ExecutorChannelManagerMap:95 [pool-16-thread-7] - Cannot connnect VM-110<->VM-59
 WARN 07-15 17:55:30,461 ExecutorChannelManagerMap:95 [pool-16-thread-7] - Cannot connnect VM-110<->VM-58
 WARN 07-15 17:55:30,461 ExecutorChannelManagerMap:95 [pool-16-thread-7] - Cannot connnect VM-110<->VM-57
 WARN 07-15 17:55:30,461 ExecutorChannelManagerMap:95 [pool-16-thread-7] - Cannot connnect VM-110<->VM-56
 WARN 07-15 17:55:30,462 ExecutorChannelManagerMap:95 [pool-16-thread-7] - Cannot connnect VM-110<->VM-55
 WARN 07-15 17:55:30,462 ExecutorChannelManagerMap:95 [pool-16-thread-7] - Cannot connnect VM-110<->VM-54
 WARN 07-15 17:55:30,462 ExecutorChannelManagerMap:95 [pool-16-thread-7] - Cannot connnect VM-110<->VM-53
 WARN 07-15 17:55:30,462 ExecutorChannelManagerMap:95 [pool-16-thread-7] - Cannot connnect VM-110<->VM-52
 WARN 07-15 17:55:30,462 ExecutorChannelManagerMap:95 [pool-16-thread-7] - Cannot connnect VM-110<->VM-51
 WARN 07-15 17:55:30,462 ExecutorChannelManagerMap:95 [pool-16-thread-7] - Cannot connnect VM-110<->VM-50
 WARN 07-15 17:55:30,462 ExecutorChannelManagerMap:95 [pool-16-thread-7] - Cannot connnect VM-110<->VM-1
 WARN 07-15 17:55:30,462 ExecutorChannelManagerMap:95 [pool-16-thread-7] - Cannot connnect VM-110<->VM-2
 WARN 07-15 17:55:30,462 ExecutorChannelManagerMap:95 [pool-16-thread-7] - Cannot connnect VM-110<->VM-3
 WARN 07-15 17:55:30,462 ExecutorChannelManagerMap:95 [pool-16-thread-7] - Cannot connnect VM-110<->VM-4
 WARN 07-15 17:55:30,462 ExecutorChannelManagerMap:95 [pool-16-thread-7] - Cannot connnect VM-110<->VM-5
 WARN 07-15 17:55:30,462 ExecutorChannelManagerMap:95 [pool-16-thread-7] - Cannot connnect VM-110<->VM-29
 WARN 07-15 17:55:30,462 ExecutorChannelManagerMap:95 [pool-16-thread-7] - Cannot connnect VM-110<->VM-28
 WARN 07-15 17:55:30,462 ExecutorChannelManagerMap:95 [pool-16-thread-7] - Cannot connnect VM-110<->VM-27
 WARN 07-15 17:55:30,462 ExecutorChannelManagerMap:95 [pool-16-thread-7] - Cannot connnect VM-110<->VM-26
 WARN 07-15 17:55:30,462 ExecutorChannelManagerMap:95 [pool-16-thread-7] - Cannot connnect VM-110<->VM-25
 WARN 07-15 17:55:30,462 ExecutorChannelManagerMap:95 [pool-16-thread-7] - Cannot connnect VM-110<->VM-24
 WARN 07-15 17:55:30,462 ExecutorChannelManagerMap:95 [pool-16-thread-7] - Cannot connnect VM-110<->VM-100
 WARN 07-15 17:55:30,462 ExecutorChannelManagerMap:95 [pool-16-thread-7] - Cannot connnect VM-110<->VM-23
 WARN 07-15 17:55:30,462 ExecutorChannelManagerMap:95 [pool-16-thread-7] - Cannot connnect VM-110<->VM-22
 WARN 07-15 17:55:30,462 ExecutorChannelManagerMap:106 [pool-16-thread-7] - Executor Executor4 already registered
 WARN 07-15 17:55:30,462 ExecutorChannelManagerMap:95 [pool-16-thread-7] - Cannot connnect VM-110<->VM-21
 WARN 07-15 17:55:30,462 ExecutorChannelManagerMap:106 [pool-16-thread-7] - Executor Executor3 already registered
 WARN 07-15 17:55:30,462 ExecutorChannelManagerMap:95 [pool-16-thread-7] - Cannot connnect VM-110<->VM-20
 WARN 07-15 17:55:30,462 ExecutorChannelManagerMap:95 [pool-16-thread-7] - Cannot connnect VM-110<->VM-101
 WARN 07-15 17:55:30,462 ExecutorChannelManagerMap:95 [pool-16-thread-7] - Cannot connnect VM-110<->VM-39
 WARN 07-15 17:55:30,463 ExecutorChannelManagerMap:95 [pool-16-thread-7] - Cannot connnect VM-110<->VM-38
 WARN 07-15 17:55:30,463 ExecutorChannelManagerMap:95 [pool-16-thread-7] - Cannot connnect VM-110<->VM-37
 WARN 07-15 17:55:30,463 ExecutorChannelManagerMap:95 [pool-16-thread-7] - Cannot connnect VM-110<->VM-36
 WARN 07-15 17:55:30,463 ExecutorChannelManagerMap:95 [pool-16-thread-7] - Cannot connnect VM-110<->VM-35
 WARN 07-15 17:55:30,463 ExecutorChannelManagerMap:95 [pool-16-thread-7] - Cannot connnect VM-110<->VM-34
 WARN 07-15 17:55:30,463 ExecutorChannelManagerMap:95 [pool-16-thread-7] - Cannot connnect VM-110<->VM-111
 WARN 07-15 17:55:30,463 ExecutorChannelManagerMap:95 [pool-16-thread-7] - Cannot connnect VM-110<->VM-33
 WARN 07-15 17:55:30,463 ExecutorChannelManagerMap:95 [pool-16-thread-7] - Cannot connnect VM-110<->VM-32
 WARN 07-15 17:55:30,463 ExecutorChannelManagerMap:95 [pool-16-thread-7] - Cannot connnect VM-110<->VM-31
 WARN 07-15 17:55:30,463 ExecutorChannelManagerMap:95 [pool-16-thread-7] - Cannot connnect VM-110<->VM-30
 WARN 07-15 17:55:30,463 ExecutorChannelManagerMap:95 [pool-16-thread-7] - Cannot connnect VM-110<->VM-115
 WARN 07-15 17:55:30,463 ExecutorChannelManagerMap:95 [pool-16-thread-7] - Cannot connnect VM-110<->VM-114
 WARN 07-15 17:55:30,463 ExecutorChannelManagerMap:95 [pool-16-thread-7] - Cannot connnect VM-110<->VM-113
 WARN 07-15 17:55:30,463 ExecutorChannelManagerMap:95 [pool-16-thread-7] - Cannot connnect VM-110<->VM-112
 WARN 07-15 17:55:30,463 ExecutorChannelManagerMap:95 [pool-16-thread-7] - Cannot connnect VM-110<->VM-108
 WARN 07-15 17:55:30,463 ExecutorChannelManagerMap:95 [pool-16-thread-7] - Cannot connnect VM-110<->VM-107
 WARN 07-15 17:55:30,463 ExecutorChannelManagerMap:95 [pool-16-thread-7] - Cannot connnect VM-110<->VM-106
 WARN 07-15 17:55:30,463 ExecutorChannelManagerMap:106 [pool-16-thread-7] - Executor Executor2 already registered
 WARN 07-15 17:55:30,463 ExecutorChannelManagerMap:106 [pool-16-thread-7] - Executor Executor1 already registered
 WARN 07-15 17:55:30,463 ExecutorChannelManagerMap:106 [pool-16-thread-7] - Executor Executor0 already registered
 WARN 07-15 17:55:30,463 ExecutorChannelManagerMap:95 [pool-16-thread-7] - Cannot connnect VM-110<->VM-109
 WARN 07-15 17:55:30,463 ExecutorChannelManagerMap:95 [pool-16-thread-3] - Cannot connnect VM-110<->VM-89
 WARN 07-15 17:55:30,463 ExecutorChannelManagerMap:95 [pool-16-thread-3] - Cannot connnect VM-110<->VM-122
 WARN 07-15 17:55:30,463 ExecutorChannelManagerMap:95 [pool-16-thread-3] - Cannot connnect VM-110<->VM-88
 WARN 07-15 17:55:30,463 ExecutorChannelManagerMap:95 [pool-16-thread-3] - Cannot connnect VM-110<->VM-121
 WARN 07-15 17:55:30,464 ExecutorChannelManagerMap:95 [pool-16-thread-3] - Cannot connnect VM-110<->VM-87
 WARN 07-15 17:55:30,464 ExecutorChannelManagerMap:95 [pool-16-thread-3] - Cannot connnect VM-110<->VM-120
 WARN 07-15 17:55:30,464 ExecutorChannelManagerMap:95 [pool-16-thread-3] - Cannot connnect VM-110<->VM-86
 WARN 07-15 17:55:30,464 ExecutorChannelManagerMap:95 [pool-16-thread-3] - Cannot connnect VM-110<->VM-85
 WARN 07-15 17:55:30,464 ExecutorChannelManagerMap:95 [pool-16-thread-3] - Cannot connnect VM-110<->VM-126
 WARN 07-15 17:55:30,464 ExecutorChannelManagerMap:95 [pool-16-thread-3] - Cannot connnect VM-110<->VM-84
 WARN 07-15 17:55:30,464 ExecutorChannelManagerMap:95 [pool-16-thread-3] - Cannot connnect VM-110<->VM-125
 WARN 07-15 17:55:30,464 ExecutorChannelManagerMap:95 [pool-16-thread-3] - Cannot connnect VM-110<->VM-83
 WARN 07-15 17:55:30,464 ExecutorChannelManagerMap:95 [pool-16-thread-3] - Cannot connnect VM-110<->VM-124
 WARN 07-15 17:55:30,464 ExecutorChannelManagerMap:95 [pool-16-thread-3] - Cannot connnect VM-110<->VM-82
 WARN 07-15 17:55:30,464 ExecutorChannelManagerMap:95 [pool-16-thread-3] - Cannot connnect VM-110<->VM-123
 WARN 07-15 17:55:30,464 ExecutorChannelManagerMap:95 [pool-16-thread-3] - Cannot connnect VM-110<->VM-81
 WARN 07-15 17:55:30,464 ExecutorChannelManagerMap:95 [pool-16-thread-3] - Cannot connnect VM-110<->VM-119
 WARN 07-15 17:55:30,464 ExecutorChannelManagerMap:95 [pool-16-thread-3] - Cannot connnect VM-110<->VM-80
 WARN 07-15 17:55:30,464 ExecutorChannelManagerMap:95 [pool-16-thread-3] - Cannot connnect VM-110<->VM-118
 WARN 07-15 17:55:30,465 ExecutorChannelManagerMap:95 [pool-16-thread-3] - Cannot connnect VM-110<->VM-117
 WARN 07-15 17:55:30,465 ExecutorChannelManagerMap:95 [pool-16-thread-3] - Cannot connnect VM-110<->VM-116
 WARN 07-15 17:55:30,465 ExecutorChannelManagerMap:95 [pool-16-thread-3] - Cannot connnect VM-110<->VM-19
 WARN 07-15 17:55:30,465 ExecutorChannelManagerMap:95 [pool-16-thread-3] - Cannot connnect VM-110<->VM-18
 WARN 07-15 17:55:30,465 ExecutorChannelManagerMap:95 [pool-16-thread-3] - Cannot connnect VM-110<->VM-17
 WARN 07-15 17:55:30,465 ExecutorChannelManagerMap:95 [pool-16-thread-3] - Cannot connnect VM-110<->VM-16
 WARN 07-15 17:55:30,465 ExecutorChannelManagerMap:95 [pool-16-thread-3] - Cannot connnect VM-110<->VM-15
 WARN 07-15 17:55:30,465 ExecutorChannelManagerMap:95 [pool-16-thread-3] - Cannot connnect VM-110<->VM-14
 WARN 07-15 17:55:30,465 ExecutorChannelManagerMap:95 [pool-16-thread-3] - Cannot connnect VM-110<->VM-13
 WARN 07-15 17:55:30,465 ExecutorChannelManagerMap:95 [pool-16-thread-3] - Cannot connnect VM-110<->VM-12
 WARN 07-15 17:55:30,465 ExecutorChannelManagerMap:95 [pool-16-thread-3] - Cannot connnect VM-110<->VM-133
 WARN 07-15 17:55:30,465 ExecutorChannelManagerMap:95 [pool-16-thread-3] - Cannot connnect VM-110<->VM-99
 WARN 07-15 17:55:30,465 ExecutorChannelManagerMap:95 [pool-16-thread-3] - Cannot connnect VM-110<->VM-11
 WARN 07-15 17:55:30,465 ExecutorChannelManagerMap:95 [pool-16-thread-3] - Cannot connnect VM-110<->VM-132
 WARN 07-15 17:55:30,465 ExecutorChannelManagerMap:95 [pool-16-thread-3] - Cannot connnect VM-110<->VM-98
 WARN 07-15 17:55:30,465 ExecutorChannelManagerMap:95 [pool-16-thread-3] - Cannot connnect VM-110<->VM-10
 WARN 07-15 17:55:30,465 ExecutorChannelManagerMap:95 [pool-16-thread-3] - Cannot connnect VM-110<->VM-131
 WARN 07-15 17:55:30,465 ExecutorChannelManagerMap:95 [pool-16-thread-3] - Cannot connnect VM-110<->VM-97
 WARN 07-15 17:55:30,465 ExecutorChannelManagerMap:95 [pool-16-thread-3] - Cannot connnect VM-110<->VM-130
 WARN 07-15 17:55:30,465 ExecutorChannelManagerMap:95 [pool-16-thread-3] - Cannot connnect VM-110<->VM-96
 WARN 07-15 17:55:30,465 ExecutorChannelManagerMap:95 [pool-16-thread-3] - Cannot connnect VM-110<->VM-137
 WARN 07-15 17:55:30,465 ExecutorChannelManagerMap:95 [pool-16-thread-3] - Cannot connnect VM-110<->VM-95
 WARN 07-15 17:55:30,465 ExecutorChannelManagerMap:95 [pool-16-thread-3] - Cannot connnect VM-110<->VM-136
 WARN 07-15 17:55:30,465 ExecutorChannelManagerMap:95 [pool-16-thread-3] - Cannot connnect VM-110<->VM-94
 WARN 07-15 17:55:30,465 ExecutorChannelManagerMap:95 [pool-16-thread-3] - Cannot connnect VM-110<->VM-135
 WARN 07-15 17:55:30,465 ExecutorChannelManagerMap:95 [pool-16-thread-3] - Cannot connnect VM-110<->VM-93
 WARN 07-15 17:55:30,466 ExecutorChannelManagerMap:95 [pool-16-thread-3] - Cannot connnect VM-110<->VM-134
 WARN 07-15 17:55:30,466 ExecutorChannelManagerMap:95 [pool-16-thread-3] - Cannot connnect VM-110<->VM-92
 WARN 07-15 17:55:30,466 ExecutorChannelManagerMap:95 [pool-16-thread-3] - Cannot connnect VM-110<->VM-91
 WARN 07-15 17:55:30,466 ExecutorChannelManagerMap:95 [pool-16-thread-3] - Cannot connnect VM-110<->VM-129
 WARN 07-15 17:55:30,466 ExecutorChannelManagerMap:95 [pool-16-thread-3] - Cannot connnect VM-110<->VM-90
 WARN 07-15 17:55:30,466 ExecutorChannelManagerMap:95 [pool-16-thread-3] - Cannot connnect VM-110<->VM-128
 WARN 07-15 17:55:30,466 ExecutorChannelManagerMap:95 [pool-16-thread-3] - Cannot connnect VM-110<->VM-127
 WARN 07-15 17:55:30,466 ExecutorChannelManagerMap:95 [pool-16-thread-3] - Cannot connnect VM-110<->VM-140
 WARN 07-15 17:55:30,466 ExecutorChannelManagerMap:95 [pool-16-thread-3] - Cannot connnect VM-110<->VM-69
 WARN 07-15 17:55:30,466 ExecutorChannelManagerMap:95 [pool-16-thread-3] - Cannot connnect VM-110<->VM-68
 WARN 07-15 17:55:30,466 ExecutorChannelManagerMap:95 [pool-16-thread-3] - Cannot connnect VM-110<->VM-67
 WARN 07-15 17:55:30,466 ExecutorChannelManagerMap:95 [pool-16-thread-3] - Cannot connnect VM-110<->VM-144
 WARN 07-15 17:55:30,466 ExecutorChannelManagerMap:95 [pool-16-thread-3] - Cannot connnect VM-110<->VM-66
 WARN 07-15 17:55:30,466 ExecutorChannelManagerMap:95 [pool-16-thread-3] - Cannot connnect VM-110<->VM-143
 WARN 07-15 17:55:30,466 ExecutorChannelManagerMap:95 [pool-16-thread-3] - Cannot connnect VM-110<->VM-65
 WARN 07-15 17:55:30,466 ExecutorChannelManagerMap:95 [pool-16-thread-3] - Cannot connnect VM-110<->VM-142
 WARN 07-15 17:55:30,466 ExecutorChannelManagerMap:95 [pool-16-thread-3] - Cannot connnect VM-110<->VM-64
 WARN 07-15 17:55:30,466 ExecutorChannelManagerMap:95 [pool-16-thread-3] - Cannot connnect VM-110<->VM-141
 WARN 07-15 17:55:30,466 ExecutorChannelManagerMap:95 [pool-16-thread-3] - Cannot connnect VM-110<->VM-63
 WARN 07-15 17:55:30,466 ExecutorChannelManagerMap:95 [pool-16-thread-3] - Cannot connnect VM-110<->VM-148
 WARN 07-15 17:55:30,466 ExecutorChannelManagerMap:95 [pool-16-thread-3] - Cannot connnect VM-110<->VM-62
 WARN 07-15 17:55:30,466 ExecutorChannelManagerMap:95 [pool-16-thread-3] - Cannot connnect VM-110<->VM-147
 WARN 07-15 17:55:30,466 ExecutorChannelManagerMap:95 [pool-16-thread-3] - Cannot connnect VM-110<->VM-61
 WARN 07-15 17:55:30,466 ExecutorChannelManagerMap:95 [pool-16-thread-3] - Cannot connnect VM-110<->VM-146
 WARN 07-15 17:55:30,466 ExecutorChannelManagerMap:95 [pool-16-thread-3] - Cannot connnect VM-110<->VM-60
 WARN 07-15 17:55:30,466 ExecutorChannelManagerMap:95 [pool-16-thread-3] - Cannot connnect VM-110<->VM-145
 WARN 07-15 17:55:30,466 ExecutorChannelManagerMap:95 [pool-16-thread-3] - Cannot connnect VM-110<->VM-139
 WARN 07-15 17:55:30,467 ExecutorChannelManagerMap:95 [pool-16-thread-3] - Cannot connnect VM-110<->VM-138
 WARN 07-15 17:55:30,467 ExecutorChannelManagerMap:95 [pool-16-thread-3] - Cannot connnect VM-110<->VM-151
 WARN 07-15 17:55:30,467 ExecutorChannelManagerMap:95 [pool-16-thread-3] - Cannot connnect VM-110<->VM-150
 WARN 07-15 17:55:30,467 ExecutorChannelManagerMap:95 [pool-16-thread-3] - Cannot connnect VM-110<->VM-79
 WARN 07-15 17:55:30,467 ExecutorChannelManagerMap:95 [pool-16-thread-3] - Cannot connnect VM-110<->VM-78
 WARN 07-15 17:55:30,467 ExecutorChannelManagerMap:95 [pool-16-thread-3] - Cannot connnect VM-110<->VM-155
 WARN 07-15 17:55:30,467 ExecutorChannelManagerMap:95 [pool-16-thread-3] - Cannot connnect VM-110<->VM-77
 WARN 07-15 17:55:30,467 ExecutorChannelManagerMap:95 [pool-16-thread-3] - Cannot connnect VM-110<->VM-154
 WARN 07-15 17:55:30,467 ExecutorChannelManagerMap:95 [pool-16-thread-3] - Cannot connnect VM-110<->VM-76
 WARN 07-15 17:55:30,467 ExecutorChannelManagerMap:95 [pool-16-thread-3] - Cannot connnect VM-110<->VM-153
 WARN 07-15 17:55:30,467 ExecutorChannelManagerMap:95 [pool-16-thread-3] - Cannot connnect VM-110<->VM-75
 WARN 07-15 17:55:30,467 ExecutorChannelManagerMap:95 [pool-16-thread-3] - Cannot connnect VM-110<->VM-152
 WARN 07-15 17:55:30,467 ExecutorChannelManagerMap:95 [pool-16-thread-3] - Cannot connnect VM-110<->VM-74
 WARN 07-15 17:55:30,467 ExecutorChannelManagerMap:95 [pool-16-thread-3] - Cannot connnect VM-110<->VM-159
 WARN 07-15 17:55:30,467 ExecutorChannelManagerMap:95 [pool-16-thread-3] - Cannot connnect VM-110<->VM-73
 WARN 07-15 17:55:30,467 ExecutorChannelManagerMap:95 [pool-16-thread-3] - Cannot connnect VM-110<->VM-158
 WARN 07-15 17:55:30,467 ExecutorChannelManagerMap:95 [pool-16-thread-3] - Cannot connnect VM-110<->VM-72
 WARN 07-15 17:55:30,467 ExecutorChannelManagerMap:95 [pool-16-thread-3] - Cannot connnect VM-110<->VM-157
 WARN 07-15 17:55:30,467 ExecutorChannelManagerMap:95 [pool-16-thread-3] - Cannot connnect VM-110<->VM-71
 WARN 07-15 17:55:30,467 ExecutorChannelManagerMap:95 [pool-16-thread-3] - Cannot connnect VM-110<->VM-156
 WARN 07-15 17:55:30,467 ExecutorChannelManagerMap:95 [pool-16-thread-3] - Cannot connnect VM-110<->VM-70
 WARN 07-15 17:55:30,467 ExecutorChannelManagerMap:95 [pool-16-thread-3] - Cannot connnect VM-110<->VM-149
 WARN 07-15 17:55:30,467 ExecutorChannelManagerMap:95 [pool-16-thread-3] - Cannot connnect VM-110<->VM-49
 WARN 07-15 17:55:30,467 ExecutorChannelManagerMap:95 [pool-16-thread-3] - Cannot connnect VM-110<->VM-48
 WARN 07-15 17:55:30,467 ExecutorChannelManagerMap:95 [pool-16-thread-3] - Cannot connnect VM-110<->VM-47
 WARN 07-15 17:55:30,467 ExecutorChannelManagerMap:95 [pool-16-thread-3] - Cannot connnect VM-110<->VM-160
 WARN 07-15 17:55:30,467 ExecutorChannelManagerMap:95 [pool-16-thread-3] - Cannot connnect VM-110<->VM-46
 WARN 07-15 17:55:30,468 ExecutorChannelManagerMap:95 [pool-16-thread-3] - Cannot connnect VM-110<->VM-45
 WARN 07-15 17:55:30,468 ExecutorChannelManagerMap:95 [pool-16-thread-3] - Cannot connnect VM-110<->VM-6
 WARN 07-15 17:55:30,468 ExecutorChannelManagerMap:95 [pool-16-thread-3] - Cannot connnect VM-110<->VM-44
 WARN 07-15 17:55:30,468 ExecutorChannelManagerMap:95 [pool-16-thread-3] - Cannot connnect VM-110<->VM-7
 WARN 07-15 17:55:30,468 ExecutorChannelManagerMap:95 [pool-16-thread-3] - Cannot connnect VM-110<->VM-43
 WARN 07-15 17:55:30,468 ExecutorChannelManagerMap:95 [pool-16-thread-3] - Cannot connnect VM-110<->VM-8
 WARN 07-15 17:55:30,468 ExecutorChannelManagerMap:95 [pool-16-thread-3] - Cannot connnect VM-110<->VM-42
 WARN 07-15 17:55:30,468 ExecutorChannelManagerMap:95 [pool-16-thread-3] - Cannot connnect VM-110<->VM-9
 WARN 07-15 17:55:30,468 ExecutorChannelManagerMap:95 [pool-16-thread-3] - Cannot connnect VM-110<->VM-41
 WARN 07-15 17:55:30,468 ExecutorChannelManagerMap:95 [pool-16-thread-3] - Cannot connnect VM-110<->VM-40
 WARN 07-15 17:55:30,468 ExecutorChannelManagerMap:95 [pool-16-thread-3] - Cannot connnect VM-110<->VM-59
 WARN 07-15 17:55:30,468 ExecutorChannelManagerMap:95 [pool-16-thread-3] - Cannot connnect VM-110<->VM-58
 WARN 07-15 17:55:30,468 ExecutorChannelManagerMap:95 [pool-16-thread-3] - Cannot connnect VM-110<->VM-57
 WARN 07-15 17:55:30,468 ExecutorChannelManagerMap:95 [pool-16-thread-3] - Cannot connnect VM-110<->VM-56
 WARN 07-15 17:55:30,468 ExecutorChannelManagerMap:95 [pool-16-thread-3] - Cannot connnect VM-110<->VM-55
 WARN 07-15 17:55:30,468 ExecutorChannelManagerMap:95 [pool-16-thread-3] - Cannot connnect VM-110<->VM-54
 WARN 07-15 17:55:30,468 ExecutorChannelManagerMap:95 [pool-16-thread-3] - Cannot connnect VM-110<->VM-53
 WARN 07-15 17:55:30,468 ExecutorChannelManagerMap:95 [pool-16-thread-3] - Cannot connnect VM-110<->VM-52
 WARN 07-15 17:55:30,468 ExecutorChannelManagerMap:95 [pool-16-thread-3] - Cannot connnect VM-110<->VM-51
 WARN 07-15 17:55:30,468 ExecutorChannelManagerMap:95 [pool-16-thread-3] - Cannot connnect VM-110<->VM-50
 WARN 07-15 17:55:30,468 ExecutorChannelManagerMap:95 [pool-16-thread-3] - Cannot connnect VM-110<->VM-1
 WARN 07-15 17:55:30,468 ExecutorChannelManagerMap:95 [pool-16-thread-3] - Cannot connnect VM-110<->VM-2
 WARN 07-15 17:55:30,468 ExecutorChannelManagerMap:95 [pool-16-thread-3] - Cannot connnect VM-110<->VM-3
 WARN 07-15 17:55:30,468 ExecutorChannelManagerMap:95 [pool-16-thread-3] - Cannot connnect VM-110<->VM-4
 WARN 07-15 17:55:30,468 ExecutorChannelManagerMap:95 [pool-16-thread-3] - Cannot connnect VM-110<->VM-5
 WARN 07-15 17:55:30,469 ExecutorChannelManagerMap:95 [pool-16-thread-3] - Cannot connnect VM-110<->VM-29
 WARN 07-15 17:55:30,469 ExecutorChannelManagerMap:95 [pool-16-thread-3] - Cannot connnect VM-110<->VM-28
 WARN 07-15 17:55:30,469 ExecutorChannelManagerMap:95 [pool-16-thread-3] - Cannot connnect VM-110<->VM-27
 WARN 07-15 17:55:30,469 ExecutorChannelManagerMap:95 [pool-16-thread-3] - Cannot connnect VM-110<->VM-26
 WARN 07-15 17:55:30,469 ExecutorChannelManagerMap:95 [pool-16-thread-3] - Cannot connnect VM-110<->VM-25
 WARN 07-15 17:55:30,469 ExecutorChannelManagerMap:95 [pool-16-thread-3] - Cannot connnect VM-110<->VM-24
 WARN 07-15 17:55:30,469 ExecutorChannelManagerMap:95 [pool-16-thread-3] - Cannot connnect VM-110<->VM-100
 WARN 07-15 17:55:30,469 ExecutorChannelManagerMap:95 [pool-16-thread-3] - Cannot connnect VM-110<->VM-23
 WARN 07-15 17:55:30,469 ExecutorChannelManagerMap:95 [pool-16-thread-3] - Cannot connnect VM-110<->VM-22
 WARN 07-15 17:55:30,469 ExecutorChannelManagerMap:106 [pool-16-thread-3] - Executor Executor4 already registered
 WARN 07-15 17:55:30,469 ExecutorChannelManagerMap:95 [pool-16-thread-3] - Cannot connnect VM-110<->VM-21
 WARN 07-15 17:55:30,469 ExecutorChannelManagerMap:106 [pool-16-thread-3] - Executor Executor3 already registered
 WARN 07-15 17:55:30,469 ExecutorChannelManagerMap:95 [pool-16-thread-3] - Cannot connnect VM-110<->VM-20
 WARN 07-15 17:55:30,469 ExecutorChannelManagerMap:95 [pool-16-thread-3] - Cannot connnect VM-110<->VM-104
 WARN 07-15 17:55:30,469 ExecutorChannelManagerMap:95 [pool-16-thread-3] - Cannot connnect VM-110<->VM-103
 WARN 07-15 17:55:30,469 ExecutorChannelManagerMap:95 [pool-16-thread-3] - Cannot connnect VM-110<->VM-101
 WARN 07-15 17:55:30,469 ExecutorChannelManagerMap:95 [pool-16-thread-3] - Cannot connnect VM-110<->VM-39
 WARN 07-15 17:55:30,469 ExecutorChannelManagerMap:95 [pool-16-thread-3] - Cannot connnect VM-110<->VM-38
 WARN 07-15 17:55:30,469 ExecutorChannelManagerMap:95 [pool-16-thread-3] - Cannot connnect VM-110<->VM-37
 WARN 07-15 17:55:30,469 ExecutorChannelManagerMap:95 [pool-16-thread-3] - Cannot connnect VM-110<->VM-36
 WARN 07-15 17:55:30,469 ExecutorChannelManagerMap:95 [pool-16-thread-3] - Cannot connnect VM-110<->VM-35
 WARN 07-15 17:55:30,469 ExecutorChannelManagerMap:95 [pool-16-thread-3] - Cannot connnect VM-110<->VM-34
 WARN 07-15 17:55:30,469 ExecutorChannelManagerMap:95 [pool-16-thread-3] - Cannot connnect VM-110<->VM-111
 WARN 07-15 17:55:30,470 ExecutorChannelManagerMap:95 [pool-16-thread-3] - Cannot connnect VM-110<->VM-33
 WARN 07-15 17:55:30,470 ExecutorChannelManagerMap:95 [pool-16-thread-3] - Cannot connnect VM-110<->VM-32
 WARN 07-15 17:55:30,470 ExecutorChannelManagerMap:95 [pool-16-thread-3] - Cannot connnect VM-110<->VM-31
 WARN 07-15 17:55:30,470 ExecutorChannelManagerMap:95 [pool-16-thread-3] - Cannot connnect VM-110<->VM-30
 WARN 07-15 17:55:30,470 ExecutorChannelManagerMap:95 [pool-16-thread-3] - Cannot connnect VM-110<->VM-115
 WARN 07-15 17:55:30,470 ExecutorChannelManagerMap:95 [pool-16-thread-3] - Cannot connnect VM-110<->VM-114
 WARN 07-15 17:55:30,470 ExecutorChannelManagerMap:95 [pool-16-thread-3] - Cannot connnect VM-110<->VM-113
 WARN 07-15 17:55:30,470 ExecutorChannelManagerMap:95 [pool-16-thread-3] - Cannot connnect VM-110<->VM-112
 WARN 07-15 17:55:30,470 ExecutorChannelManagerMap:95 [pool-16-thread-3] - Cannot connnect VM-110<->VM-108
 WARN 07-15 17:55:30,470 ExecutorChannelManagerMap:95 [pool-16-thread-3] - Cannot connnect VM-110<->VM-107
 WARN 07-15 17:55:30,470 ExecutorChannelManagerMap:95 [pool-16-thread-3] - Cannot connnect VM-110<->VM-106
 WARN 07-15 17:55:30,470 ExecutorChannelManagerMap:95 [pool-16-thread-3] - Cannot connnect VM-110<->VM-105
 WARN 07-15 17:55:30,470 ExecutorChannelManagerMap:106 [pool-16-thread-3] - Executor Executor2 already registered
 WARN 07-15 17:55:30,470 ExecutorChannelManagerMap:106 [pool-16-thread-3] - Executor Executor1 already registered
 WARN 07-15 17:55:30,470 ExecutorChannelManagerMap:106 [pool-16-thread-3] - Executor Executor0 already registered
 WARN 07-15 17:55:30,470 ExecutorChannelManagerMap:95 [pool-16-thread-3] - Cannot connnect VM-110<->VM-109
 WARN 07-15 17:55:30,470 ExecutorChannelManagerMap:95 [pool-16-thread-8] - Cannot connnect VM-110<->VM-89
 WARN 07-15 17:55:30,470 ExecutorChannelManagerMap:95 [pool-16-thread-8] - Cannot connnect VM-110<->VM-122
 WARN 07-15 17:55:30,470 ExecutorChannelManagerMap:95 [pool-16-thread-8] - Cannot connnect VM-110<->VM-88
 WARN 07-15 17:55:30,470 ExecutorChannelManagerMap:95 [pool-16-thread-8] - Cannot connnect VM-110<->VM-121
 WARN 07-15 17:55:30,470 ExecutorChannelManagerMap:95 [pool-16-thread-8] - Cannot connnect VM-110<->VM-87
 WARN 07-15 17:55:30,470 ExecutorChannelManagerMap:95 [pool-16-thread-8] - Cannot connnect VM-110<->VM-120
 WARN 07-15 17:55:30,470 ExecutorChannelManagerMap:95 [pool-16-thread-8] - Cannot connnect VM-110<->VM-86
 WARN 07-15 17:55:30,470 ExecutorChannelManagerMap:95 [pool-16-thread-8] - Cannot connnect VM-110<->VM-85
 WARN 07-15 17:55:30,470 ExecutorChannelManagerMap:95 [pool-16-thread-8] - Cannot connnect VM-110<->VM-126
 WARN 07-15 17:55:30,470 ExecutorChannelManagerMap:95 [pool-16-thread-8] - Cannot connnect VM-110<->VM-84
 WARN 07-15 17:55:30,471 ExecutorChannelManagerMap:95 [pool-16-thread-8] - Cannot connnect VM-110<->VM-125
 WARN 07-15 17:55:30,471 ExecutorChannelManagerMap:95 [pool-16-thread-8] - Cannot connnect VM-110<->VM-83
 WARN 07-15 17:55:30,471 ExecutorChannelManagerMap:95 [pool-16-thread-8] - Cannot connnect VM-110<->VM-124
 WARN 07-15 17:55:30,471 ExecutorChannelManagerMap:95 [pool-16-thread-8] - Cannot connnect VM-110<->VM-82
 WARN 07-15 17:55:30,471 ExecutorChannelManagerMap:95 [pool-16-thread-8] - Cannot connnect VM-110<->VM-123
 WARN 07-15 17:55:30,471 ExecutorChannelManagerMap:95 [pool-16-thread-8] - Cannot connnect VM-110<->VM-81
 WARN 07-15 17:55:30,471 ExecutorChannelManagerMap:95 [pool-16-thread-8] - Cannot connnect VM-110<->VM-119
 WARN 07-15 17:55:30,471 ExecutorChannelManagerMap:95 [pool-16-thread-8] - Cannot connnect VM-110<->VM-80
 WARN 07-15 17:55:30,471 ExecutorChannelManagerMap:95 [pool-16-thread-8] - Cannot connnect VM-110<->VM-118
 WARN 07-15 17:55:30,471 ExecutorChannelManagerMap:95 [pool-16-thread-8] - Cannot connnect VM-110<->VM-117
 WARN 07-15 17:55:30,471 ExecutorChannelManagerMap:95 [pool-16-thread-8] - Cannot connnect VM-110<->VM-116
 WARN 07-15 17:55:30,471 ExecutorChannelManagerMap:95 [pool-16-thread-8] - Cannot connnect VM-110<->VM-19
 WARN 07-15 17:55:30,471 ExecutorChannelManagerMap:95 [pool-16-thread-8] - Cannot connnect VM-110<->VM-18
 WARN 07-15 17:55:30,471 ExecutorChannelManagerMap:95 [pool-16-thread-8] - Cannot connnect VM-110<->VM-17
 WARN 07-15 17:55:30,471 ExecutorChannelManagerMap:95 [pool-16-thread-8] - Cannot connnect VM-110<->VM-16
 WARN 07-15 17:55:30,471 ExecutorChannelManagerMap:95 [pool-16-thread-8] - Cannot connnect VM-110<->VM-15
 WARN 07-15 17:55:30,471 ExecutorChannelManagerMap:95 [pool-16-thread-8] - Cannot connnect VM-110<->VM-14
 WARN 07-15 17:55:30,471 ExecutorChannelManagerMap:95 [pool-16-thread-8] - Cannot connnect VM-110<->VM-13
 WARN 07-15 17:55:30,471 ExecutorChannelManagerMap:95 [pool-16-thread-8] - Cannot connnect VM-110<->VM-12
 WARN 07-15 17:55:30,471 ExecutorChannelManagerMap:95 [pool-16-thread-8] - Cannot connnect VM-110<->VM-133
 WARN 07-15 17:55:30,471 ExecutorChannelManagerMap:95 [pool-16-thread-8] - Cannot connnect VM-110<->VM-99
 WARN 07-15 17:55:30,471 ExecutorChannelManagerMap:95 [pool-16-thread-8] - Cannot connnect VM-110<->VM-11
 WARN 07-15 17:55:30,471 ExecutorChannelManagerMap:95 [pool-16-thread-8] - Cannot connnect VM-110<->VM-132
 WARN 07-15 17:55:30,471 ExecutorChannelManagerMap:95 [pool-16-thread-8] - Cannot connnect VM-110<->VM-98
 WARN 07-15 17:55:30,471 ExecutorChannelManagerMap:95 [pool-16-thread-8] - Cannot connnect VM-110<->VM-10
 WARN 07-15 17:55:30,471 ExecutorChannelManagerMap:95 [pool-16-thread-8] - Cannot connnect VM-110<->VM-131
 WARN 07-15 17:55:30,471 ExecutorChannelManagerMap:95 [pool-16-thread-8] - Cannot connnect VM-110<->VM-97
 WARN 07-15 17:55:30,471 ExecutorChannelManagerMap:95 [pool-16-thread-8] - Cannot connnect VM-110<->VM-130
 WARN 07-15 17:55:30,472 ExecutorChannelManagerMap:95 [pool-16-thread-8] - Cannot connnect VM-110<->VM-96
 WARN 07-15 17:55:30,472 ExecutorChannelManagerMap:95 [pool-16-thread-8] - Cannot connnect VM-110<->VM-137
 WARN 07-15 17:55:30,472 ExecutorChannelManagerMap:95 [pool-16-thread-8] - Cannot connnect VM-110<->VM-95
 WARN 07-15 17:55:30,472 ExecutorChannelManagerMap:95 [pool-16-thread-8] - Cannot connnect VM-110<->VM-136
 WARN 07-15 17:55:30,472 ExecutorChannelManagerMap:95 [pool-16-thread-8] - Cannot connnect VM-110<->VM-94
 WARN 07-15 17:55:30,472 ExecutorChannelManagerMap:95 [pool-16-thread-8] - Cannot connnect VM-110<->VM-135
 WARN 07-15 17:55:30,472 ExecutorChannelManagerMap:95 [pool-16-thread-8] - Cannot connnect VM-110<->VM-93
 WARN 07-15 17:55:30,472 ExecutorChannelManagerMap:95 [pool-16-thread-8] - Cannot connnect VM-110<->VM-134
 WARN 07-15 17:55:30,472 ExecutorChannelManagerMap:95 [pool-16-thread-8] - Cannot connnect VM-110<->VM-92
 WARN 07-15 17:55:30,472 ExecutorChannelManagerMap:95 [pool-16-thread-8] - Cannot connnect VM-110<->VM-91
 WARN 07-15 17:55:30,472 ExecutorChannelManagerMap:95 [pool-16-thread-8] - Cannot connnect VM-110<->VM-129
 WARN 07-15 17:55:30,472 ExecutorChannelManagerMap:95 [pool-16-thread-8] - Cannot connnect VM-110<->VM-90
 WARN 07-15 17:55:30,472 ExecutorChannelManagerMap:95 [pool-16-thread-8] - Cannot connnect VM-110<->VM-128
 WARN 07-15 17:55:30,472 ExecutorChannelManagerMap:95 [pool-16-thread-8] - Cannot connnect VM-110<->VM-127
 WARN 07-15 17:55:30,472 ExecutorChannelManagerMap:95 [pool-16-thread-8] - Cannot connnect VM-110<->VM-140
 WARN 07-15 17:55:30,472 ExecutorChannelManagerMap:95 [pool-16-thread-8] - Cannot connnect VM-110<->VM-69
 WARN 07-15 17:55:30,472 ExecutorChannelManagerMap:95 [pool-16-thread-8] - Cannot connnect VM-110<->VM-68
 WARN 07-15 17:55:30,472 ExecutorChannelManagerMap:95 [pool-16-thread-8] - Cannot connnect VM-110<->VM-67
 WARN 07-15 17:55:30,472 ExecutorChannelManagerMap:95 [pool-16-thread-8] - Cannot connnect VM-110<->VM-144
 WARN 07-15 17:55:30,472 ExecutorChannelManagerMap:95 [pool-16-thread-8] - Cannot connnect VM-110<->VM-66
 WARN 07-15 17:55:30,472 ExecutorChannelManagerMap:95 [pool-16-thread-8] - Cannot connnect VM-110<->VM-143
 WARN 07-15 17:55:30,472 ExecutorChannelManagerMap:95 [pool-16-thread-8] - Cannot connnect VM-110<->VM-65
 WARN 07-15 17:55:30,472 ExecutorChannelManagerMap:95 [pool-16-thread-8] - Cannot connnect VM-110<->VM-142
 WARN 07-15 17:55:30,472 ExecutorChannelManagerMap:95 [pool-16-thread-8] - Cannot connnect VM-110<->VM-64
 WARN 07-15 17:55:30,472 ExecutorChannelManagerMap:95 [pool-16-thread-8] - Cannot connnect VM-110<->VM-141
 WARN 07-15 17:55:30,472 ExecutorChannelManagerMap:95 [pool-16-thread-8] - Cannot connnect VM-110<->VM-63
 WARN 07-15 17:55:30,472 ExecutorChannelManagerMap:95 [pool-16-thread-8] - Cannot connnect VM-110<->VM-148
 WARN 07-15 17:55:30,472 ExecutorChannelManagerMap:95 [pool-16-thread-8] - Cannot connnect VM-110<->VM-62
 WARN 07-15 17:55:30,473 ExecutorChannelManagerMap:95 [pool-16-thread-8] - Cannot connnect VM-110<->VM-147
 WARN 07-15 17:55:30,473 ExecutorChannelManagerMap:95 [pool-16-thread-8] - Cannot connnect VM-110<->VM-61
 WARN 07-15 17:55:30,473 ExecutorChannelManagerMap:95 [pool-16-thread-8] - Cannot connnect VM-110<->VM-146
 WARN 07-15 17:55:30,473 ExecutorChannelManagerMap:95 [pool-16-thread-8] - Cannot connnect VM-110<->VM-60
 WARN 07-15 17:55:30,473 ExecutorChannelManagerMap:95 [pool-16-thread-8] - Cannot connnect VM-110<->VM-145
 WARN 07-15 17:55:30,473 ExecutorChannelManagerMap:95 [pool-16-thread-8] - Cannot connnect VM-110<->VM-139
 WARN 07-15 17:55:30,473 ExecutorChannelManagerMap:95 [pool-16-thread-8] - Cannot connnect VM-110<->VM-138
 WARN 07-15 17:55:30,473 ExecutorChannelManagerMap:95 [pool-16-thread-8] - Cannot connnect VM-110<->VM-151
 WARN 07-15 17:55:30,473 ExecutorChannelManagerMap:95 [pool-16-thread-8] - Cannot connnect VM-110<->VM-150
 WARN 07-15 17:55:30,473 ExecutorChannelManagerMap:95 [pool-16-thread-8] - Cannot connnect VM-110<->VM-79
 WARN 07-15 17:55:30,473 ExecutorChannelManagerMap:95 [pool-16-thread-8] - Cannot connnect VM-110<->VM-78
 WARN 07-15 17:55:30,473 ExecutorChannelManagerMap:95 [pool-16-thread-8] - Cannot connnect VM-110<->VM-155
 WARN 07-15 17:55:30,473 ExecutorChannelManagerMap:95 [pool-16-thread-8] - Cannot connnect VM-110<->VM-77
 WARN 07-15 17:55:30,473 ExecutorChannelManagerMap:95 [pool-16-thread-8] - Cannot connnect VM-110<->VM-154
 WARN 07-15 17:55:30,473 ExecutorChannelManagerMap:95 [pool-16-thread-8] - Cannot connnect VM-110<->VM-76
 WARN 07-15 17:55:30,473 ExecutorChannelManagerMap:95 [pool-16-thread-8] - Cannot connnect VM-110<->VM-153
 WARN 07-15 17:55:30,473 ExecutorChannelManagerMap:95 [pool-16-thread-8] - Cannot connnect VM-110<->VM-75
 WARN 07-15 17:55:30,473 ExecutorChannelManagerMap:95 [pool-16-thread-8] - Cannot connnect VM-110<->VM-152
 WARN 07-15 17:55:30,473 ExecutorChannelManagerMap:95 [pool-16-thread-8] - Cannot connnect VM-110<->VM-74
 WARN 07-15 17:55:30,473 ExecutorChannelManagerMap:95 [pool-16-thread-8] - Cannot connnect VM-110<->VM-159
 WARN 07-15 17:55:30,473 ExecutorChannelManagerMap:95 [pool-16-thread-8] - Cannot connnect VM-110<->VM-73
 WARN 07-15 17:55:30,473 ExecutorChannelManagerMap:95 [pool-16-thread-8] - Cannot connnect VM-110<->VM-158
 WARN 07-15 17:55:30,473 ExecutorChannelManagerMap:95 [pool-16-thread-8] - Cannot connnect VM-110<->VM-72
 WARN 07-15 17:55:30,473 ExecutorChannelManagerMap:95 [pool-16-thread-8] - Cannot connnect VM-110<->VM-157
 WARN 07-15 17:55:30,473 ExecutorChannelManagerMap:95 [pool-16-thread-8] - Cannot connnect VM-110<->VM-71
 WARN 07-15 17:55:30,473 ExecutorChannelManagerMap:95 [pool-16-thread-8] - Cannot connnect VM-110<->VM-156
 WARN 07-15 17:55:30,473 ExecutorChannelManagerMap:95 [pool-16-thread-8] - Cannot connnect VM-110<->VM-70
 WARN 07-15 17:55:30,473 ExecutorChannelManagerMap:95 [pool-16-thread-8] - Cannot connnect VM-110<->VM-149
 WARN 07-15 17:55:30,474 ExecutorChannelManagerMap:95 [pool-16-thread-8] - Cannot connnect VM-110<->VM-49
 WARN 07-15 17:55:30,474 ExecutorChannelManagerMap:95 [pool-16-thread-8] - Cannot connnect VM-110<->VM-48
 WARN 07-15 17:55:30,474 ExecutorChannelManagerMap:95 [pool-16-thread-8] - Cannot connnect VM-110<->VM-47
 WARN 07-15 17:55:30,474 ExecutorChannelManagerMap:95 [pool-16-thread-8] - Cannot connnect VM-110<->VM-160
 WARN 07-15 17:55:30,474 ExecutorChannelManagerMap:95 [pool-16-thread-8] - Cannot connnect VM-110<->VM-46
 WARN 07-15 17:55:30,474 ExecutorChannelManagerMap:95 [pool-16-thread-8] - Cannot connnect VM-110<->VM-45
 WARN 07-15 17:55:30,474 ExecutorChannelManagerMap:95 [pool-16-thread-8] - Cannot connnect VM-110<->VM-6
 WARN 07-15 17:55:30,474 ExecutorChannelManagerMap:95 [pool-16-thread-8] - Cannot connnect VM-110<->VM-44
 WARN 07-15 17:55:30,474 ExecutorChannelManagerMap:95 [pool-16-thread-8] - Cannot connnect VM-110<->VM-7
 WARN 07-15 17:55:30,474 ExecutorChannelManagerMap:95 [pool-16-thread-8] - Cannot connnect VM-110<->VM-43
 WARN 07-15 17:55:30,474 ExecutorChannelManagerMap:95 [pool-16-thread-8] - Cannot connnect VM-110<->VM-8
 WARN 07-15 17:55:30,474 ExecutorChannelManagerMap:95 [pool-16-thread-8] - Cannot connnect VM-110<->VM-42
 WARN 07-15 17:55:30,474 ExecutorChannelManagerMap:95 [pool-16-thread-8] - Cannot connnect VM-110<->VM-9
 WARN 07-15 17:55:30,474 ExecutorChannelManagerMap:95 [pool-16-thread-8] - Cannot connnect VM-110<->VM-41
 WARN 07-15 17:55:30,474 ExecutorChannelManagerMap:95 [pool-16-thread-8] - Cannot connnect VM-110<->VM-40
 WARN 07-15 17:55:30,474 ExecutorChannelManagerMap:95 [pool-16-thread-8] - Cannot connnect VM-110<->VM-59
 WARN 07-15 17:55:30,474 ExecutorChannelManagerMap:95 [pool-16-thread-8] - Cannot connnect VM-110<->VM-58
 WARN 07-15 17:55:30,474 ExecutorChannelManagerMap:95 [pool-16-thread-8] - Cannot connnect VM-110<->VM-57
 WARN 07-15 17:55:30,474 ExecutorChannelManagerMap:95 [pool-16-thread-8] - Cannot connnect VM-110<->VM-56
 WARN 07-15 17:55:30,474 ExecutorChannelManagerMap:95 [pool-16-thread-8] - Cannot connnect VM-110<->VM-55
 WARN 07-15 17:55:30,474 ExecutorChannelManagerMap:95 [pool-16-thread-8] - Cannot connnect VM-110<->VM-54
 WARN 07-15 17:55:30,474 ExecutorChannelManagerMap:95 [pool-16-thread-8] - Cannot connnect VM-110<->VM-53
 WARN 07-15 17:55:30,474 ExecutorChannelManagerMap:95 [pool-16-thread-8] - Cannot connnect VM-110<->VM-52
 WARN 07-15 17:55:30,474 ExecutorChannelManagerMap:95 [pool-16-thread-8] - Cannot connnect VM-110<->VM-51
 WARN 07-15 17:55:30,474 ExecutorChannelManagerMap:95 [pool-16-thread-8] - Cannot connnect VM-110<->VM-50
 WARN 07-15 17:55:30,474 ExecutorChannelManagerMap:95 [pool-16-thread-8] - Cannot connnect VM-110<->VM-1
 WARN 07-15 17:55:30,474 ExecutorChannelManagerMap:95 [pool-16-thread-8] - Cannot connnect VM-110<->VM-2
 WARN 07-15 17:55:30,475 ExecutorChannelManagerMap:95 [pool-16-thread-8] - Cannot connnect VM-110<->VM-3
 WARN 07-15 17:55:30,475 ExecutorChannelManagerMap:95 [pool-16-thread-8] - Cannot connnect VM-110<->VM-4
 WARN 07-15 17:55:30,475 ExecutorChannelManagerMap:95 [pool-16-thread-8] - Cannot connnect VM-110<->VM-5
 WARN 07-15 17:55:30,475 ExecutorChannelManagerMap:95 [pool-16-thread-8] - Cannot connnect VM-110<->VM-29
 WARN 07-15 17:55:30,475 ExecutorChannelManagerMap:95 [pool-16-thread-8] - Cannot connnect VM-110<->VM-28
 WARN 07-15 17:55:30,475 ExecutorChannelManagerMap:95 [pool-16-thread-8] - Cannot connnect VM-110<->VM-27
 WARN 07-15 17:55:30,475 ExecutorChannelManagerMap:95 [pool-16-thread-8] - Cannot connnect VM-110<->VM-26
 WARN 07-15 17:55:30,475 ExecutorChannelManagerMap:95 [pool-16-thread-8] - Cannot connnect VM-110<->VM-25
 WARN 07-15 17:55:30,475 ExecutorChannelManagerMap:95 [pool-16-thread-8] - Cannot connnect VM-110<->VM-24
 WARN 07-15 17:55:30,475 ExecutorChannelManagerMap:95 [pool-16-thread-8] - Cannot connnect VM-110<->VM-100
 WARN 07-15 17:55:30,475 ExecutorChannelManagerMap:95 [pool-16-thread-8] - Cannot connnect VM-110<->VM-23
 WARN 07-15 17:55:30,475 ExecutorChannelManagerMap:95 [pool-16-thread-8] - Cannot connnect VM-110<->VM-22
 WARN 07-15 17:55:30,475 ExecutorChannelManagerMap:106 [pool-16-thread-8] - Executor Executor4 already registered
 WARN 07-15 17:55:30,475 ExecutorChannelManagerMap:95 [pool-16-thread-8] - Cannot connnect VM-110<->VM-21
 WARN 07-15 17:55:30,475 ExecutorChannelManagerMap:106 [pool-16-thread-8] - Executor Executor3 already registered
 WARN 07-15 17:55:30,475 ExecutorChannelManagerMap:95 [pool-16-thread-8] - Cannot connnect VM-110<->VM-20
 WARN 07-15 17:55:30,475 ExecutorChannelManagerMap:95 [pool-16-thread-8] - Cannot connnect VM-110<->VM-104
 WARN 07-15 17:55:30,475 ExecutorChannelManagerMap:95 [pool-16-thread-8] - Cannot connnect VM-110<->VM-103
 WARN 07-15 17:55:30,475 ExecutorChannelManagerMap:95 [pool-16-thread-8] - Cannot connnect VM-110<->VM-102
 WARN 07-15 17:55:30,475 ExecutorChannelManagerMap:95 [pool-16-thread-8] - Cannot connnect VM-110<->VM-101
 WARN 07-15 17:55:30,475 ExecutorChannelManagerMap:95 [pool-16-thread-8] - Cannot connnect VM-110<->VM-39
 WARN 07-15 17:55:30,475 ExecutorChannelManagerMap:95 [pool-16-thread-8] - Cannot connnect VM-110<->VM-38
 WARN 07-15 17:55:30,475 ExecutorChannelManagerMap:95 [pool-16-thread-8] - Cannot connnect VM-110<->VM-37
 WARN 07-15 17:55:30,475 ExecutorChannelManagerMap:95 [pool-16-thread-8] - Cannot connnect VM-110<->VM-36
 WARN 07-15 17:55:30,475 ExecutorChannelManagerMap:95 [pool-16-thread-8] - Cannot connnect VM-110<->VM-35
 WARN 07-15 17:55:30,475 ExecutorChannelManagerMap:95 [pool-16-thread-8] - Cannot connnect VM-110<->VM-34
 WARN 07-15 17:55:30,475 ExecutorChannelManagerMap:95 [pool-16-thread-8] - Cannot connnect VM-110<->VM-111
 WARN 07-15 17:55:30,475 ExecutorChannelManagerMap:95 [pool-16-thread-8] - Cannot connnect VM-110<->VM-33
 WARN 07-15 17:55:30,476 ExecutorChannelManagerMap:95 [pool-16-thread-8] - Cannot connnect VM-110<->VM-32
 WARN 07-15 17:55:30,476 ExecutorChannelManagerMap:95 [pool-16-thread-8] - Cannot connnect VM-110<->VM-31
 WARN 07-15 17:55:30,476 ExecutorChannelManagerMap:95 [pool-16-thread-8] - Cannot connnect VM-110<->VM-30
 WARN 07-15 17:55:30,476 ExecutorChannelManagerMap:95 [pool-16-thread-8] - Cannot connnect VM-110<->VM-115
 WARN 07-15 17:55:30,476 ExecutorChannelManagerMap:95 [pool-16-thread-8] - Cannot connnect VM-110<->VM-114
 WARN 07-15 17:55:30,476 ExecutorChannelManagerMap:95 [pool-16-thread-8] - Cannot connnect VM-110<->VM-113
 WARN 07-15 17:55:30,476 ExecutorChannelManagerMap:95 [pool-16-thread-8] - Cannot connnect VM-110<->VM-112
 WARN 07-15 17:55:30,476 ExecutorChannelManagerMap:95 [pool-16-thread-8] - Cannot connnect VM-110<->VM-108
 WARN 07-15 17:55:30,476 ExecutorChannelManagerMap:95 [pool-16-thread-8] - Cannot connnect VM-110<->VM-107
 WARN 07-15 17:55:30,476 ExecutorChannelManagerMap:95 [pool-16-thread-8] - Cannot connnect VM-110<->VM-106
 WARN 07-15 17:55:30,476 ExecutorChannelManagerMap:95 [pool-16-thread-8] - Cannot connnect VM-110<->VM-105
 WARN 07-15 17:55:30,476 ExecutorChannelManagerMap:106 [pool-16-thread-8] - Executor Executor2 already registered
 WARN 07-15 17:55:30,476 ExecutorChannelManagerMap:106 [pool-16-thread-8] - Executor Executor1 already registered
 WARN 07-15 17:55:30,476 ExecutorChannelManagerMap:106 [pool-16-thread-8] - Executor Executor0 already registered
 WARN 07-15 17:55:30,476 ExecutorChannelManagerMap:95 [pool-16-thread-8] - Cannot connnect VM-110<->VM-109
 INFO 07-15 17:55:30,602 SystemLoadProfiler:50 [pool-8-thread-1] - Average CPU Load: 0.05 in VM-110
 INFO 07-15 17:55:30,603 TaskEventRateCalculator:114 [pool-8-thread-1] - ---- Start of task processed event (# tasks: 0 in executor VM-110)----
----- End of taks processed event ----

 INFO 07-15 17:55:30,603 CpuBottleneckDetectorImpl:63 [pool-8-thread-1] - Current cpu load: 0.05, # processed events: 0, consecutive: 0/2, threshold: 0.9 in VM-110
 INFO 07-15 17:55:31,602 SystemLoadProfiler:50 [pool-8-thread-1] - Average CPU Load: 0.02 in VM-110
 INFO 07-15 17:55:31,602 TaskEventRateCalculator:114 [pool-8-thread-1] - ---- Start of task processed event (# tasks: 0 in executor VM-110)----
----- End of taks processed event ----

 INFO 07-15 17:55:31,603 CpuBottleneckDetectorImpl:63 [pool-8-thread-1] - Current cpu load: 0.02, # processed events: 0, consecutive: 0/2, threshold: 0.9 in VM-110
 INFO 07-15 17:55:32,602 SystemLoadProfiler:50 [pool-8-thread-1] - Average CPU Load: 0.02 in VM-110
 INFO 07-15 17:55:32,602 TaskEventRateCalculator:114 [pool-8-thread-1] - ---- Start of task processed event (# tasks: 0 in executor VM-110)----
----- End of taks processed event ----

 INFO 07-15 17:55:32,603 CpuBottleneckDetectorImpl:63 [pool-8-thread-1] - Current cpu load: 0.02, # processed events: 0, consecutive: 0/2, threshold: 0.9 in VM-110
 INFO 07-15 17:55:33,602 SystemLoadProfiler:50 [pool-8-thread-1] - Average CPU Load: 0.02 in VM-110
 INFO 07-15 17:55:33,602 TaskEventRateCalculator:114 [pool-8-thread-1] - ---- Start of task processed event (# tasks: 0 in executor VM-110)----
----- End of taks processed event ----

 INFO 07-15 17:55:33,603 CpuBottleneckDetectorImpl:63 [pool-8-thread-1] - Current cpu load: 0.02, # processed events: 0, consecutive: 0/2, threshold: 0.9 in VM-110
 INFO 07-15 17:55:34,602 SystemLoadProfiler:50 [pool-8-thread-1] - Average CPU Load: 0.02 in VM-110
 INFO 07-15 17:55:34,602 TaskEventRateCalculator:114 [pool-8-thread-1] - ---- Start of task processed event (# tasks: 0 in executor VM-110)----
----- End of taks processed event ----

 INFO 07-15 17:55:34,603 CpuBottleneckDetectorImpl:63 [pool-8-thread-1] - Current cpu load: 0.02, # processed events: 0, consecutive: 0/2, threshold: 0.9 in VM-110
 INFO 07-15 17:55:35,602 SystemLoadProfiler:50 [pool-8-thread-1] - Average CPU Load: 0.02 in VM-110
 INFO 07-15 17:55:35,602 TaskEventRateCalculator:114 [pool-8-thread-1] - ---- Start of task processed event (# tasks: 0 in executor VM-110)----
----- End of taks processed event ----

 INFO 07-15 17:55:35,603 CpuBottleneckDetectorImpl:63 [pool-8-thread-1] - Current cpu load: 0.02, # processed events: 0, consecutive: 0/2, threshold: 0.9 in VM-110
 INFO 07-15 17:55:36,602 SystemLoadProfiler:50 [pool-8-thread-1] - Average CPU Load: 0.02 in VM-110
 INFO 07-15 17:55:36,602 TaskEventRateCalculator:114 [pool-8-thread-1] - ---- Start of task processed event (# tasks: 0 in executor VM-110)----
----- End of taks processed event ----

 INFO 07-15 17:55:36,603 CpuBottleneckDetectorImpl:63 [pool-8-thread-1] - Current cpu load: 0.02, # processed events: 0, consecutive: 0/2, threshold: 0.9 in VM-110
 INFO 07-15 17:55:37,602 SystemLoadProfiler:50 [pool-8-thread-1] - Average CPU Load: 0.02 in VM-110
 INFO 07-15 17:55:37,602 TaskEventRateCalculator:114 [pool-8-thread-1] - ---- Start of task processed event (# tasks: 0 in executor VM-110)----
----- End of taks processed event ----

 INFO 07-15 17:55:37,603 CpuBottleneckDetectorImpl:63 [pool-8-thread-1] - Current cpu load: 0.02, # processed events: 0, consecutive: 0/2, threshold: 0.9 in VM-110
 INFO 07-15 17:55:38,602 SystemLoadProfiler:50 [pool-8-thread-1] - Average CPU Load: 0.02 in VM-110
 INFO 07-15 17:55:38,602 TaskEventRateCalculator:114 [pool-8-thread-1] - ---- Start of task processed event (# tasks: 0 in executor VM-110)----
----- End of taks processed event ----

 INFO 07-15 17:55:38,603 CpuBottleneckDetectorImpl:63 [pool-8-thread-1] - Current cpu load: 0.02, # processed events: 0, consecutive: 0/2, threshold: 0.9 in VM-110
 INFO 07-15 17:55:39,413 Executor$ExecutorMessageReceiver:1217 [pool-16-thread-8] - Task scheduled Stage3-1-0,VM-79 received at VM-110
 INFO 07-15 17:55:39,421 Executor$ExecutorMessageReceiver:1217 [pool-16-thread-8] - Task scheduled Stage3-2-0,VM-78 received at VM-110
 INFO 07-15 17:55:39,425 Executor$ExecutorMessageReceiver:1217 [pool-16-thread-8] - Task scheduled Stage3-3-0,VM-112 received at VM-110
 INFO 07-15 17:55:39,544 Executor$ExecutorMessageReceiver:1217 [pool-16-thread-8] - Task scheduled Stage3-0-0,VM-111 received at VM-110
 INFO 07-15 17:55:39,602 SystemLoadProfiler:50 [pool-8-thread-1] - Average CPU Load: 0.02 in VM-110
 INFO 07-15 17:55:39,602 TaskEventRateCalculator:114 [pool-8-thread-1] - ---- Start of task processed event (# tasks: 0 in executor VM-110)----
----- End of taks processed event ----

 INFO 07-15 17:55:39,603 CpuBottleneckDetectorImpl:63 [pool-8-thread-1] - Current cpu load: 0.02, # processed events: 0, consecutive: 0/2, threshold: 0.9 in VM-110
 INFO 07-15 17:55:40,601 SystemLoadProfiler:50 [pool-8-thread-1] - Average CPU Load: 0.32 in VM-110
 INFO 07-15 17:55:40,602 TaskEventRateCalculator:114 [pool-8-thread-1] - ---- Start of task processed event (# tasks: 0 in executor VM-110)----
----- End of taks processed event ----

 INFO 07-15 17:55:40,602 CpuBottleneckDetectorImpl:63 [pool-8-thread-1] - Current cpu load: 0.32, # processed events: 0, consecutive: 0/2, threshold: 0.9 in VM-110
 INFO 07-15 17:55:41,077 Task:459 [pool-16-thread-8] - Writing data: edge: edge23, Task Stage2-2-0, Dest [0, 1, 2, 3]
 INFO 07-15 17:55:41,084 Task:511 [pool-16-thread-8] - Writing data: edge: edge15, Task Stage2-2-0, Dest [0, 1, 2, 3]
 INFO 07-15 17:55:41,084 Task:511 [pool-16-thread-8] - Writing data: edge: edge16, Task Stage2-2-0, Dest [0, 1, 2, 3]
 INFO 07-15 17:55:41,084 Task:107 [pool-16-thread-8] - Task Stage2-2-0 scheduled ... upstreamTasks [[Stage1-0-0, Stage1-1-0, Stage1-2-0, Stage1-3-0], [Stage1-0-0, Stage1-1-0, Stage1-2-0, Stage1-3-0]]
 INFO 07-15 17:55:41,085 Executor$ExecutorMessageReceiver:1489 [pool-16-thread-8] - Task Stage2-2-0 received in executor VM-110, serialized time 1320
 INFO 07-15 17:55:41,085 Executor:645 [pool-16-thread-8] - Executor [VM-110] received Task [Stage2-2-0] to execute.
 INFO 07-15 17:55:41,086 Executor:659 [pool-16-thread-8] - Task Stage2-2-0 irDag deser time 0
 INFO 07-15 17:55:41,090 Executor:730 [pool-16-thread-8] - Registering serializer manager in Stage2-2-0 edge edge15: NemoEventEncoderFactory{valueEncoderFactory=org.apache.beam.sdk.util.WindowedValue$FullWindowedValueCoder}, NemoEventDecoderFactory{valueDecoderFactory=org.apache.beam.sdk.util.WindowedValue$FullWindowedValueCoder}
 INFO 07-15 17:55:41,090 Executor:730 [pool-16-thread-8] - Registering serializer manager in Stage2-2-0 edge edge16: NemoEventEncoderFactory{valueEncoderFactory=org.apache.beam.sdk.util.WindowedValue$FullWindowedValueCoder}, NemoEventDecoderFactory{valueDecoderFactory=org.apache.beam.sdk.util.WindowedValue$FullWindowedValueCoder}
 INFO 07-15 17:55:41,090 Executor:759 [pool-16-thread-8] - VM-110 Launch task: Stage2-2-0, edge register time 3
 INFO 07-15 17:55:41,094 Executor:1013 [pool-16-thread-8] - DefaultTaskExecutor for Stage2-2-0
 INFO 07-15 17:55:41,105 SingleStageWatermarkTracker:232 [pool-16-thread-8] - Decoding single stage watermark tracker in Stage2-2-0 watermarks: [1784138133290, 1784138133290, 1784138133290, 1784138133290] ,stoppedWmarks: 0, minWatermarkIndex: 1784138133290,prevEmitWatermark: {} 
 INFO 07-15 17:55:41,106 SingleStageWatermarkTracker:232 [pool-16-thread-8] - Decoding single stage watermark tracker in Stage2-2-0 watermarks: [1784138133290, 1784138133290, 1784138133290, 1784138133290] ,stoppedWmarks: 0, minWatermarkIndex: 1784138133290,prevEmitWatermark: {} 
 INFO 07-15 17:55:41,106 DefaultTaskExecutorImpl:187 [pool-16-thread-8] - Task Stage2-2-0 watermark manager restore time 8
 INFO 07-15 17:55:41,106 DefaultTaskExecutorImpl:198 [pool-16-thread-8] - Source vertex data fetchers in defaultTaskExecutorimpl: []
 INFO 07-15 17:55:41,106 DefaultTaskExecutorImpl:384 [pool-16-thread-8] - Start to registering input output pipe Stage2-2-0
 INFO 07-15 17:55:41,107 DefaultTaskExecutorImpl:387 [pool-16-thread-8] - Task outgoing edge for Stage2-2-0 {"runtimeEdgeId":"edge23","executionProperties":{"org.apache.nemo.common.ir.edge.executionproperty.EncoderProperty":"org.apache.beam.sdk.util.WindowedValue$FullWindowedValueCoder","org.apache.nemo.common.ir.edge.executionproperty.DecoderProperty":"org.apache.beam.sdk.util.WindowedValue$FullWindowedValueCoder","org.apache.nemo.common.ir.edge.executionproperty.DecompressionProperty":"None","org.apache.nemo.common.ir.edge.executionproperty.CommunicationPatternProperty":"Shuffle","org.apache.nemo.common.ir.edge.executionproperty.CompressionProperty":"None","org.apache.nemo.common.ir.edge.executionproperty.KeyDecoderProperty":"org.apache.beam.sdk.coders.VarLongCoder","org.apache.nemo.common.ir.edge.executionproperty.DataFlowProperty":"Pull","org.apache.nemo.common.ir.edge.executionproperty.KeyEncoderProperty":"org.apache.beam.sdk.coders.VarLongCoder","org.apache.nemo.common.ir.edge.executionproperty.DataPersistenceProperty":"Keep","org.apache.nemo.common.ir.edge.executionproperty.PartitionerProperty":"Pair[Hash,0]","org.apache.nemo.common.ir.edge.executionproperty.KeyExtractorProperty":"org.apache.nemo.compiler.frontend.beam.BeamKeyExtractor@845","org.apache.nemo.common.ir.edge.executionproperty.DataStoreProperty":"Pipe"},"externalSrcVertexId":"vertex23","externalDstVertexId":"vertex26"}
 INFO 07-15 17:55:41,107 DefaultTaskExecutorImpl:401 [pool-16-thread-8] - Registering pipe for output edges in Stage2-2-0, parallelism 4
 INFO 07-15 17:55:41,108 TaskExecutorUtil:136 [pool-16-thread-8] - Writing data: edge: edge23, Task Stage2-2-0, Dest [0, 1, 2, 3]
 INFO 07-15 17:55:41,111 PipeIndexMapWorker:74 [pool-16-thread-8] - Request pipe index for Stage3-0-0/edge23/Stage2-2-0 in {}
 INFO 07-15 17:55:41,115 PipeIndexMapWorker:74 [pool-16-thread-8] - Request pipe index for Stage2-2-0/edge23/Stage3-0-0 in {}
 INFO 07-15 17:55:41,118 PipeIndexMapWorker:74 [pool-16-thread-8] - Request pipe index for Stage3-1-0/edge23/Stage2-2-0 in {}
 INFO 07-15 17:55:41,119 PipeIndexMapWorker:74 [pool-16-thread-8] - Request pipe index for Stage2-2-0/edge23/Stage3-1-0 in {}
 INFO 07-15 17:55:41,122 PipeIndexMapWorker:74 [pool-16-thread-8] - Request pipe index for Stage3-2-0/edge23/Stage2-2-0 in {}
 INFO 07-15 17:55:41,124 PipeIndexMapWorker:74 [pool-16-thread-8] - Request pipe index for Stage2-2-0/edge23/Stage3-2-0 in {}
 INFO 07-15 17:55:41,125 PipeIndexMapWorker:74 [pool-16-thread-8] - Request pipe index for Stage3-3-0/edge23/Stage2-2-0 in {}
 INFO 07-15 17:55:41,127 PipeIndexMapWorker:74 [pool-16-thread-8] - Request pipe index for Stage2-2-0/edge23/Stage3-3-0 in {}
 INFO 07-15 17:55:41,130 DefaultTaskExecutorImpl:413 [pool-16-thread-8] - End of task outgoing edge for Stage2-2-0 {"runtimeEdgeId":"edge23","executionProperties":{"org.apache.nemo.common.ir.edge.executionproperty.EncoderProperty":"org.apache.beam.sdk.util.WindowedValue$FullWindowedValueCoder","org.apache.nemo.common.ir.edge.executionproperty.DecoderProperty":"org.apache.beam.sdk.util.WindowedValue$FullWindowedValueCoder","org.apache.nemo.common.ir.edge.executionproperty.DecompressionProperty":"None","org.apache.nemo.common.ir.edge.executionproperty.CommunicationPatternProperty":"Shuffle","org.apache.nemo.common.ir.edge.executionproperty.CompressionProperty":"None","org.apache.nemo.common.ir.edge.executionproperty.KeyDecoderProperty":"org.apache.beam.sdk.coders.VarLongCoder","org.apache.nemo.common.ir.edge.executionproperty.DataFlowProperty":"Pull","org.apache.nemo.common.ir.edge.executionproperty.KeyEncoderProperty":"org.apache.beam.sdk.coders.VarLongCoder","org.apache.nemo.common.ir.edge.executionproperty.DataPersistenceProperty":"Keep","org.apache.nemo.common.ir.edge.executionproperty.PartitionerProperty":"Pair[Hash,0]","org.apache.nemo.common.ir.edge.executionproperty.KeyExtractorProperty":"org.apache.nemo.compiler.frontend.beam.BeamKeyExtractor@845","org.apache.nemo.common.ir.edge.executionproperty.DataStoreProperty":"Pipe"},"externalSrcVertexId":"vertex23","externalDstVertexId":"vertex26"}
 INFO 07-15 17:55:41,131 DefaultTaskExecutorImpl:416 [pool-16-thread-8] - Task Stage2-2-0 registering pipe time: 25
 INFO 07-15 17:55:41,138 DefaultTaskExecutorImpl:430 [pool-16-thread-8] - Vertex vertex23 isGBK false isPushback false, WindowFnTransform / []org.apache.beam.sdk.transforms.windowing.Window$Assign / timestampCombiner=EARLIEST
[]org.apache.beam.sdk.transforms.windowing.Window$Assign / allowedLateness=0
[]org.apache.beam.sdk.transforms.windowing.Window$Assign / accumulationMode=ACCUMULATING_FIRED_PANES
[]org.apache.beam.sdk.transforms.windowing.Window$Assign / trigger=Repeatedly.forever(AfterPane.elementCountAtLeast(1))
[]org.apache.beam.sdk.transforms.windowing.Window$Assign / windowFn=org.apache.beam.sdk.transforms.windowing.GlobalWindows
 INFO 07-15 17:55:41,139 DefaultTaskExecutorImpl:455 [pool-16-thread-8] - Sink vertex: vertex23
 INFO 07-15 17:55:41,139 DefaultTaskExecutorImpl:430 [pool-16-thread-8] - Vertex vertex22 isGBK false isPushback false, 1665216979 / DoFnTransform / []org.apache.nemo.compiler.frontend.beam.PipelineTranslator / name=Query6/Query6.Rekey/ParMultiDo(Anonymous)
 INFO 07-15 17:55:41,141 DefaultTaskExecutorImpl:430 [pool-16-thread-8] - Vertex vertex21 isGBK false isPushback false, 1406883502 / DoFnTransform / []org.apache.nemo.compiler.frontend.beam.PipelineTranslator / name=Query6/Query6.WinningBids/Query6.WinningBids.Join/ParMultiDo(Anonymous)
 INFO 07-15 17:55:41,141 DefaultTaskExecutorImpl:430 [pool-16-thread-8] - Vertex vertex20 isGBK false isPushback false, 1908785533 / DoFnTransform / []org.apache.nemo.compiler.frontend.beam.PipelineTranslator / name=Query6/Query6.WinningBids/CoGroupByKey/ConstructCoGbkResultFn/ParMultiDo(ConstructCoGbkResult)
 INFO 07-15 17:55:41,141 DefaultTaskExecutorImpl:430 [pool-16-thread-8] - Vertex vertex19 isGBK true isPushback false, 1888767111 / GBKFinalTransform / 
 INFO 07-15 17:55:41,141 DefaultTaskExecutorImpl:438 [pool-16-thread-8] - Vertex 1888767111 / GBKFinalTransform /  transform {}
 INFO 07-15 17:55:41,141 DefaultTaskExecutorImpl:440 [pool-16-thread-8] - Set final transform 1888767111 / GBKFinalTransform / 
 INFO 07-15 17:55:41,141 DefaultTaskExecutorImpl:430 [pool-16-thread-8] - Vertex vertex16 isGBK false isPushback false, FlattenTransform:org.apache.nemo.compiler.frontend.beam.transform.FlattenTransform@51d61d6
 INFO 07-15 17:55:41,152 TaskExecutorUtil:534 [pool-16-thread-8] - Set expected watermark map for vertex {"runtimeEdgeId":"edge23","executionProperties":{"org.apache.nemo.common.ir.edge.executionproperty.EncoderProperty":"org.apache.beam.sdk.util.WindowedValue$FullWindowedValueCoder","org.apache.nemo.common.ir.edge.executionproperty.DecoderProperty":"org.apache.beam.sdk.util.WindowedValue$FullWindowedValueCoder","org.apache.nemo.common.ir.edge.executionproperty.DecompressionProperty":"None","org.apache.nemo.common.ir.edge.executionproperty.CommunicationPatternProperty":"Shuffle","org.apache.nemo.common.ir.edge.executionproperty.CompressionProperty":"None","org.apache.nemo.common.ir.edge.executionproperty.KeyDecoderProperty":"org.apache.beam.sdk.coders.VarLongCoder","org.apache.nemo.common.ir.edge.executionproperty.DataFlowProperty":"Pull","org.apache.nemo.common.ir.edge.executionproperty.KeyEncoderProperty":"org.apache.beam.sdk.coders.VarLongCoder","org.apache.nemo.common.ir.edge.executionproperty.DataPersistenceProperty":"Keep","org.apache.nemo.common.ir.edge.executionproperty.PartitionerProperty":"Pair[Hash,0]","org.apache.nemo.common.ir.edge.executionproperty.KeyExtractorProperty":"org.apache.nemo.compiler.frontend.beam.BeamKeyExtractor@845","org.apache.nemo.common.ir.edge.executionproperty.DataStoreProperty":"Pipe"},"externalSrcVertexId":"vertex23","externalDstVertexId":"vertex26"}
 INFO 07-15 17:55:41,154 PipeOutputWriter:86 [pool-16-thread-8] - Partitioner for Stage2-2-0: org.apache.nemo.common.partitioner.HashPartitioner@1cb8ac81
 INFO 07-15 17:55:41,154 PipeOutputWriter:194 [pool-16-thread-8] - Start - doInitialize() {"runtimeEdgeId":"edge23","executionProperties":{"org.apache.nemo.common.ir.edge.executionproperty.EncoderProperty":"org.apache.beam.sdk.util.WindowedValue$FullWindowedValueCoder","org.apache.nemo.common.ir.edge.executionproperty.DecoderProperty":"org.apache.beam.sdk.util.WindowedValue$FullWindowedValueCoder","org.apache.nemo.common.ir.edge.executionproperty.DecompressionProperty":"None","org.apache.nemo.common.ir.edge.executionproperty.CommunicationPatternProperty":"Shuffle","org.apache.nemo.common.ir.edge.executionproperty.CompressionProperty":"None","org.apache.nemo.common.ir.edge.executionproperty.KeyDecoderProperty":"org.apache.beam.sdk.coders.VarLongCoder","org.apache.nemo.common.ir.edge.executionproperty.DataFlowProperty":"Pull","org.apache.nemo.common.ir.edge.executionproperty.KeyEncoderProperty":"org.apache.beam.sdk.coders.VarLongCoder","org.apache.nemo.common.ir.edge.executionproperty.DataPersistenceProperty":"Keep","org.apache.nemo.common.ir.edge.executionproperty.PartitionerProperty":"Pair[Hash,0]","org.apache.nemo.common.ir.edge.executionproperty.KeyExtractorProperty":"org.apache.nemo.compiler.frontend.beam.BeamKeyExtractor@845","org.apache.nemo.common.ir.edge.executionproperty.DataStoreProperty":"Pipe"},"externalSrcVertexId":"vertex23","externalDstVertexId":"vertex26"}
 INFO 07-15 17:55:41,154 PipeOutputWriter:221 [pool-16-thread-8] - Writing data: edge: edge23, Task Stage2-2-0, Dest [0, 1, 2, 3]
 INFO 07-15 17:55:41,158 OperatorVertexOutputCollector:109 [pool-16-thread-8] - Vertex vertex23 is sink false
 INFO 07-15 17:55:41,160 DefaultOutputCollectorGeneratorImpl:67 [pool-16-thread-8] - Operator vertex22 -> vertex23
 INFO 07-15 17:55:41,160 OperatorVertexOutputCollector:109 [pool-16-thread-8] - Vertex vertex22 is sink false
 INFO 07-15 17:55:41,468 DefaultOutputCollectorGeneratorImpl:67 [pool-16-thread-8] - Operator vertex21 -> vertex22
 INFO 07-15 17:55:41,471 OperatorVertexOutputCollector:109 [pool-16-thread-8] - Vertex vertex21 is sink false
 INFO 07-15 17:55:41,515 DefaultOutputCollectorGeneratorImpl:67 [pool-16-thread-8] - Operator vertex20 -> vertex21
 INFO 07-15 17:55:41,515 OperatorVertexOutputCollector:109 [pool-16-thread-8] - Vertex vertex20 is sink false
 INFO 07-15 17:55:41,537 DefaultOutputCollectorGeneratorImpl:67 [pool-16-thread-8] - Operator vertex19 -> vertex20
 INFO 07-15 17:55:41,537 OperatorVertexOutputCollector:109 [pool-16-thread-8] - Vertex vertex19 is sink false
 INFO 07-15 17:55:41,601 SystemLoadProfiler:50 [pool-8-thread-1] - Average CPU Load: 0.39 in VM-110
 INFO 07-15 17:55:41,602 TaskEventRateCalculator:114 [pool-8-thread-1] - ---- Start of task processed event (# tasks: 0 in executor VM-110)----
----- End of taks processed event ----

 INFO 07-15 17:55:41,602 CpuBottleneckDetectorImpl:63 [pool-8-thread-1] - Current cpu load: 0.39, # processed events: 0, consecutive: 0/2, threshold: 0.9 in VM-110
 INFO 07-15 17:55:41,733 InMemoryStateInternalsFactoryCoder:84 [pool-16-thread-8] - Coder size: 5
WARNING: An illegal reflective access operation has occurred
WARNING: Illegal reflective access by org.nustaq.serialization.FSTClazzInfo (file:/tmp/nemo-cloudlab-offload/nemo-client.jar) to field java.lang.String.value
WARNING: Please consider reporting this to the maintainers of org.nustaq.serialization.FSTClazzInfo
WARNING: Use --illegal-access=warn to enable warnings of further illegal reflective access operations
WARNING: All illegal access operations will be denied in a future release
 INFO 07-15 17:55:42,057 GBKFinalStateCoder:78 [pool-16-thread-8] - Decoding time: timer: 180, state: 324, keyWatermark: 0
 INFO 07-15 17:55:42,059 GBKFinalTransform:280 [pool-16-thread-8] - State decoding byte 3889955, time 518, numKey 2301, Restored size 836 for Stage2-2-0 in VM-110
 INFO 07-15 17:55:42,079 DefaultOutputCollectorGeneratorImpl:67 [pool-16-thread-8] - Operator vertex16 -> vertex19
 INFO 07-15 17:55:42,080 OperatorVertexOutputCollector:109 [pool-16-thread-8] - Vertex vertex16 is sink false
 INFO 07-15 17:55:42,081 DefaultTaskExecutorImpl:557 [pool-16-thread-8] - End of source vertex prepare Stage2-2-0
 INFO 07-15 17:55:42,083 DefaultTaskExecutorImpl:566 [pool-16-thread-8] - Incoming edge: {"runtimeEdgeId":"edge15","executionProperties":{"org.apache.nemo.common.ir.edge.executionproperty.EncoderProperty":"org.apache.beam.sdk.util.WindowedValue$FullWindowedValueCoder","org.apache.nemo.common.ir.edge.executionproperty.DecoderProperty":"org.apache.beam.sdk.util.WindowedValue$FullWindowedValueCoder","org.apache.nemo.common.ir.edge.executionproperty.DecompressionProperty":"None","org.apache.nemo.common.ir.edge.executionproperty.CommunicationPatternProperty":"Shuffle","org.apache.nemo.common.ir.edge.executionproperty.CompressionProperty":"None","org.apache.nemo.common.ir.edge.executionproperty.KeyDecoderProperty":"org.apache.beam.sdk.coders.VarLongCoder","org.apache.nemo.common.ir.edge.executionproperty.DataFlowProperty":"Pull","org.apache.nemo.common.ir.edge.executionproperty.KeyEncoderProperty":"org.apache.beam.sdk.coders.VarLongCoder","org.apache.nemo.common.ir.edge.executionproperty.DataPersistenceProperty":"Keep","org.apache.nemo.common.ir.edge.executionproperty.PartitionerProperty":"Pair[Hash,0]","org.apache.nemo.common.ir.edge.executionproperty.KeyExtractorProperty":"org.apache.nemo.compiler.frontend.beam.BeamKeyExtractor@845","org.apache.nemo.common.ir.edge.executionproperty.DataStoreProperty":"Pipe"},"externalSrcVertexId":"vertex14","externalDstVertexId":"vertex16"}, taskIndex: 2, taskId: Stage2-2-0
 INFO 07-15 17:55:42,083 DefaultTaskExecutorImpl:605 [pool-16-thread-8] - Registering pipe for input edges edge15 in Stage2-2-0, parallelism 4
 INFO 07-15 17:55:42,084 TaskExecutorUtil:102 [pool-16-thread-8] - Writing data: edge: edge15, Task Stage2-2-0, Dest [0, 1, 2, 3]
 INFO 07-15 17:55:42,085 PipeIndexMapWorker:74 [pool-16-thread-8] - Request pipe index for Stage1-0-0/edge15/Stage2-2-0 in {}
 INFO 07-15 17:55:42,086 PipeIndexMapWorker:74 [pool-16-thread-8] - Request pipe index for Stage2-2-0/edge15/Stage1-0-0 in {}
 INFO 07-15 17:55:42,088 PipeIndexMapWorker:74 [pool-16-thread-8] - Request pipe index for Stage1-1-0/edge15/Stage2-2-0 in {}
 INFO 07-15 17:55:42,088 PipeIndexMapWorker:74 [pool-16-thread-8] - Request pipe index for Stage2-2-0/edge15/Stage1-1-0 in {}
 INFO 07-15 17:55:42,091 PipeIndexMapWorker:74 [pool-16-thread-8] - Request pipe index for Stage1-2-0/edge15/Stage2-2-0 in {}
 INFO 07-15 17:55:42,091 PipeIndexMapWorker:74 [pool-16-thread-8] - Request pipe index for Stage2-2-0/edge15/Stage1-2-0 in {}
 INFO 07-15 17:55:42,093 Executor$ExecutorMessageReceiver:1217 [pool-16-thread-3] - Task scheduled Stage2-3-0,VM-77 received at VM-110
 INFO 07-15 17:55:42,095 PipeIndexMapWorker:74 [pool-16-thread-8] - Request pipe index for Stage1-3-0/edge15/Stage2-2-0 in {}
 INFO 07-15 17:55:42,096 Executor$ExecutorMessageReceiver:1217 [pool-16-thread-3] - Task scheduled Stage2-1-0,VM-76 received at VM-110
 INFO 07-15 17:55:42,096 PipeIndexMapWorker:74 [pool-16-thread-8] - Request pipe index for Stage2-2-0/edge15/Stage1-3-0 in {}
 INFO 07-15 17:55:42,099 DefaultTaskExecutorImpl:566 [pool-16-thread-8] - Incoming edge: {"runtimeEdgeId":"edge16","executionProperties":{"org.apache.nemo.common.ir.edge.executionproperty.EncoderProperty":"org.apache.beam.sdk.util.WindowedValue$FullWindowedValueCoder","org.apache.nemo.common.ir.edge.executionproperty.DecoderProperty":"org.apache.beam.sdk.util.WindowedValue$FullWindowedValueCoder","org.apache.nemo.common.ir.edge.executionproperty.DecompressionProperty":"None","org.apache.nemo.common.ir.edge.executionproperty.CommunicationPatternProperty":"Shuffle","org.apache.nemo.common.ir.edge.executionproperty.CompressionProperty":"None","org.apache.nemo.common.ir.edge.executionproperty.KeyDecoderProperty":"org.apache.beam.sdk.coders.VarLongCoder","org.apache.nemo.common.ir.edge.executionproperty.DataFlowProperty":"Pull","org.apache.nemo.common.ir.edge.executionproperty.KeyEncoderProperty":"org.apache.beam.sdk.coders.VarLongCoder","org.apache.nemo.common.ir.edge.executionproperty.DataPersistenceProperty":"Keep","org.apache.nemo.common.ir.edge.executionproperty.PartitionerProperty":"Pair[Hash,0]","org.apache.nemo.common.ir.edge.executionproperty.KeyExtractorProperty":"org.apache.nemo.compiler.frontend.beam.BeamKeyExtractor@845","org.apache.nemo.common.ir.edge.executionproperty.DataStoreProperty":"Pipe"},"externalSrcVertexId":"vertex15","externalDstVertexId":"vertex16"}, taskIndex: 2, taskId: Stage2-2-0
 INFO 07-15 17:55:42,099 DefaultTaskExecutorImpl:605 [pool-16-thread-8] - Registering pipe for input edges edge16 in Stage2-2-0, parallelism 4
 INFO 07-15 17:55:42,099 TaskExecutorUtil:102 [pool-16-thread-8] - Writing data: edge: edge16, Task Stage2-2-0, Dest [0, 1, 2, 3]
 INFO 07-15 17:55:42,100 PipeIndexMapWorker:74 [pool-16-thread-8] - Request pipe index for Stage1-0-0/edge16/Stage2-2-0 in {}
 INFO 07-15 17:55:42,101 PipeIndexMapWorker:74 [pool-16-thread-8] - Request pipe index for Stage2-2-0/edge16/Stage1-0-0 in {}
 INFO 07-15 17:55:42,102 PipeIndexMapWorker:74 [pool-16-thread-8] - Request pipe index for Stage1-1-0/edge16/Stage2-2-0 in {}
 INFO 07-15 17:55:42,103 PipeIndexMapWorker:74 [pool-16-thread-8] - Request pipe index for Stage2-2-0/edge16/Stage1-1-0 in {}
 INFO 07-15 17:55:42,106 PipeIndexMapWorker:74 [pool-16-thread-8] - Request pipe index for Stage1-2-0/edge16/Stage2-2-0 in {}
 INFO 07-15 17:55:42,107 PipeIndexMapWorker:74 [pool-16-thread-8] - Request pipe index for Stage2-2-0/edge16/Stage1-2-0 in {}
 INFO 07-15 17:55:42,108 PipeIndexMapWorker:74 [pool-16-thread-8] - Request pipe index for Stage1-3-0/edge16/Stage2-2-0 in {}
 INFO 07-15 17:55:42,110 PipeIndexMapWorker:74 [pool-16-thread-8] - Request pipe index for Stage2-2-0/edge16/Stage1-3-0 in {}
 INFO 07-15 17:55:42,111 DefaultTaskExecutorImpl:630 [pool-16-thread-8] - Task Stage2-2-0 prepar time: 1005
 INFO 07-15 17:55:42,111 Executor:1039 [pool-16-thread-8] - Add Task Stage2-2-0 to ExecutorThread0 thread of VM-110, time 1024
 INFO 07-15 17:55:42,111 ExecutorThread:152 [pool-16-thread-8] - Add task Stage2-2-0
 INFO 07-15 17:55:42,112 ExecutorThread:164 [pool-16-thread-8] - Add task to unInitializedTasks Stage2-2-0 / [Stage2-2-0]
 INFO 07-15 17:55:42,112 Executor:1044 [pool-16-thread-8] - Put Task time Stage2-2-0 to ExecutorThread0 thread of VM-110, time 1025
 INFO 07-15 17:55:42,112 Executor:680 [pool-16-thread-8] - Task launch time Stage2-2-0 : time 1025
 INFO 07-15 17:55:42,113 ExecutorThread:373 [pool-13-thread-1] - Start initialization of Stage2-2-0
 INFO 07-15 17:55:42,115 TaskExecutorMapWrapper:62 [pool-13-thread-1] - Put task Stage2-2-0
 INFO 07-15 17:55:42,116 ExecutorThread:383 [pool-13-thread-1] - Task message send time Stage2-2-0 to 0 thread of VM-110, time 3
 INFO 07-15 17:55:42,117 ExecutorThread:408 [pool-13-thread-1] - Initializing task Stage2-2-0
 INFO 07-15 17:55:42,117 TaskExecutorUtil:136 [pool-13-thread-1] - Writing data: edge: edge23, Task Stage2-2-0, Dest [0, 1, 2, 3]
 INFO 07-15 17:55:42,118 TaskExecutorUtil:102 [pool-13-thread-1] - Writing data: edge: edge15, Task Stage2-2-0, Dest [0, 1, 2, 3]
 INFO 07-15 17:55:42,119 TaskExecutorUtil:102 [pool-13-thread-1] - Writing data: edge: edge16, Task Stage2-2-0, Dest [0, 1, 2, 3]
 INFO 07-15 17:55:42,119 ExecutorThread:410 [pool-13-thread-1] - Initializing done of task Stage2-2-0
 INFO 07-15 17:55:42,120 Executor$ExecutorMessageReceiver:1217 [pool-16-thread-8] - Task scheduled Stage2-2-0,VM-110 received at VM-110
 INFO 07-15 17:55:42,269 PipeManagerWorkerImpl:261 [pool-13-thread-1] - Send signal for input pipes [Stage1-2-0]/edge15/Stage2-2-0
 INFO 07-15 17:55:42,270 PipeManagerWorkerImpl:808 [pool-13-thread-1] - Stop output pipe (Stage2-2-0,edge15,Stage1-2-0)
 INFO 07-15 17:55:42,327 PipeManagerWorkerImpl:261 [pool-13-thread-1] - Send signal for input pipes [Stage1-3-0]/edge15/Stage2-2-0
 INFO 07-15 17:55:42,329 PipeManagerWorkerImpl:808 [pool-13-thread-1] - Stop output pipe (Stage2-2-0,edge15,Stage1-3-0)
 INFO 07-15 17:55:42,351 Executor$ExecutorMessageReceiver:1217 [pool-16-thread-8] - Task scheduled Stage2-0-0,VM-116 received at VM-110
 INFO 07-15 17:55:42,366 PipeManagerWorkerImpl:261 [pool-13-thread-1] - Send signal for input pipes [Stage1-0-0]/edge15/Stage2-2-0
 INFO 07-15 17:55:42,367 PipeManagerWorkerImpl:808 [pool-13-thread-1] - Stop output pipe (Stage2-2-0,edge15,Stage1-0-0)
 INFO 07-15 17:55:42,382 PipeManagerWorkerImpl:261 [pool-13-thread-1] - Send signal for input pipes [Stage1-1-0]/edge15/Stage2-2-0
 INFO 07-15 17:55:42,384 PipeManagerWorkerImpl:808 [pool-13-thread-1] - Stop output pipe (Stage2-2-0,edge15,Stage1-1-0)
 INFO 07-15 17:55:42,520 PipeManagerWorkerImpl:261 [pool-13-thread-1] - Send signal for input pipes [Stage1-1-0]/edge16/Stage2-2-0
 INFO 07-15 17:55:42,522 PipeManagerWorkerImpl:808 [pool-13-thread-1] - Stop output pipe (Stage2-2-0,edge16,Stage1-1-0)
 INFO 07-15 17:55:42,588 PipeManagerWorkerImpl:261 [pool-13-thread-1] - Send signal for input pipes [Stage1-0-0]/edge16/Stage2-2-0
 INFO 07-15 17:55:42,590 PipeManagerWorkerImpl:808 [pool-13-thread-1] - Stop output pipe (Stage2-2-0,edge16,Stage1-0-0)
 INFO 07-15 17:55:42,601 SystemLoadProfiler:50 [pool-8-thread-1] - Average CPU Load: 0.38 in VM-110
 INFO 07-15 17:55:42,747 TaskEventRateCalculator:114 [pool-8-thread-1] - ---- Start of task processed event (# tasks: 1 in executor VM-110)----
METRICLOG/VM-110	Stage2-2-0	inputR: 0	inputP:2391	output:0	inW:1970-01-01T00:00:00.000Z	ioutW:1970-01-01T00:00:00.000Z	ptime:414312	dsertime:41563	inbytes:248299	sertime:0	outbytes:0	numKey:3392	owc:0
----- End of taks processed event ----

 INFO 07-15 17:55:42,748 CpuBottleneckDetectorImpl:63 [pool-8-thread-1] - Current cpu load: 0.38, # processed events: 2391, consecutive: 0/2, threshold: 0.9 in VM-110
 INFO 07-15 17:55:42,770 PipeManagerWorkerImpl:261 [pool-13-thread-1] - Send signal for input pipes [Stage1-3-0]/edge16/Stage2-2-0
 INFO 07-15 17:55:42,771 PipeManagerWorkerImpl:808 [pool-13-thread-1] - Stop output pipe (Stage2-2-0,edge16,Stage1-3-0)
 WARN 07-15 17:55:42,794 MetricsEnvironment:122 [pool-13-thread-1] - Reporting metrics are not supported in the current execution environment.
 INFO 07-15 17:55:42,814 OperatorMetricCollector:87 [pool-13-thread-1] - Event Latency 9517 from vertex23 in VM-110/Stage2-2-0 
 INFO 07-15 17:55:43,013 PipeManagerWorkerImpl:261 [pool-13-thread-1] - Send signal for input pipes [Stage1-2-0]/edge16/Stage2-2-0
 INFO 07-15 17:55:43,016 PipeManagerWorkerImpl:808 [pool-13-thread-1] - Stop output pipe (Stage2-2-0,edge16,Stage1-2-0)
 INFO 07-15 17:55:43,602 SystemLoadProfiler:50 [pool-8-thread-1] - Average CPU Load: 0.13 in VM-110
 INFO 07-15 17:55:43,603 TaskEventRateCalculator:114 [pool-8-thread-1] - ---- Start of task processed event (# tasks: 1 in executor VM-110)----
METRICLOG/VM-110	Stage2-2-0	inputR: 0	inputP:1694	output:222	inW:2026-07-15T17:55:35.290Z	ioutW:2026-07-15T17:55:35.290Z	ptime:176665	dsertime:39650	inbytes:123597	sertime:0	outbytes:0	numKey:1456	owc:2
----- End of taks processed event ----

 INFO 07-15 17:55:43,603 CpuBottleneckDetectorImpl:63 [pool-8-thread-1] - Current cpu load: 0.13, # processed events: 1694, consecutive: 0/2, threshold: 0.9 in VM-110
 INFO 07-15 17:55:44,602 SystemLoadProfiler:50 [pool-8-thread-1] - Average CPU Load: 0.01 in VM-110
 INFO 07-15 17:55:44,603 TaskEventRateCalculator:114 [pool-8-thread-1] - ---- Start of task processed event (# tasks: 1 in executor VM-110)----
METRICLOG/VM-110	Stage2-2-0	inputR: 0	inputP:0	output:0	inW:2026-07-15T17:55:35.290Z	ioutW:2026-07-15T17:55:35.290Z	ptime:0	dsertime:0	inbytes:0	sertime:0	outbytes:0	numKey:1456	owc:0
----- End of taks processed event ----

 INFO 07-15 17:55:44,603 CpuBottleneckDetectorImpl:63 [pool-8-thread-1] - Current cpu load: 0.01, # processed events: 0, consecutive: 0/2, threshold: 0.9 in VM-110
 INFO 07-15 17:55:45,374 Executor$ExecutorMessageReceiver:1217 [pool-16-thread-8] - Task scheduled Stage1-0-0,VM-75 received at VM-110
 INFO 07-15 17:55:45,375 PipeManagerWorkerImpl:901 [pool-13-thread-1] - Task Stage1-0-0 scheduled .. start output pipe 65/(Stage2-2-0,edge15,Stage1-0-0)
 INFO 07-15 17:55:45,464 Executor$ExecutorMessageReceiver:1217 [pool-16-thread-8] - Task scheduled Stage1-2-0,VM-74 received at VM-110
 INFO 07-15 17:55:45,602 SystemLoadProfiler:50 [pool-8-thread-1] - Average CPU Load: 0.01 in VM-110
 INFO 07-15 17:55:45,603 TaskEventRateCalculator:114 [pool-8-thread-1] - ---- Start of task processed event (# tasks: 1 in executor VM-110)----
METRICLOG/VM-110	Stage2-2-0	inputR: 0	inputP:0	output:0	inW:2026-07-15T17:55:35.290Z	ioutW:2026-07-15T17:55:35.290Z	ptime:0	dsertime:0	inbytes:0	sertime:0	outbytes:0	numKey:1456	owc:0
----- End of taks processed event ----

 INFO 07-15 17:55:45,603 CpuBottleneckDetectorImpl:63 [pool-8-thread-1] - Current cpu load: 0.01, # processed events: 0, consecutive: 0/2, threshold: 0.9 in VM-110
 INFO 07-15 17:55:45,621 Executor$ExecutorMessageReceiver:1217 [pool-16-thread-8] - Task scheduled Stage1-3-0,VM-115 received at VM-110
 INFO 07-15 17:55:45,784 Executor$ExecutorMessageReceiver:1217 [pool-16-thread-8] - Task scheduled Stage1-1-0,VM-73 received at VM-110
 WARN 07-15 17:55:46,402 PipeManagerWorkerImpl:940 [pool-13-thread-1] - Waiting for get channel of task Stage1-0-0....
 INFO 07-15 17:55:46,602 SystemLoadProfiler:50 [pool-8-thread-1] - Average CPU Load: 0.0 in VM-110
 INFO 07-15 17:55:46,603 TaskEventRateCalculator:114 [pool-8-thread-1] - ---- Start of task processed event (# tasks: 1 in executor VM-110)----
METRICLOG/VM-110	Stage2-2-0	inputR: 0	inputP:0	output:0	inW:2026-07-15T17:55:35.290Z	ioutW:2026-07-15T17:55:35.290Z	ptime:0	dsertime:0	inbytes:0	sertime:0	outbytes:0	numKey:1456	owc:0
----- End of taks processed event ----

 INFO 07-15 17:55:46,603 CpuBottleneckDetectorImpl:63 [pool-8-thread-1] - Current cpu load: 0.0, # processed events: 0, consecutive: 0/2, threshold: 0.9 in VM-110
 WARN 07-15 17:55:47,420 PipeManagerWorkerImpl:940 [pool-13-thread-1] - Waiting for get channel of task Stage1-0-0....
 INFO 07-15 17:55:47,602 SystemLoadProfiler:50 [pool-8-thread-1] - Average CPU Load: 0.0 in VM-110
 INFO 07-15 17:55:47,603 TaskEventRateCalculator:114 [pool-8-thread-1] - ---- Start of task processed event (# tasks: 1 in executor VM-110)----
METRICLOG/VM-110	Stage2-2-0	inputR: 0	inputP:0	output:0	inW:2026-07-15T17:55:35.290Z	ioutW:2026-07-15T17:55:35.290Z	ptime:0	dsertime:0	inbytes:0	sertime:0	outbytes:0	numKey:1456	owc:0
----- End of taks processed event ----

 INFO 07-15 17:55:47,603 CpuBottleneckDetectorImpl:63 [pool-8-thread-1] - Current cpu load: 0.0, # processed events: 0, consecutive: 0/2, threshold: 0.9 in VM-110
 WARN 07-15 17:55:48,445 PipeManagerWorkerImpl:940 [pool-13-thread-1] - Waiting for get channel of task Stage1-0-0....
 INFO 07-15 17:55:48,602 SystemLoadProfiler:50 [pool-8-thread-1] - Average CPU Load: 0.0 in VM-110
 INFO 07-15 17:55:48,603 TaskEventRateCalculator:114 [pool-8-thread-1] - ---- Start of task processed event (# tasks: 1 in executor VM-110)----
METRICLOG/VM-110	Stage2-2-0	inputR: 0	inputP:0	output:0	inW:2026-07-15T17:55:35.290Z	ioutW:2026-07-15T17:55:35.290Z	ptime:0	dsertime:0	inbytes:0	sertime:0	outbytes:0	numKey:1456	owc:0
----- End of taks processed event ----

 INFO 07-15 17:55:48,603 CpuBottleneckDetectorImpl:63 [pool-8-thread-1] - Current cpu load: 0.0, # processed events: 0, consecutive: 0/2, threshold: 0.9 in VM-110
 WARN 07-15 17:55:49,469 PipeManagerWorkerImpl:940 [pool-13-thread-1] - Waiting for get channel of task Stage1-0-0....
 INFO 07-15 17:55:49,602 SystemLoadProfiler:50 [pool-8-thread-1] - Average CPU Load: 0.0 in VM-110
 INFO 07-15 17:55:49,603 TaskEventRateCalculator:114 [pool-8-thread-1] - ---- Start of task processed event (# tasks: 1 in executor VM-110)----
METRICLOG/VM-110	Stage2-2-0	inputR: 0	inputP:0	output:0	inW:2026-07-15T17:55:35.290Z	ioutW:2026-07-15T17:55:35.290Z	ptime:0	dsertime:0	inbytes:0	sertime:0	outbytes:0	numKey:1456	owc:0
----- End of taks processed event ----

 INFO 07-15 17:55:49,603 CpuBottleneckDetectorImpl:63 [pool-8-thread-1] - Current cpu load: 0.0, # processed events: 0, consecutive: 0/2, threshold: 0.9 in VM-110
 WARN 07-15 17:55:50,489 PipeManagerWorkerImpl:940 [pool-13-thread-1] - Waiting for get channel of task Stage1-0-0....
 INFO 07-15 17:55:50,602 SystemLoadProfiler:50 [pool-8-thread-1] - Average CPU Load: 0.0 in VM-110
 INFO 07-15 17:55:50,603 TaskEventRateCalculator:114 [pool-8-thread-1] - ---- Start of task processed event (# tasks: 1 in executor VM-110)----
METRICLOG/VM-110	Stage2-2-0	inputR: 0	inputP:0	output:0	inW:2026-07-15T17:55:35.290Z	ioutW:2026-07-15T17:55:35.290Z	ptime:0	dsertime:0	inbytes:0	sertime:0	outbytes:0	numKey:1456	owc:0
----- End of taks processed event ----

 INFO 07-15 17:55:50,603 CpuBottleneckDetectorImpl:63 [pool-8-thread-1] - Current cpu load: 0.0, # processed events: 0, consecutive: 0/2, threshold: 0.9 in VM-110
 WARN 07-15 17:55:51,513 PipeManagerWorkerImpl:940 [pool-13-thread-1] - Waiting for get channel of task Stage1-0-0....
 INFO 07-15 17:55:51,602 SystemLoadProfiler:50 [pool-8-thread-1] - Average CPU Load: 0.0 in VM-110
 INFO 07-15 17:55:51,603 TaskEventRateCalculator:114 [pool-8-thread-1] - ---- Start of task processed event (# tasks: 1 in executor VM-110)----
METRICLOG/VM-110	Stage2-2-0	inputR: 0	inputP:0	output:0	inW:2026-07-15T17:55:35.290Z	ioutW:2026-07-15T17:55:35.290Z	ptime:0	dsertime:0	inbytes:0	sertime:0	outbytes:0	numKey:1456	owc:0
----- End of taks processed event ----

 INFO 07-15 17:55:51,603 CpuBottleneckDetectorImpl:63 [pool-8-thread-1] - Current cpu load: 0.0, # processed events: 0, consecutive: 0/2, threshold: 0.9 in VM-110
 WARN 07-15 17:55:52,534 PipeManagerWorkerImpl:940 [pool-13-thread-1] - Waiting for get channel of task Stage1-0-0....
 INFO 07-15 17:55:52,602 SystemLoadProfiler:50 [pool-8-thread-1] - Average CPU Load: 0.0 in VM-110
 INFO 07-15 17:55:52,603 TaskEventRateCalculator:114 [pool-8-thread-1] - ---- Start of task processed event (# tasks: 1 in executor VM-110)----
METRICLOG/VM-110	Stage2-2-0	inputR: 0	inputP:0	output:0	inW:2026-07-15T17:55:35.290Z	ioutW:2026-07-15T17:55:35.290Z	ptime:0	dsertime:0	inbytes:0	sertime:0	outbytes:0	numKey:1456	owc:0
----- End of taks processed event ----

 INFO 07-15 17:55:52,603 CpuBottleneckDetectorImpl:63 [pool-8-thread-1] - Current cpu load: 0.0, # processed events: 0, consecutive: 0/2, threshold: 0.9 in VM-110
 WARN 07-15 17:55:53,552 PipeManagerWorkerImpl:940 [pool-13-thread-1] - Waiting for get channel of task Stage1-0-0....
 INFO 07-15 17:55:53,603 SystemLoadProfiler:50 [pool-8-thread-1] - Average CPU Load: 0.0 in VM-110
 INFO 07-15 17:55:53,604 TaskEventRateCalculator:114 [pool-8-thread-1] - ---- Start of task processed event (# tasks: 1 in executor VM-110)----
METRICLOG/VM-110	Stage2-2-0	inputR: 0	inputP:0	output:0	inW:2026-07-15T17:55:35.290Z	ioutW:2026-07-15T17:55:35.290Z	ptime:0	dsertime:0	inbytes:0	sertime:0	outbytes:0	numKey:1456	owc:0
----- End of taks processed event ----

 INFO 07-15 17:55:53,604 CpuBottleneckDetectorImpl:63 [pool-8-thread-1] - Current cpu load: 0.0, # processed events: 0, consecutive: 0/2, threshold: 0.9 in VM-110
 WARN 07-15 17:55:54,568 PipeManagerWorkerImpl:940 [pool-13-thread-1] - Waiting for get channel of task Stage1-0-0....
 INFO 07-15 17:55:54,602 SystemLoadProfiler:50 [pool-8-thread-1] - Average CPU Load: 0.0 in VM-110
 INFO 07-15 17:55:54,603 TaskEventRateCalculator:114 [pool-8-thread-1] - ---- Start of task processed event (# tasks: 1 in executor VM-110)----
METRICLOG/VM-110	Stage2-2-0	inputR: 0	inputP:0	output:0	inW:2026-07-15T17:55:35.290Z	ioutW:2026-07-15T17:55:35.290Z	ptime:0	dsertime:0	inbytes:0	sertime:0	outbytes:0	numKey:1456	owc:0
----- End of taks processed event ----

 INFO 07-15 17:55:54,603 CpuBottleneckDetectorImpl:63 [pool-8-thread-1] - Current cpu load: 0.0, # processed events: 0, consecutive: 0/2, threshold: 0.9 in VM-110
 WARN 07-15 17:55:55,587 PipeManagerWorkerImpl:940 [pool-13-thread-1] - Waiting for get channel of task Stage1-0-0....
 INFO 07-15 17:55:55,602 SystemLoadProfiler:50 [pool-8-thread-1] - Average CPU Load: 0.0 in VM-110
 INFO 07-15 17:55:55,603 TaskEventRateCalculator:114 [pool-8-thread-1] - ---- Start of task processed event (# tasks: 1 in executor VM-110)----
METRICLOG/VM-110	Stage2-2-0	inputR: 0	inputP:0	output:0	inW:2026-07-15T17:55:35.290Z	ioutW:2026-07-15T17:55:35.290Z	ptime:0	dsertime:0	inbytes:0	sertime:0	outbytes:0	numKey:1456	owc:0
----- End of taks processed event ----

 INFO 07-15 17:55:55,603 CpuBottleneckDetectorImpl:63 [pool-8-thread-1] - Current cpu load: 0.0, # processed events: 0, consecutive: 0/2, threshold: 0.9 in VM-110
 INFO 07-15 17:55:56,602 SystemLoadProfiler:50 [pool-8-thread-1] - Average CPU Load: 0.0 in VM-110
 INFO 07-15 17:55:56,602 TaskEventRateCalculator:114 [pool-8-thread-1] - ---- Start of task processed event (# tasks: 1 in executor VM-110)----
METRICLOG/VM-110	Stage2-2-0	inputR: 0	inputP:0	output:0	inW:2026-07-15T17:55:35.290Z	ioutW:2026-07-15T17:55:35.290Z	ptime:0	dsertime:0	inbytes:0	sertime:0	outbytes:0	numKey:1456	owc:0
----- End of taks processed event ----

 INFO 07-15 17:55:56,603 CpuBottleneckDetectorImpl:63 [pool-8-thread-1] - Current cpu load: 0.0, # processed events: 0, consecutive: 0/2, threshold: 0.9 in VM-110
 WARN 07-15 17:55:56,617 PipeManagerWorkerImpl:940 [pool-13-thread-1] - Waiting for get channel of task Stage1-0-0....
 INFO 07-15 17:55:57,602 SystemLoadProfiler:50 [pool-8-thread-1] - Average CPU Load: 0.0 in VM-110
 INFO 07-15 17:55:57,603 TaskEventRateCalculator:114 [pool-8-thread-1] - ---- Start of task processed event (# tasks: 1 in executor VM-110)----
METRICLOG/VM-110	Stage2-2-0	inputR: 0	inputP:0	output:0	inW:2026-07-15T17:55:35.290Z	ioutW:2026-07-15T17:55:35.290Z	ptime:0	dsertime:0	inbytes:0	sertime:0	outbytes:0	numKey:1456	owc:0
----- End of taks processed event ----

 INFO 07-15 17:55:57,603 CpuBottleneckDetectorImpl:63 [pool-8-thread-1] - Current cpu load: 0.0, # processed events: 0, consecutive: 0/2, threshold: 0.9 in VM-110
 WARN 07-15 17:55:57,632 PipeManagerWorkerImpl:940 [pool-13-thread-1] - Waiting for get channel of task Stage1-0-0....
 INFO 07-15 17:55:58,602 SystemLoadProfiler:50 [pool-8-thread-1] - Average CPU Load: 0.0 in VM-110
 INFO 07-15 17:55:58,602 TaskEventRateCalculator:114 [pool-8-thread-1] - ---- Start of task processed event (# tasks: 1 in executor VM-110)----
METRICLOG/VM-110	Stage2-2-0	inputR: 0	inputP:0	output:0	inW:2026-07-15T17:55:35.290Z	ioutW:2026-07-15T17:55:35.290Z	ptime:0	dsertime:0	inbytes:0	sertime:0	outbytes:0	numKey:1456	owc:0
----- End of taks processed event ----

 INFO 07-15 17:55:58,603 CpuBottleneckDetectorImpl:63 [pool-8-thread-1] - Current cpu load: 0.0, # processed events: 0, consecutive: 0/2, threshold: 0.9 in VM-110
 WARN 07-15 17:55:58,649 PipeManagerWorkerImpl:940 [pool-13-thread-1] - Waiting for get channel of task Stage1-0-0....
 INFO 07-15 17:55:59,602 SystemLoadProfiler:50 [pool-8-thread-1] - Average CPU Load: 0.0 in VM-110
 INFO 07-15 17:55:59,602 TaskEventRateCalculator:114 [pool-8-thread-1] - ---- Start of task processed event (# tasks: 1 in executor VM-110)----
METRICLOG/VM-110	Stage2-2-0	inputR: 0	inputP:0	output:0	inW:2026-07-15T17:55:35.290Z	ioutW:2026-07-15T17:55:35.290Z	ptime:0	dsertime:0	inbytes:0	sertime:0	outbytes:0	numKey:1456	owc:0
----- End of taks processed event ----

 INFO 07-15 17:55:59,603 CpuBottleneckDetectorImpl:63 [pool-8-thread-1] - Current cpu load: 0.0, # processed events: 0, consecutive: 0/2, threshold: 0.9 in VM-110
 WARN 07-15 17:55:59,666 PipeManagerWorkerImpl:940 [pool-13-thread-1] - Waiting for get channel of task Stage1-0-0....
java.lang.RuntimeException: Cannot connect to task Stage1-0-0
	at org.apache.nemo.runtime.executor.common.PipeManagerWorkerImpl.startOutputPipe(PipeManagerWorkerImpl.java:945)
	at org.apache.nemo.runtime.executor.common.PipeManagerWorkerImpl.lambda$taskScheduled$5(PipeManagerWorkerImpl.java:902)
	at java.base/java.util.stream.ForEachOps$ForEachOp$OfRef.accept(ForEachOps.java:183)
	at java.base/java.util.stream.ReferencePipeline$2$1.accept(ReferencePipeline.java:177)
	at java.base/java.util.concurrent.ConcurrentHashMap$KeySpliterator.forEachRemaining(ConcurrentHashMap.java:3564)
	at java.base/java.util.stream.AbstractPipeline.copyInto(AbstractPipeline.java:484)
	at java.base/java.util.stream.AbstractPipeline.wrapAndCopyInto(AbstractPipeline.java:474)
	at java.base/java.util.stream.ForEachOps$ForEachOp.evaluateSequential(ForEachOps.java:150)
	at java.base/java.util.stream.ForEachOps$ForEachOp$OfRef.evaluateSequential(ForEachOps.java:173)
	at java.base/java.util.stream.AbstractPipeline.evaluate(AbstractPipeline.java:234)
	at java.base/java.util.stream.ReferencePipeline.forEach(ReferencePipeline.java:497)
	at org.apache.nemo.runtime.executor.common.PipeManagerWorkerImpl.taskScheduled(PipeManagerWorkerImpl.java:899)
	at org.apache.nemo.runtime.executor.common.controlmessages.DefaultControlEventHandlerImpl.handleControlEvent(DefaultControlEventHandlerImpl.java:403)
	at org.apache.nemo.runtime.executor.common.ExecutorThread.handlingEvent(ExecutorThread.java:279)
	at org.apache.nemo.runtime.executor.common.ExecutorThread.lambda$start$1(ExecutorThread.java:346)
	at java.base/java.util.concurrent.ThreadPoolExecutor.runWorker(ThreadPoolExecutor.java:1128)
	at java.base/java.util.concurrent.ThreadPoolExecutor$Worker.run(ThreadPoolExecutor.java:628)
	at java.base/java.lang.Thread.run(Thread.java:829)
java.lang.RuntimeException: java.lang.RuntimeException: Cannot connect to task Stage1-0-0
	at org.apache.nemo.runtime.executor.common.PipeManagerWorkerImpl.startOutputPipe(PipeManagerWorkerImpl.java:986)
	at org.apache.nemo.runtime.executor.common.PipeManagerWorkerImpl.lambda$taskScheduled$5(PipeManagerWorkerImpl.java:902)
	at java.base/java.util.stream.ForEachOps$ForEachOp$OfRef.accept(ForEachOps.java:183)
	at java.base/java.util.stream.ReferencePipeline$2$1.accept(ReferencePipeline.java:177)
	at java.base/java.util.concurrent.ConcurrentHashMap$KeySpliterator.forEachRemaining(ConcurrentHashMap.java:3564)
	at java.base/java.util.stream.AbstractPipeline.copyInto(AbstractPipeline.java:484)
	at java.base/java.util.stream.AbstractPipeline.wrapAndCopyInto(AbstractPipeline.java:474)
	at java.base/java.util.stream.ForEachOps$ForEachOp.evaluateSequential(ForEachOps.java:150)
	at java.base/java.util.stream.ForEachOps$ForEachOp$OfRef.evaluateSequential(ForEachOps.java:173)
	at java.base/java.util.stream.AbstractPipeline.evaluate(AbstractPipeline.java:234)
	at java.base/java.util.stream.ReferencePipeline.forEach(ReferencePipeline.java:497)
	at org.apache.nemo.runtime.executor.common.PipeManagerWorkerImpl.taskScheduled(PipeManagerWorkerImpl.java:899)
	at org.apache.nemo.runtime.executor.common.controlmessages.DefaultControlEventHandlerImpl.handleControlEvent(DefaultControlEventHandlerImpl.java:403)
	at org.apache.nemo.runtime.executor.common.ExecutorThread.handlingEvent(ExecutorThread.java:279)
	at org.apache.nemo.runtime.executor.common.ExecutorThread.lambda$start$1(ExecutorThread.java:346)
	at java.base/java.util.concurrent.ThreadPoolExecutor.runWorker(ThreadPoolExecutor.java:1128)
	at java.base/java.util.concurrent.ThreadPoolExecutor$Worker.run(ThreadPoolExecutor.java:628)
	at java.base/java.lang.Thread.run(Thread.java:829)
Caused by: java.lang.RuntimeException: Cannot connect to task Stage1-0-0
	at org.apache.nemo.runtime.executor.common.PipeManagerWorkerImpl.startOutputPipe(PipeManagerWorkerImpl.java:945)
	... 17 more
Exception in thread "pool-13-thread-1" java.lang.RuntimeException: java.lang.RuntimeException: java.lang.RuntimeException: Cannot connect to task Stage1-0-0
	at org.apache.nemo.runtime.executor.common.ExecutorThread.lambda$start$1(ExecutorThread.java:363)
	at java.base/java.util.concurrent.ThreadPoolExecutor.runWorker(ThreadPoolExecutor.java:1128)
	at java.base/java.util.concurrent.ThreadPoolExecutor$Worker.run(ThreadPoolExecutor.java:628)
	at java.base/java.lang.Thread.run(Thread.java:829)
Caused by: java.lang.RuntimeException: java.lang.RuntimeException: Cannot connect to task Stage1-0-0
	at org.apache.nemo.runtime.executor.common.PipeManagerWorkerImpl.startOutputPipe(PipeManagerWorkerImpl.java:986)
	at org.apache.nemo.runtime.executor.common.PipeManagerWorkerImpl.lambda$taskScheduled$5(PipeManagerWorkerImpl.java:902)
	at java.base/java.util.stream.ForEachOps$ForEachOp$OfRef.accept(ForEachOps.java:183)
	at java.base/java.util.stream.ReferencePipeline$2$1.accept(ReferencePipeline.java:177)
	at java.base/java.util.concurrent.ConcurrentHashMap$KeySpliterator.forEachRemaining(ConcurrentHashMap.java:3564)
	at java.base/java.util.stream.AbstractPipeline.copyInto(AbstractPipeline.java:484)
	at java.base/java.util.stream.AbstractPipeline.wrapAndCopyInto(AbstractPipeline.java:474)
	at java.base/java.util.stream.ForEachOps$ForEachOp.evaluateSequential(ForEachOps.java:150)
	at java.base/java.util.stream.ForEachOps$ForEachOp$OfRef.evaluateSequential(ForEachOps.java:173)
	at java.base/java.util.stream.AbstractPipeline.evaluate(AbstractPipeline.java:234)
	at java.base/java.util.stream.ReferencePipeline.forEach(ReferencePipeline.java:497)
	at org.apache.nemo.runtime.executor.common.PipeManagerWorkerImpl.taskScheduled(PipeManagerWorkerImpl.java:899)
	at org.apache.nemo.runtime.executor.common.controlmessages.DefaultControlEventHandlerImpl.handleControlEvent(DefaultControlEventHandlerImpl.java:403)
	at org.apache.nemo.runtime.executor.common.ExecutorThread.handlingEvent(ExecutorThread.java:279)
	at org.apache.nemo.runtime.executor.common.ExecutorThread.lambda$start$1(ExecutorThread.java:346)
	... 3 more
Caused by: java.lang.RuntimeException: Cannot connect to task Stage1-0-0
	at org.apache.nemo.runtime.executor.common.PipeManagerWorkerImpl.startOutputPipe(PipeManagerWorkerImpl.java:945)
	... 17 more
 INFO 07-15 17:56:00,602 SystemLoadProfiler:50 [pool-8-thread-1] - Average CPU Load: 0.0 in VM-110
 INFO 07-15 17:56:00,603 TaskEventRateCalculator:114 [pool-8-thread-1] - ---- Start of task processed event (# tasks: 1 in executor VM-110)----
METRICLOG/VM-110	Stage2-2-0	inputR: 0	inputP:0	output:0	inW:2026-07-15T17:55:35.290Z	ioutW:2026-07-15T17:55:35.290Z	ptime:0	dsertime:0	inbytes:0	sertime:0	outbytes:0	numKey:1456	owc:0
----- End of taks processed event ----

 INFO 07-15 17:56:00,603 CpuBottleneckDetectorImpl:63 [pool-8-thread-1] - Current cpu load: 0.0, # processed events: 0, consecutive: 0/2, threshold: 0.9 in VM-110
 INFO 07-15 17:56:01,602 SystemLoadProfiler:50 [pool-8-thread-1] - Average CPU Load: 0.0 in VM-110
 INFO 07-15 17:56:01,603 TaskEventRateCalculator:114 [pool-8-thread-1] - ---- Start of task processed event (# tasks: 1 in executor VM-110)----
METRICLOG/VM-110	Stage2-2-0	inputR: 0	inputP:0	output:0	inW:2026-07-15T17:55:35.290Z	ioutW:2026-07-15T17:55:35.290Z	ptime:0	dsertime:0	inbytes:0	sertime:0	outbytes:0	numKey:1456	owc:0
----- End of taks processed event ----

 INFO 07-15 17:56:01,603 CpuBottleneckDetectorImpl:63 [pool-8-thread-1] - Current cpu load: 0.0, # processed events: 0, consecutive: 0/2, threshold: 0.9 in VM-110
 INFO 07-15 17:56:02,602 SystemLoadProfiler:50 [pool-8-thread-1] - Average CPU Load: 0.0 in VM-110
 INFO 07-15 17:56:02,603 TaskEventRateCalculator:114 [pool-8-thread-1] - ---- Start of task processed event (# tasks: 1 in executor VM-110)----
METRICLOG/VM-110	Stage2-2-0	inputR: 0	inputP:0	output:0	inW:2026-07-15T17:55:35.290Z	ioutW:2026-07-15T17:55:35.290Z	ptime:0	dsertime:0	inbytes:0	sertime:0	outbytes:0	numKey:1456	owc:0
----- End of taks processed event ----

 INFO 07-15 17:56:02,603 CpuBottleneckDetectorImpl:63 [pool-8-thread-1] - Current cpu load: 0.0, # processed events: 0, consecutive: 0/2, threshold: 0.9 in VM-110
 INFO 07-15 17:56:03,602 SystemLoadProfiler:50 [pool-8-thread-1] - Average CPU Load: 0.0 in VM-110
 INFO 07-15 17:56:03,603 TaskEventRateCalculator:114 [pool-8-thread-1] - ---- Start of task processed event (# tasks: 1 in executor VM-110)----
METRICLOG/VM-110	Stage2-2-0	inputR: 0	inputP:0	output:0	inW:2026-07-15T17:55:35.290Z	ioutW:2026-07-15T17:55:35.290Z	ptime:0	dsertime:0	inbytes:0	sertime:0	outbytes:0	numKey:1456	owc:0
----- End of taks processed event ----

 INFO 07-15 17:56:03,603 CpuBottleneckDetectorImpl:63 [pool-8-thread-1] - Current cpu load: 0.0, # processed events: 0, consecutive: 0/2, threshold: 0.9 in VM-110
 INFO 07-15 17:56:04,602 SystemLoadProfiler:50 [pool-8-thread-1] - Average CPU Load: 0.0 in VM-110
 INFO 07-15 17:56:04,603 TaskEventRateCalculator:114 [pool-8-thread-1] - ---- Start of task processed event (# tasks: 1 in executor VM-110)----
METRICLOG/VM-110	Stage2-2-0	inputR: 0	inputP:0	output:0	inW:2026-07-15T17:55:35.290Z	ioutW:2026-07-15T17:55:35.290Z	ptime:0	dsertime:0	inbytes:0	sertime:0	outbytes:0	numKey:1456	owc:0
----- End of taks processed event ----

 INFO 07-15 17:56:04,603 CpuBottleneckDetectorImpl:63 [pool-8-thread-1] - Current cpu load: 0.0, # processed events: 0, consecutive: 0/2, threshold: 0.9 in VM-110
 INFO 07-15 17:56:05,604 SystemLoadProfiler:50 [pool-8-thread-1] - Average CPU Load: 0.0 in VM-110
 INFO 07-15 17:56:05,605 TaskEventRateCalculator:114 [pool-8-thread-1] - ---- Start of task processed event (# tasks: 1 in executor VM-110)----
METRICLOG/VM-110	Stage2-2-0	inputR: 0	inputP:0	output:0	inW:2026-07-15T17:55:35.290Z	ioutW:2026-07-15T17:55:35.290Z	ptime:0	dsertime:0	inbytes:0	sertime:0	outbytes:0	numKey:1456	owc:0
----- End of taks processed event ----

 INFO 07-15 17:56:05,605 CpuBottleneckDetectorImpl:63 [pool-8-thread-1] - Current cpu load: 0.0, # processed events: 0, consecutive: 0/2, threshold: 0.9 in VM-110
 INFO 07-15 17:56:06,602 SystemLoadProfiler:50 [pool-8-thread-1] - Average CPU Load: 0.0 in VM-110
 INFO 07-15 17:56:06,603 TaskEventRateCalculator:114 [pool-8-thread-1] - ---- Start of task processed event (# tasks: 1 in executor VM-110)----
METRICLOG/VM-110	Stage2-2-0	inputR: 0	inputP:0	output:0	inW:2026-07-15T17:55:35.290Z	ioutW:2026-07-15T17:55:35.290Z	ptime:0	dsertime:0	inbytes:0	sertime:0	outbytes:0	numKey:1456	owc:0
----- End of taks processed event ----

 INFO 07-15 17:56:06,603 CpuBottleneckDetectorImpl:63 [pool-8-thread-1] - Current cpu load: 0.0, # processed events: 0, consecutive: 0/2, threshold: 0.9 in VM-110
 INFO 07-15 17:56:07,602 SystemLoadProfiler:50 [pool-8-thread-1] - Average CPU Load: 0.0 in VM-110
 INFO 07-15 17:56:07,603 TaskEventRateCalculator:114 [pool-8-thread-1] - ---- Start of task processed event (# tasks: 1 in executor VM-110)----
METRICLOG/VM-110	Stage2-2-0	inputR: 0	inputP:0	output:0	inW:2026-07-15T17:55:35.290Z	ioutW:2026-07-15T17:55:35.290Z	ptime:0	dsertime:0	inbytes:0	sertime:0	outbytes:0	numKey:1456	owc:0
----- End of taks processed event ----

 INFO 07-15 17:56:07,603 CpuBottleneckDetectorImpl:63 [pool-8-thread-1] - Current cpu load: 0.0, # processed events: 0, consecutive: 0/2, threshold: 0.9 in VM-110
 INFO 07-15 17:56:08,602 SystemLoadProfiler:50 [pool-8-thread-1] - Average CPU Load: 0.0 in VM-110
 INFO 07-15 17:56:08,603 TaskEventRateCalculator:114 [pool-8-thread-1] - ---- Start of task processed event (# tasks: 1 in executor VM-110)----
METRICLOG/VM-110	Stage2-2-0	inputR: 0	inputP:0	output:0	inW:2026-07-15T17:55:35.290Z	ioutW:2026-07-15T17:55:35.290Z	ptime:0	dsertime:0	inbytes:0	sertime:0	outbytes:0	numKey:1456	owc:0
----- End of taks processed event ----

 INFO 07-15 17:56:08,603 CpuBottleneckDetectorImpl:63 [pool-8-thread-1] - Current cpu load: 0.0, # processed events: 0, consecutive: 0/2, threshold: 0.9 in VM-110
 INFO 07-15 17:56:09,602 SystemLoadProfiler:50 [pool-8-thread-1] - Average CPU Load: 0.0 in VM-110
 INFO 07-15 17:56:09,602 TaskEventRateCalculator:114 [pool-8-thread-1] - ---- Start of task processed event (# tasks: 1 in executor VM-110)----
METRICLOG/VM-110	Stage2-2-0	inputR: 0	inputP:0	output:0	inW:2026-07-15T17:55:35.290Z	ioutW:2026-07-15T17:55:35.290Z	ptime:0	dsertime:0	inbytes:0	sertime:0	outbytes:0	numKey:1456	owc:0
----- End of taks processed event ----

 INFO 07-15 17:56:09,603 CpuBottleneckDetectorImpl:63 [pool-8-thread-1] - Current cpu load: 0.0, # processed events: 0, consecutive: 0/2, threshold: 0.9 in VM-110
 INFO 07-15 17:56:10,602 SystemLoadProfiler:50 [pool-8-thread-1] - Average CPU Load: 0.0 in VM-110
 INFO 07-15 17:56:10,603 TaskEventRateCalculator:114 [pool-8-thread-1] - ---- Start of task processed event (# tasks: 1 in executor VM-110)----
METRICLOG/VM-110	Stage2-2-0	inputR: 0	inputP:0	output:0	inW:2026-07-15T17:55:35.290Z	ioutW:2026-07-15T17:55:35.290Z	ptime:0	dsertime:0	inbytes:0	sertime:0	outbytes:0	numKey:1456	owc:0
----- End of taks processed event ----

 INFO 07-15 17:56:10,603 CpuBottleneckDetectorImpl:63 [pool-8-thread-1] - Current cpu load: 0.0, # processed events: 0, consecutive: 0/2, threshold: 0.9 in VM-110
 INFO 07-15 17:56:11,602 SystemLoadProfiler:50 [pool-8-thread-1] - Average CPU Load: 0.0 in VM-110
 INFO 07-15 17:56:11,602 TaskEventRateCalculator:114 [pool-8-thread-1] - ---- Start of task processed event (# tasks: 1 in executor VM-110)----
METRICLOG/VM-110	Stage2-2-0	inputR: 0	inputP:0	output:0	inW:2026-07-15T17:55:35.290Z	ioutW:2026-07-15T17:55:35.290Z	ptime:0	dsertime:0	inbytes:0	sertime:0	outbytes:0	numKey:1456	owc:0
----- End of taks processed event ----

 INFO 07-15 17:56:11,603 CpuBottleneckDetectorImpl:63 [pool-8-thread-1] - Current cpu load: 0.0, # processed events: 0, consecutive: 0/2, threshold: 0.9 in VM-110
 INFO 07-15 17:56:12,602 SystemLoadProfiler:50 [pool-8-thread-1] - Average CPU Load: 0.0 in VM-110
 INFO 07-15 17:56:12,602 TaskEventRateCalculator:114 [pool-8-thread-1] - ---- Start of task processed event (# tasks: 1 in executor VM-110)----
METRICLOG/VM-110	Stage2-2-0	inputR: 0	inputP:0	output:0	inW:2026-07-15T17:55:35.290Z	ioutW:2026-07-15T17:55:35.290Z	ptime:0	dsertime:0	inbytes:0	sertime:0	outbytes:0	numKey:1456	owc:0
----- End of taks processed event ----

 INFO 07-15 17:56:12,603 CpuBottleneckDetectorImpl:63 [pool-8-thread-1] - Current cpu load: 0.0, # processed events: 0, consecutive: 0/2, threshold: 0.9 in VM-110
 INFO 07-15 17:56:13,602 SystemLoadProfiler:50 [pool-8-thread-1] - Average CPU Load: 0.0 in VM-110
 INFO 07-15 17:56:13,602 TaskEventRateCalculator:114 [pool-8-thread-1] - ---- Start of task processed event (# tasks: 1 in executor VM-110)----
METRICLOG/VM-110	Stage2-2-0	inputR: 0	inputP:0	output:0	inW:2026-07-15T17:55:35.290Z	ioutW:2026-07-15T17:55:35.290Z	ptime:0	dsertime:0	inbytes:0	sertime:0	outbytes:0	numKey:1456	owc:0
----- End of taks processed event ----

 INFO 07-15 17:56:13,603 CpuBottleneckDetectorImpl:63 [pool-8-thread-1] - Current cpu load: 0.0, # processed events: 0, consecutive: 0/2, threshold: 0.9 in VM-110
 INFO 07-15 17:56:14,602 SystemLoadProfiler:50 [pool-8-thread-1] - Average CPU Load: 0.0 in VM-110
 INFO 07-15 17:56:14,603 TaskEventRateCalculator:114 [pool-8-thread-1] - ---- Start of task processed event (# tasks: 1 in executor VM-110)----
METRICLOG/VM-110	Stage2-2-0	inputR: 0	inputP:0	output:0	inW:2026-07-15T17:55:35.290Z	ioutW:2026-07-15T17:55:35.290Z	ptime:0	dsertime:0	inbytes:0	sertime:0	outbytes:0	numKey:1456	owc:0
----- End of taks processed event ----

 INFO 07-15 17:56:14,603 CpuBottleneckDetectorImpl:63 [pool-8-thread-1] - Current cpu load: 0.0, # processed events: 0, consecutive: 0/2, threshold: 0.9 in VM-110
 INFO 07-15 17:56:15,602 SystemLoadProfiler:50 [pool-8-thread-1] - Average CPU Load: 0.0 in VM-110
 INFO 07-15 17:56:15,602 TaskEventRateCalculator:114 [pool-8-thread-1] - ---- Start of task processed event (# tasks: 1 in executor VM-110)----
METRICLOG/VM-110	Stage2-2-0	inputR: 0	inputP:0	output:0	inW:2026-07-15T17:55:35.290Z	ioutW:2026-07-15T17:55:35.290Z	ptime:0	dsertime:0	inbytes:0	sertime:0	outbytes:0	numKey:1456	owc:0
----- End of taks processed event ----

 INFO 07-15 17:56:15,603 CpuBottleneckDetectorImpl:63 [pool-8-thread-1] - Current cpu load: 0.0, # processed events: 0, consecutive: 0/2, threshold: 0.9 in VM-110
 INFO 07-15 17:56:16,602 SystemLoadProfiler:50 [pool-8-thread-1] - Average CPU Load: 0.0 in VM-110
 INFO 07-15 17:56:16,602 TaskEventRateCalculator:114 [pool-8-thread-1] - ---- Start of task processed event (# tasks: 1 in executor VM-110)----
METRICLOG/VM-110	Stage2-2-0	inputR: 0	inputP:0	output:0	inW:2026-07-15T17:55:35.290Z	ioutW:2026-07-15T17:55:35.290Z	ptime:0	dsertime:0	inbytes:0	sertime:0	outbytes:0	numKey:1456	owc:0
----- End of taks processed event ----

 INFO 07-15 17:56:16,603 CpuBottleneckDetectorImpl:63 [pool-8-thread-1] - Current cpu load: 0.0, # processed events: 0, consecutive: 0/2, threshold: 0.9 in VM-110
 INFO 07-15 17:56:17,605 SystemLoadProfiler:50 [pool-8-thread-1] - Average CPU Load: 0.0 in VM-110
 INFO 07-15 17:56:17,606 TaskEventRateCalculator:114 [pool-8-thread-1] - ---- Start of task processed event (# tasks: 1 in executor VM-110)----
METRICLOG/VM-110	Stage2-2-0	inputR: 0	inputP:0	output:0	inW:2026-07-15T17:55:35.290Z	ioutW:2026-07-15T17:55:35.290Z	ptime:0	dsertime:0	inbytes:0	sertime:0	outbytes:0	numKey:1456	owc:0
----- End of taks processed event ----

 INFO 07-15 17:56:17,606 CpuBottleneckDetectorImpl:63 [pool-8-thread-1] - Current cpu load: 0.0, # processed events: 0, consecutive: 0/2, threshold: 0.9 in VM-110
 INFO 07-15 17:56:18,602 SystemLoadProfiler:50 [pool-8-thread-1] - Average CPU Load: 0.0 in VM-110
 INFO 07-15 17:56:18,602 TaskEventRateCalculator:114 [pool-8-thread-1] - ---- Start of task processed event (# tasks: 1 in executor VM-110)----
METRICLOG/VM-110	Stage2-2-0	inputR: 0	inputP:0	output:0	inW:2026-07-15T17:55:35.290Z	ioutW:2026-07-15T17:55:35.290Z	ptime:0	dsertime:0	inbytes:0	sertime:0	outbytes:0	numKey:1456	owc:0
----- End of taks processed event ----

 INFO 07-15 17:56:18,603 CpuBottleneckDetectorImpl:63 [pool-8-thread-1] - Current cpu load: 0.0, # processed events: 0, consecutive: 0/2, threshold: 0.9 in VM-110
 INFO 07-15 17:56:19,602 SystemLoadProfiler:50 [pool-8-thread-1] - Average CPU Load: 0.0 in VM-110
 INFO 07-15 17:56:19,602 TaskEventRateCalculator:114 [pool-8-thread-1] - ---- Start of task processed event (# tasks: 1 in executor VM-110)----
METRICLOG/VM-110	Stage2-2-0	inputR: 0	inputP:0	output:0	inW:2026-07-15T17:55:35.290Z	ioutW:2026-07-15T17:55:35.290Z	ptime:0	dsertime:0	inbytes:0	sertime:0	outbytes:0	numKey:1456	owc:0
----- End of taks processed event ----

 INFO 07-15 17:56:19,603 CpuBottleneckDetectorImpl:63 [pool-8-thread-1] - Current cpu load: 0.0, # processed events: 0, consecutive: 0/2, threshold: 0.9 in VM-110
 INFO 07-15 17:56:20,602 SystemLoadProfiler:50 [pool-8-thread-1] - Average CPU Load: 0.0 in VM-110
 INFO 07-15 17:56:20,602 TaskEventRateCalculator:114 [pool-8-thread-1] - ---- Start of task processed event (# tasks: 1 in executor VM-110)----
METRICLOG/VM-110	Stage2-2-0	inputR: 0	inputP:0	output:0	inW:2026-07-15T17:55:35.290Z	ioutW:2026-07-15T17:55:35.290Z	ptime:0	dsertime:0	inbytes:0	sertime:0	outbytes:0	numKey:1456	owc:0
----- End of taks processed event ----

 INFO 07-15 17:56:20,603 CpuBottleneckDetectorImpl:63 [pool-8-thread-1] - Current cpu load: 0.0, # processed events: 0, consecutive: 0/2, threshold: 0.9 in VM-110
 INFO 07-15 17:56:21,602 SystemLoadProfiler:50 [pool-8-thread-1] - Average CPU Load: 0.0 in VM-110
 INFO 07-15 17:56:21,602 TaskEventRateCalculator:114 [pool-8-thread-1] - ---- Start of task processed event (# tasks: 1 in executor VM-110)----
METRICLOG/VM-110	Stage2-2-0	inputR: 0	inputP:0	output:0	inW:2026-07-15T17:55:35.290Z	ioutW:2026-07-15T17:55:35.290Z	ptime:0	dsertime:0	inbytes:0	sertime:0	outbytes:0	numKey:1456	owc:0
----- End of taks processed event ----

 INFO 07-15 17:56:21,603 CpuBottleneckDetectorImpl:63 [pool-8-thread-1] - Current cpu load: 0.0, # processed events: 0, consecutive: 0/2, threshold: 0.9 in VM-110
 INFO 07-15 17:56:22,602 SystemLoadProfiler:50 [pool-8-thread-1] - Average CPU Load: 0.0 in VM-110
 INFO 07-15 17:56:22,602 TaskEventRateCalculator:114 [pool-8-thread-1] - ---- Start of task processed event (# tasks: 1 in executor VM-110)----
METRICLOG/VM-110	Stage2-2-0	inputR: 0	inputP:0	output:0	inW:2026-07-15T17:55:35.290Z	ioutW:2026-07-15T17:55:35.290Z	ptime:0	dsertime:0	inbytes:0	sertime:0	outbytes:0	numKey:1456	owc:0
----- End of taks processed event ----

 INFO 07-15 17:56:22,603 CpuBottleneckDetectorImpl:63 [pool-8-thread-1] - Current cpu load: 0.0, # processed events: 0, consecutive: 0/2, threshold: 0.9 in VM-110
 INFO 07-15 17:56:23,602 SystemLoadProfiler:50 [pool-8-thread-1] - Average CPU Load: 0.0 in VM-110
 INFO 07-15 17:56:23,602 TaskEventRateCalculator:114 [pool-8-thread-1] - ---- Start of task processed event (# tasks: 1 in executor VM-110)----
METRICLOG/VM-110	Stage2-2-0	inputR: 0	inputP:0	output:0	inW:2026-07-15T17:55:35.290Z	ioutW:2026-07-15T17:55:35.290Z	ptime:0	dsertime:0	inbytes:0	sertime:0	outbytes:0	numKey:1456	owc:0
----- End of taks processed event ----

 INFO 07-15 17:56:23,603 CpuBottleneckDetectorImpl:63 [pool-8-thread-1] - Current cpu load: 0.0, # processed events: 0, consecutive: 0/2, threshold: 0.9 in VM-110
 INFO 07-15 17:56:24,602 SystemLoadProfiler:50 [pool-8-thread-1] - Average CPU Load: 0.0 in VM-110
 INFO 07-15 17:56:24,603 TaskEventRateCalculator:114 [pool-8-thread-1] - ---- Start of task processed event (# tasks: 1 in executor VM-110)----
METRICLOG/VM-110	Stage2-2-0	inputR: 0	inputP:0	output:0	inW:2026-07-15T17:55:35.290Z	ioutW:2026-07-15T17:55:35.290Z	ptime:0	dsertime:0	inbytes:0	sertime:0	outbytes:0	numKey:1456	owc:0
----- End of taks processed event ----

 INFO 07-15 17:56:24,603 CpuBottleneckDetectorImpl:63 [pool-8-thread-1] - Current cpu load: 0.0, # processed events: 0, consecutive: 0/2, threshold: 0.9 in VM-110
 INFO 07-15 17:56:25,602 SystemLoadProfiler:50 [pool-8-thread-1] - Average CPU Load: 0.0 in VM-110
 INFO 07-15 17:56:25,602 TaskEventRateCalculator:114 [pool-8-thread-1] - ---- Start of task processed event (# tasks: 1 in executor VM-110)----
METRICLOG/VM-110	Stage2-2-0	inputR: 0	inputP:0	output:0	inW:2026-07-15T17:55:35.290Z	ioutW:2026-07-15T17:55:35.290Z	ptime:0	dsertime:0	inbytes:0	sertime:0	outbytes:0	numKey:1456	owc:0
----- End of taks processed event ----

 INFO 07-15 17:56:25,603 CpuBottleneckDetectorImpl:63 [pool-8-thread-1] - Current cpu load: 0.0, # processed events: 0, consecutive: 0/2, threshold: 0.9 in VM-110
 INFO 07-15 17:56:26,602 SystemLoadProfiler:50 [pool-8-thread-1] - Average CPU Load: 0.0 in VM-110
 INFO 07-15 17:56:26,602 TaskEventRateCalculator:114 [pool-8-thread-1] - ---- Start of task processed event (# tasks: 1 in executor VM-110)----
METRICLOG/VM-110	Stage2-2-0	inputR: 0	inputP:0	output:0	inW:2026-07-15T17:55:35.290Z	ioutW:2026-07-15T17:55:35.290Z	ptime:0	dsertime:0	inbytes:0	sertime:0	outbytes:0	numKey:1456	owc:0
----- End of taks processed event ----

 INFO 07-15 17:56:26,603 CpuBottleneckDetectorImpl:63 [pool-8-thread-1] - Current cpu load: 0.0, # processed events: 0, consecutive: 0/2, threshold: 0.9 in VM-110
 INFO 07-15 17:56:27,602 SystemLoadProfiler:50 [pool-8-thread-1] - Average CPU Load: 0.0 in VM-110
 INFO 07-15 17:56:27,602 TaskEventRateCalculator:114 [pool-8-thread-1] - ---- Start of task processed event (# tasks: 1 in executor VM-110)----
METRICLOG/VM-110	Stage2-2-0	inputR: 0	inputP:0	output:0	inW:2026-07-15T17:55:35.290Z	ioutW:2026-07-15T17:55:35.290Z	ptime:0	dsertime:0	inbytes:0	sertime:0	outbytes:0	numKey:1456	owc:0
----- End of taks processed event ----

 INFO 07-15 17:56:27,603 CpuBottleneckDetectorImpl:63 [pool-8-thread-1] - Current cpu load: 0.0, # processed events: 0, consecutive: 0/2, threshold: 0.9 in VM-110
 INFO 07-15 17:56:28,602 SystemLoadProfiler:50 [pool-8-thread-1] - Average CPU Load: 0.0 in VM-110
 INFO 07-15 17:56:28,602 TaskEventRateCalculator:114 [pool-8-thread-1] - ---- Start of task processed event (# tasks: 1 in executor VM-110)----
METRICLOG/VM-110	Stage2-2-0	inputR: 0	inputP:0	output:0	inW:2026-07-15T17:55:35.290Z	ioutW:2026-07-15T17:55:35.290Z	ptime:0	dsertime:0	inbytes:0	sertime:0	outbytes:0	numKey:1456	owc:0
----- End of taks processed event ----

 INFO 07-15 17:56:28,603 CpuBottleneckDetectorImpl:63 [pool-8-thread-1] - Current cpu load: 0.0, # processed events: 0, consecutive: 0/2, threshold: 0.9 in VM-110
 INFO 07-15 17:56:29,602 SystemLoadProfiler:50 [pool-8-thread-1] - Average CPU Load: 0.0 in VM-110
 INFO 07-15 17:56:29,602 TaskEventRateCalculator:114 [pool-8-thread-1] - ---- Start of task processed event (# tasks: 1 in executor VM-110)----
METRICLOG/VM-110	Stage2-2-0	inputR: 0	inputP:0	output:0	inW:2026-07-15T17:55:35.290Z	ioutW:2026-07-15T17:55:35.290Z	ptime:0	dsertime:0	inbytes:0	sertime:0	outbytes:0	numKey:1456	owc:0
----- End of taks processed event ----

 INFO 07-15 17:56:29,603 CpuBottleneckDetectorImpl:63 [pool-8-thread-1] - Current cpu load: 0.0, # processed events: 0, consecutive: 0/2, threshold: 0.9 in VM-110
 INFO 07-15 17:56:30,602 SystemLoadProfiler:50 [pool-8-thread-1] - Average CPU Load: 0.0 in VM-110
 INFO 07-15 17:56:30,602 TaskEventRateCalculator:114 [pool-8-thread-1] - ---- Start of task processed event (# tasks: 1 in executor VM-110)----
METRICLOG/VM-110	Stage2-2-0	inputR: 0	inputP:0	output:0	inW:2026-07-15T17:55:35.290Z	ioutW:2026-07-15T17:55:35.290Z	ptime:0	dsertime:0	inbytes:0	sertime:0	outbytes:0	numKey:1456	owc:0
----- End of taks processed event ----

 INFO 07-15 17:56:30,602 CpuBottleneckDetectorImpl:63 [pool-8-thread-1] - Current cpu load: 0.0, # processed events: 0, consecutive: 0/2, threshold: 0.9 in VM-110
 INFO 07-15 17:56:31,602 SystemLoadProfiler:50 [pool-8-thread-1] - Average CPU Load: 0.0 in VM-110
 INFO 07-15 17:56:31,602 TaskEventRateCalculator:114 [pool-8-thread-1] - ---- Start of task processed event (# tasks: 1 in executor VM-110)----
METRICLOG/VM-110	Stage2-2-0	inputR: 0	inputP:0	output:0	inW:2026-07-15T17:55:35.290Z	ioutW:2026-07-15T17:55:35.290Z	ptime:0	dsertime:0	inbytes:0	sertime:0	outbytes:0	numKey:1456	owc:0
----- End of taks processed event ----

 INFO 07-15 17:56:31,603 CpuBottleneckDetectorImpl:63 [pool-8-thread-1] - Current cpu load: 0.0, # processed events: 0, consecutive: 0/2, threshold: 0.9 in VM-110
 INFO 07-15 17:56:32,602 SystemLoadProfiler:50 [pool-8-thread-1] - Average CPU Load: 0.0 in VM-110
 INFO 07-15 17:56:32,602 TaskEventRateCalculator:114 [pool-8-thread-1] - ---- Start of task processed event (# tasks: 1 in executor VM-110)----
METRICLOG/VM-110	Stage2-2-0	inputR: 0	inputP:0	output:0	inW:2026-07-15T17:55:35.290Z	ioutW:2026-07-15T17:55:35.290Z	ptime:0	dsertime:0	inbytes:0	sertime:0	outbytes:0	numKey:1456	owc:0
----- End of taks processed event ----

 INFO 07-15 17:56:32,603 CpuBottleneckDetectorImpl:63 [pool-8-thread-1] - Current cpu load: 0.0, # processed events: 0, consecutive: 0/2, threshold: 0.9 in VM-110
 INFO 07-15 17:56:33,602 SystemLoadProfiler:50 [pool-8-thread-1] - Average CPU Load: 0.0 in VM-110
 INFO 07-15 17:56:33,602 TaskEventRateCalculator:114 [pool-8-thread-1] - ---- Start of task processed event (# tasks: 1 in executor VM-110)----
METRICLOG/VM-110	Stage2-2-0	inputR: 0	inputP:0	output:0	inW:2026-07-15T17:55:35.290Z	ioutW:2026-07-15T17:55:35.290Z	ptime:0	dsertime:0	inbytes:0	sertime:0	outbytes:0	numKey:1456	owc:0
----- End of taks processed event ----

 INFO 07-15 17:56:33,603 CpuBottleneckDetectorImpl:63 [pool-8-thread-1] - Current cpu load: 0.0, # processed events: 0, consecutive: 0/2, threshold: 0.9 in VM-110
 INFO 07-15 17:56:34,602 SystemLoadProfiler:50 [pool-8-thread-1] - Average CPU Load: 0.0 in VM-110
 INFO 07-15 17:56:34,602 TaskEventRateCalculator:114 [pool-8-thread-1] - ---- Start of task processed event (# tasks: 1 in executor VM-110)----
METRICLOG/VM-110	Stage2-2-0	inputR: 0	inputP:0	output:0	inW:2026-07-15T17:55:35.290Z	ioutW:2026-07-15T17:55:35.290Z	ptime:0	dsertime:0	inbytes:0	sertime:0	outbytes:0	numKey:1456	owc:0
----- End of taks processed event ----

 INFO 07-15 17:56:34,603 CpuBottleneckDetectorImpl:63 [pool-8-thread-1] - Current cpu load: 0.0, # processed events: 0, consecutive: 0/2, threshold: 0.9 in VM-110
 INFO 07-15 17:56:35,602 SystemLoadProfiler:50 [pool-8-thread-1] - Average CPU Load: 0.0 in VM-110
 INFO 07-15 17:56:35,602 TaskEventRateCalculator:114 [pool-8-thread-1] - ---- Start of task processed event (# tasks: 1 in executor VM-110)----
METRICLOG/VM-110	Stage2-2-0	inputR: 0	inputP:0	output:0	inW:2026-07-15T17:55:35.290Z	ioutW:2026-07-15T17:55:35.290Z	ptime:0	dsertime:0	inbytes:0	sertime:0	outbytes:0	numKey:1456	owc:0
----- End of taks processed event ----

 INFO 07-15 17:56:35,603 CpuBottleneckDetectorImpl:63 [pool-8-thread-1] - Current cpu load: 0.0, # processed events: 0, consecutive: 0/2, threshold: 0.9 in VM-110
 INFO 07-15 17:56:36,602 SystemLoadProfiler:50 [pool-8-thread-1] - Average CPU Load: 0.0 in VM-110
 INFO 07-15 17:56:36,602 TaskEventRateCalculator:114 [pool-8-thread-1] - ---- Start of task processed event (# tasks: 1 in executor VM-110)----
METRICLOG/VM-110	Stage2-2-0	inputR: 0	inputP:0	output:0	inW:2026-07-15T17:55:35.290Z	ioutW:2026-07-15T17:55:35.290Z	ptime:0	dsertime:0	inbytes:0	sertime:0	outbytes:0	numKey:1456	owc:0
----- End of taks processed event ----

 INFO 07-15 17:56:36,603 CpuBottleneckDetectorImpl:63 [pool-8-thread-1] - Current cpu load: 0.0, # processed events: 0, consecutive: 0/2, threshold: 0.9 in VM-110
 INFO 07-15 17:56:37,602 SystemLoadProfiler:50 [pool-8-thread-1] - Average CPU Load: 0.0 in VM-110
 INFO 07-15 17:56:37,602 TaskEventRateCalculator:114 [pool-8-thread-1] - ---- Start of task processed event (# tasks: 1 in executor VM-110)----
METRICLOG/VM-110	Stage2-2-0	inputR: 0	inputP:0	output:0	inW:2026-07-15T17:55:35.290Z	ioutW:2026-07-15T17:55:35.290Z	ptime:0	dsertime:0	inbytes:0	sertime:0	outbytes:0	numKey:1456	owc:0
----- End of taks processed event ----

 INFO 07-15 17:56:37,603 CpuBottleneckDetectorImpl:63 [pool-8-thread-1] - Current cpu load: 0.0, # processed events: 0, consecutive: 0/2, threshold: 0.9 in VM-110
 INFO 07-15 17:56:38,602 SystemLoadProfiler:50 [pool-8-thread-1] - Average CPU Load: 0.0 in VM-110
 INFO 07-15 17:56:38,602 TaskEventRateCalculator:114 [pool-8-thread-1] - ---- Start of task processed event (# tasks: 1 in executor VM-110)----
METRICLOG/VM-110	Stage2-2-0	inputR: 0	inputP:0	output:0	inW:2026-07-15T17:55:35.290Z	ioutW:2026-07-15T17:55:35.290Z	ptime:0	dsertime:0	inbytes:0	sertime:0	outbytes:0	numKey:1456	owc:0
----- End of taks processed event ----

 INFO 07-15 17:56:38,603 CpuBottleneckDetectorImpl:63 [pool-8-thread-1] - Current cpu load: 0.0, # processed events: 0, consecutive: 0/2, threshold: 0.9 in VM-110
 INFO 07-15 17:56:39,602 SystemLoadProfiler:50 [pool-8-thread-1] - Average CPU Load: 0.0 in VM-110
 INFO 07-15 17:56:39,602 TaskEventRateCalculator:114 [pool-8-thread-1] - ---- Start of task processed event (# tasks: 1 in executor VM-110)----
METRICLOG/VM-110	Stage2-2-0	inputR: 0	inputP:0	output:0	inW:2026-07-15T17:55:35.290Z	ioutW:2026-07-15T17:55:35.290Z	ptime:0	dsertime:0	inbytes:0	sertime:0	outbytes:0	numKey:1456	owc:0
----- End of taks processed event ----

 INFO 07-15 17:56:39,603 CpuBottleneckDetectorImpl:63 [pool-8-thread-1] - Current cpu load: 0.0, # processed events: 0, consecutive: 0/2, threshold: 0.9 in VM-110
 INFO 07-15 17:56:40,602 SystemLoadProfiler:50 [pool-8-thread-1] - Average CPU Load: 0.0 in VM-110
 INFO 07-15 17:56:40,602 TaskEventRateCalculator:114 [pool-8-thread-1] - ---- Start of task processed event (# tasks: 1 in executor VM-110)----
METRICLOG/VM-110	Stage2-2-0	inputR: 0	inputP:0	output:0	inW:2026-07-15T17:55:35.290Z	ioutW:2026-07-15T17:55:35.290Z	ptime:0	dsertime:0	inbytes:0	sertime:0	outbytes:0	numKey:1456	owc:0
----- End of taks processed event ----

 INFO 07-15 17:56:40,603 CpuBottleneckDetectorImpl:63 [pool-8-thread-1] - Current cpu load: 0.0, # processed events: 0, consecutive: 0/2, threshold: 0.9 in VM-110
 INFO 07-15 17:56:41,603 SystemLoadProfiler:50 [pool-8-thread-1] - Average CPU Load: 0.0 in VM-110
 INFO 07-15 17:56:41,603 TaskEventRateCalculator:114 [pool-8-thread-1] - ---- Start of task processed event (# tasks: 1 in executor VM-110)----
METRICLOG/VM-110	Stage2-2-0	inputR: 0	inputP:0	output:0	inW:2026-07-15T17:55:35.290Z	ioutW:2026-07-15T17:55:35.290Z	ptime:0	dsertime:0	inbytes:0	sertime:0	outbytes:0	numKey:1456	owc:0
----- End of taks processed event ----

 INFO 07-15 17:56:41,603 CpuBottleneckDetectorImpl:63 [pool-8-thread-1] - Current cpu load: 0.0, # processed events: 0, consecutive: 0/2, threshold: 0.9 in VM-110
 INFO 07-15 17:56:42,602 SystemLoadProfiler:50 [pool-8-thread-1] - Average CPU Load: 0.0 in VM-110
 INFO 07-15 17:56:42,602 TaskEventRateCalculator:114 [pool-8-thread-1] - ---- Start of task processed event (# tasks: 1 in executor VM-110)----
METRICLOG/VM-110	Stage2-2-0	inputR: 0	inputP:0	output:0	inW:2026-07-15T17:55:35.290Z	ioutW:2026-07-15T17:55:35.290Z	ptime:0	dsertime:0	inbytes:0	sertime:0	outbytes:0	numKey:1456	owc:0
----- End of taks processed event ----

 INFO 07-15 17:56:42,603 CpuBottleneckDetectorImpl:63 [pool-8-thread-1] - Current cpu load: 0.0, # processed events: 0, consecutive: 0/2, threshold: 0.9 in VM-110
 INFO 07-15 17:56:43,602 SystemLoadProfiler:50 [pool-8-thread-1] - Average CPU Load: 0.0 in VM-110
 INFO 07-15 17:56:43,602 TaskEventRateCalculator:114 [pool-8-thread-1] - ---- Start of task processed event (# tasks: 1 in executor VM-110)----
METRICLOG/VM-110	Stage2-2-0	inputR: 0	inputP:0	output:0	inW:2026-07-15T17:55:35.290Z	ioutW:2026-07-15T17:55:35.290Z	ptime:0	dsertime:0	inbytes:0	sertime:0	outbytes:0	numKey:1456	owc:0
----- End of taks processed event ----

 INFO 07-15 17:56:43,603 CpuBottleneckDetectorImpl:63 [pool-8-thread-1] - Current cpu load: 0.0, # processed events: 0, consecutive: 0/2, threshold: 0.9 in VM-110
 INFO 07-15 17:56:44,602 SystemLoadProfiler:50 [pool-8-thread-1] - Average CPU Load: 0.0 in VM-110
 INFO 07-15 17:56:44,602 TaskEventRateCalculator:114 [pool-8-thread-1] - ---- Start of task processed event (# tasks: 1 in executor VM-110)----
METRICLOG/VM-110	Stage2-2-0	inputR: 0	inputP:0	output:0	inW:2026-07-15T17:55:35.290Z	ioutW:2026-07-15T17:55:35.290Z	ptime:0	dsertime:0	inbytes:0	sertime:0	outbytes:0	numKey:1456	owc:0
----- End of taks processed event ----

 INFO 07-15 17:56:44,603 CpuBottleneckDetectorImpl:63 [pool-8-thread-1] - Current cpu load: 0.0, # processed events: 0, consecutive: 0/2, threshold: 0.9 in VM-110
 INFO 07-15 17:56:45,602 SystemLoadProfiler:50 [pool-8-thread-1] - Average CPU Load: 0.0 in VM-110
 INFO 07-15 17:56:45,602 TaskEventRateCalculator:114 [pool-8-thread-1] - ---- Start of task processed event (# tasks: 1 in executor VM-110)----
METRICLOG/VM-110	Stage2-2-0	inputR: 0	inputP:0	output:0	inW:2026-07-15T17:55:35.290Z	ioutW:2026-07-15T17:55:35.290Z	ptime:0	dsertime:0	inbytes:0	sertime:0	outbytes:0	numKey:1456	owc:0
----- End of taks processed event ----

 INFO 07-15 17:56:45,603 CpuBottleneckDetectorImpl:63 [pool-8-thread-1] - Current cpu load: 0.0, # processed events: 0, consecutive: 0/2, threshold: 0.9 in VM-110
 INFO 07-15 17:56:46,602 SystemLoadProfiler:50 [pool-8-thread-1] - Average CPU Load: 0.0 in VM-110
 INFO 07-15 17:56:46,602 TaskEventRateCalculator:114 [pool-8-thread-1] - ---- Start of task processed event (# tasks: 1 in executor VM-110)----
METRICLOG/VM-110	Stage2-2-0	inputR: 0	inputP:0	output:0	inW:2026-07-15T17:55:35.290Z	ioutW:2026-07-15T17:55:35.290Z	ptime:0	dsertime:0	inbytes:0	sertime:0	outbytes:0	numKey:1456	owc:0
----- End of taks processed event ----

 INFO 07-15 17:56:46,603 CpuBottleneckDetectorImpl:63 [pool-8-thread-1] - Current cpu load: 0.0, # processed events: 0, consecutive: 0/2, threshold: 0.9 in VM-110
 INFO 07-15 17:56:47,602 SystemLoadProfiler:50 [pool-8-thread-1] - Average CPU Load: 0.0 in VM-110
 INFO 07-15 17:56:47,602 TaskEventRateCalculator:114 [pool-8-thread-1] - ---- Start of task processed event (# tasks: 1 in executor VM-110)----
METRICLOG/VM-110	Stage2-2-0	inputR: 0	inputP:0	output:0	inW:2026-07-15T17:55:35.290Z	ioutW:2026-07-15T17:55:35.290Z	ptime:0	dsertime:0	inbytes:0	sertime:0	outbytes:0	numKey:1456	owc:0
----- End of taks processed event ----

 INFO 07-15 17:56:47,603 CpuBottleneckDetectorImpl:63 [pool-8-thread-1] - Current cpu load: 0.0, # processed events: 0, consecutive: 0/2, threshold: 0.9 in VM-110
 INFO 07-15 17:56:48,602 SystemLoadProfiler:50 [pool-8-thread-1] - Average CPU Load: 0.0 in VM-110
 INFO 07-15 17:56:48,602 TaskEventRateCalculator:114 [pool-8-thread-1] - ---- Start of task processed event (# tasks: 1 in executor VM-110)----
METRICLOG/VM-110	Stage2-2-0	inputR: 0	inputP:0	output:0	inW:2026-07-15T17:55:35.290Z	ioutW:2026-07-15T17:55:35.290Z	ptime:0	dsertime:0	inbytes:0	sertime:0	outbytes:0	numKey:1456	owc:0
----- End of taks processed event ----

 INFO 07-15 17:56:48,603 CpuBottleneckDetectorImpl:63 [pool-8-thread-1] - Current cpu load: 0.0, # processed events: 0, consecutive: 0/2, threshold: 0.9 in VM-110
 INFO 07-15 17:56:49,602 SystemLoadProfiler:50 [pool-8-thread-1] - Average CPU Load: 0.0 in VM-110
 INFO 07-15 17:56:49,602 TaskEventRateCalculator:114 [pool-8-thread-1] - ---- Start of task processed event (# tasks: 1 in executor VM-110)----
METRICLOG/VM-110	Stage2-2-0	inputR: 0	inputP:0	output:0	inW:2026-07-15T17:55:35.290Z	ioutW:2026-07-15T17:55:35.290Z	ptime:0	dsertime:0	inbytes:0	sertime:0	outbytes:0	numKey:1456	owc:0
----- End of taks processed event ----

 INFO 07-15 17:56:49,603 CpuBottleneckDetectorImpl:63 [pool-8-thread-1] - Current cpu load: 0.0, # processed events: 0, consecutive: 0/2, threshold: 0.9 in VM-110
 INFO 07-15 17:56:50,602 SystemLoadProfiler:50 [pool-8-thread-1] - Average CPU Load: 0.0 in VM-110
 INFO 07-15 17:56:50,602 TaskEventRateCalculator:114 [pool-8-thread-1] - ---- Start of task processed event (# tasks: 1 in executor VM-110)----
METRICLOG/VM-110	Stage2-2-0	inputR: 0	inputP:0	output:0	inW:2026-07-15T17:55:35.290Z	ioutW:2026-07-15T17:55:35.290Z	ptime:0	dsertime:0	inbytes:0	sertime:0	outbytes:0	numKey:1456	owc:0
----- End of taks processed event ----

 INFO 07-15 17:56:50,602 CpuBottleneckDetectorImpl:63 [pool-8-thread-1] - Current cpu load: 0.0, # processed events: 0, consecutive: 0/2, threshold: 0.9 in VM-110
 INFO 07-15 17:56:51,602 SystemLoadProfiler:50 [pool-8-thread-1] - Average CPU Load: 0.0 in VM-110
 INFO 07-15 17:56:51,602 TaskEventRateCalculator:114 [pool-8-thread-1] - ---- Start of task processed event (# tasks: 1 in executor VM-110)----
METRICLOG/VM-110	Stage2-2-0	inputR: 0	inputP:0	output:0	inW:2026-07-15T17:55:35.290Z	ioutW:2026-07-15T17:55:35.290Z	ptime:0	dsertime:0	inbytes:0	sertime:0	outbytes:0	numKey:1456	owc:0
----- End of taks processed event ----

 INFO 07-15 17:56:51,603 CpuBottleneckDetectorImpl:63 [pool-8-thread-1] - Current cpu load: 0.0, # processed events: 0, consecutive: 0/2, threshold: 0.9 in VM-110
 INFO 07-15 17:56:52,602 SystemLoadProfiler:50 [pool-8-thread-1] - Average CPU Load: 0.0 in VM-110
 INFO 07-15 17:56:52,602 TaskEventRateCalculator:114 [pool-8-thread-1] - ---- Start of task processed event (# tasks: 1 in executor VM-110)----
METRICLOG/VM-110	Stage2-2-0	inputR: 0	inputP:0	output:0	inW:2026-07-15T17:55:35.290Z	ioutW:2026-07-15T17:55:35.290Z	ptime:0	dsertime:0	inbytes:0	sertime:0	outbytes:0	numKey:1456	owc:0
----- End of taks processed event ----

 INFO 07-15 17:56:52,603 CpuBottleneckDetectorImpl:63 [pool-8-thread-1] - Current cpu load: 0.0, # processed events: 0, consecutive: 0/2, threshold: 0.9 in VM-110
 INFO 07-15 17:56:53,602 SystemLoadProfiler:50 [pool-8-thread-1] - Average CPU Load: 0.0 in VM-110
 INFO 07-15 17:56:53,602 TaskEventRateCalculator:114 [pool-8-thread-1] - ---- Start of task processed event (# tasks: 1 in executor VM-110)----
METRICLOG/VM-110	Stage2-2-0	inputR: 0	inputP:0	output:0	inW:2026-07-15T17:55:35.290Z	ioutW:2026-07-15T17:55:35.290Z	ptime:0	dsertime:0	inbytes:0	sertime:0	outbytes:0	numKey:1456	owc:0
----- End of taks processed event ----

 INFO 07-15 17:56:53,602 CpuBottleneckDetectorImpl:63 [pool-8-thread-1] - Current cpu load: 0.0, # processed events: 0, consecutive: 0/2, threshold: 0.9 in VM-110
 INFO 07-15 17:56:54,602 SystemLoadProfiler:50 [pool-8-thread-1] - Average CPU Load: 0.0 in VM-110
 INFO 07-15 17:56:54,602 TaskEventRateCalculator:114 [pool-8-thread-1] - ---- Start of task processed event (# tasks: 1 in executor VM-110)----
METRICLOG/VM-110	Stage2-2-0	inputR: 0	inputP:0	output:0	inW:2026-07-15T17:55:35.290Z	ioutW:2026-07-15T17:55:35.290Z	ptime:0	dsertime:0	inbytes:0	sertime:0	outbytes:0	numKey:1456	owc:0
----- End of taks processed event ----

 INFO 07-15 17:56:54,603 CpuBottleneckDetectorImpl:63 [pool-8-thread-1] - Current cpu load: 0.0, # processed events: 0, consecutive: 0/2, threshold: 0.9 in VM-110
 INFO 07-15 17:56:55,602 SystemLoadProfiler:50 [pool-8-thread-1] - Average CPU Load: 0.0 in VM-110
 INFO 07-15 17:56:55,602 TaskEventRateCalculator:114 [pool-8-thread-1] - ---- Start of task processed event (# tasks: 1 in executor VM-110)----
METRICLOG/VM-110	Stage2-2-0	inputR: 0	inputP:0	output:0	inW:2026-07-15T17:55:35.290Z	ioutW:2026-07-15T17:55:35.290Z	ptime:0	dsertime:0	inbytes:0	sertime:0	outbytes:0	numKey:1456	owc:0
----- End of taks processed event ----

 INFO 07-15 17:56:55,603 CpuBottleneckDetectorImpl:63 [pool-8-thread-1] - Current cpu load: 0.0, # processed events: 0, consecutive: 0/2, threshold: 0.9 in VM-110
 INFO 07-15 17:56:56,602 SystemLoadProfiler:50 [pool-8-thread-1] - Average CPU Load: 0.0 in VM-110
 INFO 07-15 17:56:56,602 TaskEventRateCalculator:114 [pool-8-thread-1] - ---- Start of task processed event (# tasks: 1 in executor VM-110)----
METRICLOG/VM-110	Stage2-2-0	inputR: 0	inputP:0	output:0	inW:2026-07-15T17:55:35.290Z	ioutW:2026-07-15T17:55:35.290Z	ptime:0	dsertime:0	inbytes:0	sertime:0	outbytes:0	numKey:1456	owc:0
----- End of taks processed event ----

 INFO 07-15 17:56:56,603 CpuBottleneckDetectorImpl:63 [pool-8-thread-1] - Current cpu load: 0.0, # processed events: 0, consecutive: 0/2, threshold: 0.9 in VM-110
 INFO 07-15 17:56:57,602 SystemLoadProfiler:50 [pool-8-thread-1] - Average CPU Load: 0.0 in VM-110
 INFO 07-15 17:56:57,602 TaskEventRateCalculator:114 [pool-8-thread-1] - ---- Start of task processed event (# tasks: 1 in executor VM-110)----
METRICLOG/VM-110	Stage2-2-0	inputR: 0	inputP:0	output:0	inW:2026-07-15T17:55:35.290Z	ioutW:2026-07-15T17:55:35.290Z	ptime:0	dsertime:0	inbytes:0	sertime:0	outbytes:0	numKey:1456	owc:0
----- End of taks processed event ----

 INFO 07-15 17:56:57,603 CpuBottleneckDetectorImpl:63 [pool-8-thread-1] - Current cpu load: 0.0, # processed events: 0, consecutive: 0/2, threshold: 0.9 in VM-110
 INFO 07-15 17:56:58,602 SystemLoadProfiler:50 [pool-8-thread-1] - Average CPU Load: 0.0 in VM-110
 INFO 07-15 17:56:58,602 TaskEventRateCalculator:114 [pool-8-thread-1] - ---- Start of task processed event (# tasks: 1 in executor VM-110)----
METRICLOG/VM-110	Stage2-2-0	inputR: 0	inputP:0	output:0	inW:2026-07-15T17:55:35.290Z	ioutW:2026-07-15T17:55:35.290Z	ptime:0	dsertime:0	inbytes:0	sertime:0	outbytes:0	numKey:1456	owc:0
----- End of taks processed event ----

 INFO 07-15 17:56:58,603 CpuBottleneckDetectorImpl:63 [pool-8-thread-1] - Current cpu load: 0.0, # processed events: 0, consecutive: 0/2, threshold: 0.9 in VM-110
 INFO 07-15 17:56:59,602 SystemLoadProfiler:50 [pool-8-thread-1] - Average CPU Load: 0.0 in VM-110
 INFO 07-15 17:56:59,603 TaskEventRateCalculator:114 [pool-8-thread-1] - ---- Start of task processed event (# tasks: 1 in executor VM-110)----
METRICLOG/VM-110	Stage2-2-0	inputR: 0	inputP:0	output:0	inW:2026-07-15T17:55:35.290Z	ioutW:2026-07-15T17:55:35.290Z	ptime:0	dsertime:0	inbytes:0	sertime:0	outbytes:0	numKey:1456	owc:0
----- End of taks processed event ----

 INFO 07-15 17:56:59,603 CpuBottleneckDetectorImpl:63 [pool-8-thread-1] - Current cpu load: 0.0, # processed events: 0, consecutive: 0/2, threshold: 0.9 in VM-110
 INFO 07-15 17:57:00,602 SystemLoadProfiler:50 [pool-8-thread-1] - Average CPU Load: 0.0 in VM-110
 INFO 07-15 17:57:00,602 TaskEventRateCalculator:114 [pool-8-thread-1] - ---- Start of task processed event (# tasks: 1 in executor VM-110)----
METRICLOG/VM-110	Stage2-2-0	inputR: 0	inputP:0	output:0	inW:2026-07-15T17:55:35.290Z	ioutW:2026-07-15T17:55:35.290Z	ptime:0	dsertime:0	inbytes:0	sertime:0	outbytes:0	numKey:1456	owc:0
----- End of taks processed event ----

 INFO 07-15 17:57:00,603 CpuBottleneckDetectorImpl:63 [pool-8-thread-1] - Current cpu load: 0.0, # processed events: 0, consecutive: 0/2, threshold: 0.9 in VM-110
 INFO 07-15 17:57:01,602 SystemLoadProfiler:50 [pool-8-thread-1] - Average CPU Load: 0.0 in VM-110
 INFO 07-15 17:57:01,602 TaskEventRateCalculator:114 [pool-8-thread-1] - ---- Start of task processed event (# tasks: 1 in executor VM-110)----
METRICLOG/VM-110	Stage2-2-0	inputR: 0	inputP:0	output:0	inW:2026-07-15T17:55:35.290Z	ioutW:2026-07-15T17:55:35.290Z	ptime:0	dsertime:0	inbytes:0	sertime:0	outbytes:0	numKey:1456	owc:0
----- End of taks processed event ----

 INFO 07-15 17:57:01,602 CpuBottleneckDetectorImpl:63 [pool-8-thread-1] - Current cpu load: 0.0, # processed events: 0, consecutive: 0/2, threshold: 0.9 in VM-110
 INFO 07-15 17:57:02,602 SystemLoadProfiler:50 [pool-8-thread-1] - Average CPU Load: 0.0 in VM-110
 INFO 07-15 17:57:02,602 TaskEventRateCalculator:114 [pool-8-thread-1] - ---- Start of task processed event (# tasks: 1 in executor VM-110)----
METRICLOG/VM-110	Stage2-2-0	inputR: 0	inputP:0	output:0	inW:2026-07-15T17:55:35.290Z	ioutW:2026-07-15T17:55:35.290Z	ptime:0	dsertime:0	inbytes:0	sertime:0	outbytes:0	numKey:1456	owc:0
----- End of taks processed event ----

 INFO 07-15 17:57:02,603 CpuBottleneckDetectorImpl:63 [pool-8-thread-1] - Current cpu load: 0.0, # processed events: 0, consecutive: 0/2, threshold: 0.9 in VM-110
 INFO 07-15 17:57:03,602 SystemLoadProfiler:50 [pool-8-thread-1] - Average CPU Load: 0.0 in VM-110
 INFO 07-15 17:57:03,602 TaskEventRateCalculator:114 [pool-8-thread-1] - ---- Start of task processed event (# tasks: 1 in executor VM-110)----
METRICLOG/VM-110	Stage2-2-0	inputR: 0	inputP:0	output:0	inW:2026-07-15T17:55:35.290Z	ioutW:2026-07-15T17:55:35.290Z	ptime:0	dsertime:0	inbytes:0	sertime:0	outbytes:0	numKey:1456	owc:0
----- End of taks processed event ----

 INFO 07-15 17:57:03,602 CpuBottleneckDetectorImpl:63 [pool-8-thread-1] - Current cpu load: 0.0, # processed events: 0, consecutive: 0/2, threshold: 0.9 in VM-110
 INFO 07-15 17:57:04,602 SystemLoadProfiler:50 [pool-8-thread-1] - Average CPU Load: 0.0 in VM-110
 INFO 07-15 17:57:04,602 TaskEventRateCalculator:114 [pool-8-thread-1] - ---- Start of task processed event (# tasks: 1 in executor VM-110)----
METRICLOG/VM-110	Stage2-2-0	inputR: 0	inputP:0	output:0	inW:2026-07-15T17:55:35.290Z	ioutW:2026-07-15T17:55:35.290Z	ptime:0	dsertime:0	inbytes:0	sertime:0	outbytes:0	numKey:1456	owc:0
----- End of taks processed event ----

 INFO 07-15 17:57:04,602 CpuBottleneckDetectorImpl:63 [pool-8-thread-1] - Current cpu load: 0.0, # processed events: 0, consecutive: 0/2, threshold: 0.9 in VM-110
 INFO 07-15 17:57:05,602 SystemLoadProfiler:50 [pool-8-thread-1] - Average CPU Load: 0.0 in VM-110
 INFO 07-15 17:57:05,602 TaskEventRateCalculator:114 [pool-8-thread-1] - ---- Start of task processed event (# tasks: 1 in executor VM-110)----
METRICLOG/VM-110	Stage2-2-0	inputR: 0	inputP:0	output:0	inW:2026-07-15T17:55:35.290Z	ioutW:2026-07-15T17:55:35.290Z	ptime:0	dsertime:0	inbytes:0	sertime:0	outbytes:0	numKey:1456	owc:0
----- End of taks processed event ----

 INFO 07-15 17:57:05,602 CpuBottleneckDetectorImpl:63 [pool-8-thread-1] - Current cpu load: 0.0, # processed events: 0, consecutive: 0/2, threshold: 0.9 in VM-110
 INFO 07-15 17:57:06,602 SystemLoadProfiler:50 [pool-8-thread-1] - Average CPU Load: 0.0 in VM-110
 INFO 07-15 17:57:06,602 TaskEventRateCalculator:114 [pool-8-thread-1] - ---- Start of task processed event (# tasks: 1 in executor VM-110)----
METRICLOG/VM-110	Stage2-2-0	inputR: 0	inputP:0	output:0	inW:2026-07-15T17:55:35.290Z	ioutW:2026-07-15T17:55:35.290Z	ptime:0	dsertime:0	inbytes:0	sertime:0	outbytes:0	numKey:1456	owc:0
----- End of taks processed event ----

 INFO 07-15 17:57:06,603 CpuBottleneckDetectorImpl:63 [pool-8-thread-1] - Current cpu load: 0.0, # processed events: 0, consecutive: 0/2, threshold: 0.9 in VM-110
 INFO 07-15 17:57:07,602 SystemLoadProfiler:50 [pool-8-thread-1] - Average CPU Load: 0.0 in VM-110
 INFO 07-15 17:57:07,602 TaskEventRateCalculator:114 [pool-8-thread-1] - ---- Start of task processed event (# tasks: 1 in executor VM-110)----
METRICLOG/VM-110	Stage2-2-0	inputR: 0	inputP:0	output:0	inW:2026-07-15T17:55:35.290Z	ioutW:2026-07-15T17:55:35.290Z	ptime:0	dsertime:0	inbytes:0	sertime:0	outbytes:0	numKey:1456	owc:0
----- End of taks processed event ----

 INFO 07-15 17:57:07,602 CpuBottleneckDetectorImpl:63 [pool-8-thread-1] - Current cpu load: 0.0, # processed events: 0, consecutive: 0/2, threshold: 0.9 in VM-110
 INFO 07-15 17:57:08,602 SystemLoadProfiler:50 [pool-8-thread-1] - Average CPU Load: 0.0 in VM-110
 INFO 07-15 17:57:08,602 TaskEventRateCalculator:114 [pool-8-thread-1] - ---- Start of task processed event (# tasks: 1 in executor VM-110)----
METRICLOG/VM-110	Stage2-2-0	inputR: 0	inputP:0	output:0	inW:2026-07-15T17:55:35.290Z	ioutW:2026-07-15T17:55:35.290Z	ptime:0	dsertime:0	inbytes:0	sertime:0	outbytes:0	numKey:1456	owc:0
----- End of taks processed event ----

 INFO 07-15 17:57:08,602 CpuBottleneckDetectorImpl:63 [pool-8-thread-1] - Current cpu load: 0.0, # processed events: 0, consecutive: 0/2, threshold: 0.9 in VM-110
 INFO 07-15 17:57:09,602 SystemLoadProfiler:50 [pool-8-thread-1] - Average CPU Load: 0.0 in VM-110
 INFO 07-15 17:57:09,602 TaskEventRateCalculator:114 [pool-8-thread-1] - ---- Start of task processed event (# tasks: 1 in executor VM-110)----
METRICLOG/VM-110	Stage2-2-0	inputR: 0	inputP:0	output:0	inW:2026-07-15T17:55:35.290Z	ioutW:2026-07-15T17:55:35.290Z	ptime:0	dsertime:0	inbytes:0	sertime:0	outbytes:0	numKey:1456	owc:0
----- End of taks processed event ----

 INFO 07-15 17:57:09,602 CpuBottleneckDetectorImpl:63 [pool-8-thread-1] - Current cpu load: 0.0, # processed events: 0, consecutive: 0/2, threshold: 0.9 in VM-110
 INFO 07-15 17:57:10,602 SystemLoadProfiler:50 [pool-8-thread-1] - Average CPU Load: 0.0 in VM-110
 INFO 07-15 17:57:10,602 TaskEventRateCalculator:114 [pool-8-thread-1] - ---- Start of task processed event (# tasks: 1 in executor VM-110)----
METRICLOG/VM-110	Stage2-2-0	inputR: 0	inputP:0	output:0	inW:2026-07-15T17:55:35.290Z	ioutW:2026-07-15T17:55:35.290Z	ptime:0	dsertime:0	inbytes:0	sertime:0	outbytes:0	numKey:1456	owc:0
----- End of taks processed event ----

 INFO 07-15 17:57:10,602 CpuBottleneckDetectorImpl:63 [pool-8-thread-1] - Current cpu load: 0.0, # processed events: 0, consecutive: 0/2, threshold: 0.9 in VM-110
 INFO 07-15 17:57:11,602 SystemLoadProfiler:50 [pool-8-thread-1] - Average CPU Load: 0.0 in VM-110
 INFO 07-15 17:57:11,602 TaskEventRateCalculator:114 [pool-8-thread-1] - ---- Start of task processed event (# tasks: 1 in executor VM-110)----
METRICLOG/VM-110	Stage2-2-0	inputR: 0	inputP:0	output:0	inW:2026-07-15T17:55:35.290Z	ioutW:2026-07-15T17:55:35.290Z	ptime:0	dsertime:0	inbytes:0	sertime:0	outbytes:0	numKey:1456	owc:0
----- End of taks processed event ----

 INFO 07-15 17:57:11,603 CpuBottleneckDetectorImpl:63 [pool-8-thread-1] - Current cpu load: 0.0, # processed events: 0, consecutive: 0/2, threshold: 0.9 in VM-110
 INFO 07-15 17:57:12,602 SystemLoadProfiler:50 [pool-8-thread-1] - Average CPU Load: 0.0 in VM-110
 INFO 07-15 17:57:12,602 TaskEventRateCalculator:114 [pool-8-thread-1] - ---- Start of task processed event (# tasks: 1 in executor VM-110)----
METRICLOG/VM-110	Stage2-2-0	inputR: 0	inputP:0	output:0	inW:2026-07-15T17:55:35.290Z	ioutW:2026-07-15T17:55:35.290Z	ptime:0	dsertime:0	inbytes:0	sertime:0	outbytes:0	numKey:1456	owc:0
----- End of taks processed event ----

 INFO 07-15 17:57:12,603 CpuBottleneckDetectorImpl:63 [pool-8-thread-1] - Current cpu load: 0.0, # processed events: 0, consecutive: 0/2, threshold: 0.9 in VM-110
 INFO 07-15 17:57:13,602 SystemLoadProfiler:50 [pool-8-thread-1] - Average CPU Load: 0.0 in VM-110
 INFO 07-15 17:57:13,602 TaskEventRateCalculator:114 [pool-8-thread-1] - ---- Start of task processed event (# tasks: 1 in executor VM-110)----
METRICLOG/VM-110	Stage2-2-0	inputR: 0	inputP:0	output:0	inW:2026-07-15T17:55:35.290Z	ioutW:2026-07-15T17:55:35.290Z	ptime:0	dsertime:0	inbytes:0	sertime:0	outbytes:0	numKey:1456	owc:0
----- End of taks processed event ----

 INFO 07-15 17:57:13,603 CpuBottleneckDetectorImpl:63 [pool-8-thread-1] - Current cpu load: 0.0, # processed events: 0, consecutive: 0/2, threshold: 0.9 in VM-110
 INFO 07-15 17:57:14,602 SystemLoadProfiler:50 [pool-8-thread-1] - Average CPU Load: 0.0 in VM-110
 INFO 07-15 17:57:14,602 TaskEventRateCalculator:114 [pool-8-thread-1] - ---- Start of task processed event (# tasks: 1 in executor VM-110)----
METRICLOG/VM-110	Stage2-2-0	inputR: 0	inputP:0	output:0	inW:2026-07-15T17:55:35.290Z	ioutW:2026-07-15T17:55:35.290Z	ptime:0	dsertime:0	inbytes:0	sertime:0	outbytes:0	numKey:1456	owc:0
----- End of taks processed event ----

 INFO 07-15 17:57:14,602 CpuBottleneckDetectorImpl:63 [pool-8-thread-1] - Current cpu load: 0.0, # processed events: 0, consecutive: 0/2, threshold: 0.9 in VM-110
 INFO 07-15 17:57:15,602 SystemLoadProfiler:50 [pool-8-thread-1] - Average CPU Load: 0.0 in VM-110
 INFO 07-15 17:57:15,602 TaskEventRateCalculator:114 [pool-8-thread-1] - ---- Start of task processed event (# tasks: 1 in executor VM-110)----
METRICLOG/VM-110	Stage2-2-0	inputR: 0	inputP:0	output:0	inW:2026-07-15T17:55:35.290Z	ioutW:2026-07-15T17:55:35.290Z	ptime:0	dsertime:0	inbytes:0	sertime:0	outbytes:0	numKey:1456	owc:0
----- End of taks processed event ----

 INFO 07-15 17:57:15,602 CpuBottleneckDetectorImpl:63 [pool-8-thread-1] - Current cpu load: 0.0, # processed events: 0, consecutive: 0/2, threshold: 0.9 in VM-110
 INFO 07-15 17:57:16,602 SystemLoadProfiler:50 [pool-8-thread-1] - Average CPU Load: 0.0 in VM-110
 INFO 07-15 17:57:16,602 TaskEventRateCalculator:114 [pool-8-thread-1] - ---- Start of task processed event (# tasks: 1 in executor VM-110)----
METRICLOG/VM-110	Stage2-2-0	inputR: 0	inputP:0	output:0	inW:2026-07-15T17:55:35.290Z	ioutW:2026-07-15T17:55:35.290Z	ptime:0	dsertime:0	inbytes:0	sertime:0	outbytes:0	numKey:1456	owc:0
----- End of taks processed event ----

 INFO 07-15 17:57:16,603 CpuBottleneckDetectorImpl:63 [pool-8-thread-1] - Current cpu load: 0.0, # processed events: 0, consecutive: 0/2, threshold: 0.9 in VM-110
 INFO 07-15 17:57:17,602 SystemLoadProfiler:50 [pool-8-thread-1] - Average CPU Load: 0.0 in VM-110
 INFO 07-15 17:57:17,602 TaskEventRateCalculator:114 [pool-8-thread-1] - ---- Start of task processed event (# tasks: 1 in executor VM-110)----
METRICLOG/VM-110	Stage2-2-0	inputR: 0	inputP:0	output:0	inW:2026-07-15T17:55:35.290Z	ioutW:2026-07-15T17:55:35.290Z	ptime:0	dsertime:0	inbytes:0	sertime:0	outbytes:0	numKey:1456	owc:0
----- End of taks processed event ----

 INFO 07-15 17:57:17,603 CpuBottleneckDetectorImpl:63 [pool-8-thread-1] - Current cpu load: 0.0, # processed events: 0, consecutive: 0/2, threshold: 0.9 in VM-110
 INFO 07-15 17:57:18,602 SystemLoadProfiler:50 [pool-8-thread-1] - Average CPU Load: 0.0 in VM-110
 INFO 07-15 17:57:18,602 TaskEventRateCalculator:114 [pool-8-thread-1] - ---- Start of task processed event (# tasks: 1 in executor VM-110)----
METRICLOG/VM-110	Stage2-2-0	inputR: 0	inputP:0	output:0	inW:2026-07-15T17:55:35.290Z	ioutW:2026-07-15T17:55:35.290Z	ptime:0	dsertime:0	inbytes:0	sertime:0	outbytes:0	numKey:1456	owc:0
----- End of taks processed event ----

 INFO 07-15 17:57:18,602 CpuBottleneckDetectorImpl:63 [pool-8-thread-1] - Current cpu load: 0.0, # processed events: 0, consecutive: 0/2, threshold: 0.9 in VM-110
 INFO 07-15 17:57:19,602 SystemLoadProfiler:50 [pool-8-thread-1] - Average CPU Load: 0.0 in VM-110
 INFO 07-15 17:57:19,602 TaskEventRateCalculator:114 [pool-8-thread-1] - ---- Start of task processed event (# tasks: 1 in executor VM-110)----
METRICLOG/VM-110	Stage2-2-0	inputR: 0	inputP:0	output:0	inW:2026-07-15T17:55:35.290Z	ioutW:2026-07-15T17:55:35.290Z	ptime:0	dsertime:0	inbytes:0	sertime:0	outbytes:0	numKey:1456	owc:0
----- End of taks processed event ----

 INFO 07-15 17:57:19,602 CpuBottleneckDetectorImpl:63 [pool-8-thread-1] - Current cpu load: 0.0, # processed events: 0, consecutive: 0/2, threshold: 0.9 in VM-110
 INFO 07-15 17:57:20,602 SystemLoadProfiler:50 [pool-8-thread-1] - Average CPU Load: 0.0 in VM-110
 INFO 07-15 17:57:20,602 TaskEventRateCalculator:114 [pool-8-thread-1] - ---- Start of task processed event (# tasks: 1 in executor VM-110)----
METRICLOG/VM-110	Stage2-2-0	inputR: 0	inputP:0	output:0	inW:2026-07-15T17:55:35.290Z	ioutW:2026-07-15T17:55:35.290Z	ptime:0	dsertime:0	inbytes:0	sertime:0	outbytes:0	numKey:1456	owc:0
----- End of taks processed event ----

 INFO 07-15 17:57:20,602 CpuBottleneckDetectorImpl:63 [pool-8-thread-1] - Current cpu load: 0.0, # processed events: 0, consecutive: 0/2, threshold: 0.9 in VM-110
 INFO 07-15 17:57:21,602 SystemLoadProfiler:50 [pool-8-thread-1] - Average CPU Load: 0.0 in VM-110
 INFO 07-15 17:57:21,602 TaskEventRateCalculator:114 [pool-8-thread-1] - ---- Start of task processed event (# tasks: 1 in executor VM-110)----
METRICLOG/VM-110	Stage2-2-0	inputR: 0	inputP:0	output:0	inW:2026-07-15T17:55:35.290Z	ioutW:2026-07-15T17:55:35.290Z	ptime:0	dsertime:0	inbytes:0	sertime:0	outbytes:0	numKey:1456	owc:0
----- End of taks processed event ----

 INFO 07-15 17:57:21,602 CpuBottleneckDetectorImpl:63 [pool-8-thread-1] - Current cpu load: 0.0, # processed events: 0, consecutive: 0/2, threshold: 0.9 in VM-110
 INFO 07-15 17:57:22,602 SystemLoadProfiler:50 [pool-8-thread-1] - Average CPU Load: 0.0 in VM-110
 INFO 07-15 17:57:22,602 TaskEventRateCalculator:114 [pool-8-thread-1] - ---- Start of task processed event (# tasks: 1 in executor VM-110)----
METRICLOG/VM-110	Stage2-2-0	inputR: 0	inputP:0	output:0	inW:2026-07-15T17:55:35.290Z	ioutW:2026-07-15T17:55:35.290Z	ptime:0	dsertime:0	inbytes:0	sertime:0	outbytes:0	numKey:1456	owc:0
----- End of taks processed event ----

 INFO 07-15 17:57:22,602 CpuBottleneckDetectorImpl:63 [pool-8-thread-1] - Current cpu load: 0.0, # processed events: 0, consecutive: 0/2, threshold: 0.9 in VM-110
 INFO 07-15 17:57:23,602 SystemLoadProfiler:50 [pool-8-thread-1] - Average CPU Load: 0.0 in VM-110
 INFO 07-15 17:57:23,602 TaskEventRateCalculator:114 [pool-8-thread-1] - ---- Start of task processed event (# tasks: 1 in executor VM-110)----
METRICLOG/VM-110	Stage2-2-0	inputR: 0	inputP:0	output:0	inW:2026-07-15T17:55:35.290Z	ioutW:2026-07-15T17:55:35.290Z	ptime:0	dsertime:0	inbytes:0	sertime:0	outbytes:0	numKey:1456	owc:0
----- End of taks processed event ----

 INFO 07-15 17:57:23,602 CpuBottleneckDetectorImpl:63 [pool-8-thread-1] - Current cpu load: 0.0, # processed events: 0, consecutive: 0/2, threshold: 0.9 in VM-110
 INFO 07-15 17:57:24,602 SystemLoadProfiler:50 [pool-8-thread-1] - Average CPU Load: 0.0 in VM-110
 INFO 07-15 17:57:24,602 TaskEventRateCalculator:114 [pool-8-thread-1] - ---- Start of task processed event (# tasks: 1 in executor VM-110)----
METRICLOG/VM-110	Stage2-2-0	inputR: 0	inputP:0	output:0	inW:2026-07-15T17:55:35.290Z	ioutW:2026-07-15T17:55:35.290Z	ptime:0	dsertime:0	inbytes:0	sertime:0	outbytes:0	numKey:1456	owc:0
----- End of taks processed event ----

 INFO 07-15 17:57:24,603 CpuBottleneckDetectorImpl:63 [pool-8-thread-1] - Current cpu load: 0.0, # processed events: 0, consecutive: 0/2, threshold: 0.9 in VM-110
 INFO 07-15 17:57:25,602 SystemLoadProfiler:50 [pool-8-thread-1] - Average CPU Load: 0.0 in VM-110
 INFO 07-15 17:57:25,602 TaskEventRateCalculator:114 [pool-8-thread-1] - ---- Start of task processed event (# tasks: 1 in executor VM-110)----
METRICLOG/VM-110	Stage2-2-0	inputR: 0	inputP:0	output:0	inW:2026-07-15T17:55:35.290Z	ioutW:2026-07-15T17:55:35.290Z	ptime:0	dsertime:0	inbytes:0	sertime:0	outbytes:0	numKey:1456	owc:0
----- End of taks processed event ----

 INFO 07-15 17:57:25,603 CpuBottleneckDetectorImpl:63 [pool-8-thread-1] - Current cpu load: 0.0, # processed events: 0, consecutive: 0/2, threshold: 0.9 in VM-110
 INFO 07-15 17:57:26,602 SystemLoadProfiler:50 [pool-8-thread-1] - Average CPU Load: 0.0 in VM-110
 INFO 07-15 17:57:26,602 TaskEventRateCalculator:114 [pool-8-thread-1] - ---- Start of task processed event (# tasks: 1 in executor VM-110)----
METRICLOG/VM-110	Stage2-2-0	inputR: 0	inputP:0	output:0	inW:2026-07-15T17:55:35.290Z	ioutW:2026-07-15T17:55:35.290Z	ptime:0	dsertime:0	inbytes:0	sertime:0	outbytes:0	numKey:1456	owc:0
----- End of taks processed event ----

 INFO 07-15 17:57:26,602 CpuBottleneckDetectorImpl:63 [pool-8-thread-1] - Current cpu load: 0.0, # processed events: 0, consecutive: 0/2, threshold: 0.9 in VM-110
 INFO 07-15 17:57:27,602 SystemLoadProfiler:50 [pool-8-thread-1] - Average CPU Load: 0.0 in VM-110
 INFO 07-15 17:57:27,602 TaskEventRateCalculator:114 [pool-8-thread-1] - ---- Start of task processed event (# tasks: 1 in executor VM-110)----
METRICLOG/VM-110	Stage2-2-0	inputR: 0	inputP:0	output:0	inW:2026-07-15T17:55:35.290Z	ioutW:2026-07-15T17:55:35.290Z	ptime:0	dsertime:0	inbytes:0	sertime:0	outbytes:0	numKey:1456	owc:0
----- End of taks processed event ----

 INFO 07-15 17:57:27,603 CpuBottleneckDetectorImpl:63 [pool-8-thread-1] - Current cpu load: 0.0, # processed events: 0, consecutive: 0/2, threshold: 0.9 in VM-110
 INFO 07-15 17:57:28,602 SystemLoadProfiler:50 [pool-8-thread-1] - Average CPU Load: 0.0 in VM-110
 INFO 07-15 17:57:28,602 TaskEventRateCalculator:114 [pool-8-thread-1] - ---- Start of task processed event (# tasks: 1 in executor VM-110)----
METRICLOG/VM-110	Stage2-2-0	inputR: 0	inputP:0	output:0	inW:2026-07-15T17:55:35.290Z	ioutW:2026-07-15T17:55:35.290Z	ptime:0	dsertime:0	inbytes:0	sertime:0	outbytes:0	numKey:1456	owc:0
----- End of taks processed event ----

 INFO 07-15 17:57:28,602 CpuBottleneckDetectorImpl:63 [pool-8-thread-1] - Current cpu load: 0.0, # processed events: 0, consecutive: 0/2, threshold: 0.9 in VM-110
 INFO 07-15 17:57:29,602 SystemLoadProfiler:50 [pool-8-thread-1] - Average CPU Load: 0.0 in VM-110
 INFO 07-15 17:57:29,602 TaskEventRateCalculator:114 [pool-8-thread-1] - ---- Start of task processed event (# tasks: 1 in executor VM-110)----
METRICLOG/VM-110	Stage2-2-0	inputR: 0	inputP:0	output:0	inW:2026-07-15T17:55:35.290Z	ioutW:2026-07-15T17:55:35.290Z	ptime:0	dsertime:0	inbytes:0	sertime:0	outbytes:0	numKey:1456	owc:0
----- End of taks processed event ----

 INFO 07-15 17:57:29,602 CpuBottleneckDetectorImpl:63 [pool-8-thread-1] - Current cpu load: 0.0, # processed events: 0, consecutive: 0/2, threshold: 0.9 in VM-110
 INFO 07-15 17:57:30,602 SystemLoadProfiler:50 [pool-8-thread-1] - Average CPU Load: 0.0 in VM-110
 INFO 07-15 17:57:30,602 TaskEventRateCalculator:114 [pool-8-thread-1] - ---- Start of task processed event (# tasks: 1 in executor VM-110)----
METRICLOG/VM-110	Stage2-2-0	inputR: 0	inputP:0	output:0	inW:2026-07-15T17:55:35.290Z	ioutW:2026-07-15T17:55:35.290Z	ptime:0	dsertime:0	inbytes:0	sertime:0	outbytes:0	numKey:1456	owc:0
----- End of taks processed event ----

 INFO 07-15 17:57:30,603 CpuBottleneckDetectorImpl:63 [pool-8-thread-1] - Current cpu load: 0.0, # processed events: 0, consecutive: 0/2, threshold: 0.9 in VM-110
 INFO 07-15 17:57:31,602 SystemLoadProfiler:50 [pool-8-thread-1] - Average CPU Load: 0.0 in VM-110
 INFO 07-15 17:57:31,602 TaskEventRateCalculator:114 [pool-8-thread-1] - ---- Start of task processed event (# tasks: 1 in executor VM-110)----
METRICLOG/VM-110	Stage2-2-0	inputR: 0	inputP:0	output:0	inW:2026-07-15T17:55:35.290Z	ioutW:2026-07-15T17:55:35.290Z	ptime:0	dsertime:0	inbytes:0	sertime:0	outbytes:0	numKey:1456	owc:0
----- End of taks processed event ----

 INFO 07-15 17:57:31,603 CpuBottleneckDetectorImpl:63 [pool-8-thread-1] - Current cpu load: 0.0, # processed events: 0, consecutive: 0/2, threshold: 0.9 in VM-110
 INFO 07-15 17:57:32,602 SystemLoadProfiler:50 [pool-8-thread-1] - Average CPU Load: 0.0 in VM-110
 INFO 07-15 17:57:32,602 TaskEventRateCalculator:114 [pool-8-thread-1] - ---- Start of task processed event (# tasks: 1 in executor VM-110)----
METRICLOG/VM-110	Stage2-2-0	inputR: 0	inputP:0	output:0	inW:2026-07-15T17:55:35.290Z	ioutW:2026-07-15T17:55:35.290Z	ptime:0	dsertime:0	inbytes:0	sertime:0	outbytes:0	numKey:1456	owc:0
----- End of taks processed event ----

 INFO 07-15 17:57:32,603 CpuBottleneckDetectorImpl:63 [pool-8-thread-1] - Current cpu load: 0.0, # processed events: 0, consecutive: 0/2, threshold: 0.9 in VM-110
 INFO 07-15 17:57:33,602 SystemLoadProfiler:50 [pool-8-thread-1] - Average CPU Load: 0.0 in VM-110
 INFO 07-15 17:57:33,602 TaskEventRateCalculator:114 [pool-8-thread-1] - ---- Start of task processed event (# tasks: 1 in executor VM-110)----
METRICLOG/VM-110	Stage2-2-0	inputR: 0	inputP:0	output:0	inW:2026-07-15T17:55:35.290Z	ioutW:2026-07-15T17:55:35.290Z	ptime:0	dsertime:0	inbytes:0	sertime:0	outbytes:0	numKey:1456	owc:0
----- End of taks processed event ----

 INFO 07-15 17:57:33,602 CpuBottleneckDetectorImpl:63 [pool-8-thread-1] - Current cpu load: 0.0, # processed events: 0, consecutive: 0/2, threshold: 0.9 in VM-110
 INFO 07-15 17:57:34,602 SystemLoadProfiler:50 [pool-8-thread-1] - Average CPU Load: 0.0 in VM-110
 INFO 07-15 17:57:34,602 TaskEventRateCalculator:114 [pool-8-thread-1] - ---- Start of task processed event (# tasks: 1 in executor VM-110)----
METRICLOG/VM-110	Stage2-2-0	inputR: 0	inputP:0	output:0	inW:2026-07-15T17:55:35.290Z	ioutW:2026-07-15T17:55:35.290Z	ptime:0	dsertime:0	inbytes:0	sertime:0	outbytes:0	numKey:1456	owc:0
----- End of taks processed event ----

 INFO 07-15 17:57:34,602 CpuBottleneckDetectorImpl:63 [pool-8-thread-1] - Current cpu load: 0.0, # processed events: 0, consecutive: 0/2, threshold: 0.9 in VM-110
 INFO 07-15 17:57:35,602 SystemLoadProfiler:50 [pool-8-thread-1] - Average CPU Load: 0.0 in VM-110
 INFO 07-15 17:57:35,602 TaskEventRateCalculator:114 [pool-8-thread-1] - ---- Start of task processed event (# tasks: 1 in executor VM-110)----
METRICLOG/VM-110	Stage2-2-0	inputR: 0	inputP:0	output:0	inW:2026-07-15T17:55:35.290Z	ioutW:2026-07-15T17:55:35.290Z	ptime:0	dsertime:0	inbytes:0	sertime:0	outbytes:0	numKey:1456	owc:0
----- End of taks processed event ----

 INFO 07-15 17:57:35,602 CpuBottleneckDetectorImpl:63 [pool-8-thread-1] - Current cpu load: 0.0, # processed events: 0, consecutive: 0/2, threshold: 0.9 in VM-110
 INFO 07-15 17:57:36,603 SystemLoadProfiler:50 [pool-8-thread-1] - Average CPU Load: 0.0 in VM-110
 INFO 07-15 17:57:36,604 TaskEventRateCalculator:114 [pool-8-thread-1] - ---- Start of task processed event (# tasks: 1 in executor VM-110)----
METRICLOG/VM-110	Stage2-2-0	inputR: 0	inputP:0	output:0	inW:2026-07-15T17:55:35.290Z	ioutW:2026-07-15T17:55:35.290Z	ptime:0	dsertime:0	inbytes:0	sertime:0	outbytes:0	numKey:1456	owc:0
----- End of taks processed event ----

 INFO 07-15 17:57:36,604 CpuBottleneckDetectorImpl:63 [pool-8-thread-1] - Current cpu load: 0.0, # processed events: 0, consecutive: 0/2, threshold: 0.9 in VM-110
 INFO 07-15 17:57:37,602 SystemLoadProfiler:50 [pool-8-thread-1] - Average CPU Load: 0.0 in VM-110
 INFO 07-15 17:57:37,602 TaskEventRateCalculator:114 [pool-8-thread-1] - ---- Start of task processed event (# tasks: 1 in executor VM-110)----
METRICLOG/VM-110	Stage2-2-0	inputR: 0	inputP:0	output:0	inW:2026-07-15T17:55:35.290Z	ioutW:2026-07-15T17:55:35.290Z	ptime:0	dsertime:0	inbytes:0	sertime:0	outbytes:0	numKey:1456	owc:0
----- End of taks processed event ----

 INFO 07-15 17:57:37,603 CpuBottleneckDetectorImpl:63 [pool-8-thread-1] - Current cpu load: 0.0, # processed events: 0, consecutive: 0/2, threshold: 0.9 in VM-110
 INFO 07-15 17:57:38,602 SystemLoadProfiler:50 [pool-8-thread-1] - Average CPU Load: 0.0 in VM-110
 INFO 07-15 17:57:38,602 TaskEventRateCalculator:114 [pool-8-thread-1] - ---- Start of task processed event (# tasks: 1 in executor VM-110)----
METRICLOG/VM-110	Stage2-2-0	inputR: 0	inputP:0	output:0	inW:2026-07-15T17:55:35.290Z	ioutW:2026-07-15T17:55:35.290Z	ptime:0	dsertime:0	inbytes:0	sertime:0	outbytes:0	numKey:1456	owc:0
----- End of taks processed event ----

 INFO 07-15 17:57:38,603 CpuBottleneckDetectorImpl:63 [pool-8-thread-1] - Current cpu load: 0.0, # processed events: 0, consecutive: 0/2, threshold: 0.9 in VM-110
 INFO 07-15 17:57:39,602 SystemLoadProfiler:50 [pool-8-thread-1] - Average CPU Load: 0.0 in VM-110
 INFO 07-15 17:57:39,602 TaskEventRateCalculator:114 [pool-8-thread-1] - ---- Start of task processed event (# tasks: 1 in executor VM-110)----
METRICLOG/VM-110	Stage2-2-0	inputR: 0	inputP:0	output:0	inW:2026-07-15T17:55:35.290Z	ioutW:2026-07-15T17:55:35.290Z	ptime:0	dsertime:0	inbytes:0	sertime:0	outbytes:0	numKey:1456	owc:0
----- End of taks processed event ----

 INFO 07-15 17:57:39,603 CpuBottleneckDetectorImpl:63 [pool-8-thread-1] - Current cpu load: 0.0, # processed events: 0, consecutive: 0/2, threshold: 0.9 in VM-110
 INFO 07-15 17:57:40,602 SystemLoadProfiler:50 [pool-8-thread-1] - Average CPU Load: 0.0 in VM-110
 INFO 07-15 17:57:40,602 TaskEventRateCalculator:114 [pool-8-thread-1] - ---- Start of task processed event (# tasks: 1 in executor VM-110)----
METRICLOG/VM-110	Stage2-2-0	inputR: 0	inputP:0	output:0	inW:2026-07-15T17:55:35.290Z	ioutW:2026-07-15T17:55:35.290Z	ptime:0	dsertime:0	inbytes:0	sertime:0	outbytes:0	numKey:1456	owc:0
----- End of taks processed event ----

 INFO 07-15 17:57:40,603 CpuBottleneckDetectorImpl:63 [pool-8-thread-1] - Current cpu load: 0.0, # processed events: 0, consecutive: 0/2, threshold: 0.9 in VM-110
 INFO 07-15 17:57:41,602 SystemLoadProfiler:50 [pool-8-thread-1] - Average CPU Load: 0.0 in VM-110
 INFO 07-15 17:57:41,602 TaskEventRateCalculator:114 [pool-8-thread-1] - ---- Start of task processed event (# tasks: 1 in executor VM-110)----
METRICLOG/VM-110	Stage2-2-0	inputR: 0	inputP:0	output:0	inW:2026-07-15T17:55:35.290Z	ioutW:2026-07-15T17:55:35.290Z	ptime:0	dsertime:0	inbytes:0	sertime:0	outbytes:0	numKey:1456	owc:0
----- End of taks processed event ----

 INFO 07-15 17:57:41,603 CpuBottleneckDetectorImpl:63 [pool-8-thread-1] - Current cpu load: 0.0, # processed events: 0, consecutive: 0/2, threshold: 0.9 in VM-110
 INFO 07-15 17:57:42,602 SystemLoadProfiler:50 [pool-8-thread-1] - Average CPU Load: 0.0 in VM-110
 INFO 07-15 17:57:42,602 TaskEventRateCalculator:114 [pool-8-thread-1] - ---- Start of task processed event (# tasks: 1 in executor VM-110)----
METRICLOG/VM-110	Stage2-2-0	inputR: 0	inputP:0	output:0	inW:2026-07-15T17:55:35.290Z	ioutW:2026-07-15T17:55:35.290Z	ptime:0	dsertime:0	inbytes:0	sertime:0	outbytes:0	numKey:1456	owc:0
----- End of taks processed event ----

 INFO 07-15 17:57:42,602 CpuBottleneckDetectorImpl:63 [pool-8-thread-1] - Current cpu load: 0.0, # processed events: 0, consecutive: 0/2, threshold: 0.9 in VM-110
 INFO 07-15 17:57:43,602 SystemLoadProfiler:50 [pool-8-thread-1] - Average CPU Load: 0.0 in VM-110
 INFO 07-15 17:57:43,602 TaskEventRateCalculator:114 [pool-8-thread-1] - ---- Start of task processed event (# tasks: 1 in executor VM-110)----
METRICLOG/VM-110	Stage2-2-0	inputR: 0	inputP:0	output:0	inW:2026-07-15T17:55:35.290Z	ioutW:2026-07-15T17:55:35.290Z	ptime:0	dsertime:0	inbytes:0	sertime:0	outbytes:0	numKey:1456	owc:0
----- End of taks processed event ----

 INFO 07-15 17:57:43,602 CpuBottleneckDetectorImpl:63 [pool-8-thread-1] - Current cpu load: 0.0, # processed events: 0, consecutive: 0/2, threshold: 0.9 in VM-110
 INFO 07-15 17:57:44,602 SystemLoadProfiler:50 [pool-8-thread-1] - Average CPU Load: 0.0 in VM-110
 INFO 07-15 17:57:44,602 TaskEventRateCalculator:114 [pool-8-thread-1] - ---- Start of task processed event (# tasks: 1 in executor VM-110)----
METRICLOG/VM-110	Stage2-2-0	inputR: 0	inputP:0	output:0	inW:2026-07-15T17:55:35.290Z	ioutW:2026-07-15T17:55:35.290Z	ptime:0	dsertime:0	inbytes:0	sertime:0	outbytes:0	numKey:1456	owc:0
----- End of taks processed event ----

 INFO 07-15 17:57:44,602 CpuBottleneckDetectorImpl:63 [pool-8-thread-1] - Current cpu load: 0.0, # processed events: 0, consecutive: 0/2, threshold: 0.9 in VM-110
 INFO 07-15 17:57:45,602 SystemLoadProfiler:50 [pool-8-thread-1] - Average CPU Load: 0.0 in VM-110
 INFO 07-15 17:57:45,602 TaskEventRateCalculator:114 [pool-8-thread-1] - ---- Start of task processed event (# tasks: 1 in executor VM-110)----
METRICLOG/VM-110	Stage2-2-0	inputR: 0	inputP:0	output:0	inW:2026-07-15T17:55:35.290Z	ioutW:2026-07-15T17:55:35.290Z	ptime:0	dsertime:0	inbytes:0	sertime:0	outbytes:0	numKey:1456	owc:0
----- End of taks processed event ----

 INFO 07-15 17:57:45,602 CpuBottleneckDetectorImpl:63 [pool-8-thread-1] - Current cpu load: 0.0, # processed events: 0, consecutive: 0/2, threshold: 0.9 in VM-110
 INFO 07-15 17:57:46,602 SystemLoadProfiler:50 [pool-8-thread-1] - Average CPU Load: 0.0 in VM-110
 INFO 07-15 17:57:46,602 TaskEventRateCalculator:114 [pool-8-thread-1] - ---- Start of task processed event (# tasks: 1 in executor VM-110)----
METRICLOG/VM-110	Stage2-2-0	inputR: 0	inputP:0	output:0	inW:2026-07-15T17:55:35.290Z	ioutW:2026-07-15T17:55:35.290Z	ptime:0	dsertime:0	inbytes:0	sertime:0	outbytes:0	numKey:1456	owc:0
----- End of taks processed event ----

 INFO 07-15 17:57:46,603 CpuBottleneckDetectorImpl:63 [pool-8-thread-1] - Current cpu load: 0.0, # processed events: 0, consecutive: 0/2, threshold: 0.9 in VM-110
 INFO 07-15 17:57:47,602 SystemLoadProfiler:50 [pool-8-thread-1] - Average CPU Load: 0.0 in VM-110
 INFO 07-15 17:57:47,602 TaskEventRateCalculator:114 [pool-8-thread-1] - ---- Start of task processed event (# tasks: 1 in executor VM-110)----
METRICLOG/VM-110	Stage2-2-0	inputR: 0	inputP:0	output:0	inW:2026-07-15T17:55:35.290Z	ioutW:2026-07-15T17:55:35.290Z	ptime:0	dsertime:0	inbytes:0	sertime:0	outbytes:0	numKey:1456	owc:0
----- End of taks processed event ----

 INFO 07-15 17:57:47,603 CpuBottleneckDetectorImpl:63 [pool-8-thread-1] - Current cpu load: 0.0, # processed events: 0, consecutive: 0/2, threshold: 0.9 in VM-110
 INFO 07-15 17:57:48,602 SystemLoadProfiler:50 [pool-8-thread-1] - Average CPU Load: 0.0 in VM-110
 INFO 07-15 17:57:48,602 TaskEventRateCalculator:114 [pool-8-thread-1] - ---- Start of task processed event (# tasks: 1 in executor VM-110)----
METRICLOG/VM-110	Stage2-2-0	inputR: 0	inputP:0	output:0	inW:2026-07-15T17:55:35.290Z	ioutW:2026-07-15T17:55:35.290Z	ptime:0	dsertime:0	inbytes:0	sertime:0	outbytes:0	numKey:1456	owc:0
----- End of taks processed event ----

 INFO 07-15 17:57:48,603 CpuBottleneckDetectorImpl:63 [pool-8-thread-1] - Current cpu load: 0.0, # processed events: 0, consecutive: 0/2, threshold: 0.9 in VM-110
 INFO 07-15 17:57:49,602 SystemLoadProfiler:50 [pool-8-thread-1] - Average CPU Load: 0.0 in VM-110
 INFO 07-15 17:57:49,602 TaskEventRateCalculator:114 [pool-8-thread-1] - ---- Start of task processed event (# tasks: 1 in executor VM-110)----
METRICLOG/VM-110	Stage2-2-0	inputR: 0	inputP:0	output:0	inW:2026-07-15T17:55:35.290Z	ioutW:2026-07-15T17:55:35.290Z	ptime:0	dsertime:0	inbytes:0	sertime:0	outbytes:0	numKey:1456	owc:0
----- End of taks processed event ----

 INFO 07-15 17:57:49,603 CpuBottleneckDetectorImpl:63 [pool-8-thread-1] - Current cpu load: 0.0, # processed events: 0, consecutive: 0/2, threshold: 0.9 in VM-110
 INFO 07-15 17:57:50,602 SystemLoadProfiler:50 [pool-8-thread-1] - Average CPU Load: 0.0 in VM-110
 INFO 07-15 17:57:50,602 TaskEventRateCalculator:114 [pool-8-thread-1] - ---- Start of task processed event (# tasks: 1 in executor VM-110)----
METRICLOG/VM-110	Stage2-2-0	inputR: 0	inputP:0	output:0	inW:2026-07-15T17:55:35.290Z	ioutW:2026-07-15T17:55:35.290Z	ptime:0	dsertime:0	inbytes:0	sertime:0	outbytes:0	numKey:1456	owc:0
----- End of taks processed event ----

 INFO 07-15 17:57:50,603 CpuBottleneckDetectorImpl:63 [pool-8-thread-1] - Current cpu load: 0.0, # processed events: 0, consecutive: 0/2, threshold: 0.9 in VM-110
 INFO 07-15 17:57:51,602 SystemLoadProfiler:50 [pool-8-thread-1] - Average CPU Load: 0.0 in VM-110
 INFO 07-15 17:57:51,602 TaskEventRateCalculator:114 [pool-8-thread-1] - ---- Start of task processed event (# tasks: 1 in executor VM-110)----
METRICLOG/VM-110	Stage2-2-0	inputR: 0	inputP:0	output:0	inW:2026-07-15T17:55:35.290Z	ioutW:2026-07-15T17:55:35.290Z	ptime:0	dsertime:0	inbytes:0	sertime:0	outbytes:0	numKey:1456	owc:0
----- End of taks processed event ----

 INFO 07-15 17:57:51,602 CpuBottleneckDetectorImpl:63 [pool-8-thread-1] - Current cpu load: 0.0, # processed events: 0, consecutive: 0/2, threshold: 0.9 in VM-110
 INFO 07-15 17:57:52,602 SystemLoadProfiler:50 [pool-8-thread-1] - Average CPU Load: 0.0 in VM-110
 INFO 07-15 17:57:52,602 TaskEventRateCalculator:114 [pool-8-thread-1] - ---- Start of task processed event (# tasks: 1 in executor VM-110)----
METRICLOG/VM-110	Stage2-2-0	inputR: 0	inputP:0	output:0	inW:2026-07-15T17:55:35.290Z	ioutW:2026-07-15T17:55:35.290Z	ptime:0	dsertime:0	inbytes:0	sertime:0	outbytes:0	numKey:1456	owc:0
----- End of taks processed event ----

 INFO 07-15 17:57:52,602 CpuBottleneckDetectorImpl:63 [pool-8-thread-1] - Current cpu load: 0.0, # processed events: 0, consecutive: 0/2, threshold: 0.9 in VM-110
 INFO 07-15 17:57:53,602 SystemLoadProfiler:50 [pool-8-thread-1] - Average CPU Load: 0.0 in VM-110
 INFO 07-15 17:57:53,602 TaskEventRateCalculator:114 [pool-8-thread-1] - ---- Start of task processed event (# tasks: 1 in executor VM-110)----
METRICLOG/VM-110	Stage2-2-0	inputR: 0	inputP:0	output:0	inW:2026-07-15T17:55:35.290Z	ioutW:2026-07-15T17:55:35.290Z	ptime:0	dsertime:0	inbytes:0	sertime:0	outbytes:0	numKey:1456	owc:0
----- End of taks processed event ----

 INFO 07-15 17:57:53,602 CpuBottleneckDetectorImpl:63 [pool-8-thread-1] - Current cpu load: 0.0, # processed events: 0, consecutive: 0/2, threshold: 0.9 in VM-110
 INFO 07-15 17:57:54,602 SystemLoadProfiler:50 [pool-8-thread-1] - Average CPU Load: 0.0 in VM-110
 INFO 07-15 17:57:54,602 TaskEventRateCalculator:114 [pool-8-thread-1] - ---- Start of task processed event (# tasks: 1 in executor VM-110)----
METRICLOG/VM-110	Stage2-2-0	inputR: 0	inputP:0	output:0	inW:2026-07-15T17:55:35.290Z	ioutW:2026-07-15T17:55:35.290Z	ptime:0	dsertime:0	inbytes:0	sertime:0	outbytes:0	numKey:1456	owc:0
----- End of taks processed event ----

 INFO 07-15 17:57:54,602 CpuBottleneckDetectorImpl:63 [pool-8-thread-1] - Current cpu load: 0.0, # processed events: 0, consecutive: 0/2, threshold: 0.9 in VM-110
 INFO 07-15 17:57:55,602 SystemLoadProfiler:50 [pool-8-thread-1] - Average CPU Load: 0.0 in VM-110
 INFO 07-15 17:57:55,602 TaskEventRateCalculator:114 [pool-8-thread-1] - ---- Start of task processed event (# tasks: 1 in executor VM-110)----
METRICLOG/VM-110	Stage2-2-0	inputR: 0	inputP:0	output:0	inW:2026-07-15T17:55:35.290Z	ioutW:2026-07-15T17:55:35.290Z	ptime:0	dsertime:0	inbytes:0	sertime:0	outbytes:0	numKey:1456	owc:0
----- End of taks processed event ----

 INFO 07-15 17:57:55,602 CpuBottleneckDetectorImpl:63 [pool-8-thread-1] - Current cpu load: 0.0, # processed events: 0, consecutive: 0/2, threshold: 0.9 in VM-110
 INFO 07-15 17:57:56,602 SystemLoadProfiler:50 [pool-8-thread-1] - Average CPU Load: 0.0 in VM-110
 INFO 07-15 17:57:56,602 TaskEventRateCalculator:114 [pool-8-thread-1] - ---- Start of task processed event (# tasks: 1 in executor VM-110)----
METRICLOG/VM-110	Stage2-2-0	inputR: 0	inputP:0	output:0	inW:2026-07-15T17:55:35.290Z	ioutW:2026-07-15T17:55:35.290Z	ptime:0	dsertime:0	inbytes:0	sertime:0	outbytes:0	numKey:1456	owc:0
----- End of taks processed event ----

 INFO 07-15 17:57:56,602 CpuBottleneckDetectorImpl:63 [pool-8-thread-1] - Current cpu load: 0.0, # processed events: 0, consecutive: 0/2, threshold: 0.9 in VM-110
 INFO 07-15 17:57:57,602 SystemLoadProfiler:50 [pool-8-thread-1] - Average CPU Load: 0.0 in VM-110
 INFO 07-15 17:57:57,602 TaskEventRateCalculator:114 [pool-8-thread-1] - ---- Start of task processed event (# tasks: 1 in executor VM-110)----
METRICLOG/VM-110	Stage2-2-0	inputR: 0	inputP:0	output:0	inW:2026-07-15T17:55:35.290Z	ioutW:2026-07-15T17:55:35.290Z	ptime:0	dsertime:0	inbytes:0	sertime:0	outbytes:0	numKey:1456	owc:0
----- End of taks processed event ----

 INFO 07-15 17:57:57,602 CpuBottleneckDetectorImpl:63 [pool-8-thread-1] - Current cpu load: 0.0, # processed events: 0, consecutive: 0/2, threshold: 0.9 in VM-110
 INFO 07-15 17:57:58,602 SystemLoadProfiler:50 [pool-8-thread-1] - Average CPU Load: 0.0 in VM-110
 INFO 07-15 17:57:58,602 TaskEventRateCalculator:114 [pool-8-thread-1] - ---- Start of task processed event (# tasks: 1 in executor VM-110)----
METRICLOG/VM-110	Stage2-2-0	inputR: 0	inputP:0	output:0	inW:2026-07-15T17:55:35.290Z	ioutW:2026-07-15T17:55:35.290Z	ptime:0	dsertime:0	inbytes:0	sertime:0	outbytes:0	numKey:1456	owc:0
----- End of taks processed event ----

 INFO 07-15 17:57:58,602 CpuBottleneckDetectorImpl:63 [pool-8-thread-1] - Current cpu load: 0.0, # processed events: 0, consecutive: 0/2, threshold: 0.9 in VM-110
 INFO 07-15 17:57:59,602 SystemLoadProfiler:50 [pool-8-thread-1] - Average CPU Load: 0.0 in VM-110
 INFO 07-15 17:57:59,602 TaskEventRateCalculator:114 [pool-8-thread-1] - ---- Start of task processed event (# tasks: 1 in executor VM-110)----
METRICLOG/VM-110	Stage2-2-0	inputR: 0	inputP:0	output:0	inW:2026-07-15T17:55:35.290Z	ioutW:2026-07-15T17:55:35.290Z	ptime:0	dsertime:0	inbytes:0	sertime:0	outbytes:0	numKey:1456	owc:0
----- End of taks processed event ----

 INFO 07-15 17:57:59,602 CpuBottleneckDetectorImpl:63 [pool-8-thread-1] - Current cpu load: 0.0, # processed events: 0, consecutive: 0/2, threshold: 0.9 in VM-110
 INFO 07-15 17:58:00,602 SystemLoadProfiler:50 [pool-8-thread-1] - Average CPU Load: 0.0 in VM-110
 INFO 07-15 17:58:00,602 TaskEventRateCalculator:114 [pool-8-thread-1] - ---- Start of task processed event (# tasks: 1 in executor VM-110)----
METRICLOG/VM-110	Stage2-2-0	inputR: 0	inputP:0	output:0	inW:2026-07-15T17:55:35.290Z	ioutW:2026-07-15T17:55:35.290Z	ptime:0	dsertime:0	inbytes:0	sertime:0	outbytes:0	numKey:1456	owc:0
----- End of taks processed event ----

 INFO 07-15 17:58:00,603 CpuBottleneckDetectorImpl:63 [pool-8-thread-1] - Current cpu load: 0.0, # processed events: 0, consecutive: 0/2, threshold: 0.9 in VM-110
 INFO 07-15 17:58:01,602 SystemLoadProfiler:50 [pool-8-thread-1] - Average CPU Load: 0.0 in VM-110
 INFO 07-15 17:58:01,602 TaskEventRateCalculator:114 [pool-8-thread-1] - ---- Start of task processed event (# tasks: 1 in executor VM-110)----
METRICLOG/VM-110	Stage2-2-0	inputR: 0	inputP:0	output:0	inW:2026-07-15T17:55:35.290Z	ioutW:2026-07-15T17:55:35.290Z	ptime:0	dsertime:0	inbytes:0	sertime:0	outbytes:0	numKey:1456	owc:0
----- End of taks processed event ----

 INFO 07-15 17:58:01,602 CpuBottleneckDetectorImpl:63 [pool-8-thread-1] - Current cpu load: 0.0, # processed events: 0, consecutive: 0/2, threshold: 0.9 in VM-110
 INFO 07-15 17:58:02,602 SystemLoadProfiler:50 [pool-8-thread-1] - Average CPU Load: 0.0 in VM-110
 INFO 07-15 17:58:02,602 TaskEventRateCalculator:114 [pool-8-thread-1] - ---- Start of task processed event (# tasks: 1 in executor VM-110)----
METRICLOG/VM-110	Stage2-2-0	inputR: 0	inputP:0	output:0	inW:2026-07-15T17:55:35.290Z	ioutW:2026-07-15T17:55:35.290Z	ptime:0	dsertime:0	inbytes:0	sertime:0	outbytes:0	numKey:1456	owc:0
----- End of taks processed event ----

 INFO 07-15 17:58:02,602 CpuBottleneckDetectorImpl:63 [pool-8-thread-1] - Current cpu load: 0.0, # processed events: 0, consecutive: 0/2, threshold: 0.9 in VM-110
 INFO 07-15 17:58:03,602 SystemLoadProfiler:50 [pool-8-thread-1] - Average CPU Load: 0.0 in VM-110
 INFO 07-15 17:58:03,602 TaskEventRateCalculator:114 [pool-8-thread-1] - ---- Start of task processed event (# tasks: 1 in executor VM-110)----
METRICLOG/VM-110	Stage2-2-0	inputR: 0	inputP:0	output:0	inW:2026-07-15T17:55:35.290Z	ioutW:2026-07-15T17:55:35.290Z	ptime:0	dsertime:0	inbytes:0	sertime:0	outbytes:0	numKey:1456	owc:0
----- End of taks processed event ----

 INFO 07-15 17:58:03,603 CpuBottleneckDetectorImpl:63 [pool-8-thread-1] - Current cpu load: 0.0, # processed events: 0, consecutive: 0/2, threshold: 0.9 in VM-110
 INFO 07-15 17:58:04,602 SystemLoadProfiler:50 [pool-8-thread-1] - Average CPU Load: 0.0 in VM-110
 INFO 07-15 17:58:04,602 TaskEventRateCalculator:114 [pool-8-thread-1] - ---- Start of task processed event (# tasks: 1 in executor VM-110)----
METRICLOG/VM-110	Stage2-2-0	inputR: 0	inputP:0	output:0	inW:2026-07-15T17:55:35.290Z	ioutW:2026-07-15T17:55:35.290Z	ptime:0	dsertime:0	inbytes:0	sertime:0	outbytes:0	numKey:1456	owc:0
----- End of taks processed event ----

 INFO 07-15 17:58:04,603 CpuBottleneckDetectorImpl:63 [pool-8-thread-1] - Current cpu load: 0.0, # processed events: 0, consecutive: 0/2, threshold: 0.9 in VM-110
 INFO 07-15 17:58:05,602 SystemLoadProfiler:50 [pool-8-thread-1] - Average CPU Load: 0.0 in VM-110
 INFO 07-15 17:58:05,602 TaskEventRateCalculator:114 [pool-8-thread-1] - ---- Start of task processed event (# tasks: 1 in executor VM-110)----
METRICLOG/VM-110	Stage2-2-0	inputR: 0	inputP:0	output:0	inW:2026-07-15T17:55:35.290Z	ioutW:2026-07-15T17:55:35.290Z	ptime:0	dsertime:0	inbytes:0	sertime:0	outbytes:0	numKey:1456	owc:0
----- End of taks processed event ----

 INFO 07-15 17:58:05,602 CpuBottleneckDetectorImpl:63 [pool-8-thread-1] - Current cpu load: 0.0, # processed events: 0, consecutive: 0/2, threshold: 0.9 in VM-110
 INFO 07-15 17:58:06,602 SystemLoadProfiler:50 [pool-8-thread-1] - Average CPU Load: 0.0 in VM-110
 INFO 07-15 17:58:06,602 TaskEventRateCalculator:114 [pool-8-thread-1] - ---- Start of task processed event (# tasks: 1 in executor VM-110)----
METRICLOG/VM-110	Stage2-2-0	inputR: 0	inputP:0	output:0	inW:2026-07-15T17:55:35.290Z	ioutW:2026-07-15T17:55:35.290Z	ptime:0	dsertime:0	inbytes:0	sertime:0	outbytes:0	numKey:1456	owc:0
----- End of taks processed event ----

 INFO 07-15 17:58:06,602 CpuBottleneckDetectorImpl:63 [pool-8-thread-1] - Current cpu load: 0.0, # processed events: 0, consecutive: 0/2, threshold: 0.9 in VM-110
 INFO 07-15 17:58:07,602 SystemLoadProfiler:50 [pool-8-thread-1] - Average CPU Load: 0.0 in VM-110
 INFO 07-15 17:58:07,602 TaskEventRateCalculator:114 [pool-8-thread-1] - ---- Start of task processed event (# tasks: 1 in executor VM-110)----
METRICLOG/VM-110	Stage2-2-0	inputR: 0	inputP:0	output:0	inW:2026-07-15T17:55:35.290Z	ioutW:2026-07-15T17:55:35.290Z	ptime:0	dsertime:0	inbytes:0	sertime:0	outbytes:0	numKey:1456	owc:0
----- End of taks processed event ----

 INFO 07-15 17:58:07,602 CpuBottleneckDetectorImpl:63 [pool-8-thread-1] - Current cpu load: 0.0, # processed events: 0, consecutive: 0/2, threshold: 0.9 in VM-110
 INFO 07-15 17:58:08,602 SystemLoadProfiler:50 [pool-8-thread-1] - Average CPU Load: 0.0 in VM-110
 INFO 07-15 17:58:08,602 TaskEventRateCalculator:114 [pool-8-thread-1] - ---- Start of task processed event (# tasks: 1 in executor VM-110)----
METRICLOG/VM-110	Stage2-2-0	inputR: 0	inputP:0	output:0	inW:2026-07-15T17:55:35.290Z	ioutW:2026-07-15T17:55:35.290Z	ptime:0	dsertime:0	inbytes:0	sertime:0	outbytes:0	numKey:1456	owc:0
----- End of taks processed event ----

 INFO 07-15 17:58:08,602 CpuBottleneckDetectorImpl:63 [pool-8-thread-1] - Current cpu load: 0.0, # processed events: 0, consecutive: 0/2, threshold: 0.9 in VM-110
 INFO 07-15 17:58:09,602 SystemLoadProfiler:50 [pool-8-thread-1] - Average CPU Load: 0.0 in VM-110
 INFO 07-15 17:58:09,602 TaskEventRateCalculator:114 [pool-8-thread-1] - ---- Start of task processed event (# tasks: 1 in executor VM-110)----
METRICLOG/VM-110	Stage2-2-0	inputR: 0	inputP:0	output:0	inW:2026-07-15T17:55:35.290Z	ioutW:2026-07-15T17:55:35.290Z	ptime:0	dsertime:0	inbytes:0	sertime:0	outbytes:0	numKey:1456	owc:0
----- End of taks processed event ----

 INFO 07-15 17:58:09,602 CpuBottleneckDetectorImpl:63 [pool-8-thread-1] - Current cpu load: 0.0, # processed events: 0, consecutive: 0/2, threshold: 0.9 in VM-110
 INFO 07-15 17:58:10,602 SystemLoadProfiler:50 [pool-8-thread-1] - Average CPU Load: 0.0 in VM-110
 INFO 07-15 17:58:10,602 TaskEventRateCalculator:114 [pool-8-thread-1] - ---- Start of task processed event (# tasks: 1 in executor VM-110)----
METRICLOG/VM-110	Stage2-2-0	inputR: 0	inputP:0	output:0	inW:2026-07-15T17:55:35.290Z	ioutW:2026-07-15T17:55:35.290Z	ptime:0	dsertime:0	inbytes:0	sertime:0	outbytes:0	numKey:1456	owc:0
----- End of taks processed event ----

 INFO 07-15 17:58:10,602 CpuBottleneckDetectorImpl:63 [pool-8-thread-1] - Current cpu load: 0.0, # processed events: 0, consecutive: 0/2, threshold: 0.9 in VM-110
 INFO 07-15 17:58:11,602 SystemLoadProfiler:50 [pool-8-thread-1] - Average CPU Load: 0.0 in VM-110
 INFO 07-15 17:58:11,602 TaskEventRateCalculator:114 [pool-8-thread-1] - ---- Start of task processed event (# tasks: 1 in executor VM-110)----
METRICLOG/VM-110	Stage2-2-0	inputR: 0	inputP:0	output:0	inW:2026-07-15T17:55:35.290Z	ioutW:2026-07-15T17:55:35.290Z	ptime:0	dsertime:0	inbytes:0	sertime:0	outbytes:0	numKey:1456	owc:0
----- End of taks processed event ----

 INFO 07-15 17:58:11,602 CpuBottleneckDetectorImpl:63 [pool-8-thread-1] - Current cpu load: 0.0, # processed events: 0, consecutive: 0/2, threshold: 0.9 in VM-110
 INFO 07-15 17:58:12,602 SystemLoadProfiler:50 [pool-8-thread-1] - Average CPU Load: 0.0 in VM-110
 INFO 07-15 17:58:12,602 TaskEventRateCalculator:114 [pool-8-thread-1] - ---- Start of task processed event (# tasks: 1 in executor VM-110)----
METRICLOG/VM-110	Stage2-2-0	inputR: 0	inputP:0	output:0	inW:2026-07-15T17:55:35.290Z	ioutW:2026-07-15T17:55:35.290Z	ptime:0	dsertime:0	inbytes:0	sertime:0	outbytes:0	numKey:1456	owc:0
----- End of taks processed event ----

 INFO 07-15 17:58:12,602 CpuBottleneckDetectorImpl:63 [pool-8-thread-1] - Current cpu load: 0.0, # processed events: 0, consecutive: 0/2, threshold: 0.9 in VM-110
 INFO 07-15 17:58:13,602 SystemLoadProfiler:50 [pool-8-thread-1] - Average CPU Load: 0.0 in VM-110
 INFO 07-15 17:58:13,602 TaskEventRateCalculator:114 [pool-8-thread-1] - ---- Start of task processed event (# tasks: 1 in executor VM-110)----
METRICLOG/VM-110	Stage2-2-0	inputR: 0	inputP:0	output:0	inW:2026-07-15T17:55:35.290Z	ioutW:2026-07-15T17:55:35.290Z	ptime:0	dsertime:0	inbytes:0	sertime:0	outbytes:0	numKey:1456	owc:0
----- End of taks processed event ----

 INFO 07-15 17:58:13,602 CpuBottleneckDetectorImpl:63 [pool-8-thread-1] - Current cpu load: 0.0, # processed events: 0, consecutive: 0/2, threshold: 0.9 in VM-110
 INFO 07-15 17:58:14,602 SystemLoadProfiler:50 [pool-8-thread-1] - Average CPU Load: 0.0 in VM-110
 INFO 07-15 17:58:14,602 TaskEventRateCalculator:114 [pool-8-thread-1] - ---- Start of task processed event (# tasks: 1 in executor VM-110)----
METRICLOG/VM-110	Stage2-2-0	inputR: 0	inputP:0	output:0	inW:2026-07-15T17:55:35.290Z	ioutW:2026-07-15T17:55:35.290Z	ptime:0	dsertime:0	inbytes:0	sertime:0	outbytes:0	numKey:1456	owc:0
----- End of taks processed event ----

 INFO 07-15 17:58:14,602 CpuBottleneckDetectorImpl:63 [pool-8-thread-1] - Current cpu load: 0.0, # processed events: 0, consecutive: 0/2, threshold: 0.9 in VM-110
 INFO 07-15 17:58:15,602 SystemLoadProfiler:50 [pool-8-thread-1] - Average CPU Load: 0.0 in VM-110
 INFO 07-15 17:58:15,602 TaskEventRateCalculator:114 [pool-8-thread-1] - ---- Start of task processed event (# tasks: 1 in executor VM-110)----
METRICLOG/VM-110	Stage2-2-0	inputR: 0	inputP:0	output:0	inW:2026-07-15T17:55:35.290Z	ioutW:2026-07-15T17:55:35.290Z	ptime:0	dsertime:0	inbytes:0	sertime:0	outbytes:0	numKey:1456	owc:0
----- End of taks processed event ----

 INFO 07-15 17:58:15,602 CpuBottleneckDetectorImpl:63 [pool-8-thread-1] - Current cpu load: 0.0, # processed events: 0, consecutive: 0/2, threshold: 0.9 in VM-110
 INFO 07-15 17:58:16,602 SystemLoadProfiler:50 [pool-8-thread-1] - Average CPU Load: 0.0 in VM-110
 INFO 07-15 17:58:16,602 TaskEventRateCalculator:114 [pool-8-thread-1] - ---- Start of task processed event (# tasks: 1 in executor VM-110)----
METRICLOG/VM-110	Stage2-2-0	inputR: 0	inputP:0	output:0	inW:2026-07-15T17:55:35.290Z	ioutW:2026-07-15T17:55:35.290Z	ptime:0	dsertime:0	inbytes:0	sertime:0	outbytes:0	numKey:1456	owc:0
----- End of taks processed event ----

 INFO 07-15 17:58:16,602 CpuBottleneckDetectorImpl:63 [pool-8-thread-1] - Current cpu load: 0.0, # processed events: 0, consecutive: 0/2, threshold: 0.9 in VM-110
 INFO 07-15 17:58:17,602 SystemLoadProfiler:50 [pool-8-thread-1] - Average CPU Load: 0.0 in VM-110
 INFO 07-15 17:58:17,602 TaskEventRateCalculator:114 [pool-8-thread-1] - ---- Start of task processed event (# tasks: 1 in executor VM-110)----
METRICLOG/VM-110	Stage2-2-0	inputR: 0	inputP:0	output:0	inW:2026-07-15T17:55:35.290Z	ioutW:2026-07-15T17:55:35.290Z	ptime:0	dsertime:0	inbytes:0	sertime:0	outbytes:0	numKey:1456	owc:0
----- End of taks processed event ----

 INFO 07-15 17:58:17,602 CpuBottleneckDetectorImpl:63 [pool-8-thread-1] - Current cpu load: 0.0, # processed events: 0, consecutive: 0/2, threshold: 0.9 in VM-110
 INFO 07-15 17:58:18,602 SystemLoadProfiler:50 [pool-8-thread-1] - Average CPU Load: 0.0 in VM-110
 INFO 07-15 17:58:18,602 TaskEventRateCalculator:114 [pool-8-thread-1] - ---- Start of task processed event (# tasks: 1 in executor VM-110)----
METRICLOG/VM-110	Stage2-2-0	inputR: 0	inputP:0	output:0	inW:2026-07-15T17:55:35.290Z	ioutW:2026-07-15T17:55:35.290Z	ptime:0	dsertime:0	inbytes:0	sertime:0	outbytes:0	numKey:1456	owc:0
----- End of taks processed event ----

 INFO 07-15 17:58:18,602 CpuBottleneckDetectorImpl:63 [pool-8-thread-1] - Current cpu load: 0.0, # processed events: 0, consecutive: 0/2, threshold: 0.9 in VM-110
 INFO 07-15 17:58:19,602 SystemLoadProfiler:50 [pool-8-thread-1] - Average CPU Load: 0.0 in VM-110
 INFO 07-15 17:58:19,603 TaskEventRateCalculator:114 [pool-8-thread-1] - ---- Start of task processed event (# tasks: 1 in executor VM-110)----
METRICLOG/VM-110	Stage2-2-0	inputR: 0	inputP:0	output:0	inW:2026-07-15T17:55:35.290Z	ioutW:2026-07-15T17:55:35.290Z	ptime:0	dsertime:0	inbytes:0	sertime:0	outbytes:0	numKey:1456	owc:0
----- End of taks processed event ----

 INFO 07-15 17:58:19,603 CpuBottleneckDetectorImpl:63 [pool-8-thread-1] - Current cpu load: 0.0, # processed events: 0, consecutive: 0/2, threshold: 0.9 in VM-110
 INFO 07-15 17:58:20,602 SystemLoadProfiler:50 [pool-8-thread-1] - Average CPU Load: 0.0 in VM-110
 INFO 07-15 17:58:20,602 TaskEventRateCalculator:114 [pool-8-thread-1] - ---- Start of task processed event (# tasks: 1 in executor VM-110)----
METRICLOG/VM-110	Stage2-2-0	inputR: 0	inputP:0	output:0	inW:2026-07-15T17:55:35.290Z	ioutW:2026-07-15T17:55:35.290Z	ptime:0	dsertime:0	inbytes:0	sertime:0	outbytes:0	numKey:1456	owc:0
----- End of taks processed event ----

 INFO 07-15 17:58:20,602 CpuBottleneckDetectorImpl:63 [pool-8-thread-1] - Current cpu load: 0.0, # processed events: 0, consecutive: 0/2, threshold: 0.9 in VM-110
 INFO 07-15 17:58:21,602 SystemLoadProfiler:50 [pool-8-thread-1] - Average CPU Load: 0.0 in VM-110
 INFO 07-15 17:58:21,602 TaskEventRateCalculator:114 [pool-8-thread-1] - ---- Start of task processed event (# tasks: 1 in executor VM-110)----
METRICLOG/VM-110	Stage2-2-0	inputR: 0	inputP:0	output:0	inW:2026-07-15T17:55:35.290Z	ioutW:2026-07-15T17:55:35.290Z	ptime:0	dsertime:0	inbytes:0	sertime:0	outbytes:0	numKey:1456	owc:0
----- End of taks processed event ----

 INFO 07-15 17:58:21,603 CpuBottleneckDetectorImpl:63 [pool-8-thread-1] - Current cpu load: 0.0, # processed events: 0, consecutive: 0/2, threshold: 0.9 in VM-110
 INFO 07-15 17:58:22,602 SystemLoadProfiler:50 [pool-8-thread-1] - Average CPU Load: 0.0 in VM-110
 INFO 07-15 17:58:22,602 TaskEventRateCalculator:114 [pool-8-thread-1] - ---- Start of task processed event (# tasks: 1 in executor VM-110)----
METRICLOG/VM-110	Stage2-2-0	inputR: 0	inputP:0	output:0	inW:2026-07-15T17:55:35.290Z	ioutW:2026-07-15T17:55:35.290Z	ptime:0	dsertime:0	inbytes:0	sertime:0	outbytes:0	numKey:1456	owc:0
----- End of taks processed event ----

 INFO 07-15 17:58:22,602 CpuBottleneckDetectorImpl:63 [pool-8-thread-1] - Current cpu load: 0.0, # processed events: 0, consecutive: 0/2, threshold: 0.9 in VM-110
 INFO 07-15 17:58:23,602 SystemLoadProfiler:50 [pool-8-thread-1] - Average CPU Load: 0.0 in VM-110
 INFO 07-15 17:58:23,602 TaskEventRateCalculator:114 [pool-8-thread-1] - ---- Start of task processed event (# tasks: 1 in executor VM-110)----
METRICLOG/VM-110	Stage2-2-0	inputR: 0	inputP:0	output:0	inW:2026-07-15T17:55:35.290Z	ioutW:2026-07-15T17:55:35.290Z	ptime:0	dsertime:0	inbytes:0	sertime:0	outbytes:0	numKey:1456	owc:0
----- End of taks processed event ----

 INFO 07-15 17:58:23,602 CpuBottleneckDetectorImpl:63 [pool-8-thread-1] - Current cpu load: 0.0, # processed events: 0, consecutive: 0/2, threshold: 0.9 in VM-110
 INFO 07-15 17:58:24,602 SystemLoadProfiler:50 [pool-8-thread-1] - Average CPU Load: 0.0 in VM-110
 INFO 07-15 17:58:24,602 TaskEventRateCalculator:114 [pool-8-thread-1] - ---- Start of task processed event (# tasks: 1 in executor VM-110)----
METRICLOG/VM-110	Stage2-2-0	inputR: 0	inputP:0	output:0	inW:2026-07-15T17:55:35.290Z	ioutW:2026-07-15T17:55:35.290Z	ptime:0	dsertime:0	inbytes:0	sertime:0	outbytes:0	numKey:1456	owc:0
----- End of taks processed event ----

 INFO 07-15 17:58:24,602 CpuBottleneckDetectorImpl:63 [pool-8-thread-1] - Current cpu load: 0.0, # processed events: 0, consecutive: 0/2, threshold: 0.9 in VM-110
 INFO 07-15 17:58:25,602 SystemLoadProfiler:50 [pool-8-thread-1] - Average CPU Load: 0.0 in VM-110
 INFO 07-15 17:58:25,602 TaskEventRateCalculator:114 [pool-8-thread-1] - ---- Start of task processed event (# tasks: 1 in executor VM-110)----
METRICLOG/VM-110	Stage2-2-0	inputR: 0	inputP:0	output:0	inW:2026-07-15T17:55:35.290Z	ioutW:2026-07-15T17:55:35.290Z	ptime:0	dsertime:0	inbytes:0	sertime:0	outbytes:0	numKey:1456	owc:0
----- End of taks processed event ----

 INFO 07-15 17:58:25,602 CpuBottleneckDetectorImpl:63 [pool-8-thread-1] - Current cpu load: 0.0, # processed events: 0, consecutive: 0/2, threshold: 0.9 in VM-110
 INFO 07-15 17:58:26,602 SystemLoadProfiler:50 [pool-8-thread-1] - Average CPU Load: 0.0 in VM-110
 INFO 07-15 17:58:26,602 TaskEventRateCalculator:114 [pool-8-thread-1] - ---- Start of task processed event (# tasks: 1 in executor VM-110)----
METRICLOG/VM-110	Stage2-2-0	inputR: 0	inputP:0	output:0	inW:2026-07-15T17:55:35.290Z	ioutW:2026-07-15T17:55:35.290Z	ptime:0	dsertime:0	inbytes:0	sertime:0	outbytes:0	numKey:1456	owc:0
----- End of taks processed event ----

 INFO 07-15 17:58:26,602 CpuBottleneckDetectorImpl:63 [pool-8-thread-1] - Current cpu load: 0.0, # processed events: 0, consecutive: 0/2, threshold: 0.9 in VM-110
 INFO 07-15 17:58:27,602 SystemLoadProfiler:50 [pool-8-thread-1] - Average CPU Load: 0.0 in VM-110
 INFO 07-15 17:58:27,602 TaskEventRateCalculator:114 [pool-8-thread-1] - ---- Start of task processed event (# tasks: 1 in executor VM-110)----
METRICLOG/VM-110	Stage2-2-0	inputR: 0	inputP:0	output:0	inW:2026-07-15T17:55:35.290Z	ioutW:2026-07-15T17:55:35.290Z	ptime:0	dsertime:0	inbytes:0	sertime:0	outbytes:0	numKey:1456	owc:0
----- End of taks processed event ----

 INFO 07-15 17:58:27,602 CpuBottleneckDetectorImpl:63 [pool-8-thread-1] - Current cpu load: 0.0, # processed events: 0, consecutive: 0/2, threshold: 0.9 in VM-110
 INFO 07-15 17:58:28,602 SystemLoadProfiler:50 [pool-8-thread-1] - Average CPU Load: 0.0 in VM-110
 INFO 07-15 17:58:28,602 TaskEventRateCalculator:114 [pool-8-thread-1] - ---- Start of task processed event (# tasks: 1 in executor VM-110)----
METRICLOG/VM-110	Stage2-2-0	inputR: 0	inputP:0	output:0	inW:2026-07-15T17:55:35.290Z	ioutW:2026-07-15T17:55:35.290Z	ptime:0	dsertime:0	inbytes:0	sertime:0	outbytes:0	numKey:1456	owc:0
----- End of taks processed event ----

 INFO 07-15 17:58:28,602 CpuBottleneckDetectorImpl:63 [pool-8-thread-1] - Current cpu load: 0.0, # processed events: 0, consecutive: 0/2, threshold: 0.9 in VM-110
 INFO 07-15 17:58:29,602 SystemLoadProfiler:50 [pool-8-thread-1] - Average CPU Load: 0.0 in VM-110
 INFO 07-15 17:58:29,602 TaskEventRateCalculator:114 [pool-8-thread-1] - ---- Start of task processed event (# tasks: 1 in executor VM-110)----
METRICLOG/VM-110	Stage2-2-0	inputR: 0	inputP:0	output:0	inW:2026-07-15T17:55:35.290Z	ioutW:2026-07-15T17:55:35.290Z	ptime:0	dsertime:0	inbytes:0	sertime:0	outbytes:0	numKey:1456	owc:0
----- End of taks processed event ----

 INFO 07-15 17:58:29,602 CpuBottleneckDetectorImpl:63 [pool-8-thread-1] - Current cpu load: 0.0, # processed events: 0, consecutive: 0/2, threshold: 0.9 in VM-110
 INFO 07-15 17:58:30,602 SystemLoadProfiler:50 [pool-8-thread-1] - Average CPU Load: 0.0 in VM-110
 INFO 07-15 17:58:30,602 TaskEventRateCalculator:114 [pool-8-thread-1] - ---- Start of task processed event (# tasks: 1 in executor VM-110)----
METRICLOG/VM-110	Stage2-2-0	inputR: 0	inputP:0	output:0	inW:2026-07-15T17:55:35.290Z	ioutW:2026-07-15T17:55:35.290Z	ptime:0	dsertime:0	inbytes:0	sertime:0	outbytes:0	numKey:1456	owc:0
----- End of taks processed event ----

 INFO 07-15 17:58:30,602 CpuBottleneckDetectorImpl:63 [pool-8-thread-1] - Current cpu load: 0.0, # processed events: 0, consecutive: 0/2, threshold: 0.9 in VM-110
 INFO 07-15 17:58:31,602 SystemLoadProfiler:50 [pool-8-thread-1] - Average CPU Load: 0.0 in VM-110
 INFO 07-15 17:58:31,602 TaskEventRateCalculator:114 [pool-8-thread-1] - ---- Start of task processed event (# tasks: 1 in executor VM-110)----
METRICLOG/VM-110	Stage2-2-0	inputR: 0	inputP:0	output:0	inW:2026-07-15T17:55:35.290Z	ioutW:2026-07-15T17:55:35.290Z	ptime:0	dsertime:0	inbytes:0	sertime:0	outbytes:0	numKey:1456	owc:0
----- End of taks processed event ----

 INFO 07-15 17:58:31,602 CpuBottleneckDetectorImpl:63 [pool-8-thread-1] - Current cpu load: 0.0, # processed events: 0, consecutive: 0/2, threshold: 0.9 in VM-110
 INFO 07-15 17:58:32,602 SystemLoadProfiler:50 [pool-8-thread-1] - Average CPU Load: 0.0 in VM-110
 INFO 07-15 17:58:32,602 TaskEventRateCalculator:114 [pool-8-thread-1] - ---- Start of task processed event (# tasks: 1 in executor VM-110)----
METRICLOG/VM-110	Stage2-2-0	inputR: 0	inputP:0	output:0	inW:2026-07-15T17:55:35.290Z	ioutW:2026-07-15T17:55:35.290Z	ptime:0	dsertime:0	inbytes:0	sertime:0	outbytes:0	numKey:1456	owc:0
----- End of taks processed event ----

 INFO 07-15 17:58:32,602 CpuBottleneckDetectorImpl:63 [pool-8-thread-1] - Current cpu load: 0.0, # processed events: 0, consecutive: 0/2, threshold: 0.9 in VM-110
 INFO 07-15 17:58:33,602 SystemLoadProfiler:50 [pool-8-thread-1] - Average CPU Load: 0.0 in VM-110
 INFO 07-15 17:58:33,602 TaskEventRateCalculator:114 [pool-8-thread-1] - ---- Start of task processed event (# tasks: 1 in executor VM-110)----
METRICLOG/VM-110	Stage2-2-0	inputR: 0	inputP:0	output:0	inW:2026-07-15T17:55:35.290Z	ioutW:2026-07-15T17:55:35.290Z	ptime:0	dsertime:0	inbytes:0	sertime:0	outbytes:0	numKey:1456	owc:0
----- End of taks processed event ----

 INFO 07-15 17:58:33,602 CpuBottleneckDetectorImpl:63 [pool-8-thread-1] - Current cpu load: 0.0, # processed events: 0, consecutive: 0/2, threshold: 0.9 in VM-110
 INFO 07-15 17:58:34,602 SystemLoadProfiler:50 [pool-8-thread-1] - Average CPU Load: 0.0 in VM-110
 INFO 07-15 17:58:34,602 TaskEventRateCalculator:114 [pool-8-thread-1] - ---- Start of task processed event (# tasks: 1 in executor VM-110)----
METRICLOG/VM-110	Stage2-2-0	inputR: 0	inputP:0	output:0	inW:2026-07-15T17:55:35.290Z	ioutW:2026-07-15T17:55:35.290Z	ptime:0	dsertime:0	inbytes:0	sertime:0	outbytes:0	numKey:1456	owc:0
----- End of taks processed event ----

 INFO 07-15 17:58:34,602 CpuBottleneckDetectorImpl:63 [pool-8-thread-1] - Current cpu load: 0.0, # processed events: 0, consecutive: 0/2, threshold: 0.9 in VM-110
 INFO 07-15 17:58:35,602 SystemLoadProfiler:50 [pool-8-thread-1] - Average CPU Load: 0.0 in VM-110
 INFO 07-15 17:58:35,602 TaskEventRateCalculator:114 [pool-8-thread-1] - ---- Start of task processed event (# tasks: 1 in executor VM-110)----
METRICLOG/VM-110	Stage2-2-0	inputR: 0	inputP:0	output:0	inW:2026-07-15T17:55:35.290Z	ioutW:2026-07-15T17:55:35.290Z	ptime:0	dsertime:0	inbytes:0	sertime:0	outbytes:0	numKey:1456	owc:0
----- End of taks processed event ----

 INFO 07-15 17:58:35,602 CpuBottleneckDetectorImpl:63 [pool-8-thread-1] - Current cpu load: 0.0, # processed events: 0, consecutive: 0/2, threshold: 0.9 in VM-110
 INFO 07-15 17:58:36,602 SystemLoadProfiler:50 [pool-8-thread-1] - Average CPU Load: 0.0 in VM-110
 INFO 07-15 17:58:36,602 TaskEventRateCalculator:114 [pool-8-thread-1] - ---- Start of task processed event (# tasks: 1 in executor VM-110)----
METRICLOG/VM-110	Stage2-2-0	inputR: 0	inputP:0	output:0	inW:2026-07-15T17:55:35.290Z	ioutW:2026-07-15T17:55:35.290Z	ptime:0	dsertime:0	inbytes:0	sertime:0	outbytes:0	numKey:1456	owc:0
----- End of taks processed event ----

 INFO 07-15 17:58:36,602 CpuBottleneckDetectorImpl:63 [pool-8-thread-1] - Current cpu load: 0.0, # processed events: 0, consecutive: 0/2, threshold: 0.9 in VM-110
 INFO 07-15 17:58:37,602 SystemLoadProfiler:50 [pool-8-thread-1] - Average CPU Load: 0.0 in VM-110
 INFO 07-15 17:58:37,602 TaskEventRateCalculator:114 [pool-8-thread-1] - ---- Start of task processed event (# tasks: 1 in executor VM-110)----
METRICLOG/VM-110	Stage2-2-0	inputR: 0	inputP:0	output:0	inW:2026-07-15T17:55:35.290Z	ioutW:2026-07-15T17:55:35.290Z	ptime:0	dsertime:0	inbytes:0	sertime:0	outbytes:0	numKey:1456	owc:0
----- End of taks processed event ----

 INFO 07-15 17:58:37,602 CpuBottleneckDetectorImpl:63 [pool-8-thread-1] - Current cpu load: 0.0, # processed events: 0, consecutive: 0/2, threshold: 0.9 in VM-110
 INFO 07-15 17:58:38,602 SystemLoadProfiler:50 [pool-8-thread-1] - Average CPU Load: 0.0 in VM-110
 INFO 07-15 17:58:38,602 TaskEventRateCalculator:114 [pool-8-thread-1] - ---- Start of task processed event (# tasks: 1 in executor VM-110)----
METRICLOG/VM-110	Stage2-2-0	inputR: 0	inputP:0	output:0	inW:2026-07-15T17:55:35.290Z	ioutW:2026-07-15T17:55:35.290Z	ptime:0	dsertime:0	inbytes:0	sertime:0	outbytes:0	numKey:1456	owc:0
----- End of taks processed event ----

 INFO 07-15 17:58:38,602 CpuBottleneckDetectorImpl:63 [pool-8-thread-1] - Current cpu load: 0.0, # processed events: 0, consecutive: 0/2, threshold: 0.9 in VM-110
 INFO 07-15 17:58:39,602 SystemLoadProfiler:50 [pool-8-thread-1] - Average CPU Load: 0.0 in VM-110
 INFO 07-15 17:58:39,602 TaskEventRateCalculator:114 [pool-8-thread-1] - ---- Start of task processed event (# tasks: 1 in executor VM-110)----
METRICLOG/VM-110	Stage2-2-0	inputR: 0	inputP:0	output:0	inW:2026-07-15T17:55:35.290Z	ioutW:2026-07-15T17:55:35.290Z	ptime:0	dsertime:0	inbytes:0	sertime:0	outbytes:0	numKey:1456	owc:0
----- End of taks processed event ----

 INFO 07-15 17:58:39,602 CpuBottleneckDetectorImpl:63 [pool-8-thread-1] - Current cpu load: 0.0, # processed events: 0, consecutive: 0/2, threshold: 0.9 in VM-110
 INFO 07-15 17:58:40,602 SystemLoadProfiler:50 [pool-8-thread-1] - Average CPU Load: 0.0 in VM-110
 INFO 07-15 17:58:40,602 TaskEventRateCalculator:114 [pool-8-thread-1] - ---- Start of task processed event (# tasks: 1 in executor VM-110)----
METRICLOG/VM-110	Stage2-2-0	inputR: 0	inputP:0	output:0	inW:2026-07-15T17:55:35.290Z	ioutW:2026-07-15T17:55:35.290Z	ptime:0	dsertime:0	inbytes:0	sertime:0	outbytes:0	numKey:1456	owc:0
----- End of taks processed event ----

 INFO 07-15 17:58:40,602 CpuBottleneckDetectorImpl:63 [pool-8-thread-1] - Current cpu load: 0.0, # processed events: 0, consecutive: 0/2, threshold: 0.9 in VM-110
 INFO 07-15 17:58:41,602 SystemLoadProfiler:50 [pool-8-thread-1] - Average CPU Load: 0.0 in VM-110
 INFO 07-15 17:58:41,602 TaskEventRateCalculator:114 [pool-8-thread-1] - ---- Start of task processed event (# tasks: 1 in executor VM-110)----
METRICLOG/VM-110	Stage2-2-0	inputR: 0	inputP:0	output:0	inW:2026-07-15T17:55:35.290Z	ioutW:2026-07-15T17:55:35.290Z	ptime:0	dsertime:0	inbytes:0	sertime:0	outbytes:0	numKey:1456	owc:0
----- End of taks processed event ----

 INFO 07-15 17:58:41,602 CpuBottleneckDetectorImpl:63 [pool-8-thread-1] - Current cpu load: 0.0, # processed events: 0, consecutive: 0/2, threshold: 0.9 in VM-110
 INFO 07-15 17:58:42,602 SystemLoadProfiler:50 [pool-8-thread-1] - Average CPU Load: 0.0 in VM-110
 INFO 07-15 17:58:42,602 TaskEventRateCalculator:114 [pool-8-thread-1] - ---- Start of task processed event (# tasks: 1 in executor VM-110)----
METRICLOG/VM-110	Stage2-2-0	inputR: 0	inputP:0	output:0	inW:2026-07-15T17:55:35.290Z	ioutW:2026-07-15T17:55:35.290Z	ptime:0	dsertime:0	inbytes:0	sertime:0	outbytes:0	numKey:1456	owc:0
----- End of taks processed event ----

 INFO 07-15 17:58:42,603 CpuBottleneckDetectorImpl:63 [pool-8-thread-1] - Current cpu load: 0.0, # processed events: 0, consecutive: 0/2, threshold: 0.9 in VM-110
 INFO 07-15 17:58:43,602 SystemLoadProfiler:50 [pool-8-thread-1] - Average CPU Load: 0.0 in VM-110
 INFO 07-15 17:58:43,602 TaskEventRateCalculator:114 [pool-8-thread-1] - ---- Start of task processed event (# tasks: 1 in executor VM-110)----
METRICLOG/VM-110	Stage2-2-0	inputR: 0	inputP:0	output:0	inW:2026-07-15T17:55:35.290Z	ioutW:2026-07-15T17:55:35.290Z	ptime:0	dsertime:0	inbytes:0	sertime:0	outbytes:0	numKey:1456	owc:0
----- End of taks processed event ----

 INFO 07-15 17:58:43,602 CpuBottleneckDetectorImpl:63 [pool-8-thread-1] - Current cpu load: 0.0, # processed events: 0, consecutive: 0/2, threshold: 0.9 in VM-110
 INFO 07-15 17:58:44,602 SystemLoadProfiler:50 [pool-8-thread-1] - Average CPU Load: 0.0 in VM-110
 INFO 07-15 17:58:44,602 TaskEventRateCalculator:114 [pool-8-thread-1] - ---- Start of task processed event (# tasks: 1 in executor VM-110)----
METRICLOG/VM-110	Stage2-2-0	inputR: 0	inputP:0	output:0	inW:2026-07-15T17:55:35.290Z	ioutW:2026-07-15T17:55:35.290Z	ptime:0	dsertime:0	inbytes:0	sertime:0	outbytes:0	numKey:1456	owc:0
----- End of taks processed event ----

 INFO 07-15 17:58:44,602 CpuBottleneckDetectorImpl:63 [pool-8-thread-1] - Current cpu load: 0.0, # processed events: 0, consecutive: 0/2, threshold: 0.9 in VM-110
 INFO 07-15 17:58:45,602 SystemLoadProfiler:50 [pool-8-thread-1] - Average CPU Load: 0.0 in VM-110
 INFO 07-15 17:58:45,602 TaskEventRateCalculator:114 [pool-8-thread-1] - ---- Start of task processed event (# tasks: 1 in executor VM-110)----
METRICLOG/VM-110	Stage2-2-0	inputR: 0	inputP:0	output:0	inW:2026-07-15T17:55:35.290Z	ioutW:2026-07-15T17:55:35.290Z	ptime:0	dsertime:0	inbytes:0	sertime:0	outbytes:0	numKey:1456	owc:0
----- End of taks processed event ----

 INFO 07-15 17:58:45,602 CpuBottleneckDetectorImpl:63 [pool-8-thread-1] - Current cpu load: 0.0, # processed events: 0, consecutive: 0/2, threshold: 0.9 in VM-110
 INFO 07-15 17:58:46,602 SystemLoadProfiler:50 [pool-8-thread-1] - Average CPU Load: 0.0 in VM-110
 INFO 07-15 17:58:46,602 TaskEventRateCalculator:114 [pool-8-thread-1] - ---- Start of task processed event (# tasks: 1 in executor VM-110)----
METRICLOG/VM-110	Stage2-2-0	inputR: 0	inputP:0	output:0	inW:2026-07-15T17:55:35.290Z	ioutW:2026-07-15T17:55:35.290Z	ptime:0	dsertime:0	inbytes:0	sertime:0	outbytes:0	numKey:1456	owc:0
----- End of taks processed event ----

 INFO 07-15 17:58:46,602 CpuBottleneckDetectorImpl:63 [pool-8-thread-1] - Current cpu load: 0.0, # processed events: 0, consecutive: 0/2, threshold: 0.9 in VM-110
 INFO 07-15 17:58:47,602 SystemLoadProfiler:50 [pool-8-thread-1] - Average CPU Load: 0.0 in VM-110
 INFO 07-15 17:58:47,602 TaskEventRateCalculator:114 [pool-8-thread-1] - ---- Start of task processed event (# tasks: 1 in executor VM-110)----
METRICLOG/VM-110	Stage2-2-0	inputR: 0	inputP:0	output:0	inW:2026-07-15T17:55:35.290Z	ioutW:2026-07-15T17:55:35.290Z	ptime:0	dsertime:0	inbytes:0	sertime:0	outbytes:0	numKey:1456	owc:0
----- End of taks processed event ----

 INFO 07-15 17:58:47,602 CpuBottleneckDetectorImpl:63 [pool-8-thread-1] - Current cpu load: 0.0, # processed events: 0, consecutive: 0/2, threshold: 0.9 in VM-110
 INFO 07-15 17:58:48,602 SystemLoadProfiler:50 [pool-8-thread-1] - Average CPU Load: 0.0 in VM-110
 INFO 07-15 17:58:48,602 TaskEventRateCalculator:114 [pool-8-thread-1] - ---- Start of task processed event (# tasks: 1 in executor VM-110)----
METRICLOG/VM-110	Stage2-2-0	inputR: 0	inputP:0	output:0	inW:2026-07-15T17:55:35.290Z	ioutW:2026-07-15T17:55:35.290Z	ptime:0	dsertime:0	inbytes:0	sertime:0	outbytes:0	numKey:1456	owc:0
----- End of taks processed event ----

 INFO 07-15 17:58:48,602 CpuBottleneckDetectorImpl:63 [pool-8-thread-1] - Current cpu load: 0.0, # processed events: 0, consecutive: 0/2, threshold: 0.9 in VM-110
 INFO 07-15 17:58:49,602 SystemLoadProfiler:50 [pool-8-thread-1] - Average CPU Load: 0.0 in VM-110
 INFO 07-15 17:58:49,602 TaskEventRateCalculator:114 [pool-8-thread-1] - ---- Start of task processed event (# tasks: 1 in executor VM-110)----
METRICLOG/VM-110	Stage2-2-0	inputR: 0	inputP:0	output:0	inW:2026-07-15T17:55:35.290Z	ioutW:2026-07-15T17:55:35.290Z	ptime:0	dsertime:0	inbytes:0	sertime:0	outbytes:0	numKey:1456	owc:0
----- End of taks processed event ----

 INFO 07-15 17:58:49,602 CpuBottleneckDetectorImpl:63 [pool-8-thread-1] - Current cpu load: 0.0, # processed events: 0, consecutive: 0/2, threshold: 0.9 in VM-110
 INFO 07-15 17:58:50,602 SystemLoadProfiler:50 [pool-8-thread-1] - Average CPU Load: 0.0 in VM-110
 INFO 07-15 17:58:50,602 TaskEventRateCalculator:114 [pool-8-thread-1] - ---- Start of task processed event (# tasks: 1 in executor VM-110)----
METRICLOG/VM-110	Stage2-2-0	inputR: 0	inputP:0	output:0	inW:2026-07-15T17:55:35.290Z	ioutW:2026-07-15T17:55:35.290Z	ptime:0	dsertime:0	inbytes:0	sertime:0	outbytes:0	numKey:1456	owc:0
----- End of taks processed event ----

 INFO 07-15 17:58:50,602 CpuBottleneckDetectorImpl:63 [pool-8-thread-1] - Current cpu load: 0.0, # processed events: 0, consecutive: 0/2, threshold: 0.9 in VM-110
 INFO 07-15 17:58:51,602 SystemLoadProfiler:50 [pool-8-thread-1] - Average CPU Load: 0.0 in VM-110
 INFO 07-15 17:58:51,602 TaskEventRateCalculator:114 [pool-8-thread-1] - ---- Start of task processed event (# tasks: 1 in executor VM-110)----
METRICLOG/VM-110	Stage2-2-0	inputR: 0	inputP:0	output:0	inW:2026-07-15T17:55:35.290Z	ioutW:2026-07-15T17:55:35.290Z	ptime:0	dsertime:0	inbytes:0	sertime:0	outbytes:0	numKey:1456	owc:0
----- End of taks processed event ----

 INFO 07-15 17:58:51,602 CpuBottleneckDetectorImpl:63 [pool-8-thread-1] - Current cpu load: 0.0, # processed events: 0, consecutive: 0/2, threshold: 0.9 in VM-110
 INFO 07-15 17:58:52,602 SystemLoadProfiler:50 [pool-8-thread-1] - Average CPU Load: 0.0 in VM-110
 INFO 07-15 17:58:52,602 TaskEventRateCalculator:114 [pool-8-thread-1] - ---- Start of task processed event (# tasks: 1 in executor VM-110)----
METRICLOG/VM-110	Stage2-2-0	inputR: 0	inputP:0	output:0	inW:2026-07-15T17:55:35.290Z	ioutW:2026-07-15T17:55:35.290Z	ptime:0	dsertime:0	inbytes:0	sertime:0	outbytes:0	numKey:1456	owc:0
----- End of taks processed event ----

 INFO 07-15 17:58:52,602 CpuBottleneckDetectorImpl:63 [pool-8-thread-1] - Current cpu load: 0.0, # processed events: 0, consecutive: 0/2, threshold: 0.9 in VM-110
 INFO 07-15 17:58:53,602 SystemLoadProfiler:50 [pool-8-thread-1] - Average CPU Load: 0.0 in VM-110
 INFO 07-15 17:58:53,602 TaskEventRateCalculator:114 [pool-8-thread-1] - ---- Start of task processed event (# tasks: 1 in executor VM-110)----
METRICLOG/VM-110	Stage2-2-0	inputR: 0	inputP:0	output:0	inW:2026-07-15T17:55:35.290Z	ioutW:2026-07-15T17:55:35.290Z	ptime:0	dsertime:0	inbytes:0	sertime:0	outbytes:0	numKey:1456	owc:0
----- End of taks processed event ----

 INFO 07-15 17:58:53,602 CpuBottleneckDetectorImpl:63 [pool-8-thread-1] - Current cpu load: 0.0, # processed events: 0, consecutive: 0/2, threshold: 0.9 in VM-110
 INFO 07-15 17:58:54,602 SystemLoadProfiler:50 [pool-8-thread-1] - Average CPU Load: 0.0 in VM-110
 INFO 07-15 17:58:54,602 TaskEventRateCalculator:114 [pool-8-thread-1] - ---- Start of task processed event (# tasks: 1 in executor VM-110)----
METRICLOG/VM-110	Stage2-2-0	inputR: 0	inputP:0	output:0	inW:2026-07-15T17:55:35.290Z	ioutW:2026-07-15T17:55:35.290Z	ptime:0	dsertime:0	inbytes:0	sertime:0	outbytes:0	numKey:1456	owc:0
----- End of taks processed event ----

 INFO 07-15 17:58:54,602 CpuBottleneckDetectorImpl:63 [pool-8-thread-1] - Current cpu load: 0.0, # processed events: 0, consecutive: 0/2, threshold: 0.9 in VM-110
 INFO 07-15 17:58:55,602 SystemLoadProfiler:50 [pool-8-thread-1] - Average CPU Load: 0.0 in VM-110
 INFO 07-15 17:58:55,602 TaskEventRateCalculator:114 [pool-8-thread-1] - ---- Start of task processed event (# tasks: 1 in executor VM-110)----
METRICLOG/VM-110	Stage2-2-0	inputR: 0	inputP:0	output:0	inW:2026-07-15T17:55:35.290Z	ioutW:2026-07-15T17:55:35.290Z	ptime:0	dsertime:0	inbytes:0	sertime:0	outbytes:0	numKey:1456	owc:0
----- End of taks processed event ----

 INFO 07-15 17:58:55,602 CpuBottleneckDetectorImpl:63 [pool-8-thread-1] - Current cpu load: 0.0, # processed events: 0, consecutive: 0/2, threshold: 0.9 in VM-110
 INFO 07-15 17:58:56,602 SystemLoadProfiler:50 [pool-8-thread-1] - Average CPU Load: 0.0 in VM-110
 INFO 07-15 17:58:56,602 TaskEventRateCalculator:114 [pool-8-thread-1] - ---- Start of task processed event (# tasks: 1 in executor VM-110)----
METRICLOG/VM-110	Stage2-2-0	inputR: 0	inputP:0	output:0	inW:2026-07-15T17:55:35.290Z	ioutW:2026-07-15T17:55:35.290Z	ptime:0	dsertime:0	inbytes:0	sertime:0	outbytes:0	numKey:1456	owc:0
----- End of taks processed event ----

 INFO 07-15 17:58:56,602 CpuBottleneckDetectorImpl:63 [pool-8-thread-1] - Current cpu load: 0.0, # processed events: 0, consecutive: 0/2, threshold: 0.9 in VM-110
 INFO 07-15 17:58:57,602 SystemLoadProfiler:50 [pool-8-thread-1] - Average CPU Load: 0.0 in VM-110
 INFO 07-15 17:58:57,602 TaskEventRateCalculator:114 [pool-8-thread-1] - ---- Start of task processed event (# tasks: 1 in executor VM-110)----
METRICLOG/VM-110	Stage2-2-0	inputR: 0	inputP:0	output:0	inW:2026-07-15T17:55:35.290Z	ioutW:2026-07-15T17:55:35.290Z	ptime:0	dsertime:0	inbytes:0	sertime:0	outbytes:0	numKey:1456	owc:0
----- End of taks processed event ----

 INFO 07-15 17:58:57,602 CpuBottleneckDetectorImpl:63 [pool-8-thread-1] - Current cpu load: 0.0, # processed events: 0, consecutive: 0/2, threshold: 0.9 in VM-110
 INFO 07-15 17:58:58,602 SystemLoadProfiler:50 [pool-8-thread-1] - Average CPU Load: 0.0 in VM-110
 INFO 07-15 17:58:58,602 TaskEventRateCalculator:114 [pool-8-thread-1] - ---- Start of task processed event (# tasks: 1 in executor VM-110)----
METRICLOG/VM-110	Stage2-2-0	inputR: 0	inputP:0	output:0	inW:2026-07-15T17:55:35.290Z	ioutW:2026-07-15T17:55:35.290Z	ptime:0	dsertime:0	inbytes:0	sertime:0	outbytes:0	numKey:1456	owc:0
----- End of taks processed event ----

 INFO 07-15 17:58:58,602 CpuBottleneckDetectorImpl:63 [pool-8-thread-1] - Current cpu load: 0.0, # processed events: 0, consecutive: 0/2, threshold: 0.9 in VM-110
 INFO 07-15 17:58:59,601 SystemLoadProfiler:50 [pool-8-thread-1] - Average CPU Load: 0.0 in VM-110
 INFO 07-15 17:58:59,602 TaskEventRateCalculator:114 [pool-8-thread-1] - ---- Start of task processed event (# tasks: 1 in executor VM-110)----
METRICLOG/VM-110	Stage2-2-0	inputR: 0	inputP:0	output:0	inW:2026-07-15T17:55:35.290Z	ioutW:2026-07-15T17:55:35.290Z	ptime:0	dsertime:0	inbytes:0	sertime:0	outbytes:0	numKey:1456	owc:0
----- End of taks processed event ----

 INFO 07-15 17:58:59,602 CpuBottleneckDetectorImpl:63 [pool-8-thread-1] - Current cpu load: 0.0, # processed events: 0, consecutive: 0/2, threshold: 0.9 in VM-110
 INFO 07-15 17:59:00,602 SystemLoadProfiler:50 [pool-8-thread-1] - Average CPU Load: 0.0 in VM-110
 INFO 07-15 17:59:00,602 TaskEventRateCalculator:114 [pool-8-thread-1] - ---- Start of task processed event (# tasks: 1 in executor VM-110)----
METRICLOG/VM-110	Stage2-2-0	inputR: 0	inputP:0	output:0	inW:2026-07-15T17:55:35.290Z	ioutW:2026-07-15T17:55:35.290Z	ptime:0	dsertime:0	inbytes:0	sertime:0	outbytes:0	numKey:1456	owc:0
----- End of taks processed event ----

 INFO 07-15 17:59:00,602 CpuBottleneckDetectorImpl:63 [pool-8-thread-1] - Current cpu load: 0.0, # processed events: 0, consecutive: 0/2, threshold: 0.9 in VM-110
 INFO 07-15 17:59:01,602 SystemLoadProfiler:50 [pool-8-thread-1] - Average CPU Load: 0.0 in VM-110
 INFO 07-15 17:59:01,602 TaskEventRateCalculator:114 [pool-8-thread-1] - ---- Start of task processed event (# tasks: 1 in executor VM-110)----
METRICLOG/VM-110	Stage2-2-0	inputR: 0	inputP:0	output:0	inW:2026-07-15T17:55:35.290Z	ioutW:2026-07-15T17:55:35.290Z	ptime:0	dsertime:0	inbytes:0	sertime:0	outbytes:0	numKey:1456	owc:0
----- End of taks processed event ----

 INFO 07-15 17:59:01,602 CpuBottleneckDetectorImpl:63 [pool-8-thread-1] - Current cpu load: 0.0, # processed events: 0, consecutive: 0/2, threshold: 0.9 in VM-110
 INFO 07-15 17:59:02,605 SystemLoadProfiler:50 [pool-8-thread-1] - Average CPU Load: 0.0 in VM-110
 INFO 07-15 17:59:02,606 TaskEventRateCalculator:114 [pool-8-thread-1] - ---- Start of task processed event (# tasks: 1 in executor VM-110)----
METRICLOG/VM-110	Stage2-2-0	inputR: 0	inputP:0	output:0	inW:2026-07-15T17:55:35.290Z	ioutW:2026-07-15T17:55:35.290Z	ptime:0	dsertime:0	inbytes:0	sertime:0	outbytes:0	numKey:1456	owc:0
----- End of taks processed event ----

 INFO 07-15 17:59:02,606 CpuBottleneckDetectorImpl:63 [pool-8-thread-1] - Current cpu load: 0.0, # processed events: 0, consecutive: 0/2, threshold: 0.9 in VM-110
 INFO 07-15 17:59:03,602 SystemLoadProfiler:50 [pool-8-thread-1] - Average CPU Load: 0.0 in VM-110
 INFO 07-15 17:59:03,602 TaskEventRateCalculator:114 [pool-8-thread-1] - ---- Start of task processed event (# tasks: 1 in executor VM-110)----
METRICLOG/VM-110	Stage2-2-0	inputR: 0	inputP:0	output:0	inW:2026-07-15T17:55:35.290Z	ioutW:2026-07-15T17:55:35.290Z	ptime:0	dsertime:0	inbytes:0	sertime:0	outbytes:0	numKey:1456	owc:0
----- End of taks processed event ----

 INFO 07-15 17:59:03,602 CpuBottleneckDetectorImpl:63 [pool-8-thread-1] - Current cpu load: 0.0, # processed events: 0, consecutive: 0/2, threshold: 0.9 in VM-110
 INFO 07-15 17:59:04,602 SystemLoadProfiler:50 [pool-8-thread-1] - Average CPU Load: 0.0 in VM-110
 INFO 07-15 17:59:04,602 TaskEventRateCalculator:114 [pool-8-thread-1] - ---- Start of task processed event (# tasks: 1 in executor VM-110)----
METRICLOG/VM-110	Stage2-2-0	inputR: 0	inputP:0	output:0	inW:2026-07-15T17:55:35.290Z	ioutW:2026-07-15T17:55:35.290Z	ptime:0	dsertime:0	inbytes:0	sertime:0	outbytes:0	numKey:1456	owc:0
----- End of taks processed event ----

 INFO 07-15 17:59:04,602 CpuBottleneckDetectorImpl:63 [pool-8-thread-1] - Current cpu load: 0.0, # processed events: 0, consecutive: 0/2, threshold: 0.9 in VM-110
 INFO 07-15 17:59:05,602 SystemLoadProfiler:50 [pool-8-thread-1] - Average CPU Load: 0.0 in VM-110
 INFO 07-15 17:59:05,602 TaskEventRateCalculator:114 [pool-8-thread-1] - ---- Start of task processed event (# tasks: 1 in executor VM-110)----
METRICLOG/VM-110	Stage2-2-0	inputR: 0	inputP:0	output:0	inW:2026-07-15T17:55:35.290Z	ioutW:2026-07-15T17:55:35.290Z	ptime:0	dsertime:0	inbytes:0	sertime:0	outbytes:0	numKey:1456	owc:0
----- End of taks processed event ----

 INFO 07-15 17:59:05,602 CpuBottleneckDetectorImpl:63 [pool-8-thread-1] - Current cpu load: 0.0, # processed events: 0, consecutive: 0/2, threshold: 0.9 in VM-110
 INFO 07-15 17:59:06,602 SystemLoadProfiler:50 [pool-8-thread-1] - Average CPU Load: 0.0 in VM-110
 INFO 07-15 17:59:06,602 TaskEventRateCalculator:114 [pool-8-thread-1] - ---- Start of task processed event (# tasks: 1 in executor VM-110)----
METRICLOG/VM-110	Stage2-2-0	inputR: 0	inputP:0	output:0	inW:2026-07-15T17:55:35.290Z	ioutW:2026-07-15T17:55:35.290Z	ptime:0	dsertime:0	inbytes:0	sertime:0	outbytes:0	numKey:1456	owc:0
----- End of taks processed event ----

 INFO 07-15 17:59:06,602 CpuBottleneckDetectorImpl:63 [pool-8-thread-1] - Current cpu load: 0.0, # processed events: 0, consecutive: 0/2, threshold: 0.9 in VM-110
 INFO 07-15 17:59:07,602 SystemLoadProfiler:50 [pool-8-thread-1] - Average CPU Load: 0.0 in VM-110
 INFO 07-15 17:59:07,602 TaskEventRateCalculator:114 [pool-8-thread-1] - ---- Start of task processed event (# tasks: 1 in executor VM-110)----
METRICLOG/VM-110	Stage2-2-0	inputR: 0	inputP:0	output:0	inW:2026-07-15T17:55:35.290Z	ioutW:2026-07-15T17:55:35.290Z	ptime:0	dsertime:0	inbytes:0	sertime:0	outbytes:0	numKey:1456	owc:0
----- End of taks processed event ----

 INFO 07-15 17:59:07,602 CpuBottleneckDetectorImpl:63 [pool-8-thread-1] - Current cpu load: 0.0, # processed events: 0, consecutive: 0/2, threshold: 0.9 in VM-110
 INFO 07-15 17:59:08,602 SystemLoadProfiler:50 [pool-8-thread-1] - Average CPU Load: 0.0 in VM-110
 INFO 07-15 17:59:08,602 TaskEventRateCalculator:114 [pool-8-thread-1] - ---- Start of task processed event (# tasks: 1 in executor VM-110)----
METRICLOG/VM-110	Stage2-2-0	inputR: 0	inputP:0	output:0	inW:2026-07-15T17:55:35.290Z	ioutW:2026-07-15T17:55:35.290Z	ptime:0	dsertime:0	inbytes:0	sertime:0	outbytes:0	numKey:1456	owc:0
----- End of taks processed event ----

 INFO 07-15 17:59:08,602 CpuBottleneckDetectorImpl:63 [pool-8-thread-1] - Current cpu load: 0.0, # processed events: 0, consecutive: 0/2, threshold: 0.9 in VM-110
 INFO 07-15 17:59:09,602 SystemLoadProfiler:50 [pool-8-thread-1] - Average CPU Load: 0.0 in VM-110
 INFO 07-15 17:59:09,602 TaskEventRateCalculator:114 [pool-8-thread-1] - ---- Start of task processed event (# tasks: 1 in executor VM-110)----
METRICLOG/VM-110	Stage2-2-0	inputR: 0	inputP:0	output:0	inW:2026-07-15T17:55:35.290Z	ioutW:2026-07-15T17:55:35.290Z	ptime:0	dsertime:0	inbytes:0	sertime:0	outbytes:0	numKey:1456	owc:0
----- End of taks processed event ----

 INFO 07-15 17:59:09,602 CpuBottleneckDetectorImpl:63 [pool-8-thread-1] - Current cpu load: 0.0, # processed events: 0, consecutive: 0/2, threshold: 0.9 in VM-110
 INFO 07-15 17:59:10,602 SystemLoadProfiler:50 [pool-8-thread-1] - Average CPU Load: 0.0 in VM-110
 INFO 07-15 17:59:10,602 TaskEventRateCalculator:114 [pool-8-thread-1] - ---- Start of task processed event (# tasks: 1 in executor VM-110)----
METRICLOG/VM-110	Stage2-2-0	inputR: 0	inputP:0	output:0	inW:2026-07-15T17:55:35.290Z	ioutW:2026-07-15T17:55:35.290Z	ptime:0	dsertime:0	inbytes:0	sertime:0	outbytes:0	numKey:1456	owc:0
----- End of taks processed event ----

 INFO 07-15 17:59:10,602 CpuBottleneckDetectorImpl:63 [pool-8-thread-1] - Current cpu load: 0.0, # processed events: 0, consecutive: 0/2, threshold: 0.9 in VM-110
 INFO 07-15 17:59:11,602 SystemLoadProfiler:50 [pool-8-thread-1] - Average CPU Load: 0.0 in VM-110
 INFO 07-15 17:59:11,602 TaskEventRateCalculator:114 [pool-8-thread-1] - ---- Start of task processed event (# tasks: 1 in executor VM-110)----
METRICLOG/VM-110	Stage2-2-0	inputR: 0	inputP:0	output:0	inW:2026-07-15T17:55:35.290Z	ioutW:2026-07-15T17:55:35.290Z	ptime:0	dsertime:0	inbytes:0	sertime:0	outbytes:0	numKey:1456	owc:0
----- End of taks processed event ----

 INFO 07-15 17:59:11,602 CpuBottleneckDetectorImpl:63 [pool-8-thread-1] - Current cpu load: 0.0, # processed events: 0, consecutive: 0/2, threshold: 0.9 in VM-110
 INFO 07-15 17:59:12,602 SystemLoadProfiler:50 [pool-8-thread-1] - Average CPU Load: 0.0 in VM-110
 INFO 07-15 17:59:12,602 TaskEventRateCalculator:114 [pool-8-thread-1] - ---- Start of task processed event (# tasks: 1 in executor VM-110)----
METRICLOG/VM-110	Stage2-2-0	inputR: 0	inputP:0	output:0	inW:2026-07-15T17:55:35.290Z	ioutW:2026-07-15T17:55:35.290Z	ptime:0	dsertime:0	inbytes:0	sertime:0	outbytes:0	numKey:1456	owc:0
----- End of taks processed event ----

 INFO 07-15 17:59:12,602 CpuBottleneckDetectorImpl:63 [pool-8-thread-1] - Current cpu load: 0.0, # processed events: 0, consecutive: 0/2, threshold: 0.9 in VM-110
 INFO 07-15 17:59:13,602 SystemLoadProfiler:50 [pool-8-thread-1] - Average CPU Load: 0.0 in VM-110
 INFO 07-15 17:59:13,602 TaskEventRateCalculator:114 [pool-8-thread-1] - ---- Start of task processed event (# tasks: 1 in executor VM-110)----
METRICLOG/VM-110	Stage2-2-0	inputR: 0	inputP:0	output:0	inW:2026-07-15T17:55:35.290Z	ioutW:2026-07-15T17:55:35.290Z	ptime:0	dsertime:0	inbytes:0	sertime:0	outbytes:0	numKey:1456	owc:0
----- End of taks processed event ----

 INFO 07-15 17:59:13,602 CpuBottleneckDetectorImpl:63 [pool-8-thread-1] - Current cpu load: 0.0, # processed events: 0, consecutive: 0/2, threshold: 0.9 in VM-110
 INFO 07-15 17:59:14,602 SystemLoadProfiler:50 [pool-8-thread-1] - Average CPU Load: 0.0 in VM-110
 INFO 07-15 17:59:14,602 TaskEventRateCalculator:114 [pool-8-thread-1] - ---- Start of task processed event (# tasks: 1 in executor VM-110)----
METRICLOG/VM-110	Stage2-2-0	inputR: 0	inputP:0	output:0	inW:2026-07-15T17:55:35.290Z	ioutW:2026-07-15T17:55:35.290Z	ptime:0	dsertime:0	inbytes:0	sertime:0	outbytes:0	numKey:1456	owc:0
----- End of taks processed event ----

 INFO 07-15 17:59:14,602 CpuBottleneckDetectorImpl:63 [pool-8-thread-1] - Current cpu load: 0.0, # processed events: 0, consecutive: 0/2, threshold: 0.9 in VM-110
 INFO 07-15 17:59:15,602 SystemLoadProfiler:50 [pool-8-thread-1] - Average CPU Load: 0.0 in VM-110
 INFO 07-15 17:59:15,602 TaskEventRateCalculator:114 [pool-8-thread-1] - ---- Start of task processed event (# tasks: 1 in executor VM-110)----
METRICLOG/VM-110	Stage2-2-0	inputR: 0	inputP:0	output:0	inW:2026-07-15T17:55:35.290Z	ioutW:2026-07-15T17:55:35.290Z	ptime:0	dsertime:0	inbytes:0	sertime:0	outbytes:0	numKey:1456	owc:0
----- End of taks processed event ----

 INFO 07-15 17:59:15,602 CpuBottleneckDetectorImpl:63 [pool-8-thread-1] - Current cpu load: 0.0, # processed events: 0, consecutive: 0/2, threshold: 0.9 in VM-110
 INFO 07-15 17:59:16,602 SystemLoadProfiler:50 [pool-8-thread-1] - Average CPU Load: 0.0 in VM-110
 INFO 07-15 17:59:16,602 TaskEventRateCalculator:114 [pool-8-thread-1] - ---- Start of task processed event (# tasks: 1 in executor VM-110)----
METRICLOG/VM-110	Stage2-2-0	inputR: 0	inputP:0	output:0	inW:2026-07-15T17:55:35.290Z	ioutW:2026-07-15T17:55:35.290Z	ptime:0	dsertime:0	inbytes:0	sertime:0	outbytes:0	numKey:1456	owc:0
----- End of taks processed event ----

 INFO 07-15 17:59:16,602 CpuBottleneckDetectorImpl:63 [pool-8-thread-1] - Current cpu load: 0.0, # processed events: 0, consecutive: 0/2, threshold: 0.9 in VM-110
 INFO 07-15 17:59:17,602 SystemLoadProfiler:50 [pool-8-thread-1] - Average CPU Load: 0.0 in VM-110
 INFO 07-15 17:59:17,602 TaskEventRateCalculator:114 [pool-8-thread-1] - ---- Start of task processed event (# tasks: 1 in executor VM-110)----
METRICLOG/VM-110	Stage2-2-0	inputR: 0	inputP:0	output:0	inW:2026-07-15T17:55:35.290Z	ioutW:2026-07-15T17:55:35.290Z	ptime:0	dsertime:0	inbytes:0	sertime:0	outbytes:0	numKey:1456	owc:0
----- End of taks processed event ----

 INFO 07-15 17:59:17,602 CpuBottleneckDetectorImpl:63 [pool-8-thread-1] - Current cpu load: 0.0, # processed events: 0, consecutive: 0/2, threshold: 0.9 in VM-110
 INFO 07-15 17:59:18,602 SystemLoadProfiler:50 [pool-8-thread-1] - Average CPU Load: 0.0 in VM-110
 INFO 07-15 17:59:18,602 TaskEventRateCalculator:114 [pool-8-thread-1] - ---- Start of task processed event (# tasks: 1 in executor VM-110)----
METRICLOG/VM-110	Stage2-2-0	inputR: 0	inputP:0	output:0	inW:2026-07-15T17:55:35.290Z	ioutW:2026-07-15T17:55:35.290Z	ptime:0	dsertime:0	inbytes:0	sertime:0	outbytes:0	numKey:1456	owc:0
----- End of taks processed event ----

 INFO 07-15 17:59:18,602 CpuBottleneckDetectorImpl:63 [pool-8-thread-1] - Current cpu load: 0.0, # processed events: 0, consecutive: 0/2, threshold: 0.9 in VM-110
 INFO 07-15 17:59:19,602 SystemLoadProfiler:50 [pool-8-thread-1] - Average CPU Load: 0.0 in VM-110
 INFO 07-15 17:59:19,602 TaskEventRateCalculator:114 [pool-8-thread-1] - ---- Start of task processed event (# tasks: 1 in executor VM-110)----
METRICLOG/VM-110	Stage2-2-0	inputR: 0	inputP:0	output:0	inW:2026-07-15T17:55:35.290Z	ioutW:2026-07-15T17:55:35.290Z	ptime:0	dsertime:0	inbytes:0	sertime:0	outbytes:0	numKey:1456	owc:0
----- End of taks processed event ----

 INFO 07-15 17:59:19,602 CpuBottleneckDetectorImpl:63 [pool-8-thread-1] - Current cpu load: 0.0, # processed events: 0, consecutive: 0/2, threshold: 0.9 in VM-110
 INFO 07-15 17:59:20,602 SystemLoadProfiler:50 [pool-8-thread-1] - Average CPU Load: 0.0 in VM-110
 INFO 07-15 17:59:20,602 TaskEventRateCalculator:114 [pool-8-thread-1] - ---- Start of task processed event (# tasks: 1 in executor VM-110)----
METRICLOG/VM-110	Stage2-2-0	inputR: 0	inputP:0	output:0	inW:2026-07-15T17:55:35.290Z	ioutW:2026-07-15T17:55:35.290Z	ptime:0	dsertime:0	inbytes:0	sertime:0	outbytes:0	numKey:1456	owc:0
----- End of taks processed event ----

 INFO 07-15 17:59:20,602 CpuBottleneckDetectorImpl:63 [pool-8-thread-1] - Current cpu load: 0.0, # processed events: 0, consecutive: 0/2, threshold: 0.9 in VM-110
 INFO 07-15 17:59:21,602 SystemLoadProfiler:50 [pool-8-thread-1] - Average CPU Load: 0.0 in VM-110
 INFO 07-15 17:59:21,602 TaskEventRateCalculator:114 [pool-8-thread-1] - ---- Start of task processed event (# tasks: 1 in executor VM-110)----
METRICLOG/VM-110	Stage2-2-0	inputR: 0	inputP:0	output:0	inW:2026-07-15T17:55:35.290Z	ioutW:2026-07-15T17:55:35.290Z	ptime:0	dsertime:0	inbytes:0	sertime:0	outbytes:0	numKey:1456	owc:0
----- End of taks processed event ----

 INFO 07-15 17:59:21,602 CpuBottleneckDetectorImpl:63 [pool-8-thread-1] - Current cpu load: 0.0, # processed events: 0, consecutive: 0/2, threshold: 0.9 in VM-110
 INFO 07-15 17:59:22,602 SystemLoadProfiler:50 [pool-8-thread-1] - Average CPU Load: 0.0 in VM-110
 INFO 07-15 17:59:22,602 TaskEventRateCalculator:114 [pool-8-thread-1] - ---- Start of task processed event (# tasks: 1 in executor VM-110)----
METRICLOG/VM-110	Stage2-2-0	inputR: 0	inputP:0	output:0	inW:2026-07-15T17:55:35.290Z	ioutW:2026-07-15T17:55:35.290Z	ptime:0	dsertime:0	inbytes:0	sertime:0	outbytes:0	numKey:1456	owc:0
----- End of taks processed event ----

 INFO 07-15 17:59:22,602 CpuBottleneckDetectorImpl:63 [pool-8-thread-1] - Current cpu load: 0.0, # processed events: 0, consecutive: 0/2, threshold: 0.9 in VM-110
 INFO 07-15 17:59:23,602 SystemLoadProfiler:50 [pool-8-thread-1] - Average CPU Load: 0.0 in VM-110
 INFO 07-15 17:59:23,602 TaskEventRateCalculator:114 [pool-8-thread-1] - ---- Start of task processed event (# tasks: 1 in executor VM-110)----
METRICLOG/VM-110	Stage2-2-0	inputR: 0	inputP:0	output:0	inW:2026-07-15T17:55:35.290Z	ioutW:2026-07-15T17:55:35.290Z	ptime:0	dsertime:0	inbytes:0	sertime:0	outbytes:0	numKey:1456	owc:0
----- End of taks processed event ----

 INFO 07-15 17:59:23,602 CpuBottleneckDetectorImpl:63 [pool-8-thread-1] - Current cpu load: 0.0, # processed events: 0, consecutive: 0/2, threshold: 0.9 in VM-110
 INFO 07-15 17:59:24,602 SystemLoadProfiler:50 [pool-8-thread-1] - Average CPU Load: 0.0 in VM-110
 INFO 07-15 17:59:24,602 TaskEventRateCalculator:114 [pool-8-thread-1] - ---- Start of task processed event (# tasks: 1 in executor VM-110)----
METRICLOG/VM-110	Stage2-2-0	inputR: 0	inputP:0	output:0	inW:2026-07-15T17:55:35.290Z	ioutW:2026-07-15T17:55:35.290Z	ptime:0	dsertime:0	inbytes:0	sertime:0	outbytes:0	numKey:1456	owc:0
----- End of taks processed event ----

 INFO 07-15 17:59:24,602 CpuBottleneckDetectorImpl:63 [pool-8-thread-1] - Current cpu load: 0.0, # processed events: 0, consecutive: 0/2, threshold: 0.9 in VM-110
 INFO 07-15 17:59:25,602 SystemLoadProfiler:50 [pool-8-thread-1] - Average CPU Load: 0.0 in VM-110
 INFO 07-15 17:59:25,602 TaskEventRateCalculator:114 [pool-8-thread-1] - ---- Start of task processed event (# tasks: 1 in executor VM-110)----
METRICLOG/VM-110	Stage2-2-0	inputR: 0	inputP:0	output:0	inW:2026-07-15T17:55:35.290Z	ioutW:2026-07-15T17:55:35.290Z	ptime:0	dsertime:0	inbytes:0	sertime:0	outbytes:0	numKey:1456	owc:0
----- End of taks processed event ----

 INFO 07-15 17:59:25,602 CpuBottleneckDetectorImpl:63 [pool-8-thread-1] - Current cpu load: 0.0, # processed events: 0, consecutive: 0/2, threshold: 0.9 in VM-110
 INFO 07-15 17:59:26,602 SystemLoadProfiler:50 [pool-8-thread-1] - Average CPU Load: 0.0 in VM-110
 INFO 07-15 17:59:26,603 TaskEventRateCalculator:114 [pool-8-thread-1] - ---- Start of task processed event (# tasks: 1 in executor VM-110)----
METRICLOG/VM-110	Stage2-2-0	inputR: 0	inputP:0	output:0	inW:2026-07-15T17:55:35.290Z	ioutW:2026-07-15T17:55:35.290Z	ptime:0	dsertime:0	inbytes:0	sertime:0	outbytes:0	numKey:1456	owc:0
----- End of taks processed event ----

 INFO 07-15 17:59:26,603 CpuBottleneckDetectorImpl:63 [pool-8-thread-1] - Current cpu load: 0.0, # processed events: 0, consecutive: 0/2, threshold: 0.9 in VM-110
 INFO 07-15 17:59:27,602 SystemLoadProfiler:50 [pool-8-thread-1] - Average CPU Load: 0.0 in VM-110
 INFO 07-15 17:59:27,602 TaskEventRateCalculator:114 [pool-8-thread-1] - ---- Start of task processed event (# tasks: 1 in executor VM-110)----
METRICLOG/VM-110	Stage2-2-0	inputR: 0	inputP:0	output:0	inW:2026-07-15T17:55:35.290Z	ioutW:2026-07-15T17:55:35.290Z	ptime:0	dsertime:0	inbytes:0	sertime:0	outbytes:0	numKey:1456	owc:0
----- End of taks processed event ----

 INFO 07-15 17:59:27,602 CpuBottleneckDetectorImpl:63 [pool-8-thread-1] - Current cpu load: 0.0, # processed events: 0, consecutive: 0/2, threshold: 0.9 in VM-110
 INFO 07-15 17:59:28,602 SystemLoadProfiler:50 [pool-8-thread-1] - Average CPU Load: 0.0 in VM-110
 INFO 07-15 17:59:28,602 TaskEventRateCalculator:114 [pool-8-thread-1] - ---- Start of task processed event (# tasks: 1 in executor VM-110)----
METRICLOG/VM-110	Stage2-2-0	inputR: 0	inputP:0	output:0	inW:2026-07-15T17:55:35.290Z	ioutW:2026-07-15T17:55:35.290Z	ptime:0	dsertime:0	inbytes:0	sertime:0	outbytes:0	numKey:1456	owc:0
----- End of taks processed event ----

 INFO 07-15 17:59:28,602 CpuBottleneckDetectorImpl:63 [pool-8-thread-1] - Current cpu load: 0.0, # processed events: 0, consecutive: 0/2, threshold: 0.9 in VM-110
 INFO 07-15 17:59:29,602 SystemLoadProfiler:50 [pool-8-thread-1] - Average CPU Load: 0.0 in VM-110
 INFO 07-15 17:59:29,602 TaskEventRateCalculator:114 [pool-8-thread-1] - ---- Start of task processed event (# tasks: 1 in executor VM-110)----
METRICLOG/VM-110	Stage2-2-0	inputR: 0	inputP:0	output:0	inW:2026-07-15T17:55:35.290Z	ioutW:2026-07-15T17:55:35.290Z	ptime:0	dsertime:0	inbytes:0	sertime:0	outbytes:0	numKey:1456	owc:0
----- End of taks processed event ----

 INFO 07-15 17:59:29,602 CpuBottleneckDetectorImpl:63 [pool-8-thread-1] - Current cpu load: 0.0, # processed events: 0, consecutive: 0/2, threshold: 0.9 in VM-110
 INFO 07-15 17:59:30,602 SystemLoadProfiler:50 [pool-8-thread-1] - Average CPU Load: 0.0 in VM-110
 INFO 07-15 17:59:30,602 TaskEventRateCalculator:114 [pool-8-thread-1] - ---- Start of task processed event (# tasks: 1 in executor VM-110)----
METRICLOG/VM-110	Stage2-2-0	inputR: 0	inputP:0	output:0	inW:2026-07-15T17:55:35.290Z	ioutW:2026-07-15T17:55:35.290Z	ptime:0	dsertime:0	inbytes:0	sertime:0	outbytes:0	numKey:1456	owc:0
----- End of taks processed event ----

 INFO 07-15 17:59:30,602 CpuBottleneckDetectorImpl:63 [pool-8-thread-1] - Current cpu load: 0.0, # processed events: 0, consecutive: 0/2, threshold: 0.9 in VM-110
 INFO 07-15 17:59:31,602 SystemLoadProfiler:50 [pool-8-thread-1] - Average CPU Load: 0.0 in VM-110
 INFO 07-15 17:59:31,602 TaskEventRateCalculator:114 [pool-8-thread-1] - ---- Start of task processed event (# tasks: 1 in executor VM-110)----
METRICLOG/VM-110	Stage2-2-0	inputR: 0	inputP:0	output:0	inW:2026-07-15T17:55:35.290Z	ioutW:2026-07-15T17:55:35.290Z	ptime:0	dsertime:0	inbytes:0	sertime:0	outbytes:0	numKey:1456	owc:0
----- End of taks processed event ----

 INFO 07-15 17:59:31,602 CpuBottleneckDetectorImpl:63 [pool-8-thread-1] - Current cpu load: 0.0, # processed events: 0, consecutive: 0/2, threshold: 0.9 in VM-110
 INFO 07-15 17:59:32,602 SystemLoadProfiler:50 [pool-8-thread-1] - Average CPU Load: 0.0 in VM-110
 INFO 07-15 17:59:32,602 TaskEventRateCalculator:114 [pool-8-thread-1] - ---- Start of task processed event (# tasks: 1 in executor VM-110)----
METRICLOG/VM-110	Stage2-2-0	inputR: 0	inputP:0	output:0	inW:2026-07-15T17:55:35.290Z	ioutW:2026-07-15T17:55:35.290Z	ptime:0	dsertime:0	inbytes:0	sertime:0	outbytes:0	numKey:1456	owc:0
----- End of taks processed event ----

 INFO 07-15 17:59:32,602 CpuBottleneckDetectorImpl:63 [pool-8-thread-1] - Current cpu load: 0.0, # processed events: 0, consecutive: 0/2, threshold: 0.9 in VM-110
 INFO 07-15 17:59:33,602 SystemLoadProfiler:50 [pool-8-thread-1] - Average CPU Load: 0.0 in VM-110
 INFO 07-15 17:59:33,602 TaskEventRateCalculator:114 [pool-8-thread-1] - ---- Start of task processed event (# tasks: 1 in executor VM-110)----
METRICLOG/VM-110	Stage2-2-0	inputR: 0	inputP:0	output:0	inW:2026-07-15T17:55:35.290Z	ioutW:2026-07-15T17:55:35.290Z	ptime:0	dsertime:0	inbytes:0	sertime:0	outbytes:0	numKey:1456	owc:0
----- End of taks processed event ----

 INFO 07-15 17:59:33,602 CpuBottleneckDetectorImpl:63 [pool-8-thread-1] - Current cpu load: 0.0, # processed events: 0, consecutive: 0/2, threshold: 0.9 in VM-110
 INFO 07-15 17:59:34,602 SystemLoadProfiler:50 [pool-8-thread-1] - Average CPU Load: 0.0 in VM-110
 INFO 07-15 17:59:34,602 TaskEventRateCalculator:114 [pool-8-thread-1] - ---- Start of task processed event (# tasks: 1 in executor VM-110)----
METRICLOG/VM-110	Stage2-2-0	inputR: 0	inputP:0	output:0	inW:2026-07-15T17:55:35.290Z	ioutW:2026-07-15T17:55:35.290Z	ptime:0	dsertime:0	inbytes:0	sertime:0	outbytes:0	numKey:1456	owc:0
----- End of taks processed event ----

 INFO 07-15 17:59:34,602 CpuBottleneckDetectorImpl:63 [pool-8-thread-1] - Current cpu load: 0.0, # processed events: 0, consecutive: 0/2, threshold: 0.9 in VM-110
 INFO 07-15 17:59:35,602 SystemLoadProfiler:50 [pool-8-thread-1] - Average CPU Load: 0.0 in VM-110
 INFO 07-15 17:59:35,602 TaskEventRateCalculator:114 [pool-8-thread-1] - ---- Start of task processed event (# tasks: 1 in executor VM-110)----
METRICLOG/VM-110	Stage2-2-0	inputR: 0	inputP:0	output:0	inW:2026-07-15T17:55:35.290Z	ioutW:2026-07-15T17:55:35.290Z	ptime:0	dsertime:0	inbytes:0	sertime:0	outbytes:0	numKey:1456	owc:0
----- End of taks processed event ----

 INFO 07-15 17:59:35,602 CpuBottleneckDetectorImpl:63 [pool-8-thread-1] - Current cpu load: 0.0, # processed events: 0, consecutive: 0/2, threshold: 0.9 in VM-110
 INFO 07-15 17:59:36,602 SystemLoadProfiler:50 [pool-8-thread-1] - Average CPU Load: 0.0 in VM-110
 INFO 07-15 17:59:36,602 TaskEventRateCalculator:114 [pool-8-thread-1] - ---- Start of task processed event (# tasks: 1 in executor VM-110)----
METRICLOG/VM-110	Stage2-2-0	inputR: 0	inputP:0	output:0	inW:2026-07-15T17:55:35.290Z	ioutW:2026-07-15T17:55:35.290Z	ptime:0	dsertime:0	inbytes:0	sertime:0	outbytes:0	numKey:1456	owc:0
----- End of taks processed event ----

 INFO 07-15 17:59:36,602 CpuBottleneckDetectorImpl:63 [pool-8-thread-1] - Current cpu load: 0.0, # processed events: 0, consecutive: 0/2, threshold: 0.9 in VM-110
 INFO 07-15 17:59:37,602 SystemLoadProfiler:50 [pool-8-thread-1] - Average CPU Load: 0.0 in VM-110
 INFO 07-15 17:59:37,602 TaskEventRateCalculator:114 [pool-8-thread-1] - ---- Start of task processed event (# tasks: 1 in executor VM-110)----
METRICLOG/VM-110	Stage2-2-0	inputR: 0	inputP:0	output:0	inW:2026-07-15T17:55:35.290Z	ioutW:2026-07-15T17:55:35.290Z	ptime:0	dsertime:0	inbytes:0	sertime:0	outbytes:0	numKey:1456	owc:0
----- End of taks processed event ----

 INFO 07-15 17:59:37,602 CpuBottleneckDetectorImpl:63 [pool-8-thread-1] - Current cpu load: 0.0, # processed events: 0, consecutive: 0/2, threshold: 0.9 in VM-110
 INFO 07-15 17:59:38,602 SystemLoadProfiler:50 [pool-8-thread-1] - Average CPU Load: 0.0 in VM-110
 INFO 07-15 17:59:38,602 TaskEventRateCalculator:114 [pool-8-thread-1] - ---- Start of task processed event (# tasks: 1 in executor VM-110)----
METRICLOG/VM-110	Stage2-2-0	inputR: 0	inputP:0	output:0	inW:2026-07-15T17:55:35.290Z	ioutW:2026-07-15T17:55:35.290Z	ptime:0	dsertime:0	inbytes:0	sertime:0	outbytes:0	numKey:1456	owc:0
----- End of taks processed event ----

 INFO 07-15 17:59:38,602 CpuBottleneckDetectorImpl:63 [pool-8-thread-1] - Current cpu load: 0.0, # processed events: 0, consecutive: 0/2, threshold: 0.9 in VM-110
 INFO 07-15 17:59:39,602 SystemLoadProfiler:50 [pool-8-thread-1] - Average CPU Load: 0.0 in VM-110
 INFO 07-15 17:59:39,602 TaskEventRateCalculator:114 [pool-8-thread-1] - ---- Start of task processed event (# tasks: 1 in executor VM-110)----
METRICLOG/VM-110	Stage2-2-0	inputR: 0	inputP:0	output:0	inW:2026-07-15T17:55:35.290Z	ioutW:2026-07-15T17:55:35.290Z	ptime:0	dsertime:0	inbytes:0	sertime:0	outbytes:0	numKey:1456	owc:0
----- End of taks processed event ----

 INFO 07-15 17:59:39,602 CpuBottleneckDetectorImpl:63 [pool-8-thread-1] - Current cpu load: 0.0, # processed events: 0, consecutive: 0/2, threshold: 0.9 in VM-110
 INFO 07-15 17:59:40,602 SystemLoadProfiler:50 [pool-8-thread-1] - Average CPU Load: 0.0 in VM-110
 INFO 07-15 17:59:40,602 TaskEventRateCalculator:114 [pool-8-thread-1] - ---- Start of task processed event (# tasks: 1 in executor VM-110)----
METRICLOG/VM-110	Stage2-2-0	inputR: 0	inputP:0	output:0	inW:2026-07-15T17:55:35.290Z	ioutW:2026-07-15T17:55:35.290Z	ptime:0	dsertime:0	inbytes:0	sertime:0	outbytes:0	numKey:1456	owc:0
----- End of taks processed event ----

 INFO 07-15 17:59:40,602 CpuBottleneckDetectorImpl:63 [pool-8-thread-1] - Current cpu load: 0.0, # processed events: 0, consecutive: 0/2, threshold: 0.9 in VM-110
 INFO 07-15 17:59:41,602 SystemLoadProfiler:50 [pool-8-thread-1] - Average CPU Load: 0.0 in VM-110
 INFO 07-15 17:59:41,602 TaskEventRateCalculator:114 [pool-8-thread-1] - ---- Start of task processed event (# tasks: 1 in executor VM-110)----
METRICLOG/VM-110	Stage2-2-0	inputR: 0	inputP:0	output:0	inW:2026-07-15T17:55:35.290Z	ioutW:2026-07-15T17:55:35.290Z	ptime:0	dsertime:0	inbytes:0	sertime:0	outbytes:0	numKey:1456	owc:0
----- End of taks processed event ----

 INFO 07-15 17:59:41,602 CpuBottleneckDetectorImpl:63 [pool-8-thread-1] - Current cpu load: 0.0, # processed events: 0, consecutive: 0/2, threshold: 0.9 in VM-110
 INFO 07-15 17:59:42,601 SystemLoadProfiler:50 [pool-8-thread-1] - Average CPU Load: 0.0 in VM-110
 INFO 07-15 17:59:42,602 TaskEventRateCalculator:114 [pool-8-thread-1] - ---- Start of task processed event (# tasks: 1 in executor VM-110)----
METRICLOG/VM-110	Stage2-2-0	inputR: 0	inputP:0	output:0	inW:2026-07-15T17:55:35.290Z	ioutW:2026-07-15T17:55:35.290Z	ptime:0	dsertime:0	inbytes:0	sertime:0	outbytes:0	numKey:1456	owc:0
----- End of taks processed event ----

 INFO 07-15 17:59:42,602 CpuBottleneckDetectorImpl:63 [pool-8-thread-1] - Current cpu load: 0.0, # processed events: 0, consecutive: 0/2, threshold: 0.9 in VM-110
 INFO 07-15 17:59:43,602 SystemLoadProfiler:50 [pool-8-thread-1] - Average CPU Load: 0.0 in VM-110
 INFO 07-15 17:59:43,602 TaskEventRateCalculator:114 [pool-8-thread-1] - ---- Start of task processed event (# tasks: 1 in executor VM-110)----
METRICLOG/VM-110	Stage2-2-0	inputR: 0	inputP:0	output:0	inW:2026-07-15T17:55:35.290Z	ioutW:2026-07-15T17:55:35.290Z	ptime:0	dsertime:0	inbytes:0	sertime:0	outbytes:0	numKey:1456	owc:0
----- End of taks processed event ----

 INFO 07-15 17:59:43,602 CpuBottleneckDetectorImpl:63 [pool-8-thread-1] - Current cpu load: 0.0, # processed events: 0, consecutive: 0/2, threshold: 0.9 in VM-110
 INFO 07-15 17:59:44,602 SystemLoadProfiler:50 [pool-8-thread-1] - Average CPU Load: 0.0 in VM-110
 INFO 07-15 17:59:44,602 TaskEventRateCalculator:114 [pool-8-thread-1] - ---- Start of task processed event (# tasks: 1 in executor VM-110)----
METRICLOG/VM-110	Stage2-2-0	inputR: 0	inputP:0	output:0	inW:2026-07-15T17:55:35.290Z	ioutW:2026-07-15T17:55:35.290Z	ptime:0	dsertime:0	inbytes:0	sertime:0	outbytes:0	numKey:1456	owc:0
----- End of taks processed event ----

 INFO 07-15 17:59:44,602 CpuBottleneckDetectorImpl:63 [pool-8-thread-1] - Current cpu load: 0.0, # processed events: 0, consecutive: 0/2, threshold: 0.9 in VM-110
 INFO 07-15 17:59:45,602 SystemLoadProfiler:50 [pool-8-thread-1] - Average CPU Load: 0.0 in VM-110
 INFO 07-15 17:59:45,602 TaskEventRateCalculator:114 [pool-8-thread-1] - ---- Start of task processed event (# tasks: 1 in executor VM-110)----
METRICLOG/VM-110	Stage2-2-0	inputR: 0	inputP:0	output:0	inW:2026-07-15T17:55:35.290Z	ioutW:2026-07-15T17:55:35.290Z	ptime:0	dsertime:0	inbytes:0	sertime:0	outbytes:0	numKey:1456	owc:0
----- End of taks processed event ----

 INFO 07-15 17:59:45,603 CpuBottleneckDetectorImpl:63 [pool-8-thread-1] - Current cpu load: 0.0, # processed events: 0, consecutive: 0/2, threshold: 0.9 in VM-110
 INFO 07-15 17:59:46,601 SystemLoadProfiler:50 [pool-8-thread-1] - Average CPU Load: 0.0 in VM-110
 INFO 07-15 17:59:46,602 TaskEventRateCalculator:114 [pool-8-thread-1] - ---- Start of task processed event (# tasks: 1 in executor VM-110)----
METRICLOG/VM-110	Stage2-2-0	inputR: 0	inputP:0	output:0	inW:2026-07-15T17:55:35.290Z	ioutW:2026-07-15T17:55:35.290Z	ptime:0	dsertime:0	inbytes:0	sertime:0	outbytes:0	numKey:1456	owc:0
----- End of taks processed event ----

 INFO 07-15 17:59:46,602 CpuBottleneckDetectorImpl:63 [pool-8-thread-1] - Current cpu load: 0.0, # processed events: 0, consecutive: 0/2, threshold: 0.9 in VM-110
 INFO 07-15 17:59:47,601 SystemLoadProfiler:50 [pool-8-thread-1] - Average CPU Load: 0.0 in VM-110
 INFO 07-15 17:59:47,602 TaskEventRateCalculator:114 [pool-8-thread-1] - ---- Start of task processed event (# tasks: 1 in executor VM-110)----
METRICLOG/VM-110	Stage2-2-0	inputR: 0	inputP:0	output:0	inW:2026-07-15T17:55:35.290Z	ioutW:2026-07-15T17:55:35.290Z	ptime:0	dsertime:0	inbytes:0	sertime:0	outbytes:0	numKey:1456	owc:0
----- End of taks processed event ----

 INFO 07-15 17:59:47,602 CpuBottleneckDetectorImpl:63 [pool-8-thread-1] - Current cpu load: 0.0, # processed events: 0, consecutive: 0/2, threshold: 0.9 in VM-110
 INFO 07-15 17:59:48,601 SystemLoadProfiler:50 [pool-8-thread-1] - Average CPU Load: 0.0 in VM-110
 INFO 07-15 17:59:48,602 TaskEventRateCalculator:114 [pool-8-thread-1] - ---- Start of task processed event (# tasks: 1 in executor VM-110)----
METRICLOG/VM-110	Stage2-2-0	inputR: 0	inputP:0	output:0	inW:2026-07-15T17:55:35.290Z	ioutW:2026-07-15T17:55:35.290Z	ptime:0	dsertime:0	inbytes:0	sertime:0	outbytes:0	numKey:1456	owc:0
----- End of taks processed event ----

 INFO 07-15 17:59:48,602 CpuBottleneckDetectorImpl:63 [pool-8-thread-1] - Current cpu load: 0.0, # processed events: 0, consecutive: 0/2, threshold: 0.9 in VM-110
 INFO 07-15 17:59:49,601 SystemLoadProfiler:50 [pool-8-thread-1] - Average CPU Load: 0.0 in VM-110
 INFO 07-15 17:59:49,602 TaskEventRateCalculator:114 [pool-8-thread-1] - ---- Start of task processed event (# tasks: 1 in executor VM-110)----
METRICLOG/VM-110	Stage2-2-0	inputR: 0	inputP:0	output:0	inW:2026-07-15T17:55:35.290Z	ioutW:2026-07-15T17:55:35.290Z	ptime:0	dsertime:0	inbytes:0	sertime:0	outbytes:0	numKey:1456	owc:0
----- End of taks processed event ----

 INFO 07-15 17:59:49,602 CpuBottleneckDetectorImpl:63 [pool-8-thread-1] - Current cpu load: 0.0, # processed events: 0, consecutive: 0/2, threshold: 0.9 in VM-110
 INFO 07-15 17:59:50,601 SystemLoadProfiler:50 [pool-8-thread-1] - Average CPU Load: 0.0 in VM-110
 INFO 07-15 17:59:50,602 TaskEventRateCalculator:114 [pool-8-thread-1] - ---- Start of task processed event (# tasks: 1 in executor VM-110)----
METRICLOG/VM-110	Stage2-2-0	inputR: 0	inputP:0	output:0	inW:2026-07-15T17:55:35.290Z	ioutW:2026-07-15T17:55:35.290Z	ptime:0	dsertime:0	inbytes:0	sertime:0	outbytes:0	numKey:1456	owc:0
----- End of taks processed event ----

 INFO 07-15 17:59:50,602 CpuBottleneckDetectorImpl:63 [pool-8-thread-1] - Current cpu load: 0.0, # processed events: 0, consecutive: 0/2, threshold: 0.9 in VM-110
 INFO 07-15 17:59:51,601 SystemLoadProfiler:50 [pool-8-thread-1] - Average CPU Load: 0.0 in VM-110
 INFO 07-15 17:59:51,602 TaskEventRateCalculator:114 [pool-8-thread-1] - ---- Start of task processed event (# tasks: 1 in executor VM-110)----
METRICLOG/VM-110	Stage2-2-0	inputR: 0	inputP:0	output:0	inW:2026-07-15T17:55:35.290Z	ioutW:2026-07-15T17:55:35.290Z	ptime:0	dsertime:0	inbytes:0	sertime:0	outbytes:0	numKey:1456	owc:0
----- End of taks processed event ----

 INFO 07-15 17:59:51,602 CpuBottleneckDetectorImpl:63 [pool-8-thread-1] - Current cpu load: 0.0, # processed events: 0, consecutive: 0/2, threshold: 0.9 in VM-110
 INFO 07-15 17:59:52,601 SystemLoadProfiler:50 [pool-8-thread-1] - Average CPU Load: 0.0 in VM-110
 INFO 07-15 17:59:52,602 TaskEventRateCalculator:114 [pool-8-thread-1] - ---- Start of task processed event (# tasks: 1 in executor VM-110)----
METRICLOG/VM-110	Stage2-2-0	inputR: 0	inputP:0	output:0	inW:2026-07-15T17:55:35.290Z	ioutW:2026-07-15T17:55:35.290Z	ptime:0	dsertime:0	inbytes:0	sertime:0	outbytes:0	numKey:1456	owc:0
----- End of taks processed event ----

 INFO 07-15 17:59:52,602 CpuBottleneckDetectorImpl:63 [pool-8-thread-1] - Current cpu load: 0.0, # processed events: 0, consecutive: 0/2, threshold: 0.9 in VM-110
 INFO 07-15 17:59:53,601 SystemLoadProfiler:50 [pool-8-thread-1] - Average CPU Load: 0.0 in VM-110
 INFO 07-15 17:59:53,602 TaskEventRateCalculator:114 [pool-8-thread-1] - ---- Start of task processed event (# tasks: 1 in executor VM-110)----
METRICLOG/VM-110	Stage2-2-0	inputR: 0	inputP:0	output:0	inW:2026-07-15T17:55:35.290Z	ioutW:2026-07-15T17:55:35.290Z	ptime:0	dsertime:0	inbytes:0	sertime:0	outbytes:0	numKey:1456	owc:0
----- End of taks processed event ----

 INFO 07-15 17:59:53,602 CpuBottleneckDetectorImpl:63 [pool-8-thread-1] - Current cpu load: 0.0, # processed events: 0, consecutive: 0/2, threshold: 0.9 in VM-110
 INFO 07-15 17:59:54,601 SystemLoadProfiler:50 [pool-8-thread-1] - Average CPU Load: 0.0 in VM-110
 INFO 07-15 17:59:54,602 TaskEventRateCalculator:114 [pool-8-thread-1] - ---- Start of task processed event (# tasks: 1 in executor VM-110)----
METRICLOG/VM-110	Stage2-2-0	inputR: 0	inputP:0	output:0	inW:2026-07-15T17:55:35.290Z	ioutW:2026-07-15T17:55:35.290Z	ptime:0	dsertime:0	inbytes:0	sertime:0	outbytes:0	numKey:1456	owc:0
----- End of taks processed event ----

 INFO 07-15 17:59:54,602 CpuBottleneckDetectorImpl:63 [pool-8-thread-1] - Current cpu load: 0.0, # processed events: 0, consecutive: 0/2, threshold: 0.9 in VM-110
 INFO 07-15 17:59:55,601 SystemLoadProfiler:50 [pool-8-thread-1] - Average CPU Load: 0.0 in VM-110
 INFO 07-15 17:59:55,602 TaskEventRateCalculator:114 [pool-8-thread-1] - ---- Start of task processed event (# tasks: 1 in executor VM-110)----
METRICLOG/VM-110	Stage2-2-0	inputR: 0	inputP:0	output:0	inW:2026-07-15T17:55:35.290Z	ioutW:2026-07-15T17:55:35.290Z	ptime:0	dsertime:0	inbytes:0	sertime:0	outbytes:0	numKey:1456	owc:0
----- End of taks processed event ----

 INFO 07-15 17:59:55,602 CpuBottleneckDetectorImpl:63 [pool-8-thread-1] - Current cpu load: 0.0, # processed events: 0, consecutive: 0/2, threshold: 0.9 in VM-110
 INFO 07-15 17:59:56,601 SystemLoadProfiler:50 [pool-8-thread-1] - Average CPU Load: 0.0 in VM-110
 INFO 07-15 17:59:56,602 TaskEventRateCalculator:114 [pool-8-thread-1] - ---- Start of task processed event (# tasks: 1 in executor VM-110)----
METRICLOG/VM-110	Stage2-2-0	inputR: 0	inputP:0	output:0	inW:2026-07-15T17:55:35.290Z	ioutW:2026-07-15T17:55:35.290Z	ptime:0	dsertime:0	inbytes:0	sertime:0	outbytes:0	numKey:1456	owc:0
----- End of taks processed event ----

 INFO 07-15 17:59:56,602 CpuBottleneckDetectorImpl:63 [pool-8-thread-1] - Current cpu load: 0.0, # processed events: 0, consecutive: 0/2, threshold: 0.9 in VM-110
 INFO 07-15 17:59:57,605 SystemLoadProfiler:50 [pool-8-thread-1] - Average CPU Load: 0.0 in VM-110
 INFO 07-15 17:59:57,606 TaskEventRateCalculator:114 [pool-8-thread-1] - ---- Start of task processed event (# tasks: 1 in executor VM-110)----
METRICLOG/VM-110	Stage2-2-0	inputR: 0	inputP:0	output:0	inW:2026-07-15T17:55:35.290Z	ioutW:2026-07-15T17:55:35.290Z	ptime:0	dsertime:0	inbytes:0	sertime:0	outbytes:0	numKey:1456	owc:0
----- End of taks processed event ----

 INFO 07-15 17:59:57,606 CpuBottleneckDetectorImpl:63 [pool-8-thread-1] - Current cpu load: 0.0, # processed events: 0, consecutive: 0/2, threshold: 0.9 in VM-110
 INFO 07-15 17:59:58,601 SystemLoadProfiler:50 [pool-8-thread-1] - Average CPU Load: 0.0 in VM-110
 INFO 07-15 17:59:58,602 TaskEventRateCalculator:114 [pool-8-thread-1] - ---- Start of task processed event (# tasks: 1 in executor VM-110)----
METRICLOG/VM-110	Stage2-2-0	inputR: 0	inputP:0	output:0	inW:2026-07-15T17:55:35.290Z	ioutW:2026-07-15T17:55:35.290Z	ptime:0	dsertime:0	inbytes:0	sertime:0	outbytes:0	numKey:1456	owc:0
----- End of taks processed event ----

 INFO 07-15 17:59:58,602 CpuBottleneckDetectorImpl:63 [pool-8-thread-1] - Current cpu load: 0.0, # processed events: 0, consecutive: 0/2, threshold: 0.9 in VM-110
 INFO 07-15 17:59:59,601 SystemLoadProfiler:50 [pool-8-thread-1] - Average CPU Load: 0.0 in VM-110
 INFO 07-15 17:59:59,602 TaskEventRateCalculator:114 [pool-8-thread-1] - ---- Start of task processed event (# tasks: 1 in executor VM-110)----
METRICLOG/VM-110	Stage2-2-0	inputR: 0	inputP:0	output:0	inW:2026-07-15T17:55:35.290Z	ioutW:2026-07-15T17:55:35.290Z	ptime:0	dsertime:0	inbytes:0	sertime:0	outbytes:0	numKey:1456	owc:0
----- End of taks processed event ----

 INFO 07-15 17:59:59,602 CpuBottleneckDetectorImpl:63 [pool-8-thread-1] - Current cpu load: 0.0, # processed events: 0, consecutive: 0/2, threshold: 0.9 in VM-110
 INFO 07-15 18:00:00,601 SystemLoadProfiler:50 [pool-8-thread-1] - Average CPU Load: 0.0 in VM-110
 INFO 07-15 18:00:00,602 TaskEventRateCalculator:114 [pool-8-thread-1] - ---- Start of task processed event (# tasks: 1 in executor VM-110)----
METRICLOG/VM-110	Stage2-2-0	inputR: 0	inputP:0	output:0	inW:2026-07-15T17:55:35.290Z	ioutW:2026-07-15T17:55:35.290Z	ptime:0	dsertime:0	inbytes:0	sertime:0	outbytes:0	numKey:1456	owc:0
----- End of taks processed event ----

 INFO 07-15 18:00:00,602 CpuBottleneckDetectorImpl:63 [pool-8-thread-1] - Current cpu load: 0.0, # processed events: 0, consecutive: 0/2, threshold: 0.9 in VM-110
 INFO 07-15 18:00:01,601 SystemLoadProfiler:50 [pool-8-thread-1] - Average CPU Load: 0.0 in VM-110
 INFO 07-15 18:00:01,602 TaskEventRateCalculator:114 [pool-8-thread-1] - ---- Start of task processed event (# tasks: 1 in executor VM-110)----
METRICLOG/VM-110	Stage2-2-0	inputR: 0	inputP:0	output:0	inW:2026-07-15T17:55:35.290Z	ioutW:2026-07-15T17:55:35.290Z	ptime:0	dsertime:0	inbytes:0	sertime:0	outbytes:0	numKey:1456	owc:0
----- End of taks processed event ----

 INFO 07-15 18:00:01,602 CpuBottleneckDetectorImpl:63 [pool-8-thread-1] - Current cpu load: 0.0, # processed events: 0, consecutive: 0/2, threshold: 0.9 in VM-110
 INFO 07-15 18:00:02,601 SystemLoadProfiler:50 [pool-8-thread-1] - Average CPU Load: 0.0 in VM-110
 INFO 07-15 18:00:02,602 TaskEventRateCalculator:114 [pool-8-thread-1] - ---- Start of task processed event (# tasks: 1 in executor VM-110)----
METRICLOG/VM-110	Stage2-2-0	inputR: 0	inputP:0	output:0	inW:2026-07-15T17:55:35.290Z	ioutW:2026-07-15T17:55:35.290Z	ptime:0	dsertime:0	inbytes:0	sertime:0	outbytes:0	numKey:1456	owc:0
----- End of taks processed event ----

 INFO 07-15 18:00:02,602 CpuBottleneckDetectorImpl:63 [pool-8-thread-1] - Current cpu load: 0.0, # processed events: 0, consecutive: 0/2, threshold: 0.9 in VM-110
 INFO 07-15 18:00:03,601 SystemLoadProfiler:50 [pool-8-thread-1] - Average CPU Load: 0.0 in VM-110
 INFO 07-15 18:00:03,602 TaskEventRateCalculator:114 [pool-8-thread-1] - ---- Start of task processed event (# tasks: 1 in executor VM-110)----
METRICLOG/VM-110	Stage2-2-0	inputR: 0	inputP:0	output:0	inW:2026-07-15T17:55:35.290Z	ioutW:2026-07-15T17:55:35.290Z	ptime:0	dsertime:0	inbytes:0	sertime:0	outbytes:0	numKey:1456	owc:0
----- End of taks processed event ----

 INFO 07-15 18:00:03,602 CpuBottleneckDetectorImpl:63 [pool-8-thread-1] - Current cpu load: 0.0, # processed events: 0, consecutive: 0/2, threshold: 0.9 in VM-110
 INFO 07-15 18:00:04,601 SystemLoadProfiler:50 [pool-8-thread-1] - Average CPU Load: 0.0 in VM-110
 INFO 07-15 18:00:04,602 TaskEventRateCalculator:114 [pool-8-thread-1] - ---- Start of task processed event (# tasks: 1 in executor VM-110)----
METRICLOG/VM-110	Stage2-2-0	inputR: 0	inputP:0	output:0	inW:2026-07-15T17:55:35.290Z	ioutW:2026-07-15T17:55:35.290Z	ptime:0	dsertime:0	inbytes:0	sertime:0	outbytes:0	numKey:1456	owc:0
----- End of taks processed event ----

 INFO 07-15 18:00:04,602 CpuBottleneckDetectorImpl:63 [pool-8-thread-1] - Current cpu load: 0.0, # processed events: 0, consecutive: 0/2, threshold: 0.9 in VM-110
 INFO 07-15 18:00:05,601 SystemLoadProfiler:50 [pool-8-thread-1] - Average CPU Load: 0.0 in VM-110
 INFO 07-15 18:00:05,602 TaskEventRateCalculator:114 [pool-8-thread-1] - ---- Start of task processed event (# tasks: 1 in executor VM-110)----
METRICLOG/VM-110	Stage2-2-0	inputR: 0	inputP:0	output:0	inW:2026-07-15T17:55:35.290Z	ioutW:2026-07-15T17:55:35.290Z	ptime:0	dsertime:0	inbytes:0	sertime:0	outbytes:0	numKey:1456	owc:0
----- End of taks processed event ----

 INFO 07-15 18:00:05,602 CpuBottleneckDetectorImpl:63 [pool-8-thread-1] - Current cpu load: 0.0, # processed events: 0, consecutive: 0/2, threshold: 0.9 in VM-110
 INFO 07-15 18:00:06,601 SystemLoadProfiler:50 [pool-8-thread-1] - Average CPU Load: 0.0 in VM-110
 INFO 07-15 18:00:06,602 TaskEventRateCalculator:114 [pool-8-thread-1] - ---- Start of task processed event (# tasks: 1 in executor VM-110)----
METRICLOG/VM-110	Stage2-2-0	inputR: 0	inputP:0	output:0	inW:2026-07-15T17:55:35.290Z	ioutW:2026-07-15T17:55:35.290Z	ptime:0	dsertime:0	inbytes:0	sertime:0	outbytes:0	numKey:1456	owc:0
----- End of taks processed event ----

 INFO 07-15 18:00:06,602 CpuBottleneckDetectorImpl:63 [pool-8-thread-1] - Current cpu load: 0.0, # processed events: 0, consecutive: 0/2, threshold: 0.9 in VM-110
 INFO 07-15 18:00:07,601 SystemLoadProfiler:50 [pool-8-thread-1] - Average CPU Load: 0.0 in VM-110
 INFO 07-15 18:00:07,602 TaskEventRateCalculator:114 [pool-8-thread-1] - ---- Start of task processed event (# tasks: 1 in executor VM-110)----
METRICLOG/VM-110	Stage2-2-0	inputR: 0	inputP:0	output:0	inW:2026-07-15T17:55:35.290Z	ioutW:2026-07-15T17:55:35.290Z	ptime:0	dsertime:0	inbytes:0	sertime:0	outbytes:0	numKey:1456	owc:0
----- End of taks processed event ----

 INFO 07-15 18:00:07,602 CpuBottleneckDetectorImpl:63 [pool-8-thread-1] - Current cpu load: 0.0, # processed events: 0, consecutive: 0/2, threshold: 0.9 in VM-110
 INFO 07-15 18:00:08,601 SystemLoadProfiler:50 [pool-8-thread-1] - Average CPU Load: 0.0 in VM-110
 INFO 07-15 18:00:08,602 TaskEventRateCalculator:114 [pool-8-thread-1] - ---- Start of task processed event (# tasks: 1 in executor VM-110)----
METRICLOG/VM-110	Stage2-2-0	inputR: 0	inputP:0	output:0	inW:2026-07-15T17:55:35.290Z	ioutW:2026-07-15T17:55:35.290Z	ptime:0	dsertime:0	inbytes:0	sertime:0	outbytes:0	numKey:1456	owc:0
----- End of taks processed event ----

 INFO 07-15 18:00:08,602 CpuBottleneckDetectorImpl:63 [pool-8-thread-1] - Current cpu load: 0.0, # processed events: 0, consecutive: 0/2, threshold: 0.9 in VM-110
 INFO 07-15 18:00:09,605 SystemLoadProfiler:50 [pool-8-thread-1] - Average CPU Load: 0.0 in VM-110
 INFO 07-15 18:00:09,606 TaskEventRateCalculator:114 [pool-8-thread-1] - ---- Start of task processed event (# tasks: 1 in executor VM-110)----
METRICLOG/VM-110	Stage2-2-0	inputR: 0	inputP:0	output:0	inW:2026-07-15T17:55:35.290Z	ioutW:2026-07-15T17:55:35.290Z	ptime:0	dsertime:0	inbytes:0	sertime:0	outbytes:0	numKey:1456	owc:0
----- End of taks processed event ----

 INFO 07-15 18:00:09,606 CpuBottleneckDetectorImpl:63 [pool-8-thread-1] - Current cpu load: 0.0, # processed events: 0, consecutive: 0/2, threshold: 0.9 in VM-110
 INFO 07-15 18:00:10,601 SystemLoadProfiler:50 [pool-8-thread-1] - Average CPU Load: 0.0 in VM-110
 INFO 07-15 18:00:10,602 TaskEventRateCalculator:114 [pool-8-thread-1] - ---- Start of task processed event (# tasks: 1 in executor VM-110)----
METRICLOG/VM-110	Stage2-2-0	inputR: 0	inputP:0	output:0	inW:2026-07-15T17:55:35.290Z	ioutW:2026-07-15T17:55:35.290Z	ptime:0	dsertime:0	inbytes:0	sertime:0	outbytes:0	numKey:1456	owc:0
----- End of taks processed event ----

 INFO 07-15 18:00:10,602 CpuBottleneckDetectorImpl:63 [pool-8-thread-1] - Current cpu load: 0.0, # processed events: 0, consecutive: 0/2, threshold: 0.9 in VM-110
 INFO 07-15 18:00:11,601 SystemLoadProfiler:50 [pool-8-thread-1] - Average CPU Load: 0.0 in VM-110
 INFO 07-15 18:00:11,602 TaskEventRateCalculator:114 [pool-8-thread-1] - ---- Start of task processed event (# tasks: 1 in executor VM-110)----
METRICLOG/VM-110	Stage2-2-0	inputR: 0	inputP:0	output:0	inW:2026-07-15T17:55:35.290Z	ioutW:2026-07-15T17:55:35.290Z	ptime:0	dsertime:0	inbytes:0	sertime:0	outbytes:0	numKey:1456	owc:0
----- End of taks processed event ----

 INFO 07-15 18:00:11,602 CpuBottleneckDetectorImpl:63 [pool-8-thread-1] - Current cpu load: 0.0, # processed events: 0, consecutive: 0/2, threshold: 0.9 in VM-110
 INFO 07-15 18:00:12,601 SystemLoadProfiler:50 [pool-8-thread-1] - Average CPU Load: 0.0 in VM-110
 INFO 07-15 18:00:12,602 TaskEventRateCalculator:114 [pool-8-thread-1] - ---- Start of task processed event (# tasks: 1 in executor VM-110)----
METRICLOG/VM-110	Stage2-2-0	inputR: 0	inputP:0	output:0	inW:2026-07-15T17:55:35.290Z	ioutW:2026-07-15T17:55:35.290Z	ptime:0	dsertime:0	inbytes:0	sertime:0	outbytes:0	numKey:1456	owc:0
----- End of taks processed event ----

 INFO 07-15 18:00:12,602 CpuBottleneckDetectorImpl:63 [pool-8-thread-1] - Current cpu load: 0.0, # processed events: 0, consecutive: 0/2, threshold: 0.9 in VM-110
 INFO 07-15 18:00:13,601 SystemLoadProfiler:50 [pool-8-thread-1] - Average CPU Load: 0.0 in VM-110
 INFO 07-15 18:00:13,602 TaskEventRateCalculator:114 [pool-8-thread-1] - ---- Start of task processed event (# tasks: 1 in executor VM-110)----
METRICLOG/VM-110	Stage2-2-0	inputR: 0	inputP:0	output:0	inW:2026-07-15T17:55:35.290Z	ioutW:2026-07-15T17:55:35.290Z	ptime:0	dsertime:0	inbytes:0	sertime:0	outbytes:0	numKey:1456	owc:0
----- End of taks processed event ----

 INFO 07-15 18:00:13,602 CpuBottleneckDetectorImpl:63 [pool-8-thread-1] - Current cpu load: 0.0, # processed events: 0, consecutive: 0/2, threshold: 0.9 in VM-110
 INFO 07-15 18:00:14,601 SystemLoadProfiler:50 [pool-8-thread-1] - Average CPU Load: 0.0 in VM-110
 INFO 07-15 18:00:14,602 TaskEventRateCalculator:114 [pool-8-thread-1] - ---- Start of task processed event (# tasks: 1 in executor VM-110)----
METRICLOG/VM-110	Stage2-2-0	inputR: 0	inputP:0	output:0	inW:2026-07-15T17:55:35.290Z	ioutW:2026-07-15T17:55:35.290Z	ptime:0	dsertime:0	inbytes:0	sertime:0	outbytes:0	numKey:1456	owc:0
----- End of taks processed event ----

 INFO 07-15 18:00:14,602 CpuBottleneckDetectorImpl:63 [pool-8-thread-1] - Current cpu load: 0.0, # processed events: 0, consecutive: 0/2, threshold: 0.9 in VM-110
 INFO 07-15 18:00:15,601 SystemLoadProfiler:50 [pool-8-thread-1] - Average CPU Load: 0.0 in VM-110
 INFO 07-15 18:00:15,602 TaskEventRateCalculator:114 [pool-8-thread-1] - ---- Start of task processed event (# tasks: 1 in executor VM-110)----
METRICLOG/VM-110	Stage2-2-0	inputR: 0	inputP:0	output:0	inW:2026-07-15T17:55:35.290Z	ioutW:2026-07-15T17:55:35.290Z	ptime:0	dsertime:0	inbytes:0	sertime:0	outbytes:0	numKey:1456	owc:0
----- End of taks processed event ----

 INFO 07-15 18:00:15,602 CpuBottleneckDetectorImpl:63 [pool-8-thread-1] - Current cpu load: 0.0, # processed events: 0, consecutive: 0/2, threshold: 0.9 in VM-110
 INFO 07-15 18:00:16,601 SystemLoadProfiler:50 [pool-8-thread-1] - Average CPU Load: 0.0 in VM-110
 INFO 07-15 18:00:16,602 TaskEventRateCalculator:114 [pool-8-thread-1] - ---- Start of task processed event (# tasks: 1 in executor VM-110)----
METRICLOG/VM-110	Stage2-2-0	inputR: 0	inputP:0	output:0	inW:2026-07-15T17:55:35.290Z	ioutW:2026-07-15T17:55:35.290Z	ptime:0	dsertime:0	inbytes:0	sertime:0	outbytes:0	numKey:1456	owc:0
----- End of taks processed event ----

 INFO 07-15 18:00:16,602 CpuBottleneckDetectorImpl:63 [pool-8-thread-1] - Current cpu load: 0.0, # processed events: 0, consecutive: 0/2, threshold: 0.9 in VM-110
 INFO 07-15 18:00:17,601 SystemLoadProfiler:50 [pool-8-thread-1] - Average CPU Load: 0.0 in VM-110
 INFO 07-15 18:00:17,602 TaskEventRateCalculator:114 [pool-8-thread-1] - ---- Start of task processed event (# tasks: 1 in executor VM-110)----
METRICLOG/VM-110	Stage2-2-0	inputR: 0	inputP:0	output:0	inW:2026-07-15T17:55:35.290Z	ioutW:2026-07-15T17:55:35.290Z	ptime:0	dsertime:0	inbytes:0	sertime:0	outbytes:0	numKey:1456	owc:0
----- End of taks processed event ----

 INFO 07-15 18:00:17,602 CpuBottleneckDetectorImpl:63 [pool-8-thread-1] - Current cpu load: 0.0, # processed events: 0, consecutive: 0/2, threshold: 0.9 in VM-110
 INFO 07-15 18:00:18,601 SystemLoadProfiler:50 [pool-8-thread-1] - Average CPU Load: 0.0 in VM-110
 INFO 07-15 18:00:18,602 TaskEventRateCalculator:114 [pool-8-thread-1] - ---- Start of task processed event (# tasks: 1 in executor VM-110)----
METRICLOG/VM-110	Stage2-2-0	inputR: 0	inputP:0	output:0	inW:2026-07-15T17:55:35.290Z	ioutW:2026-07-15T17:55:35.290Z	ptime:0	dsertime:0	inbytes:0	sertime:0	outbytes:0	numKey:1456	owc:0
----- End of taks processed event ----

 INFO 07-15 18:00:18,602 CpuBottleneckDetectorImpl:63 [pool-8-thread-1] - Current cpu load: 0.0, # processed events: 0, consecutive: 0/2, threshold: 0.9 in VM-110
 INFO 07-15 18:00:19,601 SystemLoadProfiler:50 [pool-8-thread-1] - Average CPU Load: 0.0 in VM-110
 INFO 07-15 18:00:19,602 TaskEventRateCalculator:114 [pool-8-thread-1] - ---- Start of task processed event (# tasks: 1 in executor VM-110)----
METRICLOG/VM-110	Stage2-2-0	inputR: 0	inputP:0	output:0	inW:2026-07-15T17:55:35.290Z	ioutW:2026-07-15T17:55:35.290Z	ptime:0	dsertime:0	inbytes:0	sertime:0	outbytes:0	numKey:1456	owc:0
----- End of taks processed event ----

 INFO 07-15 18:00:19,602 CpuBottleneckDetectorImpl:63 [pool-8-thread-1] - Current cpu load: 0.0, # processed events: 0, consecutive: 0/2, threshold: 0.9 in VM-110
 INFO 07-15 18:00:20,601 SystemLoadProfiler:50 [pool-8-thread-1] - Average CPU Load: 0.0 in VM-110
 INFO 07-15 18:00:20,602 TaskEventRateCalculator:114 [pool-8-thread-1] - ---- Start of task processed event (# tasks: 1 in executor VM-110)----
METRICLOG/VM-110	Stage2-2-0	inputR: 0	inputP:0	output:0	inW:2026-07-15T17:55:35.290Z	ioutW:2026-07-15T17:55:35.290Z	ptime:0	dsertime:0	inbytes:0	sertime:0	outbytes:0	numKey:1456	owc:0
----- End of taks processed event ----

 INFO 07-15 18:00:20,602 CpuBottleneckDetectorImpl:63 [pool-8-thread-1] - Current cpu load: 0.0, # processed events: 0, consecutive: 0/2, threshold: 0.9 in VM-110
 INFO 07-15 18:00:21,601 SystemLoadProfiler:50 [pool-8-thread-1] - Average CPU Load: 0.0 in VM-110
 INFO 07-15 18:00:21,602 TaskEventRateCalculator:114 [pool-8-thread-1] - ---- Start of task processed event (# tasks: 1 in executor VM-110)----
METRICLOG/VM-110	Stage2-2-0	inputR: 0	inputP:0	output:0	inW:2026-07-15T17:55:35.290Z	ioutW:2026-07-15T17:55:35.290Z	ptime:0	dsertime:0	inbytes:0	sertime:0	outbytes:0	numKey:1456	owc:0
----- End of taks processed event ----

 INFO 07-15 18:00:21,602 CpuBottleneckDetectorImpl:63 [pool-8-thread-1] - Current cpu load: 0.0, # processed events: 0, consecutive: 0/2, threshold: 0.9 in VM-110
 INFO 07-15 18:00:22,601 SystemLoadProfiler:50 [pool-8-thread-1] - Average CPU Load: 0.0 in VM-110
 INFO 07-15 18:00:22,602 TaskEventRateCalculator:114 [pool-8-thread-1] - ---- Start of task processed event (# tasks: 1 in executor VM-110)----
METRICLOG/VM-110	Stage2-2-0	inputR: 0	inputP:0	output:0	inW:2026-07-15T17:55:35.290Z	ioutW:2026-07-15T17:55:35.290Z	ptime:0	dsertime:0	inbytes:0	sertime:0	outbytes:0	numKey:1456	owc:0
----- End of taks processed event ----

 INFO 07-15 18:00:22,602 CpuBottleneckDetectorImpl:63 [pool-8-thread-1] - Current cpu load: 0.0, # processed events: 0, consecutive: 0/2, threshold: 0.9 in VM-110
 INFO 07-15 18:00:23,601 SystemLoadProfiler:50 [pool-8-thread-1] - Average CPU Load: 0.0 in VM-110
 INFO 07-15 18:00:23,602 TaskEventRateCalculator:114 [pool-8-thread-1] - ---- Start of task processed event (# tasks: 1 in executor VM-110)----
METRICLOG/VM-110	Stage2-2-0	inputR: 0	inputP:0	output:0	inW:2026-07-15T17:55:35.290Z	ioutW:2026-07-15T17:55:35.290Z	ptime:0	dsertime:0	inbytes:0	sertime:0	outbytes:0	numKey:1456	owc:0
----- End of taks processed event ----

 INFO 07-15 18:00:23,602 CpuBottleneckDetectorImpl:63 [pool-8-thread-1] - Current cpu load: 0.0, # processed events: 0, consecutive: 0/2, threshold: 0.9 in VM-110
 INFO 07-15 18:00:24,602 SystemLoadProfiler:50 [pool-8-thread-1] - Average CPU Load: 0.0 in VM-110
 INFO 07-15 18:00:24,602 TaskEventRateCalculator:114 [pool-8-thread-1] - ---- Start of task processed event (# tasks: 1 in executor VM-110)----
METRICLOG/VM-110	Stage2-2-0	inputR: 0	inputP:0	output:0	inW:2026-07-15T17:55:35.290Z	ioutW:2026-07-15T17:55:35.290Z	ptime:0	dsertime:0	inbytes:0	sertime:0	outbytes:0	numKey:1456	owc:0
----- End of taks processed event ----

 INFO 07-15 18:00:24,602 CpuBottleneckDetectorImpl:63 [pool-8-thread-1] - Current cpu load: 0.0, # processed events: 0, consecutive: 0/2, threshold: 0.9 in VM-110
 INFO 07-15 18:00:25,601 SystemLoadProfiler:50 [pool-8-thread-1] - Average CPU Load: 0.0 in VM-110
 INFO 07-15 18:00:25,602 TaskEventRateCalculator:114 [pool-8-thread-1] - ---- Start of task processed event (# tasks: 1 in executor VM-110)----
METRICLOG/VM-110	Stage2-2-0	inputR: 0	inputP:0	output:0	inW:2026-07-15T17:55:35.290Z	ioutW:2026-07-15T17:55:35.290Z	ptime:0	dsertime:0	inbytes:0	sertime:0	outbytes:0	numKey:1456	owc:0
----- End of taks processed event ----

 INFO 07-15 18:00:25,602 CpuBottleneckDetectorImpl:63 [pool-8-thread-1] - Current cpu load: 0.0, # processed events: 0, consecutive: 0/2, threshold: 0.9 in VM-110
 INFO 07-15 18:00:26,602 SystemLoadProfiler:50 [pool-8-thread-1] - Average CPU Load: 0.0 in VM-110
 INFO 07-15 18:00:26,602 TaskEventRateCalculator:114 [pool-8-thread-1] - ---- Start of task processed event (# tasks: 1 in executor VM-110)----
METRICLOG/VM-110	Stage2-2-0	inputR: 0	inputP:0	output:0	inW:2026-07-15T17:55:35.290Z	ioutW:2026-07-15T17:55:35.290Z	ptime:0	dsertime:0	inbytes:0	sertime:0	outbytes:0	numKey:1456	owc:0
----- End of taks processed event ----

 INFO 07-15 18:00:26,602 CpuBottleneckDetectorImpl:63 [pool-8-thread-1] - Current cpu load: 0.0, # processed events: 0, consecutive: 0/2, threshold: 0.9 in VM-110
 INFO 07-15 18:00:27,602 SystemLoadProfiler:50 [pool-8-thread-1] - Average CPU Load: 0.0 in VM-110
 INFO 07-15 18:00:27,602 TaskEventRateCalculator:114 [pool-8-thread-1] - ---- Start of task processed event (# tasks: 1 in executor VM-110)----
METRICLOG/VM-110	Stage2-2-0	inputR: 0	inputP:0	output:0	inW:2026-07-15T17:55:35.290Z	ioutW:2026-07-15T17:55:35.290Z	ptime:0	dsertime:0	inbytes:0	sertime:0	outbytes:0	numKey:1456	owc:0
----- End of taks processed event ----

 INFO 07-15 18:00:27,602 CpuBottleneckDetectorImpl:63 [pool-8-thread-1] - Current cpu load: 0.0, # processed events: 0, consecutive: 0/2, threshold: 0.9 in VM-110
 INFO 07-15 18:00:28,601 SystemLoadProfiler:50 [pool-8-thread-1] - Average CPU Load: 0.0 in VM-110
 INFO 07-15 18:00:28,602 TaskEventRateCalculator:114 [pool-8-thread-1] - ---- Start of task processed event (# tasks: 1 in executor VM-110)----
METRICLOG/VM-110	Stage2-2-0	inputR: 0	inputP:0	output:0	inW:2026-07-15T17:55:35.290Z	ioutW:2026-07-15T17:55:35.290Z	ptime:0	dsertime:0	inbytes:0	sertime:0	outbytes:0	numKey:1456	owc:0
----- End of taks processed event ----

 INFO 07-15 18:00:28,602 CpuBottleneckDetectorImpl:63 [pool-8-thread-1] - Current cpu load: 0.0, # processed events: 0, consecutive: 0/2, threshold: 0.9 in VM-110
 INFO 07-15 18:00:29,601 SystemLoadProfiler:50 [pool-8-thread-1] - Average CPU Load: 0.0 in VM-110
 INFO 07-15 18:00:29,602 TaskEventRateCalculator:114 [pool-8-thread-1] - ---- Start of task processed event (# tasks: 1 in executor VM-110)----
METRICLOG/VM-110	Stage2-2-0	inputR: 0	inputP:0	output:0	inW:2026-07-15T17:55:35.290Z	ioutW:2026-07-15T17:55:35.290Z	ptime:0	dsertime:0	inbytes:0	sertime:0	outbytes:0	numKey:1456	owc:0
----- End of taks processed event ----

 INFO 07-15 18:00:29,602 CpuBottleneckDetectorImpl:63 [pool-8-thread-1] - Current cpu load: 0.0, # processed events: 0, consecutive: 0/2, threshold: 0.9 in VM-110
 INFO 07-15 18:00:30,601 SystemLoadProfiler:50 [pool-8-thread-1] - Average CPU Load: 0.0 in VM-110
 INFO 07-15 18:00:30,602 TaskEventRateCalculator:114 [pool-8-thread-1] - ---- Start of task processed event (# tasks: 1 in executor VM-110)----
METRICLOG/VM-110	Stage2-2-0	inputR: 0	inputP:0	output:0	inW:2026-07-15T17:55:35.290Z	ioutW:2026-07-15T17:55:35.290Z	ptime:0	dsertime:0	inbytes:0	sertime:0	outbytes:0	numKey:1456	owc:0
----- End of taks processed event ----

 INFO 07-15 18:00:30,602 CpuBottleneckDetectorImpl:63 [pool-8-thread-1] - Current cpu load: 0.0, # processed events: 0, consecutive: 0/2, threshold: 0.9 in VM-110
 INFO 07-15 18:00:31,601 SystemLoadProfiler:50 [pool-8-thread-1] - Average CPU Load: 0.0 in VM-110
 INFO 07-15 18:00:31,602 TaskEventRateCalculator:114 [pool-8-thread-1] - ---- Start of task processed event (# tasks: 1 in executor VM-110)----
METRICLOG/VM-110	Stage2-2-0	inputR: 0	inputP:0	output:0	inW:2026-07-15T17:55:35.290Z	ioutW:2026-07-15T17:55:35.290Z	ptime:0	dsertime:0	inbytes:0	sertime:0	outbytes:0	numKey:1456	owc:0
----- End of taks processed event ----

 INFO 07-15 18:00:31,602 CpuBottleneckDetectorImpl:63 [pool-8-thread-1] - Current cpu load: 0.0, # processed events: 0, consecutive: 0/2, threshold: 0.9 in VM-110
 INFO 07-15 18:00:32,601 SystemLoadProfiler:50 [pool-8-thread-1] - Average CPU Load: 0.0 in VM-110
 INFO 07-15 18:00:32,602 TaskEventRateCalculator:114 [pool-8-thread-1] - ---- Start of task processed event (# tasks: 1 in executor VM-110)----
METRICLOG/VM-110	Stage2-2-0	inputR: 0	inputP:0	output:0	inW:2026-07-15T17:55:35.290Z	ioutW:2026-07-15T17:55:35.290Z	ptime:0	dsertime:0	inbytes:0	sertime:0	outbytes:0	numKey:1456	owc:0
----- End of taks processed event ----

 INFO 07-15 18:00:32,602 CpuBottleneckDetectorImpl:63 [pool-8-thread-1] - Current cpu load: 0.0, # processed events: 0, consecutive: 0/2, threshold: 0.9 in VM-110
 INFO 07-15 18:00:33,601 SystemLoadProfiler:50 [pool-8-thread-1] - Average CPU Load: 0.0 in VM-110
 INFO 07-15 18:00:33,602 TaskEventRateCalculator:114 [pool-8-thread-1] - ---- Start of task processed event (# tasks: 1 in executor VM-110)----
METRICLOG/VM-110	Stage2-2-0	inputR: 0	inputP:0	output:0	inW:2026-07-15T17:55:35.290Z	ioutW:2026-07-15T17:55:35.290Z	ptime:0	dsertime:0	inbytes:0	sertime:0	outbytes:0	numKey:1456	owc:0
----- End of taks processed event ----

 INFO 07-15 18:00:33,602 CpuBottleneckDetectorImpl:63 [pool-8-thread-1] - Current cpu load: 0.0, # processed events: 0, consecutive: 0/2, threshold: 0.9 in VM-110
 INFO 07-15 18:00:34,601 SystemLoadProfiler:50 [pool-8-thread-1] - Average CPU Load: 0.0 in VM-110
 INFO 07-15 18:00:34,602 TaskEventRateCalculator:114 [pool-8-thread-1] - ---- Start of task processed event (# tasks: 1 in executor VM-110)----
METRICLOG/VM-110	Stage2-2-0	inputR: 0	inputP:0	output:0	inW:2026-07-15T17:55:35.290Z	ioutW:2026-07-15T17:55:35.290Z	ptime:0	dsertime:0	inbytes:0	sertime:0	outbytes:0	numKey:1456	owc:0
----- End of taks processed event ----

 INFO 07-15 18:00:34,602 CpuBottleneckDetectorImpl:63 [pool-8-thread-1] - Current cpu load: 0.0, # processed events: 0, consecutive: 0/2, threshold: 0.9 in VM-110
 INFO 07-15 18:00:35,602 SystemLoadProfiler:50 [pool-8-thread-1] - Average CPU Load: 0.0 in VM-110
 INFO 07-15 18:00:35,602 TaskEventRateCalculator:114 [pool-8-thread-1] - ---- Start of task processed event (# tasks: 1 in executor VM-110)----
METRICLOG/VM-110	Stage2-2-0	inputR: 0	inputP:0	output:0	inW:2026-07-15T17:55:35.290Z	ioutW:2026-07-15T17:55:35.290Z	ptime:0	dsertime:0	inbytes:0	sertime:0	outbytes:0	numKey:1456	owc:0
----- End of taks processed event ----

 INFO 07-15 18:00:35,602 CpuBottleneckDetectorImpl:63 [pool-8-thread-1] - Current cpu load: 0.0, # processed events: 0, consecutive: 0/2, threshold: 0.9 in VM-110
 INFO 07-15 18:00:36,601 SystemLoadProfiler:50 [pool-8-thread-1] - Average CPU Load: 0.0 in VM-110
 INFO 07-15 18:00:36,602 TaskEventRateCalculator:114 [pool-8-thread-1] - ---- Start of task processed event (# tasks: 1 in executor VM-110)----
METRICLOG/VM-110	Stage2-2-0	inputR: 0	inputP:0	output:0	inW:2026-07-15T17:55:35.290Z	ioutW:2026-07-15T17:55:35.290Z	ptime:0	dsertime:0	inbytes:0	sertime:0	outbytes:0	numKey:1456	owc:0
----- End of taks processed event ----

 INFO 07-15 18:00:36,602 CpuBottleneckDetectorImpl:63 [pool-8-thread-1] - Current cpu load: 0.0, # processed events: 0, consecutive: 0/2, threshold: 0.9 in VM-110
 INFO 07-15 18:00:37,601 SystemLoadProfiler:50 [pool-8-thread-1] - Average CPU Load: 0.0 in VM-110
 INFO 07-15 18:00:37,602 TaskEventRateCalculator:114 [pool-8-thread-1] - ---- Start of task processed event (# tasks: 1 in executor VM-110)----
METRICLOG/VM-110	Stage2-2-0	inputR: 0	inputP:0	output:0	inW:2026-07-15T17:55:35.290Z	ioutW:2026-07-15T17:55:35.290Z	ptime:0	dsertime:0	inbytes:0	sertime:0	outbytes:0	numKey:1456	owc:0
----- End of taks processed event ----

 INFO 07-15 18:00:37,602 CpuBottleneckDetectorImpl:63 [pool-8-thread-1] - Current cpu load: 0.0, # processed events: 0, consecutive: 0/2, threshold: 0.9 in VM-110
 INFO 07-15 18:00:38,601 SystemLoadProfiler:50 [pool-8-thread-1] - Average CPU Load: 0.0 in VM-110
 INFO 07-15 18:00:38,602 TaskEventRateCalculator:114 [pool-8-thread-1] - ---- Start of task processed event (# tasks: 1 in executor VM-110)----
METRICLOG/VM-110	Stage2-2-0	inputR: 0	inputP:0	output:0	inW:2026-07-15T17:55:35.290Z	ioutW:2026-07-15T17:55:35.290Z	ptime:0	dsertime:0	inbytes:0	sertime:0	outbytes:0	numKey:1456	owc:0
----- End of taks processed event ----

 INFO 07-15 18:00:38,602 CpuBottleneckDetectorImpl:63 [pool-8-thread-1] - Current cpu load: 0.0, # processed events: 0, consecutive: 0/2, threshold: 0.9 in VM-110
 INFO 07-15 18:00:39,601 SystemLoadProfiler:50 [pool-8-thread-1] - Average CPU Load: 0.0 in VM-110
 INFO 07-15 18:00:39,602 TaskEventRateCalculator:114 [pool-8-thread-1] - ---- Start of task processed event (# tasks: 1 in executor VM-110)----
METRICLOG/VM-110	Stage2-2-0	inputR: 0	inputP:0	output:0	inW:2026-07-15T17:55:35.290Z	ioutW:2026-07-15T17:55:35.290Z	ptime:0	dsertime:0	inbytes:0	sertime:0	outbytes:0	numKey:1456	owc:0
----- End of taks processed event ----

 INFO 07-15 18:00:39,602 CpuBottleneckDetectorImpl:63 [pool-8-thread-1] - Current cpu load: 0.0, # processed events: 0, consecutive: 0/2, threshold: 0.9 in VM-110
 INFO 07-15 18:00:40,601 SystemLoadProfiler:50 [pool-8-thread-1] - Average CPU Load: 0.0 in VM-110
 INFO 07-15 18:00:40,602 TaskEventRateCalculator:114 [pool-8-thread-1] - ---- Start of task processed event (# tasks: 1 in executor VM-110)----
METRICLOG/VM-110	Stage2-2-0	inputR: 0	inputP:0	output:0	inW:2026-07-15T17:55:35.290Z	ioutW:2026-07-15T17:55:35.290Z	ptime:0	dsertime:0	inbytes:0	sertime:0	outbytes:0	numKey:1456	owc:0
----- End of taks processed event ----

 INFO 07-15 18:00:40,602 CpuBottleneckDetectorImpl:63 [pool-8-thread-1] - Current cpu load: 0.0, # processed events: 0, consecutive: 0/2, threshold: 0.9 in VM-110
 INFO 07-15 18:00:41,602 SystemLoadProfiler:50 [pool-8-thread-1] - Average CPU Load: 0.0 in VM-110
 INFO 07-15 18:00:41,602 TaskEventRateCalculator:114 [pool-8-thread-1] - ---- Start of task processed event (# tasks: 1 in executor VM-110)----
METRICLOG/VM-110	Stage2-2-0	inputR: 0	inputP:0	output:0	inW:2026-07-15T17:55:35.290Z	ioutW:2026-07-15T17:55:35.290Z	ptime:0	dsertime:0	inbytes:0	sertime:0	outbytes:0	numKey:1456	owc:0
----- End of taks processed event ----

 INFO 07-15 18:00:41,602 CpuBottleneckDetectorImpl:63 [pool-8-thread-1] - Current cpu load: 0.0, # processed events: 0, consecutive: 0/2, threshold: 0.9 in VM-110
 INFO 07-15 18:00:42,601 SystemLoadProfiler:50 [pool-8-thread-1] - Average CPU Load: 0.0 in VM-110
 INFO 07-15 18:00:42,602 TaskEventRateCalculator:114 [pool-8-thread-1] - ---- Start of task processed event (# tasks: 1 in executor VM-110)----
METRICLOG/VM-110	Stage2-2-0	inputR: 0	inputP:0	output:0	inW:2026-07-15T17:55:35.290Z	ioutW:2026-07-15T17:55:35.290Z	ptime:0	dsertime:0	inbytes:0	sertime:0	outbytes:0	numKey:1456	owc:0
----- End of taks processed event ----

 INFO 07-15 18:00:42,602 CpuBottleneckDetectorImpl:63 [pool-8-thread-1] - Current cpu load: 0.0, # processed events: 0, consecutive: 0/2, threshold: 0.9 in VM-110
 INFO 07-15 18:00:43,601 SystemLoadProfiler:50 [pool-8-thread-1] - Average CPU Load: 0.0 in VM-110
 INFO 07-15 18:00:43,602 TaskEventRateCalculator:114 [pool-8-thread-1] - ---- Start of task processed event (# tasks: 1 in executor VM-110)----
METRICLOG/VM-110	Stage2-2-0	inputR: 0	inputP:0	output:0	inW:2026-07-15T17:55:35.290Z	ioutW:2026-07-15T17:55:35.290Z	ptime:0	dsertime:0	inbytes:0	sertime:0	outbytes:0	numKey:1456	owc:0
----- End of taks processed event ----

 INFO 07-15 18:00:43,602 CpuBottleneckDetectorImpl:63 [pool-8-thread-1] - Current cpu load: 0.0, # processed events: 0, consecutive: 0/2, threshold: 0.9 in VM-110
 INFO 07-15 18:00:44,601 SystemLoadProfiler:50 [pool-8-thread-1] - Average CPU Load: 0.0 in VM-110
 INFO 07-15 18:00:44,602 TaskEventRateCalculator:114 [pool-8-thread-1] - ---- Start of task processed event (# tasks: 1 in executor VM-110)----
METRICLOG/VM-110	Stage2-2-0	inputR: 0	inputP:0	output:0	inW:2026-07-15T17:55:35.290Z	ioutW:2026-07-15T17:55:35.290Z	ptime:0	dsertime:0	inbytes:0	sertime:0	outbytes:0	numKey:1456	owc:0
----- End of taks processed event ----

 INFO 07-15 18:00:44,602 CpuBottleneckDetectorImpl:63 [pool-8-thread-1] - Current cpu load: 0.0, # processed events: 0, consecutive: 0/2, threshold: 0.9 in VM-110
 INFO 07-15 18:00:45,601 SystemLoadProfiler:50 [pool-8-thread-1] - Average CPU Load: 0.0 in VM-110
 INFO 07-15 18:00:45,602 TaskEventRateCalculator:114 [pool-8-thread-1] - ---- Start of task processed event (# tasks: 1 in executor VM-110)----
METRICLOG/VM-110	Stage2-2-0	inputR: 0	inputP:0	output:0	inW:2026-07-15T17:55:35.290Z	ioutW:2026-07-15T17:55:35.290Z	ptime:0	dsertime:0	inbytes:0	sertime:0	outbytes:0	numKey:1456	owc:0
----- End of taks processed event ----

 INFO 07-15 18:00:45,602 CpuBottleneckDetectorImpl:63 [pool-8-thread-1] - Current cpu load: 0.0, # processed events: 0, consecutive: 0/2, threshold: 0.9 in VM-110
 INFO 07-15 18:00:46,602 SystemLoadProfiler:50 [pool-8-thread-1] - Average CPU Load: 0.0 in VM-110
 INFO 07-15 18:00:46,602 TaskEventRateCalculator:114 [pool-8-thread-1] - ---- Start of task processed event (# tasks: 1 in executor VM-110)----
METRICLOG/VM-110	Stage2-2-0	inputR: 0	inputP:0	output:0	inW:2026-07-15T17:55:35.290Z	ioutW:2026-07-15T17:55:35.290Z	ptime:0	dsertime:0	inbytes:0	sertime:0	outbytes:0	numKey:1456	owc:0
----- End of taks processed event ----

 INFO 07-15 18:00:46,602 CpuBottleneckDetectorImpl:63 [pool-8-thread-1] - Current cpu load: 0.0, # processed events: 0, consecutive: 0/2, threshold: 0.9 in VM-110
 INFO 07-15 18:00:47,601 SystemLoadProfiler:50 [pool-8-thread-1] - Average CPU Load: 0.0 in VM-110
 INFO 07-15 18:00:47,602 TaskEventRateCalculator:114 [pool-8-thread-1] - ---- Start of task processed event (# tasks: 1 in executor VM-110)----
METRICLOG/VM-110	Stage2-2-0	inputR: 0	inputP:0	output:0	inW:2026-07-15T17:55:35.290Z	ioutW:2026-07-15T17:55:35.290Z	ptime:0	dsertime:0	inbytes:0	sertime:0	outbytes:0	numKey:1456	owc:0
----- End of taks processed event ----

 INFO 07-15 18:00:47,602 CpuBottleneckDetectorImpl:63 [pool-8-thread-1] - Current cpu load: 0.0, # processed events: 0, consecutive: 0/2, threshold: 0.9 in VM-110
 INFO 07-15 18:00:48,601 SystemLoadProfiler:50 [pool-8-thread-1] - Average CPU Load: 0.0 in VM-110
 INFO 07-15 18:00:48,602 TaskEventRateCalculator:114 [pool-8-thread-1] - ---- Start of task processed event (# tasks: 1 in executor VM-110)----
METRICLOG/VM-110	Stage2-2-0	inputR: 0	inputP:0	output:0	inW:2026-07-15T17:55:35.290Z	ioutW:2026-07-15T17:55:35.290Z	ptime:0	dsertime:0	inbytes:0	sertime:0	outbytes:0	numKey:1456	owc:0
----- End of taks processed event ----

 INFO 07-15 18:00:48,602 CpuBottleneckDetectorImpl:63 [pool-8-thread-1] - Current cpu load: 0.0, # processed events: 0, consecutive: 0/2, threshold: 0.9 in VM-110
 INFO 07-15 18:00:49,601 SystemLoadProfiler:50 [pool-8-thread-1] - Average CPU Load: 0.0 in VM-110
 INFO 07-15 18:00:49,602 TaskEventRateCalculator:114 [pool-8-thread-1] - ---- Start of task processed event (# tasks: 1 in executor VM-110)----
METRICLOG/VM-110	Stage2-2-0	inputR: 0	inputP:0	output:0	inW:2026-07-15T17:55:35.290Z	ioutW:2026-07-15T17:55:35.290Z	ptime:0	dsertime:0	inbytes:0	sertime:0	outbytes:0	numKey:1456	owc:0
----- End of taks processed event ----

 INFO 07-15 18:00:49,602 CpuBottleneckDetectorImpl:63 [pool-8-thread-1] - Current cpu load: 0.0, # processed events: 0, consecutive: 0/2, threshold: 0.9 in VM-110
 INFO 07-15 18:00:50,601 SystemLoadProfiler:50 [pool-8-thread-1] - Average CPU Load: 0.0 in VM-110
 INFO 07-15 18:00:50,602 TaskEventRateCalculator:114 [pool-8-thread-1] - ---- Start of task processed event (# tasks: 1 in executor VM-110)----
METRICLOG/VM-110	Stage2-2-0	inputR: 0	inputP:0	output:0	inW:2026-07-15T17:55:35.290Z	ioutW:2026-07-15T17:55:35.290Z	ptime:0	dsertime:0	inbytes:0	sertime:0	outbytes:0	numKey:1456	owc:0
----- End of taks processed event ----

 INFO 07-15 18:00:50,602 CpuBottleneckDetectorImpl:63 [pool-8-thread-1] - Current cpu load: 0.0, # processed events: 0, consecutive: 0/2, threshold: 0.9 in VM-110
 INFO 07-15 18:00:51,601 SystemLoadProfiler:50 [pool-8-thread-1] - Average CPU Load: 0.0 in VM-110
 INFO 07-15 18:00:51,602 TaskEventRateCalculator:114 [pool-8-thread-1] - ---- Start of task processed event (# tasks: 1 in executor VM-110)----
METRICLOG/VM-110	Stage2-2-0	inputR: 0	inputP:0	output:0	inW:2026-07-15T17:55:35.290Z	ioutW:2026-07-15T17:55:35.290Z	ptime:0	dsertime:0	inbytes:0	sertime:0	outbytes:0	numKey:1456	owc:0
----- End of taks processed event ----

 INFO 07-15 18:00:51,602 CpuBottleneckDetectorImpl:63 [pool-8-thread-1] - Current cpu load: 0.0, # processed events: 0, consecutive: 0/2, threshold: 0.9 in VM-110
 INFO 07-15 18:00:52,601 SystemLoadProfiler:50 [pool-8-thread-1] - Average CPU Load: 0.0 in VM-110
 INFO 07-15 18:00:52,602 TaskEventRateCalculator:114 [pool-8-thread-1] - ---- Start of task processed event (# tasks: 1 in executor VM-110)----
METRICLOG/VM-110	Stage2-2-0	inputR: 0	inputP:0	output:0	inW:2026-07-15T17:55:35.290Z	ioutW:2026-07-15T17:55:35.290Z	ptime:0	dsertime:0	inbytes:0	sertime:0	outbytes:0	numKey:1456	owc:0
----- End of taks processed event ----

 INFO 07-15 18:00:52,602 CpuBottleneckDetectorImpl:63 [pool-8-thread-1] - Current cpu load: 0.0, # processed events: 0, consecutive: 0/2, threshold: 0.9 in VM-110
 INFO 07-15 18:00:53,601 SystemLoadProfiler:50 [pool-8-thread-1] - Average CPU Load: 0.0 in VM-110
 INFO 07-15 18:00:53,602 TaskEventRateCalculator:114 [pool-8-thread-1] - ---- Start of task processed event (# tasks: 1 in executor VM-110)----
METRICLOG/VM-110	Stage2-2-0	inputR: 0	inputP:0	output:0	inW:2026-07-15T17:55:35.290Z	ioutW:2026-07-15T17:55:35.290Z	ptime:0	dsertime:0	inbytes:0	sertime:0	outbytes:0	numKey:1456	owc:0
----- End of taks processed event ----

 INFO 07-15 18:00:53,602 CpuBottleneckDetectorImpl:63 [pool-8-thread-1] - Current cpu load: 0.0, # processed events: 0, consecutive: 0/2, threshold: 0.9 in VM-110
 INFO 07-15 18:00:54,601 SystemLoadProfiler:50 [pool-8-thread-1] - Average CPU Load: 0.0 in VM-110
 INFO 07-15 18:00:54,602 TaskEventRateCalculator:114 [pool-8-thread-1] - ---- Start of task processed event (# tasks: 1 in executor VM-110)----
METRICLOG/VM-110	Stage2-2-0	inputR: 0	inputP:0	output:0	inW:2026-07-15T17:55:35.290Z	ioutW:2026-07-15T17:55:35.290Z	ptime:0	dsertime:0	inbytes:0	sertime:0	outbytes:0	numKey:1456	owc:0
----- End of taks processed event ----

 INFO 07-15 18:00:54,602 CpuBottleneckDetectorImpl:63 [pool-8-thread-1] - Current cpu load: 0.0, # processed events: 0, consecutive: 0/2, threshold: 0.9 in VM-110
 INFO 07-15 18:00:55,601 SystemLoadProfiler:50 [pool-8-thread-1] - Average CPU Load: 0.0 in VM-110
 INFO 07-15 18:00:55,602 TaskEventRateCalculator:114 [pool-8-thread-1] - ---- Start of task processed event (# tasks: 1 in executor VM-110)----
METRICLOG/VM-110	Stage2-2-0	inputR: 0	inputP:0	output:0	inW:2026-07-15T17:55:35.290Z	ioutW:2026-07-15T17:55:35.290Z	ptime:0	dsertime:0	inbytes:0	sertime:0	outbytes:0	numKey:1456	owc:0
----- End of taks processed event ----

 INFO 07-15 18:00:55,602 CpuBottleneckDetectorImpl:63 [pool-8-thread-1] - Current cpu load: 0.0, # processed events: 0, consecutive: 0/2, threshold: 0.9 in VM-110
 INFO 07-15 18:00:56,601 SystemLoadProfiler:50 [pool-8-thread-1] - Average CPU Load: 0.0 in VM-110
 INFO 07-15 18:00:56,602 TaskEventRateCalculator:114 [pool-8-thread-1] - ---- Start of task processed event (# tasks: 1 in executor VM-110)----
METRICLOG/VM-110	Stage2-2-0	inputR: 0	inputP:0	output:0	inW:2026-07-15T17:55:35.290Z	ioutW:2026-07-15T17:55:35.290Z	ptime:0	dsertime:0	inbytes:0	sertime:0	outbytes:0	numKey:1456	owc:0
----- End of taks processed event ----

 INFO 07-15 18:00:56,602 CpuBottleneckDetectorImpl:63 [pool-8-thread-1] - Current cpu load: 0.0, # processed events: 0, consecutive: 0/2, threshold: 0.9 in VM-110
 INFO 07-15 18:00:57,602 SystemLoadProfiler:50 [pool-8-thread-1] - Average CPU Load: 0.0 in VM-110
 INFO 07-15 18:00:57,602 TaskEventRateCalculator:114 [pool-8-thread-1] - ---- Start of task processed event (# tasks: 1 in executor VM-110)----
METRICLOG/VM-110	Stage2-2-0	inputR: 0	inputP:0	output:0	inW:2026-07-15T17:55:35.290Z	ioutW:2026-07-15T17:55:35.290Z	ptime:0	dsertime:0	inbytes:0	sertime:0	outbytes:0	numKey:1456	owc:0
----- End of taks processed event ----

 INFO 07-15 18:00:57,602 CpuBottleneckDetectorImpl:63 [pool-8-thread-1] - Current cpu load: 0.0, # processed events: 0, consecutive: 0/2, threshold: 0.9 in VM-110
 INFO 07-15 18:00:58,601 SystemLoadProfiler:50 [pool-8-thread-1] - Average CPU Load: 0.0 in VM-110
 INFO 07-15 18:00:58,602 TaskEventRateCalculator:114 [pool-8-thread-1] - ---- Start of task processed event (# tasks: 1 in executor VM-110)----
METRICLOG/VM-110	Stage2-2-0	inputR: 0	inputP:0	output:0	inW:2026-07-15T17:55:35.290Z	ioutW:2026-07-15T17:55:35.290Z	ptime:0	dsertime:0	inbytes:0	sertime:0	outbytes:0	numKey:1456	owc:0
----- End of taks processed event ----

 INFO 07-15 18:00:58,602 CpuBottleneckDetectorImpl:63 [pool-8-thread-1] - Current cpu load: 0.0, # processed events: 0, consecutive: 0/2, threshold: 0.9 in VM-110
 INFO 07-15 18:00:59,601 SystemLoadProfiler:50 [pool-8-thread-1] - Average CPU Load: 0.0 in VM-110
 INFO 07-15 18:00:59,602 TaskEventRateCalculator:114 [pool-8-thread-1] - ---- Start of task processed event (# tasks: 1 in executor VM-110)----
METRICLOG/VM-110	Stage2-2-0	inputR: 0	inputP:0	output:0	inW:2026-07-15T17:55:35.290Z	ioutW:2026-07-15T17:55:35.290Z	ptime:0	dsertime:0	inbytes:0	sertime:0	outbytes:0	numKey:1456	owc:0
----- End of taks processed event ----

 INFO 07-15 18:00:59,602 CpuBottleneckDetectorImpl:63 [pool-8-thread-1] - Current cpu load: 0.0, # processed events: 0, consecutive: 0/2, threshold: 0.9 in VM-110
 INFO 07-15 18:01:00,601 SystemLoadProfiler:50 [pool-8-thread-1] - Average CPU Load: 0.0 in VM-110
 INFO 07-15 18:01:00,602 TaskEventRateCalculator:114 [pool-8-thread-1] - ---- Start of task processed event (# tasks: 1 in executor VM-110)----
METRICLOG/VM-110	Stage2-2-0	inputR: 0	inputP:0	output:0	inW:2026-07-15T17:55:35.290Z	ioutW:2026-07-15T17:55:35.290Z	ptime:0	dsertime:0	inbytes:0	sertime:0	outbytes:0	numKey:1456	owc:0
----- End of taks processed event ----

 INFO 07-15 18:01:00,602 CpuBottleneckDetectorImpl:63 [pool-8-thread-1] - Current cpu load: 0.0, # processed events: 0, consecutive: 0/2, threshold: 0.9 in VM-110
 INFO 07-15 18:01:01,601 SystemLoadProfiler:50 [pool-8-thread-1] - Average CPU Load: 0.0 in VM-110
 INFO 07-15 18:01:01,602 TaskEventRateCalculator:114 [pool-8-thread-1] - ---- Start of task processed event (# tasks: 1 in executor VM-110)----
METRICLOG/VM-110	Stage2-2-0	inputR: 0	inputP:0	output:0	inW:2026-07-15T17:55:35.290Z	ioutW:2026-07-15T17:55:35.290Z	ptime:0	dsertime:0	inbytes:0	sertime:0	outbytes:0	numKey:1456	owc:0
----- End of taks processed event ----

 INFO 07-15 18:01:01,602 CpuBottleneckDetectorImpl:63 [pool-8-thread-1] - Current cpu load: 0.0, # processed events: 0, consecutive: 0/2, threshold: 0.9 in VM-110
 INFO 07-15 18:01:02,601 SystemLoadProfiler:50 [pool-8-thread-1] - Average CPU Load: 0.0 in VM-110
 INFO 07-15 18:01:02,602 TaskEventRateCalculator:114 [pool-8-thread-1] - ---- Start of task processed event (# tasks: 1 in executor VM-110)----
METRICLOG/VM-110	Stage2-2-0	inputR: 0	inputP:0	output:0	inW:2026-07-15T17:55:35.290Z	ioutW:2026-07-15T17:55:35.290Z	ptime:0	dsertime:0	inbytes:0	sertime:0	outbytes:0	numKey:1456	owc:0
----- End of taks processed event ----

 INFO 07-15 18:01:02,602 CpuBottleneckDetectorImpl:63 [pool-8-thread-1] - Current cpu load: 0.0, # processed events: 0, consecutive: 0/2, threshold: 0.9 in VM-110
 INFO 07-15 18:01:03,601 SystemLoadProfiler:50 [pool-8-thread-1] - Average CPU Load: 0.0 in VM-110
 INFO 07-15 18:01:03,602 TaskEventRateCalculator:114 [pool-8-thread-1] - ---- Start of task processed event (# tasks: 1 in executor VM-110)----
METRICLOG/VM-110	Stage2-2-0	inputR: 0	inputP:0	output:0	inW:2026-07-15T17:55:35.290Z	ioutW:2026-07-15T17:55:35.290Z	ptime:0	dsertime:0	inbytes:0	sertime:0	outbytes:0	numKey:1456	owc:0
----- End of taks processed event ----

 INFO 07-15 18:01:03,602 CpuBottleneckDetectorImpl:63 [pool-8-thread-1] - Current cpu load: 0.0, # processed events: 0, consecutive: 0/2, threshold: 0.9 in VM-110
 INFO 07-15 18:01:04,601 SystemLoadProfiler:50 [pool-8-thread-1] - Average CPU Load: 0.0 in VM-110
 INFO 07-15 18:01:04,602 TaskEventRateCalculator:114 [pool-8-thread-1] - ---- Start of task processed event (# tasks: 1 in executor VM-110)----
METRICLOG/VM-110	Stage2-2-0	inputR: 0	inputP:0	output:0	inW:2026-07-15T17:55:35.290Z	ioutW:2026-07-15T17:55:35.290Z	ptime:0	dsertime:0	inbytes:0	sertime:0	outbytes:0	numKey:1456	owc:0
----- End of taks processed event ----

 INFO 07-15 18:01:04,602 CpuBottleneckDetectorImpl:63 [pool-8-thread-1] - Current cpu load: 0.0, # processed events: 0, consecutive: 0/2, threshold: 0.9 in VM-110
 INFO 07-15 18:01:05,601 SystemLoadProfiler:50 [pool-8-thread-1] - Average CPU Load: 0.0 in VM-110
 INFO 07-15 18:01:05,602 TaskEventRateCalculator:114 [pool-8-thread-1] - ---- Start of task processed event (# tasks: 1 in executor VM-110)----
METRICLOG/VM-110	Stage2-2-0	inputR: 0	inputP:0	output:0	inW:2026-07-15T17:55:35.290Z	ioutW:2026-07-15T17:55:35.290Z	ptime:0	dsertime:0	inbytes:0	sertime:0	outbytes:0	numKey:1456	owc:0
----- End of taks processed event ----

 INFO 07-15 18:01:05,602 CpuBottleneckDetectorImpl:63 [pool-8-thread-1] - Current cpu load: 0.0, # processed events: 0, consecutive: 0/2, threshold: 0.9 in VM-110
 INFO 07-15 18:01:06,601 SystemLoadProfiler:50 [pool-8-thread-1] - Average CPU Load: 0.0 in VM-110
 INFO 07-15 18:01:06,602 TaskEventRateCalculator:114 [pool-8-thread-1] - ---- Start of task processed event (# tasks: 1 in executor VM-110)----
METRICLOG/VM-110	Stage2-2-0	inputR: 0	inputP:0	output:0	inW:2026-07-15T17:55:35.290Z	ioutW:2026-07-15T17:55:35.290Z	ptime:0	dsertime:0	inbytes:0	sertime:0	outbytes:0	numKey:1456	owc:0
----- End of taks processed event ----

 INFO 07-15 18:01:06,602 CpuBottleneckDetectorImpl:63 [pool-8-thread-1] - Current cpu load: 0.0, # processed events: 0, consecutive: 0/2, threshold: 0.9 in VM-110
 INFO 07-15 18:01:07,601 SystemLoadProfiler:50 [pool-8-thread-1] - Average CPU Load: 0.0 in VM-110
 INFO 07-15 18:01:07,602 TaskEventRateCalculator:114 [pool-8-thread-1] - ---- Start of task processed event (# tasks: 1 in executor VM-110)----
METRICLOG/VM-110	Stage2-2-0	inputR: 0	inputP:0	output:0	inW:2026-07-15T17:55:35.290Z	ioutW:2026-07-15T17:55:35.290Z	ptime:0	dsertime:0	inbytes:0	sertime:0	outbytes:0	numKey:1456	owc:0
----- End of taks processed event ----

 INFO 07-15 18:01:07,602 CpuBottleneckDetectorImpl:63 [pool-8-thread-1] - Current cpu load: 0.0, # processed events: 0, consecutive: 0/2, threshold: 0.9 in VM-110
 INFO 07-15 18:01:08,601 SystemLoadProfiler:50 [pool-8-thread-1] - Average CPU Load: 0.0 in VM-110
 INFO 07-15 18:01:08,602 TaskEventRateCalculator:114 [pool-8-thread-1] - ---- Start of task processed event (# tasks: 1 in executor VM-110)----
METRICLOG/VM-110	Stage2-2-0	inputR: 0	inputP:0	output:0	inW:2026-07-15T17:55:35.290Z	ioutW:2026-07-15T17:55:35.290Z	ptime:0	dsertime:0	inbytes:0	sertime:0	outbytes:0	numKey:1456	owc:0
----- End of taks processed event ----

 INFO 07-15 18:01:08,602 CpuBottleneckDetectorImpl:63 [pool-8-thread-1] - Current cpu load: 0.0, # processed events: 0, consecutive: 0/2, threshold: 0.9 in VM-110
 INFO 07-15 18:01:09,601 SystemLoadProfiler:50 [pool-8-thread-1] - Average CPU Load: 0.0 in VM-110
 INFO 07-15 18:01:09,602 TaskEventRateCalculator:114 [pool-8-thread-1] - ---- Start of task processed event (# tasks: 1 in executor VM-110)----
METRICLOG/VM-110	Stage2-2-0	inputR: 0	inputP:0	output:0	inW:2026-07-15T17:55:35.290Z	ioutW:2026-07-15T17:55:35.290Z	ptime:0	dsertime:0	inbytes:0	sertime:0	outbytes:0	numKey:1456	owc:0
----- End of taks processed event ----

 INFO 07-15 18:01:09,602 CpuBottleneckDetectorImpl:63 [pool-8-thread-1] - Current cpu load: 0.0, # processed events: 0, consecutive: 0/2, threshold: 0.9 in VM-110
 INFO 07-15 18:01:10,601 SystemLoadProfiler:50 [pool-8-thread-1] - Average CPU Load: 0.0 in VM-110
 INFO 07-15 18:01:10,602 TaskEventRateCalculator:114 [pool-8-thread-1] - ---- Start of task processed event (# tasks: 1 in executor VM-110)----
METRICLOG/VM-110	Stage2-2-0	inputR: 0	inputP:0	output:0	inW:2026-07-15T17:55:35.290Z	ioutW:2026-07-15T17:55:35.290Z	ptime:0	dsertime:0	inbytes:0	sertime:0	outbytes:0	numKey:1456	owc:0
----- End of taks processed event ----

 INFO 07-15 18:01:10,602 CpuBottleneckDetectorImpl:63 [pool-8-thread-1] - Current cpu load: 0.0, # processed events: 0, consecutive: 0/2, threshold: 0.9 in VM-110
 INFO 07-15 18:01:11,601 SystemLoadProfiler:50 [pool-8-thread-1] - Average CPU Load: 0.0 in VM-110
 INFO 07-15 18:01:11,602 TaskEventRateCalculator:114 [pool-8-thread-1] - ---- Start of task processed event (# tasks: 1 in executor VM-110)----
METRICLOG/VM-110	Stage2-2-0	inputR: 0	inputP:0	output:0	inW:2026-07-15T17:55:35.290Z	ioutW:2026-07-15T17:55:35.290Z	ptime:0	dsertime:0	inbytes:0	sertime:0	outbytes:0	numKey:1456	owc:0
----- End of taks processed event ----

 INFO 07-15 18:01:11,602 CpuBottleneckDetectorImpl:63 [pool-8-thread-1] - Current cpu load: 0.0, # processed events: 0, consecutive: 0/2, threshold: 0.9 in VM-110
 INFO 07-15 18:01:12,601 SystemLoadProfiler:50 [pool-8-thread-1] - Average CPU Load: 0.0 in VM-110
 INFO 07-15 18:01:12,602 TaskEventRateCalculator:114 [pool-8-thread-1] - ---- Start of task processed event (# tasks: 1 in executor VM-110)----
METRICLOG/VM-110	Stage2-2-0	inputR: 0	inputP:0	output:0	inW:2026-07-15T17:55:35.290Z	ioutW:2026-07-15T17:55:35.290Z	ptime:0	dsertime:0	inbytes:0	sertime:0	outbytes:0	numKey:1456	owc:0
----- End of taks processed event ----

 INFO 07-15 18:01:12,602 CpuBottleneckDetectorImpl:63 [pool-8-thread-1] - Current cpu load: 0.0, # processed events: 0, consecutive: 0/2, threshold: 0.9 in VM-110
 INFO 07-15 18:01:13,601 SystemLoadProfiler:50 [pool-8-thread-1] - Average CPU Load: 0.0 in VM-110
 INFO 07-15 18:01:13,602 TaskEventRateCalculator:114 [pool-8-thread-1] - ---- Start of task processed event (# tasks: 1 in executor VM-110)----
METRICLOG/VM-110	Stage2-2-0	inputR: 0	inputP:0	output:0	inW:2026-07-15T17:55:35.290Z	ioutW:2026-07-15T17:55:35.290Z	ptime:0	dsertime:0	inbytes:0	sertime:0	outbytes:0	numKey:1456	owc:0
----- End of taks processed event ----

 INFO 07-15 18:01:13,602 CpuBottleneckDetectorImpl:63 [pool-8-thread-1] - Current cpu load: 0.0, # processed events: 0, consecutive: 0/2, threshold: 0.9 in VM-110
 INFO 07-15 18:01:14,601 SystemLoadProfiler:50 [pool-8-thread-1] - Average CPU Load: 0.0 in VM-110
 INFO 07-15 18:01:14,602 TaskEventRateCalculator:114 [pool-8-thread-1] - ---- Start of task processed event (# tasks: 1 in executor VM-110)----
METRICLOG/VM-110	Stage2-2-0	inputR: 0	inputP:0	output:0	inW:2026-07-15T17:55:35.290Z	ioutW:2026-07-15T17:55:35.290Z	ptime:0	dsertime:0	inbytes:0	sertime:0	outbytes:0	numKey:1456	owc:0
----- End of taks processed event ----

 INFO 07-15 18:01:14,602 CpuBottleneckDetectorImpl:63 [pool-8-thread-1] - Current cpu load: 0.0, # processed events: 0, consecutive: 0/2, threshold: 0.9 in VM-110
 INFO 07-15 18:01:15,601 SystemLoadProfiler:50 [pool-8-thread-1] - Average CPU Load: 0.0 in VM-110
 INFO 07-15 18:01:15,602 TaskEventRateCalculator:114 [pool-8-thread-1] - ---- Start of task processed event (# tasks: 1 in executor VM-110)----
METRICLOG/VM-110	Stage2-2-0	inputR: 0	inputP:0	output:0	inW:2026-07-15T17:55:35.290Z	ioutW:2026-07-15T17:55:35.290Z	ptime:0	dsertime:0	inbytes:0	sertime:0	outbytes:0	numKey:1456	owc:0
----- End of taks processed event ----

 INFO 07-15 18:01:15,602 CpuBottleneckDetectorImpl:63 [pool-8-thread-1] - Current cpu load: 0.0, # processed events: 0, consecutive: 0/2, threshold: 0.9 in VM-110
 INFO 07-15 18:01:16,601 SystemLoadProfiler:50 [pool-8-thread-1] - Average CPU Load: 0.0 in VM-110
 INFO 07-15 18:01:16,602 TaskEventRateCalculator:114 [pool-8-thread-1] - ---- Start of task processed event (# tasks: 1 in executor VM-110)----
METRICLOG/VM-110	Stage2-2-0	inputR: 0	inputP:0	output:0	inW:2026-07-15T17:55:35.290Z	ioutW:2026-07-15T17:55:35.290Z	ptime:0	dsertime:0	inbytes:0	sertime:0	outbytes:0	numKey:1456	owc:0
----- End of taks processed event ----

 INFO 07-15 18:01:16,602 CpuBottleneckDetectorImpl:63 [pool-8-thread-1] - Current cpu load: 0.0, # processed events: 0, consecutive: 0/2, threshold: 0.9 in VM-110
 INFO 07-15 18:01:17,601 SystemLoadProfiler:50 [pool-8-thread-1] - Average CPU Load: 0.0 in VM-110
 INFO 07-15 18:01:17,602 TaskEventRateCalculator:114 [pool-8-thread-1] - ---- Start of task processed event (# tasks: 1 in executor VM-110)----
METRICLOG/VM-110	Stage2-2-0	inputR: 0	inputP:0	output:0	inW:2026-07-15T17:55:35.290Z	ioutW:2026-07-15T17:55:35.290Z	ptime:0	dsertime:0	inbytes:0	sertime:0	outbytes:0	numKey:1456	owc:0
----- End of taks processed event ----

 INFO 07-15 18:01:17,602 CpuBottleneckDetectorImpl:63 [pool-8-thread-1] - Current cpu load: 0.0, # processed events: 0, consecutive: 0/2, threshold: 0.9 in VM-110
 INFO 07-15 18:01:18,601 SystemLoadProfiler:50 [pool-8-thread-1] - Average CPU Load: 0.0 in VM-110
 INFO 07-15 18:01:18,602 TaskEventRateCalculator:114 [pool-8-thread-1] - ---- Start of task processed event (# tasks: 1 in executor VM-110)----
METRICLOG/VM-110	Stage2-2-0	inputR: 0	inputP:0	output:0	inW:2026-07-15T17:55:35.290Z	ioutW:2026-07-15T17:55:35.290Z	ptime:0	dsertime:0	inbytes:0	sertime:0	outbytes:0	numKey:1456	owc:0
----- End of taks processed event ----

 INFO 07-15 18:01:18,602 CpuBottleneckDetectorImpl:63 [pool-8-thread-1] - Current cpu load: 0.0, # processed events: 0, consecutive: 0/2, threshold: 0.9 in VM-110
 INFO 07-15 18:01:19,602 SystemLoadProfiler:50 [pool-8-thread-1] - Average CPU Load: 0.0 in VM-110
 INFO 07-15 18:01:19,602 TaskEventRateCalculator:114 [pool-8-thread-1] - ---- Start of task processed event (# tasks: 1 in executor VM-110)----
METRICLOG/VM-110	Stage2-2-0	inputR: 0	inputP:0	output:0	inW:2026-07-15T17:55:35.290Z	ioutW:2026-07-15T17:55:35.290Z	ptime:0	dsertime:0	inbytes:0	sertime:0	outbytes:0	numKey:1456	owc:0
----- End of taks processed event ----

 INFO 07-15 18:01:19,602 CpuBottleneckDetectorImpl:63 [pool-8-thread-1] - Current cpu load: 0.0, # processed events: 0, consecutive: 0/2, threshold: 0.9 in VM-110
 INFO 07-15 18:01:20,601 SystemLoadProfiler:50 [pool-8-thread-1] - Average CPU Load: 0.0 in VM-110
 INFO 07-15 18:01:20,602 TaskEventRateCalculator:114 [pool-8-thread-1] - ---- Start of task processed event (# tasks: 1 in executor VM-110)----
METRICLOG/VM-110	Stage2-2-0	inputR: 0	inputP:0	output:0	inW:2026-07-15T17:55:35.290Z	ioutW:2026-07-15T17:55:35.290Z	ptime:0	dsertime:0	inbytes:0	sertime:0	outbytes:0	numKey:1456	owc:0
----- End of taks processed event ----

 INFO 07-15 18:01:20,602 CpuBottleneckDetectorImpl:63 [pool-8-thread-1] - Current cpu load: 0.0, # processed events: 0, consecutive: 0/2, threshold: 0.9 in VM-110
 INFO 07-15 18:01:21,601 SystemLoadProfiler:50 [pool-8-thread-1] - Average CPU Load: 0.0 in VM-110
 INFO 07-15 18:01:21,602 TaskEventRateCalculator:114 [pool-8-thread-1] - ---- Start of task processed event (# tasks: 1 in executor VM-110)----
METRICLOG/VM-110	Stage2-2-0	inputR: 0	inputP:0	output:0	inW:2026-07-15T17:55:35.290Z	ioutW:2026-07-15T17:55:35.290Z	ptime:0	dsertime:0	inbytes:0	sertime:0	outbytes:0	numKey:1456	owc:0
----- End of taks processed event ----

 INFO 07-15 18:01:21,602 CpuBottleneckDetectorImpl:63 [pool-8-thread-1] - Current cpu load: 0.0, # processed events: 0, consecutive: 0/2, threshold: 0.9 in VM-110
 INFO 07-15 18:01:22,601 SystemLoadProfiler:50 [pool-8-thread-1] - Average CPU Load: 0.0 in VM-110
 INFO 07-15 18:01:22,602 TaskEventRateCalculator:114 [pool-8-thread-1] - ---- Start of task processed event (# tasks: 1 in executor VM-110)----
METRICLOG/VM-110	Stage2-2-0	inputR: 0	inputP:0	output:0	inW:2026-07-15T17:55:35.290Z	ioutW:2026-07-15T17:55:35.290Z	ptime:0	dsertime:0	inbytes:0	sertime:0	outbytes:0	numKey:1456	owc:0
----- End of taks processed event ----

 INFO 07-15 18:01:22,602 CpuBottleneckDetectorImpl:63 [pool-8-thread-1] - Current cpu load: 0.0, # processed events: 0, consecutive: 0/2, threshold: 0.9 in VM-110
 INFO 07-15 18:01:23,601 SystemLoadProfiler:50 [pool-8-thread-1] - Average CPU Load: 0.0 in VM-110
 INFO 07-15 18:01:23,602 TaskEventRateCalculator:114 [pool-8-thread-1] - ---- Start of task processed event (# tasks: 1 in executor VM-110)----
METRICLOG/VM-110	Stage2-2-0	inputR: 0	inputP:0	output:0	inW:2026-07-15T17:55:35.290Z	ioutW:2026-07-15T17:55:35.290Z	ptime:0	dsertime:0	inbytes:0	sertime:0	outbytes:0	numKey:1456	owc:0
----- End of taks processed event ----

 INFO 07-15 18:01:23,602 CpuBottleneckDetectorImpl:63 [pool-8-thread-1] - Current cpu load: 0.0, # processed events: 0, consecutive: 0/2, threshold: 0.9 in VM-110
 INFO 07-15 18:01:24,601 SystemLoadProfiler:50 [pool-8-thread-1] - Average CPU Load: 0.0 in VM-110
 INFO 07-15 18:01:24,602 TaskEventRateCalculator:114 [pool-8-thread-1] - ---- Start of task processed event (# tasks: 1 in executor VM-110)----
METRICLOG/VM-110	Stage2-2-0	inputR: 0	inputP:0	output:0	inW:2026-07-15T17:55:35.290Z	ioutW:2026-07-15T17:55:35.290Z	ptime:0	dsertime:0	inbytes:0	sertime:0	outbytes:0	numKey:1456	owc:0
----- End of taks processed event ----

 INFO 07-15 18:01:24,602 CpuBottleneckDetectorImpl:63 [pool-8-thread-1] - Current cpu load: 0.0, # processed events: 0, consecutive: 0/2, threshold: 0.9 in VM-110
 INFO 07-15 18:01:25,601 SystemLoadProfiler:50 [pool-8-thread-1] - Average CPU Load: 0.0 in VM-110
 INFO 07-15 18:01:25,602 TaskEventRateCalculator:114 [pool-8-thread-1] - ---- Start of task processed event (# tasks: 1 in executor VM-110)----
METRICLOG/VM-110	Stage2-2-0	inputR: 0	inputP:0	output:0	inW:2026-07-15T17:55:35.290Z	ioutW:2026-07-15T17:55:35.290Z	ptime:0	dsertime:0	inbytes:0	sertime:0	outbytes:0	numKey:1456	owc:0
----- End of taks processed event ----

 INFO 07-15 18:01:25,602 CpuBottleneckDetectorImpl:63 [pool-8-thread-1] - Current cpu load: 0.0, # processed events: 0, consecutive: 0/2, threshold: 0.9 in VM-110
 INFO 07-15 18:01:26,602 SystemLoadProfiler:50 [pool-8-thread-1] - Average CPU Load: 0.0 in VM-110
 INFO 07-15 18:01:26,602 TaskEventRateCalculator:114 [pool-8-thread-1] - ---- Start of task processed event (# tasks: 1 in executor VM-110)----
METRICLOG/VM-110	Stage2-2-0	inputR: 0	inputP:0	output:0	inW:2026-07-15T17:55:35.290Z	ioutW:2026-07-15T17:55:35.290Z	ptime:0	dsertime:0	inbytes:0	sertime:0	outbytes:0	numKey:1456	owc:0
----- End of taks processed event ----

 INFO 07-15 18:01:26,602 CpuBottleneckDetectorImpl:63 [pool-8-thread-1] - Current cpu load: 0.0, # processed events: 0, consecutive: 0/2, threshold: 0.9 in VM-110
 INFO 07-15 18:01:27,602 SystemLoadProfiler:50 [pool-8-thread-1] - Average CPU Load: 0.0 in VM-110
 INFO 07-15 18:01:27,602 TaskEventRateCalculator:114 [pool-8-thread-1] - ---- Start of task processed event (# tasks: 1 in executor VM-110)----
METRICLOG/VM-110	Stage2-2-0	inputR: 0	inputP:0	output:0	inW:2026-07-15T17:55:35.290Z	ioutW:2026-07-15T17:55:35.290Z	ptime:0	dsertime:0	inbytes:0	sertime:0	outbytes:0	numKey:1456	owc:0
----- End of taks processed event ----

 INFO 07-15 18:01:27,602 CpuBottleneckDetectorImpl:63 [pool-8-thread-1] - Current cpu load: 0.0, # processed events: 0, consecutive: 0/2, threshold: 0.9 in VM-110
 INFO 07-15 18:01:28,601 SystemLoadProfiler:50 [pool-8-thread-1] - Average CPU Load: 0.0 in VM-110
 INFO 07-15 18:01:28,602 TaskEventRateCalculator:114 [pool-8-thread-1] - ---- Start of task processed event (# tasks: 1 in executor VM-110)----
METRICLOG/VM-110	Stage2-2-0	inputR: 0	inputP:0	output:0	inW:2026-07-15T17:55:35.290Z	ioutW:2026-07-15T17:55:35.290Z	ptime:0	dsertime:0	inbytes:0	sertime:0	outbytes:0	numKey:1456	owc:0
----- End of taks processed event ----

 INFO 07-15 18:01:28,602 CpuBottleneckDetectorImpl:63 [pool-8-thread-1] - Current cpu load: 0.0, # processed events: 0, consecutive: 0/2, threshold: 0.9 in VM-110
 INFO 07-15 18:01:29,602 SystemLoadProfiler:50 [pool-8-thread-1] - Average CPU Load: 0.0 in VM-110
 INFO 07-15 18:01:29,603 TaskEventRateCalculator:114 [pool-8-thread-1] - ---- Start of task processed event (# tasks: 1 in executor VM-110)----
METRICLOG/VM-110	Stage2-2-0	inputR: 0	inputP:0	output:0	inW:2026-07-15T17:55:35.290Z	ioutW:2026-07-15T17:55:35.290Z	ptime:0	dsertime:0	inbytes:0	sertime:0	outbytes:0	numKey:1456	owc:0
----- End of taks processed event ----

 INFO 07-15 18:01:29,603 CpuBottleneckDetectorImpl:63 [pool-8-thread-1] - Current cpu load: 0.0, # processed events: 0, consecutive: 0/2, threshold: 0.9 in VM-110
 INFO 07-15 18:01:30,601 SystemLoadProfiler:50 [pool-8-thread-1] - Average CPU Load: 0.0 in VM-110
 INFO 07-15 18:01:30,602 TaskEventRateCalculator:114 [pool-8-thread-1] - ---- Start of task processed event (# tasks: 1 in executor VM-110)----
METRICLOG/VM-110	Stage2-2-0	inputR: 0	inputP:0	output:0	inW:2026-07-15T17:55:35.290Z	ioutW:2026-07-15T17:55:35.290Z	ptime:0	dsertime:0	inbytes:0	sertime:0	outbytes:0	numKey:1456	owc:0
----- End of taks processed event ----

 INFO 07-15 18:01:30,602 CpuBottleneckDetectorImpl:63 [pool-8-thread-1] - Current cpu load: 0.0, # processed events: 0, consecutive: 0/2, threshold: 0.9 in VM-110
 INFO 07-15 18:01:31,601 SystemLoadProfiler:50 [pool-8-thread-1] - Average CPU Load: 0.0 in VM-110
 INFO 07-15 18:01:31,602 TaskEventRateCalculator:114 [pool-8-thread-1] - ---- Start of task processed event (# tasks: 1 in executor VM-110)----
METRICLOG/VM-110	Stage2-2-0	inputR: 0	inputP:0	output:0	inW:2026-07-15T17:55:35.290Z	ioutW:2026-07-15T17:55:35.290Z	ptime:0	dsertime:0	inbytes:0	sertime:0	outbytes:0	numKey:1456	owc:0
----- End of taks processed event ----

 INFO 07-15 18:01:31,602 CpuBottleneckDetectorImpl:63 [pool-8-thread-1] - Current cpu load: 0.0, # processed events: 0, consecutive: 0/2, threshold: 0.9 in VM-110
 INFO 07-15 18:01:32,601 SystemLoadProfiler:50 [pool-8-thread-1] - Average CPU Load: 0.0 in VM-110
 INFO 07-15 18:01:32,602 TaskEventRateCalculator:114 [pool-8-thread-1] - ---- Start of task processed event (# tasks: 1 in executor VM-110)----
METRICLOG/VM-110	Stage2-2-0	inputR: 0	inputP:0	output:0	inW:2026-07-15T17:55:35.290Z	ioutW:2026-07-15T17:55:35.290Z	ptime:0	dsertime:0	inbytes:0	sertime:0	outbytes:0	numKey:1456	owc:0
----- End of taks processed event ----

 INFO 07-15 18:01:32,602 CpuBottleneckDetectorImpl:63 [pool-8-thread-1] - Current cpu load: 0.0, # processed events: 0, consecutive: 0/2, threshold: 0.9 in VM-110
 INFO 07-15 18:01:33,601 SystemLoadProfiler:50 [pool-8-thread-1] - Average CPU Load: 0.0 in VM-110
 INFO 07-15 18:01:33,602 TaskEventRateCalculator:114 [pool-8-thread-1] - ---- Start of task processed event (# tasks: 1 in executor VM-110)----
METRICLOG/VM-110	Stage2-2-0	inputR: 0	inputP:0	output:0	inW:2026-07-15T17:55:35.290Z	ioutW:2026-07-15T17:55:35.290Z	ptime:0	dsertime:0	inbytes:0	sertime:0	outbytes:0	numKey:1456	owc:0
----- End of taks processed event ----

 INFO 07-15 18:01:33,602 CpuBottleneckDetectorImpl:63 [pool-8-thread-1] - Current cpu load: 0.0, # processed events: 0, consecutive: 0/2, threshold: 0.9 in VM-110
 INFO 07-15 18:01:34,601 SystemLoadProfiler:50 [pool-8-thread-1] - Average CPU Load: 0.0 in VM-110
 INFO 07-15 18:01:34,602 TaskEventRateCalculator:114 [pool-8-thread-1] - ---- Start of task processed event (# tasks: 1 in executor VM-110)----
METRICLOG/VM-110	Stage2-2-0	inputR: 0	inputP:0	output:0	inW:2026-07-15T17:55:35.290Z	ioutW:2026-07-15T17:55:35.290Z	ptime:0	dsertime:0	inbytes:0	sertime:0	outbytes:0	numKey:1456	owc:0
----- End of taks processed event ----

 INFO 07-15 18:01:34,602 CpuBottleneckDetectorImpl:63 [pool-8-thread-1] - Current cpu load: 0.0, # processed events: 0, consecutive: 0/2, threshold: 0.9 in VM-110
 INFO 07-15 18:01:35,601 SystemLoadProfiler:50 [pool-8-thread-1] - Average CPU Load: 0.0 in VM-110
 INFO 07-15 18:01:35,602 TaskEventRateCalculator:114 [pool-8-thread-1] - ---- Start of task processed event (# tasks: 1 in executor VM-110)----
METRICLOG/VM-110	Stage2-2-0	inputR: 0	inputP:0	output:0	inW:2026-07-15T17:55:35.290Z	ioutW:2026-07-15T17:55:35.290Z	ptime:0	dsertime:0	inbytes:0	sertime:0	outbytes:0	numKey:1456	owc:0
----- End of taks processed event ----

 INFO 07-15 18:01:35,602 CpuBottleneckDetectorImpl:63 [pool-8-thread-1] - Current cpu load: 0.0, # processed events: 0, consecutive: 0/2, threshold: 0.9 in VM-110
 INFO 07-15 18:01:36,601 SystemLoadProfiler:50 [pool-8-thread-1] - Average CPU Load: 0.0 in VM-110
 INFO 07-15 18:01:36,602 TaskEventRateCalculator:114 [pool-8-thread-1] - ---- Start of task processed event (# tasks: 1 in executor VM-110)----
METRICLOG/VM-110	Stage2-2-0	inputR: 0	inputP:0	output:0	inW:2026-07-15T17:55:35.290Z	ioutW:2026-07-15T17:55:35.290Z	ptime:0	dsertime:0	inbytes:0	sertime:0	outbytes:0	numKey:1456	owc:0
----- End of taks processed event ----

 INFO 07-15 18:01:36,602 CpuBottleneckDetectorImpl:63 [pool-8-thread-1] - Current cpu load: 0.0, # processed events: 0, consecutive: 0/2, threshold: 0.9 in VM-110
 INFO 07-15 18:01:37,604 SystemLoadProfiler:50 [pool-8-thread-1] - Average CPU Load: 0.0 in VM-110
 INFO 07-15 18:01:37,604 TaskEventRateCalculator:114 [pool-8-thread-1] - ---- Start of task processed event (# tasks: 1 in executor VM-110)----
METRICLOG/VM-110	Stage2-2-0	inputR: 0	inputP:0	output:0	inW:2026-07-15T17:55:35.290Z	ioutW:2026-07-15T17:55:35.290Z	ptime:0	dsertime:0	inbytes:0	sertime:0	outbytes:0	numKey:1456	owc:0
----- End of taks processed event ----

 INFO 07-15 18:01:37,605 CpuBottleneckDetectorImpl:63 [pool-8-thread-1] - Current cpu load: 0.0, # processed events: 0, consecutive: 0/2, threshold: 0.9 in VM-110
 INFO 07-15 18:01:38,601 SystemLoadProfiler:50 [pool-8-thread-1] - Average CPU Load: 0.0 in VM-110
 INFO 07-15 18:01:38,602 TaskEventRateCalculator:114 [pool-8-thread-1] - ---- Start of task processed event (# tasks: 1 in executor VM-110)----
METRICLOG/VM-110	Stage2-2-0	inputR: 0	inputP:0	output:0	inW:2026-07-15T17:55:35.290Z	ioutW:2026-07-15T17:55:35.290Z	ptime:0	dsertime:0	inbytes:0	sertime:0	outbytes:0	numKey:1456	owc:0
----- End of taks processed event ----

 INFO 07-15 18:01:38,602 CpuBottleneckDetectorImpl:63 [pool-8-thread-1] - Current cpu load: 0.0, # processed events: 0, consecutive: 0/2, threshold: 0.9 in VM-110
 INFO 07-15 18:01:39,601 SystemLoadProfiler:50 [pool-8-thread-1] - Average CPU Load: 0.0 in VM-110
 INFO 07-15 18:01:39,602 TaskEventRateCalculator:114 [pool-8-thread-1] - ---- Start of task processed event (# tasks: 1 in executor VM-110)----
METRICLOG/VM-110	Stage2-2-0	inputR: 0	inputP:0	output:0	inW:2026-07-15T17:55:35.290Z	ioutW:2026-07-15T17:55:35.290Z	ptime:0	dsertime:0	inbytes:0	sertime:0	outbytes:0	numKey:1456	owc:0
----- End of taks processed event ----

 INFO 07-15 18:01:39,602 CpuBottleneckDetectorImpl:63 [pool-8-thread-1] - Current cpu load: 0.0, # processed events: 0, consecutive: 0/2, threshold: 0.9 in VM-110
 INFO 07-15 18:01:40,605 SystemLoadProfiler:50 [pool-8-thread-1] - Average CPU Load: 0.0 in VM-110
 INFO 07-15 18:01:40,606 TaskEventRateCalculator:114 [pool-8-thread-1] - ---- Start of task processed event (# tasks: 1 in executor VM-110)----
METRICLOG/VM-110	Stage2-2-0	inputR: 0	inputP:0	output:0	inW:2026-07-15T17:55:35.290Z	ioutW:2026-07-15T17:55:35.290Z	ptime:0	dsertime:0	inbytes:0	sertime:0	outbytes:0	numKey:1456	owc:0
----- End of taks processed event ----

 INFO 07-15 18:01:40,606 CpuBottleneckDetectorImpl:63 [pool-8-thread-1] - Current cpu load: 0.0, # processed events: 0, consecutive: 0/2, threshold: 0.9 in VM-110
 INFO 07-15 18:01:41,601 SystemLoadProfiler:50 [pool-8-thread-1] - Average CPU Load: 0.0 in VM-110
 INFO 07-15 18:01:41,602 TaskEventRateCalculator:114 [pool-8-thread-1] - ---- Start of task processed event (# tasks: 1 in executor VM-110)----
METRICLOG/VM-110	Stage2-2-0	inputR: 0	inputP:0	output:0	inW:2026-07-15T17:55:35.290Z	ioutW:2026-07-15T17:55:35.290Z	ptime:0	dsertime:0	inbytes:0	sertime:0	outbytes:0	numKey:1456	owc:0
----- End of taks processed event ----

 INFO 07-15 18:01:41,602 CpuBottleneckDetectorImpl:63 [pool-8-thread-1] - Current cpu load: 0.0, # processed events: 0, consecutive: 0/2, threshold: 0.9 in VM-110
 INFO 07-15 18:01:42,601 SystemLoadProfiler:50 [pool-8-thread-1] - Average CPU Load: 0.0 in VM-110
 INFO 07-15 18:01:42,602 TaskEventRateCalculator:114 [pool-8-thread-1] - ---- Start of task processed event (# tasks: 1 in executor VM-110)----
METRICLOG/VM-110	Stage2-2-0	inputR: 0	inputP:0	output:0	inW:2026-07-15T17:55:35.290Z	ioutW:2026-07-15T17:55:35.290Z	ptime:0	dsertime:0	inbytes:0	sertime:0	outbytes:0	numKey:1456	owc:0
----- End of taks processed event ----

 INFO 07-15 18:01:42,602 CpuBottleneckDetectorImpl:63 [pool-8-thread-1] - Current cpu load: 0.0, # processed events: 0, consecutive: 0/2, threshold: 0.9 in VM-110
 INFO 07-15 18:01:43,602 SystemLoadProfiler:50 [pool-8-thread-1] - Average CPU Load: 0.0 in VM-110
 INFO 07-15 18:01:43,602 TaskEventRateCalculator:114 [pool-8-thread-1] - ---- Start of task processed event (# tasks: 1 in executor VM-110)----
METRICLOG/VM-110	Stage2-2-0	inputR: 0	inputP:0	output:0	inW:2026-07-15T17:55:35.290Z	ioutW:2026-07-15T17:55:35.290Z	ptime:0	dsertime:0	inbytes:0	sertime:0	outbytes:0	numKey:1456	owc:0
----- End of taks processed event ----

 INFO 07-15 18:01:43,602 CpuBottleneckDetectorImpl:63 [pool-8-thread-1] - Current cpu load: 0.0, # processed events: 0, consecutive: 0/2, threshold: 0.9 in VM-110
 INFO 07-15 18:01:44,602 SystemLoadProfiler:50 [pool-8-thread-1] - Average CPU Load: 0.0 in VM-110
 INFO 07-15 18:01:44,602 TaskEventRateCalculator:114 [pool-8-thread-1] - ---- Start of task processed event (# tasks: 1 in executor VM-110)----
METRICLOG/VM-110	Stage2-2-0	inputR: 0	inputP:0	output:0	inW:2026-07-15T17:55:35.290Z	ioutW:2026-07-15T17:55:35.290Z	ptime:0	dsertime:0	inbytes:0	sertime:0	outbytes:0	numKey:1456	owc:0
----- End of taks processed event ----

 INFO 07-15 18:01:44,603 CpuBottleneckDetectorImpl:63 [pool-8-thread-1] - Current cpu load: 0.0, # processed events: 0, consecutive: 0/2, threshold: 0.9 in VM-110
 INFO 07-15 18:01:45,601 SystemLoadProfiler:50 [pool-8-thread-1] - Average CPU Load: 0.0 in VM-110
 INFO 07-15 18:01:45,602 TaskEventRateCalculator:114 [pool-8-thread-1] - ---- Start of task processed event (# tasks: 1 in executor VM-110)----
METRICLOG/VM-110	Stage2-2-0	inputR: 0	inputP:0	output:0	inW:2026-07-15T17:55:35.290Z	ioutW:2026-07-15T17:55:35.290Z	ptime:0	dsertime:0	inbytes:0	sertime:0	outbytes:0	numKey:1456	owc:0
----- End of taks processed event ----

 INFO 07-15 18:01:45,602 CpuBottleneckDetectorImpl:63 [pool-8-thread-1] - Current cpu load: 0.0, # processed events: 0, consecutive: 0/2, threshold: 0.9 in VM-110
 INFO 07-15 18:01:46,601 SystemLoadProfiler:50 [pool-8-thread-1] - Average CPU Load: 0.0 in VM-110
 INFO 07-15 18:01:46,602 TaskEventRateCalculator:114 [pool-8-thread-1] - ---- Start of task processed event (# tasks: 1 in executor VM-110)----
METRICLOG/VM-110	Stage2-2-0	inputR: 0	inputP:0	output:0	inW:2026-07-15T17:55:35.290Z	ioutW:2026-07-15T17:55:35.290Z	ptime:0	dsertime:0	inbytes:0	sertime:0	outbytes:0	numKey:1456	owc:0
----- End of taks processed event ----

 INFO 07-15 18:01:46,602 CpuBottleneckDetectorImpl:63 [pool-8-thread-1] - Current cpu load: 0.0, # processed events: 0, consecutive: 0/2, threshold: 0.9 in VM-110
 INFO 07-15 18:01:47,601 SystemLoadProfiler:50 [pool-8-thread-1] - Average CPU Load: 0.0 in VM-110
 INFO 07-15 18:01:47,602 TaskEventRateCalculator:114 [pool-8-thread-1] - ---- Start of task processed event (# tasks: 1 in executor VM-110)----
METRICLOG/VM-110	Stage2-2-0	inputR: 0	inputP:0	output:0	inW:2026-07-15T17:55:35.290Z	ioutW:2026-07-15T17:55:35.290Z	ptime:0	dsertime:0	inbytes:0	sertime:0	outbytes:0	numKey:1456	owc:0
----- End of taks processed event ----

 INFO 07-15 18:01:47,602 CpuBottleneckDetectorImpl:63 [pool-8-thread-1] - Current cpu load: 0.0, # processed events: 0, consecutive: 0/2, threshold: 0.9 in VM-110
 INFO 07-15 18:01:48,602 SystemLoadProfiler:50 [pool-8-thread-1] - Average CPU Load: 0.0 in VM-110
 INFO 07-15 18:01:48,603 TaskEventRateCalculator:114 [pool-8-thread-1] - ---- Start of task processed event (# tasks: 1 in executor VM-110)----
METRICLOG/VM-110	Stage2-2-0	inputR: 0	inputP:0	output:0	inW:2026-07-15T17:55:35.290Z	ioutW:2026-07-15T17:55:35.290Z	ptime:0	dsertime:0	inbytes:0	sertime:0	outbytes:0	numKey:1456	owc:0
----- End of taks processed event ----

 INFO 07-15 18:01:48,603 CpuBottleneckDetectorImpl:63 [pool-8-thread-1] - Current cpu load: 0.0, # processed events: 0, consecutive: 0/2, threshold: 0.9 in VM-110
 INFO 07-15 18:01:49,602 SystemLoadProfiler:50 [pool-8-thread-1] - Average CPU Load: 0.0 in VM-110
 INFO 07-15 18:01:49,602 TaskEventRateCalculator:114 [pool-8-thread-1] - ---- Start of task processed event (# tasks: 1 in executor VM-110)----
METRICLOG/VM-110	Stage2-2-0	inputR: 0	inputP:0	output:0	inW:2026-07-15T17:55:35.290Z	ioutW:2026-07-15T17:55:35.290Z	ptime:0	dsertime:0	inbytes:0	sertime:0	outbytes:0	numKey:1456	owc:0
----- End of taks processed event ----

 INFO 07-15 18:01:49,602 CpuBottleneckDetectorImpl:63 [pool-8-thread-1] - Current cpu load: 0.0, # processed events: 0, consecutive: 0/2, threshold: 0.9 in VM-110
 INFO 07-15 18:01:50,602 SystemLoadProfiler:50 [pool-8-thread-1] - Average CPU Load: 0.0 in VM-110
 INFO 07-15 18:01:50,602 TaskEventRateCalculator:114 [pool-8-thread-1] - ---- Start of task processed event (# tasks: 1 in executor VM-110)----
METRICLOG/VM-110	Stage2-2-0	inputR: 0	inputP:0	output:0	inW:2026-07-15T17:55:35.290Z	ioutW:2026-07-15T17:55:35.290Z	ptime:0	dsertime:0	inbytes:0	sertime:0	outbytes:0	numKey:1456	owc:0
----- End of taks processed event ----

 INFO 07-15 18:01:50,602 CpuBottleneckDetectorImpl:63 [pool-8-thread-1] - Current cpu load: 0.0, # processed events: 0, consecutive: 0/2, threshold: 0.9 in VM-110
 INFO 07-15 18:01:51,601 SystemLoadProfiler:50 [pool-8-thread-1] - Average CPU Load: 0.0 in VM-110
 INFO 07-15 18:01:51,602 TaskEventRateCalculator:114 [pool-8-thread-1] - ---- Start of task processed event (# tasks: 1 in executor VM-110)----
METRICLOG/VM-110	Stage2-2-0	inputR: 0	inputP:0	output:0	inW:2026-07-15T17:55:35.290Z	ioutW:2026-07-15T17:55:35.290Z	ptime:0	dsertime:0	inbytes:0	sertime:0	outbytes:0	numKey:1456	owc:0
----- End of taks processed event ----

 INFO 07-15 18:01:51,602 CpuBottleneckDetectorImpl:63 [pool-8-thread-1] - Current cpu load: 0.0, # processed events: 0, consecutive: 0/2, threshold: 0.9 in VM-110
 INFO 07-15 18:01:52,601 SystemLoadProfiler:50 [pool-8-thread-1] - Average CPU Load: 0.0 in VM-110
 INFO 07-15 18:01:52,602 TaskEventRateCalculator:114 [pool-8-thread-1] - ---- Start of task processed event (# tasks: 1 in executor VM-110)----
METRICLOG/VM-110	Stage2-2-0	inputR: 0	inputP:0	output:0	inW:2026-07-15T17:55:35.290Z	ioutW:2026-07-15T17:55:35.290Z	ptime:0	dsertime:0	inbytes:0	sertime:0	outbytes:0	numKey:1456	owc:0
----- End of taks processed event ----

 INFO 07-15 18:01:52,602 CpuBottleneckDetectorImpl:63 [pool-8-thread-1] - Current cpu load: 0.0, # processed events: 0, consecutive: 0/2, threshold: 0.9 in VM-110
 INFO 07-15 18:01:53,601 SystemLoadProfiler:50 [pool-8-thread-1] - Average CPU Load: 0.0 in VM-110
 INFO 07-15 18:01:53,602 TaskEventRateCalculator:114 [pool-8-thread-1] - ---- Start of task processed event (# tasks: 1 in executor VM-110)----
METRICLOG/VM-110	Stage2-2-0	inputR: 0	inputP:0	output:0	inW:2026-07-15T17:55:35.290Z	ioutW:2026-07-15T17:55:35.290Z	ptime:0	dsertime:0	inbytes:0	sertime:0	outbytes:0	numKey:1456	owc:0
----- End of taks processed event ----

 INFO 07-15 18:01:53,602 CpuBottleneckDetectorImpl:63 [pool-8-thread-1] - Current cpu load: 0.0, # processed events: 0, consecutive: 0/2, threshold: 0.9 in VM-110
 INFO 07-15 18:01:54,602 SystemLoadProfiler:50 [pool-8-thread-1] - Average CPU Load: 0.0 in VM-110
 INFO 07-15 18:01:54,603 TaskEventRateCalculator:114 [pool-8-thread-1] - ---- Start of task processed event (# tasks: 1 in executor VM-110)----
METRICLOG/VM-110	Stage2-2-0	inputR: 0	inputP:0	output:0	inW:2026-07-15T17:55:35.290Z	ioutW:2026-07-15T17:55:35.290Z	ptime:0	dsertime:0	inbytes:0	sertime:0	outbytes:0	numKey:1456	owc:0
----- End of taks processed event ----

 INFO 07-15 18:01:54,603 CpuBottleneckDetectorImpl:63 [pool-8-thread-1] - Current cpu load: 0.0, # processed events: 0, consecutive: 0/2, threshold: 0.9 in VM-110
 INFO 07-15 18:01:55,601 SystemLoadProfiler:50 [pool-8-thread-1] - Average CPU Load: 0.0 in VM-110
 INFO 07-15 18:01:55,602 TaskEventRateCalculator:114 [pool-8-thread-1] - ---- Start of task processed event (# tasks: 1 in executor VM-110)----
METRICLOG/VM-110	Stage2-2-0	inputR: 0	inputP:0	output:0	inW:2026-07-15T17:55:35.290Z	ioutW:2026-07-15T17:55:35.290Z	ptime:0	dsertime:0	inbytes:0	sertime:0	outbytes:0	numKey:1456	owc:0
----- End of taks processed event ----

 INFO 07-15 18:01:55,602 CpuBottleneckDetectorImpl:63 [pool-8-thread-1] - Current cpu load: 0.0, # processed events: 0, consecutive: 0/2, threshold: 0.9 in VM-110
 INFO 07-15 18:01:56,601 SystemLoadProfiler:50 [pool-8-thread-1] - Average CPU Load: 0.0 in VM-110
 INFO 07-15 18:01:56,602 TaskEventRateCalculator:114 [pool-8-thread-1] - ---- Start of task processed event (# tasks: 1 in executor VM-110)----
METRICLOG/VM-110	Stage2-2-0	inputR: 0	inputP:0	output:0	inW:2026-07-15T17:55:35.290Z	ioutW:2026-07-15T17:55:35.290Z	ptime:0	dsertime:0	inbytes:0	sertime:0	outbytes:0	numKey:1456	owc:0
----- End of taks processed event ----

 INFO 07-15 18:01:56,602 CpuBottleneckDetectorImpl:63 [pool-8-thread-1] - Current cpu load: 0.0, # processed events: 0, consecutive: 0/2, threshold: 0.9 in VM-110
 INFO 07-15 18:01:57,601 SystemLoadProfiler:50 [pool-8-thread-1] - Average CPU Load: 0.0 in VM-110
 INFO 07-15 18:01:57,602 TaskEventRateCalculator:114 [pool-8-thread-1] - ---- Start of task processed event (# tasks: 1 in executor VM-110)----
METRICLOG/VM-110	Stage2-2-0	inputR: 0	inputP:0	output:0	inW:2026-07-15T17:55:35.290Z	ioutW:2026-07-15T17:55:35.290Z	ptime:0	dsertime:0	inbytes:0	sertime:0	outbytes:0	numKey:1456	owc:0
----- End of taks processed event ----

 INFO 07-15 18:01:57,602 CpuBottleneckDetectorImpl:63 [pool-8-thread-1] - Current cpu load: 0.0, # processed events: 0, consecutive: 0/2, threshold: 0.9 in VM-110
 INFO 07-15 18:01:58,601 SystemLoadProfiler:50 [pool-8-thread-1] - Average CPU Load: 0.0 in VM-110
 INFO 07-15 18:01:58,602 TaskEventRateCalculator:114 [pool-8-thread-1] - ---- Start of task processed event (# tasks: 1 in executor VM-110)----
METRICLOG/VM-110	Stage2-2-0	inputR: 0	inputP:0	output:0	inW:2026-07-15T17:55:35.290Z	ioutW:2026-07-15T17:55:35.290Z	ptime:0	dsertime:0	inbytes:0	sertime:0	outbytes:0	numKey:1456	owc:0
----- End of taks processed event ----

 INFO 07-15 18:01:58,602 CpuBottleneckDetectorImpl:63 [pool-8-thread-1] - Current cpu load: 0.0, # processed events: 0, consecutive: 0/2, threshold: 0.9 in VM-110
 INFO 07-15 18:01:59,601 SystemLoadProfiler:50 [pool-8-thread-1] - Average CPU Load: 0.0 in VM-110
 INFO 07-15 18:01:59,602 TaskEventRateCalculator:114 [pool-8-thread-1] - ---- Start of task processed event (# tasks: 1 in executor VM-110)----
METRICLOG/VM-110	Stage2-2-0	inputR: 0	inputP:0	output:0	inW:2026-07-15T17:55:35.290Z	ioutW:2026-07-15T17:55:35.290Z	ptime:0	dsertime:0	inbytes:0	sertime:0	outbytes:0	numKey:1456	owc:0
----- End of taks processed event ----

 INFO 07-15 18:01:59,602 CpuBottleneckDetectorImpl:63 [pool-8-thread-1] - Current cpu load: 0.0, # processed events: 0, consecutive: 0/2, threshold: 0.9 in VM-110
 INFO 07-15 18:02:00,601 SystemLoadProfiler:50 [pool-8-thread-1] - Average CPU Load: 0.0 in VM-110
 INFO 07-15 18:02:00,602 TaskEventRateCalculator:114 [pool-8-thread-1] - ---- Start of task processed event (# tasks: 1 in executor VM-110)----
METRICLOG/VM-110	Stage2-2-0	inputR: 0	inputP:0	output:0	inW:2026-07-15T17:55:35.290Z	ioutW:2026-07-15T17:55:35.290Z	ptime:0	dsertime:0	inbytes:0	sertime:0	outbytes:0	numKey:1456	owc:0
----- End of taks processed event ----

 INFO 07-15 18:02:00,602 CpuBottleneckDetectorImpl:63 [pool-8-thread-1] - Current cpu load: 0.0, # processed events: 0, consecutive: 0/2, threshold: 0.9 in VM-110
 INFO 07-15 18:02:01,601 SystemLoadProfiler:50 [pool-8-thread-1] - Average CPU Load: 0.0 in VM-110
 INFO 07-15 18:02:01,602 TaskEventRateCalculator:114 [pool-8-thread-1] - ---- Start of task processed event (# tasks: 1 in executor VM-110)----
METRICLOG/VM-110	Stage2-2-0	inputR: 0	inputP:0	output:0	inW:2026-07-15T17:55:35.290Z	ioutW:2026-07-15T17:55:35.290Z	ptime:0	dsertime:0	inbytes:0	sertime:0	outbytes:0	numKey:1456	owc:0
----- End of taks processed event ----

 INFO 07-15 18:02:01,602 CpuBottleneckDetectorImpl:63 [pool-8-thread-1] - Current cpu load: 0.0, # processed events: 0, consecutive: 0/2, threshold: 0.9 in VM-110
 INFO 07-15 18:02:02,601 SystemLoadProfiler:50 [pool-8-thread-1] - Average CPU Load: 0.0 in VM-110
 INFO 07-15 18:02:02,602 TaskEventRateCalculator:114 [pool-8-thread-1] - ---- Start of task processed event (# tasks: 1 in executor VM-110)----
METRICLOG/VM-110	Stage2-2-0	inputR: 0	inputP:0	output:0	inW:2026-07-15T17:55:35.290Z	ioutW:2026-07-15T17:55:35.290Z	ptime:0	dsertime:0	inbytes:0	sertime:0	outbytes:0	numKey:1456	owc:0
----- End of taks processed event ----

 INFO 07-15 18:02:02,602 CpuBottleneckDetectorImpl:63 [pool-8-thread-1] - Current cpu load: 0.0, # processed events: 0, consecutive: 0/2, threshold: 0.9 in VM-110
 INFO 07-15 18:02:03,602 SystemLoadProfiler:50 [pool-8-thread-1] - Average CPU Load: 0.0 in VM-110
 INFO 07-15 18:02:03,602 TaskEventRateCalculator:114 [pool-8-thread-1] - ---- Start of task processed event (# tasks: 1 in executor VM-110)----
METRICLOG/VM-110	Stage2-2-0	inputR: 0	inputP:0	output:0	inW:2026-07-15T17:55:35.290Z	ioutW:2026-07-15T17:55:35.290Z	ptime:0	dsertime:0	inbytes:0	sertime:0	outbytes:0	numKey:1456	owc:0
----- End of taks processed event ----

 INFO 07-15 18:02:03,602 CpuBottleneckDetectorImpl:63 [pool-8-thread-1] - Current cpu load: 0.0, # processed events: 0, consecutive: 0/2, threshold: 0.9 in VM-110
 INFO 07-15 18:02:04,601 SystemLoadProfiler:50 [pool-8-thread-1] - Average CPU Load: 0.0 in VM-110
 INFO 07-15 18:02:04,602 TaskEventRateCalculator:114 [pool-8-thread-1] - ---- Start of task processed event (# tasks: 1 in executor VM-110)----
METRICLOG/VM-110	Stage2-2-0	inputR: 0	inputP:0	output:0	inW:2026-07-15T17:55:35.290Z	ioutW:2026-07-15T17:55:35.290Z	ptime:0	dsertime:0	inbytes:0	sertime:0	outbytes:0	numKey:1456	owc:0
----- End of taks processed event ----

 INFO 07-15 18:02:04,602 CpuBottleneckDetectorImpl:63 [pool-8-thread-1] - Current cpu load: 0.0, # processed events: 0, consecutive: 0/2, threshold: 0.9 in VM-110
 INFO 07-15 18:02:05,601 SystemLoadProfiler:50 [pool-8-thread-1] - Average CPU Load: 0.0 in VM-110
 INFO 07-15 18:02:05,602 TaskEventRateCalculator:114 [pool-8-thread-1] - ---- Start of task processed event (# tasks: 1 in executor VM-110)----
METRICLOG/VM-110	Stage2-2-0	inputR: 0	inputP:0	output:0	inW:2026-07-15T17:55:35.290Z	ioutW:2026-07-15T17:55:35.290Z	ptime:0	dsertime:0	inbytes:0	sertime:0	outbytes:0	numKey:1456	owc:0
----- End of taks processed event ----

 INFO 07-15 18:02:05,602 CpuBottleneckDetectorImpl:63 [pool-8-thread-1] - Current cpu load: 0.0, # processed events: 0, consecutive: 0/2, threshold: 0.9 in VM-110
 INFO 07-15 18:02:06,601 SystemLoadProfiler:50 [pool-8-thread-1] - Average CPU Load: 0.0 in VM-110
 INFO 07-15 18:02:06,602 TaskEventRateCalculator:114 [pool-8-thread-1] - ---- Start of task processed event (# tasks: 1 in executor VM-110)----
METRICLOG/VM-110	Stage2-2-0	inputR: 0	inputP:0	output:0	inW:2026-07-15T17:55:35.290Z	ioutW:2026-07-15T17:55:35.290Z	ptime:0	dsertime:0	inbytes:0	sertime:0	outbytes:0	numKey:1456	owc:0
----- End of taks processed event ----

 INFO 07-15 18:02:06,602 CpuBottleneckDetectorImpl:63 [pool-8-thread-1] - Current cpu load: 0.0, # processed events: 0, consecutive: 0/2, threshold: 0.9 in VM-110
 INFO 07-15 18:02:07,601 SystemLoadProfiler:50 [pool-8-thread-1] - Average CPU Load: 0.0 in VM-110
 INFO 07-15 18:02:07,602 TaskEventRateCalculator:114 [pool-8-thread-1] - ---- Start of task processed event (# tasks: 1 in executor VM-110)----
METRICLOG/VM-110	Stage2-2-0	inputR: 0	inputP:0	output:0	inW:2026-07-15T17:55:35.290Z	ioutW:2026-07-15T17:55:35.290Z	ptime:0	dsertime:0	inbytes:0	sertime:0	outbytes:0	numKey:1456	owc:0
----- End of taks processed event ----

 INFO 07-15 18:02:07,602 CpuBottleneckDetectorImpl:63 [pool-8-thread-1] - Current cpu load: 0.0, # processed events: 0, consecutive: 0/2, threshold: 0.9 in VM-110
 INFO 07-15 18:02:08,601 SystemLoadProfiler:50 [pool-8-thread-1] - Average CPU Load: 0.0 in VM-110
 INFO 07-15 18:02:08,602 TaskEventRateCalculator:114 [pool-8-thread-1] - ---- Start of task processed event (# tasks: 1 in executor VM-110)----
METRICLOG/VM-110	Stage2-2-0	inputR: 0	inputP:0	output:0	inW:2026-07-15T17:55:35.290Z	ioutW:2026-07-15T17:55:35.290Z	ptime:0	dsertime:0	inbytes:0	sertime:0	outbytes:0	numKey:1456	owc:0
----- End of taks processed event ----

 INFO 07-15 18:02:08,602 CpuBottleneckDetectorImpl:63 [pool-8-thread-1] - Current cpu load: 0.0, # processed events: 0, consecutive: 0/2, threshold: 0.9 in VM-110
 INFO 07-15 18:02:09,601 SystemLoadProfiler:50 [pool-8-thread-1] - Average CPU Load: 0.0 in VM-110
 INFO 07-15 18:02:09,602 TaskEventRateCalculator:114 [pool-8-thread-1] - ---- Start of task processed event (# tasks: 1 in executor VM-110)----
METRICLOG/VM-110	Stage2-2-0	inputR: 0	inputP:0	output:0	inW:2026-07-15T17:55:35.290Z	ioutW:2026-07-15T17:55:35.290Z	ptime:0	dsertime:0	inbytes:0	sertime:0	outbytes:0	numKey:1456	owc:0
----- End of taks processed event ----

 INFO 07-15 18:02:09,602 CpuBottleneckDetectorImpl:63 [pool-8-thread-1] - Current cpu load: 0.0, # processed events: 0, consecutive: 0/2, threshold: 0.9 in VM-110
 INFO 07-15 18:02:10,601 SystemLoadProfiler:50 [pool-8-thread-1] - Average CPU Load: 0.0 in VM-110
 INFO 07-15 18:02:10,602 TaskEventRateCalculator:114 [pool-8-thread-1] - ---- Start of task processed event (# tasks: 1 in executor VM-110)----
METRICLOG/VM-110	Stage2-2-0	inputR: 0	inputP:0	output:0	inW:2026-07-15T17:55:35.290Z	ioutW:2026-07-15T17:55:35.290Z	ptime:0	dsertime:0	inbytes:0	sertime:0	outbytes:0	numKey:1456	owc:0
----- End of taks processed event ----

 INFO 07-15 18:02:10,602 CpuBottleneckDetectorImpl:63 [pool-8-thread-1] - Current cpu load: 0.0, # processed events: 0, consecutive: 0/2, threshold: 0.9 in VM-110
 INFO 07-15 18:02:11,601 SystemLoadProfiler:50 [pool-8-thread-1] - Average CPU Load: 0.0 in VM-110
 INFO 07-15 18:02:11,602 TaskEventRateCalculator:114 [pool-8-thread-1] - ---- Start of task processed event (# tasks: 1 in executor VM-110)----
METRICLOG/VM-110	Stage2-2-0	inputR: 0	inputP:0	output:0	inW:2026-07-15T17:55:35.290Z	ioutW:2026-07-15T17:55:35.290Z	ptime:0	dsertime:0	inbytes:0	sertime:0	outbytes:0	numKey:1456	owc:0
----- End of taks processed event ----

 INFO 07-15 18:02:11,602 CpuBottleneckDetectorImpl:63 [pool-8-thread-1] - Current cpu load: 0.0, # processed events: 0, consecutive: 0/2, threshold: 0.9 in VM-110
 INFO 07-15 18:02:12,601 SystemLoadProfiler:50 [pool-8-thread-1] - Average CPU Load: 0.0 in VM-110
 INFO 07-15 18:02:12,602 TaskEventRateCalculator:114 [pool-8-thread-1] - ---- Start of task processed event (# tasks: 1 in executor VM-110)----
METRICLOG/VM-110	Stage2-2-0	inputR: 0	inputP:0	output:0	inW:2026-07-15T17:55:35.290Z	ioutW:2026-07-15T17:55:35.290Z	ptime:0	dsertime:0	inbytes:0	sertime:0	outbytes:0	numKey:1456	owc:0
----- End of taks processed event ----

 INFO 07-15 18:02:12,602 CpuBottleneckDetectorImpl:63 [pool-8-thread-1] - Current cpu load: 0.0, # processed events: 0, consecutive: 0/2, threshold: 0.9 in VM-110
 INFO 07-15 18:02:13,602 SystemLoadProfiler:50 [pool-8-thread-1] - Average CPU Load: 0.0 in VM-110
 INFO 07-15 18:02:13,602 TaskEventRateCalculator:114 [pool-8-thread-1] - ---- Start of task processed event (# tasks: 1 in executor VM-110)----
METRICLOG/VM-110	Stage2-2-0	inputR: 0	inputP:0	output:0	inW:2026-07-15T17:55:35.290Z	ioutW:2026-07-15T17:55:35.290Z	ptime:0	dsertime:0	inbytes:0	sertime:0	outbytes:0	numKey:1456	owc:0
----- End of taks processed event ----

 INFO 07-15 18:02:13,602 CpuBottleneckDetectorImpl:63 [pool-8-thread-1] - Current cpu load: 0.0, # processed events: 0, consecutive: 0/2, threshold: 0.9 in VM-110
 INFO 07-15 18:02:14,602 SystemLoadProfiler:50 [pool-8-thread-1] - Average CPU Load: 0.0 in VM-110
 INFO 07-15 18:02:14,602 TaskEventRateCalculator:114 [pool-8-thread-1] - ---- Start of task processed event (# tasks: 1 in executor VM-110)----
METRICLOG/VM-110	Stage2-2-0	inputR: 0	inputP:0	output:0	inW:2026-07-15T17:55:35.290Z	ioutW:2026-07-15T17:55:35.290Z	ptime:0	dsertime:0	inbytes:0	sertime:0	outbytes:0	numKey:1456	owc:0
----- End of taks processed event ----

 INFO 07-15 18:02:14,602 CpuBottleneckDetectorImpl:63 [pool-8-thread-1] - Current cpu load: 0.0, # processed events: 0, consecutive: 0/2, threshold: 0.9 in VM-110
 INFO 07-15 18:02:15,259 Executor$ExecutorMessageReceiver:1422 [pool-16-thread-9] - Stopping task Stage2-2-0 in executor VM-110
 INFO 07-15 18:02:15,601 SystemLoadProfiler:50 [pool-8-thread-1] - Average CPU Load: 0.0 in VM-110
 INFO 07-15 18:02:15,602 TaskEventRateCalculator:114 [pool-8-thread-1] - ---- Start of task processed event (# tasks: 1 in executor VM-110)----
METRICLOG/VM-110	Stage2-2-0	inputR: 0	inputP:0	output:0	inW:2026-07-15T17:55:35.290Z	ioutW:2026-07-15T17:55:35.290Z	ptime:0	dsertime:0	inbytes:0	sertime:0	outbytes:0	numKey:1456	owc:0
----- End of taks processed event ----

 INFO 07-15 18:02:15,602 CpuBottleneckDetectorImpl:63 [pool-8-thread-1] - Current cpu load: 0.0, # processed events: 0, consecutive: 0/2, threshold: 0.9 in VM-110
 INFO 07-15 18:02:16,602 SystemLoadProfiler:50 [pool-8-thread-1] - Average CPU Load: 0.0 in VM-110
 INFO 07-15 18:02:16,602 TaskEventRateCalculator:114 [pool-8-thread-1] - ---- Start of task processed event (# tasks: 1 in executor VM-110)----
METRICLOG/VM-110	Stage2-2-0	inputR: 0	inputP:0	output:0	inW:2026-07-15T17:55:35.290Z	ioutW:2026-07-15T17:55:35.290Z	ptime:0	dsertime:0	inbytes:0	sertime:0	outbytes:0	numKey:1456	owc:0
----- End of taks processed event ----

 INFO 07-15 18:02:16,602 CpuBottleneckDetectorImpl:63 [pool-8-thread-1] - Current cpu load: 0.0, # processed events: 0, consecutive: 0/2, threshold: 0.9 in VM-110
 INFO 07-15 18:02:17,601 SystemLoadProfiler:50 [pool-8-thread-1] - Average CPU Load: 0.0 in VM-110
 INFO 07-15 18:02:17,602 TaskEventRateCalculator:114 [pool-8-thread-1] - ---- Start of task processed event (# tasks: 1 in executor VM-110)----
METRICLOG/VM-110	Stage2-2-0	inputR: 0	inputP:0	output:0	inW:2026-07-15T17:55:35.290Z	ioutW:2026-07-15T17:55:35.290Z	ptime:0	dsertime:0	inbytes:0	sertime:0	outbytes:0	numKey:1456	owc:0
----- End of taks processed event ----

 INFO 07-15 18:02:17,602 CpuBottleneckDetectorImpl:63 [pool-8-thread-1] - Current cpu load: 0.0, # processed events: 0, consecutive: 0/2, threshold: 0.9 in VM-110
 INFO 07-15 18:02:18,601 SystemLoadProfiler:50 [pool-8-thread-1] - Average CPU Load: 0.0 in VM-110
 INFO 07-15 18:02:18,602 TaskEventRateCalculator:114 [pool-8-thread-1] - ---- Start of task processed event (# tasks: 1 in executor VM-110)----
METRICLOG/VM-110	Stage2-2-0	inputR: 0	inputP:0	output:0	inW:2026-07-15T17:55:35.290Z	ioutW:2026-07-15T17:55:35.290Z	ptime:0	dsertime:0	inbytes:0	sertime:0	outbytes:0	numKey:1456	owc:0
----- End of taks processed event ----

 INFO 07-15 18:02:18,602 CpuBottleneckDetectorImpl:63 [pool-8-thread-1] - Current cpu load: 0.0, # processed events: 0, consecutive: 0/2, threshold: 0.9 in VM-110
 INFO 07-15 18:02:19,601 SystemLoadProfiler:50 [pool-8-thread-1] - Average CPU Load: 0.0 in VM-110
 INFO 07-15 18:02:19,602 TaskEventRateCalculator:114 [pool-8-thread-1] - ---- Start of task processed event (# tasks: 1 in executor VM-110)----
METRICLOG/VM-110	Stage2-2-0	inputR: 0	inputP:0	output:0	inW:2026-07-15T17:55:35.290Z	ioutW:2026-07-15T17:55:35.290Z	ptime:0	dsertime:0	inbytes:0	sertime:0	outbytes:0	numKey:1456	owc:0
----- End of taks processed event ----

 INFO 07-15 18:02:19,602 CpuBottleneckDetectorImpl:63 [pool-8-thread-1] - Current cpu load: 0.0, # processed events: 0, consecutive: 0/2, threshold: 0.9 in VM-110
 INFO 07-15 18:02:20,601 SystemLoadProfiler:50 [pool-8-thread-1] - Average CPU Load: 0.0 in VM-110
 INFO 07-15 18:02:20,602 TaskEventRateCalculator:114 [pool-8-thread-1] - ---- Start of task processed event (# tasks: 1 in executor VM-110)----
METRICLOG/VM-110	Stage2-2-0	inputR: 0	inputP:0	output:0	inW:2026-07-15T17:55:35.290Z	ioutW:2026-07-15T17:55:35.290Z	ptime:0	dsertime:0	inbytes:0	sertime:0	outbytes:0	numKey:1456	owc:0
----- End of taks processed event ----

 INFO 07-15 18:02:20,602 CpuBottleneckDetectorImpl:63 [pool-8-thread-1] - Current cpu load: 0.0, # processed events: 0, consecutive: 0/2, threshold: 0.9 in VM-110
 INFO 07-15 18:02:21,601 SystemLoadProfiler:50 [pool-8-thread-1] - Average CPU Load: 0.0 in VM-110
 INFO 07-15 18:02:21,602 TaskEventRateCalculator:114 [pool-8-thread-1] - ---- Start of task processed event (# tasks: 1 in executor VM-110)----
METRICLOG/VM-110	Stage2-2-0	inputR: 0	inputP:0	output:0	inW:2026-07-15T17:55:35.290Z	ioutW:2026-07-15T17:55:35.290Z	ptime:0	dsertime:0	inbytes:0	sertime:0	outbytes:0	numKey:1456	owc:0
----- End of taks processed event ----

 INFO 07-15 18:02:21,602 CpuBottleneckDetectorImpl:63 [pool-8-thread-1] - Current cpu load: 0.0, # processed events: 0, consecutive: 0/2, threshold: 0.9 in VM-110
 INFO 07-15 18:02:22,601 SystemLoadProfiler:50 [pool-8-thread-1] - Average CPU Load: 0.0 in VM-110
 INFO 07-15 18:02:22,602 TaskEventRateCalculator:114 [pool-8-thread-1] - ---- Start of task processed event (# tasks: 1 in executor VM-110)----
METRICLOG/VM-110	Stage2-2-0	inputR: 0	inputP:0	output:0	inW:2026-07-15T17:55:35.290Z	ioutW:2026-07-15T17:55:35.290Z	ptime:0	dsertime:0	inbytes:0	sertime:0	outbytes:0	numKey:1456	owc:0
----- End of taks processed event ----

 INFO 07-15 18:02:22,602 CpuBottleneckDetectorImpl:63 [pool-8-thread-1] - Current cpu load: 0.0, # processed events: 0, consecutive: 0/2, threshold: 0.9 in VM-110
 INFO 07-15 18:02:23,601 SystemLoadProfiler:50 [pool-8-thread-1] - Average CPU Load: 0.0 in VM-110
 INFO 07-15 18:02:23,602 TaskEventRateCalculator:114 [pool-8-thread-1] - ---- Start of task processed event (# tasks: 1 in executor VM-110)----
METRICLOG/VM-110	Stage2-2-0	inputR: 0	inputP:0	output:0	inW:2026-07-15T17:55:35.290Z	ioutW:2026-07-15T17:55:35.290Z	ptime:0	dsertime:0	inbytes:0	sertime:0	outbytes:0	numKey:1456	owc:0
----- End of taks processed event ----

 INFO 07-15 18:02:23,602 CpuBottleneckDetectorImpl:63 [pool-8-thread-1] - Current cpu load: 0.0, # processed events: 0, consecutive: 0/2, threshold: 0.9 in VM-110
 INFO 07-15 18:02:24,601 SystemLoadProfiler:50 [pool-8-thread-1] - Average CPU Load: 0.0 in VM-110
 INFO 07-15 18:02:24,602 TaskEventRateCalculator:114 [pool-8-thread-1] - ---- Start of task processed event (# tasks: 1 in executor VM-110)----
METRICLOG/VM-110	Stage2-2-0	inputR: 0	inputP:0	output:0	inW:2026-07-15T17:55:35.290Z	ioutW:2026-07-15T17:55:35.290Z	ptime:0	dsertime:0	inbytes:0	sertime:0	outbytes:0	numKey:1456	owc:0
----- End of taks processed event ----

 INFO 07-15 18:02:24,602 CpuBottleneckDetectorImpl:63 [pool-8-thread-1] - Current cpu load: 0.0, # processed events: 0, consecutive: 0/2, threshold: 0.9 in VM-110
 INFO 07-15 18:02:25,601 SystemLoadProfiler:50 [pool-8-thread-1] - Average CPU Load: 0.0 in VM-110
 INFO 07-15 18:02:25,602 TaskEventRateCalculator:114 [pool-8-thread-1] - ---- Start of task processed event (# tasks: 1 in executor VM-110)----
METRICLOG/VM-110	Stage2-2-0	inputR: 0	inputP:0	output:0	inW:2026-07-15T17:55:35.290Z	ioutW:2026-07-15T17:55:35.290Z	ptime:0	dsertime:0	inbytes:0	sertime:0	outbytes:0	numKey:1456	owc:0
----- End of taks processed event ----

 INFO 07-15 18:02:25,602 CpuBottleneckDetectorImpl:63 [pool-8-thread-1] - Current cpu load: 0.0, # processed events: 0, consecutive: 0/2, threshold: 0.9 in VM-110
 INFO 07-15 18:02:26,601 SystemLoadProfiler:50 [pool-8-thread-1] - Average CPU Load: 0.0 in VM-110
 INFO 07-15 18:02:26,602 TaskEventRateCalculator:114 [pool-8-thread-1] - ---- Start of task processed event (# tasks: 1 in executor VM-110)----
METRICLOG/VM-110	Stage2-2-0	inputR: 0	inputP:0	output:0	inW:2026-07-15T17:55:35.290Z	ioutW:2026-07-15T17:55:35.290Z	ptime:0	dsertime:0	inbytes:0	sertime:0	outbytes:0	numKey:1456	owc:0
----- End of taks processed event ----

 INFO 07-15 18:02:26,602 CpuBottleneckDetectorImpl:63 [pool-8-thread-1] - Current cpu load: 0.0, # processed events: 0, consecutive: 0/2, threshold: 0.9 in VM-110
 INFO 07-15 18:02:27,601 SystemLoadProfiler:50 [pool-8-thread-1] - Average CPU Load: 0.0 in VM-110
 INFO 07-15 18:02:27,602 TaskEventRateCalculator:114 [pool-8-thread-1] - ---- Start of task processed event (# tasks: 1 in executor VM-110)----
METRICLOG/VM-110	Stage2-2-0	inputR: 0	inputP:0	output:0	inW:2026-07-15T17:55:35.290Z	ioutW:2026-07-15T17:55:35.290Z	ptime:0	dsertime:0	inbytes:0	sertime:0	outbytes:0	numKey:1456	owc:0
----- End of taks processed event ----

 INFO 07-15 18:02:27,602 CpuBottleneckDetectorImpl:63 [pool-8-thread-1] - Current cpu load: 0.0, # processed events: 0, consecutive: 0/2, threshold: 0.9 in VM-110
 INFO 07-15 18:02:28,601 SystemLoadProfiler:50 [pool-8-thread-1] - Average CPU Load: 0.0 in VM-110
 INFO 07-15 18:02:28,602 TaskEventRateCalculator:114 [pool-8-thread-1] - ---- Start of task processed event (# tasks: 1 in executor VM-110)----
METRICLOG/VM-110	Stage2-2-0	inputR: 0	inputP:0	output:0	inW:2026-07-15T17:55:35.290Z	ioutW:2026-07-15T17:55:35.290Z	ptime:0	dsertime:0	inbytes:0	sertime:0	outbytes:0	numKey:1456	owc:0
----- End of taks processed event ----

 INFO 07-15 18:02:28,602 CpuBottleneckDetectorImpl:63 [pool-8-thread-1] - Current cpu load: 0.0, # processed events: 0, consecutive: 0/2, threshold: 0.9 in VM-110
 INFO 07-15 18:02:29,602 SystemLoadProfiler:50 [pool-8-thread-1] - Average CPU Load: 0.0 in VM-110
 INFO 07-15 18:02:29,602 TaskEventRateCalculator:114 [pool-8-thread-1] - ---- Start of task processed event (# tasks: 1 in executor VM-110)----
METRICLOG/VM-110	Stage2-2-0	inputR: 0	inputP:0	output:0	inW:2026-07-15T17:55:35.290Z	ioutW:2026-07-15T17:55:35.290Z	ptime:0	dsertime:0	inbytes:0	sertime:0	outbytes:0	numKey:1456	owc:0
----- End of taks processed event ----

 INFO 07-15 18:02:29,602 CpuBottleneckDetectorImpl:63 [pool-8-thread-1] - Current cpu load: 0.0, # processed events: 0, consecutive: 0/2, threshold: 0.9 in VM-110
 INFO 07-15 18:02:30,601 SystemLoadProfiler:50 [pool-8-thread-1] - Average CPU Load: 0.0 in VM-110
 INFO 07-15 18:02:30,602 TaskEventRateCalculator:114 [pool-8-thread-1] - ---- Start of task processed event (# tasks: 1 in executor VM-110)----
METRICLOG/VM-110	Stage2-2-0	inputR: 0	inputP:0	output:0	inW:2026-07-15T17:55:35.290Z	ioutW:2026-07-15T17:55:35.290Z	ptime:0	dsertime:0	inbytes:0	sertime:0	outbytes:0	numKey:1456	owc:0
----- End of taks processed event ----

 INFO 07-15 18:02:30,602 CpuBottleneckDetectorImpl:63 [pool-8-thread-1] - Current cpu load: 0.0, # processed events: 0, consecutive: 0/2, threshold: 0.9 in VM-110
 INFO 07-15 18:02:31,601 SystemLoadProfiler:50 [pool-8-thread-1] - Average CPU Load: 0.0 in VM-110
 INFO 07-15 18:02:31,602 TaskEventRateCalculator:114 [pool-8-thread-1] - ---- Start of task processed event (# tasks: 1 in executor VM-110)----
METRICLOG/VM-110	Stage2-2-0	inputR: 0	inputP:0	output:0	inW:2026-07-15T17:55:35.290Z	ioutW:2026-07-15T17:55:35.290Z	ptime:0	dsertime:0	inbytes:0	sertime:0	outbytes:0	numKey:1456	owc:0
----- End of taks processed event ----

 INFO 07-15 18:02:31,602 CpuBottleneckDetectorImpl:63 [pool-8-thread-1] - Current cpu load: 0.0, # processed events: 0, consecutive: 0/2, threshold: 0.9 in VM-110
 INFO 07-15 18:02:32,601 SystemLoadProfiler:50 [pool-8-thread-1] - Average CPU Load: 0.0 in VM-110
 INFO 07-15 18:02:32,602 TaskEventRateCalculator:114 [pool-8-thread-1] - ---- Start of task processed event (# tasks: 1 in executor VM-110)----
METRICLOG/VM-110	Stage2-2-0	inputR: 0	inputP:0	output:0	inW:2026-07-15T17:55:35.290Z	ioutW:2026-07-15T17:55:35.290Z	ptime:0	dsertime:0	inbytes:0	sertime:0	outbytes:0	numKey:1456	owc:0
----- End of taks processed event ----

 INFO 07-15 18:02:32,602 CpuBottleneckDetectorImpl:63 [pool-8-thread-1] - Current cpu load: 0.0, # processed events: 0, consecutive: 0/2, threshold: 0.9 in VM-110
 INFO 07-15 18:02:33,601 SystemLoadProfiler:50 [pool-8-thread-1] - Average CPU Load: 0.0 in VM-110
 INFO 07-15 18:02:33,602 TaskEventRateCalculator:114 [pool-8-thread-1] - ---- Start of task processed event (# tasks: 1 in executor VM-110)----
METRICLOG/VM-110	Stage2-2-0	inputR: 0	inputP:0	output:0	inW:2026-07-15T17:55:35.290Z	ioutW:2026-07-15T17:55:35.290Z	ptime:0	dsertime:0	inbytes:0	sertime:0	outbytes:0	numKey:1456	owc:0
----- End of taks processed event ----

 INFO 07-15 18:02:33,602 CpuBottleneckDetectorImpl:63 [pool-8-thread-1] - Current cpu load: 0.0, # processed events: 0, consecutive: 0/2, threshold: 0.9 in VM-110
 INFO 07-15 18:02:34,601 SystemLoadProfiler:50 [pool-8-thread-1] - Average CPU Load: 0.0 in VM-110
 INFO 07-15 18:02:34,602 TaskEventRateCalculator:114 [pool-8-thread-1] - ---- Start of task processed event (# tasks: 1 in executor VM-110)----
METRICLOG/VM-110	Stage2-2-0	inputR: 0	inputP:0	output:0	inW:2026-07-15T17:55:35.290Z	ioutW:2026-07-15T17:55:35.290Z	ptime:0	dsertime:0	inbytes:0	sertime:0	outbytes:0	numKey:1456	owc:0
----- End of taks processed event ----

 INFO 07-15 18:02:34,602 CpuBottleneckDetectorImpl:63 [pool-8-thread-1] - Current cpu load: 0.0, # processed events: 0, consecutive: 0/2, threshold: 0.9 in VM-110
 INFO 07-15 18:02:35,601 SystemLoadProfiler:50 [pool-8-thread-1] - Average CPU Load: 0.0 in VM-110
 INFO 07-15 18:02:35,602 TaskEventRateCalculator:114 [pool-8-thread-1] - ---- Start of task processed event (# tasks: 1 in executor VM-110)----
METRICLOG/VM-110	Stage2-2-0	inputR: 0	inputP:0	output:0	inW:2026-07-15T17:55:35.290Z	ioutW:2026-07-15T17:55:35.290Z	ptime:0	dsertime:0	inbytes:0	sertime:0	outbytes:0	numKey:1456	owc:0
----- End of taks processed event ----

 INFO 07-15 18:02:35,602 CpuBottleneckDetectorImpl:63 [pool-8-thread-1] - Current cpu load: 0.0, # processed events: 0, consecutive: 0/2, threshold: 0.9 in VM-110
 INFO 07-15 18:02:36,601 SystemLoadProfiler:50 [pool-8-thread-1] - Average CPU Load: 0.0 in VM-110
 INFO 07-15 18:02:36,602 TaskEventRateCalculator:114 [pool-8-thread-1] - ---- Start of task processed event (# tasks: 1 in executor VM-110)----
METRICLOG/VM-110	Stage2-2-0	inputR: 0	inputP:0	output:0	inW:2026-07-15T17:55:35.290Z	ioutW:2026-07-15T17:55:35.290Z	ptime:0	dsertime:0	inbytes:0	sertime:0	outbytes:0	numKey:1456	owc:0
----- End of taks processed event ----

 INFO 07-15 18:02:36,602 CpuBottleneckDetectorImpl:63 [pool-8-thread-1] - Current cpu load: 0.0, # processed events: 0, consecutive: 0/2, threshold: 0.9 in VM-110
 INFO 07-15 18:02:37,601 SystemLoadProfiler:50 [pool-8-thread-1] - Average CPU Load: 0.0 in VM-110
 INFO 07-15 18:02:37,602 TaskEventRateCalculator:114 [pool-8-thread-1] - ---- Start of task processed event (# tasks: 1 in executor VM-110)----
METRICLOG/VM-110	Stage2-2-0	inputR: 0	inputP:0	output:0	inW:2026-07-15T17:55:35.290Z	ioutW:2026-07-15T17:55:35.290Z	ptime:0	dsertime:0	inbytes:0	sertime:0	outbytes:0	numKey:1456	owc:0
----- End of taks processed event ----

 INFO 07-15 18:02:37,602 CpuBottleneckDetectorImpl:63 [pool-8-thread-1] - Current cpu load: 0.0, # processed events: 0, consecutive: 0/2, threshold: 0.9 in VM-110
 INFO 07-15 18:02:38,601 SystemLoadProfiler:50 [pool-8-thread-1] - Average CPU Load: 0.0 in VM-110
 INFO 07-15 18:02:38,602 TaskEventRateCalculator:114 [pool-8-thread-1] - ---- Start of task processed event (# tasks: 1 in executor VM-110)----
METRICLOG/VM-110	Stage2-2-0	inputR: 0	inputP:0	output:0	inW:2026-07-15T17:55:35.290Z	ioutW:2026-07-15T17:55:35.290Z	ptime:0	dsertime:0	inbytes:0	sertime:0	outbytes:0	numKey:1456	owc:0
----- End of taks processed event ----

 INFO 07-15 18:02:38,602 CpuBottleneckDetectorImpl:63 [pool-8-thread-1] - Current cpu load: 0.0, # processed events: 0, consecutive: 0/2, threshold: 0.9 in VM-110
 INFO 07-15 18:02:39,601 SystemLoadProfiler:50 [pool-8-thread-1] - Average CPU Load: 0.0 in VM-110
 INFO 07-15 18:02:39,602 TaskEventRateCalculator:114 [pool-8-thread-1] - ---- Start of task processed event (# tasks: 1 in executor VM-110)----
METRICLOG/VM-110	Stage2-2-0	inputR: 0	inputP:0	output:0	inW:2026-07-15T17:55:35.290Z	ioutW:2026-07-15T17:55:35.290Z	ptime:0	dsertime:0	inbytes:0	sertime:0	outbytes:0	numKey:1456	owc:0
----- End of taks processed event ----

 INFO 07-15 18:02:39,602 CpuBottleneckDetectorImpl:63 [pool-8-thread-1] - Current cpu load: 0.0, # processed events: 0, consecutive: 0/2, threshold: 0.9 in VM-110
 INFO 07-15 18:02:40,601 SystemLoadProfiler:50 [pool-8-thread-1] - Average CPU Load: 0.0 in VM-110
 INFO 07-15 18:02:40,602 TaskEventRateCalculator:114 [pool-8-thread-1] - ---- Start of task processed event (# tasks: 1 in executor VM-110)----
METRICLOG/VM-110	Stage2-2-0	inputR: 0	inputP:0	output:0	inW:2026-07-15T17:55:35.290Z	ioutW:2026-07-15T17:55:35.290Z	ptime:0	dsertime:0	inbytes:0	sertime:0	outbytes:0	numKey:1456	owc:0
----- End of taks processed event ----

 INFO 07-15 18:02:40,602 CpuBottleneckDetectorImpl:63 [pool-8-thread-1] - Current cpu load: 0.0, # processed events: 0, consecutive: 0/2, threshold: 0.9 in VM-110
 INFO 07-15 18:02:41,601 SystemLoadProfiler:50 [pool-8-thread-1] - Average CPU Load: 0.0 in VM-110
 INFO 07-15 18:02:41,602 TaskEventRateCalculator:114 [pool-8-thread-1] - ---- Start of task processed event (# tasks: 1 in executor VM-110)----
METRICLOG/VM-110	Stage2-2-0	inputR: 0	inputP:0	output:0	inW:2026-07-15T17:55:35.290Z	ioutW:2026-07-15T17:55:35.290Z	ptime:0	dsertime:0	inbytes:0	sertime:0	outbytes:0	numKey:1456	owc:0
----- End of taks processed event ----

 INFO 07-15 18:02:41,602 CpuBottleneckDetectorImpl:63 [pool-8-thread-1] - Current cpu load: 0.0, # processed events: 0, consecutive: 0/2, threshold: 0.9 in VM-110
 INFO 07-15 18:02:42,601 SystemLoadProfiler:50 [pool-8-thread-1] - Average CPU Load: 0.0 in VM-110
 INFO 07-15 18:02:42,602 TaskEventRateCalculator:114 [pool-8-thread-1] - ---- Start of task processed event (# tasks: 1 in executor VM-110)----
METRICLOG/VM-110	Stage2-2-0	inputR: 0	inputP:0	output:0	inW:2026-07-15T17:55:35.290Z	ioutW:2026-07-15T17:55:35.290Z	ptime:0	dsertime:0	inbytes:0	sertime:0	outbytes:0	numKey:1456	owc:0
----- End of taks processed event ----

 INFO 07-15 18:02:42,602 CpuBottleneckDetectorImpl:63 [pool-8-thread-1] - Current cpu load: 0.0, # processed events: 0, consecutive: 0/2, threshold: 0.9 in VM-110
 INFO 07-15 18:02:43,601 SystemLoadProfiler:50 [pool-8-thread-1] - Average CPU Load: 0.0 in VM-110
 INFO 07-15 18:02:43,602 TaskEventRateCalculator:114 [pool-8-thread-1] - ---- Start of task processed event (# tasks: 1 in executor VM-110)----
METRICLOG/VM-110	Stage2-2-0	inputR: 0	inputP:0	output:0	inW:2026-07-15T17:55:35.290Z	ioutW:2026-07-15T17:55:35.290Z	ptime:0	dsertime:0	inbytes:0	sertime:0	outbytes:0	numKey:1456	owc:0
----- End of taks processed event ----

 INFO 07-15 18:02:43,602 CpuBottleneckDetectorImpl:63 [pool-8-thread-1] - Current cpu load: 0.0, # processed events: 0, consecutive: 0/2, threshold: 0.9 in VM-110
 INFO 07-15 18:02:44,601 SystemLoadProfiler:50 [pool-8-thread-1] - Average CPU Load: 0.0 in VM-110
 INFO 07-15 18:02:44,602 TaskEventRateCalculator:114 [pool-8-thread-1] - ---- Start of task processed event (# tasks: 1 in executor VM-110)----
METRICLOG/VM-110	Stage2-2-0	inputR: 0	inputP:0	output:0	inW:2026-07-15T17:55:35.290Z	ioutW:2026-07-15T17:55:35.290Z	ptime:0	dsertime:0	inbytes:0	sertime:0	outbytes:0	numKey:1456	owc:0
----- End of taks processed event ----

 INFO 07-15 18:02:44,602 CpuBottleneckDetectorImpl:63 [pool-8-thread-1] - Current cpu load: 0.0, # processed events: 0, consecutive: 0/2, threshold: 0.9 in VM-110
 INFO 07-15 18:02:45,601 SystemLoadProfiler:50 [pool-8-thread-1] - Average CPU Load: 0.0 in VM-110
 INFO 07-15 18:02:45,602 TaskEventRateCalculator:114 [pool-8-thread-1] - ---- Start of task processed event (# tasks: 1 in executor VM-110)----
METRICLOG/VM-110	Stage2-2-0	inputR: 0	inputP:0	output:0	inW:2026-07-15T17:55:35.290Z	ioutW:2026-07-15T17:55:35.290Z	ptime:0	dsertime:0	inbytes:0	sertime:0	outbytes:0	numKey:1456	owc:0
----- End of taks processed event ----

 INFO 07-15 18:02:45,602 CpuBottleneckDetectorImpl:63 [pool-8-thread-1] - Current cpu load: 0.0, # processed events: 0, consecutive: 0/2, threshold: 0.9 in VM-110
 INFO 07-15 18:02:46,601 SystemLoadProfiler:50 [pool-8-thread-1] - Average CPU Load: 0.0 in VM-110
 INFO 07-15 18:02:46,602 TaskEventRateCalculator:114 [pool-8-thread-1] - ---- Start of task processed event (# tasks: 1 in executor VM-110)----
METRICLOG/VM-110	Stage2-2-0	inputR: 0	inputP:0	output:0	inW:2026-07-15T17:55:35.290Z	ioutW:2026-07-15T17:55:35.290Z	ptime:0	dsertime:0	inbytes:0	sertime:0	outbytes:0	numKey:1456	owc:0
----- End of taks processed event ----

 INFO 07-15 18:02:46,602 CpuBottleneckDetectorImpl:63 [pool-8-thread-1] - Current cpu load: 0.0, # processed events: 0, consecutive: 0/2, threshold: 0.9 in VM-110
 INFO 07-15 18:02:47,601 SystemLoadProfiler:50 [pool-8-thread-1] - Average CPU Load: 0.0 in VM-110
 INFO 07-15 18:02:47,602 TaskEventRateCalculator:114 [pool-8-thread-1] - ---- Start of task processed event (# tasks: 1 in executor VM-110)----
METRICLOG/VM-110	Stage2-2-0	inputR: 0	inputP:0	output:0	inW:2026-07-15T17:55:35.290Z	ioutW:2026-07-15T17:55:35.290Z	ptime:0	dsertime:0	inbytes:0	sertime:0	outbytes:0	numKey:1456	owc:0
----- End of taks processed event ----

 INFO 07-15 18:02:47,602 CpuBottleneckDetectorImpl:63 [pool-8-thread-1] - Current cpu load: 0.0, # processed events: 0, consecutive: 0/2, threshold: 0.9 in VM-110
 INFO 07-15 18:02:48,601 SystemLoadProfiler:50 [pool-8-thread-1] - Average CPU Load: 0.0 in VM-110
 INFO 07-15 18:02:48,602 TaskEventRateCalculator:114 [pool-8-thread-1] - ---- Start of task processed event (# tasks: 1 in executor VM-110)----
METRICLOG/VM-110	Stage2-2-0	inputR: 0	inputP:0	output:0	inW:2026-07-15T17:55:35.290Z	ioutW:2026-07-15T17:55:35.290Z	ptime:0	dsertime:0	inbytes:0	sertime:0	outbytes:0	numKey:1456	owc:0
----- End of taks processed event ----

 INFO 07-15 18:02:48,602 CpuBottleneckDetectorImpl:63 [pool-8-thread-1] - Current cpu load: 0.0, # processed events: 0, consecutive: 0/2, threshold: 0.9 in VM-110
 INFO 07-15 18:02:49,601 SystemLoadProfiler:50 [pool-8-thread-1] - Average CPU Load: 0.0 in VM-110
 INFO 07-15 18:02:49,602 TaskEventRateCalculator:114 [pool-8-thread-1] - ---- Start of task processed event (# tasks: 1 in executor VM-110)----
METRICLOG/VM-110	Stage2-2-0	inputR: 0	inputP:0	output:0	inW:2026-07-15T17:55:35.290Z	ioutW:2026-07-15T17:55:35.290Z	ptime:0	dsertime:0	inbytes:0	sertime:0	outbytes:0	numKey:1456	owc:0
----- End of taks processed event ----

 INFO 07-15 18:02:49,602 CpuBottleneckDetectorImpl:63 [pool-8-thread-1] - Current cpu load: 0.0, # processed events: 0, consecutive: 0/2, threshold: 0.9 in VM-110
 INFO 07-15 18:02:50,601 SystemLoadProfiler:50 [pool-8-thread-1] - Average CPU Load: 0.0 in VM-110
 INFO 07-15 18:02:50,602 TaskEventRateCalculator:114 [pool-8-thread-1] - ---- Start of task processed event (# tasks: 1 in executor VM-110)----
METRICLOG/VM-110	Stage2-2-0	inputR: 0	inputP:0	output:0	inW:2026-07-15T17:55:35.290Z	ioutW:2026-07-15T17:55:35.290Z	ptime:0	dsertime:0	inbytes:0	sertime:0	outbytes:0	numKey:1456	owc:0
----- End of taks processed event ----

 INFO 07-15 18:02:50,602 CpuBottleneckDetectorImpl:63 [pool-8-thread-1] - Current cpu load: 0.0, # processed events: 0, consecutive: 0/2, threshold: 0.9 in VM-110
 INFO 07-15 18:02:51,601 SystemLoadProfiler:50 [pool-8-thread-1] - Average CPU Load: 0.0 in VM-110
 INFO 07-15 18:02:51,602 TaskEventRateCalculator:114 [pool-8-thread-1] - ---- Start of task processed event (# tasks: 1 in executor VM-110)----
METRICLOG/VM-110	Stage2-2-0	inputR: 0	inputP:0	output:0	inW:2026-07-15T17:55:35.290Z	ioutW:2026-07-15T17:55:35.290Z	ptime:0	dsertime:0	inbytes:0	sertime:0	outbytes:0	numKey:1456	owc:0
----- End of taks processed event ----

 INFO 07-15 18:02:51,602 CpuBottleneckDetectorImpl:63 [pool-8-thread-1] - Current cpu load: 0.0, # processed events: 0, consecutive: 0/2, threshold: 0.9 in VM-110
 INFO 07-15 18:02:52,601 SystemLoadProfiler:50 [pool-8-thread-1] - Average CPU Load: 0.0 in VM-110
 INFO 07-15 18:02:52,602 TaskEventRateCalculator:114 [pool-8-thread-1] - ---- Start of task processed event (# tasks: 1 in executor VM-110)----
METRICLOG/VM-110	Stage2-2-0	inputR: 0	inputP:0	output:0	inW:2026-07-15T17:55:35.290Z	ioutW:2026-07-15T17:55:35.290Z	ptime:0	dsertime:0	inbytes:0	sertime:0	outbytes:0	numKey:1456	owc:0
----- End of taks processed event ----

 INFO 07-15 18:02:52,602 CpuBottleneckDetectorImpl:63 [pool-8-thread-1] - Current cpu load: 0.0, # processed events: 0, consecutive: 0/2, threshold: 0.9 in VM-110
 INFO 07-15 18:02:53,601 SystemLoadProfiler:50 [pool-8-thread-1] - Average CPU Load: 0.0 in VM-110
 INFO 07-15 18:02:53,602 TaskEventRateCalculator:114 [pool-8-thread-1] - ---- Start of task processed event (# tasks: 1 in executor VM-110)----
METRICLOG/VM-110	Stage2-2-0	inputR: 0	inputP:0	output:0	inW:2026-07-15T17:55:35.290Z	ioutW:2026-07-15T17:55:35.290Z	ptime:0	dsertime:0	inbytes:0	sertime:0	outbytes:0	numKey:1456	owc:0
----- End of taks processed event ----

 INFO 07-15 18:02:53,602 CpuBottleneckDetectorImpl:63 [pool-8-thread-1] - Current cpu load: 0.0, # processed events: 0, consecutive: 0/2, threshold: 0.9 in VM-110
 INFO 07-15 18:02:54,601 SystemLoadProfiler:50 [pool-8-thread-1] - Average CPU Load: 0.0 in VM-110
 INFO 07-15 18:02:54,602 TaskEventRateCalculator:114 [pool-8-thread-1] - ---- Start of task processed event (# tasks: 1 in executor VM-110)----
METRICLOG/VM-110	Stage2-2-0	inputR: 0	inputP:0	output:0	inW:2026-07-15T17:55:35.290Z	ioutW:2026-07-15T17:55:35.290Z	ptime:0	dsertime:0	inbytes:0	sertime:0	outbytes:0	numKey:1456	owc:0
----- End of taks processed event ----

 INFO 07-15 18:02:54,602 CpuBottleneckDetectorImpl:63 [pool-8-thread-1] - Current cpu load: 0.0, # processed events: 0, consecutive: 0/2, threshold: 0.9 in VM-110
 INFO 07-15 18:02:55,601 SystemLoadProfiler:50 [pool-8-thread-1] - Average CPU Load: 0.0 in VM-110
 INFO 07-15 18:02:55,602 TaskEventRateCalculator:114 [pool-8-thread-1] - ---- Start of task processed event (# tasks: 1 in executor VM-110)----
METRICLOG/VM-110	Stage2-2-0	inputR: 0	inputP:0	output:0	inW:2026-07-15T17:55:35.290Z	ioutW:2026-07-15T17:55:35.290Z	ptime:0	dsertime:0	inbytes:0	sertime:0	outbytes:0	numKey:1456	owc:0
----- End of taks processed event ----

 INFO 07-15 18:02:55,602 CpuBottleneckDetectorImpl:63 [pool-8-thread-1] - Current cpu load: 0.0, # processed events: 0, consecutive: 0/2, threshold: 0.9 in VM-110
 INFO 07-15 18:02:56,601 SystemLoadProfiler:50 [pool-8-thread-1] - Average CPU Load: 0.0 in VM-110
 INFO 07-15 18:02:56,602 TaskEventRateCalculator:114 [pool-8-thread-1] - ---- Start of task processed event (# tasks: 1 in executor VM-110)----
METRICLOG/VM-110	Stage2-2-0	inputR: 0	inputP:0	output:0	inW:2026-07-15T17:55:35.290Z	ioutW:2026-07-15T17:55:35.290Z	ptime:0	dsertime:0	inbytes:0	sertime:0	outbytes:0	numKey:1456	owc:0
----- End of taks processed event ----

 INFO 07-15 18:02:56,602 CpuBottleneckDetectorImpl:63 [pool-8-thread-1] - Current cpu load: 0.0, # processed events: 0, consecutive: 0/2, threshold: 0.9 in VM-110
 INFO 07-15 18:02:57,601 SystemLoadProfiler:50 [pool-8-thread-1] - Average CPU Load: 0.0 in VM-110
 INFO 07-15 18:02:57,602 TaskEventRateCalculator:114 [pool-8-thread-1] - ---- Start of task processed event (# tasks: 1 in executor VM-110)----
METRICLOG/VM-110	Stage2-2-0	inputR: 0	inputP:0	output:0	inW:2026-07-15T17:55:35.290Z	ioutW:2026-07-15T17:55:35.290Z	ptime:0	dsertime:0	inbytes:0	sertime:0	outbytes:0	numKey:1456	owc:0
----- End of taks processed event ----

 INFO 07-15 18:02:57,602 CpuBottleneckDetectorImpl:63 [pool-8-thread-1] - Current cpu load: 0.0, # processed events: 0, consecutive: 0/2, threshold: 0.9 in VM-110
 INFO 07-15 18:02:58,601 SystemLoadProfiler:50 [pool-8-thread-1] - Average CPU Load: 0.0 in VM-110
 INFO 07-15 18:02:58,602 TaskEventRateCalculator:114 [pool-8-thread-1] - ---- Start of task processed event (# tasks: 1 in executor VM-110)----
METRICLOG/VM-110	Stage2-2-0	inputR: 0	inputP:0	output:0	inW:2026-07-15T17:55:35.290Z	ioutW:2026-07-15T17:55:35.290Z	ptime:0	dsertime:0	inbytes:0	sertime:0	outbytes:0	numKey:1456	owc:0
----- End of taks processed event ----

 INFO 07-15 18:02:58,602 CpuBottleneckDetectorImpl:63 [pool-8-thread-1] - Current cpu load: 0.0, # processed events: 0, consecutive: 0/2, threshold: 0.9 in VM-110
 INFO 07-15 18:02:59,601 SystemLoadProfiler:50 [pool-8-thread-1] - Average CPU Load: 0.0 in VM-110
 INFO 07-15 18:02:59,602 TaskEventRateCalculator:114 [pool-8-thread-1] - ---- Start of task processed event (# tasks: 1 in executor VM-110)----
METRICLOG/VM-110	Stage2-2-0	inputR: 0	inputP:0	output:0	inW:2026-07-15T17:55:35.290Z	ioutW:2026-07-15T17:55:35.290Z	ptime:0	dsertime:0	inbytes:0	sertime:0	outbytes:0	numKey:1456	owc:0
----- End of taks processed event ----

 INFO 07-15 18:02:59,602 CpuBottleneckDetectorImpl:63 [pool-8-thread-1] - Current cpu load: 0.0, # processed events: 0, consecutive: 0/2, threshold: 0.9 in VM-110
 INFO 07-15 18:03:00,601 SystemLoadProfiler:50 [pool-8-thread-1] - Average CPU Load: 0.0 in VM-110
 INFO 07-15 18:03:00,602 TaskEventRateCalculator:114 [pool-8-thread-1] - ---- Start of task processed event (# tasks: 1 in executor VM-110)----
METRICLOG/VM-110	Stage2-2-0	inputR: 0	inputP:0	output:0	inW:2026-07-15T17:55:35.290Z	ioutW:2026-07-15T17:55:35.290Z	ptime:0	dsertime:0	inbytes:0	sertime:0	outbytes:0	numKey:1456	owc:0
----- End of taks processed event ----

 INFO 07-15 18:03:00,602 CpuBottleneckDetectorImpl:63 [pool-8-thread-1] - Current cpu load: 0.0, # processed events: 0, consecutive: 0/2, threshold: 0.9 in VM-110
 INFO 07-15 18:03:01,601 SystemLoadProfiler:50 [pool-8-thread-1] - Average CPU Load: 0.0 in VM-110
 INFO 07-15 18:03:01,602 TaskEventRateCalculator:114 [pool-8-thread-1] - ---- Start of task processed event (# tasks: 1 in executor VM-110)----
METRICLOG/VM-110	Stage2-2-0	inputR: 0	inputP:0	output:0	inW:2026-07-15T17:55:35.290Z	ioutW:2026-07-15T17:55:35.290Z	ptime:0	dsertime:0	inbytes:0	sertime:0	outbytes:0	numKey:1456	owc:0
----- End of taks processed event ----

 INFO 07-15 18:03:01,602 CpuBottleneckDetectorImpl:63 [pool-8-thread-1] - Current cpu load: 0.0, # processed events: 0, consecutive: 0/2, threshold: 0.9 in VM-110
 INFO 07-15 18:03:02,601 SystemLoadProfiler:50 [pool-8-thread-1] - Average CPU Load: 0.0 in VM-110
 INFO 07-15 18:03:02,602 TaskEventRateCalculator:114 [pool-8-thread-1] - ---- Start of task processed event (# tasks: 1 in executor VM-110)----
METRICLOG/VM-110	Stage2-2-0	inputR: 0	inputP:0	output:0	inW:2026-07-15T17:55:35.290Z	ioutW:2026-07-15T17:55:35.290Z	ptime:0	dsertime:0	inbytes:0	sertime:0	outbytes:0	numKey:1456	owc:0
----- End of taks processed event ----

 INFO 07-15 18:03:02,602 CpuBottleneckDetectorImpl:63 [pool-8-thread-1] - Current cpu load: 0.0, # processed events: 0, consecutive: 0/2, threshold: 0.9 in VM-110
 INFO 07-15 18:03:03,601 SystemLoadProfiler:50 [pool-8-thread-1] - Average CPU Load: 0.0 in VM-110
 INFO 07-15 18:03:03,602 TaskEventRateCalculator:114 [pool-8-thread-1] - ---- Start of task processed event (# tasks: 1 in executor VM-110)----
METRICLOG/VM-110	Stage2-2-0	inputR: 0	inputP:0	output:0	inW:2026-07-15T17:55:35.290Z	ioutW:2026-07-15T17:55:35.290Z	ptime:0	dsertime:0	inbytes:0	sertime:0	outbytes:0	numKey:1456	owc:0
----- End of taks processed event ----

 INFO 07-15 18:03:03,602 CpuBottleneckDetectorImpl:63 [pool-8-thread-1] - Current cpu load: 0.0, # processed events: 0, consecutive: 0/2, threshold: 0.9 in VM-110
 INFO 07-15 18:03:04,601 SystemLoadProfiler:50 [pool-8-thread-1] - Average CPU Load: 0.0 in VM-110
 INFO 07-15 18:03:04,602 TaskEventRateCalculator:114 [pool-8-thread-1] - ---- Start of task processed event (# tasks: 1 in executor VM-110)----
METRICLOG/VM-110	Stage2-2-0	inputR: 0	inputP:0	output:0	inW:2026-07-15T17:55:35.290Z	ioutW:2026-07-15T17:55:35.290Z	ptime:0	dsertime:0	inbytes:0	sertime:0	outbytes:0	numKey:1456	owc:0
----- End of taks processed event ----

 INFO 07-15 18:03:04,602 CpuBottleneckDetectorImpl:63 [pool-8-thread-1] - Current cpu load: 0.0, # processed events: 0, consecutive: 0/2, threshold: 0.9 in VM-110
 INFO 07-15 18:03:05,601 SystemLoadProfiler:50 [pool-8-thread-1] - Average CPU Load: 0.0 in VM-110
 INFO 07-15 18:03:05,602 TaskEventRateCalculator:114 [pool-8-thread-1] - ---- Start of task processed event (# tasks: 1 in executor VM-110)----
METRICLOG/VM-110	Stage2-2-0	inputR: 0	inputP:0	output:0	inW:2026-07-15T17:55:35.290Z	ioutW:2026-07-15T17:55:35.290Z	ptime:0	dsertime:0	inbytes:0	sertime:0	outbytes:0	numKey:1456	owc:0
----- End of taks processed event ----

 INFO 07-15 18:03:05,602 CpuBottleneckDetectorImpl:63 [pool-8-thread-1] - Current cpu load: 0.0, # processed events: 0, consecutive: 0/2, threshold: 0.9 in VM-110
 INFO 07-15 18:03:06,601 SystemLoadProfiler:50 [pool-8-thread-1] - Average CPU Load: 0.0 in VM-110
 INFO 07-15 18:03:06,602 TaskEventRateCalculator:114 [pool-8-thread-1] - ---- Start of task processed event (# tasks: 1 in executor VM-110)----
METRICLOG/VM-110	Stage2-2-0	inputR: 0	inputP:0	output:0	inW:2026-07-15T17:55:35.290Z	ioutW:2026-07-15T17:55:35.290Z	ptime:0	dsertime:0	inbytes:0	sertime:0	outbytes:0	numKey:1456	owc:0
----- End of taks processed event ----

 INFO 07-15 18:03:06,602 CpuBottleneckDetectorImpl:63 [pool-8-thread-1] - Current cpu load: 0.0, # processed events: 0, consecutive: 0/2, threshold: 0.9 in VM-110
 INFO 07-15 18:03:07,601 SystemLoadProfiler:50 [pool-8-thread-1] - Average CPU Load: 0.0 in VM-110
 INFO 07-15 18:03:07,602 TaskEventRateCalculator:114 [pool-8-thread-1] - ---- Start of task processed event (# tasks: 1 in executor VM-110)----
METRICLOG/VM-110	Stage2-2-0	inputR: 0	inputP:0	output:0	inW:2026-07-15T17:55:35.290Z	ioutW:2026-07-15T17:55:35.290Z	ptime:0	dsertime:0	inbytes:0	sertime:0	outbytes:0	numKey:1456	owc:0
----- End of taks processed event ----

 INFO 07-15 18:03:07,602 CpuBottleneckDetectorImpl:63 [pool-8-thread-1] - Current cpu load: 0.0, # processed events: 0, consecutive: 0/2, threshold: 0.9 in VM-110
 INFO 07-15 18:03:08,601 SystemLoadProfiler:50 [pool-8-thread-1] - Average CPU Load: 0.0 in VM-110
 INFO 07-15 18:03:08,602 TaskEventRateCalculator:114 [pool-8-thread-1] - ---- Start of task processed event (# tasks: 1 in executor VM-110)----
METRICLOG/VM-110	Stage2-2-0	inputR: 0	inputP:0	output:0	inW:2026-07-15T17:55:35.290Z	ioutW:2026-07-15T17:55:35.290Z	ptime:0	dsertime:0	inbytes:0	sertime:0	outbytes:0	numKey:1456	owc:0
----- End of taks processed event ----

 INFO 07-15 18:03:08,602 CpuBottleneckDetectorImpl:63 [pool-8-thread-1] - Current cpu load: 0.0, # processed events: 0, consecutive: 0/2, threshold: 0.9 in VM-110
 INFO 07-15 18:03:09,601 SystemLoadProfiler:50 [pool-8-thread-1] - Average CPU Load: 0.0 in VM-110
 INFO 07-15 18:03:09,602 TaskEventRateCalculator:114 [pool-8-thread-1] - ---- Start of task processed event (# tasks: 1 in executor VM-110)----
METRICLOG/VM-110	Stage2-2-0	inputR: 0	inputP:0	output:0	inW:2026-07-15T17:55:35.290Z	ioutW:2026-07-15T17:55:35.290Z	ptime:0	dsertime:0	inbytes:0	sertime:0	outbytes:0	numKey:1456	owc:0
----- End of taks processed event ----

 INFO 07-15 18:03:09,602 CpuBottleneckDetectorImpl:63 [pool-8-thread-1] - Current cpu load: 0.0, # processed events: 0, consecutive: 0/2, threshold: 0.9 in VM-110
 INFO 07-15 18:03:10,601 SystemLoadProfiler:50 [pool-8-thread-1] - Average CPU Load: 0.0 in VM-110
 INFO 07-15 18:03:10,602 TaskEventRateCalculator:114 [pool-8-thread-1] - ---- Start of task processed event (# tasks: 1 in executor VM-110)----
METRICLOG/VM-110	Stage2-2-0	inputR: 0	inputP:0	output:0	inW:2026-07-15T17:55:35.290Z	ioutW:2026-07-15T17:55:35.290Z	ptime:0	dsertime:0	inbytes:0	sertime:0	outbytes:0	numKey:1456	owc:0
----- End of taks processed event ----

 INFO 07-15 18:03:10,602 CpuBottleneckDetectorImpl:63 [pool-8-thread-1] - Current cpu load: 0.0, # processed events: 0, consecutive: 0/2, threshold: 0.9 in VM-110
 INFO 07-15 18:03:11,601 SystemLoadProfiler:50 [pool-8-thread-1] - Average CPU Load: 0.0 in VM-110
 INFO 07-15 18:03:11,602 TaskEventRateCalculator:114 [pool-8-thread-1] - ---- Start of task processed event (# tasks: 1 in executor VM-110)----
METRICLOG/VM-110	Stage2-2-0	inputR: 0	inputP:0	output:0	inW:2026-07-15T17:55:35.290Z	ioutW:2026-07-15T17:55:35.290Z	ptime:0	dsertime:0	inbytes:0	sertime:0	outbytes:0	numKey:1456	owc:0
----- End of taks processed event ----

 INFO 07-15 18:03:11,602 CpuBottleneckDetectorImpl:63 [pool-8-thread-1] - Current cpu load: 0.0, # processed events: 0, consecutive: 0/2, threshold: 0.9 in VM-110
 INFO 07-15 18:03:12,601 SystemLoadProfiler:50 [pool-8-thread-1] - Average CPU Load: 0.0 in VM-110
 INFO 07-15 18:03:12,602 TaskEventRateCalculator:114 [pool-8-thread-1] - ---- Start of task processed event (# tasks: 1 in executor VM-110)----
METRICLOG/VM-110	Stage2-2-0	inputR: 0	inputP:0	output:0	inW:2026-07-15T17:55:35.290Z	ioutW:2026-07-15T17:55:35.290Z	ptime:0	dsertime:0	inbytes:0	sertime:0	outbytes:0	numKey:1456	owc:0
----- End of taks processed event ----

 INFO 07-15 18:03:12,602 CpuBottleneckDetectorImpl:63 [pool-8-thread-1] - Current cpu load: 0.0, # processed events: 0, consecutive: 0/2, threshold: 0.9 in VM-110
 INFO 07-15 18:03:13,601 SystemLoadProfiler:50 [pool-8-thread-1] - Average CPU Load: 0.0 in VM-110
 INFO 07-15 18:03:13,602 TaskEventRateCalculator:114 [pool-8-thread-1] - ---- Start of task processed event (# tasks: 1 in executor VM-110)----
METRICLOG/VM-110	Stage2-2-0	inputR: 0	inputP:0	output:0	inW:2026-07-15T17:55:35.290Z	ioutW:2026-07-15T17:55:35.290Z	ptime:0	dsertime:0	inbytes:0	sertime:0	outbytes:0	numKey:1456	owc:0
----- End of taks processed event ----

 INFO 07-15 18:03:13,602 CpuBottleneckDetectorImpl:63 [pool-8-thread-1] - Current cpu load: 0.0, # processed events: 0, consecutive: 0/2, threshold: 0.9 in VM-110
 INFO 07-15 18:03:14,601 SystemLoadProfiler:50 [pool-8-thread-1] - Average CPU Load: 0.0 in VM-110
 INFO 07-15 18:03:14,602 TaskEventRateCalculator:114 [pool-8-thread-1] - ---- Start of task processed event (# tasks: 1 in executor VM-110)----
METRICLOG/VM-110	Stage2-2-0	inputR: 0	inputP:0	output:0	inW:2026-07-15T17:55:35.290Z	ioutW:2026-07-15T17:55:35.290Z	ptime:0	dsertime:0	inbytes:0	sertime:0	outbytes:0	numKey:1456	owc:0
----- End of taks processed event ----

 INFO 07-15 18:03:14,602 CpuBottleneckDetectorImpl:63 [pool-8-thread-1] - Current cpu load: 0.0, # processed events: 0, consecutive: 0/2, threshold: 0.9 in VM-110
 INFO 07-15 18:03:15,601 SystemLoadProfiler:50 [pool-8-thread-1] - Average CPU Load: 0.0 in VM-110
 INFO 07-15 18:03:15,602 TaskEventRateCalculator:114 [pool-8-thread-1] - ---- Start of task processed event (# tasks: 1 in executor VM-110)----
METRICLOG/VM-110	Stage2-2-0	inputR: 0	inputP:0	output:0	inW:2026-07-15T17:55:35.290Z	ioutW:2026-07-15T17:55:35.290Z	ptime:0	dsertime:0	inbytes:0	sertime:0	outbytes:0	numKey:1456	owc:0
----- End of taks processed event ----

 INFO 07-15 18:03:15,602 CpuBottleneckDetectorImpl:63 [pool-8-thread-1] - Current cpu load: 0.0, # processed events: 0, consecutive: 0/2, threshold: 0.9 in VM-110
 INFO 07-15 18:03:16,601 SystemLoadProfiler:50 [pool-8-thread-1] - Average CPU Load: 0.0 in VM-110
 INFO 07-15 18:03:16,602 TaskEventRateCalculator:114 [pool-8-thread-1] - ---- Start of task processed event (# tasks: 1 in executor VM-110)----
METRICLOG/VM-110	Stage2-2-0	inputR: 0	inputP:0	output:0	inW:2026-07-15T17:55:35.290Z	ioutW:2026-07-15T17:55:35.290Z	ptime:0	dsertime:0	inbytes:0	sertime:0	outbytes:0	numKey:1456	owc:0
----- End of taks processed event ----

 INFO 07-15 18:03:16,602 CpuBottleneckDetectorImpl:63 [pool-8-thread-1] - Current cpu load: 0.0, # processed events: 0, consecutive: 0/2, threshold: 0.9 in VM-110
 INFO 07-15 18:03:17,601 SystemLoadProfiler:50 [pool-8-thread-1] - Average CPU Load: 0.0 in VM-110
 INFO 07-15 18:03:17,602 TaskEventRateCalculator:114 [pool-8-thread-1] - ---- Start of task processed event (# tasks: 1 in executor VM-110)----
METRICLOG/VM-110	Stage2-2-0	inputR: 0	inputP:0	output:0	inW:2026-07-15T17:55:35.290Z	ioutW:2026-07-15T17:55:35.290Z	ptime:0	dsertime:0	inbytes:0	sertime:0	outbytes:0	numKey:1456	owc:0
----- End of taks processed event ----

 INFO 07-15 18:03:17,602 CpuBottleneckDetectorImpl:63 [pool-8-thread-1] - Current cpu load: 0.0, # processed events: 0, consecutive: 0/2, threshold: 0.9 in VM-110
 INFO 07-15 18:03:18,602 SystemLoadProfiler:50 [pool-8-thread-1] - Average CPU Load: 0.0 in VM-110
 INFO 07-15 18:03:18,602 TaskEventRateCalculator:114 [pool-8-thread-1] - ---- Start of task processed event (# tasks: 1 in executor VM-110)----
METRICLOG/VM-110	Stage2-2-0	inputR: 0	inputP:0	output:0	inW:2026-07-15T17:55:35.290Z	ioutW:2026-07-15T17:55:35.290Z	ptime:0	dsertime:0	inbytes:0	sertime:0	outbytes:0	numKey:1456	owc:0
----- End of taks processed event ----

 INFO 07-15 18:03:18,602 CpuBottleneckDetectorImpl:63 [pool-8-thread-1] - Current cpu load: 0.0, # processed events: 0, consecutive: 0/2, threshold: 0.9 in VM-110
 INFO 07-15 18:03:19,601 SystemLoadProfiler:50 [pool-8-thread-1] - Average CPU Load: 0.0 in VM-110
 INFO 07-15 18:03:19,602 TaskEventRateCalculator:114 [pool-8-thread-1] - ---- Start of task processed event (# tasks: 1 in executor VM-110)----
METRICLOG/VM-110	Stage2-2-0	inputR: 0	inputP:0	output:0	inW:2026-07-15T17:55:35.290Z	ioutW:2026-07-15T17:55:35.290Z	ptime:0	dsertime:0	inbytes:0	sertime:0	outbytes:0	numKey:1456	owc:0
----- End of taks processed event ----

 INFO 07-15 18:03:19,602 CpuBottleneckDetectorImpl:63 [pool-8-thread-1] - Current cpu load: 0.0, # processed events: 0, consecutive: 0/2, threshold: 0.9 in VM-110
 INFO 07-15 18:03:20,601 SystemLoadProfiler:50 [pool-8-thread-1] - Average CPU Load: 0.0 in VM-110
 INFO 07-15 18:03:20,602 TaskEventRateCalculator:114 [pool-8-thread-1] - ---- Start of task processed event (# tasks: 1 in executor VM-110)----
METRICLOG/VM-110	Stage2-2-0	inputR: 0	inputP:0	output:0	inW:2026-07-15T17:55:35.290Z	ioutW:2026-07-15T17:55:35.290Z	ptime:0	dsertime:0	inbytes:0	sertime:0	outbytes:0	numKey:1456	owc:0
----- End of taks processed event ----

 INFO 07-15 18:03:20,602 CpuBottleneckDetectorImpl:63 [pool-8-thread-1] - Current cpu load: 0.0, # processed events: 0, consecutive: 0/2, threshold: 0.9 in VM-110
 INFO 07-15 18:03:21,601 SystemLoadProfiler:50 [pool-8-thread-1] - Average CPU Load: 0.0 in VM-110
 INFO 07-15 18:03:21,602 TaskEventRateCalculator:114 [pool-8-thread-1] - ---- Start of task processed event (# tasks: 1 in executor VM-110)----
METRICLOG/VM-110	Stage2-2-0	inputR: 0	inputP:0	output:0	inW:2026-07-15T17:55:35.290Z	ioutW:2026-07-15T17:55:35.290Z	ptime:0	dsertime:0	inbytes:0	sertime:0	outbytes:0	numKey:1456	owc:0
----- End of taks processed event ----

 INFO 07-15 18:03:21,602 CpuBottleneckDetectorImpl:63 [pool-8-thread-1] - Current cpu load: 0.0, # processed events: 0, consecutive: 0/2, threshold: 0.9 in VM-110
 INFO 07-15 18:03:22,601 SystemLoadProfiler:50 [pool-8-thread-1] - Average CPU Load: 0.0 in VM-110
 INFO 07-15 18:03:22,602 TaskEventRateCalculator:114 [pool-8-thread-1] - ---- Start of task processed event (# tasks: 1 in executor VM-110)----
METRICLOG/VM-110	Stage2-2-0	inputR: 0	inputP:0	output:0	inW:2026-07-15T17:55:35.290Z	ioutW:2026-07-15T17:55:35.290Z	ptime:0	dsertime:0	inbytes:0	sertime:0	outbytes:0	numKey:1456	owc:0
----- End of taks processed event ----

 INFO 07-15 18:03:22,602 CpuBottleneckDetectorImpl:63 [pool-8-thread-1] - Current cpu load: 0.0, # processed events: 0, consecutive: 0/2, threshold: 0.9 in VM-110
 INFO 07-15 18:03:23,601 SystemLoadProfiler:50 [pool-8-thread-1] - Average CPU Load: 0.0 in VM-110
 INFO 07-15 18:03:23,602 TaskEventRateCalculator:114 [pool-8-thread-1] - ---- Start of task processed event (# tasks: 1 in executor VM-110)----
METRICLOG/VM-110	Stage2-2-0	inputR: 0	inputP:0	output:0	inW:2026-07-15T17:55:35.290Z	ioutW:2026-07-15T17:55:35.290Z	ptime:0	dsertime:0	inbytes:0	sertime:0	outbytes:0	numKey:1456	owc:0
----- End of taks processed event ----

 INFO 07-15 18:03:23,602 CpuBottleneckDetectorImpl:63 [pool-8-thread-1] - Current cpu load: 0.0, # processed events: 0, consecutive: 0/2, threshold: 0.9 in VM-110
 INFO 07-15 18:03:24,601 SystemLoadProfiler:50 [pool-8-thread-1] - Average CPU Load: 0.0 in VM-110
 INFO 07-15 18:03:24,602 TaskEventRateCalculator:114 [pool-8-thread-1] - ---- Start of task processed event (# tasks: 1 in executor VM-110)----
METRICLOG/VM-110	Stage2-2-0	inputR: 0	inputP:0	output:0	inW:2026-07-15T17:55:35.290Z	ioutW:2026-07-15T17:55:35.290Z	ptime:0	dsertime:0	inbytes:0	sertime:0	outbytes:0	numKey:1456	owc:0
----- End of taks processed event ----

 INFO 07-15 18:03:24,602 CpuBottleneckDetectorImpl:63 [pool-8-thread-1] - Current cpu load: 0.0, # processed events: 0, consecutive: 0/2, threshold: 0.9 in VM-110
 INFO 07-15 18:03:25,601 SystemLoadProfiler:50 [pool-8-thread-1] - Average CPU Load: 0.0 in VM-110
 INFO 07-15 18:03:25,602 TaskEventRateCalculator:114 [pool-8-thread-1] - ---- Start of task processed event (# tasks: 1 in executor VM-110)----
METRICLOG/VM-110	Stage2-2-0	inputR: 0	inputP:0	output:0	inW:2026-07-15T17:55:35.290Z	ioutW:2026-07-15T17:55:35.290Z	ptime:0	dsertime:0	inbytes:0	sertime:0	outbytes:0	numKey:1456	owc:0
----- End of taks processed event ----

 INFO 07-15 18:03:25,602 CpuBottleneckDetectorImpl:63 [pool-8-thread-1] - Current cpu load: 0.0, # processed events: 0, consecutive: 0/2, threshold: 0.9 in VM-110
 INFO 07-15 18:03:26,601 SystemLoadProfiler:50 [pool-8-thread-1] - Average CPU Load: 0.0 in VM-110
 INFO 07-15 18:03:26,602 TaskEventRateCalculator:114 [pool-8-thread-1] - ---- Start of task processed event (# tasks: 1 in executor VM-110)----
METRICLOG/VM-110	Stage2-2-0	inputR: 0	inputP:0	output:0	inW:2026-07-15T17:55:35.290Z	ioutW:2026-07-15T17:55:35.290Z	ptime:0	dsertime:0	inbytes:0	sertime:0	outbytes:0	numKey:1456	owc:0
----- End of taks processed event ----

 INFO 07-15 18:03:26,602 CpuBottleneckDetectorImpl:63 [pool-8-thread-1] - Current cpu load: 0.0, # processed events: 0, consecutive: 0/2, threshold: 0.9 in VM-110
 INFO 07-15 18:03:27,601 SystemLoadProfiler:50 [pool-8-thread-1] - Average CPU Load: 0.0 in VM-110
 INFO 07-15 18:03:27,602 TaskEventRateCalculator:114 [pool-8-thread-1] - ---- Start of task processed event (# tasks: 1 in executor VM-110)----
METRICLOG/VM-110	Stage2-2-0	inputR: 0	inputP:0	output:0	inW:2026-07-15T17:55:35.290Z	ioutW:2026-07-15T17:55:35.290Z	ptime:0	dsertime:0	inbytes:0	sertime:0	outbytes:0	numKey:1456	owc:0
----- End of taks processed event ----

 INFO 07-15 18:03:27,602 CpuBottleneckDetectorImpl:63 [pool-8-thread-1] - Current cpu load: 0.0, # processed events: 0, consecutive: 0/2, threshold: 0.9 in VM-110
 INFO 07-15 18:03:28,601 SystemLoadProfiler:50 [pool-8-thread-1] - Average CPU Load: 0.0 in VM-110
 INFO 07-15 18:03:28,602 TaskEventRateCalculator:114 [pool-8-thread-1] - ---- Start of task processed event (# tasks: 1 in executor VM-110)----
METRICLOG/VM-110	Stage2-2-0	inputR: 0	inputP:0	output:0	inW:2026-07-15T17:55:35.290Z	ioutW:2026-07-15T17:55:35.290Z	ptime:0	dsertime:0	inbytes:0	sertime:0	outbytes:0	numKey:1456	owc:0
----- End of taks processed event ----

 INFO 07-15 18:03:28,602 CpuBottleneckDetectorImpl:63 [pool-8-thread-1] - Current cpu load: 0.0, # processed events: 0, consecutive: 0/2, threshold: 0.9 in VM-110
 INFO 07-15 18:03:29,601 SystemLoadProfiler:50 [pool-8-thread-1] - Average CPU Load: 0.0 in VM-110
 INFO 07-15 18:03:29,602 TaskEventRateCalculator:114 [pool-8-thread-1] - ---- Start of task processed event (# tasks: 1 in executor VM-110)----
METRICLOG/VM-110	Stage2-2-0	inputR: 0	inputP:0	output:0	inW:2026-07-15T17:55:35.290Z	ioutW:2026-07-15T17:55:35.290Z	ptime:0	dsertime:0	inbytes:0	sertime:0	outbytes:0	numKey:1456	owc:0
----- End of taks processed event ----

 INFO 07-15 18:03:29,602 CpuBottleneckDetectorImpl:63 [pool-8-thread-1] - Current cpu load: 0.0, # processed events: 0, consecutive: 0/2, threshold: 0.9 in VM-110
 INFO 07-15 18:03:30,602 SystemLoadProfiler:50 [pool-8-thread-1] - Average CPU Load: 0.0 in VM-110
 INFO 07-15 18:03:30,602 TaskEventRateCalculator:114 [pool-8-thread-1] - ---- Start of task processed event (# tasks: 1 in executor VM-110)----
METRICLOG/VM-110	Stage2-2-0	inputR: 0	inputP:0	output:0	inW:2026-07-15T17:55:35.290Z	ioutW:2026-07-15T17:55:35.290Z	ptime:0	dsertime:0	inbytes:0	sertime:0	outbytes:0	numKey:1456	owc:0
----- End of taks processed event ----

 INFO 07-15 18:03:30,602 CpuBottleneckDetectorImpl:63 [pool-8-thread-1] - Current cpu load: 0.0, # processed events: 0, consecutive: 0/2, threshold: 0.9 in VM-110
 INFO 07-15 18:03:31,601 SystemLoadProfiler:50 [pool-8-thread-1] - Average CPU Load: 0.0 in VM-110
 INFO 07-15 18:03:31,602 TaskEventRateCalculator:114 [pool-8-thread-1] - ---- Start of task processed event (# tasks: 1 in executor VM-110)----
METRICLOG/VM-110	Stage2-2-0	inputR: 0	inputP:0	output:0	inW:2026-07-15T17:55:35.290Z	ioutW:2026-07-15T17:55:35.290Z	ptime:0	dsertime:0	inbytes:0	sertime:0	outbytes:0	numKey:1456	owc:0
----- End of taks processed event ----

 INFO 07-15 18:03:31,602 CpuBottleneckDetectorImpl:63 [pool-8-thread-1] - Current cpu load: 0.0, # processed events: 0, consecutive: 0/2, threshold: 0.9 in VM-110
 INFO 07-15 18:03:32,601 SystemLoadProfiler:50 [pool-8-thread-1] - Average CPU Load: 0.0 in VM-110
 INFO 07-15 18:03:32,602 TaskEventRateCalculator:114 [pool-8-thread-1] - ---- Start of task processed event (# tasks: 1 in executor VM-110)----
METRICLOG/VM-110	Stage2-2-0	inputR: 0	inputP:0	output:0	inW:2026-07-15T17:55:35.290Z	ioutW:2026-07-15T17:55:35.290Z	ptime:0	dsertime:0	inbytes:0	sertime:0	outbytes:0	numKey:1456	owc:0
----- End of taks processed event ----

 INFO 07-15 18:03:32,602 CpuBottleneckDetectorImpl:63 [pool-8-thread-1] - Current cpu load: 0.0, # processed events: 0, consecutive: 0/2, threshold: 0.9 in VM-110
 INFO 07-15 18:03:33,601 SystemLoadProfiler:50 [pool-8-thread-1] - Average CPU Load: 0.0 in VM-110
 INFO 07-15 18:03:33,602 TaskEventRateCalculator:114 [pool-8-thread-1] - ---- Start of task processed event (# tasks: 1 in executor VM-110)----
METRICLOG/VM-110	Stage2-2-0	inputR: 0	inputP:0	output:0	inW:2026-07-15T17:55:35.290Z	ioutW:2026-07-15T17:55:35.290Z	ptime:0	dsertime:0	inbytes:0	sertime:0	outbytes:0	numKey:1456	owc:0
----- End of taks processed event ----

 INFO 07-15 18:03:33,602 CpuBottleneckDetectorImpl:63 [pool-8-thread-1] - Current cpu load: 0.0, # processed events: 0, consecutive: 0/2, threshold: 0.9 in VM-110
 INFO 07-15 18:03:34,601 SystemLoadProfiler:50 [pool-8-thread-1] - Average CPU Load: 0.0 in VM-110
 INFO 07-15 18:03:34,602 TaskEventRateCalculator:114 [pool-8-thread-1] - ---- Start of task processed event (# tasks: 1 in executor VM-110)----
METRICLOG/VM-110	Stage2-2-0	inputR: 0	inputP:0	output:0	inW:2026-07-15T17:55:35.290Z	ioutW:2026-07-15T17:55:35.290Z	ptime:0	dsertime:0	inbytes:0	sertime:0	outbytes:0	numKey:1456	owc:0
----- End of taks processed event ----

 INFO 07-15 18:03:34,602 CpuBottleneckDetectorImpl:63 [pool-8-thread-1] - Current cpu load: 0.0, # processed events: 0, consecutive: 0/2, threshold: 0.9 in VM-110
 INFO 07-15 18:03:35,601 SystemLoadProfiler:50 [pool-8-thread-1] - Average CPU Load: 0.0 in VM-110
 INFO 07-15 18:03:35,602 TaskEventRateCalculator:114 [pool-8-thread-1] - ---- Start of task processed event (# tasks: 1 in executor VM-110)----
METRICLOG/VM-110	Stage2-2-0	inputR: 0	inputP:0	output:0	inW:2026-07-15T17:55:35.290Z	ioutW:2026-07-15T17:55:35.290Z	ptime:0	dsertime:0	inbytes:0	sertime:0	outbytes:0	numKey:1456	owc:0
----- End of taks processed event ----

 INFO 07-15 18:03:35,602 CpuBottleneckDetectorImpl:63 [pool-8-thread-1] - Current cpu load: 0.0, # processed events: 0, consecutive: 0/2, threshold: 0.9 in VM-110
 INFO 07-15 18:03:36,602 SystemLoadProfiler:50 [pool-8-thread-1] - Average CPU Load: 0.0 in VM-110
 INFO 07-15 18:03:36,602 TaskEventRateCalculator:114 [pool-8-thread-1] - ---- Start of task processed event (# tasks: 1 in executor VM-110)----
METRICLOG/VM-110	Stage2-2-0	inputR: 0	inputP:0	output:0	inW:2026-07-15T17:55:35.290Z	ioutW:2026-07-15T17:55:35.290Z	ptime:0	dsertime:0	inbytes:0	sertime:0	outbytes:0	numKey:1456	owc:0
----- End of taks processed event ----

 INFO 07-15 18:03:36,602 CpuBottleneckDetectorImpl:63 [pool-8-thread-1] - Current cpu load: 0.0, # processed events: 0, consecutive: 0/2, threshold: 0.9 in VM-110
 INFO 07-15 18:03:37,601 SystemLoadProfiler:50 [pool-8-thread-1] - Average CPU Load: 0.0 in VM-110
 INFO 07-15 18:03:37,602 TaskEventRateCalculator:114 [pool-8-thread-1] - ---- Start of task processed event (# tasks: 1 in executor VM-110)----
METRICLOG/VM-110	Stage2-2-0	inputR: 0	inputP:0	output:0	inW:2026-07-15T17:55:35.290Z	ioutW:2026-07-15T17:55:35.290Z	ptime:0	dsertime:0	inbytes:0	sertime:0	outbytes:0	numKey:1456	owc:0
----- End of taks processed event ----

 INFO 07-15 18:03:37,602 CpuBottleneckDetectorImpl:63 [pool-8-thread-1] - Current cpu load: 0.0, # processed events: 0, consecutive: 0/2, threshold: 0.9 in VM-110
 INFO 07-15 18:03:38,601 SystemLoadProfiler:50 [pool-8-thread-1] - Average CPU Load: 0.0 in VM-110
 INFO 07-15 18:03:38,602 TaskEventRateCalculator:114 [pool-8-thread-1] - ---- Start of task processed event (# tasks: 1 in executor VM-110)----
METRICLOG/VM-110	Stage2-2-0	inputR: 0	inputP:0	output:0	inW:2026-07-15T17:55:35.290Z	ioutW:2026-07-15T17:55:35.290Z	ptime:0	dsertime:0	inbytes:0	sertime:0	outbytes:0	numKey:1456	owc:0
----- End of taks processed event ----

 INFO 07-15 18:03:38,602 CpuBottleneckDetectorImpl:63 [pool-8-thread-1] - Current cpu load: 0.0, # processed events: 0, consecutive: 0/2, threshold: 0.9 in VM-110
 INFO 07-15 18:03:39,605 SystemLoadProfiler:50 [pool-8-thread-1] - Average CPU Load: 0.0 in VM-110
 INFO 07-15 18:03:39,606 TaskEventRateCalculator:114 [pool-8-thread-1] - ---- Start of task processed event (# tasks: 1 in executor VM-110)----
METRICLOG/VM-110	Stage2-2-0	inputR: 0	inputP:0	output:0	inW:2026-07-15T17:55:35.290Z	ioutW:2026-07-15T17:55:35.290Z	ptime:0	dsertime:0	inbytes:0	sertime:0	outbytes:0	numKey:1456	owc:0
----- End of taks processed event ----

 INFO 07-15 18:03:39,606 CpuBottleneckDetectorImpl:63 [pool-8-thread-1] - Current cpu load: 0.0, # processed events: 0, consecutive: 0/2, threshold: 0.9 in VM-110
 INFO 07-15 18:03:40,601 SystemLoadProfiler:50 [pool-8-thread-1] - Average CPU Load: 0.0 in VM-110
 INFO 07-15 18:03:40,602 TaskEventRateCalculator:114 [pool-8-thread-1] - ---- Start of task processed event (# tasks: 1 in executor VM-110)----
METRICLOG/VM-110	Stage2-2-0	inputR: 0	inputP:0	output:0	inW:2026-07-15T17:55:35.290Z	ioutW:2026-07-15T17:55:35.290Z	ptime:0	dsertime:0	inbytes:0	sertime:0	outbytes:0	numKey:1456	owc:0
----- End of taks processed event ----

 INFO 07-15 18:03:40,602 CpuBottleneckDetectorImpl:63 [pool-8-thread-1] - Current cpu load: 0.0, # processed events: 0, consecutive: 0/2, threshold: 0.9 in VM-110
 INFO 07-15 18:03:41,602 SystemLoadProfiler:50 [pool-8-thread-1] - Average CPU Load: 0.0 in VM-110
 INFO 07-15 18:03:41,602 TaskEventRateCalculator:114 [pool-8-thread-1] - ---- Start of task processed event (# tasks: 1 in executor VM-110)----
METRICLOG/VM-110	Stage2-2-0	inputR: 0	inputP:0	output:0	inW:2026-07-15T17:55:35.290Z	ioutW:2026-07-15T17:55:35.290Z	ptime:0	dsertime:0	inbytes:0	sertime:0	outbytes:0	numKey:1456	owc:0
----- End of taks processed event ----

 INFO 07-15 18:03:41,602 CpuBottleneckDetectorImpl:63 [pool-8-thread-1] - Current cpu load: 0.0, # processed events: 0, consecutive: 0/2, threshold: 0.9 in VM-110
 INFO 07-15 18:03:42,601 SystemLoadProfiler:50 [pool-8-thread-1] - Average CPU Load: 0.0 in VM-110
 INFO 07-15 18:03:42,602 TaskEventRateCalculator:114 [pool-8-thread-1] - ---- Start of task processed event (# tasks: 1 in executor VM-110)----
METRICLOG/VM-110	Stage2-2-0	inputR: 0	inputP:0	output:0	inW:2026-07-15T17:55:35.290Z	ioutW:2026-07-15T17:55:35.290Z	ptime:0	dsertime:0	inbytes:0	sertime:0	outbytes:0	numKey:1456	owc:0
----- End of taks processed event ----

 INFO 07-15 18:03:42,602 CpuBottleneckDetectorImpl:63 [pool-8-thread-1] - Current cpu load: 0.0, # processed events: 0, consecutive: 0/2, threshold: 0.9 in VM-110
 INFO 07-15 18:03:43,601 SystemLoadProfiler:50 [pool-8-thread-1] - Average CPU Load: 0.0 in VM-110
 INFO 07-15 18:03:43,602 TaskEventRateCalculator:114 [pool-8-thread-1] - ---- Start of task processed event (# tasks: 1 in executor VM-110)----
METRICLOG/VM-110	Stage2-2-0	inputR: 0	inputP:0	output:0	inW:2026-07-15T17:55:35.290Z	ioutW:2026-07-15T17:55:35.290Z	ptime:0	dsertime:0	inbytes:0	sertime:0	outbytes:0	numKey:1456	owc:0
----- End of taks processed event ----

 INFO 07-15 18:03:43,602 CpuBottleneckDetectorImpl:63 [pool-8-thread-1] - Current cpu load: 0.0, # processed events: 0, consecutive: 0/2, threshold: 0.9 in VM-110
 INFO 07-15 18:03:44,601 SystemLoadProfiler:50 [pool-8-thread-1] - Average CPU Load: 0.0 in VM-110
 INFO 07-15 18:03:44,602 TaskEventRateCalculator:114 [pool-8-thread-1] - ---- Start of task processed event (# tasks: 1 in executor VM-110)----
METRICLOG/VM-110	Stage2-2-0	inputR: 0	inputP:0	output:0	inW:2026-07-15T17:55:35.290Z	ioutW:2026-07-15T17:55:35.290Z	ptime:0	dsertime:0	inbytes:0	sertime:0	outbytes:0	numKey:1456	owc:0
----- End of taks processed event ----

 INFO 07-15 18:03:44,602 CpuBottleneckDetectorImpl:63 [pool-8-thread-1] - Current cpu load: 0.0, # processed events: 0, consecutive: 0/2, threshold: 0.9 in VM-110
 INFO 07-15 18:03:45,601 SystemLoadProfiler:50 [pool-8-thread-1] - Average CPU Load: 0.0 in VM-110
 INFO 07-15 18:03:45,602 TaskEventRateCalculator:114 [pool-8-thread-1] - ---- Start of task processed event (# tasks: 1 in executor VM-110)----
METRICLOG/VM-110	Stage2-2-0	inputR: 0	inputP:0	output:0	inW:2026-07-15T17:55:35.290Z	ioutW:2026-07-15T17:55:35.290Z	ptime:0	dsertime:0	inbytes:0	sertime:0	outbytes:0	numKey:1456	owc:0
----- End of taks processed event ----

 INFO 07-15 18:03:45,602 CpuBottleneckDetectorImpl:63 [pool-8-thread-1] - Current cpu load: 0.0, # processed events: 0, consecutive: 0/2, threshold: 0.9 in VM-110
 INFO 07-15 18:03:46,601 SystemLoadProfiler:50 [pool-8-thread-1] - Average CPU Load: 0.0 in VM-110
 INFO 07-15 18:03:46,602 TaskEventRateCalculator:114 [pool-8-thread-1] - ---- Start of task processed event (# tasks: 1 in executor VM-110)----
METRICLOG/VM-110	Stage2-2-0	inputR: 0	inputP:0	output:0	inW:2026-07-15T17:55:35.290Z	ioutW:2026-07-15T17:55:35.290Z	ptime:0	dsertime:0	inbytes:0	sertime:0	outbytes:0	numKey:1456	owc:0
----- End of taks processed event ----

 INFO 07-15 18:03:46,602 CpuBottleneckDetectorImpl:63 [pool-8-thread-1] - Current cpu load: 0.0, # processed events: 0, consecutive: 0/2, threshold: 0.9 in VM-110
 INFO 07-15 18:03:47,601 SystemLoadProfiler:50 [pool-8-thread-1] - Average CPU Load: 0.0 in VM-110
 INFO 07-15 18:03:47,602 TaskEventRateCalculator:114 [pool-8-thread-1] - ---- Start of task processed event (# tasks: 1 in executor VM-110)----
METRICLOG/VM-110	Stage2-2-0	inputR: 0	inputP:0	output:0	inW:2026-07-15T17:55:35.290Z	ioutW:2026-07-15T17:55:35.290Z	ptime:0	dsertime:0	inbytes:0	sertime:0	outbytes:0	numKey:1456	owc:0
----- End of taks processed event ----

 INFO 07-15 18:03:47,602 CpuBottleneckDetectorImpl:63 [pool-8-thread-1] - Current cpu load: 0.0, # processed events: 0, consecutive: 0/2, threshold: 0.9 in VM-110
 INFO 07-15 18:03:48,601 SystemLoadProfiler:50 [pool-8-thread-1] - Average CPU Load: 0.0 in VM-110
 INFO 07-15 18:03:48,602 TaskEventRateCalculator:114 [pool-8-thread-1] - ---- Start of task processed event (# tasks: 1 in executor VM-110)----
METRICLOG/VM-110	Stage2-2-0	inputR: 0	inputP:0	output:0	inW:2026-07-15T17:55:35.290Z	ioutW:2026-07-15T17:55:35.290Z	ptime:0	dsertime:0	inbytes:0	sertime:0	outbytes:0	numKey:1456	owc:0
----- End of taks processed event ----

 INFO 07-15 18:03:48,602 CpuBottleneckDetectorImpl:63 [pool-8-thread-1] - Current cpu load: 0.0, # processed events: 0, consecutive: 0/2, threshold: 0.9 in VM-110
 INFO 07-15 18:03:49,601 SystemLoadProfiler:50 [pool-8-thread-1] - Average CPU Load: 0.0 in VM-110
 INFO 07-15 18:03:49,602 TaskEventRateCalculator:114 [pool-8-thread-1] - ---- Start of task processed event (# tasks: 1 in executor VM-110)----
METRICLOG/VM-110	Stage2-2-0	inputR: 0	inputP:0	output:0	inW:2026-07-15T17:55:35.290Z	ioutW:2026-07-15T17:55:35.290Z	ptime:0	dsertime:0	inbytes:0	sertime:0	outbytes:0	numKey:1456	owc:0
----- End of taks processed event ----

 INFO 07-15 18:03:49,602 CpuBottleneckDetectorImpl:63 [pool-8-thread-1] - Current cpu load: 0.0, # processed events: 0, consecutive: 0/2, threshold: 0.9 in VM-110
 INFO 07-15 18:03:50,601 SystemLoadProfiler:50 [pool-8-thread-1] - Average CPU Load: 0.0 in VM-110
 INFO 07-15 18:03:50,602 TaskEventRateCalculator:114 [pool-8-thread-1] - ---- Start of task processed event (# tasks: 1 in executor VM-110)----
METRICLOG/VM-110	Stage2-2-0	inputR: 0	inputP:0	output:0	inW:2026-07-15T17:55:35.290Z	ioutW:2026-07-15T17:55:35.290Z	ptime:0	dsertime:0	inbytes:0	sertime:0	outbytes:0	numKey:1456	owc:0
----- End of taks processed event ----

 INFO 07-15 18:03:50,602 CpuBottleneckDetectorImpl:63 [pool-8-thread-1] - Current cpu load: 0.0, # processed events: 0, consecutive: 0/2, threshold: 0.9 in VM-110
 INFO 07-15 18:03:51,601 SystemLoadProfiler:50 [pool-8-thread-1] - Average CPU Load: 0.0 in VM-110
 INFO 07-15 18:03:51,602 TaskEventRateCalculator:114 [pool-8-thread-1] - ---- Start of task processed event (# tasks: 1 in executor VM-110)----
METRICLOG/VM-110	Stage2-2-0	inputR: 0	inputP:0	output:0	inW:2026-07-15T17:55:35.290Z	ioutW:2026-07-15T17:55:35.290Z	ptime:0	dsertime:0	inbytes:0	sertime:0	outbytes:0	numKey:1456	owc:0
----- End of taks processed event ----

 INFO 07-15 18:03:51,602 CpuBottleneckDetectorImpl:63 [pool-8-thread-1] - Current cpu load: 0.0, # processed events: 0, consecutive: 0/2, threshold: 0.9 in VM-110
 INFO 07-15 18:03:52,601 SystemLoadProfiler:50 [pool-8-thread-1] - Average CPU Load: 0.0 in VM-110
 INFO 07-15 18:03:52,602 TaskEventRateCalculator:114 [pool-8-thread-1] - ---- Start of task processed event (# tasks: 1 in executor VM-110)----
METRICLOG/VM-110	Stage2-2-0	inputR: 0	inputP:0	output:0	inW:2026-07-15T17:55:35.290Z	ioutW:2026-07-15T17:55:35.290Z	ptime:0	dsertime:0	inbytes:0	sertime:0	outbytes:0	numKey:1456	owc:0
----- End of taks processed event ----

 INFO 07-15 18:03:52,602 CpuBottleneckDetectorImpl:63 [pool-8-thread-1] - Current cpu load: 0.0, # processed events: 0, consecutive: 0/2, threshold: 0.9 in VM-110
 INFO 07-15 18:03:53,601 SystemLoadProfiler:50 [pool-8-thread-1] - Average CPU Load: 0.0 in VM-110
 INFO 07-15 18:03:53,602 TaskEventRateCalculator:114 [pool-8-thread-1] - ---- Start of task processed event (# tasks: 1 in executor VM-110)----
METRICLOG/VM-110	Stage2-2-0	inputR: 0	inputP:0	output:0	inW:2026-07-15T17:55:35.290Z	ioutW:2026-07-15T17:55:35.290Z	ptime:0	dsertime:0	inbytes:0	sertime:0	outbytes:0	numKey:1456	owc:0
----- End of taks processed event ----

 INFO 07-15 18:03:53,602 CpuBottleneckDetectorImpl:63 [pool-8-thread-1] - Current cpu load: 0.0, # processed events: 0, consecutive: 0/2, threshold: 0.9 in VM-110
 INFO 07-15 18:03:54,601 SystemLoadProfiler:50 [pool-8-thread-1] - Average CPU Load: 0.0 in VM-110
 INFO 07-15 18:03:54,602 TaskEventRateCalculator:114 [pool-8-thread-1] - ---- Start of task processed event (# tasks: 1 in executor VM-110)----
METRICLOG/VM-110	Stage2-2-0	inputR: 0	inputP:0	output:0	inW:2026-07-15T17:55:35.290Z	ioutW:2026-07-15T17:55:35.290Z	ptime:0	dsertime:0	inbytes:0	sertime:0	outbytes:0	numKey:1456	owc:0
----- End of taks processed event ----

 INFO 07-15 18:03:54,602 CpuBottleneckDetectorImpl:63 [pool-8-thread-1] - Current cpu load: 0.0, # processed events: 0, consecutive: 0/2, threshold: 0.9 in VM-110
 INFO 07-15 18:03:55,601 SystemLoadProfiler:50 [pool-8-thread-1] - Average CPU Load: 0.0 in VM-110
 INFO 07-15 18:03:55,602 TaskEventRateCalculator:114 [pool-8-thread-1] - ---- Start of task processed event (# tasks: 1 in executor VM-110)----
METRICLOG/VM-110	Stage2-2-0	inputR: 0	inputP:0	output:0	inW:2026-07-15T17:55:35.290Z	ioutW:2026-07-15T17:55:35.290Z	ptime:0	dsertime:0	inbytes:0	sertime:0	outbytes:0	numKey:1456	owc:0
----- End of taks processed event ----

 INFO 07-15 18:03:55,602 CpuBottleneckDetectorImpl:63 [pool-8-thread-1] - Current cpu load: 0.0, # processed events: 0, consecutive: 0/2, threshold: 0.9 in VM-110
 INFO 07-15 18:03:56,601 SystemLoadProfiler:50 [pool-8-thread-1] - Average CPU Load: 0.0 in VM-110
 INFO 07-15 18:03:56,602 TaskEventRateCalculator:114 [pool-8-thread-1] - ---- Start of task processed event (# tasks: 1 in executor VM-110)----
METRICLOG/VM-110	Stage2-2-0	inputR: 0	inputP:0	output:0	inW:2026-07-15T17:55:35.290Z	ioutW:2026-07-15T17:55:35.290Z	ptime:0	dsertime:0	inbytes:0	sertime:0	outbytes:0	numKey:1456	owc:0
----- End of taks processed event ----

 INFO 07-15 18:03:56,602 CpuBottleneckDetectorImpl:63 [pool-8-thread-1] - Current cpu load: 0.0, # processed events: 0, consecutive: 0/2, threshold: 0.9 in VM-110
 INFO 07-15 18:03:57,601 SystemLoadProfiler:50 [pool-8-thread-1] - Average CPU Load: 0.0 in VM-110
 INFO 07-15 18:03:57,602 TaskEventRateCalculator:114 [pool-8-thread-1] - ---- Start of task processed event (# tasks: 1 in executor VM-110)----
METRICLOG/VM-110	Stage2-2-0	inputR: 0	inputP:0	output:0	inW:2026-07-15T17:55:35.290Z	ioutW:2026-07-15T17:55:35.290Z	ptime:0	dsertime:0	inbytes:0	sertime:0	outbytes:0	numKey:1456	owc:0
----- End of taks processed event ----

 INFO 07-15 18:03:57,602 CpuBottleneckDetectorImpl:63 [pool-8-thread-1] - Current cpu load: 0.0, # processed events: 0, consecutive: 0/2, threshold: 0.9 in VM-110
 INFO 07-15 18:03:58,601 SystemLoadProfiler:50 [pool-8-thread-1] - Average CPU Load: 0.0 in VM-110
 INFO 07-15 18:03:58,602 TaskEventRateCalculator:114 [pool-8-thread-1] - ---- Start of task processed event (# tasks: 1 in executor VM-110)----
METRICLOG/VM-110	Stage2-2-0	inputR: 0	inputP:0	output:0	inW:2026-07-15T17:55:35.290Z	ioutW:2026-07-15T17:55:35.290Z	ptime:0	dsertime:0	inbytes:0	sertime:0	outbytes:0	numKey:1456	owc:0
----- End of taks processed event ----

 INFO 07-15 18:03:58,602 CpuBottleneckDetectorImpl:63 [pool-8-thread-1] - Current cpu load: 0.0, # processed events: 0, consecutive: 0/2, threshold: 0.9 in VM-110
 INFO 07-15 18:03:59,602 SystemLoadProfiler:50 [pool-8-thread-1] - Average CPU Load: 0.0 in VM-110
 INFO 07-15 18:03:59,602 TaskEventRateCalculator:114 [pool-8-thread-1] - ---- Start of task processed event (# tasks: 1 in executor VM-110)----
METRICLOG/VM-110	Stage2-2-0	inputR: 0	inputP:0	output:0	inW:2026-07-15T17:55:35.290Z	ioutW:2026-07-15T17:55:35.290Z	ptime:0	dsertime:0	inbytes:0	sertime:0	outbytes:0	numKey:1456	owc:0
----- End of taks processed event ----

 INFO 07-15 18:03:59,602 CpuBottleneckDetectorImpl:63 [pool-8-thread-1] - Current cpu load: 0.0, # processed events: 0, consecutive: 0/2, threshold: 0.9 in VM-110
 INFO 07-15 18:04:00,601 SystemLoadProfiler:50 [pool-8-thread-1] - Average CPU Load: 0.0 in VM-110
 INFO 07-15 18:04:00,602 TaskEventRateCalculator:114 [pool-8-thread-1] - ---- Start of task processed event (# tasks: 1 in executor VM-110)----
METRICLOG/VM-110	Stage2-2-0	inputR: 0	inputP:0	output:0	inW:2026-07-15T17:55:35.290Z	ioutW:2026-07-15T17:55:35.290Z	ptime:0	dsertime:0	inbytes:0	sertime:0	outbytes:0	numKey:1456	owc:0
----- End of taks processed event ----

 INFO 07-15 18:04:00,602 CpuBottleneckDetectorImpl:63 [pool-8-thread-1] - Current cpu load: 0.0, # processed events: 0, consecutive: 0/2, threshold: 0.9 in VM-110
 INFO 07-15 18:04:01,601 SystemLoadProfiler:50 [pool-8-thread-1] - Average CPU Load: 0.0 in VM-110
 INFO 07-15 18:04:01,602 TaskEventRateCalculator:114 [pool-8-thread-1] - ---- Start of task processed event (# tasks: 1 in executor VM-110)----
METRICLOG/VM-110	Stage2-2-0	inputR: 0	inputP:0	output:0	inW:2026-07-15T17:55:35.290Z	ioutW:2026-07-15T17:55:35.290Z	ptime:0	dsertime:0	inbytes:0	sertime:0	outbytes:0	numKey:1456	owc:0
----- End of taks processed event ----

 INFO 07-15 18:04:01,602 CpuBottleneckDetectorImpl:63 [pool-8-thread-1] - Current cpu load: 0.0, # processed events: 0, consecutive: 0/2, threshold: 0.9 in VM-110
 INFO 07-15 18:04:02,601 SystemLoadProfiler:50 [pool-8-thread-1] - Average CPU Load: 0.0 in VM-110
 INFO 07-15 18:04:02,602 TaskEventRateCalculator:114 [pool-8-thread-1] - ---- Start of task processed event (# tasks: 1 in executor VM-110)----
METRICLOG/VM-110	Stage2-2-0	inputR: 0	inputP:0	output:0	inW:2026-07-15T17:55:35.290Z	ioutW:2026-07-15T17:55:35.290Z	ptime:0	dsertime:0	inbytes:0	sertime:0	outbytes:0	numKey:1456	owc:0
----- End of taks processed event ----

 INFO 07-15 18:04:02,602 CpuBottleneckDetectorImpl:63 [pool-8-thread-1] - Current cpu load: 0.0, # processed events: 0, consecutive: 0/2, threshold: 0.9 in VM-110
 INFO 07-15 18:04:03,601 SystemLoadProfiler:50 [pool-8-thread-1] - Average CPU Load: 0.0 in VM-110
 INFO 07-15 18:04:03,602 TaskEventRateCalculator:114 [pool-8-thread-1] - ---- Start of task processed event (# tasks: 1 in executor VM-110)----
METRICLOG/VM-110	Stage2-2-0	inputR: 0	inputP:0	output:0	inW:2026-07-15T17:55:35.290Z	ioutW:2026-07-15T17:55:35.290Z	ptime:0	dsertime:0	inbytes:0	sertime:0	outbytes:0	numKey:1456	owc:0
----- End of taks processed event ----

 INFO 07-15 18:04:03,602 CpuBottleneckDetectorImpl:63 [pool-8-thread-1] - Current cpu load: 0.0, # processed events: 0, consecutive: 0/2, threshold: 0.9 in VM-110
 INFO 07-15 18:04:04,601 SystemLoadProfiler:50 [pool-8-thread-1] - Average CPU Load: 0.0 in VM-110
 INFO 07-15 18:04:04,602 TaskEventRateCalculator:114 [pool-8-thread-1] - ---- Start of task processed event (# tasks: 1 in executor VM-110)----
METRICLOG/VM-110	Stage2-2-0	inputR: 0	inputP:0	output:0	inW:2026-07-15T17:55:35.290Z	ioutW:2026-07-15T17:55:35.290Z	ptime:0	dsertime:0	inbytes:0	sertime:0	outbytes:0	numKey:1456	owc:0
----- End of taks processed event ----

 INFO 07-15 18:04:04,602 CpuBottleneckDetectorImpl:63 [pool-8-thread-1] - Current cpu load: 0.0, # processed events: 0, consecutive: 0/2, threshold: 0.9 in VM-110
 INFO 07-15 18:04:05,601 SystemLoadProfiler:50 [pool-8-thread-1] - Average CPU Load: 0.0 in VM-110
 INFO 07-15 18:04:05,602 TaskEventRateCalculator:114 [pool-8-thread-1] - ---- Start of task processed event (# tasks: 1 in executor VM-110)----
METRICLOG/VM-110	Stage2-2-0	inputR: 0	inputP:0	output:0	inW:2026-07-15T17:55:35.290Z	ioutW:2026-07-15T17:55:35.290Z	ptime:0	dsertime:0	inbytes:0	sertime:0	outbytes:0	numKey:1456	owc:0
----- End of taks processed event ----

 INFO 07-15 18:04:05,602 CpuBottleneckDetectorImpl:63 [pool-8-thread-1] - Current cpu load: 0.0, # processed events: 0, consecutive: 0/2, threshold: 0.9 in VM-110
 INFO 07-15 18:04:06,601 SystemLoadProfiler:50 [pool-8-thread-1] - Average CPU Load: 0.0 in VM-110
 INFO 07-15 18:04:06,602 TaskEventRateCalculator:114 [pool-8-thread-1] - ---- Start of task processed event (# tasks: 1 in executor VM-110)----
METRICLOG/VM-110	Stage2-2-0	inputR: 0	inputP:0	output:0	inW:2026-07-15T17:55:35.290Z	ioutW:2026-07-15T17:55:35.290Z	ptime:0	dsertime:0	inbytes:0	sertime:0	outbytes:0	numKey:1456	owc:0
----- End of taks processed event ----

 INFO 07-15 18:04:06,602 CpuBottleneckDetectorImpl:63 [pool-8-thread-1] - Current cpu load: 0.0, # processed events: 0, consecutive: 0/2, threshold: 0.9 in VM-110
 INFO 07-15 18:04:07,601 SystemLoadProfiler:50 [pool-8-thread-1] - Average CPU Load: 0.0 in VM-110
 INFO 07-15 18:04:07,602 TaskEventRateCalculator:114 [pool-8-thread-1] - ---- Start of task processed event (# tasks: 1 in executor VM-110)----
METRICLOG/VM-110	Stage2-2-0	inputR: 0	inputP:0	output:0	inW:2026-07-15T17:55:35.290Z	ioutW:2026-07-15T17:55:35.290Z	ptime:0	dsertime:0	inbytes:0	sertime:0	outbytes:0	numKey:1456	owc:0
----- End of taks processed event ----

 INFO 07-15 18:04:07,602 CpuBottleneckDetectorImpl:63 [pool-8-thread-1] - Current cpu load: 0.0, # processed events: 0, consecutive: 0/2, threshold: 0.9 in VM-110
 INFO 07-15 18:04:08,601 SystemLoadProfiler:50 [pool-8-thread-1] - Average CPU Load: 0.0 in VM-110
 INFO 07-15 18:04:08,602 TaskEventRateCalculator:114 [pool-8-thread-1] - ---- Start of task processed event (# tasks: 1 in executor VM-110)----
METRICLOG/VM-110	Stage2-2-0	inputR: 0	inputP:0	output:0	inW:2026-07-15T17:55:35.290Z	ioutW:2026-07-15T17:55:35.290Z	ptime:0	dsertime:0	inbytes:0	sertime:0	outbytes:0	numKey:1456	owc:0
----- End of taks processed event ----

 INFO 07-15 18:04:08,602 CpuBottleneckDetectorImpl:63 [pool-8-thread-1] - Current cpu load: 0.0, # processed events: 0, consecutive: 0/2, threshold: 0.9 in VM-110
 INFO 07-15 18:04:09,601 SystemLoadProfiler:50 [pool-8-thread-1] - Average CPU Load: 0.0 in VM-110
 INFO 07-15 18:04:09,602 TaskEventRateCalculator:114 [pool-8-thread-1] - ---- Start of task processed event (# tasks: 1 in executor VM-110)----
METRICLOG/VM-110	Stage2-2-0	inputR: 0	inputP:0	output:0	inW:2026-07-15T17:55:35.290Z	ioutW:2026-07-15T17:55:35.290Z	ptime:0	dsertime:0	inbytes:0	sertime:0	outbytes:0	numKey:1456	owc:0
----- End of taks processed event ----

 INFO 07-15 18:04:09,602 CpuBottleneckDetectorImpl:63 [pool-8-thread-1] - Current cpu load: 0.0, # processed events: 0, consecutive: 0/2, threshold: 0.9 in VM-110
 INFO 07-15 18:04:10,601 SystemLoadProfiler:50 [pool-8-thread-1] - Average CPU Load: 0.0 in VM-110
 INFO 07-15 18:04:10,602 TaskEventRateCalculator:114 [pool-8-thread-1] - ---- Start of task processed event (# tasks: 1 in executor VM-110)----
METRICLOG/VM-110	Stage2-2-0	inputR: 0	inputP:0	output:0	inW:2026-07-15T17:55:35.290Z	ioutW:2026-07-15T17:55:35.290Z	ptime:0	dsertime:0	inbytes:0	sertime:0	outbytes:0	numKey:1456	owc:0
----- End of taks processed event ----

 INFO 07-15 18:04:10,602 CpuBottleneckDetectorImpl:63 [pool-8-thread-1] - Current cpu load: 0.0, # processed events: 0, consecutive: 0/2, threshold: 0.9 in VM-110
 INFO 07-15 18:04:11,601 SystemLoadProfiler:50 [pool-8-thread-1] - Average CPU Load: 0.0 in VM-110
 INFO 07-15 18:04:11,602 TaskEventRateCalculator:114 [pool-8-thread-1] - ---- Start of task processed event (# tasks: 1 in executor VM-110)----
METRICLOG/VM-110	Stage2-2-0	inputR: 0	inputP:0	output:0	inW:2026-07-15T17:55:35.290Z	ioutW:2026-07-15T17:55:35.290Z	ptime:0	dsertime:0	inbytes:0	sertime:0	outbytes:0	numKey:1456	owc:0
----- End of taks processed event ----

 INFO 07-15 18:04:11,602 CpuBottleneckDetectorImpl:63 [pool-8-thread-1] - Current cpu load: 0.0, # processed events: 0, consecutive: 0/2, threshold: 0.9 in VM-110
 INFO 07-15 18:04:12,601 SystemLoadProfiler:50 [pool-8-thread-1] - Average CPU Load: 0.0 in VM-110
 INFO 07-15 18:04:12,602 TaskEventRateCalculator:114 [pool-8-thread-1] - ---- Start of task processed event (# tasks: 1 in executor VM-110)----
METRICLOG/VM-110	Stage2-2-0	inputR: 0	inputP:0	output:0	inW:2026-07-15T17:55:35.290Z	ioutW:2026-07-15T17:55:35.290Z	ptime:0	dsertime:0	inbytes:0	sertime:0	outbytes:0	numKey:1456	owc:0
----- End of taks processed event ----

 INFO 07-15 18:04:12,602 CpuBottleneckDetectorImpl:63 [pool-8-thread-1] - Current cpu load: 0.0, # processed events: 0, consecutive: 0/2, threshold: 0.9 in VM-110
 INFO 07-15 18:04:13,601 SystemLoadProfiler:50 [pool-8-thread-1] - Average CPU Load: 0.0 in VM-110
 INFO 07-15 18:04:13,602 TaskEventRateCalculator:114 [pool-8-thread-1] - ---- Start of task processed event (# tasks: 1 in executor VM-110)----
METRICLOG/VM-110	Stage2-2-0	inputR: 0	inputP:0	output:0	inW:2026-07-15T17:55:35.290Z	ioutW:2026-07-15T17:55:35.290Z	ptime:0	dsertime:0	inbytes:0	sertime:0	outbytes:0	numKey:1456	owc:0
----- End of taks processed event ----

 INFO 07-15 18:04:13,602 CpuBottleneckDetectorImpl:63 [pool-8-thread-1] - Current cpu load: 0.0, # processed events: 0, consecutive: 0/2, threshold: 0.9 in VM-110
 INFO 07-15 18:04:14,601 SystemLoadProfiler:50 [pool-8-thread-1] - Average CPU Load: 0.0 in VM-110
 INFO 07-15 18:04:14,602 TaskEventRateCalculator:114 [pool-8-thread-1] - ---- Start of task processed event (# tasks: 1 in executor VM-110)----
METRICLOG/VM-110	Stage2-2-0	inputR: 0	inputP:0	output:0	inW:2026-07-15T17:55:35.290Z	ioutW:2026-07-15T17:55:35.290Z	ptime:0	dsertime:0	inbytes:0	sertime:0	outbytes:0	numKey:1456	owc:0
----- End of taks processed event ----

 INFO 07-15 18:04:14,602 CpuBottleneckDetectorImpl:63 [pool-8-thread-1] - Current cpu load: 0.0, # processed events: 0, consecutive: 0/2, threshold: 0.9 in VM-110
 INFO 07-15 18:04:15,601 SystemLoadProfiler:50 [pool-8-thread-1] - Average CPU Load: 0.0 in VM-110
 INFO 07-15 18:04:15,602 TaskEventRateCalculator:114 [pool-8-thread-1] - ---- Start of task processed event (# tasks: 1 in executor VM-110)----
METRICLOG/VM-110	Stage2-2-0	inputR: 0	inputP:0	output:0	inW:2026-07-15T17:55:35.290Z	ioutW:2026-07-15T17:55:35.290Z	ptime:0	dsertime:0	inbytes:0	sertime:0	outbytes:0	numKey:1456	owc:0
----- End of taks processed event ----

 INFO 07-15 18:04:15,602 CpuBottleneckDetectorImpl:63 [pool-8-thread-1] - Current cpu load: 0.0, # processed events: 0, consecutive: 0/2, threshold: 0.9 in VM-110
 INFO 07-15 18:04:16,601 SystemLoadProfiler:50 [pool-8-thread-1] - Average CPU Load: 0.0 in VM-110
 INFO 07-15 18:04:16,602 TaskEventRateCalculator:114 [pool-8-thread-1] - ---- Start of task processed event (# tasks: 1 in executor VM-110)----
METRICLOG/VM-110	Stage2-2-0	inputR: 0	inputP:0	output:0	inW:2026-07-15T17:55:35.290Z	ioutW:2026-07-15T17:55:35.290Z	ptime:0	dsertime:0	inbytes:0	sertime:0	outbytes:0	numKey:1456	owc:0
----- End of taks processed event ----

 INFO 07-15 18:04:16,602 CpuBottleneckDetectorImpl:63 [pool-8-thread-1] - Current cpu load: 0.0, # processed events: 0, consecutive: 0/2, threshold: 0.9 in VM-110
 INFO 07-15 18:04:17,601 SystemLoadProfiler:50 [pool-8-thread-1] - Average CPU Load: 0.0 in VM-110
 INFO 07-15 18:04:17,602 TaskEventRateCalculator:114 [pool-8-thread-1] - ---- Start of task processed event (# tasks: 1 in executor VM-110)----
METRICLOG/VM-110	Stage2-2-0	inputR: 0	inputP:0	output:0	inW:2026-07-15T17:55:35.290Z	ioutW:2026-07-15T17:55:35.290Z	ptime:0	dsertime:0	inbytes:0	sertime:0	outbytes:0	numKey:1456	owc:0
----- End of taks processed event ----

 INFO 07-15 18:04:17,602 CpuBottleneckDetectorImpl:63 [pool-8-thread-1] - Current cpu load: 0.0, # processed events: 0, consecutive: 0/2, threshold: 0.9 in VM-110
 INFO 07-15 18:04:18,601 SystemLoadProfiler:50 [pool-8-thread-1] - Average CPU Load: 0.0 in VM-110
 INFO 07-15 18:04:18,602 TaskEventRateCalculator:114 [pool-8-thread-1] - ---- Start of task processed event (# tasks: 1 in executor VM-110)----
METRICLOG/VM-110	Stage2-2-0	inputR: 0	inputP:0	output:0	inW:2026-07-15T17:55:35.290Z	ioutW:2026-07-15T17:55:35.290Z	ptime:0	dsertime:0	inbytes:0	sertime:0	outbytes:0	numKey:1456	owc:0
----- End of taks processed event ----

 INFO 07-15 18:04:18,602 CpuBottleneckDetectorImpl:63 [pool-8-thread-1] - Current cpu load: 0.0, # processed events: 0, consecutive: 0/2, threshold: 0.9 in VM-110
 INFO 07-15 18:04:19,601 SystemLoadProfiler:50 [pool-8-thread-1] - Average CPU Load: 0.0 in VM-110
 INFO 07-15 18:04:19,602 TaskEventRateCalculator:114 [pool-8-thread-1] - ---- Start of task processed event (# tasks: 1 in executor VM-110)----
METRICLOG/VM-110	Stage2-2-0	inputR: 0	inputP:0	output:0	inW:2026-07-15T17:55:35.290Z	ioutW:2026-07-15T17:55:35.290Z	ptime:0	dsertime:0	inbytes:0	sertime:0	outbytes:0	numKey:1456	owc:0
----- End of taks processed event ----

 INFO 07-15 18:04:19,602 CpuBottleneckDetectorImpl:63 [pool-8-thread-1] - Current cpu load: 0.0, # processed events: 0, consecutive: 0/2, threshold: 0.9 in VM-110
 INFO 07-15 18:04:20,601 SystemLoadProfiler:50 [pool-8-thread-1] - Average CPU Load: 0.0 in VM-110
 INFO 07-15 18:04:20,602 TaskEventRateCalculator:114 [pool-8-thread-1] - ---- Start of task processed event (# tasks: 1 in executor VM-110)----
METRICLOG/VM-110	Stage2-2-0	inputR: 0	inputP:0	output:0	inW:2026-07-15T17:55:35.290Z	ioutW:2026-07-15T17:55:35.290Z	ptime:0	dsertime:0	inbytes:0	sertime:0	outbytes:0	numKey:1456	owc:0
----- End of taks processed event ----

 INFO 07-15 18:04:20,602 CpuBottleneckDetectorImpl:63 [pool-8-thread-1] - Current cpu load: 0.0, # processed events: 0, consecutive: 0/2, threshold: 0.9 in VM-110
 INFO 07-15 18:04:21,601 SystemLoadProfiler:50 [pool-8-thread-1] - Average CPU Load: 0.0 in VM-110
 INFO 07-15 18:04:21,602 TaskEventRateCalculator:114 [pool-8-thread-1] - ---- Start of task processed event (# tasks: 1 in executor VM-110)----
METRICLOG/VM-110	Stage2-2-0	inputR: 0	inputP:0	output:0	inW:2026-07-15T17:55:35.290Z	ioutW:2026-07-15T17:55:35.290Z	ptime:0	dsertime:0	inbytes:0	sertime:0	outbytes:0	numKey:1456	owc:0
----- End of taks processed event ----

 INFO 07-15 18:04:21,602 CpuBottleneckDetectorImpl:63 [pool-8-thread-1] - Current cpu load: 0.0, # processed events: 0, consecutive: 0/2, threshold: 0.9 in VM-110
 INFO 07-15 18:04:22,601 SystemLoadProfiler:50 [pool-8-thread-1] - Average CPU Load: 0.0 in VM-110
 INFO 07-15 18:04:22,602 TaskEventRateCalculator:114 [pool-8-thread-1] - ---- Start of task processed event (# tasks: 1 in executor VM-110)----
METRICLOG/VM-110	Stage2-2-0	inputR: 0	inputP:0	output:0	inW:2026-07-15T17:55:35.290Z	ioutW:2026-07-15T17:55:35.290Z	ptime:0	dsertime:0	inbytes:0	sertime:0	outbytes:0	numKey:1456	owc:0
----- End of taks processed event ----

 INFO 07-15 18:04:22,602 CpuBottleneckDetectorImpl:63 [pool-8-thread-1] - Current cpu load: 0.0, # processed events: 0, consecutive: 0/2, threshold: 0.9 in VM-110
 INFO 07-15 18:04:23,601 SystemLoadProfiler:50 [pool-8-thread-1] - Average CPU Load: 0.0 in VM-110
 INFO 07-15 18:04:23,602 TaskEventRateCalculator:114 [pool-8-thread-1] - ---- Start of task processed event (# tasks: 1 in executor VM-110)----
METRICLOG/VM-110	Stage2-2-0	inputR: 0	inputP:0	output:0	inW:2026-07-15T17:55:35.290Z	ioutW:2026-07-15T17:55:35.290Z	ptime:0	dsertime:0	inbytes:0	sertime:0	outbytes:0	numKey:1456	owc:0
----- End of taks processed event ----

 INFO 07-15 18:04:23,602 CpuBottleneckDetectorImpl:63 [pool-8-thread-1] - Current cpu load: 0.0, # processed events: 0, consecutive: 0/2, threshold: 0.9 in VM-110
 INFO 07-15 18:04:24,602 SystemLoadProfiler:50 [pool-8-thread-1] - Average CPU Load: 0.0 in VM-110
 INFO 07-15 18:04:24,602 TaskEventRateCalculator:114 [pool-8-thread-1] - ---- Start of task processed event (# tasks: 1 in executor VM-110)----
METRICLOG/VM-110	Stage2-2-0	inputR: 0	inputP:0	output:0	inW:2026-07-15T17:55:35.290Z	ioutW:2026-07-15T17:55:35.290Z	ptime:0	dsertime:0	inbytes:0	sertime:0	outbytes:0	numKey:1456	owc:0
----- End of taks processed event ----

 INFO 07-15 18:04:24,602 CpuBottleneckDetectorImpl:63 [pool-8-thread-1] - Current cpu load: 0.0, # processed events: 0, consecutive: 0/2, threshold: 0.9 in VM-110
 INFO 07-15 18:04:25,601 SystemLoadProfiler:50 [pool-8-thread-1] - Average CPU Load: 0.0 in VM-110
 INFO 07-15 18:04:25,602 TaskEventRateCalculator:114 [pool-8-thread-1] - ---- Start of task processed event (# tasks: 1 in executor VM-110)----
METRICLOG/VM-110	Stage2-2-0	inputR: 0	inputP:0	output:0	inW:2026-07-15T17:55:35.290Z	ioutW:2026-07-15T17:55:35.290Z	ptime:0	dsertime:0	inbytes:0	sertime:0	outbytes:0	numKey:1456	owc:0
----- End of taks processed event ----

 INFO 07-15 18:04:25,602 CpuBottleneckDetectorImpl:63 [pool-8-thread-1] - Current cpu load: 0.0, # processed events: 0, consecutive: 0/2, threshold: 0.9 in VM-110
 INFO 07-15 18:04:26,601 SystemLoadProfiler:50 [pool-8-thread-1] - Average CPU Load: 0.0 in VM-110
 INFO 07-15 18:04:26,602 TaskEventRateCalculator:114 [pool-8-thread-1] - ---- Start of task processed event (# tasks: 1 in executor VM-110)----
METRICLOG/VM-110	Stage2-2-0	inputR: 0	inputP:0	output:0	inW:2026-07-15T17:55:35.290Z	ioutW:2026-07-15T17:55:35.290Z	ptime:0	dsertime:0	inbytes:0	sertime:0	outbytes:0	numKey:1456	owc:0
----- End of taks processed event ----

 INFO 07-15 18:04:26,602 CpuBottleneckDetectorImpl:63 [pool-8-thread-1] - Current cpu load: 0.0, # processed events: 0, consecutive: 0/2, threshold: 0.9 in VM-110
 INFO 07-15 18:04:27,601 SystemLoadProfiler:50 [pool-8-thread-1] - Average CPU Load: 0.0 in VM-110
 INFO 07-15 18:04:27,602 TaskEventRateCalculator:114 [pool-8-thread-1] - ---- Start of task processed event (# tasks: 1 in executor VM-110)----
METRICLOG/VM-110	Stage2-2-0	inputR: 0	inputP:0	output:0	inW:2026-07-15T17:55:35.290Z	ioutW:2026-07-15T17:55:35.290Z	ptime:0	dsertime:0	inbytes:0	sertime:0	outbytes:0	numKey:1456	owc:0
----- End of taks processed event ----

 INFO 07-15 18:04:27,602 CpuBottleneckDetectorImpl:63 [pool-8-thread-1] - Current cpu load: 0.0, # processed events: 0, consecutive: 0/2, threshold: 0.9 in VM-110
 INFO 07-15 18:04:28,601 SystemLoadProfiler:50 [pool-8-thread-1] - Average CPU Load: 0.0 in VM-110
 INFO 07-15 18:04:28,602 TaskEventRateCalculator:114 [pool-8-thread-1] - ---- Start of task processed event (# tasks: 1 in executor VM-110)----
METRICLOG/VM-110	Stage2-2-0	inputR: 0	inputP:0	output:0	inW:2026-07-15T17:55:35.290Z	ioutW:2026-07-15T17:55:35.290Z	ptime:0	dsertime:0	inbytes:0	sertime:0	outbytes:0	numKey:1456	owc:0
----- End of taks processed event ----

 INFO 07-15 18:04:28,602 CpuBottleneckDetectorImpl:63 [pool-8-thread-1] - Current cpu load: 0.0, # processed events: 0, consecutive: 0/2, threshold: 0.9 in VM-110
 INFO 07-15 18:04:29,601 SystemLoadProfiler:50 [pool-8-thread-1] - Average CPU Load: 0.0 in VM-110
 INFO 07-15 18:04:29,602 TaskEventRateCalculator:114 [pool-8-thread-1] - ---- Start of task processed event (# tasks: 1 in executor VM-110)----
METRICLOG/VM-110	Stage2-2-0	inputR: 0	inputP:0	output:0	inW:2026-07-15T17:55:35.290Z	ioutW:2026-07-15T17:55:35.290Z	ptime:0	dsertime:0	inbytes:0	sertime:0	outbytes:0	numKey:1456	owc:0
----- End of taks processed event ----

 INFO 07-15 18:04:29,602 CpuBottleneckDetectorImpl:63 [pool-8-thread-1] - Current cpu load: 0.0, # processed events: 0, consecutive: 0/2, threshold: 0.9 in VM-110
 INFO 07-15 18:04:30,601 SystemLoadProfiler:50 [pool-8-thread-1] - Average CPU Load: 0.0 in VM-110
 INFO 07-15 18:04:30,602 TaskEventRateCalculator:114 [pool-8-thread-1] - ---- Start of task processed event (# tasks: 1 in executor VM-110)----
METRICLOG/VM-110	Stage2-2-0	inputR: 0	inputP:0	output:0	inW:2026-07-15T17:55:35.290Z	ioutW:2026-07-15T17:55:35.290Z	ptime:0	dsertime:0	inbytes:0	sertime:0	outbytes:0	numKey:1456	owc:0
----- End of taks processed event ----

 INFO 07-15 18:04:30,602 CpuBottleneckDetectorImpl:63 [pool-8-thread-1] - Current cpu load: 0.0, # processed events: 0, consecutive: 0/2, threshold: 0.9 in VM-110
 INFO 07-15 18:04:31,601 SystemLoadProfiler:50 [pool-8-thread-1] - Average CPU Load: 0.0 in VM-110
 INFO 07-15 18:04:31,602 TaskEventRateCalculator:114 [pool-8-thread-1] - ---- Start of task processed event (# tasks: 1 in executor VM-110)----
METRICLOG/VM-110	Stage2-2-0	inputR: 0	inputP:0	output:0	inW:2026-07-15T17:55:35.290Z	ioutW:2026-07-15T17:55:35.290Z	ptime:0	dsertime:0	inbytes:0	sertime:0	outbytes:0	numKey:1456	owc:0
----- End of taks processed event ----

 INFO 07-15 18:04:31,602 CpuBottleneckDetectorImpl:63 [pool-8-thread-1] - Current cpu load: 0.0, # processed events: 0, consecutive: 0/2, threshold: 0.9 in VM-110
 INFO 07-15 18:04:32,601 SystemLoadProfiler:50 [pool-8-thread-1] - Average CPU Load: 0.0 in VM-110
 INFO 07-15 18:04:32,602 TaskEventRateCalculator:114 [pool-8-thread-1] - ---- Start of task processed event (# tasks: 1 in executor VM-110)----
METRICLOG/VM-110	Stage2-2-0	inputR: 0	inputP:0	output:0	inW:2026-07-15T17:55:35.290Z	ioutW:2026-07-15T17:55:35.290Z	ptime:0	dsertime:0	inbytes:0	sertime:0	outbytes:0	numKey:1456	owc:0
----- End of taks processed event ----

 INFO 07-15 18:04:32,602 CpuBottleneckDetectorImpl:63 [pool-8-thread-1] - Current cpu load: 0.0, # processed events: 0, consecutive: 0/2, threshold: 0.9 in VM-110
 INFO 07-15 18:04:33,601 SystemLoadProfiler:50 [pool-8-thread-1] - Average CPU Load: 0.0 in VM-110
 INFO 07-15 18:04:33,602 TaskEventRateCalculator:114 [pool-8-thread-1] - ---- Start of task processed event (# tasks: 1 in executor VM-110)----
METRICLOG/VM-110	Stage2-2-0	inputR: 0	inputP:0	output:0	inW:2026-07-15T17:55:35.290Z	ioutW:2026-07-15T17:55:35.290Z	ptime:0	dsertime:0	inbytes:0	sertime:0	outbytes:0	numKey:1456	owc:0
----- End of taks processed event ----

 INFO 07-15 18:04:33,602 CpuBottleneckDetectorImpl:63 [pool-8-thread-1] - Current cpu load: 0.0, # processed events: 0, consecutive: 0/2, threshold: 0.9 in VM-110
 INFO 07-15 18:04:34,601 SystemLoadProfiler:50 [pool-8-thread-1] - Average CPU Load: 0.0 in VM-110
 INFO 07-15 18:04:34,602 TaskEventRateCalculator:114 [pool-8-thread-1] - ---- Start of task processed event (# tasks: 1 in executor VM-110)----
METRICLOG/VM-110	Stage2-2-0	inputR: 0	inputP:0	output:0	inW:2026-07-15T17:55:35.290Z	ioutW:2026-07-15T17:55:35.290Z	ptime:0	dsertime:0	inbytes:0	sertime:0	outbytes:0	numKey:1456	owc:0
----- End of taks processed event ----

 INFO 07-15 18:04:34,602 CpuBottleneckDetectorImpl:63 [pool-8-thread-1] - Current cpu load: 0.0, # processed events: 0, consecutive: 0/2, threshold: 0.9 in VM-110
 INFO 07-15 18:04:35,601 SystemLoadProfiler:50 [pool-8-thread-1] - Average CPU Load: 0.0 in VM-110
 INFO 07-15 18:04:35,602 TaskEventRateCalculator:114 [pool-8-thread-1] - ---- Start of task processed event (# tasks: 1 in executor VM-110)----
METRICLOG/VM-110	Stage2-2-0	inputR: 0	inputP:0	output:0	inW:2026-07-15T17:55:35.290Z	ioutW:2026-07-15T17:55:35.290Z	ptime:0	dsertime:0	inbytes:0	sertime:0	outbytes:0	numKey:1456	owc:0
----- End of taks processed event ----

 INFO 07-15 18:04:35,602 CpuBottleneckDetectorImpl:63 [pool-8-thread-1] - Current cpu load: 0.0, # processed events: 0, consecutive: 0/2, threshold: 0.9 in VM-110
 INFO 07-15 18:04:36,601 SystemLoadProfiler:50 [pool-8-thread-1] - Average CPU Load: 0.0 in VM-110
 INFO 07-15 18:04:36,602 TaskEventRateCalculator:114 [pool-8-thread-1] - ---- Start of task processed event (# tasks: 1 in executor VM-110)----
METRICLOG/VM-110	Stage2-2-0	inputR: 0	inputP:0	output:0	inW:2026-07-15T17:55:35.290Z	ioutW:2026-07-15T17:55:35.290Z	ptime:0	dsertime:0	inbytes:0	sertime:0	outbytes:0	numKey:1456	owc:0
----- End of taks processed event ----

 INFO 07-15 18:04:36,602 CpuBottleneckDetectorImpl:63 [pool-8-thread-1] - Current cpu load: 0.0, # processed events: 0, consecutive: 0/2, threshold: 0.9 in VM-110
 INFO 07-15 18:04:37,601 SystemLoadProfiler:50 [pool-8-thread-1] - Average CPU Load: 0.0 in VM-110
 INFO 07-15 18:04:37,602 TaskEventRateCalculator:114 [pool-8-thread-1] - ---- Start of task processed event (# tasks: 1 in executor VM-110)----
METRICLOG/VM-110	Stage2-2-0	inputR: 0	inputP:0	output:0	inW:2026-07-15T17:55:35.290Z	ioutW:2026-07-15T17:55:35.290Z	ptime:0	dsertime:0	inbytes:0	sertime:0	outbytes:0	numKey:1456	owc:0
----- End of taks processed event ----

 INFO 07-15 18:04:37,602 CpuBottleneckDetectorImpl:63 [pool-8-thread-1] - Current cpu load: 0.0, # processed events: 0, consecutive: 0/2, threshold: 0.9 in VM-110
 INFO 07-15 18:04:38,601 SystemLoadProfiler:50 [pool-8-thread-1] - Average CPU Load: 0.0 in VM-110
 INFO 07-15 18:04:38,602 TaskEventRateCalculator:114 [pool-8-thread-1] - ---- Start of task processed event (# tasks: 1 in executor VM-110)----
METRICLOG/VM-110	Stage2-2-0	inputR: 0	inputP:0	output:0	inW:2026-07-15T17:55:35.290Z	ioutW:2026-07-15T17:55:35.290Z	ptime:0	dsertime:0	inbytes:0	sertime:0	outbytes:0	numKey:1456	owc:0
----- End of taks processed event ----

 INFO 07-15 18:04:38,602 CpuBottleneckDetectorImpl:63 [pool-8-thread-1] - Current cpu load: 0.0, # processed events: 0, consecutive: 0/2, threshold: 0.9 in VM-110
 INFO 07-15 18:04:39,601 SystemLoadProfiler:50 [pool-8-thread-1] - Average CPU Load: 0.0 in VM-110
 INFO 07-15 18:04:39,602 TaskEventRateCalculator:114 [pool-8-thread-1] - ---- Start of task processed event (# tasks: 1 in executor VM-110)----
METRICLOG/VM-110	Stage2-2-0	inputR: 0	inputP:0	output:0	inW:2026-07-15T17:55:35.290Z	ioutW:2026-07-15T17:55:35.290Z	ptime:0	dsertime:0	inbytes:0	sertime:0	outbytes:0	numKey:1456	owc:0
----- End of taks processed event ----

 INFO 07-15 18:04:39,602 CpuBottleneckDetectorImpl:63 [pool-8-thread-1] - Current cpu load: 0.0, # processed events: 0, consecutive: 0/2, threshold: 0.9 in VM-110
 INFO 07-15 18:04:40,601 SystemLoadProfiler:50 [pool-8-thread-1] - Average CPU Load: 0.0 in VM-110
 INFO 07-15 18:04:40,602 TaskEventRateCalculator:114 [pool-8-thread-1] - ---- Start of task processed event (# tasks: 1 in executor VM-110)----
METRICLOG/VM-110	Stage2-2-0	inputR: 0	inputP:0	output:0	inW:2026-07-15T17:55:35.290Z	ioutW:2026-07-15T17:55:35.290Z	ptime:0	dsertime:0	inbytes:0	sertime:0	outbytes:0	numKey:1456	owc:0
----- End of taks processed event ----

 INFO 07-15 18:04:40,602 CpuBottleneckDetectorImpl:63 [pool-8-thread-1] - Current cpu load: 0.0, # processed events: 0, consecutive: 0/2, threshold: 0.9 in VM-110
 INFO 07-15 18:04:41,601 SystemLoadProfiler:50 [pool-8-thread-1] - Average CPU Load: 0.0 in VM-110
 INFO 07-15 18:04:41,602 TaskEventRateCalculator:114 [pool-8-thread-1] - ---- Start of task processed event (# tasks: 1 in executor VM-110)----
METRICLOG/VM-110	Stage2-2-0	inputR: 0	inputP:0	output:0	inW:2026-07-15T17:55:35.290Z	ioutW:2026-07-15T17:55:35.290Z	ptime:0	dsertime:0	inbytes:0	sertime:0	outbytes:0	numKey:1456	owc:0
----- End of taks processed event ----

 INFO 07-15 18:04:41,602 CpuBottleneckDetectorImpl:63 [pool-8-thread-1] - Current cpu load: 0.0, # processed events: 0, consecutive: 0/2, threshold: 0.9 in VM-110
 INFO 07-15 18:04:42,601 SystemLoadProfiler:50 [pool-8-thread-1] - Average CPU Load: 0.0 in VM-110
 INFO 07-15 18:04:42,602 TaskEventRateCalculator:114 [pool-8-thread-1] - ---- Start of task processed event (# tasks: 1 in executor VM-110)----
METRICLOG/VM-110	Stage2-2-0	inputR: 0	inputP:0	output:0	inW:2026-07-15T17:55:35.290Z	ioutW:2026-07-15T17:55:35.290Z	ptime:0	dsertime:0	inbytes:0	sertime:0	outbytes:0	numKey:1456	owc:0
----- End of taks processed event ----

 INFO 07-15 18:04:42,602 CpuBottleneckDetectorImpl:63 [pool-8-thread-1] - Current cpu load: 0.0, # processed events: 0, consecutive: 0/2, threshold: 0.9 in VM-110
 INFO 07-15 18:04:43,601 SystemLoadProfiler:50 [pool-8-thread-1] - Average CPU Load: 0.0 in VM-110
 INFO 07-15 18:04:43,602 TaskEventRateCalculator:114 [pool-8-thread-1] - ---- Start of task processed event (# tasks: 1 in executor VM-110)----
METRICLOG/VM-110	Stage2-2-0	inputR: 0	inputP:0	output:0	inW:2026-07-15T17:55:35.290Z	ioutW:2026-07-15T17:55:35.290Z	ptime:0	dsertime:0	inbytes:0	sertime:0	outbytes:0	numKey:1456	owc:0
----- End of taks processed event ----

 INFO 07-15 18:04:43,602 CpuBottleneckDetectorImpl:63 [pool-8-thread-1] - Current cpu load: 0.0, # processed events: 0, consecutive: 0/2, threshold: 0.9 in VM-110
 INFO 07-15 18:04:44,601 SystemLoadProfiler:50 [pool-8-thread-1] - Average CPU Load: 0.0 in VM-110
 INFO 07-15 18:04:44,602 TaskEventRateCalculator:114 [pool-8-thread-1] - ---- Start of task processed event (# tasks: 1 in executor VM-110)----
METRICLOG/VM-110	Stage2-2-0	inputR: 0	inputP:0	output:0	inW:2026-07-15T17:55:35.290Z	ioutW:2026-07-15T17:55:35.290Z	ptime:0	dsertime:0	inbytes:0	sertime:0	outbytes:0	numKey:1456	owc:0
----- End of taks processed event ----

 INFO 07-15 18:04:44,602 CpuBottleneckDetectorImpl:63 [pool-8-thread-1] - Current cpu load: 0.0, # processed events: 0, consecutive: 0/2, threshold: 0.9 in VM-110
 INFO 07-15 18:04:45,601 SystemLoadProfiler:50 [pool-8-thread-1] - Average CPU Load: 0.0 in VM-110
 INFO 07-15 18:04:45,602 TaskEventRateCalculator:114 [pool-8-thread-1] - ---- Start of task processed event (# tasks: 1 in executor VM-110)----
METRICLOG/VM-110	Stage2-2-0	inputR: 0	inputP:0	output:0	inW:2026-07-15T17:55:35.290Z	ioutW:2026-07-15T17:55:35.290Z	ptime:0	dsertime:0	inbytes:0	sertime:0	outbytes:0	numKey:1456	owc:0
----- End of taks processed event ----

 INFO 07-15 18:04:45,602 CpuBottleneckDetectorImpl:63 [pool-8-thread-1] - Current cpu load: 0.0, # processed events: 0, consecutive: 0/2, threshold: 0.9 in VM-110
 INFO 07-15 18:04:46,601 SystemLoadProfiler:50 [pool-8-thread-1] - Average CPU Load: 0.0 in VM-110
 INFO 07-15 18:04:46,602 TaskEventRateCalculator:114 [pool-8-thread-1] - ---- Start of task processed event (# tasks: 1 in executor VM-110)----
METRICLOG/VM-110	Stage2-2-0	inputR: 0	inputP:0	output:0	inW:2026-07-15T17:55:35.290Z	ioutW:2026-07-15T17:55:35.290Z	ptime:0	dsertime:0	inbytes:0	sertime:0	outbytes:0	numKey:1456	owc:0
----- End of taks processed event ----

 INFO 07-15 18:04:46,602 CpuBottleneckDetectorImpl:63 [pool-8-thread-1] - Current cpu load: 0.0, # processed events: 0, consecutive: 0/2, threshold: 0.9 in VM-110
 INFO 07-15 18:04:47,601 SystemLoadProfiler:50 [pool-8-thread-1] - Average CPU Load: 0.0 in VM-110
 INFO 07-15 18:04:47,602 TaskEventRateCalculator:114 [pool-8-thread-1] - ---- Start of task processed event (# tasks: 1 in executor VM-110)----
METRICLOG/VM-110	Stage2-2-0	inputR: 0	inputP:0	output:0	inW:2026-07-15T17:55:35.290Z	ioutW:2026-07-15T17:55:35.290Z	ptime:0	dsertime:0	inbytes:0	sertime:0	outbytes:0	numKey:1456	owc:0
----- End of taks processed event ----

 INFO 07-15 18:04:47,602 CpuBottleneckDetectorImpl:63 [pool-8-thread-1] - Current cpu load: 0.0, # processed events: 0, consecutive: 0/2, threshold: 0.9 in VM-110
 INFO 07-15 18:04:48,601 SystemLoadProfiler:50 [pool-8-thread-1] - Average CPU Load: 0.0 in VM-110
 INFO 07-15 18:04:48,602 TaskEventRateCalculator:114 [pool-8-thread-1] - ---- Start of task processed event (# tasks: 1 in executor VM-110)----
METRICLOG/VM-110	Stage2-2-0	inputR: 0	inputP:0	output:0	inW:2026-07-15T17:55:35.290Z	ioutW:2026-07-15T17:55:35.290Z	ptime:0	dsertime:0	inbytes:0	sertime:0	outbytes:0	numKey:1456	owc:0
----- End of taks processed event ----

 INFO 07-15 18:04:48,602 CpuBottleneckDetectorImpl:63 [pool-8-thread-1] - Current cpu load: 0.0, # processed events: 0, consecutive: 0/2, threshold: 0.9 in VM-110
 INFO 07-15 18:04:49,601 SystemLoadProfiler:50 [pool-8-thread-1] - Average CPU Load: 0.0 in VM-110
 INFO 07-15 18:04:49,602 TaskEventRateCalculator:114 [pool-8-thread-1] - ---- Start of task processed event (# tasks: 1 in executor VM-110)----
METRICLOG/VM-110	Stage2-2-0	inputR: 0	inputP:0	output:0	inW:2026-07-15T17:55:35.290Z	ioutW:2026-07-15T17:55:35.290Z	ptime:0	dsertime:0	inbytes:0	sertime:0	outbytes:0	numKey:1456	owc:0
----- End of taks processed event ----

 INFO 07-15 18:04:49,602 CpuBottleneckDetectorImpl:63 [pool-8-thread-1] - Current cpu load: 0.0, # processed events: 0, consecutive: 0/2, threshold: 0.9 in VM-110
 INFO 07-15 18:04:50,601 SystemLoadProfiler:50 [pool-8-thread-1] - Average CPU Load: 0.0 in VM-110
 INFO 07-15 18:04:50,602 TaskEventRateCalculator:114 [pool-8-thread-1] - ---- Start of task processed event (# tasks: 1 in executor VM-110)----
METRICLOG/VM-110	Stage2-2-0	inputR: 0	inputP:0	output:0	inW:2026-07-15T17:55:35.290Z	ioutW:2026-07-15T17:55:35.290Z	ptime:0	dsertime:0	inbytes:0	sertime:0	outbytes:0	numKey:1456	owc:0
----- End of taks processed event ----

 INFO 07-15 18:04:50,602 CpuBottleneckDetectorImpl:63 [pool-8-thread-1] - Current cpu load: 0.0, # processed events: 0, consecutive: 0/2, threshold: 0.9 in VM-110
 INFO 07-15 18:04:51,601 SystemLoadProfiler:50 [pool-8-thread-1] - Average CPU Load: 0.0 in VM-110
 INFO 07-15 18:04:51,602 TaskEventRateCalculator:114 [pool-8-thread-1] - ---- Start of task processed event (# tasks: 1 in executor VM-110)----
METRICLOG/VM-110	Stage2-2-0	inputR: 0	inputP:0	output:0	inW:2026-07-15T17:55:35.290Z	ioutW:2026-07-15T17:55:35.290Z	ptime:0	dsertime:0	inbytes:0	sertime:0	outbytes:0	numKey:1456	owc:0
----- End of taks processed event ----

 INFO 07-15 18:04:51,602 CpuBottleneckDetectorImpl:63 [pool-8-thread-1] - Current cpu load: 0.0, # processed events: 0, consecutive: 0/2, threshold: 0.9 in VM-110
 INFO 07-15 18:04:52,601 SystemLoadProfiler:50 [pool-8-thread-1] - Average CPU Load: 0.0 in VM-110
 INFO 07-15 18:04:52,602 TaskEventRateCalculator:114 [pool-8-thread-1] - ---- Start of task processed event (# tasks: 1 in executor VM-110)----
METRICLOG/VM-110	Stage2-2-0	inputR: 0	inputP:0	output:0	inW:2026-07-15T17:55:35.290Z	ioutW:2026-07-15T17:55:35.290Z	ptime:0	dsertime:0	inbytes:0	sertime:0	outbytes:0	numKey:1456	owc:0
----- End of taks processed event ----

 INFO 07-15 18:04:52,602 CpuBottleneckDetectorImpl:63 [pool-8-thread-1] - Current cpu load: 0.0, # processed events: 0, consecutive: 0/2, threshold: 0.9 in VM-110
 INFO 07-15 18:04:53,601 SystemLoadProfiler:50 [pool-8-thread-1] - Average CPU Load: 0.0 in VM-110
 INFO 07-15 18:04:53,602 TaskEventRateCalculator:114 [pool-8-thread-1] - ---- Start of task processed event (# tasks: 1 in executor VM-110)----
METRICLOG/VM-110	Stage2-2-0	inputR: 0	inputP:0	output:0	inW:2026-07-15T17:55:35.290Z	ioutW:2026-07-15T17:55:35.290Z	ptime:0	dsertime:0	inbytes:0	sertime:0	outbytes:0	numKey:1456	owc:0
----- End of taks processed event ----

 INFO 07-15 18:04:53,602 CpuBottleneckDetectorImpl:63 [pool-8-thread-1] - Current cpu load: 0.0, # processed events: 0, consecutive: 0/2, threshold: 0.9 in VM-110
 INFO 07-15 18:04:54,601 SystemLoadProfiler:50 [pool-8-thread-1] - Average CPU Load: 0.0 in VM-110
 INFO 07-15 18:04:54,602 TaskEventRateCalculator:114 [pool-8-thread-1] - ---- Start of task processed event (# tasks: 1 in executor VM-110)----
METRICLOG/VM-110	Stage2-2-0	inputR: 0	inputP:0	output:0	inW:2026-07-15T17:55:35.290Z	ioutW:2026-07-15T17:55:35.290Z	ptime:0	dsertime:0	inbytes:0	sertime:0	outbytes:0	numKey:1456	owc:0
----- End of taks processed event ----

 INFO 07-15 18:04:54,602 CpuBottleneckDetectorImpl:63 [pool-8-thread-1] - Current cpu load: 0.0, # processed events: 0, consecutive: 0/2, threshold: 0.9 in VM-110
 INFO 07-15 18:04:55,601 SystemLoadProfiler:50 [pool-8-thread-1] - Average CPU Load: 0.0 in VM-110
 INFO 07-15 18:04:55,602 TaskEventRateCalculator:114 [pool-8-thread-1] - ---- Start of task processed event (# tasks: 1 in executor VM-110)----
METRICLOG/VM-110	Stage2-2-0	inputR: 0	inputP:0	output:0	inW:2026-07-15T17:55:35.290Z	ioutW:2026-07-15T17:55:35.290Z	ptime:0	dsertime:0	inbytes:0	sertime:0	outbytes:0	numKey:1456	owc:0
----- End of taks processed event ----

 INFO 07-15 18:04:55,602 CpuBottleneckDetectorImpl:63 [pool-8-thread-1] - Current cpu load: 0.0, # processed events: 0, consecutive: 0/2, threshold: 0.9 in VM-110
 INFO 07-15 18:04:56,601 SystemLoadProfiler:50 [pool-8-thread-1] - Average CPU Load: 0.0 in VM-110
 INFO 07-15 18:04:56,602 TaskEventRateCalculator:114 [pool-8-thread-1] - ---- Start of task processed event (# tasks: 1 in executor VM-110)----
METRICLOG/VM-110	Stage2-2-0	inputR: 0	inputP:0	output:0	inW:2026-07-15T17:55:35.290Z	ioutW:2026-07-15T17:55:35.290Z	ptime:0	dsertime:0	inbytes:0	sertime:0	outbytes:0	numKey:1456	owc:0
----- End of taks processed event ----

 INFO 07-15 18:04:56,602 CpuBottleneckDetectorImpl:63 [pool-8-thread-1] - Current cpu load: 0.0, # processed events: 0, consecutive: 0/2, threshold: 0.9 in VM-110
 INFO 07-15 18:04:57,601 SystemLoadProfiler:50 [pool-8-thread-1] - Average CPU Load: 0.0 in VM-110
 INFO 07-15 18:04:57,602 TaskEventRateCalculator:114 [pool-8-thread-1] - ---- Start of task processed event (# tasks: 1 in executor VM-110)----
METRICLOG/VM-110	Stage2-2-0	inputR: 0	inputP:0	output:0	inW:2026-07-15T17:55:35.290Z	ioutW:2026-07-15T17:55:35.290Z	ptime:0	dsertime:0	inbytes:0	sertime:0	outbytes:0	numKey:1456	owc:0
----- End of taks processed event ----

 INFO 07-15 18:04:57,602 CpuBottleneckDetectorImpl:63 [pool-8-thread-1] - Current cpu load: 0.0, # processed events: 0, consecutive: 0/2, threshold: 0.9 in VM-110
 INFO 07-15 18:04:58,601 SystemLoadProfiler:50 [pool-8-thread-1] - Average CPU Load: 0.0 in VM-110
 INFO 07-15 18:04:58,602 TaskEventRateCalculator:114 [pool-8-thread-1] - ---- Start of task processed event (# tasks: 1 in executor VM-110)----
METRICLOG/VM-110	Stage2-2-0	inputR: 0	inputP:0	output:0	inW:2026-07-15T17:55:35.290Z	ioutW:2026-07-15T17:55:35.290Z	ptime:0	dsertime:0	inbytes:0	sertime:0	outbytes:0	numKey:1456	owc:0
----- End of taks processed event ----

 INFO 07-15 18:04:58,602 CpuBottleneckDetectorImpl:63 [pool-8-thread-1] - Current cpu load: 0.0, # processed events: 0, consecutive: 0/2, threshold: 0.9 in VM-110
 INFO 07-15 18:04:59,601 SystemLoadProfiler:50 [pool-8-thread-1] - Average CPU Load: 0.0 in VM-110
 INFO 07-15 18:04:59,602 TaskEventRateCalculator:114 [pool-8-thread-1] - ---- Start of task processed event (# tasks: 1 in executor VM-110)----
METRICLOG/VM-110	Stage2-2-0	inputR: 0	inputP:0	output:0	inW:2026-07-15T17:55:35.290Z	ioutW:2026-07-15T17:55:35.290Z	ptime:0	dsertime:0	inbytes:0	sertime:0	outbytes:0	numKey:1456	owc:0
----- End of taks processed event ----

 INFO 07-15 18:04:59,602 CpuBottleneckDetectorImpl:63 [pool-8-thread-1] - Current cpu load: 0.0, # processed events: 0, consecutive: 0/2, threshold: 0.9 in VM-110
 INFO 07-15 18:05:00,601 SystemLoadProfiler:50 [pool-8-thread-1] - Average CPU Load: 0.0 in VM-110
 INFO 07-15 18:05:00,602 TaskEventRateCalculator:114 [pool-8-thread-1] - ---- Start of task processed event (# tasks: 1 in executor VM-110)----
METRICLOG/VM-110	Stage2-2-0	inputR: 0	inputP:0	output:0	inW:2026-07-15T17:55:35.290Z	ioutW:2026-07-15T17:55:35.290Z	ptime:0	dsertime:0	inbytes:0	sertime:0	outbytes:0	numKey:1456	owc:0
----- End of taks processed event ----

 INFO 07-15 18:05:00,602 CpuBottleneckDetectorImpl:63 [pool-8-thread-1] - Current cpu load: 0.0, # processed events: 0, consecutive: 0/2, threshold: 0.9 in VM-110
 INFO 07-15 18:05:01,601 SystemLoadProfiler:50 [pool-8-thread-1] - Average CPU Load: 0.0 in VM-110
 INFO 07-15 18:05:01,602 TaskEventRateCalculator:114 [pool-8-thread-1] - ---- Start of task processed event (# tasks: 1 in executor VM-110)----
METRICLOG/VM-110	Stage2-2-0	inputR: 0	inputP:0	output:0	inW:2026-07-15T17:55:35.290Z	ioutW:2026-07-15T17:55:35.290Z	ptime:0	dsertime:0	inbytes:0	sertime:0	outbytes:0	numKey:1456	owc:0
----- End of taks processed event ----

 INFO 07-15 18:05:01,602 CpuBottleneckDetectorImpl:63 [pool-8-thread-1] - Current cpu load: 0.0, # processed events: 0, consecutive: 0/2, threshold: 0.9 in VM-110
 INFO 07-15 18:05:02,601 SystemLoadProfiler:50 [pool-8-thread-1] - Average CPU Load: 0.0 in VM-110
 INFO 07-15 18:05:02,602 TaskEventRateCalculator:114 [pool-8-thread-1] - ---- Start of task processed event (# tasks: 1 in executor VM-110)----
METRICLOG/VM-110	Stage2-2-0	inputR: 0	inputP:0	output:0	inW:2026-07-15T17:55:35.290Z	ioutW:2026-07-15T17:55:35.290Z	ptime:0	dsertime:0	inbytes:0	sertime:0	outbytes:0	numKey:1456	owc:0
----- End of taks processed event ----

 INFO 07-15 18:05:02,602 CpuBottleneckDetectorImpl:63 [pool-8-thread-1] - Current cpu load: 0.0, # processed events: 0, consecutive: 0/2, threshold: 0.9 in VM-110
 INFO 07-15 18:05:03,601 SystemLoadProfiler:50 [pool-8-thread-1] - Average CPU Load: 0.0 in VM-110
 INFO 07-15 18:05:03,602 TaskEventRateCalculator:114 [pool-8-thread-1] - ---- Start of task processed event (# tasks: 1 in executor VM-110)----
METRICLOG/VM-110	Stage2-2-0	inputR: 0	inputP:0	output:0	inW:2026-07-15T17:55:35.290Z	ioutW:2026-07-15T17:55:35.290Z	ptime:0	dsertime:0	inbytes:0	sertime:0	outbytes:0	numKey:1456	owc:0
----- End of taks processed event ----

 INFO 07-15 18:05:03,602 CpuBottleneckDetectorImpl:63 [pool-8-thread-1] - Current cpu load: 0.0, # processed events: 0, consecutive: 0/2, threshold: 0.9 in VM-110
 INFO 07-15 18:05:04,601 SystemLoadProfiler:50 [pool-8-thread-1] - Average CPU Load: 0.0 in VM-110
 INFO 07-15 18:05:04,602 TaskEventRateCalculator:114 [pool-8-thread-1] - ---- Start of task processed event (# tasks: 1 in executor VM-110)----
METRICLOG/VM-110	Stage2-2-0	inputR: 0	inputP:0	output:0	inW:2026-07-15T17:55:35.290Z	ioutW:2026-07-15T17:55:35.290Z	ptime:0	dsertime:0	inbytes:0	sertime:0	outbytes:0	numKey:1456	owc:0
----- End of taks processed event ----

 INFO 07-15 18:05:04,602 CpuBottleneckDetectorImpl:63 [pool-8-thread-1] - Current cpu load: 0.0, # processed events: 0, consecutive: 0/2, threshold: 0.9 in VM-110
 INFO 07-15 18:05:05,601 SystemLoadProfiler:50 [pool-8-thread-1] - Average CPU Load: 0.0 in VM-110
 INFO 07-15 18:05:05,602 TaskEventRateCalculator:114 [pool-8-thread-1] - ---- Start of task processed event (# tasks: 1 in executor VM-110)----
METRICLOG/VM-110	Stage2-2-0	inputR: 0	inputP:0	output:0	inW:2026-07-15T17:55:35.290Z	ioutW:2026-07-15T17:55:35.290Z	ptime:0	dsertime:0	inbytes:0	sertime:0	outbytes:0	numKey:1456	owc:0
----- End of taks processed event ----

 INFO 07-15 18:05:05,602 CpuBottleneckDetectorImpl:63 [pool-8-thread-1] - Current cpu load: 0.0, # processed events: 0, consecutive: 0/2, threshold: 0.9 in VM-110
 INFO 07-15 18:05:06,601 SystemLoadProfiler:50 [pool-8-thread-1] - Average CPU Load: 0.0 in VM-110
 INFO 07-15 18:05:06,602 TaskEventRateCalculator:114 [pool-8-thread-1] - ---- Start of task processed event (# tasks: 1 in executor VM-110)----
METRICLOG/VM-110	Stage2-2-0	inputR: 0	inputP:0	output:0	inW:2026-07-15T17:55:35.290Z	ioutW:2026-07-15T17:55:35.290Z	ptime:0	dsertime:0	inbytes:0	sertime:0	outbytes:0	numKey:1456	owc:0
----- End of taks processed event ----

 INFO 07-15 18:05:06,602 CpuBottleneckDetectorImpl:63 [pool-8-thread-1] - Current cpu load: 0.0, # processed events: 0, consecutive: 0/2, threshold: 0.9 in VM-110
 INFO 07-15 18:05:07,601 SystemLoadProfiler:50 [pool-8-thread-1] - Average CPU Load: 0.0 in VM-110
 INFO 07-15 18:05:07,602 TaskEventRateCalculator:114 [pool-8-thread-1] - ---- Start of task processed event (# tasks: 1 in executor VM-110)----
METRICLOG/VM-110	Stage2-2-0	inputR: 0	inputP:0	output:0	inW:2026-07-15T17:55:35.290Z	ioutW:2026-07-15T17:55:35.290Z	ptime:0	dsertime:0	inbytes:0	sertime:0	outbytes:0	numKey:1456	owc:0
----- End of taks processed event ----

 INFO 07-15 18:05:07,602 CpuBottleneckDetectorImpl:63 [pool-8-thread-1] - Current cpu load: 0.0, # processed events: 0, consecutive: 0/2, threshold: 0.9 in VM-110
 INFO 07-15 18:05:08,602 SystemLoadProfiler:50 [pool-8-thread-1] - Average CPU Load: 0.0 in VM-110
 INFO 07-15 18:05:08,602 TaskEventRateCalculator:114 [pool-8-thread-1] - ---- Start of task processed event (# tasks: 1 in executor VM-110)----
METRICLOG/VM-110	Stage2-2-0	inputR: 0	inputP:0	output:0	inW:2026-07-15T17:55:35.290Z	ioutW:2026-07-15T17:55:35.290Z	ptime:0	dsertime:0	inbytes:0	sertime:0	outbytes:0	numKey:1456	owc:0
----- End of taks processed event ----

 INFO 07-15 18:05:08,602 CpuBottleneckDetectorImpl:63 [pool-8-thread-1] - Current cpu load: 0.0, # processed events: 0, consecutive: 0/2, threshold: 0.9 in VM-110
 INFO 07-15 18:05:09,601 SystemLoadProfiler:50 [pool-8-thread-1] - Average CPU Load: 0.0 in VM-110
 INFO 07-15 18:05:09,602 TaskEventRateCalculator:114 [pool-8-thread-1] - ---- Start of task processed event (# tasks: 1 in executor VM-110)----
METRICLOG/VM-110	Stage2-2-0	inputR: 0	inputP:0	output:0	inW:2026-07-15T17:55:35.290Z	ioutW:2026-07-15T17:55:35.290Z	ptime:0	dsertime:0	inbytes:0	sertime:0	outbytes:0	numKey:1456	owc:0
----- End of taks processed event ----

 INFO 07-15 18:05:09,602 CpuBottleneckDetectorImpl:63 [pool-8-thread-1] - Current cpu load: 0.0, # processed events: 0, consecutive: 0/2, threshold: 0.9 in VM-110
 INFO 07-15 18:05:10,601 SystemLoadProfiler:50 [pool-8-thread-1] - Average CPU Load: 0.0 in VM-110
 INFO 07-15 18:05:10,602 TaskEventRateCalculator:114 [pool-8-thread-1] - ---- Start of task processed event (# tasks: 1 in executor VM-110)----
METRICLOG/VM-110	Stage2-2-0	inputR: 0	inputP:0	output:0	inW:2026-07-15T17:55:35.290Z	ioutW:2026-07-15T17:55:35.290Z	ptime:0	dsertime:0	inbytes:0	sertime:0	outbytes:0	numKey:1456	owc:0
----- End of taks processed event ----

 INFO 07-15 18:05:10,602 CpuBottleneckDetectorImpl:63 [pool-8-thread-1] - Current cpu load: 0.0, # processed events: 0, consecutive: 0/2, threshold: 0.9 in VM-110
 INFO 07-15 18:05:11,601 SystemLoadProfiler:50 [pool-8-thread-1] - Average CPU Load: 0.0 in VM-110
 INFO 07-15 18:05:11,602 TaskEventRateCalculator:114 [pool-8-thread-1] - ---- Start of task processed event (# tasks: 1 in executor VM-110)----
METRICLOG/VM-110	Stage2-2-0	inputR: 0	inputP:0	output:0	inW:2026-07-15T17:55:35.290Z	ioutW:2026-07-15T17:55:35.290Z	ptime:0	dsertime:0	inbytes:0	sertime:0	outbytes:0	numKey:1456	owc:0
----- End of taks processed event ----

 INFO 07-15 18:05:11,602 CpuBottleneckDetectorImpl:63 [pool-8-thread-1] - Current cpu load: 0.0, # processed events: 0, consecutive: 0/2, threshold: 0.9 in VM-110
 INFO 07-15 18:05:12,601 SystemLoadProfiler:50 [pool-8-thread-1] - Average CPU Load: 0.0 in VM-110
 INFO 07-15 18:05:12,602 TaskEventRateCalculator:114 [pool-8-thread-1] - ---- Start of task processed event (# tasks: 1 in executor VM-110)----
METRICLOG/VM-110	Stage2-2-0	inputR: 0	inputP:0	output:0	inW:2026-07-15T17:55:35.290Z	ioutW:2026-07-15T17:55:35.290Z	ptime:0	dsertime:0	inbytes:0	sertime:0	outbytes:0	numKey:1456	owc:0
----- End of taks processed event ----

 INFO 07-15 18:05:12,602 CpuBottleneckDetectorImpl:63 [pool-8-thread-1] - Current cpu load: 0.0, # processed events: 0, consecutive: 0/2, threshold: 0.9 in VM-110
 INFO 07-15 18:05:13,601 SystemLoadProfiler:50 [pool-8-thread-1] - Average CPU Load: 0.0 in VM-110
 INFO 07-15 18:05:13,602 TaskEventRateCalculator:114 [pool-8-thread-1] - ---- Start of task processed event (# tasks: 1 in executor VM-110)----
METRICLOG/VM-110	Stage2-2-0	inputR: 0	inputP:0	output:0	inW:2026-07-15T17:55:35.290Z	ioutW:2026-07-15T17:55:35.290Z	ptime:0	dsertime:0	inbytes:0	sertime:0	outbytes:0	numKey:1456	owc:0
----- End of taks processed event ----

 INFO 07-15 18:05:13,602 CpuBottleneckDetectorImpl:63 [pool-8-thread-1] - Current cpu load: 0.0, # processed events: 0, consecutive: 0/2, threshold: 0.9 in VM-110
 INFO 07-15 18:05:14,601 SystemLoadProfiler:50 [pool-8-thread-1] - Average CPU Load: 0.0 in VM-110
 INFO 07-15 18:05:14,602 TaskEventRateCalculator:114 [pool-8-thread-1] - ---- Start of task processed event (# tasks: 1 in executor VM-110)----
METRICLOG/VM-110	Stage2-2-0	inputR: 0	inputP:0	output:0	inW:2026-07-15T17:55:35.290Z	ioutW:2026-07-15T17:55:35.290Z	ptime:0	dsertime:0	inbytes:0	sertime:0	outbytes:0	numKey:1456	owc:0
----- End of taks processed event ----

 INFO 07-15 18:05:14,602 CpuBottleneckDetectorImpl:63 [pool-8-thread-1] - Current cpu load: 0.0, # processed events: 0, consecutive: 0/2, threshold: 0.9 in VM-110
 INFO 07-15 18:05:15,601 SystemLoadProfiler:50 [pool-8-thread-1] - Average CPU Load: 0.0 in VM-110
 INFO 07-15 18:05:15,602 TaskEventRateCalculator:114 [pool-8-thread-1] - ---- Start of task processed event (# tasks: 1 in executor VM-110)----
METRICLOG/VM-110	Stage2-2-0	inputR: 0	inputP:0	output:0	inW:2026-07-15T17:55:35.290Z	ioutW:2026-07-15T17:55:35.290Z	ptime:0	dsertime:0	inbytes:0	sertime:0	outbytes:0	numKey:1456	owc:0
----- End of taks processed event ----

 INFO 07-15 18:05:15,602 CpuBottleneckDetectorImpl:63 [pool-8-thread-1] - Current cpu load: 0.0, # processed events: 0, consecutive: 0/2, threshold: 0.9 in VM-110
 INFO 07-15 18:05:16,601 SystemLoadProfiler:50 [pool-8-thread-1] - Average CPU Load: 0.0 in VM-110
 INFO 07-15 18:05:16,602 TaskEventRateCalculator:114 [pool-8-thread-1] - ---- Start of task processed event (# tasks: 1 in executor VM-110)----
METRICLOG/VM-110	Stage2-2-0	inputR: 0	inputP:0	output:0	inW:2026-07-15T17:55:35.290Z	ioutW:2026-07-15T17:55:35.290Z	ptime:0	dsertime:0	inbytes:0	sertime:0	outbytes:0	numKey:1456	owc:0
----- End of taks processed event ----

 INFO 07-15 18:05:16,602 CpuBottleneckDetectorImpl:63 [pool-8-thread-1] - Current cpu load: 0.0, # processed events: 0, consecutive: 0/2, threshold: 0.9 in VM-110
 INFO 07-15 18:05:17,601 SystemLoadProfiler:50 [pool-8-thread-1] - Average CPU Load: 0.0 in VM-110
 INFO 07-15 18:05:17,602 TaskEventRateCalculator:114 [pool-8-thread-1] - ---- Start of task processed event (# tasks: 1 in executor VM-110)----
METRICLOG/VM-110	Stage2-2-0	inputR: 0	inputP:0	output:0	inW:2026-07-15T17:55:35.290Z	ioutW:2026-07-15T17:55:35.290Z	ptime:0	dsertime:0	inbytes:0	sertime:0	outbytes:0	numKey:1456	owc:0
----- End of taks processed event ----

 INFO 07-15 18:05:17,602 CpuBottleneckDetectorImpl:63 [pool-8-thread-1] - Current cpu load: 0.0, # processed events: 0, consecutive: 0/2, threshold: 0.9 in VM-110
 INFO 07-15 18:05:18,601 SystemLoadProfiler:50 [pool-8-thread-1] - Average CPU Load: 0.0 in VM-110
 INFO 07-15 18:05:18,602 TaskEventRateCalculator:114 [pool-8-thread-1] - ---- Start of task processed event (# tasks: 1 in executor VM-110)----
METRICLOG/VM-110	Stage2-2-0	inputR: 0	inputP:0	output:0	inW:2026-07-15T17:55:35.290Z	ioutW:2026-07-15T17:55:35.290Z	ptime:0	dsertime:0	inbytes:0	sertime:0	outbytes:0	numKey:1456	owc:0
----- End of taks processed event ----

 INFO 07-15 18:05:18,602 CpuBottleneckDetectorImpl:63 [pool-8-thread-1] - Current cpu load: 0.0, # processed events: 0, consecutive: 0/2, threshold: 0.9 in VM-110
 INFO 07-15 18:05:19,601 SystemLoadProfiler:50 [pool-8-thread-1] - Average CPU Load: 0.0 in VM-110
 INFO 07-15 18:05:19,602 TaskEventRateCalculator:114 [pool-8-thread-1] - ---- Start of task processed event (# tasks: 1 in executor VM-110)----
METRICLOG/VM-110	Stage2-2-0	inputR: 0	inputP:0	output:0	inW:2026-07-15T17:55:35.290Z	ioutW:2026-07-15T17:55:35.290Z	ptime:0	dsertime:0	inbytes:0	sertime:0	outbytes:0	numKey:1456	owc:0
----- End of taks processed event ----

 INFO 07-15 18:05:19,602 CpuBottleneckDetectorImpl:63 [pool-8-thread-1] - Current cpu load: 0.0, # processed events: 0, consecutive: 0/2, threshold: 0.9 in VM-110
 INFO 07-15 18:05:20,601 SystemLoadProfiler:50 [pool-8-thread-1] - Average CPU Load: 0.0 in VM-110
 INFO 07-15 18:05:20,602 TaskEventRateCalculator:114 [pool-8-thread-1] - ---- Start of task processed event (# tasks: 1 in executor VM-110)----
METRICLOG/VM-110	Stage2-2-0	inputR: 0	inputP:0	output:0	inW:2026-07-15T17:55:35.290Z	ioutW:2026-07-15T17:55:35.290Z	ptime:0	dsertime:0	inbytes:0	sertime:0	outbytes:0	numKey:1456	owc:0
----- End of taks processed event ----

 INFO 07-15 18:05:20,602 CpuBottleneckDetectorImpl:63 [pool-8-thread-1] - Current cpu load: 0.0, # processed events: 0, consecutive: 0/2, threshold: 0.9 in VM-110
 INFO 07-15 18:05:21,601 SystemLoadProfiler:50 [pool-8-thread-1] - Average CPU Load: 0.0 in VM-110
 INFO 07-15 18:05:21,602 TaskEventRateCalculator:114 [pool-8-thread-1] - ---- Start of task processed event (# tasks: 1 in executor VM-110)----
METRICLOG/VM-110	Stage2-2-0	inputR: 0	inputP:0	output:0	inW:2026-07-15T17:55:35.290Z	ioutW:2026-07-15T17:55:35.290Z	ptime:0	dsertime:0	inbytes:0	sertime:0	outbytes:0	numKey:1456	owc:0
----- End of taks processed event ----

 INFO 07-15 18:05:21,602 CpuBottleneckDetectorImpl:63 [pool-8-thread-1] - Current cpu load: 0.0, # processed events: 0, consecutive: 0/2, threshold: 0.9 in VM-110
 INFO 07-15 18:05:22,601 SystemLoadProfiler:50 [pool-8-thread-1] - Average CPU Load: 0.0 in VM-110
 INFO 07-15 18:05:22,602 TaskEventRateCalculator:114 [pool-8-thread-1] - ---- Start of task processed event (# tasks: 1 in executor VM-110)----
METRICLOG/VM-110	Stage2-2-0	inputR: 0	inputP:0	output:0	inW:2026-07-15T17:55:35.290Z	ioutW:2026-07-15T17:55:35.290Z	ptime:0	dsertime:0	inbytes:0	sertime:0	outbytes:0	numKey:1456	owc:0
----- End of taks processed event ----

 INFO 07-15 18:05:22,602 CpuBottleneckDetectorImpl:63 [pool-8-thread-1] - Current cpu load: 0.0, # processed events: 0, consecutive: 0/2, threshold: 0.9 in VM-110
 INFO 07-15 18:05:23,601 SystemLoadProfiler:50 [pool-8-thread-1] - Average CPU Load: 0.0 in VM-110
 INFO 07-15 18:05:23,602 TaskEventRateCalculator:114 [pool-8-thread-1] - ---- Start of task processed event (# tasks: 1 in executor VM-110)----
METRICLOG/VM-110	Stage2-2-0	inputR: 0	inputP:0	output:0	inW:2026-07-15T17:55:35.290Z	ioutW:2026-07-15T17:55:35.290Z	ptime:0	dsertime:0	inbytes:0	sertime:0	outbytes:0	numKey:1456	owc:0
----- End of taks processed event ----

 INFO 07-15 18:05:23,602 CpuBottleneckDetectorImpl:63 [pool-8-thread-1] - Current cpu load: 0.0, # processed events: 0, consecutive: 0/2, threshold: 0.9 in VM-110
 INFO 07-15 18:05:24,601 SystemLoadProfiler:50 [pool-8-thread-1] - Average CPU Load: 0.0 in VM-110
 INFO 07-15 18:05:24,602 TaskEventRateCalculator:114 [pool-8-thread-1] - ---- Start of task processed event (# tasks: 1 in executor VM-110)----
METRICLOG/VM-110	Stage2-2-0	inputR: 0	inputP:0	output:0	inW:2026-07-15T17:55:35.290Z	ioutW:2026-07-15T17:55:35.290Z	ptime:0	dsertime:0	inbytes:0	sertime:0	outbytes:0	numKey:1456	owc:0
----- End of taks processed event ----

 INFO 07-15 18:05:24,602 CpuBottleneckDetectorImpl:63 [pool-8-thread-1] - Current cpu load: 0.0, # processed events: 0, consecutive: 0/2, threshold: 0.9 in VM-110
 INFO 07-15 18:05:25,601 SystemLoadProfiler:50 [pool-8-thread-1] - Average CPU Load: 0.0 in VM-110
 INFO 07-15 18:05:25,602 TaskEventRateCalculator:114 [pool-8-thread-1] - ---- Start of task processed event (# tasks: 1 in executor VM-110)----
METRICLOG/VM-110	Stage2-2-0	inputR: 0	inputP:0	output:0	inW:2026-07-15T17:55:35.290Z	ioutW:2026-07-15T17:55:35.290Z	ptime:0	dsertime:0	inbytes:0	sertime:0	outbytes:0	numKey:1456	owc:0
----- End of taks processed event ----

 INFO 07-15 18:05:25,602 CpuBottleneckDetectorImpl:63 [pool-8-thread-1] - Current cpu load: 0.0, # processed events: 0, consecutive: 0/2, threshold: 0.9 in VM-110
 INFO 07-15 18:05:26,601 SystemLoadProfiler:50 [pool-8-thread-1] - Average CPU Load: 0.0 in VM-110
 INFO 07-15 18:05:26,602 TaskEventRateCalculator:114 [pool-8-thread-1] - ---- Start of task processed event (# tasks: 1 in executor VM-110)----
METRICLOG/VM-110	Stage2-2-0	inputR: 0	inputP:0	output:0	inW:2026-07-15T17:55:35.290Z	ioutW:2026-07-15T17:55:35.290Z	ptime:0	dsertime:0	inbytes:0	sertime:0	outbytes:0	numKey:1456	owc:0
----- End of taks processed event ----

 INFO 07-15 18:05:26,602 CpuBottleneckDetectorImpl:63 [pool-8-thread-1] - Current cpu load: 0.0, # processed events: 0, consecutive: 0/2, threshold: 0.9 in VM-110
 INFO 07-15 18:05:27,601 SystemLoadProfiler:50 [pool-8-thread-1] - Average CPU Load: 0.0 in VM-110
 INFO 07-15 18:05:27,602 TaskEventRateCalculator:114 [pool-8-thread-1] - ---- Start of task processed event (# tasks: 1 in executor VM-110)----
METRICLOG/VM-110	Stage2-2-0	inputR: 0	inputP:0	output:0	inW:2026-07-15T17:55:35.290Z	ioutW:2026-07-15T17:55:35.290Z	ptime:0	dsertime:0	inbytes:0	sertime:0	outbytes:0	numKey:1456	owc:0
----- End of taks processed event ----

 INFO 07-15 18:05:27,602 CpuBottleneckDetectorImpl:63 [pool-8-thread-1] - Current cpu load: 0.0, # processed events: 0, consecutive: 0/2, threshold: 0.9 in VM-110
 INFO 07-15 18:05:28,601 SystemLoadProfiler:50 [pool-8-thread-1] - Average CPU Load: 0.0 in VM-110
 INFO 07-15 18:05:28,602 TaskEventRateCalculator:114 [pool-8-thread-1] - ---- Start of task processed event (# tasks: 1 in executor VM-110)----
METRICLOG/VM-110	Stage2-2-0	inputR: 0	inputP:0	output:0	inW:2026-07-15T17:55:35.290Z	ioutW:2026-07-15T17:55:35.290Z	ptime:0	dsertime:0	inbytes:0	sertime:0	outbytes:0	numKey:1456	owc:0
----- End of taks processed event ----

 INFO 07-15 18:05:28,602 CpuBottleneckDetectorImpl:63 [pool-8-thread-1] - Current cpu load: 0.0, # processed events: 0, consecutive: 0/2, threshold: 0.9 in VM-110
 INFO 07-15 18:05:29,601 SystemLoadProfiler:50 [pool-8-thread-1] - Average CPU Load: 0.0 in VM-110
 INFO 07-15 18:05:29,602 TaskEventRateCalculator:114 [pool-8-thread-1] - ---- Start of task processed event (# tasks: 1 in executor VM-110)----
METRICLOG/VM-110	Stage2-2-0	inputR: 0	inputP:0	output:0	inW:2026-07-15T17:55:35.290Z	ioutW:2026-07-15T17:55:35.290Z	ptime:0	dsertime:0	inbytes:0	sertime:0	outbytes:0	numKey:1456	owc:0
----- End of taks processed event ----

 INFO 07-15 18:05:29,602 CpuBottleneckDetectorImpl:63 [pool-8-thread-1] - Current cpu load: 0.0, # processed events: 0, consecutive: 0/2, threshold: 0.9 in VM-110
 INFO 07-15 18:05:30,601 SystemLoadProfiler:50 [pool-8-thread-1] - Average CPU Load: 0.0 in VM-110
 INFO 07-15 18:05:30,602 TaskEventRateCalculator:114 [pool-8-thread-1] - ---- Start of task processed event (# tasks: 1 in executor VM-110)----
METRICLOG/VM-110	Stage2-2-0	inputR: 0	inputP:0	output:0	inW:2026-07-15T17:55:35.290Z	ioutW:2026-07-15T17:55:35.290Z	ptime:0	dsertime:0	inbytes:0	sertime:0	outbytes:0	numKey:1456	owc:0
----- End of taks processed event ----

 INFO 07-15 18:05:30,602 CpuBottleneckDetectorImpl:63 [pool-8-thread-1] - Current cpu load: 0.0, # processed events: 0, consecutive: 0/2, threshold: 0.9 in VM-110
 INFO 07-15 18:05:31,601 SystemLoadProfiler:50 [pool-8-thread-1] - Average CPU Load: 0.0 in VM-110
 INFO 07-15 18:05:31,602 TaskEventRateCalculator:114 [pool-8-thread-1] - ---- Start of task processed event (# tasks: 1 in executor VM-110)----
METRICLOG/VM-110	Stage2-2-0	inputR: 0	inputP:0	output:0	inW:2026-07-15T17:55:35.290Z	ioutW:2026-07-15T17:55:35.290Z	ptime:0	dsertime:0	inbytes:0	sertime:0	outbytes:0	numKey:1456	owc:0
----- End of taks processed event ----

 INFO 07-15 18:05:31,602 CpuBottleneckDetectorImpl:63 [pool-8-thread-1] - Current cpu load: 0.0, # processed events: 0, consecutive: 0/2, threshold: 0.9 in VM-110
 INFO 07-15 18:05:32,601 SystemLoadProfiler:50 [pool-8-thread-1] - Average CPU Load: 0.0 in VM-110
 INFO 07-15 18:05:32,602 TaskEventRateCalculator:114 [pool-8-thread-1] - ---- Start of task processed event (# tasks: 1 in executor VM-110)----
METRICLOG/VM-110	Stage2-2-0	inputR: 0	inputP:0	output:0	inW:2026-07-15T17:55:35.290Z	ioutW:2026-07-15T17:55:35.290Z	ptime:0	dsertime:0	inbytes:0	sertime:0	outbytes:0	numKey:1456	owc:0
----- End of taks processed event ----

 INFO 07-15 18:05:32,602 CpuBottleneckDetectorImpl:63 [pool-8-thread-1] - Current cpu load: 0.0, # processed events: 0, consecutive: 0/2, threshold: 0.9 in VM-110
 INFO 07-15 18:05:33,601 SystemLoadProfiler:50 [pool-8-thread-1] - Average CPU Load: 0.0 in VM-110
 INFO 07-15 18:05:33,602 TaskEventRateCalculator:114 [pool-8-thread-1] - ---- Start of task processed event (# tasks: 1 in executor VM-110)----
METRICLOG/VM-110	Stage2-2-0	inputR: 0	inputP:0	output:0	inW:2026-07-15T17:55:35.290Z	ioutW:2026-07-15T17:55:35.290Z	ptime:0	dsertime:0	inbytes:0	sertime:0	outbytes:0	numKey:1456	owc:0
----- End of taks processed event ----

 INFO 07-15 18:05:33,602 CpuBottleneckDetectorImpl:63 [pool-8-thread-1] - Current cpu load: 0.0, # processed events: 0, consecutive: 0/2, threshold: 0.9 in VM-110
 INFO 07-15 18:05:34,601 SystemLoadProfiler:50 [pool-8-thread-1] - Average CPU Load: 0.0 in VM-110
 INFO 07-15 18:05:34,602 TaskEventRateCalculator:114 [pool-8-thread-1] - ---- Start of task processed event (# tasks: 1 in executor VM-110)----
METRICLOG/VM-110	Stage2-2-0	inputR: 0	inputP:0	output:0	inW:2026-07-15T17:55:35.290Z	ioutW:2026-07-15T17:55:35.290Z	ptime:0	dsertime:0	inbytes:0	sertime:0	outbytes:0	numKey:1456	owc:0
----- End of taks processed event ----

 INFO 07-15 18:05:34,602 CpuBottleneckDetectorImpl:63 [pool-8-thread-1] - Current cpu load: 0.0, # processed events: 0, consecutive: 0/2, threshold: 0.9 in VM-110
 INFO 07-15 18:05:35,601 SystemLoadProfiler:50 [pool-8-thread-1] - Average CPU Load: 0.0 in VM-110
 INFO 07-15 18:05:35,602 TaskEventRateCalculator:114 [pool-8-thread-1] - ---- Start of task processed event (# tasks: 1 in executor VM-110)----
METRICLOG/VM-110	Stage2-2-0	inputR: 0	inputP:0	output:0	inW:2026-07-15T17:55:35.290Z	ioutW:2026-07-15T17:55:35.290Z	ptime:0	dsertime:0	inbytes:0	sertime:0	outbytes:0	numKey:1456	owc:0
----- End of taks processed event ----

 INFO 07-15 18:05:35,602 CpuBottleneckDetectorImpl:63 [pool-8-thread-1] - Current cpu load: 0.0, # processed events: 0, consecutive: 0/2, threshold: 0.9 in VM-110
 INFO 07-15 18:05:36,601 SystemLoadProfiler:50 [pool-8-thread-1] - Average CPU Load: 0.0 in VM-110
 INFO 07-15 18:05:36,602 TaskEventRateCalculator:114 [pool-8-thread-1] - ---- Start of task processed event (# tasks: 1 in executor VM-110)----
METRICLOG/VM-110	Stage2-2-0	inputR: 0	inputP:0	output:0	inW:2026-07-15T17:55:35.290Z	ioutW:2026-07-15T17:55:35.290Z	ptime:0	dsertime:0	inbytes:0	sertime:0	outbytes:0	numKey:1456	owc:0
----- End of taks processed event ----

 INFO 07-15 18:05:36,602 CpuBottleneckDetectorImpl:63 [pool-8-thread-1] - Current cpu load: 0.0, # processed events: 0, consecutive: 0/2, threshold: 0.9 in VM-110
 INFO 07-15 18:05:37,602 SystemLoadProfiler:50 [pool-8-thread-1] - Average CPU Load: 0.0 in VM-110
 INFO 07-15 18:05:37,602 TaskEventRateCalculator:114 [pool-8-thread-1] - ---- Start of task processed event (# tasks: 1 in executor VM-110)----
METRICLOG/VM-110	Stage2-2-0	inputR: 0	inputP:0	output:0	inW:2026-07-15T17:55:35.290Z	ioutW:2026-07-15T17:55:35.290Z	ptime:0	dsertime:0	inbytes:0	sertime:0	outbytes:0	numKey:1456	owc:0
----- End of taks processed event ----

 INFO 07-15 18:05:37,602 CpuBottleneckDetectorImpl:63 [pool-8-thread-1] - Current cpu load: 0.0, # processed events: 0, consecutive: 0/2, threshold: 0.9 in VM-110
 INFO 07-15 18:05:38,601 SystemLoadProfiler:50 [pool-8-thread-1] - Average CPU Load: 0.0 in VM-110
 INFO 07-15 18:05:38,602 TaskEventRateCalculator:114 [pool-8-thread-1] - ---- Start of task processed event (# tasks: 1 in executor VM-110)----
METRICLOG/VM-110	Stage2-2-0	inputR: 0	inputP:0	output:0	inW:2026-07-15T17:55:35.290Z	ioutW:2026-07-15T17:55:35.290Z	ptime:0	dsertime:0	inbytes:0	sertime:0	outbytes:0	numKey:1456	owc:0
----- End of taks processed event ----

 INFO 07-15 18:05:38,602 CpuBottleneckDetectorImpl:63 [pool-8-thread-1] - Current cpu load: 0.0, # processed events: 0, consecutive: 0/2, threshold: 0.9 in VM-110
 INFO 07-15 18:05:39,601 SystemLoadProfiler:50 [pool-8-thread-1] - Average CPU Load: 0.0 in VM-110
 INFO 07-15 18:05:39,602 TaskEventRateCalculator:114 [pool-8-thread-1] - ---- Start of task processed event (# tasks: 1 in executor VM-110)----
METRICLOG/VM-110	Stage2-2-0	inputR: 0	inputP:0	output:0	inW:2026-07-15T17:55:35.290Z	ioutW:2026-07-15T17:55:35.290Z	ptime:0	dsertime:0	inbytes:0	sertime:0	outbytes:0	numKey:1456	owc:0
----- End of taks processed event ----

 INFO 07-15 18:05:39,602 CpuBottleneckDetectorImpl:63 [pool-8-thread-1] - Current cpu load: 0.0, # processed events: 0, consecutive: 0/2, threshold: 0.9 in VM-110
 INFO 07-15 18:05:40,602 SystemLoadProfiler:50 [pool-8-thread-1] - Average CPU Load: 0.0 in VM-110
 INFO 07-15 18:05:40,602 TaskEventRateCalculator:114 [pool-8-thread-1] - ---- Start of task processed event (# tasks: 1 in executor VM-110)----
METRICLOG/VM-110	Stage2-2-0	inputR: 0	inputP:0	output:0	inW:2026-07-15T17:55:35.290Z	ioutW:2026-07-15T17:55:35.290Z	ptime:0	dsertime:0	inbytes:0	sertime:0	outbytes:0	numKey:1456	owc:0
----- End of taks processed event ----

 INFO 07-15 18:05:40,602 CpuBottleneckDetectorImpl:63 [pool-8-thread-1] - Current cpu load: 0.0, # processed events: 0, consecutive: 0/2, threshold: 0.9 in VM-110
 INFO 07-15 18:05:41,601 SystemLoadProfiler:50 [pool-8-thread-1] - Average CPU Load: 0.0 in VM-110
 INFO 07-15 18:05:41,602 TaskEventRateCalculator:114 [pool-8-thread-1] - ---- Start of task processed event (# tasks: 1 in executor VM-110)----
METRICLOG/VM-110	Stage2-2-0	inputR: 0	inputP:0	output:0	inW:2026-07-15T17:55:35.290Z	ioutW:2026-07-15T17:55:35.290Z	ptime:0	dsertime:0	inbytes:0	sertime:0	outbytes:0	numKey:1456	owc:0
----- End of taks processed event ----

 INFO 07-15 18:05:41,602 CpuBottleneckDetectorImpl:63 [pool-8-thread-1] - Current cpu load: 0.0, # processed events: 0, consecutive: 0/2, threshold: 0.9 in VM-110
 INFO 07-15 18:05:42,601 SystemLoadProfiler:50 [pool-8-thread-1] - Average CPU Load: 0.0 in VM-110
 INFO 07-15 18:05:42,602 TaskEventRateCalculator:114 [pool-8-thread-1] - ---- Start of task processed event (# tasks: 1 in executor VM-110)----
METRICLOG/VM-110	Stage2-2-0	inputR: 0	inputP:0	output:0	inW:2026-07-15T17:55:35.290Z	ioutW:2026-07-15T17:55:35.290Z	ptime:0	dsertime:0	inbytes:0	sertime:0	outbytes:0	numKey:1456	owc:0
----- End of taks processed event ----

 INFO 07-15 18:05:42,602 CpuBottleneckDetectorImpl:63 [pool-8-thread-1] - Current cpu load: 0.0, # processed events: 0, consecutive: 0/2, threshold: 0.9 in VM-110
 INFO 07-15 18:05:43,601 SystemLoadProfiler:50 [pool-8-thread-1] - Average CPU Load: 0.0 in VM-110
 INFO 07-15 18:05:43,602 TaskEventRateCalculator:114 [pool-8-thread-1] - ---- Start of task processed event (# tasks: 1 in executor VM-110)----
METRICLOG/VM-110	Stage2-2-0	inputR: 0	inputP:0	output:0	inW:2026-07-15T17:55:35.290Z	ioutW:2026-07-15T17:55:35.290Z	ptime:0	dsertime:0	inbytes:0	sertime:0	outbytes:0	numKey:1456	owc:0
----- End of taks processed event ----

 INFO 07-15 18:05:43,602 CpuBottleneckDetectorImpl:63 [pool-8-thread-1] - Current cpu load: 0.0, # processed events: 0, consecutive: 0/2, threshold: 0.9 in VM-110
 INFO 07-15 18:05:44,602 SystemLoadProfiler:50 [pool-8-thread-1] - Average CPU Load: 0.0 in VM-110
 INFO 07-15 18:05:44,602 TaskEventRateCalculator:114 [pool-8-thread-1] - ---- Start of task processed event (# tasks: 1 in executor VM-110)----
METRICLOG/VM-110	Stage2-2-0	inputR: 0	inputP:0	output:0	inW:2026-07-15T17:55:35.290Z	ioutW:2026-07-15T17:55:35.290Z	ptime:0	dsertime:0	inbytes:0	sertime:0	outbytes:0	numKey:1456	owc:0
----- End of taks processed event ----

 INFO 07-15 18:05:44,602 CpuBottleneckDetectorImpl:63 [pool-8-thread-1] - Current cpu load: 0.0, # processed events: 0, consecutive: 0/2, threshold: 0.9 in VM-110
 INFO 07-15 18:05:45,602 SystemLoadProfiler:50 [pool-8-thread-1] - Average CPU Load: 0.0 in VM-110
 INFO 07-15 18:05:45,602 TaskEventRateCalculator:114 [pool-8-thread-1] - ---- Start of task processed event (# tasks: 1 in executor VM-110)----
METRICLOG/VM-110	Stage2-2-0	inputR: 0	inputP:0	output:0	inW:2026-07-15T17:55:35.290Z	ioutW:2026-07-15T17:55:35.290Z	ptime:0	dsertime:0	inbytes:0	sertime:0	outbytes:0	numKey:1456	owc:0
----- End of taks processed event ----

 INFO 07-15 18:05:45,602 CpuBottleneckDetectorImpl:63 [pool-8-thread-1] - Current cpu load: 0.0, # processed events: 0, consecutive: 0/2, threshold: 0.9 in VM-110
 INFO 07-15 18:05:46,605 SystemLoadProfiler:50 [pool-8-thread-1] - Average CPU Load: 0.0 in VM-110
 INFO 07-15 18:05:46,606 TaskEventRateCalculator:114 [pool-8-thread-1] - ---- Start of task processed event (# tasks: 1 in executor VM-110)----
METRICLOG/VM-110	Stage2-2-0	inputR: 0	inputP:0	output:0	inW:2026-07-15T17:55:35.290Z	ioutW:2026-07-15T17:55:35.290Z	ptime:0	dsertime:0	inbytes:0	sertime:0	outbytes:0	numKey:1456	owc:0
----- End of taks processed event ----

 INFO 07-15 18:05:46,606 CpuBottleneckDetectorImpl:63 [pool-8-thread-1] - Current cpu load: 0.0, # processed events: 0, consecutive: 0/2, threshold: 0.9 in VM-110
 INFO 07-15 18:05:47,601 SystemLoadProfiler:50 [pool-8-thread-1] - Average CPU Load: 0.0 in VM-110
 INFO 07-15 18:05:47,602 TaskEventRateCalculator:114 [pool-8-thread-1] - ---- Start of task processed event (# tasks: 1 in executor VM-110)----
METRICLOG/VM-110	Stage2-2-0	inputR: 0	inputP:0	output:0	inW:2026-07-15T17:55:35.290Z	ioutW:2026-07-15T17:55:35.290Z	ptime:0	dsertime:0	inbytes:0	sertime:0	outbytes:0	numKey:1456	owc:0
----- End of taks processed event ----

 INFO 07-15 18:05:47,602 CpuBottleneckDetectorImpl:63 [pool-8-thread-1] - Current cpu load: 0.0, # processed events: 0, consecutive: 0/2, threshold: 0.9 in VM-110
 INFO 07-15 18:05:48,602 SystemLoadProfiler:50 [pool-8-thread-1] - Average CPU Load: 0.0 in VM-110
 INFO 07-15 18:05:48,602 TaskEventRateCalculator:114 [pool-8-thread-1] - ---- Start of task processed event (# tasks: 1 in executor VM-110)----
METRICLOG/VM-110	Stage2-2-0	inputR: 0	inputP:0	output:0	inW:2026-07-15T17:55:35.290Z	ioutW:2026-07-15T17:55:35.290Z	ptime:0	dsertime:0	inbytes:0	sertime:0	outbytes:0	numKey:1456	owc:0
----- End of taks processed event ----

 INFO 07-15 18:05:48,602 CpuBottleneckDetectorImpl:63 [pool-8-thread-1] - Current cpu load: 0.0, # processed events: 0, consecutive: 0/2, threshold: 0.9 in VM-110
 INFO 07-15 18:05:49,601 SystemLoadProfiler:50 [pool-8-thread-1] - Average CPU Load: 0.0 in VM-110
 INFO 07-15 18:05:49,602 TaskEventRateCalculator:114 [pool-8-thread-1] - ---- Start of task processed event (# tasks: 1 in executor VM-110)----
METRICLOG/VM-110	Stage2-2-0	inputR: 0	inputP:0	output:0	inW:2026-07-15T17:55:35.290Z	ioutW:2026-07-15T17:55:35.290Z	ptime:0	dsertime:0	inbytes:0	sertime:0	outbytes:0	numKey:1456	owc:0
----- End of taks processed event ----

 INFO 07-15 18:05:49,602 CpuBottleneckDetectorImpl:63 [pool-8-thread-1] - Current cpu load: 0.0, # processed events: 0, consecutive: 0/2, threshold: 0.9 in VM-110
 INFO 07-15 18:05:50,601 SystemLoadProfiler:50 [pool-8-thread-1] - Average CPU Load: 0.0 in VM-110
 INFO 07-15 18:05:50,602 TaskEventRateCalculator:114 [pool-8-thread-1] - ---- Start of task processed event (# tasks: 1 in executor VM-110)----
METRICLOG/VM-110	Stage2-2-0	inputR: 0	inputP:0	output:0	inW:2026-07-15T17:55:35.290Z	ioutW:2026-07-15T17:55:35.290Z	ptime:0	dsertime:0	inbytes:0	sertime:0	outbytes:0	numKey:1456	owc:0
----- End of taks processed event ----

 INFO 07-15 18:05:50,602 CpuBottleneckDetectorImpl:63 [pool-8-thread-1] - Current cpu load: 0.0, # processed events: 0, consecutive: 0/2, threshold: 0.9 in VM-110
 INFO 07-15 18:05:51,601 SystemLoadProfiler:50 [pool-8-thread-1] - Average CPU Load: 0.0 in VM-110
 INFO 07-15 18:05:51,602 TaskEventRateCalculator:114 [pool-8-thread-1] - ---- Start of task processed event (# tasks: 1 in executor VM-110)----
METRICLOG/VM-110	Stage2-2-0	inputR: 0	inputP:0	output:0	inW:2026-07-15T17:55:35.290Z	ioutW:2026-07-15T17:55:35.290Z	ptime:0	dsertime:0	inbytes:0	sertime:0	outbytes:0	numKey:1456	owc:0
----- End of taks processed event ----

 INFO 07-15 18:05:51,602 CpuBottleneckDetectorImpl:63 [pool-8-thread-1] - Current cpu load: 0.0, # processed events: 0, consecutive: 0/2, threshold: 0.9 in VM-110
 INFO 07-15 18:05:52,601 SystemLoadProfiler:50 [pool-8-thread-1] - Average CPU Load: 0.0 in VM-110
 INFO 07-15 18:05:52,602 TaskEventRateCalculator:114 [pool-8-thread-1] - ---- Start of task processed event (# tasks: 1 in executor VM-110)----
METRICLOG/VM-110	Stage2-2-0	inputR: 0	inputP:0	output:0	inW:2026-07-15T17:55:35.290Z	ioutW:2026-07-15T17:55:35.290Z	ptime:0	dsertime:0	inbytes:0	sertime:0	outbytes:0	numKey:1456	owc:0
----- End of taks processed event ----

 INFO 07-15 18:05:52,602 CpuBottleneckDetectorImpl:63 [pool-8-thread-1] - Current cpu load: 0.0, # processed events: 0, consecutive: 0/2, threshold: 0.9 in VM-110
 INFO 07-15 18:05:53,601 SystemLoadProfiler:50 [pool-8-thread-1] - Average CPU Load: 0.0 in VM-110
 INFO 07-15 18:05:53,602 TaskEventRateCalculator:114 [pool-8-thread-1] - ---- Start of task processed event (# tasks: 1 in executor VM-110)----
METRICLOG/VM-110	Stage2-2-0	inputR: 0	inputP:0	output:0	inW:2026-07-15T17:55:35.290Z	ioutW:2026-07-15T17:55:35.290Z	ptime:0	dsertime:0	inbytes:0	sertime:0	outbytes:0	numKey:1456	owc:0
----- End of taks processed event ----

 INFO 07-15 18:05:53,602 CpuBottleneckDetectorImpl:63 [pool-8-thread-1] - Current cpu load: 0.0, # processed events: 0, consecutive: 0/2, threshold: 0.9 in VM-110
 INFO 07-15 18:05:54,601 SystemLoadProfiler:50 [pool-8-thread-1] - Average CPU Load: 0.0 in VM-110
 INFO 07-15 18:05:54,602 TaskEventRateCalculator:114 [pool-8-thread-1] - ---- Start of task processed event (# tasks: 1 in executor VM-110)----
METRICLOG/VM-110	Stage2-2-0	inputR: 0	inputP:0	output:0	inW:2026-07-15T17:55:35.290Z	ioutW:2026-07-15T17:55:35.290Z	ptime:0	dsertime:0	inbytes:0	sertime:0	outbytes:0	numKey:1456	owc:0
----- End of taks processed event ----

 INFO 07-15 18:05:54,602 CpuBottleneckDetectorImpl:63 [pool-8-thread-1] - Current cpu load: 0.0, # processed events: 0, consecutive: 0/2, threshold: 0.9 in VM-110
 INFO 07-15 18:05:55,601 SystemLoadProfiler:50 [pool-8-thread-1] - Average CPU Load: 0.0 in VM-110
 INFO 07-15 18:05:55,602 TaskEventRateCalculator:114 [pool-8-thread-1] - ---- Start of task processed event (# tasks: 1 in executor VM-110)----
METRICLOG/VM-110	Stage2-2-0	inputR: 0	inputP:0	output:0	inW:2026-07-15T17:55:35.290Z	ioutW:2026-07-15T17:55:35.290Z	ptime:0	dsertime:0	inbytes:0	sertime:0	outbytes:0	numKey:1456	owc:0
----- End of taks processed event ----

 INFO 07-15 18:05:55,602 CpuBottleneckDetectorImpl:63 [pool-8-thread-1] - Current cpu load: 0.0, # processed events: 0, consecutive: 0/2, threshold: 0.9 in VM-110
 INFO 07-15 18:05:56,601 SystemLoadProfiler:50 [pool-8-thread-1] - Average CPU Load: 0.0 in VM-110
 INFO 07-15 18:05:56,602 TaskEventRateCalculator:114 [pool-8-thread-1] - ---- Start of task processed event (# tasks: 1 in executor VM-110)----
METRICLOG/VM-110	Stage2-2-0	inputR: 0	inputP:0	output:0	inW:2026-07-15T17:55:35.290Z	ioutW:2026-07-15T17:55:35.290Z	ptime:0	dsertime:0	inbytes:0	sertime:0	outbytes:0	numKey:1456	owc:0
----- End of taks processed event ----

 INFO 07-15 18:05:56,602 CpuBottleneckDetectorImpl:63 [pool-8-thread-1] - Current cpu load: 0.0, # processed events: 0, consecutive: 0/2, threshold: 0.9 in VM-110
 INFO 07-15 18:05:57,601 SystemLoadProfiler:50 [pool-8-thread-1] - Average CPU Load: 0.0 in VM-110
 INFO 07-15 18:05:57,602 TaskEventRateCalculator:114 [pool-8-thread-1] - ---- Start of task processed event (# tasks: 1 in executor VM-110)----
METRICLOG/VM-110	Stage2-2-0	inputR: 0	inputP:0	output:0	inW:2026-07-15T17:55:35.290Z	ioutW:2026-07-15T17:55:35.290Z	ptime:0	dsertime:0	inbytes:0	sertime:0	outbytes:0	numKey:1456	owc:0
----- End of taks processed event ----

 INFO 07-15 18:05:57,602 CpuBottleneckDetectorImpl:63 [pool-8-thread-1] - Current cpu load: 0.0, # processed events: 0, consecutive: 0/2, threshold: 0.9 in VM-110
 INFO 07-15 18:05:58,601 SystemLoadProfiler:50 [pool-8-thread-1] - Average CPU Load: 0.0 in VM-110
 INFO 07-15 18:05:58,602 TaskEventRateCalculator:114 [pool-8-thread-1] - ---- Start of task processed event (# tasks: 1 in executor VM-110)----
METRICLOG/VM-110	Stage2-2-0	inputR: 0	inputP:0	output:0	inW:2026-07-15T17:55:35.290Z	ioutW:2026-07-15T17:55:35.290Z	ptime:0	dsertime:0	inbytes:0	sertime:0	outbytes:0	numKey:1456	owc:0
----- End of taks processed event ----

 INFO 07-15 18:05:58,602 CpuBottleneckDetectorImpl:63 [pool-8-thread-1] - Current cpu load: 0.0, # processed events: 0, consecutive: 0/2, threshold: 0.9 in VM-110
 INFO 07-15 18:05:59,601 SystemLoadProfiler:50 [pool-8-thread-1] - Average CPU Load: 0.0 in VM-110
 INFO 07-15 18:05:59,602 TaskEventRateCalculator:114 [pool-8-thread-1] - ---- Start of task processed event (# tasks: 1 in executor VM-110)----
METRICLOG/VM-110	Stage2-2-0	inputR: 0	inputP:0	output:0	inW:2026-07-15T17:55:35.290Z	ioutW:2026-07-15T17:55:35.290Z	ptime:0	dsertime:0	inbytes:0	sertime:0	outbytes:0	numKey:1456	owc:0
----- End of taks processed event ----

 INFO 07-15 18:05:59,602 CpuBottleneckDetectorImpl:63 [pool-8-thread-1] - Current cpu load: 0.0, # processed events: 0, consecutive: 0/2, threshold: 0.9 in VM-110
 INFO 07-15 18:06:00,601 SystemLoadProfiler:50 [pool-8-thread-1] - Average CPU Load: 0.0 in VM-110
 INFO 07-15 18:06:00,602 TaskEventRateCalculator:114 [pool-8-thread-1] - ---- Start of task processed event (# tasks: 1 in executor VM-110)----
METRICLOG/VM-110	Stage2-2-0	inputR: 0	inputP:0	output:0	inW:2026-07-15T17:55:35.290Z	ioutW:2026-07-15T17:55:35.290Z	ptime:0	dsertime:0	inbytes:0	sertime:0	outbytes:0	numKey:1456	owc:0
----- End of taks processed event ----

 INFO 07-15 18:06:00,602 CpuBottleneckDetectorImpl:63 [pool-8-thread-1] - Current cpu load: 0.0, # processed events: 0, consecutive: 0/2, threshold: 0.9 in VM-110
 INFO 07-15 18:06:01,602 SystemLoadProfiler:50 [pool-8-thread-1] - Average CPU Load: 0.0 in VM-110
 INFO 07-15 18:06:01,602 TaskEventRateCalculator:114 [pool-8-thread-1] - ---- Start of task processed event (# tasks: 1 in executor VM-110)----
METRICLOG/VM-110	Stage2-2-0	inputR: 0	inputP:0	output:0	inW:2026-07-15T17:55:35.290Z	ioutW:2026-07-15T17:55:35.290Z	ptime:0	dsertime:0	inbytes:0	sertime:0	outbytes:0	numKey:1456	owc:0
----- End of taks processed event ----

 INFO 07-15 18:06:01,602 CpuBottleneckDetectorImpl:63 [pool-8-thread-1] - Current cpu load: 0.0, # processed events: 0, consecutive: 0/2, threshold: 0.9 in VM-110
 INFO 07-15 18:06:02,601 SystemLoadProfiler:50 [pool-8-thread-1] - Average CPU Load: 0.0 in VM-110
 INFO 07-15 18:06:02,602 TaskEventRateCalculator:114 [pool-8-thread-1] - ---- Start of task processed event (# tasks: 1 in executor VM-110)----
METRICLOG/VM-110	Stage2-2-0	inputR: 0	inputP:0	output:0	inW:2026-07-15T17:55:35.290Z	ioutW:2026-07-15T17:55:35.290Z	ptime:0	dsertime:0	inbytes:0	sertime:0	outbytes:0	numKey:1456	owc:0
----- End of taks processed event ----

 INFO 07-15 18:06:02,602 CpuBottleneckDetectorImpl:63 [pool-8-thread-1] - Current cpu load: 0.0, # processed events: 0, consecutive: 0/2, threshold: 0.9 in VM-110
 INFO 07-15 18:06:03,601 SystemLoadProfiler:50 [pool-8-thread-1] - Average CPU Load: 0.0 in VM-110
 INFO 07-15 18:06:03,602 TaskEventRateCalculator:114 [pool-8-thread-1] - ---- Start of task processed event (# tasks: 1 in executor VM-110)----
METRICLOG/VM-110	Stage2-2-0	inputR: 0	inputP:0	output:0	inW:2026-07-15T17:55:35.290Z	ioutW:2026-07-15T17:55:35.290Z	ptime:0	dsertime:0	inbytes:0	sertime:0	outbytes:0	numKey:1456	owc:0
----- End of taks processed event ----

 INFO 07-15 18:06:03,602 CpuBottleneckDetectorImpl:63 [pool-8-thread-1] - Current cpu load: 0.0, # processed events: 0, consecutive: 0/2, threshold: 0.9 in VM-110
 INFO 07-15 18:06:04,601 SystemLoadProfiler:50 [pool-8-thread-1] - Average CPU Load: 0.0 in VM-110
 INFO 07-15 18:06:04,602 TaskEventRateCalculator:114 [pool-8-thread-1] - ---- Start of task processed event (# tasks: 1 in executor VM-110)----
METRICLOG/VM-110	Stage2-2-0	inputR: 0	inputP:0	output:0	inW:2026-07-15T17:55:35.290Z	ioutW:2026-07-15T17:55:35.290Z	ptime:0	dsertime:0	inbytes:0	sertime:0	outbytes:0	numKey:1456	owc:0
----- End of taks processed event ----

 INFO 07-15 18:06:04,602 CpuBottleneckDetectorImpl:63 [pool-8-thread-1] - Current cpu load: 0.0, # processed events: 0, consecutive: 0/2, threshold: 0.9 in VM-110
 INFO 07-15 18:06:05,601 SystemLoadProfiler:50 [pool-8-thread-1] - Average CPU Load: 0.0 in VM-110
 INFO 07-15 18:06:05,602 TaskEventRateCalculator:114 [pool-8-thread-1] - ---- Start of task processed event (# tasks: 1 in executor VM-110)----
METRICLOG/VM-110	Stage2-2-0	inputR: 0	inputP:0	output:0	inW:2026-07-15T17:55:35.290Z	ioutW:2026-07-15T17:55:35.290Z	ptime:0	dsertime:0	inbytes:0	sertime:0	outbytes:0	numKey:1456	owc:0
----- End of taks processed event ----

 INFO 07-15 18:06:05,602 CpuBottleneckDetectorImpl:63 [pool-8-thread-1] - Current cpu load: 0.0, # processed events: 0, consecutive: 0/2, threshold: 0.9 in VM-110
 INFO 07-15 18:06:06,601 SystemLoadProfiler:50 [pool-8-thread-1] - Average CPU Load: 0.0 in VM-110
 INFO 07-15 18:06:06,602 TaskEventRateCalculator:114 [pool-8-thread-1] - ---- Start of task processed event (# tasks: 1 in executor VM-110)----
METRICLOG/VM-110	Stage2-2-0	inputR: 0	inputP:0	output:0	inW:2026-07-15T17:55:35.290Z	ioutW:2026-07-15T17:55:35.290Z	ptime:0	dsertime:0	inbytes:0	sertime:0	outbytes:0	numKey:1456	owc:0
----- End of taks processed event ----

 INFO 07-15 18:06:06,602 CpuBottleneckDetectorImpl:63 [pool-8-thread-1] - Current cpu load: 0.0, # processed events: 0, consecutive: 0/2, threshold: 0.9 in VM-110
 INFO 07-15 18:06:07,601 SystemLoadProfiler:50 [pool-8-thread-1] - Average CPU Load: 0.0 in VM-110
 INFO 07-15 18:06:07,602 TaskEventRateCalculator:114 [pool-8-thread-1] - ---- Start of task processed event (# tasks: 1 in executor VM-110)----
METRICLOG/VM-110	Stage2-2-0	inputR: 0	inputP:0	output:0	inW:2026-07-15T17:55:35.290Z	ioutW:2026-07-15T17:55:35.290Z	ptime:0	dsertime:0	inbytes:0	sertime:0	outbytes:0	numKey:1456	owc:0
----- End of taks processed event ----

 INFO 07-15 18:06:07,602 CpuBottleneckDetectorImpl:63 [pool-8-thread-1] - Current cpu load: 0.0, # processed events: 0, consecutive: 0/2, threshold: 0.9 in VM-110
 INFO 07-15 18:06:08,601 SystemLoadProfiler:50 [pool-8-thread-1] - Average CPU Load: 0.0 in VM-110
 INFO 07-15 18:06:08,602 TaskEventRateCalculator:114 [pool-8-thread-1] - ---- Start of task processed event (# tasks: 1 in executor VM-110)----
METRICLOG/VM-110	Stage2-2-0	inputR: 0	inputP:0	output:0	inW:2026-07-15T17:55:35.290Z	ioutW:2026-07-15T17:55:35.290Z	ptime:0	dsertime:0	inbytes:0	sertime:0	outbytes:0	numKey:1456	owc:0
----- End of taks processed event ----

 INFO 07-15 18:06:08,602 CpuBottleneckDetectorImpl:63 [pool-8-thread-1] - Current cpu load: 0.0, # processed events: 0, consecutive: 0/2, threshold: 0.9 in VM-110
 INFO 07-15 18:06:09,601 SystemLoadProfiler:50 [pool-8-thread-1] - Average CPU Load: 0.0 in VM-110
 INFO 07-15 18:06:09,602 TaskEventRateCalculator:114 [pool-8-thread-1] - ---- Start of task processed event (# tasks: 1 in executor VM-110)----
METRICLOG/VM-110	Stage2-2-0	inputR: 0	inputP:0	output:0	inW:2026-07-15T17:55:35.290Z	ioutW:2026-07-15T17:55:35.290Z	ptime:0	dsertime:0	inbytes:0	sertime:0	outbytes:0	numKey:1456	owc:0
----- End of taks processed event ----

 INFO 07-15 18:06:09,602 CpuBottleneckDetectorImpl:63 [pool-8-thread-1] - Current cpu load: 0.0, # processed events: 0, consecutive: 0/2, threshold: 0.9 in VM-110
 INFO 07-15 18:06:10,601 SystemLoadProfiler:50 [pool-8-thread-1] - Average CPU Load: 0.0 in VM-110
 INFO 07-15 18:06:10,602 TaskEventRateCalculator:114 [pool-8-thread-1] - ---- Start of task processed event (# tasks: 1 in executor VM-110)----
METRICLOG/VM-110	Stage2-2-0	inputR: 0	inputP:0	output:0	inW:2026-07-15T17:55:35.290Z	ioutW:2026-07-15T17:55:35.290Z	ptime:0	dsertime:0	inbytes:0	sertime:0	outbytes:0	numKey:1456	owc:0
----- End of taks processed event ----

 INFO 07-15 18:06:10,602 CpuBottleneckDetectorImpl:63 [pool-8-thread-1] - Current cpu load: 0.0, # processed events: 0, consecutive: 0/2, threshold: 0.9 in VM-110
 INFO 07-15 18:06:11,601 SystemLoadProfiler:50 [pool-8-thread-1] - Average CPU Load: 0.0 in VM-110
 INFO 07-15 18:06:11,602 TaskEventRateCalculator:114 [pool-8-thread-1] - ---- Start of task processed event (# tasks: 1 in executor VM-110)----
METRICLOG/VM-110	Stage2-2-0	inputR: 0	inputP:0	output:0	inW:2026-07-15T17:55:35.290Z	ioutW:2026-07-15T17:55:35.290Z	ptime:0	dsertime:0	inbytes:0	sertime:0	outbytes:0	numKey:1456	owc:0
----- End of taks processed event ----

 INFO 07-15 18:06:11,602 CpuBottleneckDetectorImpl:63 [pool-8-thread-1] - Current cpu load: 0.0, # processed events: 0, consecutive: 0/2, threshold: 0.9 in VM-110
 INFO 07-15 18:06:12,601 SystemLoadProfiler:50 [pool-8-thread-1] - Average CPU Load: 0.0 in VM-110
 INFO 07-15 18:06:12,602 TaskEventRateCalculator:114 [pool-8-thread-1] - ---- Start of task processed event (# tasks: 1 in executor VM-110)----
METRICLOG/VM-110	Stage2-2-0	inputR: 0	inputP:0	output:0	inW:2026-07-15T17:55:35.290Z	ioutW:2026-07-15T17:55:35.290Z	ptime:0	dsertime:0	inbytes:0	sertime:0	outbytes:0	numKey:1456	owc:0
----- End of taks processed event ----

 INFO 07-15 18:06:12,602 CpuBottleneckDetectorImpl:63 [pool-8-thread-1] - Current cpu load: 0.0, # processed events: 0, consecutive: 0/2, threshold: 0.9 in VM-110
 INFO 07-15 18:06:13,601 SystemLoadProfiler:50 [pool-8-thread-1] - Average CPU Load: 0.0 in VM-110
 INFO 07-15 18:06:13,602 TaskEventRateCalculator:114 [pool-8-thread-1] - ---- Start of task processed event (# tasks: 1 in executor VM-110)----
METRICLOG/VM-110	Stage2-2-0	inputR: 0	inputP:0	output:0	inW:2026-07-15T17:55:35.290Z	ioutW:2026-07-15T17:55:35.290Z	ptime:0	dsertime:0	inbytes:0	sertime:0	outbytes:0	numKey:1456	owc:0
----- End of taks processed event ----

 INFO 07-15 18:06:13,602 CpuBottleneckDetectorImpl:63 [pool-8-thread-1] - Current cpu load: 0.0, # processed events: 0, consecutive: 0/2, threshold: 0.9 in VM-110
 INFO 07-15 18:06:14,601 SystemLoadProfiler:50 [pool-8-thread-1] - Average CPU Load: 0.0 in VM-110
 INFO 07-15 18:06:14,602 TaskEventRateCalculator:114 [pool-8-thread-1] - ---- Start of task processed event (# tasks: 1 in executor VM-110)----
METRICLOG/VM-110	Stage2-2-0	inputR: 0	inputP:0	output:0	inW:2026-07-15T17:55:35.290Z	ioutW:2026-07-15T17:55:35.290Z	ptime:0	dsertime:0	inbytes:0	sertime:0	outbytes:0	numKey:1456	owc:0
----- End of taks processed event ----

 INFO 07-15 18:06:14,602 CpuBottleneckDetectorImpl:63 [pool-8-thread-1] - Current cpu load: 0.0, # processed events: 0, consecutive: 0/2, threshold: 0.9 in VM-110
 INFO 07-15 18:06:15,601 SystemLoadProfiler:50 [pool-8-thread-1] - Average CPU Load: 0.0 in VM-110
 INFO 07-15 18:06:15,602 TaskEventRateCalculator:114 [pool-8-thread-1] - ---- Start of task processed event (# tasks: 1 in executor VM-110)----
METRICLOG/VM-110	Stage2-2-0	inputR: 0	inputP:0	output:0	inW:2026-07-15T17:55:35.290Z	ioutW:2026-07-15T17:55:35.290Z	ptime:0	dsertime:0	inbytes:0	sertime:0	outbytes:0	numKey:1456	owc:0
----- End of taks processed event ----

 INFO 07-15 18:06:15,602 CpuBottleneckDetectorImpl:63 [pool-8-thread-1] - Current cpu load: 0.0, # processed events: 0, consecutive: 0/2, threshold: 0.9 in VM-110
 INFO 07-15 18:06:16,601 SystemLoadProfiler:50 [pool-8-thread-1] - Average CPU Load: 0.0 in VM-110
 INFO 07-15 18:06:16,602 TaskEventRateCalculator:114 [pool-8-thread-1] - ---- Start of task processed event (# tasks: 1 in executor VM-110)----
METRICLOG/VM-110	Stage2-2-0	inputR: 0	inputP:0	output:0	inW:2026-07-15T17:55:35.290Z	ioutW:2026-07-15T17:55:35.290Z	ptime:0	dsertime:0	inbytes:0	sertime:0	outbytes:0	numKey:1456	owc:0
----- End of taks processed event ----

 INFO 07-15 18:06:16,602 CpuBottleneckDetectorImpl:63 [pool-8-thread-1] - Current cpu load: 0.0, # processed events: 0, consecutive: 0/2, threshold: 0.9 in VM-110
 INFO 07-15 18:06:17,601 SystemLoadProfiler:50 [pool-8-thread-1] - Average CPU Load: 0.0 in VM-110
 INFO 07-15 18:06:17,602 TaskEventRateCalculator:114 [pool-8-thread-1] - ---- Start of task processed event (# tasks: 1 in executor VM-110)----
METRICLOG/VM-110	Stage2-2-0	inputR: 0	inputP:0	output:0	inW:2026-07-15T17:55:35.290Z	ioutW:2026-07-15T17:55:35.290Z	ptime:0	dsertime:0	inbytes:0	sertime:0	outbytes:0	numKey:1456	owc:0
----- End of taks processed event ----

 INFO 07-15 18:06:17,602 CpuBottleneckDetectorImpl:63 [pool-8-thread-1] - Current cpu load: 0.0, # processed events: 0, consecutive: 0/2, threshold: 0.9 in VM-110
 INFO 07-15 18:06:18,601 SystemLoadProfiler:50 [pool-8-thread-1] - Average CPU Load: 0.0 in VM-110
 INFO 07-15 18:06:18,602 TaskEventRateCalculator:114 [pool-8-thread-1] - ---- Start of task processed event (# tasks: 1 in executor VM-110)----
METRICLOG/VM-110	Stage2-2-0	inputR: 0	inputP:0	output:0	inW:2026-07-15T17:55:35.290Z	ioutW:2026-07-15T17:55:35.290Z	ptime:0	dsertime:0	inbytes:0	sertime:0	outbytes:0	numKey:1456	owc:0
----- End of taks processed event ----

 INFO 07-15 18:06:18,602 CpuBottleneckDetectorImpl:63 [pool-8-thread-1] - Current cpu load: 0.0, # processed events: 0, consecutive: 0/2, threshold: 0.9 in VM-110
 INFO 07-15 18:06:19,601 SystemLoadProfiler:50 [pool-8-thread-1] - Average CPU Load: 0.0 in VM-110
 INFO 07-15 18:06:19,602 TaskEventRateCalculator:114 [pool-8-thread-1] - ---- Start of task processed event (# tasks: 1 in executor VM-110)----
METRICLOG/VM-110	Stage2-2-0	inputR: 0	inputP:0	output:0	inW:2026-07-15T17:55:35.290Z	ioutW:2026-07-15T17:55:35.290Z	ptime:0	dsertime:0	inbytes:0	sertime:0	outbytes:0	numKey:1456	owc:0
----- End of taks processed event ----

 INFO 07-15 18:06:19,602 CpuBottleneckDetectorImpl:63 [pool-8-thread-1] - Current cpu load: 0.0, # processed events: 0, consecutive: 0/2, threshold: 0.9 in VM-110
 INFO 07-15 18:06:20,601 SystemLoadProfiler:50 [pool-8-thread-1] - Average CPU Load: 0.0 in VM-110
 INFO 07-15 18:06:20,602 TaskEventRateCalculator:114 [pool-8-thread-1] - ---- Start of task processed event (# tasks: 1 in executor VM-110)----
METRICLOG/VM-110	Stage2-2-0	inputR: 0	inputP:0	output:0	inW:2026-07-15T17:55:35.290Z	ioutW:2026-07-15T17:55:35.290Z	ptime:0	dsertime:0	inbytes:0	sertime:0	outbytes:0	numKey:1456	owc:0
----- End of taks processed event ----

 INFO 07-15 18:06:20,602 CpuBottleneckDetectorImpl:63 [pool-8-thread-1] - Current cpu load: 0.0, # processed events: 0, consecutive: 0/2, threshold: 0.9 in VM-110
 INFO 07-15 18:06:21,601 SystemLoadProfiler:50 [pool-8-thread-1] - Average CPU Load: 0.0 in VM-110
 INFO 07-15 18:06:21,602 TaskEventRateCalculator:114 [pool-8-thread-1] - ---- Start of task processed event (# tasks: 1 in executor VM-110)----
METRICLOG/VM-110	Stage2-2-0	inputR: 0	inputP:0	output:0	inW:2026-07-15T17:55:35.290Z	ioutW:2026-07-15T17:55:35.290Z	ptime:0	dsertime:0	inbytes:0	sertime:0	outbytes:0	numKey:1456	owc:0
----- End of taks processed event ----

 INFO 07-15 18:06:21,602 CpuBottleneckDetectorImpl:63 [pool-8-thread-1] - Current cpu load: 0.0, # processed events: 0, consecutive: 0/2, threshold: 0.9 in VM-110
 INFO 07-15 18:06:22,601 SystemLoadProfiler:50 [pool-8-thread-1] - Average CPU Load: 0.0 in VM-110
 INFO 07-15 18:06:22,602 TaskEventRateCalculator:114 [pool-8-thread-1] - ---- Start of task processed event (# tasks: 1 in executor VM-110)----
METRICLOG/VM-110	Stage2-2-0	inputR: 0	inputP:0	output:0	inW:2026-07-15T17:55:35.290Z	ioutW:2026-07-15T17:55:35.290Z	ptime:0	dsertime:0	inbytes:0	sertime:0	outbytes:0	numKey:1456	owc:0
----- End of taks processed event ----

 INFO 07-15 18:06:22,602 CpuBottleneckDetectorImpl:63 [pool-8-thread-1] - Current cpu load: 0.0, # processed events: 0, consecutive: 0/2, threshold: 0.9 in VM-110
 INFO 07-15 18:06:23,601 SystemLoadProfiler:50 [pool-8-thread-1] - Average CPU Load: 0.0 in VM-110
 INFO 07-15 18:06:23,602 TaskEventRateCalculator:114 [pool-8-thread-1] - ---- Start of task processed event (# tasks: 1 in executor VM-110)----
METRICLOG/VM-110	Stage2-2-0	inputR: 0	inputP:0	output:0	inW:2026-07-15T17:55:35.290Z	ioutW:2026-07-15T17:55:35.290Z	ptime:0	dsertime:0	inbytes:0	sertime:0	outbytes:0	numKey:1456	owc:0
----- End of taks processed event ----

 INFO 07-15 18:06:23,602 CpuBottleneckDetectorImpl:63 [pool-8-thread-1] - Current cpu load: 0.0, # processed events: 0, consecutive: 0/2, threshold: 0.9 in VM-110
 INFO 07-15 18:06:24,601 SystemLoadProfiler:50 [pool-8-thread-1] - Average CPU Load: 0.0 in VM-110
 INFO 07-15 18:06:24,602 TaskEventRateCalculator:114 [pool-8-thread-1] - ---- Start of task processed event (# tasks: 1 in executor VM-110)----
METRICLOG/VM-110	Stage2-2-0	inputR: 0	inputP:0	output:0	inW:2026-07-15T17:55:35.290Z	ioutW:2026-07-15T17:55:35.290Z	ptime:0	dsertime:0	inbytes:0	sertime:0	outbytes:0	numKey:1456	owc:0
----- End of taks processed event ----

 INFO 07-15 18:06:24,602 CpuBottleneckDetectorImpl:63 [pool-8-thread-1] - Current cpu load: 0.0, # processed events: 0, consecutive: 0/2, threshold: 0.9 in VM-110
 INFO 07-15 18:06:25,601 SystemLoadProfiler:50 [pool-8-thread-1] - Average CPU Load: 0.0 in VM-110
 INFO 07-15 18:06:25,602 TaskEventRateCalculator:114 [pool-8-thread-1] - ---- Start of task processed event (# tasks: 1 in executor VM-110)----
METRICLOG/VM-110	Stage2-2-0	inputR: 0	inputP:0	output:0	inW:2026-07-15T17:55:35.290Z	ioutW:2026-07-15T17:55:35.290Z	ptime:0	dsertime:0	inbytes:0	sertime:0	outbytes:0	numKey:1456	owc:0
----- End of taks processed event ----

 INFO 07-15 18:06:25,602 CpuBottleneckDetectorImpl:63 [pool-8-thread-1] - Current cpu load: 0.0, # processed events: 0, consecutive: 0/2, threshold: 0.9 in VM-110
 INFO 07-15 18:06:26,601 SystemLoadProfiler:50 [pool-8-thread-1] - Average CPU Load: 0.0 in VM-110
 INFO 07-15 18:06:26,602 TaskEventRateCalculator:114 [pool-8-thread-1] - ---- Start of task processed event (# tasks: 1 in executor VM-110)----
METRICLOG/VM-110	Stage2-2-0	inputR: 0	inputP:0	output:0	inW:2026-07-15T17:55:35.290Z	ioutW:2026-07-15T17:55:35.290Z	ptime:0	dsertime:0	inbytes:0	sertime:0	outbytes:0	numKey:1456	owc:0
----- End of taks processed event ----

 INFO 07-15 18:06:26,602 CpuBottleneckDetectorImpl:63 [pool-8-thread-1] - Current cpu load: 0.0, # processed events: 0, consecutive: 0/2, threshold: 0.9 in VM-110
 INFO 07-15 18:06:27,602 SystemLoadProfiler:50 [pool-8-thread-1] - Average CPU Load: 0.0 in VM-110
 INFO 07-15 18:06:27,602 TaskEventRateCalculator:114 [pool-8-thread-1] - ---- Start of task processed event (# tasks: 1 in executor VM-110)----
METRICLOG/VM-110	Stage2-2-0	inputR: 0	inputP:0	output:0	inW:2026-07-15T17:55:35.290Z	ioutW:2026-07-15T17:55:35.290Z	ptime:0	dsertime:0	inbytes:0	sertime:0	outbytes:0	numKey:1456	owc:0
----- End of taks processed event ----

 INFO 07-15 18:06:27,602 CpuBottleneckDetectorImpl:63 [pool-8-thread-1] - Current cpu load: 0.0, # processed events: 0, consecutive: 0/2, threshold: 0.9 in VM-110
 INFO 07-15 18:06:28,601 SystemLoadProfiler:50 [pool-8-thread-1] - Average CPU Load: 0.0 in VM-110
 INFO 07-15 18:06:28,602 TaskEventRateCalculator:114 [pool-8-thread-1] - ---- Start of task processed event (# tasks: 1 in executor VM-110)----
METRICLOG/VM-110	Stage2-2-0	inputR: 0	inputP:0	output:0	inW:2026-07-15T17:55:35.290Z	ioutW:2026-07-15T17:55:35.290Z	ptime:0	dsertime:0	inbytes:0	sertime:0	outbytes:0	numKey:1456	owc:0
----- End of taks processed event ----

 INFO 07-15 18:06:28,602 CpuBottleneckDetectorImpl:63 [pool-8-thread-1] - Current cpu load: 0.0, # processed events: 0, consecutive: 0/2, threshold: 0.9 in VM-110
 INFO 07-15 18:06:29,601 SystemLoadProfiler:50 [pool-8-thread-1] - Average CPU Load: 0.0 in VM-110
 INFO 07-15 18:06:29,602 TaskEventRateCalculator:114 [pool-8-thread-1] - ---- Start of task processed event (# tasks: 1 in executor VM-110)----
METRICLOG/VM-110	Stage2-2-0	inputR: 0	inputP:0	output:0	inW:2026-07-15T17:55:35.290Z	ioutW:2026-07-15T17:55:35.290Z	ptime:0	dsertime:0	inbytes:0	sertime:0	outbytes:0	numKey:1456	owc:0
----- End of taks processed event ----

 INFO 07-15 18:06:29,602 CpuBottleneckDetectorImpl:63 [pool-8-thread-1] - Current cpu load: 0.0, # processed events: 0, consecutive: 0/2, threshold: 0.9 in VM-110
 INFO 07-15 18:06:30,601 SystemLoadProfiler:50 [pool-8-thread-1] - Average CPU Load: 0.0 in VM-110
 INFO 07-15 18:06:30,602 TaskEventRateCalculator:114 [pool-8-thread-1] - ---- Start of task processed event (# tasks: 1 in executor VM-110)----
METRICLOG/VM-110	Stage2-2-0	inputR: 0	inputP:0	output:0	inW:2026-07-15T17:55:35.290Z	ioutW:2026-07-15T17:55:35.290Z	ptime:0	dsertime:0	inbytes:0	sertime:0	outbytes:0	numKey:1456	owc:0
----- End of taks processed event ----

 INFO 07-15 18:06:30,602 CpuBottleneckDetectorImpl:63 [pool-8-thread-1] - Current cpu load: 0.0, # processed events: 0, consecutive: 0/2, threshold: 0.9 in VM-110
 INFO 07-15 18:06:31,601 SystemLoadProfiler:50 [pool-8-thread-1] - Average CPU Load: 0.0 in VM-110
 INFO 07-15 18:06:31,602 TaskEventRateCalculator:114 [pool-8-thread-1] - ---- Start of task processed event (# tasks: 1 in executor VM-110)----
METRICLOG/VM-110	Stage2-2-0	inputR: 0	inputP:0	output:0	inW:2026-07-15T17:55:35.290Z	ioutW:2026-07-15T17:55:35.290Z	ptime:0	dsertime:0	inbytes:0	sertime:0	outbytes:0	numKey:1456	owc:0
----- End of taks processed event ----

 INFO 07-15 18:06:31,602 CpuBottleneckDetectorImpl:63 [pool-8-thread-1] - Current cpu load: 0.0, # processed events: 0, consecutive: 0/2, threshold: 0.9 in VM-110
 INFO 07-15 18:06:32,601 SystemLoadProfiler:50 [pool-8-thread-1] - Average CPU Load: 0.0 in VM-110
 INFO 07-15 18:06:32,602 TaskEventRateCalculator:114 [pool-8-thread-1] - ---- Start of task processed event (# tasks: 1 in executor VM-110)----
METRICLOG/VM-110	Stage2-2-0	inputR: 0	inputP:0	output:0	inW:2026-07-15T17:55:35.290Z	ioutW:2026-07-15T17:55:35.290Z	ptime:0	dsertime:0	inbytes:0	sertime:0	outbytes:0	numKey:1456	owc:0
----- End of taks processed event ----

 INFO 07-15 18:06:32,602 CpuBottleneckDetectorImpl:63 [pool-8-thread-1] - Current cpu load: 0.0, # processed events: 0, consecutive: 0/2, threshold: 0.9 in VM-110
 INFO 07-15 18:06:33,601 SystemLoadProfiler:50 [pool-8-thread-1] - Average CPU Load: 0.0 in VM-110
 INFO 07-15 18:06:33,602 TaskEventRateCalculator:114 [pool-8-thread-1] - ---- Start of task processed event (# tasks: 1 in executor VM-110)----
METRICLOG/VM-110	Stage2-2-0	inputR: 0	inputP:0	output:0	inW:2026-07-15T17:55:35.290Z	ioutW:2026-07-15T17:55:35.290Z	ptime:0	dsertime:0	inbytes:0	sertime:0	outbytes:0	numKey:1456	owc:0
----- End of taks processed event ----

 INFO 07-15 18:06:33,602 CpuBottleneckDetectorImpl:63 [pool-8-thread-1] - Current cpu load: 0.0, # processed events: 0, consecutive: 0/2, threshold: 0.9 in VM-110
 INFO 07-15 18:06:34,601 SystemLoadProfiler:50 [pool-8-thread-1] - Average CPU Load: 0.0 in VM-110
 INFO 07-15 18:06:34,602 TaskEventRateCalculator:114 [pool-8-thread-1] - ---- Start of task processed event (# tasks: 1 in executor VM-110)----
METRICLOG/VM-110	Stage2-2-0	inputR: 0	inputP:0	output:0	inW:2026-07-15T17:55:35.290Z	ioutW:2026-07-15T17:55:35.290Z	ptime:0	dsertime:0	inbytes:0	sertime:0	outbytes:0	numKey:1456	owc:0
----- End of taks processed event ----

 INFO 07-15 18:06:34,602 CpuBottleneckDetectorImpl:63 [pool-8-thread-1] - Current cpu load: 0.0, # processed events: 0, consecutive: 0/2, threshold: 0.9 in VM-110
 INFO 07-15 18:06:35,601 SystemLoadProfiler:50 [pool-8-thread-1] - Average CPU Load: 0.0 in VM-110
 INFO 07-15 18:06:35,602 TaskEventRateCalculator:114 [pool-8-thread-1] - ---- Start of task processed event (# tasks: 1 in executor VM-110)----
METRICLOG/VM-110	Stage2-2-0	inputR: 0	inputP:0	output:0	inW:2026-07-15T17:55:35.290Z	ioutW:2026-07-15T17:55:35.290Z	ptime:0	dsertime:0	inbytes:0	sertime:0	outbytes:0	numKey:1456	owc:0
----- End of taks processed event ----

 INFO 07-15 18:06:35,602 CpuBottleneckDetectorImpl:63 [pool-8-thread-1] - Current cpu load: 0.0, # processed events: 0, consecutive: 0/2, threshold: 0.9 in VM-110
 INFO 07-15 18:06:36,601 SystemLoadProfiler:50 [pool-8-thread-1] - Average CPU Load: 0.0 in VM-110
 INFO 07-15 18:06:36,602 TaskEventRateCalculator:114 [pool-8-thread-1] - ---- Start of task processed event (# tasks: 1 in executor VM-110)----
METRICLOG/VM-110	Stage2-2-0	inputR: 0	inputP:0	output:0	inW:2026-07-15T17:55:35.290Z	ioutW:2026-07-15T17:55:35.290Z	ptime:0	dsertime:0	inbytes:0	sertime:0	outbytes:0	numKey:1456	owc:0
----- End of taks processed event ----

 INFO 07-15 18:06:36,602 CpuBottleneckDetectorImpl:63 [pool-8-thread-1] - Current cpu load: 0.0, # processed events: 0, consecutive: 0/2, threshold: 0.9 in VM-110
 INFO 07-15 18:06:37,601 SystemLoadProfiler:50 [pool-8-thread-1] - Average CPU Load: 0.0 in VM-110
 INFO 07-15 18:06:37,602 TaskEventRateCalculator:114 [pool-8-thread-1] - ---- Start of task processed event (# tasks: 1 in executor VM-110)----
METRICLOG/VM-110	Stage2-2-0	inputR: 0	inputP:0	output:0	inW:2026-07-15T17:55:35.290Z	ioutW:2026-07-15T17:55:35.290Z	ptime:0	dsertime:0	inbytes:0	sertime:0	outbytes:0	numKey:1456	owc:0
----- End of taks processed event ----

 INFO 07-15 18:06:37,602 CpuBottleneckDetectorImpl:63 [pool-8-thread-1] - Current cpu load: 0.0, # processed events: 0, consecutive: 0/2, threshold: 0.9 in VM-110
 INFO 07-15 18:06:38,601 SystemLoadProfiler:50 [pool-8-thread-1] - Average CPU Load: 0.0 in VM-110
 INFO 07-15 18:06:38,602 TaskEventRateCalculator:114 [pool-8-thread-1] - ---- Start of task processed event (# tasks: 1 in executor VM-110)----
METRICLOG/VM-110	Stage2-2-0	inputR: 0	inputP:0	output:0	inW:2026-07-15T17:55:35.290Z	ioutW:2026-07-15T17:55:35.290Z	ptime:0	dsertime:0	inbytes:0	sertime:0	outbytes:0	numKey:1456	owc:0
----- End of taks processed event ----

 INFO 07-15 18:06:38,602 CpuBottleneckDetectorImpl:63 [pool-8-thread-1] - Current cpu load: 0.0, # processed events: 0, consecutive: 0/2, threshold: 0.9 in VM-110
 INFO 07-15 18:06:39,601 SystemLoadProfiler:50 [pool-8-thread-1] - Average CPU Load: 0.0 in VM-110
 INFO 07-15 18:06:39,602 TaskEventRateCalculator:114 [pool-8-thread-1] - ---- Start of task processed event (# tasks: 1 in executor VM-110)----
METRICLOG/VM-110	Stage2-2-0	inputR: 0	inputP:0	output:0	inW:2026-07-15T17:55:35.290Z	ioutW:2026-07-15T17:55:35.290Z	ptime:0	dsertime:0	inbytes:0	sertime:0	outbytes:0	numKey:1456	owc:0
----- End of taks processed event ----

 INFO 07-15 18:06:39,602 CpuBottleneckDetectorImpl:63 [pool-8-thread-1] - Current cpu load: 0.0, # processed events: 0, consecutive: 0/2, threshold: 0.9 in VM-110
 INFO 07-15 18:06:40,601 SystemLoadProfiler:50 [pool-8-thread-1] - Average CPU Load: 0.0 in VM-110
 INFO 07-15 18:06:40,602 TaskEventRateCalculator:114 [pool-8-thread-1] - ---- Start of task processed event (# tasks: 1 in executor VM-110)----
METRICLOG/VM-110	Stage2-2-0	inputR: 0	inputP:0	output:0	inW:2026-07-15T17:55:35.290Z	ioutW:2026-07-15T17:55:35.290Z	ptime:0	dsertime:0	inbytes:0	sertime:0	outbytes:0	numKey:1456	owc:0
----- End of taks processed event ----

 INFO 07-15 18:06:40,602 CpuBottleneckDetectorImpl:63 [pool-8-thread-1] - Current cpu load: 0.0, # processed events: 0, consecutive: 0/2, threshold: 0.9 in VM-110
 INFO 07-15 18:06:41,601 SystemLoadProfiler:50 [pool-8-thread-1] - Average CPU Load: 0.0 in VM-110
 INFO 07-15 18:06:41,602 TaskEventRateCalculator:114 [pool-8-thread-1] - ---- Start of task processed event (# tasks: 1 in executor VM-110)----
METRICLOG/VM-110	Stage2-2-0	inputR: 0	inputP:0	output:0	inW:2026-07-15T17:55:35.290Z	ioutW:2026-07-15T17:55:35.290Z	ptime:0	dsertime:0	inbytes:0	sertime:0	outbytes:0	numKey:1456	owc:0
----- End of taks processed event ----

 INFO 07-15 18:06:41,602 CpuBottleneckDetectorImpl:63 [pool-8-thread-1] - Current cpu load: 0.0, # processed events: 0, consecutive: 0/2, threshold: 0.9 in VM-110
 INFO 07-15 18:06:42,601 SystemLoadProfiler:50 [pool-8-thread-1] - Average CPU Load: 0.0 in VM-110
 INFO 07-15 18:06:42,602 TaskEventRateCalculator:114 [pool-8-thread-1] - ---- Start of task processed event (# tasks: 1 in executor VM-110)----
METRICLOG/VM-110	Stage2-2-0	inputR: 0	inputP:0	output:0	inW:2026-07-15T17:55:35.290Z	ioutW:2026-07-15T17:55:35.290Z	ptime:0	dsertime:0	inbytes:0	sertime:0	outbytes:0	numKey:1456	owc:0
----- End of taks processed event ----

 INFO 07-15 18:06:42,602 CpuBottleneckDetectorImpl:63 [pool-8-thread-1] - Current cpu load: 0.0, # processed events: 0, consecutive: 0/2, threshold: 0.9 in VM-110
 INFO 07-15 18:06:43,601 SystemLoadProfiler:50 [pool-8-thread-1] - Average CPU Load: 0.0 in VM-110
 INFO 07-15 18:06:43,602 TaskEventRateCalculator:114 [pool-8-thread-1] - ---- Start of task processed event (# tasks: 1 in executor VM-110)----
METRICLOG/VM-110	Stage2-2-0	inputR: 0	inputP:0	output:0	inW:2026-07-15T17:55:35.290Z	ioutW:2026-07-15T17:55:35.290Z	ptime:0	dsertime:0	inbytes:0	sertime:0	outbytes:0	numKey:1456	owc:0
----- End of taks processed event ----

 INFO 07-15 18:06:43,602 CpuBottleneckDetectorImpl:63 [pool-8-thread-1] - Current cpu load: 0.0, # processed events: 0, consecutive: 0/2, threshold: 0.9 in VM-110
 INFO 07-15 18:06:44,601 SystemLoadProfiler:50 [pool-8-thread-1] - Average CPU Load: 0.0 in VM-110
 INFO 07-15 18:06:44,602 TaskEventRateCalculator:114 [pool-8-thread-1] - ---- Start of task processed event (# tasks: 1 in executor VM-110)----
METRICLOG/VM-110	Stage2-2-0	inputR: 0	inputP:0	output:0	inW:2026-07-15T17:55:35.290Z	ioutW:2026-07-15T17:55:35.290Z	ptime:0	dsertime:0	inbytes:0	sertime:0	outbytes:0	numKey:1456	owc:0
----- End of taks processed event ----

 INFO 07-15 18:06:44,602 CpuBottleneckDetectorImpl:63 [pool-8-thread-1] - Current cpu load: 0.0, # processed events: 0, consecutive: 0/2, threshold: 0.9 in VM-110
 INFO 07-15 18:06:45,601 SystemLoadProfiler:50 [pool-8-thread-1] - Average CPU Load: 0.0 in VM-110
 INFO 07-15 18:06:45,602 TaskEventRateCalculator:114 [pool-8-thread-1] - ---- Start of task processed event (# tasks: 1 in executor VM-110)----
METRICLOG/VM-110	Stage2-2-0	inputR: 0	inputP:0	output:0	inW:2026-07-15T17:55:35.290Z	ioutW:2026-07-15T17:55:35.290Z	ptime:0	dsertime:0	inbytes:0	sertime:0	outbytes:0	numKey:1456	owc:0
----- End of taks processed event ----

 INFO 07-15 18:06:45,602 CpuBottleneckDetectorImpl:63 [pool-8-thread-1] - Current cpu load: 0.0, # processed events: 0, consecutive: 0/2, threshold: 0.9 in VM-110
 INFO 07-15 18:06:46,601 SystemLoadProfiler:50 [pool-8-thread-1] - Average CPU Load: 0.0 in VM-110
 INFO 07-15 18:06:46,602 TaskEventRateCalculator:114 [pool-8-thread-1] - ---- Start of task processed event (# tasks: 1 in executor VM-110)----
METRICLOG/VM-110	Stage2-2-0	inputR: 0	inputP:0	output:0	inW:2026-07-15T17:55:35.290Z	ioutW:2026-07-15T17:55:35.290Z	ptime:0	dsertime:0	inbytes:0	sertime:0	outbytes:0	numKey:1456	owc:0
----- End of taks processed event ----

 INFO 07-15 18:06:46,602 CpuBottleneckDetectorImpl:63 [pool-8-thread-1] - Current cpu load: 0.0, # processed events: 0, consecutive: 0/2, threshold: 0.9 in VM-110
 INFO 07-15 18:06:47,601 SystemLoadProfiler:50 [pool-8-thread-1] - Average CPU Load: 0.0 in VM-110
 INFO 07-15 18:06:47,602 TaskEventRateCalculator:114 [pool-8-thread-1] - ---- Start of task processed event (# tasks: 1 in executor VM-110)----
METRICLOG/VM-110	Stage2-2-0	inputR: 0	inputP:0	output:0	inW:2026-07-15T17:55:35.290Z	ioutW:2026-07-15T17:55:35.290Z	ptime:0	dsertime:0	inbytes:0	sertime:0	outbytes:0	numKey:1456	owc:0
----- End of taks processed event ----

 INFO 07-15 18:06:47,602 CpuBottleneckDetectorImpl:63 [pool-8-thread-1] - Current cpu load: 0.0, # processed events: 0, consecutive: 0/2, threshold: 0.9 in VM-110
 INFO 07-15 18:06:48,601 SystemLoadProfiler:50 [pool-8-thread-1] - Average CPU Load: 0.0 in VM-110
 INFO 07-15 18:06:48,602 TaskEventRateCalculator:114 [pool-8-thread-1] - ---- Start of task processed event (# tasks: 1 in executor VM-110)----
METRICLOG/VM-110	Stage2-2-0	inputR: 0	inputP:0	output:0	inW:2026-07-15T17:55:35.290Z	ioutW:2026-07-15T17:55:35.290Z	ptime:0	dsertime:0	inbytes:0	sertime:0	outbytes:0	numKey:1456	owc:0
----- End of taks processed event ----

 INFO 07-15 18:06:48,602 CpuBottleneckDetectorImpl:63 [pool-8-thread-1] - Current cpu load: 0.0, # processed events: 0, consecutive: 0/2, threshold: 0.9 in VM-110
 INFO 07-15 18:06:49,601 SystemLoadProfiler:50 [pool-8-thread-1] - Average CPU Load: 0.0 in VM-110
 INFO 07-15 18:06:49,602 TaskEventRateCalculator:114 [pool-8-thread-1] - ---- Start of task processed event (# tasks: 1 in executor VM-110)----
METRICLOG/VM-110	Stage2-2-0	inputR: 0	inputP:0	output:0	inW:2026-07-15T17:55:35.290Z	ioutW:2026-07-15T17:55:35.290Z	ptime:0	dsertime:0	inbytes:0	sertime:0	outbytes:0	numKey:1456	owc:0
----- End of taks processed event ----

 INFO 07-15 18:06:49,602 CpuBottleneckDetectorImpl:63 [pool-8-thread-1] - Current cpu load: 0.0, # processed events: 0, consecutive: 0/2, threshold: 0.9 in VM-110
 INFO 07-15 18:06:50,601 SystemLoadProfiler:50 [pool-8-thread-1] - Average CPU Load: 0.0 in VM-110
 INFO 07-15 18:06:50,602 TaskEventRateCalculator:114 [pool-8-thread-1] - ---- Start of task processed event (# tasks: 1 in executor VM-110)----
METRICLOG/VM-110	Stage2-2-0	inputR: 0	inputP:0	output:0	inW:2026-07-15T17:55:35.290Z	ioutW:2026-07-15T17:55:35.290Z	ptime:0	dsertime:0	inbytes:0	sertime:0	outbytes:0	numKey:1456	owc:0
----- End of taks processed event ----

 INFO 07-15 18:06:50,602 CpuBottleneckDetectorImpl:63 [pool-8-thread-1] - Current cpu load: 0.0, # processed events: 0, consecutive: 0/2, threshold: 0.9 in VM-110
 INFO 07-15 18:06:51,601 SystemLoadProfiler:50 [pool-8-thread-1] - Average CPU Load: 0.0 in VM-110
 INFO 07-15 18:06:51,602 TaskEventRateCalculator:114 [pool-8-thread-1] - ---- Start of task processed event (# tasks: 1 in executor VM-110)----
METRICLOG/VM-110	Stage2-2-0	inputR: 0	inputP:0	output:0	inW:2026-07-15T17:55:35.290Z	ioutW:2026-07-15T17:55:35.290Z	ptime:0	dsertime:0	inbytes:0	sertime:0	outbytes:0	numKey:1456	owc:0
----- End of taks processed event ----

 INFO 07-15 18:06:51,602 CpuBottleneckDetectorImpl:63 [pool-8-thread-1] - Current cpu load: 0.0, # processed events: 0, consecutive: 0/2, threshold: 0.9 in VM-110
 INFO 07-15 18:06:52,601 SystemLoadProfiler:50 [pool-8-thread-1] - Average CPU Load: 0.0 in VM-110
 INFO 07-15 18:06:52,602 TaskEventRateCalculator:114 [pool-8-thread-1] - ---- Start of task processed event (# tasks: 1 in executor VM-110)----
METRICLOG/VM-110	Stage2-2-0	inputR: 0	inputP:0	output:0	inW:2026-07-15T17:55:35.290Z	ioutW:2026-07-15T17:55:35.290Z	ptime:0	dsertime:0	inbytes:0	sertime:0	outbytes:0	numKey:1456	owc:0
----- End of taks processed event ----

 INFO 07-15 18:06:52,602 CpuBottleneckDetectorImpl:63 [pool-8-thread-1] - Current cpu load: 0.0, # processed events: 0, consecutive: 0/2, threshold: 0.9 in VM-110
 INFO 07-15 18:06:53,601 SystemLoadProfiler:50 [pool-8-thread-1] - Average CPU Load: 0.0 in VM-110
 INFO 07-15 18:06:53,602 TaskEventRateCalculator:114 [pool-8-thread-1] - ---- Start of task processed event (# tasks: 1 in executor VM-110)----
METRICLOG/VM-110	Stage2-2-0	inputR: 0	inputP:0	output:0	inW:2026-07-15T17:55:35.290Z	ioutW:2026-07-15T17:55:35.290Z	ptime:0	dsertime:0	inbytes:0	sertime:0	outbytes:0	numKey:1456	owc:0
----- End of taks processed event ----

 INFO 07-15 18:06:53,602 CpuBottleneckDetectorImpl:63 [pool-8-thread-1] - Current cpu load: 0.0, # processed events: 0, consecutive: 0/2, threshold: 0.9 in VM-110
 INFO 07-15 18:06:54,601 SystemLoadProfiler:50 [pool-8-thread-1] - Average CPU Load: 0.0 in VM-110
 INFO 07-15 18:06:54,602 TaskEventRateCalculator:114 [pool-8-thread-1] - ---- Start of task processed event (# tasks: 1 in executor VM-110)----
METRICLOG/VM-110	Stage2-2-0	inputR: 0	inputP:0	output:0	inW:2026-07-15T17:55:35.290Z	ioutW:2026-07-15T17:55:35.290Z	ptime:0	dsertime:0	inbytes:0	sertime:0	outbytes:0	numKey:1456	owc:0
----- End of taks processed event ----

 INFO 07-15 18:06:54,602 CpuBottleneckDetectorImpl:63 [pool-8-thread-1] - Current cpu load: 0.0, # processed events: 0, consecutive: 0/2, threshold: 0.9 in VM-110
 INFO 07-15 18:06:55,601 SystemLoadProfiler:50 [pool-8-thread-1] - Average CPU Load: 0.0 in VM-110
 INFO 07-15 18:06:55,602 TaskEventRateCalculator:114 [pool-8-thread-1] - ---- Start of task processed event (# tasks: 1 in executor VM-110)----
METRICLOG/VM-110	Stage2-2-0	inputR: 0	inputP:0	output:0	inW:2026-07-15T17:55:35.290Z	ioutW:2026-07-15T17:55:35.290Z	ptime:0	dsertime:0	inbytes:0	sertime:0	outbytes:0	numKey:1456	owc:0
----- End of taks processed event ----

 INFO 07-15 18:06:55,602 CpuBottleneckDetectorImpl:63 [pool-8-thread-1] - Current cpu load: 0.0, # processed events: 0, consecutive: 0/2, threshold: 0.9 in VM-110
 INFO 07-15 18:06:56,601 SystemLoadProfiler:50 [pool-8-thread-1] - Average CPU Load: 0.0 in VM-110
 INFO 07-15 18:06:56,602 TaskEventRateCalculator:114 [pool-8-thread-1] - ---- Start of task processed event (# tasks: 1 in executor VM-110)----
METRICLOG/VM-110	Stage2-2-0	inputR: 0	inputP:0	output:0	inW:2026-07-15T17:55:35.290Z	ioutW:2026-07-15T17:55:35.290Z	ptime:0	dsertime:0	inbytes:0	sertime:0	outbytes:0	numKey:1456	owc:0
----- End of taks processed event ----

 INFO 07-15 18:06:56,602 CpuBottleneckDetectorImpl:63 [pool-8-thread-1] - Current cpu load: 0.0, # processed events: 0, consecutive: 0/2, threshold: 0.9 in VM-110
 INFO 07-15 18:06:57,601 SystemLoadProfiler:50 [pool-8-thread-1] - Average CPU Load: 0.0 in VM-110
 INFO 07-15 18:06:57,602 TaskEventRateCalculator:114 [pool-8-thread-1] - ---- Start of task processed event (# tasks: 1 in executor VM-110)----
METRICLOG/VM-110	Stage2-2-0	inputR: 0	inputP:0	output:0	inW:2026-07-15T17:55:35.290Z	ioutW:2026-07-15T17:55:35.290Z	ptime:0	dsertime:0	inbytes:0	sertime:0	outbytes:0	numKey:1456	owc:0
----- End of taks processed event ----

 INFO 07-15 18:06:57,602 CpuBottleneckDetectorImpl:63 [pool-8-thread-1] - Current cpu load: 0.0, # processed events: 0, consecutive: 0/2, threshold: 0.9 in VM-110
 INFO 07-15 18:06:58,601 SystemLoadProfiler:50 [pool-8-thread-1] - Average CPU Load: 0.0 in VM-110
 INFO 07-15 18:06:58,602 TaskEventRateCalculator:114 [pool-8-thread-1] - ---- Start of task processed event (# tasks: 1 in executor VM-110)----
METRICLOG/VM-110	Stage2-2-0	inputR: 0	inputP:0	output:0	inW:2026-07-15T17:55:35.290Z	ioutW:2026-07-15T17:55:35.290Z	ptime:0	dsertime:0	inbytes:0	sertime:0	outbytes:0	numKey:1456	owc:0
----- End of taks processed event ----

 INFO 07-15 18:06:58,602 CpuBottleneckDetectorImpl:63 [pool-8-thread-1] - Current cpu load: 0.0, # processed events: 0, consecutive: 0/2, threshold: 0.9 in VM-110
 INFO 07-15 18:06:59,601 SystemLoadProfiler:50 [pool-8-thread-1] - Average CPU Load: 0.0 in VM-110
 INFO 07-15 18:06:59,602 TaskEventRateCalculator:114 [pool-8-thread-1] - ---- Start of task processed event (# tasks: 1 in executor VM-110)----
METRICLOG/VM-110	Stage2-2-0	inputR: 0	inputP:0	output:0	inW:2026-07-15T17:55:35.290Z	ioutW:2026-07-15T17:55:35.290Z	ptime:0	dsertime:0	inbytes:0	sertime:0	outbytes:0	numKey:1456	owc:0
----- End of taks processed event ----

 INFO 07-15 18:06:59,602 CpuBottleneckDetectorImpl:63 [pool-8-thread-1] - Current cpu load: 0.0, # processed events: 0, consecutive: 0/2, threshold: 0.9 in VM-110
 INFO 07-15 18:07:00,601 SystemLoadProfiler:50 [pool-8-thread-1] - Average CPU Load: 0.0 in VM-110
 INFO 07-15 18:07:00,602 TaskEventRateCalculator:114 [pool-8-thread-1] - ---- Start of task processed event (# tasks: 1 in executor VM-110)----
METRICLOG/VM-110	Stage2-2-0	inputR: 0	inputP:0	output:0	inW:2026-07-15T17:55:35.290Z	ioutW:2026-07-15T17:55:35.290Z	ptime:0	dsertime:0	inbytes:0	sertime:0	outbytes:0	numKey:1456	owc:0
----- End of taks processed event ----

 INFO 07-15 18:07:00,602 CpuBottleneckDetectorImpl:63 [pool-8-thread-1] - Current cpu load: 0.0, # processed events: 0, consecutive: 0/2, threshold: 0.9 in VM-110
 INFO 07-15 18:07:01,601 SystemLoadProfiler:50 [pool-8-thread-1] - Average CPU Load: 0.0 in VM-110
 INFO 07-15 18:07:01,602 TaskEventRateCalculator:114 [pool-8-thread-1] - ---- Start of task processed event (# tasks: 1 in executor VM-110)----
METRICLOG/VM-110	Stage2-2-0	inputR: 0	inputP:0	output:0	inW:2026-07-15T17:55:35.290Z	ioutW:2026-07-15T17:55:35.290Z	ptime:0	dsertime:0	inbytes:0	sertime:0	outbytes:0	numKey:1456	owc:0
----- End of taks processed event ----

 INFO 07-15 18:07:01,602 CpuBottleneckDetectorImpl:63 [pool-8-thread-1] - Current cpu load: 0.0, # processed events: 0, consecutive: 0/2, threshold: 0.9 in VM-110
 INFO 07-15 18:07:02,601 SystemLoadProfiler:50 [pool-8-thread-1] - Average CPU Load: 0.0 in VM-110
 INFO 07-15 18:07:02,602 TaskEventRateCalculator:114 [pool-8-thread-1] - ---- Start of task processed event (# tasks: 1 in executor VM-110)----
METRICLOG/VM-110	Stage2-2-0	inputR: 0	inputP:0	output:0	inW:2026-07-15T17:55:35.290Z	ioutW:2026-07-15T17:55:35.290Z	ptime:0	dsertime:0	inbytes:0	sertime:0	outbytes:0	numKey:1456	owc:0
----- End of taks processed event ----

 INFO 07-15 18:07:02,602 CpuBottleneckDetectorImpl:63 [pool-8-thread-1] - Current cpu load: 0.0, # processed events: 0, consecutive: 0/2, threshold: 0.9 in VM-110
 INFO 07-15 18:07:03,601 SystemLoadProfiler:50 [pool-8-thread-1] - Average CPU Load: 0.0 in VM-110
 INFO 07-15 18:07:03,602 TaskEventRateCalculator:114 [pool-8-thread-1] - ---- Start of task processed event (# tasks: 1 in executor VM-110)----
METRICLOG/VM-110	Stage2-2-0	inputR: 0	inputP:0	output:0	inW:2026-07-15T17:55:35.290Z	ioutW:2026-07-15T17:55:35.290Z	ptime:0	dsertime:0	inbytes:0	sertime:0	outbytes:0	numKey:1456	owc:0
----- End of taks processed event ----

 INFO 07-15 18:07:03,602 CpuBottleneckDetectorImpl:63 [pool-8-thread-1] - Current cpu load: 0.0, # processed events: 0, consecutive: 0/2, threshold: 0.9 in VM-110
 INFO 07-15 18:07:04,601 SystemLoadProfiler:50 [pool-8-thread-1] - Average CPU Load: 0.0 in VM-110
 INFO 07-15 18:07:04,602 TaskEventRateCalculator:114 [pool-8-thread-1] - ---- Start of task processed event (# tasks: 1 in executor VM-110)----
METRICLOG/VM-110	Stage2-2-0	inputR: 0	inputP:0	output:0	inW:2026-07-15T17:55:35.290Z	ioutW:2026-07-15T17:55:35.290Z	ptime:0	dsertime:0	inbytes:0	sertime:0	outbytes:0	numKey:1456	owc:0
----- End of taks processed event ----

 INFO 07-15 18:07:04,602 CpuBottleneckDetectorImpl:63 [pool-8-thread-1] - Current cpu load: 0.0, # processed events: 0, consecutive: 0/2, threshold: 0.9 in VM-110
 INFO 07-15 18:07:05,601 SystemLoadProfiler:50 [pool-8-thread-1] - Average CPU Load: 0.0 in VM-110
 INFO 07-15 18:07:05,602 TaskEventRateCalculator:114 [pool-8-thread-1] - ---- Start of task processed event (# tasks: 1 in executor VM-110)----
METRICLOG/VM-110	Stage2-2-0	inputR: 0	inputP:0	output:0	inW:2026-07-15T17:55:35.290Z	ioutW:2026-07-15T17:55:35.290Z	ptime:0	dsertime:0	inbytes:0	sertime:0	outbytes:0	numKey:1456	owc:0
----- End of taks processed event ----

 INFO 07-15 18:07:05,602 CpuBottleneckDetectorImpl:63 [pool-8-thread-1] - Current cpu load: 0.0, # processed events: 0, consecutive: 0/2, threshold: 0.9 in VM-110
 INFO 07-15 18:07:06,601 SystemLoadProfiler:50 [pool-8-thread-1] - Average CPU Load: 0.0 in VM-110
 INFO 07-15 18:07:06,602 TaskEventRateCalculator:114 [pool-8-thread-1] - ---- Start of task processed event (# tasks: 1 in executor VM-110)----
METRICLOG/VM-110	Stage2-2-0	inputR: 0	inputP:0	output:0	inW:2026-07-15T17:55:35.290Z	ioutW:2026-07-15T17:55:35.290Z	ptime:0	dsertime:0	inbytes:0	sertime:0	outbytes:0	numKey:1456	owc:0
----- End of taks processed event ----

 INFO 07-15 18:07:06,602 CpuBottleneckDetectorImpl:63 [pool-8-thread-1] - Current cpu load: 0.0, # processed events: 0, consecutive: 0/2, threshold: 0.9 in VM-110
 INFO 07-15 18:07:07,601 SystemLoadProfiler:50 [pool-8-thread-1] - Average CPU Load: 0.0 in VM-110
 INFO 07-15 18:07:07,602 TaskEventRateCalculator:114 [pool-8-thread-1] - ---- Start of task processed event (# tasks: 1 in executor VM-110)----
METRICLOG/VM-110	Stage2-2-0	inputR: 0	inputP:0	output:0	inW:2026-07-15T17:55:35.290Z	ioutW:2026-07-15T17:55:35.290Z	ptime:0	dsertime:0	inbytes:0	sertime:0	outbytes:0	numKey:1456	owc:0
----- End of taks processed event ----

 INFO 07-15 18:07:07,602 CpuBottleneckDetectorImpl:63 [pool-8-thread-1] - Current cpu load: 0.0, # processed events: 0, consecutive: 0/2, threshold: 0.9 in VM-110
 INFO 07-15 18:07:08,601 SystemLoadProfiler:50 [pool-8-thread-1] - Average CPU Load: 0.0 in VM-110
 INFO 07-15 18:07:08,602 TaskEventRateCalculator:114 [pool-8-thread-1] - ---- Start of task processed event (# tasks: 1 in executor VM-110)----
METRICLOG/VM-110	Stage2-2-0	inputR: 0	inputP:0	output:0	inW:2026-07-15T17:55:35.290Z	ioutW:2026-07-15T17:55:35.290Z	ptime:0	dsertime:0	inbytes:0	sertime:0	outbytes:0	numKey:1456	owc:0
----- End of taks processed event ----

 INFO 07-15 18:07:08,602 CpuBottleneckDetectorImpl:63 [pool-8-thread-1] - Current cpu load: 0.0, # processed events: 0, consecutive: 0/2, threshold: 0.9 in VM-110
 INFO 07-15 18:07:09,601 SystemLoadProfiler:50 [pool-8-thread-1] - Average CPU Load: 0.0 in VM-110
 INFO 07-15 18:07:09,602 TaskEventRateCalculator:114 [pool-8-thread-1] - ---- Start of task processed event (# tasks: 1 in executor VM-110)----
METRICLOG/VM-110	Stage2-2-0	inputR: 0	inputP:0	output:0	inW:2026-07-15T17:55:35.290Z	ioutW:2026-07-15T17:55:35.290Z	ptime:0	dsertime:0	inbytes:0	sertime:0	outbytes:0	numKey:1456	owc:0
----- End of taks processed event ----

 INFO 07-15 18:07:09,602 CpuBottleneckDetectorImpl:63 [pool-8-thread-1] - Current cpu load: 0.0, # processed events: 0, consecutive: 0/2, threshold: 0.9 in VM-110
 INFO 07-15 18:07:10,601 SystemLoadProfiler:50 [pool-8-thread-1] - Average CPU Load: 0.0 in VM-110
 INFO 07-15 18:07:10,602 TaskEventRateCalculator:114 [pool-8-thread-1] - ---- Start of task processed event (# tasks: 1 in executor VM-110)----
METRICLOG/VM-110	Stage2-2-0	inputR: 0	inputP:0	output:0	inW:2026-07-15T17:55:35.290Z	ioutW:2026-07-15T17:55:35.290Z	ptime:0	dsertime:0	inbytes:0	sertime:0	outbytes:0	numKey:1456	owc:0
----- End of taks processed event ----

 INFO 07-15 18:07:10,602 CpuBottleneckDetectorImpl:63 [pool-8-thread-1] - Current cpu load: 0.0, # processed events: 0, consecutive: 0/2, threshold: 0.9 in VM-110
 INFO 07-15 18:07:11,601 SystemLoadProfiler:50 [pool-8-thread-1] - Average CPU Load: 0.0 in VM-110
 INFO 07-15 18:07:11,602 TaskEventRateCalculator:114 [pool-8-thread-1] - ---- Start of task processed event (# tasks: 1 in executor VM-110)----
METRICLOG/VM-110	Stage2-2-0	inputR: 0	inputP:0	output:0	inW:2026-07-15T17:55:35.290Z	ioutW:2026-07-15T17:55:35.290Z	ptime:0	dsertime:0	inbytes:0	sertime:0	outbytes:0	numKey:1456	owc:0
----- End of taks processed event ----

 INFO 07-15 18:07:11,602 CpuBottleneckDetectorImpl:63 [pool-8-thread-1] - Current cpu load: 0.0, # processed events: 0, consecutive: 0/2, threshold: 0.9 in VM-110
 INFO 07-15 18:07:12,601 SystemLoadProfiler:50 [pool-8-thread-1] - Average CPU Load: 0.0 in VM-110
 INFO 07-15 18:07:12,602 TaskEventRateCalculator:114 [pool-8-thread-1] - ---- Start of task processed event (# tasks: 1 in executor VM-110)----
METRICLOG/VM-110	Stage2-2-0	inputR: 0	inputP:0	output:0	inW:2026-07-15T17:55:35.290Z	ioutW:2026-07-15T17:55:35.290Z	ptime:0	dsertime:0	inbytes:0	sertime:0	outbytes:0	numKey:1456	owc:0
----- End of taks processed event ----

 INFO 07-15 18:07:12,602 CpuBottleneckDetectorImpl:63 [pool-8-thread-1] - Current cpu load: 0.0, # processed events: 0, consecutive: 0/2, threshold: 0.9 in VM-110
 INFO 07-15 18:07:13,601 SystemLoadProfiler:50 [pool-8-thread-1] - Average CPU Load: 0.0 in VM-110
 INFO 07-15 18:07:13,602 TaskEventRateCalculator:114 [pool-8-thread-1] - ---- Start of task processed event (# tasks: 1 in executor VM-110)----
METRICLOG/VM-110	Stage2-2-0	inputR: 0	inputP:0	output:0	inW:2026-07-15T17:55:35.290Z	ioutW:2026-07-15T17:55:35.290Z	ptime:0	dsertime:0	inbytes:0	sertime:0	outbytes:0	numKey:1456	owc:0
----- End of taks processed event ----

 INFO 07-15 18:07:13,602 CpuBottleneckDetectorImpl:63 [pool-8-thread-1] - Current cpu load: 0.0, # processed events: 0, consecutive: 0/2, threshold: 0.9 in VM-110
 INFO 07-15 18:07:14,601 SystemLoadProfiler:50 [pool-8-thread-1] - Average CPU Load: 0.0 in VM-110
 INFO 07-15 18:07:14,602 TaskEventRateCalculator:114 [pool-8-thread-1] - ---- Start of task processed event (# tasks: 1 in executor VM-110)----
METRICLOG/VM-110	Stage2-2-0	inputR: 0	inputP:0	output:0	inW:2026-07-15T17:55:35.290Z	ioutW:2026-07-15T17:55:35.290Z	ptime:0	dsertime:0	inbytes:0	sertime:0	outbytes:0	numKey:1456	owc:0
----- End of taks processed event ----

 INFO 07-15 18:07:14,602 CpuBottleneckDetectorImpl:63 [pool-8-thread-1] - Current cpu load: 0.0, # processed events: 0, consecutive: 0/2, threshold: 0.9 in VM-110
 INFO 07-15 18:07:15,601 SystemLoadProfiler:50 [pool-8-thread-1] - Average CPU Load: 0.0 in VM-110
 INFO 07-15 18:07:15,602 TaskEventRateCalculator:114 [pool-8-thread-1] - ---- Start of task processed event (# tasks: 1 in executor VM-110)----
METRICLOG/VM-110	Stage2-2-0	inputR: 0	inputP:0	output:0	inW:2026-07-15T17:55:35.290Z	ioutW:2026-07-15T17:55:35.290Z	ptime:0	dsertime:0	inbytes:0	sertime:0	outbytes:0	numKey:1456	owc:0
----- End of taks processed event ----

 INFO 07-15 18:07:15,602 CpuBottleneckDetectorImpl:63 [pool-8-thread-1] - Current cpu load: 0.0, # processed events: 0, consecutive: 0/2, threshold: 0.9 in VM-110
 INFO 07-15 18:07:16,601 SystemLoadProfiler:50 [pool-8-thread-1] - Average CPU Load: 0.0 in VM-110
 INFO 07-15 18:07:16,602 TaskEventRateCalculator:114 [pool-8-thread-1] - ---- Start of task processed event (# tasks: 1 in executor VM-110)----
METRICLOG/VM-110	Stage2-2-0	inputR: 0	inputP:0	output:0	inW:2026-07-15T17:55:35.290Z	ioutW:2026-07-15T17:55:35.290Z	ptime:0	dsertime:0	inbytes:0	sertime:0	outbytes:0	numKey:1456	owc:0
----- End of taks processed event ----

 INFO 07-15 18:07:16,602 CpuBottleneckDetectorImpl:63 [pool-8-thread-1] - Current cpu load: 0.0, # processed events: 0, consecutive: 0/2, threshold: 0.9 in VM-110
 INFO 07-15 18:07:17,601 SystemLoadProfiler:50 [pool-8-thread-1] - Average CPU Load: 0.0 in VM-110
 INFO 07-15 18:07:17,602 TaskEventRateCalculator:114 [pool-8-thread-1] - ---- Start of task processed event (# tasks: 1 in executor VM-110)----
METRICLOG/VM-110	Stage2-2-0	inputR: 0	inputP:0	output:0	inW:2026-07-15T17:55:35.290Z	ioutW:2026-07-15T17:55:35.290Z	ptime:0	dsertime:0	inbytes:0	sertime:0	outbytes:0	numKey:1456	owc:0
----- End of taks processed event ----

 INFO 07-15 18:07:17,602 CpuBottleneckDetectorImpl:63 [pool-8-thread-1] - Current cpu load: 0.0, # processed events: 0, consecutive: 0/2, threshold: 0.9 in VM-110
 INFO 07-15 18:07:18,601 SystemLoadProfiler:50 [pool-8-thread-1] - Average CPU Load: 0.0 in VM-110
 INFO 07-15 18:07:18,602 TaskEventRateCalculator:114 [pool-8-thread-1] - ---- Start of task processed event (# tasks: 1 in executor VM-110)----
METRICLOG/VM-110	Stage2-2-0	inputR: 0	inputP:0	output:0	inW:2026-07-15T17:55:35.290Z	ioutW:2026-07-15T17:55:35.290Z	ptime:0	dsertime:0	inbytes:0	sertime:0	outbytes:0	numKey:1456	owc:0
----- End of taks processed event ----

 INFO 07-15 18:07:18,602 CpuBottleneckDetectorImpl:63 [pool-8-thread-1] - Current cpu load: 0.0, # processed events: 0, consecutive: 0/2, threshold: 0.9 in VM-110
 INFO 07-15 18:07:19,601 SystemLoadProfiler:50 [pool-8-thread-1] - Average CPU Load: 0.0 in VM-110
 INFO 07-15 18:07:19,602 TaskEventRateCalculator:114 [pool-8-thread-1] - ---- Start of task processed event (# tasks: 1 in executor VM-110)----
METRICLOG/VM-110	Stage2-2-0	inputR: 0	inputP:0	output:0	inW:2026-07-15T17:55:35.290Z	ioutW:2026-07-15T17:55:35.290Z	ptime:0	dsertime:0	inbytes:0	sertime:0	outbytes:0	numKey:1456	owc:0
----- End of taks processed event ----

 INFO 07-15 18:07:19,602 CpuBottleneckDetectorImpl:63 [pool-8-thread-1] - Current cpu load: 0.0, # processed events: 0, consecutive: 0/2, threshold: 0.9 in VM-110
 INFO 07-15 18:07:20,601 SystemLoadProfiler:50 [pool-8-thread-1] - Average CPU Load: 0.0 in VM-110
 INFO 07-15 18:07:20,602 TaskEventRateCalculator:114 [pool-8-thread-1] - ---- Start of task processed event (# tasks: 1 in executor VM-110)----
METRICLOG/VM-110	Stage2-2-0	inputR: 0	inputP:0	output:0	inW:2026-07-15T17:55:35.290Z	ioutW:2026-07-15T17:55:35.290Z	ptime:0	dsertime:0	inbytes:0	sertime:0	outbytes:0	numKey:1456	owc:0
----- End of taks processed event ----

 INFO 07-15 18:07:20,602 CpuBottleneckDetectorImpl:63 [pool-8-thread-1] - Current cpu load: 0.0, # processed events: 0, consecutive: 0/2, threshold: 0.9 in VM-110
 INFO 07-15 18:07:21,601 SystemLoadProfiler:50 [pool-8-thread-1] - Average CPU Load: 0.0 in VM-110
 INFO 07-15 18:07:21,602 TaskEventRateCalculator:114 [pool-8-thread-1] - ---- Start of task processed event (# tasks: 1 in executor VM-110)----
METRICLOG/VM-110	Stage2-2-0	inputR: 0	inputP:0	output:0	inW:2026-07-15T17:55:35.290Z	ioutW:2026-07-15T17:55:35.290Z	ptime:0	dsertime:0	inbytes:0	sertime:0	outbytes:0	numKey:1456	owc:0
----- End of taks processed event ----

 INFO 07-15 18:07:21,602 CpuBottleneckDetectorImpl:63 [pool-8-thread-1] - Current cpu load: 0.0, # processed events: 0, consecutive: 0/2, threshold: 0.9 in VM-110
 INFO 07-15 18:07:22,601 SystemLoadProfiler:50 [pool-8-thread-1] - Average CPU Load: 0.0 in VM-110
 INFO 07-15 18:07:22,602 TaskEventRateCalculator:114 [pool-8-thread-1] - ---- Start of task processed event (# tasks: 1 in executor VM-110)----
METRICLOG/VM-110	Stage2-2-0	inputR: 0	inputP:0	output:0	inW:2026-07-15T17:55:35.290Z	ioutW:2026-07-15T17:55:35.290Z	ptime:0	dsertime:0	inbytes:0	sertime:0	outbytes:0	numKey:1456	owc:0
----- End of taks processed event ----

 INFO 07-15 18:07:22,602 CpuBottleneckDetectorImpl:63 [pool-8-thread-1] - Current cpu load: 0.0, # processed events: 0, consecutive: 0/2, threshold: 0.9 in VM-110
 INFO 07-15 18:07:23,601 SystemLoadProfiler:50 [pool-8-thread-1] - Average CPU Load: 0.0 in VM-110
 INFO 07-15 18:07:23,602 TaskEventRateCalculator:114 [pool-8-thread-1] - ---- Start of task processed event (# tasks: 1 in executor VM-110)----
METRICLOG/VM-110	Stage2-2-0	inputR: 0	inputP:0	output:0	inW:2026-07-15T17:55:35.290Z	ioutW:2026-07-15T17:55:35.290Z	ptime:0	dsertime:0	inbytes:0	sertime:0	outbytes:0	numKey:1456	owc:0
----- End of taks processed event ----

 INFO 07-15 18:07:23,602 CpuBottleneckDetectorImpl:63 [pool-8-thread-1] - Current cpu load: 0.0, # processed events: 0, consecutive: 0/2, threshold: 0.9 in VM-110
 INFO 07-15 18:07:24,601 SystemLoadProfiler:50 [pool-8-thread-1] - Average CPU Load: 0.0 in VM-110
 INFO 07-15 18:07:24,602 TaskEventRateCalculator:114 [pool-8-thread-1] - ---- Start of task processed event (# tasks: 1 in executor VM-110)----
METRICLOG/VM-110	Stage2-2-0	inputR: 0	inputP:0	output:0	inW:2026-07-15T17:55:35.290Z	ioutW:2026-07-15T17:55:35.290Z	ptime:0	dsertime:0	inbytes:0	sertime:0	outbytes:0	numKey:1456	owc:0
----- End of taks processed event ----

 INFO 07-15 18:07:24,602 CpuBottleneckDetectorImpl:63 [pool-8-thread-1] - Current cpu load: 0.0, # processed events: 0, consecutive: 0/2, threshold: 0.9 in VM-110
 INFO 07-15 18:07:25,603 SystemLoadProfiler:50 [pool-8-thread-1] - Average CPU Load: 0.0 in VM-110
 INFO 07-15 18:07:25,604 TaskEventRateCalculator:114 [pool-8-thread-1] - ---- Start of task processed event (# tasks: 1 in executor VM-110)----
METRICLOG/VM-110	Stage2-2-0	inputR: 0	inputP:0	output:0	inW:2026-07-15T17:55:35.290Z	ioutW:2026-07-15T17:55:35.290Z	ptime:0	dsertime:0	inbytes:0	sertime:0	outbytes:0	numKey:1456	owc:0
----- End of taks processed event ----

 INFO 07-15 18:07:25,604 CpuBottleneckDetectorImpl:63 [pool-8-thread-1] - Current cpu load: 0.0, # processed events: 0, consecutive: 0/2, threshold: 0.9 in VM-110
 INFO 07-15 18:07:26,601 SystemLoadProfiler:50 [pool-8-thread-1] - Average CPU Load: 0.0 in VM-110
 INFO 07-15 18:07:26,602 TaskEventRateCalculator:114 [pool-8-thread-1] - ---- Start of task processed event (# tasks: 1 in executor VM-110)----
METRICLOG/VM-110	Stage2-2-0	inputR: 0	inputP:0	output:0	inW:2026-07-15T17:55:35.290Z	ioutW:2026-07-15T17:55:35.290Z	ptime:0	dsertime:0	inbytes:0	sertime:0	outbytes:0	numKey:1456	owc:0
----- End of taks processed event ----

 INFO 07-15 18:07:26,602 CpuBottleneckDetectorImpl:63 [pool-8-thread-1] - Current cpu load: 0.0, # processed events: 0, consecutive: 0/2, threshold: 0.9 in VM-110
 INFO 07-15 18:07:27,601 SystemLoadProfiler:50 [pool-8-thread-1] - Average CPU Load: 0.0 in VM-110
 INFO 07-15 18:07:27,602 TaskEventRateCalculator:114 [pool-8-thread-1] - ---- Start of task processed event (# tasks: 1 in executor VM-110)----
METRICLOG/VM-110	Stage2-2-0	inputR: 0	inputP:0	output:0	inW:2026-07-15T17:55:35.290Z	ioutW:2026-07-15T17:55:35.290Z	ptime:0	dsertime:0	inbytes:0	sertime:0	outbytes:0	numKey:1456	owc:0
----- End of taks processed event ----

 INFO 07-15 18:07:27,602 CpuBottleneckDetectorImpl:63 [pool-8-thread-1] - Current cpu load: 0.0, # processed events: 0, consecutive: 0/2, threshold: 0.9 in VM-110
 INFO 07-15 18:07:28,601 SystemLoadProfiler:50 [pool-8-thread-1] - Average CPU Load: 0.0 in VM-110
 INFO 07-15 18:07:28,602 TaskEventRateCalculator:114 [pool-8-thread-1] - ---- Start of task processed event (# tasks: 1 in executor VM-110)----
METRICLOG/VM-110	Stage2-2-0	inputR: 0	inputP:0	output:0	inW:2026-07-15T17:55:35.290Z	ioutW:2026-07-15T17:55:35.290Z	ptime:0	dsertime:0	inbytes:0	sertime:0	outbytes:0	numKey:1456	owc:0
----- End of taks processed event ----

 INFO 07-15 18:07:28,602 CpuBottleneckDetectorImpl:63 [pool-8-thread-1] - Current cpu load: 0.0, # processed events: 0, consecutive: 0/2, threshold: 0.9 in VM-110
 INFO 07-15 18:07:29,601 SystemLoadProfiler:50 [pool-8-thread-1] - Average CPU Load: 0.0 in VM-110
 INFO 07-15 18:07:29,602 TaskEventRateCalculator:114 [pool-8-thread-1] - ---- Start of task processed event (# tasks: 1 in executor VM-110)----
METRICLOG/VM-110	Stage2-2-0	inputR: 0	inputP:0	output:0	inW:2026-07-15T17:55:35.290Z	ioutW:2026-07-15T17:55:35.290Z	ptime:0	dsertime:0	inbytes:0	sertime:0	outbytes:0	numKey:1456	owc:0
----- End of taks processed event ----

 INFO 07-15 18:07:29,602 CpuBottleneckDetectorImpl:63 [pool-8-thread-1] - Current cpu load: 0.0, # processed events: 0, consecutive: 0/2, threshold: 0.9 in VM-110
 INFO 07-15 18:07:30,601 SystemLoadProfiler:50 [pool-8-thread-1] - Average CPU Load: 0.0 in VM-110
 INFO 07-15 18:07:30,602 TaskEventRateCalculator:114 [pool-8-thread-1] - ---- Start of task processed event (# tasks: 1 in executor VM-110)----
METRICLOG/VM-110	Stage2-2-0	inputR: 0	inputP:0	output:0	inW:2026-07-15T17:55:35.290Z	ioutW:2026-07-15T17:55:35.290Z	ptime:0	dsertime:0	inbytes:0	sertime:0	outbytes:0	numKey:1456	owc:0
----- End of taks processed event ----

 INFO 07-15 18:07:30,602 CpuBottleneckDetectorImpl:63 [pool-8-thread-1] - Current cpu load: 0.0, # processed events: 0, consecutive: 0/2, threshold: 0.9 in VM-110
 INFO 07-15 18:07:31,601 SystemLoadProfiler:50 [pool-8-thread-1] - Average CPU Load: 0.0 in VM-110
 INFO 07-15 18:07:31,602 TaskEventRateCalculator:114 [pool-8-thread-1] - ---- Start of task processed event (# tasks: 1 in executor VM-110)----
METRICLOG/VM-110	Stage2-2-0	inputR: 0	inputP:0	output:0	inW:2026-07-15T17:55:35.290Z	ioutW:2026-07-15T17:55:35.290Z	ptime:0	dsertime:0	inbytes:0	sertime:0	outbytes:0	numKey:1456	owc:0
----- End of taks processed event ----

 INFO 07-15 18:07:31,602 CpuBottleneckDetectorImpl:63 [pool-8-thread-1] - Current cpu load: 0.0, # processed events: 0, consecutive: 0/2, threshold: 0.9 in VM-110
 INFO 07-15 18:07:32,601 SystemLoadProfiler:50 [pool-8-thread-1] - Average CPU Load: 0.0 in VM-110
 INFO 07-15 18:07:32,602 TaskEventRateCalculator:114 [pool-8-thread-1] - ---- Start of task processed event (# tasks: 1 in executor VM-110)----
METRICLOG/VM-110	Stage2-2-0	inputR: 0	inputP:0	output:0	inW:2026-07-15T17:55:35.290Z	ioutW:2026-07-15T17:55:35.290Z	ptime:0	dsertime:0	inbytes:0	sertime:0	outbytes:0	numKey:1456	owc:0
----- End of taks processed event ----

 INFO 07-15 18:07:32,602 CpuBottleneckDetectorImpl:63 [pool-8-thread-1] - Current cpu load: 0.0, # processed events: 0, consecutive: 0/2, threshold: 0.9 in VM-110
 INFO 07-15 18:07:33,601 SystemLoadProfiler:50 [pool-8-thread-1] - Average CPU Load: 0.0 in VM-110
 INFO 07-15 18:07:33,602 TaskEventRateCalculator:114 [pool-8-thread-1] - ---- Start of task processed event (# tasks: 1 in executor VM-110)----
METRICLOG/VM-110	Stage2-2-0	inputR: 0	inputP:0	output:0	inW:2026-07-15T17:55:35.290Z	ioutW:2026-07-15T17:55:35.290Z	ptime:0	dsertime:0	inbytes:0	sertime:0	outbytes:0	numKey:1456	owc:0
----- End of taks processed event ----

 INFO 07-15 18:07:33,602 CpuBottleneckDetectorImpl:63 [pool-8-thread-1] - Current cpu load: 0.0, # processed events: 0, consecutive: 0/2, threshold: 0.9 in VM-110
 INFO 07-15 18:07:34,601 SystemLoadProfiler:50 [pool-8-thread-1] - Average CPU Load: 0.0 in VM-110
 INFO 07-15 18:07:34,602 TaskEventRateCalculator:114 [pool-8-thread-1] - ---- Start of task processed event (# tasks: 1 in executor VM-110)----
METRICLOG/VM-110	Stage2-2-0	inputR: 0	inputP:0	output:0	inW:2026-07-15T17:55:35.290Z	ioutW:2026-07-15T17:55:35.290Z	ptime:0	dsertime:0	inbytes:0	sertime:0	outbytes:0	numKey:1456	owc:0
----- End of taks processed event ----

 INFO 07-15 18:07:34,602 CpuBottleneckDetectorImpl:63 [pool-8-thread-1] - Current cpu load: 0.0, # processed events: 0, consecutive: 0/2, threshold: 0.9 in VM-110
 INFO 07-15 18:07:35,601 SystemLoadProfiler:50 [pool-8-thread-1] - Average CPU Load: 0.0 in VM-110
 INFO 07-15 18:07:35,602 TaskEventRateCalculator:114 [pool-8-thread-1] - ---- Start of task processed event (# tasks: 1 in executor VM-110)----
METRICLOG/VM-110	Stage2-2-0	inputR: 0	inputP:0	output:0	inW:2026-07-15T17:55:35.290Z	ioutW:2026-07-15T17:55:35.290Z	ptime:0	dsertime:0	inbytes:0	sertime:0	outbytes:0	numKey:1456	owc:0
----- End of taks processed event ----

 INFO 07-15 18:07:35,602 CpuBottleneckDetectorImpl:63 [pool-8-thread-1] - Current cpu load: 0.0, # processed events: 0, consecutive: 0/2, threshold: 0.9 in VM-110
 INFO 07-15 18:07:36,601 SystemLoadProfiler:50 [pool-8-thread-1] - Average CPU Load: 0.0 in VM-110
 INFO 07-15 18:07:36,602 TaskEventRateCalculator:114 [pool-8-thread-1] - ---- Start of task processed event (# tasks: 1 in executor VM-110)----
METRICLOG/VM-110	Stage2-2-0	inputR: 0	inputP:0	output:0	inW:2026-07-15T17:55:35.290Z	ioutW:2026-07-15T17:55:35.290Z	ptime:0	dsertime:0	inbytes:0	sertime:0	outbytes:0	numKey:1456	owc:0
----- End of taks processed event ----

 INFO 07-15 18:07:36,602 CpuBottleneckDetectorImpl:63 [pool-8-thread-1] - Current cpu load: 0.0, # processed events: 0, consecutive: 0/2, threshold: 0.9 in VM-110
 INFO 07-15 18:07:37,601 SystemLoadProfiler:50 [pool-8-thread-1] - Average CPU Load: 0.0 in VM-110
 INFO 07-15 18:07:37,602 TaskEventRateCalculator:114 [pool-8-thread-1] - ---- Start of task processed event (# tasks: 1 in executor VM-110)----
METRICLOG/VM-110	Stage2-2-0	inputR: 0	inputP:0	output:0	inW:2026-07-15T17:55:35.290Z	ioutW:2026-07-15T17:55:35.290Z	ptime:0	dsertime:0	inbytes:0	sertime:0	outbytes:0	numKey:1456	owc:0
----- End of taks processed event ----

 INFO 07-15 18:07:37,602 CpuBottleneckDetectorImpl:63 [pool-8-thread-1] - Current cpu load: 0.0, # processed events: 0, consecutive: 0/2, threshold: 0.9 in VM-110
 INFO 07-15 18:07:38,601 SystemLoadProfiler:50 [pool-8-thread-1] - Average CPU Load: 0.0 in VM-110
 INFO 07-15 18:07:38,602 TaskEventRateCalculator:114 [pool-8-thread-1] - ---- Start of task processed event (# tasks: 1 in executor VM-110)----
METRICLOG/VM-110	Stage2-2-0	inputR: 0	inputP:0	output:0	inW:2026-07-15T17:55:35.290Z	ioutW:2026-07-15T17:55:35.290Z	ptime:0	dsertime:0	inbytes:0	sertime:0	outbytes:0	numKey:1456	owc:0
----- End of taks processed event ----

 INFO 07-15 18:07:38,602 CpuBottleneckDetectorImpl:63 [pool-8-thread-1] - Current cpu load: 0.0, # processed events: 0, consecutive: 0/2, threshold: 0.9 in VM-110
 INFO 07-15 18:07:39,601 SystemLoadProfiler:50 [pool-8-thread-1] - Average CPU Load: 0.0 in VM-110
 INFO 07-15 18:07:39,602 TaskEventRateCalculator:114 [pool-8-thread-1] - ---- Start of task processed event (# tasks: 1 in executor VM-110)----
METRICLOG/VM-110	Stage2-2-0	inputR: 0	inputP:0	output:0	inW:2026-07-15T17:55:35.290Z	ioutW:2026-07-15T17:55:35.290Z	ptime:0	dsertime:0	inbytes:0	sertime:0	outbytes:0	numKey:1456	owc:0
----- End of taks processed event ----

 INFO 07-15 18:07:39,602 CpuBottleneckDetectorImpl:63 [pool-8-thread-1] - Current cpu load: 0.0, # processed events: 0, consecutive: 0/2, threshold: 0.9 in VM-110
 INFO 07-15 18:07:40,601 SystemLoadProfiler:50 [pool-8-thread-1] - Average CPU Load: 0.0 in VM-110
 INFO 07-15 18:07:40,602 TaskEventRateCalculator:114 [pool-8-thread-1] - ---- Start of task processed event (# tasks: 1 in executor VM-110)----
METRICLOG/VM-110	Stage2-2-0	inputR: 0	inputP:0	output:0	inW:2026-07-15T17:55:35.290Z	ioutW:2026-07-15T17:55:35.290Z	ptime:0	dsertime:0	inbytes:0	sertime:0	outbytes:0	numKey:1456	owc:0
----- End of taks processed event ----

 INFO 07-15 18:07:40,602 CpuBottleneckDetectorImpl:63 [pool-8-thread-1] - Current cpu load: 0.0, # processed events: 0, consecutive: 0/2, threshold: 0.9 in VM-110
 INFO 07-15 18:07:41,601 SystemLoadProfiler:50 [pool-8-thread-1] - Average CPU Load: 0.0 in VM-110
 INFO 07-15 18:07:41,602 TaskEventRateCalculator:114 [pool-8-thread-1] - ---- Start of task processed event (# tasks: 1 in executor VM-110)----
METRICLOG/VM-110	Stage2-2-0	inputR: 0	inputP:0	output:0	inW:2026-07-15T17:55:35.290Z	ioutW:2026-07-15T17:55:35.290Z	ptime:0	dsertime:0	inbytes:0	sertime:0	outbytes:0	numKey:1456	owc:0
----- End of taks processed event ----

 INFO 07-15 18:07:41,602 CpuBottleneckDetectorImpl:63 [pool-8-thread-1] - Current cpu load: 0.0, # processed events: 0, consecutive: 0/2, threshold: 0.9 in VM-110
 INFO 07-15 18:07:42,601 SystemLoadProfiler:50 [pool-8-thread-1] - Average CPU Load: 0.0 in VM-110
 INFO 07-15 18:07:42,602 TaskEventRateCalculator:114 [pool-8-thread-1] - ---- Start of task processed event (# tasks: 1 in executor VM-110)----
METRICLOG/VM-110	Stage2-2-0	inputR: 0	inputP:0	output:0	inW:2026-07-15T17:55:35.290Z	ioutW:2026-07-15T17:55:35.290Z	ptime:0	dsertime:0	inbytes:0	sertime:0	outbytes:0	numKey:1456	owc:0
----- End of taks processed event ----

 INFO 07-15 18:07:42,602 CpuBottleneckDetectorImpl:63 [pool-8-thread-1] - Current cpu load: 0.0, # processed events: 0, consecutive: 0/2, threshold: 0.9 in VM-110
 INFO 07-15 18:07:43,601 SystemLoadProfiler:50 [pool-8-thread-1] - Average CPU Load: 0.0 in VM-110
 INFO 07-15 18:07:43,602 TaskEventRateCalculator:114 [pool-8-thread-1] - ---- Start of task processed event (# tasks: 1 in executor VM-110)----
METRICLOG/VM-110	Stage2-2-0	inputR: 0	inputP:0	output:0	inW:2026-07-15T17:55:35.290Z	ioutW:2026-07-15T17:55:35.290Z	ptime:0	dsertime:0	inbytes:0	sertime:0	outbytes:0	numKey:1456	owc:0
----- End of taks processed event ----

 INFO 07-15 18:07:43,602 CpuBottleneckDetectorImpl:63 [pool-8-thread-1] - Current cpu load: 0.0, # processed events: 0, consecutive: 0/2, threshold: 0.9 in VM-110
 INFO 07-15 18:07:44,601 SystemLoadProfiler:50 [pool-8-thread-1] - Average CPU Load: 0.0 in VM-110
 INFO 07-15 18:07:44,602 TaskEventRateCalculator:114 [pool-8-thread-1] - ---- Start of task processed event (# tasks: 1 in executor VM-110)----
METRICLOG/VM-110	Stage2-2-0	inputR: 0	inputP:0	output:0	inW:2026-07-15T17:55:35.290Z	ioutW:2026-07-15T17:55:35.290Z	ptime:0	dsertime:0	inbytes:0	sertime:0	outbytes:0	numKey:1456	owc:0
----- End of taks processed event ----

 INFO 07-15 18:07:44,602 CpuBottleneckDetectorImpl:63 [pool-8-thread-1] - Current cpu load: 0.0, # processed events: 0, consecutive: 0/2, threshold: 0.9 in VM-110
 INFO 07-15 18:07:45,601 SystemLoadProfiler:50 [pool-8-thread-1] - Average CPU Load: 0.0 in VM-110
 INFO 07-15 18:07:45,602 TaskEventRateCalculator:114 [pool-8-thread-1] - ---- Start of task processed event (# tasks: 1 in executor VM-110)----
METRICLOG/VM-110	Stage2-2-0	inputR: 0	inputP:0	output:0	inW:2026-07-15T17:55:35.290Z	ioutW:2026-07-15T17:55:35.290Z	ptime:0	dsertime:0	inbytes:0	sertime:0	outbytes:0	numKey:1456	owc:0
----- End of taks processed event ----

 INFO 07-15 18:07:45,602 CpuBottleneckDetectorImpl:63 [pool-8-thread-1] - Current cpu load: 0.0, # processed events: 0, consecutive: 0/2, threshold: 0.9 in VM-110
 INFO 07-15 18:07:46,601 SystemLoadProfiler:50 [pool-8-thread-1] - Average CPU Load: 0.0 in VM-110
 INFO 07-15 18:07:46,602 TaskEventRateCalculator:114 [pool-8-thread-1] - ---- Start of task processed event (# tasks: 1 in executor VM-110)----
METRICLOG/VM-110	Stage2-2-0	inputR: 0	inputP:0	output:0	inW:2026-07-15T17:55:35.290Z	ioutW:2026-07-15T17:55:35.290Z	ptime:0	dsertime:0	inbytes:0	sertime:0	outbytes:0	numKey:1456	owc:0
----- End of taks processed event ----

 INFO 07-15 18:07:46,602 CpuBottleneckDetectorImpl:63 [pool-8-thread-1] - Current cpu load: 0.0, # processed events: 0, consecutive: 0/2, threshold: 0.9 in VM-110
 INFO 07-15 18:07:47,601 SystemLoadProfiler:50 [pool-8-thread-1] - Average CPU Load: 0.0 in VM-110
 INFO 07-15 18:07:47,602 TaskEventRateCalculator:114 [pool-8-thread-1] - ---- Start of task processed event (# tasks: 1 in executor VM-110)----
METRICLOG/VM-110	Stage2-2-0	inputR: 0	inputP:0	output:0	inW:2026-07-15T17:55:35.290Z	ioutW:2026-07-15T17:55:35.290Z	ptime:0	dsertime:0	inbytes:0	sertime:0	outbytes:0	numKey:1456	owc:0
----- End of taks processed event ----

 INFO 07-15 18:07:47,602 CpuBottleneckDetectorImpl:63 [pool-8-thread-1] - Current cpu load: 0.0, # processed events: 0, consecutive: 0/2, threshold: 0.9 in VM-110
 INFO 07-15 18:07:48,601 SystemLoadProfiler:50 [pool-8-thread-1] - Average CPU Load: 0.0 in VM-110
 INFO 07-15 18:07:48,602 TaskEventRateCalculator:114 [pool-8-thread-1] - ---- Start of task processed event (# tasks: 1 in executor VM-110)----
METRICLOG/VM-110	Stage2-2-0	inputR: 0	inputP:0	output:0	inW:2026-07-15T17:55:35.290Z	ioutW:2026-07-15T17:55:35.290Z	ptime:0	dsertime:0	inbytes:0	sertime:0	outbytes:0	numKey:1456	owc:0
----- End of taks processed event ----

 INFO 07-15 18:07:48,602 CpuBottleneckDetectorImpl:63 [pool-8-thread-1] - Current cpu load: 0.0, # processed events: 0, consecutive: 0/2, threshold: 0.9 in VM-110
 INFO 07-15 18:07:49,601 SystemLoadProfiler:50 [pool-8-thread-1] - Average CPU Load: 0.0 in VM-110
 INFO 07-15 18:07:49,602 TaskEventRateCalculator:114 [pool-8-thread-1] - ---- Start of task processed event (# tasks: 1 in executor VM-110)----
METRICLOG/VM-110	Stage2-2-0	inputR: 0	inputP:0	output:0	inW:2026-07-15T17:55:35.290Z	ioutW:2026-07-15T17:55:35.290Z	ptime:0	dsertime:0	inbytes:0	sertime:0	outbytes:0	numKey:1456	owc:0
----- End of taks processed event ----

 INFO 07-15 18:07:49,602 CpuBottleneckDetectorImpl:63 [pool-8-thread-1] - Current cpu load: 0.0, # processed events: 0, consecutive: 0/2, threshold: 0.9 in VM-110
 INFO 07-15 18:07:50,603 SystemLoadProfiler:50 [pool-8-thread-1] - Average CPU Load: 0.0 in VM-110
 INFO 07-15 18:07:50,604 TaskEventRateCalculator:114 [pool-8-thread-1] - ---- Start of task processed event (# tasks: 1 in executor VM-110)----
METRICLOG/VM-110	Stage2-2-0	inputR: 0	inputP:0	output:0	inW:2026-07-15T17:55:35.290Z	ioutW:2026-07-15T17:55:35.290Z	ptime:0	dsertime:0	inbytes:0	sertime:0	outbytes:0	numKey:1456	owc:0
----- End of taks processed event ----

 INFO 07-15 18:07:50,604 CpuBottleneckDetectorImpl:63 [pool-8-thread-1] - Current cpu load: 0.0, # processed events: 0, consecutive: 0/2, threshold: 0.9 in VM-110
 INFO 07-15 18:07:51,601 SystemLoadProfiler:50 [pool-8-thread-1] - Average CPU Load: 0.0 in VM-110
 INFO 07-15 18:07:51,602 TaskEventRateCalculator:114 [pool-8-thread-1] - ---- Start of task processed event (# tasks: 1 in executor VM-110)----
METRICLOG/VM-110	Stage2-2-0	inputR: 0	inputP:0	output:0	inW:2026-07-15T17:55:35.290Z	ioutW:2026-07-15T17:55:35.290Z	ptime:0	dsertime:0	inbytes:0	sertime:0	outbytes:0	numKey:1456	owc:0
----- End of taks processed event ----

 INFO 07-15 18:07:51,602 CpuBottleneckDetectorImpl:63 [pool-8-thread-1] - Current cpu load: 0.0, # processed events: 0, consecutive: 0/2, threshold: 0.9 in VM-110
 INFO 07-15 18:07:52,601 SystemLoadProfiler:50 [pool-8-thread-1] - Average CPU Load: 0.0 in VM-110
 INFO 07-15 18:07:52,602 TaskEventRateCalculator:114 [pool-8-thread-1] - ---- Start of task processed event (# tasks: 1 in executor VM-110)----
METRICLOG/VM-110	Stage2-2-0	inputR: 0	inputP:0	output:0	inW:2026-07-15T17:55:35.290Z	ioutW:2026-07-15T17:55:35.290Z	ptime:0	dsertime:0	inbytes:0	sertime:0	outbytes:0	numKey:1456	owc:0
----- End of taks processed event ----

 INFO 07-15 18:07:52,602 CpuBottleneckDetectorImpl:63 [pool-8-thread-1] - Current cpu load: 0.0, # processed events: 0, consecutive: 0/2, threshold: 0.9 in VM-110
 INFO 07-15 18:07:53,601 SystemLoadProfiler:50 [pool-8-thread-1] - Average CPU Load: 0.0 in VM-110
 INFO 07-15 18:07:53,602 TaskEventRateCalculator:114 [pool-8-thread-1] - ---- Start of task processed event (# tasks: 1 in executor VM-110)----
METRICLOG/VM-110	Stage2-2-0	inputR: 0	inputP:0	output:0	inW:2026-07-15T17:55:35.290Z	ioutW:2026-07-15T17:55:35.290Z	ptime:0	dsertime:0	inbytes:0	sertime:0	outbytes:0	numKey:1456	owc:0
----- End of taks processed event ----

 INFO 07-15 18:07:53,602 CpuBottleneckDetectorImpl:63 [pool-8-thread-1] - Current cpu load: 0.0, # processed events: 0, consecutive: 0/2, threshold: 0.9 in VM-110
Offloading end
 INFO 07-15 18:07:54,601 SystemLoadProfiler:50 [pool-8-thread-1] - Average CPU Load: 0.0 in VM-110
 INFO 07-15 18:07:54,602 TaskEventRateCalculator:114 [pool-8-thread-1] - ---- Start of task processed event (# tasks: 1 in executor VM-110)----
METRICLOG/VM-110	Stage2-2-0	inputR: 0	inputP:0	output:0	inW:2026-07-15T17:55:35.290Z	ioutW:2026-07-15T17:55:35.290Z	ptime:0	dsertime:0	inbytes:0	sertime:0	outbytes:0	numKey:1456	owc:0
----- End of taks processed event ----

 INFO 07-15 18:07:54,602 CpuBottleneckDetectorImpl:63 [pool-8-thread-1] - Current cpu load: 0.0, # processed events: 0, consecutive: 0/2, threshold: 0.9 in VM-110
 INFO 07-15 18:07:55,601 SystemLoadProfiler:50 [pool-8-thread-1] - Average CPU Load: 0.0 in VM-110
 INFO 07-15 18:07:55,602 TaskEventRateCalculator:114 [pool-8-thread-1] - ---- Start of task processed event (# tasks: 1 in executor VM-110)----
METRICLOG/VM-110	Stage2-2-0	inputR: 0	inputP:0	output:0	inW:2026-07-15T17:55:35.290Z	ioutW:2026-07-15T17:55:35.290Z	ptime:0	dsertime:0	inbytes:0	sertime:0	outbytes:0	numKey:1456	owc:0
----- End of taks processed event ----

 INFO 07-15 18:07:55,602 CpuBottleneckDetectorImpl:63 [pool-8-thread-1] - Current cpu load: 0.0, # processed events: 0, consecutive: 0/2, threshold: 0.9 in VM-110
