SLF4J: Class path contains multiple SLF4J bindings.
SLF4J: Found binding in [jar:file:/tmp/nemo-cloudlab-offload/nemo-client.jar!/org/slf4j/impl/StaticLoggerBinder.class]
SLF4J: Found binding in [jar:file:/tmp/nemo-cloudlab-offload/offloading-vm.jar!/org/slf4j/impl/StaticLoggerBinder.class]
SLF4J: See http://www.slf4j.org/codes.html#multiple_bindings for an explanation.
SLF4J: Actual binding is of type [org.slf4j.impl.Log4jLoggerFactory]
 INFO 07-15 17:52:03,717 VMWorker:132 [main] - Start worker with args 25340, 10000000
 INFO 07-15 17:52:03,819 VMWorker:50 [main] - VM worker port: 25340, timeout: 10000000
 INFO 07-15 17:52:03,965 VMWorker:71 [main] - Server channel binded 25340
 INFO 07-15 17:52:14,942 NettyChannelInitializer:34 [org.apache.nemo.offloading.workers.vm.VMWorkerSourceServerWorker-3-1] - Init channel [id: 0xabc40845, L:/10.10.1.9:25340 - R:/10.10.1.1:56286]
 INFO 07-15 17:52:14,970 VMWorker$NettyServerSideChannelHandler:162 [org.apache.nemo.offloading.workers.vm.VMWorkerSourceServerWorker-3-1] - Channel activate: [id: 0xabc40845, L:/10.10.1.9:25340 - R:/10.10.1.1:56286]
 INFO 07-15 17:55:27,862 NettyChannelInitializer:34 [org.apache.nemo.offloading.workers.vm.VMWorkerSourceServerWorker-3-2] - Init channel [id: 0xbbdfe391, L:/10.10.1.9:25340 - R:/10.10.1.6:53602]
 INFO 07-15 17:55:27,867 VMWorker$NettyServerSideChannelHandler:162 [org.apache.nemo.offloading.workers.vm.VMWorkerSourceServerWorker-3-2] - Channel activate: [id: 0xbbdfe391, L:/10.10.1.9:25340 - R:/10.10.1.6:53602]
 INFO 07-15 17:55:27,894 VMWorker$NettyServerSideChannelHandler:168 [org.apache.nemo.offloading.workers.vm.VMWorkerSourceServerWorker-3-2] - Channel read from [id: 0xbbdfe391, L:/10.10.1.9:25340 - R:/10.10.1.6:53602], OffloadingMasterEvent:SEND_ADDRESS
 INFO 07-15 17:55:27,921 OffloadingHandler:102 [main] - Handler is created!
Receive request {"address":"10.10.1.6", "port": 10751, "requestId": 116}
 INFO 07-15 17:55:27,931 OffloadingHandler:503 [pool-1-thread-1] - Init input {address=10.10.1.6, port=10751, requestId=116}... control channel null
Input: {address=10.10.1.6, port=10751, requestId=116}
 INFO 07-15 17:55:27,936 NettyChannelInitializer:34 [hello-ClientWorker-4-1] - Init channel [id: 0x92bd5b4a]
Open channel: [id: 0x92bd5b4a, L:/10.10.1.9:46386 - R:/10.10.1.6:10751]
Loading jar: [id: 0x92bd5b4a, L:/10.10.1.9:46386 - R:/10.10.1.6:10751]
 INFO 07-15 17:55:27,942 OffloadingHandler:265 [pool-1-thread-1] - Create class loader: {}
Data processing cnt: 0, Write handshake: 11
 INFO 07-15 17:55:27,942 OffloadingHandler:197 [pool-1-thread-1] - Waiting client handshake done..
Worker init... bytes: 113
Before OffloadingTransform: 
 INFO 07-15 17:55:27,969 OffloadingExecutor:106 [pool-2-thread-1] - Offloading executor started 1/{}/true/{}/{}/{}
After OffloadingTransform: 
OffloadingTransform: org.apache.nemo.runtime.lambdaexecutor.general.OffloadingExecutor@40988013
 INFO 07-15 17:55:27,973 OffloadingHandler$LambdaEventHandler:642 [pool-2-thread-1] - Before offloading prepare, stageTaskMap size: 0
 INFO 07-15 17:55:27,986 MonitoringThread:33 [pool-2-thread-1] - Refresh interval: 1000, cpu limit: 1.0
 INFO 07-15 17:55:28,363 NettyWorkerEnvironment$2:273 [pool-2-thread-1] - Send init message from VM-116
Sampling json: {}
 INFO 07-15 17:55:28,535 MonitoringThread:33 [pool-2-thread-1] - Refresh interval: 1000, cpu limit: 1.0
 INFO 07-15 17:55:28,551 NettyVMStateStoreClient:65 [pool-2-thread-1] - VM State store client connected [id: 0xc8a34555, L:/10.10.1.9:39498 - R:node5/10.10.1.6:18011]
 INFO 07-15 17:55:28,555 Executor:600 [pool-2-thread-1] - 
----------EvalConf start---------
enableOffloading: false
enableOffloadingDebug: false
ec2: false
flushBytes: 1000000
flushCount: 1000
flushPeriod: 1000
sampling: {}
bottleneckDetectionPeriod: 1000
bottleneckDectionConsectutive: 2
bottleneckDetectionThreshold: 0.9
deoffloadingThreshold: 0.7
samplingJson: {}
burstyOps: 
isLocalSource: true
sourceParallelism: 4
eventThreshold: 250000
offloadingType: local
middleParallelism: 1
executorThreadNum: 1
taskSlotNum: 10
offExecutorThreadNum: 1
controlLogging: false
autoscaling: true
randomselection: false
awsRegion: ap-northeast-1
throttleRate: 10000000
allocatedCores: 1.0
cpuLimit: 1.0
offloadingCpuLimit: 1.0
numOffloadingWorker: 1
scalingType: migration
offloadingManagerType: shared
awsProfileName: default
latencyLimit: 300000
optimizationPolicy: org.apache.nemo.compiler.optimizer.policy.StreamingPolicy
handlerTimeout: 120
numInitLambda: 1
maxLambda: 1
partialWarmup: false
partialWarmupPeriod: 100
fluidMigration: false
fluidDelay: 1000
stageMoves: 
queryId: 0
-----------EvalConf end----------

 INFO 07-15 17:55:28,555 TaskScheduledMapWorker:46 [pool-2-thread-1] - Initializing executor connection...
 INFO 07-15 17:55:28,561 TaskScheduledMapWorker:52 [pool-2-thread-1] - Task Stage0-0-0 in executor Executor0
 INFO 07-15 17:55:28,561 TaskScheduledMapWorker:52 [pool-2-thread-1] - Task Stage0-1-0 in executor Executor0
 INFO 07-15 17:55:28,561 TaskScheduledMapWorker:52 [pool-2-thread-1] - Task Stage0-2-0 in executor Executor0
 INFO 07-15 17:55:28,561 TaskScheduledMapWorker:52 [pool-2-thread-1] - Task Stage0-3-0 in executor Executor0
 INFO 07-15 17:55:28,561 TaskScheduledMapWorker:52 [pool-2-thread-1] - Task Stage2-3-0 in executor Executor4
 INFO 07-15 17:55:28,561 TaskScheduledMapWorker:52 [pool-2-thread-1] - Task Stage2-2-0 in executor Executor1
 INFO 07-15 17:55:28,561 TaskScheduledMapWorker:52 [pool-2-thread-1] - Task Stage2-1-0 in executor Executor2
 INFO 07-15 17:55:28,561 TaskScheduledMapWorker:52 [pool-2-thread-1] - Task Stage2-0-0 in executor Executor3
 INFO 07-15 17:55:28,561 TaskScheduledMapWorker:52 [pool-2-thread-1] - Task Stage3-0-0 in executor Executor3
 INFO 07-15 17:55:28,562 TaskScheduledMapWorker:52 [pool-2-thread-1] - Task Stage1-3-0 in executor Executor4
 INFO 07-15 17:55:28,562 TaskScheduledMapWorker:52 [pool-2-thread-1] - Task Stage1-1-0 in executor Executor2
 INFO 07-15 17:55:28,562 TaskScheduledMapWorker:52 [pool-2-thread-1] - Task Stage3-3-0 in executor Executor4
 INFO 07-15 17:55:28,562 TaskScheduledMapWorker:52 [pool-2-thread-1] - Task Stage1-2-0 in executor Executor1
 INFO 07-15 17:55:28,562 TaskScheduledMapWorker:52 [pool-2-thread-1] - Task Stage3-2-0 in executor Executor1
 INFO 07-15 17:55:28,562 TaskScheduledMapWorker:52 [pool-2-thread-1] - Task Stage3-1-0 in executor Executor2
 INFO 07-15 17:55:28,562 TaskScheduledMapWorker:52 [pool-2-thread-1] - Task Stage1-0-0 in executor Executor3
 WARN 07-15 17:55:28,567 ExecutorChannelManagerMap:90 [pool-2-thread-1] - Prevent init connection to same executor VM-116 in VM-116
 INFO 07-15 17:55:28,568 ExecutorChannelManagerMap:66 [pool-2-thread-1] - Initializing executor connection VM-116 -> Executor2...
 INFO 07-15 17:55:28,568 ExecutorChannelManagerMap:66 [pool-2-thread-1] - Initializing executor connection VM-116 -> Executor1...
 INFO 07-15 17:55:28,569 ExecutorChannelManagerMap:66 [pool-2-thread-1] - Initializing executor connection VM-116 -> Executor0...
 INFO 07-15 17:55:28,569 ExecutorChannelManagerMap:66 [pool-2-thread-1] - Initializing executor connection VM-116 -> Executor4...
 INFO 07-15 17:55:28,569 ExecutorChannelManagerMap:66 [pool-2-thread-1] - Initializing executor connection VM-116 -> Executor3...
 INFO 07-15 17:55:28,575 ExecutorChannelManagerMap:110 [pool-19-thread-1] - Registering  VM-116 -> Executor2
 INFO 07-15 17:55:28,576 NemoNameResolver:54 [pool-19-thread-1] - Lookup Executor2
 INFO 07-15 17:55:28,582 LambdaByteTransport:98 [pool-19-thread-1] - Address of Executor2: /10.10.1.11:11434
 INFO 07-15 17:55:28,593 ExecutorChannelManagerMap:116 [pool-19-thread-1] - Send register channel message to Executor2 from VM-116, channel [id: 0x3a2b5933, L:/10.10.1.9:45064 - R:/10.10.1.11:11434]
 INFO 07-15 17:55:28,593 ExecutorChannelManagerMap:122 [pool-19-thread-1] - Putting done  VM-116 -> Executor2
 INFO 07-15 17:55:28,593 ExecutorChannelManagerMap:110 [pool-19-thread-5] - Registering  VM-116 -> Executor3
 INFO 07-15 17:55:28,593 NemoNameResolver:54 [pool-19-thread-5] - Lookup Executor3
 INFO 07-15 17:55:28,595 OutputWriterFlusher:50 [byte:client-6-1] - Registering channel [id: 0x3a2b5933, L:/10.10.1.9:45064 - R:/10.10.1.11:11434], # of channel 0
 INFO 07-15 17:55:28,599 LambdaByteTransport:98 [pool-19-thread-5] - Address of Executor3: /10.10.1.12:15544
 INFO 07-15 17:55:28,601 ExecutorChannelManagerMap:116 [pool-19-thread-5] - Send register channel message to Executor3 from VM-116, channel [id: 0xdfe2f392, L:/10.10.1.9:39918 - R:/10.10.1.12:15544]
 INFO 07-15 17:55:28,601 ExecutorChannelManagerMap:122 [pool-19-thread-5] - Putting done  VM-116 -> Executor3
 INFO 07-15 17:55:28,602 ExecutorChannelManagerMap:110 [pool-19-thread-4] - Registering  VM-116 -> Executor4
 INFO 07-15 17:55:28,602 NemoNameResolver:54 [pool-19-thread-4] - Lookup Executor4
 INFO 07-15 17:55:28,602 OutputWriterFlusher:50 [byte:client-6-2] - Registering channel [id: 0xdfe2f392, L:/10.10.1.9:39918 - R:/10.10.1.12:15544], # of channel 1
 INFO 07-15 17:55:28,606 LambdaByteTransport:98 [pool-19-thread-4] - Address of Executor4: /10.10.1.13:13306
 INFO 07-15 17:55:28,608 ExecutorChannelManagerMap:116 [pool-19-thread-4] - Send register channel message to Executor4 from VM-116, channel [id: 0xf3940dba, L:/10.10.1.9:34170 - R:/10.10.1.13:13306]
 INFO 07-15 17:55:28,609 ExecutorChannelManagerMap:122 [pool-19-thread-4] - Putting done  VM-116 -> Executor4
 INFO 07-15 17:55:28,609 ExecutorChannelManagerMap:110 [pool-19-thread-3] - Registering  VM-116 -> Executor0
 INFO 07-15 17:55:28,609 NemoNameResolver:54 [pool-19-thread-3] - Lookup Executor0
 INFO 07-15 17:55:28,610 OutputWriterFlusher:50 [byte:client-6-3] - Registering channel [id: 0xf3940dba, L:/10.10.1.9:34170 - R:/10.10.1.13:13306], # of channel 2
 INFO 07-15 17:55:28,613 LambdaByteTransport:98 [pool-19-thread-3] - Address of Executor0: /10.10.1.6:10273
 INFO 07-15 17:55:28,615 ExecutorChannelManagerMap:116 [pool-19-thread-3] - Send register channel message to Executor0 from VM-116, channel [id: 0xf140bd40, L:/10.10.1.9:40164 - R:/10.10.1.6:10273]
 INFO 07-15 17:55:28,615 ExecutorChannelManagerMap:122 [pool-19-thread-3] - Putting done  VM-116 -> Executor0
 INFO 07-15 17:55:28,617 ExecutorChannelManagerMap:110 [pool-19-thread-2] - Registering  VM-116 -> Executor1
 INFO 07-15 17:55:28,617 NemoNameResolver:54 [pool-19-thread-2] - Lookup Executor1
 INFO 07-15 17:55:28,617 OutputWriterFlusher:50 [byte:client-6-4] - Registering channel [id: 0xf140bd40, L:/10.10.1.9:40164 - R:/10.10.1.6:10273], # of channel 3
 INFO 07-15 17:55:28,619 LambdaByteTransport:98 [pool-19-thread-2] - Address of Executor1: /10.10.1.10:15685
 INFO 07-15 17:55:28,621 ExecutorChannelManagerMap:116 [pool-19-thread-2] - Send register channel message to Executor1 from VM-116, channel [id: 0x4536e027, L:/10.10.1.9:56420 - R:/10.10.1.10:15685]
 INFO 07-15 17:55:28,622 ExecutorChannelManagerMap:122 [pool-19-thread-2] - Putting done  VM-116 -> Executor1
 INFO 07-15 17:55:28,623 OffloadingExecutor:347 [pool-2-thread-1] - Executor thread created: VM-116
 INFO 07-15 17:55:28,623 OffloadingHandler$LambdaEventHandler:651 [pool-2-thread-1] - End of offloading prepare
End of worker init: 658, data channel: 0
 INFO 07-15 17:55:28,625 OutputWriterFlusher:50 [byte:client-6-5] - Registering channel [id: 0x4536e027, L:/10.10.1.9:56420 - R:/10.10.1.10:15685], # of channel 4
 INFO 07-15 17:55:28,942 OffloadingHandler:280 [pool-1-thread-1] - Waiting worker init or end
 INFO 07-15 17:55:28,943 OffloadingHandler:302 [pool-1-thread-1] - try to print worker spec
 INFO 07-15 17:55:28,999 OffloadingHandler:385 [pool-1-thread-1] - Worker info116 machine identifier 4337f8f64a469f3897c80c48baec97ef6a245df7fbcdaf5c58ce3f10961cc19d
 INFO 07-15 17:55:28,999 OffloadingHandler:387 [pool-1-thread-1] - Worker info 116 available processors (cores): 1
 INFO 07-15 17:55:28,999 OffloadingHandler:391 [pool-1-thread-1] - Worker info 116 free memory (bytes): 1566617840
 INFO 07-15 17:55:29,011 OffloadingHandler:397 [pool-1-thread-1] - Worker info 116 mac address 30-3E-A7-1C-F1-6C
 INFO 07-15 17:55:29,012 OffloadingHandler:402 [pool-1-thread-1] - Worker info 116 maximum memory (bytes): 31136546816
 INFO 07-15 17:55:29,013 OffloadingHandler:406 [pool-1-thread-1] - Worker info 116 total memory available to JVM (bytes): 2033385472
 INFO 07-15 17:55:29,013 OffloadingHandler:415 [pool-1-thread-1] - Worker info 116[awt.toolkit] = sun.awt.X11.XToolkit
 INFO 07-15 17:55:29,013 OffloadingHandler:415 [pool-1-thread-1] - Worker info 116[java.specification.version] = 11
 INFO 07-15 17:55:29,013 OffloadingHandler:415 [pool-1-thread-1] - Worker info 116[sun.cpu.isalist] = 
 INFO 07-15 17:55:29,015 OffloadingHandler:415 [pool-1-thread-1] - Worker info 116[sun.jnu.encoding] = UTF-8
 INFO 07-15 17:55:29,015 OffloadingHandler:415 [pool-1-thread-1] - Worker info 116[java.class.path] = /tmp/nemo-cloudlab-offload/nemo-client.jar:/tmp/nemo-cloudlab-offload/nexmark.jar:/tmp/nemo-cloudlab-offload/beam-grpc.jar:/tmp/nemo-cloudlab-offload/offloading-vm.jar
 INFO 07-15 17:55:29,015 OffloadingHandler:415 [pool-1-thread-1] - Worker info 116[java.vm.vendor] = Ubuntu
 INFO 07-15 17:55:29,015 OffloadingHandler:415 [pool-1-thread-1] - Worker info 116[sun.arch.data.model] = 64
 INFO 07-15 17:55:29,015 OffloadingHandler:415 [pool-1-thread-1] - Worker info 116[java.vendor.url] = https://ubuntu.com/
 INFO 07-15 17:55:29,015 OffloadingHandler:415 [pool-1-thread-1] - Worker info 116[user.timezone] = Etc/UTC
 INFO 07-15 17:55:29,015 OffloadingHandler:415 [pool-1-thread-1] - Worker info 116[os.name] = Linux
 INFO 07-15 17:55:29,015 OffloadingHandler:415 [pool-1-thread-1] - Worker info 116[java.vm.specification.version] = 11
 INFO 07-15 17:55:29,018 OffloadingHandler:415 [pool-1-thread-1] - Worker info 116[sun.java.launcher] = SUN_STANDARD
 INFO 07-15 17:55:29,018 OffloadingHandler:415 [pool-1-thread-1] - Worker info 116[sun.boot.library.path] = /usr/lib/jvm/java-11-openjdk-amd64/lib
 INFO 07-15 17:55:29,018 OffloadingHandler:415 [pool-1-thread-1] - Worker info 116[sun.java.command] = org.apache.nemo.offloading.workers.vm.VMWorker 25340 10000000
 INFO 07-15 17:55:29,018 OffloadingHandler:415 [pool-1-thread-1] - Worker info 116[jdk.debug] = release
 INFO 07-15 17:55:29,018 OffloadingHandler:415 [pool-1-thread-1] - Worker info 116[sun.cpu.endian] = little
 INFO 07-15 17:55:29,018 OffloadingHandler:415 [pool-1-thread-1] - Worker info 116[user.home] = /users/akash01
 INFO 07-15 17:55:29,018 OffloadingHandler:415 [pool-1-thread-1] - Worker info 116[user.language] = en
 INFO 07-15 17:55:29,018 OffloadingHandler:415 [pool-1-thread-1] - Worker info 116[java.specification.vendor] = Oracle Corporation
 INFO 07-15 17:55:29,018 OffloadingHandler:415 [pool-1-thread-1] - Worker info 116[java.version.date] = 2026-04-21
 INFO 07-15 17:55:29,019 OffloadingHandler:415 [pool-1-thread-1] - Worker info 116[java.home] = /usr/lib/jvm/java-11-openjdk-amd64
 INFO 07-15 17:55:29,020 OffloadingHandler:415 [pool-1-thread-1] - Worker info 116[file.separator] = /
 INFO 07-15 17:55:29,021 OffloadingHandler:415 [pool-1-thread-1] - Worker info 116[java.vm.compressedOopsMode] = Zero based
 INFO 07-15 17:55:29,021 OffloadingHandler:415 [pool-1-thread-1] - Worker info 116[line.separator] = 

 INFO 07-15 17:55:29,022 OffloadingHandler:415 [pool-1-thread-1] - Worker info 116[java.specification.name] = Java Platform API Specification
 INFO 07-15 17:55:29,022 OffloadingHandler:415 [pool-1-thread-1] - Worker info 116[java.vm.specification.vendor] = Oracle Corporation
 INFO 07-15 17:55:29,022 OffloadingHandler:415 [pool-1-thread-1] - Worker info 116[java.awt.graphicsenv] = sun.awt.X11GraphicsEnvironment
 INFO 07-15 17:55:29,022 OffloadingHandler:415 [pool-1-thread-1] - Worker info 116[sun.management.compiler] = HotSpot 64-Bit Tiered Compilers
 INFO 07-15 17:55:29,022 OffloadingHandler:415 [pool-1-thread-1] - Worker info 116[java.runtime.version] = 11.0.31+11-post-1ubuntu1-22.04.2-Ubuntu
 INFO 07-15 17:55:29,022 OffloadingHandler:415 [pool-1-thread-1] - Worker info 116[user.name] = akash01
 INFO 07-15 17:55:29,023 OffloadingHandler:415 [pool-1-thread-1] - Worker info 116[path.separator] = :
 INFO 07-15 17:55:29,023 OffloadingHandler:415 [pool-1-thread-1] - Worker info 116[os.version] = 5.15.0-177-generic
 INFO 07-15 17:55:29,023 OffloadingHandler:415 [pool-1-thread-1] - Worker info 116[java.runtime.name] = OpenJDK Runtime Environment
 INFO 07-15 17:55:29,024 OffloadingHandler:415 [pool-1-thread-1] - Worker info 116[file.encoding] = UTF-8
 INFO 07-15 17:55:29,024 OffloadingHandler:415 [pool-1-thread-1] - Worker info 116[sun.nio.ch.bugLevel] = 
 INFO 07-15 17:55:29,024 OffloadingHandler:415 [pool-1-thread-1] - Worker info 116[java.vm.name] = OpenJDK 64-Bit Server VM
 INFO 07-15 17:55:29,024 OffloadingHandler:415 [pool-1-thread-1] - Worker info 116[java.vendor.url.bug] = https://bugs.launchpad.net/ubuntu/+source/openjdk-lts
 INFO 07-15 17:55:29,024 OffloadingHandler:415 [pool-1-thread-1] - Worker info 116[java.io.tmpdir] = /tmp
 INFO 07-15 17:55:29,024 OffloadingHandler:415 [pool-1-thread-1] - Worker info 116[java.version] = 11.0.31
 INFO 07-15 17:55:29,025 OffloadingHandler:415 [pool-1-thread-1] - Worker info 116[user.dir] = /users/akash01
 INFO 07-15 17:55:29,025 OffloadingHandler:415 [pool-1-thread-1] - Worker info 116[os.arch] = amd64
 INFO 07-15 17:55:29,025 OffloadingHandler:415 [pool-1-thread-1] - Worker info 116[java.vm.specification.name] = Java Virtual Machine Specification
 INFO 07-15 17:55:29,025 OffloadingHandler:415 [pool-1-thread-1] - Worker info 116[java.awt.printerjob] = sun.print.PSPrinterJob
 INFO 07-15 17:55:29,027 OffloadingHandler:415 [pool-1-thread-1] - Worker info 116[sun.os.patch.level] = unknown
 INFO 07-15 17:55:29,027 OffloadingHandler:415 [pool-1-thread-1] - Worker info 116[java.library.path] = /usr/java/packages/lib:/usr/lib/x86_64-linux-gnu/jni:/lib/x86_64-linux-gnu:/usr/lib/x86_64-linux-gnu:/usr/lib/jni:/lib:/usr/lib
 INFO 07-15 17:55:29,027 OffloadingHandler:415 [pool-1-thread-1] - Worker info 116[java.vm.info] = mixed mode, sharing
 INFO 07-15 17:55:29,028 OffloadingHandler:415 [pool-1-thread-1] - Worker info 116[java.vendor] = Ubuntu
 INFO 07-15 17:55:29,028 OffloadingHandler:415 [pool-1-thread-1] - Worker info 116[java.vm.version] = 11.0.31+11-post-1ubuntu1-22.04.2-Ubuntu
 INFO 07-15 17:55:29,028 OffloadingHandler:415 [pool-1-thread-1] - Worker info 116[java.specification.maintenance.version] = 3
 INFO 07-15 17:55:29,028 OffloadingHandler:415 [pool-1-thread-1] - Worker info 116[sun.io.unicode.encoding] = UnicodeLittle
 INFO 07-15 17:55:29,028 OffloadingHandler:415 [pool-1-thread-1] - Worker info 116[java.class.version] = 55.0
 INFO 07-15 17:55:29,030 OffloadingHandler:423 [pool-1-thread-1] - Worker info 116 current IP address: node8.akash01-310593.nsdi27-casp-pg0.utah.cloudlab.us/128.110.220.10
 INFO 07-15 17:55:29,031 OffloadingHandler:424 [pool-1-thread-1] - Worker info 116 current Hostname: node8.akash01-310593.nsdi27-casp-pg0.utah.cloudlab.us
 INFO 07-15 17:55:29,032 OffloadingHandler:309 [pool-1-thread-1] - Sending worker init done
Wait deactivation
Offloading end
end elapsed time: 24
END of invocation: 27
 INFO 07-15 17:55:29,552 SystemLoadProfiler:50 [pool-8-thread-1] - Average CPU Load: 0.05 in VM-116
 INFO 07-15 17:55:29,555 TaskEventRateCalculator:114 [pool-8-thread-1] - ---- Start of task processed event (# tasks: 0 in executor VM-116)----
----- End of taks processed event ----

 INFO 07-15 17:55:29,556 CpuBottleneckDetectorImpl:63 [pool-8-thread-1] - Current cpu load: 0.05, # processed events: 0, consecutive: 0/2, threshold: 0.9 in VM-116
 INFO 07-15 17:55:30,252 Executor$ExecutorMessageReceiver:1433 [pool-16-thread-1] - Executor registered message received VM-89,VM-122,VM-88,VM-121,VM-87,VM-120,VM-86,VM-85,VM-126,VM-84,VM-125,VM-83,VM-124,VM-82,VM-123,VM-81,VM-119,VM-80,VM-118,VM-117,VM-19,VM-18,VM-17,VM-16,VM-15,VM-14,VM-13,VM-12,VM-133,VM-99,VM-11,VM-132,VM-98,VM-10,VM-131,VM-97,VM-130,VM-96,VM-137,VM-95,VM-136,VM-94,VM-135,VM-93,VM-134,VM-92,VM-91,VM-129,VM-90,VM-128,VM-127,VM-140,VM-69,VM-68,VM-67,VM-144,VM-66,VM-143,VM-65,VM-142,VM-64,VM-141,VM-63,VM-148,VM-62,VM-147,VM-61,VM-146,VM-60,VM-145,VM-139,VM-138,VM-151,VM-150,VM-79,VM-78,VM-155,VM-77,VM-154,VM-76,VM-153,VM-75,VM-152,VM-74,VM-159,VM-73,VM-158,VM-72,VM-157,VM-71,VM-156,VM-70,VM-149,VM-49,VM-48,VM-47,VM-160,VM-46,VM-45,VM-6,VM-44,VM-43,VM-8,VM-42,VM-9,VM-41,VM-40,VM-59,VM-58,VM-57,VM-56,VM-55,VM-54,VM-53,VM-52,VM-51,VM-50,VM-1,VM-2,VM-3,VM-4,VM-5,VM-29,VM-28,VM-27,VM-26,VM-25,VM-24,VM-100,VM-23,VM-22,Executor4,VM-21,Executor3,VM-20,VM-101,VM-39,VM-38,VM-37,VM-36,VM-35,VM-34,VM-33,VM-32,VM-31,VM-30,Executor2,Executor1,Executor0
 WARN 07-15 17:55:30,257 ExecutorChannelManagerMap:95 [pool-16-thread-1] - Cannot connnect VM-116<->VM-89
 WARN 07-15 17:55:30,257 ExecutorChannelManagerMap:95 [pool-16-thread-1] - Cannot connnect VM-116<->VM-122
 WARN 07-15 17:55:30,257 ExecutorChannelManagerMap:95 [pool-16-thread-1] - Cannot connnect VM-116<->VM-88
 WARN 07-15 17:55:30,257 ExecutorChannelManagerMap:95 [pool-16-thread-1] - Cannot connnect VM-116<->VM-121
 WARN 07-15 17:55:30,257 ExecutorChannelManagerMap:95 [pool-16-thread-1] - Cannot connnect VM-116<->VM-87
 WARN 07-15 17:55:30,258 ExecutorChannelManagerMap:95 [pool-16-thread-1] - Cannot connnect VM-116<->VM-120
 WARN 07-15 17:55:30,258 ExecutorChannelManagerMap:95 [pool-16-thread-1] - Cannot connnect VM-116<->VM-86
 WARN 07-15 17:55:30,258 ExecutorChannelManagerMap:95 [pool-16-thread-1] - Cannot connnect VM-116<->VM-85
 WARN 07-15 17:55:30,258 ExecutorChannelManagerMap:95 [pool-16-thread-1] - Cannot connnect VM-116<->VM-126
 WARN 07-15 17:55:30,262 ExecutorChannelManagerMap:95 [pool-16-thread-1] - Cannot connnect VM-116<->VM-84
 WARN 07-15 17:55:30,262 ExecutorChannelManagerMap:95 [pool-16-thread-1] - Cannot connnect VM-116<->VM-125
 WARN 07-15 17:55:30,263 ExecutorChannelManagerMap:95 [pool-16-thread-1] - Cannot connnect VM-116<->VM-83
 WARN 07-15 17:55:30,263 ExecutorChannelManagerMap:95 [pool-16-thread-1] - Cannot connnect VM-116<->VM-124
 WARN 07-15 17:55:30,263 ExecutorChannelManagerMap:95 [pool-16-thread-1] - Cannot connnect VM-116<->VM-82
 WARN 07-15 17:55:30,263 ExecutorChannelManagerMap:95 [pool-16-thread-1] - Cannot connnect VM-116<->VM-123
 WARN 07-15 17:55:30,263 ExecutorChannelManagerMap:95 [pool-16-thread-1] - Cannot connnect VM-116<->VM-81
 WARN 07-15 17:55:30,263 ExecutorChannelManagerMap:95 [pool-16-thread-1] - Cannot connnect VM-116<->VM-119
 WARN 07-15 17:55:30,264 ExecutorChannelManagerMap:95 [pool-16-thread-1] - Cannot connnect VM-116<->VM-80
 WARN 07-15 17:55:30,264 ExecutorChannelManagerMap:95 [pool-16-thread-1] - Cannot connnect VM-116<->VM-118
 WARN 07-15 17:55:30,264 ExecutorChannelManagerMap:95 [pool-16-thread-1] - Cannot connnect VM-116<->VM-117
 WARN 07-15 17:55:30,264 ExecutorChannelManagerMap:95 [pool-16-thread-1] - Cannot connnect VM-116<->VM-19
 WARN 07-15 17:55:30,264 ExecutorChannelManagerMap:95 [pool-16-thread-1] - Cannot connnect VM-116<->VM-18
 WARN 07-15 17:55:30,264 ExecutorChannelManagerMap:95 [pool-16-thread-1] - Cannot connnect VM-116<->VM-17
 WARN 07-15 17:55:30,264 ExecutorChannelManagerMap:95 [pool-16-thread-1] - Cannot connnect VM-116<->VM-16
 WARN 07-15 17:55:30,265 ExecutorChannelManagerMap:95 [pool-16-thread-1] - Cannot connnect VM-116<->VM-15
 WARN 07-15 17:55:30,265 ExecutorChannelManagerMap:95 [pool-16-thread-1] - Cannot connnect VM-116<->VM-14
 WARN 07-15 17:55:30,265 ExecutorChannelManagerMap:95 [pool-16-thread-1] - Cannot connnect VM-116<->VM-13
 WARN 07-15 17:55:30,276 ExecutorChannelManagerMap:95 [pool-16-thread-1] - Cannot connnect VM-116<->VM-12
 WARN 07-15 17:55:30,276 ExecutorChannelManagerMap:95 [pool-16-thread-1] - Cannot connnect VM-116<->VM-133
 WARN 07-15 17:55:30,277 ExecutorChannelManagerMap:95 [pool-16-thread-1] - Cannot connnect VM-116<->VM-99
 WARN 07-15 17:55:30,278 ExecutorChannelManagerMap:95 [pool-16-thread-1] - Cannot connnect VM-116<->VM-11
 WARN 07-15 17:55:30,278 ExecutorChannelManagerMap:95 [pool-16-thread-1] - Cannot connnect VM-116<->VM-132
 WARN 07-15 17:55:30,278 ExecutorChannelManagerMap:95 [pool-16-thread-1] - Cannot connnect VM-116<->VM-98
 WARN 07-15 17:55:30,279 ExecutorChannelManagerMap:95 [pool-16-thread-1] - Cannot connnect VM-116<->VM-10
 WARN 07-15 17:55:30,279 ExecutorChannelManagerMap:95 [pool-16-thread-1] - Cannot connnect VM-116<->VM-131
 WARN 07-15 17:55:30,279 ExecutorChannelManagerMap:95 [pool-16-thread-1] - Cannot connnect VM-116<->VM-97
 WARN 07-15 17:55:30,279 ExecutorChannelManagerMap:95 [pool-16-thread-1] - Cannot connnect VM-116<->VM-130
 WARN 07-15 17:55:30,279 ExecutorChannelManagerMap:95 [pool-16-thread-1] - Cannot connnect VM-116<->VM-96
 WARN 07-15 17:55:30,279 ExecutorChannelManagerMap:95 [pool-16-thread-1] - Cannot connnect VM-116<->VM-137
 WARN 07-15 17:55:30,279 ExecutorChannelManagerMap:95 [pool-16-thread-1] - Cannot connnect VM-116<->VM-95
 WARN 07-15 17:55:30,280 ExecutorChannelManagerMap:95 [pool-16-thread-1] - Cannot connnect VM-116<->VM-136
 WARN 07-15 17:55:30,280 ExecutorChannelManagerMap:95 [pool-16-thread-1] - Cannot connnect VM-116<->VM-94
 WARN 07-15 17:55:30,280 ExecutorChannelManagerMap:95 [pool-16-thread-1] - Cannot connnect VM-116<->VM-135
 WARN 07-15 17:55:30,280 ExecutorChannelManagerMap:95 [pool-16-thread-1] - Cannot connnect VM-116<->VM-93
 WARN 07-15 17:55:30,280 ExecutorChannelManagerMap:95 [pool-16-thread-1] - Cannot connnect VM-116<->VM-134
 WARN 07-15 17:55:30,280 ExecutorChannelManagerMap:95 [pool-16-thread-1] - Cannot connnect VM-116<->VM-92
 WARN 07-15 17:55:30,281 ExecutorChannelManagerMap:95 [pool-16-thread-1] - Cannot connnect VM-116<->VM-91
 WARN 07-15 17:55:30,281 ExecutorChannelManagerMap:95 [pool-16-thread-1] - Cannot connnect VM-116<->VM-129
 WARN 07-15 17:55:30,281 ExecutorChannelManagerMap:95 [pool-16-thread-1] - Cannot connnect VM-116<->VM-90
 WARN 07-15 17:55:30,281 ExecutorChannelManagerMap:95 [pool-16-thread-1] - Cannot connnect VM-116<->VM-128
 WARN 07-15 17:55:30,281 ExecutorChannelManagerMap:95 [pool-16-thread-1] - Cannot connnect VM-116<->VM-127
 WARN 07-15 17:55:30,281 ExecutorChannelManagerMap:95 [pool-16-thread-1] - Cannot connnect VM-116<->VM-140
 WARN 07-15 17:55:30,281 ExecutorChannelManagerMap:95 [pool-16-thread-1] - Cannot connnect VM-116<->VM-69
 WARN 07-15 17:55:30,282 ExecutorChannelManagerMap:95 [pool-16-thread-1] - Cannot connnect VM-116<->VM-68
 WARN 07-15 17:55:30,282 ExecutorChannelManagerMap:95 [pool-16-thread-1] - Cannot connnect VM-116<->VM-67
 WARN 07-15 17:55:30,282 ExecutorChannelManagerMap:95 [pool-16-thread-1] - Cannot connnect VM-116<->VM-144
 WARN 07-15 17:55:30,282 ExecutorChannelManagerMap:95 [pool-16-thread-1] - Cannot connnect VM-116<->VM-66
 WARN 07-15 17:55:30,282 ExecutorChannelManagerMap:95 [pool-16-thread-1] - Cannot connnect VM-116<->VM-143
 WARN 07-15 17:55:30,282 ExecutorChannelManagerMap:95 [pool-16-thread-1] - Cannot connnect VM-116<->VM-65
 WARN 07-15 17:55:30,282 ExecutorChannelManagerMap:95 [pool-16-thread-1] - Cannot connnect VM-116<->VM-142
 WARN 07-15 17:55:30,282 ExecutorChannelManagerMap:95 [pool-16-thread-1] - Cannot connnect VM-116<->VM-64
 WARN 07-15 17:55:30,283 ExecutorChannelManagerMap:95 [pool-16-thread-1] - Cannot connnect VM-116<->VM-141
 WARN 07-15 17:55:30,283 ExecutorChannelManagerMap:95 [pool-16-thread-1] - Cannot connnect VM-116<->VM-63
 WARN 07-15 17:55:30,283 ExecutorChannelManagerMap:95 [pool-16-thread-1] - Cannot connnect VM-116<->VM-148
 WARN 07-15 17:55:30,283 ExecutorChannelManagerMap:95 [pool-16-thread-1] - Cannot connnect VM-116<->VM-62
 WARN 07-15 17:55:30,283 ExecutorChannelManagerMap:95 [pool-16-thread-1] - Cannot connnect VM-116<->VM-147
 WARN 07-15 17:55:30,283 ExecutorChannelManagerMap:95 [pool-16-thread-1] - Cannot connnect VM-116<->VM-61
 WARN 07-15 17:55:30,283 ExecutorChannelManagerMap:95 [pool-16-thread-1] - Cannot connnect VM-116<->VM-146
 WARN 07-15 17:55:30,283 ExecutorChannelManagerMap:95 [pool-16-thread-1] - Cannot connnect VM-116<->VM-60
 WARN 07-15 17:55:30,284 ExecutorChannelManagerMap:95 [pool-16-thread-1] - Cannot connnect VM-116<->VM-145
 WARN 07-15 17:55:30,284 ExecutorChannelManagerMap:95 [pool-16-thread-1] - Cannot connnect VM-116<->VM-139
 WARN 07-15 17:55:30,284 ExecutorChannelManagerMap:95 [pool-16-thread-1] - Cannot connnect VM-116<->VM-138
 WARN 07-15 17:55:30,284 ExecutorChannelManagerMap:95 [pool-16-thread-1] - Cannot connnect VM-116<->VM-151
 WARN 07-15 17:55:30,284 ExecutorChannelManagerMap:95 [pool-16-thread-1] - Cannot connnect VM-116<->VM-150
 WARN 07-15 17:55:30,284 ExecutorChannelManagerMap:95 [pool-16-thread-1] - Cannot connnect VM-116<->VM-79
 WARN 07-15 17:55:30,284 ExecutorChannelManagerMap:95 [pool-16-thread-1] - Cannot connnect VM-116<->VM-78
 WARN 07-15 17:55:30,284 ExecutorChannelManagerMap:95 [pool-16-thread-1] - Cannot connnect VM-116<->VM-155
 WARN 07-15 17:55:30,285 ExecutorChannelManagerMap:95 [pool-16-thread-1] - Cannot connnect VM-116<->VM-77
 WARN 07-15 17:55:30,285 ExecutorChannelManagerMap:95 [pool-16-thread-1] - Cannot connnect VM-116<->VM-154
 WARN 07-15 17:55:30,285 ExecutorChannelManagerMap:95 [pool-16-thread-1] - Cannot connnect VM-116<->VM-76
 WARN 07-15 17:55:30,285 ExecutorChannelManagerMap:95 [pool-16-thread-1] - Cannot connnect VM-116<->VM-153
 WARN 07-15 17:55:30,285 ExecutorChannelManagerMap:95 [pool-16-thread-1] - Cannot connnect VM-116<->VM-75
 WARN 07-15 17:55:30,285 ExecutorChannelManagerMap:95 [pool-16-thread-1] - Cannot connnect VM-116<->VM-152
 WARN 07-15 17:55:30,285 ExecutorChannelManagerMap:95 [pool-16-thread-1] - Cannot connnect VM-116<->VM-74
 WARN 07-15 17:55:30,285 ExecutorChannelManagerMap:95 [pool-16-thread-1] - Cannot connnect VM-116<->VM-159
 WARN 07-15 17:55:30,286 ExecutorChannelManagerMap:95 [pool-16-thread-1] - Cannot connnect VM-116<->VM-73
 WARN 07-15 17:55:30,286 ExecutorChannelManagerMap:95 [pool-16-thread-1] - Cannot connnect VM-116<->VM-158
 WARN 07-15 17:55:30,286 ExecutorChannelManagerMap:95 [pool-16-thread-1] - Cannot connnect VM-116<->VM-72
 WARN 07-15 17:55:30,286 ExecutorChannelManagerMap:95 [pool-16-thread-1] - Cannot connnect VM-116<->VM-157
 WARN 07-15 17:55:30,286 ExecutorChannelManagerMap:95 [pool-16-thread-1] - Cannot connnect VM-116<->VM-71
 WARN 07-15 17:55:30,286 ExecutorChannelManagerMap:95 [pool-16-thread-1] - Cannot connnect VM-116<->VM-156
 WARN 07-15 17:55:30,286 ExecutorChannelManagerMap:95 [pool-16-thread-1] - Cannot connnect VM-116<->VM-70
 WARN 07-15 17:55:30,286 ExecutorChannelManagerMap:95 [pool-16-thread-1] - Cannot connnect VM-116<->VM-149
 WARN 07-15 17:55:30,286 ExecutorChannelManagerMap:95 [pool-16-thread-1] - Cannot connnect VM-116<->VM-49
 WARN 07-15 17:55:30,287 ExecutorChannelManagerMap:95 [pool-16-thread-1] - Cannot connnect VM-116<->VM-48
 WARN 07-15 17:55:30,287 ExecutorChannelManagerMap:95 [pool-16-thread-1] - Cannot connnect VM-116<->VM-47
 WARN 07-15 17:55:30,287 ExecutorChannelManagerMap:95 [pool-16-thread-1] - Cannot connnect VM-116<->VM-160
 WARN 07-15 17:55:30,287 ExecutorChannelManagerMap:95 [pool-16-thread-1] - Cannot connnect VM-116<->VM-46
 WARN 07-15 17:55:30,287 ExecutorChannelManagerMap:95 [pool-16-thread-1] - Cannot connnect VM-116<->VM-45
 WARN 07-15 17:55:30,287 ExecutorChannelManagerMap:95 [pool-16-thread-1] - Cannot connnect VM-116<->VM-6
 WARN 07-15 17:55:30,287 ExecutorChannelManagerMap:95 [pool-16-thread-1] - Cannot connnect VM-116<->VM-44
 WARN 07-15 17:55:30,287 ExecutorChannelManagerMap:95 [pool-16-thread-1] - Cannot connnect VM-116<->VM-43
 WARN 07-15 17:55:30,287 ExecutorChannelManagerMap:95 [pool-16-thread-1] - Cannot connnect VM-116<->VM-8
 WARN 07-15 17:55:30,288 ExecutorChannelManagerMap:95 [pool-16-thread-1] - Cannot connnect VM-116<->VM-42
 WARN 07-15 17:55:30,288 ExecutorChannelManagerMap:95 [pool-16-thread-1] - Cannot connnect VM-116<->VM-9
 WARN 07-15 17:55:30,288 ExecutorChannelManagerMap:95 [pool-16-thread-1] - Cannot connnect VM-116<->VM-41
 WARN 07-15 17:55:30,288 ExecutorChannelManagerMap:95 [pool-16-thread-1] - Cannot connnect VM-116<->VM-40
 WARN 07-15 17:55:30,288 ExecutorChannelManagerMap:95 [pool-16-thread-1] - Cannot connnect VM-116<->VM-59
 WARN 07-15 17:55:30,288 ExecutorChannelManagerMap:95 [pool-16-thread-1] - Cannot connnect VM-116<->VM-58
 WARN 07-15 17:55:30,288 ExecutorChannelManagerMap:95 [pool-16-thread-1] - Cannot connnect VM-116<->VM-57
 WARN 07-15 17:55:30,288 ExecutorChannelManagerMap:95 [pool-16-thread-1] - Cannot connnect VM-116<->VM-56
 WARN 07-15 17:55:30,288 ExecutorChannelManagerMap:95 [pool-16-thread-1] - Cannot connnect VM-116<->VM-55
 WARN 07-15 17:55:30,289 ExecutorChannelManagerMap:95 [pool-16-thread-1] - Cannot connnect VM-116<->VM-54
 WARN 07-15 17:55:30,289 ExecutorChannelManagerMap:95 [pool-16-thread-1] - Cannot connnect VM-116<->VM-53
 WARN 07-15 17:55:30,289 ExecutorChannelManagerMap:95 [pool-16-thread-1] - Cannot connnect VM-116<->VM-52
 WARN 07-15 17:55:30,296 ExecutorChannelManagerMap:95 [pool-16-thread-1] - Cannot connnect VM-116<->VM-51
 WARN 07-15 17:55:30,297 ExecutorChannelManagerMap:95 [pool-16-thread-1] - Cannot connnect VM-116<->VM-50
 INFO 07-15 17:55:30,296 Executor$ExecutorMessageReceiver:1433 [pool-16-thread-2] - Executor registered message received VM-89,VM-122,VM-88,VM-121,VM-87,VM-120,VM-86,VM-85,VM-126,VM-84,VM-125,VM-83,VM-124,VM-82,VM-123,VM-81,VM-119,VM-80,VM-118,VM-117,VM-19,VM-18,VM-17,VM-16,VM-15,VM-14,VM-13,VM-12,VM-133,VM-99,VM-11,VM-132,VM-98,VM-10,VM-131,VM-97,VM-130,VM-96,VM-137,VM-95,VM-136,VM-94,VM-135,VM-93,VM-134,VM-92,VM-91,VM-129,VM-90,VM-128,VM-127,VM-140,VM-69,VM-68,VM-67,VM-144,VM-66,VM-143,VM-65,VM-142,VM-64,VM-141,VM-63,VM-148,VM-62,VM-147,VM-61,VM-146,VM-60,VM-145,VM-139,VM-138,VM-151,VM-150,VM-79,VM-78,VM-155,VM-77,VM-154,VM-76,VM-153,VM-75,VM-152,VM-74,VM-159,VM-73,VM-158,VM-72,VM-157,VM-71,VM-156,VM-70,VM-149,VM-49,VM-48,VM-47,VM-160,VM-46,VM-45,VM-6,VM-44,VM-43,VM-8,VM-42,VM-9,VM-41,VM-40,VM-59,VM-58,VM-57,VM-56,VM-55,VM-54,VM-53,VM-52,VM-51,VM-50,VM-1,VM-2,VM-3,VM-4,VM-5,VM-29,VM-28,VM-27,VM-26,VM-25,VM-24,VM-100,VM-23,VM-22,Executor4,VM-21,Executor3,VM-20,VM-101,VM-39,VM-38,VM-37,VM-36,VM-35,VM-34,VM-33,VM-32,VM-31,VM-30,VM-115,Executor2,Executor1,Executor0
 INFO 07-15 17:55:30,298 Executor$ExecutorMessageReceiver:1433 [pool-16-thread-3] - Executor registered message received VM-89,VM-122,VM-88,VM-121,VM-87,VM-120,VM-86,VM-85,VM-126,VM-84,VM-125,VM-83,VM-124,VM-82,VM-123,VM-81,VM-119,VM-80,VM-118,VM-117,VM-19,VM-18,VM-17,VM-16,VM-15,VM-14,VM-13,VM-12,VM-133,VM-99,VM-11,VM-132,VM-98,VM-10,VM-131,VM-97,VM-130,VM-96,VM-137,VM-95,VM-136,VM-94,VM-135,VM-93,VM-134,VM-92,VM-91,VM-129,VM-90,VM-128,VM-127,VM-140,VM-69,VM-68,VM-67,VM-144,VM-66,VM-143,VM-65,VM-142,VM-64,VM-141,VM-63,VM-148,VM-62,VM-147,VM-61,VM-146,VM-60,VM-145,VM-139,VM-138,VM-151,VM-150,VM-79,VM-78,VM-155,VM-77,VM-154,VM-76,VM-153,VM-75,VM-152,VM-74,VM-159,VM-73,VM-158,VM-72,VM-157,VM-71,VM-156,VM-70,VM-149,VM-49,VM-48,VM-47,VM-160,VM-46,VM-45,VM-6,VM-44,VM-43,VM-8,VM-42,VM-9,VM-41,VM-40,VM-59,VM-58,VM-57,VM-56,VM-55,VM-54,VM-53,VM-52,VM-51,VM-50,VM-1,VM-2,VM-3,VM-4,VM-5,VM-29,VM-28,VM-27,VM-26,VM-25,VM-24,VM-100,VM-23,VM-22,Executor4,VM-21,Executor3,VM-20,VM-101,VM-39,VM-38,VM-37,VM-36,VM-35,VM-34,VM-33,VM-32,VM-31,VM-30,VM-115,VM-114,VM-113,Executor2,Executor1,Executor0
 WARN 07-15 17:55:30,298 ExecutorChannelManagerMap:95 [pool-16-thread-1] - Cannot connnect VM-116<->VM-1
 WARN 07-15 17:55:30,364 ExecutorChannelManagerMap:95 [pool-16-thread-1] - Cannot connnect VM-116<->VM-2
 WARN 07-15 17:55:30,365 ExecutorChannelManagerMap:95 [pool-16-thread-1] - Cannot connnect VM-116<->VM-3
 WARN 07-15 17:55:30,365 ExecutorChannelManagerMap:95 [pool-16-thread-1] - Cannot connnect VM-116<->VM-4
 WARN 07-15 17:55:30,365 ExecutorChannelManagerMap:95 [pool-16-thread-1] - Cannot connnect VM-116<->VM-5
 WARN 07-15 17:55:30,365 ExecutorChannelManagerMap:95 [pool-16-thread-1] - Cannot connnect VM-116<->VM-29
 WARN 07-15 17:55:30,365 ExecutorChannelManagerMap:95 [pool-16-thread-1] - Cannot connnect VM-116<->VM-28
 WARN 07-15 17:55:30,365 ExecutorChannelManagerMap:95 [pool-16-thread-1] - Cannot connnect VM-116<->VM-27
 WARN 07-15 17:55:30,365 ExecutorChannelManagerMap:95 [pool-16-thread-1] - Cannot connnect VM-116<->VM-26
 WARN 07-15 17:55:30,365 ExecutorChannelManagerMap:95 [pool-16-thread-1] - Cannot connnect VM-116<->VM-25
 WARN 07-15 17:55:30,365 ExecutorChannelManagerMap:95 [pool-16-thread-1] - Cannot connnect VM-116<->VM-24
 WARN 07-15 17:55:30,365 ExecutorChannelManagerMap:95 [pool-16-thread-1] - Cannot connnect VM-116<->VM-100
 WARN 07-15 17:55:30,365 ExecutorChannelManagerMap:95 [pool-16-thread-1] - Cannot connnect VM-116<->VM-23
 WARN 07-15 17:55:30,365 ExecutorChannelManagerMap:95 [pool-16-thread-1] - Cannot connnect VM-116<->VM-22
 WARN 07-15 17:55:30,365 ExecutorChannelManagerMap:106 [pool-16-thread-1] - Executor Executor4 already registered
 WARN 07-15 17:55:30,365 ExecutorChannelManagerMap:95 [pool-16-thread-1] - Cannot connnect VM-116<->VM-21
 WARN 07-15 17:55:30,365 ExecutorChannelManagerMap:106 [pool-16-thread-1] - Executor Executor3 already registered
 WARN 07-15 17:55:30,366 ExecutorChannelManagerMap:95 [pool-16-thread-1] - Cannot connnect VM-116<->VM-20
 WARN 07-15 17:55:30,366 ExecutorChannelManagerMap:95 [pool-16-thread-1] - Cannot connnect VM-116<->VM-101
 WARN 07-15 17:55:30,366 ExecutorChannelManagerMap:95 [pool-16-thread-1] - Cannot connnect VM-116<->VM-39
 WARN 07-15 17:55:30,366 ExecutorChannelManagerMap:95 [pool-16-thread-1] - Cannot connnect VM-116<->VM-38
 WARN 07-15 17:55:30,366 ExecutorChannelManagerMap:95 [pool-16-thread-1] - Cannot connnect VM-116<->VM-37
 WARN 07-15 17:55:30,366 ExecutorChannelManagerMap:95 [pool-16-thread-1] - Cannot connnect VM-116<->VM-36
 WARN 07-15 17:55:30,366 ExecutorChannelManagerMap:95 [pool-16-thread-1] - Cannot connnect VM-116<->VM-35
 WARN 07-15 17:55:30,366 ExecutorChannelManagerMap:95 [pool-16-thread-1] - Cannot connnect VM-116<->VM-34
 WARN 07-15 17:55:30,366 ExecutorChannelManagerMap:95 [pool-16-thread-1] - Cannot connnect VM-116<->VM-33
 WARN 07-15 17:55:30,366 ExecutorChannelManagerMap:95 [pool-16-thread-1] - Cannot connnect VM-116<->VM-32
 WARN 07-15 17:55:30,366 ExecutorChannelManagerMap:95 [pool-16-thread-1] - Cannot connnect VM-116<->VM-31
 WARN 07-15 17:55:30,366 ExecutorChannelManagerMap:95 [pool-16-thread-1] - Cannot connnect VM-116<->VM-30
 WARN 07-15 17:55:30,366 ExecutorChannelManagerMap:106 [pool-16-thread-1] - Executor Executor2 already registered
 WARN 07-15 17:55:30,366 ExecutorChannelManagerMap:106 [pool-16-thread-1] - Executor Executor1 already registered
 WARN 07-15 17:55:30,366 ExecutorChannelManagerMap:106 [pool-16-thread-1] - Executor Executor0 already registered
 WARN 07-15 17:55:30,367 ExecutorChannelManagerMap:95 [pool-16-thread-3] - Cannot connnect VM-116<->VM-89
 WARN 07-15 17:55:30,373 ExecutorChannelManagerMap:95 [pool-16-thread-3] - Cannot connnect VM-116<->VM-122
 WARN 07-15 17:55:30,373 ExecutorChannelManagerMap:95 [pool-16-thread-3] - Cannot connnect VM-116<->VM-88
 WARN 07-15 17:55:30,374 ExecutorChannelManagerMap:95 [pool-16-thread-3] - Cannot connnect VM-116<->VM-121
 WARN 07-15 17:55:30,374 ExecutorChannelManagerMap:95 [pool-16-thread-3] - Cannot connnect VM-116<->VM-87
 WARN 07-15 17:55:30,374 ExecutorChannelManagerMap:95 [pool-16-thread-3] - Cannot connnect VM-116<->VM-120
 WARN 07-15 17:55:30,374 ExecutorChannelManagerMap:95 [pool-16-thread-3] - Cannot connnect VM-116<->VM-86
 WARN 07-15 17:55:30,374 ExecutorChannelManagerMap:95 [pool-16-thread-3] - Cannot connnect VM-116<->VM-85
 WARN 07-15 17:55:30,374 ExecutorChannelManagerMap:95 [pool-16-thread-3] - Cannot connnect VM-116<->VM-126
 WARN 07-15 17:55:30,374 ExecutorChannelManagerMap:95 [pool-16-thread-3] - Cannot connnect VM-116<->VM-84
 WARN 07-15 17:55:30,374 ExecutorChannelManagerMap:95 [pool-16-thread-3] - Cannot connnect VM-116<->VM-125
 WARN 07-15 17:55:30,374 ExecutorChannelManagerMap:95 [pool-16-thread-3] - Cannot connnect VM-116<->VM-83
 WARN 07-15 17:55:30,374 ExecutorChannelManagerMap:95 [pool-16-thread-3] - Cannot connnect VM-116<->VM-124
 WARN 07-15 17:55:30,374 ExecutorChannelManagerMap:95 [pool-16-thread-3] - Cannot connnect VM-116<->VM-82
 WARN 07-15 17:55:30,374 ExecutorChannelManagerMap:95 [pool-16-thread-3] - Cannot connnect VM-116<->VM-123
 WARN 07-15 17:55:30,374 ExecutorChannelManagerMap:95 [pool-16-thread-3] - Cannot connnect VM-116<->VM-81
 WARN 07-15 17:55:30,374 ExecutorChannelManagerMap:95 [pool-16-thread-3] - Cannot connnect VM-116<->VM-119
 WARN 07-15 17:55:30,374 ExecutorChannelManagerMap:95 [pool-16-thread-3] - Cannot connnect VM-116<->VM-80
 WARN 07-15 17:55:30,374 ExecutorChannelManagerMap:95 [pool-16-thread-3] - Cannot connnect VM-116<->VM-118
 WARN 07-15 17:55:30,375 ExecutorChannelManagerMap:95 [pool-16-thread-3] - Cannot connnect VM-116<->VM-117
 WARN 07-15 17:55:30,375 ExecutorChannelManagerMap:95 [pool-16-thread-3] - Cannot connnect VM-116<->VM-19
 WARN 07-15 17:55:30,375 ExecutorChannelManagerMap:95 [pool-16-thread-3] - Cannot connnect VM-116<->VM-18
 WARN 07-15 17:55:30,375 ExecutorChannelManagerMap:95 [pool-16-thread-3] - Cannot connnect VM-116<->VM-17
 WARN 07-15 17:55:30,375 ExecutorChannelManagerMap:95 [pool-16-thread-3] - Cannot connnect VM-116<->VM-16
 WARN 07-15 17:55:30,375 ExecutorChannelManagerMap:95 [pool-16-thread-3] - Cannot connnect VM-116<->VM-15
 WARN 07-15 17:55:30,375 ExecutorChannelManagerMap:95 [pool-16-thread-3] - Cannot connnect VM-116<->VM-14
 WARN 07-15 17:55:30,375 ExecutorChannelManagerMap:95 [pool-16-thread-3] - Cannot connnect VM-116<->VM-13
 WARN 07-15 17:55:30,375 ExecutorChannelManagerMap:95 [pool-16-thread-3] - Cannot connnect VM-116<->VM-12
 WARN 07-15 17:55:30,375 ExecutorChannelManagerMap:95 [pool-16-thread-3] - Cannot connnect VM-116<->VM-133
 WARN 07-15 17:55:30,375 ExecutorChannelManagerMap:95 [pool-16-thread-3] - Cannot connnect VM-116<->VM-99
 WARN 07-15 17:55:30,375 ExecutorChannelManagerMap:95 [pool-16-thread-3] - Cannot connnect VM-116<->VM-11
 WARN 07-15 17:55:30,375 ExecutorChannelManagerMap:95 [pool-16-thread-3] - Cannot connnect VM-116<->VM-132
 WARN 07-15 17:55:30,375 ExecutorChannelManagerMap:95 [pool-16-thread-3] - Cannot connnect VM-116<->VM-98
 WARN 07-15 17:55:30,375 ExecutorChannelManagerMap:95 [pool-16-thread-3] - Cannot connnect VM-116<->VM-10
 WARN 07-15 17:55:30,375 ExecutorChannelManagerMap:95 [pool-16-thread-3] - Cannot connnect VM-116<->VM-131
 WARN 07-15 17:55:30,376 ExecutorChannelManagerMap:95 [pool-16-thread-3] - Cannot connnect VM-116<->VM-97
 WARN 07-15 17:55:30,376 ExecutorChannelManagerMap:95 [pool-16-thread-3] - Cannot connnect VM-116<->VM-130
 WARN 07-15 17:55:30,376 ExecutorChannelManagerMap:95 [pool-16-thread-3] - Cannot connnect VM-116<->VM-96
 WARN 07-15 17:55:30,376 ExecutorChannelManagerMap:95 [pool-16-thread-3] - Cannot connnect VM-116<->VM-137
 WARN 07-15 17:55:30,376 ExecutorChannelManagerMap:95 [pool-16-thread-3] - Cannot connnect VM-116<->VM-95
 WARN 07-15 17:55:30,376 ExecutorChannelManagerMap:95 [pool-16-thread-3] - Cannot connnect VM-116<->VM-136
 WARN 07-15 17:55:30,376 ExecutorChannelManagerMap:95 [pool-16-thread-3] - Cannot connnect VM-116<->VM-94
 WARN 07-15 17:55:30,376 ExecutorChannelManagerMap:95 [pool-16-thread-3] - Cannot connnect VM-116<->VM-135
 WARN 07-15 17:55:30,376 ExecutorChannelManagerMap:95 [pool-16-thread-3] - Cannot connnect VM-116<->VM-93
 WARN 07-15 17:55:30,376 ExecutorChannelManagerMap:95 [pool-16-thread-3] - Cannot connnect VM-116<->VM-134
 WARN 07-15 17:55:30,376 ExecutorChannelManagerMap:95 [pool-16-thread-3] - Cannot connnect VM-116<->VM-92
 WARN 07-15 17:55:30,376 ExecutorChannelManagerMap:95 [pool-16-thread-3] - Cannot connnect VM-116<->VM-91
 WARN 07-15 17:55:30,376 ExecutorChannelManagerMap:95 [pool-16-thread-3] - Cannot connnect VM-116<->VM-129
 WARN 07-15 17:55:30,376 ExecutorChannelManagerMap:95 [pool-16-thread-3] - Cannot connnect VM-116<->VM-90
 WARN 07-15 17:55:30,376 ExecutorChannelManagerMap:95 [pool-16-thread-3] - Cannot connnect VM-116<->VM-128
 WARN 07-15 17:55:30,376 ExecutorChannelManagerMap:95 [pool-16-thread-3] - Cannot connnect VM-116<->VM-127
 WARN 07-15 17:55:30,376 ExecutorChannelManagerMap:95 [pool-16-thread-3] - Cannot connnect VM-116<->VM-140
 WARN 07-15 17:55:30,377 ExecutorChannelManagerMap:95 [pool-16-thread-3] - Cannot connnect VM-116<->VM-69
 WARN 07-15 17:55:30,377 ExecutorChannelManagerMap:95 [pool-16-thread-3] - Cannot connnect VM-116<->VM-68
 WARN 07-15 17:55:30,377 ExecutorChannelManagerMap:95 [pool-16-thread-3] - Cannot connnect VM-116<->VM-67
 WARN 07-15 17:55:30,377 ExecutorChannelManagerMap:95 [pool-16-thread-3] - Cannot connnect VM-116<->VM-144
 WARN 07-15 17:55:30,377 ExecutorChannelManagerMap:95 [pool-16-thread-3] - Cannot connnect VM-116<->VM-66
 WARN 07-15 17:55:30,377 ExecutorChannelManagerMap:95 [pool-16-thread-3] - Cannot connnect VM-116<->VM-143
 WARN 07-15 17:55:30,377 ExecutorChannelManagerMap:95 [pool-16-thread-3] - Cannot connnect VM-116<->VM-65
 WARN 07-15 17:55:30,377 ExecutorChannelManagerMap:95 [pool-16-thread-3] - Cannot connnect VM-116<->VM-142
 WARN 07-15 17:55:30,398 ExecutorChannelManagerMap:95 [pool-16-thread-3] - Cannot connnect VM-116<->VM-64
 WARN 07-15 17:55:30,398 ExecutorChannelManagerMap:95 [pool-16-thread-3] - Cannot connnect VM-116<->VM-141
 WARN 07-15 17:55:30,398 ExecutorChannelManagerMap:95 [pool-16-thread-3] - Cannot connnect VM-116<->VM-63
 WARN 07-15 17:55:30,398 ExecutorChannelManagerMap:95 [pool-16-thread-3] - Cannot connnect VM-116<->VM-148
 WARN 07-15 17:55:30,398 ExecutorChannelManagerMap:95 [pool-16-thread-3] - Cannot connnect VM-116<->VM-62
 WARN 07-15 17:55:30,398 ExecutorChannelManagerMap:95 [pool-16-thread-3] - Cannot connnect VM-116<->VM-147
 WARN 07-15 17:55:30,398 ExecutorChannelManagerMap:95 [pool-16-thread-3] - Cannot connnect VM-116<->VM-61
 WARN 07-15 17:55:30,398 ExecutorChannelManagerMap:95 [pool-16-thread-3] - Cannot connnect VM-116<->VM-146
 WARN 07-15 17:55:30,398 ExecutorChannelManagerMap:95 [pool-16-thread-3] - Cannot connnect VM-116<->VM-60
 WARN 07-15 17:55:30,398 ExecutorChannelManagerMap:95 [pool-16-thread-3] - Cannot connnect VM-116<->VM-145
 WARN 07-15 17:55:30,398 ExecutorChannelManagerMap:95 [pool-16-thread-3] - Cannot connnect VM-116<->VM-139
 WARN 07-15 17:55:30,398 ExecutorChannelManagerMap:95 [pool-16-thread-3] - Cannot connnect VM-116<->VM-138
 WARN 07-15 17:55:30,399 ExecutorChannelManagerMap:95 [pool-16-thread-3] - Cannot connnect VM-116<->VM-151
 WARN 07-15 17:55:30,399 ExecutorChannelManagerMap:95 [pool-16-thread-3] - Cannot connnect VM-116<->VM-150
 WARN 07-15 17:55:30,399 ExecutorChannelManagerMap:95 [pool-16-thread-3] - Cannot connnect VM-116<->VM-79
 WARN 07-15 17:55:30,399 ExecutorChannelManagerMap:95 [pool-16-thread-3] - Cannot connnect VM-116<->VM-78
 WARN 07-15 17:55:30,399 ExecutorChannelManagerMap:95 [pool-16-thread-3] - Cannot connnect VM-116<->VM-155
 WARN 07-15 17:55:30,399 ExecutorChannelManagerMap:95 [pool-16-thread-3] - Cannot connnect VM-116<->VM-77
 WARN 07-15 17:55:30,399 ExecutorChannelManagerMap:95 [pool-16-thread-3] - Cannot connnect VM-116<->VM-154
 WARN 07-15 17:55:30,399 ExecutorChannelManagerMap:95 [pool-16-thread-3] - Cannot connnect VM-116<->VM-76
 WARN 07-15 17:55:30,399 ExecutorChannelManagerMap:95 [pool-16-thread-3] - Cannot connnect VM-116<->VM-153
 WARN 07-15 17:55:30,399 ExecutorChannelManagerMap:95 [pool-16-thread-3] - Cannot connnect VM-116<->VM-75
 WARN 07-15 17:55:30,399 ExecutorChannelManagerMap:95 [pool-16-thread-3] - Cannot connnect VM-116<->VM-152
 WARN 07-15 17:55:30,399 ExecutorChannelManagerMap:95 [pool-16-thread-3] - Cannot connnect VM-116<->VM-74
 WARN 07-15 17:55:30,399 ExecutorChannelManagerMap:95 [pool-16-thread-3] - Cannot connnect VM-116<->VM-159
 WARN 07-15 17:55:30,399 ExecutorChannelManagerMap:95 [pool-16-thread-3] - Cannot connnect VM-116<->VM-73
 WARN 07-15 17:55:30,399 ExecutorChannelManagerMap:95 [pool-16-thread-3] - Cannot connnect VM-116<->VM-158
 WARN 07-15 17:55:30,399 ExecutorChannelManagerMap:95 [pool-16-thread-3] - Cannot connnect VM-116<->VM-72
 WARN 07-15 17:55:30,399 ExecutorChannelManagerMap:95 [pool-16-thread-3] - Cannot connnect VM-116<->VM-157
 WARN 07-15 17:55:30,399 ExecutorChannelManagerMap:95 [pool-16-thread-3] - Cannot connnect VM-116<->VM-71
 WARN 07-15 17:55:30,399 ExecutorChannelManagerMap:95 [pool-16-thread-3] - Cannot connnect VM-116<->VM-156
 WARN 07-15 17:55:30,400 ExecutorChannelManagerMap:95 [pool-16-thread-3] - Cannot connnect VM-116<->VM-70
 WARN 07-15 17:55:30,400 ExecutorChannelManagerMap:95 [pool-16-thread-3] - Cannot connnect VM-116<->VM-149
 WARN 07-15 17:55:30,400 ExecutorChannelManagerMap:95 [pool-16-thread-3] - Cannot connnect VM-116<->VM-49
 WARN 07-15 17:55:30,400 ExecutorChannelManagerMap:95 [pool-16-thread-3] - Cannot connnect VM-116<->VM-48
 WARN 07-15 17:55:30,400 ExecutorChannelManagerMap:95 [pool-16-thread-3] - Cannot connnect VM-116<->VM-47
 WARN 07-15 17:55:30,400 ExecutorChannelManagerMap:95 [pool-16-thread-3] - Cannot connnect VM-116<->VM-160
 WARN 07-15 17:55:30,400 ExecutorChannelManagerMap:95 [pool-16-thread-3] - Cannot connnect VM-116<->VM-46
 WARN 07-15 17:55:30,400 ExecutorChannelManagerMap:95 [pool-16-thread-3] - Cannot connnect VM-116<->VM-45
 WARN 07-15 17:55:30,400 ExecutorChannelManagerMap:95 [pool-16-thread-3] - Cannot connnect VM-116<->VM-6
 WARN 07-15 17:55:30,400 ExecutorChannelManagerMap:95 [pool-16-thread-3] - Cannot connnect VM-116<->VM-44
 WARN 07-15 17:55:30,400 ExecutorChannelManagerMap:95 [pool-16-thread-3] - Cannot connnect VM-116<->VM-43
 WARN 07-15 17:55:30,400 ExecutorChannelManagerMap:95 [pool-16-thread-3] - Cannot connnect VM-116<->VM-8
 WARN 07-15 17:55:30,400 ExecutorChannelManagerMap:95 [pool-16-thread-3] - Cannot connnect VM-116<->VM-42
 WARN 07-15 17:55:30,400 ExecutorChannelManagerMap:95 [pool-16-thread-3] - Cannot connnect VM-116<->VM-9
 WARN 07-15 17:55:30,400 ExecutorChannelManagerMap:95 [pool-16-thread-3] - Cannot connnect VM-116<->VM-41
 WARN 07-15 17:55:30,400 ExecutorChannelManagerMap:95 [pool-16-thread-3] - Cannot connnect VM-116<->VM-40
 WARN 07-15 17:55:30,400 ExecutorChannelManagerMap:95 [pool-16-thread-3] - Cannot connnect VM-116<->VM-59
 WARN 07-15 17:55:30,400 ExecutorChannelManagerMap:95 [pool-16-thread-3] - Cannot connnect VM-116<->VM-58
 WARN 07-15 17:55:30,400 ExecutorChannelManagerMap:95 [pool-16-thread-3] - Cannot connnect VM-116<->VM-57
 WARN 07-15 17:55:30,401 ExecutorChannelManagerMap:95 [pool-16-thread-3] - Cannot connnect VM-116<->VM-56
 WARN 07-15 17:55:30,401 ExecutorChannelManagerMap:95 [pool-16-thread-3] - Cannot connnect VM-116<->VM-55
 WARN 07-15 17:55:30,401 ExecutorChannelManagerMap:95 [pool-16-thread-3] - Cannot connnect VM-116<->VM-54
 WARN 07-15 17:55:30,401 ExecutorChannelManagerMap:95 [pool-16-thread-3] - Cannot connnect VM-116<->VM-53
 WARN 07-15 17:55:30,401 ExecutorChannelManagerMap:95 [pool-16-thread-3] - Cannot connnect VM-116<->VM-52
 WARN 07-15 17:55:30,401 ExecutorChannelManagerMap:95 [pool-16-thread-3] - Cannot connnect VM-116<->VM-51
 WARN 07-15 17:55:30,401 ExecutorChannelManagerMap:95 [pool-16-thread-3] - Cannot connnect VM-116<->VM-50
 WARN 07-15 17:55:30,401 ExecutorChannelManagerMap:95 [pool-16-thread-3] - Cannot connnect VM-116<->VM-1
 WARN 07-15 17:55:30,404 ExecutorChannelManagerMap:95 [pool-16-thread-3] - Cannot connnect VM-116<->VM-2
 WARN 07-15 17:55:30,404 ExecutorChannelManagerMap:95 [pool-16-thread-3] - Cannot connnect VM-116<->VM-3
 WARN 07-15 17:55:30,404 ExecutorChannelManagerMap:95 [pool-16-thread-3] - Cannot connnect VM-116<->VM-4
 WARN 07-15 17:55:30,405 ExecutorChannelManagerMap:95 [pool-16-thread-3] - Cannot connnect VM-116<->VM-5
 WARN 07-15 17:55:30,405 ExecutorChannelManagerMap:95 [pool-16-thread-3] - Cannot connnect VM-116<->VM-29
 WARN 07-15 17:55:30,405 ExecutorChannelManagerMap:95 [pool-16-thread-3] - Cannot connnect VM-116<->VM-28
 WARN 07-15 17:55:30,405 ExecutorChannelManagerMap:95 [pool-16-thread-3] - Cannot connnect VM-116<->VM-27
 WARN 07-15 17:55:30,405 ExecutorChannelManagerMap:95 [pool-16-thread-3] - Cannot connnect VM-116<->VM-26
 WARN 07-15 17:55:30,405 ExecutorChannelManagerMap:95 [pool-16-thread-3] - Cannot connnect VM-116<->VM-25
 WARN 07-15 17:55:30,405 ExecutorChannelManagerMap:95 [pool-16-thread-3] - Cannot connnect VM-116<->VM-24
 WARN 07-15 17:55:30,405 ExecutorChannelManagerMap:95 [pool-16-thread-3] - Cannot connnect VM-116<->VM-100
 WARN 07-15 17:55:30,405 ExecutorChannelManagerMap:95 [pool-16-thread-3] - Cannot connnect VM-116<->VM-23
 WARN 07-15 17:55:30,405 ExecutorChannelManagerMap:95 [pool-16-thread-3] - Cannot connnect VM-116<->VM-22
 WARN 07-15 17:55:30,405 ExecutorChannelManagerMap:106 [pool-16-thread-3] - Executor Executor4 already registered
 WARN 07-15 17:55:30,405 ExecutorChannelManagerMap:95 [pool-16-thread-3] - Cannot connnect VM-116<->VM-21
 WARN 07-15 17:55:30,405 ExecutorChannelManagerMap:106 [pool-16-thread-3] - Executor Executor3 already registered
 WARN 07-15 17:55:30,405 ExecutorChannelManagerMap:95 [pool-16-thread-3] - Cannot connnect VM-116<->VM-20
 WARN 07-15 17:55:30,405 ExecutorChannelManagerMap:95 [pool-16-thread-3] - Cannot connnect VM-116<->VM-101
 INFO 07-15 17:55:30,361 Executor$ExecutorMessageReceiver:1433 [pool-16-thread-6] - Executor registered message received VM-89,VM-122,VM-88,VM-121,VM-87,VM-120,VM-86,VM-85,VM-126,VM-84,VM-125,VM-83,VM-124,VM-82,VM-123,VM-81,VM-119,VM-80,VM-118,VM-117,VM-19,VM-18,VM-17,VM-16,VM-15,VM-14,VM-13,VM-12,VM-133,VM-99,VM-11,VM-132,VM-98,VM-10,VM-131,VM-97,VM-130,VM-96,VM-137,VM-95,VM-136,VM-94,VM-135,VM-93,VM-134,VM-92,VM-91,VM-129,VM-90,VM-128,VM-127,VM-140,VM-69,VM-68,VM-67,VM-144,VM-66,VM-143,VM-65,VM-142,VM-64,VM-141,VM-63,VM-148,VM-62,VM-147,VM-61,VM-146,VM-60,VM-145,VM-139,VM-138,VM-151,VM-150,VM-79,VM-78,VM-155,VM-77,VM-154,VM-76,VM-153,VM-75,VM-152,VM-74,VM-159,VM-73,VM-158,VM-72,VM-157,VM-71,VM-156,VM-70,VM-149,VM-49,VM-48,VM-47,VM-160,VM-46,VM-45,VM-6,VM-44,VM-7,VM-43,VM-8,VM-42,VM-9,VM-41,VM-40,VM-59,VM-58,VM-57,VM-56,VM-55,VM-54,VM-53,VM-52,VM-51,VM-50,VM-1,VM-2,VM-3,VM-4,VM-5,VM-29,VM-28,VM-27,VM-26,VM-25,VM-24,VM-100,VM-23,VM-22,Executor4,VM-21,Executor3,VM-20,VM-104,VM-103,VM-102,VM-101,VM-39,VM-38,VM-37,VM-36,VM-35,VM-34,VM-111,VM-33,VM-110,VM-32,VM-31,VM-30,VM-115,VM-114,VM-113,VM-112,VM-108,VM-107,VM-106,VM-105,Executor2,Executor1,Executor0,VM-109
 INFO 07-15 17:55:30,361 Executor$ExecutorMessageReceiver:1433 [pool-16-thread-5] - Executor registered message received VM-89,VM-122,VM-88,VM-121,VM-87,VM-120,VM-86,VM-85,VM-126,VM-84,VM-125,VM-83,VM-124,VM-82,VM-123,VM-81,VM-119,VM-80,VM-118,VM-117,VM-19,VM-18,VM-17,VM-16,VM-15,VM-14,VM-13,VM-12,VM-133,VM-99,VM-11,VM-132,VM-98,VM-10,VM-131,VM-97,VM-130,VM-96,VM-137,VM-95,VM-136,VM-94,VM-135,VM-93,VM-134,VM-92,VM-91,VM-129,VM-90,VM-128,VM-127,VM-140,VM-69,VM-68,VM-67,VM-144,VM-66,VM-143,VM-65,VM-142,VM-64,VM-141,VM-63,VM-148,VM-62,VM-147,VM-61,VM-146,VM-60,VM-145,VM-139,VM-138,VM-151,VM-150,VM-79,VM-78,VM-155,VM-77,VM-154,VM-76,VM-153,VM-75,VM-152,VM-74,VM-159,VM-73,VM-158,VM-72,VM-157,VM-71,VM-156,VM-70,VM-149,VM-49,VM-48,VM-47,VM-160,VM-46,VM-45,VM-6,VM-44,VM-7,VM-43,VM-8,VM-42,VM-9,VM-41,VM-40,VM-59,VM-58,VM-57,VM-56,VM-55,VM-54,VM-53,VM-52,VM-51,VM-50,VM-1,VM-2,VM-3,VM-4,VM-5,VM-29,VM-28,VM-27,VM-26,VM-25,VM-24,VM-100,VM-23,VM-22,Executor4,VM-21,Executor3,VM-20,VM-101,VM-39,VM-38,VM-37,VM-36,VM-35,VM-34,VM-33,VM-32,VM-31,VM-30,VM-115,VM-114,VM-113,Executor2,Executor1,Executor0
 INFO 07-15 17:55:30,355 Executor$ExecutorMessageReceiver:1433 [pool-16-thread-4] - Executor registered message received VM-89,VM-122,VM-88,VM-121,VM-87,VM-120,VM-86,VM-85,VM-126,VM-84,VM-125,VM-83,VM-124,VM-82,VM-123,VM-81,VM-119,VM-80,VM-118,VM-117,VM-19,VM-18,VM-17,VM-16,VM-15,VM-14,VM-13,VM-12,VM-133,VM-99,VM-11,VM-132,VM-98,VM-10,VM-131,VM-97,VM-130,VM-96,VM-137,VM-95,VM-136,VM-94,VM-135,VM-93,VM-134,VM-92,VM-91,VM-129,VM-90,VM-128,VM-127,VM-140,VM-69,VM-68,VM-67,VM-144,VM-66,VM-143,VM-65,VM-142,VM-64,VM-141,VM-63,VM-148,VM-62,VM-147,VM-61,VM-146,VM-60,VM-145,VM-139,VM-138,VM-151,VM-150,VM-79,VM-78,VM-155,VM-77,VM-154,VM-76,VM-153,VM-75,VM-152,VM-74,VM-159,VM-73,VM-158,VM-72,VM-157,VM-71,VM-156,VM-70,VM-149,VM-49,VM-48,VM-47,VM-160,VM-46,VM-45,VM-6,VM-44,VM-43,VM-8,VM-42,VM-9,VM-41,VM-40,VM-59,VM-58,VM-57,VM-56,VM-55,VM-54,VM-53,VM-52,VM-51,VM-50,VM-1,VM-2,VM-3,VM-4,VM-5,VM-29,VM-28,VM-27,VM-26,VM-25,VM-24,VM-100,VM-23,VM-22,Executor4,VM-21,Executor3,VM-20,VM-101,VM-39,VM-38,VM-37,VM-36,VM-35,VM-34,VM-33,VM-32,VM-31,VM-30,VM-115,VM-114,Executor2,Executor1,Executor0
 INFO 07-15 17:55:30,409 Executor$ExecutorMessageReceiver:1433 [pool-16-thread-10] - Executor registered message received VM-89,VM-122,VM-88,VM-121,VM-87,VM-120,VM-86,VM-85,VM-126,VM-84,VM-125,VM-83,VM-124,VM-82,VM-123,VM-81,VM-119,VM-80,VM-118,VM-117,VM-19,VM-18,VM-17,VM-16,VM-15,VM-14,VM-13,VM-12,VM-133,VM-99,VM-11,VM-132,VM-98,VM-10,VM-131,VM-97,VM-130,VM-96,VM-137,VM-95,VM-136,VM-94,VM-135,VM-93,VM-134,VM-92,VM-91,VM-129,VM-90,VM-128,VM-127,VM-140,VM-69,VM-68,VM-67,VM-144,VM-66,VM-143,VM-65,VM-142,VM-64,VM-141,VM-63,VM-148,VM-62,VM-147,VM-61,VM-146,VM-60,VM-145,VM-139,VM-138,VM-151,VM-150,VM-79,VM-78,VM-155,VM-77,VM-154,VM-76,VM-153,VM-75,VM-152,VM-74,VM-159,VM-73,VM-158,VM-72,VM-157,VM-71,VM-156,VM-70,VM-149,VM-49,VM-48,VM-47,VM-160,VM-46,VM-45,VM-6,VM-44,VM-7,VM-43,VM-8,VM-42,VM-9,VM-41,VM-40,VM-59,VM-58,VM-57,VM-56,VM-55,VM-54,VM-53,VM-52,VM-51,VM-50,VM-1,VM-2,VM-3,VM-4,VM-5,VM-29,VM-28,VM-27,VM-26,VM-25,VM-24,VM-100,VM-23,VM-22,Executor4,VM-21,Executor3,VM-20,VM-101,VM-39,VM-38,VM-37,VM-36,VM-35,VM-34,VM-111,VM-33,VM-110,VM-32,VM-31,VM-30,VM-115,VM-114,VM-113,VM-112,VM-108,VM-107,Executor2,Executor1,Executor0,VM-109
 INFO 07-15 17:55:30,406 Executor$ExecutorMessageReceiver:1433 [pool-16-thread-9] - Executor registered message received VM-89,VM-122,VM-88,VM-121,VM-87,VM-120,VM-86,VM-85,VM-126,VM-84,VM-125,VM-83,VM-124,VM-82,VM-123,VM-81,VM-119,VM-80,VM-118,VM-117,VM-19,VM-18,VM-17,VM-16,VM-15,VM-14,VM-13,VM-12,VM-133,VM-99,VM-11,VM-132,VM-98,VM-10,VM-131,VM-97,VM-130,VM-96,VM-137,VM-95,VM-136,VM-94,VM-135,VM-93,VM-134,VM-92,VM-91,VM-129,VM-90,VM-128,VM-127,VM-140,VM-69,VM-68,VM-67,VM-144,VM-66,VM-143,VM-65,VM-142,VM-64,VM-141,VM-63,VM-148,VM-62,VM-147,VM-61,VM-146,VM-60,VM-145,VM-139,VM-138,VM-151,VM-150,VM-79,VM-78,VM-155,VM-77,VM-154,VM-76,VM-153,VM-75,VM-152,VM-74,VM-159,VM-73,VM-158,VM-72,VM-157,VM-71,VM-156,VM-70,VM-149,VM-49,VM-48,VM-47,VM-160,VM-46,VM-45,VM-6,VM-44,VM-7,VM-43,VM-8,VM-42,VM-9,VM-41,VM-40,VM-59,VM-58,VM-57,VM-56,VM-55,VM-54,VM-53,VM-52,VM-51,VM-50,VM-1,VM-2,VM-3,VM-4,VM-5,VM-29,VM-28,VM-27,VM-26,VM-25,VM-24,VM-100,VM-23,VM-22,Executor4,VM-21,Executor3,VM-20,VM-101,VM-39,VM-38,VM-37,VM-36,VM-35,VM-34,VM-111,VM-33,VM-110,VM-32,VM-31,VM-30,VM-115,VM-114,VM-113,VM-112,VM-108,VM-107,VM-106,Executor2,Executor1,Executor0,VM-109
 WARN 07-15 17:55:30,406 ExecutorChannelManagerMap:95 [pool-16-thread-2] - Cannot connnect VM-116<->VM-89
 WARN 07-15 17:55:30,416 ExecutorChannelManagerMap:95 [pool-16-thread-2] - Cannot connnect VM-116<->VM-122
 WARN 07-15 17:55:30,416 ExecutorChannelManagerMap:95 [pool-16-thread-2] - Cannot connnect VM-116<->VM-88
 WARN 07-15 17:55:30,416 ExecutorChannelManagerMap:95 [pool-16-thread-2] - Cannot connnect VM-116<->VM-121
 WARN 07-15 17:55:30,417 ExecutorChannelManagerMap:95 [pool-16-thread-2] - Cannot connnect VM-116<->VM-87
 WARN 07-15 17:55:30,417 ExecutorChannelManagerMap:95 [pool-16-thread-2] - Cannot connnect VM-116<->VM-120
 WARN 07-15 17:55:30,417 ExecutorChannelManagerMap:95 [pool-16-thread-2] - Cannot connnect VM-116<->VM-86
 WARN 07-15 17:55:30,417 ExecutorChannelManagerMap:95 [pool-16-thread-2] - Cannot connnect VM-116<->VM-85
 WARN 07-15 17:55:30,417 ExecutorChannelManagerMap:95 [pool-16-thread-2] - Cannot connnect VM-116<->VM-126
 WARN 07-15 17:55:30,417 ExecutorChannelManagerMap:95 [pool-16-thread-2] - Cannot connnect VM-116<->VM-84
 WARN 07-15 17:55:30,417 ExecutorChannelManagerMap:95 [pool-16-thread-2] - Cannot connnect VM-116<->VM-125
 WARN 07-15 17:55:30,417 ExecutorChannelManagerMap:95 [pool-16-thread-2] - Cannot connnect VM-116<->VM-83
 WARN 07-15 17:55:30,417 ExecutorChannelManagerMap:95 [pool-16-thread-2] - Cannot connnect VM-116<->VM-124
 WARN 07-15 17:55:30,417 ExecutorChannelManagerMap:95 [pool-16-thread-2] - Cannot connnect VM-116<->VM-82
 WARN 07-15 17:55:30,417 ExecutorChannelManagerMap:95 [pool-16-thread-2] - Cannot connnect VM-116<->VM-123
 WARN 07-15 17:55:30,417 ExecutorChannelManagerMap:95 [pool-16-thread-2] - Cannot connnect VM-116<->VM-81
 WARN 07-15 17:55:30,417 ExecutorChannelManagerMap:95 [pool-16-thread-2] - Cannot connnect VM-116<->VM-119
 WARN 07-15 17:55:30,417 ExecutorChannelManagerMap:95 [pool-16-thread-2] - Cannot connnect VM-116<->VM-80
 WARN 07-15 17:55:30,417 ExecutorChannelManagerMap:95 [pool-16-thread-2] - Cannot connnect VM-116<->VM-118
 WARN 07-15 17:55:30,417 ExecutorChannelManagerMap:95 [pool-16-thread-2] - Cannot connnect VM-116<->VM-117
 WARN 07-15 17:55:30,417 ExecutorChannelManagerMap:95 [pool-16-thread-2] - Cannot connnect VM-116<->VM-19
 WARN 07-15 17:55:30,417 ExecutorChannelManagerMap:95 [pool-16-thread-2] - Cannot connnect VM-116<->VM-18
 WARN 07-15 17:55:30,417 ExecutorChannelManagerMap:95 [pool-16-thread-2] - Cannot connnect VM-116<->VM-17
 WARN 07-15 17:55:30,417 ExecutorChannelManagerMap:95 [pool-16-thread-2] - Cannot connnect VM-116<->VM-16
 WARN 07-15 17:55:30,417 ExecutorChannelManagerMap:95 [pool-16-thread-2] - Cannot connnect VM-116<->VM-15
 WARN 07-15 17:55:30,417 ExecutorChannelManagerMap:95 [pool-16-thread-2] - Cannot connnect VM-116<->VM-14
 WARN 07-15 17:55:30,417 ExecutorChannelManagerMap:95 [pool-16-thread-2] - Cannot connnect VM-116<->VM-13
 WARN 07-15 17:55:30,418 ExecutorChannelManagerMap:95 [pool-16-thread-2] - Cannot connnect VM-116<->VM-12
 WARN 07-15 17:55:30,418 ExecutorChannelManagerMap:95 [pool-16-thread-2] - Cannot connnect VM-116<->VM-133
 WARN 07-15 17:55:30,418 ExecutorChannelManagerMap:95 [pool-16-thread-2] - Cannot connnect VM-116<->VM-99
 WARN 07-15 17:55:30,418 ExecutorChannelManagerMap:95 [pool-16-thread-2] - Cannot connnect VM-116<->VM-11
 WARN 07-15 17:55:30,418 ExecutorChannelManagerMap:95 [pool-16-thread-2] - Cannot connnect VM-116<->VM-132
 WARN 07-15 17:55:30,418 ExecutorChannelManagerMap:95 [pool-16-thread-2] - Cannot connnect VM-116<->VM-98
 WARN 07-15 17:55:30,418 ExecutorChannelManagerMap:95 [pool-16-thread-2] - Cannot connnect VM-116<->VM-10
 WARN 07-15 17:55:30,418 ExecutorChannelManagerMap:95 [pool-16-thread-2] - Cannot connnect VM-116<->VM-131
 WARN 07-15 17:55:30,418 ExecutorChannelManagerMap:95 [pool-16-thread-2] - Cannot connnect VM-116<->VM-97
 WARN 07-15 17:55:30,418 ExecutorChannelManagerMap:95 [pool-16-thread-2] - Cannot connnect VM-116<->VM-130
 WARN 07-15 17:55:30,418 ExecutorChannelManagerMap:95 [pool-16-thread-2] - Cannot connnect VM-116<->VM-96
 WARN 07-15 17:55:30,418 ExecutorChannelManagerMap:95 [pool-16-thread-2] - Cannot connnect VM-116<->VM-137
 WARN 07-15 17:55:30,418 ExecutorChannelManagerMap:95 [pool-16-thread-2] - Cannot connnect VM-116<->VM-95
 WARN 07-15 17:55:30,418 ExecutorChannelManagerMap:95 [pool-16-thread-2] - Cannot connnect VM-116<->VM-136
 WARN 07-15 17:55:30,418 ExecutorChannelManagerMap:95 [pool-16-thread-2] - Cannot connnect VM-116<->VM-94
 WARN 07-15 17:55:30,418 ExecutorChannelManagerMap:95 [pool-16-thread-2] - Cannot connnect VM-116<->VM-135
 WARN 07-15 17:55:30,418 ExecutorChannelManagerMap:95 [pool-16-thread-2] - Cannot connnect VM-116<->VM-93
 WARN 07-15 17:55:30,418 ExecutorChannelManagerMap:95 [pool-16-thread-2] - Cannot connnect VM-116<->VM-134
 WARN 07-15 17:55:30,418 ExecutorChannelManagerMap:95 [pool-16-thread-2] - Cannot connnect VM-116<->VM-92
 WARN 07-15 17:55:30,418 ExecutorChannelManagerMap:95 [pool-16-thread-2] - Cannot connnect VM-116<->VM-91
 WARN 07-15 17:55:30,418 ExecutorChannelManagerMap:95 [pool-16-thread-2] - Cannot connnect VM-116<->VM-129
 WARN 07-15 17:55:30,418 ExecutorChannelManagerMap:95 [pool-16-thread-2] - Cannot connnect VM-116<->VM-90
 WARN 07-15 17:55:30,419 ExecutorChannelManagerMap:95 [pool-16-thread-2] - Cannot connnect VM-116<->VM-128
 WARN 07-15 17:55:30,419 ExecutorChannelManagerMap:95 [pool-16-thread-2] - Cannot connnect VM-116<->VM-127
 WARN 07-15 17:55:30,419 ExecutorChannelManagerMap:95 [pool-16-thread-2] - Cannot connnect VM-116<->VM-140
 WARN 07-15 17:55:30,419 ExecutorChannelManagerMap:95 [pool-16-thread-2] - Cannot connnect VM-116<->VM-69
 WARN 07-15 17:55:30,419 ExecutorChannelManagerMap:95 [pool-16-thread-2] - Cannot connnect VM-116<->VM-68
 WARN 07-15 17:55:30,419 ExecutorChannelManagerMap:95 [pool-16-thread-2] - Cannot connnect VM-116<->VM-67
 WARN 07-15 17:55:30,419 ExecutorChannelManagerMap:95 [pool-16-thread-2] - Cannot connnect VM-116<->VM-144
 WARN 07-15 17:55:30,419 ExecutorChannelManagerMap:95 [pool-16-thread-2] - Cannot connnect VM-116<->VM-66
 WARN 07-15 17:55:30,419 ExecutorChannelManagerMap:95 [pool-16-thread-2] - Cannot connnect VM-116<->VM-143
 WARN 07-15 17:55:30,419 ExecutorChannelManagerMap:95 [pool-16-thread-2] - Cannot connnect VM-116<->VM-65
 WARN 07-15 17:55:30,419 ExecutorChannelManagerMap:95 [pool-16-thread-2] - Cannot connnect VM-116<->VM-142
 WARN 07-15 17:55:30,419 ExecutorChannelManagerMap:95 [pool-16-thread-2] - Cannot connnect VM-116<->VM-64
 WARN 07-15 17:55:30,419 ExecutorChannelManagerMap:95 [pool-16-thread-2] - Cannot connnect VM-116<->VM-141
 WARN 07-15 17:55:30,419 ExecutorChannelManagerMap:95 [pool-16-thread-2] - Cannot connnect VM-116<->VM-63
 WARN 07-15 17:55:30,419 ExecutorChannelManagerMap:95 [pool-16-thread-2] - Cannot connnect VM-116<->VM-148
 WARN 07-15 17:55:30,419 ExecutorChannelManagerMap:95 [pool-16-thread-2] - Cannot connnect VM-116<->VM-62
 WARN 07-15 17:55:30,419 ExecutorChannelManagerMap:95 [pool-16-thread-2] - Cannot connnect VM-116<->VM-147
 WARN 07-15 17:55:30,419 ExecutorChannelManagerMap:95 [pool-16-thread-2] - Cannot connnect VM-116<->VM-61
 WARN 07-15 17:55:30,419 ExecutorChannelManagerMap:95 [pool-16-thread-2] - Cannot connnect VM-116<->VM-146
 WARN 07-15 17:55:30,419 ExecutorChannelManagerMap:95 [pool-16-thread-2] - Cannot connnect VM-116<->VM-60
 WARN 07-15 17:55:30,419 ExecutorChannelManagerMap:95 [pool-16-thread-2] - Cannot connnect VM-116<->VM-145
 WARN 07-15 17:55:30,419 ExecutorChannelManagerMap:95 [pool-16-thread-2] - Cannot connnect VM-116<->VM-139
 WARN 07-15 17:55:30,419 ExecutorChannelManagerMap:95 [pool-16-thread-2] - Cannot connnect VM-116<->VM-138
 WARN 07-15 17:55:30,419 ExecutorChannelManagerMap:95 [pool-16-thread-2] - Cannot connnect VM-116<->VM-151
 WARN 07-15 17:55:30,420 ExecutorChannelManagerMap:95 [pool-16-thread-2] - Cannot connnect VM-116<->VM-150
 WARN 07-15 17:55:30,420 ExecutorChannelManagerMap:95 [pool-16-thread-2] - Cannot connnect VM-116<->VM-79
 WARN 07-15 17:55:30,420 ExecutorChannelManagerMap:95 [pool-16-thread-2] - Cannot connnect VM-116<->VM-78
 WARN 07-15 17:55:30,420 ExecutorChannelManagerMap:95 [pool-16-thread-2] - Cannot connnect VM-116<->VM-155
 WARN 07-15 17:55:30,420 ExecutorChannelManagerMap:95 [pool-16-thread-2] - Cannot connnect VM-116<->VM-77
 WARN 07-15 17:55:30,420 ExecutorChannelManagerMap:95 [pool-16-thread-2] - Cannot connnect VM-116<->VM-154
 WARN 07-15 17:55:30,420 ExecutorChannelManagerMap:95 [pool-16-thread-2] - Cannot connnect VM-116<->VM-76
 WARN 07-15 17:55:30,420 ExecutorChannelManagerMap:95 [pool-16-thread-2] - Cannot connnect VM-116<->VM-153
 WARN 07-15 17:55:30,420 ExecutorChannelManagerMap:95 [pool-16-thread-2] - Cannot connnect VM-116<->VM-75
 WARN 07-15 17:55:30,420 ExecutorChannelManagerMap:95 [pool-16-thread-2] - Cannot connnect VM-116<->VM-152
 WARN 07-15 17:55:30,420 ExecutorChannelManagerMap:95 [pool-16-thread-2] - Cannot connnect VM-116<->VM-74
 WARN 07-15 17:55:30,420 ExecutorChannelManagerMap:95 [pool-16-thread-2] - Cannot connnect VM-116<->VM-159
 WARN 07-15 17:55:30,420 ExecutorChannelManagerMap:95 [pool-16-thread-2] - Cannot connnect VM-116<->VM-73
 WARN 07-15 17:55:30,420 ExecutorChannelManagerMap:95 [pool-16-thread-2] - Cannot connnect VM-116<->VM-158
 WARN 07-15 17:55:30,420 ExecutorChannelManagerMap:95 [pool-16-thread-2] - Cannot connnect VM-116<->VM-72
 WARN 07-15 17:55:30,420 ExecutorChannelManagerMap:95 [pool-16-thread-2] - Cannot connnect VM-116<->VM-157
 WARN 07-15 17:55:30,420 ExecutorChannelManagerMap:95 [pool-16-thread-2] - Cannot connnect VM-116<->VM-71
 WARN 07-15 17:55:30,420 ExecutorChannelManagerMap:95 [pool-16-thread-2] - Cannot connnect VM-116<->VM-156
 WARN 07-15 17:55:30,421 ExecutorChannelManagerMap:95 [pool-16-thread-2] - Cannot connnect VM-116<->VM-70
 WARN 07-15 17:55:30,421 ExecutorChannelManagerMap:95 [pool-16-thread-2] - Cannot connnect VM-116<->VM-149
 WARN 07-15 17:55:30,421 ExecutorChannelManagerMap:95 [pool-16-thread-2] - Cannot connnect VM-116<->VM-49
 WARN 07-15 17:55:30,421 ExecutorChannelManagerMap:95 [pool-16-thread-2] - Cannot connnect VM-116<->VM-48
 WARN 07-15 17:55:30,421 ExecutorChannelManagerMap:95 [pool-16-thread-2] - Cannot connnect VM-116<->VM-47
 WARN 07-15 17:55:30,421 ExecutorChannelManagerMap:95 [pool-16-thread-2] - Cannot connnect VM-116<->VM-160
 WARN 07-15 17:55:30,421 ExecutorChannelManagerMap:95 [pool-16-thread-2] - Cannot connnect VM-116<->VM-46
 WARN 07-15 17:55:30,421 ExecutorChannelManagerMap:95 [pool-16-thread-2] - Cannot connnect VM-116<->VM-45
 WARN 07-15 17:55:30,421 ExecutorChannelManagerMap:95 [pool-16-thread-2] - Cannot connnect VM-116<->VM-6
 WARN 07-15 17:55:30,421 ExecutorChannelManagerMap:95 [pool-16-thread-2] - Cannot connnect VM-116<->VM-44
 INFO 07-15 17:55:30,394 Executor$ExecutorMessageReceiver:1433 [pool-16-thread-8] - Executor registered message received VM-89,VM-122,VM-88,VM-121,VM-87,VM-120,VM-86,VM-85,VM-126,VM-84,VM-125,VM-83,VM-124,VM-82,VM-123,VM-81,VM-119,VM-80,VM-118,VM-117,VM-19,VM-18,VM-17,VM-16,VM-15,VM-14,VM-13,VM-12,VM-133,VM-99,VM-11,VM-132,VM-98,VM-10,VM-131,VM-97,VM-130,VM-96,VM-137,VM-95,VM-136,VM-94,VM-135,VM-93,VM-134,VM-92,VM-91,VM-129,VM-90,VM-128,VM-127,VM-140,VM-69,VM-68,VM-67,VM-144,VM-66,VM-143,VM-65,VM-142,VM-64,VM-141,VM-63,VM-148,VM-62,VM-147,VM-61,VM-146,VM-60,VM-145,VM-139,VM-138,VM-151,VM-150,VM-79,VM-78,VM-155,VM-77,VM-154,VM-76,VM-153,VM-75,VM-152,VM-74,VM-159,VM-73,VM-158,VM-72,VM-157,VM-71,VM-156,VM-70,VM-149,VM-49,VM-48,VM-47,VM-160,VM-46,VM-45,VM-6,VM-44,VM-7,VM-43,VM-8,VM-42,VM-9,VM-41,VM-40,VM-59,VM-58,VM-57,VM-56,VM-55,VM-54,VM-53,VM-52,VM-51,VM-50,VM-1,VM-2,VM-3,VM-4,VM-5,VM-29,VM-28,VM-27,VM-26,VM-25,VM-24,VM-100,VM-23,VM-22,Executor4,VM-21,Executor3,VM-20,VM-103,VM-101,VM-39,VM-38,VM-37,VM-36,VM-35,VM-34,VM-111,VM-33,VM-110,VM-32,VM-31,VM-30,VM-115,VM-114,VM-113,VM-112,VM-108,VM-107,VM-106,VM-105,Executor2,Executor1,Executor0,VM-109
 INFO 07-15 17:55:30,393 Executor$ExecutorMessageReceiver:1433 [pool-16-thread-7] - Executor registered message received VM-89,VM-122,VM-88,VM-121,VM-87,VM-120,VM-86,VM-85,VM-126,VM-84,VM-125,VM-83,VM-124,VM-82,VM-123,VM-81,VM-119,VM-80,VM-118,VM-117,VM-19,VM-18,VM-17,VM-16,VM-15,VM-14,VM-13,VM-12,VM-133,VM-99,VM-11,VM-132,VM-98,VM-10,VM-131,VM-97,VM-130,VM-96,VM-137,VM-95,VM-136,VM-94,VM-135,VM-93,VM-134,VM-92,VM-91,VM-129,VM-90,VM-128,VM-127,VM-140,VM-69,VM-68,VM-67,VM-144,VM-66,VM-143,VM-65,VM-142,VM-64,VM-141,VM-63,VM-148,VM-62,VM-147,VM-61,VM-146,VM-60,VM-145,VM-139,VM-138,VM-151,VM-150,VM-79,VM-78,VM-155,VM-77,VM-154,VM-76,VM-153,VM-75,VM-152,VM-74,VM-159,VM-73,VM-158,VM-72,VM-157,VM-71,VM-156,VM-70,VM-149,VM-49,VM-48,VM-47,VM-160,VM-46,VM-45,VM-6,VM-44,VM-7,VM-43,VM-8,VM-42,VM-9,VM-41,VM-40,VM-59,VM-58,VM-57,VM-56,VM-55,VM-54,VM-53,VM-52,VM-51,VM-50,VM-1,VM-2,VM-3,VM-4,VM-5,VM-29,VM-28,VM-27,VM-26,VM-25,VM-24,VM-100,VM-23,VM-22,Executor4,VM-21,Executor3,VM-20,VM-104,VM-103,VM-101,VM-39,VM-38,VM-37,VM-36,VM-35,VM-34,VM-111,VM-33,VM-110,VM-32,VM-31,VM-30,VM-115,VM-114,VM-113,VM-112,VM-108,VM-107,VM-106,VM-105,Executor2,Executor1,Executor0,VM-109
 INFO 07-15 17:55:30,392 Executor$ExecutorMessageReceiver:1433 [pool-16-thread-1] - Executor registered message received VM-89,VM-122,VM-88,VM-121,VM-87,VM-120,VM-86,VM-85,VM-126,VM-84,VM-125,VM-83,VM-124,VM-82,VM-123,VM-81,VM-119,VM-80,VM-118,VM-117,VM-19,VM-18,VM-17,VM-16,VM-15,VM-14,VM-13,VM-12,VM-133,VM-99,VM-11,VM-132,VM-98,VM-10,VM-131,VM-97,VM-130,VM-96,VM-137,VM-95,VM-136,VM-94,VM-135,VM-93,VM-134,VM-92,VM-91,VM-129,VM-90,VM-128,VM-127,VM-140,VM-69,VM-68,VM-67,VM-144,VM-66,VM-143,VM-65,VM-142,VM-64,VM-141,VM-63,VM-148,VM-62,VM-147,VM-61,VM-146,VM-60,VM-145,VM-139,VM-138,VM-151,VM-150,VM-79,VM-78,VM-155,VM-77,VM-154,VM-76,VM-153,VM-75,VM-152,VM-74,VM-159,VM-73,VM-158,VM-72,VM-157,VM-71,VM-156,VM-70,VM-149,VM-49,VM-48,VM-47,VM-160,VM-46,VM-45,VM-6,VM-44,VM-7,VM-43,VM-8,VM-42,VM-9,VM-41,VM-40,VM-59,VM-58,VM-57,VM-56,VM-55,VM-54,VM-53,VM-52,VM-51,VM-50,VM-1,VM-2,VM-3,VM-4,VM-5,VM-29,VM-28,VM-27,VM-26,VM-25,VM-24,VM-100,VM-23,VM-22,Executor4,VM-21,Executor3,VM-20,VM-101,VM-39,VM-38,VM-37,VM-36,VM-35,VM-34,VM-111,VM-33,VM-110,VM-32,VM-31,VM-30,VM-115,VM-114,VM-113,VM-112,VM-108,VM-107,VM-106,VM-105,Executor2,Executor1,Executor0,VM-109
 INFO 07-15 17:55:30,437 Executor$ExecutorMessageReceiver:1433 [pool-16-thread-11] - Executor registered message received VM-89,VM-122,VM-88,VM-121,VM-87,VM-120,VM-86,VM-85,VM-126,VM-84,VM-125,VM-83,VM-124,VM-82,VM-123,VM-81,VM-119,VM-80,VM-118,VM-117,VM-19,VM-18,VM-17,VM-16,VM-15,VM-14,VM-13,VM-12,VM-133,VM-99,VM-11,VM-132,VM-98,VM-10,VM-131,VM-97,VM-130,VM-96,VM-137,VM-95,VM-136,VM-94,VM-135,VM-93,VM-134,VM-92,VM-91,VM-129,VM-90,VM-128,VM-127,VM-140,VM-69,VM-68,VM-67,VM-144,VM-66,VM-143,VM-65,VM-142,VM-64,VM-141,VM-63,VM-148,VM-62,VM-147,VM-61,VM-146,VM-60,VM-145,VM-139,VM-138,VM-151,VM-150,VM-79,VM-78,VM-155,VM-77,VM-154,VM-76,VM-153,VM-75,VM-152,VM-74,VM-159,VM-73,VM-158,VM-72,VM-157,VM-71,VM-156,VM-70,VM-149,VM-49,VM-48,VM-47,VM-160,VM-46,VM-45,VM-6,VM-44,VM-7,VM-43,VM-8,VM-42,VM-9,VM-41,VM-40,VM-59,VM-58,VM-57,VM-56,VM-55,VM-54,VM-53,VM-52,VM-51,VM-50,VM-1,VM-2,VM-3,VM-4,VM-5,VM-29,VM-28,VM-27,VM-26,VM-25,VM-24,VM-100,VM-23,VM-22,Executor4,VM-21,Executor3,VM-20,VM-101,VM-39,VM-38,VM-37,VM-36,VM-35,VM-34,VM-111,VM-33,VM-110,VM-32,VM-31,VM-30,VM-115,VM-114,VM-113,VM-112,VM-108,Executor2,Executor1,Executor0,VM-109
 WARN 07-15 17:55:30,439 ExecutorChannelManagerMap:95 [pool-16-thread-2] - Cannot connnect VM-116<->VM-43
 WARN 07-15 17:55:30,440 ExecutorChannelManagerMap:95 [pool-16-thread-2] - Cannot connnect VM-116<->VM-8
 WARN 07-15 17:55:30,440 ExecutorChannelManagerMap:95 [pool-16-thread-2] - Cannot connnect VM-116<->VM-42
 WARN 07-15 17:55:30,440 ExecutorChannelManagerMap:95 [pool-16-thread-2] - Cannot connnect VM-116<->VM-9
 WARN 07-15 17:55:30,440 ExecutorChannelManagerMap:95 [pool-16-thread-2] - Cannot connnect VM-116<->VM-41
 WARN 07-15 17:55:30,440 ExecutorChannelManagerMap:95 [pool-16-thread-2] - Cannot connnect VM-116<->VM-40
 WARN 07-15 17:55:30,440 ExecutorChannelManagerMap:95 [pool-16-thread-2] - Cannot connnect VM-116<->VM-59
 WARN 07-15 17:55:30,440 ExecutorChannelManagerMap:95 [pool-16-thread-2] - Cannot connnect VM-116<->VM-58
 WARN 07-15 17:55:30,440 ExecutorChannelManagerMap:95 [pool-16-thread-2] - Cannot connnect VM-116<->VM-57
 WARN 07-15 17:55:30,440 ExecutorChannelManagerMap:95 [pool-16-thread-2] - Cannot connnect VM-116<->VM-56
 WARN 07-15 17:55:30,440 ExecutorChannelManagerMap:95 [pool-16-thread-2] - Cannot connnect VM-116<->VM-55
 WARN 07-15 17:55:30,440 ExecutorChannelManagerMap:95 [pool-16-thread-2] - Cannot connnect VM-116<->VM-54
 WARN 07-15 17:55:30,440 ExecutorChannelManagerMap:95 [pool-16-thread-2] - Cannot connnect VM-116<->VM-53
 WARN 07-15 17:55:30,440 ExecutorChannelManagerMap:95 [pool-16-thread-2] - Cannot connnect VM-116<->VM-52
 WARN 07-15 17:55:30,440 ExecutorChannelManagerMap:95 [pool-16-thread-2] - Cannot connnect VM-116<->VM-51
 WARN 07-15 17:55:30,440 ExecutorChannelManagerMap:95 [pool-16-thread-2] - Cannot connnect VM-116<->VM-50
 WARN 07-15 17:55:30,440 ExecutorChannelManagerMap:95 [pool-16-thread-2] - Cannot connnect VM-116<->VM-1
 WARN 07-15 17:55:30,440 ExecutorChannelManagerMap:95 [pool-16-thread-2] - Cannot connnect VM-116<->VM-2
 WARN 07-15 17:55:30,440 ExecutorChannelManagerMap:95 [pool-16-thread-2] - Cannot connnect VM-116<->VM-3
 WARN 07-15 17:55:30,440 ExecutorChannelManagerMap:95 [pool-16-thread-2] - Cannot connnect VM-116<->VM-4
 WARN 07-15 17:55:30,440 ExecutorChannelManagerMap:95 [pool-16-thread-2] - Cannot connnect VM-116<->VM-5
 WARN 07-15 17:55:30,440 ExecutorChannelManagerMap:95 [pool-16-thread-2] - Cannot connnect VM-116<->VM-29
 WARN 07-15 17:55:30,440 ExecutorChannelManagerMap:95 [pool-16-thread-2] - Cannot connnect VM-116<->VM-28
 WARN 07-15 17:55:30,440 ExecutorChannelManagerMap:95 [pool-16-thread-2] - Cannot connnect VM-116<->VM-27
 WARN 07-15 17:55:30,440 ExecutorChannelManagerMap:95 [pool-16-thread-2] - Cannot connnect VM-116<->VM-26
 WARN 07-15 17:55:30,441 ExecutorChannelManagerMap:95 [pool-16-thread-2] - Cannot connnect VM-116<->VM-25
 WARN 07-15 17:55:30,441 ExecutorChannelManagerMap:95 [pool-16-thread-2] - Cannot connnect VM-116<->VM-24
 WARN 07-15 17:55:30,441 ExecutorChannelManagerMap:95 [pool-16-thread-2] - Cannot connnect VM-116<->VM-100
 WARN 07-15 17:55:30,441 ExecutorChannelManagerMap:95 [pool-16-thread-2] - Cannot connnect VM-116<->VM-23
 WARN 07-15 17:55:30,441 ExecutorChannelManagerMap:95 [pool-16-thread-2] - Cannot connnect VM-116<->VM-22
 WARN 07-15 17:55:30,441 ExecutorChannelManagerMap:106 [pool-16-thread-2] - Executor Executor4 already registered
 WARN 07-15 17:55:30,441 ExecutorChannelManagerMap:95 [pool-16-thread-2] - Cannot connnect VM-116<->VM-21
 WARN 07-15 17:55:30,441 ExecutorChannelManagerMap:106 [pool-16-thread-2] - Executor Executor3 already registered
 WARN 07-15 17:55:30,441 ExecutorChannelManagerMap:95 [pool-16-thread-2] - Cannot connnect VM-116<->VM-20
 WARN 07-15 17:55:30,441 ExecutorChannelManagerMap:95 [pool-16-thread-2] - Cannot connnect VM-116<->VM-101
 WARN 07-15 17:55:30,441 ExecutorChannelManagerMap:95 [pool-16-thread-2] - Cannot connnect VM-116<->VM-39
 WARN 07-15 17:55:30,441 ExecutorChannelManagerMap:95 [pool-16-thread-2] - Cannot connnect VM-116<->VM-38
 WARN 07-15 17:55:30,441 ExecutorChannelManagerMap:95 [pool-16-thread-2] - Cannot connnect VM-116<->VM-37
 WARN 07-15 17:55:30,441 ExecutorChannelManagerMap:95 [pool-16-thread-2] - Cannot connnect VM-116<->VM-36
 WARN 07-15 17:55:30,441 ExecutorChannelManagerMap:95 [pool-16-thread-2] - Cannot connnect VM-116<->VM-35
 WARN 07-15 17:55:30,441 ExecutorChannelManagerMap:95 [pool-16-thread-2] - Cannot connnect VM-116<->VM-34
 WARN 07-15 17:55:30,441 ExecutorChannelManagerMap:95 [pool-16-thread-2] - Cannot connnect VM-116<->VM-33
 WARN 07-15 17:55:30,441 ExecutorChannelManagerMap:95 [pool-16-thread-2] - Cannot connnect VM-116<->VM-32
 WARN 07-15 17:55:30,441 ExecutorChannelManagerMap:95 [pool-16-thread-2] - Cannot connnect VM-116<->VM-31
 WARN 07-15 17:55:30,441 ExecutorChannelManagerMap:95 [pool-16-thread-2] - Cannot connnect VM-116<->VM-30
 WARN 07-15 17:55:30,441 ExecutorChannelManagerMap:95 [pool-16-thread-2] - Cannot connnect VM-116<->VM-115
 WARN 07-15 17:55:30,441 ExecutorChannelManagerMap:106 [pool-16-thread-2] - Executor Executor2 already registered
 WARN 07-15 17:55:30,441 ExecutorChannelManagerMap:106 [pool-16-thread-2] - Executor Executor1 already registered
 WARN 07-15 17:55:30,441 ExecutorChannelManagerMap:106 [pool-16-thread-2] - Executor Executor0 already registered
 INFO 07-15 17:55:30,437 Executor$ExecutorMessageReceiver:1433 [pool-16-thread-12] - Executor registered message received VM-89,VM-122,VM-88,VM-121,VM-87,VM-120,VM-86,VM-85,VM-126,VM-84,VM-125,VM-83,VM-124,VM-82,VM-123,VM-81,VM-119,VM-80,VM-118,VM-117,VM-19,VM-18,VM-17,VM-16,VM-15,VM-14,VM-13,VM-12,VM-133,VM-99,VM-11,VM-132,VM-98,VM-10,VM-131,VM-97,VM-130,VM-96,VM-137,VM-95,VM-136,VM-94,VM-135,VM-93,VM-134,VM-92,VM-91,VM-129,VM-90,VM-128,VM-127,VM-140,VM-69,VM-68,VM-67,VM-144,VM-66,VM-143,VM-65,VM-142,VM-64,VM-141,VM-63,VM-148,VM-62,VM-147,VM-61,VM-146,VM-60,VM-145,VM-139,VM-138,VM-151,VM-150,VM-79,VM-78,VM-155,VM-77,VM-154,VM-76,VM-153,VM-75,VM-152,VM-74,VM-159,VM-73,VM-158,VM-72,VM-157,VM-71,VM-156,VM-70,VM-149,VM-49,VM-48,VM-47,VM-160,VM-46,VM-45,VM-6,VM-44,VM-7,VM-43,VM-8,VM-42,VM-9,VM-41,VM-40,VM-59,VM-58,VM-57,VM-56,VM-55,VM-54,VM-53,VM-52,VM-51,VM-50,VM-1,VM-2,VM-3,VM-4,VM-5,VM-29,VM-28,VM-27,VM-26,VM-25,VM-24,VM-100,VM-23,VM-22,Executor4,VM-21,Executor3,VM-20,VM-101,VM-39,VM-38,VM-37,VM-36,VM-35,VM-34,VM-111,VM-33,VM-110,VM-32,VM-31,VM-30,VM-115,VM-114,VM-113,VM-112,Executor2,Executor1,Executor0,VM-109
 WARN 07-15 17:55:30,444 ExecutorChannelManagerMap:95 [pool-16-thread-10] - Cannot connnect VM-116<->VM-89
 WARN 07-15 17:55:30,444 ExecutorChannelManagerMap:95 [pool-16-thread-10] - Cannot connnect VM-116<->VM-122
 WARN 07-15 17:55:30,444 ExecutorChannelManagerMap:95 [pool-16-thread-10] - Cannot connnect VM-116<->VM-88
 WARN 07-15 17:55:30,444 ExecutorChannelManagerMap:95 [pool-16-thread-10] - Cannot connnect VM-116<->VM-121
 WARN 07-15 17:55:30,444 ExecutorChannelManagerMap:95 [pool-16-thread-10] - Cannot connnect VM-116<->VM-87
 WARN 07-15 17:55:30,444 ExecutorChannelManagerMap:95 [pool-16-thread-10] - Cannot connnect VM-116<->VM-120
 WARN 07-15 17:55:30,444 ExecutorChannelManagerMap:95 [pool-16-thread-10] - Cannot connnect VM-116<->VM-86
 WARN 07-15 17:55:30,444 ExecutorChannelManagerMap:95 [pool-16-thread-10] - Cannot connnect VM-116<->VM-85
 WARN 07-15 17:55:30,444 ExecutorChannelManagerMap:95 [pool-16-thread-10] - Cannot connnect VM-116<->VM-126
 WARN 07-15 17:55:30,444 ExecutorChannelManagerMap:95 [pool-16-thread-10] - Cannot connnect VM-116<->VM-84
 WARN 07-15 17:55:30,444 ExecutorChannelManagerMap:95 [pool-16-thread-10] - Cannot connnect VM-116<->VM-125
 WARN 07-15 17:55:30,444 ExecutorChannelManagerMap:95 [pool-16-thread-10] - Cannot connnect VM-116<->VM-83
 WARN 07-15 17:55:30,444 ExecutorChannelManagerMap:95 [pool-16-thread-10] - Cannot connnect VM-116<->VM-124
 WARN 07-15 17:55:30,445 ExecutorChannelManagerMap:95 [pool-16-thread-10] - Cannot connnect VM-116<->VM-82
 WARN 07-15 17:55:30,445 ExecutorChannelManagerMap:95 [pool-16-thread-10] - Cannot connnect VM-116<->VM-123
 WARN 07-15 17:55:30,445 ExecutorChannelManagerMap:95 [pool-16-thread-10] - Cannot connnect VM-116<->VM-81
 WARN 07-15 17:55:30,445 ExecutorChannelManagerMap:95 [pool-16-thread-10] - Cannot connnect VM-116<->VM-119
 WARN 07-15 17:55:30,445 ExecutorChannelManagerMap:95 [pool-16-thread-10] - Cannot connnect VM-116<->VM-80
 WARN 07-15 17:55:30,445 ExecutorChannelManagerMap:95 [pool-16-thread-10] - Cannot connnect VM-116<->VM-118
 WARN 07-15 17:55:30,445 ExecutorChannelManagerMap:95 [pool-16-thread-10] - Cannot connnect VM-116<->VM-117
 WARN 07-15 17:55:30,445 ExecutorChannelManagerMap:95 [pool-16-thread-10] - Cannot connnect VM-116<->VM-19
 WARN 07-15 17:55:30,445 ExecutorChannelManagerMap:95 [pool-16-thread-10] - Cannot connnect VM-116<->VM-18
 WARN 07-15 17:55:30,445 ExecutorChannelManagerMap:95 [pool-16-thread-10] - Cannot connnect VM-116<->VM-17
 WARN 07-15 17:55:30,445 ExecutorChannelManagerMap:95 [pool-16-thread-10] - Cannot connnect VM-116<->VM-16
 WARN 07-15 17:55:30,445 ExecutorChannelManagerMap:95 [pool-16-thread-10] - Cannot connnect VM-116<->VM-15
 WARN 07-15 17:55:30,445 ExecutorChannelManagerMap:95 [pool-16-thread-10] - Cannot connnect VM-116<->VM-14
 WARN 07-15 17:55:30,445 ExecutorChannelManagerMap:95 [pool-16-thread-10] - Cannot connnect VM-116<->VM-13
 WARN 07-15 17:55:30,445 ExecutorChannelManagerMap:95 [pool-16-thread-10] - Cannot connnect VM-116<->VM-12
 WARN 07-15 17:55:30,445 ExecutorChannelManagerMap:95 [pool-16-thread-10] - Cannot connnect VM-116<->VM-133
 WARN 07-15 17:55:30,445 ExecutorChannelManagerMap:95 [pool-16-thread-10] - Cannot connnect VM-116<->VM-99
 WARN 07-15 17:55:30,445 ExecutorChannelManagerMap:95 [pool-16-thread-10] - Cannot connnect VM-116<->VM-11
 WARN 07-15 17:55:30,445 ExecutorChannelManagerMap:95 [pool-16-thread-10] - Cannot connnect VM-116<->VM-132
 WARN 07-15 17:55:30,445 ExecutorChannelManagerMap:95 [pool-16-thread-10] - Cannot connnect VM-116<->VM-98
 WARN 07-15 17:55:30,445 ExecutorChannelManagerMap:95 [pool-16-thread-10] - Cannot connnect VM-116<->VM-10
 WARN 07-15 17:55:30,445 ExecutorChannelManagerMap:95 [pool-16-thread-10] - Cannot connnect VM-116<->VM-131
 WARN 07-15 17:55:30,445 ExecutorChannelManagerMap:95 [pool-16-thread-10] - Cannot connnect VM-116<->VM-97
 WARN 07-15 17:55:30,445 ExecutorChannelManagerMap:95 [pool-16-thread-10] - Cannot connnect VM-116<->VM-130
 WARN 07-15 17:55:30,445 ExecutorChannelManagerMap:95 [pool-16-thread-10] - Cannot connnect VM-116<->VM-96
 WARN 07-15 17:55:30,445 ExecutorChannelManagerMap:95 [pool-16-thread-10] - Cannot connnect VM-116<->VM-137
 WARN 07-15 17:55:30,445 ExecutorChannelManagerMap:95 [pool-16-thread-10] - Cannot connnect VM-116<->VM-95
 WARN 07-15 17:55:30,445 ExecutorChannelManagerMap:95 [pool-16-thread-10] - Cannot connnect VM-116<->VM-136
 WARN 07-15 17:55:30,446 ExecutorChannelManagerMap:95 [pool-16-thread-10] - Cannot connnect VM-116<->VM-94
 WARN 07-15 17:55:30,446 ExecutorChannelManagerMap:95 [pool-16-thread-10] - Cannot connnect VM-116<->VM-135
 WARN 07-15 17:55:30,446 ExecutorChannelManagerMap:95 [pool-16-thread-10] - Cannot connnect VM-116<->VM-93
 WARN 07-15 17:55:30,446 ExecutorChannelManagerMap:95 [pool-16-thread-10] - Cannot connnect VM-116<->VM-134
 WARN 07-15 17:55:30,446 ExecutorChannelManagerMap:95 [pool-16-thread-10] - Cannot connnect VM-116<->VM-92
 WARN 07-15 17:55:30,446 ExecutorChannelManagerMap:95 [pool-16-thread-10] - Cannot connnect VM-116<->VM-91
 WARN 07-15 17:55:30,446 ExecutorChannelManagerMap:95 [pool-16-thread-10] - Cannot connnect VM-116<->VM-129
 WARN 07-15 17:55:30,446 ExecutorChannelManagerMap:95 [pool-16-thread-10] - Cannot connnect VM-116<->VM-90
 WARN 07-15 17:55:30,446 ExecutorChannelManagerMap:95 [pool-16-thread-10] - Cannot connnect VM-116<->VM-128
 WARN 07-15 17:55:30,446 ExecutorChannelManagerMap:95 [pool-16-thread-10] - Cannot connnect VM-116<->VM-127
 WARN 07-15 17:55:30,446 ExecutorChannelManagerMap:95 [pool-16-thread-10] - Cannot connnect VM-116<->VM-140
 WARN 07-15 17:55:30,446 ExecutorChannelManagerMap:95 [pool-16-thread-10] - Cannot connnect VM-116<->VM-69
 WARN 07-15 17:55:30,446 ExecutorChannelManagerMap:95 [pool-16-thread-10] - Cannot connnect VM-116<->VM-68
 WARN 07-15 17:55:30,446 ExecutorChannelManagerMap:95 [pool-16-thread-10] - Cannot connnect VM-116<->VM-67
 WARN 07-15 17:55:30,446 ExecutorChannelManagerMap:95 [pool-16-thread-10] - Cannot connnect VM-116<->VM-144
 WARN 07-15 17:55:30,446 ExecutorChannelManagerMap:95 [pool-16-thread-10] - Cannot connnect VM-116<->VM-66
 WARN 07-15 17:55:30,446 ExecutorChannelManagerMap:95 [pool-16-thread-10] - Cannot connnect VM-116<->VM-143
 WARN 07-15 17:55:30,446 ExecutorChannelManagerMap:95 [pool-16-thread-10] - Cannot connnect VM-116<->VM-65
 WARN 07-15 17:55:30,446 ExecutorChannelManagerMap:95 [pool-16-thread-10] - Cannot connnect VM-116<->VM-142
 WARN 07-15 17:55:30,446 ExecutorChannelManagerMap:95 [pool-16-thread-10] - Cannot connnect VM-116<->VM-64
 WARN 07-15 17:55:30,446 ExecutorChannelManagerMap:95 [pool-16-thread-10] - Cannot connnect VM-116<->VM-141
 WARN 07-15 17:55:30,446 ExecutorChannelManagerMap:95 [pool-16-thread-10] - Cannot connnect VM-116<->VM-63
 WARN 07-15 17:55:30,446 ExecutorChannelManagerMap:95 [pool-16-thread-10] - Cannot connnect VM-116<->VM-148
 WARN 07-15 17:55:30,446 ExecutorChannelManagerMap:95 [pool-16-thread-10] - Cannot connnect VM-116<->VM-62
 WARN 07-15 17:55:30,446 ExecutorChannelManagerMap:95 [pool-16-thread-10] - Cannot connnect VM-116<->VM-147
 WARN 07-15 17:55:30,446 ExecutorChannelManagerMap:95 [pool-16-thread-10] - Cannot connnect VM-116<->VM-61
 WARN 07-15 17:55:30,447 ExecutorChannelManagerMap:95 [pool-16-thread-10] - Cannot connnect VM-116<->VM-146
 WARN 07-15 17:55:30,447 ExecutorChannelManagerMap:95 [pool-16-thread-10] - Cannot connnect VM-116<->VM-60
 WARN 07-15 17:55:30,447 ExecutorChannelManagerMap:95 [pool-16-thread-10] - Cannot connnect VM-116<->VM-145
 WARN 07-15 17:55:30,447 ExecutorChannelManagerMap:95 [pool-16-thread-10] - Cannot connnect VM-116<->VM-139
 WARN 07-15 17:55:30,447 ExecutorChannelManagerMap:95 [pool-16-thread-10] - Cannot connnect VM-116<->VM-138
 WARN 07-15 17:55:30,447 ExecutorChannelManagerMap:95 [pool-16-thread-10] - Cannot connnect VM-116<->VM-151
 WARN 07-15 17:55:30,447 ExecutorChannelManagerMap:95 [pool-16-thread-10] - Cannot connnect VM-116<->VM-150
 WARN 07-15 17:55:30,447 ExecutorChannelManagerMap:95 [pool-16-thread-10] - Cannot connnect VM-116<->VM-79
 WARN 07-15 17:55:30,447 ExecutorChannelManagerMap:95 [pool-16-thread-10] - Cannot connnect VM-116<->VM-78
 WARN 07-15 17:55:30,447 ExecutorChannelManagerMap:95 [pool-16-thread-10] - Cannot connnect VM-116<->VM-155
 WARN 07-15 17:55:30,447 ExecutorChannelManagerMap:95 [pool-16-thread-10] - Cannot connnect VM-116<->VM-77
 WARN 07-15 17:55:30,447 ExecutorChannelManagerMap:95 [pool-16-thread-10] - Cannot connnect VM-116<->VM-154
 WARN 07-15 17:55:30,447 ExecutorChannelManagerMap:95 [pool-16-thread-10] - Cannot connnect VM-116<->VM-76
 WARN 07-15 17:55:30,447 ExecutorChannelManagerMap:95 [pool-16-thread-10] - Cannot connnect VM-116<->VM-153
 WARN 07-15 17:55:30,447 ExecutorChannelManagerMap:95 [pool-16-thread-10] - Cannot connnect VM-116<->VM-75
 WARN 07-15 17:55:30,447 ExecutorChannelManagerMap:95 [pool-16-thread-10] - Cannot connnect VM-116<->VM-152
 WARN 07-15 17:55:30,447 ExecutorChannelManagerMap:95 [pool-16-thread-10] - Cannot connnect VM-116<->VM-74
 WARN 07-15 17:55:30,447 ExecutorChannelManagerMap:95 [pool-16-thread-10] - Cannot connnect VM-116<->VM-159
 WARN 07-15 17:55:30,447 ExecutorChannelManagerMap:95 [pool-16-thread-10] - Cannot connnect VM-116<->VM-73
 WARN 07-15 17:55:30,447 ExecutorChannelManagerMap:95 [pool-16-thread-10] - Cannot connnect VM-116<->VM-158
 WARN 07-15 17:55:30,447 ExecutorChannelManagerMap:95 [pool-16-thread-10] - Cannot connnect VM-116<->VM-72
 WARN 07-15 17:55:30,447 ExecutorChannelManagerMap:95 [pool-16-thread-10] - Cannot connnect VM-116<->VM-157
 WARN 07-15 17:55:30,447 ExecutorChannelManagerMap:95 [pool-16-thread-10] - Cannot connnect VM-116<->VM-71
 WARN 07-15 17:55:30,447 ExecutorChannelManagerMap:95 [pool-16-thread-10] - Cannot connnect VM-116<->VM-156
 WARN 07-15 17:55:30,447 ExecutorChannelManagerMap:95 [pool-16-thread-10] - Cannot connnect VM-116<->VM-70
 WARN 07-15 17:55:30,447 ExecutorChannelManagerMap:95 [pool-16-thread-10] - Cannot connnect VM-116<->VM-149
 WARN 07-15 17:55:30,447 ExecutorChannelManagerMap:95 [pool-16-thread-10] - Cannot connnect VM-116<->VM-49
 WARN 07-15 17:55:30,447 ExecutorChannelManagerMap:95 [pool-16-thread-10] - Cannot connnect VM-116<->VM-48
 WARN 07-15 17:55:30,447 ExecutorChannelManagerMap:95 [pool-16-thread-10] - Cannot connnect VM-116<->VM-47
 WARN 07-15 17:55:30,448 ExecutorChannelManagerMap:95 [pool-16-thread-10] - Cannot connnect VM-116<->VM-160
 WARN 07-15 17:55:30,448 ExecutorChannelManagerMap:95 [pool-16-thread-10] - Cannot connnect VM-116<->VM-46
 WARN 07-15 17:55:30,448 ExecutorChannelManagerMap:95 [pool-16-thread-10] - Cannot connnect VM-116<->VM-45
 WARN 07-15 17:55:30,448 ExecutorChannelManagerMap:95 [pool-16-thread-10] - Cannot connnect VM-116<->VM-6
 WARN 07-15 17:55:30,448 ExecutorChannelManagerMap:95 [pool-16-thread-10] - Cannot connnect VM-116<->VM-44
 WARN 07-15 17:55:30,448 ExecutorChannelManagerMap:95 [pool-16-thread-10] - Cannot connnect VM-116<->VM-7
 WARN 07-15 17:55:30,448 ExecutorChannelManagerMap:95 [pool-16-thread-10] - Cannot connnect VM-116<->VM-43
 WARN 07-15 17:55:30,448 ExecutorChannelManagerMap:95 [pool-16-thread-10] - Cannot connnect VM-116<->VM-8
 WARN 07-15 17:55:30,448 ExecutorChannelManagerMap:95 [pool-16-thread-10] - Cannot connnect VM-116<->VM-42
 WARN 07-15 17:55:30,448 ExecutorChannelManagerMap:95 [pool-16-thread-10] - Cannot connnect VM-116<->VM-9
 WARN 07-15 17:55:30,448 ExecutorChannelManagerMap:95 [pool-16-thread-10] - Cannot connnect VM-116<->VM-41
 WARN 07-15 17:55:30,448 ExecutorChannelManagerMap:95 [pool-16-thread-10] - Cannot connnect VM-116<->VM-40
 WARN 07-15 17:55:30,448 ExecutorChannelManagerMap:95 [pool-16-thread-10] - Cannot connnect VM-116<->VM-59
 WARN 07-15 17:55:30,448 ExecutorChannelManagerMap:95 [pool-16-thread-10] - Cannot connnect VM-116<->VM-58
 WARN 07-15 17:55:30,448 ExecutorChannelManagerMap:95 [pool-16-thread-10] - Cannot connnect VM-116<->VM-57
 WARN 07-15 17:55:30,448 ExecutorChannelManagerMap:95 [pool-16-thread-10] - Cannot connnect VM-116<->VM-56
 WARN 07-15 17:55:30,448 ExecutorChannelManagerMap:95 [pool-16-thread-10] - Cannot connnect VM-116<->VM-55
 WARN 07-15 17:55:30,448 ExecutorChannelManagerMap:95 [pool-16-thread-10] - Cannot connnect VM-116<->VM-54
 WARN 07-15 17:55:30,448 ExecutorChannelManagerMap:95 [pool-16-thread-10] - Cannot connnect VM-116<->VM-53
 WARN 07-15 17:55:30,448 ExecutorChannelManagerMap:95 [pool-16-thread-10] - Cannot connnect VM-116<->VM-52
 WARN 07-15 17:55:30,448 ExecutorChannelManagerMap:95 [pool-16-thread-10] - Cannot connnect VM-116<->VM-51
 WARN 07-15 17:55:30,448 ExecutorChannelManagerMap:95 [pool-16-thread-10] - Cannot connnect VM-116<->VM-50
 WARN 07-15 17:55:30,448 ExecutorChannelManagerMap:95 [pool-16-thread-10] - Cannot connnect VM-116<->VM-1
 WARN 07-15 17:55:30,448 ExecutorChannelManagerMap:95 [pool-16-thread-10] - Cannot connnect VM-116<->VM-2
 WARN 07-15 17:55:30,448 ExecutorChannelManagerMap:95 [pool-16-thread-10] - Cannot connnect VM-116<->VM-3
 WARN 07-15 17:55:30,448 ExecutorChannelManagerMap:95 [pool-16-thread-10] - Cannot connnect VM-116<->VM-4
 WARN 07-15 17:55:30,448 ExecutorChannelManagerMap:95 [pool-16-thread-10] - Cannot connnect VM-116<->VM-5
 WARN 07-15 17:55:30,448 ExecutorChannelManagerMap:95 [pool-16-thread-10] - Cannot connnect VM-116<->VM-29
 WARN 07-15 17:55:30,448 ExecutorChannelManagerMap:95 [pool-16-thread-10] - Cannot connnect VM-116<->VM-28
 WARN 07-15 17:55:30,449 ExecutorChannelManagerMap:95 [pool-16-thread-10] - Cannot connnect VM-116<->VM-27
 WARN 07-15 17:55:30,449 ExecutorChannelManagerMap:95 [pool-16-thread-10] - Cannot connnect VM-116<->VM-26
 WARN 07-15 17:55:30,449 ExecutorChannelManagerMap:95 [pool-16-thread-10] - Cannot connnect VM-116<->VM-25
 WARN 07-15 17:55:30,449 ExecutorChannelManagerMap:95 [pool-16-thread-10] - Cannot connnect VM-116<->VM-24
 WARN 07-15 17:55:30,449 ExecutorChannelManagerMap:95 [pool-16-thread-10] - Cannot connnect VM-116<->VM-100
 WARN 07-15 17:55:30,449 ExecutorChannelManagerMap:95 [pool-16-thread-10] - Cannot connnect VM-116<->VM-23
 WARN 07-15 17:55:30,449 ExecutorChannelManagerMap:95 [pool-16-thread-10] - Cannot connnect VM-116<->VM-22
 WARN 07-15 17:55:30,449 ExecutorChannelManagerMap:106 [pool-16-thread-10] - Executor Executor4 already registered
 WARN 07-15 17:55:30,449 ExecutorChannelManagerMap:95 [pool-16-thread-10] - Cannot connnect VM-116<->VM-21
 WARN 07-15 17:55:30,449 ExecutorChannelManagerMap:106 [pool-16-thread-10] - Executor Executor3 already registered
 WARN 07-15 17:55:30,449 ExecutorChannelManagerMap:95 [pool-16-thread-10] - Cannot connnect VM-116<->VM-20
 WARN 07-15 17:55:30,449 ExecutorChannelManagerMap:95 [pool-16-thread-10] - Cannot connnect VM-116<->VM-101
 WARN 07-15 17:55:30,449 ExecutorChannelManagerMap:95 [pool-16-thread-10] - Cannot connnect VM-116<->VM-39
 WARN 07-15 17:55:30,449 ExecutorChannelManagerMap:95 [pool-16-thread-10] - Cannot connnect VM-116<->VM-38
 WARN 07-15 17:55:30,449 ExecutorChannelManagerMap:95 [pool-16-thread-10] - Cannot connnect VM-116<->VM-37
 WARN 07-15 17:55:30,449 ExecutorChannelManagerMap:95 [pool-16-thread-10] - Cannot connnect VM-116<->VM-36
 WARN 07-15 17:55:30,449 ExecutorChannelManagerMap:95 [pool-16-thread-10] - Cannot connnect VM-116<->VM-35
 WARN 07-15 17:55:30,449 ExecutorChannelManagerMap:95 [pool-16-thread-10] - Cannot connnect VM-116<->VM-34
 WARN 07-15 17:55:30,449 ExecutorChannelManagerMap:95 [pool-16-thread-10] - Cannot connnect VM-116<->VM-111
 WARN 07-15 17:55:30,449 ExecutorChannelManagerMap:95 [pool-16-thread-10] - Cannot connnect VM-116<->VM-33
 WARN 07-15 17:55:30,449 ExecutorChannelManagerMap:95 [pool-16-thread-10] - Cannot connnect VM-116<->VM-110
 WARN 07-15 17:55:30,449 ExecutorChannelManagerMap:95 [pool-16-thread-10] - Cannot connnect VM-116<->VM-32
 WARN 07-15 17:55:30,449 ExecutorChannelManagerMap:95 [pool-16-thread-10] - Cannot connnect VM-116<->VM-31
 WARN 07-15 17:55:30,449 ExecutorChannelManagerMap:95 [pool-16-thread-10] - Cannot connnect VM-116<->VM-30
 WARN 07-15 17:55:30,449 ExecutorChannelManagerMap:95 [pool-16-thread-10] - Cannot connnect VM-116<->VM-115
 WARN 07-15 17:55:30,449 ExecutorChannelManagerMap:95 [pool-16-thread-10] - Cannot connnect VM-116<->VM-114
 WARN 07-15 17:55:30,449 ExecutorChannelManagerMap:95 [pool-16-thread-10] - Cannot connnect VM-116<->VM-113
 WARN 07-15 17:55:30,449 ExecutorChannelManagerMap:95 [pool-16-thread-10] - Cannot connnect VM-116<->VM-112
 WARN 07-15 17:55:30,449 ExecutorChannelManagerMap:95 [pool-16-thread-10] - Cannot connnect VM-116<->VM-108
 WARN 07-15 17:55:30,450 ExecutorChannelManagerMap:95 [pool-16-thread-10] - Cannot connnect VM-116<->VM-107
 WARN 07-15 17:55:30,450 ExecutorChannelManagerMap:106 [pool-16-thread-10] - Executor Executor2 already registered
 WARN 07-15 17:55:30,450 ExecutorChannelManagerMap:106 [pool-16-thread-10] - Executor Executor1 already registered
 WARN 07-15 17:55:30,450 ExecutorChannelManagerMap:106 [pool-16-thread-10] - Executor Executor0 already registered
 WARN 07-15 17:55:30,450 ExecutorChannelManagerMap:95 [pool-16-thread-10] - Cannot connnect VM-116<->VM-109
 WARN 07-15 17:55:30,450 ExecutorChannelManagerMap:95 [pool-16-thread-4] - Cannot connnect VM-116<->VM-89
 WARN 07-15 17:55:30,450 ExecutorChannelManagerMap:95 [pool-16-thread-4] - Cannot connnect VM-116<->VM-122
 WARN 07-15 17:55:30,450 ExecutorChannelManagerMap:95 [pool-16-thread-4] - Cannot connnect VM-116<->VM-88
 WARN 07-15 17:55:30,450 ExecutorChannelManagerMap:95 [pool-16-thread-4] - Cannot connnect VM-116<->VM-121
 WARN 07-15 17:55:30,450 ExecutorChannelManagerMap:95 [pool-16-thread-4] - Cannot connnect VM-116<->VM-87
 WARN 07-15 17:55:30,450 ExecutorChannelManagerMap:95 [pool-16-thread-4] - Cannot connnect VM-116<->VM-120
 WARN 07-15 17:55:30,450 ExecutorChannelManagerMap:95 [pool-16-thread-4] - Cannot connnect VM-116<->VM-86
 WARN 07-15 17:55:30,450 ExecutorChannelManagerMap:95 [pool-16-thread-4] - Cannot connnect VM-116<->VM-85
 WARN 07-15 17:55:30,450 ExecutorChannelManagerMap:95 [pool-16-thread-4] - Cannot connnect VM-116<->VM-126
 WARN 07-15 17:55:30,450 ExecutorChannelManagerMap:95 [pool-16-thread-4] - Cannot connnect VM-116<->VM-84
 WARN 07-15 17:55:30,450 ExecutorChannelManagerMap:95 [pool-16-thread-4] - Cannot connnect VM-116<->VM-125
 WARN 07-15 17:55:30,450 ExecutorChannelManagerMap:95 [pool-16-thread-4] - Cannot connnect VM-116<->VM-83
 WARN 07-15 17:55:30,450 ExecutorChannelManagerMap:95 [pool-16-thread-4] - Cannot connnect VM-116<->VM-124
 WARN 07-15 17:55:30,450 ExecutorChannelManagerMap:95 [pool-16-thread-4] - Cannot connnect VM-116<->VM-82
 WARN 07-15 17:55:30,450 ExecutorChannelManagerMap:95 [pool-16-thread-4] - Cannot connnect VM-116<->VM-123
 WARN 07-15 17:55:30,450 ExecutorChannelManagerMap:95 [pool-16-thread-4] - Cannot connnect VM-116<->VM-81
 WARN 07-15 17:55:30,450 ExecutorChannelManagerMap:95 [pool-16-thread-4] - Cannot connnect VM-116<->VM-119
 WARN 07-15 17:55:30,450 ExecutorChannelManagerMap:95 [pool-16-thread-4] - Cannot connnect VM-116<->VM-80
 WARN 07-15 17:55:30,450 ExecutorChannelManagerMap:95 [pool-16-thread-4] - Cannot connnect VM-116<->VM-118
 WARN 07-15 17:55:30,450 ExecutorChannelManagerMap:95 [pool-16-thread-4] - Cannot connnect VM-116<->VM-117
 WARN 07-15 17:55:30,450 ExecutorChannelManagerMap:95 [pool-16-thread-4] - Cannot connnect VM-116<->VM-19
 WARN 07-15 17:55:30,451 ExecutorChannelManagerMap:95 [pool-16-thread-4] - Cannot connnect VM-116<->VM-18
 WARN 07-15 17:55:30,451 ExecutorChannelManagerMap:95 [pool-16-thread-4] - Cannot connnect VM-116<->VM-17
 WARN 07-15 17:55:30,451 ExecutorChannelManagerMap:95 [pool-16-thread-4] - Cannot connnect VM-116<->VM-16
 WARN 07-15 17:55:30,451 ExecutorChannelManagerMap:95 [pool-16-thread-4] - Cannot connnect VM-116<->VM-15
 WARN 07-15 17:55:30,451 ExecutorChannelManagerMap:95 [pool-16-thread-4] - Cannot connnect VM-116<->VM-14
 WARN 07-15 17:55:30,451 ExecutorChannelManagerMap:95 [pool-16-thread-4] - Cannot connnect VM-116<->VM-13
 WARN 07-15 17:55:30,451 ExecutorChannelManagerMap:95 [pool-16-thread-4] - Cannot connnect VM-116<->VM-12
 WARN 07-15 17:55:30,451 ExecutorChannelManagerMap:95 [pool-16-thread-4] - Cannot connnect VM-116<->VM-133
 WARN 07-15 17:55:30,451 ExecutorChannelManagerMap:95 [pool-16-thread-4] - Cannot connnect VM-116<->VM-99
 WARN 07-15 17:55:30,451 ExecutorChannelManagerMap:95 [pool-16-thread-4] - Cannot connnect VM-116<->VM-11
 WARN 07-15 17:55:30,451 ExecutorChannelManagerMap:95 [pool-16-thread-4] - Cannot connnect VM-116<->VM-132
 WARN 07-15 17:55:30,451 ExecutorChannelManagerMap:95 [pool-16-thread-4] - Cannot connnect VM-116<->VM-98
 WARN 07-15 17:55:30,451 ExecutorChannelManagerMap:95 [pool-16-thread-4] - Cannot connnect VM-116<->VM-10
 WARN 07-15 17:55:30,451 ExecutorChannelManagerMap:95 [pool-16-thread-4] - Cannot connnect VM-116<->VM-131
 WARN 07-15 17:55:30,451 ExecutorChannelManagerMap:95 [pool-16-thread-4] - Cannot connnect VM-116<->VM-97
 WARN 07-15 17:55:30,451 ExecutorChannelManagerMap:95 [pool-16-thread-4] - Cannot connnect VM-116<->VM-130
 WARN 07-15 17:55:30,451 ExecutorChannelManagerMap:95 [pool-16-thread-4] - Cannot connnect VM-116<->VM-96
 WARN 07-15 17:55:30,451 ExecutorChannelManagerMap:95 [pool-16-thread-4] - Cannot connnect VM-116<->VM-137
 WARN 07-15 17:55:30,451 ExecutorChannelManagerMap:95 [pool-16-thread-4] - Cannot connnect VM-116<->VM-95
 WARN 07-15 17:55:30,451 ExecutorChannelManagerMap:95 [pool-16-thread-4] - Cannot connnect VM-116<->VM-136
 WARN 07-15 17:55:30,451 ExecutorChannelManagerMap:95 [pool-16-thread-4] - Cannot connnect VM-116<->VM-94
 WARN 07-15 17:55:30,451 ExecutorChannelManagerMap:95 [pool-16-thread-4] - Cannot connnect VM-116<->VM-135
 WARN 07-15 17:55:30,451 ExecutorChannelManagerMap:95 [pool-16-thread-4] - Cannot connnect VM-116<->VM-93
 WARN 07-15 17:55:30,451 ExecutorChannelManagerMap:95 [pool-16-thread-4] - Cannot connnect VM-116<->VM-134
 WARN 07-15 17:55:30,451 ExecutorChannelManagerMap:95 [pool-16-thread-4] - Cannot connnect VM-116<->VM-92
 WARN 07-15 17:55:30,451 ExecutorChannelManagerMap:95 [pool-16-thread-4] - Cannot connnect VM-116<->VM-91
 WARN 07-15 17:55:30,451 ExecutorChannelManagerMap:95 [pool-16-thread-4] - Cannot connnect VM-116<->VM-129
 WARN 07-15 17:55:30,451 ExecutorChannelManagerMap:95 [pool-16-thread-4] - Cannot connnect VM-116<->VM-90
 WARN 07-15 17:55:30,452 ExecutorChannelManagerMap:95 [pool-16-thread-4] - Cannot connnect VM-116<->VM-128
 WARN 07-15 17:55:30,452 ExecutorChannelManagerMap:95 [pool-16-thread-4] - Cannot connnect VM-116<->VM-127
 WARN 07-15 17:55:30,452 ExecutorChannelManagerMap:95 [pool-16-thread-4] - Cannot connnect VM-116<->VM-140
 WARN 07-15 17:55:30,452 ExecutorChannelManagerMap:95 [pool-16-thread-4] - Cannot connnect VM-116<->VM-69
 WARN 07-15 17:55:30,452 ExecutorChannelManagerMap:95 [pool-16-thread-4] - Cannot connnect VM-116<->VM-68
 WARN 07-15 17:55:30,452 ExecutorChannelManagerMap:95 [pool-16-thread-4] - Cannot connnect VM-116<->VM-67
 WARN 07-15 17:55:30,452 ExecutorChannelManagerMap:95 [pool-16-thread-4] - Cannot connnect VM-116<->VM-144
 WARN 07-15 17:55:30,452 ExecutorChannelManagerMap:95 [pool-16-thread-4] - Cannot connnect VM-116<->VM-66
 WARN 07-15 17:55:30,452 ExecutorChannelManagerMap:95 [pool-16-thread-4] - Cannot connnect VM-116<->VM-143
 WARN 07-15 17:55:30,452 ExecutorChannelManagerMap:95 [pool-16-thread-4] - Cannot connnect VM-116<->VM-65
 WARN 07-15 17:55:30,452 ExecutorChannelManagerMap:95 [pool-16-thread-4] - Cannot connnect VM-116<->VM-142
 WARN 07-15 17:55:30,452 ExecutorChannelManagerMap:95 [pool-16-thread-4] - Cannot connnect VM-116<->VM-64
 WARN 07-15 17:55:30,452 ExecutorChannelManagerMap:95 [pool-16-thread-4] - Cannot connnect VM-116<->VM-141
 WARN 07-15 17:55:30,452 ExecutorChannelManagerMap:95 [pool-16-thread-4] - Cannot connnect VM-116<->VM-63
 WARN 07-15 17:55:30,452 ExecutorChannelManagerMap:95 [pool-16-thread-4] - Cannot connnect VM-116<->VM-148
 WARN 07-15 17:55:30,452 ExecutorChannelManagerMap:95 [pool-16-thread-4] - Cannot connnect VM-116<->VM-62
 WARN 07-15 17:55:30,452 ExecutorChannelManagerMap:95 [pool-16-thread-4] - Cannot connnect VM-116<->VM-147
 WARN 07-15 17:55:30,452 ExecutorChannelManagerMap:95 [pool-16-thread-4] - Cannot connnect VM-116<->VM-61
 WARN 07-15 17:55:30,452 ExecutorChannelManagerMap:95 [pool-16-thread-4] - Cannot connnect VM-116<->VM-146
 WARN 07-15 17:55:30,452 ExecutorChannelManagerMap:95 [pool-16-thread-4] - Cannot connnect VM-116<->VM-60
 WARN 07-15 17:55:30,452 ExecutorChannelManagerMap:95 [pool-16-thread-4] - Cannot connnect VM-116<->VM-145
 WARN 07-15 17:55:30,452 ExecutorChannelManagerMap:95 [pool-16-thread-4] - Cannot connnect VM-116<->VM-139
 WARN 07-15 17:55:30,452 ExecutorChannelManagerMap:95 [pool-16-thread-4] - Cannot connnect VM-116<->VM-138
 WARN 07-15 17:55:30,452 ExecutorChannelManagerMap:95 [pool-16-thread-4] - Cannot connnect VM-116<->VM-151
 WARN 07-15 17:55:30,452 ExecutorChannelManagerMap:95 [pool-16-thread-4] - Cannot connnect VM-116<->VM-150
 WARN 07-15 17:55:30,452 ExecutorChannelManagerMap:95 [pool-16-thread-4] - Cannot connnect VM-116<->VM-79
 WARN 07-15 17:55:30,452 ExecutorChannelManagerMap:95 [pool-16-thread-4] - Cannot connnect VM-116<->VM-78
 WARN 07-15 17:55:30,452 ExecutorChannelManagerMap:95 [pool-16-thread-4] - Cannot connnect VM-116<->VM-155
 WARN 07-15 17:55:30,452 ExecutorChannelManagerMap:95 [pool-16-thread-4] - Cannot connnect VM-116<->VM-77
 WARN 07-15 17:55:30,452 ExecutorChannelManagerMap:95 [pool-16-thread-4] - Cannot connnect VM-116<->VM-154
 WARN 07-15 17:55:30,452 ExecutorChannelManagerMap:95 [pool-16-thread-4] - Cannot connnect VM-116<->VM-76
 WARN 07-15 17:55:30,453 ExecutorChannelManagerMap:95 [pool-16-thread-4] - Cannot connnect VM-116<->VM-153
 WARN 07-15 17:55:30,453 ExecutorChannelManagerMap:95 [pool-16-thread-4] - Cannot connnect VM-116<->VM-75
 WARN 07-15 17:55:30,453 ExecutorChannelManagerMap:95 [pool-16-thread-4] - Cannot connnect VM-116<->VM-152
 WARN 07-15 17:55:30,453 ExecutorChannelManagerMap:95 [pool-16-thread-4] - Cannot connnect VM-116<->VM-74
 WARN 07-15 17:55:30,453 ExecutorChannelManagerMap:95 [pool-16-thread-4] - Cannot connnect VM-116<->VM-159
 WARN 07-15 17:55:30,453 ExecutorChannelManagerMap:95 [pool-16-thread-4] - Cannot connnect VM-116<->VM-73
 WARN 07-15 17:55:30,453 ExecutorChannelManagerMap:95 [pool-16-thread-4] - Cannot connnect VM-116<->VM-158
 WARN 07-15 17:55:30,453 ExecutorChannelManagerMap:95 [pool-16-thread-4] - Cannot connnect VM-116<->VM-72
 WARN 07-15 17:55:30,453 ExecutorChannelManagerMap:95 [pool-16-thread-4] - Cannot connnect VM-116<->VM-157
 WARN 07-15 17:55:30,453 ExecutorChannelManagerMap:95 [pool-16-thread-4] - Cannot connnect VM-116<->VM-71
 WARN 07-15 17:55:30,453 ExecutorChannelManagerMap:95 [pool-16-thread-4] - Cannot connnect VM-116<->VM-156
 WARN 07-15 17:55:30,453 ExecutorChannelManagerMap:95 [pool-16-thread-4] - Cannot connnect VM-116<->VM-70
 WARN 07-15 17:55:30,453 ExecutorChannelManagerMap:95 [pool-16-thread-4] - Cannot connnect VM-116<->VM-149
 WARN 07-15 17:55:30,453 ExecutorChannelManagerMap:95 [pool-16-thread-4] - Cannot connnect VM-116<->VM-49
 WARN 07-15 17:55:30,453 ExecutorChannelManagerMap:95 [pool-16-thread-4] - Cannot connnect VM-116<->VM-48
 WARN 07-15 17:55:30,453 ExecutorChannelManagerMap:95 [pool-16-thread-4] - Cannot connnect VM-116<->VM-47
 WARN 07-15 17:55:30,453 ExecutorChannelManagerMap:95 [pool-16-thread-4] - Cannot connnect VM-116<->VM-160
 WARN 07-15 17:55:30,453 ExecutorChannelManagerMap:95 [pool-16-thread-4] - Cannot connnect VM-116<->VM-46
 WARN 07-15 17:55:30,453 ExecutorChannelManagerMap:95 [pool-16-thread-4] - Cannot connnect VM-116<->VM-45
 WARN 07-15 17:55:30,453 ExecutorChannelManagerMap:95 [pool-16-thread-4] - Cannot connnect VM-116<->VM-6
 WARN 07-15 17:55:30,453 ExecutorChannelManagerMap:95 [pool-16-thread-4] - Cannot connnect VM-116<->VM-44
 WARN 07-15 17:55:30,453 ExecutorChannelManagerMap:95 [pool-16-thread-4] - Cannot connnect VM-116<->VM-43
 WARN 07-15 17:55:30,453 ExecutorChannelManagerMap:95 [pool-16-thread-4] - Cannot connnect VM-116<->VM-8
 WARN 07-15 17:55:30,453 ExecutorChannelManagerMap:95 [pool-16-thread-4] - Cannot connnect VM-116<->VM-42
 WARN 07-15 17:55:30,453 ExecutorChannelManagerMap:95 [pool-16-thread-4] - Cannot connnect VM-116<->VM-9
 WARN 07-15 17:55:30,453 ExecutorChannelManagerMap:95 [pool-16-thread-4] - Cannot connnect VM-116<->VM-41
 WARN 07-15 17:55:30,453 ExecutorChannelManagerMap:95 [pool-16-thread-4] - Cannot connnect VM-116<->VM-40
 WARN 07-15 17:55:30,453 ExecutorChannelManagerMap:95 [pool-16-thread-4] - Cannot connnect VM-116<->VM-59
 WARN 07-15 17:55:30,453 ExecutorChannelManagerMap:95 [pool-16-thread-4] - Cannot connnect VM-116<->VM-58
 WARN 07-15 17:55:30,453 ExecutorChannelManagerMap:95 [pool-16-thread-4] - Cannot connnect VM-116<->VM-57
 WARN 07-15 17:55:30,453 ExecutorChannelManagerMap:95 [pool-16-thread-4] - Cannot connnect VM-116<->VM-56
 WARN 07-15 17:55:30,454 ExecutorChannelManagerMap:95 [pool-16-thread-4] - Cannot connnect VM-116<->VM-55
 WARN 07-15 17:55:30,454 ExecutorChannelManagerMap:95 [pool-16-thread-4] - Cannot connnect VM-116<->VM-54
 WARN 07-15 17:55:30,454 ExecutorChannelManagerMap:95 [pool-16-thread-4] - Cannot connnect VM-116<->VM-53
 WARN 07-15 17:55:30,454 ExecutorChannelManagerMap:95 [pool-16-thread-4] - Cannot connnect VM-116<->VM-52
 WARN 07-15 17:55:30,454 ExecutorChannelManagerMap:95 [pool-16-thread-4] - Cannot connnect VM-116<->VM-51
 WARN 07-15 17:55:30,454 ExecutorChannelManagerMap:95 [pool-16-thread-4] - Cannot connnect VM-116<->VM-50
 WARN 07-15 17:55:30,454 ExecutorChannelManagerMap:95 [pool-16-thread-4] - Cannot connnect VM-116<->VM-1
 WARN 07-15 17:55:30,454 ExecutorChannelManagerMap:95 [pool-16-thread-4] - Cannot connnect VM-116<->VM-2
 WARN 07-15 17:55:30,454 ExecutorChannelManagerMap:95 [pool-16-thread-4] - Cannot connnect VM-116<->VM-3
 WARN 07-15 17:55:30,454 ExecutorChannelManagerMap:95 [pool-16-thread-4] - Cannot connnect VM-116<->VM-4
 WARN 07-15 17:55:30,454 ExecutorChannelManagerMap:95 [pool-16-thread-4] - Cannot connnect VM-116<->VM-5
 WARN 07-15 17:55:30,454 ExecutorChannelManagerMap:95 [pool-16-thread-4] - Cannot connnect VM-116<->VM-29
 WARN 07-15 17:55:30,454 ExecutorChannelManagerMap:95 [pool-16-thread-4] - Cannot connnect VM-116<->VM-28
 WARN 07-15 17:55:30,454 ExecutorChannelManagerMap:95 [pool-16-thread-4] - Cannot connnect VM-116<->VM-27
 WARN 07-15 17:55:30,454 ExecutorChannelManagerMap:95 [pool-16-thread-4] - Cannot connnect VM-116<->VM-26
 WARN 07-15 17:55:30,454 ExecutorChannelManagerMap:95 [pool-16-thread-4] - Cannot connnect VM-116<->VM-25
 WARN 07-15 17:55:30,454 ExecutorChannelManagerMap:95 [pool-16-thread-4] - Cannot connnect VM-116<->VM-24
 WARN 07-15 17:55:30,454 ExecutorChannelManagerMap:95 [pool-16-thread-4] - Cannot connnect VM-116<->VM-100
 WARN 07-15 17:55:30,454 ExecutorChannelManagerMap:95 [pool-16-thread-4] - Cannot connnect VM-116<->VM-23
 WARN 07-15 17:55:30,454 ExecutorChannelManagerMap:95 [pool-16-thread-4] - Cannot connnect VM-116<->VM-22
 WARN 07-15 17:55:30,454 ExecutorChannelManagerMap:106 [pool-16-thread-4] - Executor Executor4 already registered
 WARN 07-15 17:55:30,454 ExecutorChannelManagerMap:95 [pool-16-thread-4] - Cannot connnect VM-116<->VM-21
 WARN 07-15 17:55:30,454 ExecutorChannelManagerMap:106 [pool-16-thread-4] - Executor Executor3 already registered
 WARN 07-15 17:55:30,454 ExecutorChannelManagerMap:95 [pool-16-thread-4] - Cannot connnect VM-116<->VM-20
 WARN 07-15 17:55:30,454 ExecutorChannelManagerMap:95 [pool-16-thread-4] - Cannot connnect VM-116<->VM-101
 WARN 07-15 17:55:30,454 ExecutorChannelManagerMap:95 [pool-16-thread-4] - Cannot connnect VM-116<->VM-39
 WARN 07-15 17:55:30,454 ExecutorChannelManagerMap:95 [pool-16-thread-4] - Cannot connnect VM-116<->VM-38
 WARN 07-15 17:55:30,454 ExecutorChannelManagerMap:95 [pool-16-thread-4] - Cannot connnect VM-116<->VM-37
 WARN 07-15 17:55:30,454 ExecutorChannelManagerMap:95 [pool-16-thread-4] - Cannot connnect VM-116<->VM-36
 WARN 07-15 17:55:30,454 ExecutorChannelManagerMap:95 [pool-16-thread-4] - Cannot connnect VM-116<->VM-35
 WARN 07-15 17:55:30,454 ExecutorChannelManagerMap:95 [pool-16-thread-4] - Cannot connnect VM-116<->VM-34
 WARN 07-15 17:55:30,455 ExecutorChannelManagerMap:95 [pool-16-thread-4] - Cannot connnect VM-116<->VM-33
 WARN 07-15 17:55:30,455 ExecutorChannelManagerMap:95 [pool-16-thread-4] - Cannot connnect VM-116<->VM-32
 WARN 07-15 17:55:30,455 ExecutorChannelManagerMap:95 [pool-16-thread-4] - Cannot connnect VM-116<->VM-31
 WARN 07-15 17:55:30,455 ExecutorChannelManagerMap:95 [pool-16-thread-4] - Cannot connnect VM-116<->VM-30
 WARN 07-15 17:55:30,455 ExecutorChannelManagerMap:95 [pool-16-thread-4] - Cannot connnect VM-116<->VM-115
 WARN 07-15 17:55:30,455 ExecutorChannelManagerMap:95 [pool-16-thread-4] - Cannot connnect VM-116<->VM-114
 WARN 07-15 17:55:30,455 ExecutorChannelManagerMap:106 [pool-16-thread-4] - Executor Executor2 already registered
 WARN 07-15 17:55:30,455 ExecutorChannelManagerMap:106 [pool-16-thread-4] - Executor Executor1 already registered
 WARN 07-15 17:55:30,455 ExecutorChannelManagerMap:106 [pool-16-thread-4] - Executor Executor0 already registered
 WARN 07-15 17:55:30,455 ExecutorChannelManagerMap:95 [pool-16-thread-3] - Cannot connnect VM-116<->VM-39
 WARN 07-15 17:55:30,455 ExecutorChannelManagerMap:95 [pool-16-thread-3] - Cannot connnect VM-116<->VM-38
 WARN 07-15 17:55:30,455 ExecutorChannelManagerMap:95 [pool-16-thread-3] - Cannot connnect VM-116<->VM-37
 WARN 07-15 17:55:30,455 ExecutorChannelManagerMap:95 [pool-16-thread-3] - Cannot connnect VM-116<->VM-36
 WARN 07-15 17:55:30,455 ExecutorChannelManagerMap:95 [pool-16-thread-3] - Cannot connnect VM-116<->VM-35
 WARN 07-15 17:55:30,455 ExecutorChannelManagerMap:95 [pool-16-thread-3] - Cannot connnect VM-116<->VM-34
 WARN 07-15 17:55:30,455 ExecutorChannelManagerMap:95 [pool-16-thread-3] - Cannot connnect VM-116<->VM-33
 WARN 07-15 17:55:30,455 ExecutorChannelManagerMap:95 [pool-16-thread-3] - Cannot connnect VM-116<->VM-32
 WARN 07-15 17:55:30,455 ExecutorChannelManagerMap:95 [pool-16-thread-3] - Cannot connnect VM-116<->VM-31
 WARN 07-15 17:55:30,455 ExecutorChannelManagerMap:95 [pool-16-thread-3] - Cannot connnect VM-116<->VM-30
 WARN 07-15 17:55:30,455 ExecutorChannelManagerMap:95 [pool-16-thread-3] - Cannot connnect VM-116<->VM-115
 WARN 07-15 17:55:30,455 ExecutorChannelManagerMap:95 [pool-16-thread-3] - Cannot connnect VM-116<->VM-114
 WARN 07-15 17:55:30,455 ExecutorChannelManagerMap:95 [pool-16-thread-3] - Cannot connnect VM-116<->VM-113
 WARN 07-15 17:55:30,455 ExecutorChannelManagerMap:106 [pool-16-thread-3] - Executor Executor2 already registered
 WARN 07-15 17:55:30,455 ExecutorChannelManagerMap:106 [pool-16-thread-3] - Executor Executor1 already registered
 WARN 07-15 17:55:30,455 ExecutorChannelManagerMap:106 [pool-16-thread-3] - Executor Executor0 already registered
 WARN 07-15 17:55:30,455 ExecutorChannelManagerMap:95 [pool-16-thread-5] - Cannot connnect VM-116<->VM-89
 WARN 07-15 17:55:30,455 ExecutorChannelManagerMap:95 [pool-16-thread-5] - Cannot connnect VM-116<->VM-122
 WARN 07-15 17:55:30,455 ExecutorChannelManagerMap:95 [pool-16-thread-5] - Cannot connnect VM-116<->VM-88
 WARN 07-15 17:55:30,456 ExecutorChannelManagerMap:95 [pool-16-thread-5] - Cannot connnect VM-116<->VM-121
 WARN 07-15 17:55:30,456 ExecutorChannelManagerMap:95 [pool-16-thread-5] - Cannot connnect VM-116<->VM-87
 WARN 07-15 17:55:30,456 ExecutorChannelManagerMap:95 [pool-16-thread-5] - Cannot connnect VM-116<->VM-120
 WARN 07-15 17:55:30,456 ExecutorChannelManagerMap:95 [pool-16-thread-5] - Cannot connnect VM-116<->VM-86
 WARN 07-15 17:55:30,456 ExecutorChannelManagerMap:95 [pool-16-thread-5] - Cannot connnect VM-116<->VM-85
 WARN 07-15 17:55:30,456 ExecutorChannelManagerMap:95 [pool-16-thread-5] - Cannot connnect VM-116<->VM-126
 WARN 07-15 17:55:30,456 ExecutorChannelManagerMap:95 [pool-16-thread-5] - Cannot connnect VM-116<->VM-84
 WARN 07-15 17:55:30,456 ExecutorChannelManagerMap:95 [pool-16-thread-5] - Cannot connnect VM-116<->VM-125
 WARN 07-15 17:55:30,456 ExecutorChannelManagerMap:95 [pool-16-thread-5] - Cannot connnect VM-116<->VM-83
 WARN 07-15 17:55:30,456 ExecutorChannelManagerMap:95 [pool-16-thread-5] - Cannot connnect VM-116<->VM-124
 WARN 07-15 17:55:30,456 ExecutorChannelManagerMap:95 [pool-16-thread-5] - Cannot connnect VM-116<->VM-82
 WARN 07-15 17:55:30,456 ExecutorChannelManagerMap:95 [pool-16-thread-5] - Cannot connnect VM-116<->VM-123
 WARN 07-15 17:55:30,456 ExecutorChannelManagerMap:95 [pool-16-thread-5] - Cannot connnect VM-116<->VM-81
 WARN 07-15 17:55:30,456 ExecutorChannelManagerMap:95 [pool-16-thread-5] - Cannot connnect VM-116<->VM-119
 WARN 07-15 17:55:30,456 ExecutorChannelManagerMap:95 [pool-16-thread-5] - Cannot connnect VM-116<->VM-80
 WARN 07-15 17:55:30,456 ExecutorChannelManagerMap:95 [pool-16-thread-5] - Cannot connnect VM-116<->VM-118
 WARN 07-15 17:55:30,456 ExecutorChannelManagerMap:95 [pool-16-thread-5] - Cannot connnect VM-116<->VM-117
 WARN 07-15 17:55:30,456 ExecutorChannelManagerMap:95 [pool-16-thread-5] - Cannot connnect VM-116<->VM-19
 WARN 07-15 17:55:30,456 ExecutorChannelManagerMap:95 [pool-16-thread-5] - Cannot connnect VM-116<->VM-18
 WARN 07-15 17:55:30,456 ExecutorChannelManagerMap:95 [pool-16-thread-5] - Cannot connnect VM-116<->VM-17
 WARN 07-15 17:55:30,456 ExecutorChannelManagerMap:95 [pool-16-thread-5] - Cannot connnect VM-116<->VM-16
 WARN 07-15 17:55:30,456 ExecutorChannelManagerMap:95 [pool-16-thread-5] - Cannot connnect VM-116<->VM-15
 WARN 07-15 17:55:30,456 ExecutorChannelManagerMap:95 [pool-16-thread-5] - Cannot connnect VM-116<->VM-14
 WARN 07-15 17:55:30,456 ExecutorChannelManagerMap:95 [pool-16-thread-5] - Cannot connnect VM-116<->VM-13
 WARN 07-15 17:55:30,456 ExecutorChannelManagerMap:95 [pool-16-thread-5] - Cannot connnect VM-116<->VM-12
 WARN 07-15 17:55:30,456 ExecutorChannelManagerMap:95 [pool-16-thread-5] - Cannot connnect VM-116<->VM-133
 WARN 07-15 17:55:30,456 ExecutorChannelManagerMap:95 [pool-16-thread-5] - Cannot connnect VM-116<->VM-99
 WARN 07-15 17:55:30,456 ExecutorChannelManagerMap:95 [pool-16-thread-5] - Cannot connnect VM-116<->VM-11
 WARN 07-15 17:55:30,456 ExecutorChannelManagerMap:95 [pool-16-thread-5] - Cannot connnect VM-116<->VM-132
 WARN 07-15 17:55:30,457 ExecutorChannelManagerMap:95 [pool-16-thread-5] - Cannot connnect VM-116<->VM-98
 WARN 07-15 17:55:30,457 ExecutorChannelManagerMap:95 [pool-16-thread-5] - Cannot connnect VM-116<->VM-10
 WARN 07-15 17:55:30,457 ExecutorChannelManagerMap:95 [pool-16-thread-5] - Cannot connnect VM-116<->VM-131
 WARN 07-15 17:55:30,457 ExecutorChannelManagerMap:95 [pool-16-thread-5] - Cannot connnect VM-116<->VM-97
 WARN 07-15 17:55:30,457 ExecutorChannelManagerMap:95 [pool-16-thread-5] - Cannot connnect VM-116<->VM-130
 WARN 07-15 17:55:30,457 ExecutorChannelManagerMap:95 [pool-16-thread-5] - Cannot connnect VM-116<->VM-96
 WARN 07-15 17:55:30,457 ExecutorChannelManagerMap:95 [pool-16-thread-5] - Cannot connnect VM-116<->VM-137
 WARN 07-15 17:55:30,457 ExecutorChannelManagerMap:95 [pool-16-thread-5] - Cannot connnect VM-116<->VM-95
 WARN 07-15 17:55:30,457 ExecutorChannelManagerMap:95 [pool-16-thread-5] - Cannot connnect VM-116<->VM-136
 WARN 07-15 17:55:30,457 ExecutorChannelManagerMap:95 [pool-16-thread-5] - Cannot connnect VM-116<->VM-94
 WARN 07-15 17:55:30,457 ExecutorChannelManagerMap:95 [pool-16-thread-5] - Cannot connnect VM-116<->VM-135
 WARN 07-15 17:55:30,457 ExecutorChannelManagerMap:95 [pool-16-thread-5] - Cannot connnect VM-116<->VM-93
 WARN 07-15 17:55:30,457 ExecutorChannelManagerMap:95 [pool-16-thread-5] - Cannot connnect VM-116<->VM-134
 WARN 07-15 17:55:30,457 ExecutorChannelManagerMap:95 [pool-16-thread-5] - Cannot connnect VM-116<->VM-92
 WARN 07-15 17:55:30,457 ExecutorChannelManagerMap:95 [pool-16-thread-5] - Cannot connnect VM-116<->VM-91
 WARN 07-15 17:55:30,457 ExecutorChannelManagerMap:95 [pool-16-thread-5] - Cannot connnect VM-116<->VM-129
 WARN 07-15 17:55:30,457 ExecutorChannelManagerMap:95 [pool-16-thread-5] - Cannot connnect VM-116<->VM-90
 WARN 07-15 17:55:30,457 ExecutorChannelManagerMap:95 [pool-16-thread-5] - Cannot connnect VM-116<->VM-128
 WARN 07-15 17:55:30,457 ExecutorChannelManagerMap:95 [pool-16-thread-5] - Cannot connnect VM-116<->VM-127
 WARN 07-15 17:55:30,457 ExecutorChannelManagerMap:95 [pool-16-thread-5] - Cannot connnect VM-116<->VM-140
 WARN 07-15 17:55:30,457 ExecutorChannelManagerMap:95 [pool-16-thread-5] - Cannot connnect VM-116<->VM-69
 WARN 07-15 17:55:30,457 ExecutorChannelManagerMap:95 [pool-16-thread-5] - Cannot connnect VM-116<->VM-68
 WARN 07-15 17:55:30,457 ExecutorChannelManagerMap:95 [pool-16-thread-5] - Cannot connnect VM-116<->VM-67
 WARN 07-15 17:55:30,457 ExecutorChannelManagerMap:95 [pool-16-thread-5] - Cannot connnect VM-116<->VM-144
 WARN 07-15 17:55:30,457 ExecutorChannelManagerMap:95 [pool-16-thread-5] - Cannot connnect VM-116<->VM-66
 WARN 07-15 17:55:30,457 ExecutorChannelManagerMap:95 [pool-16-thread-5] - Cannot connnect VM-116<->VM-143
 WARN 07-15 17:55:30,457 ExecutorChannelManagerMap:95 [pool-16-thread-5] - Cannot connnect VM-116<->VM-65
 WARN 07-15 17:55:30,457 ExecutorChannelManagerMap:95 [pool-16-thread-5] - Cannot connnect VM-116<->VM-142
 WARN 07-15 17:55:30,457 ExecutorChannelManagerMap:95 [pool-16-thread-5] - Cannot connnect VM-116<->VM-64
 WARN 07-15 17:55:30,457 ExecutorChannelManagerMap:95 [pool-16-thread-5] - Cannot connnect VM-116<->VM-141
 WARN 07-15 17:55:30,457 ExecutorChannelManagerMap:95 [pool-16-thread-5] - Cannot connnect VM-116<->VM-63
 WARN 07-15 17:55:30,458 ExecutorChannelManagerMap:95 [pool-16-thread-5] - Cannot connnect VM-116<->VM-148
 WARN 07-15 17:55:30,458 ExecutorChannelManagerMap:95 [pool-16-thread-5] - Cannot connnect VM-116<->VM-62
 WARN 07-15 17:55:30,458 ExecutorChannelManagerMap:95 [pool-16-thread-5] - Cannot connnect VM-116<->VM-147
 WARN 07-15 17:55:30,458 ExecutorChannelManagerMap:95 [pool-16-thread-5] - Cannot connnect VM-116<->VM-61
 WARN 07-15 17:55:30,458 ExecutorChannelManagerMap:95 [pool-16-thread-5] - Cannot connnect VM-116<->VM-146
 WARN 07-15 17:55:30,458 ExecutorChannelManagerMap:95 [pool-16-thread-5] - Cannot connnect VM-116<->VM-60
 WARN 07-15 17:55:30,458 ExecutorChannelManagerMap:95 [pool-16-thread-5] - Cannot connnect VM-116<->VM-145
 WARN 07-15 17:55:30,458 ExecutorChannelManagerMap:95 [pool-16-thread-5] - Cannot connnect VM-116<->VM-139
 WARN 07-15 17:55:30,458 ExecutorChannelManagerMap:95 [pool-16-thread-5] - Cannot connnect VM-116<->VM-138
 WARN 07-15 17:55:30,458 ExecutorChannelManagerMap:95 [pool-16-thread-5] - Cannot connnect VM-116<->VM-151
 WARN 07-15 17:55:30,458 ExecutorChannelManagerMap:95 [pool-16-thread-5] - Cannot connnect VM-116<->VM-150
 WARN 07-15 17:55:30,458 ExecutorChannelManagerMap:95 [pool-16-thread-5] - Cannot connnect VM-116<->VM-79
 WARN 07-15 17:55:30,458 ExecutorChannelManagerMap:95 [pool-16-thread-5] - Cannot connnect VM-116<->VM-78
 WARN 07-15 17:55:30,458 ExecutorChannelManagerMap:95 [pool-16-thread-5] - Cannot connnect VM-116<->VM-155
 WARN 07-15 17:55:30,458 ExecutorChannelManagerMap:95 [pool-16-thread-5] - Cannot connnect VM-116<->VM-77
 WARN 07-15 17:55:30,458 ExecutorChannelManagerMap:95 [pool-16-thread-5] - Cannot connnect VM-116<->VM-154
 WARN 07-15 17:55:30,458 ExecutorChannelManagerMap:95 [pool-16-thread-5] - Cannot connnect VM-116<->VM-76
 WARN 07-15 17:55:30,458 ExecutorChannelManagerMap:95 [pool-16-thread-5] - Cannot connnect VM-116<->VM-153
 WARN 07-15 17:55:30,458 ExecutorChannelManagerMap:95 [pool-16-thread-5] - Cannot connnect VM-116<->VM-75
 WARN 07-15 17:55:30,458 ExecutorChannelManagerMap:95 [pool-16-thread-5] - Cannot connnect VM-116<->VM-152
 WARN 07-15 17:55:30,458 ExecutorChannelManagerMap:95 [pool-16-thread-5] - Cannot connnect VM-116<->VM-74
 WARN 07-15 17:55:30,458 ExecutorChannelManagerMap:95 [pool-16-thread-5] - Cannot connnect VM-116<->VM-159
 WARN 07-15 17:55:30,458 ExecutorChannelManagerMap:95 [pool-16-thread-5] - Cannot connnect VM-116<->VM-73
 WARN 07-15 17:55:30,458 ExecutorChannelManagerMap:95 [pool-16-thread-5] - Cannot connnect VM-116<->VM-158
 WARN 07-15 17:55:30,458 ExecutorChannelManagerMap:95 [pool-16-thread-5] - Cannot connnect VM-116<->VM-72
 WARN 07-15 17:55:30,458 ExecutorChannelManagerMap:95 [pool-16-thread-5] - Cannot connnect VM-116<->VM-157
 WARN 07-15 17:55:30,458 ExecutorChannelManagerMap:95 [pool-16-thread-5] - Cannot connnect VM-116<->VM-71
 WARN 07-15 17:55:30,458 ExecutorChannelManagerMap:95 [pool-16-thread-5] - Cannot connnect VM-116<->VM-156
 WARN 07-15 17:55:30,458 ExecutorChannelManagerMap:95 [pool-16-thread-5] - Cannot connnect VM-116<->VM-70
 WARN 07-15 17:55:30,458 ExecutorChannelManagerMap:95 [pool-16-thread-5] - Cannot connnect VM-116<->VM-149
 WARN 07-15 17:55:30,458 ExecutorChannelManagerMap:95 [pool-16-thread-5] - Cannot connnect VM-116<->VM-49
 WARN 07-15 17:55:30,459 ExecutorChannelManagerMap:95 [pool-16-thread-5] - Cannot connnect VM-116<->VM-48
 WARN 07-15 17:55:30,459 ExecutorChannelManagerMap:95 [pool-16-thread-5] - Cannot connnect VM-116<->VM-47
 WARN 07-15 17:55:30,459 ExecutorChannelManagerMap:95 [pool-16-thread-5] - Cannot connnect VM-116<->VM-160
 WARN 07-15 17:55:30,459 ExecutorChannelManagerMap:95 [pool-16-thread-5] - Cannot connnect VM-116<->VM-46
 WARN 07-15 17:55:30,459 ExecutorChannelManagerMap:95 [pool-16-thread-5] - Cannot connnect VM-116<->VM-45
 WARN 07-15 17:55:30,459 ExecutorChannelManagerMap:95 [pool-16-thread-5] - Cannot connnect VM-116<->VM-6
 WARN 07-15 17:55:30,459 ExecutorChannelManagerMap:95 [pool-16-thread-5] - Cannot connnect VM-116<->VM-44
 WARN 07-15 17:55:30,459 ExecutorChannelManagerMap:95 [pool-16-thread-5] - Cannot connnect VM-116<->VM-7
 WARN 07-15 17:55:30,459 ExecutorChannelManagerMap:95 [pool-16-thread-5] - Cannot connnect VM-116<->VM-43
 WARN 07-15 17:55:30,459 ExecutorChannelManagerMap:95 [pool-16-thread-5] - Cannot connnect VM-116<->VM-8
 WARN 07-15 17:55:30,459 ExecutorChannelManagerMap:95 [pool-16-thread-5] - Cannot connnect VM-116<->VM-42
 WARN 07-15 17:55:30,459 ExecutorChannelManagerMap:95 [pool-16-thread-5] - Cannot connnect VM-116<->VM-9
 WARN 07-15 17:55:30,459 ExecutorChannelManagerMap:95 [pool-16-thread-5] - Cannot connnect VM-116<->VM-41
 WARN 07-15 17:55:30,459 ExecutorChannelManagerMap:95 [pool-16-thread-5] - Cannot connnect VM-116<->VM-40
 WARN 07-15 17:55:30,459 ExecutorChannelManagerMap:95 [pool-16-thread-5] - Cannot connnect VM-116<->VM-59
 WARN 07-15 17:55:30,459 ExecutorChannelManagerMap:95 [pool-16-thread-5] - Cannot connnect VM-116<->VM-58
 WARN 07-15 17:55:30,459 ExecutorChannelManagerMap:95 [pool-16-thread-5] - Cannot connnect VM-116<->VM-57
 WARN 07-15 17:55:30,459 ExecutorChannelManagerMap:95 [pool-16-thread-5] - Cannot connnect VM-116<->VM-56
 WARN 07-15 17:55:30,459 ExecutorChannelManagerMap:95 [pool-16-thread-5] - Cannot connnect VM-116<->VM-55
 WARN 07-15 17:55:30,459 ExecutorChannelManagerMap:95 [pool-16-thread-5] - Cannot connnect VM-116<->VM-54
 WARN 07-15 17:55:30,459 ExecutorChannelManagerMap:95 [pool-16-thread-5] - Cannot connnect VM-116<->VM-53
 WARN 07-15 17:55:30,459 ExecutorChannelManagerMap:95 [pool-16-thread-5] - Cannot connnect VM-116<->VM-52
 WARN 07-15 17:55:30,459 ExecutorChannelManagerMap:95 [pool-16-thread-5] - Cannot connnect VM-116<->VM-51
 WARN 07-15 17:55:30,459 ExecutorChannelManagerMap:95 [pool-16-thread-5] - Cannot connnect VM-116<->VM-50
 WARN 07-15 17:55:30,459 ExecutorChannelManagerMap:95 [pool-16-thread-5] - Cannot connnect VM-116<->VM-1
 WARN 07-15 17:55:30,459 ExecutorChannelManagerMap:95 [pool-16-thread-5] - Cannot connnect VM-116<->VM-2
 WARN 07-15 17:55:30,459 ExecutorChannelManagerMap:95 [pool-16-thread-5] - Cannot connnect VM-116<->VM-3
 WARN 07-15 17:55:30,459 ExecutorChannelManagerMap:95 [pool-16-thread-5] - Cannot connnect VM-116<->VM-4
 WARN 07-15 17:55:30,459 ExecutorChannelManagerMap:95 [pool-16-thread-5] - Cannot connnect VM-116<->VM-5
 WARN 07-15 17:55:30,460 ExecutorChannelManagerMap:95 [pool-16-thread-5] - Cannot connnect VM-116<->VM-29
 WARN 07-15 17:55:30,460 ExecutorChannelManagerMap:95 [pool-16-thread-5] - Cannot connnect VM-116<->VM-28
 WARN 07-15 17:55:30,460 ExecutorChannelManagerMap:95 [pool-16-thread-5] - Cannot connnect VM-116<->VM-27
 WARN 07-15 17:55:30,460 ExecutorChannelManagerMap:95 [pool-16-thread-5] - Cannot connnect VM-116<->VM-26
 WARN 07-15 17:55:30,460 ExecutorChannelManagerMap:95 [pool-16-thread-5] - Cannot connnect VM-116<->VM-25
 WARN 07-15 17:55:30,460 ExecutorChannelManagerMap:95 [pool-16-thread-5] - Cannot connnect VM-116<->VM-24
 WARN 07-15 17:55:30,460 ExecutorChannelManagerMap:95 [pool-16-thread-5] - Cannot connnect VM-116<->VM-100
 WARN 07-15 17:55:30,460 ExecutorChannelManagerMap:95 [pool-16-thread-5] - Cannot connnect VM-116<->VM-23
 WARN 07-15 17:55:30,460 ExecutorChannelManagerMap:95 [pool-16-thread-5] - Cannot connnect VM-116<->VM-22
 WARN 07-15 17:55:30,460 ExecutorChannelManagerMap:106 [pool-16-thread-5] - Executor Executor4 already registered
 WARN 07-15 17:55:30,460 ExecutorChannelManagerMap:95 [pool-16-thread-5] - Cannot connnect VM-116<->VM-21
 WARN 07-15 17:55:30,460 ExecutorChannelManagerMap:106 [pool-16-thread-5] - Executor Executor3 already registered
 WARN 07-15 17:55:30,473 ExecutorChannelManagerMap:95 [pool-16-thread-6] - Cannot connnect VM-116<->VM-89
 WARN 07-15 17:55:30,473 ExecutorChannelManagerMap:95 [pool-16-thread-6] - Cannot connnect VM-116<->VM-122
 WARN 07-15 17:55:30,473 ExecutorChannelManagerMap:95 [pool-16-thread-6] - Cannot connnect VM-116<->VM-88
 WARN 07-15 17:55:30,473 ExecutorChannelManagerMap:95 [pool-16-thread-6] - Cannot connnect VM-116<->VM-121
 WARN 07-15 17:55:30,473 ExecutorChannelManagerMap:95 [pool-16-thread-6] - Cannot connnect VM-116<->VM-87
 WARN 07-15 17:55:30,473 ExecutorChannelManagerMap:95 [pool-16-thread-6] - Cannot connnect VM-116<->VM-120
 WARN 07-15 17:55:30,473 ExecutorChannelManagerMap:95 [pool-16-thread-6] - Cannot connnect VM-116<->VM-86
 WARN 07-15 17:55:30,474 ExecutorChannelManagerMap:95 [pool-16-thread-6] - Cannot connnect VM-116<->VM-85
 WARN 07-15 17:55:30,474 ExecutorChannelManagerMap:95 [pool-16-thread-6] - Cannot connnect VM-116<->VM-126
 WARN 07-15 17:55:30,474 ExecutorChannelManagerMap:95 [pool-16-thread-6] - Cannot connnect VM-116<->VM-84
 WARN 07-15 17:55:30,474 ExecutorChannelManagerMap:95 [pool-16-thread-6] - Cannot connnect VM-116<->VM-125
 WARN 07-15 17:55:30,474 ExecutorChannelManagerMap:95 [pool-16-thread-6] - Cannot connnect VM-116<->VM-83
 WARN 07-15 17:55:30,474 ExecutorChannelManagerMap:95 [pool-16-thread-6] - Cannot connnect VM-116<->VM-124
 WARN 07-15 17:55:30,474 ExecutorChannelManagerMap:95 [pool-16-thread-6] - Cannot connnect VM-116<->VM-82
 WARN 07-15 17:55:30,474 ExecutorChannelManagerMap:95 [pool-16-thread-6] - Cannot connnect VM-116<->VM-123
 WARN 07-15 17:55:30,474 ExecutorChannelManagerMap:95 [pool-16-thread-6] - Cannot connnect VM-116<->VM-81
 WARN 07-15 17:55:30,474 ExecutorChannelManagerMap:95 [pool-16-thread-6] - Cannot connnect VM-116<->VM-119
 WARN 07-15 17:55:30,474 ExecutorChannelManagerMap:95 [pool-16-thread-6] - Cannot connnect VM-116<->VM-80
 WARN 07-15 17:55:30,474 ExecutorChannelManagerMap:95 [pool-16-thread-6] - Cannot connnect VM-116<->VM-118
 WARN 07-15 17:55:30,474 ExecutorChannelManagerMap:95 [pool-16-thread-6] - Cannot connnect VM-116<->VM-117
 WARN 07-15 17:55:30,474 ExecutorChannelManagerMap:95 [pool-16-thread-6] - Cannot connnect VM-116<->VM-19
 WARN 07-15 17:55:30,474 ExecutorChannelManagerMap:95 [pool-16-thread-6] - Cannot connnect VM-116<->VM-18
 WARN 07-15 17:55:30,474 ExecutorChannelManagerMap:95 [pool-16-thread-6] - Cannot connnect VM-116<->VM-17
 WARN 07-15 17:55:30,474 ExecutorChannelManagerMap:95 [pool-16-thread-6] - Cannot connnect VM-116<->VM-16
 WARN 07-15 17:55:30,474 ExecutorChannelManagerMap:95 [pool-16-thread-6] - Cannot connnect VM-116<->VM-15
 WARN 07-15 17:55:30,474 ExecutorChannelManagerMap:95 [pool-16-thread-6] - Cannot connnect VM-116<->VM-14
 WARN 07-15 17:55:30,474 ExecutorChannelManagerMap:95 [pool-16-thread-6] - Cannot connnect VM-116<->VM-13
 WARN 07-15 17:55:30,474 ExecutorChannelManagerMap:95 [pool-16-thread-6] - Cannot connnect VM-116<->VM-12
 WARN 07-15 17:55:30,474 ExecutorChannelManagerMap:95 [pool-16-thread-6] - Cannot connnect VM-116<->VM-133
 WARN 07-15 17:55:30,474 ExecutorChannelManagerMap:95 [pool-16-thread-6] - Cannot connnect VM-116<->VM-99
 WARN 07-15 17:55:30,474 ExecutorChannelManagerMap:95 [pool-16-thread-6] - Cannot connnect VM-116<->VM-11
 WARN 07-15 17:55:30,474 ExecutorChannelManagerMap:95 [pool-16-thread-6] - Cannot connnect VM-116<->VM-132
 WARN 07-15 17:55:30,474 ExecutorChannelManagerMap:95 [pool-16-thread-6] - Cannot connnect VM-116<->VM-98
 WARN 07-15 17:55:30,474 ExecutorChannelManagerMap:95 [pool-16-thread-6] - Cannot connnect VM-116<->VM-10
 WARN 07-15 17:55:30,474 ExecutorChannelManagerMap:95 [pool-16-thread-6] - Cannot connnect VM-116<->VM-131
 WARN 07-15 17:55:30,474 ExecutorChannelManagerMap:95 [pool-16-thread-6] - Cannot connnect VM-116<->VM-97
 WARN 07-15 17:55:30,474 ExecutorChannelManagerMap:95 [pool-16-thread-6] - Cannot connnect VM-116<->VM-130
 WARN 07-15 17:55:30,474 ExecutorChannelManagerMap:95 [pool-16-thread-6] - Cannot connnect VM-116<->VM-96
 WARN 07-15 17:55:30,474 ExecutorChannelManagerMap:95 [pool-16-thread-6] - Cannot connnect VM-116<->VM-137
 WARN 07-15 17:55:30,474 ExecutorChannelManagerMap:95 [pool-16-thread-6] - Cannot connnect VM-116<->VM-95
 WARN 07-15 17:55:30,474 ExecutorChannelManagerMap:95 [pool-16-thread-6] - Cannot connnect VM-116<->VM-136
 WARN 07-15 17:55:30,475 ExecutorChannelManagerMap:95 [pool-16-thread-6] - Cannot connnect VM-116<->VM-94
 WARN 07-15 17:55:30,475 ExecutorChannelManagerMap:95 [pool-16-thread-6] - Cannot connnect VM-116<->VM-135
 WARN 07-15 17:55:30,475 ExecutorChannelManagerMap:95 [pool-16-thread-6] - Cannot connnect VM-116<->VM-93
 WARN 07-15 17:55:30,475 ExecutorChannelManagerMap:95 [pool-16-thread-6] - Cannot connnect VM-116<->VM-134
 WARN 07-15 17:55:30,475 ExecutorChannelManagerMap:95 [pool-16-thread-6] - Cannot connnect VM-116<->VM-92
 WARN 07-15 17:55:30,475 ExecutorChannelManagerMap:95 [pool-16-thread-6] - Cannot connnect VM-116<->VM-91
 WARN 07-15 17:55:30,475 ExecutorChannelManagerMap:95 [pool-16-thread-6] - Cannot connnect VM-116<->VM-129
 WARN 07-15 17:55:30,475 ExecutorChannelManagerMap:95 [pool-16-thread-6] - Cannot connnect VM-116<->VM-90
 WARN 07-15 17:55:30,475 ExecutorChannelManagerMap:95 [pool-16-thread-6] - Cannot connnect VM-116<->VM-128
 WARN 07-15 17:55:30,475 ExecutorChannelManagerMap:95 [pool-16-thread-6] - Cannot connnect VM-116<->VM-127
 WARN 07-15 17:55:30,475 ExecutorChannelManagerMap:95 [pool-16-thread-6] - Cannot connnect VM-116<->VM-140
 WARN 07-15 17:55:30,475 ExecutorChannelManagerMap:95 [pool-16-thread-6] - Cannot connnect VM-116<->VM-69
 WARN 07-15 17:55:30,475 ExecutorChannelManagerMap:95 [pool-16-thread-6] - Cannot connnect VM-116<->VM-68
 WARN 07-15 17:55:30,475 ExecutorChannelManagerMap:95 [pool-16-thread-6] - Cannot connnect VM-116<->VM-67
 WARN 07-15 17:55:30,475 ExecutorChannelManagerMap:95 [pool-16-thread-6] - Cannot connnect VM-116<->VM-144
 WARN 07-15 17:55:30,475 ExecutorChannelManagerMap:95 [pool-16-thread-6] - Cannot connnect VM-116<->VM-66
 WARN 07-15 17:55:30,475 ExecutorChannelManagerMap:95 [pool-16-thread-6] - Cannot connnect VM-116<->VM-143
 WARN 07-15 17:55:30,475 ExecutorChannelManagerMap:95 [pool-16-thread-6] - Cannot connnect VM-116<->VM-65
 WARN 07-15 17:55:30,475 ExecutorChannelManagerMap:95 [pool-16-thread-6] - Cannot connnect VM-116<->VM-142
 WARN 07-15 17:55:30,475 ExecutorChannelManagerMap:95 [pool-16-thread-6] - Cannot connnect VM-116<->VM-64
 WARN 07-15 17:55:30,475 ExecutorChannelManagerMap:95 [pool-16-thread-6] - Cannot connnect VM-116<->VM-141
 WARN 07-15 17:55:30,475 ExecutorChannelManagerMap:95 [pool-16-thread-6] - Cannot connnect VM-116<->VM-63
 WARN 07-15 17:55:30,475 ExecutorChannelManagerMap:95 [pool-16-thread-6] - Cannot connnect VM-116<->VM-148
 WARN 07-15 17:55:30,475 ExecutorChannelManagerMap:95 [pool-16-thread-6] - Cannot connnect VM-116<->VM-62
 WARN 07-15 17:55:30,475 ExecutorChannelManagerMap:95 [pool-16-thread-6] - Cannot connnect VM-116<->VM-147
 WARN 07-15 17:55:30,475 ExecutorChannelManagerMap:95 [pool-16-thread-6] - Cannot connnect VM-116<->VM-61
 WARN 07-15 17:55:30,475 ExecutorChannelManagerMap:95 [pool-16-thread-6] - Cannot connnect VM-116<->VM-146
 WARN 07-15 17:55:30,475 ExecutorChannelManagerMap:95 [pool-16-thread-6] - Cannot connnect VM-116<->VM-60
 WARN 07-15 17:55:30,475 ExecutorChannelManagerMap:95 [pool-16-thread-6] - Cannot connnect VM-116<->VM-145
 WARN 07-15 17:55:30,475 ExecutorChannelManagerMap:95 [pool-16-thread-6] - Cannot connnect VM-116<->VM-139
 WARN 07-15 17:55:30,475 ExecutorChannelManagerMap:95 [pool-16-thread-6] - Cannot connnect VM-116<->VM-138
 WARN 07-15 17:55:30,475 ExecutorChannelManagerMap:95 [pool-16-thread-6] - Cannot connnect VM-116<->VM-151
 WARN 07-15 17:55:30,475 ExecutorChannelManagerMap:95 [pool-16-thread-6] - Cannot connnect VM-116<->VM-150
 WARN 07-15 17:55:30,475 ExecutorChannelManagerMap:95 [pool-16-thread-6] - Cannot connnect VM-116<->VM-79
 WARN 07-15 17:55:30,476 ExecutorChannelManagerMap:95 [pool-16-thread-6] - Cannot connnect VM-116<->VM-78
 WARN 07-15 17:55:30,476 ExecutorChannelManagerMap:95 [pool-16-thread-6] - Cannot connnect VM-116<->VM-155
 WARN 07-15 17:55:30,476 ExecutorChannelManagerMap:95 [pool-16-thread-6] - Cannot connnect VM-116<->VM-77
 WARN 07-15 17:55:30,476 ExecutorChannelManagerMap:95 [pool-16-thread-6] - Cannot connnect VM-116<->VM-154
 WARN 07-15 17:55:30,476 ExecutorChannelManagerMap:95 [pool-16-thread-6] - Cannot connnect VM-116<->VM-76
 WARN 07-15 17:55:30,476 ExecutorChannelManagerMap:95 [pool-16-thread-6] - Cannot connnect VM-116<->VM-153
 WARN 07-15 17:55:30,476 ExecutorChannelManagerMap:95 [pool-16-thread-6] - Cannot connnect VM-116<->VM-75
 WARN 07-15 17:55:30,476 ExecutorChannelManagerMap:95 [pool-16-thread-6] - Cannot connnect VM-116<->VM-152
 WARN 07-15 17:55:30,476 ExecutorChannelManagerMap:95 [pool-16-thread-6] - Cannot connnect VM-116<->VM-74
 WARN 07-15 17:55:30,476 ExecutorChannelManagerMap:95 [pool-16-thread-6] - Cannot connnect VM-116<->VM-159
 WARN 07-15 17:55:30,476 ExecutorChannelManagerMap:95 [pool-16-thread-6] - Cannot connnect VM-116<->VM-73
 WARN 07-15 17:55:30,476 ExecutorChannelManagerMap:95 [pool-16-thread-6] - Cannot connnect VM-116<->VM-158
 WARN 07-15 17:55:30,476 ExecutorChannelManagerMap:95 [pool-16-thread-6] - Cannot connnect VM-116<->VM-72
 WARN 07-15 17:55:30,476 ExecutorChannelManagerMap:95 [pool-16-thread-6] - Cannot connnect VM-116<->VM-157
 WARN 07-15 17:55:30,476 ExecutorChannelManagerMap:95 [pool-16-thread-6] - Cannot connnect VM-116<->VM-71
 WARN 07-15 17:55:30,476 ExecutorChannelManagerMap:95 [pool-16-thread-6] - Cannot connnect VM-116<->VM-156
 WARN 07-15 17:55:30,476 ExecutorChannelManagerMap:95 [pool-16-thread-6] - Cannot connnect VM-116<->VM-70
 WARN 07-15 17:55:30,476 ExecutorChannelManagerMap:95 [pool-16-thread-6] - Cannot connnect VM-116<->VM-149
 WARN 07-15 17:55:30,476 ExecutorChannelManagerMap:95 [pool-16-thread-6] - Cannot connnect VM-116<->VM-49
 WARN 07-15 17:55:30,476 ExecutorChannelManagerMap:95 [pool-16-thread-6] - Cannot connnect VM-116<->VM-48
 WARN 07-15 17:55:30,476 ExecutorChannelManagerMap:95 [pool-16-thread-6] - Cannot connnect VM-116<->VM-47
 WARN 07-15 17:55:30,476 ExecutorChannelManagerMap:95 [pool-16-thread-6] - Cannot connnect VM-116<->VM-160
 WARN 07-15 17:55:30,476 ExecutorChannelManagerMap:95 [pool-16-thread-6] - Cannot connnect VM-116<->VM-46
 WARN 07-15 17:55:30,476 ExecutorChannelManagerMap:95 [pool-16-thread-6] - Cannot connnect VM-116<->VM-45
 WARN 07-15 17:55:30,476 ExecutorChannelManagerMap:95 [pool-16-thread-6] - Cannot connnect VM-116<->VM-6
 WARN 07-15 17:55:30,476 ExecutorChannelManagerMap:95 [pool-16-thread-6] - Cannot connnect VM-116<->VM-44
 WARN 07-15 17:55:30,476 ExecutorChannelManagerMap:95 [pool-16-thread-6] - Cannot connnect VM-116<->VM-7
 WARN 07-15 17:55:30,476 ExecutorChannelManagerMap:95 [pool-16-thread-6] - Cannot connnect VM-116<->VM-43
 WARN 07-15 17:55:30,476 ExecutorChannelManagerMap:95 [pool-16-thread-6] - Cannot connnect VM-116<->VM-8
 WARN 07-15 17:55:30,476 ExecutorChannelManagerMap:95 [pool-16-thread-6] - Cannot connnect VM-116<->VM-42
 WARN 07-15 17:55:30,476 ExecutorChannelManagerMap:95 [pool-16-thread-6] - Cannot connnect VM-116<->VM-9
 WARN 07-15 17:55:30,476 ExecutorChannelManagerMap:95 [pool-16-thread-6] - Cannot connnect VM-116<->VM-41
 WARN 07-15 17:55:30,476 ExecutorChannelManagerMap:95 [pool-16-thread-6] - Cannot connnect VM-116<->VM-40
 WARN 07-15 17:55:30,476 ExecutorChannelManagerMap:95 [pool-16-thread-6] - Cannot connnect VM-116<->VM-59
 WARN 07-15 17:55:30,476 ExecutorChannelManagerMap:95 [pool-16-thread-6] - Cannot connnect VM-116<->VM-58
 WARN 07-15 17:55:30,476 ExecutorChannelManagerMap:95 [pool-16-thread-6] - Cannot connnect VM-116<->VM-57
 WARN 07-15 17:55:30,477 ExecutorChannelManagerMap:95 [pool-16-thread-6] - Cannot connnect VM-116<->VM-56
 WARN 07-15 17:55:30,477 ExecutorChannelManagerMap:95 [pool-16-thread-6] - Cannot connnect VM-116<->VM-55
 WARN 07-15 17:55:30,477 ExecutorChannelManagerMap:95 [pool-16-thread-6] - Cannot connnect VM-116<->VM-54
 WARN 07-15 17:55:30,477 ExecutorChannelManagerMap:95 [pool-16-thread-6] - Cannot connnect VM-116<->VM-53
 WARN 07-15 17:55:30,477 ExecutorChannelManagerMap:95 [pool-16-thread-6] - Cannot connnect VM-116<->VM-52
 WARN 07-15 17:55:30,477 ExecutorChannelManagerMap:95 [pool-16-thread-6] - Cannot connnect VM-116<->VM-51
 WARN 07-15 17:55:30,477 ExecutorChannelManagerMap:95 [pool-16-thread-6] - Cannot connnect VM-116<->VM-50
 WARN 07-15 17:55:30,477 ExecutorChannelManagerMap:95 [pool-16-thread-6] - Cannot connnect VM-116<->VM-1
 WARN 07-15 17:55:30,477 ExecutorChannelManagerMap:95 [pool-16-thread-6] - Cannot connnect VM-116<->VM-2
 WARN 07-15 17:55:30,477 ExecutorChannelManagerMap:95 [pool-16-thread-6] - Cannot connnect VM-116<->VM-3
 WARN 07-15 17:55:30,477 ExecutorChannelManagerMap:95 [pool-16-thread-6] - Cannot connnect VM-116<->VM-4
 WARN 07-15 17:55:30,477 ExecutorChannelManagerMap:95 [pool-16-thread-6] - Cannot connnect VM-116<->VM-5
 WARN 07-15 17:55:30,477 ExecutorChannelManagerMap:95 [pool-16-thread-6] - Cannot connnect VM-116<->VM-29
 WARN 07-15 17:55:30,477 ExecutorChannelManagerMap:95 [pool-16-thread-6] - Cannot connnect VM-116<->VM-28
 WARN 07-15 17:55:30,477 ExecutorChannelManagerMap:95 [pool-16-thread-6] - Cannot connnect VM-116<->VM-27
 WARN 07-15 17:55:30,477 ExecutorChannelManagerMap:95 [pool-16-thread-6] - Cannot connnect VM-116<->VM-26
 WARN 07-15 17:55:30,477 ExecutorChannelManagerMap:95 [pool-16-thread-6] - Cannot connnect VM-116<->VM-25
 WARN 07-15 17:55:30,477 ExecutorChannelManagerMap:95 [pool-16-thread-6] - Cannot connnect VM-116<->VM-24
 WARN 07-15 17:55:30,477 ExecutorChannelManagerMap:95 [pool-16-thread-6] - Cannot connnect VM-116<->VM-100
 WARN 07-15 17:55:30,477 ExecutorChannelManagerMap:95 [pool-16-thread-6] - Cannot connnect VM-116<->VM-23
 WARN 07-15 17:55:30,477 ExecutorChannelManagerMap:95 [pool-16-thread-6] - Cannot connnect VM-116<->VM-22
 WARN 07-15 17:55:30,477 ExecutorChannelManagerMap:106 [pool-16-thread-6] - Executor Executor4 already registered
 WARN 07-15 17:55:30,477 ExecutorChannelManagerMap:95 [pool-16-thread-6] - Cannot connnect VM-116<->VM-21
 WARN 07-15 17:55:30,477 ExecutorChannelManagerMap:106 [pool-16-thread-6] - Executor Executor3 already registered
 WARN 07-15 17:55:30,477 ExecutorChannelManagerMap:95 [pool-16-thread-6] - Cannot connnect VM-116<->VM-20
 WARN 07-15 17:55:30,477 ExecutorChannelManagerMap:95 [pool-16-thread-6] - Cannot connnect VM-116<->VM-104
 WARN 07-15 17:55:30,477 ExecutorChannelManagerMap:95 [pool-16-thread-6] - Cannot connnect VM-116<->VM-103
 WARN 07-15 17:55:30,477 ExecutorChannelManagerMap:95 [pool-16-thread-6] - Cannot connnect VM-116<->VM-102
 WARN 07-15 17:55:30,477 ExecutorChannelManagerMap:95 [pool-16-thread-6] - Cannot connnect VM-116<->VM-101
 WARN 07-15 17:55:30,477 ExecutorChannelManagerMap:95 [pool-16-thread-6] - Cannot connnect VM-116<->VM-39
 WARN 07-15 17:55:30,477 ExecutorChannelManagerMap:95 [pool-16-thread-6] - Cannot connnect VM-116<->VM-38
 WARN 07-15 17:55:30,477 ExecutorChannelManagerMap:95 [pool-16-thread-6] - Cannot connnect VM-116<->VM-37
 WARN 07-15 17:55:30,477 ExecutorChannelManagerMap:95 [pool-16-thread-6] - Cannot connnect VM-116<->VM-36
 WARN 07-15 17:55:30,477 ExecutorChannelManagerMap:95 [pool-16-thread-6] - Cannot connnect VM-116<->VM-35
 WARN 07-15 17:55:30,478 ExecutorChannelManagerMap:95 [pool-16-thread-6] - Cannot connnect VM-116<->VM-34
 WARN 07-15 17:55:30,478 ExecutorChannelManagerMap:95 [pool-16-thread-6] - Cannot connnect VM-116<->VM-111
 WARN 07-15 17:55:30,478 ExecutorChannelManagerMap:95 [pool-16-thread-6] - Cannot connnect VM-116<->VM-33
 WARN 07-15 17:55:30,478 ExecutorChannelManagerMap:95 [pool-16-thread-6] - Cannot connnect VM-116<->VM-110
 WARN 07-15 17:55:30,478 ExecutorChannelManagerMap:95 [pool-16-thread-6] - Cannot connnect VM-116<->VM-32
 WARN 07-15 17:55:30,478 ExecutorChannelManagerMap:95 [pool-16-thread-6] - Cannot connnect VM-116<->VM-31
 WARN 07-15 17:55:30,478 ExecutorChannelManagerMap:95 [pool-16-thread-6] - Cannot connnect VM-116<->VM-30
 WARN 07-15 17:55:30,478 ExecutorChannelManagerMap:95 [pool-16-thread-6] - Cannot connnect VM-116<->VM-115
 WARN 07-15 17:55:30,478 ExecutorChannelManagerMap:95 [pool-16-thread-6] - Cannot connnect VM-116<->VM-114
 WARN 07-15 17:55:30,478 ExecutorChannelManagerMap:95 [pool-16-thread-6] - Cannot connnect VM-116<->VM-113
 WARN 07-15 17:55:30,478 ExecutorChannelManagerMap:95 [pool-16-thread-6] - Cannot connnect VM-116<->VM-112
 WARN 07-15 17:55:30,478 ExecutorChannelManagerMap:95 [pool-16-thread-6] - Cannot connnect VM-116<->VM-108
 WARN 07-15 17:55:30,478 ExecutorChannelManagerMap:95 [pool-16-thread-6] - Cannot connnect VM-116<->VM-107
 WARN 07-15 17:55:30,478 ExecutorChannelManagerMap:95 [pool-16-thread-6] - Cannot connnect VM-116<->VM-106
 WARN 07-15 17:55:30,478 ExecutorChannelManagerMap:95 [pool-16-thread-6] - Cannot connnect VM-116<->VM-105
 WARN 07-15 17:55:30,478 ExecutorChannelManagerMap:106 [pool-16-thread-6] - Executor Executor2 already registered
 WARN 07-15 17:55:30,478 ExecutorChannelManagerMap:106 [pool-16-thread-6] - Executor Executor1 already registered
 WARN 07-15 17:55:30,478 ExecutorChannelManagerMap:106 [pool-16-thread-6] - Executor Executor0 already registered
 WARN 07-15 17:55:30,478 ExecutorChannelManagerMap:95 [pool-16-thread-6] - Cannot connnect VM-116<->VM-109
 WARN 07-15 17:55:30,478 ExecutorChannelManagerMap:95 [pool-16-thread-12] - Cannot connnect VM-116<->VM-89
 WARN 07-15 17:55:30,478 ExecutorChannelManagerMap:95 [pool-16-thread-12] - Cannot connnect VM-116<->VM-122
 WARN 07-15 17:55:30,478 ExecutorChannelManagerMap:95 [pool-16-thread-12] - Cannot connnect VM-116<->VM-88
 WARN 07-15 17:55:30,478 ExecutorChannelManagerMap:95 [pool-16-thread-12] - Cannot connnect VM-116<->VM-121
 WARN 07-15 17:55:30,478 ExecutorChannelManagerMap:95 [pool-16-thread-12] - Cannot connnect VM-116<->VM-87
 WARN 07-15 17:55:30,478 ExecutorChannelManagerMap:95 [pool-16-thread-12] - Cannot connnect VM-116<->VM-120
 WARN 07-15 17:55:30,478 ExecutorChannelManagerMap:95 [pool-16-thread-12] - Cannot connnect VM-116<->VM-86
 WARN 07-15 17:55:30,478 ExecutorChannelManagerMap:95 [pool-16-thread-12] - Cannot connnect VM-116<->VM-85
 WARN 07-15 17:55:30,478 ExecutorChannelManagerMap:95 [pool-16-thread-12] - Cannot connnect VM-116<->VM-126
 WARN 07-15 17:55:30,478 ExecutorChannelManagerMap:95 [pool-16-thread-12] - Cannot connnect VM-116<->VM-84
 WARN 07-15 17:55:30,478 ExecutorChannelManagerMap:95 [pool-16-thread-12] - Cannot connnect VM-116<->VM-125
 WARN 07-15 17:55:30,478 ExecutorChannelManagerMap:95 [pool-16-thread-12] - Cannot connnect VM-116<->VM-83
 WARN 07-15 17:55:30,478 ExecutorChannelManagerMap:95 [pool-16-thread-12] - Cannot connnect VM-116<->VM-124
 WARN 07-15 17:55:30,478 ExecutorChannelManagerMap:95 [pool-16-thread-12] - Cannot connnect VM-116<->VM-82
 WARN 07-15 17:55:30,478 ExecutorChannelManagerMap:95 [pool-16-thread-12] - Cannot connnect VM-116<->VM-123
 WARN 07-15 17:55:30,478 ExecutorChannelManagerMap:95 [pool-16-thread-12] - Cannot connnect VM-116<->VM-81
 WARN 07-15 17:55:30,478 ExecutorChannelManagerMap:95 [pool-16-thread-12] - Cannot connnect VM-116<->VM-119
 WARN 07-15 17:55:30,479 ExecutorChannelManagerMap:95 [pool-16-thread-12] - Cannot connnect VM-116<->VM-80
 WARN 07-15 17:55:30,479 ExecutorChannelManagerMap:95 [pool-16-thread-12] - Cannot connnect VM-116<->VM-118
 WARN 07-15 17:55:30,479 ExecutorChannelManagerMap:95 [pool-16-thread-12] - Cannot connnect VM-116<->VM-117
 WARN 07-15 17:55:30,479 ExecutorChannelManagerMap:95 [pool-16-thread-12] - Cannot connnect VM-116<->VM-19
 WARN 07-15 17:55:30,479 ExecutorChannelManagerMap:95 [pool-16-thread-12] - Cannot connnect VM-116<->VM-18
 WARN 07-15 17:55:30,479 ExecutorChannelManagerMap:95 [pool-16-thread-12] - Cannot connnect VM-116<->VM-17
 WARN 07-15 17:55:30,479 ExecutorChannelManagerMap:95 [pool-16-thread-12] - Cannot connnect VM-116<->VM-16
 WARN 07-15 17:55:30,479 ExecutorChannelManagerMap:95 [pool-16-thread-12] - Cannot connnect VM-116<->VM-15
 WARN 07-15 17:55:30,479 ExecutorChannelManagerMap:95 [pool-16-thread-12] - Cannot connnect VM-116<->VM-14
 WARN 07-15 17:55:30,479 ExecutorChannelManagerMap:95 [pool-16-thread-12] - Cannot connnect VM-116<->VM-13
 WARN 07-15 17:55:30,479 ExecutorChannelManagerMap:95 [pool-16-thread-12] - Cannot connnect VM-116<->VM-12
 WARN 07-15 17:55:30,479 ExecutorChannelManagerMap:95 [pool-16-thread-12] - Cannot connnect VM-116<->VM-133
 WARN 07-15 17:55:30,479 ExecutorChannelManagerMap:95 [pool-16-thread-12] - Cannot connnect VM-116<->VM-99
 WARN 07-15 17:55:30,479 ExecutorChannelManagerMap:95 [pool-16-thread-12] - Cannot connnect VM-116<->VM-11
 WARN 07-15 17:55:30,479 ExecutorChannelManagerMap:95 [pool-16-thread-12] - Cannot connnect VM-116<->VM-132
 WARN 07-15 17:55:30,479 ExecutorChannelManagerMap:95 [pool-16-thread-12] - Cannot connnect VM-116<->VM-98
 WARN 07-15 17:55:30,479 ExecutorChannelManagerMap:95 [pool-16-thread-12] - Cannot connnect VM-116<->VM-10
 WARN 07-15 17:55:30,479 ExecutorChannelManagerMap:95 [pool-16-thread-12] - Cannot connnect VM-116<->VM-131
 WARN 07-15 17:55:30,479 ExecutorChannelManagerMap:95 [pool-16-thread-12] - Cannot connnect VM-116<->VM-97
 WARN 07-15 17:55:30,479 ExecutorChannelManagerMap:95 [pool-16-thread-12] - Cannot connnect VM-116<->VM-130
 WARN 07-15 17:55:30,479 ExecutorChannelManagerMap:95 [pool-16-thread-12] - Cannot connnect VM-116<->VM-96
 WARN 07-15 17:55:30,479 ExecutorChannelManagerMap:95 [pool-16-thread-12] - Cannot connnect VM-116<->VM-137
 WARN 07-15 17:55:30,479 ExecutorChannelManagerMap:95 [pool-16-thread-12] - Cannot connnect VM-116<->VM-95
 WARN 07-15 17:55:30,479 ExecutorChannelManagerMap:95 [pool-16-thread-12] - Cannot connnect VM-116<->VM-136
 WARN 07-15 17:55:30,479 ExecutorChannelManagerMap:95 [pool-16-thread-12] - Cannot connnect VM-116<->VM-94
 WARN 07-15 17:55:30,479 ExecutorChannelManagerMap:95 [pool-16-thread-12] - Cannot connnect VM-116<->VM-135
 WARN 07-15 17:55:30,479 ExecutorChannelManagerMap:95 [pool-16-thread-12] - Cannot connnect VM-116<->VM-93
 WARN 07-15 17:55:30,479 ExecutorChannelManagerMap:95 [pool-16-thread-12] - Cannot connnect VM-116<->VM-134
 WARN 07-15 17:55:30,479 ExecutorChannelManagerMap:95 [pool-16-thread-12] - Cannot connnect VM-116<->VM-92
 WARN 07-15 17:55:30,479 ExecutorChannelManagerMap:95 [pool-16-thread-12] - Cannot connnect VM-116<->VM-91
 WARN 07-15 17:55:30,479 ExecutorChannelManagerMap:95 [pool-16-thread-12] - Cannot connnect VM-116<->VM-129
 WARN 07-15 17:55:30,479 ExecutorChannelManagerMap:95 [pool-16-thread-12] - Cannot connnect VM-116<->VM-90
 WARN 07-15 17:55:30,479 ExecutorChannelManagerMap:95 [pool-16-thread-12] - Cannot connnect VM-116<->VM-128
 WARN 07-15 17:55:30,479 ExecutorChannelManagerMap:95 [pool-16-thread-12] - Cannot connnect VM-116<->VM-127
 WARN 07-15 17:55:30,479 ExecutorChannelManagerMap:95 [pool-16-thread-12] - Cannot connnect VM-116<->VM-140
 WARN 07-15 17:55:30,479 ExecutorChannelManagerMap:95 [pool-16-thread-12] - Cannot connnect VM-116<->VM-69
 WARN 07-15 17:55:30,479 ExecutorChannelManagerMap:95 [pool-16-thread-12] - Cannot connnect VM-116<->VM-68
 WARN 07-15 17:55:30,479 ExecutorChannelManagerMap:95 [pool-16-thread-12] - Cannot connnect VM-116<->VM-67
 WARN 07-15 17:55:30,480 ExecutorChannelManagerMap:95 [pool-16-thread-12] - Cannot connnect VM-116<->VM-144
 WARN 07-15 17:55:30,480 ExecutorChannelManagerMap:95 [pool-16-thread-12] - Cannot connnect VM-116<->VM-66
 WARN 07-15 17:55:30,480 ExecutorChannelManagerMap:95 [pool-16-thread-12] - Cannot connnect VM-116<->VM-143
 WARN 07-15 17:55:30,480 ExecutorChannelManagerMap:95 [pool-16-thread-12] - Cannot connnect VM-116<->VM-65
 WARN 07-15 17:55:30,480 ExecutorChannelManagerMap:95 [pool-16-thread-12] - Cannot connnect VM-116<->VM-142
 WARN 07-15 17:55:30,480 ExecutorChannelManagerMap:95 [pool-16-thread-12] - Cannot connnect VM-116<->VM-64
 WARN 07-15 17:55:30,480 ExecutorChannelManagerMap:95 [pool-16-thread-12] - Cannot connnect VM-116<->VM-141
 WARN 07-15 17:55:30,480 ExecutorChannelManagerMap:95 [pool-16-thread-12] - Cannot connnect VM-116<->VM-63
 WARN 07-15 17:55:30,480 ExecutorChannelManagerMap:95 [pool-16-thread-12] - Cannot connnect VM-116<->VM-148
 WARN 07-15 17:55:30,480 ExecutorChannelManagerMap:95 [pool-16-thread-12] - Cannot connnect VM-116<->VM-62
 WARN 07-15 17:55:30,480 ExecutorChannelManagerMap:95 [pool-16-thread-12] - Cannot connnect VM-116<->VM-147
 WARN 07-15 17:55:30,480 ExecutorChannelManagerMap:95 [pool-16-thread-12] - Cannot connnect VM-116<->VM-61
 WARN 07-15 17:55:30,480 ExecutorChannelManagerMap:95 [pool-16-thread-12] - Cannot connnect VM-116<->VM-146
 WARN 07-15 17:55:30,480 ExecutorChannelManagerMap:95 [pool-16-thread-12] - Cannot connnect VM-116<->VM-60
 WARN 07-15 17:55:30,480 ExecutorChannelManagerMap:95 [pool-16-thread-12] - Cannot connnect VM-116<->VM-145
 WARN 07-15 17:55:30,480 ExecutorChannelManagerMap:95 [pool-16-thread-12] - Cannot connnect VM-116<->VM-139
 WARN 07-15 17:55:30,480 ExecutorChannelManagerMap:95 [pool-16-thread-12] - Cannot connnect VM-116<->VM-138
 WARN 07-15 17:55:30,480 ExecutorChannelManagerMap:95 [pool-16-thread-12] - Cannot connnect VM-116<->VM-151
 WARN 07-15 17:55:30,480 ExecutorChannelManagerMap:95 [pool-16-thread-12] - Cannot connnect VM-116<->VM-150
 WARN 07-15 17:55:30,480 ExecutorChannelManagerMap:95 [pool-16-thread-12] - Cannot connnect VM-116<->VM-79
 WARN 07-15 17:55:30,480 ExecutorChannelManagerMap:95 [pool-16-thread-12] - Cannot connnect VM-116<->VM-78
 WARN 07-15 17:55:30,480 ExecutorChannelManagerMap:95 [pool-16-thread-12] - Cannot connnect VM-116<->VM-155
 WARN 07-15 17:55:30,480 ExecutorChannelManagerMap:95 [pool-16-thread-12] - Cannot connnect VM-116<->VM-77
 WARN 07-15 17:55:30,480 ExecutorChannelManagerMap:95 [pool-16-thread-12] - Cannot connnect VM-116<->VM-154
 WARN 07-15 17:55:30,480 ExecutorChannelManagerMap:95 [pool-16-thread-12] - Cannot connnect VM-116<->VM-76
 WARN 07-15 17:55:30,480 ExecutorChannelManagerMap:95 [pool-16-thread-12] - Cannot connnect VM-116<->VM-153
 WARN 07-15 17:55:30,480 ExecutorChannelManagerMap:95 [pool-16-thread-12] - Cannot connnect VM-116<->VM-75
 WARN 07-15 17:55:30,480 ExecutorChannelManagerMap:95 [pool-16-thread-12] - Cannot connnect VM-116<->VM-152
 WARN 07-15 17:55:30,480 ExecutorChannelManagerMap:95 [pool-16-thread-12] - Cannot connnect VM-116<->VM-74
 WARN 07-15 17:55:30,480 ExecutorChannelManagerMap:95 [pool-16-thread-12] - Cannot connnect VM-116<->VM-159
 WARN 07-15 17:55:30,480 ExecutorChannelManagerMap:95 [pool-16-thread-12] - Cannot connnect VM-116<->VM-73
 WARN 07-15 17:55:30,480 ExecutorChannelManagerMap:95 [pool-16-thread-12] - Cannot connnect VM-116<->VM-158
 WARN 07-15 17:55:30,480 ExecutorChannelManagerMap:95 [pool-16-thread-12] - Cannot connnect VM-116<->VM-72
 WARN 07-15 17:55:30,480 ExecutorChannelManagerMap:95 [pool-16-thread-12] - Cannot connnect VM-116<->VM-157
 WARN 07-15 17:55:30,480 ExecutorChannelManagerMap:95 [pool-16-thread-12] - Cannot connnect VM-116<->VM-71
 WARN 07-15 17:55:30,480 ExecutorChannelManagerMap:95 [pool-16-thread-12] - Cannot connnect VM-116<->VM-156
 WARN 07-15 17:55:30,480 ExecutorChannelManagerMap:95 [pool-16-thread-12] - Cannot connnect VM-116<->VM-70
 WARN 07-15 17:55:30,481 ExecutorChannelManagerMap:95 [pool-16-thread-12] - Cannot connnect VM-116<->VM-149
 WARN 07-15 17:55:30,481 ExecutorChannelManagerMap:95 [pool-16-thread-12] - Cannot connnect VM-116<->VM-49
 WARN 07-15 17:55:30,481 ExecutorChannelManagerMap:95 [pool-16-thread-12] - Cannot connnect VM-116<->VM-48
 WARN 07-15 17:55:30,481 ExecutorChannelManagerMap:95 [pool-16-thread-12] - Cannot connnect VM-116<->VM-47
 WARN 07-15 17:55:30,481 ExecutorChannelManagerMap:95 [pool-16-thread-12] - Cannot connnect VM-116<->VM-160
 WARN 07-15 17:55:30,481 ExecutorChannelManagerMap:95 [pool-16-thread-12] - Cannot connnect VM-116<->VM-46
 WARN 07-15 17:55:30,481 ExecutorChannelManagerMap:95 [pool-16-thread-12] - Cannot connnect VM-116<->VM-45
 WARN 07-15 17:55:30,481 ExecutorChannelManagerMap:95 [pool-16-thread-12] - Cannot connnect VM-116<->VM-6
 WARN 07-15 17:55:30,481 ExecutorChannelManagerMap:95 [pool-16-thread-12] - Cannot connnect VM-116<->VM-44
 WARN 07-15 17:55:30,481 ExecutorChannelManagerMap:95 [pool-16-thread-12] - Cannot connnect VM-116<->VM-7
 WARN 07-15 17:55:30,481 ExecutorChannelManagerMap:95 [pool-16-thread-12] - Cannot connnect VM-116<->VM-43
 WARN 07-15 17:55:30,481 ExecutorChannelManagerMap:95 [pool-16-thread-12] - Cannot connnect VM-116<->VM-8
 WARN 07-15 17:55:30,481 ExecutorChannelManagerMap:95 [pool-16-thread-12] - Cannot connnect VM-116<->VM-42
 WARN 07-15 17:55:30,481 ExecutorChannelManagerMap:95 [pool-16-thread-12] - Cannot connnect VM-116<->VM-9
 WARN 07-15 17:55:30,481 ExecutorChannelManagerMap:95 [pool-16-thread-12] - Cannot connnect VM-116<->VM-41
 WARN 07-15 17:55:30,481 ExecutorChannelManagerMap:95 [pool-16-thread-12] - Cannot connnect VM-116<->VM-40
 WARN 07-15 17:55:30,481 ExecutorChannelManagerMap:95 [pool-16-thread-12] - Cannot connnect VM-116<->VM-59
 WARN 07-15 17:55:30,481 ExecutorChannelManagerMap:95 [pool-16-thread-12] - Cannot connnect VM-116<->VM-58
 WARN 07-15 17:55:30,481 ExecutorChannelManagerMap:95 [pool-16-thread-12] - Cannot connnect VM-116<->VM-57
 WARN 07-15 17:55:30,481 ExecutorChannelManagerMap:95 [pool-16-thread-12] - Cannot connnect VM-116<->VM-56
 WARN 07-15 17:55:30,481 ExecutorChannelManagerMap:95 [pool-16-thread-12] - Cannot connnect VM-116<->VM-55
 WARN 07-15 17:55:30,481 ExecutorChannelManagerMap:95 [pool-16-thread-12] - Cannot connnect VM-116<->VM-54
 WARN 07-15 17:55:30,481 ExecutorChannelManagerMap:95 [pool-16-thread-12] - Cannot connnect VM-116<->VM-53
 WARN 07-15 17:55:30,481 ExecutorChannelManagerMap:95 [pool-16-thread-12] - Cannot connnect VM-116<->VM-52
 WARN 07-15 17:55:30,481 ExecutorChannelManagerMap:95 [pool-16-thread-12] - Cannot connnect VM-116<->VM-51
 WARN 07-15 17:55:30,481 ExecutorChannelManagerMap:95 [pool-16-thread-12] - Cannot connnect VM-116<->VM-50
 WARN 07-15 17:55:30,481 ExecutorChannelManagerMap:95 [pool-16-thread-12] - Cannot connnect VM-116<->VM-1
 WARN 07-15 17:55:30,481 ExecutorChannelManagerMap:95 [pool-16-thread-12] - Cannot connnect VM-116<->VM-2
 WARN 07-15 17:55:30,481 ExecutorChannelManagerMap:95 [pool-16-thread-12] - Cannot connnect VM-116<->VM-3
 WARN 07-15 17:55:30,481 ExecutorChannelManagerMap:95 [pool-16-thread-12] - Cannot connnect VM-116<->VM-4
 WARN 07-15 17:55:30,481 ExecutorChannelManagerMap:95 [pool-16-thread-12] - Cannot connnect VM-116<->VM-5
 WARN 07-15 17:55:30,481 ExecutorChannelManagerMap:95 [pool-16-thread-12] - Cannot connnect VM-116<->VM-29
 WARN 07-15 17:55:30,481 ExecutorChannelManagerMap:95 [pool-16-thread-12] - Cannot connnect VM-116<->VM-28
 WARN 07-15 17:55:30,481 ExecutorChannelManagerMap:95 [pool-16-thread-12] - Cannot connnect VM-116<->VM-27
 WARN 07-15 17:55:30,481 ExecutorChannelManagerMap:95 [pool-16-thread-12] - Cannot connnect VM-116<->VM-26
 WARN 07-15 17:55:30,481 ExecutorChannelManagerMap:95 [pool-16-thread-12] - Cannot connnect VM-116<->VM-25
 WARN 07-15 17:55:30,481 ExecutorChannelManagerMap:95 [pool-16-thread-12] - Cannot connnect VM-116<->VM-24
 WARN 07-15 17:55:30,481 ExecutorChannelManagerMap:95 [pool-16-thread-12] - Cannot connnect VM-116<->VM-100
 WARN 07-15 17:55:30,481 ExecutorChannelManagerMap:95 [pool-16-thread-12] - Cannot connnect VM-116<->VM-23
 WARN 07-15 17:55:30,482 ExecutorChannelManagerMap:95 [pool-16-thread-12] - Cannot connnect VM-116<->VM-22
 WARN 07-15 17:55:30,482 ExecutorChannelManagerMap:106 [pool-16-thread-12] - Executor Executor4 already registered
 WARN 07-15 17:55:30,482 ExecutorChannelManagerMap:95 [pool-16-thread-12] - Cannot connnect VM-116<->VM-21
 WARN 07-15 17:55:30,482 ExecutorChannelManagerMap:106 [pool-16-thread-12] - Executor Executor3 already registered
 WARN 07-15 17:55:30,482 ExecutorChannelManagerMap:95 [pool-16-thread-12] - Cannot connnect VM-116<->VM-20
 WARN 07-15 17:55:30,482 ExecutorChannelManagerMap:95 [pool-16-thread-12] - Cannot connnect VM-116<->VM-101
 WARN 07-15 17:55:30,482 ExecutorChannelManagerMap:95 [pool-16-thread-12] - Cannot connnect VM-116<->VM-39
 WARN 07-15 17:55:30,482 ExecutorChannelManagerMap:95 [pool-16-thread-12] - Cannot connnect VM-116<->VM-38
 WARN 07-15 17:55:30,482 ExecutorChannelManagerMap:95 [pool-16-thread-12] - Cannot connnect VM-116<->VM-37
 WARN 07-15 17:55:30,482 ExecutorChannelManagerMap:95 [pool-16-thread-12] - Cannot connnect VM-116<->VM-36
 WARN 07-15 17:55:30,482 ExecutorChannelManagerMap:95 [pool-16-thread-12] - Cannot connnect VM-116<->VM-35
 WARN 07-15 17:55:30,482 ExecutorChannelManagerMap:95 [pool-16-thread-12] - Cannot connnect VM-116<->VM-34
 WARN 07-15 17:55:30,482 ExecutorChannelManagerMap:95 [pool-16-thread-12] - Cannot connnect VM-116<->VM-111
 WARN 07-15 17:55:30,482 ExecutorChannelManagerMap:95 [pool-16-thread-12] - Cannot connnect VM-116<->VM-33
 WARN 07-15 17:55:30,482 ExecutorChannelManagerMap:95 [pool-16-thread-12] - Cannot connnect VM-116<->VM-110
 WARN 07-15 17:55:30,482 ExecutorChannelManagerMap:95 [pool-16-thread-12] - Cannot connnect VM-116<->VM-32
 WARN 07-15 17:55:30,482 ExecutorChannelManagerMap:95 [pool-16-thread-12] - Cannot connnect VM-116<->VM-31
 WARN 07-15 17:55:30,482 ExecutorChannelManagerMap:95 [pool-16-thread-12] - Cannot connnect VM-116<->VM-30
 WARN 07-15 17:55:30,482 ExecutorChannelManagerMap:95 [pool-16-thread-12] - Cannot connnect VM-116<->VM-115
 WARN 07-15 17:55:30,482 ExecutorChannelManagerMap:95 [pool-16-thread-12] - Cannot connnect VM-116<->VM-114
 WARN 07-15 17:55:30,482 ExecutorChannelManagerMap:95 [pool-16-thread-12] - Cannot connnect VM-116<->VM-113
 WARN 07-15 17:55:30,482 ExecutorChannelManagerMap:95 [pool-16-thread-12] - Cannot connnect VM-116<->VM-112
 WARN 07-15 17:55:30,482 ExecutorChannelManagerMap:106 [pool-16-thread-12] - Executor Executor2 already registered
 WARN 07-15 17:55:30,482 ExecutorChannelManagerMap:106 [pool-16-thread-12] - Executor Executor1 already registered
 WARN 07-15 17:55:30,482 ExecutorChannelManagerMap:106 [pool-16-thread-12] - Executor Executor0 already registered
 WARN 07-15 17:55:30,482 ExecutorChannelManagerMap:95 [pool-16-thread-12] - Cannot connnect VM-116<->VM-109
 WARN 07-15 17:55:30,482 ExecutorChannelManagerMap:95 [pool-16-thread-9] - Cannot connnect VM-116<->VM-89
 WARN 07-15 17:55:30,482 ExecutorChannelManagerMap:95 [pool-16-thread-9] - Cannot connnect VM-116<->VM-122
 WARN 07-15 17:55:30,482 ExecutorChannelManagerMap:95 [pool-16-thread-9] - Cannot connnect VM-116<->VM-88
 WARN 07-15 17:55:30,482 ExecutorChannelManagerMap:95 [pool-16-thread-9] - Cannot connnect VM-116<->VM-121
 WARN 07-15 17:55:30,482 ExecutorChannelManagerMap:95 [pool-16-thread-9] - Cannot connnect VM-116<->VM-87
 WARN 07-15 17:55:30,482 ExecutorChannelManagerMap:95 [pool-16-thread-9] - Cannot connnect VM-116<->VM-120
 WARN 07-15 17:55:30,482 ExecutorChannelManagerMap:95 [pool-16-thread-9] - Cannot connnect VM-116<->VM-86
 WARN 07-15 17:55:30,482 ExecutorChannelManagerMap:95 [pool-16-thread-9] - Cannot connnect VM-116<->VM-85
 WARN 07-15 17:55:30,482 ExecutorChannelManagerMap:95 [pool-16-thread-9] - Cannot connnect VM-116<->VM-126
 WARN 07-15 17:55:30,482 ExecutorChannelManagerMap:95 [pool-16-thread-9] - Cannot connnect VM-116<->VM-84
 WARN 07-15 17:55:30,483 ExecutorChannelManagerMap:95 [pool-16-thread-9] - Cannot connnect VM-116<->VM-125
 WARN 07-15 17:55:30,483 ExecutorChannelManagerMap:95 [pool-16-thread-9] - Cannot connnect VM-116<->VM-83
 WARN 07-15 17:55:30,483 ExecutorChannelManagerMap:95 [pool-16-thread-9] - Cannot connnect VM-116<->VM-124
 WARN 07-15 17:55:30,483 ExecutorChannelManagerMap:95 [pool-16-thread-9] - Cannot connnect VM-116<->VM-82
 WARN 07-15 17:55:30,483 ExecutorChannelManagerMap:95 [pool-16-thread-9] - Cannot connnect VM-116<->VM-123
 WARN 07-15 17:55:30,483 ExecutorChannelManagerMap:95 [pool-16-thread-9] - Cannot connnect VM-116<->VM-81
 WARN 07-15 17:55:30,483 ExecutorChannelManagerMap:95 [pool-16-thread-9] - Cannot connnect VM-116<->VM-119
 WARN 07-15 17:55:30,483 ExecutorChannelManagerMap:95 [pool-16-thread-9] - Cannot connnect VM-116<->VM-80
 WARN 07-15 17:55:30,483 ExecutorChannelManagerMap:95 [pool-16-thread-9] - Cannot connnect VM-116<->VM-118
 WARN 07-15 17:55:30,483 ExecutorChannelManagerMap:95 [pool-16-thread-9] - Cannot connnect VM-116<->VM-117
 WARN 07-15 17:55:30,483 ExecutorChannelManagerMap:95 [pool-16-thread-9] - Cannot connnect VM-116<->VM-19
 WARN 07-15 17:55:30,483 ExecutorChannelManagerMap:95 [pool-16-thread-9] - Cannot connnect VM-116<->VM-18
 WARN 07-15 17:55:30,483 ExecutorChannelManagerMap:95 [pool-16-thread-9] - Cannot connnect VM-116<->VM-17
 WARN 07-15 17:55:30,483 ExecutorChannelManagerMap:95 [pool-16-thread-9] - Cannot connnect VM-116<->VM-16
 WARN 07-15 17:55:30,483 ExecutorChannelManagerMap:95 [pool-16-thread-9] - Cannot connnect VM-116<->VM-15
 WARN 07-15 17:55:30,483 ExecutorChannelManagerMap:95 [pool-16-thread-9] - Cannot connnect VM-116<->VM-14
 WARN 07-15 17:55:30,483 ExecutorChannelManagerMap:95 [pool-16-thread-9] - Cannot connnect VM-116<->VM-13
 WARN 07-15 17:55:30,483 ExecutorChannelManagerMap:95 [pool-16-thread-9] - Cannot connnect VM-116<->VM-12
 WARN 07-15 17:55:30,483 ExecutorChannelManagerMap:95 [pool-16-thread-9] - Cannot connnect VM-116<->VM-133
 WARN 07-15 17:55:30,483 ExecutorChannelManagerMap:95 [pool-16-thread-9] - Cannot connnect VM-116<->VM-99
 WARN 07-15 17:55:30,483 ExecutorChannelManagerMap:95 [pool-16-thread-9] - Cannot connnect VM-116<->VM-11
 WARN 07-15 17:55:30,483 ExecutorChannelManagerMap:95 [pool-16-thread-9] - Cannot connnect VM-116<->VM-132
 WARN 07-15 17:55:30,483 ExecutorChannelManagerMap:95 [pool-16-thread-9] - Cannot connnect VM-116<->VM-98
 WARN 07-15 17:55:30,483 ExecutorChannelManagerMap:95 [pool-16-thread-9] - Cannot connnect VM-116<->VM-10
 WARN 07-15 17:55:30,483 ExecutorChannelManagerMap:95 [pool-16-thread-9] - Cannot connnect VM-116<->VM-131
 WARN 07-15 17:55:30,483 ExecutorChannelManagerMap:95 [pool-16-thread-9] - Cannot connnect VM-116<->VM-97
 WARN 07-15 17:55:30,483 ExecutorChannelManagerMap:95 [pool-16-thread-9] - Cannot connnect VM-116<->VM-130
 WARN 07-15 17:55:30,483 ExecutorChannelManagerMap:95 [pool-16-thread-9] - Cannot connnect VM-116<->VM-96
 WARN 07-15 17:55:30,483 ExecutorChannelManagerMap:95 [pool-16-thread-9] - Cannot connnect VM-116<->VM-137
 WARN 07-15 17:55:30,483 ExecutorChannelManagerMap:95 [pool-16-thread-9] - Cannot connnect VM-116<->VM-95
 WARN 07-15 17:55:30,483 ExecutorChannelManagerMap:95 [pool-16-thread-9] - Cannot connnect VM-116<->VM-136
 WARN 07-15 17:55:30,483 ExecutorChannelManagerMap:95 [pool-16-thread-9] - Cannot connnect VM-116<->VM-94
 WARN 07-15 17:55:30,483 ExecutorChannelManagerMap:95 [pool-16-thread-9] - Cannot connnect VM-116<->VM-135
 WARN 07-15 17:55:30,483 ExecutorChannelManagerMap:95 [pool-16-thread-9] - Cannot connnect VM-116<->VM-93
 WARN 07-15 17:55:30,483 ExecutorChannelManagerMap:95 [pool-16-thread-9] - Cannot connnect VM-116<->VM-134
 WARN 07-15 17:55:30,483 ExecutorChannelManagerMap:95 [pool-16-thread-9] - Cannot connnect VM-116<->VM-92
 WARN 07-15 17:55:30,483 ExecutorChannelManagerMap:95 [pool-16-thread-9] - Cannot connnect VM-116<->VM-91
 WARN 07-15 17:55:30,484 ExecutorChannelManagerMap:95 [pool-16-thread-9] - Cannot connnect VM-116<->VM-129
 WARN 07-15 17:55:30,484 ExecutorChannelManagerMap:95 [pool-16-thread-9] - Cannot connnect VM-116<->VM-90
 WARN 07-15 17:55:30,484 ExecutorChannelManagerMap:95 [pool-16-thread-9] - Cannot connnect VM-116<->VM-128
 WARN 07-15 17:55:30,484 ExecutorChannelManagerMap:95 [pool-16-thread-9] - Cannot connnect VM-116<->VM-127
 WARN 07-15 17:55:30,484 ExecutorChannelManagerMap:95 [pool-16-thread-9] - Cannot connnect VM-116<->VM-140
 WARN 07-15 17:55:30,484 ExecutorChannelManagerMap:95 [pool-16-thread-9] - Cannot connnect VM-116<->VM-69
 WARN 07-15 17:55:30,484 ExecutorChannelManagerMap:95 [pool-16-thread-9] - Cannot connnect VM-116<->VM-68
 WARN 07-15 17:55:30,484 ExecutorChannelManagerMap:95 [pool-16-thread-9] - Cannot connnect VM-116<->VM-67
 WARN 07-15 17:55:30,484 ExecutorChannelManagerMap:95 [pool-16-thread-9] - Cannot connnect VM-116<->VM-144
 WARN 07-15 17:55:30,484 ExecutorChannelManagerMap:95 [pool-16-thread-9] - Cannot connnect VM-116<->VM-66
 WARN 07-15 17:55:30,484 ExecutorChannelManagerMap:95 [pool-16-thread-9] - Cannot connnect VM-116<->VM-143
 WARN 07-15 17:55:30,484 ExecutorChannelManagerMap:95 [pool-16-thread-9] - Cannot connnect VM-116<->VM-65
 WARN 07-15 17:55:30,484 ExecutorChannelManagerMap:95 [pool-16-thread-9] - Cannot connnect VM-116<->VM-142
 WARN 07-15 17:55:30,484 ExecutorChannelManagerMap:95 [pool-16-thread-9] - Cannot connnect VM-116<->VM-64
 WARN 07-15 17:55:30,484 ExecutorChannelManagerMap:95 [pool-16-thread-9] - Cannot connnect VM-116<->VM-141
 WARN 07-15 17:55:30,484 ExecutorChannelManagerMap:95 [pool-16-thread-9] - Cannot connnect VM-116<->VM-63
 WARN 07-15 17:55:30,484 ExecutorChannelManagerMap:95 [pool-16-thread-9] - Cannot connnect VM-116<->VM-148
 WARN 07-15 17:55:30,484 ExecutorChannelManagerMap:95 [pool-16-thread-9] - Cannot connnect VM-116<->VM-62
 WARN 07-15 17:55:30,484 ExecutorChannelManagerMap:95 [pool-16-thread-9] - Cannot connnect VM-116<->VM-147
 WARN 07-15 17:55:30,484 ExecutorChannelManagerMap:95 [pool-16-thread-9] - Cannot connnect VM-116<->VM-61
 WARN 07-15 17:55:30,484 ExecutorChannelManagerMap:95 [pool-16-thread-9] - Cannot connnect VM-116<->VM-146
 WARN 07-15 17:55:30,484 ExecutorChannelManagerMap:95 [pool-16-thread-9] - Cannot connnect VM-116<->VM-60
 WARN 07-15 17:55:30,484 ExecutorChannelManagerMap:95 [pool-16-thread-9] - Cannot connnect VM-116<->VM-145
 WARN 07-15 17:55:30,484 ExecutorChannelManagerMap:95 [pool-16-thread-9] - Cannot connnect VM-116<->VM-139
 WARN 07-15 17:55:30,484 ExecutorChannelManagerMap:95 [pool-16-thread-9] - Cannot connnect VM-116<->VM-138
 WARN 07-15 17:55:30,484 ExecutorChannelManagerMap:95 [pool-16-thread-9] - Cannot connnect VM-116<->VM-151
 WARN 07-15 17:55:30,484 ExecutorChannelManagerMap:95 [pool-16-thread-9] - Cannot connnect VM-116<->VM-150
 WARN 07-15 17:55:30,484 ExecutorChannelManagerMap:95 [pool-16-thread-9] - Cannot connnect VM-116<->VM-79
 WARN 07-15 17:55:30,484 ExecutorChannelManagerMap:95 [pool-16-thread-9] - Cannot connnect VM-116<->VM-78
 WARN 07-15 17:55:30,484 ExecutorChannelManagerMap:95 [pool-16-thread-9] - Cannot connnect VM-116<->VM-155
 WARN 07-15 17:55:30,484 ExecutorChannelManagerMap:95 [pool-16-thread-9] - Cannot connnect VM-116<->VM-77
 WARN 07-15 17:55:30,484 ExecutorChannelManagerMap:95 [pool-16-thread-9] - Cannot connnect VM-116<->VM-154
 WARN 07-15 17:55:30,484 ExecutorChannelManagerMap:95 [pool-16-thread-9] - Cannot connnect VM-116<->VM-76
 WARN 07-15 17:55:30,484 ExecutorChannelManagerMap:95 [pool-16-thread-9] - Cannot connnect VM-116<->VM-153
 WARN 07-15 17:55:30,484 ExecutorChannelManagerMap:95 [pool-16-thread-9] - Cannot connnect VM-116<->VM-75
 WARN 07-15 17:55:30,484 ExecutorChannelManagerMap:95 [pool-16-thread-9] - Cannot connnect VM-116<->VM-152
 WARN 07-15 17:55:30,484 ExecutorChannelManagerMap:95 [pool-16-thread-9] - Cannot connnect VM-116<->VM-74
 WARN 07-15 17:55:30,484 ExecutorChannelManagerMap:95 [pool-16-thread-9] - Cannot connnect VM-116<->VM-159
 WARN 07-15 17:55:30,484 ExecutorChannelManagerMap:95 [pool-16-thread-9] - Cannot connnect VM-116<->VM-73
 WARN 07-15 17:55:30,485 ExecutorChannelManagerMap:95 [pool-16-thread-9] - Cannot connnect VM-116<->VM-158
 WARN 07-15 17:55:30,485 ExecutorChannelManagerMap:95 [pool-16-thread-9] - Cannot connnect VM-116<->VM-72
 WARN 07-15 17:55:30,485 ExecutorChannelManagerMap:95 [pool-16-thread-9] - Cannot connnect VM-116<->VM-157
 WARN 07-15 17:55:30,485 ExecutorChannelManagerMap:95 [pool-16-thread-9] - Cannot connnect VM-116<->VM-71
 WARN 07-15 17:55:30,485 ExecutorChannelManagerMap:95 [pool-16-thread-9] - Cannot connnect VM-116<->VM-156
 WARN 07-15 17:55:30,485 ExecutorChannelManagerMap:95 [pool-16-thread-9] - Cannot connnect VM-116<->VM-70
 WARN 07-15 17:55:30,485 ExecutorChannelManagerMap:95 [pool-16-thread-9] - Cannot connnect VM-116<->VM-149
 WARN 07-15 17:55:30,485 ExecutorChannelManagerMap:95 [pool-16-thread-9] - Cannot connnect VM-116<->VM-49
 WARN 07-15 17:55:30,485 ExecutorChannelManagerMap:95 [pool-16-thread-9] - Cannot connnect VM-116<->VM-48
 WARN 07-15 17:55:30,485 ExecutorChannelManagerMap:95 [pool-16-thread-9] - Cannot connnect VM-116<->VM-47
 WARN 07-15 17:55:30,485 ExecutorChannelManagerMap:95 [pool-16-thread-9] - Cannot connnect VM-116<->VM-160
 WARN 07-15 17:55:30,485 ExecutorChannelManagerMap:95 [pool-16-thread-9] - Cannot connnect VM-116<->VM-46
 WARN 07-15 17:55:30,485 ExecutorChannelManagerMap:95 [pool-16-thread-9] - Cannot connnect VM-116<->VM-45
 WARN 07-15 17:55:30,485 ExecutorChannelManagerMap:95 [pool-16-thread-9] - Cannot connnect VM-116<->VM-6
 WARN 07-15 17:55:30,485 ExecutorChannelManagerMap:95 [pool-16-thread-9] - Cannot connnect VM-116<->VM-44
 WARN 07-15 17:55:30,485 ExecutorChannelManagerMap:95 [pool-16-thread-9] - Cannot connnect VM-116<->VM-7
 WARN 07-15 17:55:30,485 ExecutorChannelManagerMap:95 [pool-16-thread-9] - Cannot connnect VM-116<->VM-43
 WARN 07-15 17:55:30,485 ExecutorChannelManagerMap:95 [pool-16-thread-9] - Cannot connnect VM-116<->VM-8
 WARN 07-15 17:55:30,485 ExecutorChannelManagerMap:95 [pool-16-thread-9] - Cannot connnect VM-116<->VM-42
 WARN 07-15 17:55:30,485 ExecutorChannelManagerMap:95 [pool-16-thread-9] - Cannot connnect VM-116<->VM-9
 WARN 07-15 17:55:30,485 ExecutorChannelManagerMap:95 [pool-16-thread-9] - Cannot connnect VM-116<->VM-41
 WARN 07-15 17:55:30,485 ExecutorChannelManagerMap:95 [pool-16-thread-9] - Cannot connnect VM-116<->VM-40
 WARN 07-15 17:55:30,485 ExecutorChannelManagerMap:95 [pool-16-thread-9] - Cannot connnect VM-116<->VM-59
 WARN 07-15 17:55:30,485 ExecutorChannelManagerMap:95 [pool-16-thread-9] - Cannot connnect VM-116<->VM-58
 WARN 07-15 17:55:30,485 ExecutorChannelManagerMap:95 [pool-16-thread-9] - Cannot connnect VM-116<->VM-57
 WARN 07-15 17:55:30,485 ExecutorChannelManagerMap:95 [pool-16-thread-9] - Cannot connnect VM-116<->VM-56
 WARN 07-15 17:55:30,485 ExecutorChannelManagerMap:95 [pool-16-thread-9] - Cannot connnect VM-116<->VM-55
 WARN 07-15 17:55:30,485 ExecutorChannelManagerMap:95 [pool-16-thread-9] - Cannot connnect VM-116<->VM-54
 WARN 07-15 17:55:30,485 ExecutorChannelManagerMap:95 [pool-16-thread-9] - Cannot connnect VM-116<->VM-53
 WARN 07-15 17:55:30,485 ExecutorChannelManagerMap:95 [pool-16-thread-9] - Cannot connnect VM-116<->VM-52
 WARN 07-15 17:55:30,485 ExecutorChannelManagerMap:95 [pool-16-thread-9] - Cannot connnect VM-116<->VM-51
 WARN 07-15 17:55:30,485 ExecutorChannelManagerMap:95 [pool-16-thread-9] - Cannot connnect VM-116<->VM-50
 WARN 07-15 17:55:30,485 ExecutorChannelManagerMap:95 [pool-16-thread-9] - Cannot connnect VM-116<->VM-1
 WARN 07-15 17:55:30,485 ExecutorChannelManagerMap:95 [pool-16-thread-9] - Cannot connnect VM-116<->VM-2
 WARN 07-15 17:55:30,485 ExecutorChannelManagerMap:95 [pool-16-thread-9] - Cannot connnect VM-116<->VM-3
 WARN 07-15 17:55:30,485 ExecutorChannelManagerMap:95 [pool-16-thread-9] - Cannot connnect VM-116<->VM-4
 WARN 07-15 17:55:30,485 ExecutorChannelManagerMap:95 [pool-16-thread-9] - Cannot connnect VM-116<->VM-5
 WARN 07-15 17:55:30,486 ExecutorChannelManagerMap:95 [pool-16-thread-9] - Cannot connnect VM-116<->VM-29
 WARN 07-15 17:55:30,486 ExecutorChannelManagerMap:95 [pool-16-thread-9] - Cannot connnect VM-116<->VM-28
 WARN 07-15 17:55:30,486 ExecutorChannelManagerMap:95 [pool-16-thread-9] - Cannot connnect VM-116<->VM-27
 WARN 07-15 17:55:30,486 ExecutorChannelManagerMap:95 [pool-16-thread-9] - Cannot connnect VM-116<->VM-26
 WARN 07-15 17:55:30,486 ExecutorChannelManagerMap:95 [pool-16-thread-9] - Cannot connnect VM-116<->VM-25
 WARN 07-15 17:55:30,486 ExecutorChannelManagerMap:95 [pool-16-thread-9] - Cannot connnect VM-116<->VM-24
 WARN 07-15 17:55:30,486 ExecutorChannelManagerMap:95 [pool-16-thread-9] - Cannot connnect VM-116<->VM-100
 WARN 07-15 17:55:30,486 ExecutorChannelManagerMap:95 [pool-16-thread-9] - Cannot connnect VM-116<->VM-23
 WARN 07-15 17:55:30,486 ExecutorChannelManagerMap:95 [pool-16-thread-9] - Cannot connnect VM-116<->VM-22
 WARN 07-15 17:55:30,486 ExecutorChannelManagerMap:106 [pool-16-thread-9] - Executor Executor4 already registered
 WARN 07-15 17:55:30,486 ExecutorChannelManagerMap:95 [pool-16-thread-9] - Cannot connnect VM-116<->VM-21
 WARN 07-15 17:55:30,486 ExecutorChannelManagerMap:106 [pool-16-thread-9] - Executor Executor3 already registered
 WARN 07-15 17:55:30,486 ExecutorChannelManagerMap:95 [pool-16-thread-9] - Cannot connnect VM-116<->VM-20
 WARN 07-15 17:55:30,486 ExecutorChannelManagerMap:95 [pool-16-thread-9] - Cannot connnect VM-116<->VM-101
 WARN 07-15 17:55:30,486 ExecutorChannelManagerMap:95 [pool-16-thread-9] - Cannot connnect VM-116<->VM-39
 WARN 07-15 17:55:30,486 ExecutorChannelManagerMap:95 [pool-16-thread-9] - Cannot connnect VM-116<->VM-38
 WARN 07-15 17:55:30,486 ExecutorChannelManagerMap:95 [pool-16-thread-9] - Cannot connnect VM-116<->VM-37
 WARN 07-15 17:55:30,486 ExecutorChannelManagerMap:95 [pool-16-thread-9] - Cannot connnect VM-116<->VM-36
 WARN 07-15 17:55:30,486 ExecutorChannelManagerMap:95 [pool-16-thread-9] - Cannot connnect VM-116<->VM-35
 WARN 07-15 17:55:30,486 ExecutorChannelManagerMap:95 [pool-16-thread-9] - Cannot connnect VM-116<->VM-34
 WARN 07-15 17:55:30,486 ExecutorChannelManagerMap:95 [pool-16-thread-9] - Cannot connnect VM-116<->VM-111
 WARN 07-15 17:55:30,486 ExecutorChannelManagerMap:95 [pool-16-thread-9] - Cannot connnect VM-116<->VM-33
 WARN 07-15 17:55:30,486 ExecutorChannelManagerMap:95 [pool-16-thread-9] - Cannot connnect VM-116<->VM-110
 WARN 07-15 17:55:30,486 ExecutorChannelManagerMap:95 [pool-16-thread-9] - Cannot connnect VM-116<->VM-32
 WARN 07-15 17:55:30,486 ExecutorChannelManagerMap:95 [pool-16-thread-9] - Cannot connnect VM-116<->VM-31
 WARN 07-15 17:55:30,486 ExecutorChannelManagerMap:95 [pool-16-thread-9] - Cannot connnect VM-116<->VM-30
 WARN 07-15 17:55:30,486 ExecutorChannelManagerMap:95 [pool-16-thread-9] - Cannot connnect VM-116<->VM-115
 WARN 07-15 17:55:30,486 ExecutorChannelManagerMap:95 [pool-16-thread-9] - Cannot connnect VM-116<->VM-114
 WARN 07-15 17:55:30,486 ExecutorChannelManagerMap:95 [pool-16-thread-9] - Cannot connnect VM-116<->VM-113
 WARN 07-15 17:55:30,486 ExecutorChannelManagerMap:95 [pool-16-thread-9] - Cannot connnect VM-116<->VM-112
 WARN 07-15 17:55:30,486 ExecutorChannelManagerMap:95 [pool-16-thread-9] - Cannot connnect VM-116<->VM-108
 WARN 07-15 17:55:30,486 ExecutorChannelManagerMap:95 [pool-16-thread-9] - Cannot connnect VM-116<->VM-107
 WARN 07-15 17:55:30,486 ExecutorChannelManagerMap:95 [pool-16-thread-9] - Cannot connnect VM-116<->VM-106
 WARN 07-15 17:55:30,486 ExecutorChannelManagerMap:106 [pool-16-thread-9] - Executor Executor2 already registered
 WARN 07-15 17:55:30,486 ExecutorChannelManagerMap:106 [pool-16-thread-9] - Executor Executor1 already registered
 WARN 07-15 17:55:30,486 ExecutorChannelManagerMap:106 [pool-16-thread-9] - Executor Executor0 already registered
 WARN 07-15 17:55:30,486 ExecutorChannelManagerMap:95 [pool-16-thread-9] - Cannot connnect VM-116<->VM-109
 WARN 07-15 17:55:30,487 ExecutorChannelManagerMap:95 [pool-16-thread-11] - Cannot connnect VM-116<->VM-89
 WARN 07-15 17:55:30,487 ExecutorChannelManagerMap:95 [pool-16-thread-11] - Cannot connnect VM-116<->VM-122
 WARN 07-15 17:55:30,487 ExecutorChannelManagerMap:95 [pool-16-thread-11] - Cannot connnect VM-116<->VM-88
 WARN 07-15 17:55:30,487 ExecutorChannelManagerMap:95 [pool-16-thread-11] - Cannot connnect VM-116<->VM-121
 WARN 07-15 17:55:30,487 ExecutorChannelManagerMap:95 [pool-16-thread-11] - Cannot connnect VM-116<->VM-87
 WARN 07-15 17:55:30,487 ExecutorChannelManagerMap:95 [pool-16-thread-11] - Cannot connnect VM-116<->VM-120
 WARN 07-15 17:55:30,487 ExecutorChannelManagerMap:95 [pool-16-thread-11] - Cannot connnect VM-116<->VM-86
 WARN 07-15 17:55:30,487 ExecutorChannelManagerMap:95 [pool-16-thread-11] - Cannot connnect VM-116<->VM-85
 WARN 07-15 17:55:30,487 ExecutorChannelManagerMap:95 [pool-16-thread-11] - Cannot connnect VM-116<->VM-126
 WARN 07-15 17:55:30,487 ExecutorChannelManagerMap:95 [pool-16-thread-11] - Cannot connnect VM-116<->VM-84
 WARN 07-15 17:55:30,487 ExecutorChannelManagerMap:95 [pool-16-thread-11] - Cannot connnect VM-116<->VM-125
 WARN 07-15 17:55:30,487 ExecutorChannelManagerMap:95 [pool-16-thread-11] - Cannot connnect VM-116<->VM-83
 WARN 07-15 17:55:30,487 ExecutorChannelManagerMap:95 [pool-16-thread-11] - Cannot connnect VM-116<->VM-124
 WARN 07-15 17:55:30,487 ExecutorChannelManagerMap:95 [pool-16-thread-11] - Cannot connnect VM-116<->VM-82
 WARN 07-15 17:55:30,487 ExecutorChannelManagerMap:95 [pool-16-thread-11] - Cannot connnect VM-116<->VM-123
 WARN 07-15 17:55:30,487 ExecutorChannelManagerMap:95 [pool-16-thread-11] - Cannot connnect VM-116<->VM-81
 WARN 07-15 17:55:30,487 ExecutorChannelManagerMap:95 [pool-16-thread-11] - Cannot connnect VM-116<->VM-119
 WARN 07-15 17:55:30,487 ExecutorChannelManagerMap:95 [pool-16-thread-11] - Cannot connnect VM-116<->VM-80
 WARN 07-15 17:55:30,487 ExecutorChannelManagerMap:95 [pool-16-thread-11] - Cannot connnect VM-116<->VM-118
 WARN 07-15 17:55:30,487 ExecutorChannelManagerMap:95 [pool-16-thread-11] - Cannot connnect VM-116<->VM-117
 WARN 07-15 17:55:30,487 ExecutorChannelManagerMap:95 [pool-16-thread-11] - Cannot connnect VM-116<->VM-19
 WARN 07-15 17:55:30,487 ExecutorChannelManagerMap:95 [pool-16-thread-11] - Cannot connnect VM-116<->VM-18
 WARN 07-15 17:55:30,487 ExecutorChannelManagerMap:95 [pool-16-thread-11] - Cannot connnect VM-116<->VM-17
 WARN 07-15 17:55:30,487 ExecutorChannelManagerMap:95 [pool-16-thread-11] - Cannot connnect VM-116<->VM-16
 WARN 07-15 17:55:30,487 ExecutorChannelManagerMap:95 [pool-16-thread-11] - Cannot connnect VM-116<->VM-15
 WARN 07-15 17:55:30,487 ExecutorChannelManagerMap:95 [pool-16-thread-11] - Cannot connnect VM-116<->VM-14
 WARN 07-15 17:55:30,487 ExecutorChannelManagerMap:95 [pool-16-thread-11] - Cannot connnect VM-116<->VM-13
 WARN 07-15 17:55:30,487 ExecutorChannelManagerMap:95 [pool-16-thread-11] - Cannot connnect VM-116<->VM-12
 WARN 07-15 17:55:30,487 ExecutorChannelManagerMap:95 [pool-16-thread-11] - Cannot connnect VM-116<->VM-133
 WARN 07-15 17:55:30,487 ExecutorChannelManagerMap:95 [pool-16-thread-11] - Cannot connnect VM-116<->VM-99
 WARN 07-15 17:55:30,487 ExecutorChannelManagerMap:95 [pool-16-thread-11] - Cannot connnect VM-116<->VM-11
 WARN 07-15 17:55:30,487 ExecutorChannelManagerMap:95 [pool-16-thread-11] - Cannot connnect VM-116<->VM-132
 WARN 07-15 17:55:30,487 ExecutorChannelManagerMap:95 [pool-16-thread-11] - Cannot connnect VM-116<->VM-98
 WARN 07-15 17:55:30,488 ExecutorChannelManagerMap:95 [pool-16-thread-11] - Cannot connnect VM-116<->VM-10
 WARN 07-15 17:55:30,488 ExecutorChannelManagerMap:95 [pool-16-thread-11] - Cannot connnect VM-116<->VM-131
 WARN 07-15 17:55:30,488 ExecutorChannelManagerMap:95 [pool-16-thread-11] - Cannot connnect VM-116<->VM-97
 WARN 07-15 17:55:30,488 ExecutorChannelManagerMap:95 [pool-16-thread-11] - Cannot connnect VM-116<->VM-130
 WARN 07-15 17:55:30,488 ExecutorChannelManagerMap:95 [pool-16-thread-11] - Cannot connnect VM-116<->VM-96
 WARN 07-15 17:55:30,488 ExecutorChannelManagerMap:95 [pool-16-thread-11] - Cannot connnect VM-116<->VM-137
 WARN 07-15 17:55:30,488 ExecutorChannelManagerMap:95 [pool-16-thread-11] - Cannot connnect VM-116<->VM-95
 WARN 07-15 17:55:30,488 ExecutorChannelManagerMap:95 [pool-16-thread-11] - Cannot connnect VM-116<->VM-136
 WARN 07-15 17:55:30,488 ExecutorChannelManagerMap:95 [pool-16-thread-11] - Cannot connnect VM-116<->VM-94
 WARN 07-15 17:55:30,488 ExecutorChannelManagerMap:95 [pool-16-thread-11] - Cannot connnect VM-116<->VM-135
 WARN 07-15 17:55:30,488 ExecutorChannelManagerMap:95 [pool-16-thread-11] - Cannot connnect VM-116<->VM-93
 WARN 07-15 17:55:30,488 ExecutorChannelManagerMap:95 [pool-16-thread-11] - Cannot connnect VM-116<->VM-134
 WARN 07-15 17:55:30,488 ExecutorChannelManagerMap:95 [pool-16-thread-11] - Cannot connnect VM-116<->VM-92
 WARN 07-15 17:55:30,488 ExecutorChannelManagerMap:95 [pool-16-thread-11] - Cannot connnect VM-116<->VM-91
 WARN 07-15 17:55:30,488 ExecutorChannelManagerMap:95 [pool-16-thread-11] - Cannot connnect VM-116<->VM-129
 WARN 07-15 17:55:30,488 ExecutorChannelManagerMap:95 [pool-16-thread-11] - Cannot connnect VM-116<->VM-90
 WARN 07-15 17:55:30,488 ExecutorChannelManagerMap:95 [pool-16-thread-11] - Cannot connnect VM-116<->VM-128
 WARN 07-15 17:55:30,488 ExecutorChannelManagerMap:95 [pool-16-thread-11] - Cannot connnect VM-116<->VM-127
 WARN 07-15 17:55:30,488 ExecutorChannelManagerMap:95 [pool-16-thread-11] - Cannot connnect VM-116<->VM-140
 WARN 07-15 17:55:30,488 ExecutorChannelManagerMap:95 [pool-16-thread-11] - Cannot connnect VM-116<->VM-69
 WARN 07-15 17:55:30,488 ExecutorChannelManagerMap:95 [pool-16-thread-11] - Cannot connnect VM-116<->VM-68
 WARN 07-15 17:55:30,488 ExecutorChannelManagerMap:95 [pool-16-thread-11] - Cannot connnect VM-116<->VM-67
 WARN 07-15 17:55:30,488 ExecutorChannelManagerMap:95 [pool-16-thread-11] - Cannot connnect VM-116<->VM-144
 WARN 07-15 17:55:30,488 ExecutorChannelManagerMap:95 [pool-16-thread-11] - Cannot connnect VM-116<->VM-66
 WARN 07-15 17:55:30,488 ExecutorChannelManagerMap:95 [pool-16-thread-11] - Cannot connnect VM-116<->VM-143
 WARN 07-15 17:55:30,488 ExecutorChannelManagerMap:95 [pool-16-thread-11] - Cannot connnect VM-116<->VM-65
 WARN 07-15 17:55:30,488 ExecutorChannelManagerMap:95 [pool-16-thread-11] - Cannot connnect VM-116<->VM-142
 WARN 07-15 17:55:30,488 ExecutorChannelManagerMap:95 [pool-16-thread-11] - Cannot connnect VM-116<->VM-64
 WARN 07-15 17:55:30,488 ExecutorChannelManagerMap:95 [pool-16-thread-11] - Cannot connnect VM-116<->VM-141
 WARN 07-15 17:55:30,488 ExecutorChannelManagerMap:95 [pool-16-thread-11] - Cannot connnect VM-116<->VM-63
 WARN 07-15 17:55:30,488 ExecutorChannelManagerMap:95 [pool-16-thread-11] - Cannot connnect VM-116<->VM-148
 WARN 07-15 17:55:30,488 ExecutorChannelManagerMap:95 [pool-16-thread-11] - Cannot connnect VM-116<->VM-62
 WARN 07-15 17:55:30,488 ExecutorChannelManagerMap:95 [pool-16-thread-11] - Cannot connnect VM-116<->VM-147
 WARN 07-15 17:55:30,488 ExecutorChannelManagerMap:95 [pool-16-thread-11] - Cannot connnect VM-116<->VM-61
 WARN 07-15 17:55:30,488 ExecutorChannelManagerMap:95 [pool-16-thread-11] - Cannot connnect VM-116<->VM-146
 WARN 07-15 17:55:30,488 ExecutorChannelManagerMap:95 [pool-16-thread-11] - Cannot connnect VM-116<->VM-60
 WARN 07-15 17:55:30,488 ExecutorChannelManagerMap:95 [pool-16-thread-11] - Cannot connnect VM-116<->VM-145
 WARN 07-15 17:55:30,488 ExecutorChannelManagerMap:95 [pool-16-thread-11] - Cannot connnect VM-116<->VM-139
 WARN 07-15 17:55:30,488 ExecutorChannelManagerMap:95 [pool-16-thread-11] - Cannot connnect VM-116<->VM-138
 WARN 07-15 17:55:30,489 ExecutorChannelManagerMap:95 [pool-16-thread-11] - Cannot connnect VM-116<->VM-151
 WARN 07-15 17:55:30,489 ExecutorChannelManagerMap:95 [pool-16-thread-11] - Cannot connnect VM-116<->VM-150
 WARN 07-15 17:55:30,489 ExecutorChannelManagerMap:95 [pool-16-thread-11] - Cannot connnect VM-116<->VM-79
 WARN 07-15 17:55:30,489 ExecutorChannelManagerMap:95 [pool-16-thread-11] - Cannot connnect VM-116<->VM-78
 WARN 07-15 17:55:30,489 ExecutorChannelManagerMap:95 [pool-16-thread-11] - Cannot connnect VM-116<->VM-155
 WARN 07-15 17:55:30,489 ExecutorChannelManagerMap:95 [pool-16-thread-11] - Cannot connnect VM-116<->VM-77
 WARN 07-15 17:55:30,489 ExecutorChannelManagerMap:95 [pool-16-thread-11] - Cannot connnect VM-116<->VM-154
 WARN 07-15 17:55:30,489 ExecutorChannelManagerMap:95 [pool-16-thread-11] - Cannot connnect VM-116<->VM-76
 WARN 07-15 17:55:30,489 ExecutorChannelManagerMap:95 [pool-16-thread-11] - Cannot connnect VM-116<->VM-153
 WARN 07-15 17:55:30,489 ExecutorChannelManagerMap:95 [pool-16-thread-11] - Cannot connnect VM-116<->VM-75
 WARN 07-15 17:55:30,489 ExecutorChannelManagerMap:95 [pool-16-thread-11] - Cannot connnect VM-116<->VM-152
 WARN 07-15 17:55:30,489 ExecutorChannelManagerMap:95 [pool-16-thread-11] - Cannot connnect VM-116<->VM-74
 WARN 07-15 17:55:30,489 ExecutorChannelManagerMap:95 [pool-16-thread-11] - Cannot connnect VM-116<->VM-159
 WARN 07-15 17:55:30,489 ExecutorChannelManagerMap:95 [pool-16-thread-11] - Cannot connnect VM-116<->VM-73
 WARN 07-15 17:55:30,489 ExecutorChannelManagerMap:95 [pool-16-thread-11] - Cannot connnect VM-116<->VM-158
 WARN 07-15 17:55:30,489 ExecutorChannelManagerMap:95 [pool-16-thread-11] - Cannot connnect VM-116<->VM-72
 WARN 07-15 17:55:30,489 ExecutorChannelManagerMap:95 [pool-16-thread-11] - Cannot connnect VM-116<->VM-157
 WARN 07-15 17:55:30,489 ExecutorChannelManagerMap:95 [pool-16-thread-11] - Cannot connnect VM-116<->VM-71
 WARN 07-15 17:55:30,489 ExecutorChannelManagerMap:95 [pool-16-thread-11] - Cannot connnect VM-116<->VM-156
 WARN 07-15 17:55:30,489 ExecutorChannelManagerMap:95 [pool-16-thread-11] - Cannot connnect VM-116<->VM-70
 WARN 07-15 17:55:30,489 ExecutorChannelManagerMap:95 [pool-16-thread-11] - Cannot connnect VM-116<->VM-149
 WARN 07-15 17:55:30,489 ExecutorChannelManagerMap:95 [pool-16-thread-11] - Cannot connnect VM-116<->VM-49
 WARN 07-15 17:55:30,489 ExecutorChannelManagerMap:95 [pool-16-thread-11] - Cannot connnect VM-116<->VM-48
 WARN 07-15 17:55:30,489 ExecutorChannelManagerMap:95 [pool-16-thread-11] - Cannot connnect VM-116<->VM-47
 WARN 07-15 17:55:30,489 ExecutorChannelManagerMap:95 [pool-16-thread-11] - Cannot connnect VM-116<->VM-160
 WARN 07-15 17:55:30,489 ExecutorChannelManagerMap:95 [pool-16-thread-11] - Cannot connnect VM-116<->VM-46
 WARN 07-15 17:55:30,489 ExecutorChannelManagerMap:95 [pool-16-thread-11] - Cannot connnect VM-116<->VM-45
 WARN 07-15 17:55:30,489 ExecutorChannelManagerMap:95 [pool-16-thread-11] - Cannot connnect VM-116<->VM-6
 WARN 07-15 17:55:30,489 ExecutorChannelManagerMap:95 [pool-16-thread-11] - Cannot connnect VM-116<->VM-44
 WARN 07-15 17:55:30,489 ExecutorChannelManagerMap:95 [pool-16-thread-11] - Cannot connnect VM-116<->VM-7
 WARN 07-15 17:55:30,489 ExecutorChannelManagerMap:95 [pool-16-thread-11] - Cannot connnect VM-116<->VM-43
 WARN 07-15 17:55:30,489 ExecutorChannelManagerMap:95 [pool-16-thread-11] - Cannot connnect VM-116<->VM-8
 WARN 07-15 17:55:30,489 ExecutorChannelManagerMap:95 [pool-16-thread-11] - Cannot connnect VM-116<->VM-42
 WARN 07-15 17:55:30,489 ExecutorChannelManagerMap:95 [pool-16-thread-11] - Cannot connnect VM-116<->VM-9
 WARN 07-15 17:55:30,489 ExecutorChannelManagerMap:95 [pool-16-thread-11] - Cannot connnect VM-116<->VM-41
 WARN 07-15 17:55:30,489 ExecutorChannelManagerMap:95 [pool-16-thread-11] - Cannot connnect VM-116<->VM-40
 WARN 07-15 17:55:30,489 ExecutorChannelManagerMap:95 [pool-16-thread-11] - Cannot connnect VM-116<->VM-59
 WARN 07-15 17:55:30,489 ExecutorChannelManagerMap:95 [pool-16-thread-11] - Cannot connnect VM-116<->VM-58
 WARN 07-15 17:55:30,490 ExecutorChannelManagerMap:95 [pool-16-thread-11] - Cannot connnect VM-116<->VM-57
 WARN 07-15 17:55:30,490 ExecutorChannelManagerMap:95 [pool-16-thread-11] - Cannot connnect VM-116<->VM-56
 WARN 07-15 17:55:30,490 ExecutorChannelManagerMap:95 [pool-16-thread-11] - Cannot connnect VM-116<->VM-55
 WARN 07-15 17:55:30,490 ExecutorChannelManagerMap:95 [pool-16-thread-11] - Cannot connnect VM-116<->VM-54
 WARN 07-15 17:55:30,490 ExecutorChannelManagerMap:95 [pool-16-thread-11] - Cannot connnect VM-116<->VM-53
 WARN 07-15 17:55:30,490 ExecutorChannelManagerMap:95 [pool-16-thread-11] - Cannot connnect VM-116<->VM-52
 WARN 07-15 17:55:30,490 ExecutorChannelManagerMap:95 [pool-16-thread-11] - Cannot connnect VM-116<->VM-51
 WARN 07-15 17:55:30,490 ExecutorChannelManagerMap:95 [pool-16-thread-11] - Cannot connnect VM-116<->VM-50
 WARN 07-15 17:55:30,490 ExecutorChannelManagerMap:95 [pool-16-thread-11] - Cannot connnect VM-116<->VM-1
 WARN 07-15 17:55:30,490 ExecutorChannelManagerMap:95 [pool-16-thread-11] - Cannot connnect VM-116<->VM-2
 WARN 07-15 17:55:30,490 ExecutorChannelManagerMap:95 [pool-16-thread-11] - Cannot connnect VM-116<->VM-3
 WARN 07-15 17:55:30,490 ExecutorChannelManagerMap:95 [pool-16-thread-11] - Cannot connnect VM-116<->VM-4
 WARN 07-15 17:55:30,490 ExecutorChannelManagerMap:95 [pool-16-thread-11] - Cannot connnect VM-116<->VM-5
 WARN 07-15 17:55:30,490 ExecutorChannelManagerMap:95 [pool-16-thread-11] - Cannot connnect VM-116<->VM-29
 WARN 07-15 17:55:30,490 ExecutorChannelManagerMap:95 [pool-16-thread-11] - Cannot connnect VM-116<->VM-28
 WARN 07-15 17:55:30,490 ExecutorChannelManagerMap:95 [pool-16-thread-11] - Cannot connnect VM-116<->VM-27
 WARN 07-15 17:55:30,490 ExecutorChannelManagerMap:95 [pool-16-thread-11] - Cannot connnect VM-116<->VM-26
 WARN 07-15 17:55:30,490 ExecutorChannelManagerMap:95 [pool-16-thread-11] - Cannot connnect VM-116<->VM-25
 WARN 07-15 17:55:30,490 ExecutorChannelManagerMap:95 [pool-16-thread-11] - Cannot connnect VM-116<->VM-24
 WARN 07-15 17:55:30,490 ExecutorChannelManagerMap:95 [pool-16-thread-11] - Cannot connnect VM-116<->VM-100
 WARN 07-15 17:55:30,490 ExecutorChannelManagerMap:95 [pool-16-thread-11] - Cannot connnect VM-116<->VM-23
 WARN 07-15 17:55:30,490 ExecutorChannelManagerMap:95 [pool-16-thread-11] - Cannot connnect VM-116<->VM-22
 WARN 07-15 17:55:30,490 ExecutorChannelManagerMap:106 [pool-16-thread-11] - Executor Executor4 already registered
 WARN 07-15 17:55:30,490 ExecutorChannelManagerMap:95 [pool-16-thread-11] - Cannot connnect VM-116<->VM-21
 WARN 07-15 17:55:30,490 ExecutorChannelManagerMap:106 [pool-16-thread-11] - Executor Executor3 already registered
 WARN 07-15 17:55:30,490 ExecutorChannelManagerMap:95 [pool-16-thread-11] - Cannot connnect VM-116<->VM-20
 WARN 07-15 17:55:30,490 ExecutorChannelManagerMap:95 [pool-16-thread-11] - Cannot connnect VM-116<->VM-101
 WARN 07-15 17:55:30,490 ExecutorChannelManagerMap:95 [pool-16-thread-11] - Cannot connnect VM-116<->VM-39
 WARN 07-15 17:55:30,490 ExecutorChannelManagerMap:95 [pool-16-thread-11] - Cannot connnect VM-116<->VM-38
 WARN 07-15 17:55:30,490 ExecutorChannelManagerMap:95 [pool-16-thread-11] - Cannot connnect VM-116<->VM-37
 WARN 07-15 17:55:30,490 ExecutorChannelManagerMap:95 [pool-16-thread-11] - Cannot connnect VM-116<->VM-36
 WARN 07-15 17:55:30,490 ExecutorChannelManagerMap:95 [pool-16-thread-11] - Cannot connnect VM-116<->VM-35
 WARN 07-15 17:55:30,490 ExecutorChannelManagerMap:95 [pool-16-thread-11] - Cannot connnect VM-116<->VM-34
 WARN 07-15 17:55:30,490 ExecutorChannelManagerMap:95 [pool-16-thread-11] - Cannot connnect VM-116<->VM-111
 WARN 07-15 17:55:30,490 ExecutorChannelManagerMap:95 [pool-16-thread-11] - Cannot connnect VM-116<->VM-33
 WARN 07-15 17:55:30,490 ExecutorChannelManagerMap:95 [pool-16-thread-11] - Cannot connnect VM-116<->VM-110
 WARN 07-15 17:55:30,490 ExecutorChannelManagerMap:95 [pool-16-thread-11] - Cannot connnect VM-116<->VM-32
 WARN 07-15 17:55:30,490 ExecutorChannelManagerMap:95 [pool-16-thread-11] - Cannot connnect VM-116<->VM-31
 WARN 07-15 17:55:30,491 ExecutorChannelManagerMap:95 [pool-16-thread-11] - Cannot connnect VM-116<->VM-30
 WARN 07-15 17:55:30,491 ExecutorChannelManagerMap:95 [pool-16-thread-11] - Cannot connnect VM-116<->VM-115
 WARN 07-15 17:55:30,491 ExecutorChannelManagerMap:95 [pool-16-thread-11] - Cannot connnect VM-116<->VM-114
 WARN 07-15 17:55:30,491 ExecutorChannelManagerMap:95 [pool-16-thread-11] - Cannot connnect VM-116<->VM-113
 WARN 07-15 17:55:30,491 ExecutorChannelManagerMap:95 [pool-16-thread-11] - Cannot connnect VM-116<->VM-112
 WARN 07-15 17:55:30,491 ExecutorChannelManagerMap:95 [pool-16-thread-11] - Cannot connnect VM-116<->VM-108
 WARN 07-15 17:55:30,491 ExecutorChannelManagerMap:106 [pool-16-thread-11] - Executor Executor2 already registered
 WARN 07-15 17:55:30,491 ExecutorChannelManagerMap:106 [pool-16-thread-11] - Executor Executor1 already registered
 WARN 07-15 17:55:30,491 ExecutorChannelManagerMap:106 [pool-16-thread-11] - Executor Executor0 already registered
 WARN 07-15 17:55:30,491 ExecutorChannelManagerMap:95 [pool-16-thread-11] - Cannot connnect VM-116<->VM-109
 WARN 07-15 17:55:30,491 ExecutorChannelManagerMap:95 [pool-16-thread-1] - Cannot connnect VM-116<->VM-89
 WARN 07-15 17:55:30,491 ExecutorChannelManagerMap:95 [pool-16-thread-1] - Cannot connnect VM-116<->VM-122
 WARN 07-15 17:55:30,491 ExecutorChannelManagerMap:95 [pool-16-thread-1] - Cannot connnect VM-116<->VM-88
 WARN 07-15 17:55:30,491 ExecutorChannelManagerMap:95 [pool-16-thread-1] - Cannot connnect VM-116<->VM-121
 WARN 07-15 17:55:30,491 ExecutorChannelManagerMap:95 [pool-16-thread-1] - Cannot connnect VM-116<->VM-87
 WARN 07-15 17:55:30,491 ExecutorChannelManagerMap:95 [pool-16-thread-1] - Cannot connnect VM-116<->VM-120
 WARN 07-15 17:55:30,491 ExecutorChannelManagerMap:95 [pool-16-thread-1] - Cannot connnect VM-116<->VM-86
 WARN 07-15 17:55:30,491 ExecutorChannelManagerMap:95 [pool-16-thread-1] - Cannot connnect VM-116<->VM-85
 WARN 07-15 17:55:30,491 ExecutorChannelManagerMap:95 [pool-16-thread-1] - Cannot connnect VM-116<->VM-126
 WARN 07-15 17:55:30,491 ExecutorChannelManagerMap:95 [pool-16-thread-1] - Cannot connnect VM-116<->VM-84
 WARN 07-15 17:55:30,491 ExecutorChannelManagerMap:95 [pool-16-thread-1] - Cannot connnect VM-116<->VM-125
 WARN 07-15 17:55:30,491 ExecutorChannelManagerMap:95 [pool-16-thread-1] - Cannot connnect VM-116<->VM-83
 WARN 07-15 17:55:30,491 ExecutorChannelManagerMap:95 [pool-16-thread-1] - Cannot connnect VM-116<->VM-124
 WARN 07-15 17:55:30,491 ExecutorChannelManagerMap:95 [pool-16-thread-1] - Cannot connnect VM-116<->VM-82
 WARN 07-15 17:55:30,491 ExecutorChannelManagerMap:95 [pool-16-thread-1] - Cannot connnect VM-116<->VM-123
 WARN 07-15 17:55:30,491 ExecutorChannelManagerMap:95 [pool-16-thread-1] - Cannot connnect VM-116<->VM-81
 WARN 07-15 17:55:30,491 ExecutorChannelManagerMap:95 [pool-16-thread-1] - Cannot connnect VM-116<->VM-119
 WARN 07-15 17:55:30,491 ExecutorChannelManagerMap:95 [pool-16-thread-1] - Cannot connnect VM-116<->VM-80
 WARN 07-15 17:55:30,491 ExecutorChannelManagerMap:95 [pool-16-thread-1] - Cannot connnect VM-116<->VM-118
 WARN 07-15 17:55:30,491 ExecutorChannelManagerMap:95 [pool-16-thread-1] - Cannot connnect VM-116<->VM-117
 WARN 07-15 17:55:30,491 ExecutorChannelManagerMap:95 [pool-16-thread-1] - Cannot connnect VM-116<->VM-19
 WARN 07-15 17:55:30,491 ExecutorChannelManagerMap:95 [pool-16-thread-1] - Cannot connnect VM-116<->VM-18
 WARN 07-15 17:55:30,491 ExecutorChannelManagerMap:95 [pool-16-thread-1] - Cannot connnect VM-116<->VM-17
 WARN 07-15 17:55:30,491 ExecutorChannelManagerMap:95 [pool-16-thread-1] - Cannot connnect VM-116<->VM-16
 WARN 07-15 17:55:30,491 ExecutorChannelManagerMap:95 [pool-16-thread-1] - Cannot connnect VM-116<->VM-15
 WARN 07-15 17:55:30,491 ExecutorChannelManagerMap:95 [pool-16-thread-1] - Cannot connnect VM-116<->VM-14
 WARN 07-15 17:55:30,491 ExecutorChannelManagerMap:95 [pool-16-thread-1] - Cannot connnect VM-116<->VM-13
 WARN 07-15 17:55:30,491 ExecutorChannelManagerMap:95 [pool-16-thread-1] - Cannot connnect VM-116<->VM-12
 WARN 07-15 17:55:30,492 ExecutorChannelManagerMap:95 [pool-16-thread-1] - Cannot connnect VM-116<->VM-133
 WARN 07-15 17:55:30,492 ExecutorChannelManagerMap:95 [pool-16-thread-1] - Cannot connnect VM-116<->VM-99
 WARN 07-15 17:55:30,492 ExecutorChannelManagerMap:95 [pool-16-thread-1] - Cannot connnect VM-116<->VM-11
 WARN 07-15 17:55:30,492 ExecutorChannelManagerMap:95 [pool-16-thread-1] - Cannot connnect VM-116<->VM-132
 WARN 07-15 17:55:30,492 ExecutorChannelManagerMap:95 [pool-16-thread-1] - Cannot connnect VM-116<->VM-98
 WARN 07-15 17:55:30,492 ExecutorChannelManagerMap:95 [pool-16-thread-1] - Cannot connnect VM-116<->VM-10
 WARN 07-15 17:55:30,492 ExecutorChannelManagerMap:95 [pool-16-thread-1] - Cannot connnect VM-116<->VM-131
 WARN 07-15 17:55:30,492 ExecutorChannelManagerMap:95 [pool-16-thread-1] - Cannot connnect VM-116<->VM-97
 WARN 07-15 17:55:30,492 ExecutorChannelManagerMap:95 [pool-16-thread-1] - Cannot connnect VM-116<->VM-130
 WARN 07-15 17:55:30,492 ExecutorChannelManagerMap:95 [pool-16-thread-1] - Cannot connnect VM-116<->VM-96
 WARN 07-15 17:55:30,492 ExecutorChannelManagerMap:95 [pool-16-thread-1] - Cannot connnect VM-116<->VM-137
 WARN 07-15 17:55:30,492 ExecutorChannelManagerMap:95 [pool-16-thread-1] - Cannot connnect VM-116<->VM-95
 WARN 07-15 17:55:30,492 ExecutorChannelManagerMap:95 [pool-16-thread-1] - Cannot connnect VM-116<->VM-136
 WARN 07-15 17:55:30,492 ExecutorChannelManagerMap:95 [pool-16-thread-1] - Cannot connnect VM-116<->VM-94
 WARN 07-15 17:55:30,492 ExecutorChannelManagerMap:95 [pool-16-thread-1] - Cannot connnect VM-116<->VM-135
 WARN 07-15 17:55:30,492 ExecutorChannelManagerMap:95 [pool-16-thread-1] - Cannot connnect VM-116<->VM-93
 WARN 07-15 17:55:30,492 ExecutorChannelManagerMap:95 [pool-16-thread-1] - Cannot connnect VM-116<->VM-134
 WARN 07-15 17:55:30,492 ExecutorChannelManagerMap:95 [pool-16-thread-1] - Cannot connnect VM-116<->VM-92
 WARN 07-15 17:55:30,492 ExecutorChannelManagerMap:95 [pool-16-thread-1] - Cannot connnect VM-116<->VM-91
 WARN 07-15 17:55:30,492 ExecutorChannelManagerMap:95 [pool-16-thread-1] - Cannot connnect VM-116<->VM-129
 WARN 07-15 17:55:30,492 ExecutorChannelManagerMap:95 [pool-16-thread-1] - Cannot connnect VM-116<->VM-90
 WARN 07-15 17:55:30,492 ExecutorChannelManagerMap:95 [pool-16-thread-1] - Cannot connnect VM-116<->VM-128
 WARN 07-15 17:55:30,492 ExecutorChannelManagerMap:95 [pool-16-thread-1] - Cannot connnect VM-116<->VM-127
 WARN 07-15 17:55:30,492 ExecutorChannelManagerMap:95 [pool-16-thread-1] - Cannot connnect VM-116<->VM-140
 WARN 07-15 17:55:30,492 ExecutorChannelManagerMap:95 [pool-16-thread-1] - Cannot connnect VM-116<->VM-69
 WARN 07-15 17:55:30,492 ExecutorChannelManagerMap:95 [pool-16-thread-1] - Cannot connnect VM-116<->VM-68
 WARN 07-15 17:55:30,492 ExecutorChannelManagerMap:95 [pool-16-thread-1] - Cannot connnect VM-116<->VM-67
 WARN 07-15 17:55:30,492 ExecutorChannelManagerMap:95 [pool-16-thread-1] - Cannot connnect VM-116<->VM-144
 WARN 07-15 17:55:30,492 ExecutorChannelManagerMap:95 [pool-16-thread-1] - Cannot connnect VM-116<->VM-66
 WARN 07-15 17:55:30,492 ExecutorChannelManagerMap:95 [pool-16-thread-1] - Cannot connnect VM-116<->VM-143
 WARN 07-15 17:55:30,492 ExecutorChannelManagerMap:95 [pool-16-thread-1] - Cannot connnect VM-116<->VM-65
 WARN 07-15 17:55:30,492 ExecutorChannelManagerMap:95 [pool-16-thread-1] - Cannot connnect VM-116<->VM-142
 WARN 07-15 17:55:30,492 ExecutorChannelManagerMap:95 [pool-16-thread-1] - Cannot connnect VM-116<->VM-64
 WARN 07-15 17:55:30,492 ExecutorChannelManagerMap:95 [pool-16-thread-1] - Cannot connnect VM-116<->VM-141
 WARN 07-15 17:55:30,492 ExecutorChannelManagerMap:95 [pool-16-thread-1] - Cannot connnect VM-116<->VM-63
 WARN 07-15 17:55:30,492 ExecutorChannelManagerMap:95 [pool-16-thread-1] - Cannot connnect VM-116<->VM-148
 WARN 07-15 17:55:30,492 ExecutorChannelManagerMap:95 [pool-16-thread-1] - Cannot connnect VM-116<->VM-62
 WARN 07-15 17:55:30,492 ExecutorChannelManagerMap:95 [pool-16-thread-1] - Cannot connnect VM-116<->VM-147
 WARN 07-15 17:55:30,492 ExecutorChannelManagerMap:95 [pool-16-thread-1] - Cannot connnect VM-116<->VM-61
 WARN 07-15 17:55:30,492 ExecutorChannelManagerMap:95 [pool-16-thread-1] - Cannot connnect VM-116<->VM-146
 WARN 07-15 17:55:30,492 ExecutorChannelManagerMap:95 [pool-16-thread-1] - Cannot connnect VM-116<->VM-60
 WARN 07-15 17:55:30,493 ExecutorChannelManagerMap:95 [pool-16-thread-1] - Cannot connnect VM-116<->VM-145
 WARN 07-15 17:55:30,493 ExecutorChannelManagerMap:95 [pool-16-thread-1] - Cannot connnect VM-116<->VM-139
 WARN 07-15 17:55:30,493 ExecutorChannelManagerMap:95 [pool-16-thread-1] - Cannot connnect VM-116<->VM-138
 WARN 07-15 17:55:30,493 ExecutorChannelManagerMap:95 [pool-16-thread-1] - Cannot connnect VM-116<->VM-151
 WARN 07-15 17:55:30,493 ExecutorChannelManagerMap:95 [pool-16-thread-1] - Cannot connnect VM-116<->VM-150
 WARN 07-15 17:55:30,493 ExecutorChannelManagerMap:95 [pool-16-thread-1] - Cannot connnect VM-116<->VM-79
 WARN 07-15 17:55:30,493 ExecutorChannelManagerMap:95 [pool-16-thread-1] - Cannot connnect VM-116<->VM-78
 WARN 07-15 17:55:30,493 ExecutorChannelManagerMap:95 [pool-16-thread-1] - Cannot connnect VM-116<->VM-155
 WARN 07-15 17:55:30,493 ExecutorChannelManagerMap:95 [pool-16-thread-1] - Cannot connnect VM-116<->VM-77
 WARN 07-15 17:55:30,493 ExecutorChannelManagerMap:95 [pool-16-thread-1] - Cannot connnect VM-116<->VM-154
 WARN 07-15 17:55:30,493 ExecutorChannelManagerMap:95 [pool-16-thread-1] - Cannot connnect VM-116<->VM-76
 WARN 07-15 17:55:30,493 ExecutorChannelManagerMap:95 [pool-16-thread-1] - Cannot connnect VM-116<->VM-153
 WARN 07-15 17:55:30,493 ExecutorChannelManagerMap:95 [pool-16-thread-1] - Cannot connnect VM-116<->VM-75
 WARN 07-15 17:55:30,493 ExecutorChannelManagerMap:95 [pool-16-thread-1] - Cannot connnect VM-116<->VM-152
 WARN 07-15 17:55:30,493 ExecutorChannelManagerMap:95 [pool-16-thread-1] - Cannot connnect VM-116<->VM-74
 WARN 07-15 17:55:30,493 ExecutorChannelManagerMap:95 [pool-16-thread-1] - Cannot connnect VM-116<->VM-159
 WARN 07-15 17:55:30,493 ExecutorChannelManagerMap:95 [pool-16-thread-1] - Cannot connnect VM-116<->VM-73
 WARN 07-15 17:55:30,493 ExecutorChannelManagerMap:95 [pool-16-thread-1] - Cannot connnect VM-116<->VM-158
 WARN 07-15 17:55:30,493 ExecutorChannelManagerMap:95 [pool-16-thread-1] - Cannot connnect VM-116<->VM-72
 WARN 07-15 17:55:30,493 ExecutorChannelManagerMap:95 [pool-16-thread-1] - Cannot connnect VM-116<->VM-157
 WARN 07-15 17:55:30,493 ExecutorChannelManagerMap:95 [pool-16-thread-1] - Cannot connnect VM-116<->VM-71
 WARN 07-15 17:55:30,493 ExecutorChannelManagerMap:95 [pool-16-thread-1] - Cannot connnect VM-116<->VM-156
 WARN 07-15 17:55:30,493 ExecutorChannelManagerMap:95 [pool-16-thread-1] - Cannot connnect VM-116<->VM-70
 WARN 07-15 17:55:30,493 ExecutorChannelManagerMap:95 [pool-16-thread-1] - Cannot connnect VM-116<->VM-149
 WARN 07-15 17:55:30,493 ExecutorChannelManagerMap:95 [pool-16-thread-1] - Cannot connnect VM-116<->VM-49
 WARN 07-15 17:55:30,493 ExecutorChannelManagerMap:95 [pool-16-thread-1] - Cannot connnect VM-116<->VM-48
 WARN 07-15 17:55:30,493 ExecutorChannelManagerMap:95 [pool-16-thread-1] - Cannot connnect VM-116<->VM-47
 WARN 07-15 17:55:30,493 ExecutorChannelManagerMap:95 [pool-16-thread-1] - Cannot connnect VM-116<->VM-160
 WARN 07-15 17:55:30,493 ExecutorChannelManagerMap:95 [pool-16-thread-1] - Cannot connnect VM-116<->VM-46
 WARN 07-15 17:55:30,493 ExecutorChannelManagerMap:95 [pool-16-thread-1] - Cannot connnect VM-116<->VM-45
 WARN 07-15 17:55:30,493 ExecutorChannelManagerMap:95 [pool-16-thread-1] - Cannot connnect VM-116<->VM-6
 WARN 07-15 17:55:30,493 ExecutorChannelManagerMap:95 [pool-16-thread-1] - Cannot connnect VM-116<->VM-44
 WARN 07-15 17:55:30,493 ExecutorChannelManagerMap:95 [pool-16-thread-1] - Cannot connnect VM-116<->VM-7
 WARN 07-15 17:55:30,493 ExecutorChannelManagerMap:95 [pool-16-thread-1] - Cannot connnect VM-116<->VM-43
 WARN 07-15 17:55:30,493 ExecutorChannelManagerMap:95 [pool-16-thread-1] - Cannot connnect VM-116<->VM-8
 WARN 07-15 17:55:30,493 ExecutorChannelManagerMap:95 [pool-16-thread-1] - Cannot connnect VM-116<->VM-42
 WARN 07-15 17:55:30,493 ExecutorChannelManagerMap:95 [pool-16-thread-1] - Cannot connnect VM-116<->VM-9
 WARN 07-15 17:55:30,493 ExecutorChannelManagerMap:95 [pool-16-thread-1] - Cannot connnect VM-116<->VM-41
 WARN 07-15 17:55:30,493 ExecutorChannelManagerMap:95 [pool-16-thread-1] - Cannot connnect VM-116<->VM-40
 WARN 07-15 17:55:30,494 ExecutorChannelManagerMap:95 [pool-16-thread-1] - Cannot connnect VM-116<->VM-59
 WARN 07-15 17:55:30,494 ExecutorChannelManagerMap:95 [pool-16-thread-1] - Cannot connnect VM-116<->VM-58
 WARN 07-15 17:55:30,494 ExecutorChannelManagerMap:95 [pool-16-thread-1] - Cannot connnect VM-116<->VM-57
 WARN 07-15 17:55:30,494 ExecutorChannelManagerMap:95 [pool-16-thread-1] - Cannot connnect VM-116<->VM-56
 WARN 07-15 17:55:30,494 ExecutorChannelManagerMap:95 [pool-16-thread-1] - Cannot connnect VM-116<->VM-55
 WARN 07-15 17:55:30,494 ExecutorChannelManagerMap:95 [pool-16-thread-1] - Cannot connnect VM-116<->VM-54
 WARN 07-15 17:55:30,494 ExecutorChannelManagerMap:95 [pool-16-thread-1] - Cannot connnect VM-116<->VM-53
 WARN 07-15 17:55:30,494 ExecutorChannelManagerMap:95 [pool-16-thread-1] - Cannot connnect VM-116<->VM-52
 WARN 07-15 17:55:30,494 ExecutorChannelManagerMap:95 [pool-16-thread-1] - Cannot connnect VM-116<->VM-51
 WARN 07-15 17:55:30,494 ExecutorChannelManagerMap:95 [pool-16-thread-1] - Cannot connnect VM-116<->VM-50
 WARN 07-15 17:55:30,494 ExecutorChannelManagerMap:95 [pool-16-thread-1] - Cannot connnect VM-116<->VM-1
 WARN 07-15 17:55:30,494 ExecutorChannelManagerMap:95 [pool-16-thread-1] - Cannot connnect VM-116<->VM-2
 WARN 07-15 17:55:30,494 ExecutorChannelManagerMap:95 [pool-16-thread-1] - Cannot connnect VM-116<->VM-3
 WARN 07-15 17:55:30,494 ExecutorChannelManagerMap:95 [pool-16-thread-1] - Cannot connnect VM-116<->VM-4
 WARN 07-15 17:55:30,494 ExecutorChannelManagerMap:95 [pool-16-thread-1] - Cannot connnect VM-116<->VM-5
 WARN 07-15 17:55:30,494 ExecutorChannelManagerMap:95 [pool-16-thread-1] - Cannot connnect VM-116<->VM-29
 WARN 07-15 17:55:30,494 ExecutorChannelManagerMap:95 [pool-16-thread-1] - Cannot connnect VM-116<->VM-28
 WARN 07-15 17:55:30,494 ExecutorChannelManagerMap:95 [pool-16-thread-1] - Cannot connnect VM-116<->VM-27
 WARN 07-15 17:55:30,494 ExecutorChannelManagerMap:95 [pool-16-thread-1] - Cannot connnect VM-116<->VM-26
 WARN 07-15 17:55:30,494 ExecutorChannelManagerMap:95 [pool-16-thread-1] - Cannot connnect VM-116<->VM-25
 WARN 07-15 17:55:30,494 ExecutorChannelManagerMap:95 [pool-16-thread-1] - Cannot connnect VM-116<->VM-24
 WARN 07-15 17:55:30,494 ExecutorChannelManagerMap:95 [pool-16-thread-1] - Cannot connnect VM-116<->VM-100
 WARN 07-15 17:55:30,494 ExecutorChannelManagerMap:95 [pool-16-thread-1] - Cannot connnect VM-116<->VM-23
 WARN 07-15 17:55:30,494 ExecutorChannelManagerMap:95 [pool-16-thread-1] - Cannot connnect VM-116<->VM-22
 WARN 07-15 17:55:30,494 ExecutorChannelManagerMap:106 [pool-16-thread-1] - Executor Executor4 already registered
 WARN 07-15 17:55:30,494 ExecutorChannelManagerMap:95 [pool-16-thread-1] - Cannot connnect VM-116<->VM-21
 WARN 07-15 17:55:30,494 ExecutorChannelManagerMap:106 [pool-16-thread-1] - Executor Executor3 already registered
 WARN 07-15 17:55:30,494 ExecutorChannelManagerMap:95 [pool-16-thread-1] - Cannot connnect VM-116<->VM-20
 WARN 07-15 17:55:30,494 ExecutorChannelManagerMap:95 [pool-16-thread-1] - Cannot connnect VM-116<->VM-101
 WARN 07-15 17:55:30,494 ExecutorChannelManagerMap:95 [pool-16-thread-1] - Cannot connnect VM-116<->VM-39
 WARN 07-15 17:55:30,494 ExecutorChannelManagerMap:95 [pool-16-thread-1] - Cannot connnect VM-116<->VM-38
 WARN 07-15 17:55:30,494 ExecutorChannelManagerMap:95 [pool-16-thread-1] - Cannot connnect VM-116<->VM-37
 WARN 07-15 17:55:30,494 ExecutorChannelManagerMap:95 [pool-16-thread-1] - Cannot connnect VM-116<->VM-36
 WARN 07-15 17:55:30,494 ExecutorChannelManagerMap:95 [pool-16-thread-1] - Cannot connnect VM-116<->VM-35
 WARN 07-15 17:55:30,494 ExecutorChannelManagerMap:95 [pool-16-thread-1] - Cannot connnect VM-116<->VM-34
 WARN 07-15 17:55:30,494 ExecutorChannelManagerMap:95 [pool-16-thread-1] - Cannot connnect VM-116<->VM-111
 WARN 07-15 17:55:30,494 ExecutorChannelManagerMap:95 [pool-16-thread-1] - Cannot connnect VM-116<->VM-33
 WARN 07-15 17:55:30,494 ExecutorChannelManagerMap:95 [pool-16-thread-1] - Cannot connnect VM-116<->VM-110
 WARN 07-15 17:55:30,494 ExecutorChannelManagerMap:95 [pool-16-thread-1] - Cannot connnect VM-116<->VM-32
 WARN 07-15 17:55:30,494 ExecutorChannelManagerMap:95 [pool-16-thread-1] - Cannot connnect VM-116<->VM-31
 WARN 07-15 17:55:30,494 ExecutorChannelManagerMap:95 [pool-16-thread-1] - Cannot connnect VM-116<->VM-30
 WARN 07-15 17:55:30,495 ExecutorChannelManagerMap:95 [pool-16-thread-1] - Cannot connnect VM-116<->VM-115
 WARN 07-15 17:55:30,495 ExecutorChannelManagerMap:95 [pool-16-thread-1] - Cannot connnect VM-116<->VM-114
 WARN 07-15 17:55:30,495 ExecutorChannelManagerMap:95 [pool-16-thread-1] - Cannot connnect VM-116<->VM-113
 WARN 07-15 17:55:30,495 ExecutorChannelManagerMap:95 [pool-16-thread-1] - Cannot connnect VM-116<->VM-112
 WARN 07-15 17:55:30,495 ExecutorChannelManagerMap:95 [pool-16-thread-1] - Cannot connnect VM-116<->VM-108
 WARN 07-15 17:55:30,495 ExecutorChannelManagerMap:95 [pool-16-thread-1] - Cannot connnect VM-116<->VM-107
 WARN 07-15 17:55:30,495 ExecutorChannelManagerMap:95 [pool-16-thread-1] - Cannot connnect VM-116<->VM-106
 WARN 07-15 17:55:30,495 ExecutorChannelManagerMap:95 [pool-16-thread-1] - Cannot connnect VM-116<->VM-105
 WARN 07-15 17:55:30,495 ExecutorChannelManagerMap:106 [pool-16-thread-1] - Executor Executor2 already registered
 WARN 07-15 17:55:30,495 ExecutorChannelManagerMap:106 [pool-16-thread-1] - Executor Executor1 already registered
 WARN 07-15 17:55:30,495 ExecutorChannelManagerMap:106 [pool-16-thread-1] - Executor Executor0 already registered
 WARN 07-15 17:55:30,495 ExecutorChannelManagerMap:95 [pool-16-thread-1] - Cannot connnect VM-116<->VM-109
 WARN 07-15 17:55:30,495 ExecutorChannelManagerMap:95 [pool-16-thread-7] - Cannot connnect VM-116<->VM-89
 WARN 07-15 17:55:30,495 ExecutorChannelManagerMap:95 [pool-16-thread-7] - Cannot connnect VM-116<->VM-122
 WARN 07-15 17:55:30,495 ExecutorChannelManagerMap:95 [pool-16-thread-7] - Cannot connnect VM-116<->VM-88
 WARN 07-15 17:55:30,495 ExecutorChannelManagerMap:95 [pool-16-thread-7] - Cannot connnect VM-116<->VM-121
 WARN 07-15 17:55:30,495 ExecutorChannelManagerMap:95 [pool-16-thread-7] - Cannot connnect VM-116<->VM-87
 WARN 07-15 17:55:30,495 ExecutorChannelManagerMap:95 [pool-16-thread-7] - Cannot connnect VM-116<->VM-120
 WARN 07-15 17:55:30,495 ExecutorChannelManagerMap:95 [pool-16-thread-7] - Cannot connnect VM-116<->VM-86
 WARN 07-15 17:55:30,495 ExecutorChannelManagerMap:95 [pool-16-thread-7] - Cannot connnect VM-116<->VM-85
 WARN 07-15 17:55:30,495 ExecutorChannelManagerMap:95 [pool-16-thread-7] - Cannot connnect VM-116<->VM-126
 WARN 07-15 17:55:30,495 ExecutorChannelManagerMap:95 [pool-16-thread-7] - Cannot connnect VM-116<->VM-84
 WARN 07-15 17:55:30,495 ExecutorChannelManagerMap:95 [pool-16-thread-7] - Cannot connnect VM-116<->VM-125
 WARN 07-15 17:55:30,495 ExecutorChannelManagerMap:95 [pool-16-thread-7] - Cannot connnect VM-116<->VM-83
 WARN 07-15 17:55:30,495 ExecutorChannelManagerMap:95 [pool-16-thread-7] - Cannot connnect VM-116<->VM-124
 WARN 07-15 17:55:30,495 ExecutorChannelManagerMap:95 [pool-16-thread-7] - Cannot connnect VM-116<->VM-82
 WARN 07-15 17:55:30,495 ExecutorChannelManagerMap:95 [pool-16-thread-7] - Cannot connnect VM-116<->VM-123
 WARN 07-15 17:55:30,495 ExecutorChannelManagerMap:95 [pool-16-thread-7] - Cannot connnect VM-116<->VM-81
 WARN 07-15 17:55:30,495 ExecutorChannelManagerMap:95 [pool-16-thread-7] - Cannot connnect VM-116<->VM-119
 WARN 07-15 17:55:30,495 ExecutorChannelManagerMap:95 [pool-16-thread-7] - Cannot connnect VM-116<->VM-80
 WARN 07-15 17:55:30,495 ExecutorChannelManagerMap:95 [pool-16-thread-7] - Cannot connnect VM-116<->VM-118
 WARN 07-15 17:55:30,495 ExecutorChannelManagerMap:95 [pool-16-thread-7] - Cannot connnect VM-116<->VM-117
 WARN 07-15 17:55:30,495 ExecutorChannelManagerMap:95 [pool-16-thread-7] - Cannot connnect VM-116<->VM-19
 WARN 07-15 17:55:30,495 ExecutorChannelManagerMap:95 [pool-16-thread-7] - Cannot connnect VM-116<->VM-18
 WARN 07-15 17:55:30,495 ExecutorChannelManagerMap:95 [pool-16-thread-7] - Cannot connnect VM-116<->VM-17
 WARN 07-15 17:55:30,495 ExecutorChannelManagerMap:95 [pool-16-thread-7] - Cannot connnect VM-116<->VM-16
 WARN 07-15 17:55:30,495 ExecutorChannelManagerMap:95 [pool-16-thread-7] - Cannot connnect VM-116<->VM-15
 WARN 07-15 17:55:30,496 ExecutorChannelManagerMap:95 [pool-16-thread-7] - Cannot connnect VM-116<->VM-14
 WARN 07-15 17:55:30,496 ExecutorChannelManagerMap:95 [pool-16-thread-7] - Cannot connnect VM-116<->VM-13
 WARN 07-15 17:55:30,496 ExecutorChannelManagerMap:95 [pool-16-thread-7] - Cannot connnect VM-116<->VM-12
 WARN 07-15 17:55:30,496 ExecutorChannelManagerMap:95 [pool-16-thread-7] - Cannot connnect VM-116<->VM-133
 WARN 07-15 17:55:30,496 ExecutorChannelManagerMap:95 [pool-16-thread-7] - Cannot connnect VM-116<->VM-99
 WARN 07-15 17:55:30,496 ExecutorChannelManagerMap:95 [pool-16-thread-7] - Cannot connnect VM-116<->VM-11
 WARN 07-15 17:55:30,496 ExecutorChannelManagerMap:95 [pool-16-thread-7] - Cannot connnect VM-116<->VM-132
 WARN 07-15 17:55:30,496 ExecutorChannelManagerMap:95 [pool-16-thread-7] - Cannot connnect VM-116<->VM-98
 WARN 07-15 17:55:30,496 ExecutorChannelManagerMap:95 [pool-16-thread-7] - Cannot connnect VM-116<->VM-10
 WARN 07-15 17:55:30,496 ExecutorChannelManagerMap:95 [pool-16-thread-7] - Cannot connnect VM-116<->VM-131
 WARN 07-15 17:55:30,496 ExecutorChannelManagerMap:95 [pool-16-thread-7] - Cannot connnect VM-116<->VM-97
 WARN 07-15 17:55:30,496 ExecutorChannelManagerMap:95 [pool-16-thread-7] - Cannot connnect VM-116<->VM-130
 WARN 07-15 17:55:30,496 ExecutorChannelManagerMap:95 [pool-16-thread-7] - Cannot connnect VM-116<->VM-96
 WARN 07-15 17:55:30,496 ExecutorChannelManagerMap:95 [pool-16-thread-7] - Cannot connnect VM-116<->VM-137
 WARN 07-15 17:55:30,496 ExecutorChannelManagerMap:95 [pool-16-thread-7] - Cannot connnect VM-116<->VM-95
 WARN 07-15 17:55:30,496 ExecutorChannelManagerMap:95 [pool-16-thread-7] - Cannot connnect VM-116<->VM-136
 WARN 07-15 17:55:30,496 ExecutorChannelManagerMap:95 [pool-16-thread-7] - Cannot connnect VM-116<->VM-94
 WARN 07-15 17:55:30,496 ExecutorChannelManagerMap:95 [pool-16-thread-7] - Cannot connnect VM-116<->VM-135
 WARN 07-15 17:55:30,496 ExecutorChannelManagerMap:95 [pool-16-thread-7] - Cannot connnect VM-116<->VM-93
 WARN 07-15 17:55:30,496 ExecutorChannelManagerMap:95 [pool-16-thread-7] - Cannot connnect VM-116<->VM-134
 WARN 07-15 17:55:30,496 ExecutorChannelManagerMap:95 [pool-16-thread-7] - Cannot connnect VM-116<->VM-92
 WARN 07-15 17:55:30,496 ExecutorChannelManagerMap:95 [pool-16-thread-7] - Cannot connnect VM-116<->VM-91
 WARN 07-15 17:55:30,496 ExecutorChannelManagerMap:95 [pool-16-thread-7] - Cannot connnect VM-116<->VM-129
 WARN 07-15 17:55:30,496 ExecutorChannelManagerMap:95 [pool-16-thread-7] - Cannot connnect VM-116<->VM-90
 WARN 07-15 17:55:30,496 ExecutorChannelManagerMap:95 [pool-16-thread-7] - Cannot connnect VM-116<->VM-128
 WARN 07-15 17:55:30,496 ExecutorChannelManagerMap:95 [pool-16-thread-7] - Cannot connnect VM-116<->VM-127
 WARN 07-15 17:55:30,496 ExecutorChannelManagerMap:95 [pool-16-thread-7] - Cannot connnect VM-116<->VM-140
 WARN 07-15 17:55:30,496 ExecutorChannelManagerMap:95 [pool-16-thread-7] - Cannot connnect VM-116<->VM-69
 WARN 07-15 17:55:30,496 ExecutorChannelManagerMap:95 [pool-16-thread-7] - Cannot connnect VM-116<->VM-68
 WARN 07-15 17:55:30,496 ExecutorChannelManagerMap:95 [pool-16-thread-7] - Cannot connnect VM-116<->VM-67
 WARN 07-15 17:55:30,496 ExecutorChannelManagerMap:95 [pool-16-thread-7] - Cannot connnect VM-116<->VM-144
 WARN 07-15 17:55:30,496 ExecutorChannelManagerMap:95 [pool-16-thread-7] - Cannot connnect VM-116<->VM-66
 WARN 07-15 17:55:30,496 ExecutorChannelManagerMap:95 [pool-16-thread-7] - Cannot connnect VM-116<->VM-143
 WARN 07-15 17:55:30,496 ExecutorChannelManagerMap:95 [pool-16-thread-7] - Cannot connnect VM-116<->VM-65
 WARN 07-15 17:55:30,496 ExecutorChannelManagerMap:95 [pool-16-thread-7] - Cannot connnect VM-116<->VM-142
 WARN 07-15 17:55:30,496 ExecutorChannelManagerMap:95 [pool-16-thread-7] - Cannot connnect VM-116<->VM-64
 WARN 07-15 17:55:30,496 ExecutorChannelManagerMap:95 [pool-16-thread-7] - Cannot connnect VM-116<->VM-141
 WARN 07-15 17:55:30,496 ExecutorChannelManagerMap:95 [pool-16-thread-7] - Cannot connnect VM-116<->VM-63
 WARN 07-15 17:55:30,496 ExecutorChannelManagerMap:95 [pool-16-thread-7] - Cannot connnect VM-116<->VM-148
 WARN 07-15 17:55:30,496 ExecutorChannelManagerMap:95 [pool-16-thread-7] - Cannot connnect VM-116<->VM-62
 WARN 07-15 17:55:30,496 ExecutorChannelManagerMap:95 [pool-16-thread-7] - Cannot connnect VM-116<->VM-147
 WARN 07-15 17:55:30,496 ExecutorChannelManagerMap:95 [pool-16-thread-7] - Cannot connnect VM-116<->VM-61
 WARN 07-15 17:55:30,497 ExecutorChannelManagerMap:95 [pool-16-thread-7] - Cannot connnect VM-116<->VM-146
 WARN 07-15 17:55:30,497 ExecutorChannelManagerMap:95 [pool-16-thread-7] - Cannot connnect VM-116<->VM-60
 WARN 07-15 17:55:30,497 ExecutorChannelManagerMap:95 [pool-16-thread-7] - Cannot connnect VM-116<->VM-145
 WARN 07-15 17:55:30,497 ExecutorChannelManagerMap:95 [pool-16-thread-7] - Cannot connnect VM-116<->VM-139
 WARN 07-15 17:55:30,497 ExecutorChannelManagerMap:95 [pool-16-thread-7] - Cannot connnect VM-116<->VM-138
 WARN 07-15 17:55:30,497 ExecutorChannelManagerMap:95 [pool-16-thread-7] - Cannot connnect VM-116<->VM-151
 WARN 07-15 17:55:30,497 ExecutorChannelManagerMap:95 [pool-16-thread-7] - Cannot connnect VM-116<->VM-150
 WARN 07-15 17:55:30,497 ExecutorChannelManagerMap:95 [pool-16-thread-7] - Cannot connnect VM-116<->VM-79
 WARN 07-15 17:55:30,497 ExecutorChannelManagerMap:95 [pool-16-thread-7] - Cannot connnect VM-116<->VM-78
 WARN 07-15 17:55:30,497 ExecutorChannelManagerMap:95 [pool-16-thread-7] - Cannot connnect VM-116<->VM-155
 WARN 07-15 17:55:30,497 ExecutorChannelManagerMap:95 [pool-16-thread-7] - Cannot connnect VM-116<->VM-77
 WARN 07-15 17:55:30,497 ExecutorChannelManagerMap:95 [pool-16-thread-7] - Cannot connnect VM-116<->VM-154
 WARN 07-15 17:55:30,497 ExecutorChannelManagerMap:95 [pool-16-thread-7] - Cannot connnect VM-116<->VM-76
 WARN 07-15 17:55:30,497 ExecutorChannelManagerMap:95 [pool-16-thread-7] - Cannot connnect VM-116<->VM-153
 WARN 07-15 17:55:30,497 ExecutorChannelManagerMap:95 [pool-16-thread-7] - Cannot connnect VM-116<->VM-75
 WARN 07-15 17:55:30,497 ExecutorChannelManagerMap:95 [pool-16-thread-7] - Cannot connnect VM-116<->VM-152
 WARN 07-15 17:55:30,497 ExecutorChannelManagerMap:95 [pool-16-thread-7] - Cannot connnect VM-116<->VM-74
 WARN 07-15 17:55:30,497 ExecutorChannelManagerMap:95 [pool-16-thread-7] - Cannot connnect VM-116<->VM-159
 WARN 07-15 17:55:30,497 ExecutorChannelManagerMap:95 [pool-16-thread-7] - Cannot connnect VM-116<->VM-73
 WARN 07-15 17:55:30,497 ExecutorChannelManagerMap:95 [pool-16-thread-7] - Cannot connnect VM-116<->VM-158
 WARN 07-15 17:55:30,497 ExecutorChannelManagerMap:95 [pool-16-thread-7] - Cannot connnect VM-116<->VM-72
 WARN 07-15 17:55:30,497 ExecutorChannelManagerMap:95 [pool-16-thread-7] - Cannot connnect VM-116<->VM-157
 WARN 07-15 17:55:30,497 ExecutorChannelManagerMap:95 [pool-16-thread-7] - Cannot connnect VM-116<->VM-71
 WARN 07-15 17:55:30,497 ExecutorChannelManagerMap:95 [pool-16-thread-7] - Cannot connnect VM-116<->VM-156
 WARN 07-15 17:55:30,497 ExecutorChannelManagerMap:95 [pool-16-thread-7] - Cannot connnect VM-116<->VM-70
 WARN 07-15 17:55:30,497 ExecutorChannelManagerMap:95 [pool-16-thread-7] - Cannot connnect VM-116<->VM-149
 WARN 07-15 17:55:30,497 ExecutorChannelManagerMap:95 [pool-16-thread-7] - Cannot connnect VM-116<->VM-49
 WARN 07-15 17:55:30,497 ExecutorChannelManagerMap:95 [pool-16-thread-7] - Cannot connnect VM-116<->VM-48
 WARN 07-15 17:55:30,497 ExecutorChannelManagerMap:95 [pool-16-thread-7] - Cannot connnect VM-116<->VM-47
 WARN 07-15 17:55:30,497 ExecutorChannelManagerMap:95 [pool-16-thread-7] - Cannot connnect VM-116<->VM-160
 WARN 07-15 17:55:30,497 ExecutorChannelManagerMap:95 [pool-16-thread-7] - Cannot connnect VM-116<->VM-46
 WARN 07-15 17:55:30,497 ExecutorChannelManagerMap:95 [pool-16-thread-7] - Cannot connnect VM-116<->VM-45
 WARN 07-15 17:55:30,497 ExecutorChannelManagerMap:95 [pool-16-thread-7] - Cannot connnect VM-116<->VM-6
 WARN 07-15 17:55:30,497 ExecutorChannelManagerMap:95 [pool-16-thread-7] - Cannot connnect VM-116<->VM-44
 WARN 07-15 17:55:30,497 ExecutorChannelManagerMap:95 [pool-16-thread-7] - Cannot connnect VM-116<->VM-7
 WARN 07-15 17:55:30,497 ExecutorChannelManagerMap:95 [pool-16-thread-7] - Cannot connnect VM-116<->VM-43
 WARN 07-15 17:55:30,497 ExecutorChannelManagerMap:95 [pool-16-thread-7] - Cannot connnect VM-116<->VM-8
 WARN 07-15 17:55:30,497 ExecutorChannelManagerMap:95 [pool-16-thread-7] - Cannot connnect VM-116<->VM-42
 WARN 07-15 17:55:30,497 ExecutorChannelManagerMap:95 [pool-16-thread-7] - Cannot connnect VM-116<->VM-9
 WARN 07-15 17:55:30,497 ExecutorChannelManagerMap:95 [pool-16-thread-7] - Cannot connnect VM-116<->VM-41
 WARN 07-15 17:55:30,498 ExecutorChannelManagerMap:95 [pool-16-thread-7] - Cannot connnect VM-116<->VM-40
 WARN 07-15 17:55:30,498 ExecutorChannelManagerMap:95 [pool-16-thread-7] - Cannot connnect VM-116<->VM-59
 WARN 07-15 17:55:30,498 ExecutorChannelManagerMap:95 [pool-16-thread-7] - Cannot connnect VM-116<->VM-58
 WARN 07-15 17:55:30,498 ExecutorChannelManagerMap:95 [pool-16-thread-7] - Cannot connnect VM-116<->VM-57
 WARN 07-15 17:55:30,498 ExecutorChannelManagerMap:95 [pool-16-thread-7] - Cannot connnect VM-116<->VM-56
 WARN 07-15 17:55:30,498 ExecutorChannelManagerMap:95 [pool-16-thread-7] - Cannot connnect VM-116<->VM-55
 WARN 07-15 17:55:30,498 ExecutorChannelManagerMap:95 [pool-16-thread-7] - Cannot connnect VM-116<->VM-54
 WARN 07-15 17:55:30,498 ExecutorChannelManagerMap:95 [pool-16-thread-7] - Cannot connnect VM-116<->VM-53
 WARN 07-15 17:55:30,498 ExecutorChannelManagerMap:95 [pool-16-thread-7] - Cannot connnect VM-116<->VM-52
 WARN 07-15 17:55:30,498 ExecutorChannelManagerMap:95 [pool-16-thread-7] - Cannot connnect VM-116<->VM-51
 WARN 07-15 17:55:30,498 ExecutorChannelManagerMap:95 [pool-16-thread-7] - Cannot connnect VM-116<->VM-50
 WARN 07-15 17:55:30,498 ExecutorChannelManagerMap:95 [pool-16-thread-7] - Cannot connnect VM-116<->VM-1
 WARN 07-15 17:55:30,498 ExecutorChannelManagerMap:95 [pool-16-thread-7] - Cannot connnect VM-116<->VM-2
 WARN 07-15 17:55:30,498 ExecutorChannelManagerMap:95 [pool-16-thread-7] - Cannot connnect VM-116<->VM-3
 WARN 07-15 17:55:30,498 ExecutorChannelManagerMap:95 [pool-16-thread-7] - Cannot connnect VM-116<->VM-4
 WARN 07-15 17:55:30,498 ExecutorChannelManagerMap:95 [pool-16-thread-7] - Cannot connnect VM-116<->VM-5
 WARN 07-15 17:55:30,498 ExecutorChannelManagerMap:95 [pool-16-thread-7] - Cannot connnect VM-116<->VM-29
 WARN 07-15 17:55:30,498 ExecutorChannelManagerMap:95 [pool-16-thread-7] - Cannot connnect VM-116<->VM-28
 WARN 07-15 17:55:30,498 ExecutorChannelManagerMap:95 [pool-16-thread-7] - Cannot connnect VM-116<->VM-27
 WARN 07-15 17:55:30,498 ExecutorChannelManagerMap:95 [pool-16-thread-7] - Cannot connnect VM-116<->VM-26
 WARN 07-15 17:55:30,498 ExecutorChannelManagerMap:95 [pool-16-thread-7] - Cannot connnect VM-116<->VM-25
 WARN 07-15 17:55:30,498 ExecutorChannelManagerMap:95 [pool-16-thread-7] - Cannot connnect VM-116<->VM-24
 WARN 07-15 17:55:30,498 ExecutorChannelManagerMap:95 [pool-16-thread-7] - Cannot connnect VM-116<->VM-100
 WARN 07-15 17:55:30,498 ExecutorChannelManagerMap:95 [pool-16-thread-7] - Cannot connnect VM-116<->VM-23
 WARN 07-15 17:55:30,498 ExecutorChannelManagerMap:95 [pool-16-thread-7] - Cannot connnect VM-116<->VM-22
 WARN 07-15 17:55:30,498 ExecutorChannelManagerMap:106 [pool-16-thread-7] - Executor Executor4 already registered
 WARN 07-15 17:55:30,498 ExecutorChannelManagerMap:95 [pool-16-thread-7] - Cannot connnect VM-116<->VM-21
 WARN 07-15 17:55:30,498 ExecutorChannelManagerMap:106 [pool-16-thread-7] - Executor Executor3 already registered
 WARN 07-15 17:55:30,498 ExecutorChannelManagerMap:95 [pool-16-thread-7] - Cannot connnect VM-116<->VM-20
 WARN 07-15 17:55:30,498 ExecutorChannelManagerMap:95 [pool-16-thread-7] - Cannot connnect VM-116<->VM-104
 WARN 07-15 17:55:30,498 ExecutorChannelManagerMap:95 [pool-16-thread-7] - Cannot connnect VM-116<->VM-103
 WARN 07-15 17:55:30,498 ExecutorChannelManagerMap:95 [pool-16-thread-7] - Cannot connnect VM-116<->VM-101
 WARN 07-15 17:55:30,498 ExecutorChannelManagerMap:95 [pool-16-thread-7] - Cannot connnect VM-116<->VM-39
 WARN 07-15 17:55:30,498 ExecutorChannelManagerMap:95 [pool-16-thread-7] - Cannot connnect VM-116<->VM-38
 WARN 07-15 17:55:30,498 ExecutorChannelManagerMap:95 [pool-16-thread-7] - Cannot connnect VM-116<->VM-37
 WARN 07-15 17:55:30,498 ExecutorChannelManagerMap:95 [pool-16-thread-7] - Cannot connnect VM-116<->VM-36
 WARN 07-15 17:55:30,498 ExecutorChannelManagerMap:95 [pool-16-thread-7] - Cannot connnect VM-116<->VM-35
 WARN 07-15 17:55:30,498 ExecutorChannelManagerMap:95 [pool-16-thread-7] - Cannot connnect VM-116<->VM-34
 WARN 07-15 17:55:30,498 ExecutorChannelManagerMap:95 [pool-16-thread-7] - Cannot connnect VM-116<->VM-111
 WARN 07-15 17:55:30,498 ExecutorChannelManagerMap:95 [pool-16-thread-7] - Cannot connnect VM-116<->VM-33
 WARN 07-15 17:55:30,498 ExecutorChannelManagerMap:95 [pool-16-thread-7] - Cannot connnect VM-116<->VM-110
 WARN 07-15 17:55:30,498 ExecutorChannelManagerMap:95 [pool-16-thread-7] - Cannot connnect VM-116<->VM-32
 WARN 07-15 17:55:30,499 ExecutorChannelManagerMap:95 [pool-16-thread-7] - Cannot connnect VM-116<->VM-31
 WARN 07-15 17:55:30,499 ExecutorChannelManagerMap:95 [pool-16-thread-7] - Cannot connnect VM-116<->VM-30
 WARN 07-15 17:55:30,499 ExecutorChannelManagerMap:95 [pool-16-thread-7] - Cannot connnect VM-116<->VM-115
 WARN 07-15 17:55:30,499 ExecutorChannelManagerMap:95 [pool-16-thread-7] - Cannot connnect VM-116<->VM-114
 WARN 07-15 17:55:30,499 ExecutorChannelManagerMap:95 [pool-16-thread-7] - Cannot connnect VM-116<->VM-113
 WARN 07-15 17:55:30,499 ExecutorChannelManagerMap:95 [pool-16-thread-7] - Cannot connnect VM-116<->VM-112
 WARN 07-15 17:55:30,499 ExecutorChannelManagerMap:95 [pool-16-thread-7] - Cannot connnect VM-116<->VM-108
 WARN 07-15 17:55:30,499 ExecutorChannelManagerMap:95 [pool-16-thread-7] - Cannot connnect VM-116<->VM-107
 WARN 07-15 17:55:30,499 ExecutorChannelManagerMap:95 [pool-16-thread-7] - Cannot connnect VM-116<->VM-106
 WARN 07-15 17:55:30,499 ExecutorChannelManagerMap:95 [pool-16-thread-7] - Cannot connnect VM-116<->VM-105
 WARN 07-15 17:55:30,499 ExecutorChannelManagerMap:106 [pool-16-thread-7] - Executor Executor2 already registered
 WARN 07-15 17:55:30,499 ExecutorChannelManagerMap:106 [pool-16-thread-7] - Executor Executor1 already registered
 WARN 07-15 17:55:30,499 ExecutorChannelManagerMap:106 [pool-16-thread-7] - Executor Executor0 already registered
 WARN 07-15 17:55:30,499 ExecutorChannelManagerMap:95 [pool-16-thread-7] - Cannot connnect VM-116<->VM-109
 WARN 07-15 17:55:30,499 ExecutorChannelManagerMap:95 [pool-16-thread-8] - Cannot connnect VM-116<->VM-89
 WARN 07-15 17:55:30,499 ExecutorChannelManagerMap:95 [pool-16-thread-8] - Cannot connnect VM-116<->VM-122
 WARN 07-15 17:55:30,499 ExecutorChannelManagerMap:95 [pool-16-thread-8] - Cannot connnect VM-116<->VM-88
 WARN 07-15 17:55:30,499 ExecutorChannelManagerMap:95 [pool-16-thread-8] - Cannot connnect VM-116<->VM-121
 WARN 07-15 17:55:30,499 ExecutorChannelManagerMap:95 [pool-16-thread-8] - Cannot connnect VM-116<->VM-87
 WARN 07-15 17:55:30,499 ExecutorChannelManagerMap:95 [pool-16-thread-8] - Cannot connnect VM-116<->VM-120
 WARN 07-15 17:55:30,499 ExecutorChannelManagerMap:95 [pool-16-thread-8] - Cannot connnect VM-116<->VM-86
 WARN 07-15 17:55:30,499 ExecutorChannelManagerMap:95 [pool-16-thread-8] - Cannot connnect VM-116<->VM-85
 WARN 07-15 17:55:30,499 ExecutorChannelManagerMap:95 [pool-16-thread-8] - Cannot connnect VM-116<->VM-126
 WARN 07-15 17:55:30,499 ExecutorChannelManagerMap:95 [pool-16-thread-8] - Cannot connnect VM-116<->VM-84
 WARN 07-15 17:55:30,499 ExecutorChannelManagerMap:95 [pool-16-thread-8] - Cannot connnect VM-116<->VM-125
 WARN 07-15 17:55:30,499 ExecutorChannelManagerMap:95 [pool-16-thread-8] - Cannot connnect VM-116<->VM-83
 WARN 07-15 17:55:30,499 ExecutorChannelManagerMap:95 [pool-16-thread-8] - Cannot connnect VM-116<->VM-124
 WARN 07-15 17:55:30,499 ExecutorChannelManagerMap:95 [pool-16-thread-8] - Cannot connnect VM-116<->VM-82
 WARN 07-15 17:55:30,499 ExecutorChannelManagerMap:95 [pool-16-thread-8] - Cannot connnect VM-116<->VM-123
 WARN 07-15 17:55:30,499 ExecutorChannelManagerMap:95 [pool-16-thread-8] - Cannot connnect VM-116<->VM-81
 WARN 07-15 17:55:30,499 ExecutorChannelManagerMap:95 [pool-16-thread-8] - Cannot connnect VM-116<->VM-119
 WARN 07-15 17:55:30,499 ExecutorChannelManagerMap:95 [pool-16-thread-8] - Cannot connnect VM-116<->VM-80
 WARN 07-15 17:55:30,499 ExecutorChannelManagerMap:95 [pool-16-thread-8] - Cannot connnect VM-116<->VM-118
 WARN 07-15 17:55:30,499 ExecutorChannelManagerMap:95 [pool-16-thread-8] - Cannot connnect VM-116<->VM-117
 WARN 07-15 17:55:30,499 ExecutorChannelManagerMap:95 [pool-16-thread-8] - Cannot connnect VM-116<->VM-19
 WARN 07-15 17:55:30,499 ExecutorChannelManagerMap:95 [pool-16-thread-8] - Cannot connnect VM-116<->VM-18
 WARN 07-15 17:55:30,499 ExecutorChannelManagerMap:95 [pool-16-thread-8] - Cannot connnect VM-116<->VM-17
 WARN 07-15 17:55:30,499 ExecutorChannelManagerMap:95 [pool-16-thread-8] - Cannot connnect VM-116<->VM-16
 WARN 07-15 17:55:30,500 ExecutorChannelManagerMap:95 [pool-16-thread-8] - Cannot connnect VM-116<->VM-15
 WARN 07-15 17:55:30,500 ExecutorChannelManagerMap:95 [pool-16-thread-8] - Cannot connnect VM-116<->VM-14
 WARN 07-15 17:55:30,500 ExecutorChannelManagerMap:95 [pool-16-thread-8] - Cannot connnect VM-116<->VM-13
 WARN 07-15 17:55:30,500 ExecutorChannelManagerMap:95 [pool-16-thread-8] - Cannot connnect VM-116<->VM-12
 WARN 07-15 17:55:30,500 ExecutorChannelManagerMap:95 [pool-16-thread-8] - Cannot connnect VM-116<->VM-133
 WARN 07-15 17:55:30,500 ExecutorChannelManagerMap:95 [pool-16-thread-8] - Cannot connnect VM-116<->VM-99
 WARN 07-15 17:55:30,500 ExecutorChannelManagerMap:95 [pool-16-thread-8] - Cannot connnect VM-116<->VM-11
 WARN 07-15 17:55:30,500 ExecutorChannelManagerMap:95 [pool-16-thread-8] - Cannot connnect VM-116<->VM-132
 WARN 07-15 17:55:30,500 ExecutorChannelManagerMap:95 [pool-16-thread-8] - Cannot connnect VM-116<->VM-98
 WARN 07-15 17:55:30,500 ExecutorChannelManagerMap:95 [pool-16-thread-8] - Cannot connnect VM-116<->VM-10
 WARN 07-15 17:55:30,500 ExecutorChannelManagerMap:95 [pool-16-thread-8] - Cannot connnect VM-116<->VM-131
 WARN 07-15 17:55:30,500 ExecutorChannelManagerMap:95 [pool-16-thread-8] - Cannot connnect VM-116<->VM-97
 WARN 07-15 17:55:30,500 ExecutorChannelManagerMap:95 [pool-16-thread-8] - Cannot connnect VM-116<->VM-130
 WARN 07-15 17:55:30,500 ExecutorChannelManagerMap:95 [pool-16-thread-8] - Cannot connnect VM-116<->VM-96
 WARN 07-15 17:55:30,500 ExecutorChannelManagerMap:95 [pool-16-thread-8] - Cannot connnect VM-116<->VM-137
 WARN 07-15 17:55:30,500 ExecutorChannelManagerMap:95 [pool-16-thread-8] - Cannot connnect VM-116<->VM-95
 WARN 07-15 17:55:30,500 ExecutorChannelManagerMap:95 [pool-16-thread-8] - Cannot connnect VM-116<->VM-136
 WARN 07-15 17:55:30,500 ExecutorChannelManagerMap:95 [pool-16-thread-8] - Cannot connnect VM-116<->VM-94
 WARN 07-15 17:55:30,500 ExecutorChannelManagerMap:95 [pool-16-thread-8] - Cannot connnect VM-116<->VM-135
 WARN 07-15 17:55:30,500 ExecutorChannelManagerMap:95 [pool-16-thread-8] - Cannot connnect VM-116<->VM-93
 WARN 07-15 17:55:30,500 ExecutorChannelManagerMap:95 [pool-16-thread-8] - Cannot connnect VM-116<->VM-134
 WARN 07-15 17:55:30,500 ExecutorChannelManagerMap:95 [pool-16-thread-8] - Cannot connnect VM-116<->VM-92
 WARN 07-15 17:55:30,500 ExecutorChannelManagerMap:95 [pool-16-thread-8] - Cannot connnect VM-116<->VM-91
 WARN 07-15 17:55:30,500 ExecutorChannelManagerMap:95 [pool-16-thread-8] - Cannot connnect VM-116<->VM-129
 WARN 07-15 17:55:30,500 ExecutorChannelManagerMap:95 [pool-16-thread-8] - Cannot connnect VM-116<->VM-90
 WARN 07-15 17:55:30,500 ExecutorChannelManagerMap:95 [pool-16-thread-8] - Cannot connnect VM-116<->VM-128
 WARN 07-15 17:55:30,500 ExecutorChannelManagerMap:95 [pool-16-thread-8] - Cannot connnect VM-116<->VM-127
 WARN 07-15 17:55:30,500 ExecutorChannelManagerMap:95 [pool-16-thread-8] - Cannot connnect VM-116<->VM-140
 WARN 07-15 17:55:30,500 ExecutorChannelManagerMap:95 [pool-16-thread-8] - Cannot connnect VM-116<->VM-69
 WARN 07-15 17:55:30,500 ExecutorChannelManagerMap:95 [pool-16-thread-8] - Cannot connnect VM-116<->VM-68
 WARN 07-15 17:55:30,500 ExecutorChannelManagerMap:95 [pool-16-thread-8] - Cannot connnect VM-116<->VM-67
 WARN 07-15 17:55:30,500 ExecutorChannelManagerMap:95 [pool-16-thread-8] - Cannot connnect VM-116<->VM-144
 WARN 07-15 17:55:30,500 ExecutorChannelManagerMap:95 [pool-16-thread-8] - Cannot connnect VM-116<->VM-66
 WARN 07-15 17:55:30,500 ExecutorChannelManagerMap:95 [pool-16-thread-8] - Cannot connnect VM-116<->VM-143
 WARN 07-15 17:55:30,500 ExecutorChannelManagerMap:95 [pool-16-thread-8] - Cannot connnect VM-116<->VM-65
 WARN 07-15 17:55:30,500 ExecutorChannelManagerMap:95 [pool-16-thread-8] - Cannot connnect VM-116<->VM-142
 WARN 07-15 17:55:30,500 ExecutorChannelManagerMap:95 [pool-16-thread-8] - Cannot connnect VM-116<->VM-64
 WARN 07-15 17:55:30,500 ExecutorChannelManagerMap:95 [pool-16-thread-8] - Cannot connnect VM-116<->VM-141
 WARN 07-15 17:55:30,501 ExecutorChannelManagerMap:95 [pool-16-thread-8] - Cannot connnect VM-116<->VM-63
 WARN 07-15 17:55:30,501 ExecutorChannelManagerMap:95 [pool-16-thread-8] - Cannot connnect VM-116<->VM-148
 WARN 07-15 17:55:30,501 ExecutorChannelManagerMap:95 [pool-16-thread-8] - Cannot connnect VM-116<->VM-62
 WARN 07-15 17:55:30,501 ExecutorChannelManagerMap:95 [pool-16-thread-8] - Cannot connnect VM-116<->VM-147
 WARN 07-15 17:55:30,501 ExecutorChannelManagerMap:95 [pool-16-thread-8] - Cannot connnect VM-116<->VM-61
 WARN 07-15 17:55:30,501 ExecutorChannelManagerMap:95 [pool-16-thread-8] - Cannot connnect VM-116<->VM-146
 WARN 07-15 17:55:30,501 ExecutorChannelManagerMap:95 [pool-16-thread-8] - Cannot connnect VM-116<->VM-60
 WARN 07-15 17:55:30,501 ExecutorChannelManagerMap:95 [pool-16-thread-8] - Cannot connnect VM-116<->VM-145
 WARN 07-15 17:55:30,501 ExecutorChannelManagerMap:95 [pool-16-thread-8] - Cannot connnect VM-116<->VM-139
 WARN 07-15 17:55:30,501 ExecutorChannelManagerMap:95 [pool-16-thread-8] - Cannot connnect VM-116<->VM-138
 WARN 07-15 17:55:30,501 ExecutorChannelManagerMap:95 [pool-16-thread-8] - Cannot connnect VM-116<->VM-151
 WARN 07-15 17:55:30,501 ExecutorChannelManagerMap:95 [pool-16-thread-8] - Cannot connnect VM-116<->VM-150
 WARN 07-15 17:55:30,501 ExecutorChannelManagerMap:95 [pool-16-thread-8] - Cannot connnect VM-116<->VM-79
 WARN 07-15 17:55:30,501 ExecutorChannelManagerMap:95 [pool-16-thread-8] - Cannot connnect VM-116<->VM-78
 WARN 07-15 17:55:30,501 ExecutorChannelManagerMap:95 [pool-16-thread-8] - Cannot connnect VM-116<->VM-155
 WARN 07-15 17:55:30,501 ExecutorChannelManagerMap:95 [pool-16-thread-8] - Cannot connnect VM-116<->VM-77
 WARN 07-15 17:55:30,501 ExecutorChannelManagerMap:95 [pool-16-thread-8] - Cannot connnect VM-116<->VM-154
 WARN 07-15 17:55:30,501 ExecutorChannelManagerMap:95 [pool-16-thread-8] - Cannot connnect VM-116<->VM-76
 WARN 07-15 17:55:30,501 ExecutorChannelManagerMap:95 [pool-16-thread-8] - Cannot connnect VM-116<->VM-153
 WARN 07-15 17:55:30,501 ExecutorChannelManagerMap:95 [pool-16-thread-8] - Cannot connnect VM-116<->VM-75
 WARN 07-15 17:55:30,501 ExecutorChannelManagerMap:95 [pool-16-thread-8] - Cannot connnect VM-116<->VM-152
 WARN 07-15 17:55:30,501 ExecutorChannelManagerMap:95 [pool-16-thread-8] - Cannot connnect VM-116<->VM-74
 WARN 07-15 17:55:30,501 ExecutorChannelManagerMap:95 [pool-16-thread-8] - Cannot connnect VM-116<->VM-159
 WARN 07-15 17:55:30,501 ExecutorChannelManagerMap:95 [pool-16-thread-8] - Cannot connnect VM-116<->VM-73
 WARN 07-15 17:55:30,501 ExecutorChannelManagerMap:95 [pool-16-thread-8] - Cannot connnect VM-116<->VM-158
 WARN 07-15 17:55:30,501 ExecutorChannelManagerMap:95 [pool-16-thread-8] - Cannot connnect VM-116<->VM-72
 WARN 07-15 17:55:30,501 ExecutorChannelManagerMap:95 [pool-16-thread-8] - Cannot connnect VM-116<->VM-157
 WARN 07-15 17:55:30,501 ExecutorChannelManagerMap:95 [pool-16-thread-8] - Cannot connnect VM-116<->VM-71
 WARN 07-15 17:55:30,501 ExecutorChannelManagerMap:95 [pool-16-thread-8] - Cannot connnect VM-116<->VM-156
 WARN 07-15 17:55:30,501 ExecutorChannelManagerMap:95 [pool-16-thread-8] - Cannot connnect VM-116<->VM-70
 WARN 07-15 17:55:30,501 ExecutorChannelManagerMap:95 [pool-16-thread-8] - Cannot connnect VM-116<->VM-149
 WARN 07-15 17:55:30,501 ExecutorChannelManagerMap:95 [pool-16-thread-8] - Cannot connnect VM-116<->VM-49
 WARN 07-15 17:55:30,501 ExecutorChannelManagerMap:95 [pool-16-thread-8] - Cannot connnect VM-116<->VM-48
 WARN 07-15 17:55:30,501 ExecutorChannelManagerMap:95 [pool-16-thread-8] - Cannot connnect VM-116<->VM-47
 WARN 07-15 17:55:30,501 ExecutorChannelManagerMap:95 [pool-16-thread-8] - Cannot connnect VM-116<->VM-160
 WARN 07-15 17:55:30,501 ExecutorChannelManagerMap:95 [pool-16-thread-8] - Cannot connnect VM-116<->VM-46
 WARN 07-15 17:55:30,501 ExecutorChannelManagerMap:95 [pool-16-thread-8] - Cannot connnect VM-116<->VM-45
 WARN 07-15 17:55:30,501 ExecutorChannelManagerMap:95 [pool-16-thread-8] - Cannot connnect VM-116<->VM-6
 WARN 07-15 17:55:30,501 ExecutorChannelManagerMap:95 [pool-16-thread-8] - Cannot connnect VM-116<->VM-44
 WARN 07-15 17:55:30,502 ExecutorChannelManagerMap:95 [pool-16-thread-8] - Cannot connnect VM-116<->VM-7
 WARN 07-15 17:55:30,502 ExecutorChannelManagerMap:95 [pool-16-thread-8] - Cannot connnect VM-116<->VM-43
 WARN 07-15 17:55:30,502 ExecutorChannelManagerMap:95 [pool-16-thread-8] - Cannot connnect VM-116<->VM-8
 WARN 07-15 17:55:30,502 ExecutorChannelManagerMap:95 [pool-16-thread-8] - Cannot connnect VM-116<->VM-42
 WARN 07-15 17:55:30,502 ExecutorChannelManagerMap:95 [pool-16-thread-8] - Cannot connnect VM-116<->VM-9
 WARN 07-15 17:55:30,502 ExecutorChannelManagerMap:95 [pool-16-thread-8] - Cannot connnect VM-116<->VM-41
 WARN 07-15 17:55:30,502 ExecutorChannelManagerMap:95 [pool-16-thread-8] - Cannot connnect VM-116<->VM-40
 WARN 07-15 17:55:30,502 ExecutorChannelManagerMap:95 [pool-16-thread-8] - Cannot connnect VM-116<->VM-59
 WARN 07-15 17:55:30,502 ExecutorChannelManagerMap:95 [pool-16-thread-8] - Cannot connnect VM-116<->VM-58
 WARN 07-15 17:55:30,502 ExecutorChannelManagerMap:95 [pool-16-thread-8] - Cannot connnect VM-116<->VM-57
 WARN 07-15 17:55:30,502 ExecutorChannelManagerMap:95 [pool-16-thread-8] - Cannot connnect VM-116<->VM-56
 WARN 07-15 17:55:30,502 ExecutorChannelManagerMap:95 [pool-16-thread-8] - Cannot connnect VM-116<->VM-55
 WARN 07-15 17:55:30,502 ExecutorChannelManagerMap:95 [pool-16-thread-8] - Cannot connnect VM-116<->VM-54
 WARN 07-15 17:55:30,502 ExecutorChannelManagerMap:95 [pool-16-thread-8] - Cannot connnect VM-116<->VM-53
 WARN 07-15 17:55:30,502 ExecutorChannelManagerMap:95 [pool-16-thread-8] - Cannot connnect VM-116<->VM-52
 WARN 07-15 17:55:30,502 ExecutorChannelManagerMap:95 [pool-16-thread-8] - Cannot connnect VM-116<->VM-51
 WARN 07-15 17:55:30,502 ExecutorChannelManagerMap:95 [pool-16-thread-8] - Cannot connnect VM-116<->VM-50
 WARN 07-15 17:55:30,502 ExecutorChannelManagerMap:95 [pool-16-thread-8] - Cannot connnect VM-116<->VM-1
 WARN 07-15 17:55:30,502 ExecutorChannelManagerMap:95 [pool-16-thread-8] - Cannot connnect VM-116<->VM-2
 WARN 07-15 17:55:30,502 ExecutorChannelManagerMap:95 [pool-16-thread-8] - Cannot connnect VM-116<->VM-3
 WARN 07-15 17:55:30,502 ExecutorChannelManagerMap:95 [pool-16-thread-8] - Cannot connnect VM-116<->VM-4
 WARN 07-15 17:55:30,502 ExecutorChannelManagerMap:95 [pool-16-thread-8] - Cannot connnect VM-116<->VM-5
 WARN 07-15 17:55:30,502 ExecutorChannelManagerMap:95 [pool-16-thread-8] - Cannot connnect VM-116<->VM-29
 WARN 07-15 17:55:30,502 ExecutorChannelManagerMap:95 [pool-16-thread-8] - Cannot connnect VM-116<->VM-28
 WARN 07-15 17:55:30,502 ExecutorChannelManagerMap:95 [pool-16-thread-8] - Cannot connnect VM-116<->VM-27
 WARN 07-15 17:55:30,502 ExecutorChannelManagerMap:95 [pool-16-thread-8] - Cannot connnect VM-116<->VM-26
 WARN 07-15 17:55:30,502 ExecutorChannelManagerMap:95 [pool-16-thread-8] - Cannot connnect VM-116<->VM-25
 WARN 07-15 17:55:30,502 ExecutorChannelManagerMap:95 [pool-16-thread-8] - Cannot connnect VM-116<->VM-24
 WARN 07-15 17:55:30,502 ExecutorChannelManagerMap:95 [pool-16-thread-8] - Cannot connnect VM-116<->VM-100
 WARN 07-15 17:55:30,502 ExecutorChannelManagerMap:95 [pool-16-thread-8] - Cannot connnect VM-116<->VM-23
 WARN 07-15 17:55:30,502 ExecutorChannelManagerMap:95 [pool-16-thread-8] - Cannot connnect VM-116<->VM-22
 WARN 07-15 17:55:30,502 ExecutorChannelManagerMap:106 [pool-16-thread-8] - Executor Executor4 already registered
 WARN 07-15 17:55:30,502 ExecutorChannelManagerMap:95 [pool-16-thread-8] - Cannot connnect VM-116<->VM-21
 WARN 07-15 17:55:30,502 ExecutorChannelManagerMap:106 [pool-16-thread-8] - Executor Executor3 already registered
 WARN 07-15 17:55:30,502 ExecutorChannelManagerMap:95 [pool-16-thread-8] - Cannot connnect VM-116<->VM-20
 WARN 07-15 17:55:30,502 ExecutorChannelManagerMap:95 [pool-16-thread-8] - Cannot connnect VM-116<->VM-103
 WARN 07-15 17:55:30,502 ExecutorChannelManagerMap:95 [pool-16-thread-8] - Cannot connnect VM-116<->VM-101
 WARN 07-15 17:55:30,502 ExecutorChannelManagerMap:95 [pool-16-thread-8] - Cannot connnect VM-116<->VM-39
 WARN 07-15 17:55:30,502 ExecutorChannelManagerMap:95 [pool-16-thread-8] - Cannot connnect VM-116<->VM-38
 WARN 07-15 17:55:30,502 ExecutorChannelManagerMap:95 [pool-16-thread-8] - Cannot connnect VM-116<->VM-37
 WARN 07-15 17:55:30,503 ExecutorChannelManagerMap:95 [pool-16-thread-8] - Cannot connnect VM-116<->VM-36
 WARN 07-15 17:55:30,503 ExecutorChannelManagerMap:95 [pool-16-thread-8] - Cannot connnect VM-116<->VM-35
 WARN 07-15 17:55:30,503 ExecutorChannelManagerMap:95 [pool-16-thread-8] - Cannot connnect VM-116<->VM-34
 WARN 07-15 17:55:30,503 ExecutorChannelManagerMap:95 [pool-16-thread-8] - Cannot connnect VM-116<->VM-111
 WARN 07-15 17:55:30,503 ExecutorChannelManagerMap:95 [pool-16-thread-8] - Cannot connnect VM-116<->VM-33
 WARN 07-15 17:55:30,503 ExecutorChannelManagerMap:95 [pool-16-thread-8] - Cannot connnect VM-116<->VM-110
 WARN 07-15 17:55:30,503 ExecutorChannelManagerMap:95 [pool-16-thread-8] - Cannot connnect VM-116<->VM-32
 WARN 07-15 17:55:30,503 ExecutorChannelManagerMap:95 [pool-16-thread-8] - Cannot connnect VM-116<->VM-31
 WARN 07-15 17:55:30,503 ExecutorChannelManagerMap:95 [pool-16-thread-8] - Cannot connnect VM-116<->VM-30
 WARN 07-15 17:55:30,503 ExecutorChannelManagerMap:95 [pool-16-thread-8] - Cannot connnect VM-116<->VM-115
 WARN 07-15 17:55:30,503 ExecutorChannelManagerMap:95 [pool-16-thread-8] - Cannot connnect VM-116<->VM-114
 WARN 07-15 17:55:30,503 ExecutorChannelManagerMap:95 [pool-16-thread-8] - Cannot connnect VM-116<->VM-113
 WARN 07-15 17:55:30,503 ExecutorChannelManagerMap:95 [pool-16-thread-8] - Cannot connnect VM-116<->VM-112
 WARN 07-15 17:55:30,503 ExecutorChannelManagerMap:95 [pool-16-thread-8] - Cannot connnect VM-116<->VM-108
 WARN 07-15 17:55:30,503 ExecutorChannelManagerMap:95 [pool-16-thread-8] - Cannot connnect VM-116<->VM-107
 WARN 07-15 17:55:30,503 ExecutorChannelManagerMap:95 [pool-16-thread-8] - Cannot connnect VM-116<->VM-106
 WARN 07-15 17:55:30,503 ExecutorChannelManagerMap:95 [pool-16-thread-8] - Cannot connnect VM-116<->VM-105
 WARN 07-15 17:55:30,503 ExecutorChannelManagerMap:106 [pool-16-thread-8] - Executor Executor2 already registered
 WARN 07-15 17:55:30,503 ExecutorChannelManagerMap:106 [pool-16-thread-8] - Executor Executor1 already registered
 WARN 07-15 17:55:30,503 ExecutorChannelManagerMap:106 [pool-16-thread-8] - Executor Executor0 already registered
 WARN 07-15 17:55:30,503 ExecutorChannelManagerMap:95 [pool-16-thread-8] - Cannot connnect VM-116<->VM-109
 WARN 07-15 17:55:30,503 ExecutorChannelManagerMap:95 [pool-16-thread-5] - Cannot connnect VM-116<->VM-20
 WARN 07-15 17:55:30,503 ExecutorChannelManagerMap:95 [pool-16-thread-5] - Cannot connnect VM-116<->VM-101
 WARN 07-15 17:55:30,503 ExecutorChannelManagerMap:95 [pool-16-thread-5] - Cannot connnect VM-116<->VM-39
 WARN 07-15 17:55:30,503 ExecutorChannelManagerMap:95 [pool-16-thread-5] - Cannot connnect VM-116<->VM-38
 WARN 07-15 17:55:30,503 ExecutorChannelManagerMap:95 [pool-16-thread-5] - Cannot connnect VM-116<->VM-37
 WARN 07-15 17:55:30,503 ExecutorChannelManagerMap:95 [pool-16-thread-5] - Cannot connnect VM-116<->VM-36
 WARN 07-15 17:55:30,503 ExecutorChannelManagerMap:95 [pool-16-thread-5] - Cannot connnect VM-116<->VM-35
 WARN 07-15 17:55:30,503 ExecutorChannelManagerMap:95 [pool-16-thread-5] - Cannot connnect VM-116<->VM-34
 WARN 07-15 17:55:30,503 ExecutorChannelManagerMap:95 [pool-16-thread-5] - Cannot connnect VM-116<->VM-33
 WARN 07-15 17:55:30,503 ExecutorChannelManagerMap:95 [pool-16-thread-5] - Cannot connnect VM-116<->VM-32
 WARN 07-15 17:55:30,503 ExecutorChannelManagerMap:95 [pool-16-thread-5] - Cannot connnect VM-116<->VM-31
 WARN 07-15 17:55:30,503 ExecutorChannelManagerMap:95 [pool-16-thread-5] - Cannot connnect VM-116<->VM-30
 WARN 07-15 17:55:30,503 ExecutorChannelManagerMap:95 [pool-16-thread-5] - Cannot connnect VM-116<->VM-115
 WARN 07-15 17:55:30,504 ExecutorChannelManagerMap:95 [pool-16-thread-5] - Cannot connnect VM-116<->VM-114
 WARN 07-15 17:55:30,504 ExecutorChannelManagerMap:95 [pool-16-thread-5] - Cannot connnect VM-116<->VM-113
 WARN 07-15 17:55:30,504 ExecutorChannelManagerMap:106 [pool-16-thread-5] - Executor Executor2 already registered
 WARN 07-15 17:55:30,504 ExecutorChannelManagerMap:106 [pool-16-thread-5] - Executor Executor1 already registered
 WARN 07-15 17:55:30,504 ExecutorChannelManagerMap:106 [pool-16-thread-5] - Executor Executor0 already registered
 INFO 07-15 17:55:30,520 Executor$ExecutorMessageReceiver:1433 [pool-16-thread-8] - Executor registered message received VM-89,VM-122,VM-88,VM-121,VM-87,VM-120,VM-86,VM-85,VM-126,VM-84,VM-125,VM-83,VM-124,VM-82,VM-123,VM-81,VM-119,VM-80,VM-118,VM-117,VM-19,VM-18,VM-17,VM-16,VM-15,VM-14,VM-13,VM-12,VM-133,VM-99,VM-11,VM-132,VM-98,VM-10,VM-131,VM-97,VM-130,VM-96,VM-137,VM-95,VM-136,VM-94,VM-135,VM-93,VM-134,VM-92,VM-91,VM-129,VM-90,VM-128,VM-127,VM-140,VM-69,VM-68,VM-67,VM-144,VM-66,VM-143,VM-65,VM-142,VM-64,VM-141,VM-63,VM-148,VM-62,VM-147,VM-61,VM-146,VM-60,VM-145,VM-139,VM-138,VM-151,VM-150,VM-79,VM-78,VM-155,VM-77,VM-154,VM-76,VM-153,VM-75,VM-152,VM-74,VM-159,VM-73,VM-158,VM-72,VM-157,VM-71,VM-156,VM-70,VM-149,VM-49,VM-48,VM-47,VM-160,VM-46,VM-45,VM-6,VM-44,VM-7,VM-43,VM-8,VM-42,VM-9,VM-41,VM-40,VM-59,VM-58,VM-57,VM-56,VM-55,VM-54,VM-53,VM-52,VM-51,VM-50,VM-1,VM-2,VM-3,VM-4,VM-5,VM-29,VM-28,VM-27,VM-26,VM-25,VM-24,VM-100,VM-23,VM-22,Executor4,VM-21,Executor3,VM-20,VM-101,VM-39,VM-38,VM-37,VM-36,VM-35,VM-34,VM-33,VM-32,VM-31,VM-30,VM-115,VM-114,VM-113,VM-112,Executor2,Executor1,Executor0
 WARN 07-15 17:55:30,520 ExecutorChannelManagerMap:95 [pool-16-thread-8] - Cannot connnect VM-116<->VM-89
 WARN 07-15 17:55:30,520 ExecutorChannelManagerMap:95 [pool-16-thread-8] - Cannot connnect VM-116<->VM-122
 WARN 07-15 17:55:30,521 ExecutorChannelManagerMap:95 [pool-16-thread-8] - Cannot connnect VM-116<->VM-88
 WARN 07-15 17:55:30,521 ExecutorChannelManagerMap:95 [pool-16-thread-8] - Cannot connnect VM-116<->VM-121
 WARN 07-15 17:55:30,521 ExecutorChannelManagerMap:95 [pool-16-thread-8] - Cannot connnect VM-116<->VM-87
 WARN 07-15 17:55:30,521 ExecutorChannelManagerMap:95 [pool-16-thread-8] - Cannot connnect VM-116<->VM-120
 WARN 07-15 17:55:30,521 ExecutorChannelManagerMap:95 [pool-16-thread-8] - Cannot connnect VM-116<->VM-86
 WARN 07-15 17:55:30,521 ExecutorChannelManagerMap:95 [pool-16-thread-8] - Cannot connnect VM-116<->VM-85
 WARN 07-15 17:55:30,521 ExecutorChannelManagerMap:95 [pool-16-thread-8] - Cannot connnect VM-116<->VM-126
 WARN 07-15 17:55:30,521 ExecutorChannelManagerMap:95 [pool-16-thread-8] - Cannot connnect VM-116<->VM-84
 WARN 07-15 17:55:30,521 ExecutorChannelManagerMap:95 [pool-16-thread-8] - Cannot connnect VM-116<->VM-125
 WARN 07-15 17:55:30,521 ExecutorChannelManagerMap:95 [pool-16-thread-8] - Cannot connnect VM-116<->VM-83
 WARN 07-15 17:55:30,521 ExecutorChannelManagerMap:95 [pool-16-thread-8] - Cannot connnect VM-116<->VM-124
 WARN 07-15 17:55:30,521 ExecutorChannelManagerMap:95 [pool-16-thread-8] - Cannot connnect VM-116<->VM-82
 WARN 07-15 17:55:30,521 ExecutorChannelManagerMap:95 [pool-16-thread-8] - Cannot connnect VM-116<->VM-123
 WARN 07-15 17:55:30,521 ExecutorChannelManagerMap:95 [pool-16-thread-8] - Cannot connnect VM-116<->VM-81
 WARN 07-15 17:55:30,521 ExecutorChannelManagerMap:95 [pool-16-thread-8] - Cannot connnect VM-116<->VM-119
 WARN 07-15 17:55:30,521 ExecutorChannelManagerMap:95 [pool-16-thread-8] - Cannot connnect VM-116<->VM-80
 WARN 07-15 17:55:30,521 ExecutorChannelManagerMap:95 [pool-16-thread-8] - Cannot connnect VM-116<->VM-118
 WARN 07-15 17:55:30,521 ExecutorChannelManagerMap:95 [pool-16-thread-8] - Cannot connnect VM-116<->VM-117
 WARN 07-15 17:55:30,521 ExecutorChannelManagerMap:95 [pool-16-thread-8] - Cannot connnect VM-116<->VM-19
 WARN 07-15 17:55:30,521 ExecutorChannelManagerMap:95 [pool-16-thread-8] - Cannot connnect VM-116<->VM-18
 WARN 07-15 17:55:30,521 ExecutorChannelManagerMap:95 [pool-16-thread-8] - Cannot connnect VM-116<->VM-17
 WARN 07-15 17:55:30,521 ExecutorChannelManagerMap:95 [pool-16-thread-8] - Cannot connnect VM-116<->VM-16
 WARN 07-15 17:55:30,521 ExecutorChannelManagerMap:95 [pool-16-thread-8] - Cannot connnect VM-116<->VM-15
 WARN 07-15 17:55:30,521 ExecutorChannelManagerMap:95 [pool-16-thread-8] - Cannot connnect VM-116<->VM-14
 WARN 07-15 17:55:30,521 ExecutorChannelManagerMap:95 [pool-16-thread-8] - Cannot connnect VM-116<->VM-13
 WARN 07-15 17:55:30,521 ExecutorChannelManagerMap:95 [pool-16-thread-8] - Cannot connnect VM-116<->VM-12
 WARN 07-15 17:55:30,521 ExecutorChannelManagerMap:95 [pool-16-thread-8] - Cannot connnect VM-116<->VM-133
 WARN 07-15 17:55:30,521 ExecutorChannelManagerMap:95 [pool-16-thread-8] - Cannot connnect VM-116<->VM-99
 WARN 07-15 17:55:30,521 ExecutorChannelManagerMap:95 [pool-16-thread-8] - Cannot connnect VM-116<->VM-11
 WARN 07-15 17:55:30,521 ExecutorChannelManagerMap:95 [pool-16-thread-8] - Cannot connnect VM-116<->VM-132
 WARN 07-15 17:55:30,521 ExecutorChannelManagerMap:95 [pool-16-thread-8] - Cannot connnect VM-116<->VM-98
 WARN 07-15 17:55:30,521 ExecutorChannelManagerMap:95 [pool-16-thread-8] - Cannot connnect VM-116<->VM-10
 WARN 07-15 17:55:30,521 ExecutorChannelManagerMap:95 [pool-16-thread-8] - Cannot connnect VM-116<->VM-131
 WARN 07-15 17:55:30,521 ExecutorChannelManagerMap:95 [pool-16-thread-8] - Cannot connnect VM-116<->VM-97
 WARN 07-15 17:55:30,521 ExecutorChannelManagerMap:95 [pool-16-thread-8] - Cannot connnect VM-116<->VM-130
 WARN 07-15 17:55:30,521 ExecutorChannelManagerMap:95 [pool-16-thread-8] - Cannot connnect VM-116<->VM-96
 WARN 07-15 17:55:30,521 ExecutorChannelManagerMap:95 [pool-16-thread-8] - Cannot connnect VM-116<->VM-137
 WARN 07-15 17:55:30,521 ExecutorChannelManagerMap:95 [pool-16-thread-8] - Cannot connnect VM-116<->VM-95
 WARN 07-15 17:55:30,521 ExecutorChannelManagerMap:95 [pool-16-thread-8] - Cannot connnect VM-116<->VM-136
 WARN 07-15 17:55:30,521 ExecutorChannelManagerMap:95 [pool-16-thread-8] - Cannot connnect VM-116<->VM-94
 WARN 07-15 17:55:30,521 ExecutorChannelManagerMap:95 [pool-16-thread-8] - Cannot connnect VM-116<->VM-135
 WARN 07-15 17:55:30,521 ExecutorChannelManagerMap:95 [pool-16-thread-8] - Cannot connnect VM-116<->VM-93
 WARN 07-15 17:55:30,521 ExecutorChannelManagerMap:95 [pool-16-thread-8] - Cannot connnect VM-116<->VM-134
 WARN 07-15 17:55:30,521 ExecutorChannelManagerMap:95 [pool-16-thread-8] - Cannot connnect VM-116<->VM-92
 WARN 07-15 17:55:30,521 ExecutorChannelManagerMap:95 [pool-16-thread-8] - Cannot connnect VM-116<->VM-91
 WARN 07-15 17:55:30,521 ExecutorChannelManagerMap:95 [pool-16-thread-8] - Cannot connnect VM-116<->VM-129
 WARN 07-15 17:55:30,522 ExecutorChannelManagerMap:95 [pool-16-thread-8] - Cannot connnect VM-116<->VM-90
 WARN 07-15 17:55:30,522 ExecutorChannelManagerMap:95 [pool-16-thread-8] - Cannot connnect VM-116<->VM-128
 WARN 07-15 17:55:30,522 ExecutorChannelManagerMap:95 [pool-16-thread-8] - Cannot connnect VM-116<->VM-127
 WARN 07-15 17:55:30,522 ExecutorChannelManagerMap:95 [pool-16-thread-8] - Cannot connnect VM-116<->VM-140
 WARN 07-15 17:55:30,522 ExecutorChannelManagerMap:95 [pool-16-thread-8] - Cannot connnect VM-116<->VM-69
 WARN 07-15 17:55:30,522 ExecutorChannelManagerMap:95 [pool-16-thread-8] - Cannot connnect VM-116<->VM-68
 WARN 07-15 17:55:30,522 ExecutorChannelManagerMap:95 [pool-16-thread-8] - Cannot connnect VM-116<->VM-67
 WARN 07-15 17:55:30,522 ExecutorChannelManagerMap:95 [pool-16-thread-8] - Cannot connnect VM-116<->VM-144
 WARN 07-15 17:55:30,522 ExecutorChannelManagerMap:95 [pool-16-thread-8] - Cannot connnect VM-116<->VM-66
 WARN 07-15 17:55:30,522 ExecutorChannelManagerMap:95 [pool-16-thread-8] - Cannot connnect VM-116<->VM-143
 WARN 07-15 17:55:30,522 ExecutorChannelManagerMap:95 [pool-16-thread-8] - Cannot connnect VM-116<->VM-65
 WARN 07-15 17:55:30,522 ExecutorChannelManagerMap:95 [pool-16-thread-8] - Cannot connnect VM-116<->VM-142
 WARN 07-15 17:55:30,522 ExecutorChannelManagerMap:95 [pool-16-thread-8] - Cannot connnect VM-116<->VM-64
 WARN 07-15 17:55:30,522 ExecutorChannelManagerMap:95 [pool-16-thread-8] - Cannot connnect VM-116<->VM-141
 WARN 07-15 17:55:30,522 ExecutorChannelManagerMap:95 [pool-16-thread-8] - Cannot connnect VM-116<->VM-63
 WARN 07-15 17:55:30,522 ExecutorChannelManagerMap:95 [pool-16-thread-8] - Cannot connnect VM-116<->VM-148
 WARN 07-15 17:55:30,522 ExecutorChannelManagerMap:95 [pool-16-thread-8] - Cannot connnect VM-116<->VM-62
 WARN 07-15 17:55:30,522 ExecutorChannelManagerMap:95 [pool-16-thread-8] - Cannot connnect VM-116<->VM-147
 WARN 07-15 17:55:30,522 ExecutorChannelManagerMap:95 [pool-16-thread-8] - Cannot connnect VM-116<->VM-61
 WARN 07-15 17:55:30,522 ExecutorChannelManagerMap:95 [pool-16-thread-8] - Cannot connnect VM-116<->VM-146
 WARN 07-15 17:55:30,522 ExecutorChannelManagerMap:95 [pool-16-thread-8] - Cannot connnect VM-116<->VM-60
 WARN 07-15 17:55:30,522 ExecutorChannelManagerMap:95 [pool-16-thread-8] - Cannot connnect VM-116<->VM-145
 WARN 07-15 17:55:30,522 ExecutorChannelManagerMap:95 [pool-16-thread-8] - Cannot connnect VM-116<->VM-139
 WARN 07-15 17:55:30,522 ExecutorChannelManagerMap:95 [pool-16-thread-8] - Cannot connnect VM-116<->VM-138
 WARN 07-15 17:55:30,522 ExecutorChannelManagerMap:95 [pool-16-thread-8] - Cannot connnect VM-116<->VM-151
 WARN 07-15 17:55:30,522 ExecutorChannelManagerMap:95 [pool-16-thread-8] - Cannot connnect VM-116<->VM-150
 WARN 07-15 17:55:30,522 ExecutorChannelManagerMap:95 [pool-16-thread-8] - Cannot connnect VM-116<->VM-79
 WARN 07-15 17:55:30,522 ExecutorChannelManagerMap:95 [pool-16-thread-8] - Cannot connnect VM-116<->VM-78
 WARN 07-15 17:55:30,522 ExecutorChannelManagerMap:95 [pool-16-thread-8] - Cannot connnect VM-116<->VM-155
 WARN 07-15 17:55:30,522 ExecutorChannelManagerMap:95 [pool-16-thread-8] - Cannot connnect VM-116<->VM-77
 WARN 07-15 17:55:30,522 ExecutorChannelManagerMap:95 [pool-16-thread-8] - Cannot connnect VM-116<->VM-154
 WARN 07-15 17:55:30,522 ExecutorChannelManagerMap:95 [pool-16-thread-8] - Cannot connnect VM-116<->VM-76
 WARN 07-15 17:55:30,522 ExecutorChannelManagerMap:95 [pool-16-thread-8] - Cannot connnect VM-116<->VM-153
 WARN 07-15 17:55:30,522 ExecutorChannelManagerMap:95 [pool-16-thread-8] - Cannot connnect VM-116<->VM-75
 WARN 07-15 17:55:30,522 ExecutorChannelManagerMap:95 [pool-16-thread-8] - Cannot connnect VM-116<->VM-152
 WARN 07-15 17:55:30,522 ExecutorChannelManagerMap:95 [pool-16-thread-8] - Cannot connnect VM-116<->VM-74
 WARN 07-15 17:55:30,522 ExecutorChannelManagerMap:95 [pool-16-thread-8] - Cannot connnect VM-116<->VM-159
 WARN 07-15 17:55:30,522 ExecutorChannelManagerMap:95 [pool-16-thread-8] - Cannot connnect VM-116<->VM-73
 WARN 07-15 17:55:30,522 ExecutorChannelManagerMap:95 [pool-16-thread-8] - Cannot connnect VM-116<->VM-158
 WARN 07-15 17:55:30,522 ExecutorChannelManagerMap:95 [pool-16-thread-8] - Cannot connnect VM-116<->VM-72
 WARN 07-15 17:55:30,522 ExecutorChannelManagerMap:95 [pool-16-thread-8] - Cannot connnect VM-116<->VM-157
 WARN 07-15 17:55:30,522 ExecutorChannelManagerMap:95 [pool-16-thread-8] - Cannot connnect VM-116<->VM-71
 WARN 07-15 17:55:30,522 ExecutorChannelManagerMap:95 [pool-16-thread-8] - Cannot connnect VM-116<->VM-156
 WARN 07-15 17:55:30,522 ExecutorChannelManagerMap:95 [pool-16-thread-8] - Cannot connnect VM-116<->VM-70
 WARN 07-15 17:55:30,522 ExecutorChannelManagerMap:95 [pool-16-thread-8] - Cannot connnect VM-116<->VM-149
 WARN 07-15 17:55:30,522 ExecutorChannelManagerMap:95 [pool-16-thread-8] - Cannot connnect VM-116<->VM-49
 WARN 07-15 17:55:30,522 ExecutorChannelManagerMap:95 [pool-16-thread-8] - Cannot connnect VM-116<->VM-48
 WARN 07-15 17:55:30,522 ExecutorChannelManagerMap:95 [pool-16-thread-8] - Cannot connnect VM-116<->VM-47
 WARN 07-15 17:55:30,522 ExecutorChannelManagerMap:95 [pool-16-thread-8] - Cannot connnect VM-116<->VM-160
 WARN 07-15 17:55:30,522 ExecutorChannelManagerMap:95 [pool-16-thread-8] - Cannot connnect VM-116<->VM-46
 WARN 07-15 17:55:30,522 ExecutorChannelManagerMap:95 [pool-16-thread-8] - Cannot connnect VM-116<->VM-45
 WARN 07-15 17:55:30,523 ExecutorChannelManagerMap:95 [pool-16-thread-8] - Cannot connnect VM-116<->VM-6
 WARN 07-15 17:55:30,523 ExecutorChannelManagerMap:95 [pool-16-thread-8] - Cannot connnect VM-116<->VM-44
 WARN 07-15 17:55:30,523 ExecutorChannelManagerMap:95 [pool-16-thread-8] - Cannot connnect VM-116<->VM-7
 WARN 07-15 17:55:30,523 ExecutorChannelManagerMap:95 [pool-16-thread-8] - Cannot connnect VM-116<->VM-43
 WARN 07-15 17:55:30,523 ExecutorChannelManagerMap:95 [pool-16-thread-8] - Cannot connnect VM-116<->VM-8
 WARN 07-15 17:55:30,523 ExecutorChannelManagerMap:95 [pool-16-thread-8] - Cannot connnect VM-116<->VM-42
 WARN 07-15 17:55:30,523 ExecutorChannelManagerMap:95 [pool-16-thread-8] - Cannot connnect VM-116<->VM-9
 WARN 07-15 17:55:30,523 ExecutorChannelManagerMap:95 [pool-16-thread-8] - Cannot connnect VM-116<->VM-41
 WARN 07-15 17:55:30,523 ExecutorChannelManagerMap:95 [pool-16-thread-8] - Cannot connnect VM-116<->VM-40
 WARN 07-15 17:55:30,523 ExecutorChannelManagerMap:95 [pool-16-thread-8] - Cannot connnect VM-116<->VM-59
 WARN 07-15 17:55:30,523 ExecutorChannelManagerMap:95 [pool-16-thread-8] - Cannot connnect VM-116<->VM-58
 WARN 07-15 17:55:30,523 ExecutorChannelManagerMap:95 [pool-16-thread-8] - Cannot connnect VM-116<->VM-57
 WARN 07-15 17:55:30,523 ExecutorChannelManagerMap:95 [pool-16-thread-8] - Cannot connnect VM-116<->VM-56
 WARN 07-15 17:55:30,523 ExecutorChannelManagerMap:95 [pool-16-thread-8] - Cannot connnect VM-116<->VM-55
 WARN 07-15 17:55:30,523 ExecutorChannelManagerMap:95 [pool-16-thread-8] - Cannot connnect VM-116<->VM-54
 WARN 07-15 17:55:30,523 ExecutorChannelManagerMap:95 [pool-16-thread-8] - Cannot connnect VM-116<->VM-53
 WARN 07-15 17:55:30,523 ExecutorChannelManagerMap:95 [pool-16-thread-8] - Cannot connnect VM-116<->VM-52
 WARN 07-15 17:55:30,523 ExecutorChannelManagerMap:95 [pool-16-thread-8] - Cannot connnect VM-116<->VM-51
 WARN 07-15 17:55:30,523 ExecutorChannelManagerMap:95 [pool-16-thread-8] - Cannot connnect VM-116<->VM-50
 WARN 07-15 17:55:30,523 ExecutorChannelManagerMap:95 [pool-16-thread-8] - Cannot connnect VM-116<->VM-1
 WARN 07-15 17:55:30,523 ExecutorChannelManagerMap:95 [pool-16-thread-8] - Cannot connnect VM-116<->VM-2
 WARN 07-15 17:55:30,523 ExecutorChannelManagerMap:95 [pool-16-thread-8] - Cannot connnect VM-116<->VM-3
 WARN 07-15 17:55:30,523 ExecutorChannelManagerMap:95 [pool-16-thread-8] - Cannot connnect VM-116<->VM-4
 WARN 07-15 17:55:30,523 ExecutorChannelManagerMap:95 [pool-16-thread-8] - Cannot connnect VM-116<->VM-5
 WARN 07-15 17:55:30,523 ExecutorChannelManagerMap:95 [pool-16-thread-8] - Cannot connnect VM-116<->VM-29
 WARN 07-15 17:55:30,523 ExecutorChannelManagerMap:95 [pool-16-thread-8] - Cannot connnect VM-116<->VM-28
 WARN 07-15 17:55:30,523 ExecutorChannelManagerMap:95 [pool-16-thread-8] - Cannot connnect VM-116<->VM-27
 WARN 07-15 17:55:30,523 ExecutorChannelManagerMap:95 [pool-16-thread-8] - Cannot connnect VM-116<->VM-26
 WARN 07-15 17:55:30,523 ExecutorChannelManagerMap:95 [pool-16-thread-8] - Cannot connnect VM-116<->VM-25
 WARN 07-15 17:55:30,523 ExecutorChannelManagerMap:95 [pool-16-thread-8] - Cannot connnect VM-116<->VM-24
 WARN 07-15 17:55:30,523 ExecutorChannelManagerMap:95 [pool-16-thread-8] - Cannot connnect VM-116<->VM-100
 WARN 07-15 17:55:30,523 ExecutorChannelManagerMap:95 [pool-16-thread-8] - Cannot connnect VM-116<->VM-23
 WARN 07-15 17:55:30,523 ExecutorChannelManagerMap:95 [pool-16-thread-8] - Cannot connnect VM-116<->VM-22
 WARN 07-15 17:55:30,523 ExecutorChannelManagerMap:106 [pool-16-thread-8] - Executor Executor4 already registered
 WARN 07-15 17:55:30,523 ExecutorChannelManagerMap:95 [pool-16-thread-8] - Cannot connnect VM-116<->VM-21
 WARN 07-15 17:55:30,523 ExecutorChannelManagerMap:106 [pool-16-thread-8] - Executor Executor3 already registered
 WARN 07-15 17:55:30,523 ExecutorChannelManagerMap:95 [pool-16-thread-8] - Cannot connnect VM-116<->VM-20
 INFO 07-15 17:55:30,521 Executor$ExecutorMessageReceiver:1433 [pool-16-thread-5] - Executor registered message received VM-89,VM-122,VM-88,VM-121,VM-87,VM-120,VM-86,VM-85,VM-126,VM-84,VM-125,VM-83,VM-124,VM-82,VM-123,VM-81,VM-119,VM-80,VM-118,VM-117,VM-19,VM-18,VM-17,VM-16,VM-15,VM-14,VM-13,VM-12,VM-133,VM-99,VM-11,VM-132,VM-98,VM-10,VM-131,VM-97,VM-130,VM-96,VM-137,VM-95,VM-136,VM-94,VM-135,VM-93,VM-134,VM-92,VM-91,VM-129,VM-90,VM-128,VM-127,VM-140,VM-69,VM-68,VM-67,VM-144,VM-66,VM-143,VM-65,VM-142,VM-64,VM-141,VM-63,VM-148,VM-62,VM-147,VM-61,VM-146,VM-60,VM-145,VM-139,VM-138,VM-151,VM-150,VM-79,VM-78,VM-155,VM-77,VM-154,VM-76,VM-153,VM-75,VM-152,VM-74,VM-159,VM-73,VM-158,VM-72,VM-157,VM-71,VM-156,VM-70,VM-149,VM-49,VM-48,VM-47,VM-160,VM-46,VM-45,VM-6,VM-44,VM-7,VM-43,VM-8,VM-42,VM-9,VM-41,VM-40,VM-59,VM-58,VM-57,VM-56,VM-55,VM-54,VM-53,VM-52,VM-51,VM-50,VM-1,VM-2,VM-3,VM-4,VM-5,VM-29,VM-28,VM-27,VM-26,VM-25,VM-24,VM-100,VM-23,VM-22,Executor4,VM-21,Executor3,VM-20,VM-101,VM-39,VM-38,VM-37,VM-36,VM-35,VM-34,VM-111,VM-33,VM-32,VM-31,VM-30,VM-115,VM-114,VM-113,VM-112,Executor2,Executor1,Executor0
 WARN 07-15 17:55:30,525 ExecutorChannelManagerMap:95 [pool-16-thread-8] - Cannot connnect VM-116<->VM-101
 WARN 07-15 17:55:30,525 ExecutorChannelManagerMap:95 [pool-16-thread-8] - Cannot connnect VM-116<->VM-39
 WARN 07-15 17:55:30,525 ExecutorChannelManagerMap:95 [pool-16-thread-8] - Cannot connnect VM-116<->VM-38
 WARN 07-15 17:55:30,525 ExecutorChannelManagerMap:95 [pool-16-thread-8] - Cannot connnect VM-116<->VM-37
 WARN 07-15 17:55:30,526 ExecutorChannelManagerMap:95 [pool-16-thread-8] - Cannot connnect VM-116<->VM-36
 WARN 07-15 17:55:30,526 ExecutorChannelManagerMap:95 [pool-16-thread-8] - Cannot connnect VM-116<->VM-35
 WARN 07-15 17:55:30,526 ExecutorChannelManagerMap:95 [pool-16-thread-8] - Cannot connnect VM-116<->VM-34
 WARN 07-15 17:55:30,526 ExecutorChannelManagerMap:95 [pool-16-thread-8] - Cannot connnect VM-116<->VM-33
 WARN 07-15 17:55:30,526 ExecutorChannelManagerMap:95 [pool-16-thread-8] - Cannot connnect VM-116<->VM-32
 WARN 07-15 17:55:30,526 ExecutorChannelManagerMap:95 [pool-16-thread-8] - Cannot connnect VM-116<->VM-31
 WARN 07-15 17:55:30,526 ExecutorChannelManagerMap:95 [pool-16-thread-8] - Cannot connnect VM-116<->VM-30
 WARN 07-15 17:55:30,526 ExecutorChannelManagerMap:95 [pool-16-thread-8] - Cannot connnect VM-116<->VM-115
 WARN 07-15 17:55:30,526 ExecutorChannelManagerMap:95 [pool-16-thread-8] - Cannot connnect VM-116<->VM-114
 WARN 07-15 17:55:30,526 ExecutorChannelManagerMap:95 [pool-16-thread-8] - Cannot connnect VM-116<->VM-113
 WARN 07-15 17:55:30,526 ExecutorChannelManagerMap:95 [pool-16-thread-8] - Cannot connnect VM-116<->VM-112
 WARN 07-15 17:55:30,526 ExecutorChannelManagerMap:106 [pool-16-thread-8] - Executor Executor2 already registered
 WARN 07-15 17:55:30,526 ExecutorChannelManagerMap:106 [pool-16-thread-8] - Executor Executor1 already registered
 WARN 07-15 17:55:30,526 ExecutorChannelManagerMap:106 [pool-16-thread-8] - Executor Executor0 already registered
 WARN 07-15 17:55:30,526 ExecutorChannelManagerMap:95 [pool-16-thread-5] - Cannot connnect VM-116<->VM-89
 WARN 07-15 17:55:30,526 ExecutorChannelManagerMap:95 [pool-16-thread-5] - Cannot connnect VM-116<->VM-122
 WARN 07-15 17:55:30,526 ExecutorChannelManagerMap:95 [pool-16-thread-5] - Cannot connnect VM-116<->VM-88
 WARN 07-15 17:55:30,526 ExecutorChannelManagerMap:95 [pool-16-thread-5] - Cannot connnect VM-116<->VM-121
 WARN 07-15 17:55:30,526 ExecutorChannelManagerMap:95 [pool-16-thread-5] - Cannot connnect VM-116<->VM-87
 WARN 07-15 17:55:30,526 ExecutorChannelManagerMap:95 [pool-16-thread-5] - Cannot connnect VM-116<->VM-120
 WARN 07-15 17:55:30,526 ExecutorChannelManagerMap:95 [pool-16-thread-5] - Cannot connnect VM-116<->VM-86
 WARN 07-15 17:55:30,526 ExecutorChannelManagerMap:95 [pool-16-thread-5] - Cannot connnect VM-116<->VM-85
 WARN 07-15 17:55:30,526 ExecutorChannelManagerMap:95 [pool-16-thread-5] - Cannot connnect VM-116<->VM-126
 WARN 07-15 17:55:30,526 ExecutorChannelManagerMap:95 [pool-16-thread-5] - Cannot connnect VM-116<->VM-84
 WARN 07-15 17:55:30,526 ExecutorChannelManagerMap:95 [pool-16-thread-5] - Cannot connnect VM-116<->VM-125
 WARN 07-15 17:55:30,526 ExecutorChannelManagerMap:95 [pool-16-thread-5] - Cannot connnect VM-116<->VM-83
 WARN 07-15 17:55:30,526 ExecutorChannelManagerMap:95 [pool-16-thread-5] - Cannot connnect VM-116<->VM-124
 WARN 07-15 17:55:30,526 ExecutorChannelManagerMap:95 [pool-16-thread-5] - Cannot connnect VM-116<->VM-82
 WARN 07-15 17:55:30,526 ExecutorChannelManagerMap:95 [pool-16-thread-5] - Cannot connnect VM-116<->VM-123
 WARN 07-15 17:55:30,526 ExecutorChannelManagerMap:95 [pool-16-thread-5] - Cannot connnect VM-116<->VM-81
 WARN 07-15 17:55:30,526 ExecutorChannelManagerMap:95 [pool-16-thread-5] - Cannot connnect VM-116<->VM-119
 WARN 07-15 17:55:30,526 ExecutorChannelManagerMap:95 [pool-16-thread-5] - Cannot connnect VM-116<->VM-80
 WARN 07-15 17:55:30,526 ExecutorChannelManagerMap:95 [pool-16-thread-5] - Cannot connnect VM-116<->VM-118
 WARN 07-15 17:55:30,526 ExecutorChannelManagerMap:95 [pool-16-thread-5] - Cannot connnect VM-116<->VM-117
 WARN 07-15 17:55:30,526 ExecutorChannelManagerMap:95 [pool-16-thread-5] - Cannot connnect VM-116<->VM-19
 WARN 07-15 17:55:30,526 ExecutorChannelManagerMap:95 [pool-16-thread-5] - Cannot connnect VM-116<->VM-18
 WARN 07-15 17:55:30,526 ExecutorChannelManagerMap:95 [pool-16-thread-5] - Cannot connnect VM-116<->VM-17
 WARN 07-15 17:55:30,526 ExecutorChannelManagerMap:95 [pool-16-thread-5] - Cannot connnect VM-116<->VM-16
 WARN 07-15 17:55:30,526 ExecutorChannelManagerMap:95 [pool-16-thread-5] - Cannot connnect VM-116<->VM-15
 WARN 07-15 17:55:30,526 ExecutorChannelManagerMap:95 [pool-16-thread-5] - Cannot connnect VM-116<->VM-14
 WARN 07-15 17:55:30,526 ExecutorChannelManagerMap:95 [pool-16-thread-5] - Cannot connnect VM-116<->VM-13
 WARN 07-15 17:55:30,526 ExecutorChannelManagerMap:95 [pool-16-thread-5] - Cannot connnect VM-116<->VM-12
 WARN 07-15 17:55:30,526 ExecutorChannelManagerMap:95 [pool-16-thread-5] - Cannot connnect VM-116<->VM-133
 WARN 07-15 17:55:30,526 ExecutorChannelManagerMap:95 [pool-16-thread-5] - Cannot connnect VM-116<->VM-99
 WARN 07-15 17:55:30,526 ExecutorChannelManagerMap:95 [pool-16-thread-5] - Cannot connnect VM-116<->VM-11
 WARN 07-15 17:55:30,526 ExecutorChannelManagerMap:95 [pool-16-thread-5] - Cannot connnect VM-116<->VM-132
 WARN 07-15 17:55:30,526 ExecutorChannelManagerMap:95 [pool-16-thread-5] - Cannot connnect VM-116<->VM-98
 WARN 07-15 17:55:30,526 ExecutorChannelManagerMap:95 [pool-16-thread-5] - Cannot connnect VM-116<->VM-10
 WARN 07-15 17:55:30,526 ExecutorChannelManagerMap:95 [pool-16-thread-5] - Cannot connnect VM-116<->VM-131
 WARN 07-15 17:55:30,527 ExecutorChannelManagerMap:95 [pool-16-thread-5] - Cannot connnect VM-116<->VM-97
 WARN 07-15 17:55:30,527 ExecutorChannelManagerMap:95 [pool-16-thread-5] - Cannot connnect VM-116<->VM-130
 WARN 07-15 17:55:30,527 ExecutorChannelManagerMap:95 [pool-16-thread-5] - Cannot connnect VM-116<->VM-96
 WARN 07-15 17:55:30,527 ExecutorChannelManagerMap:95 [pool-16-thread-5] - Cannot connnect VM-116<->VM-137
 WARN 07-15 17:55:30,527 ExecutorChannelManagerMap:95 [pool-16-thread-5] - Cannot connnect VM-116<->VM-95
 WARN 07-15 17:55:30,527 ExecutorChannelManagerMap:95 [pool-16-thread-5] - Cannot connnect VM-116<->VM-136
 WARN 07-15 17:55:30,527 ExecutorChannelManagerMap:95 [pool-16-thread-5] - Cannot connnect VM-116<->VM-94
 WARN 07-15 17:55:30,527 ExecutorChannelManagerMap:95 [pool-16-thread-5] - Cannot connnect VM-116<->VM-135
 WARN 07-15 17:55:30,527 ExecutorChannelManagerMap:95 [pool-16-thread-5] - Cannot connnect VM-116<->VM-93
 WARN 07-15 17:55:30,527 ExecutorChannelManagerMap:95 [pool-16-thread-5] - Cannot connnect VM-116<->VM-134
 WARN 07-15 17:55:30,527 ExecutorChannelManagerMap:95 [pool-16-thread-5] - Cannot connnect VM-116<->VM-92
 WARN 07-15 17:55:30,527 ExecutorChannelManagerMap:95 [pool-16-thread-5] - Cannot connnect VM-116<->VM-91
 WARN 07-15 17:55:30,527 ExecutorChannelManagerMap:95 [pool-16-thread-5] - Cannot connnect VM-116<->VM-129
 WARN 07-15 17:55:30,527 ExecutorChannelManagerMap:95 [pool-16-thread-5] - Cannot connnect VM-116<->VM-90
 WARN 07-15 17:55:30,527 ExecutorChannelManagerMap:95 [pool-16-thread-5] - Cannot connnect VM-116<->VM-128
 WARN 07-15 17:55:30,527 ExecutorChannelManagerMap:95 [pool-16-thread-5] - Cannot connnect VM-116<->VM-127
 WARN 07-15 17:55:30,527 ExecutorChannelManagerMap:95 [pool-16-thread-5] - Cannot connnect VM-116<->VM-140
 WARN 07-15 17:55:30,527 ExecutorChannelManagerMap:95 [pool-16-thread-5] - Cannot connnect VM-116<->VM-69
 WARN 07-15 17:55:30,527 ExecutorChannelManagerMap:95 [pool-16-thread-5] - Cannot connnect VM-116<->VM-68
 WARN 07-15 17:55:30,527 ExecutorChannelManagerMap:95 [pool-16-thread-5] - Cannot connnect VM-116<->VM-67
 WARN 07-15 17:55:30,527 ExecutorChannelManagerMap:95 [pool-16-thread-5] - Cannot connnect VM-116<->VM-144
 WARN 07-15 17:55:30,527 ExecutorChannelManagerMap:95 [pool-16-thread-5] - Cannot connnect VM-116<->VM-66
 WARN 07-15 17:55:30,527 ExecutorChannelManagerMap:95 [pool-16-thread-5] - Cannot connnect VM-116<->VM-143
 WARN 07-15 17:55:30,527 ExecutorChannelManagerMap:95 [pool-16-thread-5] - Cannot connnect VM-116<->VM-65
 WARN 07-15 17:55:30,527 ExecutorChannelManagerMap:95 [pool-16-thread-5] - Cannot connnect VM-116<->VM-142
 WARN 07-15 17:55:30,527 ExecutorChannelManagerMap:95 [pool-16-thread-5] - Cannot connnect VM-116<->VM-64
 WARN 07-15 17:55:30,527 ExecutorChannelManagerMap:95 [pool-16-thread-5] - Cannot connnect VM-116<->VM-141
 WARN 07-15 17:55:30,527 ExecutorChannelManagerMap:95 [pool-16-thread-5] - Cannot connnect VM-116<->VM-63
 WARN 07-15 17:55:30,527 ExecutorChannelManagerMap:95 [pool-16-thread-5] - Cannot connnect VM-116<->VM-148
 WARN 07-15 17:55:30,527 ExecutorChannelManagerMap:95 [pool-16-thread-5] - Cannot connnect VM-116<->VM-62
 WARN 07-15 17:55:30,527 ExecutorChannelManagerMap:95 [pool-16-thread-5] - Cannot connnect VM-116<->VM-147
 WARN 07-15 17:55:30,527 ExecutorChannelManagerMap:95 [pool-16-thread-5] - Cannot connnect VM-116<->VM-61
 WARN 07-15 17:55:30,527 ExecutorChannelManagerMap:95 [pool-16-thread-5] - Cannot connnect VM-116<->VM-146
 WARN 07-15 17:55:30,527 ExecutorChannelManagerMap:95 [pool-16-thread-5] - Cannot connnect VM-116<->VM-60
 WARN 07-15 17:55:30,527 ExecutorChannelManagerMap:95 [pool-16-thread-5] - Cannot connnect VM-116<->VM-145
 WARN 07-15 17:55:30,527 ExecutorChannelManagerMap:95 [pool-16-thread-5] - Cannot connnect VM-116<->VM-139
 WARN 07-15 17:55:30,527 ExecutorChannelManagerMap:95 [pool-16-thread-5] - Cannot connnect VM-116<->VM-138
 WARN 07-15 17:55:30,527 ExecutorChannelManagerMap:95 [pool-16-thread-5] - Cannot connnect VM-116<->VM-151
 WARN 07-15 17:55:30,527 ExecutorChannelManagerMap:95 [pool-16-thread-5] - Cannot connnect VM-116<->VM-150
 WARN 07-15 17:55:30,527 ExecutorChannelManagerMap:95 [pool-16-thread-5] - Cannot connnect VM-116<->VM-79
 WARN 07-15 17:55:30,527 ExecutorChannelManagerMap:95 [pool-16-thread-5] - Cannot connnect VM-116<->VM-78
 WARN 07-15 17:55:30,527 ExecutorChannelManagerMap:95 [pool-16-thread-5] - Cannot connnect VM-116<->VM-155
 WARN 07-15 17:55:30,527 ExecutorChannelManagerMap:95 [pool-16-thread-5] - Cannot connnect VM-116<->VM-77
 WARN 07-15 17:55:30,527 ExecutorChannelManagerMap:95 [pool-16-thread-5] - Cannot connnect VM-116<->VM-154
 WARN 07-15 17:55:30,527 ExecutorChannelManagerMap:95 [pool-16-thread-5] - Cannot connnect VM-116<->VM-76
 WARN 07-15 17:55:30,527 ExecutorChannelManagerMap:95 [pool-16-thread-5] - Cannot connnect VM-116<->VM-153
 WARN 07-15 17:55:30,527 ExecutorChannelManagerMap:95 [pool-16-thread-5] - Cannot connnect VM-116<->VM-75
 WARN 07-15 17:55:30,527 ExecutorChannelManagerMap:95 [pool-16-thread-5] - Cannot connnect VM-116<->VM-152
 WARN 07-15 17:55:30,527 ExecutorChannelManagerMap:95 [pool-16-thread-5] - Cannot connnect VM-116<->VM-74
 WARN 07-15 17:55:30,527 ExecutorChannelManagerMap:95 [pool-16-thread-5] - Cannot connnect VM-116<->VM-159
 WARN 07-15 17:55:30,527 ExecutorChannelManagerMap:95 [pool-16-thread-5] - Cannot connnect VM-116<->VM-73
 WARN 07-15 17:55:30,527 ExecutorChannelManagerMap:95 [pool-16-thread-5] - Cannot connnect VM-116<->VM-158
 WARN 07-15 17:55:30,527 ExecutorChannelManagerMap:95 [pool-16-thread-5] - Cannot connnect VM-116<->VM-72
 WARN 07-15 17:55:30,527 ExecutorChannelManagerMap:95 [pool-16-thread-5] - Cannot connnect VM-116<->VM-157
 WARN 07-15 17:55:30,528 ExecutorChannelManagerMap:95 [pool-16-thread-5] - Cannot connnect VM-116<->VM-71
 WARN 07-15 17:55:30,528 ExecutorChannelManagerMap:95 [pool-16-thread-5] - Cannot connnect VM-116<->VM-156
 WARN 07-15 17:55:30,528 ExecutorChannelManagerMap:95 [pool-16-thread-5] - Cannot connnect VM-116<->VM-70
 WARN 07-15 17:55:30,528 ExecutorChannelManagerMap:95 [pool-16-thread-5] - Cannot connnect VM-116<->VM-149
 WARN 07-15 17:55:30,528 ExecutorChannelManagerMap:95 [pool-16-thread-5] - Cannot connnect VM-116<->VM-49
 WARN 07-15 17:55:30,528 ExecutorChannelManagerMap:95 [pool-16-thread-5] - Cannot connnect VM-116<->VM-48
 WARN 07-15 17:55:30,528 ExecutorChannelManagerMap:95 [pool-16-thread-5] - Cannot connnect VM-116<->VM-47
 WARN 07-15 17:55:30,528 ExecutorChannelManagerMap:95 [pool-16-thread-5] - Cannot connnect VM-116<->VM-160
 WARN 07-15 17:55:30,528 ExecutorChannelManagerMap:95 [pool-16-thread-5] - Cannot connnect VM-116<->VM-46
 WARN 07-15 17:55:30,528 ExecutorChannelManagerMap:95 [pool-16-thread-5] - Cannot connnect VM-116<->VM-45
 WARN 07-15 17:55:30,528 ExecutorChannelManagerMap:95 [pool-16-thread-5] - Cannot connnect VM-116<->VM-6
 WARN 07-15 17:55:30,528 ExecutorChannelManagerMap:95 [pool-16-thread-5] - Cannot connnect VM-116<->VM-44
 WARN 07-15 17:55:30,528 ExecutorChannelManagerMap:95 [pool-16-thread-5] - Cannot connnect VM-116<->VM-7
 WARN 07-15 17:55:30,528 ExecutorChannelManagerMap:95 [pool-16-thread-5] - Cannot connnect VM-116<->VM-43
 WARN 07-15 17:55:30,528 ExecutorChannelManagerMap:95 [pool-16-thread-5] - Cannot connnect VM-116<->VM-8
 WARN 07-15 17:55:30,528 ExecutorChannelManagerMap:95 [pool-16-thread-5] - Cannot connnect VM-116<->VM-42
 WARN 07-15 17:55:30,528 ExecutorChannelManagerMap:95 [pool-16-thread-5] - Cannot connnect VM-116<->VM-9
 WARN 07-15 17:55:30,528 ExecutorChannelManagerMap:95 [pool-16-thread-5] - Cannot connnect VM-116<->VM-41
 WARN 07-15 17:55:30,528 ExecutorChannelManagerMap:95 [pool-16-thread-5] - Cannot connnect VM-116<->VM-40
 WARN 07-15 17:55:30,528 ExecutorChannelManagerMap:95 [pool-16-thread-5] - Cannot connnect VM-116<->VM-59
 WARN 07-15 17:55:30,528 ExecutorChannelManagerMap:95 [pool-16-thread-5] - Cannot connnect VM-116<->VM-58
 WARN 07-15 17:55:30,528 ExecutorChannelManagerMap:95 [pool-16-thread-5] - Cannot connnect VM-116<->VM-57
 WARN 07-15 17:55:30,528 ExecutorChannelManagerMap:95 [pool-16-thread-5] - Cannot connnect VM-116<->VM-56
 WARN 07-15 17:55:30,528 ExecutorChannelManagerMap:95 [pool-16-thread-5] - Cannot connnect VM-116<->VM-55
 WARN 07-15 17:55:30,528 ExecutorChannelManagerMap:95 [pool-16-thread-5] - Cannot connnect VM-116<->VM-54
 WARN 07-15 17:55:30,528 ExecutorChannelManagerMap:95 [pool-16-thread-5] - Cannot connnect VM-116<->VM-53
 WARN 07-15 17:55:30,528 ExecutorChannelManagerMap:95 [pool-16-thread-5] - Cannot connnect VM-116<->VM-52
 WARN 07-15 17:55:30,528 ExecutorChannelManagerMap:95 [pool-16-thread-5] - Cannot connnect VM-116<->VM-51
 WARN 07-15 17:55:30,528 ExecutorChannelManagerMap:95 [pool-16-thread-5] - Cannot connnect VM-116<->VM-50
 WARN 07-15 17:55:30,528 ExecutorChannelManagerMap:95 [pool-16-thread-5] - Cannot connnect VM-116<->VM-1
 WARN 07-15 17:55:30,528 ExecutorChannelManagerMap:95 [pool-16-thread-5] - Cannot connnect VM-116<->VM-2
 WARN 07-15 17:55:30,528 ExecutorChannelManagerMap:95 [pool-16-thread-5] - Cannot connnect VM-116<->VM-3
 WARN 07-15 17:55:30,528 ExecutorChannelManagerMap:95 [pool-16-thread-5] - Cannot connnect VM-116<->VM-4
 WARN 07-15 17:55:30,528 ExecutorChannelManagerMap:95 [pool-16-thread-5] - Cannot connnect VM-116<->VM-5
 WARN 07-15 17:55:30,528 ExecutorChannelManagerMap:95 [pool-16-thread-5] - Cannot connnect VM-116<->VM-29
 WARN 07-15 17:55:30,528 ExecutorChannelManagerMap:95 [pool-16-thread-5] - Cannot connnect VM-116<->VM-28
 WARN 07-15 17:55:30,528 ExecutorChannelManagerMap:95 [pool-16-thread-5] - Cannot connnect VM-116<->VM-27
 WARN 07-15 17:55:30,528 ExecutorChannelManagerMap:95 [pool-16-thread-5] - Cannot connnect VM-116<->VM-26
 WARN 07-15 17:55:30,528 ExecutorChannelManagerMap:95 [pool-16-thread-5] - Cannot connnect VM-116<->VM-25
 WARN 07-15 17:55:30,528 ExecutorChannelManagerMap:95 [pool-16-thread-5] - Cannot connnect VM-116<->VM-24
 WARN 07-15 17:55:30,528 ExecutorChannelManagerMap:95 [pool-16-thread-5] - Cannot connnect VM-116<->VM-100
 WARN 07-15 17:55:30,528 ExecutorChannelManagerMap:95 [pool-16-thread-5] - Cannot connnect VM-116<->VM-23
 WARN 07-15 17:55:30,528 ExecutorChannelManagerMap:95 [pool-16-thread-5] - Cannot connnect VM-116<->VM-22
 WARN 07-15 17:55:30,528 ExecutorChannelManagerMap:106 [pool-16-thread-5] - Executor Executor4 already registered
 WARN 07-15 17:55:30,528 ExecutorChannelManagerMap:95 [pool-16-thread-5] - Cannot connnect VM-116<->VM-21
 WARN 07-15 17:55:30,528 ExecutorChannelManagerMap:106 [pool-16-thread-5] - Executor Executor3 already registered
 WARN 07-15 17:55:30,528 ExecutorChannelManagerMap:95 [pool-16-thread-5] - Cannot connnect VM-116<->VM-20
 WARN 07-15 17:55:30,528 ExecutorChannelManagerMap:95 [pool-16-thread-5] - Cannot connnect VM-116<->VM-101
 WARN 07-15 17:55:30,528 ExecutorChannelManagerMap:95 [pool-16-thread-5] - Cannot connnect VM-116<->VM-39
 WARN 07-15 17:55:30,528 ExecutorChannelManagerMap:95 [pool-16-thread-5] - Cannot connnect VM-116<->VM-38
 WARN 07-15 17:55:30,528 ExecutorChannelManagerMap:95 [pool-16-thread-5] - Cannot connnect VM-116<->VM-37
 WARN 07-15 17:55:30,528 ExecutorChannelManagerMap:95 [pool-16-thread-5] - Cannot connnect VM-116<->VM-36
 WARN 07-15 17:55:30,528 ExecutorChannelManagerMap:95 [pool-16-thread-5] - Cannot connnect VM-116<->VM-35
 WARN 07-15 17:55:30,528 ExecutorChannelManagerMap:95 [pool-16-thread-5] - Cannot connnect VM-116<->VM-34
 WARN 07-15 17:55:30,528 ExecutorChannelManagerMap:95 [pool-16-thread-5] - Cannot connnect VM-116<->VM-111
 WARN 07-15 17:55:30,529 ExecutorChannelManagerMap:95 [pool-16-thread-5] - Cannot connnect VM-116<->VM-33
 WARN 07-15 17:55:30,529 ExecutorChannelManagerMap:95 [pool-16-thread-5] - Cannot connnect VM-116<->VM-32
 WARN 07-15 17:55:30,529 ExecutorChannelManagerMap:95 [pool-16-thread-5] - Cannot connnect VM-116<->VM-31
 WARN 07-15 17:55:30,529 ExecutorChannelManagerMap:95 [pool-16-thread-5] - Cannot connnect VM-116<->VM-30
 WARN 07-15 17:55:30,529 ExecutorChannelManagerMap:95 [pool-16-thread-5] - Cannot connnect VM-116<->VM-115
 WARN 07-15 17:55:30,529 ExecutorChannelManagerMap:95 [pool-16-thread-5] - Cannot connnect VM-116<->VM-114
 WARN 07-15 17:55:30,529 ExecutorChannelManagerMap:95 [pool-16-thread-5] - Cannot connnect VM-116<->VM-113
 WARN 07-15 17:55:30,529 ExecutorChannelManagerMap:95 [pool-16-thread-5] - Cannot connnect VM-116<->VM-112
 WARN 07-15 17:55:30,529 ExecutorChannelManagerMap:106 [pool-16-thread-5] - Executor Executor2 already registered
 WARN 07-15 17:55:30,529 ExecutorChannelManagerMap:106 [pool-16-thread-5] - Executor Executor1 already registered
 WARN 07-15 17:55:30,529 ExecutorChannelManagerMap:106 [pool-16-thread-5] - Executor Executor0 already registered
 INFO 07-15 17:55:30,529 Executor$ExecutorMessageReceiver:1433 [pool-16-thread-13] - Executor registered message received VM-89,VM-122,VM-88,VM-121,VM-87,VM-120,VM-86,VM-85,VM-126,VM-84,VM-125,VM-83,VM-124,VM-82,VM-123,VM-81,VM-119,VM-80,VM-118,VM-117,VM-19,VM-18,VM-17,VM-16,VM-15,VM-14,VM-13,VM-12,VM-133,VM-99,VM-11,VM-132,VM-98,VM-10,VM-131,VM-97,VM-130,VM-96,VM-137,VM-95,VM-136,VM-94,VM-135,VM-93,VM-134,VM-92,VM-91,VM-129,VM-90,VM-128,VM-127,VM-140,VM-69,VM-68,VM-67,VM-144,VM-66,VM-143,VM-65,VM-142,VM-64,VM-141,VM-63,VM-148,VM-62,VM-147,VM-61,VM-146,VM-60,VM-145,VM-139,VM-138,VM-151,VM-150,VM-79,VM-78,VM-155,VM-77,VM-154,VM-76,VM-153,VM-75,VM-152,VM-74,VM-159,VM-73,VM-158,VM-72,VM-157,VM-71,VM-156,VM-70,VM-149,VM-49,VM-48,VM-47,VM-160,VM-46,VM-45,VM-6,VM-44,VM-7,VM-43,VM-8,VM-42,VM-9,VM-41,VM-40,VM-59,VM-58,VM-57,VM-56,VM-55,VM-54,VM-53,VM-52,VM-51,VM-50,VM-1,VM-2,VM-3,VM-4,VM-5,VM-29,VM-28,VM-27,VM-26,VM-25,VM-24,VM-100,VM-23,VM-22,Executor4,VM-21,Executor3,VM-20,VM-101,VM-39,VM-38,VM-37,VM-36,VM-35,VM-34,VM-111,VM-33,VM-110,VM-32,VM-31,VM-30,VM-115,VM-114,VM-113,VM-112,Executor2,Executor1,Executor0
 WARN 07-15 17:55:30,529 ExecutorChannelManagerMap:95 [pool-16-thread-13] - Cannot connnect VM-116<->VM-89
 WARN 07-15 17:55:30,529 ExecutorChannelManagerMap:95 [pool-16-thread-13] - Cannot connnect VM-116<->VM-122
 WARN 07-15 17:55:30,529 ExecutorChannelManagerMap:95 [pool-16-thread-13] - Cannot connnect VM-116<->VM-88
 WARN 07-15 17:55:30,529 ExecutorChannelManagerMap:95 [pool-16-thread-13] - Cannot connnect VM-116<->VM-121
 WARN 07-15 17:55:30,529 ExecutorChannelManagerMap:95 [pool-16-thread-13] - Cannot connnect VM-116<->VM-87
 WARN 07-15 17:55:30,529 ExecutorChannelManagerMap:95 [pool-16-thread-13] - Cannot connnect VM-116<->VM-120
 WARN 07-15 17:55:30,529 ExecutorChannelManagerMap:95 [pool-16-thread-13] - Cannot connnect VM-116<->VM-86
 WARN 07-15 17:55:30,529 ExecutorChannelManagerMap:95 [pool-16-thread-13] - Cannot connnect VM-116<->VM-85
 WARN 07-15 17:55:30,529 ExecutorChannelManagerMap:95 [pool-16-thread-13] - Cannot connnect VM-116<->VM-126
 WARN 07-15 17:55:30,529 ExecutorChannelManagerMap:95 [pool-16-thread-13] - Cannot connnect VM-116<->VM-84
 WARN 07-15 17:55:30,529 ExecutorChannelManagerMap:95 [pool-16-thread-13] - Cannot connnect VM-116<->VM-125
 WARN 07-15 17:55:30,529 ExecutorChannelManagerMap:95 [pool-16-thread-13] - Cannot connnect VM-116<->VM-83
 WARN 07-15 17:55:30,529 ExecutorChannelManagerMap:95 [pool-16-thread-13] - Cannot connnect VM-116<->VM-124
 WARN 07-15 17:55:30,529 ExecutorChannelManagerMap:95 [pool-16-thread-13] - Cannot connnect VM-116<->VM-82
 WARN 07-15 17:55:30,529 ExecutorChannelManagerMap:95 [pool-16-thread-13] - Cannot connnect VM-116<->VM-123
 WARN 07-15 17:55:30,529 ExecutorChannelManagerMap:95 [pool-16-thread-13] - Cannot connnect VM-116<->VM-81
 WARN 07-15 17:55:30,529 ExecutorChannelManagerMap:95 [pool-16-thread-13] - Cannot connnect VM-116<->VM-119
 WARN 07-15 17:55:30,529 ExecutorChannelManagerMap:95 [pool-16-thread-13] - Cannot connnect VM-116<->VM-80
 WARN 07-15 17:55:30,529 ExecutorChannelManagerMap:95 [pool-16-thread-13] - Cannot connnect VM-116<->VM-118
 WARN 07-15 17:55:30,529 ExecutorChannelManagerMap:95 [pool-16-thread-13] - Cannot connnect VM-116<->VM-117
 WARN 07-15 17:55:30,529 ExecutorChannelManagerMap:95 [pool-16-thread-13] - Cannot connnect VM-116<->VM-19
 WARN 07-15 17:55:30,529 ExecutorChannelManagerMap:95 [pool-16-thread-13] - Cannot connnect VM-116<->VM-18
 WARN 07-15 17:55:30,529 ExecutorChannelManagerMap:95 [pool-16-thread-13] - Cannot connnect VM-116<->VM-17
 WARN 07-15 17:55:30,529 ExecutorChannelManagerMap:95 [pool-16-thread-13] - Cannot connnect VM-116<->VM-16
 WARN 07-15 17:55:30,529 ExecutorChannelManagerMap:95 [pool-16-thread-13] - Cannot connnect VM-116<->VM-15
 WARN 07-15 17:55:30,529 ExecutorChannelManagerMap:95 [pool-16-thread-13] - Cannot connnect VM-116<->VM-14
 WARN 07-15 17:55:30,529 ExecutorChannelManagerMap:95 [pool-16-thread-13] - Cannot connnect VM-116<->VM-13
 WARN 07-15 17:55:30,529 ExecutorChannelManagerMap:95 [pool-16-thread-13] - Cannot connnect VM-116<->VM-12
 WARN 07-15 17:55:30,529 ExecutorChannelManagerMap:95 [pool-16-thread-13] - Cannot connnect VM-116<->VM-133
 WARN 07-15 17:55:30,530 ExecutorChannelManagerMap:95 [pool-16-thread-13] - Cannot connnect VM-116<->VM-99
 WARN 07-15 17:55:30,530 ExecutorChannelManagerMap:95 [pool-16-thread-13] - Cannot connnect VM-116<->VM-11
 WARN 07-15 17:55:30,530 ExecutorChannelManagerMap:95 [pool-16-thread-13] - Cannot connnect VM-116<->VM-132
 WARN 07-15 17:55:30,530 ExecutorChannelManagerMap:95 [pool-16-thread-13] - Cannot connnect VM-116<->VM-98
 WARN 07-15 17:55:30,530 ExecutorChannelManagerMap:95 [pool-16-thread-13] - Cannot connnect VM-116<->VM-10
 WARN 07-15 17:55:30,530 ExecutorChannelManagerMap:95 [pool-16-thread-13] - Cannot connnect VM-116<->VM-131
 WARN 07-15 17:55:30,530 ExecutorChannelManagerMap:95 [pool-16-thread-13] - Cannot connnect VM-116<->VM-97
 WARN 07-15 17:55:30,530 ExecutorChannelManagerMap:95 [pool-16-thread-13] - Cannot connnect VM-116<->VM-130
 WARN 07-15 17:55:30,530 ExecutorChannelManagerMap:95 [pool-16-thread-13] - Cannot connnect VM-116<->VM-96
 WARN 07-15 17:55:30,530 ExecutorChannelManagerMap:95 [pool-16-thread-13] - Cannot connnect VM-116<->VM-137
 WARN 07-15 17:55:30,530 ExecutorChannelManagerMap:95 [pool-16-thread-13] - Cannot connnect VM-116<->VM-95
 WARN 07-15 17:55:30,530 ExecutorChannelManagerMap:95 [pool-16-thread-13] - Cannot connnect VM-116<->VM-136
 WARN 07-15 17:55:30,530 ExecutorChannelManagerMap:95 [pool-16-thread-13] - Cannot connnect VM-116<->VM-94
 WARN 07-15 17:55:30,530 ExecutorChannelManagerMap:95 [pool-16-thread-13] - Cannot connnect VM-116<->VM-135
 WARN 07-15 17:55:30,530 ExecutorChannelManagerMap:95 [pool-16-thread-13] - Cannot connnect VM-116<->VM-93
 WARN 07-15 17:55:30,530 ExecutorChannelManagerMap:95 [pool-16-thread-13] - Cannot connnect VM-116<->VM-134
 WARN 07-15 17:55:30,530 ExecutorChannelManagerMap:95 [pool-16-thread-13] - Cannot connnect VM-116<->VM-92
 WARN 07-15 17:55:30,530 ExecutorChannelManagerMap:95 [pool-16-thread-13] - Cannot connnect VM-116<->VM-91
 WARN 07-15 17:55:30,530 ExecutorChannelManagerMap:95 [pool-16-thread-13] - Cannot connnect VM-116<->VM-129
 WARN 07-15 17:55:30,530 ExecutorChannelManagerMap:95 [pool-16-thread-13] - Cannot connnect VM-116<->VM-90
 WARN 07-15 17:55:30,530 ExecutorChannelManagerMap:95 [pool-16-thread-13] - Cannot connnect VM-116<->VM-128
 WARN 07-15 17:55:30,530 ExecutorChannelManagerMap:95 [pool-16-thread-13] - Cannot connnect VM-116<->VM-127
 WARN 07-15 17:55:30,530 ExecutorChannelManagerMap:95 [pool-16-thread-13] - Cannot connnect VM-116<->VM-140
 WARN 07-15 17:55:30,530 ExecutorChannelManagerMap:95 [pool-16-thread-13] - Cannot connnect VM-116<->VM-69
 WARN 07-15 17:55:30,530 ExecutorChannelManagerMap:95 [pool-16-thread-13] - Cannot connnect VM-116<->VM-68
 WARN 07-15 17:55:30,530 ExecutorChannelManagerMap:95 [pool-16-thread-13] - Cannot connnect VM-116<->VM-67
 WARN 07-15 17:55:30,530 ExecutorChannelManagerMap:95 [pool-16-thread-13] - Cannot connnect VM-116<->VM-144
 WARN 07-15 17:55:30,530 ExecutorChannelManagerMap:95 [pool-16-thread-13] - Cannot connnect VM-116<->VM-66
 WARN 07-15 17:55:30,530 ExecutorChannelManagerMap:95 [pool-16-thread-13] - Cannot connnect VM-116<->VM-143
 WARN 07-15 17:55:30,530 ExecutorChannelManagerMap:95 [pool-16-thread-13] - Cannot connnect VM-116<->VM-65
 WARN 07-15 17:55:30,530 ExecutorChannelManagerMap:95 [pool-16-thread-13] - Cannot connnect VM-116<->VM-142
 WARN 07-15 17:55:30,530 ExecutorChannelManagerMap:95 [pool-16-thread-13] - Cannot connnect VM-116<->VM-64
 WARN 07-15 17:55:30,530 ExecutorChannelManagerMap:95 [pool-16-thread-13] - Cannot connnect VM-116<->VM-141
 WARN 07-15 17:55:30,530 ExecutorChannelManagerMap:95 [pool-16-thread-13] - Cannot connnect VM-116<->VM-63
 WARN 07-15 17:55:30,530 ExecutorChannelManagerMap:95 [pool-16-thread-13] - Cannot connnect VM-116<->VM-148
 WARN 07-15 17:55:30,530 ExecutorChannelManagerMap:95 [pool-16-thread-13] - Cannot connnect VM-116<->VM-62
 WARN 07-15 17:55:30,530 ExecutorChannelManagerMap:95 [pool-16-thread-13] - Cannot connnect VM-116<->VM-147
 WARN 07-15 17:55:30,530 ExecutorChannelManagerMap:95 [pool-16-thread-13] - Cannot connnect VM-116<->VM-61
 WARN 07-15 17:55:30,530 ExecutorChannelManagerMap:95 [pool-16-thread-13] - Cannot connnect VM-116<->VM-146
 WARN 07-15 17:55:30,530 ExecutorChannelManagerMap:95 [pool-16-thread-13] - Cannot connnect VM-116<->VM-60
 WARN 07-15 17:55:30,530 ExecutorChannelManagerMap:95 [pool-16-thread-13] - Cannot connnect VM-116<->VM-145
 WARN 07-15 17:55:30,530 ExecutorChannelManagerMap:95 [pool-16-thread-13] - Cannot connnect VM-116<->VM-139
 WARN 07-15 17:55:30,530 ExecutorChannelManagerMap:95 [pool-16-thread-13] - Cannot connnect VM-116<->VM-138
 WARN 07-15 17:55:30,530 ExecutorChannelManagerMap:95 [pool-16-thread-13] - Cannot connnect VM-116<->VM-151
 WARN 07-15 17:55:30,530 ExecutorChannelManagerMap:95 [pool-16-thread-13] - Cannot connnect VM-116<->VM-150
 WARN 07-15 17:55:30,530 ExecutorChannelManagerMap:95 [pool-16-thread-13] - Cannot connnect VM-116<->VM-79
 WARN 07-15 17:55:30,530 ExecutorChannelManagerMap:95 [pool-16-thread-13] - Cannot connnect VM-116<->VM-78
 WARN 07-15 17:55:30,530 ExecutorChannelManagerMap:95 [pool-16-thread-13] - Cannot connnect VM-116<->VM-155
 WARN 07-15 17:55:30,530 ExecutorChannelManagerMap:95 [pool-16-thread-13] - Cannot connnect VM-116<->VM-77
 WARN 07-15 17:55:30,530 ExecutorChannelManagerMap:95 [pool-16-thread-13] - Cannot connnect VM-116<->VM-154
 WARN 07-15 17:55:30,530 ExecutorChannelManagerMap:95 [pool-16-thread-13] - Cannot connnect VM-116<->VM-76
 WARN 07-15 17:55:30,530 ExecutorChannelManagerMap:95 [pool-16-thread-13] - Cannot connnect VM-116<->VM-153
 WARN 07-15 17:55:30,530 ExecutorChannelManagerMap:95 [pool-16-thread-13] - Cannot connnect VM-116<->VM-75
 WARN 07-15 17:55:30,531 ExecutorChannelManagerMap:95 [pool-16-thread-13] - Cannot connnect VM-116<->VM-152
 WARN 07-15 17:55:30,531 ExecutorChannelManagerMap:95 [pool-16-thread-13] - Cannot connnect VM-116<->VM-74
 WARN 07-15 17:55:30,531 ExecutorChannelManagerMap:95 [pool-16-thread-13] - Cannot connnect VM-116<->VM-159
 WARN 07-15 17:55:30,531 ExecutorChannelManagerMap:95 [pool-16-thread-13] - Cannot connnect VM-116<->VM-73
 WARN 07-15 17:55:30,531 ExecutorChannelManagerMap:95 [pool-16-thread-13] - Cannot connnect VM-116<->VM-158
 WARN 07-15 17:55:30,531 ExecutorChannelManagerMap:95 [pool-16-thread-13] - Cannot connnect VM-116<->VM-72
 WARN 07-15 17:55:30,531 ExecutorChannelManagerMap:95 [pool-16-thread-13] - Cannot connnect VM-116<->VM-157
 WARN 07-15 17:55:30,531 ExecutorChannelManagerMap:95 [pool-16-thread-13] - Cannot connnect VM-116<->VM-71
 WARN 07-15 17:55:30,531 ExecutorChannelManagerMap:95 [pool-16-thread-13] - Cannot connnect VM-116<->VM-156
 WARN 07-15 17:55:30,531 ExecutorChannelManagerMap:95 [pool-16-thread-13] - Cannot connnect VM-116<->VM-70
 WARN 07-15 17:55:30,531 ExecutorChannelManagerMap:95 [pool-16-thread-13] - Cannot connnect VM-116<->VM-149
 WARN 07-15 17:55:30,531 ExecutorChannelManagerMap:95 [pool-16-thread-13] - Cannot connnect VM-116<->VM-49
 WARN 07-15 17:55:30,531 ExecutorChannelManagerMap:95 [pool-16-thread-13] - Cannot connnect VM-116<->VM-48
 WARN 07-15 17:55:30,531 ExecutorChannelManagerMap:95 [pool-16-thread-13] - Cannot connnect VM-116<->VM-47
 WARN 07-15 17:55:30,531 ExecutorChannelManagerMap:95 [pool-16-thread-13] - Cannot connnect VM-116<->VM-160
 WARN 07-15 17:55:30,531 ExecutorChannelManagerMap:95 [pool-16-thread-13] - Cannot connnect VM-116<->VM-46
 WARN 07-15 17:55:30,531 ExecutorChannelManagerMap:95 [pool-16-thread-13] - Cannot connnect VM-116<->VM-45
 WARN 07-15 17:55:30,531 ExecutorChannelManagerMap:95 [pool-16-thread-13] - Cannot connnect VM-116<->VM-6
 WARN 07-15 17:55:30,531 ExecutorChannelManagerMap:95 [pool-16-thread-13] - Cannot connnect VM-116<->VM-44
 WARN 07-15 17:55:30,531 ExecutorChannelManagerMap:95 [pool-16-thread-13] - Cannot connnect VM-116<->VM-7
 WARN 07-15 17:55:30,531 ExecutorChannelManagerMap:95 [pool-16-thread-13] - Cannot connnect VM-116<->VM-43
 WARN 07-15 17:55:30,531 ExecutorChannelManagerMap:95 [pool-16-thread-13] - Cannot connnect VM-116<->VM-8
 WARN 07-15 17:55:30,531 ExecutorChannelManagerMap:95 [pool-16-thread-13] - Cannot connnect VM-116<->VM-42
 WARN 07-15 17:55:30,531 ExecutorChannelManagerMap:95 [pool-16-thread-13] - Cannot connnect VM-116<->VM-9
 WARN 07-15 17:55:30,531 ExecutorChannelManagerMap:95 [pool-16-thread-13] - Cannot connnect VM-116<->VM-41
 WARN 07-15 17:55:30,531 ExecutorChannelManagerMap:95 [pool-16-thread-13] - Cannot connnect VM-116<->VM-40
 WARN 07-15 17:55:30,531 ExecutorChannelManagerMap:95 [pool-16-thread-13] - Cannot connnect VM-116<->VM-59
 WARN 07-15 17:55:30,531 ExecutorChannelManagerMap:95 [pool-16-thread-13] - Cannot connnect VM-116<->VM-58
 WARN 07-15 17:55:30,531 ExecutorChannelManagerMap:95 [pool-16-thread-13] - Cannot connnect VM-116<->VM-57
 WARN 07-15 17:55:30,531 ExecutorChannelManagerMap:95 [pool-16-thread-13] - Cannot connnect VM-116<->VM-56
 WARN 07-15 17:55:30,531 ExecutorChannelManagerMap:95 [pool-16-thread-13] - Cannot connnect VM-116<->VM-55
 WARN 07-15 17:55:30,531 ExecutorChannelManagerMap:95 [pool-16-thread-13] - Cannot connnect VM-116<->VM-54
 WARN 07-15 17:55:30,531 ExecutorChannelManagerMap:95 [pool-16-thread-13] - Cannot connnect VM-116<->VM-53
 WARN 07-15 17:55:30,531 ExecutorChannelManagerMap:95 [pool-16-thread-13] - Cannot connnect VM-116<->VM-52
 WARN 07-15 17:55:30,531 ExecutorChannelManagerMap:95 [pool-16-thread-13] - Cannot connnect VM-116<->VM-51
 WARN 07-15 17:55:30,531 ExecutorChannelManagerMap:95 [pool-16-thread-13] - Cannot connnect VM-116<->VM-50
 WARN 07-15 17:55:30,531 ExecutorChannelManagerMap:95 [pool-16-thread-13] - Cannot connnect VM-116<->VM-1
 WARN 07-15 17:55:30,531 ExecutorChannelManagerMap:95 [pool-16-thread-13] - Cannot connnect VM-116<->VM-2
 WARN 07-15 17:55:30,531 ExecutorChannelManagerMap:95 [pool-16-thread-13] - Cannot connnect VM-116<->VM-3
 WARN 07-15 17:55:30,531 ExecutorChannelManagerMap:95 [pool-16-thread-13] - Cannot connnect VM-116<->VM-4
 WARN 07-15 17:55:30,531 ExecutorChannelManagerMap:95 [pool-16-thread-13] - Cannot connnect VM-116<->VM-5
 WARN 07-15 17:55:30,531 ExecutorChannelManagerMap:95 [pool-16-thread-13] - Cannot connnect VM-116<->VM-29
 WARN 07-15 17:55:30,531 ExecutorChannelManagerMap:95 [pool-16-thread-13] - Cannot connnect VM-116<->VM-28
 WARN 07-15 17:55:30,531 ExecutorChannelManagerMap:95 [pool-16-thread-13] - Cannot connnect VM-116<->VM-27
 WARN 07-15 17:55:30,531 ExecutorChannelManagerMap:95 [pool-16-thread-13] - Cannot connnect VM-116<->VM-26
 WARN 07-15 17:55:30,531 ExecutorChannelManagerMap:95 [pool-16-thread-13] - Cannot connnect VM-116<->VM-25
 WARN 07-15 17:55:30,531 ExecutorChannelManagerMap:95 [pool-16-thread-13] - Cannot connnect VM-116<->VM-24
 WARN 07-15 17:55:30,531 ExecutorChannelManagerMap:95 [pool-16-thread-13] - Cannot connnect VM-116<->VM-100
 WARN 07-15 17:55:30,531 ExecutorChannelManagerMap:95 [pool-16-thread-13] - Cannot connnect VM-116<->VM-23
 WARN 07-15 17:55:30,531 ExecutorChannelManagerMap:95 [pool-16-thread-13] - Cannot connnect VM-116<->VM-22
 WARN 07-15 17:55:30,531 ExecutorChannelManagerMap:106 [pool-16-thread-13] - Executor Executor4 already registered
 WARN 07-15 17:55:30,531 ExecutorChannelManagerMap:95 [pool-16-thread-13] - Cannot connnect VM-116<->VM-21
 WARN 07-15 17:55:30,531 ExecutorChannelManagerMap:106 [pool-16-thread-13] - Executor Executor3 already registered
 WARN 07-15 17:55:30,531 ExecutorChannelManagerMap:95 [pool-16-thread-13] - Cannot connnect VM-116<->VM-20
 WARN 07-15 17:55:30,531 ExecutorChannelManagerMap:95 [pool-16-thread-13] - Cannot connnect VM-116<->VM-101
 WARN 07-15 17:55:30,531 ExecutorChannelManagerMap:95 [pool-16-thread-13] - Cannot connnect VM-116<->VM-39
 WARN 07-15 17:55:30,531 ExecutorChannelManagerMap:95 [pool-16-thread-13] - Cannot connnect VM-116<->VM-38
 WARN 07-15 17:55:30,531 ExecutorChannelManagerMap:95 [pool-16-thread-13] - Cannot connnect VM-116<->VM-37
 WARN 07-15 17:55:30,532 ExecutorChannelManagerMap:95 [pool-16-thread-13] - Cannot connnect VM-116<->VM-36
 WARN 07-15 17:55:30,532 ExecutorChannelManagerMap:95 [pool-16-thread-13] - Cannot connnect VM-116<->VM-35
 WARN 07-15 17:55:30,532 ExecutorChannelManagerMap:95 [pool-16-thread-13] - Cannot connnect VM-116<->VM-34
 WARN 07-15 17:55:30,532 ExecutorChannelManagerMap:95 [pool-16-thread-13] - Cannot connnect VM-116<->VM-111
 WARN 07-15 17:55:30,532 ExecutorChannelManagerMap:95 [pool-16-thread-13] - Cannot connnect VM-116<->VM-33
 WARN 07-15 17:55:30,532 ExecutorChannelManagerMap:95 [pool-16-thread-13] - Cannot connnect VM-116<->VM-110
 WARN 07-15 17:55:30,532 ExecutorChannelManagerMap:95 [pool-16-thread-13] - Cannot connnect VM-116<->VM-32
 WARN 07-15 17:55:30,532 ExecutorChannelManagerMap:95 [pool-16-thread-13] - Cannot connnect VM-116<->VM-31
 WARN 07-15 17:55:30,532 ExecutorChannelManagerMap:95 [pool-16-thread-13] - Cannot connnect VM-116<->VM-30
 WARN 07-15 17:55:30,532 ExecutorChannelManagerMap:95 [pool-16-thread-13] - Cannot connnect VM-116<->VM-115
 WARN 07-15 17:55:30,532 ExecutorChannelManagerMap:95 [pool-16-thread-13] - Cannot connnect VM-116<->VM-114
 WARN 07-15 17:55:30,532 ExecutorChannelManagerMap:95 [pool-16-thread-13] - Cannot connnect VM-116<->VM-113
 WARN 07-15 17:55:30,532 ExecutorChannelManagerMap:95 [pool-16-thread-13] - Cannot connnect VM-116<->VM-112
 WARN 07-15 17:55:30,532 ExecutorChannelManagerMap:106 [pool-16-thread-13] - Executor Executor2 already registered
 WARN 07-15 17:55:30,532 ExecutorChannelManagerMap:106 [pool-16-thread-13] - Executor Executor1 already registered
 WARN 07-15 17:55:30,532 ExecutorChannelManagerMap:106 [pool-16-thread-13] - Executor Executor0 already registered
 INFO 07-15 17:55:30,552 SystemLoadProfiler:50 [pool-8-thread-1] - Average CPU Load: 0.03 in VM-116
 INFO 07-15 17:55:30,552 TaskEventRateCalculator:114 [pool-8-thread-1] - ---- Start of task processed event (# tasks: 0 in executor VM-116)----
----- End of taks processed event ----

 INFO 07-15 17:55:30,552 CpuBottleneckDetectorImpl:63 [pool-8-thread-1] - Current cpu load: 0.03, # processed events: 0, consecutive: 0/2, threshold: 0.9 in VM-116
 INFO 07-15 17:55:31,552 SystemLoadProfiler:50 [pool-8-thread-1] - Average CPU Load: 0.02 in VM-116
 INFO 07-15 17:55:31,552 TaskEventRateCalculator:114 [pool-8-thread-1] - ---- Start of task processed event (# tasks: 0 in executor VM-116)----
----- End of taks processed event ----

 INFO 07-15 17:55:31,552 CpuBottleneckDetectorImpl:63 [pool-8-thread-1] - Current cpu load: 0.02, # processed events: 0, consecutive: 0/2, threshold: 0.9 in VM-116
 INFO 07-15 17:55:32,552 SystemLoadProfiler:50 [pool-8-thread-1] - Average CPU Load: 0.02 in VM-116
 INFO 07-15 17:55:32,552 TaskEventRateCalculator:114 [pool-8-thread-1] - ---- Start of task processed event (# tasks: 0 in executor VM-116)----
----- End of taks processed event ----

 INFO 07-15 17:55:32,552 CpuBottleneckDetectorImpl:63 [pool-8-thread-1] - Current cpu load: 0.02, # processed events: 0, consecutive: 0/2, threshold: 0.9 in VM-116
 INFO 07-15 17:55:33,552 SystemLoadProfiler:50 [pool-8-thread-1] - Average CPU Load: 0.02 in VM-116
 INFO 07-15 17:55:33,552 TaskEventRateCalculator:114 [pool-8-thread-1] - ---- Start of task processed event (# tasks: 0 in executor VM-116)----
----- End of taks processed event ----

 INFO 07-15 17:55:33,552 CpuBottleneckDetectorImpl:63 [pool-8-thread-1] - Current cpu load: 0.02, # processed events: 0, consecutive: 0/2, threshold: 0.9 in VM-116
 INFO 07-15 17:55:34,552 SystemLoadProfiler:50 [pool-8-thread-1] - Average CPU Load: 0.02 in VM-116
 INFO 07-15 17:55:34,552 TaskEventRateCalculator:114 [pool-8-thread-1] - ---- Start of task processed event (# tasks: 0 in executor VM-116)----
----- End of taks processed event ----

 INFO 07-15 17:55:34,552 CpuBottleneckDetectorImpl:63 [pool-8-thread-1] - Current cpu load: 0.02, # processed events: 0, consecutive: 0/2, threshold: 0.9 in VM-116
 INFO 07-15 17:55:35,552 SystemLoadProfiler:50 [pool-8-thread-1] - Average CPU Load: 0.02 in VM-116
 INFO 07-15 17:55:35,552 TaskEventRateCalculator:114 [pool-8-thread-1] - ---- Start of task processed event (# tasks: 0 in executor VM-116)----
----- End of taks processed event ----

 INFO 07-15 17:55:35,552 CpuBottleneckDetectorImpl:63 [pool-8-thread-1] - Current cpu load: 0.02, # processed events: 0, consecutive: 0/2, threshold: 0.9 in VM-116
 INFO 07-15 17:55:36,552 SystemLoadProfiler:50 [pool-8-thread-1] - Average CPU Load: 0.02 in VM-116
 INFO 07-15 17:55:36,552 TaskEventRateCalculator:114 [pool-8-thread-1] - ---- Start of task processed event (# tasks: 0 in executor VM-116)----
----- End of taks processed event ----

 INFO 07-15 17:55:36,552 CpuBottleneckDetectorImpl:63 [pool-8-thread-1] - Current cpu load: 0.02, # processed events: 0, consecutive: 0/2, threshold: 0.9 in VM-116
 INFO 07-15 17:55:37,552 SystemLoadProfiler:50 [pool-8-thread-1] - Average CPU Load: 0.02 in VM-116
 INFO 07-15 17:55:37,552 TaskEventRateCalculator:114 [pool-8-thread-1] - ---- Start of task processed event (# tasks: 0 in executor VM-116)----
----- End of taks processed event ----

 INFO 07-15 17:55:37,552 CpuBottleneckDetectorImpl:63 [pool-8-thread-1] - Current cpu load: 0.02, # processed events: 0, consecutive: 0/2, threshold: 0.9 in VM-116
 INFO 07-15 17:55:38,552 SystemLoadProfiler:50 [pool-8-thread-1] - Average CPU Load: 0.02 in VM-116
 INFO 07-15 17:55:38,552 TaskEventRateCalculator:114 [pool-8-thread-1] - ---- Start of task processed event (# tasks: 0 in executor VM-116)----
----- End of taks processed event ----

 INFO 07-15 17:55:38,552 CpuBottleneckDetectorImpl:63 [pool-8-thread-1] - Current cpu load: 0.02, # processed events: 0, consecutive: 0/2, threshold: 0.9 in VM-116
 INFO 07-15 17:55:39,412 Executor$ExecutorMessageReceiver:1217 [pool-16-thread-13] - Task scheduled Stage3-1-0,VM-79 received at VM-116
 INFO 07-15 17:55:39,420 Executor$ExecutorMessageReceiver:1217 [pool-16-thread-13] - Task scheduled Stage3-2-0,VM-78 received at VM-116
 INFO 07-15 17:55:39,425 Executor$ExecutorMessageReceiver:1217 [pool-16-thread-13] - Task scheduled Stage3-3-0,VM-112 received at VM-116
 INFO 07-15 17:55:39,543 Executor$ExecutorMessageReceiver:1217 [pool-16-thread-13] - Task scheduled Stage3-0-0,VM-111 received at VM-116
 INFO 07-15 17:55:39,552 SystemLoadProfiler:50 [pool-8-thread-1] - Average CPU Load: 0.02 in VM-116
 INFO 07-15 17:55:39,552 TaskEventRateCalculator:114 [pool-8-thread-1] - ---- Start of task processed event (# tasks: 0 in executor VM-116)----
----- End of taks processed event ----

 INFO 07-15 17:55:39,552 CpuBottleneckDetectorImpl:63 [pool-8-thread-1] - Current cpu load: 0.02, # processed events: 0, consecutive: 0/2, threshold: 0.9 in VM-116
 INFO 07-15 17:55:40,551 SystemLoadProfiler:50 [pool-8-thread-1] - Average CPU Load: 0.24 in VM-116
 INFO 07-15 17:55:40,552 TaskEventRateCalculator:114 [pool-8-thread-1] - ---- Start of task processed event (# tasks: 0 in executor VM-116)----
----- End of taks processed event ----

 INFO 07-15 17:55:40,552 CpuBottleneckDetectorImpl:63 [pool-8-thread-1] - Current cpu load: 0.24, # processed events: 0, consecutive: 0/2, threshold: 0.9 in VM-116
 INFO 07-15 17:55:41,259 Task:459 [pool-16-thread-13] - Writing data: edge: edge23, Task Stage2-0-0, Dest [0, 1, 2, 3]
 INFO 07-15 17:55:41,267 Task:511 [pool-16-thread-13] - Writing data: edge: edge15, Task Stage2-0-0, Dest [0, 1, 2, 3]
 INFO 07-15 17:55:41,267 Task:511 [pool-16-thread-13] - Writing data: edge: edge16, Task Stage2-0-0, Dest [0, 1, 2, 3]
 INFO 07-15 17:55:41,268 Task:107 [pool-16-thread-13] - Task Stage2-0-0 scheduled ... upstreamTasks [[Stage1-0-0, Stage1-1-0, Stage1-2-0, Stage1-3-0], [Stage1-0-0, Stage1-1-0, Stage1-2-0, Stage1-3-0]]
 INFO 07-15 17:55:41,270 Executor$ExecutorMessageReceiver:1489 [pool-16-thread-13] - Task Stage2-0-0 received in executor VM-116, serialized time 1292
 INFO 07-15 17:55:41,270 Executor:645 [pool-16-thread-13] - Executor [VM-116] received Task [Stage2-0-0] to execute.
 INFO 07-15 17:55:41,270 Executor:659 [pool-16-thread-13] - Task Stage2-0-0 irDag deser time 0
 INFO 07-15 17:55:41,272 Executor:730 [pool-16-thread-13] - Registering serializer manager in Stage2-0-0 edge edge15: NemoEventEncoderFactory{valueEncoderFactory=org.apache.beam.sdk.util.WindowedValue$FullWindowedValueCoder}, NemoEventDecoderFactory{valueDecoderFactory=org.apache.beam.sdk.util.WindowedValue$FullWindowedValueCoder}
 INFO 07-15 17:55:41,273 Executor:730 [pool-16-thread-13] - Registering serializer manager in Stage2-0-0 edge edge16: NemoEventEncoderFactory{valueEncoderFactory=org.apache.beam.sdk.util.WindowedValue$FullWindowedValueCoder}, NemoEventDecoderFactory{valueDecoderFactory=org.apache.beam.sdk.util.WindowedValue$FullWindowedValueCoder}
 INFO 07-15 17:55:41,274 Executor:759 [pool-16-thread-13] - VM-116 Launch task: Stage2-0-0, edge register time 4
 INFO 07-15 17:55:41,276 Executor:1013 [pool-16-thread-13] - DefaultTaskExecutor for Stage2-0-0
 INFO 07-15 17:55:41,288 SingleStageWatermarkTracker:232 [pool-16-thread-13] - Decoding single stage watermark tracker in Stage2-0-0 watermarks: [1784138133290, 1784138133290, 1784138133290, 1784138133290] ,stoppedWmarks: 0, minWatermarkIndex: 1784138133290,prevEmitWatermark: {} 
 INFO 07-15 17:55:41,289 SingleStageWatermarkTracker:232 [pool-16-thread-13] - Decoding single stage watermark tracker in Stage2-0-0 watermarks: [1784138133290, 1784138133290, 1784138133290, 1784138133290] ,stoppedWmarks: 0, minWatermarkIndex: 1784138133290,prevEmitWatermark: {} 
 INFO 07-15 17:55:41,289 DefaultTaskExecutorImpl:187 [pool-16-thread-13] - Task Stage2-0-0 watermark manager restore time 7
 INFO 07-15 17:55:41,289 DefaultTaskExecutorImpl:198 [pool-16-thread-13] - Source vertex data fetchers in defaultTaskExecutorimpl: []
 INFO 07-15 17:55:41,289 DefaultTaskExecutorImpl:384 [pool-16-thread-13] - Start to registering input output pipe Stage2-0-0
 INFO 07-15 17:55:41,289 DefaultTaskExecutorImpl:387 [pool-16-thread-13] - Task outgoing edge for Stage2-0-0 {"runtimeEdgeId":"edge23","executionProperties":{"org.apache.nemo.common.ir.edge.executionproperty.DataPersistenceProperty":"Keep","org.apache.nemo.common.ir.edge.executionproperty.DecompressionProperty":"None","org.apache.nemo.common.ir.edge.executionproperty.KeyExtractorProperty":"org.apache.nemo.compiler.frontend.beam.BeamKeyExtractor@845","org.apache.nemo.common.ir.edge.executionproperty.EncoderProperty":"org.apache.beam.sdk.util.WindowedValue$FullWindowedValueCoder","org.apache.nemo.common.ir.edge.executionproperty.KeyDecoderProperty":"org.apache.beam.sdk.coders.VarLongCoder","org.apache.nemo.common.ir.edge.executionproperty.DecoderProperty":"org.apache.beam.sdk.util.WindowedValue$FullWindowedValueCoder","org.apache.nemo.common.ir.edge.executionproperty.DataStoreProperty":"Pipe","org.apache.nemo.common.ir.edge.executionproperty.CompressionProperty":"None","org.apache.nemo.common.ir.edge.executionproperty.KeyEncoderProperty":"org.apache.beam.sdk.coders.VarLongCoder","org.apache.nemo.common.ir.edge.executionproperty.PartitionerProperty":"Pair[Hash,0]","org.apache.nemo.common.ir.edge.executionproperty.DataFlowProperty":"Pull","org.apache.nemo.common.ir.edge.executionproperty.CommunicationPatternProperty":"Shuffle"},"externalSrcVertexId":"vertex23","externalDstVertexId":"vertex26"}
 INFO 07-15 17:55:41,291 DefaultTaskExecutorImpl:401 [pool-16-thread-13] - Registering pipe for output edges in Stage2-0-0, parallelism 4
 INFO 07-15 17:55:41,291 TaskExecutorUtil:136 [pool-16-thread-13] - Writing data: edge: edge23, Task Stage2-0-0, Dest [0, 1, 2, 3]
 INFO 07-15 17:55:41,292 PipeIndexMapWorker:74 [pool-16-thread-13] - Request pipe index for Stage3-0-0/edge23/Stage2-0-0 in {}
 INFO 07-15 17:55:41,297 PipeIndexMapWorker:74 [pool-16-thread-13] - Request pipe index for Stage2-0-0/edge23/Stage3-0-0 in {}
 INFO 07-15 17:55:41,300 PipeIndexMapWorker:74 [pool-16-thread-13] - Request pipe index for Stage3-1-0/edge23/Stage2-0-0 in {}
 INFO 07-15 17:55:41,302 PipeIndexMapWorker:74 [pool-16-thread-13] - Request pipe index for Stage2-0-0/edge23/Stage3-1-0 in {}
 INFO 07-15 17:55:41,304 PipeIndexMapWorker:74 [pool-16-thread-13] - Request pipe index for Stage3-2-0/edge23/Stage2-0-0 in {}
 INFO 07-15 17:55:41,304 PipeIndexMapWorker:74 [pool-16-thread-13] - Request pipe index for Stage2-0-0/edge23/Stage3-2-0 in {}
 INFO 07-15 17:55:41,306 PipeIndexMapWorker:74 [pool-16-thread-13] - Request pipe index for Stage3-3-0/edge23/Stage2-0-0 in {}
 INFO 07-15 17:55:41,308 PipeIndexMapWorker:74 [pool-16-thread-13] - Request pipe index for Stage2-0-0/edge23/Stage3-3-0 in {}
 INFO 07-15 17:55:41,309 DefaultTaskExecutorImpl:413 [pool-16-thread-13] - End of task outgoing edge for Stage2-0-0 {"runtimeEdgeId":"edge23","executionProperties":{"org.apache.nemo.common.ir.edge.executionproperty.DataPersistenceProperty":"Keep","org.apache.nemo.common.ir.edge.executionproperty.DecompressionProperty":"None","org.apache.nemo.common.ir.edge.executionproperty.KeyExtractorProperty":"org.apache.nemo.compiler.frontend.beam.BeamKeyExtractor@845","org.apache.nemo.common.ir.edge.executionproperty.EncoderProperty":"org.apache.beam.sdk.util.WindowedValue$FullWindowedValueCoder","org.apache.nemo.common.ir.edge.executionproperty.KeyDecoderProperty":"org.apache.beam.sdk.coders.VarLongCoder","org.apache.nemo.common.ir.edge.executionproperty.DecoderProperty":"org.apache.beam.sdk.util.WindowedValue$FullWindowedValueCoder","org.apache.nemo.common.ir.edge.executionproperty.DataStoreProperty":"Pipe","org.apache.nemo.common.ir.edge.executionproperty.CompressionProperty":"None","org.apache.nemo.common.ir.edge.executionproperty.KeyEncoderProperty":"org.apache.beam.sdk.coders.VarLongCoder","org.apache.nemo.common.ir.edge.executionproperty.PartitionerProperty":"Pair[Hash,0]","org.apache.nemo.common.ir.edge.executionproperty.DataFlowProperty":"Pull","org.apache.nemo.common.ir.edge.executionproperty.CommunicationPatternProperty":"Shuffle"},"externalSrcVertexId":"vertex23","externalDstVertexId":"vertex26"}
 INFO 07-15 17:55:41,313 DefaultTaskExecutorImpl:416 [pool-16-thread-13] - Task Stage2-0-0 registering pipe time: 24
 INFO 07-15 17:55:41,321 DefaultTaskExecutorImpl:430 [pool-16-thread-13] - Vertex vertex23 isGBK false isPushback false, WindowFnTransform / []org.apache.beam.sdk.transforms.windowing.Window$Assign / timestampCombiner=EARLIEST
[]org.apache.beam.sdk.transforms.windowing.Window$Assign / allowedLateness=0
[]org.apache.beam.sdk.transforms.windowing.Window$Assign / accumulationMode=ACCUMULATING_FIRED_PANES
[]org.apache.beam.sdk.transforms.windowing.Window$Assign / trigger=Repeatedly.forever(AfterPane.elementCountAtLeast(1))
[]org.apache.beam.sdk.transforms.windowing.Window$Assign / windowFn=org.apache.beam.sdk.transforms.windowing.GlobalWindows
 INFO 07-15 17:55:41,321 DefaultTaskExecutorImpl:455 [pool-16-thread-13] - Sink vertex: vertex23
 INFO 07-15 17:55:41,321 DefaultTaskExecutorImpl:430 [pool-16-thread-13] - Vertex vertex22 isGBK false isPushback false, 1276091433 / DoFnTransform / []org.apache.nemo.compiler.frontend.beam.PipelineTranslator / name=Query6/Query6.Rekey/ParMultiDo(Anonymous)
 INFO 07-15 17:55:41,322 DefaultTaskExecutorImpl:430 [pool-16-thread-13] - Vertex vertex21 isGBK false isPushback false, 2048585450 / DoFnTransform / []org.apache.nemo.compiler.frontend.beam.PipelineTranslator / name=Query6/Query6.WinningBids/Query6.WinningBids.Join/ParMultiDo(Anonymous)
 INFO 07-15 17:55:41,322 DefaultTaskExecutorImpl:430 [pool-16-thread-13] - Vertex vertex20 isGBK false isPushback false, 206956083 / DoFnTransform / []org.apache.nemo.compiler.frontend.beam.PipelineTranslator / name=Query6/Query6.WinningBids/CoGroupByKey/ConstructCoGbkResultFn/ParMultiDo(ConstructCoGbkResult)
 INFO 07-15 17:55:41,322 DefaultTaskExecutorImpl:430 [pool-16-thread-13] - Vertex vertex19 isGBK true isPushback false, 407015861 / GBKFinalTransform / 
 INFO 07-15 17:55:41,322 DefaultTaskExecutorImpl:438 [pool-16-thread-13] - Vertex 407015861 / GBKFinalTransform /  transform {}
 INFO 07-15 17:55:41,322 DefaultTaskExecutorImpl:440 [pool-16-thread-13] - Set final transform 407015861 / GBKFinalTransform / 
 INFO 07-15 17:55:41,322 DefaultTaskExecutorImpl:430 [pool-16-thread-13] - Vertex vertex16 isGBK false isPushback false, FlattenTransform:org.apache.nemo.compiler.frontend.beam.transform.FlattenTransform@68059b90
 INFO 07-15 17:55:41,326 TaskExecutorUtil:534 [pool-16-thread-13] - Set expected watermark map for vertex {"runtimeEdgeId":"edge23","executionProperties":{"org.apache.nemo.common.ir.edge.executionproperty.DataPersistenceProperty":"Keep","org.apache.nemo.common.ir.edge.executionproperty.DecompressionProperty":"None","org.apache.nemo.common.ir.edge.executionproperty.KeyExtractorProperty":"org.apache.nemo.compiler.frontend.beam.BeamKeyExtractor@845","org.apache.nemo.common.ir.edge.executionproperty.EncoderProperty":"org.apache.beam.sdk.util.WindowedValue$FullWindowedValueCoder","org.apache.nemo.common.ir.edge.executionproperty.KeyDecoderProperty":"org.apache.beam.sdk.coders.VarLongCoder","org.apache.nemo.common.ir.edge.executionproperty.DecoderProperty":"org.apache.beam.sdk.util.WindowedValue$FullWindowedValueCoder","org.apache.nemo.common.ir.edge.executionproperty.DataStoreProperty":"Pipe","org.apache.nemo.common.ir.edge.executionproperty.CompressionProperty":"None","org.apache.nemo.common.ir.edge.executionproperty.KeyEncoderProperty":"org.apache.beam.sdk.coders.VarLongCoder","org.apache.nemo.common.ir.edge.executionproperty.PartitionerProperty":"Pair[Hash,0]","org.apache.nemo.common.ir.edge.executionproperty.DataFlowProperty":"Pull","org.apache.nemo.common.ir.edge.executionproperty.CommunicationPatternProperty":"Shuffle"},"externalSrcVertexId":"vertex23","externalDstVertexId":"vertex26"}
 INFO 07-15 17:55:41,328 PipeOutputWriter:86 [pool-16-thread-13] - Partitioner for Stage2-0-0: org.apache.nemo.common.partitioner.HashPartitioner@2b41a500
 INFO 07-15 17:55:41,329 PipeOutputWriter:194 [pool-16-thread-13] - Start - doInitialize() {"runtimeEdgeId":"edge23","executionProperties":{"org.apache.nemo.common.ir.edge.executionproperty.DataPersistenceProperty":"Keep","org.apache.nemo.common.ir.edge.executionproperty.DecompressionProperty":"None","org.apache.nemo.common.ir.edge.executionproperty.KeyExtractorProperty":"org.apache.nemo.compiler.frontend.beam.BeamKeyExtractor@845","org.apache.nemo.common.ir.edge.executionproperty.EncoderProperty":"org.apache.beam.sdk.util.WindowedValue$FullWindowedValueCoder","org.apache.nemo.common.ir.edge.executionproperty.KeyDecoderProperty":"org.apache.beam.sdk.coders.VarLongCoder","org.apache.nemo.common.ir.edge.executionproperty.DecoderProperty":"org.apache.beam.sdk.util.WindowedValue$FullWindowedValueCoder","org.apache.nemo.common.ir.edge.executionproperty.DataStoreProperty":"Pipe","org.apache.nemo.common.ir.edge.executionproperty.CompressionProperty":"None","org.apache.nemo.common.ir.edge.executionproperty.KeyEncoderProperty":"org.apache.beam.sdk.coders.VarLongCoder","org.apache.nemo.common.ir.edge.executionproperty.PartitionerProperty":"Pair[Hash,0]","org.apache.nemo.common.ir.edge.executionproperty.DataFlowProperty":"Pull","org.apache.nemo.common.ir.edge.executionproperty.CommunicationPatternProperty":"Shuffle"},"externalSrcVertexId":"vertex23","externalDstVertexId":"vertex26"}
 INFO 07-15 17:55:41,329 PipeOutputWriter:221 [pool-16-thread-13] - Writing data: edge: edge23, Task Stage2-0-0, Dest [0, 1, 2, 3]
 INFO 07-15 17:55:41,332 OperatorVertexOutputCollector:109 [pool-16-thread-13] - Vertex vertex23 is sink false
 INFO 07-15 17:55:41,332 DefaultOutputCollectorGeneratorImpl:67 [pool-16-thread-13] - Operator vertex22 -> vertex23
 INFO 07-15 17:55:41,334 OperatorVertexOutputCollector:109 [pool-16-thread-13] - Vertex vertex22 is sink false
 INFO 07-15 17:55:41,551 SystemLoadProfiler:50 [pool-8-thread-1] - Average CPU Load: 0.38 in VM-116
 INFO 07-15 17:55:41,552 TaskEventRateCalculator:114 [pool-8-thread-1] - ---- Start of task processed event (# tasks: 0 in executor VM-116)----
----- End of taks processed event ----

 INFO 07-15 17:55:41,552 CpuBottleneckDetectorImpl:63 [pool-8-thread-1] - Current cpu load: 0.38, # processed events: 0, consecutive: 0/2, threshold: 0.9 in VM-116
 INFO 07-15 17:55:41,624 DefaultOutputCollectorGeneratorImpl:67 [pool-16-thread-13] - Operator vertex21 -> vertex22
 INFO 07-15 17:55:41,624 OperatorVertexOutputCollector:109 [pool-16-thread-13] - Vertex vertex21 is sink false
 INFO 07-15 17:55:41,668 DefaultOutputCollectorGeneratorImpl:67 [pool-16-thread-13] - Operator vertex20 -> vertex21
 INFO 07-15 17:55:41,668 OperatorVertexOutputCollector:109 [pool-16-thread-13] - Vertex vertex20 is sink false
 INFO 07-15 17:55:41,686 DefaultOutputCollectorGeneratorImpl:67 [pool-16-thread-13] - Operator vertex19 -> vertex20
 INFO 07-15 17:55:41,686 OperatorVertexOutputCollector:109 [pool-16-thread-13] - Vertex vertex19 is sink false
 INFO 07-15 17:55:41,943 InMemoryStateInternalsFactoryCoder:84 [pool-16-thread-13] - Coder size: 5
WARNING: An illegal reflective access operation has occurred
WARNING: Illegal reflective access by org.nustaq.serialization.FSTClazzInfo (file:/tmp/nemo-cloudlab-offload/nemo-client.jar) to field java.lang.String.value
WARNING: Please consider reporting this to the maintainers of org.nustaq.serialization.FSTClazzInfo
WARNING: Use --illegal-access=warn to enable warnings of further illegal reflective access operations
WARNING: All illegal access operations will be denied in a future release
 INFO 07-15 17:55:42,095 Executor$ExecutorMessageReceiver:1217 [pool-16-thread-5] - Task scheduled Stage2-3-0,VM-77 received at VM-116
 INFO 07-15 17:55:42,096 Executor$ExecutorMessageReceiver:1217 [pool-16-thread-5] - Task scheduled Stage2-1-0,VM-76 received at VM-116
 INFO 07-15 17:55:42,119 Executor$ExecutorMessageReceiver:1217 [pool-16-thread-5] - Task scheduled Stage2-2-0,VM-110 received at VM-116
 INFO 07-15 17:55:42,287 GBKFinalStateCoder:78 [pool-16-thread-13] - Decoding time: timer: 206, state: 346, keyWatermark: 0
 INFO 07-15 17:55:42,288 GBKFinalTransform:280 [pool-16-thread-13] - State decoding byte 4976218, time 599, numKey 2638, Restored size 857 for Stage2-0-0 in VM-116
 INFO 07-15 17:55:42,311 DefaultOutputCollectorGeneratorImpl:67 [pool-16-thread-13] - Operator vertex16 -> vertex19
 INFO 07-15 17:55:42,311 OperatorVertexOutputCollector:109 [pool-16-thread-13] - Vertex vertex16 is sink false
 INFO 07-15 17:55:42,311 DefaultTaskExecutorImpl:557 [pool-16-thread-13] - End of source vertex prepare Stage2-0-0
 INFO 07-15 17:55:42,312 DefaultTaskExecutorImpl:566 [pool-16-thread-13] - Incoming edge: {"runtimeEdgeId":"edge15","executionProperties":{"org.apache.nemo.common.ir.edge.executionproperty.DataPersistenceProperty":"Keep","org.apache.nemo.common.ir.edge.executionproperty.DecompressionProperty":"None","org.apache.nemo.common.ir.edge.executionproperty.KeyExtractorProperty":"org.apache.nemo.compiler.frontend.beam.BeamKeyExtractor@845","org.apache.nemo.common.ir.edge.executionproperty.EncoderProperty":"org.apache.beam.sdk.util.WindowedValue$FullWindowedValueCoder","org.apache.nemo.common.ir.edge.executionproperty.KeyDecoderProperty":"org.apache.beam.sdk.coders.VarLongCoder","org.apache.nemo.common.ir.edge.executionproperty.DecoderProperty":"org.apache.beam.sdk.util.WindowedValue$FullWindowedValueCoder","org.apache.nemo.common.ir.edge.executionproperty.DataStoreProperty":"Pipe","org.apache.nemo.common.ir.edge.executionproperty.CompressionProperty":"None","org.apache.nemo.common.ir.edge.executionproperty.KeyEncoderProperty":"org.apache.beam.sdk.coders.VarLongCoder","org.apache.nemo.common.ir.edge.executionproperty.PartitionerProperty":"Pair[Hash,0]","org.apache.nemo.common.ir.edge.executionproperty.DataFlowProperty":"Pull","org.apache.nemo.common.ir.edge.executionproperty.CommunicationPatternProperty":"Shuffle"},"externalSrcVertexId":"vertex14","externalDstVertexId":"vertex16"}, taskIndex: 0, taskId: Stage2-0-0
 INFO 07-15 17:55:42,312 DefaultTaskExecutorImpl:605 [pool-16-thread-13] - Registering pipe for input edges edge15 in Stage2-0-0, parallelism 4
 INFO 07-15 17:55:42,313 TaskExecutorUtil:102 [pool-16-thread-13] - Writing data: edge: edge15, Task Stage2-0-0, Dest [0, 1, 2, 3]
 INFO 07-15 17:55:42,313 PipeIndexMapWorker:74 [pool-16-thread-13] - Request pipe index for Stage1-0-0/edge15/Stage2-0-0 in {}
 INFO 07-15 17:55:42,314 PipeIndexMapWorker:74 [pool-16-thread-13] - Request pipe index for Stage2-0-0/edge15/Stage1-0-0 in {}
 INFO 07-15 17:55:42,316 PipeIndexMapWorker:74 [pool-16-thread-13] - Request pipe index for Stage1-1-0/edge15/Stage2-0-0 in {}
 INFO 07-15 17:55:42,318 PipeIndexMapWorker:74 [pool-16-thread-13] - Request pipe index for Stage2-0-0/edge15/Stage1-1-0 in {}
 INFO 07-15 17:55:42,320 PipeIndexMapWorker:74 [pool-16-thread-13] - Request pipe index for Stage1-2-0/edge15/Stage2-0-0 in {}
 INFO 07-15 17:55:42,321 PipeIndexMapWorker:74 [pool-16-thread-13] - Request pipe index for Stage2-0-0/edge15/Stage1-2-0 in {}
 INFO 07-15 17:55:42,323 PipeIndexMapWorker:74 [pool-16-thread-13] - Request pipe index for Stage1-3-0/edge15/Stage2-0-0 in {}
 INFO 07-15 17:55:42,325 PipeIndexMapWorker:74 [pool-16-thread-13] - Request pipe index for Stage2-0-0/edge15/Stage1-3-0 in {}
 INFO 07-15 17:55:42,329 DefaultTaskExecutorImpl:566 [pool-16-thread-13] - Incoming edge: {"runtimeEdgeId":"edge16","executionProperties":{"org.apache.nemo.common.ir.edge.executionproperty.DataPersistenceProperty":"Keep","org.apache.nemo.common.ir.edge.executionproperty.DecompressionProperty":"None","org.apache.nemo.common.ir.edge.executionproperty.KeyExtractorProperty":"org.apache.nemo.compiler.frontend.beam.BeamKeyExtractor@845","org.apache.nemo.common.ir.edge.executionproperty.EncoderProperty":"org.apache.beam.sdk.util.WindowedValue$FullWindowedValueCoder","org.apache.nemo.common.ir.edge.executionproperty.KeyDecoderProperty":"org.apache.beam.sdk.coders.VarLongCoder","org.apache.nemo.common.ir.edge.executionproperty.DecoderProperty":"org.apache.beam.sdk.util.WindowedValue$FullWindowedValueCoder","org.apache.nemo.common.ir.edge.executionproperty.DataStoreProperty":"Pipe","org.apache.nemo.common.ir.edge.executionproperty.CompressionProperty":"None","org.apache.nemo.common.ir.edge.executionproperty.KeyEncoderProperty":"org.apache.beam.sdk.coders.VarLongCoder","org.apache.nemo.common.ir.edge.executionproperty.PartitionerProperty":"Pair[Hash,0]","org.apache.nemo.common.ir.edge.executionproperty.DataFlowProperty":"Pull","org.apache.nemo.common.ir.edge.executionproperty.CommunicationPatternProperty":"Shuffle"},"externalSrcVertexId":"vertex15","externalDstVertexId":"vertex16"}, taskIndex: 0, taskId: Stage2-0-0
 INFO 07-15 17:55:42,329 DefaultTaskExecutorImpl:605 [pool-16-thread-13] - Registering pipe for input edges edge16 in Stage2-0-0, parallelism 4
 INFO 07-15 17:55:42,329 TaskExecutorUtil:102 [pool-16-thread-13] - Writing data: edge: edge16, Task Stage2-0-0, Dest [0, 1, 2, 3]
 INFO 07-15 17:55:42,332 PipeIndexMapWorker:74 [pool-16-thread-13] - Request pipe index for Stage1-0-0/edge16/Stage2-0-0 in {}
 INFO 07-15 17:55:42,333 PipeIndexMapWorker:74 [pool-16-thread-13] - Request pipe index for Stage2-0-0/edge16/Stage1-0-0 in {}
 INFO 07-15 17:55:42,336 PipeIndexMapWorker:74 [pool-16-thread-13] - Request pipe index for Stage1-1-0/edge16/Stage2-0-0 in {}
 INFO 07-15 17:55:42,337 PipeIndexMapWorker:74 [pool-16-thread-13] - Request pipe index for Stage2-0-0/edge16/Stage1-1-0 in {}
 INFO 07-15 17:55:42,339 PipeIndexMapWorker:74 [pool-16-thread-13] - Request pipe index for Stage1-2-0/edge16/Stage2-0-0 in {}
 INFO 07-15 17:55:42,341 PipeIndexMapWorker:74 [pool-16-thread-13] - Request pipe index for Stage2-0-0/edge16/Stage1-2-0 in {}
 INFO 07-15 17:55:42,342 PipeIndexMapWorker:74 [pool-16-thread-13] - Request pipe index for Stage1-3-0/edge16/Stage2-0-0 in {}
 INFO 07-15 17:55:42,343 PipeIndexMapWorker:74 [pool-16-thread-13] - Request pipe index for Stage2-0-0/edge16/Stage1-3-0 in {}
 INFO 07-15 17:55:42,344 DefaultTaskExecutorImpl:630 [pool-16-thread-13] - Task Stage2-0-0 prepar time: 1055
 INFO 07-15 17:55:42,344 Executor:1039 [pool-16-thread-13] - Add Task Stage2-0-0 to ExecutorThread0 thread of VM-116, time 1074
 INFO 07-15 17:55:42,344 ExecutorThread:152 [pool-16-thread-13] - Add task Stage2-0-0
 INFO 07-15 17:55:42,344 ExecutorThread:164 [pool-16-thread-13] - Add task to unInitializedTasks Stage2-0-0 / [Stage2-0-0]
 INFO 07-15 17:55:42,344 Executor:1044 [pool-16-thread-13] - Put Task time Stage2-0-0 to ExecutorThread0 thread of VM-116, time 1074
 INFO 07-15 17:55:42,344 Executor:680 [pool-16-thread-13] - Task launch time Stage2-0-0 : time 1074
 INFO 07-15 17:55:42,345 ExecutorThread:373 [pool-13-thread-1] - Start initialization of Stage2-0-0
 INFO 07-15 17:55:42,347 TaskExecutorMapWrapper:62 [pool-13-thread-1] - Put task Stage2-0-0
 INFO 07-15 17:55:42,348 ExecutorThread:383 [pool-13-thread-1] - Task message send time Stage2-0-0 to 0 thread of VM-116, time 3
 INFO 07-15 17:55:42,351 ExecutorThread:408 [pool-13-thread-1] - Initializing task Stage2-0-0
 INFO 07-15 17:55:42,352 TaskExecutorUtil:136 [pool-13-thread-1] - Writing data: edge: edge23, Task Stage2-0-0, Dest [0, 1, 2, 3]
 INFO 07-15 17:55:42,352 TaskExecutorUtil:102 [pool-13-thread-1] - Writing data: edge: edge15, Task Stage2-0-0, Dest [0, 1, 2, 3]
 INFO 07-15 17:55:42,353 TaskExecutorUtil:102 [pool-13-thread-1] - Writing data: edge: edge16, Task Stage2-0-0, Dest [0, 1, 2, 3]
 INFO 07-15 17:55:42,353 ExecutorThread:410 [pool-13-thread-1] - Initializing done of task Stage2-0-0
 INFO 07-15 17:55:42,354 Executor$ExecutorMessageReceiver:1217 [pool-16-thread-13] - Task scheduled Stage2-0-0,VM-116 received at VM-116
 INFO 07-15 17:55:42,537 PipeManagerWorkerImpl:261 [pool-13-thread-1] - Send signal for input pipes [Stage1-1-0]/edge15/Stage2-0-0
 INFO 07-15 17:55:42,539 PipeManagerWorkerImpl:808 [pool-13-thread-1] - Stop output pipe (Stage2-0-0,edge15,Stage1-1-0)
 INFO 07-15 17:55:42,551 SystemLoadProfiler:50 [pool-8-thread-1] - Average CPU Load: 0.41 in VM-116
 INFO 07-15 17:55:42,553 TaskEventRateCalculator:114 [pool-8-thread-1] - ---- Start of task processed event (# tasks: 1 in executor VM-116)----
METRICLOG/VM-116	Stage2-0-0	inputR: 0	inputP:116	output:0	inW:1970-01-01T00:00:00.000Z	ioutW:1970-01-01T00:00:00.000Z	ptime:178252	dsertime:6712	inbytes:31631	sertime:0	outbytes:0	numKey:2657	owc:0
----- End of taks processed event ----

 INFO 07-15 17:55:42,553 CpuBottleneckDetectorImpl:63 [pool-8-thread-1] - Current cpu load: 0.41, # processed events: 116, consecutive: 0/2, threshold: 0.9 in VM-116
 INFO 07-15 17:55:42,595 PipeManagerWorkerImpl:261 [pool-13-thread-1] - Send signal for input pipes [Stage1-2-0]/edge15/Stage2-0-0
 INFO 07-15 17:55:42,597 PipeManagerWorkerImpl:808 [pool-13-thread-1] - Stop output pipe (Stage2-0-0,edge15,Stage1-2-0)
 INFO 07-15 17:55:42,811 PipeManagerWorkerImpl:261 [pool-13-thread-1] - Send signal for input pipes [Stage1-0-0]/edge15/Stage2-0-0
 INFO 07-15 17:55:42,823 PipeManagerWorkerImpl:808 [pool-13-thread-1] - Stop output pipe (Stage2-0-0,edge15,Stage1-0-0)
 INFO 07-15 17:55:43,390 PipeManagerWorkerImpl:261 [pool-13-thread-1] - Send signal for input pipes [Stage1-0-0]/edge16/Stage2-0-0
 INFO 07-15 17:55:43,402 PipeManagerWorkerImpl:808 [pool-13-thread-1] - Stop output pipe (Stage2-0-0,edge16,Stage1-0-0)
 INFO 07-15 17:55:43,474 PipeManagerWorkerImpl:261 [pool-13-thread-1] - Send signal for input pipes [Stage1-2-0]/edge16/Stage2-0-0
 INFO 07-15 17:55:43,476 PipeManagerWorkerImpl:808 [pool-13-thread-1] - Stop output pipe (Stage2-0-0,edge16,Stage1-2-0)
 INFO 07-15 17:55:43,520 PipeManagerWorkerImpl:261 [pool-13-thread-1] - Send signal for input pipes [Stage1-3-0]/edge16/Stage2-0-0
 INFO 07-15 17:55:43,522 PipeManagerWorkerImpl:808 [pool-13-thread-1] - Stop output pipe (Stage2-0-0,edge16,Stage1-3-0)
 WARN 07-15 17:55:43,550 MetricsEnvironment:122 [pool-13-thread-1] - Reporting metrics are not supported in the current execution environment.
 INFO 07-15 17:55:43,551 SystemLoadProfiler:50 [pool-8-thread-1] - Average CPU Load: 0.36 in VM-116
 INFO 07-15 17:55:43,552 TaskEventRateCalculator:114 [pool-8-thread-1] - ---- Start of task processed event (# tasks: 1 in executor VM-116)----
METRICLOG/VM-116	Stage2-0-0	inputR: 0	inputP:12631	output:0	inW:2026-07-15T17:55:34.290Z	ioutW:1970-01-01T00:00:00.000Z	ptime:835090	dsertime:85789	inbytes:978030	sertime:0	outbytes:0	numKey:3203	owc:0
----- End of taks processed event ----

 INFO 07-15 17:55:43,552 CpuBottleneckDetectorImpl:63 [pool-8-thread-1] - Current cpu load: 0.36, # processed events: 12631, consecutive: 0/2, threshold: 0.9 in VM-116
 INFO 07-15 17:55:43,558 OperatorMetricCollector:87 [pool-13-thread-1] - Event Latency 10261 from vertex23 in VM-116/Stage2-0-0 
 INFO 07-15 17:55:43,777 PipeManagerWorkerImpl:261 [pool-13-thread-1] - Send signal for input pipes [Stage1-3-0]/edge15/Stage2-0-0
 INFO 07-15 17:55:43,778 PipeManagerWorkerImpl:808 [pool-13-thread-1] - Stop output pipe (Stage2-0-0,edge15,Stage1-3-0)
 INFO 07-15 17:55:43,829 PipeManagerWorkerImpl:261 [pool-13-thread-1] - Send signal for input pipes [Stage1-1-0]/edge16/Stage2-0-0
 INFO 07-15 17:55:43,833 PipeManagerWorkerImpl:808 [pool-13-thread-1] - Stop output pipe (Stage2-0-0,edge16,Stage1-1-0)
 INFO 07-15 17:55:44,552 SystemLoadProfiler:50 [pool-8-thread-1] - Average CPU Load: 0.14 in VM-116
 INFO 07-15 17:55:44,553 TaskEventRateCalculator:114 [pool-8-thread-1] - ---- Start of task processed event (# tasks: 1 in executor VM-116)----
METRICLOG/VM-116	Stage2-0-0	inputR: 0	inputP:1153	output:228	inW:2026-07-15T17:55:35.290Z	ioutW:2026-07-15T17:55:35.290Z	ptime:72733	dsertime:21090	inbytes:108831	sertime:0	outbytes:0	numKey:1683	owc:2
----- End of taks processed event ----

 INFO 07-15 17:55:44,553 CpuBottleneckDetectorImpl:63 [pool-8-thread-1] - Current cpu load: 0.14, # processed events: 1153, consecutive: 0/2, threshold: 0.9 in VM-116
 INFO 07-15 17:55:45,374 Executor$ExecutorMessageReceiver:1217 [pool-16-thread-13] - Task scheduled Stage1-0-0,VM-75 received at VM-116
 INFO 07-15 17:55:45,374 PipeManagerWorkerImpl:901 [pool-13-thread-1] - Task Stage1-0-0 scheduled .. start output pipe 41/(Stage2-0-0,edge16,Stage1-0-0)
 INFO 07-15 17:55:45,464 Executor$ExecutorMessageReceiver:1217 [pool-16-thread-13] - Task scheduled Stage1-2-0,VM-74 received at VM-116
 INFO 07-15 17:55:45,552 SystemLoadProfiler:50 [pool-8-thread-1] - Average CPU Load: 0.01 in VM-116
 INFO 07-15 17:55:45,553 TaskEventRateCalculator:114 [pool-8-thread-1] - ---- Start of task processed event (# tasks: 1 in executor VM-116)----
METRICLOG/VM-116	Stage2-0-0	inputR: 0	inputP:0	output:0	inW:2026-07-15T17:55:35.290Z	ioutW:2026-07-15T17:55:35.290Z	ptime:0	dsertime:0	inbytes:0	sertime:0	outbytes:0	numKey:1683	owc:0
----- End of taks processed event ----

 INFO 07-15 17:55:45,553 CpuBottleneckDetectorImpl:63 [pool-8-thread-1] - Current cpu load: 0.01, # processed events: 0, consecutive: 0/2, threshold: 0.9 in VM-116
 INFO 07-15 17:55:45,621 Executor$ExecutorMessageReceiver:1217 [pool-16-thread-13] - Task scheduled Stage1-3-0,VM-115 received at VM-116
 INFO 07-15 17:55:45,784 Executor$ExecutorMessageReceiver:1217 [pool-16-thread-13] - Task scheduled Stage1-1-0,VM-73 received at VM-116
 WARN 07-15 17:55:46,399 PipeManagerWorkerImpl:940 [pool-13-thread-1] - Waiting for get channel of task Stage1-0-0....
 INFO 07-15 17:55:46,552 SystemLoadProfiler:50 [pool-8-thread-1] - Average CPU Load: 0.01 in VM-116
 INFO 07-15 17:55:46,553 TaskEventRateCalculator:114 [pool-8-thread-1] - ---- Start of task processed event (# tasks: 1 in executor VM-116)----
METRICLOG/VM-116	Stage2-0-0	inputR: 0	inputP:0	output:0	inW:2026-07-15T17:55:35.290Z	ioutW:2026-07-15T17:55:35.290Z	ptime:0	dsertime:0	inbytes:0	sertime:0	outbytes:0	numKey:1683	owc:0
----- End of taks processed event ----

 INFO 07-15 17:55:46,553 CpuBottleneckDetectorImpl:63 [pool-8-thread-1] - Current cpu load: 0.01, # processed events: 0, consecutive: 0/2, threshold: 0.9 in VM-116
 WARN 07-15 17:55:47,415 PipeManagerWorkerImpl:940 [pool-13-thread-1] - Waiting for get channel of task Stage1-0-0....
 INFO 07-15 17:55:47,552 SystemLoadProfiler:50 [pool-8-thread-1] - Average CPU Load: 0.0 in VM-116
 INFO 07-15 17:55:47,553 TaskEventRateCalculator:114 [pool-8-thread-1] - ---- Start of task processed event (# tasks: 1 in executor VM-116)----
METRICLOG/VM-116	Stage2-0-0	inputR: 0	inputP:0	output:0	inW:2026-07-15T17:55:35.290Z	ioutW:2026-07-15T17:55:35.290Z	ptime:0	dsertime:0	inbytes:0	sertime:0	outbytes:0	numKey:1683	owc:0
----- End of taks processed event ----

 INFO 07-15 17:55:47,553 CpuBottleneckDetectorImpl:63 [pool-8-thread-1] - Current cpu load: 0.0, # processed events: 0, consecutive: 0/2, threshold: 0.9 in VM-116
 WARN 07-15 17:55:48,431 PipeManagerWorkerImpl:940 [pool-13-thread-1] - Waiting for get channel of task Stage1-0-0....
 INFO 07-15 17:55:48,552 SystemLoadProfiler:50 [pool-8-thread-1] - Average CPU Load: 0.0 in VM-116
 INFO 07-15 17:55:48,553 TaskEventRateCalculator:114 [pool-8-thread-1] - ---- Start of task processed event (# tasks: 1 in executor VM-116)----
METRICLOG/VM-116	Stage2-0-0	inputR: 0	inputP:0	output:0	inW:2026-07-15T17:55:35.290Z	ioutW:2026-07-15T17:55:35.290Z	ptime:0	dsertime:0	inbytes:0	sertime:0	outbytes:0	numKey:1683	owc:0
----- End of taks processed event ----

 INFO 07-15 17:55:48,553 CpuBottleneckDetectorImpl:63 [pool-8-thread-1] - Current cpu load: 0.0, # processed events: 0, consecutive: 0/2, threshold: 0.9 in VM-116
 WARN 07-15 17:55:49,456 PipeManagerWorkerImpl:940 [pool-13-thread-1] - Waiting for get channel of task Stage1-0-0....
 INFO 07-15 17:55:49,552 SystemLoadProfiler:50 [pool-8-thread-1] - Average CPU Load: 0.0 in VM-116
 INFO 07-15 17:55:49,553 TaskEventRateCalculator:114 [pool-8-thread-1] - ---- Start of task processed event (# tasks: 1 in executor VM-116)----
METRICLOG/VM-116	Stage2-0-0	inputR: 0	inputP:0	output:0	inW:2026-07-15T17:55:35.290Z	ioutW:2026-07-15T17:55:35.290Z	ptime:0	dsertime:0	inbytes:0	sertime:0	outbytes:0	numKey:1683	owc:0
----- End of taks processed event ----

 INFO 07-15 17:55:49,553 CpuBottleneckDetectorImpl:63 [pool-8-thread-1] - Current cpu load: 0.0, # processed events: 0, consecutive: 0/2, threshold: 0.9 in VM-116
 WARN 07-15 17:55:50,476 PipeManagerWorkerImpl:940 [pool-13-thread-1] - Waiting for get channel of task Stage1-0-0....
 INFO 07-15 17:55:50,552 SystemLoadProfiler:50 [pool-8-thread-1] - Average CPU Load: 0.0 in VM-116
 INFO 07-15 17:55:50,553 TaskEventRateCalculator:114 [pool-8-thread-1] - ---- Start of task processed event (# tasks: 1 in executor VM-116)----
METRICLOG/VM-116	Stage2-0-0	inputR: 0	inputP:0	output:0	inW:2026-07-15T17:55:35.290Z	ioutW:2026-07-15T17:55:35.290Z	ptime:0	dsertime:0	inbytes:0	sertime:0	outbytes:0	numKey:1683	owc:0
----- End of taks processed event ----

 INFO 07-15 17:55:50,553 CpuBottleneckDetectorImpl:63 [pool-8-thread-1] - Current cpu load: 0.0, # processed events: 0, consecutive: 0/2, threshold: 0.9 in VM-116
 WARN 07-15 17:55:51,501 PipeManagerWorkerImpl:940 [pool-13-thread-1] - Waiting for get channel of task Stage1-0-0....
 INFO 07-15 17:55:51,552 SystemLoadProfiler:50 [pool-8-thread-1] - Average CPU Load: 0.0 in VM-116
 INFO 07-15 17:55:51,553 TaskEventRateCalculator:114 [pool-8-thread-1] - ---- Start of task processed event (# tasks: 1 in executor VM-116)----
METRICLOG/VM-116	Stage2-0-0	inputR: 0	inputP:0	output:0	inW:2026-07-15T17:55:35.290Z	ioutW:2026-07-15T17:55:35.290Z	ptime:0	dsertime:0	inbytes:0	sertime:0	outbytes:0	numKey:1683	owc:0
----- End of taks processed event ----

 INFO 07-15 17:55:51,553 CpuBottleneckDetectorImpl:63 [pool-8-thread-1] - Current cpu load: 0.0, # processed events: 0, consecutive: 0/2, threshold: 0.9 in VM-116
 WARN 07-15 17:55:52,533 PipeManagerWorkerImpl:940 [pool-13-thread-1] - Waiting for get channel of task Stage1-0-0....
 INFO 07-15 17:55:52,552 SystemLoadProfiler:50 [pool-8-thread-1] - Average CPU Load: 0.0 in VM-116
 INFO 07-15 17:55:52,552 TaskEventRateCalculator:114 [pool-8-thread-1] - ---- Start of task processed event (# tasks: 1 in executor VM-116)----
METRICLOG/VM-116	Stage2-0-0	inputR: 0	inputP:0	output:0	inW:2026-07-15T17:55:35.290Z	ioutW:2026-07-15T17:55:35.290Z	ptime:0	dsertime:0	inbytes:0	sertime:0	outbytes:0	numKey:1683	owc:0
----- End of taks processed event ----

 INFO 07-15 17:55:52,553 CpuBottleneckDetectorImpl:63 [pool-8-thread-1] - Current cpu load: 0.0, # processed events: 0, consecutive: 0/2, threshold: 0.9 in VM-116
 INFO 07-15 17:55:53,553 SystemLoadProfiler:50 [pool-8-thread-1] - Average CPU Load: 0.0 in VM-116
 INFO 07-15 17:55:53,554 TaskEventRateCalculator:114 [pool-8-thread-1] - ---- Start of task processed event (# tasks: 1 in executor VM-116)----
METRICLOG/VM-116	Stage2-0-0	inputR: 0	inputP:0	output:0	inW:2026-07-15T17:55:35.290Z	ioutW:2026-07-15T17:55:35.290Z	ptime:0	dsertime:0	inbytes:0	sertime:0	outbytes:0	numKey:1683	owc:0
----- End of taks processed event ----

 INFO 07-15 17:55:53,555 CpuBottleneckDetectorImpl:63 [pool-8-thread-1] - Current cpu load: 0.0, # processed events: 0, consecutive: 0/2, threshold: 0.9 in VM-116
 WARN 07-15 17:55:53,555 PipeManagerWorkerImpl:940 [pool-13-thread-1] - Waiting for get channel of task Stage1-0-0....
 INFO 07-15 17:55:54,552 SystemLoadProfiler:50 [pool-8-thread-1] - Average CPU Load: 0.0 in VM-116
 INFO 07-15 17:55:54,553 TaskEventRateCalculator:114 [pool-8-thread-1] - ---- Start of task processed event (# tasks: 1 in executor VM-116)----
METRICLOG/VM-116	Stage2-0-0	inputR: 0	inputP:0	output:0	inW:2026-07-15T17:55:35.290Z	ioutW:2026-07-15T17:55:35.290Z	ptime:0	dsertime:0	inbytes:0	sertime:0	outbytes:0	numKey:1683	owc:0
----- End of taks processed event ----

 INFO 07-15 17:55:54,553 CpuBottleneckDetectorImpl:63 [pool-8-thread-1] - Current cpu load: 0.0, # processed events: 0, consecutive: 0/2, threshold: 0.9 in VM-116
 WARN 07-15 17:55:54,571 PipeManagerWorkerImpl:940 [pool-13-thread-1] - Waiting for get channel of task Stage1-0-0....
 INFO 07-15 17:55:55,552 SystemLoadProfiler:50 [pool-8-thread-1] - Average CPU Load: 0.0 in VM-116
 INFO 07-15 17:55:55,553 TaskEventRateCalculator:114 [pool-8-thread-1] - ---- Start of task processed event (# tasks: 1 in executor VM-116)----
METRICLOG/VM-116	Stage2-0-0	inputR: 0	inputP:0	output:0	inW:2026-07-15T17:55:35.290Z	ioutW:2026-07-15T17:55:35.290Z	ptime:0	dsertime:0	inbytes:0	sertime:0	outbytes:0	numKey:1683	owc:0
----- End of taks processed event ----

 INFO 07-15 17:55:55,553 CpuBottleneckDetectorImpl:63 [pool-8-thread-1] - Current cpu load: 0.0, # processed events: 0, consecutive: 0/2, threshold: 0.9 in VM-116
 WARN 07-15 17:55:55,586 PipeManagerWorkerImpl:940 [pool-13-thread-1] - Waiting for get channel of task Stage1-0-0....
 INFO 07-15 17:55:56,552 SystemLoadProfiler:50 [pool-8-thread-1] - Average CPU Load: 0.0 in VM-116
 INFO 07-15 17:55:56,553 TaskEventRateCalculator:114 [pool-8-thread-1] - ---- Start of task processed event (# tasks: 1 in executor VM-116)----
METRICLOG/VM-116	Stage2-0-0	inputR: 0	inputP:0	output:0	inW:2026-07-15T17:55:35.290Z	ioutW:2026-07-15T17:55:35.290Z	ptime:0	dsertime:0	inbytes:0	sertime:0	outbytes:0	numKey:1683	owc:0
----- End of taks processed event ----

 INFO 07-15 17:55:56,553 CpuBottleneckDetectorImpl:63 [pool-8-thread-1] - Current cpu load: 0.0, # processed events: 0, consecutive: 0/2, threshold: 0.9 in VM-116
 WARN 07-15 17:55:56,613 PipeManagerWorkerImpl:940 [pool-13-thread-1] - Waiting for get channel of task Stage1-0-0....
 INFO 07-15 17:55:57,552 SystemLoadProfiler:50 [pool-8-thread-1] - Average CPU Load: 0.0 in VM-116
 INFO 07-15 17:55:57,552 TaskEventRateCalculator:114 [pool-8-thread-1] - ---- Start of task processed event (# tasks: 1 in executor VM-116)----
METRICLOG/VM-116	Stage2-0-0	inputR: 0	inputP:0	output:0	inW:2026-07-15T17:55:35.290Z	ioutW:2026-07-15T17:55:35.290Z	ptime:0	dsertime:0	inbytes:0	sertime:0	outbytes:0	numKey:1683	owc:0
----- End of taks processed event ----

 INFO 07-15 17:55:57,553 CpuBottleneckDetectorImpl:63 [pool-8-thread-1] - Current cpu load: 0.0, # processed events: 0, consecutive: 0/2, threshold: 0.9 in VM-116
 WARN 07-15 17:55:57,626 PipeManagerWorkerImpl:940 [pool-13-thread-1] - Waiting for get channel of task Stage1-0-0....
 INFO 07-15 17:55:58,552 SystemLoadProfiler:50 [pool-8-thread-1] - Average CPU Load: 0.0 in VM-116
 INFO 07-15 17:55:58,553 TaskEventRateCalculator:114 [pool-8-thread-1] - ---- Start of task processed event (# tasks: 1 in executor VM-116)----
METRICLOG/VM-116	Stage2-0-0	inputR: 0	inputP:0	output:0	inW:2026-07-15T17:55:35.290Z	ioutW:2026-07-15T17:55:35.290Z	ptime:0	dsertime:0	inbytes:0	sertime:0	outbytes:0	numKey:1683	owc:0
----- End of taks processed event ----

 INFO 07-15 17:55:58,553 CpuBottleneckDetectorImpl:63 [pool-8-thread-1] - Current cpu load: 0.0, # processed events: 0, consecutive: 0/2, threshold: 0.9 in VM-116
 WARN 07-15 17:55:58,641 PipeManagerWorkerImpl:940 [pool-13-thread-1] - Waiting for get channel of task Stage1-0-0....
 INFO 07-15 17:55:59,552 SystemLoadProfiler:50 [pool-8-thread-1] - Average CPU Load: 0.0 in VM-116
 INFO 07-15 17:55:59,553 TaskEventRateCalculator:114 [pool-8-thread-1] - ---- Start of task processed event (# tasks: 1 in executor VM-116)----
METRICLOG/VM-116	Stage2-0-0	inputR: 0	inputP:0	output:0	inW:2026-07-15T17:55:35.290Z	ioutW:2026-07-15T17:55:35.290Z	ptime:0	dsertime:0	inbytes:0	sertime:0	outbytes:0	numKey:1683	owc:0
----- End of taks processed event ----

 INFO 07-15 17:55:59,553 CpuBottleneckDetectorImpl:63 [pool-8-thread-1] - Current cpu load: 0.0, # processed events: 0, consecutive: 0/2, threshold: 0.9 in VM-116
 WARN 07-15 17:55:59,659 PipeManagerWorkerImpl:940 [pool-13-thread-1] - Waiting for get channel of task Stage1-0-0....
java.lang.RuntimeException: Cannot connect to task Stage1-0-0
	at org.apache.nemo.runtime.executor.common.PipeManagerWorkerImpl.startOutputPipe(PipeManagerWorkerImpl.java:945)
	at org.apache.nemo.runtime.executor.common.PipeManagerWorkerImpl.lambda$taskScheduled$5(PipeManagerWorkerImpl.java:902)
	at java.base/java.util.stream.ForEachOps$ForEachOp$OfRef.accept(ForEachOps.java:183)
	at java.base/java.util.stream.ReferencePipeline$2$1.accept(ReferencePipeline.java:177)
	at java.base/java.util.concurrent.ConcurrentHashMap$KeySpliterator.forEachRemaining(ConcurrentHashMap.java:3564)
	at java.base/java.util.stream.AbstractPipeline.copyInto(AbstractPipeline.java:484)
	at java.base/java.util.stream.AbstractPipeline.wrapAndCopyInto(AbstractPipeline.java:474)
	at java.base/java.util.stream.ForEachOps$ForEachOp.evaluateSequential(ForEachOps.java:150)
	at java.base/java.util.stream.ForEachOps$ForEachOp$OfRef.evaluateSequential(ForEachOps.java:173)
	at java.base/java.util.stream.AbstractPipeline.evaluate(AbstractPipeline.java:234)
	at java.base/java.util.stream.ReferencePipeline.forEach(ReferencePipeline.java:497)
	at org.apache.nemo.runtime.executor.common.PipeManagerWorkerImpl.taskScheduled(PipeManagerWorkerImpl.java:899)
	at org.apache.nemo.runtime.executor.common.controlmessages.DefaultControlEventHandlerImpl.handleControlEvent(DefaultControlEventHandlerImpl.java:403)
	at org.apache.nemo.runtime.executor.common.ExecutorThread.handlingEvent(ExecutorThread.java:279)
	at org.apache.nemo.runtime.executor.common.ExecutorThread.lambda$start$1(ExecutorThread.java:346)
	at java.base/java.util.concurrent.ThreadPoolExecutor.runWorker(ThreadPoolExecutor.java:1128)
	at java.base/java.util.concurrent.ThreadPoolExecutor$Worker.run(ThreadPoolExecutor.java:628)
	at java.base/java.lang.Thread.run(Thread.java:829)
java.lang.RuntimeException: java.lang.RuntimeException: Cannot connect to task Stage1-0-0
	at org.apache.nemo.runtime.executor.common.PipeManagerWorkerImpl.startOutputPipe(PipeManagerWorkerImpl.java:986)
	at org.apache.nemo.runtime.executor.common.PipeManagerWorkerImpl.lambda$taskScheduled$5(PipeManagerWorkerImpl.java:902)
	at java.base/java.util.stream.ForEachOps$ForEachOp$OfRef.accept(ForEachOps.java:183)
	at java.base/java.util.stream.ReferencePipeline$2$1.accept(ReferencePipeline.java:177)
	at java.base/java.util.concurrent.ConcurrentHashMap$KeySpliterator.forEachRemaining(ConcurrentHashMap.java:3564)
	at java.base/java.util.stream.AbstractPipeline.copyInto(AbstractPipeline.java:484)
	at java.base/java.util.stream.AbstractPipeline.wrapAndCopyInto(AbstractPipeline.java:474)
	at java.base/java.util.stream.ForEachOps$ForEachOp.evaluateSequential(ForEachOps.java:150)
	at java.base/java.util.stream.ForEachOps$ForEachOp$OfRef.evaluateSequential(ForEachOps.java:173)
	at java.base/java.util.stream.AbstractPipeline.evaluate(AbstractPipeline.java:234)
	at java.base/java.util.stream.ReferencePipeline.forEach(ReferencePipeline.java:497)
	at org.apache.nemo.runtime.executor.common.PipeManagerWorkerImpl.taskScheduled(PipeManagerWorkerImpl.java:899)
	at org.apache.nemo.runtime.executor.common.controlmessages.DefaultControlEventHandlerImpl.handleControlEvent(DefaultControlEventHandlerImpl.java:403)
	at org.apache.nemo.runtime.executor.common.ExecutorThread.handlingEvent(ExecutorThread.java:279)
	at org.apache.nemo.runtime.executor.common.ExecutorThread.lambda$start$1(ExecutorThread.java:346)
	at java.base/java.util.concurrent.ThreadPoolExecutor.runWorker(ThreadPoolExecutor.java:1128)
	at java.base/java.util.concurrent.ThreadPoolExecutor$Worker.run(ThreadPoolExecutor.java:628)
	at java.base/java.lang.Thread.run(Thread.java:829)
Caused by: java.lang.RuntimeException: Cannot connect to task Stage1-0-0
	at org.apache.nemo.runtime.executor.common.PipeManagerWorkerImpl.startOutputPipe(PipeManagerWorkerImpl.java:945)
	... 17 more
Exception in thread "pool-13-thread-1" java.lang.RuntimeException: java.lang.RuntimeException: java.lang.RuntimeException: Cannot connect to task Stage1-0-0
	at org.apache.nemo.runtime.executor.common.ExecutorThread.lambda$start$1(ExecutorThread.java:363)
	at java.base/java.util.concurrent.ThreadPoolExecutor.runWorker(ThreadPoolExecutor.java:1128)
	at java.base/java.util.concurrent.ThreadPoolExecutor$Worker.run(ThreadPoolExecutor.java:628)
	at java.base/java.lang.Thread.run(Thread.java:829)
Caused by: java.lang.RuntimeException: java.lang.RuntimeException: Cannot connect to task Stage1-0-0
	at org.apache.nemo.runtime.executor.common.PipeManagerWorkerImpl.startOutputPipe(PipeManagerWorkerImpl.java:986)
	at org.apache.nemo.runtime.executor.common.PipeManagerWorkerImpl.lambda$taskScheduled$5(PipeManagerWorkerImpl.java:902)
	at java.base/java.util.stream.ForEachOps$ForEachOp$OfRef.accept(ForEachOps.java:183)
	at java.base/java.util.stream.ReferencePipeline$2$1.accept(ReferencePipeline.java:177)
	at java.base/java.util.concurrent.ConcurrentHashMap$KeySpliterator.forEachRemaining(ConcurrentHashMap.java:3564)
	at java.base/java.util.stream.AbstractPipeline.copyInto(AbstractPipeline.java:484)
	at java.base/java.util.stream.AbstractPipeline.wrapAndCopyInto(AbstractPipeline.java:474)
	at java.base/java.util.stream.ForEachOps$ForEachOp.evaluateSequential(ForEachOps.java:150)
	at java.base/java.util.stream.ForEachOps$ForEachOp$OfRef.evaluateSequential(ForEachOps.java:173)
	at java.base/java.util.stream.AbstractPipeline.evaluate(AbstractPipeline.java:234)
	at java.base/java.util.stream.ReferencePipeline.forEach(ReferencePipeline.java:497)
	at org.apache.nemo.runtime.executor.common.PipeManagerWorkerImpl.taskScheduled(PipeManagerWorkerImpl.java:899)
	at org.apache.nemo.runtime.executor.common.controlmessages.DefaultControlEventHandlerImpl.handleControlEvent(DefaultControlEventHandlerImpl.java:403)
	at org.apache.nemo.runtime.executor.common.ExecutorThread.handlingEvent(ExecutorThread.java:279)
	at org.apache.nemo.runtime.executor.common.ExecutorThread.lambda$start$1(ExecutorThread.java:346)
	... 3 more
Caused by: java.lang.RuntimeException: Cannot connect to task Stage1-0-0
	at org.apache.nemo.runtime.executor.common.PipeManagerWorkerImpl.startOutputPipe(PipeManagerWorkerImpl.java:945)
	... 17 more
 INFO 07-15 17:56:00,552 SystemLoadProfiler:50 [pool-8-thread-1] - Average CPU Load: 0.0 in VM-116
 INFO 07-15 17:56:00,553 TaskEventRateCalculator:114 [pool-8-thread-1] - ---- Start of task processed event (# tasks: 1 in executor VM-116)----
METRICLOG/VM-116	Stage2-0-0	inputR: 0	inputP:0	output:0	inW:2026-07-15T17:55:35.290Z	ioutW:2026-07-15T17:55:35.290Z	ptime:0	dsertime:0	inbytes:0	sertime:0	outbytes:0	numKey:1683	owc:0
----- End of taks processed event ----

 INFO 07-15 17:56:00,553 CpuBottleneckDetectorImpl:63 [pool-8-thread-1] - Current cpu load: 0.0, # processed events: 0, consecutive: 0/2, threshold: 0.9 in VM-116
 INFO 07-15 17:56:01,552 SystemLoadProfiler:50 [pool-8-thread-1] - Average CPU Load: 0.0 in VM-116
 INFO 07-15 17:56:01,552 TaskEventRateCalculator:114 [pool-8-thread-1] - ---- Start of task processed event (# tasks: 1 in executor VM-116)----
METRICLOG/VM-116	Stage2-0-0	inputR: 0	inputP:0	output:0	inW:2026-07-15T17:55:35.290Z	ioutW:2026-07-15T17:55:35.290Z	ptime:0	dsertime:0	inbytes:0	sertime:0	outbytes:0	numKey:1683	owc:0
----- End of taks processed event ----

 INFO 07-15 17:56:01,553 CpuBottleneckDetectorImpl:63 [pool-8-thread-1] - Current cpu load: 0.0, # processed events: 0, consecutive: 0/2, threshold: 0.9 in VM-116
 INFO 07-15 17:56:02,552 SystemLoadProfiler:50 [pool-8-thread-1] - Average CPU Load: 0.0 in VM-116
 INFO 07-15 17:56:02,553 TaskEventRateCalculator:114 [pool-8-thread-1] - ---- Start of task processed event (# tasks: 1 in executor VM-116)----
METRICLOG/VM-116	Stage2-0-0	inputR: 0	inputP:0	output:0	inW:2026-07-15T17:55:35.290Z	ioutW:2026-07-15T17:55:35.290Z	ptime:0	dsertime:0	inbytes:0	sertime:0	outbytes:0	numKey:1683	owc:0
----- End of taks processed event ----

 INFO 07-15 17:56:02,553 CpuBottleneckDetectorImpl:63 [pool-8-thread-1] - Current cpu load: 0.0, # processed events: 0, consecutive: 0/2, threshold: 0.9 in VM-116
 INFO 07-15 17:56:03,552 SystemLoadProfiler:50 [pool-8-thread-1] - Average CPU Load: 0.0 in VM-116
 INFO 07-15 17:56:03,553 TaskEventRateCalculator:114 [pool-8-thread-1] - ---- Start of task processed event (# tasks: 1 in executor VM-116)----
METRICLOG/VM-116	Stage2-0-0	inputR: 0	inputP:0	output:0	inW:2026-07-15T17:55:35.290Z	ioutW:2026-07-15T17:55:35.290Z	ptime:0	dsertime:0	inbytes:0	sertime:0	outbytes:0	numKey:1683	owc:0
----- End of taks processed event ----

 INFO 07-15 17:56:03,553 CpuBottleneckDetectorImpl:63 [pool-8-thread-1] - Current cpu load: 0.0, # processed events: 0, consecutive: 0/2, threshold: 0.9 in VM-116
 INFO 07-15 17:56:04,552 SystemLoadProfiler:50 [pool-8-thread-1] - Average CPU Load: 0.0 in VM-116
 INFO 07-15 17:56:04,553 TaskEventRateCalculator:114 [pool-8-thread-1] - ---- Start of task processed event (# tasks: 1 in executor VM-116)----
METRICLOG/VM-116	Stage2-0-0	inputR: 0	inputP:0	output:0	inW:2026-07-15T17:55:35.290Z	ioutW:2026-07-15T17:55:35.290Z	ptime:0	dsertime:0	inbytes:0	sertime:0	outbytes:0	numKey:1683	owc:0
----- End of taks processed event ----

 INFO 07-15 17:56:04,553 CpuBottleneckDetectorImpl:63 [pool-8-thread-1] - Current cpu load: 0.0, # processed events: 0, consecutive: 0/2, threshold: 0.9 in VM-116
 INFO 07-15 17:56:05,552 SystemLoadProfiler:50 [pool-8-thread-1] - Average CPU Load: 0.0 in VM-116
 INFO 07-15 17:56:05,553 TaskEventRateCalculator:114 [pool-8-thread-1] - ---- Start of task processed event (# tasks: 1 in executor VM-116)----
METRICLOG/VM-116	Stage2-0-0	inputR: 0	inputP:0	output:0	inW:2026-07-15T17:55:35.290Z	ioutW:2026-07-15T17:55:35.290Z	ptime:0	dsertime:0	inbytes:0	sertime:0	outbytes:0	numKey:1683	owc:0
----- End of taks processed event ----

 INFO 07-15 17:56:05,553 CpuBottleneckDetectorImpl:63 [pool-8-thread-1] - Current cpu load: 0.0, # processed events: 0, consecutive: 0/2, threshold: 0.9 in VM-116
 INFO 07-15 17:56:06,552 SystemLoadProfiler:50 [pool-8-thread-1] - Average CPU Load: 0.0 in VM-116
 INFO 07-15 17:56:06,553 TaskEventRateCalculator:114 [pool-8-thread-1] - ---- Start of task processed event (# tasks: 1 in executor VM-116)----
METRICLOG/VM-116	Stage2-0-0	inputR: 0	inputP:0	output:0	inW:2026-07-15T17:55:35.290Z	ioutW:2026-07-15T17:55:35.290Z	ptime:0	dsertime:0	inbytes:0	sertime:0	outbytes:0	numKey:1683	owc:0
----- End of taks processed event ----

 INFO 07-15 17:56:06,553 CpuBottleneckDetectorImpl:63 [pool-8-thread-1] - Current cpu load: 0.0, # processed events: 0, consecutive: 0/2, threshold: 0.9 in VM-116
 INFO 07-15 17:56:07,552 SystemLoadProfiler:50 [pool-8-thread-1] - Average CPU Load: 0.0 in VM-116
 INFO 07-15 17:56:07,553 TaskEventRateCalculator:114 [pool-8-thread-1] - ---- Start of task processed event (# tasks: 1 in executor VM-116)----
METRICLOG/VM-116	Stage2-0-0	inputR: 0	inputP:0	output:0	inW:2026-07-15T17:55:35.290Z	ioutW:2026-07-15T17:55:35.290Z	ptime:0	dsertime:0	inbytes:0	sertime:0	outbytes:0	numKey:1683	owc:0
----- End of taks processed event ----

 INFO 07-15 17:56:07,553 CpuBottleneckDetectorImpl:63 [pool-8-thread-1] - Current cpu load: 0.0, # processed events: 0, consecutive: 0/2, threshold: 0.9 in VM-116
 INFO 07-15 17:56:08,552 SystemLoadProfiler:50 [pool-8-thread-1] - Average CPU Load: 0.0 in VM-116
 INFO 07-15 17:56:08,553 TaskEventRateCalculator:114 [pool-8-thread-1] - ---- Start of task processed event (# tasks: 1 in executor VM-116)----
METRICLOG/VM-116	Stage2-0-0	inputR: 0	inputP:0	output:0	inW:2026-07-15T17:55:35.290Z	ioutW:2026-07-15T17:55:35.290Z	ptime:0	dsertime:0	inbytes:0	sertime:0	outbytes:0	numKey:1683	owc:0
----- End of taks processed event ----

 INFO 07-15 17:56:08,553 CpuBottleneckDetectorImpl:63 [pool-8-thread-1] - Current cpu load: 0.0, # processed events: 0, consecutive: 0/2, threshold: 0.9 in VM-116
 INFO 07-15 17:56:09,553 SystemLoadProfiler:50 [pool-8-thread-1] - Average CPU Load: 0.0 in VM-116
 INFO 07-15 17:56:09,554 TaskEventRateCalculator:114 [pool-8-thread-1] - ---- Start of task processed event (# tasks: 1 in executor VM-116)----
METRICLOG/VM-116	Stage2-0-0	inputR: 0	inputP:0	output:0	inW:2026-07-15T17:55:35.290Z	ioutW:2026-07-15T17:55:35.290Z	ptime:0	dsertime:0	inbytes:0	sertime:0	outbytes:0	numKey:1683	owc:0
----- End of taks processed event ----

 INFO 07-15 17:56:09,554 CpuBottleneckDetectorImpl:63 [pool-8-thread-1] - Current cpu load: 0.0, # processed events: 0, consecutive: 0/2, threshold: 0.9 in VM-116
 INFO 07-15 17:56:10,552 SystemLoadProfiler:50 [pool-8-thread-1] - Average CPU Load: 0.0 in VM-116
 INFO 07-15 17:56:10,553 TaskEventRateCalculator:114 [pool-8-thread-1] - ---- Start of task processed event (# tasks: 1 in executor VM-116)----
METRICLOG/VM-116	Stage2-0-0	inputR: 0	inputP:0	output:0	inW:2026-07-15T17:55:35.290Z	ioutW:2026-07-15T17:55:35.290Z	ptime:0	dsertime:0	inbytes:0	sertime:0	outbytes:0	numKey:1683	owc:0
----- End of taks processed event ----

 INFO 07-15 17:56:10,553 CpuBottleneckDetectorImpl:63 [pool-8-thread-1] - Current cpu load: 0.0, # processed events: 0, consecutive: 0/2, threshold: 0.9 in VM-116
 INFO 07-15 17:56:11,552 SystemLoadProfiler:50 [pool-8-thread-1] - Average CPU Load: 0.0 in VM-116
 INFO 07-15 17:56:11,553 TaskEventRateCalculator:114 [pool-8-thread-1] - ---- Start of task processed event (# tasks: 1 in executor VM-116)----
METRICLOG/VM-116	Stage2-0-0	inputR: 0	inputP:0	output:0	inW:2026-07-15T17:55:35.290Z	ioutW:2026-07-15T17:55:35.290Z	ptime:0	dsertime:0	inbytes:0	sertime:0	outbytes:0	numKey:1683	owc:0
----- End of taks processed event ----

 INFO 07-15 17:56:11,553 CpuBottleneckDetectorImpl:63 [pool-8-thread-1] - Current cpu load: 0.0, # processed events: 0, consecutive: 0/2, threshold: 0.9 in VM-116
 INFO 07-15 17:56:12,552 SystemLoadProfiler:50 [pool-8-thread-1] - Average CPU Load: 0.0 in VM-116
 INFO 07-15 17:56:12,553 TaskEventRateCalculator:114 [pool-8-thread-1] - ---- Start of task processed event (# tasks: 1 in executor VM-116)----
METRICLOG/VM-116	Stage2-0-0	inputR: 0	inputP:0	output:0	inW:2026-07-15T17:55:35.290Z	ioutW:2026-07-15T17:55:35.290Z	ptime:0	dsertime:0	inbytes:0	sertime:0	outbytes:0	numKey:1683	owc:0
----- End of taks processed event ----

 INFO 07-15 17:56:12,553 CpuBottleneckDetectorImpl:63 [pool-8-thread-1] - Current cpu load: 0.0, # processed events: 0, consecutive: 0/2, threshold: 0.9 in VM-116
 INFO 07-15 17:56:13,553 SystemLoadProfiler:50 [pool-8-thread-1] - Average CPU Load: 0.0 in VM-116
 INFO 07-15 17:56:13,554 TaskEventRateCalculator:114 [pool-8-thread-1] - ---- Start of task processed event (# tasks: 1 in executor VM-116)----
METRICLOG/VM-116	Stage2-0-0	inputR: 0	inputP:0	output:0	inW:2026-07-15T17:55:35.290Z	ioutW:2026-07-15T17:55:35.290Z	ptime:0	dsertime:0	inbytes:0	sertime:0	outbytes:0	numKey:1683	owc:0
----- End of taks processed event ----

 INFO 07-15 17:56:13,554 CpuBottleneckDetectorImpl:63 [pool-8-thread-1] - Current cpu load: 0.0, # processed events: 0, consecutive: 0/2, threshold: 0.9 in VM-116
 INFO 07-15 17:56:14,552 SystemLoadProfiler:50 [pool-8-thread-1] - Average CPU Load: 0.0 in VM-116
 INFO 07-15 17:56:14,553 TaskEventRateCalculator:114 [pool-8-thread-1] - ---- Start of task processed event (# tasks: 1 in executor VM-116)----
METRICLOG/VM-116	Stage2-0-0	inputR: 0	inputP:0	output:0	inW:2026-07-15T17:55:35.290Z	ioutW:2026-07-15T17:55:35.290Z	ptime:0	dsertime:0	inbytes:0	sertime:0	outbytes:0	numKey:1683	owc:0
----- End of taks processed event ----

 INFO 07-15 17:56:14,553 CpuBottleneckDetectorImpl:63 [pool-8-thread-1] - Current cpu load: 0.0, # processed events: 0, consecutive: 0/2, threshold: 0.9 in VM-116
 INFO 07-15 17:56:15,552 SystemLoadProfiler:50 [pool-8-thread-1] - Average CPU Load: 0.0 in VM-116
 INFO 07-15 17:56:15,552 TaskEventRateCalculator:114 [pool-8-thread-1] - ---- Start of task processed event (# tasks: 1 in executor VM-116)----
METRICLOG/VM-116	Stage2-0-0	inputR: 0	inputP:0	output:0	inW:2026-07-15T17:55:35.290Z	ioutW:2026-07-15T17:55:35.290Z	ptime:0	dsertime:0	inbytes:0	sertime:0	outbytes:0	numKey:1683	owc:0
----- End of taks processed event ----

 INFO 07-15 17:56:15,553 CpuBottleneckDetectorImpl:63 [pool-8-thread-1] - Current cpu load: 0.0, # processed events: 0, consecutive: 0/2, threshold: 0.9 in VM-116
 INFO 07-15 17:56:16,552 SystemLoadProfiler:50 [pool-8-thread-1] - Average CPU Load: 0.0 in VM-116
 INFO 07-15 17:56:16,553 TaskEventRateCalculator:114 [pool-8-thread-1] - ---- Start of task processed event (# tasks: 1 in executor VM-116)----
METRICLOG/VM-116	Stage2-0-0	inputR: 0	inputP:0	output:0	inW:2026-07-15T17:55:35.290Z	ioutW:2026-07-15T17:55:35.290Z	ptime:0	dsertime:0	inbytes:0	sertime:0	outbytes:0	numKey:1683	owc:0
----- End of taks processed event ----

 INFO 07-15 17:56:16,553 CpuBottleneckDetectorImpl:63 [pool-8-thread-1] - Current cpu load: 0.0, # processed events: 0, consecutive: 0/2, threshold: 0.9 in VM-116
 INFO 07-15 17:56:17,552 SystemLoadProfiler:50 [pool-8-thread-1] - Average CPU Load: 0.0 in VM-116
 INFO 07-15 17:56:17,553 TaskEventRateCalculator:114 [pool-8-thread-1] - ---- Start of task processed event (# tasks: 1 in executor VM-116)----
METRICLOG/VM-116	Stage2-0-0	inputR: 0	inputP:0	output:0	inW:2026-07-15T17:55:35.290Z	ioutW:2026-07-15T17:55:35.290Z	ptime:0	dsertime:0	inbytes:0	sertime:0	outbytes:0	numKey:1683	owc:0
----- End of taks processed event ----

 INFO 07-15 17:56:17,553 CpuBottleneckDetectorImpl:63 [pool-8-thread-1] - Current cpu load: 0.0, # processed events: 0, consecutive: 0/2, threshold: 0.9 in VM-116
 INFO 07-15 17:56:18,552 SystemLoadProfiler:50 [pool-8-thread-1] - Average CPU Load: 0.0 in VM-116
 INFO 07-15 17:56:18,553 TaskEventRateCalculator:114 [pool-8-thread-1] - ---- Start of task processed event (# tasks: 1 in executor VM-116)----
METRICLOG/VM-116	Stage2-0-0	inputR: 0	inputP:0	output:0	inW:2026-07-15T17:55:35.290Z	ioutW:2026-07-15T17:55:35.290Z	ptime:0	dsertime:0	inbytes:0	sertime:0	outbytes:0	numKey:1683	owc:0
----- End of taks processed event ----

 INFO 07-15 17:56:18,553 CpuBottleneckDetectorImpl:63 [pool-8-thread-1] - Current cpu load: 0.0, # processed events: 0, consecutive: 0/2, threshold: 0.9 in VM-116
 INFO 07-15 17:56:19,552 SystemLoadProfiler:50 [pool-8-thread-1] - Average CPU Load: 0.0 in VM-116
 INFO 07-15 17:56:19,552 TaskEventRateCalculator:114 [pool-8-thread-1] - ---- Start of task processed event (# tasks: 1 in executor VM-116)----
METRICLOG/VM-116	Stage2-0-0	inputR: 0	inputP:0	output:0	inW:2026-07-15T17:55:35.290Z	ioutW:2026-07-15T17:55:35.290Z	ptime:0	dsertime:0	inbytes:0	sertime:0	outbytes:0	numKey:1683	owc:0
----- End of taks processed event ----

 INFO 07-15 17:56:19,553 CpuBottleneckDetectorImpl:63 [pool-8-thread-1] - Current cpu load: 0.0, # processed events: 0, consecutive: 0/2, threshold: 0.9 in VM-116
 INFO 07-15 17:56:20,552 SystemLoadProfiler:50 [pool-8-thread-1] - Average CPU Load: 0.0 in VM-116
 INFO 07-15 17:56:20,552 TaskEventRateCalculator:114 [pool-8-thread-1] - ---- Start of task processed event (# tasks: 1 in executor VM-116)----
METRICLOG/VM-116	Stage2-0-0	inputR: 0	inputP:0	output:0	inW:2026-07-15T17:55:35.290Z	ioutW:2026-07-15T17:55:35.290Z	ptime:0	dsertime:0	inbytes:0	sertime:0	outbytes:0	numKey:1683	owc:0
----- End of taks processed event ----

 INFO 07-15 17:56:20,553 CpuBottleneckDetectorImpl:63 [pool-8-thread-1] - Current cpu load: 0.0, # processed events: 0, consecutive: 0/2, threshold: 0.9 in VM-116
 INFO 07-15 17:56:21,552 SystemLoadProfiler:50 [pool-8-thread-1] - Average CPU Load: 0.0 in VM-116
 INFO 07-15 17:56:21,553 TaskEventRateCalculator:114 [pool-8-thread-1] - ---- Start of task processed event (# tasks: 1 in executor VM-116)----
METRICLOG/VM-116	Stage2-0-0	inputR: 0	inputP:0	output:0	inW:2026-07-15T17:55:35.290Z	ioutW:2026-07-15T17:55:35.290Z	ptime:0	dsertime:0	inbytes:0	sertime:0	outbytes:0	numKey:1683	owc:0
----- End of taks processed event ----

 INFO 07-15 17:56:21,553 CpuBottleneckDetectorImpl:63 [pool-8-thread-1] - Current cpu load: 0.0, # processed events: 0, consecutive: 0/2, threshold: 0.9 in VM-116
 INFO 07-15 17:56:22,552 SystemLoadProfiler:50 [pool-8-thread-1] - Average CPU Load: 0.0 in VM-116
 INFO 07-15 17:56:22,552 TaskEventRateCalculator:114 [pool-8-thread-1] - ---- Start of task processed event (# tasks: 1 in executor VM-116)----
METRICLOG/VM-116	Stage2-0-0	inputR: 0	inputP:0	output:0	inW:2026-07-15T17:55:35.290Z	ioutW:2026-07-15T17:55:35.290Z	ptime:0	dsertime:0	inbytes:0	sertime:0	outbytes:0	numKey:1683	owc:0
----- End of taks processed event ----

 INFO 07-15 17:56:22,553 CpuBottleneckDetectorImpl:63 [pool-8-thread-1] - Current cpu load: 0.0, # processed events: 0, consecutive: 0/2, threshold: 0.9 in VM-116
 INFO 07-15 17:56:23,552 SystemLoadProfiler:50 [pool-8-thread-1] - Average CPU Load: 0.0 in VM-116
 INFO 07-15 17:56:23,553 TaskEventRateCalculator:114 [pool-8-thread-1] - ---- Start of task processed event (# tasks: 1 in executor VM-116)----
METRICLOG/VM-116	Stage2-0-0	inputR: 0	inputP:0	output:0	inW:2026-07-15T17:55:35.290Z	ioutW:2026-07-15T17:55:35.290Z	ptime:0	dsertime:0	inbytes:0	sertime:0	outbytes:0	numKey:1683	owc:0
----- End of taks processed event ----

 INFO 07-15 17:56:23,553 CpuBottleneckDetectorImpl:63 [pool-8-thread-1] - Current cpu load: 0.0, # processed events: 0, consecutive: 0/2, threshold: 0.9 in VM-116
 INFO 07-15 17:56:24,552 SystemLoadProfiler:50 [pool-8-thread-1] - Average CPU Load: 0.0 in VM-116
 INFO 07-15 17:56:24,553 TaskEventRateCalculator:114 [pool-8-thread-1] - ---- Start of task processed event (# tasks: 1 in executor VM-116)----
METRICLOG/VM-116	Stage2-0-0	inputR: 0	inputP:0	output:0	inW:2026-07-15T17:55:35.290Z	ioutW:2026-07-15T17:55:35.290Z	ptime:0	dsertime:0	inbytes:0	sertime:0	outbytes:0	numKey:1683	owc:0
----- End of taks processed event ----

 INFO 07-15 17:56:24,553 CpuBottleneckDetectorImpl:63 [pool-8-thread-1] - Current cpu load: 0.0, # processed events: 0, consecutive: 0/2, threshold: 0.9 in VM-116
 INFO 07-15 17:56:25,552 SystemLoadProfiler:50 [pool-8-thread-1] - Average CPU Load: 0.0 in VM-116
 INFO 07-15 17:56:25,553 TaskEventRateCalculator:114 [pool-8-thread-1] - ---- Start of task processed event (# tasks: 1 in executor VM-116)----
METRICLOG/VM-116	Stage2-0-0	inputR: 0	inputP:0	output:0	inW:2026-07-15T17:55:35.290Z	ioutW:2026-07-15T17:55:35.290Z	ptime:0	dsertime:0	inbytes:0	sertime:0	outbytes:0	numKey:1683	owc:0
----- End of taks processed event ----

 INFO 07-15 17:56:25,553 CpuBottleneckDetectorImpl:63 [pool-8-thread-1] - Current cpu load: 0.0, # processed events: 0, consecutive: 0/2, threshold: 0.9 in VM-116
 INFO 07-15 17:56:26,552 SystemLoadProfiler:50 [pool-8-thread-1] - Average CPU Load: 0.0 in VM-116
 INFO 07-15 17:56:26,553 TaskEventRateCalculator:114 [pool-8-thread-1] - ---- Start of task processed event (# tasks: 1 in executor VM-116)----
METRICLOG/VM-116	Stage2-0-0	inputR: 0	inputP:0	output:0	inW:2026-07-15T17:55:35.290Z	ioutW:2026-07-15T17:55:35.290Z	ptime:0	dsertime:0	inbytes:0	sertime:0	outbytes:0	numKey:1683	owc:0
----- End of taks processed event ----

 INFO 07-15 17:56:26,553 CpuBottleneckDetectorImpl:63 [pool-8-thread-1] - Current cpu load: 0.0, # processed events: 0, consecutive: 0/2, threshold: 0.9 in VM-116
 INFO 07-15 17:56:27,552 SystemLoadProfiler:50 [pool-8-thread-1] - Average CPU Load: 0.0 in VM-116
 INFO 07-15 17:56:27,552 TaskEventRateCalculator:114 [pool-8-thread-1] - ---- Start of task processed event (# tasks: 1 in executor VM-116)----
METRICLOG/VM-116	Stage2-0-0	inputR: 0	inputP:0	output:0	inW:2026-07-15T17:55:35.290Z	ioutW:2026-07-15T17:55:35.290Z	ptime:0	dsertime:0	inbytes:0	sertime:0	outbytes:0	numKey:1683	owc:0
----- End of taks processed event ----

 INFO 07-15 17:56:27,553 CpuBottleneckDetectorImpl:63 [pool-8-thread-1] - Current cpu load: 0.0, # processed events: 0, consecutive: 0/2, threshold: 0.9 in VM-116
 INFO 07-15 17:56:28,552 SystemLoadProfiler:50 [pool-8-thread-1] - Average CPU Load: 0.0 in VM-116
 INFO 07-15 17:56:28,552 TaskEventRateCalculator:114 [pool-8-thread-1] - ---- Start of task processed event (# tasks: 1 in executor VM-116)----
METRICLOG/VM-116	Stage2-0-0	inputR: 0	inputP:0	output:0	inW:2026-07-15T17:55:35.290Z	ioutW:2026-07-15T17:55:35.290Z	ptime:0	dsertime:0	inbytes:0	sertime:0	outbytes:0	numKey:1683	owc:0
----- End of taks processed event ----

 INFO 07-15 17:56:28,553 CpuBottleneckDetectorImpl:63 [pool-8-thread-1] - Current cpu load: 0.0, # processed events: 0, consecutive: 0/2, threshold: 0.9 in VM-116
 INFO 07-15 17:56:29,552 SystemLoadProfiler:50 [pool-8-thread-1] - Average CPU Load: 0.0 in VM-116
 INFO 07-15 17:56:29,552 TaskEventRateCalculator:114 [pool-8-thread-1] - ---- Start of task processed event (# tasks: 1 in executor VM-116)----
METRICLOG/VM-116	Stage2-0-0	inputR: 0	inputP:0	output:0	inW:2026-07-15T17:55:35.290Z	ioutW:2026-07-15T17:55:35.290Z	ptime:0	dsertime:0	inbytes:0	sertime:0	outbytes:0	numKey:1683	owc:0
----- End of taks processed event ----

 INFO 07-15 17:56:29,553 CpuBottleneckDetectorImpl:63 [pool-8-thread-1] - Current cpu load: 0.0, # processed events: 0, consecutive: 0/2, threshold: 0.9 in VM-116
 INFO 07-15 17:56:30,552 SystemLoadProfiler:50 [pool-8-thread-1] - Average CPU Load: 0.0 in VM-116
 INFO 07-15 17:56:30,553 TaskEventRateCalculator:114 [pool-8-thread-1] - ---- Start of task processed event (# tasks: 1 in executor VM-116)----
METRICLOG/VM-116	Stage2-0-0	inputR: 0	inputP:0	output:0	inW:2026-07-15T17:55:35.290Z	ioutW:2026-07-15T17:55:35.290Z	ptime:0	dsertime:0	inbytes:0	sertime:0	outbytes:0	numKey:1683	owc:0
----- End of taks processed event ----

 INFO 07-15 17:56:30,553 CpuBottleneckDetectorImpl:63 [pool-8-thread-1] - Current cpu load: 0.0, # processed events: 0, consecutive: 0/2, threshold: 0.9 in VM-116
 INFO 07-15 17:56:31,552 SystemLoadProfiler:50 [pool-8-thread-1] - Average CPU Load: 0.0 in VM-116
 INFO 07-15 17:56:31,552 TaskEventRateCalculator:114 [pool-8-thread-1] - ---- Start of task processed event (# tasks: 1 in executor VM-116)----
METRICLOG/VM-116	Stage2-0-0	inputR: 0	inputP:0	output:0	inW:2026-07-15T17:55:35.290Z	ioutW:2026-07-15T17:55:35.290Z	ptime:0	dsertime:0	inbytes:0	sertime:0	outbytes:0	numKey:1683	owc:0
----- End of taks processed event ----

 INFO 07-15 17:56:31,553 CpuBottleneckDetectorImpl:63 [pool-8-thread-1] - Current cpu load: 0.0, # processed events: 0, consecutive: 0/2, threshold: 0.9 in VM-116
 INFO 07-15 17:56:32,552 SystemLoadProfiler:50 [pool-8-thread-1] - Average CPU Load: 0.0 in VM-116
 INFO 07-15 17:56:32,552 TaskEventRateCalculator:114 [pool-8-thread-1] - ---- Start of task processed event (# tasks: 1 in executor VM-116)----
METRICLOG/VM-116	Stage2-0-0	inputR: 0	inputP:0	output:0	inW:2026-07-15T17:55:35.290Z	ioutW:2026-07-15T17:55:35.290Z	ptime:0	dsertime:0	inbytes:0	sertime:0	outbytes:0	numKey:1683	owc:0
----- End of taks processed event ----

 INFO 07-15 17:56:32,553 CpuBottleneckDetectorImpl:63 [pool-8-thread-1] - Current cpu load: 0.0, # processed events: 0, consecutive: 0/2, threshold: 0.9 in VM-116
 INFO 07-15 17:56:33,552 SystemLoadProfiler:50 [pool-8-thread-1] - Average CPU Load: 0.0 in VM-116
 INFO 07-15 17:56:33,552 TaskEventRateCalculator:114 [pool-8-thread-1] - ---- Start of task processed event (# tasks: 1 in executor VM-116)----
METRICLOG/VM-116	Stage2-0-0	inputR: 0	inputP:0	output:0	inW:2026-07-15T17:55:35.290Z	ioutW:2026-07-15T17:55:35.290Z	ptime:0	dsertime:0	inbytes:0	sertime:0	outbytes:0	numKey:1683	owc:0
----- End of taks processed event ----

 INFO 07-15 17:56:33,553 CpuBottleneckDetectorImpl:63 [pool-8-thread-1] - Current cpu load: 0.0, # processed events: 0, consecutive: 0/2, threshold: 0.9 in VM-116
 INFO 07-15 17:56:34,552 SystemLoadProfiler:50 [pool-8-thread-1] - Average CPU Load: 0.0 in VM-116
 INFO 07-15 17:56:34,553 TaskEventRateCalculator:114 [pool-8-thread-1] - ---- Start of task processed event (# tasks: 1 in executor VM-116)----
METRICLOG/VM-116	Stage2-0-0	inputR: 0	inputP:0	output:0	inW:2026-07-15T17:55:35.290Z	ioutW:2026-07-15T17:55:35.290Z	ptime:0	dsertime:0	inbytes:0	sertime:0	outbytes:0	numKey:1683	owc:0
----- End of taks processed event ----

 INFO 07-15 17:56:34,553 CpuBottleneckDetectorImpl:63 [pool-8-thread-1] - Current cpu load: 0.0, # processed events: 0, consecutive: 0/2, threshold: 0.9 in VM-116
 INFO 07-15 17:56:35,552 SystemLoadProfiler:50 [pool-8-thread-1] - Average CPU Load: 0.0 in VM-116
 INFO 07-15 17:56:35,552 TaskEventRateCalculator:114 [pool-8-thread-1] - ---- Start of task processed event (# tasks: 1 in executor VM-116)----
METRICLOG/VM-116	Stage2-0-0	inputR: 0	inputP:0	output:0	inW:2026-07-15T17:55:35.290Z	ioutW:2026-07-15T17:55:35.290Z	ptime:0	dsertime:0	inbytes:0	sertime:0	outbytes:0	numKey:1683	owc:0
----- End of taks processed event ----

 INFO 07-15 17:56:35,553 CpuBottleneckDetectorImpl:63 [pool-8-thread-1] - Current cpu load: 0.0, # processed events: 0, consecutive: 0/2, threshold: 0.9 in VM-116
 INFO 07-15 17:56:36,552 SystemLoadProfiler:50 [pool-8-thread-1] - Average CPU Load: 0.0 in VM-116
 INFO 07-15 17:56:36,552 TaskEventRateCalculator:114 [pool-8-thread-1] - ---- Start of task processed event (# tasks: 1 in executor VM-116)----
METRICLOG/VM-116	Stage2-0-0	inputR: 0	inputP:0	output:0	inW:2026-07-15T17:55:35.290Z	ioutW:2026-07-15T17:55:35.290Z	ptime:0	dsertime:0	inbytes:0	sertime:0	outbytes:0	numKey:1683	owc:0
----- End of taks processed event ----

 INFO 07-15 17:56:36,553 CpuBottleneckDetectorImpl:63 [pool-8-thread-1] - Current cpu load: 0.0, # processed events: 0, consecutive: 0/2, threshold: 0.9 in VM-116
 INFO 07-15 17:56:37,552 SystemLoadProfiler:50 [pool-8-thread-1] - Average CPU Load: 0.0 in VM-116
 INFO 07-15 17:56:37,552 TaskEventRateCalculator:114 [pool-8-thread-1] - ---- Start of task processed event (# tasks: 1 in executor VM-116)----
METRICLOG/VM-116	Stage2-0-0	inputR: 0	inputP:0	output:0	inW:2026-07-15T17:55:35.290Z	ioutW:2026-07-15T17:55:35.290Z	ptime:0	dsertime:0	inbytes:0	sertime:0	outbytes:0	numKey:1683	owc:0
----- End of taks processed event ----

 INFO 07-15 17:56:37,553 CpuBottleneckDetectorImpl:63 [pool-8-thread-1] - Current cpu load: 0.0, # processed events: 0, consecutive: 0/2, threshold: 0.9 in VM-116
 INFO 07-15 17:56:38,552 SystemLoadProfiler:50 [pool-8-thread-1] - Average CPU Load: 0.0 in VM-116
 INFO 07-15 17:56:38,553 TaskEventRateCalculator:114 [pool-8-thread-1] - ---- Start of task processed event (# tasks: 1 in executor VM-116)----
METRICLOG/VM-116	Stage2-0-0	inputR: 0	inputP:0	output:0	inW:2026-07-15T17:55:35.290Z	ioutW:2026-07-15T17:55:35.290Z	ptime:0	dsertime:0	inbytes:0	sertime:0	outbytes:0	numKey:1683	owc:0
----- End of taks processed event ----

 INFO 07-15 17:56:38,553 CpuBottleneckDetectorImpl:63 [pool-8-thread-1] - Current cpu load: 0.0, # processed events: 0, consecutive: 0/2, threshold: 0.9 in VM-116
 INFO 07-15 17:56:39,552 SystemLoadProfiler:50 [pool-8-thread-1] - Average CPU Load: 0.0 in VM-116
 INFO 07-15 17:56:39,553 TaskEventRateCalculator:114 [pool-8-thread-1] - ---- Start of task processed event (# tasks: 1 in executor VM-116)----
METRICLOG/VM-116	Stage2-0-0	inputR: 0	inputP:0	output:0	inW:2026-07-15T17:55:35.290Z	ioutW:2026-07-15T17:55:35.290Z	ptime:0	dsertime:0	inbytes:0	sertime:0	outbytes:0	numKey:1683	owc:0
----- End of taks processed event ----

 INFO 07-15 17:56:39,553 CpuBottleneckDetectorImpl:63 [pool-8-thread-1] - Current cpu load: 0.0, # processed events: 0, consecutive: 0/2, threshold: 0.9 in VM-116
 INFO 07-15 17:56:40,552 SystemLoadProfiler:50 [pool-8-thread-1] - Average CPU Load: 0.0 in VM-116
 INFO 07-15 17:56:40,552 TaskEventRateCalculator:114 [pool-8-thread-1] - ---- Start of task processed event (# tasks: 1 in executor VM-116)----
METRICLOG/VM-116	Stage2-0-0	inputR: 0	inputP:0	output:0	inW:2026-07-15T17:55:35.290Z	ioutW:2026-07-15T17:55:35.290Z	ptime:0	dsertime:0	inbytes:0	sertime:0	outbytes:0	numKey:1683	owc:0
----- End of taks processed event ----

 INFO 07-15 17:56:40,553 CpuBottleneckDetectorImpl:63 [pool-8-thread-1] - Current cpu load: 0.0, # processed events: 0, consecutive: 0/2, threshold: 0.9 in VM-116
 INFO 07-15 17:56:41,552 SystemLoadProfiler:50 [pool-8-thread-1] - Average CPU Load: 0.0 in VM-116
 INFO 07-15 17:56:41,552 TaskEventRateCalculator:114 [pool-8-thread-1] - ---- Start of task processed event (# tasks: 1 in executor VM-116)----
METRICLOG/VM-116	Stage2-0-0	inputR: 0	inputP:0	output:0	inW:2026-07-15T17:55:35.290Z	ioutW:2026-07-15T17:55:35.290Z	ptime:0	dsertime:0	inbytes:0	sertime:0	outbytes:0	numKey:1683	owc:0
----- End of taks processed event ----

 INFO 07-15 17:56:41,553 CpuBottleneckDetectorImpl:63 [pool-8-thread-1] - Current cpu load: 0.0, # processed events: 0, consecutive: 0/2, threshold: 0.9 in VM-116
 INFO 07-15 17:56:42,552 SystemLoadProfiler:50 [pool-8-thread-1] - Average CPU Load: 0.0 in VM-116
 INFO 07-15 17:56:42,552 TaskEventRateCalculator:114 [pool-8-thread-1] - ---- Start of task processed event (# tasks: 1 in executor VM-116)----
METRICLOG/VM-116	Stage2-0-0	inputR: 0	inputP:0	output:0	inW:2026-07-15T17:55:35.290Z	ioutW:2026-07-15T17:55:35.290Z	ptime:0	dsertime:0	inbytes:0	sertime:0	outbytes:0	numKey:1683	owc:0
----- End of taks processed event ----

 INFO 07-15 17:56:42,553 CpuBottleneckDetectorImpl:63 [pool-8-thread-1] - Current cpu load: 0.0, # processed events: 0, consecutive: 0/2, threshold: 0.9 in VM-116
 INFO 07-15 17:56:43,552 SystemLoadProfiler:50 [pool-8-thread-1] - Average CPU Load: 0.0 in VM-116
 INFO 07-15 17:56:43,553 TaskEventRateCalculator:114 [pool-8-thread-1] - ---- Start of task processed event (# tasks: 1 in executor VM-116)----
METRICLOG/VM-116	Stage2-0-0	inputR: 0	inputP:0	output:0	inW:2026-07-15T17:55:35.290Z	ioutW:2026-07-15T17:55:35.290Z	ptime:0	dsertime:0	inbytes:0	sertime:0	outbytes:0	numKey:1683	owc:0
----- End of taks processed event ----

 INFO 07-15 17:56:43,553 CpuBottleneckDetectorImpl:63 [pool-8-thread-1] - Current cpu load: 0.0, # processed events: 0, consecutive: 0/2, threshold: 0.9 in VM-116
 INFO 07-15 17:56:44,552 SystemLoadProfiler:50 [pool-8-thread-1] - Average CPU Load: 0.0 in VM-116
 INFO 07-15 17:56:44,552 TaskEventRateCalculator:114 [pool-8-thread-1] - ---- Start of task processed event (# tasks: 1 in executor VM-116)----
METRICLOG/VM-116	Stage2-0-0	inputR: 0	inputP:0	output:0	inW:2026-07-15T17:55:35.290Z	ioutW:2026-07-15T17:55:35.290Z	ptime:0	dsertime:0	inbytes:0	sertime:0	outbytes:0	numKey:1683	owc:0
----- End of taks processed event ----

 INFO 07-15 17:56:44,553 CpuBottleneckDetectorImpl:63 [pool-8-thread-1] - Current cpu load: 0.0, # processed events: 0, consecutive: 0/2, threshold: 0.9 in VM-116
 INFO 07-15 17:56:45,552 SystemLoadProfiler:50 [pool-8-thread-1] - Average CPU Load: 0.0 in VM-116
 INFO 07-15 17:56:45,553 TaskEventRateCalculator:114 [pool-8-thread-1] - ---- Start of task processed event (# tasks: 1 in executor VM-116)----
METRICLOG/VM-116	Stage2-0-0	inputR: 0	inputP:0	output:0	inW:2026-07-15T17:55:35.290Z	ioutW:2026-07-15T17:55:35.290Z	ptime:0	dsertime:0	inbytes:0	sertime:0	outbytes:0	numKey:1683	owc:0
----- End of taks processed event ----

 INFO 07-15 17:56:45,553 CpuBottleneckDetectorImpl:63 [pool-8-thread-1] - Current cpu load: 0.0, # processed events: 0, consecutive: 0/2, threshold: 0.9 in VM-116
 INFO 07-15 17:56:46,552 SystemLoadProfiler:50 [pool-8-thread-1] - Average CPU Load: 0.0 in VM-116
 INFO 07-15 17:56:46,552 TaskEventRateCalculator:114 [pool-8-thread-1] - ---- Start of task processed event (# tasks: 1 in executor VM-116)----
METRICLOG/VM-116	Stage2-0-0	inputR: 0	inputP:0	output:0	inW:2026-07-15T17:55:35.290Z	ioutW:2026-07-15T17:55:35.290Z	ptime:0	dsertime:0	inbytes:0	sertime:0	outbytes:0	numKey:1683	owc:0
----- End of taks processed event ----

 INFO 07-15 17:56:46,553 CpuBottleneckDetectorImpl:63 [pool-8-thread-1] - Current cpu load: 0.0, # processed events: 0, consecutive: 0/2, threshold: 0.9 in VM-116
 INFO 07-15 17:56:47,552 SystemLoadProfiler:50 [pool-8-thread-1] - Average CPU Load: 0.0 in VM-116
 INFO 07-15 17:56:47,552 TaskEventRateCalculator:114 [pool-8-thread-1] - ---- Start of task processed event (# tasks: 1 in executor VM-116)----
METRICLOG/VM-116	Stage2-0-0	inputR: 0	inputP:0	output:0	inW:2026-07-15T17:55:35.290Z	ioutW:2026-07-15T17:55:35.290Z	ptime:0	dsertime:0	inbytes:0	sertime:0	outbytes:0	numKey:1683	owc:0
----- End of taks processed event ----

 INFO 07-15 17:56:47,553 CpuBottleneckDetectorImpl:63 [pool-8-thread-1] - Current cpu load: 0.0, # processed events: 0, consecutive: 0/2, threshold: 0.9 in VM-116
 INFO 07-15 17:56:48,552 SystemLoadProfiler:50 [pool-8-thread-1] - Average CPU Load: 0.0 in VM-116
 INFO 07-15 17:56:48,552 TaskEventRateCalculator:114 [pool-8-thread-1] - ---- Start of task processed event (# tasks: 1 in executor VM-116)----
METRICLOG/VM-116	Stage2-0-0	inputR: 0	inputP:0	output:0	inW:2026-07-15T17:55:35.290Z	ioutW:2026-07-15T17:55:35.290Z	ptime:0	dsertime:0	inbytes:0	sertime:0	outbytes:0	numKey:1683	owc:0
----- End of taks processed event ----

 INFO 07-15 17:56:48,553 CpuBottleneckDetectorImpl:63 [pool-8-thread-1] - Current cpu load: 0.0, # processed events: 0, consecutive: 0/2, threshold: 0.9 in VM-116
 INFO 07-15 17:56:49,552 SystemLoadProfiler:50 [pool-8-thread-1] - Average CPU Load: 0.0 in VM-116
 INFO 07-15 17:56:49,552 TaskEventRateCalculator:114 [pool-8-thread-1] - ---- Start of task processed event (# tasks: 1 in executor VM-116)----
METRICLOG/VM-116	Stage2-0-0	inputR: 0	inputP:0	output:0	inW:2026-07-15T17:55:35.290Z	ioutW:2026-07-15T17:55:35.290Z	ptime:0	dsertime:0	inbytes:0	sertime:0	outbytes:0	numKey:1683	owc:0
----- End of taks processed event ----

 INFO 07-15 17:56:49,553 CpuBottleneckDetectorImpl:63 [pool-8-thread-1] - Current cpu load: 0.0, # processed events: 0, consecutive: 0/2, threshold: 0.9 in VM-116
 INFO 07-15 17:56:50,552 SystemLoadProfiler:50 [pool-8-thread-1] - Average CPU Load: 0.0 in VM-116
 INFO 07-15 17:56:50,552 TaskEventRateCalculator:114 [pool-8-thread-1] - ---- Start of task processed event (# tasks: 1 in executor VM-116)----
METRICLOG/VM-116	Stage2-0-0	inputR: 0	inputP:0	output:0	inW:2026-07-15T17:55:35.290Z	ioutW:2026-07-15T17:55:35.290Z	ptime:0	dsertime:0	inbytes:0	sertime:0	outbytes:0	numKey:1683	owc:0
----- End of taks processed event ----

 INFO 07-15 17:56:50,553 CpuBottleneckDetectorImpl:63 [pool-8-thread-1] - Current cpu load: 0.0, # processed events: 0, consecutive: 0/2, threshold: 0.9 in VM-116
 INFO 07-15 17:56:51,552 SystemLoadProfiler:50 [pool-8-thread-1] - Average CPU Load: 0.0 in VM-116
 INFO 07-15 17:56:51,552 TaskEventRateCalculator:114 [pool-8-thread-1] - ---- Start of task processed event (# tasks: 1 in executor VM-116)----
METRICLOG/VM-116	Stage2-0-0	inputR: 0	inputP:0	output:0	inW:2026-07-15T17:55:35.290Z	ioutW:2026-07-15T17:55:35.290Z	ptime:0	dsertime:0	inbytes:0	sertime:0	outbytes:0	numKey:1683	owc:0
----- End of taks processed event ----

 INFO 07-15 17:56:51,553 CpuBottleneckDetectorImpl:63 [pool-8-thread-1] - Current cpu load: 0.0, # processed events: 0, consecutive: 0/2, threshold: 0.9 in VM-116
 INFO 07-15 17:56:52,552 SystemLoadProfiler:50 [pool-8-thread-1] - Average CPU Load: 0.0 in VM-116
 INFO 07-15 17:56:52,552 TaskEventRateCalculator:114 [pool-8-thread-1] - ---- Start of task processed event (# tasks: 1 in executor VM-116)----
METRICLOG/VM-116	Stage2-0-0	inputR: 0	inputP:0	output:0	inW:2026-07-15T17:55:35.290Z	ioutW:2026-07-15T17:55:35.290Z	ptime:0	dsertime:0	inbytes:0	sertime:0	outbytes:0	numKey:1683	owc:0
----- End of taks processed event ----

 INFO 07-15 17:56:52,553 CpuBottleneckDetectorImpl:63 [pool-8-thread-1] - Current cpu load: 0.0, # processed events: 0, consecutive: 0/2, threshold: 0.9 in VM-116
 INFO 07-15 17:56:53,552 SystemLoadProfiler:50 [pool-8-thread-1] - Average CPU Load: 0.0 in VM-116
 INFO 07-15 17:56:53,552 TaskEventRateCalculator:114 [pool-8-thread-1] - ---- Start of task processed event (# tasks: 1 in executor VM-116)----
METRICLOG/VM-116	Stage2-0-0	inputR: 0	inputP:0	output:0	inW:2026-07-15T17:55:35.290Z	ioutW:2026-07-15T17:55:35.290Z	ptime:0	dsertime:0	inbytes:0	sertime:0	outbytes:0	numKey:1683	owc:0
----- End of taks processed event ----

 INFO 07-15 17:56:53,553 CpuBottleneckDetectorImpl:63 [pool-8-thread-1] - Current cpu load: 0.0, # processed events: 0, consecutive: 0/2, threshold: 0.9 in VM-116
 INFO 07-15 17:56:54,552 SystemLoadProfiler:50 [pool-8-thread-1] - Average CPU Load: 0.0 in VM-116
 INFO 07-15 17:56:54,552 TaskEventRateCalculator:114 [pool-8-thread-1] - ---- Start of task processed event (# tasks: 1 in executor VM-116)----
METRICLOG/VM-116	Stage2-0-0	inputR: 0	inputP:0	output:0	inW:2026-07-15T17:55:35.290Z	ioutW:2026-07-15T17:55:35.290Z	ptime:0	dsertime:0	inbytes:0	sertime:0	outbytes:0	numKey:1683	owc:0
----- End of taks processed event ----

 INFO 07-15 17:56:54,553 CpuBottleneckDetectorImpl:63 [pool-8-thread-1] - Current cpu load: 0.0, # processed events: 0, consecutive: 0/2, threshold: 0.9 in VM-116
 INFO 07-15 17:56:55,552 SystemLoadProfiler:50 [pool-8-thread-1] - Average CPU Load: 0.0 in VM-116
 INFO 07-15 17:56:55,552 TaskEventRateCalculator:114 [pool-8-thread-1] - ---- Start of task processed event (# tasks: 1 in executor VM-116)----
METRICLOG/VM-116	Stage2-0-0	inputR: 0	inputP:0	output:0	inW:2026-07-15T17:55:35.290Z	ioutW:2026-07-15T17:55:35.290Z	ptime:0	dsertime:0	inbytes:0	sertime:0	outbytes:0	numKey:1683	owc:0
----- End of taks processed event ----

 INFO 07-15 17:56:55,553 CpuBottleneckDetectorImpl:63 [pool-8-thread-1] - Current cpu load: 0.0, # processed events: 0, consecutive: 0/2, threshold: 0.9 in VM-116
 INFO 07-15 17:56:56,552 SystemLoadProfiler:50 [pool-8-thread-1] - Average CPU Load: 0.0 in VM-116
 INFO 07-15 17:56:56,552 TaskEventRateCalculator:114 [pool-8-thread-1] - ---- Start of task processed event (# tasks: 1 in executor VM-116)----
METRICLOG/VM-116	Stage2-0-0	inputR: 0	inputP:0	output:0	inW:2026-07-15T17:55:35.290Z	ioutW:2026-07-15T17:55:35.290Z	ptime:0	dsertime:0	inbytes:0	sertime:0	outbytes:0	numKey:1683	owc:0
----- End of taks processed event ----

 INFO 07-15 17:56:56,553 CpuBottleneckDetectorImpl:63 [pool-8-thread-1] - Current cpu load: 0.0, # processed events: 0, consecutive: 0/2, threshold: 0.9 in VM-116
 INFO 07-15 17:56:57,552 SystemLoadProfiler:50 [pool-8-thread-1] - Average CPU Load: 0.0 in VM-116
 INFO 07-15 17:56:57,552 TaskEventRateCalculator:114 [pool-8-thread-1] - ---- Start of task processed event (# tasks: 1 in executor VM-116)----
METRICLOG/VM-116	Stage2-0-0	inputR: 0	inputP:0	output:0	inW:2026-07-15T17:55:35.290Z	ioutW:2026-07-15T17:55:35.290Z	ptime:0	dsertime:0	inbytes:0	sertime:0	outbytes:0	numKey:1683	owc:0
----- End of taks processed event ----

 INFO 07-15 17:56:57,553 CpuBottleneckDetectorImpl:63 [pool-8-thread-1] - Current cpu load: 0.0, # processed events: 0, consecutive: 0/2, threshold: 0.9 in VM-116
 INFO 07-15 17:56:58,552 SystemLoadProfiler:50 [pool-8-thread-1] - Average CPU Load: 0.0 in VM-116
 INFO 07-15 17:56:58,552 TaskEventRateCalculator:114 [pool-8-thread-1] - ---- Start of task processed event (# tasks: 1 in executor VM-116)----
METRICLOG/VM-116	Stage2-0-0	inputR: 0	inputP:0	output:0	inW:2026-07-15T17:55:35.290Z	ioutW:2026-07-15T17:55:35.290Z	ptime:0	dsertime:0	inbytes:0	sertime:0	outbytes:0	numKey:1683	owc:0
----- End of taks processed event ----

 INFO 07-15 17:56:58,553 CpuBottleneckDetectorImpl:63 [pool-8-thread-1] - Current cpu load: 0.0, # processed events: 0, consecutive: 0/2, threshold: 0.9 in VM-116
 INFO 07-15 17:56:59,552 SystemLoadProfiler:50 [pool-8-thread-1] - Average CPU Load: 0.0 in VM-116
 INFO 07-15 17:56:59,552 TaskEventRateCalculator:114 [pool-8-thread-1] - ---- Start of task processed event (# tasks: 1 in executor VM-116)----
METRICLOG/VM-116	Stage2-0-0	inputR: 0	inputP:0	output:0	inW:2026-07-15T17:55:35.290Z	ioutW:2026-07-15T17:55:35.290Z	ptime:0	dsertime:0	inbytes:0	sertime:0	outbytes:0	numKey:1683	owc:0
----- End of taks processed event ----

 INFO 07-15 17:56:59,553 CpuBottleneckDetectorImpl:63 [pool-8-thread-1] - Current cpu load: 0.0, # processed events: 0, consecutive: 0/2, threshold: 0.9 in VM-116
 INFO 07-15 17:57:00,552 SystemLoadProfiler:50 [pool-8-thread-1] - Average CPU Load: 0.0 in VM-116
 INFO 07-15 17:57:00,552 TaskEventRateCalculator:114 [pool-8-thread-1] - ---- Start of task processed event (# tasks: 1 in executor VM-116)----
METRICLOG/VM-116	Stage2-0-0	inputR: 0	inputP:0	output:0	inW:2026-07-15T17:55:35.290Z	ioutW:2026-07-15T17:55:35.290Z	ptime:0	dsertime:0	inbytes:0	sertime:0	outbytes:0	numKey:1683	owc:0
----- End of taks processed event ----

 INFO 07-15 17:57:00,553 CpuBottleneckDetectorImpl:63 [pool-8-thread-1] - Current cpu load: 0.0, # processed events: 0, consecutive: 0/2, threshold: 0.9 in VM-116
 INFO 07-15 17:57:01,552 SystemLoadProfiler:50 [pool-8-thread-1] - Average CPU Load: 0.0 in VM-116
 INFO 07-15 17:57:01,552 TaskEventRateCalculator:114 [pool-8-thread-1] - ---- Start of task processed event (# tasks: 1 in executor VM-116)----
METRICLOG/VM-116	Stage2-0-0	inputR: 0	inputP:0	output:0	inW:2026-07-15T17:55:35.290Z	ioutW:2026-07-15T17:55:35.290Z	ptime:0	dsertime:0	inbytes:0	sertime:0	outbytes:0	numKey:1683	owc:0
----- End of taks processed event ----

 INFO 07-15 17:57:01,553 CpuBottleneckDetectorImpl:63 [pool-8-thread-1] - Current cpu load: 0.0, # processed events: 0, consecutive: 0/2, threshold: 0.9 in VM-116
 INFO 07-15 17:57:02,552 SystemLoadProfiler:50 [pool-8-thread-1] - Average CPU Load: 0.0 in VM-116
 INFO 07-15 17:57:02,552 TaskEventRateCalculator:114 [pool-8-thread-1] - ---- Start of task processed event (# tasks: 1 in executor VM-116)----
METRICLOG/VM-116	Stage2-0-0	inputR: 0	inputP:0	output:0	inW:2026-07-15T17:55:35.290Z	ioutW:2026-07-15T17:55:35.290Z	ptime:0	dsertime:0	inbytes:0	sertime:0	outbytes:0	numKey:1683	owc:0
----- End of taks processed event ----

 INFO 07-15 17:57:02,553 CpuBottleneckDetectorImpl:63 [pool-8-thread-1] - Current cpu load: 0.0, # processed events: 0, consecutive: 0/2, threshold: 0.9 in VM-116
 INFO 07-15 17:57:03,552 SystemLoadProfiler:50 [pool-8-thread-1] - Average CPU Load: 0.0 in VM-116
 INFO 07-15 17:57:03,552 TaskEventRateCalculator:114 [pool-8-thread-1] - ---- Start of task processed event (# tasks: 1 in executor VM-116)----
METRICLOG/VM-116	Stage2-0-0	inputR: 0	inputP:0	output:0	inW:2026-07-15T17:55:35.290Z	ioutW:2026-07-15T17:55:35.290Z	ptime:0	dsertime:0	inbytes:0	sertime:0	outbytes:0	numKey:1683	owc:0
----- End of taks processed event ----

 INFO 07-15 17:57:03,553 CpuBottleneckDetectorImpl:63 [pool-8-thread-1] - Current cpu load: 0.0, # processed events: 0, consecutive: 0/2, threshold: 0.9 in VM-116
 INFO 07-15 17:57:04,552 SystemLoadProfiler:50 [pool-8-thread-1] - Average CPU Load: 0.0 in VM-116
 INFO 07-15 17:57:04,552 TaskEventRateCalculator:114 [pool-8-thread-1] - ---- Start of task processed event (# tasks: 1 in executor VM-116)----
METRICLOG/VM-116	Stage2-0-0	inputR: 0	inputP:0	output:0	inW:2026-07-15T17:55:35.290Z	ioutW:2026-07-15T17:55:35.290Z	ptime:0	dsertime:0	inbytes:0	sertime:0	outbytes:0	numKey:1683	owc:0
----- End of taks processed event ----

 INFO 07-15 17:57:04,553 CpuBottleneckDetectorImpl:63 [pool-8-thread-1] - Current cpu load: 0.0, # processed events: 0, consecutive: 0/2, threshold: 0.9 in VM-116
 INFO 07-15 17:57:05,552 SystemLoadProfiler:50 [pool-8-thread-1] - Average CPU Load: 0.0 in VM-116
 INFO 07-15 17:57:05,552 TaskEventRateCalculator:114 [pool-8-thread-1] - ---- Start of task processed event (# tasks: 1 in executor VM-116)----
METRICLOG/VM-116	Stage2-0-0	inputR: 0	inputP:0	output:0	inW:2026-07-15T17:55:35.290Z	ioutW:2026-07-15T17:55:35.290Z	ptime:0	dsertime:0	inbytes:0	sertime:0	outbytes:0	numKey:1683	owc:0
----- End of taks processed event ----

 INFO 07-15 17:57:05,553 CpuBottleneckDetectorImpl:63 [pool-8-thread-1] - Current cpu load: 0.0, # processed events: 0, consecutive: 0/2, threshold: 0.9 in VM-116
 INFO 07-15 17:57:06,552 SystemLoadProfiler:50 [pool-8-thread-1] - Average CPU Load: 0.0 in VM-116
 INFO 07-15 17:57:06,553 TaskEventRateCalculator:114 [pool-8-thread-1] - ---- Start of task processed event (# tasks: 1 in executor VM-116)----
METRICLOG/VM-116	Stage2-0-0	inputR: 0	inputP:0	output:0	inW:2026-07-15T17:55:35.290Z	ioutW:2026-07-15T17:55:35.290Z	ptime:0	dsertime:0	inbytes:0	sertime:0	outbytes:0	numKey:1683	owc:0
----- End of taks processed event ----

 INFO 07-15 17:57:06,553 CpuBottleneckDetectorImpl:63 [pool-8-thread-1] - Current cpu load: 0.0, # processed events: 0, consecutive: 0/2, threshold: 0.9 in VM-116
 INFO 07-15 17:57:07,552 SystemLoadProfiler:50 [pool-8-thread-1] - Average CPU Load: 0.0 in VM-116
 INFO 07-15 17:57:07,552 TaskEventRateCalculator:114 [pool-8-thread-1] - ---- Start of task processed event (# tasks: 1 in executor VM-116)----
METRICLOG/VM-116	Stage2-0-0	inputR: 0	inputP:0	output:0	inW:2026-07-15T17:55:35.290Z	ioutW:2026-07-15T17:55:35.290Z	ptime:0	dsertime:0	inbytes:0	sertime:0	outbytes:0	numKey:1683	owc:0
----- End of taks processed event ----

 INFO 07-15 17:57:07,553 CpuBottleneckDetectorImpl:63 [pool-8-thread-1] - Current cpu load: 0.0, # processed events: 0, consecutive: 0/2, threshold: 0.9 in VM-116
 INFO 07-15 17:57:08,552 SystemLoadProfiler:50 [pool-8-thread-1] - Average CPU Load: 0.0 in VM-116
 INFO 07-15 17:57:08,552 TaskEventRateCalculator:114 [pool-8-thread-1] - ---- Start of task processed event (# tasks: 1 in executor VM-116)----
METRICLOG/VM-116	Stage2-0-0	inputR: 0	inputP:0	output:0	inW:2026-07-15T17:55:35.290Z	ioutW:2026-07-15T17:55:35.290Z	ptime:0	dsertime:0	inbytes:0	sertime:0	outbytes:0	numKey:1683	owc:0
----- End of taks processed event ----

 INFO 07-15 17:57:08,553 CpuBottleneckDetectorImpl:63 [pool-8-thread-1] - Current cpu load: 0.0, # processed events: 0, consecutive: 0/2, threshold: 0.9 in VM-116
 INFO 07-15 17:57:09,552 SystemLoadProfiler:50 [pool-8-thread-1] - Average CPU Load: 0.0 in VM-116
 INFO 07-15 17:57:09,552 TaskEventRateCalculator:114 [pool-8-thread-1] - ---- Start of task processed event (# tasks: 1 in executor VM-116)----
METRICLOG/VM-116	Stage2-0-0	inputR: 0	inputP:0	output:0	inW:2026-07-15T17:55:35.290Z	ioutW:2026-07-15T17:55:35.290Z	ptime:0	dsertime:0	inbytes:0	sertime:0	outbytes:0	numKey:1683	owc:0
----- End of taks processed event ----

 INFO 07-15 17:57:09,553 CpuBottleneckDetectorImpl:63 [pool-8-thread-1] - Current cpu load: 0.0, # processed events: 0, consecutive: 0/2, threshold: 0.9 in VM-116
 INFO 07-15 17:57:10,552 SystemLoadProfiler:50 [pool-8-thread-1] - Average CPU Load: 0.0 in VM-116
 INFO 07-15 17:57:10,552 TaskEventRateCalculator:114 [pool-8-thread-1] - ---- Start of task processed event (# tasks: 1 in executor VM-116)----
METRICLOG/VM-116	Stage2-0-0	inputR: 0	inputP:0	output:0	inW:2026-07-15T17:55:35.290Z	ioutW:2026-07-15T17:55:35.290Z	ptime:0	dsertime:0	inbytes:0	sertime:0	outbytes:0	numKey:1683	owc:0
----- End of taks processed event ----

 INFO 07-15 17:57:10,553 CpuBottleneckDetectorImpl:63 [pool-8-thread-1] - Current cpu load: 0.0, # processed events: 0, consecutive: 0/2, threshold: 0.9 in VM-116
 INFO 07-15 17:57:11,552 SystemLoadProfiler:50 [pool-8-thread-1] - Average CPU Load: 0.0 in VM-116
 INFO 07-15 17:57:11,552 TaskEventRateCalculator:114 [pool-8-thread-1] - ---- Start of task processed event (# tasks: 1 in executor VM-116)----
METRICLOG/VM-116	Stage2-0-0	inputR: 0	inputP:0	output:0	inW:2026-07-15T17:55:35.290Z	ioutW:2026-07-15T17:55:35.290Z	ptime:0	dsertime:0	inbytes:0	sertime:0	outbytes:0	numKey:1683	owc:0
----- End of taks processed event ----

 INFO 07-15 17:57:11,553 CpuBottleneckDetectorImpl:63 [pool-8-thread-1] - Current cpu load: 0.0, # processed events: 0, consecutive: 0/2, threshold: 0.9 in VM-116
 INFO 07-15 17:57:12,552 SystemLoadProfiler:50 [pool-8-thread-1] - Average CPU Load: 0.0 in VM-116
 INFO 07-15 17:57:12,553 TaskEventRateCalculator:114 [pool-8-thread-1] - ---- Start of task processed event (# tasks: 1 in executor VM-116)----
METRICLOG/VM-116	Stage2-0-0	inputR: 0	inputP:0	output:0	inW:2026-07-15T17:55:35.290Z	ioutW:2026-07-15T17:55:35.290Z	ptime:0	dsertime:0	inbytes:0	sertime:0	outbytes:0	numKey:1683	owc:0
----- End of taks processed event ----

 INFO 07-15 17:57:12,553 CpuBottleneckDetectorImpl:63 [pool-8-thread-1] - Current cpu load: 0.0, # processed events: 0, consecutive: 0/2, threshold: 0.9 in VM-116
 INFO 07-15 17:57:13,552 SystemLoadProfiler:50 [pool-8-thread-1] - Average CPU Load: 0.0 in VM-116
 INFO 07-15 17:57:13,552 TaskEventRateCalculator:114 [pool-8-thread-1] - ---- Start of task processed event (# tasks: 1 in executor VM-116)----
METRICLOG/VM-116	Stage2-0-0	inputR: 0	inputP:0	output:0	inW:2026-07-15T17:55:35.290Z	ioutW:2026-07-15T17:55:35.290Z	ptime:0	dsertime:0	inbytes:0	sertime:0	outbytes:0	numKey:1683	owc:0
----- End of taks processed event ----

 INFO 07-15 17:57:13,553 CpuBottleneckDetectorImpl:63 [pool-8-thread-1] - Current cpu load: 0.0, # processed events: 0, consecutive: 0/2, threshold: 0.9 in VM-116
 INFO 07-15 17:57:14,552 SystemLoadProfiler:50 [pool-8-thread-1] - Average CPU Load: 0.0 in VM-116
 INFO 07-15 17:57:14,552 TaskEventRateCalculator:114 [pool-8-thread-1] - ---- Start of task processed event (# tasks: 1 in executor VM-116)----
METRICLOG/VM-116	Stage2-0-0	inputR: 0	inputP:0	output:0	inW:2026-07-15T17:55:35.290Z	ioutW:2026-07-15T17:55:35.290Z	ptime:0	dsertime:0	inbytes:0	sertime:0	outbytes:0	numKey:1683	owc:0
----- End of taks processed event ----

 INFO 07-15 17:57:14,553 CpuBottleneckDetectorImpl:63 [pool-8-thread-1] - Current cpu load: 0.0, # processed events: 0, consecutive: 0/2, threshold: 0.9 in VM-116
 INFO 07-15 17:57:15,552 SystemLoadProfiler:50 [pool-8-thread-1] - Average CPU Load: 0.0 in VM-116
 INFO 07-15 17:57:15,552 TaskEventRateCalculator:114 [pool-8-thread-1] - ---- Start of task processed event (# tasks: 1 in executor VM-116)----
METRICLOG/VM-116	Stage2-0-0	inputR: 0	inputP:0	output:0	inW:2026-07-15T17:55:35.290Z	ioutW:2026-07-15T17:55:35.290Z	ptime:0	dsertime:0	inbytes:0	sertime:0	outbytes:0	numKey:1683	owc:0
----- End of taks processed event ----

 INFO 07-15 17:57:15,553 CpuBottleneckDetectorImpl:63 [pool-8-thread-1] - Current cpu load: 0.0, # processed events: 0, consecutive: 0/2, threshold: 0.9 in VM-116
 INFO 07-15 17:57:16,553 SystemLoadProfiler:50 [pool-8-thread-1] - Average CPU Load: 0.0 in VM-116
 INFO 07-15 17:57:16,554 TaskEventRateCalculator:114 [pool-8-thread-1] - ---- Start of task processed event (# tasks: 1 in executor VM-116)----
METRICLOG/VM-116	Stage2-0-0	inputR: 0	inputP:0	output:0	inW:2026-07-15T17:55:35.290Z	ioutW:2026-07-15T17:55:35.290Z	ptime:0	dsertime:0	inbytes:0	sertime:0	outbytes:0	numKey:1683	owc:0
----- End of taks processed event ----

 INFO 07-15 17:57:16,554 CpuBottleneckDetectorImpl:63 [pool-8-thread-1] - Current cpu load: 0.0, # processed events: 0, consecutive: 0/2, threshold: 0.9 in VM-116
 INFO 07-15 17:57:17,552 SystemLoadProfiler:50 [pool-8-thread-1] - Average CPU Load: 0.0 in VM-116
 INFO 07-15 17:57:17,552 TaskEventRateCalculator:114 [pool-8-thread-1] - ---- Start of task processed event (# tasks: 1 in executor VM-116)----
METRICLOG/VM-116	Stage2-0-0	inputR: 0	inputP:0	output:0	inW:2026-07-15T17:55:35.290Z	ioutW:2026-07-15T17:55:35.290Z	ptime:0	dsertime:0	inbytes:0	sertime:0	outbytes:0	numKey:1683	owc:0
----- End of taks processed event ----

 INFO 07-15 17:57:17,553 CpuBottleneckDetectorImpl:63 [pool-8-thread-1] - Current cpu load: 0.0, # processed events: 0, consecutive: 0/2, threshold: 0.9 in VM-116
 INFO 07-15 17:57:18,552 SystemLoadProfiler:50 [pool-8-thread-1] - Average CPU Load: 0.0 in VM-116
 INFO 07-15 17:57:18,552 TaskEventRateCalculator:114 [pool-8-thread-1] - ---- Start of task processed event (# tasks: 1 in executor VM-116)----
METRICLOG/VM-116	Stage2-0-0	inputR: 0	inputP:0	output:0	inW:2026-07-15T17:55:35.290Z	ioutW:2026-07-15T17:55:35.290Z	ptime:0	dsertime:0	inbytes:0	sertime:0	outbytes:0	numKey:1683	owc:0
----- End of taks processed event ----

 INFO 07-15 17:57:18,553 CpuBottleneckDetectorImpl:63 [pool-8-thread-1] - Current cpu load: 0.0, # processed events: 0, consecutive: 0/2, threshold: 0.9 in VM-116
 INFO 07-15 17:57:19,552 SystemLoadProfiler:50 [pool-8-thread-1] - Average CPU Load: 0.0 in VM-116
 INFO 07-15 17:57:19,552 TaskEventRateCalculator:114 [pool-8-thread-1] - ---- Start of task processed event (# tasks: 1 in executor VM-116)----
METRICLOG/VM-116	Stage2-0-0	inputR: 0	inputP:0	output:0	inW:2026-07-15T17:55:35.290Z	ioutW:2026-07-15T17:55:35.290Z	ptime:0	dsertime:0	inbytes:0	sertime:0	outbytes:0	numKey:1683	owc:0
----- End of taks processed event ----

 INFO 07-15 17:57:19,553 CpuBottleneckDetectorImpl:63 [pool-8-thread-1] - Current cpu load: 0.0, # processed events: 0, consecutive: 0/2, threshold: 0.9 in VM-116
 INFO 07-15 17:57:20,552 SystemLoadProfiler:50 [pool-8-thread-1] - Average CPU Load: 0.0 in VM-116
 INFO 07-15 17:57:20,552 TaskEventRateCalculator:114 [pool-8-thread-1] - ---- Start of task processed event (# tasks: 1 in executor VM-116)----
METRICLOG/VM-116	Stage2-0-0	inputR: 0	inputP:0	output:0	inW:2026-07-15T17:55:35.290Z	ioutW:2026-07-15T17:55:35.290Z	ptime:0	dsertime:0	inbytes:0	sertime:0	outbytes:0	numKey:1683	owc:0
----- End of taks processed event ----

 INFO 07-15 17:57:20,553 CpuBottleneckDetectorImpl:63 [pool-8-thread-1] - Current cpu load: 0.0, # processed events: 0, consecutive: 0/2, threshold: 0.9 in VM-116
 INFO 07-15 17:57:21,552 SystemLoadProfiler:50 [pool-8-thread-1] - Average CPU Load: 0.0 in VM-116
 INFO 07-15 17:57:21,552 TaskEventRateCalculator:114 [pool-8-thread-1] - ---- Start of task processed event (# tasks: 1 in executor VM-116)----
METRICLOG/VM-116	Stage2-0-0	inputR: 0	inputP:0	output:0	inW:2026-07-15T17:55:35.290Z	ioutW:2026-07-15T17:55:35.290Z	ptime:0	dsertime:0	inbytes:0	sertime:0	outbytes:0	numKey:1683	owc:0
----- End of taks processed event ----

 INFO 07-15 17:57:21,553 CpuBottleneckDetectorImpl:63 [pool-8-thread-1] - Current cpu load: 0.0, # processed events: 0, consecutive: 0/2, threshold: 0.9 in VM-116
 INFO 07-15 17:57:22,552 SystemLoadProfiler:50 [pool-8-thread-1] - Average CPU Load: 0.0 in VM-116
 INFO 07-15 17:57:22,552 TaskEventRateCalculator:114 [pool-8-thread-1] - ---- Start of task processed event (# tasks: 1 in executor VM-116)----
METRICLOG/VM-116	Stage2-0-0	inputR: 0	inputP:0	output:0	inW:2026-07-15T17:55:35.290Z	ioutW:2026-07-15T17:55:35.290Z	ptime:0	dsertime:0	inbytes:0	sertime:0	outbytes:0	numKey:1683	owc:0
----- End of taks processed event ----

 INFO 07-15 17:57:22,553 CpuBottleneckDetectorImpl:63 [pool-8-thread-1] - Current cpu load: 0.0, # processed events: 0, consecutive: 0/2, threshold: 0.9 in VM-116
 INFO 07-15 17:57:23,552 SystemLoadProfiler:50 [pool-8-thread-1] - Average CPU Load: 0.0 in VM-116
 INFO 07-15 17:57:23,552 TaskEventRateCalculator:114 [pool-8-thread-1] - ---- Start of task processed event (# tasks: 1 in executor VM-116)----
METRICLOG/VM-116	Stage2-0-0	inputR: 0	inputP:0	output:0	inW:2026-07-15T17:55:35.290Z	ioutW:2026-07-15T17:55:35.290Z	ptime:0	dsertime:0	inbytes:0	sertime:0	outbytes:0	numKey:1683	owc:0
----- End of taks processed event ----

 INFO 07-15 17:57:23,553 CpuBottleneckDetectorImpl:63 [pool-8-thread-1] - Current cpu load: 0.0, # processed events: 0, consecutive: 0/2, threshold: 0.9 in VM-116
 INFO 07-15 17:57:24,552 SystemLoadProfiler:50 [pool-8-thread-1] - Average CPU Load: 0.0 in VM-116
 INFO 07-15 17:57:24,552 TaskEventRateCalculator:114 [pool-8-thread-1] - ---- Start of task processed event (# tasks: 1 in executor VM-116)----
METRICLOG/VM-116	Stage2-0-0	inputR: 0	inputP:0	output:0	inW:2026-07-15T17:55:35.290Z	ioutW:2026-07-15T17:55:35.290Z	ptime:0	dsertime:0	inbytes:0	sertime:0	outbytes:0	numKey:1683	owc:0
----- End of taks processed event ----

 INFO 07-15 17:57:24,553 CpuBottleneckDetectorImpl:63 [pool-8-thread-1] - Current cpu load: 0.0, # processed events: 0, consecutive: 0/2, threshold: 0.9 in VM-116
 INFO 07-15 17:57:25,552 SystemLoadProfiler:50 [pool-8-thread-1] - Average CPU Load: 0.0 in VM-116
 INFO 07-15 17:57:25,552 TaskEventRateCalculator:114 [pool-8-thread-1] - ---- Start of task processed event (# tasks: 1 in executor VM-116)----
METRICLOG/VM-116	Stage2-0-0	inputR: 0	inputP:0	output:0	inW:2026-07-15T17:55:35.290Z	ioutW:2026-07-15T17:55:35.290Z	ptime:0	dsertime:0	inbytes:0	sertime:0	outbytes:0	numKey:1683	owc:0
----- End of taks processed event ----

 INFO 07-15 17:57:25,552 CpuBottleneckDetectorImpl:63 [pool-8-thread-1] - Current cpu load: 0.0, # processed events: 0, consecutive: 0/2, threshold: 0.9 in VM-116
 INFO 07-15 17:57:26,552 SystemLoadProfiler:50 [pool-8-thread-1] - Average CPU Load: 0.0 in VM-116
 INFO 07-15 17:57:26,552 TaskEventRateCalculator:114 [pool-8-thread-1] - ---- Start of task processed event (# tasks: 1 in executor VM-116)----
METRICLOG/VM-116	Stage2-0-0	inputR: 0	inputP:0	output:0	inW:2026-07-15T17:55:35.290Z	ioutW:2026-07-15T17:55:35.290Z	ptime:0	dsertime:0	inbytes:0	sertime:0	outbytes:0	numKey:1683	owc:0
----- End of taks processed event ----

 INFO 07-15 17:57:26,553 CpuBottleneckDetectorImpl:63 [pool-8-thread-1] - Current cpu load: 0.0, # processed events: 0, consecutive: 0/2, threshold: 0.9 in VM-116
 INFO 07-15 17:57:27,552 SystemLoadProfiler:50 [pool-8-thread-1] - Average CPU Load: 0.0 in VM-116
 INFO 07-15 17:57:27,552 TaskEventRateCalculator:114 [pool-8-thread-1] - ---- Start of task processed event (# tasks: 1 in executor VM-116)----
METRICLOG/VM-116	Stage2-0-0	inputR: 0	inputP:0	output:0	inW:2026-07-15T17:55:35.290Z	ioutW:2026-07-15T17:55:35.290Z	ptime:0	dsertime:0	inbytes:0	sertime:0	outbytes:0	numKey:1683	owc:0
----- End of taks processed event ----

 INFO 07-15 17:57:27,553 CpuBottleneckDetectorImpl:63 [pool-8-thread-1] - Current cpu load: 0.0, # processed events: 0, consecutive: 0/2, threshold: 0.9 in VM-116
 INFO 07-15 17:57:28,552 SystemLoadProfiler:50 [pool-8-thread-1] - Average CPU Load: 0.0 in VM-116
 INFO 07-15 17:57:28,552 TaskEventRateCalculator:114 [pool-8-thread-1] - ---- Start of task processed event (# tasks: 1 in executor VM-116)----
METRICLOG/VM-116	Stage2-0-0	inputR: 0	inputP:0	output:0	inW:2026-07-15T17:55:35.290Z	ioutW:2026-07-15T17:55:35.290Z	ptime:0	dsertime:0	inbytes:0	sertime:0	outbytes:0	numKey:1683	owc:0
----- End of taks processed event ----

 INFO 07-15 17:57:28,553 CpuBottleneckDetectorImpl:63 [pool-8-thread-1] - Current cpu load: 0.0, # processed events: 0, consecutive: 0/2, threshold: 0.9 in VM-116
 INFO 07-15 17:57:29,552 SystemLoadProfiler:50 [pool-8-thread-1] - Average CPU Load: 0.0 in VM-116
 INFO 07-15 17:57:29,552 TaskEventRateCalculator:114 [pool-8-thread-1] - ---- Start of task processed event (# tasks: 1 in executor VM-116)----
METRICLOG/VM-116	Stage2-0-0	inputR: 0	inputP:0	output:0	inW:2026-07-15T17:55:35.290Z	ioutW:2026-07-15T17:55:35.290Z	ptime:0	dsertime:0	inbytes:0	sertime:0	outbytes:0	numKey:1683	owc:0
----- End of taks processed event ----

 INFO 07-15 17:57:29,553 CpuBottleneckDetectorImpl:63 [pool-8-thread-1] - Current cpu load: 0.0, # processed events: 0, consecutive: 0/2, threshold: 0.9 in VM-116
 INFO 07-15 17:57:30,552 SystemLoadProfiler:50 [pool-8-thread-1] - Average CPU Load: 0.0 in VM-116
 INFO 07-15 17:57:30,552 TaskEventRateCalculator:114 [pool-8-thread-1] - ---- Start of task processed event (# tasks: 1 in executor VM-116)----
METRICLOG/VM-116	Stage2-0-0	inputR: 0	inputP:0	output:0	inW:2026-07-15T17:55:35.290Z	ioutW:2026-07-15T17:55:35.290Z	ptime:0	dsertime:0	inbytes:0	sertime:0	outbytes:0	numKey:1683	owc:0
----- End of taks processed event ----

 INFO 07-15 17:57:30,553 CpuBottleneckDetectorImpl:63 [pool-8-thread-1] - Current cpu load: 0.0, # processed events: 0, consecutive: 0/2, threshold: 0.9 in VM-116
 INFO 07-15 17:57:31,553 SystemLoadProfiler:50 [pool-8-thread-1] - Average CPU Load: 0.0 in VM-116
 INFO 07-15 17:57:31,554 TaskEventRateCalculator:114 [pool-8-thread-1] - ---- Start of task processed event (# tasks: 1 in executor VM-116)----
METRICLOG/VM-116	Stage2-0-0	inputR: 0	inputP:0	output:0	inW:2026-07-15T17:55:35.290Z	ioutW:2026-07-15T17:55:35.290Z	ptime:0	dsertime:0	inbytes:0	sertime:0	outbytes:0	numKey:1683	owc:0
----- End of taks processed event ----

 INFO 07-15 17:57:31,554 CpuBottleneckDetectorImpl:63 [pool-8-thread-1] - Current cpu load: 0.0, # processed events: 0, consecutive: 0/2, threshold: 0.9 in VM-116
 INFO 07-15 17:57:32,552 SystemLoadProfiler:50 [pool-8-thread-1] - Average CPU Load: 0.0 in VM-116
 INFO 07-15 17:57:32,552 TaskEventRateCalculator:114 [pool-8-thread-1] - ---- Start of task processed event (# tasks: 1 in executor VM-116)----
METRICLOG/VM-116	Stage2-0-0	inputR: 0	inputP:0	output:0	inW:2026-07-15T17:55:35.290Z	ioutW:2026-07-15T17:55:35.290Z	ptime:0	dsertime:0	inbytes:0	sertime:0	outbytes:0	numKey:1683	owc:0
----- End of taks processed event ----

 INFO 07-15 17:57:32,553 CpuBottleneckDetectorImpl:63 [pool-8-thread-1] - Current cpu load: 0.0, # processed events: 0, consecutive: 0/2, threshold: 0.9 in VM-116
 INFO 07-15 17:57:33,552 SystemLoadProfiler:50 [pool-8-thread-1] - Average CPU Load: 0.0 in VM-116
 INFO 07-15 17:57:33,552 TaskEventRateCalculator:114 [pool-8-thread-1] - ---- Start of task processed event (# tasks: 1 in executor VM-116)----
METRICLOG/VM-116	Stage2-0-0	inputR: 0	inputP:0	output:0	inW:2026-07-15T17:55:35.290Z	ioutW:2026-07-15T17:55:35.290Z	ptime:0	dsertime:0	inbytes:0	sertime:0	outbytes:0	numKey:1683	owc:0
----- End of taks processed event ----

 INFO 07-15 17:57:33,552 CpuBottleneckDetectorImpl:63 [pool-8-thread-1] - Current cpu load: 0.0, # processed events: 0, consecutive: 0/2, threshold: 0.9 in VM-116
 INFO 07-15 17:57:34,552 SystemLoadProfiler:50 [pool-8-thread-1] - Average CPU Load: 0.0 in VM-116
 INFO 07-15 17:57:34,552 TaskEventRateCalculator:114 [pool-8-thread-1] - ---- Start of task processed event (# tasks: 1 in executor VM-116)----
METRICLOG/VM-116	Stage2-0-0	inputR: 0	inputP:0	output:0	inW:2026-07-15T17:55:35.290Z	ioutW:2026-07-15T17:55:35.290Z	ptime:0	dsertime:0	inbytes:0	sertime:0	outbytes:0	numKey:1683	owc:0
----- End of taks processed event ----

 INFO 07-15 17:57:34,553 CpuBottleneckDetectorImpl:63 [pool-8-thread-1] - Current cpu load: 0.0, # processed events: 0, consecutive: 0/2, threshold: 0.9 in VM-116
 INFO 07-15 17:57:35,552 SystemLoadProfiler:50 [pool-8-thread-1] - Average CPU Load: 0.0 in VM-116
 INFO 07-15 17:57:35,552 TaskEventRateCalculator:114 [pool-8-thread-1] - ---- Start of task processed event (# tasks: 1 in executor VM-116)----
METRICLOG/VM-116	Stage2-0-0	inputR: 0	inputP:0	output:0	inW:2026-07-15T17:55:35.290Z	ioutW:2026-07-15T17:55:35.290Z	ptime:0	dsertime:0	inbytes:0	sertime:0	outbytes:0	numKey:1683	owc:0
----- End of taks processed event ----

 INFO 07-15 17:57:35,552 CpuBottleneckDetectorImpl:63 [pool-8-thread-1] - Current cpu load: 0.0, # processed events: 0, consecutive: 0/2, threshold: 0.9 in VM-116
 INFO 07-15 17:57:36,552 SystemLoadProfiler:50 [pool-8-thread-1] - Average CPU Load: 0.0 in VM-116
 INFO 07-15 17:57:36,552 TaskEventRateCalculator:114 [pool-8-thread-1] - ---- Start of task processed event (# tasks: 1 in executor VM-116)----
METRICLOG/VM-116	Stage2-0-0	inputR: 0	inputP:0	output:0	inW:2026-07-15T17:55:35.290Z	ioutW:2026-07-15T17:55:35.290Z	ptime:0	dsertime:0	inbytes:0	sertime:0	outbytes:0	numKey:1683	owc:0
----- End of taks processed event ----

 INFO 07-15 17:57:36,553 CpuBottleneckDetectorImpl:63 [pool-8-thread-1] - Current cpu load: 0.0, # processed events: 0, consecutive: 0/2, threshold: 0.9 in VM-116
 INFO 07-15 17:57:37,552 SystemLoadProfiler:50 [pool-8-thread-1] - Average CPU Load: 0.0 in VM-116
 INFO 07-15 17:57:37,552 TaskEventRateCalculator:114 [pool-8-thread-1] - ---- Start of task processed event (# tasks: 1 in executor VM-116)----
METRICLOG/VM-116	Stage2-0-0	inputR: 0	inputP:0	output:0	inW:2026-07-15T17:55:35.290Z	ioutW:2026-07-15T17:55:35.290Z	ptime:0	dsertime:0	inbytes:0	sertime:0	outbytes:0	numKey:1683	owc:0
----- End of taks processed event ----

 INFO 07-15 17:57:37,553 CpuBottleneckDetectorImpl:63 [pool-8-thread-1] - Current cpu load: 0.0, # processed events: 0, consecutive: 0/2, threshold: 0.9 in VM-116
 INFO 07-15 17:57:38,552 SystemLoadProfiler:50 [pool-8-thread-1] - Average CPU Load: 0.0 in VM-116
 INFO 07-15 17:57:38,552 TaskEventRateCalculator:114 [pool-8-thread-1] - ---- Start of task processed event (# tasks: 1 in executor VM-116)----
METRICLOG/VM-116	Stage2-0-0	inputR: 0	inputP:0	output:0	inW:2026-07-15T17:55:35.290Z	ioutW:2026-07-15T17:55:35.290Z	ptime:0	dsertime:0	inbytes:0	sertime:0	outbytes:0	numKey:1683	owc:0
----- End of taks processed event ----

 INFO 07-15 17:57:38,553 CpuBottleneckDetectorImpl:63 [pool-8-thread-1] - Current cpu load: 0.0, # processed events: 0, consecutive: 0/2, threshold: 0.9 in VM-116
 INFO 07-15 17:57:39,552 SystemLoadProfiler:50 [pool-8-thread-1] - Average CPU Load: 0.0 in VM-116
 INFO 07-15 17:57:39,552 TaskEventRateCalculator:114 [pool-8-thread-1] - ---- Start of task processed event (# tasks: 1 in executor VM-116)----
METRICLOG/VM-116	Stage2-0-0	inputR: 0	inputP:0	output:0	inW:2026-07-15T17:55:35.290Z	ioutW:2026-07-15T17:55:35.290Z	ptime:0	dsertime:0	inbytes:0	sertime:0	outbytes:0	numKey:1683	owc:0
----- End of taks processed event ----

 INFO 07-15 17:57:39,553 CpuBottleneckDetectorImpl:63 [pool-8-thread-1] - Current cpu load: 0.0, # processed events: 0, consecutive: 0/2, threshold: 0.9 in VM-116
 INFO 07-15 17:57:40,552 SystemLoadProfiler:50 [pool-8-thread-1] - Average CPU Load: 0.0 in VM-116
 INFO 07-15 17:57:40,552 TaskEventRateCalculator:114 [pool-8-thread-1] - ---- Start of task processed event (# tasks: 1 in executor VM-116)----
METRICLOG/VM-116	Stage2-0-0	inputR: 0	inputP:0	output:0	inW:2026-07-15T17:55:35.290Z	ioutW:2026-07-15T17:55:35.290Z	ptime:0	dsertime:0	inbytes:0	sertime:0	outbytes:0	numKey:1683	owc:0
----- End of taks processed event ----

 INFO 07-15 17:57:40,553 CpuBottleneckDetectorImpl:63 [pool-8-thread-1] - Current cpu load: 0.0, # processed events: 0, consecutive: 0/2, threshold: 0.9 in VM-116
 INFO 07-15 17:57:41,552 SystemLoadProfiler:50 [pool-8-thread-1] - Average CPU Load: 0.0 in VM-116
 INFO 07-15 17:57:41,552 TaskEventRateCalculator:114 [pool-8-thread-1] - ---- Start of task processed event (# tasks: 1 in executor VM-116)----
METRICLOG/VM-116	Stage2-0-0	inputR: 0	inputP:0	output:0	inW:2026-07-15T17:55:35.290Z	ioutW:2026-07-15T17:55:35.290Z	ptime:0	dsertime:0	inbytes:0	sertime:0	outbytes:0	numKey:1683	owc:0
----- End of taks processed event ----

 INFO 07-15 17:57:41,553 CpuBottleneckDetectorImpl:63 [pool-8-thread-1] - Current cpu load: 0.0, # processed events: 0, consecutive: 0/2, threshold: 0.9 in VM-116
 INFO 07-15 17:57:42,552 SystemLoadProfiler:50 [pool-8-thread-1] - Average CPU Load: 0.0 in VM-116
 INFO 07-15 17:57:42,552 TaskEventRateCalculator:114 [pool-8-thread-1] - ---- Start of task processed event (# tasks: 1 in executor VM-116)----
METRICLOG/VM-116	Stage2-0-0	inputR: 0	inputP:0	output:0	inW:2026-07-15T17:55:35.290Z	ioutW:2026-07-15T17:55:35.290Z	ptime:0	dsertime:0	inbytes:0	sertime:0	outbytes:0	numKey:1683	owc:0
----- End of taks processed event ----

 INFO 07-15 17:57:42,552 CpuBottleneckDetectorImpl:63 [pool-8-thread-1] - Current cpu load: 0.0, # processed events: 0, consecutive: 0/2, threshold: 0.9 in VM-116
 INFO 07-15 17:57:43,552 SystemLoadProfiler:50 [pool-8-thread-1] - Average CPU Load: 0.0 in VM-116
 INFO 07-15 17:57:43,552 TaskEventRateCalculator:114 [pool-8-thread-1] - ---- Start of task processed event (# tasks: 1 in executor VM-116)----
METRICLOG/VM-116	Stage2-0-0	inputR: 0	inputP:0	output:0	inW:2026-07-15T17:55:35.290Z	ioutW:2026-07-15T17:55:35.290Z	ptime:0	dsertime:0	inbytes:0	sertime:0	outbytes:0	numKey:1683	owc:0
----- End of taks processed event ----

 INFO 07-15 17:57:43,552 CpuBottleneckDetectorImpl:63 [pool-8-thread-1] - Current cpu load: 0.0, # processed events: 0, consecutive: 0/2, threshold: 0.9 in VM-116
 INFO 07-15 17:57:44,552 SystemLoadProfiler:50 [pool-8-thread-1] - Average CPU Load: 0.0 in VM-116
 INFO 07-15 17:57:44,552 TaskEventRateCalculator:114 [pool-8-thread-1] - ---- Start of task processed event (# tasks: 1 in executor VM-116)----
METRICLOG/VM-116	Stage2-0-0	inputR: 0	inputP:0	output:0	inW:2026-07-15T17:55:35.290Z	ioutW:2026-07-15T17:55:35.290Z	ptime:0	dsertime:0	inbytes:0	sertime:0	outbytes:0	numKey:1683	owc:0
----- End of taks processed event ----

 INFO 07-15 17:57:44,553 CpuBottleneckDetectorImpl:63 [pool-8-thread-1] - Current cpu load: 0.0, # processed events: 0, consecutive: 0/2, threshold: 0.9 in VM-116
 INFO 07-15 17:57:45,552 SystemLoadProfiler:50 [pool-8-thread-1] - Average CPU Load: 0.0 in VM-116
 INFO 07-15 17:57:45,552 TaskEventRateCalculator:114 [pool-8-thread-1] - ---- Start of task processed event (# tasks: 1 in executor VM-116)----
METRICLOG/VM-116	Stage2-0-0	inputR: 0	inputP:0	output:0	inW:2026-07-15T17:55:35.290Z	ioutW:2026-07-15T17:55:35.290Z	ptime:0	dsertime:0	inbytes:0	sertime:0	outbytes:0	numKey:1683	owc:0
----- End of taks processed event ----

 INFO 07-15 17:57:45,553 CpuBottleneckDetectorImpl:63 [pool-8-thread-1] - Current cpu load: 0.0, # processed events: 0, consecutive: 0/2, threshold: 0.9 in VM-116
 INFO 07-15 17:57:46,552 SystemLoadProfiler:50 [pool-8-thread-1] - Average CPU Load: 0.0 in VM-116
 INFO 07-15 17:57:46,552 TaskEventRateCalculator:114 [pool-8-thread-1] - ---- Start of task processed event (# tasks: 1 in executor VM-116)----
METRICLOG/VM-116	Stage2-0-0	inputR: 0	inputP:0	output:0	inW:2026-07-15T17:55:35.290Z	ioutW:2026-07-15T17:55:35.290Z	ptime:0	dsertime:0	inbytes:0	sertime:0	outbytes:0	numKey:1683	owc:0
----- End of taks processed event ----

 INFO 07-15 17:57:46,553 CpuBottleneckDetectorImpl:63 [pool-8-thread-1] - Current cpu load: 0.0, # processed events: 0, consecutive: 0/2, threshold: 0.9 in VM-116
 INFO 07-15 17:57:47,552 SystemLoadProfiler:50 [pool-8-thread-1] - Average CPU Load: 0.0 in VM-116
 INFO 07-15 17:57:47,552 TaskEventRateCalculator:114 [pool-8-thread-1] - ---- Start of task processed event (# tasks: 1 in executor VM-116)----
METRICLOG/VM-116	Stage2-0-0	inputR: 0	inputP:0	output:0	inW:2026-07-15T17:55:35.290Z	ioutW:2026-07-15T17:55:35.290Z	ptime:0	dsertime:0	inbytes:0	sertime:0	outbytes:0	numKey:1683	owc:0
----- End of taks processed event ----

 INFO 07-15 17:57:47,552 CpuBottleneckDetectorImpl:63 [pool-8-thread-1] - Current cpu load: 0.0, # processed events: 0, consecutive: 0/2, threshold: 0.9 in VM-116
 INFO 07-15 17:57:48,552 SystemLoadProfiler:50 [pool-8-thread-1] - Average CPU Load: 0.0 in VM-116
 INFO 07-15 17:57:48,552 TaskEventRateCalculator:114 [pool-8-thread-1] - ---- Start of task processed event (# tasks: 1 in executor VM-116)----
METRICLOG/VM-116	Stage2-0-0	inputR: 0	inputP:0	output:0	inW:2026-07-15T17:55:35.290Z	ioutW:2026-07-15T17:55:35.290Z	ptime:0	dsertime:0	inbytes:0	sertime:0	outbytes:0	numKey:1683	owc:0
----- End of taks processed event ----

 INFO 07-15 17:57:48,553 CpuBottleneckDetectorImpl:63 [pool-8-thread-1] - Current cpu load: 0.0, # processed events: 0, consecutive: 0/2, threshold: 0.9 in VM-116
 INFO 07-15 17:57:49,552 SystemLoadProfiler:50 [pool-8-thread-1] - Average CPU Load: 0.0 in VM-116
 INFO 07-15 17:57:49,552 TaskEventRateCalculator:114 [pool-8-thread-1] - ---- Start of task processed event (# tasks: 1 in executor VM-116)----
METRICLOG/VM-116	Stage2-0-0	inputR: 0	inputP:0	output:0	inW:2026-07-15T17:55:35.290Z	ioutW:2026-07-15T17:55:35.290Z	ptime:0	dsertime:0	inbytes:0	sertime:0	outbytes:0	numKey:1683	owc:0
----- End of taks processed event ----

 INFO 07-15 17:57:49,553 CpuBottleneckDetectorImpl:63 [pool-8-thread-1] - Current cpu load: 0.0, # processed events: 0, consecutive: 0/2, threshold: 0.9 in VM-116
 INFO 07-15 17:57:50,552 SystemLoadProfiler:50 [pool-8-thread-1] - Average CPU Load: 0.0 in VM-116
 INFO 07-15 17:57:50,552 TaskEventRateCalculator:114 [pool-8-thread-1] - ---- Start of task processed event (# tasks: 1 in executor VM-116)----
METRICLOG/VM-116	Stage2-0-0	inputR: 0	inputP:0	output:0	inW:2026-07-15T17:55:35.290Z	ioutW:2026-07-15T17:55:35.290Z	ptime:0	dsertime:0	inbytes:0	sertime:0	outbytes:0	numKey:1683	owc:0
----- End of taks processed event ----

 INFO 07-15 17:57:50,553 CpuBottleneckDetectorImpl:63 [pool-8-thread-1] - Current cpu load: 0.0, # processed events: 0, consecutive: 0/2, threshold: 0.9 in VM-116
 INFO 07-15 17:57:51,552 SystemLoadProfiler:50 [pool-8-thread-1] - Average CPU Load: 0.0 in VM-116
 INFO 07-15 17:57:51,552 TaskEventRateCalculator:114 [pool-8-thread-1] - ---- Start of task processed event (# tasks: 1 in executor VM-116)----
METRICLOG/VM-116	Stage2-0-0	inputR: 0	inputP:0	output:0	inW:2026-07-15T17:55:35.290Z	ioutW:2026-07-15T17:55:35.290Z	ptime:0	dsertime:0	inbytes:0	sertime:0	outbytes:0	numKey:1683	owc:0
----- End of taks processed event ----

 INFO 07-15 17:57:51,553 CpuBottleneckDetectorImpl:63 [pool-8-thread-1] - Current cpu load: 0.0, # processed events: 0, consecutive: 0/2, threshold: 0.9 in VM-116
 INFO 07-15 17:57:52,552 SystemLoadProfiler:50 [pool-8-thread-1] - Average CPU Load: 0.0 in VM-116
 INFO 07-15 17:57:52,552 TaskEventRateCalculator:114 [pool-8-thread-1] - ---- Start of task processed event (# tasks: 1 in executor VM-116)----
METRICLOG/VM-116	Stage2-0-0	inputR: 0	inputP:0	output:0	inW:2026-07-15T17:55:35.290Z	ioutW:2026-07-15T17:55:35.290Z	ptime:0	dsertime:0	inbytes:0	sertime:0	outbytes:0	numKey:1683	owc:0
----- End of taks processed event ----

 INFO 07-15 17:57:52,553 CpuBottleneckDetectorImpl:63 [pool-8-thread-1] - Current cpu load: 0.0, # processed events: 0, consecutive: 0/2, threshold: 0.9 in VM-116
 INFO 07-15 17:57:53,552 SystemLoadProfiler:50 [pool-8-thread-1] - Average CPU Load: 0.0 in VM-116
 INFO 07-15 17:57:53,552 TaskEventRateCalculator:114 [pool-8-thread-1] - ---- Start of task processed event (# tasks: 1 in executor VM-116)----
METRICLOG/VM-116	Stage2-0-0	inputR: 0	inputP:0	output:0	inW:2026-07-15T17:55:35.290Z	ioutW:2026-07-15T17:55:35.290Z	ptime:0	dsertime:0	inbytes:0	sertime:0	outbytes:0	numKey:1683	owc:0
----- End of taks processed event ----

 INFO 07-15 17:57:53,553 CpuBottleneckDetectorImpl:63 [pool-8-thread-1] - Current cpu load: 0.0, # processed events: 0, consecutive: 0/2, threshold: 0.9 in VM-116
 INFO 07-15 17:57:54,552 SystemLoadProfiler:50 [pool-8-thread-1] - Average CPU Load: 0.0 in VM-116
 INFO 07-15 17:57:54,552 TaskEventRateCalculator:114 [pool-8-thread-1] - ---- Start of task processed event (# tasks: 1 in executor VM-116)----
METRICLOG/VM-116	Stage2-0-0	inputR: 0	inputP:0	output:0	inW:2026-07-15T17:55:35.290Z	ioutW:2026-07-15T17:55:35.290Z	ptime:0	dsertime:0	inbytes:0	sertime:0	outbytes:0	numKey:1683	owc:0
----- End of taks processed event ----

 INFO 07-15 17:57:54,553 CpuBottleneckDetectorImpl:63 [pool-8-thread-1] - Current cpu load: 0.0, # processed events: 0, consecutive: 0/2, threshold: 0.9 in VM-116
 INFO 07-15 17:57:55,553 SystemLoadProfiler:50 [pool-8-thread-1] - Average CPU Load: 0.0 in VM-116
 INFO 07-15 17:57:55,554 TaskEventRateCalculator:114 [pool-8-thread-1] - ---- Start of task processed event (# tasks: 1 in executor VM-116)----
METRICLOG/VM-116	Stage2-0-0	inputR: 0	inputP:0	output:0	inW:2026-07-15T17:55:35.290Z	ioutW:2026-07-15T17:55:35.290Z	ptime:0	dsertime:0	inbytes:0	sertime:0	outbytes:0	numKey:1683	owc:0
----- End of taks processed event ----

 INFO 07-15 17:57:55,554 CpuBottleneckDetectorImpl:63 [pool-8-thread-1] - Current cpu load: 0.0, # processed events: 0, consecutive: 0/2, threshold: 0.9 in VM-116
 INFO 07-15 17:57:56,552 SystemLoadProfiler:50 [pool-8-thread-1] - Average CPU Load: 0.0 in VM-116
 INFO 07-15 17:57:56,552 TaskEventRateCalculator:114 [pool-8-thread-1] - ---- Start of task processed event (# tasks: 1 in executor VM-116)----
METRICLOG/VM-116	Stage2-0-0	inputR: 0	inputP:0	output:0	inW:2026-07-15T17:55:35.290Z	ioutW:2026-07-15T17:55:35.290Z	ptime:0	dsertime:0	inbytes:0	sertime:0	outbytes:0	numKey:1683	owc:0
----- End of taks processed event ----

 INFO 07-15 17:57:56,552 CpuBottleneckDetectorImpl:63 [pool-8-thread-1] - Current cpu load: 0.0, # processed events: 0, consecutive: 0/2, threshold: 0.9 in VM-116
 INFO 07-15 17:57:57,552 SystemLoadProfiler:50 [pool-8-thread-1] - Average CPU Load: 0.0 in VM-116
 INFO 07-15 17:57:57,552 TaskEventRateCalculator:114 [pool-8-thread-1] - ---- Start of task processed event (# tasks: 1 in executor VM-116)----
METRICLOG/VM-116	Stage2-0-0	inputR: 0	inputP:0	output:0	inW:2026-07-15T17:55:35.290Z	ioutW:2026-07-15T17:55:35.290Z	ptime:0	dsertime:0	inbytes:0	sertime:0	outbytes:0	numKey:1683	owc:0
----- End of taks processed event ----

 INFO 07-15 17:57:57,552 CpuBottleneckDetectorImpl:63 [pool-8-thread-1] - Current cpu load: 0.0, # processed events: 0, consecutive: 0/2, threshold: 0.9 in VM-116
 INFO 07-15 17:57:58,552 SystemLoadProfiler:50 [pool-8-thread-1] - Average CPU Load: 0.0 in VM-116
 INFO 07-15 17:57:58,552 TaskEventRateCalculator:114 [pool-8-thread-1] - ---- Start of task processed event (# tasks: 1 in executor VM-116)----
METRICLOG/VM-116	Stage2-0-0	inputR: 0	inputP:0	output:0	inW:2026-07-15T17:55:35.290Z	ioutW:2026-07-15T17:55:35.290Z	ptime:0	dsertime:0	inbytes:0	sertime:0	outbytes:0	numKey:1683	owc:0
----- End of taks processed event ----

 INFO 07-15 17:57:58,552 CpuBottleneckDetectorImpl:63 [pool-8-thread-1] - Current cpu load: 0.0, # processed events: 0, consecutive: 0/2, threshold: 0.9 in VM-116
 INFO 07-15 17:57:59,552 SystemLoadProfiler:50 [pool-8-thread-1] - Average CPU Load: 0.0 in VM-116
 INFO 07-15 17:57:59,552 TaskEventRateCalculator:114 [pool-8-thread-1] - ---- Start of task processed event (# tasks: 1 in executor VM-116)----
METRICLOG/VM-116	Stage2-0-0	inputR: 0	inputP:0	output:0	inW:2026-07-15T17:55:35.290Z	ioutW:2026-07-15T17:55:35.290Z	ptime:0	dsertime:0	inbytes:0	sertime:0	outbytes:0	numKey:1683	owc:0
----- End of taks processed event ----

 INFO 07-15 17:57:59,552 CpuBottleneckDetectorImpl:63 [pool-8-thread-1] - Current cpu load: 0.0, # processed events: 0, consecutive: 0/2, threshold: 0.9 in VM-116
 INFO 07-15 17:58:00,552 SystemLoadProfiler:50 [pool-8-thread-1] - Average CPU Load: 0.0 in VM-116
 INFO 07-15 17:58:00,552 TaskEventRateCalculator:114 [pool-8-thread-1] - ---- Start of task processed event (# tasks: 1 in executor VM-116)----
METRICLOG/VM-116	Stage2-0-0	inputR: 0	inputP:0	output:0	inW:2026-07-15T17:55:35.290Z	ioutW:2026-07-15T17:55:35.290Z	ptime:0	dsertime:0	inbytes:0	sertime:0	outbytes:0	numKey:1683	owc:0
----- End of taks processed event ----

 INFO 07-15 17:58:00,552 CpuBottleneckDetectorImpl:63 [pool-8-thread-1] - Current cpu load: 0.0, # processed events: 0, consecutive: 0/2, threshold: 0.9 in VM-116
 INFO 07-15 17:58:01,552 SystemLoadProfiler:50 [pool-8-thread-1] - Average CPU Load: 0.0 in VM-116
 INFO 07-15 17:58:01,552 TaskEventRateCalculator:114 [pool-8-thread-1] - ---- Start of task processed event (# tasks: 1 in executor VM-116)----
METRICLOG/VM-116	Stage2-0-0	inputR: 0	inputP:0	output:0	inW:2026-07-15T17:55:35.290Z	ioutW:2026-07-15T17:55:35.290Z	ptime:0	dsertime:0	inbytes:0	sertime:0	outbytes:0	numKey:1683	owc:0
----- End of taks processed event ----

 INFO 07-15 17:58:01,552 CpuBottleneckDetectorImpl:63 [pool-8-thread-1] - Current cpu load: 0.0, # processed events: 0, consecutive: 0/2, threshold: 0.9 in VM-116
 INFO 07-15 17:58:02,552 SystemLoadProfiler:50 [pool-8-thread-1] - Average CPU Load: 0.0 in VM-116
 INFO 07-15 17:58:02,552 TaskEventRateCalculator:114 [pool-8-thread-1] - ---- Start of task processed event (# tasks: 1 in executor VM-116)----
METRICLOG/VM-116	Stage2-0-0	inputR: 0	inputP:0	output:0	inW:2026-07-15T17:55:35.290Z	ioutW:2026-07-15T17:55:35.290Z	ptime:0	dsertime:0	inbytes:0	sertime:0	outbytes:0	numKey:1683	owc:0
----- End of taks processed event ----

 INFO 07-15 17:58:02,553 CpuBottleneckDetectorImpl:63 [pool-8-thread-1] - Current cpu load: 0.0, # processed events: 0, consecutive: 0/2, threshold: 0.9 in VM-116
 INFO 07-15 17:58:03,552 SystemLoadProfiler:50 [pool-8-thread-1] - Average CPU Load: 0.0 in VM-116
 INFO 07-15 17:58:03,552 TaskEventRateCalculator:114 [pool-8-thread-1] - ---- Start of task processed event (# tasks: 1 in executor VM-116)----
METRICLOG/VM-116	Stage2-0-0	inputR: 0	inputP:0	output:0	inW:2026-07-15T17:55:35.290Z	ioutW:2026-07-15T17:55:35.290Z	ptime:0	dsertime:0	inbytes:0	sertime:0	outbytes:0	numKey:1683	owc:0
----- End of taks processed event ----

 INFO 07-15 17:58:03,553 CpuBottleneckDetectorImpl:63 [pool-8-thread-1] - Current cpu load: 0.0, # processed events: 0, consecutive: 0/2, threshold: 0.9 in VM-116
 INFO 07-15 17:58:04,552 SystemLoadProfiler:50 [pool-8-thread-1] - Average CPU Load: 0.0 in VM-116
 INFO 07-15 17:58:04,552 TaskEventRateCalculator:114 [pool-8-thread-1] - ---- Start of task processed event (# tasks: 1 in executor VM-116)----
METRICLOG/VM-116	Stage2-0-0	inputR: 0	inputP:0	output:0	inW:2026-07-15T17:55:35.290Z	ioutW:2026-07-15T17:55:35.290Z	ptime:0	dsertime:0	inbytes:0	sertime:0	outbytes:0	numKey:1683	owc:0
----- End of taks processed event ----

 INFO 07-15 17:58:04,552 CpuBottleneckDetectorImpl:63 [pool-8-thread-1] - Current cpu load: 0.0, # processed events: 0, consecutive: 0/2, threshold: 0.9 in VM-116
 INFO 07-15 17:58:05,552 SystemLoadProfiler:50 [pool-8-thread-1] - Average CPU Load: 0.0 in VM-116
 INFO 07-15 17:58:05,552 TaskEventRateCalculator:114 [pool-8-thread-1] - ---- Start of task processed event (# tasks: 1 in executor VM-116)----
METRICLOG/VM-116	Stage2-0-0	inputR: 0	inputP:0	output:0	inW:2026-07-15T17:55:35.290Z	ioutW:2026-07-15T17:55:35.290Z	ptime:0	dsertime:0	inbytes:0	sertime:0	outbytes:0	numKey:1683	owc:0
----- End of taks processed event ----

 INFO 07-15 17:58:05,552 CpuBottleneckDetectorImpl:63 [pool-8-thread-1] - Current cpu load: 0.0, # processed events: 0, consecutive: 0/2, threshold: 0.9 in VM-116
 INFO 07-15 17:58:06,552 SystemLoadProfiler:50 [pool-8-thread-1] - Average CPU Load: 0.0 in VM-116
 INFO 07-15 17:58:06,552 TaskEventRateCalculator:114 [pool-8-thread-1] - ---- Start of task processed event (# tasks: 1 in executor VM-116)----
METRICLOG/VM-116	Stage2-0-0	inputR: 0	inputP:0	output:0	inW:2026-07-15T17:55:35.290Z	ioutW:2026-07-15T17:55:35.290Z	ptime:0	dsertime:0	inbytes:0	sertime:0	outbytes:0	numKey:1683	owc:0
----- End of taks processed event ----

 INFO 07-15 17:58:06,552 CpuBottleneckDetectorImpl:63 [pool-8-thread-1] - Current cpu load: 0.0, # processed events: 0, consecutive: 0/2, threshold: 0.9 in VM-116
 INFO 07-15 17:58:07,553 SystemLoadProfiler:50 [pool-8-thread-1] - Average CPU Load: 0.0 in VM-116
 INFO 07-15 17:58:07,554 TaskEventRateCalculator:114 [pool-8-thread-1] - ---- Start of task processed event (# tasks: 1 in executor VM-116)----
METRICLOG/VM-116	Stage2-0-0	inputR: 0	inputP:0	output:0	inW:2026-07-15T17:55:35.290Z	ioutW:2026-07-15T17:55:35.290Z	ptime:0	dsertime:0	inbytes:0	sertime:0	outbytes:0	numKey:1683	owc:0
----- End of taks processed event ----

 INFO 07-15 17:58:07,554 CpuBottleneckDetectorImpl:63 [pool-8-thread-1] - Current cpu load: 0.0, # processed events: 0, consecutive: 0/2, threshold: 0.9 in VM-116
 INFO 07-15 17:58:08,552 SystemLoadProfiler:50 [pool-8-thread-1] - Average CPU Load: 0.0 in VM-116
 INFO 07-15 17:58:08,552 TaskEventRateCalculator:114 [pool-8-thread-1] - ---- Start of task processed event (# tasks: 1 in executor VM-116)----
METRICLOG/VM-116	Stage2-0-0	inputR: 0	inputP:0	output:0	inW:2026-07-15T17:55:35.290Z	ioutW:2026-07-15T17:55:35.290Z	ptime:0	dsertime:0	inbytes:0	sertime:0	outbytes:0	numKey:1683	owc:0
----- End of taks processed event ----

 INFO 07-15 17:58:08,552 CpuBottleneckDetectorImpl:63 [pool-8-thread-1] - Current cpu load: 0.0, # processed events: 0, consecutive: 0/2, threshold: 0.9 in VM-116
 INFO 07-15 17:58:09,552 SystemLoadProfiler:50 [pool-8-thread-1] - Average CPU Load: 0.0 in VM-116
 INFO 07-15 17:58:09,552 TaskEventRateCalculator:114 [pool-8-thread-1] - ---- Start of task processed event (# tasks: 1 in executor VM-116)----
METRICLOG/VM-116	Stage2-0-0	inputR: 0	inputP:0	output:0	inW:2026-07-15T17:55:35.290Z	ioutW:2026-07-15T17:55:35.290Z	ptime:0	dsertime:0	inbytes:0	sertime:0	outbytes:0	numKey:1683	owc:0
----- End of taks processed event ----

 INFO 07-15 17:58:09,552 CpuBottleneckDetectorImpl:63 [pool-8-thread-1] - Current cpu load: 0.0, # processed events: 0, consecutive: 0/2, threshold: 0.9 in VM-116
 INFO 07-15 17:58:10,552 SystemLoadProfiler:50 [pool-8-thread-1] - Average CPU Load: 0.0 in VM-116
 INFO 07-15 17:58:10,552 TaskEventRateCalculator:114 [pool-8-thread-1] - ---- Start of task processed event (# tasks: 1 in executor VM-116)----
METRICLOG/VM-116	Stage2-0-0	inputR: 0	inputP:0	output:0	inW:2026-07-15T17:55:35.290Z	ioutW:2026-07-15T17:55:35.290Z	ptime:0	dsertime:0	inbytes:0	sertime:0	outbytes:0	numKey:1683	owc:0
----- End of taks processed event ----

 INFO 07-15 17:58:10,552 CpuBottleneckDetectorImpl:63 [pool-8-thread-1] - Current cpu load: 0.0, # processed events: 0, consecutive: 0/2, threshold: 0.9 in VM-116
 INFO 07-15 17:58:11,552 SystemLoadProfiler:50 [pool-8-thread-1] - Average CPU Load: 0.0 in VM-116
 INFO 07-15 17:58:11,552 TaskEventRateCalculator:114 [pool-8-thread-1] - ---- Start of task processed event (# tasks: 1 in executor VM-116)----
METRICLOG/VM-116	Stage2-0-0	inputR: 0	inputP:0	output:0	inW:2026-07-15T17:55:35.290Z	ioutW:2026-07-15T17:55:35.290Z	ptime:0	dsertime:0	inbytes:0	sertime:0	outbytes:0	numKey:1683	owc:0
----- End of taks processed event ----

 INFO 07-15 17:58:11,553 CpuBottleneckDetectorImpl:63 [pool-8-thread-1] - Current cpu load: 0.0, # processed events: 0, consecutive: 0/2, threshold: 0.9 in VM-116
 INFO 07-15 17:58:12,552 SystemLoadProfiler:50 [pool-8-thread-1] - Average CPU Load: 0.0 in VM-116
 INFO 07-15 17:58:12,552 TaskEventRateCalculator:114 [pool-8-thread-1] - ---- Start of task processed event (# tasks: 1 in executor VM-116)----
METRICLOG/VM-116	Stage2-0-0	inputR: 0	inputP:0	output:0	inW:2026-07-15T17:55:35.290Z	ioutW:2026-07-15T17:55:35.290Z	ptime:0	dsertime:0	inbytes:0	sertime:0	outbytes:0	numKey:1683	owc:0
----- End of taks processed event ----

 INFO 07-15 17:58:12,553 CpuBottleneckDetectorImpl:63 [pool-8-thread-1] - Current cpu load: 0.0, # processed events: 0, consecutive: 0/2, threshold: 0.9 in VM-116
 INFO 07-15 17:58:13,552 SystemLoadProfiler:50 [pool-8-thread-1] - Average CPU Load: 0.0 in VM-116
 INFO 07-15 17:58:13,552 TaskEventRateCalculator:114 [pool-8-thread-1] - ---- Start of task processed event (# tasks: 1 in executor VM-116)----
METRICLOG/VM-116	Stage2-0-0	inputR: 0	inputP:0	output:0	inW:2026-07-15T17:55:35.290Z	ioutW:2026-07-15T17:55:35.290Z	ptime:0	dsertime:0	inbytes:0	sertime:0	outbytes:0	numKey:1683	owc:0
----- End of taks processed event ----

 INFO 07-15 17:58:13,552 CpuBottleneckDetectorImpl:63 [pool-8-thread-1] - Current cpu load: 0.0, # processed events: 0, consecutive: 0/2, threshold: 0.9 in VM-116
 INFO 07-15 17:58:14,552 SystemLoadProfiler:50 [pool-8-thread-1] - Average CPU Load: 0.0 in VM-116
 INFO 07-15 17:58:14,552 TaskEventRateCalculator:114 [pool-8-thread-1] - ---- Start of task processed event (# tasks: 1 in executor VM-116)----
METRICLOG/VM-116	Stage2-0-0	inputR: 0	inputP:0	output:0	inW:2026-07-15T17:55:35.290Z	ioutW:2026-07-15T17:55:35.290Z	ptime:0	dsertime:0	inbytes:0	sertime:0	outbytes:0	numKey:1683	owc:0
----- End of taks processed event ----

 INFO 07-15 17:58:14,552 CpuBottleneckDetectorImpl:63 [pool-8-thread-1] - Current cpu load: 0.0, # processed events: 0, consecutive: 0/2, threshold: 0.9 in VM-116
 INFO 07-15 17:58:15,552 SystemLoadProfiler:50 [pool-8-thread-1] - Average CPU Load: 0.0 in VM-116
 INFO 07-15 17:58:15,552 TaskEventRateCalculator:114 [pool-8-thread-1] - ---- Start of task processed event (# tasks: 1 in executor VM-116)----
METRICLOG/VM-116	Stage2-0-0	inputR: 0	inputP:0	output:0	inW:2026-07-15T17:55:35.290Z	ioutW:2026-07-15T17:55:35.290Z	ptime:0	dsertime:0	inbytes:0	sertime:0	outbytes:0	numKey:1683	owc:0
----- End of taks processed event ----

 INFO 07-15 17:58:15,552 CpuBottleneckDetectorImpl:63 [pool-8-thread-1] - Current cpu load: 0.0, # processed events: 0, consecutive: 0/2, threshold: 0.9 in VM-116
 INFO 07-15 17:58:16,552 SystemLoadProfiler:50 [pool-8-thread-1] - Average CPU Load: 0.0 in VM-116
 INFO 07-15 17:58:16,552 TaskEventRateCalculator:114 [pool-8-thread-1] - ---- Start of task processed event (# tasks: 1 in executor VM-116)----
METRICLOG/VM-116	Stage2-0-0	inputR: 0	inputP:0	output:0	inW:2026-07-15T17:55:35.290Z	ioutW:2026-07-15T17:55:35.290Z	ptime:0	dsertime:0	inbytes:0	sertime:0	outbytes:0	numKey:1683	owc:0
----- End of taks processed event ----

 INFO 07-15 17:58:16,553 CpuBottleneckDetectorImpl:63 [pool-8-thread-1] - Current cpu load: 0.0, # processed events: 0, consecutive: 0/2, threshold: 0.9 in VM-116
 INFO 07-15 17:58:17,552 SystemLoadProfiler:50 [pool-8-thread-1] - Average CPU Load: 0.0 in VM-116
 INFO 07-15 17:58:17,552 TaskEventRateCalculator:114 [pool-8-thread-1] - ---- Start of task processed event (# tasks: 1 in executor VM-116)----
METRICLOG/VM-116	Stage2-0-0	inputR: 0	inputP:0	output:0	inW:2026-07-15T17:55:35.290Z	ioutW:2026-07-15T17:55:35.290Z	ptime:0	dsertime:0	inbytes:0	sertime:0	outbytes:0	numKey:1683	owc:0
----- End of taks processed event ----

 INFO 07-15 17:58:17,552 CpuBottleneckDetectorImpl:63 [pool-8-thread-1] - Current cpu load: 0.0, # processed events: 0, consecutive: 0/2, threshold: 0.9 in VM-116
 INFO 07-15 17:58:18,552 SystemLoadProfiler:50 [pool-8-thread-1] - Average CPU Load: 0.0 in VM-116
 INFO 07-15 17:58:18,552 TaskEventRateCalculator:114 [pool-8-thread-1] - ---- Start of task processed event (# tasks: 1 in executor VM-116)----
METRICLOG/VM-116	Stage2-0-0	inputR: 0	inputP:0	output:0	inW:2026-07-15T17:55:35.290Z	ioutW:2026-07-15T17:55:35.290Z	ptime:0	dsertime:0	inbytes:0	sertime:0	outbytes:0	numKey:1683	owc:0
----- End of taks processed event ----

 INFO 07-15 17:58:18,553 CpuBottleneckDetectorImpl:63 [pool-8-thread-1] - Current cpu load: 0.0, # processed events: 0, consecutive: 0/2, threshold: 0.9 in VM-116
 INFO 07-15 17:58:19,552 SystemLoadProfiler:50 [pool-8-thread-1] - Average CPU Load: 0.0 in VM-116
 INFO 07-15 17:58:19,552 TaskEventRateCalculator:114 [pool-8-thread-1] - ---- Start of task processed event (# tasks: 1 in executor VM-116)----
METRICLOG/VM-116	Stage2-0-0	inputR: 0	inputP:0	output:0	inW:2026-07-15T17:55:35.290Z	ioutW:2026-07-15T17:55:35.290Z	ptime:0	dsertime:0	inbytes:0	sertime:0	outbytes:0	numKey:1683	owc:0
----- End of taks processed event ----

 INFO 07-15 17:58:19,552 CpuBottleneckDetectorImpl:63 [pool-8-thread-1] - Current cpu load: 0.0, # processed events: 0, consecutive: 0/2, threshold: 0.9 in VM-116
 INFO 07-15 17:58:20,552 SystemLoadProfiler:50 [pool-8-thread-1] - Average CPU Load: 0.0 in VM-116
 INFO 07-15 17:58:20,552 TaskEventRateCalculator:114 [pool-8-thread-1] - ---- Start of task processed event (# tasks: 1 in executor VM-116)----
METRICLOG/VM-116	Stage2-0-0	inputR: 0	inputP:0	output:0	inW:2026-07-15T17:55:35.290Z	ioutW:2026-07-15T17:55:35.290Z	ptime:0	dsertime:0	inbytes:0	sertime:0	outbytes:0	numKey:1683	owc:0
----- End of taks processed event ----

 INFO 07-15 17:58:20,552 CpuBottleneckDetectorImpl:63 [pool-8-thread-1] - Current cpu load: 0.0, # processed events: 0, consecutive: 0/2, threshold: 0.9 in VM-116
 INFO 07-15 17:58:21,552 SystemLoadProfiler:50 [pool-8-thread-1] - Average CPU Load: 0.0 in VM-116
 INFO 07-15 17:58:21,552 TaskEventRateCalculator:114 [pool-8-thread-1] - ---- Start of task processed event (# tasks: 1 in executor VM-116)----
METRICLOG/VM-116	Stage2-0-0	inputR: 0	inputP:0	output:0	inW:2026-07-15T17:55:35.290Z	ioutW:2026-07-15T17:55:35.290Z	ptime:0	dsertime:0	inbytes:0	sertime:0	outbytes:0	numKey:1683	owc:0
----- End of taks processed event ----

 INFO 07-15 17:58:21,552 CpuBottleneckDetectorImpl:63 [pool-8-thread-1] - Current cpu load: 0.0, # processed events: 0, consecutive: 0/2, threshold: 0.9 in VM-116
 INFO 07-15 17:58:22,552 SystemLoadProfiler:50 [pool-8-thread-1] - Average CPU Load: 0.0 in VM-116
 INFO 07-15 17:58:22,552 TaskEventRateCalculator:114 [pool-8-thread-1] - ---- Start of task processed event (# tasks: 1 in executor VM-116)----
METRICLOG/VM-116	Stage2-0-0	inputR: 0	inputP:0	output:0	inW:2026-07-15T17:55:35.290Z	ioutW:2026-07-15T17:55:35.290Z	ptime:0	dsertime:0	inbytes:0	sertime:0	outbytes:0	numKey:1683	owc:0
----- End of taks processed event ----

 INFO 07-15 17:58:22,552 CpuBottleneckDetectorImpl:63 [pool-8-thread-1] - Current cpu load: 0.0, # processed events: 0, consecutive: 0/2, threshold: 0.9 in VM-116
 INFO 07-15 17:58:23,552 SystemLoadProfiler:50 [pool-8-thread-1] - Average CPU Load: 0.0 in VM-116
 INFO 07-15 17:58:23,552 TaskEventRateCalculator:114 [pool-8-thread-1] - ---- Start of task processed event (# tasks: 1 in executor VM-116)----
METRICLOG/VM-116	Stage2-0-0	inputR: 0	inputP:0	output:0	inW:2026-07-15T17:55:35.290Z	ioutW:2026-07-15T17:55:35.290Z	ptime:0	dsertime:0	inbytes:0	sertime:0	outbytes:0	numKey:1683	owc:0
----- End of taks processed event ----

 INFO 07-15 17:58:23,552 CpuBottleneckDetectorImpl:63 [pool-8-thread-1] - Current cpu load: 0.0, # processed events: 0, consecutive: 0/2, threshold: 0.9 in VM-116
 INFO 07-15 17:58:24,552 SystemLoadProfiler:50 [pool-8-thread-1] - Average CPU Load: 0.0 in VM-116
 INFO 07-15 17:58:24,552 TaskEventRateCalculator:114 [pool-8-thread-1] - ---- Start of task processed event (# tasks: 1 in executor VM-116)----
METRICLOG/VM-116	Stage2-0-0	inputR: 0	inputP:0	output:0	inW:2026-07-15T17:55:35.290Z	ioutW:2026-07-15T17:55:35.290Z	ptime:0	dsertime:0	inbytes:0	sertime:0	outbytes:0	numKey:1683	owc:0
----- End of taks processed event ----

 INFO 07-15 17:58:24,553 CpuBottleneckDetectorImpl:63 [pool-8-thread-1] - Current cpu load: 0.0, # processed events: 0, consecutive: 0/2, threshold: 0.9 in VM-116
 INFO 07-15 17:58:25,552 SystemLoadProfiler:50 [pool-8-thread-1] - Average CPU Load: 0.0 in VM-116
 INFO 07-15 17:58:25,552 TaskEventRateCalculator:114 [pool-8-thread-1] - ---- Start of task processed event (# tasks: 1 in executor VM-116)----
METRICLOG/VM-116	Stage2-0-0	inputR: 0	inputP:0	output:0	inW:2026-07-15T17:55:35.290Z	ioutW:2026-07-15T17:55:35.290Z	ptime:0	dsertime:0	inbytes:0	sertime:0	outbytes:0	numKey:1683	owc:0
----- End of taks processed event ----

 INFO 07-15 17:58:25,553 CpuBottleneckDetectorImpl:63 [pool-8-thread-1] - Current cpu load: 0.0, # processed events: 0, consecutive: 0/2, threshold: 0.9 in VM-116
 INFO 07-15 17:58:26,552 SystemLoadProfiler:50 [pool-8-thread-1] - Average CPU Load: 0.0 in VM-116
 INFO 07-15 17:58:26,552 TaskEventRateCalculator:114 [pool-8-thread-1] - ---- Start of task processed event (# tasks: 1 in executor VM-116)----
METRICLOG/VM-116	Stage2-0-0	inputR: 0	inputP:0	output:0	inW:2026-07-15T17:55:35.290Z	ioutW:2026-07-15T17:55:35.290Z	ptime:0	dsertime:0	inbytes:0	sertime:0	outbytes:0	numKey:1683	owc:0
----- End of taks processed event ----

 INFO 07-15 17:58:26,553 CpuBottleneckDetectorImpl:63 [pool-8-thread-1] - Current cpu load: 0.0, # processed events: 0, consecutive: 0/2, threshold: 0.9 in VM-116
 INFO 07-15 17:58:27,552 SystemLoadProfiler:50 [pool-8-thread-1] - Average CPU Load: 0.0 in VM-116
 INFO 07-15 17:58:27,552 TaskEventRateCalculator:114 [pool-8-thread-1] - ---- Start of task processed event (# tasks: 1 in executor VM-116)----
METRICLOG/VM-116	Stage2-0-0	inputR: 0	inputP:0	output:0	inW:2026-07-15T17:55:35.290Z	ioutW:2026-07-15T17:55:35.290Z	ptime:0	dsertime:0	inbytes:0	sertime:0	outbytes:0	numKey:1683	owc:0
----- End of taks processed event ----

 INFO 07-15 17:58:27,552 CpuBottleneckDetectorImpl:63 [pool-8-thread-1] - Current cpu load: 0.0, # processed events: 0, consecutive: 0/2, threshold: 0.9 in VM-116
 INFO 07-15 17:58:28,552 SystemLoadProfiler:50 [pool-8-thread-1] - Average CPU Load: 0.0 in VM-116
 INFO 07-15 17:58:28,552 TaskEventRateCalculator:114 [pool-8-thread-1] - ---- Start of task processed event (# tasks: 1 in executor VM-116)----
METRICLOG/VM-116	Stage2-0-0	inputR: 0	inputP:0	output:0	inW:2026-07-15T17:55:35.290Z	ioutW:2026-07-15T17:55:35.290Z	ptime:0	dsertime:0	inbytes:0	sertime:0	outbytes:0	numKey:1683	owc:0
----- End of taks processed event ----

 INFO 07-15 17:58:28,552 CpuBottleneckDetectorImpl:63 [pool-8-thread-1] - Current cpu load: 0.0, # processed events: 0, consecutive: 0/2, threshold: 0.9 in VM-116
 INFO 07-15 17:58:29,552 SystemLoadProfiler:50 [pool-8-thread-1] - Average CPU Load: 0.0 in VM-116
 INFO 07-15 17:58:29,552 TaskEventRateCalculator:114 [pool-8-thread-1] - ---- Start of task processed event (# tasks: 1 in executor VM-116)----
METRICLOG/VM-116	Stage2-0-0	inputR: 0	inputP:0	output:0	inW:2026-07-15T17:55:35.290Z	ioutW:2026-07-15T17:55:35.290Z	ptime:0	dsertime:0	inbytes:0	sertime:0	outbytes:0	numKey:1683	owc:0
----- End of taks processed event ----

 INFO 07-15 17:58:29,552 CpuBottleneckDetectorImpl:63 [pool-8-thread-1] - Current cpu load: 0.0, # processed events: 0, consecutive: 0/2, threshold: 0.9 in VM-116
 INFO 07-15 17:58:30,552 SystemLoadProfiler:50 [pool-8-thread-1] - Average CPU Load: 0.0 in VM-116
 INFO 07-15 17:58:30,552 TaskEventRateCalculator:114 [pool-8-thread-1] - ---- Start of task processed event (# tasks: 1 in executor VM-116)----
METRICLOG/VM-116	Stage2-0-0	inputR: 0	inputP:0	output:0	inW:2026-07-15T17:55:35.290Z	ioutW:2026-07-15T17:55:35.290Z	ptime:0	dsertime:0	inbytes:0	sertime:0	outbytes:0	numKey:1683	owc:0
----- End of taks processed event ----

 INFO 07-15 17:58:30,552 CpuBottleneckDetectorImpl:63 [pool-8-thread-1] - Current cpu load: 0.0, # processed events: 0, consecutive: 0/2, threshold: 0.9 in VM-116
 INFO 07-15 17:58:31,552 SystemLoadProfiler:50 [pool-8-thread-1] - Average CPU Load: 0.0 in VM-116
 INFO 07-15 17:58:31,552 TaskEventRateCalculator:114 [pool-8-thread-1] - ---- Start of task processed event (# tasks: 1 in executor VM-116)----
METRICLOG/VM-116	Stage2-0-0	inputR: 0	inputP:0	output:0	inW:2026-07-15T17:55:35.290Z	ioutW:2026-07-15T17:55:35.290Z	ptime:0	dsertime:0	inbytes:0	sertime:0	outbytes:0	numKey:1683	owc:0
----- End of taks processed event ----

 INFO 07-15 17:58:31,552 CpuBottleneckDetectorImpl:63 [pool-8-thread-1] - Current cpu load: 0.0, # processed events: 0, consecutive: 0/2, threshold: 0.9 in VM-116
 INFO 07-15 17:58:32,552 SystemLoadProfiler:50 [pool-8-thread-1] - Average CPU Load: 0.0 in VM-116
 INFO 07-15 17:58:32,552 TaskEventRateCalculator:114 [pool-8-thread-1] - ---- Start of task processed event (# tasks: 1 in executor VM-116)----
METRICLOG/VM-116	Stage2-0-0	inputR: 0	inputP:0	output:0	inW:2026-07-15T17:55:35.290Z	ioutW:2026-07-15T17:55:35.290Z	ptime:0	dsertime:0	inbytes:0	sertime:0	outbytes:0	numKey:1683	owc:0
----- End of taks processed event ----

 INFO 07-15 17:58:32,552 CpuBottleneckDetectorImpl:63 [pool-8-thread-1] - Current cpu load: 0.0, # processed events: 0, consecutive: 0/2, threshold: 0.9 in VM-116
 INFO 07-15 17:58:33,552 SystemLoadProfiler:50 [pool-8-thread-1] - Average CPU Load: 0.0 in VM-116
 INFO 07-15 17:58:33,552 TaskEventRateCalculator:114 [pool-8-thread-1] - ---- Start of task processed event (# tasks: 1 in executor VM-116)----
METRICLOG/VM-116	Stage2-0-0	inputR: 0	inputP:0	output:0	inW:2026-07-15T17:55:35.290Z	ioutW:2026-07-15T17:55:35.290Z	ptime:0	dsertime:0	inbytes:0	sertime:0	outbytes:0	numKey:1683	owc:0
----- End of taks processed event ----

 INFO 07-15 17:58:33,553 CpuBottleneckDetectorImpl:63 [pool-8-thread-1] - Current cpu load: 0.0, # processed events: 0, consecutive: 0/2, threshold: 0.9 in VM-116
 INFO 07-15 17:58:34,552 SystemLoadProfiler:50 [pool-8-thread-1] - Average CPU Load: 0.0 in VM-116
 INFO 07-15 17:58:34,552 TaskEventRateCalculator:114 [pool-8-thread-1] - ---- Start of task processed event (# tasks: 1 in executor VM-116)----
METRICLOG/VM-116	Stage2-0-0	inputR: 0	inputP:0	output:0	inW:2026-07-15T17:55:35.290Z	ioutW:2026-07-15T17:55:35.290Z	ptime:0	dsertime:0	inbytes:0	sertime:0	outbytes:0	numKey:1683	owc:0
----- End of taks processed event ----

 INFO 07-15 17:58:34,553 CpuBottleneckDetectorImpl:63 [pool-8-thread-1] - Current cpu load: 0.0, # processed events: 0, consecutive: 0/2, threshold: 0.9 in VM-116
 INFO 07-15 17:58:35,552 SystemLoadProfiler:50 [pool-8-thread-1] - Average CPU Load: 0.0 in VM-116
 INFO 07-15 17:58:35,552 TaskEventRateCalculator:114 [pool-8-thread-1] - ---- Start of task processed event (# tasks: 1 in executor VM-116)----
METRICLOG/VM-116	Stage2-0-0	inputR: 0	inputP:0	output:0	inW:2026-07-15T17:55:35.290Z	ioutW:2026-07-15T17:55:35.290Z	ptime:0	dsertime:0	inbytes:0	sertime:0	outbytes:0	numKey:1683	owc:0
----- End of taks processed event ----

 INFO 07-15 17:58:35,553 CpuBottleneckDetectorImpl:63 [pool-8-thread-1] - Current cpu load: 0.0, # processed events: 0, consecutive: 0/2, threshold: 0.9 in VM-116
 INFO 07-15 17:58:36,552 SystemLoadProfiler:50 [pool-8-thread-1] - Average CPU Load: 0.0 in VM-116
 INFO 07-15 17:58:36,552 TaskEventRateCalculator:114 [pool-8-thread-1] - ---- Start of task processed event (# tasks: 1 in executor VM-116)----
METRICLOG/VM-116	Stage2-0-0	inputR: 0	inputP:0	output:0	inW:2026-07-15T17:55:35.290Z	ioutW:2026-07-15T17:55:35.290Z	ptime:0	dsertime:0	inbytes:0	sertime:0	outbytes:0	numKey:1683	owc:0
----- End of taks processed event ----

 INFO 07-15 17:58:36,552 CpuBottleneckDetectorImpl:63 [pool-8-thread-1] - Current cpu load: 0.0, # processed events: 0, consecutive: 0/2, threshold: 0.9 in VM-116
 INFO 07-15 17:58:37,552 SystemLoadProfiler:50 [pool-8-thread-1] - Average CPU Load: 0.0 in VM-116
 INFO 07-15 17:58:37,552 TaskEventRateCalculator:114 [pool-8-thread-1] - ---- Start of task processed event (# tasks: 1 in executor VM-116)----
METRICLOG/VM-116	Stage2-0-0	inputR: 0	inputP:0	output:0	inW:2026-07-15T17:55:35.290Z	ioutW:2026-07-15T17:55:35.290Z	ptime:0	dsertime:0	inbytes:0	sertime:0	outbytes:0	numKey:1683	owc:0
----- End of taks processed event ----

 INFO 07-15 17:58:37,552 CpuBottleneckDetectorImpl:63 [pool-8-thread-1] - Current cpu load: 0.0, # processed events: 0, consecutive: 0/2, threshold: 0.9 in VM-116
 INFO 07-15 17:58:38,552 SystemLoadProfiler:50 [pool-8-thread-1] - Average CPU Load: 0.0 in VM-116
 INFO 07-15 17:58:38,552 TaskEventRateCalculator:114 [pool-8-thread-1] - ---- Start of task processed event (# tasks: 1 in executor VM-116)----
METRICLOG/VM-116	Stage2-0-0	inputR: 0	inputP:0	output:0	inW:2026-07-15T17:55:35.290Z	ioutW:2026-07-15T17:55:35.290Z	ptime:0	dsertime:0	inbytes:0	sertime:0	outbytes:0	numKey:1683	owc:0
----- End of taks processed event ----

 INFO 07-15 17:58:38,553 CpuBottleneckDetectorImpl:63 [pool-8-thread-1] - Current cpu load: 0.0, # processed events: 0, consecutive: 0/2, threshold: 0.9 in VM-116
 INFO 07-15 17:58:39,552 SystemLoadProfiler:50 [pool-8-thread-1] - Average CPU Load: 0.0 in VM-116
 INFO 07-15 17:58:39,552 TaskEventRateCalculator:114 [pool-8-thread-1] - ---- Start of task processed event (# tasks: 1 in executor VM-116)----
METRICLOG/VM-116	Stage2-0-0	inputR: 0	inputP:0	output:0	inW:2026-07-15T17:55:35.290Z	ioutW:2026-07-15T17:55:35.290Z	ptime:0	dsertime:0	inbytes:0	sertime:0	outbytes:0	numKey:1683	owc:0
----- End of taks processed event ----

 INFO 07-15 17:58:39,552 CpuBottleneckDetectorImpl:63 [pool-8-thread-1] - Current cpu load: 0.0, # processed events: 0, consecutive: 0/2, threshold: 0.9 in VM-116
 INFO 07-15 17:58:40,552 SystemLoadProfiler:50 [pool-8-thread-1] - Average CPU Load: 0.0 in VM-116
 INFO 07-15 17:58:40,552 TaskEventRateCalculator:114 [pool-8-thread-1] - ---- Start of task processed event (# tasks: 1 in executor VM-116)----
METRICLOG/VM-116	Stage2-0-0	inputR: 0	inputP:0	output:0	inW:2026-07-15T17:55:35.290Z	ioutW:2026-07-15T17:55:35.290Z	ptime:0	dsertime:0	inbytes:0	sertime:0	outbytes:0	numKey:1683	owc:0
----- End of taks processed event ----

 INFO 07-15 17:58:40,552 CpuBottleneckDetectorImpl:63 [pool-8-thread-1] - Current cpu load: 0.0, # processed events: 0, consecutive: 0/2, threshold: 0.9 in VM-116
 INFO 07-15 17:58:41,552 SystemLoadProfiler:50 [pool-8-thread-1] - Average CPU Load: 0.0 in VM-116
 INFO 07-15 17:58:41,552 TaskEventRateCalculator:114 [pool-8-thread-1] - ---- Start of task processed event (# tasks: 1 in executor VM-116)----
METRICLOG/VM-116	Stage2-0-0	inputR: 0	inputP:0	output:0	inW:2026-07-15T17:55:35.290Z	ioutW:2026-07-15T17:55:35.290Z	ptime:0	dsertime:0	inbytes:0	sertime:0	outbytes:0	numKey:1683	owc:0
----- End of taks processed event ----

 INFO 07-15 17:58:41,552 CpuBottleneckDetectorImpl:63 [pool-8-thread-1] - Current cpu load: 0.0, # processed events: 0, consecutive: 0/2, threshold: 0.9 in VM-116
 INFO 07-15 17:58:42,552 SystemLoadProfiler:50 [pool-8-thread-1] - Average CPU Load: 0.0 in VM-116
 INFO 07-15 17:58:42,552 TaskEventRateCalculator:114 [pool-8-thread-1] - ---- Start of task processed event (# tasks: 1 in executor VM-116)----
METRICLOG/VM-116	Stage2-0-0	inputR: 0	inputP:0	output:0	inW:2026-07-15T17:55:35.290Z	ioutW:2026-07-15T17:55:35.290Z	ptime:0	dsertime:0	inbytes:0	sertime:0	outbytes:0	numKey:1683	owc:0
----- End of taks processed event ----

 INFO 07-15 17:58:42,553 CpuBottleneckDetectorImpl:63 [pool-8-thread-1] - Current cpu load: 0.0, # processed events: 0, consecutive: 0/2, threshold: 0.9 in VM-116
 INFO 07-15 17:58:43,552 SystemLoadProfiler:50 [pool-8-thread-1] - Average CPU Load: 0.0 in VM-116
 INFO 07-15 17:58:43,552 TaskEventRateCalculator:114 [pool-8-thread-1] - ---- Start of task processed event (# tasks: 1 in executor VM-116)----
METRICLOG/VM-116	Stage2-0-0	inputR: 0	inputP:0	output:0	inW:2026-07-15T17:55:35.290Z	ioutW:2026-07-15T17:55:35.290Z	ptime:0	dsertime:0	inbytes:0	sertime:0	outbytes:0	numKey:1683	owc:0
----- End of taks processed event ----

 INFO 07-15 17:58:43,552 CpuBottleneckDetectorImpl:63 [pool-8-thread-1] - Current cpu load: 0.0, # processed events: 0, consecutive: 0/2, threshold: 0.9 in VM-116
 INFO 07-15 17:58:44,552 SystemLoadProfiler:50 [pool-8-thread-1] - Average CPU Load: 0.0 in VM-116
 INFO 07-15 17:58:44,552 TaskEventRateCalculator:114 [pool-8-thread-1] - ---- Start of task processed event (# tasks: 1 in executor VM-116)----
METRICLOG/VM-116	Stage2-0-0	inputR: 0	inputP:0	output:0	inW:2026-07-15T17:55:35.290Z	ioutW:2026-07-15T17:55:35.290Z	ptime:0	dsertime:0	inbytes:0	sertime:0	outbytes:0	numKey:1683	owc:0
----- End of taks processed event ----

 INFO 07-15 17:58:44,552 CpuBottleneckDetectorImpl:63 [pool-8-thread-1] - Current cpu load: 0.0, # processed events: 0, consecutive: 0/2, threshold: 0.9 in VM-116
 INFO 07-15 17:58:45,552 SystemLoadProfiler:50 [pool-8-thread-1] - Average CPU Load: 0.0 in VM-116
 INFO 07-15 17:58:45,552 TaskEventRateCalculator:114 [pool-8-thread-1] - ---- Start of task processed event (# tasks: 1 in executor VM-116)----
METRICLOG/VM-116	Stage2-0-0	inputR: 0	inputP:0	output:0	inW:2026-07-15T17:55:35.290Z	ioutW:2026-07-15T17:55:35.290Z	ptime:0	dsertime:0	inbytes:0	sertime:0	outbytes:0	numKey:1683	owc:0
----- End of taks processed event ----

 INFO 07-15 17:58:45,552 CpuBottleneckDetectorImpl:63 [pool-8-thread-1] - Current cpu load: 0.0, # processed events: 0, consecutive: 0/2, threshold: 0.9 in VM-116
 INFO 07-15 17:58:46,552 SystemLoadProfiler:50 [pool-8-thread-1] - Average CPU Load: 0.0 in VM-116
 INFO 07-15 17:58:46,552 TaskEventRateCalculator:114 [pool-8-thread-1] - ---- Start of task processed event (# tasks: 1 in executor VM-116)----
METRICLOG/VM-116	Stage2-0-0	inputR: 0	inputP:0	output:0	inW:2026-07-15T17:55:35.290Z	ioutW:2026-07-15T17:55:35.290Z	ptime:0	dsertime:0	inbytes:0	sertime:0	outbytes:0	numKey:1683	owc:0
----- End of taks processed event ----

 INFO 07-15 17:58:46,552 CpuBottleneckDetectorImpl:63 [pool-8-thread-1] - Current cpu load: 0.0, # processed events: 0, consecutive: 0/2, threshold: 0.9 in VM-116
 INFO 07-15 17:58:47,552 SystemLoadProfiler:50 [pool-8-thread-1] - Average CPU Load: 0.0 in VM-116
 INFO 07-15 17:58:47,552 TaskEventRateCalculator:114 [pool-8-thread-1] - ---- Start of task processed event (# tasks: 1 in executor VM-116)----
METRICLOG/VM-116	Stage2-0-0	inputR: 0	inputP:0	output:0	inW:2026-07-15T17:55:35.290Z	ioutW:2026-07-15T17:55:35.290Z	ptime:0	dsertime:0	inbytes:0	sertime:0	outbytes:0	numKey:1683	owc:0
----- End of taks processed event ----

 INFO 07-15 17:58:47,553 CpuBottleneckDetectorImpl:63 [pool-8-thread-1] - Current cpu load: 0.0, # processed events: 0, consecutive: 0/2, threshold: 0.9 in VM-116
 INFO 07-15 17:58:48,552 SystemLoadProfiler:50 [pool-8-thread-1] - Average CPU Load: 0.0 in VM-116
 INFO 07-15 17:58:48,552 TaskEventRateCalculator:114 [pool-8-thread-1] - ---- Start of task processed event (# tasks: 1 in executor VM-116)----
METRICLOG/VM-116	Stage2-0-0	inputR: 0	inputP:0	output:0	inW:2026-07-15T17:55:35.290Z	ioutW:2026-07-15T17:55:35.290Z	ptime:0	dsertime:0	inbytes:0	sertime:0	outbytes:0	numKey:1683	owc:0
----- End of taks processed event ----

 INFO 07-15 17:58:48,552 CpuBottleneckDetectorImpl:63 [pool-8-thread-1] - Current cpu load: 0.0, # processed events: 0, consecutive: 0/2, threshold: 0.9 in VM-116
 INFO 07-15 17:58:49,552 SystemLoadProfiler:50 [pool-8-thread-1] - Average CPU Load: 0.0 in VM-116
 INFO 07-15 17:58:49,552 TaskEventRateCalculator:114 [pool-8-thread-1] - ---- Start of task processed event (# tasks: 1 in executor VM-116)----
METRICLOG/VM-116	Stage2-0-0	inputR: 0	inputP:0	output:0	inW:2026-07-15T17:55:35.290Z	ioutW:2026-07-15T17:55:35.290Z	ptime:0	dsertime:0	inbytes:0	sertime:0	outbytes:0	numKey:1683	owc:0
----- End of taks processed event ----

 INFO 07-15 17:58:49,552 CpuBottleneckDetectorImpl:63 [pool-8-thread-1] - Current cpu load: 0.0, # processed events: 0, consecutive: 0/2, threshold: 0.9 in VM-116
 INFO 07-15 17:58:50,551 SystemLoadProfiler:50 [pool-8-thread-1] - Average CPU Load: 0.0 in VM-116
 INFO 07-15 17:58:50,552 TaskEventRateCalculator:114 [pool-8-thread-1] - ---- Start of task processed event (# tasks: 1 in executor VM-116)----
METRICLOG/VM-116	Stage2-0-0	inputR: 0	inputP:0	output:0	inW:2026-07-15T17:55:35.290Z	ioutW:2026-07-15T17:55:35.290Z	ptime:0	dsertime:0	inbytes:0	sertime:0	outbytes:0	numKey:1683	owc:0
----- End of taks processed event ----

 INFO 07-15 17:58:50,552 CpuBottleneckDetectorImpl:63 [pool-8-thread-1] - Current cpu load: 0.0, # processed events: 0, consecutive: 0/2, threshold: 0.9 in VM-116
 INFO 07-15 17:58:51,552 SystemLoadProfiler:50 [pool-8-thread-1] - Average CPU Load: 0.0 in VM-116
 INFO 07-15 17:58:51,552 TaskEventRateCalculator:114 [pool-8-thread-1] - ---- Start of task processed event (# tasks: 1 in executor VM-116)----
METRICLOG/VM-116	Stage2-0-0	inputR: 0	inputP:0	output:0	inW:2026-07-15T17:55:35.290Z	ioutW:2026-07-15T17:55:35.290Z	ptime:0	dsertime:0	inbytes:0	sertime:0	outbytes:0	numKey:1683	owc:0
----- End of taks processed event ----

 INFO 07-15 17:58:51,552 CpuBottleneckDetectorImpl:63 [pool-8-thread-1] - Current cpu load: 0.0, # processed events: 0, consecutive: 0/2, threshold: 0.9 in VM-116
 INFO 07-15 17:58:52,552 SystemLoadProfiler:50 [pool-8-thread-1] - Average CPU Load: 0.0 in VM-116
 INFO 07-15 17:58:52,552 TaskEventRateCalculator:114 [pool-8-thread-1] - ---- Start of task processed event (# tasks: 1 in executor VM-116)----
METRICLOG/VM-116	Stage2-0-0	inputR: 0	inputP:0	output:0	inW:2026-07-15T17:55:35.290Z	ioutW:2026-07-15T17:55:35.290Z	ptime:0	dsertime:0	inbytes:0	sertime:0	outbytes:0	numKey:1683	owc:0
----- End of taks processed event ----

 INFO 07-15 17:58:52,552 CpuBottleneckDetectorImpl:63 [pool-8-thread-1] - Current cpu load: 0.0, # processed events: 0, consecutive: 0/2, threshold: 0.9 in VM-116
 INFO 07-15 17:58:53,552 SystemLoadProfiler:50 [pool-8-thread-1] - Average CPU Load: 0.0 in VM-116
 INFO 07-15 17:58:53,552 TaskEventRateCalculator:114 [pool-8-thread-1] - ---- Start of task processed event (# tasks: 1 in executor VM-116)----
METRICLOG/VM-116	Stage2-0-0	inputR: 0	inputP:0	output:0	inW:2026-07-15T17:55:35.290Z	ioutW:2026-07-15T17:55:35.290Z	ptime:0	dsertime:0	inbytes:0	sertime:0	outbytes:0	numKey:1683	owc:0
----- End of taks processed event ----

 INFO 07-15 17:58:53,552 CpuBottleneckDetectorImpl:63 [pool-8-thread-1] - Current cpu load: 0.0, # processed events: 0, consecutive: 0/2, threshold: 0.9 in VM-116
 INFO 07-15 17:58:54,553 SystemLoadProfiler:50 [pool-8-thread-1] - Average CPU Load: 0.0 in VM-116
 INFO 07-15 17:58:54,554 TaskEventRateCalculator:114 [pool-8-thread-1] - ---- Start of task processed event (# tasks: 1 in executor VM-116)----
METRICLOG/VM-116	Stage2-0-0	inputR: 0	inputP:0	output:0	inW:2026-07-15T17:55:35.290Z	ioutW:2026-07-15T17:55:35.290Z	ptime:0	dsertime:0	inbytes:0	sertime:0	outbytes:0	numKey:1683	owc:0
----- End of taks processed event ----

 INFO 07-15 17:58:54,554 CpuBottleneckDetectorImpl:63 [pool-8-thread-1] - Current cpu load: 0.0, # processed events: 0, consecutive: 0/2, threshold: 0.9 in VM-116
 INFO 07-15 17:58:55,552 SystemLoadProfiler:50 [pool-8-thread-1] - Average CPU Load: 0.0 in VM-116
 INFO 07-15 17:58:55,552 TaskEventRateCalculator:114 [pool-8-thread-1] - ---- Start of task processed event (# tasks: 1 in executor VM-116)----
METRICLOG/VM-116	Stage2-0-0	inputR: 0	inputP:0	output:0	inW:2026-07-15T17:55:35.290Z	ioutW:2026-07-15T17:55:35.290Z	ptime:0	dsertime:0	inbytes:0	sertime:0	outbytes:0	numKey:1683	owc:0
----- End of taks processed event ----

 INFO 07-15 17:58:55,553 CpuBottleneckDetectorImpl:63 [pool-8-thread-1] - Current cpu load: 0.0, # processed events: 0, consecutive: 0/2, threshold: 0.9 in VM-116
 INFO 07-15 17:58:56,552 SystemLoadProfiler:50 [pool-8-thread-1] - Average CPU Load: 0.0 in VM-116
 INFO 07-15 17:58:56,552 TaskEventRateCalculator:114 [pool-8-thread-1] - ---- Start of task processed event (# tasks: 1 in executor VM-116)----
METRICLOG/VM-116	Stage2-0-0	inputR: 0	inputP:0	output:0	inW:2026-07-15T17:55:35.290Z	ioutW:2026-07-15T17:55:35.290Z	ptime:0	dsertime:0	inbytes:0	sertime:0	outbytes:0	numKey:1683	owc:0
----- End of taks processed event ----

 INFO 07-15 17:58:56,552 CpuBottleneckDetectorImpl:63 [pool-8-thread-1] - Current cpu load: 0.0, # processed events: 0, consecutive: 0/2, threshold: 0.9 in VM-116
 INFO 07-15 17:58:57,552 SystemLoadProfiler:50 [pool-8-thread-1] - Average CPU Load: 0.0 in VM-116
 INFO 07-15 17:58:57,552 TaskEventRateCalculator:114 [pool-8-thread-1] - ---- Start of task processed event (# tasks: 1 in executor VM-116)----
METRICLOG/VM-116	Stage2-0-0	inputR: 0	inputP:0	output:0	inW:2026-07-15T17:55:35.290Z	ioutW:2026-07-15T17:55:35.290Z	ptime:0	dsertime:0	inbytes:0	sertime:0	outbytes:0	numKey:1683	owc:0
----- End of taks processed event ----

 INFO 07-15 17:58:57,552 CpuBottleneckDetectorImpl:63 [pool-8-thread-1] - Current cpu load: 0.0, # processed events: 0, consecutive: 0/2, threshold: 0.9 in VM-116
 INFO 07-15 17:58:58,552 SystemLoadProfiler:50 [pool-8-thread-1] - Average CPU Load: 0.0 in VM-116
 INFO 07-15 17:58:58,552 TaskEventRateCalculator:114 [pool-8-thread-1] - ---- Start of task processed event (# tasks: 1 in executor VM-116)----
METRICLOG/VM-116	Stage2-0-0	inputR: 0	inputP:0	output:0	inW:2026-07-15T17:55:35.290Z	ioutW:2026-07-15T17:55:35.290Z	ptime:0	dsertime:0	inbytes:0	sertime:0	outbytes:0	numKey:1683	owc:0
----- End of taks processed event ----

 INFO 07-15 17:58:58,552 CpuBottleneckDetectorImpl:63 [pool-8-thread-1] - Current cpu load: 0.0, # processed events: 0, consecutive: 0/2, threshold: 0.9 in VM-116
 INFO 07-15 17:58:59,552 SystemLoadProfiler:50 [pool-8-thread-1] - Average CPU Load: 0.0 in VM-116
 INFO 07-15 17:58:59,552 TaskEventRateCalculator:114 [pool-8-thread-1] - ---- Start of task processed event (# tasks: 1 in executor VM-116)----
METRICLOG/VM-116	Stage2-0-0	inputR: 0	inputP:0	output:0	inW:2026-07-15T17:55:35.290Z	ioutW:2026-07-15T17:55:35.290Z	ptime:0	dsertime:0	inbytes:0	sertime:0	outbytes:0	numKey:1683	owc:0
----- End of taks processed event ----

 INFO 07-15 17:58:59,552 CpuBottleneckDetectorImpl:63 [pool-8-thread-1] - Current cpu load: 0.0, # processed events: 0, consecutive: 0/2, threshold: 0.9 in VM-116
 INFO 07-15 17:59:00,552 SystemLoadProfiler:50 [pool-8-thread-1] - Average CPU Load: 0.0 in VM-116
 INFO 07-15 17:59:00,552 TaskEventRateCalculator:114 [pool-8-thread-1] - ---- Start of task processed event (# tasks: 1 in executor VM-116)----
METRICLOG/VM-116	Stage2-0-0	inputR: 0	inputP:0	output:0	inW:2026-07-15T17:55:35.290Z	ioutW:2026-07-15T17:55:35.290Z	ptime:0	dsertime:0	inbytes:0	sertime:0	outbytes:0	numKey:1683	owc:0
----- End of taks processed event ----

 INFO 07-15 17:59:00,553 CpuBottleneckDetectorImpl:63 [pool-8-thread-1] - Current cpu load: 0.0, # processed events: 0, consecutive: 0/2, threshold: 0.9 in VM-116
 INFO 07-15 17:59:01,552 SystemLoadProfiler:50 [pool-8-thread-1] - Average CPU Load: 0.0 in VM-116
 INFO 07-15 17:59:01,552 TaskEventRateCalculator:114 [pool-8-thread-1] - ---- Start of task processed event (# tasks: 1 in executor VM-116)----
METRICLOG/VM-116	Stage2-0-0	inputR: 0	inputP:0	output:0	inW:2026-07-15T17:55:35.290Z	ioutW:2026-07-15T17:55:35.290Z	ptime:0	dsertime:0	inbytes:0	sertime:0	outbytes:0	numKey:1683	owc:0
----- End of taks processed event ----

 INFO 07-15 17:59:01,553 CpuBottleneckDetectorImpl:63 [pool-8-thread-1] - Current cpu load: 0.0, # processed events: 0, consecutive: 0/2, threshold: 0.9 in VM-116
 INFO 07-15 17:59:02,552 SystemLoadProfiler:50 [pool-8-thread-1] - Average CPU Load: 0.0 in VM-116
 INFO 07-15 17:59:02,552 TaskEventRateCalculator:114 [pool-8-thread-1] - ---- Start of task processed event (# tasks: 1 in executor VM-116)----
METRICLOG/VM-116	Stage2-0-0	inputR: 0	inputP:0	output:0	inW:2026-07-15T17:55:35.290Z	ioutW:2026-07-15T17:55:35.290Z	ptime:0	dsertime:0	inbytes:0	sertime:0	outbytes:0	numKey:1683	owc:0
----- End of taks processed event ----

 INFO 07-15 17:59:02,552 CpuBottleneckDetectorImpl:63 [pool-8-thread-1] - Current cpu load: 0.0, # processed events: 0, consecutive: 0/2, threshold: 0.9 in VM-116
 INFO 07-15 17:59:03,552 SystemLoadProfiler:50 [pool-8-thread-1] - Average CPU Load: 0.0 in VM-116
 INFO 07-15 17:59:03,552 TaskEventRateCalculator:114 [pool-8-thread-1] - ---- Start of task processed event (# tasks: 1 in executor VM-116)----
METRICLOG/VM-116	Stage2-0-0	inputR: 0	inputP:0	output:0	inW:2026-07-15T17:55:35.290Z	ioutW:2026-07-15T17:55:35.290Z	ptime:0	dsertime:0	inbytes:0	sertime:0	outbytes:0	numKey:1683	owc:0
----- End of taks processed event ----

 INFO 07-15 17:59:03,553 CpuBottleneckDetectorImpl:63 [pool-8-thread-1] - Current cpu load: 0.0, # processed events: 0, consecutive: 0/2, threshold: 0.9 in VM-116
 INFO 07-15 17:59:04,552 SystemLoadProfiler:50 [pool-8-thread-1] - Average CPU Load: 0.0 in VM-116
 INFO 07-15 17:59:04,552 TaskEventRateCalculator:114 [pool-8-thread-1] - ---- Start of task processed event (# tasks: 1 in executor VM-116)----
METRICLOG/VM-116	Stage2-0-0	inputR: 0	inputP:0	output:0	inW:2026-07-15T17:55:35.290Z	ioutW:2026-07-15T17:55:35.290Z	ptime:0	dsertime:0	inbytes:0	sertime:0	outbytes:0	numKey:1683	owc:0
----- End of taks processed event ----

 INFO 07-15 17:59:04,552 CpuBottleneckDetectorImpl:63 [pool-8-thread-1] - Current cpu load: 0.0, # processed events: 0, consecutive: 0/2, threshold: 0.9 in VM-116
 INFO 07-15 17:59:05,552 SystemLoadProfiler:50 [pool-8-thread-1] - Average CPU Load: 0.0 in VM-116
 INFO 07-15 17:59:05,552 TaskEventRateCalculator:114 [pool-8-thread-1] - ---- Start of task processed event (# tasks: 1 in executor VM-116)----
METRICLOG/VM-116	Stage2-0-0	inputR: 0	inputP:0	output:0	inW:2026-07-15T17:55:35.290Z	ioutW:2026-07-15T17:55:35.290Z	ptime:0	dsertime:0	inbytes:0	sertime:0	outbytes:0	numKey:1683	owc:0
----- End of taks processed event ----

 INFO 07-15 17:59:05,552 CpuBottleneckDetectorImpl:63 [pool-8-thread-1] - Current cpu load: 0.0, # processed events: 0, consecutive: 0/2, threshold: 0.9 in VM-116
 INFO 07-15 17:59:06,552 SystemLoadProfiler:50 [pool-8-thread-1] - Average CPU Load: 0.0 in VM-116
 INFO 07-15 17:59:06,552 TaskEventRateCalculator:114 [pool-8-thread-1] - ---- Start of task processed event (# tasks: 1 in executor VM-116)----
METRICLOG/VM-116	Stage2-0-0	inputR: 0	inputP:0	output:0	inW:2026-07-15T17:55:35.290Z	ioutW:2026-07-15T17:55:35.290Z	ptime:0	dsertime:0	inbytes:0	sertime:0	outbytes:0	numKey:1683	owc:0
----- End of taks processed event ----

 INFO 07-15 17:59:06,553 CpuBottleneckDetectorImpl:63 [pool-8-thread-1] - Current cpu load: 0.0, # processed events: 0, consecutive: 0/2, threshold: 0.9 in VM-116
 INFO 07-15 17:59:07,552 SystemLoadProfiler:50 [pool-8-thread-1] - Average CPU Load: 0.0 in VM-116
 INFO 07-15 17:59:07,552 TaskEventRateCalculator:114 [pool-8-thread-1] - ---- Start of task processed event (# tasks: 1 in executor VM-116)----
METRICLOG/VM-116	Stage2-0-0	inputR: 0	inputP:0	output:0	inW:2026-07-15T17:55:35.290Z	ioutW:2026-07-15T17:55:35.290Z	ptime:0	dsertime:0	inbytes:0	sertime:0	outbytes:0	numKey:1683	owc:0
----- End of taks processed event ----

 INFO 07-15 17:59:07,552 CpuBottleneckDetectorImpl:63 [pool-8-thread-1] - Current cpu load: 0.0, # processed events: 0, consecutive: 0/2, threshold: 0.9 in VM-116
 INFO 07-15 17:59:08,552 SystemLoadProfiler:50 [pool-8-thread-1] - Average CPU Load: 0.0 in VM-116
 INFO 07-15 17:59:08,552 TaskEventRateCalculator:114 [pool-8-thread-1] - ---- Start of task processed event (# tasks: 1 in executor VM-116)----
METRICLOG/VM-116	Stage2-0-0	inputR: 0	inputP:0	output:0	inW:2026-07-15T17:55:35.290Z	ioutW:2026-07-15T17:55:35.290Z	ptime:0	dsertime:0	inbytes:0	sertime:0	outbytes:0	numKey:1683	owc:0
----- End of taks processed event ----

 INFO 07-15 17:59:08,552 CpuBottleneckDetectorImpl:63 [pool-8-thread-1] - Current cpu load: 0.0, # processed events: 0, consecutive: 0/2, threshold: 0.9 in VM-116
 INFO 07-15 17:59:09,552 SystemLoadProfiler:50 [pool-8-thread-1] - Average CPU Load: 0.0 in VM-116
 INFO 07-15 17:59:09,552 TaskEventRateCalculator:114 [pool-8-thread-1] - ---- Start of task processed event (# tasks: 1 in executor VM-116)----
METRICLOG/VM-116	Stage2-0-0	inputR: 0	inputP:0	output:0	inW:2026-07-15T17:55:35.290Z	ioutW:2026-07-15T17:55:35.290Z	ptime:0	dsertime:0	inbytes:0	sertime:0	outbytes:0	numKey:1683	owc:0
----- End of taks processed event ----

 INFO 07-15 17:59:09,552 CpuBottleneckDetectorImpl:63 [pool-8-thread-1] - Current cpu load: 0.0, # processed events: 0, consecutive: 0/2, threshold: 0.9 in VM-116
 INFO 07-15 17:59:10,553 SystemLoadProfiler:50 [pool-8-thread-1] - Average CPU Load: 0.0 in VM-116
 INFO 07-15 17:59:10,554 TaskEventRateCalculator:114 [pool-8-thread-1] - ---- Start of task processed event (# tasks: 1 in executor VM-116)----
METRICLOG/VM-116	Stage2-0-0	inputR: 0	inputP:0	output:0	inW:2026-07-15T17:55:35.290Z	ioutW:2026-07-15T17:55:35.290Z	ptime:0	dsertime:0	inbytes:0	sertime:0	outbytes:0	numKey:1683	owc:0
----- End of taks processed event ----

 INFO 07-15 17:59:10,554 CpuBottleneckDetectorImpl:63 [pool-8-thread-1] - Current cpu load: 0.0, # processed events: 0, consecutive: 0/2, threshold: 0.9 in VM-116
 INFO 07-15 17:59:11,552 SystemLoadProfiler:50 [pool-8-thread-1] - Average CPU Load: 0.0 in VM-116
 INFO 07-15 17:59:11,552 TaskEventRateCalculator:114 [pool-8-thread-1] - ---- Start of task processed event (# tasks: 1 in executor VM-116)----
METRICLOG/VM-116	Stage2-0-0	inputR: 0	inputP:0	output:0	inW:2026-07-15T17:55:35.290Z	ioutW:2026-07-15T17:55:35.290Z	ptime:0	dsertime:0	inbytes:0	sertime:0	outbytes:0	numKey:1683	owc:0
----- End of taks processed event ----

 INFO 07-15 17:59:11,552 CpuBottleneckDetectorImpl:63 [pool-8-thread-1] - Current cpu load: 0.0, # processed events: 0, consecutive: 0/2, threshold: 0.9 in VM-116
 INFO 07-15 17:59:12,552 SystemLoadProfiler:50 [pool-8-thread-1] - Average CPU Load: 0.0 in VM-116
 INFO 07-15 17:59:12,552 TaskEventRateCalculator:114 [pool-8-thread-1] - ---- Start of task processed event (# tasks: 1 in executor VM-116)----
METRICLOG/VM-116	Stage2-0-0	inputR: 0	inputP:0	output:0	inW:2026-07-15T17:55:35.290Z	ioutW:2026-07-15T17:55:35.290Z	ptime:0	dsertime:0	inbytes:0	sertime:0	outbytes:0	numKey:1683	owc:0
----- End of taks processed event ----

 INFO 07-15 17:59:12,552 CpuBottleneckDetectorImpl:63 [pool-8-thread-1] - Current cpu load: 0.0, # processed events: 0, consecutive: 0/2, threshold: 0.9 in VM-116
 INFO 07-15 17:59:13,552 SystemLoadProfiler:50 [pool-8-thread-1] - Average CPU Load: 0.0 in VM-116
 INFO 07-15 17:59:13,552 TaskEventRateCalculator:114 [pool-8-thread-1] - ---- Start of task processed event (# tasks: 1 in executor VM-116)----
METRICLOG/VM-116	Stage2-0-0	inputR: 0	inputP:0	output:0	inW:2026-07-15T17:55:35.290Z	ioutW:2026-07-15T17:55:35.290Z	ptime:0	dsertime:0	inbytes:0	sertime:0	outbytes:0	numKey:1683	owc:0
----- End of taks processed event ----

 INFO 07-15 17:59:13,552 CpuBottleneckDetectorImpl:63 [pool-8-thread-1] - Current cpu load: 0.0, # processed events: 0, consecutive: 0/2, threshold: 0.9 in VM-116
 INFO 07-15 17:59:14,552 SystemLoadProfiler:50 [pool-8-thread-1] - Average CPU Load: 0.0 in VM-116
 INFO 07-15 17:59:14,552 TaskEventRateCalculator:114 [pool-8-thread-1] - ---- Start of task processed event (# tasks: 1 in executor VM-116)----
METRICLOG/VM-116	Stage2-0-0	inputR: 0	inputP:0	output:0	inW:2026-07-15T17:55:35.290Z	ioutW:2026-07-15T17:55:35.290Z	ptime:0	dsertime:0	inbytes:0	sertime:0	outbytes:0	numKey:1683	owc:0
----- End of taks processed event ----

 INFO 07-15 17:59:14,552 CpuBottleneckDetectorImpl:63 [pool-8-thread-1] - Current cpu load: 0.0, # processed events: 0, consecutive: 0/2, threshold: 0.9 in VM-116
 INFO 07-15 17:59:15,552 SystemLoadProfiler:50 [pool-8-thread-1] - Average CPU Load: 0.0 in VM-116
 INFO 07-15 17:59:15,552 TaskEventRateCalculator:114 [pool-8-thread-1] - ---- Start of task processed event (# tasks: 1 in executor VM-116)----
METRICLOG/VM-116	Stage2-0-0	inputR: 0	inputP:0	output:0	inW:2026-07-15T17:55:35.290Z	ioutW:2026-07-15T17:55:35.290Z	ptime:0	dsertime:0	inbytes:0	sertime:0	outbytes:0	numKey:1683	owc:0
----- End of taks processed event ----

 INFO 07-15 17:59:15,552 CpuBottleneckDetectorImpl:63 [pool-8-thread-1] - Current cpu load: 0.0, # processed events: 0, consecutive: 0/2, threshold: 0.9 in VM-116
 INFO 07-15 17:59:16,552 SystemLoadProfiler:50 [pool-8-thread-1] - Average CPU Load: 0.0 in VM-116
 INFO 07-15 17:59:16,552 TaskEventRateCalculator:114 [pool-8-thread-1] - ---- Start of task processed event (# tasks: 1 in executor VM-116)----
METRICLOG/VM-116	Stage2-0-0	inputR: 0	inputP:0	output:0	inW:2026-07-15T17:55:35.290Z	ioutW:2026-07-15T17:55:35.290Z	ptime:0	dsertime:0	inbytes:0	sertime:0	outbytes:0	numKey:1683	owc:0
----- End of taks processed event ----

 INFO 07-15 17:59:16,552 CpuBottleneckDetectorImpl:63 [pool-8-thread-1] - Current cpu load: 0.0, # processed events: 0, consecutive: 0/2, threshold: 0.9 in VM-116
 INFO 07-15 17:59:17,552 SystemLoadProfiler:50 [pool-8-thread-1] - Average CPU Load: 0.0 in VM-116
 INFO 07-15 17:59:17,552 TaskEventRateCalculator:114 [pool-8-thread-1] - ---- Start of task processed event (# tasks: 1 in executor VM-116)----
METRICLOG/VM-116	Stage2-0-0	inputR: 0	inputP:0	output:0	inW:2026-07-15T17:55:35.290Z	ioutW:2026-07-15T17:55:35.290Z	ptime:0	dsertime:0	inbytes:0	sertime:0	outbytes:0	numKey:1683	owc:0
----- End of taks processed event ----

 INFO 07-15 17:59:17,552 CpuBottleneckDetectorImpl:63 [pool-8-thread-1] - Current cpu load: 0.0, # processed events: 0, consecutive: 0/2, threshold: 0.9 in VM-116
 INFO 07-15 17:59:18,552 SystemLoadProfiler:50 [pool-8-thread-1] - Average CPU Load: 0.0 in VM-116
 INFO 07-15 17:59:18,552 TaskEventRateCalculator:114 [pool-8-thread-1] - ---- Start of task processed event (# tasks: 1 in executor VM-116)----
METRICLOG/VM-116	Stage2-0-0	inputR: 0	inputP:0	output:0	inW:2026-07-15T17:55:35.290Z	ioutW:2026-07-15T17:55:35.290Z	ptime:0	dsertime:0	inbytes:0	sertime:0	outbytes:0	numKey:1683	owc:0
----- End of taks processed event ----

 INFO 07-15 17:59:18,552 CpuBottleneckDetectorImpl:63 [pool-8-thread-1] - Current cpu load: 0.0, # processed events: 0, consecutive: 0/2, threshold: 0.9 in VM-116
 INFO 07-15 17:59:19,552 SystemLoadProfiler:50 [pool-8-thread-1] - Average CPU Load: 0.0 in VM-116
 INFO 07-15 17:59:19,552 TaskEventRateCalculator:114 [pool-8-thread-1] - ---- Start of task processed event (# tasks: 1 in executor VM-116)----
METRICLOG/VM-116	Stage2-0-0	inputR: 0	inputP:0	output:0	inW:2026-07-15T17:55:35.290Z	ioutW:2026-07-15T17:55:35.290Z	ptime:0	dsertime:0	inbytes:0	sertime:0	outbytes:0	numKey:1683	owc:0
----- End of taks processed event ----

 INFO 07-15 17:59:19,552 CpuBottleneckDetectorImpl:63 [pool-8-thread-1] - Current cpu load: 0.0, # processed events: 0, consecutive: 0/2, threshold: 0.9 in VM-116
 INFO 07-15 17:59:20,552 SystemLoadProfiler:50 [pool-8-thread-1] - Average CPU Load: 0.0 in VM-116
 INFO 07-15 17:59:20,552 TaskEventRateCalculator:114 [pool-8-thread-1] - ---- Start of task processed event (# tasks: 1 in executor VM-116)----
METRICLOG/VM-116	Stage2-0-0	inputR: 0	inputP:0	output:0	inW:2026-07-15T17:55:35.290Z	ioutW:2026-07-15T17:55:35.290Z	ptime:0	dsertime:0	inbytes:0	sertime:0	outbytes:0	numKey:1683	owc:0
----- End of taks processed event ----

 INFO 07-15 17:59:20,552 CpuBottleneckDetectorImpl:63 [pool-8-thread-1] - Current cpu load: 0.0, # processed events: 0, consecutive: 0/2, threshold: 0.9 in VM-116
 INFO 07-15 17:59:21,552 SystemLoadProfiler:50 [pool-8-thread-1] - Average CPU Load: 0.0 in VM-116
 INFO 07-15 17:59:21,552 TaskEventRateCalculator:114 [pool-8-thread-1] - ---- Start of task processed event (# tasks: 1 in executor VM-116)----
METRICLOG/VM-116	Stage2-0-0	inputR: 0	inputP:0	output:0	inW:2026-07-15T17:55:35.290Z	ioutW:2026-07-15T17:55:35.290Z	ptime:0	dsertime:0	inbytes:0	sertime:0	outbytes:0	numKey:1683	owc:0
----- End of taks processed event ----

 INFO 07-15 17:59:21,552 CpuBottleneckDetectorImpl:63 [pool-8-thread-1] - Current cpu load: 0.0, # processed events: 0, consecutive: 0/2, threshold: 0.9 in VM-116
 INFO 07-15 17:59:22,552 SystemLoadProfiler:50 [pool-8-thread-1] - Average CPU Load: 0.0 in VM-116
 INFO 07-15 17:59:22,552 TaskEventRateCalculator:114 [pool-8-thread-1] - ---- Start of task processed event (# tasks: 1 in executor VM-116)----
METRICLOG/VM-116	Stage2-0-0	inputR: 0	inputP:0	output:0	inW:2026-07-15T17:55:35.290Z	ioutW:2026-07-15T17:55:35.290Z	ptime:0	dsertime:0	inbytes:0	sertime:0	outbytes:0	numKey:1683	owc:0
----- End of taks processed event ----

 INFO 07-15 17:59:22,552 CpuBottleneckDetectorImpl:63 [pool-8-thread-1] - Current cpu load: 0.0, # processed events: 0, consecutive: 0/2, threshold: 0.9 in VM-116
 INFO 07-15 17:59:23,552 SystemLoadProfiler:50 [pool-8-thread-1] - Average CPU Load: 0.0 in VM-116
 INFO 07-15 17:59:23,552 TaskEventRateCalculator:114 [pool-8-thread-1] - ---- Start of task processed event (# tasks: 1 in executor VM-116)----
METRICLOG/VM-116	Stage2-0-0	inputR: 0	inputP:0	output:0	inW:2026-07-15T17:55:35.290Z	ioutW:2026-07-15T17:55:35.290Z	ptime:0	dsertime:0	inbytes:0	sertime:0	outbytes:0	numKey:1683	owc:0
----- End of taks processed event ----

 INFO 07-15 17:59:23,552 CpuBottleneckDetectorImpl:63 [pool-8-thread-1] - Current cpu load: 0.0, # processed events: 0, consecutive: 0/2, threshold: 0.9 in VM-116
 INFO 07-15 17:59:24,552 SystemLoadProfiler:50 [pool-8-thread-1] - Average CPU Load: 0.0 in VM-116
 INFO 07-15 17:59:24,552 TaskEventRateCalculator:114 [pool-8-thread-1] - ---- Start of task processed event (# tasks: 1 in executor VM-116)----
METRICLOG/VM-116	Stage2-0-0	inputR: 0	inputP:0	output:0	inW:2026-07-15T17:55:35.290Z	ioutW:2026-07-15T17:55:35.290Z	ptime:0	dsertime:0	inbytes:0	sertime:0	outbytes:0	numKey:1683	owc:0
----- End of taks processed event ----

 INFO 07-15 17:59:24,552 CpuBottleneckDetectorImpl:63 [pool-8-thread-1] - Current cpu load: 0.0, # processed events: 0, consecutive: 0/2, threshold: 0.9 in VM-116
 INFO 07-15 17:59:25,552 SystemLoadProfiler:50 [pool-8-thread-1] - Average CPU Load: 0.0 in VM-116
 INFO 07-15 17:59:25,552 TaskEventRateCalculator:114 [pool-8-thread-1] - ---- Start of task processed event (# tasks: 1 in executor VM-116)----
METRICLOG/VM-116	Stage2-0-0	inputR: 0	inputP:0	output:0	inW:2026-07-15T17:55:35.290Z	ioutW:2026-07-15T17:55:35.290Z	ptime:0	dsertime:0	inbytes:0	sertime:0	outbytes:0	numKey:1683	owc:0
----- End of taks processed event ----

 INFO 07-15 17:59:25,552 CpuBottleneckDetectorImpl:63 [pool-8-thread-1] - Current cpu load: 0.0, # processed events: 0, consecutive: 0/2, threshold: 0.9 in VM-116
 INFO 07-15 17:59:26,552 SystemLoadProfiler:50 [pool-8-thread-1] - Average CPU Load: 0.0 in VM-116
 INFO 07-15 17:59:26,552 TaskEventRateCalculator:114 [pool-8-thread-1] - ---- Start of task processed event (# tasks: 1 in executor VM-116)----
METRICLOG/VM-116	Stage2-0-0	inputR: 0	inputP:0	output:0	inW:2026-07-15T17:55:35.290Z	ioutW:2026-07-15T17:55:35.290Z	ptime:0	dsertime:0	inbytes:0	sertime:0	outbytes:0	numKey:1683	owc:0
----- End of taks processed event ----

 INFO 07-15 17:59:26,552 CpuBottleneckDetectorImpl:63 [pool-8-thread-1] - Current cpu load: 0.0, # processed events: 0, consecutive: 0/2, threshold: 0.9 in VM-116
 INFO 07-15 17:59:27,552 SystemLoadProfiler:50 [pool-8-thread-1] - Average CPU Load: 0.0 in VM-116
 INFO 07-15 17:59:27,552 TaskEventRateCalculator:114 [pool-8-thread-1] - ---- Start of task processed event (# tasks: 1 in executor VM-116)----
METRICLOG/VM-116	Stage2-0-0	inputR: 0	inputP:0	output:0	inW:2026-07-15T17:55:35.290Z	ioutW:2026-07-15T17:55:35.290Z	ptime:0	dsertime:0	inbytes:0	sertime:0	outbytes:0	numKey:1683	owc:0
----- End of taks processed event ----

 INFO 07-15 17:59:27,553 CpuBottleneckDetectorImpl:63 [pool-8-thread-1] - Current cpu load: 0.0, # processed events: 0, consecutive: 0/2, threshold: 0.9 in VM-116
 INFO 07-15 17:59:28,552 SystemLoadProfiler:50 [pool-8-thread-1] - Average CPU Load: 0.0 in VM-116
 INFO 07-15 17:59:28,552 TaskEventRateCalculator:114 [pool-8-thread-1] - ---- Start of task processed event (# tasks: 1 in executor VM-116)----
METRICLOG/VM-116	Stage2-0-0	inputR: 0	inputP:0	output:0	inW:2026-07-15T17:55:35.290Z	ioutW:2026-07-15T17:55:35.290Z	ptime:0	dsertime:0	inbytes:0	sertime:0	outbytes:0	numKey:1683	owc:0
----- End of taks processed event ----

 INFO 07-15 17:59:28,552 CpuBottleneckDetectorImpl:63 [pool-8-thread-1] - Current cpu load: 0.0, # processed events: 0, consecutive: 0/2, threshold: 0.9 in VM-116
 INFO 07-15 17:59:29,552 SystemLoadProfiler:50 [pool-8-thread-1] - Average CPU Load: 0.0 in VM-116
 INFO 07-15 17:59:29,552 TaskEventRateCalculator:114 [pool-8-thread-1] - ---- Start of task processed event (# tasks: 1 in executor VM-116)----
METRICLOG/VM-116	Stage2-0-0	inputR: 0	inputP:0	output:0	inW:2026-07-15T17:55:35.290Z	ioutW:2026-07-15T17:55:35.290Z	ptime:0	dsertime:0	inbytes:0	sertime:0	outbytes:0	numKey:1683	owc:0
----- End of taks processed event ----

 INFO 07-15 17:59:29,552 CpuBottleneckDetectorImpl:63 [pool-8-thread-1] - Current cpu load: 0.0, # processed events: 0, consecutive: 0/2, threshold: 0.9 in VM-116
 INFO 07-15 17:59:30,552 SystemLoadProfiler:50 [pool-8-thread-1] - Average CPU Load: 0.0 in VM-116
 INFO 07-15 17:59:30,552 TaskEventRateCalculator:114 [pool-8-thread-1] - ---- Start of task processed event (# tasks: 1 in executor VM-116)----
METRICLOG/VM-116	Stage2-0-0	inputR: 0	inputP:0	output:0	inW:2026-07-15T17:55:35.290Z	ioutW:2026-07-15T17:55:35.290Z	ptime:0	dsertime:0	inbytes:0	sertime:0	outbytes:0	numKey:1683	owc:0
----- End of taks processed event ----

 INFO 07-15 17:59:30,552 CpuBottleneckDetectorImpl:63 [pool-8-thread-1] - Current cpu load: 0.0, # processed events: 0, consecutive: 0/2, threshold: 0.9 in VM-116
 INFO 07-15 17:59:31,552 SystemLoadProfiler:50 [pool-8-thread-1] - Average CPU Load: 0.0 in VM-116
 INFO 07-15 17:59:31,552 TaskEventRateCalculator:114 [pool-8-thread-1] - ---- Start of task processed event (# tasks: 1 in executor VM-116)----
METRICLOG/VM-116	Stage2-0-0	inputR: 0	inputP:0	output:0	inW:2026-07-15T17:55:35.290Z	ioutW:2026-07-15T17:55:35.290Z	ptime:0	dsertime:0	inbytes:0	sertime:0	outbytes:0	numKey:1683	owc:0
----- End of taks processed event ----

 INFO 07-15 17:59:31,552 CpuBottleneckDetectorImpl:63 [pool-8-thread-1] - Current cpu load: 0.0, # processed events: 0, consecutive: 0/2, threshold: 0.9 in VM-116
 INFO 07-15 17:59:32,552 SystemLoadProfiler:50 [pool-8-thread-1] - Average CPU Load: 0.0 in VM-116
 INFO 07-15 17:59:32,552 TaskEventRateCalculator:114 [pool-8-thread-1] - ---- Start of task processed event (# tasks: 1 in executor VM-116)----
METRICLOG/VM-116	Stage2-0-0	inputR: 0	inputP:0	output:0	inW:2026-07-15T17:55:35.290Z	ioutW:2026-07-15T17:55:35.290Z	ptime:0	dsertime:0	inbytes:0	sertime:0	outbytes:0	numKey:1683	owc:0
----- End of taks processed event ----

 INFO 07-15 17:59:32,552 CpuBottleneckDetectorImpl:63 [pool-8-thread-1] - Current cpu load: 0.0, # processed events: 0, consecutive: 0/2, threshold: 0.9 in VM-116
 INFO 07-15 17:59:33,552 SystemLoadProfiler:50 [pool-8-thread-1] - Average CPU Load: 0.0 in VM-116
 INFO 07-15 17:59:33,552 TaskEventRateCalculator:114 [pool-8-thread-1] - ---- Start of task processed event (# tasks: 1 in executor VM-116)----
METRICLOG/VM-116	Stage2-0-0	inputR: 0	inputP:0	output:0	inW:2026-07-15T17:55:35.290Z	ioutW:2026-07-15T17:55:35.290Z	ptime:0	dsertime:0	inbytes:0	sertime:0	outbytes:0	numKey:1683	owc:0
----- End of taks processed event ----

 INFO 07-15 17:59:33,552 CpuBottleneckDetectorImpl:63 [pool-8-thread-1] - Current cpu load: 0.0, # processed events: 0, consecutive: 0/2, threshold: 0.9 in VM-116
 INFO 07-15 17:59:34,552 SystemLoadProfiler:50 [pool-8-thread-1] - Average CPU Load: 0.0 in VM-116
 INFO 07-15 17:59:34,552 TaskEventRateCalculator:114 [pool-8-thread-1] - ---- Start of task processed event (# tasks: 1 in executor VM-116)----
METRICLOG/VM-116	Stage2-0-0	inputR: 0	inputP:0	output:0	inW:2026-07-15T17:55:35.290Z	ioutW:2026-07-15T17:55:35.290Z	ptime:0	dsertime:0	inbytes:0	sertime:0	outbytes:0	numKey:1683	owc:0
----- End of taks processed event ----

 INFO 07-15 17:59:34,552 CpuBottleneckDetectorImpl:63 [pool-8-thread-1] - Current cpu load: 0.0, # processed events: 0, consecutive: 0/2, threshold: 0.9 in VM-116
 INFO 07-15 17:59:35,552 SystemLoadProfiler:50 [pool-8-thread-1] - Average CPU Load: 0.0 in VM-116
 INFO 07-15 17:59:35,552 TaskEventRateCalculator:114 [pool-8-thread-1] - ---- Start of task processed event (# tasks: 1 in executor VM-116)----
METRICLOG/VM-116	Stage2-0-0	inputR: 0	inputP:0	output:0	inW:2026-07-15T17:55:35.290Z	ioutW:2026-07-15T17:55:35.290Z	ptime:0	dsertime:0	inbytes:0	sertime:0	outbytes:0	numKey:1683	owc:0
----- End of taks processed event ----

 INFO 07-15 17:59:35,552 CpuBottleneckDetectorImpl:63 [pool-8-thread-1] - Current cpu load: 0.0, # processed events: 0, consecutive: 0/2, threshold: 0.9 in VM-116
 INFO 07-15 17:59:36,552 SystemLoadProfiler:50 [pool-8-thread-1] - Average CPU Load: 0.0 in VM-116
 INFO 07-15 17:59:36,552 TaskEventRateCalculator:114 [pool-8-thread-1] - ---- Start of task processed event (# tasks: 1 in executor VM-116)----
METRICLOG/VM-116	Stage2-0-0	inputR: 0	inputP:0	output:0	inW:2026-07-15T17:55:35.290Z	ioutW:2026-07-15T17:55:35.290Z	ptime:0	dsertime:0	inbytes:0	sertime:0	outbytes:0	numKey:1683	owc:0
----- End of taks processed event ----

 INFO 07-15 17:59:36,552 CpuBottleneckDetectorImpl:63 [pool-8-thread-1] - Current cpu load: 0.0, # processed events: 0, consecutive: 0/2, threshold: 0.9 in VM-116
 INFO 07-15 17:59:37,552 SystemLoadProfiler:50 [pool-8-thread-1] - Average CPU Load: 0.0 in VM-116
 INFO 07-15 17:59:37,552 TaskEventRateCalculator:114 [pool-8-thread-1] - ---- Start of task processed event (# tasks: 1 in executor VM-116)----
METRICLOG/VM-116	Stage2-0-0	inputR: 0	inputP:0	output:0	inW:2026-07-15T17:55:35.290Z	ioutW:2026-07-15T17:55:35.290Z	ptime:0	dsertime:0	inbytes:0	sertime:0	outbytes:0	numKey:1683	owc:0
----- End of taks processed event ----

 INFO 07-15 17:59:37,552 CpuBottleneckDetectorImpl:63 [pool-8-thread-1] - Current cpu load: 0.0, # processed events: 0, consecutive: 0/2, threshold: 0.9 in VM-116
 INFO 07-15 17:59:38,552 SystemLoadProfiler:50 [pool-8-thread-1] - Average CPU Load: 0.0 in VM-116
 INFO 07-15 17:59:38,552 TaskEventRateCalculator:114 [pool-8-thread-1] - ---- Start of task processed event (# tasks: 1 in executor VM-116)----
METRICLOG/VM-116	Stage2-0-0	inputR: 0	inputP:0	output:0	inW:2026-07-15T17:55:35.290Z	ioutW:2026-07-15T17:55:35.290Z	ptime:0	dsertime:0	inbytes:0	sertime:0	outbytes:0	numKey:1683	owc:0
----- End of taks processed event ----

 INFO 07-15 17:59:38,552 CpuBottleneckDetectorImpl:63 [pool-8-thread-1] - Current cpu load: 0.0, # processed events: 0, consecutive: 0/2, threshold: 0.9 in VM-116
 INFO 07-15 17:59:39,552 SystemLoadProfiler:50 [pool-8-thread-1] - Average CPU Load: 0.0 in VM-116
 INFO 07-15 17:59:39,552 TaskEventRateCalculator:114 [pool-8-thread-1] - ---- Start of task processed event (# tasks: 1 in executor VM-116)----
METRICLOG/VM-116	Stage2-0-0	inputR: 0	inputP:0	output:0	inW:2026-07-15T17:55:35.290Z	ioutW:2026-07-15T17:55:35.290Z	ptime:0	dsertime:0	inbytes:0	sertime:0	outbytes:0	numKey:1683	owc:0
----- End of taks processed event ----

 INFO 07-15 17:59:39,552 CpuBottleneckDetectorImpl:63 [pool-8-thread-1] - Current cpu load: 0.0, # processed events: 0, consecutive: 0/2, threshold: 0.9 in VM-116
 INFO 07-15 17:59:40,552 SystemLoadProfiler:50 [pool-8-thread-1] - Average CPU Load: 0.0 in VM-116
 INFO 07-15 17:59:40,552 TaskEventRateCalculator:114 [pool-8-thread-1] - ---- Start of task processed event (# tasks: 1 in executor VM-116)----
METRICLOG/VM-116	Stage2-0-0	inputR: 0	inputP:0	output:0	inW:2026-07-15T17:55:35.290Z	ioutW:2026-07-15T17:55:35.290Z	ptime:0	dsertime:0	inbytes:0	sertime:0	outbytes:0	numKey:1683	owc:0
----- End of taks processed event ----

 INFO 07-15 17:59:40,552 CpuBottleneckDetectorImpl:63 [pool-8-thread-1] - Current cpu load: 0.0, # processed events: 0, consecutive: 0/2, threshold: 0.9 in VM-116
 INFO 07-15 17:59:41,552 SystemLoadProfiler:50 [pool-8-thread-1] - Average CPU Load: 0.0 in VM-116
 INFO 07-15 17:59:41,552 TaskEventRateCalculator:114 [pool-8-thread-1] - ---- Start of task processed event (# tasks: 1 in executor VM-116)----
METRICLOG/VM-116	Stage2-0-0	inputR: 0	inputP:0	output:0	inW:2026-07-15T17:55:35.290Z	ioutW:2026-07-15T17:55:35.290Z	ptime:0	dsertime:0	inbytes:0	sertime:0	outbytes:0	numKey:1683	owc:0
----- End of taks processed event ----

 INFO 07-15 17:59:41,552 CpuBottleneckDetectorImpl:63 [pool-8-thread-1] - Current cpu load: 0.0, # processed events: 0, consecutive: 0/2, threshold: 0.9 in VM-116
 INFO 07-15 17:59:42,552 SystemLoadProfiler:50 [pool-8-thread-1] - Average CPU Load: 0.0 in VM-116
 INFO 07-15 17:59:42,552 TaskEventRateCalculator:114 [pool-8-thread-1] - ---- Start of task processed event (# tasks: 1 in executor VM-116)----
METRICLOG/VM-116	Stage2-0-0	inputR: 0	inputP:0	output:0	inW:2026-07-15T17:55:35.290Z	ioutW:2026-07-15T17:55:35.290Z	ptime:0	dsertime:0	inbytes:0	sertime:0	outbytes:0	numKey:1683	owc:0
----- End of taks processed event ----

 INFO 07-15 17:59:42,552 CpuBottleneckDetectorImpl:63 [pool-8-thread-1] - Current cpu load: 0.0, # processed events: 0, consecutive: 0/2, threshold: 0.9 in VM-116
 INFO 07-15 17:59:43,552 SystemLoadProfiler:50 [pool-8-thread-1] - Average CPU Load: 0.0 in VM-116
 INFO 07-15 17:59:43,552 TaskEventRateCalculator:114 [pool-8-thread-1] - ---- Start of task processed event (# tasks: 1 in executor VM-116)----
METRICLOG/VM-116	Stage2-0-0	inputR: 0	inputP:0	output:0	inW:2026-07-15T17:55:35.290Z	ioutW:2026-07-15T17:55:35.290Z	ptime:0	dsertime:0	inbytes:0	sertime:0	outbytes:0	numKey:1683	owc:0
----- End of taks processed event ----

 INFO 07-15 17:59:43,552 CpuBottleneckDetectorImpl:63 [pool-8-thread-1] - Current cpu load: 0.0, # processed events: 0, consecutive: 0/2, threshold: 0.9 in VM-116
 INFO 07-15 17:59:44,552 SystemLoadProfiler:50 [pool-8-thread-1] - Average CPU Load: 0.0 in VM-116
 INFO 07-15 17:59:44,552 TaskEventRateCalculator:114 [pool-8-thread-1] - ---- Start of task processed event (# tasks: 1 in executor VM-116)----
METRICLOG/VM-116	Stage2-0-0	inputR: 0	inputP:0	output:0	inW:2026-07-15T17:55:35.290Z	ioutW:2026-07-15T17:55:35.290Z	ptime:0	dsertime:0	inbytes:0	sertime:0	outbytes:0	numKey:1683	owc:0
----- End of taks processed event ----

 INFO 07-15 17:59:44,552 CpuBottleneckDetectorImpl:63 [pool-8-thread-1] - Current cpu load: 0.0, # processed events: 0, consecutive: 0/2, threshold: 0.9 in VM-116
 INFO 07-15 17:59:45,552 SystemLoadProfiler:50 [pool-8-thread-1] - Average CPU Load: 0.0 in VM-116
 INFO 07-15 17:59:45,552 TaskEventRateCalculator:114 [pool-8-thread-1] - ---- Start of task processed event (# tasks: 1 in executor VM-116)----
METRICLOG/VM-116	Stage2-0-0	inputR: 0	inputP:0	output:0	inW:2026-07-15T17:55:35.290Z	ioutW:2026-07-15T17:55:35.290Z	ptime:0	dsertime:0	inbytes:0	sertime:0	outbytes:0	numKey:1683	owc:0
----- End of taks processed event ----

 INFO 07-15 17:59:45,552 CpuBottleneckDetectorImpl:63 [pool-8-thread-1] - Current cpu load: 0.0, # processed events: 0, consecutive: 0/2, threshold: 0.9 in VM-116
 INFO 07-15 17:59:46,552 SystemLoadProfiler:50 [pool-8-thread-1] - Average CPU Load: 0.0 in VM-116
 INFO 07-15 17:59:46,552 TaskEventRateCalculator:114 [pool-8-thread-1] - ---- Start of task processed event (# tasks: 1 in executor VM-116)----
METRICLOG/VM-116	Stage2-0-0	inputR: 0	inputP:0	output:0	inW:2026-07-15T17:55:35.290Z	ioutW:2026-07-15T17:55:35.290Z	ptime:0	dsertime:0	inbytes:0	sertime:0	outbytes:0	numKey:1683	owc:0
----- End of taks processed event ----

 INFO 07-15 17:59:46,552 CpuBottleneckDetectorImpl:63 [pool-8-thread-1] - Current cpu load: 0.0, # processed events: 0, consecutive: 0/2, threshold: 0.9 in VM-116
 INFO 07-15 17:59:47,552 SystemLoadProfiler:50 [pool-8-thread-1] - Average CPU Load: 0.0 in VM-116
 INFO 07-15 17:59:47,552 TaskEventRateCalculator:114 [pool-8-thread-1] - ---- Start of task processed event (# tasks: 1 in executor VM-116)----
METRICLOG/VM-116	Stage2-0-0	inputR: 0	inputP:0	output:0	inW:2026-07-15T17:55:35.290Z	ioutW:2026-07-15T17:55:35.290Z	ptime:0	dsertime:0	inbytes:0	sertime:0	outbytes:0	numKey:1683	owc:0
----- End of taks processed event ----

 INFO 07-15 17:59:47,552 CpuBottleneckDetectorImpl:63 [pool-8-thread-1] - Current cpu load: 0.0, # processed events: 0, consecutive: 0/2, threshold: 0.9 in VM-116
 INFO 07-15 17:59:48,552 SystemLoadProfiler:50 [pool-8-thread-1] - Average CPU Load: 0.0 in VM-116
 INFO 07-15 17:59:48,552 TaskEventRateCalculator:114 [pool-8-thread-1] - ---- Start of task processed event (# tasks: 1 in executor VM-116)----
METRICLOG/VM-116	Stage2-0-0	inputR: 0	inputP:0	output:0	inW:2026-07-15T17:55:35.290Z	ioutW:2026-07-15T17:55:35.290Z	ptime:0	dsertime:0	inbytes:0	sertime:0	outbytes:0	numKey:1683	owc:0
----- End of taks processed event ----

 INFO 07-15 17:59:48,552 CpuBottleneckDetectorImpl:63 [pool-8-thread-1] - Current cpu load: 0.0, # processed events: 0, consecutive: 0/2, threshold: 0.9 in VM-116
 INFO 07-15 17:59:49,552 SystemLoadProfiler:50 [pool-8-thread-1] - Average CPU Load: 0.0 in VM-116
 INFO 07-15 17:59:49,552 TaskEventRateCalculator:114 [pool-8-thread-1] - ---- Start of task processed event (# tasks: 1 in executor VM-116)----
METRICLOG/VM-116	Stage2-0-0	inputR: 0	inputP:0	output:0	inW:2026-07-15T17:55:35.290Z	ioutW:2026-07-15T17:55:35.290Z	ptime:0	dsertime:0	inbytes:0	sertime:0	outbytes:0	numKey:1683	owc:0
----- End of taks processed event ----

 INFO 07-15 17:59:49,552 CpuBottleneckDetectorImpl:63 [pool-8-thread-1] - Current cpu load: 0.0, # processed events: 0, consecutive: 0/2, threshold: 0.9 in VM-116
 INFO 07-15 17:59:50,552 SystemLoadProfiler:50 [pool-8-thread-1] - Average CPU Load: 0.0 in VM-116
 INFO 07-15 17:59:50,552 TaskEventRateCalculator:114 [pool-8-thread-1] - ---- Start of task processed event (# tasks: 1 in executor VM-116)----
METRICLOG/VM-116	Stage2-0-0	inputR: 0	inputP:0	output:0	inW:2026-07-15T17:55:35.290Z	ioutW:2026-07-15T17:55:35.290Z	ptime:0	dsertime:0	inbytes:0	sertime:0	outbytes:0	numKey:1683	owc:0
----- End of taks processed event ----

 INFO 07-15 17:59:50,552 CpuBottleneckDetectorImpl:63 [pool-8-thread-1] - Current cpu load: 0.0, # processed events: 0, consecutive: 0/2, threshold: 0.9 in VM-116
 INFO 07-15 17:59:51,552 SystemLoadProfiler:50 [pool-8-thread-1] - Average CPU Load: 0.0 in VM-116
 INFO 07-15 17:59:51,552 TaskEventRateCalculator:114 [pool-8-thread-1] - ---- Start of task processed event (# tasks: 1 in executor VM-116)----
METRICLOG/VM-116	Stage2-0-0	inputR: 0	inputP:0	output:0	inW:2026-07-15T17:55:35.290Z	ioutW:2026-07-15T17:55:35.290Z	ptime:0	dsertime:0	inbytes:0	sertime:0	outbytes:0	numKey:1683	owc:0
----- End of taks processed event ----

 INFO 07-15 17:59:51,552 CpuBottleneckDetectorImpl:63 [pool-8-thread-1] - Current cpu load: 0.0, # processed events: 0, consecutive: 0/2, threshold: 0.9 in VM-116
 INFO 07-15 17:59:52,552 SystemLoadProfiler:50 [pool-8-thread-1] - Average CPU Load: 0.0 in VM-116
 INFO 07-15 17:59:52,552 TaskEventRateCalculator:114 [pool-8-thread-1] - ---- Start of task processed event (# tasks: 1 in executor VM-116)----
METRICLOG/VM-116	Stage2-0-0	inputR: 0	inputP:0	output:0	inW:2026-07-15T17:55:35.290Z	ioutW:2026-07-15T17:55:35.290Z	ptime:0	dsertime:0	inbytes:0	sertime:0	outbytes:0	numKey:1683	owc:0
----- End of taks processed event ----

 INFO 07-15 17:59:52,552 CpuBottleneckDetectorImpl:63 [pool-8-thread-1] - Current cpu load: 0.0, # processed events: 0, consecutive: 0/2, threshold: 0.9 in VM-116
 INFO 07-15 17:59:53,552 SystemLoadProfiler:50 [pool-8-thread-1] - Average CPU Load: 0.0 in VM-116
 INFO 07-15 17:59:53,552 TaskEventRateCalculator:114 [pool-8-thread-1] - ---- Start of task processed event (# tasks: 1 in executor VM-116)----
METRICLOG/VM-116	Stage2-0-0	inputR: 0	inputP:0	output:0	inW:2026-07-15T17:55:35.290Z	ioutW:2026-07-15T17:55:35.290Z	ptime:0	dsertime:0	inbytes:0	sertime:0	outbytes:0	numKey:1683	owc:0
----- End of taks processed event ----

 INFO 07-15 17:59:53,552 CpuBottleneckDetectorImpl:63 [pool-8-thread-1] - Current cpu load: 0.0, # processed events: 0, consecutive: 0/2, threshold: 0.9 in VM-116
 INFO 07-15 17:59:54,552 SystemLoadProfiler:50 [pool-8-thread-1] - Average CPU Load: 0.0 in VM-116
 INFO 07-15 17:59:54,552 TaskEventRateCalculator:114 [pool-8-thread-1] - ---- Start of task processed event (# tasks: 1 in executor VM-116)----
METRICLOG/VM-116	Stage2-0-0	inputR: 0	inputP:0	output:0	inW:2026-07-15T17:55:35.290Z	ioutW:2026-07-15T17:55:35.290Z	ptime:0	dsertime:0	inbytes:0	sertime:0	outbytes:0	numKey:1683	owc:0
----- End of taks processed event ----

 INFO 07-15 17:59:54,552 CpuBottleneckDetectorImpl:63 [pool-8-thread-1] - Current cpu load: 0.0, # processed events: 0, consecutive: 0/2, threshold: 0.9 in VM-116
 INFO 07-15 17:59:55,552 SystemLoadProfiler:50 [pool-8-thread-1] - Average CPU Load: 0.0 in VM-116
 INFO 07-15 17:59:55,552 TaskEventRateCalculator:114 [pool-8-thread-1] - ---- Start of task processed event (# tasks: 1 in executor VM-116)----
METRICLOG/VM-116	Stage2-0-0	inputR: 0	inputP:0	output:0	inW:2026-07-15T17:55:35.290Z	ioutW:2026-07-15T17:55:35.290Z	ptime:0	dsertime:0	inbytes:0	sertime:0	outbytes:0	numKey:1683	owc:0
----- End of taks processed event ----

 INFO 07-15 17:59:55,552 CpuBottleneckDetectorImpl:63 [pool-8-thread-1] - Current cpu load: 0.0, # processed events: 0, consecutive: 0/2, threshold: 0.9 in VM-116
 INFO 07-15 17:59:56,552 SystemLoadProfiler:50 [pool-8-thread-1] - Average CPU Load: 0.0 in VM-116
 INFO 07-15 17:59:56,552 TaskEventRateCalculator:114 [pool-8-thread-1] - ---- Start of task processed event (# tasks: 1 in executor VM-116)----
METRICLOG/VM-116	Stage2-0-0	inputR: 0	inputP:0	output:0	inW:2026-07-15T17:55:35.290Z	ioutW:2026-07-15T17:55:35.290Z	ptime:0	dsertime:0	inbytes:0	sertime:0	outbytes:0	numKey:1683	owc:0
----- End of taks processed event ----

 INFO 07-15 17:59:56,552 CpuBottleneckDetectorImpl:63 [pool-8-thread-1] - Current cpu load: 0.0, # processed events: 0, consecutive: 0/2, threshold: 0.9 in VM-116
 INFO 07-15 17:59:57,552 SystemLoadProfiler:50 [pool-8-thread-1] - Average CPU Load: 0.0 in VM-116
 INFO 07-15 17:59:57,552 TaskEventRateCalculator:114 [pool-8-thread-1] - ---- Start of task processed event (# tasks: 1 in executor VM-116)----
METRICLOG/VM-116	Stage2-0-0	inputR: 0	inputP:0	output:0	inW:2026-07-15T17:55:35.290Z	ioutW:2026-07-15T17:55:35.290Z	ptime:0	dsertime:0	inbytes:0	sertime:0	outbytes:0	numKey:1683	owc:0
----- End of taks processed event ----

 INFO 07-15 17:59:57,552 CpuBottleneckDetectorImpl:63 [pool-8-thread-1] - Current cpu load: 0.0, # processed events: 0, consecutive: 0/2, threshold: 0.9 in VM-116
 INFO 07-15 17:59:58,552 SystemLoadProfiler:50 [pool-8-thread-1] - Average CPU Load: 0.0 in VM-116
 INFO 07-15 17:59:58,552 TaskEventRateCalculator:114 [pool-8-thread-1] - ---- Start of task processed event (# tasks: 1 in executor VM-116)----
METRICLOG/VM-116	Stage2-0-0	inputR: 0	inputP:0	output:0	inW:2026-07-15T17:55:35.290Z	ioutW:2026-07-15T17:55:35.290Z	ptime:0	dsertime:0	inbytes:0	sertime:0	outbytes:0	numKey:1683	owc:0
----- End of taks processed event ----

 INFO 07-15 17:59:58,552 CpuBottleneckDetectorImpl:63 [pool-8-thread-1] - Current cpu load: 0.0, # processed events: 0, consecutive: 0/2, threshold: 0.9 in VM-116
 INFO 07-15 17:59:59,552 SystemLoadProfiler:50 [pool-8-thread-1] - Average CPU Load: 0.0 in VM-116
 INFO 07-15 17:59:59,552 TaskEventRateCalculator:114 [pool-8-thread-1] - ---- Start of task processed event (# tasks: 1 in executor VM-116)----
METRICLOG/VM-116	Stage2-0-0	inputR: 0	inputP:0	output:0	inW:2026-07-15T17:55:35.290Z	ioutW:2026-07-15T17:55:35.290Z	ptime:0	dsertime:0	inbytes:0	sertime:0	outbytes:0	numKey:1683	owc:0
----- End of taks processed event ----

 INFO 07-15 17:59:59,552 CpuBottleneckDetectorImpl:63 [pool-8-thread-1] - Current cpu load: 0.0, # processed events: 0, consecutive: 0/2, threshold: 0.9 in VM-116
 INFO 07-15 18:00:00,552 SystemLoadProfiler:50 [pool-8-thread-1] - Average CPU Load: 0.0 in VM-116
 INFO 07-15 18:00:00,552 TaskEventRateCalculator:114 [pool-8-thread-1] - ---- Start of task processed event (# tasks: 1 in executor VM-116)----
METRICLOG/VM-116	Stage2-0-0	inputR: 0	inputP:0	output:0	inW:2026-07-15T17:55:35.290Z	ioutW:2026-07-15T17:55:35.290Z	ptime:0	dsertime:0	inbytes:0	sertime:0	outbytes:0	numKey:1683	owc:0
----- End of taks processed event ----

 INFO 07-15 18:00:00,552 CpuBottleneckDetectorImpl:63 [pool-8-thread-1] - Current cpu load: 0.0, # processed events: 0, consecutive: 0/2, threshold: 0.9 in VM-116
 INFO 07-15 18:00:01,552 SystemLoadProfiler:50 [pool-8-thread-1] - Average CPU Load: 0.0 in VM-116
 INFO 07-15 18:00:01,552 TaskEventRateCalculator:114 [pool-8-thread-1] - ---- Start of task processed event (# tasks: 1 in executor VM-116)----
METRICLOG/VM-116	Stage2-0-0	inputR: 0	inputP:0	output:0	inW:2026-07-15T17:55:35.290Z	ioutW:2026-07-15T17:55:35.290Z	ptime:0	dsertime:0	inbytes:0	sertime:0	outbytes:0	numKey:1683	owc:0
----- End of taks processed event ----

 INFO 07-15 18:00:01,552 CpuBottleneckDetectorImpl:63 [pool-8-thread-1] - Current cpu load: 0.0, # processed events: 0, consecutive: 0/2, threshold: 0.9 in VM-116
 INFO 07-15 18:00:02,552 SystemLoadProfiler:50 [pool-8-thread-1] - Average CPU Load: 0.0 in VM-116
 INFO 07-15 18:00:02,552 TaskEventRateCalculator:114 [pool-8-thread-1] - ---- Start of task processed event (# tasks: 1 in executor VM-116)----
METRICLOG/VM-116	Stage2-0-0	inputR: 0	inputP:0	output:0	inW:2026-07-15T17:55:35.290Z	ioutW:2026-07-15T17:55:35.290Z	ptime:0	dsertime:0	inbytes:0	sertime:0	outbytes:0	numKey:1683	owc:0
----- End of taks processed event ----

 INFO 07-15 18:00:02,552 CpuBottleneckDetectorImpl:63 [pool-8-thread-1] - Current cpu load: 0.0, # processed events: 0, consecutive: 0/2, threshold: 0.9 in VM-116
 INFO 07-15 18:00:03,552 SystemLoadProfiler:50 [pool-8-thread-1] - Average CPU Load: 0.0 in VM-116
 INFO 07-15 18:00:03,552 TaskEventRateCalculator:114 [pool-8-thread-1] - ---- Start of task processed event (# tasks: 1 in executor VM-116)----
METRICLOG/VM-116	Stage2-0-0	inputR: 0	inputP:0	output:0	inW:2026-07-15T17:55:35.290Z	ioutW:2026-07-15T17:55:35.290Z	ptime:0	dsertime:0	inbytes:0	sertime:0	outbytes:0	numKey:1683	owc:0
----- End of taks processed event ----

 INFO 07-15 18:00:03,552 CpuBottleneckDetectorImpl:63 [pool-8-thread-1] - Current cpu load: 0.0, # processed events: 0, consecutive: 0/2, threshold: 0.9 in VM-116
 INFO 07-15 18:00:04,552 SystemLoadProfiler:50 [pool-8-thread-1] - Average CPU Load: 0.0 in VM-116
 INFO 07-15 18:00:04,552 TaskEventRateCalculator:114 [pool-8-thread-1] - ---- Start of task processed event (# tasks: 1 in executor VM-116)----
METRICLOG/VM-116	Stage2-0-0	inputR: 0	inputP:0	output:0	inW:2026-07-15T17:55:35.290Z	ioutW:2026-07-15T17:55:35.290Z	ptime:0	dsertime:0	inbytes:0	sertime:0	outbytes:0	numKey:1683	owc:0
----- End of taks processed event ----

 INFO 07-15 18:00:04,552 CpuBottleneckDetectorImpl:63 [pool-8-thread-1] - Current cpu load: 0.0, # processed events: 0, consecutive: 0/2, threshold: 0.9 in VM-116
 INFO 07-15 18:00:05,552 SystemLoadProfiler:50 [pool-8-thread-1] - Average CPU Load: 0.0 in VM-116
 INFO 07-15 18:00:05,552 TaskEventRateCalculator:114 [pool-8-thread-1] - ---- Start of task processed event (# tasks: 1 in executor VM-116)----
METRICLOG/VM-116	Stage2-0-0	inputR: 0	inputP:0	output:0	inW:2026-07-15T17:55:35.290Z	ioutW:2026-07-15T17:55:35.290Z	ptime:0	dsertime:0	inbytes:0	sertime:0	outbytes:0	numKey:1683	owc:0
----- End of taks processed event ----

 INFO 07-15 18:00:05,552 CpuBottleneckDetectorImpl:63 [pool-8-thread-1] - Current cpu load: 0.0, # processed events: 0, consecutive: 0/2, threshold: 0.9 in VM-116
 INFO 07-15 18:00:06,552 SystemLoadProfiler:50 [pool-8-thread-1] - Average CPU Load: 0.0 in VM-116
 INFO 07-15 18:00:06,552 TaskEventRateCalculator:114 [pool-8-thread-1] - ---- Start of task processed event (# tasks: 1 in executor VM-116)----
METRICLOG/VM-116	Stage2-0-0	inputR: 0	inputP:0	output:0	inW:2026-07-15T17:55:35.290Z	ioutW:2026-07-15T17:55:35.290Z	ptime:0	dsertime:0	inbytes:0	sertime:0	outbytes:0	numKey:1683	owc:0
----- End of taks processed event ----

 INFO 07-15 18:00:06,552 CpuBottleneckDetectorImpl:63 [pool-8-thread-1] - Current cpu load: 0.0, # processed events: 0, consecutive: 0/2, threshold: 0.9 in VM-116
 INFO 07-15 18:00:07,552 SystemLoadProfiler:50 [pool-8-thread-1] - Average CPU Load: 0.0 in VM-116
 INFO 07-15 18:00:07,552 TaskEventRateCalculator:114 [pool-8-thread-1] - ---- Start of task processed event (# tasks: 1 in executor VM-116)----
METRICLOG/VM-116	Stage2-0-0	inputR: 0	inputP:0	output:0	inW:2026-07-15T17:55:35.290Z	ioutW:2026-07-15T17:55:35.290Z	ptime:0	dsertime:0	inbytes:0	sertime:0	outbytes:0	numKey:1683	owc:0
----- End of taks processed event ----

 INFO 07-15 18:00:07,552 CpuBottleneckDetectorImpl:63 [pool-8-thread-1] - Current cpu load: 0.0, # processed events: 0, consecutive: 0/2, threshold: 0.9 in VM-116
 INFO 07-15 18:00:08,552 SystemLoadProfiler:50 [pool-8-thread-1] - Average CPU Load: 0.0 in VM-116
 INFO 07-15 18:00:08,552 TaskEventRateCalculator:114 [pool-8-thread-1] - ---- Start of task processed event (# tasks: 1 in executor VM-116)----
METRICLOG/VM-116	Stage2-0-0	inputR: 0	inputP:0	output:0	inW:2026-07-15T17:55:35.290Z	ioutW:2026-07-15T17:55:35.290Z	ptime:0	dsertime:0	inbytes:0	sertime:0	outbytes:0	numKey:1683	owc:0
----- End of taks processed event ----

 INFO 07-15 18:00:08,552 CpuBottleneckDetectorImpl:63 [pool-8-thread-1] - Current cpu load: 0.0, # processed events: 0, consecutive: 0/2, threshold: 0.9 in VM-116
 INFO 07-15 18:00:09,552 SystemLoadProfiler:50 [pool-8-thread-1] - Average CPU Load: 0.0 in VM-116
 INFO 07-15 18:00:09,552 TaskEventRateCalculator:114 [pool-8-thread-1] - ---- Start of task processed event (# tasks: 1 in executor VM-116)----
METRICLOG/VM-116	Stage2-0-0	inputR: 0	inputP:0	output:0	inW:2026-07-15T17:55:35.290Z	ioutW:2026-07-15T17:55:35.290Z	ptime:0	dsertime:0	inbytes:0	sertime:0	outbytes:0	numKey:1683	owc:0
----- End of taks processed event ----

 INFO 07-15 18:00:09,552 CpuBottleneckDetectorImpl:63 [pool-8-thread-1] - Current cpu load: 0.0, # processed events: 0, consecutive: 0/2, threshold: 0.9 in VM-116
 INFO 07-15 18:00:10,552 SystemLoadProfiler:50 [pool-8-thread-1] - Average CPU Load: 0.0 in VM-116
 INFO 07-15 18:00:10,552 TaskEventRateCalculator:114 [pool-8-thread-1] - ---- Start of task processed event (# tasks: 1 in executor VM-116)----
METRICLOG/VM-116	Stage2-0-0	inputR: 0	inputP:0	output:0	inW:2026-07-15T17:55:35.290Z	ioutW:2026-07-15T17:55:35.290Z	ptime:0	dsertime:0	inbytes:0	sertime:0	outbytes:0	numKey:1683	owc:0
----- End of taks processed event ----

 INFO 07-15 18:00:10,552 CpuBottleneckDetectorImpl:63 [pool-8-thread-1] - Current cpu load: 0.0, # processed events: 0, consecutive: 0/2, threshold: 0.9 in VM-116
 INFO 07-15 18:00:11,552 SystemLoadProfiler:50 [pool-8-thread-1] - Average CPU Load: 0.0 in VM-116
 INFO 07-15 18:00:11,552 TaskEventRateCalculator:114 [pool-8-thread-1] - ---- Start of task processed event (# tasks: 1 in executor VM-116)----
METRICLOG/VM-116	Stage2-0-0	inputR: 0	inputP:0	output:0	inW:2026-07-15T17:55:35.290Z	ioutW:2026-07-15T17:55:35.290Z	ptime:0	dsertime:0	inbytes:0	sertime:0	outbytes:0	numKey:1683	owc:0
----- End of taks processed event ----

 INFO 07-15 18:00:11,552 CpuBottleneckDetectorImpl:63 [pool-8-thread-1] - Current cpu load: 0.0, # processed events: 0, consecutive: 0/2, threshold: 0.9 in VM-116
 INFO 07-15 18:00:12,552 SystemLoadProfiler:50 [pool-8-thread-1] - Average CPU Load: 0.0 in VM-116
 INFO 07-15 18:00:12,552 TaskEventRateCalculator:114 [pool-8-thread-1] - ---- Start of task processed event (# tasks: 1 in executor VM-116)----
METRICLOG/VM-116	Stage2-0-0	inputR: 0	inputP:0	output:0	inW:2026-07-15T17:55:35.290Z	ioutW:2026-07-15T17:55:35.290Z	ptime:0	dsertime:0	inbytes:0	sertime:0	outbytes:0	numKey:1683	owc:0
----- End of taks processed event ----

 INFO 07-15 18:00:12,552 CpuBottleneckDetectorImpl:63 [pool-8-thread-1] - Current cpu load: 0.0, # processed events: 0, consecutive: 0/2, threshold: 0.9 in VM-116
 INFO 07-15 18:00:13,551 SystemLoadProfiler:50 [pool-8-thread-1] - Average CPU Load: 0.0 in VM-116
 INFO 07-15 18:00:13,552 TaskEventRateCalculator:114 [pool-8-thread-1] - ---- Start of task processed event (# tasks: 1 in executor VM-116)----
METRICLOG/VM-116	Stage2-0-0	inputR: 0	inputP:0	output:0	inW:2026-07-15T17:55:35.290Z	ioutW:2026-07-15T17:55:35.290Z	ptime:0	dsertime:0	inbytes:0	sertime:0	outbytes:0	numKey:1683	owc:0
----- End of taks processed event ----

 INFO 07-15 18:00:13,552 CpuBottleneckDetectorImpl:63 [pool-8-thread-1] - Current cpu load: 0.0, # processed events: 0, consecutive: 0/2, threshold: 0.9 in VM-116
 INFO 07-15 18:00:14,552 SystemLoadProfiler:50 [pool-8-thread-1] - Average CPU Load: 0.0 in VM-116
 INFO 07-15 18:00:14,552 TaskEventRateCalculator:114 [pool-8-thread-1] - ---- Start of task processed event (# tasks: 1 in executor VM-116)----
METRICLOG/VM-116	Stage2-0-0	inputR: 0	inputP:0	output:0	inW:2026-07-15T17:55:35.290Z	ioutW:2026-07-15T17:55:35.290Z	ptime:0	dsertime:0	inbytes:0	sertime:0	outbytes:0	numKey:1683	owc:0
----- End of taks processed event ----

 INFO 07-15 18:00:14,552 CpuBottleneckDetectorImpl:63 [pool-8-thread-1] - Current cpu load: 0.0, # processed events: 0, consecutive: 0/2, threshold: 0.9 in VM-116
 INFO 07-15 18:00:15,552 SystemLoadProfiler:50 [pool-8-thread-1] - Average CPU Load: 0.0 in VM-116
 INFO 07-15 18:00:15,552 TaskEventRateCalculator:114 [pool-8-thread-1] - ---- Start of task processed event (# tasks: 1 in executor VM-116)----
METRICLOG/VM-116	Stage2-0-0	inputR: 0	inputP:0	output:0	inW:2026-07-15T17:55:35.290Z	ioutW:2026-07-15T17:55:35.290Z	ptime:0	dsertime:0	inbytes:0	sertime:0	outbytes:0	numKey:1683	owc:0
----- End of taks processed event ----

 INFO 07-15 18:00:15,552 CpuBottleneckDetectorImpl:63 [pool-8-thread-1] - Current cpu load: 0.0, # processed events: 0, consecutive: 0/2, threshold: 0.9 in VM-116
 INFO 07-15 18:00:16,552 SystemLoadProfiler:50 [pool-8-thread-1] - Average CPU Load: 0.0 in VM-116
 INFO 07-15 18:00:16,552 TaskEventRateCalculator:114 [pool-8-thread-1] - ---- Start of task processed event (# tasks: 1 in executor VM-116)----
METRICLOG/VM-116	Stage2-0-0	inputR: 0	inputP:0	output:0	inW:2026-07-15T17:55:35.290Z	ioutW:2026-07-15T17:55:35.290Z	ptime:0	dsertime:0	inbytes:0	sertime:0	outbytes:0	numKey:1683	owc:0
----- End of taks processed event ----

 INFO 07-15 18:00:16,552 CpuBottleneckDetectorImpl:63 [pool-8-thread-1] - Current cpu load: 0.0, # processed events: 0, consecutive: 0/2, threshold: 0.9 in VM-116
 INFO 07-15 18:00:17,552 SystemLoadProfiler:50 [pool-8-thread-1] - Average CPU Load: 0.0 in VM-116
 INFO 07-15 18:00:17,552 TaskEventRateCalculator:114 [pool-8-thread-1] - ---- Start of task processed event (# tasks: 1 in executor VM-116)----
METRICLOG/VM-116	Stage2-0-0	inputR: 0	inputP:0	output:0	inW:2026-07-15T17:55:35.290Z	ioutW:2026-07-15T17:55:35.290Z	ptime:0	dsertime:0	inbytes:0	sertime:0	outbytes:0	numKey:1683	owc:0
----- End of taks processed event ----

 INFO 07-15 18:00:17,552 CpuBottleneckDetectorImpl:63 [pool-8-thread-1] - Current cpu load: 0.0, # processed events: 0, consecutive: 0/2, threshold: 0.9 in VM-116
 INFO 07-15 18:00:18,552 SystemLoadProfiler:50 [pool-8-thread-1] - Average CPU Load: 0.0 in VM-116
 INFO 07-15 18:00:18,552 TaskEventRateCalculator:114 [pool-8-thread-1] - ---- Start of task processed event (# tasks: 1 in executor VM-116)----
METRICLOG/VM-116	Stage2-0-0	inputR: 0	inputP:0	output:0	inW:2026-07-15T17:55:35.290Z	ioutW:2026-07-15T17:55:35.290Z	ptime:0	dsertime:0	inbytes:0	sertime:0	outbytes:0	numKey:1683	owc:0
----- End of taks processed event ----

 INFO 07-15 18:00:18,552 CpuBottleneckDetectorImpl:63 [pool-8-thread-1] - Current cpu load: 0.0, # processed events: 0, consecutive: 0/2, threshold: 0.9 in VM-116
 INFO 07-15 18:00:19,552 SystemLoadProfiler:50 [pool-8-thread-1] - Average CPU Load: 0.0 in VM-116
 INFO 07-15 18:00:19,552 TaskEventRateCalculator:114 [pool-8-thread-1] - ---- Start of task processed event (# tasks: 1 in executor VM-116)----
METRICLOG/VM-116	Stage2-0-0	inputR: 0	inputP:0	output:0	inW:2026-07-15T17:55:35.290Z	ioutW:2026-07-15T17:55:35.290Z	ptime:0	dsertime:0	inbytes:0	sertime:0	outbytes:0	numKey:1683	owc:0
----- End of taks processed event ----

 INFO 07-15 18:00:19,552 CpuBottleneckDetectorImpl:63 [pool-8-thread-1] - Current cpu load: 0.0, # processed events: 0, consecutive: 0/2, threshold: 0.9 in VM-116
 INFO 07-15 18:00:20,552 SystemLoadProfiler:50 [pool-8-thread-1] - Average CPU Load: 0.0 in VM-116
 INFO 07-15 18:00:20,552 TaskEventRateCalculator:114 [pool-8-thread-1] - ---- Start of task processed event (# tasks: 1 in executor VM-116)----
METRICLOG/VM-116	Stage2-0-0	inputR: 0	inputP:0	output:0	inW:2026-07-15T17:55:35.290Z	ioutW:2026-07-15T17:55:35.290Z	ptime:0	dsertime:0	inbytes:0	sertime:0	outbytes:0	numKey:1683	owc:0
----- End of taks processed event ----

 INFO 07-15 18:00:20,552 CpuBottleneckDetectorImpl:63 [pool-8-thread-1] - Current cpu load: 0.0, # processed events: 0, consecutive: 0/2, threshold: 0.9 in VM-116
 INFO 07-15 18:00:21,551 SystemLoadProfiler:50 [pool-8-thread-1] - Average CPU Load: 0.0 in VM-116
 INFO 07-15 18:00:21,552 TaskEventRateCalculator:114 [pool-8-thread-1] - ---- Start of task processed event (# tasks: 1 in executor VM-116)----
METRICLOG/VM-116	Stage2-0-0	inputR: 0	inputP:0	output:0	inW:2026-07-15T17:55:35.290Z	ioutW:2026-07-15T17:55:35.290Z	ptime:0	dsertime:0	inbytes:0	sertime:0	outbytes:0	numKey:1683	owc:0
----- End of taks processed event ----

 INFO 07-15 18:00:21,552 CpuBottleneckDetectorImpl:63 [pool-8-thread-1] - Current cpu load: 0.0, # processed events: 0, consecutive: 0/2, threshold: 0.9 in VM-116
 INFO 07-15 18:00:22,552 SystemLoadProfiler:50 [pool-8-thread-1] - Average CPU Load: 0.0 in VM-116
 INFO 07-15 18:00:22,552 TaskEventRateCalculator:114 [pool-8-thread-1] - ---- Start of task processed event (# tasks: 1 in executor VM-116)----
METRICLOG/VM-116	Stage2-0-0	inputR: 0	inputP:0	output:0	inW:2026-07-15T17:55:35.290Z	ioutW:2026-07-15T17:55:35.290Z	ptime:0	dsertime:0	inbytes:0	sertime:0	outbytes:0	numKey:1683	owc:0
----- End of taks processed event ----

 INFO 07-15 18:00:22,552 CpuBottleneckDetectorImpl:63 [pool-8-thread-1] - Current cpu load: 0.0, # processed events: 0, consecutive: 0/2, threshold: 0.9 in VM-116
 INFO 07-15 18:00:23,552 SystemLoadProfiler:50 [pool-8-thread-1] - Average CPU Load: 0.0 in VM-116
 INFO 07-15 18:00:23,552 TaskEventRateCalculator:114 [pool-8-thread-1] - ---- Start of task processed event (# tasks: 1 in executor VM-116)----
METRICLOG/VM-116	Stage2-0-0	inputR: 0	inputP:0	output:0	inW:2026-07-15T17:55:35.290Z	ioutW:2026-07-15T17:55:35.290Z	ptime:0	dsertime:0	inbytes:0	sertime:0	outbytes:0	numKey:1683	owc:0
----- End of taks processed event ----

 INFO 07-15 18:00:23,552 CpuBottleneckDetectorImpl:63 [pool-8-thread-1] - Current cpu load: 0.0, # processed events: 0, consecutive: 0/2, threshold: 0.9 in VM-116
 INFO 07-15 18:00:24,552 SystemLoadProfiler:50 [pool-8-thread-1] - Average CPU Load: 0.0 in VM-116
 INFO 07-15 18:00:24,552 TaskEventRateCalculator:114 [pool-8-thread-1] - ---- Start of task processed event (# tasks: 1 in executor VM-116)----
METRICLOG/VM-116	Stage2-0-0	inputR: 0	inputP:0	output:0	inW:2026-07-15T17:55:35.290Z	ioutW:2026-07-15T17:55:35.290Z	ptime:0	dsertime:0	inbytes:0	sertime:0	outbytes:0	numKey:1683	owc:0
----- End of taks processed event ----

 INFO 07-15 18:00:24,552 CpuBottleneckDetectorImpl:63 [pool-8-thread-1] - Current cpu load: 0.0, # processed events: 0, consecutive: 0/2, threshold: 0.9 in VM-116
 INFO 07-15 18:00:25,552 SystemLoadProfiler:50 [pool-8-thread-1] - Average CPU Load: 0.0 in VM-116
 INFO 07-15 18:00:25,552 TaskEventRateCalculator:114 [pool-8-thread-1] - ---- Start of task processed event (# tasks: 1 in executor VM-116)----
METRICLOG/VM-116	Stage2-0-0	inputR: 0	inputP:0	output:0	inW:2026-07-15T17:55:35.290Z	ioutW:2026-07-15T17:55:35.290Z	ptime:0	dsertime:0	inbytes:0	sertime:0	outbytes:0	numKey:1683	owc:0
----- End of taks processed event ----

 INFO 07-15 18:00:25,552 CpuBottleneckDetectorImpl:63 [pool-8-thread-1] - Current cpu load: 0.0, # processed events: 0, consecutive: 0/2, threshold: 0.9 in VM-116
 INFO 07-15 18:00:26,552 SystemLoadProfiler:50 [pool-8-thread-1] - Average CPU Load: 0.0 in VM-116
 INFO 07-15 18:00:26,552 TaskEventRateCalculator:114 [pool-8-thread-1] - ---- Start of task processed event (# tasks: 1 in executor VM-116)----
METRICLOG/VM-116	Stage2-0-0	inputR: 0	inputP:0	output:0	inW:2026-07-15T17:55:35.290Z	ioutW:2026-07-15T17:55:35.290Z	ptime:0	dsertime:0	inbytes:0	sertime:0	outbytes:0	numKey:1683	owc:0
----- End of taks processed event ----

 INFO 07-15 18:00:26,552 CpuBottleneckDetectorImpl:63 [pool-8-thread-1] - Current cpu load: 0.0, # processed events: 0, consecutive: 0/2, threshold: 0.9 in VM-116
 INFO 07-15 18:00:27,552 SystemLoadProfiler:50 [pool-8-thread-1] - Average CPU Load: 0.0 in VM-116
 INFO 07-15 18:00:27,552 TaskEventRateCalculator:114 [pool-8-thread-1] - ---- Start of task processed event (# tasks: 1 in executor VM-116)----
METRICLOG/VM-116	Stage2-0-0	inputR: 0	inputP:0	output:0	inW:2026-07-15T17:55:35.290Z	ioutW:2026-07-15T17:55:35.290Z	ptime:0	dsertime:0	inbytes:0	sertime:0	outbytes:0	numKey:1683	owc:0
----- End of taks processed event ----

 INFO 07-15 18:00:27,552 CpuBottleneckDetectorImpl:63 [pool-8-thread-1] - Current cpu load: 0.0, # processed events: 0, consecutive: 0/2, threshold: 0.9 in VM-116
 INFO 07-15 18:00:28,552 SystemLoadProfiler:50 [pool-8-thread-1] - Average CPU Load: 0.0 in VM-116
 INFO 07-15 18:00:28,552 TaskEventRateCalculator:114 [pool-8-thread-1] - ---- Start of task processed event (# tasks: 1 in executor VM-116)----
METRICLOG/VM-116	Stage2-0-0	inputR: 0	inputP:0	output:0	inW:2026-07-15T17:55:35.290Z	ioutW:2026-07-15T17:55:35.290Z	ptime:0	dsertime:0	inbytes:0	sertime:0	outbytes:0	numKey:1683	owc:0
----- End of taks processed event ----

 INFO 07-15 18:00:28,552 CpuBottleneckDetectorImpl:63 [pool-8-thread-1] - Current cpu load: 0.0, # processed events: 0, consecutive: 0/2, threshold: 0.9 in VM-116
 INFO 07-15 18:00:29,552 SystemLoadProfiler:50 [pool-8-thread-1] - Average CPU Load: 0.0 in VM-116
 INFO 07-15 18:00:29,552 TaskEventRateCalculator:114 [pool-8-thread-1] - ---- Start of task processed event (# tasks: 1 in executor VM-116)----
METRICLOG/VM-116	Stage2-0-0	inputR: 0	inputP:0	output:0	inW:2026-07-15T17:55:35.290Z	ioutW:2026-07-15T17:55:35.290Z	ptime:0	dsertime:0	inbytes:0	sertime:0	outbytes:0	numKey:1683	owc:0
----- End of taks processed event ----

 INFO 07-15 18:00:29,552 CpuBottleneckDetectorImpl:63 [pool-8-thread-1] - Current cpu load: 0.0, # processed events: 0, consecutive: 0/2, threshold: 0.9 in VM-116
 INFO 07-15 18:00:30,552 SystemLoadProfiler:50 [pool-8-thread-1] - Average CPU Load: 0.0 in VM-116
 INFO 07-15 18:00:30,552 TaskEventRateCalculator:114 [pool-8-thread-1] - ---- Start of task processed event (# tasks: 1 in executor VM-116)----
METRICLOG/VM-116	Stage2-0-0	inputR: 0	inputP:0	output:0	inW:2026-07-15T17:55:35.290Z	ioutW:2026-07-15T17:55:35.290Z	ptime:0	dsertime:0	inbytes:0	sertime:0	outbytes:0	numKey:1683	owc:0
----- End of taks processed event ----

 INFO 07-15 18:00:30,552 CpuBottleneckDetectorImpl:63 [pool-8-thread-1] - Current cpu load: 0.0, # processed events: 0, consecutive: 0/2, threshold: 0.9 in VM-116
 INFO 07-15 18:00:31,552 SystemLoadProfiler:50 [pool-8-thread-1] - Average CPU Load: 0.0 in VM-116
 INFO 07-15 18:00:31,552 TaskEventRateCalculator:114 [pool-8-thread-1] - ---- Start of task processed event (# tasks: 1 in executor VM-116)----
METRICLOG/VM-116	Stage2-0-0	inputR: 0	inputP:0	output:0	inW:2026-07-15T17:55:35.290Z	ioutW:2026-07-15T17:55:35.290Z	ptime:0	dsertime:0	inbytes:0	sertime:0	outbytes:0	numKey:1683	owc:0
----- End of taks processed event ----

 INFO 07-15 18:00:31,552 CpuBottleneckDetectorImpl:63 [pool-8-thread-1] - Current cpu load: 0.0, # processed events: 0, consecutive: 0/2, threshold: 0.9 in VM-116
 INFO 07-15 18:00:32,552 SystemLoadProfiler:50 [pool-8-thread-1] - Average CPU Load: 0.0 in VM-116
 INFO 07-15 18:00:32,552 TaskEventRateCalculator:114 [pool-8-thread-1] - ---- Start of task processed event (# tasks: 1 in executor VM-116)----
METRICLOG/VM-116	Stage2-0-0	inputR: 0	inputP:0	output:0	inW:2026-07-15T17:55:35.290Z	ioutW:2026-07-15T17:55:35.290Z	ptime:0	dsertime:0	inbytes:0	sertime:0	outbytes:0	numKey:1683	owc:0
----- End of taks processed event ----

 INFO 07-15 18:00:32,552 CpuBottleneckDetectorImpl:63 [pool-8-thread-1] - Current cpu load: 0.0, # processed events: 0, consecutive: 0/2, threshold: 0.9 in VM-116
 INFO 07-15 18:00:33,552 SystemLoadProfiler:50 [pool-8-thread-1] - Average CPU Load: 0.0 in VM-116
 INFO 07-15 18:00:33,552 TaskEventRateCalculator:114 [pool-8-thread-1] - ---- Start of task processed event (# tasks: 1 in executor VM-116)----
METRICLOG/VM-116	Stage2-0-0	inputR: 0	inputP:0	output:0	inW:2026-07-15T17:55:35.290Z	ioutW:2026-07-15T17:55:35.290Z	ptime:0	dsertime:0	inbytes:0	sertime:0	outbytes:0	numKey:1683	owc:0
----- End of taks processed event ----

 INFO 07-15 18:00:33,552 CpuBottleneckDetectorImpl:63 [pool-8-thread-1] - Current cpu load: 0.0, # processed events: 0, consecutive: 0/2, threshold: 0.9 in VM-116
 INFO 07-15 18:00:34,552 SystemLoadProfiler:50 [pool-8-thread-1] - Average CPU Load: 0.0 in VM-116
 INFO 07-15 18:00:34,552 TaskEventRateCalculator:114 [pool-8-thread-1] - ---- Start of task processed event (# tasks: 1 in executor VM-116)----
METRICLOG/VM-116	Stage2-0-0	inputR: 0	inputP:0	output:0	inW:2026-07-15T17:55:35.290Z	ioutW:2026-07-15T17:55:35.290Z	ptime:0	dsertime:0	inbytes:0	sertime:0	outbytes:0	numKey:1683	owc:0
----- End of taks processed event ----

 INFO 07-15 18:00:34,552 CpuBottleneckDetectorImpl:63 [pool-8-thread-1] - Current cpu load: 0.0, # processed events: 0, consecutive: 0/2, threshold: 0.9 in VM-116
 INFO 07-15 18:00:35,552 SystemLoadProfiler:50 [pool-8-thread-1] - Average CPU Load: 0.0 in VM-116
 INFO 07-15 18:00:35,552 TaskEventRateCalculator:114 [pool-8-thread-1] - ---- Start of task processed event (# tasks: 1 in executor VM-116)----
METRICLOG/VM-116	Stage2-0-0	inputR: 0	inputP:0	output:0	inW:2026-07-15T17:55:35.290Z	ioutW:2026-07-15T17:55:35.290Z	ptime:0	dsertime:0	inbytes:0	sertime:0	outbytes:0	numKey:1683	owc:0
----- End of taks processed event ----

 INFO 07-15 18:00:35,552 CpuBottleneckDetectorImpl:63 [pool-8-thread-1] - Current cpu load: 0.0, # processed events: 0, consecutive: 0/2, threshold: 0.9 in VM-116
 INFO 07-15 18:00:36,552 SystemLoadProfiler:50 [pool-8-thread-1] - Average CPU Load: 0.0 in VM-116
 INFO 07-15 18:00:36,552 TaskEventRateCalculator:114 [pool-8-thread-1] - ---- Start of task processed event (# tasks: 1 in executor VM-116)----
METRICLOG/VM-116	Stage2-0-0	inputR: 0	inputP:0	output:0	inW:2026-07-15T17:55:35.290Z	ioutW:2026-07-15T17:55:35.290Z	ptime:0	dsertime:0	inbytes:0	sertime:0	outbytes:0	numKey:1683	owc:0
----- End of taks processed event ----

 INFO 07-15 18:00:36,552 CpuBottleneckDetectorImpl:63 [pool-8-thread-1] - Current cpu load: 0.0, # processed events: 0, consecutive: 0/2, threshold: 0.9 in VM-116
 INFO 07-15 18:00:37,552 SystemLoadProfiler:50 [pool-8-thread-1] - Average CPU Load: 0.0 in VM-116
 INFO 07-15 18:00:37,552 TaskEventRateCalculator:114 [pool-8-thread-1] - ---- Start of task processed event (# tasks: 1 in executor VM-116)----
METRICLOG/VM-116	Stage2-0-0	inputR: 0	inputP:0	output:0	inW:2026-07-15T17:55:35.290Z	ioutW:2026-07-15T17:55:35.290Z	ptime:0	dsertime:0	inbytes:0	sertime:0	outbytes:0	numKey:1683	owc:0
----- End of taks processed event ----

 INFO 07-15 18:00:37,552 CpuBottleneckDetectorImpl:63 [pool-8-thread-1] - Current cpu load: 0.0, # processed events: 0, consecutive: 0/2, threshold: 0.9 in VM-116
 INFO 07-15 18:00:38,552 SystemLoadProfiler:50 [pool-8-thread-1] - Average CPU Load: 0.0 in VM-116
 INFO 07-15 18:00:38,552 TaskEventRateCalculator:114 [pool-8-thread-1] - ---- Start of task processed event (# tasks: 1 in executor VM-116)----
METRICLOG/VM-116	Stage2-0-0	inputR: 0	inputP:0	output:0	inW:2026-07-15T17:55:35.290Z	ioutW:2026-07-15T17:55:35.290Z	ptime:0	dsertime:0	inbytes:0	sertime:0	outbytes:0	numKey:1683	owc:0
----- End of taks processed event ----

 INFO 07-15 18:00:38,552 CpuBottleneckDetectorImpl:63 [pool-8-thread-1] - Current cpu load: 0.0, # processed events: 0, consecutive: 0/2, threshold: 0.9 in VM-116
 INFO 07-15 18:00:39,552 SystemLoadProfiler:50 [pool-8-thread-1] - Average CPU Load: 0.0 in VM-116
 INFO 07-15 18:00:39,552 TaskEventRateCalculator:114 [pool-8-thread-1] - ---- Start of task processed event (# tasks: 1 in executor VM-116)----
METRICLOG/VM-116	Stage2-0-0	inputR: 0	inputP:0	output:0	inW:2026-07-15T17:55:35.290Z	ioutW:2026-07-15T17:55:35.290Z	ptime:0	dsertime:0	inbytes:0	sertime:0	outbytes:0	numKey:1683	owc:0
----- End of taks processed event ----

 INFO 07-15 18:00:39,552 CpuBottleneckDetectorImpl:63 [pool-8-thread-1] - Current cpu load: 0.0, # processed events: 0, consecutive: 0/2, threshold: 0.9 in VM-116
 INFO 07-15 18:00:40,552 SystemLoadProfiler:50 [pool-8-thread-1] - Average CPU Load: 0.0 in VM-116
 INFO 07-15 18:00:40,552 TaskEventRateCalculator:114 [pool-8-thread-1] - ---- Start of task processed event (# tasks: 1 in executor VM-116)----
METRICLOG/VM-116	Stage2-0-0	inputR: 0	inputP:0	output:0	inW:2026-07-15T17:55:35.290Z	ioutW:2026-07-15T17:55:35.290Z	ptime:0	dsertime:0	inbytes:0	sertime:0	outbytes:0	numKey:1683	owc:0
----- End of taks processed event ----

 INFO 07-15 18:00:40,552 CpuBottleneckDetectorImpl:63 [pool-8-thread-1] - Current cpu load: 0.0, # processed events: 0, consecutive: 0/2, threshold: 0.9 in VM-116
 INFO 07-15 18:00:41,552 SystemLoadProfiler:50 [pool-8-thread-1] - Average CPU Load: 0.0 in VM-116
 INFO 07-15 18:00:41,552 TaskEventRateCalculator:114 [pool-8-thread-1] - ---- Start of task processed event (# tasks: 1 in executor VM-116)----
METRICLOG/VM-116	Stage2-0-0	inputR: 0	inputP:0	output:0	inW:2026-07-15T17:55:35.290Z	ioutW:2026-07-15T17:55:35.290Z	ptime:0	dsertime:0	inbytes:0	sertime:0	outbytes:0	numKey:1683	owc:0
----- End of taks processed event ----

 INFO 07-15 18:00:41,552 CpuBottleneckDetectorImpl:63 [pool-8-thread-1] - Current cpu load: 0.0, # processed events: 0, consecutive: 0/2, threshold: 0.9 in VM-116
 INFO 07-15 18:00:42,552 SystemLoadProfiler:50 [pool-8-thread-1] - Average CPU Load: 0.0 in VM-116
 INFO 07-15 18:00:42,552 TaskEventRateCalculator:114 [pool-8-thread-1] - ---- Start of task processed event (# tasks: 1 in executor VM-116)----
METRICLOG/VM-116	Stage2-0-0	inputR: 0	inputP:0	output:0	inW:2026-07-15T17:55:35.290Z	ioutW:2026-07-15T17:55:35.290Z	ptime:0	dsertime:0	inbytes:0	sertime:0	outbytes:0	numKey:1683	owc:0
----- End of taks processed event ----

 INFO 07-15 18:00:42,552 CpuBottleneckDetectorImpl:63 [pool-8-thread-1] - Current cpu load: 0.0, # processed events: 0, consecutive: 0/2, threshold: 0.9 in VM-116
 INFO 07-15 18:00:43,552 SystemLoadProfiler:50 [pool-8-thread-1] - Average CPU Load: 0.0 in VM-116
 INFO 07-15 18:00:43,552 TaskEventRateCalculator:114 [pool-8-thread-1] - ---- Start of task processed event (# tasks: 1 in executor VM-116)----
METRICLOG/VM-116	Stage2-0-0	inputR: 0	inputP:0	output:0	inW:2026-07-15T17:55:35.290Z	ioutW:2026-07-15T17:55:35.290Z	ptime:0	dsertime:0	inbytes:0	sertime:0	outbytes:0	numKey:1683	owc:0
----- End of taks processed event ----

 INFO 07-15 18:00:43,552 CpuBottleneckDetectorImpl:63 [pool-8-thread-1] - Current cpu load: 0.0, # processed events: 0, consecutive: 0/2, threshold: 0.9 in VM-116
 INFO 07-15 18:00:44,552 SystemLoadProfiler:50 [pool-8-thread-1] - Average CPU Load: 0.0 in VM-116
 INFO 07-15 18:00:44,552 TaskEventRateCalculator:114 [pool-8-thread-1] - ---- Start of task processed event (# tasks: 1 in executor VM-116)----
METRICLOG/VM-116	Stage2-0-0	inputR: 0	inputP:0	output:0	inW:2026-07-15T17:55:35.290Z	ioutW:2026-07-15T17:55:35.290Z	ptime:0	dsertime:0	inbytes:0	sertime:0	outbytes:0	numKey:1683	owc:0
----- End of taks processed event ----

 INFO 07-15 18:00:44,552 CpuBottleneckDetectorImpl:63 [pool-8-thread-1] - Current cpu load: 0.0, # processed events: 0, consecutive: 0/2, threshold: 0.9 in VM-116
 INFO 07-15 18:00:45,552 SystemLoadProfiler:50 [pool-8-thread-1] - Average CPU Load: 0.0 in VM-116
 INFO 07-15 18:00:45,552 TaskEventRateCalculator:114 [pool-8-thread-1] - ---- Start of task processed event (# tasks: 1 in executor VM-116)----
METRICLOG/VM-116	Stage2-0-0	inputR: 0	inputP:0	output:0	inW:2026-07-15T17:55:35.290Z	ioutW:2026-07-15T17:55:35.290Z	ptime:0	dsertime:0	inbytes:0	sertime:0	outbytes:0	numKey:1683	owc:0
----- End of taks processed event ----

 INFO 07-15 18:00:45,552 CpuBottleneckDetectorImpl:63 [pool-8-thread-1] - Current cpu load: 0.0, # processed events: 0, consecutive: 0/2, threshold: 0.9 in VM-116
 INFO 07-15 18:00:46,552 SystemLoadProfiler:50 [pool-8-thread-1] - Average CPU Load: 0.0 in VM-116
 INFO 07-15 18:00:46,552 TaskEventRateCalculator:114 [pool-8-thread-1] - ---- Start of task processed event (# tasks: 1 in executor VM-116)----
METRICLOG/VM-116	Stage2-0-0	inputR: 0	inputP:0	output:0	inW:2026-07-15T17:55:35.290Z	ioutW:2026-07-15T17:55:35.290Z	ptime:0	dsertime:0	inbytes:0	sertime:0	outbytes:0	numKey:1683	owc:0
----- End of taks processed event ----

 INFO 07-15 18:00:46,552 CpuBottleneckDetectorImpl:63 [pool-8-thread-1] - Current cpu load: 0.0, # processed events: 0, consecutive: 0/2, threshold: 0.9 in VM-116
 INFO 07-15 18:00:47,552 SystemLoadProfiler:50 [pool-8-thread-1] - Average CPU Load: 0.0 in VM-116
 INFO 07-15 18:00:47,552 TaskEventRateCalculator:114 [pool-8-thread-1] - ---- Start of task processed event (# tasks: 1 in executor VM-116)----
METRICLOG/VM-116	Stage2-0-0	inputR: 0	inputP:0	output:0	inW:2026-07-15T17:55:35.290Z	ioutW:2026-07-15T17:55:35.290Z	ptime:0	dsertime:0	inbytes:0	sertime:0	outbytes:0	numKey:1683	owc:0
----- End of taks processed event ----

 INFO 07-15 18:00:47,552 CpuBottleneckDetectorImpl:63 [pool-8-thread-1] - Current cpu load: 0.0, # processed events: 0, consecutive: 0/2, threshold: 0.9 in VM-116
 INFO 07-15 18:00:48,552 SystemLoadProfiler:50 [pool-8-thread-1] - Average CPU Load: 0.0 in VM-116
 INFO 07-15 18:00:48,552 TaskEventRateCalculator:114 [pool-8-thread-1] - ---- Start of task processed event (# tasks: 1 in executor VM-116)----
METRICLOG/VM-116	Stage2-0-0	inputR: 0	inputP:0	output:0	inW:2026-07-15T17:55:35.290Z	ioutW:2026-07-15T17:55:35.290Z	ptime:0	dsertime:0	inbytes:0	sertime:0	outbytes:0	numKey:1683	owc:0
----- End of taks processed event ----

 INFO 07-15 18:00:48,552 CpuBottleneckDetectorImpl:63 [pool-8-thread-1] - Current cpu load: 0.0, # processed events: 0, consecutive: 0/2, threshold: 0.9 in VM-116
 INFO 07-15 18:00:49,551 SystemLoadProfiler:50 [pool-8-thread-1] - Average CPU Load: 0.0 in VM-116
 INFO 07-15 18:00:49,552 TaskEventRateCalculator:114 [pool-8-thread-1] - ---- Start of task processed event (# tasks: 1 in executor VM-116)----
METRICLOG/VM-116	Stage2-0-0	inputR: 0	inputP:0	output:0	inW:2026-07-15T17:55:35.290Z	ioutW:2026-07-15T17:55:35.290Z	ptime:0	dsertime:0	inbytes:0	sertime:0	outbytes:0	numKey:1683	owc:0
----- End of taks processed event ----

 INFO 07-15 18:00:49,552 CpuBottleneckDetectorImpl:63 [pool-8-thread-1] - Current cpu load: 0.0, # processed events: 0, consecutive: 0/2, threshold: 0.9 in VM-116
 INFO 07-15 18:00:50,552 SystemLoadProfiler:50 [pool-8-thread-1] - Average CPU Load: 0.0 in VM-116
 INFO 07-15 18:00:50,552 TaskEventRateCalculator:114 [pool-8-thread-1] - ---- Start of task processed event (# tasks: 1 in executor VM-116)----
METRICLOG/VM-116	Stage2-0-0	inputR: 0	inputP:0	output:0	inW:2026-07-15T17:55:35.290Z	ioutW:2026-07-15T17:55:35.290Z	ptime:0	dsertime:0	inbytes:0	sertime:0	outbytes:0	numKey:1683	owc:0
----- End of taks processed event ----

 INFO 07-15 18:00:50,552 CpuBottleneckDetectorImpl:63 [pool-8-thread-1] - Current cpu load: 0.0, # processed events: 0, consecutive: 0/2, threshold: 0.9 in VM-116
 INFO 07-15 18:00:51,552 SystemLoadProfiler:50 [pool-8-thread-1] - Average CPU Load: 0.0 in VM-116
 INFO 07-15 18:00:51,552 TaskEventRateCalculator:114 [pool-8-thread-1] - ---- Start of task processed event (# tasks: 1 in executor VM-116)----
METRICLOG/VM-116	Stage2-0-0	inputR: 0	inputP:0	output:0	inW:2026-07-15T17:55:35.290Z	ioutW:2026-07-15T17:55:35.290Z	ptime:0	dsertime:0	inbytes:0	sertime:0	outbytes:0	numKey:1683	owc:0
----- End of taks processed event ----

 INFO 07-15 18:00:51,552 CpuBottleneckDetectorImpl:63 [pool-8-thread-1] - Current cpu load: 0.0, # processed events: 0, consecutive: 0/2, threshold: 0.9 in VM-116
 INFO 07-15 18:00:52,552 SystemLoadProfiler:50 [pool-8-thread-1] - Average CPU Load: 0.0 in VM-116
 INFO 07-15 18:00:52,552 TaskEventRateCalculator:114 [pool-8-thread-1] - ---- Start of task processed event (# tasks: 1 in executor VM-116)----
METRICLOG/VM-116	Stage2-0-0	inputR: 0	inputP:0	output:0	inW:2026-07-15T17:55:35.290Z	ioutW:2026-07-15T17:55:35.290Z	ptime:0	dsertime:0	inbytes:0	sertime:0	outbytes:0	numKey:1683	owc:0
----- End of taks processed event ----

 INFO 07-15 18:00:52,552 CpuBottleneckDetectorImpl:63 [pool-8-thread-1] - Current cpu load: 0.0, # processed events: 0, consecutive: 0/2, threshold: 0.9 in VM-116
 INFO 07-15 18:00:53,552 SystemLoadProfiler:50 [pool-8-thread-1] - Average CPU Load: 0.0 in VM-116
 INFO 07-15 18:00:53,552 TaskEventRateCalculator:114 [pool-8-thread-1] - ---- Start of task processed event (# tasks: 1 in executor VM-116)----
METRICLOG/VM-116	Stage2-0-0	inputR: 0	inputP:0	output:0	inW:2026-07-15T17:55:35.290Z	ioutW:2026-07-15T17:55:35.290Z	ptime:0	dsertime:0	inbytes:0	sertime:0	outbytes:0	numKey:1683	owc:0
----- End of taks processed event ----

 INFO 07-15 18:00:53,552 CpuBottleneckDetectorImpl:63 [pool-8-thread-1] - Current cpu load: 0.0, # processed events: 0, consecutive: 0/2, threshold: 0.9 in VM-116
 INFO 07-15 18:00:54,552 SystemLoadProfiler:50 [pool-8-thread-1] - Average CPU Load: 0.0 in VM-116
 INFO 07-15 18:00:54,552 TaskEventRateCalculator:114 [pool-8-thread-1] - ---- Start of task processed event (# tasks: 1 in executor VM-116)----
METRICLOG/VM-116	Stage2-0-0	inputR: 0	inputP:0	output:0	inW:2026-07-15T17:55:35.290Z	ioutW:2026-07-15T17:55:35.290Z	ptime:0	dsertime:0	inbytes:0	sertime:0	outbytes:0	numKey:1683	owc:0
----- End of taks processed event ----

 INFO 07-15 18:00:54,552 CpuBottleneckDetectorImpl:63 [pool-8-thread-1] - Current cpu load: 0.0, # processed events: 0, consecutive: 0/2, threshold: 0.9 in VM-116
 INFO 07-15 18:00:55,552 SystemLoadProfiler:50 [pool-8-thread-1] - Average CPU Load: 0.0 in VM-116
 INFO 07-15 18:00:55,552 TaskEventRateCalculator:114 [pool-8-thread-1] - ---- Start of task processed event (# tasks: 1 in executor VM-116)----
METRICLOG/VM-116	Stage2-0-0	inputR: 0	inputP:0	output:0	inW:2026-07-15T17:55:35.290Z	ioutW:2026-07-15T17:55:35.290Z	ptime:0	dsertime:0	inbytes:0	sertime:0	outbytes:0	numKey:1683	owc:0
----- End of taks processed event ----

 INFO 07-15 18:00:55,552 CpuBottleneckDetectorImpl:63 [pool-8-thread-1] - Current cpu load: 0.0, # processed events: 0, consecutive: 0/2, threshold: 0.9 in VM-116
 INFO 07-15 18:00:56,552 SystemLoadProfiler:50 [pool-8-thread-1] - Average CPU Load: 0.0 in VM-116
 INFO 07-15 18:00:56,552 TaskEventRateCalculator:114 [pool-8-thread-1] - ---- Start of task processed event (# tasks: 1 in executor VM-116)----
METRICLOG/VM-116	Stage2-0-0	inputR: 0	inputP:0	output:0	inW:2026-07-15T17:55:35.290Z	ioutW:2026-07-15T17:55:35.290Z	ptime:0	dsertime:0	inbytes:0	sertime:0	outbytes:0	numKey:1683	owc:0
----- End of taks processed event ----

 INFO 07-15 18:00:56,552 CpuBottleneckDetectorImpl:63 [pool-8-thread-1] - Current cpu load: 0.0, # processed events: 0, consecutive: 0/2, threshold: 0.9 in VM-116
 INFO 07-15 18:00:57,552 SystemLoadProfiler:50 [pool-8-thread-1] - Average CPU Load: 0.0 in VM-116
 INFO 07-15 18:00:57,552 TaskEventRateCalculator:114 [pool-8-thread-1] - ---- Start of task processed event (# tasks: 1 in executor VM-116)----
METRICLOG/VM-116	Stage2-0-0	inputR: 0	inputP:0	output:0	inW:2026-07-15T17:55:35.290Z	ioutW:2026-07-15T17:55:35.290Z	ptime:0	dsertime:0	inbytes:0	sertime:0	outbytes:0	numKey:1683	owc:0
----- End of taks processed event ----

 INFO 07-15 18:00:57,552 CpuBottleneckDetectorImpl:63 [pool-8-thread-1] - Current cpu load: 0.0, # processed events: 0, consecutive: 0/2, threshold: 0.9 in VM-116
 INFO 07-15 18:00:58,551 SystemLoadProfiler:50 [pool-8-thread-1] - Average CPU Load: 0.0 in VM-116
 INFO 07-15 18:00:58,552 TaskEventRateCalculator:114 [pool-8-thread-1] - ---- Start of task processed event (# tasks: 1 in executor VM-116)----
METRICLOG/VM-116	Stage2-0-0	inputR: 0	inputP:0	output:0	inW:2026-07-15T17:55:35.290Z	ioutW:2026-07-15T17:55:35.290Z	ptime:0	dsertime:0	inbytes:0	sertime:0	outbytes:0	numKey:1683	owc:0
----- End of taks processed event ----

 INFO 07-15 18:00:58,552 CpuBottleneckDetectorImpl:63 [pool-8-thread-1] - Current cpu load: 0.0, # processed events: 0, consecutive: 0/2, threshold: 0.9 in VM-116
 INFO 07-15 18:00:59,552 SystemLoadProfiler:50 [pool-8-thread-1] - Average CPU Load: 0.0 in VM-116
 INFO 07-15 18:00:59,552 TaskEventRateCalculator:114 [pool-8-thread-1] - ---- Start of task processed event (# tasks: 1 in executor VM-116)----
METRICLOG/VM-116	Stage2-0-0	inputR: 0	inputP:0	output:0	inW:2026-07-15T17:55:35.290Z	ioutW:2026-07-15T17:55:35.290Z	ptime:0	dsertime:0	inbytes:0	sertime:0	outbytes:0	numKey:1683	owc:0
----- End of taks processed event ----

 INFO 07-15 18:00:59,552 CpuBottleneckDetectorImpl:63 [pool-8-thread-1] - Current cpu load: 0.0, # processed events: 0, consecutive: 0/2, threshold: 0.9 in VM-116
 INFO 07-15 18:01:00,552 SystemLoadProfiler:50 [pool-8-thread-1] - Average CPU Load: 0.0 in VM-116
 INFO 07-15 18:01:00,552 TaskEventRateCalculator:114 [pool-8-thread-1] - ---- Start of task processed event (# tasks: 1 in executor VM-116)----
METRICLOG/VM-116	Stage2-0-0	inputR: 0	inputP:0	output:0	inW:2026-07-15T17:55:35.290Z	ioutW:2026-07-15T17:55:35.290Z	ptime:0	dsertime:0	inbytes:0	sertime:0	outbytes:0	numKey:1683	owc:0
----- End of taks processed event ----

 INFO 07-15 18:01:00,552 CpuBottleneckDetectorImpl:63 [pool-8-thread-1] - Current cpu load: 0.0, # processed events: 0, consecutive: 0/2, threshold: 0.9 in VM-116
 INFO 07-15 18:01:01,552 SystemLoadProfiler:50 [pool-8-thread-1] - Average CPU Load: 0.0 in VM-116
 INFO 07-15 18:01:01,553 TaskEventRateCalculator:114 [pool-8-thread-1] - ---- Start of task processed event (# tasks: 1 in executor VM-116)----
METRICLOG/VM-116	Stage2-0-0	inputR: 0	inputP:0	output:0	inW:2026-07-15T17:55:35.290Z	ioutW:2026-07-15T17:55:35.290Z	ptime:0	dsertime:0	inbytes:0	sertime:0	outbytes:0	numKey:1683	owc:0
----- End of taks processed event ----

 INFO 07-15 18:01:01,553 CpuBottleneckDetectorImpl:63 [pool-8-thread-1] - Current cpu load: 0.0, # processed events: 0, consecutive: 0/2, threshold: 0.9 in VM-116
 INFO 07-15 18:01:02,552 SystemLoadProfiler:50 [pool-8-thread-1] - Average CPU Load: 0.0 in VM-116
 INFO 07-15 18:01:02,552 TaskEventRateCalculator:114 [pool-8-thread-1] - ---- Start of task processed event (# tasks: 1 in executor VM-116)----
METRICLOG/VM-116	Stage2-0-0	inputR: 0	inputP:0	output:0	inW:2026-07-15T17:55:35.290Z	ioutW:2026-07-15T17:55:35.290Z	ptime:0	dsertime:0	inbytes:0	sertime:0	outbytes:0	numKey:1683	owc:0
----- End of taks processed event ----

 INFO 07-15 18:01:02,552 CpuBottleneckDetectorImpl:63 [pool-8-thread-1] - Current cpu load: 0.0, # processed events: 0, consecutive: 0/2, threshold: 0.9 in VM-116
 INFO 07-15 18:01:03,552 SystemLoadProfiler:50 [pool-8-thread-1] - Average CPU Load: 0.0 in VM-116
 INFO 07-15 18:01:03,552 TaskEventRateCalculator:114 [pool-8-thread-1] - ---- Start of task processed event (# tasks: 1 in executor VM-116)----
METRICLOG/VM-116	Stage2-0-0	inputR: 0	inputP:0	output:0	inW:2026-07-15T17:55:35.290Z	ioutW:2026-07-15T17:55:35.290Z	ptime:0	dsertime:0	inbytes:0	sertime:0	outbytes:0	numKey:1683	owc:0
----- End of taks processed event ----

 INFO 07-15 18:01:03,552 CpuBottleneckDetectorImpl:63 [pool-8-thread-1] - Current cpu load: 0.0, # processed events: 0, consecutive: 0/2, threshold: 0.9 in VM-116
 INFO 07-15 18:01:04,552 SystemLoadProfiler:50 [pool-8-thread-1] - Average CPU Load: 0.0 in VM-116
 INFO 07-15 18:01:04,552 TaskEventRateCalculator:114 [pool-8-thread-1] - ---- Start of task processed event (# tasks: 1 in executor VM-116)----
METRICLOG/VM-116	Stage2-0-0	inputR: 0	inputP:0	output:0	inW:2026-07-15T17:55:35.290Z	ioutW:2026-07-15T17:55:35.290Z	ptime:0	dsertime:0	inbytes:0	sertime:0	outbytes:0	numKey:1683	owc:0
----- End of taks processed event ----

 INFO 07-15 18:01:04,552 CpuBottleneckDetectorImpl:63 [pool-8-thread-1] - Current cpu load: 0.0, # processed events: 0, consecutive: 0/2, threshold: 0.9 in VM-116
 INFO 07-15 18:01:05,552 SystemLoadProfiler:50 [pool-8-thread-1] - Average CPU Load: 0.0 in VM-116
 INFO 07-15 18:01:05,552 TaskEventRateCalculator:114 [pool-8-thread-1] - ---- Start of task processed event (# tasks: 1 in executor VM-116)----
METRICLOG/VM-116	Stage2-0-0	inputR: 0	inputP:0	output:0	inW:2026-07-15T17:55:35.290Z	ioutW:2026-07-15T17:55:35.290Z	ptime:0	dsertime:0	inbytes:0	sertime:0	outbytes:0	numKey:1683	owc:0
----- End of taks processed event ----

 INFO 07-15 18:01:05,552 CpuBottleneckDetectorImpl:63 [pool-8-thread-1] - Current cpu load: 0.0, # processed events: 0, consecutive: 0/2, threshold: 0.9 in VM-116
 INFO 07-15 18:01:06,552 SystemLoadProfiler:50 [pool-8-thread-1] - Average CPU Load: 0.0 in VM-116
 INFO 07-15 18:01:06,552 TaskEventRateCalculator:114 [pool-8-thread-1] - ---- Start of task processed event (# tasks: 1 in executor VM-116)----
METRICLOG/VM-116	Stage2-0-0	inputR: 0	inputP:0	output:0	inW:2026-07-15T17:55:35.290Z	ioutW:2026-07-15T17:55:35.290Z	ptime:0	dsertime:0	inbytes:0	sertime:0	outbytes:0	numKey:1683	owc:0
----- End of taks processed event ----

 INFO 07-15 18:01:06,552 CpuBottleneckDetectorImpl:63 [pool-8-thread-1] - Current cpu load: 0.0, # processed events: 0, consecutive: 0/2, threshold: 0.9 in VM-116
 INFO 07-15 18:01:07,552 SystemLoadProfiler:50 [pool-8-thread-1] - Average CPU Load: 0.0 in VM-116
 INFO 07-15 18:01:07,552 TaskEventRateCalculator:114 [pool-8-thread-1] - ---- Start of task processed event (# tasks: 1 in executor VM-116)----
METRICLOG/VM-116	Stage2-0-0	inputR: 0	inputP:0	output:0	inW:2026-07-15T17:55:35.290Z	ioutW:2026-07-15T17:55:35.290Z	ptime:0	dsertime:0	inbytes:0	sertime:0	outbytes:0	numKey:1683	owc:0
----- End of taks processed event ----

 INFO 07-15 18:01:07,552 CpuBottleneckDetectorImpl:63 [pool-8-thread-1] - Current cpu load: 0.0, # processed events: 0, consecutive: 0/2, threshold: 0.9 in VM-116
 INFO 07-15 18:01:08,552 SystemLoadProfiler:50 [pool-8-thread-1] - Average CPU Load: 0.0 in VM-116
 INFO 07-15 18:01:08,552 TaskEventRateCalculator:114 [pool-8-thread-1] - ---- Start of task processed event (# tasks: 1 in executor VM-116)----
METRICLOG/VM-116	Stage2-0-0	inputR: 0	inputP:0	output:0	inW:2026-07-15T17:55:35.290Z	ioutW:2026-07-15T17:55:35.290Z	ptime:0	dsertime:0	inbytes:0	sertime:0	outbytes:0	numKey:1683	owc:0
----- End of taks processed event ----

 INFO 07-15 18:01:08,552 CpuBottleneckDetectorImpl:63 [pool-8-thread-1] - Current cpu load: 0.0, # processed events: 0, consecutive: 0/2, threshold: 0.9 in VM-116
 INFO 07-15 18:01:09,553 SystemLoadProfiler:50 [pool-8-thread-1] - Average CPU Load: 0.0 in VM-116
 INFO 07-15 18:01:09,554 TaskEventRateCalculator:114 [pool-8-thread-1] - ---- Start of task processed event (# tasks: 1 in executor VM-116)----
METRICLOG/VM-116	Stage2-0-0	inputR: 0	inputP:0	output:0	inW:2026-07-15T17:55:35.290Z	ioutW:2026-07-15T17:55:35.290Z	ptime:0	dsertime:0	inbytes:0	sertime:0	outbytes:0	numKey:1683	owc:0
----- End of taks processed event ----

 INFO 07-15 18:01:09,554 CpuBottleneckDetectorImpl:63 [pool-8-thread-1] - Current cpu load: 0.0, # processed events: 0, consecutive: 0/2, threshold: 0.9 in VM-116
 INFO 07-15 18:01:10,552 SystemLoadProfiler:50 [pool-8-thread-1] - Average CPU Load: 0.0 in VM-116
 INFO 07-15 18:01:10,552 TaskEventRateCalculator:114 [pool-8-thread-1] - ---- Start of task processed event (# tasks: 1 in executor VM-116)----
METRICLOG/VM-116	Stage2-0-0	inputR: 0	inputP:0	output:0	inW:2026-07-15T17:55:35.290Z	ioutW:2026-07-15T17:55:35.290Z	ptime:0	dsertime:0	inbytes:0	sertime:0	outbytes:0	numKey:1683	owc:0
----- End of taks processed event ----

 INFO 07-15 18:01:10,552 CpuBottleneckDetectorImpl:63 [pool-8-thread-1] - Current cpu load: 0.0, # processed events: 0, consecutive: 0/2, threshold: 0.9 in VM-116
 INFO 07-15 18:01:11,552 SystemLoadProfiler:50 [pool-8-thread-1] - Average CPU Load: 0.0 in VM-116
 INFO 07-15 18:01:11,552 TaskEventRateCalculator:114 [pool-8-thread-1] - ---- Start of task processed event (# tasks: 1 in executor VM-116)----
METRICLOG/VM-116	Stage2-0-0	inputR: 0	inputP:0	output:0	inW:2026-07-15T17:55:35.290Z	ioutW:2026-07-15T17:55:35.290Z	ptime:0	dsertime:0	inbytes:0	sertime:0	outbytes:0	numKey:1683	owc:0
----- End of taks processed event ----

 INFO 07-15 18:01:11,552 CpuBottleneckDetectorImpl:63 [pool-8-thread-1] - Current cpu load: 0.0, # processed events: 0, consecutive: 0/2, threshold: 0.9 in VM-116
 INFO 07-15 18:01:12,552 SystemLoadProfiler:50 [pool-8-thread-1] - Average CPU Load: 0.0 in VM-116
 INFO 07-15 18:01:12,552 TaskEventRateCalculator:114 [pool-8-thread-1] - ---- Start of task processed event (# tasks: 1 in executor VM-116)----
METRICLOG/VM-116	Stage2-0-0	inputR: 0	inputP:0	output:0	inW:2026-07-15T17:55:35.290Z	ioutW:2026-07-15T17:55:35.290Z	ptime:0	dsertime:0	inbytes:0	sertime:0	outbytes:0	numKey:1683	owc:0
----- End of taks processed event ----

 INFO 07-15 18:01:12,552 CpuBottleneckDetectorImpl:63 [pool-8-thread-1] - Current cpu load: 0.0, # processed events: 0, consecutive: 0/2, threshold: 0.9 in VM-116
 INFO 07-15 18:01:13,552 SystemLoadProfiler:50 [pool-8-thread-1] - Average CPU Load: 0.0 in VM-116
 INFO 07-15 18:01:13,552 TaskEventRateCalculator:114 [pool-8-thread-1] - ---- Start of task processed event (# tasks: 1 in executor VM-116)----
METRICLOG/VM-116	Stage2-0-0	inputR: 0	inputP:0	output:0	inW:2026-07-15T17:55:35.290Z	ioutW:2026-07-15T17:55:35.290Z	ptime:0	dsertime:0	inbytes:0	sertime:0	outbytes:0	numKey:1683	owc:0
----- End of taks processed event ----

 INFO 07-15 18:01:13,552 CpuBottleneckDetectorImpl:63 [pool-8-thread-1] - Current cpu load: 0.0, # processed events: 0, consecutive: 0/2, threshold: 0.9 in VM-116
 INFO 07-15 18:01:14,552 SystemLoadProfiler:50 [pool-8-thread-1] - Average CPU Load: 0.0 in VM-116
 INFO 07-15 18:01:14,552 TaskEventRateCalculator:114 [pool-8-thread-1] - ---- Start of task processed event (# tasks: 1 in executor VM-116)----
METRICLOG/VM-116	Stage2-0-0	inputR: 0	inputP:0	output:0	inW:2026-07-15T17:55:35.290Z	ioutW:2026-07-15T17:55:35.290Z	ptime:0	dsertime:0	inbytes:0	sertime:0	outbytes:0	numKey:1683	owc:0
----- End of taks processed event ----

 INFO 07-15 18:01:14,552 CpuBottleneckDetectorImpl:63 [pool-8-thread-1] - Current cpu load: 0.0, # processed events: 0, consecutive: 0/2, threshold: 0.9 in VM-116
 INFO 07-15 18:01:15,552 SystemLoadProfiler:50 [pool-8-thread-1] - Average CPU Load: 0.0 in VM-116
 INFO 07-15 18:01:15,552 TaskEventRateCalculator:114 [pool-8-thread-1] - ---- Start of task processed event (# tasks: 1 in executor VM-116)----
METRICLOG/VM-116	Stage2-0-0	inputR: 0	inputP:0	output:0	inW:2026-07-15T17:55:35.290Z	ioutW:2026-07-15T17:55:35.290Z	ptime:0	dsertime:0	inbytes:0	sertime:0	outbytes:0	numKey:1683	owc:0
----- End of taks processed event ----

 INFO 07-15 18:01:15,552 CpuBottleneckDetectorImpl:63 [pool-8-thread-1] - Current cpu load: 0.0, # processed events: 0, consecutive: 0/2, threshold: 0.9 in VM-116
 INFO 07-15 18:01:16,552 SystemLoadProfiler:50 [pool-8-thread-1] - Average CPU Load: 0.0 in VM-116
 INFO 07-15 18:01:16,552 TaskEventRateCalculator:114 [pool-8-thread-1] - ---- Start of task processed event (# tasks: 1 in executor VM-116)----
METRICLOG/VM-116	Stage2-0-0	inputR: 0	inputP:0	output:0	inW:2026-07-15T17:55:35.290Z	ioutW:2026-07-15T17:55:35.290Z	ptime:0	dsertime:0	inbytes:0	sertime:0	outbytes:0	numKey:1683	owc:0
----- End of taks processed event ----

 INFO 07-15 18:01:16,552 CpuBottleneckDetectorImpl:63 [pool-8-thread-1] - Current cpu load: 0.0, # processed events: 0, consecutive: 0/2, threshold: 0.9 in VM-116
 INFO 07-15 18:01:17,552 SystemLoadProfiler:50 [pool-8-thread-1] - Average CPU Load: 0.0 in VM-116
 INFO 07-15 18:01:17,552 TaskEventRateCalculator:114 [pool-8-thread-1] - ---- Start of task processed event (# tasks: 1 in executor VM-116)----
METRICLOG/VM-116	Stage2-0-0	inputR: 0	inputP:0	output:0	inW:2026-07-15T17:55:35.290Z	ioutW:2026-07-15T17:55:35.290Z	ptime:0	dsertime:0	inbytes:0	sertime:0	outbytes:0	numKey:1683	owc:0
----- End of taks processed event ----

 INFO 07-15 18:01:17,552 CpuBottleneckDetectorImpl:63 [pool-8-thread-1] - Current cpu load: 0.0, # processed events: 0, consecutive: 0/2, threshold: 0.9 in VM-116
 INFO 07-15 18:01:18,552 SystemLoadProfiler:50 [pool-8-thread-1] - Average CPU Load: 0.0 in VM-116
 INFO 07-15 18:01:18,552 TaskEventRateCalculator:114 [pool-8-thread-1] - ---- Start of task processed event (# tasks: 1 in executor VM-116)----
METRICLOG/VM-116	Stage2-0-0	inputR: 0	inputP:0	output:0	inW:2026-07-15T17:55:35.290Z	ioutW:2026-07-15T17:55:35.290Z	ptime:0	dsertime:0	inbytes:0	sertime:0	outbytes:0	numKey:1683	owc:0
----- End of taks processed event ----

 INFO 07-15 18:01:18,552 CpuBottleneckDetectorImpl:63 [pool-8-thread-1] - Current cpu load: 0.0, # processed events: 0, consecutive: 0/2, threshold: 0.9 in VM-116
 INFO 07-15 18:01:19,552 SystemLoadProfiler:50 [pool-8-thread-1] - Average CPU Load: 0.0 in VM-116
 INFO 07-15 18:01:19,552 TaskEventRateCalculator:114 [pool-8-thread-1] - ---- Start of task processed event (# tasks: 1 in executor VM-116)----
METRICLOG/VM-116	Stage2-0-0	inputR: 0	inputP:0	output:0	inW:2026-07-15T17:55:35.290Z	ioutW:2026-07-15T17:55:35.290Z	ptime:0	dsertime:0	inbytes:0	sertime:0	outbytes:0	numKey:1683	owc:0
----- End of taks processed event ----

 INFO 07-15 18:01:19,552 CpuBottleneckDetectorImpl:63 [pool-8-thread-1] - Current cpu load: 0.0, # processed events: 0, consecutive: 0/2, threshold: 0.9 in VM-116
 INFO 07-15 18:01:20,551 SystemLoadProfiler:50 [pool-8-thread-1] - Average CPU Load: 0.0 in VM-116
 INFO 07-15 18:01:20,552 TaskEventRateCalculator:114 [pool-8-thread-1] - ---- Start of task processed event (# tasks: 1 in executor VM-116)----
METRICLOG/VM-116	Stage2-0-0	inputR: 0	inputP:0	output:0	inW:2026-07-15T17:55:35.290Z	ioutW:2026-07-15T17:55:35.290Z	ptime:0	dsertime:0	inbytes:0	sertime:0	outbytes:0	numKey:1683	owc:0
----- End of taks processed event ----

 INFO 07-15 18:01:20,552 CpuBottleneckDetectorImpl:63 [pool-8-thread-1] - Current cpu load: 0.0, # processed events: 0, consecutive: 0/2, threshold: 0.9 in VM-116
 INFO 07-15 18:01:21,552 SystemLoadProfiler:50 [pool-8-thread-1] - Average CPU Load: 0.0 in VM-116
 INFO 07-15 18:01:21,552 TaskEventRateCalculator:114 [pool-8-thread-1] - ---- Start of task processed event (# tasks: 1 in executor VM-116)----
METRICLOG/VM-116	Stage2-0-0	inputR: 0	inputP:0	output:0	inW:2026-07-15T17:55:35.290Z	ioutW:2026-07-15T17:55:35.290Z	ptime:0	dsertime:0	inbytes:0	sertime:0	outbytes:0	numKey:1683	owc:0
----- End of taks processed event ----

 INFO 07-15 18:01:21,552 CpuBottleneckDetectorImpl:63 [pool-8-thread-1] - Current cpu load: 0.0, # processed events: 0, consecutive: 0/2, threshold: 0.9 in VM-116
 INFO 07-15 18:01:22,552 SystemLoadProfiler:50 [pool-8-thread-1] - Average CPU Load: 0.0 in VM-116
 INFO 07-15 18:01:22,552 TaskEventRateCalculator:114 [pool-8-thread-1] - ---- Start of task processed event (# tasks: 1 in executor VM-116)----
METRICLOG/VM-116	Stage2-0-0	inputR: 0	inputP:0	output:0	inW:2026-07-15T17:55:35.290Z	ioutW:2026-07-15T17:55:35.290Z	ptime:0	dsertime:0	inbytes:0	sertime:0	outbytes:0	numKey:1683	owc:0
----- End of taks processed event ----

 INFO 07-15 18:01:22,552 CpuBottleneckDetectorImpl:63 [pool-8-thread-1] - Current cpu load: 0.0, # processed events: 0, consecutive: 0/2, threshold: 0.9 in VM-116
 INFO 07-15 18:01:23,552 SystemLoadProfiler:50 [pool-8-thread-1] - Average CPU Load: 0.0 in VM-116
 INFO 07-15 18:01:23,552 TaskEventRateCalculator:114 [pool-8-thread-1] - ---- Start of task processed event (# tasks: 1 in executor VM-116)----
METRICLOG/VM-116	Stage2-0-0	inputR: 0	inputP:0	output:0	inW:2026-07-15T17:55:35.290Z	ioutW:2026-07-15T17:55:35.290Z	ptime:0	dsertime:0	inbytes:0	sertime:0	outbytes:0	numKey:1683	owc:0
----- End of taks processed event ----

 INFO 07-15 18:01:23,552 CpuBottleneckDetectorImpl:63 [pool-8-thread-1] - Current cpu load: 0.0, # processed events: 0, consecutive: 0/2, threshold: 0.9 in VM-116
 INFO 07-15 18:01:24,552 SystemLoadProfiler:50 [pool-8-thread-1] - Average CPU Load: 0.0 in VM-116
 INFO 07-15 18:01:24,552 TaskEventRateCalculator:114 [pool-8-thread-1] - ---- Start of task processed event (# tasks: 1 in executor VM-116)----
METRICLOG/VM-116	Stage2-0-0	inputR: 0	inputP:0	output:0	inW:2026-07-15T17:55:35.290Z	ioutW:2026-07-15T17:55:35.290Z	ptime:0	dsertime:0	inbytes:0	sertime:0	outbytes:0	numKey:1683	owc:0
----- End of taks processed event ----

 INFO 07-15 18:01:24,552 CpuBottleneckDetectorImpl:63 [pool-8-thread-1] - Current cpu load: 0.0, # processed events: 0, consecutive: 0/2, threshold: 0.9 in VM-116
 INFO 07-15 18:01:25,552 SystemLoadProfiler:50 [pool-8-thread-1] - Average CPU Load: 0.0 in VM-116
 INFO 07-15 18:01:25,552 TaskEventRateCalculator:114 [pool-8-thread-1] - ---- Start of task processed event (# tasks: 1 in executor VM-116)----
METRICLOG/VM-116	Stage2-0-0	inputR: 0	inputP:0	output:0	inW:2026-07-15T17:55:35.290Z	ioutW:2026-07-15T17:55:35.290Z	ptime:0	dsertime:0	inbytes:0	sertime:0	outbytes:0	numKey:1683	owc:0
----- End of taks processed event ----

 INFO 07-15 18:01:25,552 CpuBottleneckDetectorImpl:63 [pool-8-thread-1] - Current cpu load: 0.0, # processed events: 0, consecutive: 0/2, threshold: 0.9 in VM-116
 INFO 07-15 18:01:26,552 SystemLoadProfiler:50 [pool-8-thread-1] - Average CPU Load: 0.0 in VM-116
 INFO 07-15 18:01:26,552 TaskEventRateCalculator:114 [pool-8-thread-1] - ---- Start of task processed event (# tasks: 1 in executor VM-116)----
METRICLOG/VM-116	Stage2-0-0	inputR: 0	inputP:0	output:0	inW:2026-07-15T17:55:35.290Z	ioutW:2026-07-15T17:55:35.290Z	ptime:0	dsertime:0	inbytes:0	sertime:0	outbytes:0	numKey:1683	owc:0
----- End of taks processed event ----

 INFO 07-15 18:01:26,552 CpuBottleneckDetectorImpl:63 [pool-8-thread-1] - Current cpu load: 0.0, # processed events: 0, consecutive: 0/2, threshold: 0.9 in VM-116
 INFO 07-15 18:01:27,552 SystemLoadProfiler:50 [pool-8-thread-1] - Average CPU Load: 0.0 in VM-116
 INFO 07-15 18:01:27,552 TaskEventRateCalculator:114 [pool-8-thread-1] - ---- Start of task processed event (# tasks: 1 in executor VM-116)----
METRICLOG/VM-116	Stage2-0-0	inputR: 0	inputP:0	output:0	inW:2026-07-15T17:55:35.290Z	ioutW:2026-07-15T17:55:35.290Z	ptime:0	dsertime:0	inbytes:0	sertime:0	outbytes:0	numKey:1683	owc:0
----- End of taks processed event ----

 INFO 07-15 18:01:27,552 CpuBottleneckDetectorImpl:63 [pool-8-thread-1] - Current cpu load: 0.0, # processed events: 0, consecutive: 0/2, threshold: 0.9 in VM-116
 INFO 07-15 18:01:28,552 SystemLoadProfiler:50 [pool-8-thread-1] - Average CPU Load: 0.0 in VM-116
 INFO 07-15 18:01:28,552 TaskEventRateCalculator:114 [pool-8-thread-1] - ---- Start of task processed event (# tasks: 1 in executor VM-116)----
METRICLOG/VM-116	Stage2-0-0	inputR: 0	inputP:0	output:0	inW:2026-07-15T17:55:35.290Z	ioutW:2026-07-15T17:55:35.290Z	ptime:0	dsertime:0	inbytes:0	sertime:0	outbytes:0	numKey:1683	owc:0
----- End of taks processed event ----

 INFO 07-15 18:01:28,552 CpuBottleneckDetectorImpl:63 [pool-8-thread-1] - Current cpu load: 0.0, # processed events: 0, consecutive: 0/2, threshold: 0.9 in VM-116
 INFO 07-15 18:01:29,552 SystemLoadProfiler:50 [pool-8-thread-1] - Average CPU Load: 0.0 in VM-116
 INFO 07-15 18:01:29,552 TaskEventRateCalculator:114 [pool-8-thread-1] - ---- Start of task processed event (# tasks: 1 in executor VM-116)----
METRICLOG/VM-116	Stage2-0-0	inputR: 0	inputP:0	output:0	inW:2026-07-15T17:55:35.290Z	ioutW:2026-07-15T17:55:35.290Z	ptime:0	dsertime:0	inbytes:0	sertime:0	outbytes:0	numKey:1683	owc:0
----- End of taks processed event ----

 INFO 07-15 18:01:29,552 CpuBottleneckDetectorImpl:63 [pool-8-thread-1] - Current cpu load: 0.0, # processed events: 0, consecutive: 0/2, threshold: 0.9 in VM-116
 INFO 07-15 18:01:30,552 SystemLoadProfiler:50 [pool-8-thread-1] - Average CPU Load: 0.0 in VM-116
 INFO 07-15 18:01:30,552 TaskEventRateCalculator:114 [pool-8-thread-1] - ---- Start of task processed event (# tasks: 1 in executor VM-116)----
METRICLOG/VM-116	Stage2-0-0	inputR: 0	inputP:0	output:0	inW:2026-07-15T17:55:35.290Z	ioutW:2026-07-15T17:55:35.290Z	ptime:0	dsertime:0	inbytes:0	sertime:0	outbytes:0	numKey:1683	owc:0
----- End of taks processed event ----

 INFO 07-15 18:01:30,552 CpuBottleneckDetectorImpl:63 [pool-8-thread-1] - Current cpu load: 0.0, # processed events: 0, consecutive: 0/2, threshold: 0.9 in VM-116
 INFO 07-15 18:01:31,552 SystemLoadProfiler:50 [pool-8-thread-1] - Average CPU Load: 0.0 in VM-116
 INFO 07-15 18:01:31,552 TaskEventRateCalculator:114 [pool-8-thread-1] - ---- Start of task processed event (# tasks: 1 in executor VM-116)----
METRICLOG/VM-116	Stage2-0-0	inputR: 0	inputP:0	output:0	inW:2026-07-15T17:55:35.290Z	ioutW:2026-07-15T17:55:35.290Z	ptime:0	dsertime:0	inbytes:0	sertime:0	outbytes:0	numKey:1683	owc:0
----- End of taks processed event ----

 INFO 07-15 18:01:31,552 CpuBottleneckDetectorImpl:63 [pool-8-thread-1] - Current cpu load: 0.0, # processed events: 0, consecutive: 0/2, threshold: 0.9 in VM-116
 INFO 07-15 18:01:32,552 SystemLoadProfiler:50 [pool-8-thread-1] - Average CPU Load: 0.0 in VM-116
 INFO 07-15 18:01:32,552 TaskEventRateCalculator:114 [pool-8-thread-1] - ---- Start of task processed event (# tasks: 1 in executor VM-116)----
METRICLOG/VM-116	Stage2-0-0	inputR: 0	inputP:0	output:0	inW:2026-07-15T17:55:35.290Z	ioutW:2026-07-15T17:55:35.290Z	ptime:0	dsertime:0	inbytes:0	sertime:0	outbytes:0	numKey:1683	owc:0
----- End of taks processed event ----

 INFO 07-15 18:01:32,552 CpuBottleneckDetectorImpl:63 [pool-8-thread-1] - Current cpu load: 0.0, # processed events: 0, consecutive: 0/2, threshold: 0.9 in VM-116
 INFO 07-15 18:01:33,552 SystemLoadProfiler:50 [pool-8-thread-1] - Average CPU Load: 0.0 in VM-116
 INFO 07-15 18:01:33,552 TaskEventRateCalculator:114 [pool-8-thread-1] - ---- Start of task processed event (# tasks: 1 in executor VM-116)----
METRICLOG/VM-116	Stage2-0-0	inputR: 0	inputP:0	output:0	inW:2026-07-15T17:55:35.290Z	ioutW:2026-07-15T17:55:35.290Z	ptime:0	dsertime:0	inbytes:0	sertime:0	outbytes:0	numKey:1683	owc:0
----- End of taks processed event ----

 INFO 07-15 18:01:33,552 CpuBottleneckDetectorImpl:63 [pool-8-thread-1] - Current cpu load: 0.0, # processed events: 0, consecutive: 0/2, threshold: 0.9 in VM-116
 INFO 07-15 18:01:34,552 SystemLoadProfiler:50 [pool-8-thread-1] - Average CPU Load: 0.0 in VM-116
 INFO 07-15 18:01:34,552 TaskEventRateCalculator:114 [pool-8-thread-1] - ---- Start of task processed event (# tasks: 1 in executor VM-116)----
METRICLOG/VM-116	Stage2-0-0	inputR: 0	inputP:0	output:0	inW:2026-07-15T17:55:35.290Z	ioutW:2026-07-15T17:55:35.290Z	ptime:0	dsertime:0	inbytes:0	sertime:0	outbytes:0	numKey:1683	owc:0
----- End of taks processed event ----

 INFO 07-15 18:01:34,552 CpuBottleneckDetectorImpl:63 [pool-8-thread-1] - Current cpu load: 0.0, # processed events: 0, consecutive: 0/2, threshold: 0.9 in VM-116
 INFO 07-15 18:01:35,552 SystemLoadProfiler:50 [pool-8-thread-1] - Average CPU Load: 0.0 in VM-116
 INFO 07-15 18:01:35,552 TaskEventRateCalculator:114 [pool-8-thread-1] - ---- Start of task processed event (# tasks: 1 in executor VM-116)----
METRICLOG/VM-116	Stage2-0-0	inputR: 0	inputP:0	output:0	inW:2026-07-15T17:55:35.290Z	ioutW:2026-07-15T17:55:35.290Z	ptime:0	dsertime:0	inbytes:0	sertime:0	outbytes:0	numKey:1683	owc:0
----- End of taks processed event ----

 INFO 07-15 18:01:35,552 CpuBottleneckDetectorImpl:63 [pool-8-thread-1] - Current cpu load: 0.0, # processed events: 0, consecutive: 0/2, threshold: 0.9 in VM-116
 INFO 07-15 18:01:36,552 SystemLoadProfiler:50 [pool-8-thread-1] - Average CPU Load: 0.0 in VM-116
 INFO 07-15 18:01:36,552 TaskEventRateCalculator:114 [pool-8-thread-1] - ---- Start of task processed event (# tasks: 1 in executor VM-116)----
METRICLOG/VM-116	Stage2-0-0	inputR: 0	inputP:0	output:0	inW:2026-07-15T17:55:35.290Z	ioutW:2026-07-15T17:55:35.290Z	ptime:0	dsertime:0	inbytes:0	sertime:0	outbytes:0	numKey:1683	owc:0
----- End of taks processed event ----

 INFO 07-15 18:01:36,552 CpuBottleneckDetectorImpl:63 [pool-8-thread-1] - Current cpu load: 0.0, # processed events: 0, consecutive: 0/2, threshold: 0.9 in VM-116
 INFO 07-15 18:01:37,552 SystemLoadProfiler:50 [pool-8-thread-1] - Average CPU Load: 0.0 in VM-116
 INFO 07-15 18:01:37,552 TaskEventRateCalculator:114 [pool-8-thread-1] - ---- Start of task processed event (# tasks: 1 in executor VM-116)----
METRICLOG/VM-116	Stage2-0-0	inputR: 0	inputP:0	output:0	inW:2026-07-15T17:55:35.290Z	ioutW:2026-07-15T17:55:35.290Z	ptime:0	dsertime:0	inbytes:0	sertime:0	outbytes:0	numKey:1683	owc:0
----- End of taks processed event ----

 INFO 07-15 18:01:37,552 CpuBottleneckDetectorImpl:63 [pool-8-thread-1] - Current cpu load: 0.0, # processed events: 0, consecutive: 0/2, threshold: 0.9 in VM-116
 INFO 07-15 18:01:38,552 SystemLoadProfiler:50 [pool-8-thread-1] - Average CPU Load: 0.0 in VM-116
 INFO 07-15 18:01:38,552 TaskEventRateCalculator:114 [pool-8-thread-1] - ---- Start of task processed event (# tasks: 1 in executor VM-116)----
METRICLOG/VM-116	Stage2-0-0	inputR: 0	inputP:0	output:0	inW:2026-07-15T17:55:35.290Z	ioutW:2026-07-15T17:55:35.290Z	ptime:0	dsertime:0	inbytes:0	sertime:0	outbytes:0	numKey:1683	owc:0
----- End of taks processed event ----

 INFO 07-15 18:01:38,552 CpuBottleneckDetectorImpl:63 [pool-8-thread-1] - Current cpu load: 0.0, # processed events: 0, consecutive: 0/2, threshold: 0.9 in VM-116
 INFO 07-15 18:01:39,552 SystemLoadProfiler:50 [pool-8-thread-1] - Average CPU Load: 0.0 in VM-116
 INFO 07-15 18:01:39,552 TaskEventRateCalculator:114 [pool-8-thread-1] - ---- Start of task processed event (# tasks: 1 in executor VM-116)----
METRICLOG/VM-116	Stage2-0-0	inputR: 0	inputP:0	output:0	inW:2026-07-15T17:55:35.290Z	ioutW:2026-07-15T17:55:35.290Z	ptime:0	dsertime:0	inbytes:0	sertime:0	outbytes:0	numKey:1683	owc:0
----- End of taks processed event ----

 INFO 07-15 18:01:39,552 CpuBottleneckDetectorImpl:63 [pool-8-thread-1] - Current cpu load: 0.0, # processed events: 0, consecutive: 0/2, threshold: 0.9 in VM-116
 INFO 07-15 18:01:40,552 SystemLoadProfiler:50 [pool-8-thread-1] - Average CPU Load: 0.0 in VM-116
 INFO 07-15 18:01:40,552 TaskEventRateCalculator:114 [pool-8-thread-1] - ---- Start of task processed event (# tasks: 1 in executor VM-116)----
METRICLOG/VM-116	Stage2-0-0	inputR: 0	inputP:0	output:0	inW:2026-07-15T17:55:35.290Z	ioutW:2026-07-15T17:55:35.290Z	ptime:0	dsertime:0	inbytes:0	sertime:0	outbytes:0	numKey:1683	owc:0
----- End of taks processed event ----

 INFO 07-15 18:01:40,552 CpuBottleneckDetectorImpl:63 [pool-8-thread-1] - Current cpu load: 0.0, # processed events: 0, consecutive: 0/2, threshold: 0.9 in VM-116
 INFO 07-15 18:01:41,552 SystemLoadProfiler:50 [pool-8-thread-1] - Average CPU Load: 0.0 in VM-116
 INFO 07-15 18:01:41,552 TaskEventRateCalculator:114 [pool-8-thread-1] - ---- Start of task processed event (# tasks: 1 in executor VM-116)----
METRICLOG/VM-116	Stage2-0-0	inputR: 0	inputP:0	output:0	inW:2026-07-15T17:55:35.290Z	ioutW:2026-07-15T17:55:35.290Z	ptime:0	dsertime:0	inbytes:0	sertime:0	outbytes:0	numKey:1683	owc:0
----- End of taks processed event ----

 INFO 07-15 18:01:41,552 CpuBottleneckDetectorImpl:63 [pool-8-thread-1] - Current cpu load: 0.0, # processed events: 0, consecutive: 0/2, threshold: 0.9 in VM-116
 INFO 07-15 18:01:42,552 SystemLoadProfiler:50 [pool-8-thread-1] - Average CPU Load: 0.0 in VM-116
 INFO 07-15 18:01:42,552 TaskEventRateCalculator:114 [pool-8-thread-1] - ---- Start of task processed event (# tasks: 1 in executor VM-116)----
METRICLOG/VM-116	Stage2-0-0	inputR: 0	inputP:0	output:0	inW:2026-07-15T17:55:35.290Z	ioutW:2026-07-15T17:55:35.290Z	ptime:0	dsertime:0	inbytes:0	sertime:0	outbytes:0	numKey:1683	owc:0
----- End of taks processed event ----

 INFO 07-15 18:01:42,552 CpuBottleneckDetectorImpl:63 [pool-8-thread-1] - Current cpu load: 0.0, # processed events: 0, consecutive: 0/2, threshold: 0.9 in VM-116
 INFO 07-15 18:01:43,552 SystemLoadProfiler:50 [pool-8-thread-1] - Average CPU Load: 0.0 in VM-116
 INFO 07-15 18:01:43,552 TaskEventRateCalculator:114 [pool-8-thread-1] - ---- Start of task processed event (# tasks: 1 in executor VM-116)----
METRICLOG/VM-116	Stage2-0-0	inputR: 0	inputP:0	output:0	inW:2026-07-15T17:55:35.290Z	ioutW:2026-07-15T17:55:35.290Z	ptime:0	dsertime:0	inbytes:0	sertime:0	outbytes:0	numKey:1683	owc:0
----- End of taks processed event ----

 INFO 07-15 18:01:43,552 CpuBottleneckDetectorImpl:63 [pool-8-thread-1] - Current cpu load: 0.0, # processed events: 0, consecutive: 0/2, threshold: 0.9 in VM-116
 INFO 07-15 18:01:44,551 SystemLoadProfiler:50 [pool-8-thread-1] - Average CPU Load: 0.0 in VM-116
 INFO 07-15 18:01:44,552 TaskEventRateCalculator:114 [pool-8-thread-1] - ---- Start of task processed event (# tasks: 1 in executor VM-116)----
METRICLOG/VM-116	Stage2-0-0	inputR: 0	inputP:0	output:0	inW:2026-07-15T17:55:35.290Z	ioutW:2026-07-15T17:55:35.290Z	ptime:0	dsertime:0	inbytes:0	sertime:0	outbytes:0	numKey:1683	owc:0
----- End of taks processed event ----

 INFO 07-15 18:01:44,552 CpuBottleneckDetectorImpl:63 [pool-8-thread-1] - Current cpu load: 0.0, # processed events: 0, consecutive: 0/2, threshold: 0.9 in VM-116
 INFO 07-15 18:01:45,552 SystemLoadProfiler:50 [pool-8-thread-1] - Average CPU Load: 0.0 in VM-116
 INFO 07-15 18:01:45,552 TaskEventRateCalculator:114 [pool-8-thread-1] - ---- Start of task processed event (# tasks: 1 in executor VM-116)----
METRICLOG/VM-116	Stage2-0-0	inputR: 0	inputP:0	output:0	inW:2026-07-15T17:55:35.290Z	ioutW:2026-07-15T17:55:35.290Z	ptime:0	dsertime:0	inbytes:0	sertime:0	outbytes:0	numKey:1683	owc:0
----- End of taks processed event ----

 INFO 07-15 18:01:45,552 CpuBottleneckDetectorImpl:63 [pool-8-thread-1] - Current cpu load: 0.0, # processed events: 0, consecutive: 0/2, threshold: 0.9 in VM-116
 INFO 07-15 18:01:46,552 SystemLoadProfiler:50 [pool-8-thread-1] - Average CPU Load: 0.0 in VM-116
 INFO 07-15 18:01:46,552 TaskEventRateCalculator:114 [pool-8-thread-1] - ---- Start of task processed event (# tasks: 1 in executor VM-116)----
METRICLOG/VM-116	Stage2-0-0	inputR: 0	inputP:0	output:0	inW:2026-07-15T17:55:35.290Z	ioutW:2026-07-15T17:55:35.290Z	ptime:0	dsertime:0	inbytes:0	sertime:0	outbytes:0	numKey:1683	owc:0
----- End of taks processed event ----

 INFO 07-15 18:01:46,552 CpuBottleneckDetectorImpl:63 [pool-8-thread-1] - Current cpu load: 0.0, # processed events: 0, consecutive: 0/2, threshold: 0.9 in VM-116
 INFO 07-15 18:01:47,552 SystemLoadProfiler:50 [pool-8-thread-1] - Average CPU Load: 0.0 in VM-116
 INFO 07-15 18:01:47,552 TaskEventRateCalculator:114 [pool-8-thread-1] - ---- Start of task processed event (# tasks: 1 in executor VM-116)----
METRICLOG/VM-116	Stage2-0-0	inputR: 0	inputP:0	output:0	inW:2026-07-15T17:55:35.290Z	ioutW:2026-07-15T17:55:35.290Z	ptime:0	dsertime:0	inbytes:0	sertime:0	outbytes:0	numKey:1683	owc:0
----- End of taks processed event ----

 INFO 07-15 18:01:47,552 CpuBottleneckDetectorImpl:63 [pool-8-thread-1] - Current cpu load: 0.0, # processed events: 0, consecutive: 0/2, threshold: 0.9 in VM-116
 INFO 07-15 18:01:48,552 SystemLoadProfiler:50 [pool-8-thread-1] - Average CPU Load: 0.0 in VM-116
 INFO 07-15 18:01:48,552 TaskEventRateCalculator:114 [pool-8-thread-1] - ---- Start of task processed event (# tasks: 1 in executor VM-116)----
METRICLOG/VM-116	Stage2-0-0	inputR: 0	inputP:0	output:0	inW:2026-07-15T17:55:35.290Z	ioutW:2026-07-15T17:55:35.290Z	ptime:0	dsertime:0	inbytes:0	sertime:0	outbytes:0	numKey:1683	owc:0
----- End of taks processed event ----

 INFO 07-15 18:01:48,552 CpuBottleneckDetectorImpl:63 [pool-8-thread-1] - Current cpu load: 0.0, # processed events: 0, consecutive: 0/2, threshold: 0.9 in VM-116
 INFO 07-15 18:01:49,552 SystemLoadProfiler:50 [pool-8-thread-1] - Average CPU Load: 0.0 in VM-116
 INFO 07-15 18:01:49,552 TaskEventRateCalculator:114 [pool-8-thread-1] - ---- Start of task processed event (# tasks: 1 in executor VM-116)----
METRICLOG/VM-116	Stage2-0-0	inputR: 0	inputP:0	output:0	inW:2026-07-15T17:55:35.290Z	ioutW:2026-07-15T17:55:35.290Z	ptime:0	dsertime:0	inbytes:0	sertime:0	outbytes:0	numKey:1683	owc:0
----- End of taks processed event ----

 INFO 07-15 18:01:49,552 CpuBottleneckDetectorImpl:63 [pool-8-thread-1] - Current cpu load: 0.0, # processed events: 0, consecutive: 0/2, threshold: 0.9 in VM-116
 INFO 07-15 18:01:50,552 SystemLoadProfiler:50 [pool-8-thread-1] - Average CPU Load: 0.0 in VM-116
 INFO 07-15 18:01:50,552 TaskEventRateCalculator:114 [pool-8-thread-1] - ---- Start of task processed event (# tasks: 1 in executor VM-116)----
METRICLOG/VM-116	Stage2-0-0	inputR: 0	inputP:0	output:0	inW:2026-07-15T17:55:35.290Z	ioutW:2026-07-15T17:55:35.290Z	ptime:0	dsertime:0	inbytes:0	sertime:0	outbytes:0	numKey:1683	owc:0
----- End of taks processed event ----

 INFO 07-15 18:01:50,552 CpuBottleneckDetectorImpl:63 [pool-8-thread-1] - Current cpu load: 0.0, # processed events: 0, consecutive: 0/2, threshold: 0.9 in VM-116
 INFO 07-15 18:01:51,552 SystemLoadProfiler:50 [pool-8-thread-1] - Average CPU Load: 0.0 in VM-116
 INFO 07-15 18:01:51,552 TaskEventRateCalculator:114 [pool-8-thread-1] - ---- Start of task processed event (# tasks: 1 in executor VM-116)----
METRICLOG/VM-116	Stage2-0-0	inputR: 0	inputP:0	output:0	inW:2026-07-15T17:55:35.290Z	ioutW:2026-07-15T17:55:35.290Z	ptime:0	dsertime:0	inbytes:0	sertime:0	outbytes:0	numKey:1683	owc:0
----- End of taks processed event ----

 INFO 07-15 18:01:51,552 CpuBottleneckDetectorImpl:63 [pool-8-thread-1] - Current cpu load: 0.0, # processed events: 0, consecutive: 0/2, threshold: 0.9 in VM-116
 INFO 07-15 18:01:52,553 SystemLoadProfiler:50 [pool-8-thread-1] - Average CPU Load: 0.0 in VM-116
 INFO 07-15 18:01:52,554 TaskEventRateCalculator:114 [pool-8-thread-1] - ---- Start of task processed event (# tasks: 1 in executor VM-116)----
METRICLOG/VM-116	Stage2-0-0	inputR: 0	inputP:0	output:0	inW:2026-07-15T17:55:35.290Z	ioutW:2026-07-15T17:55:35.290Z	ptime:0	dsertime:0	inbytes:0	sertime:0	outbytes:0	numKey:1683	owc:0
----- End of taks processed event ----

 INFO 07-15 18:01:52,554 CpuBottleneckDetectorImpl:63 [pool-8-thread-1] - Current cpu load: 0.0, # processed events: 0, consecutive: 0/2, threshold: 0.9 in VM-116
 INFO 07-15 18:01:53,552 SystemLoadProfiler:50 [pool-8-thread-1] - Average CPU Load: 0.0 in VM-116
 INFO 07-15 18:01:53,552 TaskEventRateCalculator:114 [pool-8-thread-1] - ---- Start of task processed event (# tasks: 1 in executor VM-116)----
METRICLOG/VM-116	Stage2-0-0	inputR: 0	inputP:0	output:0	inW:2026-07-15T17:55:35.290Z	ioutW:2026-07-15T17:55:35.290Z	ptime:0	dsertime:0	inbytes:0	sertime:0	outbytes:0	numKey:1683	owc:0
----- End of taks processed event ----

 INFO 07-15 18:01:53,552 CpuBottleneckDetectorImpl:63 [pool-8-thread-1] - Current cpu load: 0.0, # processed events: 0, consecutive: 0/2, threshold: 0.9 in VM-116
 INFO 07-15 18:01:54,552 SystemLoadProfiler:50 [pool-8-thread-1] - Average CPU Load: 0.0 in VM-116
 INFO 07-15 18:01:54,553 TaskEventRateCalculator:114 [pool-8-thread-1] - ---- Start of task processed event (# tasks: 1 in executor VM-116)----
METRICLOG/VM-116	Stage2-0-0	inputR: 0	inputP:0	output:0	inW:2026-07-15T17:55:35.290Z	ioutW:2026-07-15T17:55:35.290Z	ptime:0	dsertime:0	inbytes:0	sertime:0	outbytes:0	numKey:1683	owc:0
----- End of taks processed event ----

 INFO 07-15 18:01:54,553 CpuBottleneckDetectorImpl:63 [pool-8-thread-1] - Current cpu load: 0.0, # processed events: 0, consecutive: 0/2, threshold: 0.9 in VM-116
 INFO 07-15 18:01:55,552 SystemLoadProfiler:50 [pool-8-thread-1] - Average CPU Load: 0.0 in VM-116
 INFO 07-15 18:01:55,552 TaskEventRateCalculator:114 [pool-8-thread-1] - ---- Start of task processed event (# tasks: 1 in executor VM-116)----
METRICLOG/VM-116	Stage2-0-0	inputR: 0	inputP:0	output:0	inW:2026-07-15T17:55:35.290Z	ioutW:2026-07-15T17:55:35.290Z	ptime:0	dsertime:0	inbytes:0	sertime:0	outbytes:0	numKey:1683	owc:0
----- End of taks processed event ----

 INFO 07-15 18:01:55,552 CpuBottleneckDetectorImpl:63 [pool-8-thread-1] - Current cpu load: 0.0, # processed events: 0, consecutive: 0/2, threshold: 0.9 in VM-116
 INFO 07-15 18:01:56,552 SystemLoadProfiler:50 [pool-8-thread-1] - Average CPU Load: 0.0 in VM-116
 INFO 07-15 18:01:56,552 TaskEventRateCalculator:114 [pool-8-thread-1] - ---- Start of task processed event (# tasks: 1 in executor VM-116)----
METRICLOG/VM-116	Stage2-0-0	inputR: 0	inputP:0	output:0	inW:2026-07-15T17:55:35.290Z	ioutW:2026-07-15T17:55:35.290Z	ptime:0	dsertime:0	inbytes:0	sertime:0	outbytes:0	numKey:1683	owc:0
----- End of taks processed event ----

 INFO 07-15 18:01:56,552 CpuBottleneckDetectorImpl:63 [pool-8-thread-1] - Current cpu load: 0.0, # processed events: 0, consecutive: 0/2, threshold: 0.9 in VM-116
 INFO 07-15 18:01:57,551 SystemLoadProfiler:50 [pool-8-thread-1] - Average CPU Load: 0.0 in VM-116
 INFO 07-15 18:01:57,552 TaskEventRateCalculator:114 [pool-8-thread-1] - ---- Start of task processed event (# tasks: 1 in executor VM-116)----
METRICLOG/VM-116	Stage2-0-0	inputR: 0	inputP:0	output:0	inW:2026-07-15T17:55:35.290Z	ioutW:2026-07-15T17:55:35.290Z	ptime:0	dsertime:0	inbytes:0	sertime:0	outbytes:0	numKey:1683	owc:0
----- End of taks processed event ----

 INFO 07-15 18:01:57,552 CpuBottleneckDetectorImpl:63 [pool-8-thread-1] - Current cpu load: 0.0, # processed events: 0, consecutive: 0/2, threshold: 0.9 in VM-116
 INFO 07-15 18:01:58,552 SystemLoadProfiler:50 [pool-8-thread-1] - Average CPU Load: 0.0 in VM-116
 INFO 07-15 18:01:58,552 TaskEventRateCalculator:114 [pool-8-thread-1] - ---- Start of task processed event (# tasks: 1 in executor VM-116)----
METRICLOG/VM-116	Stage2-0-0	inputR: 0	inputP:0	output:0	inW:2026-07-15T17:55:35.290Z	ioutW:2026-07-15T17:55:35.290Z	ptime:0	dsertime:0	inbytes:0	sertime:0	outbytes:0	numKey:1683	owc:0
----- End of taks processed event ----

 INFO 07-15 18:01:58,552 CpuBottleneckDetectorImpl:63 [pool-8-thread-1] - Current cpu load: 0.0, # processed events: 0, consecutive: 0/2, threshold: 0.9 in VM-116
 INFO 07-15 18:01:59,552 SystemLoadProfiler:50 [pool-8-thread-1] - Average CPU Load: 0.0 in VM-116
 INFO 07-15 18:01:59,552 TaskEventRateCalculator:114 [pool-8-thread-1] - ---- Start of task processed event (# tasks: 1 in executor VM-116)----
METRICLOG/VM-116	Stage2-0-0	inputR: 0	inputP:0	output:0	inW:2026-07-15T17:55:35.290Z	ioutW:2026-07-15T17:55:35.290Z	ptime:0	dsertime:0	inbytes:0	sertime:0	outbytes:0	numKey:1683	owc:0
----- End of taks processed event ----

 INFO 07-15 18:01:59,552 CpuBottleneckDetectorImpl:63 [pool-8-thread-1] - Current cpu load: 0.0, # processed events: 0, consecutive: 0/2, threshold: 0.9 in VM-116
 INFO 07-15 18:02:00,551 SystemLoadProfiler:50 [pool-8-thread-1] - Average CPU Load: 0.0 in VM-116
 INFO 07-15 18:02:00,552 TaskEventRateCalculator:114 [pool-8-thread-1] - ---- Start of task processed event (# tasks: 1 in executor VM-116)----
METRICLOG/VM-116	Stage2-0-0	inputR: 0	inputP:0	output:0	inW:2026-07-15T17:55:35.290Z	ioutW:2026-07-15T17:55:35.290Z	ptime:0	dsertime:0	inbytes:0	sertime:0	outbytes:0	numKey:1683	owc:0
----- End of taks processed event ----

 INFO 07-15 18:02:00,552 CpuBottleneckDetectorImpl:63 [pool-8-thread-1] - Current cpu load: 0.0, # processed events: 0, consecutive: 0/2, threshold: 0.9 in VM-116
 INFO 07-15 18:02:01,552 SystemLoadProfiler:50 [pool-8-thread-1] - Average CPU Load: 0.0 in VM-116
 INFO 07-15 18:02:01,552 TaskEventRateCalculator:114 [pool-8-thread-1] - ---- Start of task processed event (# tasks: 1 in executor VM-116)----
METRICLOG/VM-116	Stage2-0-0	inputR: 0	inputP:0	output:0	inW:2026-07-15T17:55:35.290Z	ioutW:2026-07-15T17:55:35.290Z	ptime:0	dsertime:0	inbytes:0	sertime:0	outbytes:0	numKey:1683	owc:0
----- End of taks processed event ----

 INFO 07-15 18:02:01,552 CpuBottleneckDetectorImpl:63 [pool-8-thread-1] - Current cpu load: 0.0, # processed events: 0, consecutive: 0/2, threshold: 0.9 in VM-116
 INFO 07-15 18:02:02,552 SystemLoadProfiler:50 [pool-8-thread-1] - Average CPU Load: 0.0 in VM-116
 INFO 07-15 18:02:02,552 TaskEventRateCalculator:114 [pool-8-thread-1] - ---- Start of task processed event (# tasks: 1 in executor VM-116)----
METRICLOG/VM-116	Stage2-0-0	inputR: 0	inputP:0	output:0	inW:2026-07-15T17:55:35.290Z	ioutW:2026-07-15T17:55:35.290Z	ptime:0	dsertime:0	inbytes:0	sertime:0	outbytes:0	numKey:1683	owc:0
----- End of taks processed event ----

 INFO 07-15 18:02:02,552 CpuBottleneckDetectorImpl:63 [pool-8-thread-1] - Current cpu load: 0.0, # processed events: 0, consecutive: 0/2, threshold: 0.9 in VM-116
 INFO 07-15 18:02:03,552 SystemLoadProfiler:50 [pool-8-thread-1] - Average CPU Load: 0.0 in VM-116
 INFO 07-15 18:02:03,552 TaskEventRateCalculator:114 [pool-8-thread-1] - ---- Start of task processed event (# tasks: 1 in executor VM-116)----
METRICLOG/VM-116	Stage2-0-0	inputR: 0	inputP:0	output:0	inW:2026-07-15T17:55:35.290Z	ioutW:2026-07-15T17:55:35.290Z	ptime:0	dsertime:0	inbytes:0	sertime:0	outbytes:0	numKey:1683	owc:0
----- End of taks processed event ----

 INFO 07-15 18:02:03,552 CpuBottleneckDetectorImpl:63 [pool-8-thread-1] - Current cpu load: 0.0, # processed events: 0, consecutive: 0/2, threshold: 0.9 in VM-116
 INFO 07-15 18:02:04,553 SystemLoadProfiler:50 [pool-8-thread-1] - Average CPU Load: 0.0 in VM-116
 INFO 07-15 18:02:04,554 TaskEventRateCalculator:114 [pool-8-thread-1] - ---- Start of task processed event (# tasks: 1 in executor VM-116)----
METRICLOG/VM-116	Stage2-0-0	inputR: 0	inputP:0	output:0	inW:2026-07-15T17:55:35.290Z	ioutW:2026-07-15T17:55:35.290Z	ptime:0	dsertime:0	inbytes:0	sertime:0	outbytes:0	numKey:1683	owc:0
----- End of taks processed event ----

 INFO 07-15 18:02:04,554 CpuBottleneckDetectorImpl:63 [pool-8-thread-1] - Current cpu load: 0.0, # processed events: 0, consecutive: 0/2, threshold: 0.9 in VM-116
 INFO 07-15 18:02:05,552 SystemLoadProfiler:50 [pool-8-thread-1] - Average CPU Load: 0.0 in VM-116
 INFO 07-15 18:02:05,552 TaskEventRateCalculator:114 [pool-8-thread-1] - ---- Start of task processed event (# tasks: 1 in executor VM-116)----
METRICLOG/VM-116	Stage2-0-0	inputR: 0	inputP:0	output:0	inW:2026-07-15T17:55:35.290Z	ioutW:2026-07-15T17:55:35.290Z	ptime:0	dsertime:0	inbytes:0	sertime:0	outbytes:0	numKey:1683	owc:0
----- End of taks processed event ----

 INFO 07-15 18:02:05,552 CpuBottleneckDetectorImpl:63 [pool-8-thread-1] - Current cpu load: 0.0, # processed events: 0, consecutive: 0/2, threshold: 0.9 in VM-116
 INFO 07-15 18:02:06,552 SystemLoadProfiler:50 [pool-8-thread-1] - Average CPU Load: 0.0 in VM-116
 INFO 07-15 18:02:06,552 TaskEventRateCalculator:114 [pool-8-thread-1] - ---- Start of task processed event (# tasks: 1 in executor VM-116)----
METRICLOG/VM-116	Stage2-0-0	inputR: 0	inputP:0	output:0	inW:2026-07-15T17:55:35.290Z	ioutW:2026-07-15T17:55:35.290Z	ptime:0	dsertime:0	inbytes:0	sertime:0	outbytes:0	numKey:1683	owc:0
----- End of taks processed event ----

 INFO 07-15 18:02:06,552 CpuBottleneckDetectorImpl:63 [pool-8-thread-1] - Current cpu load: 0.0, # processed events: 0, consecutive: 0/2, threshold: 0.9 in VM-116
 INFO 07-15 18:02:07,552 SystemLoadProfiler:50 [pool-8-thread-1] - Average CPU Load: 0.0 in VM-116
 INFO 07-15 18:02:07,552 TaskEventRateCalculator:114 [pool-8-thread-1] - ---- Start of task processed event (# tasks: 1 in executor VM-116)----
METRICLOG/VM-116	Stage2-0-0	inputR: 0	inputP:0	output:0	inW:2026-07-15T17:55:35.290Z	ioutW:2026-07-15T17:55:35.290Z	ptime:0	dsertime:0	inbytes:0	sertime:0	outbytes:0	numKey:1683	owc:0
----- End of taks processed event ----

 INFO 07-15 18:02:07,552 CpuBottleneckDetectorImpl:63 [pool-8-thread-1] - Current cpu load: 0.0, # processed events: 0, consecutive: 0/2, threshold: 0.9 in VM-116
 INFO 07-15 18:02:08,552 SystemLoadProfiler:50 [pool-8-thread-1] - Average CPU Load: 0.0 in VM-116
 INFO 07-15 18:02:08,552 TaskEventRateCalculator:114 [pool-8-thread-1] - ---- Start of task processed event (# tasks: 1 in executor VM-116)----
METRICLOG/VM-116	Stage2-0-0	inputR: 0	inputP:0	output:0	inW:2026-07-15T17:55:35.290Z	ioutW:2026-07-15T17:55:35.290Z	ptime:0	dsertime:0	inbytes:0	sertime:0	outbytes:0	numKey:1683	owc:0
----- End of taks processed event ----

 INFO 07-15 18:02:08,552 CpuBottleneckDetectorImpl:63 [pool-8-thread-1] - Current cpu load: 0.0, # processed events: 0, consecutive: 0/2, threshold: 0.9 in VM-116
 INFO 07-15 18:02:09,552 SystemLoadProfiler:50 [pool-8-thread-1] - Average CPU Load: 0.0 in VM-116
 INFO 07-15 18:02:09,552 TaskEventRateCalculator:114 [pool-8-thread-1] - ---- Start of task processed event (# tasks: 1 in executor VM-116)----
METRICLOG/VM-116	Stage2-0-0	inputR: 0	inputP:0	output:0	inW:2026-07-15T17:55:35.290Z	ioutW:2026-07-15T17:55:35.290Z	ptime:0	dsertime:0	inbytes:0	sertime:0	outbytes:0	numKey:1683	owc:0
----- End of taks processed event ----

 INFO 07-15 18:02:09,552 CpuBottleneckDetectorImpl:63 [pool-8-thread-1] - Current cpu load: 0.0, # processed events: 0, consecutive: 0/2, threshold: 0.9 in VM-116
 INFO 07-15 18:02:10,552 SystemLoadProfiler:50 [pool-8-thread-1] - Average CPU Load: 0.0 in VM-116
 INFO 07-15 18:02:10,552 TaskEventRateCalculator:114 [pool-8-thread-1] - ---- Start of task processed event (# tasks: 1 in executor VM-116)----
METRICLOG/VM-116	Stage2-0-0	inputR: 0	inputP:0	output:0	inW:2026-07-15T17:55:35.290Z	ioutW:2026-07-15T17:55:35.290Z	ptime:0	dsertime:0	inbytes:0	sertime:0	outbytes:0	numKey:1683	owc:0
----- End of taks processed event ----

 INFO 07-15 18:02:10,552 CpuBottleneckDetectorImpl:63 [pool-8-thread-1] - Current cpu load: 0.0, # processed events: 0, consecutive: 0/2, threshold: 0.9 in VM-116
 INFO 07-15 18:02:11,552 SystemLoadProfiler:50 [pool-8-thread-1] - Average CPU Load: 0.0 in VM-116
 INFO 07-15 18:02:11,552 TaskEventRateCalculator:114 [pool-8-thread-1] - ---- Start of task processed event (# tasks: 1 in executor VM-116)----
METRICLOG/VM-116	Stage2-0-0	inputR: 0	inputP:0	output:0	inW:2026-07-15T17:55:35.290Z	ioutW:2026-07-15T17:55:35.290Z	ptime:0	dsertime:0	inbytes:0	sertime:0	outbytes:0	numKey:1683	owc:0
----- End of taks processed event ----

 INFO 07-15 18:02:11,552 CpuBottleneckDetectorImpl:63 [pool-8-thread-1] - Current cpu load: 0.0, # processed events: 0, consecutive: 0/2, threshold: 0.9 in VM-116
 INFO 07-15 18:02:12,552 SystemLoadProfiler:50 [pool-8-thread-1] - Average CPU Load: 0.0 in VM-116
 INFO 07-15 18:02:12,552 TaskEventRateCalculator:114 [pool-8-thread-1] - ---- Start of task processed event (# tasks: 1 in executor VM-116)----
METRICLOG/VM-116	Stage2-0-0	inputR: 0	inputP:0	output:0	inW:2026-07-15T17:55:35.290Z	ioutW:2026-07-15T17:55:35.290Z	ptime:0	dsertime:0	inbytes:0	sertime:0	outbytes:0	numKey:1683	owc:0
----- End of taks processed event ----

 INFO 07-15 18:02:12,552 CpuBottleneckDetectorImpl:63 [pool-8-thread-1] - Current cpu load: 0.0, # processed events: 0, consecutive: 0/2, threshold: 0.9 in VM-116
 INFO 07-15 18:02:13,552 SystemLoadProfiler:50 [pool-8-thread-1] - Average CPU Load: 0.0 in VM-116
 INFO 07-15 18:02:13,552 TaskEventRateCalculator:114 [pool-8-thread-1] - ---- Start of task processed event (# tasks: 1 in executor VM-116)----
METRICLOG/VM-116	Stage2-0-0	inputR: 0	inputP:0	output:0	inW:2026-07-15T17:55:35.290Z	ioutW:2026-07-15T17:55:35.290Z	ptime:0	dsertime:0	inbytes:0	sertime:0	outbytes:0	numKey:1683	owc:0
----- End of taks processed event ----

 INFO 07-15 18:02:13,552 CpuBottleneckDetectorImpl:63 [pool-8-thread-1] - Current cpu load: 0.0, # processed events: 0, consecutive: 0/2, threshold: 0.9 in VM-116
 INFO 07-15 18:02:14,551 SystemLoadProfiler:50 [pool-8-thread-1] - Average CPU Load: 0.0 in VM-116
 INFO 07-15 18:02:14,552 TaskEventRateCalculator:114 [pool-8-thread-1] - ---- Start of task processed event (# tasks: 1 in executor VM-116)----
METRICLOG/VM-116	Stage2-0-0	inputR: 0	inputP:0	output:0	inW:2026-07-15T17:55:35.290Z	ioutW:2026-07-15T17:55:35.290Z	ptime:0	dsertime:0	inbytes:0	sertime:0	outbytes:0	numKey:1683	owc:0
----- End of taks processed event ----

 INFO 07-15 18:02:14,552 CpuBottleneckDetectorImpl:63 [pool-8-thread-1] - Current cpu load: 0.0, # processed events: 0, consecutive: 0/2, threshold: 0.9 in VM-116
 INFO 07-15 18:02:15,254 Executor$ExecutorMessageReceiver:1422 [pool-16-thread-14] - Stopping task Stage2-0-0 in executor VM-116
 INFO 07-15 18:02:15,552 SystemLoadProfiler:50 [pool-8-thread-1] - Average CPU Load: 0.0 in VM-116
 INFO 07-15 18:02:15,552 TaskEventRateCalculator:114 [pool-8-thread-1] - ---- Start of task processed event (# tasks: 1 in executor VM-116)----
METRICLOG/VM-116	Stage2-0-0	inputR: 0	inputP:0	output:0	inW:2026-07-15T17:55:35.290Z	ioutW:2026-07-15T17:55:35.290Z	ptime:0	dsertime:0	inbytes:0	sertime:0	outbytes:0	numKey:1683	owc:0
----- End of taks processed event ----

 INFO 07-15 18:02:15,552 CpuBottleneckDetectorImpl:63 [pool-8-thread-1] - Current cpu load: 0.0, # processed events: 0, consecutive: 0/2, threshold: 0.9 in VM-116
 INFO 07-15 18:02:16,552 SystemLoadProfiler:50 [pool-8-thread-1] - Average CPU Load: 0.0 in VM-116
 INFO 07-15 18:02:16,552 TaskEventRateCalculator:114 [pool-8-thread-1] - ---- Start of task processed event (# tasks: 1 in executor VM-116)----
METRICLOG/VM-116	Stage2-0-0	inputR: 0	inputP:0	output:0	inW:2026-07-15T17:55:35.290Z	ioutW:2026-07-15T17:55:35.290Z	ptime:0	dsertime:0	inbytes:0	sertime:0	outbytes:0	numKey:1683	owc:0
----- End of taks processed event ----

 INFO 07-15 18:02:16,552 CpuBottleneckDetectorImpl:63 [pool-8-thread-1] - Current cpu load: 0.0, # processed events: 0, consecutive: 0/2, threshold: 0.9 in VM-116
 INFO 07-15 18:02:17,552 SystemLoadProfiler:50 [pool-8-thread-1] - Average CPU Load: 0.0 in VM-116
 INFO 07-15 18:02:17,552 TaskEventRateCalculator:114 [pool-8-thread-1] - ---- Start of task processed event (# tasks: 1 in executor VM-116)----
METRICLOG/VM-116	Stage2-0-0	inputR: 0	inputP:0	output:0	inW:2026-07-15T17:55:35.290Z	ioutW:2026-07-15T17:55:35.290Z	ptime:0	dsertime:0	inbytes:0	sertime:0	outbytes:0	numKey:1683	owc:0
----- End of taks processed event ----

 INFO 07-15 18:02:17,552 CpuBottleneckDetectorImpl:63 [pool-8-thread-1] - Current cpu load: 0.0, # processed events: 0, consecutive: 0/2, threshold: 0.9 in VM-116
 INFO 07-15 18:02:18,552 SystemLoadProfiler:50 [pool-8-thread-1] - Average CPU Load: 0.0 in VM-116
 INFO 07-15 18:02:18,552 TaskEventRateCalculator:114 [pool-8-thread-1] - ---- Start of task processed event (# tasks: 1 in executor VM-116)----
METRICLOG/VM-116	Stage2-0-0	inputR: 0	inputP:0	output:0	inW:2026-07-15T17:55:35.290Z	ioutW:2026-07-15T17:55:35.290Z	ptime:0	dsertime:0	inbytes:0	sertime:0	outbytes:0	numKey:1683	owc:0
----- End of taks processed event ----

 INFO 07-15 18:02:18,552 CpuBottleneckDetectorImpl:63 [pool-8-thread-1] - Current cpu load: 0.0, # processed events: 0, consecutive: 0/2, threshold: 0.9 in VM-116
 INFO 07-15 18:02:19,552 SystemLoadProfiler:50 [pool-8-thread-1] - Average CPU Load: 0.0 in VM-116
 INFO 07-15 18:02:19,552 TaskEventRateCalculator:114 [pool-8-thread-1] - ---- Start of task processed event (# tasks: 1 in executor VM-116)----
METRICLOG/VM-116	Stage2-0-0	inputR: 0	inputP:0	output:0	inW:2026-07-15T17:55:35.290Z	ioutW:2026-07-15T17:55:35.290Z	ptime:0	dsertime:0	inbytes:0	sertime:0	outbytes:0	numKey:1683	owc:0
----- End of taks processed event ----

 INFO 07-15 18:02:19,552 CpuBottleneckDetectorImpl:63 [pool-8-thread-1] - Current cpu load: 0.0, # processed events: 0, consecutive: 0/2, threshold: 0.9 in VM-116
 INFO 07-15 18:02:20,551 SystemLoadProfiler:50 [pool-8-thread-1] - Average CPU Load: 0.0 in VM-116
 INFO 07-15 18:02:20,552 TaskEventRateCalculator:114 [pool-8-thread-1] - ---- Start of task processed event (# tasks: 1 in executor VM-116)----
METRICLOG/VM-116	Stage2-0-0	inputR: 0	inputP:0	output:0	inW:2026-07-15T17:55:35.290Z	ioutW:2026-07-15T17:55:35.290Z	ptime:0	dsertime:0	inbytes:0	sertime:0	outbytes:0	numKey:1683	owc:0
----- End of taks processed event ----

 INFO 07-15 18:02:20,552 CpuBottleneckDetectorImpl:63 [pool-8-thread-1] - Current cpu load: 0.0, # processed events: 0, consecutive: 0/2, threshold: 0.9 in VM-116
 INFO 07-15 18:02:21,552 SystemLoadProfiler:50 [pool-8-thread-1] - Average CPU Load: 0.0 in VM-116
 INFO 07-15 18:02:21,552 TaskEventRateCalculator:114 [pool-8-thread-1] - ---- Start of task processed event (# tasks: 1 in executor VM-116)----
METRICLOG/VM-116	Stage2-0-0	inputR: 0	inputP:0	output:0	inW:2026-07-15T17:55:35.290Z	ioutW:2026-07-15T17:55:35.290Z	ptime:0	dsertime:0	inbytes:0	sertime:0	outbytes:0	numKey:1683	owc:0
----- End of taks processed event ----

 INFO 07-15 18:02:21,552 CpuBottleneckDetectorImpl:63 [pool-8-thread-1] - Current cpu load: 0.0, # processed events: 0, consecutive: 0/2, threshold: 0.9 in VM-116
 INFO 07-15 18:02:22,552 SystemLoadProfiler:50 [pool-8-thread-1] - Average CPU Load: 0.0 in VM-116
 INFO 07-15 18:02:22,552 TaskEventRateCalculator:114 [pool-8-thread-1] - ---- Start of task processed event (# tasks: 1 in executor VM-116)----
METRICLOG/VM-116	Stage2-0-0	inputR: 0	inputP:0	output:0	inW:2026-07-15T17:55:35.290Z	ioutW:2026-07-15T17:55:35.290Z	ptime:0	dsertime:0	inbytes:0	sertime:0	outbytes:0	numKey:1683	owc:0
----- End of taks processed event ----

 INFO 07-15 18:02:22,552 CpuBottleneckDetectorImpl:63 [pool-8-thread-1] - Current cpu load: 0.0, # processed events: 0, consecutive: 0/2, threshold: 0.9 in VM-116
 INFO 07-15 18:02:23,552 SystemLoadProfiler:50 [pool-8-thread-1] - Average CPU Load: 0.0 in VM-116
 INFO 07-15 18:02:23,552 TaskEventRateCalculator:114 [pool-8-thread-1] - ---- Start of task processed event (# tasks: 1 in executor VM-116)----
METRICLOG/VM-116	Stage2-0-0	inputR: 0	inputP:0	output:0	inW:2026-07-15T17:55:35.290Z	ioutW:2026-07-15T17:55:35.290Z	ptime:0	dsertime:0	inbytes:0	sertime:0	outbytes:0	numKey:1683	owc:0
----- End of taks processed event ----

 INFO 07-15 18:02:23,552 CpuBottleneckDetectorImpl:63 [pool-8-thread-1] - Current cpu load: 0.0, # processed events: 0, consecutive: 0/2, threshold: 0.9 in VM-116
 INFO 07-15 18:02:24,551 SystemLoadProfiler:50 [pool-8-thread-1] - Average CPU Load: 0.0 in VM-116
 INFO 07-15 18:02:24,552 TaskEventRateCalculator:114 [pool-8-thread-1] - ---- Start of task processed event (# tasks: 1 in executor VM-116)----
METRICLOG/VM-116	Stage2-0-0	inputR: 0	inputP:0	output:0	inW:2026-07-15T17:55:35.290Z	ioutW:2026-07-15T17:55:35.290Z	ptime:0	dsertime:0	inbytes:0	sertime:0	outbytes:0	numKey:1683	owc:0
----- End of taks processed event ----

 INFO 07-15 18:02:24,552 CpuBottleneckDetectorImpl:63 [pool-8-thread-1] - Current cpu load: 0.0, # processed events: 0, consecutive: 0/2, threshold: 0.9 in VM-116
 INFO 07-15 18:02:25,552 SystemLoadProfiler:50 [pool-8-thread-1] - Average CPU Load: 0.0 in VM-116
 INFO 07-15 18:02:25,552 TaskEventRateCalculator:114 [pool-8-thread-1] - ---- Start of task processed event (# tasks: 1 in executor VM-116)----
METRICLOG/VM-116	Stage2-0-0	inputR: 0	inputP:0	output:0	inW:2026-07-15T17:55:35.290Z	ioutW:2026-07-15T17:55:35.290Z	ptime:0	dsertime:0	inbytes:0	sertime:0	outbytes:0	numKey:1683	owc:0
----- End of taks processed event ----

 INFO 07-15 18:02:25,552 CpuBottleneckDetectorImpl:63 [pool-8-thread-1] - Current cpu load: 0.0, # processed events: 0, consecutive: 0/2, threshold: 0.9 in VM-116
 INFO 07-15 18:02:26,552 SystemLoadProfiler:50 [pool-8-thread-1] - Average CPU Load: 0.0 in VM-116
 INFO 07-15 18:02:26,552 TaskEventRateCalculator:114 [pool-8-thread-1] - ---- Start of task processed event (# tasks: 1 in executor VM-116)----
METRICLOG/VM-116	Stage2-0-0	inputR: 0	inputP:0	output:0	inW:2026-07-15T17:55:35.290Z	ioutW:2026-07-15T17:55:35.290Z	ptime:0	dsertime:0	inbytes:0	sertime:0	outbytes:0	numKey:1683	owc:0
----- End of taks processed event ----

 INFO 07-15 18:02:26,552 CpuBottleneckDetectorImpl:63 [pool-8-thread-1] - Current cpu load: 0.0, # processed events: 0, consecutive: 0/2, threshold: 0.9 in VM-116
 INFO 07-15 18:02:27,553 SystemLoadProfiler:50 [pool-8-thread-1] - Average CPU Load: 0.0 in VM-116
 INFO 07-15 18:02:27,554 TaskEventRateCalculator:114 [pool-8-thread-1] - ---- Start of task processed event (# tasks: 1 in executor VM-116)----
METRICLOG/VM-116	Stage2-0-0	inputR: 0	inputP:0	output:0	inW:2026-07-15T17:55:35.290Z	ioutW:2026-07-15T17:55:35.290Z	ptime:0	dsertime:0	inbytes:0	sertime:0	outbytes:0	numKey:1683	owc:0
----- End of taks processed event ----

 INFO 07-15 18:02:27,554 CpuBottleneckDetectorImpl:63 [pool-8-thread-1] - Current cpu load: 0.0, # processed events: 0, consecutive: 0/2, threshold: 0.9 in VM-116
 INFO 07-15 18:02:28,552 SystemLoadProfiler:50 [pool-8-thread-1] - Average CPU Load: 0.0 in VM-116
 INFO 07-15 18:02:28,552 TaskEventRateCalculator:114 [pool-8-thread-1] - ---- Start of task processed event (# tasks: 1 in executor VM-116)----
METRICLOG/VM-116	Stage2-0-0	inputR: 0	inputP:0	output:0	inW:2026-07-15T17:55:35.290Z	ioutW:2026-07-15T17:55:35.290Z	ptime:0	dsertime:0	inbytes:0	sertime:0	outbytes:0	numKey:1683	owc:0
----- End of taks processed event ----

 INFO 07-15 18:02:28,552 CpuBottleneckDetectorImpl:63 [pool-8-thread-1] - Current cpu load: 0.0, # processed events: 0, consecutive: 0/2, threshold: 0.9 in VM-116
 INFO 07-15 18:02:29,552 SystemLoadProfiler:50 [pool-8-thread-1] - Average CPU Load: 0.0 in VM-116
 INFO 07-15 18:02:29,552 TaskEventRateCalculator:114 [pool-8-thread-1] - ---- Start of task processed event (# tasks: 1 in executor VM-116)----
METRICLOG/VM-116	Stage2-0-0	inputR: 0	inputP:0	output:0	inW:2026-07-15T17:55:35.290Z	ioutW:2026-07-15T17:55:35.290Z	ptime:0	dsertime:0	inbytes:0	sertime:0	outbytes:0	numKey:1683	owc:0
----- End of taks processed event ----

 INFO 07-15 18:02:29,552 CpuBottleneckDetectorImpl:63 [pool-8-thread-1] - Current cpu load: 0.0, # processed events: 0, consecutive: 0/2, threshold: 0.9 in VM-116
 INFO 07-15 18:02:30,552 SystemLoadProfiler:50 [pool-8-thread-1] - Average CPU Load: 0.0 in VM-116
 INFO 07-15 18:02:30,552 TaskEventRateCalculator:114 [pool-8-thread-1] - ---- Start of task processed event (# tasks: 1 in executor VM-116)----
METRICLOG/VM-116	Stage2-0-0	inputR: 0	inputP:0	output:0	inW:2026-07-15T17:55:35.290Z	ioutW:2026-07-15T17:55:35.290Z	ptime:0	dsertime:0	inbytes:0	sertime:0	outbytes:0	numKey:1683	owc:0
----- End of taks processed event ----

 INFO 07-15 18:02:30,552 CpuBottleneckDetectorImpl:63 [pool-8-thread-1] - Current cpu load: 0.0, # processed events: 0, consecutive: 0/2, threshold: 0.9 in VM-116
 INFO 07-15 18:02:31,552 SystemLoadProfiler:50 [pool-8-thread-1] - Average CPU Load: 0.0 in VM-116
 INFO 07-15 18:02:31,552 TaskEventRateCalculator:114 [pool-8-thread-1] - ---- Start of task processed event (# tasks: 1 in executor VM-116)----
METRICLOG/VM-116	Stage2-0-0	inputR: 0	inputP:0	output:0	inW:2026-07-15T17:55:35.290Z	ioutW:2026-07-15T17:55:35.290Z	ptime:0	dsertime:0	inbytes:0	sertime:0	outbytes:0	numKey:1683	owc:0
----- End of taks processed event ----

 INFO 07-15 18:02:31,552 CpuBottleneckDetectorImpl:63 [pool-8-thread-1] - Current cpu load: 0.0, # processed events: 0, consecutive: 0/2, threshold: 0.9 in VM-116
 INFO 07-15 18:02:32,552 SystemLoadProfiler:50 [pool-8-thread-1] - Average CPU Load: 0.0 in VM-116
 INFO 07-15 18:02:32,552 TaskEventRateCalculator:114 [pool-8-thread-1] - ---- Start of task processed event (# tasks: 1 in executor VM-116)----
METRICLOG/VM-116	Stage2-0-0	inputR: 0	inputP:0	output:0	inW:2026-07-15T17:55:35.290Z	ioutW:2026-07-15T17:55:35.290Z	ptime:0	dsertime:0	inbytes:0	sertime:0	outbytes:0	numKey:1683	owc:0
----- End of taks processed event ----

 INFO 07-15 18:02:32,552 CpuBottleneckDetectorImpl:63 [pool-8-thread-1] - Current cpu load: 0.0, # processed events: 0, consecutive: 0/2, threshold: 0.9 in VM-116
 INFO 07-15 18:02:33,552 SystemLoadProfiler:50 [pool-8-thread-1] - Average CPU Load: 0.0 in VM-116
 INFO 07-15 18:02:33,552 TaskEventRateCalculator:114 [pool-8-thread-1] - ---- Start of task processed event (# tasks: 1 in executor VM-116)----
METRICLOG/VM-116	Stage2-0-0	inputR: 0	inputP:0	output:0	inW:2026-07-15T17:55:35.290Z	ioutW:2026-07-15T17:55:35.290Z	ptime:0	dsertime:0	inbytes:0	sertime:0	outbytes:0	numKey:1683	owc:0
----- End of taks processed event ----

 INFO 07-15 18:02:33,552 CpuBottleneckDetectorImpl:63 [pool-8-thread-1] - Current cpu load: 0.0, # processed events: 0, consecutive: 0/2, threshold: 0.9 in VM-116
 INFO 07-15 18:02:34,552 SystemLoadProfiler:50 [pool-8-thread-1] - Average CPU Load: 0.0 in VM-116
 INFO 07-15 18:02:34,552 TaskEventRateCalculator:114 [pool-8-thread-1] - ---- Start of task processed event (# tasks: 1 in executor VM-116)----
METRICLOG/VM-116	Stage2-0-0	inputR: 0	inputP:0	output:0	inW:2026-07-15T17:55:35.290Z	ioutW:2026-07-15T17:55:35.290Z	ptime:0	dsertime:0	inbytes:0	sertime:0	outbytes:0	numKey:1683	owc:0
----- End of taks processed event ----

 INFO 07-15 18:02:34,552 CpuBottleneckDetectorImpl:63 [pool-8-thread-1] - Current cpu load: 0.0, # processed events: 0, consecutive: 0/2, threshold: 0.9 in VM-116
 INFO 07-15 18:02:35,551 SystemLoadProfiler:50 [pool-8-thread-1] - Average CPU Load: 0.0 in VM-116
 INFO 07-15 18:02:35,552 TaskEventRateCalculator:114 [pool-8-thread-1] - ---- Start of task processed event (# tasks: 1 in executor VM-116)----
METRICLOG/VM-116	Stage2-0-0	inputR: 0	inputP:0	output:0	inW:2026-07-15T17:55:35.290Z	ioutW:2026-07-15T17:55:35.290Z	ptime:0	dsertime:0	inbytes:0	sertime:0	outbytes:0	numKey:1683	owc:0
----- End of taks processed event ----

 INFO 07-15 18:02:35,552 CpuBottleneckDetectorImpl:63 [pool-8-thread-1] - Current cpu load: 0.0, # processed events: 0, consecutive: 0/2, threshold: 0.9 in VM-116
 INFO 07-15 18:02:36,552 SystemLoadProfiler:50 [pool-8-thread-1] - Average CPU Load: 0.0 in VM-116
 INFO 07-15 18:02:36,552 TaskEventRateCalculator:114 [pool-8-thread-1] - ---- Start of task processed event (# tasks: 1 in executor VM-116)----
METRICLOG/VM-116	Stage2-0-0	inputR: 0	inputP:0	output:0	inW:2026-07-15T17:55:35.290Z	ioutW:2026-07-15T17:55:35.290Z	ptime:0	dsertime:0	inbytes:0	sertime:0	outbytes:0	numKey:1683	owc:0
----- End of taks processed event ----

 INFO 07-15 18:02:36,552 CpuBottleneckDetectorImpl:63 [pool-8-thread-1] - Current cpu load: 0.0, # processed events: 0, consecutive: 0/2, threshold: 0.9 in VM-116
 INFO 07-15 18:02:37,552 SystemLoadProfiler:50 [pool-8-thread-1] - Average CPU Load: 0.0 in VM-116
 INFO 07-15 18:02:37,552 TaskEventRateCalculator:114 [pool-8-thread-1] - ---- Start of task processed event (# tasks: 1 in executor VM-116)----
METRICLOG/VM-116	Stage2-0-0	inputR: 0	inputP:0	output:0	inW:2026-07-15T17:55:35.290Z	ioutW:2026-07-15T17:55:35.290Z	ptime:0	dsertime:0	inbytes:0	sertime:0	outbytes:0	numKey:1683	owc:0
----- End of taks processed event ----

 INFO 07-15 18:02:37,552 CpuBottleneckDetectorImpl:63 [pool-8-thread-1] - Current cpu load: 0.0, # processed events: 0, consecutive: 0/2, threshold: 0.9 in VM-116
 INFO 07-15 18:02:38,551 SystemLoadProfiler:50 [pool-8-thread-1] - Average CPU Load: 0.0 in VM-116
 INFO 07-15 18:02:38,552 TaskEventRateCalculator:114 [pool-8-thread-1] - ---- Start of task processed event (# tasks: 1 in executor VM-116)----
METRICLOG/VM-116	Stage2-0-0	inputR: 0	inputP:0	output:0	inW:2026-07-15T17:55:35.290Z	ioutW:2026-07-15T17:55:35.290Z	ptime:0	dsertime:0	inbytes:0	sertime:0	outbytes:0	numKey:1683	owc:0
----- End of taks processed event ----

 INFO 07-15 18:02:38,552 CpuBottleneckDetectorImpl:63 [pool-8-thread-1] - Current cpu load: 0.0, # processed events: 0, consecutive: 0/2, threshold: 0.9 in VM-116
 INFO 07-15 18:02:39,551 SystemLoadProfiler:50 [pool-8-thread-1] - Average CPU Load: 0.0 in VM-116
 INFO 07-15 18:02:39,552 TaskEventRateCalculator:114 [pool-8-thread-1] - ---- Start of task processed event (# tasks: 1 in executor VM-116)----
METRICLOG/VM-116	Stage2-0-0	inputR: 0	inputP:0	output:0	inW:2026-07-15T17:55:35.290Z	ioutW:2026-07-15T17:55:35.290Z	ptime:0	dsertime:0	inbytes:0	sertime:0	outbytes:0	numKey:1683	owc:0
----- End of taks processed event ----

 INFO 07-15 18:02:39,552 CpuBottleneckDetectorImpl:63 [pool-8-thread-1] - Current cpu load: 0.0, # processed events: 0, consecutive: 0/2, threshold: 0.9 in VM-116
 INFO 07-15 18:02:40,552 SystemLoadProfiler:50 [pool-8-thread-1] - Average CPU Load: 0.0 in VM-116
 INFO 07-15 18:02:40,552 TaskEventRateCalculator:114 [pool-8-thread-1] - ---- Start of task processed event (# tasks: 1 in executor VM-116)----
METRICLOG/VM-116	Stage2-0-0	inputR: 0	inputP:0	output:0	inW:2026-07-15T17:55:35.290Z	ioutW:2026-07-15T17:55:35.290Z	ptime:0	dsertime:0	inbytes:0	sertime:0	outbytes:0	numKey:1683	owc:0
----- End of taks processed event ----

 INFO 07-15 18:02:40,552 CpuBottleneckDetectorImpl:63 [pool-8-thread-1] - Current cpu load: 0.0, # processed events: 0, consecutive: 0/2, threshold: 0.9 in VM-116
 INFO 07-15 18:02:41,552 SystemLoadProfiler:50 [pool-8-thread-1] - Average CPU Load: 0.0 in VM-116
 INFO 07-15 18:02:41,552 TaskEventRateCalculator:114 [pool-8-thread-1] - ---- Start of task processed event (# tasks: 1 in executor VM-116)----
METRICLOG/VM-116	Stage2-0-0	inputR: 0	inputP:0	output:0	inW:2026-07-15T17:55:35.290Z	ioutW:2026-07-15T17:55:35.290Z	ptime:0	dsertime:0	inbytes:0	sertime:0	outbytes:0	numKey:1683	owc:0
----- End of taks processed event ----

 INFO 07-15 18:02:41,552 CpuBottleneckDetectorImpl:63 [pool-8-thread-1] - Current cpu load: 0.0, # processed events: 0, consecutive: 0/2, threshold: 0.9 in VM-116
 INFO 07-15 18:02:42,552 SystemLoadProfiler:50 [pool-8-thread-1] - Average CPU Load: 0.0 in VM-116
 INFO 07-15 18:02:42,552 TaskEventRateCalculator:114 [pool-8-thread-1] - ---- Start of task processed event (# tasks: 1 in executor VM-116)----
METRICLOG/VM-116	Stage2-0-0	inputR: 0	inputP:0	output:0	inW:2026-07-15T17:55:35.290Z	ioutW:2026-07-15T17:55:35.290Z	ptime:0	dsertime:0	inbytes:0	sertime:0	outbytes:0	numKey:1683	owc:0
----- End of taks processed event ----

 INFO 07-15 18:02:42,552 CpuBottleneckDetectorImpl:63 [pool-8-thread-1] - Current cpu load: 0.0, # processed events: 0, consecutive: 0/2, threshold: 0.9 in VM-116
 INFO 07-15 18:02:43,552 SystemLoadProfiler:50 [pool-8-thread-1] - Average CPU Load: 0.0 in VM-116
 INFO 07-15 18:02:43,552 TaskEventRateCalculator:114 [pool-8-thread-1] - ---- Start of task processed event (# tasks: 1 in executor VM-116)----
METRICLOG/VM-116	Stage2-0-0	inputR: 0	inputP:0	output:0	inW:2026-07-15T17:55:35.290Z	ioutW:2026-07-15T17:55:35.290Z	ptime:0	dsertime:0	inbytes:0	sertime:0	outbytes:0	numKey:1683	owc:0
----- End of taks processed event ----

 INFO 07-15 18:02:43,552 CpuBottleneckDetectorImpl:63 [pool-8-thread-1] - Current cpu load: 0.0, # processed events: 0, consecutive: 0/2, threshold: 0.9 in VM-116
 INFO 07-15 18:02:44,551 SystemLoadProfiler:50 [pool-8-thread-1] - Average CPU Load: 0.0 in VM-116
 INFO 07-15 18:02:44,552 TaskEventRateCalculator:114 [pool-8-thread-1] - ---- Start of task processed event (# tasks: 1 in executor VM-116)----
METRICLOG/VM-116	Stage2-0-0	inputR: 0	inputP:0	output:0	inW:2026-07-15T17:55:35.290Z	ioutW:2026-07-15T17:55:35.290Z	ptime:0	dsertime:0	inbytes:0	sertime:0	outbytes:0	numKey:1683	owc:0
----- End of taks processed event ----

 INFO 07-15 18:02:44,552 CpuBottleneckDetectorImpl:63 [pool-8-thread-1] - Current cpu load: 0.0, # processed events: 0, consecutive: 0/2, threshold: 0.9 in VM-116
 INFO 07-15 18:02:45,551 SystemLoadProfiler:50 [pool-8-thread-1] - Average CPU Load: 0.0 in VM-116
 INFO 07-15 18:02:45,552 TaskEventRateCalculator:114 [pool-8-thread-1] - ---- Start of task processed event (# tasks: 1 in executor VM-116)----
METRICLOG/VM-116	Stage2-0-0	inputR: 0	inputP:0	output:0	inW:2026-07-15T17:55:35.290Z	ioutW:2026-07-15T17:55:35.290Z	ptime:0	dsertime:0	inbytes:0	sertime:0	outbytes:0	numKey:1683	owc:0
----- End of taks processed event ----

 INFO 07-15 18:02:45,552 CpuBottleneckDetectorImpl:63 [pool-8-thread-1] - Current cpu load: 0.0, # processed events: 0, consecutive: 0/2, threshold: 0.9 in VM-116
 INFO 07-15 18:02:46,552 SystemLoadProfiler:50 [pool-8-thread-1] - Average CPU Load: 0.0 in VM-116
 INFO 07-15 18:02:46,552 TaskEventRateCalculator:114 [pool-8-thread-1] - ---- Start of task processed event (# tasks: 1 in executor VM-116)----
METRICLOG/VM-116	Stage2-0-0	inputR: 0	inputP:0	output:0	inW:2026-07-15T17:55:35.290Z	ioutW:2026-07-15T17:55:35.290Z	ptime:0	dsertime:0	inbytes:0	sertime:0	outbytes:0	numKey:1683	owc:0
----- End of taks processed event ----

 INFO 07-15 18:02:46,552 CpuBottleneckDetectorImpl:63 [pool-8-thread-1] - Current cpu load: 0.0, # processed events: 0, consecutive: 0/2, threshold: 0.9 in VM-116
 INFO 07-15 18:02:47,552 SystemLoadProfiler:50 [pool-8-thread-1] - Average CPU Load: 0.0 in VM-116
 INFO 07-15 18:02:47,552 TaskEventRateCalculator:114 [pool-8-thread-1] - ---- Start of task processed event (# tasks: 1 in executor VM-116)----
METRICLOG/VM-116	Stage2-0-0	inputR: 0	inputP:0	output:0	inW:2026-07-15T17:55:35.290Z	ioutW:2026-07-15T17:55:35.290Z	ptime:0	dsertime:0	inbytes:0	sertime:0	outbytes:0	numKey:1683	owc:0
----- End of taks processed event ----

 INFO 07-15 18:02:47,552 CpuBottleneckDetectorImpl:63 [pool-8-thread-1] - Current cpu load: 0.0, # processed events: 0, consecutive: 0/2, threshold: 0.9 in VM-116
 INFO 07-15 18:02:48,552 SystemLoadProfiler:50 [pool-8-thread-1] - Average CPU Load: 0.0 in VM-116
 INFO 07-15 18:02:48,552 TaskEventRateCalculator:114 [pool-8-thread-1] - ---- Start of task processed event (# tasks: 1 in executor VM-116)----
METRICLOG/VM-116	Stage2-0-0	inputR: 0	inputP:0	output:0	inW:2026-07-15T17:55:35.290Z	ioutW:2026-07-15T17:55:35.290Z	ptime:0	dsertime:0	inbytes:0	sertime:0	outbytes:0	numKey:1683	owc:0
----- End of taks processed event ----

 INFO 07-15 18:02:48,552 CpuBottleneckDetectorImpl:63 [pool-8-thread-1] - Current cpu load: 0.0, # processed events: 0, consecutive: 0/2, threshold: 0.9 in VM-116
 INFO 07-15 18:02:49,552 SystemLoadProfiler:50 [pool-8-thread-1] - Average CPU Load: 0.0 in VM-116
 INFO 07-15 18:02:49,552 TaskEventRateCalculator:114 [pool-8-thread-1] - ---- Start of task processed event (# tasks: 1 in executor VM-116)----
METRICLOG/VM-116	Stage2-0-0	inputR: 0	inputP:0	output:0	inW:2026-07-15T17:55:35.290Z	ioutW:2026-07-15T17:55:35.290Z	ptime:0	dsertime:0	inbytes:0	sertime:0	outbytes:0	numKey:1683	owc:0
----- End of taks processed event ----

 INFO 07-15 18:02:49,552 CpuBottleneckDetectorImpl:63 [pool-8-thread-1] - Current cpu load: 0.0, # processed events: 0, consecutive: 0/2, threshold: 0.9 in VM-116
 INFO 07-15 18:02:50,552 SystemLoadProfiler:50 [pool-8-thread-1] - Average CPU Load: 0.0 in VM-116
 INFO 07-15 18:02:50,552 TaskEventRateCalculator:114 [pool-8-thread-1] - ---- Start of task processed event (# tasks: 1 in executor VM-116)----
METRICLOG/VM-116	Stage2-0-0	inputR: 0	inputP:0	output:0	inW:2026-07-15T17:55:35.290Z	ioutW:2026-07-15T17:55:35.290Z	ptime:0	dsertime:0	inbytes:0	sertime:0	outbytes:0	numKey:1683	owc:0
----- End of taks processed event ----

 INFO 07-15 18:02:50,552 CpuBottleneckDetectorImpl:63 [pool-8-thread-1] - Current cpu load: 0.0, # processed events: 0, consecutive: 0/2, threshold: 0.9 in VM-116
 INFO 07-15 18:02:51,552 SystemLoadProfiler:50 [pool-8-thread-1] - Average CPU Load: 0.0 in VM-116
 INFO 07-15 18:02:51,552 TaskEventRateCalculator:114 [pool-8-thread-1] - ---- Start of task processed event (# tasks: 1 in executor VM-116)----
METRICLOG/VM-116	Stage2-0-0	inputR: 0	inputP:0	output:0	inW:2026-07-15T17:55:35.290Z	ioutW:2026-07-15T17:55:35.290Z	ptime:0	dsertime:0	inbytes:0	sertime:0	outbytes:0	numKey:1683	owc:0
----- End of taks processed event ----

 INFO 07-15 18:02:51,552 CpuBottleneckDetectorImpl:63 [pool-8-thread-1] - Current cpu load: 0.0, # processed events: 0, consecutive: 0/2, threshold: 0.9 in VM-116
 INFO 07-15 18:02:52,552 SystemLoadProfiler:50 [pool-8-thread-1] - Average CPU Load: 0.0 in VM-116
 INFO 07-15 18:02:52,552 TaskEventRateCalculator:114 [pool-8-thread-1] - ---- Start of task processed event (# tasks: 1 in executor VM-116)----
METRICLOG/VM-116	Stage2-0-0	inputR: 0	inputP:0	output:0	inW:2026-07-15T17:55:35.290Z	ioutW:2026-07-15T17:55:35.290Z	ptime:0	dsertime:0	inbytes:0	sertime:0	outbytes:0	numKey:1683	owc:0
----- End of taks processed event ----

 INFO 07-15 18:02:52,552 CpuBottleneckDetectorImpl:63 [pool-8-thread-1] - Current cpu load: 0.0, # processed events: 0, consecutive: 0/2, threshold: 0.9 in VM-116
 INFO 07-15 18:02:53,552 SystemLoadProfiler:50 [pool-8-thread-1] - Average CPU Load: 0.0 in VM-116
 INFO 07-15 18:02:53,552 TaskEventRateCalculator:114 [pool-8-thread-1] - ---- Start of task processed event (# tasks: 1 in executor VM-116)----
METRICLOG/VM-116	Stage2-0-0	inputR: 0	inputP:0	output:0	inW:2026-07-15T17:55:35.290Z	ioutW:2026-07-15T17:55:35.290Z	ptime:0	dsertime:0	inbytes:0	sertime:0	outbytes:0	numKey:1683	owc:0
----- End of taks processed event ----

 INFO 07-15 18:02:53,552 CpuBottleneckDetectorImpl:63 [pool-8-thread-1] - Current cpu load: 0.0, # processed events: 0, consecutive: 0/2, threshold: 0.9 in VM-116
 INFO 07-15 18:02:54,552 SystemLoadProfiler:50 [pool-8-thread-1] - Average CPU Load: 0.0 in VM-116
 INFO 07-15 18:02:54,552 TaskEventRateCalculator:114 [pool-8-thread-1] - ---- Start of task processed event (# tasks: 1 in executor VM-116)----
METRICLOG/VM-116	Stage2-0-0	inputR: 0	inputP:0	output:0	inW:2026-07-15T17:55:35.290Z	ioutW:2026-07-15T17:55:35.290Z	ptime:0	dsertime:0	inbytes:0	sertime:0	outbytes:0	numKey:1683	owc:0
----- End of taks processed event ----

 INFO 07-15 18:02:54,552 CpuBottleneckDetectorImpl:63 [pool-8-thread-1] - Current cpu load: 0.0, # processed events: 0, consecutive: 0/2, threshold: 0.9 in VM-116
 INFO 07-15 18:02:55,551 SystemLoadProfiler:50 [pool-8-thread-1] - Average CPU Load: 0.0 in VM-116
 INFO 07-15 18:02:55,552 TaskEventRateCalculator:114 [pool-8-thread-1] - ---- Start of task processed event (# tasks: 1 in executor VM-116)----
METRICLOG/VM-116	Stage2-0-0	inputR: 0	inputP:0	output:0	inW:2026-07-15T17:55:35.290Z	ioutW:2026-07-15T17:55:35.290Z	ptime:0	dsertime:0	inbytes:0	sertime:0	outbytes:0	numKey:1683	owc:0
----- End of taks processed event ----

 INFO 07-15 18:02:55,552 CpuBottleneckDetectorImpl:63 [pool-8-thread-1] - Current cpu load: 0.0, # processed events: 0, consecutive: 0/2, threshold: 0.9 in VM-116
 INFO 07-15 18:02:56,552 SystemLoadProfiler:50 [pool-8-thread-1] - Average CPU Load: 0.0 in VM-116
 INFO 07-15 18:02:56,552 TaskEventRateCalculator:114 [pool-8-thread-1] - ---- Start of task processed event (# tasks: 1 in executor VM-116)----
METRICLOG/VM-116	Stage2-0-0	inputR: 0	inputP:0	output:0	inW:2026-07-15T17:55:35.290Z	ioutW:2026-07-15T17:55:35.290Z	ptime:0	dsertime:0	inbytes:0	sertime:0	outbytes:0	numKey:1683	owc:0
----- End of taks processed event ----

 INFO 07-15 18:02:56,552 CpuBottleneckDetectorImpl:63 [pool-8-thread-1] - Current cpu load: 0.0, # processed events: 0, consecutive: 0/2, threshold: 0.9 in VM-116
 INFO 07-15 18:02:57,552 SystemLoadProfiler:50 [pool-8-thread-1] - Average CPU Load: 0.0 in VM-116
 INFO 07-15 18:02:57,552 TaskEventRateCalculator:114 [pool-8-thread-1] - ---- Start of task processed event (# tasks: 1 in executor VM-116)----
METRICLOG/VM-116	Stage2-0-0	inputR: 0	inputP:0	output:0	inW:2026-07-15T17:55:35.290Z	ioutW:2026-07-15T17:55:35.290Z	ptime:0	dsertime:0	inbytes:0	sertime:0	outbytes:0	numKey:1683	owc:0
----- End of taks processed event ----

 INFO 07-15 18:02:57,552 CpuBottleneckDetectorImpl:63 [pool-8-thread-1] - Current cpu load: 0.0, # processed events: 0, consecutive: 0/2, threshold: 0.9 in VM-116
 INFO 07-15 18:02:58,552 SystemLoadProfiler:50 [pool-8-thread-1] - Average CPU Load: 0.0 in VM-116
 INFO 07-15 18:02:58,552 TaskEventRateCalculator:114 [pool-8-thread-1] - ---- Start of task processed event (# tasks: 1 in executor VM-116)----
METRICLOG/VM-116	Stage2-0-0	inputR: 0	inputP:0	output:0	inW:2026-07-15T17:55:35.290Z	ioutW:2026-07-15T17:55:35.290Z	ptime:0	dsertime:0	inbytes:0	sertime:0	outbytes:0	numKey:1683	owc:0
----- End of taks processed event ----

 INFO 07-15 18:02:58,552 CpuBottleneckDetectorImpl:63 [pool-8-thread-1] - Current cpu load: 0.0, # processed events: 0, consecutive: 0/2, threshold: 0.9 in VM-116
 INFO 07-15 18:02:59,552 SystemLoadProfiler:50 [pool-8-thread-1] - Average CPU Load: 0.0 in VM-116
 INFO 07-15 18:02:59,552 TaskEventRateCalculator:114 [pool-8-thread-1] - ---- Start of task processed event (# tasks: 1 in executor VM-116)----
METRICLOG/VM-116	Stage2-0-0	inputR: 0	inputP:0	output:0	inW:2026-07-15T17:55:35.290Z	ioutW:2026-07-15T17:55:35.290Z	ptime:0	dsertime:0	inbytes:0	sertime:0	outbytes:0	numKey:1683	owc:0
----- End of taks processed event ----

 INFO 07-15 18:02:59,552 CpuBottleneckDetectorImpl:63 [pool-8-thread-1] - Current cpu load: 0.0, # processed events: 0, consecutive: 0/2, threshold: 0.9 in VM-116
 INFO 07-15 18:03:00,552 SystemLoadProfiler:50 [pool-8-thread-1] - Average CPU Load: 0.0 in VM-116
 INFO 07-15 18:03:00,552 TaskEventRateCalculator:114 [pool-8-thread-1] - ---- Start of task processed event (# tasks: 1 in executor VM-116)----
METRICLOG/VM-116	Stage2-0-0	inputR: 0	inputP:0	output:0	inW:2026-07-15T17:55:35.290Z	ioutW:2026-07-15T17:55:35.290Z	ptime:0	dsertime:0	inbytes:0	sertime:0	outbytes:0	numKey:1683	owc:0
----- End of taks processed event ----

 INFO 07-15 18:03:00,552 CpuBottleneckDetectorImpl:63 [pool-8-thread-1] - Current cpu load: 0.0, # processed events: 0, consecutive: 0/2, threshold: 0.9 in VM-116
 INFO 07-15 18:03:01,552 SystemLoadProfiler:50 [pool-8-thread-1] - Average CPU Load: 0.0 in VM-116
 INFO 07-15 18:03:01,552 TaskEventRateCalculator:114 [pool-8-thread-1] - ---- Start of task processed event (# tasks: 1 in executor VM-116)----
METRICLOG/VM-116	Stage2-0-0	inputR: 0	inputP:0	output:0	inW:2026-07-15T17:55:35.290Z	ioutW:2026-07-15T17:55:35.290Z	ptime:0	dsertime:0	inbytes:0	sertime:0	outbytes:0	numKey:1683	owc:0
----- End of taks processed event ----

 INFO 07-15 18:03:01,552 CpuBottleneckDetectorImpl:63 [pool-8-thread-1] - Current cpu load: 0.0, # processed events: 0, consecutive: 0/2, threshold: 0.9 in VM-116
 INFO 07-15 18:03:02,552 SystemLoadProfiler:50 [pool-8-thread-1] - Average CPU Load: 0.0 in VM-116
 INFO 07-15 18:03:02,552 TaskEventRateCalculator:114 [pool-8-thread-1] - ---- Start of task processed event (# tasks: 1 in executor VM-116)----
METRICLOG/VM-116	Stage2-0-0	inputR: 0	inputP:0	output:0	inW:2026-07-15T17:55:35.290Z	ioutW:2026-07-15T17:55:35.290Z	ptime:0	dsertime:0	inbytes:0	sertime:0	outbytes:0	numKey:1683	owc:0
----- End of taks processed event ----

 INFO 07-15 18:03:02,552 CpuBottleneckDetectorImpl:63 [pool-8-thread-1] - Current cpu load: 0.0, # processed events: 0, consecutive: 0/2, threshold: 0.9 in VM-116
 INFO 07-15 18:03:03,552 SystemLoadProfiler:50 [pool-8-thread-1] - Average CPU Load: 0.0 in VM-116
 INFO 07-15 18:03:03,552 TaskEventRateCalculator:114 [pool-8-thread-1] - ---- Start of task processed event (# tasks: 1 in executor VM-116)----
METRICLOG/VM-116	Stage2-0-0	inputR: 0	inputP:0	output:0	inW:2026-07-15T17:55:35.290Z	ioutW:2026-07-15T17:55:35.290Z	ptime:0	dsertime:0	inbytes:0	sertime:0	outbytes:0	numKey:1683	owc:0
----- End of taks processed event ----

 INFO 07-15 18:03:03,552 CpuBottleneckDetectorImpl:63 [pool-8-thread-1] - Current cpu load: 0.0, # processed events: 0, consecutive: 0/2, threshold: 0.9 in VM-116
 INFO 07-15 18:03:04,552 SystemLoadProfiler:50 [pool-8-thread-1] - Average CPU Load: 0.0 in VM-116
 INFO 07-15 18:03:04,552 TaskEventRateCalculator:114 [pool-8-thread-1] - ---- Start of task processed event (# tasks: 1 in executor VM-116)----
METRICLOG/VM-116	Stage2-0-0	inputR: 0	inputP:0	output:0	inW:2026-07-15T17:55:35.290Z	ioutW:2026-07-15T17:55:35.290Z	ptime:0	dsertime:0	inbytes:0	sertime:0	outbytes:0	numKey:1683	owc:0
----- End of taks processed event ----

 INFO 07-15 18:03:04,552 CpuBottleneckDetectorImpl:63 [pool-8-thread-1] - Current cpu load: 0.0, # processed events: 0, consecutive: 0/2, threshold: 0.9 in VM-116
 INFO 07-15 18:03:05,552 SystemLoadProfiler:50 [pool-8-thread-1] - Average CPU Load: 0.0 in VM-116
 INFO 07-15 18:03:05,552 TaskEventRateCalculator:114 [pool-8-thread-1] - ---- Start of task processed event (# tasks: 1 in executor VM-116)----
METRICLOG/VM-116	Stage2-0-0	inputR: 0	inputP:0	output:0	inW:2026-07-15T17:55:35.290Z	ioutW:2026-07-15T17:55:35.290Z	ptime:0	dsertime:0	inbytes:0	sertime:0	outbytes:0	numKey:1683	owc:0
----- End of taks processed event ----

 INFO 07-15 18:03:05,552 CpuBottleneckDetectorImpl:63 [pool-8-thread-1] - Current cpu load: 0.0, # processed events: 0, consecutive: 0/2, threshold: 0.9 in VM-116
 INFO 07-15 18:03:06,552 SystemLoadProfiler:50 [pool-8-thread-1] - Average CPU Load: 0.0 in VM-116
 INFO 07-15 18:03:06,552 TaskEventRateCalculator:114 [pool-8-thread-1] - ---- Start of task processed event (# tasks: 1 in executor VM-116)----
METRICLOG/VM-116	Stage2-0-0	inputR: 0	inputP:0	output:0	inW:2026-07-15T17:55:35.290Z	ioutW:2026-07-15T17:55:35.290Z	ptime:0	dsertime:0	inbytes:0	sertime:0	outbytes:0	numKey:1683	owc:0
----- End of taks processed event ----

 INFO 07-15 18:03:06,552 CpuBottleneckDetectorImpl:63 [pool-8-thread-1] - Current cpu load: 0.0, # processed events: 0, consecutive: 0/2, threshold: 0.9 in VM-116
 INFO 07-15 18:03:07,552 SystemLoadProfiler:50 [pool-8-thread-1] - Average CPU Load: 0.0 in VM-116
 INFO 07-15 18:03:07,552 TaskEventRateCalculator:114 [pool-8-thread-1] - ---- Start of task processed event (# tasks: 1 in executor VM-116)----
METRICLOG/VM-116	Stage2-0-0	inputR: 0	inputP:0	output:0	inW:2026-07-15T17:55:35.290Z	ioutW:2026-07-15T17:55:35.290Z	ptime:0	dsertime:0	inbytes:0	sertime:0	outbytes:0	numKey:1683	owc:0
----- End of taks processed event ----

 INFO 07-15 18:03:07,552 CpuBottleneckDetectorImpl:63 [pool-8-thread-1] - Current cpu load: 0.0, # processed events: 0, consecutive: 0/2, threshold: 0.9 in VM-116
 INFO 07-15 18:03:08,552 SystemLoadProfiler:50 [pool-8-thread-1] - Average CPU Load: 0.0 in VM-116
 INFO 07-15 18:03:08,552 TaskEventRateCalculator:114 [pool-8-thread-1] - ---- Start of task processed event (# tasks: 1 in executor VM-116)----
METRICLOG/VM-116	Stage2-0-0	inputR: 0	inputP:0	output:0	inW:2026-07-15T17:55:35.290Z	ioutW:2026-07-15T17:55:35.290Z	ptime:0	dsertime:0	inbytes:0	sertime:0	outbytes:0	numKey:1683	owc:0
----- End of taks processed event ----

 INFO 07-15 18:03:08,552 CpuBottleneckDetectorImpl:63 [pool-8-thread-1] - Current cpu load: 0.0, # processed events: 0, consecutive: 0/2, threshold: 0.9 in VM-116
 INFO 07-15 18:03:09,552 SystemLoadProfiler:50 [pool-8-thread-1] - Average CPU Load: 0.0 in VM-116
 INFO 07-15 18:03:09,552 TaskEventRateCalculator:114 [pool-8-thread-1] - ---- Start of task processed event (# tasks: 1 in executor VM-116)----
METRICLOG/VM-116	Stage2-0-0	inputR: 0	inputP:0	output:0	inW:2026-07-15T17:55:35.290Z	ioutW:2026-07-15T17:55:35.290Z	ptime:0	dsertime:0	inbytes:0	sertime:0	outbytes:0	numKey:1683	owc:0
----- End of taks processed event ----

 INFO 07-15 18:03:09,552 CpuBottleneckDetectorImpl:63 [pool-8-thread-1] - Current cpu load: 0.0, # processed events: 0, consecutive: 0/2, threshold: 0.9 in VM-116
 INFO 07-15 18:03:10,552 SystemLoadProfiler:50 [pool-8-thread-1] - Average CPU Load: 0.0 in VM-116
 INFO 07-15 18:03:10,552 TaskEventRateCalculator:114 [pool-8-thread-1] - ---- Start of task processed event (# tasks: 1 in executor VM-116)----
METRICLOG/VM-116	Stage2-0-0	inputR: 0	inputP:0	output:0	inW:2026-07-15T17:55:35.290Z	ioutW:2026-07-15T17:55:35.290Z	ptime:0	dsertime:0	inbytes:0	sertime:0	outbytes:0	numKey:1683	owc:0
----- End of taks processed event ----

 INFO 07-15 18:03:10,552 CpuBottleneckDetectorImpl:63 [pool-8-thread-1] - Current cpu load: 0.0, # processed events: 0, consecutive: 0/2, threshold: 0.9 in VM-116
 INFO 07-15 18:03:11,552 SystemLoadProfiler:50 [pool-8-thread-1] - Average CPU Load: 0.0 in VM-116
 INFO 07-15 18:03:11,552 TaskEventRateCalculator:114 [pool-8-thread-1] - ---- Start of task processed event (# tasks: 1 in executor VM-116)----
METRICLOG/VM-116	Stage2-0-0	inputR: 0	inputP:0	output:0	inW:2026-07-15T17:55:35.290Z	ioutW:2026-07-15T17:55:35.290Z	ptime:0	dsertime:0	inbytes:0	sertime:0	outbytes:0	numKey:1683	owc:0
----- End of taks processed event ----

 INFO 07-15 18:03:11,552 CpuBottleneckDetectorImpl:63 [pool-8-thread-1] - Current cpu load: 0.0, # processed events: 0, consecutive: 0/2, threshold: 0.9 in VM-116
 INFO 07-15 18:03:12,552 SystemLoadProfiler:50 [pool-8-thread-1] - Average CPU Load: 0.0 in VM-116
 INFO 07-15 18:03:12,552 TaskEventRateCalculator:114 [pool-8-thread-1] - ---- Start of task processed event (# tasks: 1 in executor VM-116)----
METRICLOG/VM-116	Stage2-0-0	inputR: 0	inputP:0	output:0	inW:2026-07-15T17:55:35.290Z	ioutW:2026-07-15T17:55:35.290Z	ptime:0	dsertime:0	inbytes:0	sertime:0	outbytes:0	numKey:1683	owc:0
----- End of taks processed event ----

 INFO 07-15 18:03:12,552 CpuBottleneckDetectorImpl:63 [pool-8-thread-1] - Current cpu load: 0.0, # processed events: 0, consecutive: 0/2, threshold: 0.9 in VM-116
 INFO 07-15 18:03:13,552 SystemLoadProfiler:50 [pool-8-thread-1] - Average CPU Load: 0.0 in VM-116
 INFO 07-15 18:03:13,552 TaskEventRateCalculator:114 [pool-8-thread-1] - ---- Start of task processed event (# tasks: 1 in executor VM-116)----
METRICLOG/VM-116	Stage2-0-0	inputR: 0	inputP:0	output:0	inW:2026-07-15T17:55:35.290Z	ioutW:2026-07-15T17:55:35.290Z	ptime:0	dsertime:0	inbytes:0	sertime:0	outbytes:0	numKey:1683	owc:0
----- End of taks processed event ----

 INFO 07-15 18:03:13,552 CpuBottleneckDetectorImpl:63 [pool-8-thread-1] - Current cpu load: 0.0, # processed events: 0, consecutive: 0/2, threshold: 0.9 in VM-116
 INFO 07-15 18:03:14,552 SystemLoadProfiler:50 [pool-8-thread-1] - Average CPU Load: 0.0 in VM-116
 INFO 07-15 18:03:14,552 TaskEventRateCalculator:114 [pool-8-thread-1] - ---- Start of task processed event (# tasks: 1 in executor VM-116)----
METRICLOG/VM-116	Stage2-0-0	inputR: 0	inputP:0	output:0	inW:2026-07-15T17:55:35.290Z	ioutW:2026-07-15T17:55:35.290Z	ptime:0	dsertime:0	inbytes:0	sertime:0	outbytes:0	numKey:1683	owc:0
----- End of taks processed event ----

 INFO 07-15 18:03:14,552 CpuBottleneckDetectorImpl:63 [pool-8-thread-1] - Current cpu load: 0.0, # processed events: 0, consecutive: 0/2, threshold: 0.9 in VM-116
 INFO 07-15 18:03:15,552 SystemLoadProfiler:50 [pool-8-thread-1] - Average CPU Load: 0.0 in VM-116
 INFO 07-15 18:03:15,552 TaskEventRateCalculator:114 [pool-8-thread-1] - ---- Start of task processed event (# tasks: 1 in executor VM-116)----
METRICLOG/VM-116	Stage2-0-0	inputR: 0	inputP:0	output:0	inW:2026-07-15T17:55:35.290Z	ioutW:2026-07-15T17:55:35.290Z	ptime:0	dsertime:0	inbytes:0	sertime:0	outbytes:0	numKey:1683	owc:0
----- End of taks processed event ----

 INFO 07-15 18:03:15,552 CpuBottleneckDetectorImpl:63 [pool-8-thread-1] - Current cpu load: 0.0, # processed events: 0, consecutive: 0/2, threshold: 0.9 in VM-116
 INFO 07-15 18:03:16,552 SystemLoadProfiler:50 [pool-8-thread-1] - Average CPU Load: 0.0 in VM-116
 INFO 07-15 18:03:16,552 TaskEventRateCalculator:114 [pool-8-thread-1] - ---- Start of task processed event (# tasks: 1 in executor VM-116)----
METRICLOG/VM-116	Stage2-0-0	inputR: 0	inputP:0	output:0	inW:2026-07-15T17:55:35.290Z	ioutW:2026-07-15T17:55:35.290Z	ptime:0	dsertime:0	inbytes:0	sertime:0	outbytes:0	numKey:1683	owc:0
----- End of taks processed event ----

 INFO 07-15 18:03:16,553 CpuBottleneckDetectorImpl:63 [pool-8-thread-1] - Current cpu load: 0.0, # processed events: 0, consecutive: 0/2, threshold: 0.9 in VM-116
 INFO 07-15 18:03:17,552 SystemLoadProfiler:50 [pool-8-thread-1] - Average CPU Load: 0.0 in VM-116
 INFO 07-15 18:03:17,552 TaskEventRateCalculator:114 [pool-8-thread-1] - ---- Start of task processed event (# tasks: 1 in executor VM-116)----
METRICLOG/VM-116	Stage2-0-0	inputR: 0	inputP:0	output:0	inW:2026-07-15T17:55:35.290Z	ioutW:2026-07-15T17:55:35.290Z	ptime:0	dsertime:0	inbytes:0	sertime:0	outbytes:0	numKey:1683	owc:0
----- End of taks processed event ----

 INFO 07-15 18:03:17,552 CpuBottleneckDetectorImpl:63 [pool-8-thread-1] - Current cpu load: 0.0, # processed events: 0, consecutive: 0/2, threshold: 0.9 in VM-116
 INFO 07-15 18:03:18,552 SystemLoadProfiler:50 [pool-8-thread-1] - Average CPU Load: 0.0 in VM-116
 INFO 07-15 18:03:18,552 TaskEventRateCalculator:114 [pool-8-thread-1] - ---- Start of task processed event (# tasks: 1 in executor VM-116)----
METRICLOG/VM-116	Stage2-0-0	inputR: 0	inputP:0	output:0	inW:2026-07-15T17:55:35.290Z	ioutW:2026-07-15T17:55:35.290Z	ptime:0	dsertime:0	inbytes:0	sertime:0	outbytes:0	numKey:1683	owc:0
----- End of taks processed event ----

 INFO 07-15 18:03:18,552 CpuBottleneckDetectorImpl:63 [pool-8-thread-1] - Current cpu load: 0.0, # processed events: 0, consecutive: 0/2, threshold: 0.9 in VM-116
 INFO 07-15 18:03:19,552 SystemLoadProfiler:50 [pool-8-thread-1] - Average CPU Load: 0.0 in VM-116
 INFO 07-15 18:03:19,552 TaskEventRateCalculator:114 [pool-8-thread-1] - ---- Start of task processed event (# tasks: 1 in executor VM-116)----
METRICLOG/VM-116	Stage2-0-0	inputR: 0	inputP:0	output:0	inW:2026-07-15T17:55:35.290Z	ioutW:2026-07-15T17:55:35.290Z	ptime:0	dsertime:0	inbytes:0	sertime:0	outbytes:0	numKey:1683	owc:0
----- End of taks processed event ----

 INFO 07-15 18:03:19,552 CpuBottleneckDetectorImpl:63 [pool-8-thread-1] - Current cpu load: 0.0, # processed events: 0, consecutive: 0/2, threshold: 0.9 in VM-116
 INFO 07-15 18:03:20,552 SystemLoadProfiler:50 [pool-8-thread-1] - Average CPU Load: 0.0 in VM-116
 INFO 07-15 18:03:20,552 TaskEventRateCalculator:114 [pool-8-thread-1] - ---- Start of task processed event (# tasks: 1 in executor VM-116)----
METRICLOG/VM-116	Stage2-0-0	inputR: 0	inputP:0	output:0	inW:2026-07-15T17:55:35.290Z	ioutW:2026-07-15T17:55:35.290Z	ptime:0	dsertime:0	inbytes:0	sertime:0	outbytes:0	numKey:1683	owc:0
----- End of taks processed event ----

 INFO 07-15 18:03:20,552 CpuBottleneckDetectorImpl:63 [pool-8-thread-1] - Current cpu load: 0.0, # processed events: 0, consecutive: 0/2, threshold: 0.9 in VM-116
 INFO 07-15 18:03:21,552 SystemLoadProfiler:50 [pool-8-thread-1] - Average CPU Load: 0.0 in VM-116
 INFO 07-15 18:03:21,552 TaskEventRateCalculator:114 [pool-8-thread-1] - ---- Start of task processed event (# tasks: 1 in executor VM-116)----
METRICLOG/VM-116	Stage2-0-0	inputR: 0	inputP:0	output:0	inW:2026-07-15T17:55:35.290Z	ioutW:2026-07-15T17:55:35.290Z	ptime:0	dsertime:0	inbytes:0	sertime:0	outbytes:0	numKey:1683	owc:0
----- End of taks processed event ----

 INFO 07-15 18:03:21,552 CpuBottleneckDetectorImpl:63 [pool-8-thread-1] - Current cpu load: 0.0, # processed events: 0, consecutive: 0/2, threshold: 0.9 in VM-116
 INFO 07-15 18:03:22,552 SystemLoadProfiler:50 [pool-8-thread-1] - Average CPU Load: 0.0 in VM-116
 INFO 07-15 18:03:22,552 TaskEventRateCalculator:114 [pool-8-thread-1] - ---- Start of task processed event (# tasks: 1 in executor VM-116)----
METRICLOG/VM-116	Stage2-0-0	inputR: 0	inputP:0	output:0	inW:2026-07-15T17:55:35.290Z	ioutW:2026-07-15T17:55:35.290Z	ptime:0	dsertime:0	inbytes:0	sertime:0	outbytes:0	numKey:1683	owc:0
----- End of taks processed event ----

 INFO 07-15 18:03:22,552 CpuBottleneckDetectorImpl:63 [pool-8-thread-1] - Current cpu load: 0.0, # processed events: 0, consecutive: 0/2, threshold: 0.9 in VM-116
 INFO 07-15 18:03:23,552 SystemLoadProfiler:50 [pool-8-thread-1] - Average CPU Load: 0.0 in VM-116
 INFO 07-15 18:03:23,552 TaskEventRateCalculator:114 [pool-8-thread-1] - ---- Start of task processed event (# tasks: 1 in executor VM-116)----
METRICLOG/VM-116	Stage2-0-0	inputR: 0	inputP:0	output:0	inW:2026-07-15T17:55:35.290Z	ioutW:2026-07-15T17:55:35.290Z	ptime:0	dsertime:0	inbytes:0	sertime:0	outbytes:0	numKey:1683	owc:0
----- End of taks processed event ----

 INFO 07-15 18:03:23,552 CpuBottleneckDetectorImpl:63 [pool-8-thread-1] - Current cpu load: 0.0, # processed events: 0, consecutive: 0/2, threshold: 0.9 in VM-116
 INFO 07-15 18:03:24,552 SystemLoadProfiler:50 [pool-8-thread-1] - Average CPU Load: 0.0 in VM-116
 INFO 07-15 18:03:24,552 TaskEventRateCalculator:114 [pool-8-thread-1] - ---- Start of task processed event (# tasks: 1 in executor VM-116)----
METRICLOG/VM-116	Stage2-0-0	inputR: 0	inputP:0	output:0	inW:2026-07-15T17:55:35.290Z	ioutW:2026-07-15T17:55:35.290Z	ptime:0	dsertime:0	inbytes:0	sertime:0	outbytes:0	numKey:1683	owc:0
----- End of taks processed event ----

 INFO 07-15 18:03:24,552 CpuBottleneckDetectorImpl:63 [pool-8-thread-1] - Current cpu load: 0.0, # processed events: 0, consecutive: 0/2, threshold: 0.9 in VM-116
 INFO 07-15 18:03:25,552 SystemLoadProfiler:50 [pool-8-thread-1] - Average CPU Load: 0.0 in VM-116
 INFO 07-15 18:03:25,552 TaskEventRateCalculator:114 [pool-8-thread-1] - ---- Start of task processed event (# tasks: 1 in executor VM-116)----
METRICLOG/VM-116	Stage2-0-0	inputR: 0	inputP:0	output:0	inW:2026-07-15T17:55:35.290Z	ioutW:2026-07-15T17:55:35.290Z	ptime:0	dsertime:0	inbytes:0	sertime:0	outbytes:0	numKey:1683	owc:0
----- End of taks processed event ----

 INFO 07-15 18:03:25,552 CpuBottleneckDetectorImpl:63 [pool-8-thread-1] - Current cpu load: 0.0, # processed events: 0, consecutive: 0/2, threshold: 0.9 in VM-116
 INFO 07-15 18:03:26,552 SystemLoadProfiler:50 [pool-8-thread-1] - Average CPU Load: 0.0 in VM-116
 INFO 07-15 18:03:26,552 TaskEventRateCalculator:114 [pool-8-thread-1] - ---- Start of task processed event (# tasks: 1 in executor VM-116)----
METRICLOG/VM-116	Stage2-0-0	inputR: 0	inputP:0	output:0	inW:2026-07-15T17:55:35.290Z	ioutW:2026-07-15T17:55:35.290Z	ptime:0	dsertime:0	inbytes:0	sertime:0	outbytes:0	numKey:1683	owc:0
----- End of taks processed event ----

 INFO 07-15 18:03:26,552 CpuBottleneckDetectorImpl:63 [pool-8-thread-1] - Current cpu load: 0.0, # processed events: 0, consecutive: 0/2, threshold: 0.9 in VM-116
 INFO 07-15 18:03:27,552 SystemLoadProfiler:50 [pool-8-thread-1] - Average CPU Load: 0.0 in VM-116
 INFO 07-15 18:03:27,552 TaskEventRateCalculator:114 [pool-8-thread-1] - ---- Start of task processed event (# tasks: 1 in executor VM-116)----
METRICLOG/VM-116	Stage2-0-0	inputR: 0	inputP:0	output:0	inW:2026-07-15T17:55:35.290Z	ioutW:2026-07-15T17:55:35.290Z	ptime:0	dsertime:0	inbytes:0	sertime:0	outbytes:0	numKey:1683	owc:0
----- End of taks processed event ----

 INFO 07-15 18:03:27,552 CpuBottleneckDetectorImpl:63 [pool-8-thread-1] - Current cpu load: 0.0, # processed events: 0, consecutive: 0/2, threshold: 0.9 in VM-116
 INFO 07-15 18:03:28,552 SystemLoadProfiler:50 [pool-8-thread-1] - Average CPU Load: 0.0 in VM-116
 INFO 07-15 18:03:28,552 TaskEventRateCalculator:114 [pool-8-thread-1] - ---- Start of task processed event (# tasks: 1 in executor VM-116)----
METRICLOG/VM-116	Stage2-0-0	inputR: 0	inputP:0	output:0	inW:2026-07-15T17:55:35.290Z	ioutW:2026-07-15T17:55:35.290Z	ptime:0	dsertime:0	inbytes:0	sertime:0	outbytes:0	numKey:1683	owc:0
----- End of taks processed event ----

 INFO 07-15 18:03:28,552 CpuBottleneckDetectorImpl:63 [pool-8-thread-1] - Current cpu load: 0.0, # processed events: 0, consecutive: 0/2, threshold: 0.9 in VM-116
 INFO 07-15 18:03:29,552 SystemLoadProfiler:50 [pool-8-thread-1] - Average CPU Load: 0.0 in VM-116
 INFO 07-15 18:03:29,552 TaskEventRateCalculator:114 [pool-8-thread-1] - ---- Start of task processed event (# tasks: 1 in executor VM-116)----
METRICLOG/VM-116	Stage2-0-0	inputR: 0	inputP:0	output:0	inW:2026-07-15T17:55:35.290Z	ioutW:2026-07-15T17:55:35.290Z	ptime:0	dsertime:0	inbytes:0	sertime:0	outbytes:0	numKey:1683	owc:0
----- End of taks processed event ----

 INFO 07-15 18:03:29,552 CpuBottleneckDetectorImpl:63 [pool-8-thread-1] - Current cpu load: 0.0, # processed events: 0, consecutive: 0/2, threshold: 0.9 in VM-116
 INFO 07-15 18:03:30,552 SystemLoadProfiler:50 [pool-8-thread-1] - Average CPU Load: 0.0 in VM-116
 INFO 07-15 18:03:30,552 TaskEventRateCalculator:114 [pool-8-thread-1] - ---- Start of task processed event (# tasks: 1 in executor VM-116)----
METRICLOG/VM-116	Stage2-0-0	inputR: 0	inputP:0	output:0	inW:2026-07-15T17:55:35.290Z	ioutW:2026-07-15T17:55:35.290Z	ptime:0	dsertime:0	inbytes:0	sertime:0	outbytes:0	numKey:1683	owc:0
----- End of taks processed event ----

 INFO 07-15 18:03:30,552 CpuBottleneckDetectorImpl:63 [pool-8-thread-1] - Current cpu load: 0.0, # processed events: 0, consecutive: 0/2, threshold: 0.9 in VM-116
 INFO 07-15 18:03:31,552 SystemLoadProfiler:50 [pool-8-thread-1] - Average CPU Load: 0.0 in VM-116
 INFO 07-15 18:03:31,552 TaskEventRateCalculator:114 [pool-8-thread-1] - ---- Start of task processed event (# tasks: 1 in executor VM-116)----
METRICLOG/VM-116	Stage2-0-0	inputR: 0	inputP:0	output:0	inW:2026-07-15T17:55:35.290Z	ioutW:2026-07-15T17:55:35.290Z	ptime:0	dsertime:0	inbytes:0	sertime:0	outbytes:0	numKey:1683	owc:0
----- End of taks processed event ----

 INFO 07-15 18:03:31,552 CpuBottleneckDetectorImpl:63 [pool-8-thread-1] - Current cpu load: 0.0, # processed events: 0, consecutive: 0/2, threshold: 0.9 in VM-116
 INFO 07-15 18:03:32,552 SystemLoadProfiler:50 [pool-8-thread-1] - Average CPU Load: 0.0 in VM-116
 INFO 07-15 18:03:32,552 TaskEventRateCalculator:114 [pool-8-thread-1] - ---- Start of task processed event (# tasks: 1 in executor VM-116)----
METRICLOG/VM-116	Stage2-0-0	inputR: 0	inputP:0	output:0	inW:2026-07-15T17:55:35.290Z	ioutW:2026-07-15T17:55:35.290Z	ptime:0	dsertime:0	inbytes:0	sertime:0	outbytes:0	numKey:1683	owc:0
----- End of taks processed event ----

 INFO 07-15 18:03:32,552 CpuBottleneckDetectorImpl:63 [pool-8-thread-1] - Current cpu load: 0.0, # processed events: 0, consecutive: 0/2, threshold: 0.9 in VM-116
 INFO 07-15 18:03:33,552 SystemLoadProfiler:50 [pool-8-thread-1] - Average CPU Load: 0.0 in VM-116
 INFO 07-15 18:03:33,552 TaskEventRateCalculator:114 [pool-8-thread-1] - ---- Start of task processed event (# tasks: 1 in executor VM-116)----
METRICLOG/VM-116	Stage2-0-0	inputR: 0	inputP:0	output:0	inW:2026-07-15T17:55:35.290Z	ioutW:2026-07-15T17:55:35.290Z	ptime:0	dsertime:0	inbytes:0	sertime:0	outbytes:0	numKey:1683	owc:0
----- End of taks processed event ----

 INFO 07-15 18:03:33,552 CpuBottleneckDetectorImpl:63 [pool-8-thread-1] - Current cpu load: 0.0, # processed events: 0, consecutive: 0/2, threshold: 0.9 in VM-116
 INFO 07-15 18:03:34,552 SystemLoadProfiler:50 [pool-8-thread-1] - Average CPU Load: 0.0 in VM-116
 INFO 07-15 18:03:34,552 TaskEventRateCalculator:114 [pool-8-thread-1] - ---- Start of task processed event (# tasks: 1 in executor VM-116)----
METRICLOG/VM-116	Stage2-0-0	inputR: 0	inputP:0	output:0	inW:2026-07-15T17:55:35.290Z	ioutW:2026-07-15T17:55:35.290Z	ptime:0	dsertime:0	inbytes:0	sertime:0	outbytes:0	numKey:1683	owc:0
----- End of taks processed event ----

 INFO 07-15 18:03:34,552 CpuBottleneckDetectorImpl:63 [pool-8-thread-1] - Current cpu load: 0.0, # processed events: 0, consecutive: 0/2, threshold: 0.9 in VM-116
 INFO 07-15 18:03:35,552 SystemLoadProfiler:50 [pool-8-thread-1] - Average CPU Load: 0.0 in VM-116
 INFO 07-15 18:03:35,552 TaskEventRateCalculator:114 [pool-8-thread-1] - ---- Start of task processed event (# tasks: 1 in executor VM-116)----
METRICLOG/VM-116	Stage2-0-0	inputR: 0	inputP:0	output:0	inW:2026-07-15T17:55:35.290Z	ioutW:2026-07-15T17:55:35.290Z	ptime:0	dsertime:0	inbytes:0	sertime:0	outbytes:0	numKey:1683	owc:0
----- End of taks processed event ----

 INFO 07-15 18:03:35,552 CpuBottleneckDetectorImpl:63 [pool-8-thread-1] - Current cpu load: 0.0, # processed events: 0, consecutive: 0/2, threshold: 0.9 in VM-116
 INFO 07-15 18:03:36,552 SystemLoadProfiler:50 [pool-8-thread-1] - Average CPU Load: 0.0 in VM-116
 INFO 07-15 18:03:36,552 TaskEventRateCalculator:114 [pool-8-thread-1] - ---- Start of task processed event (# tasks: 1 in executor VM-116)----
METRICLOG/VM-116	Stage2-0-0	inputR: 0	inputP:0	output:0	inW:2026-07-15T17:55:35.290Z	ioutW:2026-07-15T17:55:35.290Z	ptime:0	dsertime:0	inbytes:0	sertime:0	outbytes:0	numKey:1683	owc:0
----- End of taks processed event ----

 INFO 07-15 18:03:36,552 CpuBottleneckDetectorImpl:63 [pool-8-thread-1] - Current cpu load: 0.0, # processed events: 0, consecutive: 0/2, threshold: 0.9 in VM-116
 INFO 07-15 18:03:37,552 SystemLoadProfiler:50 [pool-8-thread-1] - Average CPU Load: 0.0 in VM-116
 INFO 07-15 18:03:37,552 TaskEventRateCalculator:114 [pool-8-thread-1] - ---- Start of task processed event (# tasks: 1 in executor VM-116)----
METRICLOG/VM-116	Stage2-0-0	inputR: 0	inputP:0	output:0	inW:2026-07-15T17:55:35.290Z	ioutW:2026-07-15T17:55:35.290Z	ptime:0	dsertime:0	inbytes:0	sertime:0	outbytes:0	numKey:1683	owc:0
----- End of taks processed event ----

 INFO 07-15 18:03:37,552 CpuBottleneckDetectorImpl:63 [pool-8-thread-1] - Current cpu load: 0.0, # processed events: 0, consecutive: 0/2, threshold: 0.9 in VM-116
 INFO 07-15 18:03:38,551 SystemLoadProfiler:50 [pool-8-thread-1] - Average CPU Load: 0.0 in VM-116
 INFO 07-15 18:03:38,552 TaskEventRateCalculator:114 [pool-8-thread-1] - ---- Start of task processed event (# tasks: 1 in executor VM-116)----
METRICLOG/VM-116	Stage2-0-0	inputR: 0	inputP:0	output:0	inW:2026-07-15T17:55:35.290Z	ioutW:2026-07-15T17:55:35.290Z	ptime:0	dsertime:0	inbytes:0	sertime:0	outbytes:0	numKey:1683	owc:0
----- End of taks processed event ----

 INFO 07-15 18:03:38,552 CpuBottleneckDetectorImpl:63 [pool-8-thread-1] - Current cpu load: 0.0, # processed events: 0, consecutive: 0/2, threshold: 0.9 in VM-116
 INFO 07-15 18:03:39,551 SystemLoadProfiler:50 [pool-8-thread-1] - Average CPU Load: 0.0 in VM-116
 INFO 07-15 18:03:39,552 TaskEventRateCalculator:114 [pool-8-thread-1] - ---- Start of task processed event (# tasks: 1 in executor VM-116)----
METRICLOG/VM-116	Stage2-0-0	inputR: 0	inputP:0	output:0	inW:2026-07-15T17:55:35.290Z	ioutW:2026-07-15T17:55:35.290Z	ptime:0	dsertime:0	inbytes:0	sertime:0	outbytes:0	numKey:1683	owc:0
----- End of taks processed event ----

 INFO 07-15 18:03:39,552 CpuBottleneckDetectorImpl:63 [pool-8-thread-1] - Current cpu load: 0.0, # processed events: 0, consecutive: 0/2, threshold: 0.9 in VM-116
 INFO 07-15 18:03:40,552 SystemLoadProfiler:50 [pool-8-thread-1] - Average CPU Load: 0.0 in VM-116
 INFO 07-15 18:03:40,552 TaskEventRateCalculator:114 [pool-8-thread-1] - ---- Start of task processed event (# tasks: 1 in executor VM-116)----
METRICLOG/VM-116	Stage2-0-0	inputR: 0	inputP:0	output:0	inW:2026-07-15T17:55:35.290Z	ioutW:2026-07-15T17:55:35.290Z	ptime:0	dsertime:0	inbytes:0	sertime:0	outbytes:0	numKey:1683	owc:0
----- End of taks processed event ----

 INFO 07-15 18:03:40,552 CpuBottleneckDetectorImpl:63 [pool-8-thread-1] - Current cpu load: 0.0, # processed events: 0, consecutive: 0/2, threshold: 0.9 in VM-116
 INFO 07-15 18:03:41,552 SystemLoadProfiler:50 [pool-8-thread-1] - Average CPU Load: 0.0 in VM-116
 INFO 07-15 18:03:41,552 TaskEventRateCalculator:114 [pool-8-thread-1] - ---- Start of task processed event (# tasks: 1 in executor VM-116)----
METRICLOG/VM-116	Stage2-0-0	inputR: 0	inputP:0	output:0	inW:2026-07-15T17:55:35.290Z	ioutW:2026-07-15T17:55:35.290Z	ptime:0	dsertime:0	inbytes:0	sertime:0	outbytes:0	numKey:1683	owc:0
----- End of taks processed event ----

 INFO 07-15 18:03:41,552 CpuBottleneckDetectorImpl:63 [pool-8-thread-1] - Current cpu load: 0.0, # processed events: 0, consecutive: 0/2, threshold: 0.9 in VM-116
 INFO 07-15 18:03:42,552 SystemLoadProfiler:50 [pool-8-thread-1] - Average CPU Load: 0.0 in VM-116
 INFO 07-15 18:03:42,552 TaskEventRateCalculator:114 [pool-8-thread-1] - ---- Start of task processed event (# tasks: 1 in executor VM-116)----
METRICLOG/VM-116	Stage2-0-0	inputR: 0	inputP:0	output:0	inW:2026-07-15T17:55:35.290Z	ioutW:2026-07-15T17:55:35.290Z	ptime:0	dsertime:0	inbytes:0	sertime:0	outbytes:0	numKey:1683	owc:0
----- End of taks processed event ----

 INFO 07-15 18:03:42,552 CpuBottleneckDetectorImpl:63 [pool-8-thread-1] - Current cpu load: 0.0, # processed events: 0, consecutive: 0/2, threshold: 0.9 in VM-116
 INFO 07-15 18:03:43,552 SystemLoadProfiler:50 [pool-8-thread-1] - Average CPU Load: 0.0 in VM-116
 INFO 07-15 18:03:43,552 TaskEventRateCalculator:114 [pool-8-thread-1] - ---- Start of task processed event (# tasks: 1 in executor VM-116)----
METRICLOG/VM-116	Stage2-0-0	inputR: 0	inputP:0	output:0	inW:2026-07-15T17:55:35.290Z	ioutW:2026-07-15T17:55:35.290Z	ptime:0	dsertime:0	inbytes:0	sertime:0	outbytes:0	numKey:1683	owc:0
----- End of taks processed event ----

 INFO 07-15 18:03:43,552 CpuBottleneckDetectorImpl:63 [pool-8-thread-1] - Current cpu load: 0.0, # processed events: 0, consecutive: 0/2, threshold: 0.9 in VM-116
 INFO 07-15 18:03:44,552 SystemLoadProfiler:50 [pool-8-thread-1] - Average CPU Load: 0.0 in VM-116
 INFO 07-15 18:03:44,552 TaskEventRateCalculator:114 [pool-8-thread-1] - ---- Start of task processed event (# tasks: 1 in executor VM-116)----
METRICLOG/VM-116	Stage2-0-0	inputR: 0	inputP:0	output:0	inW:2026-07-15T17:55:35.290Z	ioutW:2026-07-15T17:55:35.290Z	ptime:0	dsertime:0	inbytes:0	sertime:0	outbytes:0	numKey:1683	owc:0
----- End of taks processed event ----

 INFO 07-15 18:03:44,552 CpuBottleneckDetectorImpl:63 [pool-8-thread-1] - Current cpu load: 0.0, # processed events: 0, consecutive: 0/2, threshold: 0.9 in VM-116
 INFO 07-15 18:03:45,552 SystemLoadProfiler:50 [pool-8-thread-1] - Average CPU Load: 0.0 in VM-116
 INFO 07-15 18:03:45,552 TaskEventRateCalculator:114 [pool-8-thread-1] - ---- Start of task processed event (# tasks: 1 in executor VM-116)----
METRICLOG/VM-116	Stage2-0-0	inputR: 0	inputP:0	output:0	inW:2026-07-15T17:55:35.290Z	ioutW:2026-07-15T17:55:35.290Z	ptime:0	dsertime:0	inbytes:0	sertime:0	outbytes:0	numKey:1683	owc:0
----- End of taks processed event ----

 INFO 07-15 18:03:45,552 CpuBottleneckDetectorImpl:63 [pool-8-thread-1] - Current cpu load: 0.0, # processed events: 0, consecutive: 0/2, threshold: 0.9 in VM-116
 INFO 07-15 18:03:46,552 SystemLoadProfiler:50 [pool-8-thread-1] - Average CPU Load: 0.0 in VM-116
 INFO 07-15 18:03:46,552 TaskEventRateCalculator:114 [pool-8-thread-1] - ---- Start of task processed event (# tasks: 1 in executor VM-116)----
METRICLOG/VM-116	Stage2-0-0	inputR: 0	inputP:0	output:0	inW:2026-07-15T17:55:35.290Z	ioutW:2026-07-15T17:55:35.290Z	ptime:0	dsertime:0	inbytes:0	sertime:0	outbytes:0	numKey:1683	owc:0
----- End of taks processed event ----

 INFO 07-15 18:03:46,552 CpuBottleneckDetectorImpl:63 [pool-8-thread-1] - Current cpu load: 0.0, # processed events: 0, consecutive: 0/2, threshold: 0.9 in VM-116
 INFO 07-15 18:03:47,552 SystemLoadProfiler:50 [pool-8-thread-1] - Average CPU Load: 0.0 in VM-116
 INFO 07-15 18:03:47,552 TaskEventRateCalculator:114 [pool-8-thread-1] - ---- Start of task processed event (# tasks: 1 in executor VM-116)----
METRICLOG/VM-116	Stage2-0-0	inputR: 0	inputP:0	output:0	inW:2026-07-15T17:55:35.290Z	ioutW:2026-07-15T17:55:35.290Z	ptime:0	dsertime:0	inbytes:0	sertime:0	outbytes:0	numKey:1683	owc:0
----- End of taks processed event ----

 INFO 07-15 18:03:47,552 CpuBottleneckDetectorImpl:63 [pool-8-thread-1] - Current cpu load: 0.0, # processed events: 0, consecutive: 0/2, threshold: 0.9 in VM-116
 INFO 07-15 18:03:48,552 SystemLoadProfiler:50 [pool-8-thread-1] - Average CPU Load: 0.0 in VM-116
 INFO 07-15 18:03:48,552 TaskEventRateCalculator:114 [pool-8-thread-1] - ---- Start of task processed event (# tasks: 1 in executor VM-116)----
METRICLOG/VM-116	Stage2-0-0	inputR: 0	inputP:0	output:0	inW:2026-07-15T17:55:35.290Z	ioutW:2026-07-15T17:55:35.290Z	ptime:0	dsertime:0	inbytes:0	sertime:0	outbytes:0	numKey:1683	owc:0
----- End of taks processed event ----

 INFO 07-15 18:03:48,552 CpuBottleneckDetectorImpl:63 [pool-8-thread-1] - Current cpu load: 0.0, # processed events: 0, consecutive: 0/2, threshold: 0.9 in VM-116
 INFO 07-15 18:03:49,552 SystemLoadProfiler:50 [pool-8-thread-1] - Average CPU Load: 0.0 in VM-116
 INFO 07-15 18:03:49,552 TaskEventRateCalculator:114 [pool-8-thread-1] - ---- Start of task processed event (# tasks: 1 in executor VM-116)----
METRICLOG/VM-116	Stage2-0-0	inputR: 0	inputP:0	output:0	inW:2026-07-15T17:55:35.290Z	ioutW:2026-07-15T17:55:35.290Z	ptime:0	dsertime:0	inbytes:0	sertime:0	outbytes:0	numKey:1683	owc:0
----- End of taks processed event ----

 INFO 07-15 18:03:49,552 CpuBottleneckDetectorImpl:63 [pool-8-thread-1] - Current cpu load: 0.0, # processed events: 0, consecutive: 0/2, threshold: 0.9 in VM-116
 INFO 07-15 18:03:50,553 SystemLoadProfiler:50 [pool-8-thread-1] - Average CPU Load: 0.0 in VM-116
 INFO 07-15 18:03:50,554 TaskEventRateCalculator:114 [pool-8-thread-1] - ---- Start of task processed event (# tasks: 1 in executor VM-116)----
METRICLOG/VM-116	Stage2-0-0	inputR: 0	inputP:0	output:0	inW:2026-07-15T17:55:35.290Z	ioutW:2026-07-15T17:55:35.290Z	ptime:0	dsertime:0	inbytes:0	sertime:0	outbytes:0	numKey:1683	owc:0
----- End of taks processed event ----

 INFO 07-15 18:03:50,554 CpuBottleneckDetectorImpl:63 [pool-8-thread-1] - Current cpu load: 0.0, # processed events: 0, consecutive: 0/2, threshold: 0.9 in VM-116
 INFO 07-15 18:03:51,551 SystemLoadProfiler:50 [pool-8-thread-1] - Average CPU Load: 0.0 in VM-116
 INFO 07-15 18:03:51,552 TaskEventRateCalculator:114 [pool-8-thread-1] - ---- Start of task processed event (# tasks: 1 in executor VM-116)----
METRICLOG/VM-116	Stage2-0-0	inputR: 0	inputP:0	output:0	inW:2026-07-15T17:55:35.290Z	ioutW:2026-07-15T17:55:35.290Z	ptime:0	dsertime:0	inbytes:0	sertime:0	outbytes:0	numKey:1683	owc:0
----- End of taks processed event ----

 INFO 07-15 18:03:51,552 CpuBottleneckDetectorImpl:63 [pool-8-thread-1] - Current cpu load: 0.0, # processed events: 0, consecutive: 0/2, threshold: 0.9 in VM-116
 INFO 07-15 18:03:52,552 SystemLoadProfiler:50 [pool-8-thread-1] - Average CPU Load: 0.0 in VM-116
 INFO 07-15 18:03:52,552 TaskEventRateCalculator:114 [pool-8-thread-1] - ---- Start of task processed event (# tasks: 1 in executor VM-116)----
METRICLOG/VM-116	Stage2-0-0	inputR: 0	inputP:0	output:0	inW:2026-07-15T17:55:35.290Z	ioutW:2026-07-15T17:55:35.290Z	ptime:0	dsertime:0	inbytes:0	sertime:0	outbytes:0	numKey:1683	owc:0
----- End of taks processed event ----

 INFO 07-15 18:03:52,552 CpuBottleneckDetectorImpl:63 [pool-8-thread-1] - Current cpu load: 0.0, # processed events: 0, consecutive: 0/2, threshold: 0.9 in VM-116
 INFO 07-15 18:03:53,552 SystemLoadProfiler:50 [pool-8-thread-1] - Average CPU Load: 0.0 in VM-116
 INFO 07-15 18:03:53,552 TaskEventRateCalculator:114 [pool-8-thread-1] - ---- Start of task processed event (# tasks: 1 in executor VM-116)----
METRICLOG/VM-116	Stage2-0-0	inputR: 0	inputP:0	output:0	inW:2026-07-15T17:55:35.290Z	ioutW:2026-07-15T17:55:35.290Z	ptime:0	dsertime:0	inbytes:0	sertime:0	outbytes:0	numKey:1683	owc:0
----- End of taks processed event ----

 INFO 07-15 18:03:53,552 CpuBottleneckDetectorImpl:63 [pool-8-thread-1] - Current cpu load: 0.0, # processed events: 0, consecutive: 0/2, threshold: 0.9 in VM-116
 INFO 07-15 18:03:54,552 SystemLoadProfiler:50 [pool-8-thread-1] - Average CPU Load: 0.0 in VM-116
 INFO 07-15 18:03:54,552 TaskEventRateCalculator:114 [pool-8-thread-1] - ---- Start of task processed event (# tasks: 1 in executor VM-116)----
METRICLOG/VM-116	Stage2-0-0	inputR: 0	inputP:0	output:0	inW:2026-07-15T17:55:35.290Z	ioutW:2026-07-15T17:55:35.290Z	ptime:0	dsertime:0	inbytes:0	sertime:0	outbytes:0	numKey:1683	owc:0
----- End of taks processed event ----

 INFO 07-15 18:03:54,552 CpuBottleneckDetectorImpl:63 [pool-8-thread-1] - Current cpu load: 0.0, # processed events: 0, consecutive: 0/2, threshold: 0.9 in VM-116
 INFO 07-15 18:03:55,552 SystemLoadProfiler:50 [pool-8-thread-1] - Average CPU Load: 0.0 in VM-116
 INFO 07-15 18:03:55,552 TaskEventRateCalculator:114 [pool-8-thread-1] - ---- Start of task processed event (# tasks: 1 in executor VM-116)----
METRICLOG/VM-116	Stage2-0-0	inputR: 0	inputP:0	output:0	inW:2026-07-15T17:55:35.290Z	ioutW:2026-07-15T17:55:35.290Z	ptime:0	dsertime:0	inbytes:0	sertime:0	outbytes:0	numKey:1683	owc:0
----- End of taks processed event ----

 INFO 07-15 18:03:55,552 CpuBottleneckDetectorImpl:63 [pool-8-thread-1] - Current cpu load: 0.0, # processed events: 0, consecutive: 0/2, threshold: 0.9 in VM-116
 INFO 07-15 18:03:56,552 SystemLoadProfiler:50 [pool-8-thread-1] - Average CPU Load: 0.0 in VM-116
 INFO 07-15 18:03:56,552 TaskEventRateCalculator:114 [pool-8-thread-1] - ---- Start of task processed event (# tasks: 1 in executor VM-116)----
METRICLOG/VM-116	Stage2-0-0	inputR: 0	inputP:0	output:0	inW:2026-07-15T17:55:35.290Z	ioutW:2026-07-15T17:55:35.290Z	ptime:0	dsertime:0	inbytes:0	sertime:0	outbytes:0	numKey:1683	owc:0
----- End of taks processed event ----

 INFO 07-15 18:03:56,552 CpuBottleneckDetectorImpl:63 [pool-8-thread-1] - Current cpu load: 0.0, # processed events: 0, consecutive: 0/2, threshold: 0.9 in VM-116
 INFO 07-15 18:03:57,551 SystemLoadProfiler:50 [pool-8-thread-1] - Average CPU Load: 0.0 in VM-116
 INFO 07-15 18:03:57,552 TaskEventRateCalculator:114 [pool-8-thread-1] - ---- Start of task processed event (# tasks: 1 in executor VM-116)----
METRICLOG/VM-116	Stage2-0-0	inputR: 0	inputP:0	output:0	inW:2026-07-15T17:55:35.290Z	ioutW:2026-07-15T17:55:35.290Z	ptime:0	dsertime:0	inbytes:0	sertime:0	outbytes:0	numKey:1683	owc:0
----- End of taks processed event ----

 INFO 07-15 18:03:57,552 CpuBottleneckDetectorImpl:63 [pool-8-thread-1] - Current cpu load: 0.0, # processed events: 0, consecutive: 0/2, threshold: 0.9 in VM-116
 INFO 07-15 18:03:58,552 SystemLoadProfiler:50 [pool-8-thread-1] - Average CPU Load: 0.0 in VM-116
 INFO 07-15 18:03:58,552 TaskEventRateCalculator:114 [pool-8-thread-1] - ---- Start of task processed event (# tasks: 1 in executor VM-116)----
METRICLOG/VM-116	Stage2-0-0	inputR: 0	inputP:0	output:0	inW:2026-07-15T17:55:35.290Z	ioutW:2026-07-15T17:55:35.290Z	ptime:0	dsertime:0	inbytes:0	sertime:0	outbytes:0	numKey:1683	owc:0
----- End of taks processed event ----

 INFO 07-15 18:03:58,552 CpuBottleneckDetectorImpl:63 [pool-8-thread-1] - Current cpu load: 0.0, # processed events: 0, consecutive: 0/2, threshold: 0.9 in VM-116
 INFO 07-15 18:03:59,552 SystemLoadProfiler:50 [pool-8-thread-1] - Average CPU Load: 0.0 in VM-116
 INFO 07-15 18:03:59,552 TaskEventRateCalculator:114 [pool-8-thread-1] - ---- Start of task processed event (# tasks: 1 in executor VM-116)----
METRICLOG/VM-116	Stage2-0-0	inputR: 0	inputP:0	output:0	inW:2026-07-15T17:55:35.290Z	ioutW:2026-07-15T17:55:35.290Z	ptime:0	dsertime:0	inbytes:0	sertime:0	outbytes:0	numKey:1683	owc:0
----- End of taks processed event ----

 INFO 07-15 18:03:59,552 CpuBottleneckDetectorImpl:63 [pool-8-thread-1] - Current cpu load: 0.0, # processed events: 0, consecutive: 0/2, threshold: 0.9 in VM-116
 INFO 07-15 18:04:00,551 SystemLoadProfiler:50 [pool-8-thread-1] - Average CPU Load: 0.0 in VM-116
 INFO 07-15 18:04:00,552 TaskEventRateCalculator:114 [pool-8-thread-1] - ---- Start of task processed event (# tasks: 1 in executor VM-116)----
METRICLOG/VM-116	Stage2-0-0	inputR: 0	inputP:0	output:0	inW:2026-07-15T17:55:35.290Z	ioutW:2026-07-15T17:55:35.290Z	ptime:0	dsertime:0	inbytes:0	sertime:0	outbytes:0	numKey:1683	owc:0
----- End of taks processed event ----

 INFO 07-15 18:04:00,552 CpuBottleneckDetectorImpl:63 [pool-8-thread-1] - Current cpu load: 0.0, # processed events: 0, consecutive: 0/2, threshold: 0.9 in VM-116
 INFO 07-15 18:04:01,552 SystemLoadProfiler:50 [pool-8-thread-1] - Average CPU Load: 0.0 in VM-116
 INFO 07-15 18:04:01,552 TaskEventRateCalculator:114 [pool-8-thread-1] - ---- Start of task processed event (# tasks: 1 in executor VM-116)----
METRICLOG/VM-116	Stage2-0-0	inputR: 0	inputP:0	output:0	inW:2026-07-15T17:55:35.290Z	ioutW:2026-07-15T17:55:35.290Z	ptime:0	dsertime:0	inbytes:0	sertime:0	outbytes:0	numKey:1683	owc:0
----- End of taks processed event ----

 INFO 07-15 18:04:01,552 CpuBottleneckDetectorImpl:63 [pool-8-thread-1] - Current cpu load: 0.0, # processed events: 0, consecutive: 0/2, threshold: 0.9 in VM-116
 INFO 07-15 18:04:02,552 SystemLoadProfiler:50 [pool-8-thread-1] - Average CPU Load: 0.0 in VM-116
 INFO 07-15 18:04:02,552 TaskEventRateCalculator:114 [pool-8-thread-1] - ---- Start of task processed event (# tasks: 1 in executor VM-116)----
METRICLOG/VM-116	Stage2-0-0	inputR: 0	inputP:0	output:0	inW:2026-07-15T17:55:35.290Z	ioutW:2026-07-15T17:55:35.290Z	ptime:0	dsertime:0	inbytes:0	sertime:0	outbytes:0	numKey:1683	owc:0
----- End of taks processed event ----

 INFO 07-15 18:04:02,552 CpuBottleneckDetectorImpl:63 [pool-8-thread-1] - Current cpu load: 0.0, # processed events: 0, consecutive: 0/2, threshold: 0.9 in VM-116
 INFO 07-15 18:04:03,551 SystemLoadProfiler:50 [pool-8-thread-1] - Average CPU Load: 0.0 in VM-116
 INFO 07-15 18:04:03,552 TaskEventRateCalculator:114 [pool-8-thread-1] - ---- Start of task processed event (# tasks: 1 in executor VM-116)----
METRICLOG/VM-116	Stage2-0-0	inputR: 0	inputP:0	output:0	inW:2026-07-15T17:55:35.290Z	ioutW:2026-07-15T17:55:35.290Z	ptime:0	dsertime:0	inbytes:0	sertime:0	outbytes:0	numKey:1683	owc:0
----- End of taks processed event ----

 INFO 07-15 18:04:03,552 CpuBottleneckDetectorImpl:63 [pool-8-thread-1] - Current cpu load: 0.0, # processed events: 0, consecutive: 0/2, threshold: 0.9 in VM-116
 INFO 07-15 18:04:04,551 SystemLoadProfiler:50 [pool-8-thread-1] - Average CPU Load: 0.0 in VM-116
 INFO 07-15 18:04:04,552 TaskEventRateCalculator:114 [pool-8-thread-1] - ---- Start of task processed event (# tasks: 1 in executor VM-116)----
METRICLOG/VM-116	Stage2-0-0	inputR: 0	inputP:0	output:0	inW:2026-07-15T17:55:35.290Z	ioutW:2026-07-15T17:55:35.290Z	ptime:0	dsertime:0	inbytes:0	sertime:0	outbytes:0	numKey:1683	owc:0
----- End of taks processed event ----

 INFO 07-15 18:04:04,552 CpuBottleneckDetectorImpl:63 [pool-8-thread-1] - Current cpu load: 0.0, # processed events: 0, consecutive: 0/2, threshold: 0.9 in VM-116
 INFO 07-15 18:04:05,552 SystemLoadProfiler:50 [pool-8-thread-1] - Average CPU Load: 0.0 in VM-116
 INFO 07-15 18:04:05,552 TaskEventRateCalculator:114 [pool-8-thread-1] - ---- Start of task processed event (# tasks: 1 in executor VM-116)----
METRICLOG/VM-116	Stage2-0-0	inputR: 0	inputP:0	output:0	inW:2026-07-15T17:55:35.290Z	ioutW:2026-07-15T17:55:35.290Z	ptime:0	dsertime:0	inbytes:0	sertime:0	outbytes:0	numKey:1683	owc:0
----- End of taks processed event ----

 INFO 07-15 18:04:05,552 CpuBottleneckDetectorImpl:63 [pool-8-thread-1] - Current cpu load: 0.0, # processed events: 0, consecutive: 0/2, threshold: 0.9 in VM-116
 INFO 07-15 18:04:06,552 SystemLoadProfiler:50 [pool-8-thread-1] - Average CPU Load: 0.0 in VM-116
 INFO 07-15 18:04:06,552 TaskEventRateCalculator:114 [pool-8-thread-1] - ---- Start of task processed event (# tasks: 1 in executor VM-116)----
METRICLOG/VM-116	Stage2-0-0	inputR: 0	inputP:0	output:0	inW:2026-07-15T17:55:35.290Z	ioutW:2026-07-15T17:55:35.290Z	ptime:0	dsertime:0	inbytes:0	sertime:0	outbytes:0	numKey:1683	owc:0
----- End of taks processed event ----

 INFO 07-15 18:04:06,552 CpuBottleneckDetectorImpl:63 [pool-8-thread-1] - Current cpu load: 0.0, # processed events: 0, consecutive: 0/2, threshold: 0.9 in VM-116
 INFO 07-15 18:04:07,552 SystemLoadProfiler:50 [pool-8-thread-1] - Average CPU Load: 0.0 in VM-116
 INFO 07-15 18:04:07,552 TaskEventRateCalculator:114 [pool-8-thread-1] - ---- Start of task processed event (# tasks: 1 in executor VM-116)----
METRICLOG/VM-116	Stage2-0-0	inputR: 0	inputP:0	output:0	inW:2026-07-15T17:55:35.290Z	ioutW:2026-07-15T17:55:35.290Z	ptime:0	dsertime:0	inbytes:0	sertime:0	outbytes:0	numKey:1683	owc:0
----- End of taks processed event ----

 INFO 07-15 18:04:07,552 CpuBottleneckDetectorImpl:63 [pool-8-thread-1] - Current cpu load: 0.0, # processed events: 0, consecutive: 0/2, threshold: 0.9 in VM-116
 INFO 07-15 18:04:08,552 SystemLoadProfiler:50 [pool-8-thread-1] - Average CPU Load: 0.0 in VM-116
 INFO 07-15 18:04:08,552 TaskEventRateCalculator:114 [pool-8-thread-1] - ---- Start of task processed event (# tasks: 1 in executor VM-116)----
METRICLOG/VM-116	Stage2-0-0	inputR: 0	inputP:0	output:0	inW:2026-07-15T17:55:35.290Z	ioutW:2026-07-15T17:55:35.290Z	ptime:0	dsertime:0	inbytes:0	sertime:0	outbytes:0	numKey:1683	owc:0
----- End of taks processed event ----

 INFO 07-15 18:04:08,552 CpuBottleneckDetectorImpl:63 [pool-8-thread-1] - Current cpu load: 0.0, # processed events: 0, consecutive: 0/2, threshold: 0.9 in VM-116
 INFO 07-15 18:04:09,552 SystemLoadProfiler:50 [pool-8-thread-1] - Average CPU Load: 0.0 in VM-116
 INFO 07-15 18:04:09,552 TaskEventRateCalculator:114 [pool-8-thread-1] - ---- Start of task processed event (# tasks: 1 in executor VM-116)----
METRICLOG/VM-116	Stage2-0-0	inputR: 0	inputP:0	output:0	inW:2026-07-15T17:55:35.290Z	ioutW:2026-07-15T17:55:35.290Z	ptime:0	dsertime:0	inbytes:0	sertime:0	outbytes:0	numKey:1683	owc:0
----- End of taks processed event ----

 INFO 07-15 18:04:09,552 CpuBottleneckDetectorImpl:63 [pool-8-thread-1] - Current cpu load: 0.0, # processed events: 0, consecutive: 0/2, threshold: 0.9 in VM-116
 INFO 07-15 18:04:10,552 SystemLoadProfiler:50 [pool-8-thread-1] - Average CPU Load: 0.0 in VM-116
 INFO 07-15 18:04:10,552 TaskEventRateCalculator:114 [pool-8-thread-1] - ---- Start of task processed event (# tasks: 1 in executor VM-116)----
METRICLOG/VM-116	Stage2-0-0	inputR: 0	inputP:0	output:0	inW:2026-07-15T17:55:35.290Z	ioutW:2026-07-15T17:55:35.290Z	ptime:0	dsertime:0	inbytes:0	sertime:0	outbytes:0	numKey:1683	owc:0
----- End of taks processed event ----

 INFO 07-15 18:04:10,552 CpuBottleneckDetectorImpl:63 [pool-8-thread-1] - Current cpu load: 0.0, # processed events: 0, consecutive: 0/2, threshold: 0.9 in VM-116
 INFO 07-15 18:04:11,552 SystemLoadProfiler:50 [pool-8-thread-1] - Average CPU Load: 0.0 in VM-116
 INFO 07-15 18:04:11,552 TaskEventRateCalculator:114 [pool-8-thread-1] - ---- Start of task processed event (# tasks: 1 in executor VM-116)----
METRICLOG/VM-116	Stage2-0-0	inputR: 0	inputP:0	output:0	inW:2026-07-15T17:55:35.290Z	ioutW:2026-07-15T17:55:35.290Z	ptime:0	dsertime:0	inbytes:0	sertime:0	outbytes:0	numKey:1683	owc:0
----- End of taks processed event ----

 INFO 07-15 18:04:11,552 CpuBottleneckDetectorImpl:63 [pool-8-thread-1] - Current cpu load: 0.0, # processed events: 0, consecutive: 0/2, threshold: 0.9 in VM-116
 INFO 07-15 18:04:12,552 SystemLoadProfiler:50 [pool-8-thread-1] - Average CPU Load: 0.0 in VM-116
 INFO 07-15 18:04:12,552 TaskEventRateCalculator:114 [pool-8-thread-1] - ---- Start of task processed event (# tasks: 1 in executor VM-116)----
METRICLOG/VM-116	Stage2-0-0	inputR: 0	inputP:0	output:0	inW:2026-07-15T17:55:35.290Z	ioutW:2026-07-15T17:55:35.290Z	ptime:0	dsertime:0	inbytes:0	sertime:0	outbytes:0	numKey:1683	owc:0
----- End of taks processed event ----

 INFO 07-15 18:04:12,552 CpuBottleneckDetectorImpl:63 [pool-8-thread-1] - Current cpu load: 0.0, # processed events: 0, consecutive: 0/2, threshold: 0.9 in VM-116
 INFO 07-15 18:04:13,551 SystemLoadProfiler:50 [pool-8-thread-1] - Average CPU Load: 0.0 in VM-116
 INFO 07-15 18:04:13,552 TaskEventRateCalculator:114 [pool-8-thread-1] - ---- Start of task processed event (# tasks: 1 in executor VM-116)----
METRICLOG/VM-116	Stage2-0-0	inputR: 0	inputP:0	output:0	inW:2026-07-15T17:55:35.290Z	ioutW:2026-07-15T17:55:35.290Z	ptime:0	dsertime:0	inbytes:0	sertime:0	outbytes:0	numKey:1683	owc:0
----- End of taks processed event ----

 INFO 07-15 18:04:13,552 CpuBottleneckDetectorImpl:63 [pool-8-thread-1] - Current cpu load: 0.0, # processed events: 0, consecutive: 0/2, threshold: 0.9 in VM-116
 INFO 07-15 18:04:14,552 SystemLoadProfiler:50 [pool-8-thread-1] - Average CPU Load: 0.0 in VM-116
 INFO 07-15 18:04:14,552 TaskEventRateCalculator:114 [pool-8-thread-1] - ---- Start of task processed event (# tasks: 1 in executor VM-116)----
METRICLOG/VM-116	Stage2-0-0	inputR: 0	inputP:0	output:0	inW:2026-07-15T17:55:35.290Z	ioutW:2026-07-15T17:55:35.290Z	ptime:0	dsertime:0	inbytes:0	sertime:0	outbytes:0	numKey:1683	owc:0
----- End of taks processed event ----

 INFO 07-15 18:04:14,553 CpuBottleneckDetectorImpl:63 [pool-8-thread-1] - Current cpu load: 0.0, # processed events: 0, consecutive: 0/2, threshold: 0.9 in VM-116
 INFO 07-15 18:04:15,552 SystemLoadProfiler:50 [pool-8-thread-1] - Average CPU Load: 0.0 in VM-116
 INFO 07-15 18:04:15,552 TaskEventRateCalculator:114 [pool-8-thread-1] - ---- Start of task processed event (# tasks: 1 in executor VM-116)----
METRICLOG/VM-116	Stage2-0-0	inputR: 0	inputP:0	output:0	inW:2026-07-15T17:55:35.290Z	ioutW:2026-07-15T17:55:35.290Z	ptime:0	dsertime:0	inbytes:0	sertime:0	outbytes:0	numKey:1683	owc:0
----- End of taks processed event ----

 INFO 07-15 18:04:15,552 CpuBottleneckDetectorImpl:63 [pool-8-thread-1] - Current cpu load: 0.0, # processed events: 0, consecutive: 0/2, threshold: 0.9 in VM-116
 INFO 07-15 18:04:16,552 SystemLoadProfiler:50 [pool-8-thread-1] - Average CPU Load: 0.0 in VM-116
 INFO 07-15 18:04:16,552 TaskEventRateCalculator:114 [pool-8-thread-1] - ---- Start of task processed event (# tasks: 1 in executor VM-116)----
METRICLOG/VM-116	Stage2-0-0	inputR: 0	inputP:0	output:0	inW:2026-07-15T17:55:35.290Z	ioutW:2026-07-15T17:55:35.290Z	ptime:0	dsertime:0	inbytes:0	sertime:0	outbytes:0	numKey:1683	owc:0
----- End of taks processed event ----

 INFO 07-15 18:04:16,552 CpuBottleneckDetectorImpl:63 [pool-8-thread-1] - Current cpu load: 0.0, # processed events: 0, consecutive: 0/2, threshold: 0.9 in VM-116
 INFO 07-15 18:04:17,552 SystemLoadProfiler:50 [pool-8-thread-1] - Average CPU Load: 0.0 in VM-116
 INFO 07-15 18:04:17,552 TaskEventRateCalculator:114 [pool-8-thread-1] - ---- Start of task processed event (# tasks: 1 in executor VM-116)----
METRICLOG/VM-116	Stage2-0-0	inputR: 0	inputP:0	output:0	inW:2026-07-15T17:55:35.290Z	ioutW:2026-07-15T17:55:35.290Z	ptime:0	dsertime:0	inbytes:0	sertime:0	outbytes:0	numKey:1683	owc:0
----- End of taks processed event ----

 INFO 07-15 18:04:17,552 CpuBottleneckDetectorImpl:63 [pool-8-thread-1] - Current cpu load: 0.0, # processed events: 0, consecutive: 0/2, threshold: 0.9 in VM-116
 INFO 07-15 18:04:18,552 SystemLoadProfiler:50 [pool-8-thread-1] - Average CPU Load: 0.0 in VM-116
 INFO 07-15 18:04:18,552 TaskEventRateCalculator:114 [pool-8-thread-1] - ---- Start of task processed event (# tasks: 1 in executor VM-116)----
METRICLOG/VM-116	Stage2-0-0	inputR: 0	inputP:0	output:0	inW:2026-07-15T17:55:35.290Z	ioutW:2026-07-15T17:55:35.290Z	ptime:0	dsertime:0	inbytes:0	sertime:0	outbytes:0	numKey:1683	owc:0
----- End of taks processed event ----

 INFO 07-15 18:04:18,552 CpuBottleneckDetectorImpl:63 [pool-8-thread-1] - Current cpu load: 0.0, # processed events: 0, consecutive: 0/2, threshold: 0.9 in VM-116
 INFO 07-15 18:04:19,551 SystemLoadProfiler:50 [pool-8-thread-1] - Average CPU Load: 0.0 in VM-116
 INFO 07-15 18:04:19,552 TaskEventRateCalculator:114 [pool-8-thread-1] - ---- Start of task processed event (# tasks: 1 in executor VM-116)----
METRICLOG/VM-116	Stage2-0-0	inputR: 0	inputP:0	output:0	inW:2026-07-15T17:55:35.290Z	ioutW:2026-07-15T17:55:35.290Z	ptime:0	dsertime:0	inbytes:0	sertime:0	outbytes:0	numKey:1683	owc:0
----- End of taks processed event ----

 INFO 07-15 18:04:19,552 CpuBottleneckDetectorImpl:63 [pool-8-thread-1] - Current cpu load: 0.0, # processed events: 0, consecutive: 0/2, threshold: 0.9 in VM-116
 INFO 07-15 18:04:20,552 SystemLoadProfiler:50 [pool-8-thread-1] - Average CPU Load: 0.0 in VM-116
 INFO 07-15 18:04:20,552 TaskEventRateCalculator:114 [pool-8-thread-1] - ---- Start of task processed event (# tasks: 1 in executor VM-116)----
METRICLOG/VM-116	Stage2-0-0	inputR: 0	inputP:0	output:0	inW:2026-07-15T17:55:35.290Z	ioutW:2026-07-15T17:55:35.290Z	ptime:0	dsertime:0	inbytes:0	sertime:0	outbytes:0	numKey:1683	owc:0
----- End of taks processed event ----

 INFO 07-15 18:04:20,552 CpuBottleneckDetectorImpl:63 [pool-8-thread-1] - Current cpu load: 0.0, # processed events: 0, consecutive: 0/2, threshold: 0.9 in VM-116
 INFO 07-15 18:04:21,552 SystemLoadProfiler:50 [pool-8-thread-1] - Average CPU Load: 0.0 in VM-116
 INFO 07-15 18:04:21,552 TaskEventRateCalculator:114 [pool-8-thread-1] - ---- Start of task processed event (# tasks: 1 in executor VM-116)----
METRICLOG/VM-116	Stage2-0-0	inputR: 0	inputP:0	output:0	inW:2026-07-15T17:55:35.290Z	ioutW:2026-07-15T17:55:35.290Z	ptime:0	dsertime:0	inbytes:0	sertime:0	outbytes:0	numKey:1683	owc:0
----- End of taks processed event ----

 INFO 07-15 18:04:21,552 CpuBottleneckDetectorImpl:63 [pool-8-thread-1] - Current cpu load: 0.0, # processed events: 0, consecutive: 0/2, threshold: 0.9 in VM-116
 INFO 07-15 18:04:22,551 SystemLoadProfiler:50 [pool-8-thread-1] - Average CPU Load: 0.0 in VM-116
 INFO 07-15 18:04:22,552 TaskEventRateCalculator:114 [pool-8-thread-1] - ---- Start of task processed event (# tasks: 1 in executor VM-116)----
METRICLOG/VM-116	Stage2-0-0	inputR: 0	inputP:0	output:0	inW:2026-07-15T17:55:35.290Z	ioutW:2026-07-15T17:55:35.290Z	ptime:0	dsertime:0	inbytes:0	sertime:0	outbytes:0	numKey:1683	owc:0
----- End of taks processed event ----

 INFO 07-15 18:04:22,552 CpuBottleneckDetectorImpl:63 [pool-8-thread-1] - Current cpu load: 0.0, # processed events: 0, consecutive: 0/2, threshold: 0.9 in VM-116
 INFO 07-15 18:04:23,552 SystemLoadProfiler:50 [pool-8-thread-1] - Average CPU Load: 0.0 in VM-116
 INFO 07-15 18:04:23,552 TaskEventRateCalculator:114 [pool-8-thread-1] - ---- Start of task processed event (# tasks: 1 in executor VM-116)----
METRICLOG/VM-116	Stage2-0-0	inputR: 0	inputP:0	output:0	inW:2026-07-15T17:55:35.290Z	ioutW:2026-07-15T17:55:35.290Z	ptime:0	dsertime:0	inbytes:0	sertime:0	outbytes:0	numKey:1683	owc:0
----- End of taks processed event ----

 INFO 07-15 18:04:23,552 CpuBottleneckDetectorImpl:63 [pool-8-thread-1] - Current cpu load: 0.0, # processed events: 0, consecutive: 0/2, threshold: 0.9 in VM-116
 INFO 07-15 18:04:24,552 SystemLoadProfiler:50 [pool-8-thread-1] - Average CPU Load: 0.0 in VM-116
 INFO 07-15 18:04:24,552 TaskEventRateCalculator:114 [pool-8-thread-1] - ---- Start of task processed event (# tasks: 1 in executor VM-116)----
METRICLOG/VM-116	Stage2-0-0	inputR: 0	inputP:0	output:0	inW:2026-07-15T17:55:35.290Z	ioutW:2026-07-15T17:55:35.290Z	ptime:0	dsertime:0	inbytes:0	sertime:0	outbytes:0	numKey:1683	owc:0
----- End of taks processed event ----

 INFO 07-15 18:04:24,552 CpuBottleneckDetectorImpl:63 [pool-8-thread-1] - Current cpu load: 0.0, # processed events: 0, consecutive: 0/2, threshold: 0.9 in VM-116
 INFO 07-15 18:04:25,551 SystemLoadProfiler:50 [pool-8-thread-1] - Average CPU Load: 0.0 in VM-116
 INFO 07-15 18:04:25,552 TaskEventRateCalculator:114 [pool-8-thread-1] - ---- Start of task processed event (# tasks: 1 in executor VM-116)----
METRICLOG/VM-116	Stage2-0-0	inputR: 0	inputP:0	output:0	inW:2026-07-15T17:55:35.290Z	ioutW:2026-07-15T17:55:35.290Z	ptime:0	dsertime:0	inbytes:0	sertime:0	outbytes:0	numKey:1683	owc:0
----- End of taks processed event ----

 INFO 07-15 18:04:25,552 CpuBottleneckDetectorImpl:63 [pool-8-thread-1] - Current cpu load: 0.0, # processed events: 0, consecutive: 0/2, threshold: 0.9 in VM-116
 INFO 07-15 18:04:26,551 SystemLoadProfiler:50 [pool-8-thread-1] - Average CPU Load: 0.0 in VM-116
 INFO 07-15 18:04:26,552 TaskEventRateCalculator:114 [pool-8-thread-1] - ---- Start of task processed event (# tasks: 1 in executor VM-116)----
METRICLOG/VM-116	Stage2-0-0	inputR: 0	inputP:0	output:0	inW:2026-07-15T17:55:35.290Z	ioutW:2026-07-15T17:55:35.290Z	ptime:0	dsertime:0	inbytes:0	sertime:0	outbytes:0	numKey:1683	owc:0
----- End of taks processed event ----

 INFO 07-15 18:04:26,552 CpuBottleneckDetectorImpl:63 [pool-8-thread-1] - Current cpu load: 0.0, # processed events: 0, consecutive: 0/2, threshold: 0.9 in VM-116
 INFO 07-15 18:04:27,552 SystemLoadProfiler:50 [pool-8-thread-1] - Average CPU Load: 0.0 in VM-116
 INFO 07-15 18:04:27,552 TaskEventRateCalculator:114 [pool-8-thread-1] - ---- Start of task processed event (# tasks: 1 in executor VM-116)----
METRICLOG/VM-116	Stage2-0-0	inputR: 0	inputP:0	output:0	inW:2026-07-15T17:55:35.290Z	ioutW:2026-07-15T17:55:35.290Z	ptime:0	dsertime:0	inbytes:0	sertime:0	outbytes:0	numKey:1683	owc:0
----- End of taks processed event ----

 INFO 07-15 18:04:27,552 CpuBottleneckDetectorImpl:63 [pool-8-thread-1] - Current cpu load: 0.0, # processed events: 0, consecutive: 0/2, threshold: 0.9 in VM-116
 INFO 07-15 18:04:28,551 SystemLoadProfiler:50 [pool-8-thread-1] - Average CPU Load: 0.0 in VM-116
 INFO 07-15 18:04:28,552 TaskEventRateCalculator:114 [pool-8-thread-1] - ---- Start of task processed event (# tasks: 1 in executor VM-116)----
METRICLOG/VM-116	Stage2-0-0	inputR: 0	inputP:0	output:0	inW:2026-07-15T17:55:35.290Z	ioutW:2026-07-15T17:55:35.290Z	ptime:0	dsertime:0	inbytes:0	sertime:0	outbytes:0	numKey:1683	owc:0
----- End of taks processed event ----

 INFO 07-15 18:04:28,552 CpuBottleneckDetectorImpl:63 [pool-8-thread-1] - Current cpu load: 0.0, # processed events: 0, consecutive: 0/2, threshold: 0.9 in VM-116
 INFO 07-15 18:04:29,552 SystemLoadProfiler:50 [pool-8-thread-1] - Average CPU Load: 0.0 in VM-116
 INFO 07-15 18:04:29,552 TaskEventRateCalculator:114 [pool-8-thread-1] - ---- Start of task processed event (# tasks: 1 in executor VM-116)----
METRICLOG/VM-116	Stage2-0-0	inputR: 0	inputP:0	output:0	inW:2026-07-15T17:55:35.290Z	ioutW:2026-07-15T17:55:35.290Z	ptime:0	dsertime:0	inbytes:0	sertime:0	outbytes:0	numKey:1683	owc:0
----- End of taks processed event ----

 INFO 07-15 18:04:29,552 CpuBottleneckDetectorImpl:63 [pool-8-thread-1] - Current cpu load: 0.0, # processed events: 0, consecutive: 0/2, threshold: 0.9 in VM-116
 INFO 07-15 18:04:30,552 SystemLoadProfiler:50 [pool-8-thread-1] - Average CPU Load: 0.0 in VM-116
 INFO 07-15 18:04:30,552 TaskEventRateCalculator:114 [pool-8-thread-1] - ---- Start of task processed event (# tasks: 1 in executor VM-116)----
METRICLOG/VM-116	Stage2-0-0	inputR: 0	inputP:0	output:0	inW:2026-07-15T17:55:35.290Z	ioutW:2026-07-15T17:55:35.290Z	ptime:0	dsertime:0	inbytes:0	sertime:0	outbytes:0	numKey:1683	owc:0
----- End of taks processed event ----

 INFO 07-15 18:04:30,553 CpuBottleneckDetectorImpl:63 [pool-8-thread-1] - Current cpu load: 0.0, # processed events: 0, consecutive: 0/2, threshold: 0.9 in VM-116
 INFO 07-15 18:04:31,552 SystemLoadProfiler:50 [pool-8-thread-1] - Average CPU Load: 0.0 in VM-116
 INFO 07-15 18:04:31,552 TaskEventRateCalculator:114 [pool-8-thread-1] - ---- Start of task processed event (# tasks: 1 in executor VM-116)----
METRICLOG/VM-116	Stage2-0-0	inputR: 0	inputP:0	output:0	inW:2026-07-15T17:55:35.290Z	ioutW:2026-07-15T17:55:35.290Z	ptime:0	dsertime:0	inbytes:0	sertime:0	outbytes:0	numKey:1683	owc:0
----- End of taks processed event ----

 INFO 07-15 18:04:31,552 CpuBottleneckDetectorImpl:63 [pool-8-thread-1] - Current cpu load: 0.0, # processed events: 0, consecutive: 0/2, threshold: 0.9 in VM-116
 INFO 07-15 18:04:32,552 SystemLoadProfiler:50 [pool-8-thread-1] - Average CPU Load: 0.0 in VM-116
 INFO 07-15 18:04:32,552 TaskEventRateCalculator:114 [pool-8-thread-1] - ---- Start of task processed event (# tasks: 1 in executor VM-116)----
METRICLOG/VM-116	Stage2-0-0	inputR: 0	inputP:0	output:0	inW:2026-07-15T17:55:35.290Z	ioutW:2026-07-15T17:55:35.290Z	ptime:0	dsertime:0	inbytes:0	sertime:0	outbytes:0	numKey:1683	owc:0
----- End of taks processed event ----

 INFO 07-15 18:04:32,552 CpuBottleneckDetectorImpl:63 [pool-8-thread-1] - Current cpu load: 0.0, # processed events: 0, consecutive: 0/2, threshold: 0.9 in VM-116
 INFO 07-15 18:04:33,552 SystemLoadProfiler:50 [pool-8-thread-1] - Average CPU Load: 0.0 in VM-116
 INFO 07-15 18:04:33,552 TaskEventRateCalculator:114 [pool-8-thread-1] - ---- Start of task processed event (# tasks: 1 in executor VM-116)----
METRICLOG/VM-116	Stage2-0-0	inputR: 0	inputP:0	output:0	inW:2026-07-15T17:55:35.290Z	ioutW:2026-07-15T17:55:35.290Z	ptime:0	dsertime:0	inbytes:0	sertime:0	outbytes:0	numKey:1683	owc:0
----- End of taks processed event ----

 INFO 07-15 18:04:33,552 CpuBottleneckDetectorImpl:63 [pool-8-thread-1] - Current cpu load: 0.0, # processed events: 0, consecutive: 0/2, threshold: 0.9 in VM-116
 INFO 07-15 18:04:34,552 SystemLoadProfiler:50 [pool-8-thread-1] - Average CPU Load: 0.0 in VM-116
 INFO 07-15 18:04:34,552 TaskEventRateCalculator:114 [pool-8-thread-1] - ---- Start of task processed event (# tasks: 1 in executor VM-116)----
METRICLOG/VM-116	Stage2-0-0	inputR: 0	inputP:0	output:0	inW:2026-07-15T17:55:35.290Z	ioutW:2026-07-15T17:55:35.290Z	ptime:0	dsertime:0	inbytes:0	sertime:0	outbytes:0	numKey:1683	owc:0
----- End of taks processed event ----

 INFO 07-15 18:04:34,552 CpuBottleneckDetectorImpl:63 [pool-8-thread-1] - Current cpu load: 0.0, # processed events: 0, consecutive: 0/2, threshold: 0.9 in VM-116
 INFO 07-15 18:04:35,551 SystemLoadProfiler:50 [pool-8-thread-1] - Average CPU Load: 0.0 in VM-116
 INFO 07-15 18:04:35,552 TaskEventRateCalculator:114 [pool-8-thread-1] - ---- Start of task processed event (# tasks: 1 in executor VM-116)----
METRICLOG/VM-116	Stage2-0-0	inputR: 0	inputP:0	output:0	inW:2026-07-15T17:55:35.290Z	ioutW:2026-07-15T17:55:35.290Z	ptime:0	dsertime:0	inbytes:0	sertime:0	outbytes:0	numKey:1683	owc:0
----- End of taks processed event ----

 INFO 07-15 18:04:35,552 CpuBottleneckDetectorImpl:63 [pool-8-thread-1] - Current cpu load: 0.0, # processed events: 0, consecutive: 0/2, threshold: 0.9 in VM-116
 INFO 07-15 18:04:36,552 SystemLoadProfiler:50 [pool-8-thread-1] - Average CPU Load: 0.0 in VM-116
 INFO 07-15 18:04:36,552 TaskEventRateCalculator:114 [pool-8-thread-1] - ---- Start of task processed event (# tasks: 1 in executor VM-116)----
METRICLOG/VM-116	Stage2-0-0	inputR: 0	inputP:0	output:0	inW:2026-07-15T17:55:35.290Z	ioutW:2026-07-15T17:55:35.290Z	ptime:0	dsertime:0	inbytes:0	sertime:0	outbytes:0	numKey:1683	owc:0
----- End of taks processed event ----

 INFO 07-15 18:04:36,552 CpuBottleneckDetectorImpl:63 [pool-8-thread-1] - Current cpu load: 0.0, # processed events: 0, consecutive: 0/2, threshold: 0.9 in VM-116
 INFO 07-15 18:04:37,552 SystemLoadProfiler:50 [pool-8-thread-1] - Average CPU Load: 0.0 in VM-116
 INFO 07-15 18:04:37,552 TaskEventRateCalculator:114 [pool-8-thread-1] - ---- Start of task processed event (# tasks: 1 in executor VM-116)----
METRICLOG/VM-116	Stage2-0-0	inputR: 0	inputP:0	output:0	inW:2026-07-15T17:55:35.290Z	ioutW:2026-07-15T17:55:35.290Z	ptime:0	dsertime:0	inbytes:0	sertime:0	outbytes:0	numKey:1683	owc:0
----- End of taks processed event ----

 INFO 07-15 18:04:37,552 CpuBottleneckDetectorImpl:63 [pool-8-thread-1] - Current cpu load: 0.0, # processed events: 0, consecutive: 0/2, threshold: 0.9 in VM-116
 INFO 07-15 18:04:38,552 SystemLoadProfiler:50 [pool-8-thread-1] - Average CPU Load: 0.0 in VM-116
 INFO 07-15 18:04:38,552 TaskEventRateCalculator:114 [pool-8-thread-1] - ---- Start of task processed event (# tasks: 1 in executor VM-116)----
METRICLOG/VM-116	Stage2-0-0	inputR: 0	inputP:0	output:0	inW:2026-07-15T17:55:35.290Z	ioutW:2026-07-15T17:55:35.290Z	ptime:0	dsertime:0	inbytes:0	sertime:0	outbytes:0	numKey:1683	owc:0
----- End of taks processed event ----

 INFO 07-15 18:04:38,552 CpuBottleneckDetectorImpl:63 [pool-8-thread-1] - Current cpu load: 0.0, # processed events: 0, consecutive: 0/2, threshold: 0.9 in VM-116
 INFO 07-15 18:04:39,552 SystemLoadProfiler:50 [pool-8-thread-1] - Average CPU Load: 0.0 in VM-116
 INFO 07-15 18:04:39,552 TaskEventRateCalculator:114 [pool-8-thread-1] - ---- Start of task processed event (# tasks: 1 in executor VM-116)----
METRICLOG/VM-116	Stage2-0-0	inputR: 0	inputP:0	output:0	inW:2026-07-15T17:55:35.290Z	ioutW:2026-07-15T17:55:35.290Z	ptime:0	dsertime:0	inbytes:0	sertime:0	outbytes:0	numKey:1683	owc:0
----- End of taks processed event ----

 INFO 07-15 18:04:39,552 CpuBottleneckDetectorImpl:63 [pool-8-thread-1] - Current cpu load: 0.0, # processed events: 0, consecutive: 0/2, threshold: 0.9 in VM-116
 INFO 07-15 18:04:40,552 SystemLoadProfiler:50 [pool-8-thread-1] - Average CPU Load: 0.0 in VM-116
 INFO 07-15 18:04:40,552 TaskEventRateCalculator:114 [pool-8-thread-1] - ---- Start of task processed event (# tasks: 1 in executor VM-116)----
METRICLOG/VM-116	Stage2-0-0	inputR: 0	inputP:0	output:0	inW:2026-07-15T17:55:35.290Z	ioutW:2026-07-15T17:55:35.290Z	ptime:0	dsertime:0	inbytes:0	sertime:0	outbytes:0	numKey:1683	owc:0
----- End of taks processed event ----

 INFO 07-15 18:04:40,552 CpuBottleneckDetectorImpl:63 [pool-8-thread-1] - Current cpu load: 0.0, # processed events: 0, consecutive: 0/2, threshold: 0.9 in VM-116
 INFO 07-15 18:04:41,552 SystemLoadProfiler:50 [pool-8-thread-1] - Average CPU Load: 0.0 in VM-116
 INFO 07-15 18:04:41,552 TaskEventRateCalculator:114 [pool-8-thread-1] - ---- Start of task processed event (# tasks: 1 in executor VM-116)----
METRICLOG/VM-116	Stage2-0-0	inputR: 0	inputP:0	output:0	inW:2026-07-15T17:55:35.290Z	ioutW:2026-07-15T17:55:35.290Z	ptime:0	dsertime:0	inbytes:0	sertime:0	outbytes:0	numKey:1683	owc:0
----- End of taks processed event ----

 INFO 07-15 18:04:41,552 CpuBottleneckDetectorImpl:63 [pool-8-thread-1] - Current cpu load: 0.0, # processed events: 0, consecutive: 0/2, threshold: 0.9 in VM-116
 INFO 07-15 18:04:42,552 SystemLoadProfiler:50 [pool-8-thread-1] - Average CPU Load: 0.0 in VM-116
 INFO 07-15 18:04:42,552 TaskEventRateCalculator:114 [pool-8-thread-1] - ---- Start of task processed event (# tasks: 1 in executor VM-116)----
METRICLOG/VM-116	Stage2-0-0	inputR: 0	inputP:0	output:0	inW:2026-07-15T17:55:35.290Z	ioutW:2026-07-15T17:55:35.290Z	ptime:0	dsertime:0	inbytes:0	sertime:0	outbytes:0	numKey:1683	owc:0
----- End of taks processed event ----

 INFO 07-15 18:04:42,552 CpuBottleneckDetectorImpl:63 [pool-8-thread-1] - Current cpu load: 0.0, # processed events: 0, consecutive: 0/2, threshold: 0.9 in VM-116
 INFO 07-15 18:04:43,552 SystemLoadProfiler:50 [pool-8-thread-1] - Average CPU Load: 0.0 in VM-116
 INFO 07-15 18:04:43,552 TaskEventRateCalculator:114 [pool-8-thread-1] - ---- Start of task processed event (# tasks: 1 in executor VM-116)----
METRICLOG/VM-116	Stage2-0-0	inputR: 0	inputP:0	output:0	inW:2026-07-15T17:55:35.290Z	ioutW:2026-07-15T17:55:35.290Z	ptime:0	dsertime:0	inbytes:0	sertime:0	outbytes:0	numKey:1683	owc:0
----- End of taks processed event ----

 INFO 07-15 18:04:43,552 CpuBottleneckDetectorImpl:63 [pool-8-thread-1] - Current cpu load: 0.0, # processed events: 0, consecutive: 0/2, threshold: 0.9 in VM-116
 INFO 07-15 18:04:44,552 SystemLoadProfiler:50 [pool-8-thread-1] - Average CPU Load: 0.0 in VM-116
 INFO 07-15 18:04:44,552 TaskEventRateCalculator:114 [pool-8-thread-1] - ---- Start of task processed event (# tasks: 1 in executor VM-116)----
METRICLOG/VM-116	Stage2-0-0	inputR: 0	inputP:0	output:0	inW:2026-07-15T17:55:35.290Z	ioutW:2026-07-15T17:55:35.290Z	ptime:0	dsertime:0	inbytes:0	sertime:0	outbytes:0	numKey:1683	owc:0
----- End of taks processed event ----

 INFO 07-15 18:04:44,552 CpuBottleneckDetectorImpl:63 [pool-8-thread-1] - Current cpu load: 0.0, # processed events: 0, consecutive: 0/2, threshold: 0.9 in VM-116
 INFO 07-15 18:04:45,552 SystemLoadProfiler:50 [pool-8-thread-1] - Average CPU Load: 0.0 in VM-116
 INFO 07-15 18:04:45,552 TaskEventRateCalculator:114 [pool-8-thread-1] - ---- Start of task processed event (# tasks: 1 in executor VM-116)----
METRICLOG/VM-116	Stage2-0-0	inputR: 0	inputP:0	output:0	inW:2026-07-15T17:55:35.290Z	ioutW:2026-07-15T17:55:35.290Z	ptime:0	dsertime:0	inbytes:0	sertime:0	outbytes:0	numKey:1683	owc:0
----- End of taks processed event ----

 INFO 07-15 18:04:45,552 CpuBottleneckDetectorImpl:63 [pool-8-thread-1] - Current cpu load: 0.0, # processed events: 0, consecutive: 0/2, threshold: 0.9 in VM-116
 INFO 07-15 18:04:46,552 SystemLoadProfiler:50 [pool-8-thread-1] - Average CPU Load: 0.0 in VM-116
 INFO 07-15 18:04:46,552 TaskEventRateCalculator:114 [pool-8-thread-1] - ---- Start of task processed event (# tasks: 1 in executor VM-116)----
METRICLOG/VM-116	Stage2-0-0	inputR: 0	inputP:0	output:0	inW:2026-07-15T17:55:35.290Z	ioutW:2026-07-15T17:55:35.290Z	ptime:0	dsertime:0	inbytes:0	sertime:0	outbytes:0	numKey:1683	owc:0
----- End of taks processed event ----

 INFO 07-15 18:04:46,552 CpuBottleneckDetectorImpl:63 [pool-8-thread-1] - Current cpu load: 0.0, # processed events: 0, consecutive: 0/2, threshold: 0.9 in VM-116
 INFO 07-15 18:04:47,552 SystemLoadProfiler:50 [pool-8-thread-1] - Average CPU Load: 0.0 in VM-116
 INFO 07-15 18:04:47,552 TaskEventRateCalculator:114 [pool-8-thread-1] - ---- Start of task processed event (# tasks: 1 in executor VM-116)----
METRICLOG/VM-116	Stage2-0-0	inputR: 0	inputP:0	output:0	inW:2026-07-15T17:55:35.290Z	ioutW:2026-07-15T17:55:35.290Z	ptime:0	dsertime:0	inbytes:0	sertime:0	outbytes:0	numKey:1683	owc:0
----- End of taks processed event ----

 INFO 07-15 18:04:47,552 CpuBottleneckDetectorImpl:63 [pool-8-thread-1] - Current cpu load: 0.0, # processed events: 0, consecutive: 0/2, threshold: 0.9 in VM-116
 INFO 07-15 18:04:48,551 SystemLoadProfiler:50 [pool-8-thread-1] - Average CPU Load: 0.0 in VM-116
 INFO 07-15 18:04:48,552 TaskEventRateCalculator:114 [pool-8-thread-1] - ---- Start of task processed event (# tasks: 1 in executor VM-116)----
METRICLOG/VM-116	Stage2-0-0	inputR: 0	inputP:0	output:0	inW:2026-07-15T17:55:35.290Z	ioutW:2026-07-15T17:55:35.290Z	ptime:0	dsertime:0	inbytes:0	sertime:0	outbytes:0	numKey:1683	owc:0
----- End of taks processed event ----

 INFO 07-15 18:04:48,552 CpuBottleneckDetectorImpl:63 [pool-8-thread-1] - Current cpu load: 0.0, # processed events: 0, consecutive: 0/2, threshold: 0.9 in VM-116
 INFO 07-15 18:04:49,552 SystemLoadProfiler:50 [pool-8-thread-1] - Average CPU Load: 0.0 in VM-116
 INFO 07-15 18:04:49,552 TaskEventRateCalculator:114 [pool-8-thread-1] - ---- Start of task processed event (# tasks: 1 in executor VM-116)----
METRICLOG/VM-116	Stage2-0-0	inputR: 0	inputP:0	output:0	inW:2026-07-15T17:55:35.290Z	ioutW:2026-07-15T17:55:35.290Z	ptime:0	dsertime:0	inbytes:0	sertime:0	outbytes:0	numKey:1683	owc:0
----- End of taks processed event ----

 INFO 07-15 18:04:49,552 CpuBottleneckDetectorImpl:63 [pool-8-thread-1] - Current cpu load: 0.0, # processed events: 0, consecutive: 0/2, threshold: 0.9 in VM-116
 INFO 07-15 18:04:50,551 SystemLoadProfiler:50 [pool-8-thread-1] - Average CPU Load: 0.0 in VM-116
 INFO 07-15 18:04:50,552 TaskEventRateCalculator:114 [pool-8-thread-1] - ---- Start of task processed event (# tasks: 1 in executor VM-116)----
METRICLOG/VM-116	Stage2-0-0	inputR: 0	inputP:0	output:0	inW:2026-07-15T17:55:35.290Z	ioutW:2026-07-15T17:55:35.290Z	ptime:0	dsertime:0	inbytes:0	sertime:0	outbytes:0	numKey:1683	owc:0
----- End of taks processed event ----

 INFO 07-15 18:04:50,552 CpuBottleneckDetectorImpl:63 [pool-8-thread-1] - Current cpu load: 0.0, # processed events: 0, consecutive: 0/2, threshold: 0.9 in VM-116
 INFO 07-15 18:04:51,552 SystemLoadProfiler:50 [pool-8-thread-1] - Average CPU Load: 0.0 in VM-116
 INFO 07-15 18:04:51,552 TaskEventRateCalculator:114 [pool-8-thread-1] - ---- Start of task processed event (# tasks: 1 in executor VM-116)----
METRICLOG/VM-116	Stage2-0-0	inputR: 0	inputP:0	output:0	inW:2026-07-15T17:55:35.290Z	ioutW:2026-07-15T17:55:35.290Z	ptime:0	dsertime:0	inbytes:0	sertime:0	outbytes:0	numKey:1683	owc:0
----- End of taks processed event ----

 INFO 07-15 18:04:51,552 CpuBottleneckDetectorImpl:63 [pool-8-thread-1] - Current cpu load: 0.0, # processed events: 0, consecutive: 0/2, threshold: 0.9 in VM-116
 INFO 07-15 18:04:52,552 SystemLoadProfiler:50 [pool-8-thread-1] - Average CPU Load: 0.0 in VM-116
 INFO 07-15 18:04:52,552 TaskEventRateCalculator:114 [pool-8-thread-1] - ---- Start of task processed event (# tasks: 1 in executor VM-116)----
METRICLOG/VM-116	Stage2-0-0	inputR: 0	inputP:0	output:0	inW:2026-07-15T17:55:35.290Z	ioutW:2026-07-15T17:55:35.290Z	ptime:0	dsertime:0	inbytes:0	sertime:0	outbytes:0	numKey:1683	owc:0
----- End of taks processed event ----

 INFO 07-15 18:04:52,552 CpuBottleneckDetectorImpl:63 [pool-8-thread-1] - Current cpu load: 0.0, # processed events: 0, consecutive: 0/2, threshold: 0.9 in VM-116
 INFO 07-15 18:04:53,552 SystemLoadProfiler:50 [pool-8-thread-1] - Average CPU Load: 0.0 in VM-116
 INFO 07-15 18:04:53,552 TaskEventRateCalculator:114 [pool-8-thread-1] - ---- Start of task processed event (# tasks: 1 in executor VM-116)----
METRICLOG/VM-116	Stage2-0-0	inputR: 0	inputP:0	output:0	inW:2026-07-15T17:55:35.290Z	ioutW:2026-07-15T17:55:35.290Z	ptime:0	dsertime:0	inbytes:0	sertime:0	outbytes:0	numKey:1683	owc:0
----- End of taks processed event ----

 INFO 07-15 18:04:53,552 CpuBottleneckDetectorImpl:63 [pool-8-thread-1] - Current cpu load: 0.0, # processed events: 0, consecutive: 0/2, threshold: 0.9 in VM-116
 INFO 07-15 18:04:54,553 SystemLoadProfiler:50 [pool-8-thread-1] - Average CPU Load: 0.0 in VM-116
 INFO 07-15 18:04:54,553 TaskEventRateCalculator:114 [pool-8-thread-1] - ---- Start of task processed event (# tasks: 1 in executor VM-116)----
METRICLOG/VM-116	Stage2-0-0	inputR: 0	inputP:0	output:0	inW:2026-07-15T17:55:35.290Z	ioutW:2026-07-15T17:55:35.290Z	ptime:0	dsertime:0	inbytes:0	sertime:0	outbytes:0	numKey:1683	owc:0
----- End of taks processed event ----

 INFO 07-15 18:04:54,553 CpuBottleneckDetectorImpl:63 [pool-8-thread-1] - Current cpu load: 0.0, # processed events: 0, consecutive: 0/2, threshold: 0.9 in VM-116
 INFO 07-15 18:04:55,552 SystemLoadProfiler:50 [pool-8-thread-1] - Average CPU Load: 0.0 in VM-116
 INFO 07-15 18:04:55,552 TaskEventRateCalculator:114 [pool-8-thread-1] - ---- Start of task processed event (# tasks: 1 in executor VM-116)----
METRICLOG/VM-116	Stage2-0-0	inputR: 0	inputP:0	output:0	inW:2026-07-15T17:55:35.290Z	ioutW:2026-07-15T17:55:35.290Z	ptime:0	dsertime:0	inbytes:0	sertime:0	outbytes:0	numKey:1683	owc:0
----- End of taks processed event ----

 INFO 07-15 18:04:55,552 CpuBottleneckDetectorImpl:63 [pool-8-thread-1] - Current cpu load: 0.0, # processed events: 0, consecutive: 0/2, threshold: 0.9 in VM-116
 INFO 07-15 18:04:56,552 SystemLoadProfiler:50 [pool-8-thread-1] - Average CPU Load: 0.0 in VM-116
 INFO 07-15 18:04:56,552 TaskEventRateCalculator:114 [pool-8-thread-1] - ---- Start of task processed event (# tasks: 1 in executor VM-116)----
METRICLOG/VM-116	Stage2-0-0	inputR: 0	inputP:0	output:0	inW:2026-07-15T17:55:35.290Z	ioutW:2026-07-15T17:55:35.290Z	ptime:0	dsertime:0	inbytes:0	sertime:0	outbytes:0	numKey:1683	owc:0
----- End of taks processed event ----

 INFO 07-15 18:04:56,552 CpuBottleneckDetectorImpl:63 [pool-8-thread-1] - Current cpu load: 0.0, # processed events: 0, consecutive: 0/2, threshold: 0.9 in VM-116
 INFO 07-15 18:04:57,552 SystemLoadProfiler:50 [pool-8-thread-1] - Average CPU Load: 0.0 in VM-116
 INFO 07-15 18:04:57,552 TaskEventRateCalculator:114 [pool-8-thread-1] - ---- Start of task processed event (# tasks: 1 in executor VM-116)----
METRICLOG/VM-116	Stage2-0-0	inputR: 0	inputP:0	output:0	inW:2026-07-15T17:55:35.290Z	ioutW:2026-07-15T17:55:35.290Z	ptime:0	dsertime:0	inbytes:0	sertime:0	outbytes:0	numKey:1683	owc:0
----- End of taks processed event ----

 INFO 07-15 18:04:57,552 CpuBottleneckDetectorImpl:63 [pool-8-thread-1] - Current cpu load: 0.0, # processed events: 0, consecutive: 0/2, threshold: 0.9 in VM-116
 INFO 07-15 18:04:58,551 SystemLoadProfiler:50 [pool-8-thread-1] - Average CPU Load: 0.0 in VM-116
 INFO 07-15 18:04:58,552 TaskEventRateCalculator:114 [pool-8-thread-1] - ---- Start of task processed event (# tasks: 1 in executor VM-116)----
METRICLOG/VM-116	Stage2-0-0	inputR: 0	inputP:0	output:0	inW:2026-07-15T17:55:35.290Z	ioutW:2026-07-15T17:55:35.290Z	ptime:0	dsertime:0	inbytes:0	sertime:0	outbytes:0	numKey:1683	owc:0
----- End of taks processed event ----

 INFO 07-15 18:04:58,552 CpuBottleneckDetectorImpl:63 [pool-8-thread-1] - Current cpu load: 0.0, # processed events: 0, consecutive: 0/2, threshold: 0.9 in VM-116
 INFO 07-15 18:04:59,552 SystemLoadProfiler:50 [pool-8-thread-1] - Average CPU Load: 0.0 in VM-116
 INFO 07-15 18:04:59,552 TaskEventRateCalculator:114 [pool-8-thread-1] - ---- Start of task processed event (# tasks: 1 in executor VM-116)----
METRICLOG/VM-116	Stage2-0-0	inputR: 0	inputP:0	output:0	inW:2026-07-15T17:55:35.290Z	ioutW:2026-07-15T17:55:35.290Z	ptime:0	dsertime:0	inbytes:0	sertime:0	outbytes:0	numKey:1683	owc:0
----- End of taks processed event ----

 INFO 07-15 18:04:59,552 CpuBottleneckDetectorImpl:63 [pool-8-thread-1] - Current cpu load: 0.0, # processed events: 0, consecutive: 0/2, threshold: 0.9 in VM-116
 INFO 07-15 18:05:00,552 SystemLoadProfiler:50 [pool-8-thread-1] - Average CPU Load: 0.0 in VM-116
 INFO 07-15 18:05:00,552 TaskEventRateCalculator:114 [pool-8-thread-1] - ---- Start of task processed event (# tasks: 1 in executor VM-116)----
METRICLOG/VM-116	Stage2-0-0	inputR: 0	inputP:0	output:0	inW:2026-07-15T17:55:35.290Z	ioutW:2026-07-15T17:55:35.290Z	ptime:0	dsertime:0	inbytes:0	sertime:0	outbytes:0	numKey:1683	owc:0
----- End of taks processed event ----

 INFO 07-15 18:05:00,552 CpuBottleneckDetectorImpl:63 [pool-8-thread-1] - Current cpu load: 0.0, # processed events: 0, consecutive: 0/2, threshold: 0.9 in VM-116
 INFO 07-15 18:05:01,551 SystemLoadProfiler:50 [pool-8-thread-1] - Average CPU Load: 0.0 in VM-116
 INFO 07-15 18:05:01,552 TaskEventRateCalculator:114 [pool-8-thread-1] - ---- Start of task processed event (# tasks: 1 in executor VM-116)----
METRICLOG/VM-116	Stage2-0-0	inputR: 0	inputP:0	output:0	inW:2026-07-15T17:55:35.290Z	ioutW:2026-07-15T17:55:35.290Z	ptime:0	dsertime:0	inbytes:0	sertime:0	outbytes:0	numKey:1683	owc:0
----- End of taks processed event ----

 INFO 07-15 18:05:01,552 CpuBottleneckDetectorImpl:63 [pool-8-thread-1] - Current cpu load: 0.0, # processed events: 0, consecutive: 0/2, threshold: 0.9 in VM-116
 INFO 07-15 18:05:02,552 SystemLoadProfiler:50 [pool-8-thread-1] - Average CPU Load: 0.0 in VM-116
 INFO 07-15 18:05:02,552 TaskEventRateCalculator:114 [pool-8-thread-1] - ---- Start of task processed event (# tasks: 1 in executor VM-116)----
METRICLOG/VM-116	Stage2-0-0	inputR: 0	inputP:0	output:0	inW:2026-07-15T17:55:35.290Z	ioutW:2026-07-15T17:55:35.290Z	ptime:0	dsertime:0	inbytes:0	sertime:0	outbytes:0	numKey:1683	owc:0
----- End of taks processed event ----

 INFO 07-15 18:05:02,552 CpuBottleneckDetectorImpl:63 [pool-8-thread-1] - Current cpu load: 0.0, # processed events: 0, consecutive: 0/2, threshold: 0.9 in VM-116
 INFO 07-15 18:05:03,552 SystemLoadProfiler:50 [pool-8-thread-1] - Average CPU Load: 0.0 in VM-116
 INFO 07-15 18:05:03,552 TaskEventRateCalculator:114 [pool-8-thread-1] - ---- Start of task processed event (# tasks: 1 in executor VM-116)----
METRICLOG/VM-116	Stage2-0-0	inputR: 0	inputP:0	output:0	inW:2026-07-15T17:55:35.290Z	ioutW:2026-07-15T17:55:35.290Z	ptime:0	dsertime:0	inbytes:0	sertime:0	outbytes:0	numKey:1683	owc:0
----- End of taks processed event ----

 INFO 07-15 18:05:03,552 CpuBottleneckDetectorImpl:63 [pool-8-thread-1] - Current cpu load: 0.0, # processed events: 0, consecutive: 0/2, threshold: 0.9 in VM-116
 INFO 07-15 18:05:04,551 SystemLoadProfiler:50 [pool-8-thread-1] - Average CPU Load: 0.0 in VM-116
 INFO 07-15 18:05:04,552 TaskEventRateCalculator:114 [pool-8-thread-1] - ---- Start of task processed event (# tasks: 1 in executor VM-116)----
METRICLOG/VM-116	Stage2-0-0	inputR: 0	inputP:0	output:0	inW:2026-07-15T17:55:35.290Z	ioutW:2026-07-15T17:55:35.290Z	ptime:0	dsertime:0	inbytes:0	sertime:0	outbytes:0	numKey:1683	owc:0
----- End of taks processed event ----

 INFO 07-15 18:05:04,552 CpuBottleneckDetectorImpl:63 [pool-8-thread-1] - Current cpu load: 0.0, # processed events: 0, consecutive: 0/2, threshold: 0.9 in VM-116
 INFO 07-15 18:05:05,552 SystemLoadProfiler:50 [pool-8-thread-1] - Average CPU Load: 0.0 in VM-116
 INFO 07-15 18:05:05,552 TaskEventRateCalculator:114 [pool-8-thread-1] - ---- Start of task processed event (# tasks: 1 in executor VM-116)----
METRICLOG/VM-116	Stage2-0-0	inputR: 0	inputP:0	output:0	inW:2026-07-15T17:55:35.290Z	ioutW:2026-07-15T17:55:35.290Z	ptime:0	dsertime:0	inbytes:0	sertime:0	outbytes:0	numKey:1683	owc:0
----- End of taks processed event ----

 INFO 07-15 18:05:05,552 CpuBottleneckDetectorImpl:63 [pool-8-thread-1] - Current cpu load: 0.0, # processed events: 0, consecutive: 0/2, threshold: 0.9 in VM-116
 INFO 07-15 18:05:06,552 SystemLoadProfiler:50 [pool-8-thread-1] - Average CPU Load: 0.0 in VM-116
 INFO 07-15 18:05:06,552 TaskEventRateCalculator:114 [pool-8-thread-1] - ---- Start of task processed event (# tasks: 1 in executor VM-116)----
METRICLOG/VM-116	Stage2-0-0	inputR: 0	inputP:0	output:0	inW:2026-07-15T17:55:35.290Z	ioutW:2026-07-15T17:55:35.290Z	ptime:0	dsertime:0	inbytes:0	sertime:0	outbytes:0	numKey:1683	owc:0
----- End of taks processed event ----

 INFO 07-15 18:05:06,552 CpuBottleneckDetectorImpl:63 [pool-8-thread-1] - Current cpu load: 0.0, # processed events: 0, consecutive: 0/2, threshold: 0.9 in VM-116
 INFO 07-15 18:05:07,552 SystemLoadProfiler:50 [pool-8-thread-1] - Average CPU Load: 0.0 in VM-116
 INFO 07-15 18:05:07,552 TaskEventRateCalculator:114 [pool-8-thread-1] - ---- Start of task processed event (# tasks: 1 in executor VM-116)----
METRICLOG/VM-116	Stage2-0-0	inputR: 0	inputP:0	output:0	inW:2026-07-15T17:55:35.290Z	ioutW:2026-07-15T17:55:35.290Z	ptime:0	dsertime:0	inbytes:0	sertime:0	outbytes:0	numKey:1683	owc:0
----- End of taks processed event ----

 INFO 07-15 18:05:07,552 CpuBottleneckDetectorImpl:63 [pool-8-thread-1] - Current cpu load: 0.0, # processed events: 0, consecutive: 0/2, threshold: 0.9 in VM-116
 INFO 07-15 18:05:08,552 SystemLoadProfiler:50 [pool-8-thread-1] - Average CPU Load: 0.0 in VM-116
 INFO 07-15 18:05:08,552 TaskEventRateCalculator:114 [pool-8-thread-1] - ---- Start of task processed event (# tasks: 1 in executor VM-116)----
METRICLOG/VM-116	Stage2-0-0	inputR: 0	inputP:0	output:0	inW:2026-07-15T17:55:35.290Z	ioutW:2026-07-15T17:55:35.290Z	ptime:0	dsertime:0	inbytes:0	sertime:0	outbytes:0	numKey:1683	owc:0
----- End of taks processed event ----

 INFO 07-15 18:05:08,552 CpuBottleneckDetectorImpl:63 [pool-8-thread-1] - Current cpu load: 0.0, # processed events: 0, consecutive: 0/2, threshold: 0.9 in VM-116
 INFO 07-15 18:05:09,552 SystemLoadProfiler:50 [pool-8-thread-1] - Average CPU Load: 0.0 in VM-116
 INFO 07-15 18:05:09,552 TaskEventRateCalculator:114 [pool-8-thread-1] - ---- Start of task processed event (# tasks: 1 in executor VM-116)----
METRICLOG/VM-116	Stage2-0-0	inputR: 0	inputP:0	output:0	inW:2026-07-15T17:55:35.290Z	ioutW:2026-07-15T17:55:35.290Z	ptime:0	dsertime:0	inbytes:0	sertime:0	outbytes:0	numKey:1683	owc:0
----- End of taks processed event ----

 INFO 07-15 18:05:09,552 CpuBottleneckDetectorImpl:63 [pool-8-thread-1] - Current cpu load: 0.0, # processed events: 0, consecutive: 0/2, threshold: 0.9 in VM-116
 INFO 07-15 18:05:10,553 SystemLoadProfiler:50 [pool-8-thread-1] - Average CPU Load: 0.0 in VM-116
 INFO 07-15 18:05:10,554 TaskEventRateCalculator:114 [pool-8-thread-1] - ---- Start of task processed event (# tasks: 1 in executor VM-116)----
METRICLOG/VM-116	Stage2-0-0	inputR: 0	inputP:0	output:0	inW:2026-07-15T17:55:35.290Z	ioutW:2026-07-15T17:55:35.290Z	ptime:0	dsertime:0	inbytes:0	sertime:0	outbytes:0	numKey:1683	owc:0
----- End of taks processed event ----

 INFO 07-15 18:05:10,554 CpuBottleneckDetectorImpl:63 [pool-8-thread-1] - Current cpu load: 0.0, # processed events: 0, consecutive: 0/2, threshold: 0.9 in VM-116
 INFO 07-15 18:05:11,552 SystemLoadProfiler:50 [pool-8-thread-1] - Average CPU Load: 0.0 in VM-116
 INFO 07-15 18:05:11,552 TaskEventRateCalculator:114 [pool-8-thread-1] - ---- Start of task processed event (# tasks: 1 in executor VM-116)----
METRICLOG/VM-116	Stage2-0-0	inputR: 0	inputP:0	output:0	inW:2026-07-15T17:55:35.290Z	ioutW:2026-07-15T17:55:35.290Z	ptime:0	dsertime:0	inbytes:0	sertime:0	outbytes:0	numKey:1683	owc:0
----- End of taks processed event ----

 INFO 07-15 18:05:11,552 CpuBottleneckDetectorImpl:63 [pool-8-thread-1] - Current cpu load: 0.0, # processed events: 0, consecutive: 0/2, threshold: 0.9 in VM-116
 INFO 07-15 18:05:12,552 SystemLoadProfiler:50 [pool-8-thread-1] - Average CPU Load: 0.0 in VM-116
 INFO 07-15 18:05:12,552 TaskEventRateCalculator:114 [pool-8-thread-1] - ---- Start of task processed event (# tasks: 1 in executor VM-116)----
METRICLOG/VM-116	Stage2-0-0	inputR: 0	inputP:0	output:0	inW:2026-07-15T17:55:35.290Z	ioutW:2026-07-15T17:55:35.290Z	ptime:0	dsertime:0	inbytes:0	sertime:0	outbytes:0	numKey:1683	owc:0
----- End of taks processed event ----

 INFO 07-15 18:05:12,552 CpuBottleneckDetectorImpl:63 [pool-8-thread-1] - Current cpu load: 0.0, # processed events: 0, consecutive: 0/2, threshold: 0.9 in VM-116
 INFO 07-15 18:05:13,551 SystemLoadProfiler:50 [pool-8-thread-1] - Average CPU Load: 0.0 in VM-116
 INFO 07-15 18:05:13,552 TaskEventRateCalculator:114 [pool-8-thread-1] - ---- Start of task processed event (# tasks: 1 in executor VM-116)----
METRICLOG/VM-116	Stage2-0-0	inputR: 0	inputP:0	output:0	inW:2026-07-15T17:55:35.290Z	ioutW:2026-07-15T17:55:35.290Z	ptime:0	dsertime:0	inbytes:0	sertime:0	outbytes:0	numKey:1683	owc:0
----- End of taks processed event ----

 INFO 07-15 18:05:13,552 CpuBottleneckDetectorImpl:63 [pool-8-thread-1] - Current cpu load: 0.0, # processed events: 0, consecutive: 0/2, threshold: 0.9 in VM-116
 INFO 07-15 18:05:14,551 SystemLoadProfiler:50 [pool-8-thread-1] - Average CPU Load: 0.0 in VM-116
 INFO 07-15 18:05:14,552 TaskEventRateCalculator:114 [pool-8-thread-1] - ---- Start of task processed event (# tasks: 1 in executor VM-116)----
METRICLOG/VM-116	Stage2-0-0	inputR: 0	inputP:0	output:0	inW:2026-07-15T17:55:35.290Z	ioutW:2026-07-15T17:55:35.290Z	ptime:0	dsertime:0	inbytes:0	sertime:0	outbytes:0	numKey:1683	owc:0
----- End of taks processed event ----

 INFO 07-15 18:05:14,552 CpuBottleneckDetectorImpl:63 [pool-8-thread-1] - Current cpu load: 0.0, # processed events: 0, consecutive: 0/2, threshold: 0.9 in VM-116
 INFO 07-15 18:05:15,551 SystemLoadProfiler:50 [pool-8-thread-1] - Average CPU Load: 0.0 in VM-116
 INFO 07-15 18:05:15,552 TaskEventRateCalculator:114 [pool-8-thread-1] - ---- Start of task processed event (# tasks: 1 in executor VM-116)----
METRICLOG/VM-116	Stage2-0-0	inputR: 0	inputP:0	output:0	inW:2026-07-15T17:55:35.290Z	ioutW:2026-07-15T17:55:35.290Z	ptime:0	dsertime:0	inbytes:0	sertime:0	outbytes:0	numKey:1683	owc:0
----- End of taks processed event ----

 INFO 07-15 18:05:15,552 CpuBottleneckDetectorImpl:63 [pool-8-thread-1] - Current cpu load: 0.0, # processed events: 0, consecutive: 0/2, threshold: 0.9 in VM-116
 INFO 07-15 18:05:16,551 SystemLoadProfiler:50 [pool-8-thread-1] - Average CPU Load: 0.0 in VM-116
 INFO 07-15 18:05:16,552 TaskEventRateCalculator:114 [pool-8-thread-1] - ---- Start of task processed event (# tasks: 1 in executor VM-116)----
METRICLOG/VM-116	Stage2-0-0	inputR: 0	inputP:0	output:0	inW:2026-07-15T17:55:35.290Z	ioutW:2026-07-15T17:55:35.290Z	ptime:0	dsertime:0	inbytes:0	sertime:0	outbytes:0	numKey:1683	owc:0
----- End of taks processed event ----

 INFO 07-15 18:05:16,552 CpuBottleneckDetectorImpl:63 [pool-8-thread-1] - Current cpu load: 0.0, # processed events: 0, consecutive: 0/2, threshold: 0.9 in VM-116
 INFO 07-15 18:05:17,551 SystemLoadProfiler:50 [pool-8-thread-1] - Average CPU Load: 0.0 in VM-116
 INFO 07-15 18:05:17,552 TaskEventRateCalculator:114 [pool-8-thread-1] - ---- Start of task processed event (# tasks: 1 in executor VM-116)----
METRICLOG/VM-116	Stage2-0-0	inputR: 0	inputP:0	output:0	inW:2026-07-15T17:55:35.290Z	ioutW:2026-07-15T17:55:35.290Z	ptime:0	dsertime:0	inbytes:0	sertime:0	outbytes:0	numKey:1683	owc:0
----- End of taks processed event ----

 INFO 07-15 18:05:17,552 CpuBottleneckDetectorImpl:63 [pool-8-thread-1] - Current cpu load: 0.0, # processed events: 0, consecutive: 0/2, threshold: 0.9 in VM-116
 INFO 07-15 18:05:18,553 SystemLoadProfiler:50 [pool-8-thread-1] - Average CPU Load: 0.0 in VM-116
 INFO 07-15 18:05:18,554 TaskEventRateCalculator:114 [pool-8-thread-1] - ---- Start of task processed event (# tasks: 1 in executor VM-116)----
METRICLOG/VM-116	Stage2-0-0	inputR: 0	inputP:0	output:0	inW:2026-07-15T17:55:35.290Z	ioutW:2026-07-15T17:55:35.290Z	ptime:0	dsertime:0	inbytes:0	sertime:0	outbytes:0	numKey:1683	owc:0
----- End of taks processed event ----

 INFO 07-15 18:05:18,554 CpuBottleneckDetectorImpl:63 [pool-8-thread-1] - Current cpu load: 0.0, # processed events: 0, consecutive: 0/2, threshold: 0.9 in VM-116
 INFO 07-15 18:05:19,552 SystemLoadProfiler:50 [pool-8-thread-1] - Average CPU Load: 0.0 in VM-116
 INFO 07-15 18:05:19,552 TaskEventRateCalculator:114 [pool-8-thread-1] - ---- Start of task processed event (# tasks: 1 in executor VM-116)----
METRICLOG/VM-116	Stage2-0-0	inputR: 0	inputP:0	output:0	inW:2026-07-15T17:55:35.290Z	ioutW:2026-07-15T17:55:35.290Z	ptime:0	dsertime:0	inbytes:0	sertime:0	outbytes:0	numKey:1683	owc:0
----- End of taks processed event ----

 INFO 07-15 18:05:19,552 CpuBottleneckDetectorImpl:63 [pool-8-thread-1] - Current cpu load: 0.0, # processed events: 0, consecutive: 0/2, threshold: 0.9 in VM-116
 INFO 07-15 18:05:20,551 SystemLoadProfiler:50 [pool-8-thread-1] - Average CPU Load: 0.0 in VM-116
 INFO 07-15 18:05:20,552 TaskEventRateCalculator:114 [pool-8-thread-1] - ---- Start of task processed event (# tasks: 1 in executor VM-116)----
METRICLOG/VM-116	Stage2-0-0	inputR: 0	inputP:0	output:0	inW:2026-07-15T17:55:35.290Z	ioutW:2026-07-15T17:55:35.290Z	ptime:0	dsertime:0	inbytes:0	sertime:0	outbytes:0	numKey:1683	owc:0
----- End of taks processed event ----

 INFO 07-15 18:05:20,552 CpuBottleneckDetectorImpl:63 [pool-8-thread-1] - Current cpu load: 0.0, # processed events: 0, consecutive: 0/2, threshold: 0.9 in VM-116
 INFO 07-15 18:05:21,551 SystemLoadProfiler:50 [pool-8-thread-1] - Average CPU Load: 0.0 in VM-116
 INFO 07-15 18:05:21,552 TaskEventRateCalculator:114 [pool-8-thread-1] - ---- Start of task processed event (# tasks: 1 in executor VM-116)----
METRICLOG/VM-116	Stage2-0-0	inputR: 0	inputP:0	output:0	inW:2026-07-15T17:55:35.290Z	ioutW:2026-07-15T17:55:35.290Z	ptime:0	dsertime:0	inbytes:0	sertime:0	outbytes:0	numKey:1683	owc:0
----- End of taks processed event ----

 INFO 07-15 18:05:21,552 CpuBottleneckDetectorImpl:63 [pool-8-thread-1] - Current cpu load: 0.0, # processed events: 0, consecutive: 0/2, threshold: 0.9 in VM-116
 INFO 07-15 18:05:22,551 SystemLoadProfiler:50 [pool-8-thread-1] - Average CPU Load: 0.0 in VM-116
 INFO 07-15 18:05:22,552 TaskEventRateCalculator:114 [pool-8-thread-1] - ---- Start of task processed event (# tasks: 1 in executor VM-116)----
METRICLOG/VM-116	Stage2-0-0	inputR: 0	inputP:0	output:0	inW:2026-07-15T17:55:35.290Z	ioutW:2026-07-15T17:55:35.290Z	ptime:0	dsertime:0	inbytes:0	sertime:0	outbytes:0	numKey:1683	owc:0
----- End of taks processed event ----

 INFO 07-15 18:05:22,552 CpuBottleneckDetectorImpl:63 [pool-8-thread-1] - Current cpu load: 0.0, # processed events: 0, consecutive: 0/2, threshold: 0.9 in VM-116
 INFO 07-15 18:05:23,551 SystemLoadProfiler:50 [pool-8-thread-1] - Average CPU Load: 0.0 in VM-116
 INFO 07-15 18:05:23,552 TaskEventRateCalculator:114 [pool-8-thread-1] - ---- Start of task processed event (# tasks: 1 in executor VM-116)----
METRICLOG/VM-116	Stage2-0-0	inputR: 0	inputP:0	output:0	inW:2026-07-15T17:55:35.290Z	ioutW:2026-07-15T17:55:35.290Z	ptime:0	dsertime:0	inbytes:0	sertime:0	outbytes:0	numKey:1683	owc:0
----- End of taks processed event ----

 INFO 07-15 18:05:23,552 CpuBottleneckDetectorImpl:63 [pool-8-thread-1] - Current cpu load: 0.0, # processed events: 0, consecutive: 0/2, threshold: 0.9 in VM-116
 INFO 07-15 18:05:24,552 SystemLoadProfiler:50 [pool-8-thread-1] - Average CPU Load: 0.0 in VM-116
 INFO 07-15 18:05:24,552 TaskEventRateCalculator:114 [pool-8-thread-1] - ---- Start of task processed event (# tasks: 1 in executor VM-116)----
METRICLOG/VM-116	Stage2-0-0	inputR: 0	inputP:0	output:0	inW:2026-07-15T17:55:35.290Z	ioutW:2026-07-15T17:55:35.290Z	ptime:0	dsertime:0	inbytes:0	sertime:0	outbytes:0	numKey:1683	owc:0
----- End of taks processed event ----

 INFO 07-15 18:05:24,552 CpuBottleneckDetectorImpl:63 [pool-8-thread-1] - Current cpu load: 0.0, # processed events: 0, consecutive: 0/2, threshold: 0.9 in VM-116
 INFO 07-15 18:05:25,551 SystemLoadProfiler:50 [pool-8-thread-1] - Average CPU Load: 0.0 in VM-116
 INFO 07-15 18:05:25,552 TaskEventRateCalculator:114 [pool-8-thread-1] - ---- Start of task processed event (# tasks: 1 in executor VM-116)----
METRICLOG/VM-116	Stage2-0-0	inputR: 0	inputP:0	output:0	inW:2026-07-15T17:55:35.290Z	ioutW:2026-07-15T17:55:35.290Z	ptime:0	dsertime:0	inbytes:0	sertime:0	outbytes:0	numKey:1683	owc:0
----- End of taks processed event ----

 INFO 07-15 18:05:25,552 CpuBottleneckDetectorImpl:63 [pool-8-thread-1] - Current cpu load: 0.0, # processed events: 0, consecutive: 0/2, threshold: 0.9 in VM-116
 INFO 07-15 18:05:26,551 SystemLoadProfiler:50 [pool-8-thread-1] - Average CPU Load: 0.0 in VM-116
 INFO 07-15 18:05:26,552 TaskEventRateCalculator:114 [pool-8-thread-1] - ---- Start of task processed event (# tasks: 1 in executor VM-116)----
METRICLOG/VM-116	Stage2-0-0	inputR: 0	inputP:0	output:0	inW:2026-07-15T17:55:35.290Z	ioutW:2026-07-15T17:55:35.290Z	ptime:0	dsertime:0	inbytes:0	sertime:0	outbytes:0	numKey:1683	owc:0
----- End of taks processed event ----

 INFO 07-15 18:05:26,552 CpuBottleneckDetectorImpl:63 [pool-8-thread-1] - Current cpu load: 0.0, # processed events: 0, consecutive: 0/2, threshold: 0.9 in VM-116
 INFO 07-15 18:05:27,552 SystemLoadProfiler:50 [pool-8-thread-1] - Average CPU Load: 0.0 in VM-116
 INFO 07-15 18:05:27,552 TaskEventRateCalculator:114 [pool-8-thread-1] - ---- Start of task processed event (# tasks: 1 in executor VM-116)----
METRICLOG/VM-116	Stage2-0-0	inputR: 0	inputP:0	output:0	inW:2026-07-15T17:55:35.290Z	ioutW:2026-07-15T17:55:35.290Z	ptime:0	dsertime:0	inbytes:0	sertime:0	outbytes:0	numKey:1683	owc:0
----- End of taks processed event ----

 INFO 07-15 18:05:27,552 CpuBottleneckDetectorImpl:63 [pool-8-thread-1] - Current cpu load: 0.0, # processed events: 0, consecutive: 0/2, threshold: 0.9 in VM-116
 INFO 07-15 18:05:28,551 SystemLoadProfiler:50 [pool-8-thread-1] - Average CPU Load: 0.0 in VM-116
 INFO 07-15 18:05:28,552 TaskEventRateCalculator:114 [pool-8-thread-1] - ---- Start of task processed event (# tasks: 1 in executor VM-116)----
METRICLOG/VM-116	Stage2-0-0	inputR: 0	inputP:0	output:0	inW:2026-07-15T17:55:35.290Z	ioutW:2026-07-15T17:55:35.290Z	ptime:0	dsertime:0	inbytes:0	sertime:0	outbytes:0	numKey:1683	owc:0
----- End of taks processed event ----

 INFO 07-15 18:05:28,552 CpuBottleneckDetectorImpl:63 [pool-8-thread-1] - Current cpu load: 0.0, # processed events: 0, consecutive: 0/2, threshold: 0.9 in VM-116
 INFO 07-15 18:05:29,551 SystemLoadProfiler:50 [pool-8-thread-1] - Average CPU Load: 0.0 in VM-116
 INFO 07-15 18:05:29,552 TaskEventRateCalculator:114 [pool-8-thread-1] - ---- Start of task processed event (# tasks: 1 in executor VM-116)----
METRICLOG/VM-116	Stage2-0-0	inputR: 0	inputP:0	output:0	inW:2026-07-15T17:55:35.290Z	ioutW:2026-07-15T17:55:35.290Z	ptime:0	dsertime:0	inbytes:0	sertime:0	outbytes:0	numKey:1683	owc:0
----- End of taks processed event ----

 INFO 07-15 18:05:29,552 CpuBottleneckDetectorImpl:63 [pool-8-thread-1] - Current cpu load: 0.0, # processed events: 0, consecutive: 0/2, threshold: 0.9 in VM-116
 INFO 07-15 18:05:30,551 SystemLoadProfiler:50 [pool-8-thread-1] - Average CPU Load: 0.0 in VM-116
 INFO 07-15 18:05:30,552 TaskEventRateCalculator:114 [pool-8-thread-1] - ---- Start of task processed event (# tasks: 1 in executor VM-116)----
METRICLOG/VM-116	Stage2-0-0	inputR: 0	inputP:0	output:0	inW:2026-07-15T17:55:35.290Z	ioutW:2026-07-15T17:55:35.290Z	ptime:0	dsertime:0	inbytes:0	sertime:0	outbytes:0	numKey:1683	owc:0
----- End of taks processed event ----

 INFO 07-15 18:05:30,552 CpuBottleneckDetectorImpl:63 [pool-8-thread-1] - Current cpu load: 0.0, # processed events: 0, consecutive: 0/2, threshold: 0.9 in VM-116
 INFO 07-15 18:05:31,551 SystemLoadProfiler:50 [pool-8-thread-1] - Average CPU Load: 0.0 in VM-116
 INFO 07-15 18:05:31,552 TaskEventRateCalculator:114 [pool-8-thread-1] - ---- Start of task processed event (# tasks: 1 in executor VM-116)----
METRICLOG/VM-116	Stage2-0-0	inputR: 0	inputP:0	output:0	inW:2026-07-15T17:55:35.290Z	ioutW:2026-07-15T17:55:35.290Z	ptime:0	dsertime:0	inbytes:0	sertime:0	outbytes:0	numKey:1683	owc:0
----- End of taks processed event ----

 INFO 07-15 18:05:31,552 CpuBottleneckDetectorImpl:63 [pool-8-thread-1] - Current cpu load: 0.0, # processed events: 0, consecutive: 0/2, threshold: 0.9 in VM-116
 INFO 07-15 18:05:32,551 SystemLoadProfiler:50 [pool-8-thread-1] - Average CPU Load: 0.0 in VM-116
 INFO 07-15 18:05:32,552 TaskEventRateCalculator:114 [pool-8-thread-1] - ---- Start of task processed event (# tasks: 1 in executor VM-116)----
METRICLOG/VM-116	Stage2-0-0	inputR: 0	inputP:0	output:0	inW:2026-07-15T17:55:35.290Z	ioutW:2026-07-15T17:55:35.290Z	ptime:0	dsertime:0	inbytes:0	sertime:0	outbytes:0	numKey:1683	owc:0
----- End of taks processed event ----

 INFO 07-15 18:05:32,552 CpuBottleneckDetectorImpl:63 [pool-8-thread-1] - Current cpu load: 0.0, # processed events: 0, consecutive: 0/2, threshold: 0.9 in VM-116
 INFO 07-15 18:05:33,551 SystemLoadProfiler:50 [pool-8-thread-1] - Average CPU Load: 0.0 in VM-116
 INFO 07-15 18:05:33,552 TaskEventRateCalculator:114 [pool-8-thread-1] - ---- Start of task processed event (# tasks: 1 in executor VM-116)----
METRICLOG/VM-116	Stage2-0-0	inputR: 0	inputP:0	output:0	inW:2026-07-15T17:55:35.290Z	ioutW:2026-07-15T17:55:35.290Z	ptime:0	dsertime:0	inbytes:0	sertime:0	outbytes:0	numKey:1683	owc:0
----- End of taks processed event ----

 INFO 07-15 18:05:33,552 CpuBottleneckDetectorImpl:63 [pool-8-thread-1] - Current cpu load: 0.0, # processed events: 0, consecutive: 0/2, threshold: 0.9 in VM-116
 INFO 07-15 18:05:34,551 SystemLoadProfiler:50 [pool-8-thread-1] - Average CPU Load: 0.0 in VM-116
 INFO 07-15 18:05:34,552 TaskEventRateCalculator:114 [pool-8-thread-1] - ---- Start of task processed event (# tasks: 1 in executor VM-116)----
METRICLOG/VM-116	Stage2-0-0	inputR: 0	inputP:0	output:0	inW:2026-07-15T17:55:35.290Z	ioutW:2026-07-15T17:55:35.290Z	ptime:0	dsertime:0	inbytes:0	sertime:0	outbytes:0	numKey:1683	owc:0
----- End of taks processed event ----

 INFO 07-15 18:05:34,552 CpuBottleneckDetectorImpl:63 [pool-8-thread-1] - Current cpu load: 0.0, # processed events: 0, consecutive: 0/2, threshold: 0.9 in VM-116
 INFO 07-15 18:05:35,551 SystemLoadProfiler:50 [pool-8-thread-1] - Average CPU Load: 0.0 in VM-116
 INFO 07-15 18:05:35,552 TaskEventRateCalculator:114 [pool-8-thread-1] - ---- Start of task processed event (# tasks: 1 in executor VM-116)----
METRICLOG/VM-116	Stage2-0-0	inputR: 0	inputP:0	output:0	inW:2026-07-15T17:55:35.290Z	ioutW:2026-07-15T17:55:35.290Z	ptime:0	dsertime:0	inbytes:0	sertime:0	outbytes:0	numKey:1683	owc:0
----- End of taks processed event ----

 INFO 07-15 18:05:35,552 CpuBottleneckDetectorImpl:63 [pool-8-thread-1] - Current cpu load: 0.0, # processed events: 0, consecutive: 0/2, threshold: 0.9 in VM-116
 INFO 07-15 18:05:36,551 SystemLoadProfiler:50 [pool-8-thread-1] - Average CPU Load: 0.0 in VM-116
 INFO 07-15 18:05:36,552 TaskEventRateCalculator:114 [pool-8-thread-1] - ---- Start of task processed event (# tasks: 1 in executor VM-116)----
METRICLOG/VM-116	Stage2-0-0	inputR: 0	inputP:0	output:0	inW:2026-07-15T17:55:35.290Z	ioutW:2026-07-15T17:55:35.290Z	ptime:0	dsertime:0	inbytes:0	sertime:0	outbytes:0	numKey:1683	owc:0
----- End of taks processed event ----

 INFO 07-15 18:05:36,552 CpuBottleneckDetectorImpl:63 [pool-8-thread-1] - Current cpu load: 0.0, # processed events: 0, consecutive: 0/2, threshold: 0.9 in VM-116
 INFO 07-15 18:05:37,551 SystemLoadProfiler:50 [pool-8-thread-1] - Average CPU Load: 0.0 in VM-116
 INFO 07-15 18:05:37,552 TaskEventRateCalculator:114 [pool-8-thread-1] - ---- Start of task processed event (# tasks: 1 in executor VM-116)----
METRICLOG/VM-116	Stage2-0-0	inputR: 0	inputP:0	output:0	inW:2026-07-15T17:55:35.290Z	ioutW:2026-07-15T17:55:35.290Z	ptime:0	dsertime:0	inbytes:0	sertime:0	outbytes:0	numKey:1683	owc:0
----- End of taks processed event ----

 INFO 07-15 18:05:37,552 CpuBottleneckDetectorImpl:63 [pool-8-thread-1] - Current cpu load: 0.0, # processed events: 0, consecutive: 0/2, threshold: 0.9 in VM-116
 INFO 07-15 18:05:38,551 SystemLoadProfiler:50 [pool-8-thread-1] - Average CPU Load: 0.0 in VM-116
 INFO 07-15 18:05:38,552 TaskEventRateCalculator:114 [pool-8-thread-1] - ---- Start of task processed event (# tasks: 1 in executor VM-116)----
METRICLOG/VM-116	Stage2-0-0	inputR: 0	inputP:0	output:0	inW:2026-07-15T17:55:35.290Z	ioutW:2026-07-15T17:55:35.290Z	ptime:0	dsertime:0	inbytes:0	sertime:0	outbytes:0	numKey:1683	owc:0
----- End of taks processed event ----

 INFO 07-15 18:05:38,552 CpuBottleneckDetectorImpl:63 [pool-8-thread-1] - Current cpu load: 0.0, # processed events: 0, consecutive: 0/2, threshold: 0.9 in VM-116
 INFO 07-15 18:05:39,551 SystemLoadProfiler:50 [pool-8-thread-1] - Average CPU Load: 0.0 in VM-116
 INFO 07-15 18:05:39,552 TaskEventRateCalculator:114 [pool-8-thread-1] - ---- Start of task processed event (# tasks: 1 in executor VM-116)----
METRICLOG/VM-116	Stage2-0-0	inputR: 0	inputP:0	output:0	inW:2026-07-15T17:55:35.290Z	ioutW:2026-07-15T17:55:35.290Z	ptime:0	dsertime:0	inbytes:0	sertime:0	outbytes:0	numKey:1683	owc:0
----- End of taks processed event ----

 INFO 07-15 18:05:39,552 CpuBottleneckDetectorImpl:63 [pool-8-thread-1] - Current cpu load: 0.0, # processed events: 0, consecutive: 0/2, threshold: 0.9 in VM-116
 INFO 07-15 18:05:40,552 SystemLoadProfiler:50 [pool-8-thread-1] - Average CPU Load: 0.0 in VM-116
 INFO 07-15 18:05:40,552 TaskEventRateCalculator:114 [pool-8-thread-1] - ---- Start of task processed event (# tasks: 1 in executor VM-116)----
METRICLOG/VM-116	Stage2-0-0	inputR: 0	inputP:0	output:0	inW:2026-07-15T17:55:35.290Z	ioutW:2026-07-15T17:55:35.290Z	ptime:0	dsertime:0	inbytes:0	sertime:0	outbytes:0	numKey:1683	owc:0
----- End of taks processed event ----

 INFO 07-15 18:05:40,552 CpuBottleneckDetectorImpl:63 [pool-8-thread-1] - Current cpu load: 0.0, # processed events: 0, consecutive: 0/2, threshold: 0.9 in VM-116
 INFO 07-15 18:05:41,552 SystemLoadProfiler:50 [pool-8-thread-1] - Average CPU Load: 0.0 in VM-116
 INFO 07-15 18:05:41,552 TaskEventRateCalculator:114 [pool-8-thread-1] - ---- Start of task processed event (# tasks: 1 in executor VM-116)----
METRICLOG/VM-116	Stage2-0-0	inputR: 0	inputP:0	output:0	inW:2026-07-15T17:55:35.290Z	ioutW:2026-07-15T17:55:35.290Z	ptime:0	dsertime:0	inbytes:0	sertime:0	outbytes:0	numKey:1683	owc:0
----- End of taks processed event ----

 INFO 07-15 18:05:41,552 CpuBottleneckDetectorImpl:63 [pool-8-thread-1] - Current cpu load: 0.0, # processed events: 0, consecutive: 0/2, threshold: 0.9 in VM-116
 INFO 07-15 18:05:42,552 SystemLoadProfiler:50 [pool-8-thread-1] - Average CPU Load: 0.0 in VM-116
 INFO 07-15 18:05:42,552 TaskEventRateCalculator:114 [pool-8-thread-1] - ---- Start of task processed event (# tasks: 1 in executor VM-116)----
METRICLOG/VM-116	Stage2-0-0	inputR: 0	inputP:0	output:0	inW:2026-07-15T17:55:35.290Z	ioutW:2026-07-15T17:55:35.290Z	ptime:0	dsertime:0	inbytes:0	sertime:0	outbytes:0	numKey:1683	owc:0
----- End of taks processed event ----

 INFO 07-15 18:05:42,552 CpuBottleneckDetectorImpl:63 [pool-8-thread-1] - Current cpu load: 0.0, # processed events: 0, consecutive: 0/2, threshold: 0.9 in VM-116
 INFO 07-15 18:05:43,552 SystemLoadProfiler:50 [pool-8-thread-1] - Average CPU Load: 0.0 in VM-116
 INFO 07-15 18:05:43,552 TaskEventRateCalculator:114 [pool-8-thread-1] - ---- Start of task processed event (# tasks: 1 in executor VM-116)----
METRICLOG/VM-116	Stage2-0-0	inputR: 0	inputP:0	output:0	inW:2026-07-15T17:55:35.290Z	ioutW:2026-07-15T17:55:35.290Z	ptime:0	dsertime:0	inbytes:0	sertime:0	outbytes:0	numKey:1683	owc:0
----- End of taks processed event ----

 INFO 07-15 18:05:43,552 CpuBottleneckDetectorImpl:63 [pool-8-thread-1] - Current cpu load: 0.0, # processed events: 0, consecutive: 0/2, threshold: 0.9 in VM-116
 INFO 07-15 18:05:44,552 SystemLoadProfiler:50 [pool-8-thread-1] - Average CPU Load: 0.0 in VM-116
 INFO 07-15 18:05:44,552 TaskEventRateCalculator:114 [pool-8-thread-1] - ---- Start of task processed event (# tasks: 1 in executor VM-116)----
METRICLOG/VM-116	Stage2-0-0	inputR: 0	inputP:0	output:0	inW:2026-07-15T17:55:35.290Z	ioutW:2026-07-15T17:55:35.290Z	ptime:0	dsertime:0	inbytes:0	sertime:0	outbytes:0	numKey:1683	owc:0
----- End of taks processed event ----

 INFO 07-15 18:05:44,552 CpuBottleneckDetectorImpl:63 [pool-8-thread-1] - Current cpu load: 0.0, # processed events: 0, consecutive: 0/2, threshold: 0.9 in VM-116
 INFO 07-15 18:05:45,552 SystemLoadProfiler:50 [pool-8-thread-1] - Average CPU Load: 0.0 in VM-116
 INFO 07-15 18:05:45,552 TaskEventRateCalculator:114 [pool-8-thread-1] - ---- Start of task processed event (# tasks: 1 in executor VM-116)----
METRICLOG/VM-116	Stage2-0-0	inputR: 0	inputP:0	output:0	inW:2026-07-15T17:55:35.290Z	ioutW:2026-07-15T17:55:35.290Z	ptime:0	dsertime:0	inbytes:0	sertime:0	outbytes:0	numKey:1683	owc:0
----- End of taks processed event ----

 INFO 07-15 18:05:45,552 CpuBottleneckDetectorImpl:63 [pool-8-thread-1] - Current cpu load: 0.0, # processed events: 0, consecutive: 0/2, threshold: 0.9 in VM-116
 INFO 07-15 18:05:46,552 SystemLoadProfiler:50 [pool-8-thread-1] - Average CPU Load: 0.0 in VM-116
 INFO 07-15 18:05:46,552 TaskEventRateCalculator:114 [pool-8-thread-1] - ---- Start of task processed event (# tasks: 1 in executor VM-116)----
METRICLOG/VM-116	Stage2-0-0	inputR: 0	inputP:0	output:0	inW:2026-07-15T17:55:35.290Z	ioutW:2026-07-15T17:55:35.290Z	ptime:0	dsertime:0	inbytes:0	sertime:0	outbytes:0	numKey:1683	owc:0
----- End of taks processed event ----

 INFO 07-15 18:05:46,552 CpuBottleneckDetectorImpl:63 [pool-8-thread-1] - Current cpu load: 0.0, # processed events: 0, consecutive: 0/2, threshold: 0.9 in VM-116
 INFO 07-15 18:05:47,552 SystemLoadProfiler:50 [pool-8-thread-1] - Average CPU Load: 0.0 in VM-116
 INFO 07-15 18:05:47,552 TaskEventRateCalculator:114 [pool-8-thread-1] - ---- Start of task processed event (# tasks: 1 in executor VM-116)----
METRICLOG/VM-116	Stage2-0-0	inputR: 0	inputP:0	output:0	inW:2026-07-15T17:55:35.290Z	ioutW:2026-07-15T17:55:35.290Z	ptime:0	dsertime:0	inbytes:0	sertime:0	outbytes:0	numKey:1683	owc:0
----- End of taks processed event ----

 INFO 07-15 18:05:47,552 CpuBottleneckDetectorImpl:63 [pool-8-thread-1] - Current cpu load: 0.0, # processed events: 0, consecutive: 0/2, threshold: 0.9 in VM-116
 INFO 07-15 18:05:48,552 SystemLoadProfiler:50 [pool-8-thread-1] - Average CPU Load: 0.0 in VM-116
 INFO 07-15 18:05:48,552 TaskEventRateCalculator:114 [pool-8-thread-1] - ---- Start of task processed event (# tasks: 1 in executor VM-116)----
METRICLOG/VM-116	Stage2-0-0	inputR: 0	inputP:0	output:0	inW:2026-07-15T17:55:35.290Z	ioutW:2026-07-15T17:55:35.290Z	ptime:0	dsertime:0	inbytes:0	sertime:0	outbytes:0	numKey:1683	owc:0
----- End of taks processed event ----

 INFO 07-15 18:05:48,552 CpuBottleneckDetectorImpl:63 [pool-8-thread-1] - Current cpu load: 0.0, # processed events: 0, consecutive: 0/2, threshold: 0.9 in VM-116
 INFO 07-15 18:05:49,552 SystemLoadProfiler:50 [pool-8-thread-1] - Average CPU Load: 0.0 in VM-116
 INFO 07-15 18:05:49,552 TaskEventRateCalculator:114 [pool-8-thread-1] - ---- Start of task processed event (# tasks: 1 in executor VM-116)----
METRICLOG/VM-116	Stage2-0-0	inputR: 0	inputP:0	output:0	inW:2026-07-15T17:55:35.290Z	ioutW:2026-07-15T17:55:35.290Z	ptime:0	dsertime:0	inbytes:0	sertime:0	outbytes:0	numKey:1683	owc:0
----- End of taks processed event ----

 INFO 07-15 18:05:49,552 CpuBottleneckDetectorImpl:63 [pool-8-thread-1] - Current cpu load: 0.0, # processed events: 0, consecutive: 0/2, threshold: 0.9 in VM-116
 INFO 07-15 18:05:50,551 SystemLoadProfiler:50 [pool-8-thread-1] - Average CPU Load: 0.0 in VM-116
 INFO 07-15 18:05:50,552 TaskEventRateCalculator:114 [pool-8-thread-1] - ---- Start of task processed event (# tasks: 1 in executor VM-116)----
METRICLOG/VM-116	Stage2-0-0	inputR: 0	inputP:0	output:0	inW:2026-07-15T17:55:35.290Z	ioutW:2026-07-15T17:55:35.290Z	ptime:0	dsertime:0	inbytes:0	sertime:0	outbytes:0	numKey:1683	owc:0
----- End of taks processed event ----

 INFO 07-15 18:05:50,552 CpuBottleneckDetectorImpl:63 [pool-8-thread-1] - Current cpu load: 0.0, # processed events: 0, consecutive: 0/2, threshold: 0.9 in VM-116
 INFO 07-15 18:05:51,552 SystemLoadProfiler:50 [pool-8-thread-1] - Average CPU Load: 0.0 in VM-116
 INFO 07-15 18:05:51,552 TaskEventRateCalculator:114 [pool-8-thread-1] - ---- Start of task processed event (# tasks: 1 in executor VM-116)----
METRICLOG/VM-116	Stage2-0-0	inputR: 0	inputP:0	output:0	inW:2026-07-15T17:55:35.290Z	ioutW:2026-07-15T17:55:35.290Z	ptime:0	dsertime:0	inbytes:0	sertime:0	outbytes:0	numKey:1683	owc:0
----- End of taks processed event ----

 INFO 07-15 18:05:51,552 CpuBottleneckDetectorImpl:63 [pool-8-thread-1] - Current cpu load: 0.0, # processed events: 0, consecutive: 0/2, threshold: 0.9 in VM-116
 INFO 07-15 18:05:52,551 SystemLoadProfiler:50 [pool-8-thread-1] - Average CPU Load: 0.0 in VM-116
 INFO 07-15 18:05:52,552 TaskEventRateCalculator:114 [pool-8-thread-1] - ---- Start of task processed event (# tasks: 1 in executor VM-116)----
METRICLOG/VM-116	Stage2-0-0	inputR: 0	inputP:0	output:0	inW:2026-07-15T17:55:35.290Z	ioutW:2026-07-15T17:55:35.290Z	ptime:0	dsertime:0	inbytes:0	sertime:0	outbytes:0	numKey:1683	owc:0
----- End of taks processed event ----

 INFO 07-15 18:05:52,552 CpuBottleneckDetectorImpl:63 [pool-8-thread-1] - Current cpu load: 0.0, # processed events: 0, consecutive: 0/2, threshold: 0.9 in VM-116
 INFO 07-15 18:05:53,552 SystemLoadProfiler:50 [pool-8-thread-1] - Average CPU Load: 0.0 in VM-116
 INFO 07-15 18:05:53,552 TaskEventRateCalculator:114 [pool-8-thread-1] - ---- Start of task processed event (# tasks: 1 in executor VM-116)----
METRICLOG/VM-116	Stage2-0-0	inputR: 0	inputP:0	output:0	inW:2026-07-15T17:55:35.290Z	ioutW:2026-07-15T17:55:35.290Z	ptime:0	dsertime:0	inbytes:0	sertime:0	outbytes:0	numKey:1683	owc:0
----- End of taks processed event ----

 INFO 07-15 18:05:53,552 CpuBottleneckDetectorImpl:63 [pool-8-thread-1] - Current cpu load: 0.0, # processed events: 0, consecutive: 0/2, threshold: 0.9 in VM-116
 INFO 07-15 18:05:54,552 SystemLoadProfiler:50 [pool-8-thread-1] - Average CPU Load: 0.0 in VM-116
 INFO 07-15 18:05:54,552 TaskEventRateCalculator:114 [pool-8-thread-1] - ---- Start of task processed event (# tasks: 1 in executor VM-116)----
METRICLOG/VM-116	Stage2-0-0	inputR: 0	inputP:0	output:0	inW:2026-07-15T17:55:35.290Z	ioutW:2026-07-15T17:55:35.290Z	ptime:0	dsertime:0	inbytes:0	sertime:0	outbytes:0	numKey:1683	owc:0
----- End of taks processed event ----

 INFO 07-15 18:05:54,552 CpuBottleneckDetectorImpl:63 [pool-8-thread-1] - Current cpu load: 0.0, # processed events: 0, consecutive: 0/2, threshold: 0.9 in VM-116
 INFO 07-15 18:05:55,551 SystemLoadProfiler:50 [pool-8-thread-1] - Average CPU Load: 0.0 in VM-116
 INFO 07-15 18:05:55,552 TaskEventRateCalculator:114 [pool-8-thread-1] - ---- Start of task processed event (# tasks: 1 in executor VM-116)----
METRICLOG/VM-116	Stage2-0-0	inputR: 0	inputP:0	output:0	inW:2026-07-15T17:55:35.290Z	ioutW:2026-07-15T17:55:35.290Z	ptime:0	dsertime:0	inbytes:0	sertime:0	outbytes:0	numKey:1683	owc:0
----- End of taks processed event ----

 INFO 07-15 18:05:55,552 CpuBottleneckDetectorImpl:63 [pool-8-thread-1] - Current cpu load: 0.0, # processed events: 0, consecutive: 0/2, threshold: 0.9 in VM-116
 INFO 07-15 18:05:56,552 SystemLoadProfiler:50 [pool-8-thread-1] - Average CPU Load: 0.0 in VM-116
 INFO 07-15 18:05:56,552 TaskEventRateCalculator:114 [pool-8-thread-1] - ---- Start of task processed event (# tasks: 1 in executor VM-116)----
METRICLOG/VM-116	Stage2-0-0	inputR: 0	inputP:0	output:0	inW:2026-07-15T17:55:35.290Z	ioutW:2026-07-15T17:55:35.290Z	ptime:0	dsertime:0	inbytes:0	sertime:0	outbytes:0	numKey:1683	owc:0
----- End of taks processed event ----

 INFO 07-15 18:05:56,552 CpuBottleneckDetectorImpl:63 [pool-8-thread-1] - Current cpu load: 0.0, # processed events: 0, consecutive: 0/2, threshold: 0.9 in VM-116
 INFO 07-15 18:05:57,552 SystemLoadProfiler:50 [pool-8-thread-1] - Average CPU Load: 0.0 in VM-116
 INFO 07-15 18:05:57,552 TaskEventRateCalculator:114 [pool-8-thread-1] - ---- Start of task processed event (# tasks: 1 in executor VM-116)----
METRICLOG/VM-116	Stage2-0-0	inputR: 0	inputP:0	output:0	inW:2026-07-15T17:55:35.290Z	ioutW:2026-07-15T17:55:35.290Z	ptime:0	dsertime:0	inbytes:0	sertime:0	outbytes:0	numKey:1683	owc:0
----- End of taks processed event ----

 INFO 07-15 18:05:57,552 CpuBottleneckDetectorImpl:63 [pool-8-thread-1] - Current cpu load: 0.0, # processed events: 0, consecutive: 0/2, threshold: 0.9 in VM-116
 INFO 07-15 18:05:58,551 SystemLoadProfiler:50 [pool-8-thread-1] - Average CPU Load: 0.0 in VM-116
 INFO 07-15 18:05:58,552 TaskEventRateCalculator:114 [pool-8-thread-1] - ---- Start of task processed event (# tasks: 1 in executor VM-116)----
METRICLOG/VM-116	Stage2-0-0	inputR: 0	inputP:0	output:0	inW:2026-07-15T17:55:35.290Z	ioutW:2026-07-15T17:55:35.290Z	ptime:0	dsertime:0	inbytes:0	sertime:0	outbytes:0	numKey:1683	owc:0
----- End of taks processed event ----

 INFO 07-15 18:05:58,552 CpuBottleneckDetectorImpl:63 [pool-8-thread-1] - Current cpu load: 0.0, # processed events: 0, consecutive: 0/2, threshold: 0.9 in VM-116
 INFO 07-15 18:05:59,552 SystemLoadProfiler:50 [pool-8-thread-1] - Average CPU Load: 0.0 in VM-116
 INFO 07-15 18:05:59,552 TaskEventRateCalculator:114 [pool-8-thread-1] - ---- Start of task processed event (# tasks: 1 in executor VM-116)----
METRICLOG/VM-116	Stage2-0-0	inputR: 0	inputP:0	output:0	inW:2026-07-15T17:55:35.290Z	ioutW:2026-07-15T17:55:35.290Z	ptime:0	dsertime:0	inbytes:0	sertime:0	outbytes:0	numKey:1683	owc:0
----- End of taks processed event ----

 INFO 07-15 18:05:59,552 CpuBottleneckDetectorImpl:63 [pool-8-thread-1] - Current cpu load: 0.0, # processed events: 0, consecutive: 0/2, threshold: 0.9 in VM-116
 INFO 07-15 18:06:00,552 SystemLoadProfiler:50 [pool-8-thread-1] - Average CPU Load: 0.0 in VM-116
 INFO 07-15 18:06:00,552 TaskEventRateCalculator:114 [pool-8-thread-1] - ---- Start of task processed event (# tasks: 1 in executor VM-116)----
METRICLOG/VM-116	Stage2-0-0	inputR: 0	inputP:0	output:0	inW:2026-07-15T17:55:35.290Z	ioutW:2026-07-15T17:55:35.290Z	ptime:0	dsertime:0	inbytes:0	sertime:0	outbytes:0	numKey:1683	owc:0
----- End of taks processed event ----

 INFO 07-15 18:06:00,552 CpuBottleneckDetectorImpl:63 [pool-8-thread-1] - Current cpu load: 0.0, # processed events: 0, consecutive: 0/2, threshold: 0.9 in VM-116
 INFO 07-15 18:06:01,552 SystemLoadProfiler:50 [pool-8-thread-1] - Average CPU Load: 0.0 in VM-116
 INFO 07-15 18:06:01,552 TaskEventRateCalculator:114 [pool-8-thread-1] - ---- Start of task processed event (# tasks: 1 in executor VM-116)----
METRICLOG/VM-116	Stage2-0-0	inputR: 0	inputP:0	output:0	inW:2026-07-15T17:55:35.290Z	ioutW:2026-07-15T17:55:35.290Z	ptime:0	dsertime:0	inbytes:0	sertime:0	outbytes:0	numKey:1683	owc:0
----- End of taks processed event ----

 INFO 07-15 18:06:01,552 CpuBottleneckDetectorImpl:63 [pool-8-thread-1] - Current cpu load: 0.0, # processed events: 0, consecutive: 0/2, threshold: 0.9 in VM-116
 INFO 07-15 18:06:02,552 SystemLoadProfiler:50 [pool-8-thread-1] - Average CPU Load: 0.0 in VM-116
 INFO 07-15 18:06:02,552 TaskEventRateCalculator:114 [pool-8-thread-1] - ---- Start of task processed event (# tasks: 1 in executor VM-116)----
METRICLOG/VM-116	Stage2-0-0	inputR: 0	inputP:0	output:0	inW:2026-07-15T17:55:35.290Z	ioutW:2026-07-15T17:55:35.290Z	ptime:0	dsertime:0	inbytes:0	sertime:0	outbytes:0	numKey:1683	owc:0
----- End of taks processed event ----

 INFO 07-15 18:06:02,552 CpuBottleneckDetectorImpl:63 [pool-8-thread-1] - Current cpu load: 0.0, # processed events: 0, consecutive: 0/2, threshold: 0.9 in VM-116
 INFO 07-15 18:06:03,552 SystemLoadProfiler:50 [pool-8-thread-1] - Average CPU Load: 0.0 in VM-116
 INFO 07-15 18:06:03,552 TaskEventRateCalculator:114 [pool-8-thread-1] - ---- Start of task processed event (# tasks: 1 in executor VM-116)----
METRICLOG/VM-116	Stage2-0-0	inputR: 0	inputP:0	output:0	inW:2026-07-15T17:55:35.290Z	ioutW:2026-07-15T17:55:35.290Z	ptime:0	dsertime:0	inbytes:0	sertime:0	outbytes:0	numKey:1683	owc:0
----- End of taks processed event ----

 INFO 07-15 18:06:03,552 CpuBottleneckDetectorImpl:63 [pool-8-thread-1] - Current cpu load: 0.0, # processed events: 0, consecutive: 0/2, threshold: 0.9 in VM-116
 INFO 07-15 18:06:04,552 SystemLoadProfiler:50 [pool-8-thread-1] - Average CPU Load: 0.0 in VM-116
 INFO 07-15 18:06:04,552 TaskEventRateCalculator:114 [pool-8-thread-1] - ---- Start of task processed event (# tasks: 1 in executor VM-116)----
METRICLOG/VM-116	Stage2-0-0	inputR: 0	inputP:0	output:0	inW:2026-07-15T17:55:35.290Z	ioutW:2026-07-15T17:55:35.290Z	ptime:0	dsertime:0	inbytes:0	sertime:0	outbytes:0	numKey:1683	owc:0
----- End of taks processed event ----

 INFO 07-15 18:06:04,552 CpuBottleneckDetectorImpl:63 [pool-8-thread-1] - Current cpu load: 0.0, # processed events: 0, consecutive: 0/2, threshold: 0.9 in VM-116
 INFO 07-15 18:06:05,552 SystemLoadProfiler:50 [pool-8-thread-1] - Average CPU Load: 0.0 in VM-116
 INFO 07-15 18:06:05,552 TaskEventRateCalculator:114 [pool-8-thread-1] - ---- Start of task processed event (# tasks: 1 in executor VM-116)----
METRICLOG/VM-116	Stage2-0-0	inputR: 0	inputP:0	output:0	inW:2026-07-15T17:55:35.290Z	ioutW:2026-07-15T17:55:35.290Z	ptime:0	dsertime:0	inbytes:0	sertime:0	outbytes:0	numKey:1683	owc:0
----- End of taks processed event ----

 INFO 07-15 18:06:05,552 CpuBottleneckDetectorImpl:63 [pool-8-thread-1] - Current cpu load: 0.0, # processed events: 0, consecutive: 0/2, threshold: 0.9 in VM-116
 INFO 07-15 18:06:06,552 SystemLoadProfiler:50 [pool-8-thread-1] - Average CPU Load: 0.0 in VM-116
 INFO 07-15 18:06:06,552 TaskEventRateCalculator:114 [pool-8-thread-1] - ---- Start of task processed event (# tasks: 1 in executor VM-116)----
METRICLOG/VM-116	Stage2-0-0	inputR: 0	inputP:0	output:0	inW:2026-07-15T17:55:35.290Z	ioutW:2026-07-15T17:55:35.290Z	ptime:0	dsertime:0	inbytes:0	sertime:0	outbytes:0	numKey:1683	owc:0
----- End of taks processed event ----

 INFO 07-15 18:06:06,552 CpuBottleneckDetectorImpl:63 [pool-8-thread-1] - Current cpu load: 0.0, # processed events: 0, consecutive: 0/2, threshold: 0.9 in VM-116
 INFO 07-15 18:06:07,552 SystemLoadProfiler:50 [pool-8-thread-1] - Average CPU Load: 0.0 in VM-116
 INFO 07-15 18:06:07,552 TaskEventRateCalculator:114 [pool-8-thread-1] - ---- Start of task processed event (# tasks: 1 in executor VM-116)----
METRICLOG/VM-116	Stage2-0-0	inputR: 0	inputP:0	output:0	inW:2026-07-15T17:55:35.290Z	ioutW:2026-07-15T17:55:35.290Z	ptime:0	dsertime:0	inbytes:0	sertime:0	outbytes:0	numKey:1683	owc:0
----- End of taks processed event ----

 INFO 07-15 18:06:07,552 CpuBottleneckDetectorImpl:63 [pool-8-thread-1] - Current cpu load: 0.0, # processed events: 0, consecutive: 0/2, threshold: 0.9 in VM-116
 INFO 07-15 18:06:08,552 SystemLoadProfiler:50 [pool-8-thread-1] - Average CPU Load: 0.0 in VM-116
 INFO 07-15 18:06:08,552 TaskEventRateCalculator:114 [pool-8-thread-1] - ---- Start of task processed event (# tasks: 1 in executor VM-116)----
METRICLOG/VM-116	Stage2-0-0	inputR: 0	inputP:0	output:0	inW:2026-07-15T17:55:35.290Z	ioutW:2026-07-15T17:55:35.290Z	ptime:0	dsertime:0	inbytes:0	sertime:0	outbytes:0	numKey:1683	owc:0
----- End of taks processed event ----

 INFO 07-15 18:06:08,552 CpuBottleneckDetectorImpl:63 [pool-8-thread-1] - Current cpu load: 0.0, # processed events: 0, consecutive: 0/2, threshold: 0.9 in VM-116
 INFO 07-15 18:06:09,551 SystemLoadProfiler:50 [pool-8-thread-1] - Average CPU Load: 0.0 in VM-116
 INFO 07-15 18:06:09,552 TaskEventRateCalculator:114 [pool-8-thread-1] - ---- Start of task processed event (# tasks: 1 in executor VM-116)----
METRICLOG/VM-116	Stage2-0-0	inputR: 0	inputP:0	output:0	inW:2026-07-15T17:55:35.290Z	ioutW:2026-07-15T17:55:35.290Z	ptime:0	dsertime:0	inbytes:0	sertime:0	outbytes:0	numKey:1683	owc:0
----- End of taks processed event ----

 INFO 07-15 18:06:09,552 CpuBottleneckDetectorImpl:63 [pool-8-thread-1] - Current cpu load: 0.0, # processed events: 0, consecutive: 0/2, threshold: 0.9 in VM-116
 INFO 07-15 18:06:10,552 SystemLoadProfiler:50 [pool-8-thread-1] - Average CPU Load: 0.0 in VM-116
 INFO 07-15 18:06:10,552 TaskEventRateCalculator:114 [pool-8-thread-1] - ---- Start of task processed event (# tasks: 1 in executor VM-116)----
METRICLOG/VM-116	Stage2-0-0	inputR: 0	inputP:0	output:0	inW:2026-07-15T17:55:35.290Z	ioutW:2026-07-15T17:55:35.290Z	ptime:0	dsertime:0	inbytes:0	sertime:0	outbytes:0	numKey:1683	owc:0
----- End of taks processed event ----

 INFO 07-15 18:06:10,552 CpuBottleneckDetectorImpl:63 [pool-8-thread-1] - Current cpu load: 0.0, # processed events: 0, consecutive: 0/2, threshold: 0.9 in VM-116
 INFO 07-15 18:06:11,552 SystemLoadProfiler:50 [pool-8-thread-1] - Average CPU Load: 0.0 in VM-116
 INFO 07-15 18:06:11,552 TaskEventRateCalculator:114 [pool-8-thread-1] - ---- Start of task processed event (# tasks: 1 in executor VM-116)----
METRICLOG/VM-116	Stage2-0-0	inputR: 0	inputP:0	output:0	inW:2026-07-15T17:55:35.290Z	ioutW:2026-07-15T17:55:35.290Z	ptime:0	dsertime:0	inbytes:0	sertime:0	outbytes:0	numKey:1683	owc:0
----- End of taks processed event ----

 INFO 07-15 18:06:11,552 CpuBottleneckDetectorImpl:63 [pool-8-thread-1] - Current cpu load: 0.0, # processed events: 0, consecutive: 0/2, threshold: 0.9 in VM-116
 INFO 07-15 18:06:12,552 SystemLoadProfiler:50 [pool-8-thread-1] - Average CPU Load: 0.0 in VM-116
 INFO 07-15 18:06:12,552 TaskEventRateCalculator:114 [pool-8-thread-1] - ---- Start of task processed event (# tasks: 1 in executor VM-116)----
METRICLOG/VM-116	Stage2-0-0	inputR: 0	inputP:0	output:0	inW:2026-07-15T17:55:35.290Z	ioutW:2026-07-15T17:55:35.290Z	ptime:0	dsertime:0	inbytes:0	sertime:0	outbytes:0	numKey:1683	owc:0
----- End of taks processed event ----

 INFO 07-15 18:06:12,552 CpuBottleneckDetectorImpl:63 [pool-8-thread-1] - Current cpu load: 0.0, # processed events: 0, consecutive: 0/2, threshold: 0.9 in VM-116
 INFO 07-15 18:06:13,552 SystemLoadProfiler:50 [pool-8-thread-1] - Average CPU Load: 0.0 in VM-116
 INFO 07-15 18:06:13,552 TaskEventRateCalculator:114 [pool-8-thread-1] - ---- Start of task processed event (# tasks: 1 in executor VM-116)----
METRICLOG/VM-116	Stage2-0-0	inputR: 0	inputP:0	output:0	inW:2026-07-15T17:55:35.290Z	ioutW:2026-07-15T17:55:35.290Z	ptime:0	dsertime:0	inbytes:0	sertime:0	outbytes:0	numKey:1683	owc:0
----- End of taks processed event ----

 INFO 07-15 18:06:13,552 CpuBottleneckDetectorImpl:63 [pool-8-thread-1] - Current cpu load: 0.0, # processed events: 0, consecutive: 0/2, threshold: 0.9 in VM-116
 INFO 07-15 18:06:14,551 SystemLoadProfiler:50 [pool-8-thread-1] - Average CPU Load: 0.0 in VM-116
 INFO 07-15 18:06:14,552 TaskEventRateCalculator:114 [pool-8-thread-1] - ---- Start of task processed event (# tasks: 1 in executor VM-116)----
METRICLOG/VM-116	Stage2-0-0	inputR: 0	inputP:0	output:0	inW:2026-07-15T17:55:35.290Z	ioutW:2026-07-15T17:55:35.290Z	ptime:0	dsertime:0	inbytes:0	sertime:0	outbytes:0	numKey:1683	owc:0
----- End of taks processed event ----

 INFO 07-15 18:06:14,552 CpuBottleneckDetectorImpl:63 [pool-8-thread-1] - Current cpu load: 0.0, # processed events: 0, consecutive: 0/2, threshold: 0.9 in VM-116
 INFO 07-15 18:06:15,552 SystemLoadProfiler:50 [pool-8-thread-1] - Average CPU Load: 0.0 in VM-116
 INFO 07-15 18:06:15,552 TaskEventRateCalculator:114 [pool-8-thread-1] - ---- Start of task processed event (# tasks: 1 in executor VM-116)----
METRICLOG/VM-116	Stage2-0-0	inputR: 0	inputP:0	output:0	inW:2026-07-15T17:55:35.290Z	ioutW:2026-07-15T17:55:35.290Z	ptime:0	dsertime:0	inbytes:0	sertime:0	outbytes:0	numKey:1683	owc:0
----- End of taks processed event ----

 INFO 07-15 18:06:15,552 CpuBottleneckDetectorImpl:63 [pool-8-thread-1] - Current cpu load: 0.0, # processed events: 0, consecutive: 0/2, threshold: 0.9 in VM-116
 INFO 07-15 18:06:16,552 SystemLoadProfiler:50 [pool-8-thread-1] - Average CPU Load: 0.0 in VM-116
 INFO 07-15 18:06:16,552 TaskEventRateCalculator:114 [pool-8-thread-1] - ---- Start of task processed event (# tasks: 1 in executor VM-116)----
METRICLOG/VM-116	Stage2-0-0	inputR: 0	inputP:0	output:0	inW:2026-07-15T17:55:35.290Z	ioutW:2026-07-15T17:55:35.290Z	ptime:0	dsertime:0	inbytes:0	sertime:0	outbytes:0	numKey:1683	owc:0
----- End of taks processed event ----

 INFO 07-15 18:06:16,552 CpuBottleneckDetectorImpl:63 [pool-8-thread-1] - Current cpu load: 0.0, # processed events: 0, consecutive: 0/2, threshold: 0.9 in VM-116
 INFO 07-15 18:06:17,552 SystemLoadProfiler:50 [pool-8-thread-1] - Average CPU Load: 0.0 in VM-116
 INFO 07-15 18:06:17,552 TaskEventRateCalculator:114 [pool-8-thread-1] - ---- Start of task processed event (# tasks: 1 in executor VM-116)----
METRICLOG/VM-116	Stage2-0-0	inputR: 0	inputP:0	output:0	inW:2026-07-15T17:55:35.290Z	ioutW:2026-07-15T17:55:35.290Z	ptime:0	dsertime:0	inbytes:0	sertime:0	outbytes:0	numKey:1683	owc:0
----- End of taks processed event ----

 INFO 07-15 18:06:17,552 CpuBottleneckDetectorImpl:63 [pool-8-thread-1] - Current cpu load: 0.0, # processed events: 0, consecutive: 0/2, threshold: 0.9 in VM-116
 INFO 07-15 18:06:18,552 SystemLoadProfiler:50 [pool-8-thread-1] - Average CPU Load: 0.0 in VM-116
 INFO 07-15 18:06:18,552 TaskEventRateCalculator:114 [pool-8-thread-1] - ---- Start of task processed event (# tasks: 1 in executor VM-116)----
METRICLOG/VM-116	Stage2-0-0	inputR: 0	inputP:0	output:0	inW:2026-07-15T17:55:35.290Z	ioutW:2026-07-15T17:55:35.290Z	ptime:0	dsertime:0	inbytes:0	sertime:0	outbytes:0	numKey:1683	owc:0
----- End of taks processed event ----

 INFO 07-15 18:06:18,552 CpuBottleneckDetectorImpl:63 [pool-8-thread-1] - Current cpu load: 0.0, # processed events: 0, consecutive: 0/2, threshold: 0.9 in VM-116
 INFO 07-15 18:06:19,552 SystemLoadProfiler:50 [pool-8-thread-1] - Average CPU Load: 0.0 in VM-116
 INFO 07-15 18:06:19,552 TaskEventRateCalculator:114 [pool-8-thread-1] - ---- Start of task processed event (# tasks: 1 in executor VM-116)----
METRICLOG/VM-116	Stage2-0-0	inputR: 0	inputP:0	output:0	inW:2026-07-15T17:55:35.290Z	ioutW:2026-07-15T17:55:35.290Z	ptime:0	dsertime:0	inbytes:0	sertime:0	outbytes:0	numKey:1683	owc:0
----- End of taks processed event ----

 INFO 07-15 18:06:19,552 CpuBottleneckDetectorImpl:63 [pool-8-thread-1] - Current cpu load: 0.0, # processed events: 0, consecutive: 0/2, threshold: 0.9 in VM-116
 INFO 07-15 18:06:20,552 SystemLoadProfiler:50 [pool-8-thread-1] - Average CPU Load: 0.0 in VM-116
 INFO 07-15 18:06:20,552 TaskEventRateCalculator:114 [pool-8-thread-1] - ---- Start of task processed event (# tasks: 1 in executor VM-116)----
METRICLOG/VM-116	Stage2-0-0	inputR: 0	inputP:0	output:0	inW:2026-07-15T17:55:35.290Z	ioutW:2026-07-15T17:55:35.290Z	ptime:0	dsertime:0	inbytes:0	sertime:0	outbytes:0	numKey:1683	owc:0
----- End of taks processed event ----

 INFO 07-15 18:06:20,552 CpuBottleneckDetectorImpl:63 [pool-8-thread-1] - Current cpu load: 0.0, # processed events: 0, consecutive: 0/2, threshold: 0.9 in VM-116
 INFO 07-15 18:06:21,552 SystemLoadProfiler:50 [pool-8-thread-1] - Average CPU Load: 0.0 in VM-116
 INFO 07-15 18:06:21,552 TaskEventRateCalculator:114 [pool-8-thread-1] - ---- Start of task processed event (# tasks: 1 in executor VM-116)----
METRICLOG/VM-116	Stage2-0-0	inputR: 0	inputP:0	output:0	inW:2026-07-15T17:55:35.290Z	ioutW:2026-07-15T17:55:35.290Z	ptime:0	dsertime:0	inbytes:0	sertime:0	outbytes:0	numKey:1683	owc:0
----- End of taks processed event ----

 INFO 07-15 18:06:21,552 CpuBottleneckDetectorImpl:63 [pool-8-thread-1] - Current cpu load: 0.0, # processed events: 0, consecutive: 0/2, threshold: 0.9 in VM-116
 INFO 07-15 18:06:22,552 SystemLoadProfiler:50 [pool-8-thread-1] - Average CPU Load: 0.0 in VM-116
 INFO 07-15 18:06:22,552 TaskEventRateCalculator:114 [pool-8-thread-1] - ---- Start of task processed event (# tasks: 1 in executor VM-116)----
METRICLOG/VM-116	Stage2-0-0	inputR: 0	inputP:0	output:0	inW:2026-07-15T17:55:35.290Z	ioutW:2026-07-15T17:55:35.290Z	ptime:0	dsertime:0	inbytes:0	sertime:0	outbytes:0	numKey:1683	owc:0
----- End of taks processed event ----

 INFO 07-15 18:06:22,552 CpuBottleneckDetectorImpl:63 [pool-8-thread-1] - Current cpu load: 0.0, # processed events: 0, consecutive: 0/2, threshold: 0.9 in VM-116
 INFO 07-15 18:06:23,552 SystemLoadProfiler:50 [pool-8-thread-1] - Average CPU Load: 0.0 in VM-116
 INFO 07-15 18:06:23,552 TaskEventRateCalculator:114 [pool-8-thread-1] - ---- Start of task processed event (# tasks: 1 in executor VM-116)----
METRICLOG/VM-116	Stage2-0-0	inputR: 0	inputP:0	output:0	inW:2026-07-15T17:55:35.290Z	ioutW:2026-07-15T17:55:35.290Z	ptime:0	dsertime:0	inbytes:0	sertime:0	outbytes:0	numKey:1683	owc:0
----- End of taks processed event ----

 INFO 07-15 18:06:23,552 CpuBottleneckDetectorImpl:63 [pool-8-thread-1] - Current cpu load: 0.0, # processed events: 0, consecutive: 0/2, threshold: 0.9 in VM-116
 INFO 07-15 18:06:24,552 SystemLoadProfiler:50 [pool-8-thread-1] - Average CPU Load: 0.0 in VM-116
 INFO 07-15 18:06:24,552 TaskEventRateCalculator:114 [pool-8-thread-1] - ---- Start of task processed event (# tasks: 1 in executor VM-116)----
METRICLOG/VM-116	Stage2-0-0	inputR: 0	inputP:0	output:0	inW:2026-07-15T17:55:35.290Z	ioutW:2026-07-15T17:55:35.290Z	ptime:0	dsertime:0	inbytes:0	sertime:0	outbytes:0	numKey:1683	owc:0
----- End of taks processed event ----

 INFO 07-15 18:06:24,552 CpuBottleneckDetectorImpl:63 [pool-8-thread-1] - Current cpu load: 0.0, # processed events: 0, consecutive: 0/2, threshold: 0.9 in VM-116
 INFO 07-15 18:06:25,551 SystemLoadProfiler:50 [pool-8-thread-1] - Average CPU Load: 0.0 in VM-116
 INFO 07-15 18:06:25,552 TaskEventRateCalculator:114 [pool-8-thread-1] - ---- Start of task processed event (# tasks: 1 in executor VM-116)----
METRICLOG/VM-116	Stage2-0-0	inputR: 0	inputP:0	output:0	inW:2026-07-15T17:55:35.290Z	ioutW:2026-07-15T17:55:35.290Z	ptime:0	dsertime:0	inbytes:0	sertime:0	outbytes:0	numKey:1683	owc:0
----- End of taks processed event ----

 INFO 07-15 18:06:25,552 CpuBottleneckDetectorImpl:63 [pool-8-thread-1] - Current cpu load: 0.0, # processed events: 0, consecutive: 0/2, threshold: 0.9 in VM-116
 INFO 07-15 18:06:26,552 SystemLoadProfiler:50 [pool-8-thread-1] - Average CPU Load: 0.0 in VM-116
 INFO 07-15 18:06:26,552 TaskEventRateCalculator:114 [pool-8-thread-1] - ---- Start of task processed event (# tasks: 1 in executor VM-116)----
METRICLOG/VM-116	Stage2-0-0	inputR: 0	inputP:0	output:0	inW:2026-07-15T17:55:35.290Z	ioutW:2026-07-15T17:55:35.290Z	ptime:0	dsertime:0	inbytes:0	sertime:0	outbytes:0	numKey:1683	owc:0
----- End of taks processed event ----

 INFO 07-15 18:06:26,552 CpuBottleneckDetectorImpl:63 [pool-8-thread-1] - Current cpu load: 0.0, # processed events: 0, consecutive: 0/2, threshold: 0.9 in VM-116
 INFO 07-15 18:06:27,552 SystemLoadProfiler:50 [pool-8-thread-1] - Average CPU Load: 0.0 in VM-116
 INFO 07-15 18:06:27,552 TaskEventRateCalculator:114 [pool-8-thread-1] - ---- Start of task processed event (# tasks: 1 in executor VM-116)----
METRICLOG/VM-116	Stage2-0-0	inputR: 0	inputP:0	output:0	inW:2026-07-15T17:55:35.290Z	ioutW:2026-07-15T17:55:35.290Z	ptime:0	dsertime:0	inbytes:0	sertime:0	outbytes:0	numKey:1683	owc:0
----- End of taks processed event ----

 INFO 07-15 18:06:27,552 CpuBottleneckDetectorImpl:63 [pool-8-thread-1] - Current cpu load: 0.0, # processed events: 0, consecutive: 0/2, threshold: 0.9 in VM-116
 INFO 07-15 18:06:28,552 SystemLoadProfiler:50 [pool-8-thread-1] - Average CPU Load: 0.0 in VM-116
 INFO 07-15 18:06:28,552 TaskEventRateCalculator:114 [pool-8-thread-1] - ---- Start of task processed event (# tasks: 1 in executor VM-116)----
METRICLOG/VM-116	Stage2-0-0	inputR: 0	inputP:0	output:0	inW:2026-07-15T17:55:35.290Z	ioutW:2026-07-15T17:55:35.290Z	ptime:0	dsertime:0	inbytes:0	sertime:0	outbytes:0	numKey:1683	owc:0
----- End of taks processed event ----

 INFO 07-15 18:06:28,552 CpuBottleneckDetectorImpl:63 [pool-8-thread-1] - Current cpu load: 0.0, # processed events: 0, consecutive: 0/2, threshold: 0.9 in VM-116
 INFO 07-15 18:06:29,552 SystemLoadProfiler:50 [pool-8-thread-1] - Average CPU Load: 0.0 in VM-116
 INFO 07-15 18:06:29,552 TaskEventRateCalculator:114 [pool-8-thread-1] - ---- Start of task processed event (# tasks: 1 in executor VM-116)----
METRICLOG/VM-116	Stage2-0-0	inputR: 0	inputP:0	output:0	inW:2026-07-15T17:55:35.290Z	ioutW:2026-07-15T17:55:35.290Z	ptime:0	dsertime:0	inbytes:0	sertime:0	outbytes:0	numKey:1683	owc:0
----- End of taks processed event ----

 INFO 07-15 18:06:29,552 CpuBottleneckDetectorImpl:63 [pool-8-thread-1] - Current cpu load: 0.0, # processed events: 0, consecutive: 0/2, threshold: 0.9 in VM-116
 INFO 07-15 18:06:30,552 SystemLoadProfiler:50 [pool-8-thread-1] - Average CPU Load: 0.0 in VM-116
 INFO 07-15 18:06:30,552 TaskEventRateCalculator:114 [pool-8-thread-1] - ---- Start of task processed event (# tasks: 1 in executor VM-116)----
METRICLOG/VM-116	Stage2-0-0	inputR: 0	inputP:0	output:0	inW:2026-07-15T17:55:35.290Z	ioutW:2026-07-15T17:55:35.290Z	ptime:0	dsertime:0	inbytes:0	sertime:0	outbytes:0	numKey:1683	owc:0
----- End of taks processed event ----

 INFO 07-15 18:06:30,552 CpuBottleneckDetectorImpl:63 [pool-8-thread-1] - Current cpu load: 0.0, # processed events: 0, consecutive: 0/2, threshold: 0.9 in VM-116
 INFO 07-15 18:06:31,552 SystemLoadProfiler:50 [pool-8-thread-1] - Average CPU Load: 0.0 in VM-116
 INFO 07-15 18:06:31,552 TaskEventRateCalculator:114 [pool-8-thread-1] - ---- Start of task processed event (# tasks: 1 in executor VM-116)----
METRICLOG/VM-116	Stage2-0-0	inputR: 0	inputP:0	output:0	inW:2026-07-15T17:55:35.290Z	ioutW:2026-07-15T17:55:35.290Z	ptime:0	dsertime:0	inbytes:0	sertime:0	outbytes:0	numKey:1683	owc:0
----- End of taks processed event ----

 INFO 07-15 18:06:31,552 CpuBottleneckDetectorImpl:63 [pool-8-thread-1] - Current cpu load: 0.0, # processed events: 0, consecutive: 0/2, threshold: 0.9 in VM-116
 INFO 07-15 18:06:32,552 SystemLoadProfiler:50 [pool-8-thread-1] - Average CPU Load: 0.0 in VM-116
 INFO 07-15 18:06:32,552 TaskEventRateCalculator:114 [pool-8-thread-1] - ---- Start of task processed event (# tasks: 1 in executor VM-116)----
METRICLOG/VM-116	Stage2-0-0	inputR: 0	inputP:0	output:0	inW:2026-07-15T17:55:35.290Z	ioutW:2026-07-15T17:55:35.290Z	ptime:0	dsertime:0	inbytes:0	sertime:0	outbytes:0	numKey:1683	owc:0
----- End of taks processed event ----

 INFO 07-15 18:06:32,552 CpuBottleneckDetectorImpl:63 [pool-8-thread-1] - Current cpu load: 0.0, # processed events: 0, consecutive: 0/2, threshold: 0.9 in VM-116
 INFO 07-15 18:06:33,552 SystemLoadProfiler:50 [pool-8-thread-1] - Average CPU Load: 0.0 in VM-116
 INFO 07-15 18:06:33,552 TaskEventRateCalculator:114 [pool-8-thread-1] - ---- Start of task processed event (# tasks: 1 in executor VM-116)----
METRICLOG/VM-116	Stage2-0-0	inputR: 0	inputP:0	output:0	inW:2026-07-15T17:55:35.290Z	ioutW:2026-07-15T17:55:35.290Z	ptime:0	dsertime:0	inbytes:0	sertime:0	outbytes:0	numKey:1683	owc:0
----- End of taks processed event ----

 INFO 07-15 18:06:33,552 CpuBottleneckDetectorImpl:63 [pool-8-thread-1] - Current cpu load: 0.0, # processed events: 0, consecutive: 0/2, threshold: 0.9 in VM-116
 INFO 07-15 18:06:34,552 SystemLoadProfiler:50 [pool-8-thread-1] - Average CPU Load: 0.0 in VM-116
 INFO 07-15 18:06:34,552 TaskEventRateCalculator:114 [pool-8-thread-1] - ---- Start of task processed event (# tasks: 1 in executor VM-116)----
METRICLOG/VM-116	Stage2-0-0	inputR: 0	inputP:0	output:0	inW:2026-07-15T17:55:35.290Z	ioutW:2026-07-15T17:55:35.290Z	ptime:0	dsertime:0	inbytes:0	sertime:0	outbytes:0	numKey:1683	owc:0
----- End of taks processed event ----

 INFO 07-15 18:06:34,552 CpuBottleneckDetectorImpl:63 [pool-8-thread-1] - Current cpu load: 0.0, # processed events: 0, consecutive: 0/2, threshold: 0.9 in VM-116
 INFO 07-15 18:06:35,552 SystemLoadProfiler:50 [pool-8-thread-1] - Average CPU Load: 0.0 in VM-116
 INFO 07-15 18:06:35,552 TaskEventRateCalculator:114 [pool-8-thread-1] - ---- Start of task processed event (# tasks: 1 in executor VM-116)----
METRICLOG/VM-116	Stage2-0-0	inputR: 0	inputP:0	output:0	inW:2026-07-15T17:55:35.290Z	ioutW:2026-07-15T17:55:35.290Z	ptime:0	dsertime:0	inbytes:0	sertime:0	outbytes:0	numKey:1683	owc:0
----- End of taks processed event ----

 INFO 07-15 18:06:35,552 CpuBottleneckDetectorImpl:63 [pool-8-thread-1] - Current cpu load: 0.0, # processed events: 0, consecutive: 0/2, threshold: 0.9 in VM-116
 INFO 07-15 18:06:36,552 SystemLoadProfiler:50 [pool-8-thread-1] - Average CPU Load: 0.0 in VM-116
 INFO 07-15 18:06:36,552 TaskEventRateCalculator:114 [pool-8-thread-1] - ---- Start of task processed event (# tasks: 1 in executor VM-116)----
METRICLOG/VM-116	Stage2-0-0	inputR: 0	inputP:0	output:0	inW:2026-07-15T17:55:35.290Z	ioutW:2026-07-15T17:55:35.290Z	ptime:0	dsertime:0	inbytes:0	sertime:0	outbytes:0	numKey:1683	owc:0
----- End of taks processed event ----

 INFO 07-15 18:06:36,552 CpuBottleneckDetectorImpl:63 [pool-8-thread-1] - Current cpu load: 0.0, # processed events: 0, consecutive: 0/2, threshold: 0.9 in VM-116
 INFO 07-15 18:06:37,552 SystemLoadProfiler:50 [pool-8-thread-1] - Average CPU Load: 0.0 in VM-116
 INFO 07-15 18:06:37,552 TaskEventRateCalculator:114 [pool-8-thread-1] - ---- Start of task processed event (# tasks: 1 in executor VM-116)----
METRICLOG/VM-116	Stage2-0-0	inputR: 0	inputP:0	output:0	inW:2026-07-15T17:55:35.290Z	ioutW:2026-07-15T17:55:35.290Z	ptime:0	dsertime:0	inbytes:0	sertime:0	outbytes:0	numKey:1683	owc:0
----- End of taks processed event ----

 INFO 07-15 18:06:37,552 CpuBottleneckDetectorImpl:63 [pool-8-thread-1] - Current cpu load: 0.0, # processed events: 0, consecutive: 0/2, threshold: 0.9 in VM-116
 INFO 07-15 18:06:38,553 SystemLoadProfiler:50 [pool-8-thread-1] - Average CPU Load: 0.0 in VM-116
 INFO 07-15 18:06:38,553 TaskEventRateCalculator:114 [pool-8-thread-1] - ---- Start of task processed event (# tasks: 1 in executor VM-116)----
METRICLOG/VM-116	Stage2-0-0	inputR: 0	inputP:0	output:0	inW:2026-07-15T17:55:35.290Z	ioutW:2026-07-15T17:55:35.290Z	ptime:0	dsertime:0	inbytes:0	sertime:0	outbytes:0	numKey:1683	owc:0
----- End of taks processed event ----

 INFO 07-15 18:06:38,554 CpuBottleneckDetectorImpl:63 [pool-8-thread-1] - Current cpu load: 0.0, # processed events: 0, consecutive: 0/2, threshold: 0.9 in VM-116
 INFO 07-15 18:06:39,552 SystemLoadProfiler:50 [pool-8-thread-1] - Average CPU Load: 0.0 in VM-116
 INFO 07-15 18:06:39,552 TaskEventRateCalculator:114 [pool-8-thread-1] - ---- Start of task processed event (# tasks: 1 in executor VM-116)----
METRICLOG/VM-116	Stage2-0-0	inputR: 0	inputP:0	output:0	inW:2026-07-15T17:55:35.290Z	ioutW:2026-07-15T17:55:35.290Z	ptime:0	dsertime:0	inbytes:0	sertime:0	outbytes:0	numKey:1683	owc:0
----- End of taks processed event ----

 INFO 07-15 18:06:39,552 CpuBottleneckDetectorImpl:63 [pool-8-thread-1] - Current cpu load: 0.0, # processed events: 0, consecutive: 0/2, threshold: 0.9 in VM-116
 INFO 07-15 18:06:40,551 SystemLoadProfiler:50 [pool-8-thread-1] - Average CPU Load: 0.0 in VM-116
 INFO 07-15 18:06:40,552 TaskEventRateCalculator:114 [pool-8-thread-1] - ---- Start of task processed event (# tasks: 1 in executor VM-116)----
METRICLOG/VM-116	Stage2-0-0	inputR: 0	inputP:0	output:0	inW:2026-07-15T17:55:35.290Z	ioutW:2026-07-15T17:55:35.290Z	ptime:0	dsertime:0	inbytes:0	sertime:0	outbytes:0	numKey:1683	owc:0
----- End of taks processed event ----

 INFO 07-15 18:06:40,552 CpuBottleneckDetectorImpl:63 [pool-8-thread-1] - Current cpu load: 0.0, # processed events: 0, consecutive: 0/2, threshold: 0.9 in VM-116
 INFO 07-15 18:06:41,552 SystemLoadProfiler:50 [pool-8-thread-1] - Average CPU Load: 0.0 in VM-116
 INFO 07-15 18:06:41,552 TaskEventRateCalculator:114 [pool-8-thread-1] - ---- Start of task processed event (# tasks: 1 in executor VM-116)----
METRICLOG/VM-116	Stage2-0-0	inputR: 0	inputP:0	output:0	inW:2026-07-15T17:55:35.290Z	ioutW:2026-07-15T17:55:35.290Z	ptime:0	dsertime:0	inbytes:0	sertime:0	outbytes:0	numKey:1683	owc:0
----- End of taks processed event ----

 INFO 07-15 18:06:41,552 CpuBottleneckDetectorImpl:63 [pool-8-thread-1] - Current cpu load: 0.0, # processed events: 0, consecutive: 0/2, threshold: 0.9 in VM-116
 INFO 07-15 18:06:42,552 SystemLoadProfiler:50 [pool-8-thread-1] - Average CPU Load: 0.0 in VM-116
 INFO 07-15 18:06:42,552 TaskEventRateCalculator:114 [pool-8-thread-1] - ---- Start of task processed event (# tasks: 1 in executor VM-116)----
METRICLOG/VM-116	Stage2-0-0	inputR: 0	inputP:0	output:0	inW:2026-07-15T17:55:35.290Z	ioutW:2026-07-15T17:55:35.290Z	ptime:0	dsertime:0	inbytes:0	sertime:0	outbytes:0	numKey:1683	owc:0
----- End of taks processed event ----

 INFO 07-15 18:06:42,552 CpuBottleneckDetectorImpl:63 [pool-8-thread-1] - Current cpu load: 0.0, # processed events: 0, consecutive: 0/2, threshold: 0.9 in VM-116
 INFO 07-15 18:06:43,552 SystemLoadProfiler:50 [pool-8-thread-1] - Average CPU Load: 0.0 in VM-116
 INFO 07-15 18:06:43,552 TaskEventRateCalculator:114 [pool-8-thread-1] - ---- Start of task processed event (# tasks: 1 in executor VM-116)----
METRICLOG/VM-116	Stage2-0-0	inputR: 0	inputP:0	output:0	inW:2026-07-15T17:55:35.290Z	ioutW:2026-07-15T17:55:35.290Z	ptime:0	dsertime:0	inbytes:0	sertime:0	outbytes:0	numKey:1683	owc:0
----- End of taks processed event ----

 INFO 07-15 18:06:43,552 CpuBottleneckDetectorImpl:63 [pool-8-thread-1] - Current cpu load: 0.0, # processed events: 0, consecutive: 0/2, threshold: 0.9 in VM-116
 INFO 07-15 18:06:44,552 SystemLoadProfiler:50 [pool-8-thread-1] - Average CPU Load: 0.0 in VM-116
 INFO 07-15 18:06:44,552 TaskEventRateCalculator:114 [pool-8-thread-1] - ---- Start of task processed event (# tasks: 1 in executor VM-116)----
METRICLOG/VM-116	Stage2-0-0	inputR: 0	inputP:0	output:0	inW:2026-07-15T17:55:35.290Z	ioutW:2026-07-15T17:55:35.290Z	ptime:0	dsertime:0	inbytes:0	sertime:0	outbytes:0	numKey:1683	owc:0
----- End of taks processed event ----

 INFO 07-15 18:06:44,552 CpuBottleneckDetectorImpl:63 [pool-8-thread-1] - Current cpu load: 0.0, # processed events: 0, consecutive: 0/2, threshold: 0.9 in VM-116
 INFO 07-15 18:06:45,551 SystemLoadProfiler:50 [pool-8-thread-1] - Average CPU Load: 0.0 in VM-116
 INFO 07-15 18:06:45,552 TaskEventRateCalculator:114 [pool-8-thread-1] - ---- Start of task processed event (# tasks: 1 in executor VM-116)----
METRICLOG/VM-116	Stage2-0-0	inputR: 0	inputP:0	output:0	inW:2026-07-15T17:55:35.290Z	ioutW:2026-07-15T17:55:35.290Z	ptime:0	dsertime:0	inbytes:0	sertime:0	outbytes:0	numKey:1683	owc:0
----- End of taks processed event ----

 INFO 07-15 18:06:45,552 CpuBottleneckDetectorImpl:63 [pool-8-thread-1] - Current cpu load: 0.0, # processed events: 0, consecutive: 0/2, threshold: 0.9 in VM-116
 INFO 07-15 18:06:46,552 SystemLoadProfiler:50 [pool-8-thread-1] - Average CPU Load: 0.0 in VM-116
 INFO 07-15 18:06:46,552 TaskEventRateCalculator:114 [pool-8-thread-1] - ---- Start of task processed event (# tasks: 1 in executor VM-116)----
METRICLOG/VM-116	Stage2-0-0	inputR: 0	inputP:0	output:0	inW:2026-07-15T17:55:35.290Z	ioutW:2026-07-15T17:55:35.290Z	ptime:0	dsertime:0	inbytes:0	sertime:0	outbytes:0	numKey:1683	owc:0
----- End of taks processed event ----

 INFO 07-15 18:06:46,552 CpuBottleneckDetectorImpl:63 [pool-8-thread-1] - Current cpu load: 0.0, # processed events: 0, consecutive: 0/2, threshold: 0.9 in VM-116
 INFO 07-15 18:06:47,552 SystemLoadProfiler:50 [pool-8-thread-1] - Average CPU Load: 0.0 in VM-116
 INFO 07-15 18:06:47,552 TaskEventRateCalculator:114 [pool-8-thread-1] - ---- Start of task processed event (# tasks: 1 in executor VM-116)----
METRICLOG/VM-116	Stage2-0-0	inputR: 0	inputP:0	output:0	inW:2026-07-15T17:55:35.290Z	ioutW:2026-07-15T17:55:35.290Z	ptime:0	dsertime:0	inbytes:0	sertime:0	outbytes:0	numKey:1683	owc:0
----- End of taks processed event ----

 INFO 07-15 18:06:47,552 CpuBottleneckDetectorImpl:63 [pool-8-thread-1] - Current cpu load: 0.0, # processed events: 0, consecutive: 0/2, threshold: 0.9 in VM-116
 INFO 07-15 18:06:48,552 SystemLoadProfiler:50 [pool-8-thread-1] - Average CPU Load: 0.0 in VM-116
 INFO 07-15 18:06:48,552 TaskEventRateCalculator:114 [pool-8-thread-1] - ---- Start of task processed event (# tasks: 1 in executor VM-116)----
METRICLOG/VM-116	Stage2-0-0	inputR: 0	inputP:0	output:0	inW:2026-07-15T17:55:35.290Z	ioutW:2026-07-15T17:55:35.290Z	ptime:0	dsertime:0	inbytes:0	sertime:0	outbytes:0	numKey:1683	owc:0
----- End of taks processed event ----

 INFO 07-15 18:06:48,552 CpuBottleneckDetectorImpl:63 [pool-8-thread-1] - Current cpu load: 0.0, # processed events: 0, consecutive: 0/2, threshold: 0.9 in VM-116
 INFO 07-15 18:06:49,551 SystemLoadProfiler:50 [pool-8-thread-1] - Average CPU Load: 0.0 in VM-116
 INFO 07-15 18:06:49,552 TaskEventRateCalculator:114 [pool-8-thread-1] - ---- Start of task processed event (# tasks: 1 in executor VM-116)----
METRICLOG/VM-116	Stage2-0-0	inputR: 0	inputP:0	output:0	inW:2026-07-15T17:55:35.290Z	ioutW:2026-07-15T17:55:35.290Z	ptime:0	dsertime:0	inbytes:0	sertime:0	outbytes:0	numKey:1683	owc:0
----- End of taks processed event ----

 INFO 07-15 18:06:49,552 CpuBottleneckDetectorImpl:63 [pool-8-thread-1] - Current cpu load: 0.0, # processed events: 0, consecutive: 0/2, threshold: 0.9 in VM-116
 INFO 07-15 18:06:50,552 SystemLoadProfiler:50 [pool-8-thread-1] - Average CPU Load: 0.0 in VM-116
 INFO 07-15 18:06:50,552 TaskEventRateCalculator:114 [pool-8-thread-1] - ---- Start of task processed event (# tasks: 1 in executor VM-116)----
METRICLOG/VM-116	Stage2-0-0	inputR: 0	inputP:0	output:0	inW:2026-07-15T17:55:35.290Z	ioutW:2026-07-15T17:55:35.290Z	ptime:0	dsertime:0	inbytes:0	sertime:0	outbytes:0	numKey:1683	owc:0
----- End of taks processed event ----

 INFO 07-15 18:06:50,552 CpuBottleneckDetectorImpl:63 [pool-8-thread-1] - Current cpu load: 0.0, # processed events: 0, consecutive: 0/2, threshold: 0.9 in VM-116
 INFO 07-15 18:06:51,552 SystemLoadProfiler:50 [pool-8-thread-1] - Average CPU Load: 0.0 in VM-116
 INFO 07-15 18:06:51,552 TaskEventRateCalculator:114 [pool-8-thread-1] - ---- Start of task processed event (# tasks: 1 in executor VM-116)----
METRICLOG/VM-116	Stage2-0-0	inputR: 0	inputP:0	output:0	inW:2026-07-15T17:55:35.290Z	ioutW:2026-07-15T17:55:35.290Z	ptime:0	dsertime:0	inbytes:0	sertime:0	outbytes:0	numKey:1683	owc:0
----- End of taks processed event ----

 INFO 07-15 18:06:51,552 CpuBottleneckDetectorImpl:63 [pool-8-thread-1] - Current cpu load: 0.0, # processed events: 0, consecutive: 0/2, threshold: 0.9 in VM-116
 INFO 07-15 18:06:52,552 SystemLoadProfiler:50 [pool-8-thread-1] - Average CPU Load: 0.0 in VM-116
 INFO 07-15 18:06:52,552 TaskEventRateCalculator:114 [pool-8-thread-1] - ---- Start of task processed event (# tasks: 1 in executor VM-116)----
METRICLOG/VM-116	Stage2-0-0	inputR: 0	inputP:0	output:0	inW:2026-07-15T17:55:35.290Z	ioutW:2026-07-15T17:55:35.290Z	ptime:0	dsertime:0	inbytes:0	sertime:0	outbytes:0	numKey:1683	owc:0
----- End of taks processed event ----

 INFO 07-15 18:06:52,552 CpuBottleneckDetectorImpl:63 [pool-8-thread-1] - Current cpu load: 0.0, # processed events: 0, consecutive: 0/2, threshold: 0.9 in VM-116
 INFO 07-15 18:06:53,552 SystemLoadProfiler:50 [pool-8-thread-1] - Average CPU Load: 0.0 in VM-116
 INFO 07-15 18:06:53,552 TaskEventRateCalculator:114 [pool-8-thread-1] - ---- Start of task processed event (# tasks: 1 in executor VM-116)----
METRICLOG/VM-116	Stage2-0-0	inputR: 0	inputP:0	output:0	inW:2026-07-15T17:55:35.290Z	ioutW:2026-07-15T17:55:35.290Z	ptime:0	dsertime:0	inbytes:0	sertime:0	outbytes:0	numKey:1683	owc:0
----- End of taks processed event ----

 INFO 07-15 18:06:53,552 CpuBottleneckDetectorImpl:63 [pool-8-thread-1] - Current cpu load: 0.0, # processed events: 0, consecutive: 0/2, threshold: 0.9 in VM-116
 INFO 07-15 18:06:54,552 SystemLoadProfiler:50 [pool-8-thread-1] - Average CPU Load: 0.0 in VM-116
 INFO 07-15 18:06:54,552 TaskEventRateCalculator:114 [pool-8-thread-1] - ---- Start of task processed event (# tasks: 1 in executor VM-116)----
METRICLOG/VM-116	Stage2-0-0	inputR: 0	inputP:0	output:0	inW:2026-07-15T17:55:35.290Z	ioutW:2026-07-15T17:55:35.290Z	ptime:0	dsertime:0	inbytes:0	sertime:0	outbytes:0	numKey:1683	owc:0
----- End of taks processed event ----

 INFO 07-15 18:06:54,552 CpuBottleneckDetectorImpl:63 [pool-8-thread-1] - Current cpu load: 0.0, # processed events: 0, consecutive: 0/2, threshold: 0.9 in VM-116
 INFO 07-15 18:06:55,552 SystemLoadProfiler:50 [pool-8-thread-1] - Average CPU Load: 0.0 in VM-116
 INFO 07-15 18:06:55,552 TaskEventRateCalculator:114 [pool-8-thread-1] - ---- Start of task processed event (# tasks: 1 in executor VM-116)----
METRICLOG/VM-116	Stage2-0-0	inputR: 0	inputP:0	output:0	inW:2026-07-15T17:55:35.290Z	ioutW:2026-07-15T17:55:35.290Z	ptime:0	dsertime:0	inbytes:0	sertime:0	outbytes:0	numKey:1683	owc:0
----- End of taks processed event ----

 INFO 07-15 18:06:55,552 CpuBottleneckDetectorImpl:63 [pool-8-thread-1] - Current cpu load: 0.0, # processed events: 0, consecutive: 0/2, threshold: 0.9 in VM-116
 INFO 07-15 18:06:56,551 SystemLoadProfiler:50 [pool-8-thread-1] - Average CPU Load: 0.0 in VM-116
 INFO 07-15 18:06:56,552 TaskEventRateCalculator:114 [pool-8-thread-1] - ---- Start of task processed event (# tasks: 1 in executor VM-116)----
METRICLOG/VM-116	Stage2-0-0	inputR: 0	inputP:0	output:0	inW:2026-07-15T17:55:35.290Z	ioutW:2026-07-15T17:55:35.290Z	ptime:0	dsertime:0	inbytes:0	sertime:0	outbytes:0	numKey:1683	owc:0
----- End of taks processed event ----

 INFO 07-15 18:06:56,552 CpuBottleneckDetectorImpl:63 [pool-8-thread-1] - Current cpu load: 0.0, # processed events: 0, consecutive: 0/2, threshold: 0.9 in VM-116
 INFO 07-15 18:06:57,552 SystemLoadProfiler:50 [pool-8-thread-1] - Average CPU Load: 0.0 in VM-116
 INFO 07-15 18:06:57,552 TaskEventRateCalculator:114 [pool-8-thread-1] - ---- Start of task processed event (# tasks: 1 in executor VM-116)----
METRICLOG/VM-116	Stage2-0-0	inputR: 0	inputP:0	output:0	inW:2026-07-15T17:55:35.290Z	ioutW:2026-07-15T17:55:35.290Z	ptime:0	dsertime:0	inbytes:0	sertime:0	outbytes:0	numKey:1683	owc:0
----- End of taks processed event ----

 INFO 07-15 18:06:57,552 CpuBottleneckDetectorImpl:63 [pool-8-thread-1] - Current cpu load: 0.0, # processed events: 0, consecutive: 0/2, threshold: 0.9 in VM-116
 INFO 07-15 18:06:58,552 SystemLoadProfiler:50 [pool-8-thread-1] - Average CPU Load: 0.0 in VM-116
 INFO 07-15 18:06:58,552 TaskEventRateCalculator:114 [pool-8-thread-1] - ---- Start of task processed event (# tasks: 1 in executor VM-116)----
METRICLOG/VM-116	Stage2-0-0	inputR: 0	inputP:0	output:0	inW:2026-07-15T17:55:35.290Z	ioutW:2026-07-15T17:55:35.290Z	ptime:0	dsertime:0	inbytes:0	sertime:0	outbytes:0	numKey:1683	owc:0
----- End of taks processed event ----

 INFO 07-15 18:06:58,552 CpuBottleneckDetectorImpl:63 [pool-8-thread-1] - Current cpu load: 0.0, # processed events: 0, consecutive: 0/2, threshold: 0.9 in VM-116
 INFO 07-15 18:06:59,552 SystemLoadProfiler:50 [pool-8-thread-1] - Average CPU Load: 0.0 in VM-116
 INFO 07-15 18:06:59,552 TaskEventRateCalculator:114 [pool-8-thread-1] - ---- Start of task processed event (# tasks: 1 in executor VM-116)----
METRICLOG/VM-116	Stage2-0-0	inputR: 0	inputP:0	output:0	inW:2026-07-15T17:55:35.290Z	ioutW:2026-07-15T17:55:35.290Z	ptime:0	dsertime:0	inbytes:0	sertime:0	outbytes:0	numKey:1683	owc:0
----- End of taks processed event ----

 INFO 07-15 18:06:59,552 CpuBottleneckDetectorImpl:63 [pool-8-thread-1] - Current cpu load: 0.0, # processed events: 0, consecutive: 0/2, threshold: 0.9 in VM-116
 INFO 07-15 18:07:00,552 SystemLoadProfiler:50 [pool-8-thread-1] - Average CPU Load: 0.0 in VM-116
 INFO 07-15 18:07:00,552 TaskEventRateCalculator:114 [pool-8-thread-1] - ---- Start of task processed event (# tasks: 1 in executor VM-116)----
METRICLOG/VM-116	Stage2-0-0	inputR: 0	inputP:0	output:0	inW:2026-07-15T17:55:35.290Z	ioutW:2026-07-15T17:55:35.290Z	ptime:0	dsertime:0	inbytes:0	sertime:0	outbytes:0	numKey:1683	owc:0
----- End of taks processed event ----

 INFO 07-15 18:07:00,552 CpuBottleneckDetectorImpl:63 [pool-8-thread-1] - Current cpu load: 0.0, # processed events: 0, consecutive: 0/2, threshold: 0.9 in VM-116
 INFO 07-15 18:07:01,552 SystemLoadProfiler:50 [pool-8-thread-1] - Average CPU Load: 0.0 in VM-116
 INFO 07-15 18:07:01,552 TaskEventRateCalculator:114 [pool-8-thread-1] - ---- Start of task processed event (# tasks: 1 in executor VM-116)----
METRICLOG/VM-116	Stage2-0-0	inputR: 0	inputP:0	output:0	inW:2026-07-15T17:55:35.290Z	ioutW:2026-07-15T17:55:35.290Z	ptime:0	dsertime:0	inbytes:0	sertime:0	outbytes:0	numKey:1683	owc:0
----- End of taks processed event ----

 INFO 07-15 18:07:01,552 CpuBottleneckDetectorImpl:63 [pool-8-thread-1] - Current cpu load: 0.0, # processed events: 0, consecutive: 0/2, threshold: 0.9 in VM-116
 INFO 07-15 18:07:02,552 SystemLoadProfiler:50 [pool-8-thread-1] - Average CPU Load: 0.0 in VM-116
 INFO 07-15 18:07:02,552 TaskEventRateCalculator:114 [pool-8-thread-1] - ---- Start of task processed event (# tasks: 1 in executor VM-116)----
METRICLOG/VM-116	Stage2-0-0	inputR: 0	inputP:0	output:0	inW:2026-07-15T17:55:35.290Z	ioutW:2026-07-15T17:55:35.290Z	ptime:0	dsertime:0	inbytes:0	sertime:0	outbytes:0	numKey:1683	owc:0
----- End of taks processed event ----

 INFO 07-15 18:07:02,552 CpuBottleneckDetectorImpl:63 [pool-8-thread-1] - Current cpu load: 0.0, # processed events: 0, consecutive: 0/2, threshold: 0.9 in VM-116
 INFO 07-15 18:07:03,551 SystemLoadProfiler:50 [pool-8-thread-1] - Average CPU Load: 0.0 in VM-116
 INFO 07-15 18:07:03,552 TaskEventRateCalculator:114 [pool-8-thread-1] - ---- Start of task processed event (# tasks: 1 in executor VM-116)----
METRICLOG/VM-116	Stage2-0-0	inputR: 0	inputP:0	output:0	inW:2026-07-15T17:55:35.290Z	ioutW:2026-07-15T17:55:35.290Z	ptime:0	dsertime:0	inbytes:0	sertime:0	outbytes:0	numKey:1683	owc:0
----- End of taks processed event ----

 INFO 07-15 18:07:03,552 CpuBottleneckDetectorImpl:63 [pool-8-thread-1] - Current cpu load: 0.0, # processed events: 0, consecutive: 0/2, threshold: 0.9 in VM-116
 INFO 07-15 18:07:04,552 SystemLoadProfiler:50 [pool-8-thread-1] - Average CPU Load: 0.0 in VM-116
 INFO 07-15 18:07:04,552 TaskEventRateCalculator:114 [pool-8-thread-1] - ---- Start of task processed event (# tasks: 1 in executor VM-116)----
METRICLOG/VM-116	Stage2-0-0	inputR: 0	inputP:0	output:0	inW:2026-07-15T17:55:35.290Z	ioutW:2026-07-15T17:55:35.290Z	ptime:0	dsertime:0	inbytes:0	sertime:0	outbytes:0	numKey:1683	owc:0
----- End of taks processed event ----

 INFO 07-15 18:07:04,552 CpuBottleneckDetectorImpl:63 [pool-8-thread-1] - Current cpu load: 0.0, # processed events: 0, consecutive: 0/2, threshold: 0.9 in VM-116
 INFO 07-15 18:07:05,551 SystemLoadProfiler:50 [pool-8-thread-1] - Average CPU Load: 0.0 in VM-116
 INFO 07-15 18:07:05,552 TaskEventRateCalculator:114 [pool-8-thread-1] - ---- Start of task processed event (# tasks: 1 in executor VM-116)----
METRICLOG/VM-116	Stage2-0-0	inputR: 0	inputP:0	output:0	inW:2026-07-15T17:55:35.290Z	ioutW:2026-07-15T17:55:35.290Z	ptime:0	dsertime:0	inbytes:0	sertime:0	outbytes:0	numKey:1683	owc:0
----- End of taks processed event ----

 INFO 07-15 18:07:05,552 CpuBottleneckDetectorImpl:63 [pool-8-thread-1] - Current cpu load: 0.0, # processed events: 0, consecutive: 0/2, threshold: 0.9 in VM-116
 INFO 07-15 18:07:06,552 SystemLoadProfiler:50 [pool-8-thread-1] - Average CPU Load: 0.0 in VM-116
 INFO 07-15 18:07:06,552 TaskEventRateCalculator:114 [pool-8-thread-1] - ---- Start of task processed event (# tasks: 1 in executor VM-116)----
METRICLOG/VM-116	Stage2-0-0	inputR: 0	inputP:0	output:0	inW:2026-07-15T17:55:35.290Z	ioutW:2026-07-15T17:55:35.290Z	ptime:0	dsertime:0	inbytes:0	sertime:0	outbytes:0	numKey:1683	owc:0
----- End of taks processed event ----

 INFO 07-15 18:07:06,552 CpuBottleneckDetectorImpl:63 [pool-8-thread-1] - Current cpu load: 0.0, # processed events: 0, consecutive: 0/2, threshold: 0.9 in VM-116
 INFO 07-15 18:07:07,552 SystemLoadProfiler:50 [pool-8-thread-1] - Average CPU Load: 0.0 in VM-116
 INFO 07-15 18:07:07,552 TaskEventRateCalculator:114 [pool-8-thread-1] - ---- Start of task processed event (# tasks: 1 in executor VM-116)----
METRICLOG/VM-116	Stage2-0-0	inputR: 0	inputP:0	output:0	inW:2026-07-15T17:55:35.290Z	ioutW:2026-07-15T17:55:35.290Z	ptime:0	dsertime:0	inbytes:0	sertime:0	outbytes:0	numKey:1683	owc:0
----- End of taks processed event ----

 INFO 07-15 18:07:07,552 CpuBottleneckDetectorImpl:63 [pool-8-thread-1] - Current cpu load: 0.0, # processed events: 0, consecutive: 0/2, threshold: 0.9 in VM-116
 INFO 07-15 18:07:08,552 SystemLoadProfiler:50 [pool-8-thread-1] - Average CPU Load: 0.0 in VM-116
 INFO 07-15 18:07:08,552 TaskEventRateCalculator:114 [pool-8-thread-1] - ---- Start of task processed event (# tasks: 1 in executor VM-116)----
METRICLOG/VM-116	Stage2-0-0	inputR: 0	inputP:0	output:0	inW:2026-07-15T17:55:35.290Z	ioutW:2026-07-15T17:55:35.290Z	ptime:0	dsertime:0	inbytes:0	sertime:0	outbytes:0	numKey:1683	owc:0
----- End of taks processed event ----

 INFO 07-15 18:07:08,552 CpuBottleneckDetectorImpl:63 [pool-8-thread-1] - Current cpu load: 0.0, # processed events: 0, consecutive: 0/2, threshold: 0.9 in VM-116
 INFO 07-15 18:07:09,552 SystemLoadProfiler:50 [pool-8-thread-1] - Average CPU Load: 0.0 in VM-116
 INFO 07-15 18:07:09,552 TaskEventRateCalculator:114 [pool-8-thread-1] - ---- Start of task processed event (# tasks: 1 in executor VM-116)----
METRICLOG/VM-116	Stage2-0-0	inputR: 0	inputP:0	output:0	inW:2026-07-15T17:55:35.290Z	ioutW:2026-07-15T17:55:35.290Z	ptime:0	dsertime:0	inbytes:0	sertime:0	outbytes:0	numKey:1683	owc:0
----- End of taks processed event ----

 INFO 07-15 18:07:09,552 CpuBottleneckDetectorImpl:63 [pool-8-thread-1] - Current cpu load: 0.0, # processed events: 0, consecutive: 0/2, threshold: 0.9 in VM-116
 INFO 07-15 18:07:10,553 SystemLoadProfiler:50 [pool-8-thread-1] - Average CPU Load: 0.0 in VM-116
 INFO 07-15 18:07:10,553 TaskEventRateCalculator:114 [pool-8-thread-1] - ---- Start of task processed event (# tasks: 1 in executor VM-116)----
METRICLOG/VM-116	Stage2-0-0	inputR: 0	inputP:0	output:0	inW:2026-07-15T17:55:35.290Z	ioutW:2026-07-15T17:55:35.290Z	ptime:0	dsertime:0	inbytes:0	sertime:0	outbytes:0	numKey:1683	owc:0
----- End of taks processed event ----

 INFO 07-15 18:07:10,553 CpuBottleneckDetectorImpl:63 [pool-8-thread-1] - Current cpu load: 0.0, # processed events: 0, consecutive: 0/2, threshold: 0.9 in VM-116
 INFO 07-15 18:07:11,552 SystemLoadProfiler:50 [pool-8-thread-1] - Average CPU Load: 0.0 in VM-116
 INFO 07-15 18:07:11,552 TaskEventRateCalculator:114 [pool-8-thread-1] - ---- Start of task processed event (# tasks: 1 in executor VM-116)----
METRICLOG/VM-116	Stage2-0-0	inputR: 0	inputP:0	output:0	inW:2026-07-15T17:55:35.290Z	ioutW:2026-07-15T17:55:35.290Z	ptime:0	dsertime:0	inbytes:0	sertime:0	outbytes:0	numKey:1683	owc:0
----- End of taks processed event ----

 INFO 07-15 18:07:11,552 CpuBottleneckDetectorImpl:63 [pool-8-thread-1] - Current cpu load: 0.0, # processed events: 0, consecutive: 0/2, threshold: 0.9 in VM-116
 INFO 07-15 18:07:12,552 SystemLoadProfiler:50 [pool-8-thread-1] - Average CPU Load: 0.0 in VM-116
 INFO 07-15 18:07:12,552 TaskEventRateCalculator:114 [pool-8-thread-1] - ---- Start of task processed event (# tasks: 1 in executor VM-116)----
METRICLOG/VM-116	Stage2-0-0	inputR: 0	inputP:0	output:0	inW:2026-07-15T17:55:35.290Z	ioutW:2026-07-15T17:55:35.290Z	ptime:0	dsertime:0	inbytes:0	sertime:0	outbytes:0	numKey:1683	owc:0
----- End of taks processed event ----

 INFO 07-15 18:07:12,552 CpuBottleneckDetectorImpl:63 [pool-8-thread-1] - Current cpu load: 0.0, # processed events: 0, consecutive: 0/2, threshold: 0.9 in VM-116
 INFO 07-15 18:07:13,552 SystemLoadProfiler:50 [pool-8-thread-1] - Average CPU Load: 0.0 in VM-116
 INFO 07-15 18:07:13,552 TaskEventRateCalculator:114 [pool-8-thread-1] - ---- Start of task processed event (# tasks: 1 in executor VM-116)----
METRICLOG/VM-116	Stage2-0-0	inputR: 0	inputP:0	output:0	inW:2026-07-15T17:55:35.290Z	ioutW:2026-07-15T17:55:35.290Z	ptime:0	dsertime:0	inbytes:0	sertime:0	outbytes:0	numKey:1683	owc:0
----- End of taks processed event ----

 INFO 07-15 18:07:13,552 CpuBottleneckDetectorImpl:63 [pool-8-thread-1] - Current cpu load: 0.0, # processed events: 0, consecutive: 0/2, threshold: 0.9 in VM-116
 INFO 07-15 18:07:14,552 SystemLoadProfiler:50 [pool-8-thread-1] - Average CPU Load: 0.0 in VM-116
 INFO 07-15 18:07:14,552 TaskEventRateCalculator:114 [pool-8-thread-1] - ---- Start of task processed event (# tasks: 1 in executor VM-116)----
METRICLOG/VM-116	Stage2-0-0	inputR: 0	inputP:0	output:0	inW:2026-07-15T17:55:35.290Z	ioutW:2026-07-15T17:55:35.290Z	ptime:0	dsertime:0	inbytes:0	sertime:0	outbytes:0	numKey:1683	owc:0
----- End of taks processed event ----

 INFO 07-15 18:07:14,552 CpuBottleneckDetectorImpl:63 [pool-8-thread-1] - Current cpu load: 0.0, # processed events: 0, consecutive: 0/2, threshold: 0.9 in VM-116
 INFO 07-15 18:07:15,552 SystemLoadProfiler:50 [pool-8-thread-1] - Average CPU Load: 0.0 in VM-116
 INFO 07-15 18:07:15,552 TaskEventRateCalculator:114 [pool-8-thread-1] - ---- Start of task processed event (# tasks: 1 in executor VM-116)----
METRICLOG/VM-116	Stage2-0-0	inputR: 0	inputP:0	output:0	inW:2026-07-15T17:55:35.290Z	ioutW:2026-07-15T17:55:35.290Z	ptime:0	dsertime:0	inbytes:0	sertime:0	outbytes:0	numKey:1683	owc:0
----- End of taks processed event ----

 INFO 07-15 18:07:15,552 CpuBottleneckDetectorImpl:63 [pool-8-thread-1] - Current cpu load: 0.0, # processed events: 0, consecutive: 0/2, threshold: 0.9 in VM-116
 INFO 07-15 18:07:16,552 SystemLoadProfiler:50 [pool-8-thread-1] - Average CPU Load: 0.0 in VM-116
 INFO 07-15 18:07:16,552 TaskEventRateCalculator:114 [pool-8-thread-1] - ---- Start of task processed event (# tasks: 1 in executor VM-116)----
METRICLOG/VM-116	Stage2-0-0	inputR: 0	inputP:0	output:0	inW:2026-07-15T17:55:35.290Z	ioutW:2026-07-15T17:55:35.290Z	ptime:0	dsertime:0	inbytes:0	sertime:0	outbytes:0	numKey:1683	owc:0
----- End of taks processed event ----

 INFO 07-15 18:07:16,552 CpuBottleneckDetectorImpl:63 [pool-8-thread-1] - Current cpu load: 0.0, # processed events: 0, consecutive: 0/2, threshold: 0.9 in VM-116
 INFO 07-15 18:07:17,552 SystemLoadProfiler:50 [pool-8-thread-1] - Average CPU Load: 0.0 in VM-116
 INFO 07-15 18:07:17,552 TaskEventRateCalculator:114 [pool-8-thread-1] - ---- Start of task processed event (# tasks: 1 in executor VM-116)----
METRICLOG/VM-116	Stage2-0-0	inputR: 0	inputP:0	output:0	inW:2026-07-15T17:55:35.290Z	ioutW:2026-07-15T17:55:35.290Z	ptime:0	dsertime:0	inbytes:0	sertime:0	outbytes:0	numKey:1683	owc:0
----- End of taks processed event ----

 INFO 07-15 18:07:17,552 CpuBottleneckDetectorImpl:63 [pool-8-thread-1] - Current cpu load: 0.0, # processed events: 0, consecutive: 0/2, threshold: 0.9 in VM-116
 INFO 07-15 18:07:18,551 SystemLoadProfiler:50 [pool-8-thread-1] - Average CPU Load: 0.0 in VM-116
 INFO 07-15 18:07:18,552 TaskEventRateCalculator:114 [pool-8-thread-1] - ---- Start of task processed event (# tasks: 1 in executor VM-116)----
METRICLOG/VM-116	Stage2-0-0	inputR: 0	inputP:0	output:0	inW:2026-07-15T17:55:35.290Z	ioutW:2026-07-15T17:55:35.290Z	ptime:0	dsertime:0	inbytes:0	sertime:0	outbytes:0	numKey:1683	owc:0
----- End of taks processed event ----

 INFO 07-15 18:07:18,552 CpuBottleneckDetectorImpl:63 [pool-8-thread-1] - Current cpu load: 0.0, # processed events: 0, consecutive: 0/2, threshold: 0.9 in VM-116
 INFO 07-15 18:07:19,552 SystemLoadProfiler:50 [pool-8-thread-1] - Average CPU Load: 0.0 in VM-116
 INFO 07-15 18:07:19,552 TaskEventRateCalculator:114 [pool-8-thread-1] - ---- Start of task processed event (# tasks: 1 in executor VM-116)----
METRICLOG/VM-116	Stage2-0-0	inputR: 0	inputP:0	output:0	inW:2026-07-15T17:55:35.290Z	ioutW:2026-07-15T17:55:35.290Z	ptime:0	dsertime:0	inbytes:0	sertime:0	outbytes:0	numKey:1683	owc:0
----- End of taks processed event ----

 INFO 07-15 18:07:19,552 CpuBottleneckDetectorImpl:63 [pool-8-thread-1] - Current cpu load: 0.0, # processed events: 0, consecutive: 0/2, threshold: 0.9 in VM-116
 INFO 07-15 18:07:20,552 SystemLoadProfiler:50 [pool-8-thread-1] - Average CPU Load: 0.0 in VM-116
 INFO 07-15 18:07:20,552 TaskEventRateCalculator:114 [pool-8-thread-1] - ---- Start of task processed event (# tasks: 1 in executor VM-116)----
METRICLOG/VM-116	Stage2-0-0	inputR: 0	inputP:0	output:0	inW:2026-07-15T17:55:35.290Z	ioutW:2026-07-15T17:55:35.290Z	ptime:0	dsertime:0	inbytes:0	sertime:0	outbytes:0	numKey:1683	owc:0
----- End of taks processed event ----

 INFO 07-15 18:07:20,552 CpuBottleneckDetectorImpl:63 [pool-8-thread-1] - Current cpu load: 0.0, # processed events: 0, consecutive: 0/2, threshold: 0.9 in VM-116
 INFO 07-15 18:07:21,551 SystemLoadProfiler:50 [pool-8-thread-1] - Average CPU Load: 0.0 in VM-116
 INFO 07-15 18:07:21,552 TaskEventRateCalculator:114 [pool-8-thread-1] - ---- Start of task processed event (# tasks: 1 in executor VM-116)----
METRICLOG/VM-116	Stage2-0-0	inputR: 0	inputP:0	output:0	inW:2026-07-15T17:55:35.290Z	ioutW:2026-07-15T17:55:35.290Z	ptime:0	dsertime:0	inbytes:0	sertime:0	outbytes:0	numKey:1683	owc:0
----- End of taks processed event ----

 INFO 07-15 18:07:21,552 CpuBottleneckDetectorImpl:63 [pool-8-thread-1] - Current cpu load: 0.0, # processed events: 0, consecutive: 0/2, threshold: 0.9 in VM-116
 INFO 07-15 18:07:22,552 SystemLoadProfiler:50 [pool-8-thread-1] - Average CPU Load: 0.0 in VM-116
 INFO 07-15 18:07:22,552 TaskEventRateCalculator:114 [pool-8-thread-1] - ---- Start of task processed event (# tasks: 1 in executor VM-116)----
METRICLOG/VM-116	Stage2-0-0	inputR: 0	inputP:0	output:0	inW:2026-07-15T17:55:35.290Z	ioutW:2026-07-15T17:55:35.290Z	ptime:0	dsertime:0	inbytes:0	sertime:0	outbytes:0	numKey:1683	owc:0
----- End of taks processed event ----

 INFO 07-15 18:07:22,552 CpuBottleneckDetectorImpl:63 [pool-8-thread-1] - Current cpu load: 0.0, # processed events: 0, consecutive: 0/2, threshold: 0.9 in VM-116
 INFO 07-15 18:07:23,552 SystemLoadProfiler:50 [pool-8-thread-1] - Average CPU Load: 0.0 in VM-116
 INFO 07-15 18:07:23,552 TaskEventRateCalculator:114 [pool-8-thread-1] - ---- Start of task processed event (# tasks: 1 in executor VM-116)----
METRICLOG/VM-116	Stage2-0-0	inputR: 0	inputP:0	output:0	inW:2026-07-15T17:55:35.290Z	ioutW:2026-07-15T17:55:35.290Z	ptime:0	dsertime:0	inbytes:0	sertime:0	outbytes:0	numKey:1683	owc:0
----- End of taks processed event ----

 INFO 07-15 18:07:23,552 CpuBottleneckDetectorImpl:63 [pool-8-thread-1] - Current cpu load: 0.0, # processed events: 0, consecutive: 0/2, threshold: 0.9 in VM-116
 INFO 07-15 18:07:24,552 SystemLoadProfiler:50 [pool-8-thread-1] - Average CPU Load: 0.0 in VM-116
 INFO 07-15 18:07:24,552 TaskEventRateCalculator:114 [pool-8-thread-1] - ---- Start of task processed event (# tasks: 1 in executor VM-116)----
METRICLOG/VM-116	Stage2-0-0	inputR: 0	inputP:0	output:0	inW:2026-07-15T17:55:35.290Z	ioutW:2026-07-15T17:55:35.290Z	ptime:0	dsertime:0	inbytes:0	sertime:0	outbytes:0	numKey:1683	owc:0
----- End of taks processed event ----

 INFO 07-15 18:07:24,552 CpuBottleneckDetectorImpl:63 [pool-8-thread-1] - Current cpu load: 0.0, # processed events: 0, consecutive: 0/2, threshold: 0.9 in VM-116
 INFO 07-15 18:07:25,552 SystemLoadProfiler:50 [pool-8-thread-1] - Average CPU Load: 0.0 in VM-116
 INFO 07-15 18:07:25,552 TaskEventRateCalculator:114 [pool-8-thread-1] - ---- Start of task processed event (# tasks: 1 in executor VM-116)----
METRICLOG/VM-116	Stage2-0-0	inputR: 0	inputP:0	output:0	inW:2026-07-15T17:55:35.290Z	ioutW:2026-07-15T17:55:35.290Z	ptime:0	dsertime:0	inbytes:0	sertime:0	outbytes:0	numKey:1683	owc:0
----- End of taks processed event ----

 INFO 07-15 18:07:25,552 CpuBottleneckDetectorImpl:63 [pool-8-thread-1] - Current cpu load: 0.0, # processed events: 0, consecutive: 0/2, threshold: 0.9 in VM-116
 INFO 07-15 18:07:26,552 SystemLoadProfiler:50 [pool-8-thread-1] - Average CPU Load: 0.0 in VM-116
 INFO 07-15 18:07:26,552 TaskEventRateCalculator:114 [pool-8-thread-1] - ---- Start of task processed event (# tasks: 1 in executor VM-116)----
METRICLOG/VM-116	Stage2-0-0	inputR: 0	inputP:0	output:0	inW:2026-07-15T17:55:35.290Z	ioutW:2026-07-15T17:55:35.290Z	ptime:0	dsertime:0	inbytes:0	sertime:0	outbytes:0	numKey:1683	owc:0
----- End of taks processed event ----

 INFO 07-15 18:07:26,552 CpuBottleneckDetectorImpl:63 [pool-8-thread-1] - Current cpu load: 0.0, # processed events: 0, consecutive: 0/2, threshold: 0.9 in VM-116
 INFO 07-15 18:07:27,552 SystemLoadProfiler:50 [pool-8-thread-1] - Average CPU Load: 0.0 in VM-116
 INFO 07-15 18:07:27,552 TaskEventRateCalculator:114 [pool-8-thread-1] - ---- Start of task processed event (# tasks: 1 in executor VM-116)----
METRICLOG/VM-116	Stage2-0-0	inputR: 0	inputP:0	output:0	inW:2026-07-15T17:55:35.290Z	ioutW:2026-07-15T17:55:35.290Z	ptime:0	dsertime:0	inbytes:0	sertime:0	outbytes:0	numKey:1683	owc:0
----- End of taks processed event ----

 INFO 07-15 18:07:27,552 CpuBottleneckDetectorImpl:63 [pool-8-thread-1] - Current cpu load: 0.0, # processed events: 0, consecutive: 0/2, threshold: 0.9 in VM-116
 INFO 07-15 18:07:28,552 SystemLoadProfiler:50 [pool-8-thread-1] - Average CPU Load: 0.0 in VM-116
 INFO 07-15 18:07:28,552 TaskEventRateCalculator:114 [pool-8-thread-1] - ---- Start of task processed event (# tasks: 1 in executor VM-116)----
METRICLOG/VM-116	Stage2-0-0	inputR: 0	inputP:0	output:0	inW:2026-07-15T17:55:35.290Z	ioutW:2026-07-15T17:55:35.290Z	ptime:0	dsertime:0	inbytes:0	sertime:0	outbytes:0	numKey:1683	owc:0
----- End of taks processed event ----

 INFO 07-15 18:07:28,552 CpuBottleneckDetectorImpl:63 [pool-8-thread-1] - Current cpu load: 0.0, # processed events: 0, consecutive: 0/2, threshold: 0.9 in VM-116
 INFO 07-15 18:07:29,551 SystemLoadProfiler:50 [pool-8-thread-1] - Average CPU Load: 0.0 in VM-116
 INFO 07-15 18:07:29,552 TaskEventRateCalculator:114 [pool-8-thread-1] - ---- Start of task processed event (# tasks: 1 in executor VM-116)----
METRICLOG/VM-116	Stage2-0-0	inputR: 0	inputP:0	output:0	inW:2026-07-15T17:55:35.290Z	ioutW:2026-07-15T17:55:35.290Z	ptime:0	dsertime:0	inbytes:0	sertime:0	outbytes:0	numKey:1683	owc:0
----- End of taks processed event ----

 INFO 07-15 18:07:29,552 CpuBottleneckDetectorImpl:63 [pool-8-thread-1] - Current cpu load: 0.0, # processed events: 0, consecutive: 0/2, threshold: 0.9 in VM-116
 INFO 07-15 18:07:30,552 SystemLoadProfiler:50 [pool-8-thread-1] - Average CPU Load: 0.0 in VM-116
 INFO 07-15 18:07:30,552 TaskEventRateCalculator:114 [pool-8-thread-1] - ---- Start of task processed event (# tasks: 1 in executor VM-116)----
METRICLOG/VM-116	Stage2-0-0	inputR: 0	inputP:0	output:0	inW:2026-07-15T17:55:35.290Z	ioutW:2026-07-15T17:55:35.290Z	ptime:0	dsertime:0	inbytes:0	sertime:0	outbytes:0	numKey:1683	owc:0
----- End of taks processed event ----

 INFO 07-15 18:07:30,552 CpuBottleneckDetectorImpl:63 [pool-8-thread-1] - Current cpu load: 0.0, # processed events: 0, consecutive: 0/2, threshold: 0.9 in VM-116
 INFO 07-15 18:07:31,551 SystemLoadProfiler:50 [pool-8-thread-1] - Average CPU Load: 0.0 in VM-116
 INFO 07-15 18:07:31,552 TaskEventRateCalculator:114 [pool-8-thread-1] - ---- Start of task processed event (# tasks: 1 in executor VM-116)----
METRICLOG/VM-116	Stage2-0-0	inputR: 0	inputP:0	output:0	inW:2026-07-15T17:55:35.290Z	ioutW:2026-07-15T17:55:35.290Z	ptime:0	dsertime:0	inbytes:0	sertime:0	outbytes:0	numKey:1683	owc:0
----- End of taks processed event ----

 INFO 07-15 18:07:31,552 CpuBottleneckDetectorImpl:63 [pool-8-thread-1] - Current cpu load: 0.0, # processed events: 0, consecutive: 0/2, threshold: 0.9 in VM-116
 INFO 07-15 18:07:32,552 SystemLoadProfiler:50 [pool-8-thread-1] - Average CPU Load: 0.0 in VM-116
 INFO 07-15 18:07:32,552 TaskEventRateCalculator:114 [pool-8-thread-1] - ---- Start of task processed event (# tasks: 1 in executor VM-116)----
METRICLOG/VM-116	Stage2-0-0	inputR: 0	inputP:0	output:0	inW:2026-07-15T17:55:35.290Z	ioutW:2026-07-15T17:55:35.290Z	ptime:0	dsertime:0	inbytes:0	sertime:0	outbytes:0	numKey:1683	owc:0
----- End of taks processed event ----

 INFO 07-15 18:07:32,552 CpuBottleneckDetectorImpl:63 [pool-8-thread-1] - Current cpu load: 0.0, # processed events: 0, consecutive: 0/2, threshold: 0.9 in VM-116
 INFO 07-15 18:07:33,552 SystemLoadProfiler:50 [pool-8-thread-1] - Average CPU Load: 0.0 in VM-116
 INFO 07-15 18:07:33,552 TaskEventRateCalculator:114 [pool-8-thread-1] - ---- Start of task processed event (# tasks: 1 in executor VM-116)----
METRICLOG/VM-116	Stage2-0-0	inputR: 0	inputP:0	output:0	inW:2026-07-15T17:55:35.290Z	ioutW:2026-07-15T17:55:35.290Z	ptime:0	dsertime:0	inbytes:0	sertime:0	outbytes:0	numKey:1683	owc:0
----- End of taks processed event ----

 INFO 07-15 18:07:33,552 CpuBottleneckDetectorImpl:63 [pool-8-thread-1] - Current cpu load: 0.0, # processed events: 0, consecutive: 0/2, threshold: 0.9 in VM-116
 INFO 07-15 18:07:34,552 SystemLoadProfiler:50 [pool-8-thread-1] - Average CPU Load: 0.0 in VM-116
 INFO 07-15 18:07:34,552 TaskEventRateCalculator:114 [pool-8-thread-1] - ---- Start of task processed event (# tasks: 1 in executor VM-116)----
METRICLOG/VM-116	Stage2-0-0	inputR: 0	inputP:0	output:0	inW:2026-07-15T17:55:35.290Z	ioutW:2026-07-15T17:55:35.290Z	ptime:0	dsertime:0	inbytes:0	sertime:0	outbytes:0	numKey:1683	owc:0
----- End of taks processed event ----

 INFO 07-15 18:07:34,552 CpuBottleneckDetectorImpl:63 [pool-8-thread-1] - Current cpu load: 0.0, # processed events: 0, consecutive: 0/2, threshold: 0.9 in VM-116
 INFO 07-15 18:07:35,552 SystemLoadProfiler:50 [pool-8-thread-1] - Average CPU Load: 0.0 in VM-116
 INFO 07-15 18:07:35,552 TaskEventRateCalculator:114 [pool-8-thread-1] - ---- Start of task processed event (# tasks: 1 in executor VM-116)----
METRICLOG/VM-116	Stage2-0-0	inputR: 0	inputP:0	output:0	inW:2026-07-15T17:55:35.290Z	ioutW:2026-07-15T17:55:35.290Z	ptime:0	dsertime:0	inbytes:0	sertime:0	outbytes:0	numKey:1683	owc:0
----- End of taks processed event ----

 INFO 07-15 18:07:35,552 CpuBottleneckDetectorImpl:63 [pool-8-thread-1] - Current cpu load: 0.0, # processed events: 0, consecutive: 0/2, threshold: 0.9 in VM-116
 INFO 07-15 18:07:36,551 SystemLoadProfiler:50 [pool-8-thread-1] - Average CPU Load: 0.0 in VM-116
 INFO 07-15 18:07:36,552 TaskEventRateCalculator:114 [pool-8-thread-1] - ---- Start of task processed event (# tasks: 1 in executor VM-116)----
METRICLOG/VM-116	Stage2-0-0	inputR: 0	inputP:0	output:0	inW:2026-07-15T17:55:35.290Z	ioutW:2026-07-15T17:55:35.290Z	ptime:0	dsertime:0	inbytes:0	sertime:0	outbytes:0	numKey:1683	owc:0
----- End of taks processed event ----

 INFO 07-15 18:07:36,552 CpuBottleneckDetectorImpl:63 [pool-8-thread-1] - Current cpu load: 0.0, # processed events: 0, consecutive: 0/2, threshold: 0.9 in VM-116
 INFO 07-15 18:07:37,552 SystemLoadProfiler:50 [pool-8-thread-1] - Average CPU Load: 0.0 in VM-116
 INFO 07-15 18:07:37,552 TaskEventRateCalculator:114 [pool-8-thread-1] - ---- Start of task processed event (# tasks: 1 in executor VM-116)----
METRICLOG/VM-116	Stage2-0-0	inputR: 0	inputP:0	output:0	inW:2026-07-15T17:55:35.290Z	ioutW:2026-07-15T17:55:35.290Z	ptime:0	dsertime:0	inbytes:0	sertime:0	outbytes:0	numKey:1683	owc:0
----- End of taks processed event ----

 INFO 07-15 18:07:37,552 CpuBottleneckDetectorImpl:63 [pool-8-thread-1] - Current cpu load: 0.0, # processed events: 0, consecutive: 0/2, threshold: 0.9 in VM-116
 INFO 07-15 18:07:38,552 SystemLoadProfiler:50 [pool-8-thread-1] - Average CPU Load: 0.0 in VM-116
 INFO 07-15 18:07:38,552 TaskEventRateCalculator:114 [pool-8-thread-1] - ---- Start of task processed event (# tasks: 1 in executor VM-116)----
METRICLOG/VM-116	Stage2-0-0	inputR: 0	inputP:0	output:0	inW:2026-07-15T17:55:35.290Z	ioutW:2026-07-15T17:55:35.290Z	ptime:0	dsertime:0	inbytes:0	sertime:0	outbytes:0	numKey:1683	owc:0
----- End of taks processed event ----

 INFO 07-15 18:07:38,552 CpuBottleneckDetectorImpl:63 [pool-8-thread-1] - Current cpu load: 0.0, # processed events: 0, consecutive: 0/2, threshold: 0.9 in VM-116
 INFO 07-15 18:07:39,551 SystemLoadProfiler:50 [pool-8-thread-1] - Average CPU Load: 0.0 in VM-116
 INFO 07-15 18:07:39,552 TaskEventRateCalculator:114 [pool-8-thread-1] - ---- Start of task processed event (# tasks: 1 in executor VM-116)----
METRICLOG/VM-116	Stage2-0-0	inputR: 0	inputP:0	output:0	inW:2026-07-15T17:55:35.290Z	ioutW:2026-07-15T17:55:35.290Z	ptime:0	dsertime:0	inbytes:0	sertime:0	outbytes:0	numKey:1683	owc:0
----- End of taks processed event ----

 INFO 07-15 18:07:39,552 CpuBottleneckDetectorImpl:63 [pool-8-thread-1] - Current cpu load: 0.0, # processed events: 0, consecutive: 0/2, threshold: 0.9 in VM-116
 INFO 07-15 18:07:40,551 SystemLoadProfiler:50 [pool-8-thread-1] - Average CPU Load: 0.0 in VM-116
 INFO 07-15 18:07:40,552 TaskEventRateCalculator:114 [pool-8-thread-1] - ---- Start of task processed event (# tasks: 1 in executor VM-116)----
METRICLOG/VM-116	Stage2-0-0	inputR: 0	inputP:0	output:0	inW:2026-07-15T17:55:35.290Z	ioutW:2026-07-15T17:55:35.290Z	ptime:0	dsertime:0	inbytes:0	sertime:0	outbytes:0	numKey:1683	owc:0
----- End of taks processed event ----

 INFO 07-15 18:07:40,552 CpuBottleneckDetectorImpl:63 [pool-8-thread-1] - Current cpu load: 0.0, # processed events: 0, consecutive: 0/2, threshold: 0.9 in VM-116
 INFO 07-15 18:07:41,551 SystemLoadProfiler:50 [pool-8-thread-1] - Average CPU Load: 0.0 in VM-116
 INFO 07-15 18:07:41,552 TaskEventRateCalculator:114 [pool-8-thread-1] - ---- Start of task processed event (# tasks: 1 in executor VM-116)----
METRICLOG/VM-116	Stage2-0-0	inputR: 0	inputP:0	output:0	inW:2026-07-15T17:55:35.290Z	ioutW:2026-07-15T17:55:35.290Z	ptime:0	dsertime:0	inbytes:0	sertime:0	outbytes:0	numKey:1683	owc:0
----- End of taks processed event ----

 INFO 07-15 18:07:41,552 CpuBottleneckDetectorImpl:63 [pool-8-thread-1] - Current cpu load: 0.0, # processed events: 0, consecutive: 0/2, threshold: 0.9 in VM-116
 INFO 07-15 18:07:42,552 SystemLoadProfiler:50 [pool-8-thread-1] - Average CPU Load: 0.0 in VM-116
 INFO 07-15 18:07:42,552 TaskEventRateCalculator:114 [pool-8-thread-1] - ---- Start of task processed event (# tasks: 1 in executor VM-116)----
METRICLOG/VM-116	Stage2-0-0	inputR: 0	inputP:0	output:0	inW:2026-07-15T17:55:35.290Z	ioutW:2026-07-15T17:55:35.290Z	ptime:0	dsertime:0	inbytes:0	sertime:0	outbytes:0	numKey:1683	owc:0
----- End of taks processed event ----

 INFO 07-15 18:07:42,552 CpuBottleneckDetectorImpl:63 [pool-8-thread-1] - Current cpu load: 0.0, # processed events: 0, consecutive: 0/2, threshold: 0.9 in VM-116
 INFO 07-15 18:07:43,552 SystemLoadProfiler:50 [pool-8-thread-1] - Average CPU Load: 0.0 in VM-116
 INFO 07-15 18:07:43,552 TaskEventRateCalculator:114 [pool-8-thread-1] - ---- Start of task processed event (# tasks: 1 in executor VM-116)----
METRICLOG/VM-116	Stage2-0-0	inputR: 0	inputP:0	output:0	inW:2026-07-15T17:55:35.290Z	ioutW:2026-07-15T17:55:35.290Z	ptime:0	dsertime:0	inbytes:0	sertime:0	outbytes:0	numKey:1683	owc:0
----- End of taks processed event ----

 INFO 07-15 18:07:43,552 CpuBottleneckDetectorImpl:63 [pool-8-thread-1] - Current cpu load: 0.0, # processed events: 0, consecutive: 0/2, threshold: 0.9 in VM-116
 INFO 07-15 18:07:44,551 SystemLoadProfiler:50 [pool-8-thread-1] - Average CPU Load: 0.0 in VM-116
 INFO 07-15 18:07:44,552 TaskEventRateCalculator:114 [pool-8-thread-1] - ---- Start of task processed event (# tasks: 1 in executor VM-116)----
METRICLOG/VM-116	Stage2-0-0	inputR: 0	inputP:0	output:0	inW:2026-07-15T17:55:35.290Z	ioutW:2026-07-15T17:55:35.290Z	ptime:0	dsertime:0	inbytes:0	sertime:0	outbytes:0	numKey:1683	owc:0
----- End of taks processed event ----

 INFO 07-15 18:07:44,552 CpuBottleneckDetectorImpl:63 [pool-8-thread-1] - Current cpu load: 0.0, # processed events: 0, consecutive: 0/2, threshold: 0.9 in VM-116
 INFO 07-15 18:07:45,551 SystemLoadProfiler:50 [pool-8-thread-1] - Average CPU Load: 0.0 in VM-116
 INFO 07-15 18:07:45,552 TaskEventRateCalculator:114 [pool-8-thread-1] - ---- Start of task processed event (# tasks: 1 in executor VM-116)----
METRICLOG/VM-116	Stage2-0-0	inputR: 0	inputP:0	output:0	inW:2026-07-15T17:55:35.290Z	ioutW:2026-07-15T17:55:35.290Z	ptime:0	dsertime:0	inbytes:0	sertime:0	outbytes:0	numKey:1683	owc:0
----- End of taks processed event ----

 INFO 07-15 18:07:45,552 CpuBottleneckDetectorImpl:63 [pool-8-thread-1] - Current cpu load: 0.0, # processed events: 0, consecutive: 0/2, threshold: 0.9 in VM-116
 INFO 07-15 18:07:46,552 SystemLoadProfiler:50 [pool-8-thread-1] - Average CPU Load: 0.0 in VM-116
 INFO 07-15 18:07:46,552 TaskEventRateCalculator:114 [pool-8-thread-1] - ---- Start of task processed event (# tasks: 1 in executor VM-116)----
METRICLOG/VM-116	Stage2-0-0	inputR: 0	inputP:0	output:0	inW:2026-07-15T17:55:35.290Z	ioutW:2026-07-15T17:55:35.290Z	ptime:0	dsertime:0	inbytes:0	sertime:0	outbytes:0	numKey:1683	owc:0
----- End of taks processed event ----

 INFO 07-15 18:07:46,552 CpuBottleneckDetectorImpl:63 [pool-8-thread-1] - Current cpu load: 0.0, # processed events: 0, consecutive: 0/2, threshold: 0.9 in VM-116
 INFO 07-15 18:07:47,551 SystemLoadProfiler:50 [pool-8-thread-1] - Average CPU Load: 0.0 in VM-116
 INFO 07-15 18:07:47,552 TaskEventRateCalculator:114 [pool-8-thread-1] - ---- Start of task processed event (# tasks: 1 in executor VM-116)----
METRICLOG/VM-116	Stage2-0-0	inputR: 0	inputP:0	output:0	inW:2026-07-15T17:55:35.290Z	ioutW:2026-07-15T17:55:35.290Z	ptime:0	dsertime:0	inbytes:0	sertime:0	outbytes:0	numKey:1683	owc:0
----- End of taks processed event ----

 INFO 07-15 18:07:47,552 CpuBottleneckDetectorImpl:63 [pool-8-thread-1] - Current cpu load: 0.0, # processed events: 0, consecutive: 0/2, threshold: 0.9 in VM-116
 INFO 07-15 18:07:48,552 SystemLoadProfiler:50 [pool-8-thread-1] - Average CPU Load: 0.0 in VM-116
 INFO 07-15 18:07:48,552 TaskEventRateCalculator:114 [pool-8-thread-1] - ---- Start of task processed event (# tasks: 1 in executor VM-116)----
METRICLOG/VM-116	Stage2-0-0	inputR: 0	inputP:0	output:0	inW:2026-07-15T17:55:35.290Z	ioutW:2026-07-15T17:55:35.290Z	ptime:0	dsertime:0	inbytes:0	sertime:0	outbytes:0	numKey:1683	owc:0
----- End of taks processed event ----

 INFO 07-15 18:07:48,552 CpuBottleneckDetectorImpl:63 [pool-8-thread-1] - Current cpu load: 0.0, # processed events: 0, consecutive: 0/2, threshold: 0.9 in VM-116
 INFO 07-15 18:07:49,551 SystemLoadProfiler:50 [pool-8-thread-1] - Average CPU Load: 0.0 in VM-116
 INFO 07-15 18:07:49,552 TaskEventRateCalculator:114 [pool-8-thread-1] - ---- Start of task processed event (# tasks: 1 in executor VM-116)----
METRICLOG/VM-116	Stage2-0-0	inputR: 0	inputP:0	output:0	inW:2026-07-15T17:55:35.290Z	ioutW:2026-07-15T17:55:35.290Z	ptime:0	dsertime:0	inbytes:0	sertime:0	outbytes:0	numKey:1683	owc:0
----- End of taks processed event ----

 INFO 07-15 18:07:49,552 CpuBottleneckDetectorImpl:63 [pool-8-thread-1] - Current cpu load: 0.0, # processed events: 0, consecutive: 0/2, threshold: 0.9 in VM-116
 INFO 07-15 18:07:50,551 SystemLoadProfiler:50 [pool-8-thread-1] - Average CPU Load: 0.0 in VM-116
 INFO 07-15 18:07:50,552 TaskEventRateCalculator:114 [pool-8-thread-1] - ---- Start of task processed event (# tasks: 1 in executor VM-116)----
METRICLOG/VM-116	Stage2-0-0	inputR: 0	inputP:0	output:0	inW:2026-07-15T17:55:35.290Z	ioutW:2026-07-15T17:55:35.290Z	ptime:0	dsertime:0	inbytes:0	sertime:0	outbytes:0	numKey:1683	owc:0
----- End of taks processed event ----

 INFO 07-15 18:07:50,552 CpuBottleneckDetectorImpl:63 [pool-8-thread-1] - Current cpu load: 0.0, # processed events: 0, consecutive: 0/2, threshold: 0.9 in VM-116
 INFO 07-15 18:07:51,551 SystemLoadProfiler:50 [pool-8-thread-1] - Average CPU Load: 0.0 in VM-116
 INFO 07-15 18:07:51,552 TaskEventRateCalculator:114 [pool-8-thread-1] - ---- Start of task processed event (# tasks: 1 in executor VM-116)----
METRICLOG/VM-116	Stage2-0-0	inputR: 0	inputP:0	output:0	inW:2026-07-15T17:55:35.290Z	ioutW:2026-07-15T17:55:35.290Z	ptime:0	dsertime:0	inbytes:0	sertime:0	outbytes:0	numKey:1683	owc:0
----- End of taks processed event ----

 INFO 07-15 18:07:51,552 CpuBottleneckDetectorImpl:63 [pool-8-thread-1] - Current cpu load: 0.0, # processed events: 0, consecutive: 0/2, threshold: 0.9 in VM-116
 INFO 07-15 18:07:52,551 SystemLoadProfiler:50 [pool-8-thread-1] - Average CPU Load: 0.0 in VM-116
 INFO 07-15 18:07:52,552 TaskEventRateCalculator:114 [pool-8-thread-1] - ---- Start of task processed event (# tasks: 1 in executor VM-116)----
METRICLOG/VM-116	Stage2-0-0	inputR: 0	inputP:0	output:0	inW:2026-07-15T17:55:35.290Z	ioutW:2026-07-15T17:55:35.290Z	ptime:0	dsertime:0	inbytes:0	sertime:0	outbytes:0	numKey:1683	owc:0
----- End of taks processed event ----

 INFO 07-15 18:07:52,552 CpuBottleneckDetectorImpl:63 [pool-8-thread-1] - Current cpu load: 0.0, # processed events: 0, consecutive: 0/2, threshold: 0.9 in VM-116
 INFO 07-15 18:07:53,552 SystemLoadProfiler:50 [pool-8-thread-1] - Average CPU Load: 0.0 in VM-116
 INFO 07-15 18:07:53,552 TaskEventRateCalculator:114 [pool-8-thread-1] - ---- Start of task processed event (# tasks: 1 in executor VM-116)----
METRICLOG/VM-116	Stage2-0-0	inputR: 0	inputP:0	output:0	inW:2026-07-15T17:55:35.290Z	ioutW:2026-07-15T17:55:35.290Z	ptime:0	dsertime:0	inbytes:0	sertime:0	outbytes:0	numKey:1683	owc:0
----- End of taks processed event ----

 INFO 07-15 18:07:53,552 CpuBottleneckDetectorImpl:63 [pool-8-thread-1] - Current cpu load: 0.0, # processed events: 0, consecutive: 0/2, threshold: 0.9 in VM-116
Offloading end
 INFO 07-15 18:07:54,552 SystemLoadProfiler:50 [pool-8-thread-1] - Average CPU Load: 0.0 in VM-116
 INFO 07-15 18:07:54,552 TaskEventRateCalculator:114 [pool-8-thread-1] - ---- Start of task processed event (# tasks: 1 in executor VM-116)----
METRICLOG/VM-116	Stage2-0-0	inputR: 0	inputP:0	output:0	inW:2026-07-15T17:55:35.290Z	ioutW:2026-07-15T17:55:35.290Z	ptime:0	dsertime:0	inbytes:0	sertime:0	outbytes:0	numKey:1683	owc:0
----- End of taks processed event ----

 INFO 07-15 18:07:54,552 CpuBottleneckDetectorImpl:63 [pool-8-thread-1] - Current cpu load: 0.0, # processed events: 0, consecutive: 0/2, threshold: 0.9 in VM-116
 INFO 07-15 18:07:55,552 SystemLoadProfiler:50 [pool-8-thread-1] - Average CPU Load: 0.0 in VM-116
 INFO 07-15 18:07:55,552 TaskEventRateCalculator:114 [pool-8-thread-1] - ---- Start of task processed event (# tasks: 1 in executor VM-116)----
METRICLOG/VM-116	Stage2-0-0	inputR: 0	inputP:0	output:0	inW:2026-07-15T17:55:35.290Z	ioutW:2026-07-15T17:55:35.290Z	ptime:0	dsertime:0	inbytes:0	sertime:0	outbytes:0	numKey:1683	owc:0
----- End of taks processed event ----

 INFO 07-15 18:07:55,552 CpuBottleneckDetectorImpl:63 [pool-8-thread-1] - Current cpu load: 0.0, # processed events: 0, consecutive: 0/2, threshold: 0.9 in VM-116
