SLF4J: Class path contains multiple SLF4J bindings.
SLF4J: Found binding in [jar:file:/tmp/nemo-cloudlab-offload/nemo-client.jar!/org/slf4j/impl/StaticLoggerBinder.class]
SLF4J: Found binding in [jar:file:/tmp/nemo-cloudlab-offload/offloading-vm.jar!/org/slf4j/impl/StaticLoggerBinder.class]
SLF4J: See http://www.slf4j.org/codes.html#multiple_bindings for an explanation.
SLF4J: Actual binding is of type [org.slf4j.impl.Log4jLoggerFactory]
 INFO 07-15 17:52:03,891 VMWorker:132 [main] - Start worker with args 25349, 10000000
 INFO 07-15 17:52:04,027 VMWorker:50 [main] - VM worker port: 25349, timeout: 10000000
 INFO 07-15 17:52:04,198 VMWorker:71 [main] - Server channel binded 25349
 INFO 07-15 17:52:15,016 NettyChannelInitializer:34 [org.apache.nemo.offloading.workers.vm.VMWorkerSourceServerWorker-3-1] - Init channel [id: 0xb7dc3ddf, L:/10.10.1.9:25349 - R:/10.10.1.1:60956]
 INFO 07-15 17:52:15,050 VMWorker$NettyServerSideChannelHandler:162 [org.apache.nemo.offloading.workers.vm.VMWorkerSourceServerWorker-3-1] - Channel activate: [id: 0xb7dc3ddf, L:/10.10.1.9:25349 - R:/10.10.1.1:60956]
 INFO 07-15 17:55:27,888 NettyChannelInitializer:34 [org.apache.nemo.offloading.workers.vm.VMWorkerSourceServerWorker-3-2] - Init channel [id: 0x23900e67, L:/10.10.1.9:25349 - R:/10.10.1.6:36546]
 INFO 07-15 17:55:27,894 VMWorker$NettyServerSideChannelHandler:162 [org.apache.nemo.offloading.workers.vm.VMWorkerSourceServerWorker-3-2] - Channel activate: [id: 0x23900e67, L:/10.10.1.9:25349 - R:/10.10.1.6:36546]
 INFO 07-15 17:55:27,916 VMWorker$NettyServerSideChannelHandler:168 [org.apache.nemo.offloading.workers.vm.VMWorkerSourceServerWorker-3-2] - Channel read from [id: 0x23900e67, L:/10.10.1.9:25349 - R:/10.10.1.6:36546], OffloadingMasterEvent:SEND_ADDRESS
 INFO 07-15 17:55:27,944 OffloadingHandler:102 [main] - Handler is created!
Receive request {"address":"10.10.1.6", "port": 10751, "requestId": 125}
 INFO 07-15 17:55:27,956 OffloadingHandler:503 [pool-1-thread-1] - Init input {address=10.10.1.6, port=10751, requestId=125}... control channel null
Input: {address=10.10.1.6, port=10751, requestId=125}
 INFO 07-15 17:55:27,963 NettyChannelInitializer:34 [hello-ClientWorker-4-1] - Init channel [id: 0x1b725ca6]
Open channel: [id: 0x1b725ca6, L:/10.10.1.9:46566 - R:/10.10.1.6:10751]
Loading jar: [id: 0x1b725ca6, L:/10.10.1.9:46566 - R:/10.10.1.6:10751]
 INFO 07-15 17:55:27,972 OffloadingHandler:265 [pool-1-thread-1] - Create class loader: {}
Data processing cnt: 0, Write handshake: 16
 INFO 07-15 17:55:27,973 OffloadingHandler:197 [pool-1-thread-1] - Waiting client handshake done..
Worker init... bytes: 113
Before OffloadingTransform: 
 INFO 07-15 17:55:27,995 OffloadingExecutor:106 [pool-2-thread-1] - Offloading executor started 1/{}/true/{}/{}/{}
After OffloadingTransform: 
OffloadingTransform: org.apache.nemo.runtime.lambdaexecutor.general.OffloadingExecutor@2eaa81bc
 INFO 07-15 17:55:27,999 OffloadingHandler$LambdaEventHandler:642 [pool-2-thread-1] - Before offloading prepare, stageTaskMap size: 0
 INFO 07-15 17:55:28,009 MonitoringThread:33 [pool-2-thread-1] - Refresh interval: 1000, cpu limit: 1.0
 INFO 07-15 17:55:28,479 NettyWorkerEnvironment$2:273 [pool-2-thread-1] - Send init message from VM-125
Sampling json: {}
 INFO 07-15 17:55:28,741 MonitoringThread:33 [pool-2-thread-1] - Refresh interval: 1000, cpu limit: 1.0
 INFO 07-15 17:55:28,752 NettyVMStateStoreClient:65 [pool-2-thread-1] - VM State store client connected [id: 0x1260e08e, L:/10.10.1.9:39670 - R:node5/10.10.1.6:18011]
 INFO 07-15 17:55:28,757 Executor:600 [pool-2-thread-1] - 
----------EvalConf start---------
enableOffloading: false
enableOffloadingDebug: false
ec2: false
flushBytes: 1000000
flushCount: 1000
flushPeriod: 1000
sampling: {}
bottleneckDetectionPeriod: 1000
bottleneckDectionConsectutive: 2
bottleneckDetectionThreshold: 0.9
deoffloadingThreshold: 0.7
samplingJson: {}
burstyOps: 
isLocalSource: true
sourceParallelism: 4
eventThreshold: 250000
offloadingType: local
middleParallelism: 1
executorThreadNum: 1
taskSlotNum: 10
offExecutorThreadNum: 1
controlLogging: false
autoscaling: true
randomselection: false
awsRegion: ap-northeast-1
throttleRate: 10000000
allocatedCores: 1.0
cpuLimit: 1.0
offloadingCpuLimit: 1.0
numOffloadingWorker: 1
scalingType: migration
offloadingManagerType: shared
awsProfileName: default
latencyLimit: 300000
optimizationPolicy: org.apache.nemo.compiler.optimizer.policy.StreamingPolicy
handlerTimeout: 120
numInitLambda: 1
maxLambda: 1
partialWarmup: false
partialWarmupPeriod: 100
fluidMigration: false
fluidDelay: 1000
stageMoves: 
queryId: 0
-----------EvalConf end----------

 INFO 07-15 17:55:28,764 TaskScheduledMapWorker:46 [pool-2-thread-1] - Initializing executor connection...
 INFO 07-15 17:55:28,772 TaskScheduledMapWorker:52 [pool-2-thread-1] - Task Stage0-0-0 in executor Executor0
 INFO 07-15 17:55:28,772 TaskScheduledMapWorker:52 [pool-2-thread-1] - Task Stage0-1-0 in executor Executor0
 INFO 07-15 17:55:28,772 TaskScheduledMapWorker:52 [pool-2-thread-1] - Task Stage0-2-0 in executor Executor0
 INFO 07-15 17:55:28,772 TaskScheduledMapWorker:52 [pool-2-thread-1] - Task Stage0-3-0 in executor Executor0
 INFO 07-15 17:55:28,772 TaskScheduledMapWorker:52 [pool-2-thread-1] - Task Stage2-3-0 in executor Executor4
 INFO 07-15 17:55:28,773 TaskScheduledMapWorker:52 [pool-2-thread-1] - Task Stage2-2-0 in executor Executor1
 INFO 07-15 17:55:28,773 TaskScheduledMapWorker:52 [pool-2-thread-1] - Task Stage2-1-0 in executor Executor2
 INFO 07-15 17:55:28,773 TaskScheduledMapWorker:52 [pool-2-thread-1] - Task Stage2-0-0 in executor Executor3
 INFO 07-15 17:55:28,773 TaskScheduledMapWorker:52 [pool-2-thread-1] - Task Stage3-0-0 in executor Executor3
 INFO 07-15 17:55:28,773 TaskScheduledMapWorker:52 [pool-2-thread-1] - Task Stage1-3-0 in executor Executor4
 INFO 07-15 17:55:28,773 TaskScheduledMapWorker:52 [pool-2-thread-1] - Task Stage1-1-0 in executor Executor2
 INFO 07-15 17:55:28,773 TaskScheduledMapWorker:52 [pool-2-thread-1] - Task Stage3-3-0 in executor Executor4
 INFO 07-15 17:55:28,773 TaskScheduledMapWorker:52 [pool-2-thread-1] - Task Stage1-2-0 in executor Executor1
 INFO 07-15 17:55:28,773 TaskScheduledMapWorker:52 [pool-2-thread-1] - Task Stage3-2-0 in executor Executor1
 INFO 07-15 17:55:28,774 TaskScheduledMapWorker:52 [pool-2-thread-1] - Task Stage3-1-0 in executor Executor2
 INFO 07-15 17:55:28,774 TaskScheduledMapWorker:52 [pool-2-thread-1] - Task Stage1-0-0 in executor Executor3
 WARN 07-15 17:55:28,777 ExecutorChannelManagerMap:90 [pool-2-thread-1] - Prevent init connection to same executor VM-125 in VM-125
 INFO 07-15 17:55:28,777 ExecutorChannelManagerMap:66 [pool-2-thread-1] - Initializing executor connection VM-125 -> Executor2...
 INFO 07-15 17:55:28,778 ExecutorChannelManagerMap:66 [pool-2-thread-1] - Initializing executor connection VM-125 -> Executor1...
 INFO 07-15 17:55:28,778 ExecutorChannelManagerMap:66 [pool-2-thread-1] - Initializing executor connection VM-125 -> Executor0...
 INFO 07-15 17:55:28,779 ExecutorChannelManagerMap:66 [pool-2-thread-1] - Initializing executor connection VM-125 -> Executor4...
 INFO 07-15 17:55:28,779 ExecutorChannelManagerMap:66 [pool-2-thread-1] - Initializing executor connection VM-125 -> Executor3...
 INFO 07-15 17:55:28,787 ExecutorChannelManagerMap:110 [pool-19-thread-1] - Registering  VM-125 -> Executor2
 INFO 07-15 17:55:28,788 NemoNameResolver:54 [pool-19-thread-1] - Lookup Executor2
 INFO 07-15 17:55:28,796 LambdaByteTransport:98 [pool-19-thread-1] - Address of Executor2: /10.10.1.11:11434
 INFO 07-15 17:55:28,809 ExecutorChannelManagerMap:116 [pool-19-thread-1] - Send register channel message to Executor2 from VM-125, channel [id: 0xcec32a6d, L:/10.10.1.9:45300 - R:/10.10.1.11:11434]
 INFO 07-15 17:55:28,809 ExecutorChannelManagerMap:122 [pool-19-thread-1] - Putting done  VM-125 -> Executor2
 INFO 07-15 17:55:28,810 ExecutorChannelManagerMap:110 [pool-19-thread-5] - Registering  VM-125 -> Executor3
 INFO 07-15 17:55:28,810 NemoNameResolver:54 [pool-19-thread-5] - Lookup Executor3
 INFO 07-15 17:55:28,817 OutputWriterFlusher:50 [byte:client-6-1] - Registering channel [id: 0xcec32a6d, L:/10.10.1.9:45300 - R:/10.10.1.11:11434], # of channel 0
 INFO 07-15 17:55:28,819 LambdaByteTransport:98 [pool-19-thread-5] - Address of Executor3: /10.10.1.12:15544
 INFO 07-15 17:55:28,822 ExecutorChannelManagerMap:116 [pool-19-thread-5] - Send register channel message to Executor3 from VM-125, channel [id: 0x6a961d07, L:/10.10.1.9:40132 - R:/10.10.1.12:15544]
 INFO 07-15 17:55:28,822 ExecutorChannelManagerMap:122 [pool-19-thread-5] - Putting done  VM-125 -> Executor3
 INFO 07-15 17:55:28,822 ExecutorChannelManagerMap:110 [pool-19-thread-4] - Registering  VM-125 -> Executor4
 INFO 07-15 17:55:28,823 NemoNameResolver:54 [pool-19-thread-4] - Lookup Executor4
 INFO 07-15 17:55:28,825 OutputWriterFlusher:50 [byte:client-6-2] - Registering channel [id: 0x6a961d07, L:/10.10.1.9:40132 - R:/10.10.1.12:15544], # of channel 1
 INFO 07-15 17:55:28,830 LambdaByteTransport:98 [pool-19-thread-4] - Address of Executor4: /10.10.1.13:13306
 INFO 07-15 17:55:28,831 ExecutorChannelManagerMap:116 [pool-19-thread-4] - Send register channel message to Executor4 from VM-125, channel [id: 0x8a19a56c, L:/10.10.1.9:34354 - R:/10.10.1.13:13306]
 INFO 07-15 17:55:28,832 ExecutorChannelManagerMap:122 [pool-19-thread-4] - Putting done  VM-125 -> Executor4
 INFO 07-15 17:55:28,832 ExecutorChannelManagerMap:110 [pool-19-thread-3] - Registering  VM-125 -> Executor0
 INFO 07-15 17:55:28,832 NemoNameResolver:54 [pool-19-thread-3] - Lookup Executor0
 INFO 07-15 17:55:28,833 OutputWriterFlusher:50 [byte:client-6-3] - Registering channel [id: 0x8a19a56c, L:/10.10.1.9:34354 - R:/10.10.1.13:13306], # of channel 2
 INFO 07-15 17:55:28,836 LambdaByteTransport:98 [pool-19-thread-3] - Address of Executor0: /10.10.1.6:10273
 INFO 07-15 17:55:28,839 ExecutorChannelManagerMap:116 [pool-19-thread-3] - Send register channel message to Executor0 from VM-125, channel [id: 0x695bffe9, L:/10.10.1.9:40344 - R:/10.10.1.6:10273]
 INFO 07-15 17:55:28,839 ExecutorChannelManagerMap:122 [pool-19-thread-3] - Putting done  VM-125 -> Executor0
 INFO 07-15 17:55:28,839 ExecutorChannelManagerMap:110 [pool-19-thread-2] - Registering  VM-125 -> Executor1
 INFO 07-15 17:55:28,839 NemoNameResolver:54 [pool-19-thread-2] - Lookup Executor1
 INFO 07-15 17:55:28,844 OutputWriterFlusher:50 [byte:client-6-4] - Registering channel [id: 0x695bffe9, L:/10.10.1.9:40344 - R:/10.10.1.6:10273], # of channel 3
 INFO 07-15 17:55:28,848 LambdaByteTransport:98 [pool-19-thread-2] - Address of Executor1: /10.10.1.10:15685
 INFO 07-15 17:55:28,850 ExecutorChannelManagerMap:116 [pool-19-thread-2] - Send register channel message to Executor1 from VM-125, channel [id: 0x264202d9, L:/10.10.1.9:56648 - R:/10.10.1.10:15685]
 INFO 07-15 17:55:28,851 ExecutorChannelManagerMap:122 [pool-19-thread-2] - Putting done  VM-125 -> Executor1
 INFO 07-15 17:55:28,852 OffloadingExecutor:347 [pool-2-thread-1] - Executor thread created: VM-125
 INFO 07-15 17:55:28,852 OffloadingHandler$LambdaEventHandler:651 [pool-2-thread-1] - End of offloading prepare
End of worker init: 860, data channel: 0
 INFO 07-15 17:55:28,853 OutputWriterFlusher:50 [byte:client-6-5] - Registering channel [id: 0x264202d9, L:/10.10.1.9:56648 - R:/10.10.1.10:15685], # of channel 4
 INFO 07-15 17:55:28,973 OffloadingHandler:280 [pool-1-thread-1] - Waiting worker init or end
 INFO 07-15 17:55:28,974 OffloadingHandler:302 [pool-1-thread-1] - try to print worker spec
 INFO 07-15 17:55:29,040 OffloadingHandler:385 [pool-1-thread-1] - Worker info125 machine identifier 4337f8f64a469f3897c80c48baec97ef6a245df7fbcdaf5c58ce3f10961cc19d
 INFO 07-15 17:55:29,042 OffloadingHandler:387 [pool-1-thread-1] - Worker info 125 available processors (cores): 1
 INFO 07-15 17:55:29,042 OffloadingHandler:391 [pool-1-thread-1] - Worker info 125 free memory (bytes): 1566615720
 INFO 07-15 17:55:29,053 OffloadingHandler:397 [pool-1-thread-1] - Worker info 125 mac address 30-3E-A7-1C-F1-6C
 INFO 07-15 17:55:29,053 OffloadingHandler:402 [pool-1-thread-1] - Worker info 125 maximum memory (bytes): 31136546816
 INFO 07-15 17:55:29,053 OffloadingHandler:406 [pool-1-thread-1] - Worker info 125 total memory available to JVM (bytes): 2033385472
 INFO 07-15 17:55:29,055 OffloadingHandler:415 [pool-1-thread-1] - Worker info 125[awt.toolkit] = sun.awt.X11.XToolkit
 INFO 07-15 17:55:29,055 OffloadingHandler:415 [pool-1-thread-1] - Worker info 125[java.specification.version] = 11
 INFO 07-15 17:55:29,056 OffloadingHandler:415 [pool-1-thread-1] - Worker info 125[sun.cpu.isalist] = 
 INFO 07-15 17:55:29,056 OffloadingHandler:415 [pool-1-thread-1] - Worker info 125[sun.jnu.encoding] = UTF-8
 INFO 07-15 17:55:29,058 OffloadingHandler:415 [pool-1-thread-1] - Worker info 125[java.class.path] = /tmp/nemo-cloudlab-offload/nemo-client.jar:/tmp/nemo-cloudlab-offload/nexmark.jar:/tmp/nemo-cloudlab-offload/beam-grpc.jar:/tmp/nemo-cloudlab-offload/offloading-vm.jar
 INFO 07-15 17:55:29,058 OffloadingHandler:415 [pool-1-thread-1] - Worker info 125[java.vm.vendor] = Ubuntu
 INFO 07-15 17:55:29,058 OffloadingHandler:415 [pool-1-thread-1] - Worker info 125[sun.arch.data.model] = 64
 INFO 07-15 17:55:29,059 OffloadingHandler:415 [pool-1-thread-1] - Worker info 125[java.vendor.url] = https://ubuntu.com/
 INFO 07-15 17:55:29,059 OffloadingHandler:415 [pool-1-thread-1] - Worker info 125[user.timezone] = Etc/UTC
 INFO 07-15 17:55:29,059 OffloadingHandler:415 [pool-1-thread-1] - Worker info 125[os.name] = Linux
 INFO 07-15 17:55:29,059 OffloadingHandler:415 [pool-1-thread-1] - Worker info 125[java.vm.specification.version] = 11
 INFO 07-15 17:55:29,059 OffloadingHandler:415 [pool-1-thread-1] - Worker info 125[sun.java.launcher] = SUN_STANDARD
 INFO 07-15 17:55:29,059 OffloadingHandler:415 [pool-1-thread-1] - Worker info 125[sun.boot.library.path] = /usr/lib/jvm/java-11-openjdk-amd64/lib
 INFO 07-15 17:55:29,060 OffloadingHandler:415 [pool-1-thread-1] - Worker info 125[sun.java.command] = org.apache.nemo.offloading.workers.vm.VMWorker 25349 10000000
 INFO 07-15 17:55:29,060 OffloadingHandler:415 [pool-1-thread-1] - Worker info 125[jdk.debug] = release
 INFO 07-15 17:55:29,060 OffloadingHandler:415 [pool-1-thread-1] - Worker info 125[sun.cpu.endian] = little
 INFO 07-15 17:55:29,060 OffloadingHandler:415 [pool-1-thread-1] - Worker info 125[user.home] = /users/akash01
 INFO 07-15 17:55:29,060 OffloadingHandler:415 [pool-1-thread-1] - Worker info 125[user.language] = en
 INFO 07-15 17:55:29,060 OffloadingHandler:415 [pool-1-thread-1] - Worker info 125[java.specification.vendor] = Oracle Corporation
 INFO 07-15 17:55:29,061 OffloadingHandler:415 [pool-1-thread-1] - Worker info 125[java.version.date] = 2026-04-21
 INFO 07-15 17:55:29,061 OffloadingHandler:415 [pool-1-thread-1] - Worker info 125[java.home] = /usr/lib/jvm/java-11-openjdk-amd64
 INFO 07-15 17:55:29,062 OffloadingHandler:415 [pool-1-thread-1] - Worker info 125[file.separator] = /
 INFO 07-15 17:55:29,062 OffloadingHandler:415 [pool-1-thread-1] - Worker info 125[java.vm.compressedOopsMode] = Zero based
 INFO 07-15 17:55:29,063 OffloadingHandler:415 [pool-1-thread-1] - Worker info 125[line.separator] = 

 INFO 07-15 17:55:29,063 OffloadingHandler:415 [pool-1-thread-1] - Worker info 125[java.specification.name] = Java Platform API Specification
 INFO 07-15 17:55:29,063 OffloadingHandler:415 [pool-1-thread-1] - Worker info 125[java.vm.specification.vendor] = Oracle Corporation
 INFO 07-15 17:55:29,063 OffloadingHandler:415 [pool-1-thread-1] - Worker info 125[java.awt.graphicsenv] = sun.awt.X11GraphicsEnvironment
 INFO 07-15 17:55:29,063 OffloadingHandler:415 [pool-1-thread-1] - Worker info 125[sun.management.compiler] = HotSpot 64-Bit Tiered Compilers
 INFO 07-15 17:55:29,063 OffloadingHandler:415 [pool-1-thread-1] - Worker info 125[java.runtime.version] = 11.0.31+11-post-1ubuntu1-22.04.2-Ubuntu
 INFO 07-15 17:55:29,064 OffloadingHandler:415 [pool-1-thread-1] - Worker info 125[user.name] = akash01
 INFO 07-15 17:55:29,065 OffloadingHandler:415 [pool-1-thread-1] - Worker info 125[path.separator] = :
 INFO 07-15 17:55:29,065 OffloadingHandler:415 [pool-1-thread-1] - Worker info 125[os.version] = 5.15.0-177-generic
 INFO 07-15 17:55:29,065 OffloadingHandler:415 [pool-1-thread-1] - Worker info 125[java.runtime.name] = OpenJDK Runtime Environment
 INFO 07-15 17:55:29,065 OffloadingHandler:415 [pool-1-thread-1] - Worker info 125[file.encoding] = UTF-8
 INFO 07-15 17:55:29,065 OffloadingHandler:415 [pool-1-thread-1] - Worker info 125[sun.nio.ch.bugLevel] = 
 INFO 07-15 17:55:29,065 OffloadingHandler:415 [pool-1-thread-1] - Worker info 125[java.vm.name] = OpenJDK 64-Bit Server VM
 INFO 07-15 17:55:29,065 OffloadingHandler:415 [pool-1-thread-1] - Worker info 125[java.vendor.url.bug] = https://bugs.launchpad.net/ubuntu/+source/openjdk-lts
 INFO 07-15 17:55:29,065 OffloadingHandler:415 [pool-1-thread-1] - Worker info 125[java.io.tmpdir] = /tmp
 INFO 07-15 17:55:29,065 OffloadingHandler:415 [pool-1-thread-1] - Worker info 125[java.version] = 11.0.31
 INFO 07-15 17:55:29,066 OffloadingHandler:415 [pool-1-thread-1] - Worker info 125[user.dir] = /users/akash01
 INFO 07-15 17:55:29,066 OffloadingHandler:415 [pool-1-thread-1] - Worker info 125[os.arch] = amd64
 INFO 07-15 17:55:29,066 OffloadingHandler:415 [pool-1-thread-1] - Worker info 125[java.vm.specification.name] = Java Virtual Machine Specification
 INFO 07-15 17:55:29,067 OffloadingHandler:415 [pool-1-thread-1] - Worker info 125[java.awt.printerjob] = sun.print.PSPrinterJob
 INFO 07-15 17:55:29,067 OffloadingHandler:415 [pool-1-thread-1] - Worker info 125[sun.os.patch.level] = unknown
 INFO 07-15 17:55:29,067 OffloadingHandler:415 [pool-1-thread-1] - Worker info 125[java.library.path] = /usr/java/packages/lib:/usr/lib/x86_64-linux-gnu/jni:/lib/x86_64-linux-gnu:/usr/lib/x86_64-linux-gnu:/usr/lib/jni:/lib:/usr/lib
 INFO 07-15 17:55:29,072 OffloadingHandler:415 [pool-1-thread-1] - Worker info 125[java.vm.info] = mixed mode, sharing
 INFO 07-15 17:55:29,072 OffloadingHandler:415 [pool-1-thread-1] - Worker info 125[java.vendor] = Ubuntu
 INFO 07-15 17:55:29,072 OffloadingHandler:415 [pool-1-thread-1] - Worker info 125[java.vm.version] = 11.0.31+11-post-1ubuntu1-22.04.2-Ubuntu
 INFO 07-15 17:55:29,072 OffloadingHandler:415 [pool-1-thread-1] - Worker info 125[java.specification.maintenance.version] = 3
 INFO 07-15 17:55:29,072 OffloadingHandler:415 [pool-1-thread-1] - Worker info 125[sun.io.unicode.encoding] = UnicodeLittle
 INFO 07-15 17:55:29,072 OffloadingHandler:415 [pool-1-thread-1] - Worker info 125[java.class.version] = 55.0
 INFO 07-15 17:55:29,074 OffloadingHandler:423 [pool-1-thread-1] - Worker info 125 current IP address: node8.akash01-310593.nsdi27-casp-pg0.utah.cloudlab.us/128.110.220.10
 INFO 07-15 17:55:29,074 OffloadingHandler:424 [pool-1-thread-1] - Worker info 125 current Hostname: node8.akash01-310593.nsdi27-casp-pg0.utah.cloudlab.us
 INFO 07-15 17:55:29,075 OffloadingHandler:309 [pool-1-thread-1] - Sending worker init done
Wait deactivation
Offloading end
end elapsed time: 19
END of invocation: 21
 INFO 07-15 17:55:29,753 SystemLoadProfiler:50 [pool-8-thread-1] - Average CPU Load: 0.06 in VM-125
 INFO 07-15 17:55:29,756 TaskEventRateCalculator:114 [pool-8-thread-1] - ---- Start of task processed event (# tasks: 0 in executor VM-125)----
----- End of taks processed event ----

 INFO 07-15 17:55:29,757 CpuBottleneckDetectorImpl:63 [pool-8-thread-1] - Current cpu load: 0.06, # processed events: 0, consecutive: 0/2, threshold: 0.9 in VM-125
 INFO 07-15 17:55:30,222 Executor$ExecutorMessageReceiver:1433 [pool-16-thread-1] - Executor registered message received VM-89,VM-88,VM-87,VM-86,VM-85,VM-126,VM-84,VM-83,VM-82,VM-81,VM-80,VM-19,VM-18,VM-17,VM-16,VM-15,VM-14,VM-13,VM-12,VM-133,VM-99,VM-11,VM-132,VM-98,VM-10,VM-131,VM-97,VM-130,VM-96,VM-137,VM-95,VM-136,VM-94,VM-135,VM-93,VM-134,VM-92,VM-91,VM-129,VM-90,VM-128,VM-127,VM-140,VM-69,VM-68,VM-67,VM-144,VM-66,VM-143,VM-65,VM-142,VM-64,VM-141,VM-63,VM-148,VM-62,VM-147,VM-61,VM-146,VM-60,VM-145,VM-139,VM-138,VM-151,VM-150,VM-79,VM-78,VM-155,VM-77,VM-154,VM-76,VM-153,VM-75,VM-152,VM-74,VM-159,VM-73,VM-158,VM-72,VM-157,VM-71,VM-156,VM-70,VM-149,VM-49,VM-48,VM-47,VM-160,VM-46,VM-45,VM-6,VM-44,VM-43,VM-8,VM-42,VM-9,VM-41,VM-40,VM-59,VM-58,VM-57,VM-56,VM-55,VM-54,VM-53,VM-52,VM-51,VM-50,VM-1,VM-2,VM-3,VM-4,VM-5,VM-29,VM-28,VM-27,VM-26,VM-25,VM-24,VM-100,VM-23,VM-22,Executor4,VM-21,Executor3,VM-20,VM-101,VM-39,VM-38,VM-37,VM-36,VM-35,VM-34,VM-33,VM-32,VM-31,VM-30,Executor2,Executor1,Executor0
 WARN 07-15 17:55:30,225 ExecutorChannelManagerMap:95 [pool-16-thread-1] - Cannot connnect VM-125<->VM-89
 WARN 07-15 17:55:30,225 ExecutorChannelManagerMap:95 [pool-16-thread-1] - Cannot connnect VM-125<->VM-88
 WARN 07-15 17:55:30,225 ExecutorChannelManagerMap:95 [pool-16-thread-1] - Cannot connnect VM-125<->VM-87
 WARN 07-15 17:55:30,225 ExecutorChannelManagerMap:95 [pool-16-thread-1] - Cannot connnect VM-125<->VM-86
 WARN 07-15 17:55:30,225 ExecutorChannelManagerMap:95 [pool-16-thread-1] - Cannot connnect VM-125<->VM-85
 WARN 07-15 17:55:30,225 ExecutorChannelManagerMap:95 [pool-16-thread-1] - Cannot connnect VM-125<->VM-126
 WARN 07-15 17:55:30,225 ExecutorChannelManagerMap:95 [pool-16-thread-1] - Cannot connnect VM-125<->VM-84
 WARN 07-15 17:55:30,225 ExecutorChannelManagerMap:95 [pool-16-thread-1] - Cannot connnect VM-125<->VM-83
 WARN 07-15 17:55:30,225 ExecutorChannelManagerMap:95 [pool-16-thread-1] - Cannot connnect VM-125<->VM-82
 WARN 07-15 17:55:30,225 ExecutorChannelManagerMap:95 [pool-16-thread-1] - Cannot connnect VM-125<->VM-81
 WARN 07-15 17:55:30,225 ExecutorChannelManagerMap:95 [pool-16-thread-1] - Cannot connnect VM-125<->VM-80
 WARN 07-15 17:55:30,225 ExecutorChannelManagerMap:95 [pool-16-thread-1] - Cannot connnect VM-125<->VM-19
 WARN 07-15 17:55:30,225 ExecutorChannelManagerMap:95 [pool-16-thread-1] - Cannot connnect VM-125<->VM-18
 WARN 07-15 17:55:30,226 ExecutorChannelManagerMap:95 [pool-16-thread-1] - Cannot connnect VM-125<->VM-17
 WARN 07-15 17:55:30,226 ExecutorChannelManagerMap:95 [pool-16-thread-1] - Cannot connnect VM-125<->VM-16
 WARN 07-15 17:55:30,226 ExecutorChannelManagerMap:95 [pool-16-thread-1] - Cannot connnect VM-125<->VM-15
 WARN 07-15 17:55:30,226 ExecutorChannelManagerMap:95 [pool-16-thread-1] - Cannot connnect VM-125<->VM-14
 WARN 07-15 17:55:30,226 ExecutorChannelManagerMap:95 [pool-16-thread-1] - Cannot connnect VM-125<->VM-13
 WARN 07-15 17:55:30,226 ExecutorChannelManagerMap:95 [pool-16-thread-1] - Cannot connnect VM-125<->VM-12
 WARN 07-15 17:55:30,226 ExecutorChannelManagerMap:95 [pool-16-thread-1] - Cannot connnect VM-125<->VM-133
 WARN 07-15 17:55:30,226 ExecutorChannelManagerMap:95 [pool-16-thread-1] - Cannot connnect VM-125<->VM-99
 WARN 07-15 17:55:30,226 ExecutorChannelManagerMap:95 [pool-16-thread-1] - Cannot connnect VM-125<->VM-11
 WARN 07-15 17:55:30,226 ExecutorChannelManagerMap:95 [pool-16-thread-1] - Cannot connnect VM-125<->VM-132
 WARN 07-15 17:55:30,226 ExecutorChannelManagerMap:95 [pool-16-thread-1] - Cannot connnect VM-125<->VM-98
 WARN 07-15 17:55:30,226 ExecutorChannelManagerMap:95 [pool-16-thread-1] - Cannot connnect VM-125<->VM-10
 WARN 07-15 17:55:30,226 ExecutorChannelManagerMap:95 [pool-16-thread-1] - Cannot connnect VM-125<->VM-131
 WARN 07-15 17:55:30,226 ExecutorChannelManagerMap:95 [pool-16-thread-1] - Cannot connnect VM-125<->VM-97
 WARN 07-15 17:55:30,229 ExecutorChannelManagerMap:95 [pool-16-thread-1] - Cannot connnect VM-125<->VM-130
 WARN 07-15 17:55:30,229 ExecutorChannelManagerMap:95 [pool-16-thread-1] - Cannot connnect VM-125<->VM-96
 WARN 07-15 17:55:30,229 ExecutorChannelManagerMap:95 [pool-16-thread-1] - Cannot connnect VM-125<->VM-137
 WARN 07-15 17:55:30,229 ExecutorChannelManagerMap:95 [pool-16-thread-1] - Cannot connnect VM-125<->VM-95
 WARN 07-15 17:55:30,229 ExecutorChannelManagerMap:95 [pool-16-thread-1] - Cannot connnect VM-125<->VM-136
 WARN 07-15 17:55:30,229 ExecutorChannelManagerMap:95 [pool-16-thread-1] - Cannot connnect VM-125<->VM-94
 WARN 07-15 17:55:30,229 ExecutorChannelManagerMap:95 [pool-16-thread-1] - Cannot connnect VM-125<->VM-135
 WARN 07-15 17:55:30,229 ExecutorChannelManagerMap:95 [pool-16-thread-1] - Cannot connnect VM-125<->VM-93
 WARN 07-15 17:55:30,229 ExecutorChannelManagerMap:95 [pool-16-thread-1] - Cannot connnect VM-125<->VM-134
 WARN 07-15 17:55:30,230 ExecutorChannelManagerMap:95 [pool-16-thread-1] - Cannot connnect VM-125<->VM-92
 WARN 07-15 17:55:30,230 ExecutorChannelManagerMap:95 [pool-16-thread-1] - Cannot connnect VM-125<->VM-91
 WARN 07-15 17:55:30,230 ExecutorChannelManagerMap:95 [pool-16-thread-1] - Cannot connnect VM-125<->VM-129
 WARN 07-15 17:55:30,230 ExecutorChannelManagerMap:95 [pool-16-thread-1] - Cannot connnect VM-125<->VM-90
 WARN 07-15 17:55:30,230 ExecutorChannelManagerMap:95 [pool-16-thread-1] - Cannot connnect VM-125<->VM-128
 WARN 07-15 17:55:30,230 ExecutorChannelManagerMap:95 [pool-16-thread-1] - Cannot connnect VM-125<->VM-127
 WARN 07-15 17:55:30,230 ExecutorChannelManagerMap:95 [pool-16-thread-1] - Cannot connnect VM-125<->VM-140
 WARN 07-15 17:55:30,230 ExecutorChannelManagerMap:95 [pool-16-thread-1] - Cannot connnect VM-125<->VM-69
 WARN 07-15 17:55:30,230 ExecutorChannelManagerMap:95 [pool-16-thread-1] - Cannot connnect VM-125<->VM-68
 WARN 07-15 17:55:30,230 ExecutorChannelManagerMap:95 [pool-16-thread-1] - Cannot connnect VM-125<->VM-67
 WARN 07-15 17:55:30,230 ExecutorChannelManagerMap:95 [pool-16-thread-1] - Cannot connnect VM-125<->VM-144
 WARN 07-15 17:55:30,230 ExecutorChannelManagerMap:95 [pool-16-thread-1] - Cannot connnect VM-125<->VM-66
 WARN 07-15 17:55:30,230 ExecutorChannelManagerMap:95 [pool-16-thread-1] - Cannot connnect VM-125<->VM-143
 WARN 07-15 17:55:30,230 ExecutorChannelManagerMap:95 [pool-16-thread-1] - Cannot connnect VM-125<->VM-65
 WARN 07-15 17:55:30,231 ExecutorChannelManagerMap:95 [pool-16-thread-1] - Cannot connnect VM-125<->VM-142
 WARN 07-15 17:55:30,231 ExecutorChannelManagerMap:95 [pool-16-thread-1] - Cannot connnect VM-125<->VM-64
 WARN 07-15 17:55:30,231 ExecutorChannelManagerMap:95 [pool-16-thread-1] - Cannot connnect VM-125<->VM-141
 WARN 07-15 17:55:30,231 ExecutorChannelManagerMap:95 [pool-16-thread-1] - Cannot connnect VM-125<->VM-63
 WARN 07-15 17:55:30,231 ExecutorChannelManagerMap:95 [pool-16-thread-1] - Cannot connnect VM-125<->VM-148
 WARN 07-15 17:55:30,231 ExecutorChannelManagerMap:95 [pool-16-thread-1] - Cannot connnect VM-125<->VM-62
 WARN 07-15 17:55:30,231 ExecutorChannelManagerMap:95 [pool-16-thread-1] - Cannot connnect VM-125<->VM-147
 WARN 07-15 17:55:30,231 ExecutorChannelManagerMap:95 [pool-16-thread-1] - Cannot connnect VM-125<->VM-61
 WARN 07-15 17:55:30,231 ExecutorChannelManagerMap:95 [pool-16-thread-1] - Cannot connnect VM-125<->VM-146
 WARN 07-15 17:55:30,231 ExecutorChannelManagerMap:95 [pool-16-thread-1] - Cannot connnect VM-125<->VM-60
 WARN 07-15 17:55:30,231 ExecutorChannelManagerMap:95 [pool-16-thread-1] - Cannot connnect VM-125<->VM-145
 WARN 07-15 17:55:30,231 ExecutorChannelManagerMap:95 [pool-16-thread-1] - Cannot connnect VM-125<->VM-139
 WARN 07-15 17:55:30,231 ExecutorChannelManagerMap:95 [pool-16-thread-1] - Cannot connnect VM-125<->VM-138
 WARN 07-15 17:55:30,231 ExecutorChannelManagerMap:95 [pool-16-thread-1] - Cannot connnect VM-125<->VM-151
 WARN 07-15 17:55:30,232 ExecutorChannelManagerMap:95 [pool-16-thread-1] - Cannot connnect VM-125<->VM-150
 WARN 07-15 17:55:30,232 ExecutorChannelManagerMap:95 [pool-16-thread-1] - Cannot connnect VM-125<->VM-79
 WARN 07-15 17:55:30,232 ExecutorChannelManagerMap:95 [pool-16-thread-1] - Cannot connnect VM-125<->VM-78
 WARN 07-15 17:55:30,232 ExecutorChannelManagerMap:95 [pool-16-thread-1] - Cannot connnect VM-125<->VM-155
 WARN 07-15 17:55:30,232 ExecutorChannelManagerMap:95 [pool-16-thread-1] - Cannot connnect VM-125<->VM-77
 WARN 07-15 17:55:30,232 ExecutorChannelManagerMap:95 [pool-16-thread-1] - Cannot connnect VM-125<->VM-154
 WARN 07-15 17:55:30,232 ExecutorChannelManagerMap:95 [pool-16-thread-1] - Cannot connnect VM-125<->VM-76
 WARN 07-15 17:55:30,232 ExecutorChannelManagerMap:95 [pool-16-thread-1] - Cannot connnect VM-125<->VM-153
 WARN 07-15 17:55:30,232 ExecutorChannelManagerMap:95 [pool-16-thread-1] - Cannot connnect VM-125<->VM-75
 WARN 07-15 17:55:30,232 ExecutorChannelManagerMap:95 [pool-16-thread-1] - Cannot connnect VM-125<->VM-152
 WARN 07-15 17:55:30,232 ExecutorChannelManagerMap:95 [pool-16-thread-1] - Cannot connnect VM-125<->VM-74
 WARN 07-15 17:55:30,232 ExecutorChannelManagerMap:95 [pool-16-thread-1] - Cannot connnect VM-125<->VM-159
 WARN 07-15 17:55:30,232 ExecutorChannelManagerMap:95 [pool-16-thread-1] - Cannot connnect VM-125<->VM-73
 WARN 07-15 17:55:30,232 ExecutorChannelManagerMap:95 [pool-16-thread-1] - Cannot connnect VM-125<->VM-158
 WARN 07-15 17:55:30,232 ExecutorChannelManagerMap:95 [pool-16-thread-1] - Cannot connnect VM-125<->VM-72
 WARN 07-15 17:55:30,233 ExecutorChannelManagerMap:95 [pool-16-thread-1] - Cannot connnect VM-125<->VM-157
 WARN 07-15 17:55:30,233 ExecutorChannelManagerMap:95 [pool-16-thread-1] - Cannot connnect VM-125<->VM-71
 WARN 07-15 17:55:30,233 ExecutorChannelManagerMap:95 [pool-16-thread-1] - Cannot connnect VM-125<->VM-156
 WARN 07-15 17:55:30,233 ExecutorChannelManagerMap:95 [pool-16-thread-1] - Cannot connnect VM-125<->VM-70
 WARN 07-15 17:55:30,233 ExecutorChannelManagerMap:95 [pool-16-thread-1] - Cannot connnect VM-125<->VM-149
 WARN 07-15 17:55:30,233 ExecutorChannelManagerMap:95 [pool-16-thread-1] - Cannot connnect VM-125<->VM-49
 WARN 07-15 17:55:30,234 ExecutorChannelManagerMap:95 [pool-16-thread-1] - Cannot connnect VM-125<->VM-48
 WARN 07-15 17:55:30,234 ExecutorChannelManagerMap:95 [pool-16-thread-1] - Cannot connnect VM-125<->VM-47
 WARN 07-15 17:55:30,234 ExecutorChannelManagerMap:95 [pool-16-thread-1] - Cannot connnect VM-125<->VM-160
 WARN 07-15 17:55:30,235 ExecutorChannelManagerMap:95 [pool-16-thread-1] - Cannot connnect VM-125<->VM-46
 WARN 07-15 17:55:30,235 ExecutorChannelManagerMap:95 [pool-16-thread-1] - Cannot connnect VM-125<->VM-45
 WARN 07-15 17:55:30,235 ExecutorChannelManagerMap:95 [pool-16-thread-1] - Cannot connnect VM-125<->VM-6
 WARN 07-15 17:55:30,235 ExecutorChannelManagerMap:95 [pool-16-thread-1] - Cannot connnect VM-125<->VM-44
 WARN 07-15 17:55:30,235 ExecutorChannelManagerMap:95 [pool-16-thread-1] - Cannot connnect VM-125<->VM-43
 WARN 07-15 17:55:30,235 ExecutorChannelManagerMap:95 [pool-16-thread-1] - Cannot connnect VM-125<->VM-8
 WARN 07-15 17:55:30,235 ExecutorChannelManagerMap:95 [pool-16-thread-1] - Cannot connnect VM-125<->VM-42
 WARN 07-15 17:55:30,235 ExecutorChannelManagerMap:95 [pool-16-thread-1] - Cannot connnect VM-125<->VM-9
 WARN 07-15 17:55:30,235 ExecutorChannelManagerMap:95 [pool-16-thread-1] - Cannot connnect VM-125<->VM-41
 WARN 07-15 17:55:30,236 ExecutorChannelManagerMap:95 [pool-16-thread-1] - Cannot connnect VM-125<->VM-40
 WARN 07-15 17:55:30,236 ExecutorChannelManagerMap:95 [pool-16-thread-1] - Cannot connnect VM-125<->VM-59
 WARN 07-15 17:55:30,236 ExecutorChannelManagerMap:95 [pool-16-thread-1] - Cannot connnect VM-125<->VM-58
 WARN 07-15 17:55:30,236 ExecutorChannelManagerMap:95 [pool-16-thread-1] - Cannot connnect VM-125<->VM-57
 WARN 07-15 17:55:30,236 ExecutorChannelManagerMap:95 [pool-16-thread-1] - Cannot connnect VM-125<->VM-56
 WARN 07-15 17:55:30,245 ExecutorChannelManagerMap:95 [pool-16-thread-1] - Cannot connnect VM-125<->VM-55
 WARN 07-15 17:55:30,245 ExecutorChannelManagerMap:95 [pool-16-thread-1] - Cannot connnect VM-125<->VM-54
 WARN 07-15 17:55:30,245 ExecutorChannelManagerMap:95 [pool-16-thread-1] - Cannot connnect VM-125<->VM-53
 WARN 07-15 17:55:30,248 ExecutorChannelManagerMap:95 [pool-16-thread-1] - Cannot connnect VM-125<->VM-52
 WARN 07-15 17:55:30,248 ExecutorChannelManagerMap:95 [pool-16-thread-1] - Cannot connnect VM-125<->VM-51
 WARN 07-15 17:55:30,249 ExecutorChannelManagerMap:95 [pool-16-thread-1] - Cannot connnect VM-125<->VM-50
 WARN 07-15 17:55:30,249 ExecutorChannelManagerMap:95 [pool-16-thread-1] - Cannot connnect VM-125<->VM-1
 WARN 07-15 17:55:30,249 ExecutorChannelManagerMap:95 [pool-16-thread-1] - Cannot connnect VM-125<->VM-2
 WARN 07-15 17:55:30,249 ExecutorChannelManagerMap:95 [pool-16-thread-1] - Cannot connnect VM-125<->VM-3
 WARN 07-15 17:55:30,250 ExecutorChannelManagerMap:95 [pool-16-thread-1] - Cannot connnect VM-125<->VM-4
 WARN 07-15 17:55:30,251 ExecutorChannelManagerMap:95 [pool-16-thread-1] - Cannot connnect VM-125<->VM-5
 INFO 07-15 17:55:30,221 Executor$ExecutorMessageReceiver:1433 [pool-16-thread-2] - Executor registered message received VM-89,VM-88,VM-87,VM-86,VM-85,VM-126,VM-84,VM-83,VM-124,VM-82,VM-81,VM-80,VM-19,VM-18,VM-17,VM-16,VM-15,VM-14,VM-13,VM-12,VM-133,VM-99,VM-11,VM-132,VM-98,VM-10,VM-131,VM-97,VM-130,VM-96,VM-137,VM-95,VM-136,VM-94,VM-135,VM-93,VM-134,VM-92,VM-91,VM-129,VM-90,VM-128,VM-127,VM-140,VM-69,VM-68,VM-67,VM-144,VM-66,VM-143,VM-65,VM-142,VM-64,VM-141,VM-63,VM-148,VM-62,VM-147,VM-61,VM-146,VM-60,VM-145,VM-139,VM-138,VM-151,VM-150,VM-79,VM-78,VM-155,VM-77,VM-154,VM-76,VM-153,VM-75,VM-152,VM-74,VM-159,VM-73,VM-158,VM-72,VM-157,VM-71,VM-156,VM-70,VM-149,VM-49,VM-48,VM-47,VM-160,VM-46,VM-45,VM-6,VM-44,VM-43,VM-8,VM-42,VM-9,VM-41,VM-40,VM-59,VM-58,VM-57,VM-56,VM-55,VM-54,VM-53,VM-52,VM-51,VM-50,VM-1,VM-2,VM-3,VM-4,VM-5,VM-29,VM-28,VM-27,VM-26,VM-25,VM-24,VM-100,VM-23,VM-22,Executor4,VM-21,Executor3,VM-20,VM-101,VM-39,VM-38,VM-37,VM-36,VM-35,VM-34,VM-33,VM-32,VM-31,VM-30,Executor2,Executor1,Executor0
 WARN 07-15 17:55:30,251 ExecutorChannelManagerMap:95 [pool-16-thread-1] - Cannot connnect VM-125<->VM-29
 WARN 07-15 17:55:30,254 ExecutorChannelManagerMap:95 [pool-16-thread-1] - Cannot connnect VM-125<->VM-28
 WARN 07-15 17:55:30,254 ExecutorChannelManagerMap:95 [pool-16-thread-1] - Cannot connnect VM-125<->VM-27
 WARN 07-15 17:55:30,254 ExecutorChannelManagerMap:95 [pool-16-thread-1] - Cannot connnect VM-125<->VM-26
 WARN 07-15 17:55:30,254 ExecutorChannelManagerMap:95 [pool-16-thread-1] - Cannot connnect VM-125<->VM-25
 WARN 07-15 17:55:30,254 ExecutorChannelManagerMap:95 [pool-16-thread-1] - Cannot connnect VM-125<->VM-24
 WARN 07-15 17:55:30,254 ExecutorChannelManagerMap:95 [pool-16-thread-1] - Cannot connnect VM-125<->VM-100
 WARN 07-15 17:55:30,254 ExecutorChannelManagerMap:95 [pool-16-thread-1] - Cannot connnect VM-125<->VM-23
 WARN 07-15 17:55:30,254 ExecutorChannelManagerMap:95 [pool-16-thread-1] - Cannot connnect VM-125<->VM-22
 WARN 07-15 17:55:30,255 ExecutorChannelManagerMap:106 [pool-16-thread-1] - Executor Executor4 already registered
 WARN 07-15 17:55:30,255 ExecutorChannelManagerMap:95 [pool-16-thread-1] - Cannot connnect VM-125<->VM-21
 WARN 07-15 17:55:30,255 ExecutorChannelManagerMap:106 [pool-16-thread-1] - Executor Executor3 already registered
 WARN 07-15 17:55:30,255 ExecutorChannelManagerMap:95 [pool-16-thread-1] - Cannot connnect VM-125<->VM-20
 WARN 07-15 17:55:30,255 ExecutorChannelManagerMap:95 [pool-16-thread-1] - Cannot connnect VM-125<->VM-101
 WARN 07-15 17:55:30,255 ExecutorChannelManagerMap:95 [pool-16-thread-1] - Cannot connnect VM-125<->VM-39
 WARN 07-15 17:55:30,255 ExecutorChannelManagerMap:95 [pool-16-thread-1] - Cannot connnect VM-125<->VM-38
 WARN 07-15 17:55:30,255 ExecutorChannelManagerMap:95 [pool-16-thread-1] - Cannot connnect VM-125<->VM-37
 WARN 07-15 17:55:30,255 ExecutorChannelManagerMap:95 [pool-16-thread-1] - Cannot connnect VM-125<->VM-36
 WARN 07-15 17:55:30,255 ExecutorChannelManagerMap:95 [pool-16-thread-1] - Cannot connnect VM-125<->VM-35
 WARN 07-15 17:55:30,255 ExecutorChannelManagerMap:95 [pool-16-thread-1] - Cannot connnect VM-125<->VM-34
 WARN 07-15 17:55:30,255 ExecutorChannelManagerMap:95 [pool-16-thread-1] - Cannot connnect VM-125<->VM-33
 WARN 07-15 17:55:30,255 ExecutorChannelManagerMap:95 [pool-16-thread-1] - Cannot connnect VM-125<->VM-32
 WARN 07-15 17:55:30,255 ExecutorChannelManagerMap:95 [pool-16-thread-1] - Cannot connnect VM-125<->VM-31
 WARN 07-15 17:55:30,255 ExecutorChannelManagerMap:95 [pool-16-thread-1] - Cannot connnect VM-125<->VM-30
 WARN 07-15 17:55:30,255 ExecutorChannelManagerMap:106 [pool-16-thread-1] - Executor Executor2 already registered
 WARN 07-15 17:55:30,255 ExecutorChannelManagerMap:106 [pool-16-thread-1] - Executor Executor1 already registered
 WARN 07-15 17:55:30,255 ExecutorChannelManagerMap:106 [pool-16-thread-1] - Executor Executor0 already registered
 WARN 07-15 17:55:30,258 ExecutorChannelManagerMap:95 [pool-16-thread-2] - Cannot connnect VM-125<->VM-89
 WARN 07-15 17:55:30,258 ExecutorChannelManagerMap:95 [pool-16-thread-2] - Cannot connnect VM-125<->VM-88
 WARN 07-15 17:55:30,258 ExecutorChannelManagerMap:95 [pool-16-thread-2] - Cannot connnect VM-125<->VM-87
 WARN 07-15 17:55:30,258 ExecutorChannelManagerMap:95 [pool-16-thread-2] - Cannot connnect VM-125<->VM-86
 WARN 07-15 17:55:30,258 ExecutorChannelManagerMap:95 [pool-16-thread-2] - Cannot connnect VM-125<->VM-85
 WARN 07-15 17:55:30,258 ExecutorChannelManagerMap:95 [pool-16-thread-2] - Cannot connnect VM-125<->VM-126
 WARN 07-15 17:55:30,258 ExecutorChannelManagerMap:95 [pool-16-thread-2] - Cannot connnect VM-125<->VM-84
 WARN 07-15 17:55:30,258 ExecutorChannelManagerMap:95 [pool-16-thread-2] - Cannot connnect VM-125<->VM-83
 WARN 07-15 17:55:30,258 ExecutorChannelManagerMap:95 [pool-16-thread-2] - Cannot connnect VM-125<->VM-124
 WARN 07-15 17:55:30,258 ExecutorChannelManagerMap:95 [pool-16-thread-2] - Cannot connnect VM-125<->VM-82
 WARN 07-15 17:55:30,258 ExecutorChannelManagerMap:95 [pool-16-thread-2] - Cannot connnect VM-125<->VM-81
 WARN 07-15 17:55:30,258 ExecutorChannelManagerMap:95 [pool-16-thread-2] - Cannot connnect VM-125<->VM-80
 WARN 07-15 17:55:30,258 ExecutorChannelManagerMap:95 [pool-16-thread-2] - Cannot connnect VM-125<->VM-19
 WARN 07-15 17:55:30,259 ExecutorChannelManagerMap:95 [pool-16-thread-2] - Cannot connnect VM-125<->VM-18
 WARN 07-15 17:55:30,259 ExecutorChannelManagerMap:95 [pool-16-thread-2] - Cannot connnect VM-125<->VM-17
 WARN 07-15 17:55:30,259 ExecutorChannelManagerMap:95 [pool-16-thread-2] - Cannot connnect VM-125<->VM-16
 WARN 07-15 17:55:30,259 ExecutorChannelManagerMap:95 [pool-16-thread-2] - Cannot connnect VM-125<->VM-15
 WARN 07-15 17:55:30,259 ExecutorChannelManagerMap:95 [pool-16-thread-2] - Cannot connnect VM-125<->VM-14
 WARN 07-15 17:55:30,259 ExecutorChannelManagerMap:95 [pool-16-thread-2] - Cannot connnect VM-125<->VM-13
 WARN 07-15 17:55:30,259 ExecutorChannelManagerMap:95 [pool-16-thread-2] - Cannot connnect VM-125<->VM-12
 WARN 07-15 17:55:30,259 ExecutorChannelManagerMap:95 [pool-16-thread-2] - Cannot connnect VM-125<->VM-133
 WARN 07-15 17:55:30,259 ExecutorChannelManagerMap:95 [pool-16-thread-2] - Cannot connnect VM-125<->VM-99
 WARN 07-15 17:55:30,259 ExecutorChannelManagerMap:95 [pool-16-thread-2] - Cannot connnect VM-125<->VM-11
 WARN 07-15 17:55:30,259 ExecutorChannelManagerMap:95 [pool-16-thread-2] - Cannot connnect VM-125<->VM-132
 WARN 07-15 17:55:30,259 ExecutorChannelManagerMap:95 [pool-16-thread-2] - Cannot connnect VM-125<->VM-98
 WARN 07-15 17:55:30,259 ExecutorChannelManagerMap:95 [pool-16-thread-2] - Cannot connnect VM-125<->VM-10
 WARN 07-15 17:55:30,259 ExecutorChannelManagerMap:95 [pool-16-thread-2] - Cannot connnect VM-125<->VM-131
 WARN 07-15 17:55:30,259 ExecutorChannelManagerMap:95 [pool-16-thread-2] - Cannot connnect VM-125<->VM-97
 WARN 07-15 17:55:30,259 ExecutorChannelManagerMap:95 [pool-16-thread-2] - Cannot connnect VM-125<->VM-130
 WARN 07-15 17:55:30,259 ExecutorChannelManagerMap:95 [pool-16-thread-2] - Cannot connnect VM-125<->VM-96
 WARN 07-15 17:55:30,259 ExecutorChannelManagerMap:95 [pool-16-thread-2] - Cannot connnect VM-125<->VM-137
 WARN 07-15 17:55:30,259 ExecutorChannelManagerMap:95 [pool-16-thread-2] - Cannot connnect VM-125<->VM-95
 WARN 07-15 17:55:30,259 ExecutorChannelManagerMap:95 [pool-16-thread-2] - Cannot connnect VM-125<->VM-136
 WARN 07-15 17:55:30,259 ExecutorChannelManagerMap:95 [pool-16-thread-2] - Cannot connnect VM-125<->VM-94
 WARN 07-15 17:55:30,260 ExecutorChannelManagerMap:95 [pool-16-thread-2] - Cannot connnect VM-125<->VM-135
 WARN 07-15 17:55:30,260 ExecutorChannelManagerMap:95 [pool-16-thread-2] - Cannot connnect VM-125<->VM-93
 WARN 07-15 17:55:30,260 ExecutorChannelManagerMap:95 [pool-16-thread-2] - Cannot connnect VM-125<->VM-134
 WARN 07-15 17:55:30,260 ExecutorChannelManagerMap:95 [pool-16-thread-2] - Cannot connnect VM-125<->VM-92
 WARN 07-15 17:55:30,260 ExecutorChannelManagerMap:95 [pool-16-thread-2] - Cannot connnect VM-125<->VM-91
 WARN 07-15 17:55:30,260 ExecutorChannelManagerMap:95 [pool-16-thread-2] - Cannot connnect VM-125<->VM-129
 WARN 07-15 17:55:30,260 ExecutorChannelManagerMap:95 [pool-16-thread-2] - Cannot connnect VM-125<->VM-90
 WARN 07-15 17:55:30,260 ExecutorChannelManagerMap:95 [pool-16-thread-2] - Cannot connnect VM-125<->VM-128
 WARN 07-15 17:55:30,260 ExecutorChannelManagerMap:95 [pool-16-thread-2] - Cannot connnect VM-125<->VM-127
 WARN 07-15 17:55:30,260 ExecutorChannelManagerMap:95 [pool-16-thread-2] - Cannot connnect VM-125<->VM-140
 WARN 07-15 17:55:30,260 ExecutorChannelManagerMap:95 [pool-16-thread-2] - Cannot connnect VM-125<->VM-69
 WARN 07-15 17:55:30,260 ExecutorChannelManagerMap:95 [pool-16-thread-2] - Cannot connnect VM-125<->VM-68
 WARN 07-15 17:55:30,260 ExecutorChannelManagerMap:95 [pool-16-thread-2] - Cannot connnect VM-125<->VM-67
 WARN 07-15 17:55:30,260 ExecutorChannelManagerMap:95 [pool-16-thread-2] - Cannot connnect VM-125<->VM-144
 WARN 07-15 17:55:30,260 ExecutorChannelManagerMap:95 [pool-16-thread-2] - Cannot connnect VM-125<->VM-66
 WARN 07-15 17:55:30,260 ExecutorChannelManagerMap:95 [pool-16-thread-2] - Cannot connnect VM-125<->VM-143
 WARN 07-15 17:55:30,260 ExecutorChannelManagerMap:95 [pool-16-thread-2] - Cannot connnect VM-125<->VM-65
 WARN 07-15 17:55:30,260 ExecutorChannelManagerMap:95 [pool-16-thread-2] - Cannot connnect VM-125<->VM-142
 WARN 07-15 17:55:30,260 ExecutorChannelManagerMap:95 [pool-16-thread-2] - Cannot connnect VM-125<->VM-64
 WARN 07-15 17:55:30,260 ExecutorChannelManagerMap:95 [pool-16-thread-2] - Cannot connnect VM-125<->VM-141
 WARN 07-15 17:55:30,260 ExecutorChannelManagerMap:95 [pool-16-thread-2] - Cannot connnect VM-125<->VM-63
 WARN 07-15 17:55:30,261 ExecutorChannelManagerMap:95 [pool-16-thread-2] - Cannot connnect VM-125<->VM-148
 WARN 07-15 17:55:30,261 ExecutorChannelManagerMap:95 [pool-16-thread-2] - Cannot connnect VM-125<->VM-62
 WARN 07-15 17:55:30,261 ExecutorChannelManagerMap:95 [pool-16-thread-2] - Cannot connnect VM-125<->VM-147
 WARN 07-15 17:55:30,261 ExecutorChannelManagerMap:95 [pool-16-thread-2] - Cannot connnect VM-125<->VM-61
 WARN 07-15 17:55:30,261 ExecutorChannelManagerMap:95 [pool-16-thread-2] - Cannot connnect VM-125<->VM-146
 WARN 07-15 17:55:30,261 ExecutorChannelManagerMap:95 [pool-16-thread-2] - Cannot connnect VM-125<->VM-60
 WARN 07-15 17:55:30,261 ExecutorChannelManagerMap:95 [pool-16-thread-2] - Cannot connnect VM-125<->VM-145
 WARN 07-15 17:55:30,261 ExecutorChannelManagerMap:95 [pool-16-thread-2] - Cannot connnect VM-125<->VM-139
 WARN 07-15 17:55:30,261 ExecutorChannelManagerMap:95 [pool-16-thread-2] - Cannot connnect VM-125<->VM-138
 WARN 07-15 17:55:30,261 ExecutorChannelManagerMap:95 [pool-16-thread-2] - Cannot connnect VM-125<->VM-151
 WARN 07-15 17:55:30,261 ExecutorChannelManagerMap:95 [pool-16-thread-2] - Cannot connnect VM-125<->VM-150
 WARN 07-15 17:55:30,261 ExecutorChannelManagerMap:95 [pool-16-thread-2] - Cannot connnect VM-125<->VM-79
 WARN 07-15 17:55:30,261 ExecutorChannelManagerMap:95 [pool-16-thread-2] - Cannot connnect VM-125<->VM-78
 WARN 07-15 17:55:30,261 ExecutorChannelManagerMap:95 [pool-16-thread-2] - Cannot connnect VM-125<->VM-155
 WARN 07-15 17:55:30,261 ExecutorChannelManagerMap:95 [pool-16-thread-2] - Cannot connnect VM-125<->VM-77
 WARN 07-15 17:55:30,261 ExecutorChannelManagerMap:95 [pool-16-thread-2] - Cannot connnect VM-125<->VM-154
 WARN 07-15 17:55:30,261 ExecutorChannelManagerMap:95 [pool-16-thread-2] - Cannot connnect VM-125<->VM-76
 WARN 07-15 17:55:30,269 ExecutorChannelManagerMap:95 [pool-16-thread-2] - Cannot connnect VM-125<->VM-153
 WARN 07-15 17:55:30,269 ExecutorChannelManagerMap:95 [pool-16-thread-2] - Cannot connnect VM-125<->VM-75
 WARN 07-15 17:55:30,269 ExecutorChannelManagerMap:95 [pool-16-thread-2] - Cannot connnect VM-125<->VM-152
 WARN 07-15 17:55:30,269 ExecutorChannelManagerMap:95 [pool-16-thread-2] - Cannot connnect VM-125<->VM-74
 WARN 07-15 17:55:30,269 ExecutorChannelManagerMap:95 [pool-16-thread-2] - Cannot connnect VM-125<->VM-159
 WARN 07-15 17:55:30,269 ExecutorChannelManagerMap:95 [pool-16-thread-2] - Cannot connnect VM-125<->VM-73
 WARN 07-15 17:55:30,269 ExecutorChannelManagerMap:95 [pool-16-thread-2] - Cannot connnect VM-125<->VM-158
 WARN 07-15 17:55:30,269 ExecutorChannelManagerMap:95 [pool-16-thread-2] - Cannot connnect VM-125<->VM-72
 WARN 07-15 17:55:30,269 ExecutorChannelManagerMap:95 [pool-16-thread-2] - Cannot connnect VM-125<->VM-157
 WARN 07-15 17:55:30,269 ExecutorChannelManagerMap:95 [pool-16-thread-2] - Cannot connnect VM-125<->VM-71
 WARN 07-15 17:55:30,269 ExecutorChannelManagerMap:95 [pool-16-thread-2] - Cannot connnect VM-125<->VM-156
 WARN 07-15 17:55:30,269 ExecutorChannelManagerMap:95 [pool-16-thread-2] - Cannot connnect VM-125<->VM-70
 WARN 07-15 17:55:30,269 ExecutorChannelManagerMap:95 [pool-16-thread-2] - Cannot connnect VM-125<->VM-149
 WARN 07-15 17:55:30,269 ExecutorChannelManagerMap:95 [pool-16-thread-2] - Cannot connnect VM-125<->VM-49
 WARN 07-15 17:55:30,270 ExecutorChannelManagerMap:95 [pool-16-thread-2] - Cannot connnect VM-125<->VM-48
 WARN 07-15 17:55:30,270 ExecutorChannelManagerMap:95 [pool-16-thread-2] - Cannot connnect VM-125<->VM-47
 WARN 07-15 17:55:30,270 ExecutorChannelManagerMap:95 [pool-16-thread-2] - Cannot connnect VM-125<->VM-160
 WARN 07-15 17:55:30,270 ExecutorChannelManagerMap:95 [pool-16-thread-2] - Cannot connnect VM-125<->VM-46
 WARN 07-15 17:55:30,270 ExecutorChannelManagerMap:95 [pool-16-thread-2] - Cannot connnect VM-125<->VM-45
 WARN 07-15 17:55:30,270 ExecutorChannelManagerMap:95 [pool-16-thread-2] - Cannot connnect VM-125<->VM-6
 WARN 07-15 17:55:30,270 ExecutorChannelManagerMap:95 [pool-16-thread-2] - Cannot connnect VM-125<->VM-44
 WARN 07-15 17:55:30,270 ExecutorChannelManagerMap:95 [pool-16-thread-2] - Cannot connnect VM-125<->VM-43
 WARN 07-15 17:55:30,270 ExecutorChannelManagerMap:95 [pool-16-thread-2] - Cannot connnect VM-125<->VM-8
 WARN 07-15 17:55:30,270 ExecutorChannelManagerMap:95 [pool-16-thread-2] - Cannot connnect VM-125<->VM-42
 WARN 07-15 17:55:30,270 ExecutorChannelManagerMap:95 [pool-16-thread-2] - Cannot connnect VM-125<->VM-9
 WARN 07-15 17:55:30,270 ExecutorChannelManagerMap:95 [pool-16-thread-2] - Cannot connnect VM-125<->VM-41
 WARN 07-15 17:55:30,270 ExecutorChannelManagerMap:95 [pool-16-thread-2] - Cannot connnect VM-125<->VM-40
 WARN 07-15 17:55:30,270 ExecutorChannelManagerMap:95 [pool-16-thread-2] - Cannot connnect VM-125<->VM-59
 WARN 07-15 17:55:30,270 ExecutorChannelManagerMap:95 [pool-16-thread-2] - Cannot connnect VM-125<->VM-58
 WARN 07-15 17:55:30,270 ExecutorChannelManagerMap:95 [pool-16-thread-2] - Cannot connnect VM-125<->VM-57
 WARN 07-15 17:55:30,273 ExecutorChannelManagerMap:95 [pool-16-thread-2] - Cannot connnect VM-125<->VM-56
 WARN 07-15 17:55:30,273 ExecutorChannelManagerMap:95 [pool-16-thread-2] - Cannot connnect VM-125<->VM-55
 WARN 07-15 17:55:30,273 ExecutorChannelManagerMap:95 [pool-16-thread-2] - Cannot connnect VM-125<->VM-54
 WARN 07-15 17:55:30,273 ExecutorChannelManagerMap:95 [pool-16-thread-2] - Cannot connnect VM-125<->VM-53
 WARN 07-15 17:55:30,273 ExecutorChannelManagerMap:95 [pool-16-thread-2] - Cannot connnect VM-125<->VM-52
 WARN 07-15 17:55:30,273 ExecutorChannelManagerMap:95 [pool-16-thread-2] - Cannot connnect VM-125<->VM-51
 WARN 07-15 17:55:30,273 ExecutorChannelManagerMap:95 [pool-16-thread-2] - Cannot connnect VM-125<->VM-50
 WARN 07-15 17:55:30,273 ExecutorChannelManagerMap:95 [pool-16-thread-2] - Cannot connnect VM-125<->VM-1
 WARN 07-15 17:55:30,273 ExecutorChannelManagerMap:95 [pool-16-thread-2] - Cannot connnect VM-125<->VM-2
 WARN 07-15 17:55:30,273 ExecutorChannelManagerMap:95 [pool-16-thread-2] - Cannot connnect VM-125<->VM-3
 WARN 07-15 17:55:30,273 ExecutorChannelManagerMap:95 [pool-16-thread-2] - Cannot connnect VM-125<->VM-4
 WARN 07-15 17:55:30,273 ExecutorChannelManagerMap:95 [pool-16-thread-2] - Cannot connnect VM-125<->VM-5
 WARN 07-15 17:55:30,273 ExecutorChannelManagerMap:95 [pool-16-thread-2] - Cannot connnect VM-125<->VM-29
 WARN 07-15 17:55:30,273 ExecutorChannelManagerMap:95 [pool-16-thread-2] - Cannot connnect VM-125<->VM-28
 WARN 07-15 17:55:30,273 ExecutorChannelManagerMap:95 [pool-16-thread-2] - Cannot connnect VM-125<->VM-27
 WARN 07-15 17:55:30,273 ExecutorChannelManagerMap:95 [pool-16-thread-2] - Cannot connnect VM-125<->VM-26
 WARN 07-15 17:55:30,273 ExecutorChannelManagerMap:95 [pool-16-thread-2] - Cannot connnect VM-125<->VM-25
 WARN 07-15 17:55:30,273 ExecutorChannelManagerMap:95 [pool-16-thread-2] - Cannot connnect VM-125<->VM-24
 WARN 07-15 17:55:30,275 ExecutorChannelManagerMap:95 [pool-16-thread-2] - Cannot connnect VM-125<->VM-100
 WARN 07-15 17:55:30,275 ExecutorChannelManagerMap:95 [pool-16-thread-2] - Cannot connnect VM-125<->VM-23
 WARN 07-15 17:55:30,275 ExecutorChannelManagerMap:95 [pool-16-thread-2] - Cannot connnect VM-125<->VM-22
 WARN 07-15 17:55:30,275 ExecutorChannelManagerMap:106 [pool-16-thread-2] - Executor Executor4 already registered
 WARN 07-15 17:55:30,275 ExecutorChannelManagerMap:95 [pool-16-thread-2] - Cannot connnect VM-125<->VM-21
 WARN 07-15 17:55:30,275 ExecutorChannelManagerMap:106 [pool-16-thread-2] - Executor Executor3 already registered
 WARN 07-15 17:55:30,275 ExecutorChannelManagerMap:95 [pool-16-thread-2] - Cannot connnect VM-125<->VM-20
 WARN 07-15 17:55:30,275 ExecutorChannelManagerMap:95 [pool-16-thread-2] - Cannot connnect VM-125<->VM-101
 WARN 07-15 17:55:30,275 ExecutorChannelManagerMap:95 [pool-16-thread-2] - Cannot connnect VM-125<->VM-39
 WARN 07-15 17:55:30,275 ExecutorChannelManagerMap:95 [pool-16-thread-2] - Cannot connnect VM-125<->VM-38
 WARN 07-15 17:55:30,275 ExecutorChannelManagerMap:95 [pool-16-thread-2] - Cannot connnect VM-125<->VM-37
 WARN 07-15 17:55:30,275 ExecutorChannelManagerMap:95 [pool-16-thread-2] - Cannot connnect VM-125<->VM-36
 WARN 07-15 17:55:30,275 ExecutorChannelManagerMap:95 [pool-16-thread-2] - Cannot connnect VM-125<->VM-35
 WARN 07-15 17:55:30,275 ExecutorChannelManagerMap:95 [pool-16-thread-2] - Cannot connnect VM-125<->VM-34
 WARN 07-15 17:55:30,275 ExecutorChannelManagerMap:95 [pool-16-thread-2] - Cannot connnect VM-125<->VM-33
 WARN 07-15 17:55:30,275 ExecutorChannelManagerMap:95 [pool-16-thread-2] - Cannot connnect VM-125<->VM-32
 WARN 07-15 17:55:30,275 ExecutorChannelManagerMap:95 [pool-16-thread-2] - Cannot connnect VM-125<->VM-31
 WARN 07-15 17:55:30,275 ExecutorChannelManagerMap:95 [pool-16-thread-2] - Cannot connnect VM-125<->VM-30
 WARN 07-15 17:55:30,275 ExecutorChannelManagerMap:106 [pool-16-thread-2] - Executor Executor2 already registered
 WARN 07-15 17:55:30,275 ExecutorChannelManagerMap:106 [pool-16-thread-2] - Executor Executor1 already registered
 WARN 07-15 17:55:30,275 ExecutorChannelManagerMap:106 [pool-16-thread-2] - Executor Executor0 already registered
 INFO 07-15 17:55:30,269 Executor$ExecutorMessageReceiver:1433 [pool-16-thread-1] - Executor registered message received VM-89,VM-122,VM-88,VM-87,VM-86,VM-85,VM-126,VM-84,VM-83,VM-124,VM-82,VM-123,VM-81,VM-80,VM-19,VM-18,VM-17,VM-16,VM-15,VM-14,VM-13,VM-12,VM-133,VM-99,VM-11,VM-132,VM-98,VM-10,VM-131,VM-97,VM-130,VM-96,VM-137,VM-95,VM-136,VM-94,VM-135,VM-93,VM-134,VM-92,VM-91,VM-129,VM-90,VM-128,VM-127,VM-140,VM-69,VM-68,VM-67,VM-144,VM-66,VM-143,VM-65,VM-142,VM-64,VM-141,VM-63,VM-148,VM-62,VM-147,VM-61,VM-146,VM-60,VM-145,VM-139,VM-138,VM-151,VM-150,VM-79,VM-78,VM-155,VM-77,VM-154,VM-76,VM-153,VM-75,VM-152,VM-74,VM-159,VM-73,VM-158,VM-72,VM-157,VM-71,VM-156,VM-70,VM-149,VM-49,VM-48,VM-47,VM-160,VM-46,VM-45,VM-6,VM-44,VM-43,VM-8,VM-42,VM-9,VM-41,VM-40,VM-59,VM-58,VM-57,VM-56,VM-55,VM-54,VM-53,VM-52,VM-51,VM-50,VM-1,VM-2,VM-3,VM-4,VM-5,VM-29,VM-28,VM-27,VM-26,VM-25,VM-24,VM-100,VM-23,VM-22,Executor4,VM-21,Executor3,VM-20,VM-101,VM-39,VM-38,VM-37,VM-36,VM-35,VM-34,VM-33,VM-32,VM-31,VM-30,Executor2,Executor1,Executor0
 WARN 07-15 17:55:30,276 ExecutorChannelManagerMap:95 [pool-16-thread-1] - Cannot connnect VM-125<->VM-89
 WARN 07-15 17:55:30,276 ExecutorChannelManagerMap:95 [pool-16-thread-1] - Cannot connnect VM-125<->VM-122
 WARN 07-15 17:55:30,276 ExecutorChannelManagerMap:95 [pool-16-thread-1] - Cannot connnect VM-125<->VM-88
 WARN 07-15 17:55:30,276 ExecutorChannelManagerMap:95 [pool-16-thread-1] - Cannot connnect VM-125<->VM-87
 WARN 07-15 17:55:30,276 ExecutorChannelManagerMap:95 [pool-16-thread-1] - Cannot connnect VM-125<->VM-86
 WARN 07-15 17:55:30,276 ExecutorChannelManagerMap:95 [pool-16-thread-1] - Cannot connnect VM-125<->VM-85
 WARN 07-15 17:55:30,276 ExecutorChannelManagerMap:95 [pool-16-thread-1] - Cannot connnect VM-125<->VM-126
 WARN 07-15 17:55:30,276 ExecutorChannelManagerMap:95 [pool-16-thread-1] - Cannot connnect VM-125<->VM-84
 WARN 07-15 17:55:30,276 ExecutorChannelManagerMap:95 [pool-16-thread-1] - Cannot connnect VM-125<->VM-83
 WARN 07-15 17:55:30,276 ExecutorChannelManagerMap:95 [pool-16-thread-1] - Cannot connnect VM-125<->VM-124
 WARN 07-15 17:55:30,276 ExecutorChannelManagerMap:95 [pool-16-thread-1] - Cannot connnect VM-125<->VM-82
 WARN 07-15 17:55:30,276 ExecutorChannelManagerMap:95 [pool-16-thread-1] - Cannot connnect VM-125<->VM-123
 WARN 07-15 17:55:30,276 ExecutorChannelManagerMap:95 [pool-16-thread-1] - Cannot connnect VM-125<->VM-81
 WARN 07-15 17:55:30,276 ExecutorChannelManagerMap:95 [pool-16-thread-1] - Cannot connnect VM-125<->VM-80
 WARN 07-15 17:55:30,276 ExecutorChannelManagerMap:95 [pool-16-thread-1] - Cannot connnect VM-125<->VM-19
 WARN 07-15 17:55:30,276 ExecutorChannelManagerMap:95 [pool-16-thread-1] - Cannot connnect VM-125<->VM-18
 WARN 07-15 17:55:30,276 ExecutorChannelManagerMap:95 [pool-16-thread-1] - Cannot connnect VM-125<->VM-17
 WARN 07-15 17:55:30,276 ExecutorChannelManagerMap:95 [pool-16-thread-1] - Cannot connnect VM-125<->VM-16
 WARN 07-15 17:55:30,276 ExecutorChannelManagerMap:95 [pool-16-thread-1] - Cannot connnect VM-125<->VM-15
 WARN 07-15 17:55:30,276 ExecutorChannelManagerMap:95 [pool-16-thread-1] - Cannot connnect VM-125<->VM-14
 WARN 07-15 17:55:30,276 ExecutorChannelManagerMap:95 [pool-16-thread-1] - Cannot connnect VM-125<->VM-13
 WARN 07-15 17:55:30,277 ExecutorChannelManagerMap:95 [pool-16-thread-1] - Cannot connnect VM-125<->VM-12
 WARN 07-15 17:55:30,277 ExecutorChannelManagerMap:95 [pool-16-thread-1] - Cannot connnect VM-125<->VM-133
 WARN 07-15 17:55:30,277 ExecutorChannelManagerMap:95 [pool-16-thread-1] - Cannot connnect VM-125<->VM-99
 WARN 07-15 17:55:30,277 ExecutorChannelManagerMap:95 [pool-16-thread-1] - Cannot connnect VM-125<->VM-11
 WARN 07-15 17:55:30,277 ExecutorChannelManagerMap:95 [pool-16-thread-1] - Cannot connnect VM-125<->VM-132
 WARN 07-15 17:55:30,277 ExecutorChannelManagerMap:95 [pool-16-thread-1] - Cannot connnect VM-125<->VM-98
 WARN 07-15 17:55:30,277 ExecutorChannelManagerMap:95 [pool-16-thread-1] - Cannot connnect VM-125<->VM-10
 WARN 07-15 17:55:30,277 ExecutorChannelManagerMap:95 [pool-16-thread-1] - Cannot connnect VM-125<->VM-131
 WARN 07-15 17:55:30,277 ExecutorChannelManagerMap:95 [pool-16-thread-1] - Cannot connnect VM-125<->VM-97
 WARN 07-15 17:55:30,277 ExecutorChannelManagerMap:95 [pool-16-thread-1] - Cannot connnect VM-125<->VM-130
 WARN 07-15 17:55:30,277 ExecutorChannelManagerMap:95 [pool-16-thread-1] - Cannot connnect VM-125<->VM-96
 WARN 07-15 17:55:30,277 ExecutorChannelManagerMap:95 [pool-16-thread-1] - Cannot connnect VM-125<->VM-137
 WARN 07-15 17:55:30,277 ExecutorChannelManagerMap:95 [pool-16-thread-1] - Cannot connnect VM-125<->VM-95
 WARN 07-15 17:55:30,277 ExecutorChannelManagerMap:95 [pool-16-thread-1] - Cannot connnect VM-125<->VM-136
 WARN 07-15 17:55:30,277 ExecutorChannelManagerMap:95 [pool-16-thread-1] - Cannot connnect VM-125<->VM-94
 WARN 07-15 17:55:30,277 ExecutorChannelManagerMap:95 [pool-16-thread-1] - Cannot connnect VM-125<->VM-135
 WARN 07-15 17:55:30,277 ExecutorChannelManagerMap:95 [pool-16-thread-1] - Cannot connnect VM-125<->VM-93
 WARN 07-15 17:55:30,277 ExecutorChannelManagerMap:95 [pool-16-thread-1] - Cannot connnect VM-125<->VM-134
 WARN 07-15 17:55:30,277 ExecutorChannelManagerMap:95 [pool-16-thread-1] - Cannot connnect VM-125<->VM-92
 WARN 07-15 17:55:30,277 ExecutorChannelManagerMap:95 [pool-16-thread-1] - Cannot connnect VM-125<->VM-91
 WARN 07-15 17:55:30,277 ExecutorChannelManagerMap:95 [pool-16-thread-1] - Cannot connnect VM-125<->VM-129
 WARN 07-15 17:55:30,277 ExecutorChannelManagerMap:95 [pool-16-thread-1] - Cannot connnect VM-125<->VM-90
 WARN 07-15 17:55:30,277 ExecutorChannelManagerMap:95 [pool-16-thread-1] - Cannot connnect VM-125<->VM-128
 WARN 07-15 17:55:30,277 ExecutorChannelManagerMap:95 [pool-16-thread-1] - Cannot connnect VM-125<->VM-127
 WARN 07-15 17:55:30,278 ExecutorChannelManagerMap:95 [pool-16-thread-1] - Cannot connnect VM-125<->VM-140
 WARN 07-15 17:55:30,278 ExecutorChannelManagerMap:95 [pool-16-thread-1] - Cannot connnect VM-125<->VM-69
 WARN 07-15 17:55:30,278 ExecutorChannelManagerMap:95 [pool-16-thread-1] - Cannot connnect VM-125<->VM-68
 WARN 07-15 17:55:30,279 ExecutorChannelManagerMap:95 [pool-16-thread-1] - Cannot connnect VM-125<->VM-67
 WARN 07-15 17:55:30,279 ExecutorChannelManagerMap:95 [pool-16-thread-1] - Cannot connnect VM-125<->VM-144
 WARN 07-15 17:55:30,279 ExecutorChannelManagerMap:95 [pool-16-thread-1] - Cannot connnect VM-125<->VM-66
 WARN 07-15 17:55:30,279 ExecutorChannelManagerMap:95 [pool-16-thread-1] - Cannot connnect VM-125<->VM-143
 WARN 07-15 17:55:30,279 ExecutorChannelManagerMap:95 [pool-16-thread-1] - Cannot connnect VM-125<->VM-65
 WARN 07-15 17:55:30,279 ExecutorChannelManagerMap:95 [pool-16-thread-1] - Cannot connnect VM-125<->VM-142
 WARN 07-15 17:55:30,279 ExecutorChannelManagerMap:95 [pool-16-thread-1] - Cannot connnect VM-125<->VM-64
 WARN 07-15 17:55:30,279 ExecutorChannelManagerMap:95 [pool-16-thread-1] - Cannot connnect VM-125<->VM-141
 WARN 07-15 17:55:30,279 ExecutorChannelManagerMap:95 [pool-16-thread-1] - Cannot connnect VM-125<->VM-63
 WARN 07-15 17:55:30,279 ExecutorChannelManagerMap:95 [pool-16-thread-1] - Cannot connnect VM-125<->VM-148
 WARN 07-15 17:55:30,279 ExecutorChannelManagerMap:95 [pool-16-thread-1] - Cannot connnect VM-125<->VM-62
 WARN 07-15 17:55:30,279 ExecutorChannelManagerMap:95 [pool-16-thread-1] - Cannot connnect VM-125<->VM-147
 WARN 07-15 17:55:30,279 ExecutorChannelManagerMap:95 [pool-16-thread-1] - Cannot connnect VM-125<->VM-61
 WARN 07-15 17:55:30,279 ExecutorChannelManagerMap:95 [pool-16-thread-1] - Cannot connnect VM-125<->VM-146
 WARN 07-15 17:55:30,279 ExecutorChannelManagerMap:95 [pool-16-thread-1] - Cannot connnect VM-125<->VM-60
 WARN 07-15 17:55:30,280 ExecutorChannelManagerMap:95 [pool-16-thread-1] - Cannot connnect VM-125<->VM-145
 WARN 07-15 17:55:30,280 ExecutorChannelManagerMap:95 [pool-16-thread-1] - Cannot connnect VM-125<->VM-139
 WARN 07-15 17:55:30,280 ExecutorChannelManagerMap:95 [pool-16-thread-1] - Cannot connnect VM-125<->VM-138
 WARN 07-15 17:55:30,280 ExecutorChannelManagerMap:95 [pool-16-thread-1] - Cannot connnect VM-125<->VM-151
 WARN 07-15 17:55:30,280 ExecutorChannelManagerMap:95 [pool-16-thread-1] - Cannot connnect VM-125<->VM-150
 WARN 07-15 17:55:30,280 ExecutorChannelManagerMap:95 [pool-16-thread-1] - Cannot connnect VM-125<->VM-79
 WARN 07-15 17:55:30,283 ExecutorChannelManagerMap:95 [pool-16-thread-1] - Cannot connnect VM-125<->VM-78
 WARN 07-15 17:55:30,283 ExecutorChannelManagerMap:95 [pool-16-thread-1] - Cannot connnect VM-125<->VM-155
 WARN 07-15 17:55:30,283 ExecutorChannelManagerMap:95 [pool-16-thread-1] - Cannot connnect VM-125<->VM-77
 WARN 07-15 17:55:30,283 ExecutorChannelManagerMap:95 [pool-16-thread-1] - Cannot connnect VM-125<->VM-154
 WARN 07-15 17:55:30,283 ExecutorChannelManagerMap:95 [pool-16-thread-1] - Cannot connnect VM-125<->VM-76
 WARN 07-15 17:55:30,283 ExecutorChannelManagerMap:95 [pool-16-thread-1] - Cannot connnect VM-125<->VM-153
 WARN 07-15 17:55:30,283 ExecutorChannelManagerMap:95 [pool-16-thread-1] - Cannot connnect VM-125<->VM-75
 WARN 07-15 17:55:30,283 ExecutorChannelManagerMap:95 [pool-16-thread-1] - Cannot connnect VM-125<->VM-152
 WARN 07-15 17:55:30,283 ExecutorChannelManagerMap:95 [pool-16-thread-1] - Cannot connnect VM-125<->VM-74
 WARN 07-15 17:55:30,283 ExecutorChannelManagerMap:95 [pool-16-thread-1] - Cannot connnect VM-125<->VM-159
 WARN 07-15 17:55:30,283 ExecutorChannelManagerMap:95 [pool-16-thread-1] - Cannot connnect VM-125<->VM-73
 WARN 07-15 17:55:30,284 ExecutorChannelManagerMap:95 [pool-16-thread-1] - Cannot connnect VM-125<->VM-158
 WARN 07-15 17:55:30,284 ExecutorChannelManagerMap:95 [pool-16-thread-1] - Cannot connnect VM-125<->VM-72
 WARN 07-15 17:55:30,284 ExecutorChannelManagerMap:95 [pool-16-thread-1] - Cannot connnect VM-125<->VM-157
 WARN 07-15 17:55:30,284 ExecutorChannelManagerMap:95 [pool-16-thread-1] - Cannot connnect VM-125<->VM-71
 WARN 07-15 17:55:30,284 ExecutorChannelManagerMap:95 [pool-16-thread-1] - Cannot connnect VM-125<->VM-156
 WARN 07-15 17:55:30,284 ExecutorChannelManagerMap:95 [pool-16-thread-1] - Cannot connnect VM-125<->VM-70
 WARN 07-15 17:55:30,284 ExecutorChannelManagerMap:95 [pool-16-thread-1] - Cannot connnect VM-125<->VM-149
 WARN 07-15 17:55:30,284 ExecutorChannelManagerMap:95 [pool-16-thread-1] - Cannot connnect VM-125<->VM-49
 WARN 07-15 17:55:30,286 ExecutorChannelManagerMap:95 [pool-16-thread-1] - Cannot connnect VM-125<->VM-48
 WARN 07-15 17:55:30,286 ExecutorChannelManagerMap:95 [pool-16-thread-1] - Cannot connnect VM-125<->VM-47
 WARN 07-15 17:55:30,286 ExecutorChannelManagerMap:95 [pool-16-thread-1] - Cannot connnect VM-125<->VM-160
 WARN 07-15 17:55:30,287 ExecutorChannelManagerMap:95 [pool-16-thread-1] - Cannot connnect VM-125<->VM-46
 WARN 07-15 17:55:30,287 ExecutorChannelManagerMap:95 [pool-16-thread-1] - Cannot connnect VM-125<->VM-45
 WARN 07-15 17:55:30,287 ExecutorChannelManagerMap:95 [pool-16-thread-1] - Cannot connnect VM-125<->VM-6
 WARN 07-15 17:55:30,287 ExecutorChannelManagerMap:95 [pool-16-thread-1] - Cannot connnect VM-125<->VM-44
 WARN 07-15 17:55:30,287 ExecutorChannelManagerMap:95 [pool-16-thread-1] - Cannot connnect VM-125<->VM-43
 WARN 07-15 17:55:30,287 ExecutorChannelManagerMap:95 [pool-16-thread-1] - Cannot connnect VM-125<->VM-8
 WARN 07-15 17:55:30,287 ExecutorChannelManagerMap:95 [pool-16-thread-1] - Cannot connnect VM-125<->VM-42
 WARN 07-15 17:55:30,287 ExecutorChannelManagerMap:95 [pool-16-thread-1] - Cannot connnect VM-125<->VM-9
 WARN 07-15 17:55:30,287 ExecutorChannelManagerMap:95 [pool-16-thread-1] - Cannot connnect VM-125<->VM-41
 WARN 07-15 17:55:30,287 ExecutorChannelManagerMap:95 [pool-16-thread-1] - Cannot connnect VM-125<->VM-40
 WARN 07-15 17:55:30,287 ExecutorChannelManagerMap:95 [pool-16-thread-1] - Cannot connnect VM-125<->VM-59
 WARN 07-15 17:55:30,287 ExecutorChannelManagerMap:95 [pool-16-thread-1] - Cannot connnect VM-125<->VM-58
 WARN 07-15 17:55:30,287 ExecutorChannelManagerMap:95 [pool-16-thread-1] - Cannot connnect VM-125<->VM-57
 WARN 07-15 17:55:30,287 ExecutorChannelManagerMap:95 [pool-16-thread-1] - Cannot connnect VM-125<->VM-56
 WARN 07-15 17:55:30,287 ExecutorChannelManagerMap:95 [pool-16-thread-1] - Cannot connnect VM-125<->VM-55
 WARN 07-15 17:55:30,289 ExecutorChannelManagerMap:95 [pool-16-thread-1] - Cannot connnect VM-125<->VM-54
 WARN 07-15 17:55:30,289 ExecutorChannelManagerMap:95 [pool-16-thread-1] - Cannot connnect VM-125<->VM-53
 WARN 07-15 17:55:30,290 ExecutorChannelManagerMap:95 [pool-16-thread-1] - Cannot connnect VM-125<->VM-52
 WARN 07-15 17:55:30,290 ExecutorChannelManagerMap:95 [pool-16-thread-1] - Cannot connnect VM-125<->VM-51
 WARN 07-15 17:55:30,290 ExecutorChannelManagerMap:95 [pool-16-thread-1] - Cannot connnect VM-125<->VM-50
 WARN 07-15 17:55:30,290 ExecutorChannelManagerMap:95 [pool-16-thread-1] - Cannot connnect VM-125<->VM-1
 WARN 07-15 17:55:30,290 ExecutorChannelManagerMap:95 [pool-16-thread-1] - Cannot connnect VM-125<->VM-2
 WARN 07-15 17:55:30,290 ExecutorChannelManagerMap:95 [pool-16-thread-1] - Cannot connnect VM-125<->VM-3
 WARN 07-15 17:55:30,290 ExecutorChannelManagerMap:95 [pool-16-thread-1] - Cannot connnect VM-125<->VM-4
 WARN 07-15 17:55:30,290 ExecutorChannelManagerMap:95 [pool-16-thread-1] - Cannot connnect VM-125<->VM-5
 WARN 07-15 17:55:30,290 ExecutorChannelManagerMap:95 [pool-16-thread-1] - Cannot connnect VM-125<->VM-29
 WARN 07-15 17:55:30,290 ExecutorChannelManagerMap:95 [pool-16-thread-1] - Cannot connnect VM-125<->VM-28
 WARN 07-15 17:55:30,290 ExecutorChannelManagerMap:95 [pool-16-thread-1] - Cannot connnect VM-125<->VM-27
 WARN 07-15 17:55:30,290 ExecutorChannelManagerMap:95 [pool-16-thread-1] - Cannot connnect VM-125<->VM-26
 WARN 07-15 17:55:30,290 ExecutorChannelManagerMap:95 [pool-16-thread-1] - Cannot connnect VM-125<->VM-25
 WARN 07-15 17:55:30,290 ExecutorChannelManagerMap:95 [pool-16-thread-1] - Cannot connnect VM-125<->VM-24
 WARN 07-15 17:55:30,290 ExecutorChannelManagerMap:95 [pool-16-thread-1] - Cannot connnect VM-125<->VM-100
 WARN 07-15 17:55:30,290 ExecutorChannelManagerMap:95 [pool-16-thread-1] - Cannot connnect VM-125<->VM-23
 WARN 07-15 17:55:30,290 ExecutorChannelManagerMap:95 [pool-16-thread-1] - Cannot connnect VM-125<->VM-22
 WARN 07-15 17:55:30,290 ExecutorChannelManagerMap:106 [pool-16-thread-1] - Executor Executor4 already registered
 WARN 07-15 17:55:30,290 ExecutorChannelManagerMap:95 [pool-16-thread-1] - Cannot connnect VM-125<->VM-21
 WARN 07-15 17:55:30,290 ExecutorChannelManagerMap:106 [pool-16-thread-1] - Executor Executor3 already registered
 WARN 07-15 17:55:30,293 ExecutorChannelManagerMap:95 [pool-16-thread-1] - Cannot connnect VM-125<->VM-20
 WARN 07-15 17:55:30,293 ExecutorChannelManagerMap:95 [pool-16-thread-1] - Cannot connnect VM-125<->VM-101
 WARN 07-15 17:55:30,293 ExecutorChannelManagerMap:95 [pool-16-thread-1] - Cannot connnect VM-125<->VM-39
 WARN 07-15 17:55:30,293 ExecutorChannelManagerMap:95 [pool-16-thread-1] - Cannot connnect VM-125<->VM-38
 WARN 07-15 17:55:30,293 ExecutorChannelManagerMap:95 [pool-16-thread-1] - Cannot connnect VM-125<->VM-37
 WARN 07-15 17:55:30,293 ExecutorChannelManagerMap:95 [pool-16-thread-1] - Cannot connnect VM-125<->VM-36
 WARN 07-15 17:55:30,293 ExecutorChannelManagerMap:95 [pool-16-thread-1] - Cannot connnect VM-125<->VM-35
 WARN 07-15 17:55:30,293 ExecutorChannelManagerMap:95 [pool-16-thread-1] - Cannot connnect VM-125<->VM-34
 WARN 07-15 17:55:30,293 ExecutorChannelManagerMap:95 [pool-16-thread-1] - Cannot connnect VM-125<->VM-33
 WARN 07-15 17:55:30,293 ExecutorChannelManagerMap:95 [pool-16-thread-1] - Cannot connnect VM-125<->VM-32
 WARN 07-15 17:55:30,293 ExecutorChannelManagerMap:95 [pool-16-thread-1] - Cannot connnect VM-125<->VM-31
 WARN 07-15 17:55:30,293 ExecutorChannelManagerMap:95 [pool-16-thread-1] - Cannot connnect VM-125<->VM-30
 WARN 07-15 17:55:30,293 ExecutorChannelManagerMap:106 [pool-16-thread-1] - Executor Executor2 already registered
 WARN 07-15 17:55:30,293 ExecutorChannelManagerMap:106 [pool-16-thread-1] - Executor Executor1 already registered
 WARN 07-15 17:55:30,293 ExecutorChannelManagerMap:106 [pool-16-thread-1] - Executor Executor0 already registered
 INFO 07-15 17:55:30,302 Executor$ExecutorMessageReceiver:1433 [pool-16-thread-1] - Executor registered message received VM-89,VM-122,VM-88,VM-121,VM-87,VM-86,VM-85,VM-126,VM-84,VM-83,VM-124,VM-82,VM-123,VM-81,VM-80,VM-19,VM-18,VM-17,VM-16,VM-15,VM-14,VM-13,VM-12,VM-133,VM-99,VM-11,VM-132,VM-98,VM-10,VM-131,VM-97,VM-130,VM-96,VM-137,VM-95,VM-136,VM-94,VM-135,VM-93,VM-134,VM-92,VM-91,VM-129,VM-90,VM-128,VM-127,VM-140,VM-69,VM-68,VM-67,VM-144,VM-66,VM-143,VM-65,VM-142,VM-64,VM-141,VM-63,VM-148,VM-62,VM-147,VM-61,VM-146,VM-60,VM-145,VM-139,VM-138,VM-151,VM-150,VM-79,VM-78,VM-155,VM-77,VM-154,VM-76,VM-153,VM-75,VM-152,VM-74,VM-159,VM-73,VM-158,VM-72,VM-157,VM-71,VM-156,VM-70,VM-149,VM-49,VM-48,VM-47,VM-160,VM-46,VM-45,VM-6,VM-44,VM-43,VM-8,VM-42,VM-9,VM-41,VM-40,VM-59,VM-58,VM-57,VM-56,VM-55,VM-54,VM-53,VM-52,VM-51,VM-50,VM-1,VM-2,VM-3,VM-4,VM-5,VM-29,VM-28,VM-27,VM-26,VM-25,VM-24,VM-100,VM-23,VM-22,Executor4,VM-21,Executor3,VM-20,VM-101,VM-39,VM-38,VM-37,VM-36,VM-35,VM-34,VM-33,VM-32,VM-31,VM-30,Executor2,Executor1,Executor0
 WARN 07-15 17:55:30,302 ExecutorChannelManagerMap:95 [pool-16-thread-1] - Cannot connnect VM-125<->VM-89
 WARN 07-15 17:55:30,302 ExecutorChannelManagerMap:95 [pool-16-thread-1] - Cannot connnect VM-125<->VM-122
 WARN 07-15 17:55:30,302 ExecutorChannelManagerMap:95 [pool-16-thread-1] - Cannot connnect VM-125<->VM-88
 WARN 07-15 17:55:30,302 ExecutorChannelManagerMap:95 [pool-16-thread-1] - Cannot connnect VM-125<->VM-121
 WARN 07-15 17:55:30,302 ExecutorChannelManagerMap:95 [pool-16-thread-1] - Cannot connnect VM-125<->VM-87
 WARN 07-15 17:55:30,302 ExecutorChannelManagerMap:95 [pool-16-thread-1] - Cannot connnect VM-125<->VM-86
 WARN 07-15 17:55:30,302 ExecutorChannelManagerMap:95 [pool-16-thread-1] - Cannot connnect VM-125<->VM-85
 WARN 07-15 17:55:30,302 ExecutorChannelManagerMap:95 [pool-16-thread-1] - Cannot connnect VM-125<->VM-126
 WARN 07-15 17:55:30,302 ExecutorChannelManagerMap:95 [pool-16-thread-1] - Cannot connnect VM-125<->VM-84
 WARN 07-15 17:55:30,302 ExecutorChannelManagerMap:95 [pool-16-thread-1] - Cannot connnect VM-125<->VM-83
 WARN 07-15 17:55:30,302 ExecutorChannelManagerMap:95 [pool-16-thread-1] - Cannot connnect VM-125<->VM-124
 WARN 07-15 17:55:30,302 ExecutorChannelManagerMap:95 [pool-16-thread-1] - Cannot connnect VM-125<->VM-82
 WARN 07-15 17:55:30,302 ExecutorChannelManagerMap:95 [pool-16-thread-1] - Cannot connnect VM-125<->VM-123
 WARN 07-15 17:55:30,302 ExecutorChannelManagerMap:95 [pool-16-thread-1] - Cannot connnect VM-125<->VM-81
 WARN 07-15 17:55:30,302 ExecutorChannelManagerMap:95 [pool-16-thread-1] - Cannot connnect VM-125<->VM-80
 WARN 07-15 17:55:30,302 ExecutorChannelManagerMap:95 [pool-16-thread-1] - Cannot connnect VM-125<->VM-19
 WARN 07-15 17:55:30,302 ExecutorChannelManagerMap:95 [pool-16-thread-1] - Cannot connnect VM-125<->VM-18
 WARN 07-15 17:55:30,302 ExecutorChannelManagerMap:95 [pool-16-thread-1] - Cannot connnect VM-125<->VM-17
 WARN 07-15 17:55:30,302 ExecutorChannelManagerMap:95 [pool-16-thread-1] - Cannot connnect VM-125<->VM-16
 WARN 07-15 17:55:30,303 ExecutorChannelManagerMap:95 [pool-16-thread-1] - Cannot connnect VM-125<->VM-15
 WARN 07-15 17:55:30,303 ExecutorChannelManagerMap:95 [pool-16-thread-1] - Cannot connnect VM-125<->VM-14
 WARN 07-15 17:55:30,303 ExecutorChannelManagerMap:95 [pool-16-thread-1] - Cannot connnect VM-125<->VM-13
 WARN 07-15 17:55:30,303 ExecutorChannelManagerMap:95 [pool-16-thread-1] - Cannot connnect VM-125<->VM-12
 WARN 07-15 17:55:30,303 ExecutorChannelManagerMap:95 [pool-16-thread-1] - Cannot connnect VM-125<->VM-133
 WARN 07-15 17:55:30,303 ExecutorChannelManagerMap:95 [pool-16-thread-1] - Cannot connnect VM-125<->VM-99
 WARN 07-15 17:55:30,303 ExecutorChannelManagerMap:95 [pool-16-thread-1] - Cannot connnect VM-125<->VM-11
 WARN 07-15 17:55:30,303 ExecutorChannelManagerMap:95 [pool-16-thread-1] - Cannot connnect VM-125<->VM-132
 WARN 07-15 17:55:30,303 ExecutorChannelManagerMap:95 [pool-16-thread-1] - Cannot connnect VM-125<->VM-98
 WARN 07-15 17:55:30,303 ExecutorChannelManagerMap:95 [pool-16-thread-1] - Cannot connnect VM-125<->VM-10
 WARN 07-15 17:55:30,303 ExecutorChannelManagerMap:95 [pool-16-thread-1] - Cannot connnect VM-125<->VM-131
 WARN 07-15 17:55:30,303 ExecutorChannelManagerMap:95 [pool-16-thread-1] - Cannot connnect VM-125<->VM-97
 WARN 07-15 17:55:30,303 ExecutorChannelManagerMap:95 [pool-16-thread-1] - Cannot connnect VM-125<->VM-130
 WARN 07-15 17:55:30,303 ExecutorChannelManagerMap:95 [pool-16-thread-1] - Cannot connnect VM-125<->VM-96
 WARN 07-15 17:55:30,303 ExecutorChannelManagerMap:95 [pool-16-thread-1] - Cannot connnect VM-125<->VM-137
 WARN 07-15 17:55:30,303 ExecutorChannelManagerMap:95 [pool-16-thread-1] - Cannot connnect VM-125<->VM-95
 WARN 07-15 17:55:30,303 ExecutorChannelManagerMap:95 [pool-16-thread-1] - Cannot connnect VM-125<->VM-136
 WARN 07-15 17:55:30,303 ExecutorChannelManagerMap:95 [pool-16-thread-1] - Cannot connnect VM-125<->VM-94
 WARN 07-15 17:55:30,303 ExecutorChannelManagerMap:95 [pool-16-thread-1] - Cannot connnect VM-125<->VM-135
 WARN 07-15 17:55:30,303 ExecutorChannelManagerMap:95 [pool-16-thread-1] - Cannot connnect VM-125<->VM-93
 WARN 07-15 17:55:30,303 ExecutorChannelManagerMap:95 [pool-16-thread-1] - Cannot connnect VM-125<->VM-134
 WARN 07-15 17:55:30,303 ExecutorChannelManagerMap:95 [pool-16-thread-1] - Cannot connnect VM-125<->VM-92
 WARN 07-15 17:55:30,303 ExecutorChannelManagerMap:95 [pool-16-thread-1] - Cannot connnect VM-125<->VM-91
 WARN 07-15 17:55:30,303 ExecutorChannelManagerMap:95 [pool-16-thread-1] - Cannot connnect VM-125<->VM-129
 WARN 07-15 17:55:30,303 ExecutorChannelManagerMap:95 [pool-16-thread-1] - Cannot connnect VM-125<->VM-90
 WARN 07-15 17:55:30,303 ExecutorChannelManagerMap:95 [pool-16-thread-1] - Cannot connnect VM-125<->VM-128
 WARN 07-15 17:55:30,303 ExecutorChannelManagerMap:95 [pool-16-thread-1] - Cannot connnect VM-125<->VM-127
 WARN 07-15 17:55:30,303 ExecutorChannelManagerMap:95 [pool-16-thread-1] - Cannot connnect VM-125<->VM-140
 WARN 07-15 17:55:30,303 ExecutorChannelManagerMap:95 [pool-16-thread-1] - Cannot connnect VM-125<->VM-69
 WARN 07-15 17:55:30,304 ExecutorChannelManagerMap:95 [pool-16-thread-1] - Cannot connnect VM-125<->VM-68
 WARN 07-15 17:55:30,304 ExecutorChannelManagerMap:95 [pool-16-thread-1] - Cannot connnect VM-125<->VM-67
 WARN 07-15 17:55:30,304 ExecutorChannelManagerMap:95 [pool-16-thread-1] - Cannot connnect VM-125<->VM-144
 WARN 07-15 17:55:30,304 ExecutorChannelManagerMap:95 [pool-16-thread-1] - Cannot connnect VM-125<->VM-66
 WARN 07-15 17:55:30,304 ExecutorChannelManagerMap:95 [pool-16-thread-1] - Cannot connnect VM-125<->VM-143
 WARN 07-15 17:55:30,304 ExecutorChannelManagerMap:95 [pool-16-thread-1] - Cannot connnect VM-125<->VM-65
 WARN 07-15 17:55:30,304 ExecutorChannelManagerMap:95 [pool-16-thread-1] - Cannot connnect VM-125<->VM-142
 WARN 07-15 17:55:30,304 ExecutorChannelManagerMap:95 [pool-16-thread-1] - Cannot connnect VM-125<->VM-64
 WARN 07-15 17:55:30,304 ExecutorChannelManagerMap:95 [pool-16-thread-1] - Cannot connnect VM-125<->VM-141
 WARN 07-15 17:55:30,304 ExecutorChannelManagerMap:95 [pool-16-thread-1] - Cannot connnect VM-125<->VM-63
 WARN 07-15 17:55:30,304 ExecutorChannelManagerMap:95 [pool-16-thread-1] - Cannot connnect VM-125<->VM-148
 WARN 07-15 17:55:30,304 ExecutorChannelManagerMap:95 [pool-16-thread-1] - Cannot connnect VM-125<->VM-62
 WARN 07-15 17:55:30,304 ExecutorChannelManagerMap:95 [pool-16-thread-1] - Cannot connnect VM-125<->VM-147
 WARN 07-15 17:55:30,304 ExecutorChannelManagerMap:95 [pool-16-thread-1] - Cannot connnect VM-125<->VM-61
 WARN 07-15 17:55:30,304 ExecutorChannelManagerMap:95 [pool-16-thread-1] - Cannot connnect VM-125<->VM-146
 WARN 07-15 17:55:30,304 ExecutorChannelManagerMap:95 [pool-16-thread-1] - Cannot connnect VM-125<->VM-60
 WARN 07-15 17:55:30,304 ExecutorChannelManagerMap:95 [pool-16-thread-1] - Cannot connnect VM-125<->VM-145
 WARN 07-15 17:55:30,304 ExecutorChannelManagerMap:95 [pool-16-thread-1] - Cannot connnect VM-125<->VM-139
 WARN 07-15 17:55:30,304 ExecutorChannelManagerMap:95 [pool-16-thread-1] - Cannot connnect VM-125<->VM-138
 WARN 07-15 17:55:30,304 ExecutorChannelManagerMap:95 [pool-16-thread-1] - Cannot connnect VM-125<->VM-151
 WARN 07-15 17:55:30,304 ExecutorChannelManagerMap:95 [pool-16-thread-1] - Cannot connnect VM-125<->VM-150
 WARN 07-15 17:55:30,304 ExecutorChannelManagerMap:95 [pool-16-thread-1] - Cannot connnect VM-125<->VM-79
 WARN 07-15 17:55:30,304 ExecutorChannelManagerMap:95 [pool-16-thread-1] - Cannot connnect VM-125<->VM-78
 WARN 07-15 17:55:30,304 ExecutorChannelManagerMap:95 [pool-16-thread-1] - Cannot connnect VM-125<->VM-155
 WARN 07-15 17:55:30,304 ExecutorChannelManagerMap:95 [pool-16-thread-1] - Cannot connnect VM-125<->VM-77
 WARN 07-15 17:55:30,304 ExecutorChannelManagerMap:95 [pool-16-thread-1] - Cannot connnect VM-125<->VM-154
 WARN 07-15 17:55:30,304 ExecutorChannelManagerMap:95 [pool-16-thread-1] - Cannot connnect VM-125<->VM-76
 WARN 07-15 17:55:30,304 ExecutorChannelManagerMap:95 [pool-16-thread-1] - Cannot connnect VM-125<->VM-153
 WARN 07-15 17:55:30,305 ExecutorChannelManagerMap:95 [pool-16-thread-1] - Cannot connnect VM-125<->VM-75
 WARN 07-15 17:55:30,305 ExecutorChannelManagerMap:95 [pool-16-thread-1] - Cannot connnect VM-125<->VM-152
 WARN 07-15 17:55:30,305 ExecutorChannelManagerMap:95 [pool-16-thread-1] - Cannot connnect VM-125<->VM-74
 WARN 07-15 17:55:30,305 ExecutorChannelManagerMap:95 [pool-16-thread-1] - Cannot connnect VM-125<->VM-159
 WARN 07-15 17:55:30,305 ExecutorChannelManagerMap:95 [pool-16-thread-1] - Cannot connnect VM-125<->VM-73
 WARN 07-15 17:55:30,305 ExecutorChannelManagerMap:95 [pool-16-thread-1] - Cannot connnect VM-125<->VM-158
 WARN 07-15 17:55:30,305 ExecutorChannelManagerMap:95 [pool-16-thread-1] - Cannot connnect VM-125<->VM-72
 WARN 07-15 17:55:30,305 ExecutorChannelManagerMap:95 [pool-16-thread-1] - Cannot connnect VM-125<->VM-157
 WARN 07-15 17:55:30,305 ExecutorChannelManagerMap:95 [pool-16-thread-1] - Cannot connnect VM-125<->VM-71
 WARN 07-15 17:55:30,305 ExecutorChannelManagerMap:95 [pool-16-thread-1] - Cannot connnect VM-125<->VM-156
 WARN 07-15 17:55:30,305 ExecutorChannelManagerMap:95 [pool-16-thread-1] - Cannot connnect VM-125<->VM-70
 WARN 07-15 17:55:30,305 ExecutorChannelManagerMap:95 [pool-16-thread-1] - Cannot connnect VM-125<->VM-149
 WARN 07-15 17:55:30,305 ExecutorChannelManagerMap:95 [pool-16-thread-1] - Cannot connnect VM-125<->VM-49
 WARN 07-15 17:55:30,305 ExecutorChannelManagerMap:95 [pool-16-thread-1] - Cannot connnect VM-125<->VM-48
 WARN 07-15 17:55:30,305 ExecutorChannelManagerMap:95 [pool-16-thread-1] - Cannot connnect VM-125<->VM-47
 WARN 07-15 17:55:30,305 ExecutorChannelManagerMap:95 [pool-16-thread-1] - Cannot connnect VM-125<->VM-160
 WARN 07-15 17:55:30,305 ExecutorChannelManagerMap:95 [pool-16-thread-1] - Cannot connnect VM-125<->VM-46
 WARN 07-15 17:55:30,305 ExecutorChannelManagerMap:95 [pool-16-thread-1] - Cannot connnect VM-125<->VM-45
 WARN 07-15 17:55:30,305 ExecutorChannelManagerMap:95 [pool-16-thread-1] - Cannot connnect VM-125<->VM-6
 WARN 07-15 17:55:30,306 ExecutorChannelManagerMap:95 [pool-16-thread-1] - Cannot connnect VM-125<->VM-44
 WARN 07-15 17:55:30,307 ExecutorChannelManagerMap:95 [pool-16-thread-1] - Cannot connnect VM-125<->VM-43
 WARN 07-15 17:55:30,307 ExecutorChannelManagerMap:95 [pool-16-thread-1] - Cannot connnect VM-125<->VM-8
 WARN 07-15 17:55:30,307 ExecutorChannelManagerMap:95 [pool-16-thread-1] - Cannot connnect VM-125<->VM-42
 WARN 07-15 17:55:30,307 ExecutorChannelManagerMap:95 [pool-16-thread-1] - Cannot connnect VM-125<->VM-9
 WARN 07-15 17:55:30,307 ExecutorChannelManagerMap:95 [pool-16-thread-1] - Cannot connnect VM-125<->VM-41
 WARN 07-15 17:55:30,307 ExecutorChannelManagerMap:95 [pool-16-thread-1] - Cannot connnect VM-125<->VM-40
 WARN 07-15 17:55:30,307 ExecutorChannelManagerMap:95 [pool-16-thread-1] - Cannot connnect VM-125<->VM-59
 WARN 07-15 17:55:30,307 ExecutorChannelManagerMap:95 [pool-16-thread-1] - Cannot connnect VM-125<->VM-58
 WARN 07-15 17:55:30,307 ExecutorChannelManagerMap:95 [pool-16-thread-1] - Cannot connnect VM-125<->VM-57
 WARN 07-15 17:55:30,307 ExecutorChannelManagerMap:95 [pool-16-thread-1] - Cannot connnect VM-125<->VM-56
 WARN 07-15 17:55:30,307 ExecutorChannelManagerMap:95 [pool-16-thread-1] - Cannot connnect VM-125<->VM-55
 WARN 07-15 17:55:30,307 ExecutorChannelManagerMap:95 [pool-16-thread-1] - Cannot connnect VM-125<->VM-54
 WARN 07-15 17:55:30,307 ExecutorChannelManagerMap:95 [pool-16-thread-1] - Cannot connnect VM-125<->VM-53
 WARN 07-15 17:55:30,307 ExecutorChannelManagerMap:95 [pool-16-thread-1] - Cannot connnect VM-125<->VM-52
 WARN 07-15 17:55:30,307 ExecutorChannelManagerMap:95 [pool-16-thread-1] - Cannot connnect VM-125<->VM-51
 WARN 07-15 17:55:30,307 ExecutorChannelManagerMap:95 [pool-16-thread-1] - Cannot connnect VM-125<->VM-50
 WARN 07-15 17:55:30,307 ExecutorChannelManagerMap:95 [pool-16-thread-1] - Cannot connnect VM-125<->VM-1
 WARN 07-15 17:55:30,307 ExecutorChannelManagerMap:95 [pool-16-thread-1] - Cannot connnect VM-125<->VM-2
 WARN 07-15 17:55:30,307 ExecutorChannelManagerMap:95 [pool-16-thread-1] - Cannot connnect VM-125<->VM-3
 WARN 07-15 17:55:30,307 ExecutorChannelManagerMap:95 [pool-16-thread-1] - Cannot connnect VM-125<->VM-4
 WARN 07-15 17:55:30,307 ExecutorChannelManagerMap:95 [pool-16-thread-1] - Cannot connnect VM-125<->VM-5
 WARN 07-15 17:55:30,307 ExecutorChannelManagerMap:95 [pool-16-thread-1] - Cannot connnect VM-125<->VM-29
 WARN 07-15 17:55:30,310 ExecutorChannelManagerMap:95 [pool-16-thread-1] - Cannot connnect VM-125<->VM-28
 WARN 07-15 17:55:30,310 ExecutorChannelManagerMap:95 [pool-16-thread-1] - Cannot connnect VM-125<->VM-27
 WARN 07-15 17:55:30,310 ExecutorChannelManagerMap:95 [pool-16-thread-1] - Cannot connnect VM-125<->VM-26
 WARN 07-15 17:55:30,310 ExecutorChannelManagerMap:95 [pool-16-thread-1] - Cannot connnect VM-125<->VM-25
 WARN 07-15 17:55:30,310 ExecutorChannelManagerMap:95 [pool-16-thread-1] - Cannot connnect VM-125<->VM-24
 WARN 07-15 17:55:30,310 ExecutorChannelManagerMap:95 [pool-16-thread-1] - Cannot connnect VM-125<->VM-100
 WARN 07-15 17:55:30,310 ExecutorChannelManagerMap:95 [pool-16-thread-1] - Cannot connnect VM-125<->VM-23
 WARN 07-15 17:55:30,310 ExecutorChannelManagerMap:95 [pool-16-thread-1] - Cannot connnect VM-125<->VM-22
 WARN 07-15 17:55:30,310 ExecutorChannelManagerMap:106 [pool-16-thread-1] - Executor Executor4 already registered
 WARN 07-15 17:55:30,310 ExecutorChannelManagerMap:95 [pool-16-thread-1] - Cannot connnect VM-125<->VM-21
 WARN 07-15 17:55:30,310 ExecutorChannelManagerMap:106 [pool-16-thread-1] - Executor Executor3 already registered
 WARN 07-15 17:55:30,310 ExecutorChannelManagerMap:95 [pool-16-thread-1] - Cannot connnect VM-125<->VM-20
 WARN 07-15 17:55:30,310 ExecutorChannelManagerMap:95 [pool-16-thread-1] - Cannot connnect VM-125<->VM-101
 WARN 07-15 17:55:30,310 ExecutorChannelManagerMap:95 [pool-16-thread-1] - Cannot connnect VM-125<->VM-39
 WARN 07-15 17:55:30,310 ExecutorChannelManagerMap:95 [pool-16-thread-1] - Cannot connnect VM-125<->VM-38
 WARN 07-15 17:55:30,310 ExecutorChannelManagerMap:95 [pool-16-thread-1] - Cannot connnect VM-125<->VM-37
 WARN 07-15 17:55:30,310 ExecutorChannelManagerMap:95 [pool-16-thread-1] - Cannot connnect VM-125<->VM-36
 WARN 07-15 17:55:30,310 ExecutorChannelManagerMap:95 [pool-16-thread-1] - Cannot connnect VM-125<->VM-35
 WARN 07-15 17:55:30,310 ExecutorChannelManagerMap:95 [pool-16-thread-1] - Cannot connnect VM-125<->VM-34
 WARN 07-15 17:55:30,310 ExecutorChannelManagerMap:95 [pool-16-thread-1] - Cannot connnect VM-125<->VM-33
 WARN 07-15 17:55:30,310 ExecutorChannelManagerMap:95 [pool-16-thread-1] - Cannot connnect VM-125<->VM-32
 WARN 07-15 17:55:30,310 ExecutorChannelManagerMap:95 [pool-16-thread-1] - Cannot connnect VM-125<->VM-31
 WARN 07-15 17:55:30,310 ExecutorChannelManagerMap:95 [pool-16-thread-1] - Cannot connnect VM-125<->VM-30
 WARN 07-15 17:55:30,310 ExecutorChannelManagerMap:106 [pool-16-thread-1] - Executor Executor2 already registered
 WARN 07-15 17:55:30,310 ExecutorChannelManagerMap:106 [pool-16-thread-1] - Executor Executor1 already registered
 WARN 07-15 17:55:30,310 ExecutorChannelManagerMap:106 [pool-16-thread-1] - Executor Executor0 already registered
 INFO 07-15 17:55:30,372 Executor$ExecutorMessageReceiver:1433 [pool-16-thread-1] - Executor registered message received VM-89,VM-122,VM-88,VM-121,VM-87,VM-120,VM-86,VM-85,VM-126,VM-84,VM-83,VM-124,VM-82,VM-123,VM-81,VM-80,VM-19,VM-18,VM-17,VM-16,VM-15,VM-14,VM-13,VM-12,VM-133,VM-99,VM-11,VM-132,VM-98,VM-10,VM-131,VM-97,VM-130,VM-96,VM-137,VM-95,VM-136,VM-94,VM-135,VM-93,VM-134,VM-92,VM-91,VM-129,VM-90,VM-128,VM-127,VM-140,VM-69,VM-68,VM-67,VM-144,VM-66,VM-143,VM-65,VM-142,VM-64,VM-141,VM-63,VM-148,VM-62,VM-147,VM-61,VM-146,VM-60,VM-145,VM-139,VM-138,VM-151,VM-150,VM-79,VM-78,VM-155,VM-77,VM-154,VM-76,VM-153,VM-75,VM-152,VM-74,VM-159,VM-73,VM-158,VM-72,VM-157,VM-71,VM-156,VM-70,VM-149,VM-49,VM-48,VM-47,VM-160,VM-46,VM-45,VM-6,VM-44,VM-43,VM-8,VM-42,VM-9,VM-41,VM-40,VM-59,VM-58,VM-57,VM-56,VM-55,VM-54,VM-53,VM-52,VM-51,VM-50,VM-1,VM-2,VM-3,VM-4,VM-5,VM-29,VM-28,VM-27,VM-26,VM-25,VM-24,VM-100,VM-23,VM-22,Executor4,VM-21,Executor3,VM-20,VM-101,VM-39,VM-38,VM-37,VM-36,VM-35,VM-34,VM-33,VM-32,VM-31,VM-30,Executor2,Executor1,Executor0
 WARN 07-15 17:55:30,372 ExecutorChannelManagerMap:95 [pool-16-thread-1] - Cannot connnect VM-125<->VM-89
 WARN 07-15 17:55:30,372 ExecutorChannelManagerMap:95 [pool-16-thread-1] - Cannot connnect VM-125<->VM-122
 WARN 07-15 17:55:30,372 ExecutorChannelManagerMap:95 [pool-16-thread-1] - Cannot connnect VM-125<->VM-88
 WARN 07-15 17:55:30,372 ExecutorChannelManagerMap:95 [pool-16-thread-1] - Cannot connnect VM-125<->VM-121
 WARN 07-15 17:55:30,372 ExecutorChannelManagerMap:95 [pool-16-thread-1] - Cannot connnect VM-125<->VM-87
 WARN 07-15 17:55:30,372 ExecutorChannelManagerMap:95 [pool-16-thread-1] - Cannot connnect VM-125<->VM-120
 WARN 07-15 17:55:30,372 ExecutorChannelManagerMap:95 [pool-16-thread-1] - Cannot connnect VM-125<->VM-86
 WARN 07-15 17:55:30,372 ExecutorChannelManagerMap:95 [pool-16-thread-1] - Cannot connnect VM-125<->VM-85
 WARN 07-15 17:55:30,372 ExecutorChannelManagerMap:95 [pool-16-thread-1] - Cannot connnect VM-125<->VM-126
 WARN 07-15 17:55:30,372 ExecutorChannelManagerMap:95 [pool-16-thread-1] - Cannot connnect VM-125<->VM-84
 WARN 07-15 17:55:30,372 ExecutorChannelManagerMap:95 [pool-16-thread-1] - Cannot connnect VM-125<->VM-83
 WARN 07-15 17:55:30,372 ExecutorChannelManagerMap:95 [pool-16-thread-1] - Cannot connnect VM-125<->VM-124
 WARN 07-15 17:55:30,372 ExecutorChannelManagerMap:95 [pool-16-thread-1] - Cannot connnect VM-125<->VM-82
 WARN 07-15 17:55:30,372 ExecutorChannelManagerMap:95 [pool-16-thread-1] - Cannot connnect VM-125<->VM-123
 WARN 07-15 17:55:30,373 ExecutorChannelManagerMap:95 [pool-16-thread-1] - Cannot connnect VM-125<->VM-81
 WARN 07-15 17:55:30,373 ExecutorChannelManagerMap:95 [pool-16-thread-1] - Cannot connnect VM-125<->VM-80
 WARN 07-15 17:55:30,373 ExecutorChannelManagerMap:95 [pool-16-thread-1] - Cannot connnect VM-125<->VM-19
 WARN 07-15 17:55:30,373 ExecutorChannelManagerMap:95 [pool-16-thread-1] - Cannot connnect VM-125<->VM-18
 WARN 07-15 17:55:30,373 ExecutorChannelManagerMap:95 [pool-16-thread-1] - Cannot connnect VM-125<->VM-17
 WARN 07-15 17:55:30,373 ExecutorChannelManagerMap:95 [pool-16-thread-1] - Cannot connnect VM-125<->VM-16
 WARN 07-15 17:55:30,373 ExecutorChannelManagerMap:95 [pool-16-thread-1] - Cannot connnect VM-125<->VM-15
 WARN 07-15 17:55:30,373 ExecutorChannelManagerMap:95 [pool-16-thread-1] - Cannot connnect VM-125<->VM-14
 WARN 07-15 17:55:30,373 ExecutorChannelManagerMap:95 [pool-16-thread-1] - Cannot connnect VM-125<->VM-13
 WARN 07-15 17:55:30,373 ExecutorChannelManagerMap:95 [pool-16-thread-1] - Cannot connnect VM-125<->VM-12
 WARN 07-15 17:55:30,373 ExecutorChannelManagerMap:95 [pool-16-thread-1] - Cannot connnect VM-125<->VM-133
 WARN 07-15 17:55:30,373 ExecutorChannelManagerMap:95 [pool-16-thread-1] - Cannot connnect VM-125<->VM-99
 WARN 07-15 17:55:30,373 ExecutorChannelManagerMap:95 [pool-16-thread-1] - Cannot connnect VM-125<->VM-11
 WARN 07-15 17:55:30,373 ExecutorChannelManagerMap:95 [pool-16-thread-1] - Cannot connnect VM-125<->VM-132
 WARN 07-15 17:55:30,373 ExecutorChannelManagerMap:95 [pool-16-thread-1] - Cannot connnect VM-125<->VM-98
 WARN 07-15 17:55:30,373 ExecutorChannelManagerMap:95 [pool-16-thread-1] - Cannot connnect VM-125<->VM-10
 WARN 07-15 17:55:30,373 ExecutorChannelManagerMap:95 [pool-16-thread-1] - Cannot connnect VM-125<->VM-131
 WARN 07-15 17:55:30,373 ExecutorChannelManagerMap:95 [pool-16-thread-1] - Cannot connnect VM-125<->VM-97
 WARN 07-15 17:55:30,373 ExecutorChannelManagerMap:95 [pool-16-thread-1] - Cannot connnect VM-125<->VM-130
 WARN 07-15 17:55:30,373 ExecutorChannelManagerMap:95 [pool-16-thread-1] - Cannot connnect VM-125<->VM-96
 WARN 07-15 17:55:30,373 ExecutorChannelManagerMap:95 [pool-16-thread-1] - Cannot connnect VM-125<->VM-137
 WARN 07-15 17:55:30,373 ExecutorChannelManagerMap:95 [pool-16-thread-1] - Cannot connnect VM-125<->VM-95
 WARN 07-15 17:55:30,373 ExecutorChannelManagerMap:95 [pool-16-thread-1] - Cannot connnect VM-125<->VM-136
 WARN 07-15 17:55:30,373 ExecutorChannelManagerMap:95 [pool-16-thread-1] - Cannot connnect VM-125<->VM-94
 WARN 07-15 17:55:30,373 ExecutorChannelManagerMap:95 [pool-16-thread-1] - Cannot connnect VM-125<->VM-135
 WARN 07-15 17:55:30,373 ExecutorChannelManagerMap:95 [pool-16-thread-1] - Cannot connnect VM-125<->VM-93
 WARN 07-15 17:55:30,373 ExecutorChannelManagerMap:95 [pool-16-thread-1] - Cannot connnect VM-125<->VM-134
 WARN 07-15 17:55:30,373 ExecutorChannelManagerMap:95 [pool-16-thread-1] - Cannot connnect VM-125<->VM-92
 WARN 07-15 17:55:30,373 ExecutorChannelManagerMap:95 [pool-16-thread-1] - Cannot connnect VM-125<->VM-91
 WARN 07-15 17:55:30,373 ExecutorChannelManagerMap:95 [pool-16-thread-1] - Cannot connnect VM-125<->VM-129
 WARN 07-15 17:55:30,373 ExecutorChannelManagerMap:95 [pool-16-thread-1] - Cannot connnect VM-125<->VM-90
 WARN 07-15 17:55:30,373 ExecutorChannelManagerMap:95 [pool-16-thread-1] - Cannot connnect VM-125<->VM-128
 WARN 07-15 17:55:30,373 ExecutorChannelManagerMap:95 [pool-16-thread-1] - Cannot connnect VM-125<->VM-127
 WARN 07-15 17:55:30,373 ExecutorChannelManagerMap:95 [pool-16-thread-1] - Cannot connnect VM-125<->VM-140
 WARN 07-15 17:55:30,373 ExecutorChannelManagerMap:95 [pool-16-thread-1] - Cannot connnect VM-125<->VM-69
 WARN 07-15 17:55:30,374 ExecutorChannelManagerMap:95 [pool-16-thread-1] - Cannot connnect VM-125<->VM-68
 WARN 07-15 17:55:30,374 ExecutorChannelManagerMap:95 [pool-16-thread-1] - Cannot connnect VM-125<->VM-67
 WARN 07-15 17:55:30,374 ExecutorChannelManagerMap:95 [pool-16-thread-1] - Cannot connnect VM-125<->VM-144
 WARN 07-15 17:55:30,374 ExecutorChannelManagerMap:95 [pool-16-thread-1] - Cannot connnect VM-125<->VM-66
 WARN 07-15 17:55:30,374 ExecutorChannelManagerMap:95 [pool-16-thread-1] - Cannot connnect VM-125<->VM-143
 WARN 07-15 17:55:30,374 ExecutorChannelManagerMap:95 [pool-16-thread-1] - Cannot connnect VM-125<->VM-65
 WARN 07-15 17:55:30,374 ExecutorChannelManagerMap:95 [pool-16-thread-1] - Cannot connnect VM-125<->VM-142
 WARN 07-15 17:55:30,374 ExecutorChannelManagerMap:95 [pool-16-thread-1] - Cannot connnect VM-125<->VM-64
 WARN 07-15 17:55:30,374 ExecutorChannelManagerMap:95 [pool-16-thread-1] - Cannot connnect VM-125<->VM-141
 WARN 07-15 17:55:30,374 ExecutorChannelManagerMap:95 [pool-16-thread-1] - Cannot connnect VM-125<->VM-63
 WARN 07-15 17:55:30,374 ExecutorChannelManagerMap:95 [pool-16-thread-1] - Cannot connnect VM-125<->VM-148
 WARN 07-15 17:55:30,374 ExecutorChannelManagerMap:95 [pool-16-thread-1] - Cannot connnect VM-125<->VM-62
 WARN 07-15 17:55:30,374 ExecutorChannelManagerMap:95 [pool-16-thread-1] - Cannot connnect VM-125<->VM-147
 WARN 07-15 17:55:30,374 ExecutorChannelManagerMap:95 [pool-16-thread-1] - Cannot connnect VM-125<->VM-61
 WARN 07-15 17:55:30,374 ExecutorChannelManagerMap:95 [pool-16-thread-1] - Cannot connnect VM-125<->VM-146
 WARN 07-15 17:55:30,374 ExecutorChannelManagerMap:95 [pool-16-thread-1] - Cannot connnect VM-125<->VM-60
 WARN 07-15 17:55:30,374 ExecutorChannelManagerMap:95 [pool-16-thread-1] - Cannot connnect VM-125<->VM-145
 WARN 07-15 17:55:30,374 ExecutorChannelManagerMap:95 [pool-16-thread-1] - Cannot connnect VM-125<->VM-139
 WARN 07-15 17:55:30,374 ExecutorChannelManagerMap:95 [pool-16-thread-1] - Cannot connnect VM-125<->VM-138
 WARN 07-15 17:55:30,374 ExecutorChannelManagerMap:95 [pool-16-thread-1] - Cannot connnect VM-125<->VM-151
 WARN 07-15 17:55:30,374 ExecutorChannelManagerMap:95 [pool-16-thread-1] - Cannot connnect VM-125<->VM-150
 WARN 07-15 17:55:30,374 ExecutorChannelManagerMap:95 [pool-16-thread-1] - Cannot connnect VM-125<->VM-79
 WARN 07-15 17:55:30,374 ExecutorChannelManagerMap:95 [pool-16-thread-1] - Cannot connnect VM-125<->VM-78
 WARN 07-15 17:55:30,374 ExecutorChannelManagerMap:95 [pool-16-thread-1] - Cannot connnect VM-125<->VM-155
 WARN 07-15 17:55:30,374 ExecutorChannelManagerMap:95 [pool-16-thread-1] - Cannot connnect VM-125<->VM-77
 WARN 07-15 17:55:30,374 ExecutorChannelManagerMap:95 [pool-16-thread-1] - Cannot connnect VM-125<->VM-154
 WARN 07-15 17:55:30,374 ExecutorChannelManagerMap:95 [pool-16-thread-1] - Cannot connnect VM-125<->VM-76
 WARN 07-15 17:55:30,374 ExecutorChannelManagerMap:95 [pool-16-thread-1] - Cannot connnect VM-125<->VM-153
 WARN 07-15 17:55:30,374 ExecutorChannelManagerMap:95 [pool-16-thread-1] - Cannot connnect VM-125<->VM-75
 WARN 07-15 17:55:30,374 ExecutorChannelManagerMap:95 [pool-16-thread-1] - Cannot connnect VM-125<->VM-152
 WARN 07-15 17:55:30,374 ExecutorChannelManagerMap:95 [pool-16-thread-1] - Cannot connnect VM-125<->VM-74
 WARN 07-15 17:55:30,374 ExecutorChannelManagerMap:95 [pool-16-thread-1] - Cannot connnect VM-125<->VM-159
 WARN 07-15 17:55:30,374 ExecutorChannelManagerMap:95 [pool-16-thread-1] - Cannot connnect VM-125<->VM-73
 WARN 07-15 17:55:30,374 ExecutorChannelManagerMap:95 [pool-16-thread-1] - Cannot connnect VM-125<->VM-158
 WARN 07-15 17:55:30,374 ExecutorChannelManagerMap:95 [pool-16-thread-1] - Cannot connnect VM-125<->VM-72
 WARN 07-15 17:55:30,374 ExecutorChannelManagerMap:95 [pool-16-thread-1] - Cannot connnect VM-125<->VM-157
 WARN 07-15 17:55:30,375 ExecutorChannelManagerMap:95 [pool-16-thread-1] - Cannot connnect VM-125<->VM-71
 WARN 07-15 17:55:30,375 ExecutorChannelManagerMap:95 [pool-16-thread-1] - Cannot connnect VM-125<->VM-156
 WARN 07-15 17:55:30,375 ExecutorChannelManagerMap:95 [pool-16-thread-1] - Cannot connnect VM-125<->VM-70
 WARN 07-15 17:55:30,375 ExecutorChannelManagerMap:95 [pool-16-thread-1] - Cannot connnect VM-125<->VM-149
 WARN 07-15 17:55:30,375 ExecutorChannelManagerMap:95 [pool-16-thread-1] - Cannot connnect VM-125<->VM-49
 WARN 07-15 17:55:30,375 ExecutorChannelManagerMap:95 [pool-16-thread-1] - Cannot connnect VM-125<->VM-48
 WARN 07-15 17:55:30,375 ExecutorChannelManagerMap:95 [pool-16-thread-1] - Cannot connnect VM-125<->VM-47
 WARN 07-15 17:55:30,375 ExecutorChannelManagerMap:95 [pool-16-thread-1] - Cannot connnect VM-125<->VM-160
 WARN 07-15 17:55:30,375 ExecutorChannelManagerMap:95 [pool-16-thread-1] - Cannot connnect VM-125<->VM-46
 WARN 07-15 17:55:30,375 ExecutorChannelManagerMap:95 [pool-16-thread-1] - Cannot connnect VM-125<->VM-45
 WARN 07-15 17:55:30,375 ExecutorChannelManagerMap:95 [pool-16-thread-1] - Cannot connnect VM-125<->VM-6
 WARN 07-15 17:55:30,375 ExecutorChannelManagerMap:95 [pool-16-thread-1] - Cannot connnect VM-125<->VM-44
 WARN 07-15 17:55:30,375 ExecutorChannelManagerMap:95 [pool-16-thread-1] - Cannot connnect VM-125<->VM-43
 WARN 07-15 17:55:30,375 ExecutorChannelManagerMap:95 [pool-16-thread-1] - Cannot connnect VM-125<->VM-8
 WARN 07-15 17:55:30,375 ExecutorChannelManagerMap:95 [pool-16-thread-1] - Cannot connnect VM-125<->VM-42
 WARN 07-15 17:55:30,375 ExecutorChannelManagerMap:95 [pool-16-thread-1] - Cannot connnect VM-125<->VM-9
 WARN 07-15 17:55:30,375 ExecutorChannelManagerMap:95 [pool-16-thread-1] - Cannot connnect VM-125<->VM-41
 WARN 07-15 17:55:30,375 ExecutorChannelManagerMap:95 [pool-16-thread-1] - Cannot connnect VM-125<->VM-40
 WARN 07-15 17:55:30,375 ExecutorChannelManagerMap:95 [pool-16-thread-1] - Cannot connnect VM-125<->VM-59
 WARN 07-15 17:55:30,375 ExecutorChannelManagerMap:95 [pool-16-thread-1] - Cannot connnect VM-125<->VM-58
 WARN 07-15 17:55:30,375 ExecutorChannelManagerMap:95 [pool-16-thread-1] - Cannot connnect VM-125<->VM-57
 WARN 07-15 17:55:30,375 ExecutorChannelManagerMap:95 [pool-16-thread-1] - Cannot connnect VM-125<->VM-56
 WARN 07-15 17:55:30,375 ExecutorChannelManagerMap:95 [pool-16-thread-1] - Cannot connnect VM-125<->VM-55
 WARN 07-15 17:55:30,375 ExecutorChannelManagerMap:95 [pool-16-thread-1] - Cannot connnect VM-125<->VM-54
 WARN 07-15 17:55:30,375 ExecutorChannelManagerMap:95 [pool-16-thread-1] - Cannot connnect VM-125<->VM-53
 WARN 07-15 17:55:30,375 ExecutorChannelManagerMap:95 [pool-16-thread-1] - Cannot connnect VM-125<->VM-52
 WARN 07-15 17:55:30,375 ExecutorChannelManagerMap:95 [pool-16-thread-1] - Cannot connnect VM-125<->VM-51
 WARN 07-15 17:55:30,375 ExecutorChannelManagerMap:95 [pool-16-thread-1] - Cannot connnect VM-125<->VM-50
 WARN 07-15 17:55:30,375 ExecutorChannelManagerMap:95 [pool-16-thread-1] - Cannot connnect VM-125<->VM-1
 WARN 07-15 17:55:30,375 ExecutorChannelManagerMap:95 [pool-16-thread-1] - Cannot connnect VM-125<->VM-2
 WARN 07-15 17:55:30,375 ExecutorChannelManagerMap:95 [pool-16-thread-1] - Cannot connnect VM-125<->VM-3
 WARN 07-15 17:55:30,375 ExecutorChannelManagerMap:95 [pool-16-thread-1] - Cannot connnect VM-125<->VM-4
 WARN 07-15 17:55:30,375 ExecutorChannelManagerMap:95 [pool-16-thread-1] - Cannot connnect VM-125<->VM-5
 WARN 07-15 17:55:30,375 ExecutorChannelManagerMap:95 [pool-16-thread-1] - Cannot connnect VM-125<->VM-29
 WARN 07-15 17:55:30,375 ExecutorChannelManagerMap:95 [pool-16-thread-1] - Cannot connnect VM-125<->VM-28
 WARN 07-15 17:55:30,375 ExecutorChannelManagerMap:95 [pool-16-thread-1] - Cannot connnect VM-125<->VM-27
 WARN 07-15 17:55:30,375 ExecutorChannelManagerMap:95 [pool-16-thread-1] - Cannot connnect VM-125<->VM-26
 WARN 07-15 17:55:30,375 ExecutorChannelManagerMap:95 [pool-16-thread-1] - Cannot connnect VM-125<->VM-25
 WARN 07-15 17:55:30,376 ExecutorChannelManagerMap:95 [pool-16-thread-1] - Cannot connnect VM-125<->VM-24
 WARN 07-15 17:55:30,376 ExecutorChannelManagerMap:95 [pool-16-thread-1] - Cannot connnect VM-125<->VM-100
 WARN 07-15 17:55:30,376 ExecutorChannelManagerMap:95 [pool-16-thread-1] - Cannot connnect VM-125<->VM-23
 WARN 07-15 17:55:30,376 ExecutorChannelManagerMap:95 [pool-16-thread-1] - Cannot connnect VM-125<->VM-22
 WARN 07-15 17:55:30,376 ExecutorChannelManagerMap:106 [pool-16-thread-1] - Executor Executor4 already registered
 WARN 07-15 17:55:30,376 ExecutorChannelManagerMap:95 [pool-16-thread-1] - Cannot connnect VM-125<->VM-21
 WARN 07-15 17:55:30,376 ExecutorChannelManagerMap:106 [pool-16-thread-1] - Executor Executor3 already registered
 WARN 07-15 17:55:30,376 ExecutorChannelManagerMap:95 [pool-16-thread-1] - Cannot connnect VM-125<->VM-20
 WARN 07-15 17:55:30,376 ExecutorChannelManagerMap:95 [pool-16-thread-1] - Cannot connnect VM-125<->VM-101
 WARN 07-15 17:55:30,376 ExecutorChannelManagerMap:95 [pool-16-thread-1] - Cannot connnect VM-125<->VM-39
 WARN 07-15 17:55:30,376 ExecutorChannelManagerMap:95 [pool-16-thread-1] - Cannot connnect VM-125<->VM-38
 WARN 07-15 17:55:30,376 ExecutorChannelManagerMap:95 [pool-16-thread-1] - Cannot connnect VM-125<->VM-37
 WARN 07-15 17:55:30,376 ExecutorChannelManagerMap:95 [pool-16-thread-1] - Cannot connnect VM-125<->VM-36
 WARN 07-15 17:55:30,376 ExecutorChannelManagerMap:95 [pool-16-thread-1] - Cannot connnect VM-125<->VM-35
 WARN 07-15 17:55:30,376 ExecutorChannelManagerMap:95 [pool-16-thread-1] - Cannot connnect VM-125<->VM-34
 WARN 07-15 17:55:30,376 ExecutorChannelManagerMap:95 [pool-16-thread-1] - Cannot connnect VM-125<->VM-33
 WARN 07-15 17:55:30,376 ExecutorChannelManagerMap:95 [pool-16-thread-1] - Cannot connnect VM-125<->VM-32
 WARN 07-15 17:55:30,376 ExecutorChannelManagerMap:95 [pool-16-thread-1] - Cannot connnect VM-125<->VM-31
 WARN 07-15 17:55:30,376 ExecutorChannelManagerMap:95 [pool-16-thread-1] - Cannot connnect VM-125<->VM-30
 WARN 07-15 17:55:30,376 ExecutorChannelManagerMap:106 [pool-16-thread-1] - Executor Executor2 already registered
 WARN 07-15 17:55:30,376 ExecutorChannelManagerMap:106 [pool-16-thread-1] - Executor Executor1 already registered
 WARN 07-15 17:55:30,376 ExecutorChannelManagerMap:106 [pool-16-thread-1] - Executor Executor0 already registered
 INFO 07-15 17:55:30,376 Executor$ExecutorMessageReceiver:1433 [pool-16-thread-3] - Executor registered message received VM-89,VM-88,VM-87,VM-86,VM-85,VM-126,VM-84,VM-83,VM-124,VM-82,VM-123,VM-81,VM-80,VM-19,VM-18,VM-17,VM-16,VM-15,VM-14,VM-13,VM-12,VM-133,VM-99,VM-11,VM-132,VM-98,VM-10,VM-131,VM-97,VM-130,VM-96,VM-137,VM-95,VM-136,VM-94,VM-135,VM-93,VM-134,VM-92,VM-91,VM-129,VM-90,VM-128,VM-127,VM-140,VM-69,VM-68,VM-67,VM-144,VM-66,VM-143,VM-65,VM-142,VM-64,VM-141,VM-63,VM-148,VM-62,VM-147,VM-61,VM-146,VM-60,VM-145,VM-139,VM-138,VM-151,VM-150,VM-79,VM-78,VM-155,VM-77,VM-154,VM-76,VM-153,VM-75,VM-152,VM-74,VM-159,VM-73,VM-158,VM-72,VM-157,VM-71,VM-156,VM-70,VM-149,VM-49,VM-48,VM-47,VM-160,VM-46,VM-45,VM-6,VM-44,VM-43,VM-8,VM-42,VM-9,VM-41,VM-40,VM-59,VM-58,VM-57,VM-56,VM-55,VM-54,VM-53,VM-52,VM-51,VM-50,VM-1,VM-2,VM-3,VM-4,VM-5,VM-29,VM-28,VM-27,VM-26,VM-25,VM-24,VM-100,VM-23,VM-22,Executor4,VM-21,Executor3,VM-20,VM-101,VM-39,VM-38,VM-37,VM-36,VM-35,VM-34,VM-33,VM-32,VM-31,VM-30,Executor2,Executor1,Executor0
 WARN 07-15 17:55:30,403 ExecutorChannelManagerMap:95 [pool-16-thread-3] - Cannot connnect VM-125<->VM-89
 WARN 07-15 17:55:30,403 ExecutorChannelManagerMap:95 [pool-16-thread-3] - Cannot connnect VM-125<->VM-88
 WARN 07-15 17:55:30,403 ExecutorChannelManagerMap:95 [pool-16-thread-3] - Cannot connnect VM-125<->VM-87
 WARN 07-15 17:55:30,403 ExecutorChannelManagerMap:95 [pool-16-thread-3] - Cannot connnect VM-125<->VM-86
 WARN 07-15 17:55:30,403 ExecutorChannelManagerMap:95 [pool-16-thread-3] - Cannot connnect VM-125<->VM-85
 WARN 07-15 17:55:30,403 ExecutorChannelManagerMap:95 [pool-16-thread-3] - Cannot connnect VM-125<->VM-126
 WARN 07-15 17:55:30,403 ExecutorChannelManagerMap:95 [pool-16-thread-3] - Cannot connnect VM-125<->VM-84
 WARN 07-15 17:55:30,403 ExecutorChannelManagerMap:95 [pool-16-thread-3] - Cannot connnect VM-125<->VM-83
 WARN 07-15 17:55:30,403 ExecutorChannelManagerMap:95 [pool-16-thread-3] - Cannot connnect VM-125<->VM-124
 WARN 07-15 17:55:30,403 ExecutorChannelManagerMap:95 [pool-16-thread-3] - Cannot connnect VM-125<->VM-82
 WARN 07-15 17:55:30,403 ExecutorChannelManagerMap:95 [pool-16-thread-3] - Cannot connnect VM-125<->VM-123
 WARN 07-15 17:55:30,403 ExecutorChannelManagerMap:95 [pool-16-thread-3] - Cannot connnect VM-125<->VM-81
 WARN 07-15 17:55:30,403 ExecutorChannelManagerMap:95 [pool-16-thread-3] - Cannot connnect VM-125<->VM-80
 WARN 07-15 17:55:30,403 ExecutorChannelManagerMap:95 [pool-16-thread-3] - Cannot connnect VM-125<->VM-19
 WARN 07-15 17:55:30,403 ExecutorChannelManagerMap:95 [pool-16-thread-3] - Cannot connnect VM-125<->VM-18
 WARN 07-15 17:55:30,403 ExecutorChannelManagerMap:95 [pool-16-thread-3] - Cannot connnect VM-125<->VM-17
 WARN 07-15 17:55:30,403 ExecutorChannelManagerMap:95 [pool-16-thread-3] - Cannot connnect VM-125<->VM-16
 WARN 07-15 17:55:30,403 ExecutorChannelManagerMap:95 [pool-16-thread-3] - Cannot connnect VM-125<->VM-15
 WARN 07-15 17:55:30,403 ExecutorChannelManagerMap:95 [pool-16-thread-3] - Cannot connnect VM-125<->VM-14
 WARN 07-15 17:55:30,403 ExecutorChannelManagerMap:95 [pool-16-thread-3] - Cannot connnect VM-125<->VM-13
 WARN 07-15 17:55:30,403 ExecutorChannelManagerMap:95 [pool-16-thread-3] - Cannot connnect VM-125<->VM-12
 WARN 07-15 17:55:30,403 ExecutorChannelManagerMap:95 [pool-16-thread-3] - Cannot connnect VM-125<->VM-133
 WARN 07-15 17:55:30,403 ExecutorChannelManagerMap:95 [pool-16-thread-3] - Cannot connnect VM-125<->VM-99
 WARN 07-15 17:55:30,404 ExecutorChannelManagerMap:95 [pool-16-thread-3] - Cannot connnect VM-125<->VM-11
 WARN 07-15 17:55:30,404 ExecutorChannelManagerMap:95 [pool-16-thread-3] - Cannot connnect VM-125<->VM-132
 WARN 07-15 17:55:30,404 ExecutorChannelManagerMap:95 [pool-16-thread-3] - Cannot connnect VM-125<->VM-98
 WARN 07-15 17:55:30,404 ExecutorChannelManagerMap:95 [pool-16-thread-3] - Cannot connnect VM-125<->VM-10
 WARN 07-15 17:55:30,404 ExecutorChannelManagerMap:95 [pool-16-thread-3] - Cannot connnect VM-125<->VM-131
 WARN 07-15 17:55:30,404 ExecutorChannelManagerMap:95 [pool-16-thread-3] - Cannot connnect VM-125<->VM-97
 WARN 07-15 17:55:30,404 ExecutorChannelManagerMap:95 [pool-16-thread-3] - Cannot connnect VM-125<->VM-130
 WARN 07-15 17:55:30,404 ExecutorChannelManagerMap:95 [pool-16-thread-3] - Cannot connnect VM-125<->VM-96
 WARN 07-15 17:55:30,404 ExecutorChannelManagerMap:95 [pool-16-thread-3] - Cannot connnect VM-125<->VM-137
 WARN 07-15 17:55:30,404 ExecutorChannelManagerMap:95 [pool-16-thread-3] - Cannot connnect VM-125<->VM-95
 WARN 07-15 17:55:30,404 ExecutorChannelManagerMap:95 [pool-16-thread-3] - Cannot connnect VM-125<->VM-136
 WARN 07-15 17:55:30,404 ExecutorChannelManagerMap:95 [pool-16-thread-3] - Cannot connnect VM-125<->VM-94
 WARN 07-15 17:55:30,404 ExecutorChannelManagerMap:95 [pool-16-thread-3] - Cannot connnect VM-125<->VM-135
 WARN 07-15 17:55:30,404 ExecutorChannelManagerMap:95 [pool-16-thread-3] - Cannot connnect VM-125<->VM-93
 WARN 07-15 17:55:30,404 ExecutorChannelManagerMap:95 [pool-16-thread-3] - Cannot connnect VM-125<->VM-134
 WARN 07-15 17:55:30,404 ExecutorChannelManagerMap:95 [pool-16-thread-3] - Cannot connnect VM-125<->VM-92
 WARN 07-15 17:55:30,404 ExecutorChannelManagerMap:95 [pool-16-thread-3] - Cannot connnect VM-125<->VM-91
 WARN 07-15 17:55:30,404 ExecutorChannelManagerMap:95 [pool-16-thread-3] - Cannot connnect VM-125<->VM-129
 WARN 07-15 17:55:30,404 ExecutorChannelManagerMap:95 [pool-16-thread-3] - Cannot connnect VM-125<->VM-90
 WARN 07-15 17:55:30,404 ExecutorChannelManagerMap:95 [pool-16-thread-3] - Cannot connnect VM-125<->VM-128
 WARN 07-15 17:55:30,404 ExecutorChannelManagerMap:95 [pool-16-thread-3] - Cannot connnect VM-125<->VM-127
 WARN 07-15 17:55:30,404 ExecutorChannelManagerMap:95 [pool-16-thread-3] - Cannot connnect VM-125<->VM-140
 WARN 07-15 17:55:30,404 ExecutorChannelManagerMap:95 [pool-16-thread-3] - Cannot connnect VM-125<->VM-69
 WARN 07-15 17:55:30,404 ExecutorChannelManagerMap:95 [pool-16-thread-3] - Cannot connnect VM-125<->VM-68
 WARN 07-15 17:55:30,404 ExecutorChannelManagerMap:95 [pool-16-thread-3] - Cannot connnect VM-125<->VM-67
 WARN 07-15 17:55:30,404 ExecutorChannelManagerMap:95 [pool-16-thread-3] - Cannot connnect VM-125<->VM-144
 WARN 07-15 17:55:30,404 ExecutorChannelManagerMap:95 [pool-16-thread-3] - Cannot connnect VM-125<->VM-66
 WARN 07-15 17:55:30,404 ExecutorChannelManagerMap:95 [pool-16-thread-3] - Cannot connnect VM-125<->VM-143
 WARN 07-15 17:55:30,404 ExecutorChannelManagerMap:95 [pool-16-thread-3] - Cannot connnect VM-125<->VM-65
 WARN 07-15 17:55:30,404 ExecutorChannelManagerMap:95 [pool-16-thread-3] - Cannot connnect VM-125<->VM-142
 WARN 07-15 17:55:30,404 ExecutorChannelManagerMap:95 [pool-16-thread-3] - Cannot connnect VM-125<->VM-64
 WARN 07-15 17:55:30,404 ExecutorChannelManagerMap:95 [pool-16-thread-3] - Cannot connnect VM-125<->VM-141
 WARN 07-15 17:55:30,404 ExecutorChannelManagerMap:95 [pool-16-thread-3] - Cannot connnect VM-125<->VM-63
 WARN 07-15 17:55:30,404 ExecutorChannelManagerMap:95 [pool-16-thread-3] - Cannot connnect VM-125<->VM-148
 WARN 07-15 17:55:30,404 ExecutorChannelManagerMap:95 [pool-16-thread-3] - Cannot connnect VM-125<->VM-62
 WARN 07-15 17:55:30,404 ExecutorChannelManagerMap:95 [pool-16-thread-3] - Cannot connnect VM-125<->VM-147
 WARN 07-15 17:55:30,404 ExecutorChannelManagerMap:95 [pool-16-thread-3] - Cannot connnect VM-125<->VM-61
 WARN 07-15 17:55:30,404 ExecutorChannelManagerMap:95 [pool-16-thread-3] - Cannot connnect VM-125<->VM-146
 WARN 07-15 17:55:30,404 ExecutorChannelManagerMap:95 [pool-16-thread-3] - Cannot connnect VM-125<->VM-60
 WARN 07-15 17:55:30,404 ExecutorChannelManagerMap:95 [pool-16-thread-3] - Cannot connnect VM-125<->VM-145
 WARN 07-15 17:55:30,404 ExecutorChannelManagerMap:95 [pool-16-thread-3] - Cannot connnect VM-125<->VM-139
 WARN 07-15 17:55:30,404 ExecutorChannelManagerMap:95 [pool-16-thread-3] - Cannot connnect VM-125<->VM-138
 WARN 07-15 17:55:30,404 ExecutorChannelManagerMap:95 [pool-16-thread-3] - Cannot connnect VM-125<->VM-151
 WARN 07-15 17:55:30,405 ExecutorChannelManagerMap:95 [pool-16-thread-3] - Cannot connnect VM-125<->VM-150
 WARN 07-15 17:55:30,405 ExecutorChannelManagerMap:95 [pool-16-thread-3] - Cannot connnect VM-125<->VM-79
 WARN 07-15 17:55:30,405 ExecutorChannelManagerMap:95 [pool-16-thread-3] - Cannot connnect VM-125<->VM-78
 WARN 07-15 17:55:30,405 ExecutorChannelManagerMap:95 [pool-16-thread-3] - Cannot connnect VM-125<->VM-155
 WARN 07-15 17:55:30,405 ExecutorChannelManagerMap:95 [pool-16-thread-3] - Cannot connnect VM-125<->VM-77
 WARN 07-15 17:55:30,405 ExecutorChannelManagerMap:95 [pool-16-thread-3] - Cannot connnect VM-125<->VM-154
 WARN 07-15 17:55:30,405 ExecutorChannelManagerMap:95 [pool-16-thread-3] - Cannot connnect VM-125<->VM-76
 WARN 07-15 17:55:30,405 ExecutorChannelManagerMap:95 [pool-16-thread-3] - Cannot connnect VM-125<->VM-153
 WARN 07-15 17:55:30,405 ExecutorChannelManagerMap:95 [pool-16-thread-3] - Cannot connnect VM-125<->VM-75
 WARN 07-15 17:55:30,405 ExecutorChannelManagerMap:95 [pool-16-thread-3] - Cannot connnect VM-125<->VM-152
 WARN 07-15 17:55:30,405 ExecutorChannelManagerMap:95 [pool-16-thread-3] - Cannot connnect VM-125<->VM-74
 WARN 07-15 17:55:30,405 ExecutorChannelManagerMap:95 [pool-16-thread-3] - Cannot connnect VM-125<->VM-159
 WARN 07-15 17:55:30,405 ExecutorChannelManagerMap:95 [pool-16-thread-3] - Cannot connnect VM-125<->VM-73
 WARN 07-15 17:55:30,405 ExecutorChannelManagerMap:95 [pool-16-thread-3] - Cannot connnect VM-125<->VM-158
 WARN 07-15 17:55:30,405 ExecutorChannelManagerMap:95 [pool-16-thread-3] - Cannot connnect VM-125<->VM-72
 WARN 07-15 17:55:30,405 ExecutorChannelManagerMap:95 [pool-16-thread-3] - Cannot connnect VM-125<->VM-157
 WARN 07-15 17:55:30,405 ExecutorChannelManagerMap:95 [pool-16-thread-3] - Cannot connnect VM-125<->VM-71
 WARN 07-15 17:55:30,405 ExecutorChannelManagerMap:95 [pool-16-thread-3] - Cannot connnect VM-125<->VM-156
 WARN 07-15 17:55:30,405 ExecutorChannelManagerMap:95 [pool-16-thread-3] - Cannot connnect VM-125<->VM-70
 WARN 07-15 17:55:30,405 ExecutorChannelManagerMap:95 [pool-16-thread-3] - Cannot connnect VM-125<->VM-149
 WARN 07-15 17:55:30,405 ExecutorChannelManagerMap:95 [pool-16-thread-3] - Cannot connnect VM-125<->VM-49
 WARN 07-15 17:55:30,405 ExecutorChannelManagerMap:95 [pool-16-thread-3] - Cannot connnect VM-125<->VM-48
 WARN 07-15 17:55:30,405 ExecutorChannelManagerMap:95 [pool-16-thread-3] - Cannot connnect VM-125<->VM-47
 WARN 07-15 17:55:30,405 ExecutorChannelManagerMap:95 [pool-16-thread-3] - Cannot connnect VM-125<->VM-160
 WARN 07-15 17:55:30,405 ExecutorChannelManagerMap:95 [pool-16-thread-3] - Cannot connnect VM-125<->VM-46
 WARN 07-15 17:55:30,405 ExecutorChannelManagerMap:95 [pool-16-thread-3] - Cannot connnect VM-125<->VM-45
 WARN 07-15 17:55:30,405 ExecutorChannelManagerMap:95 [pool-16-thread-3] - Cannot connnect VM-125<->VM-6
 WARN 07-15 17:55:30,405 ExecutorChannelManagerMap:95 [pool-16-thread-3] - Cannot connnect VM-125<->VM-44
 WARN 07-15 17:55:30,405 ExecutorChannelManagerMap:95 [pool-16-thread-3] - Cannot connnect VM-125<->VM-43
 WARN 07-15 17:55:30,405 ExecutorChannelManagerMap:95 [pool-16-thread-3] - Cannot connnect VM-125<->VM-8
 WARN 07-15 17:55:30,405 ExecutorChannelManagerMap:95 [pool-16-thread-3] - Cannot connnect VM-125<->VM-42
 WARN 07-15 17:55:30,405 ExecutorChannelManagerMap:95 [pool-16-thread-3] - Cannot connnect VM-125<->VM-9
 WARN 07-15 17:55:30,405 ExecutorChannelManagerMap:95 [pool-16-thread-3] - Cannot connnect VM-125<->VM-41
 WARN 07-15 17:55:30,405 ExecutorChannelManagerMap:95 [pool-16-thread-3] - Cannot connnect VM-125<->VM-40
 WARN 07-15 17:55:30,405 ExecutorChannelManagerMap:95 [pool-16-thread-3] - Cannot connnect VM-125<->VM-59
 WARN 07-15 17:55:30,405 ExecutorChannelManagerMap:95 [pool-16-thread-3] - Cannot connnect VM-125<->VM-58
 WARN 07-15 17:55:30,405 ExecutorChannelManagerMap:95 [pool-16-thread-3] - Cannot connnect VM-125<->VM-57
 WARN 07-15 17:55:30,405 ExecutorChannelManagerMap:95 [pool-16-thread-3] - Cannot connnect VM-125<->VM-56
 WARN 07-15 17:55:30,405 ExecutorChannelManagerMap:95 [pool-16-thread-3] - Cannot connnect VM-125<->VM-55
 WARN 07-15 17:55:30,405 ExecutorChannelManagerMap:95 [pool-16-thread-3] - Cannot connnect VM-125<->VM-54
 WARN 07-15 17:55:30,405 ExecutorChannelManagerMap:95 [pool-16-thread-3] - Cannot connnect VM-125<->VM-53
 WARN 07-15 17:55:30,405 ExecutorChannelManagerMap:95 [pool-16-thread-3] - Cannot connnect VM-125<->VM-52
 WARN 07-15 17:55:30,406 ExecutorChannelManagerMap:95 [pool-16-thread-3] - Cannot connnect VM-125<->VM-51
 WARN 07-15 17:55:30,406 ExecutorChannelManagerMap:95 [pool-16-thread-3] - Cannot connnect VM-125<->VM-50
 WARN 07-15 17:55:30,406 ExecutorChannelManagerMap:95 [pool-16-thread-3] - Cannot connnect VM-125<->VM-1
 WARN 07-15 17:55:30,406 ExecutorChannelManagerMap:95 [pool-16-thread-3] - Cannot connnect VM-125<->VM-2
 WARN 07-15 17:55:30,406 ExecutorChannelManagerMap:95 [pool-16-thread-3] - Cannot connnect VM-125<->VM-3
 WARN 07-15 17:55:30,406 ExecutorChannelManagerMap:95 [pool-16-thread-3] - Cannot connnect VM-125<->VM-4
 WARN 07-15 17:55:30,406 ExecutorChannelManagerMap:95 [pool-16-thread-3] - Cannot connnect VM-125<->VM-5
 WARN 07-15 17:55:30,406 ExecutorChannelManagerMap:95 [pool-16-thread-3] - Cannot connnect VM-125<->VM-29
 WARN 07-15 17:55:30,406 ExecutorChannelManagerMap:95 [pool-16-thread-3] - Cannot connnect VM-125<->VM-28
 WARN 07-15 17:55:30,406 ExecutorChannelManagerMap:95 [pool-16-thread-3] - Cannot connnect VM-125<->VM-27
 WARN 07-15 17:55:30,406 ExecutorChannelManagerMap:95 [pool-16-thread-3] - Cannot connnect VM-125<->VM-26
 WARN 07-15 17:55:30,406 ExecutorChannelManagerMap:95 [pool-16-thread-3] - Cannot connnect VM-125<->VM-25
 WARN 07-15 17:55:30,406 ExecutorChannelManagerMap:95 [pool-16-thread-3] - Cannot connnect VM-125<->VM-24
 WARN 07-15 17:55:30,406 ExecutorChannelManagerMap:95 [pool-16-thread-3] - Cannot connnect VM-125<->VM-100
 WARN 07-15 17:55:30,406 ExecutorChannelManagerMap:95 [pool-16-thread-3] - Cannot connnect VM-125<->VM-23
 WARN 07-15 17:55:30,406 ExecutorChannelManagerMap:95 [pool-16-thread-3] - Cannot connnect VM-125<->VM-22
 WARN 07-15 17:55:30,406 ExecutorChannelManagerMap:106 [pool-16-thread-3] - Executor Executor4 already registered
 WARN 07-15 17:55:30,406 ExecutorChannelManagerMap:95 [pool-16-thread-3] - Cannot connnect VM-125<->VM-21
 WARN 07-15 17:55:30,406 ExecutorChannelManagerMap:106 [pool-16-thread-3] - Executor Executor3 already registered
 WARN 07-15 17:55:30,406 ExecutorChannelManagerMap:95 [pool-16-thread-3] - Cannot connnect VM-125<->VM-20
 WARN 07-15 17:55:30,406 ExecutorChannelManagerMap:95 [pool-16-thread-3] - Cannot connnect VM-125<->VM-101
 WARN 07-15 17:55:30,406 ExecutorChannelManagerMap:95 [pool-16-thread-3] - Cannot connnect VM-125<->VM-39
 WARN 07-15 17:55:30,406 ExecutorChannelManagerMap:95 [pool-16-thread-3] - Cannot connnect VM-125<->VM-38
 WARN 07-15 17:55:30,406 ExecutorChannelManagerMap:95 [pool-16-thread-3] - Cannot connnect VM-125<->VM-37
 WARN 07-15 17:55:30,406 ExecutorChannelManagerMap:95 [pool-16-thread-3] - Cannot connnect VM-125<->VM-36
 WARN 07-15 17:55:30,406 ExecutorChannelManagerMap:95 [pool-16-thread-3] - Cannot connnect VM-125<->VM-35
 WARN 07-15 17:55:30,406 ExecutorChannelManagerMap:95 [pool-16-thread-3] - Cannot connnect VM-125<->VM-34
 WARN 07-15 17:55:30,406 ExecutorChannelManagerMap:95 [pool-16-thread-3] - Cannot connnect VM-125<->VM-33
 WARN 07-15 17:55:30,406 ExecutorChannelManagerMap:95 [pool-16-thread-3] - Cannot connnect VM-125<->VM-32
 WARN 07-15 17:55:30,406 ExecutorChannelManagerMap:95 [pool-16-thread-3] - Cannot connnect VM-125<->VM-31
 WARN 07-15 17:55:30,406 ExecutorChannelManagerMap:95 [pool-16-thread-3] - Cannot connnect VM-125<->VM-30
 WARN 07-15 17:55:30,406 ExecutorChannelManagerMap:106 [pool-16-thread-3] - Executor Executor2 already registered
 WARN 07-15 17:55:30,406 ExecutorChannelManagerMap:106 [pool-16-thread-3] - Executor Executor1 already registered
 WARN 07-15 17:55:30,406 ExecutorChannelManagerMap:106 [pool-16-thread-3] - Executor Executor0 already registered
 INFO 07-15 17:55:30,400 Executor$ExecutorMessageReceiver:1433 [pool-16-thread-5] - Executor registered message received VM-89,VM-122,VM-88,VM-121,VM-87,VM-120,VM-86,VM-85,VM-126,VM-84,VM-83,VM-124,VM-82,VM-123,VM-81,VM-119,VM-80,VM-118,VM-117,VM-116,VM-19,VM-18,VM-17,VM-16,VM-15,VM-14,VM-13,VM-12,VM-133,VM-99,VM-11,VM-132,VM-98,VM-10,VM-131,VM-97,VM-130,VM-96,VM-137,VM-95,VM-136,VM-94,VM-135,VM-93,VM-134,VM-92,VM-91,VM-129,VM-90,VM-128,VM-127,VM-140,VM-69,VM-68,VM-67,VM-144,VM-66,VM-143,VM-65,VM-142,VM-64,VM-141,VM-63,VM-148,VM-62,VM-147,VM-61,VM-146,VM-60,VM-145,VM-139,VM-138,VM-151,VM-150,VM-79,VM-78,VM-155,VM-77,VM-154,VM-76,VM-153,VM-75,VM-152,VM-74,VM-159,VM-73,VM-158,VM-72,VM-157,VM-71,VM-156,VM-70,VM-149,VM-49,VM-48,VM-47,VM-160,VM-46,VM-45,VM-6,VM-44,VM-7,VM-43,VM-8,VM-42,VM-9,VM-41,VM-40,VM-59,VM-58,VM-57,VM-56,VM-55,VM-54,VM-53,VM-52,VM-51,VM-50,VM-1,VM-2,VM-3,VM-4,VM-5,VM-29,VM-28,VM-27,VM-26,VM-25,VM-24,VM-100,VM-23,VM-22,Executor4,VM-21,Executor3,VM-20,VM-101,VM-39,VM-38,VM-37,VM-36,VM-35,VM-34,VM-111,VM-33,VM-110,VM-32,VM-31,VM-30,VM-115,VM-114,VM-113,VM-112,VM-108,VM-107,VM-106,VM-105,Executor2,Executor1,Executor0,VM-109
 INFO 07-15 17:55:30,400 Executor$ExecutorMessageReceiver:1433 [pool-16-thread-4] - Executor registered message received VM-89,VM-122,VM-88,VM-121,VM-87,VM-120,VM-86,VM-85,VM-126,VM-84,VM-83,VM-124,VM-82,VM-123,VM-81,VM-119,VM-80,VM-118,VM-117,VM-116,VM-19,VM-18,VM-17,VM-16,VM-15,VM-14,VM-13,VM-12,VM-133,VM-99,VM-11,VM-132,VM-98,VM-10,VM-131,VM-97,VM-130,VM-96,VM-137,VM-95,VM-136,VM-94,VM-135,VM-93,VM-134,VM-92,VM-91,VM-129,VM-90,VM-128,VM-127,VM-140,VM-69,VM-68,VM-67,VM-144,VM-66,VM-143,VM-65,VM-142,VM-64,VM-141,VM-63,VM-148,VM-62,VM-147,VM-61,VM-146,VM-60,VM-145,VM-139,VM-138,VM-151,VM-150,VM-79,VM-78,VM-155,VM-77,VM-154,VM-76,VM-153,VM-75,VM-152,VM-74,VM-159,VM-73,VM-158,VM-72,VM-157,VM-71,VM-156,VM-70,VM-149,VM-49,VM-48,VM-47,VM-160,VM-46,VM-45,VM-6,VM-44,VM-7,VM-43,VM-8,VM-42,VM-9,VM-41,VM-40,VM-59,VM-58,VM-57,VM-56,VM-55,VM-54,VM-53,VM-52,VM-51,VM-50,VM-1,VM-2,VM-3,VM-4,VM-5,VM-29,VM-28,VM-27,VM-26,VM-25,VM-24,VM-100,VM-23,VM-22,Executor4,VM-21,Executor3,VM-20,VM-103,VM-101,VM-39,VM-38,VM-37,VM-36,VM-35,VM-34,VM-111,VM-33,VM-110,VM-32,VM-31,VM-30,VM-115,VM-114,VM-113,VM-112,VM-108,VM-107,VM-106,VM-105,Executor2,Executor1,Executor0,VM-109
 WARN 07-15 17:55:30,427 ExecutorChannelManagerMap:95 [pool-16-thread-4] - Cannot connnect VM-125<->VM-89
 WARN 07-15 17:55:30,427 ExecutorChannelManagerMap:95 [pool-16-thread-4] - Cannot connnect VM-125<->VM-122
 WARN 07-15 17:55:30,427 ExecutorChannelManagerMap:95 [pool-16-thread-4] - Cannot connnect VM-125<->VM-88
 WARN 07-15 17:55:30,427 ExecutorChannelManagerMap:95 [pool-16-thread-4] - Cannot connnect VM-125<->VM-121
 WARN 07-15 17:55:30,427 ExecutorChannelManagerMap:95 [pool-16-thread-4] - Cannot connnect VM-125<->VM-87
 WARN 07-15 17:55:30,427 ExecutorChannelManagerMap:95 [pool-16-thread-4] - Cannot connnect VM-125<->VM-120
 WARN 07-15 17:55:30,427 ExecutorChannelManagerMap:95 [pool-16-thread-4] - Cannot connnect VM-125<->VM-86
 WARN 07-15 17:55:30,427 ExecutorChannelManagerMap:95 [pool-16-thread-4] - Cannot connnect VM-125<->VM-85
 WARN 07-15 17:55:30,427 ExecutorChannelManagerMap:95 [pool-16-thread-4] - Cannot connnect VM-125<->VM-126
 WARN 07-15 17:55:30,427 ExecutorChannelManagerMap:95 [pool-16-thread-4] - Cannot connnect VM-125<->VM-84
 WARN 07-15 17:55:30,427 ExecutorChannelManagerMap:95 [pool-16-thread-4] - Cannot connnect VM-125<->VM-83
 WARN 07-15 17:55:30,427 ExecutorChannelManagerMap:95 [pool-16-thread-4] - Cannot connnect VM-125<->VM-124
 WARN 07-15 17:55:30,427 ExecutorChannelManagerMap:95 [pool-16-thread-4] - Cannot connnect VM-125<->VM-82
 WARN 07-15 17:55:30,427 ExecutorChannelManagerMap:95 [pool-16-thread-4] - Cannot connnect VM-125<->VM-123
 WARN 07-15 17:55:30,427 ExecutorChannelManagerMap:95 [pool-16-thread-4] - Cannot connnect VM-125<->VM-81
 WARN 07-15 17:55:30,427 ExecutorChannelManagerMap:95 [pool-16-thread-4] - Cannot connnect VM-125<->VM-119
 WARN 07-15 17:55:30,427 ExecutorChannelManagerMap:95 [pool-16-thread-4] - Cannot connnect VM-125<->VM-80
 WARN 07-15 17:55:30,427 ExecutorChannelManagerMap:95 [pool-16-thread-4] - Cannot connnect VM-125<->VM-118
 WARN 07-15 17:55:30,427 ExecutorChannelManagerMap:95 [pool-16-thread-4] - Cannot connnect VM-125<->VM-117
 WARN 07-15 17:55:30,427 ExecutorChannelManagerMap:95 [pool-16-thread-4] - Cannot connnect VM-125<->VM-116
 WARN 07-15 17:55:30,428 ExecutorChannelManagerMap:95 [pool-16-thread-4] - Cannot connnect VM-125<->VM-19
 WARN 07-15 17:55:30,428 ExecutorChannelManagerMap:95 [pool-16-thread-4] - Cannot connnect VM-125<->VM-18
 WARN 07-15 17:55:30,428 ExecutorChannelManagerMap:95 [pool-16-thread-4] - Cannot connnect VM-125<->VM-17
 WARN 07-15 17:55:30,428 ExecutorChannelManagerMap:95 [pool-16-thread-4] - Cannot connnect VM-125<->VM-16
 WARN 07-15 17:55:30,428 ExecutorChannelManagerMap:95 [pool-16-thread-4] - Cannot connnect VM-125<->VM-15
 WARN 07-15 17:55:30,428 ExecutorChannelManagerMap:95 [pool-16-thread-4] - Cannot connnect VM-125<->VM-14
 WARN 07-15 17:55:30,428 ExecutorChannelManagerMap:95 [pool-16-thread-4] - Cannot connnect VM-125<->VM-13
 WARN 07-15 17:55:30,428 ExecutorChannelManagerMap:95 [pool-16-thread-4] - Cannot connnect VM-125<->VM-12
 WARN 07-15 17:55:30,428 ExecutorChannelManagerMap:95 [pool-16-thread-4] - Cannot connnect VM-125<->VM-133
 WARN 07-15 17:55:30,428 ExecutorChannelManagerMap:95 [pool-16-thread-4] - Cannot connnect VM-125<->VM-99
 WARN 07-15 17:55:30,428 ExecutorChannelManagerMap:95 [pool-16-thread-4] - Cannot connnect VM-125<->VM-11
 WARN 07-15 17:55:30,428 ExecutorChannelManagerMap:95 [pool-16-thread-4] - Cannot connnect VM-125<->VM-132
 WARN 07-15 17:55:30,428 ExecutorChannelManagerMap:95 [pool-16-thread-4] - Cannot connnect VM-125<->VM-98
 WARN 07-15 17:55:30,428 ExecutorChannelManagerMap:95 [pool-16-thread-4] - Cannot connnect VM-125<->VM-10
 WARN 07-15 17:55:30,428 ExecutorChannelManagerMap:95 [pool-16-thread-4] - Cannot connnect VM-125<->VM-131
 WARN 07-15 17:55:30,428 ExecutorChannelManagerMap:95 [pool-16-thread-4] - Cannot connnect VM-125<->VM-97
 WARN 07-15 17:55:30,428 ExecutorChannelManagerMap:95 [pool-16-thread-4] - Cannot connnect VM-125<->VM-130
 WARN 07-15 17:55:30,428 ExecutorChannelManagerMap:95 [pool-16-thread-4] - Cannot connnect VM-125<->VM-96
 WARN 07-15 17:55:30,428 ExecutorChannelManagerMap:95 [pool-16-thread-4] - Cannot connnect VM-125<->VM-137
 WARN 07-15 17:55:30,428 ExecutorChannelManagerMap:95 [pool-16-thread-4] - Cannot connnect VM-125<->VM-95
 WARN 07-15 17:55:30,428 ExecutorChannelManagerMap:95 [pool-16-thread-4] - Cannot connnect VM-125<->VM-136
 WARN 07-15 17:55:30,428 ExecutorChannelManagerMap:95 [pool-16-thread-4] - Cannot connnect VM-125<->VM-94
 WARN 07-15 17:55:30,428 ExecutorChannelManagerMap:95 [pool-16-thread-4] - Cannot connnect VM-125<->VM-135
 WARN 07-15 17:55:30,428 ExecutorChannelManagerMap:95 [pool-16-thread-4] - Cannot connnect VM-125<->VM-93
 WARN 07-15 17:55:30,428 ExecutorChannelManagerMap:95 [pool-16-thread-4] - Cannot connnect VM-125<->VM-134
 WARN 07-15 17:55:30,428 ExecutorChannelManagerMap:95 [pool-16-thread-4] - Cannot connnect VM-125<->VM-92
 WARN 07-15 17:55:30,428 ExecutorChannelManagerMap:95 [pool-16-thread-4] - Cannot connnect VM-125<->VM-91
 WARN 07-15 17:55:30,428 ExecutorChannelManagerMap:95 [pool-16-thread-4] - Cannot connnect VM-125<->VM-129
 WARN 07-15 17:55:30,428 ExecutorChannelManagerMap:95 [pool-16-thread-4] - Cannot connnect VM-125<->VM-90
 WARN 07-15 17:55:30,428 ExecutorChannelManagerMap:95 [pool-16-thread-4] - Cannot connnect VM-125<->VM-128
 WARN 07-15 17:55:30,428 ExecutorChannelManagerMap:95 [pool-16-thread-4] - Cannot connnect VM-125<->VM-127
 WARN 07-15 17:55:30,428 ExecutorChannelManagerMap:95 [pool-16-thread-4] - Cannot connnect VM-125<->VM-140
 WARN 07-15 17:55:30,428 ExecutorChannelManagerMap:95 [pool-16-thread-4] - Cannot connnect VM-125<->VM-69
 WARN 07-15 17:55:30,428 ExecutorChannelManagerMap:95 [pool-16-thread-4] - Cannot connnect VM-125<->VM-68
 WARN 07-15 17:55:30,428 ExecutorChannelManagerMap:95 [pool-16-thread-4] - Cannot connnect VM-125<->VM-67
 WARN 07-15 17:55:30,428 ExecutorChannelManagerMap:95 [pool-16-thread-4] - Cannot connnect VM-125<->VM-144
 WARN 07-15 17:55:30,428 ExecutorChannelManagerMap:95 [pool-16-thread-4] - Cannot connnect VM-125<->VM-66
 WARN 07-15 17:55:30,428 ExecutorChannelManagerMap:95 [pool-16-thread-4] - Cannot connnect VM-125<->VM-143
 WARN 07-15 17:55:30,428 ExecutorChannelManagerMap:95 [pool-16-thread-4] - Cannot connnect VM-125<->VM-65
 WARN 07-15 17:55:30,428 ExecutorChannelManagerMap:95 [pool-16-thread-4] - Cannot connnect VM-125<->VM-142
 WARN 07-15 17:55:30,428 ExecutorChannelManagerMap:95 [pool-16-thread-4] - Cannot connnect VM-125<->VM-64
 WARN 07-15 17:55:30,428 ExecutorChannelManagerMap:95 [pool-16-thread-4] - Cannot connnect VM-125<->VM-141
 WARN 07-15 17:55:30,428 ExecutorChannelManagerMap:95 [pool-16-thread-4] - Cannot connnect VM-125<->VM-63
 WARN 07-15 17:55:30,428 ExecutorChannelManagerMap:95 [pool-16-thread-4] - Cannot connnect VM-125<->VM-148
 WARN 07-15 17:55:30,428 ExecutorChannelManagerMap:95 [pool-16-thread-4] - Cannot connnect VM-125<->VM-62
 WARN 07-15 17:55:30,428 ExecutorChannelManagerMap:95 [pool-16-thread-4] - Cannot connnect VM-125<->VM-147
 WARN 07-15 17:55:30,428 ExecutorChannelManagerMap:95 [pool-16-thread-4] - Cannot connnect VM-125<->VM-61
 WARN 07-15 17:55:30,429 ExecutorChannelManagerMap:95 [pool-16-thread-4] - Cannot connnect VM-125<->VM-146
 WARN 07-15 17:55:30,429 ExecutorChannelManagerMap:95 [pool-16-thread-4] - Cannot connnect VM-125<->VM-60
 WARN 07-15 17:55:30,429 ExecutorChannelManagerMap:95 [pool-16-thread-4] - Cannot connnect VM-125<->VM-145
 WARN 07-15 17:55:30,429 ExecutorChannelManagerMap:95 [pool-16-thread-4] - Cannot connnect VM-125<->VM-139
 WARN 07-15 17:55:30,429 ExecutorChannelManagerMap:95 [pool-16-thread-4] - Cannot connnect VM-125<->VM-138
 WARN 07-15 17:55:30,429 ExecutorChannelManagerMap:95 [pool-16-thread-4] - Cannot connnect VM-125<->VM-151
 WARN 07-15 17:55:30,429 ExecutorChannelManagerMap:95 [pool-16-thread-4] - Cannot connnect VM-125<->VM-150
 WARN 07-15 17:55:30,429 ExecutorChannelManagerMap:95 [pool-16-thread-4] - Cannot connnect VM-125<->VM-79
 WARN 07-15 17:55:30,429 ExecutorChannelManagerMap:95 [pool-16-thread-4] - Cannot connnect VM-125<->VM-78
 WARN 07-15 17:55:30,429 ExecutorChannelManagerMap:95 [pool-16-thread-4] - Cannot connnect VM-125<->VM-155
 WARN 07-15 17:55:30,429 ExecutorChannelManagerMap:95 [pool-16-thread-4] - Cannot connnect VM-125<->VM-77
 WARN 07-15 17:55:30,429 ExecutorChannelManagerMap:95 [pool-16-thread-4] - Cannot connnect VM-125<->VM-154
 WARN 07-15 17:55:30,429 ExecutorChannelManagerMap:95 [pool-16-thread-4] - Cannot connnect VM-125<->VM-76
 WARN 07-15 17:55:30,429 ExecutorChannelManagerMap:95 [pool-16-thread-4] - Cannot connnect VM-125<->VM-153
 WARN 07-15 17:55:30,429 ExecutorChannelManagerMap:95 [pool-16-thread-4] - Cannot connnect VM-125<->VM-75
 WARN 07-15 17:55:30,429 ExecutorChannelManagerMap:95 [pool-16-thread-4] - Cannot connnect VM-125<->VM-152
 WARN 07-15 17:55:30,429 ExecutorChannelManagerMap:95 [pool-16-thread-4] - Cannot connnect VM-125<->VM-74
 WARN 07-15 17:55:30,429 ExecutorChannelManagerMap:95 [pool-16-thread-4] - Cannot connnect VM-125<->VM-159
 WARN 07-15 17:55:30,429 ExecutorChannelManagerMap:95 [pool-16-thread-4] - Cannot connnect VM-125<->VM-73
 WARN 07-15 17:55:30,429 ExecutorChannelManagerMap:95 [pool-16-thread-4] - Cannot connnect VM-125<->VM-158
 WARN 07-15 17:55:30,429 ExecutorChannelManagerMap:95 [pool-16-thread-4] - Cannot connnect VM-125<->VM-72
 WARN 07-15 17:55:30,429 ExecutorChannelManagerMap:95 [pool-16-thread-4] - Cannot connnect VM-125<->VM-157
 WARN 07-15 17:55:30,429 ExecutorChannelManagerMap:95 [pool-16-thread-4] - Cannot connnect VM-125<->VM-71
 WARN 07-15 17:55:30,429 ExecutorChannelManagerMap:95 [pool-16-thread-4] - Cannot connnect VM-125<->VM-156
 WARN 07-15 17:55:30,429 ExecutorChannelManagerMap:95 [pool-16-thread-4] - Cannot connnect VM-125<->VM-70
 WARN 07-15 17:55:30,429 ExecutorChannelManagerMap:95 [pool-16-thread-4] - Cannot connnect VM-125<->VM-149
 WARN 07-15 17:55:30,429 ExecutorChannelManagerMap:95 [pool-16-thread-4] - Cannot connnect VM-125<->VM-49
 WARN 07-15 17:55:30,429 ExecutorChannelManagerMap:95 [pool-16-thread-4] - Cannot connnect VM-125<->VM-48
 WARN 07-15 17:55:30,429 ExecutorChannelManagerMap:95 [pool-16-thread-4] - Cannot connnect VM-125<->VM-47
 WARN 07-15 17:55:30,429 ExecutorChannelManagerMap:95 [pool-16-thread-4] - Cannot connnect VM-125<->VM-160
 WARN 07-15 17:55:30,429 ExecutorChannelManagerMap:95 [pool-16-thread-4] - Cannot connnect VM-125<->VM-46
 WARN 07-15 17:55:30,429 ExecutorChannelManagerMap:95 [pool-16-thread-4] - Cannot connnect VM-125<->VM-45
 WARN 07-15 17:55:30,429 ExecutorChannelManagerMap:95 [pool-16-thread-4] - Cannot connnect VM-125<->VM-6
 WARN 07-15 17:55:30,429 ExecutorChannelManagerMap:95 [pool-16-thread-4] - Cannot connnect VM-125<->VM-44
 WARN 07-15 17:55:30,429 ExecutorChannelManagerMap:95 [pool-16-thread-4] - Cannot connnect VM-125<->VM-7
 WARN 07-15 17:55:30,429 ExecutorChannelManagerMap:95 [pool-16-thread-4] - Cannot connnect VM-125<->VM-43
 WARN 07-15 17:55:30,429 ExecutorChannelManagerMap:95 [pool-16-thread-4] - Cannot connnect VM-125<->VM-8
 WARN 07-15 17:55:30,429 ExecutorChannelManagerMap:95 [pool-16-thread-4] - Cannot connnect VM-125<->VM-42
 WARN 07-15 17:55:30,429 ExecutorChannelManagerMap:95 [pool-16-thread-4] - Cannot connnect VM-125<->VM-9
 WARN 07-15 17:55:30,429 ExecutorChannelManagerMap:95 [pool-16-thread-4] - Cannot connnect VM-125<->VM-41
 WARN 07-15 17:55:30,429 ExecutorChannelManagerMap:95 [pool-16-thread-4] - Cannot connnect VM-125<->VM-40
 WARN 07-15 17:55:30,429 ExecutorChannelManagerMap:95 [pool-16-thread-4] - Cannot connnect VM-125<->VM-59
 WARN 07-15 17:55:30,429 ExecutorChannelManagerMap:95 [pool-16-thread-4] - Cannot connnect VM-125<->VM-58
 WARN 07-15 17:55:30,429 ExecutorChannelManagerMap:95 [pool-16-thread-4] - Cannot connnect VM-125<->VM-57
 WARN 07-15 17:55:30,430 ExecutorChannelManagerMap:95 [pool-16-thread-4] - Cannot connnect VM-125<->VM-56
 WARN 07-15 17:55:30,430 ExecutorChannelManagerMap:95 [pool-16-thread-4] - Cannot connnect VM-125<->VM-55
 WARN 07-15 17:55:30,430 ExecutorChannelManagerMap:95 [pool-16-thread-4] - Cannot connnect VM-125<->VM-54
 WARN 07-15 17:55:30,430 ExecutorChannelManagerMap:95 [pool-16-thread-4] - Cannot connnect VM-125<->VM-53
 WARN 07-15 17:55:30,430 ExecutorChannelManagerMap:95 [pool-16-thread-4] - Cannot connnect VM-125<->VM-52
 WARN 07-15 17:55:30,430 ExecutorChannelManagerMap:95 [pool-16-thread-4] - Cannot connnect VM-125<->VM-51
 WARN 07-15 17:55:30,430 ExecutorChannelManagerMap:95 [pool-16-thread-4] - Cannot connnect VM-125<->VM-50
 WARN 07-15 17:55:30,430 ExecutorChannelManagerMap:95 [pool-16-thread-4] - Cannot connnect VM-125<->VM-1
 WARN 07-15 17:55:30,430 ExecutorChannelManagerMap:95 [pool-16-thread-4] - Cannot connnect VM-125<->VM-2
 WARN 07-15 17:55:30,430 ExecutorChannelManagerMap:95 [pool-16-thread-4] - Cannot connnect VM-125<->VM-3
 WARN 07-15 17:55:30,430 ExecutorChannelManagerMap:95 [pool-16-thread-4] - Cannot connnect VM-125<->VM-4
 WARN 07-15 17:55:30,430 ExecutorChannelManagerMap:95 [pool-16-thread-4] - Cannot connnect VM-125<->VM-5
 WARN 07-15 17:55:30,430 ExecutorChannelManagerMap:95 [pool-16-thread-4] - Cannot connnect VM-125<->VM-29
 WARN 07-15 17:55:30,430 ExecutorChannelManagerMap:95 [pool-16-thread-4] - Cannot connnect VM-125<->VM-28
 WARN 07-15 17:55:30,430 ExecutorChannelManagerMap:95 [pool-16-thread-4] - Cannot connnect VM-125<->VM-27
 WARN 07-15 17:55:30,430 ExecutorChannelManagerMap:95 [pool-16-thread-4] - Cannot connnect VM-125<->VM-26
 WARN 07-15 17:55:30,430 ExecutorChannelManagerMap:95 [pool-16-thread-4] - Cannot connnect VM-125<->VM-25
 WARN 07-15 17:55:30,430 ExecutorChannelManagerMap:95 [pool-16-thread-4] - Cannot connnect VM-125<->VM-24
 WARN 07-15 17:55:30,430 ExecutorChannelManagerMap:95 [pool-16-thread-4] - Cannot connnect VM-125<->VM-100
 WARN 07-15 17:55:30,430 ExecutorChannelManagerMap:95 [pool-16-thread-4] - Cannot connnect VM-125<->VM-23
 WARN 07-15 17:55:30,430 ExecutorChannelManagerMap:95 [pool-16-thread-4] - Cannot connnect VM-125<->VM-22
 WARN 07-15 17:55:30,430 ExecutorChannelManagerMap:106 [pool-16-thread-4] - Executor Executor4 already registered
 WARN 07-15 17:55:30,430 ExecutorChannelManagerMap:95 [pool-16-thread-4] - Cannot connnect VM-125<->VM-21
 WARN 07-15 17:55:30,430 ExecutorChannelManagerMap:106 [pool-16-thread-4] - Executor Executor3 already registered
 WARN 07-15 17:55:30,430 ExecutorChannelManagerMap:95 [pool-16-thread-4] - Cannot connnect VM-125<->VM-20
 WARN 07-15 17:55:30,430 ExecutorChannelManagerMap:95 [pool-16-thread-4] - Cannot connnect VM-125<->VM-103
 WARN 07-15 17:55:30,430 ExecutorChannelManagerMap:95 [pool-16-thread-4] - Cannot connnect VM-125<->VM-101
 WARN 07-15 17:55:30,430 ExecutorChannelManagerMap:95 [pool-16-thread-4] - Cannot connnect VM-125<->VM-39
 WARN 07-15 17:55:30,430 ExecutorChannelManagerMap:95 [pool-16-thread-4] - Cannot connnect VM-125<->VM-38
 WARN 07-15 17:55:30,430 ExecutorChannelManagerMap:95 [pool-16-thread-4] - Cannot connnect VM-125<->VM-37
 WARN 07-15 17:55:30,430 ExecutorChannelManagerMap:95 [pool-16-thread-4] - Cannot connnect VM-125<->VM-36
 WARN 07-15 17:55:30,430 ExecutorChannelManagerMap:95 [pool-16-thread-4] - Cannot connnect VM-125<->VM-35
 WARN 07-15 17:55:30,430 ExecutorChannelManagerMap:95 [pool-16-thread-4] - Cannot connnect VM-125<->VM-34
 WARN 07-15 17:55:30,430 ExecutorChannelManagerMap:95 [pool-16-thread-4] - Cannot connnect VM-125<->VM-111
 WARN 07-15 17:55:30,430 ExecutorChannelManagerMap:95 [pool-16-thread-4] - Cannot connnect VM-125<->VM-33
 WARN 07-15 17:55:30,430 ExecutorChannelManagerMap:95 [pool-16-thread-4] - Cannot connnect VM-125<->VM-110
 WARN 07-15 17:55:30,430 ExecutorChannelManagerMap:95 [pool-16-thread-4] - Cannot connnect VM-125<->VM-32
 WARN 07-15 17:55:30,430 ExecutorChannelManagerMap:95 [pool-16-thread-4] - Cannot connnect VM-125<->VM-31
 WARN 07-15 17:55:30,430 ExecutorChannelManagerMap:95 [pool-16-thread-4] - Cannot connnect VM-125<->VM-30
 WARN 07-15 17:55:30,430 ExecutorChannelManagerMap:95 [pool-16-thread-4] - Cannot connnect VM-125<->VM-115
 WARN 07-15 17:55:30,430 ExecutorChannelManagerMap:95 [pool-16-thread-4] - Cannot connnect VM-125<->VM-114
 WARN 07-15 17:55:30,430 ExecutorChannelManagerMap:95 [pool-16-thread-4] - Cannot connnect VM-125<->VM-113
 WARN 07-15 17:55:30,430 ExecutorChannelManagerMap:95 [pool-16-thread-4] - Cannot connnect VM-125<->VM-112
 WARN 07-15 17:55:30,430 ExecutorChannelManagerMap:95 [pool-16-thread-4] - Cannot connnect VM-125<->VM-108
 WARN 07-15 17:55:30,430 ExecutorChannelManagerMap:95 [pool-16-thread-4] - Cannot connnect VM-125<->VM-107
 WARN 07-15 17:55:30,431 ExecutorChannelManagerMap:95 [pool-16-thread-4] - Cannot connnect VM-125<->VM-106
 WARN 07-15 17:55:30,431 ExecutorChannelManagerMap:95 [pool-16-thread-4] - Cannot connnect VM-125<->VM-105
 WARN 07-15 17:55:30,431 ExecutorChannelManagerMap:106 [pool-16-thread-4] - Executor Executor2 already registered
 WARN 07-15 17:55:30,431 ExecutorChannelManagerMap:106 [pool-16-thread-4] - Executor Executor1 already registered
 WARN 07-15 17:55:30,431 ExecutorChannelManagerMap:106 [pool-16-thread-4] - Executor Executor0 already registered
 WARN 07-15 17:55:30,431 ExecutorChannelManagerMap:95 [pool-16-thread-4] - Cannot connnect VM-125<->VM-109
 INFO 07-15 17:55:30,387 Executor$ExecutorMessageReceiver:1433 [pool-16-thread-1] - Executor registered message received VM-89,VM-122,VM-88,VM-121,VM-87,VM-120,VM-86,VM-85,VM-126,VM-84,VM-83,VM-124,VM-82,VM-123,VM-81,VM-119,VM-80,VM-118,VM-117,VM-116,VM-19,VM-18,VM-17,VM-16,VM-15,VM-14,VM-13,VM-12,VM-133,VM-99,VM-11,VM-132,VM-98,VM-10,VM-131,VM-97,VM-130,VM-96,VM-137,VM-95,VM-136,VM-94,VM-135,VM-93,VM-134,VM-92,VM-91,VM-129,VM-90,VM-128,VM-127,VM-140,VM-69,VM-68,VM-67,VM-144,VM-66,VM-143,VM-65,VM-142,VM-64,VM-141,VM-63,VM-148,VM-62,VM-147,VM-61,VM-146,VM-60,VM-145,VM-139,VM-138,VM-151,VM-150,VM-79,VM-78,VM-155,VM-77,VM-154,VM-76,VM-153,VM-75,VM-152,VM-74,VM-159,VM-73,VM-158,VM-72,VM-157,VM-71,VM-156,VM-70,VM-149,VM-49,VM-48,VM-47,VM-160,VM-46,VM-45,VM-6,VM-44,VM-7,VM-43,VM-8,VM-42,VM-9,VM-41,VM-40,VM-59,VM-58,VM-57,VM-56,VM-55,VM-54,VM-53,VM-52,VM-51,VM-50,VM-1,VM-2,VM-3,VM-4,VM-5,VM-29,VM-28,VM-27,VM-26,VM-25,VM-24,VM-100,VM-23,VM-22,Executor4,VM-21,Executor3,VM-20,VM-104,VM-103,VM-102,VM-101,VM-39,VM-38,VM-37,VM-36,VM-35,VM-34,VM-111,VM-33,VM-110,VM-32,VM-31,VM-30,VM-115,VM-114,VM-113,VM-112,VM-108,VM-107,VM-106,VM-105,Executor2,Executor1,Executor0,VM-109
 WARN 07-15 17:55:30,432 ExecutorChannelManagerMap:95 [pool-16-thread-1] - Cannot connnect VM-125<->VM-89
 WARN 07-15 17:55:30,432 ExecutorChannelManagerMap:95 [pool-16-thread-1] - Cannot connnect VM-125<->VM-122
 WARN 07-15 17:55:30,432 ExecutorChannelManagerMap:95 [pool-16-thread-1] - Cannot connnect VM-125<->VM-88
 WARN 07-15 17:55:30,432 ExecutorChannelManagerMap:95 [pool-16-thread-1] - Cannot connnect VM-125<->VM-121
 WARN 07-15 17:55:30,432 ExecutorChannelManagerMap:95 [pool-16-thread-1] - Cannot connnect VM-125<->VM-87
 WARN 07-15 17:55:30,432 ExecutorChannelManagerMap:95 [pool-16-thread-1] - Cannot connnect VM-125<->VM-120
 WARN 07-15 17:55:30,432 ExecutorChannelManagerMap:95 [pool-16-thread-1] - Cannot connnect VM-125<->VM-86
 WARN 07-15 17:55:30,432 ExecutorChannelManagerMap:95 [pool-16-thread-1] - Cannot connnect VM-125<->VM-85
 WARN 07-15 17:55:30,432 ExecutorChannelManagerMap:95 [pool-16-thread-1] - Cannot connnect VM-125<->VM-126
 WARN 07-15 17:55:30,432 ExecutorChannelManagerMap:95 [pool-16-thread-1] - Cannot connnect VM-125<->VM-84
 WARN 07-15 17:55:30,432 ExecutorChannelManagerMap:95 [pool-16-thread-1] - Cannot connnect VM-125<->VM-83
 WARN 07-15 17:55:30,432 ExecutorChannelManagerMap:95 [pool-16-thread-1] - Cannot connnect VM-125<->VM-124
 WARN 07-15 17:55:30,432 ExecutorChannelManagerMap:95 [pool-16-thread-1] - Cannot connnect VM-125<->VM-82
 WARN 07-15 17:55:30,432 ExecutorChannelManagerMap:95 [pool-16-thread-1] - Cannot connnect VM-125<->VM-123
 WARN 07-15 17:55:30,432 ExecutorChannelManagerMap:95 [pool-16-thread-1] - Cannot connnect VM-125<->VM-81
 WARN 07-15 17:55:30,432 ExecutorChannelManagerMap:95 [pool-16-thread-1] - Cannot connnect VM-125<->VM-119
 WARN 07-15 17:55:30,432 ExecutorChannelManagerMap:95 [pool-16-thread-1] - Cannot connnect VM-125<->VM-80
 WARN 07-15 17:55:30,432 ExecutorChannelManagerMap:95 [pool-16-thread-1] - Cannot connnect VM-125<->VM-118
 WARN 07-15 17:55:30,432 ExecutorChannelManagerMap:95 [pool-16-thread-1] - Cannot connnect VM-125<->VM-117
 WARN 07-15 17:55:30,432 ExecutorChannelManagerMap:95 [pool-16-thread-1] - Cannot connnect VM-125<->VM-116
 WARN 07-15 17:55:30,432 ExecutorChannelManagerMap:95 [pool-16-thread-1] - Cannot connnect VM-125<->VM-19
 WARN 07-15 17:55:30,432 ExecutorChannelManagerMap:95 [pool-16-thread-1] - Cannot connnect VM-125<->VM-18
 WARN 07-15 17:55:30,432 ExecutorChannelManagerMap:95 [pool-16-thread-1] - Cannot connnect VM-125<->VM-17
 WARN 07-15 17:55:30,432 ExecutorChannelManagerMap:95 [pool-16-thread-1] - Cannot connnect VM-125<->VM-16
 WARN 07-15 17:55:30,432 ExecutorChannelManagerMap:95 [pool-16-thread-1] - Cannot connnect VM-125<->VM-15
 WARN 07-15 17:55:30,432 ExecutorChannelManagerMap:95 [pool-16-thread-1] - Cannot connnect VM-125<->VM-14
 WARN 07-15 17:55:30,432 ExecutorChannelManagerMap:95 [pool-16-thread-1] - Cannot connnect VM-125<->VM-13
 WARN 07-15 17:55:30,432 ExecutorChannelManagerMap:95 [pool-16-thread-1] - Cannot connnect VM-125<->VM-12
 WARN 07-15 17:55:30,432 ExecutorChannelManagerMap:95 [pool-16-thread-1] - Cannot connnect VM-125<->VM-133
 WARN 07-15 17:55:30,432 ExecutorChannelManagerMap:95 [pool-16-thread-1] - Cannot connnect VM-125<->VM-99
 WARN 07-15 17:55:30,432 ExecutorChannelManagerMap:95 [pool-16-thread-1] - Cannot connnect VM-125<->VM-11
 WARN 07-15 17:55:30,433 ExecutorChannelManagerMap:95 [pool-16-thread-1] - Cannot connnect VM-125<->VM-132
 WARN 07-15 17:55:30,433 ExecutorChannelManagerMap:95 [pool-16-thread-1] - Cannot connnect VM-125<->VM-98
 WARN 07-15 17:55:30,433 ExecutorChannelManagerMap:95 [pool-16-thread-1] - Cannot connnect VM-125<->VM-10
 WARN 07-15 17:55:30,433 ExecutorChannelManagerMap:95 [pool-16-thread-1] - Cannot connnect VM-125<->VM-131
 WARN 07-15 17:55:30,433 ExecutorChannelManagerMap:95 [pool-16-thread-1] - Cannot connnect VM-125<->VM-97
 WARN 07-15 17:55:30,433 ExecutorChannelManagerMap:95 [pool-16-thread-1] - Cannot connnect VM-125<->VM-130
 WARN 07-15 17:55:30,433 ExecutorChannelManagerMap:95 [pool-16-thread-1] - Cannot connnect VM-125<->VM-96
 WARN 07-15 17:55:30,433 ExecutorChannelManagerMap:95 [pool-16-thread-1] - Cannot connnect VM-125<->VM-137
 WARN 07-15 17:55:30,433 ExecutorChannelManagerMap:95 [pool-16-thread-1] - Cannot connnect VM-125<->VM-95
 WARN 07-15 17:55:30,433 ExecutorChannelManagerMap:95 [pool-16-thread-1] - Cannot connnect VM-125<->VM-136
 WARN 07-15 17:55:30,433 ExecutorChannelManagerMap:95 [pool-16-thread-1] - Cannot connnect VM-125<->VM-94
 WARN 07-15 17:55:30,433 ExecutorChannelManagerMap:95 [pool-16-thread-1] - Cannot connnect VM-125<->VM-135
 WARN 07-15 17:55:30,433 ExecutorChannelManagerMap:95 [pool-16-thread-1] - Cannot connnect VM-125<->VM-93
 WARN 07-15 17:55:30,433 ExecutorChannelManagerMap:95 [pool-16-thread-1] - Cannot connnect VM-125<->VM-134
 WARN 07-15 17:55:30,433 ExecutorChannelManagerMap:95 [pool-16-thread-1] - Cannot connnect VM-125<->VM-92
 WARN 07-15 17:55:30,433 ExecutorChannelManagerMap:95 [pool-16-thread-1] - Cannot connnect VM-125<->VM-91
 WARN 07-15 17:55:30,433 ExecutorChannelManagerMap:95 [pool-16-thread-1] - Cannot connnect VM-125<->VM-129
 WARN 07-15 17:55:30,433 ExecutorChannelManagerMap:95 [pool-16-thread-1] - Cannot connnect VM-125<->VM-90
 WARN 07-15 17:55:30,433 ExecutorChannelManagerMap:95 [pool-16-thread-1] - Cannot connnect VM-125<->VM-128
 WARN 07-15 17:55:30,433 ExecutorChannelManagerMap:95 [pool-16-thread-1] - Cannot connnect VM-125<->VM-127
 WARN 07-15 17:55:30,433 ExecutorChannelManagerMap:95 [pool-16-thread-1] - Cannot connnect VM-125<->VM-140
 WARN 07-15 17:55:30,433 ExecutorChannelManagerMap:95 [pool-16-thread-1] - Cannot connnect VM-125<->VM-69
 WARN 07-15 17:55:30,433 ExecutorChannelManagerMap:95 [pool-16-thread-1] - Cannot connnect VM-125<->VM-68
 WARN 07-15 17:55:30,433 ExecutorChannelManagerMap:95 [pool-16-thread-1] - Cannot connnect VM-125<->VM-67
 WARN 07-15 17:55:30,433 ExecutorChannelManagerMap:95 [pool-16-thread-1] - Cannot connnect VM-125<->VM-144
 WARN 07-15 17:55:30,433 ExecutorChannelManagerMap:95 [pool-16-thread-1] - Cannot connnect VM-125<->VM-66
 WARN 07-15 17:55:30,433 ExecutorChannelManagerMap:95 [pool-16-thread-1] - Cannot connnect VM-125<->VM-143
 WARN 07-15 17:55:30,433 ExecutorChannelManagerMap:95 [pool-16-thread-1] - Cannot connnect VM-125<->VM-65
 WARN 07-15 17:55:30,433 ExecutorChannelManagerMap:95 [pool-16-thread-1] - Cannot connnect VM-125<->VM-142
 WARN 07-15 17:55:30,433 ExecutorChannelManagerMap:95 [pool-16-thread-1] - Cannot connnect VM-125<->VM-64
 WARN 07-15 17:55:30,433 ExecutorChannelManagerMap:95 [pool-16-thread-1] - Cannot connnect VM-125<->VM-141
 WARN 07-15 17:55:30,433 ExecutorChannelManagerMap:95 [pool-16-thread-1] - Cannot connnect VM-125<->VM-63
 WARN 07-15 17:55:30,433 ExecutorChannelManagerMap:95 [pool-16-thread-1] - Cannot connnect VM-125<->VM-148
 WARN 07-15 17:55:30,433 ExecutorChannelManagerMap:95 [pool-16-thread-1] - Cannot connnect VM-125<->VM-62
 WARN 07-15 17:55:30,433 ExecutorChannelManagerMap:95 [pool-16-thread-1] - Cannot connnect VM-125<->VM-147
 WARN 07-15 17:55:30,433 ExecutorChannelManagerMap:95 [pool-16-thread-1] - Cannot connnect VM-125<->VM-61
 WARN 07-15 17:55:30,433 ExecutorChannelManagerMap:95 [pool-16-thread-1] - Cannot connnect VM-125<->VM-146
 WARN 07-15 17:55:30,433 ExecutorChannelManagerMap:95 [pool-16-thread-1] - Cannot connnect VM-125<->VM-60
 WARN 07-15 17:55:30,433 ExecutorChannelManagerMap:95 [pool-16-thread-1] - Cannot connnect VM-125<->VM-145
 WARN 07-15 17:55:30,433 ExecutorChannelManagerMap:95 [pool-16-thread-1] - Cannot connnect VM-125<->VM-139
 WARN 07-15 17:55:30,433 ExecutorChannelManagerMap:95 [pool-16-thread-1] - Cannot connnect VM-125<->VM-138
 WARN 07-15 17:55:30,433 ExecutorChannelManagerMap:95 [pool-16-thread-1] - Cannot connnect VM-125<->VM-151
 WARN 07-15 17:55:30,433 ExecutorChannelManagerMap:95 [pool-16-thread-1] - Cannot connnect VM-125<->VM-150
 WARN 07-15 17:55:30,433 ExecutorChannelManagerMap:95 [pool-16-thread-1] - Cannot connnect VM-125<->VM-79
 WARN 07-15 17:55:30,433 ExecutorChannelManagerMap:95 [pool-16-thread-1] - Cannot connnect VM-125<->VM-78
 WARN 07-15 17:55:30,433 ExecutorChannelManagerMap:95 [pool-16-thread-1] - Cannot connnect VM-125<->VM-155
 WARN 07-15 17:55:30,433 ExecutorChannelManagerMap:95 [pool-16-thread-1] - Cannot connnect VM-125<->VM-77
 WARN 07-15 17:55:30,433 ExecutorChannelManagerMap:95 [pool-16-thread-1] - Cannot connnect VM-125<->VM-154
 WARN 07-15 17:55:30,433 ExecutorChannelManagerMap:95 [pool-16-thread-1] - Cannot connnect VM-125<->VM-76
 WARN 07-15 17:55:30,433 ExecutorChannelManagerMap:95 [pool-16-thread-1] - Cannot connnect VM-125<->VM-153
 WARN 07-15 17:55:30,433 ExecutorChannelManagerMap:95 [pool-16-thread-1] - Cannot connnect VM-125<->VM-75
 WARN 07-15 17:55:30,434 ExecutorChannelManagerMap:95 [pool-16-thread-1] - Cannot connnect VM-125<->VM-152
 WARN 07-15 17:55:30,434 ExecutorChannelManagerMap:95 [pool-16-thread-1] - Cannot connnect VM-125<->VM-74
 WARN 07-15 17:55:30,434 ExecutorChannelManagerMap:95 [pool-16-thread-1] - Cannot connnect VM-125<->VM-159
 WARN 07-15 17:55:30,434 ExecutorChannelManagerMap:95 [pool-16-thread-1] - Cannot connnect VM-125<->VM-73
 WARN 07-15 17:55:30,434 ExecutorChannelManagerMap:95 [pool-16-thread-1] - Cannot connnect VM-125<->VM-158
 WARN 07-15 17:55:30,434 ExecutorChannelManagerMap:95 [pool-16-thread-1] - Cannot connnect VM-125<->VM-72
 WARN 07-15 17:55:30,434 ExecutorChannelManagerMap:95 [pool-16-thread-1] - Cannot connnect VM-125<->VM-157
 WARN 07-15 17:55:30,434 ExecutorChannelManagerMap:95 [pool-16-thread-1] - Cannot connnect VM-125<->VM-71
 WARN 07-15 17:55:30,434 ExecutorChannelManagerMap:95 [pool-16-thread-1] - Cannot connnect VM-125<->VM-156
 WARN 07-15 17:55:30,434 ExecutorChannelManagerMap:95 [pool-16-thread-1] - Cannot connnect VM-125<->VM-70
 WARN 07-15 17:55:30,434 ExecutorChannelManagerMap:95 [pool-16-thread-1] - Cannot connnect VM-125<->VM-149
 WARN 07-15 17:55:30,434 ExecutorChannelManagerMap:95 [pool-16-thread-1] - Cannot connnect VM-125<->VM-49
 WARN 07-15 17:55:30,434 ExecutorChannelManagerMap:95 [pool-16-thread-1] - Cannot connnect VM-125<->VM-48
 WARN 07-15 17:55:30,434 ExecutorChannelManagerMap:95 [pool-16-thread-1] - Cannot connnect VM-125<->VM-47
 WARN 07-15 17:55:30,434 ExecutorChannelManagerMap:95 [pool-16-thread-1] - Cannot connnect VM-125<->VM-160
 WARN 07-15 17:55:30,434 ExecutorChannelManagerMap:95 [pool-16-thread-1] - Cannot connnect VM-125<->VM-46
 WARN 07-15 17:55:30,434 ExecutorChannelManagerMap:95 [pool-16-thread-1] - Cannot connnect VM-125<->VM-45
 WARN 07-15 17:55:30,434 ExecutorChannelManagerMap:95 [pool-16-thread-1] - Cannot connnect VM-125<->VM-6
 WARN 07-15 17:55:30,434 ExecutorChannelManagerMap:95 [pool-16-thread-1] - Cannot connnect VM-125<->VM-44
 WARN 07-15 17:55:30,434 ExecutorChannelManagerMap:95 [pool-16-thread-1] - Cannot connnect VM-125<->VM-7
 WARN 07-15 17:55:30,434 ExecutorChannelManagerMap:95 [pool-16-thread-1] - Cannot connnect VM-125<->VM-43
 WARN 07-15 17:55:30,434 ExecutorChannelManagerMap:95 [pool-16-thread-1] - Cannot connnect VM-125<->VM-8
 WARN 07-15 17:55:30,434 ExecutorChannelManagerMap:95 [pool-16-thread-1] - Cannot connnect VM-125<->VM-42
 WARN 07-15 17:55:30,434 ExecutorChannelManagerMap:95 [pool-16-thread-1] - Cannot connnect VM-125<->VM-9
 WARN 07-15 17:55:30,434 ExecutorChannelManagerMap:95 [pool-16-thread-1] - Cannot connnect VM-125<->VM-41
 WARN 07-15 17:55:30,434 ExecutorChannelManagerMap:95 [pool-16-thread-1] - Cannot connnect VM-125<->VM-40
 WARN 07-15 17:55:30,434 ExecutorChannelManagerMap:95 [pool-16-thread-1] - Cannot connnect VM-125<->VM-59
 WARN 07-15 17:55:30,434 ExecutorChannelManagerMap:95 [pool-16-thread-1] - Cannot connnect VM-125<->VM-58
 WARN 07-15 17:55:30,434 ExecutorChannelManagerMap:95 [pool-16-thread-1] - Cannot connnect VM-125<->VM-57
 WARN 07-15 17:55:30,434 ExecutorChannelManagerMap:95 [pool-16-thread-1] - Cannot connnect VM-125<->VM-56
 WARN 07-15 17:55:30,434 ExecutorChannelManagerMap:95 [pool-16-thread-1] - Cannot connnect VM-125<->VM-55
 WARN 07-15 17:55:30,434 ExecutorChannelManagerMap:95 [pool-16-thread-1] - Cannot connnect VM-125<->VM-54
 WARN 07-15 17:55:30,434 ExecutorChannelManagerMap:95 [pool-16-thread-1] - Cannot connnect VM-125<->VM-53
 WARN 07-15 17:55:30,434 ExecutorChannelManagerMap:95 [pool-16-thread-1] - Cannot connnect VM-125<->VM-52
 WARN 07-15 17:55:30,434 ExecutorChannelManagerMap:95 [pool-16-thread-1] - Cannot connnect VM-125<->VM-51
 WARN 07-15 17:55:30,434 ExecutorChannelManagerMap:95 [pool-16-thread-1] - Cannot connnect VM-125<->VM-50
 WARN 07-15 17:55:30,434 ExecutorChannelManagerMap:95 [pool-16-thread-1] - Cannot connnect VM-125<->VM-1
 WARN 07-15 17:55:30,434 ExecutorChannelManagerMap:95 [pool-16-thread-1] - Cannot connnect VM-125<->VM-2
 WARN 07-15 17:55:30,434 ExecutorChannelManagerMap:95 [pool-16-thread-1] - Cannot connnect VM-125<->VM-3
 WARN 07-15 17:55:30,434 ExecutorChannelManagerMap:95 [pool-16-thread-1] - Cannot connnect VM-125<->VM-4
 WARN 07-15 17:55:30,434 ExecutorChannelManagerMap:95 [pool-16-thread-1] - Cannot connnect VM-125<->VM-5
 WARN 07-15 17:55:30,434 ExecutorChannelManagerMap:95 [pool-16-thread-1] - Cannot connnect VM-125<->VM-29
 WARN 07-15 17:55:30,434 ExecutorChannelManagerMap:95 [pool-16-thread-1] - Cannot connnect VM-125<->VM-28
 WARN 07-15 17:55:30,434 ExecutorChannelManagerMap:95 [pool-16-thread-1] - Cannot connnect VM-125<->VM-27
 WARN 07-15 17:55:30,434 ExecutorChannelManagerMap:95 [pool-16-thread-1] - Cannot connnect VM-125<->VM-26
 WARN 07-15 17:55:30,434 ExecutorChannelManagerMap:95 [pool-16-thread-1] - Cannot connnect VM-125<->VM-25
 WARN 07-15 17:55:30,434 ExecutorChannelManagerMap:95 [pool-16-thread-1] - Cannot connnect VM-125<->VM-24
 WARN 07-15 17:55:30,434 ExecutorChannelManagerMap:95 [pool-16-thread-1] - Cannot connnect VM-125<->VM-100
 WARN 07-15 17:55:30,434 ExecutorChannelManagerMap:95 [pool-16-thread-1] - Cannot connnect VM-125<->VM-23
 WARN 07-15 17:55:30,434 ExecutorChannelManagerMap:95 [pool-16-thread-1] - Cannot connnect VM-125<->VM-22
 WARN 07-15 17:55:30,434 ExecutorChannelManagerMap:106 [pool-16-thread-1] - Executor Executor4 already registered
 WARN 07-15 17:55:30,435 ExecutorChannelManagerMap:95 [pool-16-thread-1] - Cannot connnect VM-125<->VM-21
 WARN 07-15 17:55:30,435 ExecutorChannelManagerMap:106 [pool-16-thread-1] - Executor Executor3 already registered
 WARN 07-15 17:55:30,435 ExecutorChannelManagerMap:95 [pool-16-thread-1] - Cannot connnect VM-125<->VM-20
 WARN 07-15 17:55:30,435 ExecutorChannelManagerMap:95 [pool-16-thread-1] - Cannot connnect VM-125<->VM-104
 WARN 07-15 17:55:30,435 ExecutorChannelManagerMap:95 [pool-16-thread-1] - Cannot connnect VM-125<->VM-103
 WARN 07-15 17:55:30,435 ExecutorChannelManagerMap:95 [pool-16-thread-1] - Cannot connnect VM-125<->VM-102
 WARN 07-15 17:55:30,435 ExecutorChannelManagerMap:95 [pool-16-thread-1] - Cannot connnect VM-125<->VM-101
 WARN 07-15 17:55:30,435 ExecutorChannelManagerMap:95 [pool-16-thread-1] - Cannot connnect VM-125<->VM-39
 WARN 07-15 17:55:30,435 ExecutorChannelManagerMap:95 [pool-16-thread-1] - Cannot connnect VM-125<->VM-38
 WARN 07-15 17:55:30,435 ExecutorChannelManagerMap:95 [pool-16-thread-1] - Cannot connnect VM-125<->VM-37
 WARN 07-15 17:55:30,435 ExecutorChannelManagerMap:95 [pool-16-thread-1] - Cannot connnect VM-125<->VM-36
 WARN 07-15 17:55:30,435 ExecutorChannelManagerMap:95 [pool-16-thread-1] - Cannot connnect VM-125<->VM-35
 WARN 07-15 17:55:30,435 ExecutorChannelManagerMap:95 [pool-16-thread-1] - Cannot connnect VM-125<->VM-34
 WARN 07-15 17:55:30,435 ExecutorChannelManagerMap:95 [pool-16-thread-1] - Cannot connnect VM-125<->VM-111
 WARN 07-15 17:55:30,435 ExecutorChannelManagerMap:95 [pool-16-thread-1] - Cannot connnect VM-125<->VM-33
 WARN 07-15 17:55:30,435 ExecutorChannelManagerMap:95 [pool-16-thread-1] - Cannot connnect VM-125<->VM-110
 WARN 07-15 17:55:30,435 ExecutorChannelManagerMap:95 [pool-16-thread-1] - Cannot connnect VM-125<->VM-32
 WARN 07-15 17:55:30,435 ExecutorChannelManagerMap:95 [pool-16-thread-1] - Cannot connnect VM-125<->VM-31
 WARN 07-15 17:55:30,435 ExecutorChannelManagerMap:95 [pool-16-thread-1] - Cannot connnect VM-125<->VM-30
 WARN 07-15 17:55:30,435 ExecutorChannelManagerMap:95 [pool-16-thread-1] - Cannot connnect VM-125<->VM-115
 WARN 07-15 17:55:30,435 ExecutorChannelManagerMap:95 [pool-16-thread-1] - Cannot connnect VM-125<->VM-114
 WARN 07-15 17:55:30,435 ExecutorChannelManagerMap:95 [pool-16-thread-1] - Cannot connnect VM-125<->VM-113
 WARN 07-15 17:55:30,435 ExecutorChannelManagerMap:95 [pool-16-thread-1] - Cannot connnect VM-125<->VM-112
 WARN 07-15 17:55:30,435 ExecutorChannelManagerMap:95 [pool-16-thread-1] - Cannot connnect VM-125<->VM-108
 WARN 07-15 17:55:30,435 ExecutorChannelManagerMap:95 [pool-16-thread-1] - Cannot connnect VM-125<->VM-107
 WARN 07-15 17:55:30,435 ExecutorChannelManagerMap:95 [pool-16-thread-1] - Cannot connnect VM-125<->VM-106
 WARN 07-15 17:55:30,435 ExecutorChannelManagerMap:95 [pool-16-thread-1] - Cannot connnect VM-125<->VM-105
 WARN 07-15 17:55:30,435 ExecutorChannelManagerMap:106 [pool-16-thread-1] - Executor Executor2 already registered
 WARN 07-15 17:55:30,435 ExecutorChannelManagerMap:106 [pool-16-thread-1] - Executor Executor1 already registered
 WARN 07-15 17:55:30,435 ExecutorChannelManagerMap:106 [pool-16-thread-1] - Executor Executor0 already registered
 WARN 07-15 17:55:30,435 ExecutorChannelManagerMap:95 [pool-16-thread-1] - Cannot connnect VM-125<->VM-109
 INFO 07-15 17:55:30,377 Executor$ExecutorMessageReceiver:1433 [pool-16-thread-2] - Executor registered message received VM-89,VM-122,VM-88,VM-121,VM-87,VM-120,VM-86,VM-85,VM-126,VM-84,VM-83,VM-124,VM-82,VM-123,VM-81,VM-119,VM-80,VM-118,VM-117,VM-116,VM-19,VM-18,VM-17,VM-16,VM-15,VM-14,VM-13,VM-12,VM-133,VM-99,VM-11,VM-132,VM-98,VM-10,VM-131,VM-97,VM-130,VM-96,VM-137,VM-95,VM-136,VM-94,VM-135,VM-93,VM-134,VM-92,VM-91,VM-129,VM-90,VM-128,VM-127,VM-140,VM-69,VM-68,VM-67,VM-144,VM-66,VM-143,VM-65,VM-142,VM-64,VM-141,VM-63,VM-148,VM-62,VM-147,VM-61,VM-146,VM-60,VM-145,VM-139,VM-138,VM-151,VM-150,VM-79,VM-78,VM-155,VM-77,VM-154,VM-76,VM-153,VM-75,VM-152,VM-74,VM-159,VM-73,VM-158,VM-72,VM-157,VM-71,VM-156,VM-70,VM-149,VM-49,VM-48,VM-47,VM-160,VM-46,VM-45,VM-6,VM-44,VM-7,VM-43,VM-8,VM-42,VM-9,VM-41,VM-40,VM-59,VM-58,VM-57,VM-56,VM-55,VM-54,VM-53,VM-52,VM-51,VM-50,VM-1,VM-2,VM-3,VM-4,VM-5,VM-29,VM-28,VM-27,VM-26,VM-25,VM-24,VM-100,VM-23,VM-22,Executor4,VM-21,Executor3,VM-20,VM-104,VM-103,VM-101,VM-39,VM-38,VM-37,VM-36,VM-35,VM-34,VM-111,VM-33,VM-110,VM-32,VM-31,VM-30,VM-115,VM-114,VM-113,VM-112,VM-108,VM-107,VM-106,VM-105,Executor2,Executor1,Executor0,VM-109
 WARN 07-15 17:55:30,435 ExecutorChannelManagerMap:95 [pool-16-thread-2] - Cannot connnect VM-125<->VM-89
 WARN 07-15 17:55:30,435 ExecutorChannelManagerMap:95 [pool-16-thread-2] - Cannot connnect VM-125<->VM-122
 WARN 07-15 17:55:30,435 ExecutorChannelManagerMap:95 [pool-16-thread-2] - Cannot connnect VM-125<->VM-88
 WARN 07-15 17:55:30,435 ExecutorChannelManagerMap:95 [pool-16-thread-2] - Cannot connnect VM-125<->VM-121
 WARN 07-15 17:55:30,435 ExecutorChannelManagerMap:95 [pool-16-thread-2] - Cannot connnect VM-125<->VM-87
 WARN 07-15 17:55:30,435 ExecutorChannelManagerMap:95 [pool-16-thread-2] - Cannot connnect VM-125<->VM-120
 WARN 07-15 17:55:30,435 ExecutorChannelManagerMap:95 [pool-16-thread-2] - Cannot connnect VM-125<->VM-86
 WARN 07-15 17:55:30,435 ExecutorChannelManagerMap:95 [pool-16-thread-2] - Cannot connnect VM-125<->VM-85
 WARN 07-15 17:55:30,435 ExecutorChannelManagerMap:95 [pool-16-thread-2] - Cannot connnect VM-125<->VM-126
 WARN 07-15 17:55:30,436 ExecutorChannelManagerMap:95 [pool-16-thread-2] - Cannot connnect VM-125<->VM-84
 WARN 07-15 17:55:30,436 ExecutorChannelManagerMap:95 [pool-16-thread-2] - Cannot connnect VM-125<->VM-83
 WARN 07-15 17:55:30,436 ExecutorChannelManagerMap:95 [pool-16-thread-2] - Cannot connnect VM-125<->VM-124
 WARN 07-15 17:55:30,436 ExecutorChannelManagerMap:95 [pool-16-thread-2] - Cannot connnect VM-125<->VM-82
 WARN 07-15 17:55:30,436 ExecutorChannelManagerMap:95 [pool-16-thread-2] - Cannot connnect VM-125<->VM-123
 WARN 07-15 17:55:30,436 ExecutorChannelManagerMap:95 [pool-16-thread-2] - Cannot connnect VM-125<->VM-81
 WARN 07-15 17:55:30,436 ExecutorChannelManagerMap:95 [pool-16-thread-2] - Cannot connnect VM-125<->VM-119
 WARN 07-15 17:55:30,436 ExecutorChannelManagerMap:95 [pool-16-thread-2] - Cannot connnect VM-125<->VM-80
 WARN 07-15 17:55:30,436 ExecutorChannelManagerMap:95 [pool-16-thread-2] - Cannot connnect VM-125<->VM-118
 WARN 07-15 17:55:30,436 ExecutorChannelManagerMap:95 [pool-16-thread-2] - Cannot connnect VM-125<->VM-117
 WARN 07-15 17:55:30,436 ExecutorChannelManagerMap:95 [pool-16-thread-2] - Cannot connnect VM-125<->VM-116
 WARN 07-15 17:55:30,436 ExecutorChannelManagerMap:95 [pool-16-thread-2] - Cannot connnect VM-125<->VM-19
 WARN 07-15 17:55:30,436 ExecutorChannelManagerMap:95 [pool-16-thread-2] - Cannot connnect VM-125<->VM-18
 WARN 07-15 17:55:30,436 ExecutorChannelManagerMap:95 [pool-16-thread-2] - Cannot connnect VM-125<->VM-17
 WARN 07-15 17:55:30,436 ExecutorChannelManagerMap:95 [pool-16-thread-2] - Cannot connnect VM-125<->VM-16
 WARN 07-15 17:55:30,436 ExecutorChannelManagerMap:95 [pool-16-thread-2] - Cannot connnect VM-125<->VM-15
 WARN 07-15 17:55:30,436 ExecutorChannelManagerMap:95 [pool-16-thread-2] - Cannot connnect VM-125<->VM-14
 WARN 07-15 17:55:30,436 ExecutorChannelManagerMap:95 [pool-16-thread-2] - Cannot connnect VM-125<->VM-13
 WARN 07-15 17:55:30,436 ExecutorChannelManagerMap:95 [pool-16-thread-2] - Cannot connnect VM-125<->VM-12
 WARN 07-15 17:55:30,436 ExecutorChannelManagerMap:95 [pool-16-thread-2] - Cannot connnect VM-125<->VM-133
 WARN 07-15 17:55:30,436 ExecutorChannelManagerMap:95 [pool-16-thread-2] - Cannot connnect VM-125<->VM-99
 WARN 07-15 17:55:30,436 ExecutorChannelManagerMap:95 [pool-16-thread-2] - Cannot connnect VM-125<->VM-11
 WARN 07-15 17:55:30,436 ExecutorChannelManagerMap:95 [pool-16-thread-2] - Cannot connnect VM-125<->VM-132
 WARN 07-15 17:55:30,436 ExecutorChannelManagerMap:95 [pool-16-thread-2] - Cannot connnect VM-125<->VM-98
 WARN 07-15 17:55:30,436 ExecutorChannelManagerMap:95 [pool-16-thread-2] - Cannot connnect VM-125<->VM-10
 WARN 07-15 17:55:30,436 ExecutorChannelManagerMap:95 [pool-16-thread-2] - Cannot connnect VM-125<->VM-131
 WARN 07-15 17:55:30,436 ExecutorChannelManagerMap:95 [pool-16-thread-2] - Cannot connnect VM-125<->VM-97
 WARN 07-15 17:55:30,436 ExecutorChannelManagerMap:95 [pool-16-thread-2] - Cannot connnect VM-125<->VM-130
 WARN 07-15 17:55:30,436 ExecutorChannelManagerMap:95 [pool-16-thread-2] - Cannot connnect VM-125<->VM-96
 WARN 07-15 17:55:30,436 ExecutorChannelManagerMap:95 [pool-16-thread-2] - Cannot connnect VM-125<->VM-137
 WARN 07-15 17:55:30,436 ExecutorChannelManagerMap:95 [pool-16-thread-2] - Cannot connnect VM-125<->VM-95
 WARN 07-15 17:55:30,436 ExecutorChannelManagerMap:95 [pool-16-thread-2] - Cannot connnect VM-125<->VM-136
 WARN 07-15 17:55:30,436 ExecutorChannelManagerMap:95 [pool-16-thread-2] - Cannot connnect VM-125<->VM-94
 WARN 07-15 17:55:30,436 ExecutorChannelManagerMap:95 [pool-16-thread-2] - Cannot connnect VM-125<->VM-135
 WARN 07-15 17:55:30,436 ExecutorChannelManagerMap:95 [pool-16-thread-2] - Cannot connnect VM-125<->VM-93
 WARN 07-15 17:55:30,436 ExecutorChannelManagerMap:95 [pool-16-thread-2] - Cannot connnect VM-125<->VM-134
 WARN 07-15 17:55:30,436 ExecutorChannelManagerMap:95 [pool-16-thread-2] - Cannot connnect VM-125<->VM-92
 WARN 07-15 17:55:30,436 ExecutorChannelManagerMap:95 [pool-16-thread-2] - Cannot connnect VM-125<->VM-91
 WARN 07-15 17:55:30,436 ExecutorChannelManagerMap:95 [pool-16-thread-2] - Cannot connnect VM-125<->VM-129
 WARN 07-15 17:55:30,436 ExecutorChannelManagerMap:95 [pool-16-thread-2] - Cannot connnect VM-125<->VM-90
 WARN 07-15 17:55:30,436 ExecutorChannelManagerMap:95 [pool-16-thread-2] - Cannot connnect VM-125<->VM-128
 WARN 07-15 17:55:30,436 ExecutorChannelManagerMap:95 [pool-16-thread-2] - Cannot connnect VM-125<->VM-127
 WARN 07-15 17:55:30,436 ExecutorChannelManagerMap:95 [pool-16-thread-2] - Cannot connnect VM-125<->VM-140
 WARN 07-15 17:55:30,436 ExecutorChannelManagerMap:95 [pool-16-thread-2] - Cannot connnect VM-125<->VM-69
 WARN 07-15 17:55:30,436 ExecutorChannelManagerMap:95 [pool-16-thread-2] - Cannot connnect VM-125<->VM-68
 WARN 07-15 17:55:30,436 ExecutorChannelManagerMap:95 [pool-16-thread-2] - Cannot connnect VM-125<->VM-67
 WARN 07-15 17:55:30,436 ExecutorChannelManagerMap:95 [pool-16-thread-2] - Cannot connnect VM-125<->VM-144
 WARN 07-15 17:55:30,436 ExecutorChannelManagerMap:95 [pool-16-thread-2] - Cannot connnect VM-125<->VM-66
 WARN 07-15 17:55:30,436 ExecutorChannelManagerMap:95 [pool-16-thread-2] - Cannot connnect VM-125<->VM-143
 WARN 07-15 17:55:30,437 ExecutorChannelManagerMap:95 [pool-16-thread-2] - Cannot connnect VM-125<->VM-65
 WARN 07-15 17:55:30,437 ExecutorChannelManagerMap:95 [pool-16-thread-2] - Cannot connnect VM-125<->VM-142
 WARN 07-15 17:55:30,437 ExecutorChannelManagerMap:95 [pool-16-thread-2] - Cannot connnect VM-125<->VM-64
 WARN 07-15 17:55:30,437 ExecutorChannelManagerMap:95 [pool-16-thread-2] - Cannot connnect VM-125<->VM-141
 WARN 07-15 17:55:30,437 ExecutorChannelManagerMap:95 [pool-16-thread-2] - Cannot connnect VM-125<->VM-63
 WARN 07-15 17:55:30,437 ExecutorChannelManagerMap:95 [pool-16-thread-2] - Cannot connnect VM-125<->VM-148
 WARN 07-15 17:55:30,437 ExecutorChannelManagerMap:95 [pool-16-thread-2] - Cannot connnect VM-125<->VM-62
 WARN 07-15 17:55:30,437 ExecutorChannelManagerMap:95 [pool-16-thread-2] - Cannot connnect VM-125<->VM-147
 WARN 07-15 17:55:30,437 ExecutorChannelManagerMap:95 [pool-16-thread-2] - Cannot connnect VM-125<->VM-61
 WARN 07-15 17:55:30,437 ExecutorChannelManagerMap:95 [pool-16-thread-2] - Cannot connnect VM-125<->VM-146
 WARN 07-15 17:55:30,437 ExecutorChannelManagerMap:95 [pool-16-thread-2] - Cannot connnect VM-125<->VM-60
 WARN 07-15 17:55:30,437 ExecutorChannelManagerMap:95 [pool-16-thread-2] - Cannot connnect VM-125<->VM-145
 WARN 07-15 17:55:30,437 ExecutorChannelManagerMap:95 [pool-16-thread-2] - Cannot connnect VM-125<->VM-139
 WARN 07-15 17:55:30,437 ExecutorChannelManagerMap:95 [pool-16-thread-2] - Cannot connnect VM-125<->VM-138
 WARN 07-15 17:55:30,437 ExecutorChannelManagerMap:95 [pool-16-thread-2] - Cannot connnect VM-125<->VM-151
 WARN 07-15 17:55:30,437 ExecutorChannelManagerMap:95 [pool-16-thread-2] - Cannot connnect VM-125<->VM-150
 WARN 07-15 17:55:30,437 ExecutorChannelManagerMap:95 [pool-16-thread-2] - Cannot connnect VM-125<->VM-79
 WARN 07-15 17:55:30,437 ExecutorChannelManagerMap:95 [pool-16-thread-2] - Cannot connnect VM-125<->VM-78
 WARN 07-15 17:55:30,437 ExecutorChannelManagerMap:95 [pool-16-thread-2] - Cannot connnect VM-125<->VM-155
 WARN 07-15 17:55:30,437 ExecutorChannelManagerMap:95 [pool-16-thread-2] - Cannot connnect VM-125<->VM-77
 WARN 07-15 17:55:30,437 ExecutorChannelManagerMap:95 [pool-16-thread-2] - Cannot connnect VM-125<->VM-154
 WARN 07-15 17:55:30,437 ExecutorChannelManagerMap:95 [pool-16-thread-2] - Cannot connnect VM-125<->VM-76
 WARN 07-15 17:55:30,437 ExecutorChannelManagerMap:95 [pool-16-thread-2] - Cannot connnect VM-125<->VM-153
 WARN 07-15 17:55:30,437 ExecutorChannelManagerMap:95 [pool-16-thread-2] - Cannot connnect VM-125<->VM-75
 WARN 07-15 17:55:30,437 ExecutorChannelManagerMap:95 [pool-16-thread-2] - Cannot connnect VM-125<->VM-152
 WARN 07-15 17:55:30,437 ExecutorChannelManagerMap:95 [pool-16-thread-2] - Cannot connnect VM-125<->VM-74
 WARN 07-15 17:55:30,437 ExecutorChannelManagerMap:95 [pool-16-thread-2] - Cannot connnect VM-125<->VM-159
 WARN 07-15 17:55:30,437 ExecutorChannelManagerMap:95 [pool-16-thread-2] - Cannot connnect VM-125<->VM-73
 WARN 07-15 17:55:30,437 ExecutorChannelManagerMap:95 [pool-16-thread-2] - Cannot connnect VM-125<->VM-158
 WARN 07-15 17:55:30,437 ExecutorChannelManagerMap:95 [pool-16-thread-2] - Cannot connnect VM-125<->VM-72
 WARN 07-15 17:55:30,437 ExecutorChannelManagerMap:95 [pool-16-thread-2] - Cannot connnect VM-125<->VM-157
 WARN 07-15 17:55:30,437 ExecutorChannelManagerMap:95 [pool-16-thread-2] - Cannot connnect VM-125<->VM-71
 WARN 07-15 17:55:30,437 ExecutorChannelManagerMap:95 [pool-16-thread-2] - Cannot connnect VM-125<->VM-156
 WARN 07-15 17:55:30,437 ExecutorChannelManagerMap:95 [pool-16-thread-2] - Cannot connnect VM-125<->VM-70
 WARN 07-15 17:55:30,437 ExecutorChannelManagerMap:95 [pool-16-thread-2] - Cannot connnect VM-125<->VM-149
 WARN 07-15 17:55:30,437 ExecutorChannelManagerMap:95 [pool-16-thread-2] - Cannot connnect VM-125<->VM-49
 WARN 07-15 17:55:30,437 ExecutorChannelManagerMap:95 [pool-16-thread-2] - Cannot connnect VM-125<->VM-48
 WARN 07-15 17:55:30,437 ExecutorChannelManagerMap:95 [pool-16-thread-2] - Cannot connnect VM-125<->VM-47
 WARN 07-15 17:55:30,437 ExecutorChannelManagerMap:95 [pool-16-thread-2] - Cannot connnect VM-125<->VM-160
 WARN 07-15 17:55:30,437 ExecutorChannelManagerMap:95 [pool-16-thread-2] - Cannot connnect VM-125<->VM-46
 WARN 07-15 17:55:30,437 ExecutorChannelManagerMap:95 [pool-16-thread-2] - Cannot connnect VM-125<->VM-45
 WARN 07-15 17:55:30,437 ExecutorChannelManagerMap:95 [pool-16-thread-2] - Cannot connnect VM-125<->VM-6
 WARN 07-15 17:55:30,437 ExecutorChannelManagerMap:95 [pool-16-thread-2] - Cannot connnect VM-125<->VM-44
 WARN 07-15 17:55:30,437 ExecutorChannelManagerMap:95 [pool-16-thread-2] - Cannot connnect VM-125<->VM-7
 WARN 07-15 17:55:30,437 ExecutorChannelManagerMap:95 [pool-16-thread-2] - Cannot connnect VM-125<->VM-43
 WARN 07-15 17:55:30,437 ExecutorChannelManagerMap:95 [pool-16-thread-2] - Cannot connnect VM-125<->VM-8
 WARN 07-15 17:55:30,438 ExecutorChannelManagerMap:95 [pool-16-thread-2] - Cannot connnect VM-125<->VM-42
 WARN 07-15 17:55:30,438 ExecutorChannelManagerMap:95 [pool-16-thread-2] - Cannot connnect VM-125<->VM-9
 WARN 07-15 17:55:30,438 ExecutorChannelManagerMap:95 [pool-16-thread-2] - Cannot connnect VM-125<->VM-41
 WARN 07-15 17:55:30,438 ExecutorChannelManagerMap:95 [pool-16-thread-2] - Cannot connnect VM-125<->VM-40
 WARN 07-15 17:55:30,438 ExecutorChannelManagerMap:95 [pool-16-thread-2] - Cannot connnect VM-125<->VM-59
 WARN 07-15 17:55:30,438 ExecutorChannelManagerMap:95 [pool-16-thread-2] - Cannot connnect VM-125<->VM-58
 WARN 07-15 17:55:30,438 ExecutorChannelManagerMap:95 [pool-16-thread-2] - Cannot connnect VM-125<->VM-57
 WARN 07-15 17:55:30,438 ExecutorChannelManagerMap:95 [pool-16-thread-2] - Cannot connnect VM-125<->VM-56
 WARN 07-15 17:55:30,438 ExecutorChannelManagerMap:95 [pool-16-thread-2] - Cannot connnect VM-125<->VM-55
 WARN 07-15 17:55:30,438 ExecutorChannelManagerMap:95 [pool-16-thread-2] - Cannot connnect VM-125<->VM-54
 WARN 07-15 17:55:30,438 ExecutorChannelManagerMap:95 [pool-16-thread-2] - Cannot connnect VM-125<->VM-53
 WARN 07-15 17:55:30,438 ExecutorChannelManagerMap:95 [pool-16-thread-2] - Cannot connnect VM-125<->VM-52
 WARN 07-15 17:55:30,438 ExecutorChannelManagerMap:95 [pool-16-thread-2] - Cannot connnect VM-125<->VM-51
 WARN 07-15 17:55:30,438 ExecutorChannelManagerMap:95 [pool-16-thread-2] - Cannot connnect VM-125<->VM-50
 WARN 07-15 17:55:30,438 ExecutorChannelManagerMap:95 [pool-16-thread-2] - Cannot connnect VM-125<->VM-1
 WARN 07-15 17:55:30,438 ExecutorChannelManagerMap:95 [pool-16-thread-2] - Cannot connnect VM-125<->VM-2
 WARN 07-15 17:55:30,438 ExecutorChannelManagerMap:95 [pool-16-thread-2] - Cannot connnect VM-125<->VM-3
 WARN 07-15 17:55:30,438 ExecutorChannelManagerMap:95 [pool-16-thread-2] - Cannot connnect VM-125<->VM-4
 WARN 07-15 17:55:30,438 ExecutorChannelManagerMap:95 [pool-16-thread-2] - Cannot connnect VM-125<->VM-5
 WARN 07-15 17:55:30,438 ExecutorChannelManagerMap:95 [pool-16-thread-2] - Cannot connnect VM-125<->VM-29
 WARN 07-15 17:55:30,438 ExecutorChannelManagerMap:95 [pool-16-thread-2] - Cannot connnect VM-125<->VM-28
 WARN 07-15 17:55:30,438 ExecutorChannelManagerMap:95 [pool-16-thread-2] - Cannot connnect VM-125<->VM-27
 WARN 07-15 17:55:30,438 ExecutorChannelManagerMap:95 [pool-16-thread-2] - Cannot connnect VM-125<->VM-26
 WARN 07-15 17:55:30,438 ExecutorChannelManagerMap:95 [pool-16-thread-2] - Cannot connnect VM-125<->VM-25
 WARN 07-15 17:55:30,438 ExecutorChannelManagerMap:95 [pool-16-thread-2] - Cannot connnect VM-125<->VM-24
 WARN 07-15 17:55:30,438 ExecutorChannelManagerMap:95 [pool-16-thread-2] - Cannot connnect VM-125<->VM-100
 WARN 07-15 17:55:30,438 ExecutorChannelManagerMap:95 [pool-16-thread-2] - Cannot connnect VM-125<->VM-23
 WARN 07-15 17:55:30,438 ExecutorChannelManagerMap:95 [pool-16-thread-2] - Cannot connnect VM-125<->VM-22
 WARN 07-15 17:55:30,438 ExecutorChannelManagerMap:106 [pool-16-thread-2] - Executor Executor4 already registered
 WARN 07-15 17:55:30,438 ExecutorChannelManagerMap:95 [pool-16-thread-2] - Cannot connnect VM-125<->VM-21
 WARN 07-15 17:55:30,438 ExecutorChannelManagerMap:106 [pool-16-thread-2] - Executor Executor3 already registered
 WARN 07-15 17:55:30,438 ExecutorChannelManagerMap:95 [pool-16-thread-2] - Cannot connnect VM-125<->VM-20
 WARN 07-15 17:55:30,438 ExecutorChannelManagerMap:95 [pool-16-thread-2] - Cannot connnect VM-125<->VM-104
 WARN 07-15 17:55:30,438 ExecutorChannelManagerMap:95 [pool-16-thread-2] - Cannot connnect VM-125<->VM-103
 WARN 07-15 17:55:30,438 ExecutorChannelManagerMap:95 [pool-16-thread-2] - Cannot connnect VM-125<->VM-101
 WARN 07-15 17:55:30,438 ExecutorChannelManagerMap:95 [pool-16-thread-2] - Cannot connnect VM-125<->VM-39
 WARN 07-15 17:55:30,438 ExecutorChannelManagerMap:95 [pool-16-thread-2] - Cannot connnect VM-125<->VM-38
 WARN 07-15 17:55:30,438 ExecutorChannelManagerMap:95 [pool-16-thread-2] - Cannot connnect VM-125<->VM-37
 WARN 07-15 17:55:30,438 ExecutorChannelManagerMap:95 [pool-16-thread-2] - Cannot connnect VM-125<->VM-36
 WARN 07-15 17:55:30,438 ExecutorChannelManagerMap:95 [pool-16-thread-2] - Cannot connnect VM-125<->VM-35
 WARN 07-15 17:55:30,438 ExecutorChannelManagerMap:95 [pool-16-thread-2] - Cannot connnect VM-125<->VM-34
 WARN 07-15 17:55:30,438 ExecutorChannelManagerMap:95 [pool-16-thread-2] - Cannot connnect VM-125<->VM-111
 WARN 07-15 17:55:30,438 ExecutorChannelManagerMap:95 [pool-16-thread-2] - Cannot connnect VM-125<->VM-33
 WARN 07-15 17:55:30,438 ExecutorChannelManagerMap:95 [pool-16-thread-2] - Cannot connnect VM-125<->VM-110
 WARN 07-15 17:55:30,438 ExecutorChannelManagerMap:95 [pool-16-thread-2] - Cannot connnect VM-125<->VM-32
 WARN 07-15 17:55:30,438 ExecutorChannelManagerMap:95 [pool-16-thread-2] - Cannot connnect VM-125<->VM-31
 WARN 07-15 17:55:30,438 ExecutorChannelManagerMap:95 [pool-16-thread-2] - Cannot connnect VM-125<->VM-30
 WARN 07-15 17:55:30,438 ExecutorChannelManagerMap:95 [pool-16-thread-2] - Cannot connnect VM-125<->VM-115
 WARN 07-15 17:55:30,439 ExecutorChannelManagerMap:95 [pool-16-thread-2] - Cannot connnect VM-125<->VM-114
 WARN 07-15 17:55:30,439 ExecutorChannelManagerMap:95 [pool-16-thread-2] - Cannot connnect VM-125<->VM-113
 WARN 07-15 17:55:30,439 ExecutorChannelManagerMap:95 [pool-16-thread-2] - Cannot connnect VM-125<->VM-112
 WARN 07-15 17:55:30,439 ExecutorChannelManagerMap:95 [pool-16-thread-2] - Cannot connnect VM-125<->VM-108
 WARN 07-15 17:55:30,439 ExecutorChannelManagerMap:95 [pool-16-thread-2] - Cannot connnect VM-125<->VM-107
 WARN 07-15 17:55:30,439 ExecutorChannelManagerMap:95 [pool-16-thread-2] - Cannot connnect VM-125<->VM-106
 WARN 07-15 17:55:30,439 ExecutorChannelManagerMap:95 [pool-16-thread-2] - Cannot connnect VM-125<->VM-105
 WARN 07-15 17:55:30,439 ExecutorChannelManagerMap:106 [pool-16-thread-2] - Executor Executor2 already registered
 WARN 07-15 17:55:30,439 ExecutorChannelManagerMap:106 [pool-16-thread-2] - Executor Executor1 already registered
 WARN 07-15 17:55:30,439 ExecutorChannelManagerMap:106 [pool-16-thread-2] - Executor Executor0 already registered
 WARN 07-15 17:55:30,439 ExecutorChannelManagerMap:95 [pool-16-thread-2] - Cannot connnect VM-125<->VM-109
 WARN 07-15 17:55:30,439 ExecutorChannelManagerMap:95 [pool-16-thread-5] - Cannot connnect VM-125<->VM-89
 WARN 07-15 17:55:30,439 ExecutorChannelManagerMap:95 [pool-16-thread-5] - Cannot connnect VM-125<->VM-122
 WARN 07-15 17:55:30,439 ExecutorChannelManagerMap:95 [pool-16-thread-5] - Cannot connnect VM-125<->VM-88
 WARN 07-15 17:55:30,439 ExecutorChannelManagerMap:95 [pool-16-thread-5] - Cannot connnect VM-125<->VM-121
 WARN 07-15 17:55:30,439 ExecutorChannelManagerMap:95 [pool-16-thread-5] - Cannot connnect VM-125<->VM-87
 WARN 07-15 17:55:30,439 ExecutorChannelManagerMap:95 [pool-16-thread-5] - Cannot connnect VM-125<->VM-120
 WARN 07-15 17:55:30,439 ExecutorChannelManagerMap:95 [pool-16-thread-5] - Cannot connnect VM-125<->VM-86
 WARN 07-15 17:55:30,439 ExecutorChannelManagerMap:95 [pool-16-thread-5] - Cannot connnect VM-125<->VM-85
 WARN 07-15 17:55:30,439 ExecutorChannelManagerMap:95 [pool-16-thread-5] - Cannot connnect VM-125<->VM-126
 WARN 07-15 17:55:30,439 ExecutorChannelManagerMap:95 [pool-16-thread-5] - Cannot connnect VM-125<->VM-84
 WARN 07-15 17:55:30,439 ExecutorChannelManagerMap:95 [pool-16-thread-5] - Cannot connnect VM-125<->VM-83
 WARN 07-15 17:55:30,439 ExecutorChannelManagerMap:95 [pool-16-thread-5] - Cannot connnect VM-125<->VM-124
 WARN 07-15 17:55:30,439 ExecutorChannelManagerMap:95 [pool-16-thread-5] - Cannot connnect VM-125<->VM-82
 WARN 07-15 17:55:30,439 ExecutorChannelManagerMap:95 [pool-16-thread-5] - Cannot connnect VM-125<->VM-123
 WARN 07-15 17:55:30,439 ExecutorChannelManagerMap:95 [pool-16-thread-5] - Cannot connnect VM-125<->VM-81
 WARN 07-15 17:55:30,439 ExecutorChannelManagerMap:95 [pool-16-thread-5] - Cannot connnect VM-125<->VM-119
 WARN 07-15 17:55:30,439 ExecutorChannelManagerMap:95 [pool-16-thread-5] - Cannot connnect VM-125<->VM-80
 WARN 07-15 17:55:30,439 ExecutorChannelManagerMap:95 [pool-16-thread-5] - Cannot connnect VM-125<->VM-118
 WARN 07-15 17:55:30,439 ExecutorChannelManagerMap:95 [pool-16-thread-5] - Cannot connnect VM-125<->VM-117
 WARN 07-15 17:55:30,439 ExecutorChannelManagerMap:95 [pool-16-thread-5] - Cannot connnect VM-125<->VM-116
 WARN 07-15 17:55:30,439 ExecutorChannelManagerMap:95 [pool-16-thread-5] - Cannot connnect VM-125<->VM-19
 WARN 07-15 17:55:30,439 ExecutorChannelManagerMap:95 [pool-16-thread-5] - Cannot connnect VM-125<->VM-18
 WARN 07-15 17:55:30,439 ExecutorChannelManagerMap:95 [pool-16-thread-5] - Cannot connnect VM-125<->VM-17
 WARN 07-15 17:55:30,439 ExecutorChannelManagerMap:95 [pool-16-thread-5] - Cannot connnect VM-125<->VM-16
 WARN 07-15 17:55:30,439 ExecutorChannelManagerMap:95 [pool-16-thread-5] - Cannot connnect VM-125<->VM-15
 WARN 07-15 17:55:30,439 ExecutorChannelManagerMap:95 [pool-16-thread-5] - Cannot connnect VM-125<->VM-14
 WARN 07-15 17:55:30,439 ExecutorChannelManagerMap:95 [pool-16-thread-5] - Cannot connnect VM-125<->VM-13
 WARN 07-15 17:55:30,439 ExecutorChannelManagerMap:95 [pool-16-thread-5] - Cannot connnect VM-125<->VM-12
 WARN 07-15 17:55:30,440 ExecutorChannelManagerMap:95 [pool-16-thread-5] - Cannot connnect VM-125<->VM-133
 WARN 07-15 17:55:30,440 ExecutorChannelManagerMap:95 [pool-16-thread-5] - Cannot connnect VM-125<->VM-99
 WARN 07-15 17:55:30,440 ExecutorChannelManagerMap:95 [pool-16-thread-5] - Cannot connnect VM-125<->VM-11
 WARN 07-15 17:55:30,440 ExecutorChannelManagerMap:95 [pool-16-thread-5] - Cannot connnect VM-125<->VM-132
 WARN 07-15 17:55:30,440 ExecutorChannelManagerMap:95 [pool-16-thread-5] - Cannot connnect VM-125<->VM-98
 WARN 07-15 17:55:30,440 ExecutorChannelManagerMap:95 [pool-16-thread-5] - Cannot connnect VM-125<->VM-10
 WARN 07-15 17:55:30,440 ExecutorChannelManagerMap:95 [pool-16-thread-5] - Cannot connnect VM-125<->VM-131
 WARN 07-15 17:55:30,440 ExecutorChannelManagerMap:95 [pool-16-thread-5] - Cannot connnect VM-125<->VM-97
 WARN 07-15 17:55:30,440 ExecutorChannelManagerMap:95 [pool-16-thread-5] - Cannot connnect VM-125<->VM-130
 WARN 07-15 17:55:30,440 ExecutorChannelManagerMap:95 [pool-16-thread-5] - Cannot connnect VM-125<->VM-96
 WARN 07-15 17:55:30,440 ExecutorChannelManagerMap:95 [pool-16-thread-5] - Cannot connnect VM-125<->VM-137
 WARN 07-15 17:55:30,440 ExecutorChannelManagerMap:95 [pool-16-thread-5] - Cannot connnect VM-125<->VM-95
 WARN 07-15 17:55:30,440 ExecutorChannelManagerMap:95 [pool-16-thread-5] - Cannot connnect VM-125<->VM-136
 WARN 07-15 17:55:30,440 ExecutorChannelManagerMap:95 [pool-16-thread-5] - Cannot connnect VM-125<->VM-94
 WARN 07-15 17:55:30,451 ExecutorChannelManagerMap:95 [pool-16-thread-5] - Cannot connnect VM-125<->VM-135
 WARN 07-15 17:55:30,451 ExecutorChannelManagerMap:95 [pool-16-thread-5] - Cannot connnect VM-125<->VM-93
 WARN 07-15 17:55:30,451 ExecutorChannelManagerMap:95 [pool-16-thread-5] - Cannot connnect VM-125<->VM-134
 WARN 07-15 17:55:30,451 ExecutorChannelManagerMap:95 [pool-16-thread-5] - Cannot connnect VM-125<->VM-92
 WARN 07-15 17:55:30,451 ExecutorChannelManagerMap:95 [pool-16-thread-5] - Cannot connnect VM-125<->VM-91
 WARN 07-15 17:55:30,451 ExecutorChannelManagerMap:95 [pool-16-thread-5] - Cannot connnect VM-125<->VM-129
 WARN 07-15 17:55:30,451 ExecutorChannelManagerMap:95 [pool-16-thread-5] - Cannot connnect VM-125<->VM-90
 WARN 07-15 17:55:30,451 ExecutorChannelManagerMap:95 [pool-16-thread-5] - Cannot connnect VM-125<->VM-128
 WARN 07-15 17:55:30,451 ExecutorChannelManagerMap:95 [pool-16-thread-5] - Cannot connnect VM-125<->VM-127
 WARN 07-15 17:55:30,451 ExecutorChannelManagerMap:95 [pool-16-thread-5] - Cannot connnect VM-125<->VM-140
 WARN 07-15 17:55:30,451 ExecutorChannelManagerMap:95 [pool-16-thread-5] - Cannot connnect VM-125<->VM-69
 WARN 07-15 17:55:30,451 ExecutorChannelManagerMap:95 [pool-16-thread-5] - Cannot connnect VM-125<->VM-68
 WARN 07-15 17:55:30,451 ExecutorChannelManagerMap:95 [pool-16-thread-5] - Cannot connnect VM-125<->VM-67
 WARN 07-15 17:55:30,451 ExecutorChannelManagerMap:95 [pool-16-thread-5] - Cannot connnect VM-125<->VM-144
 WARN 07-15 17:55:30,451 ExecutorChannelManagerMap:95 [pool-16-thread-5] - Cannot connnect VM-125<->VM-66
 WARN 07-15 17:55:30,451 ExecutorChannelManagerMap:95 [pool-16-thread-5] - Cannot connnect VM-125<->VM-143
 WARN 07-15 17:55:30,451 ExecutorChannelManagerMap:95 [pool-16-thread-5] - Cannot connnect VM-125<->VM-65
 WARN 07-15 17:55:30,451 ExecutorChannelManagerMap:95 [pool-16-thread-5] - Cannot connnect VM-125<->VM-142
 WARN 07-15 17:55:30,451 ExecutorChannelManagerMap:95 [pool-16-thread-5] - Cannot connnect VM-125<->VM-64
 WARN 07-15 17:55:30,451 ExecutorChannelManagerMap:95 [pool-16-thread-5] - Cannot connnect VM-125<->VM-141
 WARN 07-15 17:55:30,451 ExecutorChannelManagerMap:95 [pool-16-thread-5] - Cannot connnect VM-125<->VM-63
 WARN 07-15 17:55:30,451 ExecutorChannelManagerMap:95 [pool-16-thread-5] - Cannot connnect VM-125<->VM-148
 WARN 07-15 17:55:30,451 ExecutorChannelManagerMap:95 [pool-16-thread-5] - Cannot connnect VM-125<->VM-62
 WARN 07-15 17:55:30,451 ExecutorChannelManagerMap:95 [pool-16-thread-5] - Cannot connnect VM-125<->VM-147
 WARN 07-15 17:55:30,451 ExecutorChannelManagerMap:95 [pool-16-thread-5] - Cannot connnect VM-125<->VM-61
 WARN 07-15 17:55:30,451 ExecutorChannelManagerMap:95 [pool-16-thread-5] - Cannot connnect VM-125<->VM-146
 WARN 07-15 17:55:30,451 ExecutorChannelManagerMap:95 [pool-16-thread-5] - Cannot connnect VM-125<->VM-60
 WARN 07-15 17:55:30,451 ExecutorChannelManagerMap:95 [pool-16-thread-5] - Cannot connnect VM-125<->VM-145
 WARN 07-15 17:55:30,451 ExecutorChannelManagerMap:95 [pool-16-thread-5] - Cannot connnect VM-125<->VM-139
 WARN 07-15 17:55:30,451 ExecutorChannelManagerMap:95 [pool-16-thread-5] - Cannot connnect VM-125<->VM-138
 WARN 07-15 17:55:30,452 ExecutorChannelManagerMap:95 [pool-16-thread-5] - Cannot connnect VM-125<->VM-151
 WARN 07-15 17:55:30,452 ExecutorChannelManagerMap:95 [pool-16-thread-5] - Cannot connnect VM-125<->VM-150
 WARN 07-15 17:55:30,452 ExecutorChannelManagerMap:95 [pool-16-thread-5] - Cannot connnect VM-125<->VM-79
 WARN 07-15 17:55:30,452 ExecutorChannelManagerMap:95 [pool-16-thread-5] - Cannot connnect VM-125<->VM-78
 WARN 07-15 17:55:30,452 ExecutorChannelManagerMap:95 [pool-16-thread-5] - Cannot connnect VM-125<->VM-155
 WARN 07-15 17:55:30,452 ExecutorChannelManagerMap:95 [pool-16-thread-5] - Cannot connnect VM-125<->VM-77
 WARN 07-15 17:55:30,452 ExecutorChannelManagerMap:95 [pool-16-thread-5] - Cannot connnect VM-125<->VM-154
 WARN 07-15 17:55:30,452 ExecutorChannelManagerMap:95 [pool-16-thread-5] - Cannot connnect VM-125<->VM-76
 WARN 07-15 17:55:30,452 ExecutorChannelManagerMap:95 [pool-16-thread-5] - Cannot connnect VM-125<->VM-153
 WARN 07-15 17:55:30,452 ExecutorChannelManagerMap:95 [pool-16-thread-5] - Cannot connnect VM-125<->VM-75
 WARN 07-15 17:55:30,452 ExecutorChannelManagerMap:95 [pool-16-thread-5] - Cannot connnect VM-125<->VM-152
 WARN 07-15 17:55:30,452 ExecutorChannelManagerMap:95 [pool-16-thread-5] - Cannot connnect VM-125<->VM-74
 WARN 07-15 17:55:30,452 ExecutorChannelManagerMap:95 [pool-16-thread-5] - Cannot connnect VM-125<->VM-159
 WARN 07-15 17:55:30,452 ExecutorChannelManagerMap:95 [pool-16-thread-5] - Cannot connnect VM-125<->VM-73
 WARN 07-15 17:55:30,452 ExecutorChannelManagerMap:95 [pool-16-thread-5] - Cannot connnect VM-125<->VM-158
 WARN 07-15 17:55:30,452 ExecutorChannelManagerMap:95 [pool-16-thread-5] - Cannot connnect VM-125<->VM-72
 WARN 07-15 17:55:30,452 ExecutorChannelManagerMap:95 [pool-16-thread-5] - Cannot connnect VM-125<->VM-157
 WARN 07-15 17:55:30,452 ExecutorChannelManagerMap:95 [pool-16-thread-5] - Cannot connnect VM-125<->VM-71
 WARN 07-15 17:55:30,452 ExecutorChannelManagerMap:95 [pool-16-thread-5] - Cannot connnect VM-125<->VM-156
 WARN 07-15 17:55:30,452 ExecutorChannelManagerMap:95 [pool-16-thread-5] - Cannot connnect VM-125<->VM-70
 WARN 07-15 17:55:30,452 ExecutorChannelManagerMap:95 [pool-16-thread-5] - Cannot connnect VM-125<->VM-149
 WARN 07-15 17:55:30,452 ExecutorChannelManagerMap:95 [pool-16-thread-5] - Cannot connnect VM-125<->VM-49
 WARN 07-15 17:55:30,452 ExecutorChannelManagerMap:95 [pool-16-thread-5] - Cannot connnect VM-125<->VM-48
 WARN 07-15 17:55:30,452 ExecutorChannelManagerMap:95 [pool-16-thread-5] - Cannot connnect VM-125<->VM-47
 WARN 07-15 17:55:30,452 ExecutorChannelManagerMap:95 [pool-16-thread-5] - Cannot connnect VM-125<->VM-160
 WARN 07-15 17:55:30,452 ExecutorChannelManagerMap:95 [pool-16-thread-5] - Cannot connnect VM-125<->VM-46
 WARN 07-15 17:55:30,452 ExecutorChannelManagerMap:95 [pool-16-thread-5] - Cannot connnect VM-125<->VM-45
 WARN 07-15 17:55:30,452 ExecutorChannelManagerMap:95 [pool-16-thread-5] - Cannot connnect VM-125<->VM-6
 WARN 07-15 17:55:30,452 ExecutorChannelManagerMap:95 [pool-16-thread-5] - Cannot connnect VM-125<->VM-44
 WARN 07-15 17:55:30,452 ExecutorChannelManagerMap:95 [pool-16-thread-5] - Cannot connnect VM-125<->VM-7
 WARN 07-15 17:55:30,452 ExecutorChannelManagerMap:95 [pool-16-thread-5] - Cannot connnect VM-125<->VM-43
 WARN 07-15 17:55:30,452 ExecutorChannelManagerMap:95 [pool-16-thread-5] - Cannot connnect VM-125<->VM-8
 WARN 07-15 17:55:30,452 ExecutorChannelManagerMap:95 [pool-16-thread-5] - Cannot connnect VM-125<->VM-42
 WARN 07-15 17:55:30,452 ExecutorChannelManagerMap:95 [pool-16-thread-5] - Cannot connnect VM-125<->VM-9
 WARN 07-15 17:55:30,452 ExecutorChannelManagerMap:95 [pool-16-thread-5] - Cannot connnect VM-125<->VM-41
 WARN 07-15 17:55:30,452 ExecutorChannelManagerMap:95 [pool-16-thread-5] - Cannot connnect VM-125<->VM-40
 WARN 07-15 17:55:30,452 ExecutorChannelManagerMap:95 [pool-16-thread-5] - Cannot connnect VM-125<->VM-59
 WARN 07-15 17:55:30,452 ExecutorChannelManagerMap:95 [pool-16-thread-5] - Cannot connnect VM-125<->VM-58
 WARN 07-15 17:55:30,452 ExecutorChannelManagerMap:95 [pool-16-thread-5] - Cannot connnect VM-125<->VM-57
 WARN 07-15 17:55:30,452 ExecutorChannelManagerMap:95 [pool-16-thread-5] - Cannot connnect VM-125<->VM-56
 WARN 07-15 17:55:30,452 ExecutorChannelManagerMap:95 [pool-16-thread-5] - Cannot connnect VM-125<->VM-55
 WARN 07-15 17:55:30,452 ExecutorChannelManagerMap:95 [pool-16-thread-5] - Cannot connnect VM-125<->VM-54
 WARN 07-15 17:55:30,452 ExecutorChannelManagerMap:95 [pool-16-thread-5] - Cannot connnect VM-125<->VM-53
 WARN 07-15 17:55:30,452 ExecutorChannelManagerMap:95 [pool-16-thread-5] - Cannot connnect VM-125<->VM-52
 WARN 07-15 17:55:30,452 ExecutorChannelManagerMap:95 [pool-16-thread-5] - Cannot connnect VM-125<->VM-51
 WARN 07-15 17:55:30,452 ExecutorChannelManagerMap:95 [pool-16-thread-5] - Cannot connnect VM-125<->VM-50
 WARN 07-15 17:55:30,452 ExecutorChannelManagerMap:95 [pool-16-thread-5] - Cannot connnect VM-125<->VM-1
 WARN 07-15 17:55:30,452 ExecutorChannelManagerMap:95 [pool-16-thread-5] - Cannot connnect VM-125<->VM-2
 WARN 07-15 17:55:30,452 ExecutorChannelManagerMap:95 [pool-16-thread-5] - Cannot connnect VM-125<->VM-3
 WARN 07-15 17:55:30,452 ExecutorChannelManagerMap:95 [pool-16-thread-5] - Cannot connnect VM-125<->VM-4
 WARN 07-15 17:55:30,452 ExecutorChannelManagerMap:95 [pool-16-thread-5] - Cannot connnect VM-125<->VM-5
 WARN 07-15 17:55:30,452 ExecutorChannelManagerMap:95 [pool-16-thread-5] - Cannot connnect VM-125<->VM-29
 WARN 07-15 17:55:30,452 ExecutorChannelManagerMap:95 [pool-16-thread-5] - Cannot connnect VM-125<->VM-28
 WARN 07-15 17:55:30,453 ExecutorChannelManagerMap:95 [pool-16-thread-5] - Cannot connnect VM-125<->VM-27
 WARN 07-15 17:55:30,453 ExecutorChannelManagerMap:95 [pool-16-thread-5] - Cannot connnect VM-125<->VM-26
 WARN 07-15 17:55:30,453 ExecutorChannelManagerMap:95 [pool-16-thread-5] - Cannot connnect VM-125<->VM-25
 WARN 07-15 17:55:30,453 ExecutorChannelManagerMap:95 [pool-16-thread-5] - Cannot connnect VM-125<->VM-24
 WARN 07-15 17:55:30,453 ExecutorChannelManagerMap:95 [pool-16-thread-5] - Cannot connnect VM-125<->VM-100
 WARN 07-15 17:55:30,453 ExecutorChannelManagerMap:95 [pool-16-thread-5] - Cannot connnect VM-125<->VM-23
 WARN 07-15 17:55:30,453 ExecutorChannelManagerMap:95 [pool-16-thread-5] - Cannot connnect VM-125<->VM-22
 WARN 07-15 17:55:30,453 ExecutorChannelManagerMap:106 [pool-16-thread-5] - Executor Executor4 already registered
 WARN 07-15 17:55:30,453 ExecutorChannelManagerMap:95 [pool-16-thread-5] - Cannot connnect VM-125<->VM-21
 WARN 07-15 17:55:30,453 ExecutorChannelManagerMap:106 [pool-16-thread-5] - Executor Executor3 already registered
 WARN 07-15 17:55:30,453 ExecutorChannelManagerMap:95 [pool-16-thread-5] - Cannot connnect VM-125<->VM-20
 WARN 07-15 17:55:30,453 ExecutorChannelManagerMap:95 [pool-16-thread-5] - Cannot connnect VM-125<->VM-101
 WARN 07-15 17:55:30,453 ExecutorChannelManagerMap:95 [pool-16-thread-5] - Cannot connnect VM-125<->VM-39
 WARN 07-15 17:55:30,453 ExecutorChannelManagerMap:95 [pool-16-thread-5] - Cannot connnect VM-125<->VM-38
 WARN 07-15 17:55:30,453 ExecutorChannelManagerMap:95 [pool-16-thread-5] - Cannot connnect VM-125<->VM-37
 WARN 07-15 17:55:30,453 ExecutorChannelManagerMap:95 [pool-16-thread-5] - Cannot connnect VM-125<->VM-36
 WARN 07-15 17:55:30,453 ExecutorChannelManagerMap:95 [pool-16-thread-5] - Cannot connnect VM-125<->VM-35
 WARN 07-15 17:55:30,453 ExecutorChannelManagerMap:95 [pool-16-thread-5] - Cannot connnect VM-125<->VM-34
 WARN 07-15 17:55:30,453 ExecutorChannelManagerMap:95 [pool-16-thread-5] - Cannot connnect VM-125<->VM-111
 WARN 07-15 17:55:30,453 ExecutorChannelManagerMap:95 [pool-16-thread-5] - Cannot connnect VM-125<->VM-33
 WARN 07-15 17:55:30,453 ExecutorChannelManagerMap:95 [pool-16-thread-5] - Cannot connnect VM-125<->VM-110
 WARN 07-15 17:55:30,453 ExecutorChannelManagerMap:95 [pool-16-thread-5] - Cannot connnect VM-125<->VM-32
 WARN 07-15 17:55:30,453 ExecutorChannelManagerMap:95 [pool-16-thread-5] - Cannot connnect VM-125<->VM-31
 WARN 07-15 17:55:30,453 ExecutorChannelManagerMap:95 [pool-16-thread-5] - Cannot connnect VM-125<->VM-30
 WARN 07-15 17:55:30,453 ExecutorChannelManagerMap:95 [pool-16-thread-5] - Cannot connnect VM-125<->VM-115
 WARN 07-15 17:55:30,453 ExecutorChannelManagerMap:95 [pool-16-thread-5] - Cannot connnect VM-125<->VM-114
 WARN 07-15 17:55:30,453 ExecutorChannelManagerMap:95 [pool-16-thread-5] - Cannot connnect VM-125<->VM-113
 WARN 07-15 17:55:30,453 ExecutorChannelManagerMap:95 [pool-16-thread-5] - Cannot connnect VM-125<->VM-112
 WARN 07-15 17:55:30,453 ExecutorChannelManagerMap:95 [pool-16-thread-5] - Cannot connnect VM-125<->VM-108
 WARN 07-15 17:55:30,453 ExecutorChannelManagerMap:95 [pool-16-thread-5] - Cannot connnect VM-125<->VM-107
 WARN 07-15 17:55:30,453 ExecutorChannelManagerMap:95 [pool-16-thread-5] - Cannot connnect VM-125<->VM-106
 WARN 07-15 17:55:30,453 ExecutorChannelManagerMap:95 [pool-16-thread-5] - Cannot connnect VM-125<->VM-105
 WARN 07-15 17:55:30,453 ExecutorChannelManagerMap:106 [pool-16-thread-5] - Executor Executor2 already registered
 WARN 07-15 17:55:30,453 ExecutorChannelManagerMap:106 [pool-16-thread-5] - Executor Executor1 already registered
 WARN 07-15 17:55:30,453 ExecutorChannelManagerMap:106 [pool-16-thread-5] - Executor Executor0 already registered
 WARN 07-15 17:55:30,453 ExecutorChannelManagerMap:95 [pool-16-thread-5] - Cannot connnect VM-125<->VM-109
 INFO 07-15 17:55:30,442 Executor$ExecutorMessageReceiver:1433 [pool-16-thread-7] - Executor registered message received VM-89,VM-122,VM-88,VM-121,VM-87,VM-120,VM-86,VM-85,VM-126,VM-84,VM-83,VM-124,VM-82,VM-123,VM-81,VM-119,VM-80,VM-118,VM-117,VM-116,VM-19,VM-18,VM-17,VM-16,VM-15,VM-14,VM-13,VM-12,VM-133,VM-99,VM-11,VM-132,VM-98,VM-10,VM-131,VM-97,VM-130,VM-96,VM-137,VM-95,VM-136,VM-94,VM-135,VM-93,VM-134,VM-92,VM-91,VM-129,VM-90,VM-128,VM-127,VM-140,VM-69,VM-68,VM-67,VM-144,VM-66,VM-143,VM-65,VM-142,VM-64,VM-141,VM-63,VM-148,VM-62,VM-147,VM-61,VM-146,VM-60,VM-145,VM-139,VM-138,VM-151,VM-150,VM-79,VM-78,VM-155,VM-77,VM-154,VM-76,VM-153,VM-75,VM-152,VM-74,VM-159,VM-73,VM-158,VM-72,VM-157,VM-71,VM-156,VM-70,VM-149,VM-49,VM-48,VM-47,VM-160,VM-46,VM-45,VM-6,VM-44,VM-7,VM-43,VM-8,VM-42,VM-9,VM-41,VM-40,VM-59,VM-58,VM-57,VM-56,VM-55,VM-54,VM-53,VM-52,VM-51,VM-50,VM-1,VM-2,VM-3,VM-4,VM-5,VM-29,VM-28,VM-27,VM-26,VM-25,VM-24,VM-100,VM-23,VM-22,Executor4,VM-21,Executor3,VM-20,VM-101,VM-39,VM-38,VM-37,VM-36,VM-35,VM-34,VM-111,VM-33,VM-32,VM-31,VM-30,VM-115,VM-114,VM-113,VM-112,Executor2,Executor1,Executor0
 WARN 07-15 17:55:30,453 ExecutorChannelManagerMap:95 [pool-16-thread-7] - Cannot connnect VM-125<->VM-89
 WARN 07-15 17:55:30,453 ExecutorChannelManagerMap:95 [pool-16-thread-7] - Cannot connnect VM-125<->VM-122
 WARN 07-15 17:55:30,453 ExecutorChannelManagerMap:95 [pool-16-thread-7] - Cannot connnect VM-125<->VM-88
 WARN 07-15 17:55:30,453 ExecutorChannelManagerMap:95 [pool-16-thread-7] - Cannot connnect VM-125<->VM-121
 WARN 07-15 17:55:30,453 ExecutorChannelManagerMap:95 [pool-16-thread-7] - Cannot connnect VM-125<->VM-87
 WARN 07-15 17:55:30,453 ExecutorChannelManagerMap:95 [pool-16-thread-7] - Cannot connnect VM-125<->VM-120
 WARN 07-15 17:55:30,453 ExecutorChannelManagerMap:95 [pool-16-thread-7] - Cannot connnect VM-125<->VM-86
 WARN 07-15 17:55:30,454 ExecutorChannelManagerMap:95 [pool-16-thread-7] - Cannot connnect VM-125<->VM-85
 WARN 07-15 17:55:30,454 ExecutorChannelManagerMap:95 [pool-16-thread-7] - Cannot connnect VM-125<->VM-126
 WARN 07-15 17:55:30,454 ExecutorChannelManagerMap:95 [pool-16-thread-7] - Cannot connnect VM-125<->VM-84
 WARN 07-15 17:55:30,454 ExecutorChannelManagerMap:95 [pool-16-thread-7] - Cannot connnect VM-125<->VM-83
 WARN 07-15 17:55:30,454 ExecutorChannelManagerMap:95 [pool-16-thread-7] - Cannot connnect VM-125<->VM-124
 WARN 07-15 17:55:30,454 ExecutorChannelManagerMap:95 [pool-16-thread-7] - Cannot connnect VM-125<->VM-82
 WARN 07-15 17:55:30,454 ExecutorChannelManagerMap:95 [pool-16-thread-7] - Cannot connnect VM-125<->VM-123
 WARN 07-15 17:55:30,454 ExecutorChannelManagerMap:95 [pool-16-thread-7] - Cannot connnect VM-125<->VM-81
 WARN 07-15 17:55:30,454 ExecutorChannelManagerMap:95 [pool-16-thread-7] - Cannot connnect VM-125<->VM-119
 WARN 07-15 17:55:30,454 ExecutorChannelManagerMap:95 [pool-16-thread-7] - Cannot connnect VM-125<->VM-80
 WARN 07-15 17:55:30,454 ExecutorChannelManagerMap:95 [pool-16-thread-7] - Cannot connnect VM-125<->VM-118
 WARN 07-15 17:55:30,454 ExecutorChannelManagerMap:95 [pool-16-thread-7] - Cannot connnect VM-125<->VM-117
 WARN 07-15 17:55:30,454 ExecutorChannelManagerMap:95 [pool-16-thread-7] - Cannot connnect VM-125<->VM-116
 WARN 07-15 17:55:30,454 ExecutorChannelManagerMap:95 [pool-16-thread-7] - Cannot connnect VM-125<->VM-19
 WARN 07-15 17:55:30,454 ExecutorChannelManagerMap:95 [pool-16-thread-7] - Cannot connnect VM-125<->VM-18
 WARN 07-15 17:55:30,454 ExecutorChannelManagerMap:95 [pool-16-thread-7] - Cannot connnect VM-125<->VM-17
 WARN 07-15 17:55:30,454 ExecutorChannelManagerMap:95 [pool-16-thread-7] - Cannot connnect VM-125<->VM-16
 WARN 07-15 17:55:30,454 ExecutorChannelManagerMap:95 [pool-16-thread-7] - Cannot connnect VM-125<->VM-15
 WARN 07-15 17:55:30,454 ExecutorChannelManagerMap:95 [pool-16-thread-7] - Cannot connnect VM-125<->VM-14
 WARN 07-15 17:55:30,454 ExecutorChannelManagerMap:95 [pool-16-thread-7] - Cannot connnect VM-125<->VM-13
 WARN 07-15 17:55:30,454 ExecutorChannelManagerMap:95 [pool-16-thread-7] - Cannot connnect VM-125<->VM-12
 WARN 07-15 17:55:30,454 ExecutorChannelManagerMap:95 [pool-16-thread-7] - Cannot connnect VM-125<->VM-133
 WARN 07-15 17:55:30,454 ExecutorChannelManagerMap:95 [pool-16-thread-7] - Cannot connnect VM-125<->VM-99
 WARN 07-15 17:55:30,454 ExecutorChannelManagerMap:95 [pool-16-thread-7] - Cannot connnect VM-125<->VM-11
 WARN 07-15 17:55:30,454 ExecutorChannelManagerMap:95 [pool-16-thread-7] - Cannot connnect VM-125<->VM-132
 WARN 07-15 17:55:30,454 ExecutorChannelManagerMap:95 [pool-16-thread-7] - Cannot connnect VM-125<->VM-98
 WARN 07-15 17:55:30,454 ExecutorChannelManagerMap:95 [pool-16-thread-7] - Cannot connnect VM-125<->VM-10
 WARN 07-15 17:55:30,454 ExecutorChannelManagerMap:95 [pool-16-thread-7] - Cannot connnect VM-125<->VM-131
 WARN 07-15 17:55:30,454 ExecutorChannelManagerMap:95 [pool-16-thread-7] - Cannot connnect VM-125<->VM-97
 WARN 07-15 17:55:30,454 ExecutorChannelManagerMap:95 [pool-16-thread-7] - Cannot connnect VM-125<->VM-130
 WARN 07-15 17:55:30,454 ExecutorChannelManagerMap:95 [pool-16-thread-7] - Cannot connnect VM-125<->VM-96
 WARN 07-15 17:55:30,454 ExecutorChannelManagerMap:95 [pool-16-thread-7] - Cannot connnect VM-125<->VM-137
 WARN 07-15 17:55:30,454 ExecutorChannelManagerMap:95 [pool-16-thread-7] - Cannot connnect VM-125<->VM-95
 WARN 07-15 17:55:30,454 ExecutorChannelManagerMap:95 [pool-16-thread-7] - Cannot connnect VM-125<->VM-136
 WARN 07-15 17:55:30,454 ExecutorChannelManagerMap:95 [pool-16-thread-7] - Cannot connnect VM-125<->VM-94
 WARN 07-15 17:55:30,454 ExecutorChannelManagerMap:95 [pool-16-thread-7] - Cannot connnect VM-125<->VM-135
 WARN 07-15 17:55:30,454 ExecutorChannelManagerMap:95 [pool-16-thread-7] - Cannot connnect VM-125<->VM-93
 WARN 07-15 17:55:30,454 ExecutorChannelManagerMap:95 [pool-16-thread-7] - Cannot connnect VM-125<->VM-134
 WARN 07-15 17:55:30,454 ExecutorChannelManagerMap:95 [pool-16-thread-7] - Cannot connnect VM-125<->VM-92
 WARN 07-15 17:55:30,454 ExecutorChannelManagerMap:95 [pool-16-thread-7] - Cannot connnect VM-125<->VM-91
 WARN 07-15 17:55:30,454 ExecutorChannelManagerMap:95 [pool-16-thread-7] - Cannot connnect VM-125<->VM-129
 WARN 07-15 17:55:30,454 ExecutorChannelManagerMap:95 [pool-16-thread-7] - Cannot connnect VM-125<->VM-90
 WARN 07-15 17:55:30,454 ExecutorChannelManagerMap:95 [pool-16-thread-7] - Cannot connnect VM-125<->VM-128
 WARN 07-15 17:55:30,454 ExecutorChannelManagerMap:95 [pool-16-thread-7] - Cannot connnect VM-125<->VM-127
 INFO 07-15 17:55:30,440 Executor$ExecutorMessageReceiver:1433 [pool-16-thread-6] - Executor registered message received VM-89,VM-122,VM-88,VM-121,VM-87,VM-120,VM-86,VM-85,VM-126,VM-84,VM-83,VM-124,VM-82,VM-123,VM-81,VM-119,VM-80,VM-118,VM-117,VM-116,VM-19,VM-18,VM-17,VM-16,VM-15,VM-14,VM-13,VM-12,VM-133,VM-99,VM-11,VM-132,VM-98,VM-10,VM-131,VM-97,VM-130,VM-96,VM-137,VM-95,VM-136,VM-94,VM-135,VM-93,VM-134,VM-92,VM-91,VM-129,VM-90,VM-128,VM-127,VM-140,VM-69,VM-68,VM-67,VM-144,VM-66,VM-143,VM-65,VM-142,VM-64,VM-141,VM-63,VM-148,VM-62,VM-147,VM-61,VM-146,VM-60,VM-145,VM-139,VM-138,VM-151,VM-150,VM-79,VM-78,VM-155,VM-77,VM-154,VM-76,VM-153,VM-75,VM-152,VM-74,VM-159,VM-73,VM-158,VM-72,VM-157,VM-71,VM-156,VM-70,VM-149,VM-49,VM-48,VM-47,VM-160,VM-46,VM-45,VM-6,VM-44,VM-7,VM-43,VM-8,VM-42,VM-9,VM-41,VM-40,VM-59,VM-58,VM-57,VM-56,VM-55,VM-54,VM-53,VM-52,VM-51,VM-50,VM-1,VM-2,VM-3,VM-4,VM-5,VM-29,VM-28,VM-27,VM-26,VM-25,VM-24,VM-100,VM-23,VM-22,Executor4,VM-21,Executor3,VM-20,VM-101,VM-39,VM-38,VM-37,VM-36,VM-35,VM-34,VM-111,VM-33,VM-110,VM-32,VM-31,VM-30,VM-115,VM-114,VM-113,VM-112,VM-108,VM-107,VM-106,Executor2,Executor1,Executor0,VM-109
 INFO 07-15 17:55:30,440 Executor$ExecutorMessageReceiver:1433 [pool-16-thread-4] - Executor registered message received VM-89,VM-122,VM-88,VM-121,VM-87,VM-120,VM-86,VM-85,VM-126,VM-84,VM-83,VM-124,VM-82,VM-123,VM-81,VM-119,VM-80,VM-118,VM-117,VM-116,VM-19,VM-18,VM-17,VM-16,VM-15,VM-14,VM-13,VM-12,VM-133,VM-99,VM-11,VM-132,VM-98,VM-10,VM-131,VM-97,VM-130,VM-96,VM-137,VM-95,VM-136,VM-94,VM-135,VM-93,VM-134,VM-92,VM-91,VM-129,VM-90,VM-128,VM-127,VM-140,VM-69,VM-68,VM-67,VM-144,VM-66,VM-143,VM-65,VM-142,VM-64,VM-141,VM-63,VM-148,VM-62,VM-147,VM-61,VM-146,VM-60,VM-145,VM-139,VM-138,VM-151,VM-150,VM-79,VM-78,VM-155,VM-77,VM-154,VM-76,VM-153,VM-75,VM-152,VM-74,VM-159,VM-73,VM-158,VM-72,VM-157,VM-71,VM-156,VM-70,VM-149,VM-49,VM-48,VM-47,VM-160,VM-46,VM-45,VM-6,VM-44,VM-7,VM-43,VM-8,VM-42,VM-9,VM-41,VM-40,VM-59,VM-58,VM-57,VM-56,VM-55,VM-54,VM-53,VM-52,VM-51,VM-50,VM-1,VM-2,VM-3,VM-4,VM-5,VM-29,VM-28,VM-27,VM-26,VM-25,VM-24,VM-100,VM-23,VM-22,Executor4,VM-21,Executor3,VM-20,VM-101,VM-39,VM-38,VM-37,VM-36,VM-35,VM-34,VM-111,VM-33,VM-110,VM-32,VM-31,VM-30,VM-115,VM-114,VM-113,VM-112,Executor2,Executor1,Executor0,VM-109
 INFO 07-15 17:55:30,440 Executor$ExecutorMessageReceiver:1433 [pool-16-thread-3] - Executor registered message received VM-89,VM-122,VM-88,VM-121,VM-87,VM-120,VM-86,VM-85,VM-126,VM-84,VM-83,VM-124,VM-82,VM-123,VM-81,VM-119,VM-80,VM-118,VM-117,VM-116,VM-19,VM-18,VM-17,VM-16,VM-15,VM-14,VM-13,VM-12,VM-133,VM-99,VM-11,VM-132,VM-98,VM-10,VM-131,VM-97,VM-130,VM-96,VM-137,VM-95,VM-136,VM-94,VM-135,VM-93,VM-134,VM-92,VM-91,VM-129,VM-90,VM-128,VM-127,VM-140,VM-69,VM-68,VM-67,VM-144,VM-66,VM-143,VM-65,VM-142,VM-64,VM-141,VM-63,VM-148,VM-62,VM-147,VM-61,VM-146,VM-60,VM-145,VM-139,VM-138,VM-151,VM-150,VM-79,VM-78,VM-155,VM-77,VM-154,VM-76,VM-153,VM-75,VM-152,VM-74,VM-159,VM-73,VM-158,VM-72,VM-157,VM-71,VM-156,VM-70,VM-149,VM-49,VM-48,VM-47,VM-160,VM-46,VM-45,VM-6,VM-44,VM-7,VM-43,VM-8,VM-42,VM-9,VM-41,VM-40,VM-59,VM-58,VM-57,VM-56,VM-55,VM-54,VM-53,VM-52,VM-51,VM-50,VM-1,VM-2,VM-3,VM-4,VM-5,VM-29,VM-28,VM-27,VM-26,VM-25,VM-24,VM-100,VM-23,VM-22,Executor4,VM-21,Executor3,VM-20,VM-101,VM-39,VM-38,VM-37,VM-36,VM-35,VM-34,VM-111,VM-33,VM-110,VM-32,VM-31,VM-30,VM-115,VM-114,VM-113,VM-112,Executor2,Executor1,Executor0
 INFO 07-15 17:55:30,440 Executor$ExecutorMessageReceiver:1433 [pool-16-thread-2] - Executor registered message received VM-89,VM-122,VM-88,VM-121,VM-87,VM-120,VM-86,VM-85,VM-126,VM-84,VM-83,VM-124,VM-82,VM-123,VM-81,VM-119,VM-80,VM-118,VM-117,VM-116,VM-19,VM-18,VM-17,VM-16,VM-15,VM-14,VM-13,VM-12,VM-133,VM-99,VM-11,VM-132,VM-98,VM-10,VM-131,VM-97,VM-130,VM-96,VM-137,VM-95,VM-136,VM-94,VM-135,VM-93,VM-134,VM-92,VM-91,VM-129,VM-90,VM-128,VM-127,VM-140,VM-69,VM-68,VM-67,VM-144,VM-66,VM-143,VM-65,VM-142,VM-64,VM-141,VM-63,VM-148,VM-62,VM-147,VM-61,VM-146,VM-60,VM-145,VM-139,VM-138,VM-151,VM-150,VM-79,VM-78,VM-155,VM-77,VM-154,VM-76,VM-153,VM-75,VM-152,VM-74,VM-159,VM-73,VM-158,VM-72,VM-157,VM-71,VM-156,VM-70,VM-149,VM-49,VM-48,VM-47,VM-160,VM-46,VM-45,VM-6,VM-44,VM-7,VM-43,VM-8,VM-42,VM-9,VM-41,VM-40,VM-59,VM-58,VM-57,VM-56,VM-55,VM-54,VM-53,VM-52,VM-51,VM-50,VM-1,VM-2,VM-3,VM-4,VM-5,VM-29,VM-28,VM-27,VM-26,VM-25,VM-24,VM-100,VM-23,VM-22,Executor4,VM-21,Executor3,VM-20,VM-101,VM-39,VM-38,VM-37,VM-36,VM-35,VM-34,VM-111,VM-33,VM-110,VM-32,VM-31,VM-30,VM-115,VM-114,VM-113,VM-112,VM-108,VM-107,Executor2,Executor1,Executor0,VM-109
 INFO 07-15 17:55:30,440 Executor$ExecutorMessageReceiver:1433 [pool-16-thread-1] - Executor registered message received VM-89,VM-122,VM-88,VM-121,VM-87,VM-120,VM-86,VM-85,VM-126,VM-84,VM-83,VM-124,VM-82,VM-123,VM-81,VM-119,VM-80,VM-118,VM-117,VM-116,VM-19,VM-18,VM-17,VM-16,VM-15,VM-14,VM-13,VM-12,VM-133,VM-99,VM-11,VM-132,VM-98,VM-10,VM-131,VM-97,VM-130,VM-96,VM-137,VM-95,VM-136,VM-94,VM-135,VM-93,VM-134,VM-92,VM-91,VM-129,VM-90,VM-128,VM-127,VM-140,VM-69,VM-68,VM-67,VM-144,VM-66,VM-143,VM-65,VM-142,VM-64,VM-141,VM-63,VM-148,VM-62,VM-147,VM-61,VM-146,VM-60,VM-145,VM-139,VM-138,VM-151,VM-150,VM-79,VM-78,VM-155,VM-77,VM-154,VM-76,VM-153,VM-75,VM-152,VM-74,VM-159,VM-73,VM-158,VM-72,VM-157,VM-71,VM-156,VM-70,VM-149,VM-49,VM-48,VM-47,VM-160,VM-46,VM-45,VM-6,VM-44,VM-7,VM-43,VM-8,VM-42,VM-9,VM-41,VM-40,VM-59,VM-58,VM-57,VM-56,VM-55,VM-54,VM-53,VM-52,VM-51,VM-50,VM-1,VM-2,VM-3,VM-4,VM-5,VM-29,VM-28,VM-27,VM-26,VM-25,VM-24,VM-100,VM-23,VM-22,Executor4,VM-21,Executor3,VM-20,VM-101,VM-39,VM-38,VM-37,VM-36,VM-35,VM-34,VM-111,VM-33,VM-110,VM-32,VM-31,VM-30,VM-115,VM-114,VM-113,VM-112,VM-108,Executor2,Executor1,Executor0,VM-109
 INFO 07-15 17:55:30,456 Executor$ExecutorMessageReceiver:1433 [pool-16-thread-8] - Executor registered message received VM-89,VM-122,VM-88,VM-121,VM-87,VM-120,VM-86,VM-85,VM-126,VM-84,VM-83,VM-124,VM-82,VM-123,VM-81,VM-119,VM-80,VM-118,VM-117,VM-116,VM-19,VM-18,VM-17,VM-16,VM-15,VM-14,VM-13,VM-12,VM-133,VM-99,VM-11,VM-132,VM-98,VM-10,VM-131,VM-97,VM-130,VM-96,VM-137,VM-95,VM-136,VM-94,VM-135,VM-93,VM-134,VM-92,VM-91,VM-129,VM-90,VM-128,VM-127,VM-140,VM-69,VM-68,VM-67,VM-144,VM-66,VM-143,VM-65,VM-142,VM-64,VM-141,VM-63,VM-148,VM-62,VM-147,VM-61,VM-146,VM-60,VM-145,VM-139,VM-138,VM-151,VM-150,VM-79,VM-78,VM-155,VM-77,VM-154,VM-76,VM-153,VM-75,VM-152,VM-74,VM-159,VM-73,VM-158,VM-72,VM-157,VM-71,VM-156,VM-70,VM-149,VM-49,VM-48,VM-47,VM-160,VM-46,VM-45,VM-6,VM-44,VM-7,VM-43,VM-8,VM-42,VM-9,VM-41,VM-40,VM-59,VM-58,VM-57,VM-56,VM-55,VM-54,VM-53,VM-52,VM-51,VM-50,VM-1,VM-2,VM-3,VM-4,VM-5,VM-29,VM-28,VM-27,VM-26,VM-25,VM-24,VM-100,VM-23,VM-22,Executor4,VM-21,Executor3,VM-20,VM-101,VM-39,VM-38,VM-37,VM-36,VM-35,VM-34,VM-33,VM-32,VM-31,VM-30,VM-115,VM-114,VM-113,VM-112,Executor2,Executor1,Executor0
 WARN 07-15 17:55:30,454 ExecutorChannelManagerMap:95 [pool-16-thread-7] - Cannot connnect VM-125<->VM-140
 WARN 07-15 17:55:30,462 ExecutorChannelManagerMap:95 [pool-16-thread-7] - Cannot connnect VM-125<->VM-69
 WARN 07-15 17:55:30,462 ExecutorChannelManagerMap:95 [pool-16-thread-7] - Cannot connnect VM-125<->VM-68
 WARN 07-15 17:55:30,462 ExecutorChannelManagerMap:95 [pool-16-thread-7] - Cannot connnect VM-125<->VM-67
 WARN 07-15 17:55:30,462 ExecutorChannelManagerMap:95 [pool-16-thread-7] - Cannot connnect VM-125<->VM-144
 WARN 07-15 17:55:30,462 ExecutorChannelManagerMap:95 [pool-16-thread-7] - Cannot connnect VM-125<->VM-66
 WARN 07-15 17:55:30,462 ExecutorChannelManagerMap:95 [pool-16-thread-7] - Cannot connnect VM-125<->VM-143
 WARN 07-15 17:55:30,462 ExecutorChannelManagerMap:95 [pool-16-thread-7] - Cannot connnect VM-125<->VM-65
 WARN 07-15 17:55:30,462 ExecutorChannelManagerMap:95 [pool-16-thread-7] - Cannot connnect VM-125<->VM-142
 WARN 07-15 17:55:30,462 ExecutorChannelManagerMap:95 [pool-16-thread-7] - Cannot connnect VM-125<->VM-64
 WARN 07-15 17:55:30,462 ExecutorChannelManagerMap:95 [pool-16-thread-7] - Cannot connnect VM-125<->VM-141
 WARN 07-15 17:55:30,462 ExecutorChannelManagerMap:95 [pool-16-thread-7] - Cannot connnect VM-125<->VM-63
 WARN 07-15 17:55:30,462 ExecutorChannelManagerMap:95 [pool-16-thread-7] - Cannot connnect VM-125<->VM-148
 WARN 07-15 17:55:30,462 ExecutorChannelManagerMap:95 [pool-16-thread-7] - Cannot connnect VM-125<->VM-62
 WARN 07-15 17:55:30,462 ExecutorChannelManagerMap:95 [pool-16-thread-7] - Cannot connnect VM-125<->VM-147
 WARN 07-15 17:55:30,462 ExecutorChannelManagerMap:95 [pool-16-thread-7] - Cannot connnect VM-125<->VM-61
 WARN 07-15 17:55:30,462 ExecutorChannelManagerMap:95 [pool-16-thread-7] - Cannot connnect VM-125<->VM-146
 WARN 07-15 17:55:30,462 ExecutorChannelManagerMap:95 [pool-16-thread-7] - Cannot connnect VM-125<->VM-60
 WARN 07-15 17:55:30,462 ExecutorChannelManagerMap:95 [pool-16-thread-7] - Cannot connnect VM-125<->VM-145
 WARN 07-15 17:55:30,462 ExecutorChannelManagerMap:95 [pool-16-thread-7] - Cannot connnect VM-125<->VM-139
 WARN 07-15 17:55:30,462 ExecutorChannelManagerMap:95 [pool-16-thread-7] - Cannot connnect VM-125<->VM-138
 WARN 07-15 17:55:30,462 ExecutorChannelManagerMap:95 [pool-16-thread-7] - Cannot connnect VM-125<->VM-151
 WARN 07-15 17:55:30,462 ExecutorChannelManagerMap:95 [pool-16-thread-7] - Cannot connnect VM-125<->VM-150
 WARN 07-15 17:55:30,462 ExecutorChannelManagerMap:95 [pool-16-thread-7] - Cannot connnect VM-125<->VM-79
 WARN 07-15 17:55:30,462 ExecutorChannelManagerMap:95 [pool-16-thread-7] - Cannot connnect VM-125<->VM-78
 WARN 07-15 17:55:30,462 ExecutorChannelManagerMap:95 [pool-16-thread-7] - Cannot connnect VM-125<->VM-155
 WARN 07-15 17:55:30,462 ExecutorChannelManagerMap:95 [pool-16-thread-7] - Cannot connnect VM-125<->VM-77
 WARN 07-15 17:55:30,462 ExecutorChannelManagerMap:95 [pool-16-thread-7] - Cannot connnect VM-125<->VM-154
 WARN 07-15 17:55:30,462 ExecutorChannelManagerMap:95 [pool-16-thread-7] - Cannot connnect VM-125<->VM-76
 WARN 07-15 17:55:30,462 ExecutorChannelManagerMap:95 [pool-16-thread-7] - Cannot connnect VM-125<->VM-153
 WARN 07-15 17:55:30,462 ExecutorChannelManagerMap:95 [pool-16-thread-7] - Cannot connnect VM-125<->VM-75
 WARN 07-15 17:55:30,462 ExecutorChannelManagerMap:95 [pool-16-thread-7] - Cannot connnect VM-125<->VM-152
 WARN 07-15 17:55:30,462 ExecutorChannelManagerMap:95 [pool-16-thread-7] - Cannot connnect VM-125<->VM-74
 WARN 07-15 17:55:30,462 ExecutorChannelManagerMap:95 [pool-16-thread-7] - Cannot connnect VM-125<->VM-159
 WARN 07-15 17:55:30,462 ExecutorChannelManagerMap:95 [pool-16-thread-7] - Cannot connnect VM-125<->VM-73
 WARN 07-15 17:55:30,462 ExecutorChannelManagerMap:95 [pool-16-thread-7] - Cannot connnect VM-125<->VM-158
 WARN 07-15 17:55:30,462 ExecutorChannelManagerMap:95 [pool-16-thread-7] - Cannot connnect VM-125<->VM-72
 WARN 07-15 17:55:30,462 ExecutorChannelManagerMap:95 [pool-16-thread-7] - Cannot connnect VM-125<->VM-157
 WARN 07-15 17:55:30,463 ExecutorChannelManagerMap:95 [pool-16-thread-7] - Cannot connnect VM-125<->VM-71
 WARN 07-15 17:55:30,463 ExecutorChannelManagerMap:95 [pool-16-thread-7] - Cannot connnect VM-125<->VM-156
 WARN 07-15 17:55:30,463 ExecutorChannelManagerMap:95 [pool-16-thread-7] - Cannot connnect VM-125<->VM-70
 WARN 07-15 17:55:30,463 ExecutorChannelManagerMap:95 [pool-16-thread-7] - Cannot connnect VM-125<->VM-149
 WARN 07-15 17:55:30,463 ExecutorChannelManagerMap:95 [pool-16-thread-7] - Cannot connnect VM-125<->VM-49
 WARN 07-15 17:55:30,463 ExecutorChannelManagerMap:95 [pool-16-thread-7] - Cannot connnect VM-125<->VM-48
 WARN 07-15 17:55:30,463 ExecutorChannelManagerMap:95 [pool-16-thread-7] - Cannot connnect VM-125<->VM-47
 WARN 07-15 17:55:30,463 ExecutorChannelManagerMap:95 [pool-16-thread-7] - Cannot connnect VM-125<->VM-160
 WARN 07-15 17:55:30,463 ExecutorChannelManagerMap:95 [pool-16-thread-7] - Cannot connnect VM-125<->VM-46
 WARN 07-15 17:55:30,463 ExecutorChannelManagerMap:95 [pool-16-thread-7] - Cannot connnect VM-125<->VM-45
 WARN 07-15 17:55:30,463 ExecutorChannelManagerMap:95 [pool-16-thread-7] - Cannot connnect VM-125<->VM-6
 WARN 07-15 17:55:30,463 ExecutorChannelManagerMap:95 [pool-16-thread-7] - Cannot connnect VM-125<->VM-44
 WARN 07-15 17:55:30,463 ExecutorChannelManagerMap:95 [pool-16-thread-7] - Cannot connnect VM-125<->VM-7
 WARN 07-15 17:55:30,463 ExecutorChannelManagerMap:95 [pool-16-thread-7] - Cannot connnect VM-125<->VM-43
 WARN 07-15 17:55:30,463 ExecutorChannelManagerMap:95 [pool-16-thread-7] - Cannot connnect VM-125<->VM-8
 WARN 07-15 17:55:30,463 ExecutorChannelManagerMap:95 [pool-16-thread-7] - Cannot connnect VM-125<->VM-42
 WARN 07-15 17:55:30,463 ExecutorChannelManagerMap:95 [pool-16-thread-7] - Cannot connnect VM-125<->VM-9
 WARN 07-15 17:55:30,463 ExecutorChannelManagerMap:95 [pool-16-thread-7] - Cannot connnect VM-125<->VM-41
 WARN 07-15 17:55:30,463 ExecutorChannelManagerMap:95 [pool-16-thread-7] - Cannot connnect VM-125<->VM-40
 WARN 07-15 17:55:30,463 ExecutorChannelManagerMap:95 [pool-16-thread-7] - Cannot connnect VM-125<->VM-59
 WARN 07-15 17:55:30,463 ExecutorChannelManagerMap:95 [pool-16-thread-7] - Cannot connnect VM-125<->VM-58
 WARN 07-15 17:55:30,463 ExecutorChannelManagerMap:95 [pool-16-thread-7] - Cannot connnect VM-125<->VM-57
 WARN 07-15 17:55:30,463 ExecutorChannelManagerMap:95 [pool-16-thread-7] - Cannot connnect VM-125<->VM-56
 WARN 07-15 17:55:30,463 ExecutorChannelManagerMap:95 [pool-16-thread-7] - Cannot connnect VM-125<->VM-55
 WARN 07-15 17:55:30,463 ExecutorChannelManagerMap:95 [pool-16-thread-7] - Cannot connnect VM-125<->VM-54
 WARN 07-15 17:55:30,463 ExecutorChannelManagerMap:95 [pool-16-thread-7] - Cannot connnect VM-125<->VM-53
 WARN 07-15 17:55:30,463 ExecutorChannelManagerMap:95 [pool-16-thread-7] - Cannot connnect VM-125<->VM-52
 WARN 07-15 17:55:30,463 ExecutorChannelManagerMap:95 [pool-16-thread-7] - Cannot connnect VM-125<->VM-51
 WARN 07-15 17:55:30,463 ExecutorChannelManagerMap:95 [pool-16-thread-7] - Cannot connnect VM-125<->VM-50
 WARN 07-15 17:55:30,463 ExecutorChannelManagerMap:95 [pool-16-thread-7] - Cannot connnect VM-125<->VM-1
 WARN 07-15 17:55:30,463 ExecutorChannelManagerMap:95 [pool-16-thread-7] - Cannot connnect VM-125<->VM-2
 WARN 07-15 17:55:30,463 ExecutorChannelManagerMap:95 [pool-16-thread-7] - Cannot connnect VM-125<->VM-3
 WARN 07-15 17:55:30,463 ExecutorChannelManagerMap:95 [pool-16-thread-7] - Cannot connnect VM-125<->VM-4
 WARN 07-15 17:55:30,463 ExecutorChannelManagerMap:95 [pool-16-thread-7] - Cannot connnect VM-125<->VM-5
 WARN 07-15 17:55:30,463 ExecutorChannelManagerMap:95 [pool-16-thread-7] - Cannot connnect VM-125<->VM-29
 WARN 07-15 17:55:30,463 ExecutorChannelManagerMap:95 [pool-16-thread-7] - Cannot connnect VM-125<->VM-28
 WARN 07-15 17:55:30,463 ExecutorChannelManagerMap:95 [pool-16-thread-7] - Cannot connnect VM-125<->VM-27
 WARN 07-15 17:55:30,463 ExecutorChannelManagerMap:95 [pool-16-thread-7] - Cannot connnect VM-125<->VM-26
 WARN 07-15 17:55:30,463 ExecutorChannelManagerMap:95 [pool-16-thread-7] - Cannot connnect VM-125<->VM-25
 WARN 07-15 17:55:30,463 ExecutorChannelManagerMap:95 [pool-16-thread-7] - Cannot connnect VM-125<->VM-24
 WARN 07-15 17:55:30,463 ExecutorChannelManagerMap:95 [pool-16-thread-7] - Cannot connnect VM-125<->VM-100
 WARN 07-15 17:55:30,463 ExecutorChannelManagerMap:95 [pool-16-thread-7] - Cannot connnect VM-125<->VM-23
 WARN 07-15 17:55:30,463 ExecutorChannelManagerMap:95 [pool-16-thread-7] - Cannot connnect VM-125<->VM-22
 WARN 07-15 17:55:30,463 ExecutorChannelManagerMap:106 [pool-16-thread-7] - Executor Executor4 already registered
 WARN 07-15 17:55:30,463 ExecutorChannelManagerMap:95 [pool-16-thread-7] - Cannot connnect VM-125<->VM-21
 WARN 07-15 17:55:30,463 ExecutorChannelManagerMap:106 [pool-16-thread-7] - Executor Executor3 already registered
 WARN 07-15 17:55:30,463 ExecutorChannelManagerMap:95 [pool-16-thread-7] - Cannot connnect VM-125<->VM-20
 WARN 07-15 17:55:30,463 ExecutorChannelManagerMap:95 [pool-16-thread-7] - Cannot connnect VM-125<->VM-101
 WARN 07-15 17:55:30,463 ExecutorChannelManagerMap:95 [pool-16-thread-7] - Cannot connnect VM-125<->VM-39
 WARN 07-15 17:55:30,463 ExecutorChannelManagerMap:95 [pool-16-thread-7] - Cannot connnect VM-125<->VM-38
 WARN 07-15 17:55:30,463 ExecutorChannelManagerMap:95 [pool-16-thread-7] - Cannot connnect VM-125<->VM-37
 WARN 07-15 17:55:30,463 ExecutorChannelManagerMap:95 [pool-16-thread-7] - Cannot connnect VM-125<->VM-36
 WARN 07-15 17:55:30,463 ExecutorChannelManagerMap:95 [pool-16-thread-7] - Cannot connnect VM-125<->VM-35
 WARN 07-15 17:55:30,463 ExecutorChannelManagerMap:95 [pool-16-thread-7] - Cannot connnect VM-125<->VM-34
 WARN 07-15 17:55:30,464 ExecutorChannelManagerMap:95 [pool-16-thread-7] - Cannot connnect VM-125<->VM-111
 WARN 07-15 17:55:30,464 ExecutorChannelManagerMap:95 [pool-16-thread-7] - Cannot connnect VM-125<->VM-33
 WARN 07-15 17:55:30,464 ExecutorChannelManagerMap:95 [pool-16-thread-7] - Cannot connnect VM-125<->VM-32
 WARN 07-15 17:55:30,464 ExecutorChannelManagerMap:95 [pool-16-thread-7] - Cannot connnect VM-125<->VM-31
 WARN 07-15 17:55:30,464 ExecutorChannelManagerMap:95 [pool-16-thread-7] - Cannot connnect VM-125<->VM-30
 WARN 07-15 17:55:30,464 ExecutorChannelManagerMap:95 [pool-16-thread-7] - Cannot connnect VM-125<->VM-115
 WARN 07-15 17:55:30,464 ExecutorChannelManagerMap:95 [pool-16-thread-7] - Cannot connnect VM-125<->VM-114
 WARN 07-15 17:55:30,464 ExecutorChannelManagerMap:95 [pool-16-thread-7] - Cannot connnect VM-125<->VM-113
 WARN 07-15 17:55:30,464 ExecutorChannelManagerMap:95 [pool-16-thread-7] - Cannot connnect VM-125<->VM-112
 WARN 07-15 17:55:30,464 ExecutorChannelManagerMap:106 [pool-16-thread-7] - Executor Executor2 already registered
 WARN 07-15 17:55:30,464 ExecutorChannelManagerMap:106 [pool-16-thread-7] - Executor Executor1 already registered
 WARN 07-15 17:55:30,464 ExecutorChannelManagerMap:106 [pool-16-thread-7] - Executor Executor0 already registered
 WARN 07-15 17:55:30,464 ExecutorChannelManagerMap:95 [pool-16-thread-8] - Cannot connnect VM-125<->VM-89
 WARN 07-15 17:55:30,464 ExecutorChannelManagerMap:95 [pool-16-thread-1] - Cannot connnect VM-125<->VM-89
 WARN 07-15 17:55:30,464 ExecutorChannelManagerMap:95 [pool-16-thread-1] - Cannot connnect VM-125<->VM-122
 WARN 07-15 17:55:30,464 ExecutorChannelManagerMap:95 [pool-16-thread-1] - Cannot connnect VM-125<->VM-88
 WARN 07-15 17:55:30,464 ExecutorChannelManagerMap:95 [pool-16-thread-1] - Cannot connnect VM-125<->VM-121
 WARN 07-15 17:55:30,464 ExecutorChannelManagerMap:95 [pool-16-thread-1] - Cannot connnect VM-125<->VM-87
 WARN 07-15 17:55:30,464 ExecutorChannelManagerMap:95 [pool-16-thread-1] - Cannot connnect VM-125<->VM-120
 WARN 07-15 17:55:30,464 ExecutorChannelManagerMap:95 [pool-16-thread-1] - Cannot connnect VM-125<->VM-86
 WARN 07-15 17:55:30,464 ExecutorChannelManagerMap:95 [pool-16-thread-1] - Cannot connnect VM-125<->VM-85
 WARN 07-15 17:55:30,464 ExecutorChannelManagerMap:95 [pool-16-thread-1] - Cannot connnect VM-125<->VM-126
 WARN 07-15 17:55:30,464 ExecutorChannelManagerMap:95 [pool-16-thread-1] - Cannot connnect VM-125<->VM-84
 WARN 07-15 17:55:30,464 ExecutorChannelManagerMap:95 [pool-16-thread-1] - Cannot connnect VM-125<->VM-83
 WARN 07-15 17:55:30,464 ExecutorChannelManagerMap:95 [pool-16-thread-1] - Cannot connnect VM-125<->VM-124
 WARN 07-15 17:55:30,464 ExecutorChannelManagerMap:95 [pool-16-thread-1] - Cannot connnect VM-125<->VM-82
 WARN 07-15 17:55:30,464 ExecutorChannelManagerMap:95 [pool-16-thread-1] - Cannot connnect VM-125<->VM-123
 WARN 07-15 17:55:30,464 ExecutorChannelManagerMap:95 [pool-16-thread-1] - Cannot connnect VM-125<->VM-81
 WARN 07-15 17:55:30,464 ExecutorChannelManagerMap:95 [pool-16-thread-1] - Cannot connnect VM-125<->VM-119
 WARN 07-15 17:55:30,464 ExecutorChannelManagerMap:95 [pool-16-thread-1] - Cannot connnect VM-125<->VM-80
 WARN 07-15 17:55:30,464 ExecutorChannelManagerMap:95 [pool-16-thread-1] - Cannot connnect VM-125<->VM-118
 WARN 07-15 17:55:30,464 ExecutorChannelManagerMap:95 [pool-16-thread-1] - Cannot connnect VM-125<->VM-117
 WARN 07-15 17:55:30,464 ExecutorChannelManagerMap:95 [pool-16-thread-1] - Cannot connnect VM-125<->VM-116
 WARN 07-15 17:55:30,464 ExecutorChannelManagerMap:95 [pool-16-thread-1] - Cannot connnect VM-125<->VM-19
 WARN 07-15 17:55:30,464 ExecutorChannelManagerMap:95 [pool-16-thread-1] - Cannot connnect VM-125<->VM-18
 WARN 07-15 17:55:30,464 ExecutorChannelManagerMap:95 [pool-16-thread-1] - Cannot connnect VM-125<->VM-17
 WARN 07-15 17:55:30,464 ExecutorChannelManagerMap:95 [pool-16-thread-1] - Cannot connnect VM-125<->VM-16
 WARN 07-15 17:55:30,464 ExecutorChannelManagerMap:95 [pool-16-thread-1] - Cannot connnect VM-125<->VM-15
 WARN 07-15 17:55:30,464 ExecutorChannelManagerMap:95 [pool-16-thread-1] - Cannot connnect VM-125<->VM-14
 WARN 07-15 17:55:30,464 ExecutorChannelManagerMap:95 [pool-16-thread-1] - Cannot connnect VM-125<->VM-13
 WARN 07-15 17:55:30,464 ExecutorChannelManagerMap:95 [pool-16-thread-1] - Cannot connnect VM-125<->VM-12
 WARN 07-15 17:55:30,464 ExecutorChannelManagerMap:95 [pool-16-thread-1] - Cannot connnect VM-125<->VM-133
 WARN 07-15 17:55:30,464 ExecutorChannelManagerMap:95 [pool-16-thread-1] - Cannot connnect VM-125<->VM-99
 WARN 07-15 17:55:30,464 ExecutorChannelManagerMap:95 [pool-16-thread-1] - Cannot connnect VM-125<->VM-11
 WARN 07-15 17:55:30,464 ExecutorChannelManagerMap:95 [pool-16-thread-1] - Cannot connnect VM-125<->VM-132
 WARN 07-15 17:55:30,464 ExecutorChannelManagerMap:95 [pool-16-thread-1] - Cannot connnect VM-125<->VM-98
 WARN 07-15 17:55:30,464 ExecutorChannelManagerMap:95 [pool-16-thread-1] - Cannot connnect VM-125<->VM-10
 WARN 07-15 17:55:30,464 ExecutorChannelManagerMap:95 [pool-16-thread-1] - Cannot connnect VM-125<->VM-131
 WARN 07-15 17:55:30,464 ExecutorChannelManagerMap:95 [pool-16-thread-1] - Cannot connnect VM-125<->VM-97
 WARN 07-15 17:55:30,465 ExecutorChannelManagerMap:95 [pool-16-thread-1] - Cannot connnect VM-125<->VM-130
 WARN 07-15 17:55:30,465 ExecutorChannelManagerMap:95 [pool-16-thread-1] - Cannot connnect VM-125<->VM-96
 WARN 07-15 17:55:30,465 ExecutorChannelManagerMap:95 [pool-16-thread-1] - Cannot connnect VM-125<->VM-137
 WARN 07-15 17:55:30,465 ExecutorChannelManagerMap:95 [pool-16-thread-1] - Cannot connnect VM-125<->VM-95
 WARN 07-15 17:55:30,465 ExecutorChannelManagerMap:95 [pool-16-thread-1] - Cannot connnect VM-125<->VM-136
 WARN 07-15 17:55:30,465 ExecutorChannelManagerMap:95 [pool-16-thread-1] - Cannot connnect VM-125<->VM-94
 WARN 07-15 17:55:30,465 ExecutorChannelManagerMap:95 [pool-16-thread-1] - Cannot connnect VM-125<->VM-135
 WARN 07-15 17:55:30,465 ExecutorChannelManagerMap:95 [pool-16-thread-1] - Cannot connnect VM-125<->VM-93
 WARN 07-15 17:55:30,465 ExecutorChannelManagerMap:95 [pool-16-thread-1] - Cannot connnect VM-125<->VM-134
 WARN 07-15 17:55:30,465 ExecutorChannelManagerMap:95 [pool-16-thread-1] - Cannot connnect VM-125<->VM-92
 WARN 07-15 17:55:30,465 ExecutorChannelManagerMap:95 [pool-16-thread-1] - Cannot connnect VM-125<->VM-91
 WARN 07-15 17:55:30,465 ExecutorChannelManagerMap:95 [pool-16-thread-1] - Cannot connnect VM-125<->VM-129
 WARN 07-15 17:55:30,465 ExecutorChannelManagerMap:95 [pool-16-thread-1] - Cannot connnect VM-125<->VM-90
 WARN 07-15 17:55:30,465 ExecutorChannelManagerMap:95 [pool-16-thread-1] - Cannot connnect VM-125<->VM-128
 WARN 07-15 17:55:30,465 ExecutorChannelManagerMap:95 [pool-16-thread-1] - Cannot connnect VM-125<->VM-127
 WARN 07-15 17:55:30,465 ExecutorChannelManagerMap:95 [pool-16-thread-1] - Cannot connnect VM-125<->VM-140
 WARN 07-15 17:55:30,465 ExecutorChannelManagerMap:95 [pool-16-thread-1] - Cannot connnect VM-125<->VM-69
 WARN 07-15 17:55:30,465 ExecutorChannelManagerMap:95 [pool-16-thread-1] - Cannot connnect VM-125<->VM-68
 WARN 07-15 17:55:30,465 ExecutorChannelManagerMap:95 [pool-16-thread-1] - Cannot connnect VM-125<->VM-67
 WARN 07-15 17:55:30,465 ExecutorChannelManagerMap:95 [pool-16-thread-1] - Cannot connnect VM-125<->VM-144
 WARN 07-15 17:55:30,465 ExecutorChannelManagerMap:95 [pool-16-thread-1] - Cannot connnect VM-125<->VM-66
 WARN 07-15 17:55:30,465 ExecutorChannelManagerMap:95 [pool-16-thread-1] - Cannot connnect VM-125<->VM-143
 WARN 07-15 17:55:30,465 ExecutorChannelManagerMap:95 [pool-16-thread-1] - Cannot connnect VM-125<->VM-65
 WARN 07-15 17:55:30,465 ExecutorChannelManagerMap:95 [pool-16-thread-1] - Cannot connnect VM-125<->VM-142
 WARN 07-15 17:55:30,465 ExecutorChannelManagerMap:95 [pool-16-thread-1] - Cannot connnect VM-125<->VM-64
 WARN 07-15 17:55:30,465 ExecutorChannelManagerMap:95 [pool-16-thread-1] - Cannot connnect VM-125<->VM-141
 WARN 07-15 17:55:30,465 ExecutorChannelManagerMap:95 [pool-16-thread-1] - Cannot connnect VM-125<->VM-63
 WARN 07-15 17:55:30,465 ExecutorChannelManagerMap:95 [pool-16-thread-1] - Cannot connnect VM-125<->VM-148
 WARN 07-15 17:55:30,465 ExecutorChannelManagerMap:95 [pool-16-thread-1] - Cannot connnect VM-125<->VM-62
 WARN 07-15 17:55:30,465 ExecutorChannelManagerMap:95 [pool-16-thread-1] - Cannot connnect VM-125<->VM-147
 WARN 07-15 17:55:30,465 ExecutorChannelManagerMap:95 [pool-16-thread-1] - Cannot connnect VM-125<->VM-61
 WARN 07-15 17:55:30,465 ExecutorChannelManagerMap:95 [pool-16-thread-1] - Cannot connnect VM-125<->VM-146
 WARN 07-15 17:55:30,465 ExecutorChannelManagerMap:95 [pool-16-thread-1] - Cannot connnect VM-125<->VM-60
 WARN 07-15 17:55:30,465 ExecutorChannelManagerMap:95 [pool-16-thread-1] - Cannot connnect VM-125<->VM-145
 WARN 07-15 17:55:30,465 ExecutorChannelManagerMap:95 [pool-16-thread-1] - Cannot connnect VM-125<->VM-139
 WARN 07-15 17:55:30,465 ExecutorChannelManagerMap:95 [pool-16-thread-1] - Cannot connnect VM-125<->VM-138
 WARN 07-15 17:55:30,465 ExecutorChannelManagerMap:95 [pool-16-thread-1] - Cannot connnect VM-125<->VM-151
 WARN 07-15 17:55:30,465 ExecutorChannelManagerMap:95 [pool-16-thread-1] - Cannot connnect VM-125<->VM-150
 WARN 07-15 17:55:30,465 ExecutorChannelManagerMap:95 [pool-16-thread-1] - Cannot connnect VM-125<->VM-79
 WARN 07-15 17:55:30,465 ExecutorChannelManagerMap:95 [pool-16-thread-1] - Cannot connnect VM-125<->VM-78
 WARN 07-15 17:55:30,465 ExecutorChannelManagerMap:95 [pool-16-thread-1] - Cannot connnect VM-125<->VM-155
 WARN 07-15 17:55:30,465 ExecutorChannelManagerMap:95 [pool-16-thread-1] - Cannot connnect VM-125<->VM-77
 WARN 07-15 17:55:30,465 ExecutorChannelManagerMap:95 [pool-16-thread-1] - Cannot connnect VM-125<->VM-154
 WARN 07-15 17:55:30,465 ExecutorChannelManagerMap:95 [pool-16-thread-1] - Cannot connnect VM-125<->VM-76
 WARN 07-15 17:55:30,465 ExecutorChannelManagerMap:95 [pool-16-thread-1] - Cannot connnect VM-125<->VM-153
 WARN 07-15 17:55:30,465 ExecutorChannelManagerMap:95 [pool-16-thread-1] - Cannot connnect VM-125<->VM-75
 WARN 07-15 17:55:30,465 ExecutorChannelManagerMap:95 [pool-16-thread-1] - Cannot connnect VM-125<->VM-152
 WARN 07-15 17:55:30,465 ExecutorChannelManagerMap:95 [pool-16-thread-1] - Cannot connnect VM-125<->VM-74
 WARN 07-15 17:55:30,465 ExecutorChannelManagerMap:95 [pool-16-thread-1] - Cannot connnect VM-125<->VM-159
 WARN 07-15 17:55:30,465 ExecutorChannelManagerMap:95 [pool-16-thread-1] - Cannot connnect VM-125<->VM-73
 WARN 07-15 17:55:30,465 ExecutorChannelManagerMap:95 [pool-16-thread-1] - Cannot connnect VM-125<->VM-158
 WARN 07-15 17:55:30,465 ExecutorChannelManagerMap:95 [pool-16-thread-1] - Cannot connnect VM-125<->VM-72
 WARN 07-15 17:55:30,465 ExecutorChannelManagerMap:95 [pool-16-thread-1] - Cannot connnect VM-125<->VM-157
 WARN 07-15 17:55:30,465 ExecutorChannelManagerMap:95 [pool-16-thread-1] - Cannot connnect VM-125<->VM-71
 WARN 07-15 17:55:30,465 ExecutorChannelManagerMap:95 [pool-16-thread-1] - Cannot connnect VM-125<->VM-156
 WARN 07-15 17:55:30,465 ExecutorChannelManagerMap:95 [pool-16-thread-1] - Cannot connnect VM-125<->VM-70
 WARN 07-15 17:55:30,465 ExecutorChannelManagerMap:95 [pool-16-thread-1] - Cannot connnect VM-125<->VM-149
 WARN 07-15 17:55:30,465 ExecutorChannelManagerMap:95 [pool-16-thread-1] - Cannot connnect VM-125<->VM-49
 WARN 07-15 17:55:30,466 ExecutorChannelManagerMap:95 [pool-16-thread-1] - Cannot connnect VM-125<->VM-48
 WARN 07-15 17:55:30,466 ExecutorChannelManagerMap:95 [pool-16-thread-1] - Cannot connnect VM-125<->VM-47
 WARN 07-15 17:55:30,466 ExecutorChannelManagerMap:95 [pool-16-thread-1] - Cannot connnect VM-125<->VM-160
 WARN 07-15 17:55:30,466 ExecutorChannelManagerMap:95 [pool-16-thread-1] - Cannot connnect VM-125<->VM-46
 WARN 07-15 17:55:30,466 ExecutorChannelManagerMap:95 [pool-16-thread-1] - Cannot connnect VM-125<->VM-45
 WARN 07-15 17:55:30,466 ExecutorChannelManagerMap:95 [pool-16-thread-1] - Cannot connnect VM-125<->VM-6
 WARN 07-15 17:55:30,466 ExecutorChannelManagerMap:95 [pool-16-thread-1] - Cannot connnect VM-125<->VM-44
 WARN 07-15 17:55:30,466 ExecutorChannelManagerMap:95 [pool-16-thread-1] - Cannot connnect VM-125<->VM-7
 WARN 07-15 17:55:30,466 ExecutorChannelManagerMap:95 [pool-16-thread-1] - Cannot connnect VM-125<->VM-43
 WARN 07-15 17:55:30,466 ExecutorChannelManagerMap:95 [pool-16-thread-1] - Cannot connnect VM-125<->VM-8
 WARN 07-15 17:55:30,466 ExecutorChannelManagerMap:95 [pool-16-thread-1] - Cannot connnect VM-125<->VM-42
 WARN 07-15 17:55:30,466 ExecutorChannelManagerMap:95 [pool-16-thread-1] - Cannot connnect VM-125<->VM-9
 WARN 07-15 17:55:30,466 ExecutorChannelManagerMap:95 [pool-16-thread-1] - Cannot connnect VM-125<->VM-41
 WARN 07-15 17:55:30,466 ExecutorChannelManagerMap:95 [pool-16-thread-1] - Cannot connnect VM-125<->VM-40
 WARN 07-15 17:55:30,466 ExecutorChannelManagerMap:95 [pool-16-thread-1] - Cannot connnect VM-125<->VM-59
 WARN 07-15 17:55:30,466 ExecutorChannelManagerMap:95 [pool-16-thread-1] - Cannot connnect VM-125<->VM-58
 WARN 07-15 17:55:30,466 ExecutorChannelManagerMap:95 [pool-16-thread-1] - Cannot connnect VM-125<->VM-57
 WARN 07-15 17:55:30,466 ExecutorChannelManagerMap:95 [pool-16-thread-1] - Cannot connnect VM-125<->VM-56
 WARN 07-15 17:55:30,466 ExecutorChannelManagerMap:95 [pool-16-thread-1] - Cannot connnect VM-125<->VM-55
 WARN 07-15 17:55:30,466 ExecutorChannelManagerMap:95 [pool-16-thread-1] - Cannot connnect VM-125<->VM-54
 WARN 07-15 17:55:30,466 ExecutorChannelManagerMap:95 [pool-16-thread-1] - Cannot connnect VM-125<->VM-53
 WARN 07-15 17:55:30,466 ExecutorChannelManagerMap:95 [pool-16-thread-1] - Cannot connnect VM-125<->VM-52
 WARN 07-15 17:55:30,466 ExecutorChannelManagerMap:95 [pool-16-thread-1] - Cannot connnect VM-125<->VM-51
 WARN 07-15 17:55:30,466 ExecutorChannelManagerMap:95 [pool-16-thread-1] - Cannot connnect VM-125<->VM-50
 WARN 07-15 17:55:30,466 ExecutorChannelManagerMap:95 [pool-16-thread-1] - Cannot connnect VM-125<->VM-1
 WARN 07-15 17:55:30,466 ExecutorChannelManagerMap:95 [pool-16-thread-1] - Cannot connnect VM-125<->VM-2
 WARN 07-15 17:55:30,466 ExecutorChannelManagerMap:95 [pool-16-thread-1] - Cannot connnect VM-125<->VM-3
 WARN 07-15 17:55:30,466 ExecutorChannelManagerMap:95 [pool-16-thread-1] - Cannot connnect VM-125<->VM-4
 WARN 07-15 17:55:30,466 ExecutorChannelManagerMap:95 [pool-16-thread-1] - Cannot connnect VM-125<->VM-5
 WARN 07-15 17:55:30,466 ExecutorChannelManagerMap:95 [pool-16-thread-1] - Cannot connnect VM-125<->VM-29
 WARN 07-15 17:55:30,466 ExecutorChannelManagerMap:95 [pool-16-thread-1] - Cannot connnect VM-125<->VM-28
 WARN 07-15 17:55:30,466 ExecutorChannelManagerMap:95 [pool-16-thread-1] - Cannot connnect VM-125<->VM-27
 WARN 07-15 17:55:30,466 ExecutorChannelManagerMap:95 [pool-16-thread-1] - Cannot connnect VM-125<->VM-26
 WARN 07-15 17:55:30,466 ExecutorChannelManagerMap:95 [pool-16-thread-1] - Cannot connnect VM-125<->VM-25
 WARN 07-15 17:55:30,466 ExecutorChannelManagerMap:95 [pool-16-thread-1] - Cannot connnect VM-125<->VM-24
 WARN 07-15 17:55:30,466 ExecutorChannelManagerMap:95 [pool-16-thread-1] - Cannot connnect VM-125<->VM-100
 WARN 07-15 17:55:30,466 ExecutorChannelManagerMap:95 [pool-16-thread-1] - Cannot connnect VM-125<->VM-23
 WARN 07-15 17:55:30,466 ExecutorChannelManagerMap:95 [pool-16-thread-1] - Cannot connnect VM-125<->VM-22
 WARN 07-15 17:55:30,466 ExecutorChannelManagerMap:106 [pool-16-thread-1] - Executor Executor4 already registered
 WARN 07-15 17:55:30,466 ExecutorChannelManagerMap:95 [pool-16-thread-1] - Cannot connnect VM-125<->VM-21
 WARN 07-15 17:55:30,466 ExecutorChannelManagerMap:106 [pool-16-thread-1] - Executor Executor3 already registered
 WARN 07-15 17:55:30,466 ExecutorChannelManagerMap:95 [pool-16-thread-1] - Cannot connnect VM-125<->VM-20
 WARN 07-15 17:55:30,466 ExecutorChannelManagerMap:95 [pool-16-thread-1] - Cannot connnect VM-125<->VM-101
 WARN 07-15 17:55:30,466 ExecutorChannelManagerMap:95 [pool-16-thread-1] - Cannot connnect VM-125<->VM-39
 WARN 07-15 17:55:30,466 ExecutorChannelManagerMap:95 [pool-16-thread-1] - Cannot connnect VM-125<->VM-38
 WARN 07-15 17:55:30,466 ExecutorChannelManagerMap:95 [pool-16-thread-1] - Cannot connnect VM-125<->VM-37
 WARN 07-15 17:55:30,466 ExecutorChannelManagerMap:95 [pool-16-thread-1] - Cannot connnect VM-125<->VM-36
 WARN 07-15 17:55:30,466 ExecutorChannelManagerMap:95 [pool-16-thread-1] - Cannot connnect VM-125<->VM-35
 WARN 07-15 17:55:30,466 ExecutorChannelManagerMap:95 [pool-16-thread-1] - Cannot connnect VM-125<->VM-34
 WARN 07-15 17:55:30,466 ExecutorChannelManagerMap:95 [pool-16-thread-1] - Cannot connnect VM-125<->VM-111
 WARN 07-15 17:55:30,466 ExecutorChannelManagerMap:95 [pool-16-thread-1] - Cannot connnect VM-125<->VM-33
 WARN 07-15 17:55:30,466 ExecutorChannelManagerMap:95 [pool-16-thread-1] - Cannot connnect VM-125<->VM-110
 WARN 07-15 17:55:30,466 ExecutorChannelManagerMap:95 [pool-16-thread-1] - Cannot connnect VM-125<->VM-32
 WARN 07-15 17:55:30,466 ExecutorChannelManagerMap:95 [pool-16-thread-1] - Cannot connnect VM-125<->VM-31
 WARN 07-15 17:55:30,466 ExecutorChannelManagerMap:95 [pool-16-thread-1] - Cannot connnect VM-125<->VM-30
 WARN 07-15 17:55:30,466 ExecutorChannelManagerMap:95 [pool-16-thread-1] - Cannot connnect VM-125<->VM-115
 WARN 07-15 17:55:30,467 ExecutorChannelManagerMap:95 [pool-16-thread-1] - Cannot connnect VM-125<->VM-114
 WARN 07-15 17:55:30,467 ExecutorChannelManagerMap:95 [pool-16-thread-1] - Cannot connnect VM-125<->VM-113
 WARN 07-15 17:55:30,467 ExecutorChannelManagerMap:95 [pool-16-thread-1] - Cannot connnect VM-125<->VM-112
 WARN 07-15 17:55:30,467 ExecutorChannelManagerMap:95 [pool-16-thread-1] - Cannot connnect VM-125<->VM-108
 WARN 07-15 17:55:30,467 ExecutorChannelManagerMap:106 [pool-16-thread-1] - Executor Executor2 already registered
 WARN 07-15 17:55:30,467 ExecutorChannelManagerMap:106 [pool-16-thread-1] - Executor Executor1 already registered
 WARN 07-15 17:55:30,467 ExecutorChannelManagerMap:106 [pool-16-thread-1] - Executor Executor0 already registered
 WARN 07-15 17:55:30,467 ExecutorChannelManagerMap:95 [pool-16-thread-1] - Cannot connnect VM-125<->VM-109
 WARN 07-15 17:55:30,467 ExecutorChannelManagerMap:95 [pool-16-thread-2] - Cannot connnect VM-125<->VM-89
 WARN 07-15 17:55:30,467 ExecutorChannelManagerMap:95 [pool-16-thread-2] - Cannot connnect VM-125<->VM-122
 WARN 07-15 17:55:30,467 ExecutorChannelManagerMap:95 [pool-16-thread-2] - Cannot connnect VM-125<->VM-88
 WARN 07-15 17:55:30,467 ExecutorChannelManagerMap:95 [pool-16-thread-2] - Cannot connnect VM-125<->VM-121
 WARN 07-15 17:55:30,467 ExecutorChannelManagerMap:95 [pool-16-thread-2] - Cannot connnect VM-125<->VM-87
 WARN 07-15 17:55:30,467 ExecutorChannelManagerMap:95 [pool-16-thread-2] - Cannot connnect VM-125<->VM-120
 WARN 07-15 17:55:30,467 ExecutorChannelManagerMap:95 [pool-16-thread-2] - Cannot connnect VM-125<->VM-86
 WARN 07-15 17:55:30,467 ExecutorChannelManagerMap:95 [pool-16-thread-2] - Cannot connnect VM-125<->VM-85
 WARN 07-15 17:55:30,467 ExecutorChannelManagerMap:95 [pool-16-thread-2] - Cannot connnect VM-125<->VM-126
 WARN 07-15 17:55:30,467 ExecutorChannelManagerMap:95 [pool-16-thread-2] - Cannot connnect VM-125<->VM-84
 WARN 07-15 17:55:30,467 ExecutorChannelManagerMap:95 [pool-16-thread-2] - Cannot connnect VM-125<->VM-83
 WARN 07-15 17:55:30,467 ExecutorChannelManagerMap:95 [pool-16-thread-2] - Cannot connnect VM-125<->VM-124
 WARN 07-15 17:55:30,467 ExecutorChannelManagerMap:95 [pool-16-thread-2] - Cannot connnect VM-125<->VM-82
 WARN 07-15 17:55:30,467 ExecutorChannelManagerMap:95 [pool-16-thread-2] - Cannot connnect VM-125<->VM-123
 WARN 07-15 17:55:30,467 ExecutorChannelManagerMap:95 [pool-16-thread-2] - Cannot connnect VM-125<->VM-81
 WARN 07-15 17:55:30,467 ExecutorChannelManagerMap:95 [pool-16-thread-2] - Cannot connnect VM-125<->VM-119
 WARN 07-15 17:55:30,467 ExecutorChannelManagerMap:95 [pool-16-thread-2] - Cannot connnect VM-125<->VM-80
 WARN 07-15 17:55:30,467 ExecutorChannelManagerMap:95 [pool-16-thread-2] - Cannot connnect VM-125<->VM-118
 WARN 07-15 17:55:30,467 ExecutorChannelManagerMap:95 [pool-16-thread-2] - Cannot connnect VM-125<->VM-117
 WARN 07-15 17:55:30,467 ExecutorChannelManagerMap:95 [pool-16-thread-2] - Cannot connnect VM-125<->VM-116
 WARN 07-15 17:55:30,467 ExecutorChannelManagerMap:95 [pool-16-thread-2] - Cannot connnect VM-125<->VM-19
 WARN 07-15 17:55:30,467 ExecutorChannelManagerMap:95 [pool-16-thread-2] - Cannot connnect VM-125<->VM-18
 WARN 07-15 17:55:30,467 ExecutorChannelManagerMap:95 [pool-16-thread-2] - Cannot connnect VM-125<->VM-17
 WARN 07-15 17:55:30,467 ExecutorChannelManagerMap:95 [pool-16-thread-2] - Cannot connnect VM-125<->VM-16
 WARN 07-15 17:55:30,467 ExecutorChannelManagerMap:95 [pool-16-thread-2] - Cannot connnect VM-125<->VM-15
 WARN 07-15 17:55:30,467 ExecutorChannelManagerMap:95 [pool-16-thread-2] - Cannot connnect VM-125<->VM-14
 WARN 07-15 17:55:30,467 ExecutorChannelManagerMap:95 [pool-16-thread-2] - Cannot connnect VM-125<->VM-13
 WARN 07-15 17:55:30,467 ExecutorChannelManagerMap:95 [pool-16-thread-2] - Cannot connnect VM-125<->VM-12
 WARN 07-15 17:55:30,467 ExecutorChannelManagerMap:95 [pool-16-thread-2] - Cannot connnect VM-125<->VM-133
 WARN 07-15 17:55:30,467 ExecutorChannelManagerMap:95 [pool-16-thread-2] - Cannot connnect VM-125<->VM-99
 WARN 07-15 17:55:30,467 ExecutorChannelManagerMap:95 [pool-16-thread-2] - Cannot connnect VM-125<->VM-11
 WARN 07-15 17:55:30,467 ExecutorChannelManagerMap:95 [pool-16-thread-2] - Cannot connnect VM-125<->VM-132
 WARN 07-15 17:55:30,467 ExecutorChannelManagerMap:95 [pool-16-thread-2] - Cannot connnect VM-125<->VM-98
 WARN 07-15 17:55:30,467 ExecutorChannelManagerMap:95 [pool-16-thread-2] - Cannot connnect VM-125<->VM-10
 WARN 07-15 17:55:30,467 ExecutorChannelManagerMap:95 [pool-16-thread-2] - Cannot connnect VM-125<->VM-131
 WARN 07-15 17:55:30,467 ExecutorChannelManagerMap:95 [pool-16-thread-2] - Cannot connnect VM-125<->VM-97
 WARN 07-15 17:55:30,467 ExecutorChannelManagerMap:95 [pool-16-thread-2] - Cannot connnect VM-125<->VM-130
 WARN 07-15 17:55:30,467 ExecutorChannelManagerMap:95 [pool-16-thread-2] - Cannot connnect VM-125<->VM-96
 WARN 07-15 17:55:30,467 ExecutorChannelManagerMap:95 [pool-16-thread-2] - Cannot connnect VM-125<->VM-137
 WARN 07-15 17:55:30,467 ExecutorChannelManagerMap:95 [pool-16-thread-2] - Cannot connnect VM-125<->VM-95
 WARN 07-15 17:55:30,467 ExecutorChannelManagerMap:95 [pool-16-thread-2] - Cannot connnect VM-125<->VM-136
 WARN 07-15 17:55:30,468 ExecutorChannelManagerMap:95 [pool-16-thread-2] - Cannot connnect VM-125<->VM-94
 WARN 07-15 17:55:30,468 ExecutorChannelManagerMap:95 [pool-16-thread-2] - Cannot connnect VM-125<->VM-135
 WARN 07-15 17:55:30,468 ExecutorChannelManagerMap:95 [pool-16-thread-2] - Cannot connnect VM-125<->VM-93
 WARN 07-15 17:55:30,468 ExecutorChannelManagerMap:95 [pool-16-thread-2] - Cannot connnect VM-125<->VM-134
 WARN 07-15 17:55:30,468 ExecutorChannelManagerMap:95 [pool-16-thread-2] - Cannot connnect VM-125<->VM-92
 WARN 07-15 17:55:30,468 ExecutorChannelManagerMap:95 [pool-16-thread-2] - Cannot connnect VM-125<->VM-91
 WARN 07-15 17:55:30,468 ExecutorChannelManagerMap:95 [pool-16-thread-2] - Cannot connnect VM-125<->VM-129
 WARN 07-15 17:55:30,468 ExecutorChannelManagerMap:95 [pool-16-thread-2] - Cannot connnect VM-125<->VM-90
 WARN 07-15 17:55:30,468 ExecutorChannelManagerMap:95 [pool-16-thread-2] - Cannot connnect VM-125<->VM-128
 WARN 07-15 17:55:30,468 ExecutorChannelManagerMap:95 [pool-16-thread-2] - Cannot connnect VM-125<->VM-127
 WARN 07-15 17:55:30,468 ExecutorChannelManagerMap:95 [pool-16-thread-2] - Cannot connnect VM-125<->VM-140
 WARN 07-15 17:55:30,468 ExecutorChannelManagerMap:95 [pool-16-thread-2] - Cannot connnect VM-125<->VM-69
 WARN 07-15 17:55:30,468 ExecutorChannelManagerMap:95 [pool-16-thread-2] - Cannot connnect VM-125<->VM-68
 WARN 07-15 17:55:30,468 ExecutorChannelManagerMap:95 [pool-16-thread-2] - Cannot connnect VM-125<->VM-67
 WARN 07-15 17:55:30,468 ExecutorChannelManagerMap:95 [pool-16-thread-2] - Cannot connnect VM-125<->VM-144
 WARN 07-15 17:55:30,468 ExecutorChannelManagerMap:95 [pool-16-thread-2] - Cannot connnect VM-125<->VM-66
 WARN 07-15 17:55:30,468 ExecutorChannelManagerMap:95 [pool-16-thread-2] - Cannot connnect VM-125<->VM-143
 WARN 07-15 17:55:30,468 ExecutorChannelManagerMap:95 [pool-16-thread-2] - Cannot connnect VM-125<->VM-65
 WARN 07-15 17:55:30,468 ExecutorChannelManagerMap:95 [pool-16-thread-2] - Cannot connnect VM-125<->VM-142
 WARN 07-15 17:55:30,468 ExecutorChannelManagerMap:95 [pool-16-thread-2] - Cannot connnect VM-125<->VM-64
 WARN 07-15 17:55:30,468 ExecutorChannelManagerMap:95 [pool-16-thread-2] - Cannot connnect VM-125<->VM-141
 WARN 07-15 17:55:30,468 ExecutorChannelManagerMap:95 [pool-16-thread-2] - Cannot connnect VM-125<->VM-63
 WARN 07-15 17:55:30,468 ExecutorChannelManagerMap:95 [pool-16-thread-2] - Cannot connnect VM-125<->VM-148
 WARN 07-15 17:55:30,468 ExecutorChannelManagerMap:95 [pool-16-thread-2] - Cannot connnect VM-125<->VM-62
 WARN 07-15 17:55:30,468 ExecutorChannelManagerMap:95 [pool-16-thread-2] - Cannot connnect VM-125<->VM-147
 WARN 07-15 17:55:30,468 ExecutorChannelManagerMap:95 [pool-16-thread-2] - Cannot connnect VM-125<->VM-61
 WARN 07-15 17:55:30,468 ExecutorChannelManagerMap:95 [pool-16-thread-2] - Cannot connnect VM-125<->VM-146
 WARN 07-15 17:55:30,468 ExecutorChannelManagerMap:95 [pool-16-thread-2] - Cannot connnect VM-125<->VM-60
 WARN 07-15 17:55:30,468 ExecutorChannelManagerMap:95 [pool-16-thread-2] - Cannot connnect VM-125<->VM-145
 WARN 07-15 17:55:30,468 ExecutorChannelManagerMap:95 [pool-16-thread-2] - Cannot connnect VM-125<->VM-139
 WARN 07-15 17:55:30,468 ExecutorChannelManagerMap:95 [pool-16-thread-2] - Cannot connnect VM-125<->VM-138
 WARN 07-15 17:55:30,468 ExecutorChannelManagerMap:95 [pool-16-thread-2] - Cannot connnect VM-125<->VM-151
 WARN 07-15 17:55:30,468 ExecutorChannelManagerMap:95 [pool-16-thread-2] - Cannot connnect VM-125<->VM-150
 WARN 07-15 17:55:30,468 ExecutorChannelManagerMap:95 [pool-16-thread-2] - Cannot connnect VM-125<->VM-79
 WARN 07-15 17:55:30,468 ExecutorChannelManagerMap:95 [pool-16-thread-2] - Cannot connnect VM-125<->VM-78
 WARN 07-15 17:55:30,468 ExecutorChannelManagerMap:95 [pool-16-thread-2] - Cannot connnect VM-125<->VM-155
 WARN 07-15 17:55:30,468 ExecutorChannelManagerMap:95 [pool-16-thread-2] - Cannot connnect VM-125<->VM-77
 WARN 07-15 17:55:30,468 ExecutorChannelManagerMap:95 [pool-16-thread-2] - Cannot connnect VM-125<->VM-154
 WARN 07-15 17:55:30,468 ExecutorChannelManagerMap:95 [pool-16-thread-2] - Cannot connnect VM-125<->VM-76
 WARN 07-15 17:55:30,468 ExecutorChannelManagerMap:95 [pool-16-thread-2] - Cannot connnect VM-125<->VM-153
 WARN 07-15 17:55:30,468 ExecutorChannelManagerMap:95 [pool-16-thread-2] - Cannot connnect VM-125<->VM-75
 WARN 07-15 17:55:30,468 ExecutorChannelManagerMap:95 [pool-16-thread-2] - Cannot connnect VM-125<->VM-152
 WARN 07-15 17:55:30,468 ExecutorChannelManagerMap:95 [pool-16-thread-2] - Cannot connnect VM-125<->VM-74
 WARN 07-15 17:55:30,468 ExecutorChannelManagerMap:95 [pool-16-thread-2] - Cannot connnect VM-125<->VM-159
 WARN 07-15 17:55:30,468 ExecutorChannelManagerMap:95 [pool-16-thread-2] - Cannot connnect VM-125<->VM-73
 WARN 07-15 17:55:30,468 ExecutorChannelManagerMap:95 [pool-16-thread-2] - Cannot connnect VM-125<->VM-158
 WARN 07-15 17:55:30,468 ExecutorChannelManagerMap:95 [pool-16-thread-2] - Cannot connnect VM-125<->VM-72
 WARN 07-15 17:55:30,468 ExecutorChannelManagerMap:95 [pool-16-thread-2] - Cannot connnect VM-125<->VM-157
 WARN 07-15 17:55:30,468 ExecutorChannelManagerMap:95 [pool-16-thread-2] - Cannot connnect VM-125<->VM-71
 WARN 07-15 17:55:30,468 ExecutorChannelManagerMap:95 [pool-16-thread-2] - Cannot connnect VM-125<->VM-156
 WARN 07-15 17:55:30,468 ExecutorChannelManagerMap:95 [pool-16-thread-2] - Cannot connnect VM-125<->VM-70
 WARN 07-15 17:55:30,468 ExecutorChannelManagerMap:95 [pool-16-thread-2] - Cannot connnect VM-125<->VM-149
 WARN 07-15 17:55:30,469 ExecutorChannelManagerMap:95 [pool-16-thread-2] - Cannot connnect VM-125<->VM-49
 WARN 07-15 17:55:30,469 ExecutorChannelManagerMap:95 [pool-16-thread-2] - Cannot connnect VM-125<->VM-48
 WARN 07-15 17:55:30,469 ExecutorChannelManagerMap:95 [pool-16-thread-2] - Cannot connnect VM-125<->VM-47
 WARN 07-15 17:55:30,469 ExecutorChannelManagerMap:95 [pool-16-thread-2] - Cannot connnect VM-125<->VM-160
 WARN 07-15 17:55:30,469 ExecutorChannelManagerMap:95 [pool-16-thread-2] - Cannot connnect VM-125<->VM-46
 WARN 07-15 17:55:30,469 ExecutorChannelManagerMap:95 [pool-16-thread-2] - Cannot connnect VM-125<->VM-45
 WARN 07-15 17:55:30,469 ExecutorChannelManagerMap:95 [pool-16-thread-2] - Cannot connnect VM-125<->VM-6
 WARN 07-15 17:55:30,469 ExecutorChannelManagerMap:95 [pool-16-thread-2] - Cannot connnect VM-125<->VM-44
 WARN 07-15 17:55:30,469 ExecutorChannelManagerMap:95 [pool-16-thread-2] - Cannot connnect VM-125<->VM-7
 WARN 07-15 17:55:30,469 ExecutorChannelManagerMap:95 [pool-16-thread-2] - Cannot connnect VM-125<->VM-43
 WARN 07-15 17:55:30,469 ExecutorChannelManagerMap:95 [pool-16-thread-2] - Cannot connnect VM-125<->VM-8
 WARN 07-15 17:55:30,469 ExecutorChannelManagerMap:95 [pool-16-thread-2] - Cannot connnect VM-125<->VM-42
 WARN 07-15 17:55:30,469 ExecutorChannelManagerMap:95 [pool-16-thread-2] - Cannot connnect VM-125<->VM-9
 WARN 07-15 17:55:30,469 ExecutorChannelManagerMap:95 [pool-16-thread-2] - Cannot connnect VM-125<->VM-41
 WARN 07-15 17:55:30,469 ExecutorChannelManagerMap:95 [pool-16-thread-2] - Cannot connnect VM-125<->VM-40
 WARN 07-15 17:55:30,469 ExecutorChannelManagerMap:95 [pool-16-thread-2] - Cannot connnect VM-125<->VM-59
 WARN 07-15 17:55:30,469 ExecutorChannelManagerMap:95 [pool-16-thread-2] - Cannot connnect VM-125<->VM-58
 WARN 07-15 17:55:30,469 ExecutorChannelManagerMap:95 [pool-16-thread-2] - Cannot connnect VM-125<->VM-57
 WARN 07-15 17:55:30,469 ExecutorChannelManagerMap:95 [pool-16-thread-2] - Cannot connnect VM-125<->VM-56
 WARN 07-15 17:55:30,469 ExecutorChannelManagerMap:95 [pool-16-thread-2] - Cannot connnect VM-125<->VM-55
 WARN 07-15 17:55:30,469 ExecutorChannelManagerMap:95 [pool-16-thread-2] - Cannot connnect VM-125<->VM-54
 WARN 07-15 17:55:30,469 ExecutorChannelManagerMap:95 [pool-16-thread-2] - Cannot connnect VM-125<->VM-53
 WARN 07-15 17:55:30,469 ExecutorChannelManagerMap:95 [pool-16-thread-2] - Cannot connnect VM-125<->VM-52
 WARN 07-15 17:55:30,469 ExecutorChannelManagerMap:95 [pool-16-thread-2] - Cannot connnect VM-125<->VM-51
 WARN 07-15 17:55:30,469 ExecutorChannelManagerMap:95 [pool-16-thread-2] - Cannot connnect VM-125<->VM-50
 WARN 07-15 17:55:30,469 ExecutorChannelManagerMap:95 [pool-16-thread-2] - Cannot connnect VM-125<->VM-1
 WARN 07-15 17:55:30,469 ExecutorChannelManagerMap:95 [pool-16-thread-2] - Cannot connnect VM-125<->VM-2
 WARN 07-15 17:55:30,469 ExecutorChannelManagerMap:95 [pool-16-thread-2] - Cannot connnect VM-125<->VM-3
 WARN 07-15 17:55:30,469 ExecutorChannelManagerMap:95 [pool-16-thread-2] - Cannot connnect VM-125<->VM-4
 WARN 07-15 17:55:30,469 ExecutorChannelManagerMap:95 [pool-16-thread-2] - Cannot connnect VM-125<->VM-5
 WARN 07-15 17:55:30,469 ExecutorChannelManagerMap:95 [pool-16-thread-2] - Cannot connnect VM-125<->VM-29
 WARN 07-15 17:55:30,469 ExecutorChannelManagerMap:95 [pool-16-thread-2] - Cannot connnect VM-125<->VM-28
 WARN 07-15 17:55:30,469 ExecutorChannelManagerMap:95 [pool-16-thread-2] - Cannot connnect VM-125<->VM-27
 WARN 07-15 17:55:30,469 ExecutorChannelManagerMap:95 [pool-16-thread-2] - Cannot connnect VM-125<->VM-26
 WARN 07-15 17:55:30,469 ExecutorChannelManagerMap:95 [pool-16-thread-2] - Cannot connnect VM-125<->VM-25
 WARN 07-15 17:55:30,469 ExecutorChannelManagerMap:95 [pool-16-thread-2] - Cannot connnect VM-125<->VM-24
 WARN 07-15 17:55:30,469 ExecutorChannelManagerMap:95 [pool-16-thread-2] - Cannot connnect VM-125<->VM-100
 WARN 07-15 17:55:30,469 ExecutorChannelManagerMap:95 [pool-16-thread-2] - Cannot connnect VM-125<->VM-23
 WARN 07-15 17:55:30,469 ExecutorChannelManagerMap:95 [pool-16-thread-2] - Cannot connnect VM-125<->VM-22
 WARN 07-15 17:55:30,469 ExecutorChannelManagerMap:106 [pool-16-thread-2] - Executor Executor4 already registered
 WARN 07-15 17:55:30,469 ExecutorChannelManagerMap:95 [pool-16-thread-2] - Cannot connnect VM-125<->VM-21
 WARN 07-15 17:55:30,469 ExecutorChannelManagerMap:106 [pool-16-thread-2] - Executor Executor3 already registered
 WARN 07-15 17:55:30,469 ExecutorChannelManagerMap:95 [pool-16-thread-2] - Cannot connnect VM-125<->VM-20
 WARN 07-15 17:55:30,469 ExecutorChannelManagerMap:95 [pool-16-thread-2] - Cannot connnect VM-125<->VM-101
 WARN 07-15 17:55:30,469 ExecutorChannelManagerMap:95 [pool-16-thread-2] - Cannot connnect VM-125<->VM-39
 WARN 07-15 17:55:30,469 ExecutorChannelManagerMap:95 [pool-16-thread-2] - Cannot connnect VM-125<->VM-38
 WARN 07-15 17:55:30,469 ExecutorChannelManagerMap:95 [pool-16-thread-2] - Cannot connnect VM-125<->VM-37
 WARN 07-15 17:55:30,469 ExecutorChannelManagerMap:95 [pool-16-thread-2] - Cannot connnect VM-125<->VM-36
 WARN 07-15 17:55:30,469 ExecutorChannelManagerMap:95 [pool-16-thread-2] - Cannot connnect VM-125<->VM-35
 WARN 07-15 17:55:30,469 ExecutorChannelManagerMap:95 [pool-16-thread-2] - Cannot connnect VM-125<->VM-34
 WARN 07-15 17:55:30,469 ExecutorChannelManagerMap:95 [pool-16-thread-2] - Cannot connnect VM-125<->VM-111
 WARN 07-15 17:55:30,469 ExecutorChannelManagerMap:95 [pool-16-thread-2] - Cannot connnect VM-125<->VM-33
 WARN 07-15 17:55:30,469 ExecutorChannelManagerMap:95 [pool-16-thread-2] - Cannot connnect VM-125<->VM-110
 WARN 07-15 17:55:30,470 ExecutorChannelManagerMap:95 [pool-16-thread-2] - Cannot connnect VM-125<->VM-32
 WARN 07-15 17:55:30,470 ExecutorChannelManagerMap:95 [pool-16-thread-2] - Cannot connnect VM-125<->VM-31
 WARN 07-15 17:55:30,470 ExecutorChannelManagerMap:95 [pool-16-thread-2] - Cannot connnect VM-125<->VM-30
 WARN 07-15 17:55:30,470 ExecutorChannelManagerMap:95 [pool-16-thread-2] - Cannot connnect VM-125<->VM-115
 WARN 07-15 17:55:30,470 ExecutorChannelManagerMap:95 [pool-16-thread-2] - Cannot connnect VM-125<->VM-114
 WARN 07-15 17:55:30,470 ExecutorChannelManagerMap:95 [pool-16-thread-2] - Cannot connnect VM-125<->VM-113
 WARN 07-15 17:55:30,470 ExecutorChannelManagerMap:95 [pool-16-thread-2] - Cannot connnect VM-125<->VM-112
 WARN 07-15 17:55:30,470 ExecutorChannelManagerMap:95 [pool-16-thread-2] - Cannot connnect VM-125<->VM-108
 WARN 07-15 17:55:30,470 ExecutorChannelManagerMap:95 [pool-16-thread-2] - Cannot connnect VM-125<->VM-107
 WARN 07-15 17:55:30,470 ExecutorChannelManagerMap:106 [pool-16-thread-2] - Executor Executor2 already registered
 WARN 07-15 17:55:30,470 ExecutorChannelManagerMap:106 [pool-16-thread-2] - Executor Executor1 already registered
 WARN 07-15 17:55:30,470 ExecutorChannelManagerMap:106 [pool-16-thread-2] - Executor Executor0 already registered
 WARN 07-15 17:55:30,470 ExecutorChannelManagerMap:95 [pool-16-thread-2] - Cannot connnect VM-125<->VM-109
 WARN 07-15 17:55:30,470 ExecutorChannelManagerMap:95 [pool-16-thread-3] - Cannot connnect VM-125<->VM-89
 WARN 07-15 17:55:30,470 ExecutorChannelManagerMap:95 [pool-16-thread-3] - Cannot connnect VM-125<->VM-122
 WARN 07-15 17:55:30,470 ExecutorChannelManagerMap:95 [pool-16-thread-3] - Cannot connnect VM-125<->VM-88
 WARN 07-15 17:55:30,470 ExecutorChannelManagerMap:95 [pool-16-thread-3] - Cannot connnect VM-125<->VM-121
 WARN 07-15 17:55:30,470 ExecutorChannelManagerMap:95 [pool-16-thread-3] - Cannot connnect VM-125<->VM-87
 WARN 07-15 17:55:30,470 ExecutorChannelManagerMap:95 [pool-16-thread-3] - Cannot connnect VM-125<->VM-120
 WARN 07-15 17:55:30,470 ExecutorChannelManagerMap:95 [pool-16-thread-3] - Cannot connnect VM-125<->VM-86
 WARN 07-15 17:55:30,470 ExecutorChannelManagerMap:95 [pool-16-thread-3] - Cannot connnect VM-125<->VM-85
 WARN 07-15 17:55:30,470 ExecutorChannelManagerMap:95 [pool-16-thread-3] - Cannot connnect VM-125<->VM-126
 WARN 07-15 17:55:30,470 ExecutorChannelManagerMap:95 [pool-16-thread-3] - Cannot connnect VM-125<->VM-84
 WARN 07-15 17:55:30,470 ExecutorChannelManagerMap:95 [pool-16-thread-3] - Cannot connnect VM-125<->VM-83
 WARN 07-15 17:55:30,470 ExecutorChannelManagerMap:95 [pool-16-thread-3] - Cannot connnect VM-125<->VM-124
 WARN 07-15 17:55:30,470 ExecutorChannelManagerMap:95 [pool-16-thread-3] - Cannot connnect VM-125<->VM-82
 WARN 07-15 17:55:30,470 ExecutorChannelManagerMap:95 [pool-16-thread-3] - Cannot connnect VM-125<->VM-123
 WARN 07-15 17:55:30,470 ExecutorChannelManagerMap:95 [pool-16-thread-3] - Cannot connnect VM-125<->VM-81
 WARN 07-15 17:55:30,470 ExecutorChannelManagerMap:95 [pool-16-thread-3] - Cannot connnect VM-125<->VM-119
 WARN 07-15 17:55:30,470 ExecutorChannelManagerMap:95 [pool-16-thread-3] - Cannot connnect VM-125<->VM-80
 WARN 07-15 17:55:30,470 ExecutorChannelManagerMap:95 [pool-16-thread-3] - Cannot connnect VM-125<->VM-118
 WARN 07-15 17:55:30,470 ExecutorChannelManagerMap:95 [pool-16-thread-3] - Cannot connnect VM-125<->VM-117
 WARN 07-15 17:55:30,470 ExecutorChannelManagerMap:95 [pool-16-thread-3] - Cannot connnect VM-125<->VM-116
 WARN 07-15 17:55:30,470 ExecutorChannelManagerMap:95 [pool-16-thread-3] - Cannot connnect VM-125<->VM-19
 WARN 07-15 17:55:30,470 ExecutorChannelManagerMap:95 [pool-16-thread-3] - Cannot connnect VM-125<->VM-18
 WARN 07-15 17:55:30,470 ExecutorChannelManagerMap:95 [pool-16-thread-3] - Cannot connnect VM-125<->VM-17
 WARN 07-15 17:55:30,470 ExecutorChannelManagerMap:95 [pool-16-thread-3] - Cannot connnect VM-125<->VM-16
 WARN 07-15 17:55:30,470 ExecutorChannelManagerMap:95 [pool-16-thread-3] - Cannot connnect VM-125<->VM-15
 WARN 07-15 17:55:30,470 ExecutorChannelManagerMap:95 [pool-16-thread-3] - Cannot connnect VM-125<->VM-14
 WARN 07-15 17:55:30,470 ExecutorChannelManagerMap:95 [pool-16-thread-3] - Cannot connnect VM-125<->VM-13
 WARN 07-15 17:55:30,470 ExecutorChannelManagerMap:95 [pool-16-thread-3] - Cannot connnect VM-125<->VM-12
 WARN 07-15 17:55:30,470 ExecutorChannelManagerMap:95 [pool-16-thread-3] - Cannot connnect VM-125<->VM-133
 WARN 07-15 17:55:30,470 ExecutorChannelManagerMap:95 [pool-16-thread-3] - Cannot connnect VM-125<->VM-99
 WARN 07-15 17:55:30,470 ExecutorChannelManagerMap:95 [pool-16-thread-3] - Cannot connnect VM-125<->VM-11
 WARN 07-15 17:55:30,470 ExecutorChannelManagerMap:95 [pool-16-thread-3] - Cannot connnect VM-125<->VM-132
 WARN 07-15 17:55:30,470 ExecutorChannelManagerMap:95 [pool-16-thread-3] - Cannot connnect VM-125<->VM-98
 WARN 07-15 17:55:30,470 ExecutorChannelManagerMap:95 [pool-16-thread-3] - Cannot connnect VM-125<->VM-10
 WARN 07-15 17:55:30,470 ExecutorChannelManagerMap:95 [pool-16-thread-3] - Cannot connnect VM-125<->VM-131
 WARN 07-15 17:55:30,470 ExecutorChannelManagerMap:95 [pool-16-thread-3] - Cannot connnect VM-125<->VM-97
 WARN 07-15 17:55:30,470 ExecutorChannelManagerMap:95 [pool-16-thread-3] - Cannot connnect VM-125<->VM-130
 WARN 07-15 17:55:30,470 ExecutorChannelManagerMap:95 [pool-16-thread-3] - Cannot connnect VM-125<->VM-96
 WARN 07-15 17:55:30,470 ExecutorChannelManagerMap:95 [pool-16-thread-3] - Cannot connnect VM-125<->VM-137
 WARN 07-15 17:55:30,470 ExecutorChannelManagerMap:95 [pool-16-thread-3] - Cannot connnect VM-125<->VM-95
 WARN 07-15 17:55:30,470 ExecutorChannelManagerMap:95 [pool-16-thread-3] - Cannot connnect VM-125<->VM-136
 WARN 07-15 17:55:30,470 ExecutorChannelManagerMap:95 [pool-16-thread-3] - Cannot connnect VM-125<->VM-94
 WARN 07-15 17:55:30,470 ExecutorChannelManagerMap:95 [pool-16-thread-3] - Cannot connnect VM-125<->VM-135
 WARN 07-15 17:55:30,471 ExecutorChannelManagerMap:95 [pool-16-thread-3] - Cannot connnect VM-125<->VM-93
 WARN 07-15 17:55:30,471 ExecutorChannelManagerMap:95 [pool-16-thread-3] - Cannot connnect VM-125<->VM-134
 WARN 07-15 17:55:30,471 ExecutorChannelManagerMap:95 [pool-16-thread-3] - Cannot connnect VM-125<->VM-92
 WARN 07-15 17:55:30,471 ExecutorChannelManagerMap:95 [pool-16-thread-3] - Cannot connnect VM-125<->VM-91
 WARN 07-15 17:55:30,471 ExecutorChannelManagerMap:95 [pool-16-thread-3] - Cannot connnect VM-125<->VM-129
 WARN 07-15 17:55:30,471 ExecutorChannelManagerMap:95 [pool-16-thread-3] - Cannot connnect VM-125<->VM-90
 WARN 07-15 17:55:30,471 ExecutorChannelManagerMap:95 [pool-16-thread-3] - Cannot connnect VM-125<->VM-128
 WARN 07-15 17:55:30,471 ExecutorChannelManagerMap:95 [pool-16-thread-3] - Cannot connnect VM-125<->VM-127
 WARN 07-15 17:55:30,471 ExecutorChannelManagerMap:95 [pool-16-thread-3] - Cannot connnect VM-125<->VM-140
 WARN 07-15 17:55:30,471 ExecutorChannelManagerMap:95 [pool-16-thread-3] - Cannot connnect VM-125<->VM-69
 WARN 07-15 17:55:30,471 ExecutorChannelManagerMap:95 [pool-16-thread-3] - Cannot connnect VM-125<->VM-68
 WARN 07-15 17:55:30,471 ExecutorChannelManagerMap:95 [pool-16-thread-3] - Cannot connnect VM-125<->VM-67
 WARN 07-15 17:55:30,471 ExecutorChannelManagerMap:95 [pool-16-thread-3] - Cannot connnect VM-125<->VM-144
 WARN 07-15 17:55:30,471 ExecutorChannelManagerMap:95 [pool-16-thread-3] - Cannot connnect VM-125<->VM-66
 WARN 07-15 17:55:30,471 ExecutorChannelManagerMap:95 [pool-16-thread-3] - Cannot connnect VM-125<->VM-143
 WARN 07-15 17:55:30,471 ExecutorChannelManagerMap:95 [pool-16-thread-3] - Cannot connnect VM-125<->VM-65
 WARN 07-15 17:55:30,471 ExecutorChannelManagerMap:95 [pool-16-thread-3] - Cannot connnect VM-125<->VM-142
 WARN 07-15 17:55:30,471 ExecutorChannelManagerMap:95 [pool-16-thread-3] - Cannot connnect VM-125<->VM-64
 WARN 07-15 17:55:30,471 ExecutorChannelManagerMap:95 [pool-16-thread-3] - Cannot connnect VM-125<->VM-141
 WARN 07-15 17:55:30,471 ExecutorChannelManagerMap:95 [pool-16-thread-3] - Cannot connnect VM-125<->VM-63
 WARN 07-15 17:55:30,471 ExecutorChannelManagerMap:95 [pool-16-thread-3] - Cannot connnect VM-125<->VM-148
 WARN 07-15 17:55:30,471 ExecutorChannelManagerMap:95 [pool-16-thread-3] - Cannot connnect VM-125<->VM-62
 WARN 07-15 17:55:30,471 ExecutorChannelManagerMap:95 [pool-16-thread-3] - Cannot connnect VM-125<->VM-147
 WARN 07-15 17:55:30,471 ExecutorChannelManagerMap:95 [pool-16-thread-3] - Cannot connnect VM-125<->VM-61
 WARN 07-15 17:55:30,471 ExecutorChannelManagerMap:95 [pool-16-thread-3] - Cannot connnect VM-125<->VM-146
 WARN 07-15 17:55:30,471 ExecutorChannelManagerMap:95 [pool-16-thread-3] - Cannot connnect VM-125<->VM-60
 WARN 07-15 17:55:30,471 ExecutorChannelManagerMap:95 [pool-16-thread-3] - Cannot connnect VM-125<->VM-145
 WARN 07-15 17:55:30,471 ExecutorChannelManagerMap:95 [pool-16-thread-3] - Cannot connnect VM-125<->VM-139
 WARN 07-15 17:55:30,471 ExecutorChannelManagerMap:95 [pool-16-thread-3] - Cannot connnect VM-125<->VM-138
 WARN 07-15 17:55:30,471 ExecutorChannelManagerMap:95 [pool-16-thread-3] - Cannot connnect VM-125<->VM-151
 WARN 07-15 17:55:30,471 ExecutorChannelManagerMap:95 [pool-16-thread-3] - Cannot connnect VM-125<->VM-150
 WARN 07-15 17:55:30,471 ExecutorChannelManagerMap:95 [pool-16-thread-3] - Cannot connnect VM-125<->VM-79
 WARN 07-15 17:55:30,471 ExecutorChannelManagerMap:95 [pool-16-thread-3] - Cannot connnect VM-125<->VM-78
 WARN 07-15 17:55:30,471 ExecutorChannelManagerMap:95 [pool-16-thread-3] - Cannot connnect VM-125<->VM-155
 WARN 07-15 17:55:30,471 ExecutorChannelManagerMap:95 [pool-16-thread-3] - Cannot connnect VM-125<->VM-77
 WARN 07-15 17:55:30,471 ExecutorChannelManagerMap:95 [pool-16-thread-3] - Cannot connnect VM-125<->VM-154
 WARN 07-15 17:55:30,471 ExecutorChannelManagerMap:95 [pool-16-thread-3] - Cannot connnect VM-125<->VM-76
 WARN 07-15 17:55:30,471 ExecutorChannelManagerMap:95 [pool-16-thread-3] - Cannot connnect VM-125<->VM-153
 WARN 07-15 17:55:30,471 ExecutorChannelManagerMap:95 [pool-16-thread-3] - Cannot connnect VM-125<->VM-75
 WARN 07-15 17:55:30,471 ExecutorChannelManagerMap:95 [pool-16-thread-3] - Cannot connnect VM-125<->VM-152
 WARN 07-15 17:55:30,471 ExecutorChannelManagerMap:95 [pool-16-thread-3] - Cannot connnect VM-125<->VM-74
 WARN 07-15 17:55:30,471 ExecutorChannelManagerMap:95 [pool-16-thread-3] - Cannot connnect VM-125<->VM-159
 WARN 07-15 17:55:30,471 ExecutorChannelManagerMap:95 [pool-16-thread-3] - Cannot connnect VM-125<->VM-73
 WARN 07-15 17:55:30,471 ExecutorChannelManagerMap:95 [pool-16-thread-3] - Cannot connnect VM-125<->VM-158
 WARN 07-15 17:55:30,471 ExecutorChannelManagerMap:95 [pool-16-thread-3] - Cannot connnect VM-125<->VM-72
 WARN 07-15 17:55:30,471 ExecutorChannelManagerMap:95 [pool-16-thread-3] - Cannot connnect VM-125<->VM-157
 WARN 07-15 17:55:30,471 ExecutorChannelManagerMap:95 [pool-16-thread-3] - Cannot connnect VM-125<->VM-71
 WARN 07-15 17:55:30,471 ExecutorChannelManagerMap:95 [pool-16-thread-3] - Cannot connnect VM-125<->VM-156
 WARN 07-15 17:55:30,471 ExecutorChannelManagerMap:95 [pool-16-thread-3] - Cannot connnect VM-125<->VM-70
 WARN 07-15 17:55:30,471 ExecutorChannelManagerMap:95 [pool-16-thread-3] - Cannot connnect VM-125<->VM-149
 WARN 07-15 17:55:30,471 ExecutorChannelManagerMap:95 [pool-16-thread-3] - Cannot connnect VM-125<->VM-49
 WARN 07-15 17:55:30,471 ExecutorChannelManagerMap:95 [pool-16-thread-3] - Cannot connnect VM-125<->VM-48
 WARN 07-15 17:55:30,471 ExecutorChannelManagerMap:95 [pool-16-thread-3] - Cannot connnect VM-125<->VM-47
 WARN 07-15 17:55:30,471 ExecutorChannelManagerMap:95 [pool-16-thread-3] - Cannot connnect VM-125<->VM-160
 WARN 07-15 17:55:30,471 ExecutorChannelManagerMap:95 [pool-16-thread-3] - Cannot connnect VM-125<->VM-46
 WARN 07-15 17:55:30,471 ExecutorChannelManagerMap:95 [pool-16-thread-3] - Cannot connnect VM-125<->VM-45
 WARN 07-15 17:55:30,471 ExecutorChannelManagerMap:95 [pool-16-thread-3] - Cannot connnect VM-125<->VM-6
 WARN 07-15 17:55:30,471 ExecutorChannelManagerMap:95 [pool-16-thread-3] - Cannot connnect VM-125<->VM-44
 WARN 07-15 17:55:30,472 ExecutorChannelManagerMap:95 [pool-16-thread-3] - Cannot connnect VM-125<->VM-7
 WARN 07-15 17:55:30,472 ExecutorChannelManagerMap:95 [pool-16-thread-3] - Cannot connnect VM-125<->VM-43
 WARN 07-15 17:55:30,472 ExecutorChannelManagerMap:95 [pool-16-thread-3] - Cannot connnect VM-125<->VM-8
 WARN 07-15 17:55:30,472 ExecutorChannelManagerMap:95 [pool-16-thread-3] - Cannot connnect VM-125<->VM-42
 WARN 07-15 17:55:30,472 ExecutorChannelManagerMap:95 [pool-16-thread-3] - Cannot connnect VM-125<->VM-9
 WARN 07-15 17:55:30,472 ExecutorChannelManagerMap:95 [pool-16-thread-3] - Cannot connnect VM-125<->VM-41
 WARN 07-15 17:55:30,472 ExecutorChannelManagerMap:95 [pool-16-thread-3] - Cannot connnect VM-125<->VM-40
 WARN 07-15 17:55:30,472 ExecutorChannelManagerMap:95 [pool-16-thread-3] - Cannot connnect VM-125<->VM-59
 WARN 07-15 17:55:30,472 ExecutorChannelManagerMap:95 [pool-16-thread-3] - Cannot connnect VM-125<->VM-58
 WARN 07-15 17:55:30,472 ExecutorChannelManagerMap:95 [pool-16-thread-3] - Cannot connnect VM-125<->VM-57
 WARN 07-15 17:55:30,472 ExecutorChannelManagerMap:95 [pool-16-thread-3] - Cannot connnect VM-125<->VM-56
 WARN 07-15 17:55:30,472 ExecutorChannelManagerMap:95 [pool-16-thread-3] - Cannot connnect VM-125<->VM-55
 WARN 07-15 17:55:30,472 ExecutorChannelManagerMap:95 [pool-16-thread-3] - Cannot connnect VM-125<->VM-54
 WARN 07-15 17:55:30,472 ExecutorChannelManagerMap:95 [pool-16-thread-3] - Cannot connnect VM-125<->VM-53
 WARN 07-15 17:55:30,472 ExecutorChannelManagerMap:95 [pool-16-thread-3] - Cannot connnect VM-125<->VM-52
 WARN 07-15 17:55:30,472 ExecutorChannelManagerMap:95 [pool-16-thread-3] - Cannot connnect VM-125<->VM-51
 WARN 07-15 17:55:30,472 ExecutorChannelManagerMap:95 [pool-16-thread-3] - Cannot connnect VM-125<->VM-50
 WARN 07-15 17:55:30,472 ExecutorChannelManagerMap:95 [pool-16-thread-3] - Cannot connnect VM-125<->VM-1
 WARN 07-15 17:55:30,472 ExecutorChannelManagerMap:95 [pool-16-thread-3] - Cannot connnect VM-125<->VM-2
 WARN 07-15 17:55:30,472 ExecutorChannelManagerMap:95 [pool-16-thread-3] - Cannot connnect VM-125<->VM-3
 WARN 07-15 17:55:30,472 ExecutorChannelManagerMap:95 [pool-16-thread-3] - Cannot connnect VM-125<->VM-4
 WARN 07-15 17:55:30,472 ExecutorChannelManagerMap:95 [pool-16-thread-3] - Cannot connnect VM-125<->VM-5
 WARN 07-15 17:55:30,472 ExecutorChannelManagerMap:95 [pool-16-thread-3] - Cannot connnect VM-125<->VM-29
 WARN 07-15 17:55:30,472 ExecutorChannelManagerMap:95 [pool-16-thread-3] - Cannot connnect VM-125<->VM-28
 WARN 07-15 17:55:30,472 ExecutorChannelManagerMap:95 [pool-16-thread-3] - Cannot connnect VM-125<->VM-27
 WARN 07-15 17:55:30,472 ExecutorChannelManagerMap:95 [pool-16-thread-3] - Cannot connnect VM-125<->VM-26
 WARN 07-15 17:55:30,472 ExecutorChannelManagerMap:95 [pool-16-thread-3] - Cannot connnect VM-125<->VM-25
 WARN 07-15 17:55:30,472 ExecutorChannelManagerMap:95 [pool-16-thread-3] - Cannot connnect VM-125<->VM-24
 WARN 07-15 17:55:30,472 ExecutorChannelManagerMap:95 [pool-16-thread-3] - Cannot connnect VM-125<->VM-100
 WARN 07-15 17:55:30,472 ExecutorChannelManagerMap:95 [pool-16-thread-3] - Cannot connnect VM-125<->VM-23
 WARN 07-15 17:55:30,472 ExecutorChannelManagerMap:95 [pool-16-thread-3] - Cannot connnect VM-125<->VM-22
 WARN 07-15 17:55:30,472 ExecutorChannelManagerMap:106 [pool-16-thread-3] - Executor Executor4 already registered
 WARN 07-15 17:55:30,472 ExecutorChannelManagerMap:95 [pool-16-thread-3] - Cannot connnect VM-125<->VM-21
 WARN 07-15 17:55:30,472 ExecutorChannelManagerMap:106 [pool-16-thread-3] - Executor Executor3 already registered
 WARN 07-15 17:55:30,472 ExecutorChannelManagerMap:95 [pool-16-thread-3] - Cannot connnect VM-125<->VM-20
 WARN 07-15 17:55:30,472 ExecutorChannelManagerMap:95 [pool-16-thread-3] - Cannot connnect VM-125<->VM-101
 WARN 07-15 17:55:30,472 ExecutorChannelManagerMap:95 [pool-16-thread-3] - Cannot connnect VM-125<->VM-39
 WARN 07-15 17:55:30,472 ExecutorChannelManagerMap:95 [pool-16-thread-3] - Cannot connnect VM-125<->VM-38
 WARN 07-15 17:55:30,472 ExecutorChannelManagerMap:95 [pool-16-thread-3] - Cannot connnect VM-125<->VM-37
 WARN 07-15 17:55:30,472 ExecutorChannelManagerMap:95 [pool-16-thread-3] - Cannot connnect VM-125<->VM-36
 WARN 07-15 17:55:30,472 ExecutorChannelManagerMap:95 [pool-16-thread-3] - Cannot connnect VM-125<->VM-35
 WARN 07-15 17:55:30,472 ExecutorChannelManagerMap:95 [pool-16-thread-3] - Cannot connnect VM-125<->VM-34
 WARN 07-15 17:55:30,472 ExecutorChannelManagerMap:95 [pool-16-thread-3] - Cannot connnect VM-125<->VM-111
 WARN 07-15 17:55:30,472 ExecutorChannelManagerMap:95 [pool-16-thread-3] - Cannot connnect VM-125<->VM-33
 WARN 07-15 17:55:30,472 ExecutorChannelManagerMap:95 [pool-16-thread-3] - Cannot connnect VM-125<->VM-110
 WARN 07-15 17:55:30,472 ExecutorChannelManagerMap:95 [pool-16-thread-3] - Cannot connnect VM-125<->VM-32
 WARN 07-15 17:55:30,472 ExecutorChannelManagerMap:95 [pool-16-thread-3] - Cannot connnect VM-125<->VM-31
 WARN 07-15 17:55:30,472 ExecutorChannelManagerMap:95 [pool-16-thread-3] - Cannot connnect VM-125<->VM-30
 WARN 07-15 17:55:30,472 ExecutorChannelManagerMap:95 [pool-16-thread-3] - Cannot connnect VM-125<->VM-115
 WARN 07-15 17:55:30,472 ExecutorChannelManagerMap:95 [pool-16-thread-3] - Cannot connnect VM-125<->VM-114
 WARN 07-15 17:55:30,472 ExecutorChannelManagerMap:95 [pool-16-thread-3] - Cannot connnect VM-125<->VM-113
 WARN 07-15 17:55:30,472 ExecutorChannelManagerMap:95 [pool-16-thread-3] - Cannot connnect VM-125<->VM-112
 WARN 07-15 17:55:30,472 ExecutorChannelManagerMap:106 [pool-16-thread-3] - Executor Executor2 already registered
 WARN 07-15 17:55:30,472 ExecutorChannelManagerMap:106 [pool-16-thread-3] - Executor Executor1 already registered
 WARN 07-15 17:55:30,472 ExecutorChannelManagerMap:106 [pool-16-thread-3] - Executor Executor0 already registered
 WARN 07-15 17:55:30,473 ExecutorChannelManagerMap:95 [pool-16-thread-4] - Cannot connnect VM-125<->VM-89
 WARN 07-15 17:55:30,473 ExecutorChannelManagerMap:95 [pool-16-thread-4] - Cannot connnect VM-125<->VM-122
 WARN 07-15 17:55:30,473 ExecutorChannelManagerMap:95 [pool-16-thread-4] - Cannot connnect VM-125<->VM-88
 WARN 07-15 17:55:30,473 ExecutorChannelManagerMap:95 [pool-16-thread-4] - Cannot connnect VM-125<->VM-121
 WARN 07-15 17:55:30,473 ExecutorChannelManagerMap:95 [pool-16-thread-4] - Cannot connnect VM-125<->VM-87
 WARN 07-15 17:55:30,473 ExecutorChannelManagerMap:95 [pool-16-thread-4] - Cannot connnect VM-125<->VM-120
 WARN 07-15 17:55:30,473 ExecutorChannelManagerMap:95 [pool-16-thread-4] - Cannot connnect VM-125<->VM-86
 WARN 07-15 17:55:30,473 ExecutorChannelManagerMap:95 [pool-16-thread-4] - Cannot connnect VM-125<->VM-85
 WARN 07-15 17:55:30,473 ExecutorChannelManagerMap:95 [pool-16-thread-4] - Cannot connnect VM-125<->VM-126
 WARN 07-15 17:55:30,473 ExecutorChannelManagerMap:95 [pool-16-thread-4] - Cannot connnect VM-125<->VM-84
 WARN 07-15 17:55:30,473 ExecutorChannelManagerMap:95 [pool-16-thread-4] - Cannot connnect VM-125<->VM-83
 WARN 07-15 17:55:30,473 ExecutorChannelManagerMap:95 [pool-16-thread-4] - Cannot connnect VM-125<->VM-124
 WARN 07-15 17:55:30,473 ExecutorChannelManagerMap:95 [pool-16-thread-4] - Cannot connnect VM-125<->VM-82
 WARN 07-15 17:55:30,473 ExecutorChannelManagerMap:95 [pool-16-thread-4] - Cannot connnect VM-125<->VM-123
 WARN 07-15 17:55:30,473 ExecutorChannelManagerMap:95 [pool-16-thread-4] - Cannot connnect VM-125<->VM-81
 WARN 07-15 17:55:30,473 ExecutorChannelManagerMap:95 [pool-16-thread-4] - Cannot connnect VM-125<->VM-119
 WARN 07-15 17:55:30,473 ExecutorChannelManagerMap:95 [pool-16-thread-4] - Cannot connnect VM-125<->VM-80
 WARN 07-15 17:55:30,473 ExecutorChannelManagerMap:95 [pool-16-thread-4] - Cannot connnect VM-125<->VM-118
 WARN 07-15 17:55:30,473 ExecutorChannelManagerMap:95 [pool-16-thread-4] - Cannot connnect VM-125<->VM-117
 WARN 07-15 17:55:30,473 ExecutorChannelManagerMap:95 [pool-16-thread-4] - Cannot connnect VM-125<->VM-116
 WARN 07-15 17:55:30,473 ExecutorChannelManagerMap:95 [pool-16-thread-4] - Cannot connnect VM-125<->VM-19
 WARN 07-15 17:55:30,473 ExecutorChannelManagerMap:95 [pool-16-thread-4] - Cannot connnect VM-125<->VM-18
 WARN 07-15 17:55:30,473 ExecutorChannelManagerMap:95 [pool-16-thread-4] - Cannot connnect VM-125<->VM-17
 WARN 07-15 17:55:30,473 ExecutorChannelManagerMap:95 [pool-16-thread-4] - Cannot connnect VM-125<->VM-16
 WARN 07-15 17:55:30,473 ExecutorChannelManagerMap:95 [pool-16-thread-4] - Cannot connnect VM-125<->VM-15
 WARN 07-15 17:55:30,473 ExecutorChannelManagerMap:95 [pool-16-thread-4] - Cannot connnect VM-125<->VM-14
 WARN 07-15 17:55:30,473 ExecutorChannelManagerMap:95 [pool-16-thread-4] - Cannot connnect VM-125<->VM-13
 WARN 07-15 17:55:30,473 ExecutorChannelManagerMap:95 [pool-16-thread-4] - Cannot connnect VM-125<->VM-12
 WARN 07-15 17:55:30,473 ExecutorChannelManagerMap:95 [pool-16-thread-4] - Cannot connnect VM-125<->VM-133
 WARN 07-15 17:55:30,473 ExecutorChannelManagerMap:95 [pool-16-thread-4] - Cannot connnect VM-125<->VM-99
 WARN 07-15 17:55:30,473 ExecutorChannelManagerMap:95 [pool-16-thread-4] - Cannot connnect VM-125<->VM-11
 WARN 07-15 17:55:30,473 ExecutorChannelManagerMap:95 [pool-16-thread-4] - Cannot connnect VM-125<->VM-132
 WARN 07-15 17:55:30,473 ExecutorChannelManagerMap:95 [pool-16-thread-4] - Cannot connnect VM-125<->VM-98
 WARN 07-15 17:55:30,473 ExecutorChannelManagerMap:95 [pool-16-thread-4] - Cannot connnect VM-125<->VM-10
 WARN 07-15 17:55:30,473 ExecutorChannelManagerMap:95 [pool-16-thread-4] - Cannot connnect VM-125<->VM-131
 WARN 07-15 17:55:30,473 ExecutorChannelManagerMap:95 [pool-16-thread-4] - Cannot connnect VM-125<->VM-97
 WARN 07-15 17:55:30,473 ExecutorChannelManagerMap:95 [pool-16-thread-4] - Cannot connnect VM-125<->VM-130
 WARN 07-15 17:55:30,473 ExecutorChannelManagerMap:95 [pool-16-thread-4] - Cannot connnect VM-125<->VM-96
 WARN 07-15 17:55:30,473 ExecutorChannelManagerMap:95 [pool-16-thread-4] - Cannot connnect VM-125<->VM-137
 WARN 07-15 17:55:30,473 ExecutorChannelManagerMap:95 [pool-16-thread-4] - Cannot connnect VM-125<->VM-95
 WARN 07-15 17:55:30,473 ExecutorChannelManagerMap:95 [pool-16-thread-4] - Cannot connnect VM-125<->VM-136
 WARN 07-15 17:55:30,473 ExecutorChannelManagerMap:95 [pool-16-thread-4] - Cannot connnect VM-125<->VM-94
 WARN 07-15 17:55:30,473 ExecutorChannelManagerMap:95 [pool-16-thread-4] - Cannot connnect VM-125<->VM-135
 WARN 07-15 17:55:30,473 ExecutorChannelManagerMap:95 [pool-16-thread-4] - Cannot connnect VM-125<->VM-93
 WARN 07-15 17:55:30,473 ExecutorChannelManagerMap:95 [pool-16-thread-4] - Cannot connnect VM-125<->VM-134
 WARN 07-15 17:55:30,473 ExecutorChannelManagerMap:95 [pool-16-thread-4] - Cannot connnect VM-125<->VM-92
 WARN 07-15 17:55:30,473 ExecutorChannelManagerMap:95 [pool-16-thread-4] - Cannot connnect VM-125<->VM-91
 WARN 07-15 17:55:30,473 ExecutorChannelManagerMap:95 [pool-16-thread-4] - Cannot connnect VM-125<->VM-129
 WARN 07-15 17:55:30,473 ExecutorChannelManagerMap:95 [pool-16-thread-4] - Cannot connnect VM-125<->VM-90
 WARN 07-15 17:55:30,473 ExecutorChannelManagerMap:95 [pool-16-thread-4] - Cannot connnect VM-125<->VM-128
 WARN 07-15 17:55:30,473 ExecutorChannelManagerMap:95 [pool-16-thread-4] - Cannot connnect VM-125<->VM-127
 WARN 07-15 17:55:30,473 ExecutorChannelManagerMap:95 [pool-16-thread-4] - Cannot connnect VM-125<->VM-140
 WARN 07-15 17:55:30,473 ExecutorChannelManagerMap:95 [pool-16-thread-4] - Cannot connnect VM-125<->VM-69
 WARN 07-15 17:55:30,473 ExecutorChannelManagerMap:95 [pool-16-thread-4] - Cannot connnect VM-125<->VM-68
 WARN 07-15 17:55:30,473 ExecutorChannelManagerMap:95 [pool-16-thread-4] - Cannot connnect VM-125<->VM-67
 WARN 07-15 17:55:30,473 ExecutorChannelManagerMap:95 [pool-16-thread-4] - Cannot connnect VM-125<->VM-144
 WARN 07-15 17:55:30,473 ExecutorChannelManagerMap:95 [pool-16-thread-4] - Cannot connnect VM-125<->VM-66
 WARN 07-15 17:55:30,474 ExecutorChannelManagerMap:95 [pool-16-thread-4] - Cannot connnect VM-125<->VM-143
 WARN 07-15 17:55:30,474 ExecutorChannelManagerMap:95 [pool-16-thread-4] - Cannot connnect VM-125<->VM-65
 WARN 07-15 17:55:30,474 ExecutorChannelManagerMap:95 [pool-16-thread-4] - Cannot connnect VM-125<->VM-142
 WARN 07-15 17:55:30,474 ExecutorChannelManagerMap:95 [pool-16-thread-4] - Cannot connnect VM-125<->VM-64
 WARN 07-15 17:55:30,474 ExecutorChannelManagerMap:95 [pool-16-thread-4] - Cannot connnect VM-125<->VM-141
 WARN 07-15 17:55:30,474 ExecutorChannelManagerMap:95 [pool-16-thread-4] - Cannot connnect VM-125<->VM-63
 WARN 07-15 17:55:30,474 ExecutorChannelManagerMap:95 [pool-16-thread-4] - Cannot connnect VM-125<->VM-148
 WARN 07-15 17:55:30,474 ExecutorChannelManagerMap:95 [pool-16-thread-4] - Cannot connnect VM-125<->VM-62
 WARN 07-15 17:55:30,474 ExecutorChannelManagerMap:95 [pool-16-thread-4] - Cannot connnect VM-125<->VM-147
 WARN 07-15 17:55:30,474 ExecutorChannelManagerMap:95 [pool-16-thread-4] - Cannot connnect VM-125<->VM-61
 WARN 07-15 17:55:30,474 ExecutorChannelManagerMap:95 [pool-16-thread-4] - Cannot connnect VM-125<->VM-146
 WARN 07-15 17:55:30,474 ExecutorChannelManagerMap:95 [pool-16-thread-4] - Cannot connnect VM-125<->VM-60
 WARN 07-15 17:55:30,474 ExecutorChannelManagerMap:95 [pool-16-thread-4] - Cannot connnect VM-125<->VM-145
 WARN 07-15 17:55:30,474 ExecutorChannelManagerMap:95 [pool-16-thread-4] - Cannot connnect VM-125<->VM-139
 WARN 07-15 17:55:30,474 ExecutorChannelManagerMap:95 [pool-16-thread-4] - Cannot connnect VM-125<->VM-138
 WARN 07-15 17:55:30,474 ExecutorChannelManagerMap:95 [pool-16-thread-4] - Cannot connnect VM-125<->VM-151
 WARN 07-15 17:55:30,474 ExecutorChannelManagerMap:95 [pool-16-thread-4] - Cannot connnect VM-125<->VM-150
 WARN 07-15 17:55:30,474 ExecutorChannelManagerMap:95 [pool-16-thread-4] - Cannot connnect VM-125<->VM-79
 WARN 07-15 17:55:30,474 ExecutorChannelManagerMap:95 [pool-16-thread-4] - Cannot connnect VM-125<->VM-78
 WARN 07-15 17:55:30,474 ExecutorChannelManagerMap:95 [pool-16-thread-4] - Cannot connnect VM-125<->VM-155
 WARN 07-15 17:55:30,474 ExecutorChannelManagerMap:95 [pool-16-thread-4] - Cannot connnect VM-125<->VM-77
 WARN 07-15 17:55:30,474 ExecutorChannelManagerMap:95 [pool-16-thread-4] - Cannot connnect VM-125<->VM-154
 WARN 07-15 17:55:30,474 ExecutorChannelManagerMap:95 [pool-16-thread-4] - Cannot connnect VM-125<->VM-76
 WARN 07-15 17:55:30,474 ExecutorChannelManagerMap:95 [pool-16-thread-4] - Cannot connnect VM-125<->VM-153
 WARN 07-15 17:55:30,474 ExecutorChannelManagerMap:95 [pool-16-thread-4] - Cannot connnect VM-125<->VM-75
 WARN 07-15 17:55:30,474 ExecutorChannelManagerMap:95 [pool-16-thread-4] - Cannot connnect VM-125<->VM-152
 WARN 07-15 17:55:30,474 ExecutorChannelManagerMap:95 [pool-16-thread-4] - Cannot connnect VM-125<->VM-74
 WARN 07-15 17:55:30,474 ExecutorChannelManagerMap:95 [pool-16-thread-4] - Cannot connnect VM-125<->VM-159
 WARN 07-15 17:55:30,474 ExecutorChannelManagerMap:95 [pool-16-thread-4] - Cannot connnect VM-125<->VM-73
 WARN 07-15 17:55:30,474 ExecutorChannelManagerMap:95 [pool-16-thread-4] - Cannot connnect VM-125<->VM-158
 WARN 07-15 17:55:30,474 ExecutorChannelManagerMap:95 [pool-16-thread-4] - Cannot connnect VM-125<->VM-72
 WARN 07-15 17:55:30,474 ExecutorChannelManagerMap:95 [pool-16-thread-4] - Cannot connnect VM-125<->VM-157
 WARN 07-15 17:55:30,474 ExecutorChannelManagerMap:95 [pool-16-thread-4] - Cannot connnect VM-125<->VM-71
 WARN 07-15 17:55:30,474 ExecutorChannelManagerMap:95 [pool-16-thread-4] - Cannot connnect VM-125<->VM-156
 WARN 07-15 17:55:30,474 ExecutorChannelManagerMap:95 [pool-16-thread-4] - Cannot connnect VM-125<->VM-70
 WARN 07-15 17:55:30,474 ExecutorChannelManagerMap:95 [pool-16-thread-4] - Cannot connnect VM-125<->VM-149
 WARN 07-15 17:55:30,474 ExecutorChannelManagerMap:95 [pool-16-thread-4] - Cannot connnect VM-125<->VM-49
 WARN 07-15 17:55:30,474 ExecutorChannelManagerMap:95 [pool-16-thread-4] - Cannot connnect VM-125<->VM-48
 WARN 07-15 17:55:30,474 ExecutorChannelManagerMap:95 [pool-16-thread-4] - Cannot connnect VM-125<->VM-47
 WARN 07-15 17:55:30,474 ExecutorChannelManagerMap:95 [pool-16-thread-4] - Cannot connnect VM-125<->VM-160
 WARN 07-15 17:55:30,474 ExecutorChannelManagerMap:95 [pool-16-thread-4] - Cannot connnect VM-125<->VM-46
 WARN 07-15 17:55:30,474 ExecutorChannelManagerMap:95 [pool-16-thread-4] - Cannot connnect VM-125<->VM-45
 WARN 07-15 17:55:30,474 ExecutorChannelManagerMap:95 [pool-16-thread-4] - Cannot connnect VM-125<->VM-6
 WARN 07-15 17:55:30,474 ExecutorChannelManagerMap:95 [pool-16-thread-4] - Cannot connnect VM-125<->VM-44
 WARN 07-15 17:55:30,474 ExecutorChannelManagerMap:95 [pool-16-thread-4] - Cannot connnect VM-125<->VM-7
 WARN 07-15 17:55:30,474 ExecutorChannelManagerMap:95 [pool-16-thread-4] - Cannot connnect VM-125<->VM-43
 WARN 07-15 17:55:30,474 ExecutorChannelManagerMap:95 [pool-16-thread-4] - Cannot connnect VM-125<->VM-8
 WARN 07-15 17:55:30,474 ExecutorChannelManagerMap:95 [pool-16-thread-4] - Cannot connnect VM-125<->VM-42
 WARN 07-15 17:55:30,474 ExecutorChannelManagerMap:95 [pool-16-thread-4] - Cannot connnect VM-125<->VM-9
 WARN 07-15 17:55:30,474 ExecutorChannelManagerMap:95 [pool-16-thread-4] - Cannot connnect VM-125<->VM-41
 WARN 07-15 17:55:30,474 ExecutorChannelManagerMap:95 [pool-16-thread-4] - Cannot connnect VM-125<->VM-40
 WARN 07-15 17:55:30,474 ExecutorChannelManagerMap:95 [pool-16-thread-4] - Cannot connnect VM-125<->VM-59
 WARN 07-15 17:55:30,474 ExecutorChannelManagerMap:95 [pool-16-thread-4] - Cannot connnect VM-125<->VM-58
 WARN 07-15 17:55:30,474 ExecutorChannelManagerMap:95 [pool-16-thread-4] - Cannot connnect VM-125<->VM-57
 WARN 07-15 17:55:30,474 ExecutorChannelManagerMap:95 [pool-16-thread-4] - Cannot connnect VM-125<->VM-56
 WARN 07-15 17:55:30,474 ExecutorChannelManagerMap:95 [pool-16-thread-4] - Cannot connnect VM-125<->VM-55
 WARN 07-15 17:55:30,474 ExecutorChannelManagerMap:95 [pool-16-thread-4] - Cannot connnect VM-125<->VM-54
 WARN 07-15 17:55:30,474 ExecutorChannelManagerMap:95 [pool-16-thread-4] - Cannot connnect VM-125<->VM-53
 WARN 07-15 17:55:30,475 ExecutorChannelManagerMap:95 [pool-16-thread-4] - Cannot connnect VM-125<->VM-52
 WARN 07-15 17:55:30,475 ExecutorChannelManagerMap:95 [pool-16-thread-4] - Cannot connnect VM-125<->VM-51
 WARN 07-15 17:55:30,475 ExecutorChannelManagerMap:95 [pool-16-thread-4] - Cannot connnect VM-125<->VM-50
 WARN 07-15 17:55:30,475 ExecutorChannelManagerMap:95 [pool-16-thread-4] - Cannot connnect VM-125<->VM-1
 WARN 07-15 17:55:30,475 ExecutorChannelManagerMap:95 [pool-16-thread-4] - Cannot connnect VM-125<->VM-2
 WARN 07-15 17:55:30,475 ExecutorChannelManagerMap:95 [pool-16-thread-4] - Cannot connnect VM-125<->VM-3
 WARN 07-15 17:55:30,475 ExecutorChannelManagerMap:95 [pool-16-thread-4] - Cannot connnect VM-125<->VM-4
 WARN 07-15 17:55:30,475 ExecutorChannelManagerMap:95 [pool-16-thread-4] - Cannot connnect VM-125<->VM-5
 WARN 07-15 17:55:30,475 ExecutorChannelManagerMap:95 [pool-16-thread-4] - Cannot connnect VM-125<->VM-29
 WARN 07-15 17:55:30,475 ExecutorChannelManagerMap:95 [pool-16-thread-4] - Cannot connnect VM-125<->VM-28
 WARN 07-15 17:55:30,475 ExecutorChannelManagerMap:95 [pool-16-thread-4] - Cannot connnect VM-125<->VM-27
 WARN 07-15 17:55:30,475 ExecutorChannelManagerMap:95 [pool-16-thread-4] - Cannot connnect VM-125<->VM-26
 WARN 07-15 17:55:30,475 ExecutorChannelManagerMap:95 [pool-16-thread-4] - Cannot connnect VM-125<->VM-25
 WARN 07-15 17:55:30,475 ExecutorChannelManagerMap:95 [pool-16-thread-4] - Cannot connnect VM-125<->VM-24
 WARN 07-15 17:55:30,475 ExecutorChannelManagerMap:95 [pool-16-thread-4] - Cannot connnect VM-125<->VM-100
 WARN 07-15 17:55:30,475 ExecutorChannelManagerMap:95 [pool-16-thread-4] - Cannot connnect VM-125<->VM-23
 WARN 07-15 17:55:30,475 ExecutorChannelManagerMap:95 [pool-16-thread-4] - Cannot connnect VM-125<->VM-22
 WARN 07-15 17:55:30,475 ExecutorChannelManagerMap:106 [pool-16-thread-4] - Executor Executor4 already registered
 WARN 07-15 17:55:30,475 ExecutorChannelManagerMap:95 [pool-16-thread-4] - Cannot connnect VM-125<->VM-21
 WARN 07-15 17:55:30,475 ExecutorChannelManagerMap:106 [pool-16-thread-4] - Executor Executor3 already registered
 WARN 07-15 17:55:30,475 ExecutorChannelManagerMap:95 [pool-16-thread-4] - Cannot connnect VM-125<->VM-20
 WARN 07-15 17:55:30,475 ExecutorChannelManagerMap:95 [pool-16-thread-4] - Cannot connnect VM-125<->VM-101
 WARN 07-15 17:55:30,475 ExecutorChannelManagerMap:95 [pool-16-thread-4] - Cannot connnect VM-125<->VM-39
 WARN 07-15 17:55:30,475 ExecutorChannelManagerMap:95 [pool-16-thread-4] - Cannot connnect VM-125<->VM-38
 WARN 07-15 17:55:30,475 ExecutorChannelManagerMap:95 [pool-16-thread-4] - Cannot connnect VM-125<->VM-37
 WARN 07-15 17:55:30,475 ExecutorChannelManagerMap:95 [pool-16-thread-4] - Cannot connnect VM-125<->VM-36
 WARN 07-15 17:55:30,475 ExecutorChannelManagerMap:95 [pool-16-thread-4] - Cannot connnect VM-125<->VM-35
 WARN 07-15 17:55:30,475 ExecutorChannelManagerMap:95 [pool-16-thread-4] - Cannot connnect VM-125<->VM-34
 WARN 07-15 17:55:30,475 ExecutorChannelManagerMap:95 [pool-16-thread-4] - Cannot connnect VM-125<->VM-111
 WARN 07-15 17:55:30,475 ExecutorChannelManagerMap:95 [pool-16-thread-4] - Cannot connnect VM-125<->VM-33
 WARN 07-15 17:55:30,475 ExecutorChannelManagerMap:95 [pool-16-thread-4] - Cannot connnect VM-125<->VM-110
 WARN 07-15 17:55:30,475 ExecutorChannelManagerMap:95 [pool-16-thread-4] - Cannot connnect VM-125<->VM-32
 WARN 07-15 17:55:30,475 ExecutorChannelManagerMap:95 [pool-16-thread-4] - Cannot connnect VM-125<->VM-31
 WARN 07-15 17:55:30,475 ExecutorChannelManagerMap:95 [pool-16-thread-4] - Cannot connnect VM-125<->VM-30
 WARN 07-15 17:55:30,475 ExecutorChannelManagerMap:95 [pool-16-thread-4] - Cannot connnect VM-125<->VM-115
 WARN 07-15 17:55:30,475 ExecutorChannelManagerMap:95 [pool-16-thread-4] - Cannot connnect VM-125<->VM-114
 WARN 07-15 17:55:30,475 ExecutorChannelManagerMap:95 [pool-16-thread-4] - Cannot connnect VM-125<->VM-113
 WARN 07-15 17:55:30,475 ExecutorChannelManagerMap:95 [pool-16-thread-4] - Cannot connnect VM-125<->VM-112
 WARN 07-15 17:55:30,475 ExecutorChannelManagerMap:106 [pool-16-thread-4] - Executor Executor2 already registered
 WARN 07-15 17:55:30,475 ExecutorChannelManagerMap:106 [pool-16-thread-4] - Executor Executor1 already registered
 WARN 07-15 17:55:30,475 ExecutorChannelManagerMap:106 [pool-16-thread-4] - Executor Executor0 already registered
 WARN 07-15 17:55:30,475 ExecutorChannelManagerMap:95 [pool-16-thread-4] - Cannot connnect VM-125<->VM-109
 WARN 07-15 17:55:30,475 ExecutorChannelManagerMap:95 [pool-16-thread-6] - Cannot connnect VM-125<->VM-89
 WARN 07-15 17:55:30,475 ExecutorChannelManagerMap:95 [pool-16-thread-6] - Cannot connnect VM-125<->VM-122
 WARN 07-15 17:55:30,475 ExecutorChannelManagerMap:95 [pool-16-thread-6] - Cannot connnect VM-125<->VM-88
 WARN 07-15 17:55:30,475 ExecutorChannelManagerMap:95 [pool-16-thread-6] - Cannot connnect VM-125<->VM-121
 WARN 07-15 17:55:30,475 ExecutorChannelManagerMap:95 [pool-16-thread-6] - Cannot connnect VM-125<->VM-87
 WARN 07-15 17:55:30,475 ExecutorChannelManagerMap:95 [pool-16-thread-6] - Cannot connnect VM-125<->VM-120
 WARN 07-15 17:55:30,475 ExecutorChannelManagerMap:95 [pool-16-thread-6] - Cannot connnect VM-125<->VM-86
 WARN 07-15 17:55:30,475 ExecutorChannelManagerMap:95 [pool-16-thread-6] - Cannot connnect VM-125<->VM-85
 WARN 07-15 17:55:30,475 ExecutorChannelManagerMap:95 [pool-16-thread-6] - Cannot connnect VM-125<->VM-126
 WARN 07-15 17:55:30,475 ExecutorChannelManagerMap:95 [pool-16-thread-6] - Cannot connnect VM-125<->VM-84
 WARN 07-15 17:55:30,475 ExecutorChannelManagerMap:95 [pool-16-thread-6] - Cannot connnect VM-125<->VM-83
 WARN 07-15 17:55:30,475 ExecutorChannelManagerMap:95 [pool-16-thread-6] - Cannot connnect VM-125<->VM-124
 WARN 07-15 17:55:30,475 ExecutorChannelManagerMap:95 [pool-16-thread-6] - Cannot connnect VM-125<->VM-82
 WARN 07-15 17:55:30,476 ExecutorChannelManagerMap:95 [pool-16-thread-6] - Cannot connnect VM-125<->VM-123
 WARN 07-15 17:55:30,476 ExecutorChannelManagerMap:95 [pool-16-thread-6] - Cannot connnect VM-125<->VM-81
 WARN 07-15 17:55:30,476 ExecutorChannelManagerMap:95 [pool-16-thread-6] - Cannot connnect VM-125<->VM-119
 WARN 07-15 17:55:30,476 ExecutorChannelManagerMap:95 [pool-16-thread-6] - Cannot connnect VM-125<->VM-80
 WARN 07-15 17:55:30,476 ExecutorChannelManagerMap:95 [pool-16-thread-6] - Cannot connnect VM-125<->VM-118
 WARN 07-15 17:55:30,476 ExecutorChannelManagerMap:95 [pool-16-thread-6] - Cannot connnect VM-125<->VM-117
 WARN 07-15 17:55:30,476 ExecutorChannelManagerMap:95 [pool-16-thread-6] - Cannot connnect VM-125<->VM-116
 WARN 07-15 17:55:30,476 ExecutorChannelManagerMap:95 [pool-16-thread-6] - Cannot connnect VM-125<->VM-19
 WARN 07-15 17:55:30,476 ExecutorChannelManagerMap:95 [pool-16-thread-6] - Cannot connnect VM-125<->VM-18
 WARN 07-15 17:55:30,476 ExecutorChannelManagerMap:95 [pool-16-thread-6] - Cannot connnect VM-125<->VM-17
 WARN 07-15 17:55:30,476 ExecutorChannelManagerMap:95 [pool-16-thread-6] - Cannot connnect VM-125<->VM-16
 WARN 07-15 17:55:30,476 ExecutorChannelManagerMap:95 [pool-16-thread-6] - Cannot connnect VM-125<->VM-15
 WARN 07-15 17:55:30,476 ExecutorChannelManagerMap:95 [pool-16-thread-6] - Cannot connnect VM-125<->VM-14
 WARN 07-15 17:55:30,476 ExecutorChannelManagerMap:95 [pool-16-thread-6] - Cannot connnect VM-125<->VM-13
 WARN 07-15 17:55:30,476 ExecutorChannelManagerMap:95 [pool-16-thread-6] - Cannot connnect VM-125<->VM-12
 WARN 07-15 17:55:30,476 ExecutorChannelManagerMap:95 [pool-16-thread-6] - Cannot connnect VM-125<->VM-133
 WARN 07-15 17:55:30,476 ExecutorChannelManagerMap:95 [pool-16-thread-6] - Cannot connnect VM-125<->VM-99
 WARN 07-15 17:55:30,476 ExecutorChannelManagerMap:95 [pool-16-thread-6] - Cannot connnect VM-125<->VM-11
 WARN 07-15 17:55:30,476 ExecutorChannelManagerMap:95 [pool-16-thread-6] - Cannot connnect VM-125<->VM-132
 WARN 07-15 17:55:30,476 ExecutorChannelManagerMap:95 [pool-16-thread-6] - Cannot connnect VM-125<->VM-98
 WARN 07-15 17:55:30,476 ExecutorChannelManagerMap:95 [pool-16-thread-6] - Cannot connnect VM-125<->VM-10
 WARN 07-15 17:55:30,476 ExecutorChannelManagerMap:95 [pool-16-thread-6] - Cannot connnect VM-125<->VM-131
 WARN 07-15 17:55:30,476 ExecutorChannelManagerMap:95 [pool-16-thread-6] - Cannot connnect VM-125<->VM-97
 WARN 07-15 17:55:30,476 ExecutorChannelManagerMap:95 [pool-16-thread-6] - Cannot connnect VM-125<->VM-130
 WARN 07-15 17:55:30,476 ExecutorChannelManagerMap:95 [pool-16-thread-6] - Cannot connnect VM-125<->VM-96
 WARN 07-15 17:55:30,476 ExecutorChannelManagerMap:95 [pool-16-thread-6] - Cannot connnect VM-125<->VM-137
 WARN 07-15 17:55:30,476 ExecutorChannelManagerMap:95 [pool-16-thread-6] - Cannot connnect VM-125<->VM-95
 WARN 07-15 17:55:30,476 ExecutorChannelManagerMap:95 [pool-16-thread-6] - Cannot connnect VM-125<->VM-136
 WARN 07-15 17:55:30,476 ExecutorChannelManagerMap:95 [pool-16-thread-6] - Cannot connnect VM-125<->VM-94
 WARN 07-15 17:55:30,476 ExecutorChannelManagerMap:95 [pool-16-thread-6] - Cannot connnect VM-125<->VM-135
 WARN 07-15 17:55:30,476 ExecutorChannelManagerMap:95 [pool-16-thread-6] - Cannot connnect VM-125<->VM-93
 WARN 07-15 17:55:30,476 ExecutorChannelManagerMap:95 [pool-16-thread-6] - Cannot connnect VM-125<->VM-134
 WARN 07-15 17:55:30,476 ExecutorChannelManagerMap:95 [pool-16-thread-6] - Cannot connnect VM-125<->VM-92
 WARN 07-15 17:55:30,476 ExecutorChannelManagerMap:95 [pool-16-thread-6] - Cannot connnect VM-125<->VM-91
 WARN 07-15 17:55:30,476 ExecutorChannelManagerMap:95 [pool-16-thread-6] - Cannot connnect VM-125<->VM-129
 WARN 07-15 17:55:30,476 ExecutorChannelManagerMap:95 [pool-16-thread-6] - Cannot connnect VM-125<->VM-90
 WARN 07-15 17:55:30,476 ExecutorChannelManagerMap:95 [pool-16-thread-6] - Cannot connnect VM-125<->VM-128
 WARN 07-15 17:55:30,476 ExecutorChannelManagerMap:95 [pool-16-thread-6] - Cannot connnect VM-125<->VM-127
 WARN 07-15 17:55:30,476 ExecutorChannelManagerMap:95 [pool-16-thread-6] - Cannot connnect VM-125<->VM-140
 WARN 07-15 17:55:30,476 ExecutorChannelManagerMap:95 [pool-16-thread-6] - Cannot connnect VM-125<->VM-69
 WARN 07-15 17:55:30,476 ExecutorChannelManagerMap:95 [pool-16-thread-6] - Cannot connnect VM-125<->VM-68
 WARN 07-15 17:55:30,476 ExecutorChannelManagerMap:95 [pool-16-thread-6] - Cannot connnect VM-125<->VM-67
 WARN 07-15 17:55:30,476 ExecutorChannelManagerMap:95 [pool-16-thread-6] - Cannot connnect VM-125<->VM-144
 WARN 07-15 17:55:30,476 ExecutorChannelManagerMap:95 [pool-16-thread-6] - Cannot connnect VM-125<->VM-66
 WARN 07-15 17:55:30,476 ExecutorChannelManagerMap:95 [pool-16-thread-6] - Cannot connnect VM-125<->VM-143
 WARN 07-15 17:55:30,476 ExecutorChannelManagerMap:95 [pool-16-thread-6] - Cannot connnect VM-125<->VM-65
 WARN 07-15 17:55:30,476 ExecutorChannelManagerMap:95 [pool-16-thread-6] - Cannot connnect VM-125<->VM-142
 WARN 07-15 17:55:30,476 ExecutorChannelManagerMap:95 [pool-16-thread-6] - Cannot connnect VM-125<->VM-64
 WARN 07-15 17:55:30,476 ExecutorChannelManagerMap:95 [pool-16-thread-6] - Cannot connnect VM-125<->VM-141
 WARN 07-15 17:55:30,476 ExecutorChannelManagerMap:95 [pool-16-thread-6] - Cannot connnect VM-125<->VM-63
 WARN 07-15 17:55:30,476 ExecutorChannelManagerMap:95 [pool-16-thread-6] - Cannot connnect VM-125<->VM-148
 WARN 07-15 17:55:30,476 ExecutorChannelManagerMap:95 [pool-16-thread-6] - Cannot connnect VM-125<->VM-62
 WARN 07-15 17:55:30,476 ExecutorChannelManagerMap:95 [pool-16-thread-6] - Cannot connnect VM-125<->VM-147
 WARN 07-15 17:55:30,476 ExecutorChannelManagerMap:95 [pool-16-thread-6] - Cannot connnect VM-125<->VM-61
 WARN 07-15 17:55:30,476 ExecutorChannelManagerMap:95 [pool-16-thread-6] - Cannot connnect VM-125<->VM-146
 WARN 07-15 17:55:30,476 ExecutorChannelManagerMap:95 [pool-16-thread-6] - Cannot connnect VM-125<->VM-60
 WARN 07-15 17:55:30,476 ExecutorChannelManagerMap:95 [pool-16-thread-6] - Cannot connnect VM-125<->VM-145
 WARN 07-15 17:55:30,476 ExecutorChannelManagerMap:95 [pool-16-thread-6] - Cannot connnect VM-125<->VM-139
 WARN 07-15 17:55:30,477 ExecutorChannelManagerMap:95 [pool-16-thread-6] - Cannot connnect VM-125<->VM-138
 WARN 07-15 17:55:30,477 ExecutorChannelManagerMap:95 [pool-16-thread-6] - Cannot connnect VM-125<->VM-151
 WARN 07-15 17:55:30,477 ExecutorChannelManagerMap:95 [pool-16-thread-6] - Cannot connnect VM-125<->VM-150
 WARN 07-15 17:55:30,477 ExecutorChannelManagerMap:95 [pool-16-thread-6] - Cannot connnect VM-125<->VM-79
 WARN 07-15 17:55:30,477 ExecutorChannelManagerMap:95 [pool-16-thread-6] - Cannot connnect VM-125<->VM-78
 WARN 07-15 17:55:30,477 ExecutorChannelManagerMap:95 [pool-16-thread-6] - Cannot connnect VM-125<->VM-155
 WARN 07-15 17:55:30,477 ExecutorChannelManagerMap:95 [pool-16-thread-6] - Cannot connnect VM-125<->VM-77
 WARN 07-15 17:55:30,477 ExecutorChannelManagerMap:95 [pool-16-thread-6] - Cannot connnect VM-125<->VM-154
 WARN 07-15 17:55:30,477 ExecutorChannelManagerMap:95 [pool-16-thread-6] - Cannot connnect VM-125<->VM-76
 WARN 07-15 17:55:30,477 ExecutorChannelManagerMap:95 [pool-16-thread-6] - Cannot connnect VM-125<->VM-153
 WARN 07-15 17:55:30,477 ExecutorChannelManagerMap:95 [pool-16-thread-6] - Cannot connnect VM-125<->VM-75
 WARN 07-15 17:55:30,477 ExecutorChannelManagerMap:95 [pool-16-thread-6] - Cannot connnect VM-125<->VM-152
 WARN 07-15 17:55:30,477 ExecutorChannelManagerMap:95 [pool-16-thread-6] - Cannot connnect VM-125<->VM-74
 WARN 07-15 17:55:30,477 ExecutorChannelManagerMap:95 [pool-16-thread-6] - Cannot connnect VM-125<->VM-159
 WARN 07-15 17:55:30,477 ExecutorChannelManagerMap:95 [pool-16-thread-6] - Cannot connnect VM-125<->VM-73
 WARN 07-15 17:55:30,477 ExecutorChannelManagerMap:95 [pool-16-thread-6] - Cannot connnect VM-125<->VM-158
 WARN 07-15 17:55:30,477 ExecutorChannelManagerMap:95 [pool-16-thread-6] - Cannot connnect VM-125<->VM-72
 WARN 07-15 17:55:30,477 ExecutorChannelManagerMap:95 [pool-16-thread-6] - Cannot connnect VM-125<->VM-157
 WARN 07-15 17:55:30,477 ExecutorChannelManagerMap:95 [pool-16-thread-6] - Cannot connnect VM-125<->VM-71
 WARN 07-15 17:55:30,477 ExecutorChannelManagerMap:95 [pool-16-thread-6] - Cannot connnect VM-125<->VM-156
 WARN 07-15 17:55:30,477 ExecutorChannelManagerMap:95 [pool-16-thread-6] - Cannot connnect VM-125<->VM-70
 WARN 07-15 17:55:30,477 ExecutorChannelManagerMap:95 [pool-16-thread-6] - Cannot connnect VM-125<->VM-149
 WARN 07-15 17:55:30,477 ExecutorChannelManagerMap:95 [pool-16-thread-6] - Cannot connnect VM-125<->VM-49
 WARN 07-15 17:55:30,477 ExecutorChannelManagerMap:95 [pool-16-thread-6] - Cannot connnect VM-125<->VM-48
 WARN 07-15 17:55:30,477 ExecutorChannelManagerMap:95 [pool-16-thread-6] - Cannot connnect VM-125<->VM-47
 WARN 07-15 17:55:30,477 ExecutorChannelManagerMap:95 [pool-16-thread-6] - Cannot connnect VM-125<->VM-160
 WARN 07-15 17:55:30,477 ExecutorChannelManagerMap:95 [pool-16-thread-6] - Cannot connnect VM-125<->VM-46
 WARN 07-15 17:55:30,477 ExecutorChannelManagerMap:95 [pool-16-thread-6] - Cannot connnect VM-125<->VM-45
 WARN 07-15 17:55:30,477 ExecutorChannelManagerMap:95 [pool-16-thread-6] - Cannot connnect VM-125<->VM-6
 WARN 07-15 17:55:30,477 ExecutorChannelManagerMap:95 [pool-16-thread-6] - Cannot connnect VM-125<->VM-44
 WARN 07-15 17:55:30,477 ExecutorChannelManagerMap:95 [pool-16-thread-6] - Cannot connnect VM-125<->VM-7
 WARN 07-15 17:55:30,477 ExecutorChannelManagerMap:95 [pool-16-thread-6] - Cannot connnect VM-125<->VM-43
 WARN 07-15 17:55:30,477 ExecutorChannelManagerMap:95 [pool-16-thread-6] - Cannot connnect VM-125<->VM-8
 WARN 07-15 17:55:30,477 ExecutorChannelManagerMap:95 [pool-16-thread-6] - Cannot connnect VM-125<->VM-42
 WARN 07-15 17:55:30,477 ExecutorChannelManagerMap:95 [pool-16-thread-6] - Cannot connnect VM-125<->VM-9
 WARN 07-15 17:55:30,477 ExecutorChannelManagerMap:95 [pool-16-thread-6] - Cannot connnect VM-125<->VM-41
 WARN 07-15 17:55:30,477 ExecutorChannelManagerMap:95 [pool-16-thread-6] - Cannot connnect VM-125<->VM-40
 WARN 07-15 17:55:30,477 ExecutorChannelManagerMap:95 [pool-16-thread-6] - Cannot connnect VM-125<->VM-59
 WARN 07-15 17:55:30,477 ExecutorChannelManagerMap:95 [pool-16-thread-6] - Cannot connnect VM-125<->VM-58
 WARN 07-15 17:55:30,477 ExecutorChannelManagerMap:95 [pool-16-thread-6] - Cannot connnect VM-125<->VM-57
 WARN 07-15 17:55:30,477 ExecutorChannelManagerMap:95 [pool-16-thread-6] - Cannot connnect VM-125<->VM-56
 WARN 07-15 17:55:30,477 ExecutorChannelManagerMap:95 [pool-16-thread-6] - Cannot connnect VM-125<->VM-55
 WARN 07-15 17:55:30,477 ExecutorChannelManagerMap:95 [pool-16-thread-6] - Cannot connnect VM-125<->VM-54
 WARN 07-15 17:55:30,477 ExecutorChannelManagerMap:95 [pool-16-thread-6] - Cannot connnect VM-125<->VM-53
 WARN 07-15 17:55:30,477 ExecutorChannelManagerMap:95 [pool-16-thread-6] - Cannot connnect VM-125<->VM-52
 WARN 07-15 17:55:30,477 ExecutorChannelManagerMap:95 [pool-16-thread-6] - Cannot connnect VM-125<->VM-51
 WARN 07-15 17:55:30,477 ExecutorChannelManagerMap:95 [pool-16-thread-6] - Cannot connnect VM-125<->VM-50
 WARN 07-15 17:55:30,477 ExecutorChannelManagerMap:95 [pool-16-thread-6] - Cannot connnect VM-125<->VM-1
 WARN 07-15 17:55:30,477 ExecutorChannelManagerMap:95 [pool-16-thread-6] - Cannot connnect VM-125<->VM-2
 WARN 07-15 17:55:30,477 ExecutorChannelManagerMap:95 [pool-16-thread-6] - Cannot connnect VM-125<->VM-3
 WARN 07-15 17:55:30,477 ExecutorChannelManagerMap:95 [pool-16-thread-6] - Cannot connnect VM-125<->VM-4
 WARN 07-15 17:55:30,477 ExecutorChannelManagerMap:95 [pool-16-thread-6] - Cannot connnect VM-125<->VM-5
 WARN 07-15 17:55:30,477 ExecutorChannelManagerMap:95 [pool-16-thread-6] - Cannot connnect VM-125<->VM-29
 WARN 07-15 17:55:30,477 ExecutorChannelManagerMap:95 [pool-16-thread-6] - Cannot connnect VM-125<->VM-28
 WARN 07-15 17:55:30,477 ExecutorChannelManagerMap:95 [pool-16-thread-6] - Cannot connnect VM-125<->VM-27
 WARN 07-15 17:55:30,477 ExecutorChannelManagerMap:95 [pool-16-thread-6] - Cannot connnect VM-125<->VM-26
 WARN 07-15 17:55:30,477 ExecutorChannelManagerMap:95 [pool-16-thread-6] - Cannot connnect VM-125<->VM-25
 WARN 07-15 17:55:30,478 ExecutorChannelManagerMap:95 [pool-16-thread-6] - Cannot connnect VM-125<->VM-24
 WARN 07-15 17:55:30,478 ExecutorChannelManagerMap:95 [pool-16-thread-6] - Cannot connnect VM-125<->VM-100
 WARN 07-15 17:55:30,478 ExecutorChannelManagerMap:95 [pool-16-thread-6] - Cannot connnect VM-125<->VM-23
 WARN 07-15 17:55:30,478 ExecutorChannelManagerMap:95 [pool-16-thread-6] - Cannot connnect VM-125<->VM-22
 WARN 07-15 17:55:30,478 ExecutorChannelManagerMap:106 [pool-16-thread-6] - Executor Executor4 already registered
 WARN 07-15 17:55:30,478 ExecutorChannelManagerMap:95 [pool-16-thread-6] - Cannot connnect VM-125<->VM-21
 WARN 07-15 17:55:30,478 ExecutorChannelManagerMap:106 [pool-16-thread-6] - Executor Executor3 already registered
 WARN 07-15 17:55:30,478 ExecutorChannelManagerMap:95 [pool-16-thread-6] - Cannot connnect VM-125<->VM-20
 WARN 07-15 17:55:30,478 ExecutorChannelManagerMap:95 [pool-16-thread-6] - Cannot connnect VM-125<->VM-101
 WARN 07-15 17:55:30,478 ExecutorChannelManagerMap:95 [pool-16-thread-6] - Cannot connnect VM-125<->VM-39
 WARN 07-15 17:55:30,478 ExecutorChannelManagerMap:95 [pool-16-thread-6] - Cannot connnect VM-125<->VM-38
 WARN 07-15 17:55:30,478 ExecutorChannelManagerMap:95 [pool-16-thread-6] - Cannot connnect VM-125<->VM-37
 WARN 07-15 17:55:30,478 ExecutorChannelManagerMap:95 [pool-16-thread-6] - Cannot connnect VM-125<->VM-36
 WARN 07-15 17:55:30,478 ExecutorChannelManagerMap:95 [pool-16-thread-6] - Cannot connnect VM-125<->VM-35
 WARN 07-15 17:55:30,478 ExecutorChannelManagerMap:95 [pool-16-thread-6] - Cannot connnect VM-125<->VM-34
 WARN 07-15 17:55:30,478 ExecutorChannelManagerMap:95 [pool-16-thread-6] - Cannot connnect VM-125<->VM-111
 WARN 07-15 17:55:30,478 ExecutorChannelManagerMap:95 [pool-16-thread-6] - Cannot connnect VM-125<->VM-33
 WARN 07-15 17:55:30,478 ExecutorChannelManagerMap:95 [pool-16-thread-6] - Cannot connnect VM-125<->VM-110
 WARN 07-15 17:55:30,478 ExecutorChannelManagerMap:95 [pool-16-thread-6] - Cannot connnect VM-125<->VM-32
 WARN 07-15 17:55:30,478 ExecutorChannelManagerMap:95 [pool-16-thread-6] - Cannot connnect VM-125<->VM-31
 WARN 07-15 17:55:30,478 ExecutorChannelManagerMap:95 [pool-16-thread-6] - Cannot connnect VM-125<->VM-30
 WARN 07-15 17:55:30,478 ExecutorChannelManagerMap:95 [pool-16-thread-6] - Cannot connnect VM-125<->VM-115
 WARN 07-15 17:55:30,478 ExecutorChannelManagerMap:95 [pool-16-thread-6] - Cannot connnect VM-125<->VM-114
 WARN 07-15 17:55:30,478 ExecutorChannelManagerMap:95 [pool-16-thread-6] - Cannot connnect VM-125<->VM-113
 WARN 07-15 17:55:30,478 ExecutorChannelManagerMap:95 [pool-16-thread-6] - Cannot connnect VM-125<->VM-112
 WARN 07-15 17:55:30,478 ExecutorChannelManagerMap:95 [pool-16-thread-6] - Cannot connnect VM-125<->VM-108
 WARN 07-15 17:55:30,478 ExecutorChannelManagerMap:95 [pool-16-thread-6] - Cannot connnect VM-125<->VM-107
 WARN 07-15 17:55:30,478 ExecutorChannelManagerMap:95 [pool-16-thread-6] - Cannot connnect VM-125<->VM-106
 WARN 07-15 17:55:30,478 ExecutorChannelManagerMap:106 [pool-16-thread-6] - Executor Executor2 already registered
 WARN 07-15 17:55:30,478 ExecutorChannelManagerMap:106 [pool-16-thread-6] - Executor Executor1 already registered
 WARN 07-15 17:55:30,478 ExecutorChannelManagerMap:106 [pool-16-thread-6] - Executor Executor0 already registered
 WARN 07-15 17:55:30,478 ExecutorChannelManagerMap:95 [pool-16-thread-6] - Cannot connnect VM-125<->VM-109
 WARN 07-15 17:55:30,478 ExecutorChannelManagerMap:95 [pool-16-thread-8] - Cannot connnect VM-125<->VM-122
 WARN 07-15 17:55:30,478 ExecutorChannelManagerMap:95 [pool-16-thread-8] - Cannot connnect VM-125<->VM-88
 WARN 07-15 17:55:30,478 ExecutorChannelManagerMap:95 [pool-16-thread-8] - Cannot connnect VM-125<->VM-121
 WARN 07-15 17:55:30,478 ExecutorChannelManagerMap:95 [pool-16-thread-8] - Cannot connnect VM-125<->VM-87
 WARN 07-15 17:55:30,478 ExecutorChannelManagerMap:95 [pool-16-thread-8] - Cannot connnect VM-125<->VM-120
 WARN 07-15 17:55:30,478 ExecutorChannelManagerMap:95 [pool-16-thread-8] - Cannot connnect VM-125<->VM-86
 WARN 07-15 17:55:30,478 ExecutorChannelManagerMap:95 [pool-16-thread-8] - Cannot connnect VM-125<->VM-85
 WARN 07-15 17:55:30,478 ExecutorChannelManagerMap:95 [pool-16-thread-8] - Cannot connnect VM-125<->VM-126
 WARN 07-15 17:55:30,478 ExecutorChannelManagerMap:95 [pool-16-thread-8] - Cannot connnect VM-125<->VM-84
 WARN 07-15 17:55:30,478 ExecutorChannelManagerMap:95 [pool-16-thread-8] - Cannot connnect VM-125<->VM-83
 WARN 07-15 17:55:30,478 ExecutorChannelManagerMap:95 [pool-16-thread-8] - Cannot connnect VM-125<->VM-124
 WARN 07-15 17:55:30,478 ExecutorChannelManagerMap:95 [pool-16-thread-8] - Cannot connnect VM-125<->VM-82
 WARN 07-15 17:55:30,478 ExecutorChannelManagerMap:95 [pool-16-thread-8] - Cannot connnect VM-125<->VM-123
 WARN 07-15 17:55:30,478 ExecutorChannelManagerMap:95 [pool-16-thread-8] - Cannot connnect VM-125<->VM-81
 WARN 07-15 17:55:30,478 ExecutorChannelManagerMap:95 [pool-16-thread-8] - Cannot connnect VM-125<->VM-119
 WARN 07-15 17:55:30,478 ExecutorChannelManagerMap:95 [pool-16-thread-8] - Cannot connnect VM-125<->VM-80
 WARN 07-15 17:55:30,478 ExecutorChannelManagerMap:95 [pool-16-thread-8] - Cannot connnect VM-125<->VM-118
 WARN 07-15 17:55:30,478 ExecutorChannelManagerMap:95 [pool-16-thread-8] - Cannot connnect VM-125<->VM-117
 WARN 07-15 17:55:30,478 ExecutorChannelManagerMap:95 [pool-16-thread-8] - Cannot connnect VM-125<->VM-116
 WARN 07-15 17:55:30,478 ExecutorChannelManagerMap:95 [pool-16-thread-8] - Cannot connnect VM-125<->VM-19
 WARN 07-15 17:55:30,478 ExecutorChannelManagerMap:95 [pool-16-thread-8] - Cannot connnect VM-125<->VM-18
 WARN 07-15 17:55:30,478 ExecutorChannelManagerMap:95 [pool-16-thread-8] - Cannot connnect VM-125<->VM-17
 WARN 07-15 17:55:30,478 ExecutorChannelManagerMap:95 [pool-16-thread-8] - Cannot connnect VM-125<->VM-16
 WARN 07-15 17:55:30,479 ExecutorChannelManagerMap:95 [pool-16-thread-8] - Cannot connnect VM-125<->VM-15
 WARN 07-15 17:55:30,479 ExecutorChannelManagerMap:95 [pool-16-thread-8] - Cannot connnect VM-125<->VM-14
 WARN 07-15 17:55:30,479 ExecutorChannelManagerMap:95 [pool-16-thread-8] - Cannot connnect VM-125<->VM-13
 WARN 07-15 17:55:30,479 ExecutorChannelManagerMap:95 [pool-16-thread-8] - Cannot connnect VM-125<->VM-12
 WARN 07-15 17:55:30,479 ExecutorChannelManagerMap:95 [pool-16-thread-8] - Cannot connnect VM-125<->VM-133
 WARN 07-15 17:55:30,479 ExecutorChannelManagerMap:95 [pool-16-thread-8] - Cannot connnect VM-125<->VM-99
 WARN 07-15 17:55:30,479 ExecutorChannelManagerMap:95 [pool-16-thread-8] - Cannot connnect VM-125<->VM-11
 WARN 07-15 17:55:30,479 ExecutorChannelManagerMap:95 [pool-16-thread-8] - Cannot connnect VM-125<->VM-132
 WARN 07-15 17:55:30,479 ExecutorChannelManagerMap:95 [pool-16-thread-8] - Cannot connnect VM-125<->VM-98
 WARN 07-15 17:55:30,479 ExecutorChannelManagerMap:95 [pool-16-thread-8] - Cannot connnect VM-125<->VM-10
 WARN 07-15 17:55:30,479 ExecutorChannelManagerMap:95 [pool-16-thread-8] - Cannot connnect VM-125<->VM-131
 WARN 07-15 17:55:30,479 ExecutorChannelManagerMap:95 [pool-16-thread-8] - Cannot connnect VM-125<->VM-97
 WARN 07-15 17:55:30,479 ExecutorChannelManagerMap:95 [pool-16-thread-8] - Cannot connnect VM-125<->VM-130
 WARN 07-15 17:55:30,479 ExecutorChannelManagerMap:95 [pool-16-thread-8] - Cannot connnect VM-125<->VM-96
 WARN 07-15 17:55:30,479 ExecutorChannelManagerMap:95 [pool-16-thread-8] - Cannot connnect VM-125<->VM-137
 WARN 07-15 17:55:30,479 ExecutorChannelManagerMap:95 [pool-16-thread-8] - Cannot connnect VM-125<->VM-95
 WARN 07-15 17:55:30,479 ExecutorChannelManagerMap:95 [pool-16-thread-8] - Cannot connnect VM-125<->VM-136
 WARN 07-15 17:55:30,479 ExecutorChannelManagerMap:95 [pool-16-thread-8] - Cannot connnect VM-125<->VM-94
 WARN 07-15 17:55:30,479 ExecutorChannelManagerMap:95 [pool-16-thread-8] - Cannot connnect VM-125<->VM-135
 WARN 07-15 17:55:30,479 ExecutorChannelManagerMap:95 [pool-16-thread-8] - Cannot connnect VM-125<->VM-93
 WARN 07-15 17:55:30,479 ExecutorChannelManagerMap:95 [pool-16-thread-8] - Cannot connnect VM-125<->VM-134
 WARN 07-15 17:55:30,479 ExecutorChannelManagerMap:95 [pool-16-thread-8] - Cannot connnect VM-125<->VM-92
 WARN 07-15 17:55:30,479 ExecutorChannelManagerMap:95 [pool-16-thread-8] - Cannot connnect VM-125<->VM-91
 WARN 07-15 17:55:30,479 ExecutorChannelManagerMap:95 [pool-16-thread-8] - Cannot connnect VM-125<->VM-129
 WARN 07-15 17:55:30,479 ExecutorChannelManagerMap:95 [pool-16-thread-8] - Cannot connnect VM-125<->VM-90
 WARN 07-15 17:55:30,479 ExecutorChannelManagerMap:95 [pool-16-thread-8] - Cannot connnect VM-125<->VM-128
 WARN 07-15 17:55:30,479 ExecutorChannelManagerMap:95 [pool-16-thread-8] - Cannot connnect VM-125<->VM-127
 WARN 07-15 17:55:30,479 ExecutorChannelManagerMap:95 [pool-16-thread-8] - Cannot connnect VM-125<->VM-140
 WARN 07-15 17:55:30,479 ExecutorChannelManagerMap:95 [pool-16-thread-8] - Cannot connnect VM-125<->VM-69
 WARN 07-15 17:55:30,479 ExecutorChannelManagerMap:95 [pool-16-thread-8] - Cannot connnect VM-125<->VM-68
 WARN 07-15 17:55:30,479 ExecutorChannelManagerMap:95 [pool-16-thread-8] - Cannot connnect VM-125<->VM-67
 WARN 07-15 17:55:30,479 ExecutorChannelManagerMap:95 [pool-16-thread-8] - Cannot connnect VM-125<->VM-144
 WARN 07-15 17:55:30,479 ExecutorChannelManagerMap:95 [pool-16-thread-8] - Cannot connnect VM-125<->VM-66
 WARN 07-15 17:55:30,479 ExecutorChannelManagerMap:95 [pool-16-thread-8] - Cannot connnect VM-125<->VM-143
 WARN 07-15 17:55:30,479 ExecutorChannelManagerMap:95 [pool-16-thread-8] - Cannot connnect VM-125<->VM-65
 WARN 07-15 17:55:30,479 ExecutorChannelManagerMap:95 [pool-16-thread-8] - Cannot connnect VM-125<->VM-142
 WARN 07-15 17:55:30,479 ExecutorChannelManagerMap:95 [pool-16-thread-8] - Cannot connnect VM-125<->VM-64
 WARN 07-15 17:55:30,479 ExecutorChannelManagerMap:95 [pool-16-thread-8] - Cannot connnect VM-125<->VM-141
 WARN 07-15 17:55:30,479 ExecutorChannelManagerMap:95 [pool-16-thread-8] - Cannot connnect VM-125<->VM-63
 WARN 07-15 17:55:30,479 ExecutorChannelManagerMap:95 [pool-16-thread-8] - Cannot connnect VM-125<->VM-148
 WARN 07-15 17:55:30,479 ExecutorChannelManagerMap:95 [pool-16-thread-8] - Cannot connnect VM-125<->VM-62
 WARN 07-15 17:55:30,479 ExecutorChannelManagerMap:95 [pool-16-thread-8] - Cannot connnect VM-125<->VM-147
 WARN 07-15 17:55:30,479 ExecutorChannelManagerMap:95 [pool-16-thread-8] - Cannot connnect VM-125<->VM-61
 WARN 07-15 17:55:30,479 ExecutorChannelManagerMap:95 [pool-16-thread-8] - Cannot connnect VM-125<->VM-146
 WARN 07-15 17:55:30,479 ExecutorChannelManagerMap:95 [pool-16-thread-8] - Cannot connnect VM-125<->VM-60
 WARN 07-15 17:55:30,479 ExecutorChannelManagerMap:95 [pool-16-thread-8] - Cannot connnect VM-125<->VM-145
 WARN 07-15 17:55:30,479 ExecutorChannelManagerMap:95 [pool-16-thread-8] - Cannot connnect VM-125<->VM-139
 WARN 07-15 17:55:30,479 ExecutorChannelManagerMap:95 [pool-16-thread-8] - Cannot connnect VM-125<->VM-138
 WARN 07-15 17:55:30,479 ExecutorChannelManagerMap:95 [pool-16-thread-8] - Cannot connnect VM-125<->VM-151
 WARN 07-15 17:55:30,479 ExecutorChannelManagerMap:95 [pool-16-thread-8] - Cannot connnect VM-125<->VM-150
 WARN 07-15 17:55:30,479 ExecutorChannelManagerMap:95 [pool-16-thread-8] - Cannot connnect VM-125<->VM-79
 WARN 07-15 17:55:30,479 ExecutorChannelManagerMap:95 [pool-16-thread-8] - Cannot connnect VM-125<->VM-78
 WARN 07-15 17:55:30,479 ExecutorChannelManagerMap:95 [pool-16-thread-8] - Cannot connnect VM-125<->VM-155
 WARN 07-15 17:55:30,479 ExecutorChannelManagerMap:95 [pool-16-thread-8] - Cannot connnect VM-125<->VM-77
 WARN 07-15 17:55:30,479 ExecutorChannelManagerMap:95 [pool-16-thread-8] - Cannot connnect VM-125<->VM-154
 WARN 07-15 17:55:30,480 ExecutorChannelManagerMap:95 [pool-16-thread-8] - Cannot connnect VM-125<->VM-76
 WARN 07-15 17:55:30,480 ExecutorChannelManagerMap:95 [pool-16-thread-8] - Cannot connnect VM-125<->VM-153
 WARN 07-15 17:55:30,480 ExecutorChannelManagerMap:95 [pool-16-thread-8] - Cannot connnect VM-125<->VM-75
 WARN 07-15 17:55:30,480 ExecutorChannelManagerMap:95 [pool-16-thread-8] - Cannot connnect VM-125<->VM-152
 WARN 07-15 17:55:30,480 ExecutorChannelManagerMap:95 [pool-16-thread-8] - Cannot connnect VM-125<->VM-74
 WARN 07-15 17:55:30,480 ExecutorChannelManagerMap:95 [pool-16-thread-8] - Cannot connnect VM-125<->VM-159
 WARN 07-15 17:55:30,480 ExecutorChannelManagerMap:95 [pool-16-thread-8] - Cannot connnect VM-125<->VM-73
 WARN 07-15 17:55:30,480 ExecutorChannelManagerMap:95 [pool-16-thread-8] - Cannot connnect VM-125<->VM-158
 WARN 07-15 17:55:30,480 ExecutorChannelManagerMap:95 [pool-16-thread-8] - Cannot connnect VM-125<->VM-72
 WARN 07-15 17:55:30,480 ExecutorChannelManagerMap:95 [pool-16-thread-8] - Cannot connnect VM-125<->VM-157
 WARN 07-15 17:55:30,480 ExecutorChannelManagerMap:95 [pool-16-thread-8] - Cannot connnect VM-125<->VM-71
 WARN 07-15 17:55:30,480 ExecutorChannelManagerMap:95 [pool-16-thread-8] - Cannot connnect VM-125<->VM-156
 WARN 07-15 17:55:30,480 ExecutorChannelManagerMap:95 [pool-16-thread-8] - Cannot connnect VM-125<->VM-70
 WARN 07-15 17:55:30,480 ExecutorChannelManagerMap:95 [pool-16-thread-8] - Cannot connnect VM-125<->VM-149
 WARN 07-15 17:55:30,480 ExecutorChannelManagerMap:95 [pool-16-thread-8] - Cannot connnect VM-125<->VM-49
 WARN 07-15 17:55:30,480 ExecutorChannelManagerMap:95 [pool-16-thread-8] - Cannot connnect VM-125<->VM-48
 WARN 07-15 17:55:30,480 ExecutorChannelManagerMap:95 [pool-16-thread-8] - Cannot connnect VM-125<->VM-47
 WARN 07-15 17:55:30,480 ExecutorChannelManagerMap:95 [pool-16-thread-8] - Cannot connnect VM-125<->VM-160
 WARN 07-15 17:55:30,480 ExecutorChannelManagerMap:95 [pool-16-thread-8] - Cannot connnect VM-125<->VM-46
 WARN 07-15 17:55:30,480 ExecutorChannelManagerMap:95 [pool-16-thread-8] - Cannot connnect VM-125<->VM-45
 WARN 07-15 17:55:30,480 ExecutorChannelManagerMap:95 [pool-16-thread-8] - Cannot connnect VM-125<->VM-6
 WARN 07-15 17:55:30,480 ExecutorChannelManagerMap:95 [pool-16-thread-8] - Cannot connnect VM-125<->VM-44
 WARN 07-15 17:55:30,480 ExecutorChannelManagerMap:95 [pool-16-thread-8] - Cannot connnect VM-125<->VM-7
 WARN 07-15 17:55:30,480 ExecutorChannelManagerMap:95 [pool-16-thread-8] - Cannot connnect VM-125<->VM-43
 WARN 07-15 17:55:30,480 ExecutorChannelManagerMap:95 [pool-16-thread-8] - Cannot connnect VM-125<->VM-8
 WARN 07-15 17:55:30,480 ExecutorChannelManagerMap:95 [pool-16-thread-8] - Cannot connnect VM-125<->VM-42
 WARN 07-15 17:55:30,480 ExecutorChannelManagerMap:95 [pool-16-thread-8] - Cannot connnect VM-125<->VM-9
 WARN 07-15 17:55:30,480 ExecutorChannelManagerMap:95 [pool-16-thread-8] - Cannot connnect VM-125<->VM-41
 WARN 07-15 17:55:30,480 ExecutorChannelManagerMap:95 [pool-16-thread-8] - Cannot connnect VM-125<->VM-40
 WARN 07-15 17:55:30,480 ExecutorChannelManagerMap:95 [pool-16-thread-8] - Cannot connnect VM-125<->VM-59
 WARN 07-15 17:55:30,480 ExecutorChannelManagerMap:95 [pool-16-thread-8] - Cannot connnect VM-125<->VM-58
 WARN 07-15 17:55:30,480 ExecutorChannelManagerMap:95 [pool-16-thread-8] - Cannot connnect VM-125<->VM-57
 WARN 07-15 17:55:30,480 ExecutorChannelManagerMap:95 [pool-16-thread-8] - Cannot connnect VM-125<->VM-56
 WARN 07-15 17:55:30,480 ExecutorChannelManagerMap:95 [pool-16-thread-8] - Cannot connnect VM-125<->VM-55
 WARN 07-15 17:55:30,480 ExecutorChannelManagerMap:95 [pool-16-thread-8] - Cannot connnect VM-125<->VM-54
 WARN 07-15 17:55:30,480 ExecutorChannelManagerMap:95 [pool-16-thread-8] - Cannot connnect VM-125<->VM-53
 WARN 07-15 17:55:30,480 ExecutorChannelManagerMap:95 [pool-16-thread-8] - Cannot connnect VM-125<->VM-52
 WARN 07-15 17:55:30,480 ExecutorChannelManagerMap:95 [pool-16-thread-8] - Cannot connnect VM-125<->VM-51
 WARN 07-15 17:55:30,480 ExecutorChannelManagerMap:95 [pool-16-thread-8] - Cannot connnect VM-125<->VM-50
 WARN 07-15 17:55:30,480 ExecutorChannelManagerMap:95 [pool-16-thread-8] - Cannot connnect VM-125<->VM-1
 WARN 07-15 17:55:30,480 ExecutorChannelManagerMap:95 [pool-16-thread-8] - Cannot connnect VM-125<->VM-2
 WARN 07-15 17:55:30,480 ExecutorChannelManagerMap:95 [pool-16-thread-8] - Cannot connnect VM-125<->VM-3
 WARN 07-15 17:55:30,480 ExecutorChannelManagerMap:95 [pool-16-thread-8] - Cannot connnect VM-125<->VM-4
 WARN 07-15 17:55:30,480 ExecutorChannelManagerMap:95 [pool-16-thread-8] - Cannot connnect VM-125<->VM-5
 WARN 07-15 17:55:30,480 ExecutorChannelManagerMap:95 [pool-16-thread-8] - Cannot connnect VM-125<->VM-29
 WARN 07-15 17:55:30,480 ExecutorChannelManagerMap:95 [pool-16-thread-8] - Cannot connnect VM-125<->VM-28
 WARN 07-15 17:55:30,480 ExecutorChannelManagerMap:95 [pool-16-thread-8] - Cannot connnect VM-125<->VM-27
 WARN 07-15 17:55:30,480 ExecutorChannelManagerMap:95 [pool-16-thread-8] - Cannot connnect VM-125<->VM-26
 WARN 07-15 17:55:30,480 ExecutorChannelManagerMap:95 [pool-16-thread-8] - Cannot connnect VM-125<->VM-25
 WARN 07-15 17:55:30,480 ExecutorChannelManagerMap:95 [pool-16-thread-8] - Cannot connnect VM-125<->VM-24
 WARN 07-15 17:55:30,480 ExecutorChannelManagerMap:95 [pool-16-thread-8] - Cannot connnect VM-125<->VM-100
 WARN 07-15 17:55:30,480 ExecutorChannelManagerMap:95 [pool-16-thread-8] - Cannot connnect VM-125<->VM-23
 WARN 07-15 17:55:30,480 ExecutorChannelManagerMap:95 [pool-16-thread-8] - Cannot connnect VM-125<->VM-22
 WARN 07-15 17:55:30,480 ExecutorChannelManagerMap:106 [pool-16-thread-8] - Executor Executor4 already registered
 WARN 07-15 17:55:30,480 ExecutorChannelManagerMap:95 [pool-16-thread-8] - Cannot connnect VM-125<->VM-21
 WARN 07-15 17:55:30,480 ExecutorChannelManagerMap:106 [pool-16-thread-8] - Executor Executor3 already registered
 WARN 07-15 17:55:30,480 ExecutorChannelManagerMap:95 [pool-16-thread-8] - Cannot connnect VM-125<->VM-20
 WARN 07-15 17:55:30,481 ExecutorChannelManagerMap:95 [pool-16-thread-8] - Cannot connnect VM-125<->VM-101
 WARN 07-15 17:55:30,481 ExecutorChannelManagerMap:95 [pool-16-thread-8] - Cannot connnect VM-125<->VM-39
 WARN 07-15 17:55:30,481 ExecutorChannelManagerMap:95 [pool-16-thread-8] - Cannot connnect VM-125<->VM-38
 WARN 07-15 17:55:30,481 ExecutorChannelManagerMap:95 [pool-16-thread-8] - Cannot connnect VM-125<->VM-37
 WARN 07-15 17:55:30,481 ExecutorChannelManagerMap:95 [pool-16-thread-8] - Cannot connnect VM-125<->VM-36
 WARN 07-15 17:55:30,481 ExecutorChannelManagerMap:95 [pool-16-thread-8] - Cannot connnect VM-125<->VM-35
 WARN 07-15 17:55:30,481 ExecutorChannelManagerMap:95 [pool-16-thread-8] - Cannot connnect VM-125<->VM-34
 WARN 07-15 17:55:30,481 ExecutorChannelManagerMap:95 [pool-16-thread-8] - Cannot connnect VM-125<->VM-33
 WARN 07-15 17:55:30,481 ExecutorChannelManagerMap:95 [pool-16-thread-8] - Cannot connnect VM-125<->VM-32
 WARN 07-15 17:55:30,481 ExecutorChannelManagerMap:95 [pool-16-thread-8] - Cannot connnect VM-125<->VM-31
 WARN 07-15 17:55:30,481 ExecutorChannelManagerMap:95 [pool-16-thread-8] - Cannot connnect VM-125<->VM-30
 WARN 07-15 17:55:30,481 ExecutorChannelManagerMap:95 [pool-16-thread-8] - Cannot connnect VM-125<->VM-115
 WARN 07-15 17:55:30,481 ExecutorChannelManagerMap:95 [pool-16-thread-8] - Cannot connnect VM-125<->VM-114
 WARN 07-15 17:55:30,481 ExecutorChannelManagerMap:95 [pool-16-thread-8] - Cannot connnect VM-125<->VM-113
 WARN 07-15 17:55:30,481 ExecutorChannelManagerMap:95 [pool-16-thread-8] - Cannot connnect VM-125<->VM-112
 WARN 07-15 17:55:30,481 ExecutorChannelManagerMap:106 [pool-16-thread-8] - Executor Executor2 already registered
 WARN 07-15 17:55:30,481 ExecutorChannelManagerMap:106 [pool-16-thread-8] - Executor Executor1 already registered
 WARN 07-15 17:55:30,481 ExecutorChannelManagerMap:106 [pool-16-thread-8] - Executor Executor0 already registered
 INFO 07-15 17:55:30,487 Executor$ExecutorMessageReceiver:1433 [pool-16-thread-3] - Executor registered message received VM-89,VM-122,VM-88,VM-121,VM-87,VM-120,VM-86,VM-85,VM-126,VM-84,VM-83,VM-124,VM-82,VM-123,VM-81,VM-119,VM-80,VM-118,VM-117,VM-116,VM-19,VM-18,VM-17,VM-16,VM-15,VM-14,VM-13,VM-12,VM-133,VM-99,VM-11,VM-132,VM-98,VM-10,VM-131,VM-97,VM-130,VM-96,VM-137,VM-95,VM-136,VM-94,VM-135,VM-93,VM-134,VM-92,VM-91,VM-129,VM-90,VM-128,VM-127,VM-140,VM-69,VM-68,VM-67,VM-144,VM-66,VM-143,VM-65,VM-142,VM-64,VM-141,VM-63,VM-148,VM-62,VM-147,VM-61,VM-146,VM-60,VM-145,VM-139,VM-138,VM-151,VM-150,VM-79,VM-78,VM-155,VM-77,VM-154,VM-76,VM-153,VM-75,VM-152,VM-74,VM-159,VM-73,VM-158,VM-72,VM-157,VM-71,VM-156,VM-70,VM-149,VM-49,VM-48,VM-47,VM-160,VM-46,VM-45,VM-6,VM-44,VM-43,VM-8,VM-42,VM-9,VM-41,VM-40,VM-59,VM-58,VM-57,VM-56,VM-55,VM-54,VM-53,VM-52,VM-51,VM-50,VM-1,VM-2,VM-3,VM-4,VM-5,VM-29,VM-28,VM-27,VM-26,VM-25,VM-24,VM-100,VM-23,VM-22,Executor4,VM-21,Executor3,VM-20,VM-101,VM-39,VM-38,VM-37,VM-36,VM-35,VM-34,VM-33,VM-32,VM-31,VM-30,Executor2,Executor1,Executor0
 WARN 07-15 17:55:30,487 ExecutorChannelManagerMap:95 [pool-16-thread-3] - Cannot connnect VM-125<->VM-89
 WARN 07-15 17:55:30,487 ExecutorChannelManagerMap:95 [pool-16-thread-3] - Cannot connnect VM-125<->VM-122
 WARN 07-15 17:55:30,487 ExecutorChannelManagerMap:95 [pool-16-thread-3] - Cannot connnect VM-125<->VM-88
 WARN 07-15 17:55:30,487 ExecutorChannelManagerMap:95 [pool-16-thread-3] - Cannot connnect VM-125<->VM-121
 WARN 07-15 17:55:30,487 ExecutorChannelManagerMap:95 [pool-16-thread-3] - Cannot connnect VM-125<->VM-87
 WARN 07-15 17:55:30,487 ExecutorChannelManagerMap:95 [pool-16-thread-3] - Cannot connnect VM-125<->VM-120
 WARN 07-15 17:55:30,487 ExecutorChannelManagerMap:95 [pool-16-thread-3] - Cannot connnect VM-125<->VM-86
 WARN 07-15 17:55:30,487 ExecutorChannelManagerMap:95 [pool-16-thread-3] - Cannot connnect VM-125<->VM-85
 WARN 07-15 17:55:30,487 ExecutorChannelManagerMap:95 [pool-16-thread-3] - Cannot connnect VM-125<->VM-126
 WARN 07-15 17:55:30,487 ExecutorChannelManagerMap:95 [pool-16-thread-3] - Cannot connnect VM-125<->VM-84
 WARN 07-15 17:55:30,487 ExecutorChannelManagerMap:95 [pool-16-thread-3] - Cannot connnect VM-125<->VM-83
 WARN 07-15 17:55:30,487 ExecutorChannelManagerMap:95 [pool-16-thread-3] - Cannot connnect VM-125<->VM-124
 WARN 07-15 17:55:30,487 ExecutorChannelManagerMap:95 [pool-16-thread-3] - Cannot connnect VM-125<->VM-82
 WARN 07-15 17:55:30,487 ExecutorChannelManagerMap:95 [pool-16-thread-3] - Cannot connnect VM-125<->VM-123
 WARN 07-15 17:55:30,487 ExecutorChannelManagerMap:95 [pool-16-thread-3] - Cannot connnect VM-125<->VM-81
 WARN 07-15 17:55:30,487 ExecutorChannelManagerMap:95 [pool-16-thread-3] - Cannot connnect VM-125<->VM-119
 WARN 07-15 17:55:30,487 ExecutorChannelManagerMap:95 [pool-16-thread-3] - Cannot connnect VM-125<->VM-80
 WARN 07-15 17:55:30,487 ExecutorChannelManagerMap:95 [pool-16-thread-3] - Cannot connnect VM-125<->VM-118
 WARN 07-15 17:55:30,487 ExecutorChannelManagerMap:95 [pool-16-thread-3] - Cannot connnect VM-125<->VM-117
 WARN 07-15 17:55:30,487 ExecutorChannelManagerMap:95 [pool-16-thread-3] - Cannot connnect VM-125<->VM-116
 WARN 07-15 17:55:30,487 ExecutorChannelManagerMap:95 [pool-16-thread-3] - Cannot connnect VM-125<->VM-19
 WARN 07-15 17:55:30,487 ExecutorChannelManagerMap:95 [pool-16-thread-3] - Cannot connnect VM-125<->VM-18
 WARN 07-15 17:55:30,487 ExecutorChannelManagerMap:95 [pool-16-thread-3] - Cannot connnect VM-125<->VM-17
 WARN 07-15 17:55:30,487 ExecutorChannelManagerMap:95 [pool-16-thread-3] - Cannot connnect VM-125<->VM-16
 WARN 07-15 17:55:30,487 ExecutorChannelManagerMap:95 [pool-16-thread-3] - Cannot connnect VM-125<->VM-15
 WARN 07-15 17:55:30,487 ExecutorChannelManagerMap:95 [pool-16-thread-3] - Cannot connnect VM-125<->VM-14
 WARN 07-15 17:55:30,487 ExecutorChannelManagerMap:95 [pool-16-thread-3] - Cannot connnect VM-125<->VM-13
 WARN 07-15 17:55:30,487 ExecutorChannelManagerMap:95 [pool-16-thread-3] - Cannot connnect VM-125<->VM-12
 WARN 07-15 17:55:30,487 ExecutorChannelManagerMap:95 [pool-16-thread-3] - Cannot connnect VM-125<->VM-133
 WARN 07-15 17:55:30,487 ExecutorChannelManagerMap:95 [pool-16-thread-3] - Cannot connnect VM-125<->VM-99
 WARN 07-15 17:55:30,487 ExecutorChannelManagerMap:95 [pool-16-thread-3] - Cannot connnect VM-125<->VM-11
 WARN 07-15 17:55:30,487 ExecutorChannelManagerMap:95 [pool-16-thread-3] - Cannot connnect VM-125<->VM-132
 WARN 07-15 17:55:30,488 ExecutorChannelManagerMap:95 [pool-16-thread-3] - Cannot connnect VM-125<->VM-98
 WARN 07-15 17:55:30,488 ExecutorChannelManagerMap:95 [pool-16-thread-3] - Cannot connnect VM-125<->VM-10
 WARN 07-15 17:55:30,488 ExecutorChannelManagerMap:95 [pool-16-thread-3] - Cannot connnect VM-125<->VM-131
 WARN 07-15 17:55:30,488 ExecutorChannelManagerMap:95 [pool-16-thread-3] - Cannot connnect VM-125<->VM-97
 WARN 07-15 17:55:30,488 ExecutorChannelManagerMap:95 [pool-16-thread-3] - Cannot connnect VM-125<->VM-130
 WARN 07-15 17:55:30,488 ExecutorChannelManagerMap:95 [pool-16-thread-3] - Cannot connnect VM-125<->VM-96
 WARN 07-15 17:55:30,488 ExecutorChannelManagerMap:95 [pool-16-thread-3] - Cannot connnect VM-125<->VM-137
 WARN 07-15 17:55:30,488 ExecutorChannelManagerMap:95 [pool-16-thread-3] - Cannot connnect VM-125<->VM-95
 WARN 07-15 17:55:30,488 ExecutorChannelManagerMap:95 [pool-16-thread-3] - Cannot connnect VM-125<->VM-136
 WARN 07-15 17:55:30,488 ExecutorChannelManagerMap:95 [pool-16-thread-3] - Cannot connnect VM-125<->VM-94
 WARN 07-15 17:55:30,488 ExecutorChannelManagerMap:95 [pool-16-thread-3] - Cannot connnect VM-125<->VM-135
 WARN 07-15 17:55:30,488 ExecutorChannelManagerMap:95 [pool-16-thread-3] - Cannot connnect VM-125<->VM-93
 WARN 07-15 17:55:30,488 ExecutorChannelManagerMap:95 [pool-16-thread-3] - Cannot connnect VM-125<->VM-134
 WARN 07-15 17:55:30,488 ExecutorChannelManagerMap:95 [pool-16-thread-3] - Cannot connnect VM-125<->VM-92
 WARN 07-15 17:55:30,488 ExecutorChannelManagerMap:95 [pool-16-thread-3] - Cannot connnect VM-125<->VM-91
 WARN 07-15 17:55:30,488 ExecutorChannelManagerMap:95 [pool-16-thread-3] - Cannot connnect VM-125<->VM-129
 WARN 07-15 17:55:30,488 ExecutorChannelManagerMap:95 [pool-16-thread-3] - Cannot connnect VM-125<->VM-90
 WARN 07-15 17:55:30,488 ExecutorChannelManagerMap:95 [pool-16-thread-3] - Cannot connnect VM-125<->VM-128
 WARN 07-15 17:55:30,488 ExecutorChannelManagerMap:95 [pool-16-thread-3] - Cannot connnect VM-125<->VM-127
 WARN 07-15 17:55:30,488 ExecutorChannelManagerMap:95 [pool-16-thread-3] - Cannot connnect VM-125<->VM-140
 WARN 07-15 17:55:30,488 ExecutorChannelManagerMap:95 [pool-16-thread-3] - Cannot connnect VM-125<->VM-69
 WARN 07-15 17:55:30,488 ExecutorChannelManagerMap:95 [pool-16-thread-3] - Cannot connnect VM-125<->VM-68
 WARN 07-15 17:55:30,488 ExecutorChannelManagerMap:95 [pool-16-thread-3] - Cannot connnect VM-125<->VM-67
 WARN 07-15 17:55:30,488 ExecutorChannelManagerMap:95 [pool-16-thread-3] - Cannot connnect VM-125<->VM-144
 WARN 07-15 17:55:30,488 ExecutorChannelManagerMap:95 [pool-16-thread-3] - Cannot connnect VM-125<->VM-66
 WARN 07-15 17:55:30,488 ExecutorChannelManagerMap:95 [pool-16-thread-3] - Cannot connnect VM-125<->VM-143
 WARN 07-15 17:55:30,488 ExecutorChannelManagerMap:95 [pool-16-thread-3] - Cannot connnect VM-125<->VM-65
 WARN 07-15 17:55:30,488 ExecutorChannelManagerMap:95 [pool-16-thread-3] - Cannot connnect VM-125<->VM-142
 WARN 07-15 17:55:30,488 ExecutorChannelManagerMap:95 [pool-16-thread-3] - Cannot connnect VM-125<->VM-64
 WARN 07-15 17:55:30,488 ExecutorChannelManagerMap:95 [pool-16-thread-3] - Cannot connnect VM-125<->VM-141
 WARN 07-15 17:55:30,488 ExecutorChannelManagerMap:95 [pool-16-thread-3] - Cannot connnect VM-125<->VM-63
 WARN 07-15 17:55:30,488 ExecutorChannelManagerMap:95 [pool-16-thread-3] - Cannot connnect VM-125<->VM-148
 WARN 07-15 17:55:30,488 ExecutorChannelManagerMap:95 [pool-16-thread-3] - Cannot connnect VM-125<->VM-62
 WARN 07-15 17:55:30,488 ExecutorChannelManagerMap:95 [pool-16-thread-3] - Cannot connnect VM-125<->VM-147
 WARN 07-15 17:55:30,488 ExecutorChannelManagerMap:95 [pool-16-thread-3] - Cannot connnect VM-125<->VM-61
 WARN 07-15 17:55:30,488 ExecutorChannelManagerMap:95 [pool-16-thread-3] - Cannot connnect VM-125<->VM-146
 WARN 07-15 17:55:30,488 ExecutorChannelManagerMap:95 [pool-16-thread-3] - Cannot connnect VM-125<->VM-60
 WARN 07-15 17:55:30,488 ExecutorChannelManagerMap:95 [pool-16-thread-3] - Cannot connnect VM-125<->VM-145
 WARN 07-15 17:55:30,488 ExecutorChannelManagerMap:95 [pool-16-thread-3] - Cannot connnect VM-125<->VM-139
 WARN 07-15 17:55:30,488 ExecutorChannelManagerMap:95 [pool-16-thread-3] - Cannot connnect VM-125<->VM-138
 WARN 07-15 17:55:30,488 ExecutorChannelManagerMap:95 [pool-16-thread-3] - Cannot connnect VM-125<->VM-151
 WARN 07-15 17:55:30,488 ExecutorChannelManagerMap:95 [pool-16-thread-3] - Cannot connnect VM-125<->VM-150
 WARN 07-15 17:55:30,488 ExecutorChannelManagerMap:95 [pool-16-thread-3] - Cannot connnect VM-125<->VM-79
 WARN 07-15 17:55:30,488 ExecutorChannelManagerMap:95 [pool-16-thread-3] - Cannot connnect VM-125<->VM-78
 WARN 07-15 17:55:30,488 ExecutorChannelManagerMap:95 [pool-16-thread-3] - Cannot connnect VM-125<->VM-155
 WARN 07-15 17:55:30,488 ExecutorChannelManagerMap:95 [pool-16-thread-3] - Cannot connnect VM-125<->VM-77
 WARN 07-15 17:55:30,488 ExecutorChannelManagerMap:95 [pool-16-thread-3] - Cannot connnect VM-125<->VM-154
 WARN 07-15 17:55:30,488 ExecutorChannelManagerMap:95 [pool-16-thread-3] - Cannot connnect VM-125<->VM-76
 WARN 07-15 17:55:30,488 ExecutorChannelManagerMap:95 [pool-16-thread-3] - Cannot connnect VM-125<->VM-153
 WARN 07-15 17:55:30,488 ExecutorChannelManagerMap:95 [pool-16-thread-3] - Cannot connnect VM-125<->VM-75
 WARN 07-15 17:55:30,488 ExecutorChannelManagerMap:95 [pool-16-thread-3] - Cannot connnect VM-125<->VM-152
 WARN 07-15 17:55:30,488 ExecutorChannelManagerMap:95 [pool-16-thread-3] - Cannot connnect VM-125<->VM-74
 WARN 07-15 17:55:30,488 ExecutorChannelManagerMap:95 [pool-16-thread-3] - Cannot connnect VM-125<->VM-159
 WARN 07-15 17:55:30,488 ExecutorChannelManagerMap:95 [pool-16-thread-3] - Cannot connnect VM-125<->VM-73
 WARN 07-15 17:55:30,488 ExecutorChannelManagerMap:95 [pool-16-thread-3] - Cannot connnect VM-125<->VM-158
 WARN 07-15 17:55:30,488 ExecutorChannelManagerMap:95 [pool-16-thread-3] - Cannot connnect VM-125<->VM-72
 WARN 07-15 17:55:30,488 ExecutorChannelManagerMap:95 [pool-16-thread-3] - Cannot connnect VM-125<->VM-157
 WARN 07-15 17:55:30,488 ExecutorChannelManagerMap:95 [pool-16-thread-3] - Cannot connnect VM-125<->VM-71
 WARN 07-15 17:55:30,489 ExecutorChannelManagerMap:95 [pool-16-thread-3] - Cannot connnect VM-125<->VM-156
 WARN 07-15 17:55:30,489 ExecutorChannelManagerMap:95 [pool-16-thread-3] - Cannot connnect VM-125<->VM-70
 WARN 07-15 17:55:30,489 ExecutorChannelManagerMap:95 [pool-16-thread-3] - Cannot connnect VM-125<->VM-149
 WARN 07-15 17:55:30,489 ExecutorChannelManagerMap:95 [pool-16-thread-3] - Cannot connnect VM-125<->VM-49
 WARN 07-15 17:55:30,489 ExecutorChannelManagerMap:95 [pool-16-thread-3] - Cannot connnect VM-125<->VM-48
 WARN 07-15 17:55:30,489 ExecutorChannelManagerMap:95 [pool-16-thread-3] - Cannot connnect VM-125<->VM-47
 WARN 07-15 17:55:30,489 ExecutorChannelManagerMap:95 [pool-16-thread-3] - Cannot connnect VM-125<->VM-160
 WARN 07-15 17:55:30,489 ExecutorChannelManagerMap:95 [pool-16-thread-3] - Cannot connnect VM-125<->VM-46
 WARN 07-15 17:55:30,489 ExecutorChannelManagerMap:95 [pool-16-thread-3] - Cannot connnect VM-125<->VM-45
 WARN 07-15 17:55:30,489 ExecutorChannelManagerMap:95 [pool-16-thread-3] - Cannot connnect VM-125<->VM-6
 WARN 07-15 17:55:30,489 ExecutorChannelManagerMap:95 [pool-16-thread-3] - Cannot connnect VM-125<->VM-44
 WARN 07-15 17:55:30,489 ExecutorChannelManagerMap:95 [pool-16-thread-3] - Cannot connnect VM-125<->VM-43
 WARN 07-15 17:55:30,489 ExecutorChannelManagerMap:95 [pool-16-thread-3] - Cannot connnect VM-125<->VM-8
 WARN 07-15 17:55:30,489 ExecutorChannelManagerMap:95 [pool-16-thread-3] - Cannot connnect VM-125<->VM-42
 WARN 07-15 17:55:30,489 ExecutorChannelManagerMap:95 [pool-16-thread-3] - Cannot connnect VM-125<->VM-9
 WARN 07-15 17:55:30,489 ExecutorChannelManagerMap:95 [pool-16-thread-3] - Cannot connnect VM-125<->VM-41
 WARN 07-15 17:55:30,489 ExecutorChannelManagerMap:95 [pool-16-thread-3] - Cannot connnect VM-125<->VM-40
 WARN 07-15 17:55:30,489 ExecutorChannelManagerMap:95 [pool-16-thread-3] - Cannot connnect VM-125<->VM-59
 WARN 07-15 17:55:30,489 ExecutorChannelManagerMap:95 [pool-16-thread-3] - Cannot connnect VM-125<->VM-58
 WARN 07-15 17:55:30,489 ExecutorChannelManagerMap:95 [pool-16-thread-3] - Cannot connnect VM-125<->VM-57
 WARN 07-15 17:55:30,489 ExecutorChannelManagerMap:95 [pool-16-thread-3] - Cannot connnect VM-125<->VM-56
 WARN 07-15 17:55:30,489 ExecutorChannelManagerMap:95 [pool-16-thread-3] - Cannot connnect VM-125<->VM-55
 WARN 07-15 17:55:30,489 ExecutorChannelManagerMap:95 [pool-16-thread-3] - Cannot connnect VM-125<->VM-54
 WARN 07-15 17:55:30,489 ExecutorChannelManagerMap:95 [pool-16-thread-3] - Cannot connnect VM-125<->VM-53
 WARN 07-15 17:55:30,489 ExecutorChannelManagerMap:95 [pool-16-thread-3] - Cannot connnect VM-125<->VM-52
 WARN 07-15 17:55:30,489 ExecutorChannelManagerMap:95 [pool-16-thread-3] - Cannot connnect VM-125<->VM-51
 WARN 07-15 17:55:30,489 ExecutorChannelManagerMap:95 [pool-16-thread-3] - Cannot connnect VM-125<->VM-50
 WARN 07-15 17:55:30,489 ExecutorChannelManagerMap:95 [pool-16-thread-3] - Cannot connnect VM-125<->VM-1
 WARN 07-15 17:55:30,489 ExecutorChannelManagerMap:95 [pool-16-thread-3] - Cannot connnect VM-125<->VM-2
 WARN 07-15 17:55:30,489 ExecutorChannelManagerMap:95 [pool-16-thread-3] - Cannot connnect VM-125<->VM-3
 WARN 07-15 17:55:30,489 ExecutorChannelManagerMap:95 [pool-16-thread-3] - Cannot connnect VM-125<->VM-4
 WARN 07-15 17:55:30,489 ExecutorChannelManagerMap:95 [pool-16-thread-3] - Cannot connnect VM-125<->VM-5
 WARN 07-15 17:55:30,489 ExecutorChannelManagerMap:95 [pool-16-thread-3] - Cannot connnect VM-125<->VM-29
 WARN 07-15 17:55:30,489 ExecutorChannelManagerMap:95 [pool-16-thread-3] - Cannot connnect VM-125<->VM-28
 WARN 07-15 17:55:30,489 ExecutorChannelManagerMap:95 [pool-16-thread-3] - Cannot connnect VM-125<->VM-27
 WARN 07-15 17:55:30,489 ExecutorChannelManagerMap:95 [pool-16-thread-3] - Cannot connnect VM-125<->VM-26
 WARN 07-15 17:55:30,489 ExecutorChannelManagerMap:95 [pool-16-thread-3] - Cannot connnect VM-125<->VM-25
 WARN 07-15 17:55:30,489 ExecutorChannelManagerMap:95 [pool-16-thread-3] - Cannot connnect VM-125<->VM-24
 WARN 07-15 17:55:30,489 ExecutorChannelManagerMap:95 [pool-16-thread-3] - Cannot connnect VM-125<->VM-100
 WARN 07-15 17:55:30,489 ExecutorChannelManagerMap:95 [pool-16-thread-3] - Cannot connnect VM-125<->VM-23
 WARN 07-15 17:55:30,489 ExecutorChannelManagerMap:95 [pool-16-thread-3] - Cannot connnect VM-125<->VM-22
 WARN 07-15 17:55:30,489 ExecutorChannelManagerMap:106 [pool-16-thread-3] - Executor Executor4 already registered
 WARN 07-15 17:55:30,489 ExecutorChannelManagerMap:95 [pool-16-thread-3] - Cannot connnect VM-125<->VM-21
 WARN 07-15 17:55:30,489 ExecutorChannelManagerMap:106 [pool-16-thread-3] - Executor Executor3 already registered
 WARN 07-15 17:55:30,489 ExecutorChannelManagerMap:95 [pool-16-thread-3] - Cannot connnect VM-125<->VM-20
 WARN 07-15 17:55:30,489 ExecutorChannelManagerMap:95 [pool-16-thread-3] - Cannot connnect VM-125<->VM-101
 WARN 07-15 17:55:30,489 ExecutorChannelManagerMap:95 [pool-16-thread-3] - Cannot connnect VM-125<->VM-39
 WARN 07-15 17:55:30,489 ExecutorChannelManagerMap:95 [pool-16-thread-3] - Cannot connnect VM-125<->VM-38
 WARN 07-15 17:55:30,489 ExecutorChannelManagerMap:95 [pool-16-thread-3] - Cannot connnect VM-125<->VM-37
 WARN 07-15 17:55:30,489 ExecutorChannelManagerMap:95 [pool-16-thread-3] - Cannot connnect VM-125<->VM-36
 WARN 07-15 17:55:30,489 ExecutorChannelManagerMap:95 [pool-16-thread-3] - Cannot connnect VM-125<->VM-35
 WARN 07-15 17:55:30,489 ExecutorChannelManagerMap:95 [pool-16-thread-3] - Cannot connnect VM-125<->VM-34
 WARN 07-15 17:55:30,489 ExecutorChannelManagerMap:95 [pool-16-thread-3] - Cannot connnect VM-125<->VM-33
 WARN 07-15 17:55:30,489 ExecutorChannelManagerMap:95 [pool-16-thread-3] - Cannot connnect VM-125<->VM-32
 WARN 07-15 17:55:30,489 ExecutorChannelManagerMap:95 [pool-16-thread-3] - Cannot connnect VM-125<->VM-31
 WARN 07-15 17:55:30,489 ExecutorChannelManagerMap:95 [pool-16-thread-3] - Cannot connnect VM-125<->VM-30
 WARN 07-15 17:55:30,489 ExecutorChannelManagerMap:106 [pool-16-thread-3] - Executor Executor2 already registered
 WARN 07-15 17:55:30,490 ExecutorChannelManagerMap:106 [pool-16-thread-3] - Executor Executor1 already registered
 WARN 07-15 17:55:30,490 ExecutorChannelManagerMap:106 [pool-16-thread-3] - Executor Executor0 already registered
 INFO 07-15 17:55:30,490 Executor$ExecutorMessageReceiver:1433 [pool-16-thread-1] - Executor registered message received VM-89,VM-122,VM-88,VM-121,VM-87,VM-120,VM-86,VM-85,VM-126,VM-84,VM-83,VM-124,VM-82,VM-123,VM-81,VM-119,VM-80,VM-118,VM-19,VM-18,VM-17,VM-16,VM-15,VM-14,VM-13,VM-12,VM-133,VM-99,VM-11,VM-132,VM-98,VM-10,VM-131,VM-97,VM-130,VM-96,VM-137,VM-95,VM-136,VM-94,VM-135,VM-93,VM-134,VM-92,VM-91,VM-129,VM-90,VM-128,VM-127,VM-140,VM-69,VM-68,VM-67,VM-144,VM-66,VM-143,VM-65,VM-142,VM-64,VM-141,VM-63,VM-148,VM-62,VM-147,VM-61,VM-146,VM-60,VM-145,VM-139,VM-138,VM-151,VM-150,VM-79,VM-78,VM-155,VM-77,VM-154,VM-76,VM-153,VM-75,VM-152,VM-74,VM-159,VM-73,VM-158,VM-72,VM-157,VM-71,VM-156,VM-70,VM-149,VM-49,VM-48,VM-47,VM-160,VM-46,VM-45,VM-6,VM-44,VM-43,VM-8,VM-42,VM-9,VM-41,VM-40,VM-59,VM-58,VM-57,VM-56,VM-55,VM-54,VM-53,VM-52,VM-51,VM-50,VM-1,VM-2,VM-3,VM-4,VM-5,VM-29,VM-28,VM-27,VM-26,VM-25,VM-24,VM-100,VM-23,VM-22,Executor4,VM-21,Executor3,VM-20,VM-101,VM-39,VM-38,VM-37,VM-36,VM-35,VM-34,VM-33,VM-32,VM-31,VM-30,Executor2,Executor1,Executor0
 WARN 07-15 17:55:30,492 ExecutorChannelManagerMap:95 [pool-16-thread-1] - Cannot connnect VM-125<->VM-89
 WARN 07-15 17:55:30,492 ExecutorChannelManagerMap:95 [pool-16-thread-1] - Cannot connnect VM-125<->VM-122
 WARN 07-15 17:55:30,492 ExecutorChannelManagerMap:95 [pool-16-thread-1] - Cannot connnect VM-125<->VM-88
 WARN 07-15 17:55:30,492 ExecutorChannelManagerMap:95 [pool-16-thread-1] - Cannot connnect VM-125<->VM-121
 WARN 07-15 17:55:30,492 ExecutorChannelManagerMap:95 [pool-16-thread-1] - Cannot connnect VM-125<->VM-87
 WARN 07-15 17:55:30,492 ExecutorChannelManagerMap:95 [pool-16-thread-1] - Cannot connnect VM-125<->VM-120
 WARN 07-15 17:55:30,492 ExecutorChannelManagerMap:95 [pool-16-thread-1] - Cannot connnect VM-125<->VM-86
 WARN 07-15 17:55:30,492 ExecutorChannelManagerMap:95 [pool-16-thread-1] - Cannot connnect VM-125<->VM-85
 WARN 07-15 17:55:30,492 ExecutorChannelManagerMap:95 [pool-16-thread-1] - Cannot connnect VM-125<->VM-126
 WARN 07-15 17:55:30,492 ExecutorChannelManagerMap:95 [pool-16-thread-1] - Cannot connnect VM-125<->VM-84
 WARN 07-15 17:55:30,492 ExecutorChannelManagerMap:95 [pool-16-thread-1] - Cannot connnect VM-125<->VM-83
 WARN 07-15 17:55:30,492 ExecutorChannelManagerMap:95 [pool-16-thread-1] - Cannot connnect VM-125<->VM-124
 WARN 07-15 17:55:30,492 ExecutorChannelManagerMap:95 [pool-16-thread-1] - Cannot connnect VM-125<->VM-82
 WARN 07-15 17:55:30,492 ExecutorChannelManagerMap:95 [pool-16-thread-1] - Cannot connnect VM-125<->VM-123
 WARN 07-15 17:55:30,492 ExecutorChannelManagerMap:95 [pool-16-thread-1] - Cannot connnect VM-125<->VM-81
 WARN 07-15 17:55:30,492 ExecutorChannelManagerMap:95 [pool-16-thread-1] - Cannot connnect VM-125<->VM-119
 WARN 07-15 17:55:30,492 ExecutorChannelManagerMap:95 [pool-16-thread-1] - Cannot connnect VM-125<->VM-80
 WARN 07-15 17:55:30,492 ExecutorChannelManagerMap:95 [pool-16-thread-1] - Cannot connnect VM-125<->VM-118
 WARN 07-15 17:55:30,492 ExecutorChannelManagerMap:95 [pool-16-thread-1] - Cannot connnect VM-125<->VM-19
 WARN 07-15 17:55:30,492 ExecutorChannelManagerMap:95 [pool-16-thread-1] - Cannot connnect VM-125<->VM-18
 WARN 07-15 17:55:30,492 ExecutorChannelManagerMap:95 [pool-16-thread-1] - Cannot connnect VM-125<->VM-17
 WARN 07-15 17:55:30,492 ExecutorChannelManagerMap:95 [pool-16-thread-1] - Cannot connnect VM-125<->VM-16
 WARN 07-15 17:55:30,492 ExecutorChannelManagerMap:95 [pool-16-thread-1] - Cannot connnect VM-125<->VM-15
 WARN 07-15 17:55:30,492 ExecutorChannelManagerMap:95 [pool-16-thread-1] - Cannot connnect VM-125<->VM-14
 WARN 07-15 17:55:30,493 ExecutorChannelManagerMap:95 [pool-16-thread-1] - Cannot connnect VM-125<->VM-13
 WARN 07-15 17:55:30,493 ExecutorChannelManagerMap:95 [pool-16-thread-1] - Cannot connnect VM-125<->VM-12
 WARN 07-15 17:55:30,493 ExecutorChannelManagerMap:95 [pool-16-thread-1] - Cannot connnect VM-125<->VM-133
 WARN 07-15 17:55:30,493 ExecutorChannelManagerMap:95 [pool-16-thread-1] - Cannot connnect VM-125<->VM-99
 WARN 07-15 17:55:30,493 ExecutorChannelManagerMap:95 [pool-16-thread-1] - Cannot connnect VM-125<->VM-11
 WARN 07-15 17:55:30,493 ExecutorChannelManagerMap:95 [pool-16-thread-1] - Cannot connnect VM-125<->VM-132
 WARN 07-15 17:55:30,493 ExecutorChannelManagerMap:95 [pool-16-thread-1] - Cannot connnect VM-125<->VM-98
 WARN 07-15 17:55:30,493 ExecutorChannelManagerMap:95 [pool-16-thread-1] - Cannot connnect VM-125<->VM-10
 WARN 07-15 17:55:30,493 ExecutorChannelManagerMap:95 [pool-16-thread-1] - Cannot connnect VM-125<->VM-131
 WARN 07-15 17:55:30,493 ExecutorChannelManagerMap:95 [pool-16-thread-1] - Cannot connnect VM-125<->VM-97
 WARN 07-15 17:55:30,493 ExecutorChannelManagerMap:95 [pool-16-thread-1] - Cannot connnect VM-125<->VM-130
 WARN 07-15 17:55:30,493 ExecutorChannelManagerMap:95 [pool-16-thread-1] - Cannot connnect VM-125<->VM-96
 WARN 07-15 17:55:30,493 ExecutorChannelManagerMap:95 [pool-16-thread-1] - Cannot connnect VM-125<->VM-137
 WARN 07-15 17:55:30,493 ExecutorChannelManagerMap:95 [pool-16-thread-1] - Cannot connnect VM-125<->VM-95
 WARN 07-15 17:55:30,493 ExecutorChannelManagerMap:95 [pool-16-thread-1] - Cannot connnect VM-125<->VM-136
 WARN 07-15 17:55:30,493 ExecutorChannelManagerMap:95 [pool-16-thread-1] - Cannot connnect VM-125<->VM-94
 WARN 07-15 17:55:30,493 ExecutorChannelManagerMap:95 [pool-16-thread-1] - Cannot connnect VM-125<->VM-135
 WARN 07-15 17:55:30,493 ExecutorChannelManagerMap:95 [pool-16-thread-1] - Cannot connnect VM-125<->VM-93
 WARN 07-15 17:55:30,493 ExecutorChannelManagerMap:95 [pool-16-thread-1] - Cannot connnect VM-125<->VM-134
 WARN 07-15 17:55:30,493 ExecutorChannelManagerMap:95 [pool-16-thread-1] - Cannot connnect VM-125<->VM-92
 WARN 07-15 17:55:30,493 ExecutorChannelManagerMap:95 [pool-16-thread-1] - Cannot connnect VM-125<->VM-91
 WARN 07-15 17:55:30,493 ExecutorChannelManagerMap:95 [pool-16-thread-1] - Cannot connnect VM-125<->VM-129
 WARN 07-15 17:55:30,493 ExecutorChannelManagerMap:95 [pool-16-thread-1] - Cannot connnect VM-125<->VM-90
 WARN 07-15 17:55:30,493 ExecutorChannelManagerMap:95 [pool-16-thread-1] - Cannot connnect VM-125<->VM-128
 WARN 07-15 17:55:30,493 ExecutorChannelManagerMap:95 [pool-16-thread-1] - Cannot connnect VM-125<->VM-127
 WARN 07-15 17:55:30,493 ExecutorChannelManagerMap:95 [pool-16-thread-1] - Cannot connnect VM-125<->VM-140
 WARN 07-15 17:55:30,493 ExecutorChannelManagerMap:95 [pool-16-thread-1] - Cannot connnect VM-125<->VM-69
 WARN 07-15 17:55:30,493 ExecutorChannelManagerMap:95 [pool-16-thread-1] - Cannot connnect VM-125<->VM-68
 WARN 07-15 17:55:30,493 ExecutorChannelManagerMap:95 [pool-16-thread-1] - Cannot connnect VM-125<->VM-67
 WARN 07-15 17:55:30,493 ExecutorChannelManagerMap:95 [pool-16-thread-1] - Cannot connnect VM-125<->VM-144
 WARN 07-15 17:55:30,493 ExecutorChannelManagerMap:95 [pool-16-thread-1] - Cannot connnect VM-125<->VM-66
 WARN 07-15 17:55:30,493 ExecutorChannelManagerMap:95 [pool-16-thread-1] - Cannot connnect VM-125<->VM-143
 WARN 07-15 17:55:30,493 ExecutorChannelManagerMap:95 [pool-16-thread-1] - Cannot connnect VM-125<->VM-65
 WARN 07-15 17:55:30,493 ExecutorChannelManagerMap:95 [pool-16-thread-1] - Cannot connnect VM-125<->VM-142
 WARN 07-15 17:55:30,493 ExecutorChannelManagerMap:95 [pool-16-thread-1] - Cannot connnect VM-125<->VM-64
 WARN 07-15 17:55:30,493 ExecutorChannelManagerMap:95 [pool-16-thread-1] - Cannot connnect VM-125<->VM-141
 WARN 07-15 17:55:30,493 ExecutorChannelManagerMap:95 [pool-16-thread-1] - Cannot connnect VM-125<->VM-63
 WARN 07-15 17:55:30,493 ExecutorChannelManagerMap:95 [pool-16-thread-1] - Cannot connnect VM-125<->VM-148
 WARN 07-15 17:55:30,493 ExecutorChannelManagerMap:95 [pool-16-thread-1] - Cannot connnect VM-125<->VM-62
 WARN 07-15 17:55:30,493 ExecutorChannelManagerMap:95 [pool-16-thread-1] - Cannot connnect VM-125<->VM-147
 WARN 07-15 17:55:30,493 ExecutorChannelManagerMap:95 [pool-16-thread-1] - Cannot connnect VM-125<->VM-61
 WARN 07-15 17:55:30,493 ExecutorChannelManagerMap:95 [pool-16-thread-1] - Cannot connnect VM-125<->VM-146
 WARN 07-15 17:55:30,493 ExecutorChannelManagerMap:95 [pool-16-thread-1] - Cannot connnect VM-125<->VM-60
 WARN 07-15 17:55:30,493 ExecutorChannelManagerMap:95 [pool-16-thread-1] - Cannot connnect VM-125<->VM-145
 WARN 07-15 17:55:30,493 ExecutorChannelManagerMap:95 [pool-16-thread-1] - Cannot connnect VM-125<->VM-139
 WARN 07-15 17:55:30,493 ExecutorChannelManagerMap:95 [pool-16-thread-1] - Cannot connnect VM-125<->VM-138
 WARN 07-15 17:55:30,493 ExecutorChannelManagerMap:95 [pool-16-thread-1] - Cannot connnect VM-125<->VM-151
 WARN 07-15 17:55:30,493 ExecutorChannelManagerMap:95 [pool-16-thread-1] - Cannot connnect VM-125<->VM-150
 WARN 07-15 17:55:30,493 ExecutorChannelManagerMap:95 [pool-16-thread-1] - Cannot connnect VM-125<->VM-79
 WARN 07-15 17:55:30,493 ExecutorChannelManagerMap:95 [pool-16-thread-1] - Cannot connnect VM-125<->VM-78
 WARN 07-15 17:55:30,493 ExecutorChannelManagerMap:95 [pool-16-thread-1] - Cannot connnect VM-125<->VM-155
 WARN 07-15 17:55:30,493 ExecutorChannelManagerMap:95 [pool-16-thread-1] - Cannot connnect VM-125<->VM-77
 WARN 07-15 17:55:30,493 ExecutorChannelManagerMap:95 [pool-16-thread-1] - Cannot connnect VM-125<->VM-154
 WARN 07-15 17:55:30,493 ExecutorChannelManagerMap:95 [pool-16-thread-1] - Cannot connnect VM-125<->VM-76
 WARN 07-15 17:55:30,493 ExecutorChannelManagerMap:95 [pool-16-thread-1] - Cannot connnect VM-125<->VM-153
 WARN 07-15 17:55:30,493 ExecutorChannelManagerMap:95 [pool-16-thread-1] - Cannot connnect VM-125<->VM-75
 WARN 07-15 17:55:30,493 ExecutorChannelManagerMap:95 [pool-16-thread-1] - Cannot connnect VM-125<->VM-152
 WARN 07-15 17:55:30,494 ExecutorChannelManagerMap:95 [pool-16-thread-1] - Cannot connnect VM-125<->VM-74
 WARN 07-15 17:55:30,494 ExecutorChannelManagerMap:95 [pool-16-thread-1] - Cannot connnect VM-125<->VM-159
 WARN 07-15 17:55:30,494 ExecutorChannelManagerMap:95 [pool-16-thread-1] - Cannot connnect VM-125<->VM-73
 WARN 07-15 17:55:30,494 ExecutorChannelManagerMap:95 [pool-16-thread-1] - Cannot connnect VM-125<->VM-158
 WARN 07-15 17:55:30,494 ExecutorChannelManagerMap:95 [pool-16-thread-1] - Cannot connnect VM-125<->VM-72
 WARN 07-15 17:55:30,494 ExecutorChannelManagerMap:95 [pool-16-thread-1] - Cannot connnect VM-125<->VM-157
 WARN 07-15 17:55:30,494 ExecutorChannelManagerMap:95 [pool-16-thread-1] - Cannot connnect VM-125<->VM-71
 WARN 07-15 17:55:30,494 ExecutorChannelManagerMap:95 [pool-16-thread-1] - Cannot connnect VM-125<->VM-156
 WARN 07-15 17:55:30,494 ExecutorChannelManagerMap:95 [pool-16-thread-1] - Cannot connnect VM-125<->VM-70
 WARN 07-15 17:55:30,494 ExecutorChannelManagerMap:95 [pool-16-thread-1] - Cannot connnect VM-125<->VM-149
 WARN 07-15 17:55:30,494 ExecutorChannelManagerMap:95 [pool-16-thread-1] - Cannot connnect VM-125<->VM-49
 WARN 07-15 17:55:30,494 ExecutorChannelManagerMap:95 [pool-16-thread-1] - Cannot connnect VM-125<->VM-48
 WARN 07-15 17:55:30,494 ExecutorChannelManagerMap:95 [pool-16-thread-1] - Cannot connnect VM-125<->VM-47
 WARN 07-15 17:55:30,494 ExecutorChannelManagerMap:95 [pool-16-thread-1] - Cannot connnect VM-125<->VM-160
 WARN 07-15 17:55:30,494 ExecutorChannelManagerMap:95 [pool-16-thread-1] - Cannot connnect VM-125<->VM-46
 WARN 07-15 17:55:30,494 ExecutorChannelManagerMap:95 [pool-16-thread-1] - Cannot connnect VM-125<->VM-45
 WARN 07-15 17:55:30,494 ExecutorChannelManagerMap:95 [pool-16-thread-1] - Cannot connnect VM-125<->VM-6
 WARN 07-15 17:55:30,494 ExecutorChannelManagerMap:95 [pool-16-thread-1] - Cannot connnect VM-125<->VM-44
 WARN 07-15 17:55:30,494 ExecutorChannelManagerMap:95 [pool-16-thread-1] - Cannot connnect VM-125<->VM-43
 WARN 07-15 17:55:30,494 ExecutorChannelManagerMap:95 [pool-16-thread-1] - Cannot connnect VM-125<->VM-8
 WARN 07-15 17:55:30,494 ExecutorChannelManagerMap:95 [pool-16-thread-1] - Cannot connnect VM-125<->VM-42
 WARN 07-15 17:55:30,494 ExecutorChannelManagerMap:95 [pool-16-thread-1] - Cannot connnect VM-125<->VM-9
 WARN 07-15 17:55:30,494 ExecutorChannelManagerMap:95 [pool-16-thread-1] - Cannot connnect VM-125<->VM-41
 WARN 07-15 17:55:30,494 ExecutorChannelManagerMap:95 [pool-16-thread-1] - Cannot connnect VM-125<->VM-40
 WARN 07-15 17:55:30,494 ExecutorChannelManagerMap:95 [pool-16-thread-1] - Cannot connnect VM-125<->VM-59
 WARN 07-15 17:55:30,494 ExecutorChannelManagerMap:95 [pool-16-thread-1] - Cannot connnect VM-125<->VM-58
 WARN 07-15 17:55:30,494 ExecutorChannelManagerMap:95 [pool-16-thread-1] - Cannot connnect VM-125<->VM-57
 WARN 07-15 17:55:30,494 ExecutorChannelManagerMap:95 [pool-16-thread-1] - Cannot connnect VM-125<->VM-56
 WARN 07-15 17:55:30,494 ExecutorChannelManagerMap:95 [pool-16-thread-1] - Cannot connnect VM-125<->VM-55
 WARN 07-15 17:55:30,494 ExecutorChannelManagerMap:95 [pool-16-thread-1] - Cannot connnect VM-125<->VM-54
 WARN 07-15 17:55:30,494 ExecutorChannelManagerMap:95 [pool-16-thread-1] - Cannot connnect VM-125<->VM-53
 WARN 07-15 17:55:30,494 ExecutorChannelManagerMap:95 [pool-16-thread-1] - Cannot connnect VM-125<->VM-52
 WARN 07-15 17:55:30,494 ExecutorChannelManagerMap:95 [pool-16-thread-1] - Cannot connnect VM-125<->VM-51
 WARN 07-15 17:55:30,494 ExecutorChannelManagerMap:95 [pool-16-thread-1] - Cannot connnect VM-125<->VM-50
 WARN 07-15 17:55:30,494 ExecutorChannelManagerMap:95 [pool-16-thread-1] - Cannot connnect VM-125<->VM-1
 WARN 07-15 17:55:30,494 ExecutorChannelManagerMap:95 [pool-16-thread-1] - Cannot connnect VM-125<->VM-2
 WARN 07-15 17:55:30,494 ExecutorChannelManagerMap:95 [pool-16-thread-1] - Cannot connnect VM-125<->VM-3
 WARN 07-15 17:55:30,494 ExecutorChannelManagerMap:95 [pool-16-thread-1] - Cannot connnect VM-125<->VM-4
 WARN 07-15 17:55:30,494 ExecutorChannelManagerMap:95 [pool-16-thread-1] - Cannot connnect VM-125<->VM-5
 WARN 07-15 17:55:30,494 ExecutorChannelManagerMap:95 [pool-16-thread-1] - Cannot connnect VM-125<->VM-29
 WARN 07-15 17:55:30,494 ExecutorChannelManagerMap:95 [pool-16-thread-1] - Cannot connnect VM-125<->VM-28
 WARN 07-15 17:55:30,494 ExecutorChannelManagerMap:95 [pool-16-thread-1] - Cannot connnect VM-125<->VM-27
 WARN 07-15 17:55:30,494 ExecutorChannelManagerMap:95 [pool-16-thread-1] - Cannot connnect VM-125<->VM-26
 WARN 07-15 17:55:30,494 ExecutorChannelManagerMap:95 [pool-16-thread-1] - Cannot connnect VM-125<->VM-25
 WARN 07-15 17:55:30,494 ExecutorChannelManagerMap:95 [pool-16-thread-1] - Cannot connnect VM-125<->VM-24
 WARN 07-15 17:55:30,494 ExecutorChannelManagerMap:95 [pool-16-thread-1] - Cannot connnect VM-125<->VM-100
 WARN 07-15 17:55:30,494 ExecutorChannelManagerMap:95 [pool-16-thread-1] - Cannot connnect VM-125<->VM-23
 WARN 07-15 17:55:30,494 ExecutorChannelManagerMap:95 [pool-16-thread-1] - Cannot connnect VM-125<->VM-22
 WARN 07-15 17:55:30,494 ExecutorChannelManagerMap:106 [pool-16-thread-1] - Executor Executor4 already registered
 WARN 07-15 17:55:30,494 ExecutorChannelManagerMap:95 [pool-16-thread-1] - Cannot connnect VM-125<->VM-21
 WARN 07-15 17:55:30,494 ExecutorChannelManagerMap:106 [pool-16-thread-1] - Executor Executor3 already registered
 WARN 07-15 17:55:30,494 ExecutorChannelManagerMap:95 [pool-16-thread-1] - Cannot connnect VM-125<->VM-20
 WARN 07-15 17:55:30,494 ExecutorChannelManagerMap:95 [pool-16-thread-1] - Cannot connnect VM-125<->VM-101
 WARN 07-15 17:55:30,494 ExecutorChannelManagerMap:95 [pool-16-thread-1] - Cannot connnect VM-125<->VM-39
 WARN 07-15 17:55:30,494 ExecutorChannelManagerMap:95 [pool-16-thread-1] - Cannot connnect VM-125<->VM-38
 WARN 07-15 17:55:30,494 ExecutorChannelManagerMap:95 [pool-16-thread-1] - Cannot connnect VM-125<->VM-37
 WARN 07-15 17:55:30,494 ExecutorChannelManagerMap:95 [pool-16-thread-1] - Cannot connnect VM-125<->VM-36
 WARN 07-15 17:55:30,494 ExecutorChannelManagerMap:95 [pool-16-thread-1] - Cannot connnect VM-125<->VM-35
 WARN 07-15 17:55:30,495 ExecutorChannelManagerMap:95 [pool-16-thread-1] - Cannot connnect VM-125<->VM-34
 WARN 07-15 17:55:30,495 ExecutorChannelManagerMap:95 [pool-16-thread-1] - Cannot connnect VM-125<->VM-33
 WARN 07-15 17:55:30,495 ExecutorChannelManagerMap:95 [pool-16-thread-1] - Cannot connnect VM-125<->VM-32
 WARN 07-15 17:55:30,495 ExecutorChannelManagerMap:95 [pool-16-thread-1] - Cannot connnect VM-125<->VM-31
 WARN 07-15 17:55:30,495 ExecutorChannelManagerMap:95 [pool-16-thread-1] - Cannot connnect VM-125<->VM-30
 WARN 07-15 17:55:30,495 ExecutorChannelManagerMap:106 [pool-16-thread-1] - Executor Executor2 already registered
 WARN 07-15 17:55:30,495 ExecutorChannelManagerMap:106 [pool-16-thread-1] - Executor Executor1 already registered
 WARN 07-15 17:55:30,495 ExecutorChannelManagerMap:106 [pool-16-thread-1] - Executor Executor0 already registered
 INFO 07-15 17:55:30,495 Executor$ExecutorMessageReceiver:1433 [pool-16-thread-9] - Executor registered message received VM-89,VM-122,VM-88,VM-121,VM-87,VM-120,VM-86,VM-85,VM-126,VM-84,VM-83,VM-124,VM-82,VM-123,VM-81,VM-119,VM-80,VM-118,VM-117,VM-116,VM-19,VM-18,VM-17,VM-16,VM-15,VM-14,VM-13,VM-12,VM-133,VM-99,VM-11,VM-132,VM-98,VM-10,VM-131,VM-97,VM-130,VM-96,VM-137,VM-95,VM-136,VM-94,VM-135,VM-93,VM-134,VM-92,VM-91,VM-129,VM-90,VM-128,VM-127,VM-140,VM-69,VM-68,VM-67,VM-144,VM-66,VM-143,VM-65,VM-142,VM-64,VM-141,VM-63,VM-148,VM-62,VM-147,VM-61,VM-146,VM-60,VM-145,VM-139,VM-138,VM-151,VM-150,VM-79,VM-78,VM-155,VM-77,VM-154,VM-76,VM-153,VM-75,VM-152,VM-74,VM-159,VM-73,VM-158,VM-72,VM-157,VM-71,VM-156,VM-70,VM-149,VM-49,VM-48,VM-47,VM-160,VM-46,VM-45,VM-6,VM-44,VM-43,VM-8,VM-42,VM-9,VM-41,VM-40,VM-59,VM-58,VM-57,VM-56,VM-55,VM-54,VM-53,VM-52,VM-51,VM-50,VM-1,VM-2,VM-3,VM-4,VM-5,VM-29,VM-28,VM-27,VM-26,VM-25,VM-24,VM-100,VM-23,VM-22,Executor4,VM-21,Executor3,VM-20,VM-101,VM-39,VM-38,VM-37,VM-36,VM-35,VM-34,VM-33,VM-32,VM-31,VM-30,VM-115,VM-114,VM-113,Executor2,Executor1,Executor0
 WARN 07-15 17:55:30,495 ExecutorChannelManagerMap:95 [pool-16-thread-9] - Cannot connnect VM-125<->VM-89
 WARN 07-15 17:55:30,495 ExecutorChannelManagerMap:95 [pool-16-thread-9] - Cannot connnect VM-125<->VM-122
 WARN 07-15 17:55:30,495 ExecutorChannelManagerMap:95 [pool-16-thread-9] - Cannot connnect VM-125<->VM-88
 WARN 07-15 17:55:30,495 ExecutorChannelManagerMap:95 [pool-16-thread-9] - Cannot connnect VM-125<->VM-121
 WARN 07-15 17:55:30,495 ExecutorChannelManagerMap:95 [pool-16-thread-9] - Cannot connnect VM-125<->VM-87
 WARN 07-15 17:55:30,495 ExecutorChannelManagerMap:95 [pool-16-thread-9] - Cannot connnect VM-125<->VM-120
 WARN 07-15 17:55:30,495 ExecutorChannelManagerMap:95 [pool-16-thread-9] - Cannot connnect VM-125<->VM-86
 WARN 07-15 17:55:30,495 ExecutorChannelManagerMap:95 [pool-16-thread-9] - Cannot connnect VM-125<->VM-85
 WARN 07-15 17:55:30,495 ExecutorChannelManagerMap:95 [pool-16-thread-9] - Cannot connnect VM-125<->VM-126
 WARN 07-15 17:55:30,495 ExecutorChannelManagerMap:95 [pool-16-thread-9] - Cannot connnect VM-125<->VM-84
 WARN 07-15 17:55:30,495 ExecutorChannelManagerMap:95 [pool-16-thread-9] - Cannot connnect VM-125<->VM-83
 WARN 07-15 17:55:30,495 ExecutorChannelManagerMap:95 [pool-16-thread-9] - Cannot connnect VM-125<->VM-124
 WARN 07-15 17:55:30,495 ExecutorChannelManagerMap:95 [pool-16-thread-9] - Cannot connnect VM-125<->VM-82
 WARN 07-15 17:55:30,495 ExecutorChannelManagerMap:95 [pool-16-thread-9] - Cannot connnect VM-125<->VM-123
 WARN 07-15 17:55:30,495 ExecutorChannelManagerMap:95 [pool-16-thread-9] - Cannot connnect VM-125<->VM-81
 WARN 07-15 17:55:30,495 ExecutorChannelManagerMap:95 [pool-16-thread-9] - Cannot connnect VM-125<->VM-119
 WARN 07-15 17:55:30,495 ExecutorChannelManagerMap:95 [pool-16-thread-9] - Cannot connnect VM-125<->VM-80
 WARN 07-15 17:55:30,495 ExecutorChannelManagerMap:95 [pool-16-thread-9] - Cannot connnect VM-125<->VM-118
 WARN 07-15 17:55:30,495 ExecutorChannelManagerMap:95 [pool-16-thread-9] - Cannot connnect VM-125<->VM-117
 WARN 07-15 17:55:30,495 ExecutorChannelManagerMap:95 [pool-16-thread-9] - Cannot connnect VM-125<->VM-116
 WARN 07-15 17:55:30,495 ExecutorChannelManagerMap:95 [pool-16-thread-9] - Cannot connnect VM-125<->VM-19
 WARN 07-15 17:55:30,495 ExecutorChannelManagerMap:95 [pool-16-thread-9] - Cannot connnect VM-125<->VM-18
 WARN 07-15 17:55:30,495 ExecutorChannelManagerMap:95 [pool-16-thread-9] - Cannot connnect VM-125<->VM-17
 WARN 07-15 17:55:30,495 ExecutorChannelManagerMap:95 [pool-16-thread-9] - Cannot connnect VM-125<->VM-16
 WARN 07-15 17:55:30,495 ExecutorChannelManagerMap:95 [pool-16-thread-9] - Cannot connnect VM-125<->VM-15
 WARN 07-15 17:55:30,495 ExecutorChannelManagerMap:95 [pool-16-thread-9] - Cannot connnect VM-125<->VM-14
 WARN 07-15 17:55:30,495 ExecutorChannelManagerMap:95 [pool-16-thread-9] - Cannot connnect VM-125<->VM-13
 WARN 07-15 17:55:30,495 ExecutorChannelManagerMap:95 [pool-16-thread-9] - Cannot connnect VM-125<->VM-12
 WARN 07-15 17:55:30,495 ExecutorChannelManagerMap:95 [pool-16-thread-9] - Cannot connnect VM-125<->VM-133
 WARN 07-15 17:55:30,496 ExecutorChannelManagerMap:95 [pool-16-thread-9] - Cannot connnect VM-125<->VM-99
 WARN 07-15 17:55:30,496 ExecutorChannelManagerMap:95 [pool-16-thread-9] - Cannot connnect VM-125<->VM-11
 WARN 07-15 17:55:30,496 ExecutorChannelManagerMap:95 [pool-16-thread-9] - Cannot connnect VM-125<->VM-132
 WARN 07-15 17:55:30,496 ExecutorChannelManagerMap:95 [pool-16-thread-9] - Cannot connnect VM-125<->VM-98
 WARN 07-15 17:55:30,496 ExecutorChannelManagerMap:95 [pool-16-thread-9] - Cannot connnect VM-125<->VM-10
 WARN 07-15 17:55:30,496 ExecutorChannelManagerMap:95 [pool-16-thread-9] - Cannot connnect VM-125<->VM-131
 WARN 07-15 17:55:30,496 ExecutorChannelManagerMap:95 [pool-16-thread-9] - Cannot connnect VM-125<->VM-97
 WARN 07-15 17:55:30,496 ExecutorChannelManagerMap:95 [pool-16-thread-9] - Cannot connnect VM-125<->VM-130
 WARN 07-15 17:55:30,496 ExecutorChannelManagerMap:95 [pool-16-thread-9] - Cannot connnect VM-125<->VM-96
 WARN 07-15 17:55:30,496 ExecutorChannelManagerMap:95 [pool-16-thread-9] - Cannot connnect VM-125<->VM-137
 WARN 07-15 17:55:30,496 ExecutorChannelManagerMap:95 [pool-16-thread-9] - Cannot connnect VM-125<->VM-95
 WARN 07-15 17:55:30,496 ExecutorChannelManagerMap:95 [pool-16-thread-9] - Cannot connnect VM-125<->VM-136
 WARN 07-15 17:55:30,496 ExecutorChannelManagerMap:95 [pool-16-thread-9] - Cannot connnect VM-125<->VM-94
 WARN 07-15 17:55:30,496 ExecutorChannelManagerMap:95 [pool-16-thread-9] - Cannot connnect VM-125<->VM-135
 WARN 07-15 17:55:30,496 ExecutorChannelManagerMap:95 [pool-16-thread-9] - Cannot connnect VM-125<->VM-93
 WARN 07-15 17:55:30,496 ExecutorChannelManagerMap:95 [pool-16-thread-9] - Cannot connnect VM-125<->VM-134
 WARN 07-15 17:55:30,496 ExecutorChannelManagerMap:95 [pool-16-thread-9] - Cannot connnect VM-125<->VM-92
 WARN 07-15 17:55:30,496 ExecutorChannelManagerMap:95 [pool-16-thread-9] - Cannot connnect VM-125<->VM-91
 WARN 07-15 17:55:30,496 ExecutorChannelManagerMap:95 [pool-16-thread-9] - Cannot connnect VM-125<->VM-129
 WARN 07-15 17:55:30,496 ExecutorChannelManagerMap:95 [pool-16-thread-9] - Cannot connnect VM-125<->VM-90
 WARN 07-15 17:55:30,496 ExecutorChannelManagerMap:95 [pool-16-thread-9] - Cannot connnect VM-125<->VM-128
 WARN 07-15 17:55:30,496 ExecutorChannelManagerMap:95 [pool-16-thread-9] - Cannot connnect VM-125<->VM-127
 WARN 07-15 17:55:30,496 ExecutorChannelManagerMap:95 [pool-16-thread-9] - Cannot connnect VM-125<->VM-140
 WARN 07-15 17:55:30,496 ExecutorChannelManagerMap:95 [pool-16-thread-9] - Cannot connnect VM-125<->VM-69
 WARN 07-15 17:55:30,496 ExecutorChannelManagerMap:95 [pool-16-thread-9] - Cannot connnect VM-125<->VM-68
 WARN 07-15 17:55:30,496 ExecutorChannelManagerMap:95 [pool-16-thread-9] - Cannot connnect VM-125<->VM-67
 WARN 07-15 17:55:30,496 ExecutorChannelManagerMap:95 [pool-16-thread-9] - Cannot connnect VM-125<->VM-144
 WARN 07-15 17:55:30,496 ExecutorChannelManagerMap:95 [pool-16-thread-9] - Cannot connnect VM-125<->VM-66
 WARN 07-15 17:55:30,496 ExecutorChannelManagerMap:95 [pool-16-thread-9] - Cannot connnect VM-125<->VM-143
 WARN 07-15 17:55:30,496 ExecutorChannelManagerMap:95 [pool-16-thread-9] - Cannot connnect VM-125<->VM-65
 WARN 07-15 17:55:30,496 ExecutorChannelManagerMap:95 [pool-16-thread-9] - Cannot connnect VM-125<->VM-142
 WARN 07-15 17:55:30,496 ExecutorChannelManagerMap:95 [pool-16-thread-9] - Cannot connnect VM-125<->VM-64
 WARN 07-15 17:55:30,496 ExecutorChannelManagerMap:95 [pool-16-thread-9] - Cannot connnect VM-125<->VM-141
 WARN 07-15 17:55:30,496 ExecutorChannelManagerMap:95 [pool-16-thread-9] - Cannot connnect VM-125<->VM-63
 WARN 07-15 17:55:30,496 ExecutorChannelManagerMap:95 [pool-16-thread-9] - Cannot connnect VM-125<->VM-148
 WARN 07-15 17:55:30,496 ExecutorChannelManagerMap:95 [pool-16-thread-9] - Cannot connnect VM-125<->VM-62
 WARN 07-15 17:55:30,496 ExecutorChannelManagerMap:95 [pool-16-thread-9] - Cannot connnect VM-125<->VM-147
 WARN 07-15 17:55:30,496 ExecutorChannelManagerMap:95 [pool-16-thread-9] - Cannot connnect VM-125<->VM-61
 WARN 07-15 17:55:30,496 ExecutorChannelManagerMap:95 [pool-16-thread-9] - Cannot connnect VM-125<->VM-146
 WARN 07-15 17:55:30,496 ExecutorChannelManagerMap:95 [pool-16-thread-9] - Cannot connnect VM-125<->VM-60
 WARN 07-15 17:55:30,496 ExecutorChannelManagerMap:95 [pool-16-thread-9] - Cannot connnect VM-125<->VM-145
 WARN 07-15 17:55:30,496 ExecutorChannelManagerMap:95 [pool-16-thread-9] - Cannot connnect VM-125<->VM-139
 WARN 07-15 17:55:30,496 ExecutorChannelManagerMap:95 [pool-16-thread-9] - Cannot connnect VM-125<->VM-138
 WARN 07-15 17:55:30,496 ExecutorChannelManagerMap:95 [pool-16-thread-9] - Cannot connnect VM-125<->VM-151
 WARN 07-15 17:55:30,496 ExecutorChannelManagerMap:95 [pool-16-thread-9] - Cannot connnect VM-125<->VM-150
 WARN 07-15 17:55:30,496 ExecutorChannelManagerMap:95 [pool-16-thread-9] - Cannot connnect VM-125<->VM-79
 WARN 07-15 17:55:30,496 ExecutorChannelManagerMap:95 [pool-16-thread-9] - Cannot connnect VM-125<->VM-78
 WARN 07-15 17:55:30,496 ExecutorChannelManagerMap:95 [pool-16-thread-9] - Cannot connnect VM-125<->VM-155
 WARN 07-15 17:55:30,496 ExecutorChannelManagerMap:95 [pool-16-thread-9] - Cannot connnect VM-125<->VM-77
 WARN 07-15 17:55:30,496 ExecutorChannelManagerMap:95 [pool-16-thread-9] - Cannot connnect VM-125<->VM-154
 WARN 07-15 17:55:30,496 ExecutorChannelManagerMap:95 [pool-16-thread-9] - Cannot connnect VM-125<->VM-76
 WARN 07-15 17:55:30,496 ExecutorChannelManagerMap:95 [pool-16-thread-9] - Cannot connnect VM-125<->VM-153
 WARN 07-15 17:55:30,496 ExecutorChannelManagerMap:95 [pool-16-thread-9] - Cannot connnect VM-125<->VM-75
 WARN 07-15 17:55:30,496 ExecutorChannelManagerMap:95 [pool-16-thread-9] - Cannot connnect VM-125<->VM-152
 WARN 07-15 17:55:30,497 ExecutorChannelManagerMap:95 [pool-16-thread-9] - Cannot connnect VM-125<->VM-74
 WARN 07-15 17:55:30,497 ExecutorChannelManagerMap:95 [pool-16-thread-9] - Cannot connnect VM-125<->VM-159
 WARN 07-15 17:55:30,497 ExecutorChannelManagerMap:95 [pool-16-thread-9] - Cannot connnect VM-125<->VM-73
 WARN 07-15 17:55:30,497 ExecutorChannelManagerMap:95 [pool-16-thread-9] - Cannot connnect VM-125<->VM-158
 WARN 07-15 17:55:30,497 ExecutorChannelManagerMap:95 [pool-16-thread-9] - Cannot connnect VM-125<->VM-72
 WARN 07-15 17:55:30,497 ExecutorChannelManagerMap:95 [pool-16-thread-9] - Cannot connnect VM-125<->VM-157
 WARN 07-15 17:55:30,497 ExecutorChannelManagerMap:95 [pool-16-thread-9] - Cannot connnect VM-125<->VM-71
 WARN 07-15 17:55:30,497 ExecutorChannelManagerMap:95 [pool-16-thread-9] - Cannot connnect VM-125<->VM-156
 WARN 07-15 17:55:30,497 ExecutorChannelManagerMap:95 [pool-16-thread-9] - Cannot connnect VM-125<->VM-70
 WARN 07-15 17:55:30,497 ExecutorChannelManagerMap:95 [pool-16-thread-9] - Cannot connnect VM-125<->VM-149
 WARN 07-15 17:55:30,497 ExecutorChannelManagerMap:95 [pool-16-thread-9] - Cannot connnect VM-125<->VM-49
 WARN 07-15 17:55:30,497 ExecutorChannelManagerMap:95 [pool-16-thread-9] - Cannot connnect VM-125<->VM-48
 WARN 07-15 17:55:30,497 ExecutorChannelManagerMap:95 [pool-16-thread-9] - Cannot connnect VM-125<->VM-47
 WARN 07-15 17:55:30,497 ExecutorChannelManagerMap:95 [pool-16-thread-9] - Cannot connnect VM-125<->VM-160
 WARN 07-15 17:55:30,497 ExecutorChannelManagerMap:95 [pool-16-thread-9] - Cannot connnect VM-125<->VM-46
 WARN 07-15 17:55:30,497 ExecutorChannelManagerMap:95 [pool-16-thread-9] - Cannot connnect VM-125<->VM-45
 WARN 07-15 17:55:30,497 ExecutorChannelManagerMap:95 [pool-16-thread-9] - Cannot connnect VM-125<->VM-6
 WARN 07-15 17:55:30,497 ExecutorChannelManagerMap:95 [pool-16-thread-9] - Cannot connnect VM-125<->VM-44
 WARN 07-15 17:55:30,497 ExecutorChannelManagerMap:95 [pool-16-thread-9] - Cannot connnect VM-125<->VM-43
 WARN 07-15 17:55:30,497 ExecutorChannelManagerMap:95 [pool-16-thread-9] - Cannot connnect VM-125<->VM-8
 WARN 07-15 17:55:30,497 ExecutorChannelManagerMap:95 [pool-16-thread-9] - Cannot connnect VM-125<->VM-42
 WARN 07-15 17:55:30,497 ExecutorChannelManagerMap:95 [pool-16-thread-9] - Cannot connnect VM-125<->VM-9
 WARN 07-15 17:55:30,497 ExecutorChannelManagerMap:95 [pool-16-thread-9] - Cannot connnect VM-125<->VM-41
 WARN 07-15 17:55:30,497 ExecutorChannelManagerMap:95 [pool-16-thread-9] - Cannot connnect VM-125<->VM-40
 WARN 07-15 17:55:30,497 ExecutorChannelManagerMap:95 [pool-16-thread-9] - Cannot connnect VM-125<->VM-59
 WARN 07-15 17:55:30,497 ExecutorChannelManagerMap:95 [pool-16-thread-9] - Cannot connnect VM-125<->VM-58
 WARN 07-15 17:55:30,497 ExecutorChannelManagerMap:95 [pool-16-thread-9] - Cannot connnect VM-125<->VM-57
 WARN 07-15 17:55:30,497 ExecutorChannelManagerMap:95 [pool-16-thread-9] - Cannot connnect VM-125<->VM-56
 WARN 07-15 17:55:30,497 ExecutorChannelManagerMap:95 [pool-16-thread-9] - Cannot connnect VM-125<->VM-55
 WARN 07-15 17:55:30,497 ExecutorChannelManagerMap:95 [pool-16-thread-9] - Cannot connnect VM-125<->VM-54
 WARN 07-15 17:55:30,497 ExecutorChannelManagerMap:95 [pool-16-thread-9] - Cannot connnect VM-125<->VM-53
 WARN 07-15 17:55:30,497 ExecutorChannelManagerMap:95 [pool-16-thread-9] - Cannot connnect VM-125<->VM-52
 WARN 07-15 17:55:30,497 ExecutorChannelManagerMap:95 [pool-16-thread-9] - Cannot connnect VM-125<->VM-51
 WARN 07-15 17:55:30,497 ExecutorChannelManagerMap:95 [pool-16-thread-9] - Cannot connnect VM-125<->VM-50
 WARN 07-15 17:55:30,497 ExecutorChannelManagerMap:95 [pool-16-thread-9] - Cannot connnect VM-125<->VM-1
 WARN 07-15 17:55:30,497 ExecutorChannelManagerMap:95 [pool-16-thread-9] - Cannot connnect VM-125<->VM-2
 WARN 07-15 17:55:30,497 ExecutorChannelManagerMap:95 [pool-16-thread-9] - Cannot connnect VM-125<->VM-3
 WARN 07-15 17:55:30,497 ExecutorChannelManagerMap:95 [pool-16-thread-9] - Cannot connnect VM-125<->VM-4
 WARN 07-15 17:55:30,497 ExecutorChannelManagerMap:95 [pool-16-thread-9] - Cannot connnect VM-125<->VM-5
 WARN 07-15 17:55:30,497 ExecutorChannelManagerMap:95 [pool-16-thread-9] - Cannot connnect VM-125<->VM-29
 WARN 07-15 17:55:30,497 ExecutorChannelManagerMap:95 [pool-16-thread-9] - Cannot connnect VM-125<->VM-28
 WARN 07-15 17:55:30,497 ExecutorChannelManagerMap:95 [pool-16-thread-9] - Cannot connnect VM-125<->VM-27
 WARN 07-15 17:55:30,497 ExecutorChannelManagerMap:95 [pool-16-thread-9] - Cannot connnect VM-125<->VM-26
 WARN 07-15 17:55:30,497 ExecutorChannelManagerMap:95 [pool-16-thread-9] - Cannot connnect VM-125<->VM-25
 WARN 07-15 17:55:30,497 ExecutorChannelManagerMap:95 [pool-16-thread-9] - Cannot connnect VM-125<->VM-24
 WARN 07-15 17:55:30,497 ExecutorChannelManagerMap:95 [pool-16-thread-9] - Cannot connnect VM-125<->VM-100
 WARN 07-15 17:55:30,497 ExecutorChannelManagerMap:95 [pool-16-thread-9] - Cannot connnect VM-125<->VM-23
 WARN 07-15 17:55:30,497 ExecutorChannelManagerMap:95 [pool-16-thread-9] - Cannot connnect VM-125<->VM-22
 WARN 07-15 17:55:30,497 ExecutorChannelManagerMap:106 [pool-16-thread-9] - Executor Executor4 already registered
 WARN 07-15 17:55:30,497 ExecutorChannelManagerMap:95 [pool-16-thread-9] - Cannot connnect VM-125<->VM-21
 WARN 07-15 17:55:30,497 ExecutorChannelManagerMap:106 [pool-16-thread-9] - Executor Executor3 already registered
 WARN 07-15 17:55:30,497 ExecutorChannelManagerMap:95 [pool-16-thread-9] - Cannot connnect VM-125<->VM-20
 WARN 07-15 17:55:30,498 ExecutorChannelManagerMap:95 [pool-16-thread-9] - Cannot connnect VM-125<->VM-101
 WARN 07-15 17:55:30,498 ExecutorChannelManagerMap:95 [pool-16-thread-9] - Cannot connnect VM-125<->VM-39
 WARN 07-15 17:55:30,498 ExecutorChannelManagerMap:95 [pool-16-thread-9] - Cannot connnect VM-125<->VM-38
 WARN 07-15 17:55:30,498 ExecutorChannelManagerMap:95 [pool-16-thread-9] - Cannot connnect VM-125<->VM-37
 WARN 07-15 17:55:30,498 ExecutorChannelManagerMap:95 [pool-16-thread-9] - Cannot connnect VM-125<->VM-36
 WARN 07-15 17:55:30,498 ExecutorChannelManagerMap:95 [pool-16-thread-9] - Cannot connnect VM-125<->VM-35
 WARN 07-15 17:55:30,498 ExecutorChannelManagerMap:95 [pool-16-thread-9] - Cannot connnect VM-125<->VM-34
 WARN 07-15 17:55:30,498 ExecutorChannelManagerMap:95 [pool-16-thread-9] - Cannot connnect VM-125<->VM-33
 WARN 07-15 17:55:30,498 ExecutorChannelManagerMap:95 [pool-16-thread-9] - Cannot connnect VM-125<->VM-32
 WARN 07-15 17:55:30,498 ExecutorChannelManagerMap:95 [pool-16-thread-9] - Cannot connnect VM-125<->VM-31
 WARN 07-15 17:55:30,498 ExecutorChannelManagerMap:95 [pool-16-thread-9] - Cannot connnect VM-125<->VM-30
 WARN 07-15 17:55:30,498 ExecutorChannelManagerMap:95 [pool-16-thread-9] - Cannot connnect VM-125<->VM-115
 WARN 07-15 17:55:30,498 ExecutorChannelManagerMap:95 [pool-16-thread-9] - Cannot connnect VM-125<->VM-114
 WARN 07-15 17:55:30,498 ExecutorChannelManagerMap:95 [pool-16-thread-9] - Cannot connnect VM-125<->VM-113
 WARN 07-15 17:55:30,498 ExecutorChannelManagerMap:106 [pool-16-thread-9] - Executor Executor2 already registered
 WARN 07-15 17:55:30,498 ExecutorChannelManagerMap:106 [pool-16-thread-9] - Executor Executor1 already registered
 WARN 07-15 17:55:30,498 ExecutorChannelManagerMap:106 [pool-16-thread-9] - Executor Executor0 already registered
 INFO 07-15 17:55:30,498 Executor$ExecutorMessageReceiver:1433 [pool-16-thread-8] - Executor registered message received VM-89,VM-122,VM-88,VM-121,VM-87,VM-120,VM-86,VM-85,VM-126,VM-84,VM-83,VM-124,VM-82,VM-123,VM-81,VM-119,VM-80,VM-118,VM-117,VM-116,VM-19,VM-18,VM-17,VM-16,VM-15,VM-14,VM-13,VM-12,VM-133,VM-99,VM-11,VM-132,VM-98,VM-10,VM-131,VM-97,VM-130,VM-96,VM-137,VM-95,VM-136,VM-94,VM-135,VM-93,VM-134,VM-92,VM-91,VM-129,VM-90,VM-128,VM-127,VM-140,VM-69,VM-68,VM-67,VM-144,VM-66,VM-143,VM-65,VM-142,VM-64,VM-141,VM-63,VM-148,VM-62,VM-147,VM-61,VM-146,VM-60,VM-145,VM-139,VM-138,VM-151,VM-150,VM-79,VM-78,VM-155,VM-77,VM-154,VM-76,VM-153,VM-75,VM-152,VM-74,VM-159,VM-73,VM-158,VM-72,VM-157,VM-71,VM-156,VM-70,VM-149,VM-49,VM-48,VM-47,VM-160,VM-46,VM-45,VM-6,VM-44,VM-7,VM-43,VM-8,VM-42,VM-9,VM-41,VM-40,VM-59,VM-58,VM-57,VM-56,VM-55,VM-54,VM-53,VM-52,VM-51,VM-50,VM-1,VM-2,VM-3,VM-4,VM-5,VM-29,VM-28,VM-27,VM-26,VM-25,VM-24,VM-100,VM-23,VM-22,Executor4,VM-21,Executor3,VM-20,VM-101,VM-39,VM-38,VM-37,VM-36,VM-35,VM-34,VM-33,VM-32,VM-31,VM-30,VM-115,VM-114,VM-113,Executor2,Executor1,Executor0
 INFO 07-15 17:55:30,500 Executor$ExecutorMessageReceiver:1433 [pool-16-thread-4] - Executor registered message received VM-89,VM-122,VM-88,VM-121,VM-87,VM-120,VM-86,VM-85,VM-126,VM-84,VM-83,VM-124,VM-82,VM-123,VM-81,VM-119,VM-80,VM-118,VM-117,VM-116,VM-19,VM-18,VM-17,VM-16,VM-15,VM-14,VM-13,VM-12,VM-133,VM-99,VM-11,VM-132,VM-98,VM-10,VM-131,VM-97,VM-130,VM-96,VM-137,VM-95,VM-136,VM-94,VM-135,VM-93,VM-134,VM-92,VM-91,VM-129,VM-90,VM-128,VM-127,VM-140,VM-69,VM-68,VM-67,VM-144,VM-66,VM-143,VM-65,VM-142,VM-64,VM-141,VM-63,VM-148,VM-62,VM-147,VM-61,VM-146,VM-60,VM-145,VM-139,VM-138,VM-151,VM-150,VM-79,VM-78,VM-155,VM-77,VM-154,VM-76,VM-153,VM-75,VM-152,VM-74,VM-159,VM-73,VM-158,VM-72,VM-157,VM-71,VM-156,VM-70,VM-149,VM-49,VM-48,VM-47,VM-160,VM-46,VM-45,VM-6,VM-44,VM-43,VM-8,VM-42,VM-9,VM-41,VM-40,VM-59,VM-58,VM-57,VM-56,VM-55,VM-54,VM-53,VM-52,VM-51,VM-50,VM-1,VM-2,VM-3,VM-4,VM-5,VM-29,VM-28,VM-27,VM-26,VM-25,VM-24,VM-100,VM-23,VM-22,Executor4,VM-21,Executor3,VM-20,VM-101,VM-39,VM-38,VM-37,VM-36,VM-35,VM-34,VM-33,VM-32,VM-31,VM-30,VM-115,Executor2,Executor1,Executor0
 WARN 07-15 17:55:30,500 ExecutorChannelManagerMap:95 [pool-16-thread-4] - Cannot connnect VM-125<->VM-89
 WARN 07-15 17:55:30,501 ExecutorChannelManagerMap:95 [pool-16-thread-4] - Cannot connnect VM-125<->VM-122
 WARN 07-15 17:55:30,501 ExecutorChannelManagerMap:95 [pool-16-thread-4] - Cannot connnect VM-125<->VM-88
 WARN 07-15 17:55:30,501 ExecutorChannelManagerMap:95 [pool-16-thread-4] - Cannot connnect VM-125<->VM-121
 WARN 07-15 17:55:30,501 ExecutorChannelManagerMap:95 [pool-16-thread-4] - Cannot connnect VM-125<->VM-87
 WARN 07-15 17:55:30,501 ExecutorChannelManagerMap:95 [pool-16-thread-4] - Cannot connnect VM-125<->VM-120
 WARN 07-15 17:55:30,501 ExecutorChannelManagerMap:95 [pool-16-thread-4] - Cannot connnect VM-125<->VM-86
 WARN 07-15 17:55:30,501 ExecutorChannelManagerMap:95 [pool-16-thread-4] - Cannot connnect VM-125<->VM-85
 WARN 07-15 17:55:30,501 ExecutorChannelManagerMap:95 [pool-16-thread-4] - Cannot connnect VM-125<->VM-126
 WARN 07-15 17:55:30,501 ExecutorChannelManagerMap:95 [pool-16-thread-4] - Cannot connnect VM-125<->VM-84
 WARN 07-15 17:55:30,501 ExecutorChannelManagerMap:95 [pool-16-thread-4] - Cannot connnect VM-125<->VM-83
 WARN 07-15 17:55:30,501 ExecutorChannelManagerMap:95 [pool-16-thread-4] - Cannot connnect VM-125<->VM-124
 WARN 07-15 17:55:30,501 ExecutorChannelManagerMap:95 [pool-16-thread-4] - Cannot connnect VM-125<->VM-82
 WARN 07-15 17:55:30,501 ExecutorChannelManagerMap:95 [pool-16-thread-4] - Cannot connnect VM-125<->VM-123
 WARN 07-15 17:55:30,501 ExecutorChannelManagerMap:95 [pool-16-thread-4] - Cannot connnect VM-125<->VM-81
 WARN 07-15 17:55:30,501 ExecutorChannelManagerMap:95 [pool-16-thread-4] - Cannot connnect VM-125<->VM-119
 WARN 07-15 17:55:30,501 ExecutorChannelManagerMap:95 [pool-16-thread-4] - Cannot connnect VM-125<->VM-80
 WARN 07-15 17:55:30,501 ExecutorChannelManagerMap:95 [pool-16-thread-4] - Cannot connnect VM-125<->VM-118
 WARN 07-15 17:55:30,501 ExecutorChannelManagerMap:95 [pool-16-thread-4] - Cannot connnect VM-125<->VM-117
 WARN 07-15 17:55:30,501 ExecutorChannelManagerMap:95 [pool-16-thread-4] - Cannot connnect VM-125<->VM-116
 WARN 07-15 17:55:30,501 ExecutorChannelManagerMap:95 [pool-16-thread-4] - Cannot connnect VM-125<->VM-19
 WARN 07-15 17:55:30,501 ExecutorChannelManagerMap:95 [pool-16-thread-4] - Cannot connnect VM-125<->VM-18
 WARN 07-15 17:55:30,501 ExecutorChannelManagerMap:95 [pool-16-thread-4] - Cannot connnect VM-125<->VM-17
 WARN 07-15 17:55:30,501 ExecutorChannelManagerMap:95 [pool-16-thread-4] - Cannot connnect VM-125<->VM-16
 WARN 07-15 17:55:30,501 ExecutorChannelManagerMap:95 [pool-16-thread-4] - Cannot connnect VM-125<->VM-15
 WARN 07-15 17:55:30,501 ExecutorChannelManagerMap:95 [pool-16-thread-4] - Cannot connnect VM-125<->VM-14
 WARN 07-15 17:55:30,501 ExecutorChannelManagerMap:95 [pool-16-thread-4] - Cannot connnect VM-125<->VM-13
 WARN 07-15 17:55:30,501 ExecutorChannelManagerMap:95 [pool-16-thread-4] - Cannot connnect VM-125<->VM-12
 WARN 07-15 17:55:30,501 ExecutorChannelManagerMap:95 [pool-16-thread-4] - Cannot connnect VM-125<->VM-133
 WARN 07-15 17:55:30,501 ExecutorChannelManagerMap:95 [pool-16-thread-4] - Cannot connnect VM-125<->VM-99
 WARN 07-15 17:55:30,501 ExecutorChannelManagerMap:95 [pool-16-thread-4] - Cannot connnect VM-125<->VM-11
 WARN 07-15 17:55:30,501 ExecutorChannelManagerMap:95 [pool-16-thread-4] - Cannot connnect VM-125<->VM-132
 WARN 07-15 17:55:30,501 ExecutorChannelManagerMap:95 [pool-16-thread-4] - Cannot connnect VM-125<->VM-98
 WARN 07-15 17:55:30,501 ExecutorChannelManagerMap:95 [pool-16-thread-4] - Cannot connnect VM-125<->VM-10
 WARN 07-15 17:55:30,501 ExecutorChannelManagerMap:95 [pool-16-thread-4] - Cannot connnect VM-125<->VM-131
 WARN 07-15 17:55:30,501 ExecutorChannelManagerMap:95 [pool-16-thread-4] - Cannot connnect VM-125<->VM-97
 WARN 07-15 17:55:30,501 ExecutorChannelManagerMap:95 [pool-16-thread-4] - Cannot connnect VM-125<->VM-130
 WARN 07-15 17:55:30,501 ExecutorChannelManagerMap:95 [pool-16-thread-4] - Cannot connnect VM-125<->VM-96
 WARN 07-15 17:55:30,501 ExecutorChannelManagerMap:95 [pool-16-thread-4] - Cannot connnect VM-125<->VM-137
 WARN 07-15 17:55:30,501 ExecutorChannelManagerMap:95 [pool-16-thread-4] - Cannot connnect VM-125<->VM-95
 WARN 07-15 17:55:30,501 ExecutorChannelManagerMap:95 [pool-16-thread-4] - Cannot connnect VM-125<->VM-136
 WARN 07-15 17:55:30,501 ExecutorChannelManagerMap:95 [pool-16-thread-4] - Cannot connnect VM-125<->VM-94
 WARN 07-15 17:55:30,501 ExecutorChannelManagerMap:95 [pool-16-thread-4] - Cannot connnect VM-125<->VM-135
 WARN 07-15 17:55:30,501 ExecutorChannelManagerMap:95 [pool-16-thread-4] - Cannot connnect VM-125<->VM-93
 WARN 07-15 17:55:30,501 ExecutorChannelManagerMap:95 [pool-16-thread-4] - Cannot connnect VM-125<->VM-134
 WARN 07-15 17:55:30,501 ExecutorChannelManagerMap:95 [pool-16-thread-4] - Cannot connnect VM-125<->VM-92
 WARN 07-15 17:55:30,501 ExecutorChannelManagerMap:95 [pool-16-thread-4] - Cannot connnect VM-125<->VM-91
 WARN 07-15 17:55:30,501 ExecutorChannelManagerMap:95 [pool-16-thread-4] - Cannot connnect VM-125<->VM-129
 WARN 07-15 17:55:30,501 ExecutorChannelManagerMap:95 [pool-16-thread-4] - Cannot connnect VM-125<->VM-90
 WARN 07-15 17:55:30,501 ExecutorChannelManagerMap:95 [pool-16-thread-4] - Cannot connnect VM-125<->VM-128
 WARN 07-15 17:55:30,501 ExecutorChannelManagerMap:95 [pool-16-thread-4] - Cannot connnect VM-125<->VM-127
 WARN 07-15 17:55:30,501 ExecutorChannelManagerMap:95 [pool-16-thread-4] - Cannot connnect VM-125<->VM-140
 WARN 07-15 17:55:30,501 ExecutorChannelManagerMap:95 [pool-16-thread-4] - Cannot connnect VM-125<->VM-69
 WARN 07-15 17:55:30,501 ExecutorChannelManagerMap:95 [pool-16-thread-4] - Cannot connnect VM-125<->VM-68
 WARN 07-15 17:55:30,501 ExecutorChannelManagerMap:95 [pool-16-thread-4] - Cannot connnect VM-125<->VM-67
 WARN 07-15 17:55:30,501 ExecutorChannelManagerMap:95 [pool-16-thread-4] - Cannot connnect VM-125<->VM-144
 WARN 07-15 17:55:30,501 ExecutorChannelManagerMap:95 [pool-16-thread-4] - Cannot connnect VM-125<->VM-66
 WARN 07-15 17:55:30,501 ExecutorChannelManagerMap:95 [pool-16-thread-4] - Cannot connnect VM-125<->VM-143
 WARN 07-15 17:55:30,502 ExecutorChannelManagerMap:95 [pool-16-thread-4] - Cannot connnect VM-125<->VM-65
 WARN 07-15 17:55:30,502 ExecutorChannelManagerMap:95 [pool-16-thread-4] - Cannot connnect VM-125<->VM-142
 WARN 07-15 17:55:30,502 ExecutorChannelManagerMap:95 [pool-16-thread-4] - Cannot connnect VM-125<->VM-64
 WARN 07-15 17:55:30,502 ExecutorChannelManagerMap:95 [pool-16-thread-4] - Cannot connnect VM-125<->VM-141
 WARN 07-15 17:55:30,502 ExecutorChannelManagerMap:95 [pool-16-thread-4] - Cannot connnect VM-125<->VM-63
 WARN 07-15 17:55:30,502 ExecutorChannelManagerMap:95 [pool-16-thread-4] - Cannot connnect VM-125<->VM-148
 WARN 07-15 17:55:30,502 ExecutorChannelManagerMap:95 [pool-16-thread-4] - Cannot connnect VM-125<->VM-62
 WARN 07-15 17:55:30,502 ExecutorChannelManagerMap:95 [pool-16-thread-4] - Cannot connnect VM-125<->VM-147
 WARN 07-15 17:55:30,502 ExecutorChannelManagerMap:95 [pool-16-thread-4] - Cannot connnect VM-125<->VM-61
 WARN 07-15 17:55:30,502 ExecutorChannelManagerMap:95 [pool-16-thread-4] - Cannot connnect VM-125<->VM-146
 WARN 07-15 17:55:30,502 ExecutorChannelManagerMap:95 [pool-16-thread-4] - Cannot connnect VM-125<->VM-60
 WARN 07-15 17:55:30,502 ExecutorChannelManagerMap:95 [pool-16-thread-4] - Cannot connnect VM-125<->VM-145
 WARN 07-15 17:55:30,502 ExecutorChannelManagerMap:95 [pool-16-thread-4] - Cannot connnect VM-125<->VM-139
 WARN 07-15 17:55:30,502 ExecutorChannelManagerMap:95 [pool-16-thread-4] - Cannot connnect VM-125<->VM-138
 WARN 07-15 17:55:30,502 ExecutorChannelManagerMap:95 [pool-16-thread-4] - Cannot connnect VM-125<->VM-151
 WARN 07-15 17:55:30,502 ExecutorChannelManagerMap:95 [pool-16-thread-4] - Cannot connnect VM-125<->VM-150
 WARN 07-15 17:55:30,502 ExecutorChannelManagerMap:95 [pool-16-thread-4] - Cannot connnect VM-125<->VM-79
 WARN 07-15 17:55:30,502 ExecutorChannelManagerMap:95 [pool-16-thread-4] - Cannot connnect VM-125<->VM-78
 WARN 07-15 17:55:30,502 ExecutorChannelManagerMap:95 [pool-16-thread-4] - Cannot connnect VM-125<->VM-155
 WARN 07-15 17:55:30,502 ExecutorChannelManagerMap:95 [pool-16-thread-4] - Cannot connnect VM-125<->VM-77
 WARN 07-15 17:55:30,502 ExecutorChannelManagerMap:95 [pool-16-thread-4] - Cannot connnect VM-125<->VM-154
 WARN 07-15 17:55:30,502 ExecutorChannelManagerMap:95 [pool-16-thread-4] - Cannot connnect VM-125<->VM-76
 WARN 07-15 17:55:30,502 ExecutorChannelManagerMap:95 [pool-16-thread-4] - Cannot connnect VM-125<->VM-153
 WARN 07-15 17:55:30,502 ExecutorChannelManagerMap:95 [pool-16-thread-4] - Cannot connnect VM-125<->VM-75
 WARN 07-15 17:55:30,502 ExecutorChannelManagerMap:95 [pool-16-thread-4] - Cannot connnect VM-125<->VM-152
 WARN 07-15 17:55:30,502 ExecutorChannelManagerMap:95 [pool-16-thread-4] - Cannot connnect VM-125<->VM-74
 WARN 07-15 17:55:30,502 ExecutorChannelManagerMap:95 [pool-16-thread-4] - Cannot connnect VM-125<->VM-159
 WARN 07-15 17:55:30,502 ExecutorChannelManagerMap:95 [pool-16-thread-4] - Cannot connnect VM-125<->VM-73
 WARN 07-15 17:55:30,502 ExecutorChannelManagerMap:95 [pool-16-thread-4] - Cannot connnect VM-125<->VM-158
 WARN 07-15 17:55:30,502 ExecutorChannelManagerMap:95 [pool-16-thread-4] - Cannot connnect VM-125<->VM-72
 WARN 07-15 17:55:30,502 ExecutorChannelManagerMap:95 [pool-16-thread-4] - Cannot connnect VM-125<->VM-157
 WARN 07-15 17:55:30,502 ExecutorChannelManagerMap:95 [pool-16-thread-4] - Cannot connnect VM-125<->VM-71
 WARN 07-15 17:55:30,502 ExecutorChannelManagerMap:95 [pool-16-thread-4] - Cannot connnect VM-125<->VM-156
 WARN 07-15 17:55:30,502 ExecutorChannelManagerMap:95 [pool-16-thread-4] - Cannot connnect VM-125<->VM-70
 WARN 07-15 17:55:30,502 ExecutorChannelManagerMap:95 [pool-16-thread-4] - Cannot connnect VM-125<->VM-149
 WARN 07-15 17:55:30,502 ExecutorChannelManagerMap:95 [pool-16-thread-4] - Cannot connnect VM-125<->VM-49
 WARN 07-15 17:55:30,502 ExecutorChannelManagerMap:95 [pool-16-thread-4] - Cannot connnect VM-125<->VM-48
 WARN 07-15 17:55:30,502 ExecutorChannelManagerMap:95 [pool-16-thread-4] - Cannot connnect VM-125<->VM-47
 WARN 07-15 17:55:30,502 ExecutorChannelManagerMap:95 [pool-16-thread-4] - Cannot connnect VM-125<->VM-160
 WARN 07-15 17:55:30,502 ExecutorChannelManagerMap:95 [pool-16-thread-4] - Cannot connnect VM-125<->VM-46
 WARN 07-15 17:55:30,502 ExecutorChannelManagerMap:95 [pool-16-thread-4] - Cannot connnect VM-125<->VM-45
 WARN 07-15 17:55:30,502 ExecutorChannelManagerMap:95 [pool-16-thread-4] - Cannot connnect VM-125<->VM-6
 WARN 07-15 17:55:30,502 ExecutorChannelManagerMap:95 [pool-16-thread-4] - Cannot connnect VM-125<->VM-44
 WARN 07-15 17:55:30,502 ExecutorChannelManagerMap:95 [pool-16-thread-4] - Cannot connnect VM-125<->VM-43
 WARN 07-15 17:55:30,502 ExecutorChannelManagerMap:95 [pool-16-thread-4] - Cannot connnect VM-125<->VM-8
 WARN 07-15 17:55:30,502 ExecutorChannelManagerMap:95 [pool-16-thread-4] - Cannot connnect VM-125<->VM-42
 WARN 07-15 17:55:30,502 ExecutorChannelManagerMap:95 [pool-16-thread-4] - Cannot connnect VM-125<->VM-9
 WARN 07-15 17:55:30,502 ExecutorChannelManagerMap:95 [pool-16-thread-4] - Cannot connnect VM-125<->VM-41
 WARN 07-15 17:55:30,502 ExecutorChannelManagerMap:95 [pool-16-thread-4] - Cannot connnect VM-125<->VM-40
 WARN 07-15 17:55:30,502 ExecutorChannelManagerMap:95 [pool-16-thread-4] - Cannot connnect VM-125<->VM-59
 WARN 07-15 17:55:30,502 ExecutorChannelManagerMap:95 [pool-16-thread-4] - Cannot connnect VM-125<->VM-58
 WARN 07-15 17:55:30,502 ExecutorChannelManagerMap:95 [pool-16-thread-4] - Cannot connnect VM-125<->VM-57
 WARN 07-15 17:55:30,502 ExecutorChannelManagerMap:95 [pool-16-thread-4] - Cannot connnect VM-125<->VM-56
 WARN 07-15 17:55:30,502 ExecutorChannelManagerMap:95 [pool-16-thread-4] - Cannot connnect VM-125<->VM-55
 WARN 07-15 17:55:30,502 ExecutorChannelManagerMap:95 [pool-16-thread-4] - Cannot connnect VM-125<->VM-54
 WARN 07-15 17:55:30,502 ExecutorChannelManagerMap:95 [pool-16-thread-4] - Cannot connnect VM-125<->VM-53
 WARN 07-15 17:55:30,503 ExecutorChannelManagerMap:95 [pool-16-thread-4] - Cannot connnect VM-125<->VM-52
 WARN 07-15 17:55:30,503 ExecutorChannelManagerMap:95 [pool-16-thread-4] - Cannot connnect VM-125<->VM-51
 WARN 07-15 17:55:30,503 ExecutorChannelManagerMap:95 [pool-16-thread-4] - Cannot connnect VM-125<->VM-50
 WARN 07-15 17:55:30,503 ExecutorChannelManagerMap:95 [pool-16-thread-4] - Cannot connnect VM-125<->VM-1
 WARN 07-15 17:55:30,503 ExecutorChannelManagerMap:95 [pool-16-thread-4] - Cannot connnect VM-125<->VM-2
 WARN 07-15 17:55:30,503 ExecutorChannelManagerMap:95 [pool-16-thread-4] - Cannot connnect VM-125<->VM-3
 WARN 07-15 17:55:30,503 ExecutorChannelManagerMap:95 [pool-16-thread-4] - Cannot connnect VM-125<->VM-4
 WARN 07-15 17:55:30,503 ExecutorChannelManagerMap:95 [pool-16-thread-4] - Cannot connnect VM-125<->VM-5
 WARN 07-15 17:55:30,503 ExecutorChannelManagerMap:95 [pool-16-thread-4] - Cannot connnect VM-125<->VM-29
 WARN 07-15 17:55:30,503 ExecutorChannelManagerMap:95 [pool-16-thread-4] - Cannot connnect VM-125<->VM-28
 WARN 07-15 17:55:30,503 ExecutorChannelManagerMap:95 [pool-16-thread-4] - Cannot connnect VM-125<->VM-27
 WARN 07-15 17:55:30,503 ExecutorChannelManagerMap:95 [pool-16-thread-4] - Cannot connnect VM-125<->VM-26
 WARN 07-15 17:55:30,503 ExecutorChannelManagerMap:95 [pool-16-thread-4] - Cannot connnect VM-125<->VM-25
 WARN 07-15 17:55:30,503 ExecutorChannelManagerMap:95 [pool-16-thread-4] - Cannot connnect VM-125<->VM-24
 WARN 07-15 17:55:30,503 ExecutorChannelManagerMap:95 [pool-16-thread-4] - Cannot connnect VM-125<->VM-100
 WARN 07-15 17:55:30,503 ExecutorChannelManagerMap:95 [pool-16-thread-4] - Cannot connnect VM-125<->VM-23
 WARN 07-15 17:55:30,503 ExecutorChannelManagerMap:95 [pool-16-thread-4] - Cannot connnect VM-125<->VM-22
 WARN 07-15 17:55:30,503 ExecutorChannelManagerMap:106 [pool-16-thread-4] - Executor Executor4 already registered
 WARN 07-15 17:55:30,503 ExecutorChannelManagerMap:95 [pool-16-thread-4] - Cannot connnect VM-125<->VM-21
 WARN 07-15 17:55:30,503 ExecutorChannelManagerMap:106 [pool-16-thread-4] - Executor Executor3 already registered
 WARN 07-15 17:55:30,503 ExecutorChannelManagerMap:95 [pool-16-thread-4] - Cannot connnect VM-125<->VM-20
 WARN 07-15 17:55:30,503 ExecutorChannelManagerMap:95 [pool-16-thread-4] - Cannot connnect VM-125<->VM-101
 WARN 07-15 17:55:30,503 ExecutorChannelManagerMap:95 [pool-16-thread-4] - Cannot connnect VM-125<->VM-39
 WARN 07-15 17:55:30,503 ExecutorChannelManagerMap:95 [pool-16-thread-4] - Cannot connnect VM-125<->VM-38
 WARN 07-15 17:55:30,503 ExecutorChannelManagerMap:95 [pool-16-thread-4] - Cannot connnect VM-125<->VM-37
 WARN 07-15 17:55:30,503 ExecutorChannelManagerMap:95 [pool-16-thread-4] - Cannot connnect VM-125<->VM-36
 WARN 07-15 17:55:30,503 ExecutorChannelManagerMap:95 [pool-16-thread-4] - Cannot connnect VM-125<->VM-35
 WARN 07-15 17:55:30,503 ExecutorChannelManagerMap:95 [pool-16-thread-4] - Cannot connnect VM-125<->VM-34
 WARN 07-15 17:55:30,503 ExecutorChannelManagerMap:95 [pool-16-thread-4] - Cannot connnect VM-125<->VM-33
 WARN 07-15 17:55:30,503 ExecutorChannelManagerMap:95 [pool-16-thread-4] - Cannot connnect VM-125<->VM-32
 WARN 07-15 17:55:30,503 ExecutorChannelManagerMap:95 [pool-16-thread-4] - Cannot connnect VM-125<->VM-31
 WARN 07-15 17:55:30,503 ExecutorChannelManagerMap:95 [pool-16-thread-4] - Cannot connnect VM-125<->VM-30
 WARN 07-15 17:55:30,503 ExecutorChannelManagerMap:95 [pool-16-thread-4] - Cannot connnect VM-125<->VM-115
 WARN 07-15 17:55:30,503 ExecutorChannelManagerMap:106 [pool-16-thread-4] - Executor Executor2 already registered
 WARN 07-15 17:55:30,503 ExecutorChannelManagerMap:106 [pool-16-thread-4] - Executor Executor1 already registered
 WARN 07-15 17:55:30,503 ExecutorChannelManagerMap:106 [pool-16-thread-4] - Executor Executor0 already registered
 INFO 07-15 17:55:30,500 Executor$ExecutorMessageReceiver:1433 [pool-16-thread-2] - Executor registered message received VM-89,VM-122,VM-88,VM-121,VM-87,VM-120,VM-86,VM-85,VM-126,VM-84,VM-83,VM-124,VM-82,VM-123,VM-81,VM-119,VM-80,VM-118,VM-117,VM-19,VM-18,VM-17,VM-16,VM-15,VM-14,VM-13,VM-12,VM-133,VM-99,VM-11,VM-132,VM-98,VM-10,VM-131,VM-97,VM-130,VM-96,VM-137,VM-95,VM-136,VM-94,VM-135,VM-93,VM-134,VM-92,VM-91,VM-129,VM-90,VM-128,VM-127,VM-140,VM-69,VM-68,VM-67,VM-144,VM-66,VM-143,VM-65,VM-142,VM-64,VM-141,VM-63,VM-148,VM-62,VM-147,VM-61,VM-146,VM-60,VM-145,VM-139,VM-138,VM-151,VM-150,VM-79,VM-78,VM-155,VM-77,VM-154,VM-76,VM-153,VM-75,VM-152,VM-74,VM-159,VM-73,VM-158,VM-72,VM-157,VM-71,VM-156,VM-70,VM-149,VM-49,VM-48,VM-47,VM-160,VM-46,VM-45,VM-6,VM-44,VM-43,VM-8,VM-42,VM-9,VM-41,VM-40,VM-59,VM-58,VM-57,VM-56,VM-55,VM-54,VM-53,VM-52,VM-51,VM-50,VM-1,VM-2,VM-3,VM-4,VM-5,VM-29,VM-28,VM-27,VM-26,VM-25,VM-24,VM-100,VM-23,VM-22,Executor4,VM-21,Executor3,VM-20,VM-101,VM-39,VM-38,VM-37,VM-36,VM-35,VM-34,VM-33,VM-32,VM-31,VM-30,Executor2,Executor1,Executor0
 WARN 07-15 17:55:30,506 ExecutorChannelManagerMap:95 [pool-16-thread-2] - Cannot connnect VM-125<->VM-89
 WARN 07-15 17:55:30,506 ExecutorChannelManagerMap:95 [pool-16-thread-2] - Cannot connnect VM-125<->VM-122
 WARN 07-15 17:55:30,506 ExecutorChannelManagerMap:95 [pool-16-thread-2] - Cannot connnect VM-125<->VM-88
 WARN 07-15 17:55:30,506 ExecutorChannelManagerMap:95 [pool-16-thread-2] - Cannot connnect VM-125<->VM-121
 WARN 07-15 17:55:30,506 ExecutorChannelManagerMap:95 [pool-16-thread-2] - Cannot connnect VM-125<->VM-87
 WARN 07-15 17:55:30,506 ExecutorChannelManagerMap:95 [pool-16-thread-2] - Cannot connnect VM-125<->VM-120
 WARN 07-15 17:55:30,506 ExecutorChannelManagerMap:95 [pool-16-thread-2] - Cannot connnect VM-125<->VM-86
 WARN 07-15 17:55:30,506 ExecutorChannelManagerMap:95 [pool-16-thread-2] - Cannot connnect VM-125<->VM-85
 WARN 07-15 17:55:30,506 ExecutorChannelManagerMap:95 [pool-16-thread-2] - Cannot connnect VM-125<->VM-126
 WARN 07-15 17:55:30,506 ExecutorChannelManagerMap:95 [pool-16-thread-2] - Cannot connnect VM-125<->VM-84
 WARN 07-15 17:55:30,506 ExecutorChannelManagerMap:95 [pool-16-thread-2] - Cannot connnect VM-125<->VM-83
 WARN 07-15 17:55:30,506 ExecutorChannelManagerMap:95 [pool-16-thread-2] - Cannot connnect VM-125<->VM-124
 WARN 07-15 17:55:30,506 ExecutorChannelManagerMap:95 [pool-16-thread-2] - Cannot connnect VM-125<->VM-82
 WARN 07-15 17:55:30,506 ExecutorChannelManagerMap:95 [pool-16-thread-2] - Cannot connnect VM-125<->VM-123
 WARN 07-15 17:55:30,506 ExecutorChannelManagerMap:95 [pool-16-thread-2] - Cannot connnect VM-125<->VM-81
 WARN 07-15 17:55:30,506 ExecutorChannelManagerMap:95 [pool-16-thread-2] - Cannot connnect VM-125<->VM-119
 WARN 07-15 17:55:30,506 ExecutorChannelManagerMap:95 [pool-16-thread-2] - Cannot connnect VM-125<->VM-80
 WARN 07-15 17:55:30,506 ExecutorChannelManagerMap:95 [pool-16-thread-2] - Cannot connnect VM-125<->VM-118
 WARN 07-15 17:55:30,506 ExecutorChannelManagerMap:95 [pool-16-thread-2] - Cannot connnect VM-125<->VM-117
 WARN 07-15 17:55:30,506 ExecutorChannelManagerMap:95 [pool-16-thread-2] - Cannot connnect VM-125<->VM-19
 WARN 07-15 17:55:30,506 ExecutorChannelManagerMap:95 [pool-16-thread-2] - Cannot connnect VM-125<->VM-18
 WARN 07-15 17:55:30,506 ExecutorChannelManagerMap:95 [pool-16-thread-2] - Cannot connnect VM-125<->VM-17
 WARN 07-15 17:55:30,506 ExecutorChannelManagerMap:95 [pool-16-thread-2] - Cannot connnect VM-125<->VM-16
 WARN 07-15 17:55:30,506 ExecutorChannelManagerMap:95 [pool-16-thread-2] - Cannot connnect VM-125<->VM-15
 WARN 07-15 17:55:30,506 ExecutorChannelManagerMap:95 [pool-16-thread-2] - Cannot connnect VM-125<->VM-14
 WARN 07-15 17:55:30,506 ExecutorChannelManagerMap:95 [pool-16-thread-2] - Cannot connnect VM-125<->VM-13
 WARN 07-15 17:55:30,506 ExecutorChannelManagerMap:95 [pool-16-thread-2] - Cannot connnect VM-125<->VM-12
 WARN 07-15 17:55:30,506 ExecutorChannelManagerMap:95 [pool-16-thread-2] - Cannot connnect VM-125<->VM-133
 WARN 07-15 17:55:30,506 ExecutorChannelManagerMap:95 [pool-16-thread-2] - Cannot connnect VM-125<->VM-99
 WARN 07-15 17:55:30,506 ExecutorChannelManagerMap:95 [pool-16-thread-2] - Cannot connnect VM-125<->VM-11
 WARN 07-15 17:55:30,506 ExecutorChannelManagerMap:95 [pool-16-thread-2] - Cannot connnect VM-125<->VM-132
 WARN 07-15 17:55:30,506 ExecutorChannelManagerMap:95 [pool-16-thread-2] - Cannot connnect VM-125<->VM-98
 WARN 07-15 17:55:30,506 ExecutorChannelManagerMap:95 [pool-16-thread-2] - Cannot connnect VM-125<->VM-10
 WARN 07-15 17:55:30,507 ExecutorChannelManagerMap:95 [pool-16-thread-2] - Cannot connnect VM-125<->VM-131
 WARN 07-15 17:55:30,507 ExecutorChannelManagerMap:95 [pool-16-thread-2] - Cannot connnect VM-125<->VM-97
 WARN 07-15 17:55:30,507 ExecutorChannelManagerMap:95 [pool-16-thread-2] - Cannot connnect VM-125<->VM-130
 WARN 07-15 17:55:30,507 ExecutorChannelManagerMap:95 [pool-16-thread-2] - Cannot connnect VM-125<->VM-96
 WARN 07-15 17:55:30,507 ExecutorChannelManagerMap:95 [pool-16-thread-2] - Cannot connnect VM-125<->VM-137
 WARN 07-15 17:55:30,507 ExecutorChannelManagerMap:95 [pool-16-thread-2] - Cannot connnect VM-125<->VM-95
 WARN 07-15 17:55:30,507 ExecutorChannelManagerMap:95 [pool-16-thread-2] - Cannot connnect VM-125<->VM-136
 WARN 07-15 17:55:30,507 ExecutorChannelManagerMap:95 [pool-16-thread-2] - Cannot connnect VM-125<->VM-94
 WARN 07-15 17:55:30,507 ExecutorChannelManagerMap:95 [pool-16-thread-2] - Cannot connnect VM-125<->VM-135
 WARN 07-15 17:55:30,507 ExecutorChannelManagerMap:95 [pool-16-thread-2] - Cannot connnect VM-125<->VM-93
 WARN 07-15 17:55:30,507 ExecutorChannelManagerMap:95 [pool-16-thread-2] - Cannot connnect VM-125<->VM-134
 WARN 07-15 17:55:30,507 ExecutorChannelManagerMap:95 [pool-16-thread-2] - Cannot connnect VM-125<->VM-92
 WARN 07-15 17:55:30,507 ExecutorChannelManagerMap:95 [pool-16-thread-2] - Cannot connnect VM-125<->VM-91
 WARN 07-15 17:55:30,507 ExecutorChannelManagerMap:95 [pool-16-thread-2] - Cannot connnect VM-125<->VM-129
 WARN 07-15 17:55:30,507 ExecutorChannelManagerMap:95 [pool-16-thread-2] - Cannot connnect VM-125<->VM-90
 WARN 07-15 17:55:30,507 ExecutorChannelManagerMap:95 [pool-16-thread-2] - Cannot connnect VM-125<->VM-128
 WARN 07-15 17:55:30,507 ExecutorChannelManagerMap:95 [pool-16-thread-2] - Cannot connnect VM-125<->VM-127
 WARN 07-15 17:55:30,507 ExecutorChannelManagerMap:95 [pool-16-thread-2] - Cannot connnect VM-125<->VM-140
 WARN 07-15 17:55:30,507 ExecutorChannelManagerMap:95 [pool-16-thread-2] - Cannot connnect VM-125<->VM-69
 WARN 07-15 17:55:30,507 ExecutorChannelManagerMap:95 [pool-16-thread-2] - Cannot connnect VM-125<->VM-68
 WARN 07-15 17:55:30,507 ExecutorChannelManagerMap:95 [pool-16-thread-2] - Cannot connnect VM-125<->VM-67
 WARN 07-15 17:55:30,507 ExecutorChannelManagerMap:95 [pool-16-thread-2] - Cannot connnect VM-125<->VM-144
 WARN 07-15 17:55:30,507 ExecutorChannelManagerMap:95 [pool-16-thread-2] - Cannot connnect VM-125<->VM-66
 WARN 07-15 17:55:30,507 ExecutorChannelManagerMap:95 [pool-16-thread-2] - Cannot connnect VM-125<->VM-143
 WARN 07-15 17:55:30,507 ExecutorChannelManagerMap:95 [pool-16-thread-2] - Cannot connnect VM-125<->VM-65
 WARN 07-15 17:55:30,507 ExecutorChannelManagerMap:95 [pool-16-thread-2] - Cannot connnect VM-125<->VM-142
 WARN 07-15 17:55:30,507 ExecutorChannelManagerMap:95 [pool-16-thread-2] - Cannot connnect VM-125<->VM-64
 WARN 07-15 17:55:30,507 ExecutorChannelManagerMap:95 [pool-16-thread-2] - Cannot connnect VM-125<->VM-141
 WARN 07-15 17:55:30,507 ExecutorChannelManagerMap:95 [pool-16-thread-2] - Cannot connnect VM-125<->VM-63
 WARN 07-15 17:55:30,507 ExecutorChannelManagerMap:95 [pool-16-thread-2] - Cannot connnect VM-125<->VM-148
 WARN 07-15 17:55:30,507 ExecutorChannelManagerMap:95 [pool-16-thread-2] - Cannot connnect VM-125<->VM-62
 WARN 07-15 17:55:30,507 ExecutorChannelManagerMap:95 [pool-16-thread-2] - Cannot connnect VM-125<->VM-147
 WARN 07-15 17:55:30,507 ExecutorChannelManagerMap:95 [pool-16-thread-2] - Cannot connnect VM-125<->VM-61
 WARN 07-15 17:55:30,507 ExecutorChannelManagerMap:95 [pool-16-thread-2] - Cannot connnect VM-125<->VM-146
 WARN 07-15 17:55:30,507 ExecutorChannelManagerMap:95 [pool-16-thread-2] - Cannot connnect VM-125<->VM-60
 WARN 07-15 17:55:30,507 ExecutorChannelManagerMap:95 [pool-16-thread-2] - Cannot connnect VM-125<->VM-145
 WARN 07-15 17:55:30,507 ExecutorChannelManagerMap:95 [pool-16-thread-2] - Cannot connnect VM-125<->VM-139
 WARN 07-15 17:55:30,507 ExecutorChannelManagerMap:95 [pool-16-thread-2] - Cannot connnect VM-125<->VM-138
 WARN 07-15 17:55:30,507 ExecutorChannelManagerMap:95 [pool-16-thread-2] - Cannot connnect VM-125<->VM-151
 WARN 07-15 17:55:30,507 ExecutorChannelManagerMap:95 [pool-16-thread-2] - Cannot connnect VM-125<->VM-150
 WARN 07-15 17:55:30,507 ExecutorChannelManagerMap:95 [pool-16-thread-2] - Cannot connnect VM-125<->VM-79
 WARN 07-15 17:55:30,507 ExecutorChannelManagerMap:95 [pool-16-thread-2] - Cannot connnect VM-125<->VM-78
 WARN 07-15 17:55:30,507 ExecutorChannelManagerMap:95 [pool-16-thread-2] - Cannot connnect VM-125<->VM-155
 WARN 07-15 17:55:30,507 ExecutorChannelManagerMap:95 [pool-16-thread-2] - Cannot connnect VM-125<->VM-77
 WARN 07-15 17:55:30,507 ExecutorChannelManagerMap:95 [pool-16-thread-2] - Cannot connnect VM-125<->VM-154
 WARN 07-15 17:55:30,507 ExecutorChannelManagerMap:95 [pool-16-thread-2] - Cannot connnect VM-125<->VM-76
 WARN 07-15 17:55:30,507 ExecutorChannelManagerMap:95 [pool-16-thread-2] - Cannot connnect VM-125<->VM-153
 WARN 07-15 17:55:30,507 ExecutorChannelManagerMap:95 [pool-16-thread-2] - Cannot connnect VM-125<->VM-75
 WARN 07-15 17:55:30,507 ExecutorChannelManagerMap:95 [pool-16-thread-2] - Cannot connnect VM-125<->VM-152
 WARN 07-15 17:55:30,507 ExecutorChannelManagerMap:95 [pool-16-thread-2] - Cannot connnect VM-125<->VM-74
 WARN 07-15 17:55:30,507 ExecutorChannelManagerMap:95 [pool-16-thread-2] - Cannot connnect VM-125<->VM-159
 WARN 07-15 17:55:30,507 ExecutorChannelManagerMap:95 [pool-16-thread-2] - Cannot connnect VM-125<->VM-73
 WARN 07-15 17:55:30,507 ExecutorChannelManagerMap:95 [pool-16-thread-2] - Cannot connnect VM-125<->VM-158
 WARN 07-15 17:55:30,507 ExecutorChannelManagerMap:95 [pool-16-thread-2] - Cannot connnect VM-125<->VM-72
 WARN 07-15 17:55:30,507 ExecutorChannelManagerMap:95 [pool-16-thread-2] - Cannot connnect VM-125<->VM-157
 WARN 07-15 17:55:30,508 ExecutorChannelManagerMap:95 [pool-16-thread-2] - Cannot connnect VM-125<->VM-71
 WARN 07-15 17:55:30,508 ExecutorChannelManagerMap:95 [pool-16-thread-2] - Cannot connnect VM-125<->VM-156
 WARN 07-15 17:55:30,508 ExecutorChannelManagerMap:95 [pool-16-thread-2] - Cannot connnect VM-125<->VM-70
 WARN 07-15 17:55:30,508 ExecutorChannelManagerMap:95 [pool-16-thread-2] - Cannot connnect VM-125<->VM-149
 WARN 07-15 17:55:30,508 ExecutorChannelManagerMap:95 [pool-16-thread-2] - Cannot connnect VM-125<->VM-49
 WARN 07-15 17:55:30,508 ExecutorChannelManagerMap:95 [pool-16-thread-2] - Cannot connnect VM-125<->VM-48
 WARN 07-15 17:55:30,508 ExecutorChannelManagerMap:95 [pool-16-thread-2] - Cannot connnect VM-125<->VM-47
 WARN 07-15 17:55:30,508 ExecutorChannelManagerMap:95 [pool-16-thread-2] - Cannot connnect VM-125<->VM-160
 WARN 07-15 17:55:30,508 ExecutorChannelManagerMap:95 [pool-16-thread-2] - Cannot connnect VM-125<->VM-46
 WARN 07-15 17:55:30,508 ExecutorChannelManagerMap:95 [pool-16-thread-2] - Cannot connnect VM-125<->VM-45
 WARN 07-15 17:55:30,508 ExecutorChannelManagerMap:95 [pool-16-thread-2] - Cannot connnect VM-125<->VM-6
 WARN 07-15 17:55:30,508 ExecutorChannelManagerMap:95 [pool-16-thread-2] - Cannot connnect VM-125<->VM-44
 WARN 07-15 17:55:30,508 ExecutorChannelManagerMap:95 [pool-16-thread-2] - Cannot connnect VM-125<->VM-43
 WARN 07-15 17:55:30,508 ExecutorChannelManagerMap:95 [pool-16-thread-2] - Cannot connnect VM-125<->VM-8
 WARN 07-15 17:55:30,508 ExecutorChannelManagerMap:95 [pool-16-thread-2] - Cannot connnect VM-125<->VM-42
 WARN 07-15 17:55:30,508 ExecutorChannelManagerMap:95 [pool-16-thread-2] - Cannot connnect VM-125<->VM-9
 WARN 07-15 17:55:30,508 ExecutorChannelManagerMap:95 [pool-16-thread-2] - Cannot connnect VM-125<->VM-41
 WARN 07-15 17:55:30,508 ExecutorChannelManagerMap:95 [pool-16-thread-2] - Cannot connnect VM-125<->VM-40
 WARN 07-15 17:55:30,508 ExecutorChannelManagerMap:95 [pool-16-thread-2] - Cannot connnect VM-125<->VM-59
 WARN 07-15 17:55:30,508 ExecutorChannelManagerMap:95 [pool-16-thread-2] - Cannot connnect VM-125<->VM-58
 WARN 07-15 17:55:30,508 ExecutorChannelManagerMap:95 [pool-16-thread-2] - Cannot connnect VM-125<->VM-57
 WARN 07-15 17:55:30,508 ExecutorChannelManagerMap:95 [pool-16-thread-2] - Cannot connnect VM-125<->VM-56
 WARN 07-15 17:55:30,508 ExecutorChannelManagerMap:95 [pool-16-thread-2] - Cannot connnect VM-125<->VM-55
 WARN 07-15 17:55:30,508 ExecutorChannelManagerMap:95 [pool-16-thread-2] - Cannot connnect VM-125<->VM-54
 WARN 07-15 17:55:30,508 ExecutorChannelManagerMap:95 [pool-16-thread-2] - Cannot connnect VM-125<->VM-53
 WARN 07-15 17:55:30,508 ExecutorChannelManagerMap:95 [pool-16-thread-2] - Cannot connnect VM-125<->VM-52
 WARN 07-15 17:55:30,508 ExecutorChannelManagerMap:95 [pool-16-thread-2] - Cannot connnect VM-125<->VM-51
 WARN 07-15 17:55:30,508 ExecutorChannelManagerMap:95 [pool-16-thread-2] - Cannot connnect VM-125<->VM-50
 WARN 07-15 17:55:30,508 ExecutorChannelManagerMap:95 [pool-16-thread-2] - Cannot connnect VM-125<->VM-1
 WARN 07-15 17:55:30,508 ExecutorChannelManagerMap:95 [pool-16-thread-2] - Cannot connnect VM-125<->VM-2
 WARN 07-15 17:55:30,508 ExecutorChannelManagerMap:95 [pool-16-thread-2] - Cannot connnect VM-125<->VM-3
 WARN 07-15 17:55:30,508 ExecutorChannelManagerMap:95 [pool-16-thread-2] - Cannot connnect VM-125<->VM-4
 WARN 07-15 17:55:30,508 ExecutorChannelManagerMap:95 [pool-16-thread-2] - Cannot connnect VM-125<->VM-5
 WARN 07-15 17:55:30,508 ExecutorChannelManagerMap:95 [pool-16-thread-2] - Cannot connnect VM-125<->VM-29
 WARN 07-15 17:55:30,508 ExecutorChannelManagerMap:95 [pool-16-thread-2] - Cannot connnect VM-125<->VM-28
 WARN 07-15 17:55:30,508 ExecutorChannelManagerMap:95 [pool-16-thread-2] - Cannot connnect VM-125<->VM-27
 WARN 07-15 17:55:30,508 ExecutorChannelManagerMap:95 [pool-16-thread-2] - Cannot connnect VM-125<->VM-26
 WARN 07-15 17:55:30,508 ExecutorChannelManagerMap:95 [pool-16-thread-2] - Cannot connnect VM-125<->VM-25
 WARN 07-15 17:55:30,508 ExecutorChannelManagerMap:95 [pool-16-thread-2] - Cannot connnect VM-125<->VM-24
 WARN 07-15 17:55:30,508 ExecutorChannelManagerMap:95 [pool-16-thread-2] - Cannot connnect VM-125<->VM-100
 WARN 07-15 17:55:30,508 ExecutorChannelManagerMap:95 [pool-16-thread-2] - Cannot connnect VM-125<->VM-23
 WARN 07-15 17:55:30,508 ExecutorChannelManagerMap:95 [pool-16-thread-2] - Cannot connnect VM-125<->VM-22
 WARN 07-15 17:55:30,508 ExecutorChannelManagerMap:106 [pool-16-thread-2] - Executor Executor4 already registered
 WARN 07-15 17:55:30,508 ExecutorChannelManagerMap:95 [pool-16-thread-2] - Cannot connnect VM-125<->VM-21
 WARN 07-15 17:55:30,508 ExecutorChannelManagerMap:106 [pool-16-thread-2] - Executor Executor3 already registered
 WARN 07-15 17:55:30,508 ExecutorChannelManagerMap:95 [pool-16-thread-2] - Cannot connnect VM-125<->VM-20
 WARN 07-15 17:55:30,508 ExecutorChannelManagerMap:95 [pool-16-thread-2] - Cannot connnect VM-125<->VM-101
 WARN 07-15 17:55:30,508 ExecutorChannelManagerMap:95 [pool-16-thread-2] - Cannot connnect VM-125<->VM-39
 WARN 07-15 17:55:30,508 ExecutorChannelManagerMap:95 [pool-16-thread-2] - Cannot connnect VM-125<->VM-38
 WARN 07-15 17:55:30,508 ExecutorChannelManagerMap:95 [pool-16-thread-2] - Cannot connnect VM-125<->VM-37
 WARN 07-15 17:55:30,508 ExecutorChannelManagerMap:95 [pool-16-thread-2] - Cannot connnect VM-125<->VM-36
 WARN 07-15 17:55:30,508 ExecutorChannelManagerMap:95 [pool-16-thread-2] - Cannot connnect VM-125<->VM-35
 WARN 07-15 17:55:30,508 ExecutorChannelManagerMap:95 [pool-16-thread-2] - Cannot connnect VM-125<->VM-34
 WARN 07-15 17:55:30,508 ExecutorChannelManagerMap:95 [pool-16-thread-2] - Cannot connnect VM-125<->VM-33
 WARN 07-15 17:55:30,508 ExecutorChannelManagerMap:95 [pool-16-thread-2] - Cannot connnect VM-125<->VM-32
 WARN 07-15 17:55:30,509 ExecutorChannelManagerMap:95 [pool-16-thread-2] - Cannot connnect VM-125<->VM-31
 WARN 07-15 17:55:30,509 ExecutorChannelManagerMap:95 [pool-16-thread-2] - Cannot connnect VM-125<->VM-30
 WARN 07-15 17:55:30,509 ExecutorChannelManagerMap:106 [pool-16-thread-2] - Executor Executor2 already registered
 WARN 07-15 17:55:30,509 ExecutorChannelManagerMap:106 [pool-16-thread-2] - Executor Executor1 already registered
 WARN 07-15 17:55:30,509 ExecutorChannelManagerMap:106 [pool-16-thread-2] - Executor Executor0 already registered
 INFO 07-15 17:55:30,500 Executor$ExecutorMessageReceiver:1433 [pool-16-thread-6] - Executor registered message received VM-89,VM-122,VM-88,VM-121,VM-87,VM-120,VM-86,VM-85,VM-126,VM-84,VM-83,VM-124,VM-82,VM-123,VM-81,VM-119,VM-80,VM-118,VM-117,VM-116,VM-19,VM-18,VM-17,VM-16,VM-15,VM-14,VM-13,VM-12,VM-133,VM-99,VM-11,VM-132,VM-98,VM-10,VM-131,VM-97,VM-130,VM-96,VM-137,VM-95,VM-136,VM-94,VM-135,VM-93,VM-134,VM-92,VM-91,VM-129,VM-90,VM-128,VM-127,VM-140,VM-69,VM-68,VM-67,VM-144,VM-66,VM-143,VM-65,VM-142,VM-64,VM-141,VM-63,VM-148,VM-62,VM-147,VM-61,VM-146,VM-60,VM-145,VM-139,VM-138,VM-151,VM-150,VM-79,VM-78,VM-155,VM-77,VM-154,VM-76,VM-153,VM-75,VM-152,VM-74,VM-159,VM-73,VM-158,VM-72,VM-157,VM-71,VM-156,VM-70,VM-149,VM-49,VM-48,VM-47,VM-160,VM-46,VM-45,VM-6,VM-44,VM-43,VM-8,VM-42,VM-9,VM-41,VM-40,VM-59,VM-58,VM-57,VM-56,VM-55,VM-54,VM-53,VM-52,VM-51,VM-50,VM-1,VM-2,VM-3,VM-4,VM-5,VM-29,VM-28,VM-27,VM-26,VM-25,VM-24,VM-100,VM-23,VM-22,Executor4,VM-21,Executor3,VM-20,VM-101,VM-39,VM-38,VM-37,VM-36,VM-35,VM-34,VM-33,VM-32,VM-31,VM-30,VM-115,VM-114,Executor2,Executor1,Executor0
 WARN 07-15 17:55:30,511 ExecutorChannelManagerMap:95 [pool-16-thread-6] - Cannot connnect VM-125<->VM-89
 WARN 07-15 17:55:30,511 ExecutorChannelManagerMap:95 [pool-16-thread-6] - Cannot connnect VM-125<->VM-122
 WARN 07-15 17:55:30,511 ExecutorChannelManagerMap:95 [pool-16-thread-6] - Cannot connnect VM-125<->VM-88
 WARN 07-15 17:55:30,511 ExecutorChannelManagerMap:95 [pool-16-thread-6] - Cannot connnect VM-125<->VM-121
 WARN 07-15 17:55:30,511 ExecutorChannelManagerMap:95 [pool-16-thread-6] - Cannot connnect VM-125<->VM-87
 WARN 07-15 17:55:30,511 ExecutorChannelManagerMap:95 [pool-16-thread-6] - Cannot connnect VM-125<->VM-120
 WARN 07-15 17:55:30,511 ExecutorChannelManagerMap:95 [pool-16-thread-6] - Cannot connnect VM-125<->VM-86
 WARN 07-15 17:55:30,511 ExecutorChannelManagerMap:95 [pool-16-thread-6] - Cannot connnect VM-125<->VM-85
 WARN 07-15 17:55:30,511 ExecutorChannelManagerMap:95 [pool-16-thread-6] - Cannot connnect VM-125<->VM-126
 WARN 07-15 17:55:30,511 ExecutorChannelManagerMap:95 [pool-16-thread-6] - Cannot connnect VM-125<->VM-84
 WARN 07-15 17:55:30,511 ExecutorChannelManagerMap:95 [pool-16-thread-6] - Cannot connnect VM-125<->VM-83
 WARN 07-15 17:55:30,511 ExecutorChannelManagerMap:95 [pool-16-thread-6] - Cannot connnect VM-125<->VM-124
 WARN 07-15 17:55:30,511 ExecutorChannelManagerMap:95 [pool-16-thread-6] - Cannot connnect VM-125<->VM-82
 WARN 07-15 17:55:30,511 ExecutorChannelManagerMap:95 [pool-16-thread-6] - Cannot connnect VM-125<->VM-123
 WARN 07-15 17:55:30,511 ExecutorChannelManagerMap:95 [pool-16-thread-6] - Cannot connnect VM-125<->VM-81
 WARN 07-15 17:55:30,511 ExecutorChannelManagerMap:95 [pool-16-thread-6] - Cannot connnect VM-125<->VM-119
 WARN 07-15 17:55:30,511 ExecutorChannelManagerMap:95 [pool-16-thread-6] - Cannot connnect VM-125<->VM-80
 WARN 07-15 17:55:30,511 ExecutorChannelManagerMap:95 [pool-16-thread-6] - Cannot connnect VM-125<->VM-118
 WARN 07-15 17:55:30,511 ExecutorChannelManagerMap:95 [pool-16-thread-6] - Cannot connnect VM-125<->VM-117
 WARN 07-15 17:55:30,511 ExecutorChannelManagerMap:95 [pool-16-thread-6] - Cannot connnect VM-125<->VM-116
 WARN 07-15 17:55:30,511 ExecutorChannelManagerMap:95 [pool-16-thread-6] - Cannot connnect VM-125<->VM-19
 WARN 07-15 17:55:30,511 ExecutorChannelManagerMap:95 [pool-16-thread-6] - Cannot connnect VM-125<->VM-18
 WARN 07-15 17:55:30,511 ExecutorChannelManagerMap:95 [pool-16-thread-6] - Cannot connnect VM-125<->VM-17
 WARN 07-15 17:55:30,511 ExecutorChannelManagerMap:95 [pool-16-thread-6] - Cannot connnect VM-125<->VM-16
 WARN 07-15 17:55:30,511 ExecutorChannelManagerMap:95 [pool-16-thread-6] - Cannot connnect VM-125<->VM-15
 WARN 07-15 17:55:30,511 ExecutorChannelManagerMap:95 [pool-16-thread-6] - Cannot connnect VM-125<->VM-14
 WARN 07-15 17:55:30,511 ExecutorChannelManagerMap:95 [pool-16-thread-6] - Cannot connnect VM-125<->VM-13
 WARN 07-15 17:55:30,511 ExecutorChannelManagerMap:95 [pool-16-thread-6] - Cannot connnect VM-125<->VM-12
 WARN 07-15 17:55:30,511 ExecutorChannelManagerMap:95 [pool-16-thread-6] - Cannot connnect VM-125<->VM-133
 WARN 07-15 17:55:30,511 ExecutorChannelManagerMap:95 [pool-16-thread-6] - Cannot connnect VM-125<->VM-99
 WARN 07-15 17:55:30,511 ExecutorChannelManagerMap:95 [pool-16-thread-6] - Cannot connnect VM-125<->VM-11
 WARN 07-15 17:55:30,511 ExecutorChannelManagerMap:95 [pool-16-thread-6] - Cannot connnect VM-125<->VM-132
 WARN 07-15 17:55:30,511 ExecutorChannelManagerMap:95 [pool-16-thread-6] - Cannot connnect VM-125<->VM-98
 WARN 07-15 17:55:30,511 ExecutorChannelManagerMap:95 [pool-16-thread-6] - Cannot connnect VM-125<->VM-10
 WARN 07-15 17:55:30,511 ExecutorChannelManagerMap:95 [pool-16-thread-6] - Cannot connnect VM-125<->VM-131
 WARN 07-15 17:55:30,511 ExecutorChannelManagerMap:95 [pool-16-thread-6] - Cannot connnect VM-125<->VM-97
 WARN 07-15 17:55:30,511 ExecutorChannelManagerMap:95 [pool-16-thread-6] - Cannot connnect VM-125<->VM-130
 WARN 07-15 17:55:30,511 ExecutorChannelManagerMap:95 [pool-16-thread-6] - Cannot connnect VM-125<->VM-96
 WARN 07-15 17:55:30,511 ExecutorChannelManagerMap:95 [pool-16-thread-6] - Cannot connnect VM-125<->VM-137
 WARN 07-15 17:55:30,511 ExecutorChannelManagerMap:95 [pool-16-thread-6] - Cannot connnect VM-125<->VM-95
 WARN 07-15 17:55:30,511 ExecutorChannelManagerMap:95 [pool-16-thread-6] - Cannot connnect VM-125<->VM-136
 WARN 07-15 17:55:30,511 ExecutorChannelManagerMap:95 [pool-16-thread-6] - Cannot connnect VM-125<->VM-94
 WARN 07-15 17:55:30,511 ExecutorChannelManagerMap:95 [pool-16-thread-6] - Cannot connnect VM-125<->VM-135
 WARN 07-15 17:55:30,511 ExecutorChannelManagerMap:95 [pool-16-thread-6] - Cannot connnect VM-125<->VM-93
 WARN 07-15 17:55:30,511 ExecutorChannelManagerMap:95 [pool-16-thread-6] - Cannot connnect VM-125<->VM-134
 WARN 07-15 17:55:30,511 ExecutorChannelManagerMap:95 [pool-16-thread-6] - Cannot connnect VM-125<->VM-92
 WARN 07-15 17:55:30,511 ExecutorChannelManagerMap:95 [pool-16-thread-6] - Cannot connnect VM-125<->VM-91
 WARN 07-15 17:55:30,511 ExecutorChannelManagerMap:95 [pool-16-thread-6] - Cannot connnect VM-125<->VM-129
 WARN 07-15 17:55:30,511 ExecutorChannelManagerMap:95 [pool-16-thread-6] - Cannot connnect VM-125<->VM-90
 WARN 07-15 17:55:30,511 ExecutorChannelManagerMap:95 [pool-16-thread-6] - Cannot connnect VM-125<->VM-128
 WARN 07-15 17:55:30,511 ExecutorChannelManagerMap:95 [pool-16-thread-6] - Cannot connnect VM-125<->VM-127
 WARN 07-15 17:55:30,511 ExecutorChannelManagerMap:95 [pool-16-thread-6] - Cannot connnect VM-125<->VM-140
 WARN 07-15 17:55:30,511 ExecutorChannelManagerMap:95 [pool-16-thread-6] - Cannot connnect VM-125<->VM-69
 WARN 07-15 17:55:30,511 ExecutorChannelManagerMap:95 [pool-16-thread-6] - Cannot connnect VM-125<->VM-68
 WARN 07-15 17:55:30,512 ExecutorChannelManagerMap:95 [pool-16-thread-6] - Cannot connnect VM-125<->VM-67
 WARN 07-15 17:55:30,512 ExecutorChannelManagerMap:95 [pool-16-thread-6] - Cannot connnect VM-125<->VM-144
 WARN 07-15 17:55:30,512 ExecutorChannelManagerMap:95 [pool-16-thread-6] - Cannot connnect VM-125<->VM-66
 WARN 07-15 17:55:30,512 ExecutorChannelManagerMap:95 [pool-16-thread-6] - Cannot connnect VM-125<->VM-143
 WARN 07-15 17:55:30,512 ExecutorChannelManagerMap:95 [pool-16-thread-6] - Cannot connnect VM-125<->VM-65
 WARN 07-15 17:55:30,512 ExecutorChannelManagerMap:95 [pool-16-thread-6] - Cannot connnect VM-125<->VM-142
 WARN 07-15 17:55:30,512 ExecutorChannelManagerMap:95 [pool-16-thread-6] - Cannot connnect VM-125<->VM-64
 WARN 07-15 17:55:30,512 ExecutorChannelManagerMap:95 [pool-16-thread-6] - Cannot connnect VM-125<->VM-141
 WARN 07-15 17:55:30,512 ExecutorChannelManagerMap:95 [pool-16-thread-6] - Cannot connnect VM-125<->VM-63
 WARN 07-15 17:55:30,512 ExecutorChannelManagerMap:95 [pool-16-thread-6] - Cannot connnect VM-125<->VM-148
 WARN 07-15 17:55:30,512 ExecutorChannelManagerMap:95 [pool-16-thread-6] - Cannot connnect VM-125<->VM-62
 WARN 07-15 17:55:30,512 ExecutorChannelManagerMap:95 [pool-16-thread-6] - Cannot connnect VM-125<->VM-147
 WARN 07-15 17:55:30,512 ExecutorChannelManagerMap:95 [pool-16-thread-6] - Cannot connnect VM-125<->VM-61
 WARN 07-15 17:55:30,512 ExecutorChannelManagerMap:95 [pool-16-thread-6] - Cannot connnect VM-125<->VM-146
 WARN 07-15 17:55:30,512 ExecutorChannelManagerMap:95 [pool-16-thread-6] - Cannot connnect VM-125<->VM-60
 WARN 07-15 17:55:30,512 ExecutorChannelManagerMap:95 [pool-16-thread-6] - Cannot connnect VM-125<->VM-145
 WARN 07-15 17:55:30,512 ExecutorChannelManagerMap:95 [pool-16-thread-6] - Cannot connnect VM-125<->VM-139
 WARN 07-15 17:55:30,512 ExecutorChannelManagerMap:95 [pool-16-thread-6] - Cannot connnect VM-125<->VM-138
 WARN 07-15 17:55:30,512 ExecutorChannelManagerMap:95 [pool-16-thread-6] - Cannot connnect VM-125<->VM-151
 WARN 07-15 17:55:30,512 ExecutorChannelManagerMap:95 [pool-16-thread-6] - Cannot connnect VM-125<->VM-150
 WARN 07-15 17:55:30,512 ExecutorChannelManagerMap:95 [pool-16-thread-6] - Cannot connnect VM-125<->VM-79
 WARN 07-15 17:55:30,512 ExecutorChannelManagerMap:95 [pool-16-thread-6] - Cannot connnect VM-125<->VM-78
 WARN 07-15 17:55:30,512 ExecutorChannelManagerMap:95 [pool-16-thread-6] - Cannot connnect VM-125<->VM-155
 WARN 07-15 17:55:30,512 ExecutorChannelManagerMap:95 [pool-16-thread-6] - Cannot connnect VM-125<->VM-77
 WARN 07-15 17:55:30,512 ExecutorChannelManagerMap:95 [pool-16-thread-6] - Cannot connnect VM-125<->VM-154
 WARN 07-15 17:55:30,512 ExecutorChannelManagerMap:95 [pool-16-thread-6] - Cannot connnect VM-125<->VM-76
 WARN 07-15 17:55:30,512 ExecutorChannelManagerMap:95 [pool-16-thread-6] - Cannot connnect VM-125<->VM-153
 WARN 07-15 17:55:30,512 ExecutorChannelManagerMap:95 [pool-16-thread-6] - Cannot connnect VM-125<->VM-75
 WARN 07-15 17:55:30,512 ExecutorChannelManagerMap:95 [pool-16-thread-6] - Cannot connnect VM-125<->VM-152
 WARN 07-15 17:55:30,512 ExecutorChannelManagerMap:95 [pool-16-thread-6] - Cannot connnect VM-125<->VM-74
 WARN 07-15 17:55:30,512 ExecutorChannelManagerMap:95 [pool-16-thread-6] - Cannot connnect VM-125<->VM-159
 WARN 07-15 17:55:30,512 ExecutorChannelManagerMap:95 [pool-16-thread-6] - Cannot connnect VM-125<->VM-73
 WARN 07-15 17:55:30,512 ExecutorChannelManagerMap:95 [pool-16-thread-6] - Cannot connnect VM-125<->VM-158
 WARN 07-15 17:55:30,512 ExecutorChannelManagerMap:95 [pool-16-thread-6] - Cannot connnect VM-125<->VM-72
 WARN 07-15 17:55:30,512 ExecutorChannelManagerMap:95 [pool-16-thread-6] - Cannot connnect VM-125<->VM-157
 WARN 07-15 17:55:30,512 ExecutorChannelManagerMap:95 [pool-16-thread-6] - Cannot connnect VM-125<->VM-71
 WARN 07-15 17:55:30,512 ExecutorChannelManagerMap:95 [pool-16-thread-6] - Cannot connnect VM-125<->VM-156
 WARN 07-15 17:55:30,512 ExecutorChannelManagerMap:95 [pool-16-thread-6] - Cannot connnect VM-125<->VM-70
 WARN 07-15 17:55:30,512 ExecutorChannelManagerMap:95 [pool-16-thread-6] - Cannot connnect VM-125<->VM-149
 WARN 07-15 17:55:30,512 ExecutorChannelManagerMap:95 [pool-16-thread-6] - Cannot connnect VM-125<->VM-49
 WARN 07-15 17:55:30,512 ExecutorChannelManagerMap:95 [pool-16-thread-6] - Cannot connnect VM-125<->VM-48
 WARN 07-15 17:55:30,512 ExecutorChannelManagerMap:95 [pool-16-thread-6] - Cannot connnect VM-125<->VM-47
 WARN 07-15 17:55:30,512 ExecutorChannelManagerMap:95 [pool-16-thread-6] - Cannot connnect VM-125<->VM-160
 WARN 07-15 17:55:30,512 ExecutorChannelManagerMap:95 [pool-16-thread-6] - Cannot connnect VM-125<->VM-46
 WARN 07-15 17:55:30,512 ExecutorChannelManagerMap:95 [pool-16-thread-6] - Cannot connnect VM-125<->VM-45
 WARN 07-15 17:55:30,512 ExecutorChannelManagerMap:95 [pool-16-thread-6] - Cannot connnect VM-125<->VM-6
 WARN 07-15 17:55:30,512 ExecutorChannelManagerMap:95 [pool-16-thread-6] - Cannot connnect VM-125<->VM-44
 WARN 07-15 17:55:30,512 ExecutorChannelManagerMap:95 [pool-16-thread-6] - Cannot connnect VM-125<->VM-43
 WARN 07-15 17:55:30,512 ExecutorChannelManagerMap:95 [pool-16-thread-6] - Cannot connnect VM-125<->VM-8
 WARN 07-15 17:55:30,512 ExecutorChannelManagerMap:95 [pool-16-thread-6] - Cannot connnect VM-125<->VM-42
 WARN 07-15 17:55:30,512 ExecutorChannelManagerMap:95 [pool-16-thread-6] - Cannot connnect VM-125<->VM-9
 WARN 07-15 17:55:30,512 ExecutorChannelManagerMap:95 [pool-16-thread-6] - Cannot connnect VM-125<->VM-41
 WARN 07-15 17:55:30,512 ExecutorChannelManagerMap:95 [pool-16-thread-6] - Cannot connnect VM-125<->VM-40
 WARN 07-15 17:55:30,512 ExecutorChannelManagerMap:95 [pool-16-thread-6] - Cannot connnect VM-125<->VM-59
 WARN 07-15 17:55:30,512 ExecutorChannelManagerMap:95 [pool-16-thread-6] - Cannot connnect VM-125<->VM-58
 WARN 07-15 17:55:30,512 ExecutorChannelManagerMap:95 [pool-16-thread-6] - Cannot connnect VM-125<->VM-57
 WARN 07-15 17:55:30,512 ExecutorChannelManagerMap:95 [pool-16-thread-6] - Cannot connnect VM-125<->VM-56
 WARN 07-15 17:55:30,512 ExecutorChannelManagerMap:95 [pool-16-thread-6] - Cannot connnect VM-125<->VM-55
 WARN 07-15 17:55:30,512 ExecutorChannelManagerMap:95 [pool-16-thread-6] - Cannot connnect VM-125<->VM-54
 WARN 07-15 17:55:30,513 ExecutorChannelManagerMap:95 [pool-16-thread-6] - Cannot connnect VM-125<->VM-53
 WARN 07-15 17:55:30,513 ExecutorChannelManagerMap:95 [pool-16-thread-6] - Cannot connnect VM-125<->VM-52
 WARN 07-15 17:55:30,513 ExecutorChannelManagerMap:95 [pool-16-thread-6] - Cannot connnect VM-125<->VM-51
 WARN 07-15 17:55:30,513 ExecutorChannelManagerMap:95 [pool-16-thread-6] - Cannot connnect VM-125<->VM-50
 WARN 07-15 17:55:30,513 ExecutorChannelManagerMap:95 [pool-16-thread-6] - Cannot connnect VM-125<->VM-1
 WARN 07-15 17:55:30,513 ExecutorChannelManagerMap:95 [pool-16-thread-6] - Cannot connnect VM-125<->VM-2
 WARN 07-15 17:55:30,513 ExecutorChannelManagerMap:95 [pool-16-thread-6] - Cannot connnect VM-125<->VM-3
 WARN 07-15 17:55:30,513 ExecutorChannelManagerMap:95 [pool-16-thread-6] - Cannot connnect VM-125<->VM-4
 WARN 07-15 17:55:30,513 ExecutorChannelManagerMap:95 [pool-16-thread-6] - Cannot connnect VM-125<->VM-5
 WARN 07-15 17:55:30,513 ExecutorChannelManagerMap:95 [pool-16-thread-6] - Cannot connnect VM-125<->VM-29
 WARN 07-15 17:55:30,513 ExecutorChannelManagerMap:95 [pool-16-thread-6] - Cannot connnect VM-125<->VM-28
 WARN 07-15 17:55:30,513 ExecutorChannelManagerMap:95 [pool-16-thread-6] - Cannot connnect VM-125<->VM-27
 WARN 07-15 17:55:30,513 ExecutorChannelManagerMap:95 [pool-16-thread-6] - Cannot connnect VM-125<->VM-26
 WARN 07-15 17:55:30,513 ExecutorChannelManagerMap:95 [pool-16-thread-6] - Cannot connnect VM-125<->VM-25
 WARN 07-15 17:55:30,513 ExecutorChannelManagerMap:95 [pool-16-thread-6] - Cannot connnect VM-125<->VM-24
 WARN 07-15 17:55:30,513 ExecutorChannelManagerMap:95 [pool-16-thread-6] - Cannot connnect VM-125<->VM-100
 WARN 07-15 17:55:30,513 ExecutorChannelManagerMap:95 [pool-16-thread-6] - Cannot connnect VM-125<->VM-23
 WARN 07-15 17:55:30,513 ExecutorChannelManagerMap:95 [pool-16-thread-6] - Cannot connnect VM-125<->VM-22
 WARN 07-15 17:55:30,513 ExecutorChannelManagerMap:106 [pool-16-thread-6] - Executor Executor4 already registered
 WARN 07-15 17:55:30,513 ExecutorChannelManagerMap:95 [pool-16-thread-6] - Cannot connnect VM-125<->VM-21
 WARN 07-15 17:55:30,513 ExecutorChannelManagerMap:106 [pool-16-thread-6] - Executor Executor3 already registered
 WARN 07-15 17:55:30,513 ExecutorChannelManagerMap:95 [pool-16-thread-6] - Cannot connnect VM-125<->VM-20
 WARN 07-15 17:55:30,513 ExecutorChannelManagerMap:95 [pool-16-thread-6] - Cannot connnect VM-125<->VM-101
 WARN 07-15 17:55:30,513 ExecutorChannelManagerMap:95 [pool-16-thread-6] - Cannot connnect VM-125<->VM-39
 WARN 07-15 17:55:30,513 ExecutorChannelManagerMap:95 [pool-16-thread-6] - Cannot connnect VM-125<->VM-38
 WARN 07-15 17:55:30,513 ExecutorChannelManagerMap:95 [pool-16-thread-6] - Cannot connnect VM-125<->VM-37
 WARN 07-15 17:55:30,513 ExecutorChannelManagerMap:95 [pool-16-thread-6] - Cannot connnect VM-125<->VM-36
 WARN 07-15 17:55:30,513 ExecutorChannelManagerMap:95 [pool-16-thread-6] - Cannot connnect VM-125<->VM-35
 WARN 07-15 17:55:30,513 ExecutorChannelManagerMap:95 [pool-16-thread-6] - Cannot connnect VM-125<->VM-34
 WARN 07-15 17:55:30,513 ExecutorChannelManagerMap:95 [pool-16-thread-6] - Cannot connnect VM-125<->VM-33
 WARN 07-15 17:55:30,513 ExecutorChannelManagerMap:95 [pool-16-thread-6] - Cannot connnect VM-125<->VM-32
 WARN 07-15 17:55:30,513 ExecutorChannelManagerMap:95 [pool-16-thread-6] - Cannot connnect VM-125<->VM-31
 WARN 07-15 17:55:30,513 ExecutorChannelManagerMap:95 [pool-16-thread-6] - Cannot connnect VM-125<->VM-30
 WARN 07-15 17:55:30,513 ExecutorChannelManagerMap:95 [pool-16-thread-6] - Cannot connnect VM-125<->VM-115
 WARN 07-15 17:55:30,513 ExecutorChannelManagerMap:95 [pool-16-thread-6] - Cannot connnect VM-125<->VM-114
 WARN 07-15 17:55:30,513 ExecutorChannelManagerMap:106 [pool-16-thread-6] - Executor Executor2 already registered
 WARN 07-15 17:55:30,513 ExecutorChannelManagerMap:106 [pool-16-thread-6] - Executor Executor1 already registered
 WARN 07-15 17:55:30,513 ExecutorChannelManagerMap:106 [pool-16-thread-6] - Executor Executor0 already registered
 INFO 07-15 17:55:30,500 Executor$ExecutorMessageReceiver:1433 [pool-16-thread-7] - Executor registered message received VM-89,VM-122,VM-88,VM-121,VM-87,VM-120,VM-86,VM-85,VM-126,VM-84,VM-83,VM-124,VM-82,VM-123,VM-81,VM-119,VM-80,VM-19,VM-18,VM-17,VM-16,VM-15,VM-14,VM-13,VM-12,VM-133,VM-99,VM-11,VM-132,VM-98,VM-10,VM-131,VM-97,VM-130,VM-96,VM-137,VM-95,VM-136,VM-94,VM-135,VM-93,VM-134,VM-92,VM-91,VM-129,VM-90,VM-128,VM-127,VM-140,VM-69,VM-68,VM-67,VM-144,VM-66,VM-143,VM-65,VM-142,VM-64,VM-141,VM-63,VM-148,VM-62,VM-147,VM-61,VM-146,VM-60,VM-145,VM-139,VM-138,VM-151,VM-150,VM-79,VM-78,VM-155,VM-77,VM-154,VM-76,VM-153,VM-75,VM-152,VM-74,VM-159,VM-73,VM-158,VM-72,VM-157,VM-71,VM-156,VM-70,VM-149,VM-49,VM-48,VM-47,VM-160,VM-46,VM-45,VM-6,VM-44,VM-43,VM-8,VM-42,VM-9,VM-41,VM-40,VM-59,VM-58,VM-57,VM-56,VM-55,VM-54,VM-53,VM-52,VM-51,VM-50,VM-1,VM-2,VM-3,VM-4,VM-5,VM-29,VM-28,VM-27,VM-26,VM-25,VM-24,VM-100,VM-23,VM-22,Executor4,VM-21,Executor3,VM-20,VM-101,VM-39,VM-38,VM-37,VM-36,VM-35,VM-34,VM-33,VM-32,VM-31,VM-30,Executor2,Executor1,Executor0
 WARN 07-15 17:55:30,513 ExecutorChannelManagerMap:95 [pool-16-thread-7] - Cannot connnect VM-125<->VM-89
 WARN 07-15 17:55:30,513 ExecutorChannelManagerMap:95 [pool-16-thread-7] - Cannot connnect VM-125<->VM-122
 WARN 07-15 17:55:30,513 ExecutorChannelManagerMap:95 [pool-16-thread-7] - Cannot connnect VM-125<->VM-88
 WARN 07-15 17:55:30,513 ExecutorChannelManagerMap:95 [pool-16-thread-7] - Cannot connnect VM-125<->VM-121
 WARN 07-15 17:55:30,513 ExecutorChannelManagerMap:95 [pool-16-thread-7] - Cannot connnect VM-125<->VM-87
 WARN 07-15 17:55:30,513 ExecutorChannelManagerMap:95 [pool-16-thread-7] - Cannot connnect VM-125<->VM-120
 WARN 07-15 17:55:30,514 ExecutorChannelManagerMap:95 [pool-16-thread-7] - Cannot connnect VM-125<->VM-86
 WARN 07-15 17:55:30,514 ExecutorChannelManagerMap:95 [pool-16-thread-7] - Cannot connnect VM-125<->VM-85
 WARN 07-15 17:55:30,514 ExecutorChannelManagerMap:95 [pool-16-thread-7] - Cannot connnect VM-125<->VM-126
 WARN 07-15 17:55:30,514 ExecutorChannelManagerMap:95 [pool-16-thread-7] - Cannot connnect VM-125<->VM-84
 WARN 07-15 17:55:30,514 ExecutorChannelManagerMap:95 [pool-16-thread-7] - Cannot connnect VM-125<->VM-83
 WARN 07-15 17:55:30,514 ExecutorChannelManagerMap:95 [pool-16-thread-7] - Cannot connnect VM-125<->VM-124
 WARN 07-15 17:55:30,514 ExecutorChannelManagerMap:95 [pool-16-thread-7] - Cannot connnect VM-125<->VM-82
 WARN 07-15 17:55:30,514 ExecutorChannelManagerMap:95 [pool-16-thread-7] - Cannot connnect VM-125<->VM-123
 WARN 07-15 17:55:30,514 ExecutorChannelManagerMap:95 [pool-16-thread-7] - Cannot connnect VM-125<->VM-81
 WARN 07-15 17:55:30,514 ExecutorChannelManagerMap:95 [pool-16-thread-7] - Cannot connnect VM-125<->VM-119
 WARN 07-15 17:55:30,514 ExecutorChannelManagerMap:95 [pool-16-thread-7] - Cannot connnect VM-125<->VM-80
 WARN 07-15 17:55:30,514 ExecutorChannelManagerMap:95 [pool-16-thread-7] - Cannot connnect VM-125<->VM-19
 WARN 07-15 17:55:30,514 ExecutorChannelManagerMap:95 [pool-16-thread-7] - Cannot connnect VM-125<->VM-18
 WARN 07-15 17:55:30,514 ExecutorChannelManagerMap:95 [pool-16-thread-7] - Cannot connnect VM-125<->VM-17
 WARN 07-15 17:55:30,514 ExecutorChannelManagerMap:95 [pool-16-thread-7] - Cannot connnect VM-125<->VM-16
 WARN 07-15 17:55:30,514 ExecutorChannelManagerMap:95 [pool-16-thread-7] - Cannot connnect VM-125<->VM-15
 WARN 07-15 17:55:30,514 ExecutorChannelManagerMap:95 [pool-16-thread-7] - Cannot connnect VM-125<->VM-14
 WARN 07-15 17:55:30,514 ExecutorChannelManagerMap:95 [pool-16-thread-7] - Cannot connnect VM-125<->VM-13
 WARN 07-15 17:55:30,514 ExecutorChannelManagerMap:95 [pool-16-thread-7] - Cannot connnect VM-125<->VM-12
 WARN 07-15 17:55:30,514 ExecutorChannelManagerMap:95 [pool-16-thread-7] - Cannot connnect VM-125<->VM-133
 WARN 07-15 17:55:30,514 ExecutorChannelManagerMap:95 [pool-16-thread-7] - Cannot connnect VM-125<->VM-99
 WARN 07-15 17:55:30,514 ExecutorChannelManagerMap:95 [pool-16-thread-7] - Cannot connnect VM-125<->VM-11
 WARN 07-15 17:55:30,514 ExecutorChannelManagerMap:95 [pool-16-thread-7] - Cannot connnect VM-125<->VM-132
 WARN 07-15 17:55:30,514 ExecutorChannelManagerMap:95 [pool-16-thread-7] - Cannot connnect VM-125<->VM-98
 WARN 07-15 17:55:30,514 ExecutorChannelManagerMap:95 [pool-16-thread-7] - Cannot connnect VM-125<->VM-10
 WARN 07-15 17:55:30,514 ExecutorChannelManagerMap:95 [pool-16-thread-7] - Cannot connnect VM-125<->VM-131
 WARN 07-15 17:55:30,514 ExecutorChannelManagerMap:95 [pool-16-thread-7] - Cannot connnect VM-125<->VM-97
 WARN 07-15 17:55:30,514 ExecutorChannelManagerMap:95 [pool-16-thread-7] - Cannot connnect VM-125<->VM-130
 WARN 07-15 17:55:30,514 ExecutorChannelManagerMap:95 [pool-16-thread-7] - Cannot connnect VM-125<->VM-96
 WARN 07-15 17:55:30,514 ExecutorChannelManagerMap:95 [pool-16-thread-7] - Cannot connnect VM-125<->VM-137
 WARN 07-15 17:55:30,514 ExecutorChannelManagerMap:95 [pool-16-thread-7] - Cannot connnect VM-125<->VM-95
 WARN 07-15 17:55:30,514 ExecutorChannelManagerMap:95 [pool-16-thread-7] - Cannot connnect VM-125<->VM-136
 WARN 07-15 17:55:30,514 ExecutorChannelManagerMap:95 [pool-16-thread-7] - Cannot connnect VM-125<->VM-94
 WARN 07-15 17:55:30,514 ExecutorChannelManagerMap:95 [pool-16-thread-7] - Cannot connnect VM-125<->VM-135
 WARN 07-15 17:55:30,514 ExecutorChannelManagerMap:95 [pool-16-thread-7] - Cannot connnect VM-125<->VM-93
 WARN 07-15 17:55:30,514 ExecutorChannelManagerMap:95 [pool-16-thread-7] - Cannot connnect VM-125<->VM-134
 WARN 07-15 17:55:30,514 ExecutorChannelManagerMap:95 [pool-16-thread-7] - Cannot connnect VM-125<->VM-92
 WARN 07-15 17:55:30,514 ExecutorChannelManagerMap:95 [pool-16-thread-7] - Cannot connnect VM-125<->VM-91
 WARN 07-15 17:55:30,514 ExecutorChannelManagerMap:95 [pool-16-thread-7] - Cannot connnect VM-125<->VM-129
 WARN 07-15 17:55:30,514 ExecutorChannelManagerMap:95 [pool-16-thread-7] - Cannot connnect VM-125<->VM-90
 WARN 07-15 17:55:30,514 ExecutorChannelManagerMap:95 [pool-16-thread-7] - Cannot connnect VM-125<->VM-128
 WARN 07-15 17:55:30,514 ExecutorChannelManagerMap:95 [pool-16-thread-7] - Cannot connnect VM-125<->VM-127
 WARN 07-15 17:55:30,514 ExecutorChannelManagerMap:95 [pool-16-thread-7] - Cannot connnect VM-125<->VM-140
 WARN 07-15 17:55:30,514 ExecutorChannelManagerMap:95 [pool-16-thread-7] - Cannot connnect VM-125<->VM-69
 WARN 07-15 17:55:30,514 ExecutorChannelManagerMap:95 [pool-16-thread-7] - Cannot connnect VM-125<->VM-68
 WARN 07-15 17:55:30,514 ExecutorChannelManagerMap:95 [pool-16-thread-7] - Cannot connnect VM-125<->VM-67
 WARN 07-15 17:55:30,514 ExecutorChannelManagerMap:95 [pool-16-thread-7] - Cannot connnect VM-125<->VM-144
 WARN 07-15 17:55:30,514 ExecutorChannelManagerMap:95 [pool-16-thread-7] - Cannot connnect VM-125<->VM-66
 WARN 07-15 17:55:30,514 ExecutorChannelManagerMap:95 [pool-16-thread-7] - Cannot connnect VM-125<->VM-143
 WARN 07-15 17:55:30,514 ExecutorChannelManagerMap:95 [pool-16-thread-7] - Cannot connnect VM-125<->VM-65
 WARN 07-15 17:55:30,514 ExecutorChannelManagerMap:95 [pool-16-thread-7] - Cannot connnect VM-125<->VM-142
 WARN 07-15 17:55:30,514 ExecutorChannelManagerMap:95 [pool-16-thread-7] - Cannot connnect VM-125<->VM-64
 WARN 07-15 17:55:30,514 ExecutorChannelManagerMap:95 [pool-16-thread-7] - Cannot connnect VM-125<->VM-141
 WARN 07-15 17:55:30,514 ExecutorChannelManagerMap:95 [pool-16-thread-7] - Cannot connnect VM-125<->VM-63
 WARN 07-15 17:55:30,514 ExecutorChannelManagerMap:95 [pool-16-thread-7] - Cannot connnect VM-125<->VM-148
 WARN 07-15 17:55:30,514 ExecutorChannelManagerMap:95 [pool-16-thread-7] - Cannot connnect VM-125<->VM-62
 WARN 07-15 17:55:30,514 ExecutorChannelManagerMap:95 [pool-16-thread-7] - Cannot connnect VM-125<->VM-147
 WARN 07-15 17:55:30,515 ExecutorChannelManagerMap:95 [pool-16-thread-7] - Cannot connnect VM-125<->VM-61
 WARN 07-15 17:55:30,515 ExecutorChannelManagerMap:95 [pool-16-thread-7] - Cannot connnect VM-125<->VM-146
 WARN 07-15 17:55:30,515 ExecutorChannelManagerMap:95 [pool-16-thread-7] - Cannot connnect VM-125<->VM-60
 WARN 07-15 17:55:30,515 ExecutorChannelManagerMap:95 [pool-16-thread-7] - Cannot connnect VM-125<->VM-145
 WARN 07-15 17:55:30,515 ExecutorChannelManagerMap:95 [pool-16-thread-7] - Cannot connnect VM-125<->VM-139
 WARN 07-15 17:55:30,515 ExecutorChannelManagerMap:95 [pool-16-thread-7] - Cannot connnect VM-125<->VM-138
 WARN 07-15 17:55:30,515 ExecutorChannelManagerMap:95 [pool-16-thread-7] - Cannot connnect VM-125<->VM-151
 WARN 07-15 17:55:30,515 ExecutorChannelManagerMap:95 [pool-16-thread-7] - Cannot connnect VM-125<->VM-150
 WARN 07-15 17:55:30,515 ExecutorChannelManagerMap:95 [pool-16-thread-7] - Cannot connnect VM-125<->VM-79
 WARN 07-15 17:55:30,515 ExecutorChannelManagerMap:95 [pool-16-thread-7] - Cannot connnect VM-125<->VM-78
 WARN 07-15 17:55:30,515 ExecutorChannelManagerMap:95 [pool-16-thread-7] - Cannot connnect VM-125<->VM-155
 WARN 07-15 17:55:30,515 ExecutorChannelManagerMap:95 [pool-16-thread-7] - Cannot connnect VM-125<->VM-77
 WARN 07-15 17:55:30,515 ExecutorChannelManagerMap:95 [pool-16-thread-7] - Cannot connnect VM-125<->VM-154
 WARN 07-15 17:55:30,515 ExecutorChannelManagerMap:95 [pool-16-thread-7] - Cannot connnect VM-125<->VM-76
 WARN 07-15 17:55:30,515 ExecutorChannelManagerMap:95 [pool-16-thread-7] - Cannot connnect VM-125<->VM-153
 WARN 07-15 17:55:30,515 ExecutorChannelManagerMap:95 [pool-16-thread-7] - Cannot connnect VM-125<->VM-75
 WARN 07-15 17:55:30,515 ExecutorChannelManagerMap:95 [pool-16-thread-7] - Cannot connnect VM-125<->VM-152
 WARN 07-15 17:55:30,515 ExecutorChannelManagerMap:95 [pool-16-thread-7] - Cannot connnect VM-125<->VM-74
 WARN 07-15 17:55:30,515 ExecutorChannelManagerMap:95 [pool-16-thread-7] - Cannot connnect VM-125<->VM-159
 WARN 07-15 17:55:30,515 ExecutorChannelManagerMap:95 [pool-16-thread-7] - Cannot connnect VM-125<->VM-73
 WARN 07-15 17:55:30,515 ExecutorChannelManagerMap:95 [pool-16-thread-7] - Cannot connnect VM-125<->VM-158
 WARN 07-15 17:55:30,515 ExecutorChannelManagerMap:95 [pool-16-thread-7] - Cannot connnect VM-125<->VM-72
 WARN 07-15 17:55:30,515 ExecutorChannelManagerMap:95 [pool-16-thread-7] - Cannot connnect VM-125<->VM-157
 WARN 07-15 17:55:30,515 ExecutorChannelManagerMap:95 [pool-16-thread-7] - Cannot connnect VM-125<->VM-71
 WARN 07-15 17:55:30,515 ExecutorChannelManagerMap:95 [pool-16-thread-7] - Cannot connnect VM-125<->VM-156
 WARN 07-15 17:55:30,515 ExecutorChannelManagerMap:95 [pool-16-thread-7] - Cannot connnect VM-125<->VM-70
 WARN 07-15 17:55:30,515 ExecutorChannelManagerMap:95 [pool-16-thread-7] - Cannot connnect VM-125<->VM-149
 WARN 07-15 17:55:30,515 ExecutorChannelManagerMap:95 [pool-16-thread-7] - Cannot connnect VM-125<->VM-49
 WARN 07-15 17:55:30,515 ExecutorChannelManagerMap:95 [pool-16-thread-7] - Cannot connnect VM-125<->VM-48
 WARN 07-15 17:55:30,515 ExecutorChannelManagerMap:95 [pool-16-thread-7] - Cannot connnect VM-125<->VM-47
 WARN 07-15 17:55:30,515 ExecutorChannelManagerMap:95 [pool-16-thread-7] - Cannot connnect VM-125<->VM-160
 WARN 07-15 17:55:30,515 ExecutorChannelManagerMap:95 [pool-16-thread-7] - Cannot connnect VM-125<->VM-46
 WARN 07-15 17:55:30,515 ExecutorChannelManagerMap:95 [pool-16-thread-7] - Cannot connnect VM-125<->VM-45
 WARN 07-15 17:55:30,515 ExecutorChannelManagerMap:95 [pool-16-thread-7] - Cannot connnect VM-125<->VM-6
 WARN 07-15 17:55:30,515 ExecutorChannelManagerMap:95 [pool-16-thread-7] - Cannot connnect VM-125<->VM-44
 WARN 07-15 17:55:30,515 ExecutorChannelManagerMap:95 [pool-16-thread-7] - Cannot connnect VM-125<->VM-43
 WARN 07-15 17:55:30,515 ExecutorChannelManagerMap:95 [pool-16-thread-7] - Cannot connnect VM-125<->VM-8
 WARN 07-15 17:55:30,515 ExecutorChannelManagerMap:95 [pool-16-thread-7] - Cannot connnect VM-125<->VM-42
 WARN 07-15 17:55:30,515 ExecutorChannelManagerMap:95 [pool-16-thread-7] - Cannot connnect VM-125<->VM-9
 WARN 07-15 17:55:30,515 ExecutorChannelManagerMap:95 [pool-16-thread-7] - Cannot connnect VM-125<->VM-41
 WARN 07-15 17:55:30,515 ExecutorChannelManagerMap:95 [pool-16-thread-7] - Cannot connnect VM-125<->VM-40
 WARN 07-15 17:55:30,515 ExecutorChannelManagerMap:95 [pool-16-thread-7] - Cannot connnect VM-125<->VM-59
 WARN 07-15 17:55:30,515 ExecutorChannelManagerMap:95 [pool-16-thread-7] - Cannot connnect VM-125<->VM-58
 WARN 07-15 17:55:30,515 ExecutorChannelManagerMap:95 [pool-16-thread-7] - Cannot connnect VM-125<->VM-57
 WARN 07-15 17:55:30,515 ExecutorChannelManagerMap:95 [pool-16-thread-7] - Cannot connnect VM-125<->VM-56
 WARN 07-15 17:55:30,515 ExecutorChannelManagerMap:95 [pool-16-thread-7] - Cannot connnect VM-125<->VM-55
 WARN 07-15 17:55:30,515 ExecutorChannelManagerMap:95 [pool-16-thread-7] - Cannot connnect VM-125<->VM-54
 WARN 07-15 17:55:30,515 ExecutorChannelManagerMap:95 [pool-16-thread-7] - Cannot connnect VM-125<->VM-53
 WARN 07-15 17:55:30,515 ExecutorChannelManagerMap:95 [pool-16-thread-7] - Cannot connnect VM-125<->VM-52
 WARN 07-15 17:55:30,515 ExecutorChannelManagerMap:95 [pool-16-thread-7] - Cannot connnect VM-125<->VM-51
 WARN 07-15 17:55:30,515 ExecutorChannelManagerMap:95 [pool-16-thread-7] - Cannot connnect VM-125<->VM-50
 WARN 07-15 17:55:30,515 ExecutorChannelManagerMap:95 [pool-16-thread-7] - Cannot connnect VM-125<->VM-1
 WARN 07-15 17:55:30,515 ExecutorChannelManagerMap:95 [pool-16-thread-7] - Cannot connnect VM-125<->VM-2
 WARN 07-15 17:55:30,516 ExecutorChannelManagerMap:95 [pool-16-thread-7] - Cannot connnect VM-125<->VM-3
 WARN 07-15 17:55:30,516 ExecutorChannelManagerMap:95 [pool-16-thread-7] - Cannot connnect VM-125<->VM-4
 WARN 07-15 17:55:30,516 ExecutorChannelManagerMap:95 [pool-16-thread-7] - Cannot connnect VM-125<->VM-5
 WARN 07-15 17:55:30,516 ExecutorChannelManagerMap:95 [pool-16-thread-7] - Cannot connnect VM-125<->VM-29
 WARN 07-15 17:55:30,516 ExecutorChannelManagerMap:95 [pool-16-thread-7] - Cannot connnect VM-125<->VM-28
 WARN 07-15 17:55:30,516 ExecutorChannelManagerMap:95 [pool-16-thread-7] - Cannot connnect VM-125<->VM-27
 WARN 07-15 17:55:30,516 ExecutorChannelManagerMap:95 [pool-16-thread-7] - Cannot connnect VM-125<->VM-26
 WARN 07-15 17:55:30,516 ExecutorChannelManagerMap:95 [pool-16-thread-7] - Cannot connnect VM-125<->VM-25
 WARN 07-15 17:55:30,516 ExecutorChannelManagerMap:95 [pool-16-thread-7] - Cannot connnect VM-125<->VM-24
 WARN 07-15 17:55:30,516 ExecutorChannelManagerMap:95 [pool-16-thread-7] - Cannot connnect VM-125<->VM-100
 WARN 07-15 17:55:30,516 ExecutorChannelManagerMap:95 [pool-16-thread-7] - Cannot connnect VM-125<->VM-23
 WARN 07-15 17:55:30,516 ExecutorChannelManagerMap:95 [pool-16-thread-7] - Cannot connnect VM-125<->VM-22
 WARN 07-15 17:55:30,516 ExecutorChannelManagerMap:106 [pool-16-thread-7] - Executor Executor4 already registered
 WARN 07-15 17:55:30,516 ExecutorChannelManagerMap:95 [pool-16-thread-7] - Cannot connnect VM-125<->VM-21
 WARN 07-15 17:55:30,516 ExecutorChannelManagerMap:106 [pool-16-thread-7] - Executor Executor3 already registered
 WARN 07-15 17:55:30,516 ExecutorChannelManagerMap:95 [pool-16-thread-7] - Cannot connnect VM-125<->VM-20
 WARN 07-15 17:55:30,516 ExecutorChannelManagerMap:95 [pool-16-thread-7] - Cannot connnect VM-125<->VM-101
 WARN 07-15 17:55:30,516 ExecutorChannelManagerMap:95 [pool-16-thread-7] - Cannot connnect VM-125<->VM-39
 WARN 07-15 17:55:30,516 ExecutorChannelManagerMap:95 [pool-16-thread-7] - Cannot connnect VM-125<->VM-38
 WARN 07-15 17:55:30,516 ExecutorChannelManagerMap:95 [pool-16-thread-7] - Cannot connnect VM-125<->VM-37
 WARN 07-15 17:55:30,516 ExecutorChannelManagerMap:95 [pool-16-thread-7] - Cannot connnect VM-125<->VM-36
 WARN 07-15 17:55:30,516 ExecutorChannelManagerMap:95 [pool-16-thread-7] - Cannot connnect VM-125<->VM-35
 WARN 07-15 17:55:30,516 ExecutorChannelManagerMap:95 [pool-16-thread-7] - Cannot connnect VM-125<->VM-34
 WARN 07-15 17:55:30,516 ExecutorChannelManagerMap:95 [pool-16-thread-7] - Cannot connnect VM-125<->VM-33
 WARN 07-15 17:55:30,516 ExecutorChannelManagerMap:95 [pool-16-thread-7] - Cannot connnect VM-125<->VM-32
 WARN 07-15 17:55:30,516 ExecutorChannelManagerMap:95 [pool-16-thread-7] - Cannot connnect VM-125<->VM-31
 WARN 07-15 17:55:30,516 ExecutorChannelManagerMap:95 [pool-16-thread-7] - Cannot connnect VM-125<->VM-30
 WARN 07-15 17:55:30,516 ExecutorChannelManagerMap:106 [pool-16-thread-7] - Executor Executor2 already registered
 WARN 07-15 17:55:30,516 ExecutorChannelManagerMap:106 [pool-16-thread-7] - Executor Executor1 already registered
 WARN 07-15 17:55:30,516 ExecutorChannelManagerMap:106 [pool-16-thread-7] - Executor Executor0 already registered
 WARN 07-15 17:55:30,516 ExecutorChannelManagerMap:95 [pool-16-thread-8] - Cannot connnect VM-125<->VM-89
 WARN 07-15 17:55:30,516 ExecutorChannelManagerMap:95 [pool-16-thread-8] - Cannot connnect VM-125<->VM-122
 WARN 07-15 17:55:30,516 ExecutorChannelManagerMap:95 [pool-16-thread-8] - Cannot connnect VM-125<->VM-88
 WARN 07-15 17:55:30,516 ExecutorChannelManagerMap:95 [pool-16-thread-8] - Cannot connnect VM-125<->VM-121
 WARN 07-15 17:55:30,516 ExecutorChannelManagerMap:95 [pool-16-thread-8] - Cannot connnect VM-125<->VM-87
 WARN 07-15 17:55:30,516 ExecutorChannelManagerMap:95 [pool-16-thread-8] - Cannot connnect VM-125<->VM-120
 WARN 07-15 17:55:30,516 ExecutorChannelManagerMap:95 [pool-16-thread-8] - Cannot connnect VM-125<->VM-86
 WARN 07-15 17:55:30,516 ExecutorChannelManagerMap:95 [pool-16-thread-8] - Cannot connnect VM-125<->VM-85
 WARN 07-15 17:55:30,516 ExecutorChannelManagerMap:95 [pool-16-thread-8] - Cannot connnect VM-125<->VM-126
 WARN 07-15 17:55:30,516 ExecutorChannelManagerMap:95 [pool-16-thread-8] - Cannot connnect VM-125<->VM-84
 WARN 07-15 17:55:30,516 ExecutorChannelManagerMap:95 [pool-16-thread-8] - Cannot connnect VM-125<->VM-83
 WARN 07-15 17:55:30,516 ExecutorChannelManagerMap:95 [pool-16-thread-8] - Cannot connnect VM-125<->VM-124
 WARN 07-15 17:55:30,516 ExecutorChannelManagerMap:95 [pool-16-thread-8] - Cannot connnect VM-125<->VM-82
 WARN 07-15 17:55:30,516 ExecutorChannelManagerMap:95 [pool-16-thread-8] - Cannot connnect VM-125<->VM-123
 WARN 07-15 17:55:30,517 ExecutorChannelManagerMap:95 [pool-16-thread-8] - Cannot connnect VM-125<->VM-81
 WARN 07-15 17:55:30,517 ExecutorChannelManagerMap:95 [pool-16-thread-8] - Cannot connnect VM-125<->VM-119
 WARN 07-15 17:55:30,517 ExecutorChannelManagerMap:95 [pool-16-thread-8] - Cannot connnect VM-125<->VM-80
 WARN 07-15 17:55:30,517 ExecutorChannelManagerMap:95 [pool-16-thread-8] - Cannot connnect VM-125<->VM-118
 WARN 07-15 17:55:30,517 ExecutorChannelManagerMap:95 [pool-16-thread-8] - Cannot connnect VM-125<->VM-117
 WARN 07-15 17:55:30,517 ExecutorChannelManagerMap:95 [pool-16-thread-8] - Cannot connnect VM-125<->VM-116
 WARN 07-15 17:55:30,517 ExecutorChannelManagerMap:95 [pool-16-thread-8] - Cannot connnect VM-125<->VM-19
 WARN 07-15 17:55:30,517 ExecutorChannelManagerMap:95 [pool-16-thread-8] - Cannot connnect VM-125<->VM-18
 WARN 07-15 17:55:30,517 ExecutorChannelManagerMap:95 [pool-16-thread-8] - Cannot connnect VM-125<->VM-17
 WARN 07-15 17:55:30,517 ExecutorChannelManagerMap:95 [pool-16-thread-8] - Cannot connnect VM-125<->VM-16
 WARN 07-15 17:55:30,517 ExecutorChannelManagerMap:95 [pool-16-thread-8] - Cannot connnect VM-125<->VM-15
 WARN 07-15 17:55:30,517 ExecutorChannelManagerMap:95 [pool-16-thread-8] - Cannot connnect VM-125<->VM-14
 WARN 07-15 17:55:30,517 ExecutorChannelManagerMap:95 [pool-16-thread-8] - Cannot connnect VM-125<->VM-13
 WARN 07-15 17:55:30,517 ExecutorChannelManagerMap:95 [pool-16-thread-8] - Cannot connnect VM-125<->VM-12
 WARN 07-15 17:55:30,517 ExecutorChannelManagerMap:95 [pool-16-thread-8] - Cannot connnect VM-125<->VM-133
 WARN 07-15 17:55:30,517 ExecutorChannelManagerMap:95 [pool-16-thread-8] - Cannot connnect VM-125<->VM-99
 WARN 07-15 17:55:30,517 ExecutorChannelManagerMap:95 [pool-16-thread-8] - Cannot connnect VM-125<->VM-11
 WARN 07-15 17:55:30,517 ExecutorChannelManagerMap:95 [pool-16-thread-8] - Cannot connnect VM-125<->VM-132
 WARN 07-15 17:55:30,517 ExecutorChannelManagerMap:95 [pool-16-thread-8] - Cannot connnect VM-125<->VM-98
 WARN 07-15 17:55:30,517 ExecutorChannelManagerMap:95 [pool-16-thread-8] - Cannot connnect VM-125<->VM-10
 WARN 07-15 17:55:30,517 ExecutorChannelManagerMap:95 [pool-16-thread-8] - Cannot connnect VM-125<->VM-131
 WARN 07-15 17:55:30,517 ExecutorChannelManagerMap:95 [pool-16-thread-8] - Cannot connnect VM-125<->VM-97
 WARN 07-15 17:55:30,517 ExecutorChannelManagerMap:95 [pool-16-thread-8] - Cannot connnect VM-125<->VM-130
 WARN 07-15 17:55:30,517 ExecutorChannelManagerMap:95 [pool-16-thread-8] - Cannot connnect VM-125<->VM-96
 WARN 07-15 17:55:30,517 ExecutorChannelManagerMap:95 [pool-16-thread-8] - Cannot connnect VM-125<->VM-137
 WARN 07-15 17:55:30,517 ExecutorChannelManagerMap:95 [pool-16-thread-8] - Cannot connnect VM-125<->VM-95
 WARN 07-15 17:55:30,517 ExecutorChannelManagerMap:95 [pool-16-thread-8] - Cannot connnect VM-125<->VM-136
 WARN 07-15 17:55:30,517 ExecutorChannelManagerMap:95 [pool-16-thread-8] - Cannot connnect VM-125<->VM-94
 WARN 07-15 17:55:30,517 ExecutorChannelManagerMap:95 [pool-16-thread-8] - Cannot connnect VM-125<->VM-135
 WARN 07-15 17:55:30,517 ExecutorChannelManagerMap:95 [pool-16-thread-8] - Cannot connnect VM-125<->VM-93
 WARN 07-15 17:55:30,517 ExecutorChannelManagerMap:95 [pool-16-thread-8] - Cannot connnect VM-125<->VM-134
 WARN 07-15 17:55:30,517 ExecutorChannelManagerMap:95 [pool-16-thread-8] - Cannot connnect VM-125<->VM-92
 WARN 07-15 17:55:30,517 ExecutorChannelManagerMap:95 [pool-16-thread-8] - Cannot connnect VM-125<->VM-91
 WARN 07-15 17:55:30,517 ExecutorChannelManagerMap:95 [pool-16-thread-8] - Cannot connnect VM-125<->VM-129
 WARN 07-15 17:55:30,517 ExecutorChannelManagerMap:95 [pool-16-thread-8] - Cannot connnect VM-125<->VM-90
 WARN 07-15 17:55:30,517 ExecutorChannelManagerMap:95 [pool-16-thread-8] - Cannot connnect VM-125<->VM-128
 WARN 07-15 17:55:30,517 ExecutorChannelManagerMap:95 [pool-16-thread-8] - Cannot connnect VM-125<->VM-127
 WARN 07-15 17:55:30,517 ExecutorChannelManagerMap:95 [pool-16-thread-8] - Cannot connnect VM-125<->VM-140
 WARN 07-15 17:55:30,517 ExecutorChannelManagerMap:95 [pool-16-thread-8] - Cannot connnect VM-125<->VM-69
 WARN 07-15 17:55:30,517 ExecutorChannelManagerMap:95 [pool-16-thread-8] - Cannot connnect VM-125<->VM-68
 WARN 07-15 17:55:30,517 ExecutorChannelManagerMap:95 [pool-16-thread-8] - Cannot connnect VM-125<->VM-67
 WARN 07-15 17:55:30,517 ExecutorChannelManagerMap:95 [pool-16-thread-8] - Cannot connnect VM-125<->VM-144
 WARN 07-15 17:55:30,517 ExecutorChannelManagerMap:95 [pool-16-thread-8] - Cannot connnect VM-125<->VM-66
 WARN 07-15 17:55:30,517 ExecutorChannelManagerMap:95 [pool-16-thread-8] - Cannot connnect VM-125<->VM-143
 WARN 07-15 17:55:30,517 ExecutorChannelManagerMap:95 [pool-16-thread-8] - Cannot connnect VM-125<->VM-65
 WARN 07-15 17:55:30,517 ExecutorChannelManagerMap:95 [pool-16-thread-8] - Cannot connnect VM-125<->VM-142
 WARN 07-15 17:55:30,517 ExecutorChannelManagerMap:95 [pool-16-thread-8] - Cannot connnect VM-125<->VM-64
 WARN 07-15 17:55:30,517 ExecutorChannelManagerMap:95 [pool-16-thread-8] - Cannot connnect VM-125<->VM-141
 WARN 07-15 17:55:30,517 ExecutorChannelManagerMap:95 [pool-16-thread-8] - Cannot connnect VM-125<->VM-63
 WARN 07-15 17:55:30,517 ExecutorChannelManagerMap:95 [pool-16-thread-8] - Cannot connnect VM-125<->VM-148
 WARN 07-15 17:55:30,517 ExecutorChannelManagerMap:95 [pool-16-thread-8] - Cannot connnect VM-125<->VM-62
 WARN 07-15 17:55:30,517 ExecutorChannelManagerMap:95 [pool-16-thread-8] - Cannot connnect VM-125<->VM-147
 WARN 07-15 17:55:30,518 ExecutorChannelManagerMap:95 [pool-16-thread-8] - Cannot connnect VM-125<->VM-61
 WARN 07-15 17:55:30,518 ExecutorChannelManagerMap:95 [pool-16-thread-8] - Cannot connnect VM-125<->VM-146
 WARN 07-15 17:55:30,518 ExecutorChannelManagerMap:95 [pool-16-thread-8] - Cannot connnect VM-125<->VM-60
 WARN 07-15 17:55:30,518 ExecutorChannelManagerMap:95 [pool-16-thread-8] - Cannot connnect VM-125<->VM-145
 WARN 07-15 17:55:30,518 ExecutorChannelManagerMap:95 [pool-16-thread-8] - Cannot connnect VM-125<->VM-139
 WARN 07-15 17:55:30,518 ExecutorChannelManagerMap:95 [pool-16-thread-8] - Cannot connnect VM-125<->VM-138
 WARN 07-15 17:55:30,518 ExecutorChannelManagerMap:95 [pool-16-thread-8] - Cannot connnect VM-125<->VM-151
 WARN 07-15 17:55:30,518 ExecutorChannelManagerMap:95 [pool-16-thread-8] - Cannot connnect VM-125<->VM-150
 WARN 07-15 17:55:30,518 ExecutorChannelManagerMap:95 [pool-16-thread-8] - Cannot connnect VM-125<->VM-79
 WARN 07-15 17:55:30,518 ExecutorChannelManagerMap:95 [pool-16-thread-8] - Cannot connnect VM-125<->VM-78
 WARN 07-15 17:55:30,518 ExecutorChannelManagerMap:95 [pool-16-thread-8] - Cannot connnect VM-125<->VM-155
 WARN 07-15 17:55:30,518 ExecutorChannelManagerMap:95 [pool-16-thread-8] - Cannot connnect VM-125<->VM-77
 WARN 07-15 17:55:30,518 ExecutorChannelManagerMap:95 [pool-16-thread-8] - Cannot connnect VM-125<->VM-154
 WARN 07-15 17:55:30,518 ExecutorChannelManagerMap:95 [pool-16-thread-8] - Cannot connnect VM-125<->VM-76
 WARN 07-15 17:55:30,518 ExecutorChannelManagerMap:95 [pool-16-thread-8] - Cannot connnect VM-125<->VM-153
 WARN 07-15 17:55:30,518 ExecutorChannelManagerMap:95 [pool-16-thread-8] - Cannot connnect VM-125<->VM-75
 WARN 07-15 17:55:30,518 ExecutorChannelManagerMap:95 [pool-16-thread-8] - Cannot connnect VM-125<->VM-152
 WARN 07-15 17:55:30,518 ExecutorChannelManagerMap:95 [pool-16-thread-8] - Cannot connnect VM-125<->VM-74
 WARN 07-15 17:55:30,518 ExecutorChannelManagerMap:95 [pool-16-thread-8] - Cannot connnect VM-125<->VM-159
 WARN 07-15 17:55:30,518 ExecutorChannelManagerMap:95 [pool-16-thread-8] - Cannot connnect VM-125<->VM-73
 WARN 07-15 17:55:30,518 ExecutorChannelManagerMap:95 [pool-16-thread-8] - Cannot connnect VM-125<->VM-158
 WARN 07-15 17:55:30,518 ExecutorChannelManagerMap:95 [pool-16-thread-8] - Cannot connnect VM-125<->VM-72
 WARN 07-15 17:55:30,518 ExecutorChannelManagerMap:95 [pool-16-thread-8] - Cannot connnect VM-125<->VM-157
 WARN 07-15 17:55:30,518 ExecutorChannelManagerMap:95 [pool-16-thread-8] - Cannot connnect VM-125<->VM-71
 WARN 07-15 17:55:30,518 ExecutorChannelManagerMap:95 [pool-16-thread-8] - Cannot connnect VM-125<->VM-156
 WARN 07-15 17:55:30,518 ExecutorChannelManagerMap:95 [pool-16-thread-8] - Cannot connnect VM-125<->VM-70
 WARN 07-15 17:55:30,518 ExecutorChannelManagerMap:95 [pool-16-thread-8] - Cannot connnect VM-125<->VM-149
 WARN 07-15 17:55:30,518 ExecutorChannelManagerMap:95 [pool-16-thread-8] - Cannot connnect VM-125<->VM-49
 WARN 07-15 17:55:30,518 ExecutorChannelManagerMap:95 [pool-16-thread-8] - Cannot connnect VM-125<->VM-48
 WARN 07-15 17:55:30,518 ExecutorChannelManagerMap:95 [pool-16-thread-8] - Cannot connnect VM-125<->VM-47
 WARN 07-15 17:55:30,518 ExecutorChannelManagerMap:95 [pool-16-thread-8] - Cannot connnect VM-125<->VM-160
 WARN 07-15 17:55:30,518 ExecutorChannelManagerMap:95 [pool-16-thread-8] - Cannot connnect VM-125<->VM-46
 WARN 07-15 17:55:30,518 ExecutorChannelManagerMap:95 [pool-16-thread-8] - Cannot connnect VM-125<->VM-45
 WARN 07-15 17:55:30,518 ExecutorChannelManagerMap:95 [pool-16-thread-8] - Cannot connnect VM-125<->VM-6
 WARN 07-15 17:55:30,518 ExecutorChannelManagerMap:95 [pool-16-thread-8] - Cannot connnect VM-125<->VM-44
 WARN 07-15 17:55:30,518 ExecutorChannelManagerMap:95 [pool-16-thread-8] - Cannot connnect VM-125<->VM-7
 WARN 07-15 17:55:30,518 ExecutorChannelManagerMap:95 [pool-16-thread-8] - Cannot connnect VM-125<->VM-43
 WARN 07-15 17:55:30,518 ExecutorChannelManagerMap:95 [pool-16-thread-8] - Cannot connnect VM-125<->VM-8
 WARN 07-15 17:55:30,518 ExecutorChannelManagerMap:95 [pool-16-thread-8] - Cannot connnect VM-125<->VM-42
 WARN 07-15 17:55:30,518 ExecutorChannelManagerMap:95 [pool-16-thread-8] - Cannot connnect VM-125<->VM-9
 WARN 07-15 17:55:30,518 ExecutorChannelManagerMap:95 [pool-16-thread-8] - Cannot connnect VM-125<->VM-41
 WARN 07-15 17:55:30,518 ExecutorChannelManagerMap:95 [pool-16-thread-8] - Cannot connnect VM-125<->VM-40
 WARN 07-15 17:55:30,518 ExecutorChannelManagerMap:95 [pool-16-thread-8] - Cannot connnect VM-125<->VM-59
 WARN 07-15 17:55:30,518 ExecutorChannelManagerMap:95 [pool-16-thread-8] - Cannot connnect VM-125<->VM-58
 WARN 07-15 17:55:30,518 ExecutorChannelManagerMap:95 [pool-16-thread-8] - Cannot connnect VM-125<->VM-57
 WARN 07-15 17:55:30,518 ExecutorChannelManagerMap:95 [pool-16-thread-8] - Cannot connnect VM-125<->VM-56
 WARN 07-15 17:55:30,518 ExecutorChannelManagerMap:95 [pool-16-thread-8] - Cannot connnect VM-125<->VM-55
 WARN 07-15 17:55:30,518 ExecutorChannelManagerMap:95 [pool-16-thread-8] - Cannot connnect VM-125<->VM-54
 WARN 07-15 17:55:30,518 ExecutorChannelManagerMap:95 [pool-16-thread-8] - Cannot connnect VM-125<->VM-53
 WARN 07-15 17:55:30,518 ExecutorChannelManagerMap:95 [pool-16-thread-8] - Cannot connnect VM-125<->VM-52
 WARN 07-15 17:55:30,518 ExecutorChannelManagerMap:95 [pool-16-thread-8] - Cannot connnect VM-125<->VM-51
 WARN 07-15 17:55:30,518 ExecutorChannelManagerMap:95 [pool-16-thread-8] - Cannot connnect VM-125<->VM-50
 WARN 07-15 17:55:30,518 ExecutorChannelManagerMap:95 [pool-16-thread-8] - Cannot connnect VM-125<->VM-1
 WARN 07-15 17:55:30,519 ExecutorChannelManagerMap:95 [pool-16-thread-8] - Cannot connnect VM-125<->VM-2
 WARN 07-15 17:55:30,519 ExecutorChannelManagerMap:95 [pool-16-thread-8] - Cannot connnect VM-125<->VM-3
 WARN 07-15 17:55:30,519 ExecutorChannelManagerMap:95 [pool-16-thread-8] - Cannot connnect VM-125<->VM-4
 WARN 07-15 17:55:30,519 ExecutorChannelManagerMap:95 [pool-16-thread-8] - Cannot connnect VM-125<->VM-5
 WARN 07-15 17:55:30,519 ExecutorChannelManagerMap:95 [pool-16-thread-8] - Cannot connnect VM-125<->VM-29
 WARN 07-15 17:55:30,519 ExecutorChannelManagerMap:95 [pool-16-thread-8] - Cannot connnect VM-125<->VM-28
 WARN 07-15 17:55:30,519 ExecutorChannelManagerMap:95 [pool-16-thread-8] - Cannot connnect VM-125<->VM-27
 WARN 07-15 17:55:30,519 ExecutorChannelManagerMap:95 [pool-16-thread-8] - Cannot connnect VM-125<->VM-26
 WARN 07-15 17:55:30,519 ExecutorChannelManagerMap:95 [pool-16-thread-8] - Cannot connnect VM-125<->VM-25
 WARN 07-15 17:55:30,519 ExecutorChannelManagerMap:95 [pool-16-thread-8] - Cannot connnect VM-125<->VM-24
 WARN 07-15 17:55:30,519 ExecutorChannelManagerMap:95 [pool-16-thread-8] - Cannot connnect VM-125<->VM-100
 WARN 07-15 17:55:30,519 ExecutorChannelManagerMap:95 [pool-16-thread-8] - Cannot connnect VM-125<->VM-23
 WARN 07-15 17:55:30,519 ExecutorChannelManagerMap:95 [pool-16-thread-8] - Cannot connnect VM-125<->VM-22
 WARN 07-15 17:55:30,519 ExecutorChannelManagerMap:106 [pool-16-thread-8] - Executor Executor4 already registered
 WARN 07-15 17:55:30,519 ExecutorChannelManagerMap:95 [pool-16-thread-8] - Cannot connnect VM-125<->VM-21
 WARN 07-15 17:55:30,519 ExecutorChannelManagerMap:106 [pool-16-thread-8] - Executor Executor3 already registered
 WARN 07-15 17:55:30,519 ExecutorChannelManagerMap:95 [pool-16-thread-8] - Cannot connnect VM-125<->VM-20
 WARN 07-15 17:55:30,519 ExecutorChannelManagerMap:95 [pool-16-thread-8] - Cannot connnect VM-125<->VM-101
 WARN 07-15 17:55:30,519 ExecutorChannelManagerMap:95 [pool-16-thread-8] - Cannot connnect VM-125<->VM-39
 WARN 07-15 17:55:30,519 ExecutorChannelManagerMap:95 [pool-16-thread-8] - Cannot connnect VM-125<->VM-38
 WARN 07-15 17:55:30,519 ExecutorChannelManagerMap:95 [pool-16-thread-8] - Cannot connnect VM-125<->VM-37
 WARN 07-15 17:55:30,519 ExecutorChannelManagerMap:95 [pool-16-thread-8] - Cannot connnect VM-125<->VM-36
 WARN 07-15 17:55:30,519 ExecutorChannelManagerMap:95 [pool-16-thread-8] - Cannot connnect VM-125<->VM-35
 WARN 07-15 17:55:30,519 ExecutorChannelManagerMap:95 [pool-16-thread-8] - Cannot connnect VM-125<->VM-34
 WARN 07-15 17:55:30,519 ExecutorChannelManagerMap:95 [pool-16-thread-8] - Cannot connnect VM-125<->VM-33
 WARN 07-15 17:55:30,519 ExecutorChannelManagerMap:95 [pool-16-thread-8] - Cannot connnect VM-125<->VM-32
 WARN 07-15 17:55:30,519 ExecutorChannelManagerMap:95 [pool-16-thread-8] - Cannot connnect VM-125<->VM-31
 WARN 07-15 17:55:30,519 ExecutorChannelManagerMap:95 [pool-16-thread-8] - Cannot connnect VM-125<->VM-30
 WARN 07-15 17:55:30,519 ExecutorChannelManagerMap:95 [pool-16-thread-8] - Cannot connnect VM-125<->VM-115
 WARN 07-15 17:55:30,519 ExecutorChannelManagerMap:95 [pool-16-thread-8] - Cannot connnect VM-125<->VM-114
 WARN 07-15 17:55:30,519 ExecutorChannelManagerMap:95 [pool-16-thread-8] - Cannot connnect VM-125<->VM-113
 WARN 07-15 17:55:30,519 ExecutorChannelManagerMap:106 [pool-16-thread-8] - Executor Executor2 already registered
 WARN 07-15 17:55:30,519 ExecutorChannelManagerMap:106 [pool-16-thread-8] - Executor Executor1 already registered
 WARN 07-15 17:55:30,519 ExecutorChannelManagerMap:106 [pool-16-thread-8] - Executor Executor0 already registered
 INFO 07-15 17:55:30,753 SystemLoadProfiler:50 [pool-8-thread-1] - Average CPU Load: 0.04 in VM-125
 INFO 07-15 17:55:30,753 TaskEventRateCalculator:114 [pool-8-thread-1] - ---- Start of task processed event (# tasks: 0 in executor VM-125)----
----- End of taks processed event ----

 INFO 07-15 17:55:30,754 CpuBottleneckDetectorImpl:63 [pool-8-thread-1] - Current cpu load: 0.04, # processed events: 0, consecutive: 0/2, threshold: 0.9 in VM-125
 INFO 07-15 17:55:31,753 SystemLoadProfiler:50 [pool-8-thread-1] - Average CPU Load: 0.01 in VM-125
 INFO 07-15 17:55:31,753 TaskEventRateCalculator:114 [pool-8-thread-1] - ---- Start of task processed event (# tasks: 0 in executor VM-125)----
----- End of taks processed event ----

 INFO 07-15 17:55:31,754 CpuBottleneckDetectorImpl:63 [pool-8-thread-1] - Current cpu load: 0.01, # processed events: 0, consecutive: 0/2, threshold: 0.9 in VM-125
 INFO 07-15 17:55:32,753 SystemLoadProfiler:50 [pool-8-thread-1] - Average CPU Load: 0.01 in VM-125
 INFO 07-15 17:55:32,753 TaskEventRateCalculator:114 [pool-8-thread-1] - ---- Start of task processed event (# tasks: 0 in executor VM-125)----
----- End of taks processed event ----

 INFO 07-15 17:55:32,754 CpuBottleneckDetectorImpl:63 [pool-8-thread-1] - Current cpu load: 0.01, # processed events: 0, consecutive: 0/2, threshold: 0.9 in VM-125
 INFO 07-15 17:55:33,753 SystemLoadProfiler:50 [pool-8-thread-1] - Average CPU Load: 0.01 in VM-125
 INFO 07-15 17:55:33,753 TaskEventRateCalculator:114 [pool-8-thread-1] - ---- Start of task processed event (# tasks: 0 in executor VM-125)----
----- End of taks processed event ----

 INFO 07-15 17:55:33,754 CpuBottleneckDetectorImpl:63 [pool-8-thread-1] - Current cpu load: 0.01, # processed events: 0, consecutive: 0/2, threshold: 0.9 in VM-125
 INFO 07-15 17:55:34,753 SystemLoadProfiler:50 [pool-8-thread-1] - Average CPU Load: 0.01 in VM-125
 INFO 07-15 17:55:34,753 TaskEventRateCalculator:114 [pool-8-thread-1] - ---- Start of task processed event (# tasks: 0 in executor VM-125)----
----- End of taks processed event ----

 INFO 07-15 17:55:34,754 CpuBottleneckDetectorImpl:63 [pool-8-thread-1] - Current cpu load: 0.01, # processed events: 0, consecutive: 0/2, threshold: 0.9 in VM-125
 INFO 07-15 17:55:35,753 SystemLoadProfiler:50 [pool-8-thread-1] - Average CPU Load: 0.01 in VM-125
 INFO 07-15 17:55:35,753 TaskEventRateCalculator:114 [pool-8-thread-1] - ---- Start of task processed event (# tasks: 0 in executor VM-125)----
----- End of taks processed event ----

 INFO 07-15 17:55:35,754 CpuBottleneckDetectorImpl:63 [pool-8-thread-1] - Current cpu load: 0.01, # processed events: 0, consecutive: 0/2, threshold: 0.9 in VM-125
 INFO 07-15 17:55:36,753 SystemLoadProfiler:50 [pool-8-thread-1] - Average CPU Load: 0.01 in VM-125
 INFO 07-15 17:55:36,753 TaskEventRateCalculator:114 [pool-8-thread-1] - ---- Start of task processed event (# tasks: 0 in executor VM-125)----
----- End of taks processed event ----

 INFO 07-15 17:55:36,754 CpuBottleneckDetectorImpl:63 [pool-8-thread-1] - Current cpu load: 0.01, # processed events: 0, consecutive: 0/2, threshold: 0.9 in VM-125
 INFO 07-15 17:55:37,753 SystemLoadProfiler:50 [pool-8-thread-1] - Average CPU Load: 0.01 in VM-125
 INFO 07-15 17:55:37,753 TaskEventRateCalculator:114 [pool-8-thread-1] - ---- Start of task processed event (# tasks: 0 in executor VM-125)----
----- End of taks processed event ----

 INFO 07-15 17:55:37,754 CpuBottleneckDetectorImpl:63 [pool-8-thread-1] - Current cpu load: 0.01, # processed events: 0, consecutive: 0/2, threshold: 0.9 in VM-125
 INFO 07-15 17:55:38,753 SystemLoadProfiler:50 [pool-8-thread-1] - Average CPU Load: 0.01 in VM-125
 INFO 07-15 17:55:38,753 TaskEventRateCalculator:114 [pool-8-thread-1] - ---- Start of task processed event (# tasks: 0 in executor VM-125)----
----- End of taks processed event ----

 INFO 07-15 17:55:38,754 CpuBottleneckDetectorImpl:63 [pool-8-thread-1] - Current cpu load: 0.01, # processed events: 0, consecutive: 0/2, threshold: 0.9 in VM-125
 INFO 07-15 17:55:39,413 Executor$ExecutorMessageReceiver:1217 [pool-16-thread-8] - Task scheduled Stage3-1-0,VM-79 received at VM-125
 INFO 07-15 17:55:39,421 Executor$ExecutorMessageReceiver:1217 [pool-16-thread-8] - Task scheduled Stage3-2-0,VM-78 received at VM-125
 INFO 07-15 17:55:39,425 Executor$ExecutorMessageReceiver:1217 [pool-16-thread-8] - Task scheduled Stage3-3-0,VM-112 received at VM-125
 INFO 07-15 17:55:39,544 Executor$ExecutorMessageReceiver:1217 [pool-16-thread-8] - Task scheduled Stage3-0-0,VM-111 received at VM-125
 INFO 07-15 17:55:39,753 SystemLoadProfiler:50 [pool-8-thread-1] - Average CPU Load: 0.01 in VM-125
 INFO 07-15 17:55:39,753 TaskEventRateCalculator:114 [pool-8-thread-1] - ---- Start of task processed event (# tasks: 0 in executor VM-125)----
----- End of taks processed event ----

 INFO 07-15 17:55:39,754 CpuBottleneckDetectorImpl:63 [pool-8-thread-1] - Current cpu load: 0.01, # processed events: 0, consecutive: 0/2, threshold: 0.9 in VM-125
 INFO 07-15 17:55:40,753 SystemLoadProfiler:50 [pool-8-thread-1] - Average CPU Load: 0.01 in VM-125
 INFO 07-15 17:55:40,753 TaskEventRateCalculator:114 [pool-8-thread-1] - ---- Start of task processed event (# tasks: 0 in executor VM-125)----
----- End of taks processed event ----

 INFO 07-15 17:55:40,754 CpuBottleneckDetectorImpl:63 [pool-8-thread-1] - Current cpu load: 0.01, # processed events: 0, consecutive: 0/2, threshold: 0.9 in VM-125
 INFO 07-15 17:55:41,753 SystemLoadProfiler:50 [pool-8-thread-1] - Average CPU Load: 0.01 in VM-125
 INFO 07-15 17:55:41,753 TaskEventRateCalculator:114 [pool-8-thread-1] - ---- Start of task processed event (# tasks: 0 in executor VM-125)----
----- End of taks processed event ----

 INFO 07-15 17:55:41,754 CpuBottleneckDetectorImpl:63 [pool-8-thread-1] - Current cpu load: 0.01, # processed events: 0, consecutive: 0/2, threshold: 0.9 in VM-125
 INFO 07-15 17:55:42,096 Executor$ExecutorMessageReceiver:1217 [pool-16-thread-8] - Task scheduled Stage2-3-0,VM-77 received at VM-125
 INFO 07-15 17:55:42,105 Executor$ExecutorMessageReceiver:1217 [pool-16-thread-8] - Task scheduled Stage2-1-0,VM-76 received at VM-125
 INFO 07-15 17:55:42,120 Executor$ExecutorMessageReceiver:1217 [pool-16-thread-8] - Task scheduled Stage2-2-0,VM-110 received at VM-125
 INFO 07-15 17:55:42,352 Executor$ExecutorMessageReceiver:1217 [pool-16-thread-8] - Task scheduled Stage2-0-0,VM-116 received at VM-125
 INFO 07-15 17:55:42,753 SystemLoadProfiler:50 [pool-8-thread-1] - Average CPU Load: 0.01 in VM-125
 INFO 07-15 17:55:42,753 TaskEventRateCalculator:114 [pool-8-thread-1] - ---- Start of task processed event (# tasks: 0 in executor VM-125)----
----- End of taks processed event ----

 INFO 07-15 17:55:42,753 CpuBottleneckDetectorImpl:63 [pool-8-thread-1] - Current cpu load: 0.01, # processed events: 0, consecutive: 0/2, threshold: 0.9 in VM-125
 INFO 07-15 17:55:43,753 SystemLoadProfiler:50 [pool-8-thread-1] - Average CPU Load: 0.01 in VM-125
 INFO 07-15 17:55:43,753 TaskEventRateCalculator:114 [pool-8-thread-1] - ---- Start of task processed event (# tasks: 0 in executor VM-125)----
----- End of taks processed event ----

 INFO 07-15 17:55:43,754 CpuBottleneckDetectorImpl:63 [pool-8-thread-1] - Current cpu load: 0.01, # processed events: 0, consecutive: 0/2, threshold: 0.9 in VM-125
 INFO 07-15 17:55:44,753 SystemLoadProfiler:50 [pool-8-thread-1] - Average CPU Load: 0.01 in VM-125
 INFO 07-15 17:55:44,753 TaskEventRateCalculator:114 [pool-8-thread-1] - ---- Start of task processed event (# tasks: 0 in executor VM-125)----
----- End of taks processed event ----

 INFO 07-15 17:55:44,753 CpuBottleneckDetectorImpl:63 [pool-8-thread-1] - Current cpu load: 0.01, # processed events: 0, consecutive: 0/2, threshold: 0.9 in VM-125
 INFO 07-15 17:55:45,375 Executor$ExecutorMessageReceiver:1217 [pool-16-thread-8] - Task scheduled Stage1-0-0,VM-75 received at VM-125
 INFO 07-15 17:55:45,464 Executor$ExecutorMessageReceiver:1217 [pool-16-thread-8] - Task scheduled Stage1-2-0,VM-74 received at VM-125
 INFO 07-15 17:55:45,622 Executor$ExecutorMessageReceiver:1217 [pool-16-thread-8] - Task scheduled Stage1-3-0,VM-115 received at VM-125
 INFO 07-15 17:55:45,753 SystemLoadProfiler:50 [pool-8-thread-1] - Average CPU Load: 0.01 in VM-125
 INFO 07-15 17:55:45,754 TaskEventRateCalculator:114 [pool-8-thread-1] - ---- Start of task processed event (# tasks: 0 in executor VM-125)----
----- End of taks processed event ----

 INFO 07-15 17:55:45,754 CpuBottleneckDetectorImpl:63 [pool-8-thread-1] - Current cpu load: 0.01, # processed events: 0, consecutive: 0/2, threshold: 0.9 in VM-125
 INFO 07-15 17:55:45,784 Executor$ExecutorMessageReceiver:1217 [pool-16-thread-8] - Task scheduled Stage1-1-0,VM-73 received at VM-125
 INFO 07-15 17:55:46,753 SystemLoadProfiler:50 [pool-8-thread-1] - Average CPU Load: 0.01 in VM-125
 INFO 07-15 17:55:46,753 TaskEventRateCalculator:114 [pool-8-thread-1] - ---- Start of task processed event (# tasks: 0 in executor VM-125)----
----- End of taks processed event ----

 INFO 07-15 17:55:46,754 CpuBottleneckDetectorImpl:63 [pool-8-thread-1] - Current cpu load: 0.01, # processed events: 0, consecutive: 0/2, threshold: 0.9 in VM-125
 INFO 07-15 17:55:47,753 SystemLoadProfiler:50 [pool-8-thread-1] - Average CPU Load: 0.01 in VM-125
 INFO 07-15 17:55:47,753 TaskEventRateCalculator:114 [pool-8-thread-1] - ---- Start of task processed event (# tasks: 0 in executor VM-125)----
----- End of taks processed event ----

 INFO 07-15 17:55:47,754 CpuBottleneckDetectorImpl:63 [pool-8-thread-1] - Current cpu load: 0.01, # processed events: 0, consecutive: 0/2, threshold: 0.9 in VM-125
 INFO 07-15 17:55:48,753 SystemLoadProfiler:50 [pool-8-thread-1] - Average CPU Load: 0.01 in VM-125
 INFO 07-15 17:55:48,753 TaskEventRateCalculator:114 [pool-8-thread-1] - ---- Start of task processed event (# tasks: 0 in executor VM-125)----
----- End of taks processed event ----

 INFO 07-15 17:55:48,754 CpuBottleneckDetectorImpl:63 [pool-8-thread-1] - Current cpu load: 0.01, # processed events: 0, consecutive: 0/2, threshold: 0.9 in VM-125
 INFO 07-15 17:55:49,753 SystemLoadProfiler:50 [pool-8-thread-1] - Average CPU Load: 0.01 in VM-125
 INFO 07-15 17:55:49,753 TaskEventRateCalculator:114 [pool-8-thread-1] - ---- Start of task processed event (# tasks: 0 in executor VM-125)----
----- End of taks processed event ----

 INFO 07-15 17:55:49,754 CpuBottleneckDetectorImpl:63 [pool-8-thread-1] - Current cpu load: 0.01, # processed events: 0, consecutive: 0/2, threshold: 0.9 in VM-125
 INFO 07-15 17:55:50,753 SystemLoadProfiler:50 [pool-8-thread-1] - Average CPU Load: 0.01 in VM-125
 INFO 07-15 17:55:50,753 TaskEventRateCalculator:114 [pool-8-thread-1] - ---- Start of task processed event (# tasks: 0 in executor VM-125)----
----- End of taks processed event ----

 INFO 07-15 17:55:50,754 CpuBottleneckDetectorImpl:63 [pool-8-thread-1] - Current cpu load: 0.01, # processed events: 0, consecutive: 0/2, threshold: 0.9 in VM-125
 INFO 07-15 17:55:51,753 SystemLoadProfiler:50 [pool-8-thread-1] - Average CPU Load: 0.01 in VM-125
 INFO 07-15 17:55:51,753 TaskEventRateCalculator:114 [pool-8-thread-1] - ---- Start of task processed event (# tasks: 0 in executor VM-125)----
----- End of taks processed event ----

 INFO 07-15 17:55:51,754 CpuBottleneckDetectorImpl:63 [pool-8-thread-1] - Current cpu load: 0.01, # processed events: 0, consecutive: 0/2, threshold: 0.9 in VM-125
 INFO 07-15 17:55:52,753 SystemLoadProfiler:50 [pool-8-thread-1] - Average CPU Load: 0.01 in VM-125
 INFO 07-15 17:55:52,753 TaskEventRateCalculator:114 [pool-8-thread-1] - ---- Start of task processed event (# tasks: 0 in executor VM-125)----
----- End of taks processed event ----

 INFO 07-15 17:55:52,754 CpuBottleneckDetectorImpl:63 [pool-8-thread-1] - Current cpu load: 0.01, # processed events: 0, consecutive: 0/2, threshold: 0.9 in VM-125
 INFO 07-15 17:55:53,753 SystemLoadProfiler:50 [pool-8-thread-1] - Average CPU Load: 0.01 in VM-125
 INFO 07-15 17:55:53,753 TaskEventRateCalculator:114 [pool-8-thread-1] - ---- Start of task processed event (# tasks: 0 in executor VM-125)----
----- End of taks processed event ----

 INFO 07-15 17:55:53,753 CpuBottleneckDetectorImpl:63 [pool-8-thread-1] - Current cpu load: 0.01, # processed events: 0, consecutive: 0/2, threshold: 0.9 in VM-125
 INFO 07-15 17:55:54,753 SystemLoadProfiler:50 [pool-8-thread-1] - Average CPU Load: 0.01 in VM-125
 INFO 07-15 17:55:54,753 TaskEventRateCalculator:114 [pool-8-thread-1] - ---- Start of task processed event (# tasks: 0 in executor VM-125)----
----- End of taks processed event ----

 INFO 07-15 17:55:54,754 CpuBottleneckDetectorImpl:63 [pool-8-thread-1] - Current cpu load: 0.01, # processed events: 0, consecutive: 0/2, threshold: 0.9 in VM-125
 INFO 07-15 17:55:55,753 SystemLoadProfiler:50 [pool-8-thread-1] - Average CPU Load: 0.01 in VM-125
 INFO 07-15 17:55:55,753 TaskEventRateCalculator:114 [pool-8-thread-1] - ---- Start of task processed event (# tasks: 0 in executor VM-125)----
----- End of taks processed event ----

 INFO 07-15 17:55:55,754 CpuBottleneckDetectorImpl:63 [pool-8-thread-1] - Current cpu load: 0.01, # processed events: 0, consecutive: 0/2, threshold: 0.9 in VM-125
 INFO 07-15 17:55:56,753 SystemLoadProfiler:50 [pool-8-thread-1] - Average CPU Load: 0.01 in VM-125
 INFO 07-15 17:55:56,753 TaskEventRateCalculator:114 [pool-8-thread-1] - ---- Start of task processed event (# tasks: 0 in executor VM-125)----
----- End of taks processed event ----

 INFO 07-15 17:55:56,754 CpuBottleneckDetectorImpl:63 [pool-8-thread-1] - Current cpu load: 0.01, # processed events: 0, consecutive: 0/2, threshold: 0.9 in VM-125
 INFO 07-15 17:55:57,753 SystemLoadProfiler:50 [pool-8-thread-1] - Average CPU Load: 0.01 in VM-125
 INFO 07-15 17:55:57,753 TaskEventRateCalculator:114 [pool-8-thread-1] - ---- Start of task processed event (# tasks: 0 in executor VM-125)----
----- End of taks processed event ----

 INFO 07-15 17:55:57,754 CpuBottleneckDetectorImpl:63 [pool-8-thread-1] - Current cpu load: 0.01, # processed events: 0, consecutive: 0/2, threshold: 0.9 in VM-125
 INFO 07-15 17:55:58,753 SystemLoadProfiler:50 [pool-8-thread-1] - Average CPU Load: 0.01 in VM-125
 INFO 07-15 17:55:58,753 TaskEventRateCalculator:114 [pool-8-thread-1] - ---- Start of task processed event (# tasks: 0 in executor VM-125)----
----- End of taks processed event ----

 INFO 07-15 17:55:58,754 CpuBottleneckDetectorImpl:63 [pool-8-thread-1] - Current cpu load: 0.01, # processed events: 0, consecutive: 0/2, threshold: 0.9 in VM-125
 INFO 07-15 17:55:59,753 SystemLoadProfiler:50 [pool-8-thread-1] - Average CPU Load: 0.01 in VM-125
 INFO 07-15 17:55:59,753 TaskEventRateCalculator:114 [pool-8-thread-1] - ---- Start of task processed event (# tasks: 0 in executor VM-125)----
----- End of taks processed event ----

 INFO 07-15 17:55:59,753 CpuBottleneckDetectorImpl:63 [pool-8-thread-1] - Current cpu load: 0.01, # processed events: 0, consecutive: 0/2, threshold: 0.9 in VM-125
 INFO 07-15 17:56:00,753 SystemLoadProfiler:50 [pool-8-thread-1] - Average CPU Load: 0.01 in VM-125
 INFO 07-15 17:56:00,753 TaskEventRateCalculator:114 [pool-8-thread-1] - ---- Start of task processed event (# tasks: 0 in executor VM-125)----
----- End of taks processed event ----

 INFO 07-15 17:56:00,754 CpuBottleneckDetectorImpl:63 [pool-8-thread-1] - Current cpu load: 0.01, # processed events: 0, consecutive: 0/2, threshold: 0.9 in VM-125
 INFO 07-15 17:56:01,753 SystemLoadProfiler:50 [pool-8-thread-1] - Average CPU Load: 0.01 in VM-125
 INFO 07-15 17:56:01,753 TaskEventRateCalculator:114 [pool-8-thread-1] - ---- Start of task processed event (# tasks: 0 in executor VM-125)----
----- End of taks processed event ----

 INFO 07-15 17:56:01,754 CpuBottleneckDetectorImpl:63 [pool-8-thread-1] - Current cpu load: 0.01, # processed events: 0, consecutive: 0/2, threshold: 0.9 in VM-125
 INFO 07-15 17:56:02,753 SystemLoadProfiler:50 [pool-8-thread-1] - Average CPU Load: 0.01 in VM-125
 INFO 07-15 17:56:02,753 TaskEventRateCalculator:114 [pool-8-thread-1] - ---- Start of task processed event (# tasks: 0 in executor VM-125)----
----- End of taks processed event ----

 INFO 07-15 17:56:02,754 CpuBottleneckDetectorImpl:63 [pool-8-thread-1] - Current cpu load: 0.01, # processed events: 0, consecutive: 0/2, threshold: 0.9 in VM-125
 INFO 07-15 17:56:03,753 SystemLoadProfiler:50 [pool-8-thread-1] - Average CPU Load: 0.01 in VM-125
 INFO 07-15 17:56:03,753 TaskEventRateCalculator:114 [pool-8-thread-1] - ---- Start of task processed event (# tasks: 0 in executor VM-125)----
----- End of taks processed event ----

 INFO 07-15 17:56:03,754 CpuBottleneckDetectorImpl:63 [pool-8-thread-1] - Current cpu load: 0.01, # processed events: 0, consecutive: 0/2, threshold: 0.9 in VM-125
 INFO 07-15 17:56:04,753 SystemLoadProfiler:50 [pool-8-thread-1] - Average CPU Load: 0.01 in VM-125
 INFO 07-15 17:56:04,753 TaskEventRateCalculator:114 [pool-8-thread-1] - ---- Start of task processed event (# tasks: 0 in executor VM-125)----
----- End of taks processed event ----

 INFO 07-15 17:56:04,754 CpuBottleneckDetectorImpl:63 [pool-8-thread-1] - Current cpu load: 0.01, # processed events: 0, consecutive: 0/2, threshold: 0.9 in VM-125
 INFO 07-15 17:56:05,753 SystemLoadProfiler:50 [pool-8-thread-1] - Average CPU Load: 0.01 in VM-125
 INFO 07-15 17:56:05,753 TaskEventRateCalculator:114 [pool-8-thread-1] - ---- Start of task processed event (# tasks: 0 in executor VM-125)----
----- End of taks processed event ----

 INFO 07-15 17:56:05,754 CpuBottleneckDetectorImpl:63 [pool-8-thread-1] - Current cpu load: 0.01, # processed events: 0, consecutive: 0/2, threshold: 0.9 in VM-125
 INFO 07-15 17:56:06,753 SystemLoadProfiler:50 [pool-8-thread-1] - Average CPU Load: 0.01 in VM-125
 INFO 07-15 17:56:06,753 TaskEventRateCalculator:114 [pool-8-thread-1] - ---- Start of task processed event (# tasks: 0 in executor VM-125)----
----- End of taks processed event ----

 INFO 07-15 17:56:06,754 CpuBottleneckDetectorImpl:63 [pool-8-thread-1] - Current cpu load: 0.01, # processed events: 0, consecutive: 0/2, threshold: 0.9 in VM-125
 INFO 07-15 17:56:07,753 SystemLoadProfiler:50 [pool-8-thread-1] - Average CPU Load: 0.01 in VM-125
 INFO 07-15 17:56:07,754 TaskEventRateCalculator:114 [pool-8-thread-1] - ---- Start of task processed event (# tasks: 0 in executor VM-125)----
----- End of taks processed event ----

 INFO 07-15 17:56:07,754 CpuBottleneckDetectorImpl:63 [pool-8-thread-1] - Current cpu load: 0.01, # processed events: 0, consecutive: 0/2, threshold: 0.9 in VM-125
 INFO 07-15 17:56:08,753 SystemLoadProfiler:50 [pool-8-thread-1] - Average CPU Load: 0.01 in VM-125
 INFO 07-15 17:56:08,753 TaskEventRateCalculator:114 [pool-8-thread-1] - ---- Start of task processed event (# tasks: 0 in executor VM-125)----
----- End of taks processed event ----

 INFO 07-15 17:56:08,754 CpuBottleneckDetectorImpl:63 [pool-8-thread-1] - Current cpu load: 0.01, # processed events: 0, consecutive: 0/2, threshold: 0.9 in VM-125
 INFO 07-15 17:56:09,753 SystemLoadProfiler:50 [pool-8-thread-1] - Average CPU Load: 0.01 in VM-125
 INFO 07-15 17:56:09,753 TaskEventRateCalculator:114 [pool-8-thread-1] - ---- Start of task processed event (# tasks: 0 in executor VM-125)----
----- End of taks processed event ----

 INFO 07-15 17:56:09,754 CpuBottleneckDetectorImpl:63 [pool-8-thread-1] - Current cpu load: 0.01, # processed events: 0, consecutive: 0/2, threshold: 0.9 in VM-125
 INFO 07-15 17:56:10,753 SystemLoadProfiler:50 [pool-8-thread-1] - Average CPU Load: 0.01 in VM-125
 INFO 07-15 17:56:10,753 TaskEventRateCalculator:114 [pool-8-thread-1] - ---- Start of task processed event (# tasks: 0 in executor VM-125)----
----- End of taks processed event ----

 INFO 07-15 17:56:10,753 CpuBottleneckDetectorImpl:63 [pool-8-thread-1] - Current cpu load: 0.01, # processed events: 0, consecutive: 0/2, threshold: 0.9 in VM-125
 INFO 07-15 17:56:11,753 SystemLoadProfiler:50 [pool-8-thread-1] - Average CPU Load: 0.01 in VM-125
 INFO 07-15 17:56:11,753 TaskEventRateCalculator:114 [pool-8-thread-1] - ---- Start of task processed event (# tasks: 0 in executor VM-125)----
----- End of taks processed event ----

 INFO 07-15 17:56:11,754 CpuBottleneckDetectorImpl:63 [pool-8-thread-1] - Current cpu load: 0.01, # processed events: 0, consecutive: 0/2, threshold: 0.9 in VM-125
 INFO 07-15 17:56:12,753 SystemLoadProfiler:50 [pool-8-thread-1] - Average CPU Load: 0.01 in VM-125
 INFO 07-15 17:56:12,753 TaskEventRateCalculator:114 [pool-8-thread-1] - ---- Start of task processed event (# tasks: 0 in executor VM-125)----
----- End of taks processed event ----

 INFO 07-15 17:56:12,754 CpuBottleneckDetectorImpl:63 [pool-8-thread-1] - Current cpu load: 0.01, # processed events: 0, consecutive: 0/2, threshold: 0.9 in VM-125
 INFO 07-15 17:56:13,753 SystemLoadProfiler:50 [pool-8-thread-1] - Average CPU Load: 0.01 in VM-125
 INFO 07-15 17:56:13,753 TaskEventRateCalculator:114 [pool-8-thread-1] - ---- Start of task processed event (# tasks: 0 in executor VM-125)----
----- End of taks processed event ----

 INFO 07-15 17:56:13,754 CpuBottleneckDetectorImpl:63 [pool-8-thread-1] - Current cpu load: 0.01, # processed events: 0, consecutive: 0/2, threshold: 0.9 in VM-125
 INFO 07-15 17:56:14,753 SystemLoadProfiler:50 [pool-8-thread-1] - Average CPU Load: 0.01 in VM-125
 INFO 07-15 17:56:14,753 TaskEventRateCalculator:114 [pool-8-thread-1] - ---- Start of task processed event (# tasks: 0 in executor VM-125)----
----- End of taks processed event ----

 INFO 07-15 17:56:14,754 CpuBottleneckDetectorImpl:63 [pool-8-thread-1] - Current cpu load: 0.01, # processed events: 0, consecutive: 0/2, threshold: 0.9 in VM-125
 INFO 07-15 17:56:15,753 SystemLoadProfiler:50 [pool-8-thread-1] - Average CPU Load: 0.01 in VM-125
 INFO 07-15 17:56:15,753 TaskEventRateCalculator:114 [pool-8-thread-1] - ---- Start of task processed event (# tasks: 0 in executor VM-125)----
----- End of taks processed event ----

 INFO 07-15 17:56:15,753 CpuBottleneckDetectorImpl:63 [pool-8-thread-1] - Current cpu load: 0.01, # processed events: 0, consecutive: 0/2, threshold: 0.9 in VM-125
 INFO 07-15 17:56:16,753 SystemLoadProfiler:50 [pool-8-thread-1] - Average CPU Load: 0.01 in VM-125
 INFO 07-15 17:56:16,753 TaskEventRateCalculator:114 [pool-8-thread-1] - ---- Start of task processed event (# tasks: 0 in executor VM-125)----
----- End of taks processed event ----

 INFO 07-15 17:56:16,753 CpuBottleneckDetectorImpl:63 [pool-8-thread-1] - Current cpu load: 0.01, # processed events: 0, consecutive: 0/2, threshold: 0.9 in VM-125
 INFO 07-15 17:56:17,753 SystemLoadProfiler:50 [pool-8-thread-1] - Average CPU Load: 0.01 in VM-125
 INFO 07-15 17:56:17,753 TaskEventRateCalculator:114 [pool-8-thread-1] - ---- Start of task processed event (# tasks: 0 in executor VM-125)----
----- End of taks processed event ----

 INFO 07-15 17:56:17,754 CpuBottleneckDetectorImpl:63 [pool-8-thread-1] - Current cpu load: 0.01, # processed events: 0, consecutive: 0/2, threshold: 0.9 in VM-125
 INFO 07-15 17:56:18,753 SystemLoadProfiler:50 [pool-8-thread-1] - Average CPU Load: 0.01 in VM-125
 INFO 07-15 17:56:18,753 TaskEventRateCalculator:114 [pool-8-thread-1] - ---- Start of task processed event (# tasks: 0 in executor VM-125)----
----- End of taks processed event ----

 INFO 07-15 17:56:18,754 CpuBottleneckDetectorImpl:63 [pool-8-thread-1] - Current cpu load: 0.01, # processed events: 0, consecutive: 0/2, threshold: 0.9 in VM-125
 INFO 07-15 17:56:19,753 SystemLoadProfiler:50 [pool-8-thread-1] - Average CPU Load: 0.01 in VM-125
 INFO 07-15 17:56:19,753 TaskEventRateCalculator:114 [pool-8-thread-1] - ---- Start of task processed event (# tasks: 0 in executor VM-125)----
----- End of taks processed event ----

 INFO 07-15 17:56:19,753 CpuBottleneckDetectorImpl:63 [pool-8-thread-1] - Current cpu load: 0.01, # processed events: 0, consecutive: 0/2, threshold: 0.9 in VM-125
 INFO 07-15 17:56:20,753 SystemLoadProfiler:50 [pool-8-thread-1] - Average CPU Load: 0.01 in VM-125
 INFO 07-15 17:56:20,753 TaskEventRateCalculator:114 [pool-8-thread-1] - ---- Start of task processed event (# tasks: 0 in executor VM-125)----
----- End of taks processed event ----

 INFO 07-15 17:56:20,753 CpuBottleneckDetectorImpl:63 [pool-8-thread-1] - Current cpu load: 0.01, # processed events: 0, consecutive: 0/2, threshold: 0.9 in VM-125
 INFO 07-15 17:56:21,753 SystemLoadProfiler:50 [pool-8-thread-1] - Average CPU Load: 0.01 in VM-125
 INFO 07-15 17:56:21,753 TaskEventRateCalculator:114 [pool-8-thread-1] - ---- Start of task processed event (# tasks: 0 in executor VM-125)----
----- End of taks processed event ----

 INFO 07-15 17:56:21,754 CpuBottleneckDetectorImpl:63 [pool-8-thread-1] - Current cpu load: 0.01, # processed events: 0, consecutive: 0/2, threshold: 0.9 in VM-125
 INFO 07-15 17:56:22,753 SystemLoadProfiler:50 [pool-8-thread-1] - Average CPU Load: 0.01 in VM-125
 INFO 07-15 17:56:22,753 TaskEventRateCalculator:114 [pool-8-thread-1] - ---- Start of task processed event (# tasks: 0 in executor VM-125)----
----- End of taks processed event ----

 INFO 07-15 17:56:22,753 CpuBottleneckDetectorImpl:63 [pool-8-thread-1] - Current cpu load: 0.01, # processed events: 0, consecutive: 0/2, threshold: 0.9 in VM-125
 INFO 07-15 17:56:23,753 SystemLoadProfiler:50 [pool-8-thread-1] - Average CPU Load: 0.01 in VM-125
 INFO 07-15 17:56:23,753 TaskEventRateCalculator:114 [pool-8-thread-1] - ---- Start of task processed event (# tasks: 0 in executor VM-125)----
----- End of taks processed event ----

 INFO 07-15 17:56:23,753 CpuBottleneckDetectorImpl:63 [pool-8-thread-1] - Current cpu load: 0.01, # processed events: 0, consecutive: 0/2, threshold: 0.9 in VM-125
 INFO 07-15 17:56:24,753 SystemLoadProfiler:50 [pool-8-thread-1] - Average CPU Load: 0.01 in VM-125
 INFO 07-15 17:56:24,753 TaskEventRateCalculator:114 [pool-8-thread-1] - ---- Start of task processed event (# tasks: 0 in executor VM-125)----
----- End of taks processed event ----

 INFO 07-15 17:56:24,753 CpuBottleneckDetectorImpl:63 [pool-8-thread-1] - Current cpu load: 0.01, # processed events: 0, consecutive: 0/2, threshold: 0.9 in VM-125
 INFO 07-15 17:56:25,753 SystemLoadProfiler:50 [pool-8-thread-1] - Average CPU Load: 0.01 in VM-125
 INFO 07-15 17:56:25,753 TaskEventRateCalculator:114 [pool-8-thread-1] - ---- Start of task processed event (# tasks: 0 in executor VM-125)----
----- End of taks processed event ----

 INFO 07-15 17:56:25,754 CpuBottleneckDetectorImpl:63 [pool-8-thread-1] - Current cpu load: 0.01, # processed events: 0, consecutive: 0/2, threshold: 0.9 in VM-125
 INFO 07-15 17:56:26,753 SystemLoadProfiler:50 [pool-8-thread-1] - Average CPU Load: 0.01 in VM-125
 INFO 07-15 17:56:26,753 TaskEventRateCalculator:114 [pool-8-thread-1] - ---- Start of task processed event (# tasks: 0 in executor VM-125)----
----- End of taks processed event ----

 INFO 07-15 17:56:26,754 CpuBottleneckDetectorImpl:63 [pool-8-thread-1] - Current cpu load: 0.01, # processed events: 0, consecutive: 0/2, threshold: 0.9 in VM-125
 INFO 07-15 17:56:27,753 SystemLoadProfiler:50 [pool-8-thread-1] - Average CPU Load: 0.01 in VM-125
 INFO 07-15 17:56:27,753 TaskEventRateCalculator:114 [pool-8-thread-1] - ---- Start of task processed event (# tasks: 0 in executor VM-125)----
----- End of taks processed event ----

 INFO 07-15 17:56:27,754 CpuBottleneckDetectorImpl:63 [pool-8-thread-1] - Current cpu load: 0.01, # processed events: 0, consecutive: 0/2, threshold: 0.9 in VM-125
 INFO 07-15 17:56:28,753 SystemLoadProfiler:50 [pool-8-thread-1] - Average CPU Load: 0.01 in VM-125
 INFO 07-15 17:56:28,753 TaskEventRateCalculator:114 [pool-8-thread-1] - ---- Start of task processed event (# tasks: 0 in executor VM-125)----
----- End of taks processed event ----

 INFO 07-15 17:56:28,753 CpuBottleneckDetectorImpl:63 [pool-8-thread-1] - Current cpu load: 0.01, # processed events: 0, consecutive: 0/2, threshold: 0.9 in VM-125
 INFO 07-15 17:56:29,753 SystemLoadProfiler:50 [pool-8-thread-1] - Average CPU Load: 0.01 in VM-125
 INFO 07-15 17:56:29,753 TaskEventRateCalculator:114 [pool-8-thread-1] - ---- Start of task processed event (# tasks: 0 in executor VM-125)----
----- End of taks processed event ----

 INFO 07-15 17:56:29,753 CpuBottleneckDetectorImpl:63 [pool-8-thread-1] - Current cpu load: 0.01, # processed events: 0, consecutive: 0/2, threshold: 0.9 in VM-125
 INFO 07-15 17:56:30,753 SystemLoadProfiler:50 [pool-8-thread-1] - Average CPU Load: 0.01 in VM-125
 INFO 07-15 17:56:30,753 TaskEventRateCalculator:114 [pool-8-thread-1] - ---- Start of task processed event (# tasks: 0 in executor VM-125)----
----- End of taks processed event ----

 INFO 07-15 17:56:30,753 CpuBottleneckDetectorImpl:63 [pool-8-thread-1] - Current cpu load: 0.01, # processed events: 0, consecutive: 0/2, threshold: 0.9 in VM-125
 INFO 07-15 17:56:31,753 SystemLoadProfiler:50 [pool-8-thread-1] - Average CPU Load: 0.01 in VM-125
 INFO 07-15 17:56:31,753 TaskEventRateCalculator:114 [pool-8-thread-1] - ---- Start of task processed event (# tasks: 0 in executor VM-125)----
----- End of taks processed event ----

 INFO 07-15 17:56:31,753 CpuBottleneckDetectorImpl:63 [pool-8-thread-1] - Current cpu load: 0.01, # processed events: 0, consecutive: 0/2, threshold: 0.9 in VM-125
 INFO 07-15 17:56:32,753 SystemLoadProfiler:50 [pool-8-thread-1] - Average CPU Load: 0.01 in VM-125
 INFO 07-15 17:56:32,753 TaskEventRateCalculator:114 [pool-8-thread-1] - ---- Start of task processed event (# tasks: 0 in executor VM-125)----
----- End of taks processed event ----

 INFO 07-15 17:56:32,753 CpuBottleneckDetectorImpl:63 [pool-8-thread-1] - Current cpu load: 0.01, # processed events: 0, consecutive: 0/2, threshold: 0.9 in VM-125
 INFO 07-15 17:56:33,753 SystemLoadProfiler:50 [pool-8-thread-1] - Average CPU Load: 0.01 in VM-125
 INFO 07-15 17:56:33,753 TaskEventRateCalculator:114 [pool-8-thread-1] - ---- Start of task processed event (# tasks: 0 in executor VM-125)----
----- End of taks processed event ----

 INFO 07-15 17:56:33,754 CpuBottleneckDetectorImpl:63 [pool-8-thread-1] - Current cpu load: 0.01, # processed events: 0, consecutive: 0/2, threshold: 0.9 in VM-125
 INFO 07-15 17:56:34,753 SystemLoadProfiler:50 [pool-8-thread-1] - Average CPU Load: 0.01 in VM-125
 INFO 07-15 17:56:34,753 TaskEventRateCalculator:114 [pool-8-thread-1] - ---- Start of task processed event (# tasks: 0 in executor VM-125)----
----- End of taks processed event ----

 INFO 07-15 17:56:34,753 CpuBottleneckDetectorImpl:63 [pool-8-thread-1] - Current cpu load: 0.01, # processed events: 0, consecutive: 0/2, threshold: 0.9 in VM-125
 INFO 07-15 17:56:35,753 SystemLoadProfiler:50 [pool-8-thread-1] - Average CPU Load: 0.01 in VM-125
 INFO 07-15 17:56:35,753 TaskEventRateCalculator:114 [pool-8-thread-1] - ---- Start of task processed event (# tasks: 0 in executor VM-125)----
----- End of taks processed event ----

 INFO 07-15 17:56:35,753 CpuBottleneckDetectorImpl:63 [pool-8-thread-1] - Current cpu load: 0.01, # processed events: 0, consecutive: 0/2, threshold: 0.9 in VM-125
 INFO 07-15 17:56:36,753 SystemLoadProfiler:50 [pool-8-thread-1] - Average CPU Load: 0.01 in VM-125
 INFO 07-15 17:56:36,753 TaskEventRateCalculator:114 [pool-8-thread-1] - ---- Start of task processed event (# tasks: 0 in executor VM-125)----
----- End of taks processed event ----

 INFO 07-15 17:56:36,753 CpuBottleneckDetectorImpl:63 [pool-8-thread-1] - Current cpu load: 0.01, # processed events: 0, consecutive: 0/2, threshold: 0.9 in VM-125
 INFO 07-15 17:56:37,753 SystemLoadProfiler:50 [pool-8-thread-1] - Average CPU Load: 0.01 in VM-125
 INFO 07-15 17:56:37,753 TaskEventRateCalculator:114 [pool-8-thread-1] - ---- Start of task processed event (# tasks: 0 in executor VM-125)----
----- End of taks processed event ----

 INFO 07-15 17:56:37,753 CpuBottleneckDetectorImpl:63 [pool-8-thread-1] - Current cpu load: 0.01, # processed events: 0, consecutive: 0/2, threshold: 0.9 in VM-125
 INFO 07-15 17:56:38,753 SystemLoadProfiler:50 [pool-8-thread-1] - Average CPU Load: 0.01 in VM-125
 INFO 07-15 17:56:38,753 TaskEventRateCalculator:114 [pool-8-thread-1] - ---- Start of task processed event (# tasks: 0 in executor VM-125)----
----- End of taks processed event ----

 INFO 07-15 17:56:38,753 CpuBottleneckDetectorImpl:63 [pool-8-thread-1] - Current cpu load: 0.01, # processed events: 0, consecutive: 0/2, threshold: 0.9 in VM-125
 INFO 07-15 17:56:39,753 SystemLoadProfiler:50 [pool-8-thread-1] - Average CPU Load: 0.01 in VM-125
 INFO 07-15 17:56:39,753 TaskEventRateCalculator:114 [pool-8-thread-1] - ---- Start of task processed event (# tasks: 0 in executor VM-125)----
----- End of taks processed event ----

 INFO 07-15 17:56:39,753 CpuBottleneckDetectorImpl:63 [pool-8-thread-1] - Current cpu load: 0.01, # processed events: 0, consecutive: 0/2, threshold: 0.9 in VM-125
 INFO 07-15 17:56:40,753 SystemLoadProfiler:50 [pool-8-thread-1] - Average CPU Load: 0.01 in VM-125
 INFO 07-15 17:56:40,753 TaskEventRateCalculator:114 [pool-8-thread-1] - ---- Start of task processed event (# tasks: 0 in executor VM-125)----
----- End of taks processed event ----

 INFO 07-15 17:56:40,753 CpuBottleneckDetectorImpl:63 [pool-8-thread-1] - Current cpu load: 0.01, # processed events: 0, consecutive: 0/2, threshold: 0.9 in VM-125
 INFO 07-15 17:56:41,753 SystemLoadProfiler:50 [pool-8-thread-1] - Average CPU Load: 0.01 in VM-125
 INFO 07-15 17:56:41,753 TaskEventRateCalculator:114 [pool-8-thread-1] - ---- Start of task processed event (# tasks: 0 in executor VM-125)----
----- End of taks processed event ----

 INFO 07-15 17:56:41,753 CpuBottleneckDetectorImpl:63 [pool-8-thread-1] - Current cpu load: 0.01, # processed events: 0, consecutive: 0/2, threshold: 0.9 in VM-125
 INFO 07-15 17:56:42,753 SystemLoadProfiler:50 [pool-8-thread-1] - Average CPU Load: 0.01 in VM-125
 INFO 07-15 17:56:42,753 TaskEventRateCalculator:114 [pool-8-thread-1] - ---- Start of task processed event (# tasks: 0 in executor VM-125)----
----- End of taks processed event ----

 INFO 07-15 17:56:42,754 CpuBottleneckDetectorImpl:63 [pool-8-thread-1] - Current cpu load: 0.01, # processed events: 0, consecutive: 0/2, threshold: 0.9 in VM-125
 INFO 07-15 17:56:43,753 SystemLoadProfiler:50 [pool-8-thread-1] - Average CPU Load: 0.01 in VM-125
 INFO 07-15 17:56:43,753 TaskEventRateCalculator:114 [pool-8-thread-1] - ---- Start of task processed event (# tasks: 0 in executor VM-125)----
----- End of taks processed event ----

 INFO 07-15 17:56:43,754 CpuBottleneckDetectorImpl:63 [pool-8-thread-1] - Current cpu load: 0.01, # processed events: 0, consecutive: 0/2, threshold: 0.9 in VM-125
 INFO 07-15 17:56:44,753 SystemLoadProfiler:50 [pool-8-thread-1] - Average CPU Load: 0.01 in VM-125
 INFO 07-15 17:56:44,753 TaskEventRateCalculator:114 [pool-8-thread-1] - ---- Start of task processed event (# tasks: 0 in executor VM-125)----
----- End of taks processed event ----

 INFO 07-15 17:56:44,754 CpuBottleneckDetectorImpl:63 [pool-8-thread-1] - Current cpu load: 0.01, # processed events: 0, consecutive: 0/2, threshold: 0.9 in VM-125
 INFO 07-15 17:56:45,753 SystemLoadProfiler:50 [pool-8-thread-1] - Average CPU Load: 0.01 in VM-125
 INFO 07-15 17:56:45,753 TaskEventRateCalculator:114 [pool-8-thread-1] - ---- Start of task processed event (# tasks: 0 in executor VM-125)----
----- End of taks processed event ----

 INFO 07-15 17:56:45,754 CpuBottleneckDetectorImpl:63 [pool-8-thread-1] - Current cpu load: 0.01, # processed events: 0, consecutive: 0/2, threshold: 0.9 in VM-125
 INFO 07-15 17:56:46,753 SystemLoadProfiler:50 [pool-8-thread-1] - Average CPU Load: 0.01 in VM-125
 INFO 07-15 17:56:46,753 TaskEventRateCalculator:114 [pool-8-thread-1] - ---- Start of task processed event (# tasks: 0 in executor VM-125)----
----- End of taks processed event ----

 INFO 07-15 17:56:46,753 CpuBottleneckDetectorImpl:63 [pool-8-thread-1] - Current cpu load: 0.01, # processed events: 0, consecutive: 0/2, threshold: 0.9 in VM-125
 INFO 07-15 17:56:47,753 SystemLoadProfiler:50 [pool-8-thread-1] - Average CPU Load: 0.01 in VM-125
 INFO 07-15 17:56:47,753 TaskEventRateCalculator:114 [pool-8-thread-1] - ---- Start of task processed event (# tasks: 0 in executor VM-125)----
----- End of taks processed event ----

 INFO 07-15 17:56:47,753 CpuBottleneckDetectorImpl:63 [pool-8-thread-1] - Current cpu load: 0.01, # processed events: 0, consecutive: 0/2, threshold: 0.9 in VM-125
 INFO 07-15 17:56:48,753 SystemLoadProfiler:50 [pool-8-thread-1] - Average CPU Load: 0.01 in VM-125
 INFO 07-15 17:56:48,753 TaskEventRateCalculator:114 [pool-8-thread-1] - ---- Start of task processed event (# tasks: 0 in executor VM-125)----
----- End of taks processed event ----

 INFO 07-15 17:56:48,753 CpuBottleneckDetectorImpl:63 [pool-8-thread-1] - Current cpu load: 0.01, # processed events: 0, consecutive: 0/2, threshold: 0.9 in VM-125
 INFO 07-15 17:56:49,753 SystemLoadProfiler:50 [pool-8-thread-1] - Average CPU Load: 0.01 in VM-125
 INFO 07-15 17:56:49,753 TaskEventRateCalculator:114 [pool-8-thread-1] - ---- Start of task processed event (# tasks: 0 in executor VM-125)----
----- End of taks processed event ----

 INFO 07-15 17:56:49,754 CpuBottleneckDetectorImpl:63 [pool-8-thread-1] - Current cpu load: 0.01, # processed events: 0, consecutive: 0/2, threshold: 0.9 in VM-125
 INFO 07-15 17:56:50,753 SystemLoadProfiler:50 [pool-8-thread-1] - Average CPU Load: 0.01 in VM-125
 INFO 07-15 17:56:50,753 TaskEventRateCalculator:114 [pool-8-thread-1] - ---- Start of task processed event (# tasks: 0 in executor VM-125)----
----- End of taks processed event ----

 INFO 07-15 17:56:50,754 CpuBottleneckDetectorImpl:63 [pool-8-thread-1] - Current cpu load: 0.01, # processed events: 0, consecutive: 0/2, threshold: 0.9 in VM-125
 INFO 07-15 17:56:51,753 SystemLoadProfiler:50 [pool-8-thread-1] - Average CPU Load: 0.01 in VM-125
 INFO 07-15 17:56:51,753 TaskEventRateCalculator:114 [pool-8-thread-1] - ---- Start of task processed event (# tasks: 0 in executor VM-125)----
----- End of taks processed event ----

 INFO 07-15 17:56:51,753 CpuBottleneckDetectorImpl:63 [pool-8-thread-1] - Current cpu load: 0.01, # processed events: 0, consecutive: 0/2, threshold: 0.9 in VM-125
 INFO 07-15 17:56:52,753 SystemLoadProfiler:50 [pool-8-thread-1] - Average CPU Load: 0.01 in VM-125
 INFO 07-15 17:56:52,753 TaskEventRateCalculator:114 [pool-8-thread-1] - ---- Start of task processed event (# tasks: 0 in executor VM-125)----
----- End of taks processed event ----

 INFO 07-15 17:56:52,754 CpuBottleneckDetectorImpl:63 [pool-8-thread-1] - Current cpu load: 0.01, # processed events: 0, consecutive: 0/2, threshold: 0.9 in VM-125
 INFO 07-15 17:56:53,753 SystemLoadProfiler:50 [pool-8-thread-1] - Average CPU Load: 0.01 in VM-125
 INFO 07-15 17:56:53,753 TaskEventRateCalculator:114 [pool-8-thread-1] - ---- Start of task processed event (# tasks: 0 in executor VM-125)----
----- End of taks processed event ----

 INFO 07-15 17:56:53,754 CpuBottleneckDetectorImpl:63 [pool-8-thread-1] - Current cpu load: 0.01, # processed events: 0, consecutive: 0/2, threshold: 0.9 in VM-125
 INFO 07-15 17:56:54,753 SystemLoadProfiler:50 [pool-8-thread-1] - Average CPU Load: 0.01 in VM-125
 INFO 07-15 17:56:54,753 TaskEventRateCalculator:114 [pool-8-thread-1] - ---- Start of task processed event (# tasks: 0 in executor VM-125)----
----- End of taks processed event ----

 INFO 07-15 17:56:54,753 CpuBottleneckDetectorImpl:63 [pool-8-thread-1] - Current cpu load: 0.01, # processed events: 0, consecutive: 0/2, threshold: 0.9 in VM-125
 INFO 07-15 17:56:55,753 SystemLoadProfiler:50 [pool-8-thread-1] - Average CPU Load: 0.01 in VM-125
 INFO 07-15 17:56:55,753 TaskEventRateCalculator:114 [pool-8-thread-1] - ---- Start of task processed event (# tasks: 0 in executor VM-125)----
----- End of taks processed event ----

 INFO 07-15 17:56:55,753 CpuBottleneckDetectorImpl:63 [pool-8-thread-1] - Current cpu load: 0.01, # processed events: 0, consecutive: 0/2, threshold: 0.9 in VM-125
 INFO 07-15 17:56:56,753 SystemLoadProfiler:50 [pool-8-thread-1] - Average CPU Load: 0.01 in VM-125
 INFO 07-15 17:56:56,753 TaskEventRateCalculator:114 [pool-8-thread-1] - ---- Start of task processed event (# tasks: 0 in executor VM-125)----
----- End of taks processed event ----

 INFO 07-15 17:56:56,753 CpuBottleneckDetectorImpl:63 [pool-8-thread-1] - Current cpu load: 0.01, # processed events: 0, consecutive: 0/2, threshold: 0.9 in VM-125
 INFO 07-15 17:56:57,753 SystemLoadProfiler:50 [pool-8-thread-1] - Average CPU Load: 0.01 in VM-125
 INFO 07-15 17:56:57,753 TaskEventRateCalculator:114 [pool-8-thread-1] - ---- Start of task processed event (# tasks: 0 in executor VM-125)----
----- End of taks processed event ----

 INFO 07-15 17:56:57,753 CpuBottleneckDetectorImpl:63 [pool-8-thread-1] - Current cpu load: 0.01, # processed events: 0, consecutive: 0/2, threshold: 0.9 in VM-125
 INFO 07-15 17:56:58,753 SystemLoadProfiler:50 [pool-8-thread-1] - Average CPU Load: 0.01 in VM-125
 INFO 07-15 17:56:58,753 TaskEventRateCalculator:114 [pool-8-thread-1] - ---- Start of task processed event (# tasks: 0 in executor VM-125)----
----- End of taks processed event ----

 INFO 07-15 17:56:58,753 CpuBottleneckDetectorImpl:63 [pool-8-thread-1] - Current cpu load: 0.01, # processed events: 0, consecutive: 0/2, threshold: 0.9 in VM-125
 INFO 07-15 17:56:59,753 SystemLoadProfiler:50 [pool-8-thread-1] - Average CPU Load: 0.01 in VM-125
 INFO 07-15 17:56:59,753 TaskEventRateCalculator:114 [pool-8-thread-1] - ---- Start of task processed event (# tasks: 0 in executor VM-125)----
----- End of taks processed event ----

 INFO 07-15 17:56:59,753 CpuBottleneckDetectorImpl:63 [pool-8-thread-1] - Current cpu load: 0.01, # processed events: 0, consecutive: 0/2, threshold: 0.9 in VM-125
 INFO 07-15 17:57:00,753 SystemLoadProfiler:50 [pool-8-thread-1] - Average CPU Load: 0.01 in VM-125
 INFO 07-15 17:57:00,753 TaskEventRateCalculator:114 [pool-8-thread-1] - ---- Start of task processed event (# tasks: 0 in executor VM-125)----
----- End of taks processed event ----

 INFO 07-15 17:57:00,753 CpuBottleneckDetectorImpl:63 [pool-8-thread-1] - Current cpu load: 0.01, # processed events: 0, consecutive: 0/2, threshold: 0.9 in VM-125
 INFO 07-15 17:57:01,753 SystemLoadProfiler:50 [pool-8-thread-1] - Average CPU Load: 0.01 in VM-125
 INFO 07-15 17:57:01,753 TaskEventRateCalculator:114 [pool-8-thread-1] - ---- Start of task processed event (# tasks: 0 in executor VM-125)----
----- End of taks processed event ----

 INFO 07-15 17:57:01,753 CpuBottleneckDetectorImpl:63 [pool-8-thread-1] - Current cpu load: 0.01, # processed events: 0, consecutive: 0/2, threshold: 0.9 in VM-125
 INFO 07-15 17:57:02,753 SystemLoadProfiler:50 [pool-8-thread-1] - Average CPU Load: 0.01 in VM-125
 INFO 07-15 17:57:02,753 TaskEventRateCalculator:114 [pool-8-thread-1] - ---- Start of task processed event (# tasks: 0 in executor VM-125)----
----- End of taks processed event ----

 INFO 07-15 17:57:02,753 CpuBottleneckDetectorImpl:63 [pool-8-thread-1] - Current cpu load: 0.01, # processed events: 0, consecutive: 0/2, threshold: 0.9 in VM-125
 INFO 07-15 17:57:03,753 SystemLoadProfiler:50 [pool-8-thread-1] - Average CPU Load: 0.01 in VM-125
 INFO 07-15 17:57:03,753 TaskEventRateCalculator:114 [pool-8-thread-1] - ---- Start of task processed event (# tasks: 0 in executor VM-125)----
----- End of taks processed event ----

 INFO 07-15 17:57:03,753 CpuBottleneckDetectorImpl:63 [pool-8-thread-1] - Current cpu load: 0.01, # processed events: 0, consecutive: 0/2, threshold: 0.9 in VM-125
 INFO 07-15 17:57:04,753 SystemLoadProfiler:50 [pool-8-thread-1] - Average CPU Load: 0.01 in VM-125
 INFO 07-15 17:57:04,753 TaskEventRateCalculator:114 [pool-8-thread-1] - ---- Start of task processed event (# tasks: 0 in executor VM-125)----
----- End of taks processed event ----

 INFO 07-15 17:57:04,753 CpuBottleneckDetectorImpl:63 [pool-8-thread-1] - Current cpu load: 0.01, # processed events: 0, consecutive: 0/2, threshold: 0.9 in VM-125
 INFO 07-15 17:57:05,753 SystemLoadProfiler:50 [pool-8-thread-1] - Average CPU Load: 0.01 in VM-125
 INFO 07-15 17:57:05,753 TaskEventRateCalculator:114 [pool-8-thread-1] - ---- Start of task processed event (# tasks: 0 in executor VM-125)----
----- End of taks processed event ----

 INFO 07-15 17:57:05,753 CpuBottleneckDetectorImpl:63 [pool-8-thread-1] - Current cpu load: 0.01, # processed events: 0, consecutive: 0/2, threshold: 0.9 in VM-125
 INFO 07-15 17:57:06,753 SystemLoadProfiler:50 [pool-8-thread-1] - Average CPU Load: 0.01 in VM-125
 INFO 07-15 17:57:06,753 TaskEventRateCalculator:114 [pool-8-thread-1] - ---- Start of task processed event (# tasks: 0 in executor VM-125)----
----- End of taks processed event ----

 INFO 07-15 17:57:06,753 CpuBottleneckDetectorImpl:63 [pool-8-thread-1] - Current cpu load: 0.01, # processed events: 0, consecutive: 0/2, threshold: 0.9 in VM-125
 INFO 07-15 17:57:07,753 SystemLoadProfiler:50 [pool-8-thread-1] - Average CPU Load: 0.01 in VM-125
 INFO 07-15 17:57:07,753 TaskEventRateCalculator:114 [pool-8-thread-1] - ---- Start of task processed event (# tasks: 0 in executor VM-125)----
----- End of taks processed event ----

 INFO 07-15 17:57:07,753 CpuBottleneckDetectorImpl:63 [pool-8-thread-1] - Current cpu load: 0.01, # processed events: 0, consecutive: 0/2, threshold: 0.9 in VM-125
 INFO 07-15 17:57:08,753 SystemLoadProfiler:50 [pool-8-thread-1] - Average CPU Load: 0.01 in VM-125
 INFO 07-15 17:57:08,753 TaskEventRateCalculator:114 [pool-8-thread-1] - ---- Start of task processed event (# tasks: 0 in executor VM-125)----
----- End of taks processed event ----

 INFO 07-15 17:57:08,753 CpuBottleneckDetectorImpl:63 [pool-8-thread-1] - Current cpu load: 0.01, # processed events: 0, consecutive: 0/2, threshold: 0.9 in VM-125
 INFO 07-15 17:57:09,753 SystemLoadProfiler:50 [pool-8-thread-1] - Average CPU Load: 0.01 in VM-125
 INFO 07-15 17:57:09,753 TaskEventRateCalculator:114 [pool-8-thread-1] - ---- Start of task processed event (# tasks: 0 in executor VM-125)----
----- End of taks processed event ----

 INFO 07-15 17:57:09,753 CpuBottleneckDetectorImpl:63 [pool-8-thread-1] - Current cpu load: 0.01, # processed events: 0, consecutive: 0/2, threshold: 0.9 in VM-125
 INFO 07-15 17:57:10,753 SystemLoadProfiler:50 [pool-8-thread-1] - Average CPU Load: 0.01 in VM-125
 INFO 07-15 17:57:10,753 TaskEventRateCalculator:114 [pool-8-thread-1] - ---- Start of task processed event (# tasks: 0 in executor VM-125)----
----- End of taks processed event ----

 INFO 07-15 17:57:10,753 CpuBottleneckDetectorImpl:63 [pool-8-thread-1] - Current cpu load: 0.01, # processed events: 0, consecutive: 0/2, threshold: 0.9 in VM-125
 INFO 07-15 17:57:11,753 SystemLoadProfiler:50 [pool-8-thread-1] - Average CPU Load: 0.01 in VM-125
 INFO 07-15 17:57:11,753 TaskEventRateCalculator:114 [pool-8-thread-1] - ---- Start of task processed event (# tasks: 0 in executor VM-125)----
----- End of taks processed event ----

 INFO 07-15 17:57:11,753 CpuBottleneckDetectorImpl:63 [pool-8-thread-1] - Current cpu load: 0.01, # processed events: 0, consecutive: 0/2, threshold: 0.9 in VM-125
 INFO 07-15 17:57:12,753 SystemLoadProfiler:50 [pool-8-thread-1] - Average CPU Load: 0.01 in VM-125
 INFO 07-15 17:57:12,753 TaskEventRateCalculator:114 [pool-8-thread-1] - ---- Start of task processed event (# tasks: 0 in executor VM-125)----
----- End of taks processed event ----

 INFO 07-15 17:57:12,753 CpuBottleneckDetectorImpl:63 [pool-8-thread-1] - Current cpu load: 0.01, # processed events: 0, consecutive: 0/2, threshold: 0.9 in VM-125
 INFO 07-15 17:57:13,753 SystemLoadProfiler:50 [pool-8-thread-1] - Average CPU Load: 0.01 in VM-125
 INFO 07-15 17:57:13,753 TaskEventRateCalculator:114 [pool-8-thread-1] - ---- Start of task processed event (# tasks: 0 in executor VM-125)----
----- End of taks processed event ----

 INFO 07-15 17:57:13,753 CpuBottleneckDetectorImpl:63 [pool-8-thread-1] - Current cpu load: 0.01, # processed events: 0, consecutive: 0/2, threshold: 0.9 in VM-125
 INFO 07-15 17:57:14,753 SystemLoadProfiler:50 [pool-8-thread-1] - Average CPU Load: 0.01 in VM-125
 INFO 07-15 17:57:14,753 TaskEventRateCalculator:114 [pool-8-thread-1] - ---- Start of task processed event (# tasks: 0 in executor VM-125)----
----- End of taks processed event ----

 INFO 07-15 17:57:14,753 CpuBottleneckDetectorImpl:63 [pool-8-thread-1] - Current cpu load: 0.01, # processed events: 0, consecutive: 0/2, threshold: 0.9 in VM-125
 INFO 07-15 17:57:15,753 SystemLoadProfiler:50 [pool-8-thread-1] - Average CPU Load: 0.01 in VM-125
 INFO 07-15 17:57:15,753 TaskEventRateCalculator:114 [pool-8-thread-1] - ---- Start of task processed event (# tasks: 0 in executor VM-125)----
----- End of taks processed event ----

 INFO 07-15 17:57:15,753 CpuBottleneckDetectorImpl:63 [pool-8-thread-1] - Current cpu load: 0.01, # processed events: 0, consecutive: 0/2, threshold: 0.9 in VM-125
 INFO 07-15 17:57:16,753 SystemLoadProfiler:50 [pool-8-thread-1] - Average CPU Load: 0.01 in VM-125
 INFO 07-15 17:57:16,753 TaskEventRateCalculator:114 [pool-8-thread-1] - ---- Start of task processed event (# tasks: 0 in executor VM-125)----
----- End of taks processed event ----

 INFO 07-15 17:57:16,753 CpuBottleneckDetectorImpl:63 [pool-8-thread-1] - Current cpu load: 0.01, # processed events: 0, consecutive: 0/2, threshold: 0.9 in VM-125
 INFO 07-15 17:57:17,753 SystemLoadProfiler:50 [pool-8-thread-1] - Average CPU Load: 0.01 in VM-125
 INFO 07-15 17:57:17,753 TaskEventRateCalculator:114 [pool-8-thread-1] - ---- Start of task processed event (# tasks: 0 in executor VM-125)----
----- End of taks processed event ----

 INFO 07-15 17:57:17,753 CpuBottleneckDetectorImpl:63 [pool-8-thread-1] - Current cpu load: 0.01, # processed events: 0, consecutive: 0/2, threshold: 0.9 in VM-125
 INFO 07-15 17:57:18,753 SystemLoadProfiler:50 [pool-8-thread-1] - Average CPU Load: 0.01 in VM-125
 INFO 07-15 17:57:18,753 TaskEventRateCalculator:114 [pool-8-thread-1] - ---- Start of task processed event (# tasks: 0 in executor VM-125)----
----- End of taks processed event ----

 INFO 07-15 17:57:18,753 CpuBottleneckDetectorImpl:63 [pool-8-thread-1] - Current cpu load: 0.01, # processed events: 0, consecutive: 0/2, threshold: 0.9 in VM-125
 INFO 07-15 17:57:19,753 SystemLoadProfiler:50 [pool-8-thread-1] - Average CPU Load: 0.01 in VM-125
 INFO 07-15 17:57:19,753 TaskEventRateCalculator:114 [pool-8-thread-1] - ---- Start of task processed event (# tasks: 0 in executor VM-125)----
----- End of taks processed event ----

 INFO 07-15 17:57:19,753 CpuBottleneckDetectorImpl:63 [pool-8-thread-1] - Current cpu load: 0.01, # processed events: 0, consecutive: 0/2, threshold: 0.9 in VM-125
 INFO 07-15 17:57:20,753 SystemLoadProfiler:50 [pool-8-thread-1] - Average CPU Load: 0.01 in VM-125
 INFO 07-15 17:57:20,753 TaskEventRateCalculator:114 [pool-8-thread-1] - ---- Start of task processed event (# tasks: 0 in executor VM-125)----
----- End of taks processed event ----

 INFO 07-15 17:57:20,753 CpuBottleneckDetectorImpl:63 [pool-8-thread-1] - Current cpu load: 0.01, # processed events: 0, consecutive: 0/2, threshold: 0.9 in VM-125
 INFO 07-15 17:57:21,753 SystemLoadProfiler:50 [pool-8-thread-1] - Average CPU Load: 0.01 in VM-125
 INFO 07-15 17:57:21,753 TaskEventRateCalculator:114 [pool-8-thread-1] - ---- Start of task processed event (# tasks: 0 in executor VM-125)----
----- End of taks processed event ----

 INFO 07-15 17:57:21,753 CpuBottleneckDetectorImpl:63 [pool-8-thread-1] - Current cpu load: 0.01, # processed events: 0, consecutive: 0/2, threshold: 0.9 in VM-125
 INFO 07-15 17:57:22,753 SystemLoadProfiler:50 [pool-8-thread-1] - Average CPU Load: 0.01 in VM-125
 INFO 07-15 17:57:22,753 TaskEventRateCalculator:114 [pool-8-thread-1] - ---- Start of task processed event (# tasks: 0 in executor VM-125)----
----- End of taks processed event ----

 INFO 07-15 17:57:22,753 CpuBottleneckDetectorImpl:63 [pool-8-thread-1] - Current cpu load: 0.01, # processed events: 0, consecutive: 0/2, threshold: 0.9 in VM-125
 INFO 07-15 17:57:23,753 SystemLoadProfiler:50 [pool-8-thread-1] - Average CPU Load: 0.01 in VM-125
 INFO 07-15 17:57:23,753 TaskEventRateCalculator:114 [pool-8-thread-1] - ---- Start of task processed event (# tasks: 0 in executor VM-125)----
----- End of taks processed event ----

 INFO 07-15 17:57:23,753 CpuBottleneckDetectorImpl:63 [pool-8-thread-1] - Current cpu load: 0.01, # processed events: 0, consecutive: 0/2, threshold: 0.9 in VM-125
 INFO 07-15 17:57:24,753 SystemLoadProfiler:50 [pool-8-thread-1] - Average CPU Load: 0.01 in VM-125
 INFO 07-15 17:57:24,753 TaskEventRateCalculator:114 [pool-8-thread-1] - ---- Start of task processed event (# tasks: 0 in executor VM-125)----
----- End of taks processed event ----

 INFO 07-15 17:57:24,753 CpuBottleneckDetectorImpl:63 [pool-8-thread-1] - Current cpu load: 0.01, # processed events: 0, consecutive: 0/2, threshold: 0.9 in VM-125
 INFO 07-15 17:57:25,753 SystemLoadProfiler:50 [pool-8-thread-1] - Average CPU Load: 0.01 in VM-125
 INFO 07-15 17:57:25,753 TaskEventRateCalculator:114 [pool-8-thread-1] - ---- Start of task processed event (# tasks: 0 in executor VM-125)----
----- End of taks processed event ----

 INFO 07-15 17:57:25,753 CpuBottleneckDetectorImpl:63 [pool-8-thread-1] - Current cpu load: 0.01, # processed events: 0, consecutive: 0/2, threshold: 0.9 in VM-125
 INFO 07-15 17:57:26,753 SystemLoadProfiler:50 [pool-8-thread-1] - Average CPU Load: 0.01 in VM-125
 INFO 07-15 17:57:26,753 TaskEventRateCalculator:114 [pool-8-thread-1] - ---- Start of task processed event (# tasks: 0 in executor VM-125)----
----- End of taks processed event ----

 INFO 07-15 17:57:26,753 CpuBottleneckDetectorImpl:63 [pool-8-thread-1] - Current cpu load: 0.01, # processed events: 0, consecutive: 0/2, threshold: 0.9 in VM-125
 INFO 07-15 17:57:27,753 SystemLoadProfiler:50 [pool-8-thread-1] - Average CPU Load: 0.01 in VM-125
 INFO 07-15 17:57:27,753 TaskEventRateCalculator:114 [pool-8-thread-1] - ---- Start of task processed event (# tasks: 0 in executor VM-125)----
----- End of taks processed event ----

 INFO 07-15 17:57:27,753 CpuBottleneckDetectorImpl:63 [pool-8-thread-1] - Current cpu load: 0.01, # processed events: 0, consecutive: 0/2, threshold: 0.9 in VM-125
 INFO 07-15 17:57:28,753 SystemLoadProfiler:50 [pool-8-thread-1] - Average CPU Load: 0.01 in VM-125
 INFO 07-15 17:57:28,753 TaskEventRateCalculator:114 [pool-8-thread-1] - ---- Start of task processed event (# tasks: 0 in executor VM-125)----
----- End of taks processed event ----

 INFO 07-15 17:57:28,753 CpuBottleneckDetectorImpl:63 [pool-8-thread-1] - Current cpu load: 0.01, # processed events: 0, consecutive: 0/2, threshold: 0.9 in VM-125
 INFO 07-15 17:57:29,753 SystemLoadProfiler:50 [pool-8-thread-1] - Average CPU Load: 0.01 in VM-125
 INFO 07-15 17:57:29,753 TaskEventRateCalculator:114 [pool-8-thread-1] - ---- Start of task processed event (# tasks: 0 in executor VM-125)----
----- End of taks processed event ----

 INFO 07-15 17:57:29,753 CpuBottleneckDetectorImpl:63 [pool-8-thread-1] - Current cpu load: 0.01, # processed events: 0, consecutive: 0/2, threshold: 0.9 in VM-125
 INFO 07-15 17:57:30,753 SystemLoadProfiler:50 [pool-8-thread-1] - Average CPU Load: 0.01 in VM-125
 INFO 07-15 17:57:30,753 TaskEventRateCalculator:114 [pool-8-thread-1] - ---- Start of task processed event (# tasks: 0 in executor VM-125)----
----- End of taks processed event ----

 INFO 07-15 17:57:30,753 CpuBottleneckDetectorImpl:63 [pool-8-thread-1] - Current cpu load: 0.01, # processed events: 0, consecutive: 0/2, threshold: 0.9 in VM-125
 INFO 07-15 17:57:31,753 SystemLoadProfiler:50 [pool-8-thread-1] - Average CPU Load: 0.01 in VM-125
 INFO 07-15 17:57:31,753 TaskEventRateCalculator:114 [pool-8-thread-1] - ---- Start of task processed event (# tasks: 0 in executor VM-125)----
----- End of taks processed event ----

 INFO 07-15 17:57:31,753 CpuBottleneckDetectorImpl:63 [pool-8-thread-1] - Current cpu load: 0.01, # processed events: 0, consecutive: 0/2, threshold: 0.9 in VM-125
 INFO 07-15 17:57:32,753 SystemLoadProfiler:50 [pool-8-thread-1] - Average CPU Load: 0.01 in VM-125
 INFO 07-15 17:57:32,753 TaskEventRateCalculator:114 [pool-8-thread-1] - ---- Start of task processed event (# tasks: 0 in executor VM-125)----
----- End of taks processed event ----

 INFO 07-15 17:57:32,753 CpuBottleneckDetectorImpl:63 [pool-8-thread-1] - Current cpu load: 0.01, # processed events: 0, consecutive: 0/2, threshold: 0.9 in VM-125
 INFO 07-15 17:57:33,753 SystemLoadProfiler:50 [pool-8-thread-1] - Average CPU Load: 0.01 in VM-125
 INFO 07-15 17:57:33,753 TaskEventRateCalculator:114 [pool-8-thread-1] - ---- Start of task processed event (# tasks: 0 in executor VM-125)----
----- End of taks processed event ----

 INFO 07-15 17:57:33,753 CpuBottleneckDetectorImpl:63 [pool-8-thread-1] - Current cpu load: 0.01, # processed events: 0, consecutive: 0/2, threshold: 0.9 in VM-125
 INFO 07-15 17:57:34,753 SystemLoadProfiler:50 [pool-8-thread-1] - Average CPU Load: 0.01 in VM-125
 INFO 07-15 17:57:34,753 TaskEventRateCalculator:114 [pool-8-thread-1] - ---- Start of task processed event (# tasks: 0 in executor VM-125)----
----- End of taks processed event ----

 INFO 07-15 17:57:34,753 CpuBottleneckDetectorImpl:63 [pool-8-thread-1] - Current cpu load: 0.01, # processed events: 0, consecutive: 0/2, threshold: 0.9 in VM-125
 INFO 07-15 17:57:35,753 SystemLoadProfiler:50 [pool-8-thread-1] - Average CPU Load: 0.01 in VM-125
 INFO 07-15 17:57:35,753 TaskEventRateCalculator:114 [pool-8-thread-1] - ---- Start of task processed event (# tasks: 0 in executor VM-125)----
----- End of taks processed event ----

 INFO 07-15 17:57:35,753 CpuBottleneckDetectorImpl:63 [pool-8-thread-1] - Current cpu load: 0.01, # processed events: 0, consecutive: 0/2, threshold: 0.9 in VM-125
 INFO 07-15 17:57:36,753 SystemLoadProfiler:50 [pool-8-thread-1] - Average CPU Load: 0.01 in VM-125
 INFO 07-15 17:57:36,753 TaskEventRateCalculator:114 [pool-8-thread-1] - ---- Start of task processed event (# tasks: 0 in executor VM-125)----
----- End of taks processed event ----

 INFO 07-15 17:57:36,753 CpuBottleneckDetectorImpl:63 [pool-8-thread-1] - Current cpu load: 0.01, # processed events: 0, consecutive: 0/2, threshold: 0.9 in VM-125
 INFO 07-15 17:57:37,753 SystemLoadProfiler:50 [pool-8-thread-1] - Average CPU Load: 0.01 in VM-125
 INFO 07-15 17:57:37,753 TaskEventRateCalculator:114 [pool-8-thread-1] - ---- Start of task processed event (# tasks: 0 in executor VM-125)----
----- End of taks processed event ----

 INFO 07-15 17:57:37,753 CpuBottleneckDetectorImpl:63 [pool-8-thread-1] - Current cpu load: 0.01, # processed events: 0, consecutive: 0/2, threshold: 0.9 in VM-125
 INFO 07-15 17:57:38,753 SystemLoadProfiler:50 [pool-8-thread-1] - Average CPU Load: 0.01 in VM-125
 INFO 07-15 17:57:38,753 TaskEventRateCalculator:114 [pool-8-thread-1] - ---- Start of task processed event (# tasks: 0 in executor VM-125)----
----- End of taks processed event ----

 INFO 07-15 17:57:38,753 CpuBottleneckDetectorImpl:63 [pool-8-thread-1] - Current cpu load: 0.01, # processed events: 0, consecutive: 0/2, threshold: 0.9 in VM-125
 INFO 07-15 17:57:39,753 SystemLoadProfiler:50 [pool-8-thread-1] - Average CPU Load: 0.01 in VM-125
 INFO 07-15 17:57:39,753 TaskEventRateCalculator:114 [pool-8-thread-1] - ---- Start of task processed event (# tasks: 0 in executor VM-125)----
----- End of taks processed event ----

 INFO 07-15 17:57:39,753 CpuBottleneckDetectorImpl:63 [pool-8-thread-1] - Current cpu load: 0.01, # processed events: 0, consecutive: 0/2, threshold: 0.9 in VM-125
 INFO 07-15 17:57:40,753 SystemLoadProfiler:50 [pool-8-thread-1] - Average CPU Load: 0.01 in VM-125
 INFO 07-15 17:57:40,753 TaskEventRateCalculator:114 [pool-8-thread-1] - ---- Start of task processed event (# tasks: 0 in executor VM-125)----
----- End of taks processed event ----

 INFO 07-15 17:57:40,753 CpuBottleneckDetectorImpl:63 [pool-8-thread-1] - Current cpu load: 0.01, # processed events: 0, consecutive: 0/2, threshold: 0.9 in VM-125
 INFO 07-15 17:57:41,753 SystemLoadProfiler:50 [pool-8-thread-1] - Average CPU Load: 0.01 in VM-125
 INFO 07-15 17:57:41,753 TaskEventRateCalculator:114 [pool-8-thread-1] - ---- Start of task processed event (# tasks: 0 in executor VM-125)----
----- End of taks processed event ----

 INFO 07-15 17:57:41,753 CpuBottleneckDetectorImpl:63 [pool-8-thread-1] - Current cpu load: 0.01, # processed events: 0, consecutive: 0/2, threshold: 0.9 in VM-125
 INFO 07-15 17:57:42,753 SystemLoadProfiler:50 [pool-8-thread-1] - Average CPU Load: 0.01 in VM-125
 INFO 07-15 17:57:42,753 TaskEventRateCalculator:114 [pool-8-thread-1] - ---- Start of task processed event (# tasks: 0 in executor VM-125)----
----- End of taks processed event ----

 INFO 07-15 17:57:42,753 CpuBottleneckDetectorImpl:63 [pool-8-thread-1] - Current cpu load: 0.01, # processed events: 0, consecutive: 0/2, threshold: 0.9 in VM-125
 INFO 07-15 17:57:43,753 SystemLoadProfiler:50 [pool-8-thread-1] - Average CPU Load: 0.01 in VM-125
 INFO 07-15 17:57:43,753 TaskEventRateCalculator:114 [pool-8-thread-1] - ---- Start of task processed event (# tasks: 0 in executor VM-125)----
----- End of taks processed event ----

 INFO 07-15 17:57:43,753 CpuBottleneckDetectorImpl:63 [pool-8-thread-1] - Current cpu load: 0.01, # processed events: 0, consecutive: 0/2, threshold: 0.9 in VM-125
 INFO 07-15 17:57:44,753 SystemLoadProfiler:50 [pool-8-thread-1] - Average CPU Load: 0.01 in VM-125
 INFO 07-15 17:57:44,753 TaskEventRateCalculator:114 [pool-8-thread-1] - ---- Start of task processed event (# tasks: 0 in executor VM-125)----
----- End of taks processed event ----

 INFO 07-15 17:57:44,753 CpuBottleneckDetectorImpl:63 [pool-8-thread-1] - Current cpu load: 0.01, # processed events: 0, consecutive: 0/2, threshold: 0.9 in VM-125
 INFO 07-15 17:57:45,753 SystemLoadProfiler:50 [pool-8-thread-1] - Average CPU Load: 0.01 in VM-125
 INFO 07-15 17:57:45,753 TaskEventRateCalculator:114 [pool-8-thread-1] - ---- Start of task processed event (# tasks: 0 in executor VM-125)----
----- End of taks processed event ----

 INFO 07-15 17:57:45,753 CpuBottleneckDetectorImpl:63 [pool-8-thread-1] - Current cpu load: 0.01, # processed events: 0, consecutive: 0/2, threshold: 0.9 in VM-125
 INFO 07-15 17:57:46,753 SystemLoadProfiler:50 [pool-8-thread-1] - Average CPU Load: 0.01 in VM-125
 INFO 07-15 17:57:46,753 TaskEventRateCalculator:114 [pool-8-thread-1] - ---- Start of task processed event (# tasks: 0 in executor VM-125)----
----- End of taks processed event ----

 INFO 07-15 17:57:46,753 CpuBottleneckDetectorImpl:63 [pool-8-thread-1] - Current cpu load: 0.01, # processed events: 0, consecutive: 0/2, threshold: 0.9 in VM-125
 INFO 07-15 17:57:47,753 SystemLoadProfiler:50 [pool-8-thread-1] - Average CPU Load: 0.01 in VM-125
 INFO 07-15 17:57:47,753 TaskEventRateCalculator:114 [pool-8-thread-1] - ---- Start of task processed event (# tasks: 0 in executor VM-125)----
----- End of taks processed event ----

 INFO 07-15 17:57:47,753 CpuBottleneckDetectorImpl:63 [pool-8-thread-1] - Current cpu load: 0.01, # processed events: 0, consecutive: 0/2, threshold: 0.9 in VM-125
 INFO 07-15 17:57:48,753 SystemLoadProfiler:50 [pool-8-thread-1] - Average CPU Load: 0.01 in VM-125
 INFO 07-15 17:57:48,753 TaskEventRateCalculator:114 [pool-8-thread-1] - ---- Start of task processed event (# tasks: 0 in executor VM-125)----
----- End of taks processed event ----

 INFO 07-15 17:57:48,753 CpuBottleneckDetectorImpl:63 [pool-8-thread-1] - Current cpu load: 0.01, # processed events: 0, consecutive: 0/2, threshold: 0.9 in VM-125
 INFO 07-15 17:57:49,753 SystemLoadProfiler:50 [pool-8-thread-1] - Average CPU Load: 0.01 in VM-125
 INFO 07-15 17:57:49,753 TaskEventRateCalculator:114 [pool-8-thread-1] - ---- Start of task processed event (# tasks: 0 in executor VM-125)----
----- End of taks processed event ----

 INFO 07-15 17:57:49,753 CpuBottleneckDetectorImpl:63 [pool-8-thread-1] - Current cpu load: 0.01, # processed events: 0, consecutive: 0/2, threshold: 0.9 in VM-125
 INFO 07-15 17:57:50,753 SystemLoadProfiler:50 [pool-8-thread-1] - Average CPU Load: 0.01 in VM-125
 INFO 07-15 17:57:50,753 TaskEventRateCalculator:114 [pool-8-thread-1] - ---- Start of task processed event (# tasks: 0 in executor VM-125)----
----- End of taks processed event ----

 INFO 07-15 17:57:50,753 CpuBottleneckDetectorImpl:63 [pool-8-thread-1] - Current cpu load: 0.01, # processed events: 0, consecutive: 0/2, threshold: 0.9 in VM-125
 INFO 07-15 17:57:51,753 SystemLoadProfiler:50 [pool-8-thread-1] - Average CPU Load: 0.01 in VM-125
 INFO 07-15 17:57:51,753 TaskEventRateCalculator:114 [pool-8-thread-1] - ---- Start of task processed event (# tasks: 0 in executor VM-125)----
----- End of taks processed event ----

 INFO 07-15 17:57:51,753 CpuBottleneckDetectorImpl:63 [pool-8-thread-1] - Current cpu load: 0.01, # processed events: 0, consecutive: 0/2, threshold: 0.9 in VM-125
 INFO 07-15 17:57:52,753 SystemLoadProfiler:50 [pool-8-thread-1] - Average CPU Load: 0.01 in VM-125
 INFO 07-15 17:57:52,753 TaskEventRateCalculator:114 [pool-8-thread-1] - ---- Start of task processed event (# tasks: 0 in executor VM-125)----
----- End of taks processed event ----

 INFO 07-15 17:57:52,753 CpuBottleneckDetectorImpl:63 [pool-8-thread-1] - Current cpu load: 0.01, # processed events: 0, consecutive: 0/2, threshold: 0.9 in VM-125
 INFO 07-15 17:57:53,753 SystemLoadProfiler:50 [pool-8-thread-1] - Average CPU Load: 0.01 in VM-125
 INFO 07-15 17:57:53,753 TaskEventRateCalculator:114 [pool-8-thread-1] - ---- Start of task processed event (# tasks: 0 in executor VM-125)----
----- End of taks processed event ----

 INFO 07-15 17:57:53,753 CpuBottleneckDetectorImpl:63 [pool-8-thread-1] - Current cpu load: 0.01, # processed events: 0, consecutive: 0/2, threshold: 0.9 in VM-125
 INFO 07-15 17:57:54,753 SystemLoadProfiler:50 [pool-8-thread-1] - Average CPU Load: 0.01 in VM-125
 INFO 07-15 17:57:54,753 TaskEventRateCalculator:114 [pool-8-thread-1] - ---- Start of task processed event (# tasks: 0 in executor VM-125)----
----- End of taks processed event ----

 INFO 07-15 17:57:54,753 CpuBottleneckDetectorImpl:63 [pool-8-thread-1] - Current cpu load: 0.01, # processed events: 0, consecutive: 0/2, threshold: 0.9 in VM-125
 INFO 07-15 17:57:55,753 SystemLoadProfiler:50 [pool-8-thread-1] - Average CPU Load: 0.01 in VM-125
 INFO 07-15 17:57:55,753 TaskEventRateCalculator:114 [pool-8-thread-1] - ---- Start of task processed event (# tasks: 0 in executor VM-125)----
----- End of taks processed event ----

 INFO 07-15 17:57:55,753 CpuBottleneckDetectorImpl:63 [pool-8-thread-1] - Current cpu load: 0.01, # processed events: 0, consecutive: 0/2, threshold: 0.9 in VM-125
 INFO 07-15 17:57:56,753 SystemLoadProfiler:50 [pool-8-thread-1] - Average CPU Load: 0.01 in VM-125
 INFO 07-15 17:57:56,753 TaskEventRateCalculator:114 [pool-8-thread-1] - ---- Start of task processed event (# tasks: 0 in executor VM-125)----
----- End of taks processed event ----

 INFO 07-15 17:57:56,753 CpuBottleneckDetectorImpl:63 [pool-8-thread-1] - Current cpu load: 0.01, # processed events: 0, consecutive: 0/2, threshold: 0.9 in VM-125
 INFO 07-15 17:57:57,753 SystemLoadProfiler:50 [pool-8-thread-1] - Average CPU Load: 0.01 in VM-125
 INFO 07-15 17:57:57,753 TaskEventRateCalculator:114 [pool-8-thread-1] - ---- Start of task processed event (# tasks: 0 in executor VM-125)----
----- End of taks processed event ----

 INFO 07-15 17:57:57,753 CpuBottleneckDetectorImpl:63 [pool-8-thread-1] - Current cpu load: 0.01, # processed events: 0, consecutive: 0/2, threshold: 0.9 in VM-125
 INFO 07-15 17:57:58,753 SystemLoadProfiler:50 [pool-8-thread-1] - Average CPU Load: 0.01 in VM-125
 INFO 07-15 17:57:58,753 TaskEventRateCalculator:114 [pool-8-thread-1] - ---- Start of task processed event (# tasks: 0 in executor VM-125)----
----- End of taks processed event ----

 INFO 07-15 17:57:58,753 CpuBottleneckDetectorImpl:63 [pool-8-thread-1] - Current cpu load: 0.01, # processed events: 0, consecutive: 0/2, threshold: 0.9 in VM-125
 INFO 07-15 17:57:59,753 SystemLoadProfiler:50 [pool-8-thread-1] - Average CPU Load: 0.01 in VM-125
 INFO 07-15 17:57:59,753 TaskEventRateCalculator:114 [pool-8-thread-1] - ---- Start of task processed event (# tasks: 0 in executor VM-125)----
----- End of taks processed event ----

 INFO 07-15 17:57:59,753 CpuBottleneckDetectorImpl:63 [pool-8-thread-1] - Current cpu load: 0.01, # processed events: 0, consecutive: 0/2, threshold: 0.9 in VM-125
 INFO 07-15 17:58:00,753 SystemLoadProfiler:50 [pool-8-thread-1] - Average CPU Load: 0.01 in VM-125
 INFO 07-15 17:58:00,753 TaskEventRateCalculator:114 [pool-8-thread-1] - ---- Start of task processed event (# tasks: 0 in executor VM-125)----
----- End of taks processed event ----

 INFO 07-15 17:58:00,753 CpuBottleneckDetectorImpl:63 [pool-8-thread-1] - Current cpu load: 0.01, # processed events: 0, consecutive: 0/2, threshold: 0.9 in VM-125
 INFO 07-15 17:58:01,753 SystemLoadProfiler:50 [pool-8-thread-1] - Average CPU Load: 0.01 in VM-125
 INFO 07-15 17:58:01,753 TaskEventRateCalculator:114 [pool-8-thread-1] - ---- Start of task processed event (# tasks: 0 in executor VM-125)----
----- End of taks processed event ----

 INFO 07-15 17:58:01,753 CpuBottleneckDetectorImpl:63 [pool-8-thread-1] - Current cpu load: 0.01, # processed events: 0, consecutive: 0/2, threshold: 0.9 in VM-125
 INFO 07-15 17:58:02,753 SystemLoadProfiler:50 [pool-8-thread-1] - Average CPU Load: 0.01 in VM-125
 INFO 07-15 17:58:02,753 TaskEventRateCalculator:114 [pool-8-thread-1] - ---- Start of task processed event (# tasks: 0 in executor VM-125)----
----- End of taks processed event ----

 INFO 07-15 17:58:02,753 CpuBottleneckDetectorImpl:63 [pool-8-thread-1] - Current cpu load: 0.01, # processed events: 0, consecutive: 0/2, threshold: 0.9 in VM-125
 INFO 07-15 17:58:03,753 SystemLoadProfiler:50 [pool-8-thread-1] - Average CPU Load: 0.01 in VM-125
 INFO 07-15 17:58:03,753 TaskEventRateCalculator:114 [pool-8-thread-1] - ---- Start of task processed event (# tasks: 0 in executor VM-125)----
----- End of taks processed event ----

 INFO 07-15 17:58:03,753 CpuBottleneckDetectorImpl:63 [pool-8-thread-1] - Current cpu load: 0.01, # processed events: 0, consecutive: 0/2, threshold: 0.9 in VM-125
 INFO 07-15 17:58:04,753 SystemLoadProfiler:50 [pool-8-thread-1] - Average CPU Load: 0.01 in VM-125
 INFO 07-15 17:58:04,753 TaskEventRateCalculator:114 [pool-8-thread-1] - ---- Start of task processed event (# tasks: 0 in executor VM-125)----
----- End of taks processed event ----

 INFO 07-15 17:58:04,753 CpuBottleneckDetectorImpl:63 [pool-8-thread-1] - Current cpu load: 0.01, # processed events: 0, consecutive: 0/2, threshold: 0.9 in VM-125
 INFO 07-15 17:58:05,753 SystemLoadProfiler:50 [pool-8-thread-1] - Average CPU Load: 0.01 in VM-125
 INFO 07-15 17:58:05,753 TaskEventRateCalculator:114 [pool-8-thread-1] - ---- Start of task processed event (# tasks: 0 in executor VM-125)----
----- End of taks processed event ----

 INFO 07-15 17:58:05,753 CpuBottleneckDetectorImpl:63 [pool-8-thread-1] - Current cpu load: 0.01, # processed events: 0, consecutive: 0/2, threshold: 0.9 in VM-125
 INFO 07-15 17:58:06,753 SystemLoadProfiler:50 [pool-8-thread-1] - Average CPU Load: 0.01 in VM-125
 INFO 07-15 17:58:06,753 TaskEventRateCalculator:114 [pool-8-thread-1] - ---- Start of task processed event (# tasks: 0 in executor VM-125)----
----- End of taks processed event ----

 INFO 07-15 17:58:06,753 CpuBottleneckDetectorImpl:63 [pool-8-thread-1] - Current cpu load: 0.01, # processed events: 0, consecutive: 0/2, threshold: 0.9 in VM-125
 INFO 07-15 17:58:07,753 SystemLoadProfiler:50 [pool-8-thread-1] - Average CPU Load: 0.01 in VM-125
 INFO 07-15 17:58:07,753 TaskEventRateCalculator:114 [pool-8-thread-1] - ---- Start of task processed event (# tasks: 0 in executor VM-125)----
----- End of taks processed event ----

 INFO 07-15 17:58:07,753 CpuBottleneckDetectorImpl:63 [pool-8-thread-1] - Current cpu load: 0.01, # processed events: 0, consecutive: 0/2, threshold: 0.9 in VM-125
 INFO 07-15 17:58:08,753 SystemLoadProfiler:50 [pool-8-thread-1] - Average CPU Load: 0.01 in VM-125
 INFO 07-15 17:58:08,753 TaskEventRateCalculator:114 [pool-8-thread-1] - ---- Start of task processed event (# tasks: 0 in executor VM-125)----
----- End of taks processed event ----

 INFO 07-15 17:58:08,753 CpuBottleneckDetectorImpl:63 [pool-8-thread-1] - Current cpu load: 0.01, # processed events: 0, consecutive: 0/2, threshold: 0.9 in VM-125
 INFO 07-15 17:58:09,753 SystemLoadProfiler:50 [pool-8-thread-1] - Average CPU Load: 0.01 in VM-125
 INFO 07-15 17:58:09,753 TaskEventRateCalculator:114 [pool-8-thread-1] - ---- Start of task processed event (# tasks: 0 in executor VM-125)----
----- End of taks processed event ----

 INFO 07-15 17:58:09,753 CpuBottleneckDetectorImpl:63 [pool-8-thread-1] - Current cpu load: 0.01, # processed events: 0, consecutive: 0/2, threshold: 0.9 in VM-125
 INFO 07-15 17:58:10,753 SystemLoadProfiler:50 [pool-8-thread-1] - Average CPU Load: 0.01 in VM-125
 INFO 07-15 17:58:10,753 TaskEventRateCalculator:114 [pool-8-thread-1] - ---- Start of task processed event (# tasks: 0 in executor VM-125)----
----- End of taks processed event ----

 INFO 07-15 17:58:10,753 CpuBottleneckDetectorImpl:63 [pool-8-thread-1] - Current cpu load: 0.01, # processed events: 0, consecutive: 0/2, threshold: 0.9 in VM-125
 INFO 07-15 17:58:11,753 SystemLoadProfiler:50 [pool-8-thread-1] - Average CPU Load: 0.01 in VM-125
 INFO 07-15 17:58:11,753 TaskEventRateCalculator:114 [pool-8-thread-1] - ---- Start of task processed event (# tasks: 0 in executor VM-125)----
----- End of taks processed event ----

 INFO 07-15 17:58:11,753 CpuBottleneckDetectorImpl:63 [pool-8-thread-1] - Current cpu load: 0.01, # processed events: 0, consecutive: 0/2, threshold: 0.9 in VM-125
 INFO 07-15 17:58:12,753 SystemLoadProfiler:50 [pool-8-thread-1] - Average CPU Load: 0.01 in VM-125
 INFO 07-15 17:58:12,753 TaskEventRateCalculator:114 [pool-8-thread-1] - ---- Start of task processed event (# tasks: 0 in executor VM-125)----
----- End of taks processed event ----

 INFO 07-15 17:58:12,753 CpuBottleneckDetectorImpl:63 [pool-8-thread-1] - Current cpu load: 0.01, # processed events: 0, consecutive: 0/2, threshold: 0.9 in VM-125
 INFO 07-15 17:58:13,753 SystemLoadProfiler:50 [pool-8-thread-1] - Average CPU Load: 0.01 in VM-125
 INFO 07-15 17:58:13,753 TaskEventRateCalculator:114 [pool-8-thread-1] - ---- Start of task processed event (# tasks: 0 in executor VM-125)----
----- End of taks processed event ----

 INFO 07-15 17:58:13,753 CpuBottleneckDetectorImpl:63 [pool-8-thread-1] - Current cpu load: 0.01, # processed events: 0, consecutive: 0/2, threshold: 0.9 in VM-125
 INFO 07-15 17:58:14,753 SystemLoadProfiler:50 [pool-8-thread-1] - Average CPU Load: 0.01 in VM-125
 INFO 07-15 17:58:14,753 TaskEventRateCalculator:114 [pool-8-thread-1] - ---- Start of task processed event (# tasks: 0 in executor VM-125)----
----- End of taks processed event ----

 INFO 07-15 17:58:14,753 CpuBottleneckDetectorImpl:63 [pool-8-thread-1] - Current cpu load: 0.01, # processed events: 0, consecutive: 0/2, threshold: 0.9 in VM-125
 INFO 07-15 17:58:15,753 SystemLoadProfiler:50 [pool-8-thread-1] - Average CPU Load: 0.01 in VM-125
 INFO 07-15 17:58:15,753 TaskEventRateCalculator:114 [pool-8-thread-1] - ---- Start of task processed event (# tasks: 0 in executor VM-125)----
----- End of taks processed event ----

 INFO 07-15 17:58:15,753 CpuBottleneckDetectorImpl:63 [pool-8-thread-1] - Current cpu load: 0.01, # processed events: 0, consecutive: 0/2, threshold: 0.9 in VM-125
 INFO 07-15 17:58:16,753 SystemLoadProfiler:50 [pool-8-thread-1] - Average CPU Load: 0.01 in VM-125
 INFO 07-15 17:58:16,753 TaskEventRateCalculator:114 [pool-8-thread-1] - ---- Start of task processed event (# tasks: 0 in executor VM-125)----
----- End of taks processed event ----

 INFO 07-15 17:58:16,753 CpuBottleneckDetectorImpl:63 [pool-8-thread-1] - Current cpu load: 0.01, # processed events: 0, consecutive: 0/2, threshold: 0.9 in VM-125
 INFO 07-15 17:58:17,753 SystemLoadProfiler:50 [pool-8-thread-1] - Average CPU Load: 0.01 in VM-125
 INFO 07-15 17:58:17,753 TaskEventRateCalculator:114 [pool-8-thread-1] - ---- Start of task processed event (# tasks: 0 in executor VM-125)----
----- End of taks processed event ----

 INFO 07-15 17:58:17,753 CpuBottleneckDetectorImpl:63 [pool-8-thread-1] - Current cpu load: 0.01, # processed events: 0, consecutive: 0/2, threshold: 0.9 in VM-125
 INFO 07-15 17:58:18,753 SystemLoadProfiler:50 [pool-8-thread-1] - Average CPU Load: 0.01 in VM-125
 INFO 07-15 17:58:18,753 TaskEventRateCalculator:114 [pool-8-thread-1] - ---- Start of task processed event (# tasks: 0 in executor VM-125)----
----- End of taks processed event ----

 INFO 07-15 17:58:18,753 CpuBottleneckDetectorImpl:63 [pool-8-thread-1] - Current cpu load: 0.01, # processed events: 0, consecutive: 0/2, threshold: 0.9 in VM-125
 INFO 07-15 17:58:19,753 SystemLoadProfiler:50 [pool-8-thread-1] - Average CPU Load: 0.01 in VM-125
 INFO 07-15 17:58:19,753 TaskEventRateCalculator:114 [pool-8-thread-1] - ---- Start of task processed event (# tasks: 0 in executor VM-125)----
----- End of taks processed event ----

 INFO 07-15 17:58:19,753 CpuBottleneckDetectorImpl:63 [pool-8-thread-1] - Current cpu load: 0.01, # processed events: 0, consecutive: 0/2, threshold: 0.9 in VM-125
 INFO 07-15 17:58:20,753 SystemLoadProfiler:50 [pool-8-thread-1] - Average CPU Load: 0.01 in VM-125
 INFO 07-15 17:58:20,753 TaskEventRateCalculator:114 [pool-8-thread-1] - ---- Start of task processed event (# tasks: 0 in executor VM-125)----
----- End of taks processed event ----

 INFO 07-15 17:58:20,753 CpuBottleneckDetectorImpl:63 [pool-8-thread-1] - Current cpu load: 0.01, # processed events: 0, consecutive: 0/2, threshold: 0.9 in VM-125
 INFO 07-15 17:58:21,753 SystemLoadProfiler:50 [pool-8-thread-1] - Average CPU Load: 0.01 in VM-125
 INFO 07-15 17:58:21,753 TaskEventRateCalculator:114 [pool-8-thread-1] - ---- Start of task processed event (# tasks: 0 in executor VM-125)----
----- End of taks processed event ----

 INFO 07-15 17:58:21,753 CpuBottleneckDetectorImpl:63 [pool-8-thread-1] - Current cpu load: 0.01, # processed events: 0, consecutive: 0/2, threshold: 0.9 in VM-125
 INFO 07-15 17:58:22,753 SystemLoadProfiler:50 [pool-8-thread-1] - Average CPU Load: 0.01 in VM-125
 INFO 07-15 17:58:22,753 TaskEventRateCalculator:114 [pool-8-thread-1] - ---- Start of task processed event (# tasks: 0 in executor VM-125)----
----- End of taks processed event ----

 INFO 07-15 17:58:22,753 CpuBottleneckDetectorImpl:63 [pool-8-thread-1] - Current cpu load: 0.01, # processed events: 0, consecutive: 0/2, threshold: 0.9 in VM-125
 INFO 07-15 17:58:23,753 SystemLoadProfiler:50 [pool-8-thread-1] - Average CPU Load: 0.01 in VM-125
 INFO 07-15 17:58:23,753 TaskEventRateCalculator:114 [pool-8-thread-1] - ---- Start of task processed event (# tasks: 0 in executor VM-125)----
----- End of taks processed event ----

 INFO 07-15 17:58:23,753 CpuBottleneckDetectorImpl:63 [pool-8-thread-1] - Current cpu load: 0.01, # processed events: 0, consecutive: 0/2, threshold: 0.9 in VM-125
 INFO 07-15 17:58:24,753 SystemLoadProfiler:50 [pool-8-thread-1] - Average CPU Load: 0.01 in VM-125
 INFO 07-15 17:58:24,753 TaskEventRateCalculator:114 [pool-8-thread-1] - ---- Start of task processed event (# tasks: 0 in executor VM-125)----
----- End of taks processed event ----

 INFO 07-15 17:58:24,753 CpuBottleneckDetectorImpl:63 [pool-8-thread-1] - Current cpu load: 0.01, # processed events: 0, consecutive: 0/2, threshold: 0.9 in VM-125
 INFO 07-15 17:58:25,753 SystemLoadProfiler:50 [pool-8-thread-1] - Average CPU Load: 0.01 in VM-125
 INFO 07-15 17:58:25,753 TaskEventRateCalculator:114 [pool-8-thread-1] - ---- Start of task processed event (# tasks: 0 in executor VM-125)----
----- End of taks processed event ----

 INFO 07-15 17:58:25,753 CpuBottleneckDetectorImpl:63 [pool-8-thread-1] - Current cpu load: 0.01, # processed events: 0, consecutive: 0/2, threshold: 0.9 in VM-125
 INFO 07-15 17:58:26,753 SystemLoadProfiler:50 [pool-8-thread-1] - Average CPU Load: 0.01 in VM-125
 INFO 07-15 17:58:26,753 TaskEventRateCalculator:114 [pool-8-thread-1] - ---- Start of task processed event (# tasks: 0 in executor VM-125)----
----- End of taks processed event ----

 INFO 07-15 17:58:26,753 CpuBottleneckDetectorImpl:63 [pool-8-thread-1] - Current cpu load: 0.01, # processed events: 0, consecutive: 0/2, threshold: 0.9 in VM-125
 INFO 07-15 17:58:27,753 SystemLoadProfiler:50 [pool-8-thread-1] - Average CPU Load: 0.01 in VM-125
 INFO 07-15 17:58:27,753 TaskEventRateCalculator:114 [pool-8-thread-1] - ---- Start of task processed event (# tasks: 0 in executor VM-125)----
----- End of taks processed event ----

 INFO 07-15 17:58:27,753 CpuBottleneckDetectorImpl:63 [pool-8-thread-1] - Current cpu load: 0.01, # processed events: 0, consecutive: 0/2, threshold: 0.9 in VM-125
 INFO 07-15 17:58:28,753 SystemLoadProfiler:50 [pool-8-thread-1] - Average CPU Load: 0.01 in VM-125
 INFO 07-15 17:58:28,753 TaskEventRateCalculator:114 [pool-8-thread-1] - ---- Start of task processed event (# tasks: 0 in executor VM-125)----
----- End of taks processed event ----

 INFO 07-15 17:58:28,753 CpuBottleneckDetectorImpl:63 [pool-8-thread-1] - Current cpu load: 0.01, # processed events: 0, consecutive: 0/2, threshold: 0.9 in VM-125
 INFO 07-15 17:58:29,753 SystemLoadProfiler:50 [pool-8-thread-1] - Average CPU Load: 0.01 in VM-125
 INFO 07-15 17:58:29,753 TaskEventRateCalculator:114 [pool-8-thread-1] - ---- Start of task processed event (# tasks: 0 in executor VM-125)----
----- End of taks processed event ----

 INFO 07-15 17:58:29,753 CpuBottleneckDetectorImpl:63 [pool-8-thread-1] - Current cpu load: 0.01, # processed events: 0, consecutive: 0/2, threshold: 0.9 in VM-125
 INFO 07-15 17:58:30,753 SystemLoadProfiler:50 [pool-8-thread-1] - Average CPU Load: 0.01 in VM-125
 INFO 07-15 17:58:30,753 TaskEventRateCalculator:114 [pool-8-thread-1] - ---- Start of task processed event (# tasks: 0 in executor VM-125)----
----- End of taks processed event ----

 INFO 07-15 17:58:30,753 CpuBottleneckDetectorImpl:63 [pool-8-thread-1] - Current cpu load: 0.01, # processed events: 0, consecutive: 0/2, threshold: 0.9 in VM-125
 INFO 07-15 17:58:31,753 SystemLoadProfiler:50 [pool-8-thread-1] - Average CPU Load: 0.01 in VM-125
 INFO 07-15 17:58:31,753 TaskEventRateCalculator:114 [pool-8-thread-1] - ---- Start of task processed event (# tasks: 0 in executor VM-125)----
----- End of taks processed event ----

 INFO 07-15 17:58:31,753 CpuBottleneckDetectorImpl:63 [pool-8-thread-1] - Current cpu load: 0.01, # processed events: 0, consecutive: 0/2, threshold: 0.9 in VM-125
 INFO 07-15 17:58:32,753 SystemLoadProfiler:50 [pool-8-thread-1] - Average CPU Load: 0.01 in VM-125
 INFO 07-15 17:58:32,753 TaskEventRateCalculator:114 [pool-8-thread-1] - ---- Start of task processed event (# tasks: 0 in executor VM-125)----
----- End of taks processed event ----

 INFO 07-15 17:58:32,753 CpuBottleneckDetectorImpl:63 [pool-8-thread-1] - Current cpu load: 0.01, # processed events: 0, consecutive: 0/2, threshold: 0.9 in VM-125
 INFO 07-15 17:58:33,753 SystemLoadProfiler:50 [pool-8-thread-1] - Average CPU Load: 0.01 in VM-125
 INFO 07-15 17:58:33,753 TaskEventRateCalculator:114 [pool-8-thread-1] - ---- Start of task processed event (# tasks: 0 in executor VM-125)----
----- End of taks processed event ----

 INFO 07-15 17:58:33,753 CpuBottleneckDetectorImpl:63 [pool-8-thread-1] - Current cpu load: 0.01, # processed events: 0, consecutive: 0/2, threshold: 0.9 in VM-125
 INFO 07-15 17:58:34,753 SystemLoadProfiler:50 [pool-8-thread-1] - Average CPU Load: 0.01 in VM-125
 INFO 07-15 17:58:34,753 TaskEventRateCalculator:114 [pool-8-thread-1] - ---- Start of task processed event (# tasks: 0 in executor VM-125)----
----- End of taks processed event ----

 INFO 07-15 17:58:34,753 CpuBottleneckDetectorImpl:63 [pool-8-thread-1] - Current cpu load: 0.01, # processed events: 0, consecutive: 0/2, threshold: 0.9 in VM-125
 INFO 07-15 17:58:35,753 SystemLoadProfiler:50 [pool-8-thread-1] - Average CPU Load: 0.01 in VM-125
 INFO 07-15 17:58:35,753 TaskEventRateCalculator:114 [pool-8-thread-1] - ---- Start of task processed event (# tasks: 0 in executor VM-125)----
----- End of taks processed event ----

 INFO 07-15 17:58:35,753 CpuBottleneckDetectorImpl:63 [pool-8-thread-1] - Current cpu load: 0.01, # processed events: 0, consecutive: 0/2, threshold: 0.9 in VM-125
 INFO 07-15 17:58:36,753 SystemLoadProfiler:50 [pool-8-thread-1] - Average CPU Load: 0.01 in VM-125
 INFO 07-15 17:58:36,753 TaskEventRateCalculator:114 [pool-8-thread-1] - ---- Start of task processed event (# tasks: 0 in executor VM-125)----
----- End of taks processed event ----

 INFO 07-15 17:58:36,753 CpuBottleneckDetectorImpl:63 [pool-8-thread-1] - Current cpu load: 0.01, # processed events: 0, consecutive: 0/2, threshold: 0.9 in VM-125
 INFO 07-15 17:58:37,753 SystemLoadProfiler:50 [pool-8-thread-1] - Average CPU Load: 0.01 in VM-125
 INFO 07-15 17:58:37,753 TaskEventRateCalculator:114 [pool-8-thread-1] - ---- Start of task processed event (# tasks: 0 in executor VM-125)----
----- End of taks processed event ----

 INFO 07-15 17:58:37,753 CpuBottleneckDetectorImpl:63 [pool-8-thread-1] - Current cpu load: 0.01, # processed events: 0, consecutive: 0/2, threshold: 0.9 in VM-125
 INFO 07-15 17:58:38,753 SystemLoadProfiler:50 [pool-8-thread-1] - Average CPU Load: 0.01 in VM-125
 INFO 07-15 17:58:38,753 TaskEventRateCalculator:114 [pool-8-thread-1] - ---- Start of task processed event (# tasks: 0 in executor VM-125)----
----- End of taks processed event ----

 INFO 07-15 17:58:38,753 CpuBottleneckDetectorImpl:63 [pool-8-thread-1] - Current cpu load: 0.01, # processed events: 0, consecutive: 0/2, threshold: 0.9 in VM-125
 INFO 07-15 17:58:39,753 SystemLoadProfiler:50 [pool-8-thread-1] - Average CPU Load: 0.01 in VM-125
 INFO 07-15 17:58:39,753 TaskEventRateCalculator:114 [pool-8-thread-1] - ---- Start of task processed event (# tasks: 0 in executor VM-125)----
----- End of taks processed event ----

 INFO 07-15 17:58:39,753 CpuBottleneckDetectorImpl:63 [pool-8-thread-1] - Current cpu load: 0.01, # processed events: 0, consecutive: 0/2, threshold: 0.9 in VM-125
 INFO 07-15 17:58:40,753 SystemLoadProfiler:50 [pool-8-thread-1] - Average CPU Load: 0.01 in VM-125
 INFO 07-15 17:58:40,753 TaskEventRateCalculator:114 [pool-8-thread-1] - ---- Start of task processed event (# tasks: 0 in executor VM-125)----
----- End of taks processed event ----

 INFO 07-15 17:58:40,753 CpuBottleneckDetectorImpl:63 [pool-8-thread-1] - Current cpu load: 0.01, # processed events: 0, consecutive: 0/2, threshold: 0.9 in VM-125
 INFO 07-15 17:58:41,753 SystemLoadProfiler:50 [pool-8-thread-1] - Average CPU Load: 0.01 in VM-125
 INFO 07-15 17:58:41,753 TaskEventRateCalculator:114 [pool-8-thread-1] - ---- Start of task processed event (# tasks: 0 in executor VM-125)----
----- End of taks processed event ----

 INFO 07-15 17:58:41,753 CpuBottleneckDetectorImpl:63 [pool-8-thread-1] - Current cpu load: 0.01, # processed events: 0, consecutive: 0/2, threshold: 0.9 in VM-125
 INFO 07-15 17:58:42,753 SystemLoadProfiler:50 [pool-8-thread-1] - Average CPU Load: 0.01 in VM-125
 INFO 07-15 17:58:42,753 TaskEventRateCalculator:114 [pool-8-thread-1] - ---- Start of task processed event (# tasks: 0 in executor VM-125)----
----- End of taks processed event ----

 INFO 07-15 17:58:42,753 CpuBottleneckDetectorImpl:63 [pool-8-thread-1] - Current cpu load: 0.01, # processed events: 0, consecutive: 0/2, threshold: 0.9 in VM-125
 INFO 07-15 17:58:43,753 SystemLoadProfiler:50 [pool-8-thread-1] - Average CPU Load: 0.01 in VM-125
 INFO 07-15 17:58:43,753 TaskEventRateCalculator:114 [pool-8-thread-1] - ---- Start of task processed event (# tasks: 0 in executor VM-125)----
----- End of taks processed event ----

 INFO 07-15 17:58:43,753 CpuBottleneckDetectorImpl:63 [pool-8-thread-1] - Current cpu load: 0.01, # processed events: 0, consecutive: 0/2, threshold: 0.9 in VM-125
 INFO 07-15 17:58:44,753 SystemLoadProfiler:50 [pool-8-thread-1] - Average CPU Load: 0.01 in VM-125
 INFO 07-15 17:58:44,753 TaskEventRateCalculator:114 [pool-8-thread-1] - ---- Start of task processed event (# tasks: 0 in executor VM-125)----
----- End of taks processed event ----

 INFO 07-15 17:58:44,753 CpuBottleneckDetectorImpl:63 [pool-8-thread-1] - Current cpu load: 0.01, # processed events: 0, consecutive: 0/2, threshold: 0.9 in VM-125
 INFO 07-15 17:58:45,753 SystemLoadProfiler:50 [pool-8-thread-1] - Average CPU Load: 0.01 in VM-125
 INFO 07-15 17:58:45,753 TaskEventRateCalculator:114 [pool-8-thread-1] - ---- Start of task processed event (# tasks: 0 in executor VM-125)----
----- End of taks processed event ----

 INFO 07-15 17:58:45,753 CpuBottleneckDetectorImpl:63 [pool-8-thread-1] - Current cpu load: 0.01, # processed events: 0, consecutive: 0/2, threshold: 0.9 in VM-125
 INFO 07-15 17:58:46,753 SystemLoadProfiler:50 [pool-8-thread-1] - Average CPU Load: 0.01 in VM-125
 INFO 07-15 17:58:46,753 TaskEventRateCalculator:114 [pool-8-thread-1] - ---- Start of task processed event (# tasks: 0 in executor VM-125)----
----- End of taks processed event ----

 INFO 07-15 17:58:46,753 CpuBottleneckDetectorImpl:63 [pool-8-thread-1] - Current cpu load: 0.01, # processed events: 0, consecutive: 0/2, threshold: 0.9 in VM-125
 INFO 07-15 17:58:47,753 SystemLoadProfiler:50 [pool-8-thread-1] - Average CPU Load: 0.01 in VM-125
 INFO 07-15 17:58:47,753 TaskEventRateCalculator:114 [pool-8-thread-1] - ---- Start of task processed event (# tasks: 0 in executor VM-125)----
----- End of taks processed event ----

 INFO 07-15 17:58:47,753 CpuBottleneckDetectorImpl:63 [pool-8-thread-1] - Current cpu load: 0.01, # processed events: 0, consecutive: 0/2, threshold: 0.9 in VM-125
 INFO 07-15 17:58:48,753 SystemLoadProfiler:50 [pool-8-thread-1] - Average CPU Load: 0.01 in VM-125
 INFO 07-15 17:58:48,753 TaskEventRateCalculator:114 [pool-8-thread-1] - ---- Start of task processed event (# tasks: 0 in executor VM-125)----
----- End of taks processed event ----

 INFO 07-15 17:58:48,753 CpuBottleneckDetectorImpl:63 [pool-8-thread-1] - Current cpu load: 0.01, # processed events: 0, consecutive: 0/2, threshold: 0.9 in VM-125
 INFO 07-15 17:58:49,753 SystemLoadProfiler:50 [pool-8-thread-1] - Average CPU Load: 0.01 in VM-125
 INFO 07-15 17:58:49,753 TaskEventRateCalculator:114 [pool-8-thread-1] - ---- Start of task processed event (# tasks: 0 in executor VM-125)----
----- End of taks processed event ----

 INFO 07-15 17:58:49,753 CpuBottleneckDetectorImpl:63 [pool-8-thread-1] - Current cpu load: 0.01, # processed events: 0, consecutive: 0/2, threshold: 0.9 in VM-125
 INFO 07-15 17:58:50,753 SystemLoadProfiler:50 [pool-8-thread-1] - Average CPU Load: 0.01 in VM-125
 INFO 07-15 17:58:50,753 TaskEventRateCalculator:114 [pool-8-thread-1] - ---- Start of task processed event (# tasks: 0 in executor VM-125)----
----- End of taks processed event ----

 INFO 07-15 17:58:50,753 CpuBottleneckDetectorImpl:63 [pool-8-thread-1] - Current cpu load: 0.01, # processed events: 0, consecutive: 0/2, threshold: 0.9 in VM-125
 INFO 07-15 17:58:51,753 SystemLoadProfiler:50 [pool-8-thread-1] - Average CPU Load: 0.01 in VM-125
 INFO 07-15 17:58:51,753 TaskEventRateCalculator:114 [pool-8-thread-1] - ---- Start of task processed event (# tasks: 0 in executor VM-125)----
----- End of taks processed event ----

 INFO 07-15 17:58:51,753 CpuBottleneckDetectorImpl:63 [pool-8-thread-1] - Current cpu load: 0.01, # processed events: 0, consecutive: 0/2, threshold: 0.9 in VM-125
 INFO 07-15 17:58:52,753 SystemLoadProfiler:50 [pool-8-thread-1] - Average CPU Load: 0.01 in VM-125
 INFO 07-15 17:58:52,753 TaskEventRateCalculator:114 [pool-8-thread-1] - ---- Start of task processed event (# tasks: 0 in executor VM-125)----
----- End of taks processed event ----

 INFO 07-15 17:58:52,753 CpuBottleneckDetectorImpl:63 [pool-8-thread-1] - Current cpu load: 0.01, # processed events: 0, consecutive: 0/2, threshold: 0.9 in VM-125
 INFO 07-15 17:58:53,753 SystemLoadProfiler:50 [pool-8-thread-1] - Average CPU Load: 0.01 in VM-125
 INFO 07-15 17:58:53,753 TaskEventRateCalculator:114 [pool-8-thread-1] - ---- Start of task processed event (# tasks: 0 in executor VM-125)----
----- End of taks processed event ----

 INFO 07-15 17:58:53,753 CpuBottleneckDetectorImpl:63 [pool-8-thread-1] - Current cpu load: 0.01, # processed events: 0, consecutive: 0/2, threshold: 0.9 in VM-125
 INFO 07-15 17:58:54,753 SystemLoadProfiler:50 [pool-8-thread-1] - Average CPU Load: 0.01 in VM-125
 INFO 07-15 17:58:54,753 TaskEventRateCalculator:114 [pool-8-thread-1] - ---- Start of task processed event (# tasks: 0 in executor VM-125)----
----- End of taks processed event ----

 INFO 07-15 17:58:54,753 CpuBottleneckDetectorImpl:63 [pool-8-thread-1] - Current cpu load: 0.01, # processed events: 0, consecutive: 0/2, threshold: 0.9 in VM-125
 INFO 07-15 17:58:55,753 SystemLoadProfiler:50 [pool-8-thread-1] - Average CPU Load: 0.01 in VM-125
 INFO 07-15 17:58:55,753 TaskEventRateCalculator:114 [pool-8-thread-1] - ---- Start of task processed event (# tasks: 0 in executor VM-125)----
----- End of taks processed event ----

 INFO 07-15 17:58:55,753 CpuBottleneckDetectorImpl:63 [pool-8-thread-1] - Current cpu load: 0.01, # processed events: 0, consecutive: 0/2, threshold: 0.9 in VM-125
 INFO 07-15 17:58:56,753 SystemLoadProfiler:50 [pool-8-thread-1] - Average CPU Load: 0.01 in VM-125
 INFO 07-15 17:58:56,753 TaskEventRateCalculator:114 [pool-8-thread-1] - ---- Start of task processed event (# tasks: 0 in executor VM-125)----
----- End of taks processed event ----

 INFO 07-15 17:58:56,753 CpuBottleneckDetectorImpl:63 [pool-8-thread-1] - Current cpu load: 0.01, # processed events: 0, consecutive: 0/2, threshold: 0.9 in VM-125
 INFO 07-15 17:58:57,753 SystemLoadProfiler:50 [pool-8-thread-1] - Average CPU Load: 0.01 in VM-125
 INFO 07-15 17:58:57,753 TaskEventRateCalculator:114 [pool-8-thread-1] - ---- Start of task processed event (# tasks: 0 in executor VM-125)----
----- End of taks processed event ----

 INFO 07-15 17:58:57,753 CpuBottleneckDetectorImpl:63 [pool-8-thread-1] - Current cpu load: 0.01, # processed events: 0, consecutive: 0/2, threshold: 0.9 in VM-125
 INFO 07-15 17:58:58,753 SystemLoadProfiler:50 [pool-8-thread-1] - Average CPU Load: 0.01 in VM-125
 INFO 07-15 17:58:58,753 TaskEventRateCalculator:114 [pool-8-thread-1] - ---- Start of task processed event (# tasks: 0 in executor VM-125)----
----- End of taks processed event ----

 INFO 07-15 17:58:58,753 CpuBottleneckDetectorImpl:63 [pool-8-thread-1] - Current cpu load: 0.01, # processed events: 0, consecutive: 0/2, threshold: 0.9 in VM-125
 INFO 07-15 17:58:59,753 SystemLoadProfiler:50 [pool-8-thread-1] - Average CPU Load: 0.01 in VM-125
 INFO 07-15 17:58:59,753 TaskEventRateCalculator:114 [pool-8-thread-1] - ---- Start of task processed event (# tasks: 0 in executor VM-125)----
----- End of taks processed event ----

 INFO 07-15 17:58:59,753 CpuBottleneckDetectorImpl:63 [pool-8-thread-1] - Current cpu load: 0.01, # processed events: 0, consecutive: 0/2, threshold: 0.9 in VM-125
 INFO 07-15 17:59:00,753 SystemLoadProfiler:50 [pool-8-thread-1] - Average CPU Load: 0.01 in VM-125
 INFO 07-15 17:59:00,753 TaskEventRateCalculator:114 [pool-8-thread-1] - ---- Start of task processed event (# tasks: 0 in executor VM-125)----
----- End of taks processed event ----

 INFO 07-15 17:59:00,753 CpuBottleneckDetectorImpl:63 [pool-8-thread-1] - Current cpu load: 0.01, # processed events: 0, consecutive: 0/2, threshold: 0.9 in VM-125
 INFO 07-15 17:59:01,753 SystemLoadProfiler:50 [pool-8-thread-1] - Average CPU Load: 0.01 in VM-125
 INFO 07-15 17:59:01,753 TaskEventRateCalculator:114 [pool-8-thread-1] - ---- Start of task processed event (# tasks: 0 in executor VM-125)----
----- End of taks processed event ----

 INFO 07-15 17:59:01,753 CpuBottleneckDetectorImpl:63 [pool-8-thread-1] - Current cpu load: 0.01, # processed events: 0, consecutive: 0/2, threshold: 0.9 in VM-125
 INFO 07-15 17:59:02,753 SystemLoadProfiler:50 [pool-8-thread-1] - Average CPU Load: 0.01 in VM-125
 INFO 07-15 17:59:02,753 TaskEventRateCalculator:114 [pool-8-thread-1] - ---- Start of task processed event (# tasks: 0 in executor VM-125)----
----- End of taks processed event ----

 INFO 07-15 17:59:02,753 CpuBottleneckDetectorImpl:63 [pool-8-thread-1] - Current cpu load: 0.01, # processed events: 0, consecutive: 0/2, threshold: 0.9 in VM-125
 INFO 07-15 17:59:03,753 SystemLoadProfiler:50 [pool-8-thread-1] - Average CPU Load: 0.01 in VM-125
 INFO 07-15 17:59:03,753 TaskEventRateCalculator:114 [pool-8-thread-1] - ---- Start of task processed event (# tasks: 0 in executor VM-125)----
----- End of taks processed event ----

 INFO 07-15 17:59:03,753 CpuBottleneckDetectorImpl:63 [pool-8-thread-1] - Current cpu load: 0.01, # processed events: 0, consecutive: 0/2, threshold: 0.9 in VM-125
 INFO 07-15 17:59:04,753 SystemLoadProfiler:50 [pool-8-thread-1] - Average CPU Load: 0.01 in VM-125
 INFO 07-15 17:59:04,753 TaskEventRateCalculator:114 [pool-8-thread-1] - ---- Start of task processed event (# tasks: 0 in executor VM-125)----
----- End of taks processed event ----

 INFO 07-15 17:59:04,753 CpuBottleneckDetectorImpl:63 [pool-8-thread-1] - Current cpu load: 0.01, # processed events: 0, consecutive: 0/2, threshold: 0.9 in VM-125
 INFO 07-15 17:59:05,753 SystemLoadProfiler:50 [pool-8-thread-1] - Average CPU Load: 0.01 in VM-125
 INFO 07-15 17:59:05,753 TaskEventRateCalculator:114 [pool-8-thread-1] - ---- Start of task processed event (# tasks: 0 in executor VM-125)----
----- End of taks processed event ----

 INFO 07-15 17:59:05,753 CpuBottleneckDetectorImpl:63 [pool-8-thread-1] - Current cpu load: 0.01, # processed events: 0, consecutive: 0/2, threshold: 0.9 in VM-125
 INFO 07-15 17:59:06,753 SystemLoadProfiler:50 [pool-8-thread-1] - Average CPU Load: 0.01 in VM-125
 INFO 07-15 17:59:06,753 TaskEventRateCalculator:114 [pool-8-thread-1] - ---- Start of task processed event (# tasks: 0 in executor VM-125)----
----- End of taks processed event ----

 INFO 07-15 17:59:06,753 CpuBottleneckDetectorImpl:63 [pool-8-thread-1] - Current cpu load: 0.01, # processed events: 0, consecutive: 0/2, threshold: 0.9 in VM-125
 INFO 07-15 17:59:07,753 SystemLoadProfiler:50 [pool-8-thread-1] - Average CPU Load: 0.01 in VM-125
 INFO 07-15 17:59:07,753 TaskEventRateCalculator:114 [pool-8-thread-1] - ---- Start of task processed event (# tasks: 0 in executor VM-125)----
----- End of taks processed event ----

 INFO 07-15 17:59:07,753 CpuBottleneckDetectorImpl:63 [pool-8-thread-1] - Current cpu load: 0.01, # processed events: 0, consecutive: 0/2, threshold: 0.9 in VM-125
 INFO 07-15 17:59:08,753 SystemLoadProfiler:50 [pool-8-thread-1] - Average CPU Load: 0.01 in VM-125
 INFO 07-15 17:59:08,753 TaskEventRateCalculator:114 [pool-8-thread-1] - ---- Start of task processed event (# tasks: 0 in executor VM-125)----
----- End of taks processed event ----

 INFO 07-15 17:59:08,753 CpuBottleneckDetectorImpl:63 [pool-8-thread-1] - Current cpu load: 0.01, # processed events: 0, consecutive: 0/2, threshold: 0.9 in VM-125
 INFO 07-15 17:59:09,753 SystemLoadProfiler:50 [pool-8-thread-1] - Average CPU Load: 0.01 in VM-125
 INFO 07-15 17:59:09,753 TaskEventRateCalculator:114 [pool-8-thread-1] - ---- Start of task processed event (# tasks: 0 in executor VM-125)----
----- End of taks processed event ----

 INFO 07-15 17:59:09,753 CpuBottleneckDetectorImpl:63 [pool-8-thread-1] - Current cpu load: 0.01, # processed events: 0, consecutive: 0/2, threshold: 0.9 in VM-125
 INFO 07-15 17:59:10,753 SystemLoadProfiler:50 [pool-8-thread-1] - Average CPU Load: 0.01 in VM-125
 INFO 07-15 17:59:10,753 TaskEventRateCalculator:114 [pool-8-thread-1] - ---- Start of task processed event (# tasks: 0 in executor VM-125)----
----- End of taks processed event ----

 INFO 07-15 17:59:10,753 CpuBottleneckDetectorImpl:63 [pool-8-thread-1] - Current cpu load: 0.01, # processed events: 0, consecutive: 0/2, threshold: 0.9 in VM-125
 INFO 07-15 17:59:11,753 SystemLoadProfiler:50 [pool-8-thread-1] - Average CPU Load: 0.01 in VM-125
 INFO 07-15 17:59:11,753 TaskEventRateCalculator:114 [pool-8-thread-1] - ---- Start of task processed event (# tasks: 0 in executor VM-125)----
----- End of taks processed event ----

 INFO 07-15 17:59:11,753 CpuBottleneckDetectorImpl:63 [pool-8-thread-1] - Current cpu load: 0.01, # processed events: 0, consecutive: 0/2, threshold: 0.9 in VM-125
 INFO 07-15 17:59:12,753 SystemLoadProfiler:50 [pool-8-thread-1] - Average CPU Load: 0.01 in VM-125
 INFO 07-15 17:59:12,753 TaskEventRateCalculator:114 [pool-8-thread-1] - ---- Start of task processed event (# tasks: 0 in executor VM-125)----
----- End of taks processed event ----

 INFO 07-15 17:59:12,753 CpuBottleneckDetectorImpl:63 [pool-8-thread-1] - Current cpu load: 0.01, # processed events: 0, consecutive: 0/2, threshold: 0.9 in VM-125
 INFO 07-15 17:59:13,753 SystemLoadProfiler:50 [pool-8-thread-1] - Average CPU Load: 0.01 in VM-125
 INFO 07-15 17:59:13,753 TaskEventRateCalculator:114 [pool-8-thread-1] - ---- Start of task processed event (# tasks: 0 in executor VM-125)----
----- End of taks processed event ----

 INFO 07-15 17:59:13,753 CpuBottleneckDetectorImpl:63 [pool-8-thread-1] - Current cpu load: 0.01, # processed events: 0, consecutive: 0/2, threshold: 0.9 in VM-125
 INFO 07-15 17:59:14,753 SystemLoadProfiler:50 [pool-8-thread-1] - Average CPU Load: 0.01 in VM-125
 INFO 07-15 17:59:14,753 TaskEventRateCalculator:114 [pool-8-thread-1] - ---- Start of task processed event (# tasks: 0 in executor VM-125)----
----- End of taks processed event ----

 INFO 07-15 17:59:14,753 CpuBottleneckDetectorImpl:63 [pool-8-thread-1] - Current cpu load: 0.01, # processed events: 0, consecutive: 0/2, threshold: 0.9 in VM-125
 INFO 07-15 17:59:15,753 SystemLoadProfiler:50 [pool-8-thread-1] - Average CPU Load: 0.01 in VM-125
 INFO 07-15 17:59:15,753 TaskEventRateCalculator:114 [pool-8-thread-1] - ---- Start of task processed event (# tasks: 0 in executor VM-125)----
----- End of taks processed event ----

 INFO 07-15 17:59:15,753 CpuBottleneckDetectorImpl:63 [pool-8-thread-1] - Current cpu load: 0.01, # processed events: 0, consecutive: 0/2, threshold: 0.9 in VM-125
 INFO 07-15 17:59:16,753 SystemLoadProfiler:50 [pool-8-thread-1] - Average CPU Load: 0.01 in VM-125
 INFO 07-15 17:59:16,753 TaskEventRateCalculator:114 [pool-8-thread-1] - ---- Start of task processed event (# tasks: 0 in executor VM-125)----
----- End of taks processed event ----

 INFO 07-15 17:59:16,753 CpuBottleneckDetectorImpl:63 [pool-8-thread-1] - Current cpu load: 0.01, # processed events: 0, consecutive: 0/2, threshold: 0.9 in VM-125
 INFO 07-15 17:59:17,753 SystemLoadProfiler:50 [pool-8-thread-1] - Average CPU Load: 0.01 in VM-125
 INFO 07-15 17:59:17,753 TaskEventRateCalculator:114 [pool-8-thread-1] - ---- Start of task processed event (# tasks: 0 in executor VM-125)----
----- End of taks processed event ----

 INFO 07-15 17:59:17,753 CpuBottleneckDetectorImpl:63 [pool-8-thread-1] - Current cpu load: 0.01, # processed events: 0, consecutive: 0/2, threshold: 0.9 in VM-125
 INFO 07-15 17:59:18,753 SystemLoadProfiler:50 [pool-8-thread-1] - Average CPU Load: 0.01 in VM-125
 INFO 07-15 17:59:18,753 TaskEventRateCalculator:114 [pool-8-thread-1] - ---- Start of task processed event (# tasks: 0 in executor VM-125)----
----- End of taks processed event ----

 INFO 07-15 17:59:18,753 CpuBottleneckDetectorImpl:63 [pool-8-thread-1] - Current cpu load: 0.01, # processed events: 0, consecutive: 0/2, threshold: 0.9 in VM-125
 INFO 07-15 17:59:19,753 SystemLoadProfiler:50 [pool-8-thread-1] - Average CPU Load: 0.01 in VM-125
 INFO 07-15 17:59:19,753 TaskEventRateCalculator:114 [pool-8-thread-1] - ---- Start of task processed event (# tasks: 0 in executor VM-125)----
----- End of taks processed event ----

 INFO 07-15 17:59:19,753 CpuBottleneckDetectorImpl:63 [pool-8-thread-1] - Current cpu load: 0.01, # processed events: 0, consecutive: 0/2, threshold: 0.9 in VM-125
 INFO 07-15 17:59:20,753 SystemLoadProfiler:50 [pool-8-thread-1] - Average CPU Load: 0.01 in VM-125
 INFO 07-15 17:59:20,753 TaskEventRateCalculator:114 [pool-8-thread-1] - ---- Start of task processed event (# tasks: 0 in executor VM-125)----
----- End of taks processed event ----

 INFO 07-15 17:59:20,753 CpuBottleneckDetectorImpl:63 [pool-8-thread-1] - Current cpu load: 0.01, # processed events: 0, consecutive: 0/2, threshold: 0.9 in VM-125
 INFO 07-15 17:59:21,753 SystemLoadProfiler:50 [pool-8-thread-1] - Average CPU Load: 0.01 in VM-125
 INFO 07-15 17:59:21,753 TaskEventRateCalculator:114 [pool-8-thread-1] - ---- Start of task processed event (# tasks: 0 in executor VM-125)----
----- End of taks processed event ----

 INFO 07-15 17:59:21,753 CpuBottleneckDetectorImpl:63 [pool-8-thread-1] - Current cpu load: 0.01, # processed events: 0, consecutive: 0/2, threshold: 0.9 in VM-125
 INFO 07-15 17:59:22,753 SystemLoadProfiler:50 [pool-8-thread-1] - Average CPU Load: 0.01 in VM-125
 INFO 07-15 17:59:22,753 TaskEventRateCalculator:114 [pool-8-thread-1] - ---- Start of task processed event (# tasks: 0 in executor VM-125)----
----- End of taks processed event ----

 INFO 07-15 17:59:22,753 CpuBottleneckDetectorImpl:63 [pool-8-thread-1] - Current cpu load: 0.01, # processed events: 0, consecutive: 0/2, threshold: 0.9 in VM-125
 INFO 07-15 17:59:23,753 SystemLoadProfiler:50 [pool-8-thread-1] - Average CPU Load: 0.01 in VM-125
 INFO 07-15 17:59:23,753 TaskEventRateCalculator:114 [pool-8-thread-1] - ---- Start of task processed event (# tasks: 0 in executor VM-125)----
----- End of taks processed event ----

 INFO 07-15 17:59:23,753 CpuBottleneckDetectorImpl:63 [pool-8-thread-1] - Current cpu load: 0.01, # processed events: 0, consecutive: 0/2, threshold: 0.9 in VM-125
 INFO 07-15 17:59:24,753 SystemLoadProfiler:50 [pool-8-thread-1] - Average CPU Load: 0.01 in VM-125
 INFO 07-15 17:59:24,753 TaskEventRateCalculator:114 [pool-8-thread-1] - ---- Start of task processed event (# tasks: 0 in executor VM-125)----
----- End of taks processed event ----

 INFO 07-15 17:59:24,753 CpuBottleneckDetectorImpl:63 [pool-8-thread-1] - Current cpu load: 0.01, # processed events: 0, consecutive: 0/2, threshold: 0.9 in VM-125
 INFO 07-15 17:59:25,753 SystemLoadProfiler:50 [pool-8-thread-1] - Average CPU Load: 0.01 in VM-125
 INFO 07-15 17:59:25,753 TaskEventRateCalculator:114 [pool-8-thread-1] - ---- Start of task processed event (# tasks: 0 in executor VM-125)----
----- End of taks processed event ----

 INFO 07-15 17:59:25,753 CpuBottleneckDetectorImpl:63 [pool-8-thread-1] - Current cpu load: 0.01, # processed events: 0, consecutive: 0/2, threshold: 0.9 in VM-125
 INFO 07-15 17:59:26,753 SystemLoadProfiler:50 [pool-8-thread-1] - Average CPU Load: 0.01 in VM-125
 INFO 07-15 17:59:26,753 TaskEventRateCalculator:114 [pool-8-thread-1] - ---- Start of task processed event (# tasks: 0 in executor VM-125)----
----- End of taks processed event ----

 INFO 07-15 17:59:26,753 CpuBottleneckDetectorImpl:63 [pool-8-thread-1] - Current cpu load: 0.01, # processed events: 0, consecutive: 0/2, threshold: 0.9 in VM-125
 INFO 07-15 17:59:27,753 SystemLoadProfiler:50 [pool-8-thread-1] - Average CPU Load: 0.01 in VM-125
 INFO 07-15 17:59:27,753 TaskEventRateCalculator:114 [pool-8-thread-1] - ---- Start of task processed event (# tasks: 0 in executor VM-125)----
----- End of taks processed event ----

 INFO 07-15 17:59:27,753 CpuBottleneckDetectorImpl:63 [pool-8-thread-1] - Current cpu load: 0.01, # processed events: 0, consecutive: 0/2, threshold: 0.9 in VM-125
 INFO 07-15 17:59:28,753 SystemLoadProfiler:50 [pool-8-thread-1] - Average CPU Load: 0.01 in VM-125
 INFO 07-15 17:59:28,753 TaskEventRateCalculator:114 [pool-8-thread-1] - ---- Start of task processed event (# tasks: 0 in executor VM-125)----
----- End of taks processed event ----

 INFO 07-15 17:59:28,753 CpuBottleneckDetectorImpl:63 [pool-8-thread-1] - Current cpu load: 0.01, # processed events: 0, consecutive: 0/2, threshold: 0.9 in VM-125
 INFO 07-15 17:59:29,753 SystemLoadProfiler:50 [pool-8-thread-1] - Average CPU Load: 0.01 in VM-125
 INFO 07-15 17:59:29,753 TaskEventRateCalculator:114 [pool-8-thread-1] - ---- Start of task processed event (# tasks: 0 in executor VM-125)----
----- End of taks processed event ----

 INFO 07-15 17:59:29,753 CpuBottleneckDetectorImpl:63 [pool-8-thread-1] - Current cpu load: 0.01, # processed events: 0, consecutive: 0/2, threshold: 0.9 in VM-125
 INFO 07-15 17:59:30,753 SystemLoadProfiler:50 [pool-8-thread-1] - Average CPU Load: 0.01 in VM-125
 INFO 07-15 17:59:30,753 TaskEventRateCalculator:114 [pool-8-thread-1] - ---- Start of task processed event (# tasks: 0 in executor VM-125)----
----- End of taks processed event ----

 INFO 07-15 17:59:30,753 CpuBottleneckDetectorImpl:63 [pool-8-thread-1] - Current cpu load: 0.01, # processed events: 0, consecutive: 0/2, threshold: 0.9 in VM-125
 INFO 07-15 17:59:31,753 SystemLoadProfiler:50 [pool-8-thread-1] - Average CPU Load: 0.01 in VM-125
 INFO 07-15 17:59:31,753 TaskEventRateCalculator:114 [pool-8-thread-1] - ---- Start of task processed event (# tasks: 0 in executor VM-125)----
----- End of taks processed event ----

 INFO 07-15 17:59:31,753 CpuBottleneckDetectorImpl:63 [pool-8-thread-1] - Current cpu load: 0.01, # processed events: 0, consecutive: 0/2, threshold: 0.9 in VM-125
 INFO 07-15 17:59:32,753 SystemLoadProfiler:50 [pool-8-thread-1] - Average CPU Load: 0.01 in VM-125
 INFO 07-15 17:59:32,753 TaskEventRateCalculator:114 [pool-8-thread-1] - ---- Start of task processed event (# tasks: 0 in executor VM-125)----
----- End of taks processed event ----

 INFO 07-15 17:59:32,753 CpuBottleneckDetectorImpl:63 [pool-8-thread-1] - Current cpu load: 0.01, # processed events: 0, consecutive: 0/2, threshold: 0.9 in VM-125
 INFO 07-15 17:59:33,753 SystemLoadProfiler:50 [pool-8-thread-1] - Average CPU Load: 0.01 in VM-125
 INFO 07-15 17:59:33,753 TaskEventRateCalculator:114 [pool-8-thread-1] - ---- Start of task processed event (# tasks: 0 in executor VM-125)----
----- End of taks processed event ----

 INFO 07-15 17:59:33,753 CpuBottleneckDetectorImpl:63 [pool-8-thread-1] - Current cpu load: 0.01, # processed events: 0, consecutive: 0/2, threshold: 0.9 in VM-125
 INFO 07-15 17:59:34,753 SystemLoadProfiler:50 [pool-8-thread-1] - Average CPU Load: 0.01 in VM-125
 INFO 07-15 17:59:34,753 TaskEventRateCalculator:114 [pool-8-thread-1] - ---- Start of task processed event (# tasks: 0 in executor VM-125)----
----- End of taks processed event ----

 INFO 07-15 17:59:34,753 CpuBottleneckDetectorImpl:63 [pool-8-thread-1] - Current cpu load: 0.01, # processed events: 0, consecutive: 0/2, threshold: 0.9 in VM-125
 INFO 07-15 17:59:35,753 SystemLoadProfiler:50 [pool-8-thread-1] - Average CPU Load: 0.01 in VM-125
 INFO 07-15 17:59:35,753 TaskEventRateCalculator:114 [pool-8-thread-1] - ---- Start of task processed event (# tasks: 0 in executor VM-125)----
----- End of taks processed event ----

 INFO 07-15 17:59:35,753 CpuBottleneckDetectorImpl:63 [pool-8-thread-1] - Current cpu load: 0.01, # processed events: 0, consecutive: 0/2, threshold: 0.9 in VM-125
 INFO 07-15 17:59:36,753 SystemLoadProfiler:50 [pool-8-thread-1] - Average CPU Load: 0.01 in VM-125
 INFO 07-15 17:59:36,753 TaskEventRateCalculator:114 [pool-8-thread-1] - ---- Start of task processed event (# tasks: 0 in executor VM-125)----
----- End of taks processed event ----

 INFO 07-15 17:59:36,753 CpuBottleneckDetectorImpl:63 [pool-8-thread-1] - Current cpu load: 0.01, # processed events: 0, consecutive: 0/2, threshold: 0.9 in VM-125
 INFO 07-15 17:59:37,753 SystemLoadProfiler:50 [pool-8-thread-1] - Average CPU Load: 0.01 in VM-125
 INFO 07-15 17:59:37,753 TaskEventRateCalculator:114 [pool-8-thread-1] - ---- Start of task processed event (# tasks: 0 in executor VM-125)----
----- End of taks processed event ----

 INFO 07-15 17:59:37,753 CpuBottleneckDetectorImpl:63 [pool-8-thread-1] - Current cpu load: 0.01, # processed events: 0, consecutive: 0/2, threshold: 0.9 in VM-125
 INFO 07-15 17:59:38,753 SystemLoadProfiler:50 [pool-8-thread-1] - Average CPU Load: 0.01 in VM-125
 INFO 07-15 17:59:38,753 TaskEventRateCalculator:114 [pool-8-thread-1] - ---- Start of task processed event (# tasks: 0 in executor VM-125)----
----- End of taks processed event ----

 INFO 07-15 17:59:38,753 CpuBottleneckDetectorImpl:63 [pool-8-thread-1] - Current cpu load: 0.01, # processed events: 0, consecutive: 0/2, threshold: 0.9 in VM-125
 INFO 07-15 17:59:39,753 SystemLoadProfiler:50 [pool-8-thread-1] - Average CPU Load: 0.01 in VM-125
 INFO 07-15 17:59:39,753 TaskEventRateCalculator:114 [pool-8-thread-1] - ---- Start of task processed event (# tasks: 0 in executor VM-125)----
----- End of taks processed event ----

 INFO 07-15 17:59:39,753 CpuBottleneckDetectorImpl:63 [pool-8-thread-1] - Current cpu load: 0.01, # processed events: 0, consecutive: 0/2, threshold: 0.9 in VM-125
 INFO 07-15 17:59:40,753 SystemLoadProfiler:50 [pool-8-thread-1] - Average CPU Load: 0.01 in VM-125
 INFO 07-15 17:59:40,753 TaskEventRateCalculator:114 [pool-8-thread-1] - ---- Start of task processed event (# tasks: 0 in executor VM-125)----
----- End of taks processed event ----

 INFO 07-15 17:59:40,753 CpuBottleneckDetectorImpl:63 [pool-8-thread-1] - Current cpu load: 0.01, # processed events: 0, consecutive: 0/2, threshold: 0.9 in VM-125
 INFO 07-15 17:59:41,753 SystemLoadProfiler:50 [pool-8-thread-1] - Average CPU Load: 0.01 in VM-125
 INFO 07-15 17:59:41,753 TaskEventRateCalculator:114 [pool-8-thread-1] - ---- Start of task processed event (# tasks: 0 in executor VM-125)----
----- End of taks processed event ----

 INFO 07-15 17:59:41,753 CpuBottleneckDetectorImpl:63 [pool-8-thread-1] - Current cpu load: 0.01, # processed events: 0, consecutive: 0/2, threshold: 0.9 in VM-125
 INFO 07-15 17:59:42,753 SystemLoadProfiler:50 [pool-8-thread-1] - Average CPU Load: 0.01 in VM-125
 INFO 07-15 17:59:42,753 TaskEventRateCalculator:114 [pool-8-thread-1] - ---- Start of task processed event (# tasks: 0 in executor VM-125)----
----- End of taks processed event ----

 INFO 07-15 17:59:42,753 CpuBottleneckDetectorImpl:63 [pool-8-thread-1] - Current cpu load: 0.01, # processed events: 0, consecutive: 0/2, threshold: 0.9 in VM-125
 INFO 07-15 17:59:43,753 SystemLoadProfiler:50 [pool-8-thread-1] - Average CPU Load: 0.01 in VM-125
 INFO 07-15 17:59:43,753 TaskEventRateCalculator:114 [pool-8-thread-1] - ---- Start of task processed event (# tasks: 0 in executor VM-125)----
----- End of taks processed event ----

 INFO 07-15 17:59:43,753 CpuBottleneckDetectorImpl:63 [pool-8-thread-1] - Current cpu load: 0.01, # processed events: 0, consecutive: 0/2, threshold: 0.9 in VM-125
 INFO 07-15 17:59:44,753 SystemLoadProfiler:50 [pool-8-thread-1] - Average CPU Load: 0.01 in VM-125
 INFO 07-15 17:59:44,753 TaskEventRateCalculator:114 [pool-8-thread-1] - ---- Start of task processed event (# tasks: 0 in executor VM-125)----
----- End of taks processed event ----

 INFO 07-15 17:59:44,753 CpuBottleneckDetectorImpl:63 [pool-8-thread-1] - Current cpu load: 0.01, # processed events: 0, consecutive: 0/2, threshold: 0.9 in VM-125
 INFO 07-15 17:59:45,753 SystemLoadProfiler:50 [pool-8-thread-1] - Average CPU Load: 0.01 in VM-125
 INFO 07-15 17:59:45,753 TaskEventRateCalculator:114 [pool-8-thread-1] - ---- Start of task processed event (# tasks: 0 in executor VM-125)----
----- End of taks processed event ----

 INFO 07-15 17:59:45,753 CpuBottleneckDetectorImpl:63 [pool-8-thread-1] - Current cpu load: 0.01, # processed events: 0, consecutive: 0/2, threshold: 0.9 in VM-125
 INFO 07-15 17:59:46,753 SystemLoadProfiler:50 [pool-8-thread-1] - Average CPU Load: 0.01 in VM-125
 INFO 07-15 17:59:46,753 TaskEventRateCalculator:114 [pool-8-thread-1] - ---- Start of task processed event (# tasks: 0 in executor VM-125)----
----- End of taks processed event ----

 INFO 07-15 17:59:46,753 CpuBottleneckDetectorImpl:63 [pool-8-thread-1] - Current cpu load: 0.01, # processed events: 0, consecutive: 0/2, threshold: 0.9 in VM-125
 INFO 07-15 17:59:47,753 SystemLoadProfiler:50 [pool-8-thread-1] - Average CPU Load: 0.01 in VM-125
 INFO 07-15 17:59:47,753 TaskEventRateCalculator:114 [pool-8-thread-1] - ---- Start of task processed event (# tasks: 0 in executor VM-125)----
----- End of taks processed event ----

 INFO 07-15 17:59:47,753 CpuBottleneckDetectorImpl:63 [pool-8-thread-1] - Current cpu load: 0.01, # processed events: 0, consecutive: 0/2, threshold: 0.9 in VM-125
 INFO 07-15 17:59:48,753 SystemLoadProfiler:50 [pool-8-thread-1] - Average CPU Load: 0.01 in VM-125
 INFO 07-15 17:59:48,753 TaskEventRateCalculator:114 [pool-8-thread-1] - ---- Start of task processed event (# tasks: 0 in executor VM-125)----
----- End of taks processed event ----

 INFO 07-15 17:59:48,753 CpuBottleneckDetectorImpl:63 [pool-8-thread-1] - Current cpu load: 0.01, # processed events: 0, consecutive: 0/2, threshold: 0.9 in VM-125
 INFO 07-15 17:59:49,753 SystemLoadProfiler:50 [pool-8-thread-1] - Average CPU Load: 0.01 in VM-125
 INFO 07-15 17:59:49,753 TaskEventRateCalculator:114 [pool-8-thread-1] - ---- Start of task processed event (# tasks: 0 in executor VM-125)----
----- End of taks processed event ----

 INFO 07-15 17:59:49,753 CpuBottleneckDetectorImpl:63 [pool-8-thread-1] - Current cpu load: 0.01, # processed events: 0, consecutive: 0/2, threshold: 0.9 in VM-125
 INFO 07-15 17:59:50,753 SystemLoadProfiler:50 [pool-8-thread-1] - Average CPU Load: 0.01 in VM-125
 INFO 07-15 17:59:50,753 TaskEventRateCalculator:114 [pool-8-thread-1] - ---- Start of task processed event (# tasks: 0 in executor VM-125)----
----- End of taks processed event ----

 INFO 07-15 17:59:50,753 CpuBottleneckDetectorImpl:63 [pool-8-thread-1] - Current cpu load: 0.01, # processed events: 0, consecutive: 0/2, threshold: 0.9 in VM-125
 INFO 07-15 17:59:51,753 SystemLoadProfiler:50 [pool-8-thread-1] - Average CPU Load: 0.01 in VM-125
 INFO 07-15 17:59:51,753 TaskEventRateCalculator:114 [pool-8-thread-1] - ---- Start of task processed event (# tasks: 0 in executor VM-125)----
----- End of taks processed event ----

 INFO 07-15 17:59:51,753 CpuBottleneckDetectorImpl:63 [pool-8-thread-1] - Current cpu load: 0.01, # processed events: 0, consecutive: 0/2, threshold: 0.9 in VM-125
 INFO 07-15 17:59:52,753 SystemLoadProfiler:50 [pool-8-thread-1] - Average CPU Load: 0.01 in VM-125
 INFO 07-15 17:59:52,753 TaskEventRateCalculator:114 [pool-8-thread-1] - ---- Start of task processed event (# tasks: 0 in executor VM-125)----
----- End of taks processed event ----

 INFO 07-15 17:59:52,753 CpuBottleneckDetectorImpl:63 [pool-8-thread-1] - Current cpu load: 0.01, # processed events: 0, consecutive: 0/2, threshold: 0.9 in VM-125
 INFO 07-15 17:59:53,753 SystemLoadProfiler:50 [pool-8-thread-1] - Average CPU Load: 0.01 in VM-125
 INFO 07-15 17:59:53,753 TaskEventRateCalculator:114 [pool-8-thread-1] - ---- Start of task processed event (# tasks: 0 in executor VM-125)----
----- End of taks processed event ----

 INFO 07-15 17:59:53,753 CpuBottleneckDetectorImpl:63 [pool-8-thread-1] - Current cpu load: 0.01, # processed events: 0, consecutive: 0/2, threshold: 0.9 in VM-125
 INFO 07-15 17:59:54,753 SystemLoadProfiler:50 [pool-8-thread-1] - Average CPU Load: 0.01 in VM-125
 INFO 07-15 17:59:54,753 TaskEventRateCalculator:114 [pool-8-thread-1] - ---- Start of task processed event (# tasks: 0 in executor VM-125)----
----- End of taks processed event ----

 INFO 07-15 17:59:54,753 CpuBottleneckDetectorImpl:63 [pool-8-thread-1] - Current cpu load: 0.01, # processed events: 0, consecutive: 0/2, threshold: 0.9 in VM-125
 INFO 07-15 17:59:55,753 SystemLoadProfiler:50 [pool-8-thread-1] - Average CPU Load: 0.01 in VM-125
 INFO 07-15 17:59:55,753 TaskEventRateCalculator:114 [pool-8-thread-1] - ---- Start of task processed event (# tasks: 0 in executor VM-125)----
----- End of taks processed event ----

 INFO 07-15 17:59:55,753 CpuBottleneckDetectorImpl:63 [pool-8-thread-1] - Current cpu load: 0.01, # processed events: 0, consecutive: 0/2, threshold: 0.9 in VM-125
 INFO 07-15 17:59:56,753 SystemLoadProfiler:50 [pool-8-thread-1] - Average CPU Load: 0.01 in VM-125
 INFO 07-15 17:59:56,753 TaskEventRateCalculator:114 [pool-8-thread-1] - ---- Start of task processed event (# tasks: 0 in executor VM-125)----
----- End of taks processed event ----

 INFO 07-15 17:59:56,753 CpuBottleneckDetectorImpl:63 [pool-8-thread-1] - Current cpu load: 0.01, # processed events: 0, consecutive: 0/2, threshold: 0.9 in VM-125
 INFO 07-15 17:59:57,753 SystemLoadProfiler:50 [pool-8-thread-1] - Average CPU Load: 0.01 in VM-125
 INFO 07-15 17:59:57,753 TaskEventRateCalculator:114 [pool-8-thread-1] - ---- Start of task processed event (# tasks: 0 in executor VM-125)----
----- End of taks processed event ----

 INFO 07-15 17:59:57,753 CpuBottleneckDetectorImpl:63 [pool-8-thread-1] - Current cpu load: 0.01, # processed events: 0, consecutive: 0/2, threshold: 0.9 in VM-125
 INFO 07-15 17:59:58,753 SystemLoadProfiler:50 [pool-8-thread-1] - Average CPU Load: 0.01 in VM-125
 INFO 07-15 17:59:58,753 TaskEventRateCalculator:114 [pool-8-thread-1] - ---- Start of task processed event (# tasks: 0 in executor VM-125)----
----- End of taks processed event ----

 INFO 07-15 17:59:58,753 CpuBottleneckDetectorImpl:63 [pool-8-thread-1] - Current cpu load: 0.01, # processed events: 0, consecutive: 0/2, threshold: 0.9 in VM-125
 INFO 07-15 17:59:59,753 SystemLoadProfiler:50 [pool-8-thread-1] - Average CPU Load: 0.01 in VM-125
 INFO 07-15 17:59:59,753 TaskEventRateCalculator:114 [pool-8-thread-1] - ---- Start of task processed event (# tasks: 0 in executor VM-125)----
----- End of taks processed event ----

 INFO 07-15 17:59:59,753 CpuBottleneckDetectorImpl:63 [pool-8-thread-1] - Current cpu load: 0.01, # processed events: 0, consecutive: 0/2, threshold: 0.9 in VM-125
 INFO 07-15 18:00:00,753 SystemLoadProfiler:50 [pool-8-thread-1] - Average CPU Load: 0.01 in VM-125
 INFO 07-15 18:00:00,753 TaskEventRateCalculator:114 [pool-8-thread-1] - ---- Start of task processed event (# tasks: 0 in executor VM-125)----
----- End of taks processed event ----

 INFO 07-15 18:00:00,753 CpuBottleneckDetectorImpl:63 [pool-8-thread-1] - Current cpu load: 0.01, # processed events: 0, consecutive: 0/2, threshold: 0.9 in VM-125
 INFO 07-15 18:00:01,753 SystemLoadProfiler:50 [pool-8-thread-1] - Average CPU Load: 0.01 in VM-125
 INFO 07-15 18:00:01,753 TaskEventRateCalculator:114 [pool-8-thread-1] - ---- Start of task processed event (# tasks: 0 in executor VM-125)----
----- End of taks processed event ----

 INFO 07-15 18:00:01,753 CpuBottleneckDetectorImpl:63 [pool-8-thread-1] - Current cpu load: 0.01, # processed events: 0, consecutive: 0/2, threshold: 0.9 in VM-125
 INFO 07-15 18:00:02,753 SystemLoadProfiler:50 [pool-8-thread-1] - Average CPU Load: 0.01 in VM-125
 INFO 07-15 18:00:02,753 TaskEventRateCalculator:114 [pool-8-thread-1] - ---- Start of task processed event (# tasks: 0 in executor VM-125)----
----- End of taks processed event ----

 INFO 07-15 18:00:02,753 CpuBottleneckDetectorImpl:63 [pool-8-thread-1] - Current cpu load: 0.01, # processed events: 0, consecutive: 0/2, threshold: 0.9 in VM-125
 INFO 07-15 18:00:03,753 SystemLoadProfiler:50 [pool-8-thread-1] - Average CPU Load: 0.01 in VM-125
 INFO 07-15 18:00:03,753 TaskEventRateCalculator:114 [pool-8-thread-1] - ---- Start of task processed event (# tasks: 0 in executor VM-125)----
----- End of taks processed event ----

 INFO 07-15 18:00:03,753 CpuBottleneckDetectorImpl:63 [pool-8-thread-1] - Current cpu load: 0.01, # processed events: 0, consecutive: 0/2, threshold: 0.9 in VM-125
 INFO 07-15 18:00:04,753 SystemLoadProfiler:50 [pool-8-thread-1] - Average CPU Load: 0.01 in VM-125
 INFO 07-15 18:00:04,753 TaskEventRateCalculator:114 [pool-8-thread-1] - ---- Start of task processed event (# tasks: 0 in executor VM-125)----
----- End of taks processed event ----

 INFO 07-15 18:00:04,753 CpuBottleneckDetectorImpl:63 [pool-8-thread-1] - Current cpu load: 0.01, # processed events: 0, consecutive: 0/2, threshold: 0.9 in VM-125
 INFO 07-15 18:00:05,753 SystemLoadProfiler:50 [pool-8-thread-1] - Average CPU Load: 0.01 in VM-125
 INFO 07-15 18:00:05,753 TaskEventRateCalculator:114 [pool-8-thread-1] - ---- Start of task processed event (# tasks: 0 in executor VM-125)----
----- End of taks processed event ----

 INFO 07-15 18:00:05,753 CpuBottleneckDetectorImpl:63 [pool-8-thread-1] - Current cpu load: 0.01, # processed events: 0, consecutive: 0/2, threshold: 0.9 in VM-125
 INFO 07-15 18:00:06,753 SystemLoadProfiler:50 [pool-8-thread-1] - Average CPU Load: 0.01 in VM-125
 INFO 07-15 18:00:06,753 TaskEventRateCalculator:114 [pool-8-thread-1] - ---- Start of task processed event (# tasks: 0 in executor VM-125)----
----- End of taks processed event ----

 INFO 07-15 18:00:06,753 CpuBottleneckDetectorImpl:63 [pool-8-thread-1] - Current cpu load: 0.01, # processed events: 0, consecutive: 0/2, threshold: 0.9 in VM-125
 INFO 07-15 18:00:07,753 SystemLoadProfiler:50 [pool-8-thread-1] - Average CPU Load: 0.01 in VM-125
 INFO 07-15 18:00:07,753 TaskEventRateCalculator:114 [pool-8-thread-1] - ---- Start of task processed event (# tasks: 0 in executor VM-125)----
----- End of taks processed event ----

 INFO 07-15 18:00:07,753 CpuBottleneckDetectorImpl:63 [pool-8-thread-1] - Current cpu load: 0.01, # processed events: 0, consecutive: 0/2, threshold: 0.9 in VM-125
 INFO 07-15 18:00:08,753 SystemLoadProfiler:50 [pool-8-thread-1] - Average CPU Load: 0.01 in VM-125
 INFO 07-15 18:00:08,753 TaskEventRateCalculator:114 [pool-8-thread-1] - ---- Start of task processed event (# tasks: 0 in executor VM-125)----
----- End of taks processed event ----

 INFO 07-15 18:00:08,753 CpuBottleneckDetectorImpl:63 [pool-8-thread-1] - Current cpu load: 0.01, # processed events: 0, consecutive: 0/2, threshold: 0.9 in VM-125
 INFO 07-15 18:00:09,753 SystemLoadProfiler:50 [pool-8-thread-1] - Average CPU Load: 0.01 in VM-125
 INFO 07-15 18:00:09,753 TaskEventRateCalculator:114 [pool-8-thread-1] - ---- Start of task processed event (# tasks: 0 in executor VM-125)----
----- End of taks processed event ----

 INFO 07-15 18:00:09,753 CpuBottleneckDetectorImpl:63 [pool-8-thread-1] - Current cpu load: 0.01, # processed events: 0, consecutive: 0/2, threshold: 0.9 in VM-125
 INFO 07-15 18:00:10,753 SystemLoadProfiler:50 [pool-8-thread-1] - Average CPU Load: 0.01 in VM-125
 INFO 07-15 18:00:10,753 TaskEventRateCalculator:114 [pool-8-thread-1] - ---- Start of task processed event (# tasks: 0 in executor VM-125)----
----- End of taks processed event ----

 INFO 07-15 18:00:10,753 CpuBottleneckDetectorImpl:63 [pool-8-thread-1] - Current cpu load: 0.01, # processed events: 0, consecutive: 0/2, threshold: 0.9 in VM-125
 INFO 07-15 18:00:11,753 SystemLoadProfiler:50 [pool-8-thread-1] - Average CPU Load: 0.01 in VM-125
 INFO 07-15 18:00:11,753 TaskEventRateCalculator:114 [pool-8-thread-1] - ---- Start of task processed event (# tasks: 0 in executor VM-125)----
----- End of taks processed event ----

 INFO 07-15 18:00:11,753 CpuBottleneckDetectorImpl:63 [pool-8-thread-1] - Current cpu load: 0.01, # processed events: 0, consecutive: 0/2, threshold: 0.9 in VM-125
 INFO 07-15 18:00:12,753 SystemLoadProfiler:50 [pool-8-thread-1] - Average CPU Load: 0.01 in VM-125
 INFO 07-15 18:00:12,753 TaskEventRateCalculator:114 [pool-8-thread-1] - ---- Start of task processed event (# tasks: 0 in executor VM-125)----
----- End of taks processed event ----

 INFO 07-15 18:00:12,753 CpuBottleneckDetectorImpl:63 [pool-8-thread-1] - Current cpu load: 0.01, # processed events: 0, consecutive: 0/2, threshold: 0.9 in VM-125
 INFO 07-15 18:00:13,753 SystemLoadProfiler:50 [pool-8-thread-1] - Average CPU Load: 0.01 in VM-125
 INFO 07-15 18:00:13,753 TaskEventRateCalculator:114 [pool-8-thread-1] - ---- Start of task processed event (# tasks: 0 in executor VM-125)----
----- End of taks processed event ----

 INFO 07-15 18:00:13,753 CpuBottleneckDetectorImpl:63 [pool-8-thread-1] - Current cpu load: 0.01, # processed events: 0, consecutive: 0/2, threshold: 0.9 in VM-125
 INFO 07-15 18:00:14,753 SystemLoadProfiler:50 [pool-8-thread-1] - Average CPU Load: 0.01 in VM-125
 INFO 07-15 18:00:14,753 TaskEventRateCalculator:114 [pool-8-thread-1] - ---- Start of task processed event (# tasks: 0 in executor VM-125)----
----- End of taks processed event ----

 INFO 07-15 18:00:14,753 CpuBottleneckDetectorImpl:63 [pool-8-thread-1] - Current cpu load: 0.01, # processed events: 0, consecutive: 0/2, threshold: 0.9 in VM-125
 INFO 07-15 18:00:15,753 SystemLoadProfiler:50 [pool-8-thread-1] - Average CPU Load: 0.01 in VM-125
 INFO 07-15 18:00:15,753 TaskEventRateCalculator:114 [pool-8-thread-1] - ---- Start of task processed event (# tasks: 0 in executor VM-125)----
----- End of taks processed event ----

 INFO 07-15 18:00:15,753 CpuBottleneckDetectorImpl:63 [pool-8-thread-1] - Current cpu load: 0.01, # processed events: 0, consecutive: 0/2, threshold: 0.9 in VM-125
 INFO 07-15 18:00:16,753 SystemLoadProfiler:50 [pool-8-thread-1] - Average CPU Load: 0.01 in VM-125
 INFO 07-15 18:00:16,753 TaskEventRateCalculator:114 [pool-8-thread-1] - ---- Start of task processed event (# tasks: 0 in executor VM-125)----
----- End of taks processed event ----

 INFO 07-15 18:00:16,753 CpuBottleneckDetectorImpl:63 [pool-8-thread-1] - Current cpu load: 0.01, # processed events: 0, consecutive: 0/2, threshold: 0.9 in VM-125
 INFO 07-15 18:00:17,753 SystemLoadProfiler:50 [pool-8-thread-1] - Average CPU Load: 0.01 in VM-125
 INFO 07-15 18:00:17,753 TaskEventRateCalculator:114 [pool-8-thread-1] - ---- Start of task processed event (# tasks: 0 in executor VM-125)----
----- End of taks processed event ----

 INFO 07-15 18:00:17,753 CpuBottleneckDetectorImpl:63 [pool-8-thread-1] - Current cpu load: 0.01, # processed events: 0, consecutive: 0/2, threshold: 0.9 in VM-125
 INFO 07-15 18:00:18,753 SystemLoadProfiler:50 [pool-8-thread-1] - Average CPU Load: 0.01 in VM-125
 INFO 07-15 18:00:18,753 TaskEventRateCalculator:114 [pool-8-thread-1] - ---- Start of task processed event (# tasks: 0 in executor VM-125)----
----- End of taks processed event ----

 INFO 07-15 18:00:18,753 CpuBottleneckDetectorImpl:63 [pool-8-thread-1] - Current cpu load: 0.01, # processed events: 0, consecutive: 0/2, threshold: 0.9 in VM-125
 INFO 07-15 18:00:19,753 SystemLoadProfiler:50 [pool-8-thread-1] - Average CPU Load: 0.01 in VM-125
 INFO 07-15 18:00:19,753 TaskEventRateCalculator:114 [pool-8-thread-1] - ---- Start of task processed event (# tasks: 0 in executor VM-125)----
----- End of taks processed event ----

 INFO 07-15 18:00:19,753 CpuBottleneckDetectorImpl:63 [pool-8-thread-1] - Current cpu load: 0.01, # processed events: 0, consecutive: 0/2, threshold: 0.9 in VM-125
 INFO 07-15 18:00:20,753 SystemLoadProfiler:50 [pool-8-thread-1] - Average CPU Load: 0.01 in VM-125
 INFO 07-15 18:00:20,753 TaskEventRateCalculator:114 [pool-8-thread-1] - ---- Start of task processed event (# tasks: 0 in executor VM-125)----
----- End of taks processed event ----

 INFO 07-15 18:00:20,753 CpuBottleneckDetectorImpl:63 [pool-8-thread-1] - Current cpu load: 0.01, # processed events: 0, consecutive: 0/2, threshold: 0.9 in VM-125
 INFO 07-15 18:00:21,753 SystemLoadProfiler:50 [pool-8-thread-1] - Average CPU Load: 0.0 in VM-125
 INFO 07-15 18:00:21,753 TaskEventRateCalculator:114 [pool-8-thread-1] - ---- Start of task processed event (# tasks: 0 in executor VM-125)----
----- End of taks processed event ----

 INFO 07-15 18:00:21,753 CpuBottleneckDetectorImpl:63 [pool-8-thread-1] - Current cpu load: 0.0, # processed events: 0, consecutive: 0/2, threshold: 0.9 in VM-125
 INFO 07-15 18:00:22,753 SystemLoadProfiler:50 [pool-8-thread-1] - Average CPU Load: 0.0 in VM-125
 INFO 07-15 18:00:22,753 TaskEventRateCalculator:114 [pool-8-thread-1] - ---- Start of task processed event (# tasks: 0 in executor VM-125)----
----- End of taks processed event ----

 INFO 07-15 18:00:22,753 CpuBottleneckDetectorImpl:63 [pool-8-thread-1] - Current cpu load: 0.0, # processed events: 0, consecutive: 0/2, threshold: 0.9 in VM-125
 INFO 07-15 18:00:23,753 SystemLoadProfiler:50 [pool-8-thread-1] - Average CPU Load: 0.0 in VM-125
 INFO 07-15 18:00:23,753 TaskEventRateCalculator:114 [pool-8-thread-1] - ---- Start of task processed event (# tasks: 0 in executor VM-125)----
----- End of taks processed event ----

 INFO 07-15 18:00:23,753 CpuBottleneckDetectorImpl:63 [pool-8-thread-1] - Current cpu load: 0.0, # processed events: 0, consecutive: 0/2, threshold: 0.9 in VM-125
 INFO 07-15 18:00:24,753 SystemLoadProfiler:50 [pool-8-thread-1] - Average CPU Load: 0.0 in VM-125
 INFO 07-15 18:00:24,753 TaskEventRateCalculator:114 [pool-8-thread-1] - ---- Start of task processed event (# tasks: 0 in executor VM-125)----
----- End of taks processed event ----

 INFO 07-15 18:00:24,753 CpuBottleneckDetectorImpl:63 [pool-8-thread-1] - Current cpu load: 0.0, # processed events: 0, consecutive: 0/2, threshold: 0.9 in VM-125
 INFO 07-15 18:00:25,753 SystemLoadProfiler:50 [pool-8-thread-1] - Average CPU Load: 0.0 in VM-125
 INFO 07-15 18:00:25,753 TaskEventRateCalculator:114 [pool-8-thread-1] - ---- Start of task processed event (# tasks: 0 in executor VM-125)----
----- End of taks processed event ----

 INFO 07-15 18:00:25,753 CpuBottleneckDetectorImpl:63 [pool-8-thread-1] - Current cpu load: 0.0, # processed events: 0, consecutive: 0/2, threshold: 0.9 in VM-125
 INFO 07-15 18:00:26,753 SystemLoadProfiler:50 [pool-8-thread-1] - Average CPU Load: 0.0 in VM-125
 INFO 07-15 18:00:26,753 TaskEventRateCalculator:114 [pool-8-thread-1] - ---- Start of task processed event (# tasks: 0 in executor VM-125)----
----- End of taks processed event ----

 INFO 07-15 18:00:26,753 CpuBottleneckDetectorImpl:63 [pool-8-thread-1] - Current cpu load: 0.0, # processed events: 0, consecutive: 0/2, threshold: 0.9 in VM-125
 INFO 07-15 18:00:27,753 SystemLoadProfiler:50 [pool-8-thread-1] - Average CPU Load: 0.0 in VM-125
 INFO 07-15 18:00:27,753 TaskEventRateCalculator:114 [pool-8-thread-1] - ---- Start of task processed event (# tasks: 0 in executor VM-125)----
----- End of taks processed event ----

 INFO 07-15 18:00:27,753 CpuBottleneckDetectorImpl:63 [pool-8-thread-1] - Current cpu load: 0.0, # processed events: 0, consecutive: 0/2, threshold: 0.9 in VM-125
 INFO 07-15 18:00:28,753 SystemLoadProfiler:50 [pool-8-thread-1] - Average CPU Load: 0.0 in VM-125
 INFO 07-15 18:00:28,753 TaskEventRateCalculator:114 [pool-8-thread-1] - ---- Start of task processed event (# tasks: 0 in executor VM-125)----
----- End of taks processed event ----

 INFO 07-15 18:00:28,753 CpuBottleneckDetectorImpl:63 [pool-8-thread-1] - Current cpu load: 0.0, # processed events: 0, consecutive: 0/2, threshold: 0.9 in VM-125
 INFO 07-15 18:00:29,753 SystemLoadProfiler:50 [pool-8-thread-1] - Average CPU Load: 0.0 in VM-125
 INFO 07-15 18:00:29,753 TaskEventRateCalculator:114 [pool-8-thread-1] - ---- Start of task processed event (# tasks: 0 in executor VM-125)----
----- End of taks processed event ----

 INFO 07-15 18:00:29,753 CpuBottleneckDetectorImpl:63 [pool-8-thread-1] - Current cpu load: 0.0, # processed events: 0, consecutive: 0/2, threshold: 0.9 in VM-125
 INFO 07-15 18:00:30,753 SystemLoadProfiler:50 [pool-8-thread-1] - Average CPU Load: 0.0 in VM-125
 INFO 07-15 18:00:30,753 TaskEventRateCalculator:114 [pool-8-thread-1] - ---- Start of task processed event (# tasks: 0 in executor VM-125)----
----- End of taks processed event ----

 INFO 07-15 18:00:30,753 CpuBottleneckDetectorImpl:63 [pool-8-thread-1] - Current cpu load: 0.0, # processed events: 0, consecutive: 0/2, threshold: 0.9 in VM-125
 INFO 07-15 18:00:31,753 SystemLoadProfiler:50 [pool-8-thread-1] - Average CPU Load: 0.0 in VM-125
 INFO 07-15 18:00:31,753 TaskEventRateCalculator:114 [pool-8-thread-1] - ---- Start of task processed event (# tasks: 0 in executor VM-125)----
----- End of taks processed event ----

 INFO 07-15 18:00:31,753 CpuBottleneckDetectorImpl:63 [pool-8-thread-1] - Current cpu load: 0.0, # processed events: 0, consecutive: 0/2, threshold: 0.9 in VM-125
 INFO 07-15 18:00:32,753 SystemLoadProfiler:50 [pool-8-thread-1] - Average CPU Load: 0.0 in VM-125
 INFO 07-15 18:00:32,753 TaskEventRateCalculator:114 [pool-8-thread-1] - ---- Start of task processed event (# tasks: 0 in executor VM-125)----
----- End of taks processed event ----

 INFO 07-15 18:00:32,753 CpuBottleneckDetectorImpl:63 [pool-8-thread-1] - Current cpu load: 0.0, # processed events: 0, consecutive: 0/2, threshold: 0.9 in VM-125
 INFO 07-15 18:00:33,753 SystemLoadProfiler:50 [pool-8-thread-1] - Average CPU Load: 0.0 in VM-125
 INFO 07-15 18:00:33,753 TaskEventRateCalculator:114 [pool-8-thread-1] - ---- Start of task processed event (# tasks: 0 in executor VM-125)----
----- End of taks processed event ----

 INFO 07-15 18:00:33,753 CpuBottleneckDetectorImpl:63 [pool-8-thread-1] - Current cpu load: 0.0, # processed events: 0, consecutive: 0/2, threshold: 0.9 in VM-125
 INFO 07-15 18:00:34,753 SystemLoadProfiler:50 [pool-8-thread-1] - Average CPU Load: 0.01 in VM-125
 INFO 07-15 18:00:34,753 TaskEventRateCalculator:114 [pool-8-thread-1] - ---- Start of task processed event (# tasks: 0 in executor VM-125)----
----- End of taks processed event ----

 INFO 07-15 18:00:34,753 CpuBottleneckDetectorImpl:63 [pool-8-thread-1] - Current cpu load: 0.01, # processed events: 0, consecutive: 0/2, threshold: 0.9 in VM-125
 INFO 07-15 18:00:35,753 SystemLoadProfiler:50 [pool-8-thread-1] - Average CPU Load: 0.01 in VM-125
 INFO 07-15 18:00:35,753 TaskEventRateCalculator:114 [pool-8-thread-1] - ---- Start of task processed event (# tasks: 0 in executor VM-125)----
----- End of taks processed event ----

 INFO 07-15 18:00:35,753 CpuBottleneckDetectorImpl:63 [pool-8-thread-1] - Current cpu load: 0.01, # processed events: 0, consecutive: 0/2, threshold: 0.9 in VM-125
 INFO 07-15 18:00:36,753 SystemLoadProfiler:50 [pool-8-thread-1] - Average CPU Load: 0.01 in VM-125
 INFO 07-15 18:00:36,753 TaskEventRateCalculator:114 [pool-8-thread-1] - ---- Start of task processed event (# tasks: 0 in executor VM-125)----
----- End of taks processed event ----

 INFO 07-15 18:00:36,753 CpuBottleneckDetectorImpl:63 [pool-8-thread-1] - Current cpu load: 0.01, # processed events: 0, consecutive: 0/2, threshold: 0.9 in VM-125
 INFO 07-15 18:00:37,753 SystemLoadProfiler:50 [pool-8-thread-1] - Average CPU Load: 0.01 in VM-125
 INFO 07-15 18:00:37,753 TaskEventRateCalculator:114 [pool-8-thread-1] - ---- Start of task processed event (# tasks: 0 in executor VM-125)----
----- End of taks processed event ----

 INFO 07-15 18:00:37,753 CpuBottleneckDetectorImpl:63 [pool-8-thread-1] - Current cpu load: 0.01, # processed events: 0, consecutive: 0/2, threshold: 0.9 in VM-125
 INFO 07-15 18:00:38,753 SystemLoadProfiler:50 [pool-8-thread-1] - Average CPU Load: 0.01 in VM-125
 INFO 07-15 18:00:38,753 TaskEventRateCalculator:114 [pool-8-thread-1] - ---- Start of task processed event (# tasks: 0 in executor VM-125)----
----- End of taks processed event ----

 INFO 07-15 18:00:38,753 CpuBottleneckDetectorImpl:63 [pool-8-thread-1] - Current cpu load: 0.01, # processed events: 0, consecutive: 0/2, threshold: 0.9 in VM-125
 INFO 07-15 18:00:39,753 SystemLoadProfiler:50 [pool-8-thread-1] - Average CPU Load: 0.01 in VM-125
 INFO 07-15 18:00:39,753 TaskEventRateCalculator:114 [pool-8-thread-1] - ---- Start of task processed event (# tasks: 0 in executor VM-125)----
----- End of taks processed event ----

 INFO 07-15 18:00:39,753 CpuBottleneckDetectorImpl:63 [pool-8-thread-1] - Current cpu load: 0.01, # processed events: 0, consecutive: 0/2, threshold: 0.9 in VM-125
 INFO 07-15 18:00:40,753 SystemLoadProfiler:50 [pool-8-thread-1] - Average CPU Load: 0.01 in VM-125
 INFO 07-15 18:00:40,753 TaskEventRateCalculator:114 [pool-8-thread-1] - ---- Start of task processed event (# tasks: 0 in executor VM-125)----
----- End of taks processed event ----

 INFO 07-15 18:00:40,753 CpuBottleneckDetectorImpl:63 [pool-8-thread-1] - Current cpu load: 0.01, # processed events: 0, consecutive: 0/2, threshold: 0.9 in VM-125
 INFO 07-15 18:00:41,753 SystemLoadProfiler:50 [pool-8-thread-1] - Average CPU Load: 0.01 in VM-125
 INFO 07-15 18:00:41,753 TaskEventRateCalculator:114 [pool-8-thread-1] - ---- Start of task processed event (# tasks: 0 in executor VM-125)----
----- End of taks processed event ----

 INFO 07-15 18:00:41,753 CpuBottleneckDetectorImpl:63 [pool-8-thread-1] - Current cpu load: 0.01, # processed events: 0, consecutive: 0/2, threshold: 0.9 in VM-125
 INFO 07-15 18:00:42,753 SystemLoadProfiler:50 [pool-8-thread-1] - Average CPU Load: 0.01 in VM-125
 INFO 07-15 18:00:42,753 TaskEventRateCalculator:114 [pool-8-thread-1] - ---- Start of task processed event (# tasks: 0 in executor VM-125)----
----- End of taks processed event ----

 INFO 07-15 18:00:42,753 CpuBottleneckDetectorImpl:63 [pool-8-thread-1] - Current cpu load: 0.01, # processed events: 0, consecutive: 0/2, threshold: 0.9 in VM-125
 INFO 07-15 18:00:43,753 SystemLoadProfiler:50 [pool-8-thread-1] - Average CPU Load: 0.01 in VM-125
 INFO 07-15 18:00:43,753 TaskEventRateCalculator:114 [pool-8-thread-1] - ---- Start of task processed event (# tasks: 0 in executor VM-125)----
----- End of taks processed event ----

 INFO 07-15 18:00:43,753 CpuBottleneckDetectorImpl:63 [pool-8-thread-1] - Current cpu load: 0.01, # processed events: 0, consecutive: 0/2, threshold: 0.9 in VM-125
 INFO 07-15 18:00:44,753 SystemLoadProfiler:50 [pool-8-thread-1] - Average CPU Load: 0.01 in VM-125
 INFO 07-15 18:00:44,753 TaskEventRateCalculator:114 [pool-8-thread-1] - ---- Start of task processed event (# tasks: 0 in executor VM-125)----
----- End of taks processed event ----

 INFO 07-15 18:00:44,753 CpuBottleneckDetectorImpl:63 [pool-8-thread-1] - Current cpu load: 0.01, # processed events: 0, consecutive: 0/2, threshold: 0.9 in VM-125
 INFO 07-15 18:00:45,753 SystemLoadProfiler:50 [pool-8-thread-1] - Average CPU Load: 0.01 in VM-125
 INFO 07-15 18:00:45,753 TaskEventRateCalculator:114 [pool-8-thread-1] - ---- Start of task processed event (# tasks: 0 in executor VM-125)----
----- End of taks processed event ----

 INFO 07-15 18:00:45,753 CpuBottleneckDetectorImpl:63 [pool-8-thread-1] - Current cpu load: 0.01, # processed events: 0, consecutive: 0/2, threshold: 0.9 in VM-125
 INFO 07-15 18:00:46,753 SystemLoadProfiler:50 [pool-8-thread-1] - Average CPU Load: 0.01 in VM-125
 INFO 07-15 18:00:46,753 TaskEventRateCalculator:114 [pool-8-thread-1] - ---- Start of task processed event (# tasks: 0 in executor VM-125)----
----- End of taks processed event ----

 INFO 07-15 18:00:46,753 CpuBottleneckDetectorImpl:63 [pool-8-thread-1] - Current cpu load: 0.01, # processed events: 0, consecutive: 0/2, threshold: 0.9 in VM-125
 INFO 07-15 18:00:47,753 SystemLoadProfiler:50 [pool-8-thread-1] - Average CPU Load: 0.01 in VM-125
 INFO 07-15 18:00:47,753 TaskEventRateCalculator:114 [pool-8-thread-1] - ---- Start of task processed event (# tasks: 0 in executor VM-125)----
----- End of taks processed event ----

 INFO 07-15 18:00:47,753 CpuBottleneckDetectorImpl:63 [pool-8-thread-1] - Current cpu load: 0.01, # processed events: 0, consecutive: 0/2, threshold: 0.9 in VM-125
 INFO 07-15 18:00:48,753 SystemLoadProfiler:50 [pool-8-thread-1] - Average CPU Load: 0.01 in VM-125
 INFO 07-15 18:00:48,753 TaskEventRateCalculator:114 [pool-8-thread-1] - ---- Start of task processed event (# tasks: 0 in executor VM-125)----
----- End of taks processed event ----

 INFO 07-15 18:00:48,753 CpuBottleneckDetectorImpl:63 [pool-8-thread-1] - Current cpu load: 0.01, # processed events: 0, consecutive: 0/2, threshold: 0.9 in VM-125
 INFO 07-15 18:00:49,753 SystemLoadProfiler:50 [pool-8-thread-1] - Average CPU Load: 0.01 in VM-125
 INFO 07-15 18:00:49,753 TaskEventRateCalculator:114 [pool-8-thread-1] - ---- Start of task processed event (# tasks: 0 in executor VM-125)----
----- End of taks processed event ----

 INFO 07-15 18:00:49,753 CpuBottleneckDetectorImpl:63 [pool-8-thread-1] - Current cpu load: 0.01, # processed events: 0, consecutive: 0/2, threshold: 0.9 in VM-125
 INFO 07-15 18:00:50,753 SystemLoadProfiler:50 [pool-8-thread-1] - Average CPU Load: 0.01 in VM-125
 INFO 07-15 18:00:50,753 TaskEventRateCalculator:114 [pool-8-thread-1] - ---- Start of task processed event (# tasks: 0 in executor VM-125)----
----- End of taks processed event ----

 INFO 07-15 18:00:50,753 CpuBottleneckDetectorImpl:63 [pool-8-thread-1] - Current cpu load: 0.01, # processed events: 0, consecutive: 0/2, threshold: 0.9 in VM-125
 INFO 07-15 18:00:51,753 SystemLoadProfiler:50 [pool-8-thread-1] - Average CPU Load: 0.01 in VM-125
 INFO 07-15 18:00:51,753 TaskEventRateCalculator:114 [pool-8-thread-1] - ---- Start of task processed event (# tasks: 0 in executor VM-125)----
----- End of taks processed event ----

 INFO 07-15 18:00:51,753 CpuBottleneckDetectorImpl:63 [pool-8-thread-1] - Current cpu load: 0.01, # processed events: 0, consecutive: 0/2, threshold: 0.9 in VM-125
 INFO 07-15 18:00:52,753 SystemLoadProfiler:50 [pool-8-thread-1] - Average CPU Load: 0.01 in VM-125
 INFO 07-15 18:00:52,753 TaskEventRateCalculator:114 [pool-8-thread-1] - ---- Start of task processed event (# tasks: 0 in executor VM-125)----
----- End of taks processed event ----

 INFO 07-15 18:00:52,753 CpuBottleneckDetectorImpl:63 [pool-8-thread-1] - Current cpu load: 0.01, # processed events: 0, consecutive: 0/2, threshold: 0.9 in VM-125
 INFO 07-15 18:00:53,753 SystemLoadProfiler:50 [pool-8-thread-1] - Average CPU Load: 0.01 in VM-125
 INFO 07-15 18:00:53,753 TaskEventRateCalculator:114 [pool-8-thread-1] - ---- Start of task processed event (# tasks: 0 in executor VM-125)----
----- End of taks processed event ----

 INFO 07-15 18:00:53,753 CpuBottleneckDetectorImpl:63 [pool-8-thread-1] - Current cpu load: 0.01, # processed events: 0, consecutive: 0/2, threshold: 0.9 in VM-125
 INFO 07-15 18:00:54,753 SystemLoadProfiler:50 [pool-8-thread-1] - Average CPU Load: 0.01 in VM-125
 INFO 07-15 18:00:54,753 TaskEventRateCalculator:114 [pool-8-thread-1] - ---- Start of task processed event (# tasks: 0 in executor VM-125)----
----- End of taks processed event ----

 INFO 07-15 18:00:54,753 CpuBottleneckDetectorImpl:63 [pool-8-thread-1] - Current cpu load: 0.01, # processed events: 0, consecutive: 0/2, threshold: 0.9 in VM-125
 INFO 07-15 18:00:55,753 SystemLoadProfiler:50 [pool-8-thread-1] - Average CPU Load: 0.01 in VM-125
 INFO 07-15 18:00:55,753 TaskEventRateCalculator:114 [pool-8-thread-1] - ---- Start of task processed event (# tasks: 0 in executor VM-125)----
----- End of taks processed event ----

 INFO 07-15 18:00:55,753 CpuBottleneckDetectorImpl:63 [pool-8-thread-1] - Current cpu load: 0.01, # processed events: 0, consecutive: 0/2, threshold: 0.9 in VM-125
 INFO 07-15 18:00:56,753 SystemLoadProfiler:50 [pool-8-thread-1] - Average CPU Load: 0.01 in VM-125
 INFO 07-15 18:00:56,753 TaskEventRateCalculator:114 [pool-8-thread-1] - ---- Start of task processed event (# tasks: 0 in executor VM-125)----
----- End of taks processed event ----

 INFO 07-15 18:00:56,753 CpuBottleneckDetectorImpl:63 [pool-8-thread-1] - Current cpu load: 0.01, # processed events: 0, consecutive: 0/2, threshold: 0.9 in VM-125
 INFO 07-15 18:00:57,753 SystemLoadProfiler:50 [pool-8-thread-1] - Average CPU Load: 0.01 in VM-125
 INFO 07-15 18:00:57,753 TaskEventRateCalculator:114 [pool-8-thread-1] - ---- Start of task processed event (# tasks: 0 in executor VM-125)----
----- End of taks processed event ----

 INFO 07-15 18:00:57,753 CpuBottleneckDetectorImpl:63 [pool-8-thread-1] - Current cpu load: 0.01, # processed events: 0, consecutive: 0/2, threshold: 0.9 in VM-125
 INFO 07-15 18:00:58,753 SystemLoadProfiler:50 [pool-8-thread-1] - Average CPU Load: 0.01 in VM-125
 INFO 07-15 18:00:58,753 TaskEventRateCalculator:114 [pool-8-thread-1] - ---- Start of task processed event (# tasks: 0 in executor VM-125)----
----- End of taks processed event ----

 INFO 07-15 18:00:58,753 CpuBottleneckDetectorImpl:63 [pool-8-thread-1] - Current cpu load: 0.01, # processed events: 0, consecutive: 0/2, threshold: 0.9 in VM-125
 INFO 07-15 18:00:59,753 SystemLoadProfiler:50 [pool-8-thread-1] - Average CPU Load: 0.01 in VM-125
 INFO 07-15 18:00:59,753 TaskEventRateCalculator:114 [pool-8-thread-1] - ---- Start of task processed event (# tasks: 0 in executor VM-125)----
----- End of taks processed event ----

 INFO 07-15 18:00:59,753 CpuBottleneckDetectorImpl:63 [pool-8-thread-1] - Current cpu load: 0.01, # processed events: 0, consecutive: 0/2, threshold: 0.9 in VM-125
 INFO 07-15 18:01:00,753 SystemLoadProfiler:50 [pool-8-thread-1] - Average CPU Load: 0.01 in VM-125
 INFO 07-15 18:01:00,753 TaskEventRateCalculator:114 [pool-8-thread-1] - ---- Start of task processed event (# tasks: 0 in executor VM-125)----
----- End of taks processed event ----

 INFO 07-15 18:01:00,753 CpuBottleneckDetectorImpl:63 [pool-8-thread-1] - Current cpu load: 0.01, # processed events: 0, consecutive: 0/2, threshold: 0.9 in VM-125
 INFO 07-15 18:01:01,753 SystemLoadProfiler:50 [pool-8-thread-1] - Average CPU Load: 0.01 in VM-125
 INFO 07-15 18:01:01,753 TaskEventRateCalculator:114 [pool-8-thread-1] - ---- Start of task processed event (# tasks: 0 in executor VM-125)----
----- End of taks processed event ----

 INFO 07-15 18:01:01,753 CpuBottleneckDetectorImpl:63 [pool-8-thread-1] - Current cpu load: 0.01, # processed events: 0, consecutive: 0/2, threshold: 0.9 in VM-125
 INFO 07-15 18:01:02,753 SystemLoadProfiler:50 [pool-8-thread-1] - Average CPU Load: 0.01 in VM-125
 INFO 07-15 18:01:02,753 TaskEventRateCalculator:114 [pool-8-thread-1] - ---- Start of task processed event (# tasks: 0 in executor VM-125)----
----- End of taks processed event ----

 INFO 07-15 18:01:02,753 CpuBottleneckDetectorImpl:63 [pool-8-thread-1] - Current cpu load: 0.01, # processed events: 0, consecutive: 0/2, threshold: 0.9 in VM-125
 INFO 07-15 18:01:03,753 SystemLoadProfiler:50 [pool-8-thread-1] - Average CPU Load: 0.01 in VM-125
 INFO 07-15 18:01:03,753 TaskEventRateCalculator:114 [pool-8-thread-1] - ---- Start of task processed event (# tasks: 0 in executor VM-125)----
----- End of taks processed event ----

 INFO 07-15 18:01:03,753 CpuBottleneckDetectorImpl:63 [pool-8-thread-1] - Current cpu load: 0.01, # processed events: 0, consecutive: 0/2, threshold: 0.9 in VM-125
 INFO 07-15 18:01:04,753 SystemLoadProfiler:50 [pool-8-thread-1] - Average CPU Load: 0.01 in VM-125
 INFO 07-15 18:01:04,753 TaskEventRateCalculator:114 [pool-8-thread-1] - ---- Start of task processed event (# tasks: 0 in executor VM-125)----
----- End of taks processed event ----

 INFO 07-15 18:01:04,753 CpuBottleneckDetectorImpl:63 [pool-8-thread-1] - Current cpu load: 0.01, # processed events: 0, consecutive: 0/2, threshold: 0.9 in VM-125
 INFO 07-15 18:01:05,753 SystemLoadProfiler:50 [pool-8-thread-1] - Average CPU Load: 0.01 in VM-125
 INFO 07-15 18:01:05,753 TaskEventRateCalculator:114 [pool-8-thread-1] - ---- Start of task processed event (# tasks: 0 in executor VM-125)----
----- End of taks processed event ----

 INFO 07-15 18:01:05,753 CpuBottleneckDetectorImpl:63 [pool-8-thread-1] - Current cpu load: 0.01, # processed events: 0, consecutive: 0/2, threshold: 0.9 in VM-125
 INFO 07-15 18:01:06,753 SystemLoadProfiler:50 [pool-8-thread-1] - Average CPU Load: 0.01 in VM-125
 INFO 07-15 18:01:06,753 TaskEventRateCalculator:114 [pool-8-thread-1] - ---- Start of task processed event (# tasks: 0 in executor VM-125)----
----- End of taks processed event ----

 INFO 07-15 18:01:06,753 CpuBottleneckDetectorImpl:63 [pool-8-thread-1] - Current cpu load: 0.01, # processed events: 0, consecutive: 0/2, threshold: 0.9 in VM-125
 INFO 07-15 18:01:07,753 SystemLoadProfiler:50 [pool-8-thread-1] - Average CPU Load: 0.01 in VM-125
 INFO 07-15 18:01:07,753 TaskEventRateCalculator:114 [pool-8-thread-1] - ---- Start of task processed event (# tasks: 0 in executor VM-125)----
----- End of taks processed event ----

 INFO 07-15 18:01:07,753 CpuBottleneckDetectorImpl:63 [pool-8-thread-1] - Current cpu load: 0.01, # processed events: 0, consecutive: 0/2, threshold: 0.9 in VM-125
 INFO 07-15 18:01:08,753 SystemLoadProfiler:50 [pool-8-thread-1] - Average CPU Load: 0.01 in VM-125
 INFO 07-15 18:01:08,753 TaskEventRateCalculator:114 [pool-8-thread-1] - ---- Start of task processed event (# tasks: 0 in executor VM-125)----
----- End of taks processed event ----

 INFO 07-15 18:01:08,753 CpuBottleneckDetectorImpl:63 [pool-8-thread-1] - Current cpu load: 0.01, # processed events: 0, consecutive: 0/2, threshold: 0.9 in VM-125
 INFO 07-15 18:01:09,753 SystemLoadProfiler:50 [pool-8-thread-1] - Average CPU Load: 0.01 in VM-125
 INFO 07-15 18:01:09,753 TaskEventRateCalculator:114 [pool-8-thread-1] - ---- Start of task processed event (# tasks: 0 in executor VM-125)----
----- End of taks processed event ----

 INFO 07-15 18:01:09,753 CpuBottleneckDetectorImpl:63 [pool-8-thread-1] - Current cpu load: 0.01, # processed events: 0, consecutive: 0/2, threshold: 0.9 in VM-125
 INFO 07-15 18:01:10,753 SystemLoadProfiler:50 [pool-8-thread-1] - Average CPU Load: 0.01 in VM-125
 INFO 07-15 18:01:10,753 TaskEventRateCalculator:114 [pool-8-thread-1] - ---- Start of task processed event (# tasks: 0 in executor VM-125)----
----- End of taks processed event ----

 INFO 07-15 18:01:10,753 CpuBottleneckDetectorImpl:63 [pool-8-thread-1] - Current cpu load: 0.01, # processed events: 0, consecutive: 0/2, threshold: 0.9 in VM-125
 INFO 07-15 18:01:11,753 SystemLoadProfiler:50 [pool-8-thread-1] - Average CPU Load: 0.01 in VM-125
 INFO 07-15 18:01:11,753 TaskEventRateCalculator:114 [pool-8-thread-1] - ---- Start of task processed event (# tasks: 0 in executor VM-125)----
----- End of taks processed event ----

 INFO 07-15 18:01:11,753 CpuBottleneckDetectorImpl:63 [pool-8-thread-1] - Current cpu load: 0.01, # processed events: 0, consecutive: 0/2, threshold: 0.9 in VM-125
 INFO 07-15 18:01:12,753 SystemLoadProfiler:50 [pool-8-thread-1] - Average CPU Load: 0.01 in VM-125
 INFO 07-15 18:01:12,753 TaskEventRateCalculator:114 [pool-8-thread-1] - ---- Start of task processed event (# tasks: 0 in executor VM-125)----
----- End of taks processed event ----

 INFO 07-15 18:01:12,753 CpuBottleneckDetectorImpl:63 [pool-8-thread-1] - Current cpu load: 0.01, # processed events: 0, consecutive: 0/2, threshold: 0.9 in VM-125
 INFO 07-15 18:01:13,753 SystemLoadProfiler:50 [pool-8-thread-1] - Average CPU Load: 0.01 in VM-125
 INFO 07-15 18:01:13,753 TaskEventRateCalculator:114 [pool-8-thread-1] - ---- Start of task processed event (# tasks: 0 in executor VM-125)----
----- End of taks processed event ----

 INFO 07-15 18:01:13,753 CpuBottleneckDetectorImpl:63 [pool-8-thread-1] - Current cpu load: 0.01, # processed events: 0, consecutive: 0/2, threshold: 0.9 in VM-125
 INFO 07-15 18:01:14,753 SystemLoadProfiler:50 [pool-8-thread-1] - Average CPU Load: 0.01 in VM-125
 INFO 07-15 18:01:14,753 TaskEventRateCalculator:114 [pool-8-thread-1] - ---- Start of task processed event (# tasks: 0 in executor VM-125)----
----- End of taks processed event ----

 INFO 07-15 18:01:14,753 CpuBottleneckDetectorImpl:63 [pool-8-thread-1] - Current cpu load: 0.01, # processed events: 0, consecutive: 0/2, threshold: 0.9 in VM-125
 INFO 07-15 18:01:15,753 SystemLoadProfiler:50 [pool-8-thread-1] - Average CPU Load: 0.01 in VM-125
 INFO 07-15 18:01:15,753 TaskEventRateCalculator:114 [pool-8-thread-1] - ---- Start of task processed event (# tasks: 0 in executor VM-125)----
----- End of taks processed event ----

 INFO 07-15 18:01:15,753 CpuBottleneckDetectorImpl:63 [pool-8-thread-1] - Current cpu load: 0.01, # processed events: 0, consecutive: 0/2, threshold: 0.9 in VM-125
 INFO 07-15 18:01:16,753 SystemLoadProfiler:50 [pool-8-thread-1] - Average CPU Load: 0.01 in VM-125
 INFO 07-15 18:01:16,753 TaskEventRateCalculator:114 [pool-8-thread-1] - ---- Start of task processed event (# tasks: 0 in executor VM-125)----
----- End of taks processed event ----

 INFO 07-15 18:01:16,753 CpuBottleneckDetectorImpl:63 [pool-8-thread-1] - Current cpu load: 0.01, # processed events: 0, consecutive: 0/2, threshold: 0.9 in VM-125
 INFO 07-15 18:01:17,753 SystemLoadProfiler:50 [pool-8-thread-1] - Average CPU Load: 0.01 in VM-125
 INFO 07-15 18:01:17,753 TaskEventRateCalculator:114 [pool-8-thread-1] - ---- Start of task processed event (# tasks: 0 in executor VM-125)----
----- End of taks processed event ----

 INFO 07-15 18:01:17,753 CpuBottleneckDetectorImpl:63 [pool-8-thread-1] - Current cpu load: 0.01, # processed events: 0, consecutive: 0/2, threshold: 0.9 in VM-125
 INFO 07-15 18:01:18,753 SystemLoadProfiler:50 [pool-8-thread-1] - Average CPU Load: 0.01 in VM-125
 INFO 07-15 18:01:18,753 TaskEventRateCalculator:114 [pool-8-thread-1] - ---- Start of task processed event (# tasks: 0 in executor VM-125)----
----- End of taks processed event ----

 INFO 07-15 18:01:18,753 CpuBottleneckDetectorImpl:63 [pool-8-thread-1] - Current cpu load: 0.01, # processed events: 0, consecutive: 0/2, threshold: 0.9 in VM-125
 INFO 07-15 18:01:19,753 SystemLoadProfiler:50 [pool-8-thread-1] - Average CPU Load: 0.01 in VM-125
 INFO 07-15 18:01:19,753 TaskEventRateCalculator:114 [pool-8-thread-1] - ---- Start of task processed event (# tasks: 0 in executor VM-125)----
----- End of taks processed event ----

 INFO 07-15 18:01:19,753 CpuBottleneckDetectorImpl:63 [pool-8-thread-1] - Current cpu load: 0.01, # processed events: 0, consecutive: 0/2, threshold: 0.9 in VM-125
 INFO 07-15 18:01:20,753 SystemLoadProfiler:50 [pool-8-thread-1] - Average CPU Load: 0.01 in VM-125
 INFO 07-15 18:01:20,753 TaskEventRateCalculator:114 [pool-8-thread-1] - ---- Start of task processed event (# tasks: 0 in executor VM-125)----
----- End of taks processed event ----

 INFO 07-15 18:01:20,753 CpuBottleneckDetectorImpl:63 [pool-8-thread-1] - Current cpu load: 0.01, # processed events: 0, consecutive: 0/2, threshold: 0.9 in VM-125
 INFO 07-15 18:01:21,753 SystemLoadProfiler:50 [pool-8-thread-1] - Average CPU Load: 0.01 in VM-125
 INFO 07-15 18:01:21,753 TaskEventRateCalculator:114 [pool-8-thread-1] - ---- Start of task processed event (# tasks: 0 in executor VM-125)----
----- End of taks processed event ----

 INFO 07-15 18:01:21,753 CpuBottleneckDetectorImpl:63 [pool-8-thread-1] - Current cpu load: 0.01, # processed events: 0, consecutive: 0/2, threshold: 0.9 in VM-125
 INFO 07-15 18:01:22,753 SystemLoadProfiler:50 [pool-8-thread-1] - Average CPU Load: 0.01 in VM-125
 INFO 07-15 18:01:22,753 TaskEventRateCalculator:114 [pool-8-thread-1] - ---- Start of task processed event (# tasks: 0 in executor VM-125)----
----- End of taks processed event ----

 INFO 07-15 18:01:22,753 CpuBottleneckDetectorImpl:63 [pool-8-thread-1] - Current cpu load: 0.01, # processed events: 0, consecutive: 0/2, threshold: 0.9 in VM-125
 INFO 07-15 18:01:23,753 SystemLoadProfiler:50 [pool-8-thread-1] - Average CPU Load: 0.01 in VM-125
 INFO 07-15 18:01:23,753 TaskEventRateCalculator:114 [pool-8-thread-1] - ---- Start of task processed event (# tasks: 0 in executor VM-125)----
----- End of taks processed event ----

 INFO 07-15 18:01:23,753 CpuBottleneckDetectorImpl:63 [pool-8-thread-1] - Current cpu load: 0.01, # processed events: 0, consecutive: 0/2, threshold: 0.9 in VM-125
 INFO 07-15 18:01:24,753 SystemLoadProfiler:50 [pool-8-thread-1] - Average CPU Load: 0.01 in VM-125
 INFO 07-15 18:01:24,753 TaskEventRateCalculator:114 [pool-8-thread-1] - ---- Start of task processed event (# tasks: 0 in executor VM-125)----
----- End of taks processed event ----

 INFO 07-15 18:01:24,753 CpuBottleneckDetectorImpl:63 [pool-8-thread-1] - Current cpu load: 0.01, # processed events: 0, consecutive: 0/2, threshold: 0.9 in VM-125
 INFO 07-15 18:01:25,753 SystemLoadProfiler:50 [pool-8-thread-1] - Average CPU Load: 0.01 in VM-125
 INFO 07-15 18:01:25,753 TaskEventRateCalculator:114 [pool-8-thread-1] - ---- Start of task processed event (# tasks: 0 in executor VM-125)----
----- End of taks processed event ----

 INFO 07-15 18:01:25,753 CpuBottleneckDetectorImpl:63 [pool-8-thread-1] - Current cpu load: 0.01, # processed events: 0, consecutive: 0/2, threshold: 0.9 in VM-125
 INFO 07-15 18:01:26,753 SystemLoadProfiler:50 [pool-8-thread-1] - Average CPU Load: 0.01 in VM-125
 INFO 07-15 18:01:26,753 TaskEventRateCalculator:114 [pool-8-thread-1] - ---- Start of task processed event (# tasks: 0 in executor VM-125)----
----- End of taks processed event ----

 INFO 07-15 18:01:26,753 CpuBottleneckDetectorImpl:63 [pool-8-thread-1] - Current cpu load: 0.01, # processed events: 0, consecutive: 0/2, threshold: 0.9 in VM-125
 INFO 07-15 18:01:27,753 SystemLoadProfiler:50 [pool-8-thread-1] - Average CPU Load: 0.01 in VM-125
 INFO 07-15 18:01:27,753 TaskEventRateCalculator:114 [pool-8-thread-1] - ---- Start of task processed event (# tasks: 0 in executor VM-125)----
----- End of taks processed event ----

 INFO 07-15 18:01:27,753 CpuBottleneckDetectorImpl:63 [pool-8-thread-1] - Current cpu load: 0.01, # processed events: 0, consecutive: 0/2, threshold: 0.9 in VM-125
 INFO 07-15 18:01:28,753 SystemLoadProfiler:50 [pool-8-thread-1] - Average CPU Load: 0.01 in VM-125
 INFO 07-15 18:01:28,753 TaskEventRateCalculator:114 [pool-8-thread-1] - ---- Start of task processed event (# tasks: 0 in executor VM-125)----
----- End of taks processed event ----

 INFO 07-15 18:01:28,753 CpuBottleneckDetectorImpl:63 [pool-8-thread-1] - Current cpu load: 0.01, # processed events: 0, consecutive: 0/2, threshold: 0.9 in VM-125
 INFO 07-15 18:01:29,753 SystemLoadProfiler:50 [pool-8-thread-1] - Average CPU Load: 0.01 in VM-125
 INFO 07-15 18:01:29,753 TaskEventRateCalculator:114 [pool-8-thread-1] - ---- Start of task processed event (# tasks: 0 in executor VM-125)----
----- End of taks processed event ----

 INFO 07-15 18:01:29,753 CpuBottleneckDetectorImpl:63 [pool-8-thread-1] - Current cpu load: 0.01, # processed events: 0, consecutive: 0/2, threshold: 0.9 in VM-125
 INFO 07-15 18:01:30,753 SystemLoadProfiler:50 [pool-8-thread-1] - Average CPU Load: 0.01 in VM-125
 INFO 07-15 18:01:30,753 TaskEventRateCalculator:114 [pool-8-thread-1] - ---- Start of task processed event (# tasks: 0 in executor VM-125)----
----- End of taks processed event ----

 INFO 07-15 18:01:30,753 CpuBottleneckDetectorImpl:63 [pool-8-thread-1] - Current cpu load: 0.01, # processed events: 0, consecutive: 0/2, threshold: 0.9 in VM-125
 INFO 07-15 18:01:31,753 SystemLoadProfiler:50 [pool-8-thread-1] - Average CPU Load: 0.01 in VM-125
 INFO 07-15 18:01:31,753 TaskEventRateCalculator:114 [pool-8-thread-1] - ---- Start of task processed event (# tasks: 0 in executor VM-125)----
----- End of taks processed event ----

 INFO 07-15 18:01:31,753 CpuBottleneckDetectorImpl:63 [pool-8-thread-1] - Current cpu load: 0.01, # processed events: 0, consecutive: 0/2, threshold: 0.9 in VM-125
 INFO 07-15 18:01:32,753 SystemLoadProfiler:50 [pool-8-thread-1] - Average CPU Load: 0.01 in VM-125
 INFO 07-15 18:01:32,753 TaskEventRateCalculator:114 [pool-8-thread-1] - ---- Start of task processed event (# tasks: 0 in executor VM-125)----
----- End of taks processed event ----

 INFO 07-15 18:01:32,753 CpuBottleneckDetectorImpl:63 [pool-8-thread-1] - Current cpu load: 0.01, # processed events: 0, consecutive: 0/2, threshold: 0.9 in VM-125
 INFO 07-15 18:01:33,753 SystemLoadProfiler:50 [pool-8-thread-1] - Average CPU Load: 0.01 in VM-125
 INFO 07-15 18:01:33,753 TaskEventRateCalculator:114 [pool-8-thread-1] - ---- Start of task processed event (# tasks: 0 in executor VM-125)----
----- End of taks processed event ----

 INFO 07-15 18:01:33,753 CpuBottleneckDetectorImpl:63 [pool-8-thread-1] - Current cpu load: 0.01, # processed events: 0, consecutive: 0/2, threshold: 0.9 in VM-125
 INFO 07-15 18:01:34,753 SystemLoadProfiler:50 [pool-8-thread-1] - Average CPU Load: 0.01 in VM-125
 INFO 07-15 18:01:34,753 TaskEventRateCalculator:114 [pool-8-thread-1] - ---- Start of task processed event (# tasks: 0 in executor VM-125)----
----- End of taks processed event ----

 INFO 07-15 18:01:34,753 CpuBottleneckDetectorImpl:63 [pool-8-thread-1] - Current cpu load: 0.01, # processed events: 0, consecutive: 0/2, threshold: 0.9 in VM-125
 INFO 07-15 18:01:35,753 SystemLoadProfiler:50 [pool-8-thread-1] - Average CPU Load: 0.01 in VM-125
 INFO 07-15 18:01:35,753 TaskEventRateCalculator:114 [pool-8-thread-1] - ---- Start of task processed event (# tasks: 0 in executor VM-125)----
----- End of taks processed event ----

 INFO 07-15 18:01:35,753 CpuBottleneckDetectorImpl:63 [pool-8-thread-1] - Current cpu load: 0.01, # processed events: 0, consecutive: 0/2, threshold: 0.9 in VM-125
 INFO 07-15 18:01:36,753 SystemLoadProfiler:50 [pool-8-thread-1] - Average CPU Load: 0.01 in VM-125
 INFO 07-15 18:01:36,753 TaskEventRateCalculator:114 [pool-8-thread-1] - ---- Start of task processed event (# tasks: 0 in executor VM-125)----
----- End of taks processed event ----

 INFO 07-15 18:01:36,753 CpuBottleneckDetectorImpl:63 [pool-8-thread-1] - Current cpu load: 0.01, # processed events: 0, consecutive: 0/2, threshold: 0.9 in VM-125
 INFO 07-15 18:01:37,753 SystemLoadProfiler:50 [pool-8-thread-1] - Average CPU Load: 0.01 in VM-125
 INFO 07-15 18:01:37,753 TaskEventRateCalculator:114 [pool-8-thread-1] - ---- Start of task processed event (# tasks: 0 in executor VM-125)----
----- End of taks processed event ----

 INFO 07-15 18:01:37,753 CpuBottleneckDetectorImpl:63 [pool-8-thread-1] - Current cpu load: 0.01, # processed events: 0, consecutive: 0/2, threshold: 0.9 in VM-125
 INFO 07-15 18:01:38,753 SystemLoadProfiler:50 [pool-8-thread-1] - Average CPU Load: 0.01 in VM-125
 INFO 07-15 18:01:38,753 TaskEventRateCalculator:114 [pool-8-thread-1] - ---- Start of task processed event (# tasks: 0 in executor VM-125)----
----- End of taks processed event ----

 INFO 07-15 18:01:38,753 CpuBottleneckDetectorImpl:63 [pool-8-thread-1] - Current cpu load: 0.01, # processed events: 0, consecutive: 0/2, threshold: 0.9 in VM-125
 INFO 07-15 18:01:39,753 SystemLoadProfiler:50 [pool-8-thread-1] - Average CPU Load: 0.01 in VM-125
 INFO 07-15 18:01:39,753 TaskEventRateCalculator:114 [pool-8-thread-1] - ---- Start of task processed event (# tasks: 0 in executor VM-125)----
----- End of taks processed event ----

 INFO 07-15 18:01:39,753 CpuBottleneckDetectorImpl:63 [pool-8-thread-1] - Current cpu load: 0.01, # processed events: 0, consecutive: 0/2, threshold: 0.9 in VM-125
 INFO 07-15 18:01:40,753 SystemLoadProfiler:50 [pool-8-thread-1] - Average CPU Load: 0.01 in VM-125
 INFO 07-15 18:01:40,753 TaskEventRateCalculator:114 [pool-8-thread-1] - ---- Start of task processed event (# tasks: 0 in executor VM-125)----
----- End of taks processed event ----

 INFO 07-15 18:01:40,753 CpuBottleneckDetectorImpl:63 [pool-8-thread-1] - Current cpu load: 0.01, # processed events: 0, consecutive: 0/2, threshold: 0.9 in VM-125
 INFO 07-15 18:01:41,753 SystemLoadProfiler:50 [pool-8-thread-1] - Average CPU Load: 0.01 in VM-125
 INFO 07-15 18:01:41,753 TaskEventRateCalculator:114 [pool-8-thread-1] - ---- Start of task processed event (# tasks: 0 in executor VM-125)----
----- End of taks processed event ----

 INFO 07-15 18:01:41,753 CpuBottleneckDetectorImpl:63 [pool-8-thread-1] - Current cpu load: 0.01, # processed events: 0, consecutive: 0/2, threshold: 0.9 in VM-125
 INFO 07-15 18:01:42,753 SystemLoadProfiler:50 [pool-8-thread-1] - Average CPU Load: 0.01 in VM-125
 INFO 07-15 18:01:42,753 TaskEventRateCalculator:114 [pool-8-thread-1] - ---- Start of task processed event (# tasks: 0 in executor VM-125)----
----- End of taks processed event ----

 INFO 07-15 18:01:42,753 CpuBottleneckDetectorImpl:63 [pool-8-thread-1] - Current cpu load: 0.01, # processed events: 0, consecutive: 0/2, threshold: 0.9 in VM-125
 INFO 07-15 18:01:43,753 SystemLoadProfiler:50 [pool-8-thread-1] - Average CPU Load: 0.01 in VM-125
 INFO 07-15 18:01:43,753 TaskEventRateCalculator:114 [pool-8-thread-1] - ---- Start of task processed event (# tasks: 0 in executor VM-125)----
----- End of taks processed event ----

 INFO 07-15 18:01:43,753 CpuBottleneckDetectorImpl:63 [pool-8-thread-1] - Current cpu load: 0.01, # processed events: 0, consecutive: 0/2, threshold: 0.9 in VM-125
 INFO 07-15 18:01:44,753 SystemLoadProfiler:50 [pool-8-thread-1] - Average CPU Load: 0.01 in VM-125
 INFO 07-15 18:01:44,753 TaskEventRateCalculator:114 [pool-8-thread-1] - ---- Start of task processed event (# tasks: 0 in executor VM-125)----
----- End of taks processed event ----

 INFO 07-15 18:01:44,753 CpuBottleneckDetectorImpl:63 [pool-8-thread-1] - Current cpu load: 0.01, # processed events: 0, consecutive: 0/2, threshold: 0.9 in VM-125
 INFO 07-15 18:01:45,753 SystemLoadProfiler:50 [pool-8-thread-1] - Average CPU Load: 0.01 in VM-125
 INFO 07-15 18:01:45,753 TaskEventRateCalculator:114 [pool-8-thread-1] - ---- Start of task processed event (# tasks: 0 in executor VM-125)----
----- End of taks processed event ----

 INFO 07-15 18:01:45,753 CpuBottleneckDetectorImpl:63 [pool-8-thread-1] - Current cpu load: 0.01, # processed events: 0, consecutive: 0/2, threshold: 0.9 in VM-125
 INFO 07-15 18:01:46,753 SystemLoadProfiler:50 [pool-8-thread-1] - Average CPU Load: 0.01 in VM-125
 INFO 07-15 18:01:46,753 TaskEventRateCalculator:114 [pool-8-thread-1] - ---- Start of task processed event (# tasks: 0 in executor VM-125)----
----- End of taks processed event ----

 INFO 07-15 18:01:46,753 CpuBottleneckDetectorImpl:63 [pool-8-thread-1] - Current cpu load: 0.01, # processed events: 0, consecutive: 0/2, threshold: 0.9 in VM-125
 INFO 07-15 18:01:47,753 SystemLoadProfiler:50 [pool-8-thread-1] - Average CPU Load: 0.01 in VM-125
 INFO 07-15 18:01:47,753 TaskEventRateCalculator:114 [pool-8-thread-1] - ---- Start of task processed event (# tasks: 0 in executor VM-125)----
----- End of taks processed event ----

 INFO 07-15 18:01:47,753 CpuBottleneckDetectorImpl:63 [pool-8-thread-1] - Current cpu load: 0.01, # processed events: 0, consecutive: 0/2, threshold: 0.9 in VM-125
 INFO 07-15 18:01:48,753 SystemLoadProfiler:50 [pool-8-thread-1] - Average CPU Load: 0.01 in VM-125
 INFO 07-15 18:01:48,753 TaskEventRateCalculator:114 [pool-8-thread-1] - ---- Start of task processed event (# tasks: 0 in executor VM-125)----
----- End of taks processed event ----

 INFO 07-15 18:01:48,753 CpuBottleneckDetectorImpl:63 [pool-8-thread-1] - Current cpu load: 0.01, # processed events: 0, consecutive: 0/2, threshold: 0.9 in VM-125
 INFO 07-15 18:01:49,753 SystemLoadProfiler:50 [pool-8-thread-1] - Average CPU Load: 0.01 in VM-125
 INFO 07-15 18:01:49,753 TaskEventRateCalculator:114 [pool-8-thread-1] - ---- Start of task processed event (# tasks: 0 in executor VM-125)----
----- End of taks processed event ----

 INFO 07-15 18:01:49,753 CpuBottleneckDetectorImpl:63 [pool-8-thread-1] - Current cpu load: 0.01, # processed events: 0, consecutive: 0/2, threshold: 0.9 in VM-125
 INFO 07-15 18:01:50,753 SystemLoadProfiler:50 [pool-8-thread-1] - Average CPU Load: 0.01 in VM-125
 INFO 07-15 18:01:50,753 TaskEventRateCalculator:114 [pool-8-thread-1] - ---- Start of task processed event (# tasks: 0 in executor VM-125)----
----- End of taks processed event ----

 INFO 07-15 18:01:50,753 CpuBottleneckDetectorImpl:63 [pool-8-thread-1] - Current cpu load: 0.01, # processed events: 0, consecutive: 0/2, threshold: 0.9 in VM-125
 INFO 07-15 18:01:51,753 SystemLoadProfiler:50 [pool-8-thread-1] - Average CPU Load: 0.01 in VM-125
 INFO 07-15 18:01:51,753 TaskEventRateCalculator:114 [pool-8-thread-1] - ---- Start of task processed event (# tasks: 0 in executor VM-125)----
----- End of taks processed event ----

 INFO 07-15 18:01:51,753 CpuBottleneckDetectorImpl:63 [pool-8-thread-1] - Current cpu load: 0.01, # processed events: 0, consecutive: 0/2, threshold: 0.9 in VM-125
 INFO 07-15 18:01:52,753 SystemLoadProfiler:50 [pool-8-thread-1] - Average CPU Load: 0.01 in VM-125
 INFO 07-15 18:01:52,753 TaskEventRateCalculator:114 [pool-8-thread-1] - ---- Start of task processed event (# tasks: 0 in executor VM-125)----
----- End of taks processed event ----

 INFO 07-15 18:01:52,753 CpuBottleneckDetectorImpl:63 [pool-8-thread-1] - Current cpu load: 0.01, # processed events: 0, consecutive: 0/2, threshold: 0.9 in VM-125
 INFO 07-15 18:01:53,753 SystemLoadProfiler:50 [pool-8-thread-1] - Average CPU Load: 0.01 in VM-125
 INFO 07-15 18:01:53,753 TaskEventRateCalculator:114 [pool-8-thread-1] - ---- Start of task processed event (# tasks: 0 in executor VM-125)----
----- End of taks processed event ----

 INFO 07-15 18:01:53,753 CpuBottleneckDetectorImpl:63 [pool-8-thread-1] - Current cpu load: 0.01, # processed events: 0, consecutive: 0/2, threshold: 0.9 in VM-125
 INFO 07-15 18:01:54,753 SystemLoadProfiler:50 [pool-8-thread-1] - Average CPU Load: 0.01 in VM-125
 INFO 07-15 18:01:54,753 TaskEventRateCalculator:114 [pool-8-thread-1] - ---- Start of task processed event (# tasks: 0 in executor VM-125)----
----- End of taks processed event ----

 INFO 07-15 18:01:54,754 CpuBottleneckDetectorImpl:63 [pool-8-thread-1] - Current cpu load: 0.01, # processed events: 0, consecutive: 0/2, threshold: 0.9 in VM-125
 INFO 07-15 18:01:55,753 SystemLoadProfiler:50 [pool-8-thread-1] - Average CPU Load: 0.01 in VM-125
 INFO 07-15 18:01:55,753 TaskEventRateCalculator:114 [pool-8-thread-1] - ---- Start of task processed event (# tasks: 0 in executor VM-125)----
----- End of taks processed event ----

 INFO 07-15 18:01:55,753 CpuBottleneckDetectorImpl:63 [pool-8-thread-1] - Current cpu load: 0.01, # processed events: 0, consecutive: 0/2, threshold: 0.9 in VM-125
 INFO 07-15 18:01:56,753 SystemLoadProfiler:50 [pool-8-thread-1] - Average CPU Load: 0.01 in VM-125
 INFO 07-15 18:01:56,753 TaskEventRateCalculator:114 [pool-8-thread-1] - ---- Start of task processed event (# tasks: 0 in executor VM-125)----
----- End of taks processed event ----

 INFO 07-15 18:01:56,753 CpuBottleneckDetectorImpl:63 [pool-8-thread-1] - Current cpu load: 0.01, # processed events: 0, consecutive: 0/2, threshold: 0.9 in VM-125
 INFO 07-15 18:01:57,753 SystemLoadProfiler:50 [pool-8-thread-1] - Average CPU Load: 0.01 in VM-125
 INFO 07-15 18:01:57,753 TaskEventRateCalculator:114 [pool-8-thread-1] - ---- Start of task processed event (# tasks: 0 in executor VM-125)----
----- End of taks processed event ----

 INFO 07-15 18:01:57,753 CpuBottleneckDetectorImpl:63 [pool-8-thread-1] - Current cpu load: 0.01, # processed events: 0, consecutive: 0/2, threshold: 0.9 in VM-125
 INFO 07-15 18:01:58,753 SystemLoadProfiler:50 [pool-8-thread-1] - Average CPU Load: 0.01 in VM-125
 INFO 07-15 18:01:58,753 TaskEventRateCalculator:114 [pool-8-thread-1] - ---- Start of task processed event (# tasks: 0 in executor VM-125)----
----- End of taks processed event ----

 INFO 07-15 18:01:58,753 CpuBottleneckDetectorImpl:63 [pool-8-thread-1] - Current cpu load: 0.01, # processed events: 0, consecutive: 0/2, threshold: 0.9 in VM-125
 INFO 07-15 18:01:59,753 SystemLoadProfiler:50 [pool-8-thread-1] - Average CPU Load: 0.01 in VM-125
 INFO 07-15 18:01:59,753 TaskEventRateCalculator:114 [pool-8-thread-1] - ---- Start of task processed event (# tasks: 0 in executor VM-125)----
----- End of taks processed event ----

 INFO 07-15 18:01:59,753 CpuBottleneckDetectorImpl:63 [pool-8-thread-1] - Current cpu load: 0.01, # processed events: 0, consecutive: 0/2, threshold: 0.9 in VM-125
 INFO 07-15 18:02:00,753 SystemLoadProfiler:50 [pool-8-thread-1] - Average CPU Load: 0.01 in VM-125
 INFO 07-15 18:02:00,753 TaskEventRateCalculator:114 [pool-8-thread-1] - ---- Start of task processed event (# tasks: 0 in executor VM-125)----
----- End of taks processed event ----

 INFO 07-15 18:02:00,753 CpuBottleneckDetectorImpl:63 [pool-8-thread-1] - Current cpu load: 0.01, # processed events: 0, consecutive: 0/2, threshold: 0.9 in VM-125
 INFO 07-15 18:02:01,753 SystemLoadProfiler:50 [pool-8-thread-1] - Average CPU Load: 0.01 in VM-125
 INFO 07-15 18:02:01,753 TaskEventRateCalculator:114 [pool-8-thread-1] - ---- Start of task processed event (# tasks: 0 in executor VM-125)----
----- End of taks processed event ----

 INFO 07-15 18:02:01,753 CpuBottleneckDetectorImpl:63 [pool-8-thread-1] - Current cpu load: 0.01, # processed events: 0, consecutive: 0/2, threshold: 0.9 in VM-125
 INFO 07-15 18:02:02,753 SystemLoadProfiler:50 [pool-8-thread-1] - Average CPU Load: 0.01 in VM-125
 INFO 07-15 18:02:02,753 TaskEventRateCalculator:114 [pool-8-thread-1] - ---- Start of task processed event (# tasks: 0 in executor VM-125)----
----- End of taks processed event ----

 INFO 07-15 18:02:02,753 CpuBottleneckDetectorImpl:63 [pool-8-thread-1] - Current cpu load: 0.01, # processed events: 0, consecutive: 0/2, threshold: 0.9 in VM-125
 INFO 07-15 18:02:03,753 SystemLoadProfiler:50 [pool-8-thread-1] - Average CPU Load: 0.01 in VM-125
 INFO 07-15 18:02:03,753 TaskEventRateCalculator:114 [pool-8-thread-1] - ---- Start of task processed event (# tasks: 0 in executor VM-125)----
----- End of taks processed event ----

 INFO 07-15 18:02:03,753 CpuBottleneckDetectorImpl:63 [pool-8-thread-1] - Current cpu load: 0.01, # processed events: 0, consecutive: 0/2, threshold: 0.9 in VM-125
 INFO 07-15 18:02:04,753 SystemLoadProfiler:50 [pool-8-thread-1] - Average CPU Load: 0.01 in VM-125
 INFO 07-15 18:02:04,753 TaskEventRateCalculator:114 [pool-8-thread-1] - ---- Start of task processed event (# tasks: 0 in executor VM-125)----
----- End of taks processed event ----

 INFO 07-15 18:02:04,753 CpuBottleneckDetectorImpl:63 [pool-8-thread-1] - Current cpu load: 0.01, # processed events: 0, consecutive: 0/2, threshold: 0.9 in VM-125
 INFO 07-15 18:02:05,753 SystemLoadProfiler:50 [pool-8-thread-1] - Average CPU Load: 0.01 in VM-125
 INFO 07-15 18:02:05,753 TaskEventRateCalculator:114 [pool-8-thread-1] - ---- Start of task processed event (# tasks: 0 in executor VM-125)----
----- End of taks processed event ----

 INFO 07-15 18:02:05,753 CpuBottleneckDetectorImpl:63 [pool-8-thread-1] - Current cpu load: 0.01, # processed events: 0, consecutive: 0/2, threshold: 0.9 in VM-125
 INFO 07-15 18:02:06,753 SystemLoadProfiler:50 [pool-8-thread-1] - Average CPU Load: 0.01 in VM-125
 INFO 07-15 18:02:06,753 TaskEventRateCalculator:114 [pool-8-thread-1] - ---- Start of task processed event (# tasks: 0 in executor VM-125)----
----- End of taks processed event ----

 INFO 07-15 18:02:06,753 CpuBottleneckDetectorImpl:63 [pool-8-thread-1] - Current cpu load: 0.01, # processed events: 0, consecutive: 0/2, threshold: 0.9 in VM-125
 INFO 07-15 18:02:07,753 SystemLoadProfiler:50 [pool-8-thread-1] - Average CPU Load: 0.01 in VM-125
 INFO 07-15 18:02:07,753 TaskEventRateCalculator:114 [pool-8-thread-1] - ---- Start of task processed event (# tasks: 0 in executor VM-125)----
----- End of taks processed event ----

 INFO 07-15 18:02:07,753 CpuBottleneckDetectorImpl:63 [pool-8-thread-1] - Current cpu load: 0.01, # processed events: 0, consecutive: 0/2, threshold: 0.9 in VM-125
 INFO 07-15 18:02:08,753 SystemLoadProfiler:50 [pool-8-thread-1] - Average CPU Load: 0.01 in VM-125
 INFO 07-15 18:02:08,753 TaskEventRateCalculator:114 [pool-8-thread-1] - ---- Start of task processed event (# tasks: 0 in executor VM-125)----
----- End of taks processed event ----

 INFO 07-15 18:02:08,753 CpuBottleneckDetectorImpl:63 [pool-8-thread-1] - Current cpu load: 0.01, # processed events: 0, consecutive: 0/2, threshold: 0.9 in VM-125
 INFO 07-15 18:02:09,753 SystemLoadProfiler:50 [pool-8-thread-1] - Average CPU Load: 0.01 in VM-125
 INFO 07-15 18:02:09,753 TaskEventRateCalculator:114 [pool-8-thread-1] - ---- Start of task processed event (# tasks: 0 in executor VM-125)----
----- End of taks processed event ----

 INFO 07-15 18:02:09,753 CpuBottleneckDetectorImpl:63 [pool-8-thread-1] - Current cpu load: 0.01, # processed events: 0, consecutive: 0/2, threshold: 0.9 in VM-125
 INFO 07-15 18:02:10,753 SystemLoadProfiler:50 [pool-8-thread-1] - Average CPU Load: 0.01 in VM-125
 INFO 07-15 18:02:10,753 TaskEventRateCalculator:114 [pool-8-thread-1] - ---- Start of task processed event (# tasks: 0 in executor VM-125)----
----- End of taks processed event ----

 INFO 07-15 18:02:10,753 CpuBottleneckDetectorImpl:63 [pool-8-thread-1] - Current cpu load: 0.01, # processed events: 0, consecutive: 0/2, threshold: 0.9 in VM-125
 INFO 07-15 18:02:11,753 SystemLoadProfiler:50 [pool-8-thread-1] - Average CPU Load: 0.01 in VM-125
 INFO 07-15 18:02:11,753 TaskEventRateCalculator:114 [pool-8-thread-1] - ---- Start of task processed event (# tasks: 0 in executor VM-125)----
----- End of taks processed event ----

 INFO 07-15 18:02:11,753 CpuBottleneckDetectorImpl:63 [pool-8-thread-1] - Current cpu load: 0.01, # processed events: 0, consecutive: 0/2, threshold: 0.9 in VM-125
 INFO 07-15 18:02:12,753 SystemLoadProfiler:50 [pool-8-thread-1] - Average CPU Load: 0.01 in VM-125
 INFO 07-15 18:02:12,753 TaskEventRateCalculator:114 [pool-8-thread-1] - ---- Start of task processed event (# tasks: 0 in executor VM-125)----
----- End of taks processed event ----

 INFO 07-15 18:02:12,753 CpuBottleneckDetectorImpl:63 [pool-8-thread-1] - Current cpu load: 0.01, # processed events: 0, consecutive: 0/2, threshold: 0.9 in VM-125
 INFO 07-15 18:02:13,753 SystemLoadProfiler:50 [pool-8-thread-1] - Average CPU Load: 0.01 in VM-125
 INFO 07-15 18:02:13,753 TaskEventRateCalculator:114 [pool-8-thread-1] - ---- Start of task processed event (# tasks: 0 in executor VM-125)----
----- End of taks processed event ----

 INFO 07-15 18:02:13,753 CpuBottleneckDetectorImpl:63 [pool-8-thread-1] - Current cpu load: 0.01, # processed events: 0, consecutive: 0/2, threshold: 0.9 in VM-125
 INFO 07-15 18:02:14,753 SystemLoadProfiler:50 [pool-8-thread-1] - Average CPU Load: 0.01 in VM-125
 INFO 07-15 18:02:14,753 TaskEventRateCalculator:114 [pool-8-thread-1] - ---- Start of task processed event (# tasks: 0 in executor VM-125)----
----- End of taks processed event ----

 INFO 07-15 18:02:14,753 CpuBottleneckDetectorImpl:63 [pool-8-thread-1] - Current cpu load: 0.01, # processed events: 0, consecutive: 0/2, threshold: 0.9 in VM-125
 INFO 07-15 18:02:15,753 SystemLoadProfiler:50 [pool-8-thread-1] - Average CPU Load: 0.01 in VM-125
 INFO 07-15 18:02:15,753 TaskEventRateCalculator:114 [pool-8-thread-1] - ---- Start of task processed event (# tasks: 0 in executor VM-125)----
----- End of taks processed event ----

 INFO 07-15 18:02:15,753 CpuBottleneckDetectorImpl:63 [pool-8-thread-1] - Current cpu load: 0.01, # processed events: 0, consecutive: 0/2, threshold: 0.9 in VM-125
 INFO 07-15 18:02:16,753 SystemLoadProfiler:50 [pool-8-thread-1] - Average CPU Load: 0.01 in VM-125
 INFO 07-15 18:02:16,753 TaskEventRateCalculator:114 [pool-8-thread-1] - ---- Start of task processed event (# tasks: 0 in executor VM-125)----
----- End of taks processed event ----

 INFO 07-15 18:02:16,753 CpuBottleneckDetectorImpl:63 [pool-8-thread-1] - Current cpu load: 0.01, # processed events: 0, consecutive: 0/2, threshold: 0.9 in VM-125
 INFO 07-15 18:02:17,753 SystemLoadProfiler:50 [pool-8-thread-1] - Average CPU Load: 0.01 in VM-125
 INFO 07-15 18:02:17,753 TaskEventRateCalculator:114 [pool-8-thread-1] - ---- Start of task processed event (# tasks: 0 in executor VM-125)----
----- End of taks processed event ----

 INFO 07-15 18:02:17,753 CpuBottleneckDetectorImpl:63 [pool-8-thread-1] - Current cpu load: 0.01, # processed events: 0, consecutive: 0/2, threshold: 0.9 in VM-125
 INFO 07-15 18:02:18,753 SystemLoadProfiler:50 [pool-8-thread-1] - Average CPU Load: 0.01 in VM-125
 INFO 07-15 18:02:18,753 TaskEventRateCalculator:114 [pool-8-thread-1] - ---- Start of task processed event (# tasks: 0 in executor VM-125)----
----- End of taks processed event ----

 INFO 07-15 18:02:18,753 CpuBottleneckDetectorImpl:63 [pool-8-thread-1] - Current cpu load: 0.01, # processed events: 0, consecutive: 0/2, threshold: 0.9 in VM-125
 INFO 07-15 18:02:19,753 SystemLoadProfiler:50 [pool-8-thread-1] - Average CPU Load: 0.01 in VM-125
 INFO 07-15 18:02:19,753 TaskEventRateCalculator:114 [pool-8-thread-1] - ---- Start of task processed event (# tasks: 0 in executor VM-125)----
----- End of taks processed event ----

 INFO 07-15 18:02:19,753 CpuBottleneckDetectorImpl:63 [pool-8-thread-1] - Current cpu load: 0.01, # processed events: 0, consecutive: 0/2, threshold: 0.9 in VM-125
 INFO 07-15 18:02:20,753 SystemLoadProfiler:50 [pool-8-thread-1] - Average CPU Load: 0.01 in VM-125
 INFO 07-15 18:02:20,753 TaskEventRateCalculator:114 [pool-8-thread-1] - ---- Start of task processed event (# tasks: 0 in executor VM-125)----
----- End of taks processed event ----

 INFO 07-15 18:02:20,753 CpuBottleneckDetectorImpl:63 [pool-8-thread-1] - Current cpu load: 0.01, # processed events: 0, consecutive: 0/2, threshold: 0.9 in VM-125
 INFO 07-15 18:02:21,753 SystemLoadProfiler:50 [pool-8-thread-1] - Average CPU Load: 0.01 in VM-125
 INFO 07-15 18:02:21,753 TaskEventRateCalculator:114 [pool-8-thread-1] - ---- Start of task processed event (# tasks: 0 in executor VM-125)----
----- End of taks processed event ----

 INFO 07-15 18:02:21,753 CpuBottleneckDetectorImpl:63 [pool-8-thread-1] - Current cpu load: 0.01, # processed events: 0, consecutive: 0/2, threshold: 0.9 in VM-125
 INFO 07-15 18:02:22,753 SystemLoadProfiler:50 [pool-8-thread-1] - Average CPU Load: 0.01 in VM-125
 INFO 07-15 18:02:22,753 TaskEventRateCalculator:114 [pool-8-thread-1] - ---- Start of task processed event (# tasks: 0 in executor VM-125)----
----- End of taks processed event ----

 INFO 07-15 18:02:22,753 CpuBottleneckDetectorImpl:63 [pool-8-thread-1] - Current cpu load: 0.01, # processed events: 0, consecutive: 0/2, threshold: 0.9 in VM-125
 INFO 07-15 18:02:23,753 SystemLoadProfiler:50 [pool-8-thread-1] - Average CPU Load: 0.01 in VM-125
 INFO 07-15 18:02:23,753 TaskEventRateCalculator:114 [pool-8-thread-1] - ---- Start of task processed event (# tasks: 0 in executor VM-125)----
----- End of taks processed event ----

 INFO 07-15 18:02:23,753 CpuBottleneckDetectorImpl:63 [pool-8-thread-1] - Current cpu load: 0.01, # processed events: 0, consecutive: 0/2, threshold: 0.9 in VM-125
 INFO 07-15 18:02:24,753 SystemLoadProfiler:50 [pool-8-thread-1] - Average CPU Load: 0.01 in VM-125
 INFO 07-15 18:02:24,753 TaskEventRateCalculator:114 [pool-8-thread-1] - ---- Start of task processed event (# tasks: 0 in executor VM-125)----
----- End of taks processed event ----

 INFO 07-15 18:02:24,753 CpuBottleneckDetectorImpl:63 [pool-8-thread-1] - Current cpu load: 0.01, # processed events: 0, consecutive: 0/2, threshold: 0.9 in VM-125
 INFO 07-15 18:02:25,753 SystemLoadProfiler:50 [pool-8-thread-1] - Average CPU Load: 0.01 in VM-125
 INFO 07-15 18:02:25,753 TaskEventRateCalculator:114 [pool-8-thread-1] - ---- Start of task processed event (# tasks: 0 in executor VM-125)----
----- End of taks processed event ----

 INFO 07-15 18:02:25,753 CpuBottleneckDetectorImpl:63 [pool-8-thread-1] - Current cpu load: 0.01, # processed events: 0, consecutive: 0/2, threshold: 0.9 in VM-125
 INFO 07-15 18:02:26,753 SystemLoadProfiler:50 [pool-8-thread-1] - Average CPU Load: 0.01 in VM-125
 INFO 07-15 18:02:26,753 TaskEventRateCalculator:114 [pool-8-thread-1] - ---- Start of task processed event (# tasks: 0 in executor VM-125)----
----- End of taks processed event ----

 INFO 07-15 18:02:26,753 CpuBottleneckDetectorImpl:63 [pool-8-thread-1] - Current cpu load: 0.01, # processed events: 0, consecutive: 0/2, threshold: 0.9 in VM-125
 INFO 07-15 18:02:27,753 SystemLoadProfiler:50 [pool-8-thread-1] - Average CPU Load: 0.01 in VM-125
 INFO 07-15 18:02:27,753 TaskEventRateCalculator:114 [pool-8-thread-1] - ---- Start of task processed event (# tasks: 0 in executor VM-125)----
----- End of taks processed event ----

 INFO 07-15 18:02:27,753 CpuBottleneckDetectorImpl:63 [pool-8-thread-1] - Current cpu load: 0.01, # processed events: 0, consecutive: 0/2, threshold: 0.9 in VM-125
 INFO 07-15 18:02:28,753 SystemLoadProfiler:50 [pool-8-thread-1] - Average CPU Load: 0.01 in VM-125
 INFO 07-15 18:02:28,753 TaskEventRateCalculator:114 [pool-8-thread-1] - ---- Start of task processed event (# tasks: 0 in executor VM-125)----
----- End of taks processed event ----

 INFO 07-15 18:02:28,753 CpuBottleneckDetectorImpl:63 [pool-8-thread-1] - Current cpu load: 0.01, # processed events: 0, consecutive: 0/2, threshold: 0.9 in VM-125
 INFO 07-15 18:02:29,753 SystemLoadProfiler:50 [pool-8-thread-1] - Average CPU Load: 0.01 in VM-125
 INFO 07-15 18:02:29,753 TaskEventRateCalculator:114 [pool-8-thread-1] - ---- Start of task processed event (# tasks: 0 in executor VM-125)----
----- End of taks processed event ----

 INFO 07-15 18:02:29,753 CpuBottleneckDetectorImpl:63 [pool-8-thread-1] - Current cpu load: 0.01, # processed events: 0, consecutive: 0/2, threshold: 0.9 in VM-125
 INFO 07-15 18:02:30,753 SystemLoadProfiler:50 [pool-8-thread-1] - Average CPU Load: 0.01 in VM-125
 INFO 07-15 18:02:30,753 TaskEventRateCalculator:114 [pool-8-thread-1] - ---- Start of task processed event (# tasks: 0 in executor VM-125)----
----- End of taks processed event ----

 INFO 07-15 18:02:30,753 CpuBottleneckDetectorImpl:63 [pool-8-thread-1] - Current cpu load: 0.01, # processed events: 0, consecutive: 0/2, threshold: 0.9 in VM-125
 INFO 07-15 18:02:31,753 SystemLoadProfiler:50 [pool-8-thread-1] - Average CPU Load: 0.01 in VM-125
 INFO 07-15 18:02:31,753 TaskEventRateCalculator:114 [pool-8-thread-1] - ---- Start of task processed event (# tasks: 0 in executor VM-125)----
----- End of taks processed event ----

 INFO 07-15 18:02:31,753 CpuBottleneckDetectorImpl:63 [pool-8-thread-1] - Current cpu load: 0.01, # processed events: 0, consecutive: 0/2, threshold: 0.9 in VM-125
 INFO 07-15 18:02:32,753 SystemLoadProfiler:50 [pool-8-thread-1] - Average CPU Load: 0.01 in VM-125
 INFO 07-15 18:02:32,753 TaskEventRateCalculator:114 [pool-8-thread-1] - ---- Start of task processed event (# tasks: 0 in executor VM-125)----
----- End of taks processed event ----

 INFO 07-15 18:02:32,753 CpuBottleneckDetectorImpl:63 [pool-8-thread-1] - Current cpu load: 0.01, # processed events: 0, consecutive: 0/2, threshold: 0.9 in VM-125
 INFO 07-15 18:02:33,753 SystemLoadProfiler:50 [pool-8-thread-1] - Average CPU Load: 0.01 in VM-125
 INFO 07-15 18:02:33,753 TaskEventRateCalculator:114 [pool-8-thread-1] - ---- Start of task processed event (# tasks: 0 in executor VM-125)----
----- End of taks processed event ----

 INFO 07-15 18:02:33,753 CpuBottleneckDetectorImpl:63 [pool-8-thread-1] - Current cpu load: 0.01, # processed events: 0, consecutive: 0/2, threshold: 0.9 in VM-125
 INFO 07-15 18:02:34,753 SystemLoadProfiler:50 [pool-8-thread-1] - Average CPU Load: 0.01 in VM-125
 INFO 07-15 18:02:34,753 TaskEventRateCalculator:114 [pool-8-thread-1] - ---- Start of task processed event (# tasks: 0 in executor VM-125)----
----- End of taks processed event ----

 INFO 07-15 18:02:34,753 CpuBottleneckDetectorImpl:63 [pool-8-thread-1] - Current cpu load: 0.01, # processed events: 0, consecutive: 0/2, threshold: 0.9 in VM-125
 INFO 07-15 18:02:35,753 SystemLoadProfiler:50 [pool-8-thread-1] - Average CPU Load: 0.01 in VM-125
 INFO 07-15 18:02:35,753 TaskEventRateCalculator:114 [pool-8-thread-1] - ---- Start of task processed event (# tasks: 0 in executor VM-125)----
----- End of taks processed event ----

 INFO 07-15 18:02:35,753 CpuBottleneckDetectorImpl:63 [pool-8-thread-1] - Current cpu load: 0.01, # processed events: 0, consecutive: 0/2, threshold: 0.9 in VM-125
 INFO 07-15 18:02:36,753 SystemLoadProfiler:50 [pool-8-thread-1] - Average CPU Load: 0.01 in VM-125
 INFO 07-15 18:02:36,753 TaskEventRateCalculator:114 [pool-8-thread-1] - ---- Start of task processed event (# tasks: 0 in executor VM-125)----
----- End of taks processed event ----

 INFO 07-15 18:02:36,753 CpuBottleneckDetectorImpl:63 [pool-8-thread-1] - Current cpu load: 0.01, # processed events: 0, consecutive: 0/2, threshold: 0.9 in VM-125
 INFO 07-15 18:02:37,753 SystemLoadProfiler:50 [pool-8-thread-1] - Average CPU Load: 0.01 in VM-125
 INFO 07-15 18:02:37,753 TaskEventRateCalculator:114 [pool-8-thread-1] - ---- Start of task processed event (# tasks: 0 in executor VM-125)----
----- End of taks processed event ----

 INFO 07-15 18:02:37,753 CpuBottleneckDetectorImpl:63 [pool-8-thread-1] - Current cpu load: 0.01, # processed events: 0, consecutive: 0/2, threshold: 0.9 in VM-125
 INFO 07-15 18:02:38,753 SystemLoadProfiler:50 [pool-8-thread-1] - Average CPU Load: 0.01 in VM-125
 INFO 07-15 18:02:38,753 TaskEventRateCalculator:114 [pool-8-thread-1] - ---- Start of task processed event (# tasks: 0 in executor VM-125)----
----- End of taks processed event ----

 INFO 07-15 18:02:38,753 CpuBottleneckDetectorImpl:63 [pool-8-thread-1] - Current cpu load: 0.01, # processed events: 0, consecutive: 0/2, threshold: 0.9 in VM-125
 INFO 07-15 18:02:39,753 SystemLoadProfiler:50 [pool-8-thread-1] - Average CPU Load: 0.01 in VM-125
 INFO 07-15 18:02:39,753 TaskEventRateCalculator:114 [pool-8-thread-1] - ---- Start of task processed event (# tasks: 0 in executor VM-125)----
----- End of taks processed event ----

 INFO 07-15 18:02:39,753 CpuBottleneckDetectorImpl:63 [pool-8-thread-1] - Current cpu load: 0.01, # processed events: 0, consecutive: 0/2, threshold: 0.9 in VM-125
 INFO 07-15 18:02:40,753 SystemLoadProfiler:50 [pool-8-thread-1] - Average CPU Load: 0.01 in VM-125
 INFO 07-15 18:02:40,753 TaskEventRateCalculator:114 [pool-8-thread-1] - ---- Start of task processed event (# tasks: 0 in executor VM-125)----
----- End of taks processed event ----

 INFO 07-15 18:02:40,753 CpuBottleneckDetectorImpl:63 [pool-8-thread-1] - Current cpu load: 0.01, # processed events: 0, consecutive: 0/2, threshold: 0.9 in VM-125
 INFO 07-15 18:02:41,753 SystemLoadProfiler:50 [pool-8-thread-1] - Average CPU Load: 0.01 in VM-125
 INFO 07-15 18:02:41,753 TaskEventRateCalculator:114 [pool-8-thread-1] - ---- Start of task processed event (# tasks: 0 in executor VM-125)----
----- End of taks processed event ----

 INFO 07-15 18:02:41,753 CpuBottleneckDetectorImpl:63 [pool-8-thread-1] - Current cpu load: 0.01, # processed events: 0, consecutive: 0/2, threshold: 0.9 in VM-125
 INFO 07-15 18:02:42,753 SystemLoadProfiler:50 [pool-8-thread-1] - Average CPU Load: 0.01 in VM-125
 INFO 07-15 18:02:42,753 TaskEventRateCalculator:114 [pool-8-thread-1] - ---- Start of task processed event (# tasks: 0 in executor VM-125)----
----- End of taks processed event ----

 INFO 07-15 18:02:42,753 CpuBottleneckDetectorImpl:63 [pool-8-thread-1] - Current cpu load: 0.01, # processed events: 0, consecutive: 0/2, threshold: 0.9 in VM-125
 INFO 07-15 18:02:43,753 SystemLoadProfiler:50 [pool-8-thread-1] - Average CPU Load: 0.01 in VM-125
 INFO 07-15 18:02:43,753 TaskEventRateCalculator:114 [pool-8-thread-1] - ---- Start of task processed event (# tasks: 0 in executor VM-125)----
----- End of taks processed event ----

 INFO 07-15 18:02:43,753 CpuBottleneckDetectorImpl:63 [pool-8-thread-1] - Current cpu load: 0.01, # processed events: 0, consecutive: 0/2, threshold: 0.9 in VM-125
 INFO 07-15 18:02:44,753 SystemLoadProfiler:50 [pool-8-thread-1] - Average CPU Load: 0.01 in VM-125
 INFO 07-15 18:02:44,753 TaskEventRateCalculator:114 [pool-8-thread-1] - ---- Start of task processed event (# tasks: 0 in executor VM-125)----
----- End of taks processed event ----

 INFO 07-15 18:02:44,753 CpuBottleneckDetectorImpl:63 [pool-8-thread-1] - Current cpu load: 0.01, # processed events: 0, consecutive: 0/2, threshold: 0.9 in VM-125
 INFO 07-15 18:02:45,753 SystemLoadProfiler:50 [pool-8-thread-1] - Average CPU Load: 0.01 in VM-125
 INFO 07-15 18:02:45,753 TaskEventRateCalculator:114 [pool-8-thread-1] - ---- Start of task processed event (# tasks: 0 in executor VM-125)----
----- End of taks processed event ----

 INFO 07-15 18:02:45,753 CpuBottleneckDetectorImpl:63 [pool-8-thread-1] - Current cpu load: 0.01, # processed events: 0, consecutive: 0/2, threshold: 0.9 in VM-125
 INFO 07-15 18:02:46,753 SystemLoadProfiler:50 [pool-8-thread-1] - Average CPU Load: 0.01 in VM-125
 INFO 07-15 18:02:46,753 TaskEventRateCalculator:114 [pool-8-thread-1] - ---- Start of task processed event (# tasks: 0 in executor VM-125)----
----- End of taks processed event ----

 INFO 07-15 18:02:46,753 CpuBottleneckDetectorImpl:63 [pool-8-thread-1] - Current cpu load: 0.01, # processed events: 0, consecutive: 0/2, threshold: 0.9 in VM-125
 INFO 07-15 18:02:47,753 SystemLoadProfiler:50 [pool-8-thread-1] - Average CPU Load: 0.01 in VM-125
 INFO 07-15 18:02:47,753 TaskEventRateCalculator:114 [pool-8-thread-1] - ---- Start of task processed event (# tasks: 0 in executor VM-125)----
----- End of taks processed event ----

 INFO 07-15 18:02:47,753 CpuBottleneckDetectorImpl:63 [pool-8-thread-1] - Current cpu load: 0.01, # processed events: 0, consecutive: 0/2, threshold: 0.9 in VM-125
 INFO 07-15 18:02:48,753 SystemLoadProfiler:50 [pool-8-thread-1] - Average CPU Load: 0.01 in VM-125
 INFO 07-15 18:02:48,753 TaskEventRateCalculator:114 [pool-8-thread-1] - ---- Start of task processed event (# tasks: 0 in executor VM-125)----
----- End of taks processed event ----

 INFO 07-15 18:02:48,753 CpuBottleneckDetectorImpl:63 [pool-8-thread-1] - Current cpu load: 0.01, # processed events: 0, consecutive: 0/2, threshold: 0.9 in VM-125
 INFO 07-15 18:02:49,753 SystemLoadProfiler:50 [pool-8-thread-1] - Average CPU Load: 0.01 in VM-125
 INFO 07-15 18:02:49,753 TaskEventRateCalculator:114 [pool-8-thread-1] - ---- Start of task processed event (# tasks: 0 in executor VM-125)----
----- End of taks processed event ----

 INFO 07-15 18:02:49,753 CpuBottleneckDetectorImpl:63 [pool-8-thread-1] - Current cpu load: 0.01, # processed events: 0, consecutive: 0/2, threshold: 0.9 in VM-125
 INFO 07-15 18:02:50,753 SystemLoadProfiler:50 [pool-8-thread-1] - Average CPU Load: 0.01 in VM-125
 INFO 07-15 18:02:50,753 TaskEventRateCalculator:114 [pool-8-thread-1] - ---- Start of task processed event (# tasks: 0 in executor VM-125)----
----- End of taks processed event ----

 INFO 07-15 18:02:50,753 CpuBottleneckDetectorImpl:63 [pool-8-thread-1] - Current cpu load: 0.01, # processed events: 0, consecutive: 0/2, threshold: 0.9 in VM-125
 INFO 07-15 18:02:51,753 SystemLoadProfiler:50 [pool-8-thread-1] - Average CPU Load: 0.01 in VM-125
 INFO 07-15 18:02:51,753 TaskEventRateCalculator:114 [pool-8-thread-1] - ---- Start of task processed event (# tasks: 0 in executor VM-125)----
----- End of taks processed event ----

 INFO 07-15 18:02:51,753 CpuBottleneckDetectorImpl:63 [pool-8-thread-1] - Current cpu load: 0.01, # processed events: 0, consecutive: 0/2, threshold: 0.9 in VM-125
 INFO 07-15 18:02:52,753 SystemLoadProfiler:50 [pool-8-thread-1] - Average CPU Load: 0.01 in VM-125
 INFO 07-15 18:02:52,753 TaskEventRateCalculator:114 [pool-8-thread-1] - ---- Start of task processed event (# tasks: 0 in executor VM-125)----
----- End of taks processed event ----

 INFO 07-15 18:02:52,753 CpuBottleneckDetectorImpl:63 [pool-8-thread-1] - Current cpu load: 0.01, # processed events: 0, consecutive: 0/2, threshold: 0.9 in VM-125
 INFO 07-15 18:02:53,753 SystemLoadProfiler:50 [pool-8-thread-1] - Average CPU Load: 0.01 in VM-125
 INFO 07-15 18:02:53,753 TaskEventRateCalculator:114 [pool-8-thread-1] - ---- Start of task processed event (# tasks: 0 in executor VM-125)----
----- End of taks processed event ----

 INFO 07-15 18:02:53,753 CpuBottleneckDetectorImpl:63 [pool-8-thread-1] - Current cpu load: 0.01, # processed events: 0, consecutive: 0/2, threshold: 0.9 in VM-125
 INFO 07-15 18:02:54,753 SystemLoadProfiler:50 [pool-8-thread-1] - Average CPU Load: 0.01 in VM-125
 INFO 07-15 18:02:54,753 TaskEventRateCalculator:114 [pool-8-thread-1] - ---- Start of task processed event (# tasks: 0 in executor VM-125)----
----- End of taks processed event ----

 INFO 07-15 18:02:54,753 CpuBottleneckDetectorImpl:63 [pool-8-thread-1] - Current cpu load: 0.01, # processed events: 0, consecutive: 0/2, threshold: 0.9 in VM-125
 INFO 07-15 18:02:55,753 SystemLoadProfiler:50 [pool-8-thread-1] - Average CPU Load: 0.01 in VM-125
 INFO 07-15 18:02:55,753 TaskEventRateCalculator:114 [pool-8-thread-1] - ---- Start of task processed event (# tasks: 0 in executor VM-125)----
----- End of taks processed event ----

 INFO 07-15 18:02:55,753 CpuBottleneckDetectorImpl:63 [pool-8-thread-1] - Current cpu load: 0.01, # processed events: 0, consecutive: 0/2, threshold: 0.9 in VM-125
 INFO 07-15 18:02:56,753 SystemLoadProfiler:50 [pool-8-thread-1] - Average CPU Load: 0.01 in VM-125
 INFO 07-15 18:02:56,753 TaskEventRateCalculator:114 [pool-8-thread-1] - ---- Start of task processed event (# tasks: 0 in executor VM-125)----
----- End of taks processed event ----

 INFO 07-15 18:02:56,753 CpuBottleneckDetectorImpl:63 [pool-8-thread-1] - Current cpu load: 0.01, # processed events: 0, consecutive: 0/2, threshold: 0.9 in VM-125
 INFO 07-15 18:02:57,753 SystemLoadProfiler:50 [pool-8-thread-1] - Average CPU Load: 0.01 in VM-125
 INFO 07-15 18:02:57,753 TaskEventRateCalculator:114 [pool-8-thread-1] - ---- Start of task processed event (# tasks: 0 in executor VM-125)----
----- End of taks processed event ----

 INFO 07-15 18:02:57,753 CpuBottleneckDetectorImpl:63 [pool-8-thread-1] - Current cpu load: 0.01, # processed events: 0, consecutive: 0/2, threshold: 0.9 in VM-125
 INFO 07-15 18:02:58,753 SystemLoadProfiler:50 [pool-8-thread-1] - Average CPU Load: 0.01 in VM-125
 INFO 07-15 18:02:58,753 TaskEventRateCalculator:114 [pool-8-thread-1] - ---- Start of task processed event (# tasks: 0 in executor VM-125)----
----- End of taks processed event ----

 INFO 07-15 18:02:58,753 CpuBottleneckDetectorImpl:63 [pool-8-thread-1] - Current cpu load: 0.01, # processed events: 0, consecutive: 0/2, threshold: 0.9 in VM-125
 INFO 07-15 18:02:59,753 SystemLoadProfiler:50 [pool-8-thread-1] - Average CPU Load: 0.01 in VM-125
 INFO 07-15 18:02:59,753 TaskEventRateCalculator:114 [pool-8-thread-1] - ---- Start of task processed event (# tasks: 0 in executor VM-125)----
----- End of taks processed event ----

 INFO 07-15 18:02:59,753 CpuBottleneckDetectorImpl:63 [pool-8-thread-1] - Current cpu load: 0.01, # processed events: 0, consecutive: 0/2, threshold: 0.9 in VM-125
 INFO 07-15 18:03:00,753 SystemLoadProfiler:50 [pool-8-thread-1] - Average CPU Load: 0.01 in VM-125
 INFO 07-15 18:03:00,753 TaskEventRateCalculator:114 [pool-8-thread-1] - ---- Start of task processed event (# tasks: 0 in executor VM-125)----
----- End of taks processed event ----

 INFO 07-15 18:03:00,753 CpuBottleneckDetectorImpl:63 [pool-8-thread-1] - Current cpu load: 0.01, # processed events: 0, consecutive: 0/2, threshold: 0.9 in VM-125
 INFO 07-15 18:03:01,753 SystemLoadProfiler:50 [pool-8-thread-1] - Average CPU Load: 0.01 in VM-125
 INFO 07-15 18:03:01,753 TaskEventRateCalculator:114 [pool-8-thread-1] - ---- Start of task processed event (# tasks: 0 in executor VM-125)----
----- End of taks processed event ----

 INFO 07-15 18:03:01,753 CpuBottleneckDetectorImpl:63 [pool-8-thread-1] - Current cpu load: 0.01, # processed events: 0, consecutive: 0/2, threshold: 0.9 in VM-125
 INFO 07-15 18:03:02,753 SystemLoadProfiler:50 [pool-8-thread-1] - Average CPU Load: 0.01 in VM-125
 INFO 07-15 18:03:02,753 TaskEventRateCalculator:114 [pool-8-thread-1] - ---- Start of task processed event (# tasks: 0 in executor VM-125)----
----- End of taks processed event ----

 INFO 07-15 18:03:02,753 CpuBottleneckDetectorImpl:63 [pool-8-thread-1] - Current cpu load: 0.01, # processed events: 0, consecutive: 0/2, threshold: 0.9 in VM-125
 INFO 07-15 18:03:03,753 SystemLoadProfiler:50 [pool-8-thread-1] - Average CPU Load: 0.01 in VM-125
 INFO 07-15 18:03:03,753 TaskEventRateCalculator:114 [pool-8-thread-1] - ---- Start of task processed event (# tasks: 0 in executor VM-125)----
----- End of taks processed event ----

 INFO 07-15 18:03:03,753 CpuBottleneckDetectorImpl:63 [pool-8-thread-1] - Current cpu load: 0.01, # processed events: 0, consecutive: 0/2, threshold: 0.9 in VM-125
 INFO 07-15 18:03:04,753 SystemLoadProfiler:50 [pool-8-thread-1] - Average CPU Load: 0.01 in VM-125
 INFO 07-15 18:03:04,753 TaskEventRateCalculator:114 [pool-8-thread-1] - ---- Start of task processed event (# tasks: 0 in executor VM-125)----
----- End of taks processed event ----

 INFO 07-15 18:03:04,753 CpuBottleneckDetectorImpl:63 [pool-8-thread-1] - Current cpu load: 0.01, # processed events: 0, consecutive: 0/2, threshold: 0.9 in VM-125
 INFO 07-15 18:03:05,753 SystemLoadProfiler:50 [pool-8-thread-1] - Average CPU Load: 0.01 in VM-125
 INFO 07-15 18:03:05,753 TaskEventRateCalculator:114 [pool-8-thread-1] - ---- Start of task processed event (# tasks: 0 in executor VM-125)----
----- End of taks processed event ----

 INFO 07-15 18:03:05,753 CpuBottleneckDetectorImpl:63 [pool-8-thread-1] - Current cpu load: 0.01, # processed events: 0, consecutive: 0/2, threshold: 0.9 in VM-125
 INFO 07-15 18:03:06,753 SystemLoadProfiler:50 [pool-8-thread-1] - Average CPU Load: 0.01 in VM-125
 INFO 07-15 18:03:06,753 TaskEventRateCalculator:114 [pool-8-thread-1] - ---- Start of task processed event (# tasks: 0 in executor VM-125)----
----- End of taks processed event ----

 INFO 07-15 18:03:06,753 CpuBottleneckDetectorImpl:63 [pool-8-thread-1] - Current cpu load: 0.01, # processed events: 0, consecutive: 0/2, threshold: 0.9 in VM-125
 INFO 07-15 18:03:07,753 SystemLoadProfiler:50 [pool-8-thread-1] - Average CPU Load: 0.01 in VM-125
 INFO 07-15 18:03:07,753 TaskEventRateCalculator:114 [pool-8-thread-1] - ---- Start of task processed event (# tasks: 0 in executor VM-125)----
----- End of taks processed event ----

 INFO 07-15 18:03:07,753 CpuBottleneckDetectorImpl:63 [pool-8-thread-1] - Current cpu load: 0.01, # processed events: 0, consecutive: 0/2, threshold: 0.9 in VM-125
 INFO 07-15 18:03:08,753 SystemLoadProfiler:50 [pool-8-thread-1] - Average CPU Load: 0.01 in VM-125
 INFO 07-15 18:03:08,753 TaskEventRateCalculator:114 [pool-8-thread-1] - ---- Start of task processed event (# tasks: 0 in executor VM-125)----
----- End of taks processed event ----

 INFO 07-15 18:03:08,753 CpuBottleneckDetectorImpl:63 [pool-8-thread-1] - Current cpu load: 0.01, # processed events: 0, consecutive: 0/2, threshold: 0.9 in VM-125
 INFO 07-15 18:03:09,753 SystemLoadProfiler:50 [pool-8-thread-1] - Average CPU Load: 0.01 in VM-125
 INFO 07-15 18:03:09,753 TaskEventRateCalculator:114 [pool-8-thread-1] - ---- Start of task processed event (# tasks: 0 in executor VM-125)----
----- End of taks processed event ----

 INFO 07-15 18:03:09,753 CpuBottleneckDetectorImpl:63 [pool-8-thread-1] - Current cpu load: 0.01, # processed events: 0, consecutive: 0/2, threshold: 0.9 in VM-125
 INFO 07-15 18:03:10,753 SystemLoadProfiler:50 [pool-8-thread-1] - Average CPU Load: 0.01 in VM-125
 INFO 07-15 18:03:10,753 TaskEventRateCalculator:114 [pool-8-thread-1] - ---- Start of task processed event (# tasks: 0 in executor VM-125)----
----- End of taks processed event ----

 INFO 07-15 18:03:10,753 CpuBottleneckDetectorImpl:63 [pool-8-thread-1] - Current cpu load: 0.01, # processed events: 0, consecutive: 0/2, threshold: 0.9 in VM-125
 INFO 07-15 18:03:11,753 SystemLoadProfiler:50 [pool-8-thread-1] - Average CPU Load: 0.01 in VM-125
 INFO 07-15 18:03:11,753 TaskEventRateCalculator:114 [pool-8-thread-1] - ---- Start of task processed event (# tasks: 0 in executor VM-125)----
----- End of taks processed event ----

 INFO 07-15 18:03:11,753 CpuBottleneckDetectorImpl:63 [pool-8-thread-1] - Current cpu load: 0.01, # processed events: 0, consecutive: 0/2, threshold: 0.9 in VM-125
 INFO 07-15 18:03:12,753 SystemLoadProfiler:50 [pool-8-thread-1] - Average CPU Load: 0.01 in VM-125
 INFO 07-15 18:03:12,753 TaskEventRateCalculator:114 [pool-8-thread-1] - ---- Start of task processed event (# tasks: 0 in executor VM-125)----
----- End of taks processed event ----

 INFO 07-15 18:03:12,753 CpuBottleneckDetectorImpl:63 [pool-8-thread-1] - Current cpu load: 0.01, # processed events: 0, consecutive: 0/2, threshold: 0.9 in VM-125
 INFO 07-15 18:03:13,753 SystemLoadProfiler:50 [pool-8-thread-1] - Average CPU Load: 0.01 in VM-125
 INFO 07-15 18:03:13,753 TaskEventRateCalculator:114 [pool-8-thread-1] - ---- Start of task processed event (# tasks: 0 in executor VM-125)----
----- End of taks processed event ----

 INFO 07-15 18:03:13,753 CpuBottleneckDetectorImpl:63 [pool-8-thread-1] - Current cpu load: 0.01, # processed events: 0, consecutive: 0/2, threshold: 0.9 in VM-125
 INFO 07-15 18:03:14,753 SystemLoadProfiler:50 [pool-8-thread-1] - Average CPU Load: 0.01 in VM-125
 INFO 07-15 18:03:14,753 TaskEventRateCalculator:114 [pool-8-thread-1] - ---- Start of task processed event (# tasks: 0 in executor VM-125)----
----- End of taks processed event ----

 INFO 07-15 18:03:14,753 CpuBottleneckDetectorImpl:63 [pool-8-thread-1] - Current cpu load: 0.01, # processed events: 0, consecutive: 0/2, threshold: 0.9 in VM-125
 INFO 07-15 18:03:15,753 SystemLoadProfiler:50 [pool-8-thread-1] - Average CPU Load: 0.01 in VM-125
 INFO 07-15 18:03:15,753 TaskEventRateCalculator:114 [pool-8-thread-1] - ---- Start of task processed event (# tasks: 0 in executor VM-125)----
----- End of taks processed event ----

 INFO 07-15 18:03:15,753 CpuBottleneckDetectorImpl:63 [pool-8-thread-1] - Current cpu load: 0.01, # processed events: 0, consecutive: 0/2, threshold: 0.9 in VM-125
 INFO 07-15 18:03:16,753 SystemLoadProfiler:50 [pool-8-thread-1] - Average CPU Load: 0.01 in VM-125
 INFO 07-15 18:03:16,753 TaskEventRateCalculator:114 [pool-8-thread-1] - ---- Start of task processed event (# tasks: 0 in executor VM-125)----
----- End of taks processed event ----

 INFO 07-15 18:03:16,753 CpuBottleneckDetectorImpl:63 [pool-8-thread-1] - Current cpu load: 0.01, # processed events: 0, consecutive: 0/2, threshold: 0.9 in VM-125
 INFO 07-15 18:03:17,753 SystemLoadProfiler:50 [pool-8-thread-1] - Average CPU Load: 0.01 in VM-125
 INFO 07-15 18:03:17,753 TaskEventRateCalculator:114 [pool-8-thread-1] - ---- Start of task processed event (# tasks: 0 in executor VM-125)----
----- End of taks processed event ----

 INFO 07-15 18:03:17,753 CpuBottleneckDetectorImpl:63 [pool-8-thread-1] - Current cpu load: 0.01, # processed events: 0, consecutive: 0/2, threshold: 0.9 in VM-125
 INFO 07-15 18:03:18,753 SystemLoadProfiler:50 [pool-8-thread-1] - Average CPU Load: 0.01 in VM-125
 INFO 07-15 18:03:18,753 TaskEventRateCalculator:114 [pool-8-thread-1] - ---- Start of task processed event (# tasks: 0 in executor VM-125)----
----- End of taks processed event ----

 INFO 07-15 18:03:18,753 CpuBottleneckDetectorImpl:63 [pool-8-thread-1] - Current cpu load: 0.01, # processed events: 0, consecutive: 0/2, threshold: 0.9 in VM-125
 INFO 07-15 18:03:19,753 SystemLoadProfiler:50 [pool-8-thread-1] - Average CPU Load: 0.01 in VM-125
 INFO 07-15 18:03:19,753 TaskEventRateCalculator:114 [pool-8-thread-1] - ---- Start of task processed event (# tasks: 0 in executor VM-125)----
----- End of taks processed event ----

 INFO 07-15 18:03:19,753 CpuBottleneckDetectorImpl:63 [pool-8-thread-1] - Current cpu load: 0.01, # processed events: 0, consecutive: 0/2, threshold: 0.9 in VM-125
 INFO 07-15 18:03:20,753 SystemLoadProfiler:50 [pool-8-thread-1] - Average CPU Load: 0.01 in VM-125
 INFO 07-15 18:03:20,753 TaskEventRateCalculator:114 [pool-8-thread-1] - ---- Start of task processed event (# tasks: 0 in executor VM-125)----
----- End of taks processed event ----

 INFO 07-15 18:03:20,753 CpuBottleneckDetectorImpl:63 [pool-8-thread-1] - Current cpu load: 0.01, # processed events: 0, consecutive: 0/2, threshold: 0.9 in VM-125
 INFO 07-15 18:03:21,753 SystemLoadProfiler:50 [pool-8-thread-1] - Average CPU Load: 0.01 in VM-125
 INFO 07-15 18:03:21,753 TaskEventRateCalculator:114 [pool-8-thread-1] - ---- Start of task processed event (# tasks: 0 in executor VM-125)----
----- End of taks processed event ----

 INFO 07-15 18:03:21,753 CpuBottleneckDetectorImpl:63 [pool-8-thread-1] - Current cpu load: 0.01, # processed events: 0, consecutive: 0/2, threshold: 0.9 in VM-125
 INFO 07-15 18:03:22,753 SystemLoadProfiler:50 [pool-8-thread-1] - Average CPU Load: 0.01 in VM-125
 INFO 07-15 18:03:22,753 TaskEventRateCalculator:114 [pool-8-thread-1] - ---- Start of task processed event (# tasks: 0 in executor VM-125)----
----- End of taks processed event ----

 INFO 07-15 18:03:22,753 CpuBottleneckDetectorImpl:63 [pool-8-thread-1] - Current cpu load: 0.01, # processed events: 0, consecutive: 0/2, threshold: 0.9 in VM-125
 INFO 07-15 18:03:23,753 SystemLoadProfiler:50 [pool-8-thread-1] - Average CPU Load: 0.01 in VM-125
 INFO 07-15 18:03:23,753 TaskEventRateCalculator:114 [pool-8-thread-1] - ---- Start of task processed event (# tasks: 0 in executor VM-125)----
----- End of taks processed event ----

 INFO 07-15 18:03:23,753 CpuBottleneckDetectorImpl:63 [pool-8-thread-1] - Current cpu load: 0.01, # processed events: 0, consecutive: 0/2, threshold: 0.9 in VM-125
 INFO 07-15 18:03:24,753 SystemLoadProfiler:50 [pool-8-thread-1] - Average CPU Load: 0.01 in VM-125
 INFO 07-15 18:03:24,753 TaskEventRateCalculator:114 [pool-8-thread-1] - ---- Start of task processed event (# tasks: 0 in executor VM-125)----
----- End of taks processed event ----

 INFO 07-15 18:03:24,753 CpuBottleneckDetectorImpl:63 [pool-8-thread-1] - Current cpu load: 0.01, # processed events: 0, consecutive: 0/2, threshold: 0.9 in VM-125
 INFO 07-15 18:03:25,753 SystemLoadProfiler:50 [pool-8-thread-1] - Average CPU Load: 0.01 in VM-125
 INFO 07-15 18:03:25,753 TaskEventRateCalculator:114 [pool-8-thread-1] - ---- Start of task processed event (# tasks: 0 in executor VM-125)----
----- End of taks processed event ----

 INFO 07-15 18:03:25,753 CpuBottleneckDetectorImpl:63 [pool-8-thread-1] - Current cpu load: 0.01, # processed events: 0, consecutive: 0/2, threshold: 0.9 in VM-125
 INFO 07-15 18:03:26,753 SystemLoadProfiler:50 [pool-8-thread-1] - Average CPU Load: 0.01 in VM-125
 INFO 07-15 18:03:26,753 TaskEventRateCalculator:114 [pool-8-thread-1] - ---- Start of task processed event (# tasks: 0 in executor VM-125)----
----- End of taks processed event ----

 INFO 07-15 18:03:26,753 CpuBottleneckDetectorImpl:63 [pool-8-thread-1] - Current cpu load: 0.01, # processed events: 0, consecutive: 0/2, threshold: 0.9 in VM-125
 INFO 07-15 18:03:27,753 SystemLoadProfiler:50 [pool-8-thread-1] - Average CPU Load: 0.01 in VM-125
 INFO 07-15 18:03:27,753 TaskEventRateCalculator:114 [pool-8-thread-1] - ---- Start of task processed event (# tasks: 0 in executor VM-125)----
----- End of taks processed event ----

 INFO 07-15 18:03:27,753 CpuBottleneckDetectorImpl:63 [pool-8-thread-1] - Current cpu load: 0.01, # processed events: 0, consecutive: 0/2, threshold: 0.9 in VM-125
 INFO 07-15 18:03:28,753 SystemLoadProfiler:50 [pool-8-thread-1] - Average CPU Load: 0.01 in VM-125
 INFO 07-15 18:03:28,753 TaskEventRateCalculator:114 [pool-8-thread-1] - ---- Start of task processed event (# tasks: 0 in executor VM-125)----
----- End of taks processed event ----

 INFO 07-15 18:03:28,753 CpuBottleneckDetectorImpl:63 [pool-8-thread-1] - Current cpu load: 0.01, # processed events: 0, consecutive: 0/2, threshold: 0.9 in VM-125
 INFO 07-15 18:03:29,753 SystemLoadProfiler:50 [pool-8-thread-1] - Average CPU Load: 0.01 in VM-125
 INFO 07-15 18:03:29,753 TaskEventRateCalculator:114 [pool-8-thread-1] - ---- Start of task processed event (# tasks: 0 in executor VM-125)----
----- End of taks processed event ----

 INFO 07-15 18:03:29,753 CpuBottleneckDetectorImpl:63 [pool-8-thread-1] - Current cpu load: 0.01, # processed events: 0, consecutive: 0/2, threshold: 0.9 in VM-125
 INFO 07-15 18:03:30,753 SystemLoadProfiler:50 [pool-8-thread-1] - Average CPU Load: 0.01 in VM-125
 INFO 07-15 18:03:30,753 TaskEventRateCalculator:114 [pool-8-thread-1] - ---- Start of task processed event (# tasks: 0 in executor VM-125)----
----- End of taks processed event ----

 INFO 07-15 18:03:30,753 CpuBottleneckDetectorImpl:63 [pool-8-thread-1] - Current cpu load: 0.01, # processed events: 0, consecutive: 0/2, threshold: 0.9 in VM-125
 INFO 07-15 18:03:31,753 SystemLoadProfiler:50 [pool-8-thread-1] - Average CPU Load: 0.01 in VM-125
 INFO 07-15 18:03:31,753 TaskEventRateCalculator:114 [pool-8-thread-1] - ---- Start of task processed event (# tasks: 0 in executor VM-125)----
----- End of taks processed event ----

 INFO 07-15 18:03:31,753 CpuBottleneckDetectorImpl:63 [pool-8-thread-1] - Current cpu load: 0.01, # processed events: 0, consecutive: 0/2, threshold: 0.9 in VM-125
 INFO 07-15 18:03:32,753 SystemLoadProfiler:50 [pool-8-thread-1] - Average CPU Load: 0.01 in VM-125
 INFO 07-15 18:03:32,753 TaskEventRateCalculator:114 [pool-8-thread-1] - ---- Start of task processed event (# tasks: 0 in executor VM-125)----
----- End of taks processed event ----

 INFO 07-15 18:03:32,753 CpuBottleneckDetectorImpl:63 [pool-8-thread-1] - Current cpu load: 0.01, # processed events: 0, consecutive: 0/2, threshold: 0.9 in VM-125
 INFO 07-15 18:03:33,753 SystemLoadProfiler:50 [pool-8-thread-1] - Average CPU Load: 0.01 in VM-125
 INFO 07-15 18:03:33,753 TaskEventRateCalculator:114 [pool-8-thread-1] - ---- Start of task processed event (# tasks: 0 in executor VM-125)----
----- End of taks processed event ----

 INFO 07-15 18:03:33,753 CpuBottleneckDetectorImpl:63 [pool-8-thread-1] - Current cpu load: 0.01, # processed events: 0, consecutive: 0/2, threshold: 0.9 in VM-125
 INFO 07-15 18:03:34,753 SystemLoadProfiler:50 [pool-8-thread-1] - Average CPU Load: 0.01 in VM-125
 INFO 07-15 18:03:34,753 TaskEventRateCalculator:114 [pool-8-thread-1] - ---- Start of task processed event (# tasks: 0 in executor VM-125)----
----- End of taks processed event ----

 INFO 07-15 18:03:34,753 CpuBottleneckDetectorImpl:63 [pool-8-thread-1] - Current cpu load: 0.01, # processed events: 0, consecutive: 0/2, threshold: 0.9 in VM-125
 INFO 07-15 18:03:35,753 SystemLoadProfiler:50 [pool-8-thread-1] - Average CPU Load: 0.01 in VM-125
 INFO 07-15 18:03:35,753 TaskEventRateCalculator:114 [pool-8-thread-1] - ---- Start of task processed event (# tasks: 0 in executor VM-125)----
----- End of taks processed event ----

 INFO 07-15 18:03:35,753 CpuBottleneckDetectorImpl:63 [pool-8-thread-1] - Current cpu load: 0.01, # processed events: 0, consecutive: 0/2, threshold: 0.9 in VM-125
 INFO 07-15 18:03:36,753 SystemLoadProfiler:50 [pool-8-thread-1] - Average CPU Load: 0.01 in VM-125
 INFO 07-15 18:03:36,753 TaskEventRateCalculator:114 [pool-8-thread-1] - ---- Start of task processed event (# tasks: 0 in executor VM-125)----
----- End of taks processed event ----

 INFO 07-15 18:03:36,753 CpuBottleneckDetectorImpl:63 [pool-8-thread-1] - Current cpu load: 0.01, # processed events: 0, consecutive: 0/2, threshold: 0.9 in VM-125
 INFO 07-15 18:03:37,753 SystemLoadProfiler:50 [pool-8-thread-1] - Average CPU Load: 0.01 in VM-125
 INFO 07-15 18:03:37,753 TaskEventRateCalculator:114 [pool-8-thread-1] - ---- Start of task processed event (# tasks: 0 in executor VM-125)----
----- End of taks processed event ----

 INFO 07-15 18:03:37,753 CpuBottleneckDetectorImpl:63 [pool-8-thread-1] - Current cpu load: 0.01, # processed events: 0, consecutive: 0/2, threshold: 0.9 in VM-125
 INFO 07-15 18:03:38,753 SystemLoadProfiler:50 [pool-8-thread-1] - Average CPU Load: 0.01 in VM-125
 INFO 07-15 18:03:38,753 TaskEventRateCalculator:114 [pool-8-thread-1] - ---- Start of task processed event (# tasks: 0 in executor VM-125)----
----- End of taks processed event ----

 INFO 07-15 18:03:38,753 CpuBottleneckDetectorImpl:63 [pool-8-thread-1] - Current cpu load: 0.01, # processed events: 0, consecutive: 0/2, threshold: 0.9 in VM-125
 INFO 07-15 18:03:39,753 SystemLoadProfiler:50 [pool-8-thread-1] - Average CPU Load: 0.01 in VM-125
 INFO 07-15 18:03:39,753 TaskEventRateCalculator:114 [pool-8-thread-1] - ---- Start of task processed event (# tasks: 0 in executor VM-125)----
----- End of taks processed event ----

 INFO 07-15 18:03:39,753 CpuBottleneckDetectorImpl:63 [pool-8-thread-1] - Current cpu load: 0.01, # processed events: 0, consecutive: 0/2, threshold: 0.9 in VM-125
 INFO 07-15 18:03:40,753 SystemLoadProfiler:50 [pool-8-thread-1] - Average CPU Load: 0.01 in VM-125
 INFO 07-15 18:03:40,753 TaskEventRateCalculator:114 [pool-8-thread-1] - ---- Start of task processed event (# tasks: 0 in executor VM-125)----
----- End of taks processed event ----

 INFO 07-15 18:03:40,753 CpuBottleneckDetectorImpl:63 [pool-8-thread-1] - Current cpu load: 0.01, # processed events: 0, consecutive: 0/2, threshold: 0.9 in VM-125
 INFO 07-15 18:03:41,753 SystemLoadProfiler:50 [pool-8-thread-1] - Average CPU Load: 0.01 in VM-125
 INFO 07-15 18:03:41,753 TaskEventRateCalculator:114 [pool-8-thread-1] - ---- Start of task processed event (# tasks: 0 in executor VM-125)----
----- End of taks processed event ----

 INFO 07-15 18:03:41,753 CpuBottleneckDetectorImpl:63 [pool-8-thread-1] - Current cpu load: 0.01, # processed events: 0, consecutive: 0/2, threshold: 0.9 in VM-125
 INFO 07-15 18:03:42,753 SystemLoadProfiler:50 [pool-8-thread-1] - Average CPU Load: 0.01 in VM-125
 INFO 07-15 18:03:42,753 TaskEventRateCalculator:114 [pool-8-thread-1] - ---- Start of task processed event (# tasks: 0 in executor VM-125)----
----- End of taks processed event ----

 INFO 07-15 18:03:42,753 CpuBottleneckDetectorImpl:63 [pool-8-thread-1] - Current cpu load: 0.01, # processed events: 0, consecutive: 0/2, threshold: 0.9 in VM-125
 INFO 07-15 18:03:43,753 SystemLoadProfiler:50 [pool-8-thread-1] - Average CPU Load: 0.01 in VM-125
 INFO 07-15 18:03:43,753 TaskEventRateCalculator:114 [pool-8-thread-1] - ---- Start of task processed event (# tasks: 0 in executor VM-125)----
----- End of taks processed event ----

 INFO 07-15 18:03:43,753 CpuBottleneckDetectorImpl:63 [pool-8-thread-1] - Current cpu load: 0.01, # processed events: 0, consecutive: 0/2, threshold: 0.9 in VM-125
 INFO 07-15 18:03:44,753 SystemLoadProfiler:50 [pool-8-thread-1] - Average CPU Load: 0.01 in VM-125
 INFO 07-15 18:03:44,753 TaskEventRateCalculator:114 [pool-8-thread-1] - ---- Start of task processed event (# tasks: 0 in executor VM-125)----
----- End of taks processed event ----

 INFO 07-15 18:03:44,753 CpuBottleneckDetectorImpl:63 [pool-8-thread-1] - Current cpu load: 0.01, # processed events: 0, consecutive: 0/2, threshold: 0.9 in VM-125
 INFO 07-15 18:03:45,753 SystemLoadProfiler:50 [pool-8-thread-1] - Average CPU Load: 0.01 in VM-125
 INFO 07-15 18:03:45,753 TaskEventRateCalculator:114 [pool-8-thread-1] - ---- Start of task processed event (# tasks: 0 in executor VM-125)----
----- End of taks processed event ----

 INFO 07-15 18:03:45,753 CpuBottleneckDetectorImpl:63 [pool-8-thread-1] - Current cpu load: 0.01, # processed events: 0, consecutive: 0/2, threshold: 0.9 in VM-125
 INFO 07-15 18:03:46,753 SystemLoadProfiler:50 [pool-8-thread-1] - Average CPU Load: 0.01 in VM-125
 INFO 07-15 18:03:46,753 TaskEventRateCalculator:114 [pool-8-thread-1] - ---- Start of task processed event (# tasks: 0 in executor VM-125)----
----- End of taks processed event ----

 INFO 07-15 18:03:46,753 CpuBottleneckDetectorImpl:63 [pool-8-thread-1] - Current cpu load: 0.01, # processed events: 0, consecutive: 0/2, threshold: 0.9 in VM-125
 INFO 07-15 18:03:47,753 SystemLoadProfiler:50 [pool-8-thread-1] - Average CPU Load: 0.01 in VM-125
 INFO 07-15 18:03:47,753 TaskEventRateCalculator:114 [pool-8-thread-1] - ---- Start of task processed event (# tasks: 0 in executor VM-125)----
----- End of taks processed event ----

 INFO 07-15 18:03:47,753 CpuBottleneckDetectorImpl:63 [pool-8-thread-1] - Current cpu load: 0.01, # processed events: 0, consecutive: 0/2, threshold: 0.9 in VM-125
 INFO 07-15 18:03:48,753 SystemLoadProfiler:50 [pool-8-thread-1] - Average CPU Load: 0.01 in VM-125
 INFO 07-15 18:03:48,753 TaskEventRateCalculator:114 [pool-8-thread-1] - ---- Start of task processed event (# tasks: 0 in executor VM-125)----
----- End of taks processed event ----

 INFO 07-15 18:03:48,753 CpuBottleneckDetectorImpl:63 [pool-8-thread-1] - Current cpu load: 0.01, # processed events: 0, consecutive: 0/2, threshold: 0.9 in VM-125
 INFO 07-15 18:03:49,753 SystemLoadProfiler:50 [pool-8-thread-1] - Average CPU Load: 0.01 in VM-125
 INFO 07-15 18:03:49,753 TaskEventRateCalculator:114 [pool-8-thread-1] - ---- Start of task processed event (# tasks: 0 in executor VM-125)----
----- End of taks processed event ----

 INFO 07-15 18:03:49,753 CpuBottleneckDetectorImpl:63 [pool-8-thread-1] - Current cpu load: 0.01, # processed events: 0, consecutive: 0/2, threshold: 0.9 in VM-125
 INFO 07-15 18:03:50,753 SystemLoadProfiler:50 [pool-8-thread-1] - Average CPU Load: 0.01 in VM-125
 INFO 07-15 18:03:50,753 TaskEventRateCalculator:114 [pool-8-thread-1] - ---- Start of task processed event (# tasks: 0 in executor VM-125)----
----- End of taks processed event ----

 INFO 07-15 18:03:50,753 CpuBottleneckDetectorImpl:63 [pool-8-thread-1] - Current cpu load: 0.01, # processed events: 0, consecutive: 0/2, threshold: 0.9 in VM-125
 INFO 07-15 18:03:51,753 SystemLoadProfiler:50 [pool-8-thread-1] - Average CPU Load: 0.01 in VM-125
 INFO 07-15 18:03:51,753 TaskEventRateCalculator:114 [pool-8-thread-1] - ---- Start of task processed event (# tasks: 0 in executor VM-125)----
----- End of taks processed event ----

 INFO 07-15 18:03:51,753 CpuBottleneckDetectorImpl:63 [pool-8-thread-1] - Current cpu load: 0.01, # processed events: 0, consecutive: 0/2, threshold: 0.9 in VM-125
 INFO 07-15 18:03:52,753 SystemLoadProfiler:50 [pool-8-thread-1] - Average CPU Load: 0.01 in VM-125
 INFO 07-15 18:03:52,753 TaskEventRateCalculator:114 [pool-8-thread-1] - ---- Start of task processed event (# tasks: 0 in executor VM-125)----
----- End of taks processed event ----

 INFO 07-15 18:03:52,753 CpuBottleneckDetectorImpl:63 [pool-8-thread-1] - Current cpu load: 0.01, # processed events: 0, consecutive: 0/2, threshold: 0.9 in VM-125
 INFO 07-15 18:03:53,753 SystemLoadProfiler:50 [pool-8-thread-1] - Average CPU Load: 0.01 in VM-125
 INFO 07-15 18:03:53,753 TaskEventRateCalculator:114 [pool-8-thread-1] - ---- Start of task processed event (# tasks: 0 in executor VM-125)----
----- End of taks processed event ----

 INFO 07-15 18:03:53,753 CpuBottleneckDetectorImpl:63 [pool-8-thread-1] - Current cpu load: 0.01, # processed events: 0, consecutive: 0/2, threshold: 0.9 in VM-125
 INFO 07-15 18:03:54,753 SystemLoadProfiler:50 [pool-8-thread-1] - Average CPU Load: 0.01 in VM-125
 INFO 07-15 18:03:54,753 TaskEventRateCalculator:114 [pool-8-thread-1] - ---- Start of task processed event (# tasks: 0 in executor VM-125)----
----- End of taks processed event ----

 INFO 07-15 18:03:54,753 CpuBottleneckDetectorImpl:63 [pool-8-thread-1] - Current cpu load: 0.01, # processed events: 0, consecutive: 0/2, threshold: 0.9 in VM-125
 INFO 07-15 18:03:55,753 SystemLoadProfiler:50 [pool-8-thread-1] - Average CPU Load: 0.01 in VM-125
 INFO 07-15 18:03:55,753 TaskEventRateCalculator:114 [pool-8-thread-1] - ---- Start of task processed event (# tasks: 0 in executor VM-125)----
----- End of taks processed event ----

 INFO 07-15 18:03:55,753 CpuBottleneckDetectorImpl:63 [pool-8-thread-1] - Current cpu load: 0.01, # processed events: 0, consecutive: 0/2, threshold: 0.9 in VM-125
 INFO 07-15 18:03:56,753 SystemLoadProfiler:50 [pool-8-thread-1] - Average CPU Load: 0.01 in VM-125
 INFO 07-15 18:03:56,753 TaskEventRateCalculator:114 [pool-8-thread-1] - ---- Start of task processed event (# tasks: 0 in executor VM-125)----
----- End of taks processed event ----

 INFO 07-15 18:03:56,753 CpuBottleneckDetectorImpl:63 [pool-8-thread-1] - Current cpu load: 0.01, # processed events: 0, consecutive: 0/2, threshold: 0.9 in VM-125
 INFO 07-15 18:03:57,753 SystemLoadProfiler:50 [pool-8-thread-1] - Average CPU Load: 0.01 in VM-125
 INFO 07-15 18:03:57,753 TaskEventRateCalculator:114 [pool-8-thread-1] - ---- Start of task processed event (# tasks: 0 in executor VM-125)----
----- End of taks processed event ----

 INFO 07-15 18:03:57,753 CpuBottleneckDetectorImpl:63 [pool-8-thread-1] - Current cpu load: 0.01, # processed events: 0, consecutive: 0/2, threshold: 0.9 in VM-125
 INFO 07-15 18:03:58,753 SystemLoadProfiler:50 [pool-8-thread-1] - Average CPU Load: 0.01 in VM-125
 INFO 07-15 18:03:58,753 TaskEventRateCalculator:114 [pool-8-thread-1] - ---- Start of task processed event (# tasks: 0 in executor VM-125)----
----- End of taks processed event ----

 INFO 07-15 18:03:58,753 CpuBottleneckDetectorImpl:63 [pool-8-thread-1] - Current cpu load: 0.01, # processed events: 0, consecutive: 0/2, threshold: 0.9 in VM-125
 INFO 07-15 18:03:59,753 SystemLoadProfiler:50 [pool-8-thread-1] - Average CPU Load: 0.01 in VM-125
 INFO 07-15 18:03:59,753 TaskEventRateCalculator:114 [pool-8-thread-1] - ---- Start of task processed event (# tasks: 0 in executor VM-125)----
----- End of taks processed event ----

 INFO 07-15 18:03:59,753 CpuBottleneckDetectorImpl:63 [pool-8-thread-1] - Current cpu load: 0.01, # processed events: 0, consecutive: 0/2, threshold: 0.9 in VM-125
 INFO 07-15 18:04:00,753 SystemLoadProfiler:50 [pool-8-thread-1] - Average CPU Load: 0.01 in VM-125
 INFO 07-15 18:04:00,753 TaskEventRateCalculator:114 [pool-8-thread-1] - ---- Start of task processed event (# tasks: 0 in executor VM-125)----
----- End of taks processed event ----

 INFO 07-15 18:04:00,753 CpuBottleneckDetectorImpl:63 [pool-8-thread-1] - Current cpu load: 0.01, # processed events: 0, consecutive: 0/2, threshold: 0.9 in VM-125
 INFO 07-15 18:04:01,753 SystemLoadProfiler:50 [pool-8-thread-1] - Average CPU Load: 0.01 in VM-125
 INFO 07-15 18:04:01,753 TaskEventRateCalculator:114 [pool-8-thread-1] - ---- Start of task processed event (# tasks: 0 in executor VM-125)----
----- End of taks processed event ----

 INFO 07-15 18:04:01,753 CpuBottleneckDetectorImpl:63 [pool-8-thread-1] - Current cpu load: 0.01, # processed events: 0, consecutive: 0/2, threshold: 0.9 in VM-125
 INFO 07-15 18:04:02,753 SystemLoadProfiler:50 [pool-8-thread-1] - Average CPU Load: 0.01 in VM-125
 INFO 07-15 18:04:02,753 TaskEventRateCalculator:114 [pool-8-thread-1] - ---- Start of task processed event (# tasks: 0 in executor VM-125)----
----- End of taks processed event ----

 INFO 07-15 18:04:02,753 CpuBottleneckDetectorImpl:63 [pool-8-thread-1] - Current cpu load: 0.01, # processed events: 0, consecutive: 0/2, threshold: 0.9 in VM-125
 INFO 07-15 18:04:03,753 SystemLoadProfiler:50 [pool-8-thread-1] - Average CPU Load: 0.01 in VM-125
 INFO 07-15 18:04:03,753 TaskEventRateCalculator:114 [pool-8-thread-1] - ---- Start of task processed event (# tasks: 0 in executor VM-125)----
----- End of taks processed event ----

 INFO 07-15 18:04:03,753 CpuBottleneckDetectorImpl:63 [pool-8-thread-1] - Current cpu load: 0.01, # processed events: 0, consecutive: 0/2, threshold: 0.9 in VM-125
 INFO 07-15 18:04:04,753 SystemLoadProfiler:50 [pool-8-thread-1] - Average CPU Load: 0.01 in VM-125
 INFO 07-15 18:04:04,753 TaskEventRateCalculator:114 [pool-8-thread-1] - ---- Start of task processed event (# tasks: 0 in executor VM-125)----
----- End of taks processed event ----

 INFO 07-15 18:04:04,753 CpuBottleneckDetectorImpl:63 [pool-8-thread-1] - Current cpu load: 0.01, # processed events: 0, consecutive: 0/2, threshold: 0.9 in VM-125
 INFO 07-15 18:04:05,753 SystemLoadProfiler:50 [pool-8-thread-1] - Average CPU Load: 0.01 in VM-125
 INFO 07-15 18:04:05,753 TaskEventRateCalculator:114 [pool-8-thread-1] - ---- Start of task processed event (# tasks: 0 in executor VM-125)----
----- End of taks processed event ----

 INFO 07-15 18:04:05,753 CpuBottleneckDetectorImpl:63 [pool-8-thread-1] - Current cpu load: 0.01, # processed events: 0, consecutive: 0/2, threshold: 0.9 in VM-125
 INFO 07-15 18:04:06,753 SystemLoadProfiler:50 [pool-8-thread-1] - Average CPU Load: 0.01 in VM-125
 INFO 07-15 18:04:06,753 TaskEventRateCalculator:114 [pool-8-thread-1] - ---- Start of task processed event (# tasks: 0 in executor VM-125)----
----- End of taks processed event ----

 INFO 07-15 18:04:06,753 CpuBottleneckDetectorImpl:63 [pool-8-thread-1] - Current cpu load: 0.01, # processed events: 0, consecutive: 0/2, threshold: 0.9 in VM-125
 INFO 07-15 18:04:07,753 SystemLoadProfiler:50 [pool-8-thread-1] - Average CPU Load: 0.01 in VM-125
 INFO 07-15 18:04:07,753 TaskEventRateCalculator:114 [pool-8-thread-1] - ---- Start of task processed event (# tasks: 0 in executor VM-125)----
----- End of taks processed event ----

 INFO 07-15 18:04:07,753 CpuBottleneckDetectorImpl:63 [pool-8-thread-1] - Current cpu load: 0.01, # processed events: 0, consecutive: 0/2, threshold: 0.9 in VM-125
 INFO 07-15 18:04:08,753 SystemLoadProfiler:50 [pool-8-thread-1] - Average CPU Load: 0.01 in VM-125
 INFO 07-15 18:04:08,753 TaskEventRateCalculator:114 [pool-8-thread-1] - ---- Start of task processed event (# tasks: 0 in executor VM-125)----
----- End of taks processed event ----

 INFO 07-15 18:04:08,753 CpuBottleneckDetectorImpl:63 [pool-8-thread-1] - Current cpu load: 0.01, # processed events: 0, consecutive: 0/2, threshold: 0.9 in VM-125
 INFO 07-15 18:04:09,753 SystemLoadProfiler:50 [pool-8-thread-1] - Average CPU Load: 0.01 in VM-125
 INFO 07-15 18:04:09,753 TaskEventRateCalculator:114 [pool-8-thread-1] - ---- Start of task processed event (# tasks: 0 in executor VM-125)----
----- End of taks processed event ----

 INFO 07-15 18:04:09,753 CpuBottleneckDetectorImpl:63 [pool-8-thread-1] - Current cpu load: 0.01, # processed events: 0, consecutive: 0/2, threshold: 0.9 in VM-125
 INFO 07-15 18:04:10,753 SystemLoadProfiler:50 [pool-8-thread-1] - Average CPU Load: 0.01 in VM-125
 INFO 07-15 18:04:10,753 TaskEventRateCalculator:114 [pool-8-thread-1] - ---- Start of task processed event (# tasks: 0 in executor VM-125)----
----- End of taks processed event ----

 INFO 07-15 18:04:10,753 CpuBottleneckDetectorImpl:63 [pool-8-thread-1] - Current cpu load: 0.01, # processed events: 0, consecutive: 0/2, threshold: 0.9 in VM-125
 INFO 07-15 18:04:11,753 SystemLoadProfiler:50 [pool-8-thread-1] - Average CPU Load: 0.01 in VM-125
 INFO 07-15 18:04:11,753 TaskEventRateCalculator:114 [pool-8-thread-1] - ---- Start of task processed event (# tasks: 0 in executor VM-125)----
----- End of taks processed event ----

 INFO 07-15 18:04:11,753 CpuBottleneckDetectorImpl:63 [pool-8-thread-1] - Current cpu load: 0.01, # processed events: 0, consecutive: 0/2, threshold: 0.9 in VM-125
 INFO 07-15 18:04:12,753 SystemLoadProfiler:50 [pool-8-thread-1] - Average CPU Load: 0.01 in VM-125
 INFO 07-15 18:04:12,753 TaskEventRateCalculator:114 [pool-8-thread-1] - ---- Start of task processed event (# tasks: 0 in executor VM-125)----
----- End of taks processed event ----

 INFO 07-15 18:04:12,753 CpuBottleneckDetectorImpl:63 [pool-8-thread-1] - Current cpu load: 0.01, # processed events: 0, consecutive: 0/2, threshold: 0.9 in VM-125
 INFO 07-15 18:04:13,753 SystemLoadProfiler:50 [pool-8-thread-1] - Average CPU Load: 0.01 in VM-125
 INFO 07-15 18:04:13,753 TaskEventRateCalculator:114 [pool-8-thread-1] - ---- Start of task processed event (# tasks: 0 in executor VM-125)----
----- End of taks processed event ----

 INFO 07-15 18:04:13,753 CpuBottleneckDetectorImpl:63 [pool-8-thread-1] - Current cpu load: 0.01, # processed events: 0, consecutive: 0/2, threshold: 0.9 in VM-125
 INFO 07-15 18:04:14,753 SystemLoadProfiler:50 [pool-8-thread-1] - Average CPU Load: 0.01 in VM-125
 INFO 07-15 18:04:14,753 TaskEventRateCalculator:114 [pool-8-thread-1] - ---- Start of task processed event (# tasks: 0 in executor VM-125)----
----- End of taks processed event ----

 INFO 07-15 18:04:14,753 CpuBottleneckDetectorImpl:63 [pool-8-thread-1] - Current cpu load: 0.01, # processed events: 0, consecutive: 0/2, threshold: 0.9 in VM-125
 INFO 07-15 18:04:15,753 SystemLoadProfiler:50 [pool-8-thread-1] - Average CPU Load: 0.01 in VM-125
 INFO 07-15 18:04:15,753 TaskEventRateCalculator:114 [pool-8-thread-1] - ---- Start of task processed event (# tasks: 0 in executor VM-125)----
----- End of taks processed event ----

 INFO 07-15 18:04:15,753 CpuBottleneckDetectorImpl:63 [pool-8-thread-1] - Current cpu load: 0.01, # processed events: 0, consecutive: 0/2, threshold: 0.9 in VM-125
 INFO 07-15 18:04:16,753 SystemLoadProfiler:50 [pool-8-thread-1] - Average CPU Load: 0.01 in VM-125
 INFO 07-15 18:04:16,753 TaskEventRateCalculator:114 [pool-8-thread-1] - ---- Start of task processed event (# tasks: 0 in executor VM-125)----
----- End of taks processed event ----

 INFO 07-15 18:04:16,753 CpuBottleneckDetectorImpl:63 [pool-8-thread-1] - Current cpu load: 0.01, # processed events: 0, consecutive: 0/2, threshold: 0.9 in VM-125
 INFO 07-15 18:04:17,753 SystemLoadProfiler:50 [pool-8-thread-1] - Average CPU Load: 0.01 in VM-125
 INFO 07-15 18:04:17,753 TaskEventRateCalculator:114 [pool-8-thread-1] - ---- Start of task processed event (# tasks: 0 in executor VM-125)----
----- End of taks processed event ----

 INFO 07-15 18:04:17,753 CpuBottleneckDetectorImpl:63 [pool-8-thread-1] - Current cpu load: 0.01, # processed events: 0, consecutive: 0/2, threshold: 0.9 in VM-125
 INFO 07-15 18:04:18,753 SystemLoadProfiler:50 [pool-8-thread-1] - Average CPU Load: 0.01 in VM-125
 INFO 07-15 18:04:18,753 TaskEventRateCalculator:114 [pool-8-thread-1] - ---- Start of task processed event (# tasks: 0 in executor VM-125)----
----- End of taks processed event ----

 INFO 07-15 18:04:18,753 CpuBottleneckDetectorImpl:63 [pool-8-thread-1] - Current cpu load: 0.01, # processed events: 0, consecutive: 0/2, threshold: 0.9 in VM-125
 INFO 07-15 18:04:19,753 SystemLoadProfiler:50 [pool-8-thread-1] - Average CPU Load: 0.01 in VM-125
 INFO 07-15 18:04:19,753 TaskEventRateCalculator:114 [pool-8-thread-1] - ---- Start of task processed event (# tasks: 0 in executor VM-125)----
----- End of taks processed event ----

 INFO 07-15 18:04:19,753 CpuBottleneckDetectorImpl:63 [pool-8-thread-1] - Current cpu load: 0.01, # processed events: 0, consecutive: 0/2, threshold: 0.9 in VM-125
 INFO 07-15 18:04:20,753 SystemLoadProfiler:50 [pool-8-thread-1] - Average CPU Load: 0.01 in VM-125
 INFO 07-15 18:04:20,753 TaskEventRateCalculator:114 [pool-8-thread-1] - ---- Start of task processed event (# tasks: 0 in executor VM-125)----
----- End of taks processed event ----

 INFO 07-15 18:04:20,753 CpuBottleneckDetectorImpl:63 [pool-8-thread-1] - Current cpu load: 0.01, # processed events: 0, consecutive: 0/2, threshold: 0.9 in VM-125
 INFO 07-15 18:04:21,753 SystemLoadProfiler:50 [pool-8-thread-1] - Average CPU Load: 0.01 in VM-125
 INFO 07-15 18:04:21,753 TaskEventRateCalculator:114 [pool-8-thread-1] - ---- Start of task processed event (# tasks: 0 in executor VM-125)----
----- End of taks processed event ----

 INFO 07-15 18:04:21,753 CpuBottleneckDetectorImpl:63 [pool-8-thread-1] - Current cpu load: 0.01, # processed events: 0, consecutive: 0/2, threshold: 0.9 in VM-125
 INFO 07-15 18:04:22,753 SystemLoadProfiler:50 [pool-8-thread-1] - Average CPU Load: 0.01 in VM-125
 INFO 07-15 18:04:22,753 TaskEventRateCalculator:114 [pool-8-thread-1] - ---- Start of task processed event (# tasks: 0 in executor VM-125)----
----- End of taks processed event ----

 INFO 07-15 18:04:22,753 CpuBottleneckDetectorImpl:63 [pool-8-thread-1] - Current cpu load: 0.01, # processed events: 0, consecutive: 0/2, threshold: 0.9 in VM-125
 INFO 07-15 18:04:23,753 SystemLoadProfiler:50 [pool-8-thread-1] - Average CPU Load: 0.01 in VM-125
 INFO 07-15 18:04:23,753 TaskEventRateCalculator:114 [pool-8-thread-1] - ---- Start of task processed event (# tasks: 0 in executor VM-125)----
----- End of taks processed event ----

 INFO 07-15 18:04:23,753 CpuBottleneckDetectorImpl:63 [pool-8-thread-1] - Current cpu load: 0.01, # processed events: 0, consecutive: 0/2, threshold: 0.9 in VM-125
 INFO 07-15 18:04:24,753 SystemLoadProfiler:50 [pool-8-thread-1] - Average CPU Load: 0.01 in VM-125
 INFO 07-15 18:04:24,753 TaskEventRateCalculator:114 [pool-8-thread-1] - ---- Start of task processed event (# tasks: 0 in executor VM-125)----
----- End of taks processed event ----

 INFO 07-15 18:04:24,753 CpuBottleneckDetectorImpl:63 [pool-8-thread-1] - Current cpu load: 0.01, # processed events: 0, consecutive: 0/2, threshold: 0.9 in VM-125
 INFO 07-15 18:04:25,753 SystemLoadProfiler:50 [pool-8-thread-1] - Average CPU Load: 0.01 in VM-125
 INFO 07-15 18:04:25,753 TaskEventRateCalculator:114 [pool-8-thread-1] - ---- Start of task processed event (# tasks: 0 in executor VM-125)----
----- End of taks processed event ----

 INFO 07-15 18:04:25,753 CpuBottleneckDetectorImpl:63 [pool-8-thread-1] - Current cpu load: 0.01, # processed events: 0, consecutive: 0/2, threshold: 0.9 in VM-125
 INFO 07-15 18:04:26,753 SystemLoadProfiler:50 [pool-8-thread-1] - Average CPU Load: 0.01 in VM-125
 INFO 07-15 18:04:26,753 TaskEventRateCalculator:114 [pool-8-thread-1] - ---- Start of task processed event (# tasks: 0 in executor VM-125)----
----- End of taks processed event ----

 INFO 07-15 18:04:26,753 CpuBottleneckDetectorImpl:63 [pool-8-thread-1] - Current cpu load: 0.01, # processed events: 0, consecutive: 0/2, threshold: 0.9 in VM-125
 INFO 07-15 18:04:27,753 SystemLoadProfiler:50 [pool-8-thread-1] - Average CPU Load: 0.01 in VM-125
 INFO 07-15 18:04:27,753 TaskEventRateCalculator:114 [pool-8-thread-1] - ---- Start of task processed event (# tasks: 0 in executor VM-125)----
----- End of taks processed event ----

 INFO 07-15 18:04:27,753 CpuBottleneckDetectorImpl:63 [pool-8-thread-1] - Current cpu load: 0.01, # processed events: 0, consecutive: 0/2, threshold: 0.9 in VM-125
 INFO 07-15 18:04:28,753 SystemLoadProfiler:50 [pool-8-thread-1] - Average CPU Load: 0.01 in VM-125
 INFO 07-15 18:04:28,753 TaskEventRateCalculator:114 [pool-8-thread-1] - ---- Start of task processed event (# tasks: 0 in executor VM-125)----
----- End of taks processed event ----

 INFO 07-15 18:04:28,753 CpuBottleneckDetectorImpl:63 [pool-8-thread-1] - Current cpu load: 0.01, # processed events: 0, consecutive: 0/2, threshold: 0.9 in VM-125
 INFO 07-15 18:04:29,753 SystemLoadProfiler:50 [pool-8-thread-1] - Average CPU Load: 0.01 in VM-125
 INFO 07-15 18:04:29,753 TaskEventRateCalculator:114 [pool-8-thread-1] - ---- Start of task processed event (# tasks: 0 in executor VM-125)----
----- End of taks processed event ----

 INFO 07-15 18:04:29,753 CpuBottleneckDetectorImpl:63 [pool-8-thread-1] - Current cpu load: 0.01, # processed events: 0, consecutive: 0/2, threshold: 0.9 in VM-125
 INFO 07-15 18:04:30,753 SystemLoadProfiler:50 [pool-8-thread-1] - Average CPU Load: 0.01 in VM-125
 INFO 07-15 18:04:30,753 TaskEventRateCalculator:114 [pool-8-thread-1] - ---- Start of task processed event (# tasks: 0 in executor VM-125)----
----- End of taks processed event ----

 INFO 07-15 18:04:30,753 CpuBottleneckDetectorImpl:63 [pool-8-thread-1] - Current cpu load: 0.01, # processed events: 0, consecutive: 0/2, threshold: 0.9 in VM-125
 INFO 07-15 18:04:31,753 SystemLoadProfiler:50 [pool-8-thread-1] - Average CPU Load: 0.01 in VM-125
 INFO 07-15 18:04:31,753 TaskEventRateCalculator:114 [pool-8-thread-1] - ---- Start of task processed event (# tasks: 0 in executor VM-125)----
----- End of taks processed event ----

 INFO 07-15 18:04:31,753 CpuBottleneckDetectorImpl:63 [pool-8-thread-1] - Current cpu load: 0.01, # processed events: 0, consecutive: 0/2, threshold: 0.9 in VM-125
 INFO 07-15 18:04:32,753 SystemLoadProfiler:50 [pool-8-thread-1] - Average CPU Load: 0.01 in VM-125
 INFO 07-15 18:04:32,753 TaskEventRateCalculator:114 [pool-8-thread-1] - ---- Start of task processed event (# tasks: 0 in executor VM-125)----
----- End of taks processed event ----

 INFO 07-15 18:04:32,753 CpuBottleneckDetectorImpl:63 [pool-8-thread-1] - Current cpu load: 0.01, # processed events: 0, consecutive: 0/2, threshold: 0.9 in VM-125
 INFO 07-15 18:04:33,753 SystemLoadProfiler:50 [pool-8-thread-1] - Average CPU Load: 0.01 in VM-125
 INFO 07-15 18:04:33,753 TaskEventRateCalculator:114 [pool-8-thread-1] - ---- Start of task processed event (# tasks: 0 in executor VM-125)----
----- End of taks processed event ----

 INFO 07-15 18:04:33,753 CpuBottleneckDetectorImpl:63 [pool-8-thread-1] - Current cpu load: 0.01, # processed events: 0, consecutive: 0/2, threshold: 0.9 in VM-125
 INFO 07-15 18:04:34,753 SystemLoadProfiler:50 [pool-8-thread-1] - Average CPU Load: 0.01 in VM-125
 INFO 07-15 18:04:34,753 TaskEventRateCalculator:114 [pool-8-thread-1] - ---- Start of task processed event (# tasks: 0 in executor VM-125)----
----- End of taks processed event ----

 INFO 07-15 18:04:34,753 CpuBottleneckDetectorImpl:63 [pool-8-thread-1] - Current cpu load: 0.01, # processed events: 0, consecutive: 0/2, threshold: 0.9 in VM-125
 INFO 07-15 18:04:35,753 SystemLoadProfiler:50 [pool-8-thread-1] - Average CPU Load: 0.01 in VM-125
 INFO 07-15 18:04:35,753 TaskEventRateCalculator:114 [pool-8-thread-1] - ---- Start of task processed event (# tasks: 0 in executor VM-125)----
----- End of taks processed event ----

 INFO 07-15 18:04:35,753 CpuBottleneckDetectorImpl:63 [pool-8-thread-1] - Current cpu load: 0.01, # processed events: 0, consecutive: 0/2, threshold: 0.9 in VM-125
 INFO 07-15 18:04:36,753 SystemLoadProfiler:50 [pool-8-thread-1] - Average CPU Load: 0.01 in VM-125
 INFO 07-15 18:04:36,753 TaskEventRateCalculator:114 [pool-8-thread-1] - ---- Start of task processed event (# tasks: 0 in executor VM-125)----
----- End of taks processed event ----

 INFO 07-15 18:04:36,753 CpuBottleneckDetectorImpl:63 [pool-8-thread-1] - Current cpu load: 0.01, # processed events: 0, consecutive: 0/2, threshold: 0.9 in VM-125
 INFO 07-15 18:04:37,753 SystemLoadProfiler:50 [pool-8-thread-1] - Average CPU Load: 0.01 in VM-125
 INFO 07-15 18:04:37,753 TaskEventRateCalculator:114 [pool-8-thread-1] - ---- Start of task processed event (# tasks: 0 in executor VM-125)----
----- End of taks processed event ----

 INFO 07-15 18:04:37,753 CpuBottleneckDetectorImpl:63 [pool-8-thread-1] - Current cpu load: 0.01, # processed events: 0, consecutive: 0/2, threshold: 0.9 in VM-125
 INFO 07-15 18:04:38,753 SystemLoadProfiler:50 [pool-8-thread-1] - Average CPU Load: 0.01 in VM-125
 INFO 07-15 18:04:38,753 TaskEventRateCalculator:114 [pool-8-thread-1] - ---- Start of task processed event (# tasks: 0 in executor VM-125)----
----- End of taks processed event ----

 INFO 07-15 18:04:38,753 CpuBottleneckDetectorImpl:63 [pool-8-thread-1] - Current cpu load: 0.01, # processed events: 0, consecutive: 0/2, threshold: 0.9 in VM-125
 INFO 07-15 18:04:39,753 SystemLoadProfiler:50 [pool-8-thread-1] - Average CPU Load: 0.01 in VM-125
 INFO 07-15 18:04:39,753 TaskEventRateCalculator:114 [pool-8-thread-1] - ---- Start of task processed event (# tasks: 0 in executor VM-125)----
----- End of taks processed event ----

 INFO 07-15 18:04:39,753 CpuBottleneckDetectorImpl:63 [pool-8-thread-1] - Current cpu load: 0.01, # processed events: 0, consecutive: 0/2, threshold: 0.9 in VM-125
 INFO 07-15 18:04:40,753 SystemLoadProfiler:50 [pool-8-thread-1] - Average CPU Load: 0.01 in VM-125
 INFO 07-15 18:04:40,753 TaskEventRateCalculator:114 [pool-8-thread-1] - ---- Start of task processed event (# tasks: 0 in executor VM-125)----
----- End of taks processed event ----

 INFO 07-15 18:04:40,753 CpuBottleneckDetectorImpl:63 [pool-8-thread-1] - Current cpu load: 0.01, # processed events: 0, consecutive: 0/2, threshold: 0.9 in VM-125
 INFO 07-15 18:04:41,753 SystemLoadProfiler:50 [pool-8-thread-1] - Average CPU Load: 0.01 in VM-125
 INFO 07-15 18:04:41,753 TaskEventRateCalculator:114 [pool-8-thread-1] - ---- Start of task processed event (# tasks: 0 in executor VM-125)----
----- End of taks processed event ----

 INFO 07-15 18:04:41,753 CpuBottleneckDetectorImpl:63 [pool-8-thread-1] - Current cpu load: 0.01, # processed events: 0, consecutive: 0/2, threshold: 0.9 in VM-125
 INFO 07-15 18:04:42,753 SystemLoadProfiler:50 [pool-8-thread-1] - Average CPU Load: 0.01 in VM-125
 INFO 07-15 18:04:42,753 TaskEventRateCalculator:114 [pool-8-thread-1] - ---- Start of task processed event (# tasks: 0 in executor VM-125)----
----- End of taks processed event ----

 INFO 07-15 18:04:42,753 CpuBottleneckDetectorImpl:63 [pool-8-thread-1] - Current cpu load: 0.01, # processed events: 0, consecutive: 0/2, threshold: 0.9 in VM-125
 INFO 07-15 18:04:43,753 SystemLoadProfiler:50 [pool-8-thread-1] - Average CPU Load: 0.01 in VM-125
 INFO 07-15 18:04:43,753 TaskEventRateCalculator:114 [pool-8-thread-1] - ---- Start of task processed event (# tasks: 0 in executor VM-125)----
----- End of taks processed event ----

 INFO 07-15 18:04:43,753 CpuBottleneckDetectorImpl:63 [pool-8-thread-1] - Current cpu load: 0.01, # processed events: 0, consecutive: 0/2, threshold: 0.9 in VM-125
 INFO 07-15 18:04:44,753 SystemLoadProfiler:50 [pool-8-thread-1] - Average CPU Load: 0.01 in VM-125
 INFO 07-15 18:04:44,753 TaskEventRateCalculator:114 [pool-8-thread-1] - ---- Start of task processed event (# tasks: 0 in executor VM-125)----
----- End of taks processed event ----

 INFO 07-15 18:04:44,753 CpuBottleneckDetectorImpl:63 [pool-8-thread-1] - Current cpu load: 0.01, # processed events: 0, consecutive: 0/2, threshold: 0.9 in VM-125
 INFO 07-15 18:04:45,753 SystemLoadProfiler:50 [pool-8-thread-1] - Average CPU Load: 0.01 in VM-125
 INFO 07-15 18:04:45,753 TaskEventRateCalculator:114 [pool-8-thread-1] - ---- Start of task processed event (# tasks: 0 in executor VM-125)----
----- End of taks processed event ----

 INFO 07-15 18:04:45,753 CpuBottleneckDetectorImpl:63 [pool-8-thread-1] - Current cpu load: 0.01, # processed events: 0, consecutive: 0/2, threshold: 0.9 in VM-125
 INFO 07-15 18:04:46,753 SystemLoadProfiler:50 [pool-8-thread-1] - Average CPU Load: 0.01 in VM-125
 INFO 07-15 18:04:46,753 TaskEventRateCalculator:114 [pool-8-thread-1] - ---- Start of task processed event (# tasks: 0 in executor VM-125)----
----- End of taks processed event ----

 INFO 07-15 18:04:46,753 CpuBottleneckDetectorImpl:63 [pool-8-thread-1] - Current cpu load: 0.01, # processed events: 0, consecutive: 0/2, threshold: 0.9 in VM-125
 INFO 07-15 18:04:47,753 SystemLoadProfiler:50 [pool-8-thread-1] - Average CPU Load: 0.01 in VM-125
 INFO 07-15 18:04:47,753 TaskEventRateCalculator:114 [pool-8-thread-1] - ---- Start of task processed event (# tasks: 0 in executor VM-125)----
----- End of taks processed event ----

 INFO 07-15 18:04:47,753 CpuBottleneckDetectorImpl:63 [pool-8-thread-1] - Current cpu load: 0.01, # processed events: 0, consecutive: 0/2, threshold: 0.9 in VM-125
 INFO 07-15 18:04:48,753 SystemLoadProfiler:50 [pool-8-thread-1] - Average CPU Load: 0.01 in VM-125
 INFO 07-15 18:04:48,753 TaskEventRateCalculator:114 [pool-8-thread-1] - ---- Start of task processed event (# tasks: 0 in executor VM-125)----
----- End of taks processed event ----

 INFO 07-15 18:04:48,753 CpuBottleneckDetectorImpl:63 [pool-8-thread-1] - Current cpu load: 0.01, # processed events: 0, consecutive: 0/2, threshold: 0.9 in VM-125
 INFO 07-15 18:04:49,753 SystemLoadProfiler:50 [pool-8-thread-1] - Average CPU Load: 0.01 in VM-125
 INFO 07-15 18:04:49,753 TaskEventRateCalculator:114 [pool-8-thread-1] - ---- Start of task processed event (# tasks: 0 in executor VM-125)----
----- End of taks processed event ----

 INFO 07-15 18:04:49,753 CpuBottleneckDetectorImpl:63 [pool-8-thread-1] - Current cpu load: 0.01, # processed events: 0, consecutive: 0/2, threshold: 0.9 in VM-125
 INFO 07-15 18:04:50,753 SystemLoadProfiler:50 [pool-8-thread-1] - Average CPU Load: 0.01 in VM-125
 INFO 07-15 18:04:50,753 TaskEventRateCalculator:114 [pool-8-thread-1] - ---- Start of task processed event (# tasks: 0 in executor VM-125)----
----- End of taks processed event ----

 INFO 07-15 18:04:50,753 CpuBottleneckDetectorImpl:63 [pool-8-thread-1] - Current cpu load: 0.01, # processed events: 0, consecutive: 0/2, threshold: 0.9 in VM-125
 INFO 07-15 18:04:51,753 SystemLoadProfiler:50 [pool-8-thread-1] - Average CPU Load: 0.01 in VM-125
 INFO 07-15 18:04:51,753 TaskEventRateCalculator:114 [pool-8-thread-1] - ---- Start of task processed event (# tasks: 0 in executor VM-125)----
----- End of taks processed event ----

 INFO 07-15 18:04:51,753 CpuBottleneckDetectorImpl:63 [pool-8-thread-1] - Current cpu load: 0.01, # processed events: 0, consecutive: 0/2, threshold: 0.9 in VM-125
 INFO 07-15 18:04:52,753 SystemLoadProfiler:50 [pool-8-thread-1] - Average CPU Load: 0.01 in VM-125
 INFO 07-15 18:04:52,753 TaskEventRateCalculator:114 [pool-8-thread-1] - ---- Start of task processed event (# tasks: 0 in executor VM-125)----
----- End of taks processed event ----

 INFO 07-15 18:04:52,753 CpuBottleneckDetectorImpl:63 [pool-8-thread-1] - Current cpu load: 0.01, # processed events: 0, consecutive: 0/2, threshold: 0.9 in VM-125
 INFO 07-15 18:04:53,753 SystemLoadProfiler:50 [pool-8-thread-1] - Average CPU Load: 0.01 in VM-125
 INFO 07-15 18:04:53,753 TaskEventRateCalculator:114 [pool-8-thread-1] - ---- Start of task processed event (# tasks: 0 in executor VM-125)----
----- End of taks processed event ----

 INFO 07-15 18:04:53,753 CpuBottleneckDetectorImpl:63 [pool-8-thread-1] - Current cpu load: 0.01, # processed events: 0, consecutive: 0/2, threshold: 0.9 in VM-125
 INFO 07-15 18:04:54,753 SystemLoadProfiler:50 [pool-8-thread-1] - Average CPU Load: 0.01 in VM-125
 INFO 07-15 18:04:54,753 TaskEventRateCalculator:114 [pool-8-thread-1] - ---- Start of task processed event (# tasks: 0 in executor VM-125)----
----- End of taks processed event ----

 INFO 07-15 18:04:54,753 CpuBottleneckDetectorImpl:63 [pool-8-thread-1] - Current cpu load: 0.01, # processed events: 0, consecutive: 0/2, threshold: 0.9 in VM-125
 INFO 07-15 18:04:55,753 SystemLoadProfiler:50 [pool-8-thread-1] - Average CPU Load: 0.01 in VM-125
 INFO 07-15 18:04:55,753 TaskEventRateCalculator:114 [pool-8-thread-1] - ---- Start of task processed event (# tasks: 0 in executor VM-125)----
----- End of taks processed event ----

 INFO 07-15 18:04:55,753 CpuBottleneckDetectorImpl:63 [pool-8-thread-1] - Current cpu load: 0.01, # processed events: 0, consecutive: 0/2, threshold: 0.9 in VM-125
 INFO 07-15 18:04:56,753 SystemLoadProfiler:50 [pool-8-thread-1] - Average CPU Load: 0.01 in VM-125
 INFO 07-15 18:04:56,753 TaskEventRateCalculator:114 [pool-8-thread-1] - ---- Start of task processed event (# tasks: 0 in executor VM-125)----
----- End of taks processed event ----

 INFO 07-15 18:04:56,753 CpuBottleneckDetectorImpl:63 [pool-8-thread-1] - Current cpu load: 0.01, # processed events: 0, consecutive: 0/2, threshold: 0.9 in VM-125
 INFO 07-15 18:04:57,753 SystemLoadProfiler:50 [pool-8-thread-1] - Average CPU Load: 0.01 in VM-125
 INFO 07-15 18:04:57,753 TaskEventRateCalculator:114 [pool-8-thread-1] - ---- Start of task processed event (# tasks: 0 in executor VM-125)----
----- End of taks processed event ----

 INFO 07-15 18:04:57,753 CpuBottleneckDetectorImpl:63 [pool-8-thread-1] - Current cpu load: 0.01, # processed events: 0, consecutive: 0/2, threshold: 0.9 in VM-125
 INFO 07-15 18:04:58,753 SystemLoadProfiler:50 [pool-8-thread-1] - Average CPU Load: 0.01 in VM-125
 INFO 07-15 18:04:58,753 TaskEventRateCalculator:114 [pool-8-thread-1] - ---- Start of task processed event (# tasks: 0 in executor VM-125)----
----- End of taks processed event ----

 INFO 07-15 18:04:58,753 CpuBottleneckDetectorImpl:63 [pool-8-thread-1] - Current cpu load: 0.01, # processed events: 0, consecutive: 0/2, threshold: 0.9 in VM-125
 INFO 07-15 18:04:59,753 SystemLoadProfiler:50 [pool-8-thread-1] - Average CPU Load: 0.01 in VM-125
 INFO 07-15 18:04:59,753 TaskEventRateCalculator:114 [pool-8-thread-1] - ---- Start of task processed event (# tasks: 0 in executor VM-125)----
----- End of taks processed event ----

 INFO 07-15 18:04:59,753 CpuBottleneckDetectorImpl:63 [pool-8-thread-1] - Current cpu load: 0.01, # processed events: 0, consecutive: 0/2, threshold: 0.9 in VM-125
 INFO 07-15 18:05:00,753 SystemLoadProfiler:50 [pool-8-thread-1] - Average CPU Load: 0.01 in VM-125
 INFO 07-15 18:05:00,753 TaskEventRateCalculator:114 [pool-8-thread-1] - ---- Start of task processed event (# tasks: 0 in executor VM-125)----
----- End of taks processed event ----

 INFO 07-15 18:05:00,753 CpuBottleneckDetectorImpl:63 [pool-8-thread-1] - Current cpu load: 0.01, # processed events: 0, consecutive: 0/2, threshold: 0.9 in VM-125
 INFO 07-15 18:05:01,753 SystemLoadProfiler:50 [pool-8-thread-1] - Average CPU Load: 0.01 in VM-125
 INFO 07-15 18:05:01,753 TaskEventRateCalculator:114 [pool-8-thread-1] - ---- Start of task processed event (# tasks: 0 in executor VM-125)----
----- End of taks processed event ----

 INFO 07-15 18:05:01,753 CpuBottleneckDetectorImpl:63 [pool-8-thread-1] - Current cpu load: 0.01, # processed events: 0, consecutive: 0/2, threshold: 0.9 in VM-125
 INFO 07-15 18:05:02,753 SystemLoadProfiler:50 [pool-8-thread-1] - Average CPU Load: 0.01 in VM-125
 INFO 07-15 18:05:02,753 TaskEventRateCalculator:114 [pool-8-thread-1] - ---- Start of task processed event (# tasks: 0 in executor VM-125)----
----- End of taks processed event ----

 INFO 07-15 18:05:02,753 CpuBottleneckDetectorImpl:63 [pool-8-thread-1] - Current cpu load: 0.01, # processed events: 0, consecutive: 0/2, threshold: 0.9 in VM-125
 INFO 07-15 18:05:03,753 SystemLoadProfiler:50 [pool-8-thread-1] - Average CPU Load: 0.01 in VM-125
 INFO 07-15 18:05:03,753 TaskEventRateCalculator:114 [pool-8-thread-1] - ---- Start of task processed event (# tasks: 0 in executor VM-125)----
----- End of taks processed event ----

 INFO 07-15 18:05:03,753 CpuBottleneckDetectorImpl:63 [pool-8-thread-1] - Current cpu load: 0.01, # processed events: 0, consecutive: 0/2, threshold: 0.9 in VM-125
 INFO 07-15 18:05:04,753 SystemLoadProfiler:50 [pool-8-thread-1] - Average CPU Load: 0.01 in VM-125
 INFO 07-15 18:05:04,753 TaskEventRateCalculator:114 [pool-8-thread-1] - ---- Start of task processed event (# tasks: 0 in executor VM-125)----
----- End of taks processed event ----

 INFO 07-15 18:05:04,753 CpuBottleneckDetectorImpl:63 [pool-8-thread-1] - Current cpu load: 0.01, # processed events: 0, consecutive: 0/2, threshold: 0.9 in VM-125
 INFO 07-15 18:05:05,753 SystemLoadProfiler:50 [pool-8-thread-1] - Average CPU Load: 0.01 in VM-125
 INFO 07-15 18:05:05,753 TaskEventRateCalculator:114 [pool-8-thread-1] - ---- Start of task processed event (# tasks: 0 in executor VM-125)----
----- End of taks processed event ----

 INFO 07-15 18:05:05,753 CpuBottleneckDetectorImpl:63 [pool-8-thread-1] - Current cpu load: 0.01, # processed events: 0, consecutive: 0/2, threshold: 0.9 in VM-125
 INFO 07-15 18:05:06,753 SystemLoadProfiler:50 [pool-8-thread-1] - Average CPU Load: 0.01 in VM-125
 INFO 07-15 18:05:06,753 TaskEventRateCalculator:114 [pool-8-thread-1] - ---- Start of task processed event (# tasks: 0 in executor VM-125)----
----- End of taks processed event ----

 INFO 07-15 18:05:06,753 CpuBottleneckDetectorImpl:63 [pool-8-thread-1] - Current cpu load: 0.01, # processed events: 0, consecutive: 0/2, threshold: 0.9 in VM-125
 INFO 07-15 18:05:07,753 SystemLoadProfiler:50 [pool-8-thread-1] - Average CPU Load: 0.01 in VM-125
 INFO 07-15 18:05:07,753 TaskEventRateCalculator:114 [pool-8-thread-1] - ---- Start of task processed event (# tasks: 0 in executor VM-125)----
----- End of taks processed event ----

 INFO 07-15 18:05:07,753 CpuBottleneckDetectorImpl:63 [pool-8-thread-1] - Current cpu load: 0.01, # processed events: 0, consecutive: 0/2, threshold: 0.9 in VM-125
 INFO 07-15 18:05:08,753 SystemLoadProfiler:50 [pool-8-thread-1] - Average CPU Load: 0.01 in VM-125
 INFO 07-15 18:05:08,753 TaskEventRateCalculator:114 [pool-8-thread-1] - ---- Start of task processed event (# tasks: 0 in executor VM-125)----
----- End of taks processed event ----

 INFO 07-15 18:05:08,753 CpuBottleneckDetectorImpl:63 [pool-8-thread-1] - Current cpu load: 0.01, # processed events: 0, consecutive: 0/2, threshold: 0.9 in VM-125
 INFO 07-15 18:05:09,753 SystemLoadProfiler:50 [pool-8-thread-1] - Average CPU Load: 0.01 in VM-125
 INFO 07-15 18:05:09,753 TaskEventRateCalculator:114 [pool-8-thread-1] - ---- Start of task processed event (# tasks: 0 in executor VM-125)----
----- End of taks processed event ----

 INFO 07-15 18:05:09,753 CpuBottleneckDetectorImpl:63 [pool-8-thread-1] - Current cpu load: 0.01, # processed events: 0, consecutive: 0/2, threshold: 0.9 in VM-125
 INFO 07-15 18:05:10,753 SystemLoadProfiler:50 [pool-8-thread-1] - Average CPU Load: 0.01 in VM-125
 INFO 07-15 18:05:10,753 TaskEventRateCalculator:114 [pool-8-thread-1] - ---- Start of task processed event (# tasks: 0 in executor VM-125)----
----- End of taks processed event ----

 INFO 07-15 18:05:10,753 CpuBottleneckDetectorImpl:63 [pool-8-thread-1] - Current cpu load: 0.01, # processed events: 0, consecutive: 0/2, threshold: 0.9 in VM-125
 INFO 07-15 18:05:11,753 SystemLoadProfiler:50 [pool-8-thread-1] - Average CPU Load: 0.01 in VM-125
 INFO 07-15 18:05:11,753 TaskEventRateCalculator:114 [pool-8-thread-1] - ---- Start of task processed event (# tasks: 0 in executor VM-125)----
----- End of taks processed event ----

 INFO 07-15 18:05:11,753 CpuBottleneckDetectorImpl:63 [pool-8-thread-1] - Current cpu load: 0.01, # processed events: 0, consecutive: 0/2, threshold: 0.9 in VM-125
 INFO 07-15 18:05:12,753 SystemLoadProfiler:50 [pool-8-thread-1] - Average CPU Load: 0.01 in VM-125
 INFO 07-15 18:05:12,753 TaskEventRateCalculator:114 [pool-8-thread-1] - ---- Start of task processed event (# tasks: 0 in executor VM-125)----
----- End of taks processed event ----

 INFO 07-15 18:05:12,753 CpuBottleneckDetectorImpl:63 [pool-8-thread-1] - Current cpu load: 0.01, # processed events: 0, consecutive: 0/2, threshold: 0.9 in VM-125
 INFO 07-15 18:05:13,753 SystemLoadProfiler:50 [pool-8-thread-1] - Average CPU Load: 0.01 in VM-125
 INFO 07-15 18:05:13,753 TaskEventRateCalculator:114 [pool-8-thread-1] - ---- Start of task processed event (# tasks: 0 in executor VM-125)----
----- End of taks processed event ----

 INFO 07-15 18:05:13,753 CpuBottleneckDetectorImpl:63 [pool-8-thread-1] - Current cpu load: 0.01, # processed events: 0, consecutive: 0/2, threshold: 0.9 in VM-125
 INFO 07-15 18:05:14,753 SystemLoadProfiler:50 [pool-8-thread-1] - Average CPU Load: 0.01 in VM-125
 INFO 07-15 18:05:14,753 TaskEventRateCalculator:114 [pool-8-thread-1] - ---- Start of task processed event (# tasks: 0 in executor VM-125)----
----- End of taks processed event ----

 INFO 07-15 18:05:14,753 CpuBottleneckDetectorImpl:63 [pool-8-thread-1] - Current cpu load: 0.01, # processed events: 0, consecutive: 0/2, threshold: 0.9 in VM-125
 INFO 07-15 18:05:15,753 SystemLoadProfiler:50 [pool-8-thread-1] - Average CPU Load: 0.0 in VM-125
 INFO 07-15 18:05:15,753 TaskEventRateCalculator:114 [pool-8-thread-1] - ---- Start of task processed event (# tasks: 0 in executor VM-125)----
----- End of taks processed event ----

 INFO 07-15 18:05:15,753 CpuBottleneckDetectorImpl:63 [pool-8-thread-1] - Current cpu load: 0.0, # processed events: 0, consecutive: 0/2, threshold: 0.9 in VM-125
 INFO 07-15 18:05:16,753 SystemLoadProfiler:50 [pool-8-thread-1] - Average CPU Load: 0.0 in VM-125
 INFO 07-15 18:05:16,753 TaskEventRateCalculator:114 [pool-8-thread-1] - ---- Start of task processed event (# tasks: 0 in executor VM-125)----
----- End of taks processed event ----

 INFO 07-15 18:05:16,753 CpuBottleneckDetectorImpl:63 [pool-8-thread-1] - Current cpu load: 0.0, # processed events: 0, consecutive: 0/2, threshold: 0.9 in VM-125
 INFO 07-15 18:05:17,753 SystemLoadProfiler:50 [pool-8-thread-1] - Average CPU Load: 0.0 in VM-125
 INFO 07-15 18:05:17,753 TaskEventRateCalculator:114 [pool-8-thread-1] - ---- Start of task processed event (# tasks: 0 in executor VM-125)----
----- End of taks processed event ----

 INFO 07-15 18:05:17,753 CpuBottleneckDetectorImpl:63 [pool-8-thread-1] - Current cpu load: 0.0, # processed events: 0, consecutive: 0/2, threshold: 0.9 in VM-125
 INFO 07-15 18:05:18,753 SystemLoadProfiler:50 [pool-8-thread-1] - Average CPU Load: 0.0 in VM-125
 INFO 07-15 18:05:18,753 TaskEventRateCalculator:114 [pool-8-thread-1] - ---- Start of task processed event (# tasks: 0 in executor VM-125)----
----- End of taks processed event ----

 INFO 07-15 18:05:18,753 CpuBottleneckDetectorImpl:63 [pool-8-thread-1] - Current cpu load: 0.0, # processed events: 0, consecutive: 0/2, threshold: 0.9 in VM-125
 INFO 07-15 18:05:19,753 SystemLoadProfiler:50 [pool-8-thread-1] - Average CPU Load: 0.0 in VM-125
 INFO 07-15 18:05:19,753 TaskEventRateCalculator:114 [pool-8-thread-1] - ---- Start of task processed event (# tasks: 0 in executor VM-125)----
----- End of taks processed event ----

 INFO 07-15 18:05:19,753 CpuBottleneckDetectorImpl:63 [pool-8-thread-1] - Current cpu load: 0.0, # processed events: 0, consecutive: 0/2, threshold: 0.9 in VM-125
 INFO 07-15 18:05:20,753 SystemLoadProfiler:50 [pool-8-thread-1] - Average CPU Load: 0.0 in VM-125
 INFO 07-15 18:05:20,753 TaskEventRateCalculator:114 [pool-8-thread-1] - ---- Start of task processed event (# tasks: 0 in executor VM-125)----
----- End of taks processed event ----

 INFO 07-15 18:05:20,753 CpuBottleneckDetectorImpl:63 [pool-8-thread-1] - Current cpu load: 0.0, # processed events: 0, consecutive: 0/2, threshold: 0.9 in VM-125
 INFO 07-15 18:05:21,753 SystemLoadProfiler:50 [pool-8-thread-1] - Average CPU Load: 0.0 in VM-125
 INFO 07-15 18:05:21,753 TaskEventRateCalculator:114 [pool-8-thread-1] - ---- Start of task processed event (# tasks: 0 in executor VM-125)----
----- End of taks processed event ----

 INFO 07-15 18:05:21,753 CpuBottleneckDetectorImpl:63 [pool-8-thread-1] - Current cpu load: 0.0, # processed events: 0, consecutive: 0/2, threshold: 0.9 in VM-125
 INFO 07-15 18:05:22,753 SystemLoadProfiler:50 [pool-8-thread-1] - Average CPU Load: 0.0 in VM-125
 INFO 07-15 18:05:22,753 TaskEventRateCalculator:114 [pool-8-thread-1] - ---- Start of task processed event (# tasks: 0 in executor VM-125)----
----- End of taks processed event ----

 INFO 07-15 18:05:22,753 CpuBottleneckDetectorImpl:63 [pool-8-thread-1] - Current cpu load: 0.0, # processed events: 0, consecutive: 0/2, threshold: 0.9 in VM-125
 INFO 07-15 18:05:23,753 SystemLoadProfiler:50 [pool-8-thread-1] - Average CPU Load: 0.0 in VM-125
 INFO 07-15 18:05:23,753 TaskEventRateCalculator:114 [pool-8-thread-1] - ---- Start of task processed event (# tasks: 0 in executor VM-125)----
----- End of taks processed event ----

 INFO 07-15 18:05:23,753 CpuBottleneckDetectorImpl:63 [pool-8-thread-1] - Current cpu load: 0.0, # processed events: 0, consecutive: 0/2, threshold: 0.9 in VM-125
 INFO 07-15 18:05:24,753 SystemLoadProfiler:50 [pool-8-thread-1] - Average CPU Load: 0.0 in VM-125
 INFO 07-15 18:05:24,753 TaskEventRateCalculator:114 [pool-8-thread-1] - ---- Start of task processed event (# tasks: 0 in executor VM-125)----
----- End of taks processed event ----

 INFO 07-15 18:05:24,753 CpuBottleneckDetectorImpl:63 [pool-8-thread-1] - Current cpu load: 0.0, # processed events: 0, consecutive: 0/2, threshold: 0.9 in VM-125
 INFO 07-15 18:05:25,753 SystemLoadProfiler:50 [pool-8-thread-1] - Average CPU Load: 0.0 in VM-125
 INFO 07-15 18:05:25,753 TaskEventRateCalculator:114 [pool-8-thread-1] - ---- Start of task processed event (# tasks: 0 in executor VM-125)----
----- End of taks processed event ----

 INFO 07-15 18:05:25,753 CpuBottleneckDetectorImpl:63 [pool-8-thread-1] - Current cpu load: 0.0, # processed events: 0, consecutive: 0/2, threshold: 0.9 in VM-125
 INFO 07-15 18:05:26,753 SystemLoadProfiler:50 [pool-8-thread-1] - Average CPU Load: 0.0 in VM-125
 INFO 07-15 18:05:26,753 TaskEventRateCalculator:114 [pool-8-thread-1] - ---- Start of task processed event (# tasks: 0 in executor VM-125)----
----- End of taks processed event ----

 INFO 07-15 18:05:26,753 CpuBottleneckDetectorImpl:63 [pool-8-thread-1] - Current cpu load: 0.0, # processed events: 0, consecutive: 0/2, threshold: 0.9 in VM-125
 INFO 07-15 18:05:27,753 SystemLoadProfiler:50 [pool-8-thread-1] - Average CPU Load: 0.0 in VM-125
 INFO 07-15 18:05:27,753 TaskEventRateCalculator:114 [pool-8-thread-1] - ---- Start of task processed event (# tasks: 0 in executor VM-125)----
----- End of taks processed event ----

 INFO 07-15 18:05:27,753 CpuBottleneckDetectorImpl:63 [pool-8-thread-1] - Current cpu load: 0.0, # processed events: 0, consecutive: 0/2, threshold: 0.9 in VM-125
 INFO 07-15 18:05:28,753 SystemLoadProfiler:50 [pool-8-thread-1] - Average CPU Load: 0.0 in VM-125
 INFO 07-15 18:05:28,753 TaskEventRateCalculator:114 [pool-8-thread-1] - ---- Start of task processed event (# tasks: 0 in executor VM-125)----
----- End of taks processed event ----

 INFO 07-15 18:05:28,753 CpuBottleneckDetectorImpl:63 [pool-8-thread-1] - Current cpu load: 0.0, # processed events: 0, consecutive: 0/2, threshold: 0.9 in VM-125
 INFO 07-15 18:05:29,753 SystemLoadProfiler:50 [pool-8-thread-1] - Average CPU Load: 0.0 in VM-125
 INFO 07-15 18:05:29,753 TaskEventRateCalculator:114 [pool-8-thread-1] - ---- Start of task processed event (# tasks: 0 in executor VM-125)----
----- End of taks processed event ----

 INFO 07-15 18:05:29,753 CpuBottleneckDetectorImpl:63 [pool-8-thread-1] - Current cpu load: 0.0, # processed events: 0, consecutive: 0/2, threshold: 0.9 in VM-125
 INFO 07-15 18:05:30,753 SystemLoadProfiler:50 [pool-8-thread-1] - Average CPU Load: 0.0 in VM-125
 INFO 07-15 18:05:30,753 TaskEventRateCalculator:114 [pool-8-thread-1] - ---- Start of task processed event (# tasks: 0 in executor VM-125)----
----- End of taks processed event ----

 INFO 07-15 18:05:30,753 CpuBottleneckDetectorImpl:63 [pool-8-thread-1] - Current cpu load: 0.0, # processed events: 0, consecutive: 0/2, threshold: 0.9 in VM-125
 INFO 07-15 18:05:31,753 SystemLoadProfiler:50 [pool-8-thread-1] - Average CPU Load: 0.0 in VM-125
 INFO 07-15 18:05:31,753 TaskEventRateCalculator:114 [pool-8-thread-1] - ---- Start of task processed event (# tasks: 0 in executor VM-125)----
----- End of taks processed event ----

 INFO 07-15 18:05:31,753 CpuBottleneckDetectorImpl:63 [pool-8-thread-1] - Current cpu load: 0.0, # processed events: 0, consecutive: 0/2, threshold: 0.9 in VM-125
 INFO 07-15 18:05:32,753 SystemLoadProfiler:50 [pool-8-thread-1] - Average CPU Load: 0.0 in VM-125
 INFO 07-15 18:05:32,753 TaskEventRateCalculator:114 [pool-8-thread-1] - ---- Start of task processed event (# tasks: 0 in executor VM-125)----
----- End of taks processed event ----

 INFO 07-15 18:05:32,753 CpuBottleneckDetectorImpl:63 [pool-8-thread-1] - Current cpu load: 0.0, # processed events: 0, consecutive: 0/2, threshold: 0.9 in VM-125
 INFO 07-15 18:05:33,753 SystemLoadProfiler:50 [pool-8-thread-1] - Average CPU Load: 0.0 in VM-125
 INFO 07-15 18:05:33,753 TaskEventRateCalculator:114 [pool-8-thread-1] - ---- Start of task processed event (# tasks: 0 in executor VM-125)----
----- End of taks processed event ----

 INFO 07-15 18:05:33,753 CpuBottleneckDetectorImpl:63 [pool-8-thread-1] - Current cpu load: 0.0, # processed events: 0, consecutive: 0/2, threshold: 0.9 in VM-125
 INFO 07-15 18:05:34,753 SystemLoadProfiler:50 [pool-8-thread-1] - Average CPU Load: 0.0 in VM-125
 INFO 07-15 18:05:34,753 TaskEventRateCalculator:114 [pool-8-thread-1] - ---- Start of task processed event (# tasks: 0 in executor VM-125)----
----- End of taks processed event ----

 INFO 07-15 18:05:34,753 CpuBottleneckDetectorImpl:63 [pool-8-thread-1] - Current cpu load: 0.0, # processed events: 0, consecutive: 0/2, threshold: 0.9 in VM-125
 INFO 07-15 18:05:35,753 SystemLoadProfiler:50 [pool-8-thread-1] - Average CPU Load: 0.0 in VM-125
 INFO 07-15 18:05:35,753 TaskEventRateCalculator:114 [pool-8-thread-1] - ---- Start of task processed event (# tasks: 0 in executor VM-125)----
----- End of taks processed event ----

 INFO 07-15 18:05:35,753 CpuBottleneckDetectorImpl:63 [pool-8-thread-1] - Current cpu load: 0.0, # processed events: 0, consecutive: 0/2, threshold: 0.9 in VM-125
 INFO 07-15 18:05:36,753 SystemLoadProfiler:50 [pool-8-thread-1] - Average CPU Load: 0.0 in VM-125
 INFO 07-15 18:05:36,753 TaskEventRateCalculator:114 [pool-8-thread-1] - ---- Start of task processed event (# tasks: 0 in executor VM-125)----
----- End of taks processed event ----

 INFO 07-15 18:05:36,753 CpuBottleneckDetectorImpl:63 [pool-8-thread-1] - Current cpu load: 0.0, # processed events: 0, consecutive: 0/2, threshold: 0.9 in VM-125
 INFO 07-15 18:05:37,753 SystemLoadProfiler:50 [pool-8-thread-1] - Average CPU Load: 0.0 in VM-125
 INFO 07-15 18:05:37,753 TaskEventRateCalculator:114 [pool-8-thread-1] - ---- Start of task processed event (# tasks: 0 in executor VM-125)----
----- End of taks processed event ----

 INFO 07-15 18:05:37,753 CpuBottleneckDetectorImpl:63 [pool-8-thread-1] - Current cpu load: 0.0, # processed events: 0, consecutive: 0/2, threshold: 0.9 in VM-125
 INFO 07-15 18:05:38,753 SystemLoadProfiler:50 [pool-8-thread-1] - Average CPU Load: 0.0 in VM-125
 INFO 07-15 18:05:38,753 TaskEventRateCalculator:114 [pool-8-thread-1] - ---- Start of task processed event (# tasks: 0 in executor VM-125)----
----- End of taks processed event ----

 INFO 07-15 18:05:38,753 CpuBottleneckDetectorImpl:63 [pool-8-thread-1] - Current cpu load: 0.0, # processed events: 0, consecutive: 0/2, threshold: 0.9 in VM-125
 INFO 07-15 18:05:39,753 SystemLoadProfiler:50 [pool-8-thread-1] - Average CPU Load: 0.0 in VM-125
 INFO 07-15 18:05:39,753 TaskEventRateCalculator:114 [pool-8-thread-1] - ---- Start of task processed event (# tasks: 0 in executor VM-125)----
----- End of taks processed event ----

 INFO 07-15 18:05:39,753 CpuBottleneckDetectorImpl:63 [pool-8-thread-1] - Current cpu load: 0.0, # processed events: 0, consecutive: 0/2, threshold: 0.9 in VM-125
 INFO 07-15 18:05:40,753 SystemLoadProfiler:50 [pool-8-thread-1] - Average CPU Load: 0.0 in VM-125
 INFO 07-15 18:05:40,753 TaskEventRateCalculator:114 [pool-8-thread-1] - ---- Start of task processed event (# tasks: 0 in executor VM-125)----
----- End of taks processed event ----

 INFO 07-15 18:05:40,753 CpuBottleneckDetectorImpl:63 [pool-8-thread-1] - Current cpu load: 0.0, # processed events: 0, consecutive: 0/2, threshold: 0.9 in VM-125
 INFO 07-15 18:05:41,753 SystemLoadProfiler:50 [pool-8-thread-1] - Average CPU Load: 0.01 in VM-125
 INFO 07-15 18:05:41,753 TaskEventRateCalculator:114 [pool-8-thread-1] - ---- Start of task processed event (# tasks: 0 in executor VM-125)----
----- End of taks processed event ----

 INFO 07-15 18:05:41,753 CpuBottleneckDetectorImpl:63 [pool-8-thread-1] - Current cpu load: 0.01, # processed events: 0, consecutive: 0/2, threshold: 0.9 in VM-125
 INFO 07-15 18:05:42,753 SystemLoadProfiler:50 [pool-8-thread-1] - Average CPU Load: 0.01 in VM-125
 INFO 07-15 18:05:42,753 TaskEventRateCalculator:114 [pool-8-thread-1] - ---- Start of task processed event (# tasks: 0 in executor VM-125)----
----- End of taks processed event ----

 INFO 07-15 18:05:42,753 CpuBottleneckDetectorImpl:63 [pool-8-thread-1] - Current cpu load: 0.01, # processed events: 0, consecutive: 0/2, threshold: 0.9 in VM-125
 INFO 07-15 18:05:43,753 SystemLoadProfiler:50 [pool-8-thread-1] - Average CPU Load: 0.01 in VM-125
 INFO 07-15 18:05:43,753 TaskEventRateCalculator:114 [pool-8-thread-1] - ---- Start of task processed event (# tasks: 0 in executor VM-125)----
----- End of taks processed event ----

 INFO 07-15 18:05:43,753 CpuBottleneckDetectorImpl:63 [pool-8-thread-1] - Current cpu load: 0.01, # processed events: 0, consecutive: 0/2, threshold: 0.9 in VM-125
 INFO 07-15 18:05:44,753 SystemLoadProfiler:50 [pool-8-thread-1] - Average CPU Load: 0.01 in VM-125
 INFO 07-15 18:05:44,753 TaskEventRateCalculator:114 [pool-8-thread-1] - ---- Start of task processed event (# tasks: 0 in executor VM-125)----
----- End of taks processed event ----

 INFO 07-15 18:05:44,753 CpuBottleneckDetectorImpl:63 [pool-8-thread-1] - Current cpu load: 0.01, # processed events: 0, consecutive: 0/2, threshold: 0.9 in VM-125
 INFO 07-15 18:05:45,753 SystemLoadProfiler:50 [pool-8-thread-1] - Average CPU Load: 0.01 in VM-125
 INFO 07-15 18:05:45,753 TaskEventRateCalculator:114 [pool-8-thread-1] - ---- Start of task processed event (# tasks: 0 in executor VM-125)----
----- End of taks processed event ----

 INFO 07-15 18:05:45,753 CpuBottleneckDetectorImpl:63 [pool-8-thread-1] - Current cpu load: 0.01, # processed events: 0, consecutive: 0/2, threshold: 0.9 in VM-125
 INFO 07-15 18:05:46,753 SystemLoadProfiler:50 [pool-8-thread-1] - Average CPU Load: 0.01 in VM-125
 INFO 07-15 18:05:46,753 TaskEventRateCalculator:114 [pool-8-thread-1] - ---- Start of task processed event (# tasks: 0 in executor VM-125)----
----- End of taks processed event ----

 INFO 07-15 18:05:46,753 CpuBottleneckDetectorImpl:63 [pool-8-thread-1] - Current cpu load: 0.01, # processed events: 0, consecutive: 0/2, threshold: 0.9 in VM-125
 INFO 07-15 18:05:47,753 SystemLoadProfiler:50 [pool-8-thread-1] - Average CPU Load: 0.01 in VM-125
 INFO 07-15 18:05:47,753 TaskEventRateCalculator:114 [pool-8-thread-1] - ---- Start of task processed event (# tasks: 0 in executor VM-125)----
----- End of taks processed event ----

 INFO 07-15 18:05:47,753 CpuBottleneckDetectorImpl:63 [pool-8-thread-1] - Current cpu load: 0.01, # processed events: 0, consecutive: 0/2, threshold: 0.9 in VM-125
 INFO 07-15 18:05:48,753 SystemLoadProfiler:50 [pool-8-thread-1] - Average CPU Load: 0.01 in VM-125
 INFO 07-15 18:05:48,753 TaskEventRateCalculator:114 [pool-8-thread-1] - ---- Start of task processed event (# tasks: 0 in executor VM-125)----
----- End of taks processed event ----

 INFO 07-15 18:05:48,753 CpuBottleneckDetectorImpl:63 [pool-8-thread-1] - Current cpu load: 0.01, # processed events: 0, consecutive: 0/2, threshold: 0.9 in VM-125
 INFO 07-15 18:05:49,753 SystemLoadProfiler:50 [pool-8-thread-1] - Average CPU Load: 0.01 in VM-125
 INFO 07-15 18:05:49,753 TaskEventRateCalculator:114 [pool-8-thread-1] - ---- Start of task processed event (# tasks: 0 in executor VM-125)----
----- End of taks processed event ----

 INFO 07-15 18:05:49,753 CpuBottleneckDetectorImpl:63 [pool-8-thread-1] - Current cpu load: 0.01, # processed events: 0, consecutive: 0/2, threshold: 0.9 in VM-125
 INFO 07-15 18:05:50,753 SystemLoadProfiler:50 [pool-8-thread-1] - Average CPU Load: 0.01 in VM-125
 INFO 07-15 18:05:50,753 TaskEventRateCalculator:114 [pool-8-thread-1] - ---- Start of task processed event (# tasks: 0 in executor VM-125)----
----- End of taks processed event ----

 INFO 07-15 18:05:50,753 CpuBottleneckDetectorImpl:63 [pool-8-thread-1] - Current cpu load: 0.01, # processed events: 0, consecutive: 0/2, threshold: 0.9 in VM-125
 INFO 07-15 18:05:51,753 SystemLoadProfiler:50 [pool-8-thread-1] - Average CPU Load: 0.01 in VM-125
 INFO 07-15 18:05:51,753 TaskEventRateCalculator:114 [pool-8-thread-1] - ---- Start of task processed event (# tasks: 0 in executor VM-125)----
----- End of taks processed event ----

 INFO 07-15 18:05:51,753 CpuBottleneckDetectorImpl:63 [pool-8-thread-1] - Current cpu load: 0.01, # processed events: 0, consecutive: 0/2, threshold: 0.9 in VM-125
 INFO 07-15 18:05:52,753 SystemLoadProfiler:50 [pool-8-thread-1] - Average CPU Load: 0.01 in VM-125
 INFO 07-15 18:05:52,753 TaskEventRateCalculator:114 [pool-8-thread-1] - ---- Start of task processed event (# tasks: 0 in executor VM-125)----
----- End of taks processed event ----

 INFO 07-15 18:05:52,753 CpuBottleneckDetectorImpl:63 [pool-8-thread-1] - Current cpu load: 0.01, # processed events: 0, consecutive: 0/2, threshold: 0.9 in VM-125
 INFO 07-15 18:05:53,753 SystemLoadProfiler:50 [pool-8-thread-1] - Average CPU Load: 0.01 in VM-125
 INFO 07-15 18:05:53,753 TaskEventRateCalculator:114 [pool-8-thread-1] - ---- Start of task processed event (# tasks: 0 in executor VM-125)----
----- End of taks processed event ----

 INFO 07-15 18:05:53,753 CpuBottleneckDetectorImpl:63 [pool-8-thread-1] - Current cpu load: 0.01, # processed events: 0, consecutive: 0/2, threshold: 0.9 in VM-125
 INFO 07-15 18:05:54,753 SystemLoadProfiler:50 [pool-8-thread-1] - Average CPU Load: 0.01 in VM-125
 INFO 07-15 18:05:54,753 TaskEventRateCalculator:114 [pool-8-thread-1] - ---- Start of task processed event (# tasks: 0 in executor VM-125)----
----- End of taks processed event ----

 INFO 07-15 18:05:54,753 CpuBottleneckDetectorImpl:63 [pool-8-thread-1] - Current cpu load: 0.01, # processed events: 0, consecutive: 0/2, threshold: 0.9 in VM-125
 INFO 07-15 18:05:55,753 SystemLoadProfiler:50 [pool-8-thread-1] - Average CPU Load: 0.01 in VM-125
 INFO 07-15 18:05:55,753 TaskEventRateCalculator:114 [pool-8-thread-1] - ---- Start of task processed event (# tasks: 0 in executor VM-125)----
----- End of taks processed event ----

 INFO 07-15 18:05:55,753 CpuBottleneckDetectorImpl:63 [pool-8-thread-1] - Current cpu load: 0.01, # processed events: 0, consecutive: 0/2, threshold: 0.9 in VM-125
 INFO 07-15 18:05:56,753 SystemLoadProfiler:50 [pool-8-thread-1] - Average CPU Load: 0.01 in VM-125
 INFO 07-15 18:05:56,753 TaskEventRateCalculator:114 [pool-8-thread-1] - ---- Start of task processed event (# tasks: 0 in executor VM-125)----
----- End of taks processed event ----

 INFO 07-15 18:05:56,753 CpuBottleneckDetectorImpl:63 [pool-8-thread-1] - Current cpu load: 0.01, # processed events: 0, consecutive: 0/2, threshold: 0.9 in VM-125
 INFO 07-15 18:05:57,753 SystemLoadProfiler:50 [pool-8-thread-1] - Average CPU Load: 0.01 in VM-125
 INFO 07-15 18:05:57,753 TaskEventRateCalculator:114 [pool-8-thread-1] - ---- Start of task processed event (# tasks: 0 in executor VM-125)----
----- End of taks processed event ----

 INFO 07-15 18:05:57,753 CpuBottleneckDetectorImpl:63 [pool-8-thread-1] - Current cpu load: 0.01, # processed events: 0, consecutive: 0/2, threshold: 0.9 in VM-125
 INFO 07-15 18:05:58,753 SystemLoadProfiler:50 [pool-8-thread-1] - Average CPU Load: 0.01 in VM-125
 INFO 07-15 18:05:58,753 TaskEventRateCalculator:114 [pool-8-thread-1] - ---- Start of task processed event (# tasks: 0 in executor VM-125)----
----- End of taks processed event ----

 INFO 07-15 18:05:58,753 CpuBottleneckDetectorImpl:63 [pool-8-thread-1] - Current cpu load: 0.01, # processed events: 0, consecutive: 0/2, threshold: 0.9 in VM-125
 INFO 07-15 18:05:59,753 SystemLoadProfiler:50 [pool-8-thread-1] - Average CPU Load: 0.01 in VM-125
 INFO 07-15 18:05:59,753 TaskEventRateCalculator:114 [pool-8-thread-1] - ---- Start of task processed event (# tasks: 0 in executor VM-125)----
----- End of taks processed event ----

 INFO 07-15 18:05:59,753 CpuBottleneckDetectorImpl:63 [pool-8-thread-1] - Current cpu load: 0.01, # processed events: 0, consecutive: 0/2, threshold: 0.9 in VM-125
 INFO 07-15 18:06:00,753 SystemLoadProfiler:50 [pool-8-thread-1] - Average CPU Load: 0.01 in VM-125
 INFO 07-15 18:06:00,753 TaskEventRateCalculator:114 [pool-8-thread-1] - ---- Start of task processed event (# tasks: 0 in executor VM-125)----
----- End of taks processed event ----

 INFO 07-15 18:06:00,753 CpuBottleneckDetectorImpl:63 [pool-8-thread-1] - Current cpu load: 0.01, # processed events: 0, consecutive: 0/2, threshold: 0.9 in VM-125
 INFO 07-15 18:06:01,753 SystemLoadProfiler:50 [pool-8-thread-1] - Average CPU Load: 0.01 in VM-125
 INFO 07-15 18:06:01,753 TaskEventRateCalculator:114 [pool-8-thread-1] - ---- Start of task processed event (# tasks: 0 in executor VM-125)----
----- End of taks processed event ----

 INFO 07-15 18:06:01,753 CpuBottleneckDetectorImpl:63 [pool-8-thread-1] - Current cpu load: 0.01, # processed events: 0, consecutive: 0/2, threshold: 0.9 in VM-125
 INFO 07-15 18:06:02,753 SystemLoadProfiler:50 [pool-8-thread-1] - Average CPU Load: 0.01 in VM-125
 INFO 07-15 18:06:02,753 TaskEventRateCalculator:114 [pool-8-thread-1] - ---- Start of task processed event (# tasks: 0 in executor VM-125)----
----- End of taks processed event ----

 INFO 07-15 18:06:02,753 CpuBottleneckDetectorImpl:63 [pool-8-thread-1] - Current cpu load: 0.01, # processed events: 0, consecutive: 0/2, threshold: 0.9 in VM-125
 INFO 07-15 18:06:03,753 SystemLoadProfiler:50 [pool-8-thread-1] - Average CPU Load: 0.01 in VM-125
 INFO 07-15 18:06:03,753 TaskEventRateCalculator:114 [pool-8-thread-1] - ---- Start of task processed event (# tasks: 0 in executor VM-125)----
----- End of taks processed event ----

 INFO 07-15 18:06:03,753 CpuBottleneckDetectorImpl:63 [pool-8-thread-1] - Current cpu load: 0.01, # processed events: 0, consecutive: 0/2, threshold: 0.9 in VM-125
 INFO 07-15 18:06:04,753 SystemLoadProfiler:50 [pool-8-thread-1] - Average CPU Load: 0.01 in VM-125
 INFO 07-15 18:06:04,753 TaskEventRateCalculator:114 [pool-8-thread-1] - ---- Start of task processed event (# tasks: 0 in executor VM-125)----
----- End of taks processed event ----

 INFO 07-15 18:06:04,753 CpuBottleneckDetectorImpl:63 [pool-8-thread-1] - Current cpu load: 0.01, # processed events: 0, consecutive: 0/2, threshold: 0.9 in VM-125
 INFO 07-15 18:06:05,753 SystemLoadProfiler:50 [pool-8-thread-1] - Average CPU Load: 0.01 in VM-125
 INFO 07-15 18:06:05,753 TaskEventRateCalculator:114 [pool-8-thread-1] - ---- Start of task processed event (# tasks: 0 in executor VM-125)----
----- End of taks processed event ----

 INFO 07-15 18:06:05,753 CpuBottleneckDetectorImpl:63 [pool-8-thread-1] - Current cpu load: 0.01, # processed events: 0, consecutive: 0/2, threshold: 0.9 in VM-125
 INFO 07-15 18:06:06,753 SystemLoadProfiler:50 [pool-8-thread-1] - Average CPU Load: 0.01 in VM-125
 INFO 07-15 18:06:06,753 TaskEventRateCalculator:114 [pool-8-thread-1] - ---- Start of task processed event (# tasks: 0 in executor VM-125)----
----- End of taks processed event ----

 INFO 07-15 18:06:06,753 CpuBottleneckDetectorImpl:63 [pool-8-thread-1] - Current cpu load: 0.01, # processed events: 0, consecutive: 0/2, threshold: 0.9 in VM-125
 INFO 07-15 18:06:07,753 SystemLoadProfiler:50 [pool-8-thread-1] - Average CPU Load: 0.01 in VM-125
 INFO 07-15 18:06:07,753 TaskEventRateCalculator:114 [pool-8-thread-1] - ---- Start of task processed event (# tasks: 0 in executor VM-125)----
----- End of taks processed event ----

 INFO 07-15 18:06:07,753 CpuBottleneckDetectorImpl:63 [pool-8-thread-1] - Current cpu load: 0.01, # processed events: 0, consecutive: 0/2, threshold: 0.9 in VM-125
 INFO 07-15 18:06:08,753 SystemLoadProfiler:50 [pool-8-thread-1] - Average CPU Load: 0.01 in VM-125
 INFO 07-15 18:06:08,753 TaskEventRateCalculator:114 [pool-8-thread-1] - ---- Start of task processed event (# tasks: 0 in executor VM-125)----
----- End of taks processed event ----

 INFO 07-15 18:06:08,753 CpuBottleneckDetectorImpl:63 [pool-8-thread-1] - Current cpu load: 0.01, # processed events: 0, consecutive: 0/2, threshold: 0.9 in VM-125
 INFO 07-15 18:06:09,753 SystemLoadProfiler:50 [pool-8-thread-1] - Average CPU Load: 0.01 in VM-125
 INFO 07-15 18:06:09,753 TaskEventRateCalculator:114 [pool-8-thread-1] - ---- Start of task processed event (# tasks: 0 in executor VM-125)----
----- End of taks processed event ----

 INFO 07-15 18:06:09,753 CpuBottleneckDetectorImpl:63 [pool-8-thread-1] - Current cpu load: 0.01, # processed events: 0, consecutive: 0/2, threshold: 0.9 in VM-125
 INFO 07-15 18:06:10,753 SystemLoadProfiler:50 [pool-8-thread-1] - Average CPU Load: 0.01 in VM-125
 INFO 07-15 18:06:10,753 TaskEventRateCalculator:114 [pool-8-thread-1] - ---- Start of task processed event (# tasks: 0 in executor VM-125)----
----- End of taks processed event ----

 INFO 07-15 18:06:10,753 CpuBottleneckDetectorImpl:63 [pool-8-thread-1] - Current cpu load: 0.01, # processed events: 0, consecutive: 0/2, threshold: 0.9 in VM-125
 INFO 07-15 18:06:11,753 SystemLoadProfiler:50 [pool-8-thread-1] - Average CPU Load: 0.01 in VM-125
 INFO 07-15 18:06:11,753 TaskEventRateCalculator:114 [pool-8-thread-1] - ---- Start of task processed event (# tasks: 0 in executor VM-125)----
----- End of taks processed event ----

 INFO 07-15 18:06:11,753 CpuBottleneckDetectorImpl:63 [pool-8-thread-1] - Current cpu load: 0.01, # processed events: 0, consecutive: 0/2, threshold: 0.9 in VM-125
 INFO 07-15 18:06:12,753 SystemLoadProfiler:50 [pool-8-thread-1] - Average CPU Load: 0.01 in VM-125
 INFO 07-15 18:06:12,753 TaskEventRateCalculator:114 [pool-8-thread-1] - ---- Start of task processed event (# tasks: 0 in executor VM-125)----
----- End of taks processed event ----

 INFO 07-15 18:06:12,753 CpuBottleneckDetectorImpl:63 [pool-8-thread-1] - Current cpu load: 0.01, # processed events: 0, consecutive: 0/2, threshold: 0.9 in VM-125
 INFO 07-15 18:06:13,753 SystemLoadProfiler:50 [pool-8-thread-1] - Average CPU Load: 0.01 in VM-125
 INFO 07-15 18:06:13,753 TaskEventRateCalculator:114 [pool-8-thread-1] - ---- Start of task processed event (# tasks: 0 in executor VM-125)----
----- End of taks processed event ----

 INFO 07-15 18:06:13,753 CpuBottleneckDetectorImpl:63 [pool-8-thread-1] - Current cpu load: 0.01, # processed events: 0, consecutive: 0/2, threshold: 0.9 in VM-125
 INFO 07-15 18:06:14,753 SystemLoadProfiler:50 [pool-8-thread-1] - Average CPU Load: 0.01 in VM-125
 INFO 07-15 18:06:14,753 TaskEventRateCalculator:114 [pool-8-thread-1] - ---- Start of task processed event (# tasks: 0 in executor VM-125)----
----- End of taks processed event ----

 INFO 07-15 18:06:14,753 CpuBottleneckDetectorImpl:63 [pool-8-thread-1] - Current cpu load: 0.01, # processed events: 0, consecutive: 0/2, threshold: 0.9 in VM-125
 INFO 07-15 18:06:15,753 SystemLoadProfiler:50 [pool-8-thread-1] - Average CPU Load: 0.01 in VM-125
 INFO 07-15 18:06:15,753 TaskEventRateCalculator:114 [pool-8-thread-1] - ---- Start of task processed event (# tasks: 0 in executor VM-125)----
----- End of taks processed event ----

 INFO 07-15 18:06:15,753 CpuBottleneckDetectorImpl:63 [pool-8-thread-1] - Current cpu load: 0.01, # processed events: 0, consecutive: 0/2, threshold: 0.9 in VM-125
 INFO 07-15 18:06:16,753 SystemLoadProfiler:50 [pool-8-thread-1] - Average CPU Load: 0.01 in VM-125
 INFO 07-15 18:06:16,753 TaskEventRateCalculator:114 [pool-8-thread-1] - ---- Start of task processed event (# tasks: 0 in executor VM-125)----
----- End of taks processed event ----

 INFO 07-15 18:06:16,753 CpuBottleneckDetectorImpl:63 [pool-8-thread-1] - Current cpu load: 0.01, # processed events: 0, consecutive: 0/2, threshold: 0.9 in VM-125
 INFO 07-15 18:06:17,753 SystemLoadProfiler:50 [pool-8-thread-1] - Average CPU Load: 0.01 in VM-125
 INFO 07-15 18:06:17,753 TaskEventRateCalculator:114 [pool-8-thread-1] - ---- Start of task processed event (# tasks: 0 in executor VM-125)----
----- End of taks processed event ----

 INFO 07-15 18:06:17,753 CpuBottleneckDetectorImpl:63 [pool-8-thread-1] - Current cpu load: 0.01, # processed events: 0, consecutive: 0/2, threshold: 0.9 in VM-125
 INFO 07-15 18:06:18,753 SystemLoadProfiler:50 [pool-8-thread-1] - Average CPU Load: 0.01 in VM-125
 INFO 07-15 18:06:18,753 TaskEventRateCalculator:114 [pool-8-thread-1] - ---- Start of task processed event (# tasks: 0 in executor VM-125)----
----- End of taks processed event ----

 INFO 07-15 18:06:18,753 CpuBottleneckDetectorImpl:63 [pool-8-thread-1] - Current cpu load: 0.01, # processed events: 0, consecutive: 0/2, threshold: 0.9 in VM-125
 INFO 07-15 18:06:19,753 SystemLoadProfiler:50 [pool-8-thread-1] - Average CPU Load: 0.01 in VM-125
 INFO 07-15 18:06:19,753 TaskEventRateCalculator:114 [pool-8-thread-1] - ---- Start of task processed event (# tasks: 0 in executor VM-125)----
----- End of taks processed event ----

 INFO 07-15 18:06:19,753 CpuBottleneckDetectorImpl:63 [pool-8-thread-1] - Current cpu load: 0.01, # processed events: 0, consecutive: 0/2, threshold: 0.9 in VM-125
 INFO 07-15 18:06:20,753 SystemLoadProfiler:50 [pool-8-thread-1] - Average CPU Load: 0.01 in VM-125
 INFO 07-15 18:06:20,753 TaskEventRateCalculator:114 [pool-8-thread-1] - ---- Start of task processed event (# tasks: 0 in executor VM-125)----
----- End of taks processed event ----

 INFO 07-15 18:06:20,753 CpuBottleneckDetectorImpl:63 [pool-8-thread-1] - Current cpu load: 0.01, # processed events: 0, consecutive: 0/2, threshold: 0.9 in VM-125
 INFO 07-15 18:06:21,753 SystemLoadProfiler:50 [pool-8-thread-1] - Average CPU Load: 0.01 in VM-125
 INFO 07-15 18:06:21,753 TaskEventRateCalculator:114 [pool-8-thread-1] - ---- Start of task processed event (# tasks: 0 in executor VM-125)----
----- End of taks processed event ----

 INFO 07-15 18:06:21,753 CpuBottleneckDetectorImpl:63 [pool-8-thread-1] - Current cpu load: 0.01, # processed events: 0, consecutive: 0/2, threshold: 0.9 in VM-125
 INFO 07-15 18:06:22,753 SystemLoadProfiler:50 [pool-8-thread-1] - Average CPU Load: 0.01 in VM-125
 INFO 07-15 18:06:22,753 TaskEventRateCalculator:114 [pool-8-thread-1] - ---- Start of task processed event (# tasks: 0 in executor VM-125)----
----- End of taks processed event ----

 INFO 07-15 18:06:22,753 CpuBottleneckDetectorImpl:63 [pool-8-thread-1] - Current cpu load: 0.01, # processed events: 0, consecutive: 0/2, threshold: 0.9 in VM-125
 INFO 07-15 18:06:23,753 SystemLoadProfiler:50 [pool-8-thread-1] - Average CPU Load: 0.01 in VM-125
 INFO 07-15 18:06:23,753 TaskEventRateCalculator:114 [pool-8-thread-1] - ---- Start of task processed event (# tasks: 0 in executor VM-125)----
----- End of taks processed event ----

 INFO 07-15 18:06:23,753 CpuBottleneckDetectorImpl:63 [pool-8-thread-1] - Current cpu load: 0.01, # processed events: 0, consecutive: 0/2, threshold: 0.9 in VM-125
 INFO 07-15 18:06:24,753 SystemLoadProfiler:50 [pool-8-thread-1] - Average CPU Load: 0.01 in VM-125
 INFO 07-15 18:06:24,753 TaskEventRateCalculator:114 [pool-8-thread-1] - ---- Start of task processed event (# tasks: 0 in executor VM-125)----
----- End of taks processed event ----

 INFO 07-15 18:06:24,753 CpuBottleneckDetectorImpl:63 [pool-8-thread-1] - Current cpu load: 0.01, # processed events: 0, consecutive: 0/2, threshold: 0.9 in VM-125
 INFO 07-15 18:06:25,753 SystemLoadProfiler:50 [pool-8-thread-1] - Average CPU Load: 0.01 in VM-125
 INFO 07-15 18:06:25,753 TaskEventRateCalculator:114 [pool-8-thread-1] - ---- Start of task processed event (# tasks: 0 in executor VM-125)----
----- End of taks processed event ----

 INFO 07-15 18:06:25,753 CpuBottleneckDetectorImpl:63 [pool-8-thread-1] - Current cpu load: 0.01, # processed events: 0, consecutive: 0/2, threshold: 0.9 in VM-125
 INFO 07-15 18:06:26,753 SystemLoadProfiler:50 [pool-8-thread-1] - Average CPU Load: 0.01 in VM-125
 INFO 07-15 18:06:26,753 TaskEventRateCalculator:114 [pool-8-thread-1] - ---- Start of task processed event (# tasks: 0 in executor VM-125)----
----- End of taks processed event ----

 INFO 07-15 18:06:26,753 CpuBottleneckDetectorImpl:63 [pool-8-thread-1] - Current cpu load: 0.01, # processed events: 0, consecutive: 0/2, threshold: 0.9 in VM-125
 INFO 07-15 18:06:27,753 SystemLoadProfiler:50 [pool-8-thread-1] - Average CPU Load: 0.01 in VM-125
 INFO 07-15 18:06:27,753 TaskEventRateCalculator:114 [pool-8-thread-1] - ---- Start of task processed event (# tasks: 0 in executor VM-125)----
----- End of taks processed event ----

 INFO 07-15 18:06:27,753 CpuBottleneckDetectorImpl:63 [pool-8-thread-1] - Current cpu load: 0.01, # processed events: 0, consecutive: 0/2, threshold: 0.9 in VM-125
 INFO 07-15 18:06:28,753 SystemLoadProfiler:50 [pool-8-thread-1] - Average CPU Load: 0.01 in VM-125
 INFO 07-15 18:06:28,753 TaskEventRateCalculator:114 [pool-8-thread-1] - ---- Start of task processed event (# tasks: 0 in executor VM-125)----
----- End of taks processed event ----

 INFO 07-15 18:06:28,753 CpuBottleneckDetectorImpl:63 [pool-8-thread-1] - Current cpu load: 0.01, # processed events: 0, consecutive: 0/2, threshold: 0.9 in VM-125
 INFO 07-15 18:06:29,753 SystemLoadProfiler:50 [pool-8-thread-1] - Average CPU Load: 0.01 in VM-125
 INFO 07-15 18:06:29,753 TaskEventRateCalculator:114 [pool-8-thread-1] - ---- Start of task processed event (# tasks: 0 in executor VM-125)----
----- End of taks processed event ----

 INFO 07-15 18:06:29,753 CpuBottleneckDetectorImpl:63 [pool-8-thread-1] - Current cpu load: 0.01, # processed events: 0, consecutive: 0/2, threshold: 0.9 in VM-125
 INFO 07-15 18:06:30,753 SystemLoadProfiler:50 [pool-8-thread-1] - Average CPU Load: 0.01 in VM-125
 INFO 07-15 18:06:30,753 TaskEventRateCalculator:114 [pool-8-thread-1] - ---- Start of task processed event (# tasks: 0 in executor VM-125)----
----- End of taks processed event ----

 INFO 07-15 18:06:30,753 CpuBottleneckDetectorImpl:63 [pool-8-thread-1] - Current cpu load: 0.01, # processed events: 0, consecutive: 0/2, threshold: 0.9 in VM-125
 INFO 07-15 18:06:31,753 SystemLoadProfiler:50 [pool-8-thread-1] - Average CPU Load: 0.01 in VM-125
 INFO 07-15 18:06:31,753 TaskEventRateCalculator:114 [pool-8-thread-1] - ---- Start of task processed event (# tasks: 0 in executor VM-125)----
----- End of taks processed event ----

 INFO 07-15 18:06:31,753 CpuBottleneckDetectorImpl:63 [pool-8-thread-1] - Current cpu load: 0.01, # processed events: 0, consecutive: 0/2, threshold: 0.9 in VM-125
 INFO 07-15 18:06:32,753 SystemLoadProfiler:50 [pool-8-thread-1] - Average CPU Load: 0.01 in VM-125
 INFO 07-15 18:06:32,753 TaskEventRateCalculator:114 [pool-8-thread-1] - ---- Start of task processed event (# tasks: 0 in executor VM-125)----
----- End of taks processed event ----

 INFO 07-15 18:06:32,753 CpuBottleneckDetectorImpl:63 [pool-8-thread-1] - Current cpu load: 0.01, # processed events: 0, consecutive: 0/2, threshold: 0.9 in VM-125
 INFO 07-15 18:06:33,753 SystemLoadProfiler:50 [pool-8-thread-1] - Average CPU Load: 0.01 in VM-125
 INFO 07-15 18:06:33,753 TaskEventRateCalculator:114 [pool-8-thread-1] - ---- Start of task processed event (# tasks: 0 in executor VM-125)----
----- End of taks processed event ----

 INFO 07-15 18:06:33,753 CpuBottleneckDetectorImpl:63 [pool-8-thread-1] - Current cpu load: 0.01, # processed events: 0, consecutive: 0/2, threshold: 0.9 in VM-125
 INFO 07-15 18:06:34,753 SystemLoadProfiler:50 [pool-8-thread-1] - Average CPU Load: 0.01 in VM-125
 INFO 07-15 18:06:34,753 TaskEventRateCalculator:114 [pool-8-thread-1] - ---- Start of task processed event (# tasks: 0 in executor VM-125)----
----- End of taks processed event ----

 INFO 07-15 18:06:34,753 CpuBottleneckDetectorImpl:63 [pool-8-thread-1] - Current cpu load: 0.01, # processed events: 0, consecutive: 0/2, threshold: 0.9 in VM-125
 INFO 07-15 18:06:35,753 SystemLoadProfiler:50 [pool-8-thread-1] - Average CPU Load: 0.01 in VM-125
 INFO 07-15 18:06:35,753 TaskEventRateCalculator:114 [pool-8-thread-1] - ---- Start of task processed event (# tasks: 0 in executor VM-125)----
----- End of taks processed event ----

 INFO 07-15 18:06:35,753 CpuBottleneckDetectorImpl:63 [pool-8-thread-1] - Current cpu load: 0.01, # processed events: 0, consecutive: 0/2, threshold: 0.9 in VM-125
 INFO 07-15 18:06:36,753 SystemLoadProfiler:50 [pool-8-thread-1] - Average CPU Load: 0.01 in VM-125
 INFO 07-15 18:06:36,753 TaskEventRateCalculator:114 [pool-8-thread-1] - ---- Start of task processed event (# tasks: 0 in executor VM-125)----
----- End of taks processed event ----

 INFO 07-15 18:06:36,753 CpuBottleneckDetectorImpl:63 [pool-8-thread-1] - Current cpu load: 0.01, # processed events: 0, consecutive: 0/2, threshold: 0.9 in VM-125
 INFO 07-15 18:06:37,753 SystemLoadProfiler:50 [pool-8-thread-1] - Average CPU Load: 0.01 in VM-125
 INFO 07-15 18:06:37,753 TaskEventRateCalculator:114 [pool-8-thread-1] - ---- Start of task processed event (# tasks: 0 in executor VM-125)----
----- End of taks processed event ----

 INFO 07-15 18:06:37,753 CpuBottleneckDetectorImpl:63 [pool-8-thread-1] - Current cpu load: 0.01, # processed events: 0, consecutive: 0/2, threshold: 0.9 in VM-125
 INFO 07-15 18:06:38,753 SystemLoadProfiler:50 [pool-8-thread-1] - Average CPU Load: 0.01 in VM-125
 INFO 07-15 18:06:38,753 TaskEventRateCalculator:114 [pool-8-thread-1] - ---- Start of task processed event (# tasks: 0 in executor VM-125)----
----- End of taks processed event ----

 INFO 07-15 18:06:38,753 CpuBottleneckDetectorImpl:63 [pool-8-thread-1] - Current cpu load: 0.01, # processed events: 0, consecutive: 0/2, threshold: 0.9 in VM-125
 INFO 07-15 18:06:39,753 SystemLoadProfiler:50 [pool-8-thread-1] - Average CPU Load: 0.01 in VM-125
 INFO 07-15 18:06:39,753 TaskEventRateCalculator:114 [pool-8-thread-1] - ---- Start of task processed event (# tasks: 0 in executor VM-125)----
----- End of taks processed event ----

 INFO 07-15 18:06:39,753 CpuBottleneckDetectorImpl:63 [pool-8-thread-1] - Current cpu load: 0.01, # processed events: 0, consecutive: 0/2, threshold: 0.9 in VM-125
 INFO 07-15 18:06:40,753 SystemLoadProfiler:50 [pool-8-thread-1] - Average CPU Load: 0.01 in VM-125
 INFO 07-15 18:06:40,753 TaskEventRateCalculator:114 [pool-8-thread-1] - ---- Start of task processed event (# tasks: 0 in executor VM-125)----
----- End of taks processed event ----

 INFO 07-15 18:06:40,753 CpuBottleneckDetectorImpl:63 [pool-8-thread-1] - Current cpu load: 0.01, # processed events: 0, consecutive: 0/2, threshold: 0.9 in VM-125
 INFO 07-15 18:06:41,753 SystemLoadProfiler:50 [pool-8-thread-1] - Average CPU Load: 0.01 in VM-125
 INFO 07-15 18:06:41,753 TaskEventRateCalculator:114 [pool-8-thread-1] - ---- Start of task processed event (# tasks: 0 in executor VM-125)----
----- End of taks processed event ----

 INFO 07-15 18:06:41,753 CpuBottleneckDetectorImpl:63 [pool-8-thread-1] - Current cpu load: 0.01, # processed events: 0, consecutive: 0/2, threshold: 0.9 in VM-125
 INFO 07-15 18:06:42,753 SystemLoadProfiler:50 [pool-8-thread-1] - Average CPU Load: 0.01 in VM-125
 INFO 07-15 18:06:42,753 TaskEventRateCalculator:114 [pool-8-thread-1] - ---- Start of task processed event (# tasks: 0 in executor VM-125)----
----- End of taks processed event ----

 INFO 07-15 18:06:42,753 CpuBottleneckDetectorImpl:63 [pool-8-thread-1] - Current cpu load: 0.01, # processed events: 0, consecutive: 0/2, threshold: 0.9 in VM-125
 INFO 07-15 18:06:43,753 SystemLoadProfiler:50 [pool-8-thread-1] - Average CPU Load: 0.01 in VM-125
 INFO 07-15 18:06:43,753 TaskEventRateCalculator:114 [pool-8-thread-1] - ---- Start of task processed event (# tasks: 0 in executor VM-125)----
----- End of taks processed event ----

 INFO 07-15 18:06:43,753 CpuBottleneckDetectorImpl:63 [pool-8-thread-1] - Current cpu load: 0.01, # processed events: 0, consecutive: 0/2, threshold: 0.9 in VM-125
 INFO 07-15 18:06:44,753 SystemLoadProfiler:50 [pool-8-thread-1] - Average CPU Load: 0.01 in VM-125
 INFO 07-15 18:06:44,753 TaskEventRateCalculator:114 [pool-8-thread-1] - ---- Start of task processed event (# tasks: 0 in executor VM-125)----
----- End of taks processed event ----

 INFO 07-15 18:06:44,753 CpuBottleneckDetectorImpl:63 [pool-8-thread-1] - Current cpu load: 0.01, # processed events: 0, consecutive: 0/2, threshold: 0.9 in VM-125
 INFO 07-15 18:06:45,753 SystemLoadProfiler:50 [pool-8-thread-1] - Average CPU Load: 0.01 in VM-125
 INFO 07-15 18:06:45,753 TaskEventRateCalculator:114 [pool-8-thread-1] - ---- Start of task processed event (# tasks: 0 in executor VM-125)----
----- End of taks processed event ----

 INFO 07-15 18:06:45,753 CpuBottleneckDetectorImpl:63 [pool-8-thread-1] - Current cpu load: 0.01, # processed events: 0, consecutive: 0/2, threshold: 0.9 in VM-125
 INFO 07-15 18:06:46,753 SystemLoadProfiler:50 [pool-8-thread-1] - Average CPU Load: 0.01 in VM-125
 INFO 07-15 18:06:46,753 TaskEventRateCalculator:114 [pool-8-thread-1] - ---- Start of task processed event (# tasks: 0 in executor VM-125)----
----- End of taks processed event ----

 INFO 07-15 18:06:46,753 CpuBottleneckDetectorImpl:63 [pool-8-thread-1] - Current cpu load: 0.01, # processed events: 0, consecutive: 0/2, threshold: 0.9 in VM-125
 INFO 07-15 18:06:47,753 SystemLoadProfiler:50 [pool-8-thread-1] - Average CPU Load: 0.01 in VM-125
 INFO 07-15 18:06:47,753 TaskEventRateCalculator:114 [pool-8-thread-1] - ---- Start of task processed event (# tasks: 0 in executor VM-125)----
----- End of taks processed event ----

 INFO 07-15 18:06:47,753 CpuBottleneckDetectorImpl:63 [pool-8-thread-1] - Current cpu load: 0.01, # processed events: 0, consecutive: 0/2, threshold: 0.9 in VM-125
 INFO 07-15 18:06:48,753 SystemLoadProfiler:50 [pool-8-thread-1] - Average CPU Load: 0.01 in VM-125
 INFO 07-15 18:06:48,753 TaskEventRateCalculator:114 [pool-8-thread-1] - ---- Start of task processed event (# tasks: 0 in executor VM-125)----
----- End of taks processed event ----

 INFO 07-15 18:06:48,753 CpuBottleneckDetectorImpl:63 [pool-8-thread-1] - Current cpu load: 0.01, # processed events: 0, consecutive: 0/2, threshold: 0.9 in VM-125
 INFO 07-15 18:06:49,753 SystemLoadProfiler:50 [pool-8-thread-1] - Average CPU Load: 0.01 in VM-125
 INFO 07-15 18:06:49,753 TaskEventRateCalculator:114 [pool-8-thread-1] - ---- Start of task processed event (# tasks: 0 in executor VM-125)----
----- End of taks processed event ----

 INFO 07-15 18:06:49,753 CpuBottleneckDetectorImpl:63 [pool-8-thread-1] - Current cpu load: 0.01, # processed events: 0, consecutive: 0/2, threshold: 0.9 in VM-125
 INFO 07-15 18:06:50,753 SystemLoadProfiler:50 [pool-8-thread-1] - Average CPU Load: 0.01 in VM-125
 INFO 07-15 18:06:50,753 TaskEventRateCalculator:114 [pool-8-thread-1] - ---- Start of task processed event (# tasks: 0 in executor VM-125)----
----- End of taks processed event ----

 INFO 07-15 18:06:50,753 CpuBottleneckDetectorImpl:63 [pool-8-thread-1] - Current cpu load: 0.01, # processed events: 0, consecutive: 0/2, threshold: 0.9 in VM-125
 INFO 07-15 18:06:51,753 SystemLoadProfiler:50 [pool-8-thread-1] - Average CPU Load: 0.01 in VM-125
 INFO 07-15 18:06:51,753 TaskEventRateCalculator:114 [pool-8-thread-1] - ---- Start of task processed event (# tasks: 0 in executor VM-125)----
----- End of taks processed event ----

 INFO 07-15 18:06:51,753 CpuBottleneckDetectorImpl:63 [pool-8-thread-1] - Current cpu load: 0.01, # processed events: 0, consecutive: 0/2, threshold: 0.9 in VM-125
 INFO 07-15 18:06:52,753 SystemLoadProfiler:50 [pool-8-thread-1] - Average CPU Load: 0.01 in VM-125
 INFO 07-15 18:06:52,753 TaskEventRateCalculator:114 [pool-8-thread-1] - ---- Start of task processed event (# tasks: 0 in executor VM-125)----
----- End of taks processed event ----

 INFO 07-15 18:06:52,753 CpuBottleneckDetectorImpl:63 [pool-8-thread-1] - Current cpu load: 0.01, # processed events: 0, consecutive: 0/2, threshold: 0.9 in VM-125
 INFO 07-15 18:06:53,753 SystemLoadProfiler:50 [pool-8-thread-1] - Average CPU Load: 0.01 in VM-125
 INFO 07-15 18:06:53,753 TaskEventRateCalculator:114 [pool-8-thread-1] - ---- Start of task processed event (# tasks: 0 in executor VM-125)----
----- End of taks processed event ----

 INFO 07-15 18:06:53,753 CpuBottleneckDetectorImpl:63 [pool-8-thread-1] - Current cpu load: 0.01, # processed events: 0, consecutive: 0/2, threshold: 0.9 in VM-125
 INFO 07-15 18:06:54,753 SystemLoadProfiler:50 [pool-8-thread-1] - Average CPU Load: 0.01 in VM-125
 INFO 07-15 18:06:54,753 TaskEventRateCalculator:114 [pool-8-thread-1] - ---- Start of task processed event (# tasks: 0 in executor VM-125)----
----- End of taks processed event ----

 INFO 07-15 18:06:54,753 CpuBottleneckDetectorImpl:63 [pool-8-thread-1] - Current cpu load: 0.01, # processed events: 0, consecutive: 0/2, threshold: 0.9 in VM-125
 INFO 07-15 18:06:55,753 SystemLoadProfiler:50 [pool-8-thread-1] - Average CPU Load: 0.01 in VM-125
 INFO 07-15 18:06:55,753 TaskEventRateCalculator:114 [pool-8-thread-1] - ---- Start of task processed event (# tasks: 0 in executor VM-125)----
----- End of taks processed event ----

 INFO 07-15 18:06:55,753 CpuBottleneckDetectorImpl:63 [pool-8-thread-1] - Current cpu load: 0.01, # processed events: 0, consecutive: 0/2, threshold: 0.9 in VM-125
 INFO 07-15 18:06:56,753 SystemLoadProfiler:50 [pool-8-thread-1] - Average CPU Load: 0.01 in VM-125
 INFO 07-15 18:06:56,753 TaskEventRateCalculator:114 [pool-8-thread-1] - ---- Start of task processed event (# tasks: 0 in executor VM-125)----
----- End of taks processed event ----

 INFO 07-15 18:06:56,753 CpuBottleneckDetectorImpl:63 [pool-8-thread-1] - Current cpu load: 0.01, # processed events: 0, consecutive: 0/2, threshold: 0.9 in VM-125
 INFO 07-15 18:06:57,753 SystemLoadProfiler:50 [pool-8-thread-1] - Average CPU Load: 0.01 in VM-125
 INFO 07-15 18:06:57,753 TaskEventRateCalculator:114 [pool-8-thread-1] - ---- Start of task processed event (# tasks: 0 in executor VM-125)----
----- End of taks processed event ----

 INFO 07-15 18:06:57,753 CpuBottleneckDetectorImpl:63 [pool-8-thread-1] - Current cpu load: 0.01, # processed events: 0, consecutive: 0/2, threshold: 0.9 in VM-125
 INFO 07-15 18:06:58,753 SystemLoadProfiler:50 [pool-8-thread-1] - Average CPU Load: 0.01 in VM-125
 INFO 07-15 18:06:58,753 TaskEventRateCalculator:114 [pool-8-thread-1] - ---- Start of task processed event (# tasks: 0 in executor VM-125)----
----- End of taks processed event ----

 INFO 07-15 18:06:58,753 CpuBottleneckDetectorImpl:63 [pool-8-thread-1] - Current cpu load: 0.01, # processed events: 0, consecutive: 0/2, threshold: 0.9 in VM-125
 INFO 07-15 18:06:59,753 SystemLoadProfiler:50 [pool-8-thread-1] - Average CPU Load: 0.01 in VM-125
 INFO 07-15 18:06:59,753 TaskEventRateCalculator:114 [pool-8-thread-1] - ---- Start of task processed event (# tasks: 0 in executor VM-125)----
----- End of taks processed event ----

 INFO 07-15 18:06:59,753 CpuBottleneckDetectorImpl:63 [pool-8-thread-1] - Current cpu load: 0.01, # processed events: 0, consecutive: 0/2, threshold: 0.9 in VM-125
 INFO 07-15 18:07:00,753 SystemLoadProfiler:50 [pool-8-thread-1] - Average CPU Load: 0.01 in VM-125
 INFO 07-15 18:07:00,753 TaskEventRateCalculator:114 [pool-8-thread-1] - ---- Start of task processed event (# tasks: 0 in executor VM-125)----
----- End of taks processed event ----

 INFO 07-15 18:07:00,753 CpuBottleneckDetectorImpl:63 [pool-8-thread-1] - Current cpu load: 0.01, # processed events: 0, consecutive: 0/2, threshold: 0.9 in VM-125
 INFO 07-15 18:07:01,753 SystemLoadProfiler:50 [pool-8-thread-1] - Average CPU Load: 0.01 in VM-125
 INFO 07-15 18:07:01,753 TaskEventRateCalculator:114 [pool-8-thread-1] - ---- Start of task processed event (# tasks: 0 in executor VM-125)----
----- End of taks processed event ----

 INFO 07-15 18:07:01,753 CpuBottleneckDetectorImpl:63 [pool-8-thread-1] - Current cpu load: 0.01, # processed events: 0, consecutive: 0/2, threshold: 0.9 in VM-125
 INFO 07-15 18:07:02,753 SystemLoadProfiler:50 [pool-8-thread-1] - Average CPU Load: 0.01 in VM-125
 INFO 07-15 18:07:02,753 TaskEventRateCalculator:114 [pool-8-thread-1] - ---- Start of task processed event (# tasks: 0 in executor VM-125)----
----- End of taks processed event ----

 INFO 07-15 18:07:02,753 CpuBottleneckDetectorImpl:63 [pool-8-thread-1] - Current cpu load: 0.01, # processed events: 0, consecutive: 0/2, threshold: 0.9 in VM-125
 INFO 07-15 18:07:03,753 SystemLoadProfiler:50 [pool-8-thread-1] - Average CPU Load: 0.01 in VM-125
 INFO 07-15 18:07:03,753 TaskEventRateCalculator:114 [pool-8-thread-1] - ---- Start of task processed event (# tasks: 0 in executor VM-125)----
----- End of taks processed event ----

 INFO 07-15 18:07:03,753 CpuBottleneckDetectorImpl:63 [pool-8-thread-1] - Current cpu load: 0.01, # processed events: 0, consecutive: 0/2, threshold: 0.9 in VM-125
 INFO 07-15 18:07:04,753 SystemLoadProfiler:50 [pool-8-thread-1] - Average CPU Load: 0.01 in VM-125
 INFO 07-15 18:07:04,753 TaskEventRateCalculator:114 [pool-8-thread-1] - ---- Start of task processed event (# tasks: 0 in executor VM-125)----
----- End of taks processed event ----

 INFO 07-15 18:07:04,753 CpuBottleneckDetectorImpl:63 [pool-8-thread-1] - Current cpu load: 0.01, # processed events: 0, consecutive: 0/2, threshold: 0.9 in VM-125
 INFO 07-15 18:07:05,753 SystemLoadProfiler:50 [pool-8-thread-1] - Average CPU Load: 0.01 in VM-125
 INFO 07-15 18:07:05,753 TaskEventRateCalculator:114 [pool-8-thread-1] - ---- Start of task processed event (# tasks: 0 in executor VM-125)----
----- End of taks processed event ----

 INFO 07-15 18:07:05,753 CpuBottleneckDetectorImpl:63 [pool-8-thread-1] - Current cpu load: 0.01, # processed events: 0, consecutive: 0/2, threshold: 0.9 in VM-125
 INFO 07-15 18:07:06,753 SystemLoadProfiler:50 [pool-8-thread-1] - Average CPU Load: 0.01 in VM-125
 INFO 07-15 18:07:06,753 TaskEventRateCalculator:114 [pool-8-thread-1] - ---- Start of task processed event (# tasks: 0 in executor VM-125)----
----- End of taks processed event ----

 INFO 07-15 18:07:06,753 CpuBottleneckDetectorImpl:63 [pool-8-thread-1] - Current cpu load: 0.01, # processed events: 0, consecutive: 0/2, threshold: 0.9 in VM-125
 INFO 07-15 18:07:07,753 SystemLoadProfiler:50 [pool-8-thread-1] - Average CPU Load: 0.01 in VM-125
 INFO 07-15 18:07:07,753 TaskEventRateCalculator:114 [pool-8-thread-1] - ---- Start of task processed event (# tasks: 0 in executor VM-125)----
----- End of taks processed event ----

 INFO 07-15 18:07:07,753 CpuBottleneckDetectorImpl:63 [pool-8-thread-1] - Current cpu load: 0.01, # processed events: 0, consecutive: 0/2, threshold: 0.9 in VM-125
 INFO 07-15 18:07:08,753 SystemLoadProfiler:50 [pool-8-thread-1] - Average CPU Load: 0.01 in VM-125
 INFO 07-15 18:07:08,753 TaskEventRateCalculator:114 [pool-8-thread-1] - ---- Start of task processed event (# tasks: 0 in executor VM-125)----
----- End of taks processed event ----

 INFO 07-15 18:07:08,753 CpuBottleneckDetectorImpl:63 [pool-8-thread-1] - Current cpu load: 0.01, # processed events: 0, consecutive: 0/2, threshold: 0.9 in VM-125
 INFO 07-15 18:07:09,753 SystemLoadProfiler:50 [pool-8-thread-1] - Average CPU Load: 0.01 in VM-125
 INFO 07-15 18:07:09,753 TaskEventRateCalculator:114 [pool-8-thread-1] - ---- Start of task processed event (# tasks: 0 in executor VM-125)----
----- End of taks processed event ----

 INFO 07-15 18:07:09,753 CpuBottleneckDetectorImpl:63 [pool-8-thread-1] - Current cpu load: 0.01, # processed events: 0, consecutive: 0/2, threshold: 0.9 in VM-125
 INFO 07-15 18:07:10,753 SystemLoadProfiler:50 [pool-8-thread-1] - Average CPU Load: 0.01 in VM-125
 INFO 07-15 18:07:10,753 TaskEventRateCalculator:114 [pool-8-thread-1] - ---- Start of task processed event (# tasks: 0 in executor VM-125)----
----- End of taks processed event ----

 INFO 07-15 18:07:10,753 CpuBottleneckDetectorImpl:63 [pool-8-thread-1] - Current cpu load: 0.01, # processed events: 0, consecutive: 0/2, threshold: 0.9 in VM-125
 INFO 07-15 18:07:11,753 SystemLoadProfiler:50 [pool-8-thread-1] - Average CPU Load: 0.01 in VM-125
 INFO 07-15 18:07:11,753 TaskEventRateCalculator:114 [pool-8-thread-1] - ---- Start of task processed event (# tasks: 0 in executor VM-125)----
----- End of taks processed event ----

 INFO 07-15 18:07:11,753 CpuBottleneckDetectorImpl:63 [pool-8-thread-1] - Current cpu load: 0.01, # processed events: 0, consecutive: 0/2, threshold: 0.9 in VM-125
 INFO 07-15 18:07:12,753 SystemLoadProfiler:50 [pool-8-thread-1] - Average CPU Load: 0.01 in VM-125
 INFO 07-15 18:07:12,753 TaskEventRateCalculator:114 [pool-8-thread-1] - ---- Start of task processed event (# tasks: 0 in executor VM-125)----
----- End of taks processed event ----

 INFO 07-15 18:07:12,753 CpuBottleneckDetectorImpl:63 [pool-8-thread-1] - Current cpu load: 0.01, # processed events: 0, consecutive: 0/2, threshold: 0.9 in VM-125
 INFO 07-15 18:07:13,753 SystemLoadProfiler:50 [pool-8-thread-1] - Average CPU Load: 0.01 in VM-125
 INFO 07-15 18:07:13,753 TaskEventRateCalculator:114 [pool-8-thread-1] - ---- Start of task processed event (# tasks: 0 in executor VM-125)----
----- End of taks processed event ----

 INFO 07-15 18:07:13,753 CpuBottleneckDetectorImpl:63 [pool-8-thread-1] - Current cpu load: 0.01, # processed events: 0, consecutive: 0/2, threshold: 0.9 in VM-125
 INFO 07-15 18:07:14,753 SystemLoadProfiler:50 [pool-8-thread-1] - Average CPU Load: 0.01 in VM-125
 INFO 07-15 18:07:14,753 TaskEventRateCalculator:114 [pool-8-thread-1] - ---- Start of task processed event (# tasks: 0 in executor VM-125)----
----- End of taks processed event ----

 INFO 07-15 18:07:14,753 CpuBottleneckDetectorImpl:63 [pool-8-thread-1] - Current cpu load: 0.01, # processed events: 0, consecutive: 0/2, threshold: 0.9 in VM-125
 INFO 07-15 18:07:15,753 SystemLoadProfiler:50 [pool-8-thread-1] - Average CPU Load: 0.01 in VM-125
 INFO 07-15 18:07:15,753 TaskEventRateCalculator:114 [pool-8-thread-1] - ---- Start of task processed event (# tasks: 0 in executor VM-125)----
----- End of taks processed event ----

 INFO 07-15 18:07:15,753 CpuBottleneckDetectorImpl:63 [pool-8-thread-1] - Current cpu load: 0.01, # processed events: 0, consecutive: 0/2, threshold: 0.9 in VM-125
 INFO 07-15 18:07:16,753 SystemLoadProfiler:50 [pool-8-thread-1] - Average CPU Load: 0.01 in VM-125
 INFO 07-15 18:07:16,753 TaskEventRateCalculator:114 [pool-8-thread-1] - ---- Start of task processed event (# tasks: 0 in executor VM-125)----
----- End of taks processed event ----

 INFO 07-15 18:07:16,753 CpuBottleneckDetectorImpl:63 [pool-8-thread-1] - Current cpu load: 0.01, # processed events: 0, consecutive: 0/2, threshold: 0.9 in VM-125
 INFO 07-15 18:07:17,753 SystemLoadProfiler:50 [pool-8-thread-1] - Average CPU Load: 0.01 in VM-125
 INFO 07-15 18:07:17,753 TaskEventRateCalculator:114 [pool-8-thread-1] - ---- Start of task processed event (# tasks: 0 in executor VM-125)----
----- End of taks processed event ----

 INFO 07-15 18:07:17,753 CpuBottleneckDetectorImpl:63 [pool-8-thread-1] - Current cpu load: 0.01, # processed events: 0, consecutive: 0/2, threshold: 0.9 in VM-125
 INFO 07-15 18:07:18,753 SystemLoadProfiler:50 [pool-8-thread-1] - Average CPU Load: 0.01 in VM-125
 INFO 07-15 18:07:18,753 TaskEventRateCalculator:114 [pool-8-thread-1] - ---- Start of task processed event (# tasks: 0 in executor VM-125)----
----- End of taks processed event ----

 INFO 07-15 18:07:18,753 CpuBottleneckDetectorImpl:63 [pool-8-thread-1] - Current cpu load: 0.01, # processed events: 0, consecutive: 0/2, threshold: 0.9 in VM-125
 INFO 07-15 18:07:19,753 SystemLoadProfiler:50 [pool-8-thread-1] - Average CPU Load: 0.01 in VM-125
 INFO 07-15 18:07:19,753 TaskEventRateCalculator:114 [pool-8-thread-1] - ---- Start of task processed event (# tasks: 0 in executor VM-125)----
----- End of taks processed event ----

 INFO 07-15 18:07:19,753 CpuBottleneckDetectorImpl:63 [pool-8-thread-1] - Current cpu load: 0.01, # processed events: 0, consecutive: 0/2, threshold: 0.9 in VM-125
 INFO 07-15 18:07:20,753 SystemLoadProfiler:50 [pool-8-thread-1] - Average CPU Load: 0.01 in VM-125
 INFO 07-15 18:07:20,753 TaskEventRateCalculator:114 [pool-8-thread-1] - ---- Start of task processed event (# tasks: 0 in executor VM-125)----
----- End of taks processed event ----

 INFO 07-15 18:07:20,753 CpuBottleneckDetectorImpl:63 [pool-8-thread-1] - Current cpu load: 0.01, # processed events: 0, consecutive: 0/2, threshold: 0.9 in VM-125
 INFO 07-15 18:07:21,753 SystemLoadProfiler:50 [pool-8-thread-1] - Average CPU Load: 0.01 in VM-125
 INFO 07-15 18:07:21,753 TaskEventRateCalculator:114 [pool-8-thread-1] - ---- Start of task processed event (# tasks: 0 in executor VM-125)----
----- End of taks processed event ----

 INFO 07-15 18:07:21,753 CpuBottleneckDetectorImpl:63 [pool-8-thread-1] - Current cpu load: 0.01, # processed events: 0, consecutive: 0/2, threshold: 0.9 in VM-125
 INFO 07-15 18:07:22,753 SystemLoadProfiler:50 [pool-8-thread-1] - Average CPU Load: 0.01 in VM-125
 INFO 07-15 18:07:22,753 TaskEventRateCalculator:114 [pool-8-thread-1] - ---- Start of task processed event (# tasks: 0 in executor VM-125)----
----- End of taks processed event ----

 INFO 07-15 18:07:22,753 CpuBottleneckDetectorImpl:63 [pool-8-thread-1] - Current cpu load: 0.01, # processed events: 0, consecutive: 0/2, threshold: 0.9 in VM-125
 INFO 07-15 18:07:23,753 SystemLoadProfiler:50 [pool-8-thread-1] - Average CPU Load: 0.01 in VM-125
 INFO 07-15 18:07:23,753 TaskEventRateCalculator:114 [pool-8-thread-1] - ---- Start of task processed event (# tasks: 0 in executor VM-125)----
----- End of taks processed event ----

 INFO 07-15 18:07:23,753 CpuBottleneckDetectorImpl:63 [pool-8-thread-1] - Current cpu load: 0.01, # processed events: 0, consecutive: 0/2, threshold: 0.9 in VM-125
 INFO 07-15 18:07:24,753 SystemLoadProfiler:50 [pool-8-thread-1] - Average CPU Load: 0.01 in VM-125
 INFO 07-15 18:07:24,753 TaskEventRateCalculator:114 [pool-8-thread-1] - ---- Start of task processed event (# tasks: 0 in executor VM-125)----
----- End of taks processed event ----

 INFO 07-15 18:07:24,753 CpuBottleneckDetectorImpl:63 [pool-8-thread-1] - Current cpu load: 0.01, # processed events: 0, consecutive: 0/2, threshold: 0.9 in VM-125
 INFO 07-15 18:07:25,753 SystemLoadProfiler:50 [pool-8-thread-1] - Average CPU Load: 0.01 in VM-125
 INFO 07-15 18:07:25,753 TaskEventRateCalculator:114 [pool-8-thread-1] - ---- Start of task processed event (# tasks: 0 in executor VM-125)----
----- End of taks processed event ----

 INFO 07-15 18:07:25,753 CpuBottleneckDetectorImpl:63 [pool-8-thread-1] - Current cpu load: 0.01, # processed events: 0, consecutive: 0/2, threshold: 0.9 in VM-125
 INFO 07-15 18:07:26,753 SystemLoadProfiler:50 [pool-8-thread-1] - Average CPU Load: 0.01 in VM-125
 INFO 07-15 18:07:26,753 TaskEventRateCalculator:114 [pool-8-thread-1] - ---- Start of task processed event (# tasks: 0 in executor VM-125)----
----- End of taks processed event ----

 INFO 07-15 18:07:26,753 CpuBottleneckDetectorImpl:63 [pool-8-thread-1] - Current cpu load: 0.01, # processed events: 0, consecutive: 0/2, threshold: 0.9 in VM-125
 INFO 07-15 18:07:27,753 SystemLoadProfiler:50 [pool-8-thread-1] - Average CPU Load: 0.01 in VM-125
 INFO 07-15 18:07:27,753 TaskEventRateCalculator:114 [pool-8-thread-1] - ---- Start of task processed event (# tasks: 0 in executor VM-125)----
----- End of taks processed event ----

 INFO 07-15 18:07:27,753 CpuBottleneckDetectorImpl:63 [pool-8-thread-1] - Current cpu load: 0.01, # processed events: 0, consecutive: 0/2, threshold: 0.9 in VM-125
 INFO 07-15 18:07:28,753 SystemLoadProfiler:50 [pool-8-thread-1] - Average CPU Load: 0.01 in VM-125
 INFO 07-15 18:07:28,753 TaskEventRateCalculator:114 [pool-8-thread-1] - ---- Start of task processed event (# tasks: 0 in executor VM-125)----
----- End of taks processed event ----

 INFO 07-15 18:07:28,753 CpuBottleneckDetectorImpl:63 [pool-8-thread-1] - Current cpu load: 0.01, # processed events: 0, consecutive: 0/2, threshold: 0.9 in VM-125
 INFO 07-15 18:07:29,753 SystemLoadProfiler:50 [pool-8-thread-1] - Average CPU Load: 0.01 in VM-125
 INFO 07-15 18:07:29,753 TaskEventRateCalculator:114 [pool-8-thread-1] - ---- Start of task processed event (# tasks: 0 in executor VM-125)----
----- End of taks processed event ----

 INFO 07-15 18:07:29,753 CpuBottleneckDetectorImpl:63 [pool-8-thread-1] - Current cpu load: 0.01, # processed events: 0, consecutive: 0/2, threshold: 0.9 in VM-125
 INFO 07-15 18:07:30,753 SystemLoadProfiler:50 [pool-8-thread-1] - Average CPU Load: 0.01 in VM-125
 INFO 07-15 18:07:30,753 TaskEventRateCalculator:114 [pool-8-thread-1] - ---- Start of task processed event (# tasks: 0 in executor VM-125)----
----- End of taks processed event ----

 INFO 07-15 18:07:30,753 CpuBottleneckDetectorImpl:63 [pool-8-thread-1] - Current cpu load: 0.01, # processed events: 0, consecutive: 0/2, threshold: 0.9 in VM-125
 INFO 07-15 18:07:31,753 SystemLoadProfiler:50 [pool-8-thread-1] - Average CPU Load: 0.01 in VM-125
 INFO 07-15 18:07:31,753 TaskEventRateCalculator:114 [pool-8-thread-1] - ---- Start of task processed event (# tasks: 0 in executor VM-125)----
----- End of taks processed event ----

 INFO 07-15 18:07:31,753 CpuBottleneckDetectorImpl:63 [pool-8-thread-1] - Current cpu load: 0.01, # processed events: 0, consecutive: 0/2, threshold: 0.9 in VM-125
 INFO 07-15 18:07:32,753 SystemLoadProfiler:50 [pool-8-thread-1] - Average CPU Load: 0.01 in VM-125
 INFO 07-15 18:07:32,753 TaskEventRateCalculator:114 [pool-8-thread-1] - ---- Start of task processed event (# tasks: 0 in executor VM-125)----
----- End of taks processed event ----

 INFO 07-15 18:07:32,753 CpuBottleneckDetectorImpl:63 [pool-8-thread-1] - Current cpu load: 0.01, # processed events: 0, consecutive: 0/2, threshold: 0.9 in VM-125
 INFO 07-15 18:07:33,753 SystemLoadProfiler:50 [pool-8-thread-1] - Average CPU Load: 0.01 in VM-125
 INFO 07-15 18:07:33,753 TaskEventRateCalculator:114 [pool-8-thread-1] - ---- Start of task processed event (# tasks: 0 in executor VM-125)----
----- End of taks processed event ----

 INFO 07-15 18:07:33,753 CpuBottleneckDetectorImpl:63 [pool-8-thread-1] - Current cpu load: 0.01, # processed events: 0, consecutive: 0/2, threshold: 0.9 in VM-125
 INFO 07-15 18:07:34,753 SystemLoadProfiler:50 [pool-8-thread-1] - Average CPU Load: 0.01 in VM-125
 INFO 07-15 18:07:34,753 TaskEventRateCalculator:114 [pool-8-thread-1] - ---- Start of task processed event (# tasks: 0 in executor VM-125)----
----- End of taks processed event ----

 INFO 07-15 18:07:34,753 CpuBottleneckDetectorImpl:63 [pool-8-thread-1] - Current cpu load: 0.01, # processed events: 0, consecutive: 0/2, threshold: 0.9 in VM-125
 INFO 07-15 18:07:35,753 SystemLoadProfiler:50 [pool-8-thread-1] - Average CPU Load: 0.01 in VM-125
 INFO 07-15 18:07:35,753 TaskEventRateCalculator:114 [pool-8-thread-1] - ---- Start of task processed event (# tasks: 0 in executor VM-125)----
----- End of taks processed event ----

 INFO 07-15 18:07:35,753 CpuBottleneckDetectorImpl:63 [pool-8-thread-1] - Current cpu load: 0.01, # processed events: 0, consecutive: 0/2, threshold: 0.9 in VM-125
 INFO 07-15 18:07:36,753 SystemLoadProfiler:50 [pool-8-thread-1] - Average CPU Load: 0.01 in VM-125
 INFO 07-15 18:07:36,753 TaskEventRateCalculator:114 [pool-8-thread-1] - ---- Start of task processed event (# tasks: 0 in executor VM-125)----
----- End of taks processed event ----

 INFO 07-15 18:07:36,753 CpuBottleneckDetectorImpl:63 [pool-8-thread-1] - Current cpu load: 0.01, # processed events: 0, consecutive: 0/2, threshold: 0.9 in VM-125
 INFO 07-15 18:07:37,753 SystemLoadProfiler:50 [pool-8-thread-1] - Average CPU Load: 0.01 in VM-125
 INFO 07-15 18:07:37,753 TaskEventRateCalculator:114 [pool-8-thread-1] - ---- Start of task processed event (# tasks: 0 in executor VM-125)----
----- End of taks processed event ----

 INFO 07-15 18:07:37,753 CpuBottleneckDetectorImpl:63 [pool-8-thread-1] - Current cpu load: 0.01, # processed events: 0, consecutive: 0/2, threshold: 0.9 in VM-125
 INFO 07-15 18:07:38,753 SystemLoadProfiler:50 [pool-8-thread-1] - Average CPU Load: 0.01 in VM-125
 INFO 07-15 18:07:38,753 TaskEventRateCalculator:114 [pool-8-thread-1] - ---- Start of task processed event (# tasks: 0 in executor VM-125)----
----- End of taks processed event ----

 INFO 07-15 18:07:38,753 CpuBottleneckDetectorImpl:63 [pool-8-thread-1] - Current cpu load: 0.01, # processed events: 0, consecutive: 0/2, threshold: 0.9 in VM-125
 INFO 07-15 18:07:39,753 SystemLoadProfiler:50 [pool-8-thread-1] - Average CPU Load: 0.01 in VM-125
 INFO 07-15 18:07:39,753 TaskEventRateCalculator:114 [pool-8-thread-1] - ---- Start of task processed event (# tasks: 0 in executor VM-125)----
----- End of taks processed event ----

 INFO 07-15 18:07:39,753 CpuBottleneckDetectorImpl:63 [pool-8-thread-1] - Current cpu load: 0.01, # processed events: 0, consecutive: 0/2, threshold: 0.9 in VM-125
 INFO 07-15 18:07:40,753 SystemLoadProfiler:50 [pool-8-thread-1] - Average CPU Load: 0.01 in VM-125
 INFO 07-15 18:07:40,753 TaskEventRateCalculator:114 [pool-8-thread-1] - ---- Start of task processed event (# tasks: 0 in executor VM-125)----
----- End of taks processed event ----

 INFO 07-15 18:07:40,753 CpuBottleneckDetectorImpl:63 [pool-8-thread-1] - Current cpu load: 0.01, # processed events: 0, consecutive: 0/2, threshold: 0.9 in VM-125
 INFO 07-15 18:07:41,753 SystemLoadProfiler:50 [pool-8-thread-1] - Average CPU Load: 0.0 in VM-125
 INFO 07-15 18:07:41,753 TaskEventRateCalculator:114 [pool-8-thread-1] - ---- Start of task processed event (# tasks: 0 in executor VM-125)----
----- End of taks processed event ----

 INFO 07-15 18:07:41,753 CpuBottleneckDetectorImpl:63 [pool-8-thread-1] - Current cpu load: 0.0, # processed events: 0, consecutive: 0/2, threshold: 0.9 in VM-125
 INFO 07-15 18:07:42,753 SystemLoadProfiler:50 [pool-8-thread-1] - Average CPU Load: 0.0 in VM-125
 INFO 07-15 18:07:42,753 TaskEventRateCalculator:114 [pool-8-thread-1] - ---- Start of task processed event (# tasks: 0 in executor VM-125)----
----- End of taks processed event ----

 INFO 07-15 18:07:42,753 CpuBottleneckDetectorImpl:63 [pool-8-thread-1] - Current cpu load: 0.0, # processed events: 0, consecutive: 0/2, threshold: 0.9 in VM-125
 INFO 07-15 18:07:43,753 SystemLoadProfiler:50 [pool-8-thread-1] - Average CPU Load: 0.0 in VM-125
 INFO 07-15 18:07:43,753 TaskEventRateCalculator:114 [pool-8-thread-1] - ---- Start of task processed event (# tasks: 0 in executor VM-125)----
----- End of taks processed event ----

 INFO 07-15 18:07:43,753 CpuBottleneckDetectorImpl:63 [pool-8-thread-1] - Current cpu load: 0.0, # processed events: 0, consecutive: 0/2, threshold: 0.9 in VM-125
 INFO 07-15 18:07:44,753 SystemLoadProfiler:50 [pool-8-thread-1] - Average CPU Load: 0.0 in VM-125
 INFO 07-15 18:07:44,753 TaskEventRateCalculator:114 [pool-8-thread-1] - ---- Start of task processed event (# tasks: 0 in executor VM-125)----
----- End of taks processed event ----

 INFO 07-15 18:07:44,753 CpuBottleneckDetectorImpl:63 [pool-8-thread-1] - Current cpu load: 0.0, # processed events: 0, consecutive: 0/2, threshold: 0.9 in VM-125
 INFO 07-15 18:07:45,753 SystemLoadProfiler:50 [pool-8-thread-1] - Average CPU Load: 0.0 in VM-125
 INFO 07-15 18:07:45,753 TaskEventRateCalculator:114 [pool-8-thread-1] - ---- Start of task processed event (# tasks: 0 in executor VM-125)----
----- End of taks processed event ----

 INFO 07-15 18:07:45,753 CpuBottleneckDetectorImpl:63 [pool-8-thread-1] - Current cpu load: 0.0, # processed events: 0, consecutive: 0/2, threshold: 0.9 in VM-125
 INFO 07-15 18:07:46,753 SystemLoadProfiler:50 [pool-8-thread-1] - Average CPU Load: 0.0 in VM-125
 INFO 07-15 18:07:46,753 TaskEventRateCalculator:114 [pool-8-thread-1] - ---- Start of task processed event (# tasks: 0 in executor VM-125)----
----- End of taks processed event ----

 INFO 07-15 18:07:46,753 CpuBottleneckDetectorImpl:63 [pool-8-thread-1] - Current cpu load: 0.0, # processed events: 0, consecutive: 0/2, threshold: 0.9 in VM-125
 INFO 07-15 18:07:47,753 SystemLoadProfiler:50 [pool-8-thread-1] - Average CPU Load: 0.0 in VM-125
 INFO 07-15 18:07:47,753 TaskEventRateCalculator:114 [pool-8-thread-1] - ---- Start of task processed event (# tasks: 0 in executor VM-125)----
----- End of taks processed event ----

 INFO 07-15 18:07:47,753 CpuBottleneckDetectorImpl:63 [pool-8-thread-1] - Current cpu load: 0.0, # processed events: 0, consecutive: 0/2, threshold: 0.9 in VM-125
 INFO 07-15 18:07:48,753 SystemLoadProfiler:50 [pool-8-thread-1] - Average CPU Load: 0.0 in VM-125
 INFO 07-15 18:07:48,753 TaskEventRateCalculator:114 [pool-8-thread-1] - ---- Start of task processed event (# tasks: 0 in executor VM-125)----
----- End of taks processed event ----

 INFO 07-15 18:07:48,753 CpuBottleneckDetectorImpl:63 [pool-8-thread-1] - Current cpu load: 0.0, # processed events: 0, consecutive: 0/2, threshold: 0.9 in VM-125
 INFO 07-15 18:07:49,753 SystemLoadProfiler:50 [pool-8-thread-1] - Average CPU Load: 0.0 in VM-125
 INFO 07-15 18:07:49,753 TaskEventRateCalculator:114 [pool-8-thread-1] - ---- Start of task processed event (# tasks: 0 in executor VM-125)----
----- End of taks processed event ----

 INFO 07-15 18:07:49,753 CpuBottleneckDetectorImpl:63 [pool-8-thread-1] - Current cpu load: 0.0, # processed events: 0, consecutive: 0/2, threshold: 0.9 in VM-125
 INFO 07-15 18:07:50,753 SystemLoadProfiler:50 [pool-8-thread-1] - Average CPU Load: 0.0 in VM-125
 INFO 07-15 18:07:50,753 TaskEventRateCalculator:114 [pool-8-thread-1] - ---- Start of task processed event (# tasks: 0 in executor VM-125)----
----- End of taks processed event ----

 INFO 07-15 18:07:50,753 CpuBottleneckDetectorImpl:63 [pool-8-thread-1] - Current cpu load: 0.0, # processed events: 0, consecutive: 0/2, threshold: 0.9 in VM-125
 INFO 07-15 18:07:51,753 SystemLoadProfiler:50 [pool-8-thread-1] - Average CPU Load: 0.0 in VM-125
 INFO 07-15 18:07:51,753 TaskEventRateCalculator:114 [pool-8-thread-1] - ---- Start of task processed event (# tasks: 0 in executor VM-125)----
----- End of taks processed event ----

 INFO 07-15 18:07:51,753 CpuBottleneckDetectorImpl:63 [pool-8-thread-1] - Current cpu load: 0.0, # processed events: 0, consecutive: 0/2, threshold: 0.9 in VM-125
 INFO 07-15 18:07:52,753 SystemLoadProfiler:50 [pool-8-thread-1] - Average CPU Load: 0.0 in VM-125
 INFO 07-15 18:07:52,753 TaskEventRateCalculator:114 [pool-8-thread-1] - ---- Start of task processed event (# tasks: 0 in executor VM-125)----
----- End of taks processed event ----

 INFO 07-15 18:07:52,753 CpuBottleneckDetectorImpl:63 [pool-8-thread-1] - Current cpu load: 0.0, # processed events: 0, consecutive: 0/2, threshold: 0.9 in VM-125
 INFO 07-15 18:07:53,753 SystemLoadProfiler:50 [pool-8-thread-1] - Average CPU Load: 0.0 in VM-125
 INFO 07-15 18:07:53,753 TaskEventRateCalculator:114 [pool-8-thread-1] - ---- Start of task processed event (# tasks: 0 in executor VM-125)----
----- End of taks processed event ----

 INFO 07-15 18:07:53,753 CpuBottleneckDetectorImpl:63 [pool-8-thread-1] - Current cpu load: 0.0, # processed events: 0, consecutive: 0/2, threshold: 0.9 in VM-125
 INFO 07-15 18:07:54,753 SystemLoadProfiler:50 [pool-8-thread-1] - Average CPU Load: 0.0 in VM-125
 INFO 07-15 18:07:54,753 TaskEventRateCalculator:114 [pool-8-thread-1] - ---- Start of task processed event (# tasks: 0 in executor VM-125)----
----- End of taks processed event ----

 INFO 07-15 18:07:54,753 CpuBottleneckDetectorImpl:63 [pool-8-thread-1] - Current cpu load: 0.0, # processed events: 0, consecutive: 0/2, threshold: 0.9 in VM-125
 INFO 07-15 18:07:55,753 SystemLoadProfiler:50 [pool-8-thread-1] - Average CPU Load: 0.0 in VM-125
 INFO 07-15 18:07:55,753 TaskEventRateCalculator:114 [pool-8-thread-1] - ---- Start of task processed event (# tasks: 0 in executor VM-125)----
----- End of taks processed event ----

 INFO 07-15 18:07:55,753 CpuBottleneckDetectorImpl:63 [pool-8-thread-1] - Current cpu load: 0.0, # processed events: 0, consecutive: 0/2, threshold: 0.9 in VM-125
