timestamp,jobId,taskId,idleTimeNs,kafkaQueueTimeNs,kafkaQueueTimeAvgNs,kafkaQueueTimeMaxNs,kafkaQueueSamples,inputRate,recordsRead
1787944456865,unknown,Stage0-4-0,0,-1,-1,0,0,0.01,1
1787944456864,unknown,Stage0-0-0,0,-1,-1,0,0,0.01,1
1787944457859,unknown,Stage0-5-0,0,-1,-1,0,0,0.01,1
1787944457859,unknown,Stage0-1-0,0,-1,-1,0,0,0.01,1
1787944457864,unknown,Stage0-0-0,0,-1,80000000,147000000,2,2659.00,2660
1787944457864,unknown,Stage0-6-0,0,-1,-1,0,0,0.01,1
1787944457864,unknown,Stage0-2-0,0,-1,-1,0,0,0.01,1
1787944457865,unknown,Stage0-4-0,0,-1,217800000,323000000,25,25980.00,25981
1787944457869,unknown,Stage0-7-0,0,-1,-1,0,0,0.01,1
1787944457877,unknown,Stage0-3-0,0,-1,-1,0,0,0.01,1
1787944458859,unknown,Stage0-5-0,0,-1,92608695,141000000,23,23469.00,23470
1787944458859,unknown,Stage0-1-0,0,-1,45000000,45000000,1,1531.00,1532
1787944458864,unknown,Stage0-6-0,0,-1,90173913,136000000,23,23879.00,23880
1787944458864,unknown,Stage0-2-0,0,-1,34000000,34000000,1,1672.00,1673
1787944458865,unknown,Stage0-4-0,0,-1,90307692,150000000,26,25056.00,51037
1787944458869,unknown,Stage0-7-0,0,-1,90739130,136000000,23,23626.00,23627
1787944458877,unknown,Stage0-3-0,0,-1,24500000,38000000,2,2066.00,2067
1787944459835,unknown,Stage0-0-0,0,-1,29500000,39000000,2,981.23,4594
1787944459859,unknown,Stage0-5-0,0,-1,54043478,98000000,23,23469.00,46939
1787944459860,unknown,Stage0-1-0,0,-1,23000000,33000000,2,1529.47,3063
1787944459864,unknown,Stage0-2-0,0,-1,17000000,25000000,2,1539.00,3212
1787944459864,unknown,Stage0-6-0,0,-1,51375000,99000000,24,23381.00,47261
1787944459865,unknown,Stage0-4-0,0,-1,63434782,109000000,23,23832.00,74869
1787944459869,unknown,Stage0-7-0,0,-1,50416666,93000000,24,23405.00,47032
1787944459877,unknown,Stage0-3-0,0,-1,25000000,25000000,1,1608.00,3675
1787944460836,unknown,Stage0-0-0,0,-1,19000000,27000000,2,1529.47,6125
1787944460859,unknown,Stage0-5-0,0,-1,57750000,108000000,24,23469.00,70408
1787944460861,unknown,Stage0-1-0,0,-1,18000000,18000000,1,1529.47,4594
1787944460864,unknown,Stage0-2-0,0,-1,16000000,16000000,1,1435.00,4647
1787944460864,unknown,Stage0-6-0,0,-1,60956521,109000000,23,23450.00,70711
1787944460865,unknown,Stage0-4-0,0,-1,68166666,128000000,24,24007.00,98876
1787944460869,unknown,Stage0-7-0,0,-1,68434782,112000000,23,23376.00,70408
1787944460877,unknown,Stage0-3-0,0,-1,13500000,16000000,2,1373.00,5048
1787944461838,unknown,Stage0-0-0,0,-1,16000000,16000000,1,1527.94,7656
1787944461860,unknown,Stage0-5-0,0,-1,55826086,100000000,23,23445.55,93877
1787944461861,unknown,Stage0-1-0,0,-1,16000000,23000000,2,1531.00,6125
1787944461864,unknown,Stage0-2-0,0,-1,16000000,24000000,2,1527.00,6174
1787944461864,unknown,Stage0-6-0,0,-1,54541666,103000000,24,23298.00,94009
1787944461865,unknown,Stage0-4-0,0,-1,60041666,110000000,24,23285.00,122161
1787944461869,unknown,Stage0-7-0,0,-1,61869565,107000000,23,23469.00,93877
1787944461877,unknown,Stage0-3-0,0,-1,25000000,25000000,1,1582.00,6630
1787944462838,unknown,Stage0-0-0,0,-1,16000000,23000000,2,1583.00,9239
1787944462861,unknown,Stage0-5-0,0,-1,60125000,110000000,24,23445.55,117346
1787944462861,unknown,Stage0-1-0,0,-1,15000000,15000000,1,1531.00,7656
1787944462864,unknown,Stage0-6-0,0,-1,58869565,109000000,23,23423.00,117432
1787944462864,unknown,Stage0-2-0,0,-1,15000000,15000000,1,1506.00,7680
1787944462865,unknown,Stage0-4-0,0,-1,53391304,94000000,23,23028.00,145189
1787944462869,unknown,Stage0-7-0,0,-1,57750000,111000000,24,23469.00,117346
1787944462877,unknown,Stage0-3-0,0,-1,12500000,17000000,2,1524.00,8154
1787944463838,unknown,Stage0-0-0,0,-1,14000000,14000000,1,1507.00,10746
1787944463861,unknown,Stage0-5-0,0,-1,68434782,116000000,23,23469.00,140815
1787944463861,unknown,Stage0-1-0,0,-1,13500000,20000000,2,1531.00,9187
1787944463864,unknown,Stage0-2-0,0,-1,15000000,22000000,2,1518.00,9198
1787944463864,unknown,Stage0-6-0,0,-1,51695652,95000000,23,23430.00,140862
1787944463865,unknown,Stage0-4-0,0,-1,66916666,121000000,24,24087.00,169276
1787944463869,unknown,Stage0-7-0,0,-1,52826086,95000000,23,23469.00,140815
1787944463877,unknown,Stage0-3-0,0,-1,23000000,23000000,1,1527.00,9681
1787944464838,unknown,Stage0-0-0,0,-1,13500000,20000000,2,1503.00,12249
1787944464862,unknown,Stage0-5-0,0,-1,55666666,104000000,24,23445.55,164284
1787944464862,unknown,Stage0-1-0,0,-1,12000000,12000000,1,1529.47,10718
1787944464864,unknown,Stage0-6-0,0,-1,53291666,98000000,24,23467.00,164329
1787944464864,unknown,Stage0-2-0,0,-1,13000000,13000000,1,1520.00,10718
1787944464865,unknown,Stage0-4-0,0,-1,51913043,96000000,23,23463.00,192739
1787944464870,unknown,Stage0-7-0,0,-1,55916666,105000000,24,23445.55,164284
1787944464877,unknown,Stage0-3-0,0,-1,11000000,15000000,2,1502.00,11183
1787944465838,unknown,Stage0-0-0,0,-1,12000000,12000000,1,1531.00,13780
1787944465862,unknown,Stage0-5-0,0,-1,56391304,101000000,23,23469.00,187753
1787944465862,unknown,Stage0-1-0,0,-1,12500000,19000000,2,1531.00,12249
1787944465864,unknown,Stage0-6-0,0,-1,51000000,92000000,23,23424.00,187753
1787944465864,unknown,Stage0-2-0,0,-1,13500000,20000000,2,1531.00,12249
1787944465865,unknown,Stage0-4-0,0,-1,53043478,94000000,23,23254.00,215993
1787944465871,unknown,Stage0-7-0,0,-1,53652173,94000000,23,23445.55,187753
1787944465877,unknown,Stage0-3-0,0,-1,22000000,22000000,1,1502.00,12685
1787944466839,unknown,Stage0-0-0,0,-1,12500000,19000000,2,1529.47,15311
1787944466862,unknown,Stage0-5-0,0,-1,53875000,97000000,24,23469.00,211222
1787944466863,unknown,Stage0-1-0,0,-1,12000000,12000000,1,1529.47,13780
1787944466864,unknown,Stage0-6-0,0,-1,50833333,91000000,24,23469.00,211222
1787944466865,unknown,Stage0-4-0,0,-1,56291666,105000000,24,23483.00,239476
1787944466865,unknown,Stage0-2-0,0,-1,12000000,12000000,1,1529.47,13780
1787944466871,unknown,Stage0-7-0,0,-1,55958333,99000000,24,23469.00,211222
1787944466877,unknown,Stage0-3-0,0,-1,10000000,14000000,2,1504.00,14189
1787944467839,unknown,Stage0-0-0,0,-1,11000000,11000000,1,1531.00,16842
1787944467863,unknown,Stage0-5-0,0,-1,56608695,106000000,23,23445.55,234691
1787944467864,unknown,Stage0-1-0,0,-1,11500000,18000000,2,1529.47,15311
1787944467865,unknown,Stage0-4-0,0,-1,51652173,89000000,23,23505.00,262981
1787944467865,unknown,Stage0-6-0,0,-1,54565217,98000000,23,23445.55,234691
1787944467869,unknown,Stage0-2-0,0,-1,16000000,25000000,2,1524.90,15311
1787944467872,unknown,Stage0-7-0,0,-1,52608695,95000000,23,23445.55,234691
1787944467877,unknown,Stage0-3-0,0,-1,20000000,20000000,1,1506.00,15695
1787944468840,unknown,Stage0-0-0,0,-1,11000000,17000000,2,1529.47,18373
1787944468864,unknown,Stage0-5-0,0,-1,50083333,92000000,24,23445.55,258160
1787944468864,unknown,Stage0-1-0,0,-1,11000000,11000000,1,1531.00,16842
1787944468865,unknown,Stage0-4-0,0,-1,62916666,116000000,24,23204.00,286185
1787944468866,unknown,Stage0-6-0,0,-1,47708333,91000000,24,23445.55,258160
1787944468869,unknown,Stage0-2-0,0,-1,8500000,12000000,2,1733.00,17044
1787944468872,unknown,Stage0-7-0,0,-1,67125000,113000000,24,23469.00,258160
1787944468877,unknown,Stage0-3-0,0,-1,9500000,13000000,2,1449.00,17144
1787944469840,unknown,Stage0-0-0,0,-1,11000000,11000000,1,1531.00,19904
1787944469865,unknown,Stage0-4-0,0,-1,58782608,103000000,23,23430.00,309615
1787944469865,unknown,Stage0-1-0,0,-1,12000000,20000000,2,1529.47,18373
1787944469865,unknown,Stage0-5-0,0,-1,51173913,91000000,23,23445.55,281629
1787944469866,unknown,Stage0-6-0,0,-1,52391304,97000000,23,23469.00,281629
1787944469869,unknown,Stage0-2-0,0,-1,21000000,21000000,1,1487.00,18531
1787944469873,unknown,Stage0-7-0,0,-1,58043478,98000000,23,23445.55,281629
1787944469877,unknown,Stage0-3-0,0,-1,20000000,20000000,1,1473.00,18617
1787944470841,unknown,Stage0-0-0,0,-1,10500000,17000000,2,1529.47,21435
1787944470865,unknown,Stage0-5-0,0,-1,54041666,98000000,24,23502.00,305131
1787944470865,unknown,Stage0-4-0,0,-1,51333333,94000000,24,23452.00,333067
1787944470865,unknown,Stage0-1-0,0,-1,11000000,11000000,1,1531.00,19904
1787944470866,unknown,Stage0-6-0,0,-1,51291666,97000000,24,23469.00,305098
1787944470869,unknown,Stage0-2-0,0,-1,8000000,12000000,2,1511.00,20042
1787944470873,unknown,Stage0-7-0,0,-1,52750000,96000000,24,23469.00,305098
1787944470877,unknown,Stage0-3-0,0,-1,8500000,13000000,2,1508.00,20125
1787944471842,unknown,Stage0-0-0,0,-1,10000000,10000000,1,1529.47,22966
1787944471865,unknown,Stage0-4-0,0,-1,56608695,95000000,23,23344.00,356411
1787944471865,unknown,Stage0-5-0,0,-1,62565217,106000000,23,23436.00,328567
1787944471865,unknown,Stage0-1-0,0,-1,13000000,22000000,2,1531.00,21435
1787944471867,unknown,Stage0-6-0,0,-1,48956521,92000000,23,23445.55,328567
1787944471869,unknown,Stage0-2-0,0,-1,20000000,20000000,1,1482.00,21524
1787944471873,unknown,Stage0-7-0,0,-1,61000000,102000000,23,23469.00,328567
1787944471877,unknown,Stage0-3-0,0,-1,23000000,23000000,1,1505.00,21630
1787944472842,unknown,Stage0-0-0,0,-1,10000000,16000000,2,1531.00,24497
1787944472865,unknown,Stage0-4-0,0,-1,55347826,97000000,23,23254.00,379665
1787944472866,unknown,Stage0-5-0,0,-1,52541666,98000000,24,23445.55,352036
1787944472866,unknown,Stage0-1-0,0,-1,9000000,9000000,1,1529.47,22966
1787944472868,unknown,Stage0-6-0,0,-1,50916666,99000000,24,23445.55,352036
1787944472869,unknown,Stage0-2-0,0,-1,11000000,11000000,1,1456.00,22980
1787944472875,unknown,Stage0-7-0,0,-1,53958333,97000000,24,23422.16,352036
1787944472877,unknown,Stage0-3-0,0,-1,8500000,14000000,2,1501.00,23131
1787944473844,unknown,Stage0-0-0,0,-1,15000000,21000000,2,1527.94,26028
1787944473865,unknown,Stage0-4-0,0,-1,55869565,103000000,23,22828.00,402493
1787944473867,unknown,Stage0-5-0,0,-1,51782608,95000000,23,23445.55,375505
1787944473867,unknown,Stage0-1-0,0,-1,9500000,17000000,2,1529.47,24497
1787944473868,unknown,Stage0-6-0,0,-1,58956521,102000000,23,23469.00,375505
1787944473869,unknown,Stage0-2-0,0,-1,12000000,21000000,2,1521.00,24501
1787944473875,unknown,Stage0-7-0,0,-1,56478260,95000000,23,23474.00,375510
1787944473877,unknown,Stage0-3-0,0,-1,22000000,22000000,1,1514.00,24645
1787944474844,unknown,Stage0-0-0,0,-1,18000000,18000000,1,1531.00,27559
1787944474865,unknown,Stage0-4-0,0,-1,53000000,98000000,24,24058.00,426551
1787944474867,unknown,Stage0-5-0,0,-1,60304347,110000000,23,23469.00,398974
1787944474867,unknown,Stage0-1-0,0,-1,19000000,27000000,2,1531.00,26028
1787944474868,unknown,Stage0-6-0,0,-1,49086956,88000000,23,23469.00,398974
1787944474869,unknown,Stage0-2-0,0,-1,19000000,28000000,2,1527.00,26028
1787944474875,unknown,Stage0-7-0,0,-1,50000000,92000000,23,23465.00,398975
1787944474877,unknown,Stage0-3-0,0,-1,20500000,29000000,2,1504.00,26149
1787944475845,unknown,Stage0-0-0,0,-1,13000000,19000000,2,1529.47,29090
1787944475865,unknown,Stage0-4-0,0,-1,49434782,93000000,23,23361.00,449912
1787944475867,unknown,Stage0-5-0,0,-1,49833333,92000000,24,23469.00,422443
1787944475868,unknown,Stage0-1-0,0,-1,15000000,15000000,1,1529.47,27559
1787944475869,unknown,Stage0-2-0,0,-1,18000000,18000000,1,1531.00,27559
1787944475869,unknown,Stage0-6-0,0,-1,47791666,88000000,24,23445.55,422443
1787944475876,unknown,Stage0-7-0,0,-1,50291666,93000000,24,23444.56,422443
1787944475877,unknown,Stage0-3-0,0,-1,20000000,20000000,1,1506.00,27655
1787944476846,unknown,Stage0-0-0,0,-1,13000000,13000000,1,1529.47,30621
1787944476865,unknown,Stage0-4-0,0,-1,54695652,99000000,23,22307.00,472219
1787944476868,unknown,Stage0-5-0,0,-1,57391304,99000000,23,23445.55,445912
1787944476868,unknown,Stage0-1-0,0,-1,17500000,26000000,2,1531.00,29090
1787944476869,unknown,Stage0-6-0,0,-1,55391304,96000000,23,23469.00,445912
1787944476869,unknown,Stage0-2-0,0,-1,18000000,27000000,2,1531.00,29090
1787944476876,unknown,Stage0-7-0,0,-1,56347826,99000000,23,23469.00,445912
1787944476877,unknown,Stage0-3-0,0,-1,18500000,27000000,2,1478.00,29133
1787944477846,unknown,Stage0-0-0,0,-1,16000000,24000000,2,1531.00,32152
1787944477865,unknown,Stage0-4-0,0,-1,53375000,97000000,24,24119.00,496338
1787944477868,unknown,Stage0-5-0,0,-1,52291666,97000000,24,23469.00,469381
1787944477869,unknown,Stage0-1-0,0,-1,13000000,13000000,1,1529.47,30621
1787944477870,unknown,Stage0-6-0,0,-1,52208333,92000000,24,23445.55,469381
1787944477870,unknown,Stage0-2-0,0,-1,18000000,18000000,1,1529.47,30621
1787944477876,unknown,Stage0-7-0,0,-1,51750000,95000000,24,23469.00,469381
1787944477877,unknown,Stage0-3-0,0,-1,20000000,20000000,1,1565.00,30698
1787944478847,unknown,Stage0-0-0,0,-1,14000000,14000000,1,1529.47,33683
1787944478865,unknown,Stage0-4-0,0,-1,54565217,96000000,23,23346.00,519684
1787944478868,unknown,Stage0-5-0,0,-1,54826086,96000000,23,23469.00,492850
1787944478869,unknown,Stage0-1-0,0,-1,14500000,21000000,2,1531.00,32152
1787944478870,unknown,Stage0-6-0,0,-1,55478260,105000000,23,23469.00,492850
1787944478870,unknown,Stage0-2-0,0,-1,14500000,21000000,2,1531.00,32152
1787944478876,unknown,Stage0-7-0,0,-1,57347826,99000000,23,23469.00,492850
1787944478877,unknown,Stage0-3-0,0,-1,19000000,28000000,2,1542.00,32240
1787944479847,unknown,Stage0-0-0,0,-1,13500000,20000000,2,1531.00,35214
1787944479865,unknown,Stage0-4-0,0,-1,51826086,96000000,23,23208.00,542892
1787944479869,unknown,Stage0-5-0,0,-1,58583333,107000000,24,23445.55,516319
1787944479870,unknown,Stage0-1-0,0,-1,13000000,13000000,1,1529.47,33683
1787944479870,unknown,Stage0-6-0,0,-1,47291666,90000000,24,23469.00,516319
1787944479872,unknown,Stage0-2-0,0,-1,18000000,18000000,1,1527.94,33683
1787944479876,unknown,Stage0-7-0,0,-1,49250000,91000000,24,23469.00,516319
1787944479877,unknown,Stage0-3-0,0,-1,14000000,14000000,1,1477.00,33717
1787944480848,unknown,Stage0-0-0,0,-1,15000000,15000000,1,1529.47,36745
1787944480865,unknown,Stage0-4-0,0,-1,55166666,102000000,24,23198.00,566090
1787944480870,unknown,Stage0-5-0,0,-1,52391304,96000000,23,23445.55,539788
1787944480871,unknown,Stage0-1-0,0,-1,17000000,26000000,2,1529.47,35214
1787944480871,unknown,Stage0-6-0,0,-1,51956521,96000000,23,23445.55,539788
1787944480872,unknown,Stage0-2-0,0,-1,17500000,24000000,2,1531.00,35214
1787944480876,unknown,Stage0-7-0,0,-1,54000000,97000000,23,23469.00,539788
1787944480880,unknown,Stage0-3-0,0,-1,15000000,22000000,2,1492.52,35214
1787944481848,unknown,Stage0-0-0,0,-1,12000000,18000000,2,1531.00,38276
1787944481865,unknown,Stage0-4-0,0,-1,54043478,98000000,23,23542.00,589632
1787944481870,unknown,Stage0-5-0,0,-1,60625000,107000000,24,23469.00,563257
1787944481871,unknown,Stage0-1-0,0,-1,13000000,13000000,1,1531.00,36745
1787944481872,unknown,Stage0-6-0,0,-1,53500000,100000000,24,23445.55,563257
1787944481872,unknown,Stage0-2-0,0,-1,17000000,17000000,1,1531.00,36745
1787944481878,unknown,Stage0-7-0,0,-1,63083333,109000000,24,23422.16,563257
1787944481880,unknown,Stage0-3-0,0,-1,17000000,17000000,1,1694.00,36908
1787944482849,unknown,Stage0-0-0,0,-1,13000000,13000000,1,1529.47,39807
1787944482867,unknown,Stage0-4-0,0,-1,56130434,99000000,23,23282.44,612961
1787944482870,unknown,Stage0-5-0,0,-1,60826086,106000000,23,23469.00,586726
1787944482872,unknown,Stage0-1-0,0,-1,12500000,19000000,2,1529.47,38276
1787944482872,unknown,Stage0-6-0,0,-1,53782608,92000000,23,23469.00,586726
1787944482873,unknown,Stage0-2-0,0,-1,18000000,27000000,2,1529.47,38276
1787944482878,unknown,Stage0-7-0,0,-1,58217391,99000000,23,23469.00,586726
1787944482880,unknown,Stage0-3-0,0,-1,14000000,21000000,2,1493.00,38401
1787944483849,unknown,Stage0-0-0,0,-1,12500000,19000000,2,1531.00,41338
1787944483867,unknown,Stage0-4-0,0,-1,54583333,96000000,24,23831.00,636792
1787944483871,unknown,Stage0-5-0,0,-1,53083333,95000000,24,23445.55,610195
1787944483872,unknown,Stage0-1-0,0,-1,12000000,12000000,1,1548.00,39824
1787944483872,unknown,Stage0-6-0,0,-1,54125000,94000000,24,23469.00,610195
1787944483873,unknown,Stage0-2-0,0,-1,15000000,15000000,1,1531.00,39807
1787944483878,unknown,Stage0-7-0,0,-1,56916666,102000000,24,23469.00,610195
1787944483880,unknown,Stage0-3-0,0,-1,16000000,16000000,1,1462.00,39863
1787944484849,unknown,Stage0-0-0,0,-1,12000000,12000000,1,1531.00,42869
1787944484867,unknown,Stage0-4-0,0,-1,64291666,115000000,24,23521.00,660313
1787944484872,unknown,Stage0-5-0,0,-1,53869565,97000000,23,23445.55,633664
1787944484872,unknown,Stage0-1-0,0,-1,12500000,19000000,2,1514.00,41338
1787944484872,unknown,Stage0-6-0,0,-1,64956521,108000000,23,23469.00,633664
1787944484873,unknown,Stage0-2-0,0,-1,12500000,19000000,2,1531.00,41338
1787944484880,unknown,Stage0-3-0,0,-1,14000000,21000000,2,1560.00,41423
1787944484880,unknown,Stage0-7-0,0,-1,56130434,99000000,23,23422.16,633664
1787944485850,unknown,Stage0-0-0,0,-1,10500000,17000000,2,1529.47,44400
1787944485867,unknown,Stage0-4-0,0,-1,52043478,91000000,23,22979.00,683292
1787944485872,unknown,Stage0-1-0,0,-1,12000000,12000000,1,1531.00,42869
1787944485872,unknown,Stage0-5-0,0,-1,55916666,100000000,24,23469.00,657133
1787944485873,unknown,Stage0-6-0,0,-1,55083333,97000000,24,23445.55,657133
1787944485874,unknown,Stage0-2-0,0,-1,14000000,14000000,1,1529.47,42869
1787944485880,unknown,Stage0-7-0,0,-1,52291666,96000000,24,23516.00,657180
1787944485880,unknown,Stage0-3-0,0,-1,14000000,14000000,1,1491.00,42914
1787944486850,unknown,Stage0-0-0,0,-1,10000000,10000000,1,1531.00,45931
1787944486867,unknown,Stage0-4-0,0,-1,54869565,93000000,23,23186.00,706478
1787944486873,unknown,Stage0-5-0,0,-1,59956521,100000000,23,23445.55,680602
1787944486873,unknown,Stage0-1-0,0,-1,12000000,19000000,2,1529.47,44400
1787944486873,unknown,Stage0-6-0,0,-1,60173913,106000000,23,23469.00,680602
1787944486874,unknown,Stage0-2-0,0,-1,11500000,18000000,2,1531.00,44400
1787944486880,unknown,Stage0-3-0,0,-1,13500000,21000000,2,1502.00,44416
1787944486880,unknown,Stage0-7-0,0,-1,55304347,97000000,23,23422.00,680602
1787944487851,unknown,Stage0-0-0,0,-1,10500000,17000000,2,1529.47,47462
1787944487867,unknown,Stage0-4-0,0,-1,57041666,102000000,24,23843.00,730321
1787944487873,unknown,Stage0-5-0,0,-1,60333333,100000000,24,23469.00,704071
1787944487873,unknown,Stage0-1-0,0,-1,22000000,22000000,1,1531.00,45931
1787944487874,unknown,Stage0-6-0,0,-1,56000000,102000000,24,23445.55,704071
1787944487874,unknown,Stage0-2-0,0,-1,11000000,11000000,1,1531.00,45931
1787944487880,unknown,Stage0-3-0,0,-1,14000000,14000000,1,1520.00,45936
1787944487880,unknown,Stage0-7-0,0,-1,55333333,100000000,24,23469.00,704071
1787944488851,unknown,Stage0-0-0,0,-1,9000000,9000000,1,1531.00,48993
1787944488867,unknown,Stage0-4-0,0,-1,65260869,109000000,23,23348.00,753669
1787944488873,unknown,Stage0-5-0,0,-1,57739130,100000000,23,23469.00,727540
1787944488873,unknown,Stage0-1-0,0,-1,13000000,22000000,2,1531.00,47462
1787944488874,unknown,Stage0-6-0,0,-1,54217391,98000000,23,23469.00,727540
1787944488875,unknown,Stage0-2-0,0,-1,10000000,17000000,2,1529.47,47462
1787944488880,unknown,Stage0-3-0,0,-1,12500000,21000000,2,1526.00,47462
1787944488880,unknown,Stage0-7-0,0,-1,53434782,96000000,23,23469.00,727540
1787944489851,unknown,Stage0-0-0,0,-1,10000000,17000000,2,1531.00,50524
1787944489867,unknown,Stage0-4-0,0,-1,52958333,97000000,24,23452.00,777121
1787944489874,unknown,Stage0-5-0,0,-1,56583333,101000000,24,23445.55,751009
1787944489874,unknown,Stage0-1-0,0,-1,11000000,11000000,1,1529.47,48993
1787944489875,unknown,Stage0-6-0,0,-1,59000000,109000000,24,23445.55,751009
1787944489875,unknown,Stage0-2-0,0,-1,10000000,10000000,1,1531.00,48993
1787944489880,unknown,Stage0-3-0,0,-1,12000000,12000000,1,1531.00,48993
1787944489881,unknown,Stage0-7-0,0,-1,53291666,98000000,24,23445.55,751009
1787944490852,unknown,Stage0-0-0,0,-1,15500000,22000000,2,1529.47,52055
1787944490867,unknown,Stage0-4-0,0,-1,52826086,99000000,23,23040.00,800161
1787944490874,unknown,Stage0-5-0,0,-1,55913043,98000000,23,23484.00,774493
1787944490874,unknown,Stage0-1-0,0,-1,8500000,15000000,2,1531.00,50524
1787944490875,unknown,Stage0-6-0,0,-1,59652173,102000000,23,23469.00,774478
1787944490876,unknown,Stage0-2-0,0,-1,11500000,21000000,2,1529.47,50524
1787944490881,unknown,Stage0-3-0,0,-1,10500000,18000000,2,1529.47,50524
1787944490881,unknown,Stage0-7-0,0,-1,53130434,94000000,23,23469.00,774478
1787944491853,unknown,Stage0-0-0,0,-1,17000000,17000000,1,1529.47,53586
1787944491867,unknown,Stage0-4-0,0,-1,62043478,102000000,23,23672.00,823833
1787944491874,unknown,Stage0-5-0,0,-1,52913043,101000000,23,23454.00,797947
1787944491875,unknown,Stage0-1-0,0,-1,12500000,17000000,2,1529.47,52055
1787944491875,unknown,Stage0-6-0,0,-1,55782608,97000000,23,23469.00,797947
1787944491876,unknown,Stage0-2-0,0,-1,21500000,32000000,2,1531.00,52055
1787944491881,unknown,Stage0-3-0,0,-1,18500000,27000000,2,1531.00,52055
1787944491882,unknown,Stage0-7-0,0,-1,48739130,88000000,23,23445.55,797947
1787944492854,unknown,Stage0-0-0,0,-1,14500000,21000000,2,1529.47,55117
1787944492867,unknown,Stage0-4-0,0,-1,50260869,93000000,23,23092.00,846925
1787944492875,unknown,Stage0-5-0,0,-1,52041666,93000000,24,23445.55,821416
1787944492875,unknown,Stage0-1-0,0,-1,14000000,14000000,1,1531.00,53586
1787944492877,unknown,Stage0-2-0,0,-1,14000000,14000000,1,1529.47,53586
1787944492877,unknown,Stage0-6-0,0,-1,46041666,90000000,24,23422.16,821416
1787944492882,unknown,Stage0-3-0,0,-1,17000000,17000000,1,1529.47,53586
1787944492883,unknown,Stage0-7-0,0,-1,46958333,89000000,24,23445.55,821416
1787944493854,unknown,Stage0-0-0,0,-1,16000000,16000000,1,1531.00,56648
1787944493867,unknown,Stage0-4-0,0,-1,56208333,104000000,24,23680.00,870605
1787944493875,unknown,Stage0-5-0,0,-1,58652173,108000000,23,23469.00,844885
1787944493875,unknown,Stage0-1-0,0,-1,14500000,22000000,2,1531.00,55117
1787944493877,unknown,Stage0-6-0,0,-1,54043478,98000000,23,23485.00,844901
1787944493877,unknown,Stage0-2-0,0,-1,16500000,24000000,2,1531.00,55117
1787944493883,unknown,Stage0-3-0,0,-1,15500000,23000000,2,1529.47,55117
1787944493883,unknown,Stage0-7-0,0,-1,55173913,102000000,23,23469.00,844885
1787944494854,unknown,Stage0-0-0,0,-1,13500000,20000000,2,1531.00,58179
1787944494867,unknown,Stage0-4-0,0,-1,51260869,93000000,23,23211.00,893816
1787944494876,unknown,Stage0-5-0,0,-1,52208333,94000000,24,23445.55,868354
1787944494877,unknown,Stage0-1-0,0,-1,12000000,12000000,1,1527.94,56648
1787944494877,unknown,Stage0-6-0,0,-1,50458333,93000000,24,23453.00,868354
1787944494879,unknown,Stage0-2-0,0,-1,16000000,16000000,1,1527.94,56648
1787944494883,unknown,Stage0-3-0,0,-1,15000000,15000000,1,1531.00,56648
1787944494884,unknown,Stage0-7-0,0,-1,52958333,98000000,24,23445.55,868354
1787944495855,unknown,Stage0-0-0,0,-1,13000000,13000000,1,1529.47,59710
1787944495867,unknown,Stage0-4-0,0,-1,54500000,99000000,24,23403.00,917219
1787944495876,unknown,Stage0-5-0,0,-1,55826086,99000000,23,23469.00,891823
1787944495877,unknown,Stage0-1-0,0,-1,14000000,21000000,2,1533.00,58181
1787944495878,unknown,Stage0-6-0,0,-1,50652173,89000000,23,23445.55,891823
1787944495879,unknown,Stage0-2-0,0,-1,17000000,24000000,2,1531.00,58179
1787944495884,unknown,Stage0-7-0,0,-1,58608695,98000000,23,23469.00,891823
1787944495884,unknown,Stage0-3-0,0,-1,18000000,27000000,2,1529.47,58179
1787944496856,unknown,Stage0-0-0,0,-1,13500000,20000000,2,1529.47,61241
1787944496867,unknown,Stage0-4-0,0,-1,52304347,95000000,23,23287.00,940506
1787944496877,unknown,Stage0-5-0,0,-1,54541666,100000000,24,23445.55,915292
1787944496877,unknown,Stage0-1-0,0,-1,15000000,15000000,1,1529.00,59710
1787944496878,unknown,Stage0-6-0,0,-1,50208333,92000000,24,23469.00,915292
1787944496879,unknown,Stage0-2-0,0,-1,14000000,14000000,1,1531.00,59710
1787944496884,unknown,Stage0-3-0,0,-1,15000000,15000000,1,1531.00,59710
1787944496885,unknown,Stage0-7-0,0,-1,51958333,97000000,24,23445.55,915292
1787944497856,unknown,Stage0-0-0,0,-1,13000000,13000000,1,1531.00,62772
1787944497867,unknown,Stage0-4-0,0,-1,53000000,93000000,24,23558.00,964064
1787944497878,unknown,Stage0-1-0,0,-1,12500000,19000000,2,1529.47,61241
1787944497878,unknown,Stage0-5-0,0,-1,54434782,101000000,23,23445.55,938761
1787944497879,unknown,Stage0-6-0,0,-1,55347826,99000000,23,23445.55,938761
1787944497880,unknown,Stage0-2-0,0,-1,17000000,26000000,2,1529.47,61241
1787944497887,unknown,Stage0-7-0,0,-1,57652173,102000000,23,23422.16,938761
1787944497887,unknown,Stage0-3-0,0,-1,13500000,20000000,2,1526.42,61241
1787944498857,unknown,Stage0-0-0,0,-1,11500000,18000000,2,1529.47,64303
1787944498867,unknown,Stage0-4-0,0,-1,57043478,101000000,23,23253.00,987317
1787944498878,unknown,Stage0-5-0,0,-1,60333333,107000000,24,23469.00,962230
1787944498879,unknown,Stage0-1-0,0,-1,14000000,14000000,1,1529.47,62772
1787944498880,unknown,Stage0-6-0,0,-1,48625000,92000000,24,23445.55,962230
1787944498880,unknown,Stage0-2-0,0,-1,15000000,15000000,1,1531.00,62772
1787944498887,unknown,Stage0-7-0,0,-1,56083333,97000000,24,23503.00,962264
1787944498887,unknown,Stage0-3-0,0,-1,18000000,18000000,1,1598.00,62839
1787944499857,unknown,Stage0-0-0,0,-1,11000000,11000000,1,1531.00,65834
1787944499867,unknown,Stage0-4-0,0,-1,58869565,102000000,23,23357.00,1010674
1787944499878,unknown,Stage0-5-0,0,-1,53826086,97000000,23,23469.00,985699
1787944499879,unknown,Stage0-1-0,0,-1,11500000,18000000,2,1531.00,64303
1787944499880,unknown,Stage0-6-0,0,-1,48913043,89000000,23,23469.00,985699
1787944499881,unknown,Stage0-2-0,0,-1,13000000,20000000,2,1529.47,64303
1787944499887,unknown,Stage0-7-0,0,-1,56304347,100000000,23,23528.00,985792
1787944499887,unknown,Stage0-3-0,0,-1,16500000,26000000,2,1526.00,64365
1787944500858,unknown,Stage0-0-0,0,-1,10500000,17000000,2,1529.47,67365
1787944500867,unknown,Stage0-4-0,0,-1,51875000,97000000,24,23400.00,1034074
1787944500879,unknown,Stage0-1-0,0,-1,11000000,11000000,1,1531.00,65834
1787944500879,unknown,Stage0-5-0,0,-1,52500000,94000000,24,23445.55,1009168
1787944500881,unknown,Stage0-6-0,0,-1,54541666,98000000,24,23445.55,1009168
1787944500881,unknown,Stage0-2-0,0,-1,15000000,15000000,1,1531.00,65834
1787944500887,unknown,Stage0-3-0,0,-1,15000000,15000000,1,1508.00,65873
1787944500887,unknown,Stage0-7-0,0,-1,56583333,103000000,24,23509.00,1009301
1787944501858,unknown,Stage0-0-0,0,-1,11000000,11000000,1,1531.00,68896
1787944501867,unknown,Stage0-4-0,0,-1,56869565,104000000,23,23348.00,1057422
1787944501879,unknown,Stage0-5-0,0,-1,54173913,98000000,23,23469.00,1032637
1787944501879,unknown,Stage0-1-0,0,-1,13000000,22000000,2,1531.00,67365
1787944501882,unknown,Stage0-6-0,0,-1,53521739,99000000,23,23445.55,1032637
1787944501882,unknown,Stage0-2-0,0,-1,15000000,24000000,2,1529.47,67365
1787944501887,unknown,Stage0-3-0,0,-1,12000000,19000000,2,1575.00,67448
1787944501887,unknown,Stage0-7-0,0,-1,48478260,92000000,23,23336.00,1032637
1787944502859,unknown,Stage0-0-0,0,-1,10500000,17000000,2,1529.47,70427
1787944502867,unknown,Stage0-4-0,0,-1,56217391,100000000,23,23523.00,1080945
1787944502880,unknown,Stage0-1-0,0,-1,12000000,12000000,1,1529.47,68896
1787944502880,unknown,Stage0-5-0,0,-1,48791666,89000000,24,23445.55,1056106
1787944502883,unknown,Stage0-2-0,0,-1,13000000,13000000,1,1529.47,68896
1787944502883,unknown,Stage0-6-0,0,-1,52750000,96000000,24,23445.55,1056106
1787944502887,unknown,Stage0-3-0,0,-1,6000000,6000000,1,1448.00,68896
1787944502888,unknown,Stage0-7-0,0,-1,53416666,99000000,24,23445.55,1056106
1787944503859,unknown,Stage0-0-0,0,-1,10000000,10000000,1,1531.00,71958
1787944503867,unknown,Stage0-4-0,0,-1,55708333,104000000,24,23381.00,1104326
1787944503880,unknown,Stage0-5-0,0,-1,55869565,103000000,23,23469.00,1079575
1787944503881,unknown,Stage0-1-0,0,-1,11500000,20000000,2,1529.47,70427
1787944503883,unknown,Stage0-6-0,0,-1,57217391,100000000,23,23469.00,1079575
1787944503883,unknown,Stage0-2-0,0,-1,10500000,17000000,2,1531.00,70427
1787944503887,unknown,Stage0-3-0,0,-1,11500000,18000000,2,1531.00,70427
1787944503888,unknown,Stage0-7-0,0,-1,53521739,93000000,23,23510.00,1079616
1787944504860,unknown,Stage0-0-0,0,-1,10500000,17000000,2,1529.47,73489
1787944504867,unknown,Stage0-4-0,0,-1,57304347,106000000,23,23376.00,1127702
1787944504880,unknown,Stage0-5-0,0,-1,56791666,105000000,24,23469.00,1103044
1787944504881,unknown,Stage0-1-0,0,-1,9000000,9000000,1,1531.00,71958
1787944504883,unknown,Stage0-6-0,0,-1,56791666,108000000,24,23469.00,1103044
1787944504884,unknown,Stage0-2-0,0,-1,10000000,10000000,1,1529.47,71958
1787944504888,unknown,Stage0-3-0,0,-1,10000000,10000000,1,1529.47,71958
1787944504888,unknown,Stage0-7-0,0,-1,58875000,107000000,24,23428.00,1103044
1787944505860,unknown,Stage0-0-0,0,-1,15500000,22000000,2,1531.00,75020
1787944505867,unknown,Stage0-4-0,0,-1,53083333,105000000,24,23387.00,1151089
1787944505881,unknown,Stage0-5-0,0,-1,53391304,98000000,23,23445.55,1126513
1787944505882,unknown,Stage0-1-0,0,-1,11500000,20000000,2,1529.47,73489
1787944505884,unknown,Stage0-6-0,0,-1,45565217,85000000,23,23445.55,1126513
1787944505884,unknown,Stage0-2-0,0,-1,13000000,22000000,2,1531.00,73489
1787944505888,unknown,Stage0-3-0,0,-1,11000000,18000000,2,1531.00,73489
1787944505888,unknown,Stage0-7-0,0,-1,51869565,90000000,23,23469.00,1126513
1787944506860,unknown,Stage0-0-0,0,-1,15000000,15000000,1,1531.00,76551
1787944506867,unknown,Stage0-4-0,0,-1,56434782,101000000,23,23358.00,1174447
1787944506882,unknown,Stage0-5-0,0,-1,54434782,99000000,23,23445.55,1149982
1787944506882,unknown,Stage0-1-0,0,-1,19000000,28000000,2,1531.00,75020
1787944506884,unknown,Stage0-6-0,0,-1,55304347,98000000,23,23469.00,1149982
1787944506885,unknown,Stage0-2-0,0,-1,14000000,18000000,2,1529.47,75020
1787944506888,unknown,Stage0-3-0,0,-1,15500000,20000000,2,1531.00,75020
1787944506889,unknown,Stage0-7-0,0,-1,53304347,97000000,23,23445.55,1149982
1787944507861,unknown,Stage0-0-0,0,-1,14500000,21000000,2,1529.47,78082
1787944507867,unknown,Stage0-4-0,0,-1,52173913,95000000,23,23323.00,1197770
1787944507882,unknown,Stage0-5-0,0,-1,52000000,93000000,24,23469.00,1173451
1787944507883,unknown,Stage0-1-0,0,-1,19000000,19000000,1,1529.47,76551
1787944507884,unknown,Stage0-6-0,0,-1,50791666,96000000,24,23469.00,1173451
1787944507885,unknown,Stage0-2-0,0,-1,20000000,20000000,1,1531.00,76551
1787944507889,unknown,Stage0-3-0,0,-1,16000000,16000000,1,1529.47,76551
1787944507890,unknown,Stage0-7-0,0,-1,50541666,95000000,24,23445.55,1173451
1787944508862,unknown,Stage0-0-0,0,-1,15000000,15000000,1,1529.47,79613
1787944508867,unknown,Stage0-4-0,0,-1,65541666,121000000,24,23381.00,1221151
1787944508883,unknown,Stage0-5-0,0,-1,57739130,103000000,23,23445.55,1196920
1787944508884,unknown,Stage0-1-0,0,-1,17500000,26000000,2,1529.47,78082
1787944508886,unknown,Stage0-2-0,0,-1,20000000,27000000,2,1529.47,78082
1787944508886,unknown,Stage0-6-0,0,-1,52608695,95000000,23,23422.16,1196920
1787944508890,unknown,Stage0-3-0,0,-1,20000000,27000000,2,1529.47,78082
1787944508891,unknown,Stage0-7-0,0,-1,67739130,109000000,23,23445.55,1196920
1787944509862,unknown,Stage0-0-0,0,-1,14500000,21000000,2,1531.00,81144
1787944509867,unknown,Stage0-4-0,0,-1,63782608,117000000,23,23340.00,1244491
1787944509884,unknown,Stage0-5-0,0,-1,53208333,98000000,24,23445.55,1220389
1787944509884,unknown,Stage0-1-0,0,-1,14000000,14000000,1,1531.00,79613
1787944509886,unknown,Stage0-6-0,0,-1,54000000,98000000,24,23469.00,1220389
1787944509887,unknown,Stage0-2-0,0,-1,14000000,14000000,1,1529.47,79613
1787944509890,unknown,Stage0-3-0,0,-1,16000000,16000000,1,1531.00,79613
1787944509891,unknown,Stage0-7-0,0,-1,66291666,117000000,24,23506.00,1220426
1787944510863,unknown,Stage0-0-0,0,-1,17000000,17000000,1,1529.47,82675
1787944510867,unknown,Stage0-4-0,0,-1,55956521,99000000,23,22889.00,1267380
1787944510884,unknown,Stage0-5-0,0,-1,52565217,95000000,23,23469.00,1243858
1787944510885,unknown,Stage0-1-0,0,-1,18000000,27000000,2,1529.47,81144
1787944510887,unknown,Stage0-6-0,0,-1,57434782,103000000,23,23445.55,1243858
1787944510887,unknown,Stage0-2-0,0,-1,15000000,22000000,2,1531.00,81144
1787944510890,unknown,Stage0-3-0,0,-1,15500000,22000000,2,1531.00,81144
1787944510891,unknown,Stage0-7-0,0,-1,50130434,88000000,23,23432.00,1243858
1787944511863,unknown,Stage0-0-0,0,-1,13000000,20000000,2,1531.00,84206
1787944511867,unknown,Stage0-4-0,0,-1,54083333,100000000,24,23846.00,1291226
1787944511885,unknown,Stage0-5-0,0,-1,54208333,99000000,24,23445.55,1267327
1787944511885,unknown,Stage0-1-0,0,-1,14000000,14000000,1,1531.00,82675
1787944511888,unknown,Stage0-6-0,0,-1,53875000,99000000,24,23445.55,1267327
1787944511888,unknown,Stage0-2-0,0,-1,14000000,14000000,1,1529.47,82675
1787944511891,unknown,Stage0-3-0,0,-1,14000000,14000000,1,1529.47,82675
1787944511891,unknown,Stage0-7-0,0,-1,51291666,96000000,24,23469.00,1267327
1787944512864,unknown,Stage0-0-0,0,-1,13000000,13000000,1,1529.47,85737
1787944512867,unknown,Stage0-4-0,0,-1,55565217,98000000,23,23363.00,1314589
1787944512886,unknown,Stage0-1-0,0,-1,15500000,24000000,2,1529.47,84206
1787944512888,unknown,Stage0-5-0,0,-1,54434782,96000000,23,23398.80,1290796
1787944512889,unknown,Stage0-2-0,0,-1,14500000,21000000,2,1529.47,84206
1787944512889,unknown,Stage0-6-0,0,-1,53652173,98000000,23,23445.55,1290796
1787944512891,unknown,Stage0-3-0,0,-1,18500000,28000000,2,1531.00,84206
1787944512892,unknown,Stage0-7-0,0,-1,58086956,104000000,23,23445.55,1290796
1787944513865,unknown,Stage0-0-0,0,-1,12000000,19000000,2,1529.47,87268
1787944513867,unknown,Stage0-4-0,0,-1,50916666,96000000,24,23419.00,1338008
1787944513886,unknown,Stage0-1-0,0,-1,13000000,13000000,1,1531.00,85737
1787944513888,unknown,Stage0-5-0,0,-1,51875000,95000000,24,23805.00,1314601
1787944513889,unknown,Stage0-6-0,0,-1,57625000,104000000,24,23469.00,1314265
1787944513889,unknown,Stage0-2-0,0,-1,17000000,17000000,1,1531.00,85737
1787944513892,unknown,Stage0-3-0,0,-1,15000000,15000000,1,1529.47,85737
1787944513892,unknown,Stage0-7-0,0,-1,51625000,93000000,24,23469.00,1314265
1787944514865,unknown,Stage0-0-0,0,-1,12000000,12000000,1,1531.00,88799
1787944514867,unknown,Stage0-4-0,0,-1,58739130,102000000,23,23313.00,1361321
1787944514886,unknown,Stage0-1-0,0,-1,12500000,19000000,2,1531.00,87268
1787944514888,unknown,Stage0-5-0,0,-1,52304347,91000000,23,23338.00,1337939
1787944514890,unknown,Stage0-6-0,0,-1,52652173,100000000,23,23445.55,1337734
1787944514890,unknown,Stage0-2-0,0,-1,13500000,20000000,2,1529.47,87268
1787944514892,unknown,Stage0-7-0,0,-1,61391304,107000000,23,23469.00,1337734
1787944514892,unknown,Stage0-3-0,0,-1,17000000,26000000,2,1531.00,87268
1787944515867,unknown,Stage0-0-0,0,-1,11500000,18000000,2,1527.94,90330
1787944515867,unknown,Stage0-4-0,0,-1,57434782,104000000,23,23351.00,1384672
1787944515887,unknown,Stage0-1-0,0,-1,13000000,13000000,1,1529.47,88799
1787944515888,unknown,Stage0-5-0,0,-1,54416666,96000000,24,23469.00,1361408
1787944515890,unknown,Stage0-6-0,0,-1,55416666,101000000,24,23518.00,1361252
1787944515890,unknown,Stage0-2-0,0,-1,13000000,13000000,1,1531.00,88799
1787944515892,unknown,Stage0-7-0,0,-1,58125000,105000000,24,23469.00,1361203
1787944515893,unknown,Stage0-3-0,0,-1,14000000,14000000,1,1529.47,88799
1787944516867,unknown,Stage0-0-0,0,-1,11000000,11000000,1,1531.00,91861
1787944516867,unknown,Stage0-4-0,0,-1,63875000,111000000,24,23469.00,1408141
1787944516887,unknown,Stage0-1-0,0,-1,13000000,20000000,2,1531.00,90330
1787944516888,unknown,Stage0-5-0,0,-1,48173913,88000000,23,23413.00,1384821
1787944516890,unknown,Stage0-6-0,0,-1,51260869,92000000,23,23420.00,1384672
1787944516890,unknown,Stage0-2-0,0,-1,14000000,21000000,2,1531.00,90330
1787944516893,unknown,Stage0-3-0,0,-1,16500000,26000000,2,1531.00,90330
1787944516893,unknown,Stage0-7-0,0,-1,51347826,91000000,23,23445.55,1384672
1787944517867,unknown,Stage0-0-0,0,-1,11500000,18000000,2,1531.00,93392
1787944517868,unknown,Stage0-4-0,0,-1,58913043,106000000,23,23445.55,1431610
1787944517888,unknown,Stage0-5-0,0,-1,60166666,107000000,24,23420.00,1408241
1787944517888,unknown,Stage0-1-0,0,-1,14000000,14000000,1,1529.47,91861
1787944517891,unknown,Stage0-6-0,0,-1,66416666,117000000,24,23445.55,1408141
1787944517891,unknown,Stage0-2-0,0,-1,12000000,12000000,1,1529.47,91861
1787944517894,unknown,Stage0-3-0,0,-1,17000000,17000000,1,1529.47,91861
1787944517894,unknown,Stage0-7-0,0,-1,59791666,104000000,24,23445.55,1408141
1787944518868,unknown,Stage0-0-0,0,-1,10000000,10000000,1,1529.47,94923
1787944518869,unknown,Stage0-4-0,0,-1,59791666,107000000,24,23445.55,1455079
1787944518888,unknown,Stage0-1-0,0,-1,10500000,17000000,2,1531.00,93392
1787944518888,unknown,Stage0-5-0,0,-1,52260869,95000000,23,23369.00,1431610
1787944518891,unknown,Stage0-6-0,0,-1,55304347,99000000,23,23469.00,1431610
1787944518891,unknown,Stage0-2-0,0,-1,12000000,19000000,2,1531.00,93392
1787944518894,unknown,Stage0-3-0,0,-1,15000000,25000000,2,1531.00,93392
1787944518894,unknown,Stage0-7-0,0,-1,50000000,92000000,23,23469.00,1431610
1787944519868,unknown,Stage0-0-0,0,-1,11000000,18000000,2,1531.00,96454
1787944519869,unknown,Stage0-4-0,0,-1,59478260,104000000,23,23469.00,1478548
1787944519888,unknown,Stage0-5-0,0,-1,60166666,111000000,24,23469.00,1455079
1787944519889,unknown,Stage0-1-0,0,-1,10000000,10000000,1,1529.47,94923
1787944519892,unknown,Stage0-6-0,0,-1,56208333,101000000,24,23445.55,1455079
1787944519892,unknown,Stage0-2-0,0,-1,11000000,11000000,1,1529.47,94923
1787944519895,unknown,Stage0-3-0,0,-1,15000000,15000000,1,1529.47,94923
1787944519895,unknown,Stage0-7-0,0,-1,58041666,104000000,24,23445.55,1455079
1787944520869,unknown,Stage0-0-0,0,-1,9000000,9000000,1,1529.47,97985
1787944520870,unknown,Stage0-4-0,0,-1,56250000,95000000,24,23445.55,1502017
1787944520889,unknown,Stage0-1-0,0,-1,9500000,16000000,2,1531.00,96454
1787944520889,unknown,Stage0-5-0,0,-1,53217391,94000000,23,23445.55,1478548
1787944520893,unknown,Stage0-6-0,0,-1,54043478,95000000,23,23445.55,1478548
1787944520893,unknown,Stage0-2-0,0,-1,10000000,17000000,2,1529.47,96454
1787944520895,unknown,Stage0-3-0,0,-1,13500000,23000000,2,1531.00,96454
1787944520895,unknown,Stage0-7-0,0,-1,58956521,102000000,23,23469.00,1478548
1787944521870,unknown,Stage0-0-0,0,-1,9000000,15000000,2,1529.47,99516
1787944521871,unknown,Stage0-4-0,0,-1,58000000,103000000,23,23445.55,1525486
1787944521890,unknown,Stage0-5-0,0,-1,58333333,106000000,24,23445.55,1502017
1787944521890,unknown,Stage0-1-0,0,-1,8000000,8000000,1,1529.47,97985
1787944521893,unknown,Stage0-2-0,0,-1,11000000,11000000,1,1531.00,97985
1787944521893,unknown,Stage0-6-0,0,-1,57166666,107000000,24,23469.00,1502017
1787944521895,unknown,Stage0-3-0,0,-1,13000000,13000000,1,1531.00,97985
1787944521896,unknown,Stage0-7-0,0,-1,58875000,101000000,24,23445.55,1502017
1787944522870,unknown,Stage0-0-0,0,-1,14500000,21000000,2,1531.00,101047
1787944522871,unknown,Stage0-4-0,0,-1,63782608,110000000,23,23469.00,1548955
1787944522891,unknown,Stage0-5-0,0,-1,56217391,102000000,23,23445.55,1525486
1787944522891,unknown,Stage0-1-0,0,-1,9000000,16000000,2,1529.47,99516
1787944522894,unknown,Stage0-2-0,0,-1,12000000,21000000,2,1529.47,99516
1787944522894,unknown,Stage0-6-0,0,-1,53434782,97000000,23,23445.55,1525486
1787944522896,unknown,Stage0-3-0,0,-1,11500000,20000000,2,1529.47,99516
1787944522896,unknown,Stage0-7-0,0,-1,68826086,114000000,23,23469.00,1525486
1787944523871,unknown,Stage0-0-0,0,-1,16000000,16000000,1,1529.47,102578
1787944523872,unknown,Stage0-4-0,0,-1,52375000,96000000,24,23445.55,1572424
1787944523891,unknown,Stage0-5-0,0,-1,55695652,101000000,23,23475.00,1548961
1787944523891,unknown,Stage0-1-0,0,-1,14500000,21000000,2,1531.00,101047
1787944523894,unknown,Stage0-6-0,0,-1,53652173,101000000,23,23475.00,1548961
1787944523895,unknown,Stage0-2-0,0,-1,14000000,18000000,2,1529.47,101047
1787944523896,unknown,Stage0-3-0,0,-1,21000000,30000000,2,1531.00,101047
1787944523896,unknown,Stage0-7-0,0,-1,60086956,109000000,23,23469.00,1548955
1787944524871,unknown,Stage0-0-0,0,-1,14500000,21000000,2,1531.00,104109
1787944524872,unknown,Stage0-4-0,0,-1,52434782,92000000,23,23469.00,1595893
1787944524892,unknown,Stage0-5-0,0,-1,56458333,105000000,24,23439.56,1572424
1787944524892,unknown,Stage0-1-0,0,-1,18000000,18000000,1,1529.47,102578
1787944524895,unknown,Stage0-6-0,0,-1,47291666,91000000,24,23439.56,1572424
1787944524895,unknown,Stage0-2-0,0,-1,20000000,20000000,1,1531.00,102578
1787944524897,unknown,Stage0-3-0,0,-1,15000000,15000000,1,1529.47,102578
1787944524898,unknown,Stage0-7-0,0,-1,52375000,98000000,24,23422.16,1572424
1787944525871,unknown,Stage0-0-0,0,-1,15000000,15000000,1,1531.00,105640
1787944525872,unknown,Stage0-4-0,0,-1,56833333,104000000,24,23469.00,1619362
1787944525892,unknown,Stage0-5-0,0,-1,53782608,95000000,23,23469.00,1595893
1787944525892,unknown,Stage0-1-0,0,-1,16500000,25000000,2,1531.00,104109
1787944525895,unknown,Stage0-6-0,0,-1,51130434,95000000,23,23469.00,1595893
1787944525895,unknown,Stage0-2-0,0,-1,15500000,22000000,2,1531.00,104109
1787944525897,unknown,Stage0-3-0,0,-1,18000000,26000000,2,1531.00,104109
1787944525898,unknown,Stage0-7-0,0,-1,57043478,103000000,23,23469.00,1595893
1787944526872,unknown,Stage0-0-0,0,-1,12500000,19000000,2,1529.47,107171
1787944526873,unknown,Stage0-4-0,0,-1,52130434,95000000,23,23445.55,1642831
1787944526892,unknown,Stage0-5-0,0,-1,54791666,100000000,24,23469.00,1619362
1787944526892,unknown,Stage0-1-0,0,-1,16000000,16000000,1,1531.00,105640
1787944526895,unknown,Stage0-6-0,0,-1,52875000,99000000,24,23469.00,1619362
1787944526896,unknown,Stage0-2-0,0,-1,15000000,15000000,1,1529.47,105640
1787944526898,unknown,Stage0-3-0,0,-1,20000000,20000000,1,1529.47,105640
1787944526898,unknown,Stage0-7-0,0,-1,55458333,97000000,24,23469.00,1619362
1787944527872,unknown,Stage0-0-0,0,-1,13000000,13000000,1,1531.00,108702
1787944527873,unknown,Stage0-4-0,0,-1,53708333,99000000,24,23469.00,1666300
1787944527893,unknown,Stage0-5-0,0,-1,51260869,96000000,23,23445.55,1642831
1787944527893,unknown,Stage0-1-0,0,-1,15000000,24000000,2,1529.47,107171
1787944527896,unknown,Stage0-6-0,0,-1,54826086,96000000,23,23445.55,1642831
1787944527896,unknown,Stage0-2-0,0,-1,14500000,21000000,2,1531.00,107171
1787944527898,unknown,Stage0-3-0,0,-1,18500000,27000000,2,1531.00,107171
1787944527899,unknown,Stage0-7-0,0,-1,54391304,97000000,23,23445.55,1642831
1787944528873,unknown,Stage0-0-0,0,-1,12500000,19000000,2,1529.47,110233
1787944528873,unknown,Stage0-4-0,0,-1,52608695,97000000,23,23469.00,1689769
1787944528893,unknown,Stage0-5-0,0,-1,54208333,99000000,24,23469.00,1666300
1787944528894,unknown,Stage0-1-0,0,-1,13000000,13000000,1,1529.47,108702
1787944528896,unknown,Stage0-6-0,0,-1,60125000,112000000,24,23469.00,1666300
1787944528897,unknown,Stage0-2-0,0,-1,17000000,17000000,1,1529.47,108702
1787944528898,unknown,Stage0-3-0,0,-1,18000000,18000000,1,1531.00,108702
1787944528899,unknown,Stage0-7-0,0,-1,56291666,97000000,24,23469.00,1666300
1787944529874,unknown,Stage0-0-0,0,-1,12000000,12000000,1,1529.47,111764
1787944529875,unknown,Stage0-4-0,0,-1,54291666,98000000,24,23422.16,1713238
1787944529894,unknown,Stage0-1-0,0,-1,15000000,24000000,2,1531.00,110233
1787944529894,unknown,Stage0-5-0,0,-1,50521739,91000000,23,23445.55,1689769
1787944529897,unknown,Stage0-6-0,0,-1,48173913,88000000,23,23445.55,1689769
1787944529897,unknown,Stage0-2-0,0,-1,13500000,20000000,2,1531.00,110233
1787944529899,unknown,Stage0-3-0,0,-1,17000000,26000000,2,1529.47,110233
1787944529899,unknown,Stage0-7-0,0,-1,51782608,91000000,23,23469.00,1689769
1787944530874,unknown,Stage0-0-0,0,-1,12000000,19000000,2,1531.00,113295
1787944530875,unknown,Stage0-4-0,0,-1,56913043,98000000,23,23469.00,1736707
1787944530894,unknown,Stage0-1-0,0,-1,14000000,14000000,1,1531.00,111764
1787944530894,unknown,Stage0-5-0,0,-1,52500000,96000000,24,23469.00,1713238
1787944530898,unknown,Stage0-6-0,0,-1,53166666,100000000,24,23445.55,1713238
1787944530898,unknown,Stage0-2-0,0,-1,16000000,16000000,1,1529.47,111764
1787944530899,unknown,Stage0-3-0,0,-1,18000000,18000000,1,1531.00,111764
1787944530900,unknown,Stage0-7-0,0,-1,53916666,98000000,24,23445.55,1713238
1787944531875,unknown,Stage0-0-0,0,-1,11000000,11000000,1,1529.47,114826
1787944531876,unknown,Stage0-4-0,0,-1,58041666,103000000,24,23445.55,1760176
1787944531895,unknown,Stage0-5-0,0,-1,54478260,100000000,23,23445.55,1736707
1787944531895,unknown,Stage0-1-0,0,-1,11000000,17000000,2,1529.47,113295
1787944531898,unknown,Stage0-6-0,0,-1,52956521,95000000,23,23470.00,1736708
1787944531898,unknown,Stage0-2-0,0,-1,16000000,25000000,2,1531.00,113295
1787944531900,unknown,Stage0-3-0,0,-1,16000000,25000000,2,1529.47,113295
1787944531900,unknown,Stage0-7-0,0,-1,58043478,101000000,23,23469.00,1736707
1787944532876,unknown,Stage0-0-0,0,-1,11500000,18000000,2,1529.47,116357
1787944532876,unknown,Stage0-4-0,0,-1,55565217,99000000,23,23469.00,1783645
1787944532895,unknown,Stage0-5-0,0,-1,58916666,104000000,24,23469.00,1760176
1787944532896,unknown,Stage0-1-0,0,-1,13000000,13000000,1,1529.47,114826
1787944532899,unknown,Stage0-6-0,0,-1,53416666,98000000,24,23444.56,1760176
1787944532899,unknown,Stage0-2-0,0,-1,14000000,14000000,1,1529.47,114826
1787944532900,unknown,Stage0-7-0,0,-1,59666666,109000000,24,23469.00,1760176
1787944532905,unknown,Stage0-3-0,0,-1,16000000,16000000,1,1523.38,114826
1787944533876,unknown,Stage0-0-0,0,-1,13000000,13000000,1,1531.00,117888
1787944533877,unknown,Stage0-4-0,0,-1,58375000,103000000,24,23445.55,1807114
1787944533896,unknown,Stage0-5-0,0,-1,53869565,97000000,23,23445.55,1783645
1787944533896,unknown,Stage0-1-0,0,-1,13000000,22000000,2,1531.00,116357
1787944533899,unknown,Stage0-6-0,0,-1,53434782,95000000,23,23469.00,1783645
1787944533899,unknown,Stage0-2-0,0,-1,13000000,21000000,2,1531.00,116357
1787944533901,unknown,Stage0-7-0,0,-1,59565217,104000000,23,23445.55,1783645
1787944533905,unknown,Stage0-3-0,0,-1,14500000,23000000,2,1713.00,116539
1787944534877,unknown,Stage0-0-0,0,-1,10500000,17000000,2,1529.47,119419
1787944534878,unknown,Stage0-4-0,0,-1,58695652,106000000,23,23445.55,1830583
1787944534896,unknown,Stage0-5-0,0,-1,58416666,103000000,24,23469.00,1807114
1787944534897,unknown,Stage0-1-0,0,-1,12000000,12000000,1,1529.47,117888
1787944534900,unknown,Stage0-6-0,0,-1,54833333,99000000,24,23445.55,1807114
1787944534900,unknown,Stage0-2-0,0,-1,11000000,11000000,1,1529.47,117888
1787944534901,unknown,Stage0-7-0,0,-1,55291666,97000000,24,23469.00,1807114
1787944534905,unknown,Stage0-3-0,0,-1,10500000,16000000,2,1518.00,118057
1787944535878,unknown,Stage0-0-0,0,-1,11000000,11000000,1,1529.47,120950
1787944535878,unknown,Stage0-4-0,0,-1,60791666,106000000,24,23469.00,1854052
1787944535897,unknown,Stage0-5-0,0,-1,56000000,101000000,23,23445.55,1830583
1787944535898,unknown,Stage0-1-0,0,-1,12000000,20000000,2,1529.47,119419
1787944535900,unknown,Stage0-6-0,0,-1,54869565,100000000,23,23469.00,1830583
1787944535900,unknown,Stage0-2-0,0,-1,11500000,19000000,2,1531.00,119419
1787944535902,unknown,Stage0-7-0,0,-1,52782608,97000000,23,23445.55,1830583
1787944535905,unknown,Stage0-3-0,0,-1,25000000,25000000,1,1538.00,119595
1787944536879,unknown,Stage0-0-0,0,-1,10000000,17000000,2,1529.47,122481
1787944536879,unknown,Stage0-4-0,0,-1,56739130,97000000,23,23445.55,1877521
1787944536897,unknown,Stage0-5-0,0,-1,53083333,95000000,24,23469.00,1854052
1787944536898,unknown,Stage0-1-0,0,-1,12000000,12000000,1,1531.00,120950
1787944536901,unknown,Stage0-6-0,0,-1,52666666,98000000,24,23445.55,1854052
1787944536901,unknown,Stage0-2-0,0,-1,11000000,11000000,1,1529.47,120950
1787944536902,unknown,Stage0-7-0,0,-1,56333333,99000000,24,23469.00,1854052
1787944536905,unknown,Stage0-3-0,0,-1,8500000,13000000,2,1531.00,121126
1787944537879,unknown,Stage0-0-0,0,-1,16500000,23000000,2,1531.00,124012
1787944537879,unknown,Stage0-4-0,0,-1,56347826,103000000,23,23469.00,1900990
1787944537898,unknown,Stage0-5-0,0,-1,56304347,101000000,23,23445.55,1877521
1787944537898,unknown,Stage0-1-0,0,-1,9000000,16000000,2,1531.00,122481
1787944537902,unknown,Stage0-6-0,0,-1,58391304,105000000,23,23445.55,1877521
1787944537902,unknown,Stage0-2-0,0,-1,10000000,17000000,2,1529.47,122481
1787944537902,unknown,Stage0-7-0,0,-1,56478260,99000000,23,23469.00,1877521
1787944537905,unknown,Stage0-3-0,0,-1,19000000,19000000,1,1484.00,122610
1787944538879,unknown,Stage0-0-0,0,-1,15000000,15000000,1,1531.00,125543
1787944538880,unknown,Stage0-4-0,0,-1,55375000,104000000,24,23445.55,1924459
1787944538898,unknown,Stage0-1-0,0,-1,16500000,24000000,2,1531.00,124012
1787944538898,unknown,Stage0-5-0,0,-1,61913043,107000000,23,23469.00,1900990
1787944538902,unknown,Stage0-6-0,0,-1,60521739,108000000,23,23469.00,1900990
1787944538902,unknown,Stage0-2-0,0,-1,17500000,25000000,2,1531.00,124012
1787944538903,unknown,Stage0-7-0,0,-1,54304347,103000000,23,23445.55,1900990
1787944538905,unknown,Stage0-3-0,0,-1,19000000,27000000,2,1478.00,124088
1787944539880,unknown,Stage0-0-0,0,-1,15000000,22000000,2,1529.47,127074
1787944539881,unknown,Stage0-4-0,0,-1,54391304,99000000,23,23445.55,1947928
1787944539899,unknown,Stage0-5-0,0,-1,55583333,101000000,24,23445.55,1924459
1787944539899,unknown,Stage0-1-0,0,-1,14000000,14000000,1,1529.47,125543
1787944539903,unknown,Stage0-2-0,0,-1,17000000,17000000,1,1529.47,125543
1787944539903,unknown,Stage0-6-0,0,-1,54375000,102000000,24,23445.55,1924459
1787944539903,unknown,Stage0-7-0,0,-1,51916666,97000000,24,23469.00,1924459
1787944539905,unknown,Stage0-3-0,0,-1,20000000,20000000,1,1555.00,125643
1787944540880,unknown,Stage0-0-0,0,-1,15000000,15000000,1,1531.00,128605
1787944540881,unknown,Stage0-4-0,0,-1,51916666,94000000,24,23469.00,1971397
1787944540899,unknown,Stage0-5-0,0,-1,50826086,90000000,23,23469.00,1947928
1787944540900,unknown,Stage0-1-0,0,-1,14500000,21000000,2,1529.47,127074
1787944540903,unknown,Stage0-2-0,0,-1,15500000,22000000,2,1543.00,127086
1787944540903,unknown,Stage0-7-0,0,-1,47826086,88000000,23,23469.00,1947928
1787944540903,unknown,Stage0-6-0,0,-1,50869565,94000000,23,23469.00,1947928
1787944540905,unknown,Stage0-3-0,0,-1,16000000,23000000,2,1469.00,127112
1787944541881,unknown,Stage0-0-0,0,-1,11500000,16000000,2,1529.47,130136
1787944541882,unknown,Stage0-4-0,0,-1,52043478,100000000,23,23445.55,1994866
1787944541899,unknown,Stage0-5-0,0,-1,55500000,101000000,24,23469.00,1971397
1787944541900,unknown,Stage0-1-0,0,-1,15000000,15000000,1,1548.00,128622
1787944541903,unknown,Stage0-2-0,0,-1,15000000,15000000,1,1519.00,128605
1787944541904,unknown,Stage0-6-0,0,-1,53958333,99000000,24,23445.55,1971397
1787944541904,unknown,Stage0-7-0,0,-1,58125000,105000000,24,23445.55,1971397
1787944541905,unknown,Stage0-3-0,0,-1,21000000,21000000,1,1546.00,128658
1787944542882,unknown,Stage0-0-0,0,-1,13000000,13000000,1,1529.47,131667
1787944542882,unknown,Stage0-4-0,0,-1,53250000,103000000,24,23469.00,2018335
1787944542900,unknown,Stage0-5-0,0,-1,53130434,94000000,23,23445.55,1994866
1787944542900,unknown,Stage0-1-0,0,-1,13000000,20000000,2,1514.00,130136
1787944542904,unknown,Stage0-2-0,0,-1,14500000,21000000,2,1529.47,130136
1787944542904,unknown,Stage0-6-0,0,-1,51695652,95000000,23,23469.00,1994866
1787944542905,unknown,Stage0-3-0,0,-1,15000000,22000000,2,1478.00,130136
1787944542905,unknown,Stage0-7-0,0,-1,50608695,91000000,23,23445.55,1994866
1787944543882,unknown,Stage0-0-0,0,-1,13000000,19000000,2,1531.00,133198
1787944543883,unknown,Stage0-4-0,0,-1,55695652,104000000,23,23445.55,2041804
1787944543900,unknown,Stage0-5-0,0,-1,58791666,105000000,24,23469.00,2018335
1787944543900,unknown,Stage0-1-0,0,-1,13000000,13000000,1,1531.00,131667
1787944543904,unknown,Stage0-6-0,0,-1,53125000,102000000,24,23469.00,2018335
1787944543904,unknown,Stage0-2-0,0,-1,14000000,14000000,1,1531.00,131667
1787944543905,unknown,Stage0-7-0,0,-1,62666666,111000000,24,23469.00,2018335
1787944543905,unknown,Stage0-3-0,0,-1,19000000,19000000,1,1531.00,131667
1787944544882,unknown,Stage0-0-0,0,-1,12000000,12000000,1,1531.00,134729
1787944544884,unknown,Stage0-4-0,0,-1,53500000,100000000,24,23445.55,2065273
1787944544901,unknown,Stage0-1-0,0,-1,12500000,19000000,2,1529.47,133198
1787944544901,unknown,Stage0-5-0,0,-1,54913043,94000000,23,23445.55,2041804
1787944544905,unknown,Stage0-6-0,0,-1,48608695,89000000,23,23445.55,2041804
1787944544905,unknown,Stage0-2-0,0,-1,13500000,20000000,2,1529.47,133198
1787944544905,unknown,Stage0-7-0,0,-1,53565217,95000000,23,23469.00,2041804
1787944544905,unknown,Stage0-3-0,0,-1,14500000,21000000,2,1531.00,133198
1787944545884,unknown,Stage0-0-0,0,-1,12000000,18000000,2,1527.94,136260
1787944545884,unknown,Stage0-4-0,0,-1,55347826,96000000,23,23469.00,2088742
1787944545902,unknown,Stage0-5-0,0,-1,57291666,104000000,24,23445.55,2065273
1787944545902,unknown,Stage0-1-0,0,-1,12000000,12000000,1,1529.47,134729
1787944545905,unknown,Stage0-7-0,0,-1,54875000,99000000,24,23469.00,2065273
1787944545905,unknown,Stage0-2-0,0,-1,14000000,14000000,1,1531.00,134729
1787944545905,unknown,Stage0-6-0,0,-1,55250000,99000000,24,23469.00,2065273
1787944545906,unknown,Stage0-3-0,0,-1,18000000,18000000,1,1529.47,134729
1787944546884,unknown,Stage0-0-0,0,-1,13000000,13000000,1,1531.00,137791
1787944546885,unknown,Stage0-4-0,0,-1,55500000,106000000,24,23445.55,2112211
1787944546902,unknown,Stage0-5-0,0,-1,56260869,99000000,23,23469.00,2088742
1787944546902,unknown,Stage0-1-0,0,-1,12500000,19000000,2,1531.00,136260
1787944546906,unknown,Stage0-6-0,0,-1,52217391,94000000,23,23445.55,2088742
1787944546906,unknown,Stage0-3-0,0,-1,16000000,25000000,2,1531.00,136260
1787944546909,unknown,Stage0-7-0,0,-1,52347826,96000000,23,23375.50,2088742
1787944546909,unknown,Stage0-2-0,0,-1,16500000,26000000,2,1524.90,136260
1787944547885,unknown,Stage0-0-0,0,-1,11500000,18000000,2,1529.47,139322
1787944547885,unknown,Stage0-4-0,0,-1,56913043,101000000,23,23469.00,2135680
1787944547903,unknown,Stage0-5-0,0,-1,56208333,102000000,24,23445.55,2112211
1787944547903,unknown,Stage0-1-0,0,-1,11000000,11000000,1,1529.47,137791
1787944547906,unknown,Stage0-6-0,0,-1,52958333,98000000,24,23469.00,2112211
1787944547907,unknown,Stage0-3-0,0,-1,15000000,15000000,1,1529.47,137791
1787944547909,unknown,Stage0-7-0,0,-1,60791666,108000000,24,23684.00,2112426
1787944547909,unknown,Stage0-2-0,0,-1,15000000,15000000,1,1677.00,137937
1787944548885,unknown,Stage0-0-0,0,-1,11000000,11000000,1,1531.00,140853
1787944548886,unknown,Stage0-4-0,0,-1,48375000,96000000,24,23445.55,2159149
1787944548903,unknown,Stage0-5-0,0,-1,52913043,93000000,23,23469.00,2135680
1787944548904,unknown,Stage0-1-0,0,-1,12000000,20000000,2,1529.47,139322
1787944548907,unknown,Stage0-6-0,0,-1,52608695,97000000,23,23445.55,2135680
1787944548907,unknown,Stage0-3-0,0,-1,16500000,26000000,2,1531.00,139322
1787944548909,unknown,Stage0-7-0,0,-1,57652173,103000000,23,23470.00,2135896
1787944548909,unknown,Stage0-2-0,0,-1,12000000,19000000,2,1544.00,139481
1787944549886,unknown,Stage0-0-0,0,-1,10000000,16000000,2,1529.47,142384
1787944549887,unknown,Stage0-4-0,0,-1,52608695,94000000,23,23445.55,2182618
1787944549904,unknown,Stage0-1-0,0,-1,11000000,11000000,1,1531.00,140853
1787944549904,unknown,Stage0-5-0,0,-1,55000000,104000000,24,23445.55,2159149
1787944549907,unknown,Stage0-6-0,0,-1,52541666,95000000,24,23469.00,2159149
1787944549907,unknown,Stage0-3-0,0,-1,17000000,17000000,1,1531.00,140853
1787944549909,unknown,Stage0-7-0,0,-1,56333333,102000000,24,23430.00,2159326
1787944549909,unknown,Stage0-2-0,0,-1,12000000,12000000,1,1496.00,140977
1787944550886,unknown,Stage0-0-0,0,-1,10000000,10000000,1,1531.00,143915
1787944550887,unknown,Stage0-4-0,0,-1,56208333,101000000,24,23469.00,2206087
1787944550904,unknown,Stage0-5-0,0,-1,58478260,105000000,23,23469.00,2182618
1787944550904,unknown,Stage0-1-0,0,-1,10500000,17000000,2,1531.00,142384
1787944550907,unknown,Stage0-3-0,0,-1,15000000,25000000,2,1531.00,142384
1787944550908,unknown,Stage0-6-0,0,-1,54782608,96000000,23,23445.55,2182618
1787944550909,unknown,Stage0-7-0,0,-1,58217391,97000000,23,23490.00,2182816
1787944550909,unknown,Stage0-2-0,0,-1,10500000,17000000,2,1478.00,142455
1787944551887,unknown,Stage0-4-0,0,-1,55913043,94000000,23,23469.00,2229556
1787944551887,unknown,Stage0-0-0,0,-1,10000000,16000000,2,1529.47,145446
1787944551904,unknown,Stage0-5-0,0,-1,54333333,100000000,24,23469.00,2206087
1787944551905,unknown,Stage0-1-0,0,-1,10000000,10000000,1,1529.47,143915
1787944551908,unknown,Stage0-3-0,0,-1,15000000,15000000,1,1529.47,143915
1787944551909,unknown,Stage0-7-0,0,-1,49041666,93000000,24,23324.00,2206140
1787944551909,unknown,Stage0-2-0,0,-1,11000000,11000000,1,1476.00,143931
1787944551915,unknown,Stage0-6-0,0,-1,53166666,95000000,24,23305.86,2206087
1787944552887,unknown,Stage0-0-0,0,-1,10000000,10000000,1,1531.00,146977
1787944552888,unknown,Stage0-4-0,0,-1,58833333,101000000,24,23445.55,2253025
1787944552904,unknown,Stage0-5-0,0,-1,57086956,104000000,23,23469.00,2229556
1787944552905,unknown,Stage0-1-0,0,-1,10500000,17000000,2,1531.00,145446
1787944552909,unknown,Stage0-2-0,0,-1,13000000,22000000,2,1536.00,145467
1787944552909,unknown,Stage0-7-0,0,-1,56652173,98000000,23,23416.00,2229556
1787944552909,unknown,Stage0-3-0,0,-1,14000000,23000000,2,1529.47,145446
1787944552915,unknown,Stage0-6-0,0,-1,56583333,100000000,24,24417.00,2230504
1787944553888,unknown,Stage0-0-0,0,-1,10000000,17000000,2,1529.47,148508
1787944553888,unknown,Stage0-4-0,0,-1,60391304,105000000,23,23469.00,2276494
1787944553906,unknown,Stage0-1-0,0,-1,10000000,10000000,1,1529.47,146977
1787944553906,unknown,Stage0-5-0,0,-1,59000000,105000000,24,23422.16,2253025
1787944553909,unknown,Stage0-2-0,0,-1,10000000,10000000,1,1510.00,146977
1787944553909,unknown,Stage0-3-0,0,-1,14000000,14000000,1,1531.00,146977
1787944553909,unknown,Stage0-7-0,0,-1,55791666,100000000,24,23469.00,2253025
1787944553915,unknown,Stage0-6-0,0,-1,56125000,104000000,24,23645.00,2254149
1787944554888,unknown,Stage0-0-0,0,-1,13500000,18000000,2,1531.00,150039
1787944554889,unknown,Stage0-4-0,0,-1,56217391,100000000,23,23445.55,2299963
1787944554906,unknown,Stage0-5-0,0,-1,56086956,99000000,23,23470.00,2276495
1787944554906,unknown,Stage0-1-0,0,-1,10500000,19000000,2,1531.00,148508
1787944554909,unknown,Stage0-2-0,0,-1,10000000,17000000,2,1531.00,148508
1787944554910,unknown,Stage0-3-0,0,-1,14000000,24000000,2,1529.47,148508
1787944554911,unknown,Stage0-7-0,0,-1,54826086,95000000,23,23422.16,2276494
1787944554915,unknown,Stage0-6-0,0,-1,53565217,92000000,23,23223.00,2277372
1787944555889,unknown,Stage0-0-0,0,-1,15000000,15000000,1,1529.47,151570
1787944555890,unknown,Stage0-4-0,0,-1,64291666,119000000,24,23445.55,2323432
1787944555906,unknown,Stage0-5-0,0,-1,52826086,96000000,23,23468.00,2299963
1787944555906,unknown,Stage0-1-0,0,-1,18000000,26000000,2,1531.00,150039
1787944555910,unknown,Stage0-2-0,0,-1,15500000,22000000,2,1529.47,150039
1787944555910,unknown,Stage0-3-0,0,-1,20500000,28000000,2,1531.00,150039
1787944555912,unknown,Stage0-7-0,0,-1,65000000,108000000,23,23445.55,2299963
1787944555915,unknown,Stage0-6-0,0,-1,50391304,90000000,23,23449.00,2300821
1787944556890,unknown,Stage0-0-0,0,-1,20000000,30000000,2,1529.47,153101
1787944556890,unknown,Stage0-4-0,0,-1,58565217,99000000,23,23469.00,2346901
1787944556906,unknown,Stage0-5-0,0,-1,55375000,104000000,24,23469.00,2323432
1787944556907,unknown,Stage0-1-0,0,-1,15000000,15000000,1,1529.47,151570
1787944556910,unknown,Stage0-2-0,0,-1,17000000,17000000,1,1531.00,151570
1787944556910,unknown,Stage0-3-0,0,-1,22000000,22000000,1,1531.00,151570
1787944556912,unknown,Stage0-7-0,0,-1,57541666,106000000,24,23508.00,2323471
1787944556915,unknown,Stage0-6-0,0,-1,53083333,98000000,24,23251.00,2324072
1787944557890,unknown,Stage0-0-0,0,-1,14000000,14000000,1,1531.00,154632
1787944557891,unknown,Stage0-4-0,0,-1,55833333,96000000,24,23445.55,2370370
1787944557907,unknown,Stage0-5-0,0,-1,53391304,99000000,23,23445.55,2346901
1787944557908,unknown,Stage0-1-0,0,-1,14500000,21000000,2,1529.47,153101
1787944557912,unknown,Stage0-2-0,0,-1,17000000,24000000,2,1527.94,153101
1787944557912,unknown,Stage0-7-0,0,-1,50304347,91000000,23,23430.00,2346901
1787944557915,unknown,Stage0-6-0,0,-1,50608695,93000000,23,23284.00,2347356
1787944557920,unknown,Stage0-3-0,0,-1,17500000,25000000,2,1515.84,153101
1787944558891,unknown,Stage0-0-0,0,-1,20500000,33000000,2,1529.47,156163
1787944558892,unknown,Stage0-4-0,0,-1,63173913,106000000,23,23445.55,2393839
1787944558908,unknown,Stage0-5-0,0,-1,58208333,105000000,24,23445.55,2370370
1787944558908,unknown,Stage0-1-0,0,-1,18000000,18000000,1,1531.00,154632
1787944558912,unknown,Stage0-2-0,0,-1,16000000,16000000,1,1546.00,154647
1787944558912,unknown,Stage0-7-0,0,-1,58000000,100000000,24,23469.00,2370370
1787944558915,unknown,Stage0-6-0,0,-1,56434782,96000000,23,23438.00,2370794
1787944558920,unknown,Stage0-3-0,0,-1,16500000,25000000,2,2040.00,155141
1787944559891,unknown,Stage0-0-0,0,-1,13000000,13000000,1,1531.00,157694
1787944559892,unknown,Stage0-4-0,0,-1,60833333,110000000,24,23469.00,2417308
1787944559908,unknown,Stage0-5-0,0,-1,58086956,104000000,23,23469.00,2393839
1787944559909,unknown,Stage0-1-0,0,-1,13000000,20000000,2,1529.47,156163
1787944559912,unknown,Stage0-7-0,0,-1,70173913,116000000,23,23469.00,2393839
1787944559913,unknown,Stage0-2-0,0,-1,14500000,21000000,2,1514.49,156163
1787944559915,unknown,Stage0-6-0,0,-1,54708333,104000000,24,23415.00,2394209
1787944559920,unknown,Stage0-3-0,0,-1,23000000,23000000,1,1380.00,156521
1787944560892,unknown,Stage0-0-0,0,-1,12000000,18000000,2,1529.47,159225
1787944560893,unknown,Stage0-4-0,0,-1,58086956,103000000,23,23445.55,2440777
1787944560909,unknown,Stage0-5-0,0,-1,53875000,100000000,24,23445.55,2417308
1787944560909,unknown,Stage0-1-0,0,-1,14000000,14000000,1,1531.00,157694
1787944560913,unknown,Stage0-2-0,0,-1,18000000,18000000,1,1531.00,157694
1787944560913,unknown,Stage0-7-0,0,-1,58625000,105000000,24,23445.55,2417308
1787944560915,unknown,Stage0-6-0,0,-1,58391304,105000000,23,23386.00,2417595
1787944560920,unknown,Stage0-3-0,0,-1,13500000,19000000,2,1544.00,158065
1787944561893,unknown,Stage0-0-0,0,-1,12000000,12000000,1,1529.47,160756
1787944561894,unknown,Stage0-4-0,0,-1,56208333,102000000,24,23445.55,2464246
1787944561909,unknown,Stage0-5-0,0,-1,54260869,95000000,23,23469.00,2440777
1787944561910,unknown,Stage0-1-0,0,-1,12500000,19000000,2,1529.47,159225
1787944561914,unknown,Stage0-2-0,0,-1,17000000,26000000,2,1529.47,159225
1787944561914,unknown,Stage0-7-0,0,-1,61478260,107000000,23,23445.55,2440777
1787944561915,unknown,Stage0-6-0,0,-1,53347826,98000000,23,23335.00,2440930
1787944561920,unknown,Stage0-3-0,0,-1,27000000,27000000,1,1495.00,159560
1787944562894,unknown,Stage0-0-0,0,-1,12000000,19000000,2,1529.47,162287
1787944562895,unknown,Stage0-4-0,0,-1,56695652,101000000,23,23445.55,2487715
1787944562910,unknown,Stage0-5-0,0,-1,54875000,97000000,24,23445.55,2464246
1787944562910,unknown,Stage0-1-0,0,-1,13000000,13000000,1,1531.00,160756
1787944562914,unknown,Stage0-7-0,0,-1,54416666,101000000,24,23469.00,2464246
1787944562914,unknown,Stage0-2-0,0,-1,17000000,17000000,1,1531.00,160756
1787944562915,unknown,Stage0-6-0,0,-1,48708333,96000000,24,23329.00,2464259
1787944562920,unknown,Stage0-3-0,0,-1,13000000,18000000,2,1489.00,161049
1787944563894,unknown,Stage0-0-0,0,-1,12000000,12000000,1,1531.00,163818
1787944563895,unknown,Stage0-4-0,0,-1,59666666,107000000,24,23469.00,2511184
1787944563911,unknown,Stage0-5-0,0,-1,60521739,103000000,23,23445.55,2487715
1787944563911,unknown,Stage0-1-0,0,-1,13000000,20000000,2,1529.47,162287
1787944563914,unknown,Stage0-7-0,0,-1,51304347,94000000,23,23469.00,2487715
1787944563915,unknown,Stage0-2-0,0,-1,12500000,19000000,2,1529.47,162287
1787944563916,unknown,Stage0-6-0,0,-1,58260869,104000000,23,23432.57,2487715
1787944563920,unknown,Stage0-3-0,0,-1,26000000,26000000,1,1531.00,162580
1787944564894,unknown,Stage0-0-0,0,-1,12500000,19000000,2,1531.00,165349
1787944564895,unknown,Stage0-4-0,0,-1,60695652,107000000,23,23469.00,2534653
1787944564911,unknown,Stage0-1-0,0,-1,12000000,12000000,1,1531.00,163818
1787944564911,unknown,Stage0-5-0,0,-1,54666666,100000000,24,23469.00,2511184
1787944564915,unknown,Stage0-2-0,0,-1,11000000,11000000,1,1531.00,163818
1787944564915,unknown,Stage0-7-0,0,-1,52958333,95000000,24,23445.55,2511184
1787944564916,unknown,Stage0-6-0,0,-1,51083333,92000000,24,23496.00,2511211
1787944564920,unknown,Stage0-3-0,0,-1,11000000,16000000,2,1516.00,164096
1787944565896,unknown,Stage0-0-0,0,-1,11000000,11000000,1,1527.94,166880
1787944565896,unknown,Stage0-4-0,0,-1,54708333,100000000,24,23445.55,2558122
1787944565911,unknown,Stage0-5-0,0,-1,56391304,99000000,23,23469.00,2534653
1787944565912,unknown,Stage0-1-0,0,-1,10500000,17000000,2,1529.47,165349
1787944565916,unknown,Stage0-6-0,0,-1,54478260,95000000,23,23444.00,2534655
1787944565916,unknown,Stage0-7-0,0,-1,52826086,91000000,23,23445.55,2534653
1787944565916,unknown,Stage0-2-0,0,-1,14500000,24000000,2,1529.47,165349
1787944565920,unknown,Stage0-3-0,0,-1,24000000,24000000,1,1538.00,165634
1787944566896,unknown,Stage0-0-0,0,-1,10500000,17000000,2,1531.00,168411
1787944566897,unknown,Stage0-4-0,0,-1,56130434,96000000,23,23445.55,2581591
1787944566911,unknown,Stage0-5-0,0,-1,58250000,102000000,24,23469.00,2558122
1787944566912,unknown,Stage0-1-0,0,-1,11000000,11000000,1,1531.00,166880
1787944566916,unknown,Stage0-7-0,0,-1,58750000,104000000,24,23469.00,2558122
1787944566916,unknown,Stage0-2-0,0,-1,14000000,14000000,1,1531.00,166880
1787944566916,unknown,Stage0-6-0,0,-1,49666666,94000000,24,23467.00,2558122
1787944566920,unknown,Stage0-3-0,0,-1,8500000,13000000,2,1535.00,167169
1787944567897,unknown,Stage0-0-0,0,-1,9000000,9000000,1,1529.47,169942
1787944567898,unknown,Stage0-4-0,0,-1,55583333,97000000,24,23445.55,2605060
1787944567912,unknown,Stage0-5-0,0,-1,54434782,100000000,23,23445.55,2581591
1787944567912,unknown,Stage0-1-0,0,-1,11000000,18000000,2,1531.00,168411
1787944567916,unknown,Stage0-2-0,0,-1,13000000,22000000,2,1531.00,168411
1787944567916,unknown,Stage0-7-0,0,-1,59565217,101000000,23,23469.00,2581591
1787944567917,unknown,Stage0-6-0,0,-1,50260869,94000000,23,23445.55,2581591
1787944567920,unknown,Stage0-3-0,0,-1,21000000,21000000,1,1417.00,168586
1787944568897,unknown,Stage0-0-0,0,-1,10000000,16000000,2,1531.00,171473
1787944568898,unknown,Stage0-4-0,0,-1,60260869,105000000,23,23469.00,2628529
1787944568914,unknown,Stage0-5-0,0,-1,54958333,105000000,24,23422.16,2605060
1787944568914,unknown,Stage0-1-0,0,-1,9000000,9000000,1,1527.94,169942
1787944568917,unknown,Stage0-2-0,0,-1,10000000,10000000,1,1529.47,169942
1787944568917,unknown,Stage0-6-0,0,-1,57541666,106000000,24,23469.00,2605060
1787944568917,unknown,Stage0-7-0,0,-1,59250000,110000000,24,23445.55,2605060
1787944568920,unknown,Stage0-3-0,0,-1,8500000,13000000,2,1528.00,170114
1787944569899,unknown,Stage0-0-0,0,-1,13500000,18000000,2,1527.94,173004
1787944569899,unknown,Stage0-4-0,0,-1,71347826,152000000,23,23445.55,2651998
1787944569914,unknown,Stage0-5-0,0,-1,88565217,158000000,23,23469.00,2628529
1787944569915,unknown,Stage0-1-0,0,-1,10000000,17000000,2,1529.47,171473
1787944569917,unknown,Stage0-6-0,0,-1,86217391,154000000,23,23469.00,2628529
1787944569918,unknown,Stage0-7-0,0,-1,90260869,150000000,23,23445.55,2628529
1787944569918,unknown,Stage0-2-0,0,-1,12500000,22000000,2,1529.47,171473
1787944569920,unknown,Stage0-3-0,0,-1,17000000,17000000,1,1522.00,171636
1787944570899,unknown,Stage0-0-0,0,-1,18000000,18000000,1,1531.00,174535
1787944570900,unknown,Stage0-4-0,0,-1,57750000,107000000,24,23445.55,2675467
1787944570914,unknown,Stage0-5-0,0,-1,50583333,98000000,24,23473.00,2652002
1787944570915,unknown,Stage0-1-0,0,-1,20000000,28000000,2,1531.00,173004
1787944570918,unknown,Stage0-6-0,0,-1,52130434,98000000,23,23445.55,2651998
1787944570919,unknown,Stage0-7-0,0,-1,59521739,108000000,23,23445.55,2651998
1787944570919,unknown,Stage0-2-0,0,-1,22000000,30000000,2,1529.47,173004
1787944570920,unknown,Stage0-3-0,0,-1,16500000,22000000,2,1468.00,173104
1787944571900,unknown,Stage0-0-0,0,-1,17000000,25000000,2,1529.47,176066
1787944571900,unknown,Stage0-4-0,0,-1,48608695,91000000,23,23469.00,2698936
1787944571915,unknown,Stage0-5-0,0,-1,57478260,108000000,23,23441.56,2675467
1787944571915,unknown,Stage0-1-0,0,-1,12000000,12000000,1,1531.00,174535
1787944571919,unknown,Stage0-6-0,0,-1,59916666,104000000,24,23445.55,2675467
1787944571919,unknown,Stage0-2-0,0,-1,20000000,20000000,1,1531.00,174535
1787944571919,unknown,Stage0-7-0,0,-1,57333333,108000000,24,23469.00,2675467
1787944571920,unknown,Stage0-3-0,0,-1,20000000,20000000,1,1512.00,174616
1787944572900,unknown,Stage0-0-0,0,-1,14000000,14000000,1,1531.00,177597
1787944572901,unknown,Stage0-4-0,0,-1,61041666,133000000,24,23445.55,2722405
1787944572915,unknown,Stage0-1-0,0,-1,16000000,23000000,2,1531.00,176066
1787944572916,unknown,Stage0-5-0,0,-1,59043478,112000000,23,23445.55,2698936
1787944572919,unknown,Stage0-6-0,0,-1,60956521,119000000,23,23469.00,2698936
1787944572920,unknown,Stage0-3-0,0,-1,18500000,27000000,2,1504.00,176120
1787944572920,unknown,Stage0-7-0,0,-1,59260869,104000000,23,23445.55,2698936
1787944572929,unknown,Stage0-2-0,0,-1,19000000,28000000,2,1515.84,176066
1787944573901,unknown,Stage0-0-0,0,-1,15000000,22000000,2,1529.47,179128
1787944573901,unknown,Stage0-4-0,0,-1,63130434,106000000,23,23469.00,2745874
1787944573916,unknown,Stage0-1-0,0,-1,14000000,14000000,1,1529.47,177597
1787944573916,unknown,Stage0-5-0,0,-1,67166666,119000000,24,23469.00,2722405
1787944573920,unknown,Stage0-3-0,0,-1,18000000,18000000,1,1479.00,177599
1787944573920,unknown,Stage0-6-0,0,-1,50666666,91000000,24,23445.55,2722405
1787944573920,unknown,Stage0-7-0,0,-1,47541666,76000000,24,23469.00,2722405
1787944573929,unknown,Stage0-2-0,0,-1,19000000,28000000,2,2029.00,178095
1787944574901,unknown,Stage0-0-0,0,-1,14000000,14000000,1,1531.00,180659
1787944574902,unknown,Stage0-4-0,0,-1,80541666,140000000,24,23445.55,2769343
1787944574917,unknown,Stage0-5-0,0,-1,89130434,155000000,23,23445.55,2745874
1787944574917,unknown,Stage0-1-0,0,-1,16500000,25000000,2,1529.47,179128
1787944574921,unknown,Stage0-7-0,0,-1,60826086,121000000,23,23445.55,2745874
1787944574921,unknown,Stage0-3-0,0,-1,19000000,29000000,2,1527.47,179128
1787944574921,unknown,Stage0-6-0,0,-1,78956521,151000000,23,23445.55,2745874
1787944574929,unknown,Stage0-2-0,0,-1,28000000,28000000,1,1375.00,179470
1787944575902,unknown,Stage0-0-0,0,-1,19500000,30000000,2,1529.47,182190
1787944575902,unknown,Stage0-4-0,0,-1,80782608,159000000,23,23469.00,2792812
1787944575917,unknown,Stage0-5-0,0,-1,100625000,180000000,24,23469.00,2769343
1787944575917,unknown,Stage0-1-0,0,-1,22000000,22000000,1,1531.00,180659
1787944575921,unknown,Stage0-3-0,0,-1,25000000,25000000,1,1531.00,180659
1787944575921,unknown,Stage0-7-0,0,-1,74708333,146000000,24,23469.00,2769343
1787944575921,unknown,Stage0-6-0,0,-1,94208333,176000000,24,23469.00,2769343
1787944575929,unknown,Stage0-2-0,0,-1,24000000,24000000,1,1469.00,180939
1787944576903,unknown,Stage0-0-0,0,-1,17000000,17000000,1,1529.47,183721
1787944576903,unknown,Stage0-4-0,0,-1,94583333,184000000,24,23445.55,2816281
1787944576917,unknown,Stage0-5-0,0,-1,97478260,175000000,23,23469.00,2792812
1787944576918,unknown,Stage0-1-0,0,-1,23000000,37000000,2,1529.47,182190
1787944576921,unknown,Stage0-7-0,0,-1,90739130,148000000,23,23469.00,2792812
1787944576921,unknown,Stage0-6-0,0,-1,75173913,144000000,23,23469.00,2792812
1787944576921,unknown,Stage0-3-0,0,-1,23000000,35000000,2,1531.00,182190
1787944576929,unknown,Stage0-2-0,0,-1,22000000,32000000,2,1706.00,182645
1787944577903,unknown,Stage0-0-0,0,-1,42500000,77000000,4,3444.00,187165
1787944577903,unknown,Stage0-4-0,0,-1,193113207,393000000,53,52806.00,2869087
1787944577918,unknown,Stage0-5-0,0,-1,95875000,177000000,24,23445.55,2816281
1787944577918,unknown,Stage0-1-0,0,-1,19000000,19000000,1,1531.00,183721
1787944577922,unknown,Stage0-3-0,0,-1,15000000,15000000,1,1529.47,183721
1787944577922,unknown,Stage0-6-0,0,-1,75708333,146000000,24,23445.55,2816281
1787944577922,unknown,Stage0-7-0,0,-1,65416666,133000000,24,23445.55,2816281
1787944577929,unknown,Stage0-2-0,0,-1,11000000,15000000,2,1465.00,184110
1787944578903,unknown,Stage0-0-0,0,-1,41333333,62000000,3,3444.00,190609
1787944578905,unknown,Stage0-4-0,0,-1,220519230,443000000,52,52700.60,2921893
1787944578918,unknown,Stage0-5-0,0,-1,203000000,418000000,53,52806.00,2869087
1787944578919,unknown,Stage0-1-0,0,-1,34000000,66000000,4,3440.56,187165
1787944578922,unknown,Stage0-7-0,0,-1,216188679,450000000,53,52806.00,2869087
1787944578922,unknown,Stage0-6-0,0,-1,223320754,455000000,53,52806.00,2869087
1787944578922,unknown,Stage0-3-0,0,-1,46250000,88000000,4,3444.00,187165
1787944578929,unknown,Stage0-2-0,0,-1,58333333,85000000,3,3488.00,187598
1787944579904,unknown,Stage0-0-0,0,-1,42000000,76000000,4,3440.56,194053
1787944579905,unknown,Stage0-4-0,0,-1,206679245,387000000,53,53021.00,2974914
1787944579919,unknown,Stage0-5-0,0,-1,217923076,435000000,52,52753.25,2921893
1787944579919,unknown,Stage0-1-0,0,-1,38333333,53000000,3,3444.00,190609
1787944579922,unknown,Stage0-6-0,0,-1,169423076,289000000,52,52806.00,2921893
1787944579923,unknown,Stage0-3-0,0,-1,53000000,76000000,3,3440.56,190609
1787944579925,unknown,Stage0-7-0,0,-1,157057692,280000000,52,52648.06,2921893
1787944579929,unknown,Stage0-2-0,0,-1,25333333,43000000,3,3247.00,190845
1787944580904,unknown,Stage0-0-0,0,-1,31666666,43000000,3,3444.00,197497
1787944580905,unknown,Stage0-4-0,0,-1,191622641,397000000,53,52591.00,3027505
1787944580920,unknown,Stage0-5-0,0,-1,226698113,457000000,53,52753.25,2974699
1787944580920,unknown,Stage0-1-0,0,-1,42750000,74000000,4,3440.56,194053
1787944580922,unknown,Stage0-6-0,0,-1,159547169,349000000,53,52806.00,2974699
1787944580923,unknown,Stage0-3-0,0,-1,38250000,59000000,4,3444.00,194053
1787944580925,unknown,Stage0-7-0,0,-1,148207547,283000000,53,52900.00,2974793
1787944580929,unknown,Stage0-2-0,0,-1,42000000,67000000,4,3671.00,194516
1787944581905,unknown,Stage0-0-0,0,-1,36666666,58000000,3,3440.56,200941
1787944581906,unknown,Stage0-4-0,0,-1,214584905,422000000,53,52753.25,3080311
1787944581920,unknown,Stage0-1-0,0,-1,43666666,65000000,3,3444.00,197497
1787944581921,unknown,Stage0-5-0,0,-1,222320754,455000000,53,52753.25,3027505
1787944581923,unknown,Stage0-6-0,0,-1,217264150,450000000,53,52753.25,3027505
1787944581924,unknown,Stage0-3-0,0,-1,52333333,73000000,3,3440.56,197497
1787944581925,unknown,Stage0-7-0,0,-1,157075471,337000000,53,52805.00,3027598
1787944581929,unknown,Stage0-2-0,0,-1,33333333,54000000,3,3295.00,197811
1787944582906,unknown,Stage0-0-0,0,-1,33750000,66000000,4,3440.56,204385
1787944582906,unknown,Stage0-4-0,0,-1,209358490,412000000,53,52806.00,3133117
1787944582921,unknown,Stage0-5-0,0,-1,196415094,376000000,53,52806.00,3080311
1787944582922,unknown,Stage0-1-0,0,-1,36666666,57000000,3,3437.13,200941
1787944582923,unknown,Stage0-6-0,0,-1,226584905,462000000,53,52806.00,3080311
1787944582924,unknown,Stage0-3-0,0,-1,38333333,59000000,3,3444.00,200941
1787944582925,unknown,Stage0-7-0,0,-1,175132075,354000000,53,52790.00,3080388
1787944582929,unknown,Stage0-2-0,0,-1,25500000,53000000,4,3311.00,201122
1787944583906,unknown,Stage0-0-0,0,-1,35333333,54000000,3,3444.00,207829
1787944583907,unknown,Stage0-4-0,0,-1,207788461,393000000,52,52753.25,3185923
1787944583921,unknown,Stage0-5-0,0,-1,223981132,440000000,53,52806.00,3133117
1787944583922,unknown,Stage0-1-0,0,-1,33000000,62000000,4,3458.00,204399
1787944583924,unknown,Stage0-3-0,0,-1,27250000,53000000,4,3444.00,204385
1787944583925,unknown,Stage0-7-0,0,-1,193509433,395000000,53,52764.00,3133152
1787944583925,unknown,Stage0-6-0,0,-1,209301886,418000000,53,52700.60,3133117
1787944583929,unknown,Stage0-2-0,0,-1,46000000,67000000,3,3412.00,204534
1787944584907,unknown,Stage0-0-0,0,-1,39250000,73000000,4,3440.56,211273
1787944584907,unknown,Stage0-4-0,0,-1,207339622,417000000,53,52806.00,3238729
1787944584921,unknown,Stage0-5-0,0,-1,221076923,411000000,52,52806.00,3185923
1787944584923,unknown,Stage0-1-0,0,-1,36333333,56000000,3,3426.57,207829
1787944584925,unknown,Stage0-6-0,0,-1,201211538,385000000,52,52806.00,3185923
1787944584925,unknown,Stage0-7-0,0,-1,194038461,382000000,52,52771.00,3185923
1787944584926,unknown,Stage0-3-0,0,-1,38000000,60000000,3,3437.13,207829
1787944584929,unknown,Stage0-2-0,0,-1,34500000,70000000,4,3504.00,208038
1787944585907,unknown,Stage0-0-0,0,-1,39000000,60000000,3,3444.00,214717
1787944585908,unknown,Stage0-4-0,0,-1,202811320,394000000,53,52753.25,3291535
1787944585923,unknown,Stage0-5-0,0,-1,191962264,387000000,53,52700.60,3238729
1787944585923,unknown,Stage0-1-0,0,-1,25500000,47000000,4,3444.00,211273
1787944585925,unknown,Stage0-6-0,0,-1,194509433,375000000,53,52806.00,3238729
1787944585926,unknown,Stage0-3-0,0,-1,48500000,88000000,4,3444.00,211273
1787944585926,unknown,Stage0-7-0,0,-1,188679245,383000000,53,52753.25,3238729
1787944585929,unknown,Stage0-2-0,0,-1,45333333,67000000,3,3317.00,211355
1787944586908,unknown,Stage0-0-0,0,-1,23750000,48000000,4,3440.56,218161
1787944586909,unknown,Stage0-4-0,0,-1,204037735,416000000,53,52753.25,3344341
1787944586923,unknown,Stage0-5-0,0,-1,227264150,458000000,53,52806.00,3291535
1787944586923,unknown,Stage0-1-0,0,-1,39000000,59000000,3,3444.00,214717
1787944586925,unknown,Stage0-6-0,0,-1,191735849,381000000,53,52806.00,3291535
1787944586926,unknown,Stage0-7-0,0,-1,202566037,398000000,53,52806.00,3291535
1787944586926,unknown,Stage0-3-0,0,-1,50000000,74000000,3,3444.00,214717
1787944586929,unknown,Stage0-2-0,0,-1,43666666,61000000,3,3537.00,214892
1787944587909,unknown,Stage0-4-0,0,-1,209641509,397000000,53,52806.00,3397147
1787944587909,unknown,Stage0-0-0,0,-1,42333333,64000000,3,3440.56,221605
1787944587924,unknown,Stage0-5-0,0,-1,226188679,459000000,53,52753.25,3344341
1787944587925,unknown,Stage0-1-0,0,-1,25750000,52000000,4,3437.13,218161
1787944587926,unknown,Stage0-3-0,0,-1,30500000,52000000,4,3444.00,218161
1787944587926,unknown,Stage0-6-0,0,-1,178811320,367000000,53,52753.25,3344341
1787944587927,unknown,Stage0-7-0,0,-1,193471698,375000000,53,52753.25,3344341
1787944587929,unknown,Stage0-2-0,0,-1,38750000,70000000,4,3338.00,218230
1787944588910,unknown,Stage0-0-0,0,-1,42500000,76000000,4,3440.56,225049
1787944588910,unknown,Stage0-4-0,0,-1,187096153,396000000,52,52753.25,3449953
1787944588924,unknown,Stage0-5-0,0,-1,230509433,458000000,53,52806.00,3397147
1787944588925,unknown,Stage0-1-0,0,-1,42333333,62000000,3,3458.00,221619
1787944588927,unknown,Stage0-3-0,0,-1,35333333,56000000,3,3440.56,221605
1787944588927,unknown,Stage0-6-0,0,-1,211075471,417000000,53,52753.25,3397147
1787944588928,unknown,Stage0-7-0,0,-1,180830188,359000000,53,52753.25,3397147
1787944588929,unknown,Stage0-2-0,0,-1,33333333,44000000,3,3483.00,221713
1787944589910,unknown,Stage0-0-0,0,-1,42666666,64000000,3,3444.00,228493
1787944589910,unknown,Stage0-4-0,0,-1,223905660,454000000,53,52806.00,3502759
1787944589924,unknown,Stage0-5-0,0,-1,207365384,395000000,52,52806.00,3449953
1787944589925,unknown,Stage0-1-0,0,-1,31000000,55000000,4,3430.00,225049
1787944589927,unknown,Stage0-6-0,0,-1,218192307,425000000,52,52806.00,3449953
1787944589928,unknown,Stage0-3-0,0,-1,25250000,43000000,4,3440.56,225049
1787944589928,unknown,Stage0-7-0,0,-1,220634615,424000000,52,52806.00,3449953
1787944589929,unknown,Stage0-2-0,0,-1,40500000,72000000,4,3375.00,225088
1787944590910,unknown,Stage0-0-0,0,-1,30333333,49000000,3,3444.00,231937
1787944590911,unknown,Stage0-4-0,0,-1,170943396,327000000,53,52753.25,3555565
1787944590925,unknown,Stage0-5-0,0,-1,209415094,428000000,53,52753.25,3502759
1787944590926,unknown,Stage0-1-0,0,-1,54666666,80000000,3,3440.56,228493
1787944590928,unknown,Stage0-6-0,0,-1,193132075,383000000,53,52753.25,3502759
1787944590928,unknown,Stage0-3-0,0,-1,56333333,84000000,3,3444.00,228493
1787944590929,unknown,Stage0-7-0,0,-1,196641509,403000000,53,52753.25,3502759
1787944590929,unknown,Stage0-2-0,0,-1,35666666,58000000,3,3424.00,228512
1787944591911,unknown,Stage0-0-0,0,-1,20000000,37000000,4,3440.56,235381
1787944591911,unknown,Stage0-4-0,0,-1,200981132,403000000,53,52806.00,3608371
1787944591925,unknown,Stage0-5-0,0,-1,183018867,384000000,53,52806.00,3555565
1787944591926,unknown,Stage0-1-0,0,-1,32666666,52000000,3,3444.00,231937
1787944591928,unknown,Stage0-6-0,0,-1,202358490,423000000,53,52806.00,3555565
1787944591929,unknown,Stage0-2-0,0,-1,36000000,58000000,3,3450.00,231962
1787944591929,unknown,Stage0-3-0,0,-1,36333333,58000000,3,3440.56,231937
1787944591932,unknown,Stage0-7-0,0,-1,206641509,431000000,53,52648.06,3555565
1787944592912,unknown,Stage0-0-0,0,-1,38666666,60000000,3,3440.56,238825
1787944592916,unknown,Stage0-4-0,0,-1,197132075,409000000,53,52543.28,3661177
1787944592926,unknown,Stage0-5-0,0,-1,209735849,442000000,53,52753.25,3608371
1787944592927,unknown,Stage0-1-0,0,-1,35000000,61000000,4,3440.56,235381
1787944592928,unknown,Stage0-6-0,0,-1,200396226,417000000,53,52806.00,3608371
1787944592929,unknown,Stage0-2-0,0,-1,29750000,53000000,4,3419.00,235381
1787944592929,unknown,Stage0-3-0,0,-1,26750000,42000000,4,3444.00,235381
1787944592932,unknown,Stage0-7-0,0,-1,216471698,411000000,53,52920.00,3608485
1787944593912,unknown,Stage0-0-0,0,-1,38000000,71000000,4,3444.00,242269
1787944593916,unknown,Stage0-4-0,0,-1,200452830,409000000,53,53268.00,3714445
1787944593926,unknown,Stage0-5-0,0,-1,205509433,409000000,53,52806.00,3661177
1787944593928,unknown,Stage0-1-0,0,-1,36666666,56000000,3,3440.56,238825
1787944593928,unknown,Stage0-6-0,0,-1,189396226,337000000,53,52806.00,3661177
1787944593929,unknown,Stage0-3-0,0,-1,29000000,48000000,3,3444.00,238825
1787944593930,unknown,Stage0-2-0,0,-1,38666666,59000000,3,3440.56,238825
1787944593932,unknown,Stage0-7-0,0,-1,205962264,417000000,53,52823.00,3661308
1787944594913,unknown,Stage0-0-0,0,-1,35666666,57000000,3,3440.56,245713
1787944594916,unknown,Stage0-4-0,0,-1,213942307,421000000,52,52488.00,3766933
1787944594927,unknown,Stage0-5-0,0,-1,211173076,405000000,52,52753.25,3713983
1787944594928,unknown,Stage0-1-0,0,-1,37250000,69000000,4,3444.00,242269
1787944594930,unknown,Stage0-6-0,0,-1,194653846,390000000,52,52700.60,3713983
1787944594930,unknown,Stage0-3-0,0,-1,26250000,54000000,4,3440.56,242269
1787944594931,unknown,Stage0-2-0,0,-1,45250000,78000000,4,3440.56,242269
1787944594932,unknown,Stage0-7-0,0,-1,211981132,405000000,53,52791.00,3714099
1787944595913,unknown,Stage0-0-0,0,-1,39750000,73000000,4,3444.00,249157
1787944595916,unknown,Stage0-4-0,0,-1,224018867,446000000,53,52811.00,3819744
1787944595928,unknown,Stage0-5-0,0,-1,207962264,427000000,53,52753.25,3766789
1787944595928,unknown,Stage0-1-0,0,-1,44000000,65000000,3,3444.00,245713
1787944595930,unknown,Stage0-6-0,0,-1,203867924,408000000,53,52806.00,3766789
1787944595931,unknown,Stage0-2-0,0,-1,41666666,66000000,3,3448.00,245717
1787944595931,unknown,Stage0-3-0,0,-1,43000000,65000000,3,3440.56,245713
1787944595932,unknown,Stage0-7-0,0,-1,201750000,396000000,52,52706.00,3766805
1787944596914,unknown,Stage0-0-0,0,-1,41666666,65000000,3,3440.56,252601
1787944596916,unknown,Stage0-4-0,0,-1,215584905,417000000,53,52754.00,3872498
1787944596928,unknown,Stage0-5-0,0,-1,170490566,335000000,53,52806.00,3819595
1787944596929,unknown,Stage0-1-0,0,-1,42750000,74000000,4,3440.56,249157
1787944596930,unknown,Stage0-6-0,0,-1,208415094,417000000,53,52806.00,3819595
1787944596931,unknown,Stage0-3-0,0,-1,41250000,73000000,4,3479.00,249192
1787944596931,unknown,Stage0-2-0,0,-1,48000000,77000000,4,3440.00,249157
1787944596933,unknown,Stage0-7-0,0,-1,162150943,306000000,53,52737.26,3819595
1787944597915,unknown,Stage0-0-0,0,-1,41250000,72000000,4,3440.56,256045
1787944597916,unknown,Stage0-4-0,0,-1,173094339,383000000,53,52709.00,3925207
1787944597929,unknown,Stage0-5-0,0,-1,229415094,453000000,53,52753.25,3872401
1787944597930,unknown,Stage0-1-0,0,-1,41333333,52000000,3,3440.56,252601
1787944597931,unknown,Stage0-6-0,0,-1,220226415,427000000,53,52753.25,3872401
1787944597931,unknown,Stage0-2-0,0,-1,44333333,56000000,3,3444.00,252601
1787944597932,unknown,Stage0-3-0,0,-1,39000000,61000000,3,3405.59,252601
1787944597933,unknown,Stage0-7-0,0,-1,209169811,427000000,53,52806.00,3872401
1787944598916,unknown,Stage0-0-0,0,-1,36666666,55000000,3,3440.56,259489
1787944598916,unknown,Stage0-4-0,0,-1,185169811,398000000,53,52806.00,3978013
1787944598930,unknown,Stage0-1-0,0,-1,38250000,61000000,4,3444.00,256045
1787944598931,unknown,Stage0-6-0,0,-1,184886792,390000000,53,52806.00,3925207
1787944598932,unknown,Stage0-3-0,0,-1,24000000,37000000,4,3444.00,256045
1787944598932,unknown,Stage0-2-0,0,-1,45250000,75000000,4,3440.56,256045
1787944598932,unknown,Stage0-5-0,0,-1,207754716,420000000,53,52648.06,3925207
1787944598933,unknown,Stage0-7-0,0,-1,176830188,400000000,53,53001.00,3925402
1787944599916,unknown,Stage0-0-0,0,-1,34333333,56000000,3,3444.00,262933
1787944599916,unknown,Stage0-4-0,0,-1,207326923,398000000,52,52806.00,4030819
1787944599930,unknown,Stage0-1-0,0,-1,44666666,65000000,3,3444.00,259489
1787944599931,unknown,Stage0-6-0,0,-1,226320754,456000000,53,52806.00,3978013
1787944599932,unknown,Stage0-5-0,0,-1,213849056,442000000,53,53070.00,3978277
1787944599932,unknown,Stage0-2-0,0,-1,43333333,59000000,3,3444.00,259489
1787944599933,unknown,Stage0-7-0,0,-1,181018867,367000000,53,52635.00,3978037
1787944599933,unknown,Stage0-3-0,0,-1,43333333,65000000,3,3440.56,259489
1787944600916,unknown,Stage0-0-0,0,-1,35750000,71000000,4,3444.00,266377
1787944600916,unknown,Stage0-4-0,0,-1,193094339,397000000,53,52806.00,4083625
1787944600931,unknown,Stage0-1-0,0,-1,26333333,36000000,3,3440.56,262933
1787944600932,unknown,Stage0-5-0,0,-1,229211538,457000000,52,52706.00,4030983
1787944600932,unknown,Stage0-6-0,0,-1,187442307,387000000,52,52753.25,4030819
1787944600933,unknown,Stage0-7-0,0,-1,184153846,375000000,52,52820.00,4030857
1787944600933,unknown,Stage0-3-0,0,-1,38000000,61000000,3,3444.00,262933
1787944600933,unknown,Stage0-2-0,0,-1,17666666,28000000,3,3440.56,262933
1787944601917,unknown,Stage0-0-0,0,-1,38000000,60000000,3,3440.56,269821
1787944601917,unknown,Stage0-4-0,0,-1,219094339,432000000,53,52753.25,4136431
1787944601932,unknown,Stage0-5-0,0,-1,201150943,405000000,53,52675.00,4083658
1787944601932,unknown,Stage0-1-0,0,-1,38000000,72000000,4,3440.56,266377
1787944601932,unknown,Stage0-6-0,0,-1,210301886,429000000,53,52806.00,4083625
1787944601933,unknown,Stage0-2-0,0,-1,40250000,76000000,4,3444.00,266377
1787944601933,unknown,Stage0-3-0,0,-1,39750000,75000000,4,3444.00,266377
1787944601933,unknown,Stage0-7-0,0,-1,177584905,366000000,53,52768.00,4083625
1787944602917,unknown,Stage0-0-0,0,-1,43000000,78000000,4,3444.00,273265
1787944602917,unknown,Stage0-4-0,0,-1,211547169,407000000,53,52806.00,4189237
1787944602932,unknown,Stage0-5-0,0,-1,214924528,424000000,53,52773.00,4136431
1787944602932,unknown,Stage0-1-0,0,-1,38333333,58000000,3,3444.00,269821
1787944602933,unknown,Stage0-2-0,0,-1,36666666,56000000,3,3444.00,269821
1787944602933,unknown,Stage0-3-0,0,-1,38666666,54000000,3,3444.00,269821
1787944602934,unknown,Stage0-6-0,0,-1,194264150,415000000,53,52700.60,4136431
1787944602934,unknown,Stage0-7-0,0,-1,159245283,319000000,53,52753.25,4136431
1787944603918,unknown,Stage0-0-0,0,-1,39000000,62000000,3,3440.56,276709
1787944603918,unknown,Stage0-4-0,0,-1,188679245,360000000,53,52753.25,4242043
1787944603932,unknown,Stage0-5-0,0,-1,226962264,457000000,53,52828.00,4189259
1787944603932,unknown,Stage0-1-0,0,-1,39750000,73000000,4,3444.00,273265
1787944603934,unknown,Stage0-6-0,0,-1,221264150,443000000,53,52806.00,4189237
1787944603935,unknown,Stage0-7-0,0,-1,168320754,333000000,53,52753.25,4189237
1787944603935,unknown,Stage0-2-0,0,-1,31500000,64000000,4,3437.13,273265
1787944603935,unknown,Stage0-3-0,0,-1,35000000,66000000,4,3437.13,273265
1787944604918,unknown,Stage0-0-0,0,-1,49250000,89000000,4,3444.00,280153
1787944604919,unknown,Stage0-4-0,0,-1,223634615,423000000,52,52753.25,4294849
1787944604932,unknown,Stage0-5-0,0,-1,247415094,474000000,53,52784.00,4242043
1787944604933,unknown,Stage0-1-0,0,-1,41333333,63000000,3,3440.56,276709
1787944604935,unknown,Stage0-2-0,0,-1,51666666,75000000,3,3444.00,276709
1787944604935,unknown,Stage0-6-0,0,-1,221245283,435000000,53,52753.25,4242043
1787944604935,unknown,Stage0-3-0,0,-1,51666666,75000000,3,3444.00,276709
1787944604935,unknown,Stage0-7-0,0,-1,200150943,383000000,53,52806.00,4242043
1787944605918,unknown,Stage0-0-0,0,-1,42000000,67000000,3,3444.00,283597
1787944605919,unknown,Stage0-4-0,0,-1,208226415,412000000,53,52806.00,4347655
1787944605932,unknown,Stage0-5-0,0,-1,239807692,474000000,52,52806.00,4294849
1787944605933,unknown,Stage0-1-0,0,-1,43000000,77000000,4,3459.00,280168
1787944605935,unknown,Stage0-2-0,0,-1,42250000,71000000,4,3444.00,280153
1787944605935,unknown,Stage0-6-0,0,-1,208711538,409000000,52,52806.00,4294849
1787944605936,unknown,Stage0-3-0,0,-1,46500000,85000000,4,3440.56,280153
1787944605937,unknown,Stage0-7-0,0,-1,207269230,424000000,52,52700.60,4294849
1787944606919,unknown,Stage0-0-0,0,-1,42000000,77000000,4,3440.56,287041
1787944606919,unknown,Stage0-4-0,0,-1,195339622,389000000,53,52806.00,4400461
1787944606932,unknown,Stage0-5-0,0,-1,219981132,449000000,53,52806.00,4347655
1787944606933,unknown,Stage0-1-0,0,-1,44333333,65000000,3,3429.00,283597
1787944606935,unknown,Stage0-2-0,0,-1,29666666,48000000,3,3444.00,283597
1787944606935,unknown,Stage0-6-0,0,-1,203943396,426000000,53,52806.00,4347655
1787944606936,unknown,Stage0-3-0,0,-1,51000000,74000000,3,3444.00,283597
1787944606937,unknown,Stage0-7-0,0,-1,193679245,399000000,53,52953.00,4347802
1787944607919,unknown,Stage0-0-0,0,-1,22000000,33000000,3,3444.00,290485
1787944607919,unknown,Stage0-4-0,0,-1,107490566,199000000,53,52806.00,4453267
1787944607933,unknown,Stage0-5-0,0,-1,103226415,204000000,53,52753.25,4400461
1787944607933,unknown,Stage0-1-0,0,-1,27750000,45000000,4,3444.00,287041
1787944607936,unknown,Stage0-2-0,0,-1,23250000,40000000,4,3440.56,287041
1787944607936,unknown,Stage0-6-0,0,-1,97660377,190000000,53,52753.25,4400461
1787944607937,unknown,Stage0-3-0,0,-1,24750000,40000000,4,3440.56,287041
1787944607937,unknown,Stage0-7-0,0,-1,131094339,264000000,53,52659.00,4400461
1787944608919,unknown,Stage0-0-0,0,-1,19000000,29000000,3,3444.00,293929
1787944608920,unknown,Stage0-4-0,0,-1,145905660,297000000,53,52753.25,4506073
1787944608933,unknown,Stage0-5-0,0,-1,109735849,202000000,53,52806.00,4453267
1787944608933,unknown,Stage0-1-0,0,-1,25333333,33000000,3,3444.00,290485
1787944608936,unknown,Stage0-6-0,0,-1,152811320,278000000,53,52806.00,4453267
1787944608937,unknown,Stage0-3-0,0,-1,28666666,40000000,3,3444.00,290485
1787944608937,unknown,Stage0-7-0,0,-1,110283018,202000000,53,52806.00,4453267
1787944608938,unknown,Stage0-2-0,0,-1,26666666,38000000,3,3437.13,290485
1787944609920,unknown,Stage0-4-0,0,-1,129288461,244000000,52,52806.00,4558879
1787944609920,unknown,Stage0-0-0,0,-1,19750000,36000000,4,3440.56,297373
1787944609933,unknown,Stage0-5-0,0,-1,106000000,198000000,53,52806.00,4506073
1787944609934,unknown,Stage0-1-0,0,-1,18666666,28000000,3,3440.56,293929
1787944609937,unknown,Stage0-6-0,0,-1,116528301,242000000,53,52753.25,4506073
1787944609937,unknown,Stage0-3-0,0,-1,27666666,47000000,3,3444.00,293929
1787944609937,unknown,Stage0-7-0,0,-1,157490566,342000000,53,52806.00,4506073
1787944609938,unknown,Stage0-2-0,0,-1,18666666,31000000,3,3444.00,293929
1787944610921,unknown,Stage0-4-0,0,-1,130377358,263000000,53,52753.25,4611685
1787944610921,unknown,Stage0-0-0,0,-1,33333333,53000000,3,3440.56,300817
1787944610933,unknown,Stage0-5-0,0,-1,103653846,191000000,52,52806.00,4558879
1787944610934,unknown,Stage0-1-0,0,-1,19000000,35000000,4,3444.00,297373
1787944610937,unknown,Stage0-6-0,0,-1,146326923,269000000,52,52806.00,4558879
1787944610938,unknown,Stage0-3-0,0,-1,22250000,35000000,4,3440.56,297373
1787944610938,unknown,Stage0-7-0,0,-1,98769230,191000000,52,52753.25,4558879
1787944610938,unknown,Stage0-2-0,0,-1,24500000,43000000,4,3444.00,297373
1787944611922,unknown,Stage0-0-0,0,-1,34750000,59000000,4,3440.56,304261
1787944611922,unknown,Stage0-4-0,0,-1,117773584,225000000,53,52753.25,4664491
1787944611934,unknown,Stage0-5-0,0,-1,114150943,227000000,53,52753.25,4611685
1787944611935,unknown,Stage0-1-0,0,-1,21666666,36000000,3,3440.56,300817
1787944611938,unknown,Stage0-6-0,0,-1,102735849,206000000,53,52753.25,4611685
1787944611938,unknown,Stage0-3-0,0,-1,27333333,40000000,3,3444.00,300817
1787944611938,unknown,Stage0-7-0,0,-1,122471698,237000000,53,52806.00,4611685
1787944611938,unknown,Stage0-2-0,0,-1,22666666,36000000,3,3444.00,300817
1787944612922,unknown,Stage0-4-0,0,-1,134679245,305000000,53,52806.00,4717297
1787944612922,unknown,Stage0-0-0,0,-1,25666666,39000000,3,3444.00,307705
1787944612936,unknown,Stage0-5-0,0,-1,96169811,179000000,53,52700.60,4664491
1787944612936,unknown,Stage0-1-0,0,-1,24500000,43000000,4,3440.56,304261
1787944612938,unknown,Stage0-3-0,0,-1,27750000,49000000,4,3444.00,304261
1787944612938,unknown,Stage0-6-0,0,-1,132301886,260000000,53,52806.00,4664491
1787944612938,unknown,Stage0-7-0,0,-1,122943396,221000000,53,52806.00,4664491
1787944612940,unknown,Stage0-2-0,0,-1,18750000,34000000,4,3437.13,304261
1787944613922,unknown,Stage0-0-0,0,-1,20750000,38000000,4,3444.00,311149
1787944613922,unknown,Stage0-4-0,0,-1,136283018,283000000,53,52806.00,4770103
1787944613936,unknown,Stage0-5-0,0,-1,111358490,219000000,53,52819.00,4717310
1787944613936,unknown,Stage0-1-0,0,-1,27333333,35000000,3,3444.00,307705
1787944613938,unknown,Stage0-6-0,0,-1,113566037,219000000,53,52806.00,4717297
1787944613939,unknown,Stage0-3-0,0,-1,27333333,41000000,3,3440.56,307705
1787944613939,unknown,Stage0-7-0,0,-1,119962264,208000000,53,52753.25,4717297
1787944613940,unknown,Stage0-2-0,0,-1,29000000,41000000,3,3449.00,307710
1787944614923,unknown,Stage0-0-0,0,-1,19000000,28000000,3,3440.56,314593
1787944614923,unknown,Stage0-4-0,0,-1,93019230,174000000,52,52753.25,4822909
1787944614936,unknown,Stage0-1-0,0,-1,26000000,43000000,4,3444.00,311149
1787944614936,unknown,Stage0-5-0,0,-1,110811320,206000000,53,52793.00,4770103
1787944614939,unknown,Stage0-3-0,0,-1,23750000,40000000,4,3444.00,311149
1787944614939,unknown,Stage0-7-0,0,-1,93396226,171000000,53,52806.00,4770103
1787944614939,unknown,Stage0-6-0,0,-1,141339622,270000000,53,52753.25,4770103
1787944614940,unknown,Stage0-2-0,0,-1,22250000,34000000,4,3439.00,311149
1787944615923,unknown,Stage0-4-0,0,-1,93377358,181000000,53,52806.00,4875715
1787944615923,unknown,Stage0-0-0,0,-1,34500000,55000000,4,3444.00,318037
1787944615936,unknown,Stage0-5-0,0,-1,102596153,189000000,52,52806.00,4822909
1787944615937,unknown,Stage0-1-0,0,-1,22333333,31000000,3,3440.56,314593
1787944615939,unknown,Stage0-6-0,0,-1,132884615,253000000,52,52806.00,4822909
1787944615940,unknown,Stage0-7-0,0,-1,114019230,221000000,52,52753.25,4822909
1787944615940,unknown,Stage0-3-0,0,-1,29333333,41000000,3,3440.56,314593
1787944615940,unknown,Stage0-2-0,0,-1,24000000,36000000,3,3444.00,314593
1787944616923,unknown,Stage0-0-0,0,-1,25666666,35000000,3,3444.00,321481
1787944616924,unknown,Stage0-4-0,0,-1,98584905,203000000,53,52753.25,4928521
1787944616937,unknown,Stage0-5-0,0,-1,107358490,215000000,53,52753.25,4875715
1787944616938,unknown,Stage0-1-0,0,-1,24000000,40000000,4,3440.56,318037
1787944616940,unknown,Stage0-7-0,0,-1,101245283,187000000,53,52806.00,4875715
1787944616940,unknown,Stage0-3-0,0,-1,28000000,45000000,4,3444.00,318037
1787944616940,unknown,Stage0-2-0,0,-1,25500000,38000000,4,3444.00,318037
1787944616941,unknown,Stage0-6-0,0,-1,97528301,213000000,53,52700.60,4875715
1787944617924,unknown,Stage0-0-0,0,-1,29000000,49000000,3,3440.56,324925
1787944617925,unknown,Stage0-4-0,0,-1,106320754,162000000,53,52753.25,4981327
1787944617937,unknown,Stage0-5-0,0,-1,85320754,150000000,53,52806.00,4928521
1787944617938,unknown,Stage0-1-0,0,-1,23666666,32000000,3,3444.00,321481
1787944617940,unknown,Stage0-7-0,0,-1,94566037,150000000,53,52806.00,4928521
1787944617941,unknown,Stage0-6-0,0,-1,132150943,204000000,53,52806.00,4928521
1787944617941,unknown,Stage0-3-0,0,-1,36000000,50000000,3,3440.56,321481
1787944617941,unknown,Stage0-2-0,0,-1,31666666,45000000,3,3440.56,321481
1787944618925,unknown,Stage0-0-0,0,-1,24500000,40000000,4,3440.56,328369
1787944618926,unknown,Stage0-4-0,0,-1,57679245,107000000,53,52753.25,5034133
1787944618938,unknown,Stage0-5-0,0,-1,65264150,126000000,53,52753.25,4981327
1787944618939,unknown,Stage0-1-0,0,-1,13333333,17000000,3,3440.56,324925
1787944618941,unknown,Stage0-3-0,0,-1,27000000,39000000,3,3448.00,324929
1787944618941,unknown,Stage0-7-0,0,-1,56566037,100000000,53,52753.25,4981327
1787944618941,unknown,Stage0-2-0,0,-1,18666666,24000000,3,3444.00,324925
1787944618942,unknown,Stage0-6-0,0,-1,59981132,98000000,53,52753.25,4981327
1787944619926,unknown,Stage0-0-0,0,-1,16333333,25000000,3,3440.56,331813
1787944619927,unknown,Stage0-4-0,0,-1,64230769,112000000,52,52753.25,5086939
1787944619939,unknown,Stage0-5-0,0,-1,64358490,112000000,53,52753.25,5034133
1787944619939,unknown,Stage0-1-0,0,-1,15000000,25000000,4,3444.00,328369
1787944619941,unknown,Stage0-3-0,0,-1,18750000,33000000,4,3440.00,328369
1787944619942,unknown,Stage0-6-0,0,-1,64584905,111000000,53,52861.00,5034188
1787944619944,unknown,Stage0-2-0,0,-1,20500000,37000000,4,3433.70,328369
1787944619948,unknown,Stage0-7-0,0,-1,59094339,103000000,53,52438.93,5034133
1787944620927,unknown,Stage0-0-0,0,-1,18250000,33000000,4,3440.56,335257
1787944620927,unknown,Stage0-4-0,0,-1,95584905,168000000,53,52806.00,5139745
1787944620939,unknown,Stage0-5-0,0,-1,71096153,125000000,52,52806.00,5086939
1787944620940,unknown,Stage0-1-0,0,-1,20666666,31000000,3,3440.56,331813
1787944620942,unknown,Stage0-3-0,0,-1,25666666,40000000,3,3440.56,331813
1787944620944,unknown,Stage0-2-0,0,-1,20333333,29000000,3,3504.00,331873
1787944620944,unknown,Stage0-6-0,0,-1,96576923,197000000,52,52645.71,5086939
1787944620948,unknown,Stage0-7-0,0,-1,93471698,156000000,53,53750.00,5087883
1787944621928,unknown,Stage0-4-0,0,-1,109132075,195000000,53,52753.25,5192551
1787944621932,unknown,Stage0-0-0,0,-1,22000000,33000000,3,3426.87,338701
1787944621939,unknown,Stage0-5-0,0,-1,114037735,207000000,53,52806.00,5139745
1787944621940,unknown,Stage0-1-0,0,-1,22500000,35000000,4,3465.00,335278
1787944621942,unknown,Stage0-3-0,0,-1,31250000,54000000,4,3444.00,335257
1787944621944,unknown,Stage0-2-0,0,-1,25750000,43000000,4,3434.00,335307
1787944621947,unknown,Stage0-6-0,0,-1,107528301,197000000,53,52648.06,5139745
1787944621948,unknown,Stage0-7-0,0,-1,96867924,174000000,53,52847.00,5140730
1787944622928,unknown,Stage0-4-0,0,-1,112188679,210000000,53,52806.00,5245357
1787944622932,unknown,Stage0-0-0,0,-1,30500000,55000000,4,3721.00,342422
1787944622940,unknown,Stage0-5-0,0,-1,140528301,255000000,53,52753.25,5192551
1787944622941,unknown,Stage0-1-0,0,-1,26000000,41000000,3,3419.58,338701
1787944622943,unknown,Stage0-3-0,0,-1,28666666,44000000,3,3440.56,338701
1787944622944,unknown,Stage0-2-0,0,-1,29000000,42000000,3,3409.00,338716
1787944622947,unknown,Stage0-6-0,0,-1,195962264,363000000,53,53209.00,5192954
1787944622948,unknown,Stage0-7-0,0,-1,87452830,167000000,53,52561.00,5193291
1787944623930,unknown,Stage0-4-0,0,-1,112226415,199000000,53,52700.60,5298163
1787944623932,unknown,Stage0-0-0,0,-1,22333333,34000000,3,3453.00,345875
1787944623940,unknown,Stage0-5-0,0,-1,116811320,227000000,53,52806.00,5245357
1787944623941,unknown,Stage0-1-0,0,-1,29500000,52000000,4,3444.00,342145
1787944623944,unknown,Stage0-3-0,0,-1,26750000,44000000,4,3440.56,342145
1787944623944,unknown,Stage0-2-0,0,-1,24500000,40000000,4,3429.00,342145
1787944623947,unknown,Stage0-6-0,0,-1,105566037,178000000,53,52692.00,5245646
1787944623948,unknown,Stage0-7-0,0,-1,106961538,210000000,52,52581.00,5245872
1787944624930,unknown,Stage0-4-0,0,-1,90358490,174000000,53,52895.00,5351058
1787944624932,unknown,Stage0-0-0,0,-1,26750000,45000000,4,3357.00,349232
1787944624941,unknown,Stage0-5-0,0,-1,111207547,218000000,53,52753.25,5298163
1787944624941,unknown,Stage0-1-0,0,-1,39666666,57000000,3,3444.00,345589
1787944624944,unknown,Stage0-3-0,0,-1,27666666,37000000,3,3444.00,345589
1787944624945,unknown,Stage0-2-0,0,-1,24666666,36000000,3,3440.56,345589
1787944624947,unknown,Stage0-6-0,0,-1,136226415,274000000,53,53017.00,5298663
1787944624948,unknown,Stage0-7-0,0,-1,108396226,198000000,53,52883.00,5298755
1787944625930,unknown,Stage0-4-0,0,-1,109288461,256000000,52,52717.00,5403775
1787944625932,unknown,Stage0-0-0,0,-1,25000000,36000000,3,3422.00,352654
1787944625941,unknown,Stage0-5-0,0,-1,122826923,262000000,52,52806.00,5350969
1787944625941,unknown,Stage0-1-0,0,-1,39750000,68000000,4,3444.00,349033
1787944625944,unknown,Stage0-3-0,0,-1,31750000,53000000,4,3444.00,349033
1787944625945,unknown,Stage0-2-0,0,-1,31000000,53000000,4,3444.00,349033
1787944625947,unknown,Stage0-6-0,0,-1,98584905,244000000,53,52534.00,5351197
1787944625948,unknown,Stage0-7-0,0,-1,108641509,240000000,53,52502.00,5351257
1787944626930,unknown,Stage0-4-0,0,-1,179754716,364000000,53,52806.00,5456581
1787944626932,unknown,Stage0-0-0,0,-1,18250000,35000000,4,3448.00,356102
1787944626942,unknown,Stage0-5-0,0,-1,110415094,204000000,53,52753.25,5403775
1787944626942,unknown,Stage0-1-0,0,-1,25333333,38000000,3,3440.56,352477
1787944626945,unknown,Stage0-3-0,0,-1,32333333,47000000,3,3440.56,352477
1787944626945,unknown,Stage0-2-0,0,-1,38000000,54000000,3,3444.00,352477
1787944626947,unknown,Stage0-6-0,0,-1,112442307,228000000,52,52710.00,5403907
1787944626948,unknown,Stage0-7-0,0,-1,148320754,257000000,53,53048.00,5404305
1787944627930,unknown,Stage0-4-0,0,-1,139452830,252000000,53,52806.00,5509387
1787944627932,unknown,Stage0-0-0,0,-1,22666666,34000000,3,3396.00,359498
1787944627942,unknown,Stage0-5-0,0,-1,96490566,191000000,53,52806.00,5456581
1787944627943,unknown,Stage0-1-0,0,-1,29666666,48000000,3,3440.56,355921
1787944627945,unknown,Stage0-3-0,0,-1,21666666,33000000,3,3444.00,355921
1787944627946,unknown,Stage0-2-0,0,-1,25666666,39000000,3,3440.56,355921
1787944627947,unknown,Stage0-6-0,0,-1,123943396,264000000,53,52729.00,5456636
1787944627948,unknown,Stage0-7-0,0,-1,125480769,247000000,52,52633.00,5456938
1787944628931,unknown,Stage0-4-0,0,-1,112490566,224000000,53,52753.25,5562193
1787944628932,unknown,Stage0-0-0,0,-1,21666666,34000000,3,3356.00,362854
1787944628943,unknown,Stage0-1-0,0,-1,22500000,40000000,4,3444.00,359365
1787944628943,unknown,Stage0-5-0,0,-1,109452830,217000000,53,52753.25,5509387
1787944628946,unknown,Stage0-3-0,0,-1,22500000,39000000,4,3440.56,359365
1787944628946,unknown,Stage0-2-0,0,-1,28250000,52000000,4,3444.00,359365
1787944628947,unknown,Stage0-6-0,0,-1,108075471,211000000,53,52751.00,5509387
1787944628948,unknown,Stage0-7-0,0,-1,125396226,226000000,53,52905.00,5509843
1787944629932,unknown,Stage0-0-0,0,-1,22500000,41000000,4,3440.00,366294
1787944629932,unknown,Stage0-4-0,0,-1,112250000,208000000,52,52753.25,5614999
1787944629944,unknown,Stage0-5-0,0,-1,99528301,201000000,53,52753.25,5562193
1787944629945,unknown,Stage0-1-0,0,-1,23333333,35000000,3,3437.13,362809
1787944629947,unknown,Stage0-3-0,0,-1,24000000,34000000,3,3440.56,362809
1787944629947,unknown,Stage0-6-0,0,-1,134226415,247000000,53,52806.00,5562193
1787944629947,unknown,Stage0-2-0,0,-1,21000000,27000000,3,3440.56,362809
1787944629948,unknown,Stage0-7-0,0,-1,108981132,215000000,53,52589.00,5562432
1787944630932,unknown,Stage0-0-0,0,-1,25666666,42000000,3,3403.00,369697
1787944630932,unknown,Stage0-4-0,0,-1,103301886,202000000,53,52806.00,5667805
1787944630944,unknown,Stage0-5-0,0,-1,118576923,224000000,52,52806.00,5614999
1787944630945,unknown,Stage0-1-0,0,-1,23000000,42000000,4,3444.00,366253
1787944630947,unknown,Stage0-3-0,0,-1,23250000,41000000,4,3444.00,366253
1787944630947,unknown,Stage0-2-0,0,-1,21750000,36000000,4,3444.00,366253
1787944630948,unknown,Stage0-7-0,0,-1,104811320,209000000,53,52714.00,5615146
1787944630948,unknown,Stage0-6-0,0,-1,101346153,213000000,52,52753.25,5614999
1787944631932,unknown,Stage0-0-0,0,-1,24500000,45000000,4,3444.00,373141
1787944631933,unknown,Stage0-4-0,0,-1,121509433,266000000,53,52753.25,5720611
1787944631944,unknown,Stage0-5-0,0,-1,103339622,199000000,53,52806.00,5667805
1787944631946,unknown,Stage0-1-0,0,-1,23000000,33000000,3,3440.56,369697
1787944631947,unknown,Stage0-3-0,0,-1,24333333,34000000,3,3444.00,369697
1787944631948,unknown,Stage0-6-0,0,-1,97528301,188000000,53,52822.00,5667821
1787944631948,unknown,Stage0-7-0,0,-1,123134615,223000000,52,52747.00,5667893
1787944631948,unknown,Stage0-2-0,0,-1,31333333,46000000,3,3440.56,369697
1787944632933,unknown,Stage0-0-0,0,-1,22666666,32000000,3,3440.56,376585
1787944632933,unknown,Stage0-4-0,0,-1,112358490,209000000,53,52806.00,5773417
1787944632944,unknown,Stage0-5-0,0,-1,93773584,189000000,53,52806.00,5720611
1787944632946,unknown,Stage0-1-0,0,-1,21750000,34000000,4,3491.00,373188
1787944632948,unknown,Stage0-7-0,0,-1,115509433,211000000,53,52718.00,5720611
1787944632948,unknown,Stage0-3-0,0,-1,25000000,43000000,4,3440.56,373141
1787944632948,unknown,Stage0-6-0,0,-1,99320754,202000000,53,52790.00,5720611
1787944632952,unknown,Stage0-2-0,0,-1,30250000,46000000,4,3430.28,373141
1787944633934,unknown,Stage0-0-0,0,-1,23500000,43000000,4,3440.56,380029
1787944633934,unknown,Stage0-4-0,0,-1,112320754,207000000,53,52753.25,5826223
1787944633945,unknown,Stage0-5-0,0,-1,104490566,203000000,53,52753.25,5773417
1787944633946,unknown,Stage0-1-0,0,-1,24333333,37000000,3,3410.00,376598
1787944633948,unknown,Stage0-7-0,0,-1,117924528,214000000,53,52806.00,5773417
1787944633949,unknown,Stage0-3-0,0,-1,27666666,40000000,3,3440.56,376585
1787944633949,unknown,Stage0-6-0,0,-1,99132075,192000000,53,52753.25,5773417
1787944633952,unknown,Stage0-2-0,0,-1,30000000,41000000,3,3661.00,376802
1787944634934,unknown,Stage0-0-0,0,-1,24333333,38000000,3,3444.00,383473
1787944634935,unknown,Stage0-4-0,0,-1,101377358,181000000,53,52753.25,5879029
1787944634946,unknown,Stage0-5-0,0,-1,111905660,211000000,53,52753.25,5826223
1787944634947,unknown,Stage0-1-0,0,-1,26750000,50000000,4,3427.57,380029
1787944634948,unknown,Stage0-7-0,0,-1,110509433,208000000,53,52806.00,5826223
1787944634949,unknown,Stage0-3-0,0,-1,29250000,46000000,4,3444.00,380029
1787944634950,unknown,Stage0-6-0,0,-1,114056603,219000000,53,52753.25,5826223
1787944634952,unknown,Stage0-2-0,0,-1,22000000,34000000,4,3378.00,380180
1787944635935,unknown,Stage0-0-0,0,-1,18333333,28000000,3,3440.56,386917
1787944635935,unknown,Stage0-4-0,0,-1,114865384,203000000,52,52806.00,5931835
1787944635946,unknown,Stage0-5-0,0,-1,112754716,217000000,53,52806.00,5879029
1787944635947,unknown,Stage0-1-0,0,-1,33000000,43000000,3,3444.00,383473
1787944635949,unknown,Stage0-7-0,0,-1,121924528,227000000,53,52753.25,5879029
1787944635949,unknown,Stage0-3-0,0,-1,25666666,36000000,3,3444.00,383473
1787944635950,unknown,Stage0-6-0,0,-1,125283018,247000000,53,52806.00,5879029
1787944635952,unknown,Stage0-2-0,0,-1,24000000,32000000,3,3378.00,383558
1787944636935,unknown,Stage0-0-0,0,-1,18750000,35000000,4,3444.00,390361
1787944636936,unknown,Stage0-4-0,0,-1,101641509,187000000,53,52753.25,5984641
1787944636947,unknown,Stage0-5-0,0,-1,105076923,201000000,52,52753.25,5931835
1787944636947,unknown,Stage0-1-0,0,-1,19333333,28000000,3,3444.00,386917
1787944636949,unknown,Stage0-7-0,0,-1,103826923,193000000,52,52806.00,5931835
1787944636950,unknown,Stage0-6-0,0,-1,124826923,246000000,52,52806.00,5931835
1787944636952,unknown,Stage0-2-0,0,-1,27000000,40000000,3,3419.00,386977
1787944636952,unknown,Stage0-3-0,0,-1,21333333,31000000,3,3433.70,386917
1787944637936,unknown,Stage0-0-0,0,-1,21666666,34000000,3,3440.56,393805
1787944637937,unknown,Stage0-4-0,0,-1,104301886,191000000,53,52753.25,6037447
1787944637948,unknown,Stage0-5-0,0,-1,102849056,192000000,53,52753.25,5984641
1787944637948,unknown,Stage0-1-0,0,-1,21250000,37000000,4,3440.56,390361
1787944637950,unknown,Stage0-6-0,0,-1,90962264,174000000,53,52806.00,5984641
1787944637950,unknown,Stage0-7-0,0,-1,102132075,193000000,53,52753.25,5984641
1787944637952,unknown,Stage0-2-0,0,-1,25500000,45000000,4,3434.00,390411
1787944637956,unknown,Stage0-3-0,0,-1,25000000,47000000,4,3430.28,390361
1787944638937,unknown,Stage0-0-0,0,-1,28500000,53000000,4,3440.56,397249
1787944638938,unknown,Stage0-4-0,0,-1,131471698,254000000,53,52753.25,6090253
1787944638948,unknown,Stage0-5-0,0,-1,111207547,211000000,53,52806.00,6037447
1787944638949,unknown,Stage0-1-0,0,-1,25666666,39000000,3,3440.56,393805
1787944638951,unknown,Stage0-7-0,0,-1,128415094,238000000,53,52753.25,6037447
1787944638951,unknown,Stage0-6-0,0,-1,95773584,183000000,53,52753.25,6037447
1787944638956,unknown,Stage0-3-0,0,-1,27250000,46000000,4,3726.00,394087
1787944638959,unknown,Stage0-2-0,0,-1,28333333,44000000,3,3370.41,393805
1787944639937,unknown,Stage0-0-0,0,-1,25666666,38000000,3,3444.00,400693
1787944639938,unknown,Stage0-4-0,0,-1,113188679,220000000,53,52806.00,6143059
1787944639948,unknown,Stage0-5-0,0,-1,107792452,196000000,53,52806.00,6090253
1787944639949,unknown,Stage0-1-0,0,-1,24250000,42000000,4,3444.00,397249
1787944639951,unknown,Stage0-6-0,0,-1,100301886,184000000,53,52806.00,6090253
1787944639951,unknown,Stage0-7-0,0,-1,133509433,246000000,53,52806.00,6090253
1787944639956,unknown,Stage0-3-0,0,-1,37333333,49000000,3,3162.00,397249
1787944639959,unknown,Stage0-2-0,0,-1,34000000,52000000,4,3908.00,397713
1787944640937,unknown,Stage0-0-0,0,-1,22750000,43000000,4,3444.00,404137
1787944640938,unknown,Stage0-4-0,0,-1,102788461,168000000,52,52806.00,6195865
1787944640948,unknown,Stage0-5-0,0,-1,73132075,137000000,53,52806.00,6143059
1787944640949,unknown,Stage0-1-0,0,-1,25000000,33000000,3,3444.00,400693
1787944640951,unknown,Stage0-6-0,0,-1,79905660,138000000,53,52806.00,6143059
1787944640952,unknown,Stage0-7-0,0,-1,103830188,174000000,53,52753.25,6143059
1787944640956,unknown,Stage0-3-0,0,-1,32666666,44000000,3,3702.00,400951
1787944640960,unknown,Stage0-2-0,0,-1,31333333,45000000,3,2977.02,400693
1787944641938,unknown,Stage0-0-0,0,-1,25666666,37000000,3,3440.56,407581
1787944641939,unknown,Stage0-4-0,0,-1,71301886,130000000,53,52753.25,6248671
1787944641949,unknown,Stage0-5-0,0,-1,90423076,164000000,52,52753.25,6195865
1787944641949,unknown,Stage0-1-0,0,-1,19250000,37000000,4,3444.00,404137
1787944641951,unknown,Stage0-6-0,0,-1,69961538,126000000,52,52806.00,6195865
1787944641952,unknown,Stage0-7-0,0,-1,97461538,155000000,52,52827.00,6195886
1787944641958,unknown,Stage0-3-0,0,-1,27750000,45000000,4,3179.64,404137
1787944641965,unknown,Stage0-2-0,0,-1,31750000,45000000,4,3426.87,404137
1787944642938,unknown,Stage0-0-0,0,-1,25500000,47000000,4,3444.00,411025
1787944642939,unknown,Stage0-4-0,0,-1,73603773,145000000,53,52806.00,6301477
1787944642950,unknown,Stage0-5-0,0,-1,65283018,110000000,53,52753.25,6248671
1787944642950,unknown,Stage0-1-0,0,-1,18666666,27000000,3,3440.56,407581
1787944642952,unknown,Stage0-7-0,0,-1,76339622,135000000,53,52785.00,6248671
1787944642953,unknown,Stage0-6-0,0,-1,65886792,135000000,53,52700.60,6248671
1787944642958,unknown,Stage0-3-0,0,-1,28333333,39000000,3,3808.00,407945
1787944642965,unknown,Stage0-2-0,0,-1,28500000,46000000,4,4319.00,408456
1787944643939,unknown,Stage0-0-0,0,-1,20666666,33000000,3,3440.56,414469
1787944643940,unknown,Stage0-4-0,0,-1,115773584,220000000,53,52753.25,6354283
1787944643950,unknown,Stage0-5-0,0,-1,103094339,199000000,53,52806.00,6301477
1787944643951,unknown,Stage0-1-0,0,-1,22000000,39000000,4,3440.56,411025
1787944643953,unknown,Stage0-6-0,0,-1,105924528,191000000,53,52806.00,6301477
1787944643954,unknown,Stage0-7-0,0,-1,115264150,232000000,53,52700.60,6301477
1787944643958,unknown,Stage0-3-0,0,-1,25750000,45000000,4,3353.00,411298
1787944643965,unknown,Stage0-2-0,0,-1,31000000,43000000,3,3229.00,411685
1787944644940,unknown,Stage0-0-0,0,-1,19333333,29000000,3,3440.56,417913
1787944644940,unknown,Stage0-4-0,0,-1,127867924,225000000,53,52806.00,6407089
1787944644951,unknown,Stage0-5-0,0,-1,101339622,195000000,53,52753.25,6354283
1787944644952,unknown,Stage0-1-0,0,-1,24333333,35000000,3,3440.56,414469
1787944644954,unknown,Stage0-7-0,0,-1,116566037,216000000,53,52806.00,6354283
1787944644956,unknown,Stage0-6-0,0,-1,113018867,218000000,53,52648.06,6354283
1787944644958,unknown,Stage0-3-0,0,-1,26666666,38000000,3,3373.00,414671
1787944644965,unknown,Stage0-2-0,0,-1,23000000,38000000,4,3620.00,415305
1787944645940,unknown,Stage0-0-0,0,-1,19000000,35000000,4,3444.00,421357
1787944645941,unknown,Stage0-4-0,0,-1,113269230,208000000,52,52753.25,6459895
1787944645951,unknown,Stage0-5-0,0,-1,108754716,220000000,53,52806.00,6407089
1787944645954,unknown,Stage0-7-0,0,-1,108018867,229000000,53,52806.00,6407089
1787944645956,unknown,Stage0-6-0,0,-1,98132075,197000000,53,53182.00,6407465
1787944645956,unknown,Stage0-1-0,0,-1,21000000,31000000,3,3430.28,417913
1787944645958,unknown,Stage0-3-0,0,-1,22000000,41000000,4,3453.00,418124
1787944645965,unknown,Stage0-2-0,0,-1,15666666,26000000,3,3347.00,418652
1787944646941,unknown,Stage0-0-0,0,-1,19666666,29000000,3,3440.56,424801
1787944646943,unknown,Stage0-4-0,0,-1,123301886,259000000,53,52700.60,6512701
1787944646952,unknown,Stage0-5-0,0,-1,100557692,226000000,52,52753.25,6459895
1787944646954,unknown,Stage0-7-0,0,-1,125500000,248000000,52,52806.00,6459895
1787944646956,unknown,Stage0-1-0,0,-1,24000000,41000000,4,3579.00,421492
1787944646956,unknown,Stage0-6-0,0,-1,102056603,225000000,53,52550.00,6460015
1787944646958,unknown,Stage0-3-0,0,-1,34666666,48000000,3,3408.00,421532
1787944646965,unknown,Stage0-2-0,0,-1,23000000,38000000,4,3391.00,422043
1787944647941,unknown,Stage0-0-0,0,-1,21250000,39000000,4,3444.00,428245
1787944647943,unknown,Stage0-4-0,0,-1,132245283,261000000,53,52887.00,6565588
1787944647953,unknown,Stage0-5-0,0,-1,120830188,223000000,53,52753.25,6512701
1787944647955,unknown,Stage0-7-0,0,-1,127169811,250000000,53,52753.25,6512701
1787944647956,unknown,Stage0-6-0,0,-1,140307692,281000000,52,52796.00,6512811
1787944647958,unknown,Stage0-3-0,0,-1,29000000,43000000,3,3449.00,424981
1787944647956,unknown,Stage0-1-0,0,-1,23666666,33000000,3,3413.00,424905
1787944647965,unknown,Stage0-2-0,0,-1,21333333,33000000,3,3402.00,425445
1787944648942,unknown,Stage0-0-0,0,-1,21666666,31000000,3,3440.56,431689
1787944648943,unknown,Stage0-4-0,0,-1,107094339,220000000,53,52729.00,6618317
1787944648953,unknown,Stage0-5-0,0,-1,103207547,186000000,53,52806.00,6565507
1787944648956,unknown,Stage0-1-0,0,-1,25250000,42000000,4,3431.00,428336
1787944648956,unknown,Stage0-6-0,0,-1,107415094,209000000,53,52751.00,6565562
1787944648956,unknown,Stage0-7-0,0,-1,121018867,223000000,53,52753.25,6565507
1787944648958,unknown,Stage0-3-0,0,-1,23750000,41000000,4,3401.00,428382
1787944648965,unknown,Stage0-2-0,0,-1,27666666,38000000,3,3466.00,428911
1787944649943,unknown,Stage0-0-0,0,-1,21000000,35000000,4,3440.56,435133
1787944649943,unknown,Stage0-4-0,0,-1,113849056,227000000,53,52802.00,6671119
1787944649955,unknown,Stage0-5-0,0,-1,94547169,186000000,53,52700.60,6618313
1787944649956,unknown,Stage0-6-0,0,-1,109566037,212000000,53,52799.00,6618361
1787944649956,unknown,Stage0-1-0,0,-1,23000000,32000000,3,3417.00,431753
1787944649956,unknown,Stage0-7-0,0,-1,121603773,227000000,53,52806.00,6618313
1787944649958,unknown,Stage0-3-0,0,-1,31333333,45000000,3,3464.00,431846
1787944649965,unknown,Stage0-2-0,0,-1,19250000,32000000,4,3298.00,432209
1787944650944,unknown,Stage0-0-0,0,-1,23333333,33000000,3,3440.56,438577
1787944650944,unknown,Stage0-4-0,0,-1,106153846,208000000,52,52753.25,6723925
1787944650956,unknown,Stage0-1-0,0,-1,25250000,42000000,4,3429.00,435182
1787944650956,unknown,Stage0-5-0,0,-1,114735849,222000000,53,52753.25,6671119
1787944650956,unknown,Stage0-6-0,0,-1,110339622,247000000,53,52758.00,6671119
1787944650957,unknown,Stage0-7-0,0,-1,126679245,245000000,53,52753.25,6671119
1787944650958,unknown,Stage0-3-0,0,-1,25250000,39000000,4,3406.00,435252
1787944650965,unknown,Stage0-2-0,0,-1,29666666,41000000,3,3453.00,435662
1787944651944,unknown,Stage0-0-0,0,-1,23250000,40000000,4,3444.00,442021
1787944651945,unknown,Stage0-4-0,0,-1,120113207,231000000,53,52753.25,6776731
1787944651956,unknown,Stage0-5-0,0,-1,111226415,216000000,53,53058.00,6724177
1787944651956,unknown,Stage0-1-0,0,-1,30333333,45000000,3,3422.00,438604
1787944651956,unknown,Stage0-6-0,0,-1,100538461,194000000,52,52806.00,6723925
1787944651957,unknown,Stage0-7-0,0,-1,116211538,221000000,52,52839.00,6723958
1787944651958,unknown,Stage0-3-0,0,-1,26666666,37000000,3,3413.00,438665
1787944651965,unknown,Stage0-2-0,0,-1,18750000,29000000,4,3556.00,439218
1787944652945,unknown,Stage0-0-0,0,-1,23666666,33000000,3,3440.56,445465
1787944652945,unknown,Stage0-4-0,0,-1,112075471,219000000,53,52806.00,6829537
1787944652956,unknown,Stage0-5-0,0,-1,104923076,211000000,52,52685.00,6776862
1787944652956,unknown,Stage0-1-0,0,-1,24500000,42000000,4,3442.00,442046
1787944652958,unknown,Stage0-3-0,0,-1,30000000,47000000,4,3404.00,442069
1787944652958,unknown,Stage0-7-0,0,-1,105018867,214000000,53,52720.28,6776731
1787944652963,unknown,Stage0-6-0,0,-1,94811320,193000000,53,52438.93,6776731
1787944652965,unknown,Stage0-2-0,0,-1,26333333,35000000,3,3363.00,442581
1787944653945,unknown,Stage0-0-0,0,-1,17666666,29000000,3,3444.00,448909
1787944653946,unknown,Stage0-4-0,0,-1,108320754,224000000,53,52753.25,6882343
1787944653956,unknown,Stage0-5-0,0,-1,106037735,222000000,53,52675.00,6829537
1787944653956,unknown,Stage0-1-0,0,-1,23333333,34000000,3,3419.00,445465
1787944653958,unknown,Stage0-7-0,0,-1,117339622,222000000,53,52853.00,6829584
1787944653958,unknown,Stage0-3-0,0,-1,33000000,43000000,3,3418.00,445487
1787944653964,unknown,Stage0-6-0,0,-1,100018867,199000000,53,52753.25,6829537
1787944653965,unknown,Stage0-2-0,0,-1,19500000,30000000,4,3432.00,446013
1787944654946,unknown,Stage0-0-0,0,-1,20500000,35000000,4,3440.56,452353
1787944654947,unknown,Stage0-4-0,0,-1,107000000,207000000,53,52753.25,6935149
1787944654956,unknown,Stage0-5-0,0,-1,116735849,231000000,53,52806.00,6882343
1787944654957,unknown,Stage0-1-0,0,-1,20000000,29000000,3,3440.56,448909
1787944654958,unknown,Stage0-3-0,0,-1,28666666,42000000,3,3435.00,448922
1787944654958,unknown,Stage0-7-0,0,-1,126754716,235000000,53,52759.00,6882343
1787944654965,unknown,Stage0-2-0,0,-1,17000000,30000000,3,3237.00,449250
1787944654965,unknown,Stage0-6-0,0,-1,119660377,247000000,53,52753.25,6882343
1787944655947,unknown,Stage0-0-0,0,-1,20666666,31000000,3,3440.56,455797
1787944655947,unknown,Stage0-4-0,0,-1,106942307,205000000,52,52806.00,6987955
1787944655958,unknown,Stage0-5-0,0,-1,109886792,207000000,53,52700.60,6935149
1787944655958,unknown,Stage0-3-0,0,-1,21500000,40000000,4,3431.00,452353
1787944655958,unknown,Stage0-1-0,0,-1,19750000,36000000,4,3440.56,452353
1787944655959,unknown,Stage0-7-0,0,-1,105603773,212000000,53,52753.25,6935149
1787944655965,unknown,Stage0-2-0,0,-1,32666666,44000000,3,3397.00,452647
1787944655965,unknown,Stage0-6-0,0,-1,106622641,202000000,53,52806.00,6935149
1787944656947,unknown,Stage0-0-0,0,-1,21250000,38000000,4,3444.00,459241
1787944656947,unknown,Stage0-4-0,0,-1,110207547,218000000,53,52806.00,7040761
1787944656958,unknown,Stage0-5-0,0,-1,121980769,237000000,52,52814.00,6987963
1787944656958,unknown,Stage0-1-0,0,-1,22000000,34000000,3,3444.00,455797
1787944656959,unknown,Stage0-7-0,0,-1,119903846,221000000,52,52808.00,6987957
1787944656959,unknown,Stage0-3-0,0,-1,28333333,42000000,3,3440.56,455797
1787944656965,unknown,Stage0-2-0,0,-1,22500000,40000000,4,3440.00,456087
1787944656965,unknown,Stage0-6-0,0,-1,96211538,199000000,52,52806.00,6987955
1787944657947,unknown,Stage0-0-0,0,-1,23000000,34000000,3,3444.00,462685
1787944657947,unknown,Stage0-4-0,0,-1,110094339,221000000,53,52806.00,7093567
1787944657958,unknown,Stage0-5-0,0,-1,101358490,199000000,53,52798.00,7040761
1787944657959,unknown,Stage0-1-0,0,-1,21000000,37000000,4,3440.56,459241
1787944657959,unknown,Stage0-3-0,0,-1,28000000,50000000,4,3444.00,459241
1787944657960,unknown,Stage0-7-0,0,-1,117415094,233000000,53,52751.25,7040761
1787944657965,unknown,Stage0-2-0,0,-1,34333333,49000000,3,3367.00,459454
1787944657966,unknown,Stage0-6-0,0,-1,99075471,200000000,53,52753.25,7040761
1787944658948,unknown,Stage0-0-0,0,-1,27000000,50000000,4,3440.56,466129
1787944658949,unknown,Stage0-4-0,0,-1,137094339,261000000,53,52700.60,7146373
1787944658958,unknown,Stage0-5-0,0,-1,101226415,200000000,53,52806.00,7093567
1787944658959,unknown,Stage0-1-0,0,-1,26000000,37000000,3,3444.00,462685
1787944658960,unknown,Stage0-3-0,0,-1,27000000,39000000,3,3440.56,462685
1787944658960,unknown,Stage0-7-0,0,-1,120943396,251000000,53,52806.00,7093567
1787944658965,unknown,Stage0-2-0,0,-1,33333333,48000000,3,3263.00,462717
1787944658969,unknown,Stage0-6-0,0,-1,109547169,213000000,53,52648.06,7093567
1787944659948,unknown,Stage0-0-0,0,-1,26000000,39000000,3,3444.00,469573
1787944659949,unknown,Stage0-4-0,0,-1,138566037,249000000,53,52806.00,7199179
1787944659959,unknown,Stage0-1-0,0,-1,32250000,61000000,4,3444.00,466129
1787944659959,unknown,Stage0-5-0,0,-1,122716981,243000000,53,52753.25,7146373
1787944659960,unknown,Stage0-3-0,0,-1,30500000,53000000,4,3444.00,466129
1787944659964,unknown,Stage0-7-0,0,-1,137037735,273000000,53,52595.62,7146373
1787944659970,unknown,Stage0-6-0,0,-1,119150943,230000000,53,52753.25,7146373
1787944659972,unknown,Stage0-2-0,0,-1,25750000,42000000,4,3388.28,466129
1787944660949,unknown,Stage0-0-0,0,-1,37750000,60000000,4,3440.56,473017
1787944660950,unknown,Stage0-4-0,0,-1,118576923,228000000,52,52753.25,7251985
1787944660959,unknown,Stage0-5-0,0,-1,113452830,216000000,53,52806.00,7199179
1787944660960,unknown,Stage0-1-0,0,-1,39333333,52000000,3,3440.56,469573
1787944660961,unknown,Stage0-3-0,0,-1,30666666,44000000,3,3440.56,469573
1787944660970,unknown,Stage0-6-0,0,-1,104150943,204000000,53,52851.00,7199224
1787944660972,unknown,Stage0-7-0,0,-1,122056603,230000000,53,52386.90,7199179
1787944660972,unknown,Stage0-2-0,0,-1,33333333,41000000,3,3444.00,469573
1787944661950,unknown,Stage0-0-0,0,-1,27666666,42000000,3,3440.56,476461
1787944661951,unknown,Stage0-4-0,0,-1,106584905,206000000,53,52753.25,7304791
1787944661960,unknown,Stage0-5-0,0,-1,109846153,223000000,52,52753.25,7251985
1787944661961,unknown,Stage0-1-0,0,-1,29750000,51000000,4,3440.56,473017
1787944661962,unknown,Stage0-3-0,0,-1,32750000,51000000,4,3440.56,473017
1787944661970,unknown,Stage0-6-0,0,-1,100269230,199000000,52,52764.00,7251988
1787944661972,unknown,Stage0-7-0,0,-1,129925925,259000000,54,54242.00,7253421
1787944661972,unknown,Stage0-2-0,0,-1,41500000,61000000,4,4039.00,473612
1787944662951,unknown,Stage0-0-0,0,-1,21000000,33000000,3,3440.56,479905
1787944662952,unknown,Stage0-4-0,0,-1,113584905,221000000,53,52753.25,7357597
1787944662962,unknown,Stage0-3-0,0,-1,31666666,46000000,3,3444.00,476461
1787944662962,unknown,Stage0-1-0,0,-1,29666666,41000000,3,3440.56,476461
1787944662965,unknown,Stage0-5-0,0,-1,116471698,232000000,53,52543.28,7304791
1787944662970,unknown,Stage0-6-0,0,-1,108811320,207000000,53,52808.00,7304796
1787944662972,unknown,Stage0-2-0,0,-1,24500000,40000000,4,3449.00,477061
1787944662972,unknown,Stage0-7-0,0,-1,111603773,219000000,53,52586.00,7306007
1787944663951,unknown,Stage0-0-0,0,-1,19750000,37000000,4,3444.00,483349
1787944663952,unknown,Stage0-4-0,0,-1,132792452,245000000,53,52807.00,7410404
1787944663962,unknown,Stage0-3-0,0,-1,24333333,34000000,3,3444.00,479905
1787944663963,unknown,Stage0-1-0,0,-1,25333333,37000000,3,3440.56,479905
1787944663965,unknown,Stage0-5-0,0,-1,125981481,243000000,54,53336.00,7358127
1787944663970,unknown,Stage0-6-0,0,-1,116150943,231000000,53,52958.00,7357754
1787944663972,unknown,Stage0-7-0,0,-1,142377358,260000000,53,53065.00,7359072
1787944663972,unknown,Stage0-2-0,0,-1,25666666,52000000,3,3344.00,480405
1787944664951,unknown,Stage0-0-0,0,-1,19000000,28000000,3,3444.00,486793
1787944664952,unknown,Stage0-4-0,0,-1,106735849,213000000,53,52805.00,7463209
1787944664963,unknown,Stage0-1-0,0,-1,25500000,45000000,4,3444.00,483349
1787944664963,unknown,Stage0-3-0,0,-1,25250000,46000000,4,3440.56,483349
1787944664965,unknown,Stage0-5-0,0,-1,121442307,238000000,52,52842.00,7410969
1787944664970,unknown,Stage0-6-0,0,-1,123773584,272000000,53,52659.00,7410413
1787944664972,unknown,Stage0-2-0,0,-1,33000000,47000000,3,3464.00,483869
1787944664972,unknown,Stage0-7-0,0,-1,119038461,228000000,52,51975.00,7411047
1787944665952,unknown,Stage0-0-0,0,-1,17250000,29000000,4,3440.56,490237
1787944665953,unknown,Stage0-4-0,0,-1,102622641,199000000,53,52753.25,7516015
1787944665963,unknown,Stage0-3-0,0,-1,30000000,44000000,3,3444.00,486793
1787944665963,unknown,Stage0-1-0,0,-1,22000000,31000000,3,3444.00,486793
1787944665965,unknown,Stage0-5-0,0,-1,125037735,266000000,53,52535.00,7463504
1787944665970,unknown,Stage0-6-0,0,-1,122584905,238000000,53,52796.00,7463209
1787944665972,unknown,Stage0-7-0,0,-1,155528301,297000000,53,53197.00,7464244
1787944665972,unknown,Stage0-2-0,0,-1,20750000,39000000,4,3515.00,487384
1787944666953,unknown,Stage0-0-0,0,-1,21666666,32000000,3,3440.56,493681
1787944666954,unknown,Stage0-4-0,0,-1,106846153,204000000,52,52753.25,7568821
1787944666964,unknown,Stage0-1-0,0,-1,20750000,37000000,4,3440.56,490237
1787944666964,unknown,Stage0-3-0,0,-1,26000000,45000000,4,3440.56,490237
1787944666965,unknown,Stage0-5-0,0,-1,145924528,272000000,53,52962.00,7516466
1787944666971,unknown,Stage0-6-0,0,-1,106547169,204000000,53,52753.25,7516015
1787944666972,unknown,Stage0-2-0,0,-1,31000000,43000000,3,3420.00,490804
1787944666972,unknown,Stage0-7-0,0,-1,116538461,225000000,52,52736.00,7516980
1787944667954,unknown,Stage0-0-0,0,-1,19500000,36000000,4,3440.56,497125
1787944667954,unknown,Stage0-4-0,0,-1,98603773,197000000,53,52806.00,7621627
1787944667964,unknown,Stage0-1-0,0,-1,23333333,33000000,3,3444.00,493681
1787944667964,unknown,Stage0-3-0,0,-1,30333333,43000000,3,3444.00,493681
1787944667965,unknown,Stage0-5-0,0,-1,100056603,201000000,53,52661.00,7569127
1787944667972,unknown,Stage0-7-0,0,-1,118679245,224000000,53,52428.00,7569408
1787944667972,unknown,Stage0-6-0,0,-1,109692307,221000000,52,52753.25,7568821
1787944667972,unknown,Stage0-2-0,0,-1,24666666,38000000,3,2877.00,493681
1787944668954,unknown,Stage0-0-0,0,-1,23666666,34000000,3,3444.00,500569
1787944668954,unknown,Stage0-4-0,0,-1,115962264,211000000,53,52806.00,7674433
1787944668965,unknown,Stage0-5-0,0,-1,98538461,192000000,52,52577.00,7621704
1787944668965,unknown,Stage0-3-0,0,-1,27000000,45000000,4,3440.56,497125
1787944668965,unknown,Stage0-1-0,0,-1,24250000,41000000,4,3440.56,497125
1787944668972,unknown,Stage0-7-0,0,-1,133924528,263000000,53,53136.00,7622544
1787944668972,unknown,Stage0-6-0,0,-1,97886792,219000000,53,52806.00,7621627
1787944668982,unknown,Stage0-2-0,0,-1,34750000,52000000,4,3409.90,497125
1787944669954,unknown,Stage0-0-0,0,-1,23250000,40000000,4,3444.00,504013
1787944669956,unknown,Stage0-4-0,0,-1,135679245,247000000,53,52700.60,7727239
1787944669965,unknown,Stage0-5-0,0,-1,104566037,205000000,53,52729.00,7674433
1787944669965,unknown,Stage0-3-0,0,-1,29666666,42000000,3,3444.00,500569
1787944669966,unknown,Stage0-1-0,0,-1,30666666,41000000,3,3440.56,500569
1787944669972,unknown,Stage0-7-0,0,-1,119358490,230000000,53,52735.00,7675279
1787944669974,unknown,Stage0-6-0,0,-1,103377358,200000000,53,52700.60,7674433
1787944669982,unknown,Stage0-2-0,0,-1,45666666,58000000,3,3528.00,500653
1787944670955,unknown,Stage0-0-0,0,-1,23000000,35000000,3,3440.56,507457
1787944670956,unknown,Stage0-4-0,0,-1,121716981,231000000,53,52855.00,7780094
1787944670965,unknown,Stage0-5-0,0,-1,104622641,211000000,53,52806.00,7727239
1787944670965,unknown,Stage0-3-0,0,-1,31250000,50000000,4,3444.00,504013
1787944670967,unknown,Stage0-1-0,0,-1,29250000,47000000,4,3440.56,504013
1787944670972,unknown,Stage0-7-0,0,-1,124547169,238000000,53,52729.00,7728008
1787944670974,unknown,Stage0-6-0,0,-1,107226415,213000000,53,52878.00,7727311
1787944670982,unknown,Stage0-2-0,0,-1,43750000,65000000,4,4220.00,504873
1787944671955,unknown,Stage0-0-0,0,-1,16333333,27000000,3,3444.00,510901
1787944671956,unknown,Stage0-4-0,0,-1,117788461,211000000,52,52859.00,7832953
1787944671965,unknown,Stage0-5-0,0,-1,95962264,176000000,53,52806.00,7780045
1787944671965,unknown,Stage0-3-0,0,-1,29333333,44000000,3,3444.00,507457
1787944671972,unknown,Stage0-7-0,0,-1,124192307,213000000,52,52785.00,7780793
1787944671972,unknown,Stage0-1-0,0,-1,25000000,34000000,3,3426.87,507457
1787944671978,unknown,Stage0-6-0,0,-1,100339622,178000000,53,52523.90,7780045
1787944671982,unknown,Stage0-2-0,0,-1,34000000,53000000,3,3084.00,507957
1787944672956,unknown,Stage0-0-0,0,-1,19000000,35000000,4,3440.56,514345
1787944672956,unknown,Stage0-4-0,0,-1,103867924,185000000,53,52704.00,7885657
1787944672966,unknown,Stage0-3-0,0,-1,30666666,52000000,3,3440.56,510901
1787944672967,unknown,Stage0-5-0,0,-1,79942307,134000000,52,52700.60,7832851
1787944672972,unknown,Stage0-7-0,0,-1,103867924,176000000,53,52814.00,7833607
1787944672972,unknown,Stage0-1-0,0,-1,19000000,33000000,4,3604.00,511061
1787944672978,unknown,Stage0-6-0,0,-1,86886792,159000000,53,53434.00,7833479
1787944672982,unknown,Stage0-2-0,0,-1,24750000,43000000,4,3944.00,511901
1787944673956,unknown,Stage0-0-0,0,-1,18000000,26000000,3,3444.00,517789
1787944673957,unknown,Stage0-4-0,0,-1,79943396,150000000,53,52753.25,7938463
1787944673967,unknown,Stage0-3-0,0,-1,21250000,39000000,4,3440.56,514345
1787944673967,unknown,Stage0-5-0,0,-1,96094339,158000000,53,52806.00,7885657
1787944673972,unknown,Stage0-7-0,0,-1,75905660,140000000,53,52764.00,7886371
1787944673972,unknown,Stage0-1-0,0,-1,18000000,25000000,3,3351.00,514412
1787944673978,unknown,Stage0-6-0,0,-1,77230769,138000000,52,52499.00,7885978
1787944673982,unknown,Stage0-2-0,0,-1,22500000,38000000,4,3647.00,515548
1787944674957,unknown,Stage0-0-0,0,-1,15250000,29000000,4,3440.56,521233
1787944674958,unknown,Stage0-4-0,0,-1,103867924,198000000,53,52753.25,7991269
1787944674968,unknown,Stage0-5-0,0,-1,93471698,170000000,53,52753.25,7938463
1787944674968,unknown,Stage0-3-0,0,-1,22666666,32000000,3,3440.56,517789
1787944674972,unknown,Stage0-7-0,0,-1,79547169,136000000,53,52880.00,7939251
1787944674972,unknown,Stage0-1-0,0,-1,21333333,27000000,3,3504.00,517916
1787944674980,unknown,Stage0-6-0,0,-1,69547169,132000000,53,52380.24,7938463
1787944674982,unknown,Stage0-2-0,0,-1,16666666,24000000,3,3025.00,518573
1787944675958,unknown,Stage0-4-0,0,-1,90886792,157000000,53,52806.00,8044075
1787944675958,unknown,Stage0-0-0,0,-1,13333333,20000000,3,3440.56,524677
1787944675968,unknown,Stage0-3-0,0,-1,23250000,41000000,4,3444.00,521233
1787944675969,unknown,Stage0-5-0,0,-1,78849056,136000000,53,52753.25,7991269
1787944675972,unknown,Stage0-1-0,0,-1,16500000,25000000,4,3406.00,521322
1787944675972,unknown,Stage0-7-0,0,-1,82250000,132000000,52,52529.00,7991780
1787944675980,unknown,Stage0-6-0,0,-1,87240740,145000000,54,53693.00,7992156
1787944675982,unknown,Stage0-2-0,0,-1,20750000,32000000,4,3764.00,522337
1787944676958,unknown,Stage0-0-0,0,-1,16750000,33000000,4,3444.00,528121
1787944676958,unknown,Stage0-4-0,0,-1,86961538,190000000,52,52806.00,8096881
1787944676969,unknown,Stage0-3-0,0,-1,24000000,32000000,3,3440.56,524677
1787944676972,unknown,Stage0-1-0,0,-1,23333333,35000000,3,3438.00,524760
1787944676972,unknown,Stage0-7-0,0,-1,104867924,209000000,53,52866.00,8044646
1787944676980,unknown,Stage0-6-0,0,-1,92980769,198000000,52,52225.00,8044381
1787944676980,unknown,Stage0-5-0,0,-1,93339622,200000000,53,52231.45,8044075
1787944676982,unknown,Stage0-2-0,0,-1,17333333,25000000,3,2997.00,525334
1787944677959,unknown,Stage0-0-0,0,-1,19000000,27000000,3,3440.56,531565
1787944677959,unknown,Stage0-4-0,0,-1,115528301,238000000,53,52753.25,8149687
1787944677969,unknown,Stage0-3-0,0,-1,24500000,41000000,4,3444.00,528121
1787944677972,unknown,Stage0-1-0,0,-1,19750000,30000000,4,3363.00,528123
1787944677972,unknown,Stage0-7-0,0,-1,136452830,274000000,53,52564.00,8097210
1787944677980,unknown,Stage0-5-0,0,-1,106925925,217000000,54,54117.00,8098192
1787944677980,unknown,Stage0-6-0,0,-1,126115384,241000000,52,52500.00,8096881
1787944677982,unknown,Stage0-2-0,0,-1,38333333,54000000,3,3422.00,528756
1787944678959,unknown,Stage0-0-0,0,-1,23750000,40000000,4,3444.00,535009
1787944678960,unknown,Stage0-4-0,0,-1,118339622,227000000,53,52753.25,8202493
1787944678970,unknown,Stage0-3-0,0,-1,44000000,59000000,3,3440.56,531565
1787944678972,unknown,Stage0-1-0,0,-1,37666666,55000000,3,3445.00,531568
1787944678972,unknown,Stage0-7-0,0,-1,112365384,208000000,52,52710.00,8149920
1787944678980,unknown,Stage0-6-0,0,-1,114264150,232000000,53,53078.00,8149959
1787944678980,unknown,Stage0-5-0,0,-1,120961538,229000000,52,52695.00,8150887
1787944678982,unknown,Stage0-2-0,0,-1,25000000,46000000,4,3311.00,532067
1787944679959,unknown,Stage0-0-0,0,-1,22333333,34000000,3,3444.00,538453
1787944679960,unknown,Stage0-4-0,0,-1,107188679,203000000,53,52807.00,8255300
1787944679970,unknown,Stage0-3-0,0,-1,23500000,35000000,4,3444.00,535009
1787944679972,unknown,Stage0-7-0,0,-1,109320754,206000000,53,52716.00,8202636
1787944679972,unknown,Stage0-1-0,0,-1,23750000,40000000,4,3441.00,535009
1787944679980,unknown,Stage0-5-0,0,-1,116740740,222000000,54,53346.00,8204233
1787944679980,unknown,Stage0-6-0,0,-1,105301886,211000000,53,52707.00,8202666
1787944679982,unknown,Stage0-2-0,0,-1,40000000,54000000,3,3467.00,535534
1787944680960,unknown,Stage0-0-0,0,-1,17333333,29000000,3,3440.56,541897
1787944680960,unknown,Stage0-4-0,0,-1,125905660,256000000,53,52805.00,8308105
1787944680971,unknown,Stage0-3-0,0,-1,27666666,38000000,3,3440.56,538453
1787944680972,unknown,Stage0-7-0,0,-1,108037735,201000000,53,52754.00,8255390
1787944680973,unknown,Stage0-1-0,0,-1,29666666,42000000,3,3440.56,538453
1787944680980,unknown,Stage0-5-0,0,-1,119192307,230000000,52,52467.00,8256700
1787944680980,unknown,Stage0-6-0,0,-1,103792452,215000000,53,52677.00,8255343
1787944680982,unknown,Stage0-2-0,0,-1,31000000,41000000,3,3429.00,538963
1787944681960,unknown,Stage0-0-0,0,-1,19500000,36000000,4,3444.00,545341
1787944681961,unknown,Stage0-4-0,0,-1,114980769,223000000,52,52753.25,8360911
1787944681971,unknown,Stage0-3-0,0,-1,26000000,37000000,3,3444.00,541897
1787944681972,unknown,Stage0-7-0,0,-1,107207547,205000000,53,52743.00,8308133
1787944681973,unknown,Stage0-1-0,0,-1,24333333,34000000,3,3444.00,541897
1787944681980,unknown,Stage0-6-0,0,-1,113811320,220000000,53,52839.00,8308182
1787944681980,unknown,Stage0-5-0,0,-1,106584905,219000000,53,52911.00,8309611
1787944681982,unknown,Stage0-2-0,0,-1,19500000,35000000,4,3379.00,542342
1787944682961,unknown,Stage0-0-0,0,-1,20666666,31000000,3,3440.56,548785
1787944682962,unknown,Stage0-4-0,0,-1,120037735,242000000,53,52753.25,8413717
1787944682972,unknown,Stage0-7-0,0,-1,122846153,227000000,52,52811.00,8360944
1787944682972,unknown,Stage0-3-0,0,-1,21750000,38000000,4,3440.56,545341
1787944682974,unknown,Stage0-1-0,0,-1,24250000,43000000,4,3440.56,545341
1787944682980,unknown,Stage0-5-0,0,-1,103692307,215000000,52,52248.00,8361859
1787944682980,unknown,Stage0-6-0,0,-1,118826923,239000000,52,52729.00,8360911
1787944682982,unknown,Stage0-2-0,0,-1,37000000,53000000,3,3651.00,545993
1787944683961,unknown,Stage0-0-0,0,-1,22000000,40000000,4,3444.00,552229
1787944683963,unknown,Stage0-4-0,0,-1,125150943,245000000,53,52753.25,8466523
1787944683972,unknown,Stage0-3-0,0,-1,29000000,41000000,3,3444.00,548785
1787944683972,unknown,Stage0-7-0,0,-1,127207547,263000000,53,52809.00,8413753
1787944683975,unknown,Stage0-1-0,0,-1,29333333,44000000,3,3440.56,548785
1787944683980,unknown,Stage0-5-0,0,-1,157490566,310000000,53,52570.00,8414429
1787944683980,unknown,Stage0-6-0,0,-1,128622641,251000000,53,52806.00,8413717
1787944683982,unknown,Stage0-2-0,0,-1,15500000,29000000,4,3134.00,549127
1787944684962,unknown,Stage0-0-0,0,-1,22000000,32000000,3,3440.56,555673
1787944684963,unknown,Stage0-4-0,0,-1,121490566,244000000,53,52826.00,8519349
1787944684972,unknown,Stage0-7-0,0,-1,106641509,212000000,53,52770.00,8466523
1787944684975,unknown,Stage0-1-0,0,-1,28250000,51000000,4,3444.00,552229
1787944684975,unknown,Stage0-3-0,0,-1,26750000,41000000,4,3433.70,552229
1787944684980,unknown,Stage0-5-0,0,-1,119226415,250000000,53,53064.00,8467493
1787944684981,unknown,Stage0-6-0,0,-1,107528301,215000000,53,52753.25,8466523
1787944684982,unknown,Stage0-2-0,0,-1,31000000,44000000,3,3453.00,552580
1787944685963,unknown,Stage0-0-0,0,-1,23000000,41000000,4,3440.56,559117
1787944685964,unknown,Stage0-4-0,0,-1,129981132,268000000,53,52733.27,8572135
1787944685972,unknown,Stage0-7-0,0,-1,125075471,247000000,53,52806.00,8519329
1787944685975,unknown,Stage0-3-0,0,-1,25333333,39000000,3,3615.00,555844
1787944685975,unknown,Stage0-1-0,0,-1,30333333,44000000,3,3444.00,555673
1787944685980,unknown,Stage0-5-0,0,-1,114415094,219000000,53,52559.00,8520052
1787944685981,unknown,Stage0-6-0,0,-1,119547169,229000000,53,52806.00,8519329
1787944685982,unknown,Stage0-2-0,0,-1,26250000,47000000,4,3565.00,556145
1787944686963,unknown,Stage0-0-0,0,-1,24000000,33000000,3,3444.00,562561
1787944686964,unknown,Stage0-4-0,0,-1,130576923,251000000,52,52806.00,8624941
1787944686973,unknown,Stage0-7-0,0,-1,127905660,244000000,53,52753.25,8572135
1787944686975,unknown,Stage0-3-0,0,-1,27500000,46000000,4,3419.00,559263
1787944686976,unknown,Stage0-1-0,0,-1,32000000,57000000,4,3440.56,559117
1787944686980,unknown,Stage0-5-0,0,-1,125943396,260000000,53,53068.00,8573120
1787944686982,unknown,Stage0-2-0,0,-1,30666666,45000000,3,3280.00,559425
1787944686982,unknown,Stage0-6-0,0,-1,103245283,198000000,53,52753.25,8572135
1787944687964,unknown,Stage0-0-0,0,-1,23750000,41000000,4,3440.56,566005
1787944687965,unknown,Stage0-4-0,0,-1,117075471,225000000,53,52753.25,8677747
1787944687974,unknown,Stage0-7-0,0,-1,110192307,212000000,52,52753.25,8624941
1787944687975,unknown,Stage0-3-0,0,-1,24666666,34000000,3,3389.00,562652
1787944687977,unknown,Stage0-1-0,0,-1,34333333,49000000,3,3440.56,562561
1787944687980,unknown,Stage0-5-0,0,-1,140076923,270000000,52,52409.00,8625529
1787944687982,unknown,Stage0-2-0,0,-1,31000000,45000000,3,3443.00,562868
1787944687982,unknown,Stage0-6-0,0,-1,122230769,234000000,52,52806.00,8624941
1787944688964,unknown,Stage0-0-0,0,-1,25333333,35000000,3,3444.00,569449
1787944688965,unknown,Stage0-4-0,0,-1,105320754,202000000,53,52806.00,8730553
1787944688974,unknown,Stage0-7-0,0,-1,105867924,214000000,53,52806.00,8677747
1787944688975,unknown,Stage0-3-0,0,-1,24000000,40000000,4,3418.00,566070
1787944688977,unknown,Stage0-1-0,0,-1,30500000,49000000,4,3444.00,566005
1787944688980,unknown,Stage0-5-0,0,-1,116698113,228000000,53,52718.00,8678247
1787944688982,unknown,Stage0-2-0,0,-1,32250000,54000000,4,3541.00,566409
1787944688983,unknown,Stage0-6-0,0,-1,106000000,218000000,53,52753.25,8677747
1787944689965,unknown,Stage0-0-0,0,-1,19333333,29000000,3,3440.56,572893
1787944689966,unknown,Stage0-4-0,0,-1,122641509,258000000,53,52753.25,8783359
1787944689975,unknown,Stage0-7-0,0,-1,123283018,249000000,53,52753.25,8730553
1787944689975,unknown,Stage0-3-0,0,-1,31666666,48000000,3,3385.00,569455
1787944689978,unknown,Stage0-1-0,0,-1,31666666,44000000,3,3440.56,569449
1787944689980,unknown,Stage0-5-0,0,-1,134576923,284000000,52,52679.00,8730926
1787944689982,unknown,Stage0-2-0,0,-1,25333333,37000000,3,3438.00,569847
1787944689984,unknown,Stage0-6-0,0,-1,118037735,257000000,53,52753.25,8730553
1787944690965,unknown,Stage0-0-0,0,-1,22000000,43000000,4,3444.00,576337
1787944690966,unknown,Stage0-4-0,0,-1,120584905,236000000,53,52806.00,8836165
1787944690975,unknown,Stage0-3-0,0,-1,28000000,43000000,3,3479.00,572934
1787944690975,unknown,Stage0-7-0,0,-1,103584905,206000000,53,52806.00,8783359
1787944690979,unknown,Stage0-1-0,0,-1,26333333,40000000,3,3440.56,572893
1787944690980,unknown,Stage0-5-0,0,-1,112943396,242000000,53,52698.00,8783624
1787944690982,unknown,Stage0-2-0,0,-1,16250000,29000000,4,3289.00,573136
1787944690985,unknown,Stage0-6-0,0,-1,119320754,230000000,53,52753.25,8783359
1787944691967,unknown,Stage0-4-0,0,-1,103826923,210000000,52,52753.25,8888971
1787944691967,unknown,Stage0-0-0,0,-1,20666666,34000000,3,3437.13,579781
1787944691975,unknown,Stage0-3-0,0,-1,24500000,44000000,4,3416.00,576350
1787944691975,unknown,Stage0-7-0,0,-1,131773584,247000000,53,52806.00,8836165
1787944691980,unknown,Stage0-5-0,0,-1,113396226,218000000,53,52883.00,8836507
1787944691982,unknown,Stage0-2-0,0,-1,32000000,44000000,3,3442.00,576578
1787944691985,unknown,Stage0-6-0,0,-1,121358490,242000000,53,52881.00,8836240
1787944691988,unknown,Stage0-1-0,0,-1,33000000,58000000,4,3413.28,576337
1787944692967,unknown,Stage0-0-0,0,-1,21750000,42000000,4,3444.00,583225
1787944692968,unknown,Stage0-4-0,0,-1,102301886,203000000,53,52753.25,8941777
1787944692975,unknown,Stage0-7-0,0,-1,126711538,237000000,52,52806.00,8888971
1787944692976,unknown,Stage0-3-0,0,-1,27666666,42000000,3,3427.57,579781
1787944692980,unknown,Stage0-5-0,0,-1,124264150,250000000,53,52811.00,8889318
1787944692982,unknown,Stage0-2-0,0,-1,25000000,39000000,3,3354.00,579932
1787944692987,unknown,Stage0-6-0,0,-1,118596153,225000000,52,52625.75,8888971
1787944692988,unknown,Stage0-1-0,0,-1,30000000,54000000,4,3899.00,580236
1787944693968,unknown,Stage0-0-0,0,-1,20333333,30000000,3,3440.56,586669
1787944693968,unknown,Stage0-4-0,0,-1,104547169,202000000,53,52806.00,8994583
1787944693976,unknown,Stage0-3-0,0,-1,30750000,55000000,4,3444.00,583225
1787944693976,unknown,Stage0-7-0,0,-1,105811320,191000000,53,52753.25,8941777
1787944693980,unknown,Stage0-5-0,0,-1,113211538,216000000,52,52531.00,8941849
1787944693982,unknown,Stage0-2-0,0,-1,24500000,41000000,4,3399.00,583331
1787944693987,unknown,Stage0-6-0,0,-1,115943396,240000000,53,52914.00,8941885
1787944693988,unknown,Stage0-1-0,0,-1,31666666,44000000,3,3489.00,583725
1787944694968,unknown,Stage0-0-0,0,-1,21250000,37000000,4,3444.00,590113
1787944694969,unknown,Stage0-4-0,0,-1,95452830,175000000,53,52753.25,9047389
1787944694976,unknown,Stage0-3-0,0,-1,32666666,46000000,3,3444.00,586669
1787944694976,unknown,Stage0-7-0,0,-1,103075471,182000000,53,52806.00,8994583
1787944694980,unknown,Stage0-5-0,0,-1,107924528,190000000,53,52734.00,8994583
1787944694982,unknown,Stage0-2-0,0,-1,24000000,33000000,3,3415.00,586746
1787944694987,unknown,Stage0-6-0,0,-1,89188679,154000000,53,52847.00,8994732
1787944694988,unknown,Stage0-1-0,0,-1,23666666,33000000,3,3117.00,586842
1787944695969,unknown,Stage0-0-0,0,-1,22000000,29000000,3,3440.56,593557
1787944695969,unknown,Stage0-4-0,0,-1,77698113,139000000,53,52806.00,9100195
1787944695976,unknown,Stage0-3-0,0,-1,22750000,41000000,4,3444.00,590113
1787944695977,unknown,Stage0-7-0,0,-1,88547169,162000000,53,52753.25,9047389
1787944695980,unknown,Stage0-5-0,0,-1,110396226,189000000,53,52806.00,9047389
1787944695982,unknown,Stage0-2-0,0,-1,18750000,31000000,4,3433.00,590179
1787944695987,unknown,Stage0-6-0,0,-1,65867924,115000000,53,52709.00,9047441
1787944695988,unknown,Stage0-1-0,0,-1,30000000,45000000,4,3729.00,590571
1787944696969,unknown,Stage0-0-0,0,-1,16750000,28000000,4,3444.00,597001
1787944696970,unknown,Stage0-4-0,0,-1,74622641,147000000,53,52753.25,9153001
1787944696977,unknown,Stage0-3-0,0,-1,20666666,26000000,3,3440.56,593557
1787944696977,unknown,Stage0-7-0,0,-1,83811320,148000000,53,52806.00,9100195
1787944696980,unknown,Stage0-5-0,0,-1,74584905,126000000,53,52806.00,9100195
1787944696982,unknown,Stage0-2-0,0,-1,23000000,29000000,3,3441.00,593620
1787944696987,unknown,Stage0-6-0,0,-1,81358490,153000000,53,52754.00,9100195
1787944696988,unknown,Stage0-1-0,0,-1,20500000,34000000,4,3484.00,594055
1787944697970,unknown,Stage0-0-0,0,-1,10000000,10000000,1,1529.47,598532
1787944697971,unknown,Stage0-4-0,0,-1,40043478,70000000,23,23445.55,9176470
1787944697978,unknown,Stage0-3-0,0,-1,16500000,25000000,4,3440.56,597001
1787944697978,unknown,Stage0-7-0,0,-1,68830188,113000000,53,52753.25,9153001
1787944697981,unknown,Stage0-5-0,0,-1,73811320,122000000,53,52753.25,9153001
1787944697982,unknown,Stage0-2-0,0,-1,23000000,37000000,4,3381.00,597001
1787944697988,unknown,Stage0-1-0,0,-1,30000000,39000000,3,3300.00,597355
1787944697988,unknown,Stage0-6-0,0,-1,79132075,138000000,53,52753.25,9153001
1787944698971,unknown,Stage0-0-0,0,-1,11000000,16000000,2,1529.47,600063
1787944698971,unknown,Stage0-4-0,0,-1,36739130,66000000,23,23469.00,9199939
1787944698978,unknown,Stage0-3-0,0,-1,13000000,13000000,1,1531.00,598532
1787944698979,unknown,Stage0-7-0,0,-1,37217391,59000000,23,23445.55,9176470
1787944698981,unknown,Stage0-5-0,0,-1,37869565,62000000,23,23469.00,9176470
1787944698983,unknown,Stage0-2-0,0,-1,16000000,16000000,1,1529.47,598532
1787944698988,unknown,Stage0-1-0,0,-1,15000000,15000000,1,1563.00,598918
1787944698992,unknown,Stage0-6-0,0,-1,34913043,59000000,23,23375.50,9176470
1787944699971,unknown,Stage0-0-0,0,-1,10000000,10000000,1,1531.00,601594
1787944699971,unknown,Stage0-4-0,0,-1,50666666,84000000,24,23469.00,9223408
1787944699978,unknown,Stage0-3-0,0,-1,17000000,27000000,2,1531.00,600063
1787944699979,unknown,Stage0-7-0,0,-1,36347826,57000000,23,23469.00,9199939
1787944699982,unknown,Stage0-5-0,0,-1,52869565,79000000,23,23445.55,9199939
1787944699983,unknown,Stage0-2-0,0,-1,12000000,16000000,2,1531.00,600063
1787944699988,unknown,Stage0-1-0,0,-1,15500000,24000000,2,1614.00,600532
1787944699992,unknown,Stage0-6-0,0,-1,43541666,74000000,24,24075.00,9200545
1787944700972,unknown,Stage0-0-0,0,-1,10000000,14000000,2,1529.47,603125
1787944700973,unknown,Stage0-4-0,0,-1,36608695,67000000,23,23422.16,9246877
1787944700979,unknown,Stage0-3-0,0,-1,15000000,15000000,1,1529.47,601594
1787944700979,unknown,Stage0-7-0,0,-1,44375000,75000000,24,23469.00,9223408
1787944700982,unknown,Stage0-5-0,0,-1,46166666,77000000,24,23469.00,9223408
1787944700983,unknown,Stage0-2-0,0,-1,11000000,11000000,1,1531.00,601594
1787944700988,unknown,Stage0-1-0,0,-1,12000000,12000000,1,1322.00,601854
1787944700992,unknown,Stage0-6-0,0,-1,32043478,53000000,23,23283.00,9223828
1787944701972,unknown,Stage0-0-0,0,-1,11000000,11000000,1,1531.00,604656
1787944701974,unknown,Stage0-4-0,0,-1,37833333,66000000,24,23445.55,9270346
1787944701979,unknown,Stage0-3-0,0,-1,14000000,21000000,2,1531.00,603125
1787944701980,unknown,Stage0-7-0,0,-1,36130434,57000000,23,23445.55,9246877
1787944701983,unknown,Stage0-5-0,0,-1,37913043,59000000,23,23445.55,9246877
1787944701984,unknown,Stage0-2-0,0,-1,15500000,23000000,2,1529.47,603125
1787944701988,unknown,Stage0-1-0,0,-1,12500000,17000000,2,1491.00,603345
1787944701992,unknown,Stage0-6-0,0,-1,33916666,57000000,24,23364.00,9247192
1787944702972,unknown,Stage0-0-0,0,-1,10000000,15000000,2,1531.00,606187
1787944702974,unknown,Stage0-4-0,0,-1,39750000,74000000,24,23740.00,9294086
1787944702980,unknown,Stage0-3-0,0,-1,12000000,12000000,1,1529.47,604656
1787944702981,unknown,Stage0-7-0,0,-1,42166666,67000000,24,23445.55,9270346
1787944702983,unknown,Stage0-5-0,0,-1,43916666,69000000,24,23469.00,9270346
1787944702987,unknown,Stage0-2-0,0,-1,16000000,16000000,1,1526.42,604656
1787944702988,unknown,Stage0-1-0,0,-1,14000000,14000000,1,1515.00,604860
1787944702992,unknown,Stage0-6-0,0,-1,33956521,59000000,23,23372.00,9270564
1787944703973,unknown,Stage0-0-0,0,-1,9000000,9000000,1,1529.47,607718
1787944703974,unknown,Stage0-4-0,0,-1,39782608,71000000,23,23198.00,9317284
1787944703981,unknown,Stage0-3-0,0,-1,11000000,16000000,2,1529.47,606187
1787944703981,unknown,Stage0-7-0,0,-1,35652173,58000000,23,23469.00,9293815
1787944703984,unknown,Stage0-5-0,0,-1,38478260,65000000,23,23445.55,9293815
1787944703987,unknown,Stage0-2-0,0,-1,13000000,18000000,2,1531.00,606187
1787944703988,unknown,Stage0-1-0,0,-1,12500000,19000000,2,1481.00,606341
1787944703996,unknown,Stage0-6-0,0,-1,33782608,58000000,23,23158.37,9293815
1787944704973,unknown,Stage0-0-0,0,-1,9000000,14000000,2,1531.00,609249
1787944704974,unknown,Stage0-4-0,0,-1,40478260,70000000,23,23469.00,9340753
1787944704981,unknown,Stage0-3-0,0,-1,12000000,12000000,1,1531.00,607718
1787944704982,unknown,Stage0-7-0,0,-1,50750000,83000000,24,23445.55,9317284
1787944704984,unknown,Stage0-5-0,0,-1,37625000,62000000,24,23469.00,9317284
1787944704988,unknown,Stage0-1-0,0,-1,11000000,11000000,1,1478.00,607819
1787944704988,unknown,Stage0-2-0,0,-1,12000000,12000000,1,1529.47,607718
1787944704996,unknown,Stage0-6-0,0,-1,46750000,80000000,24,23903.00,9317718
1787944705974,unknown,Stage0-0-0,0,-1,9000000,9000000,1,1529.47,610780
1787944705975,unknown,Stage0-4-0,0,-1,37166666,63000000,24,23445.55,9364222
1787944705982,unknown,Stage0-7-0,0,-1,45000000,79000000,23,23469.00,9340753
1787944705982,unknown,Stage0-3-0,0,-1,10000000,14000000,2,1529.47,609249
1787944705986,unknown,Stage0-5-0,0,-1,55043478,86000000,23,23422.16,9340753
1787944705988,unknown,Stage0-2-0,0,-1,15000000,22000000,2,1595.00,609313
1787944705988,unknown,Stage0-1-0,0,-1,10500000,16000000,2,1498.00,609317
1787944705996,unknown,Stage0-6-0,0,-1,30375000,52000000,24,23665.00,9341383
1787944706975,unknown,Stage0-0-0,0,-1,7500000,12000000,2,1529.47,612311
1787944706975,unknown,Stage0-4-0,0,-1,41652173,74000000,23,23469.00,9387691
1787944706982,unknown,Stage0-3-0,0,-1,13000000,13000000,1,1531.00,610780
1787944706982,unknown,Stage0-7-0,0,-1,42791666,75000000,24,23469.00,9364222
1787944706986,unknown,Stage0-5-0,0,-1,46250000,82000000,24,23561.00,9364314
1787944706988,unknown,Stage0-1-0,0,-1,12000000,12000000,1,1533.00,610850
1787944706990,unknown,Stage0-2-0,0,-1,12000000,12000000,1,1464.07,610780
1787944706996,unknown,Stage0-6-0,0,-1,47826086,76000000,23,23433.00,9364816
1787944707975,unknown,Stage0-0-0,0,-1,8000000,8000000,1,1531.00,613842
1787944707976,unknown,Stage0-4-0,0,-1,40291666,69000000,24,23445.55,9411160
1787944707982,unknown,Stage0-3-0,0,-1,10000000,16000000,2,1531.00,612311
1787944707983,unknown,Stage0-7-0,0,-1,41521739,75000000,23,23445.55,9387691
1787944707987,unknown,Stage0-5-0,0,-1,32000000,51000000,23,23353.65,9387691
1787944707988,unknown,Stage0-1-0,0,-1,12500000,20000000,2,1473.00,612323
1787944707990,unknown,Stage0-2-0,0,-1,14000000,20000000,2,1604.00,612384
1787944708000,unknown,Stage0-6-0,0,-1,41304347,71000000,23,22783.86,9387691
1787944708976,unknown,Stage0-0-0,0,-1,11000000,18000000,2,1529.47,615373
1787944708977,unknown,Stage0-4-0,0,-1,42173913,71000000,23,23445.55,9434629
1787944708983,unknown,Stage0-3-0,0,-1,12000000,12000000,1,1529.47,613842
1787944708983,unknown,Stage0-7-0,0,-1,57000000,90000000,24,23469.00,9411160
1787944708987,unknown,Stage0-5-0,0,-1,43541666,63000000,24,23469.00,9411160
1787944708988,unknown,Stage0-1-0,0,-1,11000000,11000000,1,1519.00,613842
1787944708990,unknown,Stage0-2-0,0,-1,13000000,13000000,1,1526.00,613910
1787944709000,unknown,Stage0-6-0,0,-1,47760000,85000000,25,24486.00,9412177
1787944709976,unknown,Stage0-0-0,0,-1,6000000,6000000,1,1531.00,616904
1787944709977,unknown,Stage0-4-0,0,-1,34791666,61000000,24,23469.00,9458098
1787944709983,unknown,Stage0-7-0,0,-1,42739130,75000000,23,23469.00,9434629
1787944709983,unknown,Stage0-3-0,0,-1,10000000,16000000,2,1531.00,615373
1787944709988,unknown,Stage0-1-0,0,-1,9500000,16000000,2,1531.00,615373
1787944709990,unknown,Stage0-2-0,0,-1,10500000,16000000,2,1491.00,615401
1787944709993,unknown,Stage0-5-0,0,-1,46130434,82000000,23,23329.03,9434629
1787944710000,unknown,Stage0-6-0,0,-1,28478260,46000000,23,23132.00,9435309
1787944710977,unknown,Stage0-0-0,0,-1,7500000,12000000,2,1529.47,618435
1787944710978,unknown,Stage0-4-0,0,-1,33130434,60000000,23,23445.55,9481567
1787944710984,unknown,Stage0-3-0,0,-1,10000000,10000000,1,1529.47,616904
1787944710984,unknown,Stage0-7-0,0,-1,32125000,52000000,24,23445.55,9458098
1787944710988,unknown,Stage0-1-0,0,-1,19000000,19000000,1,1531.00,616904
1787944710990,unknown,Stage0-2-0,0,-1,11000000,11000000,1,1503.00,616904
1787944710993,unknown,Stage0-5-0,0,-1,40120000,66000000,25,24446.00,9459075
1787944711000,unknown,Stage0-6-0,0,-1,40000000,65000000,23,23271.00,9458580
1787944711978,unknown,Stage0-0-0,0,-1,6000000,6000000,1,1529.47,619966
1787944711978,unknown,Stage0-4-0,0,-1,34791666,61000000,24,23469.00,9505036
1787944711984,unknown,Stage0-3-0,0,-1,11500000,19000000,2,1531.00,618435
1787944711985,unknown,Stage0-7-0,0,-1,47521739,79000000,23,23445.55,9481567
1787944711989,unknown,Stage0-1-0,0,-1,10000000,17000000,2,1529.47,618435
1787944711990,unknown,Stage0-2-0,0,-1,11000000,17000000,2,1531.00,618435
1787944711993,unknown,Stage0-5-0,0,-1,36913043,60000000,23,23323.00,9482398
1787944712000,unknown,Stage0-6-0,0,-1,43291666,70000000,24,23635.00,9482215
1787944712978,unknown,Stage0-0-0,0,-1,8000000,13000000,2,1531.00,621497
1787944712979,unknown,Stage0-4-0,0,-1,36782608,62000000,23,23445.55,9528505
1787944712985,unknown,Stage0-3-0,0,-1,10000000,10000000,1,1529.47,619966
1787944712985,unknown,Stage0-7-0,0,-1,42583333,77000000,24,23469.00,9505036
1787944712989,unknown,Stage0-1-0,0,-1,8000000,8000000,1,1533.00,619968
1787944712990,unknown,Stage0-2-0,0,-1,8000000,8000000,1,1531.00,619966
1787944712993,unknown,Stage0-5-0,0,-1,40347826,65000000,23,23331.00,9505729
1787944713000,unknown,Stage0-6-0,0,-1,43260869,73000000,23,23560.00,9505775
1787944713979,unknown,Stage0-0-0,0,-1,12000000,18000000,2,1529.47,623028
1787944713979,unknown,Stage0-4-0,0,-1,37130434,66000000,23,23469.00,9551974
1787944713985,unknown,Stage0-3-0,0,-1,9000000,16000000,2,1531.00,621497
1787944713986,unknown,Stage0-7-0,0,-1,41652173,62000000,23,23445.55,9528505
1787944713989,unknown,Stage0-1-0,0,-1,8000000,15000000,2,1529.00,621497
1787944713991,unknown,Stage0-2-0,0,-1,9500000,16000000,2,1529.47,621497
1787944713993,unknown,Stage0-5-0,0,-1,44130434,69000000,23,23184.00,9528913
1787944714000,unknown,Stage0-6-0,0,-1,29083333,57000000,24,23276.00,9529051
1787944714979,unknown,Stage0-0-0,0,-1,12000000,12000000,1,1531.00,624559
1787944714980,unknown,Stage0-4-0,0,-1,44208333,80000000,24,23445.55,9575443
1787944714986,unknown,Stage0-3-0,0,-1,17000000,24000000,2,1529.47,623028
1787944714986,unknown,Stage0-7-0,0,-1,47826086,83000000,23,23469.00,9551974
1787944714992,unknown,Stage0-2-0,0,-1,19000000,29000000,2,1529.47,623028
1787944714992,unknown,Stage0-1-0,0,-1,15500000,22000000,2,1526.42,623028
1787944715004,unknown,Stage0-5-0,0,-1,45375000,80000000,24,23145.40,9552313
1787944715008,unknown,Stage0-6-0,0,-1,40409090,66000000,22,22741.07,9551974
1787944715979,unknown,Stage0-0-0,0,-1,11000000,16000000,2,1531.00,626090
1787944715980,unknown,Stage0-4-0,0,-1,51217391,81000000,23,23469.00,9598912
1787944715987,unknown,Stage0-3-0,0,-1,13000000,13000000,1,1529.47,624559
1787944715987,unknown,Stage0-7-0,0,-1,32791666,52000000,24,23445.55,9575443
1787944715992,unknown,Stage0-1-0,0,-1,14000000,14000000,1,1638.00,624666
1787944715992,unknown,Stage0-2-0,0,-1,13000000,13000000,1,1531.00,624559
1787944716008,unknown,Stage0-6-0,0,-1,50769230,84000000,26,25377.00,9577351
1787944716012,unknown,Stage0-5-0,0,-1,57166666,86000000,24,24309.52,9576817
1787944716980,unknown,Stage0-0-0,0,-1,10000000,10000000,1,1529.47,627621
1787944716981,unknown,Stage0-4-0,0,-1,37291666,67000000,24,23445.55,9622381
1787944716987,unknown,Stage0-3-0,0,-1,13000000,18000000,2,1531.00,626090
1787944716988,unknown,Stage0-7-0,0,-1,43869565,78000000,23,23445.55,9598912
1787944716992,unknown,Stage0-1-0,0,-1,13000000,19000000,2,1467.00,626133
1787944716992,unknown,Stage0-2-0,0,-1,14000000,20000000,2,1531.00,626090
1787944717008,unknown,Stage0-6-0,0,-1,35347826,61000000,23,23333.00,9600684
1787944717012,unknown,Stage0-5-0,0,-1,56880000,92000000,25,24439.00,9601256
1787944717981,unknown,Stage0-0-0,0,-1,10500000,16000000,2,1529.47,629152
1787944717982,unknown,Stage0-4-0,0,-1,45521739,86000000,23,23445.55,9645850
1787944717987,unknown,Stage0-3-0,0,-1,13000000,13000000,1,1531.00,627621
1787944717988,unknown,Stage0-7-0,0,-1,39000000,62000000,24,23469.00,9622381
1787944717992,unknown,Stage0-1-0,0,-1,14000000,14000000,1,1508.00,627641
1787944717993,unknown,Stage0-2-0,0,-1,12000000,12000000,1,1529.47,627621
1787944718008,unknown,Stage0-6-0,0,-1,32565217,54000000,23,22972.00,9623656
1787944718012,unknown,Stage0-5-0,0,-1,51666666,84000000,24,24725.00,9625981
1787944718981,unknown,Stage0-0-0,0,-1,9000000,9000000,1,1531.00,630683
1787944718982,unknown,Stage0-4-0,0,-1,43333333,75000000,24,23469.00,9669319
1787944718988,unknown,Stage0-3-0,0,-1,16000000,24000000,2,1529.47,629152
1787944718988,unknown,Stage0-7-0,0,-1,37869565,63000000,23,23469.00,9645850
1787944718992,unknown,Stage0-1-0,0,-1,16500000,26000000,2,1511.00,629152
1787944718994,unknown,Stage0-2-0,0,-1,14000000,21000000,2,1529.47,629152
1787944719008,unknown,Stage0-6-0,0,-1,36583333,63000000,24,23761.00,9647417
1787944719012,unknown,Stage0-5-0,0,-1,41409090,67000000,22,21672.00,9647653
1787944719982,unknown,Stage0-0-0,0,-1,8500000,12000000,2,1529.47,632214
1787944719983,unknown,Stage0-4-0,0,-1,36260869,62000000,23,23445.55,9692788
1787944719988,unknown,Stage0-3-0,0,-1,13000000,13000000,1,1531.00,630683
1787944719988,unknown,Stage0-7-0,0,-1,46041666,87000000,24,23469.00,9669319
1787944719992,unknown,Stage0-1-0,0,-1,11000000,11000000,1,1531.00,630683
1787944719994,unknown,Stage0-2-0,0,-1,13000000,13000000,1,1531.00,630683
1787944720008,unknown,Stage0-6-0,0,-1,36363636,55000000,22,22135.00,9669552
1787944720012,unknown,Stage0-5-0,0,-1,52346153,87000000,26,25436.00,9673089
1787944720982,unknown,Stage0-0-0,0,-1,7000000,7000000,1,1531.00,633745
1787944720984,unknown,Stage0-4-0,0,-1,40125000,69000000,24,23445.55,9716257
1787944720989,unknown,Stage0-7-0,0,-1,44217391,77000000,23,23445.55,9692788
1787944720989,unknown,Stage0-3-0,0,-1,13000000,20000000,2,1529.47,632214
1787944720993,unknown,Stage0-1-0,0,-1,10500000,17000000,2,1529.47,632214
1787944720995,unknown,Stage0-2-0,0,-1,13000000,19000000,2,1529.47,632214
1787944721008,unknown,Stage0-6-0,0,-1,30400000,54000000,25,24579.00,9694131
1787944721012,unknown,Stage0-5-0,0,-1,40304347,71000000,23,23655.00,9696744
1787944721984,unknown,Stage0-0-0,0,-1,10000000,15000000,2,1527.94,635276
1787944721984,unknown,Stage0-4-0,0,-1,36130434,58000000,23,23469.00,9739726
1787944721989,unknown,Stage0-3-0,0,-1,13000000,13000000,1,1531.00,633745
1787944721990,unknown,Stage0-7-0,0,-1,45500000,80000000,24,23445.55,9716257
1787944721995,unknown,Stage0-2-0,0,-1,10000000,10000000,1,1531.00,633745
1787944722004,unknown,Stage0-1-0,0,-1,11000000,11000000,1,1514.34,633745
1787944722008,unknown,Stage0-6-0,0,-1,46260869,72000000,23,23241.00,9717372
1787944722012,unknown,Stage0-5-0,0,-1,35347826,59000000,23,22536.00,9719280
1787944722984,unknown,Stage0-0-0,0,-1,9000000,9000000,1,1531.00,636807
1787944722985,unknown,Stage0-4-0,0,-1,45166666,79000000,24,23445.55,9763195
1787944722990,unknown,Stage0-7-0,0,-1,54521739,88000000,23,23481.00,9739738
1787944722990,unknown,Stage0-3-0,0,-1,12000000,19000000,2,1529.47,635276
1787944722996,unknown,Stage0-2-0,0,-1,11000000,16000000,2,1529.47,635276
1787944723004,unknown,Stage0-1-0,0,-1,19500000,24000000,2,2220.00,635965
1787944723010,unknown,Stage0-6-0,0,-1,37772727,66000000,22,22309.38,9739726
1787944723012,unknown,Stage0-5-0,0,-1,42347826,70000000,23,23713.00,9742993
1787944723985,unknown,Stage0-0-0,0,-1,7500000,12000000,2,1529.47,638338
1787944723986,unknown,Stage0-4-0,0,-1,41086956,66000000,23,23445.55,9786664
1787944723990,unknown,Stage0-7-0,0,-1,51708333,91000000,24,23457.00,9763195
1787944723990,unknown,Stage0-3-0,0,-1,13000000,13000000,1,1531.00,636807
1787944723996,unknown,Stage0-2-0,0,-1,11000000,11000000,1,1531.00,636807
1787944724004,unknown,Stage0-1-0,0,-1,7500000,11000000,2,1431.00,637396
1787944724010,unknown,Stage0-6-0,0,-1,34920000,55000000,25,24458.00,9764184
1787944724012,unknown,Stage0-5-0,0,-1,47958333,81000000,24,23097.00,9766090
1787944724985,unknown,Stage0-0-0,0,-1,6000000,6000000,1,1531.00,639869
1787944724986,unknown,Stage0-4-0,0,-1,44333333,75000000,24,23469.00,9810133
1787944724990,unknown,Stage0-3-0,0,-1,12000000,19000000,2,1531.00,638338
1787944724991,unknown,Stage0-7-0,0,-1,45956521,85000000,23,23445.55,9786664
1787944724997,unknown,Stage0-2-0,0,-1,12500000,20000000,2,1529.47,638338
1787944725004,unknown,Stage0-1-0,0,-1,18000000,18000000,1,1424.00,638820
1787944725010,unknown,Stage0-6-0,0,-1,39304347,62000000,23,23626.00,9787810
1787944725012,unknown,Stage0-5-0,0,-1,48260869,83000000,23,23799.00,9789889
1787944725986,unknown,Stage0-0-0,0,-1,10500000,17000000,2,1529.47,641400
1787944725987,unknown,Stage0-4-0,0,-1,40173913,65000000,23,23445.55,9833602
1787944725990,unknown,Stage0-3-0,0,-1,14000000,14000000,1,1531.00,639869
1787944725991,unknown,Stage0-7-0,0,-1,34250000,52000000,24,23469.00,9810133
1787944725998,unknown,Stage0-2-0,0,-1,13000000,13000000,1,1529.47,639869
1787944726004,unknown,Stage0-1-0,0,-1,8000000,12000000,2,1556.00,640376
1787944726010,unknown,Stage0-6-0,0,-1,40916666,66000000,24,23468.00,9811278
1787944726012,unknown,Stage0-5-0,0,-1,43958333,73000000,24,23259.00,9813148
1787944726986,unknown,Stage0-0-0,0,-1,6000000,6000000,1,1531.00,642931
1787944726987,unknown,Stage0-4-0,0,-1,48083333,79000000,24,23469.00,9857071
1787944726991,unknown,Stage0-3-0,0,-1,8500000,13000000,2,1529.47,641400
1787944726991,unknown,Stage0-7-0,0,-1,42956521,81000000,23,23469.00,9833602
1787944726999,unknown,Stage0-2-0,0,-1,10500000,16000000,2,1529.47,641400
1787944727004,unknown,Stage0-1-0,0,-1,19000000,19000000,1,1511.00,641887
1787944727010,unknown,Stage0-6-0,0,-1,41913043,72000000,23,22788.00,9834066
1787944727012,unknown,Stage0-5-0,0,-1,45956521,73000000,23,23296.00,9836444
1787944727987,unknown,Stage0-0-0,0,-1,8500000,14000000,2,1529.47,644462
1787944727987,unknown,Stage0-4-0,0,-1,35260869,62000000,23,23469.00,9880540
1787944727992,unknown,Stage0-3-0,0,-1,11000000,11000000,1,1529.47,642931
1787944727993,unknown,Stage0-7-0,0,-1,36250000,57000000,24,23422.16,9857071
1787944727999,unknown,Stage0-2-0,0,-1,13000000,13000000,1,1531.00,642931
1787944728004,unknown,Stage0-1-0,0,-1,6000000,10000000,2,1550.00,643437
1787944728010,unknown,Stage0-6-0,0,-1,36869565,58000000,23,23343.00,9857409
1787944728012,unknown,Stage0-5-0,0,-1,37478260,54000000,23,23070.00,9859514
1787944728988,unknown,Stage0-4-0,0,-1,40916666,70000000,24,23445.55,9904009
1787944728988,unknown,Stage0-0-0,0,-1,8000000,8000000,1,1529.47,645993
1787944728992,unknown,Stage0-3-0,0,-1,8500000,14000000,2,1531.00,644462
1787944728993,unknown,Stage0-7-0,0,-1,50347826,88000000,23,23469.00,9880540
1787944729003,unknown,Stage0-2-0,0,-1,11500000,19000000,2,1524.90,644462
1787944729004,unknown,Stage0-1-0,0,-1,17000000,17000000,1,1025.00,644462
1787944729010,unknown,Stage0-6-0,0,-1,33086956,50000000,23,23520.00,9880929
1787944729012,unknown,Stage0-5-0,0,-1,50416666,83000000,24,23792.00,9883306
1787944729988,unknown,Stage0-0-0,0,-1,7000000,12000000,2,1531.00,647524
1787944729989,unknown,Stage0-4-0,0,-1,34086956,60000000,23,23445.55,9927478
1787944729993,unknown,Stage0-3-0,0,-1,10000000,10000000,1,1529.47,645993
1787944729993,unknown,Stage0-7-0,0,-1,35958333,58000000,24,23469.00,9904009
1787944730003,unknown,Stage0-2-0,0,-1,7500000,11000000,2,1572.00,646034
1787944730004,unknown,Stage0-1-0,0,-1,7500000,15000000,2,1935.00,646397
1787944730010,unknown,Stage0-6-0,0,-1,32541666,52000000,24,23635.00,9904564
1787944730012,unknown,Stage0-5-0,0,-1,36521739,55000000,23,23094.00,9906400
1787944730988,unknown,Stage0-0-0,0,-1,14500000,22000000,2,1531.00,649055
1787944730989,unknown,Stage0-4-0,0,-1,51565217,88000000,23,23469.00,9950947
1787944730993,unknown,Stage0-3-0,0,-1,9500000,16000000,2,1531.00,647524
1787944730993,unknown,Stage0-7-0,0,-1,35304347,53000000,23,23469.00,9927478
1787944731003,unknown,Stage0-2-0,0,-1,16000000,16000000,1,1620.00,647654
1787944731004,unknown,Stage0-1-0,0,-1,16000000,16000000,1,1436.00,647833
1787944731010,unknown,Stage0-6-0,0,-1,35869565,60000000,23,23227.00,9927791
1787944731012,unknown,Stage0-5-0,0,-1,52217391,85000000,23,23142.00,9929542
1787944731988,unknown,Stage0-0-0,0,-1,11000000,11000000,1,1531.00,650586
1787944731989,unknown,Stage0-4-0,0,-1,48875000,94000000,24,23469.00,9974416
1787944731993,unknown,Stage0-3-0,0,-1,15000000,21000000,2,1531.00,649055
1787944731994,unknown,Stage0-7-0,0,-1,48739130,97000000,23,23445.55,9950947
1787944732003,unknown,Stage0-2-0,0,-1,17000000,24000000,2,1495.00,649149
1787944732004,unknown,Stage0-1-0,0,-1,16000000,23000000,2,1450.00,649283
1787944732010,unknown,Stage0-6-0,0,-1,52750000,97000000,24,23295.00,9951086
1787944732012,unknown,Stage0-5-0,0,-1,56521739,99000000,23,22830.00,9952372
1787944732989,unknown,Stage0-0-0,0,-1,11000000,15000000,2,1529.47,652117
1787944732991,unknown,Stage0-4-0,0,-1,55826086,94000000,23,23422.16,9997885
1787944732994,unknown,Stage0-3-0,0,-1,21000000,21000000,1,1529.47,650586
1787944732995,unknown,Stage0-7-0,0,-1,59666666,101000000,24,23445.55,9974416
1787944733003,unknown,Stage0-2-0,0,-1,18000000,18000000,1,1441.00,650590
1787944733004,unknown,Stage0-1-0,0,-1,25000000,25000000,1,1443.00,650726
1787944733010,unknown,Stage0-6-0,0,-1,60739130,102000000,23,23580.00,9974666
1787944733012,unknown,Stage0-5-0,0,-1,59521739,97000000,23,23544.00,9975916
1787944733990,unknown,Stage0-0-0,0,-1,13000000,13000000,1,1529.47,653648
1787944733991,unknown,Stage0-4-0,0,-1,59291666,101000000,24,23469.00,10021354
1787944733994,unknown,Stage0-3-0,0,-1,18500000,28000000,2,1531.00,652117
1787944733995,unknown,Stage0-7-0,0,-1,52652173,87000000,23,23469.00,9997885
1787944734003,unknown,Stage0-2-0,0,-1,20000000,29000000,2,1530.00,652120
1787944734004,unknown,Stage0-1-0,0,-1,18000000,26000000,2,1552.00,652278
1787944734010,unknown,Stage0-6-0,0,-1,53375000,96000000,24,23364.00,9998030
1787944734012,unknown,Stage0-5-0,0,-1,59625000,101000000,24,23530.00,9999446
1787944734991,unknown,Stage0-0-0,0,-1,12000000,18000000,2,1529.47,655179
1787944734991,unknown,Stage0-4-0,0,-1,52478260,92000000,23,23469.00,10044823
1787944734995,unknown,Stage0-3-0,0,-1,18000000,18000000,1,1529.47,653648
1787944734995,unknown,Stage0-7-0,0,-1,48125000,81000000,24,23469.00,10021354
1787944735003,unknown,Stage0-2-0,0,-1,20000000,20000000,1,1528.00,653648
1787944735004,unknown,Stage0-1-0,0,-1,18000000,18000000,1,1485.00,653763
1787944735010,unknown,Stage0-6-0,0,-1,47652173,89000000,23,23453.00,10021483
1787944735012,unknown,Stage0-5-0,0,-1,65260869,111000000,23,23434.00,10022880
1787944735991,unknown,Stage0-0-0,0,-1,14000000,14000000,1,1531.00,656710
1787944735992,unknown,Stage0-4-0,0,-1,51666666,90000000,24,23445.55,10068292
1787944735995,unknown,Stage0-3-0,0,-1,16500000,25000000,2,1531.00,655179
1787944735996,unknown,Stage0-7-0,0,-1,57869565,99000000,23,23445.55,10044823
1787944736003,unknown,Stage0-2-0,0,-1,18000000,27000000,2,1531.00,655179
1787944736004,unknown,Stage0-1-0,0,-1,17000000,26000000,2,1541.00,655304
1787944736010,unknown,Stage0-6-0,0,-1,58434782,101000000,23,23369.00,10044852
1787944736012,unknown,Stage0-5-0,0,-1,49625000,87000000,24,23326.00,10046206
1787944736992,unknown,Stage0-0-0,0,-1,13500000,22000000,2,1529.47,658241
1787944736993,unknown,Stage0-4-0,0,-1,51869565,89000000,23,23445.55,10091761
1787944736997,unknown,Stage0-3-0,0,-1,17000000,17000000,1,1527.94,656710
1787944736997,unknown,Stage0-7-0,0,-1,58208333,97000000,24,23445.55,10068292
1787944737004,unknown,Stage0-1-0,0,-1,17000000,17000000,1,1462.00,656766
1787944737004,unknown,Stage0-2-0,0,-1,19000000,19000000,1,1529.47,656710
1787944737011,unknown,Stage0-6-0,0,-1,49083333,85000000,24,23416.58,10068292
1787944737012,unknown,Stage0-5-0,0,-1,61043478,99000000,23,23325.00,10069531
1787944737993,unknown,Stage0-0-0,0,-1,12000000,12000000,1,1529.47,659772
1787944737993,unknown,Stage0-4-0,0,-1,59250000,102000000,24,23469.00,10115230
1787944737997,unknown,Stage0-3-0,0,-1,16500000,25000000,2,1531.00,658241
1787944737998,unknown,Stage0-7-0,0,-1,74217391,119000000,23,23445.55,10091761
1787944738004,unknown,Stage0-1-0,0,-1,16000000,25000000,2,1534.00,658300
1787944738004,unknown,Stage0-2-0,0,-1,16000000,25000000,2,1531.00,658241
1787944738011,unknown,Stage0-6-0,0,-1,57347826,105000000,23,23514.00,10091806
1787944738012,unknown,Stage0-5-0,0,-1,54217391,90000000,23,23418.00,10092949
1787944738994,unknown,Stage0-0-0,0,-1,12000000,19000000,2,1529.47,661303
1787944738994,unknown,Stage0-4-0,0,-1,48217391,88000000,23,23445.55,10138699
1787944738997,unknown,Stage0-3-0,0,-1,12000000,12000000,1,1531.00,659772
1787944738998,unknown,Stage0-7-0,0,-1,52291666,89000000,24,23469.00,10115230
1787944739004,unknown,Stage0-1-0,0,-1,16000000,16000000,1,1486.00,659786
1787944739005,unknown,Stage0-2-0,0,-1,16000000,16000000,1,1529.47,659772
1787944739012,unknown,Stage0-5-0,0,-1,57416666,101000000,24,23421.00,10116370
1787944739013,unknown,Stage0-6-0,0,-1,45375000,87000000,24,23377.25,10115230
1787944739994,unknown,Stage0-0-0,0,-1,11000000,11000000,1,1531.00,662834
1787944739994,unknown,Stage0-4-0,0,-1,48208333,87000000,24,23469.00,10162168
1787944739998,unknown,Stage0-3-0,0,-1,12000000,19000000,2,1529.47,661303
1787944739999,unknown,Stage0-7-0,0,-1,52260869,87000000,23,23445.55,10138699
1787944740004,unknown,Stage0-1-0,0,-1,15000000,24000000,2,1523.00,661309
1787944740006,unknown,Stage0-2-0,0,-1,16000000,25000000,2,1529.47,661303
1787944740012,unknown,Stage0-5-0,0,-1,54739130,91000000,23,23412.00,10139782
1787944740013,unknown,Stage0-6-0,0,-1,59739130,101000000,23,23597.00,10138827
1787944740994,unknown,Stage0-0-0,0,-1,12000000,19000000,2,1531.00,664365
1787944740995,unknown,Stage0-4-0,0,-1,54260869,97000000,23,23445.55,10185637
1787944740998,unknown,Stage0-3-0,0,-1,11000000,11000000,1,1531.00,662834
1787944740999,unknown,Stage0-7-0,0,-1,55791666,94000000,24,23469.00,10162168
1787944741005,unknown,Stage0-1-0,0,-1,15000000,15000000,1,1523.48,662834
1787944741006,unknown,Stage0-2-0,0,-1,15000000,15000000,1,1531.00,662834
1787944741012,unknown,Stage0-5-0,0,-1,62166666,105000000,24,23300.00,10163082
1787944741013,unknown,Stage0-6-0,0,-1,66250000,108000000,24,23436.00,10162263
1787944741995,unknown,Stage0-0-0,0,-1,10000000,10000000,1,1529.47,665896
1787944741995,unknown,Stage0-4-0,0,-1,64416666,111000000,24,23469.00,10209106
1787944741999,unknown,Stage0-3-0,0,-1,12500000,20000000,2,1529.47,664365
1787944742000,unknown,Stage0-7-0,0,-1,53391304,86000000,23,23445.55,10185637
1787944742005,unknown,Stage0-1-0,0,-1,14500000,24000000,2,1531.00,664365
1787944742007,unknown,Stage0-2-0,0,-1,13000000,21000000,2,1529.47,664365
1787944742012,unknown,Stage0-5-0,0,-1,64956521,107000000,23,23499.00,10186581
1787944742013,unknown,Stage0-6-0,0,-1,60565217,102000000,23,23481.00,10185744
1787944742995,unknown,Stage0-0-0,0,-1,9500000,16000000,2,1531.00,667427
1787944742996,unknown,Stage0-4-0,0,-1,59956521,106000000,23,23445.55,10232575
1787944743000,unknown,Stage0-3-0,0,-1,10000000,10000000,1,1529.47,665896
1787944743001,unknown,Stage0-7-0,0,-1,51250000,92000000,24,23445.55,10209106
1787944743006,unknown,Stage0-1-0,0,-1,14000000,14000000,1,1529.47,665896
1787944743008,unknown,Stage0-2-0,0,-1,14000000,14000000,1,1529.47,665896
1787944743012,unknown,Stage0-5-0,0,-1,63125000,104000000,24,23644.00,10210225
1787944743013,unknown,Stage0-6-0,0,-1,60041666,102000000,24,23430.00,10209174
1787944743996,unknown,Stage0-0-0,0,-1,9000000,9000000,1,1529.47,668958
1787944743996,unknown,Stage0-4-0,0,-1,54250000,101000000,24,23469.00,10256044
1787944744000,unknown,Stage0-3-0,0,-1,11000000,19000000,2,1531.00,667427
1787944744001,unknown,Stage0-7-0,0,-1,68043478,104000000,23,23469.00,10232575
1787944744007,unknown,Stage0-1-0,0,-1,13500000,23000000,2,1529.47,667427
1787944744008,unknown,Stage0-2-0,0,-1,12500000,21000000,2,1531.00,667427
1787944744012,unknown,Stage0-5-0,0,-1,55521739,92000000,23,23256.00,10233481
1787944744013,unknown,Stage0-6-0,0,-1,58565217,95000000,23,23401.00,10232575
1787944744996,unknown,Stage0-0-0,0,-1,8500000,15000000,2,1531.00,670489
1787944744997,unknown,Stage0-4-0,0,-1,67608695,126000000,23,23445.55,10279513
1787944745001,unknown,Stage0-3-0,0,-1,10000000,10000000,1,1529.47,668958
1787944745001,unknown,Stage0-7-0,0,-1,49500000,86000000,24,23469.00,10256044
1787944745007,unknown,Stage0-1-0,0,-1,13000000,13000000,1,1531.00,668958
1787944745009,unknown,Stage0-2-0,0,-1,13000000,13000000,1,1529.47,668958
1787944745012,unknown,Stage0-5-0,0,-1,55521739,97000000,23,23399.00,10256880
1787944745013,unknown,Stage0-6-0,0,-1,66333333,117000000,24,23469.00,10256044
1787944745997,unknown,Stage0-0-0,0,-1,15500000,23000000,2,1529.47,672020
1787944745997,unknown,Stage0-4-0,0,-1,54260869,99000000,23,23469.00,10302982
1787944746001,unknown,Stage0-3-0,0,-1,11000000,19000000,2,1531.00,670489
1787944746001,unknown,Stage0-7-0,0,-1,58695652,91000000,23,23469.00,10279513
1787944746007,unknown,Stage0-1-0,0,-1,11500000,21000000,2,1531.00,670489
1787944746009,unknown,Stage0-2-0,0,-1,10500000,19000000,2,1531.00,670489
1787944746012,unknown,Stage0-5-0,0,-1,49708333,89000000,24,23185.00,10280065
1787944746014,unknown,Stage0-6-0,0,-1,51565217,92000000,23,23445.55,10279513
1787944746998,unknown,Stage0-0-0,0,-1,15000000,15000000,1,1529.47,673551
1787944746998,unknown,Stage0-4-0,0,-1,53500000,101000000,24,23445.55,10326451
1787944747001,unknown,Stage0-3-0,0,-1,14000000,19000000,2,1531.00,672020
1787944747002,unknown,Stage0-7-0,0,-1,49130434,87000000,23,23445.55,10302982
1787944747008,unknown,Stage0-1-0,0,-1,20500000,29000000,2,1529.47,672020
1787944747010,unknown,Stage0-2-0,0,-1,19500000,27000000,2,1529.47,672020
1787944747012,unknown,Stage0-5-0,0,-1,53956521,97000000,23,23446.00,10303511
1787944747015,unknown,Stage0-6-0,0,-1,50913043,92000000,23,23445.55,10302982
1787944747998,unknown,Stage0-0-0,0,-1,14000000,21000000,2,1531.00,675082
1787944747999,unknown,Stage0-4-0,0,-1,58695652,99000000,23,23445.55,10349920
1787944748002,unknown,Stage0-3-0,0,-1,17000000,17000000,1,1529.47,673551
1787944748003,unknown,Stage0-7-0,0,-1,55500000,95000000,24,23445.55,10326451
1787944748008,unknown,Stage0-1-0,0,-1,19000000,19000000,1,1531.00,673551
1787944748012,unknown,Stage0-5-0,0,-1,53652173,90000000,23,23361.00,10326872
1787944748012,unknown,Stage0-2-0,0,-1,18000000,18000000,1,1527.94,673551
1787944748015,unknown,Stage0-6-0,0,-1,50541666,87000000,24,23469.00,10326451
1787944748999,unknown,Stage0-0-0,0,-1,16000000,16000000,1,1529.47,676613
1787944749000,unknown,Stage0-4-0,0,-1,57375000,104000000,24,23445.55,10373389
1787944749003,unknown,Stage0-3-0,0,-1,15500000,24000000,2,1529.47,675082
1787944749004,unknown,Stage0-7-0,0,-1,56869565,100000000,23,23445.55,10349920
1787944749012,unknown,Stage0-5-0,0,-1,57956521,102000000,23,23048.00,10349920
1787944749012,unknown,Stage0-2-0,0,-1,20000000,28000000,2,1531.00,675082
1787944749015,unknown,Stage0-6-0,0,-1,53521739,99000000,23,23469.00,10349920
1787944749016,unknown,Stage0-1-0,0,-1,19000000,28000000,2,1518.85,675082
1787944749999,unknown,Stage0-0-0,0,-1,14500000,23000000,2,1531.00,678144
1787944750004,unknown,Stage0-3-0,0,-1,21000000,21000000,1,1529.47,676613
1787944750004,unknown,Stage0-7-0,0,-1,49208333,87000000,24,23469.00,10373389
1787944750005,unknown,Stage0-4-0,0,-1,54086956,92000000,23,23352.24,10396858
1787944750012,unknown,Stage0-5-0,0,-1,62458333,104000000,24,23819.00,10373739
1787944750013,unknown,Stage0-2-0,0,-1,15000000,15000000,1,1529.47,676613
1787944750016,unknown,Stage0-1-0,0,-1,21000000,21000000,1,1611.00,676693
1787944750016,unknown,Stage0-6-0,0,-1,57166666,106000000,24,23445.55,10373389
1787944751000,unknown,Stage0-0-0,0,-1,15000000,15000000,1,1529.47,679675
1787944751004,unknown,Stage0-3-0,0,-1,22000000,36000000,2,1531.00,678144
1787944751004,unknown,Stage0-7-0,0,-1,48173913,86000000,23,23469.00,10396858
1787944751005,unknown,Stage0-4-0,0,-1,56520000,105000000,25,24384.00,10421242
1787944751012,unknown,Stage0-5-0,0,-1,51541666,92000000,24,23444.00,10397183
1787944751013,unknown,Stage0-2-0,0,-1,14000000,20000000,2,1531.00,678144
1787944751016,unknown,Stage0-1-0,0,-1,20500000,28000000,2,1742.00,678435
1787944751016,unknown,Stage0-6-0,0,-1,53347826,98000000,23,23469.00,10396858
1787944752000,unknown,Stage0-0-0,0,-1,14000000,23000000,2,1531.00,681206
1787944752004,unknown,Stage0-3-0,0,-1,18000000,18000000,1,1531.00,679675
1787944752005,unknown,Stage0-4-0,0,-1,58130434,103000000,23,23066.00,10444308
1787944752006,unknown,Stage0-7-0,0,-1,47666666,81000000,24,23422.16,10420327
1787944752012,unknown,Stage0-5-0,0,-1,55869565,92000000,23,23311.00,10420494
1787944752013,unknown,Stage0-2-0,0,-1,19000000,19000000,1,1531.00,679675
1787944752016,unknown,Stage0-1-0,0,-1,17000000,17000000,1,1506.00,679941
1787944752020,unknown,Stage0-6-0,0,-1,51875000,98000000,24,23375.50,10420327
1787944753001,unknown,Stage0-0-0,0,-1,14000000,14000000,1,1529.47,682737
1787944753005,unknown,Stage0-4-0,0,-1,58260869,100000000,23,23506.00,10467814
1787944753005,unknown,Stage0-3-0,0,-1,15500000,25000000,2,1529.47,681206
1787944753006,unknown,Stage0-7-0,0,-1,73434782,122000000,23,23469.00,10443796
1787944753012,unknown,Stage0-5-0,0,-1,64478260,116000000,23,23420.00,10443914
1787944753013,unknown,Stage0-2-0,0,-1,15500000,23000000,2,1531.00,681206
1787944753016,unknown,Stage0-1-0,0,-1,14500000,22000000,2,1337.00,681278
1787944753020,unknown,Stage0-6-0,0,-1,46541666,85000000,24,23885.00,10444212
1787944754001,unknown,Stage0-0-0,0,-1,13500000,22000000,2,1531.00,684268
1787944754005,unknown,Stage0-4-0,0,-1,52083333,98000000,24,23295.00,10491109
1787944754005,unknown,Stage0-3-0,0,-1,16000000,16000000,1,1531.00,682737
1787944754006,unknown,Stage0-7-0,0,-1,61291666,102000000,24,23469.00,10467265
1787944754012,unknown,Stage0-5-0,0,-1,61166666,106000000,24,23399.00,10467313
1787944754015,unknown,Stage0-2-0,0,-1,17000000,17000000,1,1527.94,682737
1787944754016,unknown,Stage0-1-0,0,-1,17000000,17000000,1,1459.00,682737
1787944754020,unknown,Stage0-6-0,0,-1,50782608,85000000,23,23410.00,10467622
1787944755002,unknown,Stage0-0-0,0,-1,13000000,13000000,1,1529.47,685799
1787944755005,unknown,Stage0-4-0,0,-1,73000000,130000000,23,23417.00,10514526
1787944755006,unknown,Stage0-3-0,0,-1,14000000,23000000,2,1529.47,684268
1787944755006,unknown,Stage0-7-0,0,-1,56869565,100000000,23,23469.00,10490734
1787944755012,unknown,Stage0-5-0,0,-1,48782608,79000000,23,23421.00,10490734
1787944755015,unknown,Stage0-2-0,0,-1,19000000,29000000,2,1531.00,684268
1787944755016,unknown,Stage0-1-0,0,-1,22000000,33000000,2,1545.00,684282
1787944755020,unknown,Stage0-6-0,0,-1,62565217,105000000,23,23210.00,10490832
1787944756002,unknown,Stage0-0-0,0,-1,11000000,18000000,2,1531.00,687330
1787944756005,unknown,Stage0-4-0,0,-1,53695652,96000000,23,23391.00,10537917
1787944756006,unknown,Stage0-3-0,0,-1,15000000,15000000,1,1531.00,685799
1787944756007,unknown,Stage0-7-0,0,-1,60041666,106000000,24,23445.55,10514203
1787944756012,unknown,Stage0-5-0,0,-1,47583333,84000000,24,23469.00,10514203
1787944756015,unknown,Stage0-2-0,0,-1,13000000,13000000,1,1531.00,685799
1787944756016,unknown,Stage0-1-0,0,-1,21000000,21000000,1,1517.00,685799
1787944756020,unknown,Stage0-6-0,0,-1,53083333,93000000,24,23727.00,10514559
1787944757004,unknown,Stage0-0-0,0,-1,13000000,13000000,1,1527.94,688861
1787944757005,unknown,Stage0-4-0,0,-1,55541666,97000000,24,23236.00,10561153
1787944757007,unknown,Stage0-3-0,0,-1,14500000,23000000,2,1529.47,687330
1787944757007,unknown,Stage0-7-0,0,-1,52869565,83000000,23,23469.00,10537672
1787944757013,unknown,Stage0-5-0,0,-1,63086956,107000000,23,23445.55,10537672
1787944757015,unknown,Stage0-2-0,0,-1,15500000,25000000,2,1531.00,687330
1787944757016,unknown,Stage0-1-0,0,-1,14500000,21000000,2,1637.00,687436
1787944757020,unknown,Stage0-6-0,0,-1,51217391,93000000,23,23113.00,10537672
1787944758004,unknown,Stage0-0-0,0,-1,12500000,21000000,2,1531.00,690392
1787944758005,unknown,Stage0-4-0,0,-1,56434782,98000000,23,23457.00,10584610
1787944758008,unknown,Stage0-3-0,0,-1,16000000,16000000,1,1529.47,688861
1787944758008,unknown,Stage0-7-0,0,-1,49583333,87000000,24,23445.55,10561141
1787944758014,unknown,Stage0-5-0,0,-1,73291666,124000000,24,23445.55,10561141
1787944758016,unknown,Stage0-1-0,0,-1,14000000,14000000,1,1529.00,688965
1787944758027,unknown,Stage0-6-0,0,-1,55791666,98000000,24,23305.86,10561141
1787944758027,unknown,Stage0-2-0,0,-1,14000000,14000000,1,1512.85,688861
1787944759005,unknown,Stage0-0-0,0,-1,9000000,9000000,1,1529.47,691923
1787944759006,unknown,Stage0-4-0,0,-1,57416666,107000000,24,23445.55,10608079
1787944759008,unknown,Stage0-3-0,0,-1,14000000,23000000,2,1531.00,690392
1787944759009,unknown,Stage0-7-0,0,-1,76956521,123000000,23,23445.55,10584610
1787944759014,unknown,Stage0-5-0,0,-1,45869565,83000000,23,23469.00,10584610
1787944759016,unknown,Stage0-1-0,0,-1,12000000,20000000,2,1427.00,690392
1787944759027,unknown,Stage0-6-0,0,-1,53875000,93000000,24,24560.00,10585701
1787944759027,unknown,Stage0-2-0,0,-1,22500000,29000000,2,2075.00,690936
1787944760005,unknown,Stage0-0-0,0,-1,12500000,21000000,2,1531.00,693454
1787944760006,unknown,Stage0-4-0,0,-1,57347826,101000000,23,23535.00,10631614
1787944760009,unknown,Stage0-3-0,0,-1,14000000,14000000,1,1529.47,691923
1787944760010,unknown,Stage0-7-0,0,-1,54416666,91000000,24,23445.55,10608079
1787944760014,unknown,Stage0-5-0,0,-1,56208333,98000000,24,23469.00,10608079
1787944760016,unknown,Stage0-1-0,0,-1,12000000,12000000,1,1532.00,691924
1787944760027,unknown,Stage0-6-0,0,-1,51583333,92000000,24,23403.00,10609104
1787944760032,unknown,Stage0-2-0,0,-1,14000000,14000000,1,982.09,691923
1787944761006,unknown,Stage0-0-0,0,-1,8000000,8000000,1,1529.47,694985
1787944761006,unknown,Stage0-4-0,0,-1,52125000,99000000,24,23403.00,10655017
1787944761009,unknown,Stage0-3-0,0,-1,12500000,21000000,2,1531.00,693454
1787944761010,unknown,Stage0-7-0,0,-1,92652173,142000000,23,23469.00,10631548
1787944761016,unknown,Stage0-5-0,0,-1,47347826,85000000,23,23422.16,10631548
1787944761016,unknown,Stage0-1-0,0,-1,11000000,19000000,2,1530.00,693454
1787944761027,unknown,Stage0-6-0,0,-1,55434782,95000000,23,23500.00,10632604
1787944761032,unknown,Stage0-2-0,0,-1,21666666,35000000,3,2426.00,694349
1787944762006,unknown,Stage0-0-0,0,-1,17500000,33000000,2,1531.00,696516
1787944762007,unknown,Stage0-4-0,0,-1,55434782,97000000,23,23445.55,10678486
1787944762010,unknown,Stage0-3-0,0,-1,12000000,12000000,1,1529.47,694985
1787944762011,unknown,Stage0-7-0,0,-1,53333333,92000000,24,23445.55,10655017
1787944762016,unknown,Stage0-5-0,0,-1,48291666,84000000,24,23540.00,10655088
1787944762016,unknown,Stage0-1-0,0,-1,11000000,11000000,1,1531.00,694985
1787944762027,unknown,Stage0-6-0,0,-1,51086956,87000000,23,23303.00,10655907
1787944762032,unknown,Stage0-2-0,0,-1,13000000,13000000,1,811.00,695160
1787944763007,unknown,Stage0-0-0,0,-1,18000000,27000000,2,1529.47,698047
1787944763007,unknown,Stage0-4-0,0,-1,61347826,107000000,23,23469.00,10701955
1787944763010,unknown,Stage0-3-0,0,-1,12000000,21000000,2,1531.00,696516
1787944763011,unknown,Stage0-7-0,0,-1,64130434,106000000,23,23469.00,10678486
1787944763016,unknown,Stage0-1-0,0,-1,11000000,20000000,2,1531.00,696516
1787944763017,unknown,Stage0-5-0,0,-1,48695652,93000000,23,23374.63,10678486
1787944763027,unknown,Stage0-6-0,0,-1,47791666,90000000,24,23136.00,10679043
1787944763032,unknown,Stage0-2-0,0,-1,21500000,30000000,2,1934.00,697094
1787944764007,unknown,Stage0-0-0,0,-1,15000000,15000000,1,1531.00,699578
1787944764008,unknown,Stage0-4-0,0,-1,52916666,97000000,24,23445.55,10725424
1787944764011,unknown,Stage0-3-0,0,-1,20000000,29000000,2,1529.47,698047
1787944764011,unknown,Stage0-7-0,0,-1,50565217,89000000,23,23469.00,10701955
1787944764017,unknown,Stage0-5-0,0,-1,48130434,95000000,23,23475.00,10701961
1787944764018,unknown,Stage0-1-0,0,-1,17000000,24000000,2,1527.94,698047
1787944764027,unknown,Stage0-6-0,0,-1,45956521,86000000,23,23483.00,10702526
1787944764032,unknown,Stage0-2-0,0,-1,24000000,24000000,1,1654.00,698748
1787944765007,unknown,Stage0-0-0,0,-1,15000000,23000000,2,1531.00,701109
1787944765008,unknown,Stage0-4-0,0,-1,62478260,103000000,23,23469.00,10748893
1787944765011,unknown,Stage0-3-0,0,-1,19000000,19000000,1,1531.00,699578
1787944765012,unknown,Stage0-7-0,0,-1,71166666,114000000,24,23445.55,10725424
1787944765017,unknown,Stage0-5-0,0,-1,58708333,103000000,24,23463.00,10725424
1787944765018,unknown,Stage0-1-0,0,-1,19000000,19000000,1,1550.00,699597
1787944765028,unknown,Stage0-6-0,0,-1,56521739,99000000,23,22875.12,10725424
1787944765032,unknown,Stage0-2-0,0,-1,13500000,19000000,2,1616.00,700364
1787944766008,unknown,Stage0-0-0,0,-1,29000000,29000000,1,1529.47,702640
1787944766009,unknown,Stage0-4-0,0,-1,62000000,105000000,24,23445.55,10772362
1787944766012,unknown,Stage0-3-0,0,-1,25000000,41000000,2,1529.47,701109
1787944766012,unknown,Stage0-7-0,0,-1,81173913,115000000,23,23469.00,10748893
1787944766018,unknown,Stage0-5-0,0,-1,50217391,81000000,23,23445.55,10748893
1787944766018,unknown,Stage0-1-0,0,-1,15500000,23000000,2,1512.00,701109
1787944766028,unknown,Stage0-6-0,0,-1,58708333,100000000,24,24056.00,10749480
1787944766032,unknown,Stage0-2-0,0,-1,31000000,31000000,1,1327.00,701691
1787944767008,unknown,Stage0-0-0,0,-1,19500000,33000000,2,1531.00,704171
1787944767009,unknown,Stage0-4-0,0,-1,36652173,63000000,23,23469.00,10795831
1787944767012,unknown,Stage0-3-0,0,-1,19000000,19000000,1,1531.00,702640
1787944767012,unknown,Stage0-7-0,0,-1,39916666,62000000,24,23469.00,10772362
1787944767033,unknown,Stage0-2-0,0,-1,19000000,19000000,1,948.05,702640
1787944767034,unknown,Stage0-6-0,0,-1,43565217,69000000,23,22745.53,10772362
1787944767034,unknown,Stage0-5-0,0,-1,48625000,81000000,24,23099.41,10772362
1787944767034,unknown,Stage0-1-0,0,-1,17000000,17000000,1,1506.89,702640
1787944768009,unknown,Stage0-0-0,0,-1,30000000,30000000,1,1529.47,705702
1787944768010,unknown,Stage0-4-0,0,-1,61250000,87000000,24,23445.55,10819300
1787944768013,unknown,Stage0-3-0,0,-1,34000000,42000000,2,1529.47,704171
1787944768013,unknown,Stage0-7-0,0,-1,54391304,73000000,23,23445.55,10795831
1787944768033,unknown,Stage0-2-0,0,-1,29500000,38000000,2,2185.00,704825
1787944768034,unknown,Stage0-5-0,0,-1,50807692,88000000,26,26289.00,10798651
1787944768034,unknown,Stage0-1-0,0,-1,21000000,31000000,3,2609.00,705249
1787944768034,unknown,Stage0-6-0,0,-1,54440000,85000000,25,25378.00,10797740
1787944769010,unknown,Stage0-0-0,0,-1,10000000,15000000,2,1529.47,707233
1787944769010,unknown,Stage0-4-0,0,-1,40521739,61000000,23,23469.00,10842769
1787944769013,unknown,Stage0-3-0,0,-1,14000000,14000000,1,1536.00,705707
1787944769014,unknown,Stage0-7-0,0,-1,37416666,60000000,24,23445.55,10819300
1787944769033,unknown,Stage0-2-0,0,-1,11000000,16000000,2,1665.00,706490
1787944769034,unknown,Stage0-1-0,0,-1,5000000,5000000,1,1559.00,706808
1787944769034,unknown,Stage0-5-0,0,-1,39791666,68000000,24,23814.00,10822465
1787944769034,unknown,Stage0-6-0,0,-1,32333333,53000000,24,23402.00,10821142
1787944770010,unknown,Stage0-0-0,0,-1,9000000,9000000,1,1531.00,708764
1787944770011,unknown,Stage0-4-0,0,-1,32625000,59000000,24,23445.55,10866238
1787944770013,unknown,Stage0-3-0,0,-1,9000000,14000000,2,1526.00,707233
1787944770014,unknown,Stage0-7-0,0,-1,50260869,82000000,23,23469.00,10842769
1787944770033,unknown,Stage0-2-0,0,-1,19000000,19000000,1,1062.00,707552
1787944770034,unknown,Stage0-1-0,0,-1,14500000,18000000,2,1408.00,708216
1787944770034,unknown,Stage0-5-0,0,-1,30869565,49000000,23,23082.00,10845547
1787944770034,unknown,Stage0-6-0,0,-1,40478260,72000000,23,22963.00,10844105
1787944771011,unknown,Stage0-0-0,0,-1,10000000,16000000,2,1529.47,710295
1787944771011,unknown,Stage0-4-0,0,-1,37608695,72000000,23,23469.00,10889707
1787944771014,unknown,Stage0-3-0,0,-1,11000000,11000000,1,1529.47,708764
1787944771014,unknown,Stage0-7-0,0,-1,37916666,68000000,24,23469.00,10866238
1787944771033,unknown,Stage0-2-0,0,-1,14000000,18000000,2,1561.00,709113
1787944771034,unknown,Stage0-6-0,0,-1,30478260,50000000,23,23241.00,10867346
1787944771034,unknown,Stage0-5-0,0,-1,36086956,55000000,23,23451.00,10868998
1787944771034,unknown,Stage0-1-0,0,-1,4000000,4000000,1,1631.00,709847
1787944772011,unknown,Stage0-0-0,0,-1,9000000,9000000,1,1531.00,711826
1787944772013,unknown,Stage0-4-0,0,-1,40041666,67000000,24,23422.16,10913176
1787944772014,unknown,Stage0-3-0,0,-1,9500000,15000000,2,1531.00,710295
1787944772015,unknown,Stage0-7-0,0,-1,51086956,84000000,23,23445.55,10889707
1787944772033,unknown,Stage0-2-0,0,-1,23000000,23000000,1,1801.00,710914
1787944772034,unknown,Stage0-5-0,0,-1,41958333,76000000,24,23576.00,10892574
1787944772034,unknown,Stage0-6-0,0,-1,30652173,48000000,23,23586.00,10890932
1787944772034,unknown,Stage0-1-0,0,-1,12500000,16000000,2,1622.00,711469
1787944773012,unknown,Stage0-0-0,0,-1,10000000,16000000,2,1529.47,713357
1787944773013,unknown,Stage0-4-0,0,-1,41652173,68000000,23,23469.00,10936645
1787944773015,unknown,Stage0-3-0,0,-1,10000000,10000000,1,1529.47,711826
1787944773016,unknown,Stage0-7-0,0,-1,34625000,55000000,24,23445.55,10913176
1787944773033,unknown,Stage0-2-0,0,-1,11000000,12000000,2,1096.00,712010
1787944773034,unknown,Stage0-6-0,0,-1,43458333,75000000,24,23522.00,10914454
1787944773034,unknown,Stage0-1-0,0,-1,8500000,13000000,2,1533.00,713002
1787944773034,unknown,Stage0-5-0,0,-1,48260869,84000000,23,23102.00,10915676
1787944774013,unknown,Stage0-0-0,0,-1,8000000,8000000,1,1529.47,714888
1787944774013,unknown,Stage0-4-0,0,-1,38416666,72000000,24,23469.00,10960114
1787944774016,unknown,Stage0-3-0,0,-1,11500000,18000000,2,1529.47,713357
1787944774017,unknown,Stage0-7-0,0,-1,35217391,58000000,23,23445.55,10936645
1787944774033,unknown,Stage0-2-0,0,-1,24000000,24000000,1,1376.00,713386
1787944774034,unknown,Stage0-6-0,0,-1,33304347,56000000,23,22953.00,10937407
1787944774034,unknown,Stage0-1-0,0,-1,-1,0,0,514.00,713516
1787944774037,unknown,Stage0-5-0,0,-1,40695652,72000000,23,22412.76,10938156
1787944775013,unknown,Stage0-0-0,0,-1,9000000,15000000,2,1531.00,716419
1787944775013,unknown,Stage0-4-0,0,-1,45782608,74000000,23,23469.00,10983583
1787944775016,unknown,Stage0-3-0,0,-1,9000000,9000000,1,1531.00,714888
1787944775017,unknown,Stage0-7-0,0,-1,64250000,97000000,24,23511.00,10960156
1787944775033,unknown,Stage0-2-0,0,-1,11500000,20000000,2,2014.00,715400
1787944775034,unknown,Stage0-1-0,0,-1,11500000,20000000,2,2175.00,715691
1787944775035,unknown,Stage0-6-0,0,-1,31826086,47000000,23,22684.32,10960114
1787944775037,unknown,Stage0-5-0,0,-1,54375000,89000000,24,24712.00,10962868
1787944776014,unknown,Stage0-0-0,0,-1,8000000,8000000,1,1529.47,717950
1787944776014,unknown,Stage0-4-0,0,-1,37333333,73000000,24,23445.55,11007052
1787944776016,unknown,Stage0-3-0,0,-1,8500000,14000000,2,1531.00,716419
1787944776017,unknown,Stage0-7-0,0,-1,38347826,69000000,23,23427.00,10983583
1787944776033,unknown,Stage0-2-0,0,-1,17000000,17000000,1,1515.00,716915
1787944776034,unknown,Stage0-1-0,0,-1,12500000,17000000,2,1742.00,717433
1787944776035,unknown,Stage0-6-0,0,-1,46916666,78000000,24,24537.00,10984651
1787944776037,unknown,Stage0-5-0,0,-1,46173913,81000000,23,22571.00,10985439
1787944777014,unknown,Stage0-0-0,0,-1,7000000,12000000,2,1531.00,719481
1787944777015,unknown,Stage0-4-0,0,-1,47260869,80000000,23,23445.55,11030521
1787944777017,unknown,Stage0-3-0,0,-1,11000000,11000000,1,1529.47,717950
1787944777017,unknown,Stage0-7-0,0,-1,42583333,74000000,24,23469.00,11007052
1787944777033,unknown,Stage0-2-0,0,-1,6000000,10000000,2,1119.00,718034
1787944777034,unknown,Stage0-1-0,0,-1,2000000,2000000,1,1417.00,718850
1787944777035,unknown,Stage0-6-0,0,-1,42913043,73000000,23,22486.00,11007137
1787944777039,unknown,Stage0-5-0,0,-1,52136363,89000000,22,22078.84,11007562
1787944778015,unknown,Stage0-0-0,0,-1,12000000,18000000,2,1529.47,721012
1787944778015,unknown,Stage0-4-0,0,-1,51565217,90000000,23,23469.00,11053990
1787944778018,unknown,Stage0-3-0,0,-1,7500000,13000000,2,1529.47,719481
1787944778018,unknown,Stage0-7-0,0,-1,46608695,83000000,23,23445.55,11030521
1787944778033,unknown,Stage0-2-0,0,-1,25000000,25000000,1,1798.00,719832
1787944778034,unknown,Stage0-1-0,0,-1,10500000,13000000,2,1306.00,720156
1787944778035,unknown,Stage0-6-0,0,-1,33375000,62000000,24,24016.00,11031153
1787944778039,unknown,Stage0-5-0,0,-1,43307692,69000000,26,26199.00,11033761
1787944779015,unknown,Stage0-4-0,0,-1,41916666,70000000,24,23469.00,11077459
1787944779015,unknown,Stage0-0-0,0,-1,11000000,11000000,1,1531.00,722543
1787944779018,unknown,Stage0-3-0,0,-1,13000000,19000000,2,1531.00,721012
1787944779018,unknown,Stage0-7-0,0,-1,35826086,61000000,23,23469.00,11053990
1787944779033,unknown,Stage0-2-0,0,-1,17000000,24000000,2,1573.00,721405
1787944779036,unknown,Stage0-1-0,0,-1,22000000,22000000,1,854.29,721012
1787944779036,unknown,Stage0-6-0,0,-1,35409090,56000000,22,22814.19,11053990
1787944779039,unknown,Stage0-5-0,0,-1,41545454,65000000,22,21924.00,11055685
1787944780016,unknown,Stage0-0-0,0,-1,15500000,23000000,2,1529.47,724074
1787944780016,unknown,Stage0-4-0,0,-1,35478260,62000000,23,23445.55,11100928
1787944780019,unknown,Stage0-3-0,0,-1,15000000,15000000,1,1529.47,722543
1787944780019,unknown,Stage0-7-0,0,-1,44833333,83000000,24,23445.55,11077459
1787944780033,unknown,Stage0-2-0,0,-1,16000000,16000000,1,1224.00,722629
1787944780036,unknown,Stage0-6-0,0,-1,44840000,75000000,25,24326.00,11078316
1787944780036,unknown,Stage0-1-0,0,-1,16000000,21000000,2,2047.00,723059
1787944780039,unknown,Stage0-5-0,0,-1,37160000,61000000,25,24410.00,11080095
1787944781016,unknown,Stage0-0-0,0,-1,11000000,11000000,1,1531.00,725605
1787944781017,unknown,Stage0-4-0,0,-1,48333333,84000000,24,23445.55,11124397
1787944781019,unknown,Stage0-3-0,0,-1,13500000,21000000,2,1531.00,724074
1787944781020,unknown,Stage0-7-0,0,-1,45304347,80000000,23,23445.55,11100928
1787944781033,unknown,Stage0-2-0,0,-1,18500000,25000000,2,1775.00,724404
1787944781036,unknown,Stage0-1-0,0,-1,18000000,18000000,1,1615.00,724674
1787944781036,unknown,Stage0-6-0,0,-1,43636363,76000000,22,22612.00,11100928
1787944781039,unknown,Stage0-5-0,0,-1,42181818,73000000,22,22222.00,11102317
1787944782016,unknown,Stage0-0-0,0,-1,21500000,38000000,2,1531.00,727136
1787944782017,unknown,Stage0-4-0,0,-1,46521739,75000000,23,23469.00,11147866
1787944782020,unknown,Stage0-3-0,0,-1,11000000,11000000,1,1529.47,725605
1787944782020,unknown,Stage0-7-0,0,-1,48916666,77000000,24,23469.00,11124397
1787944782033,unknown,Stage0-2-0,0,-1,14000000,14000000,1,1409.00,725813
1787944782036,unknown,Stage0-1-0,0,-1,14000000,14000000,1,1222.00,725896
1787944782036,unknown,Stage0-6-0,0,-1,41833333,68000000,24,23590.00,11124518
1787944782039,unknown,Stage0-5-0,0,-1,37000000,58000000,24,23916.00,11126233
1787944783017,unknown,Stage0-0-0,0,-1,11000000,11000000,1,1529.47,728667
1787944783017,unknown,Stage0-4-0,0,-1,41458333,70000000,24,23469.00,11171335
1787944783021,unknown,Stage0-3-0,0,-1,12500000,18000000,2,1529.47,727136
1787944783021,unknown,Stage0-7-0,0,-1,41782608,72000000,23,23445.55,11147866
1787944783036,unknown,Stage0-1-0,0,-1,17500000,24000000,2,2012.00,727908
1787944783036,unknown,Stage0-6-0,0,-1,33086956,56000000,23,23348.00,11147866
1787944783038,unknown,Stage0-2-0,0,-1,14500000,21000000,2,1316.42,727136
1787944783039,unknown,Stage0-5-0,0,-1,32916666,55000000,24,23918.00,11150151
1787944784017,unknown,Stage0-0-0,0,-1,10000000,15000000,2,1531.00,730198
1787944784018,unknown,Stage0-4-0,0,-1,42000000,71000000,23,23445.55,11194804
1787944784021,unknown,Stage0-3-0,0,-1,11000000,11000000,1,1531.00,728667
1787944784022,unknown,Stage0-7-0,0,-1,49166666,86000000,24,23445.55,11171335
1787944784036,unknown,Stage0-6-0,0,-1,36666666,56000000,24,23669.00,11171535
1787944784036,unknown,Stage0-1-0,0,-1,8000000,11000000,2,1352.00,729260
1787944784038,unknown,Stage0-2-0,0,-1,25000000,25000000,1,1639.00,728775
1787944784039,unknown,Stage0-5-0,0,-1,46565217,84000000,23,23285.00,11173436
1787944785018,unknown,Stage0-0-0,0,-1,9000000,9000000,1,1529.47,731729
1787944785019,unknown,Stage0-4-0,0,-1,48416666,78000000,24,23445.55,11218273
1787944785021,unknown,Stage0-3-0,0,-1,14500000,20000000,2,1531.00,730198
1787944785022,unknown,Stage0-7-0,0,-1,40695652,68000000,23,23469.00,11194804
1787944785036,unknown,Stage0-6-0,0,-1,42750000,78000000,24,23545.00,11195080
1787944785036,unknown,Stage0-1-0,0,-1,19000000,19000000,1,1585.00,730845
1787944785038,unknown,Stage0-2-0,0,-1,20000000,27000000,2,1967.00,730742
1787944785039,unknown,Stage0-5-0,0,-1,47913043,87000000,23,23220.00,11196656
1787944786018,unknown,Stage0-0-0,0,-1,18500000,33000000,2,1531.00,733260
1787944786019,unknown,Stage0-4-0,0,-1,44608695,72000000,23,23469.00,11241742
1787944786022,unknown,Stage0-3-0,0,-1,12000000,12000000,1,1529.47,731729
1787944786023,unknown,Stage0-7-0,0,-1,59583333,100000000,24,23445.55,11218273
1787944786036,unknown,Stage0-1-0,0,-1,10000000,10000000,1,1135.00,731980
1787944786036,unknown,Stage0-6-0,0,-1,30217391,46000000,23,23193.00,11218273
1787944786038,unknown,Stage0-2-0,0,-1,8500000,12000000,2,1490.00,732232
1787944786039,unknown,Stage0-5-0,0,-1,52166666,90000000,24,23617.00,11220273
1787944787019,unknown,Stage0-4-0,0,-1,37583333,70000000,24,23469.00,11265211
1787944787019,unknown,Stage0-0-0,0,-1,9000000,9000000,1,1529.47,734791
1787944787023,unknown,Stage0-3-0,0,-1,11000000,17000000,2,1529.47,733260
1787944787024,unknown,Stage0-7-0,0,-1,42260869,74000000,23,23445.55,11241742
1787944787036,unknown,Stage0-1-0,0,-1,14500000,21000000,2,1804.00,733784
1787944787036,unknown,Stage0-6-0,0,-1,39478260,70000000,23,23469.00,11241742
1787944787038,unknown,Stage0-2-0,0,-1,15000000,15000000,1,1653.00,733885
1787944787039,unknown,Stage0-5-0,0,-1,32521739,57000000,23,23205.00,11243478
1787944788019,unknown,Stage0-0-0,0,-1,27400000,51000000,5,4592.00,739383
1787944788020,unknown,Stage0-4-0,0,-1,85514285,165000000,70,70337.66,11335619
1787944788023,unknown,Stage0-3-0,0,-1,15000000,15000000,1,1531.00,734791
1787944788024,unknown,Stage0-7-0,0,-1,51125000,85000000,24,23469.00,11265211
1787944788036,unknown,Stage0-1-0,0,-1,7000000,10000000,2,1437.00,735221
1787944788038,unknown,Stage0-2-0,0,-1,7000000,9000000,2,1244.00,735129
1787944788039,unknown,Stage0-5-0,0,-1,47458333,88000000,24,23575.00,11267053
1787944788040,unknown,Stage0-6-0,0,-1,30541666,52000000,24,23375.50,11265211
1787944789020,unknown,Stage0-0-0,0,-1,36500000,59000000,4,4587.41,743975
1787944789020,unknown,Stage0-4-0,0,-1,106859154,231000000,71,70408.00,11406027
1787944789024,unknown,Stage0-3-0,0,-1,25800000,45000000,5,4587.41,739383
1787944789025,unknown,Stage0-7-0,0,-1,93457142,199000000,70,70337.66,11335619
1787944789036,unknown,Stage0-1-0,0,-1,25000000,34000000,4,4584.00,739805
1787944789038,unknown,Stage0-2-0,0,-1,31750000,42000000,4,4578.00,739707
1787944789039,unknown,Stage0-5-0,0,-1,131700000,268000000,70,70163.00,11337216
1787944789040,unknown,Stage0-6-0,0,-1,128154929,256000000,71,71213.00,11336424
1787944790021,unknown,Stage0-0-0,0,-1,22400000,43000000,5,4587.41,748567
1787944790021,unknown,Stage0-4-0,0,-1,109285714,225000000,70,70337.66,11476435
1787944790024,unknown,Stage0-3-0,0,-1,18000000,28000000,4,4592.00,743975
1787944790025,unknown,Stage0-7-0,0,-1,99309859,220000000,71,70408.00,11406027
1787944790036,unknown,Stage0-1-0,0,-1,19600000,37000000,5,4342.00,744147
1787944790038,unknown,Stage0-2-0,0,-1,32500000,50000000,4,4268.00,743975
1787944790039,unknown,Stage0-5-0,0,-1,132828571,271000000,70,70300.00,11407516
1787944790040,unknown,Stage0-6-0,0,-1,128328571,254000000,70,70346.00,11406770
1787944791021,unknown,Stage0-0-0,0,-1,26800000,49000000,5,4592.00,753159
1787944791022,unknown,Stage0-4-0,0,-1,138400000,270000000,70,70337.66,11546843
1787944791025,unknown,Stage0-3-0,0,-1,24200000,44000000,5,4587.41,748567
1787944791026,unknown,Stage0-7-0,0,-1,130657142,254000000,70,70337.66,11476435
1787944791036,unknown,Stage0-1-0,0,-1,29000000,42000000,4,4772.00,748919
1787944791039,unknown,Stage0-2-0,0,-1,24400000,39000000,5,4587.41,748567
1787944791044,unknown,Stage0-5-0,0,-1,98391304,189000000,69,68577.11,11476436
1787944791044,unknown,Stage0-6-0,0,-1,80928571,179000000,70,69387.45,11476435
1787944792021,unknown,Stage0-0-0,0,-1,24000000,39000000,4,4592.00,757751
1787944792022,unknown,Stage0-4-0,0,-1,96929577,206000000,71,70408.00,11617251
1787944792025,unknown,Stage0-3-0,0,-1,29400000,49000000,5,4592.00,753159
1787944792026,unknown,Stage0-7-0,0,-1,93614285,189000000,70,70408.00,11546843
1787944792036,unknown,Stage0-1-0,0,-1,27000000,44000000,5,4445.00,753364
1787944792039,unknown,Stage0-2-0,0,-1,31400000,47000000,5,4677.00,753244
1787944792044,unknown,Stage0-6-0,0,-1,124000000,237000000,72,72068.00,11548503
1787944792044,unknown,Stage0-5-0,0,-1,126739726,247000000,73,72637.00,11549073
1787944793022,unknown,Stage0-0-0,0,-1,27000000,49000000,5,4587.41,762343
1787944793023,unknown,Stage0-4-0,0,-1,106800000,226000000,70,70337.66,11687659
1787944793026,unknown,Stage0-3-0,0,-1,28000000,42000000,4,4587.41,757751
1787944793027,unknown,Stage0-7-0,0,-1,109126760,222000000,71,70337.66,11617251
1787944793036,unknown,Stage0-1-0,0,-1,28250000,41000000,4,4387.00,757751
1787944793039,unknown,Stage0-2-0,0,-1,23250000,34000000,4,4733.00,757977
1787944793044,unknown,Stage0-6-0,0,-1,104657142,220000000,70,69886.00,11618389
1787944793044,unknown,Stage0-5-0,0,-1,111757142,214000000,70,70679.00,11619752
1787944794022,unknown,Stage0-0-0,0,-1,41500000,65000000,4,4592.00,766935
1787944794023,unknown,Stage0-4-0,0,-1,129084507,267000000,71,70408.00,11758067
1787944794026,unknown,Stage0-3-0,0,-1,21200000,37000000,5,4592.00,762343
1787944794027,unknown,Stage0-7-0,0,-1,143557142,273000000,70,70408.00,11687659
1787944794036,unknown,Stage0-1-0,0,-1,27400000,42000000,5,4592.00,762343
1787944794039,unknown,Stage0-2-0,0,-1,21600000,37000000,5,4366.00,762343
1787944794044,unknown,Stage0-5-0,0,-1,138657142,243000000,70,69257.00,11689009
1787944794045,unknown,Stage0-6-0,0,-1,111855072,225000000,69,69200.80,11687659
1787944795023,unknown,Stage0-0-0,0,-1,30000000,57000000,5,4587.41,771527
1787944795023,unknown,Stage0-4-0,0,-1,111042857,232000000,70,70408.00,11828475
1787944795027,unknown,Stage0-3-0,0,-1,24500000,39000000,4,4587.41,766935
1787944795027,unknown,Stage0-7-0,0,-1,139591549,257000000,71,70408.00,11758067
1787944795036,unknown,Stage0-1-0,0,-1,26000000,38000000,4,4592.00,766935
1787944795039,unknown,Stage0-2-0,0,-1,27250000,43000000,4,4648.00,766991
1787944795044,unknown,Stage0-5-0,0,-1,159549295,271000000,71,71027.00,11760036
1787944795045,unknown,Stage0-6-0,0,-1,117319444,238000000,72,71823.00,11759482
1787944796023,unknown,Stage0-0-0,0,-1,27600000,48000000,5,4592.00,776119
1787944796024,unknown,Stage0-4-0,0,-1,121614285,278000000,70,70337.66,11898883
1787944796028,unknown,Stage0-3-0,0,-1,25200000,45000000,5,4587.41,771527
1787944796028,unknown,Stage0-7-0,0,-1,145628571,307000000,70,70337.66,11828475
1787944796036,unknown,Stage0-1-0,0,-1,21200000,39000000,5,4644.00,771579
1787944796040,unknown,Stage0-2-0,0,-1,25600000,45000000,5,4531.47,771527
1787944796044,unknown,Stage0-5-0,0,-1,156217391,323000000,69,69578.00,11829614
1787944796045,unknown,Stage0-6-0,0,-1,113228571,251000000,70,69655.00,11829137
1787944797024,unknown,Stage0-0-0,0,-1,40000000,65000000,4,4587.41,780711
1787944797025,unknown,Stage0-4-0,0,-1,194211267,396000000,71,70337.66,11969291
1787944797028,unknown,Stage0-3-0,0,-1,33600000,59000000,5,4592.00,776119
1787944797028,unknown,Stage0-7-0,0,-1,190928571,377000000,70,70408.00,11898883
1787944797036,unknown,Stage0-1-0,0,-1,33400000,59000000,5,4608.00,776187
1787944797040,unknown,Stage0-2-0,0,-1,41200000,73000000,5,4593.00,776120
1787944797044,unknown,Stage0-5-0,0,-1,185971830,390000000,71,70733.00,11900347
1787944797045,unknown,Stage0-6-0,0,-1,190414285,367000000,70,70337.00,11899474
1787944798025,unknown,Stage0-4-0,0,-1,169657142,340000000,70,70408.00,12039699
1787944798025,unknown,Stage0-0-0,0,-1,34400000,63000000,5,4587.41,785303
1787944798028,unknown,Stage0-7-0,0,-1,143211267,303000000,71,70408.00,11969291
1787944798028,unknown,Stage0-3-0,0,-1,31750000,46000000,4,4592.00,780711
1787944798036,unknown,Stage0-1-0,0,-1,35000000,52000000,4,4524.00,780711
1787944798040,unknown,Stage0-2-0,0,-1,37250000,60000000,4,4591.00,780711
1787944798044,unknown,Stage0-5-0,0,-1,174214285,350000000,70,70435.00,11970782
1787944798045,unknown,Stage0-6-0,0,-1,168571428,343000000,70,70485.00,11969959
1787944799025,unknown,Stage0-0-0,0,-1,35500000,60000000,4,4592.00,789895
1787944799026,unknown,Stage0-4-0,0,-1,181535211,378000000,71,70337.66,12110107
1787944799029,unknown,Stage0-3-0,0,-1,31800000,57000000,5,4587.41,785303
1787944799029,unknown,Stage0-7-0,0,-1,187514285,360000000,70,70337.66,12039699
1787944799036,unknown,Stage0-1-0,0,-1,33800000,60000000,5,4611.00,785322
1787944799040,unknown,Stage0-2-0,0,-1,41800000,64000000,5,4612.00,785323
1787944799044,unknown,Stage0-5-0,0,-1,178642857,364000000,70,69840.00,12040622
1787944799045,unknown,Stage0-6-0,0,-1,150126760,313000000,71,70371.00,12040330
1787944800026,unknown,Stage0-0-0,0,-1,29600000,56000000,5,4587.41,794487
1787944800027,unknown,Stage0-4-0,0,-1,186471428,366000000,70,70337.66,12180515
1787944800029,unknown,Stage0-3-0,0,-1,31000000,53000000,4,4592.00,789895
1787944800029,unknown,Stage0-7-0,0,-1,156028169,331000000,71,70408.00,12110107
1787944800040,unknown,Stage0-1-0,0,-1,30000000,47000000,4,4554.78,789895
1787944800040,unknown,Stage0-2-0,0,-1,34250000,53000000,4,4572.00,789895
1787944800044,unknown,Stage0-5-0,0,-1,163704225,346000000,71,70667.00,12111289
1787944800045,unknown,Stage0-6-0,0,-1,166714285,345000000,70,70329.00,12110659
1787944801027,unknown,Stage0-0-0,0,-1,43800000,75000000,5,4587.41,799079
1787944801027,unknown,Stage0-4-0,0,-1,173157142,349000000,70,70408.00,12250923
1787944801030,unknown,Stage0-3-0,0,-1,34400000,63000000,5,4587.41,794487
1787944801030,unknown,Stage0-7-0,0,-1,157985714,332000000,70,70337.66,12180515
1787944801040,unknown,Stage0-1-0,0,-1,36400000,63000000,5,4844.00,794739
1787944801040,unknown,Stage0-2-0,0,-1,31400000,57000000,5,4592.00,794487
1787944801044,unknown,Stage0-5-0,0,-1,160500000,320000000,70,70322.00,12181611
1787944801045,unknown,Stage0-6-0,0,-1,161000000,331000000,70,70339.00,12180998
1787944802027,unknown,Stage0-0-0,0,-1,37250000,60000000,4,4592.00,803671
1787944802028,unknown,Stage0-4-0,0,-1,169154929,341000000,71,70337.66,12321331
1787944802030,unknown,Stage0-3-0,0,-1,38000000,67000000,5,4592.00,799079
1787944802031,unknown,Stage0-7-0,0,-1,149557142,304000000,70,70337.66,12250923
1787944802040,unknown,Stage0-1-0,0,-1,29200000,47000000,5,4520.00,799259
1787944802041,unknown,Stage0-2-0,0,-1,33600000,53000000,5,4587.41,799079
1787944802044,unknown,Stage0-5-0,0,-1,152214285,311000000,70,70359.00,12251970
1787944802048,unknown,Stage0-6-0,0,-1,170128571,346000000,70,69715.85,12250923
1787944803028,unknown,Stage0-4-0,0,-1,176771428,345000000,70,70408.00,12391739
1787944803028,unknown,Stage0-0-0,0,-1,34400000,63000000,5,4587.41,808263
1787944803031,unknown,Stage0-3-0,0,-1,32000000,51000000,4,4587.41,803671
1787944803032,unknown,Stage0-7-0,0,-1,184929577,364000000,71,70337.66,12321331
1787944803040,unknown,Stage0-1-0,0,-1,36250000,55000000,4,4530.00,803789
1787944803041,unknown,Stage0-2-0,0,-1,37500000,55000000,4,4592.00,803671
1787944803044,unknown,Stage0-5-0,0,-1,147591549,303000000,71,70308.00,12322278
1787944803048,unknown,Stage0-6-0,0,-1,159859154,321000000,71,70862.00,12321785
1787944804028,unknown,Stage0-0-0,0,-1,34750000,55000000,4,4592.00,812855
1787944804029,unknown,Stage0-4-0,0,-1,175338028,345000000,71,70337.66,12462147
1787944804032,unknown,Stage0-3-0,0,-1,40400000,77000000,5,4587.41,808263
1787944804032,unknown,Stage0-7-0,0,-1,161900000,327000000,70,70408.00,12391739
1787944804040,unknown,Stage0-1-0,0,-1,34600000,59000000,5,4569.00,808358
1787944804042,unknown,Stage0-2-0,0,-1,29600000,47000000,5,4587.41,808263
1787944804044,unknown,Stage0-5-0,0,-1,166457142,333000000,70,70317.00,12392595
1787944804048,unknown,Stage0-6-0,0,-1,172028169,341000000,71,70591.00,12392376
1787944805028,unknown,Stage0-0-0,0,-1,44600000,77000000,5,4592.00,817447
1787944805029,unknown,Stage0-4-0,0,-1,184457142,377000000,70,70534.00,12532681
1787944805032,unknown,Stage0-3-0,0,-1,36000000,54000000,4,4592.00,812855
1787944805033,unknown,Stage0-7-0,0,-1,184633802,366000000,71,70337.66,12462147
1787944805040,unknown,Stage0-1-0,0,-1,45750000,65000000,4,4588.00,812946
1787944805043,unknown,Stage0-2-0,0,-1,32750000,47000000,4,4587.41,812855
1787944805044,unknown,Stage0-5-0,0,-1,164242857,329000000,70,70090.00,12462685
1787944805048,unknown,Stage0-6-0,0,-1,175657142,369000000,70,70357.00,12462733
1787944806028,unknown,Stage0-0-0,0,-1,38600000,68000000,5,4592.00,822039
1787944806029,unknown,Stage0-4-0,0,-1,162328571,336000000,70,70282.00,12602963
1787944806033,unknown,Stage0-7-0,0,-1,172428571,346000000,70,70408.00,12532555
1787944806034,unknown,Stage0-3-0,0,-1,32600000,60000000,5,4582.83,817447
1787944806042,unknown,Stage0-1-0,0,-1,30400000,58000000,5,4492.02,817447
1787944806044,unknown,Stage0-5-0,0,-1,151436619,324000000,71,70495.00,12533180
1787944806045,unknown,Stage0-2-0,0,-1,33200000,58000000,5,4582.83,817447
1787944806048,unknown,Stage0-6-0,0,-1,170857142,334000000,70,70214.00,12532947
1787944807029,unknown,Stage0-4-0,0,-1,171422535,352000000,71,70408.00,12673371
1787944807029,unknown,Stage0-0-0,0,-1,34750000,57000000,4,4587.41,826631
1787944807034,unknown,Stage0-3-0,0,-1,47200000,77000000,5,4615.00,822062
1787944807034,unknown,Stage0-7-0,0,-1,154771428,322000000,70,70337.66,12602963
1787944807044,unknown,Stage0-5-0,0,-1,165657142,328000000,70,70288.00,12603468
1787944807045,unknown,Stage0-2-0,0,-1,40600000,64000000,5,4633.00,822080
1787944807045,unknown,Stage0-1-0,0,-1,33800000,53000000,5,4578.27,822039
1787944807048,unknown,Stage0-6-0,0,-1,166042253,370000000,71,70516.00,12603463
1787944808030,unknown,Stage0-0-0,0,-1,36800000,64000000,5,4587.41,831223
1787944808031,unknown,Stage0-4-0,0,-1,187228571,373000000,70,70267.47,12743779
1787944808034,unknown,Stage0-3-0,0,-1,35750000,56000000,4,4569.00,826631
1787944808035,unknown,Stage0-7-0,0,-1,158535211,339000000,71,70337.66,12673371
1787944808044,unknown,Stage0-5-0,0,-1,173342857,350000000,70,70213.00,12673681
1787944808045,unknown,Stage0-2-0,0,-1,36500000,56000000,4,4673.00,826753
1787944808050,unknown,Stage0-1-0,0,-1,32250000,46000000,4,4569.15,826631
1787944808052,unknown,Stage0-6-0,0,-1,171200000,337000000,70,69629.48,12673371
1787944809030,unknown,Stage0-0-0,0,-1,42000000,65000000,4,4592.00,835815
1787944809031,unknown,Stage0-4-0,0,-1,129507042,257000000,71,70408.00,12814187
1787944809034,unknown,Stage0-3-0,0,-1,35600000,56000000,5,4592.00,831223
1787944809035,unknown,Stage0-7-0,0,-1,106914285,224000000,70,70408.00,12743779
1787944809044,unknown,Stage0-5-0,0,-1,118085714,216000000,70,70098.00,12743779
1787944809045,unknown,Stage0-2-0,0,-1,24200000,45000000,5,4628.00,831381
1787944809050,unknown,Stage0-1-0,0,-1,38000000,55000000,5,4603.00,831234
1787944809052,unknown,Stage0-6-0,0,-1,92126760,191000000,71,70977.00,12744348
1787944810030,unknown,Stage0-0-0,0,-1,25800000,49000000,5,4592.00,840407
1787944810031,unknown,Stage0-4-0,0,-1,120471428,254000000,70,70408.00,12884595
1787944810035,unknown,Stage0-3-0,0,-1,41000000,59000000,4,4587.41,835815
1787944810035,unknown,Stage0-7-0,0,-1,96408450,207000000,71,70408.00,12814187
1787944810044,unknown,Stage0-5-0,0,-1,120436619,243000000,71,70867.00,12814646
1787944810045,unknown,Stage0-2-0,0,-1,19500000,33000000,4,4434.00,835815
1787944810050,unknown,Stage0-1-0,0,-1,31500000,41000000,4,4596.00,835830
1787944810052,unknown,Stage0-6-0,0,-1,120528571,244000000,70,70613.00,12814961
1787944811031,unknown,Stage0-4-0,0,-1,116028169,222000000,71,70408.00,12955003
1787944811031,unknown,Stage0-0-0,0,-1,22250000,40000000,4,4587.41,844999
1787944811035,unknown,Stage0-3-0,0,-1,24000000,43000000,5,4592.00,840407
1787944811036,unknown,Stage0-7-0,0,-1,116028571,234000000,70,70337.66,12884595
1787944811049,unknown,Stage0-5-0,0,-1,120242857,249000000,70,69601.00,12884595
1787944811050,unknown,Stage0-1-0,0,-1,27166666,46000000,6,5195.00,841025
1787944811050,unknown,Stage0-2-0,0,-1,27000000,47000000,5,4569.15,840407
1787944811052,unknown,Stage0-6-0,0,-1,97676056,195000000,71,70864.00,12885825
1787944812031,unknown,Stage0-0-0,0,-1,24000000,49000000,5,4592.00,849591
1787944812032,unknown,Stage0-4-0,0,-1,142357142,254000000,70,70337.66,13025411
1787944812036,unknown,Stage0-3-0,0,-1,25250000,41000000,4,4587.41,844999
1787944812036,unknown,Stage0-7-0,0,-1,112338028,221000000,71,70408.00,12955003
1787944812049,unknown,Stage0-5-0,0,-1,120180555,230000000,72,71570.00,12956165
1787944812050,unknown,Stage0-1-0,0,-1,22500000,40000000,4,4507.00,845532
1787944812050,unknown,Stage0-2-0,0,-1,20000000,31000000,5,4665.00,845072
1787944812060,unknown,Stage0-6-0,0,-1,124057142,250000000,70,68628.97,12955003
1787944813032,unknown,Stage0-0-0,0,-1,42200000,67000000,5,4587.41,854183
1787944813032,unknown,Stage0-4-0,0,-1,129185714,245000000,70,70408.00,13095819
1787944813036,unknown,Stage0-3-0,0,-1,33000000,57000000,5,4592.00,849591
1787944813036,unknown,Stage0-7-0,0,-1,119542857,234000000,70,70408.00,13025411
1787944813049,unknown,Stage0-5-0,0,-1,106071428,195000000,70,70321.00,13026486
1787944813050,unknown,Stage0-2-0,0,-1,24000000,34000000,4,4659.00,849731
1787944813050,unknown,Stage0-1-0,0,-1,22000000,37000000,5,4580.00,850112
1787944813060,unknown,Stage0-6-0,0,-1,142861111,266000000,72,72582.00,13027585
1787944814032,unknown,Stage0-0-0,0,-1,25750000,44000000,4,4592.00,858775
1787944814033,unknown,Stage0-4-0,0,-1,104535211,206000000,71,70337.66,13166227
1787944814037,unknown,Stage0-7-0,0,-1,106385714,207000000,70,70337.66,13095819
1787944814041,unknown,Stage0-3-0,0,-1,28400000,47000000,5,4569.15,854183
1787944814049,unknown,Stage0-5-0,0,-1,97514285,190000000,70,70239.00,13096725
1787944814050,unknown,Stage0-2-0,0,-1,30000000,49000000,5,4766.00,854497
1787944814050,unknown,Stage0-1-0,0,-1,27000000,37000000,4,4089.00,854201
1787944814060,unknown,Stage0-6-0,0,-1,82898550,174000000,69,68978.00,13096563
1787944815032,unknown,Stage0-0-0,0,-1,20800000,38000000,5,4592.00,863367
1787944815033,unknown,Stage0-4-0,0,-1,108171428,213000000,70,70408.00,13236635
1787944815037,unknown,Stage0-7-0,0,-1,117661971,240000000,71,70408.00,13166227
1787944815041,unknown,Stage0-3-0,0,-1,26200000,50000000,5,4885.00,859068
1787944815050,unknown,Stage0-2-0,0,-1,21500000,32000000,4,4398.00,858895
1787944815050,unknown,Stage0-5-0,0,-1,104100000,205000000,70,70089.91,13166885
1787944815052,unknown,Stage0-1-0,0,-1,25500000,34000000,4,4564.87,858775
1787944815060,unknown,Stage0-6-0,0,-1,124887323,238000000,71,71005.00,13167568
1787944816033,unknown,Stage0-0-0,0,-1,21000000,35000000,4,4587.41,867959
1787944816033,unknown,Stage0-4-0,0,-1,129802816,244000000,71,70408.00,13307043
1787944816038,unknown,Stage0-7-0,0,-1,133128571,249000000,70,70337.66,13236635
1787944816041,unknown,Stage0-3-0,0,-1,33250000,45000000,4,4677.00,863745
1787944816050,unknown,Stage0-2-0,0,-1,29800000,49000000,5,4707.00,863602
1787944816050,unknown,Stage0-5-0,0,-1,149957746,312000000,71,70593.00,13237478
1787944816052,unknown,Stage0-1-0,0,-1,26500000,45000000,6,5252.00,864027
1787944816060,unknown,Stage0-6-0,0,-1,143114285,295000000,70,70397.00,13237965
1787944817033,unknown,Stage0-4-0,0,-1,133000000,268000000,70,70408.00,13377451
1787944817033,unknown,Stage0-0-0,0,-1,28200000,50000000,5,4592.00,872551
1787944817038,unknown,Stage0-7-0,0,-1,100239436,210000000,71,70408.00,13307043
1787944817041,unknown,Stage0-3-0,0,-1,15000000,25000000,5,4463.00,868208
1787944817050,unknown,Stage0-2-0,0,-1,21400000,40000000,5,4508.00,868110
1787944817050,unknown,Stage0-5-0,0,-1,131183098,253000000,71,70561.00,13308039
1787944817052,unknown,Stage0-1-0,0,-1,18500000,33000000,4,4596.00,868623
1787944817060,unknown,Stage0-6-0,0,-1,104712328,213000000,73,72291.00,13310256
1787944818034,unknown,Stage0-0-0,0,-1,24200000,41000000,5,4587.41,877143
1787944818034,unknown,Stage0-4-0,0,-1,114228571,229000000,70,70337.66,13447859
1787944818039,unknown,Stage0-7-0,0,-1,104571428,224000000,70,70337.66,13377451
1787944818041,unknown,Stage0-3-0,0,-1,28250000,38000000,4,4567.00,872775
1787944818050,unknown,Stage0-2-0,0,-1,34500000,48000000,4,4628.00,872738
1787944818050,unknown,Stage0-5-0,0,-1,96342857,210000000,70,70215.00,13378254
1787944818052,unknown,Stage0-1-0,0,-1,16400000,29000000,5,4589.00,873212
1787944818060,unknown,Stage0-6-0,0,-1,126579710,272000000,69,69242.00,13379498
1787944819034,unknown,Stage0-0-0,0,-1,24000000,39000000,4,4592.00,881735
1787944819034,unknown,Stage0-4-0,0,-1,119323943,246000000,71,70408.00,13518267
1787944819039,unknown,Stage0-7-0,0,-1,124200000,247000000,70,70408.00,13447859
1787944819041,unknown,Stage0-3-0,0,-1,25800000,41000000,5,4588.00,877363
1787944819050,unknown,Stage0-5-0,0,-1,105914285,209000000,70,70423.00,13448677
1787944819050,unknown,Stage0-2-0,0,-1,19000000,32000000,5,4530.00,877268
1787944819052,unknown,Stage0-1-0,0,-1,24250000,33000000,4,4285.00,877497
1787944819060,unknown,Stage0-6-0,0,-1,125676056,259000000,71,71194.00,13450692
1787944820035,unknown,Stage0-0-0,0,-1,21600000,39000000,5,4587.41,886327
1787944820035,unknown,Stage0-4-0,0,-1,162514285,333000000,70,70337.66,13588675
1787944820040,unknown,Stage0-7-0,0,-1,104112676,221000000,71,70337.66,13518267
1787944820041,unknown,Stage0-3-0,0,-1,23500000,37000000,4,4487.00,881850
1787944820050,unknown,Stage0-2-0,0,-1,32750000,44000000,4,4516.00,881784
1787944820050,unknown,Stage0-5-0,0,-1,154328571,313000000,70,70252.00,13518929
1787944820052,unknown,Stage0-1-0,0,-1,25400000,47000000,5,4642.00,882139
1787944820060,unknown,Stage0-6-0,0,-1,100357142,211000000,70,69931.00,13520623
1787944821035,unknown,Stage0-0-0,0,-1,22000000,37000000,4,4592.00,890919
1787944821035,unknown,Stage0-4-0,0,-1,278943661,417000000,71,70408.00,13659083
1787944821040,unknown,Stage0-7-0,0,-1,238842857,378000000,70,70408.00,13588675
1787944821041,unknown,Stage0-3-0,0,-1,51800000,182000000,5,4525.00,886375
1787944821050,unknown,Stage0-5-0,0,-1,258971830,388000000,71,70327.00,13589256
1787944821050,unknown,Stage0-2-0,0,-1,109800000,187000000,5,4543.00,886327
1787944821052,unknown,Stage0-1-0,0,-1,97750000,182000000,4,4400.00,886539
1787944821060,unknown,Stage0-6-0,0,-1,251857142,372000000,70,69731.00,13590354
1787944822036,unknown,Stage0-0-0,0,-1,18400000,33000000,5,4587.41,895511
1787944822036,unknown,Stage0-4-0,0,-1,132042857,255000000,70,70337.66,13729491
1787944822041,unknown,Stage0-3-0,0,-1,23000000,36000000,4,4586.00,890961
1787944822041,unknown,Stage0-7-0,0,-1,103507042,208000000,71,70337.66,13659083
1787944822050,unknown,Stage0-2-0,0,-1,24750000,38000000,4,4601.00,890928
1787944822050,unknown,Stage0-5-0,0,-1,156628571,290000000,70,70309.00,13659565
1787944822052,unknown,Stage0-1-0,0,-1,21800000,42000000,5,4772.00,891311
1787944822060,unknown,Stage0-6-0,0,-1,110985714,217000000,70,70075.00,13660429
1787944823036,unknown,Stage0-0-0,0,-1,22800000,38000000,5,4592.00,900103
1787944823036,unknown,Stage0-4-0,0,-1,123785714,237000000,70,70408.00,13799899
1787944823041,unknown,Stage0-3-0,0,-1,19800000,35000000,5,4559.00,895520
1787944823042,unknown,Stage0-7-0,0,-1,107900000,225000000,70,70337.66,13729491
1787944823050,unknown,Stage0-2-0,0,-1,29200000,48000000,5,4593.00,895521
1787944823050,unknown,Stage0-5-0,0,-1,149528571,303000000,70,70317.00,13729882
1787944823052,unknown,Stage0-1-0,0,-1,30750000,49000000,4,4465.00,895776
1787944823060,unknown,Stage0-6-0,0,-1,134760563,300000000,71,70701.00,13731130
1787944824037,unknown,Stage0-0-0,0,-1,19500000,30000000,4,4587.41,904695
1787944824037,unknown,Stage0-4-0,0,-1,106295774,224000000,71,70337.66,13870307
1787944824041,unknown,Stage0-3-0,0,-1,20600000,35000000,5,4583.00,900103
1787944824042,unknown,Stage0-7-0,0,-1,112300000,228000000,70,70408.00,13799899
1787944824050,unknown,Stage0-5-0,0,-1,116056338,231000000,71,70391.00,13800273
1787944824050,unknown,Stage0-2-0,0,-1,30000000,47000000,5,4582.00,900103
1787944824052,unknown,Stage0-1-0,0,-1,25000000,40000000,5,4504.00,900280
1787944824060,unknown,Stage0-6-0,0,-1,108739130,235000000,69,69526.00,13800656
1787944825037,unknown,Stage0-4-0,0,-1,90071428,187000000,70,70408.00,13940715
1787944825037,unknown,Stage0-0-0,0,-1,19800000,35000000,5,4592.00,909287
1787944825041,unknown,Stage0-3-0,0,-1,26250000,41000000,4,4592.00,904695
1787944825042,unknown,Stage0-7-0,0,-1,117323943,242000000,71,70408.00,13870307
1787944825050,unknown,Stage0-5-0,0,-1,92957142,182000000,70,70310.00,13870583
1787944825051,unknown,Stage0-2-0,0,-1,31250000,45000000,4,4587.41,904695
1787944825052,unknown,Stage0-1-0,0,-1,28000000,38000000,4,4637.00,904917
1787944825060,unknown,Stage0-6-0,0,-1,118732394,245000000,71,70996.00,13871652
1787944826037,unknown,Stage0-0-0,0,-1,20250000,30000000,4,4592.00,913879
1787944826038,unknown,Stage0-4-0,0,-1,108633802,241000000,71,70337.66,14011123
1787944826042,unknown,Stage0-3-0,0,-1,26400000,45000000,5,4587.41,909287
1787944826043,unknown,Stage0-7-0,0,-1,100871428,202000000,70,70337.66,13940715
1787944826050,unknown,Stage0-5-0,0,-1,134085714,269000000,70,70135.00,13940718
1787944826051,unknown,Stage0-2-0,0,-1,30000000,51000000,5,4592.00,909287
1787944826052,unknown,Stage0-1-0,0,-1,29800000,51000000,5,4465.00,909382
1787944826060,unknown,Stage0-6-0,0,-1,109557142,223000000,70,69707.00,13941359
1787944827038,unknown,Stage0-0-0,0,-1,17800000,32000000,5,4587.41,918471
1787944827038,unknown,Stage0-4-0,0,-1,150200000,299000000,70,70408.00,14081531
1787944827042,unknown,Stage0-3-0,0,-1,24500000,39000000,4,4592.00,913879
1787944827043,unknown,Stage0-7-0,0,-1,108338028,218000000,71,70408.00,14011123
1787944827050,unknown,Stage0-5-0,0,-1,102140845,194000000,71,70407.00,14011125
1787944827052,unknown,Stage0-1-0,0,-1,40250000,59000000,4,4592.00,913974
1787944827055,unknown,Stage0-2-0,0,-1,27000000,37000000,4,4573.71,913879
1787944827060,unknown,Stage0-6-0,0,-1,143014084,287000000,71,71057.00,14012416
1787944828038,unknown,Stage0-0-0,0,-1,22800000,39000000,5,4592.00,923063
1787944828039,unknown,Stage0-4-0,0,-1,156800000,301000000,70,70337.66,14151939
1787944828043,unknown,Stage0-3-0,0,-1,29000000,51000000,5,4587.41,918471
1787944828043,unknown,Stage0-7-0,0,-1,115442857,233000000,70,70408.00,14081531
1787944828050,unknown,Stage0-5-0,0,-1,125928571,252000000,70,70406.00,14081531
1787944828052,unknown,Stage0-1-0,0,-1,33400000,57000000,5,4560.00,918534
1787944828055,unknown,Stage0-2-0,0,-1,28200000,48000000,5,4753.00,918632
1787944828060,unknown,Stage0-6-0,0,-1,150942857,288000000,70,70312.00,14082728
1787944829038,unknown,Stage0-0-0,0,-1,23250000,37000000,4,4592.00,927655
1787944829039,unknown,Stage0-4-0,0,-1,109394366,215000000,71,70408.00,14222347
1787944829043,unknown,Stage0-7-0,0,-1,112042857,240000000,70,70408.00,14151939
1787944829043,unknown,Stage0-3-0,0,-1,29200000,50000000,5,4592.00,923063
1787944829051,unknown,Stage0-5-0,0,-1,107214285,218000000,70,70337.66,14151939
1787944829052,unknown,Stage0-1-0,0,-1,33400000,52000000,5,4564.00,923098
1787944829055,unknown,Stage0-2-0,0,-1,33200000,56000000,5,4581.00,923213
1787944829060,unknown,Stage0-6-0,0,-1,99685714,192000000,70,70012.00,14152740
1787944830039,unknown,Stage0-4-0,0,-1,125300000,247000000,70,70408.00,14292755
1787944830039,unknown,Stage0-0-0,0,-1,21000000,36000000,5,4587.41,932247
1787944830044,unknown,Stage0-3-0,0,-1,30750000,47000000,4,4587.41,927655
1787944830047,unknown,Stage0-7-0,0,-1,114408450,212000000,71,70127.49,14222347
1787944830051,unknown,Stage0-5-0,0,-1,105436619,198000000,71,70408.00,14222347
1787944830052,unknown,Stage0-1-0,0,-1,24000000,36000000,4,4594.00,927692
1787944830055,unknown,Stage0-2-0,0,-1,30250000,47000000,4,4442.00,927655
1787944830060,unknown,Stage0-6-0,0,-1,124521126,242000000,71,70681.00,14223421
1787944831040,unknown,Stage0-0-0,0,-1,24750000,40000000,4,4587.41,936839
1787944831040,unknown,Stage0-4-0,0,-1,163140845,314000000,71,70337.66,14363163
1787944831044,unknown,Stage0-3-0,0,-1,36400000,66000000,5,4592.00,932247
1787944831047,unknown,Stage0-7-0,0,-1,150352112,304000000,71,70841.00,14293188
1787944831051,unknown,Stage0-5-0,0,-1,185400000,334000000,70,70408.00,14292755
1787944831052,unknown,Stage0-1-0,0,-1,35400000,68000000,5,4558.00,932250
1787944831060,unknown,Stage0-6-0,0,-1,184257142,337000000,70,70293.00,14293714
1787944831065,unknown,Stage0-2-0,0,-1,41400000,75000000,5,4546.53,932247
1787944832040,unknown,Stage0-4-0,0,-1,155671428,298000000,70,70408.00,14433571
1787944832041,unknown,Stage0-0-0,0,-1,36800000,72000000,5,4587.41,941431
1787944832044,unknown,Stage0-3-0,0,-1,37250000,60000000,4,4592.00,936839
1787944832047,unknown,Stage0-7-0,0,-1,169771428,320000000,70,70315.00,14363503
1787944832052,unknown,Stage0-1-0,0,-1,36750000,58000000,4,4589.00,936839
1787944832052,unknown,Stage0-5-0,0,-1,187591549,328000000,71,70337.66,14363163
1787944832060,unknown,Stage0-6-0,0,-1,173228571,318000000,70,70036.00,14363750
1787944832065,unknown,Stage0-2-0,0,-1,40200000,68000000,5,5088.00,937335
1787944833041,unknown,Stage0-0-0,0,-1,31400000,52000000,5,4592.00,946023
1787944833041,unknown,Stage0-4-0,0,-1,170042857,346000000,70,70337.66,14503979
1787944833045,unknown,Stage0-3-0,0,-1,31400000,60000000,5,4587.41,941431
1787944833047,unknown,Stage0-7-0,0,-1,191357142,370000000,70,70209.00,14433712
1787944833053,unknown,Stage0-1-0,0,-1,26600000,48000000,5,4587.41,941431
1787944833054,unknown,Stage0-5-0,0,-1,175642857,343000000,70,70267.47,14433571
1787944833060,unknown,Stage0-6-0,0,-1,177211267,347000000,71,70270.00,14434020
1787944833065,unknown,Stage0-2-0,0,-1,45500000,66000000,4,4640.00,941975
1787944834042,unknown,Stage0-4-0,0,-1,195563380,356000000,71,70337.66,14574387
1787944834042,unknown,Stage0-0-0,0,-1,36500000,64000000,4,4587.41,950615
1787944834046,unknown,Stage0-3-0,0,-1,46000000,84000000,5,4587.41,946023
1787944834047,unknown,Stage0-7-0,0,-1,199718309,370000000,71,70343.00,14504055
1787944834053,unknown,Stage0-1-0,0,-1,50600000,82000000,5,4592.00,946023
1787944834054,unknown,Stage0-5-0,0,-1,189183098,348000000,71,70600.00,14504171
1787944834060,unknown,Stage0-6-0,0,-1,191300000,342000000,70,70106.00,14504126
1787944834065,unknown,Stage0-2-0,0,-1,49000000,86000000,5,4479.00,946454
1787944835042,unknown,Stage0-4-0,0,-1,183200000,351000000,70,70408.00,14644795
1787944835042,unknown,Stage0-0-0,0,-1,32800000,56000000,5,4592.00,955207
1787944835046,unknown,Stage0-3-0,0,-1,39250000,64000000,4,4592.00,950615
1787944835047,unknown,Stage0-7-0,0,-1,205842857,396000000,70,70357.00,14574412
1787944835054,unknown,Stage0-5-0,0,-1,213842857,386000000,70,70226.00,14574397
1787944835054,unknown,Stage0-1-0,0,-1,47750000,71000000,4,4587.41,950615
1787944835060,unknown,Stage0-6-0,0,-1,193028571,371000000,70,70509.00,14574635
1787944835065,unknown,Stage0-2-0,0,-1,41200000,75000000,5,4614.00,951068
1787944836042,unknown,Stage0-0-0,0,-1,39750000,64000000,4,4592.00,959799
1787944836043,unknown,Stage0-4-0,0,-1,161521126,314000000,71,70337.66,14715203
1787944836046,unknown,Stage0-3-0,0,-1,35400000,62000000,5,4592.00,955207
1787944836047,unknown,Stage0-7-0,0,-1,142671428,276000000,70,70448.00,14644860
1787944836054,unknown,Stage0-5-0,0,-1,158628571,303000000,70,70405.00,14644802
1787944836054,unknown,Stage0-1-0,0,-1,41600000,66000000,5,4592.00,955207
1787944836060,unknown,Stage0-6-0,0,-1,152197183,298000000,71,70483.00,14645118
1787944836065,unknown,Stage0-2-0,0,-1,50250000,71000000,4,4602.00,955670
1787944837043,unknown,Stage0-0-0,0,-1,20600000,37000000,5,4587.41,964391
1787944837043,unknown,Stage0-4-0,0,-1,135014285,278000000,70,70408.00,14785611
1787944837046,unknown,Stage0-3-0,0,-1,23000000,36000000,4,4592.00,959799
1787944837047,unknown,Stage0-7-0,0,-1,168211267,322000000,71,70343.00,14715203
1787944837054,unknown,Stage0-5-0,0,-1,148704225,288000000,71,70401.00,14715203
1787944837054,unknown,Stage0-1-0,0,-1,40250000,55000000,4,4592.00,959799
1787944837060,unknown,Stage0-6-0,0,-1,145457142,286000000,70,70180.00,14715298
1787944837072,unknown,Stage0-2-0,0,-1,42750000,71000000,4,4100.30,959799
1787944838043,unknown,Stage0-4-0,0,-1,113577464,231000000,71,70408.00,14856019
1787944838043,unknown,Stage0-0-0,0,-1,19250000,32000000,4,4592.00,968983
1787944838047,unknown,Stage0-3-0,0,-1,22800000,43000000,5,4587.41,964391
1787944838048,unknown,Stage0-7-0,0,-1,155228571,316000000,70,70337.66,14785611
1787944838055,unknown,Stage0-5-0,0,-1,160228571,321000000,70,70337.66,14785611
1787944838055,unknown,Stage0-1-0,0,-1,25000000,41000000,5,4587.41,964391
1787944838060,unknown,Stage0-6-0,0,-1,87428571,177000000,70,70429.00,14785727
1787944838072,unknown,Stage0-2-0,0,-1,39166666,65000000,6,5513.00,965312
1787944839044,unknown,Stage0-0-0,0,-1,15600000,30000000,5,4587.41,973575
1787944839045,unknown,Stage0-4-0,0,-1,100885714,212000000,70,70267.47,14926427
1787944839048,unknown,Stage0-3-0,0,-1,21000000,34000000,4,4587.41,968983
1787944839048,unknown,Stage0-7-0,0,-1,116267605,225000000,71,70408.00,14856019
1787944839055,unknown,Stage0-5-0,0,-1,100985915,193000000,71,70408.00,14856019
1787944839055,unknown,Stage0-1-0,0,-1,23750000,38000000,4,4592.00,968983
1787944839060,unknown,Stage0-6-0,0,-1,99112676,203000000,71,70339.00,14856066
1787944839072,unknown,Stage0-2-0,0,-1,27250000,44000000,4,4643.00,969955
1787944840045,unknown,Stage0-0-0,0,-1,21800000,37000000,5,4587.41,978167
1787944840045,unknown,Stage0-4-0,0,-1,111642857,257000000,70,70408.00,14996835
1787944840048,unknown,Stage0-3-0,0,-1,22600000,40000000,5,4592.00,973575
1787944840049,unknown,Stage0-7-0,0,-1,113085714,218000000,70,70337.66,14926427
1787944840056,unknown,Stage0-5-0,0,-1,137271428,280000000,70,70337.66,14926427
1787944840058,unknown,Stage0-1-0,0,-1,24800000,46000000,5,4578.27,973575
1787944840060,unknown,Stage0-6-0,0,-1,121800000,241000000,70,70361.00,14926427
1787944840072,unknown,Stage0-2-0,0,-1,25200000,45000000,5,4193.00,974148
1787944841045,unknown,Stage0-4-0,0,-1,95323943,204000000,71,70408.00,15067243
1787944841045,unknown,Stage0-0-0,0,-1,25750000,44000000,4,4592.00,982759
1787944841049,unknown,Stage0-3-0,0,-1,27000000,46000000,5,4587.41,978167
1787944841049,unknown,Stage0-7-0,0,-1,163342857,300000000,70,70408.00,14996835
1787944841057,unknown,Stage0-5-0,0,-1,146114285,294000000,70,70337.66,14996835
1787944841058,unknown,Stage0-1-0,0,-1,32600000,52000000,5,4702.00,978277
1787944841060,unknown,Stage0-6-0,0,-1,85514285,181000000,70,70408.00,14996835
1787944841072,unknown,Stage0-2-0,0,-1,41500000,58000000,4,4802.00,978950
1787944842046,unknown,Stage0-0-0,0,-1,20600000,38000000,5,4587.41,987351
1787944842046,unknown,Stage0-4-0,0,-1,121000000,278000000,70,70337.66,15137651
1787944842049,unknown,Stage0-3-0,0,-1,22500000,35000000,4,4592.00,982759
1787944842050,unknown,Stage0-7-0,0,-1,134309859,280000000,71,70337.66,15067243
1787944842057,unknown,Stage0-5-0,0,-1,131901408,273000000,71,70408.00,15067243
1787944842058,unknown,Stage0-1-0,0,-1,24000000,37000000,4,4502.00,982779
1787944842062,unknown,Stage0-6-0,0,-1,142352112,294000000,71,70267.47,15067243
1787944842072,unknown,Stage0-2-0,0,-1,27400000,47000000,5,4634.00,983584
1787944843046,unknown,Stage0-0-0,0,-1,20500000,36000000,4,4592.00,991943
1787944843046,unknown,Stage0-4-0,0,-1,114098591,226000000,71,70408.00,15208059
1787944843050,unknown,Stage0-3-0,0,-1,20400000,34000000,5,4587.41,987351
1787944843050,unknown,Stage0-7-0,0,-1,109928571,222000000,70,70408.00,15137651
1787944843057,unknown,Stage0-5-0,0,-1,100600000,201000000,70,70408.00,15137651
1787944843058,unknown,Stage0-1-0,0,-1,31000000,53000000,5,4572.00,987351
1787944843063,unknown,Stage0-6-0,0,-1,122157142,236000000,70,70337.66,15137651
1787944843072,unknown,Stage0-2-0,0,-1,30400000,51000000,5,4589.00,988173
1787944844046,unknown,Stage0-0-0,0,-1,17600000,33000000,5,4592.00,996535
1787944844047,unknown,Stage0-4-0,0,-1,114685714,237000000,70,70337.66,15278467
1787944844050,unknown,Stage0-3-0,0,-1,18500000,27000000,4,4592.00,991943
1787944844051,unknown,Stage0-7-0,0,-1,111704225,228000000,71,70337.66,15208059
1787944844058,unknown,Stage0-5-0,0,-1,101098591,207000000,71,70337.66,15208059
1787944844058,unknown,Stage0-1-0,0,-1,28250000,46000000,4,4592.00,991943
1787944844063,unknown,Stage0-6-0,0,-1,108394366,213000000,71,70448.00,15208099
1787944844072,unknown,Stage0-2-0,0,-1,23000000,41000000,4,4523.00,992696
1787944845047,unknown,Stage0-0-0,0,-1,21400000,36000000,5,4587.41,1001127
1787944845047,unknown,Stage0-4-0,0,-1,121428571,238000000,70,70408.00,15348875
1787944845050,unknown,Stage0-3-0,0,-1,24200000,40000000,5,4592.00,996535
1787944845053,unknown,Stage0-7-0,0,-1,118800000,233000000,70,70267.47,15278467
1787944845058,unknown,Stage0-5-0,0,-1,105142857,208000000,70,70463.00,15278522
1787944845058,unknown,Stage0-1-0,0,-1,27000000,48000000,5,4592.00,996535
1787944845070,unknown,Stage0-6-0,0,-1,92714285,193000000,70,69878.85,15278467
1787944845072,unknown,Stage0-2-0,0,-1,26400000,44000000,5,4587.00,997283
1787944846047,unknown,Stage0-0-0,0,-1,24000000,40000000,4,4592.00,1005719
1787944846047,unknown,Stage0-4-0,0,-1,101633802,234000000,71,70408.00,15419283
1787944846051,unknown,Stage0-3-0,0,-1,19200000,35000000,5,4587.41,1001127
1787944846053,unknown,Stage0-7-0,0,-1,115436619,246000000,71,70671.00,15349138
1787944846058,unknown,Stage0-5-0,0,-1,160042857,324000000,70,70353.00,15348875
1787944846058,unknown,Stage0-1-0,0,-1,27400000,44000000,5,4592.00,1001127
1787944846070,unknown,Stage0-6-0,0,-1,152680555,312000000,72,71626.00,15350093
1787944846072,unknown,Stage0-2-0,0,-1,38000000,52000000,4,4283.00,1001566
1787944847048,unknown,Stage0-0-0,0,-1,23600000,40000000,5,4587.41,1010311
1787944847049,unknown,Stage0-4-0,0,-1,97457142,212000000,70,70267.47,15489691
1787944847051,unknown,Stage0-3-0,0,-1,22750000,33000000,4,4592.00,1005719
1787944847053,unknown,Stage0-7-0,0,-1,147071428,301000000,70,70247.00,15419385
1787944847059,unknown,Stage0-5-0,0,-1,104267605,209000000,71,70337.66,15419283
1787944847059,unknown,Stage0-1-0,0,-1,26750000,38000000,4,4587.41,1005719
1787944847070,unknown,Stage0-6-0,0,-1,155228571,310000000,70,70341.00,15420434
1787944847072,unknown,Stage0-2-0,0,-1,30000000,50000000,5,4830.00,1006396
1787944848048,unknown,Stage0-0-0,0,-1,19750000,32000000,4,4592.00,1014903
1787944848049,unknown,Stage0-4-0,0,-1,96239436,199000000,71,70408.00,15560099
1787944848052,unknown,Stage0-3-0,0,-1,21600000,37000000,5,4587.41,1010311
1787944848053,unknown,Stage0-7-0,0,-1,139085714,282000000,70,70322.00,15489707
1787944848060,unknown,Stage0-5-0,0,-1,144485714,284000000,70,70337.66,15489691
1787944848060,unknown,Stage0-1-0,0,-1,21000000,37000000,5,4587.41,1010311
1787944848070,unknown,Stage0-6-0,0,-1,101436619,218000000,71,70690.00,15491124
1787944848072,unknown,Stage0-2-0,0,-1,37500000,52000000,4,4518.00,1010914
1787944849050,unknown,Stage0-0-0,0,-1,18600000,33000000,5,4582.83,1019495
1787944849050,unknown,Stage0-4-0,0,-1,107642857,231000000,70,70337.66,15630507
1787944849053,unknown,Stage0-3-0,0,-1,30000000,45000000,4,4587.41,1014903
1787944849054,unknown,Stage0-7-0,0,-1,140704225,297000000,71,70321.68,15560099
1787944849060,unknown,Stage0-5-0,0,-1,148633802,288000000,71,70408.00,15560099
1787944849060,unknown,Stage0-1-0,0,-1,27000000,41000000,4,4592.00,1014903
1787944849070,unknown,Stage0-6-0,0,-1,77814285,165000000,70,70282.00,15561406
1787944849072,unknown,Stage0-2-0,0,-1,23200000,42000000,5,4539.00,1015453
1787944850050,unknown,Stage0-4-0,0,-1,99928571,193000000,70,70408.00,15700915
1787944850050,unknown,Stage0-0-0,0,-1,26800000,45000000,5,4592.00,1024087
1787944850053,unknown,Stage0-3-0,0,-1,25000000,42000000,5,4592.00,1019495
1787944850054,unknown,Stage0-7-0,0,-1,108471428,203000000,70,70408.00,15630507
1787944850060,unknown,Stage0-5-0,0,-1,99542857,196000000,70,70408.00,15630507
1787944850060,unknown,Stage0-1-0,0,-1,26400000,44000000,5,4592.00,1019495
1787944850070,unknown,Stage0-6-0,0,-1,78914285,173000000,70,69758.00,15631164
1787944850072,unknown,Stage0-2-0,0,-1,29600000,50000000,5,4605.00,1020058
1787944851051,unknown,Stage0-0-0,0,-1,21750000,31000000,4,4587.41,1028679
1787944851051,unknown,Stage0-4-0,0,-1,98971830,213000000,71,70337.66,15771323
1787944851054,unknown,Stage0-3-0,0,-1,23000000,37000000,5,4587.41,1024087
1787944851054,unknown,Stage0-7-0,0,-1,119728571,237000000,70,70408.00,15700915
1787944851060,unknown,Stage0-5-0,0,-1,117971428,229000000,70,70408.00,15700915
1787944851061,unknown,Stage0-1-0,0,-1,26800000,43000000,5,4587.41,1024087
1787944851070,unknown,Stage0-6-0,0,-1,90357142,188000000,70,70404.00,15701568
1787944851072,unknown,Stage0-2-0,0,-1,36000000,48000000,4,4527.00,1024585
1787944852051,unknown,Stage0-0-0,0,-1,21000000,36000000,5,4592.00,1033271
1787944852051,unknown,Stage0-4-0,0,-1,99685714,213000000,70,70408.00,15841731
1787944852054,unknown,Stage0-3-0,0,-1,24500000,38000000,4,4592.00,1028679
1787944852055,unknown,Stage0-7-0,0,-1,112830985,223000000,71,70337.66,15771323
1787944852060,unknown,Stage0-5-0,0,-1,108197183,222000000,71,70408.00,15771323
1787944852061,unknown,Stage0-1-0,0,-1,30500000,42000000,4,4592.00,1028679
1787944852070,unknown,Stage0-6-0,0,-1,107142857,221000000,70,70354.00,15771922
1787944852072,unknown,Stage0-2-0,0,-1,29600000,51000000,5,4581.00,1029166
1787944853051,unknown,Stage0-0-0,0,-1,18000000,30000000,4,4592.00,1037863
1787944853052,unknown,Stage0-4-0,0,-1,107492957,220000000,71,70337.66,15912139
1787944853055,unknown,Stage0-3-0,0,-1,21200000,36000000,5,4587.41,1033271
1787944853055,unknown,Stage0-7-0,0,-1,108228571,211000000,70,70408.00,15841731
1787944853061,unknown,Stage0-5-0,0,-1,141828571,290000000,70,70337.66,15841731
1787944853062,unknown,Stage0-1-0,0,-1,23800000,41000000,5,4587.41,1033271
1787944853070,unknown,Stage0-6-0,0,-1,102323943,240000000,71,70395.00,15842317
1787944853072,unknown,Stage0-2-0,0,-1,36000000,49000000,4,4572.00,1033738
1787944854052,unknown,Stage0-0-0,0,-1,19600000,34000000,5,4587.41,1042455
1787944854052,unknown,Stage0-4-0,0,-1,106800000,224000000,70,70408.00,15982547
1787944854055,unknown,Stage0-3-0,0,-1,25250000,39000000,4,4592.00,1037863
1787944854056,unknown,Stage0-7-0,0,-1,147605633,304000000,71,70337.66,15912139
1787944854062,unknown,Stage0-5-0,0,-1,149211267,297000000,71,70337.66,15912139
1787944854063,unknown,Stage0-1-0,0,-1,23000000,35000000,4,4587.41,1037863
1787944854070,unknown,Stage0-6-0,0,-1,110242857,221000000,70,70001.00,15912318
1787944854072,unknown,Stage0-2-0,0,-1,21200000,36000000,5,4519.00,1038257
1787944855052,unknown,Stage0-0-0,0,-1,24000000,43000000,5,4592.00,1047047
1787944855053,unknown,Stage0-4-0,0,-1,133742857,268000000,70,70337.66,16052955
1787944855056,unknown,Stage0-3-0,0,-1,29800000,53000000,5,4587.41,1042455
1787944855056,unknown,Stage0-7-0,0,-1,102971428,198000000,70,70408.00,15982547
1787944855063,unknown,Stage0-1-0,0,-1,25400000,45000000,5,4592.00,1042455
1787944855063,unknown,Stage0-5-0,0,-1,126385714,261000000,70,70337.66,15982547
1787944855070,unknown,Stage0-6-0,0,-1,89704225,188000000,71,70690.00,15983008
1787944855072,unknown,Stage0-2-0,0,-1,35500000,51000000,4,4554.00,1042811
1787944856054,unknown,Stage0-0-0,0,-1,20750000,31000000,4,4582.83,1051639
1787944856054,unknown,Stage0-4-0,0,-1,98873239,217000000,71,70337.66,16123363
1787944856056,unknown,Stage0-3-0,0,-1,27200000,44000000,5,4592.00,1047047
1787944856057,unknown,Stage0-7-0,0,-1,113914285,236000000,70,70337.66,16052955
1787944856063,unknown,Stage0-5-0,0,-1,117450704,245000000,71,70536.00,16053083
1787944856063,unknown,Stage0-1-0,0,-1,31200000,51000000,5,4592.00,1047047
1787944856070,unknown,Stage0-6-0,0,-1,82728571,189000000,70,70224.00,16053232
1787944856072,unknown,Stage0-2-0,0,-1,29600000,47000000,5,4602.00,1047413
1787944857054,unknown,Stage0-0-0,0,-1,21200000,36000000,5,4592.00,1056231
1787944857055,unknown,Stage0-4-0,0,-1,109271428,244000000,70,70337.66,16193771
1787944857057,unknown,Stage0-3-0,0,-1,26750000,41000000,4,4587.41,1051639
1787944857057,unknown,Stage0-7-0,0,-1,114183098,245000000,71,70408.00,16123363
1787944857063,unknown,Stage0-5-0,0,-1,138000000,286000000,70,70280.00,16123363
1787944857064,unknown,Stage0-1-0,0,-1,30250000,47000000,4,4587.41,1051639
1787944857071,unknown,Stage0-6-0,0,-1,127385714,269000000,70,70060.94,16123363
1787944857072,unknown,Stage0-2-0,0,-1,33500000,53000000,4,4514.00,1051927
1787944858054,unknown,Stage0-0-0,0,-1,24500000,42000000,4,4592.00,1060823
1787944858055,unknown,Stage0-4-0,0,-1,122676056,244000000,71,70408.00,16264179
1787944858058,unknown,Stage0-3-0,0,-1,22800000,42000000,5,4587.41,1056231
1787944858058,unknown,Stage0-7-0,0,-1,107157142,220000000,70,70337.66,16193771
1787944858064,unknown,Stage0-5-0,0,-1,131657142,271000000,70,70337.66,16193771
1787944858064,unknown,Stage0-1-0,0,-1,31200000,51000000,5,4592.00,1056231
1787944858072,unknown,Stage0-2-0,0,-1,33400000,55000000,5,4594.00,1056521
1787944858072,unknown,Stage0-6-0,0,-1,123271428,261000000,70,70337.66,16193771
1787944859055,unknown,Stage0-0-0,0,-1,22000000,40000000,5,4587.41,1065415
1787944859055,unknown,Stage0-4-0,0,-1,122414285,272000000,70,70408.00,16334587
1787944859058,unknown,Stage0-3-0,0,-1,23000000,37000000,4,4592.00,1060823
1787944859059,unknown,Stage0-7-0,0,-1,119802816,251000000,71,70337.66,16264179
1787944859064,unknown,Stage0-5-0,0,-1,117943661,258000000,71,70408.00,16264179
1787944859065,unknown,Stage0-1-0,0,-1,32500000,53000000,4,4587.41,1060823
1787944859072,unknown,Stage0-2-0,0,-1,28000000,52000000,5,4605.00,1061126
1787944859072,unknown,Stage0-6-0,0,-1,108295774,247000000,71,70408.00,16264179
1787944860056,unknown,Stage0-4-0,0,-1,185657142,378000000,70,70337.66,16404995
1787944860056,unknown,Stage0-0-0,0,-1,22600000,37000000,5,4587.41,1070007
1787944860058,unknown,Stage0-3-0,0,-1,20000000,35000000,5,4592.00,1065415
1787944860059,unknown,Stage0-7-0,0,-1,218414285,400000000,70,70408.00,16334587
1787944860065,unknown,Stage0-5-0,0,-1,243185714,441000000,70,70337.66,16334587
1787944860065,unknown,Stage0-1-0,0,-1,20000000,33000000,5,4592.00,1065415
1787944860072,unknown,Stage0-6-0,0,-1,199757142,401000000,70,70408.00,16334587
1787944860072,unknown,Stage0-2-0,0,-1,46000000,55000000,4,4289.00,1065415
1787944861056,unknown,Stage0-0-0,0,-1,29750000,41000000,4,4592.00,1074599
1787944861057,unknown,Stage0-4-0,0,-1,114788732,243000000,71,70337.66,16475403
1787944861060,unknown,Stage0-3-0,0,-1,39200000,56000000,5,4582.83,1070007
1787944861060,unknown,Stage0-7-0,0,-1,139614285,265000000,70,70337.66,16404995
1787944861065,unknown,Stage0-5-0,0,-1,144871428,271000000,70,70408.00,16404995
1787944861066,unknown,Stage0-1-0,0,-1,26000000,39000000,5,4587.41,1070007
1787944861072,unknown,Stage0-2-0,0,-1,39200000,56000000,5,4807.00,1070222
1787944861074,unknown,Stage0-6-0,0,-1,96571428,199000000,70,70267.47,16404995
1787944862057,unknown,Stage0-0-0,0,-1,21200000,35000000,5,4587.41,1079191
1787944862058,unknown,Stage0-4-0,0,-1,101428571,217000000,70,70337.66,16545811
1787944862060,unknown,Stage0-3-0,0,-1,29750000,41000000,4,4592.00,1074599
1787944862060,unknown,Stage0-7-0,0,-1,152042253,301000000,71,70408.00,16475403
1787944862065,unknown,Stage0-5-0,0,-1,122732394,245000000,71,70408.00,16475403
1787944862066,unknown,Stage0-1-0,0,-1,23500000,36000000,4,4608.00,1074615
1787944862074,unknown,Stage0-6-0,0,-1,111985915,259000000,71,70408.00,16475403
1787944862080,unknown,Stage0-2-0,0,-1,34000000,48000000,4,4342.26,1074599
1787944863057,unknown,Stage0-0-0,0,-1,23000000,39000000,4,4592.00,1083783
1787944863058,unknown,Stage0-4-0,0,-1,108957746,226000000,71,70408.00,16616219
1787944863060,unknown,Stage0-3-0,0,-1,30200000,51000000,5,4592.00,1079191
1787944863061,unknown,Stage0-7-0,0,-1,129542857,254000000,70,70337.66,16545811
1787944863066,unknown,Stage0-5-0,0,-1,118242857,241000000,70,70337.66,16545811
1787944863066,unknown,Stage0-1-0,0,-1,24600000,39000000,5,4576.00,1079191
1787944863075,unknown,Stage0-6-0,0,-1,117557142,237000000,70,70337.66,16545811
1787944863086,unknown,Stage0-2-0,0,-1,40200000,60000000,5,5119.28,1079749
1787944864058,unknown,Stage0-0-0,0,-1,18200000,34000000,5,4587.41,1088375
1787944864058,unknown,Stage0-4-0,0,-1,87585714,193000000,70,70408.00,16686627
1787944864061,unknown,Stage0-3-0,0,-1,31250000,48000000,4,4587.41,1083783
1787944864061,unknown,Stage0-7-0,0,-1,114239436,216000000,71,70408.00,16616219
1787944864067,unknown,Stage0-5-0,0,-1,112436619,248000000,71,70337.66,16616219
1787944864067,unknown,Stage0-1-0,0,-1,27000000,41000000,4,4587.41,1083783
1787944864075,unknown,Stage0-6-0,0,-1,85732394,215000000,71,70408.00,16616219
1787944864086,unknown,Stage0-2-0,0,-1,30000000,48000000,5,5082.00,1084831
1787944865058,unknown,Stage0-0-0,0,-1,21250000,37000000,4,4592.00,1092967
1787944865059,unknown,Stage0-4-0,0,-1,106704225,230000000,71,70337.66,16757035
1787944865061,unknown,Stage0-3-0,0,-1,20600000,35000000,5,4592.00,1088375
1787944865062,unknown,Stage0-7-0,0,-1,136285714,279000000,70,70337.66,16686627
1787944865068,unknown,Stage0-5-0,0,-1,97442857,209000000,70,70337.66,16686627
1787944865068,unknown,Stage0-1-0,0,-1,22200000,40000000,5,4587.41,1088375
1787944865075,unknown,Stage0-6-0,0,-1,133900000,286000000,70,70408.00,16686627
1787944865086,unknown,Stage0-2-0,0,-1,29000000,49000000,5,4779.00,1089610
1787944866059,unknown,Stage0-4-0,0,-1,140185714,299000000,70,70408.00,16827443
1787944866059,unknown,Stage0-0-0,0,-1,21000000,39000000,5,4587.41,1097559
1787944866061,unknown,Stage0-3-0,0,-1,22500000,39000000,4,4592.00,1092967
1787944866062,unknown,Stage0-7-0,0,-1,158478873,335000000,71,70408.00,16757035
1787944866068,unknown,Stage0-5-0,0,-1,139267605,299000000,71,70408.00,16757035
1787944866068,unknown,Stage0-1-0,0,-1,21500000,35000000,4,4592.00,1092967
1787944866075,unknown,Stage0-6-0,0,-1,153014084,343000000,71,70408.00,16757035
1787944866086,unknown,Stage0-2-0,0,-1,23500000,39000000,4,4168.00,1093778
1787944867059,unknown,Stage0-0-0,0,-1,36800000,63000000,5,4592.00,1102151
1787944867060,unknown,Stage0-4-0,0,-1,178414285,344000000,70,70337.66,16897851
1787944867062,unknown,Stage0-3-0,0,-1,31400000,62000000,5,4587.41,1097559
1787944867062,unknown,Stage0-7-0,0,-1,166457142,337000000,70,70408.00,16827443
1787944867068,unknown,Stage0-5-0,0,-1,168200000,336000000,70,70408.00,16827443
1787944867069,unknown,Stage0-1-0,0,-1,24000000,44000000,5,4587.41,1097559
1787944867086,unknown,Stage0-2-0,0,-1,39250000,58000000,4,4099.00,1097877
1787944867088,unknown,Stage0-6-0,0,-1,174457142,354000000,70,69504.44,16827443
1787944868060,unknown,Stage0-4-0,0,-1,170056338,330000000,71,70417.00,16968268
1787944868060,unknown,Stage0-0-0,0,-1,32250000,52000000,4,4587.41,1106743
1787944868062,unknown,Stage0-3-0,0,-1,45200000,79000000,5,4592.00,1102151
1787944868063,unknown,Stage0-7-0,0,-1,168385714,339000000,70,70337.66,16897851
1787944868069,unknown,Stage0-1-0,0,-1,37200000,64000000,5,4592.00,1102151
1787944868069,unknown,Stage0-5-0,0,-1,199914285,382000000,70,70337.66,16897851
1787944868086,unknown,Stage0-2-0,0,-1,40600000,59000000,5,5089.00,1102966
1787944868088,unknown,Stage0-6-0,0,-1,169661971,333000000,71,70908.00,16898351
1787944869060,unknown,Stage0-0-0,0,-1,30200000,54000000,5,4592.00,1111335
1787944869061,unknown,Stage0-4-0,0,-1,147985714,274000000,70,70328.67,17038667
1787944869062,unknown,Stage0-3-0,0,-1,35250000,55000000,4,4592.00,1106743
1787944869063,unknown,Stage0-7-0,0,-1,148591549,268000000,71,70408.00,16968259
1787944869069,unknown,Stage0-5-0,0,-1,162408450,288000000,71,70408.00,16968259
1787944869070,unknown,Stage0-1-0,0,-1,31000000,47000000,4,4587.41,1106743
1787944869086,unknown,Stage0-2-0,0,-1,31600000,57000000,5,4562.00,1107528
1787944869088,unknown,Stage0-6-0,0,-1,144875000,273000000,72,72542.00,16970893
1787944870060,unknown,Stage0-0-0,0,-1,25500000,40000000,4,4592.00,1115927
1787944870061,unknown,Stage0-4-0,0,-1,110845070,219000000,71,70408.00,17109075
1787944870063,unknown,Stage0-3-0,0,-1,32200000,57000000,5,4587.41,1111335
1787944870064,unknown,Stage0-7-0,0,-1,115857142,236000000,70,70337.66,17038667
1787944870069,unknown,Stage0-5-0,0,-1,108442857,201000000,70,70408.00,17038667
1787944870070,unknown,Stage0-1-0,0,-1,30200000,52000000,5,4594.00,1111337
1787944870086,unknown,Stage0-2-0,0,-1,28800000,44000000,5,4935.00,1112463
1787944870088,unknown,Stage0-6-0,0,-1,111253521,241000000,71,70118.00,17041011
1787944871061,unknown,Stage0-0-0,0,-1,25000000,42000000,5,4587.41,1120519
1787944871061,unknown,Stage0-4-0,0,-1,120814285,245000000,70,70408.00,17179483
1787944871063,unknown,Stage0-3-0,0,-1,22000000,38000000,4,4592.00,1115927
1787944871064,unknown,Stage0-7-0,0,-1,126028169,249000000,71,70408.00,17109075
1787944871070,unknown,Stage0-5-0,0,-1,108028169,229000000,71,70337.66,17109075
1787944871071,unknown,Stage0-1-0,0,-1,14250000,20000000,4,4585.41,1115927
1787944871086,unknown,Stage0-2-0,0,-1,19750000,33000000,4,4283.00,1116746
1787944871088,unknown,Stage0-6-0,0,-1,109362318,228000000,69,69731.00,17110742
1787944872062,unknown,Stage0-0-0,0,-1,27600000,50000000,5,4587.41,1125111
1787944872062,unknown,Stage0-4-0,0,-1,127957142,235000000,70,70337.66,17249891
1787944872064,unknown,Stage0-3-0,0,-1,21800000,42000000,5,4587.41,1120519
1787944872064,unknown,Stage0-7-0,0,-1,127542857,237000000,70,70408.00,17179483
1787944872070,unknown,Stage0-5-0,0,-1,133842857,247000000,70,70408.00,17179483
1787944872071,unknown,Stage0-1-0,0,-1,18800000,32000000,5,4592.00,1120519
1787944872086,unknown,Stage0-2-0,0,-1,23000000,37000000,5,4536.00,1121282
1787944872088,unknown,Stage0-6-0,0,-1,117028169,220000000,71,70882.00,17181624
1787944873062,unknown,Stage0-0-0,0,-1,19250000,32000000,4,4592.00,1129703
1787944873063,unknown,Stage0-4-0,0,-1,127422535,257000000,71,70337.66,17320299
1787944873065,unknown,Stage0-3-0,0,-1,28400000,48000000,5,4587.41,1125111
1787944873065,unknown,Stage0-7-0,0,-1,113242857,230000000,70,70337.66,17249891
1787944873071,unknown,Stage0-5-0,0,-1,133628571,263000000,70,70337.66,17249891
1787944873072,unknown,Stage0-1-0,0,-1,28800000,46000000,5,4587.41,1125111
1787944873086,unknown,Stage0-2-0,0,-1,35750000,46000000,4,4547.00,1125829
1787944873088,unknown,Stage0-6-0,0,-1,106154929,234000000,71,70394.00,17252018
1787944874063,unknown,Stage0-0-0,0,-1,18400000,33000000,5,4587.41,1134295
1787944874063,unknown,Stage0-4-0,0,-1,112114285,219000000,70,70408.00,17390707
1787944874065,unknown,Stage0-3-0,0,-1,32750000,48000000,4,4592.00,1129703
1787944874066,unknown,Stage0-7-0,0,-1,120183098,242000000,71,70337.66,17320299
1787944874072,unknown,Stage0-5-0,0,-1,136901408,264000000,71,70337.66,17320299
1787944874072,unknown,Stage0-1-0,0,-1,31750000,44000000,4,4592.00,1129703
1787944874086,unknown,Stage0-2-0,0,-1,21400000,34000000,5,4786.00,1130615
1787944874088,unknown,Stage0-6-0,0,-1,115771428,235000000,70,70394.00,17322412
1787944875064,unknown,Stage0-0-0,0,-1,21000000,34000000,4,4587.41,1138887
1787944875064,unknown,Stage0-4-0,0,-1,119028169,260000000,71,70337.66,17461115
1787944875065,unknown,Stage0-3-0,0,-1,26000000,46000000,5,4592.00,1134295
1787944875066,unknown,Stage0-7-0,0,-1,149714285,295000000,70,70408.00,17390707
1787944875072,unknown,Stage0-1-0,0,-1,28600000,46000000,5,4592.00,1134295
1787944875073,unknown,Stage0-5-0,0,-1,162442857,299000000,70,70337.66,17390707
1787944875086,unknown,Stage0-2-0,0,-1,32250000,54000000,4,4317.00,1134932
1787944875091,unknown,Stage0-6-0,0,-1,110397058,211000000,68,68090.73,17390707
1787944876064,unknown,Stage0-4-0,0,-1,147200000,277000000,70,70408.00,17531523
1787944876064,unknown,Stage0-0-0,0,-1,22800000,40000000,5,4592.00,1143479
1787944876066,unknown,Stage0-3-0,0,-1,32500000,48000000,4,4587.41,1138887
1787944876066,unknown,Stage0-7-0,0,-1,139366197,248000000,71,70408.00,17461115
1787944876072,unknown,Stage0-1-0,0,-1,28000000,42000000,4,4592.00,1138887
1787944876073,unknown,Stage0-5-0,0,-1,128281690,252000000,71,70569.00,17461276
1787944876086,unknown,Stage0-2-0,0,-1,20000000,38000000,5,4546.00,1139478
1787944876091,unknown,Stage0-6-0,0,-1,149111111,285000000,72,71735.00,17462442
1787944877065,unknown,Stage0-0-0,0,-1,37200000,61000000,5,4587.41,1148071
1787944877065,unknown,Stage0-4-0,0,-1,161057142,307000000,70,70337.66,17601931
1787944877067,unknown,Stage0-3-0,0,-1,36000000,66000000,5,4587.41,1143479
1787944877067,unknown,Stage0-7-0,0,-1,193271428,370000000,70,70337.66,17531523
1787944877073,unknown,Stage0-5-0,0,-1,178957142,337000000,70,70362.00,17531638
1787944877073,unknown,Stage0-1-0,0,-1,29800000,51000000,5,4587.41,1143479
1787944877086,unknown,Stage0-2-0,0,-1,33600000,59000000,5,4783.00,1144261
1787944877091,unknown,Stage0-6-0,0,-1,183185714,364000000,70,70393.00,17532835
1787944878065,unknown,Stage0-0-0,0,-1,30000000,45000000,4,4592.00,1152663
1787944878066,unknown,Stage0-4-0,0,-1,154154929,290000000,71,70337.66,17672339
1787944878067,unknown,Stage0-3-0,0,-1,38800000,66000000,5,4592.00,1148071
1787944878068,unknown,Stage0-7-0,0,-1,136142857,257000000,70,70337.66,17601931
1787944878073,unknown,Stage0-5-0,0,-1,129671428,257000000,70,70293.00,17601931
1787944878080,unknown,Stage0-1-0,0,-1,28600000,48000000,5,4560.08,1148071
1787944878086,unknown,Stage0-2-0,0,-1,31750000,43000000,4,3958.00,1148219
1787944878091,unknown,Stage0-6-0,0,-1,117471428,245000000,70,70097.00,17602932
1787944879066,unknown,Stage0-0-0,0,-1,21200000,37000000,5,4587.41,1157255
1787944879066,unknown,Stage0-4-0,0,-1,101114285,219000000,70,70408.00,17742747
1787944879067,unknown,Stage0-3-0,0,-1,29750000,45000000,4,4592.00,1152663
1787944879068,unknown,Stage0-7-0,0,-1,123985915,247000000,71,70408.00,17672339
1787944879080,unknown,Stage0-1-0,0,-1,30800000,50000000,5,4932.00,1153003
1787944879080,unknown,Stage0-5-0,0,-1,132619718,252000000,71,69918.57,17672339
1787944879086,unknown,Stage0-2-0,0,-1,27000000,48000000,5,5120.00,1153339
1787944879091,unknown,Stage0-6-0,0,-1,117500000,245000000,72,71082.00,17674014
1787944880066,unknown,Stage0-0-0,0,-1,22000000,35000000,4,4592.00,1161847
1787944880067,unknown,Stage0-4-0,0,-1,148408450,303000000,71,70337.66,17813155
1787944880068,unknown,Stage0-3-0,0,-1,24400000,46000000,5,4587.41,1157255
1787944880069,unknown,Stage0-7-0,0,-1,165100000,316000000,70,70337.66,17742747
1787944880080,unknown,Stage0-1-0,0,-1,39000000,53000000,4,4546.00,1157549
1787944880080,unknown,Stage0-5-0,0,-1,134183098,258000000,71,71408.00,17743747
1787944880086,unknown,Stage0-2-0,0,-1,25500000,35000000,4,4568.00,1157907
1787944880091,unknown,Stage0-6-0,0,-1,115573529,238000000,68,68901.00,17742915
1787944881067,unknown,Stage0-0-0,0,-1,19800000,34000000,5,4587.41,1166439
1787944881067,unknown,Stage0-4-0,0,-1,96071428,225000000,70,70408.00,17883563
1787944881069,unknown,Stage0-7-0,0,-1,117408450,245000000,71,70409.00,17813156
1787944881069,unknown,Stage0-3-0,0,-1,25250000,39000000,4,4587.41,1161847
1787944881080,unknown,Stage0-1-0,0,-1,23400000,43000000,5,4733.00,1162282
1787944881080,unknown,Stage0-5-0,0,-1,117309859,232000000,71,70408.00,17814155
1787944881086,unknown,Stage0-2-0,0,-1,18200000,35000000,5,4368.00,1162275
1787944881091,unknown,Stage0-6-0,0,-1,95194444,207000000,72,71865.00,17814780
1787944882067,unknown,Stage0-0-0,0,-1,24800000,40000000,5,4592.00,1171031
1787944882068,unknown,Stage0-4-0,0,-1,105714285,234000000,70,70337.66,17953971
1787944882069,unknown,Stage0-3-0,0,-1,23200000,44000000,5,4592.00,1166439
1787944882070,unknown,Stage0-7-0,0,-1,140785714,286000000,70,70336.66,17883563
1787944882080,unknown,Stage0-5-0,0,-1,97385714,206000000,70,70374.00,17884529
1787944882080,unknown,Stage0-1-0,0,-1,27000000,40000000,4,4606.00,1166888
1787944882086,unknown,Stage0-2-0,0,-1,33750000,48000000,4,4628.00,1166903
1787944882091,unknown,Stage0-6-0,0,-1,121285714,278000000,70,69926.00,17884706
1787944883068,unknown,Stage0-0-0,0,-1,22500000,34000000,4,4587.41,1175623
1787944883069,unknown,Stage0-4-0,0,-1,101746478,215000000,71,70337.66,18024379
1787944883070,unknown,Stage0-3-0,0,-1,33000000,56000000,5,4587.41,1171031
1787944883070,unknown,Stage0-7-0,0,-1,105200000,241000000,70,70408.00,17953971
1787944883080,unknown,Stage0-5-0,0,-1,123333333,262000000,69,69442.00,17953971
1787944883086,unknown,Stage0-2-0,0,-1,27600000,44000000,5,4402.00,1171305
1787944883087,unknown,Stage0-1-0,0,-1,19400000,31000000,5,4114.20,1171031
1787944883091,unknown,Stage0-6-0,0,-1,97785714,210000000,70,69714.00,17954420
1787944884069,unknown,Stage0-0-0,0,-1,26400000,45000000,5,4587.41,1180215
1787944884069,unknown,Stage0-4-0,0,-1,110371428,229000000,70,70408.00,18094787
1787944884070,unknown,Stage0-3-0,0,-1,34250000,52000000,4,4592.00,1175623
1787944884071,unknown,Stage0-7-0,0,-1,168281690,333000000,71,70337.66,18024379
1787944884086,unknown,Stage0-2-0,0,-1,22000000,30000000,4,4580.00,1175885
1787944884087,unknown,Stage0-1-0,0,-1,31250000,42000000,4,4771.00,1175802
1787944884088,unknown,Stage0-5-0,0,-1,114225352,222000000,71,69849.21,18024379
1787944884092,unknown,Stage0-6-0,0,-1,155657142,315000000,70,69889.11,18024379
1787944885069,unknown,Stage0-0-0,0,-1,32750000,49000000,4,4592.00,1184807
1787944885069,unknown,Stage0-4-0,0,-1,111070422,217000000,71,70408.00,18165195
1787944885070,unknown,Stage0-3-0,0,-1,31000000,54000000,5,4592.00,1180215
1787944885071,unknown,Stage0-7-0,0,-1,105857142,219000000,70,70408.00,18094787
1787944885086,unknown,Stage0-2-0,0,-1,23800000,40000000,5,4516.00,1180401
1787944885087,unknown,Stage0-1-0,0,-1,33800000,50000000,5,5113.00,1180915
1787944885088,unknown,Stage0-5-0,0,-1,157263888,304000000,72,72527.00,18096906
1787944885092,unknown,Stage0-6-0,0,-1,152098591,305000000,71,71202.00,18095581
1787944886070,unknown,Stage0-0-0,0,-1,19200000,34000000,5,4587.41,1189399
1787944886070,unknown,Stage0-4-0,0,-1,110114285,239000000,70,70337.66,18235603
1787944886070,unknown,Stage0-3-0,0,-1,28500000,48000000,4,4592.00,1184807
1787944886071,unknown,Stage0-7-0,0,-1,113985915,234000000,71,70408.00,18165195
1787944886086,unknown,Stage0-2-0,0,-1,22800000,39000000,5,4657.00,1185058
1787944886087,unknown,Stage0-1-0,0,-1,21800000,41000000,5,4567.00,1185482
1787944886090,unknown,Stage0-5-0,0,-1,117514285,230000000,70,69107.78,18166152
1787944886092,unknown,Stage0-6-0,0,-1,102126760,213000000,71,70893.00,18166474
1787944887070,unknown,Stage0-0-0,0,-1,26750000,43000000,4,4592.00,1193991
1787944887071,unknown,Stage0-4-0,0,-1,114436619,235000000,71,70337.66,18306011
1787944887071,unknown,Stage0-3-0,0,-1,29000000,56000000,5,4587.41,1189399
1787944887072,unknown,Stage0-7-0,0,-1,153957142,305000000,70,70337.66,18235603
1787944887086,unknown,Stage0-2-0,0,-1,30000000,43000000,4,4556.00,1189614
1787944887087,unknown,Stage0-1-0,0,-1,26800000,44000000,5,4619.00,1190101
1787944887090,unknown,Stage0-5-0,0,-1,163930555,316000000,72,71947.00,18238099
1787944887092,unknown,Stage0-6-0,0,-1,119666666,240000000,69,69252.00,18235726
1787944888071,unknown,Stage0-0-0,0,-1,22800000,40000000,5,4587.41,1198583
1787944888072,unknown,Stage0-4-0,0,-1,112371428,224000000,70,70337.66,18376419
1787944888072,unknown,Stage0-3-0,0,-1,25250000,43000000,4,4587.41,1193991
1787944888073,unknown,Stage0-7-0,0,-1,120140845,238000000,71,70337.66,18306011
1787944888086,unknown,Stage0-2-0,0,-1,21400000,40000000,5,4440.00,1194054
1787944888087,unknown,Stage0-1-0,0,-1,25250000,41000000,4,4491.00,1194592
1787944888090,unknown,Stage0-5-0,0,-1,110114285,222000000,70,70120.00,18308219
1787944888092,unknown,Stage0-6-0,0,-1,131042253,280000000,71,71090.00,18306816
1787944889072,unknown,Stage0-4-0,0,-1,146985714,292000000,70,70408.00,18446827
1787944889072,unknown,Stage0-3-0,0,-1,25000000,48000000,5,4592.00,1198583
1787944889072,unknown,Stage0-0-0,0,-1,24600000,45000000,5,4587.41,1203175
1787944889074,unknown,Stage0-7-0,0,-1,140000000,288000000,70,70337.66,18376419
1787944889086,unknown,Stage0-2-0,0,-1,28750000,42000000,4,4607.00,1198661
1787944889088,unknown,Stage0-1-0,0,-1,28000000,39000000,4,3987.01,1198583
1787944889090,unknown,Stage0-5-0,0,-1,95485714,198000000,70,70170.00,18378389
1787944889092,unknown,Stage0-6-0,0,-1,100873239,206000000,71,70341.00,18377157
1787944890072,unknown,Stage0-0-0,0,-1,24250000,34000000,4,4592.00,1207767
1787944890072,unknown,Stage0-4-0,0,-1,143971830,288000000,71,70408.00,18517235
1787944890073,unknown,Stage0-3-0,0,-1,38600000,63000000,5,4587.41,1203175
1787944890080,unknown,Stage0-7-0,0,-1,152842857,294000000,70,69988.07,18446827
1787944890086,unknown,Stage0-2-0,0,-1,24000000,38000000,5,4587.00,1203248
1787944890088,unknown,Stage0-1-0,0,-1,34200000,47000000,5,5406.00,1203989
1787944890090,unknown,Stage0-5-0,0,-1,102098591,211000000,71,71073.00,18449462
1787944890092,unknown,Stage0-6-0,0,-1,100328571,220000000,70,70348.00,18447505
1787944891073,unknown,Stage0-0-0,0,-1,20400000,35000000,5,4587.41,1212359
1787944891073,unknown,Stage0-4-0,0,-1,133685714,297000000,70,70337.66,18587643
1787944891074,unknown,Stage0-3-0,0,-1,25250000,41000000,4,4587.41,1207767
1787944891080,unknown,Stage0-7-0,0,-1,112333333,225000000,72,71408.00,18518235
1787944891086,unknown,Stage0-2-0,0,-1,23500000,38000000,4,4589.00,1207837
1787944891088,unknown,Stage0-1-0,0,-1,21500000,31000000,4,3778.00,1207767
1787944891090,unknown,Stage0-5-0,0,-1,144142857,301000000,70,69773.00,18519235
1787944891097,unknown,Stage0-6-0,0,-1,106657142,221000000,70,69569.15,18517422
1787944892073,unknown,Stage0-0-0,0,-1,21000000,37000000,4,4592.00,1216951
1787944892074,unknown,Stage0-4-0,0,-1,155507042,318000000,71,70337.66,18658051
1787944892074,unknown,Stage0-3-0,0,-1,40800000,64000000,5,4592.00,1212359
1787944892080,unknown,Stage0-7-0,0,-1,137352112,255000000,71,70843.00,18589078
1787944892086,unknown,Stage0-2-0,0,-1,23000000,37000000,5,4560.00,1212397
1787944892088,unknown,Stage0-1-0,0,-1,35800000,56000000,5,5088.00,1212855
1787944892091,unknown,Stage0-5-0,0,-1,133642857,289000000,70,70217.78,18589523
1787944892097,unknown,Stage0-6-0,0,-1,121000000,241000000,70,70458.00,18587880
1787944893074,unknown,Stage0-0-0,0,-1,21200000,41000000,5,4587.41,1221543
1787944893074,unknown,Stage0-4-0,0,-1,111757142,217000000,70,70408.00,18728459
1787944893075,unknown,Stage0-3-0,0,-1,42500000,61000000,4,4587.41,1216951
1787944893080,unknown,Stage0-7-0,0,-1,169828571,329000000,70,69926.00,18659004
1787944893086,unknown,Stage0-2-0,0,-1,21750000,32000000,4,4579.00,1216976
1787944893088,unknown,Stage0-1-0,0,-1,23400000,47000000,5,4571.00,1217426
1787944893094,unknown,Stage0-5-0,0,-1,154128571,307000000,70,70155.53,18659889
1787944893097,unknown,Stage0-6-0,0,-1,104375000,212000000,72,71317.00,18659197
1787944894074,unknown,Stage0-0-0,0,-1,21400000,35000000,5,4592.00,1226135
1787944894074,unknown,Stage0-4-0,0,-1,121114285,251000000,70,70408.00,18798867
1787944894075,unknown,Stage0-3-0,0,-1,31600000,61000000,5,4592.00,1221543
1787944894080,unknown,Stage0-7-0,0,-1,149000000,281000000,70,70567.00,18729571
1787944894086,unknown,Stage0-2-0,0,-1,18200000,31000000,5,4567.00,1221543
1787944894088,unknown,Stage0-1-0,0,-1,26600000,46000000,5,4661.00,1222087
1787944894094,unknown,Stage0-5-0,0,-1,123971830,249000000,71,70785.00,18730674
1787944894097,unknown,Stage0-6-0,0,-1,107200000,231000000,70,70579.00,18729776
1787944895074,unknown,Stage0-0-0,0,-1,21250000,31000000,4,4592.00,1230727
1787944895075,unknown,Stage0-4-0,0,-1,113971830,231000000,71,70337.66,18869275
1787944895076,unknown,Stage0-3-0,0,-1,29800000,51000000,5,4587.41,1226135
1787944895080,unknown,Stage0-7-0,0,-1,136542857,270000000,70,69843.00,18799414
1787944895086,unknown,Stage0-2-0,0,-1,21600000,36000000,5,4592.00,1226135
1787944895088,unknown,Stage0-1-0,0,-1,27000000,38000000,4,4628.00,1226715
1787944895094,unknown,Stage0-5-0,0,-1,133157142,252000000,70,69537.00,18800211
1787944895097,unknown,Stage0-6-0,0,-1,139485714,288000000,70,69949.00,18799725
1787944896075,unknown,Stage0-0-0,0,-1,20400000,38000000,5,4587.41,1235319
1787944896075,unknown,Stage0-4-0,0,-1,99814285,210000000,70,70408.00,18939683
1787944896076,unknown,Stage0-3-0,0,-1,30000000,44000000,4,4592.00,1230727
1787944896080,unknown,Stage0-7-0,0,-1,169690140,318000000,71,70591.00,18870005
1787944896088,unknown,Stage0-1-0,0,-1,21000000,39000000,5,4386.00,1231101
1787944896089,unknown,Stage0-2-0,0,-1,19250000,30000000,4,4578.27,1230727
1787944896094,unknown,Stage0-5-0,0,-1,162746478,316000000,71,71318.00,18871529
1787944896097,unknown,Stage0-6-0,0,-1,102535211,225000000,71,70646.00,18870371
1787944897076,unknown,Stage0-0-0,0,-1,21250000,33000000,4,4587.41,1239911
1787944897077,unknown,Stage0-4-0,0,-1,127450704,284000000,71,70267.47,19010091
1787944897077,unknown,Stage0-3-0,0,-1,26600000,48000000,5,4587.41,1235319
1787944897080,unknown,Stage0-7-0,0,-1,155585714,315000000,70,70026.00,18940031
1787944897088,unknown,Stage0-1-0,0,-1,34250000,47000000,4,4622.00,1235723
1787944897090,unknown,Stage0-2-0,0,-1,23000000,36000000,5,4587.41,1235319
1787944897094,unknown,Stage0-5-0,0,-1,117788732,233000000,71,70497.00,18942026
1787944897097,unknown,Stage0-6-0,0,-1,113171428,239000000,70,70561.00,18940932
1787944898077,unknown,Stage0-0-0,0,-1,19800000,37000000,5,4587.41,1244503
1787944898078,unknown,Stage0-4-0,0,-1,109971428,232000000,70,70337.66,19080499
1787944898078,unknown,Stage0-3-0,0,-1,28000000,47000000,4,4587.41,1239911
1787944898080,unknown,Stage0-7-0,0,-1,143900000,278000000,70,70295.00,19010326
1787944898090,unknown,Stage0-2-0,0,-1,23250000,35000000,4,4592.00,1239911
1787944898092,unknown,Stage0-1-0,0,-1,26500000,42000000,4,4171.31,1239911
1787944898097,unknown,Stage0-6-0,0,-1,123314285,260000000,70,69274.00,19010206
1787944898099,unknown,Stage0-5-0,0,-1,123376811,262000000,69,68949.25,19011320
1787944899077,unknown,Stage0-0-0,0,-1,21600000,37000000,5,4593.00,1249096
1787944899078,unknown,Stage0-3-0,0,-1,39600000,65000000,5,4592.00,1244503
1787944899078,unknown,Stage0-4-0,0,-1,185357142,531000000,70,70408.00,19150907
1787944899080,unknown,Stage0-7-0,0,-1,186685714,539000000,70,70203.00,19080529
1787944899090,unknown,Stage0-2-0,0,-1,22400000,36000000,5,4621.00,1244532
1787944899092,unknown,Stage0-1-0,0,-1,30600000,45000000,5,4592.00,1244503
1787944899097,unknown,Stage0-6-0,0,-1,141685714,457000000,70,70293.00,19080499
1787944899099,unknown,Stage0-5-0,0,-1,156788732,499000000,71,70843.00,19082163
1787944900077,unknown,Stage0-0-0,0,-1,19750000,28000000,4,4591.00,1253687
1787944900078,unknown,Stage0-4-0,0,-1,142985915,317000000,71,70408.00,19221315
1787944900078,unknown,Stage0-3-0,0,-1,27800000,49000000,5,4592.00,1249095
1787944900080,unknown,Stage0-7-0,0,-1,147800000,307000000,70,70378.00,19150907
1787944900090,unknown,Stage0-2-0,0,-1,23200000,37000000,5,4563.00,1249095
1787944900092,unknown,Stage0-1-0,0,-1,40200000,60000000,5,5096.00,1249599
1787944900097,unknown,Stage0-6-0,0,-1,109704225,248000000,71,70830.00,19151329
1787944900099,unknown,Stage0-5-0,0,-1,111605633,244000000,71,71070.00,19153233
1787944901078,unknown,Stage0-0-0,0,-1,24000000,44000000,5,4587.41,1258279
1787944901079,unknown,Stage0-4-0,0,-1,181871428,380000000,70,70337.66,19291723
1787944901079,unknown,Stage0-3-0,0,-1,32250000,54000000,4,4587.41,1253687
1787944901080,unknown,Stage0-7-0,0,-1,176140845,364000000,71,70408.00,19221315
1787944901092,unknown,Stage0-1-0,0,-1,29400000,57000000,5,4436.00,1254035
1787944901092,unknown,Stage0-2-0,0,-1,31250000,46000000,4,4582.83,1253687
1787944901097,unknown,Stage0-6-0,0,-1,180242857,349000000,70,70436.00,19221765
1787944901099,unknown,Stage0-5-0,0,-1,177814285,350000000,70,70082.00,19223315
1787944902078,unknown,Stage0-0-0,0,-1,27250000,42000000,4,4592.00,1262871
1787944902079,unknown,Stage0-4-0,0,-1,229098591,443000000,71,70408.00,19362131
1787944902079,unknown,Stage0-3-0,0,-1,32800000,58000000,5,4592.00,1258279
1787944902080,unknown,Stage0-7-0,0,-1,257500000,469000000,70,70408.00,19291723
1787944902092,unknown,Stage0-1-0,0,-1,46750000,68000000,4,4567.00,1258602
1787944902092,unknown,Stage0-2-0,0,-1,34000000,53000000,5,4606.00,1258293
1787944902097,unknown,Stage0-6-0,0,-1,174542857,347000000,70,70168.00,19291933
1787944902099,unknown,Stage0-5-0,0,-1,167500000,332000000,70,70297.00,19293612
1787944903079,unknown,Stage0-0-0,0,-1,23800000,42000000,5,4587.41,1267463
1787944903080,unknown,Stage0-4-0,0,-1,186142857,357000000,70,70337.66,19432539
1787944903080,unknown,Stage0-3-0,0,-1,34250000,58000000,4,4587.41,1262871
1787944903082,unknown,Stage0-7-0,0,-1,199394366,387000000,71,70267.47,19362131
1787944903092,unknown,Stage0-1-0,0,-1,25600000,49000000,5,4464.00,1263066
1787944903092,unknown,Stage0-2-0,0,-1,36000000,53000000,4,4578.00,1262871
1787944903097,unknown,Stage0-6-0,0,-1,174690140,350000000,71,70386.00,19362319
1787944903099,unknown,Stage0-5-0,0,-1,167014084,337000000,71,70393.00,19364005
1787944904079,unknown,Stage0-0-0,0,-1,30600000,52000000,5,4592.00,1272055
1787944904080,unknown,Stage0-4-0,0,-1,181728571,356000000,70,70408.00,19502947
1787944904081,unknown,Stage0-3-0,0,-1,35000000,65000000,5,4587.41,1267463
1787944904082,unknown,Stage0-7-0,0,-1,172385714,346000000,70,70408.00,19432539
1787944904092,unknown,Stage0-1-0,0,-1,36250000,53000000,4,4598.00,1267664
1787944904092,unknown,Stage0-2-0,0,-1,27400000,47000000,5,4592.00,1267463
1787944904097,unknown,Stage0-6-0,0,-1,184228571,362000000,70,70220.00,19432539
1787944904099,unknown,Stage0-5-0,0,-1,169942857,338000000,70,70250.00,19434255
1787944905079,unknown,Stage0-0-0,0,-1,31250000,46000000,4,4592.00,1276647
1787944905080,unknown,Stage0-4-0,0,-1,173338028,329000000,71,70408.00,19573355
1787944905081,unknown,Stage0-3-0,0,-1,41000000,68000000,5,4592.00,1272055
1787944905082,unknown,Stage0-7-0,0,-1,181442857,318000000,70,70408.00,19502947
1787944905092,unknown,Stage0-1-0,0,-1,33000000,53000000,5,4648.00,1272312
1787944905093,unknown,Stage0-2-0,0,-1,34600000,59000000,5,4587.41,1272055
1787944905097,unknown,Stage0-6-0,0,-1,151285714,275000000,70,70408.00,19502947
1787944905099,unknown,Stage0-5-0,0,-1,159785714,293000000,70,70470.00,19504725
1787944906081,unknown,Stage0-0-0,0,-1,26200000,39000000,5,4582.83,1281239
1787944906081,unknown,Stage0-4-0,0,-1,138414285,299000000,70,70337.66,19643763
1787944906081,unknown,Stage0-3-0,0,-1,26500000,40000000,4,4592.00,1276647
1787944906082,unknown,Stage0-7-0,0,-1,118338028,224000000,71,70408.00,19573355
1787944906092,unknown,Stage0-1-0,0,-1,32250000,50000000,4,4528.00,1276840
1787944906093,unknown,Stage0-2-0,0,-1,30000000,39000000,4,4615.00,1276670
1787944906099,unknown,Stage0-5-0,0,-1,124436619,266000000,71,70431.00,19575156
1787944906100,unknown,Stage0-6-0,0,-1,113619718,238000000,71,70197.41,19573355
1787944907081,unknown,Stage0-0-0,0,-1,21500000,36000000,4,4592.00,1285831
1787944907082,unknown,Stage0-4-0,0,-1,144732394,304000000,71,70337.66,19714171
1787944907082,unknown,Stage0-3-0,0,-1,28200000,49000000,5,4587.41,1281239
1787944907083,unknown,Stage0-7-0,0,-1,121471428,235000000,70,70337.66,19643763
1787944907092,unknown,Stage0-1-0,0,-1,26400000,41000000,5,4624.00,1281464
1787944907095,unknown,Stage0-2-0,0,-1,20200000,32000000,5,4559.88,1281239
1787944907099,unknown,Stage0-5-0,0,-1,148347826,311000000,69,69059.00,19644215
1787944907100,unknown,Stage0-6-0,0,-1,121760563,247000000,71,70825.00,19644180
1787944908081,unknown,Stage0-0-0,0,-1,7500000,12000000,2,1531.00,1287362
1787944908082,unknown,Stage0-4-0,0,-1,46652173,75000000,23,23469.00,19737640
1787944908082,unknown,Stage0-3-0,0,-1,30500000,53000000,4,4592.00,1285831
1787944908083,unknown,Stage0-7-0,0,-1,148042253,280000000,71,70408.00,19714171
1787944908092,unknown,Stage0-1-0,0,-1,15200000,26000000,5,4584.00,1286048
1787944908095,unknown,Stage0-2-0,0,-1,20000000,26000000,4,4681.00,1285920
1787944908099,unknown,Stage0-5-0,0,-1,144625000,270000000,72,72075.00,19716290
1787944908100,unknown,Stage0-6-0,0,-1,118514285,251000000,70,70242.00,19714422
1787944909082,unknown,Stage0-0-0,0,-1,7000000,7000000,1,1529.47,1288893
1787944909083,unknown,Stage0-4-0,0,-1,34833333,61000000,24,23445.55,19761109
1787944909083,unknown,Stage0-3-0,0,-1,10000000,16000000,2,1529.47,1287362
1787944909084,unknown,Stage0-7-0,0,-1,34173913,54000000,23,23445.55,19737640
1787944909092,unknown,Stage0-1-0,0,-1,15000000,15000000,1,1463.00,1287511
1787944909095,unknown,Stage0-2-0,0,-1,10000000,16000000,2,1505.00,1287425
1787944909099,unknown,Stage0-5-0,0,-1,37913043,64000000,23,23051.00,19739341
1787944909100,unknown,Stage0-6-0,0,-1,36347826,59000000,23,23509.00,19737931
1787944910083,unknown,Stage0-0-0,0,-1,7000000,11000000,2,1529.47,1290424
1787944910083,unknown,Stage0-3-0,0,-1,7000000,7000000,1,1531.00,1288893
1787944910084,unknown,Stage0-4-0,0,-1,44000000,81000000,23,23445.55,19784578
1787944910084,unknown,Stage0-7-0,0,-1,49458333,90000000,24,23469.00,19761109
1787944910092,unknown,Stage0-1-0,0,-1,7000000,7000000,1,1476.00,1288987
1787944910096,unknown,Stage0-2-0,0,-1,10000000,10000000,1,1466.53,1288893
1787944910099,unknown,Stage0-5-0,0,-1,40347826,63000000,23,23383.00,19762724
1787944910100,unknown,Stage0-6-0,0,-1,37333333,65000000,24,23178.00,19761109
1787944911083,unknown,Stage0-0-0,0,-1,6000000,6000000,1,1566.00,1291990
1787944911084,unknown,Stage0-4-0,0,-1,40250000,68000000,24,23595.00,19808173
1787944911084,unknown,Stage0-3-0,0,-1,7000000,12000000,2,1529.47,1290424
1787944911085,unknown,Stage0-7-0,0,-1,36739130,58000000,23,23445.55,19784578
1787944911092,unknown,Stage0-1-0,0,-1,9000000,15000000,2,1515.00,1290502
1787944911096,unknown,Stage0-2-0,0,-1,11000000,17000000,2,1623.00,1290516
1787944911099,unknown,Stage0-5-0,0,-1,50833333,84000000,24,23731.00,19786455
1787944911101,unknown,Stage0-6-0,0,-1,46826086,78000000,23,23445.55,19784578
1787944912083,unknown,Stage0-0-0,0,-1,6000000,10000000,2,1496.00,1293486
1787944912084,unknown,Stage0-4-0,0,-1,34695652,58000000,23,23343.00,19831516
1787944912085,unknown,Stage0-7-0,0,-1,37458333,59000000,24,23469.00,19808047
1787944912085,unknown,Stage0-3-0,0,-1,7000000,7000000,1,1529.47,1291955
1787944912093,unknown,Stage0-1-0,0,-1,8000000,8000000,1,1451.55,1291955
1787944912097,unknown,Stage0-2-0,0,-1,8000000,8000000,1,1437.56,1291955
1787944912099,unknown,Stage0-5-0,0,-1,31130434,54000000,23,22570.00,19809025
1787944912101,unknown,Stage0-6-0,0,-1,37208333,63000000,24,23581.00,19808159
1787944913084,unknown,Stage0-0-0,0,-1,13000000,19000000,2,1529.47,1295017
1787944913085,unknown,Stage0-4-0,0,-1,41086956,74000000,23,23445.55,19854985
1787944913085,unknown,Stage0-3-0,0,-1,8000000,14000000,2,1531.00,1293486
1787944913085,unknown,Stage0-7-0,0,-1,49608695,91000000,23,23469.00,19831516
1787944913095,unknown,Stage0-1-0,0,-1,9000000,14000000,2,1527.94,1293486
1787944913098,unknown,Stage0-2-0,0,-1,9500000,14000000,2,1529.47,1293486
1787944913099,unknown,Stage0-5-0,0,-1,50086956,88000000,23,23744.00,19832769
1787944913101,unknown,Stage0-6-0,0,-1,44608695,80000000,23,23374.00,19831533
1787944914084,unknown,Stage0-0-0,0,-1,14000000,14000000,1,1531.00,1296548
1787944914085,unknown,Stage0-3-0,0,-1,14500000,21000000,2,1531.00,1295017
1787944914085,unknown,Stage0-4-0,0,-1,32208333,56000000,24,23469.00,19878454
1787944914086,unknown,Stage0-7-0,0,-1,45608695,86000000,23,23445.55,19854985
1787944914099,unknown,Stage0-5-0,0,-1,35041666,58000000,24,23642.00,19856411
1787944914099,unknown,Stage0-1-0,0,-1,14000000,19000000,2,1524.90,1295017
1787944914099,unknown,Stage0-2-0,0,-1,14500000,19000000,2,1529.47,1295017
1787944914101,unknown,Stage0-6-0,0,-1,49304347,88000000,23,23452.00,19854985
1787944915085,unknown,Stage0-0-0,0,-1,10000000,14000000,2,1529.47,1298079
1787944915086,unknown,Stage0-3-0,0,-1,10000000,10000000,1,1529.47,1296548
1787944915086,unknown,Stage0-4-0,0,-1,38608695,64000000,23,23445.55,19901923
1787944915087,unknown,Stage0-7-0,0,-1,33875000,55000000,24,23445.55,19878454
1787944915099,unknown,Stage0-1-0,0,-1,12000000,18000000,2,2048.00,1297065
1787944915099,unknown,Stage0-5-0,0,-1,45739130,81000000,23,23153.00,19879564
1787944915099,unknown,Stage0-2-0,0,-1,16000000,16000000,1,1676.00,1296693
1787944915101,unknown,Stage0-6-0,0,-1,46750000,89000000,24,23469.00,19878454
1787944916086,unknown,Stage0-0-0,0,-1,13000000,13000000,1,1529.47,1299610
1787944916087,unknown,Stage0-3-0,0,-1,9500000,14000000,2,1529.47,1298079
1787944916087,unknown,Stage0-4-0,0,-1,36458333,60000000,24,23445.55,19925392
1787944916087,unknown,Stage0-7-0,0,-1,30304347,49000000,23,23469.00,19901923
1787944916099,unknown,Stage0-1-0,0,-1,17000000,17000000,1,1261.00,1298326
1787944916099,unknown,Stage0-2-0,0,-1,13500000,20000000,2,1481.00,1298174
1787944916099,unknown,Stage0-5-0,0,-1,42458333,78000000,24,23564.00,19903128
1787944916101,unknown,Stage0-6-0,0,-1,48739130,82000000,23,23469.00,19901923
1787944917087,unknown,Stage0-0-0,0,-1,10000000,14000000,2,1529.47,1301141
1787944917087,unknown,Stage0-3-0,0,-1,17000000,17000000,1,1531.00,1299610
1787944917088,unknown,Stage0-7-0,0,-1,45500000,89000000,24,23445.55,19925392
1787944917088,unknown,Stage0-4-0,0,-1,41565217,68000000,23,23445.55,19948861
1787944917099,unknown,Stage0-1-0,0,-1,14000000,14000000,1,1598.00,1299924
1787944917099,unknown,Stage0-5-0,0,-1,43086956,71000000,23,23279.00,19926407
1787944917107,unknown,Stage0-6-0,0,-1,47291666,88000000,24,23329.03,19925392
1787944917108,unknown,Stage0-2-0,0,-1,13000000,13000000,1,1423.19,1299610
1787944918087,unknown,Stage0-0-0,0,-1,16000000,16000000,1,1531.00,1302672
1787944918087,unknown,Stage0-3-0,0,-1,13000000,19000000,2,1531.00,1301141
1787944918088,unknown,Stage0-4-0,0,-1,33833333,59000000,24,23469.00,19972330
1787944918088,unknown,Stage0-7-0,0,-1,53173913,96000000,23,23469.00,19948861
1787944918099,unknown,Stage0-5-0,0,-1,38500000,67000000,24,23611.00,19950018
1787944918099,unknown,Stage0-1-0,0,-1,13000000,19000000,2,1630.00,1301554
1787944918107,unknown,Stage0-6-0,0,-1,48541666,89000000,24,24155.00,19949547
1787944918108,unknown,Stage0-2-0,0,-1,22500000,28000000,2,2181.00,1301791
1787944919087,unknown,Stage0-0-0,0,-1,8000000,12000000,2,1531.00,1304203
1787944919088,unknown,Stage0-3-0,0,-1,14000000,14000000,1,1529.47,1302672
1787944919088,unknown,Stage0-4-0,0,-1,52913043,91000000,23,23469.00,19995799
1787944919089,unknown,Stage0-7-0,0,-1,40250000,80000000,24,23445.55,19972330
1787944919099,unknown,Stage0-1-0,0,-1,9000000,9000000,1,1325.00,1302879
1787944919099,unknown,Stage0-5-0,0,-1,45956521,84000000,23,23471.00,19973489
1787944919107,unknown,Stage0-6-0,0,-1,40956521,73000000,23,23036.00,19972583
1787944919108,unknown,Stage0-2-0,0,-1,9500000,13000000,2,1528.00,1303319
1787944920088,unknown,Stage0-0-0,0,-1,8000000,8000000,1,1529.47,1305734
1787944920088,unknown,Stage0-3-0,0,-1,9500000,14000000,2,1531.00,1304203
1787944920089,unknown,Stage0-7-0,0,-1,42826086,80000000,23,23469.00,19995799
1787944920089,unknown,Stage0-4-0,0,-1,34708333,65000000,24,23445.55,20019268
1787944920099,unknown,Stage0-5-0,0,-1,41608695,71000000,23,23045.00,19996534
1787944920099,unknown,Stage0-1-0,0,-1,10500000,16000000,2,1393.00,1304272
1787944920107,unknown,Stage0-6-0,0,-1,46347826,86000000,23,23292.00,19995875
1787944920108,unknown,Stage0-2-0,0,-1,19000000,19000000,1,1508.00,1304827
1787944921088,unknown,Stage0-0-0,0,-1,8500000,13000000,2,1531.00,1307265
1787944921089,unknown,Stage0-3-0,0,-1,12000000,12000000,1,1529.47,1305734
1787944921090,unknown,Stage0-4-0,0,-1,46391304,77000000,23,23445.55,20042737
1787944921090,unknown,Stage0-7-0,0,-1,50041666,100000000,24,23445.55,20019268
1787944921099,unknown,Stage0-5-0,0,-1,62130434,117000000,23,23159.00,20019693
1787944921099,unknown,Stage0-1-0,0,-1,14000000,14000000,1,1576.00,1305848
1787944921108,unknown,Stage0-2-0,0,-1,8000000,12000000,2,1779.00,1306606
1787944921108,unknown,Stage0-6-0,0,-1,38750000,71000000,24,23369.63,20019268
1787944922089,unknown,Stage0-0-0,0,-1,12000000,12000000,1,1529.47,1308796
1787944922089,unknown,Stage0-3-0,0,-1,13000000,20000000,2,1531.00,1307265
1787944922091,unknown,Stage0-7-0,0,-1,54217391,104000000,23,23445.55,20042737
1787944922091,unknown,Stage0-4-0,0,-1,44166666,85000000,24,23445.55,20066206
1787944922099,unknown,Stage0-1-0,0,-1,12500000,19000000,2,1616.00,1307464
1787944922099,unknown,Stage0-5-0,0,-1,56500000,111000000,24,23389.00,20043082
1787944922108,unknown,Stage0-2-0,0,-1,15000000,15000000,1,1238.00,1307844
1787944922109,unknown,Stage0-6-0,0,-1,40043478,71000000,23,23445.55,20042737
1787944923090,unknown,Stage0-3-0,0,-1,10000000,10000000,1,1529.47,1308796
1787944923090,unknown,Stage0-0-0,0,-1,10000000,16000000,2,1529.47,1310327
1787944923091,unknown,Stage0-7-0,0,-1,45416666,83000000,24,23469.00,20066206
1787944923091,unknown,Stage0-4-0,0,-1,38217391,66000000,23,23469.00,20089675
1787944923099,unknown,Stage0-1-0,0,-1,8000000,8000000,1,1386.00,1308850
1787944923099,unknown,Stage0-5-0,0,-1,51304347,87000000,23,23516.00,20066598
1787944923108,unknown,Stage0-2-0,0,-1,7500000,12000000,2,1733.00,1309577
1787944923109,unknown,Stage0-6-0,0,-1,34375000,60000000,24,23472.00,20066209
1787944924090,unknown,Stage0-3-0,0,-1,11000000,17000000,2,1531.00,1310327
1787944924091,unknown,Stage0-0-0,0,-1,10000000,10000000,1,1529.47,1311858
1787944924091,unknown,Stage0-7-0,0,-1,30434782,47000000,23,23469.00,20089675
1787944924091,unknown,Stage0-4-0,0,-1,34833333,60000000,24,23469.00,20113144
1787944924099,unknown,Stage0-5-0,0,-1,44913043,81000000,23,23335.00,20089933
1787944924099,unknown,Stage0-1-0,0,-1,10000000,16000000,2,1503.00,1310353
1787944924108,unknown,Stage0-2-0,0,-1,13000000,13000000,1,1232.00,1310809
1787944924110,unknown,Stage0-6-0,0,-1,46000000,79000000,23,23442.56,20089675
1787944925091,unknown,Stage0-0-0,0,-1,7000000,11000000,2,1531.00,1313389
1787944925091,unknown,Stage0-3-0,0,-1,7000000,7000000,1,1529.47,1311858
1787944925092,unknown,Stage0-7-0,0,-1,39375000,79000000,24,23445.55,20113144
1787944925092,unknown,Stage0-4-0,0,-1,41608695,73000000,23,23445.55,20136613
1787944925099,unknown,Stage0-1-0,0,-1,10000000,10000000,1,1515.00,1311868
1787944925099,unknown,Stage0-5-0,0,-1,45416666,75000000,24,23310.00,20113243
1787944925108,unknown,Stage0-2-0,0,-1,10500000,18000000,2,1551.00,1312360
1787944925110,unknown,Stage0-6-0,0,-1,48708333,91000000,24,23469.00,20113144
1787944926091,unknown,Stage0-0-0,0,-1,6000000,6000000,1,1531.00,1314920
1787944926092,unknown,Stage0-3-0,0,-1,7000000,11000000,2,1529.47,1313389
1787944926092,unknown,Stage0-4-0,0,-1,41625000,65000000,24,23469.00,20160082
1787944926092,unknown,Stage0-7-0,0,-1,46043478,84000000,23,23469.00,20136613
1787944926099,unknown,Stage0-5-0,0,-1,49217391,91000000,23,23442.00,20136685
1787944926101,unknown,Stage0-1-0,0,-1,9000000,14000000,2,1517.96,1313389
1787944926111,unknown,Stage0-6-0,0,-1,34000000,58000000,23,23445.55,20136613
1787944926112,unknown,Stage0-2-0,0,-1,16000000,16000000,1,1024.90,1313389
1787944927092,unknown,Stage0-3-0,0,-1,10000000,10000000,1,1531.00,1314920
1787944927092,unknown,Stage0-0-0,0,-1,4000000,6000000,2,1529.47,1316451
1787944927093,unknown,Stage0-7-0,0,-1,54125000,100000000,24,23445.55,20160082
1787944927094,unknown,Stage0-4-0,0,-1,38739130,67000000,23,23422.16,20183551
1787944927099,unknown,Stage0-5-0,0,-1,39125000,81000000,24,23397.00,20160082
1787944927101,unknown,Stage0-1-0,0,-1,7000000,7000000,1,1587.00,1314976
1787944927111,unknown,Stage0-6-0,0,-1,39750000,68000000,24,23469.00,20160082
1787944927112,unknown,Stage0-2-0,0,-1,12000000,20000000,2,2293.00,1315682
1787944928093,unknown,Stage0-0-0,0,-1,6000000,6000000,1,1529.47,1317982
1787944928093,unknown,Stage0-3-0,0,-1,8000000,14000000,2,1529.47,1316451
1787944928094,unknown,Stage0-7-0,0,-1,34478260,55000000,23,23445.55,20183551
1787944928094,unknown,Stage0-4-0,0,-1,41833333,70000000,24,23469.00,20207020
1787944928101,unknown,Stage0-1-0,0,-1,6500000,11000000,2,1475.00,1316451
1787944928101,unknown,Stage0-5-0,0,-1,42695652,68000000,23,23422.16,20183551
1787944928112,unknown,Stage0-2-0,0,-1,11000000,14000000,2,1476.00,1317158
1787944928112,unknown,Stage0-6-0,0,-1,36260869,62000000,23,23445.55,20183551
1787944929093,unknown,Stage0-3-0,0,-1,9000000,9000000,1,1531.00,1317982
1787944929094,unknown,Stage0-0-0,0,-1,7500000,13000000,2,1529.47,1319513
1787944929094,unknown,Stage0-7-0,0,-1,45583333,81000000,24,23469.00,20207020
1787944929095,unknown,Stage0-4-0,0,-1,33565217,53000000,23,23445.55,20230489
1787944929101,unknown,Stage0-5-0,0,-1,45958333,82000000,24,23469.00,20207020
1787944929101,unknown,Stage0-1-0,0,-1,6000000,6000000,1,1531.00,1317982
1787944929112,unknown,Stage0-2-0,0,-1,8000000,8000000,1,945.00,1318103
1787944929112,unknown,Stage0-6-0,0,-1,37000000,67000000,24,23469.00,20207020
1787944930094,unknown,Stage0-3-0,0,-1,8000000,14000000,2,1529.47,1319513
1787944930094,unknown,Stage0-7-0,0,-1,43739130,78000000,23,23469.00,20230489
1787944930094,unknown,Stage0-0-0,0,-1,10000000,14000000,2,1531.00,1321044
1787944930095,unknown,Stage0-4-0,0,-1,37956521,58000000,23,23469.00,20253958
1787944930101,unknown,Stage0-5-0,0,-1,52043478,93000000,23,23496.00,20230516
1787944930104,unknown,Stage0-1-0,0,-1,5500000,10000000,2,1526.42,1319513
1787944930112,unknown,Stage0-2-0,0,-1,20000000,20000000,1,1779.00,1319882
1787944930116,unknown,Stage0-6-0,0,-1,40521739,71000000,23,23375.50,20230489
1787944931094,unknown,Stage0-3-0,0,-1,9500000,13000000,2,1531.00,1321044
1787944931094,unknown,Stage0-7-0,0,-1,45000000,85000000,23,23469.00,20253958
1787944931095,unknown,Stage0-0-0,0,-1,9000000,9000000,1,1529.47,1322575
1787944931095,unknown,Stage0-4-0,0,-1,45333333,87000000,24,23469.00,20277427
1787944931101,unknown,Stage0-5-0,0,-1,31130434,51000000,23,23442.00,20253958
1787944931104,unknown,Stage0-1-0,0,-1,15500000,22000000,2,1668.00,1321181
1787944931112,unknown,Stage0-2-0,0,-1,13000000,16000000,2,1567.00,1321449
1787944931116,unknown,Stage0-6-0,0,-1,38916666,68000000,24,23949.00,20254438
1787944932094,unknown,Stage0-3-0,0,-1,21000000,21000000,1,1531.00,1322575
1787944932094,unknown,Stage0-7-0,0,-1,44833333,81000000,24,23469.00,20277427
1787944932095,unknown,Stage0-0-0,0,-1,10500000,15000000,2,1531.00,1324106
1787944932096,unknown,Stage0-4-0,0,-1,44173913,85000000,23,23445.55,20300896
1787944932101,unknown,Stage0-5-0,0,-1,47916666,89000000,24,23469.00,20277427
1787944932104,unknown,Stage0-1-0,0,-1,13000000,13000000,1,1394.00,1322575
1787944932112,unknown,Stage0-2-0,0,-1,14000000,14000000,1,1225.00,1322674
1787944932116,unknown,Stage0-6-0,0,-1,39565217,76000000,23,23486.00,20277924
1787944933095,unknown,Stage0-3-0,0,-1,9000000,13000000,2,1529.47,1324106
1787944933095,unknown,Stage0-7-0,0,-1,37913043,75000000,23,23445.55,20300896
1787944933096,unknown,Stage0-0-0,0,-1,9000000,9000000,1,1529.47,1325637
1787944933097,unknown,Stage0-4-0,0,-1,34166666,56000000,24,23445.55,20324365
1787944933102,unknown,Stage0-5-0,0,-1,44565217,82000000,23,23445.55,20300896
1787944933106,unknown,Stage0-1-0,0,-1,11500000,16000000,2,1527.94,1324106
1787944933112,unknown,Stage0-2-0,0,-1,17000000,23000000,2,1898.00,1324572
1787944933116,unknown,Stage0-6-0,0,-1,34875000,63000000,24,23106.00,20301030
1787944934096,unknown,Stage0-3-0,0,-1,13000000,13000000,1,1529.47,1325637
1787944934096,unknown,Stage0-7-0,0,-1,41833333,85000000,24,23445.55,20324365
1787944934097,unknown,Stage0-0-0,0,-1,9500000,14000000,2,1529.47,1327168
1787944934097,unknown,Stage0-4-0,0,-1,36347826,59000000,23,23469.00,20347834
1787944934102,unknown,Stage0-5-0,0,-1,45791666,90000000,24,23469.00,20324365
1787944934106,unknown,Stage0-1-0,0,-1,14000000,14000000,1,1755.00,1325861
1787944934112,unknown,Stage0-2-0,0,-1,10000000,10000000,1,1352.00,1325924
1787944934116,unknown,Stage0-6-0,0,-1,38652173,61000000,23,23718.00,20324748
1787944935096,unknown,Stage0-3-0,0,-1,12500000,19000000,2,1531.00,1327168
1787944935096,unknown,Stage0-7-0,0,-1,45913043,87000000,23,23469.00,20347834
1787944935097,unknown,Stage0-0-0,0,-1,11000000,11000000,1,1531.00,1328699
1787944935098,unknown,Stage0-4-0,0,-1,37583333,76000000,24,23445.55,20371303
1787944935106,unknown,Stage0-1-0,0,-1,10500000,16000000,2,1307.00,1327168
1787944935112,unknown,Stage0-2-0,0,-1,13000000,19000000,2,1465.00,1327389
1787944935112,unknown,Stage0-5-0,0,-1,43478260,82000000,23,23236.63,20347834
1787944935116,unknown,Stage0-6-0,0,-1,41043478,74000000,23,23172.00,20347920
1787944936096,unknown,Stage0-3-0,0,-1,11000000,11000000,1,1531.00,1328699
1787944936097,unknown,Stage0-7-0,0,-1,46458333,90000000,24,23445.55,20371303
1787944936097,unknown,Stage0-0-0,0,-1,10000000,15000000,2,1531.00,1330230
1787944936099,unknown,Stage0-4-0,0,-1,49217391,92000000,23,23445.55,20394772
1787944936106,unknown,Stage0-1-0,0,-1,14000000,14000000,1,1551.00,1328719
1787944936112,unknown,Stage0-5-0,0,-1,47038461,96000000,26,25167.00,20373001
1787944936112,unknown,Stage0-2-0,0,-1,11000000,11000000,1,1500.00,1328889
1787944936116,unknown,Stage0-6-0,0,-1,39166666,86000000,24,23640.00,20371560
1787944937097,unknown,Stage0-3-0,0,-1,9000000,14000000,2,1529.47,1330230
1787944937097,unknown,Stage0-7-0,0,-1,44043478,85000000,23,23469.00,20394772
1787944937098,unknown,Stage0-0-0,0,-1,8000000,8000000,1,1529.47,1331761
1787944937099,unknown,Stage0-4-0,0,-1,48083333,93000000,24,23469.00,20418241
1787944937106,unknown,Stage0-1-0,0,-1,11500000,18000000,2,1576.00,1330295
1787944937112,unknown,Stage0-5-0,0,-1,24043478,39000000,23,23155.00,20396156
1787944937112,unknown,Stage0-2-0,0,-1,13000000,19000000,2,1539.00,1330428
1787944937116,unknown,Stage0-6-0,0,-1,31956521,56000000,23,23374.00,20394934
1787944938097,unknown,Stage0-3-0,0,-1,9000000,9000000,1,1531.00,1331761
1787944938098,unknown,Stage0-7-0,0,-1,43916666,82000000,24,23445.55,20418241
1787944938098,unknown,Stage0-0-0,0,-1,8000000,12000000,2,1531.00,1333292
1787944938100,unknown,Stage0-4-0,0,-1,33260869,57000000,23,23445.55,20441710
1787944938106,unknown,Stage0-1-0,0,-1,10000000,10000000,1,1485.00,1331780
1787944938112,unknown,Stage0-5-0,0,-1,45565217,79000000,23,23332.00,20419488
1787944938112,unknown,Stage0-2-0,0,-1,10000000,10000000,1,1428.00,1331856
1787944938117,unknown,Stage0-6-0,0,-1,33083333,62000000,24,23283.72,20418241
1787944939098,unknown,Stage0-3-0,0,-1,8000000,12000000,2,1529.47,1333292
1787944939099,unknown,Stage0-0-0,0,-1,8000000,8000000,1,1529.47,1334823
1787944939099,unknown,Stage0-7-0,0,-1,49130434,93000000,23,23445.55,20441710
1787944939100,unknown,Stage0-4-0,0,-1,48125000,89000000,24,23481.00,20465191
1787944939106,unknown,Stage0-1-0,0,-1,11500000,18000000,2,1529.00,1333309
1787944939112,unknown,Stage0-5-0,0,-1,36000000,60000000,23,23502.00,20442990
1787944939112,unknown,Stage0-2-0,0,-1,11500000,17000000,2,1520.00,1333376
1787944939117,unknown,Stage0-6-0,0,-1,38826086,72000000,23,23562.00,20441803
1787944940099,unknown,Stage0-3-0,0,-1,8000000,8000000,1,1529.47,1334823
1787944940100,unknown,Stage0-0-0,0,-1,8000000,12000000,2,1529.47,1336354
1787944940100,unknown,Stage0-4-0,0,-1,38739130,68000000,23,23457.00,20488648
1787944940100,unknown,Stage0-7-0,0,-1,44333333,84000000,24,23445.55,20465179
1787944940106,unknown,Stage0-1-0,0,-1,11000000,11000000,1,1514.00,1334823
1787944940112,unknown,Stage0-2-0,0,-1,11000000,11000000,1,1472.00,1334848
1787944940112,unknown,Stage0-5-0,0,-1,48291666,95000000,24,23323.00,20466313
1787944940117,unknown,Stage0-6-0,0,-1,43000000,81000000,24,23513.00,20465316
1787944941100,unknown,Stage0-3-0,0,-1,7500000,12000000,2,1529.47,1336354
1787944941100,unknown,Stage0-7-0,0,-1,33956521,56000000,23,23469.00,20488648
1787944941100,unknown,Stage0-0-0,0,-1,8000000,8000000,1,1531.00,1337885
1787944941101,unknown,Stage0-4-0,0,-1,46291666,86000000,24,23445.55,20512117
1787944941106,unknown,Stage0-1-0,0,-1,10000000,17000000,2,1531.00,1336354
1787944941112,unknown,Stage0-5-0,0,-1,46000000,82000000,23,23363.00,20489676
1787944941112,unknown,Stage0-2-0,0,-1,9500000,14000000,2,1506.00,1336354
1787944941117,unknown,Stage0-6-0,0,-1,38217391,71000000,23,23384.00,20488700
1787944942100,unknown,Stage0-3-0,0,-1,8000000,8000000,1,1531.00,1337885
1787944942101,unknown,Stage0-7-0,0,-1,36333333,61000000,24,23445.55,20512117
1787944942101,unknown,Stage0-0-0,0,-1,6000000,10000000,2,1529.47,1339416
1787944942105,unknown,Stage0-4-0,0,-1,48043478,89000000,23,23375.50,20535586
1787944942106,unknown,Stage0-1-0,0,-1,10000000,10000000,1,1531.00,1337885
1787944942112,unknown,Stage0-2-0,0,-1,11000000,11000000,1,1531.00,1337885
1787944942116,unknown,Stage0-5-0,0,-1,51608695,91000000,23,22351.59,20512117
1787944942120,unknown,Stage0-6-0,0,-1,35875000,60000000,24,23346.96,20512117
1787944943100,unknown,Stage0-3-0,0,-1,7000000,11000000,2,1531.00,1339416
1787944943101,unknown,Stage0-7-0,0,-1,37913043,61000000,23,23469.00,20535586
1787944943101,unknown,Stage0-0-0,0,-1,9000000,9000000,1,1531.00,1340947
1787944943105,unknown,Stage0-4-0,0,-1,46041666,88000000,24,23752.00,20559338
1787944943107,unknown,Stage0-1-0,0,-1,8500000,15000000,2,1529.47,1339416
1787944943113,unknown,Stage0-2-0,0,-1,8500000,13000000,2,1529.47,1339416
1787944943116,unknown,Stage0-5-0,0,-1,51600000,97000000,25,25216.00,20537333
1787944943120,unknown,Stage0-6-0,0,-1,42043478,72000000,23,23699.00,20535816
1787944944101,unknown,Stage0-3-0,0,-1,6000000,6000000,1,1529.47,1340947
1787944944101,unknown,Stage0-7-0,0,-1,32458333,49000000,24,23469.00,20559055
1787944944102,unknown,Stage0-0-0,0,-1,6000000,10000000,2,1529.47,1342478
1787944944105,unknown,Stage0-4-0,0,-1,53086956,89000000,23,23485.00,20582823
1787944944108,unknown,Stage0-1-0,0,-1,9000000,9000000,1,1529.47,1340947
1787944944113,unknown,Stage0-2-0,0,-1,5000000,8000000,2,1616.00,1341032
1787944944116,unknown,Stage0-5-0,0,-1,48130434,91000000,23,23122.00,20560455
1787944944120,unknown,Stage0-6-0,0,-1,34333333,63000000,24,23405.00,20559221
1787944945101,unknown,Stage0-3-0,0,-1,6000000,10000000,2,1531.00,1342478
1787944945102,unknown,Stage0-7-0,0,-1,37260869,59000000,23,23445.55,20582524
1787944945102,unknown,Stage0-0-0,0,-1,9500000,12000000,2,1531.00,1344009
1787944945105,unknown,Stage0-4-0,0,-1,35208333,78000000,24,23506.00,20606329
1787944945109,unknown,Stage0-1-0,0,-1,7000000,12000000,2,1529.47,1342478
1787944945113,unknown,Stage0-2-0,0,-1,12000000,12000000,1,1450.00,1342482
1787944945116,unknown,Stage0-5-0,0,-1,49500000,96000000,24,23569.00,20584024
1787944945120,unknown,Stage0-6-0,0,-1,39347826,74000000,23,23303.00,20582524
1787944946102,unknown,Stage0-3-0,0,-1,10500000,15000000,2,1529.47,1344009
1787944946103,unknown,Stage0-0-0,0,-1,9000000,9000000,1,1529.47,1345540
1787944946103,unknown,Stage0-7-0,0,-1,43434782,74000000,23,23445.55,20605993
1787944946105,unknown,Stage0-4-0,0,-1,38956521,82000000,23,23288.00,20629617
1787944946109,unknown,Stage0-1-0,0,-1,14500000,21000000,2,1531.00,1344009
1787944946115,unknown,Stage0-2-0,0,-1,11500000,16000000,2,1523.95,1344009
1787944946116,unknown,Stage0-5-0,0,-1,44739130,82000000,23,23317.00,20607341
1787944946122,unknown,Stage0-6-0,0,-1,45130434,84000000,23,23422.16,20605993
1787944947102,unknown,Stage0-3-0,0,-1,14000000,14000000,1,1531.00,1345540
1787944947103,unknown,Stage0-7-0,0,-1,36375000,54000000,24,23469.00,20629462
1787944947104,unknown,Stage0-0-0,0,-1,14000000,20000000,2,1529.47,1347071
1787944947105,unknown,Stage0-4-0,0,-1,34565217,56000000,23,23314.00,20652931
1787944947110,unknown,Stage0-1-0,0,-1,15000000,15000000,1,1529.47,1345540
1787944947116,unknown,Stage0-5-0,0,-1,36913043,63000000,23,23444.00,20630785
1787944947116,unknown,Stage0-2-0,0,-1,12000000,12000000,1,1529.47,1345540
1787944947122,unknown,Stage0-6-0,0,-1,36166666,64000000,24,23525.00,20629518
1787944948103,unknown,Stage0-3-0,0,-1,9000000,13000000,2,1529.47,1347071
1787944948104,unknown,Stage0-7-0,0,-1,37304347,64000000,23,23445.55,20652931
1787944948105,unknown,Stage0-4-0,0,-1,35791666,69000000,24,23470.00,20676401
1787944948105,unknown,Stage0-0-0,0,-1,10000000,10000000,1,1529.47,1348602
1787944948110,unknown,Stage0-1-0,0,-1,13500000,20000000,2,1531.00,1347071
1787944948116,unknown,Stage0-5-0,0,-1,39217391,78000000,23,23113.00,20653898
1787944948116,unknown,Stage0-2-0,0,-1,15500000,21000000,2,1640.00,1347180
1787944948122,unknown,Stage0-6-0,0,-1,43541666,87000000,24,23563.00,20653081
1787944949104,unknown,Stage0-3-0,0,-1,10000000,10000000,1,1529.47,1348602
1787944949105,unknown,Stage0-0-0,0,-1,12500000,19000000,2,1531.00,1350133
1787944949105,unknown,Stage0-7-0,0,-1,44250000,87000000,24,23445.55,20676400
1787944949106,unknown,Stage0-4-0,0,-1,36782608,67000000,23,23444.56,20699869
1787944949111,unknown,Stage0-1-0,0,-1,13000000,13000000,1,1529.47,1348602
1787944949116,unknown,Stage0-2-0,0,-1,13000000,13000000,1,1505.00,1348685
1787944949116,unknown,Stage0-5-0,0,-1,53500000,103000000,24,23470.00,20677368
1787944949122,unknown,Stage0-6-0,0,-1,39173913,74000000,23,23319.00,20676400
1787944950105,unknown,Stage0-3-0,0,-1,9000000,13000000,2,1529.47,1350133
1787944950105,unknown,Stage0-0-0,0,-1,9000000,9000000,1,1531.00,1351664
1787944950105,unknown,Stage0-7-0,0,-1,45391304,87000000,23,23469.00,20699869
1787944950106,unknown,Stage0-4-0,0,-1,37666666,74000000,24,23470.00,20723339
1787944950112,unknown,Stage0-1-0,0,-1,10500000,16000000,2,1529.47,1350133
1787944950116,unknown,Stage0-5-0,0,-1,44782608,89000000,23,23391.00,20700759
1787944950117,unknown,Stage0-2-0,0,-1,13000000,19000000,2,1446.55,1350133
1787944950122,unknown,Stage0-6-0,0,-1,46130434,93000000,23,23520.00,20699920
1787944951105,unknown,Stage0-3-0,0,-1,12000000,12000000,1,1531.00,1351664
1787944951106,unknown,Stage0-7-0,0,-1,35833333,64000000,24,23445.55,20723338
1787944951106,unknown,Stage0-0-0,0,-1,11500000,18000000,2,1529.47,1353195
1787944951107,unknown,Stage0-4-0,0,-1,42826086,81000000,23,23444.56,20746807
1787944951112,unknown,Stage0-1-0,0,-1,13000000,13000000,1,1531.00,1351664
1787944951116,unknown,Stage0-5-0,0,-1,43416666,78000000,24,23444.00,20724203
1787944951117,unknown,Stage0-2-0,0,-1,11000000,11000000,1,1633.00,1351766
1787944951125,unknown,Stage0-6-0,0,-1,41666666,76000000,24,23347.96,20723338
1787944952106,unknown,Stage0-3-0,0,-1,11000000,17000000,2,1529.47,1353195
1787944952106,unknown,Stage0-7-0,0,-1,44869565,88000000,23,23469.00,20746807
1787944952107,unknown,Stage0-0-0,0,-1,11000000,11000000,1,1529.47,1354726
1787944952107,unknown,Stage0-4-0,0,-1,45333333,99000000,24,23469.00,20770276
1787944952112,unknown,Stage0-1-0,0,-1,12500000,19000000,2,1531.00,1353195
1787944952116,unknown,Stage0-5-0,0,-1,33826086,55000000,23,23258.00,20747461
1787944952117,unknown,Stage0-2-0,0,-1,11000000,16000000,2,1501.00,1353267
1787944952125,unknown,Stage0-6-0,0,-1,40565217,74000000,23,23510.00,20746848
1787944953106,unknown,Stage0-3-0,0,-1,8000000,8000000,1,1531.00,1354726
1787944953107,unknown,Stage0-7-0,0,-1,37291666,63000000,24,23445.55,20770276
1787944953107,unknown,Stage0-0-0,0,-1,8000000,12000000,2,1531.00,1356257
1787944953108,unknown,Stage0-4-0,0,-1,34652173,66000000,23,23445.55,20793745
1787944953114,unknown,Stage0-1-0,0,-1,12000000,12000000,1,1527.94,1354726
1787944953116,unknown,Stage0-5-0,0,-1,38000000,72000000,23,23308.00,20770769
1787944953117,unknown,Stage0-2-0,0,-1,12000000,12000000,1,1459.00,1354726
1787944953125,unknown,Stage0-6-0,0,-1,34625000,66000000,24,23521.00,20770369
1787944954107,unknown,Stage0-3-0,0,-1,8000000,12000000,2,1529.47,1356257
1787944954108,unknown,Stage0-0-0,0,-1,8000000,8000000,1,1529.47,1357788
1787944954108,unknown,Stage0-7-0,0,-1,47913043,94000000,23,23445.55,20793745
1787944954110,unknown,Stage0-4-0,0,-1,41541666,71000000,24,23422.16,20817214
1787944954115,unknown,Stage0-1-0,0,-1,9500000,14000000,2,1529.47,1356257
1787944954116,unknown,Stage0-5-0,0,-1,44875000,93000000,24,23396.00,20794165
1787944954117,unknown,Stage0-2-0,0,-1,12000000,18000000,2,1531.00,1356257
1787944954125,unknown,Stage0-6-0,0,-1,41347826,79000000,23,23515.00,20793884
1787944955107,unknown,Stage0-3-0,0,-1,9000000,9000000,1,1531.00,1357788
1787944955108,unknown,Stage0-7-0,0,-1,35541666,58000000,24,23469.00,20817214
1787944955108,unknown,Stage0-0-0,0,-1,8000000,13000000,2,1531.00,1359319
1787944955110,unknown,Stage0-4-0,0,-1,49956521,101000000,23,23547.00,20840761
1787944955115,unknown,Stage0-1-0,0,-1,11000000,11000000,1,1536.00,1357793
1787944955116,unknown,Stage0-5-0,0,-1,48652173,93000000,23,23346.00,20817511
1787944955119,unknown,Stage0-2-0,0,-1,11000000,11000000,1,1527.94,1357788
1787944955125,unknown,Stage0-6-0,0,-1,36166666,71000000,24,23406.00,20817290
1787944956108,unknown,Stage0-3-0,0,-1,7500000,12000000,2,1529.47,1359319
1787944956109,unknown,Stage0-7-0,0,-1,32565217,56000000,23,23445.55,20840683
1787944956109,unknown,Stage0-0-0,0,-1,9000000,9000000,1,1529.47,1360850
1787944956110,unknown,Stage0-4-0,0,-1,51541666,100000000,24,23391.00,20864152
1787944956116,unknown,Stage0-5-0,0,-1,47666666,89000000,24,23494.00,20841005
1787944956117,unknown,Stage0-1-0,0,-1,11500000,18000000,2,1522.95,1359319
1787944956119,unknown,Stage0-2-0,0,-1,12000000,18000000,2,1541.00,1359329
1787944956125,unknown,Stage0-6-0,0,-1,39565217,77000000,23,23393.00,20840683
1787944957108,unknown,Stage0-3-0,0,-1,7000000,7000000,1,1531.00,1360850
1787944957109,unknown,Stage0-7-0,0,-1,50333333,102000000,24,23484.00,20864167
1787944957110,unknown,Stage0-4-0,0,-1,41565217,69000000,23,23482.00,20887634
1787944957110,unknown,Stage0-0-0,0,-1,10000000,17000000,2,1529.47,1362381
1787944957116,unknown,Stage0-5-0,0,-1,52130434,94000000,23,23420.00,20864425
1787944957117,unknown,Stage0-1-0,0,-1,10000000,10000000,1,1631.00,1360950
1787944957119,unknown,Stage0-2-0,0,-1,11000000,11000000,1,1521.00,1360850
1787944957125,unknown,Stage0-6-0,0,-1,37458333,72000000,24,23469.00,20864152
1787944958109,unknown,Stage0-3-0,0,-1,7000000,11000000,2,1529.47,1362381
1787944958110,unknown,Stage0-0-0,0,-1,7000000,7000000,1,1531.00,1363912
1787944958110,unknown,Stage0-7-0,0,-1,32347826,57000000,23,23430.57,20887621
1787944958110,unknown,Stage0-4-0,0,-1,30416666,68000000,24,23456.00,20911090
1787944958116,unknown,Stage0-5-0,0,-1,44956521,87000000,23,23319.00,20887744
1787944958117,unknown,Stage0-1-0,0,-1,10500000,18000000,2,1509.00,1362459
1787944958119,unknown,Stage0-2-0,0,-1,9500000,15000000,2,1531.00,1362381
1787944958126,unknown,Stage0-6-0,0,-1,38000000,68000000,23,23445.55,20887621
1787944959110,unknown,Stage0-3-0,0,-1,7000000,7000000,1,1529.47,1363912
1787944959110,unknown,Stage0-0-0,0,-1,7500000,13000000,2,1531.00,1365443
1787944959111,unknown,Stage0-7-0,0,-1,52750000,87000000,24,23445.55,20911090
1787944959111,unknown,Stage0-4-0,0,-1,41304347,71000000,23,23445.55,20934559
1787944959117,unknown,Stage0-1-0,0,-1,8000000,8000000,1,1528.00,1363987
1787944959119,unknown,Stage0-2-0,0,-1,10000000,10000000,1,1531.00,1363912
1787944959124,unknown,Stage0-5-0,0,-1,45166666,79000000,24,23160.71,20911090
1787944959126,unknown,Stage0-6-0,0,-1,44125000,84000000,24,23469.00,20911090
1787944960110,unknown,Stage0-3-0,0,-1,7500000,12000000,2,1531.00,1365443
1787944960111,unknown,Stage0-0-0,0,-1,8000000,8000000,1,1529.47,1366974
1787944960111,unknown,Stage0-7-0,0,-1,35826086,63000000,23,23469.00,20934559
1787944960112,unknown,Stage0-4-0,0,-1,32833333,58000000,24,23445.55,20958028
1787944960118,unknown,Stage0-1-0,0,-1,6500000,11000000,2,1454.55,1365443
1787944960120,unknown,Stage0-2-0,0,-1,12500000,22000000,2,1529.47,1365443
1787944960124,unknown,Stage0-5-0,0,-1,42560000,76000000,25,24916.00,20936006
1787944960128,unknown,Stage0-6-0,0,-1,33086956,58000000,23,23422.16,20934559
1787944961111,unknown,Stage0-3-0,0,-1,7000000,7000000,1,1529.47,1366974
1787944961111,unknown,Stage0-7-0,0,-1,51916666,102000000,24,23469.00,20958028
1787944961111,unknown,Stage0-0-0,0,-1,7500000,13000000,2,1531.00,1368505
1787944961112,unknown,Stage0-4-0,0,-1,43521739,78000000,23,23469.00,20981497
1787944961118,unknown,Stage0-1-0,0,-1,8000000,8000000,1,1531.00,1366974
1787944961121,unknown,Stage0-2-0,0,-1,10000000,10000000,1,1529.47,1366974
1787944961124,unknown,Stage0-5-0,0,-1,58869565,107000000,23,23788.00,20959794
1787944961129,unknown,Stage0-6-0,0,-1,42333333,76000000,24,23445.55,20958028
1787944962111,unknown,Stage0-3-0,0,-1,6000000,10000000,2,1531.00,1368505
1787944962111,unknown,Stage0-7-0,0,-1,39695652,77000000,23,23469.00,20981497
1787944962112,unknown,Stage0-0-0,0,-1,14500000,21000000,2,1529.47,1370036
1787944962112,unknown,Stage0-4-0,0,-1,38869565,73000000,23,23469.00,21004966
1787944962118,unknown,Stage0-1-0,0,-1,8000000,15000000,2,1531.00,1368505
1787944962121,unknown,Stage0-2-0,0,-1,9000000,16000000,2,1531.00,1368505
1787944962124,unknown,Stage0-5-0,0,-1,34434782,60000000,23,22884.00,20982678
1787944962129,unknown,Stage0-6-0,0,-1,51695652,91000000,23,23629.00,20981657
1787944963112,unknown,Stage0-3-0,0,-1,13500000,22000000,2,1529.47,1370036
1787944963113,unknown,Stage0-7-0,0,-1,54826086,114000000,23,23422.16,21004966
1787944963113,unknown,Stage0-0-0,0,-1,11000000,11000000,1,1529.47,1371567
1787944963114,unknown,Stage0-4-0,0,-1,50250000,99000000,24,23422.16,21028435
1787944963119,unknown,Stage0-1-0,0,-1,17000000,26000000,2,1529.47,1370036
1787944963122,unknown,Stage0-2-0,0,-1,15000000,23000000,2,1529.47,1370036
1787944963124,unknown,Stage0-5-0,0,-1,51086956,94000000,23,23167.00,21005845
1787944963129,unknown,Stage0-6-0,0,-1,51695652,100000000,23,23309.00,21004966
1787944964112,unknown,Stage0-3-0,0,-1,11000000,11000000,1,1531.00,1371567
1787944964113,unknown,Stage0-0-0,0,-1,13000000,20000000,2,1531.00,1373098
1787944964114,unknown,Stage0-4-0,0,-1,36217391,75000000,23,23469.00,21051904
1787944964115,unknown,Stage0-7-0,0,-1,34791666,72000000,24,23422.16,21028435
1787944964119,unknown,Stage0-1-0,0,-1,14000000,14000000,1,1531.00,1371567
1787944964122,unknown,Stage0-2-0,0,-1,16000000,16000000,1,1531.00,1371567
1787944964124,unknown,Stage0-5-0,0,-1,49625000,101000000,24,23733.00,21029578
1787944964129,unknown,Stage0-6-0,0,-1,48875000,99000000,24,23469.00,21028435
1787944965113,unknown,Stage0-3-0,0,-1,9500000,13000000,2,1529.47,1373098
1787944965114,unknown,Stage0-0-0,0,-1,10000000,10000000,1,1529.47,1374629
1787944965114,unknown,Stage0-4-0,0,-1,36166666,67000000,24,23469.00,21075373
1787944965115,unknown,Stage0-7-0,0,-1,31291666,54000000,24,23707.00,21052142
1787944965119,unknown,Stage0-1-0,0,-1,9500000,14000000,2,1531.00,1373098
1787944965123,unknown,Stage0-2-0,0,-1,14500000,21000000,2,1529.47,1373098
1787944965124,unknown,Stage0-5-0,0,-1,48000000,94000000,23,23067.00,21052645
1787944965129,unknown,Stage0-6-0,0,-1,43913043,80000000,23,23469.00,21051904
1787944966113,unknown,Stage0-3-0,0,-1,9000000,9000000,1,1531.00,1374629
1787944966114,unknown,Stage0-0-0,0,-1,10000000,15000000,2,1531.00,1376160
1787944966115,unknown,Stage0-7-0,0,-1,47478260,93000000,23,23231.00,21075373
1787944966115,unknown,Stage0-4-0,0,-1,36521739,65000000,23,23445.55,21098842
1787944966120,unknown,Stage0-1-0,0,-1,14000000,14000000,1,1529.47,1374629
1787944966123,unknown,Stage0-2-0,0,-1,11000000,11000000,1,1531.00,1374629
1787944966124,unknown,Stage0-5-0,0,-1,53652173,102000000,23,23280.00,21075925
1787944966131,unknown,Stage0-6-0,0,-1,26916666,60000000,24,23422.16,21075373
1787944967114,unknown,Stage0-3-0,0,-1,12000000,19000000,2,1529.47,1376160
1787944967114,unknown,Stage0-0-0,0,-1,9000000,9000000,1,1531.00,1377691
1787944967115,unknown,Stage0-7-0,0,-1,39217391,73000000,23,23469.00,21098842
1787944967115,unknown,Stage0-4-0,0,-1,50625000,93000000,24,23469.00,21122311
1787944967120,unknown,Stage0-1-0,0,-1,13500000,20000000,2,1531.00,1376160
1787944967123,unknown,Stage0-2-0,0,-1,13000000,19000000,2,1531.00,1376160
1787944967124,unknown,Stage0-5-0,0,-1,47250000,96000000,24,23784.00,21099709
1787944967131,unknown,Stage0-6-0,0,-1,43043478,81000000,23,23525.00,21098898
1787944968115,unknown,Stage0-0-0,0,-1,9000000,14000000,2,1529.47,1379222
1787944968115,unknown,Stage0-3-0,0,-1,9000000,9000000,1,1529.47,1377691
1787944968115,unknown,Stage0-7-0,0,-1,39750000,78000000,24,23469.00,21122311
1787944968115,unknown,Stage0-4-0,0,-1,40347826,75000000,23,23469.00,21145780
1787944968121,unknown,Stage0-1-0,0,-1,12000000,12000000,1,1529.47,1377691
1787944968124,unknown,Stage0-5-0,0,-1,41652173,87000000,23,23169.00,21122878
1787944968125,unknown,Stage0-2-0,0,-1,13000000,13000000,1,1527.94,1377691
1787944968131,unknown,Stage0-6-0,0,-1,49375000,96000000,24,23413.00,21122311
1787944969115,unknown,Stage0-0-0,0,-1,9000000,9000000,1,1531.00,1380753
1787944969115,unknown,Stage0-3-0,0,-1,9000000,13000000,2,1531.00,1379222
1787944969115,unknown,Stage0-4-0,0,-1,44833333,96000000,24,23469.00,21169249
1787944969117,unknown,Stage0-7-0,0,-1,39739130,76000000,23,23422.16,21145780
1787944969121,unknown,Stage0-1-0,0,-1,13000000,20000000,2,1531.00,1379222
1787944969124,unknown,Stage0-5-0,0,-1,45583333,90000000,24,23313.00,21146191
1787944969129,unknown,Stage0-2-0,0,-1,10500000,15000000,2,1524.90,1379222
1787944969131,unknown,Stage0-6-0,0,-1,38260869,76000000,23,23469.00,21145780
1787944970116,unknown,Stage0-0-0,0,-1,8500000,13000000,2,1529.47,1382284
1787944970116,unknown,Stage0-3-0,0,-1,9000000,9000000,1,1529.47,1380753
1787944970116,unknown,Stage0-4-0,0,-1,39869565,85000000,23,23445.55,21192718
1787944970117,unknown,Stage0-7-0,0,-1,40875000,76000000,24,23534.00,21169314
1787944970122,unknown,Stage0-1-0,0,-1,12000000,12000000,1,1529.47,1380753
1787944970124,unknown,Stage0-5-0,0,-1,36739130,69000000,23,23350.00,21169541
1787944970129,unknown,Stage0-2-0,0,-1,13000000,13000000,1,1531.00,1380753
1787944970132,unknown,Stage0-6-0,0,-1,35583333,76000000,24,23445.55,21169249
1787944971116,unknown,Stage0-0-0,0,-1,8000000,8000000,1,1531.00,1383815
1787944971116,unknown,Stage0-3-0,0,-1,8500000,13000000,2,1531.00,1382284
1787944971117,unknown,Stage0-4-0,0,-1,43708333,79000000,24,23445.55,21216187
1787944971117,unknown,Stage0-7-0,0,-1,33565217,59000000,23,23404.00,21192718
1787944971122,unknown,Stage0-1-0,0,-1,11500000,18000000,2,1531.00,1382284
1787944971124,unknown,Stage0-5-0,0,-1,49043478,94000000,23,23429.00,21192970
1787944971129,unknown,Stage0-2-0,0,-1,12000000,16000000,2,1665.00,1382418
1787944971132,unknown,Stage0-6-0,0,-1,35347826,66000000,23,23469.00,21192718
1787944972116,unknown,Stage0-3-0,0,-1,8000000,8000000,1,1531.00,1383815
1787944972117,unknown,Stage0-0-0,0,-1,8500000,13000000,2,1529.47,1385346
1787944972117,unknown,Stage0-7-0,0,-1,49166666,102000000,24,23469.00,21216187
1787944972118,unknown,Stage0-4-0,0,-1,38608695,82000000,23,23445.55,21239656
1787944972123,unknown,Stage0-1-0,0,-1,11000000,11000000,1,1529.47,1383815
1787944972124,unknown,Stage0-5-0,0,-1,50083333,99000000,24,23494.00,21216464
1787944972129,unknown,Stage0-2-0,0,-1,10000000,10000000,1,1546.00,1383964
1787944972133,unknown,Stage0-6-0,0,-1,46166666,87000000,24,23445.55,21216187
1787944973117,unknown,Stage0-0-0,0,-1,8000000,8000000,1,1531.00,1386877
1787944973117,unknown,Stage0-3-0,0,-1,7500000,12000000,2,1529.47,1385346
1787944973118,unknown,Stage0-4-0,0,-1,42208333,75000000,24,23469.00,21263125
1787944973118,unknown,Stage0-7-0,0,-1,47608695,96000000,23,23445.55,21239656
1787944973123,unknown,Stage0-1-0,0,-1,10000000,17000000,2,1531.00,1385346
1787944973124,unknown,Stage0-5-0,0,-1,32826086,55000000,23,23277.00,21239741
1787944973129,unknown,Stage0-2-0,0,-1,8500000,13000000,2,1500.00,1385464
1787944973133,unknown,Stage0-6-0,0,-1,45478260,86000000,23,23469.00,21239656
1787944974118,unknown,Stage0-3-0,0,-1,7000000,7000000,1,1529.47,1386877
1787944974118,unknown,Stage0-0-0,0,-1,10000000,17000000,2,1529.47,1388408
1787944974119,unknown,Stage0-7-0,0,-1,34500000,70000000,24,23445.55,21263125
1787944974119,unknown,Stage0-4-0,0,-1,41434782,70000000,23,23445.55,21286594
1787944974124,unknown,Stage0-5-0,0,-1,38250000,69000000,24,23399.00,21263140
1787944974124,unknown,Stage0-1-0,0,-1,10000000,10000000,1,1529.47,1386877
1787944974129,unknown,Stage0-2-0,0,-1,10000000,10000000,1,1518.00,1386982
1787944974134,unknown,Stage0-6-0,0,-1,41208333,74000000,24,23445.55,21263125
1787944975119,unknown,Stage0-0-0,0,-1,7000000,7000000,1,1529.47,1389939
1787944975119,unknown,Stage0-3-0,0,-1,7500000,12000000,2,1529.47,1388408
1787944975119,unknown,Stage0-4-0,0,-1,32916666,60000000,24,23469.00,21310063
1787944975120,unknown,Stage0-7-0,0,-1,41521739,78000000,23,23445.55,21286594
1787944975124,unknown,Stage0-5-0,0,-1,37086956,62000000,23,23454.00,21286594
1787944975124,unknown,Stage0-1-0,0,-1,8000000,13000000,2,1531.00,1388408
1787944975129,unknown,Stage0-2-0,0,-1,7500000,12000000,2,1458.00,1388440
1787944975140,unknown,Stage0-6-0,0,-1,34434782,67000000,23,23329.03,21286594
1787944976119,unknown,Stage0-3-0,0,-1,7000000,7000000,1,1531.00,1389939
1787944976119,unknown,Stage0-0-0,0,-1,6500000,11000000,2,1531.00,1391470
1787944976119,unknown,Stage0-4-0,0,-1,39521739,84000000,23,23469.00,21333532
1787944976120,unknown,Stage0-7-0,0,-1,44916666,84000000,24,23562.00,21310156
1787944976125,unknown,Stage0-5-0,0,-1,42291666,86000000,24,23445.55,21310063
1787944976125,unknown,Stage0-1-0,0,-1,10000000,10000000,1,1529.47,1389939
1787944976129,unknown,Stage0-2-0,0,-1,10000000,10000000,1,1499.00,1389939
1787944976140,unknown,Stage0-6-0,0,-1,44800000,87000000,25,24646.00,21311240
1787944977120,unknown,Stage0-7-0,0,-1,37086956,74000000,23,23397.00,21333553
1787944977120,unknown,Stage0-3-0,0,-1,6500000,11000000,2,1529.47,1391470
1787944977120,unknown,Stage0-4-0,0,-1,39083333,84000000,24,23445.55,21357001
1787944977120,unknown,Stage0-0-0,0,-1,9000000,11000000,2,1529.47,1393001
1787944977125,unknown,Stage0-5-0,0,-1,32826086,60000000,23,23469.00,21333532
1787944977129,unknown,Stage0-2-0,0,-1,9500000,16000000,2,1531.00,1391470
1787944977132,unknown,Stage0-1-0,0,-1,7000000,12000000,2,1520.36,1391470
1787944977140,unknown,Stage0-6-0,0,-1,33086956,68000000,23,23217.00,21334457
1787944978120,unknown,Stage0-0-0,0,-1,11000000,11000000,1,1531.00,1394532
1787944978120,unknown,Stage0-3-0,0,-1,10500000,15000000,2,1531.00,1393001
1787944978121,unknown,Stage0-7-0,0,-1,39333333,71000000,24,23424.58,21357001
1787944978121,unknown,Stage0-4-0,0,-1,36739130,74000000,23,23445.55,21380470
1787944978127,unknown,Stage0-5-0,0,-1,49041666,92000000,24,23422.16,21357001
1787944978130,unknown,Stage0-2-0,0,-1,11500000,16000000,2,1529.47,1393001
1787944978132,unknown,Stage0-1-0,0,-1,18000000,23000000,2,1826.00,1393296
1787944978140,unknown,Stage0-6-0,0,-1,41913043,83000000,23,23039.00,21357496
1787944979121,unknown,Stage0-0-0,0,-1,9500000,14000000,2,1529.47,1396063
1787944979121,unknown,Stage0-3-0,0,-1,14000000,14000000,1,1529.47,1394532
1787944979121,unknown,Stage0-7-0,0,-1,45434782,90000000,23,23469.00,21380470
1787944979122,unknown,Stage0-4-0,0,-1,33652173,64000000,23,23445.55,21403939
1787944979127,unknown,Stage0-5-0,0,-1,38565217,76000000,23,23469.00,21380470
1787944979130,unknown,Stage0-2-0,0,-1,15000000,15000000,1,1531.00,1394532
1787944979132,unknown,Stage0-1-0,0,-1,14000000,14000000,1,1532.00,1394828
1787944979141,unknown,Stage0-6-0,0,-1,50565217,95000000,23,22951.05,21380470
1787944980121,unknown,Stage0-0-0,0,-1,14000000,14000000,1,1531.00,1397594
1787944980121,unknown,Stage0-3-0,0,-1,14500000,21000000,2,1531.00,1396063
1787944980122,unknown,Stage0-4-0,0,-1,52458333,105000000,24,23469.00,21427408
1787944980122,unknown,Stage0-7-0,0,-1,31521739,54000000,23,23445.55,21403939
1787944980128,unknown,Stage0-5-0,0,-1,34478260,67000000,23,23445.55,21403939
1787944980132,unknown,Stage0-1-0,0,-1,10500000,15000000,2,1417.00,1396245
1787944980141,unknown,Stage0-6-0,0,-1,52750000,100000000,24,23969.00,21404439
1787944980141,unknown,Stage0-2-0,0,-1,14000000,20000000,2,1514.34,1396063
1787944981123,unknown,Stage0-0-0,0,-1,9000000,13000000,2,1527.94,1399125
1787944981122,unknown,Stage0-3-0,0,-1,14000000,14000000,1,1529.47,1397594
1787944981123,unknown,Stage0-7-0,0,-1,46291666,91000000,24,23445.55,21427408
1787944981123,unknown,Stage0-4-0,0,-1,35130434,72000000,23,23445.55,21450877
1787944981129,unknown,Stage0-5-0,0,-1,37208333,66000000,24,23445.55,21427408
1787944981132,unknown,Stage0-1-0,0,-1,12000000,12000000,1,1446.00,1397691
1787944981141,unknown,Stage0-6-0,0,-1,41173913,73000000,23,23001.00,21427440
1787944981141,unknown,Stage0-2-0,0,-1,23000000,23000000,1,1849.00,1397912
1787944982123,unknown,Stage0-0-0,0,-1,12000000,12000000,1,1531.00,1400656
1787944982123,unknown,Stage0-3-0,0,-1,13000000,19000000,2,1529.47,1399125
1787944982123,unknown,Stage0-7-0,0,-1,43782608,88000000,23,23469.00,21450877
1787944982124,unknown,Stage0-4-0,0,-1,41666666,86000000,24,23445.55,21474346
1787944982129,unknown,Stage0-5-0,0,-1,55695652,108000000,23,23469.00,21450877
1787944982132,unknown,Stage0-1-0,0,-1,14500000,21000000,2,1465.00,1399156
1787944982141,unknown,Stage0-6-0,0,-1,38956521,75000000,23,23549.00,21450989
1787944982141,unknown,Stage0-2-0,0,-1,16500000,21000000,2,1895.00,1399807
1787944983123,unknown,Stage0-0-0,0,-1,12000000,18000000,2,1531.00,1402187
1787944983123,unknown,Stage0-7-0,0,-1,38125000,75000000,24,23469.00,21474346
1787944983123,unknown,Stage0-3-0,0,-1,23000000,23000000,1,1531.00,1400656
1787944983124,unknown,Stage0-4-0,0,-1,38608695,76000000,23,23537.00,21497883
1787944983130,unknown,Stage0-5-0,0,-1,50083333,98000000,24,23445.55,21474346
1787944983132,unknown,Stage0-1-0,0,-1,11000000,11000000,1,1597.00,1400753
1787944983141,unknown,Stage0-6-0,0,-1,49916666,105000000,24,23615.00,21474604
1787944983141,unknown,Stage0-2-0,0,-1,9500000,13000000,2,1490.00,1401297
1787944984124,unknown,Stage0-7-0,0,-1,41521739,78000000,23,23445.55,21497815
1787944984124,unknown,Stage0-0-0,0,-1,13000000,13000000,1,1529.47,1403718
1787944984124,unknown,Stage0-3-0,0,-1,10000000,15000000,2,1529.47,1402187
1787944984124,unknown,Stage0-4-0,0,-1,35708333,70000000,24,23401.00,21521284
1787944984130,unknown,Stage0-5-0,0,-1,47739130,92000000,23,23469.00,21497815
1787944984132,unknown,Stage0-1-0,0,-1,13000000,20000000,2,1543.00,1402296
1787944984141,unknown,Stage0-2-0,0,-1,18000000,18000000,1,1480.00,1402777
1787944984141,unknown,Stage0-6-0,0,-1,44695652,86000000,23,23313.00,21497917
1787944985124,unknown,Stage0-3-0,0,-1,9000000,9000000,1,1531.00,1403718
1787944985124,unknown,Stage0-0-0,0,-1,12000000,18000000,2,1531.00,1405249
1787944985125,unknown,Stage0-4-0,0,-1,38913043,77000000,23,23445.55,21544753
1787944985125,unknown,Stage0-7-0,0,-1,47875000,102000000,24,23445.55,21521284
1787944985132,unknown,Stage0-1-0,0,-1,10000000,10000000,1,1460.00,1403756
1787944985136,unknown,Stage0-5-0,0,-1,53791666,106000000,24,23329.03,21521284
1787944985141,unknown,Stage0-2-0,0,-1,8500000,12000000,2,1531.00,1404308
1787944985141,unknown,Stage0-6-0,0,-1,40083333,80000000,24,23503.00,21521420
1787944986124,unknown,Stage0-3-0,0,-1,8500000,13000000,2,1531.00,1405249
1787944986125,unknown,Stage0-0-0,0,-1,10000000,10000000,1,1529.47,1406780
1787944986126,unknown,Stage0-4-0,0,-1,39541666,78000000,24,23445.55,21568222
1787944986126,unknown,Stage0-7-0,0,-1,37260869,70000000,23,23445.55,21544753
1787944986132,unknown,Stage0-1-0,0,-1,10500000,15000000,2,1493.00,1405249
1787944986136,unknown,Stage0-5-0,0,-1,43958333,90000000,24,24225.00,21545509
1787944986141,unknown,Stage0-2-0,0,-1,15000000,15000000,1,969.00,1405277
1787944986141,unknown,Stage0-6-0,0,-1,45304347,88000000,23,23347.00,21544767
1787944987125,unknown,Stage0-3-0,0,-1,10000000,10000000,1,1529.47,1406780
1787944987126,unknown,Stage0-7-0,0,-1,49333333,95000000,24,23469.00,21568222
1787944987126,unknown,Stage0-0-0,0,-1,9000000,14000000,2,1529.47,1408311
1787944987126,unknown,Stage0-4-0,0,-1,39217391,75000000,23,23469.00,21591691
1787944987132,unknown,Stage0-1-0,0,-1,11000000,11000000,1,1531.00,1406780
1787944987138,unknown,Stage0-5-0,0,-1,42304347,76000000,23,22667.66,21568222
1787944987141,unknown,Stage0-2-0,0,-1,11000000,18000000,2,1988.00,1407265
1787944987141,unknown,Stage0-6-0,0,-1,45208333,92000000,24,23472.00,21568239
1787944988126,unknown,Stage0-0-0,0,-1,10000000,10000000,1,1531.00,1409842
1787944988127,unknown,Stage0-3-0,0,-1,19000000,34000000,2,1527.94,1408311
1787944988127,unknown,Stage0-4-0,0,-1,38375000,81000000,24,23445.55,21615160
1787944988128,unknown,Stage0-7-0,0,-1,50739130,103000000,23,23422.16,21591691
1787944988133,unknown,Stage0-1-0,0,-1,10500000,17000000,2,1529.47,1408311
1787944988138,unknown,Stage0-5-0,0,-1,59608695,108000000,23,23469.00,21591691
1787944988141,unknown,Stage0-2-0,0,-1,17000000,17000000,1,1066.00,1408331
1787944988142,unknown,Stage0-6-0,0,-1,50260869,104000000,23,23428.57,21591691
1787944989127,unknown,Stage0-0-0,0,-1,9000000,15000000,2,1529.47,1411373
1787944989127,unknown,Stage0-3-0,0,-1,12000000,12000000,1,1531.00,1409842
1787944989127,unknown,Stage0-4-0,0,-1,71434782,130000000,23,23469.00,21638629
1787944989128,unknown,Stage0-7-0,0,-1,94250000,164000000,24,23469.00,21615160
1787944989133,unknown,Stage0-1-0,0,-1,10000000,10000000,1,1531.00,1409842
1787944989141,unknown,Stage0-2-0,0,-1,10000000,15000000,2,1789.00,1410120
1787944989144,unknown,Stage0-6-0,0,-1,77166666,138000000,24,23422.16,21615160
1787944989151,unknown,Stage0-5-0,0,-1,72583333,129000000,24,23506.42,21615503
1787944990127,unknown,Stage0-3-0,0,-1,12500000,20000000,2,1531.00,1411373
1787944990128,unknown,Stage0-0-0,0,-1,9000000,9000000,1,1529.47,1412904
1787944990128,unknown,Stage0-7-0,0,-1,77956521,141000000,23,23469.00,21638629
1787944990129,unknown,Stage0-4-0,0,-1,49250000,98000000,24,23422.16,21662098
1787944990140,unknown,Stage0-1-0,0,-1,11500000,20000000,2,1520.36,1411373
1787944990141,unknown,Stage0-2-0,0,-1,21000000,21000000,1,1253.00,1411373
1787944990144,unknown,Stage0-6-0,0,-1,71347826,129000000,23,23469.00,21638629
1787944990151,unknown,Stage0-5-0,0,-1,61115384,118000000,26,25626.00,21641129
1787944991128,unknown,Stage0-3-0,0,-1,12000000,12000000,1,1529.47,1412904
1787944991128,unknown,Stage0-0-0,0,-1,8500000,14000000,2,1531.00,1414435
1787944991129,unknown,Stage0-4-0,0,-1,66956521,130000000,23,23469.00,21685567
1787944991130,unknown,Stage0-7-0,0,-1,65750000,135000000,24,23422.16,21662098
1787944991140,unknown,Stage0-1-0,0,-1,10500000,18000000,2,1866.00,1413239
1787944991141,unknown,Stage0-2-0,0,-1,9000000,15000000,2,1776.00,1413149
1787944991145,unknown,Stage0-6-0,0,-1,64583333,127000000,24,23445.55,21662098
1787944991151,unknown,Stage0-5-0,0,-1,98304347,175000000,23,23504.00,21664633
1787944992128,unknown,Stage0-3-0,0,-1,9500000,16000000,2,1531.00,1414435
1787944992129,unknown,Stage0-0-0,0,-1,8000000,8000000,1,1529.47,1415966
1787944992129,unknown,Stage0-4-0,0,-1,73541666,137000000,24,23469.00,21709036
1787944992130,unknown,Stage0-7-0,0,-1,75956521,149000000,23,23612.00,21685710
1787944992140,unknown,Stage0-1-0,0,-1,19000000,19000000,1,1196.00,1414435
1787944992141,unknown,Stage0-2-0,0,-1,18000000,18000000,1,1494.00,1414643
1787944992145,unknown,Stage0-6-0,0,-1,65304347,123000000,23,23590.00,21685688
1787944992151,unknown,Stage0-5-0,0,-1,68541666,141000000,24,23454.00,21688087
1787944993128,unknown,Stage0-3-0,0,-1,11000000,11000000,1,1531.00,1415966
1787944993129,unknown,Stage0-0-0,0,-1,9500000,17000000,2,1531.00,1417497
1787944993130,unknown,Stage0-7-0,0,-1,66750000,125000000,24,23326.00,21709036
1787944993130,unknown,Stage0-4-0,0,-1,73652173,130000000,23,23445.55,21732505
1787944993140,unknown,Stage0-1-0,0,-1,8500000,15000000,2,1900.00,1416335
1787944993141,unknown,Stage0-2-0,0,-1,5500000,9000000,2,1500.00,1416143
1787944993145,unknown,Stage0-6-0,0,-1,61583333,115000000,24,23428.00,21709116
1787944993151,unknown,Stage0-5-0,0,-1,62521739,124000000,23,23605.00,21711692
1787944994129,unknown,Stage0-3-0,0,-1,8000000,14000000,2,1529.47,1417497
1787944994130,unknown,Stage0-7-0,0,-1,54565217,111000000,23,23469.00,21732505
1787944994130,unknown,Stage0-0-0,0,-1,15000000,21000000,2,1529.47,1419028
1787944994131,unknown,Stage0-4-0,0,-1,59260869,119000000,23,23445.55,21755974
1787944994140,unknown,Stage0-1-0,0,-1,14000000,14000000,1,1402.00,1417737
1787944994141,unknown,Stage0-2-0,0,-1,16000000,16000000,1,1381.00,1417524
1787944994147,unknown,Stage0-6-0,0,-1,70130434,128000000,23,23342.32,21732505
1787944994151,unknown,Stage0-5-0,0,-1,66869565,126000000,23,23119.00,21734811
1787944995129,unknown,Stage0-3-0,0,-1,14500000,21000000,2,1531.00,1419028
1787944995130,unknown,Stage0-7-0,0,-1,71000000,142000000,23,23469.00,21755974
1787944995131,unknown,Stage0-0-0,0,-1,16000000,16000000,1,1529.47,1420559
1787944995131,unknown,Stage0-4-0,0,-1,58958333,116000000,24,23469.00,21779443
1787944995140,unknown,Stage0-1-0,0,-1,16000000,22000000,2,1500.00,1419237
1787944995141,unknown,Stage0-2-0,0,-1,20000000,28000000,2,1533.00,1419057
1787944995147,unknown,Stage0-6-0,0,-1,56291666,112000000,24,23616.00,21756121
1787944995151,unknown,Stage0-5-0,0,-1,54416666,114000000,24,23254.00,21758065
1787944996129,unknown,Stage0-3-0,0,-1,14000000,14000000,1,1531.00,1420559
1787944996130,unknown,Stage0-7-0,0,-1,78208333,163000000,24,23469.00,21779443
1787944996131,unknown,Stage0-0-0,0,-1,15500000,24000000,2,1531.00,1422090
1787944996132,unknown,Stage0-4-0,0,-1,78260869,155000000,23,23445.55,21802912
1787944996140,unknown,Stage0-1-0,0,-1,15000000,15000000,1,1593.00,1420830
1787944996141,unknown,Stage0-2-0,0,-1,16000000,16000000,1,1578.00,1420635
1787944996151,unknown,Stage0-5-0,0,-1,76434782,140000000,23,23878.00,21781943
1787944996154,unknown,Stage0-6-0,0,-1,69347826,132000000,23,23159.88,21779443
1787944997130,unknown,Stage0-3-0,0,-1,13500000,20000000,2,1529.47,1422090
1787944997131,unknown,Stage0-7-0,0,-1,62565217,116000000,23,23445.55,21802912
1787944997133,unknown,Stage0-0-0,0,-1,17000000,17000000,1,1527.94,1423621
1787944997133,unknown,Stage0-4-0,0,-1,64833333,125000000,24,23445.55,21826381
1787944997140,unknown,Stage0-1-0,0,-1,11500000,16000000,2,1392.00,1422222
1787944997141,unknown,Stage0-2-0,0,-1,18000000,26000000,2,1514.00,1422149
1787944997151,unknown,Stage0-5-0,0,-1,59434782,119000000,23,23009.00,21804952
1787944997154,unknown,Stage0-6-0,0,-1,64083333,119000000,24,24149.00,21803592
1787944998131,unknown,Stage0-3-0,0,-1,13000000,13000000,1,1529.47,1423621
1787944998131,unknown,Stage0-7-0,0,-1,68750000,130000000,24,23469.00,21826381
1787944998133,unknown,Stage0-0-0,0,-1,44666666,89000000,6,5740.00,1429361
1787944998133,unknown,Stage0-4-0,0,-1,192465909,319000000,88,88010.00,21914391
1787944998140,unknown,Stage0-1-0,0,-1,15000000,15000000,1,1411.00,1423633
1787944998248,unknown,Stage0-6-0,0,-1,66086956,131000000,23,20830.90,21826381
1787944998248,unknown,Stage0-5-0,0,-1,81000000,155000000,22,20054.69,21826952
1787944998249,unknown,Stage0-2-0,0,-1,17000000,17000000,1,1328.52,1423621
1787944999131,unknown,Stage0-3-0,0,-1,126500000,176000000,6,5740.00,1429361
1787944999132,unknown,Stage0-7-0,0,-1,319159090,444000000,88,87922.08,21914391
1787944999133,unknown,Stage0-0-0,0,-1,171166666,236000000,6,5740.00,1435101
1787944999133,unknown,Stage0-4-0,0,-1,333988636,462000000,88,88010.00,22002401
1787944999140,unknown,Stage0-1-0,0,-1,155166666,187000000,6,5810.00,1429443
1787944999248,unknown,Stage0-6-0,0,-1,233045454,417000000,110,109823.00,21936204
1787944999248,unknown,Stage0-5-0,0,-1,247870370,418000000,108,107469.00,21934421
1787944999249,unknown,Stage0-2-0,0,-1,113454545,211000000,11,10794.00,1434415
1787945000131,unknown,Stage0-3-0,0,-1,34833333,58000000,6,5740.00,1435101
1787945000132,unknown,Stage0-7-0,0,-1,176318181,325000000,88,88010.00,22002401
1787945000133,unknown,Stage0-0-0,0,-1,48000000,80000000,5,5740.00,1440841
1787945000134,unknown,Stage0-4-0,0,-1,154556818,310000000,88,87922.08,22090411
1787945000140,unknown,Stage0-1-0,0,-1,37000000,59000000,6,5771.00,1435214
1787945000248,unknown,Stage0-6-0,0,-1,163724137,301000000,87,87469.00,22023673
1787945000248,unknown,Stage0-5-0,0,-1,189534883,330000000,86,86220.00,22020641
1787945001132,unknown,Stage0-3-0,0,-1,40600000,71000000,5,5734.27,1440841
1787945001133,unknown,Stage0-7-0,0,-1,165715909,265000000,88,87922.08,22090411
1787945001133,unknown,Stage0-0-0,0,-1,39666666,77000000,6,5740.00,1446581
1787945001134,unknown,Stage0-4-0,0,-1,162340909,268000000,88,88010.00,22178421
1787945001140,unknown,Stage0-1-0,0,-1,20200000,33000000,5,5695.00,1440909
1787945001141,unknown,Stage0-2-0,0,-1,50333333,102000000,6,3396.41,1440841
1787945001248,unknown,Stage0-6-0,0,-1,137694117,235000000,85,85192.00,22108865
1787945001248,unknown,Stage0-5-0,0,-1,148126436,241000000,87,86972.00,22107613
1787945002133,unknown,Stage0-3-0,0,-1,24333333,47000000,6,5734.27,1446581
1787945002133,unknown,Stage0-7-0,0,-1,195204545,332000000,88,88010.00,22178421
1787945002135,unknown,Stage0-0-0,0,-1,35166666,60000000,6,5728.54,1452321
1787945002135,unknown,Stage0-4-0,0,-1,159090909,284000000,88,87922.08,22266431
1787945002140,unknown,Stage0-1-0,0,-1,27833333,51000000,6,5672.00,1446581
1787945002149,unknown,Stage0-2-0,0,-1,33333333,62000000,6,5694.44,1446581
1787945002248,unknown,Stage0-6-0,0,-1,152244444,289000000,90,89408.00,22198273
1787945002248,unknown,Stage0-5-0,0,-1,160000000,308000000,94,94118.00,22201731
1787945003134,unknown,Stage0-3-0,0,-1,27000000,51000000,6,5734.27,1452321
1787945003134,unknown,Stage0-7-0,0,-1,163443181,288000000,88,87922.08,22266431
1787945003135,unknown,Stage0-0-0,0,-1,37333333,66000000,6,5740.00,1458061
1787945003136,unknown,Stage0-4-0,0,-1,169250000,291000000,88,87922.08,22354441
1787945003140,unknown,Stage0-1-0,0,-1,31500000,58000000,6,5778.00,1452359
1787945003149,unknown,Stage0-2-0,0,-1,49500000,84000000,6,6210.00,1452791
1787945003248,unknown,Stage0-6-0,0,-1,152517647,254000000,85,84774.00,22283047
1787945003248,unknown,Stage0-5-0,0,-1,158863636,298000000,88,87896.00,22289627
1787945004134,unknown,Stage0-3-0,0,-1,25833333,46000000,6,5740.00,1458061
1787945004134,unknown,Stage0-7-0,0,-1,151511363,274000000,88,88010.00,22354441
1787945004135,unknown,Stage0-0-0,0,-1,23800000,38000000,5,5740.00,1463801
1787945004136,unknown,Stage0-4-0,0,-1,169227272,324000000,88,88010.00,22442451
1787945004140,unknown,Stage0-1-0,0,-1,35000000,58000000,6,5702.00,1458061
1787945004149,unknown,Stage0-2-0,0,-1,36500000,59000000,6,5288.00,1458079
1787945004248,unknown,Stage0-6-0,0,-1,172825581,299000000,86,86057.00,22369104
1787945004249,unknown,Stage0-5-0,0,-1,145379310,277000000,87,86509.49,22376223
1787945005134,unknown,Stage0-3-0,0,-1,25400000,43000000,5,5740.00,1463801
1787945005135,unknown,Stage0-7-0,0,-1,193125000,327000000,88,87922.08,22442451
1787945005135,unknown,Stage0-0-0,0,-1,44333333,86000000,6,5740.00,1469541
1787945005136,unknown,Stage0-4-0,0,-1,187659090,339000000,88,88010.00,22530461
1787945005141,unknown,Stage0-1-0,0,-1,37400000,69000000,5,5734.27,1463801
1787945005149,unknown,Stage0-2-0,0,-1,48666666,94000000,6,6001.00,1464080
1787945005248,unknown,Stage0-6-0,0,-1,174273809,309000000,84,84176.00,22453280
1787945005249,unknown,Stage0-5-0,0,-1,157552941,298000000,85,85051.00,22461274
1787945006134,unknown,Stage0-3-0,0,-1,34333333,66000000,6,5740.00,1469541
1787945006135,unknown,Stage0-7-0,0,-1,209363636,335000000,88,88010.00,22530461
1787945006136,unknown,Stage0-0-0,0,-1,40333333,69000000,6,5734.27,1475281
1787945006136,unknown,Stage0-4-0,0,-1,168068181,306000000,88,88010.00,22618471
1787945006141,unknown,Stage0-1-0,0,-1,31500000,58000000,6,5773.00,1469574
1787945006150,unknown,Stage0-2-0,0,-1,44600000,66000000,5,5455.54,1469541
1787945006248,unknown,Stage0-6-0,0,-1,198758241,331000000,91,91315.00,22544595
1787945006249,unknown,Stage0-5-0,0,-1,178425287,316000000,87,87327.00,22548601
1787945007134,unknown,Stage0-3-0,0,-1,37833333,71000000,6,5740.00,1475281
1787945007135,unknown,Stage0-7-0,0,-1,190715909,350000000,88,88010.00,22618471
1787945007136,unknown,Stage0-0-0,0,-1,43166666,75000000,6,5742.00,1481023
1787945007137,unknown,Stage0-4-0,0,-1,212795454,395000000,88,87922.08,22706481
1787945007141,unknown,Stage0-1-0,0,-1,33833333,68000000,6,5707.00,1475281
1787945007151,unknown,Stage0-2-0,0,-1,46666666,73000000,6,5734.27,1475281
1787945007248,unknown,Stage0-6-0,0,-1,213837209,388000000,86,85905.00,22630500
1787945007249,unknown,Stage0-5-0,0,-1,187034883,340000000,86,85522.00,22634123
1787945008135,unknown,Stage0-3-0,0,-1,37500000,66000000,6,5734.27,1481021
1787945008136,unknown,Stage0-7-0,0,-1,193420454,358000000,88,87922.08,22706481
1787945008136,unknown,Stage0-0-0,0,-1,48000000,86000000,5,5738.00,1486761
1787945008137,unknown,Stage0-4-0,0,-1,234511363,473000000,88,88010.00,22794491
1787945008142,unknown,Stage0-1-0,0,-1,27166666,49000000,6,5734.27,1481021
1787945008151,unknown,Stage0-2-0,0,-1,80500000,123000000,6,5865.00,1481146
1787945008248,unknown,Stage0-6-0,0,-1,202670329,384000000,91,90778.00,22721278
1787945008249,unknown,Stage0-5-0,0,-1,235797752,453000000,89,89770.00,22723893
1787945009136,unknown,Stage0-3-0,0,-1,29800000,51000000,5,5734.27,1486761
1787945009137,unknown,Stage0-7-0,0,-1,239420454,426000000,88,87922.08,22794491
1787945009137,unknown,Stage0-0-0,0,-1,40500000,94000000,6,5734.27,1492501
1787945009138,unknown,Stage0-4-0,0,-1,237284090,467000000,88,87922.08,22882501
1787945009142,unknown,Stage0-1-0,0,-1,43800000,75000000,5,5740.00,1486761
1787945009151,unknown,Stage0-2-0,0,-1,40333333,71000000,6,5896.00,1487042
1787945009248,unknown,Stage0-6-0,0,-1,227241379,425000000,87,87167.00,22808445
1787945009249,unknown,Stage0-5-0,0,-1,211911111,432000000,90,89402.00,22813295
1787945010136,unknown,Stage0-3-0,0,-1,30000000,55000000,6,5740.00,1492501
1787945010137,unknown,Stage0-7-0,0,-1,215090909,450000000,88,88010.00,22882501
1787945010137,unknown,Stage0-0-0,0,-1,44333333,81000000,6,5740.00,1498241
1787945010138,unknown,Stage0-4-0,0,-1,181727272,411000000,88,88010.00,22970511
1787945010143,unknown,Stage0-1-0,0,-1,31833333,65000000,6,5734.27,1492501
1787945010151,unknown,Stage0-2-0,0,-1,49200000,78000000,5,5762.00,1492804
1787945010248,unknown,Stage0-6-0,0,-1,221731182,419000000,93,92998.00,22901443
1787945010249,unknown,Stage0-5-0,0,-1,207287234,428000000,94,93826.00,22907121
1787945011137,unknown,Stage0-3-0,0,-1,26666666,47000000,6,5734.27,1498241
1787945011138,unknown,Stage0-7-0,0,-1,179431818,341000000,88,87922.08,22970511
1787945011138,unknown,Stage0-0-0,0,-1,45600000,73000000,5,5734.27,1503981
1787945011138,unknown,Stage0-4-0,0,-1,170454545,335000000,88,88010.00,23058521
1787945011143,unknown,Stage0-1-0,0,-1,37166666,72000000,6,5741.00,1498242
1787945011152,unknown,Stage0-2-0,0,-1,39333333,73000000,6,5431.57,1498241
1787945011248,unknown,Stage0-6-0,0,-1,159310344,320000000,87,86615.00,22988058
1787945011249,unknown,Stage0-5-0,0,-1,180321428,345000000,84,84345.00,22991466
1787945012137,unknown,Stage0-3-0,0,-1,25600000,43000000,5,5740.00,1503981
1787945012138,unknown,Stage0-7-0,0,-1,162681818,321000000,88,88011.00,23058522
1787945012138,unknown,Stage0-0-0,0,-1,32500000,67000000,6,5740.00,1509721
1787945012138,unknown,Stage0-4-0,0,-1,154954545,312000000,88,88010.00,23146531
1787945012143,unknown,Stage0-1-0,0,-1,33600000,63000000,5,5739.00,1503981
1787945012152,unknown,Stage0-2-0,0,-1,36333333,73000000,6,6066.00,1504307
1787945012248,unknown,Stage0-6-0,0,-1,194758620,368000000,87,87378.00,23075436
1787945012249,unknown,Stage0-5-0,0,-1,191247191,365000000,89,89523.00,23080989
1787945013138,unknown,Stage0-0-0,0,-1,23666666,46000000,6,5740.00,1515461
1787945013139,unknown,Stage0-3-0,0,-1,21166666,41000000,6,5728.54,1509721
1787945013139,unknown,Stage0-4-0,0,-1,170306818,342000000,88,87922.08,23234541
1787945013139,unknown,Stage0-7-0,0,-1,187556818,388000000,88,87921.08,23146531
1787945013143,unknown,Stage0-1-0,0,-1,22000000,41000000,6,5740.00,1509721
1787945013152,unknown,Stage0-2-0,0,-1,40200000,65000000,5,5685.00,1509992
1787945013248,unknown,Stage0-6-0,0,-1,190056818,368000000,88,88170.00,23163606
1787945013249,unknown,Stage0-5-0,0,-1,175976470,367000000,85,84839.00,23165828
1787945014139,unknown,Stage0-3-0,0,-1,27166666,54000000,6,5747.00,1515468
1787945014139,unknown,Stage0-7-0,0,-1,163840909,342000000,88,88010.00,23234541
1787945014139,unknown,Stage0-0-0,0,-1,35500000,72000000,6,5734.27,1521201
1787945014140,unknown,Stage0-4-0,0,-1,186397727,372000000,88,87922.08,23322551
1787945014144,unknown,Stage0-1-0,0,-1,26666666,48000000,6,5734.27,1515461
1787945014152,unknown,Stage0-2-0,0,-1,39333333,76000000,6,5697.00,1515689
1787945014248,unknown,Stage0-6-0,0,-1,198224719,393000000,89,89286.00,23252892
1787945014249,unknown,Stage0-5-0,0,-1,181238636,373000000,88,88073.00,23253901
1787945015139,unknown,Stage0-7-0,0,-1,164329545,335000000,88,88010.00,23322551
1787945015139,unknown,Stage0-3-0,0,-1,34333333,64000000,6,5733.00,1521201
1787945015140,unknown,Stage0-0-0,0,-1,41400000,65000000,5,5734.27,1526941
1787945015141,unknown,Stage0-4-0,0,-1,150227272,309000000,88,87922.08,23410561
1787945015144,unknown,Stage0-1-0,0,-1,27500000,49000000,6,5740.00,1521201
1787945015152,unknown,Stage0-2-0,0,-1,41000000,74000000,6,5745.00,1521434
1787945015248,unknown,Stage0-6-0,0,-1,183662921,363000000,89,88583.00,23341475
1787945015249,unknown,Stage0-5-0,0,-1,173534090,347000000,88,87477.00,23341378
1787945016140,unknown,Stage0-3-0,0,-1,33800000,53000000,5,5734.27,1526941
1787945016140,unknown,Stage0-7-0,0,-1,167363636,329000000,88,87922.08,23410561
1787945016141,unknown,Stage0-0-0,0,-1,27000000,52000000,6,5734.27,1532681
1787945016141,unknown,Stage0-4-0,0,-1,174556818,356000000,88,88010.00,23498571
1787945016144,unknown,Stage0-1-0,0,-1,24200000,39000000,5,5740.00,1526941
1787945016152,unknown,Stage0-2-0,0,-1,33500000,67000000,6,5677.00,1527111
1787945016248,unknown,Stage0-6-0,0,-1,169275862,342000000,87,86556.00,23428031
1787945016249,unknown,Stage0-5-0,0,-1,198056818,392000000,88,88510.00,23429888
1787945017140,unknown,Stage0-3-0,0,-1,25833333,51000000,6,5740.00,1532681
1787945017141,unknown,Stage0-7-0,0,-1,160250000,341000000,88,87922.08,23498571
1787945017141,unknown,Stage0-0-0,0,-1,31833333,63000000,6,5740.00,1538421
1787945017142,unknown,Stage0-4-0,0,-1,170443181,363000000,88,87922.08,23586581
1787945017145,unknown,Stage0-1-0,0,-1,24666666,47000000,6,5734.27,1532681
1787945017152,unknown,Stage0-2-0,0,-1,48000000,72000000,5,5738.00,1532849
1787945017248,unknown,Stage0-6-0,0,-1,193965909,370000000,88,88163.00,23516194
1787945017249,unknown,Stage0-5-0,0,-1,206862068,392000000,87,86219.00,23516107
1787945018141,unknown,Stage0-3-0,0,-1,26166666,49000000,6,5734.27,1538421
1787945018141,unknown,Stage0-7-0,0,-1,202272727,380000000,88,88010.00,23586581
1787945018141,unknown,Stage0-0-0,0,-1,47000000,86000000,6,5740.00,1544161
1787945018142,unknown,Stage0-4-0,0,-1,146284090,314000000,88,88010.00,23674591
1787945018145,unknown,Stage0-1-0,0,-1,35333333,73000000,6,5740.00,1538421
1787945018152,unknown,Stage0-2-0,0,-1,52833333,90000000,6,5673.00,1538522
1787945018248,unknown,Stage0-6-0,0,-1,181804878,347000000,82,82516.00,23598710
1787945018249,unknown,Stage0-5-0,0,-1,196465909,372000000,88,88682.00,23604789
1787945019141,unknown,Stage0-3-0,0,-1,35333333,71000000,6,5740.00,1544161
1787945019142,unknown,Stage0-7-0,0,-1,199136363,377000000,88,87922.08,23674591
1787945019142,unknown,Stage0-0-0,0,-1,46400000,87000000,5,5734.27,1549901
1787945019142,unknown,Stage0-4-0,0,-1,176977272,355000000,88,88010.00,23762601
1787945019145,unknown,Stage0-1-0,0,-1,24500000,45000000,6,5742.00,1544163
1787945019152,unknown,Stage0-2-0,0,-1,57333333,93000000,6,5688.00,1544210
1787945019248,unknown,Stage0-6-0,0,-1,204333333,401000000,93,92795.00,23691505
1787945019249,unknown,Stage0-5-0,0,-1,188932584,377000000,89,88447.00,23693236
1787945020141,unknown,Stage0-3-0,0,-1,31000000,58000000,5,5740.00,1549901
1787945020142,unknown,Stage0-7-0,0,-1,183022727,372000000,88,88010.00,23762601
1787945020142,unknown,Stage0-0-0,0,-1,24666666,48000000,6,5740.00,1555641
1787945020143,unknown,Stage0-4-0,0,-1,165704545,332000000,88,87922.08,23850611
1787945020145,unknown,Stage0-1-0,0,-1,31000000,50000000,5,5738.00,1549901
1787945020152,unknown,Stage0-2-0,0,-1,37000000,67000000,5,5733.00,1549943
1787945020248,unknown,Stage0-6-0,0,-1,170696629,359000000,89,88535.00,23780040
1787945020249,unknown,Stage0-5-0,0,-1,189386363,369000000,88,88292.00,23781528
1787945021141,unknown,Stage0-3-0,0,-1,25666666,53000000,6,5740.00,1555641
1787945021142,unknown,Stage0-7-0,0,-1,199943181,376000000,88,88010.00,23850611
1787945021143,unknown,Stage0-0-0,0,-1,28666666,51000000,6,5734.27,1561381
1787945021143,unknown,Stage0-4-0,0,-1,178670454,357000000,88,88010.00,23938621
1787945021146,unknown,Stage0-1-0,0,-1,27833333,57000000,6,5734.27,1555641
1787945021152,unknown,Stage0-2-0,0,-1,36333333,73000000,6,5744.00,1555687
1787945021248,unknown,Stage0-6-0,0,-1,178174418,347000000,86,86725.00,23866765
1787945021249,unknown,Stage0-5-0,0,-1,194325842,381000000,89,88860.00,23870388
1787945022141,unknown,Stage0-3-0,0,-1,29500000,56000000,6,5740.00,1561381
1787945022142,unknown,Stage0-7-0,0,-1,183181818,364000000,88,88010.00,23938621
1787945022143,unknown,Stage0-0-0,0,-1,34500000,67000000,6,5740.00,1567121
1787945022144,unknown,Stage0-4-0,0,-1,162306818,338000000,88,87922.08,24026631
1787945022146,unknown,Stage0-1-0,0,-1,32666666,69000000,6,5740.00,1561381
1787945022152,unknown,Stage0-2-0,0,-1,38333333,70000000,6,5710.00,1561397
1787945022248,unknown,Stage0-6-0,0,-1,173784090,352000000,88,87938.00,23954703
1787945022249,unknown,Stage0-5-0,0,-1,188139534,367000000,86,86447.00,23956835
1787945023143,unknown,Stage0-7-0,0,-1,174954545,356000000,88,87922.08,24026631
1787945023144,unknown,Stage0-0-0,0,-1,35400000,60000000,5,5734.27,1572861
1787945023145,unknown,Stage0-4-0,0,-1,169056818,357000000,88,87922.08,24114641
1787945023146,unknown,Stage0-3-0,0,-1,26333333,49000000,6,5711.44,1567121
1787945023147,unknown,Stage0-1-0,0,-1,41000000,75000000,6,5734.27,1567121
1787945023152,unknown,Stage0-2-0,0,-1,31500000,63000000,6,5724.00,1567121
1787945023248,unknown,Stage0-6-0,0,-1,195550561,378000000,89,88407.00,24043110
1787945023249,unknown,Stage0-5-0,0,-1,194056179,386000000,89,88298.00,24045133
1787945024143,unknown,Stage0-7-0,0,-1,205829545,413000000,88,88010.00,24114641
1787945024144,unknown,Stage0-0-0,0,-1,26500000,54000000,6,5740.00,1578601
1787945024145,unknown,Stage0-4-0,0,-1,201772727,391000000,88,88031.00,24202672
1787945024146,unknown,Stage0-3-0,0,-1,24666666,47000000,6,6019.00,1573140
1787945024148,unknown,Stage0-1-0,0,-1,38000000,64000000,5,5734.27,1572861
1787945024152,unknown,Stage0-2-0,0,-1,37800000,67000000,5,5740.00,1572861
1787945024248,unknown,Stage0-6-0,0,-1,216573170,397000000,82,82569.00,24125679
1787945024249,unknown,Stage0-5-0,0,-1,217037037,389000000,81,81780.00,24126913
1787945025144,unknown,Stage0-7-0,0,-1,265090909,509000000,88,87922.08,24202651
1787945025145,unknown,Stage0-4-0,0,-1,227318181,478000000,88,87989.00,24290661
1787945025145,unknown,Stage0-0-0,0,-1,33500000,59000000,6,5734.27,1584341
1787945025146,unknown,Stage0-3-0,0,-1,28600000,47000000,5,5638.00,1578778
1787945025149,unknown,Stage0-1-0,0,-1,28000000,65000000,6,5734.27,1578601
1787945025164,unknown,Stage0-2-0,0,-1,34166666,68000000,6,5671.94,1578601
1787945025248,unknown,Stage0-6-0,0,-1,241122222,468000000,90,89938.00,24215617
1787945025249,unknown,Stage0-5-0,0,-1,290136363,513000000,88,87389.00,24214302
1787945026144,unknown,Stage0-7-0,0,-1,297522727,517000000,88,88010.00,24290661
1787945026145,unknown,Stage0-0-0,0,-1,86000000,137000000,6,5740.00,1590081
1787945026146,unknown,Stage0-3-0,0,-1,43000000,86000000,6,5714.00,1584492
1787945026146,unknown,Stage0-4-0,0,-1,221318181,440000000,88,87922.08,24378671
1787945026149,unknown,Stage0-1-0,0,-1,48833333,88000000,6,5740.00,1584341
1787945026164,unknown,Stage0-2-0,0,-1,62166666,105000000,6,6259.00,1584860
1787945026248,unknown,Stage0-6-0,0,-1,240056818,474000000,88,88257.00,24303874
1787945026249,unknown,Stage0-5-0,0,-1,274616279,501000000,86,86087.00,24300389
1787945027145,unknown,Stage0-7-0,0,-1,260318181,500000000,88,87922.08,24378671
1787945027145,unknown,Stage0-0-0,0,-1,56400000,93000000,5,5740.00,1595821
1787945027146,unknown,Stage0-3-0,0,-1,46833333,86000000,6,5710.00,1590202
1787945027146,unknown,Stage0-4-0,0,-1,226215909,449000000,88,88010.00,24466681
1787945027150,unknown,Stage0-1-0,0,-1,52833333,92000000,6,5734.27,1590081
1787945027164,unknown,Stage0-2-0,0,-1,69500000,117000000,6,5221.00,1590081
1787945027248,unknown,Stage0-6-0,0,-1,244700000,506000000,90,89592.00,24393466
1787945027249,unknown,Stage0-5-0,0,-1,296494505,543000000,91,91075.00,24391464
1787945028145,unknown,Stage0-7-0,0,-1,220511363,385000000,88,88010.00,24466681
1787945028146,unknown,Stage0-3-0,0,-1,39800000,73000000,5,5699.00,1595901
1787945028146,unknown,Stage0-0-0,0,-1,44500000,86000000,6,5734.27,1601561
1787945028147,unknown,Stage0-4-0,0,-1,218931818,404000000,88,87922.08,24554691
1787945028151,unknown,Stage0-1-0,0,-1,49400000,86000000,5,5734.27,1595821
1787945028164,unknown,Stage0-2-0,0,-1,49833333,87000000,6,6228.00,1596309
1787945028248,unknown,Stage0-6-0,0,-1,191744444,377000000,90,90034.00,24483500
1787945028249,unknown,Stage0-5-0,0,-1,205489583,396000000,96,96070.00,24487534
1787945029146,unknown,Stage0-3-0,0,-1,25500000,49000000,6,5678.00,1601579
1787945029146,unknown,Stage0-7-0,0,-1,179704545,372000000,88,87922.08,24554691
1787945029146,unknown,Stage0-0-0,0,-1,43833333,76000000,6,5740.00,1607301
1787945029147,unknown,Stage0-4-0,0,-1,193068181,371000000,88,88010.00,24642701
1787945029151,unknown,Stage0-1-0,0,-1,31500000,69000000,6,5740.00,1601561
1787945029164,unknown,Stage0-2-0,0,-1,37000000,66000000,6,5835.00,1602144
1787945029248,unknown,Stage0-6-0,0,-1,188379310,383000000,87,87387.00,24570887
1787945029249,unknown,Stage0-5-0,0,-1,175611764,354000000,85,84916.00,24572450
1787945030146,unknown,Stage0-3-0,0,-1,33833333,71000000,6,5764.00,1607343
1787945030146,unknown,Stage0-7-0,0,-1,177306818,358000000,88,88010.00,24642701
1787945030147,unknown,Stage0-0-0,0,-1,42000000,75000000,6,5734.27,1613041
1787945030148,unknown,Stage0-4-0,0,-1,190295454,375000000,88,87922.08,24730711
1787945030153,unknown,Stage0-1-0,0,-1,42166666,74000000,6,5728.54,1607301
1787945030164,unknown,Stage0-2-0,0,-1,42200000,68000000,5,5157.00,1607301
1787945030248,unknown,Stage0-6-0,0,-1,171224719,351000000,89,88664.00,24659551
1787945030249,unknown,Stage0-5-0,0,-1,195000000,376000000,87,86603.00,24659053
1787945031146,unknown,Stage0-7-0,0,-1,337136363,678000000,88,88074.00,24730775
1787945031146,unknown,Stage0-3-0,0,-1,32833333,55000000,6,5716.00,1613059
1787945031147,unknown,Stage0-0-0,0,-1,55800000,97000000,5,5740.00,1618781
1787945031148,unknown,Stage0-4-0,0,-1,316670454,688000000,88,88010.00,24818721
1787945031153,unknown,Stage0-1-0,0,-1,36666666,59000000,6,5740.00,1613041
1787945031164,unknown,Stage0-2-0,0,-1,68833333,101000000,6,6240.00,1613541
1787945031248,unknown,Stage0-6-0,0,-1,355023255,685000000,86,85700.00,24745251
1787945031249,unknown,Stage0-5-0,0,-1,353898876,685000000,89,89165.00,24748218
1787945032146,unknown,Stage0-3-0,0,-1,27000000,48000000,5,5722.00,1618781
1787945032146,unknown,Stage0-7-0,0,-1,175352272,333000000,88,87946.00,24818721
1787945032148,unknown,Stage0-0-0,0,-1,34333333,69000000,6,5734.27,1624521
1787945032148,unknown,Stage0-4-0,0,-1,186863636,355000000,88,88010.00,24906731
1787945032153,unknown,Stage0-1-0,0,-1,28600000,46000000,5,5833.00,1618874
1787945032164,unknown,Stage0-2-0,0,-1,34166666,67000000,6,5766.00,1619307
1787945032248,unknown,Stage0-6-0,0,-1,194816091,360000000,87,87477.00,24832728
1787945032249,unknown,Stage0-5-0,0,-1,179310344,340000000,87,87554.00,24835772
1787945033146,unknown,Stage0-3-0,0,-1,23833333,47000000,6,5740.00,1624521
1787945033147,unknown,Stage0-7-0,0,-1,194977272,360000000,88,87922.08,24906731
1787945033148,unknown,Stage0-0-0,0,-1,37833333,69000000,6,5740.00,1630261
1787945033148,unknown,Stage0-4-0,0,-1,186068181,385000000,88,88010.00,24994741
1787945033153,unknown,Stage0-1-0,0,-1,24666666,48000000,6,5647.00,1624521
1787945033164,unknown,Stage0-2-0,0,-1,44200000,71000000,5,5687.00,1624994
1787945033248,unknown,Stage0-6-0,0,-1,197303370,388000000,89,88327.00,24921055
1787945033249,unknown,Stage0-5-0,0,-1,184460674,361000000,89,88528.00,24924300
1787945034147,unknown,Stage0-7-0,0,-1,200875000,384000000,88,88010.00,24994741
1787945034147,unknown,Stage0-3-0,0,-1,25000000,46000000,6,5734.27,1630261
1787945034148,unknown,Stage0-0-0,0,-1,52666666,84000000,6,5740.00,1636001
1787945034151,unknown,Stage0-4-0,0,-1,193522727,368000000,88,87746.76,25082751
1787945034153,unknown,Stage0-1-0,0,-1,38000000,68000000,6,5772.00,1630293
1787945034164,unknown,Stage0-2-0,0,-1,44500000,71000000,6,5674.00,1630668
1787945034248,unknown,Stage0-6-0,0,-1,208569892,414000000,93,93268.00,25014323
1787945034249,unknown,Stage0-5-0,0,-1,192313953,370000000,86,86246.00,25010546
1787945035147,unknown,Stage0-3-0,0,-1,30666666,55000000,6,5740.00,1636001
1787945035147,unknown,Stage0-7-0,0,-1,168352272,326000000,88,88010.00,25082751
1787945035148,unknown,Stage0-0-0,0,-1,36600000,65000000,5,5740.00,1641741
1787945035151,unknown,Stage0-4-0,0,-1,173471910,345000000,89,88270.00,25171021
1787945035153,unknown,Stage0-1-0,0,-1,40333333,74000000,6,5723.00,1636016
1787945035164,unknown,Stage0-2-0,0,-1,43333333,70000000,6,5595.00,1636263
1787945035248,unknown,Stage0-6-0,0,-1,170074074,326000000,81,81127.00,25095450
1787945035249,unknown,Stage0-5-0,0,-1,190494382,377000000,89,89026.00,25099572
1787945036147,unknown,Stage0-3-0,0,-1,42600000,72000000,5,5740.00,1641741
1787945036148,unknown,Stage0-7-0,0,-1,191795454,350000000,88,87922.08,25170761
1787945036149,unknown,Stage0-0-0,0,-1,48333333,84000000,6,5734.27,1647481
1787945036151,unknown,Stage0-4-0,0,-1,169333333,340000000,87,87940.00,25258961
1787945036155,unknown,Stage0-1-0,0,-1,30600000,55000000,5,5713.57,1641741
1787945036164,unknown,Stage0-2-0,0,-1,42833333,79000000,6,5845.00,1642108
1787945036248,unknown,Stage0-6-0,0,-1,225393258,404000000,89,89434.00,25184884
1787945036249,unknown,Stage0-5-0,0,-1,219919540,404000000,87,87270.00,25186842
1787945037148,unknown,Stage0-3-0,0,-1,32666666,61000000,6,5734.27,1647481
1787945037148,unknown,Stage0-7-0,0,-1,208988636,364000000,88,88010.00,25258771
1787945037149,unknown,Stage0-0-0,0,-1,38166666,72000000,6,5740.00,1653221
1787945037151,unknown,Stage0-4-0,0,-1,202420454,365000000,88,87908.00,25346869
1787945037155,unknown,Stage0-1-0,0,-1,30166666,57000000,6,5797.00,1647538
1787945037164,unknown,Stage0-2-0,0,-1,42400000,68000000,5,5590.00,1647698
1787945037248,unknown,Stage0-6-0,0,-1,183595505,349000000,89,88784.00,25273668
1787945037249,unknown,Stage0-5-0,0,-1,183626373,357000000,91,90266.00,25277108
1787945038149,unknown,Stage0-3-0,0,-1,28833333,58000000,6,5734.27,1653221
1787945038149,unknown,Stage0-7-0,0,-1,163227272,323000000,88,87922.08,25346781
1787945038150,unknown,Stage0-0-0,0,-1,36400000,63000000,5,5734.27,1658961
1787945038151,unknown,Stage0-4-0,0,-1,182045454,363000000,88,87922.00,25434791
1787945038157,unknown,Stage0-1-0,0,-1,38500000,68000000,6,5671.66,1653221
1787945038164,unknown,Stage0-2-0,0,-1,44000000,71000000,6,5523.00,1653221
1787945038248,unknown,Stage0-6-0,0,-1,180609195,353000000,87,87310.00,25360978
1787945038249,unknown,Stage0-5-0,0,-1,185976470,370000000,85,85449.00,25362557
1787945039149,unknown,Stage0-3-0,0,-1,25800000,43000000,5,5740.00,1658961
1787945039149,unknown,Stage0-7-0,0,-1,166397727,307000000,88,88010.00,25434791
1787945039150,unknown,Stage0-0-0,0,-1,47833333,94000000,6,5740.00,1664701
1787945039151,unknown,Stage0-4-0,0,-1,181272727,341000000,88,88063.00,25522854
1787945039157,unknown,Stage0-1-0,0,-1,30333333,61000000,6,5931.00,1659152
1787945039164,unknown,Stage0-2-0,0,-1,52333333,99000000,6,5944.00,1659165
1787945039248,unknown,Stage0-6-0,0,-1,165511363,315000000,88,87614.00,25448592
1787945039249,unknown,Stage0-5-0,0,-1,178715909,323000000,88,88147.00,25450704
1787945040149,unknown,Stage0-3-0,0,-1,25000000,46000000,6,5740.00,1664701
1787945040150,unknown,Stage0-7-0,0,-1,156386363,279000000,88,87922.08,25522801
1787945040151,unknown,Stage0-0-0,0,-1,21833333,45000000,6,5734.27,1670441
1787945040151,unknown,Stage0-4-0,0,-1,132511363,256000000,88,87957.00,25610811
1787945040157,unknown,Stage0-1-0,0,-1,44000000,69000000,5,5616.00,1664768
1787945040164,unknown,Stage0-2-0,0,-1,39000000,62000000,5,5731.00,1664896
1787945040248,unknown,Stage0-6-0,0,-1,183966292,315000000,89,89003.00,25537595
1787945040249,unknown,Stage0-5-0,0,-1,175815217,311000000,92,91459.00,25542163
1787945041150,unknown,Stage0-3-0,0,-1,29333333,59000000,6,5734.27,1670441
1787945041150,unknown,Stage0-7-0,0,-1,158022727,272000000,88,88010.00,25610811
1787945041151,unknown,Stage0-4-0,0,-1,148136363,274000000,88,88010.00,25698821
1787945041152,unknown,Stage0-0-0,0,-1,32833333,61000000,6,5734.27,1676181
1787945041157,unknown,Stage0-1-0,0,-1,34166666,63000000,6,5768.00,1670536
1787945041164,unknown,Stage0-2-0,0,-1,40666666,68000000,6,5725.00,1670621
1787945041248,unknown,Stage0-6-0,0,-1,142777777,260000000,90,89572.00,25627167
1787945041249,unknown,Stage0-5-0,0,-1,152162790,276000000,86,85946.00,25628109
1787945042150,unknown,Stage0-3-0,0,-1,27166666,45000000,6,5740.00,1676181
1787945042151,unknown,Stage0-7-0,0,-1,157204545,273000000,88,87922.08,25698821
1787945042152,unknown,Stage0-0-0,0,-1,26400000,41000000,5,5740.00,1681921
1787945042154,unknown,Stage0-4-0,0,-1,161704545,285000000,88,87746.76,25786831
1787945042157,unknown,Stage0-1-0,0,-1,38000000,64000000,6,5693.00,1676229
1787945042164,unknown,Stage0-2-0,0,-1,40333333,66000000,6,5768.00,1676389
1787945042248,unknown,Stage0-6-0,0,-1,133886363,251000000,88,88550.00,25715717
1787945042249,unknown,Stage0-5-0,0,-1,149116279,263000000,86,86867.00,25714976
1787945043150,unknown,Stage0-3-0,0,-1,26000000,42000000,5,5740.00,1681921
1787945043151,unknown,Stage0-7-0,0,-1,168727272,289000000,88,88010.00,25786831
1787945043152,unknown,Stage0-0-0,0,-1,21666666,39000000,6,5740.00,1687661
1787945043154,unknown,Stage0-4-0,0,-1,171258426,285000000,89,88244.00,25875075
1787945043157,unknown,Stage0-1-0,0,-1,28000000,41000000,5,5692.00,1681921
1787945043164,unknown,Stage0-2-0,0,-1,31833333,61000000,6,5636.00,1682025
1787945043248,unknown,Stage0-6-0,0,-1,144795454,266000000,88,87457.00,25803174
1787945043249,unknown,Stage0-5-0,0,-1,141293478,270000000,92,91203.00,25806179
1787945044151,unknown,Stage0-7-0,0,-1,162261363,280000000,88,88010.00,25874841
1787945044151,unknown,Stage0-3-0,0,-1,22500000,43000000,6,5734.27,1687661
1787945044153,unknown,Stage0-0-0,0,-1,22500000,40000000,6,5734.27,1693401
1787945044154,unknown,Stage0-4-0,0,-1,167471264,294000000,87,87776.00,25962851
1787945044158,unknown,Stage0-1-0,0,-1,32000000,63000000,6,5734.27,1687661
1787945044164,unknown,Stage0-2-0,0,-1,39200000,61000000,5,5701.00,1687726
1787945044248,unknown,Stage0-6-0,0,-1,148107142,251000000,84,83897.00,25887071
1787945044249,unknown,Stage0-5-0,0,-1,158904761,271000000,84,84639.00,25890818
1787945045151,unknown,Stage0-3-0,0,-1,24500000,44000000,6,5740.00,1693401
1787945045151,unknown,Stage0-7-0,0,-1,173943181,312000000,88,88010.00,25962851
1787945045153,unknown,Stage0-0-0,0,-1,29833333,51000000,6,5740.00,1699141
1787945045154,unknown,Stage0-4-0,0,-1,164306818,300000000,88,88010.00,26050861
1787945045159,unknown,Stage0-1-0,0,-1,29000000,53000000,6,5734.27,1693401
1787945045164,unknown,Stage0-2-0,0,-1,37166666,67000000,6,5743.00,1693469
1787945045248,unknown,Stage0-6-0,0,-1,181482758,312000000,87,87891.00,25974962
1787945045250,unknown,Stage0-5-0,0,-1,163081395,283000000,86,85821.18,25976725
1787945046151,unknown,Stage0-3-0,0,-1,35166666,66000000,6,5740.00,1699141
1787945046152,unknown,Stage0-7-0,0,-1,151681818,246000000,88,87922.08,26050861
1787945046153,unknown,Stage0-0-0,0,-1,28000000,38000000,5,5740.00,1704881
1787945046154,unknown,Stage0-4-0,0,-1,154113636,276000000,88,88010.00,26138871
1787945046159,unknown,Stage0-1-0,0,-1,26666666,46000000,6,5802.00,1699203
1787945046164,unknown,Stage0-2-0,0,-1,35166666,60000000,6,5707.00,1699176
1787945046248,unknown,Stage0-6-0,0,-1,143373626,263000000,91,90950.00,26065912
1787945046250,unknown,Stage0-5-0,0,-1,159808988,273000000,89,88923.00,26065648
1787945047152,unknown,Stage0-3-0,0,-1,27400000,43000000,5,5734.27,1704881
1787945047152,unknown,Stage0-7-0,0,-1,161693181,294000000,88,88010.00,26138871
1787945047154,unknown,Stage0-0-0,0,-1,32333333,61000000,6,5734.27,1710621
1787945047154,unknown,Stage0-4-0,0,-1,169261363,290000000,88,88010.00,26226881
1787945047159,unknown,Stage0-1-0,0,-1,26200000,44000000,5,5678.00,1704881
1787945047166,unknown,Stage0-2-0,0,-1,36200000,57000000,5,5693.61,1704881
1787945047248,unknown,Stage0-6-0,0,-1,171697674,307000000,86,85576.00,26151488
1787945047250,unknown,Stage0-5-0,0,-1,165777777,283000000,90,89713.00,26155361
1787945048152,unknown,Stage0-3-0,0,-1,26166666,53000000,6,5740.00,1710621
1787945048152,unknown,Stage0-7-0,0,-1,148125000,268000000,88,88010.00,26226881
1787945048154,unknown,Stage0-0-0,0,-1,30500000,49000000,6,5740.00,1716361
1787945048155,unknown,Stage0-4-0,0,-1,150477272,273000000,88,87922.08,26314891
1787945048159,unknown,Stage0-1-0,0,-1,22666666,41000000,6,5740.00,1710621
1787945048166,unknown,Stage0-2-0,0,-1,41000000,75000000,6,5854.00,1710735
1787945048248,unknown,Stage0-6-0,0,-1,155540229,269000000,87,87376.00,26238864
1787945048250,unknown,Stage0-5-0,0,-1,152678160,275000000,87,87452.00,26242813
1787945049152,unknown,Stage0-3-0,0,-1,26333333,55000000,6,5740.00,1716361
1787945049153,unknown,Stage0-7-0,0,-1,144988636,262000000,88,87922.08,26314891
1787945049155,unknown,Stage0-0-0,0,-1,27666666,44000000,6,5734.27,1722101
1787945049160,unknown,Stage0-4-0,0,-1,132102272,249000000,88,87572.14,26402901
1787945049164,unknown,Stage0-1-0,0,-1,36000000,68000000,6,5711.44,1716361
1787945049166,unknown,Stage0-2-0,0,-1,41166666,64000000,6,5750.00,1716485
1787945049248,unknown,Stage0-6-0,0,-1,175862068,296000000,87,86688.00,26325552
1787945049250,unknown,Stage0-5-0,0,-1,171682352,289000000,85,84492.00,26327305
1787945050153,unknown,Stage0-3-0,0,-1,43333333,70000000,6,5734.27,1722101
1787945050154,unknown,Stage0-7-0,0,-1,170625000,307000000,88,87922.08,26402901
1787945050155,unknown,Stage0-0-0,0,-1,40400000,66000000,5,5740.00,1727841
1787945050160,unknown,Stage0-4-0,0,-1,177831460,299000000,89,88661.00,26491562
1787945050166,unknown,Stage0-2-0,0,-1,47333333,74000000,6,5646.00,1722131
1787945050168,unknown,Stage0-1-0,0,-1,49166666,75000000,6,5717.13,1722101
1787945050248,unknown,Stage0-6-0,0,-1,166692307,301000000,91,90639.00,26416191
1787945050250,unknown,Stage0-5-0,0,-1,173329545,309000000,88,88356.00,26415661
1787945051153,unknown,Stage0-3-0,0,-1,36200000,59000000,5,5740.00,1727841
1787945051154,unknown,Stage0-7-0,0,-1,179920454,311000000,88,88010.00,26490911
1787945051157,unknown,Stage0-0-0,0,-1,28500000,53000000,6,5728.54,1733581
1787945051160,unknown,Stage0-4-0,0,-1,154636363,274000000,88,88089.00,26579651
1787945051166,unknown,Stage0-2-0,0,-1,37800000,58000000,5,5735.00,1727866
1787945051168,unknown,Stage0-1-0,0,-1,31833333,49000000,6,6166.00,1728267
1787945051248,unknown,Stage0-6-0,0,-1,172400000,302000000,85,85634.00,26501825
1787945051250,unknown,Stage0-5-0,0,-1,167293478,299000000,92,92190.00,26507851
1787945052154,unknown,Stage0-7-0,0,-1,196465909,335000000,88,88010.00,26578921
1787945052154,unknown,Stage0-3-0,0,-1,29166666,52000000,6,5734.27,1733581
1787945052157,unknown,Stage0-0-0,0,-1,37333333,62000000,6,5740.00,1739321
1787945052160,unknown,Stage0-4-0,0,-1,168477272,308000000,88,87656.00,26667307
1787945052166,unknown,Stage0-2-0,0,-1,37333333,65000000,6,5759.00,1733625
1787945052168,unknown,Stage0-1-0,0,-1,37666666,68000000,6,5744.00,1734011
1787945052248,unknown,Stage0-6-0,0,-1,175655172,323000000,87,86522.00,26588347
1787945052250,unknown,Stage0-5-0,0,-1,184626506,325000000,83,82819.00,26590670
1787945053155,unknown,Stage0-3-0,0,-1,38666666,63000000,6,5734.27,1739321
1787945053155,unknown,Stage0-7-0,0,-1,189579545,346000000,88,87922.08,26666931
1787945053157,unknown,Stage0-0-0,0,-1,39000000,63000000,6,5740.00,1745061
1787945053160,unknown,Stage0-4-0,0,-1,214840909,386000000,88,88047.00,26755354
1787945053166,unknown,Stage0-2-0,0,-1,39000000,66000000,6,5696.00,1739321
1787945053168,unknown,Stage0-1-0,0,-1,47200000,67000000,5,5687.00,1739698
1787945053248,unknown,Stage0-6-0,0,-1,198772727,382000000,88,88193.00,26676540
1787945053250,unknown,Stage0-5-0,0,-1,209114942,381000000,87,87251.00,26677921
1787945054155,unknown,Stage0-3-0,0,-1,37666666,65000000,6,5740.00,1745061
1787945054156,unknown,Stage0-7-0,0,-1,208727272,384000000,88,87922.08,26754941
1787945054158,unknown,Stage0-0-0,0,-1,35000000,51000000,5,5734.27,1750801
1787945054160,unknown,Stage0-4-0,0,-1,212977272,386000000,88,87867.00,26843221
1787945054168,unknown,Stage0-1-0,0,-1,42166666,70000000,6,5672.00,1745370
1787945054170,unknown,Stage0-2-0,0,-1,48000000,76000000,6,5717.13,1745061
1787945054248,unknown,Stage0-6-0,0,-1,215617977,387000000,89,88751.00,26765291
1787945054250,unknown,Stage0-5-0,0,-1,220144444,414000000,90,89358.00,26767279
1787945055156,unknown,Stage0-3-0,0,-1,32400000,54000000,5,5734.27,1750801
1787945055157,unknown,Stage0-7-0,0,-1,242113636,487000000,88,87922.08,26842951
1787945055158,unknown,Stage0-0-0,0,-1,32500000,62000000,6,5740.00,1756541
1787945055160,unknown,Stage0-4-0,0,-1,224465909,476000000,88,87858.00,26931079
1787945055168,unknown,Stage0-1-0,0,-1,37500000,72000000,6,5795.00,1751165
1787945055170,unknown,Stage0-2-0,0,-1,47600000,74000000,5,5893.00,1750954
1787945055248,unknown,Stage0-6-0,0,-1,244164705,485000000,85,85129.00,26850420
1787945055250,unknown,Stage0-5-0,0,-1,233929411,482000000,85,84899.00,26852178
1787945056156,unknown,Stage0-3-0,0,-1,40500000,76000000,6,5740.00,1756541
1787945056157,unknown,Stage0-7-0,0,-1,309840909,617000000,88,88010.00,26930961
1787945056158,unknown,Stage0-0-0,0,-1,39500000,73000000,6,5740.00,1762281
1787945056166,unknown,Stage0-4-0,0,-1,316045977,601000000,87,87367.79,27018971
1787945056168,unknown,Stage0-1-0,0,-1,42400000,71000000,5,5601.00,1756766
1787945056170,unknown,Stage0-2-0,0,-1,46333333,88000000,6,5675.00,1756629
1787945056248,unknown,Stage0-6-0,0,-1,355367816,646000000,87,87577.00,26937997
1787945056250,unknown,Stage0-5-0,0,-1,347436781,644000000,87,87456.00,26939634
1787945057156,unknown,Stage0-3-0,0,-1,52833333,97000000,6,5740.00,1762281
1787945057157,unknown,Stage0-7-0,0,-1,278636363,493000000,88,88010.00,27018971
1787945057159,unknown,Stage0-0-0,0,-1,53166666,88000000,6,5734.27,1768021
1787945057166,unknown,Stage0-4-0,0,-1,284866666,512000000,90,89261.00,27108232
1787945057168,unknown,Stage0-1-0,0,-1,38666666,71000000,6,5812.00,1762578
1787945057170,unknown,Stage0-2-0,0,-1,58166666,107000000,6,5711.00,1762340
1787945057248,unknown,Stage0-6-0,0,-1,255728260,479000000,92,91680.00,27029677
1787945057250,unknown,Stage0-5-0,0,-1,242326086,452000000,92,92133.00,27031767
1787945058157,unknown,Stage0-3-0,0,-1,41333333,65000000,6,5734.27,1768021
1787945058158,unknown,Stage0-7-0,0,-1,223159090,409000000,88,87922.08,27106981
1787945058159,unknown,Stage0-0-0,0,-1,43800000,62000000,5,5740.00,1773761
1787945058166,unknown,Stage0-4-0,0,-1,184863636,382000000,88,87909.00,27196141
1787945058168,unknown,Stage0-1-0,0,-1,35333333,58000000,6,5753.00,1768331
1787945058170,unknown,Stage0-2-0,0,-1,49833333,83000000,6,5729.00,1768069
1787945058248,unknown,Stage0-6-0,0,-1,226164835,430000000,91,91223.00,27120900
1787945058250,unknown,Stage0-5-0,0,-1,203988636,388000000,88,87839.00,27119606
1787945059157,unknown,Stage0-3-0,0,-1,36200000,62000000,5,5740.00,1773761
1787945059158,unknown,Stage0-7-0,0,-1,235227272,450000000,88,88010.00,27194991
1787945059159,unknown,Stage0-0-0,0,-1,33500000,59000000,6,5740.00,1779501
1787945059166,unknown,Stage0-4-0,0,-1,238977011,442000000,87,87780.00,27283921
1787945059168,unknown,Stage0-1-0,0,-1,35400000,61000000,5,5646.00,1773977
1787945059170,unknown,Stage0-2-0,0,-1,36800000,58000000,5,5733.00,1773802
1787945059248,unknown,Stage0-6-0,0,-1,188597701,385000000,87,86518.00,27207418
1787945059250,unknown,Stage0-5-0,0,-1,189766666,383000000,90,89627.00,27209233
1787945060158,unknown,Stage0-3-0,0,-1,32166666,62000000,6,5734.27,1779501
1787945060158,unknown,Stage0-7-0,0,-1,212606741,429000000,89,88010.00,27283001
1787945060160,unknown,Stage0-0-0,0,-1,29666666,51000000,6,5734.27,1785241
1787945060166,unknown,Stage0-4-0,0,-1,179426966,376000000,89,88364.00,27372285
1787945060168,unknown,Stage0-1-0,0,-1,36666666,70000000,6,5712.00,1779689
1787945060173,unknown,Stage0-2-0,0,-1,33500000,61000000,6,5681.95,1779501
1787945060248,unknown,Stage0-6-0,0,-1,231318681,447000000,91,90887.00,27298305
1787945060250,unknown,Stage0-5-0,0,-1,201280487,376000000,82,82752.00,27291985
1787945061158,unknown,Stage0-7-0,0,-1,171102272,338000000,88,88010.00,27371011
1787945061158,unknown,Stage0-3-0,0,-1,29500000,55000000,6,5740.00,1785241
1787945061160,unknown,Stage0-0-0,0,-1,31000000,46000000,5,5740.00,1790981
1787945061166,unknown,Stage0-4-0,0,-1,253613636,462000000,88,87856.00,27460141
1787945061168,unknown,Stage0-1-0,0,-1,40666666,73000000,6,5818.00,1785507
1787945061173,unknown,Stage0-2-0,0,-1,37666666,68000000,6,5740.00,1785241
1787945061248,unknown,Stage0-6-0,0,-1,179820224,364000000,89,89102.00,27387407
1787945061250,unknown,Stage0-5-0,0,-1,210537634,383000000,93,92808.00,27384793
1787945062158,unknown,Stage0-3-0,0,-1,32400000,52000000,5,5740.00,1790981
1787945062159,unknown,Stage0-7-0,0,-1,195352272,356000000,88,87922.08,27459021
1787945062161,unknown,Stage0-0-0,0,-1,25333333,54000000,6,5734.27,1796721
1787945062166,unknown,Stage0-4-0,0,-1,256852272,458000000,88,88220.00,27548361
1787945062168,unknown,Stage0-1-0,0,-1,27833333,58000000,6,5664.00,1791171
1787945062173,unknown,Stage0-2-0,0,-1,53600000,94000000,5,5740.00,1790981
1787945062248,unknown,Stage0-6-0,0,-1,158011494,318000000,87,86905.00,27474312
1787945062250,unknown,Stage0-5-0,0,-1,232494382,442000000,89,88336.00,27473129
1787945063159,unknown,Stage0-3-0,0,-1,26333333,57000000,6,5734.27,1796721
1787945063160,unknown,Stage0-7-0,0,-1,305625000,663000000,88,87922.08,27547031
1787945063162,unknown,Stage0-0-0,0,-1,31666666,64000000,6,5734.27,1802461
1787945063166,unknown,Stage0-4-0,0,-1,271206896,648000000,87,87313.00,27635674
1787945063168,unknown,Stage0-1-0,0,-1,33400000,59000000,5,5710.00,1796881
1787945063174,unknown,Stage0-2-0,0,-1,33166666,65000000,6,5734.27,1796721
1787945063248,unknown,Stage0-6-0,0,-1,285325581,633000000,86,86342.00,27560654
1787945063250,unknown,Stage0-5-0,0,-1,313034090,684000000,88,88642.00,27561771
1787945064159,unknown,Stage0-3-0,0,-1,25166666,49000000,6,5740.00,1802461
1787945064161,unknown,Stage0-7-0,0,-1,253488636,425000000,88,87922.08,27635041
1787945064162,unknown,Stage0-0-0,0,-1,41333333,73000000,6,5740.00,1808201
1787945064166,unknown,Stage0-4-0,0,-1,217258426,395000000,89,88449.00,27724123
1787945064168,unknown,Stage0-1-0,0,-1,27833333,51000000,6,5680.00,1802561
1787945064174,unknown,Stage0-2-0,0,-1,38666666,73000000,6,5740.00,1802461
1787945064248,unknown,Stage0-6-0,0,-1,192402298,381000000,87,86736.00,27647390
1787945064250,unknown,Stage0-5-0,0,-1,204435294,379000000,85,85089.00,27646860
1787945065160,unknown,Stage0-3-0,0,-1,28166666,54000000,6,5734.27,1808201
1787945065161,unknown,Stage0-7-0,0,-1,201125000,382000000,88,88010.00,27723051
1787945065162,unknown,Stage0-0-0,0,-1,30600000,59000000,5,5740.00,1813941
1787945065166,unknown,Stage0-4-0,0,-1,186471264,350000000,87,87869.00,27811992
1787945065168,unknown,Stage0-1-0,0,-1,33666666,54000000,6,5645.00,1808206
1787945065175,unknown,Stage0-2-0,0,-1,55166666,92000000,6,5734.27,1808201
1787945065248,unknown,Stage0-6-0,0,-1,199988505,371000000,87,87097.00,27734487
1787945065250,unknown,Stage0-5-0,0,-1,202428571,356000000,84,83456.00,27730316
1787945066160,unknown,Stage0-3-0,0,-1,32000000,54000000,5,5740.00,1813941
1787945066161,unknown,Stage0-7-0,0,-1,212943181,414000000,88,88010.00,27811061
1787945066162,unknown,Stage0-0-0,0,-1,26833333,47000000,6,5740.00,1819681
1787945066166,unknown,Stage0-4-0,0,-1,213477272,417000000,88,87605.00,27899597
1787945066168,unknown,Stage0-1-0,0,-1,31400000,56000000,5,5789.00,1813995
1787945066175,unknown,Stage0-2-0,0,-1,60200000,93000000,5,5740.00,1813941
1787945066248,unknown,Stage0-6-0,0,-1,198352272,367000000,88,88454.00,27822941
1787945066250,unknown,Stage0-5-0,0,-1,222836956,396000000,92,92177.00,27822493
1787945067161,unknown,Stage0-3-0,0,-1,27833333,58000000,6,5734.27,1819681
1787945067161,unknown,Stage0-7-0,0,-1,197352272,372000000,88,88010.00,27899071
1787945067163,unknown,Stage0-0-0,0,-1,30333333,55000000,6,5734.27,1825421
1787945067166,unknown,Stage0-4-0,0,-1,191568181,366000000,88,87963.00,27987560
1787945067172,unknown,Stage0-1-0,0,-1,26333333,49000000,6,5663.35,1819681
1787945067175,unknown,Stage0-2-0,0,-1,44000000,86000000,6,5740.00,1819681
1787945067248,unknown,Stage0-6-0,0,-1,193079545,361000000,88,87691.00,27910632
1787945067250,unknown,Stage0-5-0,0,-1,195802197,361000000,91,91171.00,27913664
1787945068161,unknown,Stage0-3-0,0,-1,28500000,52000000,6,5740.00,1825421
1787945068161,unknown,Stage0-7-0,0,-1,212670454,402000000,88,88010.00,27987081
1787945068163,unknown,Stage0-0-0,0,-1,40333333,72000000,6,5740.00,1831161
1787945068166,unknown,Stage0-4-0,0,-1,221545454,424000000,88,88109.00,28075669
1787945068172,unknown,Stage0-1-0,0,-1,32166666,53000000,6,6149.00,1825830
1787945068176,unknown,Stage0-2-0,0,-1,39166666,73000000,6,5734.27,1825421
1787945068248,unknown,Stage0-6-0,0,-1,205574712,378000000,87,86489.00,27997121
1787945068250,unknown,Stage0-5-0,0,-1,200209302,398000000,86,86249.00,27999913
1787945069161,unknown,Stage0-3-0,0,-1,29833333,49000000,6,5740.00,1831161
1787945069163,unknown,Stage0-7-0,0,-1,205227272,387000000,88,87834.33,28075091
1787945069163,unknown,Stage0-0-0,0,-1,25600000,39000000,5,5740.00,1836901
1787945069166,unknown,Stage0-4-0,0,-1,215215909,396000000,88,87966.00,28163635
1787945069172,unknown,Stage0-1-0,0,-1,31666666,59000000,6,5535.00,1831365
1787945069177,unknown,Stage0-2-0,0,-1,39333333,73000000,6,5734.27,1831161
1787945069248,unknown,Stage0-6-0,0,-1,189100000,361000000,90,90082.00,28087203
1787945069250,unknown,Stage0-5-0,0,-1,225356321,407000000,87,86293.00,28086206
1787945070162,unknown,Stage0-3-0,0,-1,25800000,45000000,5,5734.27,1836901
1787945070163,unknown,Stage0-7-0,0,-1,216681818,399000000,88,88049.00,28163140
1787945070164,unknown,Stage0-0-0,0,-1,26333333,46000000,6,5734.27,1842641
1787945070166,unknown,Stage0-4-0,0,-1,214227272,391000000,88,87716.00,28251351
1787945070172,unknown,Stage0-1-0,0,-1,37600000,61000000,5,5586.00,1836951
1787945070177,unknown,Stage0-2-0,0,-1,40400000,70000000,5,5740.00,1836901
1787945070248,unknown,Stage0-6-0,0,-1,186813953,349000000,86,86738.00,28173941
1787945070250,unknown,Stage0-5-0,0,-1,208852272,378000000,88,88715.00,28174921
1787945071162,unknown,Stage0-3-0,0,-1,29500000,59000000,6,5740.00,1842641
1787945071164,unknown,Stage0-7-0,0,-1,212386363,384000000,88,87883.12,28251111
1787945071164,unknown,Stage0-0-0,0,-1,37000000,70000000,6,5740.00,1848381
1787945071166,unknown,Stage0-4-0,0,-1,212750000,403000000,88,87893.00,28339244
1787945071172,unknown,Stage0-1-0,0,-1,23666666,42000000,6,5842.00,1842793
1787945071177,unknown,Stage0-2-0,0,-1,33500000,69000000,6,5740.00,1842641
1787945071248,unknown,Stage0-6-0,0,-1,170533333,338000000,90,89167.00,28263108
1787945071250,unknown,Stage0-5-0,0,-1,171406593,314000000,91,90258.00,28265179
1787945072162,unknown,Stage0-3-0,0,-1,27000000,54000000,6,5740.00,1848381
1787945072164,unknown,Stage0-7-0,0,-1,168227272,330000000,88,88129.00,28339240
1787945072165,unknown,Stage0-0-0,0,-1,32833333,61000000,6,5734.27,1854121
1787945072166,unknown,Stage0-4-0,0,-1,220522727,401000000,88,87887.00,28427131
1787945072172,unknown,Stage0-1-0,0,-1,37500000,71000000,6,5750.00,1848543
1787945072178,unknown,Stage0-2-0,0,-1,36000000,72000000,6,5734.27,1848381
1787945072248,unknown,Stage0-6-0,0,-1,189136363,360000000,88,87953.00,28351061
1787945072250,unknown,Stage0-5-0,0,-1,203758620,367000000,87,87696.00,28352875
1787945073163,unknown,Stage0-3-0,0,-1,30333333,59000000,6,5734.27,1854121
1787945073164,unknown,Stage0-7-0,0,-1,174840909,338000000,88,87896.00,28427136
1787945073165,unknown,Stage0-0-0,0,-1,36400000,60000000,5,5740.00,1859861
1787945073166,unknown,Stage0-4-0,0,-1,235954545,445000000,88,88010.00,28515141
1787945073172,unknown,Stage0-1-0,0,-1,39166666,68000000,6,5582.00,1854125
1787945073178,unknown,Stage0-2-0,0,-1,38833333,71000000,6,5740.00,1854121
1787945073248,unknown,Stage0-6-0,0,-1,178356321,340000000,87,87516.00,28438577
1787945073250,unknown,Stage0-5-0,0,-1,238435294,426000000,85,84399.00,28437274
1787945074163,unknown,Stage0-3-0,0,-1,28800000,52000000,5,5740.00,1859861
1787945074164,unknown,Stage0-7-0,0,-1,199840909,383000000,88,88005.00,28515141
1787945074167,unknown,Stage0-0-0,0,-1,26166666,47000000,6,5728.54,1865601
1787945074167,unknown,Stage0-4-0,0,-1,243056818,440000000,88,87922.08,28603151
1787945074172,unknown,Stage0-1-0,0,-1,34000000,56000000,5,5826.00,1859951
1787945074179,unknown,Stage0-2-0,0,-1,38600000,67000000,5,5734.27,1859861
1787945074248,unknown,Stage0-6-0,0,-1,196471910,356000000,89,88524.00,28527101
1787945074250,unknown,Stage0-5-0,0,-1,224098901,408000000,91,91650.00,28528924
1787945075163,unknown,Stage0-3-0,0,-1,26000000,54000000,6,5740.00,1865601
1787945075164,unknown,Stage0-7-0,0,-1,171727272,334000000,88,88047.00,28603188
1787945075167,unknown,Stage0-0-0,0,-1,38666666,71000000,6,5744.00,1871345
1787945075167,unknown,Stage0-4-0,0,-1,220193181,391000000,88,88018.00,28691169
1787945075175,unknown,Stage0-1-0,0,-1,31000000,62000000,6,5633.10,1865601
1787945075180,unknown,Stage0-2-0,0,-1,32666666,66000000,6,5734.27,1865601
1787945075248,unknown,Stage0-6-0,0,-1,162872093,306000000,86,86551.00,28613652
1787945075250,unknown,Stage0-5-0,0,-1,195147727,350000000,88,88008.00,28616932
1787945076164,unknown,Stage0-3-0,0,-1,29166666,58000000,6,5734.27,1871341
1787945076165,unknown,Stage0-7-0,0,-1,223613636,409000000,88,87885.11,28691161
1787945076167,unknown,Stage0-0-0,0,-1,37833333,66000000,6,5736.00,1877081
1787945076167,unknown,Stage0-4-0,0,-1,234318181,433000000,88,88002.00,28779171
1787945076180,unknown,Stage0-1-0,0,-1,38833333,65000000,6,5711.44,1871341
1787945076181,unknown,Stage0-2-0,0,-1,39333333,74000000,6,5734.27,1871341
1787945076248,unknown,Stage0-6-0,0,-1,184285714,353000000,91,90438.00,28704090
1787945076250,unknown,Stage0-5-0,0,-1,201318181,380000000,88,87405.00,28704337
1787945077164,unknown,Stage0-3-0,0,-1,31333333,58000000,6,5740.00,1877081
1787945077165,unknown,Stage0-7-0,0,-1,203375000,365000000,88,88010.00,28779171
1787945077168,unknown,Stage0-0-0,0,-1,39200000,64000000,5,5734.27,1882821
1787945077168,unknown,Stage0-4-0,0,-1,208431818,370000000,88,87922.08,28867181
1787945077180,unknown,Stage0-1-0,0,-1,46500000,81000000,6,6337.00,1877678
1787945077181,unknown,Stage0-2-0,0,-1,46500000,83000000,6,5740.00,1877081
1787945077248,unknown,Stage0-6-0,0,-1,172517241,322000000,87,87588.00,28791678
1787945077250,unknown,Stage0-5-0,0,-1,191125000,354000000,88,88649.00,28792986
1787945078166,unknown,Stage0-3-0,0,-1,29800000,52000000,5,5728.54,1882821
1787945078166,unknown,Stage0-7-0,0,-1,188386363,355000000,88,87922.08,28867181
1787945078168,unknown,Stage0-0-0,0,-1,27166666,51000000,6,5740.00,1888561
1787945078168,unknown,Stage0-4-0,0,-1,198954545,358000000,88,88010.00,28955191
1787945078180,unknown,Stage0-1-0,0,-1,31666666,67000000,6,6056.00,1883734
1787945078182,unknown,Stage0-2-0,0,-1,59200000,95000000,5,5734.27,1882821
1787945078248,unknown,Stage0-6-0,0,-1,184255813,338000000,86,85945.00,28877623
1787945078250,unknown,Stage0-5-0,0,-1,201034883,364000000,86,85307.00,28878293
1787945079166,unknown,Stage0-3-0,0,-1,28166666,54000000,6,5750.00,1888571
1787945079166,unknown,Stage0-7-0,0,-1,202352272,374000000,88,88010.00,28955191
1787945079168,unknown,Stage0-0-0,0,-1,27333333,44000000,6,5740.00,1894301
1787945079169,unknown,Stage0-4-0,0,-1,175534090,345000000,88,87922.08,29043201
1787945079180,unknown,Stage0-1-0,0,-1,26000000,48000000,6,5659.00,1889393
1787945079182,unknown,Stage0-2-0,0,-1,48500000,76000000,6,5740.00,1888561
1787945079248,unknown,Stage0-6-0,0,-1,188420454,363000000,88,87932.00,28965555
1787945079250,unknown,Stage0-5-0,0,-1,215065217,406000000,92,91741.00,28970034
1787945080166,unknown,Stage0-3-0,0,-1,26833333,45000000,6,5730.00,1894301
1787945080166,unknown,Stage0-7-0,0,-1,198750000,373000000,88,88010.00,29043201
1787945080169,unknown,Stage0-4-0,0,-1,186715909,350000000,88,88012.00,29131213
1787945080169,unknown,Stage0-0-0,0,-1,43500000,78000000,6,5734.27,1900041
1787945080180,unknown,Stage0-1-0,0,-1,41400000,68000000,5,5376.00,1894769
1787945080182,unknown,Stage0-2-0,0,-1,26666666,41000000,6,5740.00,1894301
1787945080248,unknown,Stage0-6-0,0,-1,187096774,363000000,93,92665.00,29058220
1787945080250,unknown,Stage0-5-0,0,-1,183352941,352000000,85,85230.00,29055264
1787945081166,unknown,Stage0-3-0,0,-1,27333333,46000000,6,5740.00,1900041
1787945081167,unknown,Stage0-7-0,0,-1,228943181,426000000,88,87922.08,29131211
1787945081169,unknown,Stage0-4-0,0,-1,205954545,377000000,88,88008.00,29219221
1787945081169,unknown,Stage0-0-0,0,-1,35200000,55000000,5,5740.00,1905781
1787945081180,unknown,Stage0-1-0,0,-1,44166666,75000000,6,5746.00,1900515
1787945081188,unknown,Stage0-2-0,0,-1,55833333,96000000,6,5705.77,1900041
1787945081248,unknown,Stage0-6-0,0,-1,176098765,325000000,81,81009.00,29139229
1787945081250,unknown,Stage0-5-0,0,-1,230634408,438000000,93,92801.00,29148065
1787945082167,unknown,Stage0-3-0,0,-1,29800000,53000000,5,5734.27,1905781
1787945082168,unknown,Stage0-7-0,0,-1,207454545,370000000,88,87922.08,29219221
1787945082169,unknown,Stage0-0-0,0,-1,34833333,72000000,6,5740.00,1911521
1787945082170,unknown,Stage0-4-0,0,-1,212727272,376000000,88,87922.08,29307231
1787945082180,unknown,Stage0-1-0,0,-1,33000000,64000000,6,5773.00,1906288
1787945082188,unknown,Stage0-2-0,0,-1,39500000,78000000,6,6099.00,1906140
1787945082250,unknown,Stage0-5-0,0,-1,185525000,339000000,80,80162.00,29228227
1787945082251,unknown,Stage0-6-0,0,-1,168250000,324000000,92,91803.59,29231308
1787945083167,unknown,Stage0-3-0,0,-1,32166666,59000000,6,5740.00,1911521
1787945083168,unknown,Stage0-7-0,0,-1,219715909,399000000,88,88010.00,29307231
1787945083170,unknown,Stage0-4-0,0,-1,240727272,409000000,88,88010.00,29395241
1787945083170,unknown,Stage0-0-0,0,-1,40166666,76000000,6,5734.27,1917261
1787945083180,unknown,Stage0-1-0,0,-1,28000000,44000000,5,5572.00,1911860
1787945083188,unknown,Stage0-2-0,0,-1,46600000,82000000,5,5641.00,1911781
1787945083250,unknown,Stage0-5-0,0,-1,211966292,389000000,89,89212.00,29317439
1787945083251,unknown,Stage0-6-0,0,-1,176282352,343000000,85,85245.00,29316553
1787945084167,unknown,Stage0-3-0,0,-1,33666666,61000000,6,5740.00,1917261
1787945084168,unknown,Stage0-7-0,0,-1,221977272,360000000,88,88010.00,29395241
1787945084170,unknown,Stage0-0-0,0,-1,31500000,65000000,6,5740.00,1923001
1787945084170,unknown,Stage0-4-0,0,-1,186147727,348000000,88,88010.00,29483251
1787945084180,unknown,Stage0-1-0,0,-1,42333333,81000000,6,5757.00,1917617
1787945084188,unknown,Stage0-2-0,0,-1,48166666,89000000,6,5694.00,1917475
1787945084250,unknown,Stage0-5-0,0,-1,213500000,372000000,88,87919.00,29405358
1787945084251,unknown,Stage0-6-0,0,-1,171606741,318000000,89,88747.00,29405300
1787945085168,unknown,Stage0-3-0,0,-1,36000000,61000000,6,5734.27,1923001
1787945085168,unknown,Stage0-7-0,0,-1,195636363,329000000,88,88010.00,29483251
1787945085170,unknown,Stage0-0-0,0,-1,29800000,52000000,5,5740.00,1928741
1787945085170,unknown,Stage0-4-0,0,-1,225875000,369000000,88,88010.00,29571261
1787945085180,unknown,Stage0-1-0,0,-1,27833333,42000000,6,5678.00,1923295
1787945085188,unknown,Stage0-2-0,0,-1,47166666,82000000,6,5526.00,1923001
1787945085250,unknown,Stage0-5-0,0,-1,179454545,326000000,88,87961.00,29493319
1787945085252,unknown,Stage0-6-0,0,-1,164426966,309000000,89,89426.57,29494816
1787945086169,unknown,Stage0-3-0,0,-1,33000000,56000000,5,5734.27,1928741
1787945086169,unknown,Stage0-7-0,0,-1,203431818,403000000,88,87922.08,29571261
1787945086171,unknown,Stage0-0-0,0,-1,31166666,53000000,6,5734.27,1934481
1787945086171,unknown,Stage0-4-0,0,-1,218204545,433000000,88,87922.08,29659271
1787945086180,unknown,Stage0-1-0,0,-1,28333333,50000000,6,5772.00,1929067
1787945086188,unknown,Stage0-2-0,0,-1,41000000,66000000,5,5888.00,1928889
1787945086250,unknown,Stage0-5-0,0,-1,211804597,392000000,87,87627.00,29580946
1787945086252,unknown,Stage0-6-0,0,-1,191546511,368000000,86,85576.00,29580392
1787945087169,unknown,Stage0-3-0,0,-1,38833333,76000000,6,5740.00,1934481
1787945087170,unknown,Stage0-7-0,0,-1,211784090,383000000,88,87922.08,29659271
1787945087171,unknown,Stage0-0-0,0,-1,33333333,62000000,6,5740.00,1940221
1787945087171,unknown,Stage0-4-0,0,-1,216011363,398000000,88,88010.00,29747281
1787945087180,unknown,Stage0-1-0,0,-1,46200000,76000000,5,5706.00,1934773
1787945087188,unknown,Stage0-2-0,0,-1,49666666,91000000,6,5683.00,1934572
1787945087250,unknown,Stage0-5-0,0,-1,242255555,445000000,90,89368.00,29670314
1787945087252,unknown,Stage0-6-0,0,-1,222586206,416000000,87,86908.00,29667300
1787945088170,unknown,Stage0-3-0,0,-1,37833333,66000000,6,5734.27,1940221
1787945088170,unknown,Stage0-7-0,0,-1,221795454,357000000,88,88010.00,29747281
1787945088171,unknown,Stage0-0-0,0,-1,37400000,60000000,5,5740.00,1945961
1787945088171,unknown,Stage0-4-0,0,-1,220602272,399000000,88,88010.00,29835291
1787945088180,unknown,Stage0-1-0,0,-1,44166666,78000000,6,5755.00,1940528
1787945088188,unknown,Stage0-2-0,0,-1,50500000,84000000,6,5713.00,1940285
1787945088250,unknown,Stage0-5-0,0,-1,236352272,408000000,88,88428.00,29758742
1787945088252,unknown,Stage0-6-0,0,47000000,217428571,375000000,91,90700.00,29758000
1787945089170,unknown,Stage0-3-0,0,-1,32000000,54000000,5,5740.00,1945961
1787945089171,unknown,Stage0-7-0,0,-1,158511363,276000000,88,87922.08,29835291
1787945089172,unknown,Stage0-0-0,0,-1,25666666,41000000,6,5734.27,1951701
1787945089172,unknown,Stage0-4-0,0,-1,157681818,295000000,88,87922.08,29923301
1787945089180,unknown,Stage0-1-0,0,-1,20166666,37000000,6,5704.00,1946232
1787945089188,unknown,Stage0-2-0,0,-1,30500000,52000000,6,5731.00,1946016
1787945089250,unknown,Stage0-5-0,0,-1,183483146,314000000,89,88628.00,29847370
1787945089252,unknown,Stage0-6-0,0,-1,151352941,262000000,85,85877.00,29843877
1787945090170,unknown,Stage0-3-0,0,-1,21666666,38000000,6,5740.00,1951701
1787945090171,unknown,Stage0-7-0,0,-1,146045454,242000000,88,88010.00,29923301
1787945090172,unknown,Stage0-0-0,0,-1,25333333,45000000,6,5741.00,1957442
1787945090172,unknown,Stage0-4-0,0,-1,148420454,266000000,88,88010.00,30011311
1787945090180,unknown,Stage0-1-0,0,-1,30333333,54000000,6,5835.00,1952067
1787945090194,unknown,Stage0-2-0,0,-1,37800000,59000000,5,5651.09,1951701
1787945090250,unknown,Stage0-5-0,0,-1,161733333,280000000,90,90013.00,29937383
1787945090252,unknown,Stage0-6-0,0,-1,150818181,262000000,88,88036.00,29931913
1787945091170,unknown,Stage0-3-0,0,-1,27333333,54000000,6,5740.00,1957441
1787945091171,unknown,Stage0-7-0,0,-1,153704545,255000000,88,88010.00,30011311
1787945091173,unknown,Stage0-4-0,0,-1,169920454,286000000,88,87922.08,30099321
1787945091173,unknown,Stage0-0-0,0,-1,21166666,37000000,6,5733.27,1963181
1787945091180,unknown,Stage0-1-0,0,-1,24200000,34000000,5,5607.00,1957674
1787945091194,unknown,Stage0-2-0,0,-1,36666666,58000000,6,6103.00,1957804
1787945091250,unknown,Stage0-5-0,0,-1,167046511,276000000,86,86170.00,30023553
1787945091252,unknown,Stage0-6-0,0,-1,165955056,283000000,89,88419.00,30020332
1787945092171,unknown,Stage0-3-0,0,-1,30333333,57000000,6,5734.27,1963181
1787945092172,unknown,Stage0-7-0,0,-1,158534090,268000000,88,87922.08,30099321
1787945092173,unknown,Stage0-0-0,0,-1,24400000,40000000,5,5740.00,1968921
1787945092173,unknown,Stage0-4-0,0,-1,157170454,275000000,88,88010.00,30187331
1787945092180,unknown,Stage0-1-0,0,-1,29333333,50000000,6,5507.00,1963181
1787945092194,unknown,Stage0-2-0,0,-1,32500000,52000000,6,5811.00,1963615
1787945092250,unknown,Stage0-5-0,0,-1,191833333,303000000,84,84270.00,30107823
1787945092252,unknown,Stage0-6-0,0,-1,144898876,248000000,89,88852.00,30109184
1787945093173,unknown,Stage0-3-0,0,-1,30400000,51000000,5,5728.54,1968921
1787945093174,unknown,Stage0-0-0,0,-1,20166666,35000000,6,5734.27,1974661
1787945093174,unknown,Stage0-7-0,0,-1,177568181,283000000,88,87834.33,30187331
1787945093174,unknown,Stage0-4-0,0,-1,183511363,306000000,88,87922.08,30275341
1787945093180,unknown,Stage0-1-0,0,-1,35000000,52000000,5,5740.00,1968921
1787945093194,unknown,Stage0-2-0,0,-1,26833333,50000000,6,5680.00,1969295
1787945093250,unknown,Stage0-5-0,0,-1,169318681,293000000,91,90874.00,30198697
1787945093252,unknown,Stage0-6-0,0,-1,146379310,253000000,87,87616.00,30196800
1787945094173,unknown,Stage0-3-0,0,-1,28000000,50000000,6,5740.00,1974661
1787945094174,unknown,Stage0-7-0,0,-1,176250000,298000000,88,88010.00,30275341
1787945094174,unknown,Stage0-4-0,0,-1,158988636,292000000,88,88010.00,30363351
1787945094175,unknown,Stage0-0-0,0,-1,31333333,58000000,6,5734.27,1980401
1787945094180,unknown,Stage0-1-0,0,-1,26000000,51000000,6,5846.00,1974767
1787945094194,unknown,Stage0-2-0,0,-1,30666666,53000000,6,5824.00,1975119
1787945094250,unknown,Stage0-5-0,0,-1,176229885,298000000,87,87131.00,30285828
1787945094252,unknown,Stage0-6-0,0,-1,166045977,289000000,87,86782.00,30283582
1787945095173,unknown,Stage0-3-0,0,-1,23333333,39000000,6,5740.00,1980401
1787945095174,unknown,Stage0-7-0,0,-1,166988636,287000000,88,88010.00,30363351
1787945095174,unknown,Stage0-4-0,0,-1,144045454,265000000,88,88010.00,30451361
1787945095175,unknown,Stage0-0-0,0,-1,25333333,42000000,6,5740.00,1986141
1787945095180,unknown,Stage0-1-0,0,-1,22500000,37000000,6,5657.00,1980424
1787945095194,unknown,Stage0-2-0,0,-1,37000000,54000000,5,5600.00,1980719
1787945095250,unknown,Stage0-5-0,0,-1,175370786,302000000,89,88859.00,30374687
1787945095252,unknown,Stage0-6-0,0,-1,168449438,288000000,89,89385.00,30372967
1787945101657,unknown,Stage0-5-0,0,-1,88500000,108000000,10,1472.30,30384120
1787945101659,unknown,Stage0-6-0,0,-1,63545454,82000000,11,1630.72,30383415
1787945101660,unknown,Stage0-4-0,0,-1,50833333,97000000,24,3787.54,30475927
1787945101659,unknown,Stage0-7-0,0,-1,50952380,95000000,21,3301.93,30384764
1787945101666,unknown,Stage0-0-0,0,-1,23200000,39000000,5,884.30,1991881
1787945101668,unknown,Stage0-3-0,0,-1,31166666,59000000,6,883.76,1986141
1787945101668,unknown,Stage0-1-0,0,-1,32833333,55000000,6,881.17,1986141
1787945101670,unknown,Stage0-2-0,0,-1,39666666,58000000,6,837.25,1986141
1787945102657,unknown,Stage0-5-0,0,-1,5688249097,6747000000,277,277501.00,30661621
1787945102659,unknown,Stage0-7-0,0,-1,5571825503,6690000000,298,297482.00,30682246
1787945102659,unknown,Stage0-6-0,0,-1,5686010909,6728000000,275,275080.00,30658495
1787945102660,unknown,Stage0-4-0,0,-1,5647830324,6699000000,277,276870.00,30752797
1787945103180,unknown,Stage0-0-0,0,-1,2723560975,5566000000,41,26538.97,2032061
1787945103180,unknown,Stage0-3-0,0,-1,2721050000,5581000000,40,26574.07,2026321
1787945103184,unknown,Stage0-1-0,0,-1,2719600000,5572000000,40,26503.96,2026321
1787945103206,unknown,Stage0-2-0,0,-1,2668725000,5550000000,40,26158.85,2026321
1787945103657,unknown,Stage0-5-0,0,-1,2987039106,4500000000,358,358161.00,31019782
1787945103659,unknown,Stage0-6-0,0,-1,3062913793,4496000000,348,348141.00,31006636
1787945103659,unknown,Stage0-7-0,0,-1,2893245508,4436000000,334,334224.00,31016470
1787945103660,unknown,Stage0-4-0,0,-1,3094343195,4483000000,338,338012.00,31090809
1787945104180,unknown,Stage0-3-0,0,-1,16333333,25000000,6,6227.00,2032548
1787945104180,unknown,Stage0-0-0,0,-1,20600000,33000000,5,5856.00,2037917
1787945104184,unknown,Stage0-1-0,0,-1,21166666,32000000,6,5803.00,2032124
1787945104206,unknown,Stage0-2-0,0,-1,30571428,46000000,7,7406.00,2033727
1787945105178,unknown,Stage0-7-0,0,-1,628947136,1496000000,227,149427.91,31243451
1787945105179,unknown,Stage0-4-0,0,-1,709937759,1573000000,241,158427.91,31331461
1787945105180,unknown,Stage0-3-0,0,-1,12666666,27000000,6,6297.00,2038845
1787945105180,unknown,Stage0-0-0,0,-1,11500000,18000000,6,5758.00,2043675
1787945105183,unknown,Stage0-5-0,0,-1,614169642,1487000000,224,146572.08,31243451
1787945105184,unknown,Stage0-1-0,0,-1,16600000,28000000,5,5677.00,2037801
1787945105200,unknown,Stage0-6-0,0,-1,661755274,1507000000,237,153676.18,31243451
1787945105206,unknown,Stage0-2-0,0,-1,13714285,26000000,7,6665.00,2040392
1787945106178,unknown,Stage0-7-0,0,-1,24363636,39000000,88,88010.00,31331461
1787945106179,unknown,Stage0-4-0,0,-1,30306818,60000000,88,88010.00,31419471
1787945106180,unknown,Stage0-0-0,0,-1,10000000,16000000,6,5624.00,2049299
1787945106180,unknown,Stage0-3-0,0,-1,3166666,5000000,6,5520.00,2044365
1787945106184,unknown,Stage0-5-0,0,-1,19488636,27000000,88,87922.08,31331461
1787945106185,unknown,Stage0-1-0,0,-1,5500000,9000000,6,5734.27,2043541
1787945106200,unknown,Stage0-6-0,0,-1,16613636,25000000,88,88010.00,31331461
1787945106206,unknown,Stage0-2-0,0,-1,7666666,11000000,6,6225.00,2046617
1787945107179,unknown,Stage0-7-0,0,-1,20147727,33000000,88,87922.08,31419471
1787945107180,unknown,Stage0-3-0,0,-1,4000000,6000000,5,5476.00,2049841
1787945107180,unknown,Stage0-0-0,0,-1,8166666,11000000,6,5722.00,2055021
1787945107180,unknown,Stage0-4-0,0,-1,25284090,48000000,88,87922.08,31507481
1787945107184,unknown,Stage0-5-0,0,-1,16272727,22000000,88,88010.00,31419471
1787945107187,unknown,Stage0-1-0,0,-1,10000000,17000000,6,5728.54,2049281
1787945107200,unknown,Stage0-6-0,0,-1,8863636,15000000,88,88010.00,31419471
1787945107206,unknown,Stage0-2-0,0,-1,7400000,10000000,5,5154.00,2051771
1787945108180,unknown,Stage0-3-0,0,-1,4500000,6000000,6,5573.00,2055414
1787945108180,unknown,Stage0-0-0,0,-1,7800000,10000000,5,5740.00,2060761
1787945108180,unknown,Stage0-7-0,0,-1,27397727,49000000,88,87922.08,31507481
1787945108185,unknown,Stage0-5-0,0,-1,43761363,76000000,88,87922.08,31507481
1787945108187,unknown,Stage0-1-0,0,-1,7833333,11000000,6,5740.00,2055021
1787945108195,unknown,Stage0-4-0,0,-1,24647727,34000000,88,86709.36,31595491
1787945108200,unknown,Stage0-6-0,0,-1,11511363,25000000,88,88010.00,31507481
1787945108206,unknown,Stage0-2-0,0,-1,8166666,11000000,6,5415.00,2057186
1787945109180,unknown,Stage0-3-0,0,-1,3166666,6000000,6,5632.00,2061046
1787945109181,unknown,Stage0-0-0,0,-1,3666666,6000000,6,5734.27,2066501
1787945109181,unknown,Stage0-7-0,0,-1,23306818,40000000,88,87922.08,31595491
1787945109185,unknown,Stage0-5-0,0,-1,42602272,72000000,88,88010.00,31595491
1787945109188,unknown,Stage0-1-0,0,-1,7000000,10000000,5,5734.27,2060761
1787945109195,unknown,Stage0-4-0,0,-1,36319148,55000000,94,93896.00,31689387
1787945109202,unknown,Stage0-6-0,0,-1,46125000,75000000,88,87834.33,31595491
1787945109206,unknown,Stage0-2-0,0,-1,6600000,10000000,5,5730.00,2062916
1787945110180,unknown,Stage0-3-0,0,-1,3800000,6000000,5,5455.00,2066501
1787945110181,unknown,Stage0-7-0,0,-1,36213483,51000000,89,88521.00,31684012
1787945110181,unknown,Stage0-0-0,0,-1,5333333,10000000,6,5740.00,2072241
1787945110186,unknown,Stage0-5-0,0,-1,14670454,21000000,88,87922.08,31683501
1787945110188,unknown,Stage0-1-0,0,-1,7285714,10000000,7,6416.00,2067177
1787945110196,unknown,Stage0-4-0,0,-1,41149425,69000000,87,87273.73,31776748
1787945110202,unknown,Stage0-6-0,0,-1,18079545,27000000,88,88010.00,31683501
1787945110206,unknown,Stage0-2-0,0,-1,7166666,10000000,6,5551.00,2068467
1787945111180,unknown,Stage0-3-0,0,-1,8000000,13000000,6,5740.00,2072241
1787945111181,unknown,Stage0-7-0,0,-1,20126436,40000000,87,87499.00,31771511
1787945111182,unknown,Stage0-0-0,0,-1,12000000,22000000,5,5734.27,2077981
1787945111186,unknown,Stage0-5-0,0,-1,8750000,18000000,88,88010.00,31771511
1787945111188,unknown,Stage0-1-0,0,-1,2800000,5000000,5,5249.00,2072426
1787945111199,unknown,Stage0-4-0,0,-1,25897727,44000000,88,87641.08,31864652
1787945111203,unknown,Stage0-6-0,0,-1,14215909,26000000,88,87922.08,31771511
1787945111209,unknown,Stage0-2-0,0,-1,9400000,12000000,5,5172.48,2073655
1787945112181,unknown,Stage0-3-0,0,-1,6200000,10000000,5,5734.27,2077981
1787945112182,unknown,Stage0-7-0,0,-1,38795454,85000000,88,87922.08,31859521
1787945112182,unknown,Stage0-0-0,0,-1,7000000,12000000,6,5740.00,2083721
1787945112186,unknown,Stage0-5-0,0,-1,27102272,43000000,88,88010.00,31859521
1787945112189,unknown,Stage0-1-0,0,-1,5000000,7000000,5,5549.45,2077981
1787945112199,unknown,Stage0-4-0,0,-1,40934065,72000000,91,91229.00,31955881
1787945112203,unknown,Stage0-6-0,0,-1,25000000,35000000,88,88010.00,31859521
1787945112209,unknown,Stage0-2-0,0,-1,9285714,15000000,7,7227.00,2080882
1787945113182,unknown,Stage0-3-0,0,-1,6833333,13000000,6,5734.27,2083721
1787945113182,unknown,Stage0-0-0,0,-1,4666666,8000000,6,5740.00,2089461
1787945113183,unknown,Stage0-7-0,0,-1,40204545,63000000,88,87922.08,31947531
1787945113187,unknown,Stage0-5-0,0,-1,35863636,59000000,88,87922.08,31947531
1787945113189,unknown,Stage0-1-0,0,-1,10000000,15000000,6,5924.00,2083905
1787945113199,unknown,Stage0-4-0,0,-1,31238636,45000000,88,87853.00,32043734
1787945113203,unknown,Stage0-6-0,0,-1,13409090,25000000,88,88010.00,31947531
1787945113209,unknown,Stage0-2-0,0,-1,7166666,11000000,6,5205.00,2086087
1787945114182,unknown,Stage0-3-0,0,-1,7333333,10000000,6,5740.00,2089461
1787945114182,unknown,Stage0-0-0,0,-1,3666666,5000000,6,5740.00,2095201
1787945114183,unknown,Stage0-7-0,0,-1,28397727,40000000,88,88050.00,32035581
1787945114188,unknown,Stage0-5-0,0,-1,23227272,30000000,88,87922.08,32035541
1787945114189,unknown,Stage0-1-0,0,-1,7500000,12000000,6,5739.00,2089644
1787945114199,unknown,Stage0-4-0,0,-1,37438202,69000000,89,88877.00,32132611
1787945114203,unknown,Stage0-6-0,0,-1,35215909,58000000,88,88010.00,32035541
1787945114209,unknown,Stage0-2-0,0,-1,6500000,10000000,6,6074.00,2092161
1787945115182,unknown,Stage0-3-0,0,-1,3333333,5000000,6,5740.00,2095201
1787945115183,unknown,Stage0-7-0,0,-1,13147727,22000000,88,88174.00,32123755
1787945115188,unknown,Stage0-5-0,0,-1,22340909,31000000,88,88144.00,32123685
1787945115189,unknown,Stage0-1-0,0,-1,8333333,12000000,6,5645.00,2095289
1787945115190,unknown,Stage0-0-0,0,-1,4600000,6000000,5,5694.44,2100941
1787945115200,unknown,Stage0-4-0,0,-1,22626506,39000000,83,82943.06,32215637
1787945115204,unknown,Stage0-6-0,0,-1,26250000,43000000,88,87922.08,32123551
1787945115209,unknown,Stage0-2-0,0,-1,8000000,10000000,5,5318.00,2097479
1787945116183,unknown,Stage0-7-0,0,-1,28943181,44000000,88,87806.00,32211561
1787945116183,unknown,Stage0-3-0,0,-1,4000000,9000000,5,5734.27,2100941
1787945116188,unknown,Stage0-5-0,0,-1,24170454,37000000,88,87876.00,32211561
1787945116189,unknown,Stage0-1-0,0,-1,6000000,8000000,5,5700.00,2100989
1787945116190,unknown,Stage0-0-0,0,-1,10875000,21000000,8,7929.00,2108870
1787945116200,unknown,Stage0-4-0,0,-1,27351648,40000000,91,90380.00,32306017
1787945116206,unknown,Stage0-6-0,0,-1,28693181,42000000,88,87834.33,32211561
1787945116209,unknown,Stage0-2-0,0,-1,6200000,8000000,5,5462.00,2102941
1787945117183,unknown,Stage0-3-0,0,-1,7166666,14000000,6,5740.00,2106681
1787945117184,unknown,Stage0-7-0,0,-1,40375000,77000000,88,87922.08,32299571
1787945117189,unknown,Stage0-5-0,0,-1,31227272,52000000,88,87922.08,32299571
1787945117189,unknown,Stage0-1-0,0,-1,7000000,13000000,6,5692.00,2106681
1787945117200,unknown,Stage0-4-0,0,-1,30556818,49000000,88,88040.00,32394057
1787945117208,unknown,Stage0-6-0,0,-1,16943181,28000000,88,87834.33,32299571
1787945117209,unknown,Stage0-2-0,0,-1,9333333,14000000,6,5697.00,2108638
1787945118184,unknown,Stage0-0-0,0,-1,3600000,6000000,5,2548.65,2113952
1787945118184,unknown,Stage0-3-0,0,-1,3833333,6000000,6,5734.27,2112421
1787945118185,unknown,Stage0-7-0,0,-1,16204545,22000000,88,87922.08,32387581
1787945118189,unknown,Stage0-1-0,0,-1,6666666,12000000,6,5740.00,2112421
1787945118189,unknown,Stage0-5-0,0,-1,31590909,50000000,88,88010.00,32387581
1787945118200,unknown,Stage0-4-0,0,-1,11360000,17000000,25,25590.00,32419647
1787945118208,unknown,Stage0-6-0,0,-1,7471910,14000000,89,88984.00,32388555
1787945118209,unknown,Stage0-2-0,0,-1,7200000,10000000,5,4981.00,2113619
1787945119184,unknown,Stage0-3-0,0,-1,3000000,3000000,1,1531.00,2113952
1787945119185,unknown,Stage0-0-0,0,-1,2500000,4000000,2,1529.47,2115483
1787945119185,unknown,Stage0-7-0,0,-1,11375000,18000000,24,23469.00,32411050
1787945119190,unknown,Stage0-5-0,0,-1,9500000,14000000,24,23445.55,32411050
1787945119190,unknown,Stage0-1-0,0,-1,1000000,1000000,1,1529.47,2113952
1787945119200,unknown,Stage0-4-0,0,-1,7333333,14000000,24,24142.00,32443789
1787945119208,unknown,Stage0-6-0,0,-1,8217391,12000000,23,22495.00,32411050
1787945120184,unknown,Stage0-3-0,0,-1,3000000,5000000,2,1531.00,2115483
1787945120185,unknown,Stage0-7-0,0,-1,10782608,17000000,23,23469.00,32434519
1787945120185,unknown,Stage0-0-0,0,-1,6000000,8000000,2,1531.00,2117014
1787945120190,unknown,Stage0-5-0,0,-1,10739130,18000000,23,23469.00,32434519
1787945120191,unknown,Stage0-1-0,0,-1,1500000,3000000,2,1529.47,2115483
1787945120200,unknown,Stage0-4-0,0,-1,5909090,12000000,22,22055.00,32465844
1787945120201,unknown,Stage0-2-0,0,-1,3500000,5000000,2,935.74,2115483
1787945120208,unknown,Stage0-6-0,0,-1,10608695,15000000,23,23558.00,32434608
1787945121185,unknown,Stage0-3-0,0,-1,3500000,5000000,2,1529.47,2117014
1787945121186,unknown,Stage0-0-0,0,-1,5000000,5000000,1,1529.47,2118545
1787945121186,unknown,Stage0-7-0,0,-1,8347826,13000000,23,23445.55,32457988
1787945121190,unknown,Stage0-5-0,0,-1,11565217,16000000,23,23469.00,32457988
1787945121192,unknown,Stage0-1-0,0,-1,2500000,4000000,2,1529.47,2117014
1787945121200,unknown,Stage0-4-0,0,-1,8875000,12000000,24,23472.00,32489316
1787945121202,unknown,Stage0-2-0,0,-1,5000000,7000000,2,1529.47,2117014
1787945121208,unknown,Stage0-6-0,0,-1,9347826,14000000,23,23380.00,32457988
1787945122185,unknown,Stage0-3-0,0,-1,4000000,4000000,1,1531.00,2118545
1787945122186,unknown,Stage0-7-0,0,-1,7875000,14000000,24,23469.00,32481457
1787945122186,unknown,Stage0-0-0,0,-1,5000000,7000000,2,1531.00,2120076
1787945122191,unknown,Stage0-5-0,0,-1,6500000,13000000,24,23445.55,32481457
1787945122192,unknown,Stage0-1-0,0,-1,3000000,3000000,1,1531.00,2118545
1787945122200,unknown,Stage0-4-0,0,-1,7863636,11000000,22,21818.00,32511134
1787945122202,unknown,Stage0-2-0,0,-1,5000000,5000000,1,1531.00,2118545
1787945122208,unknown,Stage0-6-0,0,-1,9041666,14000000,24,23469.00,32481457
1787945123187,unknown,Stage0-3-0,0,-1,3500000,5000000,2,1527.94,2120076
1787945123187,unknown,Stage0-7-0,0,-1,11086956,20000000,23,23445.55,32504926
1787945123187,unknown,Stage0-0-0,0,-1,4000000,4000000,1,1529.47,2121607
1787945123191,unknown,Stage0-5-0,0,-1,12521739,20000000,23,23469.00,32504926
1787945123192,unknown,Stage0-1-0,0,-1,4500000,6000000,2,1531.00,2120076
1787945123200,unknown,Stage0-4-0,0,-1,9565217,13000000,23,22941.00,32534075
1787945123204,unknown,Stage0-2-0,0,-1,5000000,7000000,2,1527.94,2120076
1787945123209,unknown,Stage0-6-0,0,-1,9086956,14000000,23,23445.55,32504926
1787945124187,unknown,Stage0-3-0,0,-1,4000000,4000000,1,1531.00,2121607
1787945124187,unknown,Stage0-0-0,0,-1,3500000,5000000,2,1531.00,2123138
1787945124188,unknown,Stage0-7-0,0,-1,13208333,21000000,24,23445.55,32528395
1787945124192,unknown,Stage0-5-0,0,-1,9000000,15000000,24,23445.55,32528395
1787945124193,unknown,Stage0-1-0,0,-1,4000000,4000000,1,1529.47,2121607
1787945124200,unknown,Stage0-4-0,0,-1,12043478,19000000,23,23246.00,32557321
1787945124204,unknown,Stage0-2-0,0,-1,5000000,5000000,1,1531.00,2121607
1787945124210,unknown,Stage0-6-0,0,-1,5416666,8000000,24,23445.55,32528395
1787945125187,unknown,Stage0-3-0,0,-1,3500000,5000000,2,1531.00,2123138
1787945125188,unknown,Stage0-7-0,0,-1,10347826,16000000,23,23469.00,32551864
1787945125188,unknown,Stage0-0-0,0,-1,5000000,5000000,1,1529.47,2124669
1787945125193,unknown,Stage0-5-0,0,-1,4826086,8000000,23,23445.55,32551864
1787945125193,unknown,Stage0-1-0,0,-1,3000000,4000000,2,1531.00,2123138
1787945125200,unknown,Stage0-4-0,0,-1,13782608,23000000,23,22995.00,32580316
1787945125204,unknown,Stage0-2-0,0,-1,3000000,4000000,2,1531.00,2123138
1787945125210,unknown,Stage0-6-0,0,-1,6956521,10000000,23,23469.00,32551864
1787945126187,unknown,Stage0-3-0,0,-1,3000000,3000000,1,1531.00,2124669
1787945126189,unknown,Stage0-7-0,0,-1,10000000,18000000,24,23445.55,32575333
1787945126189,unknown,Stage0-0-0,0,-1,3000000,4000000,2,1529.47,2126200
1787945126193,unknown,Stage0-5-0,0,-1,7541666,12000000,24,23469.00,32575333
1787945126194,unknown,Stage0-1-0,0,-1,3000000,3000000,1,1529.47,2124669
1787945126200,unknown,Stage0-4-0,0,-1,14708333,26000000,24,24656.00,32604972
1787945126205,unknown,Stage0-2-0,0,-1,4000000,4000000,1,1529.47,2124669
1787945126210,unknown,Stage0-6-0,0,-1,7791666,13000000,24,23469.00,32575333
1787945127188,unknown,Stage0-3-0,0,-1,4000000,6000000,2,1529.47,2126200
1787945127189,unknown,Stage0-7-0,0,-1,9913043,14000000,23,23469.00,32598802
1787945127189,unknown,Stage0-0-0,0,-1,4000000,4000000,1,1531.00,2127731
1787945127194,unknown,Stage0-5-0,0,-1,7391304,11000000,23,23445.55,32598802
1787945127195,unknown,Stage0-1-0,0,-1,4000000,6000000,2,1529.47,2126200
1787945127200,unknown,Stage0-4-0,0,-1,8590909,12000000,22,21741.00,32626713
1787945127205,unknown,Stage0-2-0,0,-1,4000000,6000000,2,1531.00,2126200
1787945127211,unknown,Stage0-6-0,0,-1,2739130,6000000,23,23445.55,32598802
1787945128189,unknown,Stage0-3-0,0,-1,4000000,4000000,1,1529.47,2127731
1787945128190,unknown,Stage0-7-0,0,-1,9916666,16000000,24,23445.55,32622271
1787945128190,unknown,Stage0-0-0,0,-1,3500000,5000000,2,1529.47,2129262
1787945128194,unknown,Stage0-5-0,0,-1,9125000,13000000,24,23469.00,32622271
1787945128195,unknown,Stage0-1-0,0,-1,3000000,3000000,1,1531.00,2127731
1787945128200,unknown,Stage0-4-0,0,-1,8480000,13000000,25,24435.00,32651148
1787945128206,unknown,Stage0-2-0,0,-1,4000000,4000000,1,1529.47,2127731
1787945128212,unknown,Stage0-6-0,0,-1,2416666,5000000,24,23445.55,32622271
1787945129190,unknown,Stage0-3-0,0,-1,3000000,4000000,2,1529.47,2129262
1787945129190,unknown,Stage0-0-0,0,-1,4000000,4000000,1,1531.00,2130793
1787945129190,unknown,Stage0-7-0,0,-1,5739130,13000000,23,23469.00,32645740
1787945129195,unknown,Stage0-5-0,0,-1,11956521,17000000,23,23445.55,32645740
1787945129196,unknown,Stage0-1-0,0,-1,3000000,5000000,2,1529.47,2129262
1787945129200,unknown,Stage0-4-0,0,-1,10863636,15000000,22,22721.00,32673869
1787945129207,unknown,Stage0-2-0,0,-1,4000000,6000000,2,1529.47,2129262
1787945129212,unknown,Stage0-6-0,0,-1,9956521,14000000,23,23469.00,32645740
1787945130190,unknown,Stage0-3-0,0,-1,4000000,4000000,1,1531.00,2130793
1787945130190,unknown,Stage0-0-0,0,-1,4000000,6000000,2,1531.00,2132324
1787945130190,unknown,Stage0-7-0,0,-1,10916666,20000000,24,23469.00,32669209
1787945130197,unknown,Stage0-5-0,0,-1,12041666,22000000,24,23422.16,32669209
1787945130197,unknown,Stage0-1-0,0,-1,3000000,3000000,1,1529.47,2130793
1787945130200,unknown,Stage0-4-0,0,-1,10600000,16000000,25,24319.00,32698188
1787945130207,unknown,Stage0-2-0,0,-1,4000000,4000000,1,1531.00,2130793
1787945130213,unknown,Stage0-6-0,0,-1,5791666,9000000,24,23445.55,32669209
1787945131190,unknown,Stage0-3-0,0,-1,3500000,5000000,2,1531.00,2132324
1787945131191,unknown,Stage0-0-0,0,-1,3000000,3000000,1,1529.47,2133855
1787945131191,unknown,Stage0-7-0,0,-1,4956521,7000000,23,23445.55,32692678
1787945131197,unknown,Stage0-5-0,0,-1,12391304,19000000,23,23624.00,32692833
1787945131197,unknown,Stage0-1-0,0,-1,3500000,5000000,2,1531.00,2132324
1787945131200,unknown,Stage0-4-0,0,-1,7826086,14000000,23,23731.00,32721919
1787945131207,unknown,Stage0-2-0,0,-1,3500000,5000000,2,1531.00,2132324
1787945131215,unknown,Stage0-6-0,0,-1,8434782,13000000,23,23422.16,32692678
1787945132191,unknown,Stage0-3-0,0,-1,3000000,3000000,1,1529.47,2133855
1787945132191,unknown,Stage0-0-0,0,-1,3500000,5000000,2,1531.00,2135386
1787945132191,unknown,Stage0-7-0,0,-1,10291666,17000000,24,23469.00,32716147
1787945132197,unknown,Stage0-5-0,0,-1,13500000,23000000,24,23314.00,32716147
1787945132197,unknown,Stage0-1-0,0,-1,2000000,2000000,1,1531.00,2133855
1787945132200,unknown,Stage0-4-0,0,-1,8818181,15000000,22,21930.00,32743849
1787945132209,unknown,Stage0-2-0,0,-1,4000000,4000000,1,1527.94,2133855
1787945132215,unknown,Stage0-6-0,0,-1,10333333,14000000,24,23691.00,32716369
1787945133191,unknown,Stage0-3-0,0,-1,4000000,6000000,2,1531.00,2135386
1787945133192,unknown,Stage0-0-0,0,-1,2000000,2000000,1,1529.47,2136917
1787945133192,unknown,Stage0-7-0,0,-1,13565217,27000000,23,23445.55,32739616
1787945133197,unknown,Stage0-5-0,0,-1,10043478,17000000,23,23469.00,32739616
1787945133198,unknown,Stage0-1-0,0,-1,2000000,4000000,2,1529.47,2135386
1787945133200,unknown,Stage0-4-0,0,-1,14000000,26000000,23,22749.00,32766598
1787945133209,unknown,Stage0-2-0,0,-1,3500000,5000000,2,1531.00,2135386
1787945133215,unknown,Stage0-6-0,0,-1,8521739,12000000,23,23247.00,32739616
1787945134192,unknown,Stage0-0-0,0,-1,3000000,4000000,2,1531.00,2138448
1787945134192,unknown,Stage0-3-0,0,-1,3000000,3000000,1,1529.47,2136917
1787945134192,unknown,Stage0-7-0,0,-1,11125000,22000000,24,23469.00,32763085
1787945134198,unknown,Stage0-5-0,0,-1,11291666,24000000,24,23445.55,32763085
1787945134198,unknown,Stage0-1-0,0,-1,3000000,3000000,1,1531.00,2136917
1787945134200,unknown,Stage0-4-0,0,-1,13791666,23000000,24,23597.00,32790195
1787945134209,unknown,Stage0-2-0,0,-1,3000000,3000000,1,1531.00,2136917
1787945134215,unknown,Stage0-6-0,0,-1,5958333,10000000,24,23469.00,32763085
1787945135193,unknown,Stage0-0-0,0,-1,3000000,3000000,1,1529.47,2139979
1787945135193,unknown,Stage0-3-0,0,-1,3000000,5000000,2,1529.47,2138448
1787945135193,unknown,Stage0-7-0,0,-1,11434782,19000000,23,23445.55,32786554
1787945135198,unknown,Stage0-1-0,0,-1,2000000,4000000,2,1531.00,2138448
1787945135200,unknown,Stage0-4-0,0,-1,15541666,29000000,24,24339.00,32814534
1787945135203,unknown,Stage0-5-0,0,-1,11739130,17000000,23,23352.24,32786554
1787945135210,unknown,Stage0-2-0,0,-1,3500000,5000000,2,1529.47,2138448
1787945135216,unknown,Stage0-6-0,0,-1,8434782,12000000,23,23445.55,32786554
1787945136193,unknown,Stage0-0-0,0,-1,4000000,6000000,2,1531.00,2141510
1787945136193,unknown,Stage0-3-0,0,-1,3000000,3000000,1,1531.00,2139979
1787945136193,unknown,Stage0-7-0,0,-1,7833333,12000000,24,23469.00,32810023
1787945136199,unknown,Stage0-1-0,0,-1,2000000,2000000,1,1529.47,2139979
1787945136200,unknown,Stage0-4-0,0,-1,7454545,11000000,22,22016.00,32836550
1787945136203,unknown,Stage0-5-0,0,-1,10923076,17000000,26,25622.00,32812176
1787945136210,unknown,Stage0-2-0,0,-1,3000000,3000000,1,1531.00,2139979
1787945136216,unknown,Stage0-6-0,0,-1,4583333,9000000,24,23469.00,32810023
1787945137193,unknown,Stage0-0-0,0,-1,5000000,7000000,2,1531.00,2143041
1787945137193,unknown,Stage0-3-0,0,-1,3500000,5000000,2,1531.00,2141510
1787945137195,unknown,Stage0-7-0,0,-1,8521739,15000000,23,23422.16,32833492
1787945137199,unknown,Stage0-1-0,0,-1,2500000,4000000,2,1531.00,2141510
1787945137200,unknown,Stage0-4-0,0,-1,9826086,16000000,23,23262.00,32859812
1787945137203,unknown,Stage0-5-0,0,-1,12090909,19000000,22,22776.00,32834952
1787945137210,unknown,Stage0-2-0,0,-1,3000000,5000000,2,1531.00,2141510
1787945137218,unknown,Stage0-6-0,0,-1,6478260,9000000,23,23422.16,32833492
1787945138194,unknown,Stage0-0-0,0,-1,4000000,4000000,1,1529.47,2144572
1787945138194,unknown,Stage0-3-0,0,-1,4000000,6000000,2,1529.47,2143041
1787945138195,unknown,Stage0-7-0,0,-1,13304347,26000000,23,23469.00,32856961
1787945138200,unknown,Stage0-4-0,0,-1,9782608,14000000,23,23118.00,32882930
1787945138200,unknown,Stage0-1-0,0,-1,4000000,6000000,2,1529.47,2143041
1787945138203,unknown,Stage0-5-0,0,-1,15208333,26000000,24,23176.00,32858128
1787945138212,unknown,Stage0-2-0,0,-1,5000000,7000000,2,1527.94,2143041
1787945138218,unknown,Stage0-6-0,0,-1,7391304,12000000,23,23469.00,32856961
1787945139194,unknown,Stage0-0-0,0,-1,4500000,6000000,2,1531.00,2146103
1787945139195,unknown,Stage0-3-0,0,-1,4000000,4000000,1,1529.47,2144572
1787945139195,unknown,Stage0-7-0,0,-1,11500000,17000000,24,23469.00,32880430
1787945139200,unknown,Stage0-4-0,0,-1,14120000,26000000,25,24385.00,32907315
1787945139201,unknown,Stage0-1-0,0,-1,4000000,4000000,1,1529.47,2144572
1787945139203,unknown,Stage0-5-0,0,-1,8695652,13000000,23,23360.00,32881488
1787945139212,unknown,Stage0-2-0,0,-1,5000000,5000000,1,1531.00,2144572
1787945139219,unknown,Stage0-6-0,0,-1,9125000,14000000,24,23445.55,32880430
1787945140194,unknown,Stage0-0-0,0,-1,3000000,3000000,1,1531.00,2147634
1787945140195,unknown,Stage0-3-0,0,-1,4500000,6000000,2,1531.00,2146103
1787945140196,unknown,Stage0-7-0,0,-1,11086956,22000000,23,23445.55,32903899
1787945140200,unknown,Stage0-4-0,0,-1,8909090,14000000,22,22534.00,32929849
1787945140201,unknown,Stage0-1-0,0,-1,3000000,5000000,2,1531.00,2146103
1787945140203,unknown,Stage0-5-0,0,-1,9173913,13000000,23,23367.00,32904855
1787945140212,unknown,Stage0-2-0,0,-1,4000000,6000000,2,1531.00,2146103
1787945140219,unknown,Stage0-6-0,0,-1,12347826,17000000,23,23469.00,32903899
1787945141194,unknown,Stage0-0-0,0,-1,1500000,2000000,2,1531.00,2149165
1787945141195,unknown,Stage0-3-0,0,-1,3000000,3000000,1,1531.00,2147634
1787945141196,unknown,Stage0-7-0,0,-1,10666666,15000000,24,23469.00,32927368
1787945141200,unknown,Stage0-4-0,0,-1,12916666,23000000,24,23712.00,32953561
1787945141201,unknown,Stage0-1-0,0,-1,3000000,3000000,1,1531.00,2147634
1787945141203,unknown,Stage0-5-0,0,-1,11708333,19000000,24,23242.00,32928097
1787945141213,unknown,Stage0-2-0,0,-1,4000000,4000000,1,1529.47,2147634
1787945141220,unknown,Stage0-6-0,0,-1,9583333,14000000,24,23445.55,32927368
1787945142195,unknown,Stage0-0-0,0,-1,3000000,3000000,1,1529.47,2150696
1787945142196,unknown,Stage0-3-0,0,-1,1000000,2000000,2,1529.47,2149165
1787945142196,unknown,Stage0-7-0,0,-1,9782608,18000000,23,23469.00,32950837
1787945142200,unknown,Stage0-4-0,0,-1,7521739,13000000,23,23100.00,32976661
1787945142202,unknown,Stage0-1-0,0,-1,2500000,4000000,2,1529.47,2149165
1787945142203,unknown,Stage0-5-0,0,-1,12652173,21000000,23,23287.00,32951384
1787945142213,unknown,Stage0-2-0,0,-1,4000000,6000000,2,1531.00,2149165
1787945142220,unknown,Stage0-6-0,0,-1,3956521,7000000,23,23469.00,32950837
1787945143196,unknown,Stage0-0-0,0,-1,3500000,5000000,2,1529.47,2152227
1787945143196,unknown,Stage0-3-0,0,-1,4000000,4000000,1,1531.00,2150696
1787945143197,unknown,Stage0-7-0,0,-1,7625000,17000000,24,23445.55,32974306
1787945143200,unknown,Stage0-4-0,0,-1,6869565,10000000,23,22470.00,32999131
1787945143202,unknown,Stage0-1-0,0,-1,3000000,3000000,1,1531.00,2150696
1787945143203,unknown,Stage0-5-0,0,-1,12130434,20000000,23,22922.00,32974306
1787945143214,unknown,Stage0-2-0,0,-1,4000000,4000000,1,1529.47,2150696
1787945143221,unknown,Stage0-6-0,0,-1,6041666,10000000,24,23445.55,32974306
1787945144196,unknown,Stage0-0-0,0,-1,4000000,4000000,1,1531.00,2153758
1787945144197,unknown,Stage0-3-0,0,-1,4500000,6000000,2,1529.47,2152227
1787945144197,unknown,Stage0-7-0,0,-1,6608695,13000000,23,23469.00,32997775
1787945144200,unknown,Stage0-4-0,0,-1,13913043,21000000,23,23202.00,33022333
1787945144203,unknown,Stage0-1-0,0,-1,3000000,5000000,2,1529.47,2152227
1787945144203,unknown,Stage0-5-0,0,-1,11304347,16000000,23,23469.00,32997775
1787945144214,unknown,Stage0-2-0,0,-1,4000000,6000000,2,1531.00,2152227
1787945144221,unknown,Stage0-6-0,0,-1,8782608,13000000,23,23469.00,32997775
1787945145196,unknown,Stage0-0-0,0,-1,3000000,4000000,2,1531.00,2155289
1787945145197,unknown,Stage0-3-0,0,-1,4000000,4000000,1,1531.00,2153758
1787945145197,unknown,Stage0-7-0,0,-1,8750000,15000000,24,23469.00,33021244
1787945145200,unknown,Stage0-4-0,0,-1,12695652,19000000,23,23369.00,33045702
1787945145203,unknown,Stage0-1-0,0,-1,3000000,3000000,1,1531.00,2153758
1787945145203,unknown,Stage0-5-0,0,-1,5583333,9000000,24,23469.00,33021244
1787945145214,unknown,Stage0-2-0,0,-1,4000000,4000000,1,1531.00,2153758
1787945145221,unknown,Stage0-6-0,0,-1,7791666,12000000,24,23469.00,33021244
1787945146197,unknown,Stage0-0-0,0,-1,3000000,3000000,1,1529.47,2156820
1787945146197,unknown,Stage0-3-0,0,-1,6500000,11000000,2,1531.00,2155289
1787945146198,unknown,Stage0-7-0,0,-1,6217391,9000000,23,23445.55,33044713
1787945146200,unknown,Stage0-4-0,0,-1,10833333,15000000,24,23314.00,33069016
1787945146204,unknown,Stage0-5-0,0,-1,9652173,17000000,23,23445.55,33044713
1787945146204,unknown,Stage0-1-0,0,-1,4000000,6000000,2,1529.47,2155289
1787945146216,unknown,Stage0-2-0,0,-1,4000000,6000000,2,1527.94,2155289
1787945146222,unknown,Stage0-6-0,0,-1,4652173,8000000,23,23445.55,33044713
1787945147198,unknown,Stage0-0-0,0,-1,2500000,4000000,2,1529.47,2158351
1787945147198,unknown,Stage0-3-0,0,-1,3000000,3000000,1,1529.47,2156820
1787945147198,unknown,Stage0-7-0,0,-1,14416666,26000000,24,23469.00,33068182
1787945147200,unknown,Stage0-4-0,0,-1,14826086,26000000,23,23075.00,33092091
1787945147204,unknown,Stage0-5-0,0,-1,5291666,9000000,24,23669.00,33068382
1787945147204,unknown,Stage0-1-0,0,-1,3000000,3000000,1,1531.00,2156820
1787945147216,unknown,Stage0-2-0,0,-1,4000000,4000000,1,1627.00,2156916
1787945147222,unknown,Stage0-6-0,0,-1,6583333,11000000,24,23469.00,33068182
1787945148198,unknown,Stage0-0-0,0,-1,4000000,4000000,1,1531.00,2159882
1787945148198,unknown,Stage0-3-0,0,-1,3500000,5000000,2,1531.00,2158351
1787945148199,unknown,Stage0-7-0,0,-1,12347826,20000000,23,23445.55,33091651
1787945148200,unknown,Stage0-4-0,0,-1,18260869,30000000,23,23566.00,33115657
1787945148204,unknown,Stage0-5-0,0,-1,6217391,11000000,23,23269.00,33091651
1787945148205,unknown,Stage0-1-0,0,-1,1500000,3000000,2,1529.47,2158351
1787945148216,unknown,Stage0-2-0,0,-1,3000000,4000000,2,1435.00,2158351
1787945148222,unknown,Stage0-6-0,0,-1,4304347,8000000,23,23469.00,33091651
1787945149198,unknown,Stage0-3-0,0,-1,4000000,4000000,1,1531.00,2159882
1787945149199,unknown,Stage0-0-0,0,-1,2500000,4000000,2,1529.47,2161413
1787945149199,unknown,Stage0-7-0,0,-1,8000000,11000000,24,23469.00,33115120
1787945149200,unknown,Stage0-4-0,0,-1,10260869,17000000,23,22959.00,33138616
1787945149204,unknown,Stage0-5-0,0,-1,9750000,18000000,24,23469.00,33115120
1787945149205,unknown,Stage0-1-0,0,-1,3000000,3000000,1,1531.00,2159882
1787945149216,unknown,Stage0-2-0,0,-1,3000000,3000000,1,1531.00,2159882
1787945149223,unknown,Stage0-6-0,0,-1,5125000,9000000,24,23445.55,33115120
1787945150199,unknown,Stage0-7-0,0,-1,12739130,21000000,23,23822.00,33138942
1787945150199,unknown,Stage0-3-0,0,-1,3500000,5000000,2,1529.47,2161413
1787945150199,unknown,Stage0-0-0,0,-1,3000000,3000000,1,1531.00,2162944
1787945150200,unknown,Stage0-4-0,0,-1,10708333,18000000,24,23586.00,33162202
1787945150204,unknown,Stage0-5-0,0,-1,10391304,15000000,23,23469.00,33138589
1787945150205,unknown,Stage0-1-0,0,-1,3000000,5000000,2,1531.00,2161413
1787945150217,unknown,Stage0-2-0,0,-1,3500000,5000000,2,1529.47,2161413
1787945150223,unknown,Stage0-6-0,0,-1,11782608,17000000,23,23469.00,33138589
1787945151199,unknown,Stage0-0-0,0,-1,3000000,5000000,2,1531.00,2164475
1787945151200,unknown,Stage0-3-0,0,-1,2000000,2000000,1,1529.47,2162944
1787945151200,unknown,Stage0-7-0,0,-1,5083333,11000000,24,23092.91,33162058
1787945151200,unknown,Stage0-4-0,0,-1,3391304,7000000,23,23325.00,33185527
1787945151205,unknown,Stage0-5-0,0,-1,10875000,18000000,24,23445.55,33162058
1787945151206,unknown,Stage0-1-0,0,-1,2000000,2000000,1,1529.47,2162944
1787945151217,unknown,Stage0-2-0,0,-1,2000000,2000000,1,1531.00,2162944
1787945151225,unknown,Stage0-6-0,0,-1,8250000,13000000,24,23422.16,33162058
1787945152200,unknown,Stage0-0-0,0,-1,5000000,7000000,2,1529.47,2166006
1787945152200,unknown,Stage0-3-0,0,-1,3500000,5000000,2,1531.00,2164475
1787945152200,unknown,Stage0-4-0,0,-1,6869565,10000000,23,23469.00,33208996
1787945152200,unknown,Stage0-7-0,0,-1,10434782,17000000,23,23469.00,33185527
1787945152205,unknown,Stage0-5-0,0,-1,8434782,13000000,23,23469.00,33185527
1787945152206,unknown,Stage0-1-0,0,-1,1500000,3000000,2,1531.00,2164475
1787945152217,unknown,Stage0-2-0,0,-1,3000000,5000000,2,1531.00,2164475
1787945152225,unknown,Stage0-6-0,0,-1,7826086,12000000,23,23598.00,33185656
1787945153200,unknown,Stage0-0-0,0,-1,6000000,6000000,1,1531.00,2167537
1787945153201,unknown,Stage0-3-0,0,-1,5000000,7000000,2,1529.47,2166006
1787945153201,unknown,Stage0-4-0,0,-1,15125000,30000000,24,23445.55,33232465
1787945153201,unknown,Stage0-7-0,0,-1,13217391,26000000,23,23445.55,33208996
1787945153206,unknown,Stage0-1-0,0,-1,4000000,6000000,2,1531.00,2166006
1787945153207,unknown,Stage0-5-0,0,-1,15521739,31000000,23,23422.16,33208996
1787945153218,unknown,Stage0-2-0,0,-1,5000000,7000000,2,1529.47,2166006
1787945153225,unknown,Stage0-6-0,0,-1,15521739,28000000,23,23340.00,33208996
1787945154201,unknown,Stage0-3-0,0,-1,5000000,5000000,1,1531.00,2167537
1787945154201,unknown,Stage0-0-0,0,-1,6500000,9000000,2,1529.47,2169068
1787945154202,unknown,Stage0-4-0,0,-1,17347826,28000000,23,23445.55,33255934
1787945154202,unknown,Stage0-7-0,0,-1,15625000,25000000,24,23445.55,33232465
1787945154207,unknown,Stage0-5-0,0,-1,18000000,33000000,24,23469.00,33232465
1787945154208,unknown,Stage0-1-0,0,-1,6000000,6000000,1,1527.94,2167537
1787945154219,unknown,Stage0-2-0,0,-1,6000000,6000000,1,1529.47,2167537
1787945154225,unknown,Stage0-6-0,0,-1,22958333,36000000,24,23469.00,33232465
1787945155201,unknown,Stage0-3-0,0,-1,4000000,5000000,2,1531.00,2169068
1787945155202,unknown,Stage0-0-0,0,-1,5000000,5000000,1,1529.47,2170599
1787945155202,unknown,Stage0-4-0,0,-1,16625000,34000000,24,23469.00,33279403
1787945155202,unknown,Stage0-7-0,0,-1,18347826,31000000,23,23469.00,33255934
1787945155207,unknown,Stage0-5-0,0,-1,17695652,28000000,23,23469.00,33255934
1787945155208,unknown,Stage0-1-0,0,-1,6000000,9000000,2,1531.00,2169068
1787945155219,unknown,Stage0-2-0,0,-1,6000000,9000000,2,1531.00,2169068
1787945155226,unknown,Stage0-6-0,0,-1,16826086,29000000,23,23445.55,33255934
1787945156202,unknown,Stage0-3-0,0,-1,6000000,6000000,1,1529.47,2170599
1787945156202,unknown,Stage0-0-0,0,-1,6500000,9000000,2,1531.00,2172130
1787945156203,unknown,Stage0-4-0,0,-1,21565217,35000000,23,23445.55,33302872
1787945156203,unknown,Stage0-7-0,0,-1,19583333,31000000,24,23445.55,33279403
1787945156209,unknown,Stage0-5-0,0,-1,18541666,33000000,24,23422.16,33279403
1787945156209,unknown,Stage0-1-0,0,-1,5000000,5000000,1,1529.47,2170599
1787945156219,unknown,Stage0-2-0,0,-1,6000000,6000000,1,1531.00,2170599
1787945156226,unknown,Stage0-6-0,0,-1,15833333,26000000,24,23469.00,33279403
1787945157202,unknown,Stage0-3-0,0,-1,6500000,9000000,2,1531.00,2172130
1787945157203,unknown,Stage0-7-0,0,-1,18208333,34000000,24,23625.00,33303028
1787945157203,unknown,Stage0-0-0,0,-1,5000000,5000000,1,1529.47,2173661
1787945157203,unknown,Stage0-4-0,0,-1,17583333,29000000,24,23469.00,33326341
1787945157209,unknown,Stage0-5-0,0,-1,18260869,31000000,23,23469.00,33302872
1787945157211,unknown,Stage0-1-0,0,-1,5000000,7000000,2,1527.94,2172130
1787945157220,unknown,Stage0-2-0,0,-1,4000000,6000000,2,1529.47,2172130
1787945157232,unknown,Stage0-6-0,0,-1,20869565,35000000,23,23329.03,33302872
1787945158203,unknown,Stage0-3-0,0,-1,6000000,6000000,1,1529.47,2173661
1787945158203,unknown,Stage0-0-0,0,-1,5500000,8000000,2,1531.00,2175192
1787945158203,unknown,Stage0-7-0,0,-1,19000000,34000000,23,23313.00,33326341
1787945158203,unknown,Stage0-4-0,0,-1,19956521,33000000,23,23469.00,33349810
1787945158211,unknown,Stage0-1-0,0,-1,7000000,7000000,1,1786.00,2173916
1787945158211,unknown,Stage0-5-0,0,-1,18625000,33000000,24,23422.16,33326341
1787945158220,unknown,Stage0-2-0,0,-1,5000000,5000000,1,1531.00,2173661
1787945158232,unknown,Stage0-6-0,0,-1,24115384,38000000,26,25292.00,33328164
1787945159203,unknown,Stage0-3-0,0,-1,6000000,9000000,2,1531.00,2175192
1787945159203,unknown,Stage0-0-0,0,-1,5000000,5000000,1,1531.00,2176723
1787945159204,unknown,Stage0-4-0,0,-1,22291666,38000000,24,23445.55,33373279
1787945159204,unknown,Stage0-7-0,0,-1,23434782,40000000,23,23445.55,33349810
1787945159211,unknown,Stage0-5-0,0,-1,21652173,33000000,23,23578.00,33349919
1787945159211,unknown,Stage0-1-0,0,-1,7000000,12000000,2,1593.00,2175509
1787945159221,unknown,Stage0-2-0,0,-1,4000000,6000000,2,1529.47,2175192
1787945159232,unknown,Stage0-6-0,0,-1,18272727,32000000,22,22646.00,33350810
1787945160204,unknown,Stage0-0-0,0,-1,5500000,8000000,2,1529.47,2178254
1787945160204,unknown,Stage0-3-0,0,-1,5000000,5000000,1,1529.47,2176723
1787945160204,unknown,Stage0-7-0,0,-1,17416666,26000000,24,23469.00,33373279
1787945160205,unknown,Stage0-4-0,0,-1,19260869,34000000,23,23445.55,33396748
1787945160211,unknown,Stage0-1-0,0,-1,5000000,5000000,1,1468.00,2176977
1787945160211,unknown,Stage0-5-0,0,-1,16625000,26000000,24,23600.00,33373519
1787945160221,unknown,Stage0-2-0,0,-1,5000000,5000000,1,1531.00,2176723
1787945160232,unknown,Stage0-6-0,0,-1,23875000,36000000,24,24166.00,33374976
1787945161204,unknown,Stage0-3-0,0,-1,6000000,9000000,2,1531.00,2178254
1787945161204,unknown,Stage0-0-0,0,-1,6000000,6000000,1,1531.00,2179785
1787945161205,unknown,Stage0-7-0,0,-1,20913043,35000000,23,23445.55,33396748
1787945161205,unknown,Stage0-4-0,0,-1,24500000,41000000,24,23469.00,33420217
1787945161211,unknown,Stage0-5-0,0,-1,20782608,39000000,23,23275.00,33396794
1787945161211,unknown,Stage0-1-0,0,-1,4000000,6000000,2,1357.00,2178334
1787945161222,unknown,Stage0-2-0,0,-1,4000000,6000000,2,1529.47,2178254
1787945161232,unknown,Stage0-6-0,0,-1,16347826,32000000,23,22873.00,33397849
1787945162204,unknown,Stage0-3-0,0,-1,5000000,5000000,1,1531.00,2179785
1787945162205,unknown,Stage0-7-0,0,-1,18916666,32000000,24,23469.00,33420217
1787945162205,unknown,Stage0-4-0,0,-1,20391304,34000000,23,23469.00,33443686
1787945162206,unknown,Stage0-0-0,0,-1,4000000,6000000,2,1527.94,2181316
1787945162211,unknown,Stage0-1-0,0,-1,4000000,4000000,1,1451.00,2179785
1787945162211,unknown,Stage0-5-0,0,-1,21708333,36000000,24,23423.00,33420217
1787945162222,unknown,Stage0-2-0,0,-1,5000000,5000000,1,1531.00,2179785
1787945162232,unknown,Stage0-6-0,0,-1,21000000,35000000,24,23881.00,33421730
1787945163205,unknown,Stage0-3-0,0,-1,6500000,11000000,2,1529.47,2181316
1787945163206,unknown,Stage0-0-0,0,-1,5000000,5000000,1,1617.00,2182933
1787945163206,unknown,Stage0-4-0,0,-1,22375000,39000000,24,23445.55,33467155
1787945163206,unknown,Stage0-7-0,0,-1,23869565,43000000,23,23445.55,33443686
1787945163212,unknown,Stage0-1-0,0,-1,4500000,7000000,2,1529.47,2181316
1787945163212,unknown,Stage0-5-0,0,-1,18782608,34000000,23,23445.55,33443686
1787945163223,unknown,Stage0-2-0,0,-1,3500000,5000000,2,1529.47,2181316
1787945163232,unknown,Stage0-6-0,0,-1,13608695,24000000,23,22656.00,33444386
1787945164205,unknown,Stage0-3-0,0,-1,4000000,4000000,1,1531.00,2182847
1787945164206,unknown,Stage0-0-0,0,-1,4500000,7000000,2,1446.00,2184379
1787945164206,unknown,Stage0-7-0,0,-1,21500000,36000000,24,23469.00,33467155
1787945164207,unknown,Stage0-4-0,0,-1,24391304,40000000,23,23445.55,33490624
1787945164212,unknown,Stage0-1-0,0,-1,4000000,4000000,1,1531.00,2182847
1787945164212,unknown,Stage0-5-0,0,-1,17083333,29000000,24,23469.00,33467155
1787945164223,unknown,Stage0-2-0,0,-1,4000000,4000000,1,1531.00,2182847
1787945164232,unknown,Stage0-6-0,0,-1,17956521,30000000,23,23189.00,33467575
1787945165206,unknown,Stage0-3-0,0,-1,4000000,6000000,2,1529.47,2184378
1787945165206,unknown,Stage0-0-0,0,-1,5000000,5000000,1,1530.00,2185909
1787945165207,unknown,Stage0-4-0,0,-1,23750000,39000000,24,23469.00,33514093
1787945165207,unknown,Stage0-7-0,0,-1,23130434,43000000,23,23445.55,33490624
1787945165212,unknown,Stage0-5-0,0,-1,17565217,30000000,23,23469.00,33490624
1787945165213,unknown,Stage0-1-0,0,-1,3500000,6000000,2,1529.47,2184378
1787945165224,unknown,Stage0-2-0,0,-1,4500000,7000000,2,1529.47,2184378
1787945165232,unknown,Stage0-6-0,0,-1,17750000,26000000,24,23549.00,33491124
1787945166206,unknown,Stage0-3-0,0,-1,4000000,4000000,1,1531.00,2185909
1787945166207,unknown,Stage0-4-0,0,-1,17086956,29000000,23,23469.00,33537562
1787945166207,unknown,Stage0-0-0,0,-1,3000000,5000000,2,1529.47,2187440
1787945166207,unknown,Stage0-7-0,0,-1,21708333,37000000,24,23469.00,33514093
1787945166213,unknown,Stage0-1-0,0,-1,3000000,3000000,1,1549.00,2185927
1787945166213,unknown,Stage0-5-0,0,-1,24083333,42000000,24,23445.55,33514093
1787945166225,unknown,Stage0-2-0,0,-1,4000000,4000000,1,1529.47,2185909
1787945166232,unknown,Stage0-6-0,0,-1,14652173,24000000,23,23193.00,33514317
1787945167206,unknown,Stage0-3-0,0,-1,4500000,7000000,2,1531.00,2187440
1787945167207,unknown,Stage0-0-0,0,-1,4000000,4000000,1,1531.00,2188971
1787945167207,unknown,Stage0-7-0,0,-1,12347826,22000000,23,23469.00,33537562
1787945167208,unknown,Stage0-4-0,0,-1,14458333,32000000,24,23445.55,33561031
1787945167213,unknown,Stage0-5-0,0,-1,22086956,40000000,23,23479.00,33537572
1787945167213,unknown,Stage0-1-0,0,-1,3500000,6000000,2,1513.00,2187440
1787945167225,unknown,Stage0-2-0,0,-1,4500000,7000000,2,1531.00,2187440
1787945167232,unknown,Stage0-6-0,0,-1,21913043,35000000,23,23245.00,33537562
1787945168207,unknown,Stage0-3-0,0,-1,4000000,4000000,1,1529.47,2188971
1787945168207,unknown,Stage0-7-0,0,-1,18250000,28000000,24,23469.00,33561031
1787945168207,unknown,Stage0-0-0,0,-1,3000000,5000000,2,1531.00,2190502
1787945168209,unknown,Stage0-4-0,0,-1,24565217,41000000,23,23445.55,33584500
1787945168213,unknown,Stage0-1-0,0,-1,4000000,4000000,1,1531.00,2188971
1787945168214,unknown,Stage0-5-0,0,-1,19250000,32000000,24,23435.56,33561031
1787945168226,unknown,Stage0-2-0,0,-1,4000000,4000000,1,1529.47,2188971
1787945168233,unknown,Stage0-6-0,0,-1,22083333,33000000,24,23445.55,33561031
1787945169207,unknown,Stage0-3-0,0,-1,3000000,5000000,2,1531.00,2190502
1787945169208,unknown,Stage0-0-0,0,-1,3000000,3000000,2,1529.47,2192033
1787945169208,unknown,Stage0-7-0,0,-1,16173913,29000000,23,23445.55,33584500
1787945169209,unknown,Stage0-4-0,0,-1,21291666,38000000,24,23504.00,33608004
1787945169214,unknown,Stage0-1-0,0,-1,3500000,6000000,2,1529.47,2190502
1787945169214,unknown,Stage0-5-0,0,-1,21782608,38000000,23,23469.00,33584500
1787945169227,unknown,Stage0-2-0,0,-1,3500000,6000000,2,1529.47,2190502
1787945169233,unknown,Stage0-6-0,0,-1,20478260,32000000,23,23469.00,33584500
1787945170208,unknown,Stage0-0-0,0,-1,5000000,5000000,1,1531.00,2193564
1787945170208,unknown,Stage0-3-0,0,-1,5000000,7000000,2,1529.47,2192033
1787945170209,unknown,Stage0-4-0,0,-1,16608695,25000000,23,23434.00,33631438
1787945170209,unknown,Stage0-7-0,0,-1,18000000,31000000,23,23445.55,33607969
1787945170214,unknown,Stage0-5-0,0,-1,24043478,43000000,23,23469.00,33607969
1787945170214,unknown,Stage0-1-0,0,-1,5500000,8000000,2,1531.00,2192033
1787945170227,unknown,Stage0-2-0,0,-1,6500000,9000000,2,1570.00,2192072
1787945170234,unknown,Stage0-6-0,0,-1,21608695,36000000,23,23445.55,33607969
1787945171208,unknown,Stage0-3-0,0,-1,6000000,6000000,1,1531.00,2193564
1787945171208,unknown,Stage0-0-0,0,-1,3000000,3000000,2,1531.00,2195095
1787945171209,unknown,Stage0-7-0,0,-1,14125000,29000000,24,23469.00,33631438
1787945171209,unknown,Stage0-4-0,0,-1,14565217,29000000,23,23469.00,33654907
1787945171214,unknown,Stage0-5-0,0,-1,20500000,37000000,24,23469.00,33631438
1787945171214,unknown,Stage0-1-0,0,-1,5000000,5000000,1,1531.00,2193564
1787945171227,unknown,Stage0-2-0,0,-1,6000000,6000000,1,1492.00,2193564
1787945171234,unknown,Stage0-6-0,0,-1,20791666,35000000,24,23469.00,33631438
1787945172209,unknown,Stage0-3-0,0,-1,6000000,9000000,2,1529.47,2195095
1787945172209,unknown,Stage0-4-0,0,-1,23875000,39000000,24,23469.00,33678376
1787945172209,unknown,Stage0-0-0,0,-1,6000000,6000000,1,1529.47,2196626
1787945172210,unknown,Stage0-7-0,0,-1,21695652,36000000,23,23445.55,33654907
1787945172215,unknown,Stage0-5-0,0,-1,11913043,20000000,23,23445.55,33654907
1787945172216,unknown,Stage0-1-0,0,-1,4000000,6000000,2,1527.94,2195095
1787945172227,unknown,Stage0-2-0,0,-1,5500000,8000000,2,1531.00,2195095
1787945172235,unknown,Stage0-6-0,0,-1,14391304,25000000,23,23445.55,33654907
1787945173209,unknown,Stage0-3-0,0,-1,5000000,5000000,1,1531.00,2196626
1787945173209,unknown,Stage0-0-0,0,-1,4500000,6000000,2,1531.00,2198157
1787945173210,unknown,Stage0-7-0,0,-1,23291666,42000000,24,23469.00,33678376
1787945173210,unknown,Stage0-4-0,0,-1,18347826,32000000,23,23445.55,33701845
1787945173216,unknown,Stage0-1-0,0,-1,6000000,6000000,1,1534.00,2196629
1787945173216,unknown,Stage0-5-0,0,-1,19875000,34000000,24,23445.55,33678376
1787945173228,unknown,Stage0-2-0,0,-1,6000000,6000000,1,1529.47,2196626
1787945173236,unknown,Stage0-6-0,0,-1,18250000,29000000,24,23445.55,33678376
1787945174210,unknown,Stage0-3-0,0,-1,5000000,7000000,2,1529.47,2198157
1787945174210,unknown,Stage0-0-0,0,-1,5000000,5000000,1,1529.47,2199688
1787945174210,unknown,Stage0-7-0,0,-1,22391304,37000000,23,23469.00,33701845
1787945174211,unknown,Stage0-4-0,0,-1,23916666,41000000,24,23445.55,33725314
1787945174216,unknown,Stage0-1-0,0,-1,4000000,6000000,2,1528.00,2198157
1787945174216,unknown,Stage0-5-0,0,-1,19304347,36000000,23,23469.00,33701845
1787945174228,unknown,Stage0-2-0,0,-1,5500000,8000000,2,1531.00,2198157
1787945174236,unknown,Stage0-6-0,0,-1,18826086,28000000,23,23484.00,33701860
1787945175210,unknown,Stage0-0-0,0,-1,5500000,8000000,2,1531.00,2201219
1787945175211,unknown,Stage0-3-0,0,-1,6000000,6000000,1,1529.47,2199688
1787945175211,unknown,Stage0-4-0,0,-1,24260869,38000000,23,23469.00,33748783
1787945175211,unknown,Stage0-7-0,0,-1,20791666,36000000,24,23445.55,33725314
1787945175216,unknown,Stage0-5-0,0,-1,19875000,31000000,24,23469.00,33725314
1787945175217,unknown,Stage0-1-0,0,-1,6000000,6000000,1,1529.47,2199688
1787945175229,unknown,Stage0-2-0,0,-1,6000000,6000000,1,1529.47,2199688
1787945175236,unknown,Stage0-6-0,0,-1,17208333,26000000,24,23454.00,33725314
1787945176210,unknown,Stage0-0-0,0,-1,6000000,6000000,1,1531.00,2202750
1787945176211,unknown,Stage0-3-0,0,-1,6000000,9000000,2,1585.00,2201273
1787945176211,unknown,Stage0-4-0,0,-1,22000000,36000000,24,23469.00,33772252
1787945176211,unknown,Stage0-7-0,0,-1,21739130,38000000,23,23469.00,33748783
1787945176216,unknown,Stage0-5-0,0,-1,20217391,35000000,23,23469.00,33748783
1787945176218,unknown,Stage0-1-0,0,-1,5500000,8000000,2,1529.47,2201219
1787945176230,unknown,Stage0-2-0,0,-1,5000000,8000000,2,1529.47,2201219
1787945176236,unknown,Stage0-6-0,0,-1,20739130,31000000,23,23469.00,33748783
1787945177211,unknown,Stage0-0-0,0,-1,1500000,2000000,2,1529.47,2204281
1787945177211,unknown,Stage0-3-0,0,-1,4000000,4000000,1,1477.00,2202750
1787945177211,unknown,Stage0-7-0,0,-1,18750000,34000000,24,23469.00,33772252
1787945177212,unknown,Stage0-4-0,0,-1,16000000,26000000,23,23445.55,33795721
1787945177217,unknown,Stage0-5-0,0,-1,20583333,35000000,24,23445.55,33772252
1787945177218,unknown,Stage0-1-0,0,-1,5000000,5000000,1,1531.00,2202750
1787945177230,unknown,Stage0-2-0,0,-1,5000000,5000000,1,1531.00,2202750
1787945177236,unknown,Stage0-6-0,0,-1,14041666,23000000,24,23469.00,33772252
1787945178212,unknown,Stage0-3-0,0,-1,5000000,7000000,2,1529.47,2204281
1787945178212,unknown,Stage0-7-0,0,-1,19478260,35000000,23,23445.55,33795721
1787945178212,unknown,Stage0-0-0,0,-1,4000000,4000000,1,1529.47,2205812
1787945178212,unknown,Stage0-4-0,0,-1,16000000,25000000,24,23469.00,33819190
1787945178218,unknown,Stage0-5-0,0,-1,19347826,33000000,23,23445.55,33795721
1787945178219,unknown,Stage0-1-0,0,-1,4500000,7000000,2,1529.47,2204281
1787945178231,unknown,Stage0-2-0,0,-1,5000000,8000000,2,1529.47,2204281
1787945178237,unknown,Stage0-6-0,0,-1,10652173,19000000,23,23445.55,33795721
1787945179212,unknown,Stage0-3-0,0,-1,5000000,5000000,1,1531.00,2205812
1787945179213,unknown,Stage0-0-0,0,-1,5000000,8000000,2,1529.47,2207343
1787945179213,unknown,Stage0-4-0,0,-1,13173913,21000000,23,23445.55,33842659
1787945179213,unknown,Stage0-7-0,0,-1,17166666,32000000,24,23445.55,33819190
1787945179219,unknown,Stage0-5-0,0,-1,17750000,33000000,24,23445.55,33819190
1787945179219,unknown,Stage0-1-0,0,-1,4000000,4000000,1,1531.00,2205812
1787945179231,unknown,Stage0-2-0,0,-1,4000000,4000000,1,1531.00,2205812
1787945179239,unknown,Stage0-6-0,0,-1,15083333,25000000,24,23422.16,33819190
1787945180212,unknown,Stage0-3-0,0,-1,4000000,6000000,2,1531.00,2207343
1787945180213,unknown,Stage0-0-0,0,-1,4000000,4000000,1,1531.00,2208874
1787945180214,unknown,Stage0-4-0,0,-1,15208333,23000000,24,23445.55,33866128
1787945180214,unknown,Stage0-7-0,0,-1,20565217,36000000,23,23445.55,33842659
1787945180219,unknown,Stage0-1-0,0,-1,3500000,6000000,2,1531.00,2207343
1787945180219,unknown,Stage0-5-0,0,-1,20217391,33000000,23,23469.00,33842659
1787945180231,unknown,Stage0-2-0,0,-1,4500000,7000000,2,1531.00,2207343
1787945180239,unknown,Stage0-6-0,0,-1,17217391,27000000,23,23542.00,33842732
1787945181213,unknown,Stage0-3-0,0,-1,4000000,4000000,1,1529.47,2208874
1787945181213,unknown,Stage0-0-0,0,-1,4000000,6000000,2,1531.00,2210405
1787945181214,unknown,Stage0-4-0,0,-1,25260869,44000000,23,23469.00,33889597
1787945181214,unknown,Stage0-7-0,0,-1,23958333,40000000,24,23469.00,33866128
1787945181220,unknown,Stage0-5-0,0,-1,14666666,23000000,24,23445.55,33866128
1787945181220,unknown,Stage0-1-0,0,-1,4000000,4000000,1,1529.47,2208874
1787945181231,unknown,Stage0-2-0,0,-1,5000000,5000000,1,1531.00,2208874
1787945181240,unknown,Stage0-6-0,0,-1,15000000,24000000,24,23372.63,33866128
1787945182213,unknown,Stage0-3-0,0,-1,4000000,6000000,2,1531.00,2210405
1787945182214,unknown,Stage0-7-0,0,-1,23260869,40000000,23,23469.00,33889597
1787945182214,unknown,Stage0-0-0,0,-1,3000000,3000000,1,1529.47,2211936
1787945182214,unknown,Stage0-4-0,0,-1,21916666,37000000,24,23469.00,33913066
1787945182220,unknown,Stage0-5-0,0,-1,18608695,32000000,23,23469.00,33889597
1787945182221,unknown,Stage0-1-0,0,-1,3500000,6000000,2,1529.47,2210405
1787945182233,unknown,Stage0-2-0,0,-1,4500000,7000000,2,1527.94,2210405
1787945182240,unknown,Stage0-6-0,0,-1,20434782,31000000,23,23469.00,33889597
1787945183214,unknown,Stage0-3-0,0,-1,3000000,3000000,1,1529.47,2211936
1787945183215,unknown,Stage0-0-0,0,-1,4000000,7000000,2,1529.47,2213467
1787945183215,unknown,Stage0-7-0,0,-1,21291666,39000000,24,23445.55,33913066
1787945183215,unknown,Stage0-4-0,0,-1,19913043,37000000,23,23445.55,33936535
1787945183220,unknown,Stage0-5-0,0,-1,14000000,21000000,24,23469.00,33913066
1787945183221,unknown,Stage0-1-0,0,-1,4000000,4000000,1,1531.00,2211936
1787945183233,unknown,Stage0-2-0,0,-1,5000000,5000000,1,1531.00,2211936
1787945183240,unknown,Stage0-6-0,0,-1,14833333,23000000,24,23469.00,33913066
1787945184214,unknown,Stage0-3-0,0,-1,4000000,6000000,2,1531.00,2213467
1787945184215,unknown,Stage0-0-0,0,-1,4000000,4000000,1,1531.00,2214998
1787945184215,unknown,Stage0-7-0,0,-1,20217391,32000000,23,23469.00,33936535
1787945184216,unknown,Stage0-4-0,0,-1,23125000,39000000,24,23445.55,33960004
1787945184220,unknown,Stage0-5-0,0,-1,22043478,40000000,23,23469.00,33936535
1787945184221,unknown,Stage0-1-0,0,-1,3500000,6000000,2,1531.00,2213467
1787945184234,unknown,Stage0-2-0,0,-1,3500000,6000000,2,1529.47,2213467
1787945184240,unknown,Stage0-6-0,0,-1,20869565,30000000,23,23469.00,33936535
1787945185214,unknown,Stage0-3-0,0,-1,3000000,3000000,1,1531.00,2214998
1787945185215,unknown,Stage0-7-0,0,-1,16791666,25000000,24,23469.00,33960004
1787945185215,unknown,Stage0-0-0,0,-1,3000000,5000000,2,1531.00,2216529
1787945185217,unknown,Stage0-4-0,0,-1,21173913,33000000,23,23445.55,33983473
1787945185220,unknown,Stage0-5-0,0,-1,18541666,38000000,24,23469.00,33960004
1787945185221,unknown,Stage0-1-0,0,-1,3000000,3000000,1,1531.00,2214998
1787945185234,unknown,Stage0-2-0,0,-1,3000000,3000000,1,1531.00,2214998
1787945185241,unknown,Stage0-6-0,0,-1,20250000,29000000,24,23445.55,33960004
1787945186215,unknown,Stage0-3-0,0,-1,3000000,5000000,2,1529.47,2216529
1787945186216,unknown,Stage0-7-0,0,-1,16826086,26000000,23,23445.55,33983473
1787945186216,unknown,Stage0-0-0,0,-1,5000000,7000000,2,1529.47,2218060
1787945186217,unknown,Stage0-4-0,0,-1,16875000,30000000,24,23673.00,34007146
1787945186221,unknown,Stage0-1-0,0,-1,2000000,4000000,2,1531.00,2216529
1787945186222,unknown,Stage0-5-0,0,-1,21826086,36000000,23,23422.16,33983473
1787945186235,unknown,Stage0-2-0,0,-1,3000000,5000000,2,1529.47,2216529
1787945186241,unknown,Stage0-6-0,0,-1,20956521,34000000,23,23469.00,33983473
1787945187215,unknown,Stage0-3-0,0,-1,4500000,7000000,2,1531.00,2218060
1787945187216,unknown,Stage0-7-0,0,-1,20043478,33000000,23,23469.00,34006942
1787945187217,unknown,Stage0-0-0,0,-1,5000000,5000000,1,1529.47,2219591
1787945187217,unknown,Stage0-4-0,0,-1,24913043,43000000,23,23265.00,34030411
1787945187222,unknown,Stage0-5-0,0,-1,17291666,28000000,24,23686.00,34007159
1787945187222,unknown,Stage0-1-0,0,-1,5500000,8000000,2,1529.47,2218060
1787945187235,unknown,Stage0-2-0,0,-1,6000000,9000000,2,1531.00,2218060
1787945187242,unknown,Stage0-6-0,0,-1,18217391,32000000,23,23445.55,34006942
1787945188216,unknown,Stage0-3-0,0,-1,4000000,4000000,1,1529.47,2219591
1787945188217,unknown,Stage0-0-0,0,-1,6500000,9000000,2,1531.00,2221122
1787945188217,unknown,Stage0-7-0,0,-1,23333333,41000000,24,23445.55,34030411
1787945188217,unknown,Stage0-4-0,0,-1,16869565,36000000,23,23469.00,34053880
1787945188222,unknown,Stage0-5-0,0,-1,12000000,19000000,23,23252.00,34030411
1787945188222,unknown,Stage0-1-0,0,-1,5000000,5000000,1,1531.00,2219591
1787945188236,unknown,Stage0-2-0,0,-1,6000000,6000000,1,1529.47,2219591
1787945188243,unknown,Stage0-6-0,0,-1,14500000,23000000,24,23445.55,34030411
1787945189217,unknown,Stage0-3-0,0,-1,5000000,7000000,2,1529.47,2221122
1787945189217,unknown,Stage0-0-0,0,-1,4000000,4000000,1,1531.00,2222653
1787945189218,unknown,Stage0-7-0,0,-1,13173913,20000000,23,23445.55,34053880
1787945189218,unknown,Stage0-4-0,0,-1,24583333,47000000,24,23445.55,34077349
1787945189223,unknown,Stage0-5-0,0,-1,21043478,36000000,23,23445.55,34053880
1787945189223,unknown,Stage0-1-0,0,-1,4000000,6000000,2,1529.47,2221122
1787945189237,unknown,Stage0-2-0,0,-1,5500000,8000000,2,1529.47,2221122
1787945189243,unknown,Stage0-6-0,0,-1,16708333,29000000,24,23728.00,34054139
1787945190217,unknown,Stage0-3-0,0,-1,5000000,5000000,1,1531.00,2222653
1787945190217,unknown,Stage0-0-0,0,-1,4500000,6000000,2,1531.00,2224184
1787945190218,unknown,Stage0-4-0,0,-1,21391304,35000000,23,23469.00,34100818
1787945190218,unknown,Stage0-7-0,0,-1,14166666,25000000,24,23469.00,34077349
1787945190223,unknown,Stage0-5-0,0,-1,23333333,40000000,24,23469.00,34077349
1787945190224,unknown,Stage0-1-0,0,-1,3000000,3000000,1,1529.47,2222653
1787945190237,unknown,Stage0-2-0,0,-1,5000000,5000000,1,1531.00,2222653
1787945190243,unknown,Stage0-6-0,0,-1,14782608,26000000,23,23210.00,34077349
1787945191218,unknown,Stage0-3-0,0,-1,4000000,6000000,2,1529.47,2224184
1787945191218,unknown,Stage0-0-0,0,-1,5000000,5000000,1,1529.47,2225715
1787945191219,unknown,Stage0-4-0,0,-1,20583333,39000000,24,23445.55,34124287
1787945191219,unknown,Stage0-7-0,0,-1,24086956,41000000,23,23445.55,34100818
1787945191223,unknown,Stage0-5-0,0,-1,19608695,35000000,23,23469.00,34100818
1787945191224,unknown,Stage0-1-0,0,-1,5000000,8000000,2,1531.00,2224184
1787945191238,unknown,Stage0-2-0,0,-1,6000000,9000000,2,1529.47,2224184
1787945191243,unknown,Stage0-6-0,0,-1,21521739,35000000,23,23469.00,34100818
1787945192218,unknown,Stage0-3-0,0,-1,6000000,6000000,1,1531.00,2225715
1787945192219,unknown,Stage0-0-0,0,-1,4000000,6000000,2,1529.47,2227246
1787945192219,unknown,Stage0-4-0,0,-1,21217391,36000000,23,23469.00,34147756
1787945192219,unknown,Stage0-7-0,0,-1,19208333,34000000,24,23469.00,34124287
1787945192225,unknown,Stage0-1-0,0,-1,4000000,4000000,1,1529.47,2225715
1787945192225,unknown,Stage0-5-0,0,-1,18458333,36000000,24,23422.16,34124287
1787945192239,unknown,Stage0-2-0,0,-1,6000000,6000000,1,1529.47,2225715
1787945192243,unknown,Stage0-6-0,0,-1,18708333,29000000,24,23469.00,34124287
1787945193219,unknown,Stage0-3-0,0,-1,4500000,7000000,2,1529.47,2227246
1787945193219,unknown,Stage0-0-0,0,-1,5000000,5000000,1,1531.00,2228777
1787945193220,unknown,Stage0-7-0,0,-1,19347826,32000000,23,23445.55,34147756
1787945193220,unknown,Stage0-4-0,0,-1,19541666,34000000,24,23445.55,34171225
1787945193225,unknown,Stage0-5-0,0,-1,20913043,36000000,23,23469.00,34147756
1787945193225,unknown,Stage0-1-0,0,-1,5000000,8000000,2,1531.00,2227246
1787945193239,unknown,Stage0-2-0,0,-1,5500000,8000000,2,1531.00,2227246
1787945193245,unknown,Stage0-6-0,0,-1,18695652,26000000,23,23422.16,34147756
1787945194219,unknown,Stage0-3-0,0,-1,4000000,4000000,1,1531.00,2228777
1787945194219,unknown,Stage0-0-0,0,-1,4000000,6000000,2,1531.00,2230308
1787945194220,unknown,Stage0-7-0,0,-1,16958333,29000000,24,23469.00,34171225
1787945194220,unknown,Stage0-4-0,0,-1,20347826,32000000,23,23469.00,34194694
1787945194225,unknown,Stage0-5-0,0,-1,17708333,28000000,24,23469.00,34171225
1787945194226,unknown,Stage0-1-0,0,-1,4000000,4000000,1,1529.47,2228777
1787945194239,unknown,Stage0-2-0,0,-1,5000000,5000000,1,1531.00,2228777
1787945194246,unknown,Stage0-6-0,0,-1,10750000,15000000,24,23445.55,34171225
1787945195219,unknown,Stage0-3-0,0,-1,4000000,6000000,2,1531.00,2230308
1787945195220,unknown,Stage0-7-0,0,-1,11043478,17000000,23,23503.00,34194728
1787945195220,unknown,Stage0-0-0,0,-1,4000000,4000000,1,1529.47,2231839
1787945195220,unknown,Stage0-4-0,0,-1,7666666,14000000,24,23469.00,34218163
1787945195225,unknown,Stage0-5-0,0,-1,15913043,29000000,23,23469.00,34194694
1787945195226,unknown,Stage0-1-0,0,-1,3000000,5000000,2,1533.00,2230310
1787945195239,unknown,Stage0-2-0,0,-1,5500000,8000000,2,1531.00,2230308
1787945195246,unknown,Stage0-6-0,0,-1,10173913,15000000,23,23518.00,34194743
1787945196220,unknown,Stage0-0-0,0,-1,3500000,5000000,2,1531.00,2233370
1787945196220,unknown,Stage0-3-0,0,-1,4000000,4000000,1,1529.47,2231839
1787945196220,unknown,Stage0-4-0,0,-1,15347826,26000000,23,23469.00,34241632
1787945196220,unknown,Stage0-7-0,0,-1,10041666,19000000,24,23435.00,34218163
1787945196227,unknown,Stage0-5-0,0,-1,15791666,30000000,24,23422.16,34218163
1787945196227,unknown,Stage0-1-0,0,-1,4000000,4000000,1,1527.47,2231839
1787945196239,unknown,Stage0-2-0,0,-1,4000000,4000000,1,1531.00,2231839
1787945196246,unknown,Stage0-6-0,0,-1,9083333,13000000,24,23755.00,34218498
1787945197220,unknown,Stage0-3-0,0,-1,2500000,4000000,2,1531.00,2233370
1787945197221,unknown,Stage0-0-0,0,-1,3000000,3000000,1,1529.47,2234901
1787945197221,unknown,Stage0-7-0,0,-1,9391304,13000000,23,23445.55,34241632
1787945197222,unknown,Stage0-4-0,0,-1,13500000,26000000,24,23422.16,34265101
1787945197227,unknown,Stage0-5-0,0,-1,9217391,13000000,23,23514.00,34241677
1787945197227,unknown,Stage0-1-0,0,-1,3500000,5000000,2,1531.00,2233370
1787945197240,unknown,Stage0-2-0,0,-1,4000000,6000000,2,1529.47,2233370
1787945197246,unknown,Stage0-6-0,0,-1,4521739,9000000,23,23134.00,34241632
1787945198221,unknown,Stage0-0-0,0,-1,2500000,4000000,2,1548.00,2236449
1787945198221,unknown,Stage0-3-0,0,-1,3000000,3000000,1,1529.47,2234901
1787945198221,unknown,Stage0-7-0,0,-1,14500000,26000000,24,23469.00,34265101
1787945198222,unknown,Stage0-4-0,0,-1,17652173,29000000,23,23635.00,34288736
1787945198227,unknown,Stage0-5-0,0,-1,6583333,10000000,24,23424.00,34265101
1787945198228,unknown,Stage0-1-0,0,-1,2000000,2000000,1,1529.47,2234901
1787945198240,unknown,Stage0-2-0,0,-1,3000000,3000000,1,1531.00,2234901
1787945198247,unknown,Stage0-6-0,0,-1,6958333,10000000,24,23445.55,34265101
1787945199221,unknown,Stage0-0-0,0,-1,3000000,3000000,1,1514.00,2237963
1787945199222,unknown,Stage0-3-0,0,-1,2500000,4000000,2,1529.47,2236432
1787945199222,unknown,Stage0-4-0,0,-1,15875000,27000000,24,23303.00,34312039
1787945199222,unknown,Stage0-7-0,0,-1,9391304,17000000,23,23445.55,34288570
1787945199227,unknown,Stage0-5-0,0,-1,6217391,10000000,23,23469.00,34288570
1787945199228,unknown,Stage0-1-0,0,-1,3000000,5000000,2,1531.00,2236432
1787945199240,unknown,Stage0-2-0,0,-1,3000000,5000000,2,1531.00,2236432
1787945199247,unknown,Stage0-6-0,0,-1,9347826,14000000,23,23501.00,34288602
1787945200221,unknown,Stage0-0-0,0,-1,2500000,4000000,2,1531.00,2239494
1787945200222,unknown,Stage0-3-0,0,-1,2000000,2000000,1,1531.00,2237963
1787945200222,unknown,Stage0-7-0,0,-1,13333333,22000000,24,23469.00,34312039
1787945200222,unknown,Stage0-4-0,0,-1,15391304,27000000,23,23469.00,34335508
1787945200229,unknown,Stage0-5-0,0,-1,9666666,16000000,24,23422.16,34312039
1787945200229,unknown,Stage0-1-0,0,-1,3000000,3000000,1,1529.47,2237963
1787945200241,unknown,Stage0-2-0,0,-1,3000000,3000000,1,1529.47,2237963
1787945200247,unknown,Stage0-6-0,0,-1,6625000,13000000,24,23437.00,34312039
1787945201222,unknown,Stage0-0-0,0,-1,4500000,6000000,2,1529.47,2241025
1787945201222,unknown,Stage0-4-0,0,-1,10304347,20000000,23,23469.00,34358977
1787945201223,unknown,Stage0-7-0,0,-1,8652173,14000000,23,23445.55,34335508
1787945201223,unknown,Stage0-3-0,0,-1,2500000,4000000,2,1529.47,2239494
1787945201229,unknown,Stage0-5-0,0,-1,12869565,18000000,23,23469.00,34335508
1787945201230,unknown,Stage0-1-0,0,-1,2000000,3000000,2,1529.47,2239494
1787945201241,unknown,Stage0-2-0,0,-1,3000000,5000000,2,1531.00,2239494
1787945201247,unknown,Stage0-6-0,0,-1,9739130,15000000,23,23469.00,34335508
1787945202222,unknown,Stage0-0-0,0,-1,4000000,4000000,1,1531.00,2242556
1787945202223,unknown,Stage0-4-0,0,-1,12000000,22000000,24,23445.55,34382446
1787945202223,unknown,Stage0-3-0,0,-1,4500000,6000000,2,1531.00,2241025
1787945202223,unknown,Stage0-7-0,0,-1,8434782,13000000,23,23469.00,34358977
1787945202230,unknown,Stage0-5-0,0,-1,9782608,16000000,23,23445.55,34358977
1787945202230,unknown,Stage0-1-0,0,-1,4500000,6000000,2,1531.00,2241025
1787945202242,unknown,Stage0-2-0,0,-1,5000000,7000000,2,1529.47,2241025
1787945202248,unknown,Stage0-6-0,0,-1,7434782,12000000,23,23445.55,34358977
1787945203223,unknown,Stage0-0-0,0,-1,3500000,5000000,2,1529.47,2244087
1787945203223,unknown,Stage0-4-0,0,-1,7347826,14000000,23,23469.00,34405915
1787945203224,unknown,Stage0-3-0,0,-1,4000000,4000000,1,1529.47,2242556
1787945203225,unknown,Stage0-7-0,0,-1,9500000,19000000,24,23422.16,34382446
1787945203230,unknown,Stage0-5-0,0,-1,11708333,17000000,24,23469.00,34382446
1787945203231,unknown,Stage0-1-0,0,-1,3000000,3000000,1,1529.47,2242556
1787945203242,unknown,Stage0-2-0,0,-1,4000000,4000000,1,1531.00,2242556
1787945203249,unknown,Stage0-6-0,0,-1,6000000,12000000,24,23445.55,34382446
1787945204223,unknown,Stage0-0-0,0,-1,4000000,4000000,1,1531.00,2245618
1787945204224,unknown,Stage0-4-0,0,-1,14625000,23000000,24,23445.55,34429384
1787945204224,unknown,Stage0-3-0,0,-1,3000000,4000000,2,1531.00,2244087
1787945204225,unknown,Stage0-7-0,0,-1,11782608,20000000,23,23471.00,34405917
1787945204231,unknown,Stage0-5-0,0,-1,9434782,17000000,23,23445.55,34405915
1787945204232,unknown,Stage0-1-0,0,-1,3500000,5000000,2,1529.47,2244087
1787945204243,unknown,Stage0-2-0,0,-1,5000000,7000000,2,1529.47,2244087
1787945204249,unknown,Stage0-6-0,0,-1,7217391,10000000,23,23469.00,34405915
1787945205224,unknown,Stage0-0-0,0,-1,3500000,5000000,2,1529.47,2247149
1787945205225,unknown,Stage0-3-0,0,-1,4000000,4000000,1,1529.47,2245618
1787945205225,unknown,Stage0-4-0,0,-1,10913043,19000000,23,23445.55,34452853
1787945205225,unknown,Stage0-7-0,0,-1,4166666,8000000,24,23467.00,34429384
1787945205231,unknown,Stage0-5-0,0,-1,11125000,16000000,24,23469.00,34429384
1787945205232,unknown,Stage0-1-0,0,-1,4000000,4000000,1,1531.00,2245618
1787945205243,unknown,Stage0-2-0,0,-1,4000000,4000000,1,1531.00,2245618
1787945205250,unknown,Stage0-6-0,0,-1,9000000,13000000,24,23445.55,34429384
1787945206225,unknown,Stage0-0-0,0,-1,4000000,4000000,1,1529.47,2248680
1787945206225,unknown,Stage0-3-0,0,-1,4000000,6000000,2,1531.00,2247149
1787945206226,unknown,Stage0-7-0,0,-1,4608695,9000000,23,23445.55,34452853
1787945206226,unknown,Stage0-4-0,0,-1,12333333,20000000,24,23445.55,34476322
1787945206232,unknown,Stage0-5-0,0,-1,11478260,18000000,23,23445.55,34452853
1787945206232,unknown,Stage0-1-0,0,-1,2500000,4000000,2,1531.00,2247149
1787945206244,unknown,Stage0-2-0,0,-1,4000000,6000000,2,1529.47,2247149
1787945206252,unknown,Stage0-6-0,0,-1,5260869,8000000,23,23422.16,34452853
1787945207225,unknown,Stage0-3-0,0,-1,3000000,3000000,1,1531.00,2248680
1787945207225,unknown,Stage0-0-0,0,-1,4000000,6000000,2,1531.00,2250211
1787945207226,unknown,Stage0-7-0,0,-1,7083333,11000000,24,23469.00,34476322
1787945207226,unknown,Stage0-4-0,0,-1,8695652,14000000,23,23469.00,34499791
1787945207232,unknown,Stage0-5-0,0,-1,11041666,17000000,24,23469.00,34476322
1787945207233,unknown,Stage0-1-0,0,-1,3000000,3000000,1,1529.47,2248680
1787945207244,unknown,Stage0-2-0,0,-1,4000000,4000000,1,1531.00,2248680
1787945207252,unknown,Stage0-6-0,0,-1,5500000,10000000,24,23729.00,34476582
1787945208226,unknown,Stage0-3-0,0,-1,3500000,5000000,2,1529.47,2250211
1787945208226,unknown,Stage0-0-0,0,-1,4000000,4000000,1,1529.47,2251742
1787945208227,unknown,Stage0-4-0,0,-1,6791666,12000000,24,23445.55,34523260
1787945208227,unknown,Stage0-7-0,0,-1,6913043,11000000,23,23445.55,34499791
1787945208233,unknown,Stage0-5-0,0,-1,8217391,15000000,23,23445.55,34499791
1787945208234,unknown,Stage0-1-0,0,-1,4000000,6000000,2,1529.47,2250211
1787945208245,unknown,Stage0-2-0,0,-1,4500000,6000000,2,1529.47,2250211
1787945208252,unknown,Stage0-6-0,0,-1,7875000,13000000,24,23440.00,34500022
1787945209226,unknown,Stage0-3-0,0,-1,3000000,3000000,1,1531.00,2251742
1787945209227,unknown,Stage0-0-0,0,-1,3500000,5000000,2,1529.47,2253273
1787945209227,unknown,Stage0-7-0,0,-1,9041666,15000000,24,23469.00,34523260
1787945209227,unknown,Stage0-4-0,0,-1,11217391,23000000,23,23469.00,34546729
1787945209234,unknown,Stage0-5-0,0,-1,12625000,21000000,24,23445.55,34523260
1787945209234,unknown,Stage0-1-0,0,-1,4000000,4000000,1,1531.00,2251742
1787945209245,unknown,Stage0-2-0,0,-1,4000000,4000000,1,1531.00,2251742
1787945209252,unknown,Stage0-6-0,0,-1,11000000,16000000,23,23238.00,34523260
1787945210227,unknown,Stage0-0-0,0,-1,3000000,3000000,1,1531.00,2254804
1787945210227,unknown,Stage0-3-0,0,-1,3500000,5000000,2,1529.47,2253273
1787945210227,unknown,Stage0-7-0,0,-1,5478260,10000000,23,23469.00,34546729
1787945210228,unknown,Stage0-4-0,0,-1,9166666,15000000,24,23445.55,34570198
1787945210234,unknown,Stage0-5-0,0,-1,11478260,17000000,23,23670.00,34546930
1787945210234,unknown,Stage0-1-0,0,-1,3500000,5000000,2,1531.00,2253273
1787945210245,unknown,Stage0-2-0,0,-1,3500000,5000000,2,1531.00,2253273
1787945210252,unknown,Stage0-6-0,0,-1,8043478,13000000,23,23469.00,34546729
1787945211227,unknown,Stage0-3-0,0,-1,3000000,3000000,1,1531.00,2254804
1787945211227,unknown,Stage0-0-0,0,-1,2500000,4000000,2,1531.00,2256335
1787945211228,unknown,Stage0-4-0,0,-1,10086956,18000000,23,23469.00,34593667
1787945211228,unknown,Stage0-7-0,0,-1,10458333,21000000,24,23445.55,34570198
1787945211234,unknown,Stage0-5-0,0,-1,10791666,20000000,24,23268.00,34570198
1787945211235,unknown,Stage0-1-0,0,-1,3000000,3000000,1,1529.47,2254804
1787945211246,unknown,Stage0-2-0,0,-1,3000000,3000000,1,1529.47,2254804
1787945211252,unknown,Stage0-6-0,0,-1,6250000,10000000,24,23469.00,34570198
1787945212227,unknown,Stage0-3-0,0,-1,3000000,4000000,2,1531.00,2256335
1787945212228,unknown,Stage0-7-0,0,-1,11130434,18000000,23,23469.00,34593667
1787945212228,unknown,Stage0-0-0,0,-1,3000000,3000000,1,1529.47,2257866
1787945212229,unknown,Stage0-4-0,0,-1,14333333,27000000,24,23445.55,34617136
1787945212235,unknown,Stage0-5-0,0,-1,6956521,11000000,23,23445.55,34593667
1787945212235,unknown,Stage0-1-0,0,-1,3500000,5000000,2,1531.00,2256335
1787945212246,unknown,Stage0-2-0,0,-1,3000000,5000000,2,1531.00,2256335
1787945212252,unknown,Stage0-6-0,0,-1,5130434,9000000,23,23469.00,34593667
1787945213228,unknown,Stage0-3-0,0,-1,3000000,3000000,1,1529.47,2257866
1787945213229,unknown,Stage0-0-0,0,-1,3500000,5000000,2,1529.47,2259397
1787945213229,unknown,Stage0-7-0,0,-1,8000000,14000000,24,23445.55,34617136
1787945213229,unknown,Stage0-4-0,0,-1,7000000,14000000,23,23469.00,34640605
1787945213235,unknown,Stage0-5-0,0,-1,11333333,17000000,24,23469.00,34617136
1787945213236,unknown,Stage0-1-0,0,-1,3000000,3000000,1,1529.47,2257866
1787945213247,unknown,Stage0-2-0,0,-1,4000000,4000000,1,1529.47,2257866
1787945213253,unknown,Stage0-6-0,0,-1,6916666,11000000,24,23445.55,34617136
1787945214229,unknown,Stage0-0-0,0,-1,3000000,3000000,1,1531.00,2260928
1787945214229,unknown,Stage0-3-0,0,-1,3000000,4000000,2,1529.47,2259397
1787945214230,unknown,Stage0-4-0,0,-1,12041666,23000000,24,23445.55,34664074
1787945214230,unknown,Stage0-7-0,0,-1,8304347,17000000,23,23445.55,34640605
1787945214236,unknown,Stage0-5-0,0,-1,12782608,22000000,23,23445.55,34640605
1787945214238,unknown,Stage0-1-0,0,-1,3000000,5000000,2,1527.94,2259397
1787945214248,unknown,Stage0-2-0,0,-1,3000000,5000000,2,1529.47,2259397
1787945214254,unknown,Stage0-6-0,0,-1,9086956,14000000,23,23445.55,34640605
1787945215229,unknown,Stage0-3-0,0,-1,3000000,3000000,1,1531.00,2260928
1787945215229,unknown,Stage0-0-0,0,-1,2500000,4000000,2,1531.00,2262459
1787945215230,unknown,Stage0-7-0,0,-1,11958333,22000000,24,23469.00,34664074
1787945215230,unknown,Stage0-4-0,0,-1,15521739,28000000,23,23469.00,34687543
1787945215236,unknown,Stage0-5-0,0,-1,8791666,15000000,24,23469.00,34664074
1787945215238,unknown,Stage0-1-0,0,-1,1500000,3000000,2,1957.00,2261354
1787945215248,unknown,Stage0-2-0,0,-1,3000000,3000000,1,1531.00,2260928
1787945215254,unknown,Stage0-6-0,0,-1,9416666,13000000,24,23469.00,34664074
1787945216229,unknown,Stage0-0-0,0,-1,3000000,3000000,1,1531.00,2263990
1787945216230,unknown,Stage0-3-0,0,-1,2500000,4000000,2,1529.47,2262459
1787945216230,unknown,Stage0-4-0,0,-1,13416666,25000000,24,23469.00,34711012
1787945216231,unknown,Stage0-7-0,0,-1,5565217,9000000,23,23445.55,34687543
1787945216237,unknown,Stage0-5-0,0,-1,10913043,15000000,23,23445.55,34687543
1787945216238,unknown,Stage0-1-0,0,-1,4000000,4000000,1,1105.00,2262459
1787945216248,unknown,Stage0-2-0,0,-1,3000000,5000000,2,1531.00,2262459
1787945216254,unknown,Stage0-6-0,0,-1,6434782,11000000,23,23469.00,34687543
1787945217230,unknown,Stage0-3-0,0,-1,2000000,2000000,1,1531.00,2263990
1787945217230,unknown,Stage0-0-0,0,-1,2500000,4000000,2,1529.47,2265521
1787945217231,unknown,Stage0-4-0,0,-1,10391304,17000000,23,23445.55,34734481
1787945217231,unknown,Stage0-7-0,0,-1,6583333,11000000,24,23469.00,34711012
1787945217238,unknown,Stage0-5-0,0,-1,9833333,15000000,24,23445.55,34711012
1787945217238,unknown,Stage0-1-0,0,-1,2000000,2000000,1,1531.00,2263990
1787945217249,unknown,Stage0-2-0,0,-1,3000000,3000000,1,1529.47,2263990
1787945217255,unknown,Stage0-6-0,0,-1,3875000,7000000,24,23445.55,34711012
1787945218231,unknown,Stage0-0-0,0,-1,3500000,5000000,2,1529.47,2267052
1787945218231,unknown,Stage0-7-0,0,-1,7000000,11000000,23,23469.00,34734481
1787945218231,unknown,Stage0-3-0,0,-1,2500000,4000000,2,1529.47,2265521
1787945218232,unknown,Stage0-4-0,0,-1,10782608,20000000,23,23445.55,34757950
1787945218239,unknown,Stage0-1-0,0,-1,2000000,4000000,2,1529.47,2265521
1787945218239,unknown,Stage0-5-0,0,-1,9608695,16000000,23,23445.55,34734481
1787945218250,unknown,Stage0-2-0,0,-1,2500000,4000000,2,1529.47,2265521
1787945218256,unknown,Stage0-6-0,0,-1,8695652,14000000,23,23445.55,34734481
1787945219231,unknown,Stage0-0-0,0,-1,3000000,3000000,1,1531.00,2268583
1787945219231,unknown,Stage0-3-0,0,-1,1000000,2000000,2,1531.00,2267052
1787945219232,unknown,Stage0-4-0,0,-1,10708333,19000000,24,23469.00,34781419
1787945219232,unknown,Stage0-7-0,0,-1,3173913,6000000,23,23445.55,34757950
1787945219239,unknown,Stage0-5-0,0,-1,12173913,20000000,23,23469.00,34757950
1787945219239,unknown,Stage0-1-0,0,-1,4500000,6000000,2,1531.00,2267052
1787945219251,unknown,Stage0-2-0,0,-1,4000000,6000000,2,1529.47,2267052
1787945219257,unknown,Stage0-6-0,0,-1,9043478,13000000,23,23445.55,34757950
1787945220231,unknown,Stage0-3-0,0,-1,5000000,5000000,1,1531.00,2268583
1787945220232,unknown,Stage0-7-0,0,-1,12458333,22000000,24,23469.00,34781419
1787945220232,unknown,Stage0-0-0,0,-1,4500000,6000000,2,1529.47,2270114
1787945220232,unknown,Stage0-4-0,0,-1,7695652,14000000,23,23469.00,34804888
1787945220239,unknown,Stage0-5-0,0,-1,11208333,18000000,24,23469.00,34781419
1787945220240,unknown,Stage0-1-0,0,-1,3000000,3000000,1,1529.47,2268583
1787945220251,unknown,Stage0-2-0,0,-1,4000000,4000000,1,1531.00,2268583
1787945220257,unknown,Stage0-6-0,0,-1,8875000,12000000,24,23469.00,34781419
1787945221232,unknown,Stage0-3-0,0,-1,3500000,5000000,2,1529.47,2270114
1787945221232,unknown,Stage0-0-0,0,-1,4000000,4000000,1,1531.00,2271645
1787945221233,unknown,Stage0-7-0,0,-1,6565217,11000000,23,23445.55,34804888
1787945221233,unknown,Stage0-4-0,0,-1,9750000,16000000,24,23445.55,34828357
1787945221239,unknown,Stage0-5-0,0,-1,11260869,16000000,23,23469.00,34804888
1787945221240,unknown,Stage0-1-0,0,-1,3500000,5000000,2,1531.00,2270114
1787945221252,unknown,Stage0-2-0,0,-1,4000000,6000000,2,1529.47,2270114
1787945221258,unknown,Stage0-6-0,0,-1,6521739,11000000,23,23445.55,34804888
1787945222232,unknown,Stage0-3-0,0,-1,3000000,3000000,1,1531.00,2271645
1787945222232,unknown,Stage0-0-0,0,-1,3000000,4000000,2,1531.00,2273176
1787945222233,unknown,Stage0-7-0,0,-1,11166666,18000000,24,23472.00,34828360
1787945222233,unknown,Stage0-4-0,0,-1,12739130,20000000,23,23469.00,34851826
1787945222240,unknown,Stage0-1-0,0,-1,4000000,4000000,1,1531.00,2271645
1787945222241,unknown,Stage0-5-0,0,-1,9583333,17000000,24,23422.16,34828357
1787945222252,unknown,Stage0-2-0,0,-1,4000000,4000000,1,1531.00,2271645
1787945222258,unknown,Stage0-6-0,0,-1,10875000,16000000,24,23469.00,34828357
1787945223233,unknown,Stage0-3-0,0,-1,3000000,4000000,2,1529.47,2273176
1787945223233,unknown,Stage0-0-0,0,-1,4000000,4000000,1,1529.47,2274707
1787945223234,unknown,Stage0-4-0,0,-1,10250000,20000000,24,23445.55,34875295
1787945223234,unknown,Stage0-7-0,0,-1,7043478,10000000,23,23442.56,34851826
1787945223241,unknown,Stage0-5-0,0,-1,14565217,22000000,23,23470.00,34851827
1787945223241,unknown,Stage0-1-0,0,-1,3000000,5000000,2,1529.47,2273176
1787945223252,unknown,Stage0-2-0,0,-1,4000000,6000000,2,1531.00,2273176
1787945223259,unknown,Stage0-6-0,0,-1,6217391,12000000,23,23445.55,34851826
1787945224233,unknown,Stage0-3-0,0,-1,3000000,3000000,1,1531.00,2274707
1787945224234,unknown,Stage0-0-0,0,-1,3500000,5000000,2,1529.47,2276238
1787945224234,unknown,Stage0-4-0,0,-1,7782608,15000000,23,23469.00,34898764
1787945224234,unknown,Stage0-7-0,0,-1,9500000,18000000,24,23469.00,34875295
1787945224241,unknown,Stage0-5-0,0,-1,11083333,16000000,24,23468.00,34875295
1787945224241,unknown,Stage0-1-0,0,-1,4000000,4000000,1,1531.00,2274707
1787945224253,unknown,Stage0-2-0,0,-1,4000000,4000000,1,1529.47,2274707
1787945224259,unknown,Stage0-6-0,0,-1,7125000,12000000,24,23781.00,34875607
1787945225234,unknown,Stage0-3-0,0,-1,3500000,5000000,2,1529.47,2276238
1787945225234,unknown,Stage0-0-0,0,-1,3000000,3000000,1,1531.00,2277769
1787945225235,unknown,Stage0-7-0,0,-1,10695652,17000000,23,23445.55,34898764
1787945225235,unknown,Stage0-4-0,0,-1,5666666,9000000,24,23445.55,34922233
1787945225241,unknown,Stage0-5-0,0,-1,11434782,18000000,23,23469.00,34898764
1787945225242,unknown,Stage0-1-0,0,-1,3000000,5000000,2,1529.47,2276238
1787945225253,unknown,Stage0-2-0,0,-1,3500000,5000000,2,1531.00,2276238
1787945225259,unknown,Stage0-6-0,0,-1,6086956,10000000,23,23165.00,34898772
1787945226234,unknown,Stage0-3-0,0,-1,3000000,3000000,1,1531.00,2277769
1787945226234,unknown,Stage0-0-0,0,-1,3000000,4000000,2,1531.00,2279300
1787945226235,unknown,Stage0-7-0,0,-1,12208333,20000000,24,23469.00,34922233
1787945226235,unknown,Stage0-4-0,0,-1,15565217,26000000,23,23469.00,34945702
1787945226242,unknown,Stage0-5-0,0,-1,7500000,11000000,24,23445.55,34922233
1787945226242,unknown,Stage0-1-0,0,-1,2000000,2000000,1,1531.00,2277769
1787945226253,unknown,Stage0-2-0,0,-1,4000000,4000000,1,1531.00,2277769
1787945226259,unknown,Stage0-6-0,0,-1,4833333,8000000,24,23461.00,34922233
1787945227234,unknown,Stage0-3-0,0,-1,4000000,6000000,2,1531.00,2279300
1787945227235,unknown,Stage0-0-0,0,-1,4000000,4000000,1,1529.47,2280831
1787945227235,unknown,Stage0-4-0,0,-1,13750000,25000000,24,23469.00,34969171
1787945227235,unknown,Stage0-7-0,0,-1,8086956,11000000,23,23469.00,34945702
1787945227243,unknown,Stage0-5-0,0,-1,9913043,16000000,23,23445.55,34945702
1787945227243,unknown,Stage0-1-0,0,-1,3000000,5000000,2,1529.47,2279300
1787945227253,unknown,Stage0-2-0,0,-1,4000000,6000000,2,1531.00,2279300
1787945227259,unknown,Stage0-6-0,0,-1,6260869,9000000,23,23469.00,34945702
1787945228235,unknown,Stage0-3-0,0,-1,4000000,4000000,1,1529.47,2280831
1787945228235,unknown,Stage0-0-0,0,-1,3000000,5000000,2,1531.00,2282362
1787945228236,unknown,Stage0-4-0,0,-1,5304347,8000000,23,23445.55,34992640
1787945228236,unknown,Stage0-7-0,0,-1,11083333,17000000,24,23445.55,34969171
1787945228243,unknown,Stage0-5-0,0,-1,13916666,23000000,24,23469.00,34969171
1787945228244,unknown,Stage0-1-0,0,-1,2000000,2000000,1,1529.47,2280831
1787945228254,unknown,Stage0-2-0,0,-1,3000000,3000000,1,1529.47,2280831
1787945228260,unknown,Stage0-6-0,0,-1,6041666,10000000,24,23445.55,34969171
1787945229235,unknown,Stage0-3-0,0,-1,3000000,4000000,2,1531.00,2282362
1787945229236,unknown,Stage0-7-0,0,-1,9391304,13000000,23,23469.00,34992640
1787945229236,unknown,Stage0-0-0,0,-1,4000000,4000000,1,1529.47,2283893
1787945229237,unknown,Stage0-4-0,0,-1,9958333,17000000,24,23445.55,35016109
1787945229244,unknown,Stage0-5-0,0,-1,11869565,19000000,23,23445.55,34992640
1787945229244,unknown,Stage0-1-0,0,-1,3000000,5000000,2,1531.00,2282362
1787945229255,unknown,Stage0-2-0,0,-1,3500000,5000000,2,1529.47,2282362
1787945229262,unknown,Stage0-6-0,0,-1,7913043,12000000,23,23422.16,34992640
1787945230235,unknown,Stage0-3-0,0,-1,3000000,3000000,1,1531.00,2283893
1787945230236,unknown,Stage0-7-0,0,-1,9125000,18000000,24,23469.00,35016109
1787945230236,unknown,Stage0-0-0,0,-1,3000000,5000000,2,1531.00,2285424
1787945230237,unknown,Stage0-4-0,0,-1,10260869,15000000,23,23469.00,35039578
1787945230244,unknown,Stage0-5-0,0,-1,8750000,13000000,24,23469.00,35016109
1787945230244,unknown,Stage0-1-0,0,-1,3000000,3000000,1,1531.00,2283893
1787945230255,unknown,Stage0-2-0,0,-1,3000000,3000000,1,1531.00,2283893
1787945230262,unknown,Stage0-6-0,0,-1,8750000,15000000,24,23469.00,35016109
1787945231236,unknown,Stage0-3-0,0,-1,3000000,4000000,2,1529.47,2285424
1787945231236,unknown,Stage0-7-0,0,-1,11260869,17000000,23,23469.00,35039578
1787945231237,unknown,Stage0-0-0,0,-1,3000000,3000000,1,1529.47,2286955
1787945231238,unknown,Stage0-4-0,0,-1,12916666,23000000,24,23445.55,35063047
1787945231244,unknown,Stage0-1-0,0,-1,2500000,4000000,2,1531.00,2285424
1787945231245,unknown,Stage0-5-0,0,-1,6782608,12000000,23,23445.55,35039578
1787945231256,unknown,Stage0-2-0,0,-1,3500000,5000000,2,1529.47,2285424
1787945231262,unknown,Stage0-6-0,0,-1,11000000,16000000,23,23469.00,35039578
1787945232236,unknown,Stage0-3-0,0,-1,3000000,3000000,1,1531.00,2286955
1787945232237,unknown,Stage0-7-0,0,-1,3083333,6000000,24,23445.55,35063047
1787945232238,unknown,Stage0-0-0,0,-1,2500000,4000000,2,1529.47,2288486
1787945232239,unknown,Stage0-4-0,0,-1,11478260,19000000,23,23445.55,35086516
1787945232245,unknown,Stage0-1-0,0,-1,2000000,2000000,1,1529.47,2286955
1787945232245,unknown,Stage0-5-0,0,-1,11875000,19000000,24,23469.00,35063047
1787945232257,unknown,Stage0-2-0,0,-1,3000000,3000000,1,1529.47,2286955
1787945232262,unknown,Stage0-6-0,0,-1,7625000,11000000,24,23469.00,35063047
1787945233237,unknown,Stage0-3-0,0,-1,2000000,3000000,2,1529.47,2288486
1787945233238,unknown,Stage0-7-0,0,-1,8173913,15000000,23,23445.55,35086516
1787945233239,unknown,Stage0-0-0,0,-1,4500000,6000000,2,1529.47,2290017
1787945233239,unknown,Stage0-4-0,0,-1,7521739,11000000,23,23469.00,35109985
1787945233246,unknown,Stage0-5-0,0,-1,11173913,16000000,23,23445.55,35086516
1787945233246,unknown,Stage0-1-0,0,-1,1500000,3000000,2,1529.47,2288486
1787945233257,unknown,Stage0-2-0,0,-1,2500000,4000000,2,1531.00,2288486
1787945233263,unknown,Stage0-6-0,0,-1,5304347,11000000,23,23445.55,35086516
1787945234238,unknown,Stage0-3-0,0,-1,3500000,5000000,2,1529.47,2290017
1787945234239,unknown,Stage0-7-0,0,-1,6000000,10000000,23,23445.55,35109985
1787945234239,unknown,Stage0-0-0,0,-1,4000000,4000000,1,1531.00,2291548
1787945234242,unknown,Stage0-4-0,0,-1,8458333,14000000,24,23398.80,35133454
1787945234247,unknown,Stage0-5-0,0,-1,8086956,12000000,23,23445.55,35109985
1787945234247,unknown,Stage0-1-0,0,-1,4000000,6000000,2,1529.47,2290017
1787945234258,unknown,Stage0-2-0,0,-1,5000000,7000000,2,1529.47,2290017
1787945234263,unknown,Stage0-6-0,0,-1,8608695,14000000,23,23469.00,35109985
1787945235238,unknown,Stage0-3-0,0,-1,4000000,4000000,1,1531.00,2291548
1787945235239,unknown,Stage0-7-0,0,-1,8083333,11000000,24,23487.00,35133472
1787945235240,unknown,Stage0-0-0,0,-1,3000000,4000000,2,1529.47,2293079
1787945235242,unknown,Stage0-4-0,0,-1,11541666,22000000,24,24039.00,35157493
1787945235247,unknown,Stage0-5-0,0,-1,14416666,26000000,24,23469.00,35133454
1787945235247,unknown,Stage0-1-0,0,-1,4000000,4000000,1,1531.00,2291548
1787945235258,unknown,Stage0-2-0,0,-1,4000000,4000000,1,1531.00,2291548
1787945235264,unknown,Stage0-6-0,0,-1,7458333,12000000,24,23445.55,35133454
1787945236238,unknown,Stage0-3-0,0,-1,3000000,4000000,2,1531.00,2293079
1787945236239,unknown,Stage0-7-0,0,-1,5434782,9000000,23,23451.00,35156923
1787945236241,unknown,Stage0-0-0,0,-1,4000000,4000000,1,1529.47,2294610
1787945236242,unknown,Stage0-4-0,0,-1,9956521,18000000,23,22900.00,35180393
1787945236247,unknown,Stage0-5-0,0,-1,12086956,21000000,23,23469.00,35156923
1787945236248,unknown,Stage0-1-0,0,-1,500000,1000000,2,1529.47,2293079
1787945236259,unknown,Stage0-2-0,0,-1,4500000,6000000,2,1529.47,2293079
1787945236265,unknown,Stage0-6-0,0,-1,9956521,15000000,23,23445.55,35156923
1787945237239,unknown,Stage0-3-0,0,-1,3000000,3000000,1,1529.47,2294610
1787945237240,unknown,Stage0-7-0,0,-1,8625000,14000000,24,23445.55,35180392
1787945237247,unknown,Stage0-5-0,0,-1,8625000,15000000,24,23469.00,35180392
1787945237248,unknown,Stage0-1-0,0,-1,4000000,4000000,1,1531.00,2294610
1787945237259,unknown,Stage0-2-0,0,-1,4000000,4000000,1,1531.00,2294610
1787945237265,unknown,Stage0-6-0,0,-1,10666666,15000000,24,23469.00,35180392
