SLF4J: Class path contains multiple SLF4J bindings.
SLF4J: Found binding in [jar:file:/tmp/nemo-cloudlab-offload/nemo-client.jar!/org/slf4j/impl/StaticLoggerBinder.class]
SLF4J: Found binding in [jar:file:/tmp/nemo-cloudlab-offload/offloading-vm.jar!/org/slf4j/impl/StaticLoggerBinder.class]
SLF4J: See http://www.slf4j.org/codes.html#multiple_bindings for an explanation.
SLF4J: Actual binding is of type [org.slf4j.impl.Log4jLoggerFactory]
 INFO 08-28 19:12:04,299 VMWorker:145 [main] - Start worker with args 25347, 10000000
 INFO 08-28 19:12:04,440 VMWorker:51 [main] - VM worker port: 25347, timeout: 10000000
 INFO 08-28 19:12:04,654 VMWorker:72 [main] - Server channel binded 25347
 INFO 08-28 19:12:06,341 NettyChannelInitializer:34 [org.apache.nemo.offloading.workers.vm.VMWorkerSourceServerWorker-3-1] - Init channel [id: 0x2460f89b, L:/10.10.1.9:25347 - R:/10.10.1.1:41960]
 INFO 08-28 19:12:06,366 VMWorker$NettyServerSideChannelHandler:175 [org.apache.nemo.offloading.workers.vm.VMWorkerSourceServerWorker-3-1] - Channel activate: [id: 0x2460f89b, L:/10.10.1.9:25347 - R:/10.10.1.1:41960]
 INFO 08-28 19:14:09,399 NettyChannelInitializer:34 [org.apache.nemo.offloading.workers.vm.VMWorkerSourceServerWorker-3-2] - Init channel [id: 0x9a2e4b00, L:/10.10.1.9:25347 - R:/10.10.1.6:43684]
 INFO 08-28 19:14:09,400 VMWorker$NettyServerSideChannelHandler:175 [org.apache.nemo.offloading.workers.vm.VMWorkerSourceServerWorker-3-2] - Channel activate: [id: 0x9a2e4b00, L:/10.10.1.9:25347 - R:/10.10.1.6:43684]
 INFO 08-28 19:14:09,427 VMWorker$NettyServerSideChannelHandler:181 [org.apache.nemo.offloading.workers.vm.VMWorkerSourceServerWorker-3-2] - Channel read from [id: 0x9a2e4b00, L:/10.10.1.9:25347 - R:/10.10.1.6:43684], OffloadingMasterEvent:SEND_ADDRESS
 INFO 08-28 19:14:09,453 OffloadingHandler:102 [main] - Handler is created!
Receive request {"address":"10.10.1.6", "port": 11637, "requestId": 120, "invocationSequence": 1, "activationReason": "INITIAL"}
 INFO 08-28 19:14:09,478 VMWorker:106 [pool-1-thread-1] - SPONGE_WORKER_INVOCATION backend=cloudlab-vm transition=INVOCATION_STARTED requestId=120 invocation=1 reason=INITIAL
 INFO 08-28 19:14:09,513 OffloadingHandler:503 [pool-1-thread-1] - Init input {invocationSequence=1, address=10.10.1.6, activationReason=INITIAL, port=11637, requestId=120}... control channel null
Input: {invocationSequence=1, address=10.10.1.6, activationReason=INITIAL, port=11637, requestId=120}
 INFO 08-28 19:14:09,530 NettyChannelInitializer:34 [hello-ClientWorker-4-1] - Init channel [id: 0x96a73758]
Open channel: [id: 0x96a73758, L:/10.10.1.9:54944 - R:/10.10.1.6:11637]
Loading jar: [id: 0x96a73758, L:/10.10.1.9:54944 - R:/10.10.1.6:11637]
 INFO 08-28 19:14:09,541 OffloadingHandler:265 [pool-1-thread-1] - Create class loader: {}
Data processing cnt: 0, Write handshake: 27
 INFO 08-28 19:14:09,554 OffloadingHandler:197 [pool-1-thread-1] - Waiting client handshake done..
Worker init... bytes: 119
Before OffloadingTransform: 
 INFO 08-28 19:14:09,601 OffloadingExecutor:106 [pool-2-thread-1] - Offloading executor started 1/{}/true/{}/{}/{}
After OffloadingTransform: 
OffloadingTransform: org.apache.nemo.runtime.lambdaexecutor.general.OffloadingExecutor@7d0881e7
 INFO 08-28 19:14:09,604 OffloadingHandler$LambdaEventHandler:642 [pool-2-thread-1] - Before offloading prepare, stageTaskMap size: 0
 INFO 08-28 19:14:09,615 MonitoringThread:45 [pool-2-thread-1] - Refresh interval: 1000, allocated cores: 1.0
 INFO 08-28 19:14:10,093 NettyWorkerEnvironment$2:273 [pool-2-thread-1] - Send init message from VM-120
Sampling json: {}
 INFO 08-28 19:14:10,407 MonitoringThread:45 [pool-2-thread-1] - Refresh interval: 1000, allocated cores: 1.0
 INFO 08-28 19:14:10,445 NettyVMStateStoreClient:65 [pool-2-thread-1] - VM State store client connected [id: 0x9d951b1c, L:/10.10.1.9:59274 - R:node5/10.10.1.6:11135]
 INFO 08-28 19:14:10,454 Executor:600 [pool-2-thread-1] - 
----------EvalConf start---------
enableOffloading: false
enableOffloadingDebug: false
ec2: true
flushBytes: 1000000
flushCount: 1000
flushPeriod: 1000
sampling: {}
bottleneckDetectionPeriod: 1000
bottleneckDectionConsectutive: 2
bottleneckDetectionThreshold: 0.9
deoffloadingThreshold: 0.7
samplingJson: {}
burstyOps: 
isLocalSource: true
sourceParallelism: 4
eventThreshold: 250000
offloadingType: local
middleParallelism: 1
executorThreadNum: 1
taskSlotNum: 10
offExecutorThreadNum: 1
controlLogging: false
autoscaling: true
safeWorkerReactivation: false
randomselection: false
awsRegion: ap-northeast-1
throttleRate: 10000000
allocatedCores: 1.0
cpuLimit: 1.0
offloadingCpuLimit: 1.0
numOffloadingWorker: 1
scalingType: migration
offloadingManagerType: shared
awsProfileName: default
latencyLimit: 2147483647
optimizationPolicy: org.apache.nemo.compiler.optimizer.policy.StreamingR1R2R3Policy
handlerTimeout: 120
numInitLambda: 1
maxLambda: 1
partialWarmup: false
partialWarmupPeriod: 100
fluidMigration: false
fluidDelay: 1000
stageMoves: 
queryId: 0
-----------EvalConf end----------

 INFO 08-28 19:14:10,455 TaskScheduledMapWorker:46 [pool-2-thread-1] - Initializing executor connection...
 INFO 08-28 19:14:10,466 TaskScheduledMapWorker:52 [pool-2-thread-1] - Task Stage5-2-0 in executor Executor1
 INFO 08-28 19:14:10,467 TaskScheduledMapWorker:52 [pool-2-thread-1] - Task Stage0-1-0 in executor Executor0
 INFO 08-28 19:14:10,467 TaskScheduledMapWorker:52 [pool-2-thread-1] - Task Stage5-0-0 in executor Executor3
 INFO 08-28 19:14:10,467 TaskScheduledMapWorker:52 [pool-2-thread-1] - Task Stage13-3-0 in executor Executor4
 INFO 08-28 19:14:10,467 TaskScheduledMapWorker:52 [pool-2-thread-1] - Task Stage0-3-0 in executor Executor0
 INFO 08-28 19:14:10,467 TaskScheduledMapWorker:52 [pool-2-thread-1] - Task Stage0-5-0 in executor Executor0
 INFO 08-28 19:14:10,468 TaskScheduledMapWorker:52 [pool-2-thread-1] - Task Stage0-7-0 in executor Executor0
 INFO 08-28 19:14:10,468 TaskScheduledMapWorker:52 [pool-2-thread-1] - Task Stage1-7-0 in executor Executor0
 INFO 08-28 19:14:10,468 TaskScheduledMapWorker:52 [pool-2-thread-1] - Task Stage13-1-0 in executor Executor2
 INFO 08-28 19:14:10,468 TaskScheduledMapWorker:52 [pool-2-thread-1] - Task Stage4-0-0 in executor Executor3
 INFO 08-28 19:14:10,468 TaskScheduledMapWorker:52 [pool-2-thread-1] - Task Stage4-2-0 in executor Executor1
 INFO 08-28 19:14:10,468 TaskScheduledMapWorker:52 [pool-2-thread-1] - Task Stage14-1-0 in executor Executor2
 INFO 08-28 19:14:10,468 TaskScheduledMapWorker:52 [pool-2-thread-1] - Task Stage14-3-0 in executor Executor4
 INFO 08-28 19:14:10,468 TaskScheduledMapWorker:52 [pool-2-thread-1] - Task Stage7-2-0 in executor Executor1
 INFO 08-28 19:14:10,469 TaskScheduledMapWorker:52 [pool-2-thread-1] - Task Stage10-0-0 in executor Executor3
 INFO 08-28 19:14:10,469 TaskScheduledMapWorker:52 [pool-2-thread-1] - Task Stage7-0-0 in executor Executor3
 INFO 08-28 19:14:10,469 TaskScheduledMapWorker:52 [pool-2-thread-1] - Task Stage10-2-0 in executor Executor1
 INFO 08-28 19:14:10,469 TaskScheduledMapWorker:52 [pool-2-thread-1] - Task Stage8-1-0 in executor Executor2
 INFO 08-28 19:14:10,469 TaskScheduledMapWorker:52 [pool-2-thread-1] - Task Stage2-3-0 in executor Executor4
 INFO 08-28 19:14:10,469 TaskScheduledMapWorker:52 [pool-2-thread-1] - Task Stage11-2-0 in executor Executor1
 INFO 08-28 19:14:10,469 TaskScheduledMapWorker:52 [pool-2-thread-1] - Task Stage11-0-0 in executor Executor3
 INFO 08-28 19:14:10,470 TaskScheduledMapWorker:52 [pool-2-thread-1] - Task Stage8-3-0 in executor Executor4
 INFO 08-28 19:14:10,470 TaskScheduledMapWorker:52 [pool-2-thread-1] - Task Stage2-1-0 in executor Executor2
 INFO 08-28 19:14:10,470 TaskScheduledMapWorker:52 [pool-2-thread-1] - Task Stage1-5-0 in executor Executor0
 INFO 08-28 19:14:10,470 TaskScheduledMapWorker:52 [pool-2-thread-1] - Task Stage1-3-0 in executor Executor0
 INFO 08-28 19:14:10,470 TaskScheduledMapWorker:52 [pool-2-thread-1] - Task Stage1-1-0 in executor Executor0
 INFO 08-28 19:14:10,470 TaskScheduledMapWorker:52 [pool-2-thread-1] - Task Stage0-0-0 in executor Executor0
 INFO 08-28 19:14:10,470 TaskScheduledMapWorker:52 [pool-2-thread-1] - Task Stage5-1-0 in executor Executor2
 INFO 08-28 19:14:10,470 TaskScheduledMapWorker:52 [pool-2-thread-1] - Task Stage0-2-0 in executor Executor0
 INFO 08-28 19:14:10,471 TaskScheduledMapWorker:52 [pool-2-thread-1] - Task Stage13-2-0 in executor Executor1
 INFO 08-28 19:14:10,471 TaskScheduledMapWorker:52 [pool-2-thread-1] - Task Stage0-4-0 in executor Executor0
 INFO 08-28 19:14:10,471 TaskScheduledMapWorker:52 [pool-2-thread-1] - Task Stage0-6-0 in executor Executor0
 INFO 08-28 19:14:10,471 TaskScheduledMapWorker:52 [pool-2-thread-1] - Task Stage4-1-0 in executor Executor2
 INFO 08-28 19:14:10,471 TaskScheduledMapWorker:52 [pool-2-thread-1] - Task Stage13-0-0 in executor Executor3
 INFO 08-28 19:14:10,471 TaskScheduledMapWorker:52 [pool-2-thread-1] - Task Stage4-3-0 in executor Executor4
 INFO 08-28 19:14:10,471 TaskScheduledMapWorker:52 [pool-2-thread-1] - Task Stage14-2-0 in executor Executor1
 INFO 08-28 19:14:10,472 TaskScheduledMapWorker:52 [pool-2-thread-1] - Task Stage7-3-0 in executor Executor4
 INFO 08-28 19:14:10,472 TaskScheduledMapWorker:52 [pool-2-thread-1] - Task Stage7-1-0 in executor Executor2
 INFO 08-28 19:14:10,472 TaskScheduledMapWorker:52 [pool-2-thread-1] - Task Stage14-0-0 in executor Executor3
 INFO 08-28 19:14:10,472 TaskScheduledMapWorker:52 [pool-2-thread-1] - Task Stage10-1-0 in executor Executor2
 INFO 08-28 19:14:10,472 TaskScheduledMapWorker:52 [pool-2-thread-1] - Task Stage10-3-0 in executor Executor4
 INFO 08-28 19:14:10,472 TaskScheduledMapWorker:52 [pool-2-thread-1] - Task Stage2-2-0 in executor Executor1
 INFO 08-28 19:14:10,472 TaskScheduledMapWorker:52 [pool-2-thread-1] - Task Stage8-0-0 in executor Executor3
 INFO 08-28 19:14:10,473 TaskScheduledMapWorker:52 [pool-2-thread-1] - Task Stage11-3-0 in executor Executor4
 INFO 08-28 19:14:10,478 TaskScheduledMapWorker:52 [pool-2-thread-1] - Task Stage8-2-0 in executor Executor1
 INFO 08-28 19:14:10,478 TaskScheduledMapWorker:52 [pool-2-thread-1] - Task Stage11-1-0 in executor Executor2
 INFO 08-28 19:14:10,478 TaskScheduledMapWorker:52 [pool-2-thread-1] - Task Stage2-0-0 in executor Executor3
 INFO 08-28 19:14:10,479 TaskScheduledMapWorker:52 [pool-2-thread-1] - Task Stage1-6-0 in executor Executor0
 INFO 08-28 19:14:10,479 TaskScheduledMapWorker:52 [pool-2-thread-1] - Task Stage1-4-0 in executor Executor0
 INFO 08-28 19:14:10,479 TaskScheduledMapWorker:52 [pool-2-thread-1] - Task Stage1-2-0 in executor Executor0
 INFO 08-28 19:14:10,479 TaskScheduledMapWorker:52 [pool-2-thread-1] - Task Stage1-0-0 in executor Executor0
 INFO 08-28 19:14:10,480 TaskScheduledMapWorker:52 [pool-2-thread-1] - Task Stage5-3-0 in executor Executor4
 WARN 08-28 19:14:10,483 ExecutorChannelManagerMap:90 [pool-2-thread-1] - Prevent init connection to same executor VM-120 in VM-120
 INFO 08-28 19:14:10,486 ExecutorChannelManagerMap:66 [pool-2-thread-1] - Initializing executor connection VM-120 -> Executor2...
 INFO 08-28 19:14:10,488 ExecutorChannelManagerMap:66 [pool-2-thread-1] - Initializing executor connection VM-120 -> Executor1...
 INFO 08-28 19:14:10,489 ExecutorChannelManagerMap:66 [pool-2-thread-1] - Initializing executor connection VM-120 -> Executor0...
 INFO 08-28 19:14:10,489 ExecutorChannelManagerMap:66 [pool-2-thread-1] - Initializing executor connection VM-120 -> Executor4...
 INFO 08-28 19:14:10,489 ExecutorChannelManagerMap:66 [pool-2-thread-1] - Initializing executor connection VM-120 -> Executor3...
 INFO 08-28 19:14:10,493 ExecutorChannelManagerMap:110 [pool-19-thread-1] - Registering  VM-120 -> Executor2
 INFO 08-28 19:14:10,494 NemoNameResolver:54 [pool-19-thread-1] - Lookup Executor2
 INFO 08-28 19:14:10,508 LambdaByteTransport:98 [pool-19-thread-1] - Address of Executor2: /10.10.1.11:17520
 INFO 08-28 19:14:10,549 ExecutorChannelManagerMap:116 [pool-19-thread-1] - Send register channel message to Executor2 from VM-120, channel [id: 0x207b46b2, L:/10.10.1.9:53468 - R:10.10.1.11/10.10.1.11:17520]
 INFO 08-28 19:14:10,550 ExecutorChannelManagerMap:122 [pool-19-thread-1] - Putting done  VM-120 -> Executor2
 INFO 08-28 19:14:10,550 ExecutorChannelManagerMap:110 [pool-19-thread-5] - Registering  VM-120 -> Executor3
 INFO 08-28 19:14:10,556 OffloadingHandler:280 [pool-1-thread-1] - Waiting worker init or end
 INFO 08-28 19:14:10,551 NemoNameResolver:54 [pool-19-thread-5] - Lookup Executor3
 INFO 08-28 19:14:10,571 OutputWriterFlusher:50 [byte:client-6-1] - Registering channel [id: 0x207b46b2, L:/10.10.1.9:53468 - R:10.10.1.11/10.10.1.11:17520], # of channel 0
 INFO 08-28 19:14:10,579 LambdaByteTransport:98 [pool-19-thread-5] - Address of Executor3: /10.10.1.12:16423
 INFO 08-28 19:14:10,590 ExecutorChannelManagerMap:116 [pool-19-thread-5] - Send register channel message to Executor3 from VM-120, channel [id: 0xdbf4a52c, L:/10.10.1.9:56046 - R:10.10.1.12/10.10.1.12:16423]
 INFO 08-28 19:14:10,591 ExecutorChannelManagerMap:122 [pool-19-thread-5] - Putting done  VM-120 -> Executor3
 INFO 08-28 19:14:10,591 ExecutorChannelManagerMap:110 [pool-19-thread-4] - Registering  VM-120 -> Executor4
 INFO 08-28 19:14:10,591 NemoNameResolver:54 [pool-19-thread-4] - Lookup Executor4
 INFO 08-28 19:14:10,603 OutputWriterFlusher:50 [byte:client-6-2] - Registering channel [id: 0xdbf4a52c, L:/10.10.1.9:56046 - R:10.10.1.12/10.10.1.12:16423], # of channel 1
 INFO 08-28 19:14:10,606 LambdaByteTransport:98 [pool-19-thread-4] - Address of Executor4: /10.10.1.13:18661
 INFO 08-28 19:14:10,615 ExecutorChannelManagerMap:116 [pool-19-thread-4] - Send register channel message to Executor4 from VM-120, channel [id: 0x2879fada, L:/10.10.1.9:48656 - R:10.10.1.13/10.10.1.13:18661]
 INFO 08-28 19:14:10,615 ExecutorChannelManagerMap:122 [pool-19-thread-4] - Putting done  VM-120 -> Executor4
 INFO 08-28 19:14:10,616 ExecutorChannelManagerMap:110 [pool-19-thread-3] - Registering  VM-120 -> Executor0
 INFO 08-28 19:14:10,616 NemoNameResolver:54 [pool-19-thread-3] - Lookup Executor0
 INFO 08-28 19:14:10,625 OutputWriterFlusher:50 [byte:client-6-3] - Registering channel [id: 0x2879fada, L:/10.10.1.9:48656 - R:10.10.1.13/10.10.1.13:18661], # of channel 2
 INFO 08-28 19:14:10,636 LambdaByteTransport:98 [pool-19-thread-3] - Address of Executor0: /10.10.1.6:10634
 INFO 08-28 19:14:10,639 ExecutorChannelManagerMap:116 [pool-19-thread-3] - Send register channel message to Executor0 from VM-120, channel [id: 0xbfcf4470, L:/10.10.1.9:37150 - R:10.10.1.6/10.10.1.6:10634]
 INFO 08-28 19:14:10,639 ExecutorChannelManagerMap:122 [pool-19-thread-3] - Putting done  VM-120 -> Executor0
 INFO 08-28 19:14:10,640 ExecutorChannelManagerMap:110 [pool-19-thread-2] - Registering  VM-120 -> Executor1
 INFO 08-28 19:14:10,640 NemoNameResolver:54 [pool-19-thread-2] - Lookup Executor1
 INFO 08-28 19:14:10,643 OutputWriterFlusher:50 [byte:client-6-4] - Registering channel [id: 0xbfcf4470, L:/10.10.1.9:37150 - R:10.10.1.6/10.10.1.6:10634], # of channel 3
 INFO 08-28 19:14:10,645 LambdaByteTransport:98 [pool-19-thread-2] - Address of Executor1: /10.10.1.10:15784
 INFO 08-28 19:14:10,653 ExecutorChannelManagerMap:116 [pool-19-thread-2] - Send register channel message to Executor1 from VM-120, channel [id: 0xe9513893, L:/10.10.1.9:40186 - R:10.10.1.10/10.10.1.10:15784]
 INFO 08-28 19:14:10,654 ExecutorChannelManagerMap:122 [pool-19-thread-2] - Putting done  VM-120 -> Executor1
 INFO 08-28 19:14:10,655 OffloadingExecutor:346 [pool-2-thread-1] - Executor thread created: VM-120
 INFO 08-28 19:14:10,655 OffloadingHandler$LambdaEventHandler:651 [pool-2-thread-1] - End of offloading prepare
End of worker init: 1056, data channel: 0
 INFO 08-28 19:14:10,663 OutputWriterFlusher:50 [byte:client-6-5] - Registering channel [id: 0xe9513893, L:/10.10.1.9:40186 - R:10.10.1.10/10.10.1.10:15784], # of channel 4
 INFO 08-28 19:14:11,447 SystemLoadProfiler:50 [pool-8-thread-1] - Average CPU Load: 0.03 in VM-120
 INFO 08-28 19:14:11,458 TaskEventRateCalculator:78 [pool-8-thread-1] - ---- Start of task processed event (# tasks: 0 in executor VM-120)----
----- End of taks processed event ----

 INFO 08-28 19:14:11,460 CpuBottleneckDetectorImpl:63 [pool-8-thread-1] - Current cpu load: 0.03, # processed events: 0, consecutive: 0/2, threshold: 0.9 in VM-120
 INFO 08-28 19:14:11,489 CpuInfoExtractor:19 [pool-17-thread-1] - --------- Start printing command cat /proc/net/dev worker id -1 ---------
Inter-|   Receive                                                |  Transmit
 face |bytes    packets errs drop fifo frame compressed multicast|bytes    packets errs drop fifo colls carrier compressed
    lo:  192777    2064    0    0    0     0          0         0   192777    2064    0    0    0     0       0          0
eno33np0: 293176293  664641    0 15306    0     0          0    485772  1706973   19961    0    0    0     0       0          0
eno34np1:       0       0    0    0    0     0          0         0        0       0    0    0    0     0       0          0
enp65s0f0np0: 2824460200 1941597    0    0    0     0          0        48 861080544  665878    0    0    0     0       0          0
enp65s0f1np1:       0       0    0    0    0     0          0         0        0       0    0    0    0     0       0          0
--------- End printing command cat /proc/net/dev worker id -1 ---------

 INFO 08-28 19:14:11,490 Executor:361 [pool-17-thread-1] - Send throttle event 2 from VM-120 to source, delay 400, queueLength: 0 input: 0, process: 0
 INFO 08-28 19:14:11,556 OffloadingHandler:302 [pool-1-thread-1] - try to print worker spec
 INFO 08-28 19:14:11,564 OffloadingHandler:385 [pool-1-thread-1] - Worker info120 machine identifier 5057f5df9705590e5d8745df4cebf13c113fed5181bc9707991a0e0e6131ad98
 INFO 08-28 19:14:11,567 OffloadingHandler:387 [pool-1-thread-1] - Worker info 120 available processors (cores): 1
 INFO 08-28 19:14:11,568 OffloadingHandler:391 [pool-1-thread-1] - Worker info 120 free memory (bytes): 1557074488
 INFO 08-28 19:14:11,574 OffloadingHandler:397 [pool-1-thread-1] - Worker info 120 mac address 0C-42-A1-E2-A6-B0
 INFO 08-28 19:14:11,576 OffloadingHandler:402 [pool-1-thread-1] - Worker info 120 maximum memory (bytes): 31136546816
 INFO 08-28 19:14:11,577 OffloadingHandler:406 [pool-1-thread-1] - Worker info 120 total memory available to JVM (bytes): 2035417088
 INFO 08-28 19:14:11,613 OffloadingHandler:415 [pool-1-thread-1] - Worker info 120[awt.toolkit] = sun.awt.X11.XToolkit
 INFO 08-28 19:14:11,614 OffloadingHandler:415 [pool-1-thread-1] - Worker info 120[java.specification.version] = 11
 INFO 08-28 19:14:11,614 OffloadingHandler:415 [pool-1-thread-1] - Worker info 120[sun.cpu.isalist] = 
 INFO 08-28 19:14:11,615 OffloadingHandler:415 [pool-1-thread-1] - Worker info 120[sun.jnu.encoding] = UTF-8
 INFO 08-28 19:14:11,615 OffloadingHandler:415 [pool-1-thread-1] - Worker info 120[java.class.path] = /tmp/nemo-cloudlab-offload/nemo-client.jar:/tmp/nemo-cloudlab-offload/nexmark.jar:/tmp/nemo-cloudlab-offload/beam-grpc.jar:/tmp/nemo-cloudlab-offload/offloading-vm.jar
 INFO 08-28 19:14:11,616 OffloadingHandler:415 [pool-1-thread-1] - Worker info 120[java.vm.vendor] = Ubuntu
 INFO 08-28 19:14:11,616 OffloadingHandler:415 [pool-1-thread-1] - Worker info 120[sun.arch.data.model] = 64
 INFO 08-28 19:14:11,616 OffloadingHandler:415 [pool-1-thread-1] - Worker info 120[java.vendor.url] = https://ubuntu.com/
 INFO 08-28 19:14:11,617 OffloadingHandler:415 [pool-1-thread-1] - Worker info 120[user.timezone] = Etc/UTC
 INFO 08-28 19:14:11,617 OffloadingHandler:415 [pool-1-thread-1] - Worker info 120[os.name] = Linux
 INFO 08-28 19:14:11,617 OffloadingHandler:415 [pool-1-thread-1] - Worker info 120[java.vm.specification.version] = 11
 INFO 08-28 19:14:11,617 OffloadingHandler:415 [pool-1-thread-1] - Worker info 120[sun.java.launcher] = SUN_STANDARD
 INFO 08-28 19:14:11,617 OffloadingHandler:415 [pool-1-thread-1] - Worker info 120[sun.boot.library.path] = /usr/lib/jvm/java-11-openjdk-amd64/lib
 INFO 08-28 19:14:11,617 OffloadingHandler:415 [pool-1-thread-1] - Worker info 120[sun.java.command] = org.apache.nemo.offloading.workers.vm.VMWorker 25347 10000000
 INFO 08-28 19:14:11,617 OffloadingHandler:415 [pool-1-thread-1] - Worker info 120[jdk.debug] = release
 INFO 08-28 19:14:11,618 OffloadingHandler:415 [pool-1-thread-1] - Worker info 120[sun.cpu.endian] = little
 INFO 08-28 19:14:11,618 OffloadingHandler:415 [pool-1-thread-1] - Worker info 120[user.home] = /users/akash01
 INFO 08-28 19:14:11,619 OffloadingHandler:415 [pool-1-thread-1] - Worker info 120[user.language] = en
 INFO 08-28 19:14:11,619 OffloadingHandler:415 [pool-1-thread-1] - Worker info 120[java.specification.vendor] = Oracle Corporation
 INFO 08-28 19:14:11,619 OffloadingHandler:415 [pool-1-thread-1] - Worker info 120[java.version.date] = 2026-07-21
 INFO 08-28 19:14:11,619 OffloadingHandler:415 [pool-1-thread-1] - Worker info 120[java.home] = /usr/lib/jvm/java-11-openjdk-amd64
 INFO 08-28 19:14:11,619 OffloadingHandler:415 [pool-1-thread-1] - Worker info 120[file.separator] = /
 INFO 08-28 19:14:11,619 OffloadingHandler:415 [pool-1-thread-1] - Worker info 120[java.vm.compressedOopsMode] = Zero based
 INFO 08-28 19:14:11,620 OffloadingHandler:415 [pool-1-thread-1] - Worker info 120[line.separator] = 

 INFO 08-28 19:14:11,620 OffloadingHandler:415 [pool-1-thread-1] - Worker info 120[java.specification.name] = Java Platform API Specification
 INFO 08-28 19:14:11,620 OffloadingHandler:415 [pool-1-thread-1] - Worker info 120[java.vm.specification.vendor] = Oracle Corporation
 INFO 08-28 19:14:11,620 OffloadingHandler:415 [pool-1-thread-1] - Worker info 120[java.awt.graphicsenv] = sun.awt.X11GraphicsEnvironment
 INFO 08-28 19:14:11,620 OffloadingHandler:415 [pool-1-thread-1] - Worker info 120[sun.management.compiler] = HotSpot 64-Bit Tiered Compilers
 INFO 08-28 19:14:11,620 OffloadingHandler:415 [pool-1-thread-1] - Worker info 120[java.runtime.version] = 11.0.32+9-post-1ubuntu1-22.04-Ubuntu
 INFO 08-28 19:14:11,620 OffloadingHandler:415 [pool-1-thread-1] - Worker info 120[user.name] = akash01
 INFO 08-28 19:14:11,620 OffloadingHandler:415 [pool-1-thread-1] - Worker info 120[path.separator] = :
 INFO 08-28 19:14:11,621 OffloadingHandler:415 [pool-1-thread-1] - Worker info 120[os.version] = 5.15.0-187-generic
 INFO 08-28 19:14:11,621 OffloadingHandler:415 [pool-1-thread-1] - Worker info 120[java.runtime.name] = OpenJDK Runtime Environment
 INFO 08-28 19:14:11,622 OffloadingHandler:415 [pool-1-thread-1] - Worker info 120[file.encoding] = UTF-8
 INFO 08-28 19:14:11,622 OffloadingHandler:415 [pool-1-thread-1] - Worker info 120[sun.nio.ch.bugLevel] = 
 INFO 08-28 19:14:11,622 OffloadingHandler:415 [pool-1-thread-1] - Worker info 120[java.vm.name] = OpenJDK 64-Bit Server VM
 INFO 08-28 19:14:11,622 OffloadingHandler:415 [pool-1-thread-1] - Worker info 120[java.vendor.url.bug] = https://bugs.launchpad.net/ubuntu/+source/openjdk-lts
 INFO 08-28 19:14:11,622 OffloadingHandler:415 [pool-1-thread-1] - Worker info 120[java.io.tmpdir] = /tmp
 INFO 08-28 19:14:11,622 OffloadingHandler:415 [pool-1-thread-1] - Worker info 120[java.version] = 11.0.32
 INFO 08-28 19:14:11,622 OffloadingHandler:415 [pool-1-thread-1] - Worker info 120[user.dir] = /users/akash01
 INFO 08-28 19:14:11,622 OffloadingHandler:415 [pool-1-thread-1] - Worker info 120[os.arch] = amd64
 INFO 08-28 19:14:11,622 OffloadingHandler:415 [pool-1-thread-1] - Worker info 120[java.vm.specification.name] = Java Virtual Machine Specification
 INFO 08-28 19:14:11,623 OffloadingHandler:415 [pool-1-thread-1] - Worker info 120[java.awt.printerjob] = sun.print.PSPrinterJob
 INFO 08-28 19:14:11,623 OffloadingHandler:415 [pool-1-thread-1] - Worker info 120[sun.os.patch.level] = unknown
 INFO 08-28 19:14:11,623 OffloadingHandler:415 [pool-1-thread-1] - Worker info 120[java.library.path] = /usr/java/packages/lib:/usr/lib/x86_64-linux-gnu/jni:/lib/x86_64-linux-gnu:/usr/lib/x86_64-linux-gnu:/usr/lib/jni:/lib:/usr/lib
 INFO 08-28 19:14:11,623 OffloadingHandler:415 [pool-1-thread-1] - Worker info 120[java.vm.info] = mixed mode, sharing
 INFO 08-28 19:14:11,623 OffloadingHandler:415 [pool-1-thread-1] - Worker info 120[java.vendor] = Ubuntu
 INFO 08-28 19:14:11,623 OffloadingHandler:415 [pool-1-thread-1] - Worker info 120[java.vm.version] = 11.0.32+9-post-1ubuntu1-22.04-Ubuntu
 INFO 08-28 19:14:11,623 OffloadingHandler:415 [pool-1-thread-1] - Worker info 120[java.specification.maintenance.version] = 3
 INFO 08-28 19:14:11,623 OffloadingHandler:415 [pool-1-thread-1] - Worker info 120[sun.io.unicode.encoding] = UnicodeLittle
 INFO 08-28 19:14:11,623 OffloadingHandler:415 [pool-1-thread-1] - Worker info 120[java.class.version] = 55.0
 INFO 08-28 19:14:11,625 OffloadingHandler:423 [pool-1-thread-1] - Worker info 120 current IP address: node8.akash01-314037.nsdi27-casp-pg0.utah.cloudlab.us/128.110.219.27
 INFO 08-28 19:14:11,625 OffloadingHandler:424 [pool-1-thread-1] - Worker info 120 current Hostname: node8.akash01-314037.nsdi27-casp-pg0.utah.cloudlab.us
 INFO 08-28 19:14:11,627 OffloadingHandler:309 [pool-1-thread-1] - Sending worker init done
Wait deactivation
Offloading end
end elapsed time: 23
END of invocation: 31
 INFO 08-28 19:14:11,658 VMWorker:113 [pool-1-thread-1] - SPONGE_WORKER_INVOCATION backend=cloudlab-vm transition=INVOCATION_FINISHED requestId=120 invocation=1 reason=INITIAL
 INFO 08-28 19:14:11,729 Executor$ExecutorMessageReceiver:1433 [pool-16-thread-1] - Executor registered message received VM-89,VM-122,VM-88,VM-121,VM-87,VM-86,VM-85,VM-84,VM-83,VM-124,VM-82,VM-123,VM-81,VM-80,VM-19,VM-18,VM-17,VM-16,VM-15,VM-14,VM-13,VM-12,VM-11,VM-10,VM-90,VM-69,VM-68,VM-67,VM-66,VM-65,VM-64,VM-63,VM-62,VM-61,VM-60,VM-79,VM-78,VM-77,VM-76,VM-75,VM-74,VM-73,VM-72,VM-71,VM-70,VM-49,VM-48,VM-47,VM-46,VM-45,VM-6,VM-44,VM-7,VM-43,VM-8,VM-42,VM-9,VM-41,VM-40,VM-59,VM-58,VM-57,VM-56,VM-55,VM-54,VM-53,VM-52,VM-51,VM-50,VM-1,VM-2,VM-3,VM-5,VM-29,VM-28,VM-27,VM-26,VM-25,VM-24,VM-23,VM-22,Executor4,VM-21,Executor3,VM-20,VM-39,VM-38,VM-37,VM-36,VM-35,VM-34,VM-33,VM-32,VM-31,VM-30,Executor2,Executor1,Executor0
 WARN 08-28 19:14:11,730 ExecutorChannelManagerMap:95 [pool-16-thread-1] - Cannot connnect VM-120<->VM-89
 WARN 08-28 19:14:11,730 ExecutorChannelManagerMap:95 [pool-16-thread-1] - Cannot connnect VM-120<->VM-122
 WARN 08-28 19:14:11,730 ExecutorChannelManagerMap:95 [pool-16-thread-1] - Cannot connnect VM-120<->VM-88
 WARN 08-28 19:14:11,730 ExecutorChannelManagerMap:95 [pool-16-thread-1] - Cannot connnect VM-120<->VM-121
 WARN 08-28 19:14:11,730 ExecutorChannelManagerMap:95 [pool-16-thread-1] - Cannot connnect VM-120<->VM-87
 WARN 08-28 19:14:11,731 ExecutorChannelManagerMap:95 [pool-16-thread-1] - Cannot connnect VM-120<->VM-86
 WARN 08-28 19:14:11,731 ExecutorChannelManagerMap:95 [pool-16-thread-1] - Cannot connnect VM-120<->VM-85
 WARN 08-28 19:14:11,732 ExecutorChannelManagerMap:95 [pool-16-thread-1] - Cannot connnect VM-120<->VM-84
 WARN 08-28 19:14:11,732 ExecutorChannelManagerMap:95 [pool-16-thread-1] - Cannot connnect VM-120<->VM-83
 WARN 08-28 19:14:11,732 ExecutorChannelManagerMap:95 [pool-16-thread-1] - Cannot connnect VM-120<->VM-124
 WARN 08-28 19:14:11,732 ExecutorChannelManagerMap:95 [pool-16-thread-1] - Cannot connnect VM-120<->VM-82
 WARN 08-28 19:14:11,732 ExecutorChannelManagerMap:95 [pool-16-thread-1] - Cannot connnect VM-120<->VM-123
 WARN 08-28 19:14:11,733 ExecutorChannelManagerMap:95 [pool-16-thread-1] - Cannot connnect VM-120<->VM-81
 WARN 08-28 19:14:11,733 ExecutorChannelManagerMap:95 [pool-16-thread-1] - Cannot connnect VM-120<->VM-80
 WARN 08-28 19:14:11,733 ExecutorChannelManagerMap:95 [pool-16-thread-1] - Cannot connnect VM-120<->VM-19
 WARN 08-28 19:14:11,733 ExecutorChannelManagerMap:95 [pool-16-thread-1] - Cannot connnect VM-120<->VM-18
 WARN 08-28 19:14:11,733 ExecutorChannelManagerMap:95 [pool-16-thread-1] - Cannot connnect VM-120<->VM-17
 WARN 08-28 19:14:11,733 ExecutorChannelManagerMap:95 [pool-16-thread-1] - Cannot connnect VM-120<->VM-16
 WARN 08-28 19:14:11,742 ExecutorChannelManagerMap:95 [pool-16-thread-1] - Cannot connnect VM-120<->VM-15
 WARN 08-28 19:14:11,743 ExecutorChannelManagerMap:95 [pool-16-thread-1] - Cannot connnect VM-120<->VM-14
 WARN 08-28 19:14:11,745 ExecutorChannelManagerMap:95 [pool-16-thread-1] - Cannot connnect VM-120<->VM-13
 WARN 08-28 19:14:11,746 ExecutorChannelManagerMap:95 [pool-16-thread-1] - Cannot connnect VM-120<->VM-12
 WARN 08-28 19:14:11,746 ExecutorChannelManagerMap:95 [pool-16-thread-1] - Cannot connnect VM-120<->VM-11
 WARN 08-28 19:14:11,746 ExecutorChannelManagerMap:95 [pool-16-thread-1] - Cannot connnect VM-120<->VM-10
 WARN 08-28 19:14:11,746 ExecutorChannelManagerMap:95 [pool-16-thread-1] - Cannot connnect VM-120<->VM-90
 WARN 08-28 19:14:11,746 ExecutorChannelManagerMap:95 [pool-16-thread-1] - Cannot connnect VM-120<->VM-69
 WARN 08-28 19:14:11,746 ExecutorChannelManagerMap:95 [pool-16-thread-1] - Cannot connnect VM-120<->VM-68
 WARN 08-28 19:14:11,746 ExecutorChannelManagerMap:95 [pool-16-thread-1] - Cannot connnect VM-120<->VM-67
 WARN 08-28 19:14:11,747 ExecutorChannelManagerMap:95 [pool-16-thread-1] - Cannot connnect VM-120<->VM-66
 WARN 08-28 19:14:11,747 ExecutorChannelManagerMap:95 [pool-16-thread-1] - Cannot connnect VM-120<->VM-65
 WARN 08-28 19:14:11,748 ExecutorChannelManagerMap:95 [pool-16-thread-1] - Cannot connnect VM-120<->VM-64
 WARN 08-28 19:14:11,748 ExecutorChannelManagerMap:95 [pool-16-thread-1] - Cannot connnect VM-120<->VM-63
 WARN 08-28 19:14:11,748 ExecutorChannelManagerMap:95 [pool-16-thread-1] - Cannot connnect VM-120<->VM-62
 WARN 08-28 19:14:11,748 ExecutorChannelManagerMap:95 [pool-16-thread-1] - Cannot connnect VM-120<->VM-61
 WARN 08-28 19:14:11,748 ExecutorChannelManagerMap:95 [pool-16-thread-1] - Cannot connnect VM-120<->VM-60
 WARN 08-28 19:14:11,748 ExecutorChannelManagerMap:95 [pool-16-thread-1] - Cannot connnect VM-120<->VM-79
 WARN 08-28 19:14:11,748 ExecutorChannelManagerMap:95 [pool-16-thread-1] - Cannot connnect VM-120<->VM-78
 WARN 08-28 19:14:11,748 ExecutorChannelManagerMap:95 [pool-16-thread-1] - Cannot connnect VM-120<->VM-77
 WARN 08-28 19:14:11,748 ExecutorChannelManagerMap:95 [pool-16-thread-1] - Cannot connnect VM-120<->VM-76
 WARN 08-28 19:14:11,748 ExecutorChannelManagerMap:95 [pool-16-thread-1] - Cannot connnect VM-120<->VM-75
 WARN 08-28 19:14:11,749 ExecutorChannelManagerMap:95 [pool-16-thread-1] - Cannot connnect VM-120<->VM-74
 WARN 08-28 19:14:11,749 ExecutorChannelManagerMap:95 [pool-16-thread-1] - Cannot connnect VM-120<->VM-73
 WARN 08-28 19:14:11,749 ExecutorChannelManagerMap:95 [pool-16-thread-1] - Cannot connnect VM-120<->VM-72
 WARN 08-28 19:14:11,749 ExecutorChannelManagerMap:95 [pool-16-thread-1] - Cannot connnect VM-120<->VM-71
 WARN 08-28 19:14:11,749 ExecutorChannelManagerMap:95 [pool-16-thread-1] - Cannot connnect VM-120<->VM-70
 WARN 08-28 19:14:11,750 ExecutorChannelManagerMap:95 [pool-16-thread-1] - Cannot connnect VM-120<->VM-49
 WARN 08-28 19:14:11,750 ExecutorChannelManagerMap:95 [pool-16-thread-1] - Cannot connnect VM-120<->VM-48
 WARN 08-28 19:14:11,750 ExecutorChannelManagerMap:95 [pool-16-thread-1] - Cannot connnect VM-120<->VM-47
 WARN 08-28 19:14:11,750 ExecutorChannelManagerMap:95 [pool-16-thread-1] - Cannot connnect VM-120<->VM-46
 WARN 08-28 19:14:11,750 ExecutorChannelManagerMap:95 [pool-16-thread-1] - Cannot connnect VM-120<->VM-45
 WARN 08-28 19:14:11,750 ExecutorChannelManagerMap:95 [pool-16-thread-1] - Cannot connnect VM-120<->VM-6
 WARN 08-28 19:14:11,750 ExecutorChannelManagerMap:95 [pool-16-thread-1] - Cannot connnect VM-120<->VM-44
 WARN 08-28 19:14:11,750 ExecutorChannelManagerMap:95 [pool-16-thread-1] - Cannot connnect VM-120<->VM-7
 WARN 08-28 19:14:11,750 ExecutorChannelManagerMap:95 [pool-16-thread-1] - Cannot connnect VM-120<->VM-43
 WARN 08-28 19:14:11,750 ExecutorChannelManagerMap:95 [pool-16-thread-1] - Cannot connnect VM-120<->VM-8
 WARN 08-28 19:14:11,750 ExecutorChannelManagerMap:95 [pool-16-thread-1] - Cannot connnect VM-120<->VM-42
 WARN 08-28 19:14:11,751 ExecutorChannelManagerMap:95 [pool-16-thread-1] - Cannot connnect VM-120<->VM-9
 WARN 08-28 19:14:11,751 ExecutorChannelManagerMap:95 [pool-16-thread-1] - Cannot connnect VM-120<->VM-41
 WARN 08-28 19:14:11,751 ExecutorChannelManagerMap:95 [pool-16-thread-1] - Cannot connnect VM-120<->VM-40
 WARN 08-28 19:14:11,751 ExecutorChannelManagerMap:95 [pool-16-thread-1] - Cannot connnect VM-120<->VM-59
 WARN 08-28 19:14:11,751 ExecutorChannelManagerMap:95 [pool-16-thread-1] - Cannot connnect VM-120<->VM-58
 WARN 08-28 19:14:11,751 ExecutorChannelManagerMap:95 [pool-16-thread-1] - Cannot connnect VM-120<->VM-57
 WARN 08-28 19:14:11,751 ExecutorChannelManagerMap:95 [pool-16-thread-1] - Cannot connnect VM-120<->VM-56
 WARN 08-28 19:14:11,751 ExecutorChannelManagerMap:95 [pool-16-thread-1] - Cannot connnect VM-120<->VM-55
 WARN 08-28 19:14:11,752 ExecutorChannelManagerMap:95 [pool-16-thread-1] - Cannot connnect VM-120<->VM-54
 WARN 08-28 19:14:11,753 ExecutorChannelManagerMap:95 [pool-16-thread-1] - Cannot connnect VM-120<->VM-53
 WARN 08-28 19:14:11,753 ExecutorChannelManagerMap:95 [pool-16-thread-1] - Cannot connnect VM-120<->VM-52
 WARN 08-28 19:14:11,753 ExecutorChannelManagerMap:95 [pool-16-thread-1] - Cannot connnect VM-120<->VM-51
 WARN 08-28 19:14:11,753 ExecutorChannelManagerMap:95 [pool-16-thread-1] - Cannot connnect VM-120<->VM-50
 WARN 08-28 19:14:11,754 ExecutorChannelManagerMap:95 [pool-16-thread-1] - Cannot connnect VM-120<->VM-1
 WARN 08-28 19:14:11,754 ExecutorChannelManagerMap:95 [pool-16-thread-1] - Cannot connnect VM-120<->VM-2
 WARN 08-28 19:14:11,754 ExecutorChannelManagerMap:95 [pool-16-thread-1] - Cannot connnect VM-120<->VM-3
 WARN 08-28 19:14:11,754 ExecutorChannelManagerMap:95 [pool-16-thread-1] - Cannot connnect VM-120<->VM-5
 WARN 08-28 19:14:11,754 ExecutorChannelManagerMap:95 [pool-16-thread-1] - Cannot connnect VM-120<->VM-29
 WARN 08-28 19:14:11,754 ExecutorChannelManagerMap:95 [pool-16-thread-1] - Cannot connnect VM-120<->VM-28
 WARN 08-28 19:14:11,758 ExecutorChannelManagerMap:95 [pool-16-thread-1] - Cannot connnect VM-120<->VM-27
 WARN 08-28 19:14:11,758 ExecutorChannelManagerMap:95 [pool-16-thread-1] - Cannot connnect VM-120<->VM-26
 WARN 08-28 19:14:11,758 ExecutorChannelManagerMap:95 [pool-16-thread-1] - Cannot connnect VM-120<->VM-25
 WARN 08-28 19:14:11,759 ExecutorChannelManagerMap:95 [pool-16-thread-1] - Cannot connnect VM-120<->VM-24
 WARN 08-28 19:14:11,759 ExecutorChannelManagerMap:95 [pool-16-thread-1] - Cannot connnect VM-120<->VM-23
 WARN 08-28 19:14:11,759 ExecutorChannelManagerMap:95 [pool-16-thread-1] - Cannot connnect VM-120<->VM-22
 WARN 08-28 19:14:11,766 ExecutorChannelManagerMap:106 [pool-16-thread-1] - Executor Executor4 already registered
 WARN 08-28 19:14:11,766 ExecutorChannelManagerMap:95 [pool-16-thread-1] - Cannot connnect VM-120<->VM-21
 WARN 08-28 19:14:11,766 ExecutorChannelManagerMap:106 [pool-16-thread-1] - Executor Executor3 already registered
 WARN 08-28 19:14:11,766 ExecutorChannelManagerMap:95 [pool-16-thread-1] - Cannot connnect VM-120<->VM-20
 WARN 08-28 19:14:11,766 ExecutorChannelManagerMap:95 [pool-16-thread-1] - Cannot connnect VM-120<->VM-39
 WARN 08-28 19:14:11,766 ExecutorChannelManagerMap:95 [pool-16-thread-1] - Cannot connnect VM-120<->VM-38
 WARN 08-28 19:14:11,766 ExecutorChannelManagerMap:95 [pool-16-thread-1] - Cannot connnect VM-120<->VM-37
 WARN 08-28 19:14:11,766 ExecutorChannelManagerMap:95 [pool-16-thread-1] - Cannot connnect VM-120<->VM-36
 WARN 08-28 19:14:11,766 ExecutorChannelManagerMap:95 [pool-16-thread-1] - Cannot connnect VM-120<->VM-35
 WARN 08-28 19:14:11,766 ExecutorChannelManagerMap:95 [pool-16-thread-1] - Cannot connnect VM-120<->VM-34
 WARN 08-28 19:14:11,766 ExecutorChannelManagerMap:95 [pool-16-thread-1] - Cannot connnect VM-120<->VM-33
 WARN 08-28 19:14:11,766 ExecutorChannelManagerMap:95 [pool-16-thread-1] - Cannot connnect VM-120<->VM-32
 WARN 08-28 19:14:11,767 ExecutorChannelManagerMap:95 [pool-16-thread-1] - Cannot connnect VM-120<->VM-31
 WARN 08-28 19:14:11,767 ExecutorChannelManagerMap:95 [pool-16-thread-1] - Cannot connnect VM-120<->VM-30
 WARN 08-28 19:14:11,767 ExecutorChannelManagerMap:106 [pool-16-thread-1] - Executor Executor2 already registered
 WARN 08-28 19:14:11,767 ExecutorChannelManagerMap:106 [pool-16-thread-1] - Executor Executor1 already registered
 WARN 08-28 19:14:11,767 ExecutorChannelManagerMap:106 [pool-16-thread-1] - Executor Executor0 already registered
 INFO 08-28 19:14:11,778 Executor$ExecutorMessageReceiver:1433 [pool-16-thread-2] - Executor registered message received VM-89,VM-122,VM-88,VM-121,VM-87,VM-86,VM-85,VM-84,VM-83,VM-124,VM-82,VM-123,VM-81,VM-119,VM-80,VM-19,VM-18,VM-17,VM-16,VM-15,VM-14,VM-13,VM-12,VM-11,VM-10,VM-90,VM-69,VM-68,VM-67,VM-66,VM-65,VM-64,VM-63,VM-62,VM-61,VM-60,VM-79,VM-78,VM-77,VM-76,VM-75,VM-74,VM-73,VM-72,VM-71,VM-70,VM-49,VM-48,VM-47,VM-46,VM-45,VM-6,VM-44,VM-7,VM-43,VM-8,VM-42,VM-9,VM-41,VM-40,VM-59,VM-58,VM-57,VM-56,VM-55,VM-54,VM-53,VM-52,VM-51,VM-50,VM-1,VM-2,VM-3,VM-5,VM-29,VM-28,VM-27,VM-26,VM-25,VM-24,VM-23,VM-22,Executor4,VM-21,Executor3,VM-20,VM-39,VM-38,VM-37,VM-36,VM-35,VM-34,VM-33,VM-32,VM-31,VM-30,Executor2,Executor1,Executor0
 WARN 08-28 19:14:11,783 ExecutorChannelManagerMap:95 [pool-16-thread-2] - Cannot connnect VM-120<->VM-89
 WARN 08-28 19:14:11,783 ExecutorChannelManagerMap:95 [pool-16-thread-2] - Cannot connnect VM-120<->VM-122
 WARN 08-28 19:14:11,783 ExecutorChannelManagerMap:95 [pool-16-thread-2] - Cannot connnect VM-120<->VM-88
 WARN 08-28 19:14:11,783 ExecutorChannelManagerMap:95 [pool-16-thread-2] - Cannot connnect VM-120<->VM-121
 WARN 08-28 19:14:11,783 ExecutorChannelManagerMap:95 [pool-16-thread-2] - Cannot connnect VM-120<->VM-87
 WARN 08-28 19:14:11,783 ExecutorChannelManagerMap:95 [pool-16-thread-2] - Cannot connnect VM-120<->VM-86
 WARN 08-28 19:14:11,783 ExecutorChannelManagerMap:95 [pool-16-thread-2] - Cannot connnect VM-120<->VM-85
 WARN 08-28 19:14:11,783 ExecutorChannelManagerMap:95 [pool-16-thread-2] - Cannot connnect VM-120<->VM-84
 WARN 08-28 19:14:11,783 ExecutorChannelManagerMap:95 [pool-16-thread-2] - Cannot connnect VM-120<->VM-83
 WARN 08-28 19:14:11,783 ExecutorChannelManagerMap:95 [pool-16-thread-2] - Cannot connnect VM-120<->VM-124
 WARN 08-28 19:14:11,783 ExecutorChannelManagerMap:95 [pool-16-thread-2] - Cannot connnect VM-120<->VM-82
 WARN 08-28 19:14:11,784 ExecutorChannelManagerMap:95 [pool-16-thread-2] - Cannot connnect VM-120<->VM-123
 WARN 08-28 19:14:11,784 ExecutorChannelManagerMap:95 [pool-16-thread-2] - Cannot connnect VM-120<->VM-81
 WARN 08-28 19:14:11,784 ExecutorChannelManagerMap:95 [pool-16-thread-2] - Cannot connnect VM-120<->VM-119
 WARN 08-28 19:14:11,784 ExecutorChannelManagerMap:95 [pool-16-thread-2] - Cannot connnect VM-120<->VM-80
 WARN 08-28 19:14:11,784 ExecutorChannelManagerMap:95 [pool-16-thread-2] - Cannot connnect VM-120<->VM-19
 WARN 08-28 19:14:11,784 ExecutorChannelManagerMap:95 [pool-16-thread-2] - Cannot connnect VM-120<->VM-18
 WARN 08-28 19:14:11,784 ExecutorChannelManagerMap:95 [pool-16-thread-2] - Cannot connnect VM-120<->VM-17
 WARN 08-28 19:14:11,784 ExecutorChannelManagerMap:95 [pool-16-thread-2] - Cannot connnect VM-120<->VM-16
 WARN 08-28 19:14:11,784 ExecutorChannelManagerMap:95 [pool-16-thread-2] - Cannot connnect VM-120<->VM-15
 WARN 08-28 19:14:11,784 ExecutorChannelManagerMap:95 [pool-16-thread-2] - Cannot connnect VM-120<->VM-14
 WARN 08-28 19:14:11,784 ExecutorChannelManagerMap:95 [pool-16-thread-2] - Cannot connnect VM-120<->VM-13
 WARN 08-28 19:14:11,784 ExecutorChannelManagerMap:95 [pool-16-thread-2] - Cannot connnect VM-120<->VM-12
 WARN 08-28 19:14:11,784 ExecutorChannelManagerMap:95 [pool-16-thread-2] - Cannot connnect VM-120<->VM-11
 WARN 08-28 19:14:11,784 ExecutorChannelManagerMap:95 [pool-16-thread-2] - Cannot connnect VM-120<->VM-10
 WARN 08-28 19:14:11,785 ExecutorChannelManagerMap:95 [pool-16-thread-2] - Cannot connnect VM-120<->VM-90
 WARN 08-28 19:14:11,785 ExecutorChannelManagerMap:95 [pool-16-thread-2] - Cannot connnect VM-120<->VM-69
 WARN 08-28 19:14:11,785 ExecutorChannelManagerMap:95 [pool-16-thread-2] - Cannot connnect VM-120<->VM-68
 WARN 08-28 19:14:11,785 ExecutorChannelManagerMap:95 [pool-16-thread-2] - Cannot connnect VM-120<->VM-67
 WARN 08-28 19:14:11,785 ExecutorChannelManagerMap:95 [pool-16-thread-2] - Cannot connnect VM-120<->VM-66
 WARN 08-28 19:14:11,785 ExecutorChannelManagerMap:95 [pool-16-thread-2] - Cannot connnect VM-120<->VM-65
 WARN 08-28 19:14:11,785 ExecutorChannelManagerMap:95 [pool-16-thread-2] - Cannot connnect VM-120<->VM-64
 WARN 08-28 19:14:11,785 ExecutorChannelManagerMap:95 [pool-16-thread-2] - Cannot connnect VM-120<->VM-63
 WARN 08-28 19:14:11,785 ExecutorChannelManagerMap:95 [pool-16-thread-2] - Cannot connnect VM-120<->VM-62
 WARN 08-28 19:14:11,785 ExecutorChannelManagerMap:95 [pool-16-thread-2] - Cannot connnect VM-120<->VM-61
 WARN 08-28 19:14:11,785 ExecutorChannelManagerMap:95 [pool-16-thread-2] - Cannot connnect VM-120<->VM-60
 WARN 08-28 19:14:11,786 ExecutorChannelManagerMap:95 [pool-16-thread-2] - Cannot connnect VM-120<->VM-79
 WARN 08-28 19:14:11,786 ExecutorChannelManagerMap:95 [pool-16-thread-2] - Cannot connnect VM-120<->VM-78
 WARN 08-28 19:14:11,786 ExecutorChannelManagerMap:95 [pool-16-thread-2] - Cannot connnect VM-120<->VM-77
 WARN 08-28 19:14:11,786 ExecutorChannelManagerMap:95 [pool-16-thread-2] - Cannot connnect VM-120<->VM-76
 WARN 08-28 19:14:11,786 ExecutorChannelManagerMap:95 [pool-16-thread-2] - Cannot connnect VM-120<->VM-75
 WARN 08-28 19:14:11,786 ExecutorChannelManagerMap:95 [pool-16-thread-2] - Cannot connnect VM-120<->VM-74
 WARN 08-28 19:14:11,786 ExecutorChannelManagerMap:95 [pool-16-thread-2] - Cannot connnect VM-120<->VM-73
 WARN 08-28 19:14:11,786 ExecutorChannelManagerMap:95 [pool-16-thread-2] - Cannot connnect VM-120<->VM-72
 WARN 08-28 19:14:11,786 ExecutorChannelManagerMap:95 [pool-16-thread-2] - Cannot connnect VM-120<->VM-71
 WARN 08-28 19:14:11,786 ExecutorChannelManagerMap:95 [pool-16-thread-2] - Cannot connnect VM-120<->VM-70
 WARN 08-28 19:14:11,786 ExecutorChannelManagerMap:95 [pool-16-thread-2] - Cannot connnect VM-120<->VM-49
 WARN 08-28 19:14:11,786 ExecutorChannelManagerMap:95 [pool-16-thread-2] - Cannot connnect VM-120<->VM-48
 WARN 08-28 19:14:11,786 ExecutorChannelManagerMap:95 [pool-16-thread-2] - Cannot connnect VM-120<->VM-47
 WARN 08-28 19:14:11,787 ExecutorChannelManagerMap:95 [pool-16-thread-2] - Cannot connnect VM-120<->VM-46
 WARN 08-28 19:14:11,787 ExecutorChannelManagerMap:95 [pool-16-thread-2] - Cannot connnect VM-120<->VM-45
 WARN 08-28 19:14:11,787 ExecutorChannelManagerMap:95 [pool-16-thread-2] - Cannot connnect VM-120<->VM-6
 WARN 08-28 19:14:11,787 ExecutorChannelManagerMap:95 [pool-16-thread-2] - Cannot connnect VM-120<->VM-44
 WARN 08-28 19:14:11,787 ExecutorChannelManagerMap:95 [pool-16-thread-2] - Cannot connnect VM-120<->VM-7
 WARN 08-28 19:14:11,787 ExecutorChannelManagerMap:95 [pool-16-thread-2] - Cannot connnect VM-120<->VM-43
 WARN 08-28 19:14:11,787 ExecutorChannelManagerMap:95 [pool-16-thread-2] - Cannot connnect VM-120<->VM-8
 WARN 08-28 19:14:11,787 ExecutorChannelManagerMap:95 [pool-16-thread-2] - Cannot connnect VM-120<->VM-42
 WARN 08-28 19:14:11,787 ExecutorChannelManagerMap:95 [pool-16-thread-2] - Cannot connnect VM-120<->VM-9
 WARN 08-28 19:14:11,787 ExecutorChannelManagerMap:95 [pool-16-thread-2] - Cannot connnect VM-120<->VM-41
 WARN 08-28 19:14:11,787 ExecutorChannelManagerMap:95 [pool-16-thread-2] - Cannot connnect VM-120<->VM-40
 WARN 08-28 19:14:11,799 ExecutorChannelManagerMap:95 [pool-16-thread-2] - Cannot connnect VM-120<->VM-59
 WARN 08-28 19:14:11,799 ExecutorChannelManagerMap:95 [pool-16-thread-2] - Cannot connnect VM-120<->VM-58
 WARN 08-28 19:14:11,799 ExecutorChannelManagerMap:95 [pool-16-thread-2] - Cannot connnect VM-120<->VM-57
 WARN 08-28 19:14:11,799 ExecutorChannelManagerMap:95 [pool-16-thread-2] - Cannot connnect VM-120<->VM-56
 WARN 08-28 19:14:11,799 ExecutorChannelManagerMap:95 [pool-16-thread-2] - Cannot connnect VM-120<->VM-55
 WARN 08-28 19:14:11,799 ExecutorChannelManagerMap:95 [pool-16-thread-2] - Cannot connnect VM-120<->VM-54
 WARN 08-28 19:14:11,799 ExecutorChannelManagerMap:95 [pool-16-thread-2] - Cannot connnect VM-120<->VM-53
 WARN 08-28 19:14:11,799 ExecutorChannelManagerMap:95 [pool-16-thread-2] - Cannot connnect VM-120<->VM-52
 WARN 08-28 19:14:11,799 ExecutorChannelManagerMap:95 [pool-16-thread-2] - Cannot connnect VM-120<->VM-51
 WARN 08-28 19:14:11,800 ExecutorChannelManagerMap:95 [pool-16-thread-2] - Cannot connnect VM-120<->VM-50
 WARN 08-28 19:14:11,800 ExecutorChannelManagerMap:95 [pool-16-thread-2] - Cannot connnect VM-120<->VM-1
 WARN 08-28 19:14:11,800 ExecutorChannelManagerMap:95 [pool-16-thread-2] - Cannot connnect VM-120<->VM-2
 WARN 08-28 19:14:11,800 ExecutorChannelManagerMap:95 [pool-16-thread-2] - Cannot connnect VM-120<->VM-3
 WARN 08-28 19:14:11,800 ExecutorChannelManagerMap:95 [pool-16-thread-2] - Cannot connnect VM-120<->VM-5
 WARN 08-28 19:14:11,800 ExecutorChannelManagerMap:95 [pool-16-thread-2] - Cannot connnect VM-120<->VM-29
 WARN 08-28 19:14:11,800 ExecutorChannelManagerMap:95 [pool-16-thread-2] - Cannot connnect VM-120<->VM-28
 WARN 08-28 19:14:11,800 ExecutorChannelManagerMap:95 [pool-16-thread-2] - Cannot connnect VM-120<->VM-27
 WARN 08-28 19:14:11,800 ExecutorChannelManagerMap:95 [pool-16-thread-2] - Cannot connnect VM-120<->VM-26
 WARN 08-28 19:14:11,800 ExecutorChannelManagerMap:95 [pool-16-thread-2] - Cannot connnect VM-120<->VM-25
 WARN 08-28 19:14:11,800 ExecutorChannelManagerMap:95 [pool-16-thread-2] - Cannot connnect VM-120<->VM-24
 WARN 08-28 19:14:11,800 ExecutorChannelManagerMap:95 [pool-16-thread-2] - Cannot connnect VM-120<->VM-23
 WARN 08-28 19:14:11,800 ExecutorChannelManagerMap:95 [pool-16-thread-2] - Cannot connnect VM-120<->VM-22
 WARN 08-28 19:14:11,800 ExecutorChannelManagerMap:106 [pool-16-thread-2] - Executor Executor4 already registered
 WARN 08-28 19:14:11,800 ExecutorChannelManagerMap:95 [pool-16-thread-2] - Cannot connnect VM-120<->VM-21
 WARN 08-28 19:14:11,800 ExecutorChannelManagerMap:106 [pool-16-thread-2] - Executor Executor3 already registered
 WARN 08-28 19:14:11,801 ExecutorChannelManagerMap:95 [pool-16-thread-2] - Cannot connnect VM-120<->VM-20
 WARN 08-28 19:14:11,801 ExecutorChannelManagerMap:95 [pool-16-thread-2] - Cannot connnect VM-120<->VM-39
 WARN 08-28 19:14:11,801 ExecutorChannelManagerMap:95 [pool-16-thread-2] - Cannot connnect VM-120<->VM-38
 WARN 08-28 19:14:11,801 ExecutorChannelManagerMap:95 [pool-16-thread-2] - Cannot connnect VM-120<->VM-37
 WARN 08-28 19:14:11,801 ExecutorChannelManagerMap:95 [pool-16-thread-2] - Cannot connnect VM-120<->VM-36
 WARN 08-28 19:14:11,801 ExecutorChannelManagerMap:95 [pool-16-thread-2] - Cannot connnect VM-120<->VM-35
 WARN 08-28 19:14:11,801 ExecutorChannelManagerMap:95 [pool-16-thread-2] - Cannot connnect VM-120<->VM-34
 WARN 08-28 19:14:11,801 ExecutorChannelManagerMap:95 [pool-16-thread-2] - Cannot connnect VM-120<->VM-33
 WARN 08-28 19:14:11,801 ExecutorChannelManagerMap:95 [pool-16-thread-2] - Cannot connnect VM-120<->VM-32
 WARN 08-28 19:14:11,801 ExecutorChannelManagerMap:95 [pool-16-thread-2] - Cannot connnect VM-120<->VM-31
 WARN 08-28 19:14:11,801 ExecutorChannelManagerMap:95 [pool-16-thread-2] - Cannot connnect VM-120<->VM-30
 WARN 08-28 19:14:11,801 ExecutorChannelManagerMap:106 [pool-16-thread-2] - Executor Executor2 already registered
 WARN 08-28 19:14:11,801 ExecutorChannelManagerMap:106 [pool-16-thread-2] - Executor Executor1 already registered
 WARN 08-28 19:14:11,801 ExecutorChannelManagerMap:106 [pool-16-thread-2] - Executor Executor0 already registered
 INFO 08-28 19:14:11,779 Executor$ExecutorMessageReceiver:1433 [pool-16-thread-3] - Executor registered message received VM-89,VM-122,VM-88,VM-121,VM-87,VM-86,VM-85,VM-84,VM-83,VM-124,VM-82,VM-123,VM-81,VM-119,VM-80,VM-118,VM-117,VM-116,VM-19,VM-18,VM-17,VM-16,VM-15,VM-14,VM-13,VM-12,VM-11,VM-10,VM-90,VM-69,VM-68,VM-67,VM-66,VM-65,VM-64,VM-63,VM-62,VM-61,VM-60,VM-79,VM-78,VM-77,VM-76,VM-75,VM-74,VM-73,VM-72,VM-71,VM-70,VM-49,VM-48,VM-47,VM-46,VM-45,VM-6,VM-44,VM-7,VM-43,VM-8,VM-42,VM-9,VM-41,VM-40,VM-59,VM-58,VM-57,VM-56,VM-55,VM-54,VM-53,VM-52,VM-51,VM-50,VM-1,VM-2,VM-3,VM-5,VM-29,VM-28,VM-27,VM-26,VM-25,VM-24,VM-23,VM-22,Executor4,VM-21,Executor3,VM-20,VM-39,VM-38,VM-37,VM-36,VM-35,VM-34,VM-111,VM-33,VM-110,VM-32,VM-31,VM-30,VM-115,VM-114,VM-113,VM-112,VM-108,VM-107,VM-106,Executor2,Executor1,Executor0,VM-109
 INFO 08-28 19:14:11,778 Executor$ExecutorMessageReceiver:1433 [pool-16-thread-1] - Executor registered message received VM-89,VM-122,VM-88,VM-121,VM-87,VM-86,VM-85,VM-84,VM-83,VM-124,VM-82,VM-123,VM-81,VM-119,VM-80,VM-118,VM-19,VM-18,VM-17,VM-16,VM-15,VM-14,VM-13,VM-12,VM-11,VM-10,VM-90,VM-69,VM-68,VM-67,VM-66,VM-65,VM-64,VM-63,VM-62,VM-61,VM-60,VM-79,VM-78,VM-77,VM-76,VM-75,VM-74,VM-73,VM-72,VM-71,VM-70,VM-49,VM-48,VM-47,VM-46,VM-45,VM-6,VM-44,VM-7,VM-43,VM-8,VM-42,VM-9,VM-41,VM-40,VM-59,VM-58,VM-57,VM-56,VM-55,VM-54,VM-53,VM-52,VM-51,VM-50,VM-1,VM-2,VM-3,VM-5,VM-29,VM-28,VM-27,VM-26,VM-25,VM-24,VM-23,VM-22,Executor4,VM-21,Executor3,VM-20,VM-39,VM-38,VM-37,VM-36,VM-35,VM-34,VM-33,VM-32,VM-31,VM-30,Executor2,Executor1,Executor0
 WARN 08-28 19:14:11,809 ExecutorChannelManagerMap:95 [pool-16-thread-1] - Cannot connnect VM-120<->VM-89
 WARN 08-28 19:14:11,809 ExecutorChannelManagerMap:95 [pool-16-thread-1] - Cannot connnect VM-120<->VM-122
 WARN 08-28 19:14:11,809 ExecutorChannelManagerMap:95 [pool-16-thread-1] - Cannot connnect VM-120<->VM-88
 WARN 08-28 19:14:11,809 ExecutorChannelManagerMap:95 [pool-16-thread-1] - Cannot connnect VM-120<->VM-121
 WARN 08-28 19:14:11,809 ExecutorChannelManagerMap:95 [pool-16-thread-1] - Cannot connnect VM-120<->VM-87
 WARN 08-28 19:14:11,809 ExecutorChannelManagerMap:95 [pool-16-thread-1] - Cannot connnect VM-120<->VM-86
 WARN 08-28 19:14:11,810 ExecutorChannelManagerMap:95 [pool-16-thread-1] - Cannot connnect VM-120<->VM-85
 WARN 08-28 19:14:11,810 ExecutorChannelManagerMap:95 [pool-16-thread-1] - Cannot connnect VM-120<->VM-84
 WARN 08-28 19:14:11,810 ExecutorChannelManagerMap:95 [pool-16-thread-1] - Cannot connnect VM-120<->VM-83
 WARN 08-28 19:14:11,810 ExecutorChannelManagerMap:95 [pool-16-thread-1] - Cannot connnect VM-120<->VM-124
 WARN 08-28 19:14:11,810 ExecutorChannelManagerMap:95 [pool-16-thread-1] - Cannot connnect VM-120<->VM-82
 WARN 08-28 19:14:11,810 ExecutorChannelManagerMap:95 [pool-16-thread-1] - Cannot connnect VM-120<->VM-123
 WARN 08-28 19:14:11,810 ExecutorChannelManagerMap:95 [pool-16-thread-1] - Cannot connnect VM-120<->VM-81
 WARN 08-28 19:14:11,810 ExecutorChannelManagerMap:95 [pool-16-thread-1] - Cannot connnect VM-120<->VM-119
 WARN 08-28 19:14:11,810 ExecutorChannelManagerMap:95 [pool-16-thread-1] - Cannot connnect VM-120<->VM-80
 WARN 08-28 19:14:11,810 ExecutorChannelManagerMap:95 [pool-16-thread-1] - Cannot connnect VM-120<->VM-118
 WARN 08-28 19:14:11,810 ExecutorChannelManagerMap:95 [pool-16-thread-1] - Cannot connnect VM-120<->VM-19
 WARN 08-28 19:14:11,810 ExecutorChannelManagerMap:95 [pool-16-thread-1] - Cannot connnect VM-120<->VM-18
 WARN 08-28 19:14:11,810 ExecutorChannelManagerMap:95 [pool-16-thread-1] - Cannot connnect VM-120<->VM-17
 WARN 08-28 19:14:11,810 ExecutorChannelManagerMap:95 [pool-16-thread-1] - Cannot connnect VM-120<->VM-16
 WARN 08-28 19:14:11,811 ExecutorChannelManagerMap:95 [pool-16-thread-1] - Cannot connnect VM-120<->VM-15
 WARN 08-28 19:14:11,811 ExecutorChannelManagerMap:95 [pool-16-thread-1] - Cannot connnect VM-120<->VM-14
 WARN 08-28 19:14:11,811 ExecutorChannelManagerMap:95 [pool-16-thread-1] - Cannot connnect VM-120<->VM-13
 WARN 08-28 19:14:11,811 ExecutorChannelManagerMap:95 [pool-16-thread-1] - Cannot connnect VM-120<->VM-12
 WARN 08-28 19:14:11,811 ExecutorChannelManagerMap:95 [pool-16-thread-1] - Cannot connnect VM-120<->VM-11
 WARN 08-28 19:14:11,811 ExecutorChannelManagerMap:95 [pool-16-thread-1] - Cannot connnect VM-120<->VM-10
 WARN 08-28 19:14:11,811 ExecutorChannelManagerMap:95 [pool-16-thread-1] - Cannot connnect VM-120<->VM-90
 WARN 08-28 19:14:11,811 ExecutorChannelManagerMap:95 [pool-16-thread-1] - Cannot connnect VM-120<->VM-69
 WARN 08-28 19:14:11,811 ExecutorChannelManagerMap:95 [pool-16-thread-1] - Cannot connnect VM-120<->VM-68
 WARN 08-28 19:14:11,811 ExecutorChannelManagerMap:95 [pool-16-thread-1] - Cannot connnect VM-120<->VM-67
 WARN 08-28 19:14:11,811 ExecutorChannelManagerMap:95 [pool-16-thread-1] - Cannot connnect VM-120<->VM-66
 WARN 08-28 19:14:11,811 ExecutorChannelManagerMap:95 [pool-16-thread-1] - Cannot connnect VM-120<->VM-65
 WARN 08-28 19:14:11,811 ExecutorChannelManagerMap:95 [pool-16-thread-1] - Cannot connnect VM-120<->VM-64
 WARN 08-28 19:14:11,812 ExecutorChannelManagerMap:95 [pool-16-thread-1] - Cannot connnect VM-120<->VM-63
 WARN 08-28 19:14:11,812 ExecutorChannelManagerMap:95 [pool-16-thread-1] - Cannot connnect VM-120<->VM-62
 WARN 08-28 19:14:11,812 ExecutorChannelManagerMap:95 [pool-16-thread-1] - Cannot connnect VM-120<->VM-61
 WARN 08-28 19:14:11,812 ExecutorChannelManagerMap:95 [pool-16-thread-1] - Cannot connnect VM-120<->VM-60
 WARN 08-28 19:14:11,812 ExecutorChannelManagerMap:95 [pool-16-thread-1] - Cannot connnect VM-120<->VM-79
 WARN 08-28 19:14:11,812 ExecutorChannelManagerMap:95 [pool-16-thread-1] - Cannot connnect VM-120<->VM-78
 WARN 08-28 19:14:11,812 ExecutorChannelManagerMap:95 [pool-16-thread-1] - Cannot connnect VM-120<->VM-77
 WARN 08-28 19:14:11,812 ExecutorChannelManagerMap:95 [pool-16-thread-1] - Cannot connnect VM-120<->VM-76
 WARN 08-28 19:14:11,812 ExecutorChannelManagerMap:95 [pool-16-thread-1] - Cannot connnect VM-120<->VM-75
 WARN 08-28 19:14:11,812 ExecutorChannelManagerMap:95 [pool-16-thread-1] - Cannot connnect VM-120<->VM-74
 WARN 08-28 19:14:11,812 ExecutorChannelManagerMap:95 [pool-16-thread-1] - Cannot connnect VM-120<->VM-73
 WARN 08-28 19:14:11,812 ExecutorChannelManagerMap:95 [pool-16-thread-1] - Cannot connnect VM-120<->VM-72
 WARN 08-28 19:14:11,812 ExecutorChannelManagerMap:95 [pool-16-thread-1] - Cannot connnect VM-120<->VM-71
 WARN 08-28 19:14:11,812 ExecutorChannelManagerMap:95 [pool-16-thread-1] - Cannot connnect VM-120<->VM-70
 WARN 08-28 19:14:11,812 ExecutorChannelManagerMap:95 [pool-16-thread-1] - Cannot connnect VM-120<->VM-49
 WARN 08-28 19:14:11,813 ExecutorChannelManagerMap:95 [pool-16-thread-1] - Cannot connnect VM-120<->VM-48
 WARN 08-28 19:14:11,813 ExecutorChannelManagerMap:95 [pool-16-thread-1] - Cannot connnect VM-120<->VM-47
 WARN 08-28 19:14:11,813 ExecutorChannelManagerMap:95 [pool-16-thread-1] - Cannot connnect VM-120<->VM-46
 WARN 08-28 19:14:11,813 ExecutorChannelManagerMap:95 [pool-16-thread-1] - Cannot connnect VM-120<->VM-45
 WARN 08-28 19:14:11,813 ExecutorChannelManagerMap:95 [pool-16-thread-1] - Cannot connnect VM-120<->VM-6
 WARN 08-28 19:14:11,813 ExecutorChannelManagerMap:95 [pool-16-thread-1] - Cannot connnect VM-120<->VM-44
 WARN 08-28 19:14:11,813 ExecutorChannelManagerMap:95 [pool-16-thread-1] - Cannot connnect VM-120<->VM-7
 WARN 08-28 19:14:11,813 ExecutorChannelManagerMap:95 [pool-16-thread-1] - Cannot connnect VM-120<->VM-43
 WARN 08-28 19:14:11,813 ExecutorChannelManagerMap:95 [pool-16-thread-1] - Cannot connnect VM-120<->VM-8
 WARN 08-28 19:14:11,813 ExecutorChannelManagerMap:95 [pool-16-thread-1] - Cannot connnect VM-120<->VM-42
 WARN 08-28 19:14:11,813 ExecutorChannelManagerMap:95 [pool-16-thread-1] - Cannot connnect VM-120<->VM-9
 WARN 08-28 19:14:11,813 ExecutorChannelManagerMap:95 [pool-16-thread-1] - Cannot connnect VM-120<->VM-41
 WARN 08-28 19:14:11,813 ExecutorChannelManagerMap:95 [pool-16-thread-1] - Cannot connnect VM-120<->VM-40
 WARN 08-28 19:14:11,813 ExecutorChannelManagerMap:95 [pool-16-thread-1] - Cannot connnect VM-120<->VM-59
 WARN 08-28 19:14:11,813 ExecutorChannelManagerMap:95 [pool-16-thread-1] - Cannot connnect VM-120<->VM-58
 WARN 08-28 19:14:11,814 ExecutorChannelManagerMap:95 [pool-16-thread-1] - Cannot connnect VM-120<->VM-57
 WARN 08-28 19:14:11,814 ExecutorChannelManagerMap:95 [pool-16-thread-1] - Cannot connnect VM-120<->VM-56
 WARN 08-28 19:14:11,814 ExecutorChannelManagerMap:95 [pool-16-thread-1] - Cannot connnect VM-120<->VM-55
 WARN 08-28 19:14:11,814 ExecutorChannelManagerMap:95 [pool-16-thread-1] - Cannot connnect VM-120<->VM-54
 WARN 08-28 19:14:11,814 ExecutorChannelManagerMap:95 [pool-16-thread-1] - Cannot connnect VM-120<->VM-53
 WARN 08-28 19:14:11,814 ExecutorChannelManagerMap:95 [pool-16-thread-1] - Cannot connnect VM-120<->VM-52
 WARN 08-28 19:14:11,814 ExecutorChannelManagerMap:95 [pool-16-thread-1] - Cannot connnect VM-120<->VM-51
 WARN 08-28 19:14:11,814 ExecutorChannelManagerMap:95 [pool-16-thread-1] - Cannot connnect VM-120<->VM-50
 WARN 08-28 19:14:11,814 ExecutorChannelManagerMap:95 [pool-16-thread-1] - Cannot connnect VM-120<->VM-1
 WARN 08-28 19:14:11,814 ExecutorChannelManagerMap:95 [pool-16-thread-1] - Cannot connnect VM-120<->VM-2
 WARN 08-28 19:14:11,814 ExecutorChannelManagerMap:95 [pool-16-thread-1] - Cannot connnect VM-120<->VM-3
 WARN 08-28 19:14:11,814 ExecutorChannelManagerMap:95 [pool-16-thread-1] - Cannot connnect VM-120<->VM-5
 WARN 08-28 19:14:11,814 ExecutorChannelManagerMap:95 [pool-16-thread-1] - Cannot connnect VM-120<->VM-29
 WARN 08-28 19:14:11,814 ExecutorChannelManagerMap:95 [pool-16-thread-1] - Cannot connnect VM-120<->VM-28
 WARN 08-28 19:14:11,814 ExecutorChannelManagerMap:95 [pool-16-thread-1] - Cannot connnect VM-120<->VM-27
 WARN 08-28 19:14:11,815 ExecutorChannelManagerMap:95 [pool-16-thread-1] - Cannot connnect VM-120<->VM-26
 WARN 08-28 19:14:11,815 ExecutorChannelManagerMap:95 [pool-16-thread-1] - Cannot connnect VM-120<->VM-25
 WARN 08-28 19:14:11,815 ExecutorChannelManagerMap:95 [pool-16-thread-1] - Cannot connnect VM-120<->VM-24
 WARN 08-28 19:14:11,815 ExecutorChannelManagerMap:95 [pool-16-thread-1] - Cannot connnect VM-120<->VM-23
 WARN 08-28 19:14:11,815 ExecutorChannelManagerMap:95 [pool-16-thread-1] - Cannot connnect VM-120<->VM-22
 WARN 08-28 19:14:11,815 ExecutorChannelManagerMap:106 [pool-16-thread-1] - Executor Executor4 already registered
 WARN 08-28 19:14:11,815 ExecutorChannelManagerMap:95 [pool-16-thread-1] - Cannot connnect VM-120<->VM-21
 WARN 08-28 19:14:11,815 ExecutorChannelManagerMap:106 [pool-16-thread-1] - Executor Executor3 already registered
 WARN 08-28 19:14:11,815 ExecutorChannelManagerMap:95 [pool-16-thread-1] - Cannot connnect VM-120<->VM-20
 WARN 08-28 19:14:11,815 ExecutorChannelManagerMap:95 [pool-16-thread-1] - Cannot connnect VM-120<->VM-39
 WARN 08-28 19:14:11,815 ExecutorChannelManagerMap:95 [pool-16-thread-1] - Cannot connnect VM-120<->VM-38
 WARN 08-28 19:14:11,815 ExecutorChannelManagerMap:95 [pool-16-thread-1] - Cannot connnect VM-120<->VM-37
 WARN 08-28 19:14:11,815 ExecutorChannelManagerMap:95 [pool-16-thread-1] - Cannot connnect VM-120<->VM-36
 WARN 08-28 19:14:11,815 ExecutorChannelManagerMap:95 [pool-16-thread-1] - Cannot connnect VM-120<->VM-35
 WARN 08-28 19:14:11,815 ExecutorChannelManagerMap:95 [pool-16-thread-1] - Cannot connnect VM-120<->VM-34
 WARN 08-28 19:14:11,816 ExecutorChannelManagerMap:95 [pool-16-thread-1] - Cannot connnect VM-120<->VM-33
 WARN 08-28 19:14:11,816 ExecutorChannelManagerMap:95 [pool-16-thread-1] - Cannot connnect VM-120<->VM-32
 WARN 08-28 19:14:11,816 ExecutorChannelManagerMap:95 [pool-16-thread-1] - Cannot connnect VM-120<->VM-31
 WARN 08-28 19:14:11,820 ExecutorChannelManagerMap:95 [pool-16-thread-1] - Cannot connnect VM-120<->VM-30
 WARN 08-28 19:14:11,820 ExecutorChannelManagerMap:106 [pool-16-thread-1] - Executor Executor2 already registered
 WARN 08-28 19:14:11,820 ExecutorChannelManagerMap:106 [pool-16-thread-1] - Executor Executor1 already registered
 WARN 08-28 19:14:11,820 ExecutorChannelManagerMap:106 [pool-16-thread-1] - Executor Executor0 already registered
 WARN 08-28 19:14:11,820 ExecutorChannelManagerMap:95 [pool-16-thread-3] - Cannot connnect VM-120<->VM-89
 WARN 08-28 19:14:11,820 ExecutorChannelManagerMap:95 [pool-16-thread-3] - Cannot connnect VM-120<->VM-122
 WARN 08-28 19:14:11,820 ExecutorChannelManagerMap:95 [pool-16-thread-3] - Cannot connnect VM-120<->VM-88
 WARN 08-28 19:14:11,820 ExecutorChannelManagerMap:95 [pool-16-thread-3] - Cannot connnect VM-120<->VM-121
 WARN 08-28 19:14:11,821 ExecutorChannelManagerMap:95 [pool-16-thread-3] - Cannot connnect VM-120<->VM-87
 WARN 08-28 19:14:11,821 ExecutorChannelManagerMap:95 [pool-16-thread-3] - Cannot connnect VM-120<->VM-86
 WARN 08-28 19:14:11,821 ExecutorChannelManagerMap:95 [pool-16-thread-3] - Cannot connnect VM-120<->VM-85
 WARN 08-28 19:14:11,821 ExecutorChannelManagerMap:95 [pool-16-thread-3] - Cannot connnect VM-120<->VM-84
 WARN 08-28 19:14:11,821 ExecutorChannelManagerMap:95 [pool-16-thread-3] - Cannot connnect VM-120<->VM-83
 WARN 08-28 19:14:11,821 ExecutorChannelManagerMap:95 [pool-16-thread-3] - Cannot connnect VM-120<->VM-124
 WARN 08-28 19:14:11,821 ExecutorChannelManagerMap:95 [pool-16-thread-3] - Cannot connnect VM-120<->VM-82
 WARN 08-28 19:14:11,821 ExecutorChannelManagerMap:95 [pool-16-thread-3] - Cannot connnect VM-120<->VM-123
 WARN 08-28 19:14:11,821 ExecutorChannelManagerMap:95 [pool-16-thread-3] - Cannot connnect VM-120<->VM-81
 WARN 08-28 19:14:11,821 ExecutorChannelManagerMap:95 [pool-16-thread-3] - Cannot connnect VM-120<->VM-119
 WARN 08-28 19:14:11,821 ExecutorChannelManagerMap:95 [pool-16-thread-3] - Cannot connnect VM-120<->VM-80
 WARN 08-28 19:14:11,821 ExecutorChannelManagerMap:95 [pool-16-thread-3] - Cannot connnect VM-120<->VM-118
 WARN 08-28 19:14:11,821 ExecutorChannelManagerMap:95 [pool-16-thread-3] - Cannot connnect VM-120<->VM-117
 WARN 08-28 19:14:11,821 ExecutorChannelManagerMap:95 [pool-16-thread-3] - Cannot connnect VM-120<->VM-116
 WARN 08-28 19:14:11,821 ExecutorChannelManagerMap:95 [pool-16-thread-3] - Cannot connnect VM-120<->VM-19
 WARN 08-28 19:14:11,822 ExecutorChannelManagerMap:95 [pool-16-thread-3] - Cannot connnect VM-120<->VM-18
 WARN 08-28 19:14:11,822 ExecutorChannelManagerMap:95 [pool-16-thread-3] - Cannot connnect VM-120<->VM-17
 WARN 08-28 19:14:11,822 ExecutorChannelManagerMap:95 [pool-16-thread-3] - Cannot connnect VM-120<->VM-16
 WARN 08-28 19:14:11,822 ExecutorChannelManagerMap:95 [pool-16-thread-3] - Cannot connnect VM-120<->VM-15
 WARN 08-28 19:14:11,822 ExecutorChannelManagerMap:95 [pool-16-thread-3] - Cannot connnect VM-120<->VM-14
 WARN 08-28 19:14:11,822 ExecutorChannelManagerMap:95 [pool-16-thread-3] - Cannot connnect VM-120<->VM-13
 WARN 08-28 19:14:11,822 ExecutorChannelManagerMap:95 [pool-16-thread-3] - Cannot connnect VM-120<->VM-12
 WARN 08-28 19:14:11,822 ExecutorChannelManagerMap:95 [pool-16-thread-3] - Cannot connnect VM-120<->VM-11
 WARN 08-28 19:14:11,822 ExecutorChannelManagerMap:95 [pool-16-thread-3] - Cannot connnect VM-120<->VM-10
 WARN 08-28 19:14:11,822 ExecutorChannelManagerMap:95 [pool-16-thread-3] - Cannot connnect VM-120<->VM-90
 WARN 08-28 19:14:11,822 ExecutorChannelManagerMap:95 [pool-16-thread-3] - Cannot connnect VM-120<->VM-69
 WARN 08-28 19:14:11,822 ExecutorChannelManagerMap:95 [pool-16-thread-3] - Cannot connnect VM-120<->VM-68
 WARN 08-28 19:14:11,822 ExecutorChannelManagerMap:95 [pool-16-thread-3] - Cannot connnect VM-120<->VM-67
 WARN 08-28 19:14:11,823 ExecutorChannelManagerMap:95 [pool-16-thread-3] - Cannot connnect VM-120<->VM-66
 WARN 08-28 19:14:11,823 ExecutorChannelManagerMap:95 [pool-16-thread-3] - Cannot connnect VM-120<->VM-65
 WARN 08-28 19:14:11,823 ExecutorChannelManagerMap:95 [pool-16-thread-3] - Cannot connnect VM-120<->VM-64
 WARN 08-28 19:14:11,823 ExecutorChannelManagerMap:95 [pool-16-thread-3] - Cannot connnect VM-120<->VM-63
 WARN 08-28 19:14:11,823 ExecutorChannelManagerMap:95 [pool-16-thread-3] - Cannot connnect VM-120<->VM-62
 WARN 08-28 19:14:11,823 ExecutorChannelManagerMap:95 [pool-16-thread-3] - Cannot connnect VM-120<->VM-61
 WARN 08-28 19:14:11,823 ExecutorChannelManagerMap:95 [pool-16-thread-3] - Cannot connnect VM-120<->VM-60
 WARN 08-28 19:14:11,823 ExecutorChannelManagerMap:95 [pool-16-thread-3] - Cannot connnect VM-120<->VM-79
 WARN 08-28 19:14:11,823 ExecutorChannelManagerMap:95 [pool-16-thread-3] - Cannot connnect VM-120<->VM-78
 WARN 08-28 19:14:11,823 ExecutorChannelManagerMap:95 [pool-16-thread-3] - Cannot connnect VM-120<->VM-77
 WARN 08-28 19:14:11,823 ExecutorChannelManagerMap:95 [pool-16-thread-3] - Cannot connnect VM-120<->VM-76
 WARN 08-28 19:14:11,823 ExecutorChannelManagerMap:95 [pool-16-thread-3] - Cannot connnect VM-120<->VM-75
 WARN 08-28 19:14:11,823 ExecutorChannelManagerMap:95 [pool-16-thread-3] - Cannot connnect VM-120<->VM-74
 WARN 08-28 19:14:11,823 ExecutorChannelManagerMap:95 [pool-16-thread-3] - Cannot connnect VM-120<->VM-73
 WARN 08-28 19:14:11,824 ExecutorChannelManagerMap:95 [pool-16-thread-3] - Cannot connnect VM-120<->VM-72
 WARN 08-28 19:14:11,824 ExecutorChannelManagerMap:95 [pool-16-thread-3] - Cannot connnect VM-120<->VM-71
 WARN 08-28 19:14:11,824 ExecutorChannelManagerMap:95 [pool-16-thread-3] - Cannot connnect VM-120<->VM-70
 WARN 08-28 19:14:11,824 ExecutorChannelManagerMap:95 [pool-16-thread-3] - Cannot connnect VM-120<->VM-49
 WARN 08-28 19:14:11,824 ExecutorChannelManagerMap:95 [pool-16-thread-3] - Cannot connnect VM-120<->VM-48
 WARN 08-28 19:14:11,824 ExecutorChannelManagerMap:95 [pool-16-thread-3] - Cannot connnect VM-120<->VM-47
 WARN 08-28 19:14:11,824 ExecutorChannelManagerMap:95 [pool-16-thread-3] - Cannot connnect VM-120<->VM-46
 WARN 08-28 19:14:11,824 ExecutorChannelManagerMap:95 [pool-16-thread-3] - Cannot connnect VM-120<->VM-45
 WARN 08-28 19:14:11,824 ExecutorChannelManagerMap:95 [pool-16-thread-3] - Cannot connnect VM-120<->VM-6
 WARN 08-28 19:14:11,824 ExecutorChannelManagerMap:95 [pool-16-thread-3] - Cannot connnect VM-120<->VM-44
 WARN 08-28 19:14:11,824 ExecutorChannelManagerMap:95 [pool-16-thread-3] - Cannot connnect VM-120<->VM-7
 WARN 08-28 19:14:11,824 ExecutorChannelManagerMap:95 [pool-16-thread-3] - Cannot connnect VM-120<->VM-43
 WARN 08-28 19:14:11,824 ExecutorChannelManagerMap:95 [pool-16-thread-3] - Cannot connnect VM-120<->VM-8
 WARN 08-28 19:14:11,824 ExecutorChannelManagerMap:95 [pool-16-thread-3] - Cannot connnect VM-120<->VM-42
 WARN 08-28 19:14:11,825 ExecutorChannelManagerMap:95 [pool-16-thread-3] - Cannot connnect VM-120<->VM-9
 WARN 08-28 19:14:11,825 ExecutorChannelManagerMap:95 [pool-16-thread-3] - Cannot connnect VM-120<->VM-41
 WARN 08-28 19:14:11,825 ExecutorChannelManagerMap:95 [pool-16-thread-3] - Cannot connnect VM-120<->VM-40
 WARN 08-28 19:14:11,825 ExecutorChannelManagerMap:95 [pool-16-thread-3] - Cannot connnect VM-120<->VM-59
 WARN 08-28 19:14:11,825 ExecutorChannelManagerMap:95 [pool-16-thread-3] - Cannot connnect VM-120<->VM-58
 WARN 08-28 19:14:11,825 ExecutorChannelManagerMap:95 [pool-16-thread-3] - Cannot connnect VM-120<->VM-57
 WARN 08-28 19:14:11,825 ExecutorChannelManagerMap:95 [pool-16-thread-3] - Cannot connnect VM-120<->VM-56
 WARN 08-28 19:14:11,825 ExecutorChannelManagerMap:95 [pool-16-thread-3] - Cannot connnect VM-120<->VM-55
 WARN 08-28 19:14:11,825 ExecutorChannelManagerMap:95 [pool-16-thread-3] - Cannot connnect VM-120<->VM-54
 WARN 08-28 19:14:11,825 ExecutorChannelManagerMap:95 [pool-16-thread-3] - Cannot connnect VM-120<->VM-53
 WARN 08-28 19:14:11,825 ExecutorChannelManagerMap:95 [pool-16-thread-3] - Cannot connnect VM-120<->VM-52
 WARN 08-28 19:14:11,825 ExecutorChannelManagerMap:95 [pool-16-thread-3] - Cannot connnect VM-120<->VM-51
 WARN 08-28 19:14:11,825 ExecutorChannelManagerMap:95 [pool-16-thread-3] - Cannot connnect VM-120<->VM-50
 WARN 08-28 19:14:11,825 ExecutorChannelManagerMap:95 [pool-16-thread-3] - Cannot connnect VM-120<->VM-1
 WARN 08-28 19:14:11,825 ExecutorChannelManagerMap:95 [pool-16-thread-3] - Cannot connnect VM-120<->VM-2
 WARN 08-28 19:14:11,825 ExecutorChannelManagerMap:95 [pool-16-thread-3] - Cannot connnect VM-120<->VM-3
 WARN 08-28 19:14:11,826 ExecutorChannelManagerMap:95 [pool-16-thread-3] - Cannot connnect VM-120<->VM-5
 WARN 08-28 19:14:11,826 ExecutorChannelManagerMap:95 [pool-16-thread-3] - Cannot connnect VM-120<->VM-29
 WARN 08-28 19:14:11,826 ExecutorChannelManagerMap:95 [pool-16-thread-3] - Cannot connnect VM-120<->VM-28
 WARN 08-28 19:14:11,826 ExecutorChannelManagerMap:95 [pool-16-thread-3] - Cannot connnect VM-120<->VM-27
 WARN 08-28 19:14:11,826 ExecutorChannelManagerMap:95 [pool-16-thread-3] - Cannot connnect VM-120<->VM-26
 WARN 08-28 19:14:11,826 ExecutorChannelManagerMap:95 [pool-16-thread-3] - Cannot connnect VM-120<->VM-25
 WARN 08-28 19:14:11,826 ExecutorChannelManagerMap:95 [pool-16-thread-3] - Cannot connnect VM-120<->VM-24
 WARN 08-28 19:14:11,826 ExecutorChannelManagerMap:95 [pool-16-thread-3] - Cannot connnect VM-120<->VM-23
 WARN 08-28 19:14:11,826 ExecutorChannelManagerMap:95 [pool-16-thread-3] - Cannot connnect VM-120<->VM-22
 WARN 08-28 19:14:11,826 ExecutorChannelManagerMap:106 [pool-16-thread-3] - Executor Executor4 already registered
 WARN 08-28 19:14:11,826 ExecutorChannelManagerMap:95 [pool-16-thread-3] - Cannot connnect VM-120<->VM-21
 WARN 08-28 19:14:11,826 ExecutorChannelManagerMap:106 [pool-16-thread-3] - Executor Executor3 already registered
 WARN 08-28 19:14:11,826 ExecutorChannelManagerMap:95 [pool-16-thread-3] - Cannot connnect VM-120<->VM-20
 WARN 08-28 19:14:11,826 ExecutorChannelManagerMap:95 [pool-16-thread-3] - Cannot connnect VM-120<->VM-39
 WARN 08-28 19:14:11,826 ExecutorChannelManagerMap:95 [pool-16-thread-3] - Cannot connnect VM-120<->VM-38
 WARN 08-28 19:14:11,827 ExecutorChannelManagerMap:95 [pool-16-thread-3] - Cannot connnect VM-120<->VM-37
 WARN 08-28 19:14:11,827 ExecutorChannelManagerMap:95 [pool-16-thread-3] - Cannot connnect VM-120<->VM-36
 WARN 08-28 19:14:11,827 ExecutorChannelManagerMap:95 [pool-16-thread-3] - Cannot connnect VM-120<->VM-35
 WARN 08-28 19:14:11,827 ExecutorChannelManagerMap:95 [pool-16-thread-3] - Cannot connnect VM-120<->VM-34
 WARN 08-28 19:14:11,827 ExecutorChannelManagerMap:95 [pool-16-thread-3] - Cannot connnect VM-120<->VM-111
 WARN 08-28 19:14:11,827 ExecutorChannelManagerMap:95 [pool-16-thread-3] - Cannot connnect VM-120<->VM-33
 WARN 08-28 19:14:11,827 ExecutorChannelManagerMap:95 [pool-16-thread-3] - Cannot connnect VM-120<->VM-110
 WARN 08-28 19:14:11,827 ExecutorChannelManagerMap:95 [pool-16-thread-3] - Cannot connnect VM-120<->VM-32
 WARN 08-28 19:14:11,827 ExecutorChannelManagerMap:95 [pool-16-thread-3] - Cannot connnect VM-120<->VM-31
 WARN 08-28 19:14:11,827 ExecutorChannelManagerMap:95 [pool-16-thread-3] - Cannot connnect VM-120<->VM-30
 WARN 08-28 19:14:11,827 ExecutorChannelManagerMap:95 [pool-16-thread-3] - Cannot connnect VM-120<->VM-115
 WARN 08-28 19:14:11,827 ExecutorChannelManagerMap:95 [pool-16-thread-3] - Cannot connnect VM-120<->VM-114
 WARN 08-28 19:14:11,827 ExecutorChannelManagerMap:95 [pool-16-thread-3] - Cannot connnect VM-120<->VM-113
 WARN 08-28 19:14:11,827 ExecutorChannelManagerMap:95 [pool-16-thread-3] - Cannot connnect VM-120<->VM-112
 WARN 08-28 19:14:11,827 ExecutorChannelManagerMap:95 [pool-16-thread-3] - Cannot connnect VM-120<->VM-108
 WARN 08-28 19:14:11,827 ExecutorChannelManagerMap:95 [pool-16-thread-3] - Cannot connnect VM-120<->VM-107
 WARN 08-28 19:14:11,828 ExecutorChannelManagerMap:95 [pool-16-thread-3] - Cannot connnect VM-120<->VM-106
 WARN 08-28 19:14:11,828 ExecutorChannelManagerMap:106 [pool-16-thread-3] - Executor Executor2 already registered
 WARN 08-28 19:14:11,828 ExecutorChannelManagerMap:106 [pool-16-thread-3] - Executor Executor1 already registered
 WARN 08-28 19:14:11,828 ExecutorChannelManagerMap:106 [pool-16-thread-3] - Executor Executor0 already registered
 WARN 08-28 19:14:11,828 ExecutorChannelManagerMap:95 [pool-16-thread-3] - Cannot connnect VM-120<->VM-109
 INFO 08-28 19:14:11,837 Executor$ExecutorMessageReceiver:1433 [pool-16-thread-1] - Executor registered message received VM-89,VM-122,VM-88,VM-121,VM-87,VM-86,VM-85,VM-84,VM-83,VM-124,VM-82,VM-123,VM-81,VM-119,VM-80,VM-118,VM-117,VM-116,VM-19,VM-18,VM-17,VM-16,VM-15,VM-14,VM-13,VM-12,VM-11,VM-10,VM-90,VM-69,VM-68,VM-67,VM-66,VM-65,VM-64,VM-63,VM-62,VM-61,VM-60,VM-79,VM-78,VM-77,VM-76,VM-75,VM-74,VM-73,VM-72,VM-71,VM-70,VM-49,VM-48,VM-47,VM-46,VM-45,VM-6,VM-44,VM-7,VM-43,VM-8,VM-42,VM-9,VM-41,VM-40,VM-59,VM-58,VM-57,VM-56,VM-55,VM-54,VM-53,VM-52,VM-51,VM-50,VM-1,VM-2,VM-3,VM-5,VM-29,VM-28,VM-27,VM-26,VM-25,VM-24,VM-23,VM-22,Executor4,VM-21,Executor3,VM-20,VM-104,VM-103,VM-39,VM-38,VM-37,VM-36,VM-35,VM-34,VM-111,VM-33,VM-110,VM-32,VM-31,VM-30,VM-115,VM-114,VM-113,VM-112,VM-108,VM-107,VM-106,VM-105,Executor2,Executor1,Executor0,VM-109
 WARN 08-28 19:14:11,837 ExecutorChannelManagerMap:95 [pool-16-thread-1] - Cannot connnect VM-120<->VM-89
 WARN 08-28 19:14:11,837 ExecutorChannelManagerMap:95 [pool-16-thread-1] - Cannot connnect VM-120<->VM-122
 WARN 08-28 19:14:11,837 ExecutorChannelManagerMap:95 [pool-16-thread-1] - Cannot connnect VM-120<->VM-88
 WARN 08-28 19:14:11,838 ExecutorChannelManagerMap:95 [pool-16-thread-1] - Cannot connnect VM-120<->VM-121
 WARN 08-28 19:14:11,838 ExecutorChannelManagerMap:95 [pool-16-thread-1] - Cannot connnect VM-120<->VM-87
 WARN 08-28 19:14:11,838 ExecutorChannelManagerMap:95 [pool-16-thread-1] - Cannot connnect VM-120<->VM-86
 WARN 08-28 19:14:11,887 ExecutorChannelManagerMap:95 [pool-16-thread-1] - Cannot connnect VM-120<->VM-85
 WARN 08-28 19:14:11,887 ExecutorChannelManagerMap:95 [pool-16-thread-1] - Cannot connnect VM-120<->VM-84
 WARN 08-28 19:14:11,887 ExecutorChannelManagerMap:95 [pool-16-thread-1] - Cannot connnect VM-120<->VM-83
 WARN 08-28 19:14:11,887 ExecutorChannelManagerMap:95 [pool-16-thread-1] - Cannot connnect VM-120<->VM-124
 WARN 08-28 19:14:11,887 ExecutorChannelManagerMap:95 [pool-16-thread-1] - Cannot connnect VM-120<->VM-82
 WARN 08-28 19:14:11,887 ExecutorChannelManagerMap:95 [pool-16-thread-1] - Cannot connnect VM-120<->VM-123
 WARN 08-28 19:14:11,888 ExecutorChannelManagerMap:95 [pool-16-thread-1] - Cannot connnect VM-120<->VM-81
 WARN 08-28 19:14:11,888 ExecutorChannelManagerMap:95 [pool-16-thread-1] - Cannot connnect VM-120<->VM-119
 WARN 08-28 19:14:11,888 ExecutorChannelManagerMap:95 [pool-16-thread-1] - Cannot connnect VM-120<->VM-80
 WARN 08-28 19:14:11,888 ExecutorChannelManagerMap:95 [pool-16-thread-1] - Cannot connnect VM-120<->VM-118
 WARN 08-28 19:14:11,888 ExecutorChannelManagerMap:95 [pool-16-thread-1] - Cannot connnect VM-120<->VM-117
 WARN 08-28 19:14:11,888 ExecutorChannelManagerMap:95 [pool-16-thread-1] - Cannot connnect VM-120<->VM-116
 WARN 08-28 19:14:11,888 ExecutorChannelManagerMap:95 [pool-16-thread-1] - Cannot connnect VM-120<->VM-19
 WARN 08-28 19:14:11,888 ExecutorChannelManagerMap:95 [pool-16-thread-1] - Cannot connnect VM-120<->VM-18
 WARN 08-28 19:14:11,888 ExecutorChannelManagerMap:95 [pool-16-thread-1] - Cannot connnect VM-120<->VM-17
 WARN 08-28 19:14:11,888 ExecutorChannelManagerMap:95 [pool-16-thread-1] - Cannot connnect VM-120<->VM-16
 WARN 08-28 19:14:11,888 ExecutorChannelManagerMap:95 [pool-16-thread-1] - Cannot connnect VM-120<->VM-15
 WARN 08-28 19:14:11,888 ExecutorChannelManagerMap:95 [pool-16-thread-1] - Cannot connnect VM-120<->VM-14
 WARN 08-28 19:14:11,888 ExecutorChannelManagerMap:95 [pool-16-thread-1] - Cannot connnect VM-120<->VM-13
 WARN 08-28 19:14:11,888 ExecutorChannelManagerMap:95 [pool-16-thread-1] - Cannot connnect VM-120<->VM-12
 WARN 08-28 19:14:11,888 ExecutorChannelManagerMap:95 [pool-16-thread-1] - Cannot connnect VM-120<->VM-11
 WARN 08-28 19:14:11,888 ExecutorChannelManagerMap:95 [pool-16-thread-1] - Cannot connnect VM-120<->VM-10
 WARN 08-28 19:14:11,888 ExecutorChannelManagerMap:95 [pool-16-thread-1] - Cannot connnect VM-120<->VM-90
 WARN 08-28 19:14:11,888 ExecutorChannelManagerMap:95 [pool-16-thread-1] - Cannot connnect VM-120<->VM-69
 WARN 08-28 19:14:11,888 ExecutorChannelManagerMap:95 [pool-16-thread-1] - Cannot connnect VM-120<->VM-68
 WARN 08-28 19:14:11,888 ExecutorChannelManagerMap:95 [pool-16-thread-1] - Cannot connnect VM-120<->VM-67
 WARN 08-28 19:14:11,889 ExecutorChannelManagerMap:95 [pool-16-thread-1] - Cannot connnect VM-120<->VM-66
 WARN 08-28 19:14:11,889 ExecutorChannelManagerMap:95 [pool-16-thread-1] - Cannot connnect VM-120<->VM-65
 WARN 08-28 19:14:11,889 ExecutorChannelManagerMap:95 [pool-16-thread-1] - Cannot connnect VM-120<->VM-64
 WARN 08-28 19:14:11,889 ExecutorChannelManagerMap:95 [pool-16-thread-1] - Cannot connnect VM-120<->VM-63
 WARN 08-28 19:14:11,889 ExecutorChannelManagerMap:95 [pool-16-thread-1] - Cannot connnect VM-120<->VM-62
 WARN 08-28 19:14:11,889 ExecutorChannelManagerMap:95 [pool-16-thread-1] - Cannot connnect VM-120<->VM-61
 WARN 08-28 19:14:11,889 ExecutorChannelManagerMap:95 [pool-16-thread-1] - Cannot connnect VM-120<->VM-60
 WARN 08-28 19:14:11,889 ExecutorChannelManagerMap:95 [pool-16-thread-1] - Cannot connnect VM-120<->VM-79
 WARN 08-28 19:14:11,889 ExecutorChannelManagerMap:95 [pool-16-thread-1] - Cannot connnect VM-120<->VM-78
 WARN 08-28 19:14:11,889 ExecutorChannelManagerMap:95 [pool-16-thread-1] - Cannot connnect VM-120<->VM-77
 WARN 08-28 19:14:11,889 ExecutorChannelManagerMap:95 [pool-16-thread-1] - Cannot connnect VM-120<->VM-76
 WARN 08-28 19:14:11,889 ExecutorChannelManagerMap:95 [pool-16-thread-1] - Cannot connnect VM-120<->VM-75
 WARN 08-28 19:14:11,889 ExecutorChannelManagerMap:95 [pool-16-thread-1] - Cannot connnect VM-120<->VM-74
 WARN 08-28 19:14:11,889 ExecutorChannelManagerMap:95 [pool-16-thread-1] - Cannot connnect VM-120<->VM-73
 WARN 08-28 19:14:11,889 ExecutorChannelManagerMap:95 [pool-16-thread-1] - Cannot connnect VM-120<->VM-72
 WARN 08-28 19:14:11,889 ExecutorChannelManagerMap:95 [pool-16-thread-1] - Cannot connnect VM-120<->VM-71
 WARN 08-28 19:14:11,890 ExecutorChannelManagerMap:95 [pool-16-thread-1] - Cannot connnect VM-120<->VM-70
 WARN 08-28 19:14:11,890 ExecutorChannelManagerMap:95 [pool-16-thread-1] - Cannot connnect VM-120<->VM-49
 WARN 08-28 19:14:11,890 ExecutorChannelManagerMap:95 [pool-16-thread-1] - Cannot connnect VM-120<->VM-48
 WARN 08-28 19:14:11,890 ExecutorChannelManagerMap:95 [pool-16-thread-1] - Cannot connnect VM-120<->VM-47
 WARN 08-28 19:14:11,890 ExecutorChannelManagerMap:95 [pool-16-thread-1] - Cannot connnect VM-120<->VM-46
 WARN 08-28 19:14:11,890 ExecutorChannelManagerMap:95 [pool-16-thread-1] - Cannot connnect VM-120<->VM-45
 WARN 08-28 19:14:11,890 ExecutorChannelManagerMap:95 [pool-16-thread-1] - Cannot connnect VM-120<->VM-6
 WARN 08-28 19:14:11,890 ExecutorChannelManagerMap:95 [pool-16-thread-1] - Cannot connnect VM-120<->VM-44
 WARN 08-28 19:14:11,890 ExecutorChannelManagerMap:95 [pool-16-thread-1] - Cannot connnect VM-120<->VM-7
 WARN 08-28 19:14:11,890 ExecutorChannelManagerMap:95 [pool-16-thread-1] - Cannot connnect VM-120<->VM-43
 WARN 08-28 19:14:11,890 ExecutorChannelManagerMap:95 [pool-16-thread-1] - Cannot connnect VM-120<->VM-8
 WARN 08-28 19:14:11,890 ExecutorChannelManagerMap:95 [pool-16-thread-1] - Cannot connnect VM-120<->VM-42
 WARN 08-28 19:14:11,890 ExecutorChannelManagerMap:95 [pool-16-thread-1] - Cannot connnect VM-120<->VM-9
 WARN 08-28 19:14:11,890 ExecutorChannelManagerMap:95 [pool-16-thread-1] - Cannot connnect VM-120<->VM-41
 WARN 08-28 19:14:11,890 ExecutorChannelManagerMap:95 [pool-16-thread-1] - Cannot connnect VM-120<->VM-40
 WARN 08-28 19:14:11,890 ExecutorChannelManagerMap:95 [pool-16-thread-1] - Cannot connnect VM-120<->VM-59
 WARN 08-28 19:14:11,890 ExecutorChannelManagerMap:95 [pool-16-thread-1] - Cannot connnect VM-120<->VM-58
 WARN 08-28 19:14:11,890 ExecutorChannelManagerMap:95 [pool-16-thread-1] - Cannot connnect VM-120<->VM-57
 WARN 08-28 19:14:11,891 ExecutorChannelManagerMap:95 [pool-16-thread-1] - Cannot connnect VM-120<->VM-56
 WARN 08-28 19:14:11,891 ExecutorChannelManagerMap:95 [pool-16-thread-1] - Cannot connnect VM-120<->VM-55
 WARN 08-28 19:14:11,891 ExecutorChannelManagerMap:95 [pool-16-thread-1] - Cannot connnect VM-120<->VM-54
 WARN 08-28 19:14:11,891 ExecutorChannelManagerMap:95 [pool-16-thread-1] - Cannot connnect VM-120<->VM-53
 WARN 08-28 19:14:11,891 ExecutorChannelManagerMap:95 [pool-16-thread-1] - Cannot connnect VM-120<->VM-52
 WARN 08-28 19:14:11,891 ExecutorChannelManagerMap:95 [pool-16-thread-1] - Cannot connnect VM-120<->VM-51
 WARN 08-28 19:14:11,891 ExecutorChannelManagerMap:95 [pool-16-thread-1] - Cannot connnect VM-120<->VM-50
 WARN 08-28 19:14:11,891 ExecutorChannelManagerMap:95 [pool-16-thread-1] - Cannot connnect VM-120<->VM-1
 WARN 08-28 19:14:11,891 ExecutorChannelManagerMap:95 [pool-16-thread-1] - Cannot connnect VM-120<->VM-2
 WARN 08-28 19:14:11,891 ExecutorChannelManagerMap:95 [pool-16-thread-1] - Cannot connnect VM-120<->VM-3
 WARN 08-28 19:14:11,891 ExecutorChannelManagerMap:95 [pool-16-thread-1] - Cannot connnect VM-120<->VM-5
 WARN 08-28 19:14:11,891 ExecutorChannelManagerMap:95 [pool-16-thread-1] - Cannot connnect VM-120<->VM-29
 WARN 08-28 19:14:11,891 ExecutorChannelManagerMap:95 [pool-16-thread-1] - Cannot connnect VM-120<->VM-28
 WARN 08-28 19:14:11,891 ExecutorChannelManagerMap:95 [pool-16-thread-1] - Cannot connnect VM-120<->VM-27
 WARN 08-28 19:14:11,891 ExecutorChannelManagerMap:95 [pool-16-thread-1] - Cannot connnect VM-120<->VM-26
 WARN 08-28 19:14:11,891 ExecutorChannelManagerMap:95 [pool-16-thread-1] - Cannot connnect VM-120<->VM-25
 WARN 08-28 19:14:11,891 ExecutorChannelManagerMap:95 [pool-16-thread-1] - Cannot connnect VM-120<->VM-24
 WARN 08-28 19:14:11,891 ExecutorChannelManagerMap:95 [pool-16-thread-1] - Cannot connnect VM-120<->VM-23
 WARN 08-28 19:14:11,891 ExecutorChannelManagerMap:95 [pool-16-thread-1] - Cannot connnect VM-120<->VM-22
 WARN 08-28 19:14:11,892 ExecutorChannelManagerMap:106 [pool-16-thread-1] - Executor Executor4 already registered
 WARN 08-28 19:14:11,892 ExecutorChannelManagerMap:95 [pool-16-thread-1] - Cannot connnect VM-120<->VM-21
 WARN 08-28 19:14:11,892 ExecutorChannelManagerMap:106 [pool-16-thread-1] - Executor Executor3 already registered
 WARN 08-28 19:14:11,892 ExecutorChannelManagerMap:95 [pool-16-thread-1] - Cannot connnect VM-120<->VM-20
 WARN 08-28 19:14:11,892 ExecutorChannelManagerMap:95 [pool-16-thread-1] - Cannot connnect VM-120<->VM-104
 WARN 08-28 19:14:11,892 ExecutorChannelManagerMap:95 [pool-16-thread-1] - Cannot connnect VM-120<->VM-103
 WARN 08-28 19:14:11,892 ExecutorChannelManagerMap:95 [pool-16-thread-1] - Cannot connnect VM-120<->VM-39
 WARN 08-28 19:14:11,892 ExecutorChannelManagerMap:95 [pool-16-thread-1] - Cannot connnect VM-120<->VM-38
 WARN 08-28 19:14:11,892 ExecutorChannelManagerMap:95 [pool-16-thread-1] - Cannot connnect VM-120<->VM-37
 WARN 08-28 19:14:11,892 ExecutorChannelManagerMap:95 [pool-16-thread-1] - Cannot connnect VM-120<->VM-36
 WARN 08-28 19:14:11,892 ExecutorChannelManagerMap:95 [pool-16-thread-1] - Cannot connnect VM-120<->VM-35
 WARN 08-28 19:14:11,892 ExecutorChannelManagerMap:95 [pool-16-thread-1] - Cannot connnect VM-120<->VM-34
 WARN 08-28 19:14:11,892 ExecutorChannelManagerMap:95 [pool-16-thread-1] - Cannot connnect VM-120<->VM-111
 WARN 08-28 19:14:11,892 ExecutorChannelManagerMap:95 [pool-16-thread-1] - Cannot connnect VM-120<->VM-33
 WARN 08-28 19:14:11,892 ExecutorChannelManagerMap:95 [pool-16-thread-1] - Cannot connnect VM-120<->VM-110
 WARN 08-28 19:14:11,892 ExecutorChannelManagerMap:95 [pool-16-thread-1] - Cannot connnect VM-120<->VM-32
 WARN 08-28 19:14:11,892 ExecutorChannelManagerMap:95 [pool-16-thread-1] - Cannot connnect VM-120<->VM-31
 WARN 08-28 19:14:11,893 ExecutorChannelManagerMap:95 [pool-16-thread-1] - Cannot connnect VM-120<->VM-30
 WARN 08-28 19:14:11,893 ExecutorChannelManagerMap:95 [pool-16-thread-1] - Cannot connnect VM-120<->VM-115
 WARN 08-28 19:14:11,893 ExecutorChannelManagerMap:95 [pool-16-thread-1] - Cannot connnect VM-120<->VM-114
 INFO 08-28 19:14:11,887 Executor$ExecutorMessageReceiver:1433 [pool-16-thread-3] - Executor registered message received VM-89,VM-122,VM-88,VM-121,VM-87,VM-86,VM-85,VM-84,VM-83,VM-124,VM-82,VM-123,VM-81,VM-119,VM-80,VM-118,VM-117,VM-116,VM-19,VM-18,VM-17,VM-16,VM-15,VM-14,VM-13,VM-12,VM-11,VM-10,VM-90,VM-69,VM-68,VM-67,VM-66,VM-65,VM-64,VM-63,VM-62,VM-61,VM-60,VM-79,VM-78,VM-77,VM-76,VM-75,VM-74,VM-73,VM-72,VM-71,VM-70,VM-49,VM-48,VM-47,VM-46,VM-45,VM-6,VM-44,VM-7,VM-43,VM-8,VM-42,VM-9,VM-41,VM-40,VM-59,VM-58,VM-57,VM-56,VM-55,VM-54,VM-53,VM-52,VM-51,VM-50,VM-1,VM-2,VM-3,VM-5,VM-29,VM-28,VM-27,VM-26,VM-25,VM-24,VM-23,VM-22,Executor4,VM-21,Executor3,VM-20,VM-39,VM-38,VM-37,VM-36,VM-35,VM-34,VM-111,VM-33,VM-110,VM-32,VM-31,VM-30,VM-115,VM-114,VM-113,VM-112,Executor2,Executor1,Executor0,VM-109
 INFO 08-28 19:14:11,887 Executor$ExecutorMessageReceiver:1433 [pool-16-thread-5] - Executor registered message received VM-89,VM-122,VM-88,VM-121,VM-87,VM-86,VM-85,VM-84,VM-83,VM-124,VM-82,VM-123,VM-81,VM-119,VM-80,VM-118,VM-117,VM-116,VM-19,VM-18,VM-17,VM-16,VM-15,VM-14,VM-13,VM-12,VM-11,VM-10,VM-90,VM-69,VM-68,VM-67,VM-66,VM-65,VM-64,VM-63,VM-62,VM-61,VM-60,VM-79,VM-78,VM-77,VM-76,VM-75,VM-74,VM-73,VM-72,VM-71,VM-70,VM-49,VM-48,VM-47,VM-46,VM-45,VM-6,VM-44,VM-7,VM-43,VM-8,VM-42,VM-9,VM-41,VM-40,VM-59,VM-58,VM-57,VM-56,VM-55,VM-54,VM-53,VM-52,VM-51,VM-50,VM-1,VM-2,VM-3,VM-4,VM-5,VM-29,VM-28,VM-27,VM-26,VM-25,VM-24,VM-23,VM-22,Executor4,VM-21,Executor3,VM-20,VM-104,VM-103,VM-102,VM-39,VM-38,VM-37,VM-36,VM-35,VM-34,VM-111,VM-33,VM-110,VM-32,VM-31,VM-30,VM-115,VM-114,VM-113,VM-112,VM-108,VM-107,VM-106,VM-105,Executor2,Executor1,Executor0,VM-109
 INFO 08-28 19:14:11,838 Executor$ExecutorMessageReceiver:1433 [pool-16-thread-2] - Executor registered message received VM-89,VM-122,VM-88,VM-121,VM-87,VM-86,VM-85,VM-84,VM-83,VM-124,VM-82,VM-123,VM-81,VM-119,VM-80,VM-118,VM-117,VM-116,VM-19,VM-18,VM-17,VM-16,VM-15,VM-14,VM-13,VM-12,VM-11,VM-10,VM-90,VM-69,VM-68,VM-67,VM-66,VM-65,VM-64,VM-63,VM-62,VM-61,VM-60,VM-79,VM-78,VM-77,VM-76,VM-75,VM-74,VM-73,VM-72,VM-71,VM-70,VM-49,VM-48,VM-47,VM-46,VM-45,VM-6,VM-44,VM-7,VM-43,VM-8,VM-42,VM-9,VM-41,VM-40,VM-59,VM-58,VM-57,VM-56,VM-55,VM-54,VM-53,VM-52,VM-51,VM-50,VM-1,VM-2,VM-3,VM-4,VM-5,VM-29,VM-28,VM-27,VM-26,VM-25,VM-24,VM-23,VM-22,Executor4,VM-21,Executor3,VM-20,VM-104,VM-103,VM-39,VM-38,VM-37,VM-36,VM-35,VM-34,VM-111,VM-33,VM-110,VM-32,VM-31,VM-30,VM-115,VM-114,VM-113,VM-112,VM-108,VM-107,VM-106,VM-105,Executor2,Executor1,Executor0,VM-109
 INFO 08-28 19:14:11,915 Executor$ExecutorMessageReceiver:1433 [pool-16-thread-7] - Executor registered message received VM-89,VM-122,VM-88,VM-121,VM-87,VM-86,VM-85,VM-84,VM-83,VM-124,VM-82,VM-123,VM-81,VM-119,VM-80,VM-118,VM-117,VM-116,VM-19,VM-18,VM-17,VM-16,VM-15,VM-14,VM-13,VM-12,VM-11,VM-99,VM-10,VM-98,VM-97,VM-96,VM-95,VM-94,VM-93,VM-92,VM-90,VM-69,VM-68,VM-67,VM-66,VM-65,VM-64,VM-63,VM-62,VM-61,VM-60,VM-79,VM-78,VM-77,VM-76,VM-75,VM-74,VM-73,VM-72,VM-71,VM-70,VM-49,VM-48,VM-47,VM-46,VM-45,VM-6,VM-44,VM-7,VM-43,VM-8,VM-42,VM-9,VM-41,VM-40,VM-59,VM-58,VM-57,VM-56,VM-55,VM-54,VM-53,VM-52,VM-51,VM-50,VM-1,VM-2,VM-3,VM-4,VM-5,VM-29,VM-28,VM-27,VM-26,VM-25,VM-24,VM-23,VM-100,VM-22,Executor4,VM-21,Executor3,VM-20,VM-104,VM-103,VM-102,VM-101,VM-39,VM-38,VM-37,VM-36,VM-35,VM-34,VM-111,VM-33,VM-110,VM-32,VM-31,VM-30,VM-115,VM-114,VM-113,VM-112,VM-108,VM-107,VM-106,VM-105,Executor2,Executor1,Executor0,VM-109
 INFO 08-28 19:14:11,914 Executor$ExecutorMessageReceiver:1433 [pool-16-thread-6] - Executor registered message received VM-89,VM-122,VM-88,VM-121,VM-87,VM-86,VM-85,VM-84,VM-83,VM-124,VM-82,VM-123,VM-81,VM-119,VM-80,VM-118,VM-117,VM-116,VM-19,VM-18,VM-17,VM-16,VM-15,VM-14,VM-13,VM-12,VM-11,VM-10,VM-90,VM-69,VM-68,VM-67,VM-66,VM-65,VM-64,VM-63,VM-62,VM-61,VM-60,VM-79,VM-78,VM-77,VM-76,VM-75,VM-74,VM-73,VM-72,VM-71,VM-70,VM-49,VM-48,VM-47,VM-46,VM-45,VM-6,VM-44,VM-7,VM-43,VM-8,VM-42,VM-9,VM-41,VM-40,VM-59,VM-58,VM-57,VM-56,VM-55,VM-54,VM-53,VM-52,VM-51,VM-50,VM-1,VM-2,VM-3,VM-5,VM-29,VM-28,VM-27,VM-26,VM-25,VM-24,VM-23,VM-22,Executor4,VM-21,Executor3,VM-20,VM-39,VM-38,VM-37,VM-36,VM-35,VM-34,VM-111,VM-33,VM-110,VM-32,VM-31,VM-30,VM-115,VM-114,VM-113,VM-112,Executor2,Executor1,Executor0
 INFO 08-28 19:14:11,913 Executor$ExecutorMessageReceiver:1433 [pool-16-thread-4] - Executor registered message received VM-89,VM-122,VM-88,VM-121,VM-87,VM-86,VM-85,VM-84,VM-83,VM-124,VM-82,VM-123,VM-81,VM-119,VM-80,VM-118,VM-117,VM-116,VM-19,VM-18,VM-17,VM-16,VM-15,VM-14,VM-13,VM-12,VM-11,VM-10,VM-90,VM-69,VM-68,VM-67,VM-66,VM-65,VM-64,VM-63,VM-62,VM-61,VM-60,VM-79,VM-78,VM-77,VM-76,VM-75,VM-74,VM-73,VM-72,VM-71,VM-70,VM-49,VM-48,VM-47,VM-46,VM-45,VM-6,VM-44,VM-7,VM-43,VM-8,VM-42,VM-9,VM-41,VM-40,VM-59,VM-58,VM-57,VM-56,VM-55,VM-54,VM-53,VM-52,VM-51,VM-50,VM-1,VM-2,VM-3,VM-5,VM-29,VM-28,VM-27,VM-26,VM-25,VM-24,VM-23,VM-22,Executor4,VM-21,Executor3,VM-20,VM-39,VM-38,VM-37,VM-36,VM-35,VM-34,VM-111,VM-33,VM-110,VM-32,VM-31,VM-30,VM-115,VM-114,VM-113,VM-112,VM-108,VM-107,Executor2,Executor1,Executor0,VM-109
 WARN 08-28 19:14:11,904 ExecutorChannelManagerMap:95 [pool-16-thread-1] - Cannot connnect VM-120<->VM-113
 WARN 08-28 19:14:11,921 ExecutorChannelManagerMap:95 [pool-16-thread-1] - Cannot connnect VM-120<->VM-112
 WARN 08-28 19:14:11,921 ExecutorChannelManagerMap:95 [pool-16-thread-1] - Cannot connnect VM-120<->VM-108
 WARN 08-28 19:14:11,921 ExecutorChannelManagerMap:95 [pool-16-thread-1] - Cannot connnect VM-120<->VM-107
 WARN 08-28 19:14:11,921 ExecutorChannelManagerMap:95 [pool-16-thread-1] - Cannot connnect VM-120<->VM-106
 WARN 08-28 19:14:11,921 ExecutorChannelManagerMap:95 [pool-16-thread-1] - Cannot connnect VM-120<->VM-105
 WARN 08-28 19:14:11,921 ExecutorChannelManagerMap:106 [pool-16-thread-1] - Executor Executor2 already registered
 WARN 08-28 19:14:11,921 ExecutorChannelManagerMap:106 [pool-16-thread-1] - Executor Executor1 already registered
 WARN 08-28 19:14:11,921 ExecutorChannelManagerMap:106 [pool-16-thread-1] - Executor Executor0 already registered
 WARN 08-28 19:14:11,921 ExecutorChannelManagerMap:95 [pool-16-thread-1] - Cannot connnect VM-120<->VM-109
 WARN 08-28 19:14:11,922 ExecutorChannelManagerMap:95 [pool-16-thread-4] - Cannot connnect VM-120<->VM-89
 WARN 08-28 19:14:11,922 ExecutorChannelManagerMap:95 [pool-16-thread-4] - Cannot connnect VM-120<->VM-122
 WARN 08-28 19:14:11,922 ExecutorChannelManagerMap:95 [pool-16-thread-4] - Cannot connnect VM-120<->VM-88
 WARN 08-28 19:14:11,922 ExecutorChannelManagerMap:95 [pool-16-thread-4] - Cannot connnect VM-120<->VM-121
 WARN 08-28 19:14:11,922 ExecutorChannelManagerMap:95 [pool-16-thread-4] - Cannot connnect VM-120<->VM-87
 WARN 08-28 19:14:11,922 ExecutorChannelManagerMap:95 [pool-16-thread-4] - Cannot connnect VM-120<->VM-86
 WARN 08-28 19:14:11,922 ExecutorChannelManagerMap:95 [pool-16-thread-4] - Cannot connnect VM-120<->VM-85
 WARN 08-28 19:14:11,922 ExecutorChannelManagerMap:95 [pool-16-thread-4] - Cannot connnect VM-120<->VM-84
 WARN 08-28 19:14:11,922 ExecutorChannelManagerMap:95 [pool-16-thread-4] - Cannot connnect VM-120<->VM-83
 WARN 08-28 19:14:11,922 ExecutorChannelManagerMap:95 [pool-16-thread-4] - Cannot connnect VM-120<->VM-124
 WARN 08-28 19:14:11,923 ExecutorChannelManagerMap:95 [pool-16-thread-4] - Cannot connnect VM-120<->VM-82
 WARN 08-28 19:14:11,923 ExecutorChannelManagerMap:95 [pool-16-thread-4] - Cannot connnect VM-120<->VM-123
 WARN 08-28 19:14:11,923 ExecutorChannelManagerMap:95 [pool-16-thread-4] - Cannot connnect VM-120<->VM-81
 WARN 08-28 19:14:11,923 ExecutorChannelManagerMap:95 [pool-16-thread-4] - Cannot connnect VM-120<->VM-119
 WARN 08-28 19:14:11,923 ExecutorChannelManagerMap:95 [pool-16-thread-4] - Cannot connnect VM-120<->VM-80
 WARN 08-28 19:14:11,923 ExecutorChannelManagerMap:95 [pool-16-thread-4] - Cannot connnect VM-120<->VM-118
 WARN 08-28 19:14:11,923 ExecutorChannelManagerMap:95 [pool-16-thread-4] - Cannot connnect VM-120<->VM-117
 WARN 08-28 19:14:11,923 ExecutorChannelManagerMap:95 [pool-16-thread-4] - Cannot connnect VM-120<->VM-116
 WARN 08-28 19:14:11,923 ExecutorChannelManagerMap:95 [pool-16-thread-4] - Cannot connnect VM-120<->VM-19
 WARN 08-28 19:14:11,923 ExecutorChannelManagerMap:95 [pool-16-thread-4] - Cannot connnect VM-120<->VM-18
 WARN 08-28 19:14:11,923 ExecutorChannelManagerMap:95 [pool-16-thread-4] - Cannot connnect VM-120<->VM-17
 WARN 08-28 19:14:11,923 ExecutorChannelManagerMap:95 [pool-16-thread-4] - Cannot connnect VM-120<->VM-16
 WARN 08-28 19:14:11,923 ExecutorChannelManagerMap:95 [pool-16-thread-4] - Cannot connnect VM-120<->VM-15
 WARN 08-28 19:14:11,923 ExecutorChannelManagerMap:95 [pool-16-thread-4] - Cannot connnect VM-120<->VM-14
 WARN 08-28 19:14:11,923 ExecutorChannelManagerMap:95 [pool-16-thread-4] - Cannot connnect VM-120<->VM-13
 WARN 08-28 19:14:11,923 ExecutorChannelManagerMap:95 [pool-16-thread-4] - Cannot connnect VM-120<->VM-12
 WARN 08-28 19:14:11,923 ExecutorChannelManagerMap:95 [pool-16-thread-4] - Cannot connnect VM-120<->VM-11
 WARN 08-28 19:14:11,923 ExecutorChannelManagerMap:95 [pool-16-thread-4] - Cannot connnect VM-120<->VM-10
 WARN 08-28 19:14:11,923 ExecutorChannelManagerMap:95 [pool-16-thread-4] - Cannot connnect VM-120<->VM-90
 WARN 08-28 19:14:11,923 ExecutorChannelManagerMap:95 [pool-16-thread-4] - Cannot connnect VM-120<->VM-69
 WARN 08-28 19:14:11,924 ExecutorChannelManagerMap:95 [pool-16-thread-4] - Cannot connnect VM-120<->VM-68
 WARN 08-28 19:14:11,924 ExecutorChannelManagerMap:95 [pool-16-thread-4] - Cannot connnect VM-120<->VM-67
 WARN 08-28 19:14:11,924 ExecutorChannelManagerMap:95 [pool-16-thread-4] - Cannot connnect VM-120<->VM-66
 WARN 08-28 19:14:11,924 ExecutorChannelManagerMap:95 [pool-16-thread-4] - Cannot connnect VM-120<->VM-65
 WARN 08-28 19:14:11,924 ExecutorChannelManagerMap:95 [pool-16-thread-4] - Cannot connnect VM-120<->VM-64
 WARN 08-28 19:14:11,924 ExecutorChannelManagerMap:95 [pool-16-thread-4] - Cannot connnect VM-120<->VM-63
 WARN 08-28 19:14:11,924 ExecutorChannelManagerMap:95 [pool-16-thread-4] - Cannot connnect VM-120<->VM-62
 WARN 08-28 19:14:11,924 ExecutorChannelManagerMap:95 [pool-16-thread-4] - Cannot connnect VM-120<->VM-61
 WARN 08-28 19:14:11,924 ExecutorChannelManagerMap:95 [pool-16-thread-4] - Cannot connnect VM-120<->VM-60
 WARN 08-28 19:14:11,924 ExecutorChannelManagerMap:95 [pool-16-thread-4] - Cannot connnect VM-120<->VM-79
 WARN 08-28 19:14:11,924 ExecutorChannelManagerMap:95 [pool-16-thread-4] - Cannot connnect VM-120<->VM-78
 WARN 08-28 19:14:11,924 ExecutorChannelManagerMap:95 [pool-16-thread-4] - Cannot connnect VM-120<->VM-77
 WARN 08-28 19:14:11,924 ExecutorChannelManagerMap:95 [pool-16-thread-4] - Cannot connnect VM-120<->VM-76
 WARN 08-28 19:14:11,924 ExecutorChannelManagerMap:95 [pool-16-thread-4] - Cannot connnect VM-120<->VM-75
 WARN 08-28 19:14:11,924 ExecutorChannelManagerMap:95 [pool-16-thread-4] - Cannot connnect VM-120<->VM-74
 WARN 08-28 19:14:11,924 ExecutorChannelManagerMap:95 [pool-16-thread-4] - Cannot connnect VM-120<->VM-73
 WARN 08-28 19:14:11,924 ExecutorChannelManagerMap:95 [pool-16-thread-4] - Cannot connnect VM-120<->VM-72
 WARN 08-28 19:14:11,924 ExecutorChannelManagerMap:95 [pool-16-thread-4] - Cannot connnect VM-120<->VM-71
 WARN 08-28 19:14:11,924 ExecutorChannelManagerMap:95 [pool-16-thread-4] - Cannot connnect VM-120<->VM-70
 WARN 08-28 19:14:11,924 ExecutorChannelManagerMap:95 [pool-16-thread-4] - Cannot connnect VM-120<->VM-49
 WARN 08-28 19:14:11,925 ExecutorChannelManagerMap:95 [pool-16-thread-4] - Cannot connnect VM-120<->VM-48
 WARN 08-28 19:14:11,925 ExecutorChannelManagerMap:95 [pool-16-thread-4] - Cannot connnect VM-120<->VM-47
 WARN 08-28 19:14:11,925 ExecutorChannelManagerMap:95 [pool-16-thread-4] - Cannot connnect VM-120<->VM-46
 WARN 08-28 19:14:11,925 ExecutorChannelManagerMap:95 [pool-16-thread-4] - Cannot connnect VM-120<->VM-45
 WARN 08-28 19:14:11,925 ExecutorChannelManagerMap:95 [pool-16-thread-4] - Cannot connnect VM-120<->VM-6
 WARN 08-28 19:14:11,925 ExecutorChannelManagerMap:95 [pool-16-thread-4] - Cannot connnect VM-120<->VM-44
 WARN 08-28 19:14:11,925 ExecutorChannelManagerMap:95 [pool-16-thread-4] - Cannot connnect VM-120<->VM-7
 WARN 08-28 19:14:11,925 ExecutorChannelManagerMap:95 [pool-16-thread-4] - Cannot connnect VM-120<->VM-43
 WARN 08-28 19:14:11,925 ExecutorChannelManagerMap:95 [pool-16-thread-4] - Cannot connnect VM-120<->VM-8
 WARN 08-28 19:14:11,925 ExecutorChannelManagerMap:95 [pool-16-thread-4] - Cannot connnect VM-120<->VM-42
 WARN 08-28 19:14:11,925 ExecutorChannelManagerMap:95 [pool-16-thread-4] - Cannot connnect VM-120<->VM-9
 WARN 08-28 19:14:11,925 ExecutorChannelManagerMap:95 [pool-16-thread-4] - Cannot connnect VM-120<->VM-41
 WARN 08-28 19:14:11,925 ExecutorChannelManagerMap:95 [pool-16-thread-4] - Cannot connnect VM-120<->VM-40
 WARN 08-28 19:14:11,925 ExecutorChannelManagerMap:95 [pool-16-thread-4] - Cannot connnect VM-120<->VM-59
 WARN 08-28 19:14:11,925 ExecutorChannelManagerMap:95 [pool-16-thread-4] - Cannot connnect VM-120<->VM-58
 WARN 08-28 19:14:11,925 ExecutorChannelManagerMap:95 [pool-16-thread-4] - Cannot connnect VM-120<->VM-57
 WARN 08-28 19:14:11,925 ExecutorChannelManagerMap:95 [pool-16-thread-4] - Cannot connnect VM-120<->VM-56
 WARN 08-28 19:14:11,925 ExecutorChannelManagerMap:95 [pool-16-thread-4] - Cannot connnect VM-120<->VM-55
 WARN 08-28 19:14:11,926 ExecutorChannelManagerMap:95 [pool-16-thread-4] - Cannot connnect VM-120<->VM-54
 WARN 08-28 19:14:11,926 ExecutorChannelManagerMap:95 [pool-16-thread-4] - Cannot connnect VM-120<->VM-53
 WARN 08-28 19:14:11,926 ExecutorChannelManagerMap:95 [pool-16-thread-4] - Cannot connnect VM-120<->VM-52
 WARN 08-28 19:14:11,926 ExecutorChannelManagerMap:95 [pool-16-thread-4] - Cannot connnect VM-120<->VM-51
 WARN 08-28 19:14:11,926 ExecutorChannelManagerMap:95 [pool-16-thread-4] - Cannot connnect VM-120<->VM-50
 WARN 08-28 19:14:11,926 ExecutorChannelManagerMap:95 [pool-16-thread-4] - Cannot connnect VM-120<->VM-1
 WARN 08-28 19:14:11,926 ExecutorChannelManagerMap:95 [pool-16-thread-4] - Cannot connnect VM-120<->VM-2
 WARN 08-28 19:14:11,926 ExecutorChannelManagerMap:95 [pool-16-thread-4] - Cannot connnect VM-120<->VM-3
 WARN 08-28 19:14:11,926 ExecutorChannelManagerMap:95 [pool-16-thread-4] - Cannot connnect VM-120<->VM-5
 WARN 08-28 19:14:11,926 ExecutorChannelManagerMap:95 [pool-16-thread-4] - Cannot connnect VM-120<->VM-29
 WARN 08-28 19:14:11,926 ExecutorChannelManagerMap:95 [pool-16-thread-4] - Cannot connnect VM-120<->VM-28
 WARN 08-28 19:14:11,926 ExecutorChannelManagerMap:95 [pool-16-thread-4] - Cannot connnect VM-120<->VM-27
 WARN 08-28 19:14:11,926 ExecutorChannelManagerMap:95 [pool-16-thread-4] - Cannot connnect VM-120<->VM-26
 WARN 08-28 19:14:11,926 ExecutorChannelManagerMap:95 [pool-16-thread-4] - Cannot connnect VM-120<->VM-25
 WARN 08-28 19:14:11,926 ExecutorChannelManagerMap:95 [pool-16-thread-4] - Cannot connnect VM-120<->VM-24
 WARN 08-28 19:14:11,926 ExecutorChannelManagerMap:95 [pool-16-thread-4] - Cannot connnect VM-120<->VM-23
 WARN 08-28 19:14:11,926 ExecutorChannelManagerMap:95 [pool-16-thread-4] - Cannot connnect VM-120<->VM-22
 WARN 08-28 19:14:11,926 ExecutorChannelManagerMap:106 [pool-16-thread-4] - Executor Executor4 already registered
 WARN 08-28 19:14:11,926 ExecutorChannelManagerMap:95 [pool-16-thread-4] - Cannot connnect VM-120<->VM-21
 WARN 08-28 19:14:11,926 ExecutorChannelManagerMap:106 [pool-16-thread-4] - Executor Executor3 already registered
 WARN 08-28 19:14:11,927 ExecutorChannelManagerMap:95 [pool-16-thread-4] - Cannot connnect VM-120<->VM-20
 WARN 08-28 19:14:11,927 ExecutorChannelManagerMap:95 [pool-16-thread-4] - Cannot connnect VM-120<->VM-39
 WARN 08-28 19:14:11,927 ExecutorChannelManagerMap:95 [pool-16-thread-4] - Cannot connnect VM-120<->VM-38
 WARN 08-28 19:14:11,927 ExecutorChannelManagerMap:95 [pool-16-thread-4] - Cannot connnect VM-120<->VM-37
 WARN 08-28 19:14:11,927 ExecutorChannelManagerMap:95 [pool-16-thread-4] - Cannot connnect VM-120<->VM-36
 WARN 08-28 19:14:11,927 ExecutorChannelManagerMap:95 [pool-16-thread-4] - Cannot connnect VM-120<->VM-35
 WARN 08-28 19:14:11,927 ExecutorChannelManagerMap:95 [pool-16-thread-4] - Cannot connnect VM-120<->VM-34
 WARN 08-28 19:14:11,927 ExecutorChannelManagerMap:95 [pool-16-thread-4] - Cannot connnect VM-120<->VM-111
 WARN 08-28 19:14:11,927 ExecutorChannelManagerMap:95 [pool-16-thread-4] - Cannot connnect VM-120<->VM-33
 WARN 08-28 19:14:11,927 ExecutorChannelManagerMap:95 [pool-16-thread-4] - Cannot connnect VM-120<->VM-110
 WARN 08-28 19:14:11,927 ExecutorChannelManagerMap:95 [pool-16-thread-4] - Cannot connnect VM-120<->VM-32
 WARN 08-28 19:14:11,927 ExecutorChannelManagerMap:95 [pool-16-thread-4] - Cannot connnect VM-120<->VM-31
 WARN 08-28 19:14:11,927 ExecutorChannelManagerMap:95 [pool-16-thread-4] - Cannot connnect VM-120<->VM-30
 WARN 08-28 19:14:11,927 ExecutorChannelManagerMap:95 [pool-16-thread-4] - Cannot connnect VM-120<->VM-115
 WARN 08-28 19:14:11,927 ExecutorChannelManagerMap:95 [pool-16-thread-4] - Cannot connnect VM-120<->VM-114
 WARN 08-28 19:14:11,927 ExecutorChannelManagerMap:95 [pool-16-thread-4] - Cannot connnect VM-120<->VM-113
 WARN 08-28 19:14:11,927 ExecutorChannelManagerMap:95 [pool-16-thread-4] - Cannot connnect VM-120<->VM-112
 WARN 08-28 19:14:11,927 ExecutorChannelManagerMap:95 [pool-16-thread-4] - Cannot connnect VM-120<->VM-108
 WARN 08-28 19:14:11,927 ExecutorChannelManagerMap:95 [pool-16-thread-4] - Cannot connnect VM-120<->VM-107
 WARN 08-28 19:14:11,927 ExecutorChannelManagerMap:106 [pool-16-thread-4] - Executor Executor2 already registered
 WARN 08-28 19:14:11,927 ExecutorChannelManagerMap:106 [pool-16-thread-4] - Executor Executor1 already registered
 WARN 08-28 19:14:11,927 ExecutorChannelManagerMap:106 [pool-16-thread-4] - Executor Executor0 already registered
 WARN 08-28 19:14:11,928 ExecutorChannelManagerMap:95 [pool-16-thread-4] - Cannot connnect VM-120<->VM-109
 WARN 08-28 19:14:11,930 ExecutorChannelManagerMap:95 [pool-16-thread-3] - Cannot connnect VM-120<->VM-89
 WARN 08-28 19:14:11,930 ExecutorChannelManagerMap:95 [pool-16-thread-3] - Cannot connnect VM-120<->VM-122
 WARN 08-28 19:14:11,930 ExecutorChannelManagerMap:95 [pool-16-thread-3] - Cannot connnect VM-120<->VM-88
 WARN 08-28 19:14:11,930 ExecutorChannelManagerMap:95 [pool-16-thread-3] - Cannot connnect VM-120<->VM-121
 WARN 08-28 19:14:11,930 ExecutorChannelManagerMap:95 [pool-16-thread-3] - Cannot connnect VM-120<->VM-87
 WARN 08-28 19:14:11,930 ExecutorChannelManagerMap:95 [pool-16-thread-3] - Cannot connnect VM-120<->VM-86
 WARN 08-28 19:14:11,930 ExecutorChannelManagerMap:95 [pool-16-thread-3] - Cannot connnect VM-120<->VM-85
 WARN 08-28 19:14:11,930 ExecutorChannelManagerMap:95 [pool-16-thread-3] - Cannot connnect VM-120<->VM-84
 WARN 08-28 19:14:11,930 ExecutorChannelManagerMap:95 [pool-16-thread-3] - Cannot connnect VM-120<->VM-83
 WARN 08-28 19:14:11,930 ExecutorChannelManagerMap:95 [pool-16-thread-3] - Cannot connnect VM-120<->VM-124
 WARN 08-28 19:14:11,930 ExecutorChannelManagerMap:95 [pool-16-thread-3] - Cannot connnect VM-120<->VM-82
 WARN 08-28 19:14:11,930 ExecutorChannelManagerMap:95 [pool-16-thread-3] - Cannot connnect VM-120<->VM-123
 WARN 08-28 19:14:11,930 ExecutorChannelManagerMap:95 [pool-16-thread-3] - Cannot connnect VM-120<->VM-81
 WARN 08-28 19:14:11,930 ExecutorChannelManagerMap:95 [pool-16-thread-3] - Cannot connnect VM-120<->VM-119
 WARN 08-28 19:14:11,930 ExecutorChannelManagerMap:95 [pool-16-thread-3] - Cannot connnect VM-120<->VM-80
 WARN 08-28 19:14:11,931 ExecutorChannelManagerMap:95 [pool-16-thread-3] - Cannot connnect VM-120<->VM-118
 WARN 08-28 19:14:11,931 ExecutorChannelManagerMap:95 [pool-16-thread-3] - Cannot connnect VM-120<->VM-117
 WARN 08-28 19:14:11,931 ExecutorChannelManagerMap:95 [pool-16-thread-3] - Cannot connnect VM-120<->VM-116
 WARN 08-28 19:14:11,931 ExecutorChannelManagerMap:95 [pool-16-thread-3] - Cannot connnect VM-120<->VM-19
 WARN 08-28 19:14:11,931 ExecutorChannelManagerMap:95 [pool-16-thread-3] - Cannot connnect VM-120<->VM-18
 WARN 08-28 19:14:11,931 ExecutorChannelManagerMap:95 [pool-16-thread-3] - Cannot connnect VM-120<->VM-17
 WARN 08-28 19:14:11,931 ExecutorChannelManagerMap:95 [pool-16-thread-3] - Cannot connnect VM-120<->VM-16
 WARN 08-28 19:14:11,931 ExecutorChannelManagerMap:95 [pool-16-thread-3] - Cannot connnect VM-120<->VM-15
 WARN 08-28 19:14:11,931 ExecutorChannelManagerMap:95 [pool-16-thread-3] - Cannot connnect VM-120<->VM-14
 WARN 08-28 19:14:11,931 ExecutorChannelManagerMap:95 [pool-16-thread-3] - Cannot connnect VM-120<->VM-13
 WARN 08-28 19:14:11,931 ExecutorChannelManagerMap:95 [pool-16-thread-3] - Cannot connnect VM-120<->VM-12
 WARN 08-28 19:14:11,931 ExecutorChannelManagerMap:95 [pool-16-thread-3] - Cannot connnect VM-120<->VM-11
 WARN 08-28 19:14:11,931 ExecutorChannelManagerMap:95 [pool-16-thread-3] - Cannot connnect VM-120<->VM-10
 WARN 08-28 19:14:11,931 ExecutorChannelManagerMap:95 [pool-16-thread-3] - Cannot connnect VM-120<->VM-90
 WARN 08-28 19:14:11,931 ExecutorChannelManagerMap:95 [pool-16-thread-3] - Cannot connnect VM-120<->VM-69
 WARN 08-28 19:14:11,931 ExecutorChannelManagerMap:95 [pool-16-thread-3] - Cannot connnect VM-120<->VM-68
 WARN 08-28 19:14:11,931 ExecutorChannelManagerMap:95 [pool-16-thread-3] - Cannot connnect VM-120<->VM-67
 WARN 08-28 19:14:11,931 ExecutorChannelManagerMap:95 [pool-16-thread-3] - Cannot connnect VM-120<->VM-66
 WARN 08-28 19:14:11,931 ExecutorChannelManagerMap:95 [pool-16-thread-3] - Cannot connnect VM-120<->VM-65
 WARN 08-28 19:14:11,931 ExecutorChannelManagerMap:95 [pool-16-thread-3] - Cannot connnect VM-120<->VM-64
 WARN 08-28 19:14:11,931 ExecutorChannelManagerMap:95 [pool-16-thread-3] - Cannot connnect VM-120<->VM-63
 WARN 08-28 19:14:11,931 ExecutorChannelManagerMap:95 [pool-16-thread-3] - Cannot connnect VM-120<->VM-62
 WARN 08-28 19:14:11,931 ExecutorChannelManagerMap:95 [pool-16-thread-3] - Cannot connnect VM-120<->VM-61
 WARN 08-28 19:14:11,932 ExecutorChannelManagerMap:95 [pool-16-thread-3] - Cannot connnect VM-120<->VM-60
 WARN 08-28 19:14:11,932 ExecutorChannelManagerMap:95 [pool-16-thread-3] - Cannot connnect VM-120<->VM-79
 WARN 08-28 19:14:11,932 ExecutorChannelManagerMap:95 [pool-16-thread-3] - Cannot connnect VM-120<->VM-78
 WARN 08-28 19:14:11,932 ExecutorChannelManagerMap:95 [pool-16-thread-3] - Cannot connnect VM-120<->VM-77
 WARN 08-28 19:14:11,932 ExecutorChannelManagerMap:95 [pool-16-thread-3] - Cannot connnect VM-120<->VM-76
 WARN 08-28 19:14:11,932 ExecutorChannelManagerMap:95 [pool-16-thread-3] - Cannot connnect VM-120<->VM-75
 WARN 08-28 19:14:11,932 ExecutorChannelManagerMap:95 [pool-16-thread-3] - Cannot connnect VM-120<->VM-74
 WARN 08-28 19:14:11,932 ExecutorChannelManagerMap:95 [pool-16-thread-3] - Cannot connnect VM-120<->VM-73
 WARN 08-28 19:14:11,932 ExecutorChannelManagerMap:95 [pool-16-thread-3] - Cannot connnect VM-120<->VM-72
 WARN 08-28 19:14:11,932 ExecutorChannelManagerMap:95 [pool-16-thread-3] - Cannot connnect VM-120<->VM-71
 WARN 08-28 19:14:11,932 ExecutorChannelManagerMap:95 [pool-16-thread-3] - Cannot connnect VM-120<->VM-70
 WARN 08-28 19:14:11,932 ExecutorChannelManagerMap:95 [pool-16-thread-3] - Cannot connnect VM-120<->VM-49
 WARN 08-28 19:14:11,932 ExecutorChannelManagerMap:95 [pool-16-thread-3] - Cannot connnect VM-120<->VM-48
 WARN 08-28 19:14:11,932 ExecutorChannelManagerMap:95 [pool-16-thread-3] - Cannot connnect VM-120<->VM-47
 WARN 08-28 19:14:11,932 ExecutorChannelManagerMap:95 [pool-16-thread-3] - Cannot connnect VM-120<->VM-46
 WARN 08-28 19:14:11,932 ExecutorChannelManagerMap:95 [pool-16-thread-3] - Cannot connnect VM-120<->VM-45
 WARN 08-28 19:14:11,932 ExecutorChannelManagerMap:95 [pool-16-thread-3] - Cannot connnect VM-120<->VM-6
 WARN 08-28 19:14:11,932 ExecutorChannelManagerMap:95 [pool-16-thread-3] - Cannot connnect VM-120<->VM-44
 WARN 08-28 19:14:11,932 ExecutorChannelManagerMap:95 [pool-16-thread-3] - Cannot connnect VM-120<->VM-7
 WARN 08-28 19:14:11,932 ExecutorChannelManagerMap:95 [pool-16-thread-3] - Cannot connnect VM-120<->VM-43
 WARN 08-28 19:14:11,932 ExecutorChannelManagerMap:95 [pool-16-thread-3] - Cannot connnect VM-120<->VM-8
 WARN 08-28 19:14:11,932 ExecutorChannelManagerMap:95 [pool-16-thread-3] - Cannot connnect VM-120<->VM-42
 WARN 08-28 19:14:11,932 ExecutorChannelManagerMap:95 [pool-16-thread-3] - Cannot connnect VM-120<->VM-9
 WARN 08-28 19:14:11,932 ExecutorChannelManagerMap:95 [pool-16-thread-3] - Cannot connnect VM-120<->VM-41
 WARN 08-28 19:14:11,932 ExecutorChannelManagerMap:95 [pool-16-thread-3] - Cannot connnect VM-120<->VM-40
 WARN 08-28 19:14:11,932 ExecutorChannelManagerMap:95 [pool-16-thread-3] - Cannot connnect VM-120<->VM-59
 WARN 08-28 19:14:11,932 ExecutorChannelManagerMap:95 [pool-16-thread-3] - Cannot connnect VM-120<->VM-58
 WARN 08-28 19:14:11,933 ExecutorChannelManagerMap:95 [pool-16-thread-3] - Cannot connnect VM-120<->VM-57
 WARN 08-28 19:14:11,933 ExecutorChannelManagerMap:95 [pool-16-thread-3] - Cannot connnect VM-120<->VM-56
 WARN 08-28 19:14:11,933 ExecutorChannelManagerMap:95 [pool-16-thread-3] - Cannot connnect VM-120<->VM-55
 WARN 08-28 19:14:11,933 ExecutorChannelManagerMap:95 [pool-16-thread-3] - Cannot connnect VM-120<->VM-54
 WARN 08-28 19:14:11,933 ExecutorChannelManagerMap:95 [pool-16-thread-3] - Cannot connnect VM-120<->VM-53
 WARN 08-28 19:14:11,933 ExecutorChannelManagerMap:95 [pool-16-thread-3] - Cannot connnect VM-120<->VM-52
 WARN 08-28 19:14:11,933 ExecutorChannelManagerMap:95 [pool-16-thread-3] - Cannot connnect VM-120<->VM-51
 WARN 08-28 19:14:11,933 ExecutorChannelManagerMap:95 [pool-16-thread-3] - Cannot connnect VM-120<->VM-50
 WARN 08-28 19:14:11,933 ExecutorChannelManagerMap:95 [pool-16-thread-3] - Cannot connnect VM-120<->VM-1
 WARN 08-28 19:14:11,933 ExecutorChannelManagerMap:95 [pool-16-thread-3] - Cannot connnect VM-120<->VM-2
 WARN 08-28 19:14:11,933 ExecutorChannelManagerMap:95 [pool-16-thread-3] - Cannot connnect VM-120<->VM-3
 WARN 08-28 19:14:11,933 ExecutorChannelManagerMap:95 [pool-16-thread-3] - Cannot connnect VM-120<->VM-5
 WARN 08-28 19:14:11,933 ExecutorChannelManagerMap:95 [pool-16-thread-3] - Cannot connnect VM-120<->VM-29
 WARN 08-28 19:14:11,933 ExecutorChannelManagerMap:95 [pool-16-thread-3] - Cannot connnect VM-120<->VM-28
 WARN 08-28 19:14:11,933 ExecutorChannelManagerMap:95 [pool-16-thread-3] - Cannot connnect VM-120<->VM-27
 WARN 08-28 19:14:11,933 ExecutorChannelManagerMap:95 [pool-16-thread-3] - Cannot connnect VM-120<->VM-26
 WARN 08-28 19:14:11,933 ExecutorChannelManagerMap:95 [pool-16-thread-3] - Cannot connnect VM-120<->VM-25
 WARN 08-28 19:14:11,933 ExecutorChannelManagerMap:95 [pool-16-thread-3] - Cannot connnect VM-120<->VM-24
 WARN 08-28 19:14:11,933 ExecutorChannelManagerMap:95 [pool-16-thread-3] - Cannot connnect VM-120<->VM-23
 WARN 08-28 19:14:11,933 ExecutorChannelManagerMap:95 [pool-16-thread-3] - Cannot connnect VM-120<->VM-22
 WARN 08-28 19:14:11,933 ExecutorChannelManagerMap:106 [pool-16-thread-3] - Executor Executor4 already registered
 WARN 08-28 19:14:11,933 ExecutorChannelManagerMap:95 [pool-16-thread-3] - Cannot connnect VM-120<->VM-21
 WARN 08-28 19:14:11,933 ExecutorChannelManagerMap:106 [pool-16-thread-3] - Executor Executor3 already registered
 WARN 08-28 19:14:11,933 ExecutorChannelManagerMap:95 [pool-16-thread-3] - Cannot connnect VM-120<->VM-20
 WARN 08-28 19:14:11,933 ExecutorChannelManagerMap:95 [pool-16-thread-3] - Cannot connnect VM-120<->VM-39
 WARN 08-28 19:14:11,933 ExecutorChannelManagerMap:95 [pool-16-thread-3] - Cannot connnect VM-120<->VM-38
 WARN 08-28 19:14:11,934 ExecutorChannelManagerMap:95 [pool-16-thread-3] - Cannot connnect VM-120<->VM-37
 WARN 08-28 19:14:11,934 ExecutorChannelManagerMap:95 [pool-16-thread-3] - Cannot connnect VM-120<->VM-36
 WARN 08-28 19:14:11,934 ExecutorChannelManagerMap:95 [pool-16-thread-3] - Cannot connnect VM-120<->VM-35
 WARN 08-28 19:14:11,934 ExecutorChannelManagerMap:95 [pool-16-thread-3] - Cannot connnect VM-120<->VM-34
 WARN 08-28 19:14:11,934 ExecutorChannelManagerMap:95 [pool-16-thread-3] - Cannot connnect VM-120<->VM-111
 WARN 08-28 19:14:11,934 ExecutorChannelManagerMap:95 [pool-16-thread-3] - Cannot connnect VM-120<->VM-33
 WARN 08-28 19:14:11,934 ExecutorChannelManagerMap:95 [pool-16-thread-3] - Cannot connnect VM-120<->VM-110
 WARN 08-28 19:14:11,934 ExecutorChannelManagerMap:95 [pool-16-thread-3] - Cannot connnect VM-120<->VM-32
 WARN 08-28 19:14:11,934 ExecutorChannelManagerMap:95 [pool-16-thread-3] - Cannot connnect VM-120<->VM-31
 WARN 08-28 19:14:11,934 ExecutorChannelManagerMap:95 [pool-16-thread-3] - Cannot connnect VM-120<->VM-30
 WARN 08-28 19:14:11,934 ExecutorChannelManagerMap:95 [pool-16-thread-3] - Cannot connnect VM-120<->VM-115
 WARN 08-28 19:14:11,934 ExecutorChannelManagerMap:95 [pool-16-thread-3] - Cannot connnect VM-120<->VM-114
 WARN 08-28 19:14:11,934 ExecutorChannelManagerMap:95 [pool-16-thread-3] - Cannot connnect VM-120<->VM-113
 WARN 08-28 19:14:11,934 ExecutorChannelManagerMap:95 [pool-16-thread-3] - Cannot connnect VM-120<->VM-112
 WARN 08-28 19:14:11,934 ExecutorChannelManagerMap:106 [pool-16-thread-3] - Executor Executor2 already registered
 WARN 08-28 19:14:11,934 ExecutorChannelManagerMap:106 [pool-16-thread-3] - Executor Executor1 already registered
 WARN 08-28 19:14:11,934 ExecutorChannelManagerMap:106 [pool-16-thread-3] - Executor Executor0 already registered
 WARN 08-28 19:14:11,934 ExecutorChannelManagerMap:95 [pool-16-thread-3] - Cannot connnect VM-120<->VM-109
 WARN 08-28 19:14:11,947 ExecutorChannelManagerMap:95 [pool-16-thread-6] - Cannot connnect VM-120<->VM-89
 WARN 08-28 19:14:11,947 ExecutorChannelManagerMap:95 [pool-16-thread-6] - Cannot connnect VM-120<->VM-122
 WARN 08-28 19:14:11,947 ExecutorChannelManagerMap:95 [pool-16-thread-6] - Cannot connnect VM-120<->VM-88
 WARN 08-28 19:14:11,947 ExecutorChannelManagerMap:95 [pool-16-thread-6] - Cannot connnect VM-120<->VM-121
 WARN 08-28 19:14:11,948 ExecutorChannelManagerMap:95 [pool-16-thread-6] - Cannot connnect VM-120<->VM-87
 WARN 08-28 19:14:11,948 ExecutorChannelManagerMap:95 [pool-16-thread-6] - Cannot connnect VM-120<->VM-86
 WARN 08-28 19:14:11,948 ExecutorChannelManagerMap:95 [pool-16-thread-6] - Cannot connnect VM-120<->VM-85
 WARN 08-28 19:14:11,948 ExecutorChannelManagerMap:95 [pool-16-thread-6] - Cannot connnect VM-120<->VM-84
 WARN 08-28 19:14:11,948 ExecutorChannelManagerMap:95 [pool-16-thread-6] - Cannot connnect VM-120<->VM-83
 WARN 08-28 19:14:11,948 ExecutorChannelManagerMap:95 [pool-16-thread-6] - Cannot connnect VM-120<->VM-124
 WARN 08-28 19:14:11,948 ExecutorChannelManagerMap:95 [pool-16-thread-6] - Cannot connnect VM-120<->VM-82
 WARN 08-28 19:14:11,948 ExecutorChannelManagerMap:95 [pool-16-thread-6] - Cannot connnect VM-120<->VM-123
 WARN 08-28 19:14:11,948 ExecutorChannelManagerMap:95 [pool-16-thread-6] - Cannot connnect VM-120<->VM-81
 WARN 08-28 19:14:11,948 ExecutorChannelManagerMap:95 [pool-16-thread-6] - Cannot connnect VM-120<->VM-119
 WARN 08-28 19:14:11,948 ExecutorChannelManagerMap:95 [pool-16-thread-6] - Cannot connnect VM-120<->VM-80
 WARN 08-28 19:14:11,948 ExecutorChannelManagerMap:95 [pool-16-thread-6] - Cannot connnect VM-120<->VM-118
 WARN 08-28 19:14:11,948 ExecutorChannelManagerMap:95 [pool-16-thread-6] - Cannot connnect VM-120<->VM-117
 WARN 08-28 19:14:11,948 ExecutorChannelManagerMap:95 [pool-16-thread-6] - Cannot connnect VM-120<->VM-116
 WARN 08-28 19:14:11,948 ExecutorChannelManagerMap:95 [pool-16-thread-6] - Cannot connnect VM-120<->VM-19
 WARN 08-28 19:14:11,948 ExecutorChannelManagerMap:95 [pool-16-thread-6] - Cannot connnect VM-120<->VM-18
 WARN 08-28 19:14:11,948 ExecutorChannelManagerMap:95 [pool-16-thread-6] - Cannot connnect VM-120<->VM-17
 WARN 08-28 19:14:11,948 ExecutorChannelManagerMap:95 [pool-16-thread-6] - Cannot connnect VM-120<->VM-16
 WARN 08-28 19:14:11,948 ExecutorChannelManagerMap:95 [pool-16-thread-6] - Cannot connnect VM-120<->VM-15
 WARN 08-28 19:14:11,948 ExecutorChannelManagerMap:95 [pool-16-thread-6] - Cannot connnect VM-120<->VM-14
 WARN 08-28 19:14:11,948 ExecutorChannelManagerMap:95 [pool-16-thread-6] - Cannot connnect VM-120<->VM-13
 WARN 08-28 19:14:11,948 ExecutorChannelManagerMap:95 [pool-16-thread-6] - Cannot connnect VM-120<->VM-12
 WARN 08-28 19:14:11,948 ExecutorChannelManagerMap:95 [pool-16-thread-6] - Cannot connnect VM-120<->VM-11
 WARN 08-28 19:14:11,948 ExecutorChannelManagerMap:95 [pool-16-thread-6] - Cannot connnect VM-120<->VM-10
 WARN 08-28 19:14:11,948 ExecutorChannelManagerMap:95 [pool-16-thread-6] - Cannot connnect VM-120<->VM-90
 WARN 08-28 19:14:11,949 ExecutorChannelManagerMap:95 [pool-16-thread-6] - Cannot connnect VM-120<->VM-69
 WARN 08-28 19:14:11,949 ExecutorChannelManagerMap:95 [pool-16-thread-6] - Cannot connnect VM-120<->VM-68
 WARN 08-28 19:14:11,949 ExecutorChannelManagerMap:95 [pool-16-thread-6] - Cannot connnect VM-120<->VM-67
 WARN 08-28 19:14:11,949 ExecutorChannelManagerMap:95 [pool-16-thread-6] - Cannot connnect VM-120<->VM-66
 WARN 08-28 19:14:11,949 ExecutorChannelManagerMap:95 [pool-16-thread-6] - Cannot connnect VM-120<->VM-65
 WARN 08-28 19:14:11,949 ExecutorChannelManagerMap:95 [pool-16-thread-6] - Cannot connnect VM-120<->VM-64
 WARN 08-28 19:14:11,949 ExecutorChannelManagerMap:95 [pool-16-thread-6] - Cannot connnect VM-120<->VM-63
 WARN 08-28 19:14:11,949 ExecutorChannelManagerMap:95 [pool-16-thread-6] - Cannot connnect VM-120<->VM-62
 WARN 08-28 19:14:11,949 ExecutorChannelManagerMap:95 [pool-16-thread-6] - Cannot connnect VM-120<->VM-61
 WARN 08-28 19:14:11,949 ExecutorChannelManagerMap:95 [pool-16-thread-6] - Cannot connnect VM-120<->VM-60
 WARN 08-28 19:14:11,949 ExecutorChannelManagerMap:95 [pool-16-thread-6] - Cannot connnect VM-120<->VM-79
 WARN 08-28 19:14:11,949 ExecutorChannelManagerMap:95 [pool-16-thread-6] - Cannot connnect VM-120<->VM-78
 WARN 08-28 19:14:11,949 ExecutorChannelManagerMap:95 [pool-16-thread-6] - Cannot connnect VM-120<->VM-77
 WARN 08-28 19:14:11,949 ExecutorChannelManagerMap:95 [pool-16-thread-6] - Cannot connnect VM-120<->VM-76
 WARN 08-28 19:14:11,949 ExecutorChannelManagerMap:95 [pool-16-thread-6] - Cannot connnect VM-120<->VM-75
 WARN 08-28 19:14:11,949 ExecutorChannelManagerMap:95 [pool-16-thread-6] - Cannot connnect VM-120<->VM-74
 WARN 08-28 19:14:11,949 ExecutorChannelManagerMap:95 [pool-16-thread-6] - Cannot connnect VM-120<->VM-73
 WARN 08-28 19:14:11,949 ExecutorChannelManagerMap:95 [pool-16-thread-6] - Cannot connnect VM-120<->VM-72
 WARN 08-28 19:14:11,949 ExecutorChannelManagerMap:95 [pool-16-thread-6] - Cannot connnect VM-120<->VM-71
 WARN 08-28 19:14:11,949 ExecutorChannelManagerMap:95 [pool-16-thread-6] - Cannot connnect VM-120<->VM-70
 WARN 08-28 19:14:11,949 ExecutorChannelManagerMap:95 [pool-16-thread-6] - Cannot connnect VM-120<->VM-49
 WARN 08-28 19:14:11,949 ExecutorChannelManagerMap:95 [pool-16-thread-6] - Cannot connnect VM-120<->VM-48
 WARN 08-28 19:14:11,949 ExecutorChannelManagerMap:95 [pool-16-thread-6] - Cannot connnect VM-120<->VM-47
 WARN 08-28 19:14:11,949 ExecutorChannelManagerMap:95 [pool-16-thread-6] - Cannot connnect VM-120<->VM-46
 WARN 08-28 19:14:11,949 ExecutorChannelManagerMap:95 [pool-16-thread-6] - Cannot connnect VM-120<->VM-45
 WARN 08-28 19:14:11,950 ExecutorChannelManagerMap:95 [pool-16-thread-6] - Cannot connnect VM-120<->VM-6
 WARN 08-28 19:14:11,950 ExecutorChannelManagerMap:95 [pool-16-thread-6] - Cannot connnect VM-120<->VM-44
 WARN 08-28 19:14:11,950 ExecutorChannelManagerMap:95 [pool-16-thread-6] - Cannot connnect VM-120<->VM-7
 WARN 08-28 19:14:11,950 ExecutorChannelManagerMap:95 [pool-16-thread-6] - Cannot connnect VM-120<->VM-43
 WARN 08-28 19:14:11,950 ExecutorChannelManagerMap:95 [pool-16-thread-6] - Cannot connnect VM-120<->VM-8
 WARN 08-28 19:14:11,950 ExecutorChannelManagerMap:95 [pool-16-thread-6] - Cannot connnect VM-120<->VM-42
 WARN 08-28 19:14:11,950 ExecutorChannelManagerMap:95 [pool-16-thread-6] - Cannot connnect VM-120<->VM-9
 WARN 08-28 19:14:11,950 ExecutorChannelManagerMap:95 [pool-16-thread-6] - Cannot connnect VM-120<->VM-41
 WARN 08-28 19:14:11,950 ExecutorChannelManagerMap:95 [pool-16-thread-6] - Cannot connnect VM-120<->VM-40
 WARN 08-28 19:14:11,950 ExecutorChannelManagerMap:95 [pool-16-thread-6] - Cannot connnect VM-120<->VM-59
 WARN 08-28 19:14:11,950 ExecutorChannelManagerMap:95 [pool-16-thread-6] - Cannot connnect VM-120<->VM-58
 WARN 08-28 19:14:11,950 ExecutorChannelManagerMap:95 [pool-16-thread-6] - Cannot connnect VM-120<->VM-57
 WARN 08-28 19:14:11,950 ExecutorChannelManagerMap:95 [pool-16-thread-6] - Cannot connnect VM-120<->VM-56
 WARN 08-28 19:14:11,950 ExecutorChannelManagerMap:95 [pool-16-thread-6] - Cannot connnect VM-120<->VM-55
 WARN 08-28 19:14:11,950 ExecutorChannelManagerMap:95 [pool-16-thread-6] - Cannot connnect VM-120<->VM-54
 WARN 08-28 19:14:11,950 ExecutorChannelManagerMap:95 [pool-16-thread-6] - Cannot connnect VM-120<->VM-53
 WARN 08-28 19:14:11,950 ExecutorChannelManagerMap:95 [pool-16-thread-6] - Cannot connnect VM-120<->VM-52
 WARN 08-28 19:14:11,950 ExecutorChannelManagerMap:95 [pool-16-thread-6] - Cannot connnect VM-120<->VM-51
 WARN 08-28 19:14:11,950 ExecutorChannelManagerMap:95 [pool-16-thread-6] - Cannot connnect VM-120<->VM-50
 WARN 08-28 19:14:11,950 ExecutorChannelManagerMap:95 [pool-16-thread-6] - Cannot connnect VM-120<->VM-1
 WARN 08-28 19:14:11,950 ExecutorChannelManagerMap:95 [pool-16-thread-6] - Cannot connnect VM-120<->VM-2
 WARN 08-28 19:14:11,950 ExecutorChannelManagerMap:95 [pool-16-thread-6] - Cannot connnect VM-120<->VM-3
 WARN 08-28 19:14:11,950 ExecutorChannelManagerMap:95 [pool-16-thread-6] - Cannot connnect VM-120<->VM-5
 WARN 08-28 19:14:11,950 ExecutorChannelManagerMap:95 [pool-16-thread-6] - Cannot connnect VM-120<->VM-29
 WARN 08-28 19:14:11,950 ExecutorChannelManagerMap:95 [pool-16-thread-6] - Cannot connnect VM-120<->VM-28
 WARN 08-28 19:14:11,950 ExecutorChannelManagerMap:95 [pool-16-thread-6] - Cannot connnect VM-120<->VM-27
 WARN 08-28 19:14:11,951 ExecutorChannelManagerMap:95 [pool-16-thread-6] - Cannot connnect VM-120<->VM-26
 WARN 08-28 19:14:11,951 ExecutorChannelManagerMap:95 [pool-16-thread-6] - Cannot connnect VM-120<->VM-25
 WARN 08-28 19:14:11,951 ExecutorChannelManagerMap:95 [pool-16-thread-6] - Cannot connnect VM-120<->VM-24
 WARN 08-28 19:14:11,951 ExecutorChannelManagerMap:95 [pool-16-thread-6] - Cannot connnect VM-120<->VM-23
 WARN 08-28 19:14:11,951 ExecutorChannelManagerMap:95 [pool-16-thread-6] - Cannot connnect VM-120<->VM-22
 WARN 08-28 19:14:11,951 ExecutorChannelManagerMap:106 [pool-16-thread-6] - Executor Executor4 already registered
 WARN 08-28 19:14:11,951 ExecutorChannelManagerMap:95 [pool-16-thread-6] - Cannot connnect VM-120<->VM-21
 WARN 08-28 19:14:11,951 ExecutorChannelManagerMap:106 [pool-16-thread-6] - Executor Executor3 already registered
 WARN 08-28 19:14:11,951 ExecutorChannelManagerMap:95 [pool-16-thread-6] - Cannot connnect VM-120<->VM-20
 WARN 08-28 19:14:11,951 ExecutorChannelManagerMap:95 [pool-16-thread-6] - Cannot connnect VM-120<->VM-39
 WARN 08-28 19:14:11,951 ExecutorChannelManagerMap:95 [pool-16-thread-6] - Cannot connnect VM-120<->VM-38
 WARN 08-28 19:14:11,951 ExecutorChannelManagerMap:95 [pool-16-thread-6] - Cannot connnect VM-120<->VM-37
 WARN 08-28 19:14:11,951 ExecutorChannelManagerMap:95 [pool-16-thread-6] - Cannot connnect VM-120<->VM-36
 WARN 08-28 19:14:11,951 ExecutorChannelManagerMap:95 [pool-16-thread-6] - Cannot connnect VM-120<->VM-35
 WARN 08-28 19:14:11,951 ExecutorChannelManagerMap:95 [pool-16-thread-6] - Cannot connnect VM-120<->VM-34
 WARN 08-28 19:14:11,951 ExecutorChannelManagerMap:95 [pool-16-thread-6] - Cannot connnect VM-120<->VM-111
 WARN 08-28 19:14:11,951 ExecutorChannelManagerMap:95 [pool-16-thread-6] - Cannot connnect VM-120<->VM-33
 WARN 08-28 19:14:11,951 ExecutorChannelManagerMap:95 [pool-16-thread-6] - Cannot connnect VM-120<->VM-110
 WARN 08-28 19:14:11,951 ExecutorChannelManagerMap:95 [pool-16-thread-6] - Cannot connnect VM-120<->VM-32
 WARN 08-28 19:14:11,951 ExecutorChannelManagerMap:95 [pool-16-thread-6] - Cannot connnect VM-120<->VM-31
 WARN 08-28 19:14:11,951 ExecutorChannelManagerMap:95 [pool-16-thread-6] - Cannot connnect VM-120<->VM-30
 WARN 08-28 19:14:11,951 ExecutorChannelManagerMap:95 [pool-16-thread-6] - Cannot connnect VM-120<->VM-115
 WARN 08-28 19:14:11,951 ExecutorChannelManagerMap:95 [pool-16-thread-6] - Cannot connnect VM-120<->VM-114
 WARN 08-28 19:14:11,951 ExecutorChannelManagerMap:95 [pool-16-thread-6] - Cannot connnect VM-120<->VM-113
 WARN 08-28 19:14:11,951 ExecutorChannelManagerMap:95 [pool-16-thread-6] - Cannot connnect VM-120<->VM-112
 WARN 08-28 19:14:11,951 ExecutorChannelManagerMap:106 [pool-16-thread-6] - Executor Executor2 already registered
 WARN 08-28 19:14:11,952 ExecutorChannelManagerMap:106 [pool-16-thread-6] - Executor Executor1 already registered
 WARN 08-28 19:14:11,952 ExecutorChannelManagerMap:106 [pool-16-thread-6] - Executor Executor0 already registered
 WARN 08-28 19:14:11,952 ExecutorChannelManagerMap:95 [pool-16-thread-2] - Cannot connnect VM-120<->VM-89
 WARN 08-28 19:14:11,952 ExecutorChannelManagerMap:95 [pool-16-thread-2] - Cannot connnect VM-120<->VM-122
 WARN 08-28 19:14:11,952 ExecutorChannelManagerMap:95 [pool-16-thread-2] - Cannot connnect VM-120<->VM-88
 WARN 08-28 19:14:11,952 ExecutorChannelManagerMap:95 [pool-16-thread-2] - Cannot connnect VM-120<->VM-121
 WARN 08-28 19:14:11,952 ExecutorChannelManagerMap:95 [pool-16-thread-2] - Cannot connnect VM-120<->VM-87
 WARN 08-28 19:14:11,952 ExecutorChannelManagerMap:95 [pool-16-thread-2] - Cannot connnect VM-120<->VM-86
 WARN 08-28 19:14:11,952 ExecutorChannelManagerMap:95 [pool-16-thread-2] - Cannot connnect VM-120<->VM-85
 WARN 08-28 19:14:11,952 ExecutorChannelManagerMap:95 [pool-16-thread-2] - Cannot connnect VM-120<->VM-84
 WARN 08-28 19:14:11,952 ExecutorChannelManagerMap:95 [pool-16-thread-2] - Cannot connnect VM-120<->VM-83
 WARN 08-28 19:14:11,952 ExecutorChannelManagerMap:95 [pool-16-thread-2] - Cannot connnect VM-120<->VM-124
 WARN 08-28 19:14:11,952 ExecutorChannelManagerMap:95 [pool-16-thread-2] - Cannot connnect VM-120<->VM-82
 WARN 08-28 19:14:11,952 ExecutorChannelManagerMap:95 [pool-16-thread-2] - Cannot connnect VM-120<->VM-123
 WARN 08-28 19:14:11,952 ExecutorChannelManagerMap:95 [pool-16-thread-2] - Cannot connnect VM-120<->VM-81
 WARN 08-28 19:14:11,952 ExecutorChannelManagerMap:95 [pool-16-thread-2] - Cannot connnect VM-120<->VM-119
 WARN 08-28 19:14:11,952 ExecutorChannelManagerMap:95 [pool-16-thread-2] - Cannot connnect VM-120<->VM-80
 WARN 08-28 19:14:11,952 ExecutorChannelManagerMap:95 [pool-16-thread-2] - Cannot connnect VM-120<->VM-118
 WARN 08-28 19:14:11,952 ExecutorChannelManagerMap:95 [pool-16-thread-2] - Cannot connnect VM-120<->VM-117
 WARN 08-28 19:14:11,952 ExecutorChannelManagerMap:95 [pool-16-thread-2] - Cannot connnect VM-120<->VM-116
 WARN 08-28 19:14:11,952 ExecutorChannelManagerMap:95 [pool-16-thread-2] - Cannot connnect VM-120<->VM-19
 WARN 08-28 19:14:11,952 ExecutorChannelManagerMap:95 [pool-16-thread-2] - Cannot connnect VM-120<->VM-18
 WARN 08-28 19:14:11,952 ExecutorChannelManagerMap:95 [pool-16-thread-2] - Cannot connnect VM-120<->VM-17
 WARN 08-28 19:14:11,952 ExecutorChannelManagerMap:95 [pool-16-thread-2] - Cannot connnect VM-120<->VM-16
 WARN 08-28 19:14:11,952 ExecutorChannelManagerMap:95 [pool-16-thread-2] - Cannot connnect VM-120<->VM-15
 WARN 08-28 19:14:11,952 ExecutorChannelManagerMap:95 [pool-16-thread-2] - Cannot connnect VM-120<->VM-14
 WARN 08-28 19:14:11,952 ExecutorChannelManagerMap:95 [pool-16-thread-2] - Cannot connnect VM-120<->VM-13
 WARN 08-28 19:14:11,952 ExecutorChannelManagerMap:95 [pool-16-thread-2] - Cannot connnect VM-120<->VM-12
 WARN 08-28 19:14:11,953 ExecutorChannelManagerMap:95 [pool-16-thread-2] - Cannot connnect VM-120<->VM-11
 WARN 08-28 19:14:11,953 ExecutorChannelManagerMap:95 [pool-16-thread-2] - Cannot connnect VM-120<->VM-10
 WARN 08-28 19:14:11,953 ExecutorChannelManagerMap:95 [pool-16-thread-2] - Cannot connnect VM-120<->VM-90
 WARN 08-28 19:14:11,953 ExecutorChannelManagerMap:95 [pool-16-thread-2] - Cannot connnect VM-120<->VM-69
 WARN 08-28 19:14:11,953 ExecutorChannelManagerMap:95 [pool-16-thread-2] - Cannot connnect VM-120<->VM-68
 WARN 08-28 19:14:11,953 ExecutorChannelManagerMap:95 [pool-16-thread-2] - Cannot connnect VM-120<->VM-67
 WARN 08-28 19:14:11,953 ExecutorChannelManagerMap:95 [pool-16-thread-2] - Cannot connnect VM-120<->VM-66
 WARN 08-28 19:14:11,953 ExecutorChannelManagerMap:95 [pool-16-thread-2] - Cannot connnect VM-120<->VM-65
 WARN 08-28 19:14:11,953 ExecutorChannelManagerMap:95 [pool-16-thread-2] - Cannot connnect VM-120<->VM-64
 WARN 08-28 19:14:11,953 ExecutorChannelManagerMap:95 [pool-16-thread-2] - Cannot connnect VM-120<->VM-63
 WARN 08-28 19:14:11,953 ExecutorChannelManagerMap:95 [pool-16-thread-2] - Cannot connnect VM-120<->VM-62
 WARN 08-28 19:14:11,953 ExecutorChannelManagerMap:95 [pool-16-thread-2] - Cannot connnect VM-120<->VM-61
 WARN 08-28 19:14:11,953 ExecutorChannelManagerMap:95 [pool-16-thread-2] - Cannot connnect VM-120<->VM-60
 WARN 08-28 19:14:11,953 ExecutorChannelManagerMap:95 [pool-16-thread-2] - Cannot connnect VM-120<->VM-79
 WARN 08-28 19:14:11,953 ExecutorChannelManagerMap:95 [pool-16-thread-2] - Cannot connnect VM-120<->VM-78
 WARN 08-28 19:14:11,953 ExecutorChannelManagerMap:95 [pool-16-thread-2] - Cannot connnect VM-120<->VM-77
 WARN 08-28 19:14:11,953 ExecutorChannelManagerMap:95 [pool-16-thread-2] - Cannot connnect VM-120<->VM-76
 WARN 08-28 19:14:11,953 ExecutorChannelManagerMap:95 [pool-16-thread-2] - Cannot connnect VM-120<->VM-75
 WARN 08-28 19:14:11,953 ExecutorChannelManagerMap:95 [pool-16-thread-2] - Cannot connnect VM-120<->VM-74
 WARN 08-28 19:14:11,953 ExecutorChannelManagerMap:95 [pool-16-thread-2] - Cannot connnect VM-120<->VM-73
 WARN 08-28 19:14:11,953 ExecutorChannelManagerMap:95 [pool-16-thread-2] - Cannot connnect VM-120<->VM-72
 WARN 08-28 19:14:11,953 ExecutorChannelManagerMap:95 [pool-16-thread-2] - Cannot connnect VM-120<->VM-71
 WARN 08-28 19:14:11,953 ExecutorChannelManagerMap:95 [pool-16-thread-2] - Cannot connnect VM-120<->VM-70
 WARN 08-28 19:14:11,953 ExecutorChannelManagerMap:95 [pool-16-thread-2] - Cannot connnect VM-120<->VM-49
 WARN 08-28 19:14:11,953 ExecutorChannelManagerMap:95 [pool-16-thread-2] - Cannot connnect VM-120<->VM-48
 WARN 08-28 19:14:11,953 ExecutorChannelManagerMap:95 [pool-16-thread-2] - Cannot connnect VM-120<->VM-47
 WARN 08-28 19:14:11,953 ExecutorChannelManagerMap:95 [pool-16-thread-2] - Cannot connnect VM-120<->VM-46
 WARN 08-28 19:14:11,953 ExecutorChannelManagerMap:95 [pool-16-thread-2] - Cannot connnect VM-120<->VM-45
 WARN 08-28 19:14:11,953 ExecutorChannelManagerMap:95 [pool-16-thread-2] - Cannot connnect VM-120<->VM-6
 WARN 08-28 19:14:11,953 ExecutorChannelManagerMap:95 [pool-16-thread-2] - Cannot connnect VM-120<->VM-44
 WARN 08-28 19:14:11,954 ExecutorChannelManagerMap:95 [pool-16-thread-2] - Cannot connnect VM-120<->VM-7
 WARN 08-28 19:14:11,954 ExecutorChannelManagerMap:95 [pool-16-thread-2] - Cannot connnect VM-120<->VM-43
 WARN 08-28 19:14:11,954 ExecutorChannelManagerMap:95 [pool-16-thread-2] - Cannot connnect VM-120<->VM-8
 WARN 08-28 19:14:11,954 ExecutorChannelManagerMap:95 [pool-16-thread-2] - Cannot connnect VM-120<->VM-42
 WARN 08-28 19:14:11,954 ExecutorChannelManagerMap:95 [pool-16-thread-2] - Cannot connnect VM-120<->VM-9
 WARN 08-28 19:14:11,954 ExecutorChannelManagerMap:95 [pool-16-thread-2] - Cannot connnect VM-120<->VM-41
 WARN 08-28 19:14:11,954 ExecutorChannelManagerMap:95 [pool-16-thread-2] - Cannot connnect VM-120<->VM-40
 WARN 08-28 19:14:11,954 ExecutorChannelManagerMap:95 [pool-16-thread-2] - Cannot connnect VM-120<->VM-59
 WARN 08-28 19:14:11,954 ExecutorChannelManagerMap:95 [pool-16-thread-2] - Cannot connnect VM-120<->VM-58
 WARN 08-28 19:14:11,954 ExecutorChannelManagerMap:95 [pool-16-thread-2] - Cannot connnect VM-120<->VM-57
 WARN 08-28 19:14:11,954 ExecutorChannelManagerMap:95 [pool-16-thread-2] - Cannot connnect VM-120<->VM-56
 WARN 08-28 19:14:11,954 ExecutorChannelManagerMap:95 [pool-16-thread-2] - Cannot connnect VM-120<->VM-55
 WARN 08-28 19:14:11,954 ExecutorChannelManagerMap:95 [pool-16-thread-2] - Cannot connnect VM-120<->VM-54
 WARN 08-28 19:14:11,954 ExecutorChannelManagerMap:95 [pool-16-thread-2] - Cannot connnect VM-120<->VM-53
 WARN 08-28 19:14:11,954 ExecutorChannelManagerMap:95 [pool-16-thread-2] - Cannot connnect VM-120<->VM-52
 WARN 08-28 19:14:11,954 ExecutorChannelManagerMap:95 [pool-16-thread-2] - Cannot connnect VM-120<->VM-51
 WARN 08-28 19:14:11,954 ExecutorChannelManagerMap:95 [pool-16-thread-2] - Cannot connnect VM-120<->VM-50
 WARN 08-28 19:14:11,954 ExecutorChannelManagerMap:95 [pool-16-thread-2] - Cannot connnect VM-120<->VM-1
 WARN 08-28 19:14:11,954 ExecutorChannelManagerMap:95 [pool-16-thread-2] - Cannot connnect VM-120<->VM-2
 WARN 08-28 19:14:11,954 ExecutorChannelManagerMap:95 [pool-16-thread-2] - Cannot connnect VM-120<->VM-3
 WARN 08-28 19:14:11,954 ExecutorChannelManagerMap:95 [pool-16-thread-2] - Cannot connnect VM-120<->VM-4
 WARN 08-28 19:14:11,954 ExecutorChannelManagerMap:95 [pool-16-thread-2] - Cannot connnect VM-120<->VM-5
 WARN 08-28 19:14:11,954 ExecutorChannelManagerMap:95 [pool-16-thread-2] - Cannot connnect VM-120<->VM-29
 WARN 08-28 19:14:11,954 ExecutorChannelManagerMap:95 [pool-16-thread-2] - Cannot connnect VM-120<->VM-28
 WARN 08-28 19:14:11,954 ExecutorChannelManagerMap:95 [pool-16-thread-2] - Cannot connnect VM-120<->VM-27
 WARN 08-28 19:14:11,954 ExecutorChannelManagerMap:95 [pool-16-thread-2] - Cannot connnect VM-120<->VM-26
 WARN 08-28 19:14:11,955 ExecutorChannelManagerMap:95 [pool-16-thread-2] - Cannot connnect VM-120<->VM-25
 WARN 08-28 19:14:11,955 ExecutorChannelManagerMap:95 [pool-16-thread-2] - Cannot connnect VM-120<->VM-24
 WARN 08-28 19:14:11,955 ExecutorChannelManagerMap:95 [pool-16-thread-2] - Cannot connnect VM-120<->VM-23
 WARN 08-28 19:14:11,955 ExecutorChannelManagerMap:95 [pool-16-thread-2] - Cannot connnect VM-120<->VM-22
 WARN 08-28 19:14:11,955 ExecutorChannelManagerMap:106 [pool-16-thread-2] - Executor Executor4 already registered
 WARN 08-28 19:14:11,955 ExecutorChannelManagerMap:95 [pool-16-thread-2] - Cannot connnect VM-120<->VM-21
 WARN 08-28 19:14:11,955 ExecutorChannelManagerMap:106 [pool-16-thread-2] - Executor Executor3 already registered
 WARN 08-28 19:14:11,955 ExecutorChannelManagerMap:95 [pool-16-thread-2] - Cannot connnect VM-120<->VM-20
 WARN 08-28 19:14:11,955 ExecutorChannelManagerMap:95 [pool-16-thread-2] - Cannot connnect VM-120<->VM-104
 WARN 08-28 19:14:11,955 ExecutorChannelManagerMap:95 [pool-16-thread-2] - Cannot connnect VM-120<->VM-103
 WARN 08-28 19:14:11,955 ExecutorChannelManagerMap:95 [pool-16-thread-2] - Cannot connnect VM-120<->VM-39
 WARN 08-28 19:14:11,955 ExecutorChannelManagerMap:95 [pool-16-thread-2] - Cannot connnect VM-120<->VM-38
 WARN 08-28 19:14:11,955 ExecutorChannelManagerMap:95 [pool-16-thread-2] - Cannot connnect VM-120<->VM-37
 WARN 08-28 19:14:11,955 ExecutorChannelManagerMap:95 [pool-16-thread-2] - Cannot connnect VM-120<->VM-36
 WARN 08-28 19:14:11,955 ExecutorChannelManagerMap:95 [pool-16-thread-2] - Cannot connnect VM-120<->VM-35
 WARN 08-28 19:14:11,955 ExecutorChannelManagerMap:95 [pool-16-thread-2] - Cannot connnect VM-120<->VM-34
 WARN 08-28 19:14:11,955 ExecutorChannelManagerMap:95 [pool-16-thread-2] - Cannot connnect VM-120<->VM-111
 WARN 08-28 19:14:11,955 ExecutorChannelManagerMap:95 [pool-16-thread-2] - Cannot connnect VM-120<->VM-33
 WARN 08-28 19:14:11,955 ExecutorChannelManagerMap:95 [pool-16-thread-2] - Cannot connnect VM-120<->VM-110
 WARN 08-28 19:14:11,955 ExecutorChannelManagerMap:95 [pool-16-thread-2] - Cannot connnect VM-120<->VM-32
 WARN 08-28 19:14:11,955 ExecutorChannelManagerMap:95 [pool-16-thread-2] - Cannot connnect VM-120<->VM-31
 WARN 08-28 19:14:11,955 ExecutorChannelManagerMap:95 [pool-16-thread-2] - Cannot connnect VM-120<->VM-30
 WARN 08-28 19:14:11,955 ExecutorChannelManagerMap:95 [pool-16-thread-2] - Cannot connnect VM-120<->VM-115
 WARN 08-28 19:14:11,955 ExecutorChannelManagerMap:95 [pool-16-thread-2] - Cannot connnect VM-120<->VM-114
 WARN 08-28 19:14:11,955 ExecutorChannelManagerMap:95 [pool-16-thread-2] - Cannot connnect VM-120<->VM-113
 WARN 08-28 19:14:11,955 ExecutorChannelManagerMap:95 [pool-16-thread-2] - Cannot connnect VM-120<->VM-112
 WARN 08-28 19:14:11,955 ExecutorChannelManagerMap:95 [pool-16-thread-2] - Cannot connnect VM-120<->VM-108
 WARN 08-28 19:14:11,955 ExecutorChannelManagerMap:95 [pool-16-thread-2] - Cannot connnect VM-120<->VM-107
 WARN 08-28 19:14:11,955 ExecutorChannelManagerMap:95 [pool-16-thread-2] - Cannot connnect VM-120<->VM-106
 WARN 08-28 19:14:11,956 ExecutorChannelManagerMap:95 [pool-16-thread-2] - Cannot connnect VM-120<->VM-105
 WARN 08-28 19:14:11,956 ExecutorChannelManagerMap:106 [pool-16-thread-2] - Executor Executor2 already registered
 WARN 08-28 19:14:11,956 ExecutorChannelManagerMap:106 [pool-16-thread-2] - Executor Executor1 already registered
 WARN 08-28 19:14:11,956 ExecutorChannelManagerMap:106 [pool-16-thread-2] - Executor Executor0 already registered
 WARN 08-28 19:14:11,956 ExecutorChannelManagerMap:95 [pool-16-thread-2] - Cannot connnect VM-120<->VM-109
 WARN 08-28 19:14:11,956 ExecutorChannelManagerMap:95 [pool-16-thread-5] - Cannot connnect VM-120<->VM-89
 WARN 08-28 19:14:11,956 ExecutorChannelManagerMap:95 [pool-16-thread-5] - Cannot connnect VM-120<->VM-122
 WARN 08-28 19:14:11,956 ExecutorChannelManagerMap:95 [pool-16-thread-5] - Cannot connnect VM-120<->VM-88
 WARN 08-28 19:14:11,956 ExecutorChannelManagerMap:95 [pool-16-thread-5] - Cannot connnect VM-120<->VM-121
 WARN 08-28 19:14:11,956 ExecutorChannelManagerMap:95 [pool-16-thread-5] - Cannot connnect VM-120<->VM-87
 WARN 08-28 19:14:11,956 ExecutorChannelManagerMap:95 [pool-16-thread-5] - Cannot connnect VM-120<->VM-86
 WARN 08-28 19:14:11,956 ExecutorChannelManagerMap:95 [pool-16-thread-5] - Cannot connnect VM-120<->VM-85
 WARN 08-28 19:14:11,956 ExecutorChannelManagerMap:95 [pool-16-thread-5] - Cannot connnect VM-120<->VM-84
 WARN 08-28 19:14:11,956 ExecutorChannelManagerMap:95 [pool-16-thread-5] - Cannot connnect VM-120<->VM-83
 WARN 08-28 19:14:11,956 ExecutorChannelManagerMap:95 [pool-16-thread-5] - Cannot connnect VM-120<->VM-124
 WARN 08-28 19:14:11,956 ExecutorChannelManagerMap:95 [pool-16-thread-5] - Cannot connnect VM-120<->VM-82
 WARN 08-28 19:14:11,956 ExecutorChannelManagerMap:95 [pool-16-thread-5] - Cannot connnect VM-120<->VM-123
 WARN 08-28 19:14:11,956 ExecutorChannelManagerMap:95 [pool-16-thread-5] - Cannot connnect VM-120<->VM-81
 WARN 08-28 19:14:11,956 ExecutorChannelManagerMap:95 [pool-16-thread-5] - Cannot connnect VM-120<->VM-119
 WARN 08-28 19:14:11,956 ExecutorChannelManagerMap:95 [pool-16-thread-5] - Cannot connnect VM-120<->VM-80
 WARN 08-28 19:14:11,956 ExecutorChannelManagerMap:95 [pool-16-thread-5] - Cannot connnect VM-120<->VM-118
 WARN 08-28 19:14:11,956 ExecutorChannelManagerMap:95 [pool-16-thread-5] - Cannot connnect VM-120<->VM-117
 WARN 08-28 19:14:11,956 ExecutorChannelManagerMap:95 [pool-16-thread-5] - Cannot connnect VM-120<->VM-116
 WARN 08-28 19:14:11,956 ExecutorChannelManagerMap:95 [pool-16-thread-5] - Cannot connnect VM-120<->VM-19
 WARN 08-28 19:14:11,957 ExecutorChannelManagerMap:95 [pool-16-thread-5] - Cannot connnect VM-120<->VM-18
 WARN 08-28 19:14:11,957 ExecutorChannelManagerMap:95 [pool-16-thread-5] - Cannot connnect VM-120<->VM-17
 WARN 08-28 19:14:11,957 ExecutorChannelManagerMap:95 [pool-16-thread-5] - Cannot connnect VM-120<->VM-16
 WARN 08-28 19:14:11,957 ExecutorChannelManagerMap:95 [pool-16-thread-5] - Cannot connnect VM-120<->VM-15
 WARN 08-28 19:14:11,957 ExecutorChannelManagerMap:95 [pool-16-thread-5] - Cannot connnect VM-120<->VM-14
 WARN 08-28 19:14:11,957 ExecutorChannelManagerMap:95 [pool-16-thread-5] - Cannot connnect VM-120<->VM-13
 WARN 08-28 19:14:11,957 ExecutorChannelManagerMap:95 [pool-16-thread-5] - Cannot connnect VM-120<->VM-12
 WARN 08-28 19:14:11,957 ExecutorChannelManagerMap:95 [pool-16-thread-5] - Cannot connnect VM-120<->VM-11
 WARN 08-28 19:14:11,957 ExecutorChannelManagerMap:95 [pool-16-thread-5] - Cannot connnect VM-120<->VM-10
 WARN 08-28 19:14:11,957 ExecutorChannelManagerMap:95 [pool-16-thread-5] - Cannot connnect VM-120<->VM-90
 WARN 08-28 19:14:11,957 ExecutorChannelManagerMap:95 [pool-16-thread-5] - Cannot connnect VM-120<->VM-69
 WARN 08-28 19:14:11,957 ExecutorChannelManagerMap:95 [pool-16-thread-5] - Cannot connnect VM-120<->VM-68
 WARN 08-28 19:14:11,957 ExecutorChannelManagerMap:95 [pool-16-thread-5] - Cannot connnect VM-120<->VM-67
 WARN 08-28 19:14:11,957 ExecutorChannelManagerMap:95 [pool-16-thread-5] - Cannot connnect VM-120<->VM-66
 WARN 08-28 19:14:11,957 ExecutorChannelManagerMap:95 [pool-16-thread-5] - Cannot connnect VM-120<->VM-65
 WARN 08-28 19:14:11,957 ExecutorChannelManagerMap:95 [pool-16-thread-5] - Cannot connnect VM-120<->VM-64
 WARN 08-28 19:14:11,957 ExecutorChannelManagerMap:95 [pool-16-thread-5] - Cannot connnect VM-120<->VM-63
 WARN 08-28 19:14:11,957 ExecutorChannelManagerMap:95 [pool-16-thread-5] - Cannot connnect VM-120<->VM-62
 WARN 08-28 19:14:11,957 ExecutorChannelManagerMap:95 [pool-16-thread-5] - Cannot connnect VM-120<->VM-61
 WARN 08-28 19:14:11,957 ExecutorChannelManagerMap:95 [pool-16-thread-5] - Cannot connnect VM-120<->VM-60
 WARN 08-28 19:14:11,957 ExecutorChannelManagerMap:95 [pool-16-thread-5] - Cannot connnect VM-120<->VM-79
 WARN 08-28 19:14:11,957 ExecutorChannelManagerMap:95 [pool-16-thread-5] - Cannot connnect VM-120<->VM-78
 WARN 08-28 19:14:11,957 ExecutorChannelManagerMap:95 [pool-16-thread-5] - Cannot connnect VM-120<->VM-77
 WARN 08-28 19:14:11,957 ExecutorChannelManagerMap:95 [pool-16-thread-5] - Cannot connnect VM-120<->VM-76
 WARN 08-28 19:14:11,957 ExecutorChannelManagerMap:95 [pool-16-thread-5] - Cannot connnect VM-120<->VM-75
 WARN 08-28 19:14:11,957 ExecutorChannelManagerMap:95 [pool-16-thread-5] - Cannot connnect VM-120<->VM-74
 WARN 08-28 19:14:11,957 ExecutorChannelManagerMap:95 [pool-16-thread-5] - Cannot connnect VM-120<->VM-73
 WARN 08-28 19:14:11,958 ExecutorChannelManagerMap:95 [pool-16-thread-5] - Cannot connnect VM-120<->VM-72
 WARN 08-28 19:14:11,958 ExecutorChannelManagerMap:95 [pool-16-thread-5] - Cannot connnect VM-120<->VM-71
 WARN 08-28 19:14:11,958 ExecutorChannelManagerMap:95 [pool-16-thread-5] - Cannot connnect VM-120<->VM-70
 WARN 08-28 19:14:11,958 ExecutorChannelManagerMap:95 [pool-16-thread-5] - Cannot connnect VM-120<->VM-49
 WARN 08-28 19:14:11,958 ExecutorChannelManagerMap:95 [pool-16-thread-5] - Cannot connnect VM-120<->VM-48
 WARN 08-28 19:14:11,958 ExecutorChannelManagerMap:95 [pool-16-thread-5] - Cannot connnect VM-120<->VM-47
 WARN 08-28 19:14:11,958 ExecutorChannelManagerMap:95 [pool-16-thread-5] - Cannot connnect VM-120<->VM-46
 WARN 08-28 19:14:11,958 ExecutorChannelManagerMap:95 [pool-16-thread-5] - Cannot connnect VM-120<->VM-45
 WARN 08-28 19:14:11,958 ExecutorChannelManagerMap:95 [pool-16-thread-5] - Cannot connnect VM-120<->VM-6
 WARN 08-28 19:14:11,958 ExecutorChannelManagerMap:95 [pool-16-thread-5] - Cannot connnect VM-120<->VM-44
 WARN 08-28 19:14:11,958 ExecutorChannelManagerMap:95 [pool-16-thread-5] - Cannot connnect VM-120<->VM-7
 WARN 08-28 19:14:11,958 ExecutorChannelManagerMap:95 [pool-16-thread-5] - Cannot connnect VM-120<->VM-43
 WARN 08-28 19:14:11,958 ExecutorChannelManagerMap:95 [pool-16-thread-5] - Cannot connnect VM-120<->VM-8
 WARN 08-28 19:14:11,958 ExecutorChannelManagerMap:95 [pool-16-thread-5] - Cannot connnect VM-120<->VM-42
 WARN 08-28 19:14:11,958 ExecutorChannelManagerMap:95 [pool-16-thread-5] - Cannot connnect VM-120<->VM-9
 WARN 08-28 19:14:11,958 ExecutorChannelManagerMap:95 [pool-16-thread-5] - Cannot connnect VM-120<->VM-41
 WARN 08-28 19:14:11,958 ExecutorChannelManagerMap:95 [pool-16-thread-5] - Cannot connnect VM-120<->VM-40
 WARN 08-28 19:14:11,958 ExecutorChannelManagerMap:95 [pool-16-thread-5] - Cannot connnect VM-120<->VM-59
 WARN 08-28 19:14:11,958 ExecutorChannelManagerMap:95 [pool-16-thread-5] - Cannot connnect VM-120<->VM-58
 WARN 08-28 19:14:11,958 ExecutorChannelManagerMap:95 [pool-16-thread-5] - Cannot connnect VM-120<->VM-57
 WARN 08-28 19:14:11,958 ExecutorChannelManagerMap:95 [pool-16-thread-5] - Cannot connnect VM-120<->VM-56
 WARN 08-28 19:14:11,958 ExecutorChannelManagerMap:95 [pool-16-thread-5] - Cannot connnect VM-120<->VM-55
 WARN 08-28 19:14:11,958 ExecutorChannelManagerMap:95 [pool-16-thread-5] - Cannot connnect VM-120<->VM-54
 WARN 08-28 19:14:11,958 ExecutorChannelManagerMap:95 [pool-16-thread-5] - Cannot connnect VM-120<->VM-53
 WARN 08-28 19:14:11,958 ExecutorChannelManagerMap:95 [pool-16-thread-5] - Cannot connnect VM-120<->VM-52
 WARN 08-28 19:14:11,958 ExecutorChannelManagerMap:95 [pool-16-thread-5] - Cannot connnect VM-120<->VM-51
 WARN 08-28 19:14:11,958 ExecutorChannelManagerMap:95 [pool-16-thread-5] - Cannot connnect VM-120<->VM-50
 WARN 08-28 19:14:11,959 ExecutorChannelManagerMap:95 [pool-16-thread-5] - Cannot connnect VM-120<->VM-1
 WARN 08-28 19:14:11,959 ExecutorChannelManagerMap:95 [pool-16-thread-5] - Cannot connnect VM-120<->VM-2
 WARN 08-28 19:14:11,959 ExecutorChannelManagerMap:95 [pool-16-thread-5] - Cannot connnect VM-120<->VM-3
 WARN 08-28 19:14:11,959 ExecutorChannelManagerMap:95 [pool-16-thread-5] - Cannot connnect VM-120<->VM-4
 WARN 08-28 19:14:11,959 ExecutorChannelManagerMap:95 [pool-16-thread-5] - Cannot connnect VM-120<->VM-5
 WARN 08-28 19:14:11,959 ExecutorChannelManagerMap:95 [pool-16-thread-5] - Cannot connnect VM-120<->VM-29
 WARN 08-28 19:14:11,959 ExecutorChannelManagerMap:95 [pool-16-thread-5] - Cannot connnect VM-120<->VM-28
 WARN 08-28 19:14:11,959 ExecutorChannelManagerMap:95 [pool-16-thread-5] - Cannot connnect VM-120<->VM-27
 WARN 08-28 19:14:11,959 ExecutorChannelManagerMap:95 [pool-16-thread-5] - Cannot connnect VM-120<->VM-26
 WARN 08-28 19:14:11,959 ExecutorChannelManagerMap:95 [pool-16-thread-5] - Cannot connnect VM-120<->VM-25
 WARN 08-28 19:14:11,959 ExecutorChannelManagerMap:95 [pool-16-thread-5] - Cannot connnect VM-120<->VM-24
 WARN 08-28 19:14:11,959 ExecutorChannelManagerMap:95 [pool-16-thread-5] - Cannot connnect VM-120<->VM-23
 WARN 08-28 19:14:11,959 ExecutorChannelManagerMap:95 [pool-16-thread-5] - Cannot connnect VM-120<->VM-22
 WARN 08-28 19:14:11,959 ExecutorChannelManagerMap:106 [pool-16-thread-5] - Executor Executor4 already registered
 WARN 08-28 19:14:11,959 ExecutorChannelManagerMap:95 [pool-16-thread-5] - Cannot connnect VM-120<->VM-21
 WARN 08-28 19:14:11,959 ExecutorChannelManagerMap:106 [pool-16-thread-5] - Executor Executor3 already registered
 WARN 08-28 19:14:11,959 ExecutorChannelManagerMap:95 [pool-16-thread-5] - Cannot connnect VM-120<->VM-20
 WARN 08-28 19:14:11,959 ExecutorChannelManagerMap:95 [pool-16-thread-5] - Cannot connnect VM-120<->VM-104
 WARN 08-28 19:14:11,959 ExecutorChannelManagerMap:95 [pool-16-thread-5] - Cannot connnect VM-120<->VM-103
 WARN 08-28 19:14:11,959 ExecutorChannelManagerMap:95 [pool-16-thread-5] - Cannot connnect VM-120<->VM-102
 WARN 08-28 19:14:11,959 ExecutorChannelManagerMap:95 [pool-16-thread-5] - Cannot connnect VM-120<->VM-39
 WARN 08-28 19:14:11,959 ExecutorChannelManagerMap:95 [pool-16-thread-5] - Cannot connnect VM-120<->VM-38
 WARN 08-28 19:14:11,959 ExecutorChannelManagerMap:95 [pool-16-thread-5] - Cannot connnect VM-120<->VM-37
 WARN 08-28 19:14:11,959 ExecutorChannelManagerMap:95 [pool-16-thread-5] - Cannot connnect VM-120<->VM-36
 WARN 08-28 19:14:11,959 ExecutorChannelManagerMap:95 [pool-16-thread-5] - Cannot connnect VM-120<->VM-35
 WARN 08-28 19:14:11,959 ExecutorChannelManagerMap:95 [pool-16-thread-5] - Cannot connnect VM-120<->VM-34
 WARN 08-28 19:14:11,959 ExecutorChannelManagerMap:95 [pool-16-thread-5] - Cannot connnect VM-120<->VM-111
 WARN 08-28 19:14:11,959 ExecutorChannelManagerMap:95 [pool-16-thread-5] - Cannot connnect VM-120<->VM-33
 WARN 08-28 19:14:11,959 ExecutorChannelManagerMap:95 [pool-16-thread-5] - Cannot connnect VM-120<->VM-110
 WARN 08-28 19:14:11,960 ExecutorChannelManagerMap:95 [pool-16-thread-5] - Cannot connnect VM-120<->VM-32
 WARN 08-28 19:14:11,960 ExecutorChannelManagerMap:95 [pool-16-thread-5] - Cannot connnect VM-120<->VM-31
 WARN 08-28 19:14:11,960 ExecutorChannelManagerMap:95 [pool-16-thread-5] - Cannot connnect VM-120<->VM-30
 WARN 08-28 19:14:11,960 ExecutorChannelManagerMap:95 [pool-16-thread-5] - Cannot connnect VM-120<->VM-115
 WARN 08-28 19:14:11,960 ExecutorChannelManagerMap:95 [pool-16-thread-5] - Cannot connnect VM-120<->VM-114
 WARN 08-28 19:14:11,960 ExecutorChannelManagerMap:95 [pool-16-thread-5] - Cannot connnect VM-120<->VM-113
 WARN 08-28 19:14:11,960 ExecutorChannelManagerMap:95 [pool-16-thread-5] - Cannot connnect VM-120<->VM-112
 WARN 08-28 19:14:11,960 ExecutorChannelManagerMap:95 [pool-16-thread-5] - Cannot connnect VM-120<->VM-108
 WARN 08-28 19:14:11,960 ExecutorChannelManagerMap:95 [pool-16-thread-5] - Cannot connnect VM-120<->VM-107
 WARN 08-28 19:14:11,960 ExecutorChannelManagerMap:95 [pool-16-thread-5] - Cannot connnect VM-120<->VM-106
 WARN 08-28 19:14:11,960 ExecutorChannelManagerMap:95 [pool-16-thread-5] - Cannot connnect VM-120<->VM-105
 WARN 08-28 19:14:11,960 ExecutorChannelManagerMap:106 [pool-16-thread-5] - Executor Executor2 already registered
 WARN 08-28 19:14:11,960 ExecutorChannelManagerMap:106 [pool-16-thread-5] - Executor Executor1 already registered
 WARN 08-28 19:14:11,960 ExecutorChannelManagerMap:106 [pool-16-thread-5] - Executor Executor0 already registered
 WARN 08-28 19:14:11,960 ExecutorChannelManagerMap:95 [pool-16-thread-5] - Cannot connnect VM-120<->VM-109
 WARN 08-28 19:14:11,969 ExecutorChannelManagerMap:95 [pool-16-thread-7] - Cannot connnect VM-120<->VM-89
 WARN 08-28 19:14:11,969 ExecutorChannelManagerMap:95 [pool-16-thread-7] - Cannot connnect VM-120<->VM-122
 WARN 08-28 19:14:11,969 ExecutorChannelManagerMap:95 [pool-16-thread-7] - Cannot connnect VM-120<->VM-88
 WARN 08-28 19:14:11,969 ExecutorChannelManagerMap:95 [pool-16-thread-7] - Cannot connnect VM-120<->VM-121
 WARN 08-28 19:14:11,969 ExecutorChannelManagerMap:95 [pool-16-thread-7] - Cannot connnect VM-120<->VM-87
 WARN 08-28 19:14:11,969 ExecutorChannelManagerMap:95 [pool-16-thread-7] - Cannot connnect VM-120<->VM-86
 WARN 08-28 19:14:11,969 ExecutorChannelManagerMap:95 [pool-16-thread-7] - Cannot connnect VM-120<->VM-85
 WARN 08-28 19:14:11,969 ExecutorChannelManagerMap:95 [pool-16-thread-7] - Cannot connnect VM-120<->VM-84
 WARN 08-28 19:14:11,969 ExecutorChannelManagerMap:95 [pool-16-thread-7] - Cannot connnect VM-120<->VM-83
 WARN 08-28 19:14:11,969 ExecutorChannelManagerMap:95 [pool-16-thread-7] - Cannot connnect VM-120<->VM-124
 WARN 08-28 19:14:11,969 ExecutorChannelManagerMap:95 [pool-16-thread-7] - Cannot connnect VM-120<->VM-82
 WARN 08-28 19:14:11,969 ExecutorChannelManagerMap:95 [pool-16-thread-7] - Cannot connnect VM-120<->VM-123
 WARN 08-28 19:14:11,969 ExecutorChannelManagerMap:95 [pool-16-thread-7] - Cannot connnect VM-120<->VM-81
 WARN 08-28 19:14:11,969 ExecutorChannelManagerMap:95 [pool-16-thread-7] - Cannot connnect VM-120<->VM-119
 WARN 08-28 19:14:11,969 ExecutorChannelManagerMap:95 [pool-16-thread-7] - Cannot connnect VM-120<->VM-80
 WARN 08-28 19:14:11,969 ExecutorChannelManagerMap:95 [pool-16-thread-7] - Cannot connnect VM-120<->VM-118
 WARN 08-28 19:14:11,969 ExecutorChannelManagerMap:95 [pool-16-thread-7] - Cannot connnect VM-120<->VM-117
 WARN 08-28 19:14:11,969 ExecutorChannelManagerMap:95 [pool-16-thread-7] - Cannot connnect VM-120<->VM-116
 WARN 08-28 19:14:11,970 ExecutorChannelManagerMap:95 [pool-16-thread-7] - Cannot connnect VM-120<->VM-19
 WARN 08-28 19:14:11,970 ExecutorChannelManagerMap:95 [pool-16-thread-7] - Cannot connnect VM-120<->VM-18
 WARN 08-28 19:14:11,970 ExecutorChannelManagerMap:95 [pool-16-thread-7] - Cannot connnect VM-120<->VM-17
 WARN 08-28 19:14:11,970 ExecutorChannelManagerMap:95 [pool-16-thread-7] - Cannot connnect VM-120<->VM-16
 WARN 08-28 19:14:11,970 ExecutorChannelManagerMap:95 [pool-16-thread-7] - Cannot connnect VM-120<->VM-15
 WARN 08-28 19:14:11,970 ExecutorChannelManagerMap:95 [pool-16-thread-7] - Cannot connnect VM-120<->VM-14
 WARN 08-28 19:14:11,970 ExecutorChannelManagerMap:95 [pool-16-thread-7] - Cannot connnect VM-120<->VM-13
 WARN 08-28 19:14:11,970 ExecutorChannelManagerMap:95 [pool-16-thread-7] - Cannot connnect VM-120<->VM-12
 WARN 08-28 19:14:11,970 ExecutorChannelManagerMap:95 [pool-16-thread-7] - Cannot connnect VM-120<->VM-11
 WARN 08-28 19:14:11,970 ExecutorChannelManagerMap:95 [pool-16-thread-7] - Cannot connnect VM-120<->VM-99
 WARN 08-28 19:14:11,970 ExecutorChannelManagerMap:95 [pool-16-thread-7] - Cannot connnect VM-120<->VM-10
 WARN 08-28 19:14:11,970 ExecutorChannelManagerMap:95 [pool-16-thread-7] - Cannot connnect VM-120<->VM-98
 WARN 08-28 19:14:11,970 ExecutorChannelManagerMap:95 [pool-16-thread-7] - Cannot connnect VM-120<->VM-97
 WARN 08-28 19:14:11,970 ExecutorChannelManagerMap:95 [pool-16-thread-7] - Cannot connnect VM-120<->VM-96
 WARN 08-28 19:14:11,970 ExecutorChannelManagerMap:95 [pool-16-thread-7] - Cannot connnect VM-120<->VM-95
 WARN 08-28 19:14:11,970 ExecutorChannelManagerMap:95 [pool-16-thread-7] - Cannot connnect VM-120<->VM-94
 WARN 08-28 19:14:11,970 ExecutorChannelManagerMap:95 [pool-16-thread-7] - Cannot connnect VM-120<->VM-93
 WARN 08-28 19:14:11,970 ExecutorChannelManagerMap:95 [pool-16-thread-7] - Cannot connnect VM-120<->VM-92
 WARN 08-28 19:14:11,970 ExecutorChannelManagerMap:95 [pool-16-thread-7] - Cannot connnect VM-120<->VM-90
 WARN 08-28 19:14:11,970 ExecutorChannelManagerMap:95 [pool-16-thread-7] - Cannot connnect VM-120<->VM-69
 WARN 08-28 19:14:11,970 ExecutorChannelManagerMap:95 [pool-16-thread-7] - Cannot connnect VM-120<->VM-68
 WARN 08-28 19:14:11,970 ExecutorChannelManagerMap:95 [pool-16-thread-7] - Cannot connnect VM-120<->VM-67
 WARN 08-28 19:14:11,970 ExecutorChannelManagerMap:95 [pool-16-thread-7] - Cannot connnect VM-120<->VM-66
 WARN 08-28 19:14:11,970 ExecutorChannelManagerMap:95 [pool-16-thread-7] - Cannot connnect VM-120<->VM-65
 WARN 08-28 19:14:11,970 ExecutorChannelManagerMap:95 [pool-16-thread-7] - Cannot connnect VM-120<->VM-64
 WARN 08-28 19:14:11,970 ExecutorChannelManagerMap:95 [pool-16-thread-7] - Cannot connnect VM-120<->VM-63
 WARN 08-28 19:14:11,970 ExecutorChannelManagerMap:95 [pool-16-thread-7] - Cannot connnect VM-120<->VM-62
 WARN 08-28 19:14:11,970 ExecutorChannelManagerMap:95 [pool-16-thread-7] - Cannot connnect VM-120<->VM-61
 WARN 08-28 19:14:11,970 ExecutorChannelManagerMap:95 [pool-16-thread-7] - Cannot connnect VM-120<->VM-60
 WARN 08-28 19:14:11,970 ExecutorChannelManagerMap:95 [pool-16-thread-7] - Cannot connnect VM-120<->VM-79
 WARN 08-28 19:14:11,970 ExecutorChannelManagerMap:95 [pool-16-thread-7] - Cannot connnect VM-120<->VM-78
 WARN 08-28 19:14:11,970 ExecutorChannelManagerMap:95 [pool-16-thread-7] - Cannot connnect VM-120<->VM-77
 WARN 08-28 19:14:11,970 ExecutorChannelManagerMap:95 [pool-16-thread-7] - Cannot connnect VM-120<->VM-76
 WARN 08-28 19:14:11,970 ExecutorChannelManagerMap:95 [pool-16-thread-7] - Cannot connnect VM-120<->VM-75
 WARN 08-28 19:14:11,970 ExecutorChannelManagerMap:95 [pool-16-thread-7] - Cannot connnect VM-120<->VM-74
 WARN 08-28 19:14:11,970 ExecutorChannelManagerMap:95 [pool-16-thread-7] - Cannot connnect VM-120<->VM-73
 WARN 08-28 19:14:11,971 ExecutorChannelManagerMap:95 [pool-16-thread-7] - Cannot connnect VM-120<->VM-72
 WARN 08-28 19:14:11,971 ExecutorChannelManagerMap:95 [pool-16-thread-7] - Cannot connnect VM-120<->VM-71
 WARN 08-28 19:14:11,971 ExecutorChannelManagerMap:95 [pool-16-thread-7] - Cannot connnect VM-120<->VM-70
 WARN 08-28 19:14:11,971 ExecutorChannelManagerMap:95 [pool-16-thread-7] - Cannot connnect VM-120<->VM-49
 WARN 08-28 19:14:11,971 ExecutorChannelManagerMap:95 [pool-16-thread-7] - Cannot connnect VM-120<->VM-48
 WARN 08-28 19:14:11,971 ExecutorChannelManagerMap:95 [pool-16-thread-7] - Cannot connnect VM-120<->VM-47
 WARN 08-28 19:14:11,971 ExecutorChannelManagerMap:95 [pool-16-thread-7] - Cannot connnect VM-120<->VM-46
 WARN 08-28 19:14:11,971 ExecutorChannelManagerMap:95 [pool-16-thread-7] - Cannot connnect VM-120<->VM-45
 WARN 08-28 19:14:11,971 ExecutorChannelManagerMap:95 [pool-16-thread-7] - Cannot connnect VM-120<->VM-6
 WARN 08-28 19:14:11,971 ExecutorChannelManagerMap:95 [pool-16-thread-7] - Cannot connnect VM-120<->VM-44
 WARN 08-28 19:14:11,971 ExecutorChannelManagerMap:95 [pool-16-thread-7] - Cannot connnect VM-120<->VM-7
 WARN 08-28 19:14:11,971 ExecutorChannelManagerMap:95 [pool-16-thread-7] - Cannot connnect VM-120<->VM-43
 WARN 08-28 19:14:11,971 ExecutorChannelManagerMap:95 [pool-16-thread-7] - Cannot connnect VM-120<->VM-8
 WARN 08-28 19:14:11,971 ExecutorChannelManagerMap:95 [pool-16-thread-7] - Cannot connnect VM-120<->VM-42
 WARN 08-28 19:14:11,971 ExecutorChannelManagerMap:95 [pool-16-thread-7] - Cannot connnect VM-120<->VM-9
 WARN 08-28 19:14:11,971 ExecutorChannelManagerMap:95 [pool-16-thread-7] - Cannot connnect VM-120<->VM-41
 WARN 08-28 19:14:11,971 ExecutorChannelManagerMap:95 [pool-16-thread-7] - Cannot connnect VM-120<->VM-40
 WARN 08-28 19:14:11,971 ExecutorChannelManagerMap:95 [pool-16-thread-7] - Cannot connnect VM-120<->VM-59
 WARN 08-28 19:14:11,971 ExecutorChannelManagerMap:95 [pool-16-thread-7] - Cannot connnect VM-120<->VM-58
 WARN 08-28 19:14:11,971 ExecutorChannelManagerMap:95 [pool-16-thread-7] - Cannot connnect VM-120<->VM-57
 WARN 08-28 19:14:11,971 ExecutorChannelManagerMap:95 [pool-16-thread-7] - Cannot connnect VM-120<->VM-56
 WARN 08-28 19:14:11,971 ExecutorChannelManagerMap:95 [pool-16-thread-7] - Cannot connnect VM-120<->VM-55
 WARN 08-28 19:14:11,971 ExecutorChannelManagerMap:95 [pool-16-thread-7] - Cannot connnect VM-120<->VM-54
 WARN 08-28 19:14:11,971 ExecutorChannelManagerMap:95 [pool-16-thread-7] - Cannot connnect VM-120<->VM-53
 WARN 08-28 19:14:11,971 ExecutorChannelManagerMap:95 [pool-16-thread-7] - Cannot connnect VM-120<->VM-52
 WARN 08-28 19:14:11,971 ExecutorChannelManagerMap:95 [pool-16-thread-7] - Cannot connnect VM-120<->VM-51
 WARN 08-28 19:14:11,971 ExecutorChannelManagerMap:95 [pool-16-thread-7] - Cannot connnect VM-120<->VM-50
 WARN 08-28 19:14:11,971 ExecutorChannelManagerMap:95 [pool-16-thread-7] - Cannot connnect VM-120<->VM-1
 WARN 08-28 19:14:11,971 ExecutorChannelManagerMap:95 [pool-16-thread-7] - Cannot connnect VM-120<->VM-2
 WARN 08-28 19:14:11,971 ExecutorChannelManagerMap:95 [pool-16-thread-7] - Cannot connnect VM-120<->VM-3
 WARN 08-28 19:14:11,971 ExecutorChannelManagerMap:95 [pool-16-thread-7] - Cannot connnect VM-120<->VM-4
 WARN 08-28 19:14:11,971 ExecutorChannelManagerMap:95 [pool-16-thread-7] - Cannot connnect VM-120<->VM-5
 WARN 08-28 19:14:11,971 ExecutorChannelManagerMap:95 [pool-16-thread-7] - Cannot connnect VM-120<->VM-29
 WARN 08-28 19:14:11,971 ExecutorChannelManagerMap:95 [pool-16-thread-7] - Cannot connnect VM-120<->VM-28
 WARN 08-28 19:14:11,971 ExecutorChannelManagerMap:95 [pool-16-thread-7] - Cannot connnect VM-120<->VM-27
 WARN 08-28 19:14:11,972 ExecutorChannelManagerMap:95 [pool-16-thread-7] - Cannot connnect VM-120<->VM-26
 WARN 08-28 19:14:11,972 ExecutorChannelManagerMap:95 [pool-16-thread-7] - Cannot connnect VM-120<->VM-25
 WARN 08-28 19:14:11,972 ExecutorChannelManagerMap:95 [pool-16-thread-7] - Cannot connnect VM-120<->VM-24
 WARN 08-28 19:14:11,972 ExecutorChannelManagerMap:95 [pool-16-thread-7] - Cannot connnect VM-120<->VM-23
 WARN 08-28 19:14:11,972 ExecutorChannelManagerMap:95 [pool-16-thread-7] - Cannot connnect VM-120<->VM-100
 WARN 08-28 19:14:11,972 ExecutorChannelManagerMap:95 [pool-16-thread-7] - Cannot connnect VM-120<->VM-22
 WARN 08-28 19:14:11,972 ExecutorChannelManagerMap:106 [pool-16-thread-7] - Executor Executor4 already registered
 WARN 08-28 19:14:11,972 ExecutorChannelManagerMap:95 [pool-16-thread-7] - Cannot connnect VM-120<->VM-21
 WARN 08-28 19:14:11,972 ExecutorChannelManagerMap:106 [pool-16-thread-7] - Executor Executor3 already registered
 WARN 08-28 19:14:11,972 ExecutorChannelManagerMap:95 [pool-16-thread-7] - Cannot connnect VM-120<->VM-20
 WARN 08-28 19:14:11,972 ExecutorChannelManagerMap:95 [pool-16-thread-7] - Cannot connnect VM-120<->VM-104
 WARN 08-28 19:14:11,972 ExecutorChannelManagerMap:95 [pool-16-thread-7] - Cannot connnect VM-120<->VM-103
 WARN 08-28 19:14:11,972 ExecutorChannelManagerMap:95 [pool-16-thread-7] - Cannot connnect VM-120<->VM-102
 WARN 08-28 19:14:11,972 ExecutorChannelManagerMap:95 [pool-16-thread-7] - Cannot connnect VM-120<->VM-101
 WARN 08-28 19:14:11,972 ExecutorChannelManagerMap:95 [pool-16-thread-7] - Cannot connnect VM-120<->VM-39
 WARN 08-28 19:14:11,972 ExecutorChannelManagerMap:95 [pool-16-thread-7] - Cannot connnect VM-120<->VM-38
 WARN 08-28 19:14:11,972 ExecutorChannelManagerMap:95 [pool-16-thread-7] - Cannot connnect VM-120<->VM-37
 WARN 08-28 19:14:11,972 ExecutorChannelManagerMap:95 [pool-16-thread-7] - Cannot connnect VM-120<->VM-36
 WARN 08-28 19:14:11,972 ExecutorChannelManagerMap:95 [pool-16-thread-7] - Cannot connnect VM-120<->VM-35
 WARN 08-28 19:14:11,972 ExecutorChannelManagerMap:95 [pool-16-thread-7] - Cannot connnect VM-120<->VM-34
 WARN 08-28 19:14:11,972 ExecutorChannelManagerMap:95 [pool-16-thread-7] - Cannot connnect VM-120<->VM-111
 WARN 08-28 19:14:11,972 ExecutorChannelManagerMap:95 [pool-16-thread-7] - Cannot connnect VM-120<->VM-33
 WARN 08-28 19:14:11,973 ExecutorChannelManagerMap:95 [pool-16-thread-7] - Cannot connnect VM-120<->VM-110
 WARN 08-28 19:14:11,973 ExecutorChannelManagerMap:95 [pool-16-thread-7] - Cannot connnect VM-120<->VM-32
 WARN 08-28 19:14:11,973 ExecutorChannelManagerMap:95 [pool-16-thread-7] - Cannot connnect VM-120<->VM-31
 WARN 08-28 19:14:11,973 ExecutorChannelManagerMap:95 [pool-16-thread-7] - Cannot connnect VM-120<->VM-30
 WARN 08-28 19:14:11,973 ExecutorChannelManagerMap:95 [pool-16-thread-7] - Cannot connnect VM-120<->VM-115
 WARN 08-28 19:14:11,973 ExecutorChannelManagerMap:95 [pool-16-thread-7] - Cannot connnect VM-120<->VM-114
 WARN 08-28 19:14:11,973 ExecutorChannelManagerMap:95 [pool-16-thread-7] - Cannot connnect VM-120<->VM-113
 WARN 08-28 19:14:11,973 ExecutorChannelManagerMap:95 [pool-16-thread-7] - Cannot connnect VM-120<->VM-112
 WARN 08-28 19:14:11,973 ExecutorChannelManagerMap:95 [pool-16-thread-7] - Cannot connnect VM-120<->VM-108
 WARN 08-28 19:14:11,973 ExecutorChannelManagerMap:95 [pool-16-thread-7] - Cannot connnect VM-120<->VM-107
 WARN 08-28 19:14:11,973 ExecutorChannelManagerMap:95 [pool-16-thread-7] - Cannot connnect VM-120<->VM-106
 WARN 08-28 19:14:11,973 ExecutorChannelManagerMap:95 [pool-16-thread-7] - Cannot connnect VM-120<->VM-105
 WARN 08-28 19:14:11,973 ExecutorChannelManagerMap:106 [pool-16-thread-7] - Executor Executor2 already registered
 WARN 08-28 19:14:11,973 ExecutorChannelManagerMap:106 [pool-16-thread-7] - Executor Executor1 already registered
 WARN 08-28 19:14:11,973 ExecutorChannelManagerMap:106 [pool-16-thread-7] - Executor Executor0 already registered
 WARN 08-28 19:14:11,973 ExecutorChannelManagerMap:95 [pool-16-thread-7] - Cannot connnect VM-120<->VM-109
 INFO 08-28 19:14:11,978 Executor$ExecutorMessageReceiver:1433 [pool-16-thread-1] - Executor registered message received VM-89,VM-122,VM-88,VM-121,VM-87,VM-86,VM-85,VM-84,VM-83,VM-124,VM-82,VM-123,VM-81,VM-119,VM-80,VM-118,VM-117,VM-19,VM-18,VM-17,VM-16,VM-15,VM-14,VM-13,VM-12,VM-11,VM-10,VM-90,VM-69,VM-68,VM-67,VM-66,VM-65,VM-64,VM-63,VM-62,VM-61,VM-60,VM-79,VM-78,VM-77,VM-76,VM-75,VM-74,VM-73,VM-72,VM-71,VM-70,VM-49,VM-48,VM-47,VM-46,VM-45,VM-6,VM-44,VM-7,VM-43,VM-8,VM-42,VM-9,VM-41,VM-40,VM-59,VM-58,VM-57,VM-56,VM-55,VM-54,VM-53,VM-52,VM-51,VM-50,VM-1,VM-2,VM-3,VM-5,VM-29,VM-28,VM-27,VM-26,VM-25,VM-24,VM-23,VM-22,Executor4,VM-21,Executor3,VM-20,VM-39,VM-38,VM-37,VM-36,VM-35,VM-34,VM-33,VM-32,VM-31,VM-30,Executor2,Executor1,Executor0
 WARN 08-28 19:14:11,978 ExecutorChannelManagerMap:95 [pool-16-thread-1] - Cannot connnect VM-120<->VM-89
 WARN 08-28 19:14:11,979 ExecutorChannelManagerMap:95 [pool-16-thread-1] - Cannot connnect VM-120<->VM-122
 WARN 08-28 19:14:11,979 ExecutorChannelManagerMap:95 [pool-16-thread-1] - Cannot connnect VM-120<->VM-88
 WARN 08-28 19:14:11,979 ExecutorChannelManagerMap:95 [pool-16-thread-1] - Cannot connnect VM-120<->VM-121
 WARN 08-28 19:14:11,979 ExecutorChannelManagerMap:95 [pool-16-thread-1] - Cannot connnect VM-120<->VM-87
 WARN 08-28 19:14:11,979 ExecutorChannelManagerMap:95 [pool-16-thread-1] - Cannot connnect VM-120<->VM-86
 WARN 08-28 19:14:11,979 ExecutorChannelManagerMap:95 [pool-16-thread-1] - Cannot connnect VM-120<->VM-85
 WARN 08-28 19:14:11,979 ExecutorChannelManagerMap:95 [pool-16-thread-1] - Cannot connnect VM-120<->VM-84
 WARN 08-28 19:14:11,979 ExecutorChannelManagerMap:95 [pool-16-thread-1] - Cannot connnect VM-120<->VM-83
 WARN 08-28 19:14:11,979 ExecutorChannelManagerMap:95 [pool-16-thread-1] - Cannot connnect VM-120<->VM-124
 WARN 08-28 19:14:11,979 ExecutorChannelManagerMap:95 [pool-16-thread-1] - Cannot connnect VM-120<->VM-82
 WARN 08-28 19:14:11,979 ExecutorChannelManagerMap:95 [pool-16-thread-1] - Cannot connnect VM-120<->VM-123
 WARN 08-28 19:14:11,979 ExecutorChannelManagerMap:95 [pool-16-thread-1] - Cannot connnect VM-120<->VM-81
 WARN 08-28 19:14:11,979 ExecutorChannelManagerMap:95 [pool-16-thread-1] - Cannot connnect VM-120<->VM-119
 WARN 08-28 19:14:11,979 ExecutorChannelManagerMap:95 [pool-16-thread-1] - Cannot connnect VM-120<->VM-80
 WARN 08-28 19:14:11,979 ExecutorChannelManagerMap:95 [pool-16-thread-1] - Cannot connnect VM-120<->VM-118
 WARN 08-28 19:14:11,979 ExecutorChannelManagerMap:95 [pool-16-thread-1] - Cannot connnect VM-120<->VM-117
 WARN 08-28 19:14:11,979 ExecutorChannelManagerMap:95 [pool-16-thread-1] - Cannot connnect VM-120<->VM-19
 WARN 08-28 19:14:11,979 ExecutorChannelManagerMap:95 [pool-16-thread-1] - Cannot connnect VM-120<->VM-18
 WARN 08-28 19:14:11,979 ExecutorChannelManagerMap:95 [pool-16-thread-1] - Cannot connnect VM-120<->VM-17
 WARN 08-28 19:14:11,979 ExecutorChannelManagerMap:95 [pool-16-thread-1] - Cannot connnect VM-120<->VM-16
 WARN 08-28 19:14:11,979 ExecutorChannelManagerMap:95 [pool-16-thread-1] - Cannot connnect VM-120<->VM-15
 WARN 08-28 19:14:11,979 ExecutorChannelManagerMap:95 [pool-16-thread-1] - Cannot connnect VM-120<->VM-14
 WARN 08-28 19:14:11,979 ExecutorChannelManagerMap:95 [pool-16-thread-1] - Cannot connnect VM-120<->VM-13
 WARN 08-28 19:14:11,979 ExecutorChannelManagerMap:95 [pool-16-thread-1] - Cannot connnect VM-120<->VM-12
 WARN 08-28 19:14:11,979 ExecutorChannelManagerMap:95 [pool-16-thread-1] - Cannot connnect VM-120<->VM-11
 WARN 08-28 19:14:11,979 ExecutorChannelManagerMap:95 [pool-16-thread-1] - Cannot connnect VM-120<->VM-10
 WARN 08-28 19:14:11,979 ExecutorChannelManagerMap:95 [pool-16-thread-1] - Cannot connnect VM-120<->VM-90
 WARN 08-28 19:14:11,979 ExecutorChannelManagerMap:95 [pool-16-thread-1] - Cannot connnect VM-120<->VM-69
 WARN 08-28 19:14:11,979 ExecutorChannelManagerMap:95 [pool-16-thread-1] - Cannot connnect VM-120<->VM-68
 WARN 08-28 19:14:11,979 ExecutorChannelManagerMap:95 [pool-16-thread-1] - Cannot connnect VM-120<->VM-67
 WARN 08-28 19:14:11,979 ExecutorChannelManagerMap:95 [pool-16-thread-1] - Cannot connnect VM-120<->VM-66
 WARN 08-28 19:14:11,979 ExecutorChannelManagerMap:95 [pool-16-thread-1] - Cannot connnect VM-120<->VM-65
 WARN 08-28 19:14:11,980 ExecutorChannelManagerMap:95 [pool-16-thread-1] - Cannot connnect VM-120<->VM-64
 WARN 08-28 19:14:11,980 ExecutorChannelManagerMap:95 [pool-16-thread-1] - Cannot connnect VM-120<->VM-63
 WARN 08-28 19:14:11,980 ExecutorChannelManagerMap:95 [pool-16-thread-1] - Cannot connnect VM-120<->VM-62
 WARN 08-28 19:14:11,980 ExecutorChannelManagerMap:95 [pool-16-thread-1] - Cannot connnect VM-120<->VM-61
 WARN 08-28 19:14:11,980 ExecutorChannelManagerMap:95 [pool-16-thread-1] - Cannot connnect VM-120<->VM-60
 WARN 08-28 19:14:11,980 ExecutorChannelManagerMap:95 [pool-16-thread-1] - Cannot connnect VM-120<->VM-79
 WARN 08-28 19:14:11,980 ExecutorChannelManagerMap:95 [pool-16-thread-1] - Cannot connnect VM-120<->VM-78
 WARN 08-28 19:14:11,980 ExecutorChannelManagerMap:95 [pool-16-thread-1] - Cannot connnect VM-120<->VM-77
 WARN 08-28 19:14:11,980 ExecutorChannelManagerMap:95 [pool-16-thread-1] - Cannot connnect VM-120<->VM-76
 WARN 08-28 19:14:11,980 ExecutorChannelManagerMap:95 [pool-16-thread-1] - Cannot connnect VM-120<->VM-75
 WARN 08-28 19:14:11,980 ExecutorChannelManagerMap:95 [pool-16-thread-1] - Cannot connnect VM-120<->VM-74
 WARN 08-28 19:14:11,980 ExecutorChannelManagerMap:95 [pool-16-thread-1] - Cannot connnect VM-120<->VM-73
 WARN 08-28 19:14:11,980 ExecutorChannelManagerMap:95 [pool-16-thread-1] - Cannot connnect VM-120<->VM-72
 WARN 08-28 19:14:11,980 ExecutorChannelManagerMap:95 [pool-16-thread-1] - Cannot connnect VM-120<->VM-71
 WARN 08-28 19:14:11,980 ExecutorChannelManagerMap:95 [pool-16-thread-1] - Cannot connnect VM-120<->VM-70
 WARN 08-28 19:14:11,980 ExecutorChannelManagerMap:95 [pool-16-thread-1] - Cannot connnect VM-120<->VM-49
 WARN 08-28 19:14:11,980 ExecutorChannelManagerMap:95 [pool-16-thread-1] - Cannot connnect VM-120<->VM-48
 WARN 08-28 19:14:11,980 ExecutorChannelManagerMap:95 [pool-16-thread-1] - Cannot connnect VM-120<->VM-47
 WARN 08-28 19:14:11,980 ExecutorChannelManagerMap:95 [pool-16-thread-1] - Cannot connnect VM-120<->VM-46
 WARN 08-28 19:14:11,980 ExecutorChannelManagerMap:95 [pool-16-thread-1] - Cannot connnect VM-120<->VM-45
 WARN 08-28 19:14:11,980 ExecutorChannelManagerMap:95 [pool-16-thread-1] - Cannot connnect VM-120<->VM-6
 WARN 08-28 19:14:11,980 ExecutorChannelManagerMap:95 [pool-16-thread-1] - Cannot connnect VM-120<->VM-44
 WARN 08-28 19:14:11,980 ExecutorChannelManagerMap:95 [pool-16-thread-1] - Cannot connnect VM-120<->VM-7
 WARN 08-28 19:14:11,980 ExecutorChannelManagerMap:95 [pool-16-thread-1] - Cannot connnect VM-120<->VM-43
 WARN 08-28 19:14:11,980 ExecutorChannelManagerMap:95 [pool-16-thread-1] - Cannot connnect VM-120<->VM-8
 WARN 08-28 19:14:11,980 ExecutorChannelManagerMap:95 [pool-16-thread-1] - Cannot connnect VM-120<->VM-42
 WARN 08-28 19:14:11,980 ExecutorChannelManagerMap:95 [pool-16-thread-1] - Cannot connnect VM-120<->VM-9
 WARN 08-28 19:14:11,980 ExecutorChannelManagerMap:95 [pool-16-thread-1] - Cannot connnect VM-120<->VM-41
 WARN 08-28 19:14:11,980 ExecutorChannelManagerMap:95 [pool-16-thread-1] - Cannot connnect VM-120<->VM-40
 WARN 08-28 19:14:11,980 ExecutorChannelManagerMap:95 [pool-16-thread-1] - Cannot connnect VM-120<->VM-59
 WARN 08-28 19:14:11,980 ExecutorChannelManagerMap:95 [pool-16-thread-1] - Cannot connnect VM-120<->VM-58
 WARN 08-28 19:14:11,981 ExecutorChannelManagerMap:95 [pool-16-thread-1] - Cannot connnect VM-120<->VM-57
 WARN 08-28 19:14:11,981 ExecutorChannelManagerMap:95 [pool-16-thread-1] - Cannot connnect VM-120<->VM-56
 WARN 08-28 19:14:11,981 ExecutorChannelManagerMap:95 [pool-16-thread-1] - Cannot connnect VM-120<->VM-55
 WARN 08-28 19:14:11,981 ExecutorChannelManagerMap:95 [pool-16-thread-1] - Cannot connnect VM-120<->VM-54
 WARN 08-28 19:14:11,981 ExecutorChannelManagerMap:95 [pool-16-thread-1] - Cannot connnect VM-120<->VM-53
 WARN 08-28 19:14:11,981 ExecutorChannelManagerMap:95 [pool-16-thread-1] - Cannot connnect VM-120<->VM-52
 WARN 08-28 19:14:11,981 ExecutorChannelManagerMap:95 [pool-16-thread-1] - Cannot connnect VM-120<->VM-51
 WARN 08-28 19:14:11,981 ExecutorChannelManagerMap:95 [pool-16-thread-1] - Cannot connnect VM-120<->VM-50
 WARN 08-28 19:14:11,981 ExecutorChannelManagerMap:95 [pool-16-thread-1] - Cannot connnect VM-120<->VM-1
 WARN 08-28 19:14:11,981 ExecutorChannelManagerMap:95 [pool-16-thread-1] - Cannot connnect VM-120<->VM-2
 WARN 08-28 19:14:11,981 ExecutorChannelManagerMap:95 [pool-16-thread-1] - Cannot connnect VM-120<->VM-3
 WARN 08-28 19:14:11,981 ExecutorChannelManagerMap:95 [pool-16-thread-1] - Cannot connnect VM-120<->VM-5
 WARN 08-28 19:14:11,981 ExecutorChannelManagerMap:95 [pool-16-thread-1] - Cannot connnect VM-120<->VM-29
 WARN 08-28 19:14:11,981 ExecutorChannelManagerMap:95 [pool-16-thread-1] - Cannot connnect VM-120<->VM-28
 WARN 08-28 19:14:11,981 ExecutorChannelManagerMap:95 [pool-16-thread-1] - Cannot connnect VM-120<->VM-27
 WARN 08-28 19:14:11,981 ExecutorChannelManagerMap:95 [pool-16-thread-1] - Cannot connnect VM-120<->VM-26
 WARN 08-28 19:14:11,981 ExecutorChannelManagerMap:95 [pool-16-thread-1] - Cannot connnect VM-120<->VM-25
 WARN 08-28 19:14:11,981 ExecutorChannelManagerMap:95 [pool-16-thread-1] - Cannot connnect VM-120<->VM-24
 WARN 08-28 19:14:11,981 ExecutorChannelManagerMap:95 [pool-16-thread-1] - Cannot connnect VM-120<->VM-23
 WARN 08-28 19:14:11,981 ExecutorChannelManagerMap:95 [pool-16-thread-1] - Cannot connnect VM-120<->VM-22
 WARN 08-28 19:14:11,981 ExecutorChannelManagerMap:106 [pool-16-thread-1] - Executor Executor4 already registered
 WARN 08-28 19:14:11,981 ExecutorChannelManagerMap:95 [pool-16-thread-1] - Cannot connnect VM-120<->VM-21
 WARN 08-28 19:14:11,981 ExecutorChannelManagerMap:106 [pool-16-thread-1] - Executor Executor3 already registered
 WARN 08-28 19:14:11,981 ExecutorChannelManagerMap:95 [pool-16-thread-1] - Cannot connnect VM-120<->VM-20
 WARN 08-28 19:14:11,981 ExecutorChannelManagerMap:95 [pool-16-thread-1] - Cannot connnect VM-120<->VM-39
 WARN 08-28 19:14:11,981 ExecutorChannelManagerMap:95 [pool-16-thread-1] - Cannot connnect VM-120<->VM-38
 WARN 08-28 19:14:11,981 ExecutorChannelManagerMap:95 [pool-16-thread-1] - Cannot connnect VM-120<->VM-37
 WARN 08-28 19:14:11,981 ExecutorChannelManagerMap:95 [pool-16-thread-1] - Cannot connnect VM-120<->VM-36
 WARN 08-28 19:14:11,981 ExecutorChannelManagerMap:95 [pool-16-thread-1] - Cannot connnect VM-120<->VM-35
 WARN 08-28 19:14:11,981 ExecutorChannelManagerMap:95 [pool-16-thread-1] - Cannot connnect VM-120<->VM-34
 WARN 08-28 19:14:11,982 ExecutorChannelManagerMap:95 [pool-16-thread-1] - Cannot connnect VM-120<->VM-33
 WARN 08-28 19:14:11,982 ExecutorChannelManagerMap:95 [pool-16-thread-1] - Cannot connnect VM-120<->VM-32
 WARN 08-28 19:14:11,982 ExecutorChannelManagerMap:95 [pool-16-thread-1] - Cannot connnect VM-120<->VM-31
 WARN 08-28 19:14:11,982 ExecutorChannelManagerMap:95 [pool-16-thread-1] - Cannot connnect VM-120<->VM-30
 WARN 08-28 19:14:11,982 ExecutorChannelManagerMap:106 [pool-16-thread-1] - Executor Executor2 already registered
 WARN 08-28 19:14:11,982 ExecutorChannelManagerMap:106 [pool-16-thread-1] - Executor Executor1 already registered
 WARN 08-28 19:14:11,982 ExecutorChannelManagerMap:106 [pool-16-thread-1] - Executor Executor0 already registered
 INFO 08-28 19:14:11,982 Executor$ExecutorMessageReceiver:1433 [pool-16-thread-2] - Executor registered message received VM-89,VM-122,VM-88,VM-121,VM-87,VM-86,VM-85,VM-84,VM-83,VM-124,VM-82,VM-123,VM-81,VM-119,VM-80,VM-118,VM-117,VM-116,VM-19,VM-18,VM-17,VM-16,VM-15,VM-14,VM-13,VM-12,VM-11,VM-10,VM-90,VM-69,VM-68,VM-67,VM-66,VM-65,VM-64,VM-63,VM-62,VM-61,VM-60,VM-79,VM-78,VM-77,VM-76,VM-75,VM-74,VM-73,VM-72,VM-71,VM-70,VM-49,VM-48,VM-47,VM-46,VM-45,VM-6,VM-44,VM-7,VM-43,VM-8,VM-42,VM-9,VM-41,VM-40,VM-59,VM-58,VM-57,VM-56,VM-55,VM-54,VM-53,VM-52,VM-51,VM-50,VM-1,VM-2,VM-3,VM-5,VM-29,VM-28,VM-27,VM-26,VM-25,VM-24,VM-23,VM-22,Executor4,VM-21,Executor3,VM-20,VM-39,VM-38,VM-37,VM-36,VM-35,VM-34,VM-33,VM-32,VM-31,VM-30,VM-115,VM-114,VM-113,Executor2,Executor1,Executor0
 WARN 08-28 19:14:11,995 ExecutorChannelManagerMap:95 [pool-16-thread-2] - Cannot connnect VM-120<->VM-89
 WARN 08-28 19:14:11,995 ExecutorChannelManagerMap:95 [pool-16-thread-2] - Cannot connnect VM-120<->VM-122
 WARN 08-28 19:14:11,995 ExecutorChannelManagerMap:95 [pool-16-thread-2] - Cannot connnect VM-120<->VM-88
 WARN 08-28 19:14:11,995 ExecutorChannelManagerMap:95 [pool-16-thread-2] - Cannot connnect VM-120<->VM-121
 WARN 08-28 19:14:11,995 ExecutorChannelManagerMap:95 [pool-16-thread-2] - Cannot connnect VM-120<->VM-87
 WARN 08-28 19:14:11,996 ExecutorChannelManagerMap:95 [pool-16-thread-2] - Cannot connnect VM-120<->VM-86
 WARN 08-28 19:14:11,996 ExecutorChannelManagerMap:95 [pool-16-thread-2] - Cannot connnect VM-120<->VM-85
 WARN 08-28 19:14:11,996 ExecutorChannelManagerMap:95 [pool-16-thread-2] - Cannot connnect VM-120<->VM-84
 WARN 08-28 19:14:11,996 ExecutorChannelManagerMap:95 [pool-16-thread-2] - Cannot connnect VM-120<->VM-83
 WARN 08-28 19:14:11,996 ExecutorChannelManagerMap:95 [pool-16-thread-2] - Cannot connnect VM-120<->VM-124
 WARN 08-28 19:14:11,996 ExecutorChannelManagerMap:95 [pool-16-thread-2] - Cannot connnect VM-120<->VM-82
 WARN 08-28 19:14:11,996 ExecutorChannelManagerMap:95 [pool-16-thread-2] - Cannot connnect VM-120<->VM-123
 WARN 08-28 19:14:11,996 ExecutorChannelManagerMap:95 [pool-16-thread-2] - Cannot connnect VM-120<->VM-81
 WARN 08-28 19:14:11,996 ExecutorChannelManagerMap:95 [pool-16-thread-2] - Cannot connnect VM-120<->VM-119
 WARN 08-28 19:14:11,996 ExecutorChannelManagerMap:95 [pool-16-thread-2] - Cannot connnect VM-120<->VM-80
 WARN 08-28 19:14:11,996 ExecutorChannelManagerMap:95 [pool-16-thread-2] - Cannot connnect VM-120<->VM-118
 WARN 08-28 19:14:11,996 ExecutorChannelManagerMap:95 [pool-16-thread-2] - Cannot connnect VM-120<->VM-117
 WARN 08-28 19:14:11,996 ExecutorChannelManagerMap:95 [pool-16-thread-2] - Cannot connnect VM-120<->VM-116
 WARN 08-28 19:14:11,996 ExecutorChannelManagerMap:95 [pool-16-thread-2] - Cannot connnect VM-120<->VM-19
 WARN 08-28 19:14:11,996 ExecutorChannelManagerMap:95 [pool-16-thread-2] - Cannot connnect VM-120<->VM-18
 WARN 08-28 19:14:11,996 ExecutorChannelManagerMap:95 [pool-16-thread-2] - Cannot connnect VM-120<->VM-17
 WARN 08-28 19:14:11,996 ExecutorChannelManagerMap:95 [pool-16-thread-2] - Cannot connnect VM-120<->VM-16
 WARN 08-28 19:14:11,996 ExecutorChannelManagerMap:95 [pool-16-thread-2] - Cannot connnect VM-120<->VM-15
 WARN 08-28 19:14:11,996 ExecutorChannelManagerMap:95 [pool-16-thread-2] - Cannot connnect VM-120<->VM-14
 WARN 08-28 19:14:11,996 ExecutorChannelManagerMap:95 [pool-16-thread-2] - Cannot connnect VM-120<->VM-13
 WARN 08-28 19:14:11,996 ExecutorChannelManagerMap:95 [pool-16-thread-2] - Cannot connnect VM-120<->VM-12
 WARN 08-28 19:14:11,996 ExecutorChannelManagerMap:95 [pool-16-thread-2] - Cannot connnect VM-120<->VM-11
 WARN 08-28 19:14:11,996 ExecutorChannelManagerMap:95 [pool-16-thread-2] - Cannot connnect VM-120<->VM-10
 WARN 08-28 19:14:11,996 ExecutorChannelManagerMap:95 [pool-16-thread-2] - Cannot connnect VM-120<->VM-90
 WARN 08-28 19:14:11,996 ExecutorChannelManagerMap:95 [pool-16-thread-2] - Cannot connnect VM-120<->VM-69
 WARN 08-28 19:14:11,997 ExecutorChannelManagerMap:95 [pool-16-thread-2] - Cannot connnect VM-120<->VM-68
 WARN 08-28 19:14:11,997 ExecutorChannelManagerMap:95 [pool-16-thread-2] - Cannot connnect VM-120<->VM-67
 WARN 08-28 19:14:11,997 ExecutorChannelManagerMap:95 [pool-16-thread-2] - Cannot connnect VM-120<->VM-66
 WARN 08-28 19:14:11,997 ExecutorChannelManagerMap:95 [pool-16-thread-2] - Cannot connnect VM-120<->VM-65
 WARN 08-28 19:14:11,997 ExecutorChannelManagerMap:95 [pool-16-thread-2] - Cannot connnect VM-120<->VM-64
 WARN 08-28 19:14:11,997 ExecutorChannelManagerMap:95 [pool-16-thread-2] - Cannot connnect VM-120<->VM-63
 WARN 08-28 19:14:11,997 ExecutorChannelManagerMap:95 [pool-16-thread-2] - Cannot connnect VM-120<->VM-62
 WARN 08-28 19:14:11,997 ExecutorChannelManagerMap:95 [pool-16-thread-2] - Cannot connnect VM-120<->VM-61
 WARN 08-28 19:14:11,997 ExecutorChannelManagerMap:95 [pool-16-thread-2] - Cannot connnect VM-120<->VM-60
 WARN 08-28 19:14:11,997 ExecutorChannelManagerMap:95 [pool-16-thread-2] - Cannot connnect VM-120<->VM-79
 WARN 08-28 19:14:11,997 ExecutorChannelManagerMap:95 [pool-16-thread-2] - Cannot connnect VM-120<->VM-78
 WARN 08-28 19:14:11,997 ExecutorChannelManagerMap:95 [pool-16-thread-2] - Cannot connnect VM-120<->VM-77
 WARN 08-28 19:14:11,997 ExecutorChannelManagerMap:95 [pool-16-thread-2] - Cannot connnect VM-120<->VM-76
 WARN 08-28 19:14:11,997 ExecutorChannelManagerMap:95 [pool-16-thread-2] - Cannot connnect VM-120<->VM-75
 WARN 08-28 19:14:11,997 ExecutorChannelManagerMap:95 [pool-16-thread-2] - Cannot connnect VM-120<->VM-74
 WARN 08-28 19:14:11,997 ExecutorChannelManagerMap:95 [pool-16-thread-2] - Cannot connnect VM-120<->VM-73
 WARN 08-28 19:14:11,997 ExecutorChannelManagerMap:95 [pool-16-thread-2] - Cannot connnect VM-120<->VM-72
 WARN 08-28 19:14:11,997 ExecutorChannelManagerMap:95 [pool-16-thread-2] - Cannot connnect VM-120<->VM-71
 WARN 08-28 19:14:11,997 ExecutorChannelManagerMap:95 [pool-16-thread-2] - Cannot connnect VM-120<->VM-70
 WARN 08-28 19:14:11,997 ExecutorChannelManagerMap:95 [pool-16-thread-2] - Cannot connnect VM-120<->VM-49
 WARN 08-28 19:14:11,997 ExecutorChannelManagerMap:95 [pool-16-thread-2] - Cannot connnect VM-120<->VM-48
 WARN 08-28 19:14:11,997 ExecutorChannelManagerMap:95 [pool-16-thread-2] - Cannot connnect VM-120<->VM-47
 WARN 08-28 19:14:11,997 ExecutorChannelManagerMap:95 [pool-16-thread-2] - Cannot connnect VM-120<->VM-46
 WARN 08-28 19:14:11,997 ExecutorChannelManagerMap:95 [pool-16-thread-2] - Cannot connnect VM-120<->VM-45
 WARN 08-28 19:14:11,998 ExecutorChannelManagerMap:95 [pool-16-thread-2] - Cannot connnect VM-120<->VM-6
 WARN 08-28 19:14:11,998 ExecutorChannelManagerMap:95 [pool-16-thread-2] - Cannot connnect VM-120<->VM-44
 WARN 08-28 19:14:11,998 ExecutorChannelManagerMap:95 [pool-16-thread-2] - Cannot connnect VM-120<->VM-7
 WARN 08-28 19:14:11,998 ExecutorChannelManagerMap:95 [pool-16-thread-2] - Cannot connnect VM-120<->VM-43
 WARN 08-28 19:14:11,998 ExecutorChannelManagerMap:95 [pool-16-thread-2] - Cannot connnect VM-120<->VM-8
 WARN 08-28 19:14:11,998 ExecutorChannelManagerMap:95 [pool-16-thread-2] - Cannot connnect VM-120<->VM-42
 WARN 08-28 19:14:11,998 ExecutorChannelManagerMap:95 [pool-16-thread-2] - Cannot connnect VM-120<->VM-9
 WARN 08-28 19:14:11,998 ExecutorChannelManagerMap:95 [pool-16-thread-2] - Cannot connnect VM-120<->VM-41
 WARN 08-28 19:14:11,998 ExecutorChannelManagerMap:95 [pool-16-thread-2] - Cannot connnect VM-120<->VM-40
 WARN 08-28 19:14:11,998 ExecutorChannelManagerMap:95 [pool-16-thread-2] - Cannot connnect VM-120<->VM-59
 WARN 08-28 19:14:11,998 ExecutorChannelManagerMap:95 [pool-16-thread-2] - Cannot connnect VM-120<->VM-58
 WARN 08-28 19:14:11,998 ExecutorChannelManagerMap:95 [pool-16-thread-2] - Cannot connnect VM-120<->VM-57
 WARN 08-28 19:14:11,998 ExecutorChannelManagerMap:95 [pool-16-thread-2] - Cannot connnect VM-120<->VM-56
 WARN 08-28 19:14:11,998 ExecutorChannelManagerMap:95 [pool-16-thread-2] - Cannot connnect VM-120<->VM-55
 WARN 08-28 19:14:11,998 ExecutorChannelManagerMap:95 [pool-16-thread-2] - Cannot connnect VM-120<->VM-54
 WARN 08-28 19:14:11,998 ExecutorChannelManagerMap:95 [pool-16-thread-2] - Cannot connnect VM-120<->VM-53
 WARN 08-28 19:14:11,998 ExecutorChannelManagerMap:95 [pool-16-thread-2] - Cannot connnect VM-120<->VM-52
 WARN 08-28 19:14:11,998 ExecutorChannelManagerMap:95 [pool-16-thread-2] - Cannot connnect VM-120<->VM-51
 WARN 08-28 19:14:11,998 ExecutorChannelManagerMap:95 [pool-16-thread-2] - Cannot connnect VM-120<->VM-50
 WARN 08-28 19:14:11,998 ExecutorChannelManagerMap:95 [pool-16-thread-2] - Cannot connnect VM-120<->VM-1
 WARN 08-28 19:14:11,998 ExecutorChannelManagerMap:95 [pool-16-thread-2] - Cannot connnect VM-120<->VM-2
 WARN 08-28 19:14:11,998 ExecutorChannelManagerMap:95 [pool-16-thread-2] - Cannot connnect VM-120<->VM-3
 WARN 08-28 19:14:11,998 ExecutorChannelManagerMap:95 [pool-16-thread-2] - Cannot connnect VM-120<->VM-5
 WARN 08-28 19:14:11,998 ExecutorChannelManagerMap:95 [pool-16-thread-2] - Cannot connnect VM-120<->VM-29
 WARN 08-28 19:14:11,998 ExecutorChannelManagerMap:95 [pool-16-thread-2] - Cannot connnect VM-120<->VM-28
 WARN 08-28 19:14:11,998 ExecutorChannelManagerMap:95 [pool-16-thread-2] - Cannot connnect VM-120<->VM-27
 WARN 08-28 19:14:11,999 ExecutorChannelManagerMap:95 [pool-16-thread-2] - Cannot connnect VM-120<->VM-26
 WARN 08-28 19:14:11,999 ExecutorChannelManagerMap:95 [pool-16-thread-2] - Cannot connnect VM-120<->VM-25
 WARN 08-28 19:14:11,999 ExecutorChannelManagerMap:95 [pool-16-thread-2] - Cannot connnect VM-120<->VM-24
 WARN 08-28 19:14:11,999 ExecutorChannelManagerMap:95 [pool-16-thread-2] - Cannot connnect VM-120<->VM-23
 WARN 08-28 19:14:11,999 ExecutorChannelManagerMap:95 [pool-16-thread-2] - Cannot connnect VM-120<->VM-22
 WARN 08-28 19:14:11,999 ExecutorChannelManagerMap:106 [pool-16-thread-2] - Executor Executor4 already registered
 WARN 08-28 19:14:11,999 ExecutorChannelManagerMap:95 [pool-16-thread-2] - Cannot connnect VM-120<->VM-21
 WARN 08-28 19:14:11,999 ExecutorChannelManagerMap:106 [pool-16-thread-2] - Executor Executor3 already registered
 WARN 08-28 19:14:11,999 ExecutorChannelManagerMap:95 [pool-16-thread-2] - Cannot connnect VM-120<->VM-20
 WARN 08-28 19:14:11,999 ExecutorChannelManagerMap:95 [pool-16-thread-2] - Cannot connnect VM-120<->VM-39
 WARN 08-28 19:14:11,999 ExecutorChannelManagerMap:95 [pool-16-thread-2] - Cannot connnect VM-120<->VM-38
 WARN 08-28 19:14:11,999 ExecutorChannelManagerMap:95 [pool-16-thread-2] - Cannot connnect VM-120<->VM-37
 WARN 08-28 19:14:11,999 ExecutorChannelManagerMap:95 [pool-16-thread-2] - Cannot connnect VM-120<->VM-36
 WARN 08-28 19:14:11,999 ExecutorChannelManagerMap:95 [pool-16-thread-2] - Cannot connnect VM-120<->VM-35
 WARN 08-28 19:14:11,999 ExecutorChannelManagerMap:95 [pool-16-thread-2] - Cannot connnect VM-120<->VM-34
 WARN 08-28 19:14:11,999 ExecutorChannelManagerMap:95 [pool-16-thread-2] - Cannot connnect VM-120<->VM-33
 WARN 08-28 19:14:11,999 ExecutorChannelManagerMap:95 [pool-16-thread-2] - Cannot connnect VM-120<->VM-32
 WARN 08-28 19:14:11,999 ExecutorChannelManagerMap:95 [pool-16-thread-2] - Cannot connnect VM-120<->VM-31
 WARN 08-28 19:14:11,999 ExecutorChannelManagerMap:95 [pool-16-thread-2] - Cannot connnect VM-120<->VM-30
 WARN 08-28 19:14:11,999 ExecutorChannelManagerMap:95 [pool-16-thread-2] - Cannot connnect VM-120<->VM-115
 WARN 08-28 19:14:11,999 ExecutorChannelManagerMap:95 [pool-16-thread-2] - Cannot connnect VM-120<->VM-114
 WARN 08-28 19:14:11,999 ExecutorChannelManagerMap:95 [pool-16-thread-2] - Cannot connnect VM-120<->VM-113
 WARN 08-28 19:14:11,999 ExecutorChannelManagerMap:106 [pool-16-thread-2] - Executor Executor2 already registered
 WARN 08-28 19:14:12,000 ExecutorChannelManagerMap:106 [pool-16-thread-2] - Executor Executor1 already registered
 WARN 08-28 19:14:12,000 ExecutorChannelManagerMap:106 [pool-16-thread-2] - Executor Executor0 already registered
 INFO 08-28 19:14:11,986 Executor$ExecutorMessageReceiver:1433 [pool-16-thread-9] - Executor registered message received VM-89,VM-122,VM-88,VM-121,VM-87,VM-86,VM-85,VM-84,VM-83,VM-124,VM-82,VM-123,VM-81,VM-119,VM-80,VM-118,VM-117,VM-116,VM-19,VM-18,VM-17,VM-16,VM-15,VM-14,VM-13,VM-12,VM-11,VM-99,VM-10,VM-98,VM-97,VM-96,VM-95,VM-94,VM-93,VM-90,VM-69,VM-68,VM-67,VM-66,VM-65,VM-64,VM-63,VM-62,VM-61,VM-60,VM-79,VM-78,VM-77,VM-76,VM-75,VM-74,VM-73,VM-72,VM-71,VM-70,VM-49,VM-48,VM-47,VM-46,VM-45,VM-6,VM-44,VM-7,VM-43,VM-8,VM-42,VM-9,VM-41,VM-40,VM-59,VM-58,VM-57,VM-56,VM-55,VM-54,VM-53,VM-52,VM-51,VM-50,VM-1,VM-2,VM-3,VM-4,VM-5,VM-29,VM-28,VM-27,VM-26,VM-25,VM-24,VM-23,VM-100,VM-22,Executor4,VM-21,Executor3,VM-20,VM-104,VM-103,VM-102,VM-101,VM-39,VM-38,VM-37,VM-36,VM-35,VM-34,VM-111,VM-33,VM-110,VM-32,VM-31,VM-30,VM-115,VM-114,VM-113,VM-112,VM-108,VM-107,VM-106,VM-105,Executor2,Executor1,Executor0,VM-109
 INFO 08-28 19:14:11,985 Executor$ExecutorMessageReceiver:1433 [pool-16-thread-1] - Executor registered message received VM-89,VM-122,VM-88,VM-121,VM-87,VM-86,VM-85,VM-84,VM-83,VM-124,VM-82,VM-123,VM-81,VM-119,VM-80,VM-118,VM-117,VM-116,VM-19,VM-18,VM-17,VM-16,VM-15,VM-14,VM-13,VM-12,VM-11,VM-99,VM-10,VM-98,VM-97,VM-96,VM-95,VM-94,VM-90,VM-69,VM-68,VM-67,VM-66,VM-65,VM-64,VM-63,VM-62,VM-61,VM-60,VM-79,VM-78,VM-77,VM-76,VM-75,VM-74,VM-73,VM-72,VM-71,VM-70,VM-49,VM-48,VM-47,VM-46,VM-45,VM-6,VM-44,VM-7,VM-43,VM-8,VM-42,VM-9,VM-41,VM-40,VM-59,VM-58,VM-57,VM-56,VM-55,VM-54,VM-53,VM-52,VM-51,VM-50,VM-1,VM-2,VM-3,VM-4,VM-5,VM-29,VM-28,VM-27,VM-26,VM-25,VM-24,VM-23,VM-100,VM-22,Executor4,VM-21,Executor3,VM-20,VM-104,VM-103,VM-102,VM-101,VM-39,VM-38,VM-37,VM-36,VM-35,VM-34,VM-111,VM-33,VM-110,VM-32,VM-31,VM-30,VM-115,VM-114,VM-113,VM-112,VM-108,VM-107,VM-106,VM-105,Executor2,Executor1,Executor0,VM-109
 WARN 08-28 19:14:12,000 ExecutorChannelManagerMap:95 [pool-16-thread-1] - Cannot connnect VM-120<->VM-89
 WARN 08-28 19:14:12,000 ExecutorChannelManagerMap:95 [pool-16-thread-1] - Cannot connnect VM-120<->VM-122
 WARN 08-28 19:14:12,000 ExecutorChannelManagerMap:95 [pool-16-thread-1] - Cannot connnect VM-120<->VM-88
 WARN 08-28 19:14:12,000 ExecutorChannelManagerMap:95 [pool-16-thread-1] - Cannot connnect VM-120<->VM-121
 WARN 08-28 19:14:12,000 ExecutorChannelManagerMap:95 [pool-16-thread-1] - Cannot connnect VM-120<->VM-87
 WARN 08-28 19:14:12,000 ExecutorChannelManagerMap:95 [pool-16-thread-1] - Cannot connnect VM-120<->VM-86
 WARN 08-28 19:14:12,000 ExecutorChannelManagerMap:95 [pool-16-thread-1] - Cannot connnect VM-120<->VM-85
 WARN 08-28 19:14:12,000 ExecutorChannelManagerMap:95 [pool-16-thread-1] - Cannot connnect VM-120<->VM-84
 WARN 08-28 19:14:12,000 ExecutorChannelManagerMap:95 [pool-16-thread-1] - Cannot connnect VM-120<->VM-83
 WARN 08-28 19:14:12,000 ExecutorChannelManagerMap:95 [pool-16-thread-1] - Cannot connnect VM-120<->VM-124
 WARN 08-28 19:14:12,000 ExecutorChannelManagerMap:95 [pool-16-thread-1] - Cannot connnect VM-120<->VM-82
 WARN 08-28 19:14:12,000 ExecutorChannelManagerMap:95 [pool-16-thread-1] - Cannot connnect VM-120<->VM-123
 WARN 08-28 19:14:12,000 ExecutorChannelManagerMap:95 [pool-16-thread-1] - Cannot connnect VM-120<->VM-81
 WARN 08-28 19:14:12,000 ExecutorChannelManagerMap:95 [pool-16-thread-1] - Cannot connnect VM-120<->VM-119
 WARN 08-28 19:14:12,000 ExecutorChannelManagerMap:95 [pool-16-thread-1] - Cannot connnect VM-120<->VM-80
 WARN 08-28 19:14:12,000 ExecutorChannelManagerMap:95 [pool-16-thread-1] - Cannot connnect VM-120<->VM-118
 WARN 08-28 19:14:12,001 ExecutorChannelManagerMap:95 [pool-16-thread-1] - Cannot connnect VM-120<->VM-117
 WARN 08-28 19:14:12,001 ExecutorChannelManagerMap:95 [pool-16-thread-1] - Cannot connnect VM-120<->VM-116
 WARN 08-28 19:14:12,001 ExecutorChannelManagerMap:95 [pool-16-thread-1] - Cannot connnect VM-120<->VM-19
 WARN 08-28 19:14:12,001 ExecutorChannelManagerMap:95 [pool-16-thread-1] - Cannot connnect VM-120<->VM-18
 WARN 08-28 19:14:12,001 ExecutorChannelManagerMap:95 [pool-16-thread-1] - Cannot connnect VM-120<->VM-17
 WARN 08-28 19:14:12,001 ExecutorChannelManagerMap:95 [pool-16-thread-1] - Cannot connnect VM-120<->VM-16
 WARN 08-28 19:14:12,001 ExecutorChannelManagerMap:95 [pool-16-thread-1] - Cannot connnect VM-120<->VM-15
 WARN 08-28 19:14:12,001 ExecutorChannelManagerMap:95 [pool-16-thread-1] - Cannot connnect VM-120<->VM-14
 WARN 08-28 19:14:12,001 ExecutorChannelManagerMap:95 [pool-16-thread-1] - Cannot connnect VM-120<->VM-13
 WARN 08-28 19:14:12,001 ExecutorChannelManagerMap:95 [pool-16-thread-1] - Cannot connnect VM-120<->VM-12
 WARN 08-28 19:14:12,001 ExecutorChannelManagerMap:95 [pool-16-thread-1] - Cannot connnect VM-120<->VM-11
 WARN 08-28 19:14:12,001 ExecutorChannelManagerMap:95 [pool-16-thread-1] - Cannot connnect VM-120<->VM-99
 WARN 08-28 19:14:12,001 ExecutorChannelManagerMap:95 [pool-16-thread-1] - Cannot connnect VM-120<->VM-10
 WARN 08-28 19:14:12,001 ExecutorChannelManagerMap:95 [pool-16-thread-1] - Cannot connnect VM-120<->VM-98
 WARN 08-28 19:14:12,001 ExecutorChannelManagerMap:95 [pool-16-thread-1] - Cannot connnect VM-120<->VM-97
 WARN 08-28 19:14:12,001 ExecutorChannelManagerMap:95 [pool-16-thread-1] - Cannot connnect VM-120<->VM-96
 WARN 08-28 19:14:12,001 ExecutorChannelManagerMap:95 [pool-16-thread-1] - Cannot connnect VM-120<->VM-95
 WARN 08-28 19:14:12,001 ExecutorChannelManagerMap:95 [pool-16-thread-1] - Cannot connnect VM-120<->VM-94
 WARN 08-28 19:14:12,001 ExecutorChannelManagerMap:95 [pool-16-thread-1] - Cannot connnect VM-120<->VM-90
 WARN 08-28 19:14:12,001 ExecutorChannelManagerMap:95 [pool-16-thread-1] - Cannot connnect VM-120<->VM-69
 WARN 08-28 19:14:12,001 ExecutorChannelManagerMap:95 [pool-16-thread-1] - Cannot connnect VM-120<->VM-68
 WARN 08-28 19:14:12,001 ExecutorChannelManagerMap:95 [pool-16-thread-1] - Cannot connnect VM-120<->VM-67
 WARN 08-28 19:14:12,001 ExecutorChannelManagerMap:95 [pool-16-thread-1] - Cannot connnect VM-120<->VM-66
 WARN 08-28 19:14:12,001 ExecutorChannelManagerMap:95 [pool-16-thread-1] - Cannot connnect VM-120<->VM-65
 WARN 08-28 19:14:12,001 ExecutorChannelManagerMap:95 [pool-16-thread-1] - Cannot connnect VM-120<->VM-64
 WARN 08-28 19:14:12,001 ExecutorChannelManagerMap:95 [pool-16-thread-1] - Cannot connnect VM-120<->VM-63
 WARN 08-28 19:14:12,001 ExecutorChannelManagerMap:95 [pool-16-thread-1] - Cannot connnect VM-120<->VM-62
 WARN 08-28 19:14:12,001 ExecutorChannelManagerMap:95 [pool-16-thread-1] - Cannot connnect VM-120<->VM-61
 WARN 08-28 19:14:12,002 ExecutorChannelManagerMap:95 [pool-16-thread-1] - Cannot connnect VM-120<->VM-60
 WARN 08-28 19:14:12,002 ExecutorChannelManagerMap:95 [pool-16-thread-1] - Cannot connnect VM-120<->VM-79
 WARN 08-28 19:14:12,002 ExecutorChannelManagerMap:95 [pool-16-thread-1] - Cannot connnect VM-120<->VM-78
 WARN 08-28 19:14:12,002 ExecutorChannelManagerMap:95 [pool-16-thread-1] - Cannot connnect VM-120<->VM-77
 WARN 08-28 19:14:12,002 ExecutorChannelManagerMap:95 [pool-16-thread-1] - Cannot connnect VM-120<->VM-76
 WARN 08-28 19:14:12,002 ExecutorChannelManagerMap:95 [pool-16-thread-1] - Cannot connnect VM-120<->VM-75
 WARN 08-28 19:14:12,002 ExecutorChannelManagerMap:95 [pool-16-thread-1] - Cannot connnect VM-120<->VM-74
 WARN 08-28 19:14:12,002 ExecutorChannelManagerMap:95 [pool-16-thread-1] - Cannot connnect VM-120<->VM-73
 WARN 08-28 19:14:12,002 ExecutorChannelManagerMap:95 [pool-16-thread-1] - Cannot connnect VM-120<->VM-72
 WARN 08-28 19:14:12,002 ExecutorChannelManagerMap:95 [pool-16-thread-1] - Cannot connnect VM-120<->VM-71
 WARN 08-28 19:14:12,002 ExecutorChannelManagerMap:95 [pool-16-thread-1] - Cannot connnect VM-120<->VM-70
 WARN 08-28 19:14:12,002 ExecutorChannelManagerMap:95 [pool-16-thread-1] - Cannot connnect VM-120<->VM-49
 WARN 08-28 19:14:12,002 ExecutorChannelManagerMap:95 [pool-16-thread-1] - Cannot connnect VM-120<->VM-48
 WARN 08-28 19:14:12,002 ExecutorChannelManagerMap:95 [pool-16-thread-1] - Cannot connnect VM-120<->VM-47
 WARN 08-28 19:14:12,002 ExecutorChannelManagerMap:95 [pool-16-thread-1] - Cannot connnect VM-120<->VM-46
 WARN 08-28 19:14:12,002 ExecutorChannelManagerMap:95 [pool-16-thread-1] - Cannot connnect VM-120<->VM-45
 WARN 08-28 19:14:12,002 ExecutorChannelManagerMap:95 [pool-16-thread-1] - Cannot connnect VM-120<->VM-6
 WARN 08-28 19:14:12,002 ExecutorChannelManagerMap:95 [pool-16-thread-1] - Cannot connnect VM-120<->VM-44
 WARN 08-28 19:14:12,002 ExecutorChannelManagerMap:95 [pool-16-thread-1] - Cannot connnect VM-120<->VM-7
 WARN 08-28 19:14:12,002 ExecutorChannelManagerMap:95 [pool-16-thread-1] - Cannot connnect VM-120<->VM-43
 WARN 08-28 19:14:12,002 ExecutorChannelManagerMap:95 [pool-16-thread-1] - Cannot connnect VM-120<->VM-8
 WARN 08-28 19:14:12,002 ExecutorChannelManagerMap:95 [pool-16-thread-1] - Cannot connnect VM-120<->VM-42
 WARN 08-28 19:14:12,002 ExecutorChannelManagerMap:95 [pool-16-thread-1] - Cannot connnect VM-120<->VM-9
 WARN 08-28 19:14:12,002 ExecutorChannelManagerMap:95 [pool-16-thread-1] - Cannot connnect VM-120<->VM-41
 WARN 08-28 19:14:12,002 ExecutorChannelManagerMap:95 [pool-16-thread-1] - Cannot connnect VM-120<->VM-40
 WARN 08-28 19:14:12,002 ExecutorChannelManagerMap:95 [pool-16-thread-1] - Cannot connnect VM-120<->VM-59
 WARN 08-28 19:14:12,002 ExecutorChannelManagerMap:95 [pool-16-thread-1] - Cannot connnect VM-120<->VM-58
 WARN 08-28 19:14:12,002 ExecutorChannelManagerMap:95 [pool-16-thread-1] - Cannot connnect VM-120<->VM-57
 WARN 08-28 19:14:12,003 ExecutorChannelManagerMap:95 [pool-16-thread-1] - Cannot connnect VM-120<->VM-56
 WARN 08-28 19:14:12,003 ExecutorChannelManagerMap:95 [pool-16-thread-1] - Cannot connnect VM-120<->VM-55
 WARN 08-28 19:14:12,003 ExecutorChannelManagerMap:95 [pool-16-thread-1] - Cannot connnect VM-120<->VM-54
 WARN 08-28 19:14:12,003 ExecutorChannelManagerMap:95 [pool-16-thread-1] - Cannot connnect VM-120<->VM-53
 WARN 08-28 19:14:12,003 ExecutorChannelManagerMap:95 [pool-16-thread-1] - Cannot connnect VM-120<->VM-52
 WARN 08-28 19:14:12,003 ExecutorChannelManagerMap:95 [pool-16-thread-1] - Cannot connnect VM-120<->VM-51
 WARN 08-28 19:14:12,003 ExecutorChannelManagerMap:95 [pool-16-thread-1] - Cannot connnect VM-120<->VM-50
 WARN 08-28 19:14:12,003 ExecutorChannelManagerMap:95 [pool-16-thread-1] - Cannot connnect VM-120<->VM-1
 WARN 08-28 19:14:12,003 ExecutorChannelManagerMap:95 [pool-16-thread-1] - Cannot connnect VM-120<->VM-2
 WARN 08-28 19:14:12,003 ExecutorChannelManagerMap:95 [pool-16-thread-1] - Cannot connnect VM-120<->VM-3
 WARN 08-28 19:14:12,003 ExecutorChannelManagerMap:95 [pool-16-thread-1] - Cannot connnect VM-120<->VM-4
 WARN 08-28 19:14:12,003 ExecutorChannelManagerMap:95 [pool-16-thread-1] - Cannot connnect VM-120<->VM-5
 WARN 08-28 19:14:12,003 ExecutorChannelManagerMap:95 [pool-16-thread-1] - Cannot connnect VM-120<->VM-29
 WARN 08-28 19:14:12,003 ExecutorChannelManagerMap:95 [pool-16-thread-1] - Cannot connnect VM-120<->VM-28
 WARN 08-28 19:14:12,003 ExecutorChannelManagerMap:95 [pool-16-thread-1] - Cannot connnect VM-120<->VM-27
 WARN 08-28 19:14:12,003 ExecutorChannelManagerMap:95 [pool-16-thread-1] - Cannot connnect VM-120<->VM-26
 WARN 08-28 19:14:12,003 ExecutorChannelManagerMap:95 [pool-16-thread-1] - Cannot connnect VM-120<->VM-25
 WARN 08-28 19:14:12,003 ExecutorChannelManagerMap:95 [pool-16-thread-1] - Cannot connnect VM-120<->VM-24
 WARN 08-28 19:14:12,003 ExecutorChannelManagerMap:95 [pool-16-thread-1] - Cannot connnect VM-120<->VM-23
 WARN 08-28 19:14:12,003 ExecutorChannelManagerMap:95 [pool-16-thread-1] - Cannot connnect VM-120<->VM-100
 WARN 08-28 19:14:12,003 ExecutorChannelManagerMap:95 [pool-16-thread-1] - Cannot connnect VM-120<->VM-22
 WARN 08-28 19:14:12,003 ExecutorChannelManagerMap:106 [pool-16-thread-1] - Executor Executor4 already registered
 WARN 08-28 19:14:12,003 ExecutorChannelManagerMap:95 [pool-16-thread-1] - Cannot connnect VM-120<->VM-21
 WARN 08-28 19:14:12,003 ExecutorChannelManagerMap:106 [pool-16-thread-1] - Executor Executor3 already registered
 WARN 08-28 19:14:12,003 ExecutorChannelManagerMap:95 [pool-16-thread-1] - Cannot connnect VM-120<->VM-20
 WARN 08-28 19:14:12,003 ExecutorChannelManagerMap:95 [pool-16-thread-1] - Cannot connnect VM-120<->VM-104
 WARN 08-28 19:14:12,003 ExecutorChannelManagerMap:95 [pool-16-thread-1] - Cannot connnect VM-120<->VM-103
 WARN 08-28 19:14:12,003 ExecutorChannelManagerMap:95 [pool-16-thread-1] - Cannot connnect VM-120<->VM-102
 WARN 08-28 19:14:12,004 ExecutorChannelManagerMap:95 [pool-16-thread-1] - Cannot connnect VM-120<->VM-101
 WARN 08-28 19:14:12,004 ExecutorChannelManagerMap:95 [pool-16-thread-1] - Cannot connnect VM-120<->VM-39
 WARN 08-28 19:14:12,004 ExecutorChannelManagerMap:95 [pool-16-thread-1] - Cannot connnect VM-120<->VM-38
 WARN 08-28 19:14:12,004 ExecutorChannelManagerMap:95 [pool-16-thread-1] - Cannot connnect VM-120<->VM-37
 WARN 08-28 19:14:12,004 ExecutorChannelManagerMap:95 [pool-16-thread-1] - Cannot connnect VM-120<->VM-36
 WARN 08-28 19:14:12,004 ExecutorChannelManagerMap:95 [pool-16-thread-1] - Cannot connnect VM-120<->VM-35
 WARN 08-28 19:14:12,004 ExecutorChannelManagerMap:95 [pool-16-thread-1] - Cannot connnect VM-120<->VM-34
 WARN 08-28 19:14:12,004 ExecutorChannelManagerMap:95 [pool-16-thread-1] - Cannot connnect VM-120<->VM-111
 WARN 08-28 19:14:12,004 ExecutorChannelManagerMap:95 [pool-16-thread-1] - Cannot connnect VM-120<->VM-33
 WARN 08-28 19:14:12,004 ExecutorChannelManagerMap:95 [pool-16-thread-1] - Cannot connnect VM-120<->VM-110
 WARN 08-28 19:14:12,004 ExecutorChannelManagerMap:95 [pool-16-thread-1] - Cannot connnect VM-120<->VM-32
 WARN 08-28 19:14:12,004 ExecutorChannelManagerMap:95 [pool-16-thread-1] - Cannot connnect VM-120<->VM-31
 WARN 08-28 19:14:12,004 ExecutorChannelManagerMap:95 [pool-16-thread-1] - Cannot connnect VM-120<->VM-30
 WARN 08-28 19:14:12,004 ExecutorChannelManagerMap:95 [pool-16-thread-1] - Cannot connnect VM-120<->VM-115
 WARN 08-28 19:14:12,004 ExecutorChannelManagerMap:95 [pool-16-thread-1] - Cannot connnect VM-120<->VM-114
 WARN 08-28 19:14:12,004 ExecutorChannelManagerMap:95 [pool-16-thread-1] - Cannot connnect VM-120<->VM-113
 WARN 08-28 19:14:12,004 ExecutorChannelManagerMap:95 [pool-16-thread-1] - Cannot connnect VM-120<->VM-112
 WARN 08-28 19:14:12,004 ExecutorChannelManagerMap:95 [pool-16-thread-1] - Cannot connnect VM-120<->VM-108
 WARN 08-28 19:14:12,004 ExecutorChannelManagerMap:95 [pool-16-thread-1] - Cannot connnect VM-120<->VM-107
 WARN 08-28 19:14:12,004 ExecutorChannelManagerMap:95 [pool-16-thread-1] - Cannot connnect VM-120<->VM-106
 WARN 08-28 19:14:12,004 ExecutorChannelManagerMap:95 [pool-16-thread-1] - Cannot connnect VM-120<->VM-105
 WARN 08-28 19:14:12,004 ExecutorChannelManagerMap:106 [pool-16-thread-1] - Executor Executor2 already registered
 WARN 08-28 19:14:12,004 ExecutorChannelManagerMap:106 [pool-16-thread-1] - Executor Executor1 already registered
 WARN 08-28 19:14:12,004 ExecutorChannelManagerMap:106 [pool-16-thread-1] - Executor Executor0 already registered
 WARN 08-28 19:14:12,004 ExecutorChannelManagerMap:95 [pool-16-thread-1] - Cannot connnect VM-120<->VM-109
 INFO 08-28 19:14:11,982 Executor$ExecutorMessageReceiver:1433 [pool-16-thread-8] - Executor registered message received VM-89,VM-122,VM-88,VM-121,VM-87,VM-86,VM-85,VM-84,VM-83,VM-124,VM-82,VM-123,VM-81,VM-119,VM-80,VM-118,VM-117,VM-116,VM-19,VM-18,VM-17,VM-16,VM-15,VM-14,VM-13,VM-12,VM-11,VM-99,VM-10,VM-98,VM-97,VM-96,VM-95,VM-94,VM-93,VM-92,VM-91,VM-90,VM-69,VM-68,VM-67,VM-66,VM-65,VM-64,VM-63,VM-62,VM-61,VM-60,VM-79,VM-78,VM-77,VM-76,VM-75,VM-74,VM-73,VM-72,VM-71,VM-70,VM-49,VM-48,VM-47,VM-46,VM-45,VM-6,VM-44,VM-7,VM-43,VM-8,VM-42,VM-9,VM-41,VM-40,VM-59,VM-58,VM-57,VM-56,VM-55,VM-54,VM-53,VM-52,VM-51,VM-50,VM-1,VM-2,VM-3,VM-4,VM-5,VM-29,VM-28,VM-27,VM-26,VM-25,VM-24,VM-23,VM-100,VM-22,Executor4,VM-21,Executor3,VM-20,VM-104,VM-103,VM-102,VM-101,VM-39,VM-38,VM-37,VM-36,VM-35,VM-34,VM-111,VM-33,VM-110,VM-32,VM-31,VM-30,VM-115,VM-114,VM-113,VM-112,VM-108,VM-107,VM-106,VM-105,Executor2,Executor1,Executor0,VM-109
 WARN 08-28 19:14:12,007 ExecutorChannelManagerMap:95 [pool-16-thread-8] - Cannot connnect VM-120<->VM-89
 WARN 08-28 19:14:12,007 ExecutorChannelManagerMap:95 [pool-16-thread-8] - Cannot connnect VM-120<->VM-122
 WARN 08-28 19:14:12,007 ExecutorChannelManagerMap:95 [pool-16-thread-8] - Cannot connnect VM-120<->VM-88
 WARN 08-28 19:14:12,007 ExecutorChannelManagerMap:95 [pool-16-thread-8] - Cannot connnect VM-120<->VM-121
 WARN 08-28 19:14:12,007 ExecutorChannelManagerMap:95 [pool-16-thread-8] - Cannot connnect VM-120<->VM-87
 WARN 08-28 19:14:12,007 ExecutorChannelManagerMap:95 [pool-16-thread-8] - Cannot connnect VM-120<->VM-86
 WARN 08-28 19:14:12,007 ExecutorChannelManagerMap:95 [pool-16-thread-8] - Cannot connnect VM-120<->VM-85
 WARN 08-28 19:14:12,007 ExecutorChannelManagerMap:95 [pool-16-thread-8] - Cannot connnect VM-120<->VM-84
 WARN 08-28 19:14:12,007 ExecutorChannelManagerMap:95 [pool-16-thread-8] - Cannot connnect VM-120<->VM-83
 WARN 08-28 19:14:12,007 ExecutorChannelManagerMap:95 [pool-16-thread-8] - Cannot connnect VM-120<->VM-124
 WARN 08-28 19:14:12,007 ExecutorChannelManagerMap:95 [pool-16-thread-8] - Cannot connnect VM-120<->VM-82
 WARN 08-28 19:14:12,007 ExecutorChannelManagerMap:95 [pool-16-thread-8] - Cannot connnect VM-120<->VM-123
 WARN 08-28 19:14:12,007 ExecutorChannelManagerMap:95 [pool-16-thread-8] - Cannot connnect VM-120<->VM-81
 WARN 08-28 19:14:12,007 ExecutorChannelManagerMap:95 [pool-16-thread-8] - Cannot connnect VM-120<->VM-119
 WARN 08-28 19:14:12,007 ExecutorChannelManagerMap:95 [pool-16-thread-8] - Cannot connnect VM-120<->VM-80
 WARN 08-28 19:14:12,007 ExecutorChannelManagerMap:95 [pool-16-thread-8] - Cannot connnect VM-120<->VM-118
 WARN 08-28 19:14:12,007 ExecutorChannelManagerMap:95 [pool-16-thread-8] - Cannot connnect VM-120<->VM-117
 WARN 08-28 19:14:12,007 ExecutorChannelManagerMap:95 [pool-16-thread-8] - Cannot connnect VM-120<->VM-116
 WARN 08-28 19:14:12,007 ExecutorChannelManagerMap:95 [pool-16-thread-8] - Cannot connnect VM-120<->VM-19
 WARN 08-28 19:14:12,007 ExecutorChannelManagerMap:95 [pool-16-thread-8] - Cannot connnect VM-120<->VM-18
 WARN 08-28 19:14:12,007 ExecutorChannelManagerMap:95 [pool-16-thread-8] - Cannot connnect VM-120<->VM-17
 WARN 08-28 19:14:12,007 ExecutorChannelManagerMap:95 [pool-16-thread-8] - Cannot connnect VM-120<->VM-16
 WARN 08-28 19:14:12,007 ExecutorChannelManagerMap:95 [pool-16-thread-8] - Cannot connnect VM-120<->VM-15
 WARN 08-28 19:14:12,007 ExecutorChannelManagerMap:95 [pool-16-thread-8] - Cannot connnect VM-120<->VM-14
 WARN 08-28 19:14:12,008 ExecutorChannelManagerMap:95 [pool-16-thread-8] - Cannot connnect VM-120<->VM-13
 WARN 08-28 19:14:12,008 ExecutorChannelManagerMap:95 [pool-16-thread-8] - Cannot connnect VM-120<->VM-12
 WARN 08-28 19:14:12,008 ExecutorChannelManagerMap:95 [pool-16-thread-8] - Cannot connnect VM-120<->VM-11
 WARN 08-28 19:14:12,008 ExecutorChannelManagerMap:95 [pool-16-thread-8] - Cannot connnect VM-120<->VM-99
 WARN 08-28 19:14:12,008 ExecutorChannelManagerMap:95 [pool-16-thread-8] - Cannot connnect VM-120<->VM-10
 WARN 08-28 19:14:12,008 ExecutorChannelManagerMap:95 [pool-16-thread-8] - Cannot connnect VM-120<->VM-98
 WARN 08-28 19:14:12,008 ExecutorChannelManagerMap:95 [pool-16-thread-8] - Cannot connnect VM-120<->VM-97
 WARN 08-28 19:14:12,008 ExecutorChannelManagerMap:95 [pool-16-thread-8] - Cannot connnect VM-120<->VM-96
 WARN 08-28 19:14:12,008 ExecutorChannelManagerMap:95 [pool-16-thread-8] - Cannot connnect VM-120<->VM-95
 WARN 08-28 19:14:12,008 ExecutorChannelManagerMap:95 [pool-16-thread-8] - Cannot connnect VM-120<->VM-94
 WARN 08-28 19:14:12,008 ExecutorChannelManagerMap:95 [pool-16-thread-8] - Cannot connnect VM-120<->VM-93
 WARN 08-28 19:14:12,008 ExecutorChannelManagerMap:95 [pool-16-thread-8] - Cannot connnect VM-120<->VM-92
 WARN 08-28 19:14:12,008 ExecutorChannelManagerMap:95 [pool-16-thread-8] - Cannot connnect VM-120<->VM-91
 WARN 08-28 19:14:12,008 ExecutorChannelManagerMap:95 [pool-16-thread-8] - Cannot connnect VM-120<->VM-90
 WARN 08-28 19:14:12,008 ExecutorChannelManagerMap:95 [pool-16-thread-8] - Cannot connnect VM-120<->VM-69
 WARN 08-28 19:14:12,008 ExecutorChannelManagerMap:95 [pool-16-thread-8] - Cannot connnect VM-120<->VM-68
 WARN 08-28 19:14:12,008 ExecutorChannelManagerMap:95 [pool-16-thread-8] - Cannot connnect VM-120<->VM-67
 WARN 08-28 19:14:12,008 ExecutorChannelManagerMap:95 [pool-16-thread-8] - Cannot connnect VM-120<->VM-66
 WARN 08-28 19:14:12,008 ExecutorChannelManagerMap:95 [pool-16-thread-8] - Cannot connnect VM-120<->VM-65
 WARN 08-28 19:14:12,008 ExecutorChannelManagerMap:95 [pool-16-thread-8] - Cannot connnect VM-120<->VM-64
 WARN 08-28 19:14:12,008 ExecutorChannelManagerMap:95 [pool-16-thread-8] - Cannot connnect VM-120<->VM-63
 WARN 08-28 19:14:12,008 ExecutorChannelManagerMap:95 [pool-16-thread-8] - Cannot connnect VM-120<->VM-62
 WARN 08-28 19:14:12,009 ExecutorChannelManagerMap:95 [pool-16-thread-8] - Cannot connnect VM-120<->VM-61
 WARN 08-28 19:14:12,009 ExecutorChannelManagerMap:95 [pool-16-thread-8] - Cannot connnect VM-120<->VM-60
 WARN 08-28 19:14:12,009 ExecutorChannelManagerMap:95 [pool-16-thread-8] - Cannot connnect VM-120<->VM-79
 WARN 08-28 19:14:12,009 ExecutorChannelManagerMap:95 [pool-16-thread-8] - Cannot connnect VM-120<->VM-78
 WARN 08-28 19:14:12,009 ExecutorChannelManagerMap:95 [pool-16-thread-8] - Cannot connnect VM-120<->VM-77
 WARN 08-28 19:14:12,009 ExecutorChannelManagerMap:95 [pool-16-thread-8] - Cannot connnect VM-120<->VM-76
 WARN 08-28 19:14:12,009 ExecutorChannelManagerMap:95 [pool-16-thread-8] - Cannot connnect VM-120<->VM-75
 WARN 08-28 19:14:12,009 ExecutorChannelManagerMap:95 [pool-16-thread-8] - Cannot connnect VM-120<->VM-74
 WARN 08-28 19:14:12,009 ExecutorChannelManagerMap:95 [pool-16-thread-8] - Cannot connnect VM-120<->VM-73
 WARN 08-28 19:14:12,009 ExecutorChannelManagerMap:95 [pool-16-thread-8] - Cannot connnect VM-120<->VM-72
 WARN 08-28 19:14:12,009 ExecutorChannelManagerMap:95 [pool-16-thread-8] - Cannot connnect VM-120<->VM-71
 WARN 08-28 19:14:12,009 ExecutorChannelManagerMap:95 [pool-16-thread-8] - Cannot connnect VM-120<->VM-70
 WARN 08-28 19:14:12,009 ExecutorChannelManagerMap:95 [pool-16-thread-8] - Cannot connnect VM-120<->VM-49
 WARN 08-28 19:14:12,009 ExecutorChannelManagerMap:95 [pool-16-thread-8] - Cannot connnect VM-120<->VM-48
 WARN 08-28 19:14:12,009 ExecutorChannelManagerMap:95 [pool-16-thread-8] - Cannot connnect VM-120<->VM-47
 WARN 08-28 19:14:12,009 ExecutorChannelManagerMap:95 [pool-16-thread-8] - Cannot connnect VM-120<->VM-46
 WARN 08-28 19:14:12,009 ExecutorChannelManagerMap:95 [pool-16-thread-8] - Cannot connnect VM-120<->VM-45
 WARN 08-28 19:14:12,009 ExecutorChannelManagerMap:95 [pool-16-thread-8] - Cannot connnect VM-120<->VM-6
 WARN 08-28 19:14:12,009 ExecutorChannelManagerMap:95 [pool-16-thread-8] - Cannot connnect VM-120<->VM-44
 WARN 08-28 19:14:12,009 ExecutorChannelManagerMap:95 [pool-16-thread-8] - Cannot connnect VM-120<->VM-7
 WARN 08-28 19:14:12,009 ExecutorChannelManagerMap:95 [pool-16-thread-8] - Cannot connnect VM-120<->VM-43
 WARN 08-28 19:14:12,009 ExecutorChannelManagerMap:95 [pool-16-thread-8] - Cannot connnect VM-120<->VM-8
 WARN 08-28 19:14:12,009 ExecutorChannelManagerMap:95 [pool-16-thread-8] - Cannot connnect VM-120<->VM-42
 WARN 08-28 19:14:12,009 ExecutorChannelManagerMap:95 [pool-16-thread-8] - Cannot connnect VM-120<->VM-9
 WARN 08-28 19:14:12,010 ExecutorChannelManagerMap:95 [pool-16-thread-8] - Cannot connnect VM-120<->VM-41
 WARN 08-28 19:14:12,010 ExecutorChannelManagerMap:95 [pool-16-thread-8] - Cannot connnect VM-120<->VM-40
 WARN 08-28 19:14:12,010 ExecutorChannelManagerMap:95 [pool-16-thread-8] - Cannot connnect VM-120<->VM-59
 WARN 08-28 19:14:12,010 ExecutorChannelManagerMap:95 [pool-16-thread-8] - Cannot connnect VM-120<->VM-58
 WARN 08-28 19:14:12,010 ExecutorChannelManagerMap:95 [pool-16-thread-8] - Cannot connnect VM-120<->VM-57
 WARN 08-28 19:14:12,010 ExecutorChannelManagerMap:95 [pool-16-thread-8] - Cannot connnect VM-120<->VM-56
 WARN 08-28 19:14:12,010 ExecutorChannelManagerMap:95 [pool-16-thread-8] - Cannot connnect VM-120<->VM-55
 WARN 08-28 19:14:12,010 ExecutorChannelManagerMap:95 [pool-16-thread-8] - Cannot connnect VM-120<->VM-54
 WARN 08-28 19:14:12,010 ExecutorChannelManagerMap:95 [pool-16-thread-8] - Cannot connnect VM-120<->VM-53
 WARN 08-28 19:14:12,010 ExecutorChannelManagerMap:95 [pool-16-thread-8] - Cannot connnect VM-120<->VM-52
 WARN 08-28 19:14:12,010 ExecutorChannelManagerMap:95 [pool-16-thread-8] - Cannot connnect VM-120<->VM-51
 WARN 08-28 19:14:12,010 ExecutorChannelManagerMap:95 [pool-16-thread-8] - Cannot connnect VM-120<->VM-50
 WARN 08-28 19:14:12,010 ExecutorChannelManagerMap:95 [pool-16-thread-8] - Cannot connnect VM-120<->VM-1
 WARN 08-28 19:14:12,010 ExecutorChannelManagerMap:95 [pool-16-thread-8] - Cannot connnect VM-120<->VM-2
 WARN 08-28 19:14:12,010 ExecutorChannelManagerMap:95 [pool-16-thread-8] - Cannot connnect VM-120<->VM-3
 WARN 08-28 19:14:12,010 ExecutorChannelManagerMap:95 [pool-16-thread-8] - Cannot connnect VM-120<->VM-4
 WARN 08-28 19:14:12,010 ExecutorChannelManagerMap:95 [pool-16-thread-8] - Cannot connnect VM-120<->VM-5
 WARN 08-28 19:14:12,010 ExecutorChannelManagerMap:95 [pool-16-thread-8] - Cannot connnect VM-120<->VM-29
 WARN 08-28 19:14:12,010 ExecutorChannelManagerMap:95 [pool-16-thread-8] - Cannot connnect VM-120<->VM-28
 WARN 08-28 19:14:12,010 ExecutorChannelManagerMap:95 [pool-16-thread-8] - Cannot connnect VM-120<->VM-27
 WARN 08-28 19:14:12,010 ExecutorChannelManagerMap:95 [pool-16-thread-8] - Cannot connnect VM-120<->VM-26
 WARN 08-28 19:14:12,010 ExecutorChannelManagerMap:95 [pool-16-thread-8] - Cannot connnect VM-120<->VM-25
 WARN 08-28 19:14:12,010 ExecutorChannelManagerMap:95 [pool-16-thread-8] - Cannot connnect VM-120<->VM-24
 WARN 08-28 19:14:12,010 ExecutorChannelManagerMap:95 [pool-16-thread-8] - Cannot connnect VM-120<->VM-23
 WARN 08-28 19:14:12,010 ExecutorChannelManagerMap:95 [pool-16-thread-8] - Cannot connnect VM-120<->VM-100
 WARN 08-28 19:14:12,010 ExecutorChannelManagerMap:95 [pool-16-thread-8] - Cannot connnect VM-120<->VM-22
 WARN 08-28 19:14:12,011 ExecutorChannelManagerMap:106 [pool-16-thread-8] - Executor Executor4 already registered
 WARN 08-28 19:14:12,011 ExecutorChannelManagerMap:95 [pool-16-thread-8] - Cannot connnect VM-120<->VM-21
 WARN 08-28 19:14:12,011 ExecutorChannelManagerMap:106 [pool-16-thread-8] - Executor Executor3 already registered
 WARN 08-28 19:14:12,011 ExecutorChannelManagerMap:95 [pool-16-thread-8] - Cannot connnect VM-120<->VM-20
 WARN 08-28 19:14:12,011 ExecutorChannelManagerMap:95 [pool-16-thread-8] - Cannot connnect VM-120<->VM-104
 WARN 08-28 19:14:12,011 ExecutorChannelManagerMap:95 [pool-16-thread-8] - Cannot connnect VM-120<->VM-103
 WARN 08-28 19:14:12,011 ExecutorChannelManagerMap:95 [pool-16-thread-8] - Cannot connnect VM-120<->VM-102
 WARN 08-28 19:14:12,011 ExecutorChannelManagerMap:95 [pool-16-thread-8] - Cannot connnect VM-120<->VM-101
 WARN 08-28 19:14:12,011 ExecutorChannelManagerMap:95 [pool-16-thread-8] - Cannot connnect VM-120<->VM-39
 WARN 08-28 19:14:12,011 ExecutorChannelManagerMap:95 [pool-16-thread-8] - Cannot connnect VM-120<->VM-38
 WARN 08-28 19:14:12,011 ExecutorChannelManagerMap:95 [pool-16-thread-8] - Cannot connnect VM-120<->VM-37
 WARN 08-28 19:14:12,011 ExecutorChannelManagerMap:95 [pool-16-thread-8] - Cannot connnect VM-120<->VM-36
 WARN 08-28 19:14:12,011 ExecutorChannelManagerMap:95 [pool-16-thread-8] - Cannot connnect VM-120<->VM-35
 WARN 08-28 19:14:12,011 ExecutorChannelManagerMap:95 [pool-16-thread-8] - Cannot connnect VM-120<->VM-34
 WARN 08-28 19:14:12,011 ExecutorChannelManagerMap:95 [pool-16-thread-8] - Cannot connnect VM-120<->VM-111
 WARN 08-28 19:14:12,011 ExecutorChannelManagerMap:95 [pool-16-thread-8] - Cannot connnect VM-120<->VM-33
 WARN 08-28 19:14:12,011 ExecutorChannelManagerMap:95 [pool-16-thread-8] - Cannot connnect VM-120<->VM-110
 WARN 08-28 19:14:12,011 ExecutorChannelManagerMap:95 [pool-16-thread-8] - Cannot connnect VM-120<->VM-32
 WARN 08-28 19:14:12,011 ExecutorChannelManagerMap:95 [pool-16-thread-8] - Cannot connnect VM-120<->VM-31
 WARN 08-28 19:14:12,011 ExecutorChannelManagerMap:95 [pool-16-thread-8] - Cannot connnect VM-120<->VM-30
 WARN 08-28 19:14:12,011 ExecutorChannelManagerMap:95 [pool-16-thread-8] - Cannot connnect VM-120<->VM-115
 WARN 08-28 19:14:12,011 ExecutorChannelManagerMap:95 [pool-16-thread-8] - Cannot connnect VM-120<->VM-114
 WARN 08-28 19:14:12,011 ExecutorChannelManagerMap:95 [pool-16-thread-8] - Cannot connnect VM-120<->VM-113
 WARN 08-28 19:14:12,011 ExecutorChannelManagerMap:95 [pool-16-thread-8] - Cannot connnect VM-120<->VM-112
 WARN 08-28 19:14:12,011 ExecutorChannelManagerMap:95 [pool-16-thread-8] - Cannot connnect VM-120<->VM-108
 WARN 08-28 19:14:12,012 ExecutorChannelManagerMap:95 [pool-16-thread-8] - Cannot connnect VM-120<->VM-107
 WARN 08-28 19:14:12,012 ExecutorChannelManagerMap:95 [pool-16-thread-8] - Cannot connnect VM-120<->VM-106
 WARN 08-28 19:14:12,012 ExecutorChannelManagerMap:95 [pool-16-thread-8] - Cannot connnect VM-120<->VM-105
 WARN 08-28 19:14:12,012 ExecutorChannelManagerMap:106 [pool-16-thread-8] - Executor Executor2 already registered
 WARN 08-28 19:14:12,012 ExecutorChannelManagerMap:106 [pool-16-thread-8] - Executor Executor1 already registered
 WARN 08-28 19:14:12,012 ExecutorChannelManagerMap:106 [pool-16-thread-8] - Executor Executor0 already registered
 WARN 08-28 19:14:12,012 ExecutorChannelManagerMap:95 [pool-16-thread-8] - Cannot connnect VM-120<->VM-109
 INFO 08-28 19:14:11,982 Executor$ExecutorMessageReceiver:1433 [pool-16-thread-7] - Executor registered message received VM-89,VM-122,VM-88,VM-121,VM-87,VM-86,VM-85,VM-84,VM-83,VM-124,VM-82,VM-123,VM-81,VM-119,VM-80,VM-118,VM-117,VM-116,VM-19,VM-18,VM-17,VM-16,VM-15,VM-14,VM-13,VM-12,VM-11,VM-10,VM-90,VM-69,VM-68,VM-67,VM-66,VM-65,VM-64,VM-63,VM-62,VM-61,VM-60,VM-79,VM-78,VM-77,VM-76,VM-75,VM-74,VM-73,VM-72,VM-71,VM-70,VM-49,VM-48,VM-47,VM-46,VM-45,VM-6,VM-44,VM-7,VM-43,VM-8,VM-42,VM-9,VM-41,VM-40,VM-59,VM-58,VM-57,VM-56,VM-55,VM-54,VM-53,VM-52,VM-51,VM-50,VM-1,VM-2,VM-3,VM-5,VM-29,VM-28,VM-27,VM-26,VM-25,VM-24,VM-23,VM-22,Executor4,VM-21,Executor3,VM-20,VM-39,VM-38,VM-37,VM-36,VM-35,VM-34,VM-111,VM-33,VM-32,VM-31,VM-30,VM-115,VM-114,VM-113,VM-112,Executor2,Executor1,Executor0
 INFO 08-28 19:14:11,982 Executor$ExecutorMessageReceiver:1433 [pool-16-thread-6] - Executor registered message received VM-89,VM-122,VM-88,VM-121,VM-87,VM-86,VM-85,VM-84,VM-83,VM-124,VM-82,VM-123,VM-81,VM-119,VM-80,VM-118,VM-117,VM-116,VM-19,VM-18,VM-17,VM-16,VM-15,VM-14,VM-13,VM-12,VM-11,VM-10,VM-90,VM-69,VM-68,VM-67,VM-66,VM-65,VM-64,VM-63,VM-62,VM-61,VM-60,VM-79,VM-78,VM-77,VM-76,VM-75,VM-74,VM-73,VM-72,VM-71,VM-70,VM-49,VM-48,VM-47,VM-46,VM-45,VM-6,VM-44,VM-7,VM-43,VM-8,VM-42,VM-9,VM-41,VM-40,VM-59,VM-58,VM-57,VM-56,VM-55,VM-54,VM-53,VM-52,VM-51,VM-50,VM-1,VM-2,VM-3,VM-5,VM-29,VM-28,VM-27,VM-26,VM-25,VM-24,VM-23,VM-22,Executor4,VM-21,Executor3,VM-20,VM-39,VM-38,VM-37,VM-36,VM-35,VM-34,VM-33,VM-32,VM-31,VM-30,VM-115,VM-114,Executor2,Executor1,Executor0
 WARN 08-28 19:14:12,012 ExecutorChannelManagerMap:95 [pool-16-thread-6] - Cannot connnect VM-120<->VM-89
 WARN 08-28 19:14:12,012 ExecutorChannelManagerMap:95 [pool-16-thread-6] - Cannot connnect VM-120<->VM-122
 WARN 08-28 19:14:12,012 ExecutorChannelManagerMap:95 [pool-16-thread-6] - Cannot connnect VM-120<->VM-88
 WARN 08-28 19:14:12,012 ExecutorChannelManagerMap:95 [pool-16-thread-6] - Cannot connnect VM-120<->VM-121
 WARN 08-28 19:14:12,012 ExecutorChannelManagerMap:95 [pool-16-thread-6] - Cannot connnect VM-120<->VM-87
 WARN 08-28 19:14:12,012 ExecutorChannelManagerMap:95 [pool-16-thread-6] - Cannot connnect VM-120<->VM-86
 WARN 08-28 19:14:12,012 ExecutorChannelManagerMap:95 [pool-16-thread-6] - Cannot connnect VM-120<->VM-85
 WARN 08-28 19:14:12,012 ExecutorChannelManagerMap:95 [pool-16-thread-6] - Cannot connnect VM-120<->VM-84
 WARN 08-28 19:14:12,012 ExecutorChannelManagerMap:95 [pool-16-thread-6] - Cannot connnect VM-120<->VM-83
 WARN 08-28 19:14:12,012 ExecutorChannelManagerMap:95 [pool-16-thread-6] - Cannot connnect VM-120<->VM-124
 WARN 08-28 19:14:12,012 ExecutorChannelManagerMap:95 [pool-16-thread-6] - Cannot connnect VM-120<->VM-82
 WARN 08-28 19:14:12,013 ExecutorChannelManagerMap:95 [pool-16-thread-6] - Cannot connnect VM-120<->VM-123
 WARN 08-28 19:14:12,013 ExecutorChannelManagerMap:95 [pool-16-thread-6] - Cannot connnect VM-120<->VM-81
 WARN 08-28 19:14:12,013 ExecutorChannelManagerMap:95 [pool-16-thread-6] - Cannot connnect VM-120<->VM-119
 WARN 08-28 19:14:12,013 ExecutorChannelManagerMap:95 [pool-16-thread-6] - Cannot connnect VM-120<->VM-80
 WARN 08-28 19:14:12,013 ExecutorChannelManagerMap:95 [pool-16-thread-6] - Cannot connnect VM-120<->VM-118
 WARN 08-28 19:14:12,013 ExecutorChannelManagerMap:95 [pool-16-thread-6] - Cannot connnect VM-120<->VM-117
 WARN 08-28 19:14:12,013 ExecutorChannelManagerMap:95 [pool-16-thread-6] - Cannot connnect VM-120<->VM-116
 WARN 08-28 19:14:12,013 ExecutorChannelManagerMap:95 [pool-16-thread-6] - Cannot connnect VM-120<->VM-19
 WARN 08-28 19:14:12,013 ExecutorChannelManagerMap:95 [pool-16-thread-6] - Cannot connnect VM-120<->VM-18
 WARN 08-28 19:14:12,013 ExecutorChannelManagerMap:95 [pool-16-thread-6] - Cannot connnect VM-120<->VM-17
 WARN 08-28 19:14:12,013 ExecutorChannelManagerMap:95 [pool-16-thread-6] - Cannot connnect VM-120<->VM-16
 WARN 08-28 19:14:12,013 ExecutorChannelManagerMap:95 [pool-16-thread-6] - Cannot connnect VM-120<->VM-15
 WARN 08-28 19:14:12,013 ExecutorChannelManagerMap:95 [pool-16-thread-6] - Cannot connnect VM-120<->VM-14
 WARN 08-28 19:14:12,013 ExecutorChannelManagerMap:95 [pool-16-thread-6] - Cannot connnect VM-120<->VM-13
 WARN 08-28 19:14:12,013 ExecutorChannelManagerMap:95 [pool-16-thread-6] - Cannot connnect VM-120<->VM-12
 WARN 08-28 19:14:12,013 ExecutorChannelManagerMap:95 [pool-16-thread-6] - Cannot connnect VM-120<->VM-11
 WARN 08-28 19:14:12,013 ExecutorChannelManagerMap:95 [pool-16-thread-6] - Cannot connnect VM-120<->VM-10
 WARN 08-28 19:14:12,013 ExecutorChannelManagerMap:95 [pool-16-thread-6] - Cannot connnect VM-120<->VM-90
 WARN 08-28 19:14:12,013 ExecutorChannelManagerMap:95 [pool-16-thread-6] - Cannot connnect VM-120<->VM-69
 WARN 08-28 19:14:12,013 ExecutorChannelManagerMap:95 [pool-16-thread-6] - Cannot connnect VM-120<->VM-68
 WARN 08-28 19:14:12,013 ExecutorChannelManagerMap:95 [pool-16-thread-6] - Cannot connnect VM-120<->VM-67
 WARN 08-28 19:14:12,013 ExecutorChannelManagerMap:95 [pool-16-thread-6] - Cannot connnect VM-120<->VM-66
 WARN 08-28 19:14:12,013 ExecutorChannelManagerMap:95 [pool-16-thread-6] - Cannot connnect VM-120<->VM-65
 WARN 08-28 19:14:12,013 ExecutorChannelManagerMap:95 [pool-16-thread-6] - Cannot connnect VM-120<->VM-64
 WARN 08-28 19:14:12,013 ExecutorChannelManagerMap:95 [pool-16-thread-6] - Cannot connnect VM-120<->VM-63
 WARN 08-28 19:14:12,014 ExecutorChannelManagerMap:95 [pool-16-thread-6] - Cannot connnect VM-120<->VM-62
 WARN 08-28 19:14:12,014 ExecutorChannelManagerMap:95 [pool-16-thread-6] - Cannot connnect VM-120<->VM-61
 WARN 08-28 19:14:12,014 ExecutorChannelManagerMap:95 [pool-16-thread-6] - Cannot connnect VM-120<->VM-60
 WARN 08-28 19:14:12,014 ExecutorChannelManagerMap:95 [pool-16-thread-6] - Cannot connnect VM-120<->VM-79
 WARN 08-28 19:14:12,014 ExecutorChannelManagerMap:95 [pool-16-thread-6] - Cannot connnect VM-120<->VM-78
 WARN 08-28 19:14:12,014 ExecutorChannelManagerMap:95 [pool-16-thread-6] - Cannot connnect VM-120<->VM-77
 WARN 08-28 19:14:12,014 ExecutorChannelManagerMap:95 [pool-16-thread-6] - Cannot connnect VM-120<->VM-76
 WARN 08-28 19:14:12,014 ExecutorChannelManagerMap:95 [pool-16-thread-6] - Cannot connnect VM-120<->VM-75
 WARN 08-28 19:14:12,014 ExecutorChannelManagerMap:95 [pool-16-thread-6] - Cannot connnect VM-120<->VM-74
 WARN 08-28 19:14:12,014 ExecutorChannelManagerMap:95 [pool-16-thread-6] - Cannot connnect VM-120<->VM-73
 WARN 08-28 19:14:12,014 ExecutorChannelManagerMap:95 [pool-16-thread-6] - Cannot connnect VM-120<->VM-72
 WARN 08-28 19:14:12,014 ExecutorChannelManagerMap:95 [pool-16-thread-6] - Cannot connnect VM-120<->VM-71
 WARN 08-28 19:14:12,014 ExecutorChannelManagerMap:95 [pool-16-thread-6] - Cannot connnect VM-120<->VM-70
 WARN 08-28 19:14:12,014 ExecutorChannelManagerMap:95 [pool-16-thread-6] - Cannot connnect VM-120<->VM-49
 WARN 08-28 19:14:12,014 ExecutorChannelManagerMap:95 [pool-16-thread-6] - Cannot connnect VM-120<->VM-48
 WARN 08-28 19:14:12,014 ExecutorChannelManagerMap:95 [pool-16-thread-6] - Cannot connnect VM-120<->VM-47
 WARN 08-28 19:14:12,014 ExecutorChannelManagerMap:95 [pool-16-thread-6] - Cannot connnect VM-120<->VM-46
 WARN 08-28 19:14:12,014 ExecutorChannelManagerMap:95 [pool-16-thread-6] - Cannot connnect VM-120<->VM-45
 WARN 08-28 19:14:12,014 ExecutorChannelManagerMap:95 [pool-16-thread-6] - Cannot connnect VM-120<->VM-6
 WARN 08-28 19:14:12,014 ExecutorChannelManagerMap:95 [pool-16-thread-6] - Cannot connnect VM-120<->VM-44
 WARN 08-28 19:14:12,014 ExecutorChannelManagerMap:95 [pool-16-thread-6] - Cannot connnect VM-120<->VM-7
 WARN 08-28 19:14:12,014 ExecutorChannelManagerMap:95 [pool-16-thread-6] - Cannot connnect VM-120<->VM-43
 WARN 08-28 19:14:12,014 ExecutorChannelManagerMap:95 [pool-16-thread-6] - Cannot connnect VM-120<->VM-8
 WARN 08-28 19:14:12,014 ExecutorChannelManagerMap:95 [pool-16-thread-6] - Cannot connnect VM-120<->VM-42
 WARN 08-28 19:14:12,014 ExecutorChannelManagerMap:95 [pool-16-thread-6] - Cannot connnect VM-120<->VM-9
 WARN 08-28 19:14:12,015 ExecutorChannelManagerMap:95 [pool-16-thread-6] - Cannot connnect VM-120<->VM-41
 WARN 08-28 19:14:12,015 ExecutorChannelManagerMap:95 [pool-16-thread-6] - Cannot connnect VM-120<->VM-40
 WARN 08-28 19:14:12,015 ExecutorChannelManagerMap:95 [pool-16-thread-6] - Cannot connnect VM-120<->VM-59
 WARN 08-28 19:14:12,015 ExecutorChannelManagerMap:95 [pool-16-thread-6] - Cannot connnect VM-120<->VM-58
 WARN 08-28 19:14:12,015 ExecutorChannelManagerMap:95 [pool-16-thread-6] - Cannot connnect VM-120<->VM-57
 WARN 08-28 19:14:12,015 ExecutorChannelManagerMap:95 [pool-16-thread-6] - Cannot connnect VM-120<->VM-56
 WARN 08-28 19:14:12,015 ExecutorChannelManagerMap:95 [pool-16-thread-6] - Cannot connnect VM-120<->VM-55
 WARN 08-28 19:14:12,015 ExecutorChannelManagerMap:95 [pool-16-thread-6] - Cannot connnect VM-120<->VM-54
 WARN 08-28 19:14:12,015 ExecutorChannelManagerMap:95 [pool-16-thread-6] - Cannot connnect VM-120<->VM-53
 WARN 08-28 19:14:12,015 ExecutorChannelManagerMap:95 [pool-16-thread-6] - Cannot connnect VM-120<->VM-52
 WARN 08-28 19:14:12,015 ExecutorChannelManagerMap:95 [pool-16-thread-6] - Cannot connnect VM-120<->VM-51
 WARN 08-28 19:14:12,015 ExecutorChannelManagerMap:95 [pool-16-thread-6] - Cannot connnect VM-120<->VM-50
 WARN 08-28 19:14:12,015 ExecutorChannelManagerMap:95 [pool-16-thread-6] - Cannot connnect VM-120<->VM-1
 WARN 08-28 19:14:12,015 ExecutorChannelManagerMap:95 [pool-16-thread-6] - Cannot connnect VM-120<->VM-2
 WARN 08-28 19:14:12,015 ExecutorChannelManagerMap:95 [pool-16-thread-6] - Cannot connnect VM-120<->VM-3
 WARN 08-28 19:14:12,015 ExecutorChannelManagerMap:95 [pool-16-thread-6] - Cannot connnect VM-120<->VM-5
 WARN 08-28 19:14:12,015 ExecutorChannelManagerMap:95 [pool-16-thread-6] - Cannot connnect VM-120<->VM-29
 WARN 08-28 19:14:12,015 ExecutorChannelManagerMap:95 [pool-16-thread-6] - Cannot connnect VM-120<->VM-28
 WARN 08-28 19:14:12,015 ExecutorChannelManagerMap:95 [pool-16-thread-6] - Cannot connnect VM-120<->VM-27
 WARN 08-28 19:14:12,015 ExecutorChannelManagerMap:95 [pool-16-thread-6] - Cannot connnect VM-120<->VM-26
 WARN 08-28 19:14:12,015 ExecutorChannelManagerMap:95 [pool-16-thread-6] - Cannot connnect VM-120<->VM-25
 WARN 08-28 19:14:12,015 ExecutorChannelManagerMap:95 [pool-16-thread-6] - Cannot connnect VM-120<->VM-24
 WARN 08-28 19:14:12,015 ExecutorChannelManagerMap:95 [pool-16-thread-6] - Cannot connnect VM-120<->VM-23
 WARN 08-28 19:14:12,015 ExecutorChannelManagerMap:95 [pool-16-thread-6] - Cannot connnect VM-120<->VM-22
 WARN 08-28 19:14:12,015 ExecutorChannelManagerMap:106 [pool-16-thread-6] - Executor Executor4 already registered
 WARN 08-28 19:14:12,015 ExecutorChannelManagerMap:95 [pool-16-thread-6] - Cannot connnect VM-120<->VM-21
 WARN 08-28 19:14:12,016 ExecutorChannelManagerMap:106 [pool-16-thread-6] - Executor Executor3 already registered
 WARN 08-28 19:14:12,016 ExecutorChannelManagerMap:95 [pool-16-thread-6] - Cannot connnect VM-120<->VM-20
 WARN 08-28 19:14:12,016 ExecutorChannelManagerMap:95 [pool-16-thread-6] - Cannot connnect VM-120<->VM-39
 WARN 08-28 19:14:12,016 ExecutorChannelManagerMap:95 [pool-16-thread-6] - Cannot connnect VM-120<->VM-38
 WARN 08-28 19:14:12,016 ExecutorChannelManagerMap:95 [pool-16-thread-6] - Cannot connnect VM-120<->VM-37
 WARN 08-28 19:14:12,016 ExecutorChannelManagerMap:95 [pool-16-thread-6] - Cannot connnect VM-120<->VM-36
 INFO 08-28 19:14:11,982 Executor$ExecutorMessageReceiver:1433 [pool-16-thread-4] - Executor registered message received VM-89,VM-122,VM-88,VM-121,VM-87,VM-86,VM-85,VM-84,VM-83,VM-124,VM-82,VM-123,VM-81,VM-119,VM-80,VM-118,VM-117,VM-116,VM-19,VM-18,VM-17,VM-16,VM-15,VM-14,VM-13,VM-12,VM-11,VM-10,VM-90,VM-69,VM-68,VM-67,VM-66,VM-65,VM-64,VM-63,VM-62,VM-61,VM-60,VM-79,VM-78,VM-77,VM-76,VM-75,VM-74,VM-73,VM-72,VM-71,VM-70,VM-49,VM-48,VM-47,VM-46,VM-45,VM-6,VM-44,VM-7,VM-43,VM-8,VM-42,VM-9,VM-41,VM-40,VM-59,VM-58,VM-57,VM-56,VM-55,VM-54,VM-53,VM-52,VM-51,VM-50,VM-1,VM-2,VM-3,VM-5,VM-29,VM-28,VM-27,VM-26,VM-25,VM-24,VM-23,VM-22,Executor4,VM-21,Executor3,VM-20,VM-39,VM-38,VM-37,VM-36,VM-35,VM-34,VM-33,VM-32,VM-31,VM-30,Executor2,Executor1,Executor0
 INFO 08-28 19:14:11,982 Executor$ExecutorMessageReceiver:1433 [pool-16-thread-3] - Executor registered message received VM-89,VM-122,VM-88,VM-121,VM-87,VM-86,VM-85,VM-84,VM-83,VM-124,VM-82,VM-123,VM-81,VM-119,VM-80,VM-118,VM-117,VM-116,VM-19,VM-18,VM-17,VM-16,VM-15,VM-14,VM-13,VM-12,VM-11,VM-10,VM-90,VM-69,VM-68,VM-67,VM-66,VM-65,VM-64,VM-63,VM-62,VM-61,VM-60,VM-79,VM-78,VM-77,VM-76,VM-75,VM-74,VM-73,VM-72,VM-71,VM-70,VM-49,VM-48,VM-47,VM-46,VM-45,VM-6,VM-44,VM-7,VM-43,VM-8,VM-42,VM-9,VM-41,VM-40,VM-59,VM-58,VM-57,VM-56,VM-55,VM-54,VM-53,VM-52,VM-51,VM-50,VM-1,VM-2,VM-3,VM-5,VM-29,VM-28,VM-27,VM-26,VM-25,VM-24,VM-23,VM-22,Executor4,VM-21,Executor3,VM-20,VM-39,VM-38,VM-37,VM-36,VM-35,VM-34,VM-33,VM-32,VM-31,VM-30,VM-115,Executor2,Executor1,Executor0
 INFO 08-28 19:14:11,982 Executor$ExecutorMessageReceiver:1433 [pool-16-thread-5] - Executor registered message received VM-89,VM-122,VM-88,VM-121,VM-87,VM-86,VM-85,VM-84,VM-83,VM-124,VM-82,VM-123,VM-81,VM-119,VM-80,VM-118,VM-117,VM-116,VM-19,VM-18,VM-17,VM-16,VM-15,VM-14,VM-13,VM-12,VM-11,VM-10,VM-90,VM-69,VM-68,VM-67,VM-66,VM-65,VM-64,VM-63,VM-62,VM-61,VM-60,VM-79,VM-78,VM-77,VM-76,VM-75,VM-74,VM-73,VM-72,VM-71,VM-70,VM-49,VM-48,VM-47,VM-46,VM-45,VM-6,VM-44,VM-7,VM-43,VM-8,VM-42,VM-9,VM-41,VM-40,VM-59,VM-58,VM-57,VM-56,VM-55,VM-54,VM-53,VM-52,VM-51,VM-50,VM-1,VM-2,VM-3,VM-5,VM-29,VM-28,VM-27,VM-26,VM-25,VM-24,VM-23,VM-22,Executor4,VM-21,Executor3,VM-20,VM-39,VM-38,VM-37,VM-36,VM-35,VM-34,VM-33,VM-32,VM-31,VM-30,VM-115,VM-114,VM-113,VM-112,Executor2,Executor1,Executor0
 WARN 08-28 19:14:12,016 ExecutorChannelManagerMap:95 [pool-16-thread-6] - Cannot connnect VM-120<->VM-35
 WARN 08-28 19:14:12,017 ExecutorChannelManagerMap:95 [pool-16-thread-5] - Cannot connnect VM-120<->VM-89
 WARN 08-28 19:14:12,017 ExecutorChannelManagerMap:95 [pool-16-thread-5] - Cannot connnect VM-120<->VM-122
 WARN 08-28 19:14:12,017 ExecutorChannelManagerMap:95 [pool-16-thread-5] - Cannot connnect VM-120<->VM-88
 WARN 08-28 19:14:12,017 ExecutorChannelManagerMap:95 [pool-16-thread-5] - Cannot connnect VM-120<->VM-121
 WARN 08-28 19:14:12,017 ExecutorChannelManagerMap:95 [pool-16-thread-5] - Cannot connnect VM-120<->VM-87
 WARN 08-28 19:14:12,018 ExecutorChannelManagerMap:95 [pool-16-thread-5] - Cannot connnect VM-120<->VM-86
 WARN 08-28 19:14:12,018 ExecutorChannelManagerMap:95 [pool-16-thread-5] - Cannot connnect VM-120<->VM-85
 WARN 08-28 19:14:12,018 ExecutorChannelManagerMap:95 [pool-16-thread-5] - Cannot connnect VM-120<->VM-84
 WARN 08-28 19:14:12,018 ExecutorChannelManagerMap:95 [pool-16-thread-5] - Cannot connnect VM-120<->VM-83
 WARN 08-28 19:14:12,018 ExecutorChannelManagerMap:95 [pool-16-thread-5] - Cannot connnect VM-120<->VM-124
 WARN 08-28 19:14:12,018 ExecutorChannelManagerMap:95 [pool-16-thread-5] - Cannot connnect VM-120<->VM-82
 WARN 08-28 19:14:12,018 ExecutorChannelManagerMap:95 [pool-16-thread-5] - Cannot connnect VM-120<->VM-123
 WARN 08-28 19:14:12,018 ExecutorChannelManagerMap:95 [pool-16-thread-5] - Cannot connnect VM-120<->VM-81
 WARN 08-28 19:14:12,018 ExecutorChannelManagerMap:95 [pool-16-thread-5] - Cannot connnect VM-120<->VM-119
 WARN 08-28 19:14:12,018 ExecutorChannelManagerMap:95 [pool-16-thread-5] - Cannot connnect VM-120<->VM-80
 WARN 08-28 19:14:12,018 ExecutorChannelManagerMap:95 [pool-16-thread-5] - Cannot connnect VM-120<->VM-118
 WARN 08-28 19:14:12,018 ExecutorChannelManagerMap:95 [pool-16-thread-5] - Cannot connnect VM-120<->VM-117
 WARN 08-28 19:14:12,018 ExecutorChannelManagerMap:95 [pool-16-thread-5] - Cannot connnect VM-120<->VM-116
 WARN 08-28 19:14:12,018 ExecutorChannelManagerMap:95 [pool-16-thread-5] - Cannot connnect VM-120<->VM-19
 WARN 08-28 19:14:12,018 ExecutorChannelManagerMap:95 [pool-16-thread-5] - Cannot connnect VM-120<->VM-18
 WARN 08-28 19:14:12,018 ExecutorChannelManagerMap:95 [pool-16-thread-5] - Cannot connnect VM-120<->VM-17
 WARN 08-28 19:14:12,018 ExecutorChannelManagerMap:95 [pool-16-thread-5] - Cannot connnect VM-120<->VM-16
 WARN 08-28 19:14:12,018 ExecutorChannelManagerMap:95 [pool-16-thread-5] - Cannot connnect VM-120<->VM-15
 WARN 08-28 19:14:12,018 ExecutorChannelManagerMap:95 [pool-16-thread-5] - Cannot connnect VM-120<->VM-14
 WARN 08-28 19:14:12,018 ExecutorChannelManagerMap:95 [pool-16-thread-5] - Cannot connnect VM-120<->VM-13
 WARN 08-28 19:14:12,018 ExecutorChannelManagerMap:95 [pool-16-thread-5] - Cannot connnect VM-120<->VM-12
 WARN 08-28 19:14:12,018 ExecutorChannelManagerMap:95 [pool-16-thread-5] - Cannot connnect VM-120<->VM-11
 WARN 08-28 19:14:12,018 ExecutorChannelManagerMap:95 [pool-16-thread-5] - Cannot connnect VM-120<->VM-10
 WARN 08-28 19:14:12,018 ExecutorChannelManagerMap:95 [pool-16-thread-5] - Cannot connnect VM-120<->VM-90
 WARN 08-28 19:14:12,018 ExecutorChannelManagerMap:95 [pool-16-thread-5] - Cannot connnect VM-120<->VM-69
 WARN 08-28 19:14:12,019 ExecutorChannelManagerMap:95 [pool-16-thread-5] - Cannot connnect VM-120<->VM-68
 WARN 08-28 19:14:12,019 ExecutorChannelManagerMap:95 [pool-16-thread-5] - Cannot connnect VM-120<->VM-67
 WARN 08-28 19:14:12,019 ExecutorChannelManagerMap:95 [pool-16-thread-5] - Cannot connnect VM-120<->VM-66
 WARN 08-28 19:14:12,019 ExecutorChannelManagerMap:95 [pool-16-thread-5] - Cannot connnect VM-120<->VM-65
 WARN 08-28 19:14:12,019 ExecutorChannelManagerMap:95 [pool-16-thread-5] - Cannot connnect VM-120<->VM-64
 WARN 08-28 19:14:12,019 ExecutorChannelManagerMap:95 [pool-16-thread-5] - Cannot connnect VM-120<->VM-63
 WARN 08-28 19:14:12,019 ExecutorChannelManagerMap:95 [pool-16-thread-5] - Cannot connnect VM-120<->VM-62
 WARN 08-28 19:14:12,019 ExecutorChannelManagerMap:95 [pool-16-thread-5] - Cannot connnect VM-120<->VM-61
 WARN 08-28 19:14:12,019 ExecutorChannelManagerMap:95 [pool-16-thread-5] - Cannot connnect VM-120<->VM-60
 WARN 08-28 19:14:12,019 ExecutorChannelManagerMap:95 [pool-16-thread-5] - Cannot connnect VM-120<->VM-79
 WARN 08-28 19:14:12,019 ExecutorChannelManagerMap:95 [pool-16-thread-5] - Cannot connnect VM-120<->VM-78
 WARN 08-28 19:14:12,019 ExecutorChannelManagerMap:95 [pool-16-thread-5] - Cannot connnect VM-120<->VM-77
 WARN 08-28 19:14:12,019 ExecutorChannelManagerMap:95 [pool-16-thread-5] - Cannot connnect VM-120<->VM-76
 WARN 08-28 19:14:12,019 ExecutorChannelManagerMap:95 [pool-16-thread-5] - Cannot connnect VM-120<->VM-75
 WARN 08-28 19:14:12,019 ExecutorChannelManagerMap:95 [pool-16-thread-5] - Cannot connnect VM-120<->VM-74
 WARN 08-28 19:14:12,019 ExecutorChannelManagerMap:95 [pool-16-thread-5] - Cannot connnect VM-120<->VM-73
 WARN 08-28 19:14:12,019 ExecutorChannelManagerMap:95 [pool-16-thread-5] - Cannot connnect VM-120<->VM-72
 WARN 08-28 19:14:12,019 ExecutorChannelManagerMap:95 [pool-16-thread-5] - Cannot connnect VM-120<->VM-71
 WARN 08-28 19:14:12,019 ExecutorChannelManagerMap:95 [pool-16-thread-5] - Cannot connnect VM-120<->VM-70
 WARN 08-28 19:14:12,019 ExecutorChannelManagerMap:95 [pool-16-thread-5] - Cannot connnect VM-120<->VM-49
 WARN 08-28 19:14:12,019 ExecutorChannelManagerMap:95 [pool-16-thread-5] - Cannot connnect VM-120<->VM-48
 WARN 08-28 19:14:12,019 ExecutorChannelManagerMap:95 [pool-16-thread-5] - Cannot connnect VM-120<->VM-47
 WARN 08-28 19:14:12,019 ExecutorChannelManagerMap:95 [pool-16-thread-5] - Cannot connnect VM-120<->VM-46
 WARN 08-28 19:14:12,019 ExecutorChannelManagerMap:95 [pool-16-thread-5] - Cannot connnect VM-120<->VM-45
 WARN 08-28 19:14:12,019 ExecutorChannelManagerMap:95 [pool-16-thread-5] - Cannot connnect VM-120<->VM-6
 WARN 08-28 19:14:12,020 ExecutorChannelManagerMap:95 [pool-16-thread-5] - Cannot connnect VM-120<->VM-44
 WARN 08-28 19:14:12,020 ExecutorChannelManagerMap:95 [pool-16-thread-5] - Cannot connnect VM-120<->VM-7
 WARN 08-28 19:14:12,020 ExecutorChannelManagerMap:95 [pool-16-thread-5] - Cannot connnect VM-120<->VM-43
 WARN 08-28 19:14:12,020 ExecutorChannelManagerMap:95 [pool-16-thread-5] - Cannot connnect VM-120<->VM-8
 WARN 08-28 19:14:12,020 ExecutorChannelManagerMap:95 [pool-16-thread-5] - Cannot connnect VM-120<->VM-42
 WARN 08-28 19:14:12,020 ExecutorChannelManagerMap:95 [pool-16-thread-5] - Cannot connnect VM-120<->VM-9
 WARN 08-28 19:14:12,020 ExecutorChannelManagerMap:95 [pool-16-thread-5] - Cannot connnect VM-120<->VM-41
 WARN 08-28 19:14:12,020 ExecutorChannelManagerMap:95 [pool-16-thread-5] - Cannot connnect VM-120<->VM-40
 WARN 08-28 19:14:12,020 ExecutorChannelManagerMap:95 [pool-16-thread-5] - Cannot connnect VM-120<->VM-59
 WARN 08-28 19:14:12,020 ExecutorChannelManagerMap:95 [pool-16-thread-5] - Cannot connnect VM-120<->VM-58
 WARN 08-28 19:14:12,020 ExecutorChannelManagerMap:95 [pool-16-thread-5] - Cannot connnect VM-120<->VM-57
 WARN 08-28 19:14:12,020 ExecutorChannelManagerMap:95 [pool-16-thread-5] - Cannot connnect VM-120<->VM-56
 WARN 08-28 19:14:12,020 ExecutorChannelManagerMap:95 [pool-16-thread-5] - Cannot connnect VM-120<->VM-55
 WARN 08-28 19:14:12,020 ExecutorChannelManagerMap:95 [pool-16-thread-5] - Cannot connnect VM-120<->VM-54
 WARN 08-28 19:14:12,020 ExecutorChannelManagerMap:95 [pool-16-thread-5] - Cannot connnect VM-120<->VM-53
 WARN 08-28 19:14:12,020 ExecutorChannelManagerMap:95 [pool-16-thread-5] - Cannot connnect VM-120<->VM-52
 WARN 08-28 19:14:12,020 ExecutorChannelManagerMap:95 [pool-16-thread-5] - Cannot connnect VM-120<->VM-51
 WARN 08-28 19:14:12,020 ExecutorChannelManagerMap:95 [pool-16-thread-5] - Cannot connnect VM-120<->VM-50
 WARN 08-28 19:14:12,020 ExecutorChannelManagerMap:95 [pool-16-thread-5] - Cannot connnect VM-120<->VM-1
 WARN 08-28 19:14:12,020 ExecutorChannelManagerMap:95 [pool-16-thread-5] - Cannot connnect VM-120<->VM-2
 WARN 08-28 19:14:12,020 ExecutorChannelManagerMap:95 [pool-16-thread-5] - Cannot connnect VM-120<->VM-3
 WARN 08-28 19:14:12,020 ExecutorChannelManagerMap:95 [pool-16-thread-5] - Cannot connnect VM-120<->VM-5
 WARN 08-28 19:14:12,020 ExecutorChannelManagerMap:95 [pool-16-thread-5] - Cannot connnect VM-120<->VM-29
 WARN 08-28 19:14:12,020 ExecutorChannelManagerMap:95 [pool-16-thread-5] - Cannot connnect VM-120<->VM-28
 WARN 08-28 19:14:12,020 ExecutorChannelManagerMap:95 [pool-16-thread-5] - Cannot connnect VM-120<->VM-27
 WARN 08-28 19:14:12,020 ExecutorChannelManagerMap:95 [pool-16-thread-5] - Cannot connnect VM-120<->VM-26
 WARN 08-28 19:14:12,021 ExecutorChannelManagerMap:95 [pool-16-thread-5] - Cannot connnect VM-120<->VM-25
 WARN 08-28 19:14:12,021 ExecutorChannelManagerMap:95 [pool-16-thread-5] - Cannot connnect VM-120<->VM-24
 WARN 08-28 19:14:12,021 ExecutorChannelManagerMap:95 [pool-16-thread-5] - Cannot connnect VM-120<->VM-23
 WARN 08-28 19:14:12,021 ExecutorChannelManagerMap:95 [pool-16-thread-5] - Cannot connnect VM-120<->VM-22
 WARN 08-28 19:14:12,021 ExecutorChannelManagerMap:106 [pool-16-thread-5] - Executor Executor4 already registered
 WARN 08-28 19:14:12,021 ExecutorChannelManagerMap:95 [pool-16-thread-5] - Cannot connnect VM-120<->VM-21
 WARN 08-28 19:14:12,021 ExecutorChannelManagerMap:106 [pool-16-thread-5] - Executor Executor3 already registered
 WARN 08-28 19:14:12,021 ExecutorChannelManagerMap:95 [pool-16-thread-5] - Cannot connnect VM-120<->VM-20
 WARN 08-28 19:14:12,021 ExecutorChannelManagerMap:95 [pool-16-thread-5] - Cannot connnect VM-120<->VM-39
 WARN 08-28 19:14:12,021 ExecutorChannelManagerMap:95 [pool-16-thread-5] - Cannot connnect VM-120<->VM-38
 WARN 08-28 19:14:12,021 ExecutorChannelManagerMap:95 [pool-16-thread-5] - Cannot connnect VM-120<->VM-37
 WARN 08-28 19:14:12,021 ExecutorChannelManagerMap:95 [pool-16-thread-5] - Cannot connnect VM-120<->VM-36
 WARN 08-28 19:14:12,021 ExecutorChannelManagerMap:95 [pool-16-thread-5] - Cannot connnect VM-120<->VM-35
 WARN 08-28 19:14:12,021 ExecutorChannelManagerMap:95 [pool-16-thread-5] - Cannot connnect VM-120<->VM-34
 WARN 08-28 19:14:12,021 ExecutorChannelManagerMap:95 [pool-16-thread-5] - Cannot connnect VM-120<->VM-33
 WARN 08-28 19:14:12,021 ExecutorChannelManagerMap:95 [pool-16-thread-5] - Cannot connnect VM-120<->VM-32
 WARN 08-28 19:14:12,021 ExecutorChannelManagerMap:95 [pool-16-thread-5] - Cannot connnect VM-120<->VM-31
 WARN 08-28 19:14:12,021 ExecutorChannelManagerMap:95 [pool-16-thread-5] - Cannot connnect VM-120<->VM-30
 WARN 08-28 19:14:12,021 ExecutorChannelManagerMap:95 [pool-16-thread-5] - Cannot connnect VM-120<->VM-115
 WARN 08-28 19:14:12,021 ExecutorChannelManagerMap:95 [pool-16-thread-5] - Cannot connnect VM-120<->VM-114
 WARN 08-28 19:14:12,021 ExecutorChannelManagerMap:95 [pool-16-thread-5] - Cannot connnect VM-120<->VM-113
 WARN 08-28 19:14:12,021 ExecutorChannelManagerMap:95 [pool-16-thread-5] - Cannot connnect VM-120<->VM-112
 WARN 08-28 19:14:12,021 ExecutorChannelManagerMap:106 [pool-16-thread-5] - Executor Executor2 already registered
 WARN 08-28 19:14:12,021 ExecutorChannelManagerMap:106 [pool-16-thread-5] - Executor Executor1 already registered
 WARN 08-28 19:14:12,021 ExecutorChannelManagerMap:106 [pool-16-thread-5] - Executor Executor0 already registered
 WARN 08-28 19:14:12,021 ExecutorChannelManagerMap:95 [pool-16-thread-3] - Cannot connnect VM-120<->VM-89
 WARN 08-28 19:14:12,022 ExecutorChannelManagerMap:95 [pool-16-thread-3] - Cannot connnect VM-120<->VM-122
 WARN 08-28 19:14:12,022 ExecutorChannelManagerMap:95 [pool-16-thread-3] - Cannot connnect VM-120<->VM-88
 WARN 08-28 19:14:12,022 ExecutorChannelManagerMap:95 [pool-16-thread-3] - Cannot connnect VM-120<->VM-121
 WARN 08-28 19:14:12,022 ExecutorChannelManagerMap:95 [pool-16-thread-3] - Cannot connnect VM-120<->VM-87
 WARN 08-28 19:14:12,022 ExecutorChannelManagerMap:95 [pool-16-thread-3] - Cannot connnect VM-120<->VM-86
 WARN 08-28 19:14:12,022 ExecutorChannelManagerMap:95 [pool-16-thread-3] - Cannot connnect VM-120<->VM-85
 WARN 08-28 19:14:12,022 ExecutorChannelManagerMap:95 [pool-16-thread-3] - Cannot connnect VM-120<->VM-84
 WARN 08-28 19:14:12,022 ExecutorChannelManagerMap:95 [pool-16-thread-3] - Cannot connnect VM-120<->VM-83
 WARN 08-28 19:14:12,022 ExecutorChannelManagerMap:95 [pool-16-thread-3] - Cannot connnect VM-120<->VM-124
 WARN 08-28 19:14:12,022 ExecutorChannelManagerMap:95 [pool-16-thread-3] - Cannot connnect VM-120<->VM-82
 WARN 08-28 19:14:12,022 ExecutorChannelManagerMap:95 [pool-16-thread-3] - Cannot connnect VM-120<->VM-123
 WARN 08-28 19:14:12,022 ExecutorChannelManagerMap:95 [pool-16-thread-3] - Cannot connnect VM-120<->VM-81
 WARN 08-28 19:14:12,022 ExecutorChannelManagerMap:95 [pool-16-thread-3] - Cannot connnect VM-120<->VM-119
 WARN 08-28 19:14:12,022 ExecutorChannelManagerMap:95 [pool-16-thread-3] - Cannot connnect VM-120<->VM-80
 WARN 08-28 19:14:12,022 ExecutorChannelManagerMap:95 [pool-16-thread-3] - Cannot connnect VM-120<->VM-118
 WARN 08-28 19:14:12,022 ExecutorChannelManagerMap:95 [pool-16-thread-3] - Cannot connnect VM-120<->VM-117
 WARN 08-28 19:14:12,022 ExecutorChannelManagerMap:95 [pool-16-thread-3] - Cannot connnect VM-120<->VM-116
 WARN 08-28 19:14:12,022 ExecutorChannelManagerMap:95 [pool-16-thread-3] - Cannot connnect VM-120<->VM-19
 WARN 08-28 19:14:12,022 ExecutorChannelManagerMap:95 [pool-16-thread-3] - Cannot connnect VM-120<->VM-18
 WARN 08-28 19:14:12,022 ExecutorChannelManagerMap:95 [pool-16-thread-3] - Cannot connnect VM-120<->VM-17
 WARN 08-28 19:14:12,022 ExecutorChannelManagerMap:95 [pool-16-thread-3] - Cannot connnect VM-120<->VM-16
 WARN 08-28 19:14:12,022 ExecutorChannelManagerMap:95 [pool-16-thread-3] - Cannot connnect VM-120<->VM-15
 WARN 08-28 19:14:12,022 ExecutorChannelManagerMap:95 [pool-16-thread-3] - Cannot connnect VM-120<->VM-14
 WARN 08-28 19:14:12,022 ExecutorChannelManagerMap:95 [pool-16-thread-3] - Cannot connnect VM-120<->VM-13
 WARN 08-28 19:14:12,022 ExecutorChannelManagerMap:95 [pool-16-thread-3] - Cannot connnect VM-120<->VM-12
 WARN 08-28 19:14:12,022 ExecutorChannelManagerMap:95 [pool-16-thread-3] - Cannot connnect VM-120<->VM-11
 WARN 08-28 19:14:12,022 ExecutorChannelManagerMap:95 [pool-16-thread-3] - Cannot connnect VM-120<->VM-10
 WARN 08-28 19:14:12,022 ExecutorChannelManagerMap:95 [pool-16-thread-3] - Cannot connnect VM-120<->VM-90
 WARN 08-28 19:14:12,023 ExecutorChannelManagerMap:95 [pool-16-thread-3] - Cannot connnect VM-120<->VM-69
 WARN 08-28 19:14:12,023 ExecutorChannelManagerMap:95 [pool-16-thread-3] - Cannot connnect VM-120<->VM-68
 WARN 08-28 19:14:12,023 ExecutorChannelManagerMap:95 [pool-16-thread-3] - Cannot connnect VM-120<->VM-67
 WARN 08-28 19:14:12,023 ExecutorChannelManagerMap:95 [pool-16-thread-3] - Cannot connnect VM-120<->VM-66
 WARN 08-28 19:14:12,023 ExecutorChannelManagerMap:95 [pool-16-thread-3] - Cannot connnect VM-120<->VM-65
 WARN 08-28 19:14:12,023 ExecutorChannelManagerMap:95 [pool-16-thread-3] - Cannot connnect VM-120<->VM-64
 WARN 08-28 19:14:12,023 ExecutorChannelManagerMap:95 [pool-16-thread-3] - Cannot connnect VM-120<->VM-63
 WARN 08-28 19:14:12,023 ExecutorChannelManagerMap:95 [pool-16-thread-3] - Cannot connnect VM-120<->VM-62
 WARN 08-28 19:14:12,023 ExecutorChannelManagerMap:95 [pool-16-thread-3] - Cannot connnect VM-120<->VM-61
 WARN 08-28 19:14:12,023 ExecutorChannelManagerMap:95 [pool-16-thread-3] - Cannot connnect VM-120<->VM-60
 WARN 08-28 19:14:12,023 ExecutorChannelManagerMap:95 [pool-16-thread-3] - Cannot connnect VM-120<->VM-79
 WARN 08-28 19:14:12,023 ExecutorChannelManagerMap:95 [pool-16-thread-3] - Cannot connnect VM-120<->VM-78
 WARN 08-28 19:14:12,023 ExecutorChannelManagerMap:95 [pool-16-thread-3] - Cannot connnect VM-120<->VM-77
 WARN 08-28 19:14:12,023 ExecutorChannelManagerMap:95 [pool-16-thread-3] - Cannot connnect VM-120<->VM-76
 WARN 08-28 19:14:12,023 ExecutorChannelManagerMap:95 [pool-16-thread-3] - Cannot connnect VM-120<->VM-75
 WARN 08-28 19:14:12,023 ExecutorChannelManagerMap:95 [pool-16-thread-3] - Cannot connnect VM-120<->VM-74
 WARN 08-28 19:14:12,023 ExecutorChannelManagerMap:95 [pool-16-thread-3] - Cannot connnect VM-120<->VM-73
 WARN 08-28 19:14:12,023 ExecutorChannelManagerMap:95 [pool-16-thread-3] - Cannot connnect VM-120<->VM-72
 WARN 08-28 19:14:12,023 ExecutorChannelManagerMap:95 [pool-16-thread-3] - Cannot connnect VM-120<->VM-71
 WARN 08-28 19:14:12,023 ExecutorChannelManagerMap:95 [pool-16-thread-3] - Cannot connnect VM-120<->VM-70
 WARN 08-28 19:14:12,023 ExecutorChannelManagerMap:95 [pool-16-thread-3] - Cannot connnect VM-120<->VM-49
 WARN 08-28 19:14:12,023 ExecutorChannelManagerMap:95 [pool-16-thread-3] - Cannot connnect VM-120<->VM-48
 WARN 08-28 19:14:12,023 ExecutorChannelManagerMap:95 [pool-16-thread-3] - Cannot connnect VM-120<->VM-47
 WARN 08-28 19:14:12,023 ExecutorChannelManagerMap:95 [pool-16-thread-3] - Cannot connnect VM-120<->VM-46
 WARN 08-28 19:14:12,023 ExecutorChannelManagerMap:95 [pool-16-thread-3] - Cannot connnect VM-120<->VM-45
 WARN 08-28 19:14:12,023 ExecutorChannelManagerMap:95 [pool-16-thread-3] - Cannot connnect VM-120<->VM-6
 WARN 08-28 19:14:12,023 ExecutorChannelManagerMap:95 [pool-16-thread-3] - Cannot connnect VM-120<->VM-44
 WARN 08-28 19:14:12,023 ExecutorChannelManagerMap:95 [pool-16-thread-3] - Cannot connnect VM-120<->VM-7
 WARN 08-28 19:14:12,024 ExecutorChannelManagerMap:95 [pool-16-thread-3] - Cannot connnect VM-120<->VM-43
 WARN 08-28 19:14:12,024 ExecutorChannelManagerMap:95 [pool-16-thread-3] - Cannot connnect VM-120<->VM-8
 WARN 08-28 19:14:12,024 ExecutorChannelManagerMap:95 [pool-16-thread-3] - Cannot connnect VM-120<->VM-42
 WARN 08-28 19:14:12,024 ExecutorChannelManagerMap:95 [pool-16-thread-3] - Cannot connnect VM-120<->VM-9
 WARN 08-28 19:14:12,024 ExecutorChannelManagerMap:95 [pool-16-thread-3] - Cannot connnect VM-120<->VM-41
 WARN 08-28 19:14:12,024 ExecutorChannelManagerMap:95 [pool-16-thread-3] - Cannot connnect VM-120<->VM-40
 WARN 08-28 19:14:12,024 ExecutorChannelManagerMap:95 [pool-16-thread-3] - Cannot connnect VM-120<->VM-59
 WARN 08-28 19:14:12,024 ExecutorChannelManagerMap:95 [pool-16-thread-3] - Cannot connnect VM-120<->VM-58
 WARN 08-28 19:14:12,024 ExecutorChannelManagerMap:95 [pool-16-thread-3] - Cannot connnect VM-120<->VM-57
 WARN 08-28 19:14:12,024 ExecutorChannelManagerMap:95 [pool-16-thread-3] - Cannot connnect VM-120<->VM-56
 WARN 08-28 19:14:12,024 ExecutorChannelManagerMap:95 [pool-16-thread-3] - Cannot connnect VM-120<->VM-55
 WARN 08-28 19:14:12,024 ExecutorChannelManagerMap:95 [pool-16-thread-3] - Cannot connnect VM-120<->VM-54
 WARN 08-28 19:14:12,024 ExecutorChannelManagerMap:95 [pool-16-thread-3] - Cannot connnect VM-120<->VM-53
 WARN 08-28 19:14:12,024 ExecutorChannelManagerMap:95 [pool-16-thread-3] - Cannot connnect VM-120<->VM-52
 WARN 08-28 19:14:12,024 ExecutorChannelManagerMap:95 [pool-16-thread-3] - Cannot connnect VM-120<->VM-51
 WARN 08-28 19:14:12,024 ExecutorChannelManagerMap:95 [pool-16-thread-3] - Cannot connnect VM-120<->VM-50
 WARN 08-28 19:14:12,024 ExecutorChannelManagerMap:95 [pool-16-thread-3] - Cannot connnect VM-120<->VM-1
 WARN 08-28 19:14:12,024 ExecutorChannelManagerMap:95 [pool-16-thread-3] - Cannot connnect VM-120<->VM-2
 WARN 08-28 19:14:12,024 ExecutorChannelManagerMap:95 [pool-16-thread-3] - Cannot connnect VM-120<->VM-3
 WARN 08-28 19:14:12,024 ExecutorChannelManagerMap:95 [pool-16-thread-3] - Cannot connnect VM-120<->VM-5
 WARN 08-28 19:14:12,024 ExecutorChannelManagerMap:95 [pool-16-thread-3] - Cannot connnect VM-120<->VM-29
 WARN 08-28 19:14:12,024 ExecutorChannelManagerMap:95 [pool-16-thread-3] - Cannot connnect VM-120<->VM-28
 WARN 08-28 19:14:12,024 ExecutorChannelManagerMap:95 [pool-16-thread-3] - Cannot connnect VM-120<->VM-27
 WARN 08-28 19:14:12,024 ExecutorChannelManagerMap:95 [pool-16-thread-3] - Cannot connnect VM-120<->VM-26
 WARN 08-28 19:14:12,024 ExecutorChannelManagerMap:95 [pool-16-thread-3] - Cannot connnect VM-120<->VM-25
 WARN 08-28 19:14:12,024 ExecutorChannelManagerMap:95 [pool-16-thread-3] - Cannot connnect VM-120<->VM-24
 WARN 08-28 19:14:12,025 ExecutorChannelManagerMap:95 [pool-16-thread-3] - Cannot connnect VM-120<->VM-23
 WARN 08-28 19:14:12,025 ExecutorChannelManagerMap:95 [pool-16-thread-3] - Cannot connnect VM-120<->VM-22
 WARN 08-28 19:14:12,025 ExecutorChannelManagerMap:106 [pool-16-thread-3] - Executor Executor4 already registered
 WARN 08-28 19:14:12,025 ExecutorChannelManagerMap:95 [pool-16-thread-3] - Cannot connnect VM-120<->VM-21
 WARN 08-28 19:14:12,025 ExecutorChannelManagerMap:106 [pool-16-thread-3] - Executor Executor3 already registered
 WARN 08-28 19:14:12,025 ExecutorChannelManagerMap:95 [pool-16-thread-3] - Cannot connnect VM-120<->VM-20
 WARN 08-28 19:14:12,025 ExecutorChannelManagerMap:95 [pool-16-thread-3] - Cannot connnect VM-120<->VM-39
 WARN 08-28 19:14:12,025 ExecutorChannelManagerMap:95 [pool-16-thread-3] - Cannot connnect VM-120<->VM-38
 WARN 08-28 19:14:12,025 ExecutorChannelManagerMap:95 [pool-16-thread-3] - Cannot connnect VM-120<->VM-37
 WARN 08-28 19:14:12,025 ExecutorChannelManagerMap:95 [pool-16-thread-3] - Cannot connnect VM-120<->VM-36
 WARN 08-28 19:14:12,025 ExecutorChannelManagerMap:95 [pool-16-thread-3] - Cannot connnect VM-120<->VM-35
 WARN 08-28 19:14:12,025 ExecutorChannelManagerMap:95 [pool-16-thread-3] - Cannot connnect VM-120<->VM-34
 WARN 08-28 19:14:12,025 ExecutorChannelManagerMap:95 [pool-16-thread-3] - Cannot connnect VM-120<->VM-33
 WARN 08-28 19:14:12,025 ExecutorChannelManagerMap:95 [pool-16-thread-3] - Cannot connnect VM-120<->VM-32
 WARN 08-28 19:14:12,025 ExecutorChannelManagerMap:95 [pool-16-thread-3] - Cannot connnect VM-120<->VM-31
 WARN 08-28 19:14:12,025 ExecutorChannelManagerMap:95 [pool-16-thread-3] - Cannot connnect VM-120<->VM-30
 WARN 08-28 19:14:12,025 ExecutorChannelManagerMap:95 [pool-16-thread-3] - Cannot connnect VM-120<->VM-115
 WARN 08-28 19:14:12,025 ExecutorChannelManagerMap:106 [pool-16-thread-3] - Executor Executor2 already registered
 WARN 08-28 19:14:12,025 ExecutorChannelManagerMap:106 [pool-16-thread-3] - Executor Executor1 already registered
 WARN 08-28 19:14:12,025 ExecutorChannelManagerMap:106 [pool-16-thread-3] - Executor Executor0 already registered
 WARN 08-28 19:14:12,025 ExecutorChannelManagerMap:95 [pool-16-thread-4] - Cannot connnect VM-120<->VM-89
 WARN 08-28 19:14:12,025 ExecutorChannelManagerMap:95 [pool-16-thread-4] - Cannot connnect VM-120<->VM-122
 WARN 08-28 19:14:12,025 ExecutorChannelManagerMap:95 [pool-16-thread-4] - Cannot connnect VM-120<->VM-88
 WARN 08-28 19:14:12,025 ExecutorChannelManagerMap:95 [pool-16-thread-4] - Cannot connnect VM-120<->VM-121
 WARN 08-28 19:14:12,025 ExecutorChannelManagerMap:95 [pool-16-thread-4] - Cannot connnect VM-120<->VM-87
 WARN 08-28 19:14:12,025 ExecutorChannelManagerMap:95 [pool-16-thread-4] - Cannot connnect VM-120<->VM-86
 WARN 08-28 19:14:12,025 ExecutorChannelManagerMap:95 [pool-16-thread-4] - Cannot connnect VM-120<->VM-85
 WARN 08-28 19:14:12,026 ExecutorChannelManagerMap:95 [pool-16-thread-4] - Cannot connnect VM-120<->VM-84
 WARN 08-28 19:14:12,026 ExecutorChannelManagerMap:95 [pool-16-thread-4] - Cannot connnect VM-120<->VM-83
 WARN 08-28 19:14:12,026 ExecutorChannelManagerMap:95 [pool-16-thread-4] - Cannot connnect VM-120<->VM-124
 WARN 08-28 19:14:12,026 ExecutorChannelManagerMap:95 [pool-16-thread-4] - Cannot connnect VM-120<->VM-82
 WARN 08-28 19:14:12,026 ExecutorChannelManagerMap:95 [pool-16-thread-4] - Cannot connnect VM-120<->VM-123
 WARN 08-28 19:14:12,026 ExecutorChannelManagerMap:95 [pool-16-thread-4] - Cannot connnect VM-120<->VM-81
 WARN 08-28 19:14:12,026 ExecutorChannelManagerMap:95 [pool-16-thread-4] - Cannot connnect VM-120<->VM-119
 WARN 08-28 19:14:12,026 ExecutorChannelManagerMap:95 [pool-16-thread-4] - Cannot connnect VM-120<->VM-80
 WARN 08-28 19:14:12,026 ExecutorChannelManagerMap:95 [pool-16-thread-4] - Cannot connnect VM-120<->VM-118
 WARN 08-28 19:14:12,026 ExecutorChannelManagerMap:95 [pool-16-thread-4] - Cannot connnect VM-120<->VM-117
 WARN 08-28 19:14:12,026 ExecutorChannelManagerMap:95 [pool-16-thread-4] - Cannot connnect VM-120<->VM-116
 WARN 08-28 19:14:12,026 ExecutorChannelManagerMap:95 [pool-16-thread-4] - Cannot connnect VM-120<->VM-19
 WARN 08-28 19:14:12,026 ExecutorChannelManagerMap:95 [pool-16-thread-4] - Cannot connnect VM-120<->VM-18
 WARN 08-28 19:14:12,026 ExecutorChannelManagerMap:95 [pool-16-thread-4] - Cannot connnect VM-120<->VM-17
 WARN 08-28 19:14:12,026 ExecutorChannelManagerMap:95 [pool-16-thread-4] - Cannot connnect VM-120<->VM-16
 WARN 08-28 19:14:12,026 ExecutorChannelManagerMap:95 [pool-16-thread-4] - Cannot connnect VM-120<->VM-15
 WARN 08-28 19:14:12,026 ExecutorChannelManagerMap:95 [pool-16-thread-4] - Cannot connnect VM-120<->VM-14
 WARN 08-28 19:14:12,026 ExecutorChannelManagerMap:95 [pool-16-thread-4] - Cannot connnect VM-120<->VM-13
 WARN 08-28 19:14:12,026 ExecutorChannelManagerMap:95 [pool-16-thread-4] - Cannot connnect VM-120<->VM-12
 WARN 08-28 19:14:12,026 ExecutorChannelManagerMap:95 [pool-16-thread-4] - Cannot connnect VM-120<->VM-11
 WARN 08-28 19:14:12,026 ExecutorChannelManagerMap:95 [pool-16-thread-4] - Cannot connnect VM-120<->VM-10
 WARN 08-28 19:14:12,026 ExecutorChannelManagerMap:95 [pool-16-thread-4] - Cannot connnect VM-120<->VM-90
 WARN 08-28 19:14:12,026 ExecutorChannelManagerMap:95 [pool-16-thread-4] - Cannot connnect VM-120<->VM-69
 WARN 08-28 19:14:12,026 ExecutorChannelManagerMap:95 [pool-16-thread-4] - Cannot connnect VM-120<->VM-68
 WARN 08-28 19:14:12,026 ExecutorChannelManagerMap:95 [pool-16-thread-4] - Cannot connnect VM-120<->VM-67
 WARN 08-28 19:14:12,026 ExecutorChannelManagerMap:95 [pool-16-thread-4] - Cannot connnect VM-120<->VM-66
 WARN 08-28 19:14:12,027 ExecutorChannelManagerMap:95 [pool-16-thread-4] - Cannot connnect VM-120<->VM-65
 WARN 08-28 19:14:12,027 ExecutorChannelManagerMap:95 [pool-16-thread-4] - Cannot connnect VM-120<->VM-64
 WARN 08-28 19:14:12,027 ExecutorChannelManagerMap:95 [pool-16-thread-4] - Cannot connnect VM-120<->VM-63
 WARN 08-28 19:14:12,027 ExecutorChannelManagerMap:95 [pool-16-thread-4] - Cannot connnect VM-120<->VM-62
 WARN 08-28 19:14:12,027 ExecutorChannelManagerMap:95 [pool-16-thread-4] - Cannot connnect VM-120<->VM-61
 WARN 08-28 19:14:12,027 ExecutorChannelManagerMap:95 [pool-16-thread-4] - Cannot connnect VM-120<->VM-60
 WARN 08-28 19:14:12,027 ExecutorChannelManagerMap:95 [pool-16-thread-4] - Cannot connnect VM-120<->VM-79
 WARN 08-28 19:14:12,027 ExecutorChannelManagerMap:95 [pool-16-thread-4] - Cannot connnect VM-120<->VM-78
 WARN 08-28 19:14:12,027 ExecutorChannelManagerMap:95 [pool-16-thread-4] - Cannot connnect VM-120<->VM-77
 WARN 08-28 19:14:12,027 ExecutorChannelManagerMap:95 [pool-16-thread-4] - Cannot connnect VM-120<->VM-76
 WARN 08-28 19:14:12,027 ExecutorChannelManagerMap:95 [pool-16-thread-4] - Cannot connnect VM-120<->VM-75
 WARN 08-28 19:14:12,027 ExecutorChannelManagerMap:95 [pool-16-thread-4] - Cannot connnect VM-120<->VM-74
 WARN 08-28 19:14:12,027 ExecutorChannelManagerMap:95 [pool-16-thread-4] - Cannot connnect VM-120<->VM-73
 WARN 08-28 19:14:12,027 ExecutorChannelManagerMap:95 [pool-16-thread-4] - Cannot connnect VM-120<->VM-72
 WARN 08-28 19:14:12,027 ExecutorChannelManagerMap:95 [pool-16-thread-4] - Cannot connnect VM-120<->VM-71
 WARN 08-28 19:14:12,027 ExecutorChannelManagerMap:95 [pool-16-thread-4] - Cannot connnect VM-120<->VM-70
 WARN 08-28 19:14:12,027 ExecutorChannelManagerMap:95 [pool-16-thread-4] - Cannot connnect VM-120<->VM-49
 WARN 08-28 19:14:12,027 ExecutorChannelManagerMap:95 [pool-16-thread-4] - Cannot connnect VM-120<->VM-48
 WARN 08-28 19:14:12,027 ExecutorChannelManagerMap:95 [pool-16-thread-4] - Cannot connnect VM-120<->VM-47
 WARN 08-28 19:14:12,027 ExecutorChannelManagerMap:95 [pool-16-thread-4] - Cannot connnect VM-120<->VM-46
 WARN 08-28 19:14:12,027 ExecutorChannelManagerMap:95 [pool-16-thread-4] - Cannot connnect VM-120<->VM-45
 WARN 08-28 19:14:12,027 ExecutorChannelManagerMap:95 [pool-16-thread-4] - Cannot connnect VM-120<->VM-6
 WARN 08-28 19:14:12,027 ExecutorChannelManagerMap:95 [pool-16-thread-4] - Cannot connnect VM-120<->VM-44
 WARN 08-28 19:14:12,027 ExecutorChannelManagerMap:95 [pool-16-thread-4] - Cannot connnect VM-120<->VM-7
 WARN 08-28 19:14:12,027 ExecutorChannelManagerMap:95 [pool-16-thread-4] - Cannot connnect VM-120<->VM-43
 WARN 08-28 19:14:12,028 ExecutorChannelManagerMap:95 [pool-16-thread-4] - Cannot connnect VM-120<->VM-8
 WARN 08-28 19:14:12,028 ExecutorChannelManagerMap:95 [pool-16-thread-4] - Cannot connnect VM-120<->VM-42
 WARN 08-28 19:14:12,028 ExecutorChannelManagerMap:95 [pool-16-thread-4] - Cannot connnect VM-120<->VM-9
 WARN 08-28 19:14:12,028 ExecutorChannelManagerMap:95 [pool-16-thread-4] - Cannot connnect VM-120<->VM-41
 WARN 08-28 19:14:12,028 ExecutorChannelManagerMap:95 [pool-16-thread-4] - Cannot connnect VM-120<->VM-40
 WARN 08-28 19:14:12,028 ExecutorChannelManagerMap:95 [pool-16-thread-4] - Cannot connnect VM-120<->VM-59
 WARN 08-28 19:14:12,028 ExecutorChannelManagerMap:95 [pool-16-thread-4] - Cannot connnect VM-120<->VM-58
 WARN 08-28 19:14:12,028 ExecutorChannelManagerMap:95 [pool-16-thread-4] - Cannot connnect VM-120<->VM-57
 WARN 08-28 19:14:12,028 ExecutorChannelManagerMap:95 [pool-16-thread-4] - Cannot connnect VM-120<->VM-56
 WARN 08-28 19:14:12,028 ExecutorChannelManagerMap:95 [pool-16-thread-4] - Cannot connnect VM-120<->VM-55
 WARN 08-28 19:14:12,028 ExecutorChannelManagerMap:95 [pool-16-thread-4] - Cannot connnect VM-120<->VM-54
 WARN 08-28 19:14:12,028 ExecutorChannelManagerMap:95 [pool-16-thread-4] - Cannot connnect VM-120<->VM-53
 WARN 08-28 19:14:12,028 ExecutorChannelManagerMap:95 [pool-16-thread-4] - Cannot connnect VM-120<->VM-52
 WARN 08-28 19:14:12,028 ExecutorChannelManagerMap:95 [pool-16-thread-4] - Cannot connnect VM-120<->VM-51
 WARN 08-28 19:14:12,028 ExecutorChannelManagerMap:95 [pool-16-thread-4] - Cannot connnect VM-120<->VM-50
 WARN 08-28 19:14:12,028 ExecutorChannelManagerMap:95 [pool-16-thread-4] - Cannot connnect VM-120<->VM-1
 WARN 08-28 19:14:12,028 ExecutorChannelManagerMap:95 [pool-16-thread-4] - Cannot connnect VM-120<->VM-2
 WARN 08-28 19:14:12,028 ExecutorChannelManagerMap:95 [pool-16-thread-4] - Cannot connnect VM-120<->VM-3
 WARN 08-28 19:14:12,028 ExecutorChannelManagerMap:95 [pool-16-thread-4] - Cannot connnect VM-120<->VM-5
 WARN 08-28 19:14:12,028 ExecutorChannelManagerMap:95 [pool-16-thread-4] - Cannot connnect VM-120<->VM-29
 WARN 08-28 19:14:12,028 ExecutorChannelManagerMap:95 [pool-16-thread-4] - Cannot connnect VM-120<->VM-28
 WARN 08-28 19:14:12,028 ExecutorChannelManagerMap:95 [pool-16-thread-4] - Cannot connnect VM-120<->VM-27
 WARN 08-28 19:14:12,028 ExecutorChannelManagerMap:95 [pool-16-thread-4] - Cannot connnect VM-120<->VM-26
 WARN 08-28 19:14:12,028 ExecutorChannelManagerMap:95 [pool-16-thread-4] - Cannot connnect VM-120<->VM-25
 WARN 08-28 19:14:12,028 ExecutorChannelManagerMap:95 [pool-16-thread-4] - Cannot connnect VM-120<->VM-24
 WARN 08-28 19:14:12,028 ExecutorChannelManagerMap:95 [pool-16-thread-4] - Cannot connnect VM-120<->VM-23
 WARN 08-28 19:14:12,029 ExecutorChannelManagerMap:95 [pool-16-thread-4] - Cannot connnect VM-120<->VM-22
 WARN 08-28 19:14:12,029 ExecutorChannelManagerMap:106 [pool-16-thread-4] - Executor Executor4 already registered
 WARN 08-28 19:14:12,029 ExecutorChannelManagerMap:95 [pool-16-thread-4] - Cannot connnect VM-120<->VM-21
 WARN 08-28 19:14:12,029 ExecutorChannelManagerMap:106 [pool-16-thread-4] - Executor Executor3 already registered
 WARN 08-28 19:14:12,029 ExecutorChannelManagerMap:95 [pool-16-thread-4] - Cannot connnect VM-120<->VM-20
 WARN 08-28 19:14:12,029 ExecutorChannelManagerMap:95 [pool-16-thread-4] - Cannot connnect VM-120<->VM-39
 WARN 08-28 19:14:12,029 ExecutorChannelManagerMap:95 [pool-16-thread-4] - Cannot connnect VM-120<->VM-38
 WARN 08-28 19:14:12,029 ExecutorChannelManagerMap:95 [pool-16-thread-4] - Cannot connnect VM-120<->VM-37
 WARN 08-28 19:14:12,029 ExecutorChannelManagerMap:95 [pool-16-thread-4] - Cannot connnect VM-120<->VM-36
 WARN 08-28 19:14:12,029 ExecutorChannelManagerMap:95 [pool-16-thread-4] - Cannot connnect VM-120<->VM-35
 WARN 08-28 19:14:12,029 ExecutorChannelManagerMap:95 [pool-16-thread-4] - Cannot connnect VM-120<->VM-34
 WARN 08-28 19:14:12,029 ExecutorChannelManagerMap:95 [pool-16-thread-4] - Cannot connnect VM-120<->VM-33
 WARN 08-28 19:14:12,029 ExecutorChannelManagerMap:95 [pool-16-thread-4] - Cannot connnect VM-120<->VM-32
 WARN 08-28 19:14:12,029 ExecutorChannelManagerMap:95 [pool-16-thread-4] - Cannot connnect VM-120<->VM-31
 WARN 08-28 19:14:12,029 ExecutorChannelManagerMap:95 [pool-16-thread-4] - Cannot connnect VM-120<->VM-30
 WARN 08-28 19:14:12,029 ExecutorChannelManagerMap:106 [pool-16-thread-4] - Executor Executor2 already registered
 WARN 08-28 19:14:12,029 ExecutorChannelManagerMap:106 [pool-16-thread-4] - Executor Executor1 already registered
 WARN 08-28 19:14:12,029 ExecutorChannelManagerMap:106 [pool-16-thread-4] - Executor Executor0 already registered
 WARN 08-28 19:14:12,029 ExecutorChannelManagerMap:95 [pool-16-thread-6] - Cannot connnect VM-120<->VM-34
 WARN 08-28 19:14:12,029 ExecutorChannelManagerMap:95 [pool-16-thread-6] - Cannot connnect VM-120<->VM-33
 WARN 08-28 19:14:12,029 ExecutorChannelManagerMap:95 [pool-16-thread-6] - Cannot connnect VM-120<->VM-32
 WARN 08-28 19:14:12,029 ExecutorChannelManagerMap:95 [pool-16-thread-6] - Cannot connnect VM-120<->VM-31
 WARN 08-28 19:14:12,030 ExecutorChannelManagerMap:95 [pool-16-thread-6] - Cannot connnect VM-120<->VM-30
 WARN 08-28 19:14:12,030 ExecutorChannelManagerMap:95 [pool-16-thread-6] - Cannot connnect VM-120<->VM-115
 WARN 08-28 19:14:12,030 ExecutorChannelManagerMap:95 [pool-16-thread-6] - Cannot connnect VM-120<->VM-114
 WARN 08-28 19:14:12,030 ExecutorChannelManagerMap:106 [pool-16-thread-6] - Executor Executor2 already registered
 WARN 08-28 19:14:12,030 ExecutorChannelManagerMap:106 [pool-16-thread-6] - Executor Executor1 already registered
 WARN 08-28 19:14:12,030 ExecutorChannelManagerMap:106 [pool-16-thread-6] - Executor Executor0 already registered
 INFO 08-28 19:14:12,034 Executor$ExecutorMessageReceiver:1433 [pool-16-thread-3] - Executor registered message received VM-89,VM-122,VM-88,VM-121,VM-87,VM-86,VM-85,VM-84,VM-83,VM-124,VM-82,VM-123,VM-81,VM-119,VM-80,VM-118,VM-117,VM-116,VM-19,VM-18,VM-17,VM-16,VM-15,VM-14,VM-13,VM-12,VM-11,VM-99,VM-10,VM-98,VM-90,VM-69,VM-68,VM-67,VM-66,VM-65,VM-64,VM-63,VM-62,VM-61,VM-60,VM-79,VM-78,VM-77,VM-76,VM-75,VM-74,VM-73,VM-72,VM-71,VM-70,VM-49,VM-48,VM-47,VM-46,VM-45,VM-6,VM-44,VM-7,VM-43,VM-8,VM-42,VM-9,VM-41,VM-40,VM-59,VM-58,VM-57,VM-56,VM-55,VM-54,VM-53,VM-52,VM-51,VM-50,VM-1,VM-2,VM-3,VM-4,VM-5,VM-29,VM-28,VM-27,VM-26,VM-25,VM-24,VM-23,VM-100,VM-22,Executor4,VM-21,Executor3,VM-20,VM-104,VM-103,VM-102,VM-101,VM-39,VM-38,VM-37,VM-36,VM-35,VM-34,VM-111,VM-33,VM-110,VM-32,VM-31,VM-30,VM-115,VM-114,VM-113,VM-112,VM-108,VM-107,VM-106,VM-105,Executor2,Executor1,Executor0,VM-109
 WARN 08-28 19:14:12,034 ExecutorChannelManagerMap:95 [pool-16-thread-3] - Cannot connnect VM-120<->VM-89
 WARN 08-28 19:14:12,034 ExecutorChannelManagerMap:95 [pool-16-thread-3] - Cannot connnect VM-120<->VM-122
 WARN 08-28 19:14:12,034 ExecutorChannelManagerMap:95 [pool-16-thread-3] - Cannot connnect VM-120<->VM-88
 WARN 08-28 19:14:12,034 ExecutorChannelManagerMap:95 [pool-16-thread-3] - Cannot connnect VM-120<->VM-121
 WARN 08-28 19:14:12,034 ExecutorChannelManagerMap:95 [pool-16-thread-3] - Cannot connnect VM-120<->VM-87
 WARN 08-28 19:14:12,034 ExecutorChannelManagerMap:95 [pool-16-thread-3] - Cannot connnect VM-120<->VM-86
 WARN 08-28 19:14:12,034 ExecutorChannelManagerMap:95 [pool-16-thread-3] - Cannot connnect VM-120<->VM-85
 WARN 08-28 19:14:12,034 ExecutorChannelManagerMap:95 [pool-16-thread-3] - Cannot connnect VM-120<->VM-84
 WARN 08-28 19:14:12,034 ExecutorChannelManagerMap:95 [pool-16-thread-3] - Cannot connnect VM-120<->VM-83
 WARN 08-28 19:14:12,034 ExecutorChannelManagerMap:95 [pool-16-thread-3] - Cannot connnect VM-120<->VM-124
 WARN 08-28 19:14:12,034 ExecutorChannelManagerMap:95 [pool-16-thread-3] - Cannot connnect VM-120<->VM-82
 WARN 08-28 19:14:12,034 ExecutorChannelManagerMap:95 [pool-16-thread-3] - Cannot connnect VM-120<->VM-123
 WARN 08-28 19:14:12,034 ExecutorChannelManagerMap:95 [pool-16-thread-3] - Cannot connnect VM-120<->VM-81
 WARN 08-28 19:14:12,035 ExecutorChannelManagerMap:95 [pool-16-thread-3] - Cannot connnect VM-120<->VM-119
 WARN 08-28 19:14:12,035 ExecutorChannelManagerMap:95 [pool-16-thread-3] - Cannot connnect VM-120<->VM-80
 WARN 08-28 19:14:12,035 ExecutorChannelManagerMap:95 [pool-16-thread-3] - Cannot connnect VM-120<->VM-118
 WARN 08-28 19:14:12,035 ExecutorChannelManagerMap:95 [pool-16-thread-3] - Cannot connnect VM-120<->VM-117
 WARN 08-28 19:14:12,035 ExecutorChannelManagerMap:95 [pool-16-thread-3] - Cannot connnect VM-120<->VM-116
 WARN 08-28 19:14:12,035 ExecutorChannelManagerMap:95 [pool-16-thread-3] - Cannot connnect VM-120<->VM-19
 WARN 08-28 19:14:12,035 ExecutorChannelManagerMap:95 [pool-16-thread-3] - Cannot connnect VM-120<->VM-18
 WARN 08-28 19:14:12,035 ExecutorChannelManagerMap:95 [pool-16-thread-3] - Cannot connnect VM-120<->VM-17
 WARN 08-28 19:14:12,035 ExecutorChannelManagerMap:95 [pool-16-thread-3] - Cannot connnect VM-120<->VM-16
 WARN 08-28 19:14:12,035 ExecutorChannelManagerMap:95 [pool-16-thread-3] - Cannot connnect VM-120<->VM-15
 WARN 08-28 19:14:12,035 ExecutorChannelManagerMap:95 [pool-16-thread-3] - Cannot connnect VM-120<->VM-14
 WARN 08-28 19:14:12,035 ExecutorChannelManagerMap:95 [pool-16-thread-3] - Cannot connnect VM-120<->VM-13
 WARN 08-28 19:14:12,035 ExecutorChannelManagerMap:95 [pool-16-thread-3] - Cannot connnect VM-120<->VM-12
 WARN 08-28 19:14:12,035 ExecutorChannelManagerMap:95 [pool-16-thread-3] - Cannot connnect VM-120<->VM-11
 WARN 08-28 19:14:12,035 ExecutorChannelManagerMap:95 [pool-16-thread-3] - Cannot connnect VM-120<->VM-99
 WARN 08-28 19:14:12,035 ExecutorChannelManagerMap:95 [pool-16-thread-3] - Cannot connnect VM-120<->VM-10
 WARN 08-28 19:14:12,035 ExecutorChannelManagerMap:95 [pool-16-thread-3] - Cannot connnect VM-120<->VM-98
 WARN 08-28 19:14:12,035 ExecutorChannelManagerMap:95 [pool-16-thread-3] - Cannot connnect VM-120<->VM-90
 WARN 08-28 19:14:12,035 ExecutorChannelManagerMap:95 [pool-16-thread-3] - Cannot connnect VM-120<->VM-69
 WARN 08-28 19:14:12,035 ExecutorChannelManagerMap:95 [pool-16-thread-3] - Cannot connnect VM-120<->VM-68
 WARN 08-28 19:14:12,035 ExecutorChannelManagerMap:95 [pool-16-thread-3] - Cannot connnect VM-120<->VM-67
 WARN 08-28 19:14:12,035 ExecutorChannelManagerMap:95 [pool-16-thread-3] - Cannot connnect VM-120<->VM-66
 WARN 08-28 19:14:12,035 ExecutorChannelManagerMap:95 [pool-16-thread-3] - Cannot connnect VM-120<->VM-65
 WARN 08-28 19:14:12,035 ExecutorChannelManagerMap:95 [pool-16-thread-3] - Cannot connnect VM-120<->VM-64
 WARN 08-28 19:14:12,035 ExecutorChannelManagerMap:95 [pool-16-thread-3] - Cannot connnect VM-120<->VM-63
 WARN 08-28 19:14:12,035 ExecutorChannelManagerMap:95 [pool-16-thread-3] - Cannot connnect VM-120<->VM-62
 WARN 08-28 19:14:12,036 ExecutorChannelManagerMap:95 [pool-16-thread-3] - Cannot connnect VM-120<->VM-61
 WARN 08-28 19:14:12,036 ExecutorChannelManagerMap:95 [pool-16-thread-3] - Cannot connnect VM-120<->VM-60
 WARN 08-28 19:14:12,036 ExecutorChannelManagerMap:95 [pool-16-thread-3] - Cannot connnect VM-120<->VM-79
 WARN 08-28 19:14:12,036 ExecutorChannelManagerMap:95 [pool-16-thread-3] - Cannot connnect VM-120<->VM-78
 WARN 08-28 19:14:12,036 ExecutorChannelManagerMap:95 [pool-16-thread-3] - Cannot connnect VM-120<->VM-77
 WARN 08-28 19:14:12,036 ExecutorChannelManagerMap:95 [pool-16-thread-3] - Cannot connnect VM-120<->VM-76
 WARN 08-28 19:14:12,036 ExecutorChannelManagerMap:95 [pool-16-thread-3] - Cannot connnect VM-120<->VM-75
 WARN 08-28 19:14:12,036 ExecutorChannelManagerMap:95 [pool-16-thread-3] - Cannot connnect VM-120<->VM-74
 WARN 08-28 19:14:12,036 ExecutorChannelManagerMap:95 [pool-16-thread-3] - Cannot connnect VM-120<->VM-73
 WARN 08-28 19:14:12,036 ExecutorChannelManagerMap:95 [pool-16-thread-3] - Cannot connnect VM-120<->VM-72
 WARN 08-28 19:14:12,036 ExecutorChannelManagerMap:95 [pool-16-thread-3] - Cannot connnect VM-120<->VM-71
 WARN 08-28 19:14:12,036 ExecutorChannelManagerMap:95 [pool-16-thread-3] - Cannot connnect VM-120<->VM-70
 WARN 08-28 19:14:12,036 ExecutorChannelManagerMap:95 [pool-16-thread-3] - Cannot connnect VM-120<->VM-49
 WARN 08-28 19:14:12,036 ExecutorChannelManagerMap:95 [pool-16-thread-3] - Cannot connnect VM-120<->VM-48
 WARN 08-28 19:14:12,036 ExecutorChannelManagerMap:95 [pool-16-thread-3] - Cannot connnect VM-120<->VM-47
 WARN 08-28 19:14:12,036 ExecutorChannelManagerMap:95 [pool-16-thread-3] - Cannot connnect VM-120<->VM-46
 WARN 08-28 19:14:12,036 ExecutorChannelManagerMap:95 [pool-16-thread-3] - Cannot connnect VM-120<->VM-45
 WARN 08-28 19:14:12,036 ExecutorChannelManagerMap:95 [pool-16-thread-3] - Cannot connnect VM-120<->VM-6
 WARN 08-28 19:14:12,036 ExecutorChannelManagerMap:95 [pool-16-thread-3] - Cannot connnect VM-120<->VM-44
 WARN 08-28 19:14:12,036 ExecutorChannelManagerMap:95 [pool-16-thread-3] - Cannot connnect VM-120<->VM-7
 WARN 08-28 19:14:12,036 ExecutorChannelManagerMap:95 [pool-16-thread-3] - Cannot connnect VM-120<->VM-43
 WARN 08-28 19:14:12,036 ExecutorChannelManagerMap:95 [pool-16-thread-3] - Cannot connnect VM-120<->VM-8
 WARN 08-28 19:14:12,036 ExecutorChannelManagerMap:95 [pool-16-thread-3] - Cannot connnect VM-120<->VM-42
 WARN 08-28 19:14:12,036 ExecutorChannelManagerMap:95 [pool-16-thread-3] - Cannot connnect VM-120<->VM-9
 WARN 08-28 19:14:12,036 ExecutorChannelManagerMap:95 [pool-16-thread-3] - Cannot connnect VM-120<->VM-41
 WARN 08-28 19:14:12,037 ExecutorChannelManagerMap:95 [pool-16-thread-3] - Cannot connnect VM-120<->VM-40
 WARN 08-28 19:14:12,037 ExecutorChannelManagerMap:95 [pool-16-thread-3] - Cannot connnect VM-120<->VM-59
 WARN 08-28 19:14:12,037 ExecutorChannelManagerMap:95 [pool-16-thread-3] - Cannot connnect VM-120<->VM-58
 WARN 08-28 19:14:12,037 ExecutorChannelManagerMap:95 [pool-16-thread-3] - Cannot connnect VM-120<->VM-57
 WARN 08-28 19:14:12,037 ExecutorChannelManagerMap:95 [pool-16-thread-3] - Cannot connnect VM-120<->VM-56
 WARN 08-28 19:14:12,037 ExecutorChannelManagerMap:95 [pool-16-thread-3] - Cannot connnect VM-120<->VM-55
 WARN 08-28 19:14:12,037 ExecutorChannelManagerMap:95 [pool-16-thread-3] - Cannot connnect VM-120<->VM-54
 WARN 08-28 19:14:12,037 ExecutorChannelManagerMap:95 [pool-16-thread-3] - Cannot connnect VM-120<->VM-53
 WARN 08-28 19:14:12,037 ExecutorChannelManagerMap:95 [pool-16-thread-3] - Cannot connnect VM-120<->VM-52
 WARN 08-28 19:14:12,037 ExecutorChannelManagerMap:95 [pool-16-thread-3] - Cannot connnect VM-120<->VM-51
 WARN 08-28 19:14:12,037 ExecutorChannelManagerMap:95 [pool-16-thread-3] - Cannot connnect VM-120<->VM-50
 WARN 08-28 19:14:12,037 ExecutorChannelManagerMap:95 [pool-16-thread-3] - Cannot connnect VM-120<->VM-1
 WARN 08-28 19:14:12,037 ExecutorChannelManagerMap:95 [pool-16-thread-3] - Cannot connnect VM-120<->VM-2
 WARN 08-28 19:14:12,037 ExecutorChannelManagerMap:95 [pool-16-thread-3] - Cannot connnect VM-120<->VM-3
 WARN 08-28 19:14:12,037 ExecutorChannelManagerMap:95 [pool-16-thread-3] - Cannot connnect VM-120<->VM-4
 WARN 08-28 19:14:12,037 ExecutorChannelManagerMap:95 [pool-16-thread-3] - Cannot connnect VM-120<->VM-5
 WARN 08-28 19:14:12,037 ExecutorChannelManagerMap:95 [pool-16-thread-3] - Cannot connnect VM-120<->VM-29
 WARN 08-28 19:14:12,037 ExecutorChannelManagerMap:95 [pool-16-thread-3] - Cannot connnect VM-120<->VM-28
 WARN 08-28 19:14:12,037 ExecutorChannelManagerMap:95 [pool-16-thread-3] - Cannot connnect VM-120<->VM-27
 WARN 08-28 19:14:12,037 ExecutorChannelManagerMap:95 [pool-16-thread-3] - Cannot connnect VM-120<->VM-26
 WARN 08-28 19:14:12,037 ExecutorChannelManagerMap:95 [pool-16-thread-3] - Cannot connnect VM-120<->VM-25
 WARN 08-28 19:14:12,037 ExecutorChannelManagerMap:95 [pool-16-thread-3] - Cannot connnect VM-120<->VM-24
 WARN 08-28 19:14:12,037 ExecutorChannelManagerMap:95 [pool-16-thread-3] - Cannot connnect VM-120<->VM-23
 WARN 08-28 19:14:12,037 ExecutorChannelManagerMap:95 [pool-16-thread-3] - Cannot connnect VM-120<->VM-100
 WARN 08-28 19:14:12,037 ExecutorChannelManagerMap:95 [pool-16-thread-3] - Cannot connnect VM-120<->VM-22
 WARN 08-28 19:14:12,037 ExecutorChannelManagerMap:106 [pool-16-thread-3] - Executor Executor4 already registered
 WARN 08-28 19:14:12,037 ExecutorChannelManagerMap:95 [pool-16-thread-3] - Cannot connnect VM-120<->VM-21
 WARN 08-28 19:14:12,037 ExecutorChannelManagerMap:106 [pool-16-thread-3] - Executor Executor3 already registered
 WARN 08-28 19:14:12,038 ExecutorChannelManagerMap:95 [pool-16-thread-3] - Cannot connnect VM-120<->VM-20
 WARN 08-28 19:14:12,038 ExecutorChannelManagerMap:95 [pool-16-thread-3] - Cannot connnect VM-120<->VM-104
 WARN 08-28 19:14:12,038 ExecutorChannelManagerMap:95 [pool-16-thread-3] - Cannot connnect VM-120<->VM-103
 WARN 08-28 19:14:12,038 ExecutorChannelManagerMap:95 [pool-16-thread-3] - Cannot connnect VM-120<->VM-102
 WARN 08-28 19:14:12,038 ExecutorChannelManagerMap:95 [pool-16-thread-3] - Cannot connnect VM-120<->VM-101
 WARN 08-28 19:14:12,038 ExecutorChannelManagerMap:95 [pool-16-thread-3] - Cannot connnect VM-120<->VM-39
 WARN 08-28 19:14:12,038 ExecutorChannelManagerMap:95 [pool-16-thread-3] - Cannot connnect VM-120<->VM-38
 WARN 08-28 19:14:12,038 ExecutorChannelManagerMap:95 [pool-16-thread-3] - Cannot connnect VM-120<->VM-37
 WARN 08-28 19:14:12,038 ExecutorChannelManagerMap:95 [pool-16-thread-3] - Cannot connnect VM-120<->VM-36
 WARN 08-28 19:14:12,038 ExecutorChannelManagerMap:95 [pool-16-thread-3] - Cannot connnect VM-120<->VM-35
 WARN 08-28 19:14:12,038 ExecutorChannelManagerMap:95 [pool-16-thread-3] - Cannot connnect VM-120<->VM-34
 WARN 08-28 19:14:12,038 ExecutorChannelManagerMap:95 [pool-16-thread-3] - Cannot connnect VM-120<->VM-111
 WARN 08-28 19:14:12,038 ExecutorChannelManagerMap:95 [pool-16-thread-3] - Cannot connnect VM-120<->VM-33
 WARN 08-28 19:14:12,038 ExecutorChannelManagerMap:95 [pool-16-thread-3] - Cannot connnect VM-120<->VM-110
 WARN 08-28 19:14:12,038 ExecutorChannelManagerMap:95 [pool-16-thread-3] - Cannot connnect VM-120<->VM-32
 WARN 08-28 19:14:12,038 ExecutorChannelManagerMap:95 [pool-16-thread-3] - Cannot connnect VM-120<->VM-31
 WARN 08-28 19:14:12,038 ExecutorChannelManagerMap:95 [pool-16-thread-3] - Cannot connnect VM-120<->VM-30
 WARN 08-28 19:14:12,038 ExecutorChannelManagerMap:95 [pool-16-thread-3] - Cannot connnect VM-120<->VM-115
 WARN 08-28 19:14:12,038 ExecutorChannelManagerMap:95 [pool-16-thread-3] - Cannot connnect VM-120<->VM-114
 WARN 08-28 19:14:12,038 ExecutorChannelManagerMap:95 [pool-16-thread-3] - Cannot connnect VM-120<->VM-113
 WARN 08-28 19:14:12,038 ExecutorChannelManagerMap:95 [pool-16-thread-3] - Cannot connnect VM-120<->VM-112
 WARN 08-28 19:14:12,038 ExecutorChannelManagerMap:95 [pool-16-thread-3] - Cannot connnect VM-120<->VM-108
 WARN 08-28 19:14:12,038 ExecutorChannelManagerMap:95 [pool-16-thread-3] - Cannot connnect VM-120<->VM-107
 WARN 08-28 19:14:12,038 ExecutorChannelManagerMap:95 [pool-16-thread-3] - Cannot connnect VM-120<->VM-106
 WARN 08-28 19:14:12,038 ExecutorChannelManagerMap:95 [pool-16-thread-3] - Cannot connnect VM-120<->VM-105
 WARN 08-28 19:14:12,038 ExecutorChannelManagerMap:106 [pool-16-thread-3] - Executor Executor2 already registered
 WARN 08-28 19:14:12,038 ExecutorChannelManagerMap:106 [pool-16-thread-3] - Executor Executor1 already registered
 WARN 08-28 19:14:12,039 ExecutorChannelManagerMap:106 [pool-16-thread-3] - Executor Executor0 already registered
 WARN 08-28 19:14:12,039 ExecutorChannelManagerMap:95 [pool-16-thread-3] - Cannot connnect VM-120<->VM-109
 INFO 08-28 19:14:12,039 Executor$ExecutorMessageReceiver:1433 [pool-16-thread-4] - Executor registered message received VM-89,VM-122,VM-88,VM-121,VM-87,VM-86,VM-85,VM-84,VM-83,VM-124,VM-82,VM-123,VM-81,VM-119,VM-80,VM-118,VM-117,VM-116,VM-19,VM-18,VM-17,VM-16,VM-15,VM-14,VM-13,VM-12,VM-11,VM-99,VM-10,VM-98,VM-97,VM-90,VM-69,VM-68,VM-67,VM-66,VM-65,VM-64,VM-63,VM-62,VM-61,VM-60,VM-79,VM-78,VM-77,VM-76,VM-75,VM-74,VM-73,VM-72,VM-71,VM-70,VM-49,VM-48,VM-47,VM-46,VM-45,VM-6,VM-44,VM-7,VM-43,VM-8,VM-42,VM-9,VM-41,VM-40,VM-59,VM-58,VM-57,VM-56,VM-55,VM-54,VM-53,VM-52,VM-51,VM-50,VM-1,VM-2,VM-3,VM-4,VM-5,VM-29,VM-28,VM-27,VM-26,VM-25,VM-24,VM-23,VM-100,VM-22,Executor4,VM-21,Executor3,VM-20,VM-104,VM-103,VM-102,VM-101,VM-39,VM-38,VM-37,VM-36,VM-35,VM-34,VM-111,VM-33,VM-110,VM-32,VM-31,VM-30,VM-115,VM-114,VM-113,VM-112,VM-108,VM-107,VM-106,VM-105,Executor2,Executor1,Executor0,VM-109
 INFO 08-28 19:14:12,039 Executor$ExecutorMessageReceiver:1433 [pool-16-thread-3] - Executor registered message received VM-89,VM-122,VM-88,VM-121,VM-87,VM-86,VM-85,VM-84,VM-83,VM-124,VM-82,VM-123,VM-81,VM-119,VM-80,VM-118,VM-117,VM-116,VM-19,VM-18,VM-17,VM-16,VM-15,VM-14,VM-13,VM-12,VM-11,VM-10,VM-90,VM-69,VM-68,VM-67,VM-66,VM-65,VM-64,VM-63,VM-62,VM-61,VM-60,VM-79,VM-78,VM-77,VM-76,VM-75,VM-74,VM-73,VM-72,VM-71,VM-70,VM-49,VM-48,VM-47,VM-46,VM-45,VM-6,VM-44,VM-7,VM-43,VM-8,VM-42,VM-9,VM-41,VM-40,VM-59,VM-58,VM-57,VM-56,VM-55,VM-54,VM-53,VM-52,VM-51,VM-50,VM-1,VM-2,VM-3,VM-5,VM-29,VM-28,VM-27,VM-26,VM-25,VM-24,VM-23,VM-22,Executor4,VM-21,Executor3,VM-20,VM-39,VM-38,VM-37,VM-36,VM-35,VM-34,VM-111,VM-33,VM-110,VM-32,VM-31,VM-30,VM-115,VM-114,VM-113,VM-112,VM-108,VM-107,VM-106,VM-105,Executor2,Executor1,Executor0,VM-109
 WARN 08-28 19:14:12,039 ExecutorChannelManagerMap:95 [pool-16-thread-7] - Cannot connnect VM-120<->VM-89
 WARN 08-28 19:14:12,044 ExecutorChannelManagerMap:95 [pool-16-thread-7] - Cannot connnect VM-120<->VM-122
 WARN 08-28 19:14:12,044 ExecutorChannelManagerMap:95 [pool-16-thread-7] - Cannot connnect VM-120<->VM-88
 WARN 08-28 19:14:12,044 ExecutorChannelManagerMap:95 [pool-16-thread-7] - Cannot connnect VM-120<->VM-121
 WARN 08-28 19:14:12,044 ExecutorChannelManagerMap:95 [pool-16-thread-7] - Cannot connnect VM-120<->VM-87
 WARN 08-28 19:14:12,044 ExecutorChannelManagerMap:95 [pool-16-thread-7] - Cannot connnect VM-120<->VM-86
 WARN 08-28 19:14:12,044 ExecutorChannelManagerMap:95 [pool-16-thread-7] - Cannot connnect VM-120<->VM-85
 WARN 08-28 19:14:12,044 ExecutorChannelManagerMap:95 [pool-16-thread-7] - Cannot connnect VM-120<->VM-84
 WARN 08-28 19:14:12,044 ExecutorChannelManagerMap:95 [pool-16-thread-7] - Cannot connnect VM-120<->VM-83
 WARN 08-28 19:14:12,044 ExecutorChannelManagerMap:95 [pool-16-thread-7] - Cannot connnect VM-120<->VM-124
 WARN 08-28 19:14:12,044 ExecutorChannelManagerMap:95 [pool-16-thread-7] - Cannot connnect VM-120<->VM-82
 WARN 08-28 19:14:12,044 ExecutorChannelManagerMap:95 [pool-16-thread-7] - Cannot connnect VM-120<->VM-123
 WARN 08-28 19:14:12,044 ExecutorChannelManagerMap:95 [pool-16-thread-7] - Cannot connnect VM-120<->VM-81
 WARN 08-28 19:14:12,044 ExecutorChannelManagerMap:95 [pool-16-thread-7] - Cannot connnect VM-120<->VM-119
 WARN 08-28 19:14:12,044 ExecutorChannelManagerMap:95 [pool-16-thread-7] - Cannot connnect VM-120<->VM-80
 WARN 08-28 19:14:12,044 ExecutorChannelManagerMap:95 [pool-16-thread-7] - Cannot connnect VM-120<->VM-118
 WARN 08-28 19:14:12,044 ExecutorChannelManagerMap:95 [pool-16-thread-7] - Cannot connnect VM-120<->VM-117
 WARN 08-28 19:14:12,044 ExecutorChannelManagerMap:95 [pool-16-thread-7] - Cannot connnect VM-120<->VM-116
 WARN 08-28 19:14:12,044 ExecutorChannelManagerMap:95 [pool-16-thread-7] - Cannot connnect VM-120<->VM-19
 WARN 08-28 19:14:12,044 ExecutorChannelManagerMap:95 [pool-16-thread-7] - Cannot connnect VM-120<->VM-18
 WARN 08-28 19:14:12,044 ExecutorChannelManagerMap:95 [pool-16-thread-7] - Cannot connnect VM-120<->VM-17
 WARN 08-28 19:14:12,044 ExecutorChannelManagerMap:95 [pool-16-thread-7] - Cannot connnect VM-120<->VM-16
 WARN 08-28 19:14:12,045 ExecutorChannelManagerMap:95 [pool-16-thread-7] - Cannot connnect VM-120<->VM-15
 WARN 08-28 19:14:12,045 ExecutorChannelManagerMap:95 [pool-16-thread-7] - Cannot connnect VM-120<->VM-14
 WARN 08-28 19:14:12,045 ExecutorChannelManagerMap:95 [pool-16-thread-7] - Cannot connnect VM-120<->VM-13
 WARN 08-28 19:14:12,045 ExecutorChannelManagerMap:95 [pool-16-thread-7] - Cannot connnect VM-120<->VM-12
 WARN 08-28 19:14:12,045 ExecutorChannelManagerMap:95 [pool-16-thread-7] - Cannot connnect VM-120<->VM-11
 WARN 08-28 19:14:12,045 ExecutorChannelManagerMap:95 [pool-16-thread-7] - Cannot connnect VM-120<->VM-10
 WARN 08-28 19:14:12,045 ExecutorChannelManagerMap:95 [pool-16-thread-7] - Cannot connnect VM-120<->VM-90
 WARN 08-28 19:14:12,045 ExecutorChannelManagerMap:95 [pool-16-thread-7] - Cannot connnect VM-120<->VM-69
 WARN 08-28 19:14:12,045 ExecutorChannelManagerMap:95 [pool-16-thread-7] - Cannot connnect VM-120<->VM-68
 WARN 08-28 19:14:12,045 ExecutorChannelManagerMap:95 [pool-16-thread-7] - Cannot connnect VM-120<->VM-67
 WARN 08-28 19:14:12,045 ExecutorChannelManagerMap:95 [pool-16-thread-7] - Cannot connnect VM-120<->VM-66
 WARN 08-28 19:14:12,045 ExecutorChannelManagerMap:95 [pool-16-thread-7] - Cannot connnect VM-120<->VM-65
 WARN 08-28 19:14:12,045 ExecutorChannelManagerMap:95 [pool-16-thread-7] - Cannot connnect VM-120<->VM-64
 WARN 08-28 19:14:12,045 ExecutorChannelManagerMap:95 [pool-16-thread-7] - Cannot connnect VM-120<->VM-63
 WARN 08-28 19:14:12,045 ExecutorChannelManagerMap:95 [pool-16-thread-7] - Cannot connnect VM-120<->VM-62
 WARN 08-28 19:14:12,045 ExecutorChannelManagerMap:95 [pool-16-thread-7] - Cannot connnect VM-120<->VM-61
 WARN 08-28 19:14:12,045 ExecutorChannelManagerMap:95 [pool-16-thread-7] - Cannot connnect VM-120<->VM-60
 WARN 08-28 19:14:12,045 ExecutorChannelManagerMap:95 [pool-16-thread-7] - Cannot connnect VM-120<->VM-79
 WARN 08-28 19:14:12,045 ExecutorChannelManagerMap:95 [pool-16-thread-7] - Cannot connnect VM-120<->VM-78
 WARN 08-28 19:14:12,045 ExecutorChannelManagerMap:95 [pool-16-thread-7] - Cannot connnect VM-120<->VM-77
 WARN 08-28 19:14:12,045 ExecutorChannelManagerMap:95 [pool-16-thread-7] - Cannot connnect VM-120<->VM-76
 WARN 08-28 19:14:12,045 ExecutorChannelManagerMap:95 [pool-16-thread-7] - Cannot connnect VM-120<->VM-75
 WARN 08-28 19:14:12,045 ExecutorChannelManagerMap:95 [pool-16-thread-7] - Cannot connnect VM-120<->VM-74
 WARN 08-28 19:14:12,045 ExecutorChannelManagerMap:95 [pool-16-thread-7] - Cannot connnect VM-120<->VM-73
 WARN 08-28 19:14:12,046 ExecutorChannelManagerMap:95 [pool-16-thread-7] - Cannot connnect VM-120<->VM-72
 WARN 08-28 19:14:12,046 ExecutorChannelManagerMap:95 [pool-16-thread-7] - Cannot connnect VM-120<->VM-71
 WARN 08-28 19:14:12,046 ExecutorChannelManagerMap:95 [pool-16-thread-7] - Cannot connnect VM-120<->VM-70
 WARN 08-28 19:14:12,046 ExecutorChannelManagerMap:95 [pool-16-thread-7] - Cannot connnect VM-120<->VM-49
 WARN 08-28 19:14:12,046 ExecutorChannelManagerMap:95 [pool-16-thread-7] - Cannot connnect VM-120<->VM-48
 WARN 08-28 19:14:12,046 ExecutorChannelManagerMap:95 [pool-16-thread-7] - Cannot connnect VM-120<->VM-47
 WARN 08-28 19:14:12,046 ExecutorChannelManagerMap:95 [pool-16-thread-7] - Cannot connnect VM-120<->VM-46
 WARN 08-28 19:14:12,046 ExecutorChannelManagerMap:95 [pool-16-thread-7] - Cannot connnect VM-120<->VM-45
 WARN 08-28 19:14:12,046 ExecutorChannelManagerMap:95 [pool-16-thread-7] - Cannot connnect VM-120<->VM-6
 WARN 08-28 19:14:12,046 ExecutorChannelManagerMap:95 [pool-16-thread-7] - Cannot connnect VM-120<->VM-44
 WARN 08-28 19:14:12,046 ExecutorChannelManagerMap:95 [pool-16-thread-7] - Cannot connnect VM-120<->VM-7
 WARN 08-28 19:14:12,046 ExecutorChannelManagerMap:95 [pool-16-thread-7] - Cannot connnect VM-120<->VM-43
 WARN 08-28 19:14:12,046 ExecutorChannelManagerMap:95 [pool-16-thread-7] - Cannot connnect VM-120<->VM-8
 WARN 08-28 19:14:12,046 ExecutorChannelManagerMap:95 [pool-16-thread-7] - Cannot connnect VM-120<->VM-42
 WARN 08-28 19:14:12,046 ExecutorChannelManagerMap:95 [pool-16-thread-7] - Cannot connnect VM-120<->VM-9
 WARN 08-28 19:14:12,046 ExecutorChannelManagerMap:95 [pool-16-thread-7] - Cannot connnect VM-120<->VM-41
 WARN 08-28 19:14:12,046 ExecutorChannelManagerMap:95 [pool-16-thread-7] - Cannot connnect VM-120<->VM-40
 WARN 08-28 19:14:12,046 ExecutorChannelManagerMap:95 [pool-16-thread-7] - Cannot connnect VM-120<->VM-59
 WARN 08-28 19:14:12,046 ExecutorChannelManagerMap:95 [pool-16-thread-7] - Cannot connnect VM-120<->VM-58
 WARN 08-28 19:14:12,046 ExecutorChannelManagerMap:95 [pool-16-thread-7] - Cannot connnect VM-120<->VM-57
 WARN 08-28 19:14:12,046 ExecutorChannelManagerMap:95 [pool-16-thread-7] - Cannot connnect VM-120<->VM-56
 WARN 08-28 19:14:12,046 ExecutorChannelManagerMap:95 [pool-16-thread-7] - Cannot connnect VM-120<->VM-55
 WARN 08-28 19:14:12,046 ExecutorChannelManagerMap:95 [pool-16-thread-7] - Cannot connnect VM-120<->VM-54
 WARN 08-28 19:14:12,046 ExecutorChannelManagerMap:95 [pool-16-thread-7] - Cannot connnect VM-120<->VM-53
 WARN 08-28 19:14:12,046 ExecutorChannelManagerMap:95 [pool-16-thread-7] - Cannot connnect VM-120<->VM-52
 WARN 08-28 19:14:12,047 ExecutorChannelManagerMap:95 [pool-16-thread-7] - Cannot connnect VM-120<->VM-51
 WARN 08-28 19:14:12,047 ExecutorChannelManagerMap:95 [pool-16-thread-7] - Cannot connnect VM-120<->VM-50
 WARN 08-28 19:14:12,047 ExecutorChannelManagerMap:95 [pool-16-thread-7] - Cannot connnect VM-120<->VM-1
 WARN 08-28 19:14:12,047 ExecutorChannelManagerMap:95 [pool-16-thread-7] - Cannot connnect VM-120<->VM-2
 WARN 08-28 19:14:12,047 ExecutorChannelManagerMap:95 [pool-16-thread-7] - Cannot connnect VM-120<->VM-3
 WARN 08-28 19:14:12,047 ExecutorChannelManagerMap:95 [pool-16-thread-7] - Cannot connnect VM-120<->VM-5
 WARN 08-28 19:14:12,047 ExecutorChannelManagerMap:95 [pool-16-thread-7] - Cannot connnect VM-120<->VM-29
 WARN 08-28 19:14:12,047 ExecutorChannelManagerMap:95 [pool-16-thread-7] - Cannot connnect VM-120<->VM-28
 WARN 08-28 19:14:12,047 ExecutorChannelManagerMap:95 [pool-16-thread-7] - Cannot connnect VM-120<->VM-27
 WARN 08-28 19:14:12,047 ExecutorChannelManagerMap:95 [pool-16-thread-7] - Cannot connnect VM-120<->VM-26
 WARN 08-28 19:14:12,047 ExecutorChannelManagerMap:95 [pool-16-thread-7] - Cannot connnect VM-120<->VM-25
 WARN 08-28 19:14:12,047 ExecutorChannelManagerMap:95 [pool-16-thread-7] - Cannot connnect VM-120<->VM-24
 WARN 08-28 19:14:12,047 ExecutorChannelManagerMap:95 [pool-16-thread-7] - Cannot connnect VM-120<->VM-23
 WARN 08-28 19:14:12,047 ExecutorChannelManagerMap:95 [pool-16-thread-7] - Cannot connnect VM-120<->VM-22
 WARN 08-28 19:14:12,047 ExecutorChannelManagerMap:106 [pool-16-thread-7] - Executor Executor4 already registered
 WARN 08-28 19:14:12,047 ExecutorChannelManagerMap:95 [pool-16-thread-7] - Cannot connnect VM-120<->VM-21
 WARN 08-28 19:14:12,047 ExecutorChannelManagerMap:106 [pool-16-thread-7] - Executor Executor3 already registered
 WARN 08-28 19:14:12,047 ExecutorChannelManagerMap:95 [pool-16-thread-7] - Cannot connnect VM-120<->VM-20
 WARN 08-28 19:14:12,047 ExecutorChannelManagerMap:95 [pool-16-thread-7] - Cannot connnect VM-120<->VM-39
 WARN 08-28 19:14:12,047 ExecutorChannelManagerMap:95 [pool-16-thread-7] - Cannot connnect VM-120<->VM-38
 WARN 08-28 19:14:12,047 ExecutorChannelManagerMap:95 [pool-16-thread-7] - Cannot connnect VM-120<->VM-37
 WARN 08-28 19:14:12,047 ExecutorChannelManagerMap:95 [pool-16-thread-7] - Cannot connnect VM-120<->VM-36
 WARN 08-28 19:14:12,047 ExecutorChannelManagerMap:95 [pool-16-thread-7] - Cannot connnect VM-120<->VM-35
 WARN 08-28 19:14:12,047 ExecutorChannelManagerMap:95 [pool-16-thread-7] - Cannot connnect VM-120<->VM-34
 WARN 08-28 19:14:12,047 ExecutorChannelManagerMap:95 [pool-16-thread-7] - Cannot connnect VM-120<->VM-111
 WARN 08-28 19:14:12,048 ExecutorChannelManagerMap:95 [pool-16-thread-7] - Cannot connnect VM-120<->VM-33
 WARN 08-28 19:14:12,048 ExecutorChannelManagerMap:95 [pool-16-thread-7] - Cannot connnect VM-120<->VM-32
 WARN 08-28 19:14:12,048 ExecutorChannelManagerMap:95 [pool-16-thread-7] - Cannot connnect VM-120<->VM-31
 WARN 08-28 19:14:12,048 ExecutorChannelManagerMap:95 [pool-16-thread-7] - Cannot connnect VM-120<->VM-30
 WARN 08-28 19:14:12,048 ExecutorChannelManagerMap:95 [pool-16-thread-7] - Cannot connnect VM-120<->VM-115
 WARN 08-28 19:14:12,048 ExecutorChannelManagerMap:95 [pool-16-thread-7] - Cannot connnect VM-120<->VM-114
 WARN 08-28 19:14:12,048 ExecutorChannelManagerMap:95 [pool-16-thread-7] - Cannot connnect VM-120<->VM-113
 WARN 08-28 19:14:12,048 ExecutorChannelManagerMap:95 [pool-16-thread-7] - Cannot connnect VM-120<->VM-112
 WARN 08-28 19:14:12,048 ExecutorChannelManagerMap:106 [pool-16-thread-7] - Executor Executor2 already registered
 WARN 08-28 19:14:12,048 ExecutorChannelManagerMap:106 [pool-16-thread-7] - Executor Executor1 already registered
 WARN 08-28 19:14:12,048 ExecutorChannelManagerMap:106 [pool-16-thread-7] - Executor Executor0 already registered
 WARN 08-28 19:14:12,048 ExecutorChannelManagerMap:95 [pool-16-thread-3] - Cannot connnect VM-120<->VM-89
 WARN 08-28 19:14:12,048 ExecutorChannelManagerMap:95 [pool-16-thread-4] - Cannot connnect VM-120<->VM-89
 WARN 08-28 19:14:12,048 ExecutorChannelManagerMap:95 [pool-16-thread-4] - Cannot connnect VM-120<->VM-122
 WARN 08-28 19:14:12,048 ExecutorChannelManagerMap:95 [pool-16-thread-4] - Cannot connnect VM-120<->VM-88
 WARN 08-28 19:14:12,048 ExecutorChannelManagerMap:95 [pool-16-thread-4] - Cannot connnect VM-120<->VM-121
 WARN 08-28 19:14:12,048 ExecutorChannelManagerMap:95 [pool-16-thread-4] - Cannot connnect VM-120<->VM-87
 WARN 08-28 19:14:12,048 ExecutorChannelManagerMap:95 [pool-16-thread-4] - Cannot connnect VM-120<->VM-86
 WARN 08-28 19:14:12,048 ExecutorChannelManagerMap:95 [pool-16-thread-4] - Cannot connnect VM-120<->VM-85
 WARN 08-28 19:14:12,048 ExecutorChannelManagerMap:95 [pool-16-thread-4] - Cannot connnect VM-120<->VM-84
 WARN 08-28 19:14:12,049 ExecutorChannelManagerMap:95 [pool-16-thread-4] - Cannot connnect VM-120<->VM-83
 WARN 08-28 19:14:12,049 ExecutorChannelManagerMap:95 [pool-16-thread-4] - Cannot connnect VM-120<->VM-124
 WARN 08-28 19:14:12,049 ExecutorChannelManagerMap:95 [pool-16-thread-4] - Cannot connnect VM-120<->VM-82
 WARN 08-28 19:14:12,049 ExecutorChannelManagerMap:95 [pool-16-thread-4] - Cannot connnect VM-120<->VM-123
 WARN 08-28 19:14:12,049 ExecutorChannelManagerMap:95 [pool-16-thread-4] - Cannot connnect VM-120<->VM-81
 WARN 08-28 19:14:12,049 ExecutorChannelManagerMap:95 [pool-16-thread-4] - Cannot connnect VM-120<->VM-119
 WARN 08-28 19:14:12,049 ExecutorChannelManagerMap:95 [pool-16-thread-4] - Cannot connnect VM-120<->VM-80
 WARN 08-28 19:14:12,049 ExecutorChannelManagerMap:95 [pool-16-thread-4] - Cannot connnect VM-120<->VM-118
 WARN 08-28 19:14:12,049 ExecutorChannelManagerMap:95 [pool-16-thread-4] - Cannot connnect VM-120<->VM-117
 WARN 08-28 19:14:12,049 ExecutorChannelManagerMap:95 [pool-16-thread-4] - Cannot connnect VM-120<->VM-116
 WARN 08-28 19:14:12,049 ExecutorChannelManagerMap:95 [pool-16-thread-4] - Cannot connnect VM-120<->VM-19
 WARN 08-28 19:14:12,049 ExecutorChannelManagerMap:95 [pool-16-thread-4] - Cannot connnect VM-120<->VM-18
 WARN 08-28 19:14:12,049 ExecutorChannelManagerMap:95 [pool-16-thread-4] - Cannot connnect VM-120<->VM-17
 WARN 08-28 19:14:12,049 ExecutorChannelManagerMap:95 [pool-16-thread-4] - Cannot connnect VM-120<->VM-16
 WARN 08-28 19:14:12,049 ExecutorChannelManagerMap:95 [pool-16-thread-4] - Cannot connnect VM-120<->VM-15
 WARN 08-28 19:14:12,049 ExecutorChannelManagerMap:95 [pool-16-thread-4] - Cannot connnect VM-120<->VM-14
 WARN 08-28 19:14:12,049 ExecutorChannelManagerMap:95 [pool-16-thread-4] - Cannot connnect VM-120<->VM-13
 WARN 08-28 19:14:12,049 ExecutorChannelManagerMap:95 [pool-16-thread-4] - Cannot connnect VM-120<->VM-12
 WARN 08-28 19:14:12,049 ExecutorChannelManagerMap:95 [pool-16-thread-4] - Cannot connnect VM-120<->VM-11
 WARN 08-28 19:14:12,049 ExecutorChannelManagerMap:95 [pool-16-thread-4] - Cannot connnect VM-120<->VM-99
 WARN 08-28 19:14:12,049 ExecutorChannelManagerMap:95 [pool-16-thread-4] - Cannot connnect VM-120<->VM-10
 WARN 08-28 19:14:12,049 ExecutorChannelManagerMap:95 [pool-16-thread-4] - Cannot connnect VM-120<->VM-98
 WARN 08-28 19:14:12,049 ExecutorChannelManagerMap:95 [pool-16-thread-4] - Cannot connnect VM-120<->VM-97
 WARN 08-28 19:14:12,049 ExecutorChannelManagerMap:95 [pool-16-thread-4] - Cannot connnect VM-120<->VM-90
 WARN 08-28 19:14:12,049 ExecutorChannelManagerMap:95 [pool-16-thread-4] - Cannot connnect VM-120<->VM-69
 WARN 08-28 19:14:12,049 ExecutorChannelManagerMap:95 [pool-16-thread-4] - Cannot connnect VM-120<->VM-68
 WARN 08-28 19:14:12,049 ExecutorChannelManagerMap:95 [pool-16-thread-4] - Cannot connnect VM-120<->VM-67
 WARN 08-28 19:14:12,049 ExecutorChannelManagerMap:95 [pool-16-thread-4] - Cannot connnect VM-120<->VM-66
 WARN 08-28 19:14:12,049 ExecutorChannelManagerMap:95 [pool-16-thread-4] - Cannot connnect VM-120<->VM-65
 WARN 08-28 19:14:12,050 ExecutorChannelManagerMap:95 [pool-16-thread-4] - Cannot connnect VM-120<->VM-64
 WARN 08-28 19:14:12,050 ExecutorChannelManagerMap:95 [pool-16-thread-4] - Cannot connnect VM-120<->VM-63
 WARN 08-28 19:14:12,050 ExecutorChannelManagerMap:95 [pool-16-thread-4] - Cannot connnect VM-120<->VM-62
 WARN 08-28 19:14:12,050 ExecutorChannelManagerMap:95 [pool-16-thread-4] - Cannot connnect VM-120<->VM-61
 WARN 08-28 19:14:12,050 ExecutorChannelManagerMap:95 [pool-16-thread-4] - Cannot connnect VM-120<->VM-60
 WARN 08-28 19:14:12,050 ExecutorChannelManagerMap:95 [pool-16-thread-4] - Cannot connnect VM-120<->VM-79
 WARN 08-28 19:14:12,050 ExecutorChannelManagerMap:95 [pool-16-thread-4] - Cannot connnect VM-120<->VM-78
 WARN 08-28 19:14:12,050 ExecutorChannelManagerMap:95 [pool-16-thread-4] - Cannot connnect VM-120<->VM-77
 WARN 08-28 19:14:12,050 ExecutorChannelManagerMap:95 [pool-16-thread-4] - Cannot connnect VM-120<->VM-76
 WARN 08-28 19:14:12,050 ExecutorChannelManagerMap:95 [pool-16-thread-4] - Cannot connnect VM-120<->VM-75
 WARN 08-28 19:14:12,050 ExecutorChannelManagerMap:95 [pool-16-thread-4] - Cannot connnect VM-120<->VM-74
 WARN 08-28 19:14:12,050 ExecutorChannelManagerMap:95 [pool-16-thread-4] - Cannot connnect VM-120<->VM-73
 WARN 08-28 19:14:12,050 ExecutorChannelManagerMap:95 [pool-16-thread-4] - Cannot connnect VM-120<->VM-72
 WARN 08-28 19:14:12,050 ExecutorChannelManagerMap:95 [pool-16-thread-4] - Cannot connnect VM-120<->VM-71
 WARN 08-28 19:14:12,050 ExecutorChannelManagerMap:95 [pool-16-thread-4] - Cannot connnect VM-120<->VM-70
 WARN 08-28 19:14:12,050 ExecutorChannelManagerMap:95 [pool-16-thread-4] - Cannot connnect VM-120<->VM-49
 WARN 08-28 19:14:12,050 ExecutorChannelManagerMap:95 [pool-16-thread-4] - Cannot connnect VM-120<->VM-48
 WARN 08-28 19:14:12,050 ExecutorChannelManagerMap:95 [pool-16-thread-4] - Cannot connnect VM-120<->VM-47
 WARN 08-28 19:14:12,050 ExecutorChannelManagerMap:95 [pool-16-thread-4] - Cannot connnect VM-120<->VM-46
 WARN 08-28 19:14:12,050 ExecutorChannelManagerMap:95 [pool-16-thread-4] - Cannot connnect VM-120<->VM-45
 WARN 08-28 19:14:12,050 ExecutorChannelManagerMap:95 [pool-16-thread-4] - Cannot connnect VM-120<->VM-6
 WARN 08-28 19:14:12,050 ExecutorChannelManagerMap:95 [pool-16-thread-4] - Cannot connnect VM-120<->VM-44
 WARN 08-28 19:14:12,050 ExecutorChannelManagerMap:95 [pool-16-thread-4] - Cannot connnect VM-120<->VM-7
 WARN 08-28 19:14:12,050 ExecutorChannelManagerMap:95 [pool-16-thread-4] - Cannot connnect VM-120<->VM-43
 WARN 08-28 19:14:12,050 ExecutorChannelManagerMap:95 [pool-16-thread-4] - Cannot connnect VM-120<->VM-8
 WARN 08-28 19:14:12,050 ExecutorChannelManagerMap:95 [pool-16-thread-4] - Cannot connnect VM-120<->VM-42
 WARN 08-28 19:14:12,050 ExecutorChannelManagerMap:95 [pool-16-thread-4] - Cannot connnect VM-120<->VM-9
 WARN 08-28 19:14:12,050 ExecutorChannelManagerMap:95 [pool-16-thread-4] - Cannot connnect VM-120<->VM-41
 WARN 08-28 19:14:12,050 ExecutorChannelManagerMap:95 [pool-16-thread-4] - Cannot connnect VM-120<->VM-40
 WARN 08-28 19:14:12,051 ExecutorChannelManagerMap:95 [pool-16-thread-4] - Cannot connnect VM-120<->VM-59
 WARN 08-28 19:14:12,051 ExecutorChannelManagerMap:95 [pool-16-thread-4] - Cannot connnect VM-120<->VM-58
 WARN 08-28 19:14:12,051 ExecutorChannelManagerMap:95 [pool-16-thread-4] - Cannot connnect VM-120<->VM-57
 WARN 08-28 19:14:12,051 ExecutorChannelManagerMap:95 [pool-16-thread-4] - Cannot connnect VM-120<->VM-56
 WARN 08-28 19:14:12,051 ExecutorChannelManagerMap:95 [pool-16-thread-4] - Cannot connnect VM-120<->VM-55
 WARN 08-28 19:14:12,051 ExecutorChannelManagerMap:95 [pool-16-thread-4] - Cannot connnect VM-120<->VM-54
 WARN 08-28 19:14:12,051 ExecutorChannelManagerMap:95 [pool-16-thread-4] - Cannot connnect VM-120<->VM-53
 WARN 08-28 19:14:12,051 ExecutorChannelManagerMap:95 [pool-16-thread-4] - Cannot connnect VM-120<->VM-52
 WARN 08-28 19:14:12,051 ExecutorChannelManagerMap:95 [pool-16-thread-4] - Cannot connnect VM-120<->VM-51
 WARN 08-28 19:14:12,051 ExecutorChannelManagerMap:95 [pool-16-thread-4] - Cannot connnect VM-120<->VM-50
 WARN 08-28 19:14:12,051 ExecutorChannelManagerMap:95 [pool-16-thread-4] - Cannot connnect VM-120<->VM-1
 WARN 08-28 19:14:12,051 ExecutorChannelManagerMap:95 [pool-16-thread-4] - Cannot connnect VM-120<->VM-2
 WARN 08-28 19:14:12,051 ExecutorChannelManagerMap:95 [pool-16-thread-4] - Cannot connnect VM-120<->VM-3
 WARN 08-28 19:14:12,051 ExecutorChannelManagerMap:95 [pool-16-thread-4] - Cannot connnect VM-120<->VM-4
 WARN 08-28 19:14:12,051 ExecutorChannelManagerMap:95 [pool-16-thread-4] - Cannot connnect VM-120<->VM-5
 WARN 08-28 19:14:12,051 ExecutorChannelManagerMap:95 [pool-16-thread-4] - Cannot connnect VM-120<->VM-29
 WARN 08-28 19:14:12,051 ExecutorChannelManagerMap:95 [pool-16-thread-4] - Cannot connnect VM-120<->VM-28
 WARN 08-28 19:14:12,051 ExecutorChannelManagerMap:95 [pool-16-thread-4] - Cannot connnect VM-120<->VM-27
 WARN 08-28 19:14:12,051 ExecutorChannelManagerMap:95 [pool-16-thread-4] - Cannot connnect VM-120<->VM-26
 WARN 08-28 19:14:12,051 ExecutorChannelManagerMap:95 [pool-16-thread-4] - Cannot connnect VM-120<->VM-25
 WARN 08-28 19:14:12,051 ExecutorChannelManagerMap:95 [pool-16-thread-4] - Cannot connnect VM-120<->VM-24
 WARN 08-28 19:14:12,051 ExecutorChannelManagerMap:95 [pool-16-thread-4] - Cannot connnect VM-120<->VM-23
 WARN 08-28 19:14:12,051 ExecutorChannelManagerMap:95 [pool-16-thread-4] - Cannot connnect VM-120<->VM-100
 WARN 08-28 19:14:12,051 ExecutorChannelManagerMap:95 [pool-16-thread-4] - Cannot connnect VM-120<->VM-22
 WARN 08-28 19:14:12,051 ExecutorChannelManagerMap:106 [pool-16-thread-4] - Executor Executor4 already registered
 WARN 08-28 19:14:12,051 ExecutorChannelManagerMap:95 [pool-16-thread-4] - Cannot connnect VM-120<->VM-21
 WARN 08-28 19:14:12,051 ExecutorChannelManagerMap:106 [pool-16-thread-4] - Executor Executor3 already registered
 WARN 08-28 19:14:12,051 ExecutorChannelManagerMap:95 [pool-16-thread-4] - Cannot connnect VM-120<->VM-20
 WARN 08-28 19:14:12,051 ExecutorChannelManagerMap:95 [pool-16-thread-4] - Cannot connnect VM-120<->VM-104
 WARN 08-28 19:14:12,051 ExecutorChannelManagerMap:95 [pool-16-thread-4] - Cannot connnect VM-120<->VM-103
 WARN 08-28 19:14:12,051 ExecutorChannelManagerMap:95 [pool-16-thread-4] - Cannot connnect VM-120<->VM-102
 WARN 08-28 19:14:12,051 ExecutorChannelManagerMap:95 [pool-16-thread-4] - Cannot connnect VM-120<->VM-101
 WARN 08-28 19:14:12,051 ExecutorChannelManagerMap:95 [pool-16-thread-4] - Cannot connnect VM-120<->VM-39
 WARN 08-28 19:14:12,051 ExecutorChannelManagerMap:95 [pool-16-thread-4] - Cannot connnect VM-120<->VM-38
 WARN 08-28 19:14:12,052 ExecutorChannelManagerMap:95 [pool-16-thread-4] - Cannot connnect VM-120<->VM-37
 WARN 08-28 19:14:12,052 ExecutorChannelManagerMap:95 [pool-16-thread-4] - Cannot connnect VM-120<->VM-36
 WARN 08-28 19:14:12,052 ExecutorChannelManagerMap:95 [pool-16-thread-4] - Cannot connnect VM-120<->VM-35
 WARN 08-28 19:14:12,052 ExecutorChannelManagerMap:95 [pool-16-thread-4] - Cannot connnect VM-120<->VM-34
 WARN 08-28 19:14:12,052 ExecutorChannelManagerMap:95 [pool-16-thread-4] - Cannot connnect VM-120<->VM-111
 WARN 08-28 19:14:12,052 ExecutorChannelManagerMap:95 [pool-16-thread-4] - Cannot connnect VM-120<->VM-33
 WARN 08-28 19:14:12,052 ExecutorChannelManagerMap:95 [pool-16-thread-4] - Cannot connnect VM-120<->VM-110
 WARN 08-28 19:14:12,052 ExecutorChannelManagerMap:95 [pool-16-thread-4] - Cannot connnect VM-120<->VM-32
 WARN 08-28 19:14:12,052 ExecutorChannelManagerMap:95 [pool-16-thread-4] - Cannot connnect VM-120<->VM-31
 WARN 08-28 19:14:12,052 ExecutorChannelManagerMap:95 [pool-16-thread-4] - Cannot connnect VM-120<->VM-30
 WARN 08-28 19:14:12,052 ExecutorChannelManagerMap:95 [pool-16-thread-4] - Cannot connnect VM-120<->VM-115
 WARN 08-28 19:14:12,052 ExecutorChannelManagerMap:95 [pool-16-thread-4] - Cannot connnect VM-120<->VM-114
 WARN 08-28 19:14:12,052 ExecutorChannelManagerMap:95 [pool-16-thread-4] - Cannot connnect VM-120<->VM-113
 WARN 08-28 19:14:12,052 ExecutorChannelManagerMap:95 [pool-16-thread-4] - Cannot connnect VM-120<->VM-112
 WARN 08-28 19:14:12,052 ExecutorChannelManagerMap:95 [pool-16-thread-4] - Cannot connnect VM-120<->VM-108
 WARN 08-28 19:14:12,052 ExecutorChannelManagerMap:95 [pool-16-thread-4] - Cannot connnect VM-120<->VM-107
 WARN 08-28 19:14:12,052 ExecutorChannelManagerMap:95 [pool-16-thread-4] - Cannot connnect VM-120<->VM-106
 WARN 08-28 19:14:12,052 ExecutorChannelManagerMap:95 [pool-16-thread-4] - Cannot connnect VM-120<->VM-105
 WARN 08-28 19:14:12,052 ExecutorChannelManagerMap:106 [pool-16-thread-4] - Executor Executor2 already registered
 WARN 08-28 19:14:12,052 ExecutorChannelManagerMap:106 [pool-16-thread-4] - Executor Executor1 already registered
 WARN 08-28 19:14:12,052 ExecutorChannelManagerMap:106 [pool-16-thread-4] - Executor Executor0 already registered
 WARN 08-28 19:14:12,052 ExecutorChannelManagerMap:95 [pool-16-thread-4] - Cannot connnect VM-120<->VM-109
 WARN 08-28 19:14:12,052 ExecutorChannelManagerMap:95 [pool-16-thread-9] - Cannot connnect VM-120<->VM-89
 WARN 08-28 19:14:12,052 ExecutorChannelManagerMap:95 [pool-16-thread-9] - Cannot connnect VM-120<->VM-122
 WARN 08-28 19:14:12,052 ExecutorChannelManagerMap:95 [pool-16-thread-9] - Cannot connnect VM-120<->VM-88
 WARN 08-28 19:14:12,052 ExecutorChannelManagerMap:95 [pool-16-thread-9] - Cannot connnect VM-120<->VM-121
 WARN 08-28 19:14:12,052 ExecutorChannelManagerMap:95 [pool-16-thread-9] - Cannot connnect VM-120<->VM-87
 WARN 08-28 19:14:12,052 ExecutorChannelManagerMap:95 [pool-16-thread-9] - Cannot connnect VM-120<->VM-86
 WARN 08-28 19:14:12,052 ExecutorChannelManagerMap:95 [pool-16-thread-9] - Cannot connnect VM-120<->VM-85
 WARN 08-28 19:14:12,052 ExecutorChannelManagerMap:95 [pool-16-thread-9] - Cannot connnect VM-120<->VM-84
 WARN 08-28 19:14:12,053 ExecutorChannelManagerMap:95 [pool-16-thread-9] - Cannot connnect VM-120<->VM-83
 WARN 08-28 19:14:12,053 ExecutorChannelManagerMap:95 [pool-16-thread-9] - Cannot connnect VM-120<->VM-124
 WARN 08-28 19:14:12,053 ExecutorChannelManagerMap:95 [pool-16-thread-9] - Cannot connnect VM-120<->VM-82
 WARN 08-28 19:14:12,053 ExecutorChannelManagerMap:95 [pool-16-thread-9] - Cannot connnect VM-120<->VM-123
 WARN 08-28 19:14:12,053 ExecutorChannelManagerMap:95 [pool-16-thread-9] - Cannot connnect VM-120<->VM-81
 WARN 08-28 19:14:12,053 ExecutorChannelManagerMap:95 [pool-16-thread-9] - Cannot connnect VM-120<->VM-119
 WARN 08-28 19:14:12,053 ExecutorChannelManagerMap:95 [pool-16-thread-9] - Cannot connnect VM-120<->VM-80
 WARN 08-28 19:14:12,053 ExecutorChannelManagerMap:95 [pool-16-thread-9] - Cannot connnect VM-120<->VM-118
 WARN 08-28 19:14:12,053 ExecutorChannelManagerMap:95 [pool-16-thread-9] - Cannot connnect VM-120<->VM-117
 WARN 08-28 19:14:12,053 ExecutorChannelManagerMap:95 [pool-16-thread-9] - Cannot connnect VM-120<->VM-116
 WARN 08-28 19:14:12,053 ExecutorChannelManagerMap:95 [pool-16-thread-9] - Cannot connnect VM-120<->VM-19
 WARN 08-28 19:14:12,053 ExecutorChannelManagerMap:95 [pool-16-thread-9] - Cannot connnect VM-120<->VM-18
 WARN 08-28 19:14:12,053 ExecutorChannelManagerMap:95 [pool-16-thread-9] - Cannot connnect VM-120<->VM-17
 WARN 08-28 19:14:12,053 ExecutorChannelManagerMap:95 [pool-16-thread-9] - Cannot connnect VM-120<->VM-16
 WARN 08-28 19:14:12,053 ExecutorChannelManagerMap:95 [pool-16-thread-9] - Cannot connnect VM-120<->VM-15
 WARN 08-28 19:14:12,053 ExecutorChannelManagerMap:95 [pool-16-thread-9] - Cannot connnect VM-120<->VM-14
 WARN 08-28 19:14:12,053 ExecutorChannelManagerMap:95 [pool-16-thread-9] - Cannot connnect VM-120<->VM-13
 WARN 08-28 19:14:12,053 ExecutorChannelManagerMap:95 [pool-16-thread-9] - Cannot connnect VM-120<->VM-12
 WARN 08-28 19:14:12,053 ExecutorChannelManagerMap:95 [pool-16-thread-9] - Cannot connnect VM-120<->VM-11
 WARN 08-28 19:14:12,053 ExecutorChannelManagerMap:95 [pool-16-thread-9] - Cannot connnect VM-120<->VM-99
 WARN 08-28 19:14:12,053 ExecutorChannelManagerMap:95 [pool-16-thread-9] - Cannot connnect VM-120<->VM-10
 WARN 08-28 19:14:12,053 ExecutorChannelManagerMap:95 [pool-16-thread-9] - Cannot connnect VM-120<->VM-98
 WARN 08-28 19:14:12,053 ExecutorChannelManagerMap:95 [pool-16-thread-9] - Cannot connnect VM-120<->VM-97
 WARN 08-28 19:14:12,053 ExecutorChannelManagerMap:95 [pool-16-thread-9] - Cannot connnect VM-120<->VM-96
 WARN 08-28 19:14:12,053 ExecutorChannelManagerMap:95 [pool-16-thread-9] - Cannot connnect VM-120<->VM-95
 WARN 08-28 19:14:12,053 ExecutorChannelManagerMap:95 [pool-16-thread-9] - Cannot connnect VM-120<->VM-94
 WARN 08-28 19:14:12,053 ExecutorChannelManagerMap:95 [pool-16-thread-9] - Cannot connnect VM-120<->VM-93
 WARN 08-28 19:14:12,053 ExecutorChannelManagerMap:95 [pool-16-thread-9] - Cannot connnect VM-120<->VM-90
 WARN 08-28 19:14:12,053 ExecutorChannelManagerMap:95 [pool-16-thread-9] - Cannot connnect VM-120<->VM-69
 WARN 08-28 19:14:12,053 ExecutorChannelManagerMap:95 [pool-16-thread-9] - Cannot connnect VM-120<->VM-68
 WARN 08-28 19:14:12,053 ExecutorChannelManagerMap:95 [pool-16-thread-9] - Cannot connnect VM-120<->VM-67
 WARN 08-28 19:14:12,054 ExecutorChannelManagerMap:95 [pool-16-thread-9] - Cannot connnect VM-120<->VM-66
 WARN 08-28 19:14:12,054 ExecutorChannelManagerMap:95 [pool-16-thread-9] - Cannot connnect VM-120<->VM-65
 WARN 08-28 19:14:12,054 ExecutorChannelManagerMap:95 [pool-16-thread-9] - Cannot connnect VM-120<->VM-64
 WARN 08-28 19:14:12,054 ExecutorChannelManagerMap:95 [pool-16-thread-9] - Cannot connnect VM-120<->VM-63
 WARN 08-28 19:14:12,054 ExecutorChannelManagerMap:95 [pool-16-thread-9] - Cannot connnect VM-120<->VM-62
 WARN 08-28 19:14:12,054 ExecutorChannelManagerMap:95 [pool-16-thread-9] - Cannot connnect VM-120<->VM-61
 WARN 08-28 19:14:12,054 ExecutorChannelManagerMap:95 [pool-16-thread-9] - Cannot connnect VM-120<->VM-60
 WARN 08-28 19:14:12,054 ExecutorChannelManagerMap:95 [pool-16-thread-9] - Cannot connnect VM-120<->VM-79
 WARN 08-28 19:14:12,054 ExecutorChannelManagerMap:95 [pool-16-thread-9] - Cannot connnect VM-120<->VM-78
 WARN 08-28 19:14:12,054 ExecutorChannelManagerMap:95 [pool-16-thread-9] - Cannot connnect VM-120<->VM-77
 WARN 08-28 19:14:12,054 ExecutorChannelManagerMap:95 [pool-16-thread-9] - Cannot connnect VM-120<->VM-76
 WARN 08-28 19:14:12,054 ExecutorChannelManagerMap:95 [pool-16-thread-9] - Cannot connnect VM-120<->VM-75
 WARN 08-28 19:14:12,054 ExecutorChannelManagerMap:95 [pool-16-thread-9] - Cannot connnect VM-120<->VM-74
 WARN 08-28 19:14:12,054 ExecutorChannelManagerMap:95 [pool-16-thread-9] - Cannot connnect VM-120<->VM-73
 WARN 08-28 19:14:12,054 ExecutorChannelManagerMap:95 [pool-16-thread-9] - Cannot connnect VM-120<->VM-72
 WARN 08-28 19:14:12,054 ExecutorChannelManagerMap:95 [pool-16-thread-9] - Cannot connnect VM-120<->VM-71
 WARN 08-28 19:14:12,054 ExecutorChannelManagerMap:95 [pool-16-thread-9] - Cannot connnect VM-120<->VM-70
 WARN 08-28 19:14:12,054 ExecutorChannelManagerMap:95 [pool-16-thread-9] - Cannot connnect VM-120<->VM-49
 WARN 08-28 19:14:12,054 ExecutorChannelManagerMap:95 [pool-16-thread-9] - Cannot connnect VM-120<->VM-48
 WARN 08-28 19:14:12,054 ExecutorChannelManagerMap:95 [pool-16-thread-9] - Cannot connnect VM-120<->VM-47
 WARN 08-28 19:14:12,054 ExecutorChannelManagerMap:95 [pool-16-thread-9] - Cannot connnect VM-120<->VM-46
 WARN 08-28 19:14:12,054 ExecutorChannelManagerMap:95 [pool-16-thread-9] - Cannot connnect VM-120<->VM-45
 WARN 08-28 19:14:12,054 ExecutorChannelManagerMap:95 [pool-16-thread-9] - Cannot connnect VM-120<->VM-6
 WARN 08-28 19:14:12,054 ExecutorChannelManagerMap:95 [pool-16-thread-9] - Cannot connnect VM-120<->VM-44
 WARN 08-28 19:14:12,054 ExecutorChannelManagerMap:95 [pool-16-thread-9] - Cannot connnect VM-120<->VM-7
 WARN 08-28 19:14:12,054 ExecutorChannelManagerMap:95 [pool-16-thread-9] - Cannot connnect VM-120<->VM-43
 WARN 08-28 19:14:12,054 ExecutorChannelManagerMap:95 [pool-16-thread-9] - Cannot connnect VM-120<->VM-8
 WARN 08-28 19:14:12,055 ExecutorChannelManagerMap:95 [pool-16-thread-9] - Cannot connnect VM-120<->VM-42
 WARN 08-28 19:14:12,055 ExecutorChannelManagerMap:95 [pool-16-thread-9] - Cannot connnect VM-120<->VM-9
 WARN 08-28 19:14:12,055 ExecutorChannelManagerMap:95 [pool-16-thread-9] - Cannot connnect VM-120<->VM-41
 WARN 08-28 19:14:12,055 ExecutorChannelManagerMap:95 [pool-16-thread-9] - Cannot connnect VM-120<->VM-40
 WARN 08-28 19:14:12,055 ExecutorChannelManagerMap:95 [pool-16-thread-9] - Cannot connnect VM-120<->VM-59
 WARN 08-28 19:14:12,055 ExecutorChannelManagerMap:95 [pool-16-thread-9] - Cannot connnect VM-120<->VM-58
 WARN 08-28 19:14:12,055 ExecutorChannelManagerMap:95 [pool-16-thread-9] - Cannot connnect VM-120<->VM-57
 WARN 08-28 19:14:12,055 ExecutorChannelManagerMap:95 [pool-16-thread-9] - Cannot connnect VM-120<->VM-56
 WARN 08-28 19:14:12,055 ExecutorChannelManagerMap:95 [pool-16-thread-9] - Cannot connnect VM-120<->VM-55
 WARN 08-28 19:14:12,055 ExecutorChannelManagerMap:95 [pool-16-thread-9] - Cannot connnect VM-120<->VM-54
 WARN 08-28 19:14:12,055 ExecutorChannelManagerMap:95 [pool-16-thread-9] - Cannot connnect VM-120<->VM-53
 WARN 08-28 19:14:12,055 ExecutorChannelManagerMap:95 [pool-16-thread-9] - Cannot connnect VM-120<->VM-52
 WARN 08-28 19:14:12,055 ExecutorChannelManagerMap:95 [pool-16-thread-9] - Cannot connnect VM-120<->VM-51
 WARN 08-28 19:14:12,055 ExecutorChannelManagerMap:95 [pool-16-thread-9] - Cannot connnect VM-120<->VM-50
 WARN 08-28 19:14:12,055 ExecutorChannelManagerMap:95 [pool-16-thread-9] - Cannot connnect VM-120<->VM-1
 WARN 08-28 19:14:12,055 ExecutorChannelManagerMap:95 [pool-16-thread-9] - Cannot connnect VM-120<->VM-2
 WARN 08-28 19:14:12,055 ExecutorChannelManagerMap:95 [pool-16-thread-9] - Cannot connnect VM-120<->VM-3
 WARN 08-28 19:14:12,055 ExecutorChannelManagerMap:95 [pool-16-thread-9] - Cannot connnect VM-120<->VM-4
 WARN 08-28 19:14:12,055 ExecutorChannelManagerMap:95 [pool-16-thread-9] - Cannot connnect VM-120<->VM-5
 WARN 08-28 19:14:12,055 ExecutorChannelManagerMap:95 [pool-16-thread-9] - Cannot connnect VM-120<->VM-29
 WARN 08-28 19:14:12,055 ExecutorChannelManagerMap:95 [pool-16-thread-9] - Cannot connnect VM-120<->VM-28
 WARN 08-28 19:14:12,055 ExecutorChannelManagerMap:95 [pool-16-thread-9] - Cannot connnect VM-120<->VM-27
 WARN 08-28 19:14:12,055 ExecutorChannelManagerMap:95 [pool-16-thread-9] - Cannot connnect VM-120<->VM-26
 WARN 08-28 19:14:12,055 ExecutorChannelManagerMap:95 [pool-16-thread-9] - Cannot connnect VM-120<->VM-25
 WARN 08-28 19:14:12,055 ExecutorChannelManagerMap:95 [pool-16-thread-9] - Cannot connnect VM-120<->VM-24
 WARN 08-28 19:14:12,055 ExecutorChannelManagerMap:95 [pool-16-thread-9] - Cannot connnect VM-120<->VM-23
 WARN 08-28 19:14:12,056 ExecutorChannelManagerMap:95 [pool-16-thread-9] - Cannot connnect VM-120<->VM-100
 WARN 08-28 19:14:12,056 ExecutorChannelManagerMap:95 [pool-16-thread-9] - Cannot connnect VM-120<->VM-22
 WARN 08-28 19:14:12,056 ExecutorChannelManagerMap:106 [pool-16-thread-9] - Executor Executor4 already registered
 WARN 08-28 19:14:12,056 ExecutorChannelManagerMap:95 [pool-16-thread-9] - Cannot connnect VM-120<->VM-21
 WARN 08-28 19:14:12,056 ExecutorChannelManagerMap:106 [pool-16-thread-9] - Executor Executor3 already registered
 WARN 08-28 19:14:12,056 ExecutorChannelManagerMap:95 [pool-16-thread-9] - Cannot connnect VM-120<->VM-20
 WARN 08-28 19:14:12,056 ExecutorChannelManagerMap:95 [pool-16-thread-9] - Cannot connnect VM-120<->VM-104
 WARN 08-28 19:14:12,056 ExecutorChannelManagerMap:95 [pool-16-thread-9] - Cannot connnect VM-120<->VM-103
 WARN 08-28 19:14:12,056 ExecutorChannelManagerMap:95 [pool-16-thread-9] - Cannot connnect VM-120<->VM-102
 WARN 08-28 19:14:12,056 ExecutorChannelManagerMap:95 [pool-16-thread-9] - Cannot connnect VM-120<->VM-101
 WARN 08-28 19:14:12,056 ExecutorChannelManagerMap:95 [pool-16-thread-9] - Cannot connnect VM-120<->VM-39
 WARN 08-28 19:14:12,056 ExecutorChannelManagerMap:95 [pool-16-thread-9] - Cannot connnect VM-120<->VM-38
 WARN 08-28 19:14:12,056 ExecutorChannelManagerMap:95 [pool-16-thread-9] - Cannot connnect VM-120<->VM-37
 WARN 08-28 19:14:12,056 ExecutorChannelManagerMap:95 [pool-16-thread-9] - Cannot connnect VM-120<->VM-36
 WARN 08-28 19:14:12,056 ExecutorChannelManagerMap:95 [pool-16-thread-9] - Cannot connnect VM-120<->VM-35
 WARN 08-28 19:14:12,056 ExecutorChannelManagerMap:95 [pool-16-thread-9] - Cannot connnect VM-120<->VM-34
 WARN 08-28 19:14:12,056 ExecutorChannelManagerMap:95 [pool-16-thread-9] - Cannot connnect VM-120<->VM-111
 WARN 08-28 19:14:12,056 ExecutorChannelManagerMap:95 [pool-16-thread-9] - Cannot connnect VM-120<->VM-33
 WARN 08-28 19:14:12,057 ExecutorChannelManagerMap:95 [pool-16-thread-9] - Cannot connnect VM-120<->VM-110
 WARN 08-28 19:14:12,057 ExecutorChannelManagerMap:95 [pool-16-thread-9] - Cannot connnect VM-120<->VM-32
 WARN 08-28 19:14:12,057 ExecutorChannelManagerMap:95 [pool-16-thread-9] - Cannot connnect VM-120<->VM-31
 WARN 08-28 19:14:12,057 ExecutorChannelManagerMap:95 [pool-16-thread-9] - Cannot connnect VM-120<->VM-30
 WARN 08-28 19:14:12,057 ExecutorChannelManagerMap:95 [pool-16-thread-9] - Cannot connnect VM-120<->VM-115
 WARN 08-28 19:14:12,057 ExecutorChannelManagerMap:95 [pool-16-thread-9] - Cannot connnect VM-120<->VM-114
 WARN 08-28 19:14:12,057 ExecutorChannelManagerMap:95 [pool-16-thread-9] - Cannot connnect VM-120<->VM-113
 WARN 08-28 19:14:12,057 ExecutorChannelManagerMap:95 [pool-16-thread-9] - Cannot connnect VM-120<->VM-112
 WARN 08-28 19:14:12,057 ExecutorChannelManagerMap:95 [pool-16-thread-9] - Cannot connnect VM-120<->VM-108
 WARN 08-28 19:14:12,057 ExecutorChannelManagerMap:95 [pool-16-thread-9] - Cannot connnect VM-120<->VM-107
 WARN 08-28 19:14:12,057 ExecutorChannelManagerMap:95 [pool-16-thread-9] - Cannot connnect VM-120<->VM-106
 WARN 08-28 19:14:12,057 ExecutorChannelManagerMap:95 [pool-16-thread-9] - Cannot connnect VM-120<->VM-105
 WARN 08-28 19:14:12,057 ExecutorChannelManagerMap:106 [pool-16-thread-9] - Executor Executor2 already registered
 WARN 08-28 19:14:12,057 ExecutorChannelManagerMap:106 [pool-16-thread-9] - Executor Executor1 already registered
 WARN 08-28 19:14:12,057 ExecutorChannelManagerMap:106 [pool-16-thread-9] - Executor Executor0 already registered
 WARN 08-28 19:14:12,057 ExecutorChannelManagerMap:95 [pool-16-thread-9] - Cannot connnect VM-120<->VM-109
 WARN 08-28 19:14:12,057 ExecutorChannelManagerMap:95 [pool-16-thread-3] - Cannot connnect VM-120<->VM-122
 WARN 08-28 19:14:12,057 ExecutorChannelManagerMap:95 [pool-16-thread-3] - Cannot connnect VM-120<->VM-88
 WARN 08-28 19:14:12,057 ExecutorChannelManagerMap:95 [pool-16-thread-3] - Cannot connnect VM-120<->VM-121
 WARN 08-28 19:14:12,057 ExecutorChannelManagerMap:95 [pool-16-thread-3] - Cannot connnect VM-120<->VM-87
 WARN 08-28 19:14:12,057 ExecutorChannelManagerMap:95 [pool-16-thread-3] - Cannot connnect VM-120<->VM-86
 WARN 08-28 19:14:12,057 ExecutorChannelManagerMap:95 [pool-16-thread-3] - Cannot connnect VM-120<->VM-85
 WARN 08-28 19:14:12,057 ExecutorChannelManagerMap:95 [pool-16-thread-3] - Cannot connnect VM-120<->VM-84
 WARN 08-28 19:14:12,057 ExecutorChannelManagerMap:95 [pool-16-thread-3] - Cannot connnect VM-120<->VM-83
 WARN 08-28 19:14:12,058 ExecutorChannelManagerMap:95 [pool-16-thread-3] - Cannot connnect VM-120<->VM-124
 WARN 08-28 19:14:12,058 ExecutorChannelManagerMap:95 [pool-16-thread-3] - Cannot connnect VM-120<->VM-82
 WARN 08-28 19:14:12,058 ExecutorChannelManagerMap:95 [pool-16-thread-3] - Cannot connnect VM-120<->VM-123
 WARN 08-28 19:14:12,058 ExecutorChannelManagerMap:95 [pool-16-thread-3] - Cannot connnect VM-120<->VM-81
 WARN 08-28 19:14:12,058 ExecutorChannelManagerMap:95 [pool-16-thread-3] - Cannot connnect VM-120<->VM-119
 WARN 08-28 19:14:12,058 ExecutorChannelManagerMap:95 [pool-16-thread-3] - Cannot connnect VM-120<->VM-80
 WARN 08-28 19:14:12,058 ExecutorChannelManagerMap:95 [pool-16-thread-3] - Cannot connnect VM-120<->VM-118
 WARN 08-28 19:14:12,058 ExecutorChannelManagerMap:95 [pool-16-thread-3] - Cannot connnect VM-120<->VM-117
 WARN 08-28 19:14:12,058 ExecutorChannelManagerMap:95 [pool-16-thread-3] - Cannot connnect VM-120<->VM-116
 WARN 08-28 19:14:12,058 ExecutorChannelManagerMap:95 [pool-16-thread-3] - Cannot connnect VM-120<->VM-19
 WARN 08-28 19:14:12,058 ExecutorChannelManagerMap:95 [pool-16-thread-3] - Cannot connnect VM-120<->VM-18
 WARN 08-28 19:14:12,058 ExecutorChannelManagerMap:95 [pool-16-thread-3] - Cannot connnect VM-120<->VM-17
 WARN 08-28 19:14:12,058 ExecutorChannelManagerMap:95 [pool-16-thread-3] - Cannot connnect VM-120<->VM-16
 WARN 08-28 19:14:12,058 ExecutorChannelManagerMap:95 [pool-16-thread-3] - Cannot connnect VM-120<->VM-15
 WARN 08-28 19:14:12,058 ExecutorChannelManagerMap:95 [pool-16-thread-3] - Cannot connnect VM-120<->VM-14
 WARN 08-28 19:14:12,058 ExecutorChannelManagerMap:95 [pool-16-thread-3] - Cannot connnect VM-120<->VM-13
 WARN 08-28 19:14:12,058 ExecutorChannelManagerMap:95 [pool-16-thread-3] - Cannot connnect VM-120<->VM-12
 WARN 08-28 19:14:12,058 ExecutorChannelManagerMap:95 [pool-16-thread-3] - Cannot connnect VM-120<->VM-11
 WARN 08-28 19:14:12,058 ExecutorChannelManagerMap:95 [pool-16-thread-3] - Cannot connnect VM-120<->VM-10
 WARN 08-28 19:14:12,058 ExecutorChannelManagerMap:95 [pool-16-thread-3] - Cannot connnect VM-120<->VM-90
 WARN 08-28 19:14:12,058 ExecutorChannelManagerMap:95 [pool-16-thread-3] - Cannot connnect VM-120<->VM-69
 WARN 08-28 19:14:12,058 ExecutorChannelManagerMap:95 [pool-16-thread-3] - Cannot connnect VM-120<->VM-68
 WARN 08-28 19:14:12,058 ExecutorChannelManagerMap:95 [pool-16-thread-3] - Cannot connnect VM-120<->VM-67
 WARN 08-28 19:14:12,058 ExecutorChannelManagerMap:95 [pool-16-thread-3] - Cannot connnect VM-120<->VM-66
 WARN 08-28 19:14:12,058 ExecutorChannelManagerMap:95 [pool-16-thread-3] - Cannot connnect VM-120<->VM-65
 WARN 08-28 19:14:12,058 ExecutorChannelManagerMap:95 [pool-16-thread-3] - Cannot connnect VM-120<->VM-64
 WARN 08-28 19:14:12,058 ExecutorChannelManagerMap:95 [pool-16-thread-3] - Cannot connnect VM-120<->VM-63
 WARN 08-28 19:14:12,059 ExecutorChannelManagerMap:95 [pool-16-thread-3] - Cannot connnect VM-120<->VM-62
 WARN 08-28 19:14:12,059 ExecutorChannelManagerMap:95 [pool-16-thread-3] - Cannot connnect VM-120<->VM-61
 WARN 08-28 19:14:12,059 ExecutorChannelManagerMap:95 [pool-16-thread-3] - Cannot connnect VM-120<->VM-60
 WARN 08-28 19:14:12,059 ExecutorChannelManagerMap:95 [pool-16-thread-3] - Cannot connnect VM-120<->VM-79
 WARN 08-28 19:14:12,059 ExecutorChannelManagerMap:95 [pool-16-thread-3] - Cannot connnect VM-120<->VM-78
 WARN 08-28 19:14:12,059 ExecutorChannelManagerMap:95 [pool-16-thread-3] - Cannot connnect VM-120<->VM-77
 WARN 08-28 19:14:12,059 ExecutorChannelManagerMap:95 [pool-16-thread-3] - Cannot connnect VM-120<->VM-76
 WARN 08-28 19:14:12,059 ExecutorChannelManagerMap:95 [pool-16-thread-3] - Cannot connnect VM-120<->VM-75
 WARN 08-28 19:14:12,059 ExecutorChannelManagerMap:95 [pool-16-thread-3] - Cannot connnect VM-120<->VM-74
 WARN 08-28 19:14:12,059 ExecutorChannelManagerMap:95 [pool-16-thread-3] - Cannot connnect VM-120<->VM-73
 WARN 08-28 19:14:12,059 ExecutorChannelManagerMap:95 [pool-16-thread-3] - Cannot connnect VM-120<->VM-72
 WARN 08-28 19:14:12,059 ExecutorChannelManagerMap:95 [pool-16-thread-3] - Cannot connnect VM-120<->VM-71
 WARN 08-28 19:14:12,059 ExecutorChannelManagerMap:95 [pool-16-thread-3] - Cannot connnect VM-120<->VM-70
 WARN 08-28 19:14:12,059 ExecutorChannelManagerMap:95 [pool-16-thread-3] - Cannot connnect VM-120<->VM-49
 WARN 08-28 19:14:12,059 ExecutorChannelManagerMap:95 [pool-16-thread-3] - Cannot connnect VM-120<->VM-48
 WARN 08-28 19:14:12,059 ExecutorChannelManagerMap:95 [pool-16-thread-3] - Cannot connnect VM-120<->VM-47
 WARN 08-28 19:14:12,059 ExecutorChannelManagerMap:95 [pool-16-thread-3] - Cannot connnect VM-120<->VM-46
 WARN 08-28 19:14:12,059 ExecutorChannelManagerMap:95 [pool-16-thread-3] - Cannot connnect VM-120<->VM-45
 WARN 08-28 19:14:12,059 ExecutorChannelManagerMap:95 [pool-16-thread-3] - Cannot connnect VM-120<->VM-6
 WARN 08-28 19:14:12,059 ExecutorChannelManagerMap:95 [pool-16-thread-3] - Cannot connnect VM-120<->VM-44
 WARN 08-28 19:14:12,059 ExecutorChannelManagerMap:95 [pool-16-thread-3] - Cannot connnect VM-120<->VM-7
 WARN 08-28 19:14:12,059 ExecutorChannelManagerMap:95 [pool-16-thread-3] - Cannot connnect VM-120<->VM-43
 WARN 08-28 19:14:12,059 ExecutorChannelManagerMap:95 [pool-16-thread-3] - Cannot connnect VM-120<->VM-8
 WARN 08-28 19:14:12,059 ExecutorChannelManagerMap:95 [pool-16-thread-3] - Cannot connnect VM-120<->VM-42
 WARN 08-28 19:14:12,059 ExecutorChannelManagerMap:95 [pool-16-thread-3] - Cannot connnect VM-120<->VM-9
 WARN 08-28 19:14:12,059 ExecutorChannelManagerMap:95 [pool-16-thread-3] - Cannot connnect VM-120<->VM-41
 WARN 08-28 19:14:12,059 ExecutorChannelManagerMap:95 [pool-16-thread-3] - Cannot connnect VM-120<->VM-40
 WARN 08-28 19:14:12,059 ExecutorChannelManagerMap:95 [pool-16-thread-3] - Cannot connnect VM-120<->VM-59
 WARN 08-28 19:14:12,060 ExecutorChannelManagerMap:95 [pool-16-thread-3] - Cannot connnect VM-120<->VM-58
 WARN 08-28 19:14:12,060 ExecutorChannelManagerMap:95 [pool-16-thread-3] - Cannot connnect VM-120<->VM-57
 WARN 08-28 19:14:12,060 ExecutorChannelManagerMap:95 [pool-16-thread-3] - Cannot connnect VM-120<->VM-56
 WARN 08-28 19:14:12,060 ExecutorChannelManagerMap:95 [pool-16-thread-3] - Cannot connnect VM-120<->VM-55
 WARN 08-28 19:14:12,060 ExecutorChannelManagerMap:95 [pool-16-thread-3] - Cannot connnect VM-120<->VM-54
 WARN 08-28 19:14:12,060 ExecutorChannelManagerMap:95 [pool-16-thread-3] - Cannot connnect VM-120<->VM-53
 WARN 08-28 19:14:12,060 ExecutorChannelManagerMap:95 [pool-16-thread-3] - Cannot connnect VM-120<->VM-52
 WARN 08-28 19:14:12,060 ExecutorChannelManagerMap:95 [pool-16-thread-3] - Cannot connnect VM-120<->VM-51
 WARN 08-28 19:14:12,060 ExecutorChannelManagerMap:95 [pool-16-thread-3] - Cannot connnect VM-120<->VM-50
 WARN 08-28 19:14:12,060 ExecutorChannelManagerMap:95 [pool-16-thread-3] - Cannot connnect VM-120<->VM-1
 WARN 08-28 19:14:12,060 ExecutorChannelManagerMap:95 [pool-16-thread-3] - Cannot connnect VM-120<->VM-2
 WARN 08-28 19:14:12,060 ExecutorChannelManagerMap:95 [pool-16-thread-3] - Cannot connnect VM-120<->VM-3
 WARN 08-28 19:14:12,060 ExecutorChannelManagerMap:95 [pool-16-thread-3] - Cannot connnect VM-120<->VM-5
 WARN 08-28 19:14:12,060 ExecutorChannelManagerMap:95 [pool-16-thread-3] - Cannot connnect VM-120<->VM-29
 WARN 08-28 19:14:12,060 ExecutorChannelManagerMap:95 [pool-16-thread-3] - Cannot connnect VM-120<->VM-28
 WARN 08-28 19:14:12,060 ExecutorChannelManagerMap:95 [pool-16-thread-3] - Cannot connnect VM-120<->VM-27
 WARN 08-28 19:14:12,060 ExecutorChannelManagerMap:95 [pool-16-thread-3] - Cannot connnect VM-120<->VM-26
 WARN 08-28 19:14:12,060 ExecutorChannelManagerMap:95 [pool-16-thread-3] - Cannot connnect VM-120<->VM-25
 WARN 08-28 19:14:12,060 ExecutorChannelManagerMap:95 [pool-16-thread-3] - Cannot connnect VM-120<->VM-24
 WARN 08-28 19:14:12,060 ExecutorChannelManagerMap:95 [pool-16-thread-3] - Cannot connnect VM-120<->VM-23
 WARN 08-28 19:14:12,060 ExecutorChannelManagerMap:95 [pool-16-thread-3] - Cannot connnect VM-120<->VM-22
 WARN 08-28 19:14:12,060 ExecutorChannelManagerMap:106 [pool-16-thread-3] - Executor Executor4 already registered
 WARN 08-28 19:14:12,060 ExecutorChannelManagerMap:95 [pool-16-thread-3] - Cannot connnect VM-120<->VM-21
 WARN 08-28 19:14:12,060 ExecutorChannelManagerMap:106 [pool-16-thread-3] - Executor Executor3 already registered
 WARN 08-28 19:14:12,060 ExecutorChannelManagerMap:95 [pool-16-thread-3] - Cannot connnect VM-120<->VM-20
 WARN 08-28 19:14:12,060 ExecutorChannelManagerMap:95 [pool-16-thread-3] - Cannot connnect VM-120<->VM-39
 WARN 08-28 19:14:12,060 ExecutorChannelManagerMap:95 [pool-16-thread-3] - Cannot connnect VM-120<->VM-38
 WARN 08-28 19:14:12,060 ExecutorChannelManagerMap:95 [pool-16-thread-3] - Cannot connnect VM-120<->VM-37
 WARN 08-28 19:14:12,061 ExecutorChannelManagerMap:95 [pool-16-thread-3] - Cannot connnect VM-120<->VM-36
 WARN 08-28 19:14:12,061 ExecutorChannelManagerMap:95 [pool-16-thread-3] - Cannot connnect VM-120<->VM-35
 WARN 08-28 19:14:12,061 ExecutorChannelManagerMap:95 [pool-16-thread-3] - Cannot connnect VM-120<->VM-34
 WARN 08-28 19:14:12,061 ExecutorChannelManagerMap:95 [pool-16-thread-3] - Cannot connnect VM-120<->VM-111
 WARN 08-28 19:14:12,061 ExecutorChannelManagerMap:95 [pool-16-thread-3] - Cannot connnect VM-120<->VM-33
 WARN 08-28 19:14:12,061 ExecutorChannelManagerMap:95 [pool-16-thread-3] - Cannot connnect VM-120<->VM-110
 WARN 08-28 19:14:12,061 ExecutorChannelManagerMap:95 [pool-16-thread-3] - Cannot connnect VM-120<->VM-32
 WARN 08-28 19:14:12,061 ExecutorChannelManagerMap:95 [pool-16-thread-3] - Cannot connnect VM-120<->VM-31
 WARN 08-28 19:14:12,061 ExecutorChannelManagerMap:95 [pool-16-thread-3] - Cannot connnect VM-120<->VM-30
 WARN 08-28 19:14:12,061 ExecutorChannelManagerMap:95 [pool-16-thread-3] - Cannot connnect VM-120<->VM-115
 WARN 08-28 19:14:12,061 ExecutorChannelManagerMap:95 [pool-16-thread-3] - Cannot connnect VM-120<->VM-114
 WARN 08-28 19:14:12,061 ExecutorChannelManagerMap:95 [pool-16-thread-3] - Cannot connnect VM-120<->VM-113
 WARN 08-28 19:14:12,061 ExecutorChannelManagerMap:95 [pool-16-thread-3] - Cannot connnect VM-120<->VM-112
 WARN 08-28 19:14:12,061 ExecutorChannelManagerMap:95 [pool-16-thread-3] - Cannot connnect VM-120<->VM-108
 WARN 08-28 19:14:12,061 ExecutorChannelManagerMap:95 [pool-16-thread-3] - Cannot connnect VM-120<->VM-107
 WARN 08-28 19:14:12,061 ExecutorChannelManagerMap:95 [pool-16-thread-3] - Cannot connnect VM-120<->VM-106
 WARN 08-28 19:14:12,061 ExecutorChannelManagerMap:95 [pool-16-thread-3] - Cannot connnect VM-120<->VM-105
 WARN 08-28 19:14:12,061 ExecutorChannelManagerMap:106 [pool-16-thread-3] - Executor Executor2 already registered
 WARN 08-28 19:14:12,061 ExecutorChannelManagerMap:106 [pool-16-thread-3] - Executor Executor1 already registered
 WARN 08-28 19:14:12,061 ExecutorChannelManagerMap:106 [pool-16-thread-3] - Executor Executor0 already registered
 WARN 08-28 19:14:12,061 ExecutorChannelManagerMap:95 [pool-16-thread-3] - Cannot connnect VM-120<->VM-109
 INFO 08-28 19:14:12,039 Executor$ExecutorMessageReceiver:1433 [pool-16-thread-10] - Executor registered message received VM-89,VM-122,VM-88,VM-121,VM-87,VM-86,VM-85,VM-84,VM-83,VM-124,VM-82,VM-123,VM-81,VM-119,VM-80,VM-118,VM-117,VM-116,VM-19,VM-18,VM-17,VM-16,VM-15,VM-14,VM-13,VM-12,VM-11,VM-99,VM-10,VM-98,VM-97,VM-96,VM-95,VM-90,VM-69,VM-68,VM-67,VM-66,VM-65,VM-64,VM-63,VM-62,VM-61,VM-60,VM-79,VM-78,VM-77,VM-76,VM-75,VM-74,VM-73,VM-72,VM-71,VM-70,VM-49,VM-48,VM-47,VM-46,VM-45,VM-6,VM-44,VM-7,VM-43,VM-8,VM-42,VM-9,VM-41,VM-40,VM-59,VM-58,VM-57,VM-56,VM-55,VM-54,VM-53,VM-52,VM-51,VM-50,VM-1,VM-2,VM-3,VM-4,VM-5,VM-29,VM-28,VM-27,VM-26,VM-25,VM-24,VM-23,VM-100,VM-22,Executor4,VM-21,Executor3,VM-20,VM-104,VM-103,VM-102,VM-101,VM-39,VM-38,VM-37,VM-36,VM-35,VM-34,VM-111,VM-33,VM-110,VM-32,VM-31,VM-30,VM-115,VM-114,VM-113,VM-112,VM-108,VM-107,VM-106,VM-105,Executor2,Executor1,Executor0,VM-109
 WARN 08-28 19:14:12,061 ExecutorChannelManagerMap:95 [pool-16-thread-10] - Cannot connnect VM-120<->VM-89
 WARN 08-28 19:14:12,061 ExecutorChannelManagerMap:95 [pool-16-thread-10] - Cannot connnect VM-120<->VM-122
 WARN 08-28 19:14:12,062 ExecutorChannelManagerMap:95 [pool-16-thread-10] - Cannot connnect VM-120<->VM-88
 WARN 08-28 19:14:12,062 ExecutorChannelManagerMap:95 [pool-16-thread-10] - Cannot connnect VM-120<->VM-121
 WARN 08-28 19:14:12,062 ExecutorChannelManagerMap:95 [pool-16-thread-10] - Cannot connnect VM-120<->VM-87
 WARN 08-28 19:14:12,062 ExecutorChannelManagerMap:95 [pool-16-thread-10] - Cannot connnect VM-120<->VM-86
 WARN 08-28 19:14:12,062 ExecutorChannelManagerMap:95 [pool-16-thread-10] - Cannot connnect VM-120<->VM-85
 WARN 08-28 19:14:12,062 ExecutorChannelManagerMap:95 [pool-16-thread-10] - Cannot connnect VM-120<->VM-84
 WARN 08-28 19:14:12,062 ExecutorChannelManagerMap:95 [pool-16-thread-10] - Cannot connnect VM-120<->VM-83
 WARN 08-28 19:14:12,062 ExecutorChannelManagerMap:95 [pool-16-thread-10] - Cannot connnect VM-120<->VM-124
 WARN 08-28 19:14:12,062 ExecutorChannelManagerMap:95 [pool-16-thread-10] - Cannot connnect VM-120<->VM-82
 WARN 08-28 19:14:12,062 ExecutorChannelManagerMap:95 [pool-16-thread-10] - Cannot connnect VM-120<->VM-123
 WARN 08-28 19:14:12,062 ExecutorChannelManagerMap:95 [pool-16-thread-10] - Cannot connnect VM-120<->VM-81
 WARN 08-28 19:14:12,062 ExecutorChannelManagerMap:95 [pool-16-thread-10] - Cannot connnect VM-120<->VM-119
 WARN 08-28 19:14:12,062 ExecutorChannelManagerMap:95 [pool-16-thread-10] - Cannot connnect VM-120<->VM-80
 WARN 08-28 19:14:12,062 ExecutorChannelManagerMap:95 [pool-16-thread-10] - Cannot connnect VM-120<->VM-118
 WARN 08-28 19:14:12,062 ExecutorChannelManagerMap:95 [pool-16-thread-10] - Cannot connnect VM-120<->VM-117
 WARN 08-28 19:14:12,062 ExecutorChannelManagerMap:95 [pool-16-thread-10] - Cannot connnect VM-120<->VM-116
 WARN 08-28 19:14:12,062 ExecutorChannelManagerMap:95 [pool-16-thread-10] - Cannot connnect VM-120<->VM-19
 WARN 08-28 19:14:12,062 ExecutorChannelManagerMap:95 [pool-16-thread-10] - Cannot connnect VM-120<->VM-18
 WARN 08-28 19:14:12,062 ExecutorChannelManagerMap:95 [pool-16-thread-10] - Cannot connnect VM-120<->VM-17
 WARN 08-28 19:14:12,062 ExecutorChannelManagerMap:95 [pool-16-thread-10] - Cannot connnect VM-120<->VM-16
 WARN 08-28 19:14:12,062 ExecutorChannelManagerMap:95 [pool-16-thread-10] - Cannot connnect VM-120<->VM-15
 WARN 08-28 19:14:12,062 ExecutorChannelManagerMap:95 [pool-16-thread-10] - Cannot connnect VM-120<->VM-14
 WARN 08-28 19:14:12,062 ExecutorChannelManagerMap:95 [pool-16-thread-10] - Cannot connnect VM-120<->VM-13
 WARN 08-28 19:14:12,062 ExecutorChannelManagerMap:95 [pool-16-thread-10] - Cannot connnect VM-120<->VM-12
 WARN 08-28 19:14:12,062 ExecutorChannelManagerMap:95 [pool-16-thread-10] - Cannot connnect VM-120<->VM-11
 WARN 08-28 19:14:12,063 ExecutorChannelManagerMap:95 [pool-16-thread-10] - Cannot connnect VM-120<->VM-99
 WARN 08-28 19:14:12,063 ExecutorChannelManagerMap:95 [pool-16-thread-10] - Cannot connnect VM-120<->VM-10
 WARN 08-28 19:14:12,063 ExecutorChannelManagerMap:95 [pool-16-thread-10] - Cannot connnect VM-120<->VM-98
 WARN 08-28 19:14:12,063 ExecutorChannelManagerMap:95 [pool-16-thread-10] - Cannot connnect VM-120<->VM-97
 WARN 08-28 19:14:12,063 ExecutorChannelManagerMap:95 [pool-16-thread-10] - Cannot connnect VM-120<->VM-96
 WARN 08-28 19:14:12,063 ExecutorChannelManagerMap:95 [pool-16-thread-10] - Cannot connnect VM-120<->VM-95
 WARN 08-28 19:14:12,063 ExecutorChannelManagerMap:95 [pool-16-thread-10] - Cannot connnect VM-120<->VM-90
 WARN 08-28 19:14:12,063 ExecutorChannelManagerMap:95 [pool-16-thread-10] - Cannot connnect VM-120<->VM-69
 WARN 08-28 19:14:12,063 ExecutorChannelManagerMap:95 [pool-16-thread-10] - Cannot connnect VM-120<->VM-68
 WARN 08-28 19:14:12,063 ExecutorChannelManagerMap:95 [pool-16-thread-10] - Cannot connnect VM-120<->VM-67
 WARN 08-28 19:14:12,063 ExecutorChannelManagerMap:95 [pool-16-thread-10] - Cannot connnect VM-120<->VM-66
 WARN 08-28 19:14:12,063 ExecutorChannelManagerMap:95 [pool-16-thread-10] - Cannot connnect VM-120<->VM-65
 WARN 08-28 19:14:12,063 ExecutorChannelManagerMap:95 [pool-16-thread-10] - Cannot connnect VM-120<->VM-64
 WARN 08-28 19:14:12,063 ExecutorChannelManagerMap:95 [pool-16-thread-10] - Cannot connnect VM-120<->VM-63
 WARN 08-28 19:14:12,063 ExecutorChannelManagerMap:95 [pool-16-thread-10] - Cannot connnect VM-120<->VM-62
 WARN 08-28 19:14:12,063 ExecutorChannelManagerMap:95 [pool-16-thread-10] - Cannot connnect VM-120<->VM-61
 WARN 08-28 19:14:12,063 ExecutorChannelManagerMap:95 [pool-16-thread-10] - Cannot connnect VM-120<->VM-60
 WARN 08-28 19:14:12,063 ExecutorChannelManagerMap:95 [pool-16-thread-10] - Cannot connnect VM-120<->VM-79
 WARN 08-28 19:14:12,063 ExecutorChannelManagerMap:95 [pool-16-thread-10] - Cannot connnect VM-120<->VM-78
 WARN 08-28 19:14:12,063 ExecutorChannelManagerMap:95 [pool-16-thread-10] - Cannot connnect VM-120<->VM-77
 WARN 08-28 19:14:12,063 ExecutorChannelManagerMap:95 [pool-16-thread-10] - Cannot connnect VM-120<->VM-76
 WARN 08-28 19:14:12,063 ExecutorChannelManagerMap:95 [pool-16-thread-10] - Cannot connnect VM-120<->VM-75
 WARN 08-28 19:14:12,063 ExecutorChannelManagerMap:95 [pool-16-thread-10] - Cannot connnect VM-120<->VM-74
 WARN 08-28 19:14:12,063 ExecutorChannelManagerMap:95 [pool-16-thread-10] - Cannot connnect VM-120<->VM-73
 WARN 08-28 19:14:12,063 ExecutorChannelManagerMap:95 [pool-16-thread-10] - Cannot connnect VM-120<->VM-72
 WARN 08-28 19:14:12,064 ExecutorChannelManagerMap:95 [pool-16-thread-10] - Cannot connnect VM-120<->VM-71
 WARN 08-28 19:14:12,064 ExecutorChannelManagerMap:95 [pool-16-thread-10] - Cannot connnect VM-120<->VM-70
 WARN 08-28 19:14:12,064 ExecutorChannelManagerMap:95 [pool-16-thread-10] - Cannot connnect VM-120<->VM-49
 WARN 08-28 19:14:12,064 ExecutorChannelManagerMap:95 [pool-16-thread-10] - Cannot connnect VM-120<->VM-48
 WARN 08-28 19:14:12,064 ExecutorChannelManagerMap:95 [pool-16-thread-10] - Cannot connnect VM-120<->VM-47
 WARN 08-28 19:14:12,064 ExecutorChannelManagerMap:95 [pool-16-thread-10] - Cannot connnect VM-120<->VM-46
 WARN 08-28 19:14:12,064 ExecutorChannelManagerMap:95 [pool-16-thread-10] - Cannot connnect VM-120<->VM-45
 WARN 08-28 19:14:12,064 ExecutorChannelManagerMap:95 [pool-16-thread-10] - Cannot connnect VM-120<->VM-6
 WARN 08-28 19:14:12,064 ExecutorChannelManagerMap:95 [pool-16-thread-10] - Cannot connnect VM-120<->VM-44
 WARN 08-28 19:14:12,064 ExecutorChannelManagerMap:95 [pool-16-thread-10] - Cannot connnect VM-120<->VM-7
 WARN 08-28 19:14:12,064 ExecutorChannelManagerMap:95 [pool-16-thread-10] - Cannot connnect VM-120<->VM-43
 WARN 08-28 19:14:12,064 ExecutorChannelManagerMap:95 [pool-16-thread-10] - Cannot connnect VM-120<->VM-8
 WARN 08-28 19:14:12,064 ExecutorChannelManagerMap:95 [pool-16-thread-10] - Cannot connnect VM-120<->VM-42
 WARN 08-28 19:14:12,064 ExecutorChannelManagerMap:95 [pool-16-thread-10] - Cannot connnect VM-120<->VM-9
 WARN 08-28 19:14:12,064 ExecutorChannelManagerMap:95 [pool-16-thread-10] - Cannot connnect VM-120<->VM-41
 WARN 08-28 19:14:12,064 ExecutorChannelManagerMap:95 [pool-16-thread-10] - Cannot connnect VM-120<->VM-40
 WARN 08-28 19:14:12,064 ExecutorChannelManagerMap:95 [pool-16-thread-10] - Cannot connnect VM-120<->VM-59
 WARN 08-28 19:14:12,064 ExecutorChannelManagerMap:95 [pool-16-thread-10] - Cannot connnect VM-120<->VM-58
 WARN 08-28 19:14:12,064 ExecutorChannelManagerMap:95 [pool-16-thread-10] - Cannot connnect VM-120<->VM-57
 WARN 08-28 19:14:12,064 ExecutorChannelManagerMap:95 [pool-16-thread-10] - Cannot connnect VM-120<->VM-56
 WARN 08-28 19:14:12,064 ExecutorChannelManagerMap:95 [pool-16-thread-10] - Cannot connnect VM-120<->VM-55
 WARN 08-28 19:14:12,064 ExecutorChannelManagerMap:95 [pool-16-thread-10] - Cannot connnect VM-120<->VM-54
 WARN 08-28 19:14:12,064 ExecutorChannelManagerMap:95 [pool-16-thread-10] - Cannot connnect VM-120<->VM-53
 WARN 08-28 19:14:12,064 ExecutorChannelManagerMap:95 [pool-16-thread-10] - Cannot connnect VM-120<->VM-52
 WARN 08-28 19:14:12,064 ExecutorChannelManagerMap:95 [pool-16-thread-10] - Cannot connnect VM-120<->VM-51
 WARN 08-28 19:14:12,064 ExecutorChannelManagerMap:95 [pool-16-thread-10] - Cannot connnect VM-120<->VM-50
 WARN 08-28 19:14:12,065 ExecutorChannelManagerMap:95 [pool-16-thread-10] - Cannot connnect VM-120<->VM-1
 WARN 08-28 19:14:12,065 ExecutorChannelManagerMap:95 [pool-16-thread-10] - Cannot connnect VM-120<->VM-2
 WARN 08-28 19:14:12,065 ExecutorChannelManagerMap:95 [pool-16-thread-10] - Cannot connnect VM-120<->VM-3
 WARN 08-28 19:14:12,065 ExecutorChannelManagerMap:95 [pool-16-thread-10] - Cannot connnect VM-120<->VM-4
 WARN 08-28 19:14:12,065 ExecutorChannelManagerMap:95 [pool-16-thread-10] - Cannot connnect VM-120<->VM-5
 WARN 08-28 19:14:12,065 ExecutorChannelManagerMap:95 [pool-16-thread-10] - Cannot connnect VM-120<->VM-29
 WARN 08-28 19:14:12,065 ExecutorChannelManagerMap:95 [pool-16-thread-10] - Cannot connnect VM-120<->VM-28
 WARN 08-28 19:14:12,065 ExecutorChannelManagerMap:95 [pool-16-thread-10] - Cannot connnect VM-120<->VM-27
 WARN 08-28 19:14:12,065 ExecutorChannelManagerMap:95 [pool-16-thread-10] - Cannot connnect VM-120<->VM-26
 WARN 08-28 19:14:12,065 ExecutorChannelManagerMap:95 [pool-16-thread-10] - Cannot connnect VM-120<->VM-25
 WARN 08-28 19:14:12,065 ExecutorChannelManagerMap:95 [pool-16-thread-10] - Cannot connnect VM-120<->VM-24
 WARN 08-28 19:14:12,065 ExecutorChannelManagerMap:95 [pool-16-thread-10] - Cannot connnect VM-120<->VM-23
 WARN 08-28 19:14:12,065 ExecutorChannelManagerMap:95 [pool-16-thread-10] - Cannot connnect VM-120<->VM-100
 WARN 08-28 19:14:12,065 ExecutorChannelManagerMap:95 [pool-16-thread-10] - Cannot connnect VM-120<->VM-22
 WARN 08-28 19:14:12,065 ExecutorChannelManagerMap:106 [pool-16-thread-10] - Executor Executor4 already registered
 WARN 08-28 19:14:12,065 ExecutorChannelManagerMap:95 [pool-16-thread-10] - Cannot connnect VM-120<->VM-21
 WARN 08-28 19:14:12,065 ExecutorChannelManagerMap:106 [pool-16-thread-10] - Executor Executor3 already registered
 WARN 08-28 19:14:12,065 ExecutorChannelManagerMap:95 [pool-16-thread-10] - Cannot connnect VM-120<->VM-20
 WARN 08-28 19:14:12,065 ExecutorChannelManagerMap:95 [pool-16-thread-10] - Cannot connnect VM-120<->VM-104
 WARN 08-28 19:14:12,065 ExecutorChannelManagerMap:95 [pool-16-thread-10] - Cannot connnect VM-120<->VM-103
 WARN 08-28 19:14:12,065 ExecutorChannelManagerMap:95 [pool-16-thread-10] - Cannot connnect VM-120<->VM-102
 WARN 08-28 19:14:12,065 ExecutorChannelManagerMap:95 [pool-16-thread-10] - Cannot connnect VM-120<->VM-101
 WARN 08-28 19:14:12,065 ExecutorChannelManagerMap:95 [pool-16-thread-10] - Cannot connnect VM-120<->VM-39
 WARN 08-28 19:14:12,065 ExecutorChannelManagerMap:95 [pool-16-thread-10] - Cannot connnect VM-120<->VM-38
 WARN 08-28 19:14:12,066 ExecutorChannelManagerMap:95 [pool-16-thread-10] - Cannot connnect VM-120<->VM-37
 WARN 08-28 19:14:12,066 ExecutorChannelManagerMap:95 [pool-16-thread-10] - Cannot connnect VM-120<->VM-36
 WARN 08-28 19:14:12,066 ExecutorChannelManagerMap:95 [pool-16-thread-10] - Cannot connnect VM-120<->VM-35
 WARN 08-28 19:14:12,066 ExecutorChannelManagerMap:95 [pool-16-thread-10] - Cannot connnect VM-120<->VM-34
 WARN 08-28 19:14:12,066 ExecutorChannelManagerMap:95 [pool-16-thread-10] - Cannot connnect VM-120<->VM-111
 WARN 08-28 19:14:12,066 ExecutorChannelManagerMap:95 [pool-16-thread-10] - Cannot connnect VM-120<->VM-33
 WARN 08-28 19:14:12,066 ExecutorChannelManagerMap:95 [pool-16-thread-10] - Cannot connnect VM-120<->VM-110
 WARN 08-28 19:14:12,066 ExecutorChannelManagerMap:95 [pool-16-thread-10] - Cannot connnect VM-120<->VM-32
 WARN 08-28 19:14:12,066 ExecutorChannelManagerMap:95 [pool-16-thread-10] - Cannot connnect VM-120<->VM-31
 WARN 08-28 19:14:12,066 ExecutorChannelManagerMap:95 [pool-16-thread-10] - Cannot connnect VM-120<->VM-30
 WARN 08-28 19:14:12,066 ExecutorChannelManagerMap:95 [pool-16-thread-10] - Cannot connnect VM-120<->VM-115
 WARN 08-28 19:14:12,066 ExecutorChannelManagerMap:95 [pool-16-thread-10] - Cannot connnect VM-120<->VM-114
 WARN 08-28 19:14:12,066 ExecutorChannelManagerMap:95 [pool-16-thread-10] - Cannot connnect VM-120<->VM-113
 WARN 08-28 19:14:12,066 ExecutorChannelManagerMap:95 [pool-16-thread-10] - Cannot connnect VM-120<->VM-112
 WARN 08-28 19:14:12,066 ExecutorChannelManagerMap:95 [pool-16-thread-10] - Cannot connnect VM-120<->VM-108
 WARN 08-28 19:14:12,066 ExecutorChannelManagerMap:95 [pool-16-thread-10] - Cannot connnect VM-120<->VM-107
 WARN 08-28 19:14:12,066 ExecutorChannelManagerMap:95 [pool-16-thread-10] - Cannot connnect VM-120<->VM-106
 WARN 08-28 19:14:12,066 ExecutorChannelManagerMap:95 [pool-16-thread-10] - Cannot connnect VM-120<->VM-105
 WARN 08-28 19:14:12,066 ExecutorChannelManagerMap:106 [pool-16-thread-10] - Executor Executor2 already registered
 WARN 08-28 19:14:12,066 ExecutorChannelManagerMap:106 [pool-16-thread-10] - Executor Executor1 already registered
 WARN 08-28 19:14:12,066 ExecutorChannelManagerMap:106 [pool-16-thread-10] - Executor Executor0 already registered
 WARN 08-28 19:14:12,066 ExecutorChannelManagerMap:95 [pool-16-thread-10] - Cannot connnect VM-120<->VM-109
 INFO 08-28 19:14:12,039 Executor$ExecutorMessageReceiver:1433 [pool-16-thread-8] - Executor registered message received VM-89,VM-122,VM-88,VM-121,VM-87,VM-86,VM-85,VM-84,VM-83,VM-124,VM-82,VM-123,VM-81,VM-119,VM-80,VM-118,VM-117,VM-116,VM-19,VM-18,VM-17,VM-16,VM-15,VM-14,VM-13,VM-12,VM-11,VM-99,VM-10,VM-90,VM-69,VM-68,VM-67,VM-66,VM-65,VM-64,VM-63,VM-62,VM-61,VM-60,VM-79,VM-78,VM-77,VM-76,VM-75,VM-74,VM-73,VM-72,VM-71,VM-70,VM-49,VM-48,VM-47,VM-46,VM-45,VM-6,VM-44,VM-7,VM-43,VM-8,VM-42,VM-9,VM-41,VM-40,VM-59,VM-58,VM-57,VM-56,VM-55,VM-54,VM-53,VM-52,VM-51,VM-50,VM-1,VM-2,VM-3,VM-4,VM-5,VM-29,VM-28,VM-27,VM-26,VM-25,VM-24,VM-23,VM-22,Executor4,VM-21,Executor3,VM-20,VM-104,VM-103,VM-102,VM-101,VM-39,VM-38,VM-37,VM-36,VM-35,VM-34,VM-111,VM-33,VM-110,VM-32,VM-31,VM-30,VM-115,VM-114,VM-113,VM-112,VM-108,VM-107,VM-106,VM-105,Executor2,Executor1,Executor0,VM-109
 INFO 08-28 19:14:12,039 Executor$ExecutorMessageReceiver:1433 [pool-16-thread-6] - Executor registered message received VM-89,VM-122,VM-88,VM-121,VM-87,VM-86,VM-85,VM-84,VM-83,VM-124,VM-82,VM-123,VM-81,VM-119,VM-80,VM-118,VM-117,VM-116,VM-19,VM-18,VM-17,VM-16,VM-15,VM-14,VM-13,VM-12,VM-11,VM-99,VM-10,VM-98,VM-97,VM-96,VM-90,VM-69,VM-68,VM-67,VM-66,VM-65,VM-64,VM-63,VM-62,VM-61,VM-60,VM-79,VM-78,VM-77,VM-76,VM-75,VM-74,VM-73,VM-72,VM-71,VM-70,VM-49,VM-48,VM-47,VM-46,VM-45,VM-6,VM-44,VM-7,VM-43,VM-8,VM-42,VM-9,VM-41,VM-40,VM-59,VM-58,VM-57,VM-56,VM-55,VM-54,VM-53,VM-52,VM-51,VM-50,VM-1,VM-2,VM-3,VM-4,VM-5,VM-29,VM-28,VM-27,VM-26,VM-25,VM-24,VM-23,VM-100,VM-22,Executor4,VM-21,Executor3,VM-20,VM-104,VM-103,VM-102,VM-101,VM-39,VM-38,VM-37,VM-36,VM-35,VM-34,VM-111,VM-33,VM-110,VM-32,VM-31,VM-30,VM-115,VM-114,VM-113,VM-112,VM-108,VM-107,VM-106,VM-105,Executor2,Executor1,Executor0,VM-109
 WARN 08-28 19:14:12,067 ExecutorChannelManagerMap:95 [pool-16-thread-6] - Cannot connnect VM-120<->VM-89
 WARN 08-28 19:14:12,067 ExecutorChannelManagerMap:95 [pool-16-thread-6] - Cannot connnect VM-120<->VM-122
 WARN 08-28 19:14:12,067 ExecutorChannelManagerMap:95 [pool-16-thread-6] - Cannot connnect VM-120<->VM-88
 WARN 08-28 19:14:12,067 ExecutorChannelManagerMap:95 [pool-16-thread-6] - Cannot connnect VM-120<->VM-121
 WARN 08-28 19:14:12,067 ExecutorChannelManagerMap:95 [pool-16-thread-6] - Cannot connnect VM-120<->VM-87
 WARN 08-28 19:14:12,067 ExecutorChannelManagerMap:95 [pool-16-thread-6] - Cannot connnect VM-120<->VM-86
 WARN 08-28 19:14:12,067 ExecutorChannelManagerMap:95 [pool-16-thread-6] - Cannot connnect VM-120<->VM-85
 WARN 08-28 19:14:12,067 ExecutorChannelManagerMap:95 [pool-16-thread-6] - Cannot connnect VM-120<->VM-84
 WARN 08-28 19:14:12,067 ExecutorChannelManagerMap:95 [pool-16-thread-6] - Cannot connnect VM-120<->VM-83
 WARN 08-28 19:14:12,067 ExecutorChannelManagerMap:95 [pool-16-thread-6] - Cannot connnect VM-120<->VM-124
 WARN 08-28 19:14:12,067 ExecutorChannelManagerMap:95 [pool-16-thread-6] - Cannot connnect VM-120<->VM-82
 WARN 08-28 19:14:12,067 ExecutorChannelManagerMap:95 [pool-16-thread-6] - Cannot connnect VM-120<->VM-123
 WARN 08-28 19:14:12,067 ExecutorChannelManagerMap:95 [pool-16-thread-6] - Cannot connnect VM-120<->VM-81
 WARN 08-28 19:14:12,067 ExecutorChannelManagerMap:95 [pool-16-thread-6] - Cannot connnect VM-120<->VM-119
 WARN 08-28 19:14:12,067 ExecutorChannelManagerMap:95 [pool-16-thread-6] - Cannot connnect VM-120<->VM-80
 WARN 08-28 19:14:12,067 ExecutorChannelManagerMap:95 [pool-16-thread-6] - Cannot connnect VM-120<->VM-118
 WARN 08-28 19:14:12,067 ExecutorChannelManagerMap:95 [pool-16-thread-6] - Cannot connnect VM-120<->VM-117
 WARN 08-28 19:14:12,067 ExecutorChannelManagerMap:95 [pool-16-thread-6] - Cannot connnect VM-120<->VM-116
 WARN 08-28 19:14:12,067 ExecutorChannelManagerMap:95 [pool-16-thread-6] - Cannot connnect VM-120<->VM-19
 WARN 08-28 19:14:12,067 ExecutorChannelManagerMap:95 [pool-16-thread-6] - Cannot connnect VM-120<->VM-18
 WARN 08-28 19:14:12,068 ExecutorChannelManagerMap:95 [pool-16-thread-6] - Cannot connnect VM-120<->VM-17
 WARN 08-28 19:14:12,068 ExecutorChannelManagerMap:95 [pool-16-thread-6] - Cannot connnect VM-120<->VM-16
 WARN 08-28 19:14:12,068 ExecutorChannelManagerMap:95 [pool-16-thread-6] - Cannot connnect VM-120<->VM-15
 WARN 08-28 19:14:12,068 ExecutorChannelManagerMap:95 [pool-16-thread-6] - Cannot connnect VM-120<->VM-14
 WARN 08-28 19:14:12,068 ExecutorChannelManagerMap:95 [pool-16-thread-6] - Cannot connnect VM-120<->VM-13
 WARN 08-28 19:14:12,068 ExecutorChannelManagerMap:95 [pool-16-thread-6] - Cannot connnect VM-120<->VM-12
 WARN 08-28 19:14:12,068 ExecutorChannelManagerMap:95 [pool-16-thread-6] - Cannot connnect VM-120<->VM-11
 WARN 08-28 19:14:12,068 ExecutorChannelManagerMap:95 [pool-16-thread-6] - Cannot connnect VM-120<->VM-99
 WARN 08-28 19:14:12,068 ExecutorChannelManagerMap:95 [pool-16-thread-6] - Cannot connnect VM-120<->VM-10
 WARN 08-28 19:14:12,068 ExecutorChannelManagerMap:95 [pool-16-thread-6] - Cannot connnect VM-120<->VM-98
 WARN 08-28 19:14:12,068 ExecutorChannelManagerMap:95 [pool-16-thread-6] - Cannot connnect VM-120<->VM-97
 WARN 08-28 19:14:12,068 ExecutorChannelManagerMap:95 [pool-16-thread-6] - Cannot connnect VM-120<->VM-96
 WARN 08-28 19:14:12,068 ExecutorChannelManagerMap:95 [pool-16-thread-6] - Cannot connnect VM-120<->VM-90
 WARN 08-28 19:14:12,068 ExecutorChannelManagerMap:95 [pool-16-thread-6] - Cannot connnect VM-120<->VM-69
 WARN 08-28 19:14:12,068 ExecutorChannelManagerMap:95 [pool-16-thread-6] - Cannot connnect VM-120<->VM-68
 WARN 08-28 19:14:12,068 ExecutorChannelManagerMap:95 [pool-16-thread-6] - Cannot connnect VM-120<->VM-67
 WARN 08-28 19:14:12,068 ExecutorChannelManagerMap:95 [pool-16-thread-6] - Cannot connnect VM-120<->VM-66
 WARN 08-28 19:14:12,068 ExecutorChannelManagerMap:95 [pool-16-thread-6] - Cannot connnect VM-120<->VM-65
 WARN 08-28 19:14:12,068 ExecutorChannelManagerMap:95 [pool-16-thread-6] - Cannot connnect VM-120<->VM-64
 WARN 08-28 19:14:12,068 ExecutorChannelManagerMap:95 [pool-16-thread-6] - Cannot connnect VM-120<->VM-63
 WARN 08-28 19:14:12,068 ExecutorChannelManagerMap:95 [pool-16-thread-6] - Cannot connnect VM-120<->VM-62
 WARN 08-28 19:14:12,068 ExecutorChannelManagerMap:95 [pool-16-thread-6] - Cannot connnect VM-120<->VM-61
 WARN 08-28 19:14:12,068 ExecutorChannelManagerMap:95 [pool-16-thread-6] - Cannot connnect VM-120<->VM-60
 WARN 08-28 19:14:12,068 ExecutorChannelManagerMap:95 [pool-16-thread-6] - Cannot connnect VM-120<->VM-79
 WARN 08-28 19:14:12,068 ExecutorChannelManagerMap:95 [pool-16-thread-6] - Cannot connnect VM-120<->VM-78
 WARN 08-28 19:14:12,068 ExecutorChannelManagerMap:95 [pool-16-thread-6] - Cannot connnect VM-120<->VM-77
 WARN 08-28 19:14:12,068 ExecutorChannelManagerMap:95 [pool-16-thread-6] - Cannot connnect VM-120<->VM-76
 WARN 08-28 19:14:12,068 ExecutorChannelManagerMap:95 [pool-16-thread-6] - Cannot connnect VM-120<->VM-75
 WARN 08-28 19:14:12,068 ExecutorChannelManagerMap:95 [pool-16-thread-6] - Cannot connnect VM-120<->VM-74
 WARN 08-28 19:14:12,069 ExecutorChannelManagerMap:95 [pool-16-thread-6] - Cannot connnect VM-120<->VM-73
 WARN 08-28 19:14:12,069 ExecutorChannelManagerMap:95 [pool-16-thread-6] - Cannot connnect VM-120<->VM-72
 WARN 08-28 19:14:12,069 ExecutorChannelManagerMap:95 [pool-16-thread-6] - Cannot connnect VM-120<->VM-71
 WARN 08-28 19:14:12,069 ExecutorChannelManagerMap:95 [pool-16-thread-6] - Cannot connnect VM-120<->VM-70
 WARN 08-28 19:14:12,069 ExecutorChannelManagerMap:95 [pool-16-thread-6] - Cannot connnect VM-120<->VM-49
 WARN 08-28 19:14:12,069 ExecutorChannelManagerMap:95 [pool-16-thread-6] - Cannot connnect VM-120<->VM-48
 WARN 08-28 19:14:12,069 ExecutorChannelManagerMap:95 [pool-16-thread-6] - Cannot connnect VM-120<->VM-47
 WARN 08-28 19:14:12,069 ExecutorChannelManagerMap:95 [pool-16-thread-6] - Cannot connnect VM-120<->VM-46
 WARN 08-28 19:14:12,069 ExecutorChannelManagerMap:95 [pool-16-thread-6] - Cannot connnect VM-120<->VM-45
 WARN 08-28 19:14:12,069 ExecutorChannelManagerMap:95 [pool-16-thread-6] - Cannot connnect VM-120<->VM-6
 WARN 08-28 19:14:12,069 ExecutorChannelManagerMap:95 [pool-16-thread-6] - Cannot connnect VM-120<->VM-44
 WARN 08-28 19:14:12,069 ExecutorChannelManagerMap:95 [pool-16-thread-6] - Cannot connnect VM-120<->VM-7
 WARN 08-28 19:14:12,069 ExecutorChannelManagerMap:95 [pool-16-thread-6] - Cannot connnect VM-120<->VM-43
 WARN 08-28 19:14:12,069 ExecutorChannelManagerMap:95 [pool-16-thread-6] - Cannot connnect VM-120<->VM-8
 WARN 08-28 19:14:12,069 ExecutorChannelManagerMap:95 [pool-16-thread-6] - Cannot connnect VM-120<->VM-42
 WARN 08-28 19:14:12,069 ExecutorChannelManagerMap:95 [pool-16-thread-6] - Cannot connnect VM-120<->VM-9
 WARN 08-28 19:14:12,069 ExecutorChannelManagerMap:95 [pool-16-thread-6] - Cannot connnect VM-120<->VM-41
 WARN 08-28 19:14:12,069 ExecutorChannelManagerMap:95 [pool-16-thread-6] - Cannot connnect VM-120<->VM-40
 WARN 08-28 19:14:12,069 ExecutorChannelManagerMap:95 [pool-16-thread-6] - Cannot connnect VM-120<->VM-59
 WARN 08-28 19:14:12,069 ExecutorChannelManagerMap:95 [pool-16-thread-6] - Cannot connnect VM-120<->VM-58
 WARN 08-28 19:14:12,069 ExecutorChannelManagerMap:95 [pool-16-thread-6] - Cannot connnect VM-120<->VM-57
 WARN 08-28 19:14:12,069 ExecutorChannelManagerMap:95 [pool-16-thread-6] - Cannot connnect VM-120<->VM-56
 WARN 08-28 19:14:12,069 ExecutorChannelManagerMap:95 [pool-16-thread-6] - Cannot connnect VM-120<->VM-55
 WARN 08-28 19:14:12,069 ExecutorChannelManagerMap:95 [pool-16-thread-6] - Cannot connnect VM-120<->VM-54
 WARN 08-28 19:14:12,069 ExecutorChannelManagerMap:95 [pool-16-thread-6] - Cannot connnect VM-120<->VM-53
 WARN 08-28 19:14:12,069 ExecutorChannelManagerMap:95 [pool-16-thread-6] - Cannot connnect VM-120<->VM-52
 WARN 08-28 19:14:12,069 ExecutorChannelManagerMap:95 [pool-16-thread-6] - Cannot connnect VM-120<->VM-51
 WARN 08-28 19:14:12,069 ExecutorChannelManagerMap:95 [pool-16-thread-6] - Cannot connnect VM-120<->VM-50
 WARN 08-28 19:14:12,070 ExecutorChannelManagerMap:95 [pool-16-thread-6] - Cannot connnect VM-120<->VM-1
 WARN 08-28 19:14:12,070 ExecutorChannelManagerMap:95 [pool-16-thread-6] - Cannot connnect VM-120<->VM-2
 WARN 08-28 19:14:12,070 ExecutorChannelManagerMap:95 [pool-16-thread-6] - Cannot connnect VM-120<->VM-3
 WARN 08-28 19:14:12,070 ExecutorChannelManagerMap:95 [pool-16-thread-6] - Cannot connnect VM-120<->VM-4
 WARN 08-28 19:14:12,070 ExecutorChannelManagerMap:95 [pool-16-thread-6] - Cannot connnect VM-120<->VM-5
 WARN 08-28 19:14:12,070 ExecutorChannelManagerMap:95 [pool-16-thread-6] - Cannot connnect VM-120<->VM-29
 WARN 08-28 19:14:12,070 ExecutorChannelManagerMap:95 [pool-16-thread-6] - Cannot connnect VM-120<->VM-28
 WARN 08-28 19:14:12,070 ExecutorChannelManagerMap:95 [pool-16-thread-6] - Cannot connnect VM-120<->VM-27
 WARN 08-28 19:14:12,070 ExecutorChannelManagerMap:95 [pool-16-thread-6] - Cannot connnect VM-120<->VM-26
 WARN 08-28 19:14:12,070 ExecutorChannelManagerMap:95 [pool-16-thread-6] - Cannot connnect VM-120<->VM-25
 WARN 08-28 19:14:12,070 ExecutorChannelManagerMap:95 [pool-16-thread-6] - Cannot connnect VM-120<->VM-24
 WARN 08-28 19:14:12,070 ExecutorChannelManagerMap:95 [pool-16-thread-6] - Cannot connnect VM-120<->VM-23
 WARN 08-28 19:14:12,070 ExecutorChannelManagerMap:95 [pool-16-thread-6] - Cannot connnect VM-120<->VM-100
 WARN 08-28 19:14:12,070 ExecutorChannelManagerMap:95 [pool-16-thread-6] - Cannot connnect VM-120<->VM-22
 WARN 08-28 19:14:12,070 ExecutorChannelManagerMap:106 [pool-16-thread-6] - Executor Executor4 already registered
 WARN 08-28 19:14:12,070 ExecutorChannelManagerMap:95 [pool-16-thread-6] - Cannot connnect VM-120<->VM-21
 WARN 08-28 19:14:12,070 ExecutorChannelManagerMap:106 [pool-16-thread-6] - Executor Executor3 already registered
 WARN 08-28 19:14:12,070 ExecutorChannelManagerMap:95 [pool-16-thread-6] - Cannot connnect VM-120<->VM-20
 WARN 08-28 19:14:12,070 ExecutorChannelManagerMap:95 [pool-16-thread-6] - Cannot connnect VM-120<->VM-104
 WARN 08-28 19:14:12,070 ExecutorChannelManagerMap:95 [pool-16-thread-6] - Cannot connnect VM-120<->VM-103
 WARN 08-28 19:14:12,070 ExecutorChannelManagerMap:95 [pool-16-thread-6] - Cannot connnect VM-120<->VM-102
 WARN 08-28 19:14:12,070 ExecutorChannelManagerMap:95 [pool-16-thread-6] - Cannot connnect VM-120<->VM-101
 WARN 08-28 19:14:12,070 ExecutorChannelManagerMap:95 [pool-16-thread-6] - Cannot connnect VM-120<->VM-39
 WARN 08-28 19:14:12,070 ExecutorChannelManagerMap:95 [pool-16-thread-6] - Cannot connnect VM-120<->VM-38
 WARN 08-28 19:14:12,070 ExecutorChannelManagerMap:95 [pool-16-thread-6] - Cannot connnect VM-120<->VM-37
 WARN 08-28 19:14:12,070 ExecutorChannelManagerMap:95 [pool-16-thread-6] - Cannot connnect VM-120<->VM-36
 WARN 08-28 19:14:12,070 ExecutorChannelManagerMap:95 [pool-16-thread-6] - Cannot connnect VM-120<->VM-35
 WARN 08-28 19:14:12,070 ExecutorChannelManagerMap:95 [pool-16-thread-6] - Cannot connnect VM-120<->VM-34
 WARN 08-28 19:14:12,071 ExecutorChannelManagerMap:95 [pool-16-thread-6] - Cannot connnect VM-120<->VM-111
 WARN 08-28 19:14:12,071 ExecutorChannelManagerMap:95 [pool-16-thread-6] - Cannot connnect VM-120<->VM-33
 WARN 08-28 19:14:12,071 ExecutorChannelManagerMap:95 [pool-16-thread-6] - Cannot connnect VM-120<->VM-110
 WARN 08-28 19:14:12,071 ExecutorChannelManagerMap:95 [pool-16-thread-6] - Cannot connnect VM-120<->VM-32
 WARN 08-28 19:14:12,071 ExecutorChannelManagerMap:95 [pool-16-thread-6] - Cannot connnect VM-120<->VM-31
 WARN 08-28 19:14:12,071 ExecutorChannelManagerMap:95 [pool-16-thread-6] - Cannot connnect VM-120<->VM-30
 WARN 08-28 19:14:12,071 ExecutorChannelManagerMap:95 [pool-16-thread-6] - Cannot connnect VM-120<->VM-115
 WARN 08-28 19:14:12,071 ExecutorChannelManagerMap:95 [pool-16-thread-6] - Cannot connnect VM-120<->VM-114
 WARN 08-28 19:14:12,071 ExecutorChannelManagerMap:95 [pool-16-thread-6] - Cannot connnect VM-120<->VM-113
 WARN 08-28 19:14:12,071 ExecutorChannelManagerMap:95 [pool-16-thread-6] - Cannot connnect VM-120<->VM-112
 WARN 08-28 19:14:12,071 ExecutorChannelManagerMap:95 [pool-16-thread-6] - Cannot connnect VM-120<->VM-108
 WARN 08-28 19:14:12,071 ExecutorChannelManagerMap:95 [pool-16-thread-6] - Cannot connnect VM-120<->VM-107
 WARN 08-28 19:14:12,071 ExecutorChannelManagerMap:95 [pool-16-thread-6] - Cannot connnect VM-120<->VM-106
 WARN 08-28 19:14:12,071 ExecutorChannelManagerMap:95 [pool-16-thread-6] - Cannot connnect VM-120<->VM-105
 WARN 08-28 19:14:12,071 ExecutorChannelManagerMap:106 [pool-16-thread-6] - Executor Executor2 already registered
 WARN 08-28 19:14:12,071 ExecutorChannelManagerMap:106 [pool-16-thread-6] - Executor Executor1 already registered
 WARN 08-28 19:14:12,071 ExecutorChannelManagerMap:106 [pool-16-thread-6] - Executor Executor0 already registered
 WARN 08-28 19:14:12,071 ExecutorChannelManagerMap:95 [pool-16-thread-6] - Cannot connnect VM-120<->VM-109
 INFO 08-28 19:14:12,039 Executor$ExecutorMessageReceiver:1433 [pool-16-thread-2] - Executor registered message received VM-89,VM-122,VM-88,VM-121,VM-87,VM-86,VM-85,VM-84,VM-83,VM-124,VM-82,VM-123,VM-81,VM-119,VM-80,VM-118,VM-117,VM-116,VM-19,VM-18,VM-17,VM-16,VM-15,VM-14,VM-13,VM-12,VM-11,VM-10,VM-90,VM-69,VM-68,VM-67,VM-66,VM-65,VM-64,VM-63,VM-62,VM-61,VM-60,VM-79,VM-78,VM-77,VM-76,VM-75,VM-74,VM-73,VM-72,VM-71,VM-70,VM-49,VM-48,VM-47,VM-46,VM-45,VM-6,VM-44,VM-7,VM-43,VM-8,VM-42,VM-9,VM-41,VM-40,VM-59,VM-58,VM-57,VM-56,VM-55,VM-54,VM-53,VM-52,VM-51,VM-50,VM-1,VM-2,VM-3,VM-5,VM-29,VM-28,VM-27,VM-26,VM-25,VM-24,VM-23,VM-22,Executor4,VM-21,Executor3,VM-20,VM-39,VM-38,VM-37,VM-36,VM-35,VM-34,VM-111,VM-33,VM-110,VM-32,VM-31,VM-30,VM-115,VM-114,VM-113,VM-112,VM-108,Executor2,Executor1,Executor0,VM-109
 WARN 08-28 19:14:12,072 ExecutorChannelManagerMap:95 [pool-16-thread-2] - Cannot connnect VM-120<->VM-89
 WARN 08-28 19:14:12,072 ExecutorChannelManagerMap:95 [pool-16-thread-2] - Cannot connnect VM-120<->VM-122
 WARN 08-28 19:14:12,072 ExecutorChannelManagerMap:95 [pool-16-thread-2] - Cannot connnect VM-120<->VM-88
 WARN 08-28 19:14:12,072 ExecutorChannelManagerMap:95 [pool-16-thread-2] - Cannot connnect VM-120<->VM-121
 WARN 08-28 19:14:12,072 ExecutorChannelManagerMap:95 [pool-16-thread-2] - Cannot connnect VM-120<->VM-87
 WARN 08-28 19:14:12,072 ExecutorChannelManagerMap:95 [pool-16-thread-2] - Cannot connnect VM-120<->VM-86
 WARN 08-28 19:14:12,072 ExecutorChannelManagerMap:95 [pool-16-thread-2] - Cannot connnect VM-120<->VM-85
 WARN 08-28 19:14:12,072 ExecutorChannelManagerMap:95 [pool-16-thread-2] - Cannot connnect VM-120<->VM-84
 WARN 08-28 19:14:12,072 ExecutorChannelManagerMap:95 [pool-16-thread-2] - Cannot connnect VM-120<->VM-83
 WARN 08-28 19:14:12,072 ExecutorChannelManagerMap:95 [pool-16-thread-2] - Cannot connnect VM-120<->VM-124
 WARN 08-28 19:14:12,072 ExecutorChannelManagerMap:95 [pool-16-thread-2] - Cannot connnect VM-120<->VM-82
 WARN 08-28 19:14:12,072 ExecutorChannelManagerMap:95 [pool-16-thread-2] - Cannot connnect VM-120<->VM-123
 WARN 08-28 19:14:12,072 ExecutorChannelManagerMap:95 [pool-16-thread-2] - Cannot connnect VM-120<->VM-81
 WARN 08-28 19:14:12,072 ExecutorChannelManagerMap:95 [pool-16-thread-2] - Cannot connnect VM-120<->VM-119
 WARN 08-28 19:14:12,072 ExecutorChannelManagerMap:95 [pool-16-thread-2] - Cannot connnect VM-120<->VM-80
 WARN 08-28 19:14:12,072 ExecutorChannelManagerMap:95 [pool-16-thread-2] - Cannot connnect VM-120<->VM-118
 WARN 08-28 19:14:12,072 ExecutorChannelManagerMap:95 [pool-16-thread-2] - Cannot connnect VM-120<->VM-117
 WARN 08-28 19:14:12,072 ExecutorChannelManagerMap:95 [pool-16-thread-2] - Cannot connnect VM-120<->VM-116
 WARN 08-28 19:14:12,072 ExecutorChannelManagerMap:95 [pool-16-thread-2] - Cannot connnect VM-120<->VM-19
 WARN 08-28 19:14:12,073 ExecutorChannelManagerMap:95 [pool-16-thread-2] - Cannot connnect VM-120<->VM-18
 WARN 08-28 19:14:12,073 ExecutorChannelManagerMap:95 [pool-16-thread-2] - Cannot connnect VM-120<->VM-17
 WARN 08-28 19:14:12,073 ExecutorChannelManagerMap:95 [pool-16-thread-2] - Cannot connnect VM-120<->VM-16
 WARN 08-28 19:14:12,073 ExecutorChannelManagerMap:95 [pool-16-thread-2] - Cannot connnect VM-120<->VM-15
 WARN 08-28 19:14:12,073 ExecutorChannelManagerMap:95 [pool-16-thread-2] - Cannot connnect VM-120<->VM-14
 WARN 08-28 19:14:12,073 ExecutorChannelManagerMap:95 [pool-16-thread-2] - Cannot connnect VM-120<->VM-13
 WARN 08-28 19:14:12,073 ExecutorChannelManagerMap:95 [pool-16-thread-2] - Cannot connnect VM-120<->VM-12
 WARN 08-28 19:14:12,073 ExecutorChannelManagerMap:95 [pool-16-thread-2] - Cannot connnect VM-120<->VM-11
 WARN 08-28 19:14:12,073 ExecutorChannelManagerMap:95 [pool-16-thread-2] - Cannot connnect VM-120<->VM-10
 WARN 08-28 19:14:12,073 ExecutorChannelManagerMap:95 [pool-16-thread-2] - Cannot connnect VM-120<->VM-90
 WARN 08-28 19:14:12,073 ExecutorChannelManagerMap:95 [pool-16-thread-2] - Cannot connnect VM-120<->VM-69
 WARN 08-28 19:14:12,073 ExecutorChannelManagerMap:95 [pool-16-thread-2] - Cannot connnect VM-120<->VM-68
 WARN 08-28 19:14:12,073 ExecutorChannelManagerMap:95 [pool-16-thread-2] - Cannot connnect VM-120<->VM-67
 WARN 08-28 19:14:12,073 ExecutorChannelManagerMap:95 [pool-16-thread-2] - Cannot connnect VM-120<->VM-66
 WARN 08-28 19:14:12,073 ExecutorChannelManagerMap:95 [pool-16-thread-2] - Cannot connnect VM-120<->VM-65
 WARN 08-28 19:14:12,073 ExecutorChannelManagerMap:95 [pool-16-thread-2] - Cannot connnect VM-120<->VM-64
 WARN 08-28 19:14:12,073 ExecutorChannelManagerMap:95 [pool-16-thread-2] - Cannot connnect VM-120<->VM-63
 WARN 08-28 19:14:12,073 ExecutorChannelManagerMap:95 [pool-16-thread-2] - Cannot connnect VM-120<->VM-62
 WARN 08-28 19:14:12,073 ExecutorChannelManagerMap:95 [pool-16-thread-2] - Cannot connnect VM-120<->VM-61
 WARN 08-28 19:14:12,073 ExecutorChannelManagerMap:95 [pool-16-thread-2] - Cannot connnect VM-120<->VM-60
 WARN 08-28 19:14:12,073 ExecutorChannelManagerMap:95 [pool-16-thread-2] - Cannot connnect VM-120<->VM-79
 WARN 08-28 19:14:12,073 ExecutorChannelManagerMap:95 [pool-16-thread-2] - Cannot connnect VM-120<->VM-78
 WARN 08-28 19:14:12,073 ExecutorChannelManagerMap:95 [pool-16-thread-2] - Cannot connnect VM-120<->VM-77
 WARN 08-28 19:14:12,073 ExecutorChannelManagerMap:95 [pool-16-thread-2] - Cannot connnect VM-120<->VM-76
 WARN 08-28 19:14:12,073 ExecutorChannelManagerMap:95 [pool-16-thread-2] - Cannot connnect VM-120<->VM-75
 WARN 08-28 19:14:12,073 ExecutorChannelManagerMap:95 [pool-16-thread-2] - Cannot connnect VM-120<->VM-74
 WARN 08-28 19:14:12,073 ExecutorChannelManagerMap:95 [pool-16-thread-2] - Cannot connnect VM-120<->VM-73
 WARN 08-28 19:14:12,073 ExecutorChannelManagerMap:95 [pool-16-thread-2] - Cannot connnect VM-120<->VM-72
 WARN 08-28 19:14:12,073 ExecutorChannelManagerMap:95 [pool-16-thread-2] - Cannot connnect VM-120<->VM-71
 WARN 08-28 19:14:12,074 ExecutorChannelManagerMap:95 [pool-16-thread-2] - Cannot connnect VM-120<->VM-70
 WARN 08-28 19:14:12,074 ExecutorChannelManagerMap:95 [pool-16-thread-2] - Cannot connnect VM-120<->VM-49
 WARN 08-28 19:14:12,074 ExecutorChannelManagerMap:95 [pool-16-thread-2] - Cannot connnect VM-120<->VM-48
 WARN 08-28 19:14:12,074 ExecutorChannelManagerMap:95 [pool-16-thread-2] - Cannot connnect VM-120<->VM-47
 WARN 08-28 19:14:12,074 ExecutorChannelManagerMap:95 [pool-16-thread-2] - Cannot connnect VM-120<->VM-46
 WARN 08-28 19:14:12,074 ExecutorChannelManagerMap:95 [pool-16-thread-2] - Cannot connnect VM-120<->VM-45
 WARN 08-28 19:14:12,074 ExecutorChannelManagerMap:95 [pool-16-thread-2] - Cannot connnect VM-120<->VM-6
 WARN 08-28 19:14:12,074 ExecutorChannelManagerMap:95 [pool-16-thread-2] - Cannot connnect VM-120<->VM-44
 WARN 08-28 19:14:12,074 ExecutorChannelManagerMap:95 [pool-16-thread-2] - Cannot connnect VM-120<->VM-7
 WARN 08-28 19:14:12,074 ExecutorChannelManagerMap:95 [pool-16-thread-2] - Cannot connnect VM-120<->VM-43
 WARN 08-28 19:14:12,074 ExecutorChannelManagerMap:95 [pool-16-thread-2] - Cannot connnect VM-120<->VM-8
 WARN 08-28 19:14:12,074 ExecutorChannelManagerMap:95 [pool-16-thread-2] - Cannot connnect VM-120<->VM-42
 WARN 08-28 19:14:12,074 ExecutorChannelManagerMap:95 [pool-16-thread-2] - Cannot connnect VM-120<->VM-9
 WARN 08-28 19:14:12,074 ExecutorChannelManagerMap:95 [pool-16-thread-2] - Cannot connnect VM-120<->VM-41
 WARN 08-28 19:14:12,074 ExecutorChannelManagerMap:95 [pool-16-thread-2] - Cannot connnect VM-120<->VM-40
 WARN 08-28 19:14:12,074 ExecutorChannelManagerMap:95 [pool-16-thread-2] - Cannot connnect VM-120<->VM-59
 WARN 08-28 19:14:12,074 ExecutorChannelManagerMap:95 [pool-16-thread-2] - Cannot connnect VM-120<->VM-58
 WARN 08-28 19:14:12,074 ExecutorChannelManagerMap:95 [pool-16-thread-2] - Cannot connnect VM-120<->VM-57
 WARN 08-28 19:14:12,074 ExecutorChannelManagerMap:95 [pool-16-thread-2] - Cannot connnect VM-120<->VM-56
 WARN 08-28 19:14:12,074 ExecutorChannelManagerMap:95 [pool-16-thread-2] - Cannot connnect VM-120<->VM-55
 WARN 08-28 19:14:12,074 ExecutorChannelManagerMap:95 [pool-16-thread-2] - Cannot connnect VM-120<->VM-54
 WARN 08-28 19:14:12,074 ExecutorChannelManagerMap:95 [pool-16-thread-2] - Cannot connnect VM-120<->VM-53
 WARN 08-28 19:14:12,074 ExecutorChannelManagerMap:95 [pool-16-thread-2] - Cannot connnect VM-120<->VM-52
 WARN 08-28 19:14:12,074 ExecutorChannelManagerMap:95 [pool-16-thread-2] - Cannot connnect VM-120<->VM-51
 WARN 08-28 19:14:12,074 ExecutorChannelManagerMap:95 [pool-16-thread-2] - Cannot connnect VM-120<->VM-50
 WARN 08-28 19:14:12,074 ExecutorChannelManagerMap:95 [pool-16-thread-2] - Cannot connnect VM-120<->VM-1
 WARN 08-28 19:14:12,074 ExecutorChannelManagerMap:95 [pool-16-thread-2] - Cannot connnect VM-120<->VM-2
 WARN 08-28 19:14:12,075 ExecutorChannelManagerMap:95 [pool-16-thread-2] - Cannot connnect VM-120<->VM-3
 WARN 08-28 19:14:12,075 ExecutorChannelManagerMap:95 [pool-16-thread-2] - Cannot connnect VM-120<->VM-5
 WARN 08-28 19:14:12,075 ExecutorChannelManagerMap:95 [pool-16-thread-2] - Cannot connnect VM-120<->VM-29
 WARN 08-28 19:14:12,075 ExecutorChannelManagerMap:95 [pool-16-thread-2] - Cannot connnect VM-120<->VM-28
 WARN 08-28 19:14:12,075 ExecutorChannelManagerMap:95 [pool-16-thread-2] - Cannot connnect VM-120<->VM-27
 WARN 08-28 19:14:12,075 ExecutorChannelManagerMap:95 [pool-16-thread-2] - Cannot connnect VM-120<->VM-26
 WARN 08-28 19:14:12,075 ExecutorChannelManagerMap:95 [pool-16-thread-2] - Cannot connnect VM-120<->VM-25
 WARN 08-28 19:14:12,075 ExecutorChannelManagerMap:95 [pool-16-thread-2] - Cannot connnect VM-120<->VM-24
 WARN 08-28 19:14:12,075 ExecutorChannelManagerMap:95 [pool-16-thread-2] - Cannot connnect VM-120<->VM-23
 WARN 08-28 19:14:12,075 ExecutorChannelManagerMap:95 [pool-16-thread-2] - Cannot connnect VM-120<->VM-22
 WARN 08-28 19:14:12,075 ExecutorChannelManagerMap:106 [pool-16-thread-2] - Executor Executor4 already registered
 WARN 08-28 19:14:12,075 ExecutorChannelManagerMap:95 [pool-16-thread-2] - Cannot connnect VM-120<->VM-21
 WARN 08-28 19:14:12,075 ExecutorChannelManagerMap:106 [pool-16-thread-2] - Executor Executor3 already registered
 WARN 08-28 19:14:12,075 ExecutorChannelManagerMap:95 [pool-16-thread-2] - Cannot connnect VM-120<->VM-20
 WARN 08-28 19:14:12,075 ExecutorChannelManagerMap:95 [pool-16-thread-2] - Cannot connnect VM-120<->VM-39
 WARN 08-28 19:14:12,075 ExecutorChannelManagerMap:95 [pool-16-thread-2] - Cannot connnect VM-120<->VM-38
 WARN 08-28 19:14:12,075 ExecutorChannelManagerMap:95 [pool-16-thread-2] - Cannot connnect VM-120<->VM-37
 WARN 08-28 19:14:12,075 ExecutorChannelManagerMap:95 [pool-16-thread-2] - Cannot connnect VM-120<->VM-36
 WARN 08-28 19:14:12,075 ExecutorChannelManagerMap:95 [pool-16-thread-2] - Cannot connnect VM-120<->VM-35
 WARN 08-28 19:14:12,075 ExecutorChannelManagerMap:95 [pool-16-thread-2] - Cannot connnect VM-120<->VM-34
 WARN 08-28 19:14:12,075 ExecutorChannelManagerMap:95 [pool-16-thread-2] - Cannot connnect VM-120<->VM-111
 WARN 08-28 19:14:12,075 ExecutorChannelManagerMap:95 [pool-16-thread-2] - Cannot connnect VM-120<->VM-33
 WARN 08-28 19:14:12,075 ExecutorChannelManagerMap:95 [pool-16-thread-2] - Cannot connnect VM-120<->VM-110
 WARN 08-28 19:14:12,075 ExecutorChannelManagerMap:95 [pool-16-thread-2] - Cannot connnect VM-120<->VM-32
 WARN 08-28 19:14:12,075 ExecutorChannelManagerMap:95 [pool-16-thread-2] - Cannot connnect VM-120<->VM-31
 WARN 08-28 19:14:12,075 ExecutorChannelManagerMap:95 [pool-16-thread-2] - Cannot connnect VM-120<->VM-30
 WARN 08-28 19:14:12,075 ExecutorChannelManagerMap:95 [pool-16-thread-2] - Cannot connnect VM-120<->VM-115
 WARN 08-28 19:14:12,075 ExecutorChannelManagerMap:95 [pool-16-thread-2] - Cannot connnect VM-120<->VM-114
 WARN 08-28 19:14:12,075 ExecutorChannelManagerMap:95 [pool-16-thread-2] - Cannot connnect VM-120<->VM-113
 WARN 08-28 19:14:12,075 ExecutorChannelManagerMap:95 [pool-16-thread-2] - Cannot connnect VM-120<->VM-112
 WARN 08-28 19:14:12,075 ExecutorChannelManagerMap:95 [pool-16-thread-2] - Cannot connnect VM-120<->VM-108
 WARN 08-28 19:14:12,076 ExecutorChannelManagerMap:106 [pool-16-thread-2] - Executor Executor2 already registered
 WARN 08-28 19:14:12,076 ExecutorChannelManagerMap:106 [pool-16-thread-2] - Executor Executor1 already registered
 WARN 08-28 19:14:12,076 ExecutorChannelManagerMap:106 [pool-16-thread-2] - Executor Executor0 already registered
 WARN 08-28 19:14:12,076 ExecutorChannelManagerMap:95 [pool-16-thread-2] - Cannot connnect VM-120<->VM-109
 INFO 08-28 19:14:12,039 Executor$ExecutorMessageReceiver:1433 [pool-16-thread-1] - Executor registered message received VM-89,VM-122,VM-88,VM-121,VM-87,VM-86,VM-85,VM-84,VM-83,VM-124,VM-82,VM-123,VM-81,VM-119,VM-80,VM-118,VM-117,VM-116,VM-19,VM-18,VM-17,VM-16,VM-15,VM-14,VM-13,VM-12,VM-11,VM-10,VM-90,VM-69,VM-68,VM-67,VM-66,VM-65,VM-64,VM-63,VM-62,VM-61,VM-60,VM-79,VM-78,VM-77,VM-76,VM-75,VM-74,VM-73,VM-72,VM-71,VM-70,VM-49,VM-48,VM-47,VM-46,VM-45,VM-6,VM-44,VM-7,VM-43,VM-8,VM-42,VM-9,VM-41,VM-40,VM-59,VM-58,VM-57,VM-56,VM-55,VM-54,VM-53,VM-52,VM-51,VM-50,VM-1,VM-2,VM-3,VM-4,VM-5,VM-29,VM-28,VM-27,VM-26,VM-25,VM-24,VM-23,VM-22,Executor4,VM-21,Executor3,VM-20,VM-104,VM-103,VM-102,VM-101,VM-39,VM-38,VM-37,VM-36,VM-35,VM-34,VM-111,VM-33,VM-110,VM-32,VM-31,VM-30,VM-115,VM-114,VM-113,VM-112,VM-108,VM-107,VM-106,VM-105,Executor2,Executor1,Executor0,VM-109
 WARN 08-28 19:14:12,076 ExecutorChannelManagerMap:95 [pool-16-thread-1] - Cannot connnect VM-120<->VM-89
 WARN 08-28 19:14:12,076 ExecutorChannelManagerMap:95 [pool-16-thread-1] - Cannot connnect VM-120<->VM-122
 WARN 08-28 19:14:12,076 ExecutorChannelManagerMap:95 [pool-16-thread-1] - Cannot connnect VM-120<->VM-88
 WARN 08-28 19:14:12,076 ExecutorChannelManagerMap:95 [pool-16-thread-1] - Cannot connnect VM-120<->VM-121
 WARN 08-28 19:14:12,076 ExecutorChannelManagerMap:95 [pool-16-thread-1] - Cannot connnect VM-120<->VM-87
 WARN 08-28 19:14:12,076 ExecutorChannelManagerMap:95 [pool-16-thread-1] - Cannot connnect VM-120<->VM-86
 WARN 08-28 19:14:12,076 ExecutorChannelManagerMap:95 [pool-16-thread-1] - Cannot connnect VM-120<->VM-85
 WARN 08-28 19:14:12,076 ExecutorChannelManagerMap:95 [pool-16-thread-1] - Cannot connnect VM-120<->VM-84
 WARN 08-28 19:14:12,076 ExecutorChannelManagerMap:95 [pool-16-thread-1] - Cannot connnect VM-120<->VM-83
 WARN 08-28 19:14:12,076 ExecutorChannelManagerMap:95 [pool-16-thread-1] - Cannot connnect VM-120<->VM-124
 WARN 08-28 19:14:12,076 ExecutorChannelManagerMap:95 [pool-16-thread-1] - Cannot connnect VM-120<->VM-82
 WARN 08-28 19:14:12,076 ExecutorChannelManagerMap:95 [pool-16-thread-1] - Cannot connnect VM-120<->VM-123
 WARN 08-28 19:14:12,076 ExecutorChannelManagerMap:95 [pool-16-thread-1] - Cannot connnect VM-120<->VM-81
 WARN 08-28 19:14:12,076 ExecutorChannelManagerMap:95 [pool-16-thread-1] - Cannot connnect VM-120<->VM-119
 WARN 08-28 19:14:12,076 ExecutorChannelManagerMap:95 [pool-16-thread-1] - Cannot connnect VM-120<->VM-80
 WARN 08-28 19:14:12,076 ExecutorChannelManagerMap:95 [pool-16-thread-1] - Cannot connnect VM-120<->VM-118
 WARN 08-28 19:14:12,076 ExecutorChannelManagerMap:95 [pool-16-thread-1] - Cannot connnect VM-120<->VM-117
 WARN 08-28 19:14:12,076 ExecutorChannelManagerMap:95 [pool-16-thread-1] - Cannot connnect VM-120<->VM-116
 WARN 08-28 19:14:12,076 ExecutorChannelManagerMap:95 [pool-16-thread-1] - Cannot connnect VM-120<->VM-19
 WARN 08-28 19:14:12,076 ExecutorChannelManagerMap:95 [pool-16-thread-1] - Cannot connnect VM-120<->VM-18
 WARN 08-28 19:14:12,076 ExecutorChannelManagerMap:95 [pool-16-thread-1] - Cannot connnect VM-120<->VM-17
 WARN 08-28 19:14:12,076 ExecutorChannelManagerMap:95 [pool-16-thread-1] - Cannot connnect VM-120<->VM-16
 WARN 08-28 19:14:12,076 ExecutorChannelManagerMap:95 [pool-16-thread-1] - Cannot connnect VM-120<->VM-15
 WARN 08-28 19:14:12,076 ExecutorChannelManagerMap:95 [pool-16-thread-1] - Cannot connnect VM-120<->VM-14
 WARN 08-28 19:14:12,077 ExecutorChannelManagerMap:95 [pool-16-thread-1] - Cannot connnect VM-120<->VM-13
 WARN 08-28 19:14:12,077 ExecutorChannelManagerMap:95 [pool-16-thread-1] - Cannot connnect VM-120<->VM-12
 WARN 08-28 19:14:12,077 ExecutorChannelManagerMap:95 [pool-16-thread-1] - Cannot connnect VM-120<->VM-11
 WARN 08-28 19:14:12,077 ExecutorChannelManagerMap:95 [pool-16-thread-1] - Cannot connnect VM-120<->VM-10
 WARN 08-28 19:14:12,077 ExecutorChannelManagerMap:95 [pool-16-thread-1] - Cannot connnect VM-120<->VM-90
 WARN 08-28 19:14:12,077 ExecutorChannelManagerMap:95 [pool-16-thread-1] - Cannot connnect VM-120<->VM-69
 WARN 08-28 19:14:12,077 ExecutorChannelManagerMap:95 [pool-16-thread-1] - Cannot connnect VM-120<->VM-68
 WARN 08-28 19:14:12,077 ExecutorChannelManagerMap:95 [pool-16-thread-1] - Cannot connnect VM-120<->VM-67
 WARN 08-28 19:14:12,077 ExecutorChannelManagerMap:95 [pool-16-thread-1] - Cannot connnect VM-120<->VM-66
 WARN 08-28 19:14:12,077 ExecutorChannelManagerMap:95 [pool-16-thread-1] - Cannot connnect VM-120<->VM-65
 WARN 08-28 19:14:12,077 ExecutorChannelManagerMap:95 [pool-16-thread-1] - Cannot connnect VM-120<->VM-64
 WARN 08-28 19:14:12,077 ExecutorChannelManagerMap:95 [pool-16-thread-1] - Cannot connnect VM-120<->VM-63
 WARN 08-28 19:14:12,077 ExecutorChannelManagerMap:95 [pool-16-thread-1] - Cannot connnect VM-120<->VM-62
 WARN 08-28 19:14:12,077 ExecutorChannelManagerMap:95 [pool-16-thread-1] - Cannot connnect VM-120<->VM-61
 WARN 08-28 19:14:12,077 ExecutorChannelManagerMap:95 [pool-16-thread-1] - Cannot connnect VM-120<->VM-60
 WARN 08-28 19:14:12,077 ExecutorChannelManagerMap:95 [pool-16-thread-1] - Cannot connnect VM-120<->VM-79
 WARN 08-28 19:14:12,077 ExecutorChannelManagerMap:95 [pool-16-thread-1] - Cannot connnect VM-120<->VM-78
 WARN 08-28 19:14:12,077 ExecutorChannelManagerMap:95 [pool-16-thread-1] - Cannot connnect VM-120<->VM-77
 WARN 08-28 19:14:12,077 ExecutorChannelManagerMap:95 [pool-16-thread-1] - Cannot connnect VM-120<->VM-76
 WARN 08-28 19:14:12,077 ExecutorChannelManagerMap:95 [pool-16-thread-1] - Cannot connnect VM-120<->VM-75
 WARN 08-28 19:14:12,077 ExecutorChannelManagerMap:95 [pool-16-thread-1] - Cannot connnect VM-120<->VM-74
 WARN 08-28 19:14:12,077 ExecutorChannelManagerMap:95 [pool-16-thread-1] - Cannot connnect VM-120<->VM-73
 WARN 08-28 19:14:12,077 ExecutorChannelManagerMap:95 [pool-16-thread-1] - Cannot connnect VM-120<->VM-72
 WARN 08-28 19:14:12,077 ExecutorChannelManagerMap:95 [pool-16-thread-1] - Cannot connnect VM-120<->VM-71
 WARN 08-28 19:14:12,077 ExecutorChannelManagerMap:95 [pool-16-thread-1] - Cannot connnect VM-120<->VM-70
 WARN 08-28 19:14:12,077 ExecutorChannelManagerMap:95 [pool-16-thread-1] - Cannot connnect VM-120<->VM-49
 WARN 08-28 19:14:12,077 ExecutorChannelManagerMap:95 [pool-16-thread-1] - Cannot connnect VM-120<->VM-48
 WARN 08-28 19:14:12,077 ExecutorChannelManagerMap:95 [pool-16-thread-1] - Cannot connnect VM-120<->VM-47
 WARN 08-28 19:14:12,078 ExecutorChannelManagerMap:95 [pool-16-thread-1] - Cannot connnect VM-120<->VM-46
 WARN 08-28 19:14:12,078 ExecutorChannelManagerMap:95 [pool-16-thread-1] - Cannot connnect VM-120<->VM-45
 WARN 08-28 19:14:12,078 ExecutorChannelManagerMap:95 [pool-16-thread-1] - Cannot connnect VM-120<->VM-6
 WARN 08-28 19:14:12,078 ExecutorChannelManagerMap:95 [pool-16-thread-1] - Cannot connnect VM-120<->VM-44
 WARN 08-28 19:14:12,078 ExecutorChannelManagerMap:95 [pool-16-thread-1] - Cannot connnect VM-120<->VM-7
 WARN 08-28 19:14:12,078 ExecutorChannelManagerMap:95 [pool-16-thread-1] - Cannot connnect VM-120<->VM-43
 WARN 08-28 19:14:12,078 ExecutorChannelManagerMap:95 [pool-16-thread-1] - Cannot connnect VM-120<->VM-8
 WARN 08-28 19:14:12,078 ExecutorChannelManagerMap:95 [pool-16-thread-1] - Cannot connnect VM-120<->VM-42
 WARN 08-28 19:14:12,078 ExecutorChannelManagerMap:95 [pool-16-thread-1] - Cannot connnect VM-120<->VM-9
 WARN 08-28 19:14:12,078 ExecutorChannelManagerMap:95 [pool-16-thread-1] - Cannot connnect VM-120<->VM-41
 WARN 08-28 19:14:12,078 ExecutorChannelManagerMap:95 [pool-16-thread-1] - Cannot connnect VM-120<->VM-40
 WARN 08-28 19:14:12,078 ExecutorChannelManagerMap:95 [pool-16-thread-1] - Cannot connnect VM-120<->VM-59
 WARN 08-28 19:14:12,078 ExecutorChannelManagerMap:95 [pool-16-thread-1] - Cannot connnect VM-120<->VM-58
 WARN 08-28 19:14:12,078 ExecutorChannelManagerMap:95 [pool-16-thread-1] - Cannot connnect VM-120<->VM-57
 WARN 08-28 19:14:12,078 ExecutorChannelManagerMap:95 [pool-16-thread-1] - Cannot connnect VM-120<->VM-56
 WARN 08-28 19:14:12,078 ExecutorChannelManagerMap:95 [pool-16-thread-1] - Cannot connnect VM-120<->VM-55
 WARN 08-28 19:14:12,078 ExecutorChannelManagerMap:95 [pool-16-thread-1] - Cannot connnect VM-120<->VM-54
 WARN 08-28 19:14:12,078 ExecutorChannelManagerMap:95 [pool-16-thread-1] - Cannot connnect VM-120<->VM-53
 WARN 08-28 19:14:12,078 ExecutorChannelManagerMap:95 [pool-16-thread-1] - Cannot connnect VM-120<->VM-52
 WARN 08-28 19:14:12,078 ExecutorChannelManagerMap:95 [pool-16-thread-1] - Cannot connnect VM-120<->VM-51
 WARN 08-28 19:14:12,078 ExecutorChannelManagerMap:95 [pool-16-thread-1] - Cannot connnect VM-120<->VM-50
 WARN 08-28 19:14:12,078 ExecutorChannelManagerMap:95 [pool-16-thread-1] - Cannot connnect VM-120<->VM-1
 WARN 08-28 19:14:12,078 ExecutorChannelManagerMap:95 [pool-16-thread-1] - Cannot connnect VM-120<->VM-2
 WARN 08-28 19:14:12,078 ExecutorChannelManagerMap:95 [pool-16-thread-1] - Cannot connnect VM-120<->VM-3
 WARN 08-28 19:14:12,078 ExecutorChannelManagerMap:95 [pool-16-thread-1] - Cannot connnect VM-120<->VM-4
 WARN 08-28 19:14:12,078 ExecutorChannelManagerMap:95 [pool-16-thread-1] - Cannot connnect VM-120<->VM-5
 WARN 08-28 19:14:12,078 ExecutorChannelManagerMap:95 [pool-16-thread-1] - Cannot connnect VM-120<->VM-29
 WARN 08-28 19:14:12,078 ExecutorChannelManagerMap:95 [pool-16-thread-1] - Cannot connnect VM-120<->VM-28
 WARN 08-28 19:14:12,078 ExecutorChannelManagerMap:95 [pool-16-thread-1] - Cannot connnect VM-120<->VM-27
 WARN 08-28 19:14:12,078 ExecutorChannelManagerMap:95 [pool-16-thread-1] - Cannot connnect VM-120<->VM-26
 WARN 08-28 19:14:12,078 ExecutorChannelManagerMap:95 [pool-16-thread-1] - Cannot connnect VM-120<->VM-25
 WARN 08-28 19:14:12,078 ExecutorChannelManagerMap:95 [pool-16-thread-1] - Cannot connnect VM-120<->VM-24
 WARN 08-28 19:14:12,078 ExecutorChannelManagerMap:95 [pool-16-thread-1] - Cannot connnect VM-120<->VM-23
 WARN 08-28 19:14:12,079 ExecutorChannelManagerMap:95 [pool-16-thread-1] - Cannot connnect VM-120<->VM-22
 WARN 08-28 19:14:12,079 ExecutorChannelManagerMap:106 [pool-16-thread-1] - Executor Executor4 already registered
 WARN 08-28 19:14:12,079 ExecutorChannelManagerMap:95 [pool-16-thread-1] - Cannot connnect VM-120<->VM-21
 WARN 08-28 19:14:12,079 ExecutorChannelManagerMap:106 [pool-16-thread-1] - Executor Executor3 already registered
 WARN 08-28 19:14:12,079 ExecutorChannelManagerMap:95 [pool-16-thread-1] - Cannot connnect VM-120<->VM-20
 WARN 08-28 19:14:12,079 ExecutorChannelManagerMap:95 [pool-16-thread-1] - Cannot connnect VM-120<->VM-104
 WARN 08-28 19:14:12,079 ExecutorChannelManagerMap:95 [pool-16-thread-1] - Cannot connnect VM-120<->VM-103
 WARN 08-28 19:14:12,079 ExecutorChannelManagerMap:95 [pool-16-thread-1] - Cannot connnect VM-120<->VM-102
 WARN 08-28 19:14:12,079 ExecutorChannelManagerMap:95 [pool-16-thread-1] - Cannot connnect VM-120<->VM-101
 WARN 08-28 19:14:12,079 ExecutorChannelManagerMap:95 [pool-16-thread-1] - Cannot connnect VM-120<->VM-39
 WARN 08-28 19:14:12,079 ExecutorChannelManagerMap:95 [pool-16-thread-1] - Cannot connnect VM-120<->VM-38
 WARN 08-28 19:14:12,079 ExecutorChannelManagerMap:95 [pool-16-thread-1] - Cannot connnect VM-120<->VM-37
 WARN 08-28 19:14:12,079 ExecutorChannelManagerMap:95 [pool-16-thread-1] - Cannot connnect VM-120<->VM-36
 WARN 08-28 19:14:12,079 ExecutorChannelManagerMap:95 [pool-16-thread-1] - Cannot connnect VM-120<->VM-35
 WARN 08-28 19:14:12,079 ExecutorChannelManagerMap:95 [pool-16-thread-1] - Cannot connnect VM-120<->VM-34
 WARN 08-28 19:14:12,079 ExecutorChannelManagerMap:95 [pool-16-thread-1] - Cannot connnect VM-120<->VM-111
 WARN 08-28 19:14:12,079 ExecutorChannelManagerMap:95 [pool-16-thread-1] - Cannot connnect VM-120<->VM-33
 WARN 08-28 19:14:12,079 ExecutorChannelManagerMap:95 [pool-16-thread-1] - Cannot connnect VM-120<->VM-110
 WARN 08-28 19:14:12,079 ExecutorChannelManagerMap:95 [pool-16-thread-1] - Cannot connnect VM-120<->VM-32
 WARN 08-28 19:14:12,079 ExecutorChannelManagerMap:95 [pool-16-thread-1] - Cannot connnect VM-120<->VM-31
 WARN 08-28 19:14:12,079 ExecutorChannelManagerMap:95 [pool-16-thread-1] - Cannot connnect VM-120<->VM-30
 WARN 08-28 19:14:12,079 ExecutorChannelManagerMap:95 [pool-16-thread-1] - Cannot connnect VM-120<->VM-115
 WARN 08-28 19:14:12,079 ExecutorChannelManagerMap:95 [pool-16-thread-1] - Cannot connnect VM-120<->VM-114
 WARN 08-28 19:14:12,079 ExecutorChannelManagerMap:95 [pool-16-thread-1] - Cannot connnect VM-120<->VM-113
 WARN 08-28 19:14:12,079 ExecutorChannelManagerMap:95 [pool-16-thread-1] - Cannot connnect VM-120<->VM-112
 WARN 08-28 19:14:12,079 ExecutorChannelManagerMap:95 [pool-16-thread-1] - Cannot connnect VM-120<->VM-108
 WARN 08-28 19:14:12,079 ExecutorChannelManagerMap:95 [pool-16-thread-1] - Cannot connnect VM-120<->VM-107
 WARN 08-28 19:14:12,079 ExecutorChannelManagerMap:95 [pool-16-thread-1] - Cannot connnect VM-120<->VM-106
 WARN 08-28 19:14:12,080 ExecutorChannelManagerMap:95 [pool-16-thread-1] - Cannot connnect VM-120<->VM-105
 WARN 08-28 19:14:12,080 ExecutorChannelManagerMap:106 [pool-16-thread-1] - Executor Executor2 already registered
 WARN 08-28 19:14:12,080 ExecutorChannelManagerMap:106 [pool-16-thread-1] - Executor Executor1 already registered
 WARN 08-28 19:14:12,080 ExecutorChannelManagerMap:106 [pool-16-thread-1] - Executor Executor0 already registered
 WARN 08-28 19:14:12,080 ExecutorChannelManagerMap:95 [pool-16-thread-1] - Cannot connnect VM-120<->VM-109
 INFO 08-28 19:14:12,039 Executor$ExecutorMessageReceiver:1433 [pool-16-thread-5] - Executor registered message received VM-89,VM-122,VM-88,VM-121,VM-87,VM-86,VM-85,VM-84,VM-83,VM-124,VM-82,VM-123,VM-81,VM-119,VM-80,VM-118,VM-117,VM-116,VM-19,VM-18,VM-17,VM-16,VM-15,VM-14,VM-13,VM-12,VM-11,VM-99,VM-10,VM-90,VM-69,VM-68,VM-67,VM-66,VM-65,VM-64,VM-63,VM-62,VM-61,VM-60,VM-79,VM-78,VM-77,VM-76,VM-75,VM-74,VM-73,VM-72,VM-71,VM-70,VM-49,VM-48,VM-47,VM-46,VM-45,VM-6,VM-44,VM-7,VM-43,VM-8,VM-42,VM-9,VM-41,VM-40,VM-59,VM-58,VM-57,VM-56,VM-55,VM-54,VM-53,VM-52,VM-51,VM-50,VM-1,VM-2,VM-3,VM-4,VM-5,VM-29,VM-28,VM-27,VM-26,VM-25,VM-24,VM-23,VM-100,VM-22,Executor4,VM-21,Executor3,VM-20,VM-104,VM-103,VM-102,VM-101,VM-39,VM-38,VM-37,VM-36,VM-35,VM-34,VM-111,VM-33,VM-110,VM-32,VM-31,VM-30,VM-115,VM-114,VM-113,VM-112,VM-108,VM-107,VM-106,VM-105,Executor2,Executor1,Executor0,VM-109
 WARN 08-28 19:14:12,080 ExecutorChannelManagerMap:95 [pool-16-thread-5] - Cannot connnect VM-120<->VM-89
 WARN 08-28 19:14:12,080 ExecutorChannelManagerMap:95 [pool-16-thread-5] - Cannot connnect VM-120<->VM-122
 WARN 08-28 19:14:12,080 ExecutorChannelManagerMap:95 [pool-16-thread-5] - Cannot connnect VM-120<->VM-88
 WARN 08-28 19:14:12,080 ExecutorChannelManagerMap:95 [pool-16-thread-5] - Cannot connnect VM-120<->VM-121
 WARN 08-28 19:14:12,080 ExecutorChannelManagerMap:95 [pool-16-thread-5] - Cannot connnect VM-120<->VM-87
 WARN 08-28 19:14:12,080 ExecutorChannelManagerMap:95 [pool-16-thread-5] - Cannot connnect VM-120<->VM-86
 WARN 08-28 19:14:12,080 ExecutorChannelManagerMap:95 [pool-16-thread-5] - Cannot connnect VM-120<->VM-85
 WARN 08-28 19:14:12,080 ExecutorChannelManagerMap:95 [pool-16-thread-5] - Cannot connnect VM-120<->VM-84
 WARN 08-28 19:14:12,080 ExecutorChannelManagerMap:95 [pool-16-thread-5] - Cannot connnect VM-120<->VM-83
 WARN 08-28 19:14:12,080 ExecutorChannelManagerMap:95 [pool-16-thread-5] - Cannot connnect VM-120<->VM-124
 WARN 08-28 19:14:12,080 ExecutorChannelManagerMap:95 [pool-16-thread-5] - Cannot connnect VM-120<->VM-82
 WARN 08-28 19:14:12,080 ExecutorChannelManagerMap:95 [pool-16-thread-5] - Cannot connnect VM-120<->VM-123
 WARN 08-28 19:14:12,080 ExecutorChannelManagerMap:95 [pool-16-thread-5] - Cannot connnect VM-120<->VM-81
 WARN 08-28 19:14:12,080 ExecutorChannelManagerMap:95 [pool-16-thread-5] - Cannot connnect VM-120<->VM-119
 WARN 08-28 19:14:12,080 ExecutorChannelManagerMap:95 [pool-16-thread-5] - Cannot connnect VM-120<->VM-80
 WARN 08-28 19:14:12,080 ExecutorChannelManagerMap:95 [pool-16-thread-5] - Cannot connnect VM-120<->VM-118
 WARN 08-28 19:14:12,081 ExecutorChannelManagerMap:95 [pool-16-thread-5] - Cannot connnect VM-120<->VM-117
 WARN 08-28 19:14:12,081 ExecutorChannelManagerMap:95 [pool-16-thread-5] - Cannot connnect VM-120<->VM-116
 WARN 08-28 19:14:12,081 ExecutorChannelManagerMap:95 [pool-16-thread-5] - Cannot connnect VM-120<->VM-19
 WARN 08-28 19:14:12,081 ExecutorChannelManagerMap:95 [pool-16-thread-5] - Cannot connnect VM-120<->VM-18
 WARN 08-28 19:14:12,081 ExecutorChannelManagerMap:95 [pool-16-thread-5] - Cannot connnect VM-120<->VM-17
 WARN 08-28 19:14:12,081 ExecutorChannelManagerMap:95 [pool-16-thread-5] - Cannot connnect VM-120<->VM-16
 WARN 08-28 19:14:12,081 ExecutorChannelManagerMap:95 [pool-16-thread-5] - Cannot connnect VM-120<->VM-15
 WARN 08-28 19:14:12,081 ExecutorChannelManagerMap:95 [pool-16-thread-5] - Cannot connnect VM-120<->VM-14
 WARN 08-28 19:14:12,081 ExecutorChannelManagerMap:95 [pool-16-thread-5] - Cannot connnect VM-120<->VM-13
 WARN 08-28 19:14:12,081 ExecutorChannelManagerMap:95 [pool-16-thread-5] - Cannot connnect VM-120<->VM-12
 WARN 08-28 19:14:12,081 ExecutorChannelManagerMap:95 [pool-16-thread-5] - Cannot connnect VM-120<->VM-11
 WARN 08-28 19:14:12,081 ExecutorChannelManagerMap:95 [pool-16-thread-5] - Cannot connnect VM-120<->VM-99
 WARN 08-28 19:14:12,081 ExecutorChannelManagerMap:95 [pool-16-thread-5] - Cannot connnect VM-120<->VM-10
 WARN 08-28 19:14:12,081 ExecutorChannelManagerMap:95 [pool-16-thread-5] - Cannot connnect VM-120<->VM-90
 WARN 08-28 19:14:12,081 ExecutorChannelManagerMap:95 [pool-16-thread-5] - Cannot connnect VM-120<->VM-69
 WARN 08-28 19:14:12,081 ExecutorChannelManagerMap:95 [pool-16-thread-5] - Cannot connnect VM-120<->VM-68
 WARN 08-28 19:14:12,081 ExecutorChannelManagerMap:95 [pool-16-thread-5] - Cannot connnect VM-120<->VM-67
 WARN 08-28 19:14:12,081 ExecutorChannelManagerMap:95 [pool-16-thread-5] - Cannot connnect VM-120<->VM-66
 WARN 08-28 19:14:12,081 ExecutorChannelManagerMap:95 [pool-16-thread-5] - Cannot connnect VM-120<->VM-65
 WARN 08-28 19:14:12,081 ExecutorChannelManagerMap:95 [pool-16-thread-5] - Cannot connnect VM-120<->VM-64
 WARN 08-28 19:14:12,081 ExecutorChannelManagerMap:95 [pool-16-thread-5] - Cannot connnect VM-120<->VM-63
 WARN 08-28 19:14:12,081 ExecutorChannelManagerMap:95 [pool-16-thread-5] - Cannot connnect VM-120<->VM-62
 WARN 08-28 19:14:12,081 ExecutorChannelManagerMap:95 [pool-16-thread-5] - Cannot connnect VM-120<->VM-61
 WARN 08-28 19:14:12,081 ExecutorChannelManagerMap:95 [pool-16-thread-5] - Cannot connnect VM-120<->VM-60
 WARN 08-28 19:14:12,081 ExecutorChannelManagerMap:95 [pool-16-thread-5] - Cannot connnect VM-120<->VM-79
 WARN 08-28 19:14:12,082 ExecutorChannelManagerMap:95 [pool-16-thread-5] - Cannot connnect VM-120<->VM-78
 WARN 08-28 19:14:12,082 ExecutorChannelManagerMap:95 [pool-16-thread-5] - Cannot connnect VM-120<->VM-77
 WARN 08-28 19:14:12,082 ExecutorChannelManagerMap:95 [pool-16-thread-5] - Cannot connnect VM-120<->VM-76
 WARN 08-28 19:14:12,082 ExecutorChannelManagerMap:95 [pool-16-thread-5] - Cannot connnect VM-120<->VM-75
 WARN 08-28 19:14:12,082 ExecutorChannelManagerMap:95 [pool-16-thread-5] - Cannot connnect VM-120<->VM-74
 WARN 08-28 19:14:12,082 ExecutorChannelManagerMap:95 [pool-16-thread-5] - Cannot connnect VM-120<->VM-73
 WARN 08-28 19:14:12,082 ExecutorChannelManagerMap:95 [pool-16-thread-5] - Cannot connnect VM-120<->VM-72
 WARN 08-28 19:14:12,082 ExecutorChannelManagerMap:95 [pool-16-thread-5] - Cannot connnect VM-120<->VM-71
 WARN 08-28 19:14:12,082 ExecutorChannelManagerMap:95 [pool-16-thread-5] - Cannot connnect VM-120<->VM-70
 WARN 08-28 19:14:12,082 ExecutorChannelManagerMap:95 [pool-16-thread-5] - Cannot connnect VM-120<->VM-49
 WARN 08-28 19:14:12,082 ExecutorChannelManagerMap:95 [pool-16-thread-5] - Cannot connnect VM-120<->VM-48
 WARN 08-28 19:14:12,082 ExecutorChannelManagerMap:95 [pool-16-thread-5] - Cannot connnect VM-120<->VM-47
 WARN 08-28 19:14:12,082 ExecutorChannelManagerMap:95 [pool-16-thread-5] - Cannot connnect VM-120<->VM-46
 WARN 08-28 19:14:12,082 ExecutorChannelManagerMap:95 [pool-16-thread-5] - Cannot connnect VM-120<->VM-45
 WARN 08-28 19:14:12,082 ExecutorChannelManagerMap:95 [pool-16-thread-5] - Cannot connnect VM-120<->VM-6
 WARN 08-28 19:14:12,082 ExecutorChannelManagerMap:95 [pool-16-thread-5] - Cannot connnect VM-120<->VM-44
 WARN 08-28 19:14:12,082 ExecutorChannelManagerMap:95 [pool-16-thread-5] - Cannot connnect VM-120<->VM-7
 WARN 08-28 19:14:12,082 ExecutorChannelManagerMap:95 [pool-16-thread-5] - Cannot connnect VM-120<->VM-43
 WARN 08-28 19:14:12,082 ExecutorChannelManagerMap:95 [pool-16-thread-5] - Cannot connnect VM-120<->VM-8
 WARN 08-28 19:14:12,082 ExecutorChannelManagerMap:95 [pool-16-thread-5] - Cannot connnect VM-120<->VM-42
 WARN 08-28 19:14:12,082 ExecutorChannelManagerMap:95 [pool-16-thread-5] - Cannot connnect VM-120<->VM-9
 WARN 08-28 19:14:12,082 ExecutorChannelManagerMap:95 [pool-16-thread-5] - Cannot connnect VM-120<->VM-41
 WARN 08-28 19:14:12,082 ExecutorChannelManagerMap:95 [pool-16-thread-5] - Cannot connnect VM-120<->VM-40
 WARN 08-28 19:14:12,082 ExecutorChannelManagerMap:95 [pool-16-thread-5] - Cannot connnect VM-120<->VM-59
 WARN 08-28 19:14:12,082 ExecutorChannelManagerMap:95 [pool-16-thread-5] - Cannot connnect VM-120<->VM-58
 WARN 08-28 19:14:12,082 ExecutorChannelManagerMap:95 [pool-16-thread-5] - Cannot connnect VM-120<->VM-57
 WARN 08-28 19:14:12,083 ExecutorChannelManagerMap:95 [pool-16-thread-5] - Cannot connnect VM-120<->VM-56
 WARN 08-28 19:14:12,083 ExecutorChannelManagerMap:95 [pool-16-thread-5] - Cannot connnect VM-120<->VM-55
 WARN 08-28 19:14:12,083 ExecutorChannelManagerMap:95 [pool-16-thread-5] - Cannot connnect VM-120<->VM-54
 WARN 08-28 19:14:12,083 ExecutorChannelManagerMap:95 [pool-16-thread-5] - Cannot connnect VM-120<->VM-53
 WARN 08-28 19:14:12,083 ExecutorChannelManagerMap:95 [pool-16-thread-5] - Cannot connnect VM-120<->VM-52
 WARN 08-28 19:14:12,083 ExecutorChannelManagerMap:95 [pool-16-thread-5] - Cannot connnect VM-120<->VM-51
 WARN 08-28 19:14:12,083 ExecutorChannelManagerMap:95 [pool-16-thread-5] - Cannot connnect VM-120<->VM-50
 WARN 08-28 19:14:12,083 ExecutorChannelManagerMap:95 [pool-16-thread-5] - Cannot connnect VM-120<->VM-1
 WARN 08-28 19:14:12,083 ExecutorChannelManagerMap:95 [pool-16-thread-5] - Cannot connnect VM-120<->VM-2
 WARN 08-28 19:14:12,083 ExecutorChannelManagerMap:95 [pool-16-thread-5] - Cannot connnect VM-120<->VM-3
 WARN 08-28 19:14:12,083 ExecutorChannelManagerMap:95 [pool-16-thread-5] - Cannot connnect VM-120<->VM-4
 WARN 08-28 19:14:12,083 ExecutorChannelManagerMap:95 [pool-16-thread-5] - Cannot connnect VM-120<->VM-5
 WARN 08-28 19:14:12,083 ExecutorChannelManagerMap:95 [pool-16-thread-5] - Cannot connnect VM-120<->VM-29
 WARN 08-28 19:14:12,083 ExecutorChannelManagerMap:95 [pool-16-thread-5] - Cannot connnect VM-120<->VM-28
 WARN 08-28 19:14:12,083 ExecutorChannelManagerMap:95 [pool-16-thread-5] - Cannot connnect VM-120<->VM-27
 WARN 08-28 19:14:12,083 ExecutorChannelManagerMap:95 [pool-16-thread-5] - Cannot connnect VM-120<->VM-26
 WARN 08-28 19:14:12,083 ExecutorChannelManagerMap:95 [pool-16-thread-5] - Cannot connnect VM-120<->VM-25
 WARN 08-28 19:14:12,083 ExecutorChannelManagerMap:95 [pool-16-thread-5] - Cannot connnect VM-120<->VM-24
 WARN 08-28 19:14:12,083 ExecutorChannelManagerMap:95 [pool-16-thread-5] - Cannot connnect VM-120<->VM-23
 WARN 08-28 19:14:12,083 ExecutorChannelManagerMap:95 [pool-16-thread-5] - Cannot connnect VM-120<->VM-100
 WARN 08-28 19:14:12,083 ExecutorChannelManagerMap:95 [pool-16-thread-5] - Cannot connnect VM-120<->VM-22
 WARN 08-28 19:14:12,083 ExecutorChannelManagerMap:106 [pool-16-thread-5] - Executor Executor4 already registered
 WARN 08-28 19:14:12,083 ExecutorChannelManagerMap:95 [pool-16-thread-5] - Cannot connnect VM-120<->VM-21
 WARN 08-28 19:14:12,083 ExecutorChannelManagerMap:106 [pool-16-thread-5] - Executor Executor3 already registered
 WARN 08-28 19:14:12,083 ExecutorChannelManagerMap:95 [pool-16-thread-5] - Cannot connnect VM-120<->VM-20
 WARN 08-28 19:14:12,083 ExecutorChannelManagerMap:95 [pool-16-thread-5] - Cannot connnect VM-120<->VM-104
 WARN 08-28 19:14:12,084 ExecutorChannelManagerMap:95 [pool-16-thread-5] - Cannot connnect VM-120<->VM-103
 WARN 08-28 19:14:12,084 ExecutorChannelManagerMap:95 [pool-16-thread-5] - Cannot connnect VM-120<->VM-102
 WARN 08-28 19:14:12,084 ExecutorChannelManagerMap:95 [pool-16-thread-5] - Cannot connnect VM-120<->VM-101
 WARN 08-28 19:14:12,084 ExecutorChannelManagerMap:95 [pool-16-thread-5] - Cannot connnect VM-120<->VM-39
 WARN 08-28 19:14:12,084 ExecutorChannelManagerMap:95 [pool-16-thread-5] - Cannot connnect VM-120<->VM-38
 WARN 08-28 19:14:12,084 ExecutorChannelManagerMap:95 [pool-16-thread-5] - Cannot connnect VM-120<->VM-37
 WARN 08-28 19:14:12,084 ExecutorChannelManagerMap:95 [pool-16-thread-5] - Cannot connnect VM-120<->VM-36
 WARN 08-28 19:14:12,084 ExecutorChannelManagerMap:95 [pool-16-thread-5] - Cannot connnect VM-120<->VM-35
 WARN 08-28 19:14:12,084 ExecutorChannelManagerMap:95 [pool-16-thread-5] - Cannot connnect VM-120<->VM-34
 WARN 08-28 19:14:12,084 ExecutorChannelManagerMap:95 [pool-16-thread-5] - Cannot connnect VM-120<->VM-111
 WARN 08-28 19:14:12,084 ExecutorChannelManagerMap:95 [pool-16-thread-5] - Cannot connnect VM-120<->VM-33
 WARN 08-28 19:14:12,084 ExecutorChannelManagerMap:95 [pool-16-thread-5] - Cannot connnect VM-120<->VM-110
 WARN 08-28 19:14:12,084 ExecutorChannelManagerMap:95 [pool-16-thread-5] - Cannot connnect VM-120<->VM-32
 WARN 08-28 19:14:12,084 ExecutorChannelManagerMap:95 [pool-16-thread-5] - Cannot connnect VM-120<->VM-31
 WARN 08-28 19:14:12,084 ExecutorChannelManagerMap:95 [pool-16-thread-5] - Cannot connnect VM-120<->VM-30
 WARN 08-28 19:14:12,084 ExecutorChannelManagerMap:95 [pool-16-thread-5] - Cannot connnect VM-120<->VM-115
 WARN 08-28 19:14:12,084 ExecutorChannelManagerMap:95 [pool-16-thread-5] - Cannot connnect VM-120<->VM-114
 WARN 08-28 19:14:12,084 ExecutorChannelManagerMap:95 [pool-16-thread-5] - Cannot connnect VM-120<->VM-113
 WARN 08-28 19:14:12,084 ExecutorChannelManagerMap:95 [pool-16-thread-5] - Cannot connnect VM-120<->VM-112
 WARN 08-28 19:14:12,084 ExecutorChannelManagerMap:95 [pool-16-thread-5] - Cannot connnect VM-120<->VM-108
 WARN 08-28 19:14:12,084 ExecutorChannelManagerMap:95 [pool-16-thread-5] - Cannot connnect VM-120<->VM-107
 WARN 08-28 19:14:12,084 ExecutorChannelManagerMap:95 [pool-16-thread-5] - Cannot connnect VM-120<->VM-106
 WARN 08-28 19:14:12,084 ExecutorChannelManagerMap:95 [pool-16-thread-5] - Cannot connnect VM-120<->VM-105
 WARN 08-28 19:14:12,084 ExecutorChannelManagerMap:106 [pool-16-thread-5] - Executor Executor2 already registered
 WARN 08-28 19:14:12,084 ExecutorChannelManagerMap:106 [pool-16-thread-5] - Executor Executor1 already registered
 WARN 08-28 19:14:12,084 ExecutorChannelManagerMap:106 [pool-16-thread-5] - Executor Executor0 already registered
 WARN 08-28 19:14:12,085 ExecutorChannelManagerMap:95 [pool-16-thread-5] - Cannot connnect VM-120<->VM-109
 INFO 08-28 19:14:12,085 Executor$ExecutorMessageReceiver:1433 [pool-16-thread-11] - Executor registered message received VM-89,VM-122,VM-88,VM-121,VM-87,VM-86,VM-85,VM-84,VM-83,VM-124,VM-82,VM-123,VM-81,VM-119,VM-80,VM-118,VM-117,VM-116,VM-19,VM-18,VM-17,VM-16,VM-15,VM-14,VM-13,VM-12,VM-11,VM-10,VM-90,VM-69,VM-68,VM-67,VM-66,VM-65,VM-64,VM-63,VM-62,VM-61,VM-60,VM-79,VM-78,VM-77,VM-76,VM-75,VM-74,VM-73,VM-72,VM-71,VM-70,VM-49,VM-48,VM-47,VM-46,VM-45,VM-6,VM-44,VM-7,VM-43,VM-8,VM-42,VM-9,VM-41,VM-40,VM-59,VM-58,VM-57,VM-56,VM-55,VM-54,VM-53,VM-52,VM-51,VM-50,VM-1,VM-2,VM-3,VM-5,VM-29,VM-28,VM-27,VM-26,VM-25,VM-24,VM-23,VM-22,Executor4,VM-21,Executor3,VM-20,VM-104,VM-39,VM-38,VM-37,VM-36,VM-35,VM-34,VM-111,VM-33,VM-110,VM-32,VM-31,VM-30,VM-115,VM-114,VM-113,VM-112,VM-108,VM-107,VM-106,VM-105,Executor2,Executor1,Executor0,VM-109
 WARN 08-28 19:14:12,085 ExecutorChannelManagerMap:95 [pool-16-thread-8] - Cannot connnect VM-120<->VM-89
 WARN 08-28 19:14:12,089 ExecutorChannelManagerMap:95 [pool-16-thread-8] - Cannot connnect VM-120<->VM-122
 WARN 08-28 19:14:12,089 ExecutorChannelManagerMap:95 [pool-16-thread-8] - Cannot connnect VM-120<->VM-88
 WARN 08-28 19:14:12,089 ExecutorChannelManagerMap:95 [pool-16-thread-8] - Cannot connnect VM-120<->VM-121
 WARN 08-28 19:14:12,089 ExecutorChannelManagerMap:95 [pool-16-thread-8] - Cannot connnect VM-120<->VM-87
 WARN 08-28 19:14:12,089 ExecutorChannelManagerMap:95 [pool-16-thread-8] - Cannot connnect VM-120<->VM-86
 WARN 08-28 19:14:12,089 ExecutorChannelManagerMap:95 [pool-16-thread-8] - Cannot connnect VM-120<->VM-85
 WARN 08-28 19:14:12,090 ExecutorChannelManagerMap:95 [pool-16-thread-8] - Cannot connnect VM-120<->VM-84
 WARN 08-28 19:14:12,090 ExecutorChannelManagerMap:95 [pool-16-thread-8] - Cannot connnect VM-120<->VM-83
 WARN 08-28 19:14:12,090 ExecutorChannelManagerMap:95 [pool-16-thread-8] - Cannot connnect VM-120<->VM-124
 WARN 08-28 19:14:12,090 ExecutorChannelManagerMap:95 [pool-16-thread-8] - Cannot connnect VM-120<->VM-82
 WARN 08-28 19:14:12,090 ExecutorChannelManagerMap:95 [pool-16-thread-8] - Cannot connnect VM-120<->VM-123
 WARN 08-28 19:14:12,090 ExecutorChannelManagerMap:95 [pool-16-thread-8] - Cannot connnect VM-120<->VM-81
 WARN 08-28 19:14:12,090 ExecutorChannelManagerMap:95 [pool-16-thread-8] - Cannot connnect VM-120<->VM-119
 WARN 08-28 19:14:12,090 ExecutorChannelManagerMap:95 [pool-16-thread-8] - Cannot connnect VM-120<->VM-80
 WARN 08-28 19:14:12,090 ExecutorChannelManagerMap:95 [pool-16-thread-8] - Cannot connnect VM-120<->VM-118
 WARN 08-28 19:14:12,090 ExecutorChannelManagerMap:95 [pool-16-thread-8] - Cannot connnect VM-120<->VM-117
 WARN 08-28 19:14:12,090 ExecutorChannelManagerMap:95 [pool-16-thread-8] - Cannot connnect VM-120<->VM-116
 WARN 08-28 19:14:12,090 ExecutorChannelManagerMap:95 [pool-16-thread-8] - Cannot connnect VM-120<->VM-19
 WARN 08-28 19:14:12,090 ExecutorChannelManagerMap:95 [pool-16-thread-8] - Cannot connnect VM-120<->VM-18
 WARN 08-28 19:14:12,090 ExecutorChannelManagerMap:95 [pool-16-thread-8] - Cannot connnect VM-120<->VM-17
 WARN 08-28 19:14:12,090 ExecutorChannelManagerMap:95 [pool-16-thread-8] - Cannot connnect VM-120<->VM-16
 WARN 08-28 19:14:12,090 ExecutorChannelManagerMap:95 [pool-16-thread-8] - Cannot connnect VM-120<->VM-15
 WARN 08-28 19:14:12,090 ExecutorChannelManagerMap:95 [pool-16-thread-8] - Cannot connnect VM-120<->VM-14
 WARN 08-28 19:14:12,090 ExecutorChannelManagerMap:95 [pool-16-thread-8] - Cannot connnect VM-120<->VM-13
 WARN 08-28 19:14:12,090 ExecutorChannelManagerMap:95 [pool-16-thread-8] - Cannot connnect VM-120<->VM-12
 WARN 08-28 19:14:12,090 ExecutorChannelManagerMap:95 [pool-16-thread-8] - Cannot connnect VM-120<->VM-11
 WARN 08-28 19:14:12,090 ExecutorChannelManagerMap:95 [pool-16-thread-8] - Cannot connnect VM-120<->VM-99
 WARN 08-28 19:14:12,090 ExecutorChannelManagerMap:95 [pool-16-thread-8] - Cannot connnect VM-120<->VM-10
 WARN 08-28 19:14:12,090 ExecutorChannelManagerMap:95 [pool-16-thread-8] - Cannot connnect VM-120<->VM-90
 WARN 08-28 19:14:12,090 ExecutorChannelManagerMap:95 [pool-16-thread-8] - Cannot connnect VM-120<->VM-69
 WARN 08-28 19:14:12,090 ExecutorChannelManagerMap:95 [pool-16-thread-8] - Cannot connnect VM-120<->VM-68
 WARN 08-28 19:14:12,090 ExecutorChannelManagerMap:95 [pool-16-thread-8] - Cannot connnect VM-120<->VM-67
 WARN 08-28 19:14:12,090 ExecutorChannelManagerMap:95 [pool-16-thread-8] - Cannot connnect VM-120<->VM-66
 WARN 08-28 19:14:12,090 ExecutorChannelManagerMap:95 [pool-16-thread-8] - Cannot connnect VM-120<->VM-65
 WARN 08-28 19:14:12,091 ExecutorChannelManagerMap:95 [pool-16-thread-8] - Cannot connnect VM-120<->VM-64
 WARN 08-28 19:14:12,091 ExecutorChannelManagerMap:95 [pool-16-thread-8] - Cannot connnect VM-120<->VM-63
 WARN 08-28 19:14:12,091 ExecutorChannelManagerMap:95 [pool-16-thread-8] - Cannot connnect VM-120<->VM-62
 WARN 08-28 19:14:12,091 ExecutorChannelManagerMap:95 [pool-16-thread-8] - Cannot connnect VM-120<->VM-61
 WARN 08-28 19:14:12,091 ExecutorChannelManagerMap:95 [pool-16-thread-8] - Cannot connnect VM-120<->VM-60
 WARN 08-28 19:14:12,091 ExecutorChannelManagerMap:95 [pool-16-thread-8] - Cannot connnect VM-120<->VM-79
 WARN 08-28 19:14:12,091 ExecutorChannelManagerMap:95 [pool-16-thread-8] - Cannot connnect VM-120<->VM-78
 WARN 08-28 19:14:12,091 ExecutorChannelManagerMap:95 [pool-16-thread-8] - Cannot connnect VM-120<->VM-77
 WARN 08-28 19:14:12,091 ExecutorChannelManagerMap:95 [pool-16-thread-8] - Cannot connnect VM-120<->VM-76
 WARN 08-28 19:14:12,091 ExecutorChannelManagerMap:95 [pool-16-thread-8] - Cannot connnect VM-120<->VM-75
 WARN 08-28 19:14:12,091 ExecutorChannelManagerMap:95 [pool-16-thread-8] - Cannot connnect VM-120<->VM-74
 WARN 08-28 19:14:12,091 ExecutorChannelManagerMap:95 [pool-16-thread-8] - Cannot connnect VM-120<->VM-73
 WARN 08-28 19:14:12,091 ExecutorChannelManagerMap:95 [pool-16-thread-8] - Cannot connnect VM-120<->VM-72
 WARN 08-28 19:14:12,091 ExecutorChannelManagerMap:95 [pool-16-thread-8] - Cannot connnect VM-120<->VM-71
 WARN 08-28 19:14:12,091 ExecutorChannelManagerMap:95 [pool-16-thread-8] - Cannot connnect VM-120<->VM-70
 WARN 08-28 19:14:12,091 ExecutorChannelManagerMap:95 [pool-16-thread-8] - Cannot connnect VM-120<->VM-49
 WARN 08-28 19:14:12,091 ExecutorChannelManagerMap:95 [pool-16-thread-8] - Cannot connnect VM-120<->VM-48
 WARN 08-28 19:14:12,091 ExecutorChannelManagerMap:95 [pool-16-thread-8] - Cannot connnect VM-120<->VM-47
 WARN 08-28 19:14:12,091 ExecutorChannelManagerMap:95 [pool-16-thread-8] - Cannot connnect VM-120<->VM-46
 WARN 08-28 19:14:12,091 ExecutorChannelManagerMap:95 [pool-16-thread-8] - Cannot connnect VM-120<->VM-45
 WARN 08-28 19:14:12,091 ExecutorChannelManagerMap:95 [pool-16-thread-8] - Cannot connnect VM-120<->VM-6
 WARN 08-28 19:14:12,091 ExecutorChannelManagerMap:95 [pool-16-thread-8] - Cannot connnect VM-120<->VM-44
 WARN 08-28 19:14:12,091 ExecutorChannelManagerMap:95 [pool-16-thread-8] - Cannot connnect VM-120<->VM-7
 WARN 08-28 19:14:12,091 ExecutorChannelManagerMap:95 [pool-16-thread-8] - Cannot connnect VM-120<->VM-43
 WARN 08-28 19:14:12,091 ExecutorChannelManagerMap:95 [pool-16-thread-8] - Cannot connnect VM-120<->VM-8
 WARN 08-28 19:14:12,091 ExecutorChannelManagerMap:95 [pool-16-thread-8] - Cannot connnect VM-120<->VM-42
 WARN 08-28 19:14:12,092 ExecutorChannelManagerMap:95 [pool-16-thread-8] - Cannot connnect VM-120<->VM-9
 WARN 08-28 19:14:12,092 ExecutorChannelManagerMap:95 [pool-16-thread-8] - Cannot connnect VM-120<->VM-41
 WARN 08-28 19:14:12,092 ExecutorChannelManagerMap:95 [pool-16-thread-8] - Cannot connnect VM-120<->VM-40
 WARN 08-28 19:14:12,092 ExecutorChannelManagerMap:95 [pool-16-thread-8] - Cannot connnect VM-120<->VM-59
 WARN 08-28 19:14:12,092 ExecutorChannelManagerMap:95 [pool-16-thread-8] - Cannot connnect VM-120<->VM-58
 WARN 08-28 19:14:12,092 ExecutorChannelManagerMap:95 [pool-16-thread-8] - Cannot connnect VM-120<->VM-57
 WARN 08-28 19:14:12,092 ExecutorChannelManagerMap:95 [pool-16-thread-8] - Cannot connnect VM-120<->VM-56
 WARN 08-28 19:14:12,092 ExecutorChannelManagerMap:95 [pool-16-thread-8] - Cannot connnect VM-120<->VM-55
 WARN 08-28 19:14:12,092 ExecutorChannelManagerMap:95 [pool-16-thread-8] - Cannot connnect VM-120<->VM-54
 WARN 08-28 19:14:12,092 ExecutorChannelManagerMap:95 [pool-16-thread-8] - Cannot connnect VM-120<->VM-53
 WARN 08-28 19:14:12,092 ExecutorChannelManagerMap:95 [pool-16-thread-8] - Cannot connnect VM-120<->VM-52
 WARN 08-28 19:14:12,092 ExecutorChannelManagerMap:95 [pool-16-thread-8] - Cannot connnect VM-120<->VM-51
 WARN 08-28 19:14:12,092 ExecutorChannelManagerMap:95 [pool-16-thread-8] - Cannot connnect VM-120<->VM-50
 WARN 08-28 19:14:12,092 ExecutorChannelManagerMap:95 [pool-16-thread-8] - Cannot connnect VM-120<->VM-1
 WARN 08-28 19:14:12,092 ExecutorChannelManagerMap:95 [pool-16-thread-8] - Cannot connnect VM-120<->VM-2
 WARN 08-28 19:14:12,092 ExecutorChannelManagerMap:95 [pool-16-thread-8] - Cannot connnect VM-120<->VM-3
 WARN 08-28 19:14:12,092 ExecutorChannelManagerMap:95 [pool-16-thread-8] - Cannot connnect VM-120<->VM-4
 WARN 08-28 19:14:12,092 ExecutorChannelManagerMap:95 [pool-16-thread-8] - Cannot connnect VM-120<->VM-5
 WARN 08-28 19:14:12,092 ExecutorChannelManagerMap:95 [pool-16-thread-8] - Cannot connnect VM-120<->VM-29
 WARN 08-28 19:14:12,092 ExecutorChannelManagerMap:95 [pool-16-thread-8] - Cannot connnect VM-120<->VM-28
 WARN 08-28 19:14:12,092 ExecutorChannelManagerMap:95 [pool-16-thread-8] - Cannot connnect VM-120<->VM-27
 WARN 08-28 19:14:12,092 ExecutorChannelManagerMap:95 [pool-16-thread-8] - Cannot connnect VM-120<->VM-26
 WARN 08-28 19:14:12,092 ExecutorChannelManagerMap:95 [pool-16-thread-8] - Cannot connnect VM-120<->VM-25
 WARN 08-28 19:14:12,092 ExecutorChannelManagerMap:95 [pool-16-thread-8] - Cannot connnect VM-120<->VM-24
 WARN 08-28 19:14:12,092 ExecutorChannelManagerMap:95 [pool-16-thread-8] - Cannot connnect VM-120<->VM-23
 WARN 08-28 19:14:12,092 ExecutorChannelManagerMap:95 [pool-16-thread-8] - Cannot connnect VM-120<->VM-22
 WARN 08-28 19:14:12,092 ExecutorChannelManagerMap:106 [pool-16-thread-8] - Executor Executor4 already registered
 WARN 08-28 19:14:12,092 ExecutorChannelManagerMap:95 [pool-16-thread-8] - Cannot connnect VM-120<->VM-21
 WARN 08-28 19:14:12,092 ExecutorChannelManagerMap:106 [pool-16-thread-8] - Executor Executor3 already registered
 WARN 08-28 19:14:12,093 ExecutorChannelManagerMap:95 [pool-16-thread-8] - Cannot connnect VM-120<->VM-20
 WARN 08-28 19:14:12,093 ExecutorChannelManagerMap:95 [pool-16-thread-8] - Cannot connnect VM-120<->VM-104
 WARN 08-28 19:14:12,093 ExecutorChannelManagerMap:95 [pool-16-thread-8] - Cannot connnect VM-120<->VM-103
 WARN 08-28 19:14:12,093 ExecutorChannelManagerMap:95 [pool-16-thread-8] - Cannot connnect VM-120<->VM-102
 WARN 08-28 19:14:12,093 ExecutorChannelManagerMap:95 [pool-16-thread-8] - Cannot connnect VM-120<->VM-101
 WARN 08-28 19:14:12,093 ExecutorChannelManagerMap:95 [pool-16-thread-8] - Cannot connnect VM-120<->VM-39
 WARN 08-28 19:14:12,093 ExecutorChannelManagerMap:95 [pool-16-thread-8] - Cannot connnect VM-120<->VM-38
 WARN 08-28 19:14:12,093 ExecutorChannelManagerMap:95 [pool-16-thread-8] - Cannot connnect VM-120<->VM-37
 WARN 08-28 19:14:12,093 ExecutorChannelManagerMap:95 [pool-16-thread-8] - Cannot connnect VM-120<->VM-36
 WARN 08-28 19:14:12,093 ExecutorChannelManagerMap:95 [pool-16-thread-8] - Cannot connnect VM-120<->VM-35
 WARN 08-28 19:14:12,093 ExecutorChannelManagerMap:95 [pool-16-thread-8] - Cannot connnect VM-120<->VM-34
 WARN 08-28 19:14:12,093 ExecutorChannelManagerMap:95 [pool-16-thread-8] - Cannot connnect VM-120<->VM-111
 WARN 08-28 19:14:12,093 ExecutorChannelManagerMap:95 [pool-16-thread-8] - Cannot connnect VM-120<->VM-33
 WARN 08-28 19:14:12,093 ExecutorChannelManagerMap:95 [pool-16-thread-8] - Cannot connnect VM-120<->VM-110
 WARN 08-28 19:14:12,093 ExecutorChannelManagerMap:95 [pool-16-thread-8] - Cannot connnect VM-120<->VM-32
 WARN 08-28 19:14:12,093 ExecutorChannelManagerMap:95 [pool-16-thread-8] - Cannot connnect VM-120<->VM-31
 WARN 08-28 19:14:12,093 ExecutorChannelManagerMap:95 [pool-16-thread-8] - Cannot connnect VM-120<->VM-30
 WARN 08-28 19:14:12,093 ExecutorChannelManagerMap:95 [pool-16-thread-8] - Cannot connnect VM-120<->VM-115
 WARN 08-28 19:14:12,093 ExecutorChannelManagerMap:95 [pool-16-thread-8] - Cannot connnect VM-120<->VM-114
 WARN 08-28 19:14:12,093 ExecutorChannelManagerMap:95 [pool-16-thread-8] - Cannot connnect VM-120<->VM-113
 WARN 08-28 19:14:12,093 ExecutorChannelManagerMap:95 [pool-16-thread-8] - Cannot connnect VM-120<->VM-112
 WARN 08-28 19:14:12,093 ExecutorChannelManagerMap:95 [pool-16-thread-8] - Cannot connnect VM-120<->VM-108
 WARN 08-28 19:14:12,093 ExecutorChannelManagerMap:95 [pool-16-thread-8] - Cannot connnect VM-120<->VM-107
 WARN 08-28 19:14:12,093 ExecutorChannelManagerMap:95 [pool-16-thread-8] - Cannot connnect VM-120<->VM-106
 WARN 08-28 19:14:12,093 ExecutorChannelManagerMap:95 [pool-16-thread-8] - Cannot connnect VM-120<->VM-105
 WARN 08-28 19:14:12,093 ExecutorChannelManagerMap:106 [pool-16-thread-8] - Executor Executor2 already registered
 WARN 08-28 19:14:12,093 ExecutorChannelManagerMap:106 [pool-16-thread-8] - Executor Executor1 already registered
 WARN 08-28 19:14:12,093 ExecutorChannelManagerMap:106 [pool-16-thread-8] - Executor Executor0 already registered
 WARN 08-28 19:14:12,093 ExecutorChannelManagerMap:95 [pool-16-thread-8] - Cannot connnect VM-120<->VM-109
 WARN 08-28 19:14:12,094 ExecutorChannelManagerMap:95 [pool-16-thread-11] - Cannot connnect VM-120<->VM-89
 WARN 08-28 19:14:12,094 ExecutorChannelManagerMap:95 [pool-16-thread-11] - Cannot connnect VM-120<->VM-122
 WARN 08-28 19:14:12,094 ExecutorChannelManagerMap:95 [pool-16-thread-11] - Cannot connnect VM-120<->VM-88
 WARN 08-28 19:14:12,094 ExecutorChannelManagerMap:95 [pool-16-thread-11] - Cannot connnect VM-120<->VM-121
 WARN 08-28 19:14:12,094 ExecutorChannelManagerMap:95 [pool-16-thread-11] - Cannot connnect VM-120<->VM-87
 WARN 08-28 19:14:12,094 ExecutorChannelManagerMap:95 [pool-16-thread-11] - Cannot connnect VM-120<->VM-86
 WARN 08-28 19:14:12,094 ExecutorChannelManagerMap:95 [pool-16-thread-11] - Cannot connnect VM-120<->VM-85
 WARN 08-28 19:14:12,094 ExecutorChannelManagerMap:95 [pool-16-thread-11] - Cannot connnect VM-120<->VM-84
 WARN 08-28 19:14:12,094 ExecutorChannelManagerMap:95 [pool-16-thread-11] - Cannot connnect VM-120<->VM-83
 WARN 08-28 19:14:12,094 ExecutorChannelManagerMap:95 [pool-16-thread-11] - Cannot connnect VM-120<->VM-124
 WARN 08-28 19:14:12,094 ExecutorChannelManagerMap:95 [pool-16-thread-11] - Cannot connnect VM-120<->VM-82
 WARN 08-28 19:14:12,094 ExecutorChannelManagerMap:95 [pool-16-thread-11] - Cannot connnect VM-120<->VM-123
 WARN 08-28 19:14:12,094 ExecutorChannelManagerMap:95 [pool-16-thread-11] - Cannot connnect VM-120<->VM-81
 WARN 08-28 19:14:12,094 ExecutorChannelManagerMap:95 [pool-16-thread-11] - Cannot connnect VM-120<->VM-119
 WARN 08-28 19:14:12,094 ExecutorChannelManagerMap:95 [pool-16-thread-11] - Cannot connnect VM-120<->VM-80
 WARN 08-28 19:14:12,094 ExecutorChannelManagerMap:95 [pool-16-thread-11] - Cannot connnect VM-120<->VM-118
 WARN 08-28 19:14:12,094 ExecutorChannelManagerMap:95 [pool-16-thread-11] - Cannot connnect VM-120<->VM-117
 WARN 08-28 19:14:12,094 ExecutorChannelManagerMap:95 [pool-16-thread-11] - Cannot connnect VM-120<->VM-116
 WARN 08-28 19:14:12,094 ExecutorChannelManagerMap:95 [pool-16-thread-11] - Cannot connnect VM-120<->VM-19
 WARN 08-28 19:14:12,094 ExecutorChannelManagerMap:95 [pool-16-thread-11] - Cannot connnect VM-120<->VM-18
 WARN 08-28 19:14:12,095 ExecutorChannelManagerMap:95 [pool-16-thread-11] - Cannot connnect VM-120<->VM-17
 WARN 08-28 19:14:12,095 ExecutorChannelManagerMap:95 [pool-16-thread-11] - Cannot connnect VM-120<->VM-16
 WARN 08-28 19:14:12,095 ExecutorChannelManagerMap:95 [pool-16-thread-11] - Cannot connnect VM-120<->VM-15
 WARN 08-28 19:14:12,095 ExecutorChannelManagerMap:95 [pool-16-thread-11] - Cannot connnect VM-120<->VM-14
 WARN 08-28 19:14:12,095 ExecutorChannelManagerMap:95 [pool-16-thread-11] - Cannot connnect VM-120<->VM-13
 WARN 08-28 19:14:12,095 ExecutorChannelManagerMap:95 [pool-16-thread-11] - Cannot connnect VM-120<->VM-12
 WARN 08-28 19:14:12,095 ExecutorChannelManagerMap:95 [pool-16-thread-11] - Cannot connnect VM-120<->VM-11
 WARN 08-28 19:14:12,095 ExecutorChannelManagerMap:95 [pool-16-thread-11] - Cannot connnect VM-120<->VM-10
 WARN 08-28 19:14:12,095 ExecutorChannelManagerMap:95 [pool-16-thread-11] - Cannot connnect VM-120<->VM-90
 WARN 08-28 19:14:12,095 ExecutorChannelManagerMap:95 [pool-16-thread-11] - Cannot connnect VM-120<->VM-69
 WARN 08-28 19:14:12,095 ExecutorChannelManagerMap:95 [pool-16-thread-11] - Cannot connnect VM-120<->VM-68
 WARN 08-28 19:14:12,095 ExecutorChannelManagerMap:95 [pool-16-thread-11] - Cannot connnect VM-120<->VM-67
 WARN 08-28 19:14:12,095 ExecutorChannelManagerMap:95 [pool-16-thread-11] - Cannot connnect VM-120<->VM-66
 WARN 08-28 19:14:12,095 ExecutorChannelManagerMap:95 [pool-16-thread-11] - Cannot connnect VM-120<->VM-65
 WARN 08-28 19:14:12,095 ExecutorChannelManagerMap:95 [pool-16-thread-11] - Cannot connnect VM-120<->VM-64
 WARN 08-28 19:14:12,095 ExecutorChannelManagerMap:95 [pool-16-thread-11] - Cannot connnect VM-120<->VM-63
 WARN 08-28 19:14:12,095 ExecutorChannelManagerMap:95 [pool-16-thread-11] - Cannot connnect VM-120<->VM-62
 WARN 08-28 19:14:12,095 ExecutorChannelManagerMap:95 [pool-16-thread-11] - Cannot connnect VM-120<->VM-61
 WARN 08-28 19:14:12,095 ExecutorChannelManagerMap:95 [pool-16-thread-11] - Cannot connnect VM-120<->VM-60
 WARN 08-28 19:14:12,095 ExecutorChannelManagerMap:95 [pool-16-thread-11] - Cannot connnect VM-120<->VM-79
 WARN 08-28 19:14:12,095 ExecutorChannelManagerMap:95 [pool-16-thread-11] - Cannot connnect VM-120<->VM-78
 WARN 08-28 19:14:12,095 ExecutorChannelManagerMap:95 [pool-16-thread-11] - Cannot connnect VM-120<->VM-77
 WARN 08-28 19:14:12,095 ExecutorChannelManagerMap:95 [pool-16-thread-11] - Cannot connnect VM-120<->VM-76
 WARN 08-28 19:14:12,095 ExecutorChannelManagerMap:95 [pool-16-thread-11] - Cannot connnect VM-120<->VM-75
 WARN 08-28 19:14:12,095 ExecutorChannelManagerMap:95 [pool-16-thread-11] - Cannot connnect VM-120<->VM-74
 WARN 08-28 19:14:12,095 ExecutorChannelManagerMap:95 [pool-16-thread-11] - Cannot connnect VM-120<->VM-73
 WARN 08-28 19:14:12,095 ExecutorChannelManagerMap:95 [pool-16-thread-11] - Cannot connnect VM-120<->VM-72
 WARN 08-28 19:14:12,098 ExecutorChannelManagerMap:95 [pool-16-thread-11] - Cannot connnect VM-120<->VM-71
 WARN 08-28 19:14:12,098 ExecutorChannelManagerMap:95 [pool-16-thread-11] - Cannot connnect VM-120<->VM-70
 WARN 08-28 19:14:12,098 ExecutorChannelManagerMap:95 [pool-16-thread-11] - Cannot connnect VM-120<->VM-49
 WARN 08-28 19:14:12,098 ExecutorChannelManagerMap:95 [pool-16-thread-11] - Cannot connnect VM-120<->VM-48
 WARN 08-28 19:14:12,098 ExecutorChannelManagerMap:95 [pool-16-thread-11] - Cannot connnect VM-120<->VM-47
 WARN 08-28 19:14:12,098 ExecutorChannelManagerMap:95 [pool-16-thread-11] - Cannot connnect VM-120<->VM-46
 WARN 08-28 19:14:12,098 ExecutorChannelManagerMap:95 [pool-16-thread-11] - Cannot connnect VM-120<->VM-45
 WARN 08-28 19:14:12,098 ExecutorChannelManagerMap:95 [pool-16-thread-11] - Cannot connnect VM-120<->VM-6
 WARN 08-28 19:14:12,098 ExecutorChannelManagerMap:95 [pool-16-thread-11] - Cannot connnect VM-120<->VM-44
 WARN 08-28 19:14:12,098 ExecutorChannelManagerMap:95 [pool-16-thread-11] - Cannot connnect VM-120<->VM-7
 WARN 08-28 19:14:12,098 ExecutorChannelManagerMap:95 [pool-16-thread-11] - Cannot connnect VM-120<->VM-43
 WARN 08-28 19:14:12,098 ExecutorChannelManagerMap:95 [pool-16-thread-11] - Cannot connnect VM-120<->VM-8
 WARN 08-28 19:14:12,098 ExecutorChannelManagerMap:95 [pool-16-thread-11] - Cannot connnect VM-120<->VM-42
 WARN 08-28 19:14:12,098 ExecutorChannelManagerMap:95 [pool-16-thread-11] - Cannot connnect VM-120<->VM-9
 WARN 08-28 19:14:12,098 ExecutorChannelManagerMap:95 [pool-16-thread-11] - Cannot connnect VM-120<->VM-41
 WARN 08-28 19:14:12,098 ExecutorChannelManagerMap:95 [pool-16-thread-11] - Cannot connnect VM-120<->VM-40
 WARN 08-28 19:14:12,098 ExecutorChannelManagerMap:95 [pool-16-thread-11] - Cannot connnect VM-120<->VM-59
 WARN 08-28 19:14:12,098 ExecutorChannelManagerMap:95 [pool-16-thread-11] - Cannot connnect VM-120<->VM-58
 WARN 08-28 19:14:12,098 ExecutorChannelManagerMap:95 [pool-16-thread-11] - Cannot connnect VM-120<->VM-57
 WARN 08-28 19:14:12,098 ExecutorChannelManagerMap:95 [pool-16-thread-11] - Cannot connnect VM-120<->VM-56
 WARN 08-28 19:14:12,098 ExecutorChannelManagerMap:95 [pool-16-thread-11] - Cannot connnect VM-120<->VM-55
 WARN 08-28 19:14:12,098 ExecutorChannelManagerMap:95 [pool-16-thread-11] - Cannot connnect VM-120<->VM-54
 WARN 08-28 19:14:12,098 ExecutorChannelManagerMap:95 [pool-16-thread-11] - Cannot connnect VM-120<->VM-53
 WARN 08-28 19:14:12,098 ExecutorChannelManagerMap:95 [pool-16-thread-11] - Cannot connnect VM-120<->VM-52
 WARN 08-28 19:14:12,099 ExecutorChannelManagerMap:95 [pool-16-thread-11] - Cannot connnect VM-120<->VM-51
 WARN 08-28 19:14:12,099 ExecutorChannelManagerMap:95 [pool-16-thread-11] - Cannot connnect VM-120<->VM-50
 WARN 08-28 19:14:12,099 ExecutorChannelManagerMap:95 [pool-16-thread-11] - Cannot connnect VM-120<->VM-1
 WARN 08-28 19:14:12,099 ExecutorChannelManagerMap:95 [pool-16-thread-11] - Cannot connnect VM-120<->VM-2
 WARN 08-28 19:14:12,099 ExecutorChannelManagerMap:95 [pool-16-thread-11] - Cannot connnect VM-120<->VM-3
 WARN 08-28 19:14:12,100 ExecutorChannelManagerMap:95 [pool-16-thread-11] - Cannot connnect VM-120<->VM-5
 WARN 08-28 19:14:12,100 ExecutorChannelManagerMap:95 [pool-16-thread-11] - Cannot connnect VM-120<->VM-29
 WARN 08-28 19:14:12,100 ExecutorChannelManagerMap:95 [pool-16-thread-11] - Cannot connnect VM-120<->VM-28
 WARN 08-28 19:14:12,100 ExecutorChannelManagerMap:95 [pool-16-thread-11] - Cannot connnect VM-120<->VM-27
 WARN 08-28 19:14:12,100 ExecutorChannelManagerMap:95 [pool-16-thread-11] - Cannot connnect VM-120<->VM-26
 WARN 08-28 19:14:12,100 ExecutorChannelManagerMap:95 [pool-16-thread-11] - Cannot connnect VM-120<->VM-25
 WARN 08-28 19:14:12,100 ExecutorChannelManagerMap:95 [pool-16-thread-11] - Cannot connnect VM-120<->VM-24
 WARN 08-28 19:14:12,100 ExecutorChannelManagerMap:95 [pool-16-thread-11] - Cannot connnect VM-120<->VM-23
 WARN 08-28 19:14:12,100 ExecutorChannelManagerMap:95 [pool-16-thread-11] - Cannot connnect VM-120<->VM-22
 WARN 08-28 19:14:12,100 ExecutorChannelManagerMap:106 [pool-16-thread-11] - Executor Executor4 already registered
 WARN 08-28 19:14:12,100 ExecutorChannelManagerMap:95 [pool-16-thread-11] - Cannot connnect VM-120<->VM-21
 WARN 08-28 19:14:12,100 ExecutorChannelManagerMap:106 [pool-16-thread-11] - Executor Executor3 already registered
 WARN 08-28 19:14:12,100 ExecutorChannelManagerMap:95 [pool-16-thread-11] - Cannot connnect VM-120<->VM-20
 WARN 08-28 19:14:12,100 ExecutorChannelManagerMap:95 [pool-16-thread-11] - Cannot connnect VM-120<->VM-104
 WARN 08-28 19:14:12,100 ExecutorChannelManagerMap:95 [pool-16-thread-11] - Cannot connnect VM-120<->VM-39
 WARN 08-28 19:14:12,100 ExecutorChannelManagerMap:95 [pool-16-thread-11] - Cannot connnect VM-120<->VM-38
 WARN 08-28 19:14:12,100 ExecutorChannelManagerMap:95 [pool-16-thread-11] - Cannot connnect VM-120<->VM-37
 WARN 08-28 19:14:12,100 ExecutorChannelManagerMap:95 [pool-16-thread-11] - Cannot connnect VM-120<->VM-36
 WARN 08-28 19:14:12,100 ExecutorChannelManagerMap:95 [pool-16-thread-11] - Cannot connnect VM-120<->VM-35
 WARN 08-28 19:14:12,100 ExecutorChannelManagerMap:95 [pool-16-thread-11] - Cannot connnect VM-120<->VM-34
 WARN 08-28 19:14:12,101 ExecutorChannelManagerMap:95 [pool-16-thread-11] - Cannot connnect VM-120<->VM-111
 WARN 08-28 19:14:12,101 ExecutorChannelManagerMap:95 [pool-16-thread-11] - Cannot connnect VM-120<->VM-33
 WARN 08-28 19:14:12,101 ExecutorChannelManagerMap:95 [pool-16-thread-11] - Cannot connnect VM-120<->VM-110
 WARN 08-28 19:14:12,101 ExecutorChannelManagerMap:95 [pool-16-thread-11] - Cannot connnect VM-120<->VM-32
 WARN 08-28 19:14:12,101 ExecutorChannelManagerMap:95 [pool-16-thread-11] - Cannot connnect VM-120<->VM-31
 WARN 08-28 19:14:12,101 ExecutorChannelManagerMap:95 [pool-16-thread-11] - Cannot connnect VM-120<->VM-30
 WARN 08-28 19:14:12,101 ExecutorChannelManagerMap:95 [pool-16-thread-11] - Cannot connnect VM-120<->VM-115
 WARN 08-28 19:14:12,101 ExecutorChannelManagerMap:95 [pool-16-thread-11] - Cannot connnect VM-120<->VM-114
 WARN 08-28 19:14:12,102 ExecutorChannelManagerMap:95 [pool-16-thread-11] - Cannot connnect VM-120<->VM-113
 WARN 08-28 19:14:12,102 ExecutorChannelManagerMap:95 [pool-16-thread-11] - Cannot connnect VM-120<->VM-112
 WARN 08-28 19:14:12,102 ExecutorChannelManagerMap:95 [pool-16-thread-11] - Cannot connnect VM-120<->VM-108
 WARN 08-28 19:14:12,102 ExecutorChannelManagerMap:95 [pool-16-thread-11] - Cannot connnect VM-120<->VM-107
 WARN 08-28 19:14:12,102 ExecutorChannelManagerMap:95 [pool-16-thread-11] - Cannot connnect VM-120<->VM-106
 WARN 08-28 19:14:12,102 ExecutorChannelManagerMap:95 [pool-16-thread-11] - Cannot connnect VM-120<->VM-105
 WARN 08-28 19:14:12,102 ExecutorChannelManagerMap:106 [pool-16-thread-11] - Executor Executor2 already registered
 WARN 08-28 19:14:12,102 ExecutorChannelManagerMap:106 [pool-16-thread-11] - Executor Executor1 already registered
 WARN 08-28 19:14:12,102 ExecutorChannelManagerMap:106 [pool-16-thread-11] - Executor Executor0 already registered
 WARN 08-28 19:14:12,102 ExecutorChannelManagerMap:95 [pool-16-thread-11] - Cannot connnect VM-120<->VM-109
 INFO 08-28 19:14:12,447 SystemLoadProfiler:50 [pool-8-thread-1] - Average CPU Load: 0.14 in VM-120
 INFO 08-28 19:14:12,447 TaskEventRateCalculator:78 [pool-8-thread-1] - ---- Start of task processed event (# tasks: 0 in executor VM-120)----
----- End of taks processed event ----

 INFO 08-28 19:14:12,447 CpuBottleneckDetectorImpl:63 [pool-8-thread-1] - Current cpu load: 0.14, # processed events: 0, consecutive: 0/2, threshold: 0.9 in VM-120
 INFO 08-28 19:14:13,447 SystemLoadProfiler:50 [pool-8-thread-1] - Average CPU Load: 0.0 in VM-120
 INFO 08-28 19:14:13,447 TaskEventRateCalculator:78 [pool-8-thread-1] - ---- Start of task processed event (# tasks: 0 in executor VM-120)----
----- End of taks processed event ----

 INFO 08-28 19:14:13,447 CpuBottleneckDetectorImpl:63 [pool-8-thread-1] - Current cpu load: 0.0, # processed events: 0, consecutive: 0/2, threshold: 0.9 in VM-120
 INFO 08-28 19:14:13,569 Executor$ExecutorMessageReceiver:1217 [pool-16-thread-11] - Task scheduled Stage12-0-0,VM-109 received at VM-120
 INFO 08-28 19:14:13,672 Executor$ExecutorMessageReceiver:1217 [pool-16-thread-11] - Task scheduled Stage12-2-0,VM-108 received at VM-120
 INFO 08-28 19:14:13,674 Executor$ExecutorMessageReceiver:1217 [pool-16-thread-11] - Task scheduled Stage6-1-0,VM-110 received at VM-120
 INFO 08-28 19:14:13,676 Executor$ExecutorMessageReceiver:1217 [pool-16-thread-11] - Task scheduled Stage6-3-0,VM-116 received at VM-120
 INFO 08-28 19:14:13,689 Executor$ExecutorMessageReceiver:1217 [pool-16-thread-11] - Task scheduled Stage12-3-0,VM-107 received at VM-120
 INFO 08-28 19:14:13,880 Executor$ExecutorMessageReceiver:1217 [pool-16-thread-11] - Task scheduled Stage6-0-0,VM-77 received at VM-120
 INFO 08-28 19:14:13,944 Executor$ExecutorMessageReceiver:1217 [pool-16-thread-11] - Task scheduled Stage15-0-0,VM-114 received at VM-120
 INFO 08-28 19:14:13,967 Executor$ExecutorMessageReceiver:1217 [pool-16-thread-11] - Task scheduled Stage9-3-0,VM-111 received at VM-120
 INFO 08-28 19:14:13,987 Executor$ExecutorMessageReceiver:1217 [pool-16-thread-11] - Task scheduled Stage9-1-0,VM-112 received at VM-120
 INFO 08-28 19:14:14,019 Executor$ExecutorMessageReceiver:1217 [pool-16-thread-11] - Task scheduled Stage9-2-0,VM-78 received at VM-120
 INFO 08-28 19:14:14,021 Executor$ExecutorMessageReceiver:1217 [pool-16-thread-11] - Task scheduled Stage15-2-0,VM-113 received at VM-120
 INFO 08-28 19:14:14,119 Executor$ExecutorMessageReceiver:1217 [pool-16-thread-11] - Task scheduled Stage6-2-0,VM-76 received at VM-120
 INFO 08-28 19:14:14,324 Executor$ExecutorMessageReceiver:1217 [pool-16-thread-11] - Task scheduled Stage12-1-0,VM-70 received at VM-120
 INFO 08-28 19:14:14,401 Executor$ExecutorMessageReceiver:1217 [pool-16-thread-11] - Task scheduled Stage15-1-0,VM-72 received at VM-120
 INFO 08-28 19:14:14,447 SystemLoadProfiler:50 [pool-8-thread-1] - Average CPU Load: 0.0 in VM-120
 INFO 08-28 19:14:14,447 TaskEventRateCalculator:78 [pool-8-thread-1] - ---- Start of task processed event (# tasks: 0 in executor VM-120)----
----- End of taks processed event ----

 INFO 08-28 19:14:14,447 CpuBottleneckDetectorImpl:63 [pool-8-thread-1] - Current cpu load: 0.0, # processed events: 0, consecutive: 0/2, threshold: 0.9 in VM-120
 INFO 08-28 19:14:14,449 Executor$ExecutorMessageReceiver:1217 [pool-16-thread-11] - Task scheduled Stage3-2-0,VM-115 received at VM-120
 INFO 08-28 19:14:14,553 Executor$ExecutorMessageReceiver:1217 [pool-16-thread-11] - Task scheduled Stage15-3-0,VM-71 received at VM-120
 INFO 08-28 19:14:14,626 Executor$ExecutorMessageReceiver:1217 [pool-16-thread-11] - Task scheduled Stage9-0-0,VM-79 received at VM-120
 INFO 08-28 19:14:14,660 Executor$ExecutorMessageReceiver:1217 [pool-16-thread-11] - Task scheduled Stage3-0-0,VM-75 received at VM-120
 INFO 08-28 19:14:14,918 Executor$ExecutorMessageReceiver:1217 [pool-16-thread-11] - Task scheduled Stage3-3-0,VM-73 received at VM-120
 INFO 08-28 19:14:15,064 Executor$ExecutorMessageReceiver:1217 [pool-16-thread-11] - Task scheduled Stage3-1-0,VM-74 received at VM-120
 INFO 08-28 19:14:15,447 SystemLoadProfiler:50 [pool-8-thread-1] - Average CPU Load: 0.0 in VM-120
 INFO 08-28 19:14:15,447 TaskEventRateCalculator:78 [pool-8-thread-1] - ---- Start of task processed event (# tasks: 0 in executor VM-120)----
----- End of taks processed event ----

 INFO 08-28 19:14:15,447 CpuBottleneckDetectorImpl:63 [pool-8-thread-1] - Current cpu load: 0.0, # processed events: 0, consecutive: 0/2, threshold: 0.9 in VM-120
 INFO 08-28 19:14:16,447 SystemLoadProfiler:50 [pool-8-thread-1] - Average CPU Load: 0.0 in VM-120
 INFO 08-28 19:14:16,447 TaskEventRateCalculator:78 [pool-8-thread-1] - ---- Start of task processed event (# tasks: 0 in executor VM-120)----
----- End of taks processed event ----

 INFO 08-28 19:14:16,447 CpuBottleneckDetectorImpl:63 [pool-8-thread-1] - Current cpu load: 0.0, # processed events: 0, consecutive: 0/2, threshold: 0.9 in VM-120
 INFO 08-28 19:14:17,447 SystemLoadProfiler:50 [pool-8-thread-1] - Average CPU Load: 0.0 in VM-120
 INFO 08-28 19:14:17,447 TaskEventRateCalculator:78 [pool-8-thread-1] - ---- Start of task processed event (# tasks: 0 in executor VM-120)----
----- End of taks processed event ----

 INFO 08-28 19:14:17,447 CpuBottleneckDetectorImpl:63 [pool-8-thread-1] - Current cpu load: 0.0, # processed events: 0, consecutive: 0/2, threshold: 0.9 in VM-120
 INFO 08-28 19:14:18,447 SystemLoadProfiler:50 [pool-8-thread-1] - Average CPU Load: 0.0 in VM-120
 INFO 08-28 19:14:18,447 TaskEventRateCalculator:78 [pool-8-thread-1] - ---- Start of task processed event (# tasks: 0 in executor VM-120)----
----- End of taks processed event ----

 INFO 08-28 19:14:18,447 CpuBottleneckDetectorImpl:63 [pool-8-thread-1] - Current cpu load: 0.0, # processed events: 0, consecutive: 0/2, threshold: 0.9 in VM-120
 INFO 08-28 19:14:19,447 SystemLoadProfiler:50 [pool-8-thread-1] - Average CPU Load: 0.0 in VM-120
 INFO 08-28 19:14:19,447 TaskEventRateCalculator:78 [pool-8-thread-1] - ---- Start of task processed event (# tasks: 0 in executor VM-120)----
----- End of taks processed event ----

 INFO 08-28 19:14:19,447 CpuBottleneckDetectorImpl:63 [pool-8-thread-1] - Current cpu load: 0.0, # processed events: 0, consecutive: 0/2, threshold: 0.9 in VM-120
 INFO 08-28 19:14:20,447 SystemLoadProfiler:50 [pool-8-thread-1] - Average CPU Load: 0.0 in VM-120
 INFO 08-28 19:14:20,447 TaskEventRateCalculator:78 [pool-8-thread-1] - ---- Start of task processed event (# tasks: 0 in executor VM-120)----
----- End of taks processed event ----

 INFO 08-28 19:14:20,447 CpuBottleneckDetectorImpl:63 [pool-8-thread-1] - Current cpu load: 0.0, # processed events: 0, consecutive: 0/2, threshold: 0.9 in VM-120
 INFO 08-28 19:14:21,447 SystemLoadProfiler:50 [pool-8-thread-1] - Average CPU Load: 0.0 in VM-120
 INFO 08-28 19:14:21,447 TaskEventRateCalculator:78 [pool-8-thread-1] - ---- Start of task processed event (# tasks: 0 in executor VM-120)----
----- End of taks processed event ----

 INFO 08-28 19:14:21,447 CpuBottleneckDetectorImpl:63 [pool-8-thread-1] - Current cpu load: 0.0, # processed events: 0, consecutive: 0/2, threshold: 0.9 in VM-120
 INFO 08-28 19:14:22,447 SystemLoadProfiler:50 [pool-8-thread-1] - Average CPU Load: 0.0 in VM-120
 INFO 08-28 19:14:22,447 TaskEventRateCalculator:78 [pool-8-thread-1] - ---- Start of task processed event (# tasks: 0 in executor VM-120)----
----- End of taks processed event ----

 INFO 08-28 19:14:22,447 CpuBottleneckDetectorImpl:63 [pool-8-thread-1] - Current cpu load: 0.0, # processed events: 0, consecutive: 0/2, threshold: 0.9 in VM-120
 INFO 08-28 19:14:23,447 SystemLoadProfiler:50 [pool-8-thread-1] - Average CPU Load: 0.0 in VM-120
 INFO 08-28 19:14:23,447 TaskEventRateCalculator:78 [pool-8-thread-1] - ---- Start of task processed event (# tasks: 0 in executor VM-120)----
----- End of taks processed event ----

 INFO 08-28 19:14:23,447 CpuBottleneckDetectorImpl:63 [pool-8-thread-1] - Current cpu load: 0.0, # processed events: 0, consecutive: 0/2, threshold: 0.9 in VM-120
 INFO 08-28 19:14:24,447 SystemLoadProfiler:50 [pool-8-thread-1] - Average CPU Load: 0.0 in VM-120
 INFO 08-28 19:14:24,447 TaskEventRateCalculator:78 [pool-8-thread-1] - ---- Start of task processed event (# tasks: 0 in executor VM-120)----
----- End of taks processed event ----

 INFO 08-28 19:14:24,447 CpuBottleneckDetectorImpl:63 [pool-8-thread-1] - Current cpu load: 0.0, # processed events: 0, consecutive: 0/2, threshold: 0.9 in VM-120
 INFO 08-28 19:14:25,447 SystemLoadProfiler:50 [pool-8-thread-1] - Average CPU Load: 0.0 in VM-120
 INFO 08-28 19:14:25,447 TaskEventRateCalculator:78 [pool-8-thread-1] - ---- Start of task processed event (# tasks: 0 in executor VM-120)----
----- End of taks processed event ----

 INFO 08-28 19:14:25,447 CpuBottleneckDetectorImpl:63 [pool-8-thread-1] - Current cpu load: 0.0, # processed events: 0, consecutive: 0/2, threshold: 0.9 in VM-120
 INFO 08-28 19:14:26,447 SystemLoadProfiler:50 [pool-8-thread-1] - Average CPU Load: 0.0 in VM-120
 INFO 08-28 19:14:26,447 TaskEventRateCalculator:78 [pool-8-thread-1] - ---- Start of task processed event (# tasks: 0 in executor VM-120)----
----- End of taks processed event ----

 INFO 08-28 19:14:26,447 CpuBottleneckDetectorImpl:63 [pool-8-thread-1] - Current cpu load: 0.0, # processed events: 0, consecutive: 0/2, threshold: 0.9 in VM-120
 INFO 08-28 19:14:27,447 SystemLoadProfiler:50 [pool-8-thread-1] - Average CPU Load: 0.0 in VM-120
 INFO 08-28 19:14:27,447 TaskEventRateCalculator:78 [pool-8-thread-1] - ---- Start of task processed event (# tasks: 0 in executor VM-120)----
----- End of taks processed event ----

 INFO 08-28 19:14:27,447 CpuBottleneckDetectorImpl:63 [pool-8-thread-1] - Current cpu load: 0.0, # processed events: 0, consecutive: 0/2, threshold: 0.9 in VM-120
 INFO 08-28 19:14:28,447 SystemLoadProfiler:50 [pool-8-thread-1] - Average CPU Load: 0.0 in VM-120
 INFO 08-28 19:14:28,447 TaskEventRateCalculator:78 [pool-8-thread-1] - ---- Start of task processed event (# tasks: 0 in executor VM-120)----
----- End of taks processed event ----

 INFO 08-28 19:14:28,447 CpuBottleneckDetectorImpl:63 [pool-8-thread-1] - Current cpu load: 0.0, # processed events: 0, consecutive: 0/2, threshold: 0.9 in VM-120
 INFO 08-28 19:14:29,447 SystemLoadProfiler:50 [pool-8-thread-1] - Average CPU Load: 0.0 in VM-120
 INFO 08-28 19:14:29,447 TaskEventRateCalculator:78 [pool-8-thread-1] - ---- Start of task processed event (# tasks: 0 in executor VM-120)----
----- End of taks processed event ----

 INFO 08-28 19:14:29,447 CpuBottleneckDetectorImpl:63 [pool-8-thread-1] - Current cpu load: 0.0, # processed events: 0, consecutive: 0/2, threshold: 0.9 in VM-120
 INFO 08-28 19:14:30,447 SystemLoadProfiler:50 [pool-8-thread-1] - Average CPU Load: 0.0 in VM-120
 INFO 08-28 19:14:30,447 TaskEventRateCalculator:78 [pool-8-thread-1] - ---- Start of task processed event (# tasks: 0 in executor VM-120)----
----- End of taks processed event ----

 INFO 08-28 19:14:30,447 CpuBottleneckDetectorImpl:63 [pool-8-thread-1] - Current cpu load: 0.0, # processed events: 0, consecutive: 0/2, threshold: 0.9 in VM-120
 INFO 08-28 19:14:31,447 SystemLoadProfiler:50 [pool-8-thread-1] - Average CPU Load: 0.0 in VM-120
 INFO 08-28 19:14:31,447 TaskEventRateCalculator:78 [pool-8-thread-1] - ---- Start of task processed event (# tasks: 0 in executor VM-120)----
----- End of taks processed event ----

 INFO 08-28 19:14:31,447 CpuBottleneckDetectorImpl:63 [pool-8-thread-1] - Current cpu load: 0.0, # processed events: 0, consecutive: 0/2, threshold: 0.9 in VM-120
 INFO 08-28 19:14:32,447 SystemLoadProfiler:50 [pool-8-thread-1] - Average CPU Load: 0.0 in VM-120
 INFO 08-28 19:14:32,447 TaskEventRateCalculator:78 [pool-8-thread-1] - ---- Start of task processed event (# tasks: 0 in executor VM-120)----
----- End of taks processed event ----

 INFO 08-28 19:14:32,447 CpuBottleneckDetectorImpl:63 [pool-8-thread-1] - Current cpu load: 0.0, # processed events: 0, consecutive: 0/2, threshold: 0.9 in VM-120
 INFO 08-28 19:14:33,447 SystemLoadProfiler:50 [pool-8-thread-1] - Average CPU Load: 0.0 in VM-120
 INFO 08-28 19:14:33,447 TaskEventRateCalculator:78 [pool-8-thread-1] - ---- Start of task processed event (# tasks: 0 in executor VM-120)----
----- End of taks processed event ----

 INFO 08-28 19:14:33,447 CpuBottleneckDetectorImpl:63 [pool-8-thread-1] - Current cpu load: 0.0, # processed events: 0, consecutive: 0/2, threshold: 0.9 in VM-120
 INFO 08-28 19:14:34,447 SystemLoadProfiler:50 [pool-8-thread-1] - Average CPU Load: 0.0 in VM-120
 INFO 08-28 19:14:34,447 TaskEventRateCalculator:78 [pool-8-thread-1] - ---- Start of task processed event (# tasks: 0 in executor VM-120)----
----- End of taks processed event ----

 INFO 08-28 19:14:34,447 CpuBottleneckDetectorImpl:63 [pool-8-thread-1] - Current cpu load: 0.0, # processed events: 0, consecutive: 0/2, threshold: 0.9 in VM-120
 INFO 08-28 19:14:35,447 SystemLoadProfiler:50 [pool-8-thread-1] - Average CPU Load: 0.0 in VM-120
 INFO 08-28 19:14:35,447 TaskEventRateCalculator:78 [pool-8-thread-1] - ---- Start of task processed event (# tasks: 0 in executor VM-120)----
----- End of taks processed event ----

 INFO 08-28 19:14:35,447 CpuBottleneckDetectorImpl:63 [pool-8-thread-1] - Current cpu load: 0.0, # processed events: 0, consecutive: 0/2, threshold: 0.9 in VM-120
 INFO 08-28 19:14:36,447 SystemLoadProfiler:50 [pool-8-thread-1] - Average CPU Load: 0.0 in VM-120
 INFO 08-28 19:14:36,447 TaskEventRateCalculator:78 [pool-8-thread-1] - ---- Start of task processed event (# tasks: 0 in executor VM-120)----
----- End of taks processed event ----

 INFO 08-28 19:14:36,447 CpuBottleneckDetectorImpl:63 [pool-8-thread-1] - Current cpu load: 0.0, # processed events: 0, consecutive: 0/2, threshold: 0.9 in VM-120
 INFO 08-28 19:14:37,447 SystemLoadProfiler:50 [pool-8-thread-1] - Average CPU Load: 0.0 in VM-120
 INFO 08-28 19:14:37,447 TaskEventRateCalculator:78 [pool-8-thread-1] - ---- Start of task processed event (# tasks: 0 in executor VM-120)----
----- End of taks processed event ----

 INFO 08-28 19:14:37,447 CpuBottleneckDetectorImpl:63 [pool-8-thread-1] - Current cpu load: 0.0, # processed events: 0, consecutive: 0/2, threshold: 0.9 in VM-120
 INFO 08-28 19:14:38,447 SystemLoadProfiler:50 [pool-8-thread-1] - Average CPU Load: 0.0 in VM-120
 INFO 08-28 19:14:38,447 TaskEventRateCalculator:78 [pool-8-thread-1] - ---- Start of task processed event (# tasks: 0 in executor VM-120)----
----- End of taks processed event ----

 INFO 08-28 19:14:38,447 CpuBottleneckDetectorImpl:63 [pool-8-thread-1] - Current cpu load: 0.0, # processed events: 0, consecutive: 0/2, threshold: 0.9 in VM-120
 INFO 08-28 19:14:39,447 SystemLoadProfiler:50 [pool-8-thread-1] - Average CPU Load: 0.0 in VM-120
 INFO 08-28 19:14:39,447 TaskEventRateCalculator:78 [pool-8-thread-1] - ---- Start of task processed event (# tasks: 0 in executor VM-120)----
----- End of taks processed event ----

 INFO 08-28 19:14:39,447 CpuBottleneckDetectorImpl:63 [pool-8-thread-1] - Current cpu load: 0.0, # processed events: 0, consecutive: 0/2, threshold: 0.9 in VM-120
 INFO 08-28 19:14:40,447 SystemLoadProfiler:50 [pool-8-thread-1] - Average CPU Load: 0.0 in VM-120
 INFO 08-28 19:14:40,447 TaskEventRateCalculator:78 [pool-8-thread-1] - ---- Start of task processed event (# tasks: 0 in executor VM-120)----
----- End of taks processed event ----

 INFO 08-28 19:14:40,447 CpuBottleneckDetectorImpl:63 [pool-8-thread-1] - Current cpu load: 0.0, # processed events: 0, consecutive: 0/2, threshold: 0.9 in VM-120
 INFO 08-28 19:14:41,447 SystemLoadProfiler:50 [pool-8-thread-1] - Average CPU Load: 0.0 in VM-120
 INFO 08-28 19:14:41,447 TaskEventRateCalculator:78 [pool-8-thread-1] - ---- Start of task processed event (# tasks: 0 in executor VM-120)----
----- End of taks processed event ----

 INFO 08-28 19:14:41,447 CpuBottleneckDetectorImpl:63 [pool-8-thread-1] - Current cpu load: 0.0, # processed events: 0, consecutive: 0/2, threshold: 0.9 in VM-120
 INFO 08-28 19:14:42,447 SystemLoadProfiler:50 [pool-8-thread-1] - Average CPU Load: 0.0 in VM-120
 INFO 08-28 19:14:42,447 TaskEventRateCalculator:78 [pool-8-thread-1] - ---- Start of task processed event (# tasks: 0 in executor VM-120)----
----- End of taks processed event ----

 INFO 08-28 19:14:42,447 CpuBottleneckDetectorImpl:63 [pool-8-thread-1] - Current cpu load: 0.0, # processed events: 0, consecutive: 0/2, threshold: 0.9 in VM-120
 INFO 08-28 19:14:43,447 SystemLoadProfiler:50 [pool-8-thread-1] - Average CPU Load: 0.0 in VM-120
 INFO 08-28 19:14:43,447 TaskEventRateCalculator:78 [pool-8-thread-1] - ---- Start of task processed event (# tasks: 0 in executor VM-120)----
----- End of taks processed event ----

 INFO 08-28 19:14:43,447 CpuBottleneckDetectorImpl:63 [pool-8-thread-1] - Current cpu load: 0.0, # processed events: 0, consecutive: 0/2, threshold: 0.9 in VM-120
 INFO 08-28 19:14:44,447 SystemLoadProfiler:50 [pool-8-thread-1] - Average CPU Load: 0.0 in VM-120
 INFO 08-28 19:14:44,447 TaskEventRateCalculator:78 [pool-8-thread-1] - ---- Start of task processed event (# tasks: 0 in executor VM-120)----
----- End of taks processed event ----

 INFO 08-28 19:14:44,447 CpuBottleneckDetectorImpl:63 [pool-8-thread-1] - Current cpu load: 0.0, # processed events: 0, consecutive: 0/2, threshold: 0.9 in VM-120
 INFO 08-28 19:14:45,447 SystemLoadProfiler:50 [pool-8-thread-1] - Average CPU Load: 0.0 in VM-120
 INFO 08-28 19:14:45,447 TaskEventRateCalculator:78 [pool-8-thread-1] - ---- Start of task processed event (# tasks: 0 in executor VM-120)----
----- End of taks processed event ----

 INFO 08-28 19:14:45,447 CpuBottleneckDetectorImpl:63 [pool-8-thread-1] - Current cpu load: 0.0, # processed events: 0, consecutive: 0/2, threshold: 0.9 in VM-120
 INFO 08-28 19:14:46,447 SystemLoadProfiler:50 [pool-8-thread-1] - Average CPU Load: 0.0 in VM-120
 INFO 08-28 19:14:46,447 TaskEventRateCalculator:78 [pool-8-thread-1] - ---- Start of task processed event (# tasks: 0 in executor VM-120)----
----- End of taks processed event ----

 INFO 08-28 19:14:46,447 CpuBottleneckDetectorImpl:63 [pool-8-thread-1] - Current cpu load: 0.0, # processed events: 0, consecutive: 0/2, threshold: 0.9 in VM-120
 INFO 08-28 19:14:47,447 SystemLoadProfiler:50 [pool-8-thread-1] - Average CPU Load: 0.0 in VM-120
 INFO 08-28 19:14:47,447 TaskEventRateCalculator:78 [pool-8-thread-1] - ---- Start of task processed event (# tasks: 0 in executor VM-120)----
----- End of taks processed event ----

 INFO 08-28 19:14:47,447 CpuBottleneckDetectorImpl:63 [pool-8-thread-1] - Current cpu load: 0.0, # processed events: 0, consecutive: 0/2, threshold: 0.9 in VM-120
 INFO 08-28 19:14:48,447 SystemLoadProfiler:50 [pool-8-thread-1] - Average CPU Load: 0.0 in VM-120
 INFO 08-28 19:14:48,447 TaskEventRateCalculator:78 [pool-8-thread-1] - ---- Start of task processed event (# tasks: 0 in executor VM-120)----
----- End of taks processed event ----

 INFO 08-28 19:14:48,447 CpuBottleneckDetectorImpl:63 [pool-8-thread-1] - Current cpu load: 0.0, # processed events: 0, consecutive: 0/2, threshold: 0.9 in VM-120
 INFO 08-28 19:14:49,447 SystemLoadProfiler:50 [pool-8-thread-1] - Average CPU Load: 0.0 in VM-120
 INFO 08-28 19:14:49,447 TaskEventRateCalculator:78 [pool-8-thread-1] - ---- Start of task processed event (# tasks: 0 in executor VM-120)----
----- End of taks processed event ----

 INFO 08-28 19:14:49,447 CpuBottleneckDetectorImpl:63 [pool-8-thread-1] - Current cpu load: 0.0, # processed events: 0, consecutive: 0/2, threshold: 0.9 in VM-120
 INFO 08-28 19:14:50,447 SystemLoadProfiler:50 [pool-8-thread-1] - Average CPU Load: 0.0 in VM-120
 INFO 08-28 19:14:50,447 TaskEventRateCalculator:78 [pool-8-thread-1] - ---- Start of task processed event (# tasks: 0 in executor VM-120)----
----- End of taks processed event ----

 INFO 08-28 19:14:50,447 CpuBottleneckDetectorImpl:63 [pool-8-thread-1] - Current cpu load: 0.0, # processed events: 0, consecutive: 0/2, threshold: 0.9 in VM-120
 INFO 08-28 19:14:51,447 SystemLoadProfiler:50 [pool-8-thread-1] - Average CPU Load: 0.0 in VM-120
 INFO 08-28 19:14:51,447 TaskEventRateCalculator:78 [pool-8-thread-1] - ---- Start of task processed event (# tasks: 0 in executor VM-120)----
----- End of taks processed event ----

 INFO 08-28 19:14:51,447 CpuBottleneckDetectorImpl:63 [pool-8-thread-1] - Current cpu load: 0.0, # processed events: 0, consecutive: 0/2, threshold: 0.9 in VM-120
 INFO 08-28 19:14:52,447 SystemLoadProfiler:50 [pool-8-thread-1] - Average CPU Load: 0.0 in VM-120
 INFO 08-28 19:14:52,447 TaskEventRateCalculator:78 [pool-8-thread-1] - ---- Start of task processed event (# tasks: 0 in executor VM-120)----
----- End of taks processed event ----

 INFO 08-28 19:14:52,447 CpuBottleneckDetectorImpl:63 [pool-8-thread-1] - Current cpu load: 0.0, # processed events: 0, consecutive: 0/2, threshold: 0.9 in VM-120
 INFO 08-28 19:14:53,447 SystemLoadProfiler:50 [pool-8-thread-1] - Average CPU Load: 0.0 in VM-120
 INFO 08-28 19:14:53,447 TaskEventRateCalculator:78 [pool-8-thread-1] - ---- Start of task processed event (# tasks: 0 in executor VM-120)----
----- End of taks processed event ----

 INFO 08-28 19:14:53,447 CpuBottleneckDetectorImpl:63 [pool-8-thread-1] - Current cpu load: 0.0, # processed events: 0, consecutive: 0/2, threshold: 0.9 in VM-120
 INFO 08-28 19:14:54,447 SystemLoadProfiler:50 [pool-8-thread-1] - Average CPU Load: 0.0 in VM-120
 INFO 08-28 19:14:54,447 TaskEventRateCalculator:78 [pool-8-thread-1] - ---- Start of task processed event (# tasks: 0 in executor VM-120)----
----- End of taks processed event ----

 INFO 08-28 19:14:54,447 CpuBottleneckDetectorImpl:63 [pool-8-thread-1] - Current cpu load: 0.0, # processed events: 0, consecutive: 0/2, threshold: 0.9 in VM-120
 INFO 08-28 19:14:55,447 SystemLoadProfiler:50 [pool-8-thread-1] - Average CPU Load: 0.0 in VM-120
 INFO 08-28 19:14:55,447 TaskEventRateCalculator:78 [pool-8-thread-1] - ---- Start of task processed event (# tasks: 0 in executor VM-120)----
----- End of taks processed event ----

 INFO 08-28 19:14:55,447 CpuBottleneckDetectorImpl:63 [pool-8-thread-1] - Current cpu load: 0.0, # processed events: 0, consecutive: 0/2, threshold: 0.9 in VM-120
 INFO 08-28 19:14:56,447 SystemLoadProfiler:50 [pool-8-thread-1] - Average CPU Load: 0.0 in VM-120
 INFO 08-28 19:14:56,447 TaskEventRateCalculator:78 [pool-8-thread-1] - ---- Start of task processed event (# tasks: 0 in executor VM-120)----
----- End of taks processed event ----

 INFO 08-28 19:14:56,447 CpuBottleneckDetectorImpl:63 [pool-8-thread-1] - Current cpu load: 0.0, # processed events: 0, consecutive: 0/2, threshold: 0.9 in VM-120
 INFO 08-28 19:14:57,447 SystemLoadProfiler:50 [pool-8-thread-1] - Average CPU Load: 0.0 in VM-120
 INFO 08-28 19:14:57,447 TaskEventRateCalculator:78 [pool-8-thread-1] - ---- Start of task processed event (# tasks: 0 in executor VM-120)----
----- End of taks processed event ----

 INFO 08-28 19:14:57,447 CpuBottleneckDetectorImpl:63 [pool-8-thread-1] - Current cpu load: 0.0, # processed events: 0, consecutive: 0/2, threshold: 0.9 in VM-120
 INFO 08-28 19:14:58,447 SystemLoadProfiler:50 [pool-8-thread-1] - Average CPU Load: 0.0 in VM-120
 INFO 08-28 19:14:58,447 TaskEventRateCalculator:78 [pool-8-thread-1] - ---- Start of task processed event (# tasks: 0 in executor VM-120)----
----- End of taks processed event ----

 INFO 08-28 19:14:58,447 CpuBottleneckDetectorImpl:63 [pool-8-thread-1] - Current cpu load: 0.0, # processed events: 0, consecutive: 0/2, threshold: 0.9 in VM-120
 INFO 08-28 19:14:59,447 SystemLoadProfiler:50 [pool-8-thread-1] - Average CPU Load: 0.0 in VM-120
 INFO 08-28 19:14:59,447 TaskEventRateCalculator:78 [pool-8-thread-1] - ---- Start of task processed event (# tasks: 0 in executor VM-120)----
----- End of taks processed event ----

 INFO 08-28 19:14:59,447 CpuBottleneckDetectorImpl:63 [pool-8-thread-1] - Current cpu load: 0.0, # processed events: 0, consecutive: 0/2, threshold: 0.9 in VM-120
 INFO 08-28 19:15:00,447 SystemLoadProfiler:50 [pool-8-thread-1] - Average CPU Load: 0.0 in VM-120
 INFO 08-28 19:15:00,447 TaskEventRateCalculator:78 [pool-8-thread-1] - ---- Start of task processed event (# tasks: 0 in executor VM-120)----
----- End of taks processed event ----

 INFO 08-28 19:15:00,447 CpuBottleneckDetectorImpl:63 [pool-8-thread-1] - Current cpu load: 0.0, # processed events: 0, consecutive: 0/2, threshold: 0.9 in VM-120
 INFO 08-28 19:15:01,447 SystemLoadProfiler:50 [pool-8-thread-1] - Average CPU Load: 0.0 in VM-120
 INFO 08-28 19:15:01,447 TaskEventRateCalculator:78 [pool-8-thread-1] - ---- Start of task processed event (# tasks: 0 in executor VM-120)----
----- End of taks processed event ----

 INFO 08-28 19:15:01,447 CpuBottleneckDetectorImpl:63 [pool-8-thread-1] - Current cpu load: 0.0, # processed events: 0, consecutive: 0/2, threshold: 0.9 in VM-120
 INFO 08-28 19:15:02,447 SystemLoadProfiler:50 [pool-8-thread-1] - Average CPU Load: 0.0 in VM-120
 INFO 08-28 19:15:02,447 TaskEventRateCalculator:78 [pool-8-thread-1] - ---- Start of task processed event (# tasks: 0 in executor VM-120)----
----- End of taks processed event ----

 INFO 08-28 19:15:02,447 CpuBottleneckDetectorImpl:63 [pool-8-thread-1] - Current cpu load: 0.0, # processed events: 0, consecutive: 0/2, threshold: 0.9 in VM-120
 INFO 08-28 19:15:03,447 SystemLoadProfiler:50 [pool-8-thread-1] - Average CPU Load: 0.0 in VM-120
 INFO 08-28 19:15:03,447 TaskEventRateCalculator:78 [pool-8-thread-1] - ---- Start of task processed event (# tasks: 0 in executor VM-120)----
----- End of taks processed event ----

 INFO 08-28 19:15:03,447 CpuBottleneckDetectorImpl:63 [pool-8-thread-1] - Current cpu load: 0.0, # processed events: 0, consecutive: 0/2, threshold: 0.9 in VM-120
 INFO 08-28 19:15:04,447 SystemLoadProfiler:50 [pool-8-thread-1] - Average CPU Load: 0.0 in VM-120
 INFO 08-28 19:15:04,447 TaskEventRateCalculator:78 [pool-8-thread-1] - ---- Start of task processed event (# tasks: 0 in executor VM-120)----
----- End of taks processed event ----

 INFO 08-28 19:15:04,447 CpuBottleneckDetectorImpl:63 [pool-8-thread-1] - Current cpu load: 0.0, # processed events: 0, consecutive: 0/2, threshold: 0.9 in VM-120
 INFO 08-28 19:15:05,447 SystemLoadProfiler:50 [pool-8-thread-1] - Average CPU Load: 0.0 in VM-120
 INFO 08-28 19:15:05,447 TaskEventRateCalculator:78 [pool-8-thread-1] - ---- Start of task processed event (# tasks: 0 in executor VM-120)----
----- End of taks processed event ----

 INFO 08-28 19:15:05,447 CpuBottleneckDetectorImpl:63 [pool-8-thread-1] - Current cpu load: 0.0, # processed events: 0, consecutive: 0/2, threshold: 0.9 in VM-120
 INFO 08-28 19:15:06,447 SystemLoadProfiler:50 [pool-8-thread-1] - Average CPU Load: 0.0 in VM-120
 INFO 08-28 19:15:06,447 TaskEventRateCalculator:78 [pool-8-thread-1] - ---- Start of task processed event (# tasks: 0 in executor VM-120)----
----- End of taks processed event ----

 INFO 08-28 19:15:06,447 CpuBottleneckDetectorImpl:63 [pool-8-thread-1] - Current cpu load: 0.0, # processed events: 0, consecutive: 0/2, threshold: 0.9 in VM-120
 INFO 08-28 19:15:07,447 SystemLoadProfiler:50 [pool-8-thread-1] - Average CPU Load: 0.0 in VM-120
 INFO 08-28 19:15:07,447 TaskEventRateCalculator:78 [pool-8-thread-1] - ---- Start of task processed event (# tasks: 0 in executor VM-120)----
----- End of taks processed event ----

 INFO 08-28 19:15:07,447 CpuBottleneckDetectorImpl:63 [pool-8-thread-1] - Current cpu load: 0.0, # processed events: 0, consecutive: 0/2, threshold: 0.9 in VM-120
 INFO 08-28 19:15:08,447 SystemLoadProfiler:50 [pool-8-thread-1] - Average CPU Load: 0.0 in VM-120
 INFO 08-28 19:15:08,447 TaskEventRateCalculator:78 [pool-8-thread-1] - ---- Start of task processed event (# tasks: 0 in executor VM-120)----
----- End of taks processed event ----

 INFO 08-28 19:15:08,447 CpuBottleneckDetectorImpl:63 [pool-8-thread-1] - Current cpu load: 0.0, # processed events: 0, consecutive: 0/2, threshold: 0.9 in VM-120
 INFO 08-28 19:15:09,447 SystemLoadProfiler:50 [pool-8-thread-1] - Average CPU Load: 0.0 in VM-120
 INFO 08-28 19:15:09,447 TaskEventRateCalculator:78 [pool-8-thread-1] - ---- Start of task processed event (# tasks: 0 in executor VM-120)----
----- End of taks processed event ----

 INFO 08-28 19:15:09,447 CpuBottleneckDetectorImpl:63 [pool-8-thread-1] - Current cpu load: 0.0, # processed events: 0, consecutive: 0/2, threshold: 0.9 in VM-120
 INFO 08-28 19:15:10,447 SystemLoadProfiler:50 [pool-8-thread-1] - Average CPU Load: 0.0 in VM-120
 INFO 08-28 19:15:10,447 TaskEventRateCalculator:78 [pool-8-thread-1] - ---- Start of task processed event (# tasks: 0 in executor VM-120)----
----- End of taks processed event ----

 INFO 08-28 19:15:10,447 CpuBottleneckDetectorImpl:63 [pool-8-thread-1] - Current cpu load: 0.0, # processed events: 0, consecutive: 0/2, threshold: 0.9 in VM-120
 INFO 08-28 19:15:11,447 SystemLoadProfiler:50 [pool-8-thread-1] - Average CPU Load: 0.0 in VM-120
 INFO 08-28 19:15:11,447 TaskEventRateCalculator:78 [pool-8-thread-1] - ---- Start of task processed event (# tasks: 0 in executor VM-120)----
----- End of taks processed event ----

 INFO 08-28 19:15:11,447 CpuBottleneckDetectorImpl:63 [pool-8-thread-1] - Current cpu load: 0.0, # processed events: 0, consecutive: 0/2, threshold: 0.9 in VM-120
 INFO 08-28 19:15:12,447 SystemLoadProfiler:50 [pool-8-thread-1] - Average CPU Load: 0.0 in VM-120
 INFO 08-28 19:15:12,447 TaskEventRateCalculator:78 [pool-8-thread-1] - ---- Start of task processed event (# tasks: 0 in executor VM-120)----
----- End of taks processed event ----

 INFO 08-28 19:15:12,447 CpuBottleneckDetectorImpl:63 [pool-8-thread-1] - Current cpu load: 0.0, # processed events: 0, consecutive: 0/2, threshold: 0.9 in VM-120
 INFO 08-28 19:15:13,447 SystemLoadProfiler:50 [pool-8-thread-1] - Average CPU Load: 0.0 in VM-120
 INFO 08-28 19:15:13,447 TaskEventRateCalculator:78 [pool-8-thread-1] - ---- Start of task processed event (# tasks: 0 in executor VM-120)----
----- End of taks processed event ----

 INFO 08-28 19:15:13,447 CpuBottleneckDetectorImpl:63 [pool-8-thread-1] - Current cpu load: 0.0, # processed events: 0, consecutive: 0/2, threshold: 0.9 in VM-120
 INFO 08-28 19:15:14,447 SystemLoadProfiler:50 [pool-8-thread-1] - Average CPU Load: 0.0 in VM-120
 INFO 08-28 19:15:14,447 TaskEventRateCalculator:78 [pool-8-thread-1] - ---- Start of task processed event (# tasks: 0 in executor VM-120)----
----- End of taks processed event ----

 INFO 08-28 19:15:14,447 CpuBottleneckDetectorImpl:63 [pool-8-thread-1] - Current cpu load: 0.0, # processed events: 0, consecutive: 0/2, threshold: 0.9 in VM-120
 INFO 08-28 19:15:15,447 SystemLoadProfiler:50 [pool-8-thread-1] - Average CPU Load: 0.0 in VM-120
 INFO 08-28 19:15:15,447 TaskEventRateCalculator:78 [pool-8-thread-1] - ---- Start of task processed event (# tasks: 0 in executor VM-120)----
----- End of taks processed event ----

 INFO 08-28 19:15:15,447 CpuBottleneckDetectorImpl:63 [pool-8-thread-1] - Current cpu load: 0.0, # processed events: 0, consecutive: 0/2, threshold: 0.9 in VM-120
 INFO 08-28 19:15:16,447 SystemLoadProfiler:50 [pool-8-thread-1] - Average CPU Load: 0.0 in VM-120
 INFO 08-28 19:15:16,447 TaskEventRateCalculator:78 [pool-8-thread-1] - ---- Start of task processed event (# tasks: 0 in executor VM-120)----
----- End of taks processed event ----

 INFO 08-28 19:15:16,447 CpuBottleneckDetectorImpl:63 [pool-8-thread-1] - Current cpu load: 0.0, # processed events: 0, consecutive: 0/2, threshold: 0.9 in VM-120
 INFO 08-28 19:15:17,447 SystemLoadProfiler:50 [pool-8-thread-1] - Average CPU Load: 0.0 in VM-120
 INFO 08-28 19:15:17,447 TaskEventRateCalculator:78 [pool-8-thread-1] - ---- Start of task processed event (# tasks: 0 in executor VM-120)----
----- End of taks processed event ----

 INFO 08-28 19:15:17,447 CpuBottleneckDetectorImpl:63 [pool-8-thread-1] - Current cpu load: 0.0, # processed events: 0, consecutive: 0/2, threshold: 0.9 in VM-120
 INFO 08-28 19:15:18,447 SystemLoadProfiler:50 [pool-8-thread-1] - Average CPU Load: 0.0 in VM-120
 INFO 08-28 19:15:18,447 TaskEventRateCalculator:78 [pool-8-thread-1] - ---- Start of task processed event (# tasks: 0 in executor VM-120)----
----- End of taks processed event ----

 INFO 08-28 19:15:18,447 CpuBottleneckDetectorImpl:63 [pool-8-thread-1] - Current cpu load: 0.0, # processed events: 0, consecutive: 0/2, threshold: 0.9 in VM-120
 INFO 08-28 19:15:19,447 SystemLoadProfiler:50 [pool-8-thread-1] - Average CPU Load: 0.0 in VM-120
 INFO 08-28 19:15:19,447 TaskEventRateCalculator:78 [pool-8-thread-1] - ---- Start of task processed event (# tasks: 0 in executor VM-120)----
----- End of taks processed event ----

 INFO 08-28 19:15:19,447 CpuBottleneckDetectorImpl:63 [pool-8-thread-1] - Current cpu load: 0.0, # processed events: 0, consecutive: 0/2, threshold: 0.9 in VM-120
 INFO 08-28 19:15:20,447 SystemLoadProfiler:50 [pool-8-thread-1] - Average CPU Load: 0.0 in VM-120
 INFO 08-28 19:15:20,447 TaskEventRateCalculator:78 [pool-8-thread-1] - ---- Start of task processed event (# tasks: 0 in executor VM-120)----
----- End of taks processed event ----

 INFO 08-28 19:15:20,447 CpuBottleneckDetectorImpl:63 [pool-8-thread-1] - Current cpu load: 0.0, # processed events: 0, consecutive: 0/2, threshold: 0.9 in VM-120
 INFO 08-28 19:15:21,447 SystemLoadProfiler:50 [pool-8-thread-1] - Average CPU Load: 0.0 in VM-120
 INFO 08-28 19:15:21,447 TaskEventRateCalculator:78 [pool-8-thread-1] - ---- Start of task processed event (# tasks: 0 in executor VM-120)----
----- End of taks processed event ----

 INFO 08-28 19:15:21,447 CpuBottleneckDetectorImpl:63 [pool-8-thread-1] - Current cpu load: 0.0, # processed events: 0, consecutive: 0/2, threshold: 0.9 in VM-120
 INFO 08-28 19:15:22,447 SystemLoadProfiler:50 [pool-8-thread-1] - Average CPU Load: 0.0 in VM-120
 INFO 08-28 19:15:22,447 TaskEventRateCalculator:78 [pool-8-thread-1] - ---- Start of task processed event (# tasks: 0 in executor VM-120)----
----- End of taks processed event ----

 INFO 08-28 19:15:22,447 CpuBottleneckDetectorImpl:63 [pool-8-thread-1] - Current cpu load: 0.0, # processed events: 0, consecutive: 0/2, threshold: 0.9 in VM-120
 INFO 08-28 19:15:23,447 SystemLoadProfiler:50 [pool-8-thread-1] - Average CPU Load: 0.0 in VM-120
 INFO 08-28 19:15:23,447 TaskEventRateCalculator:78 [pool-8-thread-1] - ---- Start of task processed event (# tasks: 0 in executor VM-120)----
----- End of taks processed event ----

 INFO 08-28 19:15:23,447 CpuBottleneckDetectorImpl:63 [pool-8-thread-1] - Current cpu load: 0.0, # processed events: 0, consecutive: 0/2, threshold: 0.9 in VM-120
 INFO 08-28 19:15:24,447 SystemLoadProfiler:50 [pool-8-thread-1] - Average CPU Load: 0.0 in VM-120
 INFO 08-28 19:15:24,447 TaskEventRateCalculator:78 [pool-8-thread-1] - ---- Start of task processed event (# tasks: 0 in executor VM-120)----
----- End of taks processed event ----

 INFO 08-28 19:15:24,447 CpuBottleneckDetectorImpl:63 [pool-8-thread-1] - Current cpu load: 0.0, # processed events: 0, consecutive: 0/2, threshold: 0.9 in VM-120
 INFO 08-28 19:15:25,447 SystemLoadProfiler:50 [pool-8-thread-1] - Average CPU Load: 0.0 in VM-120
 INFO 08-28 19:15:25,447 TaskEventRateCalculator:78 [pool-8-thread-1] - ---- Start of task processed event (# tasks: 0 in executor VM-120)----
----- End of taks processed event ----

 INFO 08-28 19:15:25,447 CpuBottleneckDetectorImpl:63 [pool-8-thread-1] - Current cpu load: 0.0, # processed events: 0, consecutive: 0/2, threshold: 0.9 in VM-120
 INFO 08-28 19:15:26,447 SystemLoadProfiler:50 [pool-8-thread-1] - Average CPU Load: 0.0 in VM-120
 INFO 08-28 19:15:26,447 TaskEventRateCalculator:78 [pool-8-thread-1] - ---- Start of task processed event (# tasks: 0 in executor VM-120)----
----- End of taks processed event ----

 INFO 08-28 19:15:26,447 CpuBottleneckDetectorImpl:63 [pool-8-thread-1] - Current cpu load: 0.0, # processed events: 0, consecutive: 0/2, threshold: 0.9 in VM-120
 INFO 08-28 19:15:27,447 SystemLoadProfiler:50 [pool-8-thread-1] - Average CPU Load: 0.0 in VM-120
 INFO 08-28 19:15:27,447 TaskEventRateCalculator:78 [pool-8-thread-1] - ---- Start of task processed event (# tasks: 0 in executor VM-120)----
----- End of taks processed event ----

 INFO 08-28 19:15:27,447 CpuBottleneckDetectorImpl:63 [pool-8-thread-1] - Current cpu load: 0.0, # processed events: 0, consecutive: 0/2, threshold: 0.9 in VM-120
 INFO 08-28 19:15:28,447 SystemLoadProfiler:50 [pool-8-thread-1] - Average CPU Load: 0.0 in VM-120
 INFO 08-28 19:15:28,447 TaskEventRateCalculator:78 [pool-8-thread-1] - ---- Start of task processed event (# tasks: 0 in executor VM-120)----
----- End of taks processed event ----

 INFO 08-28 19:15:28,447 CpuBottleneckDetectorImpl:63 [pool-8-thread-1] - Current cpu load: 0.0, # processed events: 0, consecutive: 0/2, threshold: 0.9 in VM-120
 INFO 08-28 19:15:29,447 SystemLoadProfiler:50 [pool-8-thread-1] - Average CPU Load: 0.0 in VM-120
 INFO 08-28 19:15:29,447 TaskEventRateCalculator:78 [pool-8-thread-1] - ---- Start of task processed event (# tasks: 0 in executor VM-120)----
----- End of taks processed event ----

 INFO 08-28 19:15:29,447 CpuBottleneckDetectorImpl:63 [pool-8-thread-1] - Current cpu load: 0.0, # processed events: 0, consecutive: 0/2, threshold: 0.9 in VM-120
 INFO 08-28 19:15:30,447 SystemLoadProfiler:50 [pool-8-thread-1] - Average CPU Load: 0.0 in VM-120
 INFO 08-28 19:15:30,447 TaskEventRateCalculator:78 [pool-8-thread-1] - ---- Start of task processed event (# tasks: 0 in executor VM-120)----
----- End of taks processed event ----

 INFO 08-28 19:15:30,447 CpuBottleneckDetectorImpl:63 [pool-8-thread-1] - Current cpu load: 0.0, # processed events: 0, consecutive: 0/2, threshold: 0.9 in VM-120
 INFO 08-28 19:15:31,447 SystemLoadProfiler:50 [pool-8-thread-1] - Average CPU Load: 0.0 in VM-120
 INFO 08-28 19:15:31,447 TaskEventRateCalculator:78 [pool-8-thread-1] - ---- Start of task processed event (# tasks: 0 in executor VM-120)----
----- End of taks processed event ----

 INFO 08-28 19:15:31,447 CpuBottleneckDetectorImpl:63 [pool-8-thread-1] - Current cpu load: 0.0, # processed events: 0, consecutive: 0/2, threshold: 0.9 in VM-120
 INFO 08-28 19:15:32,447 SystemLoadProfiler:50 [pool-8-thread-1] - Average CPU Load: 0.0 in VM-120
 INFO 08-28 19:15:32,447 TaskEventRateCalculator:78 [pool-8-thread-1] - ---- Start of task processed event (# tasks: 0 in executor VM-120)----
----- End of taks processed event ----

 INFO 08-28 19:15:32,447 CpuBottleneckDetectorImpl:63 [pool-8-thread-1] - Current cpu load: 0.0, # processed events: 0, consecutive: 0/2, threshold: 0.9 in VM-120
 INFO 08-28 19:15:33,447 SystemLoadProfiler:50 [pool-8-thread-1] - Average CPU Load: 0.0 in VM-120
 INFO 08-28 19:15:33,447 TaskEventRateCalculator:78 [pool-8-thread-1] - ---- Start of task processed event (# tasks: 0 in executor VM-120)----
----- End of taks processed event ----

 INFO 08-28 19:15:33,447 CpuBottleneckDetectorImpl:63 [pool-8-thread-1] - Current cpu load: 0.0, # processed events: 0, consecutive: 0/2, threshold: 0.9 in VM-120
 INFO 08-28 19:15:34,447 SystemLoadProfiler:50 [pool-8-thread-1] - Average CPU Load: 0.0 in VM-120
 INFO 08-28 19:15:34,447 TaskEventRateCalculator:78 [pool-8-thread-1] - ---- Start of task processed event (# tasks: 0 in executor VM-120)----
----- End of taks processed event ----

 INFO 08-28 19:15:34,447 CpuBottleneckDetectorImpl:63 [pool-8-thread-1] - Current cpu load: 0.0, # processed events: 0, consecutive: 0/2, threshold: 0.9 in VM-120
 INFO 08-28 19:15:35,447 SystemLoadProfiler:50 [pool-8-thread-1] - Average CPU Load: 0.0 in VM-120
 INFO 08-28 19:15:35,447 TaskEventRateCalculator:78 [pool-8-thread-1] - ---- Start of task processed event (# tasks: 0 in executor VM-120)----
----- End of taks processed event ----

 INFO 08-28 19:15:35,447 CpuBottleneckDetectorImpl:63 [pool-8-thread-1] - Current cpu load: 0.0, # processed events: 0, consecutive: 0/2, threshold: 0.9 in VM-120
 INFO 08-28 19:15:36,447 SystemLoadProfiler:50 [pool-8-thread-1] - Average CPU Load: 0.0 in VM-120
 INFO 08-28 19:15:36,447 TaskEventRateCalculator:78 [pool-8-thread-1] - ---- Start of task processed event (# tasks: 0 in executor VM-120)----
----- End of taks processed event ----

 INFO 08-28 19:15:36,447 CpuBottleneckDetectorImpl:63 [pool-8-thread-1] - Current cpu load: 0.0, # processed events: 0, consecutive: 0/2, threshold: 0.9 in VM-120
 INFO 08-28 19:15:37,447 SystemLoadProfiler:50 [pool-8-thread-1] - Average CPU Load: 0.0 in VM-120
 INFO 08-28 19:15:37,447 TaskEventRateCalculator:78 [pool-8-thread-1] - ---- Start of task processed event (# tasks: 0 in executor VM-120)----
----- End of taks processed event ----

 INFO 08-28 19:15:37,447 CpuBottleneckDetectorImpl:63 [pool-8-thread-1] - Current cpu load: 0.0, # processed events: 0, consecutive: 0/2, threshold: 0.9 in VM-120
 INFO 08-28 19:15:38,447 SystemLoadProfiler:50 [pool-8-thread-1] - Average CPU Load: 0.0 in VM-120
 INFO 08-28 19:15:38,447 TaskEventRateCalculator:78 [pool-8-thread-1] - ---- Start of task processed event (# tasks: 0 in executor VM-120)----
----- End of taks processed event ----

 INFO 08-28 19:15:38,447 CpuBottleneckDetectorImpl:63 [pool-8-thread-1] - Current cpu load: 0.0, # processed events: 0, consecutive: 0/2, threshold: 0.9 in VM-120
 INFO 08-28 19:15:39,447 SystemLoadProfiler:50 [pool-8-thread-1] - Average CPU Load: 0.0 in VM-120
 INFO 08-28 19:15:39,447 TaskEventRateCalculator:78 [pool-8-thread-1] - ---- Start of task processed event (# tasks: 0 in executor VM-120)----
----- End of taks processed event ----

 INFO 08-28 19:15:39,447 CpuBottleneckDetectorImpl:63 [pool-8-thread-1] - Current cpu load: 0.0, # processed events: 0, consecutive: 0/2, threshold: 0.9 in VM-120
 INFO 08-28 19:15:40,447 SystemLoadProfiler:50 [pool-8-thread-1] - Average CPU Load: 0.0 in VM-120
 INFO 08-28 19:15:40,447 TaskEventRateCalculator:78 [pool-8-thread-1] - ---- Start of task processed event (# tasks: 0 in executor VM-120)----
----- End of taks processed event ----

 INFO 08-28 19:15:40,447 CpuBottleneckDetectorImpl:63 [pool-8-thread-1] - Current cpu load: 0.0, # processed events: 0, consecutive: 0/2, threshold: 0.9 in VM-120
 INFO 08-28 19:15:41,447 SystemLoadProfiler:50 [pool-8-thread-1] - Average CPU Load: 0.0 in VM-120
 INFO 08-28 19:15:41,447 TaskEventRateCalculator:78 [pool-8-thread-1] - ---- Start of task processed event (# tasks: 0 in executor VM-120)----
----- End of taks processed event ----

 INFO 08-28 19:15:41,447 CpuBottleneckDetectorImpl:63 [pool-8-thread-1] - Current cpu load: 0.0, # processed events: 0, consecutive: 0/2, threshold: 0.9 in VM-120
 INFO 08-28 19:15:42,447 SystemLoadProfiler:50 [pool-8-thread-1] - Average CPU Load: 0.0 in VM-120
 INFO 08-28 19:15:42,447 TaskEventRateCalculator:78 [pool-8-thread-1] - ---- Start of task processed event (# tasks: 0 in executor VM-120)----
----- End of taks processed event ----

 INFO 08-28 19:15:42,447 CpuBottleneckDetectorImpl:63 [pool-8-thread-1] - Current cpu load: 0.0, # processed events: 0, consecutive: 0/2, threshold: 0.9 in VM-120
 INFO 08-28 19:15:43,447 SystemLoadProfiler:50 [pool-8-thread-1] - Average CPU Load: 0.0 in VM-120
 INFO 08-28 19:15:43,447 TaskEventRateCalculator:78 [pool-8-thread-1] - ---- Start of task processed event (# tasks: 0 in executor VM-120)----
----- End of taks processed event ----

 INFO 08-28 19:15:43,447 CpuBottleneckDetectorImpl:63 [pool-8-thread-1] - Current cpu load: 0.0, # processed events: 0, consecutive: 0/2, threshold: 0.9 in VM-120
 INFO 08-28 19:15:44,447 SystemLoadProfiler:50 [pool-8-thread-1] - Average CPU Load: 0.0 in VM-120
 INFO 08-28 19:15:44,447 TaskEventRateCalculator:78 [pool-8-thread-1] - ---- Start of task processed event (# tasks: 0 in executor VM-120)----
----- End of taks processed event ----

 INFO 08-28 19:15:44,447 CpuBottleneckDetectorImpl:63 [pool-8-thread-1] - Current cpu load: 0.0, # processed events: 0, consecutive: 0/2, threshold: 0.9 in VM-120
 INFO 08-28 19:15:45,447 SystemLoadProfiler:50 [pool-8-thread-1] - Average CPU Load: 0.0 in VM-120
 INFO 08-28 19:15:45,447 TaskEventRateCalculator:78 [pool-8-thread-1] - ---- Start of task processed event (# tasks: 0 in executor VM-120)----
----- End of taks processed event ----

 INFO 08-28 19:15:45,447 CpuBottleneckDetectorImpl:63 [pool-8-thread-1] - Current cpu load: 0.0, # processed events: 0, consecutive: 0/2, threshold: 0.9 in VM-120
 INFO 08-28 19:15:46,447 SystemLoadProfiler:50 [pool-8-thread-1] - Average CPU Load: 0.0 in VM-120
 INFO 08-28 19:15:46,447 TaskEventRateCalculator:78 [pool-8-thread-1] - ---- Start of task processed event (# tasks: 0 in executor VM-120)----
----- End of taks processed event ----

 INFO 08-28 19:15:46,447 CpuBottleneckDetectorImpl:63 [pool-8-thread-1] - Current cpu load: 0.0, # processed events: 0, consecutive: 0/2, threshold: 0.9 in VM-120
 INFO 08-28 19:15:47,447 SystemLoadProfiler:50 [pool-8-thread-1] - Average CPU Load: 0.0 in VM-120
 INFO 08-28 19:15:47,447 TaskEventRateCalculator:78 [pool-8-thread-1] - ---- Start of task processed event (# tasks: 0 in executor VM-120)----
----- End of taks processed event ----

 INFO 08-28 19:15:47,447 CpuBottleneckDetectorImpl:63 [pool-8-thread-1] - Current cpu load: 0.0, # processed events: 0, consecutive: 0/2, threshold: 0.9 in VM-120
 INFO 08-28 19:15:48,447 SystemLoadProfiler:50 [pool-8-thread-1] - Average CPU Load: 0.0 in VM-120
 INFO 08-28 19:15:48,447 TaskEventRateCalculator:78 [pool-8-thread-1] - ---- Start of task processed event (# tasks: 0 in executor VM-120)----
----- End of taks processed event ----

 INFO 08-28 19:15:48,447 CpuBottleneckDetectorImpl:63 [pool-8-thread-1] - Current cpu load: 0.0, # processed events: 0, consecutive: 0/2, threshold: 0.9 in VM-120
 INFO 08-28 19:15:49,447 SystemLoadProfiler:50 [pool-8-thread-1] - Average CPU Load: 0.0 in VM-120
 INFO 08-28 19:15:49,447 TaskEventRateCalculator:78 [pool-8-thread-1] - ---- Start of task processed event (# tasks: 0 in executor VM-120)----
----- End of taks processed event ----

 INFO 08-28 19:15:49,447 CpuBottleneckDetectorImpl:63 [pool-8-thread-1] - Current cpu load: 0.0, # processed events: 0, consecutive: 0/2, threshold: 0.9 in VM-120
 INFO 08-28 19:15:50,447 SystemLoadProfiler:50 [pool-8-thread-1] - Average CPU Load: 0.0 in VM-120
 INFO 08-28 19:15:50,447 TaskEventRateCalculator:78 [pool-8-thread-1] - ---- Start of task processed event (# tasks: 0 in executor VM-120)----
----- End of taks processed event ----

 INFO 08-28 19:15:50,447 CpuBottleneckDetectorImpl:63 [pool-8-thread-1] - Current cpu load: 0.0, # processed events: 0, consecutive: 0/2, threshold: 0.9 in VM-120
 INFO 08-28 19:15:51,447 SystemLoadProfiler:50 [pool-8-thread-1] - Average CPU Load: 0.0 in VM-120
 INFO 08-28 19:15:51,447 TaskEventRateCalculator:78 [pool-8-thread-1] - ---- Start of task processed event (# tasks: 0 in executor VM-120)----
----- End of taks processed event ----

 INFO 08-28 19:15:51,447 CpuBottleneckDetectorImpl:63 [pool-8-thread-1] - Current cpu load: 0.0, # processed events: 0, consecutive: 0/2, threshold: 0.9 in VM-120
 INFO 08-28 19:15:52,447 SystemLoadProfiler:50 [pool-8-thread-1] - Average CPU Load: 0.0 in VM-120
 INFO 08-28 19:15:52,447 TaskEventRateCalculator:78 [pool-8-thread-1] - ---- Start of task processed event (# tasks: 0 in executor VM-120)----
----- End of taks processed event ----

 INFO 08-28 19:15:52,447 CpuBottleneckDetectorImpl:63 [pool-8-thread-1] - Current cpu load: 0.0, # processed events: 0, consecutive: 0/2, threshold: 0.9 in VM-120
 INFO 08-28 19:15:53,447 SystemLoadProfiler:50 [pool-8-thread-1] - Average CPU Load: 0.0 in VM-120
 INFO 08-28 19:15:53,447 TaskEventRateCalculator:78 [pool-8-thread-1] - ---- Start of task processed event (# tasks: 0 in executor VM-120)----
----- End of taks processed event ----

 INFO 08-28 19:15:53,447 CpuBottleneckDetectorImpl:63 [pool-8-thread-1] - Current cpu load: 0.0, # processed events: 0, consecutive: 0/2, threshold: 0.9 in VM-120
 INFO 08-28 19:15:54,447 SystemLoadProfiler:50 [pool-8-thread-1] - Average CPU Load: 0.0 in VM-120
 INFO 08-28 19:15:54,447 TaskEventRateCalculator:78 [pool-8-thread-1] - ---- Start of task processed event (# tasks: 0 in executor VM-120)----
----- End of taks processed event ----

 INFO 08-28 19:15:54,447 CpuBottleneckDetectorImpl:63 [pool-8-thread-1] - Current cpu load: 0.0, # processed events: 0, consecutive: 0/2, threshold: 0.9 in VM-120
 INFO 08-28 19:15:55,447 SystemLoadProfiler:50 [pool-8-thread-1] - Average CPU Load: 0.0 in VM-120
 INFO 08-28 19:15:55,447 TaskEventRateCalculator:78 [pool-8-thread-1] - ---- Start of task processed event (# tasks: 0 in executor VM-120)----
----- End of taks processed event ----

 INFO 08-28 19:15:55,447 CpuBottleneckDetectorImpl:63 [pool-8-thread-1] - Current cpu load: 0.0, # processed events: 0, consecutive: 0/2, threshold: 0.9 in VM-120
 INFO 08-28 19:15:56,447 SystemLoadProfiler:50 [pool-8-thread-1] - Average CPU Load: 0.0 in VM-120
 INFO 08-28 19:15:56,447 TaskEventRateCalculator:78 [pool-8-thread-1] - ---- Start of task processed event (# tasks: 0 in executor VM-120)----
----- End of taks processed event ----

 INFO 08-28 19:15:56,447 CpuBottleneckDetectorImpl:63 [pool-8-thread-1] - Current cpu load: 0.0, # processed events: 0, consecutive: 0/2, threshold: 0.9 in VM-120
 INFO 08-28 19:15:57,447 SystemLoadProfiler:50 [pool-8-thread-1] - Average CPU Load: 0.0 in VM-120
 INFO 08-28 19:15:57,447 TaskEventRateCalculator:78 [pool-8-thread-1] - ---- Start of task processed event (# tasks: 0 in executor VM-120)----
----- End of taks processed event ----

 INFO 08-28 19:15:57,447 CpuBottleneckDetectorImpl:63 [pool-8-thread-1] - Current cpu load: 0.0, # processed events: 0, consecutive: 0/2, threshold: 0.9 in VM-120
 INFO 08-28 19:15:58,447 SystemLoadProfiler:50 [pool-8-thread-1] - Average CPU Load: 0.0 in VM-120
 INFO 08-28 19:15:58,447 TaskEventRateCalculator:78 [pool-8-thread-1] - ---- Start of task processed event (# tasks: 0 in executor VM-120)----
----- End of taks processed event ----

 INFO 08-28 19:15:58,447 CpuBottleneckDetectorImpl:63 [pool-8-thread-1] - Current cpu load: 0.0, # processed events: 0, consecutive: 0/2, threshold: 0.9 in VM-120
 INFO 08-28 19:15:59,447 SystemLoadProfiler:50 [pool-8-thread-1] - Average CPU Load: 0.0 in VM-120
 INFO 08-28 19:15:59,447 TaskEventRateCalculator:78 [pool-8-thread-1] - ---- Start of task processed event (# tasks: 0 in executor VM-120)----
----- End of taks processed event ----

 INFO 08-28 19:15:59,447 CpuBottleneckDetectorImpl:63 [pool-8-thread-1] - Current cpu load: 0.0, # processed events: 0, consecutive: 0/2, threshold: 0.9 in VM-120
 INFO 08-28 19:16:00,447 SystemLoadProfiler:50 [pool-8-thread-1] - Average CPU Load: 0.0 in VM-120
 INFO 08-28 19:16:00,447 TaskEventRateCalculator:78 [pool-8-thread-1] - ---- Start of task processed event (# tasks: 0 in executor VM-120)----
----- End of taks processed event ----

 INFO 08-28 19:16:00,447 CpuBottleneckDetectorImpl:63 [pool-8-thread-1] - Current cpu load: 0.0, # processed events: 0, consecutive: 0/2, threshold: 0.9 in VM-120
 INFO 08-28 19:16:01,447 SystemLoadProfiler:50 [pool-8-thread-1] - Average CPU Load: 0.0 in VM-120
 INFO 08-28 19:16:01,447 TaskEventRateCalculator:78 [pool-8-thread-1] - ---- Start of task processed event (# tasks: 0 in executor VM-120)----
----- End of taks processed event ----

 INFO 08-28 19:16:01,447 CpuBottleneckDetectorImpl:63 [pool-8-thread-1] - Current cpu load: 0.0, # processed events: 0, consecutive: 0/2, threshold: 0.9 in VM-120
 INFO 08-28 19:16:02,447 SystemLoadProfiler:50 [pool-8-thread-1] - Average CPU Load: 0.0 in VM-120
 INFO 08-28 19:16:02,447 TaskEventRateCalculator:78 [pool-8-thread-1] - ---- Start of task processed event (# tasks: 0 in executor VM-120)----
----- End of taks processed event ----

 INFO 08-28 19:16:02,447 CpuBottleneckDetectorImpl:63 [pool-8-thread-1] - Current cpu load: 0.0, # processed events: 0, consecutive: 0/2, threshold: 0.9 in VM-120
 INFO 08-28 19:16:03,447 SystemLoadProfiler:50 [pool-8-thread-1] - Average CPU Load: 0.0 in VM-120
 INFO 08-28 19:16:03,447 TaskEventRateCalculator:78 [pool-8-thread-1] - ---- Start of task processed event (# tasks: 0 in executor VM-120)----
----- End of taks processed event ----

 INFO 08-28 19:16:03,447 CpuBottleneckDetectorImpl:63 [pool-8-thread-1] - Current cpu load: 0.0, # processed events: 0, consecutive: 0/2, threshold: 0.9 in VM-120
 INFO 08-28 19:16:04,447 SystemLoadProfiler:50 [pool-8-thread-1] - Average CPU Load: 0.0 in VM-120
 INFO 08-28 19:16:04,447 TaskEventRateCalculator:78 [pool-8-thread-1] - ---- Start of task processed event (# tasks: 0 in executor VM-120)----
----- End of taks processed event ----

 INFO 08-28 19:16:04,447 CpuBottleneckDetectorImpl:63 [pool-8-thread-1] - Current cpu load: 0.0, # processed events: 0, consecutive: 0/2, threshold: 0.9 in VM-120
 INFO 08-28 19:16:05,447 SystemLoadProfiler:50 [pool-8-thread-1] - Average CPU Load: 0.0 in VM-120
 INFO 08-28 19:16:05,447 TaskEventRateCalculator:78 [pool-8-thread-1] - ---- Start of task processed event (# tasks: 0 in executor VM-120)----
----- End of taks processed event ----

 INFO 08-28 19:16:05,447 CpuBottleneckDetectorImpl:63 [pool-8-thread-1] - Current cpu load: 0.0, # processed events: 0, consecutive: 0/2, threshold: 0.9 in VM-120
 INFO 08-28 19:16:06,447 SystemLoadProfiler:50 [pool-8-thread-1] - Average CPU Load: 0.0 in VM-120
 INFO 08-28 19:16:06,447 TaskEventRateCalculator:78 [pool-8-thread-1] - ---- Start of task processed event (# tasks: 0 in executor VM-120)----
----- End of taks processed event ----

 INFO 08-28 19:16:06,447 CpuBottleneckDetectorImpl:63 [pool-8-thread-1] - Current cpu load: 0.0, # processed events: 0, consecutive: 0/2, threshold: 0.9 in VM-120
 INFO 08-28 19:16:07,447 SystemLoadProfiler:50 [pool-8-thread-1] - Average CPU Load: 0.0 in VM-120
 INFO 08-28 19:16:07,447 TaskEventRateCalculator:78 [pool-8-thread-1] - ---- Start of task processed event (# tasks: 0 in executor VM-120)----
----- End of taks processed event ----

 INFO 08-28 19:16:07,447 CpuBottleneckDetectorImpl:63 [pool-8-thread-1] - Current cpu load: 0.0, # processed events: 0, consecutive: 0/2, threshold: 0.9 in VM-120
 INFO 08-28 19:16:08,447 SystemLoadProfiler:50 [pool-8-thread-1] - Average CPU Load: 0.0 in VM-120
 INFO 08-28 19:16:08,447 TaskEventRateCalculator:78 [pool-8-thread-1] - ---- Start of task processed event (# tasks: 0 in executor VM-120)----
----- End of taks processed event ----

 INFO 08-28 19:16:08,447 CpuBottleneckDetectorImpl:63 [pool-8-thread-1] - Current cpu load: 0.0, # processed events: 0, consecutive: 0/2, threshold: 0.9 in VM-120
 INFO 08-28 19:16:09,447 SystemLoadProfiler:50 [pool-8-thread-1] - Average CPU Load: 0.0 in VM-120
 INFO 08-28 19:16:09,447 TaskEventRateCalculator:78 [pool-8-thread-1] - ---- Start of task processed event (# tasks: 0 in executor VM-120)----
----- End of taks processed event ----

 INFO 08-28 19:16:09,447 CpuBottleneckDetectorImpl:63 [pool-8-thread-1] - Current cpu load: 0.0, # processed events: 0, consecutive: 0/2, threshold: 0.9 in VM-120
 INFO 08-28 19:16:10,447 SystemLoadProfiler:50 [pool-8-thread-1] - Average CPU Load: 0.0 in VM-120
 INFO 08-28 19:16:10,447 TaskEventRateCalculator:78 [pool-8-thread-1] - ---- Start of task processed event (# tasks: 0 in executor VM-120)----
----- End of taks processed event ----

 INFO 08-28 19:16:10,447 CpuBottleneckDetectorImpl:63 [pool-8-thread-1] - Current cpu load: 0.0, # processed events: 0, consecutive: 0/2, threshold: 0.9 in VM-120
 INFO 08-28 19:16:11,447 SystemLoadProfiler:50 [pool-8-thread-1] - Average CPU Load: 0.0 in VM-120
 INFO 08-28 19:16:11,447 TaskEventRateCalculator:78 [pool-8-thread-1] - ---- Start of task processed event (# tasks: 0 in executor VM-120)----
----- End of taks processed event ----

 INFO 08-28 19:16:11,447 CpuBottleneckDetectorImpl:63 [pool-8-thread-1] - Current cpu load: 0.0, # processed events: 0, consecutive: 0/2, threshold: 0.9 in VM-120
 INFO 08-28 19:16:12,447 SystemLoadProfiler:50 [pool-8-thread-1] - Average CPU Load: 0.0 in VM-120
 INFO 08-28 19:16:12,447 TaskEventRateCalculator:78 [pool-8-thread-1] - ---- Start of task processed event (# tasks: 0 in executor VM-120)----
----- End of taks processed event ----

 INFO 08-28 19:16:12,447 CpuBottleneckDetectorImpl:63 [pool-8-thread-1] - Current cpu load: 0.0, # processed events: 0, consecutive: 0/2, threshold: 0.9 in VM-120
 INFO 08-28 19:16:13,447 SystemLoadProfiler:50 [pool-8-thread-1] - Average CPU Load: 0.0 in VM-120
 INFO 08-28 19:16:13,447 TaskEventRateCalculator:78 [pool-8-thread-1] - ---- Start of task processed event (# tasks: 0 in executor VM-120)----
----- End of taks processed event ----

 INFO 08-28 19:16:13,447 CpuBottleneckDetectorImpl:63 [pool-8-thread-1] - Current cpu load: 0.0, # processed events: 0, consecutive: 0/2, threshold: 0.9 in VM-120
 INFO 08-28 19:16:14,447 SystemLoadProfiler:50 [pool-8-thread-1] - Average CPU Load: 0.0 in VM-120
 INFO 08-28 19:16:14,447 TaskEventRateCalculator:78 [pool-8-thread-1] - ---- Start of task processed event (# tasks: 0 in executor VM-120)----
----- End of taks processed event ----

 INFO 08-28 19:16:14,447 CpuBottleneckDetectorImpl:63 [pool-8-thread-1] - Current cpu load: 0.0, # processed events: 0, consecutive: 0/2, threshold: 0.9 in VM-120
 INFO 08-28 19:16:15,447 SystemLoadProfiler:50 [pool-8-thread-1] - Average CPU Load: 0.0 in VM-120
 INFO 08-28 19:16:15,447 TaskEventRateCalculator:78 [pool-8-thread-1] - ---- Start of task processed event (# tasks: 0 in executor VM-120)----
----- End of taks processed event ----

 INFO 08-28 19:16:15,447 CpuBottleneckDetectorImpl:63 [pool-8-thread-1] - Current cpu load: 0.0, # processed events: 0, consecutive: 0/2, threshold: 0.9 in VM-120
 INFO 08-28 19:16:16,447 SystemLoadProfiler:50 [pool-8-thread-1] - Average CPU Load: 0.0 in VM-120
 INFO 08-28 19:16:16,447 TaskEventRateCalculator:78 [pool-8-thread-1] - ---- Start of task processed event (# tasks: 0 in executor VM-120)----
----- End of taks processed event ----

 INFO 08-28 19:16:16,447 CpuBottleneckDetectorImpl:63 [pool-8-thread-1] - Current cpu load: 0.0, # processed events: 0, consecutive: 0/2, threshold: 0.9 in VM-120
 INFO 08-28 19:16:17,447 SystemLoadProfiler:50 [pool-8-thread-1] - Average CPU Load: 0.0 in VM-120
 INFO 08-28 19:16:17,447 TaskEventRateCalculator:78 [pool-8-thread-1] - ---- Start of task processed event (# tasks: 0 in executor VM-120)----
----- End of taks processed event ----

 INFO 08-28 19:16:17,447 CpuBottleneckDetectorImpl:63 [pool-8-thread-1] - Current cpu load: 0.0, # processed events: 0, consecutive: 0/2, threshold: 0.9 in VM-120
 INFO 08-28 19:16:18,447 SystemLoadProfiler:50 [pool-8-thread-1] - Average CPU Load: 0.0 in VM-120
 INFO 08-28 19:16:18,447 TaskEventRateCalculator:78 [pool-8-thread-1] - ---- Start of task processed event (# tasks: 0 in executor VM-120)----
----- End of taks processed event ----

 INFO 08-28 19:16:18,447 CpuBottleneckDetectorImpl:63 [pool-8-thread-1] - Current cpu load: 0.0, # processed events: 0, consecutive: 0/2, threshold: 0.9 in VM-120
 INFO 08-28 19:16:19,447 SystemLoadProfiler:50 [pool-8-thread-1] - Average CPU Load: 0.0 in VM-120
 INFO 08-28 19:16:19,447 TaskEventRateCalculator:78 [pool-8-thread-1] - ---- Start of task processed event (# tasks: 0 in executor VM-120)----
----- End of taks processed event ----

 INFO 08-28 19:16:19,447 CpuBottleneckDetectorImpl:63 [pool-8-thread-1] - Current cpu load: 0.0, # processed events: 0, consecutive: 0/2, threshold: 0.9 in VM-120
 INFO 08-28 19:16:20,447 SystemLoadProfiler:50 [pool-8-thread-1] - Average CPU Load: 0.0 in VM-120
 INFO 08-28 19:16:20,447 TaskEventRateCalculator:78 [pool-8-thread-1] - ---- Start of task processed event (# tasks: 0 in executor VM-120)----
----- End of taks processed event ----

 INFO 08-28 19:16:20,447 CpuBottleneckDetectorImpl:63 [pool-8-thread-1] - Current cpu load: 0.0, # processed events: 0, consecutive: 0/2, threshold: 0.9 in VM-120
 INFO 08-28 19:16:21,447 SystemLoadProfiler:50 [pool-8-thread-1] - Average CPU Load: 0.0 in VM-120
 INFO 08-28 19:16:21,447 TaskEventRateCalculator:78 [pool-8-thread-1] - ---- Start of task processed event (# tasks: 0 in executor VM-120)----
----- End of taks processed event ----

 INFO 08-28 19:16:21,447 CpuBottleneckDetectorImpl:63 [pool-8-thread-1] - Current cpu load: 0.0, # processed events: 0, consecutive: 0/2, threshold: 0.9 in VM-120
 INFO 08-28 19:16:22,447 SystemLoadProfiler:50 [pool-8-thread-1] - Average CPU Load: 0.0 in VM-120
 INFO 08-28 19:16:22,447 TaskEventRateCalculator:78 [pool-8-thread-1] - ---- Start of task processed event (# tasks: 0 in executor VM-120)----
----- End of taks processed event ----

 INFO 08-28 19:16:22,447 CpuBottleneckDetectorImpl:63 [pool-8-thread-1] - Current cpu load: 0.0, # processed events: 0, consecutive: 0/2, threshold: 0.9 in VM-120
 INFO 08-28 19:16:23,447 SystemLoadProfiler:50 [pool-8-thread-1] - Average CPU Load: 0.0 in VM-120
 INFO 08-28 19:16:23,447 TaskEventRateCalculator:78 [pool-8-thread-1] - ---- Start of task processed event (# tasks: 0 in executor VM-120)----
----- End of taks processed event ----

 INFO 08-28 19:16:23,447 CpuBottleneckDetectorImpl:63 [pool-8-thread-1] - Current cpu load: 0.0, # processed events: 0, consecutive: 0/2, threshold: 0.9 in VM-120
 INFO 08-28 19:16:24,447 SystemLoadProfiler:50 [pool-8-thread-1] - Average CPU Load: 0.0 in VM-120
 INFO 08-28 19:16:24,447 TaskEventRateCalculator:78 [pool-8-thread-1] - ---- Start of task processed event (# tasks: 0 in executor VM-120)----
----- End of taks processed event ----

 INFO 08-28 19:16:24,447 CpuBottleneckDetectorImpl:63 [pool-8-thread-1] - Current cpu load: 0.0, # processed events: 0, consecutive: 0/2, threshold: 0.9 in VM-120
 INFO 08-28 19:16:25,447 SystemLoadProfiler:50 [pool-8-thread-1] - Average CPU Load: 0.0 in VM-120
 INFO 08-28 19:16:25,447 TaskEventRateCalculator:78 [pool-8-thread-1] - ---- Start of task processed event (# tasks: 0 in executor VM-120)----
----- End of taks processed event ----

 INFO 08-28 19:16:25,447 CpuBottleneckDetectorImpl:63 [pool-8-thread-1] - Current cpu load: 0.0, # processed events: 0, consecutive: 0/2, threshold: 0.9 in VM-120
 INFO 08-28 19:16:26,447 SystemLoadProfiler:50 [pool-8-thread-1] - Average CPU Load: 0.0 in VM-120
 INFO 08-28 19:16:26,447 TaskEventRateCalculator:78 [pool-8-thread-1] - ---- Start of task processed event (# tasks: 0 in executor VM-120)----
----- End of taks processed event ----

 INFO 08-28 19:16:26,447 CpuBottleneckDetectorImpl:63 [pool-8-thread-1] - Current cpu load: 0.0, # processed events: 0, consecutive: 0/2, threshold: 0.9 in VM-120
 INFO 08-28 19:16:27,447 SystemLoadProfiler:50 [pool-8-thread-1] - Average CPU Load: 0.0 in VM-120
 INFO 08-28 19:16:27,447 TaskEventRateCalculator:78 [pool-8-thread-1] - ---- Start of task processed event (# tasks: 0 in executor VM-120)----
----- End of taks processed event ----

 INFO 08-28 19:16:27,447 CpuBottleneckDetectorImpl:63 [pool-8-thread-1] - Current cpu load: 0.0, # processed events: 0, consecutive: 0/2, threshold: 0.9 in VM-120
 INFO 08-28 19:16:28,447 SystemLoadProfiler:50 [pool-8-thread-1] - Average CPU Load: 0.0 in VM-120
 INFO 08-28 19:16:28,447 TaskEventRateCalculator:78 [pool-8-thread-1] - ---- Start of task processed event (# tasks: 0 in executor VM-120)----
----- End of taks processed event ----

 INFO 08-28 19:16:28,447 CpuBottleneckDetectorImpl:63 [pool-8-thread-1] - Current cpu load: 0.0, # processed events: 0, consecutive: 0/2, threshold: 0.9 in VM-120
 INFO 08-28 19:16:29,447 SystemLoadProfiler:50 [pool-8-thread-1] - Average CPU Load: 0.0 in VM-120
 INFO 08-28 19:16:29,447 TaskEventRateCalculator:78 [pool-8-thread-1] - ---- Start of task processed event (# tasks: 0 in executor VM-120)----
----- End of taks processed event ----

 INFO 08-28 19:16:29,447 CpuBottleneckDetectorImpl:63 [pool-8-thread-1] - Current cpu load: 0.0, # processed events: 0, consecutive: 0/2, threshold: 0.9 in VM-120
 INFO 08-28 19:16:30,447 SystemLoadProfiler:50 [pool-8-thread-1] - Average CPU Load: 0.0 in VM-120
 INFO 08-28 19:16:30,447 TaskEventRateCalculator:78 [pool-8-thread-1] - ---- Start of task processed event (# tasks: 0 in executor VM-120)----
----- End of taks processed event ----

 INFO 08-28 19:16:30,447 CpuBottleneckDetectorImpl:63 [pool-8-thread-1] - Current cpu load: 0.0, # processed events: 0, consecutive: 0/2, threshold: 0.9 in VM-120
 INFO 08-28 19:16:31,447 SystemLoadProfiler:50 [pool-8-thread-1] - Average CPU Load: 0.0 in VM-120
 INFO 08-28 19:16:31,447 TaskEventRateCalculator:78 [pool-8-thread-1] - ---- Start of task processed event (# tasks: 0 in executor VM-120)----
----- End of taks processed event ----

 INFO 08-28 19:16:31,447 CpuBottleneckDetectorImpl:63 [pool-8-thread-1] - Current cpu load: 0.0, # processed events: 0, consecutive: 0/2, threshold: 0.9 in VM-120
 INFO 08-28 19:16:32,447 SystemLoadProfiler:50 [pool-8-thread-1] - Average CPU Load: 0.0 in VM-120
 INFO 08-28 19:16:32,447 TaskEventRateCalculator:78 [pool-8-thread-1] - ---- Start of task processed event (# tasks: 0 in executor VM-120)----
----- End of taks processed event ----

 INFO 08-28 19:16:32,447 CpuBottleneckDetectorImpl:63 [pool-8-thread-1] - Current cpu load: 0.0, # processed events: 0, consecutive: 0/2, threshold: 0.9 in VM-120
 INFO 08-28 19:16:33,447 SystemLoadProfiler:50 [pool-8-thread-1] - Average CPU Load: 0.0 in VM-120
 INFO 08-28 19:16:33,447 TaskEventRateCalculator:78 [pool-8-thread-1] - ---- Start of task processed event (# tasks: 0 in executor VM-120)----
----- End of taks processed event ----

 INFO 08-28 19:16:33,447 CpuBottleneckDetectorImpl:63 [pool-8-thread-1] - Current cpu load: 0.0, # processed events: 0, consecutive: 0/2, threshold: 0.9 in VM-120
 INFO 08-28 19:16:34,447 SystemLoadProfiler:50 [pool-8-thread-1] - Average CPU Load: 0.0 in VM-120
 INFO 08-28 19:16:34,447 TaskEventRateCalculator:78 [pool-8-thread-1] - ---- Start of task processed event (# tasks: 0 in executor VM-120)----
----- End of taks processed event ----

 INFO 08-28 19:16:34,447 CpuBottleneckDetectorImpl:63 [pool-8-thread-1] - Current cpu load: 0.0, # processed events: 0, consecutive: 0/2, threshold: 0.9 in VM-120
 INFO 08-28 19:16:35,447 SystemLoadProfiler:50 [pool-8-thread-1] - Average CPU Load: 0.0 in VM-120
 INFO 08-28 19:16:35,447 TaskEventRateCalculator:78 [pool-8-thread-1] - ---- Start of task processed event (# tasks: 0 in executor VM-120)----
----- End of taks processed event ----

 INFO 08-28 19:16:35,447 CpuBottleneckDetectorImpl:63 [pool-8-thread-1] - Current cpu load: 0.0, # processed events: 0, consecutive: 0/2, threshold: 0.9 in VM-120
 INFO 08-28 19:16:36,447 SystemLoadProfiler:50 [pool-8-thread-1] - Average CPU Load: 0.0 in VM-120
 INFO 08-28 19:16:36,447 TaskEventRateCalculator:78 [pool-8-thread-1] - ---- Start of task processed event (# tasks: 0 in executor VM-120)----
----- End of taks processed event ----

 INFO 08-28 19:16:36,447 CpuBottleneckDetectorImpl:63 [pool-8-thread-1] - Current cpu load: 0.0, # processed events: 0, consecutive: 0/2, threshold: 0.9 in VM-120
 INFO 08-28 19:16:37,447 SystemLoadProfiler:50 [pool-8-thread-1] - Average CPU Load: 0.0 in VM-120
 INFO 08-28 19:16:37,447 TaskEventRateCalculator:78 [pool-8-thread-1] - ---- Start of task processed event (# tasks: 0 in executor VM-120)----
----- End of taks processed event ----

 INFO 08-28 19:16:37,447 CpuBottleneckDetectorImpl:63 [pool-8-thread-1] - Current cpu load: 0.0, # processed events: 0, consecutive: 0/2, threshold: 0.9 in VM-120
 INFO 08-28 19:16:38,447 SystemLoadProfiler:50 [pool-8-thread-1] - Average CPU Load: 0.0 in VM-120
 INFO 08-28 19:16:38,447 TaskEventRateCalculator:78 [pool-8-thread-1] - ---- Start of task processed event (# tasks: 0 in executor VM-120)----
----- End of taks processed event ----

 INFO 08-28 19:16:38,447 CpuBottleneckDetectorImpl:63 [pool-8-thread-1] - Current cpu load: 0.0, # processed events: 0, consecutive: 0/2, threshold: 0.9 in VM-120
 INFO 08-28 19:16:39,447 SystemLoadProfiler:50 [pool-8-thread-1] - Average CPU Load: 0.0 in VM-120
 INFO 08-28 19:16:39,447 TaskEventRateCalculator:78 [pool-8-thread-1] - ---- Start of task processed event (# tasks: 0 in executor VM-120)----
----- End of taks processed event ----

 INFO 08-28 19:16:39,447 CpuBottleneckDetectorImpl:63 [pool-8-thread-1] - Current cpu load: 0.0, # processed events: 0, consecutive: 0/2, threshold: 0.9 in VM-120
 INFO 08-28 19:16:40,447 SystemLoadProfiler:50 [pool-8-thread-1] - Average CPU Load: 0.0 in VM-120
 INFO 08-28 19:16:40,447 TaskEventRateCalculator:78 [pool-8-thread-1] - ---- Start of task processed event (# tasks: 0 in executor VM-120)----
----- End of taks processed event ----

 INFO 08-28 19:16:40,447 CpuBottleneckDetectorImpl:63 [pool-8-thread-1] - Current cpu load: 0.0, # processed events: 0, consecutive: 0/2, threshold: 0.9 in VM-120
 INFO 08-28 19:16:41,447 SystemLoadProfiler:50 [pool-8-thread-1] - Average CPU Load: 0.0 in VM-120
 INFO 08-28 19:16:41,447 TaskEventRateCalculator:78 [pool-8-thread-1] - ---- Start of task processed event (# tasks: 0 in executor VM-120)----
----- End of taks processed event ----

 INFO 08-28 19:16:41,447 CpuBottleneckDetectorImpl:63 [pool-8-thread-1] - Current cpu load: 0.0, # processed events: 0, consecutive: 0/2, threshold: 0.9 in VM-120
 INFO 08-28 19:16:42,447 SystemLoadProfiler:50 [pool-8-thread-1] - Average CPU Load: 0.0 in VM-120
 INFO 08-28 19:16:42,447 TaskEventRateCalculator:78 [pool-8-thread-1] - ---- Start of task processed event (# tasks: 0 in executor VM-120)----
----- End of taks processed event ----

 INFO 08-28 19:16:42,447 CpuBottleneckDetectorImpl:63 [pool-8-thread-1] - Current cpu load: 0.0, # processed events: 0, consecutive: 0/2, threshold: 0.9 in VM-120
 INFO 08-28 19:16:43,447 SystemLoadProfiler:50 [pool-8-thread-1] - Average CPU Load: 0.0 in VM-120
 INFO 08-28 19:16:43,447 TaskEventRateCalculator:78 [pool-8-thread-1] - ---- Start of task processed event (# tasks: 0 in executor VM-120)----
----- End of taks processed event ----

 INFO 08-28 19:16:43,447 CpuBottleneckDetectorImpl:63 [pool-8-thread-1] - Current cpu load: 0.0, # processed events: 0, consecutive: 0/2, threshold: 0.9 in VM-120
 INFO 08-28 19:16:44,447 SystemLoadProfiler:50 [pool-8-thread-1] - Average CPU Load: 0.0 in VM-120
 INFO 08-28 19:16:44,447 TaskEventRateCalculator:78 [pool-8-thread-1] - ---- Start of task processed event (# tasks: 0 in executor VM-120)----
----- End of taks processed event ----

 INFO 08-28 19:16:44,447 CpuBottleneckDetectorImpl:63 [pool-8-thread-1] - Current cpu load: 0.0, # processed events: 0, consecutive: 0/2, threshold: 0.9 in VM-120
 INFO 08-28 19:16:45,447 SystemLoadProfiler:50 [pool-8-thread-1] - Average CPU Load: 0.0 in VM-120
 INFO 08-28 19:16:45,447 TaskEventRateCalculator:78 [pool-8-thread-1] - ---- Start of task processed event (# tasks: 0 in executor VM-120)----
----- End of taks processed event ----

 INFO 08-28 19:16:45,447 CpuBottleneckDetectorImpl:63 [pool-8-thread-1] - Current cpu load: 0.0, # processed events: 0, consecutive: 0/2, threshold: 0.9 in VM-120
 INFO 08-28 19:16:46,447 SystemLoadProfiler:50 [pool-8-thread-1] - Average CPU Load: 0.0 in VM-120
 INFO 08-28 19:16:46,447 TaskEventRateCalculator:78 [pool-8-thread-1] - ---- Start of task processed event (# tasks: 0 in executor VM-120)----
----- End of taks processed event ----

 INFO 08-28 19:16:46,447 CpuBottleneckDetectorImpl:63 [pool-8-thread-1] - Current cpu load: 0.0, # processed events: 0, consecutive: 0/2, threshold: 0.9 in VM-120
 INFO 08-28 19:16:47,447 SystemLoadProfiler:50 [pool-8-thread-1] - Average CPU Load: 0.0 in VM-120
 INFO 08-28 19:16:47,447 TaskEventRateCalculator:78 [pool-8-thread-1] - ---- Start of task processed event (# tasks: 0 in executor VM-120)----
----- End of taks processed event ----

 INFO 08-28 19:16:47,447 CpuBottleneckDetectorImpl:63 [pool-8-thread-1] - Current cpu load: 0.0, # processed events: 0, consecutive: 0/2, threshold: 0.9 in VM-120
 INFO 08-28 19:16:48,447 SystemLoadProfiler:50 [pool-8-thread-1] - Average CPU Load: 0.0 in VM-120
 INFO 08-28 19:16:48,447 TaskEventRateCalculator:78 [pool-8-thread-1] - ---- Start of task processed event (# tasks: 0 in executor VM-120)----
----- End of taks processed event ----

 INFO 08-28 19:16:48,447 CpuBottleneckDetectorImpl:63 [pool-8-thread-1] - Current cpu load: 0.0, # processed events: 0, consecutive: 0/2, threshold: 0.9 in VM-120
 INFO 08-28 19:16:49,447 SystemLoadProfiler:50 [pool-8-thread-1] - Average CPU Load: 0.0 in VM-120
 INFO 08-28 19:16:49,447 TaskEventRateCalculator:78 [pool-8-thread-1] - ---- Start of task processed event (# tasks: 0 in executor VM-120)----
----- End of taks processed event ----

 INFO 08-28 19:16:49,447 CpuBottleneckDetectorImpl:63 [pool-8-thread-1] - Current cpu load: 0.0, # processed events: 0, consecutive: 0/2, threshold: 0.9 in VM-120
 INFO 08-28 19:16:50,447 SystemLoadProfiler:50 [pool-8-thread-1] - Average CPU Load: 0.0 in VM-120
 INFO 08-28 19:16:50,447 TaskEventRateCalculator:78 [pool-8-thread-1] - ---- Start of task processed event (# tasks: 0 in executor VM-120)----
----- End of taks processed event ----

 INFO 08-28 19:16:50,447 CpuBottleneckDetectorImpl:63 [pool-8-thread-1] - Current cpu load: 0.0, # processed events: 0, consecutive: 0/2, threshold: 0.9 in VM-120
 INFO 08-28 19:16:51,447 SystemLoadProfiler:50 [pool-8-thread-1] - Average CPU Load: 0.0 in VM-120
 INFO 08-28 19:16:51,447 TaskEventRateCalculator:78 [pool-8-thread-1] - ---- Start of task processed event (# tasks: 0 in executor VM-120)----
----- End of taks processed event ----

 INFO 08-28 19:16:51,447 CpuBottleneckDetectorImpl:63 [pool-8-thread-1] - Current cpu load: 0.0, # processed events: 0, consecutive: 0/2, threshold: 0.9 in VM-120
 INFO 08-28 19:16:52,447 SystemLoadProfiler:50 [pool-8-thread-1] - Average CPU Load: 0.0 in VM-120
 INFO 08-28 19:16:52,447 TaskEventRateCalculator:78 [pool-8-thread-1] - ---- Start of task processed event (# tasks: 0 in executor VM-120)----
----- End of taks processed event ----

 INFO 08-28 19:16:52,447 CpuBottleneckDetectorImpl:63 [pool-8-thread-1] - Current cpu load: 0.0, # processed events: 0, consecutive: 0/2, threshold: 0.9 in VM-120
 INFO 08-28 19:16:53,447 SystemLoadProfiler:50 [pool-8-thread-1] - Average CPU Load: 0.0 in VM-120
 INFO 08-28 19:16:53,447 TaskEventRateCalculator:78 [pool-8-thread-1] - ---- Start of task processed event (# tasks: 0 in executor VM-120)----
----- End of taks processed event ----

 INFO 08-28 19:16:53,447 CpuBottleneckDetectorImpl:63 [pool-8-thread-1] - Current cpu load: 0.0, # processed events: 0, consecutive: 0/2, threshold: 0.9 in VM-120
 INFO 08-28 19:16:54,447 SystemLoadProfiler:50 [pool-8-thread-1] - Average CPU Load: 0.0 in VM-120
 INFO 08-28 19:16:54,447 TaskEventRateCalculator:78 [pool-8-thread-1] - ---- Start of task processed event (# tasks: 0 in executor VM-120)----
----- End of taks processed event ----

 INFO 08-28 19:16:54,447 CpuBottleneckDetectorImpl:63 [pool-8-thread-1] - Current cpu load: 0.0, # processed events: 0, consecutive: 0/2, threshold: 0.9 in VM-120
 INFO 08-28 19:16:55,447 SystemLoadProfiler:50 [pool-8-thread-1] - Average CPU Load: 0.0 in VM-120
 INFO 08-28 19:16:55,447 TaskEventRateCalculator:78 [pool-8-thread-1] - ---- Start of task processed event (# tasks: 0 in executor VM-120)----
----- End of taks processed event ----

 INFO 08-28 19:16:55,447 CpuBottleneckDetectorImpl:63 [pool-8-thread-1] - Current cpu load: 0.0, # processed events: 0, consecutive: 0/2, threshold: 0.9 in VM-120
 INFO 08-28 19:16:56,447 SystemLoadProfiler:50 [pool-8-thread-1] - Average CPU Load: 0.0 in VM-120
 INFO 08-28 19:16:56,447 TaskEventRateCalculator:78 [pool-8-thread-1] - ---- Start of task processed event (# tasks: 0 in executor VM-120)----
----- End of taks processed event ----

 INFO 08-28 19:16:56,447 CpuBottleneckDetectorImpl:63 [pool-8-thread-1] - Current cpu load: 0.0, # processed events: 0, consecutive: 0/2, threshold: 0.9 in VM-120
 INFO 08-28 19:16:57,447 SystemLoadProfiler:50 [pool-8-thread-1] - Average CPU Load: 0.0 in VM-120
 INFO 08-28 19:16:57,447 TaskEventRateCalculator:78 [pool-8-thread-1] - ---- Start of task processed event (# tasks: 0 in executor VM-120)----
----- End of taks processed event ----

 INFO 08-28 19:16:57,447 CpuBottleneckDetectorImpl:63 [pool-8-thread-1] - Current cpu load: 0.0, # processed events: 0, consecutive: 0/2, threshold: 0.9 in VM-120
 INFO 08-28 19:16:58,447 SystemLoadProfiler:50 [pool-8-thread-1] - Average CPU Load: 0.0 in VM-120
 INFO 08-28 19:16:58,447 TaskEventRateCalculator:78 [pool-8-thread-1] - ---- Start of task processed event (# tasks: 0 in executor VM-120)----
----- End of taks processed event ----

 INFO 08-28 19:16:58,447 CpuBottleneckDetectorImpl:63 [pool-8-thread-1] - Current cpu load: 0.0, # processed events: 0, consecutive: 0/2, threshold: 0.9 in VM-120
 INFO 08-28 19:16:59,447 SystemLoadProfiler:50 [pool-8-thread-1] - Average CPU Load: 0.0 in VM-120
 INFO 08-28 19:16:59,447 TaskEventRateCalculator:78 [pool-8-thread-1] - ---- Start of task processed event (# tasks: 0 in executor VM-120)----
----- End of taks processed event ----

 INFO 08-28 19:16:59,447 CpuBottleneckDetectorImpl:63 [pool-8-thread-1] - Current cpu load: 0.0, # processed events: 0, consecutive: 0/2, threshold: 0.9 in VM-120
 INFO 08-28 19:17:00,447 SystemLoadProfiler:50 [pool-8-thread-1] - Average CPU Load: 0.0 in VM-120
 INFO 08-28 19:17:00,447 TaskEventRateCalculator:78 [pool-8-thread-1] - ---- Start of task processed event (# tasks: 0 in executor VM-120)----
----- End of taks processed event ----

 INFO 08-28 19:17:00,447 CpuBottleneckDetectorImpl:63 [pool-8-thread-1] - Current cpu load: 0.0, # processed events: 0, consecutive: 0/2, threshold: 0.9 in VM-120
 INFO 08-28 19:17:01,447 SystemLoadProfiler:50 [pool-8-thread-1] - Average CPU Load: 0.0 in VM-120
 INFO 08-28 19:17:01,447 TaskEventRateCalculator:78 [pool-8-thread-1] - ---- Start of task processed event (# tasks: 0 in executor VM-120)----
----- End of taks processed event ----

 INFO 08-28 19:17:01,447 CpuBottleneckDetectorImpl:63 [pool-8-thread-1] - Current cpu load: 0.0, # processed events: 0, consecutive: 0/2, threshold: 0.9 in VM-120
 INFO 08-28 19:17:02,447 SystemLoadProfiler:50 [pool-8-thread-1] - Average CPU Load: 0.0 in VM-120
 INFO 08-28 19:17:02,447 TaskEventRateCalculator:78 [pool-8-thread-1] - ---- Start of task processed event (# tasks: 0 in executor VM-120)----
----- End of taks processed event ----

 INFO 08-28 19:17:02,447 CpuBottleneckDetectorImpl:63 [pool-8-thread-1] - Current cpu load: 0.0, # processed events: 0, consecutive: 0/2, threshold: 0.9 in VM-120
 INFO 08-28 19:17:03,447 SystemLoadProfiler:50 [pool-8-thread-1] - Average CPU Load: 0.0 in VM-120
 INFO 08-28 19:17:03,447 TaskEventRateCalculator:78 [pool-8-thread-1] - ---- Start of task processed event (# tasks: 0 in executor VM-120)----
----- End of taks processed event ----

 INFO 08-28 19:17:03,447 CpuBottleneckDetectorImpl:63 [pool-8-thread-1] - Current cpu load: 0.0, # processed events: 0, consecutive: 0/2, threshold: 0.9 in VM-120
 INFO 08-28 19:17:04,447 SystemLoadProfiler:50 [pool-8-thread-1] - Average CPU Load: 0.0 in VM-120
 INFO 08-28 19:17:04,447 TaskEventRateCalculator:78 [pool-8-thread-1] - ---- Start of task processed event (# tasks: 0 in executor VM-120)----
----- End of taks processed event ----

 INFO 08-28 19:17:04,447 CpuBottleneckDetectorImpl:63 [pool-8-thread-1] - Current cpu load: 0.0, # processed events: 0, consecutive: 0/2, threshold: 0.9 in VM-120
 INFO 08-28 19:17:05,447 SystemLoadProfiler:50 [pool-8-thread-1] - Average CPU Load: 0.0 in VM-120
 INFO 08-28 19:17:05,447 TaskEventRateCalculator:78 [pool-8-thread-1] - ---- Start of task processed event (# tasks: 0 in executor VM-120)----
----- End of taks processed event ----

 INFO 08-28 19:17:05,447 CpuBottleneckDetectorImpl:63 [pool-8-thread-1] - Current cpu load: 0.0, # processed events: 0, consecutive: 0/2, threshold: 0.9 in VM-120
 INFO 08-28 19:17:06,447 SystemLoadProfiler:50 [pool-8-thread-1] - Average CPU Load: 0.0 in VM-120
 INFO 08-28 19:17:06,447 TaskEventRateCalculator:78 [pool-8-thread-1] - ---- Start of task processed event (# tasks: 0 in executor VM-120)----
----- End of taks processed event ----

 INFO 08-28 19:17:06,447 CpuBottleneckDetectorImpl:63 [pool-8-thread-1] - Current cpu load: 0.0, # processed events: 0, consecutive: 0/2, threshold: 0.9 in VM-120
 INFO 08-28 19:17:07,447 SystemLoadProfiler:50 [pool-8-thread-1] - Average CPU Load: 0.0 in VM-120
 INFO 08-28 19:17:07,447 TaskEventRateCalculator:78 [pool-8-thread-1] - ---- Start of task processed event (# tasks: 0 in executor VM-120)----
----- End of taks processed event ----

 INFO 08-28 19:17:07,447 CpuBottleneckDetectorImpl:63 [pool-8-thread-1] - Current cpu load: 0.0, # processed events: 0, consecutive: 0/2, threshold: 0.9 in VM-120
 INFO 08-28 19:17:08,447 SystemLoadProfiler:50 [pool-8-thread-1] - Average CPU Load: 0.0 in VM-120
 INFO 08-28 19:17:08,447 TaskEventRateCalculator:78 [pool-8-thread-1] - ---- Start of task processed event (# tasks: 0 in executor VM-120)----
----- End of taks processed event ----

 INFO 08-28 19:17:08,447 CpuBottleneckDetectorImpl:63 [pool-8-thread-1] - Current cpu load: 0.0, # processed events: 0, consecutive: 0/2, threshold: 0.9 in VM-120
 INFO 08-28 19:17:09,447 SystemLoadProfiler:50 [pool-8-thread-1] - Average CPU Load: 0.0 in VM-120
 INFO 08-28 19:17:09,447 TaskEventRateCalculator:78 [pool-8-thread-1] - ---- Start of task processed event (# tasks: 0 in executor VM-120)----
----- End of taks processed event ----

 INFO 08-28 19:17:09,447 CpuBottleneckDetectorImpl:63 [pool-8-thread-1] - Current cpu load: 0.0, # processed events: 0, consecutive: 0/2, threshold: 0.9 in VM-120
 INFO 08-28 19:17:10,447 SystemLoadProfiler:50 [pool-8-thread-1] - Average CPU Load: 0.0 in VM-120
 INFO 08-28 19:17:10,447 TaskEventRateCalculator:78 [pool-8-thread-1] - ---- Start of task processed event (# tasks: 0 in executor VM-120)----
----- End of taks processed event ----

 INFO 08-28 19:17:10,447 CpuBottleneckDetectorImpl:63 [pool-8-thread-1] - Current cpu load: 0.0, # processed events: 0, consecutive: 0/2, threshold: 0.9 in VM-120
 INFO 08-28 19:17:11,447 SystemLoadProfiler:50 [pool-8-thread-1] - Average CPU Load: 0.0 in VM-120
 INFO 08-28 19:17:11,447 TaskEventRateCalculator:78 [pool-8-thread-1] - ---- Start of task processed event (# tasks: 0 in executor VM-120)----
----- End of taks processed event ----

 INFO 08-28 19:17:11,447 CpuBottleneckDetectorImpl:63 [pool-8-thread-1] - Current cpu load: 0.0, # processed events: 0, consecutive: 0/2, threshold: 0.9 in VM-120
 INFO 08-28 19:17:12,447 SystemLoadProfiler:50 [pool-8-thread-1] - Average CPU Load: 0.0 in VM-120
 INFO 08-28 19:17:12,447 TaskEventRateCalculator:78 [pool-8-thread-1] - ---- Start of task processed event (# tasks: 0 in executor VM-120)----
----- End of taks processed event ----

 INFO 08-28 19:17:12,447 CpuBottleneckDetectorImpl:63 [pool-8-thread-1] - Current cpu load: 0.0, # processed events: 0, consecutive: 0/2, threshold: 0.9 in VM-120
 INFO 08-28 19:17:13,447 SystemLoadProfiler:50 [pool-8-thread-1] - Average CPU Load: 0.0 in VM-120
 INFO 08-28 19:17:13,447 TaskEventRateCalculator:78 [pool-8-thread-1] - ---- Start of task processed event (# tasks: 0 in executor VM-120)----
----- End of taks processed event ----

 INFO 08-28 19:17:13,447 CpuBottleneckDetectorImpl:63 [pool-8-thread-1] - Current cpu load: 0.0, # processed events: 0, consecutive: 0/2, threshold: 0.9 in VM-120
 INFO 08-28 19:17:14,447 SystemLoadProfiler:50 [pool-8-thread-1] - Average CPU Load: 0.0 in VM-120
 INFO 08-28 19:17:14,447 TaskEventRateCalculator:78 [pool-8-thread-1] - ---- Start of task processed event (# tasks: 0 in executor VM-120)----
----- End of taks processed event ----

 INFO 08-28 19:17:14,447 CpuBottleneckDetectorImpl:63 [pool-8-thread-1] - Current cpu load: 0.0, # processed events: 0, consecutive: 0/2, threshold: 0.9 in VM-120
 INFO 08-28 19:17:15,447 SystemLoadProfiler:50 [pool-8-thread-1] - Average CPU Load: 0.0 in VM-120
 INFO 08-28 19:17:15,447 TaskEventRateCalculator:78 [pool-8-thread-1] - ---- Start of task processed event (# tasks: 0 in executor VM-120)----
----- End of taks processed event ----

 INFO 08-28 19:17:15,447 CpuBottleneckDetectorImpl:63 [pool-8-thread-1] - Current cpu load: 0.0, # processed events: 0, consecutive: 0/2, threshold: 0.9 in VM-120
 INFO 08-28 19:17:16,447 SystemLoadProfiler:50 [pool-8-thread-1] - Average CPU Load: 0.0 in VM-120
 INFO 08-28 19:17:16,447 TaskEventRateCalculator:78 [pool-8-thread-1] - ---- Start of task processed event (# tasks: 0 in executor VM-120)----
----- End of taks processed event ----

 INFO 08-28 19:17:16,447 CpuBottleneckDetectorImpl:63 [pool-8-thread-1] - Current cpu load: 0.0, # processed events: 0, consecutive: 0/2, threshold: 0.9 in VM-120
 INFO 08-28 19:17:17,447 SystemLoadProfiler:50 [pool-8-thread-1] - Average CPU Load: 0.0 in VM-120
 INFO 08-28 19:17:17,447 TaskEventRateCalculator:78 [pool-8-thread-1] - ---- Start of task processed event (# tasks: 0 in executor VM-120)----
----- End of taks processed event ----

 INFO 08-28 19:17:17,447 CpuBottleneckDetectorImpl:63 [pool-8-thread-1] - Current cpu load: 0.0, # processed events: 0, consecutive: 0/2, threshold: 0.9 in VM-120
 INFO 08-28 19:17:18,447 SystemLoadProfiler:50 [pool-8-thread-1] - Average CPU Load: 0.0 in VM-120
 INFO 08-28 19:17:18,447 TaskEventRateCalculator:78 [pool-8-thread-1] - ---- Start of task processed event (# tasks: 0 in executor VM-120)----
----- End of taks processed event ----

 INFO 08-28 19:17:18,447 CpuBottleneckDetectorImpl:63 [pool-8-thread-1] - Current cpu load: 0.0, # processed events: 0, consecutive: 0/2, threshold: 0.9 in VM-120
 INFO 08-28 19:17:19,447 SystemLoadProfiler:50 [pool-8-thread-1] - Average CPU Load: 0.0 in VM-120
 INFO 08-28 19:17:19,447 TaskEventRateCalculator:78 [pool-8-thread-1] - ---- Start of task processed event (# tasks: 0 in executor VM-120)----
----- End of taks processed event ----

 INFO 08-28 19:17:19,447 CpuBottleneckDetectorImpl:63 [pool-8-thread-1] - Current cpu load: 0.0, # processed events: 0, consecutive: 0/2, threshold: 0.9 in VM-120
 INFO 08-28 19:17:20,447 SystemLoadProfiler:50 [pool-8-thread-1] - Average CPU Load: 0.0 in VM-120
 INFO 08-28 19:17:20,447 TaskEventRateCalculator:78 [pool-8-thread-1] - ---- Start of task processed event (# tasks: 0 in executor VM-120)----
----- End of taks processed event ----

 INFO 08-28 19:17:20,447 CpuBottleneckDetectorImpl:63 [pool-8-thread-1] - Current cpu load: 0.0, # processed events: 0, consecutive: 0/2, threshold: 0.9 in VM-120
 INFO 08-28 19:17:21,447 SystemLoadProfiler:50 [pool-8-thread-1] - Average CPU Load: 0.0 in VM-120
 INFO 08-28 19:17:21,447 TaskEventRateCalculator:78 [pool-8-thread-1] - ---- Start of task processed event (# tasks: 0 in executor VM-120)----
----- End of taks processed event ----

 INFO 08-28 19:17:21,447 CpuBottleneckDetectorImpl:63 [pool-8-thread-1] - Current cpu load: 0.0, # processed events: 0, consecutive: 0/2, threshold: 0.9 in VM-120
 INFO 08-28 19:17:22,447 SystemLoadProfiler:50 [pool-8-thread-1] - Average CPU Load: 0.0 in VM-120
 INFO 08-28 19:17:22,447 TaskEventRateCalculator:78 [pool-8-thread-1] - ---- Start of task processed event (# tasks: 0 in executor VM-120)----
----- End of taks processed event ----

 INFO 08-28 19:17:22,447 CpuBottleneckDetectorImpl:63 [pool-8-thread-1] - Current cpu load: 0.0, # processed events: 0, consecutive: 0/2, threshold: 0.9 in VM-120
 INFO 08-28 19:17:23,447 SystemLoadProfiler:50 [pool-8-thread-1] - Average CPU Load: 0.0 in VM-120
 INFO 08-28 19:17:23,447 TaskEventRateCalculator:78 [pool-8-thread-1] - ---- Start of task processed event (# tasks: 0 in executor VM-120)----
----- End of taks processed event ----

 INFO 08-28 19:17:23,447 CpuBottleneckDetectorImpl:63 [pool-8-thread-1] - Current cpu load: 0.0, # processed events: 0, consecutive: 0/2, threshold: 0.9 in VM-120
 INFO 08-28 19:17:24,447 SystemLoadProfiler:50 [pool-8-thread-1] - Average CPU Load: 0.0 in VM-120
 INFO 08-28 19:17:24,447 TaskEventRateCalculator:78 [pool-8-thread-1] - ---- Start of task processed event (# tasks: 0 in executor VM-120)----
----- End of taks processed event ----

 INFO 08-28 19:17:24,447 CpuBottleneckDetectorImpl:63 [pool-8-thread-1] - Current cpu load: 0.0, # processed events: 0, consecutive: 0/2, threshold: 0.9 in VM-120
 INFO 08-28 19:17:25,447 SystemLoadProfiler:50 [pool-8-thread-1] - Average CPU Load: 0.0 in VM-120
 INFO 08-28 19:17:25,447 TaskEventRateCalculator:78 [pool-8-thread-1] - ---- Start of task processed event (# tasks: 0 in executor VM-120)----
----- End of taks processed event ----

 INFO 08-28 19:17:25,447 CpuBottleneckDetectorImpl:63 [pool-8-thread-1] - Current cpu load: 0.0, # processed events: 0, consecutive: 0/2, threshold: 0.9 in VM-120
 INFO 08-28 19:17:26,447 SystemLoadProfiler:50 [pool-8-thread-1] - Average CPU Load: 0.0 in VM-120
 INFO 08-28 19:17:26,447 TaskEventRateCalculator:78 [pool-8-thread-1] - ---- Start of task processed event (# tasks: 0 in executor VM-120)----
----- End of taks processed event ----

 INFO 08-28 19:17:26,447 CpuBottleneckDetectorImpl:63 [pool-8-thread-1] - Current cpu load: 0.0, # processed events: 0, consecutive: 0/2, threshold: 0.9 in VM-120
 INFO 08-28 19:17:27,447 SystemLoadProfiler:50 [pool-8-thread-1] - Average CPU Load: 0.0 in VM-120
 INFO 08-28 19:17:27,447 TaskEventRateCalculator:78 [pool-8-thread-1] - ---- Start of task processed event (# tasks: 0 in executor VM-120)----
----- End of taks processed event ----

 INFO 08-28 19:17:27,447 CpuBottleneckDetectorImpl:63 [pool-8-thread-1] - Current cpu load: 0.0, # processed events: 0, consecutive: 0/2, threshold: 0.9 in VM-120
 INFO 08-28 19:17:28,447 SystemLoadProfiler:50 [pool-8-thread-1] - Average CPU Load: 0.0 in VM-120
 INFO 08-28 19:17:28,447 TaskEventRateCalculator:78 [pool-8-thread-1] - ---- Start of task processed event (# tasks: 0 in executor VM-120)----
----- End of taks processed event ----

 INFO 08-28 19:17:28,447 CpuBottleneckDetectorImpl:63 [pool-8-thread-1] - Current cpu load: 0.0, # processed events: 0, consecutive: 0/2, threshold: 0.9 in VM-120
 INFO 08-28 19:17:29,447 SystemLoadProfiler:50 [pool-8-thread-1] - Average CPU Load: 0.0 in VM-120
 INFO 08-28 19:17:29,447 TaskEventRateCalculator:78 [pool-8-thread-1] - ---- Start of task processed event (# tasks: 0 in executor VM-120)----
----- End of taks processed event ----

 INFO 08-28 19:17:29,447 CpuBottleneckDetectorImpl:63 [pool-8-thread-1] - Current cpu load: 0.0, # processed events: 0, consecutive: 0/2, threshold: 0.9 in VM-120
 INFO 08-28 19:17:30,447 SystemLoadProfiler:50 [pool-8-thread-1] - Average CPU Load: 0.0 in VM-120
 INFO 08-28 19:17:30,447 TaskEventRateCalculator:78 [pool-8-thread-1] - ---- Start of task processed event (# tasks: 0 in executor VM-120)----
----- End of taks processed event ----

 INFO 08-28 19:17:30,447 CpuBottleneckDetectorImpl:63 [pool-8-thread-1] - Current cpu load: 0.0, # processed events: 0, consecutive: 0/2, threshold: 0.9 in VM-120
 INFO 08-28 19:17:31,447 SystemLoadProfiler:50 [pool-8-thread-1] - Average CPU Load: 0.0 in VM-120
 INFO 08-28 19:17:31,447 TaskEventRateCalculator:78 [pool-8-thread-1] - ---- Start of task processed event (# tasks: 0 in executor VM-120)----
----- End of taks processed event ----

 INFO 08-28 19:17:31,447 CpuBottleneckDetectorImpl:63 [pool-8-thread-1] - Current cpu load: 0.0, # processed events: 0, consecutive: 0/2, threshold: 0.9 in VM-120
 INFO 08-28 19:17:32,447 SystemLoadProfiler:50 [pool-8-thread-1] - Average CPU Load: 0.0 in VM-120
 INFO 08-28 19:17:32,447 TaskEventRateCalculator:78 [pool-8-thread-1] - ---- Start of task processed event (# tasks: 0 in executor VM-120)----
----- End of taks processed event ----

 INFO 08-28 19:17:32,447 CpuBottleneckDetectorImpl:63 [pool-8-thread-1] - Current cpu load: 0.0, # processed events: 0, consecutive: 0/2, threshold: 0.9 in VM-120
 INFO 08-28 19:17:33,447 SystemLoadProfiler:50 [pool-8-thread-1] - Average CPU Load: 0.0 in VM-120
 INFO 08-28 19:17:33,447 TaskEventRateCalculator:78 [pool-8-thread-1] - ---- Start of task processed event (# tasks: 0 in executor VM-120)----
----- End of taks processed event ----

 INFO 08-28 19:17:33,447 CpuBottleneckDetectorImpl:63 [pool-8-thread-1] - Current cpu load: 0.0, # processed events: 0, consecutive: 0/2, threshold: 0.9 in VM-120
 INFO 08-28 19:17:34,447 SystemLoadProfiler:50 [pool-8-thread-1] - Average CPU Load: 0.0 in VM-120
 INFO 08-28 19:17:34,447 TaskEventRateCalculator:78 [pool-8-thread-1] - ---- Start of task processed event (# tasks: 0 in executor VM-120)----
----- End of taks processed event ----

 INFO 08-28 19:17:34,447 CpuBottleneckDetectorImpl:63 [pool-8-thread-1] - Current cpu load: 0.0, # processed events: 0, consecutive: 0/2, threshold: 0.9 in VM-120
 INFO 08-28 19:17:35,447 SystemLoadProfiler:50 [pool-8-thread-1] - Average CPU Load: 0.0 in VM-120
 INFO 08-28 19:17:35,447 TaskEventRateCalculator:78 [pool-8-thread-1] - ---- Start of task processed event (# tasks: 0 in executor VM-120)----
----- End of taks processed event ----

 INFO 08-28 19:17:35,447 CpuBottleneckDetectorImpl:63 [pool-8-thread-1] - Current cpu load: 0.0, # processed events: 0, consecutive: 0/2, threshold: 0.9 in VM-120
 INFO 08-28 19:17:36,447 SystemLoadProfiler:50 [pool-8-thread-1] - Average CPU Load: 0.0 in VM-120
 INFO 08-28 19:17:36,447 TaskEventRateCalculator:78 [pool-8-thread-1] - ---- Start of task processed event (# tasks: 0 in executor VM-120)----
----- End of taks processed event ----

 INFO 08-28 19:17:36,447 CpuBottleneckDetectorImpl:63 [pool-8-thread-1] - Current cpu load: 0.0, # processed events: 0, consecutive: 0/2, threshold: 0.9 in VM-120
 INFO 08-28 19:17:37,447 SystemLoadProfiler:50 [pool-8-thread-1] - Average CPU Load: 0.0 in VM-120
 INFO 08-28 19:17:37,447 TaskEventRateCalculator:78 [pool-8-thread-1] - ---- Start of task processed event (# tasks: 0 in executor VM-120)----
----- End of taks processed event ----

 INFO 08-28 19:17:37,447 CpuBottleneckDetectorImpl:63 [pool-8-thread-1] - Current cpu load: 0.0, # processed events: 0, consecutive: 0/2, threshold: 0.9 in VM-120
 INFO 08-28 19:17:38,447 SystemLoadProfiler:50 [pool-8-thread-1] - Average CPU Load: 0.0 in VM-120
 INFO 08-28 19:17:38,447 TaskEventRateCalculator:78 [pool-8-thread-1] - ---- Start of task processed event (# tasks: 0 in executor VM-120)----
----- End of taks processed event ----

 INFO 08-28 19:17:38,447 CpuBottleneckDetectorImpl:63 [pool-8-thread-1] - Current cpu load: 0.0, # processed events: 0, consecutive: 0/2, threshold: 0.9 in VM-120
 INFO 08-28 19:17:39,447 SystemLoadProfiler:50 [pool-8-thread-1] - Average CPU Load: 0.0 in VM-120
 INFO 08-28 19:17:39,447 TaskEventRateCalculator:78 [pool-8-thread-1] - ---- Start of task processed event (# tasks: 0 in executor VM-120)----
----- End of taks processed event ----

 INFO 08-28 19:17:39,447 CpuBottleneckDetectorImpl:63 [pool-8-thread-1] - Current cpu load: 0.0, # processed events: 0, consecutive: 0/2, threshold: 0.9 in VM-120
 INFO 08-28 19:17:40,447 SystemLoadProfiler:50 [pool-8-thread-1] - Average CPU Load: 0.0 in VM-120
 INFO 08-28 19:17:40,447 TaskEventRateCalculator:78 [pool-8-thread-1] - ---- Start of task processed event (# tasks: 0 in executor VM-120)----
----- End of taks processed event ----

 INFO 08-28 19:17:40,447 CpuBottleneckDetectorImpl:63 [pool-8-thread-1] - Current cpu load: 0.0, # processed events: 0, consecutive: 0/2, threshold: 0.9 in VM-120
 INFO 08-28 19:17:41,447 SystemLoadProfiler:50 [pool-8-thread-1] - Average CPU Load: 0.0 in VM-120
 INFO 08-28 19:17:41,447 TaskEventRateCalculator:78 [pool-8-thread-1] - ---- Start of task processed event (# tasks: 0 in executor VM-120)----
----- End of taks processed event ----

 INFO 08-28 19:17:41,447 CpuBottleneckDetectorImpl:63 [pool-8-thread-1] - Current cpu load: 0.0, # processed events: 0, consecutive: 0/2, threshold: 0.9 in VM-120
 INFO 08-28 19:17:42,447 SystemLoadProfiler:50 [pool-8-thread-1] - Average CPU Load: 0.0 in VM-120
 INFO 08-28 19:17:42,447 TaskEventRateCalculator:78 [pool-8-thread-1] - ---- Start of task processed event (# tasks: 0 in executor VM-120)----
----- End of taks processed event ----

 INFO 08-28 19:17:42,447 CpuBottleneckDetectorImpl:63 [pool-8-thread-1] - Current cpu load: 0.0, # processed events: 0, consecutive: 0/2, threshold: 0.9 in VM-120
 INFO 08-28 19:17:43,447 SystemLoadProfiler:50 [pool-8-thread-1] - Average CPU Load: 0.0 in VM-120
 INFO 08-28 19:17:43,447 TaskEventRateCalculator:78 [pool-8-thread-1] - ---- Start of task processed event (# tasks: 0 in executor VM-120)----
----- End of taks processed event ----

 INFO 08-28 19:17:43,447 CpuBottleneckDetectorImpl:63 [pool-8-thread-1] - Current cpu load: 0.0, # processed events: 0, consecutive: 0/2, threshold: 0.9 in VM-120
 INFO 08-28 19:17:44,447 SystemLoadProfiler:50 [pool-8-thread-1] - Average CPU Load: 0.0 in VM-120
 INFO 08-28 19:17:44,447 TaskEventRateCalculator:78 [pool-8-thread-1] - ---- Start of task processed event (# tasks: 0 in executor VM-120)----
----- End of taks processed event ----

 INFO 08-28 19:17:44,447 CpuBottleneckDetectorImpl:63 [pool-8-thread-1] - Current cpu load: 0.0, # processed events: 0, consecutive: 0/2, threshold: 0.9 in VM-120
 INFO 08-28 19:17:45,447 SystemLoadProfiler:50 [pool-8-thread-1] - Average CPU Load: 0.0 in VM-120
 INFO 08-28 19:17:45,447 TaskEventRateCalculator:78 [pool-8-thread-1] - ---- Start of task processed event (# tasks: 0 in executor VM-120)----
----- End of taks processed event ----

 INFO 08-28 19:17:45,447 CpuBottleneckDetectorImpl:63 [pool-8-thread-1] - Current cpu load: 0.0, # processed events: 0, consecutive: 0/2, threshold: 0.9 in VM-120
 INFO 08-28 19:17:46,447 SystemLoadProfiler:50 [pool-8-thread-1] - Average CPU Load: 0.0 in VM-120
 INFO 08-28 19:17:46,447 TaskEventRateCalculator:78 [pool-8-thread-1] - ---- Start of task processed event (# tasks: 0 in executor VM-120)----
----- End of taks processed event ----

 INFO 08-28 19:17:46,447 CpuBottleneckDetectorImpl:63 [pool-8-thread-1] - Current cpu load: 0.0, # processed events: 0, consecutive: 0/2, threshold: 0.9 in VM-120
 INFO 08-28 19:17:47,447 SystemLoadProfiler:50 [pool-8-thread-1] - Average CPU Load: 0.0 in VM-120
 INFO 08-28 19:17:47,447 TaskEventRateCalculator:78 [pool-8-thread-1] - ---- Start of task processed event (# tasks: 0 in executor VM-120)----
----- End of taks processed event ----

 INFO 08-28 19:17:47,447 CpuBottleneckDetectorImpl:63 [pool-8-thread-1] - Current cpu load: 0.0, # processed events: 0, consecutive: 0/2, threshold: 0.9 in VM-120
 INFO 08-28 19:17:48,447 SystemLoadProfiler:50 [pool-8-thread-1] - Average CPU Load: 0.0 in VM-120
 INFO 08-28 19:17:48,447 TaskEventRateCalculator:78 [pool-8-thread-1] - ---- Start of task processed event (# tasks: 0 in executor VM-120)----
----- End of taks processed event ----

 INFO 08-28 19:17:48,447 CpuBottleneckDetectorImpl:63 [pool-8-thread-1] - Current cpu load: 0.0, # processed events: 0, consecutive: 0/2, threshold: 0.9 in VM-120
 INFO 08-28 19:17:49,447 SystemLoadProfiler:50 [pool-8-thread-1] - Average CPU Load: 0.0 in VM-120
 INFO 08-28 19:17:49,447 TaskEventRateCalculator:78 [pool-8-thread-1] - ---- Start of task processed event (# tasks: 0 in executor VM-120)----
----- End of taks processed event ----

 INFO 08-28 19:17:49,447 CpuBottleneckDetectorImpl:63 [pool-8-thread-1] - Current cpu load: 0.0, # processed events: 0, consecutive: 0/2, threshold: 0.9 in VM-120
 INFO 08-28 19:17:50,447 SystemLoadProfiler:50 [pool-8-thread-1] - Average CPU Load: 0.0 in VM-120
 INFO 08-28 19:17:50,447 TaskEventRateCalculator:78 [pool-8-thread-1] - ---- Start of task processed event (# tasks: 0 in executor VM-120)----
----- End of taks processed event ----

 INFO 08-28 19:17:50,447 CpuBottleneckDetectorImpl:63 [pool-8-thread-1] - Current cpu load: 0.0, # processed events: 0, consecutive: 0/2, threshold: 0.9 in VM-120
 INFO 08-28 19:17:51,447 SystemLoadProfiler:50 [pool-8-thread-1] - Average CPU Load: 0.0 in VM-120
 INFO 08-28 19:17:51,447 TaskEventRateCalculator:78 [pool-8-thread-1] - ---- Start of task processed event (# tasks: 0 in executor VM-120)----
----- End of taks processed event ----

 INFO 08-28 19:17:51,447 CpuBottleneckDetectorImpl:63 [pool-8-thread-1] - Current cpu load: 0.0, # processed events: 0, consecutive: 0/2, threshold: 0.9 in VM-120
 INFO 08-28 19:17:52,447 SystemLoadProfiler:50 [pool-8-thread-1] - Average CPU Load: 0.0 in VM-120
 INFO 08-28 19:17:52,447 TaskEventRateCalculator:78 [pool-8-thread-1] - ---- Start of task processed event (# tasks: 0 in executor VM-120)----
----- End of taks processed event ----

 INFO 08-28 19:17:52,447 CpuBottleneckDetectorImpl:63 [pool-8-thread-1] - Current cpu load: 0.0, # processed events: 0, consecutive: 0/2, threshold: 0.9 in VM-120
 INFO 08-28 19:17:53,447 SystemLoadProfiler:50 [pool-8-thread-1] - Average CPU Load: 0.0 in VM-120
 INFO 08-28 19:17:53,447 TaskEventRateCalculator:78 [pool-8-thread-1] - ---- Start of task processed event (# tasks: 0 in executor VM-120)----
----- End of taks processed event ----

 INFO 08-28 19:17:53,447 CpuBottleneckDetectorImpl:63 [pool-8-thread-1] - Current cpu load: 0.0, # processed events: 0, consecutive: 0/2, threshold: 0.9 in VM-120
 INFO 08-28 19:17:54,447 SystemLoadProfiler:50 [pool-8-thread-1] - Average CPU Load: 0.0 in VM-120
 INFO 08-28 19:17:54,447 TaskEventRateCalculator:78 [pool-8-thread-1] - ---- Start of task processed event (# tasks: 0 in executor VM-120)----
----- End of taks processed event ----

 INFO 08-28 19:17:54,447 CpuBottleneckDetectorImpl:63 [pool-8-thread-1] - Current cpu load: 0.0, # processed events: 0, consecutive: 0/2, threshold: 0.9 in VM-120
 INFO 08-28 19:17:55,447 SystemLoadProfiler:50 [pool-8-thread-1] - Average CPU Load: 0.0 in VM-120
 INFO 08-28 19:17:55,447 TaskEventRateCalculator:78 [pool-8-thread-1] - ---- Start of task processed event (# tasks: 0 in executor VM-120)----
----- End of taks processed event ----

 INFO 08-28 19:17:55,447 CpuBottleneckDetectorImpl:63 [pool-8-thread-1] - Current cpu load: 0.0, # processed events: 0, consecutive: 0/2, threshold: 0.9 in VM-120
 INFO 08-28 19:17:56,447 SystemLoadProfiler:50 [pool-8-thread-1] - Average CPU Load: 0.0 in VM-120
 INFO 08-28 19:17:56,447 TaskEventRateCalculator:78 [pool-8-thread-1] - ---- Start of task processed event (# tasks: 0 in executor VM-120)----
----- End of taks processed event ----

 INFO 08-28 19:17:56,447 CpuBottleneckDetectorImpl:63 [pool-8-thread-1] - Current cpu load: 0.0, # processed events: 0, consecutive: 0/2, threshold: 0.9 in VM-120
 INFO 08-28 19:17:57,447 SystemLoadProfiler:50 [pool-8-thread-1] - Average CPU Load: 0.0 in VM-120
 INFO 08-28 19:17:57,447 TaskEventRateCalculator:78 [pool-8-thread-1] - ---- Start of task processed event (# tasks: 0 in executor VM-120)----
----- End of taks processed event ----

 INFO 08-28 19:17:57,447 CpuBottleneckDetectorImpl:63 [pool-8-thread-1] - Current cpu load: 0.0, # processed events: 0, consecutive: 0/2, threshold: 0.9 in VM-120
 INFO 08-28 19:17:58,447 SystemLoadProfiler:50 [pool-8-thread-1] - Average CPU Load: 0.0 in VM-120
 INFO 08-28 19:17:58,447 TaskEventRateCalculator:78 [pool-8-thread-1] - ---- Start of task processed event (# tasks: 0 in executor VM-120)----
----- End of taks processed event ----

 INFO 08-28 19:17:58,447 CpuBottleneckDetectorImpl:63 [pool-8-thread-1] - Current cpu load: 0.0, # processed events: 0, consecutive: 0/2, threshold: 0.9 in VM-120
 INFO 08-28 19:17:59,447 SystemLoadProfiler:50 [pool-8-thread-1] - Average CPU Load: 0.0 in VM-120
 INFO 08-28 19:17:59,447 TaskEventRateCalculator:78 [pool-8-thread-1] - ---- Start of task processed event (# tasks: 0 in executor VM-120)----
----- End of taks processed event ----

 INFO 08-28 19:17:59,447 CpuBottleneckDetectorImpl:63 [pool-8-thread-1] - Current cpu load: 0.0, # processed events: 0, consecutive: 0/2, threshold: 0.9 in VM-120
 INFO 08-28 19:18:00,447 SystemLoadProfiler:50 [pool-8-thread-1] - Average CPU Load: 0.0 in VM-120
 INFO 08-28 19:18:00,447 TaskEventRateCalculator:78 [pool-8-thread-1] - ---- Start of task processed event (# tasks: 0 in executor VM-120)----
----- End of taks processed event ----

 INFO 08-28 19:18:00,447 CpuBottleneckDetectorImpl:63 [pool-8-thread-1] - Current cpu load: 0.0, # processed events: 0, consecutive: 0/2, threshold: 0.9 in VM-120
 INFO 08-28 19:18:01,447 SystemLoadProfiler:50 [pool-8-thread-1] - Average CPU Load: 0.0 in VM-120
 INFO 08-28 19:18:01,447 TaskEventRateCalculator:78 [pool-8-thread-1] - ---- Start of task processed event (# tasks: 0 in executor VM-120)----
----- End of taks processed event ----

 INFO 08-28 19:18:01,447 CpuBottleneckDetectorImpl:63 [pool-8-thread-1] - Current cpu load: 0.0, # processed events: 0, consecutive: 0/2, threshold: 0.9 in VM-120
 INFO 08-28 19:18:02,447 SystemLoadProfiler:50 [pool-8-thread-1] - Average CPU Load: 0.0 in VM-120
 INFO 08-28 19:18:02,447 TaskEventRateCalculator:78 [pool-8-thread-1] - ---- Start of task processed event (# tasks: 0 in executor VM-120)----
----- End of taks processed event ----

 INFO 08-28 19:18:02,447 CpuBottleneckDetectorImpl:63 [pool-8-thread-1] - Current cpu load: 0.0, # processed events: 0, consecutive: 0/2, threshold: 0.9 in VM-120
 INFO 08-28 19:18:03,447 SystemLoadProfiler:50 [pool-8-thread-1] - Average CPU Load: 0.0 in VM-120
 INFO 08-28 19:18:03,447 TaskEventRateCalculator:78 [pool-8-thread-1] - ---- Start of task processed event (# tasks: 0 in executor VM-120)----
----- End of taks processed event ----

 INFO 08-28 19:18:03,447 CpuBottleneckDetectorImpl:63 [pool-8-thread-1] - Current cpu load: 0.0, # processed events: 0, consecutive: 0/2, threshold: 0.9 in VM-120
 INFO 08-28 19:18:04,447 SystemLoadProfiler:50 [pool-8-thread-1] - Average CPU Load: 0.0 in VM-120
 INFO 08-28 19:18:04,447 TaskEventRateCalculator:78 [pool-8-thread-1] - ---- Start of task processed event (# tasks: 0 in executor VM-120)----
----- End of taks processed event ----

 INFO 08-28 19:18:04,447 CpuBottleneckDetectorImpl:63 [pool-8-thread-1] - Current cpu load: 0.0, # processed events: 0, consecutive: 0/2, threshold: 0.9 in VM-120
 INFO 08-28 19:18:05,447 SystemLoadProfiler:50 [pool-8-thread-1] - Average CPU Load: 0.0 in VM-120
 INFO 08-28 19:18:05,447 TaskEventRateCalculator:78 [pool-8-thread-1] - ---- Start of task processed event (# tasks: 0 in executor VM-120)----
----- End of taks processed event ----

 INFO 08-28 19:18:05,447 CpuBottleneckDetectorImpl:63 [pool-8-thread-1] - Current cpu load: 0.0, # processed events: 0, consecutive: 0/2, threshold: 0.9 in VM-120
 INFO 08-28 19:18:06,447 SystemLoadProfiler:50 [pool-8-thread-1] - Average CPU Load: 0.0 in VM-120
 INFO 08-28 19:18:06,447 TaskEventRateCalculator:78 [pool-8-thread-1] - ---- Start of task processed event (# tasks: 0 in executor VM-120)----
----- End of taks processed event ----

 INFO 08-28 19:18:06,447 CpuBottleneckDetectorImpl:63 [pool-8-thread-1] - Current cpu load: 0.0, # processed events: 0, consecutive: 0/2, threshold: 0.9 in VM-120
 INFO 08-28 19:18:07,447 SystemLoadProfiler:50 [pool-8-thread-1] - Average CPU Load: 0.0 in VM-120
 INFO 08-28 19:18:07,447 TaskEventRateCalculator:78 [pool-8-thread-1] - ---- Start of task processed event (# tasks: 0 in executor VM-120)----
----- End of taks processed event ----

 INFO 08-28 19:18:07,447 CpuBottleneckDetectorImpl:63 [pool-8-thread-1] - Current cpu load: 0.0, # processed events: 0, consecutive: 0/2, threshold: 0.9 in VM-120
 INFO 08-28 19:18:08,447 SystemLoadProfiler:50 [pool-8-thread-1] - Average CPU Load: 0.0 in VM-120
 INFO 08-28 19:18:08,447 TaskEventRateCalculator:78 [pool-8-thread-1] - ---- Start of task processed event (# tasks: 0 in executor VM-120)----
----- End of taks processed event ----

 INFO 08-28 19:18:08,447 CpuBottleneckDetectorImpl:63 [pool-8-thread-1] - Current cpu load: 0.0, # processed events: 0, consecutive: 0/2, threshold: 0.9 in VM-120
 INFO 08-28 19:18:09,447 SystemLoadProfiler:50 [pool-8-thread-1] - Average CPU Load: 0.0 in VM-120
 INFO 08-28 19:18:09,447 TaskEventRateCalculator:78 [pool-8-thread-1] - ---- Start of task processed event (# tasks: 0 in executor VM-120)----
----- End of taks processed event ----

 INFO 08-28 19:18:09,447 CpuBottleneckDetectorImpl:63 [pool-8-thread-1] - Current cpu load: 0.0, # processed events: 0, consecutive: 0/2, threshold: 0.9 in VM-120
 INFO 08-28 19:18:10,447 SystemLoadProfiler:50 [pool-8-thread-1] - Average CPU Load: 0.0 in VM-120
 INFO 08-28 19:18:10,447 TaskEventRateCalculator:78 [pool-8-thread-1] - ---- Start of task processed event (# tasks: 0 in executor VM-120)----
----- End of taks processed event ----

 INFO 08-28 19:18:10,447 CpuBottleneckDetectorImpl:63 [pool-8-thread-1] - Current cpu load: 0.0, # processed events: 0, consecutive: 0/2, threshold: 0.9 in VM-120
 INFO 08-28 19:18:11,447 SystemLoadProfiler:50 [pool-8-thread-1] - Average CPU Load: 0.0 in VM-120
 INFO 08-28 19:18:11,447 TaskEventRateCalculator:78 [pool-8-thread-1] - ---- Start of task processed event (# tasks: 0 in executor VM-120)----
----- End of taks processed event ----

 INFO 08-28 19:18:11,447 CpuBottleneckDetectorImpl:63 [pool-8-thread-1] - Current cpu load: 0.0, # processed events: 0, consecutive: 0/2, threshold: 0.9 in VM-120
 INFO 08-28 19:18:12,447 SystemLoadProfiler:50 [pool-8-thread-1] - Average CPU Load: 0.0 in VM-120
 INFO 08-28 19:18:12,447 TaskEventRateCalculator:78 [pool-8-thread-1] - ---- Start of task processed event (# tasks: 0 in executor VM-120)----
----- End of taks processed event ----

 INFO 08-28 19:18:12,447 CpuBottleneckDetectorImpl:63 [pool-8-thread-1] - Current cpu load: 0.0, # processed events: 0, consecutive: 0/2, threshold: 0.9 in VM-120
 INFO 08-28 19:18:13,447 SystemLoadProfiler:50 [pool-8-thread-1] - Average CPU Load: 0.0 in VM-120
 INFO 08-28 19:18:13,447 TaskEventRateCalculator:78 [pool-8-thread-1] - ---- Start of task processed event (# tasks: 0 in executor VM-120)----
----- End of taks processed event ----

 INFO 08-28 19:18:13,447 CpuBottleneckDetectorImpl:63 [pool-8-thread-1] - Current cpu load: 0.0, # processed events: 0, consecutive: 0/2, threshold: 0.9 in VM-120
 INFO 08-28 19:18:14,447 SystemLoadProfiler:50 [pool-8-thread-1] - Average CPU Load: 0.0 in VM-120
 INFO 08-28 19:18:14,447 TaskEventRateCalculator:78 [pool-8-thread-1] - ---- Start of task processed event (# tasks: 0 in executor VM-120)----
----- End of taks processed event ----

 INFO 08-28 19:18:14,447 CpuBottleneckDetectorImpl:63 [pool-8-thread-1] - Current cpu load: 0.0, # processed events: 0, consecutive: 0/2, threshold: 0.9 in VM-120
 INFO 08-28 19:18:15,447 SystemLoadProfiler:50 [pool-8-thread-1] - Average CPU Load: 0.0 in VM-120
 INFO 08-28 19:18:15,447 TaskEventRateCalculator:78 [pool-8-thread-1] - ---- Start of task processed event (# tasks: 0 in executor VM-120)----
----- End of taks processed event ----

 INFO 08-28 19:18:15,447 CpuBottleneckDetectorImpl:63 [pool-8-thread-1] - Current cpu load: 0.0, # processed events: 0, consecutive: 0/2, threshold: 0.9 in VM-120
 INFO 08-28 19:18:16,447 SystemLoadProfiler:50 [pool-8-thread-1] - Average CPU Load: 0.0 in VM-120
 INFO 08-28 19:18:16,447 TaskEventRateCalculator:78 [pool-8-thread-1] - ---- Start of task processed event (# tasks: 0 in executor VM-120)----
----- End of taks processed event ----

 INFO 08-28 19:18:16,447 CpuBottleneckDetectorImpl:63 [pool-8-thread-1] - Current cpu load: 0.0, # processed events: 0, consecutive: 0/2, threshold: 0.9 in VM-120
 INFO 08-28 19:18:17,447 SystemLoadProfiler:50 [pool-8-thread-1] - Average CPU Load: 0.0 in VM-120
 INFO 08-28 19:18:17,447 TaskEventRateCalculator:78 [pool-8-thread-1] - ---- Start of task processed event (# tasks: 0 in executor VM-120)----
----- End of taks processed event ----

 INFO 08-28 19:18:17,447 CpuBottleneckDetectorImpl:63 [pool-8-thread-1] - Current cpu load: 0.0, # processed events: 0, consecutive: 0/2, threshold: 0.9 in VM-120
 INFO 08-28 19:18:18,447 SystemLoadProfiler:50 [pool-8-thread-1] - Average CPU Load: 0.0 in VM-120
 INFO 08-28 19:18:18,447 TaskEventRateCalculator:78 [pool-8-thread-1] - ---- Start of task processed event (# tasks: 0 in executor VM-120)----
----- End of taks processed event ----

 INFO 08-28 19:18:18,447 CpuBottleneckDetectorImpl:63 [pool-8-thread-1] - Current cpu load: 0.0, # processed events: 0, consecutive: 0/2, threshold: 0.9 in VM-120
 INFO 08-28 19:18:19,447 SystemLoadProfiler:50 [pool-8-thread-1] - Average CPU Load: 0.0 in VM-120
 INFO 08-28 19:18:19,447 TaskEventRateCalculator:78 [pool-8-thread-1] - ---- Start of task processed event (# tasks: 0 in executor VM-120)----
----- End of taks processed event ----

 INFO 08-28 19:18:19,447 CpuBottleneckDetectorImpl:63 [pool-8-thread-1] - Current cpu load: 0.0, # processed events: 0, consecutive: 0/2, threshold: 0.9 in VM-120
 INFO 08-28 19:18:20,447 SystemLoadProfiler:50 [pool-8-thread-1] - Average CPU Load: 0.0 in VM-120
 INFO 08-28 19:18:20,447 TaskEventRateCalculator:78 [pool-8-thread-1] - ---- Start of task processed event (# tasks: 0 in executor VM-120)----
----- End of taks processed event ----

 INFO 08-28 19:18:20,447 CpuBottleneckDetectorImpl:63 [pool-8-thread-1] - Current cpu load: 0.0, # processed events: 0, consecutive: 0/2, threshold: 0.9 in VM-120
 INFO 08-28 19:18:21,447 SystemLoadProfiler:50 [pool-8-thread-1] - Average CPU Load: 0.0 in VM-120
 INFO 08-28 19:18:21,447 TaskEventRateCalculator:78 [pool-8-thread-1] - ---- Start of task processed event (# tasks: 0 in executor VM-120)----
----- End of taks processed event ----

 INFO 08-28 19:18:21,447 CpuBottleneckDetectorImpl:63 [pool-8-thread-1] - Current cpu load: 0.0, # processed events: 0, consecutive: 0/2, threshold: 0.9 in VM-120
 INFO 08-28 19:18:22,447 SystemLoadProfiler:50 [pool-8-thread-1] - Average CPU Load: 0.0 in VM-120
 INFO 08-28 19:18:22,447 TaskEventRateCalculator:78 [pool-8-thread-1] - ---- Start of task processed event (# tasks: 0 in executor VM-120)----
----- End of taks processed event ----

 INFO 08-28 19:18:22,447 CpuBottleneckDetectorImpl:63 [pool-8-thread-1] - Current cpu load: 0.0, # processed events: 0, consecutive: 0/2, threshold: 0.9 in VM-120
 INFO 08-28 19:18:23,447 SystemLoadProfiler:50 [pool-8-thread-1] - Average CPU Load: 0.0 in VM-120
 INFO 08-28 19:18:23,447 TaskEventRateCalculator:78 [pool-8-thread-1] - ---- Start of task processed event (# tasks: 0 in executor VM-120)----
----- End of taks processed event ----

 INFO 08-28 19:18:23,447 CpuBottleneckDetectorImpl:63 [pool-8-thread-1] - Current cpu load: 0.0, # processed events: 0, consecutive: 0/2, threshold: 0.9 in VM-120
 INFO 08-28 19:18:24,447 SystemLoadProfiler:50 [pool-8-thread-1] - Average CPU Load: 0.0 in VM-120
 INFO 08-28 19:18:24,447 TaskEventRateCalculator:78 [pool-8-thread-1] - ---- Start of task processed event (# tasks: 0 in executor VM-120)----
----- End of taks processed event ----

 INFO 08-28 19:18:24,447 CpuBottleneckDetectorImpl:63 [pool-8-thread-1] - Current cpu load: 0.0, # processed events: 0, consecutive: 0/2, threshold: 0.9 in VM-120
 INFO 08-28 19:18:25,447 SystemLoadProfiler:50 [pool-8-thread-1] - Average CPU Load: 0.0 in VM-120
 INFO 08-28 19:18:25,447 TaskEventRateCalculator:78 [pool-8-thread-1] - ---- Start of task processed event (# tasks: 0 in executor VM-120)----
----- End of taks processed event ----

 INFO 08-28 19:18:25,447 CpuBottleneckDetectorImpl:63 [pool-8-thread-1] - Current cpu load: 0.0, # processed events: 0, consecutive: 0/2, threshold: 0.9 in VM-120
 INFO 08-28 19:18:26,447 SystemLoadProfiler:50 [pool-8-thread-1] - Average CPU Load: 0.0 in VM-120
 INFO 08-28 19:18:26,447 TaskEventRateCalculator:78 [pool-8-thread-1] - ---- Start of task processed event (# tasks: 0 in executor VM-120)----
----- End of taks processed event ----

 INFO 08-28 19:18:26,447 CpuBottleneckDetectorImpl:63 [pool-8-thread-1] - Current cpu load: 0.0, # processed events: 0, consecutive: 0/2, threshold: 0.9 in VM-120
 INFO 08-28 19:18:27,447 SystemLoadProfiler:50 [pool-8-thread-1] - Average CPU Load: 0.0 in VM-120
 INFO 08-28 19:18:27,447 TaskEventRateCalculator:78 [pool-8-thread-1] - ---- Start of task processed event (# tasks: 0 in executor VM-120)----
----- End of taks processed event ----

 INFO 08-28 19:18:27,447 CpuBottleneckDetectorImpl:63 [pool-8-thread-1] - Current cpu load: 0.0, # processed events: 0, consecutive: 0/2, threshold: 0.9 in VM-120
 INFO 08-28 19:18:28,447 SystemLoadProfiler:50 [pool-8-thread-1] - Average CPU Load: 0.0 in VM-120
 INFO 08-28 19:18:28,447 TaskEventRateCalculator:78 [pool-8-thread-1] - ---- Start of task processed event (# tasks: 0 in executor VM-120)----
----- End of taks processed event ----

 INFO 08-28 19:18:28,447 CpuBottleneckDetectorImpl:63 [pool-8-thread-1] - Current cpu load: 0.0, # processed events: 0, consecutive: 0/2, threshold: 0.9 in VM-120
 INFO 08-28 19:18:29,447 SystemLoadProfiler:50 [pool-8-thread-1] - Average CPU Load: 0.0 in VM-120
 INFO 08-28 19:18:29,447 TaskEventRateCalculator:78 [pool-8-thread-1] - ---- Start of task processed event (# tasks: 0 in executor VM-120)----
----- End of taks processed event ----

 INFO 08-28 19:18:29,447 CpuBottleneckDetectorImpl:63 [pool-8-thread-1] - Current cpu load: 0.0, # processed events: 0, consecutive: 0/2, threshold: 0.9 in VM-120
 INFO 08-28 19:18:30,447 SystemLoadProfiler:50 [pool-8-thread-1] - Average CPU Load: 0.0 in VM-120
 INFO 08-28 19:18:30,447 TaskEventRateCalculator:78 [pool-8-thread-1] - ---- Start of task processed event (# tasks: 0 in executor VM-120)----
----- End of taks processed event ----

 INFO 08-28 19:18:30,447 CpuBottleneckDetectorImpl:63 [pool-8-thread-1] - Current cpu load: 0.0, # processed events: 0, consecutive: 0/2, threshold: 0.9 in VM-120
 INFO 08-28 19:18:31,447 SystemLoadProfiler:50 [pool-8-thread-1] - Average CPU Load: 0.0 in VM-120
 INFO 08-28 19:18:31,447 TaskEventRateCalculator:78 [pool-8-thread-1] - ---- Start of task processed event (# tasks: 0 in executor VM-120)----
----- End of taks processed event ----

 INFO 08-28 19:18:31,447 CpuBottleneckDetectorImpl:63 [pool-8-thread-1] - Current cpu load: 0.0, # processed events: 0, consecutive: 0/2, threshold: 0.9 in VM-120
 INFO 08-28 19:18:32,447 SystemLoadProfiler:50 [pool-8-thread-1] - Average CPU Load: 0.0 in VM-120
 INFO 08-28 19:18:32,447 TaskEventRateCalculator:78 [pool-8-thread-1] - ---- Start of task processed event (# tasks: 0 in executor VM-120)----
----- End of taks processed event ----

 INFO 08-28 19:18:32,447 CpuBottleneckDetectorImpl:63 [pool-8-thread-1] - Current cpu load: 0.0, # processed events: 0, consecutive: 0/2, threshold: 0.9 in VM-120
 INFO 08-28 19:18:33,447 SystemLoadProfiler:50 [pool-8-thread-1] - Average CPU Load: 0.0 in VM-120
 INFO 08-28 19:18:33,447 TaskEventRateCalculator:78 [pool-8-thread-1] - ---- Start of task processed event (# tasks: 0 in executor VM-120)----
----- End of taks processed event ----

 INFO 08-28 19:18:33,447 CpuBottleneckDetectorImpl:63 [pool-8-thread-1] - Current cpu load: 0.0, # processed events: 0, consecutive: 0/2, threshold: 0.9 in VM-120
 INFO 08-28 19:18:34,447 SystemLoadProfiler:50 [pool-8-thread-1] - Average CPU Load: 0.0 in VM-120
 INFO 08-28 19:18:34,447 TaskEventRateCalculator:78 [pool-8-thread-1] - ---- Start of task processed event (# tasks: 0 in executor VM-120)----
----- End of taks processed event ----

 INFO 08-28 19:18:34,447 CpuBottleneckDetectorImpl:63 [pool-8-thread-1] - Current cpu load: 0.0, # processed events: 0, consecutive: 0/2, threshold: 0.9 in VM-120
 INFO 08-28 19:18:35,447 SystemLoadProfiler:50 [pool-8-thread-1] - Average CPU Load: 0.0 in VM-120
 INFO 08-28 19:18:35,447 TaskEventRateCalculator:78 [pool-8-thread-1] - ---- Start of task processed event (# tasks: 0 in executor VM-120)----
----- End of taks processed event ----

 INFO 08-28 19:18:35,447 CpuBottleneckDetectorImpl:63 [pool-8-thread-1] - Current cpu load: 0.0, # processed events: 0, consecutive: 0/2, threshold: 0.9 in VM-120
 INFO 08-28 19:18:36,447 SystemLoadProfiler:50 [pool-8-thread-1] - Average CPU Load: 0.0 in VM-120
 INFO 08-28 19:18:36,447 TaskEventRateCalculator:78 [pool-8-thread-1] - ---- Start of task processed event (# tasks: 0 in executor VM-120)----
----- End of taks processed event ----

 INFO 08-28 19:18:36,447 CpuBottleneckDetectorImpl:63 [pool-8-thread-1] - Current cpu load: 0.0, # processed events: 0, consecutive: 0/2, threshold: 0.9 in VM-120
 INFO 08-28 19:18:37,447 SystemLoadProfiler:50 [pool-8-thread-1] - Average CPU Load: 0.0 in VM-120
 INFO 08-28 19:18:37,447 TaskEventRateCalculator:78 [pool-8-thread-1] - ---- Start of task processed event (# tasks: 0 in executor VM-120)----
----- End of taks processed event ----

 INFO 08-28 19:18:37,447 CpuBottleneckDetectorImpl:63 [pool-8-thread-1] - Current cpu load: 0.0, # processed events: 0, consecutive: 0/2, threshold: 0.9 in VM-120
 INFO 08-28 19:18:38,447 SystemLoadProfiler:50 [pool-8-thread-1] - Average CPU Load: 0.0 in VM-120
 INFO 08-28 19:18:38,447 TaskEventRateCalculator:78 [pool-8-thread-1] - ---- Start of task processed event (# tasks: 0 in executor VM-120)----
----- End of taks processed event ----

 INFO 08-28 19:18:38,447 CpuBottleneckDetectorImpl:63 [pool-8-thread-1] - Current cpu load: 0.0, # processed events: 0, consecutive: 0/2, threshold: 0.9 in VM-120
 INFO 08-28 19:18:39,447 SystemLoadProfiler:50 [pool-8-thread-1] - Average CPU Load: 0.0 in VM-120
 INFO 08-28 19:18:39,447 TaskEventRateCalculator:78 [pool-8-thread-1] - ---- Start of task processed event (# tasks: 0 in executor VM-120)----
----- End of taks processed event ----

 INFO 08-28 19:18:39,447 CpuBottleneckDetectorImpl:63 [pool-8-thread-1] - Current cpu load: 0.0, # processed events: 0, consecutive: 0/2, threshold: 0.9 in VM-120
 INFO 08-28 19:18:40,447 SystemLoadProfiler:50 [pool-8-thread-1] - Average CPU Load: 0.0 in VM-120
 INFO 08-28 19:18:40,447 TaskEventRateCalculator:78 [pool-8-thread-1] - ---- Start of task processed event (# tasks: 0 in executor VM-120)----
----- End of taks processed event ----

 INFO 08-28 19:18:40,447 CpuBottleneckDetectorImpl:63 [pool-8-thread-1] - Current cpu load: 0.0, # processed events: 0, consecutive: 0/2, threshold: 0.9 in VM-120
 INFO 08-28 19:18:41,447 SystemLoadProfiler:50 [pool-8-thread-1] - Average CPU Load: 0.0 in VM-120
 INFO 08-28 19:18:41,447 TaskEventRateCalculator:78 [pool-8-thread-1] - ---- Start of task processed event (# tasks: 0 in executor VM-120)----
----- End of taks processed event ----

 INFO 08-28 19:18:41,447 CpuBottleneckDetectorImpl:63 [pool-8-thread-1] - Current cpu load: 0.0, # processed events: 0, consecutive: 0/2, threshold: 0.9 in VM-120
 INFO 08-28 19:18:42,447 SystemLoadProfiler:50 [pool-8-thread-1] - Average CPU Load: 0.0 in VM-120
 INFO 08-28 19:18:42,447 TaskEventRateCalculator:78 [pool-8-thread-1] - ---- Start of task processed event (# tasks: 0 in executor VM-120)----
----- End of taks processed event ----

 INFO 08-28 19:18:42,447 CpuBottleneckDetectorImpl:63 [pool-8-thread-1] - Current cpu load: 0.0, # processed events: 0, consecutive: 0/2, threshold: 0.9 in VM-120
 INFO 08-28 19:18:43,447 SystemLoadProfiler:50 [pool-8-thread-1] - Average CPU Load: 0.0 in VM-120
 INFO 08-28 19:18:43,447 TaskEventRateCalculator:78 [pool-8-thread-1] - ---- Start of task processed event (# tasks: 0 in executor VM-120)----
----- End of taks processed event ----

 INFO 08-28 19:18:43,447 CpuBottleneckDetectorImpl:63 [pool-8-thread-1] - Current cpu load: 0.0, # processed events: 0, consecutive: 0/2, threshold: 0.9 in VM-120
 INFO 08-28 19:18:44,447 SystemLoadProfiler:50 [pool-8-thread-1] - Average CPU Load: 0.0 in VM-120
 INFO 08-28 19:18:44,447 TaskEventRateCalculator:78 [pool-8-thread-1] - ---- Start of task processed event (# tasks: 0 in executor VM-120)----
----- End of taks processed event ----

 INFO 08-28 19:18:44,447 CpuBottleneckDetectorImpl:63 [pool-8-thread-1] - Current cpu load: 0.0, # processed events: 0, consecutive: 0/2, threshold: 0.9 in VM-120
 INFO 08-28 19:18:45,447 SystemLoadProfiler:50 [pool-8-thread-1] - Average CPU Load: 0.0 in VM-120
 INFO 08-28 19:18:45,447 TaskEventRateCalculator:78 [pool-8-thread-1] - ---- Start of task processed event (# tasks: 0 in executor VM-120)----
----- End of taks processed event ----

 INFO 08-28 19:18:45,447 CpuBottleneckDetectorImpl:63 [pool-8-thread-1] - Current cpu load: 0.0, # processed events: 0, consecutive: 0/2, threshold: 0.9 in VM-120
 INFO 08-28 19:18:46,447 SystemLoadProfiler:50 [pool-8-thread-1] - Average CPU Load: 0.0 in VM-120
 INFO 08-28 19:18:46,447 TaskEventRateCalculator:78 [pool-8-thread-1] - ---- Start of task processed event (# tasks: 0 in executor VM-120)----
----- End of taks processed event ----

 INFO 08-28 19:18:46,447 CpuBottleneckDetectorImpl:63 [pool-8-thread-1] - Current cpu load: 0.0, # processed events: 0, consecutive: 0/2, threshold: 0.9 in VM-120
 INFO 08-28 19:18:47,447 SystemLoadProfiler:50 [pool-8-thread-1] - Average CPU Load: 0.0 in VM-120
 INFO 08-28 19:18:47,447 TaskEventRateCalculator:78 [pool-8-thread-1] - ---- Start of task processed event (# tasks: 0 in executor VM-120)----
----- End of taks processed event ----

 INFO 08-28 19:18:47,447 CpuBottleneckDetectorImpl:63 [pool-8-thread-1] - Current cpu load: 0.0, # processed events: 0, consecutive: 0/2, threshold: 0.9 in VM-120
 INFO 08-28 19:18:48,447 SystemLoadProfiler:50 [pool-8-thread-1] - Average CPU Load: 0.0 in VM-120
 INFO 08-28 19:18:48,447 TaskEventRateCalculator:78 [pool-8-thread-1] - ---- Start of task processed event (# tasks: 0 in executor VM-120)----
----- End of taks processed event ----

 INFO 08-28 19:18:48,447 CpuBottleneckDetectorImpl:63 [pool-8-thread-1] - Current cpu load: 0.0, # processed events: 0, consecutive: 0/2, threshold: 0.9 in VM-120
 INFO 08-28 19:18:49,447 SystemLoadProfiler:50 [pool-8-thread-1] - Average CPU Load: 0.0 in VM-120
 INFO 08-28 19:18:49,447 TaskEventRateCalculator:78 [pool-8-thread-1] - ---- Start of task processed event (# tasks: 0 in executor VM-120)----
----- End of taks processed event ----

 INFO 08-28 19:18:49,447 CpuBottleneckDetectorImpl:63 [pool-8-thread-1] - Current cpu load: 0.0, # processed events: 0, consecutive: 0/2, threshold: 0.9 in VM-120
 INFO 08-28 19:18:50,447 SystemLoadProfiler:50 [pool-8-thread-1] - Average CPU Load: 0.0 in VM-120
 INFO 08-28 19:18:50,447 TaskEventRateCalculator:78 [pool-8-thread-1] - ---- Start of task processed event (# tasks: 0 in executor VM-120)----
----- End of taks processed event ----

 INFO 08-28 19:18:50,447 CpuBottleneckDetectorImpl:63 [pool-8-thread-1] - Current cpu load: 0.0, # processed events: 0, consecutive: 0/2, threshold: 0.9 in VM-120
 INFO 08-28 19:18:51,447 SystemLoadProfiler:50 [pool-8-thread-1] - Average CPU Load: 0.0 in VM-120
 INFO 08-28 19:18:51,447 TaskEventRateCalculator:78 [pool-8-thread-1] - ---- Start of task processed event (# tasks: 0 in executor VM-120)----
----- End of taks processed event ----

 INFO 08-28 19:18:51,447 CpuBottleneckDetectorImpl:63 [pool-8-thread-1] - Current cpu load: 0.0, # processed events: 0, consecutive: 0/2, threshold: 0.9 in VM-120
 INFO 08-28 19:18:52,447 SystemLoadProfiler:50 [pool-8-thread-1] - Average CPU Load: 0.0 in VM-120
 INFO 08-28 19:18:52,447 TaskEventRateCalculator:78 [pool-8-thread-1] - ---- Start of task processed event (# tasks: 0 in executor VM-120)----
----- End of taks processed event ----

 INFO 08-28 19:18:52,447 CpuBottleneckDetectorImpl:63 [pool-8-thread-1] - Current cpu load: 0.0, # processed events: 0, consecutive: 0/2, threshold: 0.9 in VM-120
 INFO 08-28 19:18:53,447 SystemLoadProfiler:50 [pool-8-thread-1] - Average CPU Load: 0.0 in VM-120
 INFO 08-28 19:18:53,447 TaskEventRateCalculator:78 [pool-8-thread-1] - ---- Start of task processed event (# tasks: 0 in executor VM-120)----
----- End of taks processed event ----

 INFO 08-28 19:18:53,447 CpuBottleneckDetectorImpl:63 [pool-8-thread-1] - Current cpu load: 0.0, # processed events: 0, consecutive: 0/2, threshold: 0.9 in VM-120
 INFO 08-28 19:18:54,447 SystemLoadProfiler:50 [pool-8-thread-1] - Average CPU Load: 0.0 in VM-120
 INFO 08-28 19:18:54,447 TaskEventRateCalculator:78 [pool-8-thread-1] - ---- Start of task processed event (# tasks: 0 in executor VM-120)----
----- End of taks processed event ----

 INFO 08-28 19:18:54,447 CpuBottleneckDetectorImpl:63 [pool-8-thread-1] - Current cpu load: 0.0, # processed events: 0, consecutive: 0/2, threshold: 0.9 in VM-120
 INFO 08-28 19:18:55,447 SystemLoadProfiler:50 [pool-8-thread-1] - Average CPU Load: 0.0 in VM-120
 INFO 08-28 19:18:55,447 TaskEventRateCalculator:78 [pool-8-thread-1] - ---- Start of task processed event (# tasks: 0 in executor VM-120)----
----- End of taks processed event ----

 INFO 08-28 19:18:55,447 CpuBottleneckDetectorImpl:63 [pool-8-thread-1] - Current cpu load: 0.0, # processed events: 0, consecutive: 0/2, threshold: 0.9 in VM-120
 INFO 08-28 19:18:56,447 SystemLoadProfiler:50 [pool-8-thread-1] - Average CPU Load: 0.0 in VM-120
 INFO 08-28 19:18:56,447 TaskEventRateCalculator:78 [pool-8-thread-1] - ---- Start of task processed event (# tasks: 0 in executor VM-120)----
----- End of taks processed event ----

 INFO 08-28 19:18:56,447 CpuBottleneckDetectorImpl:63 [pool-8-thread-1] - Current cpu load: 0.0, # processed events: 0, consecutive: 0/2, threshold: 0.9 in VM-120
 INFO 08-28 19:18:57,447 SystemLoadProfiler:50 [pool-8-thread-1] - Average CPU Load: 0.0 in VM-120
 INFO 08-28 19:18:57,447 TaskEventRateCalculator:78 [pool-8-thread-1] - ---- Start of task processed event (# tasks: 0 in executor VM-120)----
----- End of taks processed event ----

 INFO 08-28 19:18:57,447 CpuBottleneckDetectorImpl:63 [pool-8-thread-1] - Current cpu load: 0.0, # processed events: 0, consecutive: 0/2, threshold: 0.9 in VM-120
 INFO 08-28 19:18:58,447 SystemLoadProfiler:50 [pool-8-thread-1] - Average CPU Load: 0.0 in VM-120
 INFO 08-28 19:18:58,447 TaskEventRateCalculator:78 [pool-8-thread-1] - ---- Start of task processed event (# tasks: 0 in executor VM-120)----
----- End of taks processed event ----

 INFO 08-28 19:18:58,447 CpuBottleneckDetectorImpl:63 [pool-8-thread-1] - Current cpu load: 0.0, # processed events: 0, consecutive: 0/2, threshold: 0.9 in VM-120
 INFO 08-28 19:18:59,447 SystemLoadProfiler:50 [pool-8-thread-1] - Average CPU Load: 0.0 in VM-120
 INFO 08-28 19:18:59,447 TaskEventRateCalculator:78 [pool-8-thread-1] - ---- Start of task processed event (# tasks: 0 in executor VM-120)----
----- End of taks processed event ----

 INFO 08-28 19:18:59,447 CpuBottleneckDetectorImpl:63 [pool-8-thread-1] - Current cpu load: 0.0, # processed events: 0, consecutive: 0/2, threshold: 0.9 in VM-120
 INFO 08-28 19:19:00,447 SystemLoadProfiler:50 [pool-8-thread-1] - Average CPU Load: 0.0 in VM-120
 INFO 08-28 19:19:00,447 TaskEventRateCalculator:78 [pool-8-thread-1] - ---- Start of task processed event (# tasks: 0 in executor VM-120)----
----- End of taks processed event ----

 INFO 08-28 19:19:00,447 CpuBottleneckDetectorImpl:63 [pool-8-thread-1] - Current cpu load: 0.0, # processed events: 0, consecutive: 0/2, threshold: 0.9 in VM-120
 INFO 08-28 19:19:01,447 SystemLoadProfiler:50 [pool-8-thread-1] - Average CPU Load: 0.0 in VM-120
 INFO 08-28 19:19:01,447 TaskEventRateCalculator:78 [pool-8-thread-1] - ---- Start of task processed event (# tasks: 0 in executor VM-120)----
----- End of taks processed event ----

 INFO 08-28 19:19:01,447 CpuBottleneckDetectorImpl:63 [pool-8-thread-1] - Current cpu load: 0.0, # processed events: 0, consecutive: 0/2, threshold: 0.9 in VM-120
 INFO 08-28 19:19:02,447 SystemLoadProfiler:50 [pool-8-thread-1] - Average CPU Load: 0.0 in VM-120
 INFO 08-28 19:19:02,447 TaskEventRateCalculator:78 [pool-8-thread-1] - ---- Start of task processed event (# tasks: 0 in executor VM-120)----
----- End of taks processed event ----

 INFO 08-28 19:19:02,447 CpuBottleneckDetectorImpl:63 [pool-8-thread-1] - Current cpu load: 0.0, # processed events: 0, consecutive: 0/2, threshold: 0.9 in VM-120
 INFO 08-28 19:19:03,447 SystemLoadProfiler:50 [pool-8-thread-1] - Average CPU Load: 0.0 in VM-120
 INFO 08-28 19:19:03,447 TaskEventRateCalculator:78 [pool-8-thread-1] - ---- Start of task processed event (# tasks: 0 in executor VM-120)----
----- End of taks processed event ----

 INFO 08-28 19:19:03,447 CpuBottleneckDetectorImpl:63 [pool-8-thread-1] - Current cpu load: 0.0, # processed events: 0, consecutive: 0/2, threshold: 0.9 in VM-120
 INFO 08-28 19:19:04,447 SystemLoadProfiler:50 [pool-8-thread-1] - Average CPU Load: 0.0 in VM-120
 INFO 08-28 19:19:04,447 TaskEventRateCalculator:78 [pool-8-thread-1] - ---- Start of task processed event (# tasks: 0 in executor VM-120)----
----- End of taks processed event ----

 INFO 08-28 19:19:04,447 CpuBottleneckDetectorImpl:63 [pool-8-thread-1] - Current cpu load: 0.0, # processed events: 0, consecutive: 0/2, threshold: 0.9 in VM-120
 INFO 08-28 19:19:05,447 SystemLoadProfiler:50 [pool-8-thread-1] - Average CPU Load: 0.0 in VM-120
 INFO 08-28 19:19:05,447 TaskEventRateCalculator:78 [pool-8-thread-1] - ---- Start of task processed event (# tasks: 0 in executor VM-120)----
----- End of taks processed event ----

 INFO 08-28 19:19:05,447 CpuBottleneckDetectorImpl:63 [pool-8-thread-1] - Current cpu load: 0.0, # processed events: 0, consecutive: 0/2, threshold: 0.9 in VM-120
 INFO 08-28 19:19:06,447 SystemLoadProfiler:50 [pool-8-thread-1] - Average CPU Load: 0.0 in VM-120
 INFO 08-28 19:19:06,447 TaskEventRateCalculator:78 [pool-8-thread-1] - ---- Start of task processed event (# tasks: 0 in executor VM-120)----
----- End of taks processed event ----

 INFO 08-28 19:19:06,447 CpuBottleneckDetectorImpl:63 [pool-8-thread-1] - Current cpu load: 0.0, # processed events: 0, consecutive: 0/2, threshold: 0.9 in VM-120
 INFO 08-28 19:19:07,447 SystemLoadProfiler:50 [pool-8-thread-1] - Average CPU Load: 0.0 in VM-120
 INFO 08-28 19:19:07,447 TaskEventRateCalculator:78 [pool-8-thread-1] - ---- Start of task processed event (# tasks: 0 in executor VM-120)----
----- End of taks processed event ----

 INFO 08-28 19:19:07,447 CpuBottleneckDetectorImpl:63 [pool-8-thread-1] - Current cpu load: 0.0, # processed events: 0, consecutive: 0/2, threshold: 0.9 in VM-120
 INFO 08-28 19:19:08,447 SystemLoadProfiler:50 [pool-8-thread-1] - Average CPU Load: 0.0 in VM-120
 INFO 08-28 19:19:08,447 TaskEventRateCalculator:78 [pool-8-thread-1] - ---- Start of task processed event (# tasks: 0 in executor VM-120)----
----- End of taks processed event ----

 INFO 08-28 19:19:08,447 CpuBottleneckDetectorImpl:63 [pool-8-thread-1] - Current cpu load: 0.0, # processed events: 0, consecutive: 0/2, threshold: 0.9 in VM-120
 INFO 08-28 19:19:09,447 SystemLoadProfiler:50 [pool-8-thread-1] - Average CPU Load: 0.0 in VM-120
 INFO 08-28 19:19:09,447 TaskEventRateCalculator:78 [pool-8-thread-1] - ---- Start of task processed event (# tasks: 0 in executor VM-120)----
----- End of taks processed event ----

 INFO 08-28 19:19:09,447 CpuBottleneckDetectorImpl:63 [pool-8-thread-1] - Current cpu load: 0.0, # processed events: 0, consecutive: 0/2, threshold: 0.9 in VM-120
 INFO 08-28 19:19:10,447 SystemLoadProfiler:50 [pool-8-thread-1] - Average CPU Load: 0.0 in VM-120
 INFO 08-28 19:19:10,447 TaskEventRateCalculator:78 [pool-8-thread-1] - ---- Start of task processed event (# tasks: 0 in executor VM-120)----
----- End of taks processed event ----

 INFO 08-28 19:19:10,447 CpuBottleneckDetectorImpl:63 [pool-8-thread-1] - Current cpu load: 0.0, # processed events: 0, consecutive: 0/2, threshold: 0.9 in VM-120
 INFO 08-28 19:19:11,447 SystemLoadProfiler:50 [pool-8-thread-1] - Average CPU Load: 0.0 in VM-120
 INFO 08-28 19:19:11,447 TaskEventRateCalculator:78 [pool-8-thread-1] - ---- Start of task processed event (# tasks: 0 in executor VM-120)----
----- End of taks processed event ----

 INFO 08-28 19:19:11,447 CpuBottleneckDetectorImpl:63 [pool-8-thread-1] - Current cpu load: 0.0, # processed events: 0, consecutive: 0/2, threshold: 0.9 in VM-120
 INFO 08-28 19:19:12,447 SystemLoadProfiler:50 [pool-8-thread-1] - Average CPU Load: 0.0 in VM-120
 INFO 08-28 19:19:12,447 TaskEventRateCalculator:78 [pool-8-thread-1] - ---- Start of task processed event (# tasks: 0 in executor VM-120)----
----- End of taks processed event ----

 INFO 08-28 19:19:12,447 CpuBottleneckDetectorImpl:63 [pool-8-thread-1] - Current cpu load: 0.0, # processed events: 0, consecutive: 0/2, threshold: 0.9 in VM-120
 INFO 08-28 19:19:13,447 SystemLoadProfiler:50 [pool-8-thread-1] - Average CPU Load: 0.0 in VM-120
 INFO 08-28 19:19:13,447 TaskEventRateCalculator:78 [pool-8-thread-1] - ---- Start of task processed event (# tasks: 0 in executor VM-120)----
----- End of taks processed event ----

 INFO 08-28 19:19:13,447 CpuBottleneckDetectorImpl:63 [pool-8-thread-1] - Current cpu load: 0.0, # processed events: 0, consecutive: 0/2, threshold: 0.9 in VM-120
 INFO 08-28 19:19:14,447 SystemLoadProfiler:50 [pool-8-thread-1] - Average CPU Load: 0.0 in VM-120
 INFO 08-28 19:19:14,447 TaskEventRateCalculator:78 [pool-8-thread-1] - ---- Start of task processed event (# tasks: 0 in executor VM-120)----
----- End of taks processed event ----

 INFO 08-28 19:19:14,447 CpuBottleneckDetectorImpl:63 [pool-8-thread-1] - Current cpu load: 0.0, # processed events: 0, consecutive: 0/2, threshold: 0.9 in VM-120
 INFO 08-28 19:19:15,447 SystemLoadProfiler:50 [pool-8-thread-1] - Average CPU Load: 0.0 in VM-120
 INFO 08-28 19:19:15,447 TaskEventRateCalculator:78 [pool-8-thread-1] - ---- Start of task processed event (# tasks: 0 in executor VM-120)----
----- End of taks processed event ----

 INFO 08-28 19:19:15,447 CpuBottleneckDetectorImpl:63 [pool-8-thread-1] - Current cpu load: 0.0, # processed events: 0, consecutive: 0/2, threshold: 0.9 in VM-120
 INFO 08-28 19:19:16,447 SystemLoadProfiler:50 [pool-8-thread-1] - Average CPU Load: 0.0 in VM-120
 INFO 08-28 19:19:16,447 TaskEventRateCalculator:78 [pool-8-thread-1] - ---- Start of task processed event (# tasks: 0 in executor VM-120)----
----- End of taks processed event ----

 INFO 08-28 19:19:16,447 CpuBottleneckDetectorImpl:63 [pool-8-thread-1] - Current cpu load: 0.0, # processed events: 0, consecutive: 0/2, threshold: 0.9 in VM-120
 INFO 08-28 19:19:17,447 SystemLoadProfiler:50 [pool-8-thread-1] - Average CPU Load: 0.0 in VM-120
 INFO 08-28 19:19:17,447 TaskEventRateCalculator:78 [pool-8-thread-1] - ---- Start of task processed event (# tasks: 0 in executor VM-120)----
----- End of taks processed event ----

 INFO 08-28 19:19:17,447 CpuBottleneckDetectorImpl:63 [pool-8-thread-1] - Current cpu load: 0.0, # processed events: 0, consecutive: 0/2, threshold: 0.9 in VM-120
 INFO 08-28 19:19:18,447 SystemLoadProfiler:50 [pool-8-thread-1] - Average CPU Load: 0.0 in VM-120
 INFO 08-28 19:19:18,447 TaskEventRateCalculator:78 [pool-8-thread-1] - ---- Start of task processed event (# tasks: 0 in executor VM-120)----
----- End of taks processed event ----

 INFO 08-28 19:19:18,447 CpuBottleneckDetectorImpl:63 [pool-8-thread-1] - Current cpu load: 0.0, # processed events: 0, consecutive: 0/2, threshold: 0.9 in VM-120
 INFO 08-28 19:19:19,447 SystemLoadProfiler:50 [pool-8-thread-1] - Average CPU Load: 0.0 in VM-120
 INFO 08-28 19:19:19,447 TaskEventRateCalculator:78 [pool-8-thread-1] - ---- Start of task processed event (# tasks: 0 in executor VM-120)----
----- End of taks processed event ----

 INFO 08-28 19:19:19,447 CpuBottleneckDetectorImpl:63 [pool-8-thread-1] - Current cpu load: 0.0, # processed events: 0, consecutive: 0/2, threshold: 0.9 in VM-120
 INFO 08-28 19:19:20,447 SystemLoadProfiler:50 [pool-8-thread-1] - Average CPU Load: 0.0 in VM-120
 INFO 08-28 19:19:20,447 TaskEventRateCalculator:78 [pool-8-thread-1] - ---- Start of task processed event (# tasks: 0 in executor VM-120)----
----- End of taks processed event ----

 INFO 08-28 19:19:20,447 CpuBottleneckDetectorImpl:63 [pool-8-thread-1] - Current cpu load: 0.0, # processed events: 0, consecutive: 0/2, threshold: 0.9 in VM-120
 INFO 08-28 19:19:21,447 SystemLoadProfiler:50 [pool-8-thread-1] - Average CPU Load: 0.0 in VM-120
 INFO 08-28 19:19:21,447 TaskEventRateCalculator:78 [pool-8-thread-1] - ---- Start of task processed event (# tasks: 0 in executor VM-120)----
----- End of taks processed event ----

 INFO 08-28 19:19:21,447 CpuBottleneckDetectorImpl:63 [pool-8-thread-1] - Current cpu load: 0.0, # processed events: 0, consecutive: 0/2, threshold: 0.9 in VM-120
 INFO 08-28 19:19:22,447 SystemLoadProfiler:50 [pool-8-thread-1] - Average CPU Load: 0.0 in VM-120
 INFO 08-28 19:19:22,447 TaskEventRateCalculator:78 [pool-8-thread-1] - ---- Start of task processed event (# tasks: 0 in executor VM-120)----
----- End of taks processed event ----

 INFO 08-28 19:19:22,447 CpuBottleneckDetectorImpl:63 [pool-8-thread-1] - Current cpu load: 0.0, # processed events: 0, consecutive: 0/2, threshold: 0.9 in VM-120
 INFO 08-28 19:19:23,447 SystemLoadProfiler:50 [pool-8-thread-1] - Average CPU Load: 0.0 in VM-120
 INFO 08-28 19:19:23,447 TaskEventRateCalculator:78 [pool-8-thread-1] - ---- Start of task processed event (# tasks: 0 in executor VM-120)----
----- End of taks processed event ----

 INFO 08-28 19:19:23,447 CpuBottleneckDetectorImpl:63 [pool-8-thread-1] - Current cpu load: 0.0, # processed events: 0, consecutive: 0/2, threshold: 0.9 in VM-120
 INFO 08-28 19:19:24,447 SystemLoadProfiler:50 [pool-8-thread-1] - Average CPU Load: 0.0 in VM-120
 INFO 08-28 19:19:24,447 TaskEventRateCalculator:78 [pool-8-thread-1] - ---- Start of task processed event (# tasks: 0 in executor VM-120)----
----- End of taks processed event ----

 INFO 08-28 19:19:24,447 CpuBottleneckDetectorImpl:63 [pool-8-thread-1] - Current cpu load: 0.0, # processed events: 0, consecutive: 0/2, threshold: 0.9 in VM-120
 INFO 08-28 19:19:25,447 SystemLoadProfiler:50 [pool-8-thread-1] - Average CPU Load: 0.0 in VM-120
 INFO 08-28 19:19:25,447 TaskEventRateCalculator:78 [pool-8-thread-1] - ---- Start of task processed event (# tasks: 0 in executor VM-120)----
----- End of taks processed event ----

 INFO 08-28 19:19:25,447 CpuBottleneckDetectorImpl:63 [pool-8-thread-1] - Current cpu load: 0.0, # processed events: 0, consecutive: 0/2, threshold: 0.9 in VM-120
 INFO 08-28 19:19:26,447 SystemLoadProfiler:50 [pool-8-thread-1] - Average CPU Load: 0.0 in VM-120
 INFO 08-28 19:19:26,447 TaskEventRateCalculator:78 [pool-8-thread-1] - ---- Start of task processed event (# tasks: 0 in executor VM-120)----
----- End of taks processed event ----

 INFO 08-28 19:19:26,447 CpuBottleneckDetectorImpl:63 [pool-8-thread-1] - Current cpu load: 0.0, # processed events: 0, consecutive: 0/2, threshold: 0.9 in VM-120
 INFO 08-28 19:19:27,447 SystemLoadProfiler:50 [pool-8-thread-1] - Average CPU Load: 0.0 in VM-120
 INFO 08-28 19:19:27,447 TaskEventRateCalculator:78 [pool-8-thread-1] - ---- Start of task processed event (# tasks: 0 in executor VM-120)----
----- End of taks processed event ----

 INFO 08-28 19:19:27,447 CpuBottleneckDetectorImpl:63 [pool-8-thread-1] - Current cpu load: 0.0, # processed events: 0, consecutive: 0/2, threshold: 0.9 in VM-120
 INFO 08-28 19:19:28,447 SystemLoadProfiler:50 [pool-8-thread-1] - Average CPU Load: 0.0 in VM-120
 INFO 08-28 19:19:28,447 TaskEventRateCalculator:78 [pool-8-thread-1] - ---- Start of task processed event (# tasks: 0 in executor VM-120)----
----- End of taks processed event ----

 INFO 08-28 19:19:28,447 CpuBottleneckDetectorImpl:63 [pool-8-thread-1] - Current cpu load: 0.0, # processed events: 0, consecutive: 0/2, threshold: 0.9 in VM-120
 INFO 08-28 19:19:29,447 SystemLoadProfiler:50 [pool-8-thread-1] - Average CPU Load: 0.0 in VM-120
 INFO 08-28 19:19:29,447 TaskEventRateCalculator:78 [pool-8-thread-1] - ---- Start of task processed event (# tasks: 0 in executor VM-120)----
----- End of taks processed event ----

 INFO 08-28 19:19:29,447 CpuBottleneckDetectorImpl:63 [pool-8-thread-1] - Current cpu load: 0.0, # processed events: 0, consecutive: 0/2, threshold: 0.9 in VM-120
 INFO 08-28 19:19:30,447 SystemLoadProfiler:50 [pool-8-thread-1] - Average CPU Load: 0.0 in VM-120
 INFO 08-28 19:19:30,447 TaskEventRateCalculator:78 [pool-8-thread-1] - ---- Start of task processed event (# tasks: 0 in executor VM-120)----
----- End of taks processed event ----

 INFO 08-28 19:19:30,447 CpuBottleneckDetectorImpl:63 [pool-8-thread-1] - Current cpu load: 0.0, # processed events: 0, consecutive: 0/2, threshold: 0.9 in VM-120
 INFO 08-28 19:19:31,447 SystemLoadProfiler:50 [pool-8-thread-1] - Average CPU Load: 0.0 in VM-120
 INFO 08-28 19:19:31,447 TaskEventRateCalculator:78 [pool-8-thread-1] - ---- Start of task processed event (# tasks: 0 in executor VM-120)----
----- End of taks processed event ----

 INFO 08-28 19:19:31,447 CpuBottleneckDetectorImpl:63 [pool-8-thread-1] - Current cpu load: 0.0, # processed events: 0, consecutive: 0/2, threshold: 0.9 in VM-120
 INFO 08-28 19:19:32,447 SystemLoadProfiler:50 [pool-8-thread-1] - Average CPU Load: 0.0 in VM-120
 INFO 08-28 19:19:32,447 TaskEventRateCalculator:78 [pool-8-thread-1] - ---- Start of task processed event (# tasks: 0 in executor VM-120)----
----- End of taks processed event ----

 INFO 08-28 19:19:32,447 CpuBottleneckDetectorImpl:63 [pool-8-thread-1] - Current cpu load: 0.0, # processed events: 0, consecutive: 0/2, threshold: 0.9 in VM-120
 INFO 08-28 19:19:33,447 SystemLoadProfiler:50 [pool-8-thread-1] - Average CPU Load: 0.0 in VM-120
 INFO 08-28 19:19:33,447 TaskEventRateCalculator:78 [pool-8-thread-1] - ---- Start of task processed event (# tasks: 0 in executor VM-120)----
----- End of taks processed event ----

 INFO 08-28 19:19:33,447 CpuBottleneckDetectorImpl:63 [pool-8-thread-1] - Current cpu load: 0.0, # processed events: 0, consecutive: 0/2, threshold: 0.9 in VM-120
 INFO 08-28 19:19:34,447 SystemLoadProfiler:50 [pool-8-thread-1] - Average CPU Load: 0.0 in VM-120
 INFO 08-28 19:19:34,447 TaskEventRateCalculator:78 [pool-8-thread-1] - ---- Start of task processed event (# tasks: 0 in executor VM-120)----
----- End of taks processed event ----

 INFO 08-28 19:19:34,447 CpuBottleneckDetectorImpl:63 [pool-8-thread-1] - Current cpu load: 0.0, # processed events: 0, consecutive: 0/2, threshold: 0.9 in VM-120
 INFO 08-28 19:19:35,447 SystemLoadProfiler:50 [pool-8-thread-1] - Average CPU Load: 0.0 in VM-120
 INFO 08-28 19:19:35,447 TaskEventRateCalculator:78 [pool-8-thread-1] - ---- Start of task processed event (# tasks: 0 in executor VM-120)----
----- End of taks processed event ----

 INFO 08-28 19:19:35,447 CpuBottleneckDetectorImpl:63 [pool-8-thread-1] - Current cpu load: 0.0, # processed events: 0, consecutive: 0/2, threshold: 0.9 in VM-120
 INFO 08-28 19:19:36,447 SystemLoadProfiler:50 [pool-8-thread-1] - Average CPU Load: 0.0 in VM-120
 INFO 08-28 19:19:36,447 TaskEventRateCalculator:78 [pool-8-thread-1] - ---- Start of task processed event (# tasks: 0 in executor VM-120)----
----- End of taks processed event ----

 INFO 08-28 19:19:36,447 CpuBottleneckDetectorImpl:63 [pool-8-thread-1] - Current cpu load: 0.0, # processed events: 0, consecutive: 0/2, threshold: 0.9 in VM-120
 INFO 08-28 19:19:37,447 SystemLoadProfiler:50 [pool-8-thread-1] - Average CPU Load: 0.0 in VM-120
 INFO 08-28 19:19:37,447 TaskEventRateCalculator:78 [pool-8-thread-1] - ---- Start of task processed event (# tasks: 0 in executor VM-120)----
----- End of taks processed event ----

 INFO 08-28 19:19:37,447 CpuBottleneckDetectorImpl:63 [pool-8-thread-1] - Current cpu load: 0.0, # processed events: 0, consecutive: 0/2, threshold: 0.9 in VM-120
 INFO 08-28 19:19:38,447 SystemLoadProfiler:50 [pool-8-thread-1] - Average CPU Load: 0.0 in VM-120
 INFO 08-28 19:19:38,447 TaskEventRateCalculator:78 [pool-8-thread-1] - ---- Start of task processed event (# tasks: 0 in executor VM-120)----
----- End of taks processed event ----

 INFO 08-28 19:19:38,447 CpuBottleneckDetectorImpl:63 [pool-8-thread-1] - Current cpu load: 0.0, # processed events: 0, consecutive: 0/2, threshold: 0.9 in VM-120
 INFO 08-28 19:19:39,447 SystemLoadProfiler:50 [pool-8-thread-1] - Average CPU Load: 0.0 in VM-120
 INFO 08-28 19:19:39,447 TaskEventRateCalculator:78 [pool-8-thread-1] - ---- Start of task processed event (# tasks: 0 in executor VM-120)----
----- End of taks processed event ----

 INFO 08-28 19:19:39,447 CpuBottleneckDetectorImpl:63 [pool-8-thread-1] - Current cpu load: 0.0, # processed events: 0, consecutive: 0/2, threshold: 0.9 in VM-120
 INFO 08-28 19:19:40,447 SystemLoadProfiler:50 [pool-8-thread-1] - Average CPU Load: 0.0 in VM-120
 INFO 08-28 19:19:40,447 TaskEventRateCalculator:78 [pool-8-thread-1] - ---- Start of task processed event (# tasks: 0 in executor VM-120)----
----- End of taks processed event ----

 INFO 08-28 19:19:40,447 CpuBottleneckDetectorImpl:63 [pool-8-thread-1] - Current cpu load: 0.0, # processed events: 0, consecutive: 0/2, threshold: 0.9 in VM-120
 INFO 08-28 19:19:41,447 SystemLoadProfiler:50 [pool-8-thread-1] - Average CPU Load: 0.0 in VM-120
 INFO 08-28 19:19:41,447 TaskEventRateCalculator:78 [pool-8-thread-1] - ---- Start of task processed event (# tasks: 0 in executor VM-120)----
----- End of taks processed event ----

 INFO 08-28 19:19:41,447 CpuBottleneckDetectorImpl:63 [pool-8-thread-1] - Current cpu load: 0.0, # processed events: 0, consecutive: 0/2, threshold: 0.9 in VM-120
 INFO 08-28 19:19:42,447 SystemLoadProfiler:50 [pool-8-thread-1] - Average CPU Load: 0.0 in VM-120
 INFO 08-28 19:19:42,447 TaskEventRateCalculator:78 [pool-8-thread-1] - ---- Start of task processed event (# tasks: 0 in executor VM-120)----
----- End of taks processed event ----

 INFO 08-28 19:19:42,447 CpuBottleneckDetectorImpl:63 [pool-8-thread-1] - Current cpu load: 0.0, # processed events: 0, consecutive: 0/2, threshold: 0.9 in VM-120
 INFO 08-28 19:19:43,447 SystemLoadProfiler:50 [pool-8-thread-1] - Average CPU Load: 0.0 in VM-120
 INFO 08-28 19:19:43,447 TaskEventRateCalculator:78 [pool-8-thread-1] - ---- Start of task processed event (# tasks: 0 in executor VM-120)----
----- End of taks processed event ----

 INFO 08-28 19:19:43,447 CpuBottleneckDetectorImpl:63 [pool-8-thread-1] - Current cpu load: 0.0, # processed events: 0, consecutive: 0/2, threshold: 0.9 in VM-120
 INFO 08-28 19:19:44,447 SystemLoadProfiler:50 [pool-8-thread-1] - Average CPU Load: 0.0 in VM-120
 INFO 08-28 19:19:44,447 TaskEventRateCalculator:78 [pool-8-thread-1] - ---- Start of task processed event (# tasks: 0 in executor VM-120)----
----- End of taks processed event ----

 INFO 08-28 19:19:44,447 CpuBottleneckDetectorImpl:63 [pool-8-thread-1] - Current cpu load: 0.0, # processed events: 0, consecutive: 0/2, threshold: 0.9 in VM-120
 INFO 08-28 19:19:45,447 SystemLoadProfiler:50 [pool-8-thread-1] - Average CPU Load: 0.0 in VM-120
 INFO 08-28 19:19:45,447 TaskEventRateCalculator:78 [pool-8-thread-1] - ---- Start of task processed event (# tasks: 0 in executor VM-120)----
----- End of taks processed event ----

 INFO 08-28 19:19:45,447 CpuBottleneckDetectorImpl:63 [pool-8-thread-1] - Current cpu load: 0.0, # processed events: 0, consecutive: 0/2, threshold: 0.9 in VM-120
 INFO 08-28 19:19:46,447 SystemLoadProfiler:50 [pool-8-thread-1] - Average CPU Load: 0.0 in VM-120
 INFO 08-28 19:19:46,447 TaskEventRateCalculator:78 [pool-8-thread-1] - ---- Start of task processed event (# tasks: 0 in executor VM-120)----
----- End of taks processed event ----

 INFO 08-28 19:19:46,447 CpuBottleneckDetectorImpl:63 [pool-8-thread-1] - Current cpu load: 0.0, # processed events: 0, consecutive: 0/2, threshold: 0.9 in VM-120
 INFO 08-28 19:19:47,447 SystemLoadProfiler:50 [pool-8-thread-1] - Average CPU Load: 0.0 in VM-120
 INFO 08-28 19:19:47,447 TaskEventRateCalculator:78 [pool-8-thread-1] - ---- Start of task processed event (# tasks: 0 in executor VM-120)----
----- End of taks processed event ----

 INFO 08-28 19:19:47,447 CpuBottleneckDetectorImpl:63 [pool-8-thread-1] - Current cpu load: 0.0, # processed events: 0, consecutive: 0/2, threshold: 0.9 in VM-120
 INFO 08-28 19:19:48,447 SystemLoadProfiler:50 [pool-8-thread-1] - Average CPU Load: 0.0 in VM-120
 INFO 08-28 19:19:48,447 TaskEventRateCalculator:78 [pool-8-thread-1] - ---- Start of task processed event (# tasks: 0 in executor VM-120)----
----- End of taks processed event ----

 INFO 08-28 19:19:48,447 CpuBottleneckDetectorImpl:63 [pool-8-thread-1] - Current cpu load: 0.0, # processed events: 0, consecutive: 0/2, threshold: 0.9 in VM-120
 INFO 08-28 19:19:49,447 SystemLoadProfiler:50 [pool-8-thread-1] - Average CPU Load: 0.0 in VM-120
 INFO 08-28 19:19:49,447 TaskEventRateCalculator:78 [pool-8-thread-1] - ---- Start of task processed event (# tasks: 0 in executor VM-120)----
----- End of taks processed event ----

 INFO 08-28 19:19:49,447 CpuBottleneckDetectorImpl:63 [pool-8-thread-1] - Current cpu load: 0.0, # processed events: 0, consecutive: 0/2, threshold: 0.9 in VM-120
 INFO 08-28 19:19:50,447 SystemLoadProfiler:50 [pool-8-thread-1] - Average CPU Load: 0.0 in VM-120
 INFO 08-28 19:19:50,447 TaskEventRateCalculator:78 [pool-8-thread-1] - ---- Start of task processed event (# tasks: 0 in executor VM-120)----
----- End of taks processed event ----

 INFO 08-28 19:19:50,447 CpuBottleneckDetectorImpl:63 [pool-8-thread-1] - Current cpu load: 0.0, # processed events: 0, consecutive: 0/2, threshold: 0.9 in VM-120
 INFO 08-28 19:19:51,447 SystemLoadProfiler:50 [pool-8-thread-1] - Average CPU Load: 0.0 in VM-120
 INFO 08-28 19:19:51,447 TaskEventRateCalculator:78 [pool-8-thread-1] - ---- Start of task processed event (# tasks: 0 in executor VM-120)----
----- End of taks processed event ----

 INFO 08-28 19:19:51,447 CpuBottleneckDetectorImpl:63 [pool-8-thread-1] - Current cpu load: 0.0, # processed events: 0, consecutive: 0/2, threshold: 0.9 in VM-120
 INFO 08-28 19:19:52,447 SystemLoadProfiler:50 [pool-8-thread-1] - Average CPU Load: 0.0 in VM-120
 INFO 08-28 19:19:52,447 TaskEventRateCalculator:78 [pool-8-thread-1] - ---- Start of task processed event (# tasks: 0 in executor VM-120)----
----- End of taks processed event ----

 INFO 08-28 19:19:52,447 CpuBottleneckDetectorImpl:63 [pool-8-thread-1] - Current cpu load: 0.0, # processed events: 0, consecutive: 0/2, threshold: 0.9 in VM-120
 INFO 08-28 19:19:53,447 SystemLoadProfiler:50 [pool-8-thread-1] - Average CPU Load: 0.0 in VM-120
 INFO 08-28 19:19:53,447 TaskEventRateCalculator:78 [pool-8-thread-1] - ---- Start of task processed event (# tasks: 0 in executor VM-120)----
----- End of taks processed event ----

 INFO 08-28 19:19:53,447 CpuBottleneckDetectorImpl:63 [pool-8-thread-1] - Current cpu load: 0.0, # processed events: 0, consecutive: 0/2, threshold: 0.9 in VM-120
 INFO 08-28 19:19:54,447 SystemLoadProfiler:50 [pool-8-thread-1] - Average CPU Load: 0.0 in VM-120
 INFO 08-28 19:19:54,447 TaskEventRateCalculator:78 [pool-8-thread-1] - ---- Start of task processed event (# tasks: 0 in executor VM-120)----
----- End of taks processed event ----

 INFO 08-28 19:19:54,447 CpuBottleneckDetectorImpl:63 [pool-8-thread-1] - Current cpu load: 0.0, # processed events: 0, consecutive: 0/2, threshold: 0.9 in VM-120
 INFO 08-28 19:19:55,447 SystemLoadProfiler:50 [pool-8-thread-1] - Average CPU Load: 0.0 in VM-120
 INFO 08-28 19:19:55,447 TaskEventRateCalculator:78 [pool-8-thread-1] - ---- Start of task processed event (# tasks: 0 in executor VM-120)----
----- End of taks processed event ----

 INFO 08-28 19:19:55,447 CpuBottleneckDetectorImpl:63 [pool-8-thread-1] - Current cpu load: 0.0, # processed events: 0, consecutive: 0/2, threshold: 0.9 in VM-120
 INFO 08-28 19:19:56,447 SystemLoadProfiler:50 [pool-8-thread-1] - Average CPU Load: 0.0 in VM-120
 INFO 08-28 19:19:56,447 TaskEventRateCalculator:78 [pool-8-thread-1] - ---- Start of task processed event (# tasks: 0 in executor VM-120)----
----- End of taks processed event ----

 INFO 08-28 19:19:56,447 CpuBottleneckDetectorImpl:63 [pool-8-thread-1] - Current cpu load: 0.0, # processed events: 0, consecutive: 0/2, threshold: 0.9 in VM-120
 INFO 08-28 19:19:57,447 SystemLoadProfiler:50 [pool-8-thread-1] - Average CPU Load: 0.0 in VM-120
 INFO 08-28 19:19:57,447 TaskEventRateCalculator:78 [pool-8-thread-1] - ---- Start of task processed event (# tasks: 0 in executor VM-120)----
----- End of taks processed event ----

 INFO 08-28 19:19:57,447 CpuBottleneckDetectorImpl:63 [pool-8-thread-1] - Current cpu load: 0.0, # processed events: 0, consecutive: 0/2, threshold: 0.9 in VM-120
 INFO 08-28 19:19:58,447 SystemLoadProfiler:50 [pool-8-thread-1] - Average CPU Load: 0.0 in VM-120
 INFO 08-28 19:19:58,447 TaskEventRateCalculator:78 [pool-8-thread-1] - ---- Start of task processed event (# tasks: 0 in executor VM-120)----
----- End of taks processed event ----

 INFO 08-28 19:19:58,447 CpuBottleneckDetectorImpl:63 [pool-8-thread-1] - Current cpu load: 0.0, # processed events: 0, consecutive: 0/2, threshold: 0.9 in VM-120
 INFO 08-28 19:19:59,447 SystemLoadProfiler:50 [pool-8-thread-1] - Average CPU Load: 0.0 in VM-120
 INFO 08-28 19:19:59,447 TaskEventRateCalculator:78 [pool-8-thread-1] - ---- Start of task processed event (# tasks: 0 in executor VM-120)----
----- End of taks processed event ----

 INFO 08-28 19:19:59,447 CpuBottleneckDetectorImpl:63 [pool-8-thread-1] - Current cpu load: 0.0, # processed events: 0, consecutive: 0/2, threshold: 0.9 in VM-120
 INFO 08-28 19:20:00,447 SystemLoadProfiler:50 [pool-8-thread-1] - Average CPU Load: 0.0 in VM-120
 INFO 08-28 19:20:00,447 TaskEventRateCalculator:78 [pool-8-thread-1] - ---- Start of task processed event (# tasks: 0 in executor VM-120)----
----- End of taks processed event ----

 INFO 08-28 19:20:00,447 CpuBottleneckDetectorImpl:63 [pool-8-thread-1] - Current cpu load: 0.0, # processed events: 0, consecutive: 0/2, threshold: 0.9 in VM-120
 INFO 08-28 19:20:01,447 SystemLoadProfiler:50 [pool-8-thread-1] - Average CPU Load: 0.0 in VM-120
 INFO 08-28 19:20:01,447 TaskEventRateCalculator:78 [pool-8-thread-1] - ---- Start of task processed event (# tasks: 0 in executor VM-120)----
----- End of taks processed event ----

 INFO 08-28 19:20:01,447 CpuBottleneckDetectorImpl:63 [pool-8-thread-1] - Current cpu load: 0.0, # processed events: 0, consecutive: 0/2, threshold: 0.9 in VM-120
 INFO 08-28 19:20:02,447 SystemLoadProfiler:50 [pool-8-thread-1] - Average CPU Load: 0.0 in VM-120
 INFO 08-28 19:20:02,447 TaskEventRateCalculator:78 [pool-8-thread-1] - ---- Start of task processed event (# tasks: 0 in executor VM-120)----
----- End of taks processed event ----

 INFO 08-28 19:20:02,447 CpuBottleneckDetectorImpl:63 [pool-8-thread-1] - Current cpu load: 0.0, # processed events: 0, consecutive: 0/2, threshold: 0.9 in VM-120
 INFO 08-28 19:20:03,447 SystemLoadProfiler:50 [pool-8-thread-1] - Average CPU Load: 0.0 in VM-120
 INFO 08-28 19:20:03,447 TaskEventRateCalculator:78 [pool-8-thread-1] - ---- Start of task processed event (# tasks: 0 in executor VM-120)----
----- End of taks processed event ----

 INFO 08-28 19:20:03,447 CpuBottleneckDetectorImpl:63 [pool-8-thread-1] - Current cpu load: 0.0, # processed events: 0, consecutive: 0/2, threshold: 0.9 in VM-120
 INFO 08-28 19:20:04,447 SystemLoadProfiler:50 [pool-8-thread-1] - Average CPU Load: 0.0 in VM-120
 INFO 08-28 19:20:04,447 TaskEventRateCalculator:78 [pool-8-thread-1] - ---- Start of task processed event (# tasks: 0 in executor VM-120)----
----- End of taks processed event ----

 INFO 08-28 19:20:04,447 CpuBottleneckDetectorImpl:63 [pool-8-thread-1] - Current cpu load: 0.0, # processed events: 0, consecutive: 0/2, threshold: 0.9 in VM-120
 INFO 08-28 19:20:05,447 SystemLoadProfiler:50 [pool-8-thread-1] - Average CPU Load: 0.0 in VM-120
 INFO 08-28 19:20:05,447 TaskEventRateCalculator:78 [pool-8-thread-1] - ---- Start of task processed event (# tasks: 0 in executor VM-120)----
----- End of taks processed event ----

 INFO 08-28 19:20:05,447 CpuBottleneckDetectorImpl:63 [pool-8-thread-1] - Current cpu load: 0.0, # processed events: 0, consecutive: 0/2, threshold: 0.9 in VM-120
 INFO 08-28 19:20:06,447 SystemLoadProfiler:50 [pool-8-thread-1] - Average CPU Load: 0.0 in VM-120
 INFO 08-28 19:20:06,447 TaskEventRateCalculator:78 [pool-8-thread-1] - ---- Start of task processed event (# tasks: 0 in executor VM-120)----
----- End of taks processed event ----

 INFO 08-28 19:20:06,447 CpuBottleneckDetectorImpl:63 [pool-8-thread-1] - Current cpu load: 0.0, # processed events: 0, consecutive: 0/2, threshold: 0.9 in VM-120
 INFO 08-28 19:20:07,447 SystemLoadProfiler:50 [pool-8-thread-1] - Average CPU Load: 0.0 in VM-120
 INFO 08-28 19:20:07,447 TaskEventRateCalculator:78 [pool-8-thread-1] - ---- Start of task processed event (# tasks: 0 in executor VM-120)----
----- End of taks processed event ----

 INFO 08-28 19:20:07,447 CpuBottleneckDetectorImpl:63 [pool-8-thread-1] - Current cpu load: 0.0, # processed events: 0, consecutive: 0/2, threshold: 0.9 in VM-120
 INFO 08-28 19:20:08,447 SystemLoadProfiler:50 [pool-8-thread-1] - Average CPU Load: 0.0 in VM-120
 INFO 08-28 19:20:08,447 TaskEventRateCalculator:78 [pool-8-thread-1] - ---- Start of task processed event (# tasks: 0 in executor VM-120)----
----- End of taks processed event ----

 INFO 08-28 19:20:08,447 CpuBottleneckDetectorImpl:63 [pool-8-thread-1] - Current cpu load: 0.0, # processed events: 0, consecutive: 0/2, threshold: 0.9 in VM-120
 INFO 08-28 19:20:09,447 SystemLoadProfiler:50 [pool-8-thread-1] - Average CPU Load: 0.0 in VM-120
 INFO 08-28 19:20:09,447 TaskEventRateCalculator:78 [pool-8-thread-1] - ---- Start of task processed event (# tasks: 0 in executor VM-120)----
----- End of taks processed event ----

 INFO 08-28 19:20:09,447 CpuBottleneckDetectorImpl:63 [pool-8-thread-1] - Current cpu load: 0.0, # processed events: 0, consecutive: 0/2, threshold: 0.9 in VM-120
 INFO 08-28 19:20:10,447 SystemLoadProfiler:50 [pool-8-thread-1] - Average CPU Load: 0.0 in VM-120
 INFO 08-28 19:20:10,447 TaskEventRateCalculator:78 [pool-8-thread-1] - ---- Start of task processed event (# tasks: 0 in executor VM-120)----
----- End of taks processed event ----

 INFO 08-28 19:20:10,447 CpuBottleneckDetectorImpl:63 [pool-8-thread-1] - Current cpu load: 0.0, # processed events: 0, consecutive: 0/2, threshold: 0.9 in VM-120
 INFO 08-28 19:20:11,447 SystemLoadProfiler:50 [pool-8-thread-1] - Average CPU Load: 0.0 in VM-120
 INFO 08-28 19:20:11,447 TaskEventRateCalculator:78 [pool-8-thread-1] - ---- Start of task processed event (# tasks: 0 in executor VM-120)----
----- End of taks processed event ----

 INFO 08-28 19:20:11,447 CpuBottleneckDetectorImpl:63 [pool-8-thread-1] - Current cpu load: 0.0, # processed events: 0, consecutive: 0/2, threshold: 0.9 in VM-120
 INFO 08-28 19:20:12,447 SystemLoadProfiler:50 [pool-8-thread-1] - Average CPU Load: 0.0 in VM-120
 INFO 08-28 19:20:12,447 TaskEventRateCalculator:78 [pool-8-thread-1] - ---- Start of task processed event (# tasks: 0 in executor VM-120)----
----- End of taks processed event ----

 INFO 08-28 19:20:12,447 CpuBottleneckDetectorImpl:63 [pool-8-thread-1] - Current cpu load: 0.0, # processed events: 0, consecutive: 0/2, threshold: 0.9 in VM-120
 INFO 08-28 19:20:13,447 SystemLoadProfiler:50 [pool-8-thread-1] - Average CPU Load: 0.0 in VM-120
 INFO 08-28 19:20:13,447 TaskEventRateCalculator:78 [pool-8-thread-1] - ---- Start of task processed event (# tasks: 0 in executor VM-120)----
----- End of taks processed event ----

 INFO 08-28 19:20:13,447 CpuBottleneckDetectorImpl:63 [pool-8-thread-1] - Current cpu load: 0.0, # processed events: 0, consecutive: 0/2, threshold: 0.9 in VM-120
 INFO 08-28 19:20:14,447 SystemLoadProfiler:50 [pool-8-thread-1] - Average CPU Load: 0.0 in VM-120
 INFO 08-28 19:20:14,447 TaskEventRateCalculator:78 [pool-8-thread-1] - ---- Start of task processed event (# tasks: 0 in executor VM-120)----
----- End of taks processed event ----

 INFO 08-28 19:20:14,447 CpuBottleneckDetectorImpl:63 [pool-8-thread-1] - Current cpu load: 0.0, # processed events: 0, consecutive: 0/2, threshold: 0.9 in VM-120
 INFO 08-28 19:20:15,447 SystemLoadProfiler:50 [pool-8-thread-1] - Average CPU Load: 0.0 in VM-120
 INFO 08-28 19:20:15,447 TaskEventRateCalculator:78 [pool-8-thread-1] - ---- Start of task processed event (# tasks: 0 in executor VM-120)----
----- End of taks processed event ----

 INFO 08-28 19:20:15,447 CpuBottleneckDetectorImpl:63 [pool-8-thread-1] - Current cpu load: 0.0, # processed events: 0, consecutive: 0/2, threshold: 0.9 in VM-120
 INFO 08-28 19:20:16,447 SystemLoadProfiler:50 [pool-8-thread-1] - Average CPU Load: 0.0 in VM-120
 INFO 08-28 19:20:16,447 TaskEventRateCalculator:78 [pool-8-thread-1] - ---- Start of task processed event (# tasks: 0 in executor VM-120)----
----- End of taks processed event ----

 INFO 08-28 19:20:16,447 CpuBottleneckDetectorImpl:63 [pool-8-thread-1] - Current cpu load: 0.0, # processed events: 0, consecutive: 0/2, threshold: 0.9 in VM-120
 INFO 08-28 19:20:17,447 SystemLoadProfiler:50 [pool-8-thread-1] - Average CPU Load: 0.0 in VM-120
 INFO 08-28 19:20:17,447 TaskEventRateCalculator:78 [pool-8-thread-1] - ---- Start of task processed event (# tasks: 0 in executor VM-120)----
----- End of taks processed event ----

 INFO 08-28 19:20:17,447 CpuBottleneckDetectorImpl:63 [pool-8-thread-1] - Current cpu load: 0.0, # processed events: 0, consecutive: 0/2, threshold: 0.9 in VM-120
 INFO 08-28 19:20:18,447 SystemLoadProfiler:50 [pool-8-thread-1] - Average CPU Load: 0.0 in VM-120
 INFO 08-28 19:20:18,447 TaskEventRateCalculator:78 [pool-8-thread-1] - ---- Start of task processed event (# tasks: 0 in executor VM-120)----
----- End of taks processed event ----

 INFO 08-28 19:20:18,447 CpuBottleneckDetectorImpl:63 [pool-8-thread-1] - Current cpu load: 0.0, # processed events: 0, consecutive: 0/2, threshold: 0.9 in VM-120
 INFO 08-28 19:20:19,447 SystemLoadProfiler:50 [pool-8-thread-1] - Average CPU Load: 0.0 in VM-120
 INFO 08-28 19:20:19,447 TaskEventRateCalculator:78 [pool-8-thread-1] - ---- Start of task processed event (# tasks: 0 in executor VM-120)----
----- End of taks processed event ----

 INFO 08-28 19:20:19,447 CpuBottleneckDetectorImpl:63 [pool-8-thread-1] - Current cpu load: 0.0, # processed events: 0, consecutive: 0/2, threshold: 0.9 in VM-120
 INFO 08-28 19:20:20,447 SystemLoadProfiler:50 [pool-8-thread-1] - Average CPU Load: 0.0 in VM-120
 INFO 08-28 19:20:20,447 TaskEventRateCalculator:78 [pool-8-thread-1] - ---- Start of task processed event (# tasks: 0 in executor VM-120)----
----- End of taks processed event ----

 INFO 08-28 19:20:20,447 CpuBottleneckDetectorImpl:63 [pool-8-thread-1] - Current cpu load: 0.0, # processed events: 0, consecutive: 0/2, threshold: 0.9 in VM-120
 INFO 08-28 19:20:21,447 SystemLoadProfiler:50 [pool-8-thread-1] - Average CPU Load: 0.0 in VM-120
 INFO 08-28 19:20:21,447 TaskEventRateCalculator:78 [pool-8-thread-1] - ---- Start of task processed event (# tasks: 0 in executor VM-120)----
----- End of taks processed event ----

 INFO 08-28 19:20:21,447 CpuBottleneckDetectorImpl:63 [pool-8-thread-1] - Current cpu load: 0.0, # processed events: 0, consecutive: 0/2, threshold: 0.9 in VM-120
 INFO 08-28 19:20:22,447 SystemLoadProfiler:50 [pool-8-thread-1] - Average CPU Load: 0.0 in VM-120
 INFO 08-28 19:20:22,447 TaskEventRateCalculator:78 [pool-8-thread-1] - ---- Start of task processed event (# tasks: 0 in executor VM-120)----
----- End of taks processed event ----

 INFO 08-28 19:20:22,447 CpuBottleneckDetectorImpl:63 [pool-8-thread-1] - Current cpu load: 0.0, # processed events: 0, consecutive: 0/2, threshold: 0.9 in VM-120
 INFO 08-28 19:20:23,447 SystemLoadProfiler:50 [pool-8-thread-1] - Average CPU Load: 0.0 in VM-120
 INFO 08-28 19:20:23,447 TaskEventRateCalculator:78 [pool-8-thread-1] - ---- Start of task processed event (# tasks: 0 in executor VM-120)----
----- End of taks processed event ----

 INFO 08-28 19:20:23,447 CpuBottleneckDetectorImpl:63 [pool-8-thread-1] - Current cpu load: 0.0, # processed events: 0, consecutive: 0/2, threshold: 0.9 in VM-120
 INFO 08-28 19:20:24,447 SystemLoadProfiler:50 [pool-8-thread-1] - Average CPU Load: 0.0 in VM-120
 INFO 08-28 19:20:24,447 TaskEventRateCalculator:78 [pool-8-thread-1] - ---- Start of task processed event (# tasks: 0 in executor VM-120)----
----- End of taks processed event ----

 INFO 08-28 19:20:24,447 CpuBottleneckDetectorImpl:63 [pool-8-thread-1] - Current cpu load: 0.0, # processed events: 0, consecutive: 0/2, threshold: 0.9 in VM-120
 INFO 08-28 19:20:25,447 SystemLoadProfiler:50 [pool-8-thread-1] - Average CPU Load: 0.0 in VM-120
 INFO 08-28 19:20:25,447 TaskEventRateCalculator:78 [pool-8-thread-1] - ---- Start of task processed event (# tasks: 0 in executor VM-120)----
----- End of taks processed event ----

 INFO 08-28 19:20:25,447 CpuBottleneckDetectorImpl:63 [pool-8-thread-1] - Current cpu load: 0.0, # processed events: 0, consecutive: 0/2, threshold: 0.9 in VM-120
 INFO 08-28 19:20:26,447 SystemLoadProfiler:50 [pool-8-thread-1] - Average CPU Load: 0.0 in VM-120
 INFO 08-28 19:20:26,447 TaskEventRateCalculator:78 [pool-8-thread-1] - ---- Start of task processed event (# tasks: 0 in executor VM-120)----
----- End of taks processed event ----

 INFO 08-28 19:20:26,447 CpuBottleneckDetectorImpl:63 [pool-8-thread-1] - Current cpu load: 0.0, # processed events: 0, consecutive: 0/2, threshold: 0.9 in VM-120
 INFO 08-28 19:20:27,447 SystemLoadProfiler:50 [pool-8-thread-1] - Average CPU Load: 0.0 in VM-120
 INFO 08-28 19:20:27,447 TaskEventRateCalculator:78 [pool-8-thread-1] - ---- Start of task processed event (# tasks: 0 in executor VM-120)----
----- End of taks processed event ----

 INFO 08-28 19:20:27,447 CpuBottleneckDetectorImpl:63 [pool-8-thread-1] - Current cpu load: 0.0, # processed events: 0, consecutive: 0/2, threshold: 0.9 in VM-120
 INFO 08-28 19:20:28,447 SystemLoadProfiler:50 [pool-8-thread-1] - Average CPU Load: 0.0 in VM-120
 INFO 08-28 19:20:28,447 TaskEventRateCalculator:78 [pool-8-thread-1] - ---- Start of task processed event (# tasks: 0 in executor VM-120)----
----- End of taks processed event ----

 INFO 08-28 19:20:28,447 CpuBottleneckDetectorImpl:63 [pool-8-thread-1] - Current cpu load: 0.0, # processed events: 0, consecutive: 0/2, threshold: 0.9 in VM-120
 INFO 08-28 19:20:29,447 SystemLoadProfiler:50 [pool-8-thread-1] - Average CPU Load: 0.0 in VM-120
 INFO 08-28 19:20:29,447 TaskEventRateCalculator:78 [pool-8-thread-1] - ---- Start of task processed event (# tasks: 0 in executor VM-120)----
----- End of taks processed event ----

 INFO 08-28 19:20:29,447 CpuBottleneckDetectorImpl:63 [pool-8-thread-1] - Current cpu load: 0.0, # processed events: 0, consecutive: 0/2, threshold: 0.9 in VM-120
 INFO 08-28 19:20:30,447 SystemLoadProfiler:50 [pool-8-thread-1] - Average CPU Load: 0.0 in VM-120
 INFO 08-28 19:20:30,447 TaskEventRateCalculator:78 [pool-8-thread-1] - ---- Start of task processed event (# tasks: 0 in executor VM-120)----
----- End of taks processed event ----

 INFO 08-28 19:20:30,447 CpuBottleneckDetectorImpl:63 [pool-8-thread-1] - Current cpu load: 0.0, # processed events: 0, consecutive: 0/2, threshold: 0.9 in VM-120
 INFO 08-28 19:20:31,447 SystemLoadProfiler:50 [pool-8-thread-1] - Average CPU Load: 0.0 in VM-120
 INFO 08-28 19:20:31,447 TaskEventRateCalculator:78 [pool-8-thread-1] - ---- Start of task processed event (# tasks: 0 in executor VM-120)----
----- End of taks processed event ----

 INFO 08-28 19:20:31,447 CpuBottleneckDetectorImpl:63 [pool-8-thread-1] - Current cpu load: 0.0, # processed events: 0, consecutive: 0/2, threshold: 0.9 in VM-120
 INFO 08-28 19:20:32,447 SystemLoadProfiler:50 [pool-8-thread-1] - Average CPU Load: 0.0 in VM-120
 INFO 08-28 19:20:32,447 TaskEventRateCalculator:78 [pool-8-thread-1] - ---- Start of task processed event (# tasks: 0 in executor VM-120)----
----- End of taks processed event ----

 INFO 08-28 19:20:32,447 CpuBottleneckDetectorImpl:63 [pool-8-thread-1] - Current cpu load: 0.0, # processed events: 0, consecutive: 0/2, threshold: 0.9 in VM-120
 INFO 08-28 19:20:33,447 SystemLoadProfiler:50 [pool-8-thread-1] - Average CPU Load: 0.0 in VM-120
 INFO 08-28 19:20:33,447 TaskEventRateCalculator:78 [pool-8-thread-1] - ---- Start of task processed event (# tasks: 0 in executor VM-120)----
----- End of taks processed event ----

 INFO 08-28 19:20:33,447 CpuBottleneckDetectorImpl:63 [pool-8-thread-1] - Current cpu load: 0.0, # processed events: 0, consecutive: 0/2, threshold: 0.9 in VM-120
 INFO 08-28 19:20:34,447 SystemLoadProfiler:50 [pool-8-thread-1] - Average CPU Load: 0.0 in VM-120
 INFO 08-28 19:20:34,447 TaskEventRateCalculator:78 [pool-8-thread-1] - ---- Start of task processed event (# tasks: 0 in executor VM-120)----
----- End of taks processed event ----

 INFO 08-28 19:20:34,447 CpuBottleneckDetectorImpl:63 [pool-8-thread-1] - Current cpu load: 0.0, # processed events: 0, consecutive: 0/2, threshold: 0.9 in VM-120
 INFO 08-28 19:20:35,447 SystemLoadProfiler:50 [pool-8-thread-1] - Average CPU Load: 0.0 in VM-120
 INFO 08-28 19:20:35,447 TaskEventRateCalculator:78 [pool-8-thread-1] - ---- Start of task processed event (# tasks: 0 in executor VM-120)----
----- End of taks processed event ----

 INFO 08-28 19:20:35,447 CpuBottleneckDetectorImpl:63 [pool-8-thread-1] - Current cpu load: 0.0, # processed events: 0, consecutive: 0/2, threshold: 0.9 in VM-120
 INFO 08-28 19:20:36,447 SystemLoadProfiler:50 [pool-8-thread-1] - Average CPU Load: 0.0 in VM-120
 INFO 08-28 19:20:36,447 TaskEventRateCalculator:78 [pool-8-thread-1] - ---- Start of task processed event (# tasks: 0 in executor VM-120)----
----- End of taks processed event ----

 INFO 08-28 19:20:36,447 CpuBottleneckDetectorImpl:63 [pool-8-thread-1] - Current cpu load: 0.0, # processed events: 0, consecutive: 0/2, threshold: 0.9 in VM-120
 INFO 08-28 19:20:37,447 SystemLoadProfiler:50 [pool-8-thread-1] - Average CPU Load: 0.0 in VM-120
 INFO 08-28 19:20:37,447 TaskEventRateCalculator:78 [pool-8-thread-1] - ---- Start of task processed event (# tasks: 0 in executor VM-120)----
----- End of taks processed event ----

 INFO 08-28 19:20:37,447 CpuBottleneckDetectorImpl:63 [pool-8-thread-1] - Current cpu load: 0.0, # processed events: 0, consecutive: 0/2, threshold: 0.9 in VM-120
 INFO 08-28 19:20:38,447 SystemLoadProfiler:50 [pool-8-thread-1] - Average CPU Load: 0.0 in VM-120
 INFO 08-28 19:20:38,447 TaskEventRateCalculator:78 [pool-8-thread-1] - ---- Start of task processed event (# tasks: 0 in executor VM-120)----
----- End of taks processed event ----

 INFO 08-28 19:20:38,447 CpuBottleneckDetectorImpl:63 [pool-8-thread-1] - Current cpu load: 0.0, # processed events: 0, consecutive: 0/2, threshold: 0.9 in VM-120
 INFO 08-28 19:20:39,447 SystemLoadProfiler:50 [pool-8-thread-1] - Average CPU Load: 0.0 in VM-120
 INFO 08-28 19:20:39,447 TaskEventRateCalculator:78 [pool-8-thread-1] - ---- Start of task processed event (# tasks: 0 in executor VM-120)----
----- End of taks processed event ----

 INFO 08-28 19:20:39,447 CpuBottleneckDetectorImpl:63 [pool-8-thread-1] - Current cpu load: 0.0, # processed events: 0, consecutive: 0/2, threshold: 0.9 in VM-120
 INFO 08-28 19:20:40,447 SystemLoadProfiler:50 [pool-8-thread-1] - Average CPU Load: 0.0 in VM-120
 INFO 08-28 19:20:40,447 TaskEventRateCalculator:78 [pool-8-thread-1] - ---- Start of task processed event (# tasks: 0 in executor VM-120)----
----- End of taks processed event ----

 INFO 08-28 19:20:40,447 CpuBottleneckDetectorImpl:63 [pool-8-thread-1] - Current cpu load: 0.0, # processed events: 0, consecutive: 0/2, threshold: 0.9 in VM-120
 INFO 08-28 19:20:41,447 SystemLoadProfiler:50 [pool-8-thread-1] - Average CPU Load: 0.0 in VM-120
 INFO 08-28 19:20:41,447 TaskEventRateCalculator:78 [pool-8-thread-1] - ---- Start of task processed event (# tasks: 0 in executor VM-120)----
----- End of taks processed event ----

 INFO 08-28 19:20:41,447 CpuBottleneckDetectorImpl:63 [pool-8-thread-1] - Current cpu load: 0.0, # processed events: 0, consecutive: 0/2, threshold: 0.9 in VM-120
 INFO 08-28 19:20:42,447 SystemLoadProfiler:50 [pool-8-thread-1] - Average CPU Load: 0.0 in VM-120
 INFO 08-28 19:20:42,447 TaskEventRateCalculator:78 [pool-8-thread-1] - ---- Start of task processed event (# tasks: 0 in executor VM-120)----
----- End of taks processed event ----

 INFO 08-28 19:20:42,447 CpuBottleneckDetectorImpl:63 [pool-8-thread-1] - Current cpu load: 0.0, # processed events: 0, consecutive: 0/2, threshold: 0.9 in VM-120
 INFO 08-28 19:20:43,447 SystemLoadProfiler:50 [pool-8-thread-1] - Average CPU Load: 0.0 in VM-120
 INFO 08-28 19:20:43,447 TaskEventRateCalculator:78 [pool-8-thread-1] - ---- Start of task processed event (# tasks: 0 in executor VM-120)----
----- End of taks processed event ----

 INFO 08-28 19:20:43,447 CpuBottleneckDetectorImpl:63 [pool-8-thread-1] - Current cpu load: 0.0, # processed events: 0, consecutive: 0/2, threshold: 0.9 in VM-120
 INFO 08-28 19:20:44,447 SystemLoadProfiler:50 [pool-8-thread-1] - Average CPU Load: 0.0 in VM-120
 INFO 08-28 19:20:44,447 TaskEventRateCalculator:78 [pool-8-thread-1] - ---- Start of task processed event (# tasks: 0 in executor VM-120)----
----- End of taks processed event ----

 INFO 08-28 19:20:44,447 CpuBottleneckDetectorImpl:63 [pool-8-thread-1] - Current cpu load: 0.0, # processed events: 0, consecutive: 0/2, threshold: 0.9 in VM-120
 INFO 08-28 19:20:45,447 SystemLoadProfiler:50 [pool-8-thread-1] - Average CPU Load: 0.0 in VM-120
 INFO 08-28 19:20:45,447 TaskEventRateCalculator:78 [pool-8-thread-1] - ---- Start of task processed event (# tasks: 0 in executor VM-120)----
----- End of taks processed event ----

 INFO 08-28 19:20:45,447 CpuBottleneckDetectorImpl:63 [pool-8-thread-1] - Current cpu load: 0.0, # processed events: 0, consecutive: 0/2, threshold: 0.9 in VM-120
 INFO 08-28 19:20:46,447 SystemLoadProfiler:50 [pool-8-thread-1] - Average CPU Load: 0.0 in VM-120
 INFO 08-28 19:20:46,447 TaskEventRateCalculator:78 [pool-8-thread-1] - ---- Start of task processed event (# tasks: 0 in executor VM-120)----
----- End of taks processed event ----

 INFO 08-28 19:20:46,447 CpuBottleneckDetectorImpl:63 [pool-8-thread-1] - Current cpu load: 0.0, # processed events: 0, consecutive: 0/2, threshold: 0.9 in VM-120
 INFO 08-28 19:20:47,447 SystemLoadProfiler:50 [pool-8-thread-1] - Average CPU Load: 0.0 in VM-120
 INFO 08-28 19:20:47,447 TaskEventRateCalculator:78 [pool-8-thread-1] - ---- Start of task processed event (# tasks: 0 in executor VM-120)----
----- End of taks processed event ----

 INFO 08-28 19:20:47,447 CpuBottleneckDetectorImpl:63 [pool-8-thread-1] - Current cpu load: 0.0, # processed events: 0, consecutive: 0/2, threshold: 0.9 in VM-120
 INFO 08-28 19:20:48,447 SystemLoadProfiler:50 [pool-8-thread-1] - Average CPU Load: 0.0 in VM-120
 INFO 08-28 19:20:48,447 TaskEventRateCalculator:78 [pool-8-thread-1] - ---- Start of task processed event (# tasks: 0 in executor VM-120)----
----- End of taks processed event ----

 INFO 08-28 19:20:48,447 CpuBottleneckDetectorImpl:63 [pool-8-thread-1] - Current cpu load: 0.0, # processed events: 0, consecutive: 0/2, threshold: 0.9 in VM-120
 INFO 08-28 19:20:49,447 SystemLoadProfiler:50 [pool-8-thread-1] - Average CPU Load: 0.0 in VM-120
 INFO 08-28 19:20:49,447 TaskEventRateCalculator:78 [pool-8-thread-1] - ---- Start of task processed event (# tasks: 0 in executor VM-120)----
----- End of taks processed event ----

 INFO 08-28 19:20:49,447 CpuBottleneckDetectorImpl:63 [pool-8-thread-1] - Current cpu load: 0.0, # processed events: 0, consecutive: 0/2, threshold: 0.9 in VM-120
 INFO 08-28 19:20:50,447 SystemLoadProfiler:50 [pool-8-thread-1] - Average CPU Load: 0.0 in VM-120
 INFO 08-28 19:20:50,447 TaskEventRateCalculator:78 [pool-8-thread-1] - ---- Start of task processed event (# tasks: 0 in executor VM-120)----
----- End of taks processed event ----

 INFO 08-28 19:20:50,447 CpuBottleneckDetectorImpl:63 [pool-8-thread-1] - Current cpu load: 0.0, # processed events: 0, consecutive: 0/2, threshold: 0.9 in VM-120
 INFO 08-28 19:20:51,447 SystemLoadProfiler:50 [pool-8-thread-1] - Average CPU Load: 0.0 in VM-120
 INFO 08-28 19:20:51,447 TaskEventRateCalculator:78 [pool-8-thread-1] - ---- Start of task processed event (# tasks: 0 in executor VM-120)----
----- End of taks processed event ----

 INFO 08-28 19:20:51,447 CpuBottleneckDetectorImpl:63 [pool-8-thread-1] - Current cpu load: 0.0, # processed events: 0, consecutive: 0/2, threshold: 0.9 in VM-120
 INFO 08-28 19:20:52,447 SystemLoadProfiler:50 [pool-8-thread-1] - Average CPU Load: 0.0 in VM-120
 INFO 08-28 19:20:52,447 TaskEventRateCalculator:78 [pool-8-thread-1] - ---- Start of task processed event (# tasks: 0 in executor VM-120)----
----- End of taks processed event ----

 INFO 08-28 19:20:52,447 CpuBottleneckDetectorImpl:63 [pool-8-thread-1] - Current cpu load: 0.0, # processed events: 0, consecutive: 0/2, threshold: 0.9 in VM-120
 INFO 08-28 19:20:53,447 SystemLoadProfiler:50 [pool-8-thread-1] - Average CPU Load: 0.0 in VM-120
 INFO 08-28 19:20:53,447 TaskEventRateCalculator:78 [pool-8-thread-1] - ---- Start of task processed event (# tasks: 0 in executor VM-120)----
----- End of taks processed event ----

 INFO 08-28 19:20:53,447 CpuBottleneckDetectorImpl:63 [pool-8-thread-1] - Current cpu load: 0.0, # processed events: 0, consecutive: 0/2, threshold: 0.9 in VM-120
 INFO 08-28 19:20:54,447 SystemLoadProfiler:50 [pool-8-thread-1] - Average CPU Load: 0.0 in VM-120
 INFO 08-28 19:20:54,447 TaskEventRateCalculator:78 [pool-8-thread-1] - ---- Start of task processed event (# tasks: 0 in executor VM-120)----
----- End of taks processed event ----

 INFO 08-28 19:20:54,447 CpuBottleneckDetectorImpl:63 [pool-8-thread-1] - Current cpu load: 0.0, # processed events: 0, consecutive: 0/2, threshold: 0.9 in VM-120
 INFO 08-28 19:20:55,447 SystemLoadProfiler:50 [pool-8-thread-1] - Average CPU Load: 0.0 in VM-120
 INFO 08-28 19:20:55,447 TaskEventRateCalculator:78 [pool-8-thread-1] - ---- Start of task processed event (# tasks: 0 in executor VM-120)----
----- End of taks processed event ----

 INFO 08-28 19:20:55,447 CpuBottleneckDetectorImpl:63 [pool-8-thread-1] - Current cpu load: 0.0, # processed events: 0, consecutive: 0/2, threshold: 0.9 in VM-120
 INFO 08-28 19:20:56,447 SystemLoadProfiler:50 [pool-8-thread-1] - Average CPU Load: 0.0 in VM-120
 INFO 08-28 19:20:56,447 TaskEventRateCalculator:78 [pool-8-thread-1] - ---- Start of task processed event (# tasks: 0 in executor VM-120)----
----- End of taks processed event ----

 INFO 08-28 19:20:56,447 CpuBottleneckDetectorImpl:63 [pool-8-thread-1] - Current cpu load: 0.0, # processed events: 0, consecutive: 0/2, threshold: 0.9 in VM-120
 INFO 08-28 19:20:57,447 SystemLoadProfiler:50 [pool-8-thread-1] - Average CPU Load: 0.0 in VM-120
 INFO 08-28 19:20:57,447 TaskEventRateCalculator:78 [pool-8-thread-1] - ---- Start of task processed event (# tasks: 0 in executor VM-120)----
----- End of taks processed event ----

 INFO 08-28 19:20:57,447 CpuBottleneckDetectorImpl:63 [pool-8-thread-1] - Current cpu load: 0.0, # processed events: 0, consecutive: 0/2, threshold: 0.9 in VM-120
 INFO 08-28 19:20:58,447 SystemLoadProfiler:50 [pool-8-thread-1] - Average CPU Load: 0.0 in VM-120
 INFO 08-28 19:20:58,447 TaskEventRateCalculator:78 [pool-8-thread-1] - ---- Start of task processed event (# tasks: 0 in executor VM-120)----
----- End of taks processed event ----

 INFO 08-28 19:20:58,447 CpuBottleneckDetectorImpl:63 [pool-8-thread-1] - Current cpu load: 0.0, # processed events: 0, consecutive: 0/2, threshold: 0.9 in VM-120
 INFO 08-28 19:20:59,447 SystemLoadProfiler:50 [pool-8-thread-1] - Average CPU Load: 0.0 in VM-120
 INFO 08-28 19:20:59,447 TaskEventRateCalculator:78 [pool-8-thread-1] - ---- Start of task processed event (# tasks: 0 in executor VM-120)----
----- End of taks processed event ----

 INFO 08-28 19:20:59,447 CpuBottleneckDetectorImpl:63 [pool-8-thread-1] - Current cpu load: 0.0, # processed events: 0, consecutive: 0/2, threshold: 0.9 in VM-120
 INFO 08-28 19:21:00,447 SystemLoadProfiler:50 [pool-8-thread-1] - Average CPU Load: 0.0 in VM-120
 INFO 08-28 19:21:00,447 TaskEventRateCalculator:78 [pool-8-thread-1] - ---- Start of task processed event (# tasks: 0 in executor VM-120)----
----- End of taks processed event ----

 INFO 08-28 19:21:00,447 CpuBottleneckDetectorImpl:63 [pool-8-thread-1] - Current cpu load: 0.0, # processed events: 0, consecutive: 0/2, threshold: 0.9 in VM-120
 INFO 08-28 19:21:01,447 SystemLoadProfiler:50 [pool-8-thread-1] - Average CPU Load: 0.0 in VM-120
 INFO 08-28 19:21:01,447 TaskEventRateCalculator:78 [pool-8-thread-1] - ---- Start of task processed event (# tasks: 0 in executor VM-120)----
----- End of taks processed event ----

 INFO 08-28 19:21:01,447 CpuBottleneckDetectorImpl:63 [pool-8-thread-1] - Current cpu load: 0.0, # processed events: 0, consecutive: 0/2, threshold: 0.9 in VM-120
 INFO 08-28 19:21:02,447 SystemLoadProfiler:50 [pool-8-thread-1] - Average CPU Load: 0.0 in VM-120
 INFO 08-28 19:21:02,447 TaskEventRateCalculator:78 [pool-8-thread-1] - ---- Start of task processed event (# tasks: 0 in executor VM-120)----
----- End of taks processed event ----

 INFO 08-28 19:21:02,447 CpuBottleneckDetectorImpl:63 [pool-8-thread-1] - Current cpu load: 0.0, # processed events: 0, consecutive: 0/2, threshold: 0.9 in VM-120
 INFO 08-28 19:21:03,447 SystemLoadProfiler:50 [pool-8-thread-1] - Average CPU Load: 0.0 in VM-120
 INFO 08-28 19:21:03,447 TaskEventRateCalculator:78 [pool-8-thread-1] - ---- Start of task processed event (# tasks: 0 in executor VM-120)----
----- End of taks processed event ----

 INFO 08-28 19:21:03,447 CpuBottleneckDetectorImpl:63 [pool-8-thread-1] - Current cpu load: 0.0, # processed events: 0, consecutive: 0/2, threshold: 0.9 in VM-120
 INFO 08-28 19:21:04,447 SystemLoadProfiler:50 [pool-8-thread-1] - Average CPU Load: 0.0 in VM-120
 INFO 08-28 19:21:04,447 TaskEventRateCalculator:78 [pool-8-thread-1] - ---- Start of task processed event (# tasks: 0 in executor VM-120)----
----- End of taks processed event ----

 INFO 08-28 19:21:04,447 CpuBottleneckDetectorImpl:63 [pool-8-thread-1] - Current cpu load: 0.0, # processed events: 0, consecutive: 0/2, threshold: 0.9 in VM-120
 INFO 08-28 19:21:05,447 SystemLoadProfiler:50 [pool-8-thread-1] - Average CPU Load: 0.0 in VM-120
 INFO 08-28 19:21:05,447 TaskEventRateCalculator:78 [pool-8-thread-1] - ---- Start of task processed event (# tasks: 0 in executor VM-120)----
----- End of taks processed event ----

 INFO 08-28 19:21:05,447 CpuBottleneckDetectorImpl:63 [pool-8-thread-1] - Current cpu load: 0.0, # processed events: 0, consecutive: 0/2, threshold: 0.9 in VM-120
 INFO 08-28 19:21:06,447 SystemLoadProfiler:50 [pool-8-thread-1] - Average CPU Load: 0.0 in VM-120
 INFO 08-28 19:21:06,447 TaskEventRateCalculator:78 [pool-8-thread-1] - ---- Start of task processed event (# tasks: 0 in executor VM-120)----
----- End of taks processed event ----

 INFO 08-28 19:21:06,447 CpuBottleneckDetectorImpl:63 [pool-8-thread-1] - Current cpu load: 0.0, # processed events: 0, consecutive: 0/2, threshold: 0.9 in VM-120
 INFO 08-28 19:21:07,447 SystemLoadProfiler:50 [pool-8-thread-1] - Average CPU Load: 0.0 in VM-120
 INFO 08-28 19:21:07,447 TaskEventRateCalculator:78 [pool-8-thread-1] - ---- Start of task processed event (# tasks: 0 in executor VM-120)----
----- End of taks processed event ----

 INFO 08-28 19:21:07,447 CpuBottleneckDetectorImpl:63 [pool-8-thread-1] - Current cpu load: 0.0, # processed events: 0, consecutive: 0/2, threshold: 0.9 in VM-120
 INFO 08-28 19:21:08,447 SystemLoadProfiler:50 [pool-8-thread-1] - Average CPU Load: 0.0 in VM-120
 INFO 08-28 19:21:08,447 TaskEventRateCalculator:78 [pool-8-thread-1] - ---- Start of task processed event (# tasks: 0 in executor VM-120)----
----- End of taks processed event ----

 INFO 08-28 19:21:08,447 CpuBottleneckDetectorImpl:63 [pool-8-thread-1] - Current cpu load: 0.0, # processed events: 0, consecutive: 0/2, threshold: 0.9 in VM-120
 INFO 08-28 19:21:09,447 SystemLoadProfiler:50 [pool-8-thread-1] - Average CPU Load: 0.0 in VM-120
 INFO 08-28 19:21:09,447 TaskEventRateCalculator:78 [pool-8-thread-1] - ---- Start of task processed event (# tasks: 0 in executor VM-120)----
----- End of taks processed event ----

 INFO 08-28 19:21:09,447 CpuBottleneckDetectorImpl:63 [pool-8-thread-1] - Current cpu load: 0.0, # processed events: 0, consecutive: 0/2, threshold: 0.9 in VM-120
 INFO 08-28 19:21:10,447 SystemLoadProfiler:50 [pool-8-thread-1] - Average CPU Load: 0.0 in VM-120
 INFO 08-28 19:21:10,447 TaskEventRateCalculator:78 [pool-8-thread-1] - ---- Start of task processed event (# tasks: 0 in executor VM-120)----
----- End of taks processed event ----

 INFO 08-28 19:21:10,447 CpuBottleneckDetectorImpl:63 [pool-8-thread-1] - Current cpu load: 0.0, # processed events: 0, consecutive: 0/2, threshold: 0.9 in VM-120
 INFO 08-28 19:21:11,447 SystemLoadProfiler:50 [pool-8-thread-1] - Average CPU Load: 0.0 in VM-120
 INFO 08-28 19:21:11,447 TaskEventRateCalculator:78 [pool-8-thread-1] - ---- Start of task processed event (# tasks: 0 in executor VM-120)----
----- End of taks processed event ----

 INFO 08-28 19:21:11,447 CpuBottleneckDetectorImpl:63 [pool-8-thread-1] - Current cpu load: 0.0, # processed events: 0, consecutive: 0/2, threshold: 0.9 in VM-120
 INFO 08-28 19:21:12,447 SystemLoadProfiler:50 [pool-8-thread-1] - Average CPU Load: 0.0 in VM-120
 INFO 08-28 19:21:12,447 TaskEventRateCalculator:78 [pool-8-thread-1] - ---- Start of task processed event (# tasks: 0 in executor VM-120)----
----- End of taks processed event ----

 INFO 08-28 19:21:12,447 CpuBottleneckDetectorImpl:63 [pool-8-thread-1] - Current cpu load: 0.0, # processed events: 0, consecutive: 0/2, threshold: 0.9 in VM-120
 INFO 08-28 19:21:13,447 SystemLoadProfiler:50 [pool-8-thread-1] - Average CPU Load: 0.0 in VM-120
 INFO 08-28 19:21:13,447 TaskEventRateCalculator:78 [pool-8-thread-1] - ---- Start of task processed event (# tasks: 0 in executor VM-120)----
----- End of taks processed event ----

 INFO 08-28 19:21:13,447 CpuBottleneckDetectorImpl:63 [pool-8-thread-1] - Current cpu load: 0.0, # processed events: 0, consecutive: 0/2, threshold: 0.9 in VM-120
 INFO 08-28 19:21:14,447 SystemLoadProfiler:50 [pool-8-thread-1] - Average CPU Load: 0.0 in VM-120
 INFO 08-28 19:21:14,447 TaskEventRateCalculator:78 [pool-8-thread-1] - ---- Start of task processed event (# tasks: 0 in executor VM-120)----
----- End of taks processed event ----

 INFO 08-28 19:21:14,447 CpuBottleneckDetectorImpl:63 [pool-8-thread-1] - Current cpu load: 0.0, # processed events: 0, consecutive: 0/2, threshold: 0.9 in VM-120
 INFO 08-28 19:21:15,447 SystemLoadProfiler:50 [pool-8-thread-1] - Average CPU Load: 0.0 in VM-120
 INFO 08-28 19:21:15,447 TaskEventRateCalculator:78 [pool-8-thread-1] - ---- Start of task processed event (# tasks: 0 in executor VM-120)----
----- End of taks processed event ----

 INFO 08-28 19:21:15,447 CpuBottleneckDetectorImpl:63 [pool-8-thread-1] - Current cpu load: 0.0, # processed events: 0, consecutive: 0/2, threshold: 0.9 in VM-120
 INFO 08-28 19:21:16,447 SystemLoadProfiler:50 [pool-8-thread-1] - Average CPU Load: 0.0 in VM-120
 INFO 08-28 19:21:16,447 TaskEventRateCalculator:78 [pool-8-thread-1] - ---- Start of task processed event (# tasks: 0 in executor VM-120)----
----- End of taks processed event ----

 INFO 08-28 19:21:16,447 CpuBottleneckDetectorImpl:63 [pool-8-thread-1] - Current cpu load: 0.0, # processed events: 0, consecutive: 0/2, threshold: 0.9 in VM-120
 INFO 08-28 19:21:17,447 SystemLoadProfiler:50 [pool-8-thread-1] - Average CPU Load: 0.0 in VM-120
 INFO 08-28 19:21:17,447 TaskEventRateCalculator:78 [pool-8-thread-1] - ---- Start of task processed event (# tasks: 0 in executor VM-120)----
----- End of taks processed event ----

 INFO 08-28 19:21:17,447 CpuBottleneckDetectorImpl:63 [pool-8-thread-1] - Current cpu load: 0.0, # processed events: 0, consecutive: 0/2, threshold: 0.9 in VM-120
 INFO 08-28 19:21:18,447 SystemLoadProfiler:50 [pool-8-thread-1] - Average CPU Load: 0.0 in VM-120
 INFO 08-28 19:21:18,447 TaskEventRateCalculator:78 [pool-8-thread-1] - ---- Start of task processed event (# tasks: 0 in executor VM-120)----
----- End of taks processed event ----

 INFO 08-28 19:21:18,447 CpuBottleneckDetectorImpl:63 [pool-8-thread-1] - Current cpu load: 0.0, # processed events: 0, consecutive: 0/2, threshold: 0.9 in VM-120
 INFO 08-28 19:21:19,447 SystemLoadProfiler:50 [pool-8-thread-1] - Average CPU Load: 0.0 in VM-120
 INFO 08-28 19:21:19,447 TaskEventRateCalculator:78 [pool-8-thread-1] - ---- Start of task processed event (# tasks: 0 in executor VM-120)----
----- End of taks processed event ----

 INFO 08-28 19:21:19,447 CpuBottleneckDetectorImpl:63 [pool-8-thread-1] - Current cpu load: 0.0, # processed events: 0, consecutive: 0/2, threshold: 0.9 in VM-120
 INFO 08-28 19:21:20,447 SystemLoadProfiler:50 [pool-8-thread-1] - Average CPU Load: 0.0 in VM-120
 INFO 08-28 19:21:20,447 TaskEventRateCalculator:78 [pool-8-thread-1] - ---- Start of task processed event (# tasks: 0 in executor VM-120)----
----- End of taks processed event ----

 INFO 08-28 19:21:20,447 CpuBottleneckDetectorImpl:63 [pool-8-thread-1] - Current cpu load: 0.0, # processed events: 0, consecutive: 0/2, threshold: 0.9 in VM-120
 INFO 08-28 19:21:21,447 SystemLoadProfiler:50 [pool-8-thread-1] - Average CPU Load: 0.0 in VM-120
 INFO 08-28 19:21:21,447 TaskEventRateCalculator:78 [pool-8-thread-1] - ---- Start of task processed event (# tasks: 0 in executor VM-120)----
----- End of taks processed event ----

 INFO 08-28 19:21:21,447 CpuBottleneckDetectorImpl:63 [pool-8-thread-1] - Current cpu load: 0.0, # processed events: 0, consecutive: 0/2, threshold: 0.9 in VM-120
 INFO 08-28 19:21:22,447 SystemLoadProfiler:50 [pool-8-thread-1] - Average CPU Load: 0.0 in VM-120
 INFO 08-28 19:21:22,447 TaskEventRateCalculator:78 [pool-8-thread-1] - ---- Start of task processed event (# tasks: 0 in executor VM-120)----
----- End of taks processed event ----

 INFO 08-28 19:21:22,447 CpuBottleneckDetectorImpl:63 [pool-8-thread-1] - Current cpu load: 0.0, # processed events: 0, consecutive: 0/2, threshold: 0.9 in VM-120
 INFO 08-28 19:21:23,447 SystemLoadProfiler:50 [pool-8-thread-1] - Average CPU Load: 0.0 in VM-120
 INFO 08-28 19:21:23,447 TaskEventRateCalculator:78 [pool-8-thread-1] - ---- Start of task processed event (# tasks: 0 in executor VM-120)----
----- End of taks processed event ----

 INFO 08-28 19:21:23,447 CpuBottleneckDetectorImpl:63 [pool-8-thread-1] - Current cpu load: 0.0, # processed events: 0, consecutive: 0/2, threshold: 0.9 in VM-120
 INFO 08-28 19:21:24,447 SystemLoadProfiler:50 [pool-8-thread-1] - Average CPU Load: 0.0 in VM-120
 INFO 08-28 19:21:24,447 TaskEventRateCalculator:78 [pool-8-thread-1] - ---- Start of task processed event (# tasks: 0 in executor VM-120)----
----- End of taks processed event ----

 INFO 08-28 19:21:24,447 CpuBottleneckDetectorImpl:63 [pool-8-thread-1] - Current cpu load: 0.0, # processed events: 0, consecutive: 0/2, threshold: 0.9 in VM-120
 INFO 08-28 19:21:25,447 SystemLoadProfiler:50 [pool-8-thread-1] - Average CPU Load: 0.0 in VM-120
 INFO 08-28 19:21:25,447 TaskEventRateCalculator:78 [pool-8-thread-1] - ---- Start of task processed event (# tasks: 0 in executor VM-120)----
----- End of taks processed event ----

 INFO 08-28 19:21:25,447 CpuBottleneckDetectorImpl:63 [pool-8-thread-1] - Current cpu load: 0.0, # processed events: 0, consecutive: 0/2, threshold: 0.9 in VM-120
 INFO 08-28 19:21:26,447 SystemLoadProfiler:50 [pool-8-thread-1] - Average CPU Load: 0.0 in VM-120
 INFO 08-28 19:21:26,447 TaskEventRateCalculator:78 [pool-8-thread-1] - ---- Start of task processed event (# tasks: 0 in executor VM-120)----
----- End of taks processed event ----

 INFO 08-28 19:21:26,447 CpuBottleneckDetectorImpl:63 [pool-8-thread-1] - Current cpu load: 0.0, # processed events: 0, consecutive: 0/2, threshold: 0.9 in VM-120
 INFO 08-28 19:21:27,447 SystemLoadProfiler:50 [pool-8-thread-1] - Average CPU Load: 0.0 in VM-120
 INFO 08-28 19:21:27,447 TaskEventRateCalculator:78 [pool-8-thread-1] - ---- Start of task processed event (# tasks: 0 in executor VM-120)----
----- End of taks processed event ----

 INFO 08-28 19:21:27,447 CpuBottleneckDetectorImpl:63 [pool-8-thread-1] - Current cpu load: 0.0, # processed events: 0, consecutive: 0/2, threshold: 0.9 in VM-120
 INFO 08-28 19:21:28,447 SystemLoadProfiler:50 [pool-8-thread-1] - Average CPU Load: 0.0 in VM-120
 INFO 08-28 19:21:28,447 TaskEventRateCalculator:78 [pool-8-thread-1] - ---- Start of task processed event (# tasks: 0 in executor VM-120)----
----- End of taks processed event ----

 INFO 08-28 19:21:28,447 CpuBottleneckDetectorImpl:63 [pool-8-thread-1] - Current cpu load: 0.0, # processed events: 0, consecutive: 0/2, threshold: 0.9 in VM-120
 INFO 08-28 19:21:29,447 SystemLoadProfiler:50 [pool-8-thread-1] - Average CPU Load: 0.0 in VM-120
 INFO 08-28 19:21:29,447 TaskEventRateCalculator:78 [pool-8-thread-1] - ---- Start of task processed event (# tasks: 0 in executor VM-120)----
----- End of taks processed event ----

 INFO 08-28 19:21:29,447 CpuBottleneckDetectorImpl:63 [pool-8-thread-1] - Current cpu load: 0.0, # processed events: 0, consecutive: 0/2, threshold: 0.9 in VM-120
 INFO 08-28 19:21:30,447 SystemLoadProfiler:50 [pool-8-thread-1] - Average CPU Load: 0.0 in VM-120
 INFO 08-28 19:21:30,447 TaskEventRateCalculator:78 [pool-8-thread-1] - ---- Start of task processed event (# tasks: 0 in executor VM-120)----
----- End of taks processed event ----

 INFO 08-28 19:21:30,447 CpuBottleneckDetectorImpl:63 [pool-8-thread-1] - Current cpu load: 0.0, # processed events: 0, consecutive: 0/2, threshold: 0.9 in VM-120
 INFO 08-28 19:21:31,447 SystemLoadProfiler:50 [pool-8-thread-1] - Average CPU Load: 0.0 in VM-120
 INFO 08-28 19:21:31,447 TaskEventRateCalculator:78 [pool-8-thread-1] - ---- Start of task processed event (# tasks: 0 in executor VM-120)----
----- End of taks processed event ----

 INFO 08-28 19:21:31,447 CpuBottleneckDetectorImpl:63 [pool-8-thread-1] - Current cpu load: 0.0, # processed events: 0, consecutive: 0/2, threshold: 0.9 in VM-120
 INFO 08-28 19:21:32,447 SystemLoadProfiler:50 [pool-8-thread-1] - Average CPU Load: 0.0 in VM-120
 INFO 08-28 19:21:32,447 TaskEventRateCalculator:78 [pool-8-thread-1] - ---- Start of task processed event (# tasks: 0 in executor VM-120)----
----- End of taks processed event ----

 INFO 08-28 19:21:32,447 CpuBottleneckDetectorImpl:63 [pool-8-thread-1] - Current cpu load: 0.0, # processed events: 0, consecutive: 0/2, threshold: 0.9 in VM-120
 INFO 08-28 19:21:33,447 SystemLoadProfiler:50 [pool-8-thread-1] - Average CPU Load: 0.0 in VM-120
 INFO 08-28 19:21:33,447 TaskEventRateCalculator:78 [pool-8-thread-1] - ---- Start of task processed event (# tasks: 0 in executor VM-120)----
----- End of taks processed event ----

 INFO 08-28 19:21:33,447 CpuBottleneckDetectorImpl:63 [pool-8-thread-1] - Current cpu load: 0.0, # processed events: 0, consecutive: 0/2, threshold: 0.9 in VM-120
 INFO 08-28 19:21:34,447 SystemLoadProfiler:50 [pool-8-thread-1] - Average CPU Load: 0.0 in VM-120
 INFO 08-28 19:21:34,447 TaskEventRateCalculator:78 [pool-8-thread-1] - ---- Start of task processed event (# tasks: 0 in executor VM-120)----
----- End of taks processed event ----

 INFO 08-28 19:21:34,447 CpuBottleneckDetectorImpl:63 [pool-8-thread-1] - Current cpu load: 0.0, # processed events: 0, consecutive: 0/2, threshold: 0.9 in VM-120
 INFO 08-28 19:21:35,447 SystemLoadProfiler:50 [pool-8-thread-1] - Average CPU Load: 0.0 in VM-120
 INFO 08-28 19:21:35,447 TaskEventRateCalculator:78 [pool-8-thread-1] - ---- Start of task processed event (# tasks: 0 in executor VM-120)----
----- End of taks processed event ----

 INFO 08-28 19:21:35,447 CpuBottleneckDetectorImpl:63 [pool-8-thread-1] - Current cpu load: 0.0, # processed events: 0, consecutive: 0/2, threshold: 0.9 in VM-120
 INFO 08-28 19:21:36,447 SystemLoadProfiler:50 [pool-8-thread-1] - Average CPU Load: 0.0 in VM-120
 INFO 08-28 19:21:36,447 TaskEventRateCalculator:78 [pool-8-thread-1] - ---- Start of task processed event (# tasks: 0 in executor VM-120)----
----- End of taks processed event ----

 INFO 08-28 19:21:36,447 CpuBottleneckDetectorImpl:63 [pool-8-thread-1] - Current cpu load: 0.0, # processed events: 0, consecutive: 0/2, threshold: 0.9 in VM-120
 INFO 08-28 19:21:37,447 SystemLoadProfiler:50 [pool-8-thread-1] - Average CPU Load: 0.0 in VM-120
 INFO 08-28 19:21:37,447 TaskEventRateCalculator:78 [pool-8-thread-1] - ---- Start of task processed event (# tasks: 0 in executor VM-120)----
----- End of taks processed event ----

 INFO 08-28 19:21:37,447 CpuBottleneckDetectorImpl:63 [pool-8-thread-1] - Current cpu load: 0.0, # processed events: 0, consecutive: 0/2, threshold: 0.9 in VM-120
 INFO 08-28 19:21:38,447 SystemLoadProfiler:50 [pool-8-thread-1] - Average CPU Load: 0.0 in VM-120
 INFO 08-28 19:21:38,447 TaskEventRateCalculator:78 [pool-8-thread-1] - ---- Start of task processed event (# tasks: 0 in executor VM-120)----
----- End of taks processed event ----

 INFO 08-28 19:21:38,447 CpuBottleneckDetectorImpl:63 [pool-8-thread-1] - Current cpu load: 0.0, # processed events: 0, consecutive: 0/2, threshold: 0.9 in VM-120
 INFO 08-28 19:21:39,447 SystemLoadProfiler:50 [pool-8-thread-1] - Average CPU Load: 0.0 in VM-120
 INFO 08-28 19:21:39,447 TaskEventRateCalculator:78 [pool-8-thread-1] - ---- Start of task processed event (# tasks: 0 in executor VM-120)----
----- End of taks processed event ----

 INFO 08-28 19:21:39,447 CpuBottleneckDetectorImpl:63 [pool-8-thread-1] - Current cpu load: 0.0, # processed events: 0, consecutive: 0/2, threshold: 0.9 in VM-120
 INFO 08-28 19:21:40,447 SystemLoadProfiler:50 [pool-8-thread-1] - Average CPU Load: 0.0 in VM-120
 INFO 08-28 19:21:40,447 TaskEventRateCalculator:78 [pool-8-thread-1] - ---- Start of task processed event (# tasks: 0 in executor VM-120)----
----- End of taks processed event ----

 INFO 08-28 19:21:40,447 CpuBottleneckDetectorImpl:63 [pool-8-thread-1] - Current cpu load: 0.0, # processed events: 0, consecutive: 0/2, threshold: 0.9 in VM-120
 INFO 08-28 19:21:41,447 SystemLoadProfiler:50 [pool-8-thread-1] - Average CPU Load: 0.0 in VM-120
 INFO 08-28 19:21:41,447 TaskEventRateCalculator:78 [pool-8-thread-1] - ---- Start of task processed event (# tasks: 0 in executor VM-120)----
----- End of taks processed event ----

 INFO 08-28 19:21:41,447 CpuBottleneckDetectorImpl:63 [pool-8-thread-1] - Current cpu load: 0.0, # processed events: 0, consecutive: 0/2, threshold: 0.9 in VM-120
 INFO 08-28 19:21:42,447 SystemLoadProfiler:50 [pool-8-thread-1] - Average CPU Load: 0.0 in VM-120
 INFO 08-28 19:21:42,447 TaskEventRateCalculator:78 [pool-8-thread-1] - ---- Start of task processed event (# tasks: 0 in executor VM-120)----
----- End of taks processed event ----

 INFO 08-28 19:21:42,447 CpuBottleneckDetectorImpl:63 [pool-8-thread-1] - Current cpu load: 0.0, # processed events: 0, consecutive: 0/2, threshold: 0.9 in VM-120
 INFO 08-28 19:21:43,447 SystemLoadProfiler:50 [pool-8-thread-1] - Average CPU Load: 0.0 in VM-120
 INFO 08-28 19:21:43,447 TaskEventRateCalculator:78 [pool-8-thread-1] - ---- Start of task processed event (# tasks: 0 in executor VM-120)----
----- End of taks processed event ----

 INFO 08-28 19:21:43,447 CpuBottleneckDetectorImpl:63 [pool-8-thread-1] - Current cpu load: 0.0, # processed events: 0, consecutive: 0/2, threshold: 0.9 in VM-120
 INFO 08-28 19:21:44,447 SystemLoadProfiler:50 [pool-8-thread-1] - Average CPU Load: 0.0 in VM-120
 INFO 08-28 19:21:44,447 TaskEventRateCalculator:78 [pool-8-thread-1] - ---- Start of task processed event (# tasks: 0 in executor VM-120)----
----- End of taks processed event ----

 INFO 08-28 19:21:44,447 CpuBottleneckDetectorImpl:63 [pool-8-thread-1] - Current cpu load: 0.0, # processed events: 0, consecutive: 0/2, threshold: 0.9 in VM-120
 INFO 08-28 19:21:45,447 SystemLoadProfiler:50 [pool-8-thread-1] - Average CPU Load: 0.0 in VM-120
 INFO 08-28 19:21:45,447 TaskEventRateCalculator:78 [pool-8-thread-1] - ---- Start of task processed event (# tasks: 0 in executor VM-120)----
----- End of taks processed event ----

 INFO 08-28 19:21:45,447 CpuBottleneckDetectorImpl:63 [pool-8-thread-1] - Current cpu load: 0.0, # processed events: 0, consecutive: 0/2, threshold: 0.9 in VM-120
 INFO 08-28 19:21:46,447 SystemLoadProfiler:50 [pool-8-thread-1] - Average CPU Load: 0.0 in VM-120
 INFO 08-28 19:21:46,447 TaskEventRateCalculator:78 [pool-8-thread-1] - ---- Start of task processed event (# tasks: 0 in executor VM-120)----
----- End of taks processed event ----

 INFO 08-28 19:21:46,447 CpuBottleneckDetectorImpl:63 [pool-8-thread-1] - Current cpu load: 0.0, # processed events: 0, consecutive: 0/2, threshold: 0.9 in VM-120
 INFO 08-28 19:21:47,447 SystemLoadProfiler:50 [pool-8-thread-1] - Average CPU Load: 0.0 in VM-120
 INFO 08-28 19:21:47,447 TaskEventRateCalculator:78 [pool-8-thread-1] - ---- Start of task processed event (# tasks: 0 in executor VM-120)----
----- End of taks processed event ----

 INFO 08-28 19:21:47,447 CpuBottleneckDetectorImpl:63 [pool-8-thread-1] - Current cpu load: 0.0, # processed events: 0, consecutive: 0/2, threshold: 0.9 in VM-120
 INFO 08-28 19:21:48,447 SystemLoadProfiler:50 [pool-8-thread-1] - Average CPU Load: 0.0 in VM-120
 INFO 08-28 19:21:48,447 TaskEventRateCalculator:78 [pool-8-thread-1] - ---- Start of task processed event (# tasks: 0 in executor VM-120)----
----- End of taks processed event ----

 INFO 08-28 19:21:48,447 CpuBottleneckDetectorImpl:63 [pool-8-thread-1] - Current cpu load: 0.0, # processed events: 0, consecutive: 0/2, threshold: 0.9 in VM-120
 INFO 08-28 19:21:49,447 SystemLoadProfiler:50 [pool-8-thread-1] - Average CPU Load: 0.0 in VM-120
 INFO 08-28 19:21:49,447 TaskEventRateCalculator:78 [pool-8-thread-1] - ---- Start of task processed event (# tasks: 0 in executor VM-120)----
----- End of taks processed event ----

 INFO 08-28 19:21:49,447 CpuBottleneckDetectorImpl:63 [pool-8-thread-1] - Current cpu load: 0.0, # processed events: 0, consecutive: 0/2, threshold: 0.9 in VM-120
 INFO 08-28 19:21:50,447 SystemLoadProfiler:50 [pool-8-thread-1] - Average CPU Load: 0.0 in VM-120
 INFO 08-28 19:21:50,447 TaskEventRateCalculator:78 [pool-8-thread-1] - ---- Start of task processed event (# tasks: 0 in executor VM-120)----
----- End of taks processed event ----

 INFO 08-28 19:21:50,447 CpuBottleneckDetectorImpl:63 [pool-8-thread-1] - Current cpu load: 0.0, # processed events: 0, consecutive: 0/2, threshold: 0.9 in VM-120
 INFO 08-28 19:21:51,447 SystemLoadProfiler:50 [pool-8-thread-1] - Average CPU Load: 0.0 in VM-120
 INFO 08-28 19:21:51,447 TaskEventRateCalculator:78 [pool-8-thread-1] - ---- Start of task processed event (# tasks: 0 in executor VM-120)----
----- End of taks processed event ----

 INFO 08-28 19:21:51,447 CpuBottleneckDetectorImpl:63 [pool-8-thread-1] - Current cpu load: 0.0, # processed events: 0, consecutive: 0/2, threshold: 0.9 in VM-120
 INFO 08-28 19:21:52,447 SystemLoadProfiler:50 [pool-8-thread-1] - Average CPU Load: 0.0 in VM-120
 INFO 08-28 19:21:52,447 TaskEventRateCalculator:78 [pool-8-thread-1] - ---- Start of task processed event (# tasks: 0 in executor VM-120)----
----- End of taks processed event ----

 INFO 08-28 19:21:52,447 CpuBottleneckDetectorImpl:63 [pool-8-thread-1] - Current cpu load: 0.0, # processed events: 0, consecutive: 0/2, threshold: 0.9 in VM-120
 INFO 08-28 19:21:53,447 SystemLoadProfiler:50 [pool-8-thread-1] - Average CPU Load: 0.0 in VM-120
 INFO 08-28 19:21:53,447 TaskEventRateCalculator:78 [pool-8-thread-1] - ---- Start of task processed event (# tasks: 0 in executor VM-120)----
----- End of taks processed event ----

 INFO 08-28 19:21:53,447 CpuBottleneckDetectorImpl:63 [pool-8-thread-1] - Current cpu load: 0.0, # processed events: 0, consecutive: 0/2, threshold: 0.9 in VM-120
 INFO 08-28 19:21:54,447 SystemLoadProfiler:50 [pool-8-thread-1] - Average CPU Load: 0.0 in VM-120
 INFO 08-28 19:21:54,447 TaskEventRateCalculator:78 [pool-8-thread-1] - ---- Start of task processed event (# tasks: 0 in executor VM-120)----
----- End of taks processed event ----

 INFO 08-28 19:21:54,447 CpuBottleneckDetectorImpl:63 [pool-8-thread-1] - Current cpu load: 0.0, # processed events: 0, consecutive: 0/2, threshold: 0.9 in VM-120
 INFO 08-28 19:21:55,447 SystemLoadProfiler:50 [pool-8-thread-1] - Average CPU Load: 0.0 in VM-120
 INFO 08-28 19:21:55,447 TaskEventRateCalculator:78 [pool-8-thread-1] - ---- Start of task processed event (# tasks: 0 in executor VM-120)----
----- End of taks processed event ----

 INFO 08-28 19:21:55,447 CpuBottleneckDetectorImpl:63 [pool-8-thread-1] - Current cpu load: 0.0, # processed events: 0, consecutive: 0/2, threshold: 0.9 in VM-120
 INFO 08-28 19:21:56,447 SystemLoadProfiler:50 [pool-8-thread-1] - Average CPU Load: 0.0 in VM-120
 INFO 08-28 19:21:56,447 TaskEventRateCalculator:78 [pool-8-thread-1] - ---- Start of task processed event (# tasks: 0 in executor VM-120)----
----- End of taks processed event ----

 INFO 08-28 19:21:56,447 CpuBottleneckDetectorImpl:63 [pool-8-thread-1] - Current cpu load: 0.0, # processed events: 0, consecutive: 0/2, threshold: 0.9 in VM-120
 INFO 08-28 19:21:57,447 SystemLoadProfiler:50 [pool-8-thread-1] - Average CPU Load: 0.0 in VM-120
 INFO 08-28 19:21:57,447 TaskEventRateCalculator:78 [pool-8-thread-1] - ---- Start of task processed event (# tasks: 0 in executor VM-120)----
----- End of taks processed event ----

 INFO 08-28 19:21:57,447 CpuBottleneckDetectorImpl:63 [pool-8-thread-1] - Current cpu load: 0.0, # processed events: 0, consecutive: 0/2, threshold: 0.9 in VM-120
 INFO 08-28 19:21:58,447 SystemLoadProfiler:50 [pool-8-thread-1] - Average CPU Load: 0.0 in VM-120
 INFO 08-28 19:21:58,447 TaskEventRateCalculator:78 [pool-8-thread-1] - ---- Start of task processed event (# tasks: 0 in executor VM-120)----
----- End of taks processed event ----

 INFO 08-28 19:21:58,447 CpuBottleneckDetectorImpl:63 [pool-8-thread-1] - Current cpu load: 0.0, # processed events: 0, consecutive: 0/2, threshold: 0.9 in VM-120
 INFO 08-28 19:21:59,447 SystemLoadProfiler:50 [pool-8-thread-1] - Average CPU Load: 0.0 in VM-120
 INFO 08-28 19:21:59,447 TaskEventRateCalculator:78 [pool-8-thread-1] - ---- Start of task processed event (# tasks: 0 in executor VM-120)----
----- End of taks processed event ----

 INFO 08-28 19:21:59,447 CpuBottleneckDetectorImpl:63 [pool-8-thread-1] - Current cpu load: 0.0, # processed events: 0, consecutive: 0/2, threshold: 0.9 in VM-120
 INFO 08-28 19:22:00,447 SystemLoadProfiler:50 [pool-8-thread-1] - Average CPU Load: 0.0 in VM-120
 INFO 08-28 19:22:00,447 TaskEventRateCalculator:78 [pool-8-thread-1] - ---- Start of task processed event (# tasks: 0 in executor VM-120)----
----- End of taks processed event ----

 INFO 08-28 19:22:00,447 CpuBottleneckDetectorImpl:63 [pool-8-thread-1] - Current cpu load: 0.0, # processed events: 0, consecutive: 0/2, threshold: 0.9 in VM-120
 INFO 08-28 19:22:01,447 SystemLoadProfiler:50 [pool-8-thread-1] - Average CPU Load: 0.0 in VM-120
 INFO 08-28 19:22:01,447 TaskEventRateCalculator:78 [pool-8-thread-1] - ---- Start of task processed event (# tasks: 0 in executor VM-120)----
----- End of taks processed event ----

 INFO 08-28 19:22:01,447 CpuBottleneckDetectorImpl:63 [pool-8-thread-1] - Current cpu load: 0.0, # processed events: 0, consecutive: 0/2, threshold: 0.9 in VM-120
 INFO 08-28 19:22:02,447 SystemLoadProfiler:50 [pool-8-thread-1] - Average CPU Load: 0.0 in VM-120
 INFO 08-28 19:22:02,447 TaskEventRateCalculator:78 [pool-8-thread-1] - ---- Start of task processed event (# tasks: 0 in executor VM-120)----
----- End of taks processed event ----

 INFO 08-28 19:22:02,447 CpuBottleneckDetectorImpl:63 [pool-8-thread-1] - Current cpu load: 0.0, # processed events: 0, consecutive: 0/2, threshold: 0.9 in VM-120
 INFO 08-28 19:22:03,447 SystemLoadProfiler:50 [pool-8-thread-1] - Average CPU Load: 0.0 in VM-120
 INFO 08-28 19:22:03,447 TaskEventRateCalculator:78 [pool-8-thread-1] - ---- Start of task processed event (# tasks: 0 in executor VM-120)----
----- End of taks processed event ----

 INFO 08-28 19:22:03,447 CpuBottleneckDetectorImpl:63 [pool-8-thread-1] - Current cpu load: 0.0, # processed events: 0, consecutive: 0/2, threshold: 0.9 in VM-120
 INFO 08-28 19:22:04,447 SystemLoadProfiler:50 [pool-8-thread-1] - Average CPU Load: 0.0 in VM-120
 INFO 08-28 19:22:04,447 TaskEventRateCalculator:78 [pool-8-thread-1] - ---- Start of task processed event (# tasks: 0 in executor VM-120)----
----- End of taks processed event ----

 INFO 08-28 19:22:04,447 CpuBottleneckDetectorImpl:63 [pool-8-thread-1] - Current cpu load: 0.0, # processed events: 0, consecutive: 0/2, threshold: 0.9 in VM-120
 INFO 08-28 19:22:05,447 SystemLoadProfiler:50 [pool-8-thread-1] - Average CPU Load: 0.0 in VM-120
 INFO 08-28 19:22:05,447 TaskEventRateCalculator:78 [pool-8-thread-1] - ---- Start of task processed event (# tasks: 0 in executor VM-120)----
----- End of taks processed event ----

 INFO 08-28 19:22:05,447 CpuBottleneckDetectorImpl:63 [pool-8-thread-1] - Current cpu load: 0.0, # processed events: 0, consecutive: 0/2, threshold: 0.9 in VM-120
 INFO 08-28 19:22:06,447 SystemLoadProfiler:50 [pool-8-thread-1] - Average CPU Load: 0.0 in VM-120
 INFO 08-28 19:22:06,447 TaskEventRateCalculator:78 [pool-8-thread-1] - ---- Start of task processed event (# tasks: 0 in executor VM-120)----
----- End of taks processed event ----

 INFO 08-28 19:22:06,447 CpuBottleneckDetectorImpl:63 [pool-8-thread-1] - Current cpu load: 0.0, # processed events: 0, consecutive: 0/2, threshold: 0.9 in VM-120
 INFO 08-28 19:22:07,447 SystemLoadProfiler:50 [pool-8-thread-1] - Average CPU Load: 0.0 in VM-120
 INFO 08-28 19:22:07,447 TaskEventRateCalculator:78 [pool-8-thread-1] - ---- Start of task processed event (# tasks: 0 in executor VM-120)----
----- End of taks processed event ----

 INFO 08-28 19:22:07,447 CpuBottleneckDetectorImpl:63 [pool-8-thread-1] - Current cpu load: 0.0, # processed events: 0, consecutive: 0/2, threshold: 0.9 in VM-120
 INFO 08-28 19:22:08,447 SystemLoadProfiler:50 [pool-8-thread-1] - Average CPU Load: 0.0 in VM-120
 INFO 08-28 19:22:08,447 TaskEventRateCalculator:78 [pool-8-thread-1] - ---- Start of task processed event (# tasks: 0 in executor VM-120)----
----- End of taks processed event ----

 INFO 08-28 19:22:08,447 CpuBottleneckDetectorImpl:63 [pool-8-thread-1] - Current cpu load: 0.0, # processed events: 0, consecutive: 0/2, threshold: 0.9 in VM-120
 INFO 08-28 19:22:09,447 SystemLoadProfiler:50 [pool-8-thread-1] - Average CPU Load: 0.0 in VM-120
 INFO 08-28 19:22:09,447 TaskEventRateCalculator:78 [pool-8-thread-1] - ---- Start of task processed event (# tasks: 0 in executor VM-120)----
----- End of taks processed event ----

 INFO 08-28 19:22:09,447 CpuBottleneckDetectorImpl:63 [pool-8-thread-1] - Current cpu load: 0.0, # processed events: 0, consecutive: 0/2, threshold: 0.9 in VM-120
 INFO 08-28 19:22:10,447 SystemLoadProfiler:50 [pool-8-thread-1] - Average CPU Load: 0.0 in VM-120
 INFO 08-28 19:22:10,447 TaskEventRateCalculator:78 [pool-8-thread-1] - ---- Start of task processed event (# tasks: 0 in executor VM-120)----
----- End of taks processed event ----

 INFO 08-28 19:22:10,447 CpuBottleneckDetectorImpl:63 [pool-8-thread-1] - Current cpu load: 0.0, # processed events: 0, consecutive: 0/2, threshold: 0.9 in VM-120
 INFO 08-28 19:22:11,447 SystemLoadProfiler:50 [pool-8-thread-1] - Average CPU Load: 0.0 in VM-120
 INFO 08-28 19:22:11,447 TaskEventRateCalculator:78 [pool-8-thread-1] - ---- Start of task processed event (# tasks: 0 in executor VM-120)----
----- End of taks processed event ----

 INFO 08-28 19:22:11,447 CpuBottleneckDetectorImpl:63 [pool-8-thread-1] - Current cpu load: 0.0, # processed events: 0, consecutive: 0/2, threshold: 0.9 in VM-120
 INFO 08-28 19:22:12,447 SystemLoadProfiler:50 [pool-8-thread-1] - Average CPU Load: 0.0 in VM-120
 INFO 08-28 19:22:12,447 TaskEventRateCalculator:78 [pool-8-thread-1] - ---- Start of task processed event (# tasks: 0 in executor VM-120)----
----- End of taks processed event ----

 INFO 08-28 19:22:12,447 CpuBottleneckDetectorImpl:63 [pool-8-thread-1] - Current cpu load: 0.0, # processed events: 0, consecutive: 0/2, threshold: 0.9 in VM-120
 INFO 08-28 19:22:13,447 SystemLoadProfiler:50 [pool-8-thread-1] - Average CPU Load: 0.0 in VM-120
 INFO 08-28 19:22:13,447 TaskEventRateCalculator:78 [pool-8-thread-1] - ---- Start of task processed event (# tasks: 0 in executor VM-120)----
----- End of taks processed event ----

 INFO 08-28 19:22:13,447 CpuBottleneckDetectorImpl:63 [pool-8-thread-1] - Current cpu load: 0.0, # processed events: 0, consecutive: 0/2, threshold: 0.9 in VM-120
 INFO 08-28 19:22:14,447 SystemLoadProfiler:50 [pool-8-thread-1] - Average CPU Load: 0.0 in VM-120
 INFO 08-28 19:22:14,447 TaskEventRateCalculator:78 [pool-8-thread-1] - ---- Start of task processed event (# tasks: 0 in executor VM-120)----
----- End of taks processed event ----

 INFO 08-28 19:22:14,447 CpuBottleneckDetectorImpl:63 [pool-8-thread-1] - Current cpu load: 0.0, # processed events: 0, consecutive: 0/2, threshold: 0.9 in VM-120
 INFO 08-28 19:22:15,447 SystemLoadProfiler:50 [pool-8-thread-1] - Average CPU Load: 0.0 in VM-120
 INFO 08-28 19:22:15,447 TaskEventRateCalculator:78 [pool-8-thread-1] - ---- Start of task processed event (# tasks: 0 in executor VM-120)----
----- End of taks processed event ----

 INFO 08-28 19:22:15,447 CpuBottleneckDetectorImpl:63 [pool-8-thread-1] - Current cpu load: 0.0, # processed events: 0, consecutive: 0/2, threshold: 0.9 in VM-120
 INFO 08-28 19:22:16,447 SystemLoadProfiler:50 [pool-8-thread-1] - Average CPU Load: 0.0 in VM-120
 INFO 08-28 19:22:16,447 TaskEventRateCalculator:78 [pool-8-thread-1] - ---- Start of task processed event (# tasks: 0 in executor VM-120)----
----- End of taks processed event ----

 INFO 08-28 19:22:16,447 CpuBottleneckDetectorImpl:63 [pool-8-thread-1] - Current cpu load: 0.0, # processed events: 0, consecutive: 0/2, threshold: 0.9 in VM-120
 INFO 08-28 19:22:17,447 SystemLoadProfiler:50 [pool-8-thread-1] - Average CPU Load: 0.0 in VM-120
 INFO 08-28 19:22:17,447 TaskEventRateCalculator:78 [pool-8-thread-1] - ---- Start of task processed event (# tasks: 0 in executor VM-120)----
----- End of taks processed event ----

 INFO 08-28 19:22:17,447 CpuBottleneckDetectorImpl:63 [pool-8-thread-1] - Current cpu load: 0.0, # processed events: 0, consecutive: 0/2, threshold: 0.9 in VM-120
 INFO 08-28 19:22:18,447 SystemLoadProfiler:50 [pool-8-thread-1] - Average CPU Load: 0.0 in VM-120
 INFO 08-28 19:22:18,447 TaskEventRateCalculator:78 [pool-8-thread-1] - ---- Start of task processed event (# tasks: 0 in executor VM-120)----
----- End of taks processed event ----

 INFO 08-28 19:22:18,447 CpuBottleneckDetectorImpl:63 [pool-8-thread-1] - Current cpu load: 0.0, # processed events: 0, consecutive: 0/2, threshold: 0.9 in VM-120
 INFO 08-28 19:22:19,447 SystemLoadProfiler:50 [pool-8-thread-1] - Average CPU Load: 0.0 in VM-120
 INFO 08-28 19:22:19,447 TaskEventRateCalculator:78 [pool-8-thread-1] - ---- Start of task processed event (# tasks: 0 in executor VM-120)----
----- End of taks processed event ----

 INFO 08-28 19:22:19,447 CpuBottleneckDetectorImpl:63 [pool-8-thread-1] - Current cpu load: 0.0, # processed events: 0, consecutive: 0/2, threshold: 0.9 in VM-120
 INFO 08-28 19:22:20,447 SystemLoadProfiler:50 [pool-8-thread-1] - Average CPU Load: 0.0 in VM-120
 INFO 08-28 19:22:20,447 TaskEventRateCalculator:78 [pool-8-thread-1] - ---- Start of task processed event (# tasks: 0 in executor VM-120)----
----- End of taks processed event ----

 INFO 08-28 19:22:20,447 CpuBottleneckDetectorImpl:63 [pool-8-thread-1] - Current cpu load: 0.0, # processed events: 0, consecutive: 0/2, threshold: 0.9 in VM-120
 INFO 08-28 19:22:21,447 SystemLoadProfiler:50 [pool-8-thread-1] - Average CPU Load: 0.0 in VM-120
 INFO 08-28 19:22:21,447 TaskEventRateCalculator:78 [pool-8-thread-1] - ---- Start of task processed event (# tasks: 0 in executor VM-120)----
----- End of taks processed event ----

 INFO 08-28 19:22:21,447 CpuBottleneckDetectorImpl:63 [pool-8-thread-1] - Current cpu load: 0.0, # processed events: 0, consecutive: 0/2, threshold: 0.9 in VM-120
 INFO 08-28 19:22:22,447 SystemLoadProfiler:50 [pool-8-thread-1] - Average CPU Load: 0.0 in VM-120
 INFO 08-28 19:22:22,447 TaskEventRateCalculator:78 [pool-8-thread-1] - ---- Start of task processed event (# tasks: 0 in executor VM-120)----
----- End of taks processed event ----

 INFO 08-28 19:22:22,447 CpuBottleneckDetectorImpl:63 [pool-8-thread-1] - Current cpu load: 0.0, # processed events: 0, consecutive: 0/2, threshold: 0.9 in VM-120
 INFO 08-28 19:22:23,447 SystemLoadProfiler:50 [pool-8-thread-1] - Average CPU Load: 0.0 in VM-120
 INFO 08-28 19:22:23,447 TaskEventRateCalculator:78 [pool-8-thread-1] - ---- Start of task processed event (# tasks: 0 in executor VM-120)----
----- End of taks processed event ----

 INFO 08-28 19:22:23,447 CpuBottleneckDetectorImpl:63 [pool-8-thread-1] - Current cpu load: 0.0, # processed events: 0, consecutive: 0/2, threshold: 0.9 in VM-120
 INFO 08-28 19:22:24,447 SystemLoadProfiler:50 [pool-8-thread-1] - Average CPU Load: 0.0 in VM-120
 INFO 08-28 19:22:24,447 TaskEventRateCalculator:78 [pool-8-thread-1] - ---- Start of task processed event (# tasks: 0 in executor VM-120)----
----- End of taks processed event ----

 INFO 08-28 19:22:24,447 CpuBottleneckDetectorImpl:63 [pool-8-thread-1] - Current cpu load: 0.0, # processed events: 0, consecutive: 0/2, threshold: 0.9 in VM-120
 INFO 08-28 19:22:25,447 SystemLoadProfiler:50 [pool-8-thread-1] - Average CPU Load: 0.0 in VM-120
 INFO 08-28 19:22:25,447 TaskEventRateCalculator:78 [pool-8-thread-1] - ---- Start of task processed event (# tasks: 0 in executor VM-120)----
----- End of taks processed event ----

 INFO 08-28 19:22:25,447 CpuBottleneckDetectorImpl:63 [pool-8-thread-1] - Current cpu load: 0.0, # processed events: 0, consecutive: 0/2, threshold: 0.9 in VM-120
 INFO 08-28 19:22:26,447 SystemLoadProfiler:50 [pool-8-thread-1] - Average CPU Load: 0.0 in VM-120
 INFO 08-28 19:22:26,447 TaskEventRateCalculator:78 [pool-8-thread-1] - ---- Start of task processed event (# tasks: 0 in executor VM-120)----
----- End of taks processed event ----

 INFO 08-28 19:22:26,447 CpuBottleneckDetectorImpl:63 [pool-8-thread-1] - Current cpu load: 0.0, # processed events: 0, consecutive: 0/2, threshold: 0.9 in VM-120
 INFO 08-28 19:22:27,447 SystemLoadProfiler:50 [pool-8-thread-1] - Average CPU Load: 0.0 in VM-120
 INFO 08-28 19:22:27,447 TaskEventRateCalculator:78 [pool-8-thread-1] - ---- Start of task processed event (# tasks: 0 in executor VM-120)----
----- End of taks processed event ----

 INFO 08-28 19:22:27,447 CpuBottleneckDetectorImpl:63 [pool-8-thread-1] - Current cpu load: 0.0, # processed events: 0, consecutive: 0/2, threshold: 0.9 in VM-120
 INFO 08-28 19:22:28,447 SystemLoadProfiler:50 [pool-8-thread-1] - Average CPU Load: 0.0 in VM-120
 INFO 08-28 19:22:28,447 TaskEventRateCalculator:78 [pool-8-thread-1] - ---- Start of task processed event (# tasks: 0 in executor VM-120)----
----- End of taks processed event ----

 INFO 08-28 19:22:28,447 CpuBottleneckDetectorImpl:63 [pool-8-thread-1] - Current cpu load: 0.0, # processed events: 0, consecutive: 0/2, threshold: 0.9 in VM-120
 INFO 08-28 19:22:29,447 SystemLoadProfiler:50 [pool-8-thread-1] - Average CPU Load: 0.0 in VM-120
 INFO 08-28 19:22:29,447 TaskEventRateCalculator:78 [pool-8-thread-1] - ---- Start of task processed event (# tasks: 0 in executor VM-120)----
----- End of taks processed event ----

 INFO 08-28 19:22:29,447 CpuBottleneckDetectorImpl:63 [pool-8-thread-1] - Current cpu load: 0.0, # processed events: 0, consecutive: 0/2, threshold: 0.9 in VM-120
 INFO 08-28 19:22:30,447 SystemLoadProfiler:50 [pool-8-thread-1] - Average CPU Load: 0.0 in VM-120
 INFO 08-28 19:22:30,447 TaskEventRateCalculator:78 [pool-8-thread-1] - ---- Start of task processed event (# tasks: 0 in executor VM-120)----
----- End of taks processed event ----

 INFO 08-28 19:22:30,447 CpuBottleneckDetectorImpl:63 [pool-8-thread-1] - Current cpu load: 0.0, # processed events: 0, consecutive: 0/2, threshold: 0.9 in VM-120
 INFO 08-28 19:22:31,447 SystemLoadProfiler:50 [pool-8-thread-1] - Average CPU Load: 0.0 in VM-120
 INFO 08-28 19:22:31,447 TaskEventRateCalculator:78 [pool-8-thread-1] - ---- Start of task processed event (# tasks: 0 in executor VM-120)----
----- End of taks processed event ----

 INFO 08-28 19:22:31,447 CpuBottleneckDetectorImpl:63 [pool-8-thread-1] - Current cpu load: 0.0, # processed events: 0, consecutive: 0/2, threshold: 0.9 in VM-120
 INFO 08-28 19:22:32,447 SystemLoadProfiler:50 [pool-8-thread-1] - Average CPU Load: 0.0 in VM-120
 INFO 08-28 19:22:32,447 TaskEventRateCalculator:78 [pool-8-thread-1] - ---- Start of task processed event (# tasks: 0 in executor VM-120)----
----- End of taks processed event ----

 INFO 08-28 19:22:32,447 CpuBottleneckDetectorImpl:63 [pool-8-thread-1] - Current cpu load: 0.0, # processed events: 0, consecutive: 0/2, threshold: 0.9 in VM-120
 INFO 08-28 19:22:33,447 SystemLoadProfiler:50 [pool-8-thread-1] - Average CPU Load: 0.0 in VM-120
 INFO 08-28 19:22:33,447 TaskEventRateCalculator:78 [pool-8-thread-1] - ---- Start of task processed event (# tasks: 0 in executor VM-120)----
----- End of taks processed event ----

 INFO 08-28 19:22:33,447 CpuBottleneckDetectorImpl:63 [pool-8-thread-1] - Current cpu load: 0.0, # processed events: 0, consecutive: 0/2, threshold: 0.9 in VM-120
 INFO 08-28 19:22:34,447 SystemLoadProfiler:50 [pool-8-thread-1] - Average CPU Load: 0.0 in VM-120
 INFO 08-28 19:22:34,447 TaskEventRateCalculator:78 [pool-8-thread-1] - ---- Start of task processed event (# tasks: 0 in executor VM-120)----
----- End of taks processed event ----

 INFO 08-28 19:22:34,447 CpuBottleneckDetectorImpl:63 [pool-8-thread-1] - Current cpu load: 0.0, # processed events: 0, consecutive: 0/2, threshold: 0.9 in VM-120
 INFO 08-28 19:22:35,447 SystemLoadProfiler:50 [pool-8-thread-1] - Average CPU Load: 0.0 in VM-120
 INFO 08-28 19:22:35,447 TaskEventRateCalculator:78 [pool-8-thread-1] - ---- Start of task processed event (# tasks: 0 in executor VM-120)----
----- End of taks processed event ----

 INFO 08-28 19:22:35,447 CpuBottleneckDetectorImpl:63 [pool-8-thread-1] - Current cpu load: 0.0, # processed events: 0, consecutive: 0/2, threshold: 0.9 in VM-120
 INFO 08-28 19:22:36,447 SystemLoadProfiler:50 [pool-8-thread-1] - Average CPU Load: 0.0 in VM-120
 INFO 08-28 19:22:36,447 TaskEventRateCalculator:78 [pool-8-thread-1] - ---- Start of task processed event (# tasks: 0 in executor VM-120)----
----- End of taks processed event ----

 INFO 08-28 19:22:36,447 CpuBottleneckDetectorImpl:63 [pool-8-thread-1] - Current cpu load: 0.0, # processed events: 0, consecutive: 0/2, threshold: 0.9 in VM-120
 INFO 08-28 19:22:37,447 SystemLoadProfiler:50 [pool-8-thread-1] - Average CPU Load: 0.0 in VM-120
 INFO 08-28 19:22:37,447 TaskEventRateCalculator:78 [pool-8-thread-1] - ---- Start of task processed event (# tasks: 0 in executor VM-120)----
----- End of taks processed event ----

 INFO 08-28 19:22:37,447 CpuBottleneckDetectorImpl:63 [pool-8-thread-1] - Current cpu load: 0.0, # processed events: 0, consecutive: 0/2, threshold: 0.9 in VM-120
 INFO 08-28 19:22:38,447 SystemLoadProfiler:50 [pool-8-thread-1] - Average CPU Load: 0.0 in VM-120
 INFO 08-28 19:22:38,447 TaskEventRateCalculator:78 [pool-8-thread-1] - ---- Start of task processed event (# tasks: 0 in executor VM-120)----
----- End of taks processed event ----

 INFO 08-28 19:22:38,447 CpuBottleneckDetectorImpl:63 [pool-8-thread-1] - Current cpu load: 0.0, # processed events: 0, consecutive: 0/2, threshold: 0.9 in VM-120
 INFO 08-28 19:22:39,447 SystemLoadProfiler:50 [pool-8-thread-1] - Average CPU Load: 0.0 in VM-120
 INFO 08-28 19:22:39,447 TaskEventRateCalculator:78 [pool-8-thread-1] - ---- Start of task processed event (# tasks: 0 in executor VM-120)----
----- End of taks processed event ----

 INFO 08-28 19:22:39,447 CpuBottleneckDetectorImpl:63 [pool-8-thread-1] - Current cpu load: 0.0, # processed events: 0, consecutive: 0/2, threshold: 0.9 in VM-120
 INFO 08-28 19:22:40,447 SystemLoadProfiler:50 [pool-8-thread-1] - Average CPU Load: 0.0 in VM-120
 INFO 08-28 19:22:40,447 TaskEventRateCalculator:78 [pool-8-thread-1] - ---- Start of task processed event (# tasks: 0 in executor VM-120)----
----- End of taks processed event ----

 INFO 08-28 19:22:40,447 CpuBottleneckDetectorImpl:63 [pool-8-thread-1] - Current cpu load: 0.0, # processed events: 0, consecutive: 0/2, threshold: 0.9 in VM-120
 INFO 08-28 19:22:41,447 SystemLoadProfiler:50 [pool-8-thread-1] - Average CPU Load: 0.0 in VM-120
 INFO 08-28 19:22:41,447 TaskEventRateCalculator:78 [pool-8-thread-1] - ---- Start of task processed event (# tasks: 0 in executor VM-120)----
----- End of taks processed event ----

 INFO 08-28 19:22:41,447 CpuBottleneckDetectorImpl:63 [pool-8-thread-1] - Current cpu load: 0.0, # processed events: 0, consecutive: 0/2, threshold: 0.9 in VM-120
 INFO 08-28 19:22:42,447 SystemLoadProfiler:50 [pool-8-thread-1] - Average CPU Load: 0.0 in VM-120
 INFO 08-28 19:22:42,447 TaskEventRateCalculator:78 [pool-8-thread-1] - ---- Start of task processed event (# tasks: 0 in executor VM-120)----
----- End of taks processed event ----

 INFO 08-28 19:22:42,447 CpuBottleneckDetectorImpl:63 [pool-8-thread-1] - Current cpu load: 0.0, # processed events: 0, consecutive: 0/2, threshold: 0.9 in VM-120
 INFO 08-28 19:22:43,447 SystemLoadProfiler:50 [pool-8-thread-1] - Average CPU Load: 0.0 in VM-120
 INFO 08-28 19:22:43,447 TaskEventRateCalculator:78 [pool-8-thread-1] - ---- Start of task processed event (# tasks: 0 in executor VM-120)----
----- End of taks processed event ----

 INFO 08-28 19:22:43,447 CpuBottleneckDetectorImpl:63 [pool-8-thread-1] - Current cpu load: 0.0, # processed events: 0, consecutive: 0/2, threshold: 0.9 in VM-120
 INFO 08-28 19:22:44,447 SystemLoadProfiler:50 [pool-8-thread-1] - Average CPU Load: 0.0 in VM-120
 INFO 08-28 19:22:44,447 TaskEventRateCalculator:78 [pool-8-thread-1] - ---- Start of task processed event (# tasks: 0 in executor VM-120)----
----- End of taks processed event ----

 INFO 08-28 19:22:44,447 CpuBottleneckDetectorImpl:63 [pool-8-thread-1] - Current cpu load: 0.0, # processed events: 0, consecutive: 0/2, threshold: 0.9 in VM-120
 INFO 08-28 19:22:45,447 SystemLoadProfiler:50 [pool-8-thread-1] - Average CPU Load: 0.0 in VM-120
 INFO 08-28 19:22:45,447 TaskEventRateCalculator:78 [pool-8-thread-1] - ---- Start of task processed event (# tasks: 0 in executor VM-120)----
----- End of taks processed event ----

 INFO 08-28 19:22:45,447 CpuBottleneckDetectorImpl:63 [pool-8-thread-1] - Current cpu load: 0.0, # processed events: 0, consecutive: 0/2, threshold: 0.9 in VM-120
 INFO 08-28 19:22:46,447 SystemLoadProfiler:50 [pool-8-thread-1] - Average CPU Load: 0.0 in VM-120
 INFO 08-28 19:22:46,447 TaskEventRateCalculator:78 [pool-8-thread-1] - ---- Start of task processed event (# tasks: 0 in executor VM-120)----
----- End of taks processed event ----

 INFO 08-28 19:22:46,447 CpuBottleneckDetectorImpl:63 [pool-8-thread-1] - Current cpu load: 0.0, # processed events: 0, consecutive: 0/2, threshold: 0.9 in VM-120
 INFO 08-28 19:22:47,447 SystemLoadProfiler:50 [pool-8-thread-1] - Average CPU Load: 0.0 in VM-120
 INFO 08-28 19:22:47,447 TaskEventRateCalculator:78 [pool-8-thread-1] - ---- Start of task processed event (# tasks: 0 in executor VM-120)----
----- End of taks processed event ----

 INFO 08-28 19:22:47,447 CpuBottleneckDetectorImpl:63 [pool-8-thread-1] - Current cpu load: 0.0, # processed events: 0, consecutive: 0/2, threshold: 0.9 in VM-120
 INFO 08-28 19:22:48,447 SystemLoadProfiler:50 [pool-8-thread-1] - Average CPU Load: 0.0 in VM-120
 INFO 08-28 19:22:48,447 TaskEventRateCalculator:78 [pool-8-thread-1] - ---- Start of task processed event (# tasks: 0 in executor VM-120)----
----- End of taks processed event ----

 INFO 08-28 19:22:48,447 CpuBottleneckDetectorImpl:63 [pool-8-thread-1] - Current cpu load: 0.0, # processed events: 0, consecutive: 0/2, threshold: 0.9 in VM-120
 INFO 08-28 19:22:49,447 SystemLoadProfiler:50 [pool-8-thread-1] - Average CPU Load: 0.0 in VM-120
 INFO 08-28 19:22:49,447 TaskEventRateCalculator:78 [pool-8-thread-1] - ---- Start of task processed event (# tasks: 0 in executor VM-120)----
----- End of taks processed event ----

 INFO 08-28 19:22:49,447 CpuBottleneckDetectorImpl:63 [pool-8-thread-1] - Current cpu load: 0.0, # processed events: 0, consecutive: 0/2, threshold: 0.9 in VM-120
 INFO 08-28 19:22:50,447 SystemLoadProfiler:50 [pool-8-thread-1] - Average CPU Load: 0.0 in VM-120
 INFO 08-28 19:22:50,447 TaskEventRateCalculator:78 [pool-8-thread-1] - ---- Start of task processed event (# tasks: 0 in executor VM-120)----
----- End of taks processed event ----

 INFO 08-28 19:22:50,447 CpuBottleneckDetectorImpl:63 [pool-8-thread-1] - Current cpu load: 0.0, # processed events: 0, consecutive: 0/2, threshold: 0.9 in VM-120
 INFO 08-28 19:22:51,447 SystemLoadProfiler:50 [pool-8-thread-1] - Average CPU Load: 0.0 in VM-120
 INFO 08-28 19:22:51,447 TaskEventRateCalculator:78 [pool-8-thread-1] - ---- Start of task processed event (# tasks: 0 in executor VM-120)----
----- End of taks processed event ----

 INFO 08-28 19:22:51,447 CpuBottleneckDetectorImpl:63 [pool-8-thread-1] - Current cpu load: 0.0, # processed events: 0, consecutive: 0/2, threshold: 0.9 in VM-120
 INFO 08-28 19:22:52,447 SystemLoadProfiler:50 [pool-8-thread-1] - Average CPU Load: 0.0 in VM-120
 INFO 08-28 19:22:52,447 TaskEventRateCalculator:78 [pool-8-thread-1] - ---- Start of task processed event (# tasks: 0 in executor VM-120)----
----- End of taks processed event ----

 INFO 08-28 19:22:52,447 CpuBottleneckDetectorImpl:63 [pool-8-thread-1] - Current cpu load: 0.0, # processed events: 0, consecutive: 0/2, threshold: 0.9 in VM-120
 INFO 08-28 19:22:53,447 SystemLoadProfiler:50 [pool-8-thread-1] - Average CPU Load: 0.0 in VM-120
 INFO 08-28 19:22:53,447 TaskEventRateCalculator:78 [pool-8-thread-1] - ---- Start of task processed event (# tasks: 0 in executor VM-120)----
----- End of taks processed event ----

 INFO 08-28 19:22:53,447 CpuBottleneckDetectorImpl:63 [pool-8-thread-1] - Current cpu load: 0.0, # processed events: 0, consecutive: 0/2, threshold: 0.9 in VM-120
 INFO 08-28 19:22:54,447 SystemLoadProfiler:50 [pool-8-thread-1] - Average CPU Load: 0.0 in VM-120
 INFO 08-28 19:22:54,447 TaskEventRateCalculator:78 [pool-8-thread-1] - ---- Start of task processed event (# tasks: 0 in executor VM-120)----
----- End of taks processed event ----

 INFO 08-28 19:22:54,447 CpuBottleneckDetectorImpl:63 [pool-8-thread-1] - Current cpu load: 0.0, # processed events: 0, consecutive: 0/2, threshold: 0.9 in VM-120
 INFO 08-28 19:22:55,447 SystemLoadProfiler:50 [pool-8-thread-1] - Average CPU Load: 0.0 in VM-120
 INFO 08-28 19:22:55,447 TaskEventRateCalculator:78 [pool-8-thread-1] - ---- Start of task processed event (# tasks: 0 in executor VM-120)----
----- End of taks processed event ----

 INFO 08-28 19:22:55,447 CpuBottleneckDetectorImpl:63 [pool-8-thread-1] - Current cpu load: 0.0, # processed events: 0, consecutive: 0/2, threshold: 0.9 in VM-120
 INFO 08-28 19:22:56,447 SystemLoadProfiler:50 [pool-8-thread-1] - Average CPU Load: 0.0 in VM-120
 INFO 08-28 19:22:56,447 TaskEventRateCalculator:78 [pool-8-thread-1] - ---- Start of task processed event (# tasks: 0 in executor VM-120)----
----- End of taks processed event ----

 INFO 08-28 19:22:56,447 CpuBottleneckDetectorImpl:63 [pool-8-thread-1] - Current cpu load: 0.0, # processed events: 0, consecutive: 0/2, threshold: 0.9 in VM-120
 INFO 08-28 19:22:57,447 SystemLoadProfiler:50 [pool-8-thread-1] - Average CPU Load: 0.0 in VM-120
 INFO 08-28 19:22:57,447 TaskEventRateCalculator:78 [pool-8-thread-1] - ---- Start of task processed event (# tasks: 0 in executor VM-120)----
----- End of taks processed event ----

 INFO 08-28 19:22:57,447 CpuBottleneckDetectorImpl:63 [pool-8-thread-1] - Current cpu load: 0.0, # processed events: 0, consecutive: 0/2, threshold: 0.9 in VM-120
 INFO 08-28 19:22:58,447 SystemLoadProfiler:50 [pool-8-thread-1] - Average CPU Load: 0.0 in VM-120
 INFO 08-28 19:22:58,447 TaskEventRateCalculator:78 [pool-8-thread-1] - ---- Start of task processed event (# tasks: 0 in executor VM-120)----
----- End of taks processed event ----

 INFO 08-28 19:22:58,447 CpuBottleneckDetectorImpl:63 [pool-8-thread-1] - Current cpu load: 0.0, # processed events: 0, consecutive: 0/2, threshold: 0.9 in VM-120
 INFO 08-28 19:22:59,447 SystemLoadProfiler:50 [pool-8-thread-1] - Average CPU Load: 0.0 in VM-120
 INFO 08-28 19:22:59,447 TaskEventRateCalculator:78 [pool-8-thread-1] - ---- Start of task processed event (# tasks: 0 in executor VM-120)----
----- End of taks processed event ----

 INFO 08-28 19:22:59,447 CpuBottleneckDetectorImpl:63 [pool-8-thread-1] - Current cpu load: 0.0, # processed events: 0, consecutive: 0/2, threshold: 0.9 in VM-120
 INFO 08-28 19:23:00,447 SystemLoadProfiler:50 [pool-8-thread-1] - Average CPU Load: 0.0 in VM-120
 INFO 08-28 19:23:00,447 TaskEventRateCalculator:78 [pool-8-thread-1] - ---- Start of task processed event (# tasks: 0 in executor VM-120)----
----- End of taks processed event ----

 INFO 08-28 19:23:00,447 CpuBottleneckDetectorImpl:63 [pool-8-thread-1] - Current cpu load: 0.0, # processed events: 0, consecutive: 0/2, threshold: 0.9 in VM-120
 INFO 08-28 19:23:01,447 SystemLoadProfiler:50 [pool-8-thread-1] - Average CPU Load: 0.0 in VM-120
 INFO 08-28 19:23:01,447 TaskEventRateCalculator:78 [pool-8-thread-1] - ---- Start of task processed event (# tasks: 0 in executor VM-120)----
----- End of taks processed event ----

 INFO 08-28 19:23:01,447 CpuBottleneckDetectorImpl:63 [pool-8-thread-1] - Current cpu load: 0.0, # processed events: 0, consecutive: 0/2, threshold: 0.9 in VM-120
 INFO 08-28 19:23:02,447 SystemLoadProfiler:50 [pool-8-thread-1] - Average CPU Load: 0.0 in VM-120
 INFO 08-28 19:23:02,447 TaskEventRateCalculator:78 [pool-8-thread-1] - ---- Start of task processed event (# tasks: 0 in executor VM-120)----
----- End of taks processed event ----

 INFO 08-28 19:23:02,447 CpuBottleneckDetectorImpl:63 [pool-8-thread-1] - Current cpu load: 0.0, # processed events: 0, consecutive: 0/2, threshold: 0.9 in VM-120
 INFO 08-28 19:23:03,447 SystemLoadProfiler:50 [pool-8-thread-1] - Average CPU Load: 0.0 in VM-120
 INFO 08-28 19:23:03,447 TaskEventRateCalculator:78 [pool-8-thread-1] - ---- Start of task processed event (# tasks: 0 in executor VM-120)----
----- End of taks processed event ----

 INFO 08-28 19:23:03,447 CpuBottleneckDetectorImpl:63 [pool-8-thread-1] - Current cpu load: 0.0, # processed events: 0, consecutive: 0/2, threshold: 0.9 in VM-120
 INFO 08-28 19:23:04,447 SystemLoadProfiler:50 [pool-8-thread-1] - Average CPU Load: 0.0 in VM-120
 INFO 08-28 19:23:04,447 TaskEventRateCalculator:78 [pool-8-thread-1] - ---- Start of task processed event (# tasks: 0 in executor VM-120)----
----- End of taks processed event ----

 INFO 08-28 19:23:04,447 CpuBottleneckDetectorImpl:63 [pool-8-thread-1] - Current cpu load: 0.0, # processed events: 0, consecutive: 0/2, threshold: 0.9 in VM-120
 INFO 08-28 19:23:05,447 SystemLoadProfiler:50 [pool-8-thread-1] - Average CPU Load: 0.0 in VM-120
 INFO 08-28 19:23:05,447 TaskEventRateCalculator:78 [pool-8-thread-1] - ---- Start of task processed event (# tasks: 0 in executor VM-120)----
----- End of taks processed event ----

 INFO 08-28 19:23:05,447 CpuBottleneckDetectorImpl:63 [pool-8-thread-1] - Current cpu load: 0.0, # processed events: 0, consecutive: 0/2, threshold: 0.9 in VM-120
 INFO 08-28 19:23:06,447 SystemLoadProfiler:50 [pool-8-thread-1] - Average CPU Load: 0.0 in VM-120
 INFO 08-28 19:23:06,447 TaskEventRateCalculator:78 [pool-8-thread-1] - ---- Start of task processed event (# tasks: 0 in executor VM-120)----
----- End of taks processed event ----

 INFO 08-28 19:23:06,447 CpuBottleneckDetectorImpl:63 [pool-8-thread-1] - Current cpu load: 0.0, # processed events: 0, consecutive: 0/2, threshold: 0.9 in VM-120
 INFO 08-28 19:23:07,447 SystemLoadProfiler:50 [pool-8-thread-1] - Average CPU Load: 0.0 in VM-120
 INFO 08-28 19:23:07,447 TaskEventRateCalculator:78 [pool-8-thread-1] - ---- Start of task processed event (# tasks: 0 in executor VM-120)----
----- End of taks processed event ----

 INFO 08-28 19:23:07,447 CpuBottleneckDetectorImpl:63 [pool-8-thread-1] - Current cpu load: 0.0, # processed events: 0, consecutive: 0/2, threshold: 0.9 in VM-120
 INFO 08-28 19:23:08,447 SystemLoadProfiler:50 [pool-8-thread-1] - Average CPU Load: 0.0 in VM-120
 INFO 08-28 19:23:08,447 TaskEventRateCalculator:78 [pool-8-thread-1] - ---- Start of task processed event (# tasks: 0 in executor VM-120)----
----- End of taks processed event ----

 INFO 08-28 19:23:08,447 CpuBottleneckDetectorImpl:63 [pool-8-thread-1] - Current cpu load: 0.0, # processed events: 0, consecutive: 0/2, threshold: 0.9 in VM-120
 INFO 08-28 19:23:09,447 SystemLoadProfiler:50 [pool-8-thread-1] - Average CPU Load: 0.0 in VM-120
 INFO 08-28 19:23:09,447 TaskEventRateCalculator:78 [pool-8-thread-1] - ---- Start of task processed event (# tasks: 0 in executor VM-120)----
----- End of taks processed event ----

 INFO 08-28 19:23:09,447 CpuBottleneckDetectorImpl:63 [pool-8-thread-1] - Current cpu load: 0.0, # processed events: 0, consecutive: 0/2, threshold: 0.9 in VM-120
 INFO 08-28 19:23:10,447 SystemLoadProfiler:50 [pool-8-thread-1] - Average CPU Load: 0.0 in VM-120
 INFO 08-28 19:23:10,447 TaskEventRateCalculator:78 [pool-8-thread-1] - ---- Start of task processed event (# tasks: 0 in executor VM-120)----
----- End of taks processed event ----

 INFO 08-28 19:23:10,447 CpuBottleneckDetectorImpl:63 [pool-8-thread-1] - Current cpu load: 0.0, # processed events: 0, consecutive: 0/2, threshold: 0.9 in VM-120
 INFO 08-28 19:23:11,447 SystemLoadProfiler:50 [pool-8-thread-1] - Average CPU Load: 0.0 in VM-120
 INFO 08-28 19:23:11,447 TaskEventRateCalculator:78 [pool-8-thread-1] - ---- Start of task processed event (# tasks: 0 in executor VM-120)----
----- End of taks processed event ----

 INFO 08-28 19:23:11,447 CpuBottleneckDetectorImpl:63 [pool-8-thread-1] - Current cpu load: 0.0, # processed events: 0, consecutive: 0/2, threshold: 0.9 in VM-120
 INFO 08-28 19:23:12,447 SystemLoadProfiler:50 [pool-8-thread-1] - Average CPU Load: 0.0 in VM-120
 INFO 08-28 19:23:12,447 TaskEventRateCalculator:78 [pool-8-thread-1] - ---- Start of task processed event (# tasks: 0 in executor VM-120)----
----- End of taks processed event ----

 INFO 08-28 19:23:12,447 CpuBottleneckDetectorImpl:63 [pool-8-thread-1] - Current cpu load: 0.0, # processed events: 0, consecutive: 0/2, threshold: 0.9 in VM-120
 INFO 08-28 19:23:13,447 SystemLoadProfiler:50 [pool-8-thread-1] - Average CPU Load: 0.0 in VM-120
 INFO 08-28 19:23:13,447 TaskEventRateCalculator:78 [pool-8-thread-1] - ---- Start of task processed event (# tasks: 0 in executor VM-120)----
----- End of taks processed event ----

 INFO 08-28 19:23:13,447 CpuBottleneckDetectorImpl:63 [pool-8-thread-1] - Current cpu load: 0.0, # processed events: 0, consecutive: 0/2, threshold: 0.9 in VM-120
 INFO 08-28 19:23:14,447 SystemLoadProfiler:50 [pool-8-thread-1] - Average CPU Load: 0.0 in VM-120
 INFO 08-28 19:23:14,447 TaskEventRateCalculator:78 [pool-8-thread-1] - ---- Start of task processed event (# tasks: 0 in executor VM-120)----
----- End of taks processed event ----

 INFO 08-28 19:23:14,447 CpuBottleneckDetectorImpl:63 [pool-8-thread-1] - Current cpu load: 0.0, # processed events: 0, consecutive: 0/2, threshold: 0.9 in VM-120
 INFO 08-28 19:23:15,447 SystemLoadProfiler:50 [pool-8-thread-1] - Average CPU Load: 0.0 in VM-120
 INFO 08-28 19:23:15,447 TaskEventRateCalculator:78 [pool-8-thread-1] - ---- Start of task processed event (# tasks: 0 in executor VM-120)----
----- End of taks processed event ----

 INFO 08-28 19:23:15,447 CpuBottleneckDetectorImpl:63 [pool-8-thread-1] - Current cpu load: 0.0, # processed events: 0, consecutive: 0/2, threshold: 0.9 in VM-120
 INFO 08-28 19:23:16,447 SystemLoadProfiler:50 [pool-8-thread-1] - Average CPU Load: 0.0 in VM-120
 INFO 08-28 19:23:16,447 TaskEventRateCalculator:78 [pool-8-thread-1] - ---- Start of task processed event (# tasks: 0 in executor VM-120)----
----- End of taks processed event ----

 INFO 08-28 19:23:16,447 CpuBottleneckDetectorImpl:63 [pool-8-thread-1] - Current cpu load: 0.0, # processed events: 0, consecutive: 0/2, threshold: 0.9 in VM-120
 INFO 08-28 19:23:17,447 SystemLoadProfiler:50 [pool-8-thread-1] - Average CPU Load: 0.0 in VM-120
 INFO 08-28 19:23:17,447 TaskEventRateCalculator:78 [pool-8-thread-1] - ---- Start of task processed event (# tasks: 0 in executor VM-120)----
----- End of taks processed event ----

 INFO 08-28 19:23:17,447 CpuBottleneckDetectorImpl:63 [pool-8-thread-1] - Current cpu load: 0.0, # processed events: 0, consecutive: 0/2, threshold: 0.9 in VM-120
 INFO 08-28 19:23:18,447 SystemLoadProfiler:50 [pool-8-thread-1] - Average CPU Load: 0.0 in VM-120
 INFO 08-28 19:23:18,447 TaskEventRateCalculator:78 [pool-8-thread-1] - ---- Start of task processed event (# tasks: 0 in executor VM-120)----
----- End of taks processed event ----

 INFO 08-28 19:23:18,447 CpuBottleneckDetectorImpl:63 [pool-8-thread-1] - Current cpu load: 0.0, # processed events: 0, consecutive: 0/2, threshold: 0.9 in VM-120
 INFO 08-28 19:23:19,447 SystemLoadProfiler:50 [pool-8-thread-1] - Average CPU Load: 0.0 in VM-120
 INFO 08-28 19:23:19,447 TaskEventRateCalculator:78 [pool-8-thread-1] - ---- Start of task processed event (# tasks: 0 in executor VM-120)----
----- End of taks processed event ----

 INFO 08-28 19:23:19,447 CpuBottleneckDetectorImpl:63 [pool-8-thread-1] - Current cpu load: 0.0, # processed events: 0, consecutive: 0/2, threshold: 0.9 in VM-120
 INFO 08-28 19:23:20,447 SystemLoadProfiler:50 [pool-8-thread-1] - Average CPU Load: 0.0 in VM-120
 INFO 08-28 19:23:20,447 TaskEventRateCalculator:78 [pool-8-thread-1] - ---- Start of task processed event (# tasks: 0 in executor VM-120)----
----- End of taks processed event ----

 INFO 08-28 19:23:20,447 CpuBottleneckDetectorImpl:63 [pool-8-thread-1] - Current cpu load: 0.0, # processed events: 0, consecutive: 0/2, threshold: 0.9 in VM-120
 INFO 08-28 19:23:21,447 SystemLoadProfiler:50 [pool-8-thread-1] - Average CPU Load: 0.0 in VM-120
 INFO 08-28 19:23:21,447 TaskEventRateCalculator:78 [pool-8-thread-1] - ---- Start of task processed event (# tasks: 0 in executor VM-120)----
----- End of taks processed event ----

 INFO 08-28 19:23:21,447 CpuBottleneckDetectorImpl:63 [pool-8-thread-1] - Current cpu load: 0.0, # processed events: 0, consecutive: 0/2, threshold: 0.9 in VM-120
 INFO 08-28 19:23:22,447 SystemLoadProfiler:50 [pool-8-thread-1] - Average CPU Load: 0.0 in VM-120
 INFO 08-28 19:23:22,447 TaskEventRateCalculator:78 [pool-8-thread-1] - ---- Start of task processed event (# tasks: 0 in executor VM-120)----
----- End of taks processed event ----

 INFO 08-28 19:23:22,447 CpuBottleneckDetectorImpl:63 [pool-8-thread-1] - Current cpu load: 0.0, # processed events: 0, consecutive: 0/2, threshold: 0.9 in VM-120
 INFO 08-28 19:23:23,447 SystemLoadProfiler:50 [pool-8-thread-1] - Average CPU Load: 0.0 in VM-120
 INFO 08-28 19:23:23,447 TaskEventRateCalculator:78 [pool-8-thread-1] - ---- Start of task processed event (# tasks: 0 in executor VM-120)----
----- End of taks processed event ----

 INFO 08-28 19:23:23,447 CpuBottleneckDetectorImpl:63 [pool-8-thread-1] - Current cpu load: 0.0, # processed events: 0, consecutive: 0/2, threshold: 0.9 in VM-120
 INFO 08-28 19:23:24,447 SystemLoadProfiler:50 [pool-8-thread-1] - Average CPU Load: 0.0 in VM-120
 INFO 08-28 19:23:24,447 TaskEventRateCalculator:78 [pool-8-thread-1] - ---- Start of task processed event (# tasks: 0 in executor VM-120)----
----- End of taks processed event ----

 INFO 08-28 19:23:24,447 CpuBottleneckDetectorImpl:63 [pool-8-thread-1] - Current cpu load: 0.0, # processed events: 0, consecutive: 0/2, threshold: 0.9 in VM-120
 INFO 08-28 19:23:25,447 SystemLoadProfiler:50 [pool-8-thread-1] - Average CPU Load: 0.0 in VM-120
 INFO 08-28 19:23:25,447 TaskEventRateCalculator:78 [pool-8-thread-1] - ---- Start of task processed event (# tasks: 0 in executor VM-120)----
----- End of taks processed event ----

 INFO 08-28 19:23:25,447 CpuBottleneckDetectorImpl:63 [pool-8-thread-1] - Current cpu load: 0.0, # processed events: 0, consecutive: 0/2, threshold: 0.9 in VM-120
 INFO 08-28 19:23:26,447 SystemLoadProfiler:50 [pool-8-thread-1] - Average CPU Load: 0.0 in VM-120
 INFO 08-28 19:23:26,447 TaskEventRateCalculator:78 [pool-8-thread-1] - ---- Start of task processed event (# tasks: 0 in executor VM-120)----
----- End of taks processed event ----

 INFO 08-28 19:23:26,447 CpuBottleneckDetectorImpl:63 [pool-8-thread-1] - Current cpu load: 0.0, # processed events: 0, consecutive: 0/2, threshold: 0.9 in VM-120
 INFO 08-28 19:23:27,447 SystemLoadProfiler:50 [pool-8-thread-1] - Average CPU Load: 0.0 in VM-120
 INFO 08-28 19:23:27,447 TaskEventRateCalculator:78 [pool-8-thread-1] - ---- Start of task processed event (# tasks: 0 in executor VM-120)----
----- End of taks processed event ----

 INFO 08-28 19:23:27,447 CpuBottleneckDetectorImpl:63 [pool-8-thread-1] - Current cpu load: 0.0, # processed events: 0, consecutive: 0/2, threshold: 0.9 in VM-120
 INFO 08-28 19:23:28,447 SystemLoadProfiler:50 [pool-8-thread-1] - Average CPU Load: 0.0 in VM-120
 INFO 08-28 19:23:28,447 TaskEventRateCalculator:78 [pool-8-thread-1] - ---- Start of task processed event (# tasks: 0 in executor VM-120)----
----- End of taks processed event ----

 INFO 08-28 19:23:28,447 CpuBottleneckDetectorImpl:63 [pool-8-thread-1] - Current cpu load: 0.0, # processed events: 0, consecutive: 0/2, threshold: 0.9 in VM-120
 INFO 08-28 19:23:29,447 SystemLoadProfiler:50 [pool-8-thread-1] - Average CPU Load: 0.0 in VM-120
 INFO 08-28 19:23:29,447 TaskEventRateCalculator:78 [pool-8-thread-1] - ---- Start of task processed event (# tasks: 0 in executor VM-120)----
----- End of taks processed event ----

 INFO 08-28 19:23:29,447 CpuBottleneckDetectorImpl:63 [pool-8-thread-1] - Current cpu load: 0.0, # processed events: 0, consecutive: 0/2, threshold: 0.9 in VM-120
 INFO 08-28 19:23:30,447 SystemLoadProfiler:50 [pool-8-thread-1] - Average CPU Load: 0.0 in VM-120
 INFO 08-28 19:23:30,447 TaskEventRateCalculator:78 [pool-8-thread-1] - ---- Start of task processed event (# tasks: 0 in executor VM-120)----
----- End of taks processed event ----

 INFO 08-28 19:23:30,447 CpuBottleneckDetectorImpl:63 [pool-8-thread-1] - Current cpu load: 0.0, # processed events: 0, consecutive: 0/2, threshold: 0.9 in VM-120
 INFO 08-28 19:23:31,447 SystemLoadProfiler:50 [pool-8-thread-1] - Average CPU Load: 0.0 in VM-120
 INFO 08-28 19:23:31,447 TaskEventRateCalculator:78 [pool-8-thread-1] - ---- Start of task processed event (# tasks: 0 in executor VM-120)----
----- End of taks processed event ----

 INFO 08-28 19:23:31,447 CpuBottleneckDetectorImpl:63 [pool-8-thread-1] - Current cpu load: 0.0, # processed events: 0, consecutive: 0/2, threshold: 0.9 in VM-120
 INFO 08-28 19:23:32,447 SystemLoadProfiler:50 [pool-8-thread-1] - Average CPU Load: 0.0 in VM-120
 INFO 08-28 19:23:32,447 TaskEventRateCalculator:78 [pool-8-thread-1] - ---- Start of task processed event (# tasks: 0 in executor VM-120)----
----- End of taks processed event ----

 INFO 08-28 19:23:32,447 CpuBottleneckDetectorImpl:63 [pool-8-thread-1] - Current cpu load: 0.0, # processed events: 0, consecutive: 0/2, threshold: 0.9 in VM-120
 INFO 08-28 19:23:33,447 SystemLoadProfiler:50 [pool-8-thread-1] - Average CPU Load: 0.0 in VM-120
 INFO 08-28 19:23:33,447 TaskEventRateCalculator:78 [pool-8-thread-1] - ---- Start of task processed event (# tasks: 0 in executor VM-120)----
----- End of taks processed event ----

 INFO 08-28 19:23:33,447 CpuBottleneckDetectorImpl:63 [pool-8-thread-1] - Current cpu load: 0.0, # processed events: 0, consecutive: 0/2, threshold: 0.9 in VM-120
 INFO 08-28 19:23:34,447 SystemLoadProfiler:50 [pool-8-thread-1] - Average CPU Load: 0.0 in VM-120
 INFO 08-28 19:23:34,447 TaskEventRateCalculator:78 [pool-8-thread-1] - ---- Start of task processed event (# tasks: 0 in executor VM-120)----
----- End of taks processed event ----

 INFO 08-28 19:23:34,447 CpuBottleneckDetectorImpl:63 [pool-8-thread-1] - Current cpu load: 0.0, # processed events: 0, consecutive: 0/2, threshold: 0.9 in VM-120
 INFO 08-28 19:23:35,447 SystemLoadProfiler:50 [pool-8-thread-1] - Average CPU Load: 0.0 in VM-120
 INFO 08-28 19:23:35,447 TaskEventRateCalculator:78 [pool-8-thread-1] - ---- Start of task processed event (# tasks: 0 in executor VM-120)----
----- End of taks processed event ----

 INFO 08-28 19:23:35,447 CpuBottleneckDetectorImpl:63 [pool-8-thread-1] - Current cpu load: 0.0, # processed events: 0, consecutive: 0/2, threshold: 0.9 in VM-120
 INFO 08-28 19:23:36,447 SystemLoadProfiler:50 [pool-8-thread-1] - Average CPU Load: 0.0 in VM-120
 INFO 08-28 19:23:36,447 TaskEventRateCalculator:78 [pool-8-thread-1] - ---- Start of task processed event (# tasks: 0 in executor VM-120)----
----- End of taks processed event ----

 INFO 08-28 19:23:36,447 CpuBottleneckDetectorImpl:63 [pool-8-thread-1] - Current cpu load: 0.0, # processed events: 0, consecutive: 0/2, threshold: 0.9 in VM-120
 INFO 08-28 19:23:37,447 SystemLoadProfiler:50 [pool-8-thread-1] - Average CPU Load: 0.0 in VM-120
 INFO 08-28 19:23:37,447 TaskEventRateCalculator:78 [pool-8-thread-1] - ---- Start of task processed event (# tasks: 0 in executor VM-120)----
----- End of taks processed event ----

 INFO 08-28 19:23:37,447 CpuBottleneckDetectorImpl:63 [pool-8-thread-1] - Current cpu load: 0.0, # processed events: 0, consecutive: 0/2, threshold: 0.9 in VM-120
 INFO 08-28 19:23:38,447 SystemLoadProfiler:50 [pool-8-thread-1] - Average CPU Load: 0.0 in VM-120
 INFO 08-28 19:23:38,447 TaskEventRateCalculator:78 [pool-8-thread-1] - ---- Start of task processed event (# tasks: 0 in executor VM-120)----
----- End of taks processed event ----

 INFO 08-28 19:23:38,447 CpuBottleneckDetectorImpl:63 [pool-8-thread-1] - Current cpu load: 0.0, # processed events: 0, consecutive: 0/2, threshold: 0.9 in VM-120
 INFO 08-28 19:23:39,447 SystemLoadProfiler:50 [pool-8-thread-1] - Average CPU Load: 0.0 in VM-120
 INFO 08-28 19:23:39,447 TaskEventRateCalculator:78 [pool-8-thread-1] - ---- Start of task processed event (# tasks: 0 in executor VM-120)----
----- End of taks processed event ----

 INFO 08-28 19:23:39,447 CpuBottleneckDetectorImpl:63 [pool-8-thread-1] - Current cpu load: 0.0, # processed events: 0, consecutive: 0/2, threshold: 0.9 in VM-120
 INFO 08-28 19:23:40,447 SystemLoadProfiler:50 [pool-8-thread-1] - Average CPU Load: 0.0 in VM-120
 INFO 08-28 19:23:40,447 TaskEventRateCalculator:78 [pool-8-thread-1] - ---- Start of task processed event (# tasks: 0 in executor VM-120)----
----- End of taks processed event ----

 INFO 08-28 19:23:40,447 CpuBottleneckDetectorImpl:63 [pool-8-thread-1] - Current cpu load: 0.0, # processed events: 0, consecutive: 0/2, threshold: 0.9 in VM-120
 INFO 08-28 19:23:41,447 SystemLoadProfiler:50 [pool-8-thread-1] - Average CPU Load: 0.0 in VM-120
 INFO 08-28 19:23:41,447 TaskEventRateCalculator:78 [pool-8-thread-1] - ---- Start of task processed event (# tasks: 0 in executor VM-120)----
----- End of taks processed event ----

 INFO 08-28 19:23:41,447 CpuBottleneckDetectorImpl:63 [pool-8-thread-1] - Current cpu load: 0.0, # processed events: 0, consecutive: 0/2, threshold: 0.9 in VM-120
 INFO 08-28 19:23:42,447 SystemLoadProfiler:50 [pool-8-thread-1] - Average CPU Load: 0.0 in VM-120
 INFO 08-28 19:23:42,447 TaskEventRateCalculator:78 [pool-8-thread-1] - ---- Start of task processed event (# tasks: 0 in executor VM-120)----
----- End of taks processed event ----

 INFO 08-28 19:23:42,447 CpuBottleneckDetectorImpl:63 [pool-8-thread-1] - Current cpu load: 0.0, # processed events: 0, consecutive: 0/2, threshold: 0.9 in VM-120
 INFO 08-28 19:23:43,447 SystemLoadProfiler:50 [pool-8-thread-1] - Average CPU Load: 0.0 in VM-120
 INFO 08-28 19:23:43,447 TaskEventRateCalculator:78 [pool-8-thread-1] - ---- Start of task processed event (# tasks: 0 in executor VM-120)----
----- End of taks processed event ----

 INFO 08-28 19:23:43,447 CpuBottleneckDetectorImpl:63 [pool-8-thread-1] - Current cpu load: 0.0, # processed events: 0, consecutive: 0/2, threshold: 0.9 in VM-120
 INFO 08-28 19:23:44,447 SystemLoadProfiler:50 [pool-8-thread-1] - Average CPU Load: 0.0 in VM-120
 INFO 08-28 19:23:44,447 TaskEventRateCalculator:78 [pool-8-thread-1] - ---- Start of task processed event (# tasks: 0 in executor VM-120)----
----- End of taks processed event ----

 INFO 08-28 19:23:44,447 CpuBottleneckDetectorImpl:63 [pool-8-thread-1] - Current cpu load: 0.0, # processed events: 0, consecutive: 0/2, threshold: 0.9 in VM-120
 INFO 08-28 19:23:45,447 SystemLoadProfiler:50 [pool-8-thread-1] - Average CPU Load: 0.0 in VM-120
 INFO 08-28 19:23:45,447 TaskEventRateCalculator:78 [pool-8-thread-1] - ---- Start of task processed event (# tasks: 0 in executor VM-120)----
----- End of taks processed event ----

 INFO 08-28 19:23:45,447 CpuBottleneckDetectorImpl:63 [pool-8-thread-1] - Current cpu load: 0.0, # processed events: 0, consecutive: 0/2, threshold: 0.9 in VM-120
 INFO 08-28 19:23:46,447 SystemLoadProfiler:50 [pool-8-thread-1] - Average CPU Load: 0.0 in VM-120
 INFO 08-28 19:23:46,447 TaskEventRateCalculator:78 [pool-8-thread-1] - ---- Start of task processed event (# tasks: 0 in executor VM-120)----
----- End of taks processed event ----

 INFO 08-28 19:23:46,447 CpuBottleneckDetectorImpl:63 [pool-8-thread-1] - Current cpu load: 0.0, # processed events: 0, consecutive: 0/2, threshold: 0.9 in VM-120
 INFO 08-28 19:23:47,447 SystemLoadProfiler:50 [pool-8-thread-1] - Average CPU Load: 0.0 in VM-120
 INFO 08-28 19:23:47,447 TaskEventRateCalculator:78 [pool-8-thread-1] - ---- Start of task processed event (# tasks: 0 in executor VM-120)----
----- End of taks processed event ----

 INFO 08-28 19:23:47,447 CpuBottleneckDetectorImpl:63 [pool-8-thread-1] - Current cpu load: 0.0, # processed events: 0, consecutive: 0/2, threshold: 0.9 in VM-120
 INFO 08-28 19:23:48,447 SystemLoadProfiler:50 [pool-8-thread-1] - Average CPU Load: 0.0 in VM-120
 INFO 08-28 19:23:48,447 TaskEventRateCalculator:78 [pool-8-thread-1] - ---- Start of task processed event (# tasks: 0 in executor VM-120)----
----- End of taks processed event ----

 INFO 08-28 19:23:48,447 CpuBottleneckDetectorImpl:63 [pool-8-thread-1] - Current cpu load: 0.0, # processed events: 0, consecutive: 0/2, threshold: 0.9 in VM-120
 INFO 08-28 19:23:49,447 SystemLoadProfiler:50 [pool-8-thread-1] - Average CPU Load: 0.0 in VM-120
 INFO 08-28 19:23:49,447 TaskEventRateCalculator:78 [pool-8-thread-1] - ---- Start of task processed event (# tasks: 0 in executor VM-120)----
----- End of taks processed event ----

 INFO 08-28 19:23:49,447 CpuBottleneckDetectorImpl:63 [pool-8-thread-1] - Current cpu load: 0.0, # processed events: 0, consecutive: 0/2, threshold: 0.9 in VM-120
 INFO 08-28 19:23:50,447 SystemLoadProfiler:50 [pool-8-thread-1] - Average CPU Load: 0.0 in VM-120
 INFO 08-28 19:23:50,447 TaskEventRateCalculator:78 [pool-8-thread-1] - ---- Start of task processed event (# tasks: 0 in executor VM-120)----
----- End of taks processed event ----

 INFO 08-28 19:23:50,447 CpuBottleneckDetectorImpl:63 [pool-8-thread-1] - Current cpu load: 0.0, # processed events: 0, consecutive: 0/2, threshold: 0.9 in VM-120
 INFO 08-28 19:23:51,447 SystemLoadProfiler:50 [pool-8-thread-1] - Average CPU Load: 0.0 in VM-120
 INFO 08-28 19:23:51,447 TaskEventRateCalculator:78 [pool-8-thread-1] - ---- Start of task processed event (# tasks: 0 in executor VM-120)----
----- End of taks processed event ----

 INFO 08-28 19:23:51,447 CpuBottleneckDetectorImpl:63 [pool-8-thread-1] - Current cpu load: 0.0, # processed events: 0, consecutive: 0/2, threshold: 0.9 in VM-120
 INFO 08-28 19:23:52,447 SystemLoadProfiler:50 [pool-8-thread-1] - Average CPU Load: 0.0 in VM-120
 INFO 08-28 19:23:52,447 TaskEventRateCalculator:78 [pool-8-thread-1] - ---- Start of task processed event (# tasks: 0 in executor VM-120)----
----- End of taks processed event ----

 INFO 08-28 19:23:52,447 CpuBottleneckDetectorImpl:63 [pool-8-thread-1] - Current cpu load: 0.0, # processed events: 0, consecutive: 0/2, threshold: 0.9 in VM-120
 INFO 08-28 19:23:53,447 SystemLoadProfiler:50 [pool-8-thread-1] - Average CPU Load: 0.0 in VM-120
 INFO 08-28 19:23:53,447 TaskEventRateCalculator:78 [pool-8-thread-1] - ---- Start of task processed event (# tasks: 0 in executor VM-120)----
----- End of taks processed event ----

 INFO 08-28 19:23:53,447 CpuBottleneckDetectorImpl:63 [pool-8-thread-1] - Current cpu load: 0.0, # processed events: 0, consecutive: 0/2, threshold: 0.9 in VM-120
 INFO 08-28 19:23:54,447 SystemLoadProfiler:50 [pool-8-thread-1] - Average CPU Load: 0.0 in VM-120
 INFO 08-28 19:23:54,447 TaskEventRateCalculator:78 [pool-8-thread-1] - ---- Start of task processed event (# tasks: 0 in executor VM-120)----
----- End of taks processed event ----

 INFO 08-28 19:23:54,447 CpuBottleneckDetectorImpl:63 [pool-8-thread-1] - Current cpu load: 0.0, # processed events: 0, consecutive: 0/2, threshold: 0.9 in VM-120
 INFO 08-28 19:23:55,447 SystemLoadProfiler:50 [pool-8-thread-1] - Average CPU Load: 0.0 in VM-120
 INFO 08-28 19:23:55,447 TaskEventRateCalculator:78 [pool-8-thread-1] - ---- Start of task processed event (# tasks: 0 in executor VM-120)----
----- End of taks processed event ----

 INFO 08-28 19:23:55,447 CpuBottleneckDetectorImpl:63 [pool-8-thread-1] - Current cpu load: 0.0, # processed events: 0, consecutive: 0/2, threshold: 0.9 in VM-120
 INFO 08-28 19:23:56,447 SystemLoadProfiler:50 [pool-8-thread-1] - Average CPU Load: 0.0 in VM-120
 INFO 08-28 19:23:56,447 TaskEventRateCalculator:78 [pool-8-thread-1] - ---- Start of task processed event (# tasks: 0 in executor VM-120)----
----- End of taks processed event ----

 INFO 08-28 19:23:56,447 CpuBottleneckDetectorImpl:63 [pool-8-thread-1] - Current cpu load: 0.0, # processed events: 0, consecutive: 0/2, threshold: 0.9 in VM-120
 INFO 08-28 19:23:57,447 SystemLoadProfiler:50 [pool-8-thread-1] - Average CPU Load: 0.0 in VM-120
 INFO 08-28 19:23:57,447 TaskEventRateCalculator:78 [pool-8-thread-1] - ---- Start of task processed event (# tasks: 0 in executor VM-120)----
----- End of taks processed event ----

 INFO 08-28 19:23:57,447 CpuBottleneckDetectorImpl:63 [pool-8-thread-1] - Current cpu load: 0.0, # processed events: 0, consecutive: 0/2, threshold: 0.9 in VM-120
 INFO 08-28 19:23:58,447 SystemLoadProfiler:50 [pool-8-thread-1] - Average CPU Load: 0.0 in VM-120
 INFO 08-28 19:23:58,447 TaskEventRateCalculator:78 [pool-8-thread-1] - ---- Start of task processed event (# tasks: 0 in executor VM-120)----
----- End of taks processed event ----

 INFO 08-28 19:23:58,447 CpuBottleneckDetectorImpl:63 [pool-8-thread-1] - Current cpu load: 0.0, # processed events: 0, consecutive: 0/2, threshold: 0.9 in VM-120
 INFO 08-28 19:23:59,447 SystemLoadProfiler:50 [pool-8-thread-1] - Average CPU Load: 0.0 in VM-120
 INFO 08-28 19:23:59,447 TaskEventRateCalculator:78 [pool-8-thread-1] - ---- Start of task processed event (# tasks: 0 in executor VM-120)----
----- End of taks processed event ----

 INFO 08-28 19:23:59,447 CpuBottleneckDetectorImpl:63 [pool-8-thread-1] - Current cpu load: 0.0, # processed events: 0, consecutive: 0/2, threshold: 0.9 in VM-120
 INFO 08-28 19:24:00,447 SystemLoadProfiler:50 [pool-8-thread-1] - Average CPU Load: 0.0 in VM-120
 INFO 08-28 19:24:00,447 TaskEventRateCalculator:78 [pool-8-thread-1] - ---- Start of task processed event (# tasks: 0 in executor VM-120)----
----- End of taks processed event ----

 INFO 08-28 19:24:00,447 CpuBottleneckDetectorImpl:63 [pool-8-thread-1] - Current cpu load: 0.0, # processed events: 0, consecutive: 0/2, threshold: 0.9 in VM-120
 INFO 08-28 19:24:01,447 SystemLoadProfiler:50 [pool-8-thread-1] - Average CPU Load: 0.0 in VM-120
 INFO 08-28 19:24:01,447 TaskEventRateCalculator:78 [pool-8-thread-1] - ---- Start of task processed event (# tasks: 0 in executor VM-120)----
----- End of taks processed event ----

 INFO 08-28 19:24:01,447 CpuBottleneckDetectorImpl:63 [pool-8-thread-1] - Current cpu load: 0.0, # processed events: 0, consecutive: 0/2, threshold: 0.9 in VM-120
 INFO 08-28 19:24:02,447 SystemLoadProfiler:50 [pool-8-thread-1] - Average CPU Load: 0.0 in VM-120
 INFO 08-28 19:24:02,447 TaskEventRateCalculator:78 [pool-8-thread-1] - ---- Start of task processed event (# tasks: 0 in executor VM-120)----
----- End of taks processed event ----

 INFO 08-28 19:24:02,447 CpuBottleneckDetectorImpl:63 [pool-8-thread-1] - Current cpu load: 0.0, # processed events: 0, consecutive: 0/2, threshold: 0.9 in VM-120
 INFO 08-28 19:24:03,447 SystemLoadProfiler:50 [pool-8-thread-1] - Average CPU Load: 0.0 in VM-120
 INFO 08-28 19:24:03,447 TaskEventRateCalculator:78 [pool-8-thread-1] - ---- Start of task processed event (# tasks: 0 in executor VM-120)----
----- End of taks processed event ----

 INFO 08-28 19:24:03,447 CpuBottleneckDetectorImpl:63 [pool-8-thread-1] - Current cpu load: 0.0, # processed events: 0, consecutive: 0/2, threshold: 0.9 in VM-120
 INFO 08-28 19:24:04,447 SystemLoadProfiler:50 [pool-8-thread-1] - Average CPU Load: 0.0 in VM-120
 INFO 08-28 19:24:04,447 TaskEventRateCalculator:78 [pool-8-thread-1] - ---- Start of task processed event (# tasks: 0 in executor VM-120)----
----- End of taks processed event ----

 INFO 08-28 19:24:04,447 CpuBottleneckDetectorImpl:63 [pool-8-thread-1] - Current cpu load: 0.0, # processed events: 0, consecutive: 0/2, threshold: 0.9 in VM-120
 INFO 08-28 19:24:05,447 SystemLoadProfiler:50 [pool-8-thread-1] - Average CPU Load: 0.0 in VM-120
 INFO 08-28 19:24:05,447 TaskEventRateCalculator:78 [pool-8-thread-1] - ---- Start of task processed event (# tasks: 0 in executor VM-120)----
----- End of taks processed event ----

 INFO 08-28 19:24:05,447 CpuBottleneckDetectorImpl:63 [pool-8-thread-1] - Current cpu load: 0.0, # processed events: 0, consecutive: 0/2, threshold: 0.9 in VM-120
 INFO 08-28 19:24:06,447 SystemLoadProfiler:50 [pool-8-thread-1] - Average CPU Load: 0.0 in VM-120
 INFO 08-28 19:24:06,447 TaskEventRateCalculator:78 [pool-8-thread-1] - ---- Start of task processed event (# tasks: 0 in executor VM-120)----
----- End of taks processed event ----

 INFO 08-28 19:24:06,447 CpuBottleneckDetectorImpl:63 [pool-8-thread-1] - Current cpu load: 0.0, # processed events: 0, consecutive: 0/2, threshold: 0.9 in VM-120
 INFO 08-28 19:24:07,447 SystemLoadProfiler:50 [pool-8-thread-1] - Average CPU Load: 0.0 in VM-120
 INFO 08-28 19:24:07,447 TaskEventRateCalculator:78 [pool-8-thread-1] - ---- Start of task processed event (# tasks: 0 in executor VM-120)----
----- End of taks processed event ----

 INFO 08-28 19:24:07,447 CpuBottleneckDetectorImpl:63 [pool-8-thread-1] - Current cpu load: 0.0, # processed events: 0, consecutive: 0/2, threshold: 0.9 in VM-120
 INFO 08-28 19:24:08,447 SystemLoadProfiler:50 [pool-8-thread-1] - Average CPU Load: 0.0 in VM-120
 INFO 08-28 19:24:08,447 TaskEventRateCalculator:78 [pool-8-thread-1] - ---- Start of task processed event (# tasks: 0 in executor VM-120)----
----- End of taks processed event ----

 INFO 08-28 19:24:08,447 CpuBottleneckDetectorImpl:63 [pool-8-thread-1] - Current cpu load: 0.0, # processed events: 0, consecutive: 0/2, threshold: 0.9 in VM-120
 INFO 08-28 19:24:09,447 SystemLoadProfiler:50 [pool-8-thread-1] - Average CPU Load: 0.0 in VM-120
 INFO 08-28 19:24:09,447 TaskEventRateCalculator:78 [pool-8-thread-1] - ---- Start of task processed event (# tasks: 0 in executor VM-120)----
----- End of taks processed event ----

 INFO 08-28 19:24:09,447 CpuBottleneckDetectorImpl:63 [pool-8-thread-1] - Current cpu load: 0.0, # processed events: 0, consecutive: 0/2, threshold: 0.9 in VM-120
 INFO 08-28 19:24:10,447 SystemLoadProfiler:50 [pool-8-thread-1] - Average CPU Load: 0.0 in VM-120
 INFO 08-28 19:24:10,447 TaskEventRateCalculator:78 [pool-8-thread-1] - ---- Start of task processed event (# tasks: 0 in executor VM-120)----
----- End of taks processed event ----

 INFO 08-28 19:24:10,447 CpuBottleneckDetectorImpl:63 [pool-8-thread-1] - Current cpu load: 0.0, # processed events: 0, consecutive: 0/2, threshold: 0.9 in VM-120
 INFO 08-28 19:24:11,447 SystemLoadProfiler:50 [pool-8-thread-1] - Average CPU Load: 0.0 in VM-120
 INFO 08-28 19:24:11,447 TaskEventRateCalculator:78 [pool-8-thread-1] - ---- Start of task processed event (# tasks: 0 in executor VM-120)----
----- End of taks processed event ----

 INFO 08-28 19:24:11,447 CpuBottleneckDetectorImpl:63 [pool-8-thread-1] - Current cpu load: 0.0, # processed events: 0, consecutive: 0/2, threshold: 0.9 in VM-120
 INFO 08-28 19:24:12,447 SystemLoadProfiler:50 [pool-8-thread-1] - Average CPU Load: 0.0 in VM-120
 INFO 08-28 19:24:12,447 TaskEventRateCalculator:78 [pool-8-thread-1] - ---- Start of task processed event (# tasks: 0 in executor VM-120)----
----- End of taks processed event ----

 INFO 08-28 19:24:12,447 CpuBottleneckDetectorImpl:63 [pool-8-thread-1] - Current cpu load: 0.0, # processed events: 0, consecutive: 0/2, threshold: 0.9 in VM-120
 INFO 08-28 19:24:13,447 SystemLoadProfiler:50 [pool-8-thread-1] - Average CPU Load: 0.0 in VM-120
 INFO 08-28 19:24:13,447 TaskEventRateCalculator:78 [pool-8-thread-1] - ---- Start of task processed event (# tasks: 0 in executor VM-120)----
----- End of taks processed event ----

 INFO 08-28 19:24:13,447 CpuBottleneckDetectorImpl:63 [pool-8-thread-1] - Current cpu load: 0.0, # processed events: 0, consecutive: 0/2, threshold: 0.9 in VM-120
 INFO 08-28 19:24:14,447 SystemLoadProfiler:50 [pool-8-thread-1] - Average CPU Load: 0.0 in VM-120
 INFO 08-28 19:24:14,447 TaskEventRateCalculator:78 [pool-8-thread-1] - ---- Start of task processed event (# tasks: 0 in executor VM-120)----
----- End of taks processed event ----

 INFO 08-28 19:24:14,447 CpuBottleneckDetectorImpl:63 [pool-8-thread-1] - Current cpu load: 0.0, # processed events: 0, consecutive: 0/2, threshold: 0.9 in VM-120
 INFO 08-28 19:24:15,447 SystemLoadProfiler:50 [pool-8-thread-1] - Average CPU Load: 0.0 in VM-120
 INFO 08-28 19:24:15,447 TaskEventRateCalculator:78 [pool-8-thread-1] - ---- Start of task processed event (# tasks: 0 in executor VM-120)----
----- End of taks processed event ----

 INFO 08-28 19:24:15,447 CpuBottleneckDetectorImpl:63 [pool-8-thread-1] - Current cpu load: 0.0, # processed events: 0, consecutive: 0/2, threshold: 0.9 in VM-120
 INFO 08-28 19:24:16,447 SystemLoadProfiler:50 [pool-8-thread-1] - Average CPU Load: 0.0 in VM-120
 INFO 08-28 19:24:16,447 TaskEventRateCalculator:78 [pool-8-thread-1] - ---- Start of task processed event (# tasks: 0 in executor VM-120)----
----- End of taks processed event ----

 INFO 08-28 19:24:16,447 CpuBottleneckDetectorImpl:63 [pool-8-thread-1] - Current cpu load: 0.0, # processed events: 0, consecutive: 0/2, threshold: 0.9 in VM-120
 INFO 08-28 19:24:17,447 SystemLoadProfiler:50 [pool-8-thread-1] - Average CPU Load: 0.0 in VM-120
 INFO 08-28 19:24:17,447 TaskEventRateCalculator:78 [pool-8-thread-1] - ---- Start of task processed event (# tasks: 0 in executor VM-120)----
----- End of taks processed event ----

 INFO 08-28 19:24:17,447 CpuBottleneckDetectorImpl:63 [pool-8-thread-1] - Current cpu load: 0.0, # processed events: 0, consecutive: 0/2, threshold: 0.9 in VM-120
 INFO 08-28 19:24:18,447 SystemLoadProfiler:50 [pool-8-thread-1] - Average CPU Load: 0.0 in VM-120
 INFO 08-28 19:24:18,447 TaskEventRateCalculator:78 [pool-8-thread-1] - ---- Start of task processed event (# tasks: 0 in executor VM-120)----
----- End of taks processed event ----

 INFO 08-28 19:24:18,447 CpuBottleneckDetectorImpl:63 [pool-8-thread-1] - Current cpu load: 0.0, # processed events: 0, consecutive: 0/2, threshold: 0.9 in VM-120
 INFO 08-28 19:24:19,447 SystemLoadProfiler:50 [pool-8-thread-1] - Average CPU Load: 0.0 in VM-120
 INFO 08-28 19:24:19,447 TaskEventRateCalculator:78 [pool-8-thread-1] - ---- Start of task processed event (# tasks: 0 in executor VM-120)----
----- End of taks processed event ----

 INFO 08-28 19:24:19,447 CpuBottleneckDetectorImpl:63 [pool-8-thread-1] - Current cpu load: 0.0, # processed events: 0, consecutive: 0/2, threshold: 0.9 in VM-120
 INFO 08-28 19:24:20,447 SystemLoadProfiler:50 [pool-8-thread-1] - Average CPU Load: 0.0 in VM-120
 INFO 08-28 19:24:20,447 TaskEventRateCalculator:78 [pool-8-thread-1] - ---- Start of task processed event (# tasks: 0 in executor VM-120)----
----- End of taks processed event ----

 INFO 08-28 19:24:20,447 CpuBottleneckDetectorImpl:63 [pool-8-thread-1] - Current cpu load: 0.0, # processed events: 0, consecutive: 0/2, threshold: 0.9 in VM-120
 INFO 08-28 19:24:21,447 SystemLoadProfiler:50 [pool-8-thread-1] - Average CPU Load: 0.0 in VM-120
 INFO 08-28 19:24:21,447 TaskEventRateCalculator:78 [pool-8-thread-1] - ---- Start of task processed event (# tasks: 0 in executor VM-120)----
----- End of taks processed event ----

 INFO 08-28 19:24:21,447 CpuBottleneckDetectorImpl:63 [pool-8-thread-1] - Current cpu load: 0.0, # processed events: 0, consecutive: 0/2, threshold: 0.9 in VM-120
 INFO 08-28 19:24:22,447 SystemLoadProfiler:50 [pool-8-thread-1] - Average CPU Load: 0.0 in VM-120
 INFO 08-28 19:24:22,447 TaskEventRateCalculator:78 [pool-8-thread-1] - ---- Start of task processed event (# tasks: 0 in executor VM-120)----
----- End of taks processed event ----

 INFO 08-28 19:24:22,447 CpuBottleneckDetectorImpl:63 [pool-8-thread-1] - Current cpu load: 0.0, # processed events: 0, consecutive: 0/2, threshold: 0.9 in VM-120
 INFO 08-28 19:24:23,447 SystemLoadProfiler:50 [pool-8-thread-1] - Average CPU Load: 0.0 in VM-120
 INFO 08-28 19:24:23,447 TaskEventRateCalculator:78 [pool-8-thread-1] - ---- Start of task processed event (# tasks: 0 in executor VM-120)----
----- End of taks processed event ----

 INFO 08-28 19:24:23,447 CpuBottleneckDetectorImpl:63 [pool-8-thread-1] - Current cpu load: 0.0, # processed events: 0, consecutive: 0/2, threshold: 0.9 in VM-120
 INFO 08-28 19:24:24,447 SystemLoadProfiler:50 [pool-8-thread-1] - Average CPU Load: 0.0 in VM-120
 INFO 08-28 19:24:24,447 TaskEventRateCalculator:78 [pool-8-thread-1] - ---- Start of task processed event (# tasks: 0 in executor VM-120)----
----- End of taks processed event ----

 INFO 08-28 19:24:24,447 CpuBottleneckDetectorImpl:63 [pool-8-thread-1] - Current cpu load: 0.0, # processed events: 0, consecutive: 0/2, threshold: 0.9 in VM-120
 INFO 08-28 19:24:25,447 SystemLoadProfiler:50 [pool-8-thread-1] - Average CPU Load: 0.0 in VM-120
 INFO 08-28 19:24:25,447 TaskEventRateCalculator:78 [pool-8-thread-1] - ---- Start of task processed event (# tasks: 0 in executor VM-120)----
----- End of taks processed event ----

 INFO 08-28 19:24:25,447 CpuBottleneckDetectorImpl:63 [pool-8-thread-1] - Current cpu load: 0.0, # processed events: 0, consecutive: 0/2, threshold: 0.9 in VM-120
 INFO 08-28 19:24:26,447 SystemLoadProfiler:50 [pool-8-thread-1] - Average CPU Load: 0.0 in VM-120
 INFO 08-28 19:24:26,447 TaskEventRateCalculator:78 [pool-8-thread-1] - ---- Start of task processed event (# tasks: 0 in executor VM-120)----
----- End of taks processed event ----

 INFO 08-28 19:24:26,447 CpuBottleneckDetectorImpl:63 [pool-8-thread-1] - Current cpu load: 0.0, # processed events: 0, consecutive: 0/2, threshold: 0.9 in VM-120
 INFO 08-28 19:24:27,447 SystemLoadProfiler:50 [pool-8-thread-1] - Average CPU Load: 0.0 in VM-120
 INFO 08-28 19:24:27,447 TaskEventRateCalculator:78 [pool-8-thread-1] - ---- Start of task processed event (# tasks: 0 in executor VM-120)----
----- End of taks processed event ----

 INFO 08-28 19:24:27,447 CpuBottleneckDetectorImpl:63 [pool-8-thread-1] - Current cpu load: 0.0, # processed events: 0, consecutive: 0/2, threshold: 0.9 in VM-120
 INFO 08-28 19:24:28,447 SystemLoadProfiler:50 [pool-8-thread-1] - Average CPU Load: 0.0 in VM-120
 INFO 08-28 19:24:28,447 TaskEventRateCalculator:78 [pool-8-thread-1] - ---- Start of task processed event (# tasks: 0 in executor VM-120)----
----- End of taks processed event ----

 INFO 08-28 19:24:28,447 CpuBottleneckDetectorImpl:63 [pool-8-thread-1] - Current cpu load: 0.0, # processed events: 0, consecutive: 0/2, threshold: 0.9 in VM-120
 INFO 08-28 19:24:29,447 SystemLoadProfiler:50 [pool-8-thread-1] - Average CPU Load: 0.0 in VM-120
 INFO 08-28 19:24:29,447 TaskEventRateCalculator:78 [pool-8-thread-1] - ---- Start of task processed event (# tasks: 0 in executor VM-120)----
----- End of taks processed event ----

 INFO 08-28 19:24:29,447 CpuBottleneckDetectorImpl:63 [pool-8-thread-1] - Current cpu load: 0.0, # processed events: 0, consecutive: 0/2, threshold: 0.9 in VM-120
 INFO 08-28 19:24:30,447 SystemLoadProfiler:50 [pool-8-thread-1] - Average CPU Load: 0.0 in VM-120
 INFO 08-28 19:24:30,447 TaskEventRateCalculator:78 [pool-8-thread-1] - ---- Start of task processed event (# tasks: 0 in executor VM-120)----
----- End of taks processed event ----

 INFO 08-28 19:24:30,447 CpuBottleneckDetectorImpl:63 [pool-8-thread-1] - Current cpu load: 0.0, # processed events: 0, consecutive: 0/2, threshold: 0.9 in VM-120
 INFO 08-28 19:24:31,447 SystemLoadProfiler:50 [pool-8-thread-1] - Average CPU Load: 0.0 in VM-120
 INFO 08-28 19:24:31,447 TaskEventRateCalculator:78 [pool-8-thread-1] - ---- Start of task processed event (# tasks: 0 in executor VM-120)----
----- End of taks processed event ----

 INFO 08-28 19:24:31,447 CpuBottleneckDetectorImpl:63 [pool-8-thread-1] - Current cpu load: 0.0, # processed events: 0, consecutive: 0/2, threshold: 0.9 in VM-120
 INFO 08-28 19:24:32,447 SystemLoadProfiler:50 [pool-8-thread-1] - Average CPU Load: 0.0 in VM-120
 INFO 08-28 19:24:32,447 TaskEventRateCalculator:78 [pool-8-thread-1] - ---- Start of task processed event (# tasks: 0 in executor VM-120)----
----- End of taks processed event ----

 INFO 08-28 19:24:32,447 CpuBottleneckDetectorImpl:63 [pool-8-thread-1] - Current cpu load: 0.0, # processed events: 0, consecutive: 0/2, threshold: 0.9 in VM-120
 INFO 08-28 19:24:33,447 SystemLoadProfiler:50 [pool-8-thread-1] - Average CPU Load: 0.0 in VM-120
 INFO 08-28 19:24:33,447 TaskEventRateCalculator:78 [pool-8-thread-1] - ---- Start of task processed event (# tasks: 0 in executor VM-120)----
----- End of taks processed event ----

 INFO 08-28 19:24:33,447 CpuBottleneckDetectorImpl:63 [pool-8-thread-1] - Current cpu load: 0.0, # processed events: 0, consecutive: 0/2, threshold: 0.9 in VM-120
 INFO 08-28 19:24:34,447 SystemLoadProfiler:50 [pool-8-thread-1] - Average CPU Load: 0.0 in VM-120
 INFO 08-28 19:24:34,447 TaskEventRateCalculator:78 [pool-8-thread-1] - ---- Start of task processed event (# tasks: 0 in executor VM-120)----
----- End of taks processed event ----

 INFO 08-28 19:24:34,447 CpuBottleneckDetectorImpl:63 [pool-8-thread-1] - Current cpu load: 0.0, # processed events: 0, consecutive: 0/2, threshold: 0.9 in VM-120
 INFO 08-28 19:24:35,447 SystemLoadProfiler:50 [pool-8-thread-1] - Average CPU Load: 0.0 in VM-120
 INFO 08-28 19:24:35,447 TaskEventRateCalculator:78 [pool-8-thread-1] - ---- Start of task processed event (# tasks: 0 in executor VM-120)----
----- End of taks processed event ----

 INFO 08-28 19:24:35,447 CpuBottleneckDetectorImpl:63 [pool-8-thread-1] - Current cpu load: 0.0, # processed events: 0, consecutive: 0/2, threshold: 0.9 in VM-120
 INFO 08-28 19:24:36,447 SystemLoadProfiler:50 [pool-8-thread-1] - Average CPU Load: 0.0 in VM-120
 INFO 08-28 19:24:36,447 TaskEventRateCalculator:78 [pool-8-thread-1] - ---- Start of task processed event (# tasks: 0 in executor VM-120)----
----- End of taks processed event ----

 INFO 08-28 19:24:36,447 CpuBottleneckDetectorImpl:63 [pool-8-thread-1] - Current cpu load: 0.0, # processed events: 0, consecutive: 0/2, threshold: 0.9 in VM-120
 INFO 08-28 19:24:37,447 SystemLoadProfiler:50 [pool-8-thread-1] - Average CPU Load: 0.0 in VM-120
 INFO 08-28 19:24:37,447 TaskEventRateCalculator:78 [pool-8-thread-1] - ---- Start of task processed event (# tasks: 0 in executor VM-120)----
----- End of taks processed event ----

 INFO 08-28 19:24:37,447 CpuBottleneckDetectorImpl:63 [pool-8-thread-1] - Current cpu load: 0.0, # processed events: 0, consecutive: 0/2, threshold: 0.9 in VM-120
 INFO 08-28 19:24:38,447 SystemLoadProfiler:50 [pool-8-thread-1] - Average CPU Load: 0.0 in VM-120
 INFO 08-28 19:24:38,447 TaskEventRateCalculator:78 [pool-8-thread-1] - ---- Start of task processed event (# tasks: 0 in executor VM-120)----
----- End of taks processed event ----

 INFO 08-28 19:24:38,447 CpuBottleneckDetectorImpl:63 [pool-8-thread-1] - Current cpu load: 0.0, # processed events: 0, consecutive: 0/2, threshold: 0.9 in VM-120
 INFO 08-28 19:24:39,447 SystemLoadProfiler:50 [pool-8-thread-1] - Average CPU Load: 0.0 in VM-120
 INFO 08-28 19:24:39,447 TaskEventRateCalculator:78 [pool-8-thread-1] - ---- Start of task processed event (# tasks: 0 in executor VM-120)----
----- End of taks processed event ----

 INFO 08-28 19:24:39,447 CpuBottleneckDetectorImpl:63 [pool-8-thread-1] - Current cpu load: 0.0, # processed events: 0, consecutive: 0/2, threshold: 0.9 in VM-120
 INFO 08-28 19:24:40,447 SystemLoadProfiler:50 [pool-8-thread-1] - Average CPU Load: 0.0 in VM-120
 INFO 08-28 19:24:40,447 TaskEventRateCalculator:78 [pool-8-thread-1] - ---- Start of task processed event (# tasks: 0 in executor VM-120)----
----- End of taks processed event ----

 INFO 08-28 19:24:40,447 CpuBottleneckDetectorImpl:63 [pool-8-thread-1] - Current cpu load: 0.0, # processed events: 0, consecutive: 0/2, threshold: 0.9 in VM-120
 INFO 08-28 19:24:41,447 SystemLoadProfiler:50 [pool-8-thread-1] - Average CPU Load: 0.0 in VM-120
 INFO 08-28 19:24:41,447 TaskEventRateCalculator:78 [pool-8-thread-1] - ---- Start of task processed event (# tasks: 0 in executor VM-120)----
----- End of taks processed event ----

 INFO 08-28 19:24:41,447 CpuBottleneckDetectorImpl:63 [pool-8-thread-1] - Current cpu load: 0.0, # processed events: 0, consecutive: 0/2, threshold: 0.9 in VM-120
 INFO 08-28 19:24:42,447 SystemLoadProfiler:50 [pool-8-thread-1] - Average CPU Load: 0.0 in VM-120
 INFO 08-28 19:24:42,447 TaskEventRateCalculator:78 [pool-8-thread-1] - ---- Start of task processed event (# tasks: 0 in executor VM-120)----
----- End of taks processed event ----

 INFO 08-28 19:24:42,447 CpuBottleneckDetectorImpl:63 [pool-8-thread-1] - Current cpu load: 0.0, # processed events: 0, consecutive: 0/2, threshold: 0.9 in VM-120
 INFO 08-28 19:24:43,447 SystemLoadProfiler:50 [pool-8-thread-1] - Average CPU Load: 0.0 in VM-120
 INFO 08-28 19:24:43,447 TaskEventRateCalculator:78 [pool-8-thread-1] - ---- Start of task processed event (# tasks: 0 in executor VM-120)----
----- End of taks processed event ----

 INFO 08-28 19:24:43,447 CpuBottleneckDetectorImpl:63 [pool-8-thread-1] - Current cpu load: 0.0, # processed events: 0, consecutive: 0/2, threshold: 0.9 in VM-120
 INFO 08-28 19:24:44,447 SystemLoadProfiler:50 [pool-8-thread-1] - Average CPU Load: 0.0 in VM-120
 INFO 08-28 19:24:44,447 TaskEventRateCalculator:78 [pool-8-thread-1] - ---- Start of task processed event (# tasks: 0 in executor VM-120)----
----- End of taks processed event ----

 INFO 08-28 19:24:44,447 CpuBottleneckDetectorImpl:63 [pool-8-thread-1] - Current cpu load: 0.0, # processed events: 0, consecutive: 0/2, threshold: 0.9 in VM-120
 INFO 08-28 19:24:45,447 SystemLoadProfiler:50 [pool-8-thread-1] - Average CPU Load: 0.0 in VM-120
 INFO 08-28 19:24:45,447 TaskEventRateCalculator:78 [pool-8-thread-1] - ---- Start of task processed event (# tasks: 0 in executor VM-120)----
----- End of taks processed event ----

 INFO 08-28 19:24:45,447 CpuBottleneckDetectorImpl:63 [pool-8-thread-1] - Current cpu load: 0.0, # processed events: 0, consecutive: 0/2, threshold: 0.9 in VM-120
 INFO 08-28 19:24:46,447 SystemLoadProfiler:50 [pool-8-thread-1] - Average CPU Load: 0.0 in VM-120
 INFO 08-28 19:24:46,447 TaskEventRateCalculator:78 [pool-8-thread-1] - ---- Start of task processed event (# tasks: 0 in executor VM-120)----
----- End of taks processed event ----

 INFO 08-28 19:24:46,447 CpuBottleneckDetectorImpl:63 [pool-8-thread-1] - Current cpu load: 0.0, # processed events: 0, consecutive: 0/2, threshold: 0.9 in VM-120
 INFO 08-28 19:24:47,447 SystemLoadProfiler:50 [pool-8-thread-1] - Average CPU Load: 0.0 in VM-120
 INFO 08-28 19:24:47,447 TaskEventRateCalculator:78 [pool-8-thread-1] - ---- Start of task processed event (# tasks: 0 in executor VM-120)----
----- End of taks processed event ----

 INFO 08-28 19:24:47,447 CpuBottleneckDetectorImpl:63 [pool-8-thread-1] - Current cpu load: 0.0, # processed events: 0, consecutive: 0/2, threshold: 0.9 in VM-120
 INFO 08-28 19:24:48,447 SystemLoadProfiler:50 [pool-8-thread-1] - Average CPU Load: 0.0 in VM-120
 INFO 08-28 19:24:48,447 TaskEventRateCalculator:78 [pool-8-thread-1] - ---- Start of task processed event (# tasks: 0 in executor VM-120)----
----- End of taks processed event ----

 INFO 08-28 19:24:48,447 CpuBottleneckDetectorImpl:63 [pool-8-thread-1] - Current cpu load: 0.0, # processed events: 0, consecutive: 0/2, threshold: 0.9 in VM-120
 INFO 08-28 19:24:49,447 SystemLoadProfiler:50 [pool-8-thread-1] - Average CPU Load: 0.0 in VM-120
 INFO 08-28 19:24:49,447 TaskEventRateCalculator:78 [pool-8-thread-1] - ---- Start of task processed event (# tasks: 0 in executor VM-120)----
----- End of taks processed event ----

 INFO 08-28 19:24:49,447 CpuBottleneckDetectorImpl:63 [pool-8-thread-1] - Current cpu load: 0.0, # processed events: 0, consecutive: 0/2, threshold: 0.9 in VM-120
 INFO 08-28 19:24:50,447 SystemLoadProfiler:50 [pool-8-thread-1] - Average CPU Load: 0.0 in VM-120
 INFO 08-28 19:24:50,447 TaskEventRateCalculator:78 [pool-8-thread-1] - ---- Start of task processed event (# tasks: 0 in executor VM-120)----
----- End of taks processed event ----

 INFO 08-28 19:24:50,447 CpuBottleneckDetectorImpl:63 [pool-8-thread-1] - Current cpu load: 0.0, # processed events: 0, consecutive: 0/2, threshold: 0.9 in VM-120
 INFO 08-28 19:24:51,447 SystemLoadProfiler:50 [pool-8-thread-1] - Average CPU Load: 0.0 in VM-120
 INFO 08-28 19:24:51,447 TaskEventRateCalculator:78 [pool-8-thread-1] - ---- Start of task processed event (# tasks: 0 in executor VM-120)----
----- End of taks processed event ----

 INFO 08-28 19:24:51,447 CpuBottleneckDetectorImpl:63 [pool-8-thread-1] - Current cpu load: 0.0, # processed events: 0, consecutive: 0/2, threshold: 0.9 in VM-120
 INFO 08-28 19:24:52,447 SystemLoadProfiler:50 [pool-8-thread-1] - Average CPU Load: 0.0 in VM-120
 INFO 08-28 19:24:52,447 TaskEventRateCalculator:78 [pool-8-thread-1] - ---- Start of task processed event (# tasks: 0 in executor VM-120)----
----- End of taks processed event ----

 INFO 08-28 19:24:52,447 CpuBottleneckDetectorImpl:63 [pool-8-thread-1] - Current cpu load: 0.0, # processed events: 0, consecutive: 0/2, threshold: 0.9 in VM-120
 INFO 08-28 19:24:53,447 SystemLoadProfiler:50 [pool-8-thread-1] - Average CPU Load: 0.0 in VM-120
 INFO 08-28 19:24:53,447 TaskEventRateCalculator:78 [pool-8-thread-1] - ---- Start of task processed event (# tasks: 0 in executor VM-120)----
----- End of taks processed event ----

 INFO 08-28 19:24:53,447 CpuBottleneckDetectorImpl:63 [pool-8-thread-1] - Current cpu load: 0.0, # processed events: 0, consecutive: 0/2, threshold: 0.9 in VM-120
 INFO 08-28 19:24:54,447 SystemLoadProfiler:50 [pool-8-thread-1] - Average CPU Load: 0.0 in VM-120
 INFO 08-28 19:24:54,447 TaskEventRateCalculator:78 [pool-8-thread-1] - ---- Start of task processed event (# tasks: 0 in executor VM-120)----
----- End of taks processed event ----

 INFO 08-28 19:24:54,447 CpuBottleneckDetectorImpl:63 [pool-8-thread-1] - Current cpu load: 0.0, # processed events: 0, consecutive: 0/2, threshold: 0.9 in VM-120
 INFO 08-28 19:24:55,447 SystemLoadProfiler:50 [pool-8-thread-1] - Average CPU Load: 0.0 in VM-120
 INFO 08-28 19:24:55,447 TaskEventRateCalculator:78 [pool-8-thread-1] - ---- Start of task processed event (# tasks: 0 in executor VM-120)----
----- End of taks processed event ----

 INFO 08-28 19:24:55,447 CpuBottleneckDetectorImpl:63 [pool-8-thread-1] - Current cpu load: 0.0, # processed events: 0, consecutive: 0/2, threshold: 0.9 in VM-120
 INFO 08-28 19:24:56,447 SystemLoadProfiler:50 [pool-8-thread-1] - Average CPU Load: 0.0 in VM-120
 INFO 08-28 19:24:56,447 TaskEventRateCalculator:78 [pool-8-thread-1] - ---- Start of task processed event (# tasks: 0 in executor VM-120)----
----- End of taks processed event ----

 INFO 08-28 19:24:56,447 CpuBottleneckDetectorImpl:63 [pool-8-thread-1] - Current cpu load: 0.0, # processed events: 0, consecutive: 0/2, threshold: 0.9 in VM-120
 INFO 08-28 19:24:57,447 SystemLoadProfiler:50 [pool-8-thread-1] - Average CPU Load: 0.0 in VM-120
 INFO 08-28 19:24:57,447 TaskEventRateCalculator:78 [pool-8-thread-1] - ---- Start of task processed event (# tasks: 0 in executor VM-120)----
----- End of taks processed event ----

 INFO 08-28 19:24:57,447 CpuBottleneckDetectorImpl:63 [pool-8-thread-1] - Current cpu load: 0.0, # processed events: 0, consecutive: 0/2, threshold: 0.9 in VM-120
 INFO 08-28 19:24:58,447 SystemLoadProfiler:50 [pool-8-thread-1] - Average CPU Load: 0.0 in VM-120
 INFO 08-28 19:24:58,447 TaskEventRateCalculator:78 [pool-8-thread-1] - ---- Start of task processed event (# tasks: 0 in executor VM-120)----
----- End of taks processed event ----

 INFO 08-28 19:24:58,447 CpuBottleneckDetectorImpl:63 [pool-8-thread-1] - Current cpu load: 0.0, # processed events: 0, consecutive: 0/2, threshold: 0.9 in VM-120
 INFO 08-28 19:24:59,447 SystemLoadProfiler:50 [pool-8-thread-1] - Average CPU Load: 0.0 in VM-120
 INFO 08-28 19:24:59,447 TaskEventRateCalculator:78 [pool-8-thread-1] - ---- Start of task processed event (# tasks: 0 in executor VM-120)----
----- End of taks processed event ----

 INFO 08-28 19:24:59,447 CpuBottleneckDetectorImpl:63 [pool-8-thread-1] - Current cpu load: 0.0, # processed events: 0, consecutive: 0/2, threshold: 0.9 in VM-120
 INFO 08-28 19:25:00,447 SystemLoadProfiler:50 [pool-8-thread-1] - Average CPU Load: 0.0 in VM-120
 INFO 08-28 19:25:00,447 TaskEventRateCalculator:78 [pool-8-thread-1] - ---- Start of task processed event (# tasks: 0 in executor VM-120)----
----- End of taks processed event ----

 INFO 08-28 19:25:00,447 CpuBottleneckDetectorImpl:63 [pool-8-thread-1] - Current cpu load: 0.0, # processed events: 0, consecutive: 0/2, threshold: 0.9 in VM-120
 INFO 08-28 19:25:01,447 SystemLoadProfiler:50 [pool-8-thread-1] - Average CPU Load: 0.0 in VM-120
 INFO 08-28 19:25:01,447 TaskEventRateCalculator:78 [pool-8-thread-1] - ---- Start of task processed event (# tasks: 0 in executor VM-120)----
----- End of taks processed event ----

 INFO 08-28 19:25:01,447 CpuBottleneckDetectorImpl:63 [pool-8-thread-1] - Current cpu load: 0.0, # processed events: 0, consecutive: 0/2, threshold: 0.9 in VM-120
 INFO 08-28 19:25:02,447 SystemLoadProfiler:50 [pool-8-thread-1] - Average CPU Load: 0.0 in VM-120
 INFO 08-28 19:25:02,447 TaskEventRateCalculator:78 [pool-8-thread-1] - ---- Start of task processed event (# tasks: 0 in executor VM-120)----
----- End of taks processed event ----

 INFO 08-28 19:25:02,447 CpuBottleneckDetectorImpl:63 [pool-8-thread-1] - Current cpu load: 0.0, # processed events: 0, consecutive: 0/2, threshold: 0.9 in VM-120
 INFO 08-28 19:25:03,447 SystemLoadProfiler:50 [pool-8-thread-1] - Average CPU Load: 0.0 in VM-120
 INFO 08-28 19:25:03,447 TaskEventRateCalculator:78 [pool-8-thread-1] - ---- Start of task processed event (# tasks: 0 in executor VM-120)----
----- End of taks processed event ----

 INFO 08-28 19:25:03,447 CpuBottleneckDetectorImpl:63 [pool-8-thread-1] - Current cpu load: 0.0, # processed events: 0, consecutive: 0/2, threshold: 0.9 in VM-120
 INFO 08-28 19:25:04,447 SystemLoadProfiler:50 [pool-8-thread-1] - Average CPU Load: 0.0 in VM-120
 INFO 08-28 19:25:04,447 TaskEventRateCalculator:78 [pool-8-thread-1] - ---- Start of task processed event (# tasks: 0 in executor VM-120)----
----- End of taks processed event ----

 INFO 08-28 19:25:04,447 CpuBottleneckDetectorImpl:63 [pool-8-thread-1] - Current cpu load: 0.0, # processed events: 0, consecutive: 0/2, threshold: 0.9 in VM-120
 INFO 08-28 19:25:05,447 SystemLoadProfiler:50 [pool-8-thread-1] - Average CPU Load: 0.0 in VM-120
 INFO 08-28 19:25:05,447 TaskEventRateCalculator:78 [pool-8-thread-1] - ---- Start of task processed event (# tasks: 0 in executor VM-120)----
----- End of taks processed event ----

 INFO 08-28 19:25:05,447 CpuBottleneckDetectorImpl:63 [pool-8-thread-1] - Current cpu load: 0.0, # processed events: 0, consecutive: 0/2, threshold: 0.9 in VM-120
 INFO 08-28 19:25:06,447 SystemLoadProfiler:50 [pool-8-thread-1] - Average CPU Load: 0.0 in VM-120
 INFO 08-28 19:25:06,447 TaskEventRateCalculator:78 [pool-8-thread-1] - ---- Start of task processed event (# tasks: 0 in executor VM-120)----
----- End of taks processed event ----

 INFO 08-28 19:25:06,447 CpuBottleneckDetectorImpl:63 [pool-8-thread-1] - Current cpu load: 0.0, # processed events: 0, consecutive: 0/2, threshold: 0.9 in VM-120
 INFO 08-28 19:25:07,447 SystemLoadProfiler:50 [pool-8-thread-1] - Average CPU Load: 0.0 in VM-120
 INFO 08-28 19:25:07,447 TaskEventRateCalculator:78 [pool-8-thread-1] - ---- Start of task processed event (# tasks: 0 in executor VM-120)----
----- End of taks processed event ----

 INFO 08-28 19:25:07,447 CpuBottleneckDetectorImpl:63 [pool-8-thread-1] - Current cpu load: 0.0, # processed events: 0, consecutive: 0/2, threshold: 0.9 in VM-120
 INFO 08-28 19:25:08,447 SystemLoadProfiler:50 [pool-8-thread-1] - Average CPU Load: 0.0 in VM-120
 INFO 08-28 19:25:08,447 TaskEventRateCalculator:78 [pool-8-thread-1] - ---- Start of task processed event (# tasks: 0 in executor VM-120)----
----- End of taks processed event ----

 INFO 08-28 19:25:08,447 CpuBottleneckDetectorImpl:63 [pool-8-thread-1] - Current cpu load: 0.0, # processed events: 0, consecutive: 0/2, threshold: 0.9 in VM-120
 INFO 08-28 19:25:09,447 SystemLoadProfiler:50 [pool-8-thread-1] - Average CPU Load: 0.0 in VM-120
 INFO 08-28 19:25:09,447 TaskEventRateCalculator:78 [pool-8-thread-1] - ---- Start of task processed event (# tasks: 0 in executor VM-120)----
----- End of taks processed event ----

 INFO 08-28 19:25:09,447 CpuBottleneckDetectorImpl:63 [pool-8-thread-1] - Current cpu load: 0.0, # processed events: 0, consecutive: 0/2, threshold: 0.9 in VM-120
 INFO 08-28 19:25:10,447 SystemLoadProfiler:50 [pool-8-thread-1] - Average CPU Load: 0.0 in VM-120
 INFO 08-28 19:25:10,447 TaskEventRateCalculator:78 [pool-8-thread-1] - ---- Start of task processed event (# tasks: 0 in executor VM-120)----
----- End of taks processed event ----

 INFO 08-28 19:25:10,447 CpuBottleneckDetectorImpl:63 [pool-8-thread-1] - Current cpu load: 0.0, # processed events: 0, consecutive: 0/2, threshold: 0.9 in VM-120
 INFO 08-28 19:25:11,447 SystemLoadProfiler:50 [pool-8-thread-1] - Average CPU Load: 0.0 in VM-120
 INFO 08-28 19:25:11,447 TaskEventRateCalculator:78 [pool-8-thread-1] - ---- Start of task processed event (# tasks: 0 in executor VM-120)----
----- End of taks processed event ----

 INFO 08-28 19:25:11,447 CpuBottleneckDetectorImpl:63 [pool-8-thread-1] - Current cpu load: 0.0, # processed events: 0, consecutive: 0/2, threshold: 0.9 in VM-120
 INFO 08-28 19:25:12,447 SystemLoadProfiler:50 [pool-8-thread-1] - Average CPU Load: 0.0 in VM-120
 INFO 08-28 19:25:12,447 TaskEventRateCalculator:78 [pool-8-thread-1] - ---- Start of task processed event (# tasks: 0 in executor VM-120)----
----- End of taks processed event ----

 INFO 08-28 19:25:12,447 CpuBottleneckDetectorImpl:63 [pool-8-thread-1] - Current cpu load: 0.0, # processed events: 0, consecutive: 0/2, threshold: 0.9 in VM-120
 INFO 08-28 19:25:13,447 SystemLoadProfiler:50 [pool-8-thread-1] - Average CPU Load: 0.0 in VM-120
 INFO 08-28 19:25:13,447 TaskEventRateCalculator:78 [pool-8-thread-1] - ---- Start of task processed event (# tasks: 0 in executor VM-120)----
----- End of taks processed event ----

 INFO 08-28 19:25:13,447 CpuBottleneckDetectorImpl:63 [pool-8-thread-1] - Current cpu load: 0.0, # processed events: 0, consecutive: 0/2, threshold: 0.9 in VM-120
 INFO 08-28 19:25:14,447 SystemLoadProfiler:50 [pool-8-thread-1] - Average CPU Load: 0.0 in VM-120
 INFO 08-28 19:25:14,447 TaskEventRateCalculator:78 [pool-8-thread-1] - ---- Start of task processed event (# tasks: 0 in executor VM-120)----
----- End of taks processed event ----

 INFO 08-28 19:25:14,447 CpuBottleneckDetectorImpl:63 [pool-8-thread-1] - Current cpu load: 0.0, # processed events: 0, consecutive: 0/2, threshold: 0.9 in VM-120
 INFO 08-28 19:25:15,447 SystemLoadProfiler:50 [pool-8-thread-1] - Average CPU Load: 0.0 in VM-120
 INFO 08-28 19:25:15,447 TaskEventRateCalculator:78 [pool-8-thread-1] - ---- Start of task processed event (# tasks: 0 in executor VM-120)----
----- End of taks processed event ----

 INFO 08-28 19:25:15,447 CpuBottleneckDetectorImpl:63 [pool-8-thread-1] - Current cpu load: 0.0, # processed events: 0, consecutive: 0/2, threshold: 0.9 in VM-120
 INFO 08-28 19:25:16,447 SystemLoadProfiler:50 [pool-8-thread-1] - Average CPU Load: 0.0 in VM-120
 INFO 08-28 19:25:16,447 TaskEventRateCalculator:78 [pool-8-thread-1] - ---- Start of task processed event (# tasks: 0 in executor VM-120)----
----- End of taks processed event ----

 INFO 08-28 19:25:16,447 CpuBottleneckDetectorImpl:63 [pool-8-thread-1] - Current cpu load: 0.0, # processed events: 0, consecutive: 0/2, threshold: 0.9 in VM-120
 INFO 08-28 19:25:17,447 SystemLoadProfiler:50 [pool-8-thread-1] - Average CPU Load: 0.0 in VM-120
 INFO 08-28 19:25:17,447 TaskEventRateCalculator:78 [pool-8-thread-1] - ---- Start of task processed event (# tasks: 0 in executor VM-120)----
----- End of taks processed event ----

 INFO 08-28 19:25:17,447 CpuBottleneckDetectorImpl:63 [pool-8-thread-1] - Current cpu load: 0.0, # processed events: 0, consecutive: 0/2, threshold: 0.9 in VM-120
 INFO 08-28 19:25:18,447 SystemLoadProfiler:50 [pool-8-thread-1] - Average CPU Load: 0.0 in VM-120
 INFO 08-28 19:25:18,447 TaskEventRateCalculator:78 [pool-8-thread-1] - ---- Start of task processed event (# tasks: 0 in executor VM-120)----
----- End of taks processed event ----

 INFO 08-28 19:25:18,447 CpuBottleneckDetectorImpl:63 [pool-8-thread-1] - Current cpu load: 0.0, # processed events: 0, consecutive: 0/2, threshold: 0.9 in VM-120
 INFO 08-28 19:25:19,447 SystemLoadProfiler:50 [pool-8-thread-1] - Average CPU Load: 0.0 in VM-120
 INFO 08-28 19:25:19,447 TaskEventRateCalculator:78 [pool-8-thread-1] - ---- Start of task processed event (# tasks: 0 in executor VM-120)----
----- End of taks processed event ----

 INFO 08-28 19:25:19,447 CpuBottleneckDetectorImpl:63 [pool-8-thread-1] - Current cpu load: 0.0, # processed events: 0, consecutive: 0/2, threshold: 0.9 in VM-120
 INFO 08-28 19:25:20,447 SystemLoadProfiler:50 [pool-8-thread-1] - Average CPU Load: 0.0 in VM-120
 INFO 08-28 19:25:20,447 TaskEventRateCalculator:78 [pool-8-thread-1] - ---- Start of task processed event (# tasks: 0 in executor VM-120)----
----- End of taks processed event ----

 INFO 08-28 19:25:20,447 CpuBottleneckDetectorImpl:63 [pool-8-thread-1] - Current cpu load: 0.0, # processed events: 0, consecutive: 0/2, threshold: 0.9 in VM-120
 INFO 08-28 19:25:21,447 SystemLoadProfiler:50 [pool-8-thread-1] - Average CPU Load: 0.0 in VM-120
 INFO 08-28 19:25:21,447 TaskEventRateCalculator:78 [pool-8-thread-1] - ---- Start of task processed event (# tasks: 0 in executor VM-120)----
----- End of taks processed event ----

 INFO 08-28 19:25:21,447 CpuBottleneckDetectorImpl:63 [pool-8-thread-1] - Current cpu load: 0.0, # processed events: 0, consecutive: 0/2, threshold: 0.9 in VM-120
 INFO 08-28 19:25:22,447 SystemLoadProfiler:50 [pool-8-thread-1] - Average CPU Load: 0.0 in VM-120
 INFO 08-28 19:25:22,447 TaskEventRateCalculator:78 [pool-8-thread-1] - ---- Start of task processed event (# tasks: 0 in executor VM-120)----
----- End of taks processed event ----

 INFO 08-28 19:25:22,447 CpuBottleneckDetectorImpl:63 [pool-8-thread-1] - Current cpu load: 0.0, # processed events: 0, consecutive: 0/2, threshold: 0.9 in VM-120
 INFO 08-28 19:25:23,447 SystemLoadProfiler:50 [pool-8-thread-1] - Average CPU Load: 0.0 in VM-120
 INFO 08-28 19:25:23,447 TaskEventRateCalculator:78 [pool-8-thread-1] - ---- Start of task processed event (# tasks: 0 in executor VM-120)----
----- End of taks processed event ----

 INFO 08-28 19:25:23,447 CpuBottleneckDetectorImpl:63 [pool-8-thread-1] - Current cpu load: 0.0, # processed events: 0, consecutive: 0/2, threshold: 0.9 in VM-120
 INFO 08-28 19:25:24,447 SystemLoadProfiler:50 [pool-8-thread-1] - Average CPU Load: 0.0 in VM-120
 INFO 08-28 19:25:24,447 TaskEventRateCalculator:78 [pool-8-thread-1] - ---- Start of task processed event (# tasks: 0 in executor VM-120)----
----- End of taks processed event ----

 INFO 08-28 19:25:24,447 CpuBottleneckDetectorImpl:63 [pool-8-thread-1] - Current cpu load: 0.0, # processed events: 0, consecutive: 0/2, threshold: 0.9 in VM-120
 INFO 08-28 19:25:25,447 SystemLoadProfiler:50 [pool-8-thread-1] - Average CPU Load: 0.0 in VM-120
 INFO 08-28 19:25:25,447 TaskEventRateCalculator:78 [pool-8-thread-1] - ---- Start of task processed event (# tasks: 0 in executor VM-120)----
----- End of taks processed event ----

 INFO 08-28 19:25:25,447 CpuBottleneckDetectorImpl:63 [pool-8-thread-1] - Current cpu load: 0.0, # processed events: 0, consecutive: 0/2, threshold: 0.9 in VM-120
 INFO 08-28 19:25:26,447 SystemLoadProfiler:50 [pool-8-thread-1] - Average CPU Load: 0.0 in VM-120
 INFO 08-28 19:25:26,447 TaskEventRateCalculator:78 [pool-8-thread-1] - ---- Start of task processed event (# tasks: 0 in executor VM-120)----
----- End of taks processed event ----

 INFO 08-28 19:25:26,447 CpuBottleneckDetectorImpl:63 [pool-8-thread-1] - Current cpu load: 0.0, # processed events: 0, consecutive: 0/2, threshold: 0.9 in VM-120
 INFO 08-28 19:25:27,447 SystemLoadProfiler:50 [pool-8-thread-1] - Average CPU Load: 0.0 in VM-120
 INFO 08-28 19:25:27,447 TaskEventRateCalculator:78 [pool-8-thread-1] - ---- Start of task processed event (# tasks: 0 in executor VM-120)----
----- End of taks processed event ----

 INFO 08-28 19:25:27,447 CpuBottleneckDetectorImpl:63 [pool-8-thread-1] - Current cpu load: 0.0, # processed events: 0, consecutive: 0/2, threshold: 0.9 in VM-120
 INFO 08-28 19:25:28,447 SystemLoadProfiler:50 [pool-8-thread-1] - Average CPU Load: 0.0 in VM-120
 INFO 08-28 19:25:28,447 TaskEventRateCalculator:78 [pool-8-thread-1] - ---- Start of task processed event (# tasks: 0 in executor VM-120)----
----- End of taks processed event ----

 INFO 08-28 19:25:28,447 CpuBottleneckDetectorImpl:63 [pool-8-thread-1] - Current cpu load: 0.0, # processed events: 0, consecutive: 0/2, threshold: 0.9 in VM-120
 INFO 08-28 19:25:29,447 SystemLoadProfiler:50 [pool-8-thread-1] - Average CPU Load: 0.0 in VM-120
 INFO 08-28 19:25:29,447 TaskEventRateCalculator:78 [pool-8-thread-1] - ---- Start of task processed event (# tasks: 0 in executor VM-120)----
----- End of taks processed event ----

 INFO 08-28 19:25:29,447 CpuBottleneckDetectorImpl:63 [pool-8-thread-1] - Current cpu load: 0.0, # processed events: 0, consecutive: 0/2, threshold: 0.9 in VM-120
 INFO 08-28 19:25:30,447 SystemLoadProfiler:50 [pool-8-thread-1] - Average CPU Load: 0.0 in VM-120
 INFO 08-28 19:25:30,447 TaskEventRateCalculator:78 [pool-8-thread-1] - ---- Start of task processed event (# tasks: 0 in executor VM-120)----
----- End of taks processed event ----

 INFO 08-28 19:25:30,447 CpuBottleneckDetectorImpl:63 [pool-8-thread-1] - Current cpu load: 0.0, # processed events: 0, consecutive: 0/2, threshold: 0.9 in VM-120
 INFO 08-28 19:25:31,447 SystemLoadProfiler:50 [pool-8-thread-1] - Average CPU Load: 0.0 in VM-120
 INFO 08-28 19:25:31,447 TaskEventRateCalculator:78 [pool-8-thread-1] - ---- Start of task processed event (# tasks: 0 in executor VM-120)----
----- End of taks processed event ----

 INFO 08-28 19:25:31,447 CpuBottleneckDetectorImpl:63 [pool-8-thread-1] - Current cpu load: 0.0, # processed events: 0, consecutive: 0/2, threshold: 0.9 in VM-120
 INFO 08-28 19:25:32,447 SystemLoadProfiler:50 [pool-8-thread-1] - Average CPU Load: 0.0 in VM-120
 INFO 08-28 19:25:32,447 TaskEventRateCalculator:78 [pool-8-thread-1] - ---- Start of task processed event (# tasks: 0 in executor VM-120)----
----- End of taks processed event ----

 INFO 08-28 19:25:32,447 CpuBottleneckDetectorImpl:63 [pool-8-thread-1] - Current cpu load: 0.0, # processed events: 0, consecutive: 0/2, threshold: 0.9 in VM-120
 INFO 08-28 19:25:33,447 SystemLoadProfiler:50 [pool-8-thread-1] - Average CPU Load: 0.0 in VM-120
 INFO 08-28 19:25:33,447 TaskEventRateCalculator:78 [pool-8-thread-1] - ---- Start of task processed event (# tasks: 0 in executor VM-120)----
----- End of taks processed event ----

 INFO 08-28 19:25:33,447 CpuBottleneckDetectorImpl:63 [pool-8-thread-1] - Current cpu load: 0.0, # processed events: 0, consecutive: 0/2, threshold: 0.9 in VM-120
 INFO 08-28 19:25:34,447 SystemLoadProfiler:50 [pool-8-thread-1] - Average CPU Load: 0.0 in VM-120
 INFO 08-28 19:25:34,447 TaskEventRateCalculator:78 [pool-8-thread-1] - ---- Start of task processed event (# tasks: 0 in executor VM-120)----
----- End of taks processed event ----

 INFO 08-28 19:25:34,447 CpuBottleneckDetectorImpl:63 [pool-8-thread-1] - Current cpu load: 0.0, # processed events: 0, consecutive: 0/2, threshold: 0.9 in VM-120
 INFO 08-28 19:25:35,447 SystemLoadProfiler:50 [pool-8-thread-1] - Average CPU Load: 0.0 in VM-120
 INFO 08-28 19:25:35,447 TaskEventRateCalculator:78 [pool-8-thread-1] - ---- Start of task processed event (# tasks: 0 in executor VM-120)----
----- End of taks processed event ----

 INFO 08-28 19:25:35,447 CpuBottleneckDetectorImpl:63 [pool-8-thread-1] - Current cpu load: 0.0, # processed events: 0, consecutive: 0/2, threshold: 0.9 in VM-120
 INFO 08-28 19:25:36,447 SystemLoadProfiler:50 [pool-8-thread-1] - Average CPU Load: 0.0 in VM-120
 INFO 08-28 19:25:36,447 TaskEventRateCalculator:78 [pool-8-thread-1] - ---- Start of task processed event (# tasks: 0 in executor VM-120)----
----- End of taks processed event ----

 INFO 08-28 19:25:36,447 CpuBottleneckDetectorImpl:63 [pool-8-thread-1] - Current cpu load: 0.0, # processed events: 0, consecutive: 0/2, threshold: 0.9 in VM-120
 INFO 08-28 19:25:37,447 SystemLoadProfiler:50 [pool-8-thread-1] - Average CPU Load: 0.0 in VM-120
 INFO 08-28 19:25:37,447 TaskEventRateCalculator:78 [pool-8-thread-1] - ---- Start of task processed event (# tasks: 0 in executor VM-120)----
----- End of taks processed event ----

 INFO 08-28 19:25:37,447 CpuBottleneckDetectorImpl:63 [pool-8-thread-1] - Current cpu load: 0.0, # processed events: 0, consecutive: 0/2, threshold: 0.9 in VM-120
 INFO 08-28 19:25:38,447 SystemLoadProfiler:50 [pool-8-thread-1] - Average CPU Load: 0.0 in VM-120
 INFO 08-28 19:25:38,447 TaskEventRateCalculator:78 [pool-8-thread-1] - ---- Start of task processed event (# tasks: 0 in executor VM-120)----
----- End of taks processed event ----

 INFO 08-28 19:25:38,447 CpuBottleneckDetectorImpl:63 [pool-8-thread-1] - Current cpu load: 0.0, # processed events: 0, consecutive: 0/2, threshold: 0.9 in VM-120
 INFO 08-28 19:25:39,447 SystemLoadProfiler:50 [pool-8-thread-1] - Average CPU Load: 0.0 in VM-120
 INFO 08-28 19:25:39,447 TaskEventRateCalculator:78 [pool-8-thread-1] - ---- Start of task processed event (# tasks: 0 in executor VM-120)----
----- End of taks processed event ----

 INFO 08-28 19:25:39,447 CpuBottleneckDetectorImpl:63 [pool-8-thread-1] - Current cpu load: 0.0, # processed events: 0, consecutive: 0/2, threshold: 0.9 in VM-120
 INFO 08-28 19:25:40,447 SystemLoadProfiler:50 [pool-8-thread-1] - Average CPU Load: 0.0 in VM-120
 INFO 08-28 19:25:40,447 TaskEventRateCalculator:78 [pool-8-thread-1] - ---- Start of task processed event (# tasks: 0 in executor VM-120)----
----- End of taks processed event ----

 INFO 08-28 19:25:40,447 CpuBottleneckDetectorImpl:63 [pool-8-thread-1] - Current cpu load: 0.0, # processed events: 0, consecutive: 0/2, threshold: 0.9 in VM-120
 INFO 08-28 19:25:41,447 SystemLoadProfiler:50 [pool-8-thread-1] - Average CPU Load: 0.0 in VM-120
 INFO 08-28 19:25:41,447 TaskEventRateCalculator:78 [pool-8-thread-1] - ---- Start of task processed event (# tasks: 0 in executor VM-120)----
----- End of taks processed event ----

 INFO 08-28 19:25:41,447 CpuBottleneckDetectorImpl:63 [pool-8-thread-1] - Current cpu load: 0.0, # processed events: 0, consecutive: 0/2, threshold: 0.9 in VM-120
 INFO 08-28 19:25:42,447 SystemLoadProfiler:50 [pool-8-thread-1] - Average CPU Load: 0.0 in VM-120
 INFO 08-28 19:25:42,447 TaskEventRateCalculator:78 [pool-8-thread-1] - ---- Start of task processed event (# tasks: 0 in executor VM-120)----
----- End of taks processed event ----

 INFO 08-28 19:25:42,447 CpuBottleneckDetectorImpl:63 [pool-8-thread-1] - Current cpu load: 0.0, # processed events: 0, consecutive: 0/2, threshold: 0.9 in VM-120
 INFO 08-28 19:25:43,447 SystemLoadProfiler:50 [pool-8-thread-1] - Average CPU Load: 0.0 in VM-120
 INFO 08-28 19:25:43,447 TaskEventRateCalculator:78 [pool-8-thread-1] - ---- Start of task processed event (# tasks: 0 in executor VM-120)----
----- End of taks processed event ----

 INFO 08-28 19:25:43,447 CpuBottleneckDetectorImpl:63 [pool-8-thread-1] - Current cpu load: 0.0, # processed events: 0, consecutive: 0/2, threshold: 0.9 in VM-120
 INFO 08-28 19:25:44,447 SystemLoadProfiler:50 [pool-8-thread-1] - Average CPU Load: 0.0 in VM-120
 INFO 08-28 19:25:44,447 TaskEventRateCalculator:78 [pool-8-thread-1] - ---- Start of task processed event (# tasks: 0 in executor VM-120)----
----- End of taks processed event ----

 INFO 08-28 19:25:44,447 CpuBottleneckDetectorImpl:63 [pool-8-thread-1] - Current cpu load: 0.0, # processed events: 0, consecutive: 0/2, threshold: 0.9 in VM-120
 INFO 08-28 19:25:45,447 SystemLoadProfiler:50 [pool-8-thread-1] - Average CPU Load: 0.0 in VM-120
 INFO 08-28 19:25:45,447 TaskEventRateCalculator:78 [pool-8-thread-1] - ---- Start of task processed event (# tasks: 0 in executor VM-120)----
----- End of taks processed event ----

 INFO 08-28 19:25:45,447 CpuBottleneckDetectorImpl:63 [pool-8-thread-1] - Current cpu load: 0.0, # processed events: 0, consecutive: 0/2, threshold: 0.9 in VM-120
 INFO 08-28 19:25:46,447 SystemLoadProfiler:50 [pool-8-thread-1] - Average CPU Load: 0.0 in VM-120
 INFO 08-28 19:25:46,447 TaskEventRateCalculator:78 [pool-8-thread-1] - ---- Start of task processed event (# tasks: 0 in executor VM-120)----
----- End of taks processed event ----

 INFO 08-28 19:25:46,447 CpuBottleneckDetectorImpl:63 [pool-8-thread-1] - Current cpu load: 0.0, # processed events: 0, consecutive: 0/2, threshold: 0.9 in VM-120
 INFO 08-28 19:25:47,447 SystemLoadProfiler:50 [pool-8-thread-1] - Average CPU Load: 0.0 in VM-120
 INFO 08-28 19:25:47,447 TaskEventRateCalculator:78 [pool-8-thread-1] - ---- Start of task processed event (# tasks: 0 in executor VM-120)----
----- End of taks processed event ----

 INFO 08-28 19:25:47,447 CpuBottleneckDetectorImpl:63 [pool-8-thread-1] - Current cpu load: 0.0, # processed events: 0, consecutive: 0/2, threshold: 0.9 in VM-120
 INFO 08-28 19:25:48,447 SystemLoadProfiler:50 [pool-8-thread-1] - Average CPU Load: 0.0 in VM-120
 INFO 08-28 19:25:48,447 TaskEventRateCalculator:78 [pool-8-thread-1] - ---- Start of task processed event (# tasks: 0 in executor VM-120)----
----- End of taks processed event ----

 INFO 08-28 19:25:48,447 CpuBottleneckDetectorImpl:63 [pool-8-thread-1] - Current cpu load: 0.0, # processed events: 0, consecutive: 0/2, threshold: 0.9 in VM-120
 INFO 08-28 19:25:49,447 SystemLoadProfiler:50 [pool-8-thread-1] - Average CPU Load: 0.0 in VM-120
 INFO 08-28 19:25:49,447 TaskEventRateCalculator:78 [pool-8-thread-1] - ---- Start of task processed event (# tasks: 0 in executor VM-120)----
----- End of taks processed event ----

 INFO 08-28 19:25:49,447 CpuBottleneckDetectorImpl:63 [pool-8-thread-1] - Current cpu load: 0.0, # processed events: 0, consecutive: 0/2, threshold: 0.9 in VM-120
 INFO 08-28 19:25:50,447 SystemLoadProfiler:50 [pool-8-thread-1] - Average CPU Load: 0.0 in VM-120
 INFO 08-28 19:25:50,447 TaskEventRateCalculator:78 [pool-8-thread-1] - ---- Start of task processed event (# tasks: 0 in executor VM-120)----
----- End of taks processed event ----

 INFO 08-28 19:25:50,447 CpuBottleneckDetectorImpl:63 [pool-8-thread-1] - Current cpu load: 0.0, # processed events: 0, consecutive: 0/2, threshold: 0.9 in VM-120
 INFO 08-28 19:25:51,447 SystemLoadProfiler:50 [pool-8-thread-1] - Average CPU Load: 0.0 in VM-120
 INFO 08-28 19:25:51,447 TaskEventRateCalculator:78 [pool-8-thread-1] - ---- Start of task processed event (# tasks: 0 in executor VM-120)----
----- End of taks processed event ----

 INFO 08-28 19:25:51,447 CpuBottleneckDetectorImpl:63 [pool-8-thread-1] - Current cpu load: 0.0, # processed events: 0, consecutive: 0/2, threshold: 0.9 in VM-120
 INFO 08-28 19:25:52,447 SystemLoadProfiler:50 [pool-8-thread-1] - Average CPU Load: 0.0 in VM-120
 INFO 08-28 19:25:52,447 TaskEventRateCalculator:78 [pool-8-thread-1] - ---- Start of task processed event (# tasks: 0 in executor VM-120)----
----- End of taks processed event ----

 INFO 08-28 19:25:52,447 CpuBottleneckDetectorImpl:63 [pool-8-thread-1] - Current cpu load: 0.0, # processed events: 0, consecutive: 0/2, threshold: 0.9 in VM-120
 INFO 08-28 19:25:53,447 SystemLoadProfiler:50 [pool-8-thread-1] - Average CPU Load: 0.0 in VM-120
 INFO 08-28 19:25:53,447 TaskEventRateCalculator:78 [pool-8-thread-1] - ---- Start of task processed event (# tasks: 0 in executor VM-120)----
----- End of taks processed event ----

 INFO 08-28 19:25:53,447 CpuBottleneckDetectorImpl:63 [pool-8-thread-1] - Current cpu load: 0.0, # processed events: 0, consecutive: 0/2, threshold: 0.9 in VM-120
 INFO 08-28 19:25:54,447 SystemLoadProfiler:50 [pool-8-thread-1] - Average CPU Load: 0.0 in VM-120
 INFO 08-28 19:25:54,447 TaskEventRateCalculator:78 [pool-8-thread-1] - ---- Start of task processed event (# tasks: 0 in executor VM-120)----
----- End of taks processed event ----

 INFO 08-28 19:25:54,447 CpuBottleneckDetectorImpl:63 [pool-8-thread-1] - Current cpu load: 0.0, # processed events: 0, consecutive: 0/2, threshold: 0.9 in VM-120
 INFO 08-28 19:25:55,447 SystemLoadProfiler:50 [pool-8-thread-1] - Average CPU Load: 0.0 in VM-120
 INFO 08-28 19:25:55,447 TaskEventRateCalculator:78 [pool-8-thread-1] - ---- Start of task processed event (# tasks: 0 in executor VM-120)----
----- End of taks processed event ----

 INFO 08-28 19:25:55,447 CpuBottleneckDetectorImpl:63 [pool-8-thread-1] - Current cpu load: 0.0, # processed events: 0, consecutive: 0/2, threshold: 0.9 in VM-120
 INFO 08-28 19:25:56,447 SystemLoadProfiler:50 [pool-8-thread-1] - Average CPU Load: 0.0 in VM-120
 INFO 08-28 19:25:56,447 TaskEventRateCalculator:78 [pool-8-thread-1] - ---- Start of task processed event (# tasks: 0 in executor VM-120)----
----- End of taks processed event ----

 INFO 08-28 19:25:56,447 CpuBottleneckDetectorImpl:63 [pool-8-thread-1] - Current cpu load: 0.0, # processed events: 0, consecutive: 0/2, threshold: 0.9 in VM-120
 INFO 08-28 19:25:57,447 SystemLoadProfiler:50 [pool-8-thread-1] - Average CPU Load: 0.0 in VM-120
 INFO 08-28 19:25:57,447 TaskEventRateCalculator:78 [pool-8-thread-1] - ---- Start of task processed event (# tasks: 0 in executor VM-120)----
----- End of taks processed event ----

 INFO 08-28 19:25:57,447 CpuBottleneckDetectorImpl:63 [pool-8-thread-1] - Current cpu load: 0.0, # processed events: 0, consecutive: 0/2, threshold: 0.9 in VM-120
 INFO 08-28 19:25:58,447 SystemLoadProfiler:50 [pool-8-thread-1] - Average CPU Load: 0.0 in VM-120
 INFO 08-28 19:25:58,447 TaskEventRateCalculator:78 [pool-8-thread-1] - ---- Start of task processed event (# tasks: 0 in executor VM-120)----
----- End of taks processed event ----

 INFO 08-28 19:25:58,447 CpuBottleneckDetectorImpl:63 [pool-8-thread-1] - Current cpu load: 0.0, # processed events: 0, consecutive: 0/2, threshold: 0.9 in VM-120
 INFO 08-28 19:25:59,447 SystemLoadProfiler:50 [pool-8-thread-1] - Average CPU Load: 0.0 in VM-120
 INFO 08-28 19:25:59,447 TaskEventRateCalculator:78 [pool-8-thread-1] - ---- Start of task processed event (# tasks: 0 in executor VM-120)----
----- End of taks processed event ----

 INFO 08-28 19:25:59,447 CpuBottleneckDetectorImpl:63 [pool-8-thread-1] - Current cpu load: 0.0, # processed events: 0, consecutive: 0/2, threshold: 0.9 in VM-120
 INFO 08-28 19:26:00,447 SystemLoadProfiler:50 [pool-8-thread-1] - Average CPU Load: 0.0 in VM-120
 INFO 08-28 19:26:00,447 TaskEventRateCalculator:78 [pool-8-thread-1] - ---- Start of task processed event (# tasks: 0 in executor VM-120)----
----- End of taks processed event ----

 INFO 08-28 19:26:00,447 CpuBottleneckDetectorImpl:63 [pool-8-thread-1] - Current cpu load: 0.0, # processed events: 0, consecutive: 0/2, threshold: 0.9 in VM-120
 INFO 08-28 19:26:01,447 SystemLoadProfiler:50 [pool-8-thread-1] - Average CPU Load: 0.0 in VM-120
 INFO 08-28 19:26:01,447 TaskEventRateCalculator:78 [pool-8-thread-1] - ---- Start of task processed event (# tasks: 0 in executor VM-120)----
----- End of taks processed event ----

 INFO 08-28 19:26:01,447 CpuBottleneckDetectorImpl:63 [pool-8-thread-1] - Current cpu load: 0.0, # processed events: 0, consecutive: 0/2, threshold: 0.9 in VM-120
 INFO 08-28 19:26:02,447 SystemLoadProfiler:50 [pool-8-thread-1] - Average CPU Load: 0.0 in VM-120
 INFO 08-28 19:26:02,447 TaskEventRateCalculator:78 [pool-8-thread-1] - ---- Start of task processed event (# tasks: 0 in executor VM-120)----
----- End of taks processed event ----

 INFO 08-28 19:26:02,447 CpuBottleneckDetectorImpl:63 [pool-8-thread-1] - Current cpu load: 0.0, # processed events: 0, consecutive: 0/2, threshold: 0.9 in VM-120
 INFO 08-28 19:26:03,447 SystemLoadProfiler:50 [pool-8-thread-1] - Average CPU Load: 0.0 in VM-120
 INFO 08-28 19:26:03,447 TaskEventRateCalculator:78 [pool-8-thread-1] - ---- Start of task processed event (# tasks: 0 in executor VM-120)----
----- End of taks processed event ----

 INFO 08-28 19:26:03,447 CpuBottleneckDetectorImpl:63 [pool-8-thread-1] - Current cpu load: 0.0, # processed events: 0, consecutive: 0/2, threshold: 0.9 in VM-120
 INFO 08-28 19:26:04,447 SystemLoadProfiler:50 [pool-8-thread-1] - Average CPU Load: 0.0 in VM-120
 INFO 08-28 19:26:04,447 TaskEventRateCalculator:78 [pool-8-thread-1] - ---- Start of task processed event (# tasks: 0 in executor VM-120)----
----- End of taks processed event ----

 INFO 08-28 19:26:04,447 CpuBottleneckDetectorImpl:63 [pool-8-thread-1] - Current cpu load: 0.0, # processed events: 0, consecutive: 0/2, threshold: 0.9 in VM-120
 INFO 08-28 19:26:05,447 SystemLoadProfiler:50 [pool-8-thread-1] - Average CPU Load: 0.0 in VM-120
 INFO 08-28 19:26:05,447 TaskEventRateCalculator:78 [pool-8-thread-1] - ---- Start of task processed event (# tasks: 0 in executor VM-120)----
----- End of taks processed event ----

 INFO 08-28 19:26:05,447 CpuBottleneckDetectorImpl:63 [pool-8-thread-1] - Current cpu load: 0.0, # processed events: 0, consecutive: 0/2, threshold: 0.9 in VM-120
 INFO 08-28 19:26:06,447 SystemLoadProfiler:50 [pool-8-thread-1] - Average CPU Load: 0.0 in VM-120
 INFO 08-28 19:26:06,447 TaskEventRateCalculator:78 [pool-8-thread-1] - ---- Start of task processed event (# tasks: 0 in executor VM-120)----
----- End of taks processed event ----

 INFO 08-28 19:26:06,447 CpuBottleneckDetectorImpl:63 [pool-8-thread-1] - Current cpu load: 0.0, # processed events: 0, consecutive: 0/2, threshold: 0.9 in VM-120
 INFO 08-28 19:26:07,447 SystemLoadProfiler:50 [pool-8-thread-1] - Average CPU Load: 0.0 in VM-120
 INFO 08-28 19:26:07,447 TaskEventRateCalculator:78 [pool-8-thread-1] - ---- Start of task processed event (# tasks: 0 in executor VM-120)----
----- End of taks processed event ----

 INFO 08-28 19:26:07,447 CpuBottleneckDetectorImpl:63 [pool-8-thread-1] - Current cpu load: 0.0, # processed events: 0, consecutive: 0/2, threshold: 0.9 in VM-120
 INFO 08-28 19:26:08,447 SystemLoadProfiler:50 [pool-8-thread-1] - Average CPU Load: 0.0 in VM-120
 INFO 08-28 19:26:08,447 TaskEventRateCalculator:78 [pool-8-thread-1] - ---- Start of task processed event (# tasks: 0 in executor VM-120)----
----- End of taks processed event ----

 INFO 08-28 19:26:08,447 CpuBottleneckDetectorImpl:63 [pool-8-thread-1] - Current cpu load: 0.0, # processed events: 0, consecutive: 0/2, threshold: 0.9 in VM-120
 INFO 08-28 19:26:09,447 SystemLoadProfiler:50 [pool-8-thread-1] - Average CPU Load: 0.0 in VM-120
 INFO 08-28 19:26:09,447 TaskEventRateCalculator:78 [pool-8-thread-1] - ---- Start of task processed event (# tasks: 0 in executor VM-120)----
----- End of taks processed event ----

 INFO 08-28 19:26:09,447 CpuBottleneckDetectorImpl:63 [pool-8-thread-1] - Current cpu load: 0.0, # processed events: 0, consecutive: 0/2, threshold: 0.9 in VM-120
 INFO 08-28 19:26:10,447 SystemLoadProfiler:50 [pool-8-thread-1] - Average CPU Load: 0.0 in VM-120
 INFO 08-28 19:26:10,447 TaskEventRateCalculator:78 [pool-8-thread-1] - ---- Start of task processed event (# tasks: 0 in executor VM-120)----
----- End of taks processed event ----

 INFO 08-28 19:26:10,447 CpuBottleneckDetectorImpl:63 [pool-8-thread-1] - Current cpu load: 0.0, # processed events: 0, consecutive: 0/2, threshold: 0.9 in VM-120
 INFO 08-28 19:26:11,447 SystemLoadProfiler:50 [pool-8-thread-1] - Average CPU Load: 0.0 in VM-120
 INFO 08-28 19:26:11,447 TaskEventRateCalculator:78 [pool-8-thread-1] - ---- Start of task processed event (# tasks: 0 in executor VM-120)----
----- End of taks processed event ----

 INFO 08-28 19:26:11,447 CpuBottleneckDetectorImpl:63 [pool-8-thread-1] - Current cpu load: 0.0, # processed events: 0, consecutive: 0/2, threshold: 0.9 in VM-120
 INFO 08-28 19:26:12,447 SystemLoadProfiler:50 [pool-8-thread-1] - Average CPU Load: 0.0 in VM-120
 INFO 08-28 19:26:12,447 TaskEventRateCalculator:78 [pool-8-thread-1] - ---- Start of task processed event (# tasks: 0 in executor VM-120)----
----- End of taks processed event ----

 INFO 08-28 19:26:12,447 CpuBottleneckDetectorImpl:63 [pool-8-thread-1] - Current cpu load: 0.0, # processed events: 0, consecutive: 0/2, threshold: 0.9 in VM-120
 INFO 08-28 19:26:13,447 SystemLoadProfiler:50 [pool-8-thread-1] - Average CPU Load: 0.0 in VM-120
 INFO 08-28 19:26:13,447 TaskEventRateCalculator:78 [pool-8-thread-1] - ---- Start of task processed event (# tasks: 0 in executor VM-120)----
----- End of taks processed event ----

 INFO 08-28 19:26:13,447 CpuBottleneckDetectorImpl:63 [pool-8-thread-1] - Current cpu load: 0.0, # processed events: 0, consecutive: 0/2, threshold: 0.9 in VM-120
 INFO 08-28 19:26:14,447 SystemLoadProfiler:50 [pool-8-thread-1] - Average CPU Load: 0.0 in VM-120
 INFO 08-28 19:26:14,447 TaskEventRateCalculator:78 [pool-8-thread-1] - ---- Start of task processed event (# tasks: 0 in executor VM-120)----
----- End of taks processed event ----

 INFO 08-28 19:26:14,447 CpuBottleneckDetectorImpl:63 [pool-8-thread-1] - Current cpu load: 0.0, # processed events: 0, consecutive: 0/2, threshold: 0.9 in VM-120
 INFO 08-28 19:26:15,447 SystemLoadProfiler:50 [pool-8-thread-1] - Average CPU Load: 0.0 in VM-120
 INFO 08-28 19:26:15,447 TaskEventRateCalculator:78 [pool-8-thread-1] - ---- Start of task processed event (# tasks: 0 in executor VM-120)----
----- End of taks processed event ----

 INFO 08-28 19:26:15,447 CpuBottleneckDetectorImpl:63 [pool-8-thread-1] - Current cpu load: 0.0, # processed events: 0, consecutive: 0/2, threshold: 0.9 in VM-120
 INFO 08-28 19:26:16,447 SystemLoadProfiler:50 [pool-8-thread-1] - Average CPU Load: 0.0 in VM-120
 INFO 08-28 19:26:16,447 TaskEventRateCalculator:78 [pool-8-thread-1] - ---- Start of task processed event (# tasks: 0 in executor VM-120)----
----- End of taks processed event ----

 INFO 08-28 19:26:16,447 CpuBottleneckDetectorImpl:63 [pool-8-thread-1] - Current cpu load: 0.0, # processed events: 0, consecutive: 0/2, threshold: 0.9 in VM-120
 INFO 08-28 19:26:17,447 SystemLoadProfiler:50 [pool-8-thread-1] - Average CPU Load: 0.0 in VM-120
 INFO 08-28 19:26:17,447 TaskEventRateCalculator:78 [pool-8-thread-1] - ---- Start of task processed event (# tasks: 0 in executor VM-120)----
----- End of taks processed event ----

 INFO 08-28 19:26:17,447 CpuBottleneckDetectorImpl:63 [pool-8-thread-1] - Current cpu load: 0.0, # processed events: 0, consecutive: 0/2, threshold: 0.9 in VM-120
 INFO 08-28 19:26:18,447 SystemLoadProfiler:50 [pool-8-thread-1] - Average CPU Load: 0.0 in VM-120
 INFO 08-28 19:26:18,447 TaskEventRateCalculator:78 [pool-8-thread-1] - ---- Start of task processed event (# tasks: 0 in executor VM-120)----
----- End of taks processed event ----

 INFO 08-28 19:26:18,447 CpuBottleneckDetectorImpl:63 [pool-8-thread-1] - Current cpu load: 0.0, # processed events: 0, consecutive: 0/2, threshold: 0.9 in VM-120
 INFO 08-28 19:26:19,447 SystemLoadProfiler:50 [pool-8-thread-1] - Average CPU Load: 0.0 in VM-120
 INFO 08-28 19:26:19,447 TaskEventRateCalculator:78 [pool-8-thread-1] - ---- Start of task processed event (# tasks: 0 in executor VM-120)----
----- End of taks processed event ----

 INFO 08-28 19:26:19,447 CpuBottleneckDetectorImpl:63 [pool-8-thread-1] - Current cpu load: 0.0, # processed events: 0, consecutive: 0/2, threshold: 0.9 in VM-120
 INFO 08-28 19:26:20,447 SystemLoadProfiler:50 [pool-8-thread-1] - Average CPU Load: 0.0 in VM-120
 INFO 08-28 19:26:20,447 TaskEventRateCalculator:78 [pool-8-thread-1] - ---- Start of task processed event (# tasks: 0 in executor VM-120)----
----- End of taks processed event ----

 INFO 08-28 19:26:20,447 CpuBottleneckDetectorImpl:63 [pool-8-thread-1] - Current cpu load: 0.0, # processed events: 0, consecutive: 0/2, threshold: 0.9 in VM-120
 INFO 08-28 19:26:21,447 SystemLoadProfiler:50 [pool-8-thread-1] - Average CPU Load: 0.0 in VM-120
 INFO 08-28 19:26:21,447 TaskEventRateCalculator:78 [pool-8-thread-1] - ---- Start of task processed event (# tasks: 0 in executor VM-120)----
----- End of taks processed event ----

 INFO 08-28 19:26:21,447 CpuBottleneckDetectorImpl:63 [pool-8-thread-1] - Current cpu load: 0.0, # processed events: 0, consecutive: 0/2, threshold: 0.9 in VM-120
 INFO 08-28 19:26:22,447 SystemLoadProfiler:50 [pool-8-thread-1] - Average CPU Load: 0.0 in VM-120
 INFO 08-28 19:26:22,447 TaskEventRateCalculator:78 [pool-8-thread-1] - ---- Start of task processed event (# tasks: 0 in executor VM-120)----
----- End of taks processed event ----

 INFO 08-28 19:26:22,447 CpuBottleneckDetectorImpl:63 [pool-8-thread-1] - Current cpu load: 0.0, # processed events: 0, consecutive: 0/2, threshold: 0.9 in VM-120
 INFO 08-28 19:26:23,447 SystemLoadProfiler:50 [pool-8-thread-1] - Average CPU Load: 0.0 in VM-120
 INFO 08-28 19:26:23,447 TaskEventRateCalculator:78 [pool-8-thread-1] - ---- Start of task processed event (# tasks: 0 in executor VM-120)----
----- End of taks processed event ----

 INFO 08-28 19:26:23,447 CpuBottleneckDetectorImpl:63 [pool-8-thread-1] - Current cpu load: 0.0, # processed events: 0, consecutive: 0/2, threshold: 0.9 in VM-120
 INFO 08-28 19:26:24,447 SystemLoadProfiler:50 [pool-8-thread-1] - Average CPU Load: 0.0 in VM-120
 INFO 08-28 19:26:24,447 TaskEventRateCalculator:78 [pool-8-thread-1] - ---- Start of task processed event (# tasks: 0 in executor VM-120)----
----- End of taks processed event ----

 INFO 08-28 19:26:24,447 CpuBottleneckDetectorImpl:63 [pool-8-thread-1] - Current cpu load: 0.0, # processed events: 0, consecutive: 0/2, threshold: 0.9 in VM-120
 INFO 08-28 19:26:25,447 SystemLoadProfiler:50 [pool-8-thread-1] - Average CPU Load: 0.0 in VM-120
 INFO 08-28 19:26:25,447 TaskEventRateCalculator:78 [pool-8-thread-1] - ---- Start of task processed event (# tasks: 0 in executor VM-120)----
----- End of taks processed event ----

 INFO 08-28 19:26:25,447 CpuBottleneckDetectorImpl:63 [pool-8-thread-1] - Current cpu load: 0.0, # processed events: 0, consecutive: 0/2, threshold: 0.9 in VM-120
 INFO 08-28 19:26:26,447 SystemLoadProfiler:50 [pool-8-thread-1] - Average CPU Load: 0.0 in VM-120
 INFO 08-28 19:26:26,447 TaskEventRateCalculator:78 [pool-8-thread-1] - ---- Start of task processed event (# tasks: 0 in executor VM-120)----
----- End of taks processed event ----

 INFO 08-28 19:26:26,447 CpuBottleneckDetectorImpl:63 [pool-8-thread-1] - Current cpu load: 0.0, # processed events: 0, consecutive: 0/2, threshold: 0.9 in VM-120
 INFO 08-28 19:26:27,447 SystemLoadProfiler:50 [pool-8-thread-1] - Average CPU Load: 0.0 in VM-120
 INFO 08-28 19:26:27,447 TaskEventRateCalculator:78 [pool-8-thread-1] - ---- Start of task processed event (# tasks: 0 in executor VM-120)----
----- End of taks processed event ----

 INFO 08-28 19:26:27,447 CpuBottleneckDetectorImpl:63 [pool-8-thread-1] - Current cpu load: 0.0, # processed events: 0, consecutive: 0/2, threshold: 0.9 in VM-120
 INFO 08-28 19:26:28,447 SystemLoadProfiler:50 [pool-8-thread-1] - Average CPU Load: 0.0 in VM-120
 INFO 08-28 19:26:28,447 TaskEventRateCalculator:78 [pool-8-thread-1] - ---- Start of task processed event (# tasks: 0 in executor VM-120)----
----- End of taks processed event ----

 INFO 08-28 19:26:28,447 CpuBottleneckDetectorImpl:63 [pool-8-thread-1] - Current cpu load: 0.0, # processed events: 0, consecutive: 0/2, threshold: 0.9 in VM-120
 INFO 08-28 19:26:29,447 SystemLoadProfiler:50 [pool-8-thread-1] - Average CPU Load: 0.0 in VM-120
 INFO 08-28 19:26:29,447 TaskEventRateCalculator:78 [pool-8-thread-1] - ---- Start of task processed event (# tasks: 0 in executor VM-120)----
----- End of taks processed event ----

 INFO 08-28 19:26:29,447 CpuBottleneckDetectorImpl:63 [pool-8-thread-1] - Current cpu load: 0.0, # processed events: 0, consecutive: 0/2, threshold: 0.9 in VM-120
 INFO 08-28 19:26:30,447 SystemLoadProfiler:50 [pool-8-thread-1] - Average CPU Load: 0.0 in VM-120
 INFO 08-28 19:26:30,447 TaskEventRateCalculator:78 [pool-8-thread-1] - ---- Start of task processed event (# tasks: 0 in executor VM-120)----
----- End of taks processed event ----

 INFO 08-28 19:26:30,447 CpuBottleneckDetectorImpl:63 [pool-8-thread-1] - Current cpu load: 0.0, # processed events: 0, consecutive: 0/2, threshold: 0.9 in VM-120
 INFO 08-28 19:26:31,447 SystemLoadProfiler:50 [pool-8-thread-1] - Average CPU Load: 0.0 in VM-120
 INFO 08-28 19:26:31,447 TaskEventRateCalculator:78 [pool-8-thread-1] - ---- Start of task processed event (# tasks: 0 in executor VM-120)----
----- End of taks processed event ----

 INFO 08-28 19:26:31,447 CpuBottleneckDetectorImpl:63 [pool-8-thread-1] - Current cpu load: 0.0, # processed events: 0, consecutive: 0/2, threshold: 0.9 in VM-120
 INFO 08-28 19:26:32,447 SystemLoadProfiler:50 [pool-8-thread-1] - Average CPU Load: 0.0 in VM-120
 INFO 08-28 19:26:32,447 TaskEventRateCalculator:78 [pool-8-thread-1] - ---- Start of task processed event (# tasks: 0 in executor VM-120)----
----- End of taks processed event ----

 INFO 08-28 19:26:32,447 CpuBottleneckDetectorImpl:63 [pool-8-thread-1] - Current cpu load: 0.0, # processed events: 0, consecutive: 0/2, threshold: 0.9 in VM-120
 INFO 08-28 19:26:33,447 SystemLoadProfiler:50 [pool-8-thread-1] - Average CPU Load: 0.0 in VM-120
 INFO 08-28 19:26:33,447 TaskEventRateCalculator:78 [pool-8-thread-1] - ---- Start of task processed event (# tasks: 0 in executor VM-120)----
----- End of taks processed event ----

 INFO 08-28 19:26:33,447 CpuBottleneckDetectorImpl:63 [pool-8-thread-1] - Current cpu load: 0.0, # processed events: 0, consecutive: 0/2, threshold: 0.9 in VM-120
 INFO 08-28 19:26:34,447 SystemLoadProfiler:50 [pool-8-thread-1] - Average CPU Load: 0.0 in VM-120
 INFO 08-28 19:26:34,447 TaskEventRateCalculator:78 [pool-8-thread-1] - ---- Start of task processed event (# tasks: 0 in executor VM-120)----
----- End of taks processed event ----

 INFO 08-28 19:26:34,447 CpuBottleneckDetectorImpl:63 [pool-8-thread-1] - Current cpu load: 0.0, # processed events: 0, consecutive: 0/2, threshold: 0.9 in VM-120
 INFO 08-28 19:26:35,447 SystemLoadProfiler:50 [pool-8-thread-1] - Average CPU Load: 0.0 in VM-120
 INFO 08-28 19:26:35,447 TaskEventRateCalculator:78 [pool-8-thread-1] - ---- Start of task processed event (# tasks: 0 in executor VM-120)----
----- End of taks processed event ----

 INFO 08-28 19:26:35,447 CpuBottleneckDetectorImpl:63 [pool-8-thread-1] - Current cpu load: 0.0, # processed events: 0, consecutive: 0/2, threshold: 0.9 in VM-120
 INFO 08-28 19:26:36,447 SystemLoadProfiler:50 [pool-8-thread-1] - Average CPU Load: 0.0 in VM-120
 INFO 08-28 19:26:36,447 TaskEventRateCalculator:78 [pool-8-thread-1] - ---- Start of task processed event (# tasks: 0 in executor VM-120)----
----- End of taks processed event ----

 INFO 08-28 19:26:36,447 CpuBottleneckDetectorImpl:63 [pool-8-thread-1] - Current cpu load: 0.0, # processed events: 0, consecutive: 0/2, threshold: 0.9 in VM-120
 INFO 08-28 19:26:37,447 SystemLoadProfiler:50 [pool-8-thread-1] - Average CPU Load: 0.0 in VM-120
 INFO 08-28 19:26:37,447 TaskEventRateCalculator:78 [pool-8-thread-1] - ---- Start of task processed event (# tasks: 0 in executor VM-120)----
----- End of taks processed event ----

 INFO 08-28 19:26:37,447 CpuBottleneckDetectorImpl:63 [pool-8-thread-1] - Current cpu load: 0.0, # processed events: 0, consecutive: 0/2, threshold: 0.9 in VM-120
 INFO 08-28 19:26:38,447 SystemLoadProfiler:50 [pool-8-thread-1] - Average CPU Load: 0.0 in VM-120
 INFO 08-28 19:26:38,447 TaskEventRateCalculator:78 [pool-8-thread-1] - ---- Start of task processed event (# tasks: 0 in executor VM-120)----
----- End of taks processed event ----

 INFO 08-28 19:26:38,447 CpuBottleneckDetectorImpl:63 [pool-8-thread-1] - Current cpu load: 0.0, # processed events: 0, consecutive: 0/2, threshold: 0.9 in VM-120
 INFO 08-28 19:26:39,447 SystemLoadProfiler:50 [pool-8-thread-1] - Average CPU Load: 0.0 in VM-120
 INFO 08-28 19:26:39,447 TaskEventRateCalculator:78 [pool-8-thread-1] - ---- Start of task processed event (# tasks: 0 in executor VM-120)----
----- End of taks processed event ----

 INFO 08-28 19:26:39,447 CpuBottleneckDetectorImpl:63 [pool-8-thread-1] - Current cpu load: 0.0, # processed events: 0, consecutive: 0/2, threshold: 0.9 in VM-120
 INFO 08-28 19:26:40,447 SystemLoadProfiler:50 [pool-8-thread-1] - Average CPU Load: 0.0 in VM-120
 INFO 08-28 19:26:40,447 TaskEventRateCalculator:78 [pool-8-thread-1] - ---- Start of task processed event (# tasks: 0 in executor VM-120)----
----- End of taks processed event ----

 INFO 08-28 19:26:40,447 CpuBottleneckDetectorImpl:63 [pool-8-thread-1] - Current cpu load: 0.0, # processed events: 0, consecutive: 0/2, threshold: 0.9 in VM-120
 INFO 08-28 19:26:41,447 SystemLoadProfiler:50 [pool-8-thread-1] - Average CPU Load: 0.0 in VM-120
 INFO 08-28 19:26:41,447 TaskEventRateCalculator:78 [pool-8-thread-1] - ---- Start of task processed event (# tasks: 0 in executor VM-120)----
----- End of taks processed event ----

 INFO 08-28 19:26:41,447 CpuBottleneckDetectorImpl:63 [pool-8-thread-1] - Current cpu load: 0.0, # processed events: 0, consecutive: 0/2, threshold: 0.9 in VM-120
 INFO 08-28 19:26:42,447 SystemLoadProfiler:50 [pool-8-thread-1] - Average CPU Load: 0.0 in VM-120
 INFO 08-28 19:26:42,447 TaskEventRateCalculator:78 [pool-8-thread-1] - ---- Start of task processed event (# tasks: 0 in executor VM-120)----
----- End of taks processed event ----

 INFO 08-28 19:26:42,447 CpuBottleneckDetectorImpl:63 [pool-8-thread-1] - Current cpu load: 0.0, # processed events: 0, consecutive: 0/2, threshold: 0.9 in VM-120
 INFO 08-28 19:26:43,447 SystemLoadProfiler:50 [pool-8-thread-1] - Average CPU Load: 0.0 in VM-120
 INFO 08-28 19:26:43,447 TaskEventRateCalculator:78 [pool-8-thread-1] - ---- Start of task processed event (# tasks: 0 in executor VM-120)----
----- End of taks processed event ----

 INFO 08-28 19:26:43,447 CpuBottleneckDetectorImpl:63 [pool-8-thread-1] - Current cpu load: 0.0, # processed events: 0, consecutive: 0/2, threshold: 0.9 in VM-120
 INFO 08-28 19:26:44,447 SystemLoadProfiler:50 [pool-8-thread-1] - Average CPU Load: 0.0 in VM-120
 INFO 08-28 19:26:44,447 TaskEventRateCalculator:78 [pool-8-thread-1] - ---- Start of task processed event (# tasks: 0 in executor VM-120)----
----- End of taks processed event ----

 INFO 08-28 19:26:44,447 CpuBottleneckDetectorImpl:63 [pool-8-thread-1] - Current cpu load: 0.0, # processed events: 0, consecutive: 0/2, threshold: 0.9 in VM-120
 INFO 08-28 19:26:45,447 SystemLoadProfiler:50 [pool-8-thread-1] - Average CPU Load: 0.0 in VM-120
 INFO 08-28 19:26:45,447 TaskEventRateCalculator:78 [pool-8-thread-1] - ---- Start of task processed event (# tasks: 0 in executor VM-120)----
----- End of taks processed event ----

 INFO 08-28 19:26:45,447 CpuBottleneckDetectorImpl:63 [pool-8-thread-1] - Current cpu load: 0.0, # processed events: 0, consecutive: 0/2, threshold: 0.9 in VM-120
 INFO 08-28 19:26:46,447 SystemLoadProfiler:50 [pool-8-thread-1] - Average CPU Load: 0.0 in VM-120
 INFO 08-28 19:26:46,447 TaskEventRateCalculator:78 [pool-8-thread-1] - ---- Start of task processed event (# tasks: 0 in executor VM-120)----
----- End of taks processed event ----

 INFO 08-28 19:26:46,447 CpuBottleneckDetectorImpl:63 [pool-8-thread-1] - Current cpu load: 0.0, # processed events: 0, consecutive: 0/2, threshold: 0.9 in VM-120
 INFO 08-28 19:26:47,447 SystemLoadProfiler:50 [pool-8-thread-1] - Average CPU Load: 0.0 in VM-120
 INFO 08-28 19:26:47,447 TaskEventRateCalculator:78 [pool-8-thread-1] - ---- Start of task processed event (# tasks: 0 in executor VM-120)----
----- End of taks processed event ----

 INFO 08-28 19:26:47,447 CpuBottleneckDetectorImpl:63 [pool-8-thread-1] - Current cpu load: 0.0, # processed events: 0, consecutive: 0/2, threshold: 0.9 in VM-120
 INFO 08-28 19:26:48,447 SystemLoadProfiler:50 [pool-8-thread-1] - Average CPU Load: 0.0 in VM-120
 INFO 08-28 19:26:48,447 TaskEventRateCalculator:78 [pool-8-thread-1] - ---- Start of task processed event (# tasks: 0 in executor VM-120)----
----- End of taks processed event ----

 INFO 08-28 19:26:48,447 CpuBottleneckDetectorImpl:63 [pool-8-thread-1] - Current cpu load: 0.0, # processed events: 0, consecutive: 0/2, threshold: 0.9 in VM-120
 INFO 08-28 19:26:49,447 SystemLoadProfiler:50 [pool-8-thread-1] - Average CPU Load: 0.0 in VM-120
 INFO 08-28 19:26:49,447 TaskEventRateCalculator:78 [pool-8-thread-1] - ---- Start of task processed event (# tasks: 0 in executor VM-120)----
----- End of taks processed event ----

 INFO 08-28 19:26:49,447 CpuBottleneckDetectorImpl:63 [pool-8-thread-1] - Current cpu load: 0.0, # processed events: 0, consecutive: 0/2, threshold: 0.9 in VM-120
 INFO 08-28 19:26:50,447 SystemLoadProfiler:50 [pool-8-thread-1] - Average CPU Load: 0.0 in VM-120
 INFO 08-28 19:26:50,447 TaskEventRateCalculator:78 [pool-8-thread-1] - ---- Start of task processed event (# tasks: 0 in executor VM-120)----
----- End of taks processed event ----

 INFO 08-28 19:26:50,447 CpuBottleneckDetectorImpl:63 [pool-8-thread-1] - Current cpu load: 0.0, # processed events: 0, consecutive: 0/2, threshold: 0.9 in VM-120
 INFO 08-28 19:26:51,447 SystemLoadProfiler:50 [pool-8-thread-1] - Average CPU Load: 0.0 in VM-120
 INFO 08-28 19:26:51,447 TaskEventRateCalculator:78 [pool-8-thread-1] - ---- Start of task processed event (# tasks: 0 in executor VM-120)----
----- End of taks processed event ----

 INFO 08-28 19:26:51,447 CpuBottleneckDetectorImpl:63 [pool-8-thread-1] - Current cpu load: 0.0, # processed events: 0, consecutive: 0/2, threshold: 0.9 in VM-120
 INFO 08-28 19:26:52,447 SystemLoadProfiler:50 [pool-8-thread-1] - Average CPU Load: 0.0 in VM-120
 INFO 08-28 19:26:52,447 TaskEventRateCalculator:78 [pool-8-thread-1] - ---- Start of task processed event (# tasks: 0 in executor VM-120)----
----- End of taks processed event ----

 INFO 08-28 19:26:52,447 CpuBottleneckDetectorImpl:63 [pool-8-thread-1] - Current cpu load: 0.0, # processed events: 0, consecutive: 0/2, threshold: 0.9 in VM-120
 INFO 08-28 19:26:53,447 SystemLoadProfiler:50 [pool-8-thread-1] - Average CPU Load: 0.0 in VM-120
 INFO 08-28 19:26:53,447 TaskEventRateCalculator:78 [pool-8-thread-1] - ---- Start of task processed event (# tasks: 0 in executor VM-120)----
----- End of taks processed event ----

 INFO 08-28 19:26:53,447 CpuBottleneckDetectorImpl:63 [pool-8-thread-1] - Current cpu load: 0.0, # processed events: 0, consecutive: 0/2, threshold: 0.9 in VM-120
 INFO 08-28 19:26:54,447 SystemLoadProfiler:50 [pool-8-thread-1] - Average CPU Load: 0.0 in VM-120
 INFO 08-28 19:26:54,447 TaskEventRateCalculator:78 [pool-8-thread-1] - ---- Start of task processed event (# tasks: 0 in executor VM-120)----
----- End of taks processed event ----

 INFO 08-28 19:26:54,447 CpuBottleneckDetectorImpl:63 [pool-8-thread-1] - Current cpu load: 0.0, # processed events: 0, consecutive: 0/2, threshold: 0.9 in VM-120
 INFO 08-28 19:26:55,447 SystemLoadProfiler:50 [pool-8-thread-1] - Average CPU Load: 0.0 in VM-120
 INFO 08-28 19:26:55,447 TaskEventRateCalculator:78 [pool-8-thread-1] - ---- Start of task processed event (# tasks: 0 in executor VM-120)----
----- End of taks processed event ----

 INFO 08-28 19:26:55,447 CpuBottleneckDetectorImpl:63 [pool-8-thread-1] - Current cpu load: 0.0, # processed events: 0, consecutive: 0/2, threshold: 0.9 in VM-120
 INFO 08-28 19:26:56,447 SystemLoadProfiler:50 [pool-8-thread-1] - Average CPU Load: 0.0 in VM-120
 INFO 08-28 19:26:56,447 TaskEventRateCalculator:78 [pool-8-thread-1] - ---- Start of task processed event (# tasks: 0 in executor VM-120)----
----- End of taks processed event ----

 INFO 08-28 19:26:56,447 CpuBottleneckDetectorImpl:63 [pool-8-thread-1] - Current cpu load: 0.0, # processed events: 0, consecutive: 0/2, threshold: 0.9 in VM-120
 INFO 08-28 19:26:57,447 SystemLoadProfiler:50 [pool-8-thread-1] - Average CPU Load: 0.0 in VM-120
 INFO 08-28 19:26:57,447 TaskEventRateCalculator:78 [pool-8-thread-1] - ---- Start of task processed event (# tasks: 0 in executor VM-120)----
----- End of taks processed event ----

 INFO 08-28 19:26:57,447 CpuBottleneckDetectorImpl:63 [pool-8-thread-1] - Current cpu load: 0.0, # processed events: 0, consecutive: 0/2, threshold: 0.9 in VM-120
 INFO 08-28 19:26:58,447 SystemLoadProfiler:50 [pool-8-thread-1] - Average CPU Load: 0.0 in VM-120
 INFO 08-28 19:26:58,447 TaskEventRateCalculator:78 [pool-8-thread-1] - ---- Start of task processed event (# tasks: 0 in executor VM-120)----
----- End of taks processed event ----

 INFO 08-28 19:26:58,447 CpuBottleneckDetectorImpl:63 [pool-8-thread-1] - Current cpu load: 0.0, # processed events: 0, consecutive: 0/2, threshold: 0.9 in VM-120
 INFO 08-28 19:26:59,447 SystemLoadProfiler:50 [pool-8-thread-1] - Average CPU Load: 0.0 in VM-120
 INFO 08-28 19:26:59,447 TaskEventRateCalculator:78 [pool-8-thread-1] - ---- Start of task processed event (# tasks: 0 in executor VM-120)----
----- End of taks processed event ----

 INFO 08-28 19:26:59,447 CpuBottleneckDetectorImpl:63 [pool-8-thread-1] - Current cpu load: 0.0, # processed events: 0, consecutive: 0/2, threshold: 0.9 in VM-120
 INFO 08-28 19:27:00,447 SystemLoadProfiler:50 [pool-8-thread-1] - Average CPU Load: 0.0 in VM-120
 INFO 08-28 19:27:00,447 TaskEventRateCalculator:78 [pool-8-thread-1] - ---- Start of task processed event (# tasks: 0 in executor VM-120)----
----- End of taks processed event ----

 INFO 08-28 19:27:00,447 CpuBottleneckDetectorImpl:63 [pool-8-thread-1] - Current cpu load: 0.0, # processed events: 0, consecutive: 0/2, threshold: 0.9 in VM-120
 INFO 08-28 19:27:01,447 SystemLoadProfiler:50 [pool-8-thread-1] - Average CPU Load: 0.0 in VM-120
 INFO 08-28 19:27:01,447 TaskEventRateCalculator:78 [pool-8-thread-1] - ---- Start of task processed event (# tasks: 0 in executor VM-120)----
----- End of taks processed event ----

 INFO 08-28 19:27:01,447 CpuBottleneckDetectorImpl:63 [pool-8-thread-1] - Current cpu load: 0.0, # processed events: 0, consecutive: 0/2, threshold: 0.9 in VM-120
 INFO 08-28 19:27:02,447 SystemLoadProfiler:50 [pool-8-thread-1] - Average CPU Load: 0.0 in VM-120
 INFO 08-28 19:27:02,447 TaskEventRateCalculator:78 [pool-8-thread-1] - ---- Start of task processed event (# tasks: 0 in executor VM-120)----
----- End of taks processed event ----

 INFO 08-28 19:27:02,447 CpuBottleneckDetectorImpl:63 [pool-8-thread-1] - Current cpu load: 0.0, # processed events: 0, consecutive: 0/2, threshold: 0.9 in VM-120
 INFO 08-28 19:27:03,447 SystemLoadProfiler:50 [pool-8-thread-1] - Average CPU Load: 0.0 in VM-120
 INFO 08-28 19:27:03,447 TaskEventRateCalculator:78 [pool-8-thread-1] - ---- Start of task processed event (# tasks: 0 in executor VM-120)----
----- End of taks processed event ----

 INFO 08-28 19:27:03,447 CpuBottleneckDetectorImpl:63 [pool-8-thread-1] - Current cpu load: 0.0, # processed events: 0, consecutive: 0/2, threshold: 0.9 in VM-120
 INFO 08-28 19:27:04,447 SystemLoadProfiler:50 [pool-8-thread-1] - Average CPU Load: 0.0 in VM-120
 INFO 08-28 19:27:04,447 TaskEventRateCalculator:78 [pool-8-thread-1] - ---- Start of task processed event (# tasks: 0 in executor VM-120)----
----- End of taks processed event ----

 INFO 08-28 19:27:04,447 CpuBottleneckDetectorImpl:63 [pool-8-thread-1] - Current cpu load: 0.0, # processed events: 0, consecutive: 0/2, threshold: 0.9 in VM-120
 INFO 08-28 19:27:05,447 SystemLoadProfiler:50 [pool-8-thread-1] - Average CPU Load: 0.0 in VM-120
 INFO 08-28 19:27:05,447 TaskEventRateCalculator:78 [pool-8-thread-1] - ---- Start of task processed event (# tasks: 0 in executor VM-120)----
----- End of taks processed event ----

 INFO 08-28 19:27:05,447 CpuBottleneckDetectorImpl:63 [pool-8-thread-1] - Current cpu load: 0.0, # processed events: 0, consecutive: 0/2, threshold: 0.9 in VM-120
 INFO 08-28 19:27:06,447 SystemLoadProfiler:50 [pool-8-thread-1] - Average CPU Load: 0.0 in VM-120
 INFO 08-28 19:27:06,447 TaskEventRateCalculator:78 [pool-8-thread-1] - ---- Start of task processed event (# tasks: 0 in executor VM-120)----
----- End of taks processed event ----

 INFO 08-28 19:27:06,447 CpuBottleneckDetectorImpl:63 [pool-8-thread-1] - Current cpu load: 0.0, # processed events: 0, consecutive: 0/2, threshold: 0.9 in VM-120
 INFO 08-28 19:27:07,447 SystemLoadProfiler:50 [pool-8-thread-1] - Average CPU Load: 0.0 in VM-120
 INFO 08-28 19:27:07,447 TaskEventRateCalculator:78 [pool-8-thread-1] - ---- Start of task processed event (# tasks: 0 in executor VM-120)----
----- End of taks processed event ----

 INFO 08-28 19:27:07,447 CpuBottleneckDetectorImpl:63 [pool-8-thread-1] - Current cpu load: 0.0, # processed events: 0, consecutive: 0/2, threshold: 0.9 in VM-120
 INFO 08-28 19:27:08,447 SystemLoadProfiler:50 [pool-8-thread-1] - Average CPU Load: 0.0 in VM-120
 INFO 08-28 19:27:08,447 TaskEventRateCalculator:78 [pool-8-thread-1] - ---- Start of task processed event (# tasks: 0 in executor VM-120)----
----- End of taks processed event ----

 INFO 08-28 19:27:08,447 CpuBottleneckDetectorImpl:63 [pool-8-thread-1] - Current cpu load: 0.0, # processed events: 0, consecutive: 0/2, threshold: 0.9 in VM-120
 INFO 08-28 19:27:09,447 SystemLoadProfiler:50 [pool-8-thread-1] - Average CPU Load: 0.0 in VM-120
 INFO 08-28 19:27:09,447 TaskEventRateCalculator:78 [pool-8-thread-1] - ---- Start of task processed event (# tasks: 0 in executor VM-120)----
----- End of taks processed event ----

 INFO 08-28 19:27:09,447 CpuBottleneckDetectorImpl:63 [pool-8-thread-1] - Current cpu load: 0.0, # processed events: 0, consecutive: 0/2, threshold: 0.9 in VM-120
 INFO 08-28 19:27:10,447 SystemLoadProfiler:50 [pool-8-thread-1] - Average CPU Load: 0.0 in VM-120
 INFO 08-28 19:27:10,447 TaskEventRateCalculator:78 [pool-8-thread-1] - ---- Start of task processed event (# tasks: 0 in executor VM-120)----
----- End of taks processed event ----

 INFO 08-28 19:27:10,447 CpuBottleneckDetectorImpl:63 [pool-8-thread-1] - Current cpu load: 0.0, # processed events: 0, consecutive: 0/2, threshold: 0.9 in VM-120
 INFO 08-28 19:27:11,447 SystemLoadProfiler:50 [pool-8-thread-1] - Average CPU Load: 0.0 in VM-120
 INFO 08-28 19:27:11,447 TaskEventRateCalculator:78 [pool-8-thread-1] - ---- Start of task processed event (# tasks: 0 in executor VM-120)----
----- End of taks processed event ----

 INFO 08-28 19:27:11,447 CpuBottleneckDetectorImpl:63 [pool-8-thread-1] - Current cpu load: 0.0, # processed events: 0, consecutive: 0/2, threshold: 0.9 in VM-120
 INFO 08-28 19:27:12,447 SystemLoadProfiler:50 [pool-8-thread-1] - Average CPU Load: 0.0 in VM-120
 INFO 08-28 19:27:12,447 TaskEventRateCalculator:78 [pool-8-thread-1] - ---- Start of task processed event (# tasks: 0 in executor VM-120)----
----- End of taks processed event ----

 INFO 08-28 19:27:12,447 CpuBottleneckDetectorImpl:63 [pool-8-thread-1] - Current cpu load: 0.0, # processed events: 0, consecutive: 0/2, threshold: 0.9 in VM-120
 INFO 08-28 19:27:13,447 SystemLoadProfiler:50 [pool-8-thread-1] - Average CPU Load: 0.0 in VM-120
 INFO 08-28 19:27:13,447 TaskEventRateCalculator:78 [pool-8-thread-1] - ---- Start of task processed event (# tasks: 0 in executor VM-120)----
----- End of taks processed event ----

 INFO 08-28 19:27:13,447 CpuBottleneckDetectorImpl:63 [pool-8-thread-1] - Current cpu load: 0.0, # processed events: 0, consecutive: 0/2, threshold: 0.9 in VM-120
 INFO 08-28 19:27:14,447 SystemLoadProfiler:50 [pool-8-thread-1] - Average CPU Load: 0.0 in VM-120
 INFO 08-28 19:27:14,447 TaskEventRateCalculator:78 [pool-8-thread-1] - ---- Start of task processed event (# tasks: 0 in executor VM-120)----
----- End of taks processed event ----

 INFO 08-28 19:27:14,447 CpuBottleneckDetectorImpl:63 [pool-8-thread-1] - Current cpu load: 0.0, # processed events: 0, consecutive: 0/2, threshold: 0.9 in VM-120
 INFO 08-28 19:27:15,447 SystemLoadProfiler:50 [pool-8-thread-1] - Average CPU Load: 0.0 in VM-120
 INFO 08-28 19:27:15,447 TaskEventRateCalculator:78 [pool-8-thread-1] - ---- Start of task processed event (# tasks: 0 in executor VM-120)----
----- End of taks processed event ----

 INFO 08-28 19:27:15,447 CpuBottleneckDetectorImpl:63 [pool-8-thread-1] - Current cpu load: 0.0, # processed events: 0, consecutive: 0/2, threshold: 0.9 in VM-120
 INFO 08-28 19:27:16,447 SystemLoadProfiler:50 [pool-8-thread-1] - Average CPU Load: 0.0 in VM-120
 INFO 08-28 19:27:16,447 TaskEventRateCalculator:78 [pool-8-thread-1] - ---- Start of task processed event (# tasks: 0 in executor VM-120)----
----- End of taks processed event ----

 INFO 08-28 19:27:16,447 CpuBottleneckDetectorImpl:63 [pool-8-thread-1] - Current cpu load: 0.0, # processed events: 0, consecutive: 0/2, threshold: 0.9 in VM-120
 INFO 08-28 19:27:17,447 SystemLoadProfiler:50 [pool-8-thread-1] - Average CPU Load: 0.0 in VM-120
 INFO 08-28 19:27:17,447 TaskEventRateCalculator:78 [pool-8-thread-1] - ---- Start of task processed event (# tasks: 0 in executor VM-120)----
----- End of taks processed event ----

 INFO 08-28 19:27:17,447 CpuBottleneckDetectorImpl:63 [pool-8-thread-1] - Current cpu load: 0.0, # processed events: 0, consecutive: 0/2, threshold: 0.9 in VM-120
 INFO 08-28 19:27:18,447 SystemLoadProfiler:50 [pool-8-thread-1] - Average CPU Load: 0.0 in VM-120
 INFO 08-28 19:27:18,447 TaskEventRateCalculator:78 [pool-8-thread-1] - ---- Start of task processed event (# tasks: 0 in executor VM-120)----
----- End of taks processed event ----

 INFO 08-28 19:27:18,447 CpuBottleneckDetectorImpl:63 [pool-8-thread-1] - Current cpu load: 0.0, # processed events: 0, consecutive: 0/2, threshold: 0.9 in VM-120
 INFO 08-28 19:27:19,447 SystemLoadProfiler:50 [pool-8-thread-1] - Average CPU Load: 0.0 in VM-120
 INFO 08-28 19:27:19,447 TaskEventRateCalculator:78 [pool-8-thread-1] - ---- Start of task processed event (# tasks: 0 in executor VM-120)----
----- End of taks processed event ----

 INFO 08-28 19:27:19,447 CpuBottleneckDetectorImpl:63 [pool-8-thread-1] - Current cpu load: 0.0, # processed events: 0, consecutive: 0/2, threshold: 0.9 in VM-120
 INFO 08-28 19:27:20,447 SystemLoadProfiler:50 [pool-8-thread-1] - Average CPU Load: 0.0 in VM-120
 INFO 08-28 19:27:20,447 TaskEventRateCalculator:78 [pool-8-thread-1] - ---- Start of task processed event (# tasks: 0 in executor VM-120)----
----- End of taks processed event ----

 INFO 08-28 19:27:20,447 CpuBottleneckDetectorImpl:63 [pool-8-thread-1] - Current cpu load: 0.0, # processed events: 0, consecutive: 0/2, threshold: 0.9 in VM-120
 INFO 08-28 19:27:21,447 SystemLoadProfiler:50 [pool-8-thread-1] - Average CPU Load: 0.0 in VM-120
 INFO 08-28 19:27:21,447 TaskEventRateCalculator:78 [pool-8-thread-1] - ---- Start of task processed event (# tasks: 0 in executor VM-120)----
----- End of taks processed event ----

 INFO 08-28 19:27:21,447 CpuBottleneckDetectorImpl:63 [pool-8-thread-1] - Current cpu load: 0.0, # processed events: 0, consecutive: 0/2, threshold: 0.9 in VM-120
 INFO 08-28 19:27:22,447 SystemLoadProfiler:50 [pool-8-thread-1] - Average CPU Load: 0.0 in VM-120
 INFO 08-28 19:27:22,447 TaskEventRateCalculator:78 [pool-8-thread-1] - ---- Start of task processed event (# tasks: 0 in executor VM-120)----
----- End of taks processed event ----

 INFO 08-28 19:27:22,447 CpuBottleneckDetectorImpl:63 [pool-8-thread-1] - Current cpu load: 0.0, # processed events: 0, consecutive: 0/2, threshold: 0.9 in VM-120
 INFO 08-28 19:27:23,447 SystemLoadProfiler:50 [pool-8-thread-1] - Average CPU Load: 0.0 in VM-120
 INFO 08-28 19:27:23,447 TaskEventRateCalculator:78 [pool-8-thread-1] - ---- Start of task processed event (# tasks: 0 in executor VM-120)----
----- End of taks processed event ----

 INFO 08-28 19:27:23,447 CpuBottleneckDetectorImpl:63 [pool-8-thread-1] - Current cpu load: 0.0, # processed events: 0, consecutive: 0/2, threshold: 0.9 in VM-120
 INFO 08-28 19:27:24,447 SystemLoadProfiler:50 [pool-8-thread-1] - Average CPU Load: 0.0 in VM-120
 INFO 08-28 19:27:24,447 TaskEventRateCalculator:78 [pool-8-thread-1] - ---- Start of task processed event (# tasks: 0 in executor VM-120)----
----- End of taks processed event ----

 INFO 08-28 19:27:24,447 CpuBottleneckDetectorImpl:63 [pool-8-thread-1] - Current cpu load: 0.0, # processed events: 0, consecutive: 0/2, threshold: 0.9 in VM-120
 INFO 08-28 19:27:25,447 SystemLoadProfiler:50 [pool-8-thread-1] - Average CPU Load: 0.0 in VM-120
 INFO 08-28 19:27:25,447 TaskEventRateCalculator:78 [pool-8-thread-1] - ---- Start of task processed event (# tasks: 0 in executor VM-120)----
----- End of taks processed event ----

 INFO 08-28 19:27:25,447 CpuBottleneckDetectorImpl:63 [pool-8-thread-1] - Current cpu load: 0.0, # processed events: 0, consecutive: 0/2, threshold: 0.9 in VM-120
 INFO 08-28 19:27:26,447 SystemLoadProfiler:50 [pool-8-thread-1] - Average CPU Load: 0.0 in VM-120
 INFO 08-28 19:27:26,447 TaskEventRateCalculator:78 [pool-8-thread-1] - ---- Start of task processed event (# tasks: 0 in executor VM-120)----
----- End of taks processed event ----

 INFO 08-28 19:27:26,447 CpuBottleneckDetectorImpl:63 [pool-8-thread-1] - Current cpu load: 0.0, # processed events: 0, consecutive: 0/2, threshold: 0.9 in VM-120
 INFO 08-28 19:27:27,447 SystemLoadProfiler:50 [pool-8-thread-1] - Average CPU Load: 0.0 in VM-120
 INFO 08-28 19:27:27,447 TaskEventRateCalculator:78 [pool-8-thread-1] - ---- Start of task processed event (# tasks: 0 in executor VM-120)----
----- End of taks processed event ----

 INFO 08-28 19:27:27,447 CpuBottleneckDetectorImpl:63 [pool-8-thread-1] - Current cpu load: 0.0, # processed events: 0, consecutive: 0/2, threshold: 0.9 in VM-120
 INFO 08-28 19:27:28,447 SystemLoadProfiler:50 [pool-8-thread-1] - Average CPU Load: 0.0 in VM-120
 INFO 08-28 19:27:28,447 TaskEventRateCalculator:78 [pool-8-thread-1] - ---- Start of task processed event (# tasks: 0 in executor VM-120)----
----- End of taks processed event ----

 INFO 08-28 19:27:28,447 CpuBottleneckDetectorImpl:63 [pool-8-thread-1] - Current cpu load: 0.0, # processed events: 0, consecutive: 0/2, threshold: 0.9 in VM-120
 INFO 08-28 19:27:29,447 SystemLoadProfiler:50 [pool-8-thread-1] - Average CPU Load: 0.0 in VM-120
 INFO 08-28 19:27:29,447 TaskEventRateCalculator:78 [pool-8-thread-1] - ---- Start of task processed event (# tasks: 0 in executor VM-120)----
----- End of taks processed event ----

 INFO 08-28 19:27:29,447 CpuBottleneckDetectorImpl:63 [pool-8-thread-1] - Current cpu load: 0.0, # processed events: 0, consecutive: 0/2, threshold: 0.9 in VM-120
 INFO 08-28 19:27:30,447 SystemLoadProfiler:50 [pool-8-thread-1] - Average CPU Load: 0.0 in VM-120
 INFO 08-28 19:27:30,447 TaskEventRateCalculator:78 [pool-8-thread-1] - ---- Start of task processed event (# tasks: 0 in executor VM-120)----
----- End of taks processed event ----

 INFO 08-28 19:27:30,447 CpuBottleneckDetectorImpl:63 [pool-8-thread-1] - Current cpu load: 0.0, # processed events: 0, consecutive: 0/2, threshold: 0.9 in VM-120
 INFO 08-28 19:27:31,447 SystemLoadProfiler:50 [pool-8-thread-1] - Average CPU Load: 0.0 in VM-120
 INFO 08-28 19:27:31,447 TaskEventRateCalculator:78 [pool-8-thread-1] - ---- Start of task processed event (# tasks: 0 in executor VM-120)----
----- End of taks processed event ----

 INFO 08-28 19:27:31,447 CpuBottleneckDetectorImpl:63 [pool-8-thread-1] - Current cpu load: 0.0, # processed events: 0, consecutive: 0/2, threshold: 0.9 in VM-120
 INFO 08-28 19:27:32,447 SystemLoadProfiler:50 [pool-8-thread-1] - Average CPU Load: 0.0 in VM-120
 INFO 08-28 19:27:32,447 TaskEventRateCalculator:78 [pool-8-thread-1] - ---- Start of task processed event (# tasks: 0 in executor VM-120)----
----- End of taks processed event ----

 INFO 08-28 19:27:32,447 CpuBottleneckDetectorImpl:63 [pool-8-thread-1] - Current cpu load: 0.0, # processed events: 0, consecutive: 0/2, threshold: 0.9 in VM-120
 INFO 08-28 19:27:33,447 SystemLoadProfiler:50 [pool-8-thread-1] - Average CPU Load: 0.0 in VM-120
 INFO 08-28 19:27:33,447 TaskEventRateCalculator:78 [pool-8-thread-1] - ---- Start of task processed event (# tasks: 0 in executor VM-120)----
----- End of taks processed event ----

 INFO 08-28 19:27:33,447 CpuBottleneckDetectorImpl:63 [pool-8-thread-1] - Current cpu load: 0.0, # processed events: 0, consecutive: 0/2, threshold: 0.9 in VM-120
 INFO 08-28 19:27:34,447 SystemLoadProfiler:50 [pool-8-thread-1] - Average CPU Load: 0.0 in VM-120
 INFO 08-28 19:27:34,447 TaskEventRateCalculator:78 [pool-8-thread-1] - ---- Start of task processed event (# tasks: 0 in executor VM-120)----
----- End of taks processed event ----

 INFO 08-28 19:27:34,447 CpuBottleneckDetectorImpl:63 [pool-8-thread-1] - Current cpu load: 0.0, # processed events: 0, consecutive: 0/2, threshold: 0.9 in VM-120
 INFO 08-28 19:27:35,447 SystemLoadProfiler:50 [pool-8-thread-1] - Average CPU Load: 0.0 in VM-120
 INFO 08-28 19:27:35,447 TaskEventRateCalculator:78 [pool-8-thread-1] - ---- Start of task processed event (# tasks: 0 in executor VM-120)----
----- End of taks processed event ----

 INFO 08-28 19:27:35,447 CpuBottleneckDetectorImpl:63 [pool-8-thread-1] - Current cpu load: 0.0, # processed events: 0, consecutive: 0/2, threshold: 0.9 in VM-120
 INFO 08-28 19:27:36,447 SystemLoadProfiler:50 [pool-8-thread-1] - Average CPU Load: 0.0 in VM-120
 INFO 08-28 19:27:36,447 TaskEventRateCalculator:78 [pool-8-thread-1] - ---- Start of task processed event (# tasks: 0 in executor VM-120)----
----- End of taks processed event ----

 INFO 08-28 19:27:36,447 CpuBottleneckDetectorImpl:63 [pool-8-thread-1] - Current cpu load: 0.0, # processed events: 0, consecutive: 0/2, threshold: 0.9 in VM-120
 INFO 08-28 19:27:37,447 SystemLoadProfiler:50 [pool-8-thread-1] - Average CPU Load: 0.0 in VM-120
 INFO 08-28 19:27:37,447 TaskEventRateCalculator:78 [pool-8-thread-1] - ---- Start of task processed event (# tasks: 0 in executor VM-120)----
----- End of taks processed event ----

 INFO 08-28 19:27:37,447 CpuBottleneckDetectorImpl:63 [pool-8-thread-1] - Current cpu load: 0.0, # processed events: 0, consecutive: 0/2, threshold: 0.9 in VM-120
 INFO 08-28 19:27:38,447 SystemLoadProfiler:50 [pool-8-thread-1] - Average CPU Load: 0.0 in VM-120
 INFO 08-28 19:27:38,447 TaskEventRateCalculator:78 [pool-8-thread-1] - ---- Start of task processed event (# tasks: 0 in executor VM-120)----
----- End of taks processed event ----

 INFO 08-28 19:27:38,447 CpuBottleneckDetectorImpl:63 [pool-8-thread-1] - Current cpu load: 0.0, # processed events: 0, consecutive: 0/2, threshold: 0.9 in VM-120
 INFO 08-28 19:27:39,447 SystemLoadProfiler:50 [pool-8-thread-1] - Average CPU Load: 0.0 in VM-120
 INFO 08-28 19:27:39,447 TaskEventRateCalculator:78 [pool-8-thread-1] - ---- Start of task processed event (# tasks: 0 in executor VM-120)----
----- End of taks processed event ----

 INFO 08-28 19:27:39,447 CpuBottleneckDetectorImpl:63 [pool-8-thread-1] - Current cpu load: 0.0, # processed events: 0, consecutive: 0/2, threshold: 0.9 in VM-120
 INFO 08-28 19:27:40,447 SystemLoadProfiler:50 [pool-8-thread-1] - Average CPU Load: 0.0 in VM-120
 INFO 08-28 19:27:40,447 TaskEventRateCalculator:78 [pool-8-thread-1] - ---- Start of task processed event (# tasks: 0 in executor VM-120)----
----- End of taks processed event ----

 INFO 08-28 19:27:40,447 CpuBottleneckDetectorImpl:63 [pool-8-thread-1] - Current cpu load: 0.0, # processed events: 0, consecutive: 0/2, threshold: 0.9 in VM-120
 INFO 08-28 19:27:41,447 SystemLoadProfiler:50 [pool-8-thread-1] - Average CPU Load: 0.0 in VM-120
 INFO 08-28 19:27:41,447 TaskEventRateCalculator:78 [pool-8-thread-1] - ---- Start of task processed event (# tasks: 0 in executor VM-120)----
----- End of taks processed event ----

 INFO 08-28 19:27:41,447 CpuBottleneckDetectorImpl:63 [pool-8-thread-1] - Current cpu load: 0.0, # processed events: 0, consecutive: 0/2, threshold: 0.9 in VM-120
 INFO 08-28 19:27:42,447 SystemLoadProfiler:50 [pool-8-thread-1] - Average CPU Load: 0.0 in VM-120
 INFO 08-28 19:27:42,447 TaskEventRateCalculator:78 [pool-8-thread-1] - ---- Start of task processed event (# tasks: 0 in executor VM-120)----
----- End of taks processed event ----

 INFO 08-28 19:27:42,447 CpuBottleneckDetectorImpl:63 [pool-8-thread-1] - Current cpu load: 0.0, # processed events: 0, consecutive: 0/2, threshold: 0.9 in VM-120
 INFO 08-28 19:27:43,447 SystemLoadProfiler:50 [pool-8-thread-1] - Average CPU Load: 0.0 in VM-120
 INFO 08-28 19:27:43,447 TaskEventRateCalculator:78 [pool-8-thread-1] - ---- Start of task processed event (# tasks: 0 in executor VM-120)----
----- End of taks processed event ----

 INFO 08-28 19:27:43,447 CpuBottleneckDetectorImpl:63 [pool-8-thread-1] - Current cpu load: 0.0, # processed events: 0, consecutive: 0/2, threshold: 0.9 in VM-120
 INFO 08-28 19:27:44,447 SystemLoadProfiler:50 [pool-8-thread-1] - Average CPU Load: 0.0 in VM-120
 INFO 08-28 19:27:44,447 TaskEventRateCalculator:78 [pool-8-thread-1] - ---- Start of task processed event (# tasks: 0 in executor VM-120)----
----- End of taks processed event ----

 INFO 08-28 19:27:44,447 CpuBottleneckDetectorImpl:63 [pool-8-thread-1] - Current cpu load: 0.0, # processed events: 0, consecutive: 0/2, threshold: 0.9 in VM-120
 INFO 08-28 19:27:45,447 SystemLoadProfiler:50 [pool-8-thread-1] - Average CPU Load: 0.0 in VM-120
 INFO 08-28 19:27:45,447 TaskEventRateCalculator:78 [pool-8-thread-1] - ---- Start of task processed event (# tasks: 0 in executor VM-120)----
----- End of taks processed event ----

 INFO 08-28 19:27:45,447 CpuBottleneckDetectorImpl:63 [pool-8-thread-1] - Current cpu load: 0.0, # processed events: 0, consecutive: 0/2, threshold: 0.9 in VM-120
 INFO 08-28 19:27:46,447 SystemLoadProfiler:50 [pool-8-thread-1] - Average CPU Load: 0.0 in VM-120
 INFO 08-28 19:27:46,447 TaskEventRateCalculator:78 [pool-8-thread-1] - ---- Start of task processed event (# tasks: 0 in executor VM-120)----
----- End of taks processed event ----

 INFO 08-28 19:27:46,447 CpuBottleneckDetectorImpl:63 [pool-8-thread-1] - Current cpu load: 0.0, # processed events: 0, consecutive: 0/2, threshold: 0.9 in VM-120
 INFO 08-28 19:27:47,447 SystemLoadProfiler:50 [pool-8-thread-1] - Average CPU Load: 0.0 in VM-120
 INFO 08-28 19:27:47,447 TaskEventRateCalculator:78 [pool-8-thread-1] - ---- Start of task processed event (# tasks: 0 in executor VM-120)----
----- End of taks processed event ----

 INFO 08-28 19:27:47,447 CpuBottleneckDetectorImpl:63 [pool-8-thread-1] - Current cpu load: 0.0, # processed events: 0, consecutive: 0/2, threshold: 0.9 in VM-120
 INFO 08-28 19:27:48,447 SystemLoadProfiler:50 [pool-8-thread-1] - Average CPU Load: 0.0 in VM-120
 INFO 08-28 19:27:48,447 TaskEventRateCalculator:78 [pool-8-thread-1] - ---- Start of task processed event (# tasks: 0 in executor VM-120)----
----- End of taks processed event ----

 INFO 08-28 19:27:48,447 CpuBottleneckDetectorImpl:63 [pool-8-thread-1] - Current cpu load: 0.0, # processed events: 0, consecutive: 0/2, threshold: 0.9 in VM-120
 INFO 08-28 19:27:49,447 SystemLoadProfiler:50 [pool-8-thread-1] - Average CPU Load: 0.0 in VM-120
 INFO 08-28 19:27:49,447 TaskEventRateCalculator:78 [pool-8-thread-1] - ---- Start of task processed event (# tasks: 0 in executor VM-120)----
----- End of taks processed event ----

 INFO 08-28 19:27:49,447 CpuBottleneckDetectorImpl:63 [pool-8-thread-1] - Current cpu load: 0.0, # processed events: 0, consecutive: 0/2, threshold: 0.9 in VM-120
 INFO 08-28 19:27:50,447 SystemLoadProfiler:50 [pool-8-thread-1] - Average CPU Load: 0.0 in VM-120
 INFO 08-28 19:27:50,447 TaskEventRateCalculator:78 [pool-8-thread-1] - ---- Start of task processed event (# tasks: 0 in executor VM-120)----
----- End of taks processed event ----

 INFO 08-28 19:27:50,447 CpuBottleneckDetectorImpl:63 [pool-8-thread-1] - Current cpu load: 0.0, # processed events: 0, consecutive: 0/2, threshold: 0.9 in VM-120
 INFO 08-28 19:27:51,447 SystemLoadProfiler:50 [pool-8-thread-1] - Average CPU Load: 0.0 in VM-120
 INFO 08-28 19:27:51,447 TaskEventRateCalculator:78 [pool-8-thread-1] - ---- Start of task processed event (# tasks: 0 in executor VM-120)----
----- End of taks processed event ----

 INFO 08-28 19:27:51,447 CpuBottleneckDetectorImpl:63 [pool-8-thread-1] - Current cpu load: 0.0, # processed events: 0, consecutive: 0/2, threshold: 0.9 in VM-120
 INFO 08-28 19:27:52,447 SystemLoadProfiler:50 [pool-8-thread-1] - Average CPU Load: 0.0 in VM-120
 INFO 08-28 19:27:52,447 TaskEventRateCalculator:78 [pool-8-thread-1] - ---- Start of task processed event (# tasks: 0 in executor VM-120)----
----- End of taks processed event ----

 INFO 08-28 19:27:52,447 CpuBottleneckDetectorImpl:63 [pool-8-thread-1] - Current cpu load: 0.0, # processed events: 0, consecutive: 0/2, threshold: 0.9 in VM-120
 INFO 08-28 19:27:53,447 SystemLoadProfiler:50 [pool-8-thread-1] - Average CPU Load: 0.0 in VM-120
 INFO 08-28 19:27:53,447 TaskEventRateCalculator:78 [pool-8-thread-1] - ---- Start of task processed event (# tasks: 0 in executor VM-120)----
----- End of taks processed event ----

 INFO 08-28 19:27:53,447 CpuBottleneckDetectorImpl:63 [pool-8-thread-1] - Current cpu load: 0.0, # processed events: 0, consecutive: 0/2, threshold: 0.9 in VM-120
 INFO 08-28 19:27:53,480 Executor$ExecutorMessageReceiver:1217 [pool-16-thread-12] - Task scheduled Stage13-2-0,VM-106 received at VM-120
 INFO 08-28 19:27:53,527 Executor$ExecutorMessageReceiver:1217 [pool-16-thread-12] - Task scheduled Stage7-2-0,VM-123 received at VM-120
 INFO 08-28 19:27:54,447 SystemLoadProfiler:50 [pool-8-thread-1] - Average CPU Load: 0.0 in VM-120
 INFO 08-28 19:27:54,447 TaskEventRateCalculator:78 [pool-8-thread-1] - ---- Start of task processed event (# tasks: 0 in executor VM-120)----
----- End of taks processed event ----

 INFO 08-28 19:27:54,447 CpuBottleneckDetectorImpl:63 [pool-8-thread-1] - Current cpu load: 0.0, # processed events: 0, consecutive: 0/2, threshold: 0.9 in VM-120
 INFO 08-28 19:27:55,447 SystemLoadProfiler:50 [pool-8-thread-1] - Average CPU Load: 0.0 in VM-120
 INFO 08-28 19:27:55,447 TaskEventRateCalculator:78 [pool-8-thread-1] - ---- Start of task processed event (# tasks: 0 in executor VM-120)----
----- End of taks processed event ----

 INFO 08-28 19:27:55,447 CpuBottleneckDetectorImpl:63 [pool-8-thread-1] - Current cpu load: 0.0, # processed events: 0, consecutive: 0/2, threshold: 0.9 in VM-120
 INFO 08-28 19:27:56,447 SystemLoadProfiler:50 [pool-8-thread-1] - Average CPU Load: 0.0 in VM-120
 INFO 08-28 19:27:56,447 TaskEventRateCalculator:78 [pool-8-thread-1] - ---- Start of task processed event (# tasks: 0 in executor VM-120)----
----- End of taks processed event ----

 INFO 08-28 19:27:56,447 CpuBottleneckDetectorImpl:63 [pool-8-thread-1] - Current cpu load: 0.0, # processed events: 0, consecutive: 0/2, threshold: 0.9 in VM-120
 INFO 08-28 19:27:57,447 SystemLoadProfiler:50 [pool-8-thread-1] - Average CPU Load: 0.0 in VM-120
 INFO 08-28 19:27:57,447 TaskEventRateCalculator:78 [pool-8-thread-1] - ---- Start of task processed event (# tasks: 0 in executor VM-120)----
----- End of taks processed event ----

 INFO 08-28 19:27:57,447 CpuBottleneckDetectorImpl:63 [pool-8-thread-1] - Current cpu load: 0.0, # processed events: 0, consecutive: 0/2, threshold: 0.9 in VM-120
 INFO 08-28 19:27:58,447 SystemLoadProfiler:50 [pool-8-thread-1] - Average CPU Load: 0.0 in VM-120
 INFO 08-28 19:27:58,447 TaskEventRateCalculator:78 [pool-8-thread-1] - ---- Start of task processed event (# tasks: 0 in executor VM-120)----
----- End of taks processed event ----

 INFO 08-28 19:27:58,447 CpuBottleneckDetectorImpl:63 [pool-8-thread-1] - Current cpu load: 0.0, # processed events: 0, consecutive: 0/2, threshold: 0.9 in VM-120
 INFO 08-28 19:27:59,447 SystemLoadProfiler:50 [pool-8-thread-1] - Average CPU Load: 0.0 in VM-120
 INFO 08-28 19:27:59,447 TaskEventRateCalculator:78 [pool-8-thread-1] - ---- Start of task processed event (# tasks: 0 in executor VM-120)----
----- End of taks processed event ----

 INFO 08-28 19:27:59,447 CpuBottleneckDetectorImpl:63 [pool-8-thread-1] - Current cpu load: 0.0, # processed events: 0, consecutive: 0/2, threshold: 0.9 in VM-120
 INFO 08-28 19:28:00,447 SystemLoadProfiler:50 [pool-8-thread-1] - Average CPU Load: 0.0 in VM-120
 INFO 08-28 19:28:00,447 TaskEventRateCalculator:78 [pool-8-thread-1] - ---- Start of task processed event (# tasks: 0 in executor VM-120)----
----- End of taks processed event ----

 INFO 08-28 19:28:00,447 CpuBottleneckDetectorImpl:63 [pool-8-thread-1] - Current cpu load: 0.0, # processed events: 0, consecutive: 0/2, threshold: 0.9 in VM-120
 INFO 08-28 19:28:01,447 SystemLoadProfiler:50 [pool-8-thread-1] - Average CPU Load: 0.0 in VM-120
 INFO 08-28 19:28:01,447 TaskEventRateCalculator:78 [pool-8-thread-1] - ---- Start of task processed event (# tasks: 0 in executor VM-120)----
----- End of taks processed event ----

 INFO 08-28 19:28:01,447 CpuBottleneckDetectorImpl:63 [pool-8-thread-1] - Current cpu load: 0.0, # processed events: 0, consecutive: 0/2, threshold: 0.9 in VM-120
 INFO 08-28 19:28:02,447 SystemLoadProfiler:50 [pool-8-thread-1] - Average CPU Load: 0.0 in VM-120
 INFO 08-28 19:28:02,447 TaskEventRateCalculator:78 [pool-8-thread-1] - ---- Start of task processed event (# tasks: 0 in executor VM-120)----
----- End of taks processed event ----

 INFO 08-28 19:28:02,447 CpuBottleneckDetectorImpl:63 [pool-8-thread-1] - Current cpu load: 0.0, # processed events: 0, consecutive: 0/2, threshold: 0.9 in VM-120
 INFO 08-28 19:28:02,978 Executor$ExecutorMessageReceiver:1217 [pool-16-thread-12] - Task scheduled Stage7-1-0,VM-122 received at VM-120
 INFO 08-28 19:28:03,050 Executor$ExecutorMessageReceiver:1217 [pool-16-thread-12] - Task scheduled Stage13-1-0,VM-89 received at VM-120
 INFO 08-28 19:28:03,447 SystemLoadProfiler:50 [pool-8-thread-1] - Average CPU Load: 0.0 in VM-120
 INFO 08-28 19:28:03,447 TaskEventRateCalculator:78 [pool-8-thread-1] - ---- Start of task processed event (# tasks: 0 in executor VM-120)----
----- End of taks processed event ----

 INFO 08-28 19:28:03,447 CpuBottleneckDetectorImpl:63 [pool-8-thread-1] - Current cpu load: 0.0, # processed events: 0, consecutive: 0/2, threshold: 0.9 in VM-120
 INFO 08-28 19:28:03,756 Executor$ExecutorMessageReceiver:1217 [pool-16-thread-12] - Task scheduled Stage7-3-0,VM-88 received at VM-120
 INFO 08-28 19:28:04,447 SystemLoadProfiler:50 [pool-8-thread-1] - Average CPU Load: 0.0 in VM-120
 INFO 08-28 19:28:04,447 TaskEventRateCalculator:78 [pool-8-thread-1] - ---- Start of task processed event (# tasks: 0 in executor VM-120)----
----- End of taks processed event ----

 INFO 08-28 19:28:04,447 CpuBottleneckDetectorImpl:63 [pool-8-thread-1] - Current cpu load: 0.0, # processed events: 0, consecutive: 0/2, threshold: 0.9 in VM-120
 INFO 08-28 19:28:05,110 Executor$ExecutorMessageReceiver:1217 [pool-16-thread-12] - Task scheduled Stage13-3-0,VM-121 received at VM-120
 INFO 08-28 19:28:05,447 SystemLoadProfiler:50 [pool-8-thread-1] - Average CPU Load: 0.0 in VM-120
 INFO 08-28 19:28:05,447 TaskEventRateCalculator:78 [pool-8-thread-1] - ---- Start of task processed event (# tasks: 0 in executor VM-120)----
----- End of taks processed event ----

 INFO 08-28 19:28:05,447 CpuBottleneckDetectorImpl:63 [pool-8-thread-1] - Current cpu load: 0.0, # processed events: 0, consecutive: 0/2, threshold: 0.9 in VM-120
 INFO 08-28 19:28:06,447 SystemLoadProfiler:50 [pool-8-thread-1] - Average CPU Load: 0.0 in VM-120
 INFO 08-28 19:28:06,447 TaskEventRateCalculator:78 [pool-8-thread-1] - ---- Start of task processed event (# tasks: 0 in executor VM-120)----
----- End of taks processed event ----

 INFO 08-28 19:28:06,447 CpuBottleneckDetectorImpl:63 [pool-8-thread-1] - Current cpu load: 0.0, # processed events: 0, consecutive: 0/2, threshold: 0.9 in VM-120
 INFO 08-28 19:28:07,447 SystemLoadProfiler:50 [pool-8-thread-1] - Average CPU Load: 0.0 in VM-120
 INFO 08-28 19:28:07,447 TaskEventRateCalculator:78 [pool-8-thread-1] - ---- Start of task processed event (# tasks: 0 in executor VM-120)----
----- End of taks processed event ----

 INFO 08-28 19:28:07,447 CpuBottleneckDetectorImpl:63 [pool-8-thread-1] - Current cpu load: 0.0, # processed events: 0, consecutive: 0/2, threshold: 0.9 in VM-120
 INFO 08-28 19:28:08,447 SystemLoadProfiler:50 [pool-8-thread-1] - Average CPU Load: 0.0 in VM-120
 INFO 08-28 19:28:08,447 TaskEventRateCalculator:78 [pool-8-thread-1] - ---- Start of task processed event (# tasks: 0 in executor VM-120)----
----- End of taks processed event ----

 INFO 08-28 19:28:08,447 CpuBottleneckDetectorImpl:63 [pool-8-thread-1] - Current cpu load: 0.0, # processed events: 0, consecutive: 0/2, threshold: 0.9 in VM-120
 INFO 08-28 19:28:09,447 SystemLoadProfiler:50 [pool-8-thread-1] - Average CPU Load: 0.0 in VM-120
 INFO 08-28 19:28:09,447 TaskEventRateCalculator:78 [pool-8-thread-1] - ---- Start of task processed event (# tasks: 0 in executor VM-120)----
----- End of taks processed event ----

 INFO 08-28 19:28:09,447 CpuBottleneckDetectorImpl:63 [pool-8-thread-1] - Current cpu load: 0.0, # processed events: 0, consecutive: 0/2, threshold: 0.9 in VM-120
 INFO 08-28 19:28:09,886 VMWorker$NettyServerSideChannelHandler:181 [org.apache.nemo.offloading.workers.vm.VMWorkerSourceServerWorker-3-2] - Channel read from [id: 0x9a2e4b00, L:/10.10.1.9:25347 - R:/10.10.1.6:43684], OffloadingMasterEvent:SEND_ADDRESS
Receive request {"address":"10.10.1.6", "port": 11637, "requestId": 120, "invocationSequence": 2, "activationReason": "REACTIVATION"}
 INFO 08-28 19:28:09,886 VMWorker:106 [pool-1-thread-1] - SPONGE_WORKER_INVOCATION backend=cloudlab-vm transition=INVOCATION_STARTED requestId=120 invocation=2 reason=REACTIVATION
 INFO 08-28 19:28:09,887 OffloadingHandler:470 [pool-1-thread-1] - Remote address control channel/10.10.1.6:11637, addr /10.10.1.6:11637
 INFO 08-28 19:28:09,887 OffloadingHandler:482 [pool-1-thread-1] - Warmed container for request id 120 control channel[id: 0x96a73758, L:/10.10.1.9:54944 - R:/10.10.1.6:11637]
Wait deactivation
 INFO 08-28 19:28:10,447 SystemLoadProfiler:50 [pool-8-thread-1] - Average CPU Load: 0.0 in VM-120
 INFO 08-28 19:28:10,447 TaskEventRateCalculator:78 [pool-8-thread-1] - ---- Start of task processed event (# tasks: 0 in executor VM-120)----
----- End of taks processed event ----

 INFO 08-28 19:28:10,447 CpuBottleneckDetectorImpl:63 [pool-8-thread-1] - Current cpu load: 0.0, # processed events: 0, consecutive: 0/2, threshold: 0.9 in VM-120
 INFO 08-28 19:28:10,481 CpuInfoExtractor:19 [pool-17-thread-1] - --------- Start printing command cat /proc/net/dev worker id -1 ---------
Inter-|   Receive                                                |  Transmit
 face |bytes    packets errs drop fifo frame compressed multicast|bytes    packets errs drop fifo colls carrier compressed
    lo:  216816    2266    0    0    0     0          0         0   216816    2266    0    0    0     0       0          0
eno33np0: 294819124  690979    0 16140    0     0          0    511849  1731477   20214    0    0    0     0       0          0
eno34np1:       0       0    0    0    0     0          0         0        0       0    0    0    0     0       0          0
enp65s0f0np0: 2968868539 2043165    0    0    0     0          0        48 995292334  760330    0    0    0     0       0          0
enp65s0f1np1:       0       0    0    0    0     0          0         0        0       0    0    0    0     0       0          0
--------- End printing command cat /proc/net/dev worker id -1 ---------

 INFO 08-28 19:28:10,482 Executor:361 [pool-17-thread-1] - Send throttle event 2 from VM-120 to source, delay 400, queueLength: 0 input: 0, process: 0
 INFO 08-28 19:28:11,175 Task:107 [pool-16-thread-12] - Task Stage13-0-0 scheduled ... upstreamTasks [[Stage11-0-0], [Stage12-0-0]]
 INFO 08-28 19:28:11,176 Executor$ExecutorMessageReceiver:1489 [pool-16-thread-12] - Task Stage13-0-0 received in executor VM-120, serialized time 1235
 INFO 08-28 19:28:11,176 Executor:645 [pool-16-thread-12] - Executor [VM-120] received Task [Stage13-0-0] to execute.
 INFO 08-28 19:28:11,176 Executor:659 [pool-16-thread-12] - Task Stage13-0-0 irDag deser time 0
 INFO 08-28 19:28:11,183 Executor:730 [pool-16-thread-12] - Registering serializer manager in Stage13-0-0 edge edge(d)53: NemoEventEncoderFactory{valueEncoderFactory=org.apache.beam.sdk.util.WindowedValue$FullWindowedValueCoder}, NemoEventDecoderFactory{valueDecoderFactory=org.apache.beam.sdk.util.WindowedValue$FullWindowedValueCoder}
 INFO 08-28 19:28:11,183 Executor:730 [pool-16-thread-12] - Registering serializer manager in Stage13-0-0 edge edge(d)54: NemoEventEncoderFactory{valueEncoderFactory=org.apache.beam.sdk.util.WindowedValue$FullWindowedValueCoder}, NemoEventDecoderFactory{valueDecoderFactory=org.apache.beam.sdk.util.WindowedValue$FullWindowedValueCoder}
 INFO 08-28 19:28:11,183 Executor:759 [pool-16-thread-12] - VM-120 Launch task: Stage13-0-0, edge register time 7
 INFO 08-28 19:28:11,188 Executor:939 [pool-16-thread-12] - optimization policy org.apache.nemo.compiler.optimizer.policy.StreamingR1R2R3Policy
 INFO 08-28 19:28:11,193 MergerTaskExecutorImpl:190 [pool-16-thread-12] - Task Stage13-0-0 watermark manager restore time 0
 INFO 08-28 19:28:11,194 RuntimeEdge:66 [pool-16-thread-12] - Runtime edge edge(d)55, transient path check OneToOne
 INFO 08-28 19:28:11,194 RuntimeEdge:66 [pool-16-thread-12] - Runtime edge edge(d)56, transient path check TransientOneToOne
 INFO 08-28 19:28:11,195 RuntimeEdge:66 [pool-16-thread-12] - Runtime edge edge(d)53, transient path check OneToOne
 INFO 08-28 19:28:11,195 RuntimeEdge:66 [pool-16-thread-12] - Runtime edge edge(d)54, transient path check TransientOneToOne
 INFO 08-28 19:28:11,196 RuntimeEdge:66 [pool-16-thread-12] - Runtime edge edge(d)55, transient path check OneToOne
 INFO 08-28 19:28:11,196 RuntimeEdge:66 [pool-16-thread-12] - Runtime edge edge(d)53, transient path check OneToOne
 INFO 08-28 19:28:11,233 R2SingleStageWatermarkTracker:351 [pool-16-thread-12] - Decoding single stage watermark tracker in Stage13-0-0 watermarks: [-292275055-05-16T16:47:04.192Z,] ,stoppedWmarks: [true,], minWatermarkIndex: 0,prevEmitWatermark: -292275055-05-16T16:47:04.192Z
 INFO 08-28 19:28:11,235 R2SingleStageWatermarkTracker:351 [pool-16-thread-12] - Decoding single stage watermark tracker in Stage13-0-0 watermarks: [1970-01-01T15:18:34.018Z,] ,stoppedWmarks: [false,], minWatermarkIndex: 0,prevEmitWatermark: 1970-01-01T15:18:34.018Z
 INFO 08-28 19:28:11,235 MergerTaskExecutorImpl:304 [pool-16-thread-12] - Restore merger task Stage13-0-0: all path stoopped true/ lambda path stooped true/ vm path stopped falsereceive final /true
 INFO 08-28 19:28:11,235 MergerTaskExecutorImpl:322 [pool-16-thread-12] - Restore merger Stage13-0-0, toLambda: false, receiveFinal: true, dataRouter: org.apache.nemo.runtime.executor.common.tasks.MergerTaskExecutorImpl$VMDataRouter@21e8fa10
 INFO 08-28 19:28:11,235 MergerTaskExecutorImpl:484 [pool-16-thread-12] - Start to registering input output pipe Stage13-0-0
 INFO 08-28 19:28:11,243 MergerTaskExecutorImpl:487 [pool-16-thread-12] - Task outgoing edge for Stage13-0-0 {"runtimeEdgeId":"edge(d)55","executionProperties":{"org.apache.nemo.common.ir.edge.executionproperty.DataStoreProperty":"Pipe","org.apache.nemo.common.ir.edge.executionproperty.DecoderProperty":"org.apache.beam.sdk.util.WindowedValue$FullWindowedValueCoder","org.apache.nemo.common.ir.edge.executionproperty.DataFlowProperty":"Push","org.apache.nemo.common.ir.edge.executionproperty.KeyDecoderProperty":"org.apache.beam.sdk.coders.VarLongCoder","org.apache.nemo.common.ir.edge.executionproperty.KeyEncoderProperty":"org.apache.beam.sdk.coders.VarLongCoder","org.apache.nemo.common.ir.edge.executionproperty.DataPersistenceProperty":"Discard","org.apache.nemo.common.ir.edge.executionproperty.CommunicationPatternProperty":"OneToOne","org.apache.nemo.common.ir.edge.executionproperty.DecompressionProperty":"None","org.apache.nemo.common.ir.edge.executionproperty.PartitionerProperty":"Pair[Intact,0]","org.apache.nemo.common.ir.edge.executionproperty.CompressionProperty":"None","org.apache.nemo.common.ir.edge.executionproperty.KeyExtractorProperty":"org.apache.nemo.compiler.frontend.beam.BeamKeyExtractor@845","org.apache.nemo.common.ir.edge.executionproperty.EncoderProperty":"org.apache.beam.sdk.util.WindowedValue$FullWindowedValueCoder"},"externalSrcVertexId":"vertex(d)36","externalDstVertexId":"vertex27"}
 INFO 08-28 19:28:11,243 MergerTaskExecutorImpl:501 [pool-16-thread-12] - Registering pipe for output edges in Stage13-0-0, parallelism 4
 INFO 08-28 19:28:11,245 PipeIndexMapWorker:74 [pool-16-thread-12] - Request pipe index for Stage14-0-0/edge(d)55/Stage13-0-0 in {}
 INFO 08-28 19:28:11,249 PipeIndexMapWorker:74 [pool-16-thread-12] - Request pipe index for Stage13-0-0/edge(d)55/Stage14-0-0 in {}
 INFO 08-28 19:28:11,255 MergerTaskExecutorImpl:513 [pool-16-thread-12] - End of task outgoing edge for Stage13-0-0 {"runtimeEdgeId":"edge(d)55","executionProperties":{"org.apache.nemo.common.ir.edge.executionproperty.DataStoreProperty":"Pipe","org.apache.nemo.common.ir.edge.executionproperty.DecoderProperty":"org.apache.beam.sdk.util.WindowedValue$FullWindowedValueCoder","org.apache.nemo.common.ir.edge.executionproperty.DataFlowProperty":"Push","org.apache.nemo.common.ir.edge.executionproperty.KeyDecoderProperty":"org.apache.beam.sdk.coders.VarLongCoder","org.apache.nemo.common.ir.edge.executionproperty.KeyEncoderProperty":"org.apache.beam.sdk.coders.VarLongCoder","org.apache.nemo.common.ir.edge.executionproperty.DataPersistenceProperty":"Discard","org.apache.nemo.common.ir.edge.executionproperty.CommunicationPatternProperty":"OneToOne","org.apache.nemo.common.ir.edge.executionproperty.DecompressionProperty":"None","org.apache.nemo.common.ir.edge.executionproperty.PartitionerProperty":"Pair[Intact,0]","org.apache.nemo.common.ir.edge.executionproperty.CompressionProperty":"None","org.apache.nemo.common.ir.edge.executionproperty.KeyExtractorProperty":"org.apache.nemo.compiler.frontend.beam.BeamKeyExtractor@845","org.apache.nemo.common.ir.edge.executionproperty.EncoderProperty":"org.apache.beam.sdk.util.WindowedValue$FullWindowedValueCoder"},"externalSrcVertexId":"vertex(d)36","externalDstVertexId":"vertex27"}
 INFO 08-28 19:28:11,255 MergerTaskExecutorImpl:487 [pool-16-thread-12] - Task outgoing edge for Stage13-0-0 {"runtimeEdgeId":"edge(d)56","executionProperties":{"org.apache.nemo.common.ir.edge.executionproperty.DataStoreProperty":"Pipe","org.apache.nemo.common.ir.edge.executionproperty.PairEdgeProperty":"edge(d)55","org.apache.nemo.common.ir.edge.executionproperty.DecoderProperty":"org.apache.beam.sdk.util.WindowedValue$FullWindowedValueCoder","org.apache.nemo.common.ir.edge.executionproperty.DataFlowProperty":"Push","org.apache.nemo.common.ir.edge.executionproperty.KeyDecoderProperty":"org.apache.beam.sdk.coders.VarLongCoder","org.apache.nemo.common.ir.edge.executionproperty.KeyEncoderProperty":"org.apache.beam.sdk.coders.VarLongCoder","org.apache.nemo.common.ir.edge.executionproperty.DataPersistenceProperty":"Discard","org.apache.nemo.common.ir.edge.executionproperty.CommunicationPatternProperty":"TransientOneToOne","org.apache.nemo.common.ir.edge.executionproperty.DecompressionProperty":"None","org.apache.nemo.common.ir.edge.executionproperty.PartitionerProperty":"Pair[Intact,0]","org.apache.nemo.common.ir.edge.executionproperty.CompressionProperty":"None","org.apache.nemo.common.ir.edge.executionproperty.KeyExtractorProperty":"org.apache.nemo.compiler.frontend.beam.BeamKeyExtractor@845","org.apache.nemo.common.ir.edge.executionproperty.EncoderProperty":"org.apache.beam.sdk.util.WindowedValue$FullWindowedValueCoder"},"externalSrcVertexId":"vertex(d)36","externalDstVertexId":"vertex(d)28"}
 INFO 08-28 19:28:11,256 MergerTaskExecutorImpl:501 [pool-16-thread-12] - Registering pipe for output edges in Stage13-0-0, parallelism 4
 INFO 08-28 19:28:11,256 PipeIndexMapWorker:74 [pool-16-thread-12] - Request pipe index for Stage15-0-0/edge(d)56/Stage13-0-0 in {}
 INFO 08-28 19:28:11,257 PipeIndexMapWorker:74 [pool-16-thread-12] - Request pipe index for Stage13-0-0/edge(d)56/Stage15-0-0 in {}
 INFO 08-28 19:28:11,260 MergerTaskExecutorImpl:513 [pool-16-thread-12] - End of task outgoing edge for Stage13-0-0 {"runtimeEdgeId":"edge(d)56","executionProperties":{"org.apache.nemo.common.ir.edge.executionproperty.DataStoreProperty":"Pipe","org.apache.nemo.common.ir.edge.executionproperty.PairEdgeProperty":"edge(d)55","org.apache.nemo.common.ir.edge.executionproperty.DecoderProperty":"org.apache.beam.sdk.util.WindowedValue$FullWindowedValueCoder","org.apache.nemo.common.ir.edge.executionproperty.DataFlowProperty":"Push","org.apache.nemo.common.ir.edge.executionproperty.KeyDecoderProperty":"org.apache.beam.sdk.coders.VarLongCoder","org.apache.nemo.common.ir.edge.executionproperty.KeyEncoderProperty":"org.apache.beam.sdk.coders.VarLongCoder","org.apache.nemo.common.ir.edge.executionproperty.DataPersistenceProperty":"Discard","org.apache.nemo.common.ir.edge.executionproperty.CommunicationPatternProperty":"TransientOneToOne","org.apache.nemo.common.ir.edge.executionproperty.DecompressionProperty":"None","org.apache.nemo.common.ir.edge.executionproperty.PartitionerProperty":"Pair[Intact,0]","org.apache.nemo.common.ir.edge.executionproperty.CompressionProperty":"None","org.apache.nemo.common.ir.edge.executionproperty.KeyExtractorProperty":"org.apache.nemo.compiler.frontend.beam.BeamKeyExtractor@845","org.apache.nemo.common.ir.edge.executionproperty.EncoderProperty":"org.apache.beam.sdk.util.WindowedValue$FullWindowedValueCoder"},"externalSrcVertexId":"vertex(d)36","externalDstVertexId":"vertex(d)28"}
 INFO 08-28 19:28:11,260 MergerTaskExecutorImpl:516 [pool-16-thread-12] - Task Stage13-0-0 registering pipe time: 25
 INFO 08-28 19:28:11,264 MergerTaskExecutorImpl:534 [pool-16-thread-12] - Set GBK final transform
 INFO 08-28 19:28:11,264 MergerTaskExecutorImpl:549 [pool-16-thread-12] - Sink vertex: vertex(d)36
 INFO 08-28 19:28:11,286 InMemoryStateInternalsFactoryCoder:84 [pool-16-thread-12] - Coder size: 0
WARNING: An illegal reflective access operation has occurred
WARNING: Illegal reflective access by org.nustaq.serialization.FSTClazzInfo (file:/tmp/nemo-cloudlab-offload/nemo-client.jar) to field java.lang.String.value
WARNING: Please consider reporting this to the maintainers of org.nustaq.serialization.FSTClazzInfo
WARNING: Use --illegal-access=warn to enable warnings of further illegal reflective access operations
WARNING: All illegal access operations will be denied in a future release
 INFO 08-28 19:28:11,362 GBKFinalStateCoder:78 [pool-16-thread-12] - Decoding time: timer: 2, state: 76, keyWatermark: 0
 INFO 08-28 19:28:11,362 GBKFinalTransform:280 [pool-16-thread-12] - State decoding byte 68, time 84, numKey 0, Restored size 0 for Stage13-0-0 in VM-120
 INFO 08-28 19:28:11,447 SystemLoadProfiler:50 [pool-8-thread-1] - Average CPU Load: 0.22 in VM-120
 INFO 08-28 19:28:11,448 TaskEventRateCalculator:78 [pool-8-thread-1] - ---- Start of task processed event (# tasks: 0 in executor VM-120)----
----- End of taks processed event ----

 INFO 08-28 19:28:11,448 CpuBottleneckDetectorImpl:63 [pool-8-thread-1] - Current cpu load: 0.22, # processed events: 0, consecutive: 0/2, threshold: 0.9 in VM-120
 INFO 08-28 19:28:11,570 CpuInfoExtractor:19 [pool-17-thread-1] - --------- Start printing command cat /proc/net/dev worker id -1 ---------
Inter-|   Receive                                                |  Transmit
 face |bytes    packets errs drop fifo frame compressed multicast|bytes    packets errs drop fifo colls carrier compressed
    lo:  216816    2266    0    0    0     0          0         0   216816    2266    0    0    0     0       0          0
eno33np0: 294820690  691000    0 16140    0     0          0    511870  1731477   20214    0    0    0     0       0          0
eno34np1:       0       0    0    0    0     0          0         0        0       0    0    0    0     0       0          0
enp65s0f0np0: 2968875304 2043233    0    0    0     0          0        48 995302361  760452    0    0    0     0       0          0
enp65s0f1np1:       0       0    0    0    0     0          0         0        0       0    0    0    0     0       0          0
--------- End printing command cat /proc/net/dev worker id -1 ---------

 INFO 08-28 19:28:11,570 Executor:361 [pool-17-thread-1] - Send throttle event 2 from VM-120 to source, delay 400, queueLength: 0 input: 0, process: 0
 INFO 08-28 19:28:11,738 MergerTaskExecutorImpl:622 [pool-16-thread-12] - End of source vertex prepare Stage13-0-0
 INFO 08-28 19:28:11,741 MergerTaskExecutorImpl:631 [pool-16-thread-12] - Incoming edge: {"runtimeEdgeId":"edge(d)53","executionProperties":{"org.apache.nemo.common.ir.edge.executionproperty.DataStoreProperty":"Pipe","org.apache.nemo.common.ir.edge.executionproperty.DecoderProperty":"org.apache.beam.sdk.util.WindowedValue$FullWindowedValueCoder","org.apache.nemo.common.ir.edge.executionproperty.DataFlowProperty":"Push","org.apache.nemo.common.ir.edge.executionproperty.KeyDecoderProperty":"org.apache.beam.sdk.coders.VarLongCoder","org.apache.nemo.common.ir.edge.executionproperty.KeyEncoderProperty":"org.apache.beam.sdk.coders.VarLongCoder","org.apache.nemo.common.ir.edge.executionproperty.DataPersistenceProperty":"Discard","org.apache.nemo.common.ir.edge.executionproperty.CommunicationPatternProperty":"OneToOne","org.apache.nemo.common.ir.edge.executionproperty.DecompressionProperty":"None","org.apache.nemo.common.ir.edge.executionproperty.PartitionerProperty":"Pair[Intact,0]","org.apache.nemo.common.ir.edge.executionproperty.CompressionProperty":"None","org.apache.nemo.common.ir.edge.executionproperty.KeyExtractorProperty":"org.apache.nemo.compiler.frontend.beam.BeamKeyExtractor@845","org.apache.nemo.common.ir.edge.executionproperty.EncoderProperty":"org.apache.beam.sdk.util.WindowedValue$FullWindowedValueCoder"},"externalSrcVertexId":"vertex24","externalDstVertexId":"vertex(d)36"}, taskIndex: 0, taskId: Stage13-0-0
 INFO 08-28 19:28:11,741 MergerTaskExecutorImpl:669 [pool-16-thread-12] - Registering pipe for input edges in Stage13-0-0, parallelism 4
 INFO 08-28 19:28:11,742 PipeIndexMapWorker:74 [pool-16-thread-12] - Request pipe index for Stage11-0-0/edge(d)53/Stage13-0-0 in {}
 INFO 08-28 19:28:11,744 PipeIndexMapWorker:74 [pool-16-thread-12] - Request pipe index for Stage13-0-0/edge(d)53/Stage11-0-0 in {}
 INFO 08-28 19:28:11,747 RuntimeEdge:66 [pool-16-thread-12] - Runtime edge edge(d)53, transient path check OneToOne
 INFO 08-28 19:28:11,747 MergerTaskExecutorImpl:631 [pool-16-thread-12] - Incoming edge: {"runtimeEdgeId":"edge(d)54","executionProperties":{"org.apache.nemo.common.ir.edge.executionproperty.DataStoreProperty":"Pipe","org.apache.nemo.common.ir.edge.executionproperty.PairEdgeProperty":"edge(d)53","org.apache.nemo.common.ir.edge.executionproperty.DecoderProperty":"org.apache.beam.sdk.util.WindowedValue$FullWindowedValueCoder","org.apache.nemo.common.ir.edge.executionproperty.DataFlowProperty":"Push","org.apache.nemo.common.ir.edge.executionproperty.KeyDecoderProperty":"org.apache.beam.sdk.coders.VarLongCoder","org.apache.nemo.common.ir.edge.executionproperty.KeyEncoderProperty":"org.apache.beam.sdk.coders.VarLongCoder","org.apache.nemo.common.ir.edge.executionproperty.DataPersistenceProperty":"Discard","org.apache.nemo.common.ir.edge.executionproperty.CommunicationPatternProperty":"TransientOneToOne","org.apache.nemo.common.ir.edge.executionproperty.DecompressionProperty":"None","org.apache.nemo.common.ir.edge.executionproperty.PartitionerProperty":"Pair[Intact,0]","org.apache.nemo.common.ir.edge.executionproperty.CompressionProperty":"None","org.apache.nemo.common.ir.edge.executionproperty.KeyExtractorProperty":"org.apache.nemo.compiler.frontend.beam.BeamKeyExtractor@845","org.apache.nemo.common.ir.edge.executionproperty.EncoderProperty":"org.apache.beam.sdk.util.WindowedValue$FullWindowedValueCoder"},"externalSrcVertexId":"vertex(d)35","externalDstVertexId":"vertex(d)36"}, taskIndex: 0, taskId: Stage13-0-0
 INFO 08-28 19:28:11,747 MergerTaskExecutorImpl:669 [pool-16-thread-12] - Registering pipe for input edges in Stage13-0-0, parallelism 4
 INFO 08-28 19:28:11,747 PipeIndexMapWorker:74 [pool-16-thread-12] - Request pipe index for Stage12-0-0/edge(d)54/Stage13-0-0 in {}
 INFO 08-28 19:28:11,747 PipeIndexMapWorker:74 [pool-16-thread-12] - Request pipe index for Stage13-0-0/edge(d)54/Stage12-0-0 in {}
 INFO 08-28 19:28:11,749 RuntimeEdge:66 [pool-16-thread-12] - Runtime edge edge(d)54, transient path check TransientOneToOne
 INFO 08-28 19:28:11,749 R2SinglePairWatermarkManager:85 [pool-16-thread-12] - Skip data fetcher for datafetcher edge(d)53/edge(d)54, parallelism: 1
 INFO 08-28 19:28:11,749 MergerTaskExecutorImpl:715 [pool-16-thread-12] - Task Stage13-0-0 prepar time: 514
 INFO 08-28 19:28:11,749 MergerTaskExecutorImpl:718 [pool-16-thread-12] - Source vertex data fetchers in defaultTaskExecutorimpl: []
 INFO 08-28 19:28:11,749 Executor:1039 [pool-16-thread-12] - Add Task Stage13-0-0 to ExecutorThread0 thread of VM-120, time 573
 INFO 08-28 19:28:11,749 ExecutorThread:152 [pool-16-thread-12] - Add task Stage13-0-0
 INFO 08-28 19:28:11,749 ExecutorThread:164 [pool-16-thread-12] - Add task to unInitializedTasks Stage13-0-0 / [Stage13-0-0]
 INFO 08-28 19:28:11,749 Executor:1044 [pool-16-thread-12] - Put Task time Stage13-0-0 to ExecutorThread0 thread of VM-120, time 573
 INFO 08-28 19:28:11,749 Executor:680 [pool-16-thread-12] - Task launch time Stage13-0-0 : time 573
 INFO 08-28 19:28:11,750 ExecutorThread:373 [pool-13-thread-1] - Start initialization of Stage13-0-0
 INFO 08-28 19:28:11,752 TaskExecutorMapWrapper:62 [pool-13-thread-1] - Put task Stage13-0-0
 INFO 08-28 19:28:11,754 ExecutorThread:383 [pool-13-thread-1] - Task message send time Stage13-0-0 to 0 thread of VM-120, time 4
 INFO 08-28 19:28:11,757 ExecutorThread:408 [pool-13-thread-1] - Initializing task Stage13-0-0
 INFO 08-28 19:28:11,759 ExecutorThread:410 [pool-13-thread-1] - Initializing done of task Stage13-0-0
 INFO 08-28 19:28:11,760 Executor$ExecutorMessageReceiver:1217 [pool-16-thread-12] - Task scheduled Stage13-0-0,VM-120 received at VM-120
 INFO 08-28 19:28:11,777 Executor$ExecutorMessageReceiver:1217 [pool-16-thread-12] - Task scheduled Stage7-0-0,VM-87 received at VM-120
 INFO 08-28 19:28:12,008 CpuInfoExtractor:19 [pool-22-thread-1] - --------- Start printing command cat /proc/net/dev worker id 120 ---------
Inter-|   Receive                                                |  Transmit
 face |bytes    packets errs drop fifo frame compressed multicast|bytes    packets errs drop fifo colls carrier compressed
    lo:  216816    2266    0    0    0     0          0         0   216816    2266    0    0    0     0       0          0
eno33np0: 294821470  691013    0 16140    0     0          0    511883  1731477   20214    0    0    0     0       0          0
eno34np1:       0       0    0    0    0     0          0         0        0       0    0    0    0     0       0          0
enp65s0f0np0: 2968885195 2043338    0    0    0     0          0        48 995311881  760578    0    0    0     0       0          0
enp65s0f1np1:       0       0    0    0    0     0          0         0        0       0    0    0    0     0       0          0
--------- End printing command cat /proc/net/dev worker id 120 ---------

CPU Load: 0.0
 INFO 08-28 19:28:12,447 SystemLoadProfiler:50 [pool-8-thread-1] - Average CPU Load: 0.4 in VM-120
 INFO 08-28 19:28:12,447 TaskEventRateCalculator:78 [pool-8-thread-1] - ---- Start of task processed event (# tasks: 1 in executor VM-120)----
METRICLOG/VM-120	Stage13-0-0	inputR: 0	inputP:0	output:0	inW:1970-01-01T00:00:00.000Z	ioutW:1970-01-01T00:00:00.000Z	ptime:0	dsertime:0	inbytes:0	sertime:0	outbytes:0	numKey:0	owc:0
----- End of taks processed event ----

 INFO 08-28 19:28:12,447 CpuBottleneckDetectorImpl:63 [pool-8-thread-1] - Current cpu load: 0.4, # processed events: 0, consecutive: 0/2, threshold: 0.9 in VM-120
 INFO 08-28 19:28:12,549 CpuInfoExtractor:19 [pool-17-thread-1] - --------- Start printing command cat /proc/net/dev worker id -1 ---------
Inter-|   Receive                                                |  Transmit
 face |bytes    packets errs drop fifo frame compressed multicast|bytes    packets errs drop fifo colls carrier compressed
    lo:  216816    2266    0    0    0     0          0         0   216816    2266    0    0    0     0       0          0
eno33np0: 294822610  691032    0 16142    0     0          0    511902  1731477   20214    0    0    0     0       0          0
eno34np1:       0       0    0    0    0     0          0         0        0       0    0    0    0     0       0          0
enp65s0f0np0: 2970987421 2044816    0    0    0     0          0        48 997416103  762090    0    0    0     0       0          0
enp65s0f1np1:       0       0    0    0    0     0          0         0        0       0    0    0    0     0       0          0
--------- End printing command cat /proc/net/dev worker id -1 ---------

 INFO 08-28 19:28:12,550 Executor:361 [pool-17-thread-1] - Send throttle event 2 from VM-120 to source, delay 400, queueLength: 0 input: 0, process: 0
 INFO 08-28 19:28:13,447 SystemLoadProfiler:50 [pool-8-thread-1] - Average CPU Load: 0.1 in VM-120
 INFO 08-28 19:28:13,447 TaskEventRateCalculator:78 [pool-8-thread-1] - ---- Start of task processed event (# tasks: 1 in executor VM-120)----
METRICLOG/VM-120	Stage13-0-0	inputR: 0	inputP:0	output:0	inW:1970-01-01T00:00:00.000Z	ioutW:1970-01-01T00:00:00.000Z	ptime:0	dsertime:0	inbytes:0	sertime:0	outbytes:0	numKey:0	owc:0
----- End of taks processed event ----

 INFO 08-28 19:28:13,447 CpuBottleneckDetectorImpl:63 [pool-8-thread-1] - Current cpu load: 0.1, # processed events: 0, consecutive: 0/2, threshold: 0.9 in VM-120
 INFO 08-28 19:28:13,549 CpuInfoExtractor:19 [pool-17-thread-1] - --------- Start printing command cat /proc/net/dev worker id -1 ---------
Inter-|   Receive                                                |  Transmit
 face |bytes    packets errs drop fifo frame compressed multicast|bytes    packets errs drop fifo colls carrier compressed
    lo:  216816    2266    0    0    0     0          0         0   216816    2266    0    0    0     0       0          0
eno33np0: 294823450  691046    0 16142    0     0          0    511916  1731477   20214    0    0    0     0       0          0
eno34np1:       0       0    0    0    0     0          0         0        0       0    0    0    0     0       0          0
enp65s0f0np0: 2974134645 2047025    0    0    0     0          0        48 1000566943  764350    0    0    0     0       0          0
enp65s0f1np1:       0       0    0    0    0     0          0         0        0       0    0    0    0     0       0          0
--------- End printing command cat /proc/net/dev worker id -1 ---------

 INFO 08-28 19:28:13,549 Executor:361 [pool-17-thread-1] - Send throttle event 2 from VM-120 to source, delay 400, queueLength: 0 input: 0, process: 0
 INFO 08-28 19:28:13,999 CpuInfoExtractor:19 [pool-22-thread-1] - --------- Start printing command cat /proc/net/dev worker id 120 ---------
Inter-|   Receive                                                |  Transmit
 face |bytes    packets errs drop fifo frame compressed multicast|bytes    packets errs drop fifo colls carrier compressed
    lo:  216816    2266    0    0    0     0          0         0   216816    2266    0    0    0     0       0          0
eno33np0: 294823990  691055    0 16142    0     0          0    511925  1731477   20214    0    0    0     0       0          0
eno34np1:       0       0    0    0    0     0          0         0        0       0    0    0    0     0       0          0
enp65s0f0np0: 2981040725 2051754    0    0    0     0          0        48 1005273950  767621    0    0    0     0       0          0
enp65s0f1np1:       0       0    0    0    0     0          0         0        0       0    0    0    0     0       0          0
--------- End printing command cat /proc/net/dev worker id 120 ---------

CPU Load: 7.912644405760406E-4
 INFO 08-28 19:28:14,447 SystemLoadProfiler:50 [pool-8-thread-1] - Average CPU Load: 0.0 in VM-120
 INFO 08-28 19:28:14,447 TaskEventRateCalculator:78 [pool-8-thread-1] - ---- Start of task processed event (# tasks: 1 in executor VM-120)----
METRICLOG/VM-120	Stage13-0-0	inputR: 0	inputP:0	output:0	inW:1970-01-01T00:00:00.000Z	ioutW:1970-01-01T00:00:00.000Z	ptime:0	dsertime:0	inbytes:0	sertime:0	outbytes:0	numKey:0	owc:0
----- End of taks processed event ----

 INFO 08-28 19:28:14,447 CpuBottleneckDetectorImpl:63 [pool-8-thread-1] - Current cpu load: 0.0, # processed events: 0, consecutive: 0/2, threshold: 0.9 in VM-120
 INFO 08-28 19:28:14,549 CpuInfoExtractor:19 [pool-17-thread-1] - --------- Start printing command cat /proc/net/dev worker id -1 ---------
Inter-|   Receive                                                |  Transmit
 face |bytes    packets errs drop fifo frame compressed multicast|bytes    packets errs drop fifo colls carrier compressed
    lo:  216816    2266    0    0    0     0          0         0   216816    2266    0    0    0     0       0          0
eno33np0: 294824950  691071    0 16144    0     0          0    511941  1731477   20214    0    0    0     0       0          0
eno34np1:       0       0    0    0    0     0          0         0        0       0    0    0    0     0       0          0
enp65s0f0np0: 3004131064 2067301    0    0    0     0          0        48 1010938729  771781    0    0    0     0       0          0
enp65s0f1np1:       0       0    0    0    0     0          0         0        0       0    0    0    0     0       0          0
--------- End printing command cat /proc/net/dev worker id -1 ---------

 INFO 08-28 19:28:14,549 Executor:361 [pool-17-thread-1] - Send throttle event 2 from VM-120 to source, delay 400, queueLength: 0 input: 0, process: 0
 INFO 08-28 19:28:15,447 SystemLoadProfiler:50 [pool-8-thread-1] - Average CPU Load: 0.0 in VM-120
 INFO 08-28 19:28:15,447 TaskEventRateCalculator:78 [pool-8-thread-1] - ---- Start of task processed event (# tasks: 1 in executor VM-120)----
METRICLOG/VM-120	Stage13-0-0	inputR: 0	inputP:0	output:0	inW:1970-01-01T00:00:00.000Z	ioutW:1970-01-01T00:00:00.000Z	ptime:0	dsertime:0	inbytes:0	sertime:0	outbytes:0	numKey:0	owc:0
----- End of taks processed event ----

 INFO 08-28 19:28:15,447 CpuBottleneckDetectorImpl:63 [pool-8-thread-1] - Current cpu load: 0.0, # processed events: 0, consecutive: 0/2, threshold: 0.9 in VM-120
 INFO 08-28 19:28:15,549 CpuInfoExtractor:19 [pool-17-thread-1] - --------- Start printing command cat /proc/net/dev worker id -1 ---------
Inter-|   Receive                                                |  Transmit
 face |bytes    packets errs drop fifo frame compressed multicast|bytes    packets errs drop fifo colls carrier compressed
    lo:  216816    2266    0    0    0     0          0         0   216816    2266    0    0    0     0       0          0
eno33np0: 294826450  691096    0 16144    0     0          0    511966  1731477   20214    0    0    0     0       0          0
eno34np1:       0       0    0    0    0     0          0         0        0       0    0    0    0     0       0          0
enp65s0f0np0: 3044506193 2094465    0    0    0     0          0        48 1017024625  776492    0    0    0     0       0          0
enp65s0f1np1:       0       0    0    0    0     0          0         0        0       0    0    0    0     0       0          0
--------- End printing command cat /proc/net/dev worker id -1 ---------

 INFO 08-28 19:28:15,549 Executor:361 [pool-17-thread-1] - Send throttle event 2 from VM-120 to source, delay 400, queueLength: 0 input: 0, process: 0
