[2026-07-14T19:44:27.085-0600][0.007s][info][gc,heap] Heap region size: 1M
[2026-07-14T19:44:27.119-0600][0.041s][info][gc     ] Using G1
[2026-07-14T19:44:27.120-0600][0.041s][info][gc,heap,coops] Heap address: 0x0000000086400000, size: 1948 MB, Compressed Oops mode: 32-bit
[2026-07-14T19:44:27.120-0600][0.042s][info][gc,cds       ] Mark closed archive regions in map: [0x00000000ffc00000, 0x00000000ffc6bff8]
[2026-07-14T19:44:27.120-0600][0.042s][info][gc,cds       ] Mark open archive regions in map: [0x00000000ff800000, 0x00000000ff847ff8]
[2026-07-14T19:44:36.625-0600][9.547s][info][gc,start     ] GC(0) Pause Young (Concurrent Start) (Metadata GC Threshold)
[2026-07-14T19:44:36.629-0600][9.550s][info][gc,task      ] GC(0) Using 38 workers of 38 for evacuation
[2026-07-14T19:44:36.644-0600][9.566s][info][gc,phases    ] GC(0)   Pre Evacuate Collection Set: 0.1ms
[2026-07-14T19:44:36.644-0600][9.566s][info][gc,phases    ] GC(0)   Evacuate Collection Set: 13.4ms
[2026-07-14T19:44:36.644-0600][9.566s][info][gc,phases    ] GC(0)   Post Evacuate Collection Set: 1.0ms
[2026-07-14T19:44:36.644-0600][9.566s][info][gc,phases    ] GC(0)   Other: 4.7ms
[2026-07-14T19:44:36.644-0600][9.566s][info][gc,heap      ] GC(0) Eden regions: 203->0(956)
[2026-07-14T19:44:36.644-0600][9.566s][info][gc,heap      ] GC(0) Survivor regions: 0->18(122)
[2026-07-14T19:44:36.644-0600][9.566s][info][gc,heap      ] GC(0) Old regions: 2->2
[2026-07-14T19:44:36.644-0600][9.566s][info][gc,heap      ] GC(0) Humongous regions: 36->36
[2026-07-14T19:44:36.644-0600][9.566s][info][gc,metaspace ] GC(0) Metaspace: 20549K(21296K)->20549K(21296K) NonClass: 18145K(18608K)->18145K(18608K) Class: 2403K(2688K)->2403K(2688K)
[2026-07-14T19:44:36.644-0600][9.566s][info][gc           ] GC(0) Pause Young (Concurrent Start) (Metadata GC Threshold) 239M->54M(1948M) 19.280ms
[2026-07-14T19:44:36.644-0600][9.566s][info][gc,cpu       ] GC(0) User=0.13s Sys=0.12s Real=0.02s
[2026-07-14T19:44:36.644-0600][9.566s][info][gc           ] GC(1) Concurrent Cycle
[2026-07-14T19:44:36.644-0600][9.566s][info][gc,marking   ] GC(1) Concurrent Clear Claimed Marks
[2026-07-14T19:44:36.644-0600][9.566s][info][gc,marking   ] GC(1) Concurrent Clear Claimed Marks 0.034ms
[2026-07-14T19:44:36.644-0600][9.566s][info][gc,marking   ] GC(1) Concurrent Scan Root Regions
[2026-07-14T19:44:36.648-0600][9.570s][info][gc,marking   ] GC(1) Concurrent Scan Root Regions 3.952ms
[2026-07-14T19:44:36.648-0600][9.570s][info][gc,marking   ] GC(1) Concurrent Mark (9.570s)
[2026-07-14T19:44:36.648-0600][9.570s][info][gc,marking   ] GC(1) Concurrent Mark From Roots
[2026-07-14T19:44:36.648-0600][9.570s][info][gc,task      ] GC(1) Using 10 workers of 10 for marking
[2026-07-14T19:44:36.658-0600][9.579s][info][gc,marking   ] GC(1) Concurrent Mark From Roots 9.168ms
[2026-07-14T19:44:36.658-0600][9.579s][info][gc,marking   ] GC(1) Concurrent Preclean
[2026-07-14T19:44:36.658-0600][9.580s][info][gc,marking   ] GC(1) Concurrent Preclean 0.527ms
[2026-07-14T19:44:36.658-0600][9.580s][info][gc,marking   ] GC(1) Concurrent Mark (9.570s, 9.580s) 9.755ms
[2026-07-14T19:44:36.659-0600][9.581s][info][gc,start     ] GC(1) Pause Remark
[2026-07-14T19:44:36.661-0600][9.583s][info][gc,stringtable] GC(1) Cleaned string and symbol table, strings: 6662 processed, 0 removed, symbols: 50983 processed, 31 removed
[2026-07-14T19:44:36.661-0600][9.583s][info][gc            ] GC(1) Pause Remark 71M->71M(1948M) 2.396ms
[2026-07-14T19:44:36.661-0600][9.583s][info][gc,cpu        ] GC(1) User=0.07s Sys=0.00s Real=0.01s
[2026-07-14T19:44:36.661-0600][9.583s][info][gc,marking    ] GC(1) Concurrent Rebuild Remembered Sets
[2026-07-14T19:44:36.662-0600][9.584s][info][gc,marking    ] GC(1) Concurrent Rebuild Remembered Sets 1.176ms
[2026-07-14T19:44:36.663-0600][9.585s][info][gc,start      ] GC(1) Pause Cleanup
[2026-07-14T19:44:36.663-0600][9.585s][info][gc            ] GC(1) Pause Cleanup 71M->71M(1948M) 0.264ms
[2026-07-14T19:44:36.663-0600][9.585s][info][gc,cpu        ] GC(1) User=0.00s Sys=0.00s Real=0.00s
[2026-07-14T19:44:36.663-0600][9.585s][info][gc,marking    ] GC(1) Concurrent Cleanup for Next Mark
[2026-07-14T19:44:36.668-0600][9.590s][info][gc,marking    ] GC(1) Concurrent Cleanup for Next Mark 4.769ms
[2026-07-14T19:44:36.668-0600][9.590s][info][gc            ] GC(1) Concurrent Cycle 23.777ms
[2026-07-14T19:44:38.037-0600][10.958s][info][gc,start      ] GC(2) Pause Young (Concurrent Start) (Metadata GC Threshold)
[2026-07-14T19:44:38.037-0600][10.958s][info][gc,task       ] GC(2) Using 38 workers of 38 for evacuation
[2026-07-14T19:44:38.055-0600][10.976s][info][gc,phases     ] GC(2)   Pre Evacuate Collection Set: 0.1ms
[2026-07-14T19:44:38.055-0600][10.976s][info][gc,phases     ] GC(2)   Evacuate Collection Set: 15.8ms
[2026-07-14T19:44:38.055-0600][10.976s][info][gc,phases     ] GC(2)   Post Evacuate Collection Set: 1.7ms
[2026-07-14T19:44:38.055-0600][10.977s][info][gc,phases     ] GC(2)   Other: 0.5ms
[2026-07-14T19:44:38.055-0600][10.977s][info][gc,heap       ] GC(2) Eden regions: 164->0(952)
[2026-07-14T19:44:38.055-0600][10.977s][info][gc,heap       ] GC(2) Survivor regions: 18->22(122)
[2026-07-14T19:44:38.055-0600][10.977s][info][gc,heap       ] GC(2) Old regions: 2->2
[2026-07-14T19:44:38.055-0600][10.977s][info][gc,heap       ] GC(2) Humongous regions: 36->36
[2026-07-14T19:44:38.055-0600][10.977s][info][gc,metaspace  ] GC(2) Metaspace: 34779K(35920K)->34779K(35920K) NonClass: 30633K(31312K)->30633K(31312K) Class: 4145K(4608K)->4145K(4608K)
[2026-07-14T19:44:38.055-0600][10.977s][info][gc            ] GC(2) Pause Young (Concurrent Start) (Metadata GC Threshold) 217M->57M(1948M) 18.224ms
[2026-07-14T19:44:38.055-0600][10.977s][info][gc,cpu        ] GC(2) User=0.32s Sys=0.00s Real=0.02s
[2026-07-14T19:44:38.055-0600][10.977s][info][gc            ] GC(3) Concurrent Cycle
[2026-07-14T19:44:38.055-0600][10.977s][info][gc,marking    ] GC(3) Concurrent Clear Claimed Marks
[2026-07-14T19:44:38.055-0600][10.977s][info][gc,marking    ] GC(3) Concurrent Clear Claimed Marks 0.066ms
[2026-07-14T19:44:38.055-0600][10.977s][info][gc,marking    ] GC(3) Concurrent Scan Root Regions
[2026-07-14T19:44:38.059-0600][10.981s][info][gc,marking    ] GC(3) Concurrent Scan Root Regions 3.584ms
[2026-07-14T19:44:38.059-0600][10.981s][info][gc,marking    ] GC(3) Concurrent Mark (10.981s)
[2026-07-14T19:44:38.059-0600][10.981s][info][gc,marking    ] GC(3) Concurrent Mark From Roots
[2026-07-14T19:44:38.059-0600][10.981s][info][gc,task       ] GC(3) Using 10 workers of 10 for marking
[2026-07-14T19:44:38.065-0600][10.987s][info][gc,marking    ] GC(3) Concurrent Mark From Roots 6.233ms
[2026-07-14T19:44:38.065-0600][10.987s][info][gc,marking    ] GC(3) Concurrent Preclean
[2026-07-14T19:44:38.066-0600][10.987s][info][gc,marking    ] GC(3) Concurrent Preclean 0.552ms
[2026-07-14T19:44:38.066-0600][10.987s][info][gc,marking    ] GC(3) Concurrent Mark (10.981s, 10.987s) 6.853ms
[2026-07-14T19:44:38.066-0600][10.988s][info][gc,start      ] GC(3) Pause Remark
[2026-07-14T19:44:38.069-0600][10.991s][info][gc,stringtable] GC(3) Cleaned string and symbol table, strings: 12119 processed, 0 removed, symbols: 83388 processed, 24 removed
[2026-07-14T19:44:38.070-0600][10.991s][info][gc            ] GC(3) Pause Remark 76M->76M(1948M) 3.292ms
[2026-07-14T19:44:38.070-0600][10.991s][info][gc,cpu        ] GC(3) User=0.08s Sys=0.02s Real=0.00s
[2026-07-14T19:44:38.070-0600][10.991s][info][gc,marking    ] GC(3) Concurrent Rebuild Remembered Sets
[2026-07-14T19:44:38.071-0600][10.993s][info][gc,marking    ] GC(3) Concurrent Rebuild Remembered Sets 1.189ms
[2026-07-14T19:44:38.071-0600][10.993s][info][gc,start      ] GC(3) Pause Cleanup
[2026-07-14T19:44:38.072-0600][10.994s][info][gc            ] GC(3) Pause Cleanup 76M->76M(1948M) 0.589ms
[2026-07-14T19:44:38.072-0600][10.994s][info][gc,cpu        ] GC(3) User=0.01s Sys=0.00s Real=0.00s
[2026-07-14T19:44:38.072-0600][10.994s][info][gc,marking    ] GC(3) Concurrent Cleanup for Next Mark
[2026-07-14T19:44:38.077-0600][10.999s][info][gc,marking    ] GC(3) Concurrent Cleanup for Next Mark 4.726ms
[2026-07-14T19:44:38.077-0600][10.999s][info][gc            ] GC(3) Concurrent Cycle 21.844ms
[2026-07-14T19:47:05.865-0600][158.787s][info][gc,start      ] GC(4) Pause Young (Normal) (G1 Evacuation Pause)
[2026-07-14T19:47:05.865-0600][158.787s][info][gc,task       ] GC(4) Using 38 workers of 38 for evacuation
[2026-07-14T19:47:05.911-0600][158.833s][info][gc,phases     ] GC(4)   Pre Evacuate Collection Set: 0.1ms
[2026-07-14T19:47:05.911-0600][158.833s][info][gc,phases     ] GC(4)   Evacuate Collection Set: 43.4ms
[2026-07-14T19:47:05.911-0600][158.833s][info][gc,phases     ] GC(4)   Post Evacuate Collection Set: 2.0ms
[2026-07-14T19:47:05.911-0600][158.833s][info][gc,phases     ] GC(4)   Other: 0.5ms
[2026-07-14T19:47:05.911-0600][158.833s][info][gc,heap       ] GC(4) Eden regions: 952->0(863)
[2026-07-14T19:47:05.911-0600][158.833s][info][gc,heap       ] GC(4) Survivor regions: 22->111(122)
[2026-07-14T19:47:05.911-0600][158.833s][info][gc,heap       ] GC(4) Old regions: 2->2
[2026-07-14T19:47:05.911-0600][158.833s][info][gc,heap       ] GC(4) Humongous regions: 43->38
[2026-07-14T19:47:05.911-0600][158.833s][info][gc,metaspace  ] GC(4) Metaspace: 37734K(39120K)->37734K(39120K) NonClass: 33439K(34384K)->33439K(34384K) Class: 4295K(4736K)->4295K(4736K)
[2026-07-14T19:47:05.911-0600][158.833s][info][gc            ] GC(4) Pause Young (Normal) (G1 Evacuation Pause) 1016M->149M(1948M) 45.992ms
[2026-07-14T19:47:05.911-0600][158.833s][info][gc,cpu        ] GC(4) User=1.68s Sys=0.06s Real=0.04s
[2026-07-14T19:47:12.662-0600][165.584s][info][gc,start      ] GC(5) Pause Young (Normal) (G1 Evacuation Pause)
[2026-07-14T19:47:12.662-0600][165.584s][info][gc,task       ] GC(5) Using 38 workers of 38 for evacuation
[2026-07-14T19:47:12.688-0600][165.610s][info][gc,phases     ] GC(5)   Pre Evacuate Collection Set: 0.0ms
[2026-07-14T19:47:12.688-0600][165.610s][info][gc,phases     ] GC(5)   Evacuate Collection Set: 23.4ms
[2026-07-14T19:47:12.688-0600][165.610s][info][gc,phases     ] GC(5)   Post Evacuate Collection Set: 2.1ms
[2026-07-14T19:47:12.688-0600][165.610s][info][gc,phases     ] GC(5)   Other: 0.5ms
[2026-07-14T19:47:12.688-0600][165.610s][info][gc,heap       ] GC(5) Eden regions: 863->0(955)
[2026-07-14T19:47:12.688-0600][165.610s][info][gc,heap       ] GC(5) Survivor regions: 111->19(122)
[2026-07-14T19:47:12.688-0600][165.610s][info][gc,heap       ] GC(5) Old regions: 2->31
[2026-07-14T19:47:12.688-0600][165.610s][info][gc,heap       ] GC(5) Humongous regions: 70->52
[2026-07-14T19:47:12.688-0600][165.610s][info][gc,metaspace  ] GC(5) Metaspace: 37790K(39120K)->37790K(39120K) NonClass: 33494K(34384K)->33494K(34384K) Class: 4295K(4736K)->4295K(4736K)
[2026-07-14T19:47:12.688-0600][165.610s][info][gc            ] GC(5) Pause Young (Normal) (G1 Evacuation Pause) 1044M->100M(1948M) 26.203ms
[2026-07-14T19:47:12.688-0600][165.610s][info][gc,cpu        ] GC(5) User=0.56s Sys=0.16s Real=0.02s
[2026-07-14T19:47:17.512-0600][170.433s][info][gc,start      ] GC(6) Pause Young (Normal) (G1 Evacuation Pause)
[2026-07-14T19:47:17.512-0600][170.434s][info][gc,task       ] GC(6) Using 38 workers of 38 for evacuation
[2026-07-14T19:47:17.572-0600][170.494s][info][gc,phases     ] GC(6)   Pre Evacuate Collection Set: 0.1ms
[2026-07-14T19:47:17.572-0600][170.494s][info][gc,phases     ] GC(6)   Evacuate Collection Set: 58.5ms
[2026-07-14T19:47:17.572-0600][170.494s][info][gc,phases     ] GC(6)   Post Evacuate Collection Set: 1.6ms
[2026-07-14T19:47:17.572-0600][170.494s][info][gc,phases     ] GC(6)   Other: 0.6ms
[2026-07-14T19:47:17.572-0600][170.494s][info][gc,heap       ] GC(6) Eden regions: 955->0(852)
[2026-07-14T19:47:17.572-0600][170.494s][info][gc,heap       ] GC(6) Survivor regions: 19->122(122)
[2026-07-14T19:47:17.572-0600][170.494s][info][gc,heap       ] GC(6) Old regions: 31->144
[2026-07-14T19:47:17.572-0600][170.494s][info][gc,heap       ] GC(6) Humongous regions: 86->55
[2026-07-14T19:47:17.572-0600][170.494s][info][gc,metaspace  ] GC(6) Metaspace: 37796K(39120K)->37796K(39120K) NonClass: 33501K(34384K)->33501K(34384K) Class: 4295K(4736K)->4295K(4736K)
[2026-07-14T19:47:17.572-0600][170.494s][info][gc            ] GC(6) Pause Young (Normal) (G1 Evacuation Pause) 1089M->319M(1948M) 60.878ms
[2026-07-14T19:47:17.573-0600][170.494s][info][gc,cpu        ] GC(6) User=2.14s Sys=0.10s Real=0.06s
[2026-07-14T19:47:20.678-0600][173.600s][info][gc,start      ] GC(7) Pause Young (Normal) (G1 Evacuation Pause)
[2026-07-14T19:47:20.678-0600][173.600s][info][gc,task       ] GC(7) Using 38 workers of 38 for evacuation
[2026-07-14T19:47:20.766-0600][173.688s][info][gc,phases     ] GC(7)   Pre Evacuate Collection Set: 0.1ms
[2026-07-14T19:47:20.766-0600][173.688s][info][gc,phases     ] GC(7)   Evacuate Collection Set: 85.8ms
[2026-07-14T19:47:20.766-0600][173.688s][info][gc,phases     ] GC(7)   Post Evacuate Collection Set: 1.1ms
[2026-07-14T19:47:20.766-0600][173.688s][info][gc,phases     ] GC(7)   Other: 0.5ms
[2026-07-14T19:47:20.766-0600][173.688s][info][gc,heap       ] GC(7) Eden regions: 852->0(852)
[2026-07-14T19:47:20.766-0600][173.688s][info][gc,heap       ] GC(7) Survivor regions: 122->122(122)
[2026-07-14T19:47:20.766-0600][173.688s][info][gc,heap       ] GC(7) Old regions: 144->364
[2026-07-14T19:47:20.766-0600][173.688s][info][gc,heap       ] GC(7) Humongous regions: 67->36
[2026-07-14T19:47:20.766-0600][173.688s][info][gc,metaspace  ] GC(7) Metaspace: 37800K(39120K)->37800K(39120K) NonClass: 33504K(34384K)->33504K(34384K) Class: 4295K(4736K)->4295K(4736K)
[2026-07-14T19:47:20.766-0600][173.688s][info][gc            ] GC(7) Pause Young (Normal) (G1 Evacuation Pause) 1183M->520M(1948M) 87.626ms
[2026-07-14T19:47:20.766-0600][173.688s][info][gc,cpu        ] GC(7) User=3.16s Sys=0.10s Real=0.09s
[2026-07-14T19:47:21.886-0600][174.807s][info][gc,start      ] GC(8) Pause Young (Normal) (G1 Evacuation Pause)
[2026-07-14T19:47:21.886-0600][174.807s][info][gc,task       ] GC(8) Using 38 workers of 38 for evacuation
[2026-07-14T19:47:22.325-0600][175.247s][info][gc,mmu        ] GC(8) MMU target violated: 201.0ms (200.0ms/201.0ms)
[2026-07-14T19:47:22.325-0600][175.247s][info][gc,phases     ] GC(8)   Pre Evacuate Collection Set: 0.1ms
[2026-07-14T19:47:22.325-0600][175.247s][info][gc,phases     ] GC(8)   Evacuate Collection Set: 437.0ms
[2026-07-14T19:47:22.325-0600][175.247s][info][gc,phases     ] GC(8)   Post Evacuate Collection Set: 2.1ms
[2026-07-14T19:47:22.325-0600][175.247s][info][gc,phases     ] GC(8)   Other: 0.5ms
[2026-07-14T19:47:22.325-0600][175.247s][info][gc,heap       ] GC(8) Eden regions: 852->0(852)
[2026-07-14T19:47:22.325-0600][175.247s][info][gc,heap       ] GC(8) Survivor regions: 122->122(122)
[2026-07-14T19:47:22.325-0600][175.247s][info][gc,heap       ] GC(8) Old regions: 364->672
[2026-07-14T19:47:22.325-0600][175.247s][info][gc,heap       ] GC(8) Humongous regions: 36->36
[2026-07-14T19:47:22.325-0600][175.247s][info][gc,metaspace  ] GC(8) Metaspace: 37881K(39120K)->37881K(39120K) NonClass: 33585K(34384K)->33585K(34384K) Class: 4295K(4736K)->4295K(4736K)
[2026-07-14T19:47:22.325-0600][175.247s][info][gc            ] GC(8) Pause Young (Normal) (G1 Evacuation Pause) 1372M->828M(1948M) 439.596ms
[2026-07-14T19:47:22.325-0600][175.247s][info][gc,cpu        ] GC(8) User=16.62s Sys=0.00s Real=0.44s
[2026-07-14T19:47:22.604-0600][175.526s][info][gc,start      ] GC(9) Pause Young (Normal) (G1 Evacuation Pause)
[2026-07-14T19:47:22.604-0600][175.526s][info][gc,task       ] GC(9) Using 38 workers of 38 for evacuation
[2026-07-14T19:47:23.194-0600][176.116s][info][gc,mmu        ] GC(9) MMU target violated: 201.0ms (200.0ms/201.0ms)
[2026-07-14T19:47:23.194-0600][176.116s][info][gc            ] GC(9) To-space exhausted
[2026-07-14T19:47:23.194-0600][176.116s][info][gc,phases     ] GC(9)   Pre Evacuate Collection Set: 0.1ms
[2026-07-14T19:47:23.194-0600][176.116s][info][gc,phases     ] GC(9)   Evacuate Collection Set: 571.0ms
[2026-07-14T19:47:23.194-0600][176.116s][info][gc,phases     ] GC(9)   Post Evacuate Collection Set: 17.8ms
[2026-07-14T19:47:23.194-0600][176.116s][info][gc,phases     ] GC(9)   Other: 0.8ms
[2026-07-14T19:47:23.194-0600][176.116s][info][gc,heap       ] GC(9) Eden regions: 852->0(852)
[2026-07-14T19:47:23.194-0600][176.116s][info][gc,heap       ] GC(9) Survivor regions: 122->122(122)
[2026-07-14T19:47:23.194-0600][176.116s][info][gc,heap       ] GC(9) Old regions: 672->1721
[2026-07-14T19:47:23.194-0600][176.116s][info][gc,heap       ] GC(9) Humongous regions: 42->40
[2026-07-14T19:47:23.194-0600][176.116s][info][gc,metaspace  ] GC(9) Metaspace: 37881K(39120K)->37881K(39120K) NonClass: 33586K(34384K)->33586K(34384K) Class: 4295K(4736K)->4295K(4736K)
[2026-07-14T19:47:23.194-0600][176.116s][info][gc            ] GC(9) Pause Young (Normal) (G1 Evacuation Pause) 1686M->1881M(1948M) 589.695ms
[2026-07-14T19:47:23.194-0600][176.116s][info][gc,cpu        ] GC(9) User=22.27s Sys=0.00s Real=0.59s
[2026-07-14T19:47:23.208-0600][176.130s][info][gc,start      ] GC(10) Pause Young (Concurrent Start) (G1 Humongous Allocation)
[2026-07-14T19:47:23.208-0600][176.130s][info][gc,task       ] GC(10) Using 38 workers of 38 for evacuation
[2026-07-14T19:47:23.278-0600][176.199s][info][gc            ] GC(10) To-space exhausted
[2026-07-14T19:47:23.278-0600][176.199s][info][gc,phases     ] GC(10)   Pre Evacuate Collection Set: 0.1ms
[2026-07-14T19:47:23.278-0600][176.200s][info][gc,phases     ] GC(10)   Evacuate Collection Set: 61.4ms
[2026-07-14T19:47:23.278-0600][176.200s][info][gc,phases     ] GC(10)   Post Evacuate Collection Set: 8.1ms
[2026-07-14T19:47:23.278-0600][176.200s][info][gc,phases     ] GC(10)   Other: 0.4ms
[2026-07-14T19:47:23.278-0600][176.200s][info][gc,heap       ] GC(10) Eden regions: 27->0(956)
[2026-07-14T19:47:23.278-0600][176.200s][info][gc,heap       ] GC(10) Survivor regions: 122->18(122)
[2026-07-14T19:47:23.278-0600][176.200s][info][gc,heap       ] GC(10) Old regions: 1721->1888
[2026-07-14T19:47:23.278-0600][176.200s][info][gc,heap       ] GC(10) Humongous regions: 40->40
[2026-07-14T19:47:23.278-0600][176.200s][info][gc,metaspace  ] GC(10) Metaspace: 37883K(39120K)->37883K(39120K) NonClass: 33587K(34384K)->33587K(34384K) Class: 4295K(4736K)->4295K(4736K)
[2026-07-14T19:47:23.278-0600][176.200s][info][gc            ] GC(10) Pause Young (Concurrent Start) (G1 Humongous Allocation) 1908M->1944M(1948M) 70.152ms
[2026-07-14T19:47:23.278-0600][176.200s][info][gc,cpu        ] GC(10) User=2.51s Sys=0.00s Real=0.07s
[2026-07-14T19:47:23.278-0600][176.200s][info][gc            ] GC(11) Concurrent Cycle
[2026-07-14T19:47:23.278-0600][176.200s][info][gc,marking    ] GC(11) Concurrent Clear Claimed Marks
[2026-07-14T19:47:23.278-0600][176.200s][info][gc,marking    ] GC(11) Concurrent Clear Claimed Marks 0.136ms
[2026-07-14T19:47:23.278-0600][176.200s][info][gc,marking    ] GC(11) Concurrent Scan Root Regions
[2026-07-14T19:47:23.279-0600][176.201s][info][gc,marking    ] GC(11) Concurrent Scan Root Regions 1.256ms
[2026-07-14T19:47:23.279-0600][176.201s][info][gc,marking    ] GC(11) Concurrent Mark (176.201s)
[2026-07-14T19:47:23.279-0600][176.201s][info][gc,marking    ] GC(11) Concurrent Mark From Roots
[2026-07-14T19:47:23.279-0600][176.201s][info][gc,task       ] GC(11) Using 10 workers of 10 for marking
[2026-07-14T19:47:23.280-0600][176.201s][info][gc,start      ] GC(12) Pause Young (Normal) (G1 Humongous Allocation)
[2026-07-14T19:47:23.280-0600][176.201s][info][gc,task       ] GC(12) Using 38 workers of 38 for evacuation
[2026-07-14T19:47:23.305-0600][176.227s][info][gc            ] GC(12) To-space exhausted
[2026-07-14T19:47:23.305-0600][176.227s][info][gc,phases     ] GC(12)   Pre Evacuate Collection Set: 1.0ms
[2026-07-14T19:47:23.305-0600][176.227s][info][gc,phases     ] GC(12)   Evacuate Collection Set: 23.3ms
[2026-07-14T19:47:23.305-0600][176.227s][info][gc,phases     ] GC(12)   Post Evacuate Collection Set: 2.0ms
[2026-07-14T19:47:23.305-0600][176.227s][info][gc,phases     ] GC(12)   Other: 0.2ms
[2026-07-14T19:47:23.305-0600][176.227s][info][gc,heap       ] GC(12) Eden regions: 0->0(972)
[2026-07-14T19:47:23.305-0600][176.227s][info][gc,heap       ] GC(12) Survivor regions: 18->2(122)
[2026-07-14T19:47:23.305-0600][176.227s][info][gc,heap       ] GC(12) Old regions: 1888->1906
[2026-07-14T19:47:23.305-0600][176.227s][info][gc,heap       ] GC(12) Humongous regions: 40->40
[2026-07-14T19:47:23.305-0600][176.227s][info][gc,metaspace  ] GC(12) Metaspace: 37883K(39120K)->37883K(39120K) NonClass: 33587K(34384K)->33587K(34384K) Class: 4295K(4736K)->4295K(4736K)
[2026-07-14T19:47:23.305-0600][176.227s][info][gc            ] GC(12) Pause Young (Normal) (G1 Humongous Allocation) 1944M->1946M(1948M) 25.561ms
[2026-07-14T19:47:23.305-0600][176.227s][info][gc,cpu        ] GC(12) User=0.89s Sys=0.00s Real=0.02s
[2026-07-14T19:47:23.305-0600][176.227s][info][gc,task       ] GC(13) Using 38 workers of 38 for full compaction
[2026-07-14T19:47:23.305-0600][176.227s][info][gc,start      ] GC(13) Pause Full (G1 Humongous Allocation)
[2026-07-14T19:47:23.306-0600][176.228s][info][gc,phases,start] GC(13) Phase 1: Mark live objects
[2026-07-14T19:47:23.474-0600][176.396s][info][gc,stringtable ] GC(13) Cleaned string and symbol table, strings: 13530 processed, 1961 removed, symbols: 85147 processed, 4 removed
[2026-07-14T19:47:23.474-0600][176.396s][info][gc,phases      ] GC(13) Phase 1: Mark live objects 167.586ms
[2026-07-14T19:47:23.474-0600][176.396s][info][gc,phases,start] GC(13) Phase 2: Prepare for compaction
[2026-07-14T19:47:23.483-0600][176.405s][info][gc,phases      ] GC(13) Phase 2: Prepare for compaction 8.934ms
[2026-07-14T19:47:23.483-0600][176.405s][info][gc,phases,start] GC(13) Phase 3: Adjust pointers
[2026-07-14T19:47:23.502-0600][176.424s][info][gc,phases      ] GC(13) Phase 3: Adjust pointers 19.362ms
[2026-07-14T19:47:23.502-0600][176.424s][info][gc,phases,start] GC(13) Phase 4: Compact heap
[2026-07-14T19:47:23.515-0600][176.437s][info][gc,phases      ] GC(13) Phase 4: Compact heap 12.841ms
[2026-07-14T19:47:23.521-0600][176.442s][info][gc,heap        ] GC(13) Eden regions: 0->0(974)
[2026-07-14T19:47:23.521-0600][176.442s][info][gc,heap        ] GC(13) Survivor regions: 2->0(122)
[2026-07-14T19:47:23.521-0600][176.442s][info][gc,heap        ] GC(13) Old regions: 1906->646
[2026-07-14T19:47:23.521-0600][176.442s][info][gc,heap        ] GC(13) Humongous regions: 40->40
[2026-07-14T19:47:23.521-0600][176.442s][info][gc,metaspace   ] GC(13) Metaspace: 37883K(39120K)->37060K(39120K) NonClass: 33587K(34384K)->32922K(34384K) Class: 4295K(4736K)->4138K(4736K)
[2026-07-14T19:47:23.521-0600][176.443s][info][gc             ] GC(13) Pause Full (G1 Humongous Allocation) 1946M->666M(1948M) 215.258ms
[2026-07-14T19:47:23.521-0600][176.443s][info][gc,cpu         ] GC(13) User=7.63s Sys=0.00s Real=0.22s
[2026-07-14T19:47:23.524-0600][176.446s][info][gc,marking     ] GC(11) Concurrent Mark From Roots 244.815ms
[2026-07-14T19:47:23.524-0600][176.446s][info][gc,marking     ] GC(11) Concurrent Mark Abort
[2026-07-14T19:47:23.524-0600][176.446s][info][gc             ] GC(11) Concurrent Cycle 246.349ms
[2026-07-14T19:47:24.116-0600][177.038s][info][gc,start       ] GC(14) Pause Young (Normal) (G1 Evacuation Pause)
[2026-07-14T19:47:24.116-0600][177.038s][info][gc,task        ] GC(14) Using 38 workers of 38 for evacuation
[2026-07-14T19:47:24.431-0600][177.352s][info][gc,mmu         ] GC(14) MMU target violated: 201.0ms (200.0ms/201.0ms)
[2026-07-14T19:47:24.431-0600][177.353s][info][gc             ] GC(14) To-space exhausted
[2026-07-14T19:47:24.431-0600][177.353s][info][gc,phases      ] GC(14)   Pre Evacuate Collection Set: 0.0ms
[2026-07-14T19:47:24.431-0600][177.353s][info][gc,phases      ] GC(14)   Evacuate Collection Set: 308.3ms
[2026-07-14T19:47:24.431-0600][177.353s][info][gc,phases      ] GC(14)   Post Evacuate Collection Set: 5.2ms
[2026-07-14T19:47:24.431-0600][177.353s][info][gc,phases      ] GC(14)   Other: 1.2ms
[2026-07-14T19:47:24.431-0600][177.353s][info][gc,heap        ] GC(14) Eden regions: 974->0(852)
[2026-07-14T19:47:24.431-0600][177.353s][info][gc,heap        ] GC(14) Survivor regions: 0->122(122)
[2026-07-14T19:47:24.431-0600][177.353s][info][gc,heap        ] GC(14) Old regions: 646->905
[2026-07-14T19:47:24.431-0600][177.353s][info][gc,heap        ] GC(14) Humongous regions: 52->50
[2026-07-14T19:47:24.431-0600][177.353s][info][gc,metaspace   ] GC(14) Metaspace: 37061K(39120K)->37061K(39120K) NonClass: 32923K(34384K)->32923K(34384K) Class: 4138K(4736K)->4138K(4736K)
[2026-07-14T19:47:24.431-0600][177.353s][info][gc             ] GC(14) Pause Young (Normal) (G1 Evacuation Pause) 1652M->1057M(1948M) 314.688ms
[2026-07-14T19:47:24.431-0600][177.353s][info][gc,cpu         ] GC(14) User=11.81s Sys=0.00s Real=0.31s
[2026-07-14T19:47:27.186-0600][180.108s][info][gc,start       ] GC(15) Pause Young (Concurrent Start) (G1 Evacuation Pause)
[2026-07-14T19:47:27.186-0600][180.108s][info][gc,task        ] GC(15) Using 38 workers of 38 for evacuation
[2026-07-14T19:47:27.254-0600][180.176s][info][gc             ] GC(15) To-space exhausted
[2026-07-14T19:47:27.254-0600][180.176s][info][gc,phases      ] GC(15)   Pre Evacuate Collection Set: 0.1ms
[2026-07-14T19:47:27.254-0600][180.176s][info][gc,phases      ] GC(15)   Evacuate Collection Set: 41.4ms
[2026-07-14T19:47:27.254-0600][180.176s][info][gc,phases      ] GC(15)   Post Evacuate Collection Set: 25.4ms
[2026-07-14T19:47:27.254-0600][180.176s][info][gc,phases      ] GC(15)   Other: 1.0ms
[2026-07-14T19:47:27.254-0600][180.176s][info][gc,heap        ] GC(15) Eden regions: 852->0(962)
[2026-07-14T19:47:27.254-0600][180.176s][info][gc,heap        ] GC(15) Survivor regions: 122->12(122)
[2026-07-14T19:47:27.254-0600][180.176s][info][gc,heap        ] GC(15) Old regions: 905->1840
[2026-07-14T19:47:27.254-0600][180.176s][info][gc,heap        ] GC(15) Humongous regions: 50->50
[2026-07-14T19:47:27.254-0600][180.176s][info][gc,metaspace   ] GC(15) Metaspace: 37064K(39120K)->37064K(39120K) NonClass: 32926K(34384K)->32926K(34384K) Class: 4138K(4736K)->4138K(4736K)
[2026-07-14T19:47:27.254-0600][180.176s][info][gc             ] GC(15) Pause Young (Concurrent Start) (G1 Evacuation Pause) 1909M->1882M(1948M) 67.891ms
[2026-07-14T19:47:27.254-0600][180.176s][info][gc,cpu         ] GC(15) User=2.42s Sys=0.00s Real=0.07s
[2026-07-14T19:47:27.254-0600][180.176s][info][gc             ] GC(16) Concurrent Cycle
[2026-07-14T19:47:27.254-0600][180.176s][info][gc,marking     ] GC(16) Concurrent Clear Claimed Marks
[2026-07-14T19:47:27.254-0600][180.176s][info][gc,marking     ] GC(16) Concurrent Clear Claimed Marks 0.062ms
[2026-07-14T19:47:27.254-0600][180.176s][info][gc,marking     ] GC(16) Concurrent Scan Root Regions
[2026-07-14T19:47:27.256-0600][180.178s][info][gc,marking     ] GC(16) Concurrent Scan Root Regions 1.996ms
[2026-07-14T19:47:27.256-0600][180.178s][info][gc,marking     ] GC(16) Concurrent Mark (180.178s)
[2026-07-14T19:47:27.256-0600][180.178s][info][gc,marking     ] GC(16) Concurrent Mark From Roots
[2026-07-14T19:47:27.256-0600][180.178s][info][gc,task        ] GC(16) Using 10 workers of 10 for marking
[2026-07-14T19:47:27.283-0600][180.205s][info][gc,marking     ] GC(16) Concurrent Mark From Roots 26.889ms
[2026-07-14T19:47:27.283-0600][180.205s][info][gc,marking     ] GC(16) Concurrent Preclean
[2026-07-14T19:47:27.284-0600][180.206s][info][gc,marking     ] GC(16) Concurrent Preclean 0.682ms
[2026-07-14T19:47:27.284-0600][180.206s][info][gc,marking     ] GC(16) Concurrent Mark (180.178s, 180.206s) 27.664ms
[2026-07-14T19:47:27.285-0600][180.207s][info][gc,start       ] GC(16) Pause Remark
[2026-07-14T19:47:27.288-0600][180.210s][info][gc,stringtable ] GC(16) Cleaned string and symbol table, strings: 11582 processed, 0 removed, symbols: 85143 processed, 362 removed
[2026-07-14T19:47:27.290-0600][180.212s][info][gc             ] GC(16) Pause Remark 1912M->1764M(1948M) 5.430ms
[2026-07-14T19:47:27.290-0600][180.212s][info][gc,cpu         ] GC(16) User=0.08s Sys=0.01s Real=0.00s
[2026-07-14T19:47:27.290-0600][180.212s][info][gc,marking     ] GC(16) Concurrent Rebuild Remembered Sets
[2026-07-14T19:47:27.322-0600][180.244s][info][gc,marking     ] GC(16) Concurrent Rebuild Remembered Sets 31.605ms
[2026-07-14T19:47:27.322-0600][180.244s][info][gc,start       ] GC(16) Pause Cleanup
[2026-07-14T19:47:27.324-0600][180.246s][info][gc             ] GC(16) Pause Cleanup 1768M->1768M(1948M) 1.231ms
[2026-07-14T19:47:27.324-0600][180.246s][info][gc,cpu         ] GC(16) User=0.01s Sys=0.00s Real=0.00s
[2026-07-14T19:47:27.324-0600][180.246s][info][gc,marking     ] GC(16) Concurrent Cleanup for Next Mark
[2026-07-14T19:47:27.324-0600][180.246s][info][gc,marking     ] GC(16) Concurrent Cleanup for Next Mark 0.478ms
[2026-07-14T19:47:27.324-0600][180.246s][info][gc             ] GC(16) Concurrent Cycle 70.210ms
[2026-07-14T19:47:27.892-0600][180.814s][info][gc,start       ] GC(17) Pause Young (Prepare Mixed) (G1 Evacuation Pause)
[2026-07-14T19:47:27.892-0600][180.814s][info][gc,task        ] GC(17) Using 38 workers of 38 for evacuation
[2026-07-14T19:47:27.921-0600][180.843s][info][gc             ] GC(17) To-space exhausted
[2026-07-14T19:47:27.922-0600][180.843s][info][gc,phases      ] GC(17)   Pre Evacuate Collection Set: 0.1ms
[2026-07-14T19:47:27.922-0600][180.843s][info][gc,phases      ] GC(17)   Evacuate Collection Set: 17.9ms
[2026-07-14T19:47:27.922-0600][180.843s][info][gc,phases      ] GC(17)   Post Evacuate Collection Set: 10.7ms
[2026-07-14T19:47:27.922-0600][180.843s][info][gc,phases      ] GC(17)   Other: 1.0ms
[2026-07-14T19:47:27.922-0600][180.843s][info][gc,heap        ] GC(17) Eden regions: 210->0(974)
[2026-07-14T19:47:27.922-0600][180.843s][info][gc,heap        ] GC(17) Survivor regions: 12->0(122)
[2026-07-14T19:47:27.922-0600][180.843s][info][gc,heap        ] GC(17) Old regions: 1680->1902
[2026-07-14T19:47:27.922-0600][180.843s][info][gc,heap        ] GC(17) Humongous regions: 46->46
[2026-07-14T19:47:27.922-0600][180.843s][info][gc,metaspace   ] GC(17) Metaspace: 37064K(39120K)->37064K(39120K) NonClass: 32926K(34384K)->32926K(34384K) Class: 4138K(4736K)->4138K(4736K)
[2026-07-14T19:47:27.922-0600][180.843s][info][gc             ] GC(17) Pause Young (Prepare Mixed) (G1 Evacuation Pause) 1944M->1944M(1948M) 29.706ms
[2026-07-14T19:47:27.922-0600][180.844s][info][gc,cpu         ] GC(17) User=0.98s Sys=0.01s Real=0.03s
[2026-07-14T19:47:27.922-0600][180.844s][info][gc,task        ] GC(18) Using 38 workers of 38 for full compaction
[2026-07-14T19:47:27.922-0600][180.844s][info][gc,start       ] GC(18) Pause Full (G1 Evacuation Pause)
[2026-07-14T19:47:27.924-0600][180.845s][info][gc,phases,start] GC(18) Phase 1: Mark live objects
[2026-07-14T19:47:27.944-0600][180.866s][info][gc,stringtable ] GC(18) Cleaned string and symbol table, strings: 11582 processed, 0 removed, symbols: 84781 processed, 0 removed
[2026-07-14T19:47:27.944-0600][180.866s][info][gc,phases      ] GC(18) Phase 1: Mark live objects 20.517ms
[2026-07-14T19:47:27.944-0600][180.866s][info][gc,phases,start] GC(18) Phase 2: Prepare for compaction
[2026-07-14T19:47:27.948-0600][180.870s][info][gc,phases      ] GC(18) Phase 2: Prepare for compaction 4.224ms
[2026-07-14T19:47:27.948-0600][180.870s][info][gc,phases,start] GC(18) Phase 3: Adjust pointers
[2026-07-14T19:47:27.966-0600][180.888s][info][gc,phases      ] GC(18) Phase 3: Adjust pointers 17.800ms
[2026-07-14T19:47:27.966-0600][180.888s][info][gc,phases,start] GC(18) Phase 4: Compact heap
[2026-07-14T19:47:27.970-0600][180.892s][info][gc,phases      ] GC(18) Phase 4: Compact heap 4.240ms
[2026-07-14T19:47:28.090-0600][181.011s][info][gc,heap        ] GC(18) Eden regions: 0->0(197)
[2026-07-14T19:47:28.090-0600][181.011s][info][gc,heap        ] GC(18) Survivor regions: 0->0(122)
[2026-07-14T19:47:28.090-0600][181.011s][info][gc,heap        ] GC(18) Old regions: 1902->82
[2026-07-14T19:47:28.090-0600][181.011s][info][gc,heap        ] GC(18) Humongous regions: 46->36
[2026-07-14T19:47:28.090-0600][181.011s][info][gc,metaspace   ] GC(18) Metaspace: 37064K(39120K)->37064K(39120K) NonClass: 32926K(34384K)->32926K(34384K) Class: 4138K(4736K)->4138K(4736K)
[2026-07-14T19:47:28.090-0600][181.011s][info][gc             ] GC(18) Pause Full (G1 Evacuation Pause) 1944M->97M(394M) 167.459ms
[2026-07-14T19:47:28.090-0600][181.012s][info][gc,cpu         ] GC(18) User=1.03s Sys=0.12s Real=0.16s
[2026-07-14T19:47:28.661-0600][181.582s][info][gc,start       ] GC(19) Pause Young (Normal) (G1 Evacuation Pause)
[2026-07-14T19:47:28.661-0600][181.583s][info][gc,task        ] GC(19) Using 38 workers of 38 for evacuation
[2026-07-14T19:47:28.736-0600][181.658s][info][gc,phases      ] GC(19)   Pre Evacuate Collection Set: 0.0ms
[2026-07-14T19:47:28.736-0600][181.658s][info][gc,phases      ] GC(19)   Evacuate Collection Set: 74.4ms
[2026-07-14T19:47:28.736-0600][181.658s][info][gc,phases      ] GC(19)   Post Evacuate Collection Set: 0.6ms
[2026-07-14T19:47:28.736-0600][181.658s][info][gc,phases      ] GC(19)   Other: 0.4ms
[2026-07-14T19:47:28.736-0600][181.658s][info][gc,heap        ] GC(19) Eden regions: 197->0(172)
[2026-07-14T19:47:28.736-0600][181.658s][info][gc,heap        ] GC(19) Survivor regions: 0->25(25)
[2026-07-14T19:47:28.736-0600][181.658s][info][gc,heap        ] GC(19) Old regions: 82->101
[2026-07-14T19:47:28.736-0600][181.658s][info][gc,heap        ] GC(19) Humongous regions: 36->36
[2026-07-14T19:47:28.736-0600][181.658s][info][gc,metaspace   ] GC(19) Metaspace: 37064K(39120K)->37064K(39120K) NonClass: 32926K(34384K)->32926K(34384K) Class: 4138K(4736K)->4138K(4736K)
[2026-07-14T19:47:28.736-0600][181.658s][info][gc             ] GC(19) Pause Young (Normal) (G1 Evacuation Pause) 294M->140M(394M) 75.444ms
[2026-07-14T19:47:28.736-0600][181.658s][info][gc,cpu         ] GC(19) User=2.83s Sys=0.00s Real=0.07s
[2026-07-14T19:47:29.200-0600][182.122s][info][gc,start       ] GC(20) Pause Young (Normal) (G1 Evacuation Pause)
[2026-07-14T19:47:29.200-0600][182.122s][info][gc,task        ] GC(20) Using 38 workers of 38 for evacuation
[2026-07-14T19:47:29.221-0600][182.142s][info][gc,phases      ] GC(20)   Pre Evacuate Collection Set: 0.0ms
[2026-07-14T19:47:29.221-0600][182.142s][info][gc,phases      ] GC(20)   Evacuate Collection Set: 19.7ms
[2026-07-14T19:47:29.221-0600][182.143s][info][gc,phases      ] GC(20)   Post Evacuate Collection Set: 0.8ms
[2026-07-14T19:47:29.221-0600][182.143s][info][gc,phases      ] GC(20)   Other: 0.4ms
[2026-07-14T19:47:29.221-0600][182.143s][info][gc,heap        ] GC(20) Eden regions: 172->0(172)
[2026-07-14T19:47:29.221-0600][182.143s][info][gc,heap        ] GC(20) Survivor regions: 25->25(25)
[2026-07-14T19:47:29.221-0600][182.143s][info][gc,heap        ] GC(20) Old regions: 101->107
[2026-07-14T19:47:29.221-0600][182.143s][info][gc,heap        ] GC(20) Humongous regions: 39->38
[2026-07-14T19:47:29.221-0600][182.143s][info][gc,metaspace   ] GC(20) Metaspace: 37064K(39120K)->37064K(39120K) NonClass: 32926K(34384K)->32926K(34384K) Class: 4138K(4736K)->4138K(4736K)
[2026-07-14T19:47:29.221-0600][182.143s][info][gc             ] GC(20) Pause Young (Normal) (G1 Evacuation Pause) 315M->148M(394M) 21.034ms
[2026-07-14T19:47:29.221-0600][182.143s][info][gc,cpu         ] GC(20) User=0.74s Sys=0.00s Real=0.02s
[2026-07-14T19:47:29.714-0600][182.636s][info][gc,start       ] GC(21) Pause Young (Normal) (G1 Evacuation Pause)
[2026-07-14T19:47:29.714-0600][182.636s][info][gc,task        ] GC(21) Using 38 workers of 38 for evacuation
[2026-07-14T19:47:29.796-0600][182.718s][info][gc,phases      ] GC(21)   Pre Evacuate Collection Set: 0.0ms
[2026-07-14T19:47:29.796-0600][182.718s][info][gc,phases      ] GC(21)   Evacuate Collection Set: 81.0ms
[2026-07-14T19:47:29.796-0600][182.718s][info][gc,phases      ] GC(21)   Post Evacuate Collection Set: 0.6ms
[2026-07-14T19:47:29.796-0600][182.718s][info][gc,phases      ] GC(21)   Other: 0.4ms
[2026-07-14T19:47:29.796-0600][182.718s][info][gc,heap        ] GC(21) Eden regions: 172->0(172)
[2026-07-14T19:47:29.796-0600][182.718s][info][gc,heap        ] GC(21) Survivor regions: 25->25(25)
[2026-07-14T19:47:29.796-0600][182.718s][info][gc,heap        ] GC(21) Old regions: 107->115
[2026-07-14T19:47:29.796-0600][182.718s][info][gc,heap        ] GC(21) Humongous regions: 38->36
[2026-07-14T19:47:29.796-0600][182.718s][info][gc,metaspace   ] GC(21) Metaspace: 37064K(39120K)->37064K(39120K) NonClass: 32926K(34384K)->32926K(34384K) Class: 4138K(4736K)->4138K(4736K)
[2026-07-14T19:47:29.796-0600][182.718s][info][gc             ] GC(21) Pause Young (Normal) (G1 Evacuation Pause) 320M->154M(394M) 82.062ms
[2026-07-14T19:47:29.796-0600][182.718s][info][gc,cpu         ] GC(21) User=3.08s Sys=0.00s Real=0.08s
[2026-07-14T19:47:30.334-0600][183.256s][info][gc,start       ] GC(22) Pause Young (Normal) (G1 Evacuation Pause)
[2026-07-14T19:47:30.334-0600][183.256s][info][gc,task        ] GC(22) Using 38 workers of 38 for evacuation
[2026-07-14T19:47:30.368-0600][183.290s][info][gc,phases      ] GC(22)   Pre Evacuate Collection Set: 0.0ms
[2026-07-14T19:47:30.368-0600][183.290s][info][gc,phases      ] GC(22)   Evacuate Collection Set: 33.4ms
[2026-07-14T19:47:30.368-0600][183.290s][info][gc,phases      ] GC(22)   Post Evacuate Collection Set: 0.8ms
[2026-07-14T19:47:30.368-0600][183.290s][info][gc,phases      ] GC(22)   Other: 0.4ms
[2026-07-14T19:47:30.368-0600][183.290s][info][gc,heap        ] GC(22) Eden regions: 172->0(172)
[2026-07-14T19:47:30.368-0600][183.290s][info][gc,heap        ] GC(22) Survivor regions: 25->25(25)
[2026-07-14T19:47:30.368-0600][183.290s][info][gc,heap        ] GC(22) Old regions: 115->126
[2026-07-14T19:47:30.368-0600][183.290s][info][gc,heap        ] GC(22) Humongous regions: 36->36
[2026-07-14T19:47:30.368-0600][183.290s][info][gc,metaspace   ] GC(22) Metaspace: 37064K(39120K)->37064K(39120K) NonClass: 32926K(34384K)->32926K(34384K) Class: 4138K(4736K)->4138K(4736K)
[2026-07-14T19:47:30.368-0600][183.290s][info][gc             ] GC(22) Pause Young (Normal) (G1 Evacuation Pause) 326M->165M(394M) 34.612ms
[2026-07-14T19:47:30.368-0600][183.290s][info][gc,cpu         ] GC(22) User=1.26s Sys=0.00s Real=0.03s
[2026-07-14T19:47:30.887-0600][183.809s][info][gc,start       ] GC(23) Pause Young (Normal) (G1 Evacuation Pause)
[2026-07-14T19:47:30.888-0600][183.809s][info][gc,task        ] GC(23) Using 38 workers of 38 for evacuation
[2026-07-14T19:47:30.901-0600][183.823s][info][gc,phases      ] GC(23)   Pre Evacuate Collection Set: 0.0ms
[2026-07-14T19:47:30.902-0600][183.823s][info][gc,phases      ] GC(23)   Evacuate Collection Set: 12.9ms
[2026-07-14T19:47:30.902-0600][183.823s][info][gc,phases      ] GC(23)   Post Evacuate Collection Set: 0.8ms
[2026-07-14T19:47:30.902-0600][183.823s][info][gc,phases      ] GC(23)   Other: 0.4ms
[2026-07-14T19:47:30.902-0600][183.823s][info][gc,heap        ] GC(23) Eden regions: 172->0(175)
[2026-07-14T19:47:30.902-0600][183.823s][info][gc,heap        ] GC(23) Survivor regions: 25->22(25)
[2026-07-14T19:47:30.902-0600][183.823s][info][gc,heap        ] GC(23) Old regions: 126->129
[2026-07-14T19:47:30.902-0600][183.823s][info][gc,heap        ] GC(23) Humongous regions: 36->36
[2026-07-14T19:47:30.902-0600][183.823s][info][gc,metaspace   ] GC(23) Metaspace: 37070K(39120K)->37070K(39120K) NonClass: 32932K(34384K)->32932K(34384K) Class: 4138K(4736K)->4138K(4736K)
[2026-07-14T19:47:30.902-0600][183.824s][info][gc             ] GC(23) Pause Young (Normal) (G1 Evacuation Pause) 337M->164M(394M) 14.214ms
[2026-07-14T19:47:30.902-0600][183.824s][info][gc,cpu         ] GC(23) User=0.48s Sys=0.00s Real=0.02s
[2026-07-14T19:47:31.635-0600][184.556s][info][gc,start       ] GC(24) Pause Young (Normal) (G1 Evacuation Pause)
[2026-07-14T19:47:31.635-0600][184.556s][info][gc,task        ] GC(24) Using 38 workers of 38 for evacuation
[2026-07-14T19:47:31.716-0600][184.638s][info][gc,phases      ] GC(24)   Pre Evacuate Collection Set: 0.0ms
[2026-07-14T19:47:31.716-0600][184.638s][info][gc,phases      ] GC(24)   Evacuate Collection Set: 80.1ms
[2026-07-14T19:47:31.716-0600][184.638s][info][gc,phases      ] GC(24)   Post Evacuate Collection Set: 0.7ms
[2026-07-14T19:47:31.716-0600][184.638s][info][gc,phases      ] GC(24)   Other: 0.4ms
[2026-07-14T19:47:31.716-0600][184.638s][info][gc,heap        ] GC(24) Eden regions: 175->0(180)
[2026-07-14T19:47:31.716-0600][184.638s][info][gc,heap        ] GC(24) Survivor regions: 22->25(25)
[2026-07-14T19:47:31.716-0600][184.638s][info][gc,heap        ] GC(24) Old regions: 129->153
[2026-07-14T19:47:31.716-0600][184.638s][info][gc,heap        ] GC(24) Humongous regions: 36->36
[2026-07-14T19:47:31.716-0600][184.638s][info][gc,metaspace   ] GC(24) Metaspace: 37070K(39120K)->37070K(39120K) NonClass: 32932K(34384K)->32932K(34384K) Class: 4138K(4736K)->4138K(4736K)
[2026-07-14T19:47:31.716-0600][184.638s][info][gc             ] GC(24) Pause Young (Normal) (G1 Evacuation Pause) 339M->192M(411M) 81.240ms
[2026-07-14T19:47:31.716-0600][184.638s][info][gc,cpu         ] GC(24) User=3.03s Sys=0.00s Real=0.08s
[2026-07-14T19:47:31.722-0600][184.644s][info][gc,start       ] GC(25) Pause Young (Concurrent Start) (G1 Humongous Allocation)
[2026-07-14T19:47:31.722-0600][184.644s][info][gc,task        ] GC(25) Using 38 workers of 38 for evacuation
[2026-07-14T19:47:31.776-0600][184.698s][info][gc,phases      ] GC(25)   Pre Evacuate Collection Set: 0.1ms
[2026-07-14T19:47:31.776-0600][184.698s][info][gc,phases      ] GC(25)   Evacuate Collection Set: 53.0ms
[2026-07-14T19:47:31.776-0600][184.698s][info][gc,phases      ] GC(25)   Post Evacuate Collection Set: 0.5ms
[2026-07-14T19:47:31.776-0600][184.698s][info][gc,phases      ] GC(25)   Other: 0.3ms
[2026-07-14T19:47:31.776-0600][184.698s][info][gc,heap        ] GC(25) Eden regions: 12->0(197)
[2026-07-14T19:47:31.776-0600][184.698s][info][gc,heap        ] GC(25) Survivor regions: 25->8(26)
[2026-07-14T19:47:31.776-0600][184.698s][info][gc,heap        ] GC(25) Old regions: 153->178
[2026-07-14T19:47:31.776-0600][184.698s][info][gc,heap        ] GC(25) Humongous regions: 36->36
[2026-07-14T19:47:31.776-0600][184.698s][info][gc,metaspace   ] GC(25) Metaspace: 37070K(39120K)->37070K(39120K) NonClass: 32932K(34384K)->32932K(34384K) Class: 4138K(4736K)->4138K(4736K)
[2026-07-14T19:47:31.776-0600][184.698s][info][gc             ] GC(25) Pause Young (Concurrent Start) (G1 Humongous Allocation) 204M->200M(411M) 53.990ms
[2026-07-14T19:47:31.776-0600][184.698s][info][gc,cpu         ] GC(25) User=1.97s Sys=0.01s Real=0.05s
[2026-07-14T19:47:31.776-0600][184.698s][info][gc             ] GC(26) Concurrent Cycle
[2026-07-14T19:47:31.776-0600][184.698s][info][gc,marking     ] GC(26) Concurrent Clear Claimed Marks
[2026-07-14T19:47:31.776-0600][184.698s][info][gc,marking     ] GC(26) Concurrent Clear Claimed Marks 0.061ms
[2026-07-14T19:47:31.776-0600][184.698s][info][gc,marking     ] GC(26) Concurrent Scan Root Regions
[2026-07-14T19:47:31.778-0600][184.700s][info][gc,marking     ] GC(26) Concurrent Scan Root Regions 1.610ms
[2026-07-14T19:47:31.778-0600][184.700s][info][gc,marking     ] GC(26) Concurrent Mark (184.700s)
[2026-07-14T19:47:31.778-0600][184.700s][info][gc,marking     ] GC(26) Concurrent Mark From Roots
[2026-07-14T19:47:31.778-0600][184.700s][info][gc,task        ] GC(26) Using 10 workers of 10 for marking
[2026-07-14T19:47:31.839-0600][184.760s][info][gc,marking     ] GC(26) Concurrent Mark From Roots 60.872ms
[2026-07-14T19:47:31.839-0600][184.761s][info][gc,marking     ] GC(26) Concurrent Preclean
[2026-07-14T19:47:31.840-0600][184.761s][info][gc,marking     ] GC(26) Concurrent Preclean 0.867ms
[2026-07-14T19:47:31.840-0600][184.761s][info][gc,marking     ] GC(26) Concurrent Mark (184.700s, 184.761s) 61.813ms
[2026-07-14T19:47:31.840-0600][184.762s][info][gc,start       ] GC(26) Pause Remark
[2026-07-14T19:47:31.843-0600][184.765s][info][gc,stringtable ] GC(26) Cleaned string and symbol table, strings: 11602 processed, 0 removed, symbols: 84782 processed, 1 removed
[2026-07-14T19:47:31.844-0600][184.766s][info][gc             ] GC(26) Pause Remark 261M->261M(411M) 3.621ms
[2026-07-14T19:47:31.844-0600][184.766s][info][gc,cpu         ] GC(26) User=0.10s Sys=0.00s Real=0.00s
[2026-07-14T19:47:31.844-0600][184.766s][info][gc,marking     ] GC(26) Concurrent Rebuild Remembered Sets
[2026-07-14T19:47:31.868-0600][184.790s][info][gc,marking     ] GC(26) Concurrent Rebuild Remembered Sets 24.438ms
[2026-07-14T19:47:31.869-0600][184.791s][info][gc,start       ] GC(26) Pause Cleanup
[2026-07-14T19:47:31.869-0600][184.791s][info][gc             ] GC(26) Pause Cleanup 281M->281M(411M) 0.279ms
[2026-07-14T19:47:31.869-0600][184.791s][info][gc,cpu         ] GC(26) User=0.00s Sys=0.00s Real=0.00s
[2026-07-14T19:47:31.869-0600][184.791s][info][gc,marking     ] GC(26) Concurrent Cleanup for Next Mark
[2026-07-14T19:47:31.870-0600][184.791s][info][gc,marking     ] GC(26) Concurrent Cleanup for Next Mark 0.260ms
[2026-07-14T19:47:31.870-0600][184.791s][info][gc             ] GC(26) Concurrent Cycle 93.680ms
[2026-07-14T19:47:32.272-0600][185.194s][info][gc,start       ] GC(27) Pause Young (Prepare Mixed) (G1 Evacuation Pause)
[2026-07-14T19:47:32.272-0600][185.194s][info][gc,task        ] GC(27) Using 38 workers of 38 for evacuation
[2026-07-14T19:47:32.291-0600][185.212s][info][gc,phases      ] GC(27)   Pre Evacuate Collection Set: 0.0ms
[2026-07-14T19:47:32.291-0600][185.213s][info][gc,phases      ] GC(27)   Evacuate Collection Set: 16.8ms
[2026-07-14T19:47:32.291-0600][185.213s][info][gc,phases      ] GC(27)   Post Evacuate Collection Set: 1.0ms
[2026-07-14T19:47:32.291-0600][185.213s][info][gc,phases      ] GC(27)   Other: 0.5ms
[2026-07-14T19:47:32.291-0600][185.213s][info][gc,heap        ] GC(27) Eden regions: 181->0(192)
[2026-07-14T19:47:32.291-0600][185.213s][info][gc,heap        ] GC(27) Survivor regions: 8->26(26)
[2026-07-14T19:47:32.291-0600][185.213s][info][gc,heap        ] GC(27) Old regions: 178->178
[2026-07-14T19:47:32.291-0600][185.213s][info][gc,heap        ] GC(27) Humongous regions: 44->43
[2026-07-14T19:47:32.291-0600][185.213s][info][gc,metaspace   ] GC(27) Metaspace: 37071K(39120K)->37071K(39120K) NonClass: 32933K(34384K)->32933K(34384K) Class: 4138K(4736K)->4138K(4736K)
[2026-07-14T19:47:32.291-0600][185.213s][info][gc             ] GC(27) Pause Young (Prepare Mixed) (G1 Evacuation Pause) 389M->225M(437M) 18.445ms
[2026-07-14T19:47:32.291-0600][185.213s][info][gc,cpu         ] GC(27) User=0.44s Sys=0.02s Real=0.01s
[2026-07-14T19:47:32.792-0600][185.714s][info][gc,start       ] GC(28) Pause Young (Mixed) (G1 Evacuation Pause)
[2026-07-14T19:47:32.792-0600][185.714s][info][gc,task        ] GC(28) Using 38 workers of 38 for evacuation
[2026-07-14T19:47:32.832-0600][185.754s][info][gc,phases      ] GC(28)   Pre Evacuate Collection Set: 0.0ms
[2026-07-14T19:47:32.832-0600][185.754s][info][gc,phases      ] GC(28)   Evacuate Collection Set: 38.6ms
[2026-07-14T19:47:32.832-0600][185.754s][info][gc,phases      ] GC(28)   Post Evacuate Collection Set: 0.9ms
[2026-07-14T19:47:32.832-0600][185.754s][info][gc,phases      ] GC(28)   Other: 0.5ms
[2026-07-14T19:47:32.832-0600][185.754s][info][gc,heap        ] GC(28) Eden regions: 187->0(211)
[2026-07-14T19:47:32.832-0600][185.754s][info][gc,heap        ] GC(28) Survivor regions: 26->17(28)
[2026-07-14T19:47:32.832-0600][185.754s][info][gc,heap        ] GC(28) Old regions: 178->167
[2026-07-14T19:47:32.832-0600][185.754s][info][gc,heap        ] GC(28) Humongous regions: 46->43
[2026-07-14T19:47:32.832-0600][185.754s][info][gc,metaspace   ] GC(28) Metaspace: 37071K(39120K)->37071K(39120K) NonClass: 32933K(34384K)->32933K(34384K) Class: 4138K(4736K)->4138K(4736K)
[2026-07-14T19:47:32.832-0600][185.754s][info][gc             ] GC(28) Pause Young (Mixed) (G1 Evacuation Pause) 415M->206M(457M) 40.119ms
[2026-07-14T19:47:32.833-0600][185.754s][info][gc,cpu         ] GC(28) User=1.42s Sys=0.00s Real=0.04s
[2026-07-14T19:47:33.640-0600][186.561s][info][gc,start       ] GC(29) Pause Young (Mixed) (G1 Evacuation Pause)
[2026-07-14T19:47:33.640-0600][186.562s][info][gc,task        ] GC(29) Using 38 workers of 38 for evacuation
[2026-07-14T19:47:33.711-0600][186.633s][info][gc,phases      ] GC(29)   Pre Evacuate Collection Set: 0.1ms
[2026-07-14T19:47:33.711-0600][186.633s][info][gc,phases      ] GC(29)   Evacuate Collection Set: 70.2ms
[2026-07-14T19:47:33.711-0600][186.633s][info][gc,phases      ] GC(29)   Post Evacuate Collection Set: 0.7ms
[2026-07-14T19:47:33.711-0600][186.633s][info][gc,phases      ] GC(29)   Other: 0.4ms
[2026-07-14T19:47:33.711-0600][186.633s][info][gc,heap        ] GC(29) Eden regions: 211->0(215)
[2026-07-14T19:47:33.711-0600][186.633s][info][gc,heap        ] GC(29) Survivor regions: 17->29(29)
[2026-07-14T19:47:33.711-0600][186.633s][info][gc,heap        ] GC(29) Old regions: 167->175
[2026-07-14T19:47:33.711-0600][186.633s][info][gc,heap        ] GC(29) Humongous regions: 43->40
[2026-07-14T19:47:33.711-0600][186.633s][info][gc,metaspace   ] GC(29) Metaspace: 37071K(39120K)->37071K(39120K) NonClass: 32933K(34384K)->32933K(34384K) Class: 4138K(4736K)->4138K(4736K)
[2026-07-14T19:47:33.711-0600][186.633s][info][gc             ] GC(29) Pause Young (Mixed) (G1 Evacuation Pause) 417M->228M(489M) 71.449ms
[2026-07-14T19:47:33.711-0600][186.633s][info][gc,cpu         ] GC(29) User=2.63s Sys=0.02s Real=0.06s
[2026-07-14T19:47:34.341-0600][187.263s][info][gc,start       ] GC(30) Pause Young (Mixed) (G1 Evacuation Pause)
[2026-07-14T19:47:34.341-0600][187.263s][info][gc,task        ] GC(30) Using 38 workers of 38 for evacuation
[2026-07-14T19:47:34.364-0600][187.286s][info][gc,phases      ] GC(30)   Pre Evacuate Collection Set: 0.1ms
[2026-07-14T19:47:34.364-0600][187.286s][info][gc,phases      ] GC(30)   Evacuate Collection Set: 20.1ms
[2026-07-14T19:47:34.364-0600][187.286s][info][gc,phases      ] GC(30)   Post Evacuate Collection Set: 2.4ms
[2026-07-14T19:47:34.364-0600][187.286s][info][gc,phases      ] GC(30)   Other: 0.4ms
[2026-07-14T19:47:34.364-0600][187.286s][info][gc,heap        ] GC(30) Eden regions: 215->0(276)
[2026-07-14T19:47:34.364-0600][187.286s][info][gc,heap        ] GC(30) Survivor regions: 29->29(31)
[2026-07-14T19:47:34.364-0600][187.286s][info][gc,heap        ] GC(30) Old regions: 175->165
[2026-07-14T19:47:34.364-0600][187.286s][info][gc,heap        ] GC(30) Humongous regions: 48->44
[2026-07-14T19:47:34.364-0600][187.286s][info][gc,metaspace   ] GC(30) Metaspace: 37071K(39120K)->37071K(39120K) NonClass: 32933K(34384K)->32933K(34384K) Class: 4138K(4736K)->4138K(4736K)
[2026-07-14T19:47:34.364-0600][187.286s][info][gc             ] GC(30) Pause Young (Mixed) (G1 Evacuation Pause) 451M->226M(611M) 23.105ms
[2026-07-14T19:47:34.364-0600][187.286s][info][gc,cpu         ] GC(30) User=0.62s Sys=0.03s Real=0.02s
[2026-07-14T19:47:35.168-0600][188.090s][info][gc,start       ] GC(31) Pause Young (Mixed) (G1 Evacuation Pause)
[2026-07-14T19:47:35.169-0600][188.090s][info][gc,task        ] GC(31) Using 38 workers of 38 for evacuation
[2026-07-14T19:47:35.194-0600][188.116s][info][gc,phases      ] GC(31)   Pre Evacuate Collection Set: 0.1ms
[2026-07-14T19:47:35.194-0600][188.116s][info][gc,phases      ] GC(31)   Evacuate Collection Set: 24.1ms
[2026-07-14T19:47:35.194-0600][188.116s][info][gc,phases      ] GC(31)   Post Evacuate Collection Set: 0.7ms
[2026-07-14T19:47:35.194-0600][188.116s][info][gc,phases      ] GC(31)   Other: 0.5ms
[2026-07-14T19:47:35.194-0600][188.116s][info][gc,heap        ] GC(31) Eden regions: 276->0(272)
[2026-07-14T19:47:35.194-0600][188.116s][info][gc,heap        ] GC(31) Survivor regions: 29->33(39)
[2026-07-14T19:47:35.194-0600][188.116s][info][gc,heap        ] GC(31) Old regions: 165->154
[2026-07-14T19:47:35.194-0600][188.116s][info][gc,heap        ] GC(31) Humongous regions: 46->40
[2026-07-14T19:47:35.194-0600][188.116s][info][gc,metaspace   ] GC(31) Metaspace: 37071K(39120K)->37071K(39120K) NonClass: 32933K(34384K)->32933K(34384K) Class: 4138K(4736K)->4138K(4736K)
[2026-07-14T19:47:35.194-0600][188.116s][info][gc             ] GC(31) Pause Young (Mixed) (G1 Evacuation Pause) 504M->216M(611M) 25.490ms
[2026-07-14T19:47:35.194-0600][188.116s][info][gc,cpu         ] GC(31) User=0.91s Sys=0.00s Real=0.03s
[2026-07-14T19:47:36.081-0600][189.003s][info][gc,start       ] GC(32) Pause Young (Normal) (G1 Evacuation Pause)
[2026-07-14T19:47:36.081-0600][189.003s][info][gc,task        ] GC(32) Using 38 workers of 38 for evacuation
[2026-07-14T19:47:36.104-0600][189.026s][info][gc,phases      ] GC(32)   Pre Evacuate Collection Set: 0.0ms
[2026-07-14T19:47:36.104-0600][189.026s][info][gc,phases      ] GC(32)   Evacuate Collection Set: 21.5ms
[2026-07-14T19:47:36.104-0600][189.026s][info][gc,phases      ] GC(32)   Post Evacuate Collection Set: 0.8ms
[2026-07-14T19:47:36.104-0600][189.026s][info][gc,phases      ] GC(32)   Other: 0.4ms
[2026-07-14T19:47:36.104-0600][189.026s][info][gc,heap        ] GC(32) Eden regions: 272->0(274)
[2026-07-14T19:47:36.104-0600][189.026s][info][gc,heap        ] GC(32) Survivor regions: 33->31(39)
[2026-07-14T19:47:36.104-0600][189.026s][info][gc,heap        ] GC(32) Old regions: 154->157
[2026-07-14T19:47:36.104-0600][189.026s][info][gc,heap        ] GC(32) Humongous regions: 40->40
[2026-07-14T19:47:36.104-0600][189.026s][info][gc,metaspace   ] GC(32) Metaspace: 37071K(39120K)->37071K(39120K) NonClass: 32933K(34384K)->32933K(34384K) Class: 4138K(4736K)->4138K(4736K)
[2026-07-14T19:47:36.104-0600][189.026s][info][gc             ] GC(32) Pause Young (Normal) (G1 Evacuation Pause) 488M->217M(611M) 22.893ms
[2026-07-14T19:47:36.104-0600][189.026s][info][gc,cpu         ] GC(32) User=0.81s Sys=0.00s Real=0.02s
[2026-07-14T19:47:36.999-0600][189.921s][info][gc,start       ] GC(33) Pause Young (Normal) (G1 Evacuation Pause)
[2026-07-14T19:47:36.999-0600][189.921s][info][gc,task        ] GC(33) Using 38 workers of 38 for evacuation
[2026-07-14T19:47:37.021-0600][189.943s][info][gc,phases      ] GC(33)   Pre Evacuate Collection Set: 0.0ms
[2026-07-14T19:47:37.021-0600][189.943s][info][gc,phases      ] GC(33)   Evacuate Collection Set: 21.6ms
[2026-07-14T19:47:37.021-0600][189.943s][info][gc,phases      ] GC(33)   Post Evacuate Collection Set: 0.6ms
[2026-07-14T19:47:37.021-0600][189.943s][info][gc,phases      ] GC(33)   Other: 0.3ms
[2026-07-14T19:47:37.021-0600][189.943s][info][gc,heap        ] GC(33) Eden regions: 274->0(277)
[2026-07-14T19:47:37.021-0600][189.943s][info][gc,heap        ] GC(33) Survivor regions: 31->28(39)
[2026-07-14T19:47:37.021-0600][189.943s][info][gc,heap        ] GC(33) Old regions: 157->160
[2026-07-14T19:47:37.021-0600][189.943s][info][gc,heap        ] GC(33) Humongous regions: 40->40
[2026-07-14T19:47:37.021-0600][189.943s][info][gc,metaspace   ] GC(33) Metaspace: 37071K(39120K)->37071K(39120K) NonClass: 32933K(34384K)->32933K(34384K) Class: 4138K(4736K)->4138K(4736K)
[2026-07-14T19:47:37.021-0600][189.943s][info][gc             ] GC(33) Pause Young (Normal) (G1 Evacuation Pause) 491M->217M(611M) 22.544ms
[2026-07-14T19:47:37.021-0600][189.943s][info][gc,cpu         ] GC(33) User=0.82s Sys=0.00s Real=0.03s
[2026-07-14T19:47:37.954-0600][190.876s][info][gc,start       ] GC(34) Pause Young (Normal) (G1 Evacuation Pause)
[2026-07-14T19:47:37.954-0600][190.876s][info][gc,task        ] GC(34) Using 38 workers of 38 for evacuation
[2026-07-14T19:47:37.979-0600][190.901s][info][gc,phases      ] GC(34)   Pre Evacuate Collection Set: 0.0ms
[2026-07-14T19:47:37.979-0600][190.901s][info][gc,phases      ] GC(34)   Evacuate Collection Set: 24.0ms
[2026-07-14T19:47:37.979-0600][190.901s][info][gc,phases      ] GC(34)   Post Evacuate Collection Set: 0.6ms
[2026-07-14T19:47:37.979-0600][190.901s][info][gc,phases      ] GC(34)   Other: 0.3ms
[2026-07-14T19:47:37.979-0600][190.901s][info][gc,heap        ] GC(34) Eden regions: 277->0(280)
[2026-07-14T19:47:37.979-0600][190.901s][info][gc,heap        ] GC(34) Survivor regions: 28->25(39)
[2026-07-14T19:47:37.979-0600][190.901s][info][gc,heap        ] GC(34) Old regions: 160->162
[2026-07-14T19:47:37.979-0600][190.901s][info][gc,heap        ] GC(34) Humongous regions: 40->40
[2026-07-14T19:47:37.979-0600][190.901s][info][gc,metaspace   ] GC(34) Metaspace: 37071K(39120K)->37071K(39120K) NonClass: 32933K(34384K)->32933K(34384K) Class: 4138K(4736K)->4138K(4736K)
[2026-07-14T19:47:37.979-0600][190.901s][info][gc             ] GC(34) Pause Young (Normal) (G1 Evacuation Pause) 494M->217M(611M) 25.004ms
[2026-07-14T19:47:37.979-0600][190.901s][info][gc,cpu         ] GC(34) User=0.91s Sys=0.00s Real=0.03s
[2026-07-14T19:47:38.918-0600][191.840s][info][gc,start       ] GC(35) Pause Young (Normal) (G1 Evacuation Pause)
[2026-07-14T19:47:38.918-0600][191.840s][info][gc,task        ] GC(35) Using 38 workers of 38 for evacuation
[2026-07-14T19:47:38.941-0600][191.863s][info][gc,phases      ] GC(35)   Pre Evacuate Collection Set: 0.0ms
[2026-07-14T19:47:38.941-0600][191.863s][info][gc,phases      ] GC(35)   Evacuate Collection Set: 22.3ms
[2026-07-14T19:47:38.941-0600][191.863s][info][gc,phases      ] GC(35)   Post Evacuate Collection Set: 0.6ms
[2026-07-14T19:47:38.941-0600][191.863s][info][gc,phases      ] GC(35)   Other: 0.3ms
[2026-07-14T19:47:38.941-0600][191.863s][info][gc,heap        ] GC(35) Eden regions: 280->0(282)
[2026-07-14T19:47:38.941-0600][191.863s][info][gc,heap        ] GC(35) Survivor regions: 25->23(39)
[2026-07-14T19:47:38.941-0600][191.863s][info][gc,heap        ] GC(35) Old regions: 162->165
[2026-07-14T19:47:38.941-0600][191.863s][info][gc,heap        ] GC(35) Humongous regions: 40->40
[2026-07-14T19:47:38.941-0600][191.863s][info][gc,metaspace   ] GC(35) Metaspace: 37077K(39120K)->37077K(39120K) NonClass: 32939K(34384K)->32939K(34384K) Class: 4138K(4736K)->4138K(4736K)
[2026-07-14T19:47:38.941-0600][191.863s][info][gc             ] GC(35) Pause Young (Normal) (G1 Evacuation Pause) 497M->217M(611M) 23.263ms
[2026-07-14T19:47:38.941-0600][191.863s][info][gc,cpu         ] GC(35) User=0.86s Sys=0.00s Real=0.03s
[2026-07-14T19:47:39.851-0600][192.773s][info][gc,start       ] GC(36) Pause Young (Normal) (G1 Evacuation Pause)
[2026-07-14T19:47:39.851-0600][192.773s][info][gc,task        ] GC(36) Using 38 workers of 38 for evacuation
[2026-07-14T19:47:39.871-0600][192.793s][info][gc,phases      ] GC(36)   Pre Evacuate Collection Set: 0.0ms
[2026-07-14T19:47:39.871-0600][192.793s][info][gc,phases      ] GC(36)   Evacuate Collection Set: 18.4ms
[2026-07-14T19:47:39.871-0600][192.793s][info][gc,phases      ] GC(36)   Post Evacuate Collection Set: 0.6ms
[2026-07-14T19:47:39.871-0600][192.793s][info][gc,phases      ] GC(36)   Other: 0.3ms
[2026-07-14T19:47:39.871-0600][192.793s][info][gc,heap        ] GC(36) Eden regions: 282->0(286)
[2026-07-14T19:47:39.871-0600][192.793s][info][gc,heap        ] GC(36) Survivor regions: 23->19(39)
[2026-07-14T19:47:39.871-0600][192.793s][info][gc,heap        ] GC(36) Old regions: 165->168
[2026-07-14T19:47:39.871-0600][192.793s][info][gc,heap        ] GC(36) Humongous regions: 40->40
[2026-07-14T19:47:39.871-0600][192.793s][info][gc,metaspace   ] GC(36) Metaspace: 37077K(39120K)->37077K(39120K) NonClass: 32939K(34384K)->32939K(34384K) Class: 4138K(4736K)->4138K(4736K)
[2026-07-14T19:47:39.871-0600][192.793s][info][gc             ] GC(36) Pause Young (Normal) (G1 Evacuation Pause) 499M->217M(611M) 19.347ms
[2026-07-14T19:47:39.871-0600][192.793s][info][gc,cpu         ] GC(36) User=0.68s Sys=0.01s Real=0.01s
[2026-07-14T19:47:40.805-0600][193.727s][info][gc,start       ] GC(37) Pause Young (Normal) (G1 Evacuation Pause)
[2026-07-14T19:47:40.805-0600][193.727s][info][gc,task        ] GC(37) Using 38 workers of 38 for evacuation
[2026-07-14T19:47:40.826-0600][193.748s][info][gc,phases      ] GC(37)   Pre Evacuate Collection Set: 0.0ms
[2026-07-14T19:47:40.826-0600][193.748s][info][gc,phases      ] GC(37)   Evacuate Collection Set: 19.8ms
[2026-07-14T19:47:40.826-0600][193.748s][info][gc,phases      ] GC(37)   Post Evacuate Collection Set: 0.6ms
[2026-07-14T19:47:40.826-0600][193.748s][info][gc,phases      ] GC(37)   Other: 0.3ms
[2026-07-14T19:47:40.826-0600][193.748s][info][gc,heap        ] GC(37) Eden regions: 286->0(280)
[2026-07-14T19:47:40.826-0600][193.748s][info][gc,heap        ] GC(37) Survivor regions: 19->25(39)
[2026-07-14T19:47:40.826-0600][193.748s][info][gc,heap        ] GC(37) Old regions: 168->168
[2026-07-14T19:47:40.826-0600][193.748s][info][gc,heap        ] GC(37) Humongous regions: 40->40
[2026-07-14T19:47:40.826-0600][193.748s][info][gc,metaspace   ] GC(37) Metaspace: 37079K(39120K)->37079K(39120K) NonClass: 32940K(34384K)->32940K(34384K) Class: 4138K(4736K)->4138K(4736K)
[2026-07-14T19:47:40.826-0600][193.748s][info][gc             ] GC(37) Pause Young (Normal) (G1 Evacuation Pause) 503M->222M(611M) 20.768ms
[2026-07-14T19:47:40.826-0600][193.748s][info][gc,cpu         ] GC(37) User=0.75s Sys=0.00s Real=0.02s
[2026-07-14T19:47:41.748-0600][194.670s][info][gc,start       ] GC(38) Pause Young (Normal) (G1 Evacuation Pause)
[2026-07-14T19:47:41.748-0600][194.670s][info][gc,task        ] GC(38) Using 38 workers of 38 for evacuation
[2026-07-14T19:47:41.780-0600][194.702s][info][gc,phases      ] GC(38)   Pre Evacuate Collection Set: 0.0ms
[2026-07-14T19:47:41.780-0600][194.702s][info][gc,phases      ] GC(38)   Evacuate Collection Set: 31.7ms
[2026-07-14T19:47:41.781-0600][194.702s][info][gc,phases      ] GC(38)   Post Evacuate Collection Set: 0.7ms
[2026-07-14T19:47:41.781-0600][194.702s][info][gc,phases      ] GC(38)   Other: 0.3ms
[2026-07-14T19:47:41.781-0600][194.702s][info][gc,heap        ] GC(38) Eden regions: 280->0(275)
[2026-07-14T19:47:41.781-0600][194.702s][info][gc,heap        ] GC(38) Survivor regions: 25->30(39)
[2026-07-14T19:47:41.781-0600][194.702s][info][gc,heap        ] GC(38) Old regions: 168->170
[2026-07-14T19:47:41.781-0600][194.702s][info][gc,heap        ] GC(38) Humongous regions: 40->40
[2026-07-14T19:47:41.781-0600][194.702s][info][gc,metaspace   ] GC(38) Metaspace: 37081K(39120K)->37081K(39120K) NonClass: 32943K(34384K)->32943K(34384K) Class: 4138K(4736K)->4138K(4736K)
[2026-07-14T19:47:41.781-0600][194.702s][info][gc             ] GC(38) Pause Young (Normal) (G1 Evacuation Pause) 502M->230M(611M) 32.736ms
[2026-07-14T19:47:41.781-0600][194.702s][info][gc,cpu         ] GC(38) User=1.19s Sys=0.00s Real=0.04s
[2026-07-14T19:47:42.720-0600][195.642s][info][gc,start       ] GC(39) Pause Young (Normal) (G1 Evacuation Pause)
[2026-07-14T19:47:42.720-0600][195.642s][info][gc,task        ] GC(39) Using 38 workers of 38 for evacuation
[2026-07-14T19:47:42.794-0600][195.715s][info][gc,phases      ] GC(39)   Pre Evacuate Collection Set: 0.0ms
[2026-07-14T19:47:42.794-0600][195.715s][info][gc,phases      ] GC(39)   Evacuate Collection Set: 72.5ms
[2026-07-14T19:47:42.794-0600][195.715s][info][gc,phases      ] GC(39)   Post Evacuate Collection Set: 0.6ms
[2026-07-14T19:47:42.794-0600][195.716s][info][gc,phases      ] GC(39)   Other: 0.3ms
[2026-07-14T19:47:42.794-0600][195.716s][info][gc,heap        ] GC(39) Eden regions: 275->0(273)
[2026-07-14T19:47:42.794-0600][195.716s][info][gc,heap        ] GC(39) Survivor regions: 30->32(39)
[2026-07-14T19:47:42.794-0600][195.716s][info][gc,heap        ] GC(39) Old regions: 170->174
[2026-07-14T19:47:42.794-0600][195.716s][info][gc,heap        ] GC(39) Humongous regions: 41->41
[2026-07-14T19:47:42.794-0600][195.716s][info][gc,metaspace   ] GC(39) Metaspace: 37081K(39120K)->37081K(39120K) NonClass: 32943K(34384K)->32943K(34384K) Class: 4138K(4736K)->4138K(4736K)
[2026-07-14T19:47:42.794-0600][195.716s][info][gc             ] GC(39) Pause Young (Normal) (G1 Evacuation Pause) 506M->236M(611M) 73.427ms
[2026-07-14T19:47:42.794-0600][195.716s][info][gc,cpu         ] GC(39) User=2.75s Sys=0.00s Real=0.07s
[2026-07-14T19:47:43.665-0600][196.586s][info][gc,start       ] GC(40) Pause Young (Normal) (G1 Evacuation Pause)
[2026-07-14T19:47:43.665-0600][196.586s][info][gc,task        ] GC(40) Using 38 workers of 38 for evacuation
[2026-07-14T19:47:43.745-0600][196.666s][info][gc,phases      ] GC(40)   Pre Evacuate Collection Set: 0.0ms
[2026-07-14T19:47:43.745-0600][196.666s][info][gc,phases      ] GC(40)   Evacuate Collection Set: 79.1ms
[2026-07-14T19:47:43.745-0600][196.667s][info][gc,phases      ] GC(40)   Post Evacuate Collection Set: 0.8ms
[2026-07-14T19:47:43.745-0600][196.667s][info][gc,phases      ] GC(40)   Other: 0.3ms
[2026-07-14T19:47:43.745-0600][196.667s][info][gc,heap        ] GC(40) Eden regions: 273->0(266)
[2026-07-14T19:47:43.745-0600][196.667s][info][gc,heap        ] GC(40) Survivor regions: 32->39(39)
[2026-07-14T19:47:43.745-0600][196.667s][info][gc,heap        ] GC(40) Old regions: 174->195
[2026-07-14T19:47:43.745-0600][196.667s][info][gc,heap        ] GC(40) Humongous regions: 42->40
[2026-07-14T19:47:43.745-0600][196.667s][info][gc,metaspace   ] GC(40) Metaspace: 37081K(39120K)->37081K(39120K) NonClass: 32943K(34384K)->32943K(34384K) Class: 4138K(4736K)->4138K(4736K)
[2026-07-14T19:47:43.745-0600][196.667s][info][gc             ] GC(40) Pause Young (Normal) (G1 Evacuation Pause) 510M->264M(611M) 80.197ms
[2026-07-14T19:47:43.745-0600][196.667s][info][gc,cpu         ] GC(40) User=3.00s Sys=0.00s Real=0.08s
[2026-07-14T19:47:44.643-0600][197.565s][info][gc,start       ] GC(41) Pause Young (Normal) (G1 Evacuation Pause)
[2026-07-14T19:47:44.643-0600][197.565s][info][gc,task        ] GC(41) Using 38 workers of 38 for evacuation
[2026-07-14T19:47:44.714-0600][197.636s][info][gc,phases      ] GC(41)   Pre Evacuate Collection Set: 0.0ms
[2026-07-14T19:47:44.714-0600][197.636s][info][gc,phases      ] GC(41)   Evacuate Collection Set: 70.2ms
[2026-07-14T19:47:44.714-0600][197.636s][info][gc,phases      ] GC(41)   Post Evacuate Collection Set: 0.9ms
[2026-07-14T19:47:44.714-0600][197.636s][info][gc,phases      ] GC(41)   Other: 0.3ms
[2026-07-14T19:47:44.714-0600][197.636s][info][gc,heap        ] GC(41) Eden regions: 266->0(266)
[2026-07-14T19:47:44.714-0600][197.636s][info][gc,heap        ] GC(41) Survivor regions: 39->39(39)
[2026-07-14T19:47:44.714-0600][197.636s][info][gc,heap        ] GC(41) Old regions: 195->212
[2026-07-14T19:47:44.714-0600][197.636s][info][gc,heap        ] GC(41) Humongous regions: 40->40
[2026-07-14T19:47:44.714-0600][197.636s][info][gc,metaspace   ] GC(41) Metaspace: 37081K(39120K)->37081K(39120K) NonClass: 32943K(34384K)->32943K(34384K) Class: 4138K(4736K)->4138K(4736K)
[2026-07-14T19:47:44.714-0600][197.636s][info][gc             ] GC(41) Pause Young (Normal) (G1 Evacuation Pause) 530M->281M(611M) 71.418ms
[2026-07-14T19:47:44.714-0600][197.636s][info][gc,cpu         ] GC(41) User=2.64s Sys=0.02s Real=0.07s
[2026-07-14T19:47:45.625-0600][198.547s][info][gc,start       ] GC(42) Pause Young (Normal) (G1 Evacuation Pause)
[2026-07-14T19:47:45.625-0600][198.547s][info][gc,task        ] GC(42) Using 38 workers of 38 for evacuation
[2026-07-14T19:47:45.659-0600][198.581s][info][gc,phases      ] GC(42)   Pre Evacuate Collection Set: 0.0ms
[2026-07-14T19:47:45.659-0600][198.581s][info][gc,phases      ] GC(42)   Evacuate Collection Set: 32.5ms
[2026-07-14T19:47:45.659-0600][198.581s][info][gc,phases      ] GC(42)   Post Evacuate Collection Set: 1.0ms
[2026-07-14T19:47:45.659-0600][198.581s][info][gc,phases      ] GC(42)   Other: 0.3ms
[2026-07-14T19:47:45.659-0600][198.581s][info][gc,heap        ] GC(42) Eden regions: 266->0(266)
[2026-07-14T19:47:45.659-0600][198.581s][info][gc,heap        ] GC(42) Survivor regions: 39->39(39)
[2026-07-14T19:47:45.659-0600][198.581s][info][gc,heap        ] GC(42) Old regions: 212->218
[2026-07-14T19:47:45.659-0600][198.581s][info][gc,heap        ] GC(42) Humongous regions: 48->44
[2026-07-14T19:47:45.659-0600][198.581s][info][gc,metaspace   ] GC(42) Metaspace: 37081K(39120K)->37081K(39120K) NonClass: 32943K(34384K)->32943K(34384K) Class: 4138K(4736K)->4138K(4736K)
[2026-07-14T19:47:45.659-0600][198.581s][info][gc             ] GC(42) Pause Young (Normal) (G1 Evacuation Pause) 555M->291M(611M) 33.980ms
[2026-07-14T19:47:45.659-0600][198.581s][info][gc,cpu         ] GC(42) User=1.22s Sys=0.00s Real=0.03s
[2026-07-14T19:47:46.393-0600][199.315s][info][gc,start       ] GC(43) Pause Young (Normal) (G1 Evacuation Pause)
[2026-07-14T19:47:46.393-0600][199.315s][info][gc,task        ] GC(43) Using 38 workers of 38 for evacuation
[2026-07-14T19:47:46.417-0600][199.339s][info][gc,phases      ] GC(43)   Pre Evacuate Collection Set: 0.0ms
[2026-07-14T19:47:46.417-0600][199.339s][info][gc,phases      ] GC(43)   Evacuate Collection Set: 23.3ms
[2026-07-14T19:47:46.417-0600][199.339s][info][gc,phases      ] GC(43)   Post Evacuate Collection Set: 1.0ms
[2026-07-14T19:47:46.417-0600][199.339s][info][gc,phases      ] GC(43)   Other: 0.4ms
[2026-07-14T19:47:46.417-0600][199.339s][info][gc,heap        ] GC(43) Eden regions: 266->0(266)
[2026-07-14T19:47:46.417-0600][199.339s][info][gc,heap        ] GC(43) Survivor regions: 39->39(39)
[2026-07-14T19:47:46.417-0600][199.339s][info][gc,heap        ] GC(43) Old regions: 218->221
[2026-07-14T19:47:46.417-0600][199.339s][info][gc,heap        ] GC(43) Humongous regions: 44->40
[2026-07-14T19:47:46.417-0600][199.339s][info][gc,metaspace   ] GC(43) Metaspace: 37081K(39120K)->37081K(39120K) NonClass: 32943K(34384K)->32943K(34384K) Class: 4138K(4736K)->4138K(4736K)
[2026-07-14T19:47:46.418-0600][199.339s][info][gc             ] GC(43) Pause Young (Normal) (G1 Evacuation Pause) 557M->289M(611M) 24.782ms
[2026-07-14T19:47:46.418-0600][199.339s][info][gc,cpu         ] GC(43) User=0.87s Sys=0.00s Real=0.02s
[2026-07-14T19:47:47.263-0600][200.185s][info][gc,start       ] GC(44) Pause Young (Normal) (G1 Evacuation Pause)
[2026-07-14T19:47:47.264-0600][200.186s][info][gc,task        ] GC(44) Using 38 workers of 38 for evacuation
[2026-07-14T19:47:47.284-0600][200.206s][info][gc,phases      ] GC(44)   Pre Evacuate Collection Set: 0.0ms
[2026-07-14T19:47:47.284-0600][200.206s][info][gc,phases      ] GC(44)   Evacuate Collection Set: 19.4ms
[2026-07-14T19:47:47.284-0600][200.206s][info][gc,phases      ] GC(44)   Post Evacuate Collection Set: 0.9ms
[2026-07-14T19:47:47.285-0600][200.206s][info][gc,phases      ] GC(44)   Other: 1.0ms
[2026-07-14T19:47:47.285-0600][200.206s][info][gc,heap        ] GC(44) Eden regions: 266->0(270)
[2026-07-14T19:47:47.285-0600][200.206s][info][gc,heap        ] GC(44) Survivor regions: 39->35(39)
[2026-07-14T19:47:47.285-0600][200.206s][info][gc,heap        ] GC(44) Old regions: 221->224
[2026-07-14T19:47:47.285-0600][200.206s][info][gc,heap        ] GC(44) Humongous regions: 40->40
[2026-07-14T19:47:47.285-0600][200.206s][info][gc,metaspace   ] GC(44) Metaspace: 37081K(39120K)->37081K(39120K) NonClass: 32943K(34384K)->32943K(34384K) Class: 4138K(4736K)->4138K(4736K)
[2026-07-14T19:47:47.285-0600][200.206s][info][gc             ] GC(44) Pause Young (Normal) (G1 Evacuation Pause) 555M->288M(611M) 21.463ms
[2026-07-14T19:47:47.285-0600][200.207s][info][gc,cpu         ] GC(44) User=0.74s Sys=0.00s Real=0.02s
[2026-07-14T19:47:48.149-0600][201.071s][info][gc,start       ] GC(45) Pause Young (Normal) (G1 Evacuation Pause)
[2026-07-14T19:47:48.149-0600][201.071s][info][gc,task        ] GC(45) Using 38 workers of 38 for evacuation
[2026-07-14T19:47:48.169-0600][201.091s][info][gc,phases      ] GC(45)   Pre Evacuate Collection Set: 0.0ms
[2026-07-14T19:47:48.169-0600][201.091s][info][gc,phases      ] GC(45)   Evacuate Collection Set: 18.9ms
[2026-07-14T19:47:48.169-0600][201.091s][info][gc,phases      ] GC(45)   Post Evacuate Collection Set: 0.8ms
[2026-07-14T19:47:48.169-0600][201.091s][info][gc,phases      ] GC(45)   Other: 0.4ms
[2026-07-14T19:47:48.169-0600][201.091s][info][gc,heap        ] GC(45) Eden regions: 270->0(273)
[2026-07-14T19:47:48.169-0600][201.091s][info][gc,heap        ] GC(45) Survivor regions: 35->32(39)
[2026-07-14T19:47:48.169-0600][201.091s][info][gc,heap        ] GC(45) Old regions: 224->227
[2026-07-14T19:47:48.169-0600][201.091s][info][gc,heap        ] GC(45) Humongous regions: 40->40
[2026-07-14T19:47:48.169-0600][201.091s][info][gc,metaspace   ] GC(45) Metaspace: 37081K(39120K)->37081K(39120K) NonClass: 32943K(34384K)->32943K(34384K) Class: 4138K(4736K)->4138K(4736K)
[2026-07-14T19:47:48.169-0600][201.091s][info][gc             ] GC(45) Pause Young (Normal) (G1 Evacuation Pause) 558M->288M(611M) 20.251ms
[2026-07-14T19:47:48.169-0600][201.091s][info][gc,cpu         ] GC(45) User=0.72s Sys=0.00s Real=0.02s
[2026-07-14T19:47:49.073-0600][201.995s][info][gc,start       ] GC(46) Pause Young (Normal) (G1 Evacuation Pause)
[2026-07-14T19:47:49.073-0600][201.995s][info][gc,task        ] GC(46) Using 38 workers of 38 for evacuation
[2026-07-14T19:47:49.104-0600][202.025s][info][gc,phases      ] GC(46)   Pre Evacuate Collection Set: 0.0ms
[2026-07-14T19:47:49.104-0600][202.025s][info][gc,phases      ] GC(46)   Evacuate Collection Set: 29.3ms
[2026-07-14T19:47:49.104-0600][202.025s][info][gc,phases      ] GC(46)   Post Evacuate Collection Set: 0.7ms
[2026-07-14T19:47:49.104-0600][202.025s][info][gc,phases      ] GC(46)   Other: 0.4ms
[2026-07-14T19:47:49.104-0600][202.025s][info][gc,heap        ] GC(46) Eden regions: 273->0(275)
[2026-07-14T19:47:49.104-0600][202.025s][info][gc,heap        ] GC(46) Survivor regions: 32->30(39)
[2026-07-14T19:47:49.104-0600][202.026s][info][gc,heap        ] GC(46) Old regions: 227->229
[2026-07-14T19:47:49.104-0600][202.026s][info][gc,heap        ] GC(46) Humongous regions: 40->40
[2026-07-14T19:47:49.104-0600][202.026s][info][gc,metaspace   ] GC(46) Metaspace: 37081K(39120K)->37081K(39120K) NonClass: 32943K(34384K)->32943K(34384K) Class: 4138K(4736K)->4138K(4736K)
[2026-07-14T19:47:49.104-0600][202.026s][info][gc             ] GC(46) Pause Young (Normal) (G1 Evacuation Pause) 561M->289M(611M) 30.515ms
[2026-07-14T19:47:49.104-0600][202.026s][info][gc,cpu         ] GC(46) User=1.10s Sys=0.01s Real=0.03s
[2026-07-14T19:47:49.994-0600][202.916s][info][gc,start       ] GC(47) Pause Young (Normal) (G1 Evacuation Pause)
[2026-07-14T19:47:49.995-0600][202.916s][info][gc,task        ] GC(47) Using 38 workers of 38 for evacuation
[2026-07-14T19:47:50.017-0600][202.939s][info][gc,phases      ] GC(47)   Pre Evacuate Collection Set: 0.0ms
[2026-07-14T19:47:50.017-0600][202.939s][info][gc,phases      ] GC(47)   Evacuate Collection Set: 21.8ms
[2026-07-14T19:47:50.017-0600][202.939s][info][gc,phases      ] GC(47)   Post Evacuate Collection Set: 0.8ms
[2026-07-14T19:47:50.018-0600][202.939s][info][gc,phases      ] GC(47)   Other: 0.4ms
[2026-07-14T19:47:50.018-0600][202.939s][info][gc,heap        ] GC(47) Eden regions: 275->0(277)
[2026-07-14T19:47:50.018-0600][202.939s][info][gc,heap        ] GC(47) Survivor regions: 30->28(39)
[2026-07-14T19:47:50.018-0600][202.939s][info][gc,heap        ] GC(47) Old regions: 229->232
[2026-07-14T19:47:50.018-0600][202.939s][info][gc,heap        ] GC(47) Humongous regions: 40->40
[2026-07-14T19:47:50.018-0600][202.939s][info][gc,metaspace   ] GC(47) Metaspace: 37081K(39120K)->37081K(39120K) NonClass: 32943K(34384K)->32943K(34384K) Class: 4138K(4736K)->4138K(4736K)
[2026-07-14T19:47:50.018-0600][202.939s][info][gc             ] GC(47) Pause Young (Normal) (G1 Evacuation Pause) 564M->289M(611M) 23.131ms
[2026-07-14T19:47:50.018-0600][202.940s][info][gc,cpu         ] GC(47) User=0.82s Sys=0.00s Real=0.02s
[2026-07-14T19:47:50.909-0600][203.830s][info][gc,start       ] GC(48) Pause Young (Normal) (G1 Evacuation Pause)
[2026-07-14T19:47:50.909-0600][203.830s][info][gc,task        ] GC(48) Using 38 workers of 38 for evacuation
[2026-07-14T19:47:50.932-0600][203.854s][info][gc,phases      ] GC(48)   Pre Evacuate Collection Set: 0.0ms
[2026-07-14T19:47:50.932-0600][203.854s][info][gc,phases      ] GC(48)   Evacuate Collection Set: 22.1ms
[2026-07-14T19:47:50.932-0600][203.854s][info][gc,phases      ] GC(48)   Post Evacuate Collection Set: 0.8ms
[2026-07-14T19:47:50.932-0600][203.854s][info][gc,phases      ] GC(48)   Other: 0.4ms
[2026-07-14T19:47:50.932-0600][203.854s][info][gc,heap        ] GC(48) Eden regions: 277->0(280)
[2026-07-14T19:47:50.932-0600][203.854s][info][gc,heap        ] GC(48) Survivor regions: 28->25(39)
[2026-07-14T19:47:50.932-0600][203.854s][info][gc,heap        ] GC(48) Old regions: 232->235
[2026-07-14T19:47:50.932-0600][203.854s][info][gc,heap        ] GC(48) Humongous regions: 40->40
[2026-07-14T19:47:50.932-0600][203.854s][info][gc,metaspace   ] GC(48) Metaspace: 37081K(39120K)->37081K(39120K) NonClass: 32943K(34384K)->32943K(34384K) Class: 4138K(4736K)->4138K(4736K)
[2026-07-14T19:47:50.932-0600][203.854s][info][gc             ] GC(48) Pause Young (Normal) (G1 Evacuation Pause) 566M->289M(611M) 23.369ms
[2026-07-14T19:47:50.932-0600][203.854s][info][gc,cpu         ] GC(48) User=0.83s Sys=0.01s Real=0.03s
[2026-07-14T19:47:51.877-0600][204.799s][info][gc,start       ] GC(49) Pause Young (Concurrent Start) (G1 Evacuation Pause)
[2026-07-14T19:47:51.877-0600][204.799s][info][gc,task        ] GC(49) Using 38 workers of 38 for evacuation
[2026-07-14T19:47:51.901-0600][204.822s][info][gc,phases      ] GC(49)   Pre Evacuate Collection Set: 0.1ms
[2026-07-14T19:47:51.901-0600][204.822s][info][gc,phases      ] GC(49)   Evacuate Collection Set: 22.2ms
[2026-07-14T19:47:51.901-0600][204.822s][info][gc,phases      ] GC(49)   Post Evacuate Collection Set: 0.7ms
[2026-07-14T19:47:51.901-0600][204.822s][info][gc,phases      ] GC(49)   Other: 0.5ms
[2026-07-14T19:47:51.901-0600][204.823s][info][gc,heap        ] GC(49) Eden regions: 280->0(282)
[2026-07-14T19:47:51.901-0600][204.823s][info][gc,heap        ] GC(49) Survivor regions: 25->23(39)
[2026-07-14T19:47:51.901-0600][204.823s][info][gc,heap        ] GC(49) Old regions: 235->237
[2026-07-14T19:47:51.901-0600][204.823s][info][gc,heap        ] GC(49) Humongous regions: 40->40
[2026-07-14T19:47:51.901-0600][204.823s][info][gc,metaspace   ] GC(49) Metaspace: 37081K(39120K)->37081K(39120K) NonClass: 32943K(34384K)->32943K(34384K) Class: 4138K(4736K)->4138K(4736K)
[2026-07-14T19:47:51.901-0600][204.823s][info][gc             ] GC(49) Pause Young (Concurrent Start) (G1 Evacuation Pause) 569M->290M(611M) 23.654ms
[2026-07-14T19:47:51.901-0600][204.823s][info][gc,cpu         ] GC(49) User=0.82s Sys=0.00s Real=0.03s
[2026-07-14T19:47:51.901-0600][204.823s][info][gc             ] GC(50) Concurrent Cycle
[2026-07-14T19:47:51.901-0600][204.823s][info][gc,marking     ] GC(50) Concurrent Clear Claimed Marks
[2026-07-14T19:47:51.901-0600][204.823s][info][gc,marking     ] GC(50) Concurrent Clear Claimed Marks 0.056ms
[2026-07-14T19:47:51.901-0600][204.823s][info][gc,marking     ] GC(50) Concurrent Scan Root Regions
[2026-07-14T19:47:51.904-0600][204.826s][info][gc,marking     ] GC(50) Concurrent Scan Root Regions 3.061ms
[2026-07-14T19:47:51.904-0600][204.826s][info][gc,marking     ] GC(50) Concurrent Mark (204.826s)
[2026-07-14T19:47:51.904-0600][204.826s][info][gc,marking     ] GC(50) Concurrent Mark From Roots
[2026-07-14T19:47:51.904-0600][204.826s][info][gc,task        ] GC(50) Using 10 workers of 10 for marking
[2026-07-14T19:47:51.919-0600][204.840s][info][gc,marking     ] GC(50) Concurrent Mark From Roots 14.564ms
[2026-07-14T19:47:51.919-0600][204.840s][info][gc,marking     ] GC(50) Concurrent Preclean
[2026-07-14T19:47:51.919-0600][204.841s][info][gc,marking     ] GC(50) Concurrent Preclean 0.652ms
[2026-07-14T19:47:51.919-0600][204.841s][info][gc,marking     ] GC(50) Concurrent Mark (204.826s, 204.841s) 15.261ms
[2026-07-14T19:47:51.920-0600][204.842s][info][gc,start       ] GC(50) Pause Remark
[2026-07-14T19:47:51.924-0600][204.845s][info][gc,stringtable ] GC(50) Cleaned string and symbol table, strings: 11618 processed, 0 removed, symbols: 84782 processed, 1 removed
[2026-07-14T19:47:51.924-0600][204.846s][info][gc             ] GC(50) Pause Remark 292M->201M(611M) 4.466ms
[2026-07-14T19:47:51.924-0600][204.846s][info][gc,cpu         ] GC(50) User=0.10s Sys=0.00s Real=0.00s
[2026-07-14T19:47:51.924-0600][204.846s][info][gc,marking     ] GC(50) Concurrent Rebuild Remembered Sets
[2026-07-14T19:47:51.935-0600][204.857s][info][gc,marking     ] GC(50) Concurrent Rebuild Remembered Sets 10.971ms
[2026-07-14T19:47:51.936-0600][204.858s][info][gc,start       ] GC(50) Pause Cleanup
[2026-07-14T19:47:51.936-0600][204.858s][info][gc             ] GC(50) Pause Cleanup 204M->204M(611M) 0.305ms
[2026-07-14T19:47:51.936-0600][204.858s][info][gc,cpu         ] GC(50) User=0.01s Sys=0.00s Real=0.00s
[2026-07-14T19:47:51.936-0600][204.858s][info][gc,marking     ] GC(50) Concurrent Cleanup for Next Mark
[2026-07-14T19:47:51.937-0600][204.859s][info][gc,marking     ] GC(50) Concurrent Cleanup for Next Mark 0.936ms
[2026-07-14T19:47:51.937-0600][204.859s][info][gc             ] GC(50) Concurrent Cycle 36.510ms
[2026-07-14T19:47:52.811-0600][205.732s][info][gc,start       ] GC(51) Pause Young (Prepare Mixed) (G1 Evacuation Pause)
[2026-07-14T19:47:52.811-0600][205.732s][info][gc,task        ] GC(51) Using 38 workers of 38 for evacuation
[2026-07-14T19:47:52.835-0600][205.756s][info][gc,phases      ] GC(51)   Pre Evacuate Collection Set: 0.0ms
[2026-07-14T19:47:52.835-0600][205.757s][info][gc,phases      ] GC(51)   Evacuate Collection Set: 22.9ms
[2026-07-14T19:47:52.835-0600][205.757s][info][gc,phases      ] GC(51)   Post Evacuate Collection Set: 0.8ms
[2026-07-14T19:47:52.835-0600][205.757s][info][gc,phases      ] GC(51)   Other: 0.5ms
[2026-07-14T19:47:52.835-0600][205.757s][info][gc,heap        ] GC(51) Eden regions: 282->0(284)
[2026-07-14T19:47:52.835-0600][205.757s][info][gc,heap        ] GC(51) Survivor regions: 23->21(39)
[2026-07-14T19:47:52.835-0600][205.757s][info][gc,heap        ] GC(51) Old regions: 150->152
[2026-07-14T19:47:52.835-0600][205.757s][info][gc,heap        ] GC(51) Humongous regions: 36->36
[2026-07-14T19:47:52.835-0600][205.757s][info][gc,metaspace   ] GC(51) Metaspace: 37081K(39120K)->37081K(39120K) NonClass: 32943K(34384K)->32943K(34384K) Class: 4138K(4736K)->4138K(4736K)
[2026-07-14T19:47:52.835-0600][205.757s][info][gc             ] GC(51) Pause Young (Prepare Mixed) (G1 Evacuation Pause) 481M->198M(611M) 24.350ms
[2026-07-14T19:47:52.835-0600][205.757s][info][gc,cpu         ] GC(51) User=0.86s Sys=0.00s Real=0.03s
[2026-07-14T19:47:53.805-0600][206.727s][info][gc,start       ] GC(52) Pause Young (Mixed) (G1 Evacuation Pause)
[2026-07-14T19:47:53.805-0600][206.727s][info][gc,task        ] GC(52) Using 38 workers of 38 for evacuation
[2026-07-14T19:47:53.831-0600][206.752s][info][gc,phases      ] GC(52)   Pre Evacuate Collection Set: 0.1ms
[2026-07-14T19:47:53.831-0600][206.752s][info][gc,phases      ] GC(52)   Evacuate Collection Set: 24.4ms
[2026-07-14T19:47:53.831-0600][206.752s][info][gc,phases      ] GC(52)   Post Evacuate Collection Set: 0.7ms
[2026-07-14T19:47:53.831-0600][206.753s][info][gc,phases      ] GC(52)   Other: 0.4ms
[2026-07-14T19:47:53.831-0600][206.753s][info][gc,heap        ] GC(52) Eden regions: 284->0(284)
[2026-07-14T19:47:53.831-0600][206.753s][info][gc,heap        ] GC(52) Survivor regions: 21->21(39)
[2026-07-14T19:47:53.831-0600][206.753s][info][gc,heap        ] GC(52) Old regions: 152->136
[2026-07-14T19:47:53.831-0600][206.753s][info][gc,heap        ] GC(52) Humongous regions: 36->36
[2026-07-14T19:47:53.831-0600][206.753s][info][gc,metaspace   ] GC(52) Metaspace: 37081K(39120K)->37081K(39120K) NonClass: 32943K(34384K)->32943K(34384K) Class: 4138K(4736K)->4138K(4736K)
[2026-07-14T19:47:53.831-0600][206.753s][info][gc             ] GC(52) Pause Young (Mixed) (G1 Evacuation Pause) 482M->182M(611M) 25.699ms
[2026-07-14T19:47:53.831-0600][206.753s][info][gc,cpu         ] GC(52) User=0.92s Sys=0.00s Real=0.02s
[2026-07-14T19:47:54.745-0600][207.666s][info][gc,start       ] GC(53) Pause Young (Mixed) (G1 Evacuation Pause)
[2026-07-14T19:47:54.745-0600][207.666s][info][gc,task        ] GC(53) Using 38 workers of 38 for evacuation
[2026-07-14T19:47:54.788-0600][207.710s][info][gc,phases      ] GC(53)   Pre Evacuate Collection Set: 0.0ms
[2026-07-14T19:47:54.788-0600][207.710s][info][gc,phases      ] GC(53)   Evacuate Collection Set: 42.2ms
[2026-07-14T19:47:54.788-0600][207.710s][info][gc,phases      ] GC(53)   Post Evacuate Collection Set: 0.7ms
[2026-07-14T19:47:54.788-0600][207.710s][info][gc,phases      ] GC(53)   Other: 0.4ms
[2026-07-14T19:47:54.788-0600][207.710s][info][gc,heap        ] GC(53) Eden regions: 284->0(275)
[2026-07-14T19:47:54.788-0600][207.710s][info][gc,heap        ] GC(53) Survivor regions: 21->30(39)
[2026-07-14T19:47:54.788-0600][207.710s][info][gc,heap        ] GC(53) Old regions: 136->120
[2026-07-14T19:47:54.788-0600][207.710s][info][gc,heap        ] GC(53) Humongous regions: 36->36
[2026-07-14T19:47:54.788-0600][207.710s][info][gc,metaspace   ] GC(53) Metaspace: 37081K(39120K)->37081K(39120K) NonClass: 32943K(34384K)->32943K(34384K) Class: 4138K(4736K)->4138K(4736K)
[2026-07-14T19:47:54.788-0600][207.710s][info][gc             ] GC(53) Pause Young (Mixed) (G1 Evacuation Pause) 466M->176M(611M) 43.538ms
[2026-07-14T19:47:54.788-0600][207.710s][info][gc,cpu         ] GC(53) User=1.59s Sys=0.00s Real=0.04s
[2026-07-14T19:47:55.731-0600][208.653s][info][gc,start       ] GC(54) Pause Young (Mixed) (G1 Evacuation Pause)
[2026-07-14T19:47:55.731-0600][208.653s][info][gc,task        ] GC(54) Using 38 workers of 38 for evacuation
[2026-07-14T19:47:55.797-0600][208.719s][info][gc,phases      ] GC(54)   Pre Evacuate Collection Set: 0.1ms
[2026-07-14T19:47:55.797-0600][208.719s][info][gc,phases      ] GC(54)   Evacuate Collection Set: 64.7ms
[2026-07-14T19:47:55.797-0600][208.719s][info][gc,phases      ] GC(54)   Post Evacuate Collection Set: 0.8ms
[2026-07-14T19:47:55.797-0600][208.719s][info][gc,phases      ] GC(54)   Other: 0.4ms
[2026-07-14T19:47:55.797-0600][208.719s][info][gc,heap        ] GC(54) Eden regions: 275->0(278)
[2026-07-14T19:47:55.797-0600][208.719s][info][gc,heap        ] GC(54) Survivor regions: 30->27(39)
[2026-07-14T19:47:55.797-0600][208.719s][info][gc,heap        ] GC(54) Old regions: 120->107
[2026-07-14T19:47:55.797-0600][208.719s][info][gc,heap        ] GC(54) Humongous regions: 36->36
[2026-07-14T19:47:55.797-0600][208.719s][info][gc,metaspace   ] GC(54) Metaspace: 37083K(39120K)->37083K(39120K) NonClass: 32945K(34384K)->32945K(34384K) Class: 4138K(4736K)->4138K(4736K)
[2026-07-14T19:47:55.797-0600][208.719s][info][gc             ] GC(54) Pause Young (Mixed) (G1 Evacuation Pause) 451M->159M(611M) 66.085ms
[2026-07-14T19:47:55.797-0600][208.719s][info][gc,cpu         ] GC(54) User=2.45s Sys=0.00s Real=0.07s
[2026-07-14T19:47:56.669-0600][209.591s][info][gc,start       ] GC(55) Pause Young (Mixed) (G1 Evacuation Pause)
[2026-07-14T19:47:56.669-0600][209.591s][info][gc,task        ] GC(55) Using 38 workers of 38 for evacuation
[2026-07-14T19:47:56.755-0600][209.677s][info][gc,phases      ] GC(55)   Pre Evacuate Collection Set: 0.1ms
[2026-07-14T19:47:56.756-0600][209.677s][info][gc,phases      ] GC(55)   Evacuate Collection Set: 84.9ms
[2026-07-14T19:47:56.756-0600][209.677s][info][gc,phases      ] GC(55)   Post Evacuate Collection Set: 1.0ms
[2026-07-14T19:47:56.756-0600][209.677s][info][gc,phases      ] GC(55)   Other: 0.4ms
[2026-07-14T19:47:56.756-0600][209.677s][info][gc,heap        ] GC(55) Eden regions: 278->0(266)
[2026-07-14T19:47:56.756-0600][209.677s][info][gc,heap        ] GC(55) Survivor regions: 27->39(39)
[2026-07-14T19:47:56.756-0600][209.677s][info][gc,heap        ] GC(55) Old regions: 107->108
[2026-07-14T19:47:56.756-0600][209.677s][info][gc,heap        ] GC(55) Humongous regions: 36->36
[2026-07-14T19:47:56.756-0600][209.677s][info][gc,metaspace   ] GC(55) Metaspace: 37083K(39120K)->37083K(39120K) NonClass: 32945K(34384K)->32945K(34384K) Class: 4138K(4736K)->4138K(4736K)
[2026-07-14T19:47:56.756-0600][209.678s][info][gc             ] GC(55) Pause Young (Mixed) (G1 Evacuation Pause) 437M->173M(611M) 86.581ms
[2026-07-14T19:47:56.756-0600][209.678s][info][gc,cpu         ] GC(55) User=3.22s Sys=0.00s Real=0.09s
[2026-07-14T19:47:57.646-0600][210.568s][info][gc,start       ] GC(56) Pause Young (Mixed) (G1 Evacuation Pause)
[2026-07-14T19:47:57.647-0600][210.568s][info][gc,task        ] GC(56) Using 38 workers of 38 for evacuation
[2026-07-14T19:47:57.737-0600][210.659s][info][gc,phases      ] GC(56)   Pre Evacuate Collection Set: 0.1ms
[2026-07-14T19:47:57.737-0600][210.659s][info][gc,phases      ] GC(56)   Evacuate Collection Set: 88.8ms
[2026-07-14T19:47:57.737-0600][210.659s][info][gc,phases      ] GC(56)   Post Evacuate Collection Set: 1.0ms
[2026-07-14T19:47:57.737-0600][210.659s][info][gc,phases      ] GC(56)   Other: 0.5ms
[2026-07-14T19:47:57.737-0600][210.659s][info][gc,heap        ] GC(56) Eden regions: 266->0(266)
[2026-07-14T19:47:57.737-0600][210.659s][info][gc,heap        ] GC(56) Survivor regions: 39->39(39)
[2026-07-14T19:47:57.737-0600][210.659s][info][gc,heap        ] GC(56) Old regions: 108->112
[2026-07-14T19:47:57.737-0600][210.659s][info][gc,heap        ] GC(56) Humongous regions: 37->36
[2026-07-14T19:47:57.737-0600][210.659s][info][gc,metaspace   ] GC(56) Metaspace: 37085K(39120K)->37085K(39120K) NonClass: 32947K(34384K)->32947K(34384K) Class: 4138K(4736K)->4138K(4736K)
[2026-07-14T19:47:57.737-0600][210.659s][info][gc             ] GC(56) Pause Young (Mixed) (G1 Evacuation Pause) 440M->178M(611M) 90.545ms
[2026-07-14T19:47:57.737-0600][210.659s][info][gc,cpu         ] GC(56) User=3.37s Sys=0.00s Real=0.09s
[2026-07-14T19:47:58.631-0600][211.553s][info][gc,start       ] GC(57) Pause Young (Normal) (G1 Evacuation Pause)
[2026-07-14T19:47:58.631-0600][211.553s][info][gc,task        ] GC(57) Using 38 workers of 38 for evacuation
[2026-07-14T19:47:58.678-0600][211.600s][info][gc,phases      ] GC(57)   Pre Evacuate Collection Set: 0.0ms
[2026-07-14T19:47:58.678-0600][211.600s][info][gc,phases      ] GC(57)   Evacuate Collection Set: 44.9ms
[2026-07-14T19:47:58.678-0600][211.600s][info][gc,phases      ] GC(57)   Post Evacuate Collection Set: 0.9ms
[2026-07-14T19:47:58.678-0600][211.600s][info][gc,phases      ] GC(57)   Other: 0.4ms
[2026-07-14T19:47:58.678-0600][211.600s][info][gc,heap        ] GC(57) Eden regions: 266->0(266)
[2026-07-14T19:47:58.678-0600][211.600s][info][gc,heap        ] GC(57) Survivor regions: 39->39(39)
[2026-07-14T19:47:58.678-0600][211.600s][info][gc,heap        ] GC(57) Old regions: 112->119
[2026-07-14T19:47:58.678-0600][211.600s][info][gc,heap        ] GC(57) Humongous regions: 44->42
[2026-07-14T19:47:58.678-0600][211.600s][info][gc,metaspace   ] GC(57) Metaspace: 37087K(39120K)->37087K(39120K) NonClass: 32949K(34384K)->32949K(34384K) Class: 4138K(4736K)->4138K(4736K)
[2026-07-14T19:47:58.678-0600][211.600s][info][gc             ] GC(57) Pause Young (Normal) (G1 Evacuation Pause) 452M->191M(611M) 46.491ms
[2026-07-14T19:47:58.678-0600][211.600s][info][gc,cpu         ] GC(57) User=1.70s Sys=0.00s Real=0.04s
[2026-07-14T19:47:59.410-0600][212.332s][info][gc,start       ] GC(58) Pause Young (Normal) (G1 Evacuation Pause)
[2026-07-14T19:47:59.410-0600][212.332s][info][gc,task        ] GC(58) Using 38 workers of 38 for evacuation
[2026-07-14T19:47:59.434-0600][212.356s][info][gc,phases      ] GC(58)   Pre Evacuate Collection Set: 0.0ms
[2026-07-14T19:47:59.434-0600][212.356s][info][gc,phases      ] GC(58)   Evacuate Collection Set: 22.9ms
[2026-07-14T19:47:59.434-0600][212.356s][info][gc,phases      ] GC(58)   Post Evacuate Collection Set: 1.0ms
[2026-07-14T19:47:59.434-0600][212.356s][info][gc,phases      ] GC(58)   Other: 0.4ms
[2026-07-14T19:47:59.434-0600][212.356s][info][gc,heap        ] GC(58) Eden regions: 266->0(268)
[2026-07-14T19:47:59.434-0600][212.356s][info][gc,heap        ] GC(58) Survivor regions: 39->37(39)
[2026-07-14T19:47:59.434-0600][212.356s][info][gc,heap        ] GC(58) Old regions: 119->121
[2026-07-14T19:47:59.434-0600][212.356s][info][gc,heap        ] GC(58) Humongous regions: 42->38
[2026-07-14T19:47:59.434-0600][212.356s][info][gc,metaspace   ] GC(58) Metaspace: 37092K(39120K)->37092K(39120K) NonClass: 32954K(34384K)->32954K(34384K) Class: 4138K(4736K)->4138K(4736K)
[2026-07-14T19:47:59.434-0600][212.356s][info][gc             ] GC(58) Pause Young (Normal) (G1 Evacuation Pause) 457M->187M(611M) 24.443ms
[2026-07-14T19:47:59.434-0600][212.356s][info][gc,cpu         ] GC(58) User=0.86s Sys=0.00s Real=0.03s
[2026-07-14T19:48:00.258-0600][213.180s][info][gc,start       ] GC(59) Pause Young (Normal) (G1 Evacuation Pause)
[2026-07-14T19:48:00.259-0600][213.180s][info][gc,task        ] GC(59) Using 38 workers of 38 for evacuation
[2026-07-14T19:48:00.280-0600][213.202s][info][gc,phases      ] GC(59)   Pre Evacuate Collection Set: 0.0ms
[2026-07-14T19:48:00.280-0600][213.202s][info][gc,phases      ] GC(59)   Evacuate Collection Set: 20.3ms
[2026-07-14T19:48:00.280-0600][213.202s][info][gc,phases      ] GC(59)   Post Evacuate Collection Set: 0.9ms
[2026-07-14T19:48:00.280-0600][213.202s][info][gc,phases      ] GC(59)   Other: 0.4ms
[2026-07-14T19:48:00.280-0600][213.202s][info][gc,heap        ] GC(59) Eden regions: 268->0(270)
[2026-07-14T19:48:00.280-0600][213.202s][info][gc,heap        ] GC(59) Survivor regions: 37->35(39)
[2026-07-14T19:48:00.280-0600][213.202s][info][gc,heap        ] GC(59) Old regions: 121->123
[2026-07-14T19:48:00.280-0600][213.202s][info][gc,heap        ] GC(59) Humongous regions: 38->38
[2026-07-14T19:48:00.280-0600][213.202s][info][gc,metaspace   ] GC(59) Metaspace: 37092K(39120K)->37092K(39120K) NonClass: 32954K(34384K)->32954K(34384K) Class: 4138K(4736K)->4138K(4736K)
[2026-07-14T19:48:00.280-0600][213.202s][info][gc             ] GC(59) Pause Young (Normal) (G1 Evacuation Pause) 455M->187M(611M) 21.776ms
[2026-07-14T19:48:00.280-0600][213.202s][info][gc,cpu         ] GC(59) User=0.75s Sys=0.01s Real=0.03s
[2026-07-14T19:48:01.152-0600][214.074s][info][gc,start       ] GC(60) Pause Young (Normal) (G1 Evacuation Pause)
[2026-07-14T19:48:01.152-0600][214.074s][info][gc,task        ] GC(60) Using 38 workers of 38 for evacuation
[2026-07-14T19:48:01.173-0600][214.095s][info][gc,phases      ] GC(60)   Pre Evacuate Collection Set: 0.0ms
[2026-07-14T19:48:01.173-0600][214.095s][info][gc,phases      ] GC(60)   Evacuate Collection Set: 19.6ms
[2026-07-14T19:48:01.173-0600][214.095s][info][gc,phases      ] GC(60)   Post Evacuate Collection Set: 0.9ms
[2026-07-14T19:48:01.173-0600][214.095s][info][gc,phases      ] GC(60)   Other: 0.4ms
[2026-07-14T19:48:01.173-0600][214.095s][info][gc,heap        ] GC(60) Eden regions: 270->0(273)
[2026-07-14T19:48:01.173-0600][214.095s][info][gc,heap        ] GC(60) Survivor regions: 35->32(39)
[2026-07-14T19:48:01.173-0600][214.095s][info][gc,heap        ] GC(60) Old regions: 123->125
[2026-07-14T19:48:01.173-0600][214.095s][info][gc,heap        ] GC(60) Humongous regions: 38->38
[2026-07-14T19:48:01.173-0600][214.095s][info][gc,metaspace   ] GC(60) Metaspace: 37092K(39120K)->37092K(39120K) NonClass: 32954K(34384K)->32954K(34384K) Class: 4138K(4736K)->4138K(4736K)
[2026-07-14T19:48:01.173-0600][214.095s][info][gc             ] GC(60) Pause Young (Normal) (G1 Evacuation Pause) 457M->186M(611M) 21.032ms
[2026-07-14T19:48:01.173-0600][214.095s][info][gc,cpu         ] GC(60) User=0.74s Sys=0.00s Real=0.02s
[2026-07-14T19:48:02.087-0600][215.009s][info][gc,start       ] GC(61) Pause Young (Normal) (G1 Evacuation Pause)
[2026-07-14T19:48:02.087-0600][215.009s][info][gc,task        ] GC(61) Using 38 workers of 38 for evacuation
[2026-07-14T19:48:02.108-0600][215.030s][info][gc,phases      ] GC(61)   Pre Evacuate Collection Set: 0.0ms
[2026-07-14T19:48:02.108-0600][215.030s][info][gc,phases      ] GC(61)   Evacuate Collection Set: 19.7ms
[2026-07-14T19:48:02.108-0600][215.030s][info][gc,phases      ] GC(61)   Post Evacuate Collection Set: 1.1ms
[2026-07-14T19:48:02.108-0600][215.030s][info][gc,phases      ] GC(61)   Other: 0.4ms
[2026-07-14T19:48:02.108-0600][215.030s][info][gc,heap        ] GC(61) Eden regions: 273->0(273)
[2026-07-14T19:48:02.108-0600][215.030s][info][gc,heap        ] GC(61) Survivor regions: 32->32(39)
[2026-07-14T19:48:02.108-0600][215.030s][info][gc,heap        ] GC(61) Old regions: 125->127
[2026-07-14T19:48:02.108-0600][215.030s][info][gc,heap        ] GC(61) Humongous regions: 38->38
[2026-07-14T19:48:02.108-0600][215.030s][info][gc,metaspace   ] GC(61) Metaspace: 37092K(39120K)->37092K(39120K) NonClass: 32954K(34384K)->32954K(34384K) Class: 4138K(4736K)->4138K(4736K)
[2026-07-14T19:48:02.108-0600][215.030s][info][gc             ] GC(61) Pause Young (Normal) (G1 Evacuation Pause) 459M->187M(611M) 21.351ms
[2026-07-14T19:48:02.108-0600][215.030s][info][gc,cpu         ] GC(61) User=0.74s Sys=0.01s Real=0.02s
[2026-07-14T19:48:02.979-0600][215.901s][info][gc,start       ] GC(62) Pause Young (Normal) (G1 Evacuation Pause)
[2026-07-14T19:48:02.979-0600][215.901s][info][gc,task        ] GC(62) Using 38 workers of 38 for evacuation
[2026-07-14T19:48:03.003-0600][215.924s][info][gc,phases      ] GC(62)   Pre Evacuate Collection Set: 0.1ms
[2026-07-14T19:48:03.003-0600][215.924s][info][gc,phases      ] GC(62)   Evacuate Collection Set: 22.4ms
[2026-07-14T19:48:03.003-0600][215.925s][info][gc,phases      ] GC(62)   Post Evacuate Collection Set: 0.8ms
[2026-07-14T19:48:03.003-0600][215.925s][info][gc,phases      ] GC(62)   Other: 0.4ms
[2026-07-14T19:48:03.003-0600][215.925s][info][gc,heap        ] GC(62) Eden regions: 273->0(279)
[2026-07-14T19:48:03.003-0600][215.925s][info][gc,heap        ] GC(62) Survivor regions: 32->26(39)
[2026-07-14T19:48:03.003-0600][215.925s][info][gc,heap        ] GC(62) Old regions: 127->129
[2026-07-14T19:48:03.003-0600][215.925s][info][gc,heap        ] GC(62) Humongous regions: 38->38
[2026-07-14T19:48:03.003-0600][215.925s][info][gc,metaspace   ] GC(62) Metaspace: 37097K(39120K)->37097K(39120K) NonClass: 32958K(34384K)->32958K(34384K) Class: 4138K(4736K)->4138K(4736K)
[2026-07-14T19:48:03.003-0600][215.925s][info][gc             ] GC(62) Pause Young (Normal) (G1 Evacuation Pause) 460M->184M(611M) 23.800ms
[2026-07-14T19:48:03.003-0600][215.925s][info][gc,cpu         ] GC(62) User=0.83s Sys=0.01s Real=0.03s
[2026-07-14T19:48:03.921-0600][216.843s][info][gc,start       ] GC(63) Pause Young (Normal) (G1 Evacuation Pause)
[2026-07-14T19:48:03.921-0600][216.843s][info][gc,task        ] GC(63) Using 38 workers of 38 for evacuation
[2026-07-14T19:48:03.941-0600][216.863s][info][gc,phases      ] GC(63)   Pre Evacuate Collection Set: 0.0ms
[2026-07-14T19:48:03.941-0600][216.863s][info][gc,phases      ] GC(63)   Evacuate Collection Set: 19.2ms
[2026-07-14T19:48:03.941-0600][216.863s][info][gc,phases      ] GC(63)   Post Evacuate Collection Set: 0.7ms
[2026-07-14T19:48:03.941-0600][216.863s][info][gc,phases      ] GC(63)   Other: 0.4ms
[2026-07-14T19:48:03.941-0600][216.863s][info][gc,heap        ] GC(63) Eden regions: 279->0(281)
[2026-07-14T19:48:03.941-0600][216.863s][info][gc,heap        ] GC(63) Survivor regions: 26->24(39)
[2026-07-14T19:48:03.941-0600][216.863s][info][gc,heap        ] GC(63) Old regions: 129->131
[2026-07-14T19:48:03.941-0600][216.863s][info][gc,heap        ] GC(63) Humongous regions: 39->39
[2026-07-14T19:48:03.941-0600][216.863s][info][gc,metaspace   ] GC(63) Metaspace: 37097K(39120K)->37097K(39120K) NonClass: 32958K(34384K)->32958K(34384K) Class: 4138K(4736K)->4138K(4736K)
[2026-07-14T19:48:03.941-0600][216.863s][info][gc             ] GC(63) Pause Young (Normal) (G1 Evacuation Pause) 464M->184M(611M) 20.450ms
[2026-07-14T19:48:03.941-0600][216.863s][info][gc,cpu         ] GC(63) User=0.72s Sys=0.00s Real=0.02s
[2026-07-14T19:48:04.882-0600][217.804s][info][gc,start       ] GC(64) Pause Young (Normal) (G1 Evacuation Pause)
[2026-07-14T19:48:04.882-0600][217.804s][info][gc,task        ] GC(64) Using 38 workers of 38 for evacuation
[2026-07-14T19:48:04.902-0600][217.824s][info][gc,phases      ] GC(64)   Pre Evacuate Collection Set: 0.0ms
[2026-07-14T19:48:04.902-0600][217.824s][info][gc,phases      ] GC(64)   Evacuate Collection Set: 18.9ms
[2026-07-14T19:48:04.902-0600][217.824s][info][gc,phases      ] GC(64)   Post Evacuate Collection Set: 0.8ms
[2026-07-14T19:48:04.902-0600][217.824s][info][gc,phases      ] GC(64)   Other: 0.4ms
[2026-07-14T19:48:04.902-0600][217.824s][info][gc,heap        ] GC(64) Eden regions: 281->0(282)
[2026-07-14T19:48:04.902-0600][217.824s][info][gc,heap        ] GC(64) Survivor regions: 24->23(39)
[2026-07-14T19:48:04.902-0600][217.824s][info][gc,heap        ] GC(64) Old regions: 131->133
[2026-07-14T19:48:04.902-0600][217.824s][info][gc,heap        ] GC(64) Humongous regions: 39->38
[2026-07-14T19:48:04.902-0600][217.824s][info][gc,metaspace   ] GC(64) Metaspace: 37097K(39120K)->37097K(39120K) NonClass: 32958K(34384K)->32958K(34384K) Class: 4138K(4736K)->4138K(4736K)
[2026-07-14T19:48:04.902-0600][217.824s][info][gc             ] GC(64) Pause Young (Normal) (G1 Evacuation Pause) 465M->184M(611M) 20.132ms
[2026-07-14T19:48:04.902-0600][217.824s][info][gc,cpu         ] GC(64) User=0.70s Sys=0.00s Real=0.02s
[2026-07-14T19:48:05.839-0600][218.761s][info][gc,start       ] GC(65) Pause Young (Normal) (G1 Evacuation Pause)
[2026-07-14T19:48:05.839-0600][218.761s][info][gc,task        ] GC(65) Using 38 workers of 38 for evacuation
[2026-07-14T19:48:05.861-0600][218.783s][info][gc,phases      ] GC(65)   Pre Evacuate Collection Set: 0.1ms
[2026-07-14T19:48:05.861-0600][218.783s][info][gc,phases      ] GC(65)   Evacuate Collection Set: 21.0ms
[2026-07-14T19:48:05.861-0600][218.783s][info][gc,phases      ] GC(65)   Post Evacuate Collection Set: 0.9ms
[2026-07-14T19:48:05.861-0600][218.783s][info][gc,phases      ] GC(65)   Other: 0.4ms
[2026-07-14T19:48:05.861-0600][218.783s][info][gc,heap        ] GC(65) Eden regions: 282->0(283)
[2026-07-14T19:48:05.861-0600][218.783s][info][gc,heap        ] GC(65) Survivor regions: 23->22(39)
[2026-07-14T19:48:05.861-0600][218.783s][info][gc,heap        ] GC(65) Old regions: 133->133
[2026-07-14T19:48:05.862-0600][218.783s][info][gc,heap        ] GC(65) Humongous regions: 38->38
[2026-07-14T19:48:05.862-0600][218.783s][info][gc,metaspace   ] GC(65) Metaspace: 37098K(39120K)->37098K(39120K) NonClass: 32959K(34384K)->32959K(34384K) Class: 4138K(4736K)->4138K(4736K)
[2026-07-14T19:48:05.862-0600][218.783s][info][gc             ] GC(65) Pause Young (Normal) (G1 Evacuation Pause) 466M->183M(611M) 22.511ms
[2026-07-14T19:48:05.862-0600][218.783s][info][gc,cpu         ] GC(65) User=0.79s Sys=0.00s Real=0.03s
[2026-07-14T19:48:06.790-0600][219.712s][info][gc,start       ] GC(66) Pause Young (Normal) (G1 Evacuation Pause)
[2026-07-14T19:48:06.790-0600][219.712s][info][gc,task        ] GC(66) Using 38 workers of 38 for evacuation
[2026-07-14T19:48:06.813-0600][219.735s][info][gc,phases      ] GC(66)   Pre Evacuate Collection Set: 0.0ms
[2026-07-14T19:48:06.813-0600][219.735s][info][gc,phases      ] GC(66)   Evacuate Collection Set: 22.0ms
[2026-07-14T19:48:06.813-0600][219.735s][info][gc,phases      ] GC(66)   Post Evacuate Collection Set: 0.7ms
[2026-07-14T19:48:06.813-0600][219.735s][info][gc,phases      ] GC(66)   Other: 0.4ms
[2026-07-14T19:48:06.813-0600][219.735s][info][gc,heap        ] GC(66) Eden regions: 283->0(285)
[2026-07-14T19:48:06.813-0600][219.735s][info][gc,heap        ] GC(66) Survivor regions: 22->20(39)
[2026-07-14T19:48:06.813-0600][219.735s][info][gc,heap        ] GC(66) Old regions: 133->134
[2026-07-14T19:48:06.813-0600][219.735s][info][gc,heap        ] GC(66) Humongous regions: 38->38
[2026-07-14T19:48:06.813-0600][219.735s][info][gc,metaspace   ] GC(66) Metaspace: 37098K(39120K)->37098K(39120K) NonClass: 32959K(34384K)->32959K(34384K) Class: 4138K(4736K)->4138K(4736K)
[2026-07-14T19:48:06.813-0600][219.735s][info][gc             ] GC(66) Pause Young (Normal) (G1 Evacuation Pause) 466M->182M(611M) 23.254ms
[2026-07-14T19:48:06.813-0600][219.735s][info][gc,cpu         ] GC(66) User=0.83s Sys=0.00s Real=0.03s
[2026-07-14T19:48:07.751-0600][220.673s][info][gc,start       ] GC(67) Pause Young (Normal) (G1 Evacuation Pause)
[2026-07-14T19:48:07.751-0600][220.673s][info][gc,task        ] GC(67) Using 38 workers of 38 for evacuation
[2026-07-14T19:48:07.786-0600][220.708s][info][gc,phases      ] GC(67)   Pre Evacuate Collection Set: 0.0ms
[2026-07-14T19:48:07.786-0600][220.708s][info][gc,phases      ] GC(67)   Evacuate Collection Set: 33.7ms
[2026-07-14T19:48:07.786-0600][220.708s][info][gc,phases      ] GC(67)   Post Evacuate Collection Set: 0.7ms
[2026-07-14T19:48:07.786-0600][220.708s][info][gc,phases      ] GC(67)   Other: 0.4ms
[2026-07-14T19:48:07.786-0600][220.708s][info][gc,heap        ] GC(67) Eden regions: 285->0(277)
[2026-07-14T19:48:07.786-0600][220.708s][info][gc,heap        ] GC(67) Survivor regions: 20->28(39)
[2026-07-14T19:48:07.786-0600][220.708s][info][gc,heap        ] GC(67) Old regions: 134->134
[2026-07-14T19:48:07.786-0600][220.708s][info][gc,heap        ] GC(67) Humongous regions: 38->38
[2026-07-14T19:48:07.786-0600][220.708s][info][gc,metaspace   ] GC(67) Metaspace: 37098K(39120K)->37098K(39120K) NonClass: 32959K(34384K)->32959K(34384K) Class: 4138K(4736K)->4138K(4736K)
[2026-07-14T19:48:07.786-0600][220.708s][info][gc             ] GC(67) Pause Young (Normal) (G1 Evacuation Pause) 467M->190M(611M) 34.946ms
[2026-07-14T19:48:07.786-0600][220.708s][info][gc,cpu         ] GC(67) User=1.27s Sys=0.01s Real=0.04s
[2026-07-14T19:48:08.749-0600][221.671s][info][gc,start       ] GC(68) Pause Young (Normal) (G1 Evacuation Pause)
[2026-07-14T19:48:08.749-0600][221.671s][info][gc,task        ] GC(68) Using 38 workers of 38 for evacuation
[2026-07-14T19:48:08.791-0600][221.712s][info][gc,phases      ] GC(68)   Pre Evacuate Collection Set: 0.0ms
[2026-07-14T19:48:08.791-0600][221.712s][info][gc,phases      ] GC(68)   Evacuate Collection Set: 40.6ms
[2026-07-14T19:48:08.791-0600][221.712s][info][gc,phases      ] GC(68)   Post Evacuate Collection Set: 0.7ms
[2026-07-14T19:48:08.791-0600][221.712s][info][gc,phases      ] GC(68)   Other: 0.4ms
[2026-07-14T19:48:08.791-0600][221.713s][info][gc,heap        ] GC(68) Eden regions: 277->0(284)
[2026-07-14T19:48:08.791-0600][221.713s][info][gc,heap        ] GC(68) Survivor regions: 28->21(39)
[2026-07-14T19:48:08.791-0600][221.713s][info][gc,heap        ] GC(68) Old regions: 134->137
[2026-07-14T19:48:08.791-0600][221.713s][info][gc,heap        ] GC(68) Humongous regions: 39->39
[2026-07-14T19:48:08.791-0600][221.713s][info][gc,metaspace   ] GC(68) Metaspace: 37098K(39120K)->37098K(39120K) NonClass: 32959K(34384K)->32959K(34384K) Class: 4138K(4736K)->4138K(4736K)
[2026-07-14T19:48:08.791-0600][221.713s][info][gc             ] GC(68) Pause Young (Normal) (G1 Evacuation Pause) 468M->186M(611M) 41.833ms
[2026-07-14T19:48:08.791-0600][221.713s][info][gc,cpu         ] GC(68) User=1.54s Sys=0.00s Real=0.04s
[2026-07-14T19:48:09.700-0600][222.622s][info][gc,start       ] GC(69) Pause Young (Normal) (G1 Evacuation Pause)
[2026-07-14T19:48:09.700-0600][222.622s][info][gc,task        ] GC(69) Using 38 workers of 38 for evacuation
[2026-07-14T19:48:09.789-0600][222.711s][info][gc,phases      ] GC(69)   Pre Evacuate Collection Set: 0.0ms
[2026-07-14T19:48:09.789-0600][222.711s][info][gc,phases      ] GC(69)   Evacuate Collection Set: 87.8ms
[2026-07-14T19:48:09.789-0600][222.711s][info][gc,phases      ] GC(69)   Post Evacuate Collection Set: 0.7ms
[2026-07-14T19:48:09.789-0600][222.711s][info][gc,phases      ] GC(69)   Other: 0.4ms
[2026-07-14T19:48:09.789-0600][222.711s][info][gc,heap        ] GC(69) Eden regions: 284->0(266)
[2026-07-14T19:48:09.789-0600][222.711s][info][gc,heap        ] GC(69) Survivor regions: 21->39(39)
[2026-07-14T19:48:09.789-0600][222.711s][info][gc,heap        ] GC(69) Old regions: 137->137
[2026-07-14T19:48:09.789-0600][222.711s][info][gc,heap        ] GC(69) Humongous regions: 41->38
[2026-07-14T19:48:09.789-0600][222.711s][info][gc,metaspace   ] GC(69) Metaspace: 37098K(39120K)->37098K(39120K) NonClass: 32959K(34384K)->32959K(34384K) Class: 4138K(4736K)->4138K(4736K)
[2026-07-14T19:48:09.789-0600][222.711s][info][gc             ] GC(69) Pause Young (Normal) (G1 Evacuation Pause) 472M->204M(611M) 88.876ms
[2026-07-14T19:48:09.789-0600][222.711s][info][gc,cpu         ] GC(69) User=3.32s Sys=0.00s Real=0.08s
[2026-07-14T19:48:10.654-0600][223.576s][info][gc,start       ] GC(70) Pause Young (Normal) (G1 Evacuation Pause)
[2026-07-14T19:48:10.654-0600][223.576s][info][gc,task        ] GC(70) Using 38 workers of 38 for evacuation
[2026-07-14T19:48:10.724-0600][223.646s][info][gc,phases      ] GC(70)   Pre Evacuate Collection Set: 0.0ms
[2026-07-14T19:48:10.724-0600][223.646s][info][gc,phases      ] GC(70)   Evacuate Collection Set: 68.2ms
[2026-07-14T19:48:10.724-0600][223.646s][info][gc,phases      ] GC(70)   Post Evacuate Collection Set: 0.8ms
[2026-07-14T19:48:10.724-0600][223.646s][info][gc,phases      ] GC(70)   Other: 0.4ms
[2026-07-14T19:48:10.724-0600][223.646s][info][gc,heap        ] GC(70) Eden regions: 266->0(266)
[2026-07-14T19:48:10.724-0600][223.646s][info][gc,heap        ] GC(70) Survivor regions: 39->39(39)
[2026-07-14T19:48:10.724-0600][223.646s][info][gc,heap        ] GC(70) Old regions: 137->155
[2026-07-14T19:48:10.724-0600][223.646s][info][gc,heap        ] GC(70) Humongous regions: 38->38
[2026-07-14T19:48:10.724-0600][223.646s][info][gc,metaspace   ] GC(70) Metaspace: 37098K(39120K)->37098K(39120K) NonClass: 32959K(34384K)->32959K(34384K) Class: 4138K(4736K)->4138K(4736K)
[2026-07-14T19:48:10.724-0600][223.646s][info][gc             ] GC(70) Pause Young (Normal) (G1 Evacuation Pause) 470M->222M(611M) 69.509ms
[2026-07-14T19:48:10.724-0600][223.646s][info][gc,cpu         ] GC(70) User=2.58s Sys=0.00s Real=0.07s
[2026-07-14T19:48:11.637-0600][224.559s][info][gc,start       ] GC(71) Pause Young (Normal) (G1 Evacuation Pause)
[2026-07-14T19:48:11.637-0600][224.559s][info][gc,task        ] GC(71) Using 38 workers of 38 for evacuation
[2026-07-14T19:48:11.712-0600][224.633s][info][gc,phases      ] GC(71)   Pre Evacuate Collection Set: 0.0ms
[2026-07-14T19:48:11.712-0600][224.633s][info][gc,phases      ] GC(71)   Evacuate Collection Set: 73.5ms
[2026-07-14T19:48:11.712-0600][224.633s][info][gc,phases      ] GC(71)   Post Evacuate Collection Set: 0.8ms
[2026-07-14T19:48:11.712-0600][224.634s][info][gc,phases      ] GC(71)   Other: 0.4ms
[2026-07-14T19:48:11.712-0600][224.634s][info][gc,heap        ] GC(71) Eden regions: 266->0(266)
[2026-07-14T19:48:11.712-0600][224.634s][info][gc,heap        ] GC(71) Survivor regions: 39->39(39)
[2026-07-14T19:48:11.712-0600][224.634s][info][gc,heap        ] GC(71) Old regions: 155->166
[2026-07-14T19:48:11.712-0600][224.634s][info][gc,heap        ] GC(71) Humongous regions: 40->38
[2026-07-14T19:48:11.712-0600][224.634s][info][gc,metaspace   ] GC(71) Metaspace: 37098K(39120K)->37098K(39120K) NonClass: 32959K(34384K)->32959K(34384K) Class: 4138K(4736K)->4138K(4736K)
[2026-07-14T19:48:11.712-0600][224.634s][info][gc             ] GC(71) Pause Young (Normal) (G1 Evacuation Pause) 490M->234M(611M) 74.803ms
[2026-07-14T19:48:11.712-0600][224.634s][info][gc,cpu         ] GC(71) User=2.71s Sys=0.07s Real=0.08s
[2026-07-14T19:48:12.572-0600][225.494s][info][gc,start       ] GC(72) Pause Young (Normal) (G1 Evacuation Pause)
[2026-07-14T19:48:12.573-0600][225.494s][info][gc,task        ] GC(72) Using 38 workers of 38 for evacuation
[2026-07-14T19:48:12.585-0600][225.507s][info][gc,phases      ] GC(72)   Pre Evacuate Collection Set: 0.0ms
[2026-07-14T19:48:12.585-0600][225.507s][info][gc,phases      ] GC(72)   Evacuate Collection Set: 10.8ms
[2026-07-14T19:48:12.585-0600][225.507s][info][gc,phases      ] GC(72)   Post Evacuate Collection Set: 1.1ms
[2026-07-14T19:48:12.585-0600][225.507s][info][gc,phases      ] GC(72)   Other: 0.4ms
[2026-07-14T19:48:12.585-0600][225.507s][info][gc,heap        ] GC(72) Eden regions: 266->0(268)
[2026-07-14T19:48:12.585-0600][225.507s][info][gc,heap        ] GC(72) Survivor regions: 39->37(39)
[2026-07-14T19:48:12.585-0600][225.507s][info][gc,heap        ] GC(72) Old regions: 166->169
[2026-07-14T19:48:12.585-0600][225.507s][info][gc,heap        ] GC(72) Humongous regions: 46->42
[2026-07-14T19:48:12.585-0600][225.507s][info][gc,metaspace   ] GC(72) Metaspace: 37098K(39120K)->37098K(39120K) NonClass: 32959K(34384K)->32959K(34384K) Class: 4138K(4736K)->4138K(4736K)
[2026-07-14T19:48:12.585-0600][225.507s][info][gc             ] GC(72) Pause Young (Normal) (G1 Evacuation Pause) 508M->239M(611M) 12.459ms
[2026-07-14T19:48:12.585-0600][225.507s][info][gc,cpu         ] GC(72) User=0.40s Sys=0.00s Real=0.01s
[2026-07-14T19:48:13.320-0600][226.242s][info][gc,start       ] GC(73) Pause Young (Normal) (G1 Evacuation Pause)
[2026-07-14T19:48:13.320-0600][226.242s][info][gc,task        ] GC(73) Using 38 workers of 38 for evacuation
[2026-07-14T19:48:13.344-0600][226.266s][info][gc,phases      ] GC(73)   Pre Evacuate Collection Set: 0.0ms
[2026-07-14T19:48:13.344-0600][226.266s][info][gc,phases      ] GC(73)   Evacuate Collection Set: 22.1ms
[2026-07-14T19:48:13.344-0600][226.266s][info][gc,phases      ] GC(73)   Post Evacuate Collection Set: 0.9ms
[2026-07-14T19:48:13.344-0600][226.266s][info][gc,phases      ] GC(73)   Other: 0.4ms
[2026-07-14T19:48:13.344-0600][226.266s][info][gc,heap        ] GC(73) Eden regions: 268->0(269)
[2026-07-14T19:48:13.344-0600][226.266s][info][gc,heap        ] GC(73) Survivor regions: 37->36(39)
[2026-07-14T19:48:13.344-0600][226.266s][info][gc,heap        ] GC(73) Old regions: 169->171
[2026-07-14T19:48:13.344-0600][226.266s][info][gc,heap        ] GC(73) Humongous regions: 43->38
[2026-07-14T19:48:13.344-0600][226.266s][info][gc,metaspace   ] GC(73) Metaspace: 37098K(39120K)->37098K(39120K) NonClass: 32959K(34384K)->32959K(34384K) Class: 4138K(4736K)->4138K(4736K)
[2026-07-14T19:48:13.344-0600][226.266s][info][gc             ] GC(73) Pause Young (Normal) (G1 Evacuation Pause) 508M->235M(611M) 23.480ms
[2026-07-14T19:48:13.344-0600][226.266s][info][gc,cpu         ] GC(73) User=0.83s Sys=0.01s Real=0.02s
[2026-07-14T19:48:14.240-0600][227.162s][info][gc,start       ] GC(74) Pause Young (Normal) (G1 Evacuation Pause)
[2026-07-14T19:48:14.240-0600][227.162s][info][gc,task        ] GC(74) Using 38 workers of 38 for evacuation
[2026-07-14T19:48:14.260-0600][227.182s][info][gc,phases      ] GC(74)   Pre Evacuate Collection Set: 0.0ms
[2026-07-14T19:48:14.261-0600][227.182s][info][gc,phases      ] GC(74)   Evacuate Collection Set: 19.0ms
[2026-07-14T19:48:14.261-0600][227.182s][info][gc,phases      ] GC(74)   Post Evacuate Collection Set: 0.8ms
[2026-07-14T19:48:14.261-0600][227.182s][info][gc,phases      ] GC(74)   Other: 0.4ms
[2026-07-14T19:48:14.261-0600][227.182s][info][gc,heap        ] GC(74) Eden regions: 269->0(272)
[2026-07-14T19:48:14.261-0600][227.182s][info][gc,heap        ] GC(74) Survivor regions: 36->33(39)
[2026-07-14T19:48:14.261-0600][227.182s][info][gc,heap        ] GC(74) Old regions: 171->173
[2026-07-14T19:48:14.261-0600][227.182s][info][gc,heap        ] GC(74) Humongous regions: 38->38
[2026-07-14T19:48:14.261-0600][227.183s][info][gc,metaspace   ] GC(74) Metaspace: 37098K(39120K)->37098K(39120K) NonClass: 32959K(34384K)->32959K(34384K) Class: 4138K(4736K)->4138K(4736K)
[2026-07-14T19:48:14.261-0600][227.183s][info][gc             ] GC(74) Pause Young (Normal) (G1 Evacuation Pause) 504M->234M(611M) 20.401ms
[2026-07-14T19:48:14.261-0600][227.183s][info][gc,cpu         ] GC(74) User=0.71s Sys=0.00s Real=0.02s
[2026-07-14T19:48:15.124-0600][228.046s][info][gc,start       ] GC(75) Pause Young (Normal) (G1 Evacuation Pause)
[2026-07-14T19:48:15.124-0600][228.046s][info][gc,task        ] GC(75) Using 38 workers of 38 for evacuation
[2026-07-14T19:48:15.145-0600][228.067s][info][gc,phases      ] GC(75)   Pre Evacuate Collection Set: 0.0ms
[2026-07-14T19:48:15.145-0600][228.067s][info][gc,phases      ] GC(75)   Evacuate Collection Set: 20.1ms
[2026-07-14T19:48:15.145-0600][228.067s][info][gc,phases      ] GC(75)   Post Evacuate Collection Set: 0.8ms
[2026-07-14T19:48:15.145-0600][228.067s][info][gc,phases      ] GC(75)   Other: 0.4ms
[2026-07-14T19:48:15.145-0600][228.067s][info][gc,heap        ] GC(75) Eden regions: 272->0(274)
[2026-07-14T19:48:15.145-0600][228.067s][info][gc,heap        ] GC(75) Survivor regions: 33->31(39)
[2026-07-14T19:48:15.145-0600][228.067s][info][gc,heap        ] GC(75) Old regions: 173->175
[2026-07-14T19:48:15.145-0600][228.067s][info][gc,heap        ] GC(75) Humongous regions: 38->38
[2026-07-14T19:48:15.145-0600][228.067s][info][gc,metaspace   ] GC(75) Metaspace: 37098K(39120K)->37098K(39120K) NonClass: 32959K(34384K)->32959K(34384K) Class: 4138K(4736K)->4138K(4736K)
[2026-07-14T19:48:15.145-0600][228.067s][info][gc             ] GC(75) Pause Young (Normal) (G1 Evacuation Pause) 506M->234M(611M) 21.459ms
[2026-07-14T19:48:15.145-0600][228.067s][info][gc,cpu         ] GC(75) User=0.75s Sys=0.00s Real=0.02s
[2026-07-14T19:48:16.068-0600][228.990s][info][gc,start       ] GC(76) Pause Young (Normal) (G1 Evacuation Pause)
[2026-07-14T19:48:16.068-0600][228.990s][info][gc,task        ] GC(76) Using 38 workers of 38 for evacuation
[2026-07-14T19:48:16.091-0600][229.013s][info][gc,phases      ] GC(76)   Pre Evacuate Collection Set: 0.0ms
[2026-07-14T19:48:16.091-0600][229.013s][info][gc,phases      ] GC(76)   Evacuate Collection Set: 21.4ms
[2026-07-14T19:48:16.091-0600][229.013s][info][gc,phases      ] GC(76)   Post Evacuate Collection Set: 0.8ms
[2026-07-14T19:48:16.091-0600][229.013s][info][gc,phases      ] GC(76)   Other: 0.4ms
[2026-07-14T19:48:16.091-0600][229.013s][info][gc,heap        ] GC(76) Eden regions: 274->0(276)
[2026-07-14T19:48:16.091-0600][229.013s][info][gc,heap        ] GC(76) Survivor regions: 31->29(39)
[2026-07-14T19:48:16.091-0600][229.013s][info][gc,heap        ] GC(76) Old regions: 175->177
[2026-07-14T19:48:16.091-0600][229.013s][info][gc,heap        ] GC(76) Humongous regions: 38->38
[2026-07-14T19:48:16.091-0600][229.013s][info][gc,metaspace   ] GC(76) Metaspace: 37098K(39120K)->37098K(39120K) NonClass: 32959K(34384K)->32959K(34384K) Class: 4138K(4736K)->4138K(4736K)
[2026-07-14T19:48:16.091-0600][229.013s][info][gc             ] GC(76) Pause Young (Normal) (G1 Evacuation Pause) 508M->234M(611M) 22.684ms
[2026-07-14T19:48:16.091-0600][229.013s][info][gc,cpu         ] GC(76) User=0.80s Sys=0.01s Real=0.02s
[2026-07-14T19:48:17.014-0600][229.936s][info][gc,start       ] GC(77) Pause Young (Normal) (G1 Evacuation Pause)
[2026-07-14T19:48:17.014-0600][229.936s][info][gc,task        ] GC(77) Using 38 workers of 38 for evacuation
[2026-07-14T19:48:17.036-0600][229.958s][info][gc,phases      ] GC(77)   Pre Evacuate Collection Set: 0.0ms
[2026-07-14T19:48:17.036-0600][229.958s][info][gc,phases      ] GC(77)   Evacuate Collection Set: 20.6ms
[2026-07-14T19:48:17.036-0600][229.958s][info][gc,phases      ] GC(77)   Post Evacuate Collection Set: 0.8ms
[2026-07-14T19:48:17.036-0600][229.958s][info][gc,phases      ] GC(77)   Other: 0.4ms
[2026-07-14T19:48:17.036-0600][229.958s][info][gc,heap        ] GC(77) Eden regions: 276->0(279)
[2026-07-14T19:48:17.036-0600][229.958s][info][gc,heap        ] GC(77) Survivor regions: 29->26(39)
[2026-07-14T19:48:17.036-0600][229.958s][info][gc,heap        ] GC(77) Old regions: 177->179
[2026-07-14T19:48:17.036-0600][229.958s][info][gc,heap        ] GC(77) Humongous regions: 38->38
[2026-07-14T19:48:17.036-0600][229.958s][info][gc,metaspace   ] GC(77) Metaspace: 37098K(39120K)->37098K(39120K) NonClass: 32959K(34384K)->32959K(34384K) Class: 4138K(4736K)->4138K(4736K)
[2026-07-14T19:48:17.036-0600][229.958s][info][gc             ] GC(77) Pause Young (Normal) (G1 Evacuation Pause) 510M->234M(611M) 21.909ms
[2026-07-14T19:48:17.036-0600][229.958s][info][gc,cpu         ] GC(77) User=0.78s Sys=0.00s Real=0.02s
[2026-07-14T19:48:17.960-0600][230.882s][info][gc,start       ] GC(78) Pause Young (Normal) (G1 Evacuation Pause)
[2026-07-14T19:48:17.960-0600][230.882s][info][gc,task        ] GC(78) Using 38 workers of 38 for evacuation
[2026-07-14T19:48:17.981-0600][230.903s][info][gc,phases      ] GC(78)   Pre Evacuate Collection Set: 0.0ms
[2026-07-14T19:48:17.981-0600][230.903s][info][gc,phases      ] GC(78)   Evacuate Collection Set: 20.3ms
[2026-07-14T19:48:17.981-0600][230.903s][info][gc,phases      ] GC(78)   Post Evacuate Collection Set: 0.8ms
[2026-07-14T19:48:17.981-0600][230.903s][info][gc,phases      ] GC(78)   Other: 0.4ms
[2026-07-14T19:48:17.981-0600][230.903s][info][gc,heap        ] GC(78) Eden regions: 279->0(281)
[2026-07-14T19:48:17.981-0600][230.903s][info][gc,heap        ] GC(78) Survivor regions: 26->24(39)
[2026-07-14T19:48:17.981-0600][230.903s][info][gc,heap        ] GC(78) Old regions: 179->181
[2026-07-14T19:48:17.981-0600][230.903s][info][gc,heap        ] GC(78) Humongous regions: 38->38
[2026-07-14T19:48:17.981-0600][230.903s][info][gc,metaspace   ] GC(78) Metaspace: 37098K(39120K)->37098K(39120K) NonClass: 32959K(34384K)->32959K(34384K) Class: 4138K(4736K)->4138K(4736K)
[2026-07-14T19:48:17.982-0600][230.903s][info][gc             ] GC(78) Pause Young (Normal) (G1 Evacuation Pause) 513M->234M(611M) 21.635ms
[2026-07-14T19:48:17.982-0600][230.903s][info][gc,cpu         ] GC(78) User=0.77s Sys=0.00s Real=0.02s
[2026-07-14T19:48:55.000-0600][267.922s][info][gc,start       ] GC(79) Pause Young (Normal) (G1 Evacuation Pause)
[2026-07-14T19:48:55.000-0600][267.922s][info][gc,task        ] GC(79) Using 38 workers of 38 for evacuation
[2026-07-14T19:48:55.006-0600][267.928s][info][gc,phases      ] GC(79)   Pre Evacuate Collection Set: 0.0ms
[2026-07-14T19:48:55.006-0600][267.928s][info][gc,phases      ] GC(79)   Evacuate Collection Set: 5.6ms
[2026-07-14T19:48:55.006-0600][267.928s][info][gc,phases      ] GC(79)   Post Evacuate Collection Set: 0.6ms
[2026-07-14T19:48:55.007-0600][267.928s][info][gc,phases      ] GC(79)   Other: 0.4ms
[2026-07-14T19:48:55.007-0600][267.928s][info][gc,heap        ] GC(79) Eden regions: 281->0(301)
[2026-07-14T19:48:55.007-0600][267.928s][info][gc,heap        ] GC(79) Survivor regions: 24->4(39)
[2026-07-14T19:48:55.007-0600][267.928s][info][gc,heap        ] GC(79) Old regions: 181->186
[2026-07-14T19:48:55.007-0600][267.928s][info][gc,heap        ] GC(79) Humongous regions: 38->38
[2026-07-14T19:48:55.007-0600][267.928s][info][gc,metaspace   ] GC(79) Metaspace: 37159K(39120K)->37159K(39120K) NonClass: 33019K(34384K)->33019K(34384K) Class: 4139K(4736K)->4139K(4736K)
[2026-07-14T19:48:55.007-0600][267.928s][info][gc             ] GC(79) Pause Young (Normal) (G1 Evacuation Pause) 515M->219M(611M) 6.711ms
[2026-07-14T19:48:55.007-0600][267.929s][info][gc,cpu         ] GC(79) User=0.19s Sys=0.01s Real=0.00s
[2026-07-14T19:50:57.183-0600][390.105s][info][gc,start       ] GC(80) Pause Young (Normal) (G1 Evacuation Pause)
[2026-07-14T19:50:57.183-0600][390.105s][info][gc,task        ] GC(80) Using 38 workers of 38 for evacuation
[2026-07-14T19:50:57.185-0600][390.107s][info][gc,phases      ] GC(80)   Pre Evacuate Collection Set: 0.0ms
[2026-07-14T19:50:57.185-0600][390.107s][info][gc,phases      ] GC(80)   Evacuate Collection Set: 1.7ms
[2026-07-14T19:50:57.186-0600][390.107s][info][gc,phases      ] GC(80)   Post Evacuate Collection Set: 0.6ms
[2026-07-14T19:50:57.186-0600][390.107s][info][gc,phases      ] GC(80)   Other: 0.4ms
[2026-07-14T19:50:57.186-0600][390.107s][info][gc,heap        ] GC(80) Eden regions: 301->0(303)
[2026-07-14T19:50:57.186-0600][390.107s][info][gc,heap        ] GC(80) Survivor regions: 4->2(39)
[2026-07-14T19:50:57.186-0600][390.107s][info][gc,heap        ] GC(80) Old regions: 186->186
[2026-07-14T19:50:57.186-0600][390.107s][info][gc,heap        ] GC(80) Humongous regions: 38->38
[2026-07-14T19:50:57.186-0600][390.107s][info][gc,metaspace   ] GC(80) Metaspace: 37189K(39120K)->37189K(39120K) NonClass: 33049K(34384K)->33049K(34384K) Class: 4139K(4736K)->4139K(4736K)
[2026-07-14T19:50:57.186-0600][390.107s][info][gc             ] GC(80) Pause Young (Normal) (G1 Evacuation Pause) 520M->216M(611M) 2.768ms
[2026-07-14T19:50:57.186-0600][390.108s][info][gc,cpu         ] GC(80) User=0.06s Sys=0.00s Real=0.00s
[2026-07-14T19:53:00.512-0600][513.434s][info][gc,start       ] GC(81) Pause Young (Normal) (G1 Evacuation Pause)
[2026-07-14T19:53:00.512-0600][513.434s][info][gc,task        ] GC(81) Using 38 workers of 38 for evacuation
[2026-07-14T19:53:00.513-0600][513.435s][info][gc,phases      ] GC(81)   Pre Evacuate Collection Set: 0.0ms
[2026-07-14T19:53:00.513-0600][513.435s][info][gc,phases      ] GC(81)   Evacuate Collection Set: 0.9ms
[2026-07-14T19:53:00.513-0600][513.435s][info][gc,phases      ] GC(81)   Post Evacuate Collection Set: 0.5ms
[2026-07-14T19:53:00.513-0600][513.435s][info][gc,phases      ] GC(81)   Other: 0.2ms
[2026-07-14T19:53:00.513-0600][513.435s][info][gc,heap        ] GC(81) Eden regions: 303->0(304)
[2026-07-14T19:53:00.513-0600][513.435s][info][gc,heap        ] GC(81) Survivor regions: 2->1(39)
[2026-07-14T19:53:00.513-0600][513.435s][info][gc,heap        ] GC(81) Old regions: 186->186
[2026-07-14T19:53:00.513-0600][513.435s][info][gc,heap        ] GC(81) Humongous regions: 38->38
[2026-07-14T19:53:00.513-0600][513.435s][info][gc,metaspace   ] GC(81) Metaspace: 37213K(39120K)->37213K(39120K) NonClass: 33074K(34384K)->33074K(34384K) Class: 4139K(4736K)->4139K(4736K)
[2026-07-14T19:53:00.513-0600][513.435s][info][gc             ] GC(81) Pause Young (Normal) (G1 Evacuation Pause) 519M->216M(611M) 1.586ms
[2026-07-14T19:53:00.513-0600][513.435s][info][gc,cpu         ] GC(81) User=0.02s Sys=0.01s Real=0.00s
[2026-07-14T19:55:04.949-0600][637.871s][info][gc,start       ] GC(82) Pause Young (Normal) (G1 Evacuation Pause)
[2026-07-14T19:55:04.949-0600][637.871s][info][gc,task        ] GC(82) Using 38 workers of 38 for evacuation
[2026-07-14T19:55:04.951-0600][637.873s][info][gc,phases      ] GC(82)   Pre Evacuate Collection Set: 0.0ms
[2026-07-14T19:55:04.951-0600][637.873s][info][gc,phases      ] GC(82)   Evacuate Collection Set: 1.1ms
[2026-07-14T19:55:04.952-0600][637.873s][info][gc,phases      ] GC(82)   Post Evacuate Collection Set: 0.7ms
[2026-07-14T19:55:04.952-0600][637.873s][info][gc,phases      ] GC(82)   Other: 0.3ms
[2026-07-14T19:55:04.952-0600][637.873s][info][gc,heap        ] GC(82) Eden regions: 304->0(304)
[2026-07-14T19:55:04.952-0600][637.873s][info][gc,heap        ] GC(82) Survivor regions: 1->1(39)
[2026-07-14T19:55:04.952-0600][637.873s][info][gc,heap        ] GC(82) Old regions: 186->186
[2026-07-14T19:55:04.952-0600][637.873s][info][gc,heap        ] GC(82) Humongous regions: 38->38
[2026-07-14T19:55:04.952-0600][637.873s][info][gc,metaspace   ] GC(82) Metaspace: 37256K(39120K)->37256K(39120K) NonClass: 33110K(34384K)->33110K(34384K) Class: 4145K(4736K)->4145K(4736K)
[2026-07-14T19:55:04.952-0600][637.874s][info][gc             ] GC(82) Pause Young (Normal) (G1 Evacuation Pause) 520M->216M(611M) 2.257ms
[2026-07-14T19:55:04.952-0600][637.874s][info][gc,cpu         ] GC(82) User=0.03s Sys=0.00s Real=0.01s
[2026-07-14T19:57:10.354-0600][763.276s][info][gc,start       ] GC(83) Pause Young (Normal) (G1 Evacuation Pause)
[2026-07-14T19:57:10.354-0600][763.276s][info][gc,task        ] GC(83) Using 38 workers of 38 for evacuation
[2026-07-14T19:57:10.356-0600][763.278s][info][gc,phases      ] GC(83)   Pre Evacuate Collection Set: 0.0ms
[2026-07-14T19:57:10.356-0600][763.278s][info][gc,phases      ] GC(83)   Evacuate Collection Set: 1.0ms
[2026-07-14T19:57:10.356-0600][763.278s][info][gc,phases      ] GC(83)   Post Evacuate Collection Set: 0.7ms
[2026-07-14T19:57:10.356-0600][763.278s][info][gc,phases      ] GC(83)   Other: 0.3ms
[2026-07-14T19:57:10.356-0600][763.278s][info][gc,heap        ] GC(83) Eden regions: 304->0(304)
[2026-07-14T19:57:10.356-0600][763.278s][info][gc,heap        ] GC(83) Survivor regions: 1->1(39)
[2026-07-14T19:57:10.356-0600][763.278s][info][gc,heap        ] GC(83) Old regions: 186->186
[2026-07-14T19:57:10.356-0600][763.278s][info][gc,heap        ] GC(83) Humongous regions: 38->38
[2026-07-14T19:57:10.356-0600][763.278s][info][gc,metaspace   ] GC(83) Metaspace: 37261K(39120K)->37261K(39120K) NonClass: 33115K(34384K)->33115K(34384K) Class: 4146K(4736K)->4146K(4736K)
[2026-07-14T19:57:10.356-0600][763.278s][info][gc             ] GC(83) Pause Young (Normal) (G1 Evacuation Pause) 520M->216M(611M) 2.202ms
[2026-07-14T19:57:10.356-0600][763.278s][info][gc,cpu         ] GC(83) User=0.03s Sys=0.01s Real=0.00s
[2026-07-14T19:59:15.792-0600][888.713s][info][gc,start       ] GC(84) Pause Young (Normal) (G1 Evacuation Pause)
[2026-07-14T19:59:15.792-0600][888.714s][info][gc,task        ] GC(84) Using 38 workers of 38 for evacuation
[2026-07-14T19:59:15.794-0600][888.716s][info][gc,phases      ] GC(84)   Pre Evacuate Collection Set: 0.0ms
[2026-07-14T19:59:15.794-0600][888.716s][info][gc,phases      ] GC(84)   Evacuate Collection Set: 1.1ms
[2026-07-14T19:59:15.794-0600][888.716s][info][gc,phases      ] GC(84)   Post Evacuate Collection Set: 0.6ms
[2026-07-14T19:59:15.794-0600][888.716s][info][gc,phases      ] GC(84)   Other: 0.4ms
[2026-07-14T19:59:15.794-0600][888.716s][info][gc,heap        ] GC(84) Eden regions: 304->0(304)
[2026-07-14T19:59:15.794-0600][888.716s][info][gc,heap        ] GC(84) Survivor regions: 1->1(39)
[2026-07-14T19:59:15.794-0600][888.716s][info][gc,heap        ] GC(84) Old regions: 186->186
[2026-07-14T19:59:15.794-0600][888.716s][info][gc,heap        ] GC(84) Humongous regions: 38->38
[2026-07-14T19:59:15.794-0600][888.716s][info][gc,metaspace   ] GC(84) Metaspace: 37269K(39120K)->37269K(39120K) NonClass: 33123K(34384K)->33123K(34384K) Class: 4146K(4736K)->4146K(4736K)
[2026-07-14T19:59:15.794-0600][888.716s][info][gc             ] GC(84) Pause Young (Normal) (G1 Evacuation Pause) 520M->216M(611M) 2.202ms
[2026-07-14T19:59:15.794-0600][888.716s][info][gc,cpu         ] GC(84) User=0.02s Sys=0.01s Real=0.00s
[2026-07-14T20:01:21.359-0600][1014.281s][info][gc,start       ] GC(85) Pause Young (Normal) (G1 Evacuation Pause)
[2026-07-14T20:01:21.359-0600][1014.281s][info][gc,task        ] GC(85) Using 38 workers of 38 for evacuation
[2026-07-14T20:01:21.361-0600][1014.283s][info][gc,phases      ] GC(85)   Pre Evacuate Collection Set: 0.0ms
[2026-07-14T20:01:21.361-0600][1014.283s][info][gc,phases      ] GC(85)   Evacuate Collection Set: 1.1ms
[2026-07-14T20:01:21.361-0600][1014.283s][info][gc,phases      ] GC(85)   Post Evacuate Collection Set: 0.6ms
[2026-07-14T20:01:21.361-0600][1014.283s][info][gc,phases      ] GC(85)   Other: 0.4ms
[2026-07-14T20:01:21.361-0600][1014.283s][info][gc,heap        ] GC(85) Eden regions: 304->0(304)
[2026-07-14T20:01:21.361-0600][1014.283s][info][gc,heap        ] GC(85) Survivor regions: 1->1(39)
[2026-07-14T20:01:21.361-0600][1014.283s][info][gc,heap        ] GC(85) Old regions: 186->186
[2026-07-14T20:01:21.361-0600][1014.283s][info][gc,heap        ] GC(85) Humongous regions: 38->38
[2026-07-14T20:01:21.361-0600][1014.283s][info][gc,metaspace   ] GC(85) Metaspace: 37289K(39120K)->37289K(39120K) NonClass: 33142K(34384K)->33142K(34384K) Class: 4146K(4736K)->4146K(4736K)
[2026-07-14T20:01:21.361-0600][1014.283s][info][gc             ] GC(85) Pause Young (Normal) (G1 Evacuation Pause) 520M->216M(611M) 2.275ms
[2026-07-14T20:01:21.361-0600][1014.283s][info][gc,cpu         ] GC(85) User=0.02s Sys=0.01s Real=0.01s
[2026-07-14T20:03:26.817-0600][1139.739s][info][gc,start       ] GC(86) Pause Young (Normal) (G1 Evacuation Pause)
[2026-07-14T20:03:26.817-0600][1139.739s][info][gc,task        ] GC(86) Using 38 workers of 38 for evacuation
[2026-07-14T20:03:26.819-0600][1139.741s][info][gc,phases      ] GC(86)   Pre Evacuate Collection Set: 0.0ms
[2026-07-14T20:03:26.819-0600][1139.741s][info][gc,phases      ] GC(86)   Evacuate Collection Set: 0.9ms
[2026-07-14T20:03:26.819-0600][1139.741s][info][gc,phases      ] GC(86)   Post Evacuate Collection Set: 0.6ms
[2026-07-14T20:03:26.819-0600][1139.741s][info][gc,phases      ] GC(86)   Other: 0.4ms
[2026-07-14T20:03:26.819-0600][1139.741s][info][gc,heap        ] GC(86) Eden regions: 304->0(304)
[2026-07-14T20:03:26.819-0600][1139.741s][info][gc,heap        ] GC(86) Survivor regions: 1->1(39)
[2026-07-14T20:03:26.819-0600][1139.741s][info][gc,heap        ] GC(86) Old regions: 186->186
[2026-07-14T20:03:26.819-0600][1139.741s][info][gc,heap        ] GC(86) Humongous regions: 38->38
[2026-07-14T20:03:26.819-0600][1139.741s][info][gc,metaspace   ] GC(86) Metaspace: 37289K(39120K)->37289K(39120K) NonClass: 33143K(34384K)->33143K(34384K) Class: 4146K(4736K)->4146K(4736K)
[2026-07-14T20:03:26.819-0600][1139.741s][info][gc             ] GC(86) Pause Young (Normal) (G1 Evacuation Pause) 520M->216M(611M) 2.030ms
[2026-07-14T20:03:26.819-0600][1139.741s][info][gc,cpu         ] GC(86) User=0.02s Sys=0.01s Real=0.00s
[2026-07-14T20:05:31.936-0600][1264.858s][info][gc,start       ] GC(87) Pause Young (Normal) (G1 Evacuation Pause)
[2026-07-14T20:05:31.936-0600][1264.858s][info][gc,task        ] GC(87) Using 38 workers of 38 for evacuation
[2026-07-14T20:05:31.938-0600][1264.860s][info][gc,phases      ] GC(87)   Pre Evacuate Collection Set: 0.0ms
[2026-07-14T20:05:31.938-0600][1264.860s][info][gc,phases      ] GC(87)   Evacuate Collection Set: 0.9ms
[2026-07-14T20:05:31.938-0600][1264.860s][info][gc,phases      ] GC(87)   Post Evacuate Collection Set: 0.6ms
[2026-07-14T20:05:31.938-0600][1264.860s][info][gc,phases      ] GC(87)   Other: 0.3ms
[2026-07-14T20:05:31.938-0600][1264.860s][info][gc,heap        ] GC(87) Eden regions: 304->0(304)
[2026-07-14T20:05:31.938-0600][1264.860s][info][gc,heap        ] GC(87) Survivor regions: 1->1(39)
[2026-07-14T20:05:31.938-0600][1264.860s][info][gc,heap        ] GC(87) Old regions: 186->186
[2026-07-14T20:05:31.938-0600][1264.860s][info][gc,heap        ] GC(87) Humongous regions: 38->38
[2026-07-14T20:05:31.938-0600][1264.860s][info][gc,metaspace   ] GC(87) Metaspace: 37295K(39120K)->37295K(39120K) NonClass: 33148K(34384K)->33148K(34384K) Class: 4146K(4736K)->4146K(4736K)
[2026-07-14T20:05:31.938-0600][1264.860s][info][gc             ] GC(87) Pause Young (Normal) (G1 Evacuation Pause) 520M->216M(611M) 1.960ms
[2026-07-14T20:05:31.938-0600][1264.860s][info][gc,cpu         ] GC(87) User=0.01s Sys=0.01s Real=0.00s
[2026-07-14T20:07:37.376-0600][1390.298s][info][gc,start       ] GC(88) Pause Young (Normal) (G1 Evacuation Pause)
[2026-07-14T20:07:37.376-0600][1390.298s][info][gc,task        ] GC(88) Using 38 workers of 38 for evacuation
[2026-07-14T20:07:37.378-0600][1390.300s][info][gc,phases      ] GC(88)   Pre Evacuate Collection Set: 0.0ms
[2026-07-14T20:07:37.378-0600][1390.300s][info][gc,phases      ] GC(88)   Evacuate Collection Set: 1.0ms
[2026-07-14T20:07:37.378-0600][1390.300s][info][gc,phases      ] GC(88)   Post Evacuate Collection Set: 0.7ms
[2026-07-14T20:07:37.378-0600][1390.300s][info][gc,phases      ] GC(88)   Other: 0.4ms
[2026-07-14T20:07:37.378-0600][1390.300s][info][gc,heap        ] GC(88) Eden regions: 304->0(304)
[2026-07-14T20:07:37.378-0600][1390.300s][info][gc,heap        ] GC(88) Survivor regions: 1->1(39)
[2026-07-14T20:07:37.378-0600][1390.300s][info][gc,heap        ] GC(88) Old regions: 186->186
[2026-07-14T20:07:37.378-0600][1390.300s][info][gc,heap        ] GC(88) Humongous regions: 38->38
[2026-07-14T20:07:37.378-0600][1390.300s][info][gc,metaspace   ] GC(88) Metaspace: 37314K(39120K)->37314K(39120K) NonClass: 33167K(34384K)->33167K(34384K) Class: 4146K(4736K)->4146K(4736K)
[2026-07-14T20:07:37.378-0600][1390.300s][info][gc             ] GC(88) Pause Young (Normal) (G1 Evacuation Pause) 520M->216M(611M) 2.230ms
[2026-07-14T20:07:37.378-0600][1390.300s][info][gc,cpu         ] GC(88) User=0.02s Sys=0.02s Real=0.00s
[2026-07-14T20:09:43.061-0600][1515.983s][info][gc,start       ] GC(89) Pause Young (Normal) (G1 Evacuation Pause)
[2026-07-14T20:09:43.062-0600][1515.983s][info][gc,task        ] GC(89) Using 38 workers of 38 for evacuation
[2026-07-14T20:09:43.063-0600][1515.985s][info][gc,phases      ] GC(89)   Pre Evacuate Collection Set: 0.0ms
[2026-07-14T20:09:43.063-0600][1515.985s][info][gc,phases      ] GC(89)   Evacuate Collection Set: 0.9ms
[2026-07-14T20:09:43.063-0600][1515.985s][info][gc,phases      ] GC(89)   Post Evacuate Collection Set: 0.7ms
[2026-07-14T20:09:43.064-0600][1515.985s][info][gc,phases      ] GC(89)   Other: 0.4ms
[2026-07-14T20:09:43.064-0600][1515.985s][info][gc,heap        ] GC(89) Eden regions: 304->0(304)
[2026-07-14T20:09:43.064-0600][1515.985s][info][gc,heap        ] GC(89) Survivor regions: 1->1(39)
[2026-07-14T20:09:43.064-0600][1515.985s][info][gc,heap        ] GC(89) Old regions: 186->186
[2026-07-14T20:09:43.064-0600][1515.985s][info][gc,heap        ] GC(89) Humongous regions: 38->38
[2026-07-14T20:09:43.064-0600][1515.985s][info][gc,metaspace   ] GC(89) Metaspace: 37314K(39120K)->37314K(39120K) NonClass: 33168K(34384K)->33168K(34384K) Class: 4146K(4736K)->4146K(4736K)
[2026-07-14T20:09:43.064-0600][1515.985s][info][gc             ] GC(89) Pause Young (Normal) (G1 Evacuation Pause) 520M->216M(611M) 2.143ms
[2026-07-14T20:09:43.064-0600][1515.986s][info][gc,cpu         ] GC(89) User=0.03s Sys=0.00s Real=0.00s
[2026-07-14T20:11:48.737-0600][1641.659s][info][gc,start       ] GC(90) Pause Young (Normal) (G1 Evacuation Pause)
[2026-07-14T20:11:48.738-0600][1641.659s][info][gc,task        ] GC(90) Using 38 workers of 38 for evacuation
[2026-07-14T20:11:48.739-0600][1641.661s][info][gc,phases      ] GC(90)   Pre Evacuate Collection Set: 0.0ms
[2026-07-14T20:11:48.740-0600][1641.661s][info][gc,phases      ] GC(90)   Evacuate Collection Set: 1.0ms
[2026-07-14T20:11:48.740-0600][1641.661s][info][gc,phases      ] GC(90)   Post Evacuate Collection Set: 0.7ms
[2026-07-14T20:11:48.740-0600][1641.661s][info][gc,phases      ] GC(90)   Other: 0.4ms
[2026-07-14T20:11:48.740-0600][1641.661s][info][gc,heap        ] GC(90) Eden regions: 304->0(304)
[2026-07-14T20:11:48.740-0600][1641.661s][info][gc,heap        ] GC(90) Survivor regions: 1->1(39)
[2026-07-14T20:11:48.740-0600][1641.661s][info][gc,heap        ] GC(90) Old regions: 186->186
[2026-07-14T20:11:48.740-0600][1641.661s][info][gc,heap        ] GC(90) Humongous regions: 38->38
[2026-07-14T20:11:48.740-0600][1641.661s][info][gc,metaspace   ] GC(90) Metaspace: 37315K(39120K)->37315K(39120K) NonClass: 33168K(34384K)->33168K(34384K) Class: 4146K(4736K)->4146K(4736K)
[2026-07-14T20:11:48.740-0600][1641.662s][info][gc             ] GC(90) Pause Young (Normal) (G1 Evacuation Pause) 520M->216M(611M) 2.191ms
[2026-07-14T20:11:48.740-0600][1641.662s][info][gc,cpu         ] GC(90) User=0.02s Sys=0.01s Real=0.01s
[2026-07-14T20:13:54.020-0600][1766.942s][info][gc,start       ] GC(91) Pause Young (Normal) (G1 Evacuation Pause)
[2026-07-14T20:13:54.020-0600][1766.942s][info][gc,task        ] GC(91) Using 38 workers of 38 for evacuation
[2026-07-14T20:13:54.022-0600][1766.944s][info][gc,phases      ] GC(91)   Pre Evacuate Collection Set: 0.0ms
[2026-07-14T20:13:54.022-0600][1766.944s][info][gc,phases      ] GC(91)   Evacuate Collection Set: 0.9ms
[2026-07-14T20:13:54.022-0600][1766.944s][info][gc,phases      ] GC(91)   Post Evacuate Collection Set: 0.6ms
[2026-07-14T20:13:54.022-0600][1766.944s][info][gc,phases      ] GC(91)   Other: 0.4ms
[2026-07-14T20:13:54.022-0600][1766.944s][info][gc,heap        ] GC(91) Eden regions: 304->0(304)
[2026-07-14T20:13:54.022-0600][1766.944s][info][gc,heap        ] GC(91) Survivor regions: 1->1(39)
[2026-07-14T20:13:54.022-0600][1766.944s][info][gc,heap        ] GC(91) Old regions: 186->186
[2026-07-14T20:13:54.022-0600][1766.944s][info][gc,heap        ] GC(91) Humongous regions: 38->38
[2026-07-14T20:13:54.022-0600][1766.944s][info][gc,metaspace   ] GC(91) Metaspace: 37317K(39376K)->37317K(39376K) NonClass: 33170K(34640K)->33170K(34640K) Class: 4146K(4736K)->4146K(4736K)
[2026-07-14T20:13:54.022-0600][1766.944s][info][gc             ] GC(91) Pause Young (Normal) (G1 Evacuation Pause) 520M->216M(611M) 2.040ms
[2026-07-14T20:13:54.022-0600][1766.944s][info][gc,cpu         ] GC(91) User=0.01s Sys=0.01s Real=0.00s
[2026-07-14T20:15:58.814-0600][1891.736s][info][gc,start       ] GC(92) Pause Young (Normal) (G1 Evacuation Pause)
[2026-07-14T20:15:58.814-0600][1891.736s][info][gc,task        ] GC(92) Using 38 workers of 38 for evacuation
[2026-07-14T20:15:58.816-0600][1891.738s][info][gc,phases      ] GC(92)   Pre Evacuate Collection Set: 0.0ms
[2026-07-14T20:15:58.816-0600][1891.738s][info][gc,phases      ] GC(92)   Evacuate Collection Set: 1.1ms
[2026-07-14T20:15:58.816-0600][1891.738s][info][gc,phases      ] GC(92)   Post Evacuate Collection Set: 0.6ms
[2026-07-14T20:15:58.816-0600][1891.738s][info][gc,phases      ] GC(92)   Other: 0.4ms
[2026-07-14T20:15:58.816-0600][1891.738s][info][gc,heap        ] GC(92) Eden regions: 304->0(304)
[2026-07-14T20:15:58.816-0600][1891.738s][info][gc,heap        ] GC(92) Survivor regions: 1->1(39)
[2026-07-14T20:15:58.816-0600][1891.738s][info][gc,heap        ] GC(92) Old regions: 186->186
[2026-07-14T20:15:58.816-0600][1891.738s][info][gc,heap        ] GC(92) Humongous regions: 38->38
[2026-07-14T20:15:58.816-0600][1891.738s][info][gc,metaspace   ] GC(92) Metaspace: 37333K(39376K)->37333K(39376K) NonClass: 33186K(34640K)->33186K(34640K) Class: 4147K(4736K)->4147K(4736K)
[2026-07-14T20:15:58.816-0600][1891.738s][info][gc             ] GC(92) Pause Young (Normal) (G1 Evacuation Pause) 520M->216M(611M) 2.157ms
[2026-07-14T20:15:58.816-0600][1891.738s][info][gc,cpu         ] GC(92) User=0.02s Sys=0.01s Real=0.00s
[2026-07-14T20:18:03.949-0600][2016.871s][info][gc,start       ] GC(93) Pause Young (Normal) (G1 Evacuation Pause)
[2026-07-14T20:18:03.949-0600][2016.871s][info][gc,task        ] GC(93) Using 38 workers of 38 for evacuation
[2026-07-14T20:18:03.951-0600][2016.873s][info][gc,phases      ] GC(93)   Pre Evacuate Collection Set: 0.0ms
[2026-07-14T20:18:03.951-0600][2016.873s][info][gc,phases      ] GC(93)   Evacuate Collection Set: 1.1ms
[2026-07-14T20:18:03.951-0600][2016.873s][info][gc,phases      ] GC(93)   Post Evacuate Collection Set: 0.7ms
[2026-07-14T20:18:03.951-0600][2016.873s][info][gc,phases      ] GC(93)   Other: 0.4ms
[2026-07-14T20:18:03.951-0600][2016.873s][info][gc,heap        ] GC(93) Eden regions: 304->0(304)
[2026-07-14T20:18:03.951-0600][2016.873s][info][gc,heap        ] GC(93) Survivor regions: 1->1(39)
[2026-07-14T20:18:03.951-0600][2016.873s][info][gc,heap        ] GC(93) Old regions: 186->186
[2026-07-14T20:18:03.951-0600][2016.873s][info][gc,heap        ] GC(93) Humongous regions: 38->38
[2026-07-14T20:18:03.951-0600][2016.873s][info][gc,metaspace   ] GC(93) Metaspace: 37359K(39376K)->37359K(39376K) NonClass: 33212K(34640K)->33212K(34640K) Class: 4147K(4736K)->4147K(4736K)
[2026-07-14T20:18:03.951-0600][2016.873s][info][gc             ] GC(93) Pause Young (Normal) (G1 Evacuation Pause) 520M->216M(611M) 2.318ms
[2026-07-14T20:18:03.951-0600][2016.873s][info][gc,cpu         ] GC(93) User=0.02s Sys=0.02s Real=0.00s
[2026-07-14T20:20:09.610-0600][2142.532s][info][gc,start       ] GC(94) Pause Young (Normal) (G1 Evacuation Pause)
[2026-07-14T20:20:09.610-0600][2142.532s][info][gc,task        ] GC(94) Using 38 workers of 38 for evacuation
[2026-07-14T20:20:09.613-0600][2142.535s][info][gc,phases      ] GC(94)   Pre Evacuate Collection Set: 0.0ms
[2026-07-14T20:20:09.613-0600][2142.535s][info][gc,phases      ] GC(94)   Evacuate Collection Set: 2.1ms
[2026-07-14T20:20:09.613-0600][2142.535s][info][gc,phases      ] GC(94)   Post Evacuate Collection Set: 0.6ms
[2026-07-14T20:20:09.613-0600][2142.535s][info][gc,phases      ] GC(94)   Other: 0.4ms
[2026-07-14T20:20:09.613-0600][2142.535s][info][gc,heap        ] GC(94) Eden regions: 304->0(304)
[2026-07-14T20:20:09.613-0600][2142.535s][info][gc,heap        ] GC(94) Survivor regions: 1->1(39)
[2026-07-14T20:20:09.613-0600][2142.535s][info][gc,heap        ] GC(94) Old regions: 186->187
[2026-07-14T20:20:09.613-0600][2142.535s][info][gc,heap        ] GC(94) Humongous regions: 38->38
[2026-07-14T20:20:09.613-0600][2142.535s][info][gc,metaspace   ] GC(94) Metaspace: 37359K(39376K)->37359K(39376K) NonClass: 33212K(34640K)->33212K(34640K) Class: 4147K(4736K)->4147K(4736K)
[2026-07-14T20:20:09.613-0600][2142.535s][info][gc             ] GC(94) Pause Young (Normal) (G1 Evacuation Pause) 520M->216M(611M) 3.242ms
[2026-07-14T20:20:09.613-0600][2142.535s][info][gc,cpu         ] GC(94) User=0.07s Sys=0.00s Real=0.01s
[2026-07-14T20:22:15.234-0600][2268.155s][info][gc,start       ] GC(95) Pause Young (Normal) (G1 Evacuation Pause)
[2026-07-14T20:22:15.234-0600][2268.155s][info][gc,task        ] GC(95) Using 38 workers of 38 for evacuation
[2026-07-14T20:22:15.236-0600][2268.157s][info][gc,phases      ] GC(95)   Pre Evacuate Collection Set: 0.0ms
[2026-07-14T20:22:15.236-0600][2268.157s][info][gc,phases      ] GC(95)   Evacuate Collection Set: 1.0ms
[2026-07-14T20:22:15.236-0600][2268.157s][info][gc,phases      ] GC(95)   Post Evacuate Collection Set: 0.7ms
[2026-07-14T20:22:15.236-0600][2268.157s][info][gc,phases      ] GC(95)   Other: 0.4ms
[2026-07-14T20:22:15.236-0600][2268.157s][info][gc,heap        ] GC(95) Eden regions: 304->0(304)
[2026-07-14T20:22:15.236-0600][2268.157s][info][gc,heap        ] GC(95) Survivor regions: 1->1(39)
[2026-07-14T20:22:15.236-0600][2268.157s][info][gc,heap        ] GC(95) Old regions: 187->187
[2026-07-14T20:22:15.236-0600][2268.157s][info][gc,heap        ] GC(95) Humongous regions: 38->38
[2026-07-14T20:22:15.236-0600][2268.157s][info][gc,metaspace   ] GC(95) Metaspace: 37359K(39376K)->37359K(39376K) NonClass: 33212K(34640K)->33212K(34640K) Class: 4147K(4736K)->4147K(4736K)
[2026-07-14T20:22:15.236-0600][2268.158s][info][gc             ] GC(95) Pause Young (Normal) (G1 Evacuation Pause) 520M->216M(611M) 2.166ms
[2026-07-14T20:22:15.236-0600][2268.158s][info][gc,cpu         ] GC(95) User=0.02s Sys=0.01s Real=0.00s
[2026-07-14T20:24:20.949-0600][2393.871s][info][gc,start       ] GC(96) Pause Young (Normal) (G1 Evacuation Pause)
[2026-07-14T20:24:20.949-0600][2393.871s][info][gc,task        ] GC(96) Using 38 workers of 38 for evacuation
[2026-07-14T20:24:20.951-0600][2393.872s][info][gc,phases      ] GC(96)   Pre Evacuate Collection Set: 0.0ms
[2026-07-14T20:24:20.951-0600][2393.872s][info][gc,phases      ] GC(96)   Evacuate Collection Set: 0.7ms
[2026-07-14T20:24:20.951-0600][2393.872s][info][gc,phases      ] GC(96)   Post Evacuate Collection Set: 0.9ms
[2026-07-14T20:24:20.951-0600][2393.872s][info][gc,phases      ] GC(96)   Other: 0.4ms
[2026-07-14T20:24:20.951-0600][2393.872s][info][gc,heap        ] GC(96) Eden regions: 304->0(304)
[2026-07-14T20:24:20.951-0600][2393.873s][info][gc,heap        ] GC(96) Survivor regions: 1->1(39)
[2026-07-14T20:24:20.951-0600][2393.873s][info][gc,heap        ] GC(96) Old regions: 187->187
[2026-07-14T20:24:20.951-0600][2393.873s][info][gc,heap        ] GC(96) Humongous regions: 38->38
[2026-07-14T20:24:20.951-0600][2393.873s][info][gc,metaspace   ] GC(96) Metaspace: 37361K(39376K)->37361K(39376K) NonClass: 33213K(34640K)->33213K(34640K) Class: 4147K(4736K)->4147K(4736K)
[2026-07-14T20:24:20.951-0600][2393.873s][info][gc             ] GC(96) Pause Young (Normal) (G1 Evacuation Pause) 520M->216M(611M) 2.065ms
[2026-07-14T20:24:20.951-0600][2393.873s][info][gc,cpu         ] GC(96) User=0.01s Sys=0.01s Real=0.00s
[2026-07-14T20:26:26.643-0600][2519.564s][info][gc,start       ] GC(97) Pause Young (Normal) (G1 Evacuation Pause)
[2026-07-14T20:26:26.643-0600][2519.564s][info][gc,task        ] GC(97) Using 38 workers of 38 for evacuation
[2026-07-14T20:26:26.645-0600][2519.566s][info][gc,phases      ] GC(97)   Pre Evacuate Collection Set: 0.0ms
[2026-07-14T20:26:26.645-0600][2519.566s][info][gc,phases      ] GC(97)   Evacuate Collection Set: 0.7ms
[2026-07-14T20:26:26.645-0600][2519.566s][info][gc,phases      ] GC(97)   Post Evacuate Collection Set: 0.9ms
[2026-07-14T20:26:26.645-0600][2519.566s][info][gc,phases      ] GC(97)   Other: 0.4ms
[2026-07-14T20:26:26.645-0600][2519.566s][info][gc,heap        ] GC(97) Eden regions: 304->0(304)
[2026-07-14T20:26:26.645-0600][2519.567s][info][gc,heap        ] GC(97) Survivor regions: 1->1(39)
[2026-07-14T20:26:26.645-0600][2519.567s][info][gc,heap        ] GC(97) Old regions: 187->187
[2026-07-14T20:26:26.645-0600][2519.567s][info][gc,heap        ] GC(97) Humongous regions: 38->38
[2026-07-14T20:26:26.645-0600][2519.567s][info][gc,metaspace   ] GC(97) Metaspace: 37361K(39376K)->37361K(39376K) NonClass: 33213K(34640K)->33213K(34640K) Class: 4147K(4736K)->4147K(4736K)
[2026-07-14T20:26:26.645-0600][2519.567s][info][gc             ] GC(97) Pause Young (Normal) (G1 Evacuation Pause) 520M->216M(611M) 2.165ms
[2026-07-14T20:26:26.645-0600][2519.567s][info][gc,cpu         ] GC(97) User=0.02s Sys=0.00s Real=0.00s
[2026-07-14T20:28:31.772-0600][2644.694s][info][gc,start       ] GC(98) Pause Young (Normal) (G1 Evacuation Pause)
[2026-07-14T20:28:31.772-0600][2644.694s][info][gc,task        ] GC(98) Using 38 workers of 38 for evacuation
[2026-07-14T20:28:31.774-0600][2644.696s][info][gc,phases      ] GC(98)   Pre Evacuate Collection Set: 0.0ms
[2026-07-14T20:28:31.774-0600][2644.696s][info][gc,phases      ] GC(98)   Evacuate Collection Set: 1.0ms
[2026-07-14T20:28:31.774-0600][2644.696s][info][gc,phases      ] GC(98)   Post Evacuate Collection Set: 0.6ms
[2026-07-14T20:28:31.774-0600][2644.696s][info][gc,phases      ] GC(98)   Other: 0.4ms
[2026-07-14T20:28:31.774-0600][2644.696s][info][gc,heap        ] GC(98) Eden regions: 304->0(304)
[2026-07-14T20:28:31.774-0600][2644.696s][info][gc,heap        ] GC(98) Survivor regions: 1->1(39)
[2026-07-14T20:28:31.774-0600][2644.696s][info][gc,heap        ] GC(98) Old regions: 187->187
[2026-07-14T20:28:31.774-0600][2644.696s][info][gc,heap        ] GC(98) Humongous regions: 38->38
[2026-07-14T20:28:31.774-0600][2644.696s][info][gc,metaspace   ] GC(98) Metaspace: 37452K(39376K)->37452K(39376K) NonClass: 33305K(34640K)->33305K(34640K) Class: 4147K(4736K)->4147K(4736K)
[2026-07-14T20:28:31.774-0600][2644.696s][info][gc             ] GC(98) Pause Young (Normal) (G1 Evacuation Pause) 520M->216M(611M) 2.032ms
[2026-07-14T20:28:31.774-0600][2644.696s][info][gc,cpu         ] GC(98) User=0.01s Sys=0.02s Real=0.00s
[2026-07-14T20:30:37.174-0600][2770.096s][info][gc,start       ] GC(99) Pause Young (Normal) (G1 Evacuation Pause)
[2026-07-14T20:30:37.174-0600][2770.096s][info][gc,task        ] GC(99) Using 38 workers of 38 for evacuation
[2026-07-14T20:30:37.176-0600][2770.097s][info][gc,phases      ] GC(99)   Pre Evacuate Collection Set: 0.0ms
[2026-07-14T20:30:37.176-0600][2770.097s][info][gc,phases      ] GC(99)   Evacuate Collection Set: 0.7ms
[2026-07-14T20:30:37.176-0600][2770.097s][info][gc,phases      ] GC(99)   Post Evacuate Collection Set: 0.6ms
[2026-07-14T20:30:37.176-0600][2770.097s][info][gc,phases      ] GC(99)   Other: 0.4ms
[2026-07-14T20:30:37.176-0600][2770.098s][info][gc,heap        ] GC(99) Eden regions: 304->0(304)
[2026-07-14T20:30:37.176-0600][2770.098s][info][gc,heap        ] GC(99) Survivor regions: 1->1(39)
[2026-07-14T20:30:37.176-0600][2770.098s][info][gc,heap        ] GC(99) Old regions: 187->187
[2026-07-14T20:30:37.176-0600][2770.098s][info][gc,heap        ] GC(99) Humongous regions: 38->38
[2026-07-14T20:30:37.176-0600][2770.098s][info][gc,metaspace   ] GC(99) Metaspace: 37452K(39376K)->37452K(39376K) NonClass: 33305K(34640K)->33305K(34640K) Class: 4147K(4736K)->4147K(4736K)
[2026-07-14T20:30:37.176-0600][2770.098s][info][gc             ] GC(99) Pause Young (Normal) (G1 Evacuation Pause) 520M->216M(611M) 1.858ms
[2026-07-14T20:30:37.176-0600][2770.098s][info][gc,cpu         ] GC(99) User=0.01s Sys=0.01s Real=0.00s
[2026-07-14T20:32:42.822-0600][2895.743s][info][gc,start       ] GC(100) Pause Young (Normal) (G1 Evacuation Pause)
[2026-07-14T20:32:42.822-0600][2895.744s][info][gc,task        ] GC(100) Using 38 workers of 38 for evacuation
[2026-07-14T20:32:42.824-0600][2895.745s][info][gc,phases      ] GC(100)   Pre Evacuate Collection Set: 0.0ms
[2026-07-14T20:32:42.824-0600][2895.745s][info][gc,phases      ] GC(100)   Evacuate Collection Set: 0.9ms
[2026-07-14T20:32:42.824-0600][2895.745s][info][gc,phases      ] GC(100)   Post Evacuate Collection Set: 0.6ms
[2026-07-14T20:32:42.824-0600][2895.745s][info][gc,phases      ] GC(100)   Other: 0.3ms
[2026-07-14T20:32:42.824-0600][2895.745s][info][gc,heap        ] GC(100) Eden regions: 304->0(304)
[2026-07-14T20:32:42.824-0600][2895.745s][info][gc,heap        ] GC(100) Survivor regions: 1->1(39)
[2026-07-14T20:32:42.824-0600][2895.745s][info][gc,heap        ] GC(100) Old regions: 187->187
[2026-07-14T20:32:42.824-0600][2895.745s][info][gc,heap        ] GC(100) Humongous regions: 38->38
[2026-07-14T20:32:42.824-0600][2895.745s][info][gc,metaspace   ] GC(100) Metaspace: 37452K(39376K)->37452K(39376K) NonClass: 33305K(34640K)->33305K(34640K) Class: 4147K(4736K)->4147K(4736K)
[2026-07-14T20:32:42.824-0600][2895.746s][info][gc             ] GC(100) Pause Young (Normal) (G1 Evacuation Pause) 520M->216M(611M) 2.028ms
[2026-07-14T20:32:42.824-0600][2895.746s][info][gc,cpu         ] GC(100) User=0.01s Sys=0.01s Real=0.00s
[2026-07-14T20:34:48.598-0600][3021.519s][info][gc,start       ] GC(101) Pause Young (Normal) (G1 Evacuation Pause)
[2026-07-14T20:34:48.598-0600][3021.520s][info][gc,task        ] GC(101) Using 38 workers of 38 for evacuation
[2026-07-14T20:34:48.599-0600][3021.521s][info][gc,phases      ] GC(101)   Pre Evacuate Collection Set: 0.0ms
[2026-07-14T20:34:48.599-0600][3021.521s][info][gc,phases      ] GC(101)   Evacuate Collection Set: 0.8ms
[2026-07-14T20:34:48.599-0600][3021.521s][info][gc,phases      ] GC(101)   Post Evacuate Collection Set: 0.6ms
[2026-07-14T20:34:48.599-0600][3021.521s][info][gc,phases      ] GC(101)   Other: 0.3ms
[2026-07-14T20:34:48.599-0600][3021.521s][info][gc,heap        ] GC(101) Eden regions: 304->0(304)
[2026-07-14T20:34:48.599-0600][3021.521s][info][gc,heap        ] GC(101) Survivor regions: 1->1(39)
[2026-07-14T20:34:48.599-0600][3021.521s][info][gc,heap        ] GC(101) Old regions: 187->187
[2026-07-14T20:34:48.599-0600][3021.521s][info][gc,heap        ] GC(101) Humongous regions: 38->38
[2026-07-14T20:34:48.599-0600][3021.521s][info][gc,metaspace   ] GC(101) Metaspace: 37459K(39376K)->37459K(39376K) NonClass: 33311K(34640K)->33311K(34640K) Class: 4147K(4736K)->4147K(4736K)
[2026-07-14T20:34:48.599-0600][3021.521s][info][gc             ] GC(101) Pause Young (Normal) (G1 Evacuation Pause) 520M->216M(611M) 1.855ms
[2026-07-14T20:34:48.600-0600][3021.521s][info][gc,cpu         ] GC(101) User=0.01s Sys=0.01s Real=0.01s
[2026-07-14T20:36:54.113-0600][3147.035s][info][gc,start       ] GC(102) Pause Young (Normal) (G1 Evacuation Pause)
[2026-07-14T20:36:54.113-0600][3147.035s][info][gc,task        ] GC(102) Using 38 workers of 38 for evacuation
[2026-07-14T20:36:54.115-0600][3147.037s][info][gc,phases      ] GC(102)   Pre Evacuate Collection Set: 0.0ms
[2026-07-14T20:36:54.115-0600][3147.037s][info][gc,phases      ] GC(102)   Evacuate Collection Set: 1.1ms
[2026-07-14T20:36:54.115-0600][3147.037s][info][gc,phases      ] GC(102)   Post Evacuate Collection Set: 0.6ms
[2026-07-14T20:36:54.115-0600][3147.037s][info][gc,phases      ] GC(102)   Other: 0.3ms
[2026-07-14T20:36:54.115-0600][3147.037s][info][gc,heap        ] GC(102) Eden regions: 304->0(304)
[2026-07-14T20:36:54.115-0600][3147.037s][info][gc,heap        ] GC(102) Survivor regions: 1->1(39)
[2026-07-14T20:36:54.115-0600][3147.037s][info][gc,heap        ] GC(102) Old regions: 187->187
[2026-07-14T20:36:54.115-0600][3147.037s][info][gc,heap        ] GC(102) Humongous regions: 38->38
[2026-07-14T20:36:54.116-0600][3147.037s][info][gc,metaspace   ] GC(102) Metaspace: 37460K(39376K)->37460K(39376K) NonClass: 33312K(34640K)->33312K(34640K) Class: 4147K(4736K)->4147K(4736K)
[2026-07-14T20:36:54.116-0600][3147.037s][info][gc             ] GC(102) Pause Young (Normal) (G1 Evacuation Pause) 520M->216M(611M) 2.188ms
[2026-07-14T20:36:54.116-0600][3147.037s][info][gc,cpu         ] GC(102) User=0.02s Sys=0.02s Real=0.00s
[2026-07-14T20:38:59.365-0600][3272.287s][info][gc,start       ] GC(103) Pause Young (Normal) (G1 Evacuation Pause)
[2026-07-14T20:38:59.365-0600][3272.287s][info][gc,task        ] GC(103) Using 38 workers of 38 for evacuation
[2026-07-14T20:38:59.367-0600][3272.289s][info][gc,phases      ] GC(103)   Pre Evacuate Collection Set: 0.0ms
[2026-07-14T20:38:59.367-0600][3272.289s][info][gc,phases      ] GC(103)   Evacuate Collection Set: 0.6ms
[2026-07-14T20:38:59.367-0600][3272.289s][info][gc,phases      ] GC(103)   Post Evacuate Collection Set: 0.6ms
[2026-07-14T20:38:59.367-0600][3272.289s][info][gc,phases      ] GC(103)   Other: 0.4ms
[2026-07-14T20:38:59.367-0600][3272.289s][info][gc,heap        ] GC(103) Eden regions: 304->0(304)
[2026-07-14T20:38:59.367-0600][3272.289s][info][gc,heap        ] GC(103) Survivor regions: 1->1(39)
[2026-07-14T20:38:59.367-0600][3272.289s][info][gc,heap        ] GC(103) Old regions: 187->187
[2026-07-14T20:38:59.367-0600][3272.289s][info][gc,heap        ] GC(103) Humongous regions: 38->38
[2026-07-14T20:38:59.367-0600][3272.289s][info][gc,metaspace   ] GC(103) Metaspace: 37475K(39376K)->37475K(39376K) NonClass: 33328K(34640K)->33328K(34640K) Class: 4147K(4736K)->4147K(4736K)
[2026-07-14T20:38:59.367-0600][3272.289s][info][gc             ] GC(103) Pause Young (Normal) (G1 Evacuation Pause) 520M->216M(611M) 1.701ms
[2026-07-14T20:38:59.367-0600][3272.289s][info][gc,cpu         ] GC(103) User=0.01s Sys=0.01s Real=0.00s
[2026-07-14T20:41:05.086-0600][3398.008s][info][gc,start       ] GC(104) Pause Young (Normal) (G1 Evacuation Pause)
[2026-07-14T20:41:05.086-0600][3398.008s][info][gc,task        ] GC(104) Using 38 workers of 38 for evacuation
[2026-07-14T20:41:05.088-0600][3398.009s][info][gc,phases      ] GC(104)   Pre Evacuate Collection Set: 0.0ms
[2026-07-14T20:41:05.088-0600][3398.009s][info][gc,phases      ] GC(104)   Evacuate Collection Set: 0.7ms
[2026-07-14T20:41:05.088-0600][3398.009s][info][gc,phases      ] GC(104)   Post Evacuate Collection Set: 0.6ms
[2026-07-14T20:41:05.088-0600][3398.009s][info][gc,phases      ] GC(104)   Other: 0.4ms
[2026-07-14T20:41:05.088-0600][3398.010s][info][gc,heap        ] GC(104) Eden regions: 304->0(304)
[2026-07-14T20:41:05.088-0600][3398.010s][info][gc,heap        ] GC(104) Survivor regions: 1->1(39)
[2026-07-14T20:41:05.088-0600][3398.010s][info][gc,heap        ] GC(104) Old regions: 187->187
[2026-07-14T20:41:05.088-0600][3398.010s][info][gc,heap        ] GC(104) Humongous regions: 38->38
[2026-07-14T20:41:05.088-0600][3398.010s][info][gc,metaspace   ] GC(104) Metaspace: 37475K(39376K)->37475K(39376K) NonClass: 33328K(34640K)->33328K(34640K) Class: 4147K(4736K)->4147K(4736K)
[2026-07-14T20:41:05.088-0600][3398.010s][info][gc             ] GC(104) Pause Young (Normal) (G1 Evacuation Pause) 520M->216M(611M) 1.823ms
[2026-07-14T20:41:05.088-0600][3398.010s][info][gc,cpu         ] GC(104) User=0.02s Sys=0.00s Real=0.00s
[2026-07-14T20:43:10.861-0600][3523.783s][info][gc,start       ] GC(105) Pause Young (Normal) (G1 Evacuation Pause)
[2026-07-14T20:43:10.861-0600][3523.783s][info][gc,task        ] GC(105) Using 38 workers of 38 for evacuation
[2026-07-14T20:43:10.863-0600][3523.784s][info][gc,phases      ] GC(105)   Pre Evacuate Collection Set: 0.0ms
[2026-07-14T20:43:10.863-0600][3523.785s][info][gc,phases      ] GC(105)   Evacuate Collection Set: 0.7ms
[2026-07-14T20:43:10.863-0600][3523.785s][info][gc,phases      ] GC(105)   Post Evacuate Collection Set: 0.6ms
[2026-07-14T20:43:10.863-0600][3523.785s][info][gc,phases      ] GC(105)   Other: 0.4ms
[2026-07-14T20:43:10.863-0600][3523.785s][info][gc,heap        ] GC(105) Eden regions: 304->0(304)
[2026-07-14T20:43:10.863-0600][3523.785s][info][gc,heap        ] GC(105) Survivor regions: 1->1(39)
[2026-07-14T20:43:10.863-0600][3523.785s][info][gc,heap        ] GC(105) Old regions: 187->187
[2026-07-14T20:43:10.863-0600][3523.785s][info][gc,heap        ] GC(105) Humongous regions: 38->38
[2026-07-14T20:43:10.863-0600][3523.785s][info][gc,metaspace   ] GC(105) Metaspace: 37475K(39376K)->37475K(39376K) NonClass: 33328K(34640K)->33328K(34640K) Class: 4147K(4736K)->4147K(4736K)
[2026-07-14T20:43:10.863-0600][3523.785s][info][gc             ] GC(105) Pause Young (Normal) (G1 Evacuation Pause) 520M->216M(611M) 1.838ms
[2026-07-14T20:43:10.863-0600][3523.785s][info][gc,cpu         ] GC(105) User=0.01s Sys=0.01s Real=0.00s
[2026-07-14T20:45:16.439-0600][3649.361s][info][gc,start       ] GC(106) Pause Young (Normal) (G1 Evacuation Pause)
[2026-07-14T20:45:16.439-0600][3649.361s][info][gc,task        ] GC(106) Using 38 workers of 38 for evacuation
[2026-07-14T20:45:16.441-0600][3649.363s][info][gc,phases      ] GC(106)   Pre Evacuate Collection Set: 0.0ms
[2026-07-14T20:45:16.441-0600][3649.363s][info][gc,phases      ] GC(106)   Evacuate Collection Set: 0.7ms
[2026-07-14T20:45:16.441-0600][3649.363s][info][gc,phases      ] GC(106)   Post Evacuate Collection Set: 0.5ms
[2026-07-14T20:45:16.441-0600][3649.363s][info][gc,phases      ] GC(106)   Other: 0.4ms
[2026-07-14T20:45:16.441-0600][3649.363s][info][gc,heap        ] GC(106) Eden regions: 304->0(304)
[2026-07-14T20:45:16.441-0600][3649.363s][info][gc,heap        ] GC(106) Survivor regions: 1->1(39)
[2026-07-14T20:45:16.441-0600][3649.363s][info][gc,heap        ] GC(106) Old regions: 187->187
[2026-07-14T20:45:16.441-0600][3649.363s][info][gc,heap        ] GC(106) Humongous regions: 38->38
[2026-07-14T20:45:16.441-0600][3649.363s][info][gc,metaspace   ] GC(106) Metaspace: 37475K(39376K)->37475K(39376K) NonClass: 33328K(34640K)->33328K(34640K) Class: 4147K(4736K)->4147K(4736K)
[2026-07-14T20:45:16.441-0600][3649.363s][info][gc             ] GC(106) Pause Young (Normal) (G1 Evacuation Pause) 520M->216M(611M) 1.718ms
[2026-07-14T20:45:16.441-0600][3649.363s][info][gc,cpu         ] GC(106) User=0.00s Sys=0.01s Real=0.00s
[2026-07-14T20:47:21.921-0600][3774.843s][info][gc,start       ] GC(107) Pause Young (Normal) (G1 Evacuation Pause)
[2026-07-14T20:47:21.921-0600][3774.843s][info][gc,task        ] GC(107) Using 38 workers of 38 for evacuation
[2026-07-14T20:47:21.923-0600][3774.845s][info][gc,phases      ] GC(107)   Pre Evacuate Collection Set: 0.0ms
[2026-07-14T20:47:21.923-0600][3774.845s][info][gc,phases      ] GC(107)   Evacuate Collection Set: 0.7ms
[2026-07-14T20:47:21.923-0600][3774.845s][info][gc,phases      ] GC(107)   Post Evacuate Collection Set: 0.6ms
[2026-07-14T20:47:21.923-0600][3774.845s][info][gc,phases      ] GC(107)   Other: 0.3ms
[2026-07-14T20:47:21.923-0600][3774.845s][info][gc,heap        ] GC(107) Eden regions: 304->0(304)
[2026-07-14T20:47:21.923-0600][3774.845s][info][gc,heap        ] GC(107) Survivor regions: 1->1(39)
[2026-07-14T20:47:21.923-0600][3774.845s][info][gc,heap        ] GC(107) Old regions: 187->187
[2026-07-14T20:47:21.923-0600][3774.845s][info][gc,heap        ] GC(107) Humongous regions: 38->38
[2026-07-14T20:47:21.923-0600][3774.845s][info][gc,metaspace   ] GC(107) Metaspace: 37475K(39376K)->37475K(39376K) NonClass: 33328K(34640K)->33328K(34640K) Class: 4147K(4736K)->4147K(4736K)
[2026-07-14T20:47:21.923-0600][3774.845s][info][gc             ] GC(107) Pause Young (Normal) (G1 Evacuation Pause) 520M->216M(611M) 1.732ms
[2026-07-14T20:47:21.923-0600][3774.845s][info][gc,cpu         ] GC(107) User=0.01s Sys=0.01s Real=0.00s
[2026-07-14T20:49:27.514-0600][3900.436s][info][gc,start       ] GC(108) Pause Young (Normal) (G1 Evacuation Pause)
[2026-07-14T20:49:27.514-0600][3900.436s][info][gc,task        ] GC(108) Using 38 workers of 38 for evacuation
[2026-07-14T20:49:27.516-0600][3900.438s][info][gc,phases      ] GC(108)   Pre Evacuate Collection Set: 0.0ms
[2026-07-14T20:49:27.516-0600][3900.438s][info][gc,phases      ] GC(108)   Evacuate Collection Set: 0.7ms
[2026-07-14T20:49:27.516-0600][3900.438s][info][gc,phases      ] GC(108)   Post Evacuate Collection Set: 0.5ms
[2026-07-14T20:49:27.516-0600][3900.438s][info][gc,phases      ] GC(108)   Other: 0.3ms
[2026-07-14T20:49:27.516-0600][3900.438s][info][gc,heap        ] GC(108) Eden regions: 304->0(304)
[2026-07-14T20:49:27.516-0600][3900.438s][info][gc,heap        ] GC(108) Survivor regions: 1->1(39)
[2026-07-14T20:49:27.516-0600][3900.438s][info][gc,heap        ] GC(108) Old regions: 187->187
[2026-07-14T20:49:27.516-0600][3900.438s][info][gc,heap        ] GC(108) Humongous regions: 38->38
[2026-07-14T20:49:27.516-0600][3900.438s][info][gc,metaspace   ] GC(108) Metaspace: 37479K(39376K)->37479K(39376K) NonClass: 33332K(34640K)->33332K(34640K) Class: 4147K(4736K)->4147K(4736K)
[2026-07-14T20:49:27.516-0600][3900.438s][info][gc             ] GC(108) Pause Young (Normal) (G1 Evacuation Pause) 520M->216M(611M) 1.716ms
[2026-07-14T20:49:27.516-0600][3900.438s][info][gc,cpu         ] GC(108) User=0.02s Sys=0.00s Real=0.00s
[2026-07-14T20:51:32.754-0600][4025.676s][info][gc,start       ] GC(109) Pause Young (Normal) (G1 Evacuation Pause)
[2026-07-14T20:51:32.754-0600][4025.676s][info][gc,task        ] GC(109) Using 38 workers of 38 for evacuation
[2026-07-14T20:51:32.755-0600][4025.677s][info][gc,phases      ] GC(109)   Pre Evacuate Collection Set: 0.0ms
[2026-07-14T20:51:32.755-0600][4025.677s][info][gc,phases      ] GC(109)   Evacuate Collection Set: 0.8ms
[2026-07-14T20:51:32.755-0600][4025.677s][info][gc,phases      ] GC(109)   Post Evacuate Collection Set: 0.6ms
[2026-07-14T20:51:32.755-0600][4025.677s][info][gc,phases      ] GC(109)   Other: 0.3ms
[2026-07-14T20:51:32.755-0600][4025.677s][info][gc,heap        ] GC(109) Eden regions: 304->0(304)
[2026-07-14T20:51:32.755-0600][4025.677s][info][gc,heap        ] GC(109) Survivor regions: 1->1(39)
[2026-07-14T20:51:32.756-0600][4025.677s][info][gc,heap        ] GC(109) Old regions: 187->187
[2026-07-14T20:51:32.756-0600][4025.677s][info][gc,heap        ] GC(109) Humongous regions: 38->38
[2026-07-14T20:51:32.756-0600][4025.677s][info][gc,metaspace   ] GC(109) Metaspace: 37480K(39376K)->37480K(39376K) NonClass: 33333K(34640K)->33333K(34640K) Class: 4147K(4736K)->4147K(4736K)
[2026-07-14T20:51:32.756-0600][4025.677s][info][gc             ] GC(109) Pause Young (Normal) (G1 Evacuation Pause) 520M->216M(611M) 1.878ms
[2026-07-14T20:51:32.756-0600][4025.677s][info][gc,cpu         ] GC(109) User=0.02s Sys=0.00s Real=0.00s
[2026-07-14T20:53:38.439-0600][4151.361s][info][gc,start       ] GC(110) Pause Young (Normal) (G1 Evacuation Pause)
[2026-07-14T20:53:38.439-0600][4151.361s][info][gc,task        ] GC(110) Using 38 workers of 38 for evacuation
[2026-07-14T20:53:38.441-0600][4151.362s][info][gc,phases      ] GC(110)   Pre Evacuate Collection Set: 0.0ms
[2026-07-14T20:53:38.441-0600][4151.362s][info][gc,phases      ] GC(110)   Evacuate Collection Set: 0.8ms
[2026-07-14T20:53:38.441-0600][4151.362s][info][gc,phases      ] GC(110)   Post Evacuate Collection Set: 0.5ms
[2026-07-14T20:53:38.441-0600][4151.362s][info][gc,phases      ] GC(110)   Other: 0.2ms
[2026-07-14T20:53:38.441-0600][4151.362s][info][gc,heap        ] GC(110) Eden regions: 304->0(304)
[2026-07-14T20:53:38.441-0600][4151.362s][info][gc,heap        ] GC(110) Survivor regions: 1->1(39)
[2026-07-14T20:53:38.441-0600][4151.362s][info][gc,heap        ] GC(110) Old regions: 187->187
[2026-07-14T20:53:38.441-0600][4151.362s][info][gc,heap        ] GC(110) Humongous regions: 38->38
[2026-07-14T20:53:38.441-0600][4151.362s][info][gc,metaspace   ] GC(110) Metaspace: 37480K(39376K)->37480K(39376K) NonClass: 33333K(34640K)->33333K(34640K) Class: 4147K(4736K)->4147K(4736K)
[2026-07-14T20:53:38.441-0600][4151.362s][info][gc             ] GC(110) Pause Young (Normal) (G1 Evacuation Pause) 520M->216M(611M) 1.444ms
[2026-07-14T20:53:38.441-0600][4151.362s][info][gc,cpu         ] GC(110) User=0.01s Sys=0.01s Real=0.01s
[2026-07-14T20:55:44.180-0600][4277.102s][info][gc,start       ] GC(111) Pause Young (Normal) (G1 Evacuation Pause)
[2026-07-14T20:55:44.180-0600][4277.102s][info][gc,task        ] GC(111) Using 38 workers of 38 for evacuation
[2026-07-14T20:55:44.182-0600][4277.103s][info][gc,phases      ] GC(111)   Pre Evacuate Collection Set: 0.0ms
[2026-07-14T20:55:44.182-0600][4277.103s][info][gc,phases      ] GC(111)   Evacuate Collection Set: 0.9ms
[2026-07-14T20:55:44.182-0600][4277.103s][info][gc,phases      ] GC(111)   Post Evacuate Collection Set: 0.5ms
[2026-07-14T20:55:44.182-0600][4277.103s][info][gc,phases      ] GC(111)   Other: 0.3ms
[2026-07-14T20:55:44.182-0600][4277.103s][info][gc,heap        ] GC(111) Eden regions: 304->0(304)
[2026-07-14T20:55:44.182-0600][4277.103s][info][gc,heap        ] GC(111) Survivor regions: 1->1(39)
[2026-07-14T20:55:44.182-0600][4277.103s][info][gc,heap        ] GC(111) Old regions: 187->187
[2026-07-14T20:55:44.182-0600][4277.103s][info][gc,heap        ] GC(111) Humongous regions: 38->38
[2026-07-14T20:55:44.182-0600][4277.104s][info][gc,metaspace   ] GC(111) Metaspace: 37480K(39376K)->37480K(39376K) NonClass: 33333K(34640K)->33333K(34640K) Class: 4147K(4736K)->4147K(4736K)
[2026-07-14T20:55:44.182-0600][4277.104s][info][gc             ] GC(111) Pause Young (Normal) (G1 Evacuation Pause) 520M->216M(611M) 1.894ms
[2026-07-14T20:55:44.182-0600][4277.104s][info][gc,cpu         ] GC(111) User=0.01s Sys=0.01s Real=0.00s
[2026-07-14T20:57:48.180-0600][4401.102s][info][gc,start       ] GC(112) Pause Young (Normal) (G1 Evacuation Pause)
[2026-07-14T20:57:48.180-0600][4401.102s][info][gc,task        ] GC(112) Using 38 workers of 38 for evacuation
[2026-07-14T20:57:48.182-0600][4401.104s][info][gc,phases      ] GC(112)   Pre Evacuate Collection Set: 0.0ms
[2026-07-14T20:57:48.182-0600][4401.104s][info][gc,phases      ] GC(112)   Evacuate Collection Set: 0.8ms
[2026-07-14T20:57:48.182-0600][4401.104s][info][gc,phases      ] GC(112)   Post Evacuate Collection Set: 0.6ms
[2026-07-14T20:57:48.182-0600][4401.104s][info][gc,phases      ] GC(112)   Other: 0.4ms
[2026-07-14T20:57:48.182-0600][4401.104s][info][gc,heap        ] GC(112) Eden regions: 304->0(304)
[2026-07-14T20:57:48.182-0600][4401.104s][info][gc,heap        ] GC(112) Survivor regions: 1->1(39)
[2026-07-14T20:57:48.182-0600][4401.104s][info][gc,heap        ] GC(112) Old regions: 187->187
[2026-07-14T20:57:48.182-0600][4401.104s][info][gc,heap        ] GC(112) Humongous regions: 38->38
[2026-07-14T20:57:48.182-0600][4401.104s][info][gc,metaspace   ] GC(112) Metaspace: 37481K(39376K)->37481K(39376K) NonClass: 33333K(34640K)->33333K(34640K) Class: 4147K(4736K)->4147K(4736K)
[2026-07-14T20:57:48.182-0600][4401.104s][info][gc             ] GC(112) Pause Young (Normal) (G1 Evacuation Pause) 520M->216M(611M) 1.945ms
[2026-07-14T20:57:48.182-0600][4401.104s][info][gc,cpu         ] GC(112) User=0.01s Sys=0.01s Real=0.00s
[2026-07-14T20:59:52.100-0600][4525.022s][info][gc,start       ] GC(113) Pause Young (Normal) (G1 Evacuation Pause)
[2026-07-14T20:59:52.100-0600][4525.022s][info][gc,task        ] GC(113) Using 38 workers of 38 for evacuation
[2026-07-14T20:59:52.102-0600][4525.023s][info][gc,phases      ] GC(113)   Pre Evacuate Collection Set: 0.0ms
[2026-07-14T20:59:52.102-0600][4525.023s][info][gc,phases      ] GC(113)   Evacuate Collection Set: 0.8ms
[2026-07-14T20:59:52.102-0600][4525.023s][info][gc,phases      ] GC(113)   Post Evacuate Collection Set: 0.6ms
[2026-07-14T20:59:52.102-0600][4525.024s][info][gc,phases      ] GC(113)   Other: 0.4ms
[2026-07-14T20:59:52.102-0600][4525.024s][info][gc,heap        ] GC(113) Eden regions: 304->0(304)
[2026-07-14T20:59:52.102-0600][4525.024s][info][gc,heap        ] GC(113) Survivor regions: 1->1(39)
[2026-07-14T20:59:52.102-0600][4525.024s][info][gc,heap        ] GC(113) Old regions: 187->187
[2026-07-14T20:59:52.102-0600][4525.024s][info][gc,heap        ] GC(113) Humongous regions: 38->38
[2026-07-14T20:59:52.102-0600][4525.024s][info][gc,metaspace   ] GC(113) Metaspace: 37481K(39376K)->37481K(39376K) NonClass: 33334K(34640K)->33334K(34640K) Class: 4147K(4736K)->4147K(4736K)
[2026-07-14T20:59:52.102-0600][4525.024s][info][gc             ] GC(113) Pause Young (Normal) (G1 Evacuation Pause) 520M->216M(611M) 1.945ms
[2026-07-14T20:59:52.102-0600][4525.024s][info][gc,cpu         ] GC(113) User=0.00s Sys=0.01s Real=0.00s
[2026-07-14T21:01:55.947-0600][4648.869s][info][gc,start       ] GC(114) Pause Young (Normal) (G1 Evacuation Pause)
[2026-07-14T21:01:55.948-0600][4648.869s][info][gc,task        ] GC(114) Using 38 workers of 38 for evacuation
[2026-07-14T21:01:55.949-0600][4648.871s][info][gc,phases      ] GC(114)   Pre Evacuate Collection Set: 0.0ms
[2026-07-14T21:01:55.949-0600][4648.871s][info][gc,phases      ] GC(114)   Evacuate Collection Set: 0.7ms
[2026-07-14T21:01:55.949-0600][4648.871s][info][gc,phases      ] GC(114)   Post Evacuate Collection Set: 0.6ms
[2026-07-14T21:01:55.949-0600][4648.871s][info][gc,phases      ] GC(114)   Other: 0.3ms
[2026-07-14T21:01:55.949-0600][4648.871s][info][gc,heap        ] GC(114) Eden regions: 304->0(304)
[2026-07-14T21:01:55.949-0600][4648.871s][info][gc,heap        ] GC(114) Survivor regions: 1->1(39)
[2026-07-14T21:01:55.949-0600][4648.871s][info][gc,heap        ] GC(114) Old regions: 187->187
[2026-07-14T21:01:55.949-0600][4648.871s][info][gc,heap        ] GC(114) Humongous regions: 38->38
[2026-07-14T21:01:55.949-0600][4648.871s][info][gc,metaspace   ] GC(114) Metaspace: 37481K(39376K)->37481K(39376K) NonClass: 33334K(34640K)->33334K(34640K) Class: 4147K(4736K)->4147K(4736K)
[2026-07-14T21:01:55.949-0600][4648.871s][info][gc             ] GC(114) Pause Young (Normal) (G1 Evacuation Pause) 520M->216M(611M) 1.815ms
[2026-07-14T21:01:55.949-0600][4648.871s][info][gc,cpu         ] GC(114) User=0.01s Sys=0.01s Real=0.00s
[2026-07-14T21:03:59.720-0600][4772.642s][info][gc,start       ] GC(115) Pause Young (Normal) (G1 Evacuation Pause)
[2026-07-14T21:03:59.721-0600][4772.642s][info][gc,task        ] GC(115) Using 38 workers of 38 for evacuation
[2026-07-14T21:03:59.722-0600][4772.644s][info][gc,phases      ] GC(115)   Pre Evacuate Collection Set: 0.0ms
[2026-07-14T21:03:59.722-0600][4772.644s][info][gc,phases      ] GC(115)   Evacuate Collection Set: 0.7ms
[2026-07-14T21:03:59.722-0600][4772.644s][info][gc,phases      ] GC(115)   Post Evacuate Collection Set: 0.5ms
[2026-07-14T21:03:59.722-0600][4772.644s][info][gc,phases      ] GC(115)   Other: 0.3ms
[2026-07-14T21:03:59.722-0600][4772.644s][info][gc,heap        ] GC(115) Eden regions: 304->0(304)
[2026-07-14T21:03:59.722-0600][4772.644s][info][gc,heap        ] GC(115) Survivor regions: 1->1(39)
[2026-07-14T21:03:59.722-0600][4772.644s][info][gc,heap        ] GC(115) Old regions: 187->187
[2026-07-14T21:03:59.722-0600][4772.644s][info][gc,heap        ] GC(115) Humongous regions: 38->38
[2026-07-14T21:03:59.722-0600][4772.644s][info][gc,metaspace   ] GC(115) Metaspace: 37481K(39376K)->37481K(39376K) NonClass: 33334K(34640K)->33334K(34640K) Class: 4147K(4736K)->4147K(4736K)
[2026-07-14T21:03:59.722-0600][4772.644s][info][gc             ] GC(115) Pause Young (Normal) (G1 Evacuation Pause) 520M->216M(611M) 1.707ms
[2026-07-14T21:03:59.722-0600][4772.644s][info][gc,cpu         ] GC(115) User=0.00s Sys=0.01s Real=0.00s
[2026-07-14T21:06:03.887-0600][4896.809s][info][gc,start       ] GC(116) Pause Young (Normal) (G1 Evacuation Pause)
[2026-07-14T21:06:03.887-0600][4896.809s][info][gc,task        ] GC(116) Using 38 workers of 38 for evacuation
[2026-07-14T21:06:03.888-0600][4896.810s][info][gc,phases      ] GC(116)   Pre Evacuate Collection Set: 0.0ms
[2026-07-14T21:06:03.888-0600][4896.810s][info][gc,phases      ] GC(116)   Evacuate Collection Set: 0.7ms
[2026-07-14T21:06:03.888-0600][4896.810s][info][gc,phases      ] GC(116)   Post Evacuate Collection Set: 0.4ms
[2026-07-14T21:06:03.888-0600][4896.810s][info][gc,phases      ] GC(116)   Other: 0.2ms
[2026-07-14T21:06:03.888-0600][4896.810s][info][gc,heap        ] GC(116) Eden regions: 304->0(304)
[2026-07-14T21:06:03.888-0600][4896.810s][info][gc,heap        ] GC(116) Survivor regions: 1->1(39)
[2026-07-14T21:06:03.888-0600][4896.810s][info][gc,heap        ] GC(116) Old regions: 187->187
[2026-07-14T21:06:03.888-0600][4896.810s][info][gc,heap        ] GC(116) Humongous regions: 38->38
[2026-07-14T21:06:03.888-0600][4896.810s][info][gc,metaspace   ] GC(116) Metaspace: 37481K(39376K)->37481K(39376K) NonClass: 33334K(34640K)->33334K(34640K) Class: 4147K(4736K)->4147K(4736K)
[2026-07-14T21:06:03.888-0600][4896.810s][info][gc             ] GC(116) Pause Young (Normal) (G1 Evacuation Pause) 520M->216M(611M) 1.299ms
[2026-07-14T21:06:03.888-0600][4896.810s][info][gc,cpu         ] GC(116) User=0.00s Sys=0.01s Real=0.00s
[2026-07-14T21:08:08.293-0600][5021.214s][info][gc,start       ] GC(117) Pause Young (Normal) (G1 Evacuation Pause)
[2026-07-14T21:08:08.293-0600][5021.214s][info][gc,task        ] GC(117) Using 38 workers of 38 for evacuation
[2026-07-14T21:08:08.294-0600][5021.216s][info][gc,phases      ] GC(117)   Pre Evacuate Collection Set: 0.0ms
[2026-07-14T21:08:08.294-0600][5021.216s][info][gc,phases      ] GC(117)   Evacuate Collection Set: 0.8ms
[2026-07-14T21:08:08.294-0600][5021.216s][info][gc,phases      ] GC(117)   Post Evacuate Collection Set: 0.5ms
[2026-07-14T21:08:08.294-0600][5021.216s][info][gc,phases      ] GC(117)   Other: 0.3ms
[2026-07-14T21:08:08.294-0600][5021.216s][info][gc,heap        ] GC(117) Eden regions: 304->0(304)
[2026-07-14T21:08:08.294-0600][5021.216s][info][gc,heap        ] GC(117) Survivor regions: 1->1(39)
[2026-07-14T21:08:08.294-0600][5021.216s][info][gc,heap        ] GC(117) Old regions: 187->187
[2026-07-14T21:08:08.294-0600][5021.216s][info][gc,heap        ] GC(117) Humongous regions: 38->38
[2026-07-14T21:08:08.294-0600][5021.216s][info][gc,metaspace   ] GC(117) Metaspace: 37481K(39376K)->37481K(39376K) NonClass: 33334K(34640K)->33334K(34640K) Class: 4147K(4736K)->4147K(4736K)
[2026-07-14T21:08:08.294-0600][5021.216s][info][gc             ] GC(117) Pause Young (Normal) (G1 Evacuation Pause) 520M->216M(611M) 1.787ms
[2026-07-14T21:08:08.294-0600][5021.216s][info][gc,cpu         ] GC(117) User=0.01s Sys=0.01s Real=0.00s
[2026-07-14T21:10:12.404-0600][5145.326s][info][gc,start       ] GC(118) Pause Young (Normal) (G1 Evacuation Pause)
[2026-07-14T21:10:12.404-0600][5145.326s][info][gc,task        ] GC(118) Using 38 workers of 38 for evacuation
[2026-07-14T21:10:12.405-0600][5145.327s][info][gc,phases      ] GC(118)   Pre Evacuate Collection Set: 0.0ms
[2026-07-14T21:10:12.405-0600][5145.327s][info][gc,phases      ] GC(118)   Evacuate Collection Set: 0.7ms
[2026-07-14T21:10:12.405-0600][5145.327s][info][gc,phases      ] GC(118)   Post Evacuate Collection Set: 0.5ms
[2026-07-14T21:10:12.405-0600][5145.327s][info][gc,phases      ] GC(118)   Other: 0.2ms
[2026-07-14T21:10:12.405-0600][5145.327s][info][gc,heap        ] GC(118) Eden regions: 304->0(304)
[2026-07-14T21:10:12.405-0600][5145.327s][info][gc,heap        ] GC(118) Survivor regions: 1->1(39)
[2026-07-14T21:10:12.405-0600][5145.327s][info][gc,heap        ] GC(118) Old regions: 187->188
[2026-07-14T21:10:12.405-0600][5145.327s][info][gc,heap        ] GC(118) Humongous regions: 38->38
[2026-07-14T21:10:12.405-0600][5145.327s][info][gc,metaspace   ] GC(118) Metaspace: 37481K(39376K)->37481K(39376K) NonClass: 33334K(34640K)->33334K(34640K) Class: 4147K(4736K)->4147K(4736K)
[2026-07-14T21:10:12.405-0600][5145.327s][info][gc             ] GC(118) Pause Young (Normal) (G1 Evacuation Pause) 520M->216M(611M) 1.436ms
[2026-07-14T21:10:12.406-0600][5145.327s][info][gc,cpu         ] GC(118) User=0.00s Sys=0.01s Real=0.00s
[2026-07-14T21:12:16.293-0600][5269.215s][info][gc,start       ] GC(119) Pause Young (Normal) (G1 Evacuation Pause)
[2026-07-14T21:12:16.293-0600][5269.215s][info][gc,task        ] GC(119) Using 38 workers of 38 for evacuation
[2026-07-14T21:12:16.295-0600][5269.216s][info][gc,phases      ] GC(119)   Pre Evacuate Collection Set: 0.0ms
[2026-07-14T21:12:16.295-0600][5269.216s][info][gc,phases      ] GC(119)   Evacuate Collection Set: 0.8ms
[2026-07-14T21:12:16.295-0600][5269.216s][info][gc,phases      ] GC(119)   Post Evacuate Collection Set: 0.6ms
[2026-07-14T21:12:16.295-0600][5269.217s][info][gc,phases      ] GC(119)   Other: 0.4ms
[2026-07-14T21:12:16.295-0600][5269.217s][info][gc,heap        ] GC(119) Eden regions: 304->0(304)
[2026-07-14T21:12:16.295-0600][5269.217s][info][gc,heap        ] GC(119) Survivor regions: 1->1(39)
[2026-07-14T21:12:16.295-0600][5269.217s][info][gc,heap        ] GC(119) Old regions: 188->188
[2026-07-14T21:12:16.295-0600][5269.217s][info][gc,heap        ] GC(119) Humongous regions: 38->38
[2026-07-14T21:12:16.295-0600][5269.217s][info][gc,metaspace   ] GC(119) Metaspace: 37481K(39376K)->37481K(39376K) NonClass: 33334K(34640K)->33334K(34640K) Class: 4147K(4736K)->4147K(4736K)
[2026-07-14T21:12:16.295-0600][5269.217s][info][gc             ] GC(119) Pause Young (Normal) (G1 Evacuation Pause) 520M->216M(611M) 1.933ms
[2026-07-14T21:12:16.295-0600][5269.217s][info][gc,cpu         ] GC(119) User=0.01s Sys=0.02s Real=0.00s
[2026-07-14T21:14:20.273-0600][5393.194s][info][gc,start       ] GC(120) Pause Young (Normal) (G1 Evacuation Pause)
[2026-07-14T21:14:20.273-0600][5393.195s][info][gc,task        ] GC(120) Using 38 workers of 38 for evacuation
[2026-07-14T21:14:20.274-0600][5393.196s][info][gc,phases      ] GC(120)   Pre Evacuate Collection Set: 0.0ms
[2026-07-14T21:14:20.274-0600][5393.196s][info][gc,phases      ] GC(120)   Evacuate Collection Set: 0.8ms
[2026-07-14T21:14:20.274-0600][5393.196s][info][gc,phases      ] GC(120)   Post Evacuate Collection Set: 0.7ms
[2026-07-14T21:14:20.274-0600][5393.196s][info][gc,phases      ] GC(120)   Other: 0.4ms
[2026-07-14T21:14:20.274-0600][5393.196s][info][gc,heap        ] GC(120) Eden regions: 304->0(304)
[2026-07-14T21:14:20.274-0600][5393.196s][info][gc,heap        ] GC(120) Survivor regions: 1->1(39)
[2026-07-14T21:14:20.275-0600][5393.196s][info][gc,heap        ] GC(120) Old regions: 188->188
[2026-07-14T21:14:20.275-0600][5393.196s][info][gc,heap        ] GC(120) Humongous regions: 38->38
[2026-07-14T21:14:20.275-0600][5393.196s][info][gc,metaspace   ] GC(120) Metaspace: 37497K(39376K)->37497K(39376K) NonClass: 33348K(34640K)->33348K(34640K) Class: 4148K(4736K)->4148K(4736K)
[2026-07-14T21:14:20.275-0600][5393.196s][info][gc             ] GC(120) Pause Young (Normal) (G1 Evacuation Pause) 520M->216M(611M) 1.919ms
[2026-07-14T21:14:20.275-0600][5393.196s][info][gc,cpu         ] GC(120) User=0.01s Sys=0.01s Real=0.00s
[2026-07-14T21:16:24.315-0600][5517.237s][info][gc,start       ] GC(121) Pause Young (Normal) (G1 Evacuation Pause)
[2026-07-14T21:16:24.315-0600][5517.237s][info][gc,task        ] GC(121) Using 38 workers of 38 for evacuation
[2026-07-14T21:16:24.317-0600][5517.239s][info][gc,phases      ] GC(121)   Pre Evacuate Collection Set: 0.0ms
[2026-07-14T21:16:24.317-0600][5517.239s][info][gc,phases      ] GC(121)   Evacuate Collection Set: 0.8ms
[2026-07-14T21:16:24.317-0600][5517.239s][info][gc,phases      ] GC(121)   Post Evacuate Collection Set: 0.6ms
[2026-07-14T21:16:24.317-0600][5517.239s][info][gc,phases      ] GC(121)   Other: 0.4ms
[2026-07-14T21:16:24.317-0600][5517.239s][info][gc,heap        ] GC(121) Eden regions: 304->0(304)
[2026-07-14T21:16:24.317-0600][5517.239s][info][gc,heap        ] GC(121) Survivor regions: 1->1(39)
[2026-07-14T21:16:24.317-0600][5517.239s][info][gc,heap        ] GC(121) Old regions: 188->188
[2026-07-14T21:16:24.317-0600][5517.239s][info][gc,heap        ] GC(121) Humongous regions: 38->38
[2026-07-14T21:16:24.317-0600][5517.239s][info][gc,metaspace   ] GC(121) Metaspace: 37497K(39376K)->37497K(39376K) NonClass: 33348K(34640K)->33348K(34640K) Class: 4148K(4736K)->4148K(4736K)
[2026-07-14T21:16:24.317-0600][5517.239s][info][gc             ] GC(121) Pause Young (Normal) (G1 Evacuation Pause) 520M->216M(611M) 1.923ms
[2026-07-14T21:16:24.317-0600][5517.239s][info][gc,cpu         ] GC(121) User=0.01s Sys=0.01s Real=0.00s
[2026-07-14T21:18:28.340-0600][5641.262s][info][gc,start       ] GC(122) Pause Young (Normal) (G1 Evacuation Pause)
[2026-07-14T21:18:28.340-0600][5641.262s][info][gc,task        ] GC(122) Using 38 workers of 38 for evacuation
[2026-07-14T21:18:28.342-0600][5641.264s][info][gc,phases      ] GC(122)   Pre Evacuate Collection Set: 0.0ms
[2026-07-14T21:18:28.342-0600][5641.264s][info][gc,phases      ] GC(122)   Evacuate Collection Set: 1.1ms
[2026-07-14T21:18:28.342-0600][5641.264s][info][gc,phases      ] GC(122)   Post Evacuate Collection Set: 0.6ms
[2026-07-14T21:18:28.342-0600][5641.264s][info][gc,phases      ] GC(122)   Other: 0.4ms
[2026-07-14T21:18:28.342-0600][5641.264s][info][gc,heap        ] GC(122) Eden regions: 304->0(304)
[2026-07-14T21:18:28.342-0600][5641.264s][info][gc,heap        ] GC(122) Survivor regions: 1->1(39)
[2026-07-14T21:18:28.342-0600][5641.264s][info][gc,heap        ] GC(122) Old regions: 188->188
[2026-07-14T21:18:28.342-0600][5641.264s][info][gc,heap        ] GC(122) Humongous regions: 38->38
[2026-07-14T21:18:28.342-0600][5641.264s][info][gc,metaspace   ] GC(122) Metaspace: 37497K(39376K)->37497K(39376K) NonClass: 33348K(34640K)->33348K(34640K) Class: 4148K(4736K)->4148K(4736K)
[2026-07-14T21:18:28.342-0600][5641.264s][info][gc             ] GC(122) Pause Young (Normal) (G1 Evacuation Pause) 520M->216M(611M) 2.182ms
[2026-07-14T21:18:28.342-0600][5641.264s][info][gc,cpu         ] GC(122) User=0.01s Sys=0.02s Real=0.00s
[2026-07-14T21:20:32.082-0600][5765.004s][info][gc,start       ] GC(123) Pause Young (Normal) (G1 Evacuation Pause)
[2026-07-14T21:20:32.082-0600][5765.004s][info][gc,task        ] GC(123) Using 38 workers of 38 for evacuation
[2026-07-14T21:20:32.084-0600][5765.006s][info][gc,phases      ] GC(123)   Pre Evacuate Collection Set: 0.0ms
[2026-07-14T21:20:32.084-0600][5765.006s][info][gc,phases      ] GC(123)   Evacuate Collection Set: 0.7ms
[2026-07-14T21:20:32.084-0600][5765.006s][info][gc,phases      ] GC(123)   Post Evacuate Collection Set: 0.6ms
[2026-07-14T21:20:32.084-0600][5765.006s][info][gc,phases      ] GC(123)   Other: 0.4ms
[2026-07-14T21:20:32.084-0600][5765.006s][info][gc,heap        ] GC(123) Eden regions: 304->0(304)
[2026-07-14T21:20:32.084-0600][5765.006s][info][gc,heap        ] GC(123) Survivor regions: 1->1(39)
[2026-07-14T21:20:32.084-0600][5765.006s][info][gc,heap        ] GC(123) Old regions: 188->188
[2026-07-14T21:20:32.084-0600][5765.006s][info][gc,heap        ] GC(123) Humongous regions: 38->38
[2026-07-14T21:20:32.084-0600][5765.006s][info][gc,metaspace   ] GC(123) Metaspace: 37497K(39376K)->37497K(39376K) NonClass: 33348K(34640K)->33348K(34640K) Class: 4148K(4736K)->4148K(4736K)
[2026-07-14T21:20:32.084-0600][5765.006s][info][gc             ] GC(123) Pause Young (Normal) (G1 Evacuation Pause) 520M->216M(611M) 1.862ms
[2026-07-14T21:20:32.084-0600][5765.006s][info][gc,cpu         ] GC(123) User=0.01s Sys=0.00s Real=0.00s
[2026-07-14T21:22:36.159-0600][5889.081s][info][gc,start       ] GC(124) Pause Young (Normal) (G1 Evacuation Pause)
[2026-07-14T21:22:36.159-0600][5889.081s][info][gc,task        ] GC(124) Using 38 workers of 38 for evacuation
[2026-07-14T21:22:36.161-0600][5889.083s][info][gc,phases      ] GC(124)   Pre Evacuate Collection Set: 0.0ms
[2026-07-14T21:22:36.161-0600][5889.083s][info][gc,phases      ] GC(124)   Evacuate Collection Set: 1.0ms
[2026-07-14T21:22:36.161-0600][5889.083s][info][gc,phases      ] GC(124)   Post Evacuate Collection Set: 0.6ms
[2026-07-14T21:22:36.161-0600][5889.083s][info][gc,phases      ] GC(124)   Other: 0.4ms
[2026-07-14T21:22:36.161-0600][5889.083s][info][gc,heap        ] GC(124) Eden regions: 304->0(304)
[2026-07-14T21:22:36.161-0600][5889.083s][info][gc,heap        ] GC(124) Survivor regions: 1->1(39)
[2026-07-14T21:22:36.161-0600][5889.083s][info][gc,heap        ] GC(124) Old regions: 188->188
[2026-07-14T21:22:36.161-0600][5889.083s][info][gc,heap        ] GC(124) Humongous regions: 38->38
[2026-07-14T21:22:36.161-0600][5889.083s][info][gc,metaspace   ] GC(124) Metaspace: 37497K(39376K)->37497K(39376K) NonClass: 33348K(34640K)->33348K(34640K) Class: 4148K(4736K)->4148K(4736K)
[2026-07-14T21:22:36.161-0600][5889.083s][info][gc             ] GC(124) Pause Young (Normal) (G1 Evacuation Pause) 520M->216M(611M) 2.122ms
[2026-07-14T21:22:36.161-0600][5889.083s][info][gc,cpu         ] GC(124) User=0.02s Sys=0.00s Real=0.01s
[2026-07-14T21:24:39.918-0600][6012.839s][info][gc,start       ] GC(125) Pause Young (Normal) (G1 Evacuation Pause)
[2026-07-14T21:24:39.918-0600][6012.839s][info][gc,task        ] GC(125) Using 38 workers of 38 for evacuation
[2026-07-14T21:24:39.919-0600][6012.841s][info][gc,phases      ] GC(125)   Pre Evacuate Collection Set: 0.0ms
[2026-07-14T21:24:39.919-0600][6012.841s][info][gc,phases      ] GC(125)   Evacuate Collection Set: 0.9ms
[2026-07-14T21:24:39.919-0600][6012.841s][info][gc,phases      ] GC(125)   Post Evacuate Collection Set: 0.6ms
[2026-07-14T21:24:39.919-0600][6012.841s][info][gc,phases      ] GC(125)   Other: 0.4ms
[2026-07-14T21:24:39.919-0600][6012.841s][info][gc,heap        ] GC(125) Eden regions: 304->0(304)
[2026-07-14T21:24:39.919-0600][6012.841s][info][gc,heap        ] GC(125) Survivor regions: 1->1(39)
[2026-07-14T21:24:39.919-0600][6012.841s][info][gc,heap        ] GC(125) Old regions: 188->188
[2026-07-14T21:24:39.919-0600][6012.841s][info][gc,heap        ] GC(125) Humongous regions: 38->38
[2026-07-14T21:24:39.919-0600][6012.841s][info][gc,metaspace   ] GC(125) Metaspace: 37497K(39376K)->37497K(39376K) NonClass: 33348K(34640K)->33348K(34640K) Class: 4148K(4736K)->4148K(4736K)
[2026-07-14T21:24:39.920-0600][6012.841s][info][gc             ] GC(125) Pause Young (Normal) (G1 Evacuation Pause) 520M->216M(611M) 1.937ms
[2026-07-14T21:24:39.920-0600][6012.841s][info][gc,cpu         ] GC(125) User=0.01s Sys=0.01s Real=0.01s
[2026-07-14T21:26:43.947-0600][6136.868s][info][gc,start       ] GC(126) Pause Young (Normal) (G1 Evacuation Pause)
[2026-07-14T21:26:43.947-0600][6136.868s][info][gc,task        ] GC(126) Using 38 workers of 38 for evacuation
[2026-07-14T21:26:43.948-0600][6136.870s][info][gc,phases      ] GC(126)   Pre Evacuate Collection Set: 0.0ms
[2026-07-14T21:26:43.948-0600][6136.870s][info][gc,phases      ] GC(126)   Evacuate Collection Set: 0.8ms
[2026-07-14T21:26:43.948-0600][6136.870s][info][gc,phases      ] GC(126)   Post Evacuate Collection Set: 0.6ms
[2026-07-14T21:26:43.948-0600][6136.870s][info][gc,phases      ] GC(126)   Other: 0.4ms
[2026-07-14T21:26:43.948-0600][6136.870s][info][gc,heap        ] GC(126) Eden regions: 304->0(304)
[2026-07-14T21:26:43.948-0600][6136.870s][info][gc,heap        ] GC(126) Survivor regions: 1->1(39)
[2026-07-14T21:26:43.948-0600][6136.870s][info][gc,heap        ] GC(126) Old regions: 188->188
[2026-07-14T21:26:43.948-0600][6136.870s][info][gc,heap        ] GC(126) Humongous regions: 38->38
[2026-07-14T21:26:43.948-0600][6136.870s][info][gc,metaspace   ] GC(126) Metaspace: 37497K(39376K)->37497K(39376K) NonClass: 33348K(34640K)->33348K(34640K) Class: 4148K(4736K)->4148K(4736K)
[2026-07-14T21:26:43.948-0600][6136.870s][info][gc             ] GC(126) Pause Young (Normal) (G1 Evacuation Pause) 520M->216M(611M) 1.815ms
[2026-07-14T21:26:43.948-0600][6136.870s][info][gc,cpu         ] GC(126) User=0.02s Sys=0.00s Real=0.00s
[2026-07-14T21:28:47.936-0600][6260.858s][info][gc,start       ] GC(127) Pause Young (Normal) (G1 Evacuation Pause)
[2026-07-14T21:28:47.936-0600][6260.858s][info][gc,task        ] GC(127) Using 38 workers of 38 for evacuation
[2026-07-14T21:28:47.938-0600][6260.860s][info][gc,phases      ] GC(127)   Pre Evacuate Collection Set: 0.0ms
[2026-07-14T21:28:47.938-0600][6260.860s][info][gc,phases      ] GC(127)   Evacuate Collection Set: 0.7ms
[2026-07-14T21:28:47.938-0600][6260.860s][info][gc,phases      ] GC(127)   Post Evacuate Collection Set: 0.6ms
[2026-07-14T21:28:47.938-0600][6260.860s][info][gc,phases      ] GC(127)   Other: 0.4ms
[2026-07-14T21:28:47.938-0600][6260.860s][info][gc,heap        ] GC(127) Eden regions: 304->0(304)
[2026-07-14T21:28:47.938-0600][6260.860s][info][gc,heap        ] GC(127) Survivor regions: 1->1(39)
[2026-07-14T21:28:47.938-0600][6260.860s][info][gc,heap        ] GC(127) Old regions: 188->188
[2026-07-14T21:28:47.938-0600][6260.860s][info][gc,heap        ] GC(127) Humongous regions: 38->38
[2026-07-14T21:28:47.938-0600][6260.860s][info][gc,metaspace   ] GC(127) Metaspace: 37504K(39376K)->37504K(39376K) NonClass: 33355K(34640K)->33355K(34640K) Class: 4148K(4736K)->4148K(4736K)
[2026-07-14T21:28:47.938-0600][6260.860s][info][gc             ] GC(127) Pause Young (Normal) (G1 Evacuation Pause) 520M->216M(611M) 1.842ms
[2026-07-14T21:28:47.938-0600][6260.860s][info][gc,cpu         ] GC(127) User=0.01s Sys=0.01s Real=0.00s
[2026-07-14T21:30:52.024-0600][6384.945s][info][gc,start       ] GC(128) Pause Young (Normal) (G1 Evacuation Pause)
[2026-07-14T21:30:52.024-0600][6384.945s][info][gc,task        ] GC(128) Using 38 workers of 38 for evacuation
[2026-07-14T21:30:52.025-0600][6384.947s][info][gc,phases      ] GC(128)   Pre Evacuate Collection Set: 0.0ms
[2026-07-14T21:30:52.025-0600][6384.947s][info][gc,phases      ] GC(128)   Evacuate Collection Set: 0.7ms
[2026-07-14T21:30:52.025-0600][6384.947s][info][gc,phases      ] GC(128)   Post Evacuate Collection Set: 0.5ms
[2026-07-14T21:30:52.025-0600][6384.947s][info][gc,phases      ] GC(128)   Other: 0.3ms
[2026-07-14T21:30:52.025-0600][6384.947s][info][gc,heap        ] GC(128) Eden regions: 304->0(304)
[2026-07-14T21:30:52.025-0600][6384.947s][info][gc,heap        ] GC(128) Survivor regions: 1->1(39)
[2026-07-14T21:30:52.025-0600][6384.947s][info][gc,heap        ] GC(128) Old regions: 188->188
[2026-07-14T21:30:52.025-0600][6384.947s][info][gc,heap        ] GC(128) Humongous regions: 38->38
[2026-07-14T21:30:52.025-0600][6384.947s][info][gc,metaspace   ] GC(128) Metaspace: 37504K(39376K)->37504K(39376K) NonClass: 33356K(34640K)->33356K(34640K) Class: 4148K(4736K)->4148K(4736K)
[2026-07-14T21:30:52.025-0600][6384.947s][info][gc             ] GC(128) Pause Young (Normal) (G1 Evacuation Pause) 520M->216M(611M) 1.637ms
[2026-07-14T21:30:52.025-0600][6384.947s][info][gc,cpu         ] GC(128) User=0.00s Sys=0.01s Real=0.00s
[2026-07-14T21:32:56.113-0600][6509.035s][info][gc,start       ] GC(129) Pause Young (Normal) (G1 Evacuation Pause)
[2026-07-14T21:32:56.113-0600][6509.035s][info][gc,task        ] GC(129) Using 38 workers of 38 for evacuation
[2026-07-14T21:32:56.115-0600][6509.037s][info][gc,phases      ] GC(129)   Pre Evacuate Collection Set: 0.0ms
[2026-07-14T21:32:56.115-0600][6509.037s][info][gc,phases      ] GC(129)   Evacuate Collection Set: 0.8ms
[2026-07-14T21:32:56.115-0600][6509.037s][info][gc,phases      ] GC(129)   Post Evacuate Collection Set: 0.5ms
[2026-07-14T21:32:56.115-0600][6509.037s][info][gc,phases      ] GC(129)   Other: 0.4ms
[2026-07-14T21:32:56.115-0600][6509.037s][info][gc,heap        ] GC(129) Eden regions: 304->0(304)
[2026-07-14T21:32:56.115-0600][6509.037s][info][gc,heap        ] GC(129) Survivor regions: 1->1(39)
[2026-07-14T21:32:56.115-0600][6509.037s][info][gc,heap        ] GC(129) Old regions: 188->188
[2026-07-14T21:32:56.115-0600][6509.037s][info][gc,heap        ] GC(129) Humongous regions: 38->38
[2026-07-14T21:32:56.115-0600][6509.037s][info][gc,metaspace   ] GC(129) Metaspace: 37504K(39376K)->37504K(39376K) NonClass: 33356K(34640K)->33356K(34640K) Class: 4148K(4736K)->4148K(4736K)
[2026-07-14T21:32:56.115-0600][6509.037s][info][gc             ] GC(129) Pause Young (Normal) (G1 Evacuation Pause) 520M->216M(611M) 1.796ms
[2026-07-14T21:32:56.115-0600][6509.037s][info][gc,cpu         ] GC(129) User=0.01s Sys=0.01s Real=0.00s
[2026-07-14T21:34:59.753-0600][6632.675s][info][gc,start       ] GC(130) Pause Young (Normal) (G1 Evacuation Pause)
[2026-07-14T21:34:59.753-0600][6632.675s][info][gc,task        ] GC(130) Using 38 workers of 38 for evacuation
[2026-07-14T21:34:59.755-0600][6632.677s][info][gc,phases      ] GC(130)   Pre Evacuate Collection Set: 0.0ms
[2026-07-14T21:34:59.755-0600][6632.677s][info][gc,phases      ] GC(130)   Evacuate Collection Set: 0.7ms
[2026-07-14T21:34:59.755-0600][6632.677s][info][gc,phases      ] GC(130)   Post Evacuate Collection Set: 0.5ms
[2026-07-14T21:34:59.755-0600][6632.677s][info][gc,phases      ] GC(130)   Other: 0.4ms
[2026-07-14T21:34:59.755-0600][6632.677s][info][gc,heap        ] GC(130) Eden regions: 304->0(304)
[2026-07-14T21:34:59.755-0600][6632.677s][info][gc,heap        ] GC(130) Survivor regions: 1->1(39)
[2026-07-14T21:34:59.755-0600][6632.677s][info][gc,heap        ] GC(130) Old regions: 188->188
[2026-07-14T21:34:59.755-0600][6632.677s][info][gc,heap        ] GC(130) Humongous regions: 38->38
[2026-07-14T21:34:59.755-0600][6632.677s][info][gc,metaspace   ] GC(130) Metaspace: 37507K(39376K)->37507K(39376K) NonClass: 33358K(34640K)->33358K(34640K) Class: 4148K(4736K)->4148K(4736K)
[2026-07-14T21:34:59.755-0600][6632.677s][info][gc             ] GC(130) Pause Young (Normal) (G1 Evacuation Pause) 520M->216M(611M) 1.753ms
[2026-07-14T21:34:59.755-0600][6632.677s][info][gc,cpu         ] GC(130) User=0.01s Sys=0.01s Real=0.00s
[2026-07-14T21:37:03.860-0600][6756.781s][info][gc,start       ] GC(131) Pause Young (Normal) (G1 Evacuation Pause)
[2026-07-14T21:37:03.860-0600][6756.781s][info][gc,task        ] GC(131) Using 38 workers of 38 for evacuation
[2026-07-14T21:37:03.861-0600][6756.783s][info][gc,phases      ] GC(131)   Pre Evacuate Collection Set: 0.0ms
[2026-07-14T21:37:03.861-0600][6756.783s][info][gc,phases      ] GC(131)   Evacuate Collection Set: 0.7ms
[2026-07-14T21:37:03.861-0600][6756.783s][info][gc,phases      ] GC(131)   Post Evacuate Collection Set: 0.5ms
[2026-07-14T21:37:03.861-0600][6756.783s][info][gc,phases      ] GC(131)   Other: 0.4ms
[2026-07-14T21:37:03.861-0600][6756.783s][info][gc,heap        ] GC(131) Eden regions: 304->0(304)
[2026-07-14T21:37:03.861-0600][6756.783s][info][gc,heap        ] GC(131) Survivor regions: 1->1(39)
[2026-07-14T21:37:03.861-0600][6756.783s][info][gc,heap        ] GC(131) Old regions: 188->188
[2026-07-14T21:37:03.861-0600][6756.783s][info][gc,heap        ] GC(131) Humongous regions: 38->38
[2026-07-14T21:37:03.861-0600][6756.783s][info][gc,metaspace   ] GC(131) Metaspace: 37507K(39376K)->37507K(39376K) NonClass: 33358K(34640K)->33358K(34640K) Class: 4148K(4736K)->4148K(4736K)
[2026-07-14T21:37:03.861-0600][6756.783s][info][gc             ] GC(131) Pause Young (Normal) (G1 Evacuation Pause) 520M->216M(611M) 1.792ms
[2026-07-14T21:37:03.861-0600][6756.783s][info][gc,cpu         ] GC(131) User=0.01s Sys=0.01s Real=0.00s
[2026-07-14T21:39:07.609-0600][6880.531s][info][gc,start       ] GC(132) Pause Young (Normal) (G1 Evacuation Pause)
[2026-07-14T21:39:07.609-0600][6880.531s][info][gc,task        ] GC(132) Using 38 workers of 38 for evacuation
[2026-07-14T21:39:07.611-0600][6880.532s][info][gc,phases      ] GC(132)   Pre Evacuate Collection Set: 0.0ms
[2026-07-14T21:39:07.611-0600][6880.532s][info][gc,phases      ] GC(132)   Evacuate Collection Set: 0.6ms
[2026-07-14T21:39:07.611-0600][6880.532s][info][gc,phases      ] GC(132)   Post Evacuate Collection Set: 0.6ms
[2026-07-14T21:39:07.611-0600][6880.532s][info][gc,phases      ] GC(132)   Other: 0.3ms
[2026-07-14T21:39:07.611-0600][6880.532s][info][gc,heap        ] GC(132) Eden regions: 304->0(304)
[2026-07-14T21:39:07.611-0600][6880.532s][info][gc,heap        ] GC(132) Survivor regions: 1->1(39)
[2026-07-14T21:39:07.611-0600][6880.532s][info][gc,heap        ] GC(132) Old regions: 188->188
[2026-07-14T21:39:07.611-0600][6880.532s][info][gc,heap        ] GC(132) Humongous regions: 38->38
[2026-07-14T21:39:07.611-0600][6880.533s][info][gc,metaspace   ] GC(132) Metaspace: 37512K(39376K)->37512K(39376K) NonClass: 33363K(34640K)->33363K(34640K) Class: 4148K(4736K)->4148K(4736K)
[2026-07-14T21:39:07.611-0600][6880.533s][info][gc             ] GC(132) Pause Young (Normal) (G1 Evacuation Pause) 520M->217M(611M) 1.705ms
[2026-07-14T21:39:07.611-0600][6880.533s][info][gc,cpu         ] GC(132) User=0.01s Sys=0.01s Real=0.00s
[2026-07-14T21:41:11.752-0600][7004.673s][info][gc,start       ] GC(133) Pause Young (Normal) (G1 Evacuation Pause)
[2026-07-14T21:41:11.752-0600][7004.673s][info][gc,task        ] GC(133) Using 38 workers of 38 for evacuation
[2026-07-14T21:41:11.753-0600][7004.675s][info][gc,phases      ] GC(133)   Pre Evacuate Collection Set: 0.0ms
[2026-07-14T21:41:11.753-0600][7004.675s][info][gc,phases      ] GC(133)   Evacuate Collection Set: 0.7ms
[2026-07-14T21:41:11.753-0600][7004.675s][info][gc,phases      ] GC(133)   Post Evacuate Collection Set: 0.6ms
[2026-07-14T21:41:11.753-0600][7004.675s][info][gc,phases      ] GC(133)   Other: 0.4ms
[2026-07-14T21:41:11.753-0600][7004.675s][info][gc,heap        ] GC(133) Eden regions: 304->0(304)
[2026-07-14T21:41:11.753-0600][7004.675s][info][gc,heap        ] GC(133) Survivor regions: 1->1(39)
[2026-07-14T21:41:11.753-0600][7004.675s][info][gc,heap        ] GC(133) Old regions: 188->188
[2026-07-14T21:41:11.753-0600][7004.675s][info][gc,heap        ] GC(133) Humongous regions: 38->38
[2026-07-14T21:41:11.753-0600][7004.675s][info][gc,metaspace   ] GC(133) Metaspace: 37512K(39376K)->37512K(39376K) NonClass: 33363K(34640K)->33363K(34640K) Class: 4148K(4736K)->4148K(4736K)
[2026-07-14T21:41:11.753-0600][7004.675s][info][gc             ] GC(133) Pause Young (Normal) (G1 Evacuation Pause) 521M->217M(611M) 1.722ms
[2026-07-14T21:41:11.753-0600][7004.675s][info][gc,cpu         ] GC(133) User=0.00s Sys=0.01s Real=0.00s
[2026-07-14T21:43:15.553-0600][7128.475s][info][gc,start       ] GC(134) Pause Young (Normal) (G1 Evacuation Pause)
[2026-07-14T21:43:15.553-0600][7128.475s][info][gc,task        ] GC(134) Using 38 workers of 38 for evacuation
[2026-07-14T21:43:15.555-0600][7128.477s][info][gc,phases      ] GC(134)   Pre Evacuate Collection Set: 0.0ms
[2026-07-14T21:43:15.555-0600][7128.477s][info][gc,phases      ] GC(134)   Evacuate Collection Set: 0.7ms
[2026-07-14T21:43:15.555-0600][7128.477s][info][gc,phases      ] GC(134)   Post Evacuate Collection Set: 0.7ms
[2026-07-14T21:43:15.555-0600][7128.477s][info][gc,phases      ] GC(134)   Other: 0.4ms
[2026-07-14T21:43:15.555-0600][7128.477s][info][gc,heap        ] GC(134) Eden regions: 304->0(304)
[2026-07-14T21:43:15.555-0600][7128.477s][info][gc,heap        ] GC(134) Survivor regions: 1->1(39)
[2026-07-14T21:43:15.555-0600][7128.477s][info][gc,heap        ] GC(134) Old regions: 188->188
[2026-07-14T21:43:15.555-0600][7128.477s][info][gc,heap        ] GC(134) Humongous regions: 38->38
[2026-07-14T21:43:15.555-0600][7128.477s][info][gc,metaspace   ] GC(134) Metaspace: 37512K(39376K)->37512K(39376K) NonClass: 33363K(34640K)->33363K(34640K) Class: 4148K(4736K)->4148K(4736K)
[2026-07-14T21:43:15.555-0600][7128.477s][info][gc             ] GC(134) Pause Young (Normal) (G1 Evacuation Pause) 521M->217M(611M) 1.870ms
[2026-07-14T21:43:15.555-0600][7128.477s][info][gc,cpu         ] GC(134) User=0.01s Sys=0.01s Real=0.00s
[2026-07-14T21:45:19.647-0600][7252.568s][info][gc,start       ] GC(135) Pause Young (Normal) (G1 Evacuation Pause)
[2026-07-14T21:45:19.647-0600][7252.568s][info][gc,task        ] GC(135) Using 38 workers of 38 for evacuation
[2026-07-14T21:45:19.648-0600][7252.570s][info][gc,phases      ] GC(135)   Pre Evacuate Collection Set: 0.0ms
[2026-07-14T21:45:19.648-0600][7252.570s][info][gc,phases      ] GC(135)   Evacuate Collection Set: 0.7ms
[2026-07-14T21:45:19.648-0600][7252.570s][info][gc,phases      ] GC(135)   Post Evacuate Collection Set: 0.5ms
[2026-07-14T21:45:19.648-0600][7252.570s][info][gc,phases      ] GC(135)   Other: 0.4ms
[2026-07-14T21:45:19.648-0600][7252.570s][info][gc,heap        ] GC(135) Eden regions: 304->0(304)
[2026-07-14T21:45:19.648-0600][7252.570s][info][gc,heap        ] GC(135) Survivor regions: 1->1(39)
[2026-07-14T21:45:19.648-0600][7252.570s][info][gc,heap        ] GC(135) Old regions: 188->188
[2026-07-14T21:45:19.648-0600][7252.570s][info][gc,heap        ] GC(135) Humongous regions: 38->38
[2026-07-14T21:45:19.648-0600][7252.570s][info][gc,metaspace   ] GC(135) Metaspace: 37512K(39376K)->37512K(39376K) NonClass: 33363K(34640K)->33363K(34640K) Class: 4148K(4736K)->4148K(4736K)
[2026-07-14T21:45:19.648-0600][7252.570s][info][gc             ] GC(135) Pause Young (Normal) (G1 Evacuation Pause) 521M->217M(611M) 1.782ms
[2026-07-14T21:45:19.648-0600][7252.570s][info][gc,cpu         ] GC(135) User=0.02s Sys=0.00s Real=0.00s
[2026-07-14T21:47:23.789-0600][7376.711s][info][gc,start       ] GC(136) Pause Young (Normal) (G1 Evacuation Pause)
[2026-07-14T21:47:23.789-0600][7376.711s][info][gc,task        ] GC(136) Using 38 workers of 38 for evacuation
[2026-07-14T21:47:23.791-0600][7376.713s][info][gc,phases      ] GC(136)   Pre Evacuate Collection Set: 0.0ms
[2026-07-14T21:47:23.791-0600][7376.713s][info][gc,phases      ] GC(136)   Evacuate Collection Set: 0.9ms
[2026-07-14T21:47:23.791-0600][7376.713s][info][gc,phases      ] GC(136)   Post Evacuate Collection Set: 0.6ms
[2026-07-14T21:47:23.791-0600][7376.713s][info][gc,phases      ] GC(136)   Other: 0.4ms
[2026-07-14T21:47:23.791-0600][7376.713s][info][gc,heap        ] GC(136) Eden regions: 304->0(304)
[2026-07-14T21:47:23.791-0600][7376.713s][info][gc,heap        ] GC(136) Survivor regions: 1->1(39)
[2026-07-14T21:47:23.791-0600][7376.713s][info][gc,heap        ] GC(136) Old regions: 188->188
[2026-07-14T21:47:23.791-0600][7376.713s][info][gc,heap        ] GC(136) Humongous regions: 38->38
[2026-07-14T21:47:23.791-0600][7376.713s][info][gc,metaspace   ] GC(136) Metaspace: 37512K(39376K)->37512K(39376K) NonClass: 33363K(34640K)->33363K(34640K) Class: 4148K(4736K)->4148K(4736K)
[2026-07-14T21:47:23.791-0600][7376.713s][info][gc             ] GC(136) Pause Young (Normal) (G1 Evacuation Pause) 521M->217M(611M) 2.012ms
[2026-07-14T21:47:23.791-0600][7376.713s][info][gc,cpu         ] GC(136) User=0.00s Sys=0.01s Real=0.01s
[2026-07-14T21:49:27.919-0600][7500.841s][info][gc,start       ] GC(137) Pause Young (Normal) (G1 Evacuation Pause)
[2026-07-14T21:49:27.919-0600][7500.841s][info][gc,task        ] GC(137) Using 38 workers of 38 for evacuation
[2026-07-14T21:49:27.920-0600][7500.842s][info][gc,phases      ] GC(137)   Pre Evacuate Collection Set: 0.0ms
[2026-07-14T21:49:27.920-0600][7500.842s][info][gc,phases      ] GC(137)   Evacuate Collection Set: 0.7ms
[2026-07-14T21:49:27.920-0600][7500.842s][info][gc,phases      ] GC(137)   Post Evacuate Collection Set: 0.4ms
[2026-07-14T21:49:27.921-0600][7500.842s][info][gc,phases      ] GC(137)   Other: 0.2ms
[2026-07-14T21:49:27.921-0600][7500.842s][info][gc,heap        ] GC(137) Eden regions: 304->0(304)
[2026-07-14T21:49:27.921-0600][7500.842s][info][gc,heap        ] GC(137) Survivor regions: 1->1(39)
[2026-07-14T21:49:27.921-0600][7500.842s][info][gc,heap        ] GC(137) Old regions: 188->188
[2026-07-14T21:49:27.921-0600][7500.842s][info][gc,heap        ] GC(137) Humongous regions: 38->38
[2026-07-14T21:49:27.921-0600][7500.842s][info][gc,metaspace   ] GC(137) Metaspace: 37512K(39376K)->37512K(39376K) NonClass: 33363K(34640K)->33363K(34640K) Class: 4148K(4736K)->4148K(4736K)
[2026-07-14T21:49:27.921-0600][7500.842s][info][gc             ] GC(137) Pause Young (Normal) (G1 Evacuation Pause) 521M->217M(611M) 1.266ms
[2026-07-14T21:49:27.921-0600][7500.842s][info][gc,cpu         ] GC(137) User=0.00s Sys=0.01s Real=0.00s
[2026-07-14T21:51:31.466-0600][7624.388s][info][gc,start       ] GC(138) Pause Young (Normal) (G1 Evacuation Pause)
[2026-07-14T21:51:31.466-0600][7624.388s][info][gc,task        ] GC(138) Using 38 workers of 38 for evacuation
[2026-07-14T21:51:31.468-0600][7624.390s][info][gc,phases      ] GC(138)   Pre Evacuate Collection Set: 0.0ms
[2026-07-14T21:51:31.468-0600][7624.390s][info][gc,phases      ] GC(138)   Evacuate Collection Set: 0.8ms
[2026-07-14T21:51:31.468-0600][7624.390s][info][gc,phases      ] GC(138)   Post Evacuate Collection Set: 0.5ms
[2026-07-14T21:51:31.468-0600][7624.390s][info][gc,phases      ] GC(138)   Other: 0.4ms
[2026-07-14T21:51:31.468-0600][7624.390s][info][gc,heap        ] GC(138) Eden regions: 304->0(304)
[2026-07-14T21:51:31.468-0600][7624.390s][info][gc,heap        ] GC(138) Survivor regions: 1->1(39)
[2026-07-14T21:51:31.468-0600][7624.390s][info][gc,heap        ] GC(138) Old regions: 188->188
[2026-07-14T21:51:31.468-0600][7624.390s][info][gc,heap        ] GC(138) Humongous regions: 38->38
[2026-07-14T21:51:31.468-0600][7624.390s][info][gc,metaspace   ] GC(138) Metaspace: 37512K(39376K)->37512K(39376K) NonClass: 33363K(34640K)->33363K(34640K) Class: 4148K(4736K)->4148K(4736K)
[2026-07-14T21:51:31.468-0600][7624.390s][info][gc             ] GC(138) Pause Young (Normal) (G1 Evacuation Pause) 521M->217M(611M) 1.802ms
[2026-07-14T21:51:31.468-0600][7624.390s][info][gc,cpu         ] GC(138) User=0.01s Sys=0.01s Real=0.00s
[2026-07-14T21:53:35.486-0600][7748.408s][info][gc,start       ] GC(139) Pause Young (Normal) (G1 Evacuation Pause)
[2026-07-14T21:53:35.486-0600][7748.408s][info][gc,task        ] GC(139) Using 38 workers of 38 for evacuation
[2026-07-14T21:53:35.488-0600][7748.410s][info][gc,phases      ] GC(139)   Pre Evacuate Collection Set: 0.0ms
[2026-07-14T21:53:35.488-0600][7748.410s][info][gc,phases      ] GC(139)   Evacuate Collection Set: 0.7ms
[2026-07-14T21:53:35.488-0600][7748.410s][info][gc,phases      ] GC(139)   Post Evacuate Collection Set: 0.6ms
[2026-07-14T21:53:35.488-0600][7748.410s][info][gc,phases      ] GC(139)   Other: 0.4ms
[2026-07-14T21:53:35.488-0600][7748.410s][info][gc,heap        ] GC(139) Eden regions: 304->0(304)
[2026-07-14T21:53:35.488-0600][7748.410s][info][gc,heap        ] GC(139) Survivor regions: 1->1(39)
[2026-07-14T21:53:35.488-0600][7748.410s][info][gc,heap        ] GC(139) Old regions: 188->188
[2026-07-14T21:53:35.488-0600][7748.410s][info][gc,heap        ] GC(139) Humongous regions: 38->38
[2026-07-14T21:53:35.488-0600][7748.410s][info][gc,metaspace   ] GC(139) Metaspace: 37513K(39376K)->37513K(39376K) NonClass: 33364K(34640K)->33364K(34640K) Class: 4148K(4736K)->4148K(4736K)
[2026-07-14T21:53:35.488-0600][7748.410s][info][gc             ] GC(139) Pause Young (Normal) (G1 Evacuation Pause) 521M->217M(611M) 1.749ms
[2026-07-14T21:53:35.488-0600][7748.410s][info][gc,cpu         ] GC(139) User=0.01s Sys=0.01s Real=0.00s
[2026-07-14T21:55:39.552-0600][7872.474s][info][gc,start       ] GC(140) Pause Young (Normal) (G1 Evacuation Pause)
[2026-07-14T21:55:39.552-0600][7872.474s][info][gc,task        ] GC(140) Using 38 workers of 38 for evacuation
[2026-07-14T21:55:39.554-0600][7872.476s][info][gc,phases      ] GC(140)   Pre Evacuate Collection Set: 0.0ms
[2026-07-14T21:55:39.554-0600][7872.476s][info][gc,phases      ] GC(140)   Evacuate Collection Set: 0.8ms
[2026-07-14T21:55:39.554-0600][7872.476s][info][gc,phases      ] GC(140)   Post Evacuate Collection Set: 0.6ms
[2026-07-14T21:55:39.554-0600][7872.476s][info][gc,phases      ] GC(140)   Other: 0.4ms
[2026-07-14T21:55:39.554-0600][7872.476s][info][gc,heap        ] GC(140) Eden regions: 304->0(304)
[2026-07-14T21:55:39.554-0600][7872.476s][info][gc,heap        ] GC(140) Survivor regions: 1->1(39)
[2026-07-14T21:55:39.554-0600][7872.476s][info][gc,heap        ] GC(140) Old regions: 188->188
[2026-07-14T21:55:39.554-0600][7872.476s][info][gc,heap        ] GC(140) Humongous regions: 38->38
[2026-07-14T21:55:39.554-0600][7872.476s][info][gc,metaspace   ] GC(140) Metaspace: 37517K(39376K)->37517K(39376K) NonClass: 33368K(34640K)->33368K(34640K) Class: 4148K(4736K)->4148K(4736K)
[2026-07-14T21:55:39.554-0600][7872.476s][info][gc             ] GC(140) Pause Young (Normal) (G1 Evacuation Pause) 521M->217M(611M) 1.882ms
[2026-07-14T21:55:39.554-0600][7872.476s][info][gc,cpu         ] GC(140) User=0.01s Sys=0.02s Real=0.00s
[2026-07-14T21:57:43.738-0600][7996.660s][info][gc,start       ] GC(141) Pause Young (Normal) (G1 Evacuation Pause)
[2026-07-14T21:57:43.738-0600][7996.660s][info][gc,task        ] GC(141) Using 38 workers of 38 for evacuation
[2026-07-14T21:57:43.740-0600][7996.662s][info][gc,phases      ] GC(141)   Pre Evacuate Collection Set: 0.0ms
[2026-07-14T21:57:43.740-0600][7996.662s][info][gc,phases      ] GC(141)   Evacuate Collection Set: 0.8ms
[2026-07-14T21:57:43.740-0600][7996.662s][info][gc,phases      ] GC(141)   Post Evacuate Collection Set: 0.5ms
[2026-07-14T21:57:43.740-0600][7996.662s][info][gc,phases      ] GC(141)   Other: 0.2ms
[2026-07-14T21:57:43.740-0600][7996.662s][info][gc,heap        ] GC(141) Eden regions: 304->0(304)
[2026-07-14T21:57:43.740-0600][7996.662s][info][gc,heap        ] GC(141) Survivor regions: 1->1(39)
[2026-07-14T21:57:43.740-0600][7996.662s][info][gc,heap        ] GC(141) Old regions: 188->188
[2026-07-14T21:57:43.740-0600][7996.662s][info][gc,heap        ] GC(141) Humongous regions: 38->38
[2026-07-14T21:57:43.740-0600][7996.662s][info][gc,metaspace   ] GC(141) Metaspace: 37517K(39376K)->37517K(39376K) NonClass: 33368K(34640K)->33368K(34640K) Class: 4148K(4736K)->4148K(4736K)
[2026-07-14T21:57:43.740-0600][7996.662s][info][gc             ] GC(141) Pause Young (Normal) (G1 Evacuation Pause) 521M->217M(611M) 1.614ms
[2026-07-14T21:57:43.740-0600][7996.662s][info][gc,cpu         ] GC(141) User=0.00s Sys=0.02s Real=0.01s
[2026-07-14T21:59:47.884-0600][8120.806s][info][gc,start       ] GC(142) Pause Young (Normal) (G1 Evacuation Pause)
[2026-07-14T21:59:47.884-0600][8120.806s][info][gc,task        ] GC(142) Using 38 workers of 38 for evacuation
[2026-07-14T21:59:47.886-0600][8120.808s][info][gc,phases      ] GC(142)   Pre Evacuate Collection Set: 0.0ms
[2026-07-14T21:59:47.886-0600][8120.808s][info][gc,phases      ] GC(142)   Evacuate Collection Set: 0.7ms
[2026-07-14T21:59:47.886-0600][8120.808s][info][gc,phases      ] GC(142)   Post Evacuate Collection Set: 0.7ms
[2026-07-14T21:59:47.886-0600][8120.808s][info][gc,phases      ] GC(142)   Other: 0.4ms
[2026-07-14T21:59:47.886-0600][8120.808s][info][gc,heap        ] GC(142) Eden regions: 304->0(304)
[2026-07-14T21:59:47.886-0600][8120.808s][info][gc,heap        ] GC(142) Survivor regions: 1->1(39)
[2026-07-14T21:59:47.886-0600][8120.808s][info][gc,heap        ] GC(142) Old regions: 188->188
[2026-07-14T21:59:47.886-0600][8120.808s][info][gc,heap        ] GC(142) Humongous regions: 38->38
[2026-07-14T21:59:47.886-0600][8120.808s][info][gc,metaspace   ] GC(142) Metaspace: 37521K(39376K)->37521K(39376K) NonClass: 33372K(34640K)->33372K(34640K) Class: 4148K(4736K)->4148K(4736K)
[2026-07-14T21:59:47.886-0600][8120.808s][info][gc             ] GC(142) Pause Young (Normal) (G1 Evacuation Pause) 521M->217M(611M) 1.894ms
[2026-07-14T21:59:47.886-0600][8120.808s][info][gc,cpu         ] GC(142) User=0.00s Sys=0.01s Real=0.00s
[2026-07-14T22:01:51.836-0600][8244.758s][info][gc,start       ] GC(143) Pause Young (Normal) (G1 Evacuation Pause)
[2026-07-14T22:01:51.836-0600][8244.758s][info][gc,task        ] GC(143) Using 38 workers of 38 for evacuation
[2026-07-14T22:01:51.838-0600][8244.759s][info][gc,phases      ] GC(143)   Pre Evacuate Collection Set: 0.0ms
[2026-07-14T22:01:51.838-0600][8244.760s][info][gc,phases      ] GC(143)   Evacuate Collection Set: 0.8ms
[2026-07-14T22:01:51.838-0600][8244.760s][info][gc,phases      ] GC(143)   Post Evacuate Collection Set: 0.5ms
[2026-07-14T22:01:51.838-0600][8244.760s][info][gc,phases      ] GC(143)   Other: 0.2ms
[2026-07-14T22:01:51.838-0600][8244.760s][info][gc,heap        ] GC(143) Eden regions: 304->0(304)
[2026-07-14T22:01:51.838-0600][8244.760s][info][gc,heap        ] GC(143) Survivor regions: 1->1(39)
[2026-07-14T22:01:51.838-0600][8244.760s][info][gc,heap        ] GC(143) Old regions: 188->188
[2026-07-14T22:01:51.838-0600][8244.760s][info][gc,heap        ] GC(143) Humongous regions: 38->38
[2026-07-14T22:01:51.838-0600][8244.760s][info][gc,metaspace   ] GC(143) Metaspace: 37521K(39376K)->37521K(39376K) NonClass: 33372K(34640K)->33372K(34640K) Class: 4149K(4736K)->4149K(4736K)
[2026-07-14T22:01:51.838-0600][8244.760s][info][gc             ] GC(143) Pause Young (Normal) (G1 Evacuation Pause) 521M->217M(611M) 1.593ms
[2026-07-14T22:01:51.838-0600][8244.760s][info][gc,cpu         ] GC(143) User=0.01s Sys=0.02s Real=0.00s
[2026-07-14T22:03:55.925-0600][8368.847s][info][gc,start       ] GC(144) Pause Young (Normal) (G1 Evacuation Pause)
[2026-07-14T22:03:55.925-0600][8368.847s][info][gc,task        ] GC(144) Using 38 workers of 38 for evacuation
[2026-07-14T22:03:55.927-0600][8368.848s][info][gc,phases      ] GC(144)   Pre Evacuate Collection Set: 0.0ms
[2026-07-14T22:03:55.927-0600][8368.848s][info][gc,phases      ] GC(144)   Evacuate Collection Set: 1.0ms
[2026-07-14T22:03:55.927-0600][8368.848s][info][gc,phases      ] GC(144)   Post Evacuate Collection Set: 0.6ms
[2026-07-14T22:03:55.927-0600][8368.849s][info][gc,phases      ] GC(144)   Other: 0.3ms
[2026-07-14T22:03:55.927-0600][8368.849s][info][gc,heap        ] GC(144) Eden regions: 304->0(304)
[2026-07-14T22:03:55.927-0600][8368.849s][info][gc,heap        ] GC(144) Survivor regions: 1->1(39)
[2026-07-14T22:03:55.927-0600][8368.849s][info][gc,heap        ] GC(144) Old regions: 188->188
[2026-07-14T22:03:55.927-0600][8368.849s][info][gc,heap        ] GC(144) Humongous regions: 38->38
[2026-07-14T22:03:55.927-0600][8368.849s][info][gc,metaspace   ] GC(144) Metaspace: 37525K(39376K)->37525K(39376K) NonClass: 33376K(34640K)->33376K(34640K) Class: 4149K(4736K)->4149K(4736K)
[2026-07-14T22:03:55.927-0600][8368.849s][info][gc             ] GC(144) Pause Young (Normal) (G1 Evacuation Pause) 521M->217M(611M) 2.002ms
[2026-07-14T22:03:55.927-0600][8368.849s][info][gc,cpu         ] GC(144) User=0.00s Sys=0.02s Real=0.00s
[2026-07-14T22:05:59.730-0600][8492.652s][info][gc,start       ] GC(145) Pause Young (Normal) (G1 Evacuation Pause)
[2026-07-14T22:05:59.730-0600][8492.652s][info][gc,task        ] GC(145) Using 38 workers of 38 for evacuation
[2026-07-14T22:05:59.731-0600][8492.653s][info][gc,phases      ] GC(145)   Pre Evacuate Collection Set: 0.0ms
[2026-07-14T22:05:59.731-0600][8492.653s][info][gc,phases      ] GC(145)   Evacuate Collection Set: 0.7ms
[2026-07-14T22:05:59.731-0600][8492.653s][info][gc,phases      ] GC(145)   Post Evacuate Collection Set: 0.4ms
[2026-07-14T22:05:59.731-0600][8492.653s][info][gc,phases      ] GC(145)   Other: 0.2ms
[2026-07-14T22:05:59.731-0600][8492.653s][info][gc,heap        ] GC(145) Eden regions: 304->0(304)
[2026-07-14T22:05:59.731-0600][8492.653s][info][gc,heap        ] GC(145) Survivor regions: 1->1(39)
[2026-07-14T22:05:59.731-0600][8492.653s][info][gc,heap        ] GC(145) Old regions: 188->188
[2026-07-14T22:05:59.731-0600][8492.653s][info][gc,heap        ] GC(145) Humongous regions: 38->38
[2026-07-14T22:05:59.731-0600][8492.653s][info][gc,metaspace   ] GC(145) Metaspace: 37525K(39376K)->37525K(39376K) NonClass: 33376K(34640K)->33376K(34640K) Class: 4149K(4736K)->4149K(4736K)
[2026-07-14T22:05:59.731-0600][8492.653s][info][gc             ] GC(145) Pause Young (Normal) (G1 Evacuation Pause) 521M->217M(611M) 1.277ms
[2026-07-14T22:05:59.731-0600][8492.653s][info][gc,cpu         ] GC(145) User=0.01s Sys=0.01s Real=0.00s
[2026-07-14T22:08:03.772-0600][8616.694s][info][gc,start       ] GC(146) Pause Young (Normal) (G1 Evacuation Pause)
[2026-07-14T22:08:03.772-0600][8616.694s][info][gc,task        ] GC(146) Using 38 workers of 38 for evacuation
[2026-07-14T22:08:03.773-0600][8616.695s][info][gc,phases      ] GC(146)   Pre Evacuate Collection Set: 0.0ms
[2026-07-14T22:08:03.773-0600][8616.695s][info][gc,phases      ] GC(146)   Evacuate Collection Set: 0.7ms
[2026-07-14T22:08:03.773-0600][8616.695s][info][gc,phases      ] GC(146)   Post Evacuate Collection Set: 0.5ms
[2026-07-14T22:08:03.773-0600][8616.695s][info][gc,phases      ] GC(146)   Other: 0.4ms
[2026-07-14T22:08:03.773-0600][8616.695s][info][gc,heap        ] GC(146) Eden regions: 304->0(304)
[2026-07-14T22:08:03.773-0600][8616.695s][info][gc,heap        ] GC(146) Survivor regions: 1->1(39)
[2026-07-14T22:08:03.773-0600][8616.695s][info][gc,heap        ] GC(146) Old regions: 188->188
[2026-07-14T22:08:03.773-0600][8616.695s][info][gc,heap        ] GC(146) Humongous regions: 38->38
[2026-07-14T22:08:03.773-0600][8616.695s][info][gc,metaspace   ] GC(146) Metaspace: 37525K(39376K)->37525K(39376K) NonClass: 33376K(34640K)->33376K(34640K) Class: 4149K(4736K)->4149K(4736K)
[2026-07-14T22:08:03.773-0600][8616.695s][info][gc             ] GC(146) Pause Young (Normal) (G1 Evacuation Pause) 521M->217M(611M) 1.710ms
[2026-07-14T22:08:03.773-0600][8616.695s][info][gc,cpu         ] GC(146) User=0.01s Sys=0.01s Real=0.00s
[2026-07-14T22:10:07.976-0600][8740.898s][info][gc,start       ] GC(147) Pause Young (Normal) (G1 Evacuation Pause)
[2026-07-14T22:10:07.976-0600][8740.898s][info][gc,task        ] GC(147) Using 38 workers of 38 for evacuation
[2026-07-14T22:10:07.978-0600][8740.900s][info][gc,phases      ] GC(147)   Pre Evacuate Collection Set: 0.0ms
[2026-07-14T22:10:07.978-0600][8740.900s][info][gc,phases      ] GC(147)   Evacuate Collection Set: 0.9ms
[2026-07-14T22:10:07.978-0600][8740.900s][info][gc,phases      ] GC(147)   Post Evacuate Collection Set: 0.6ms
[2026-07-14T22:10:07.978-0600][8740.900s][info][gc,phases      ] GC(147)   Other: 0.4ms
[2026-07-14T22:10:07.978-0600][8740.900s][info][gc,heap        ] GC(147) Eden regions: 304->0(304)
[2026-07-14T22:10:07.978-0600][8740.900s][info][gc,heap        ] GC(147) Survivor regions: 1->1(39)
[2026-07-14T22:10:07.978-0600][8740.900s][info][gc,heap        ] GC(147) Old regions: 188->188
[2026-07-14T22:10:07.978-0600][8740.900s][info][gc,heap        ] GC(147) Humongous regions: 38->38
[2026-07-14T22:10:07.978-0600][8740.900s][info][gc,metaspace   ] GC(147) Metaspace: 37527K(39376K)->37527K(39376K) NonClass: 33378K(34640K)->33378K(34640K) Class: 4149K(4736K)->4149K(4736K)
[2026-07-14T22:10:07.978-0600][8740.900s][info][gc             ] GC(147) Pause Young (Normal) (G1 Evacuation Pause) 521M->217M(611M) 1.969ms
[2026-07-14T22:10:07.978-0600][8740.900s][info][gc,cpu         ] GC(147) User=0.01s Sys=0.01s Real=0.00s
[2026-07-14T22:12:11.772-0600][8864.694s][info][gc,start       ] GC(148) Pause Young (Normal) (G1 Evacuation Pause)
[2026-07-14T22:12:11.772-0600][8864.694s][info][gc,task        ] GC(148) Using 38 workers of 38 for evacuation
[2026-07-14T22:12:11.774-0600][8864.696s][info][gc,phases      ] GC(148)   Pre Evacuate Collection Set: 0.0ms
[2026-07-14T22:12:11.774-0600][8864.696s][info][gc,phases      ] GC(148)   Evacuate Collection Set: 0.7ms
[2026-07-14T22:12:11.774-0600][8864.696s][info][gc,phases      ] GC(148)   Post Evacuate Collection Set: 0.5ms
[2026-07-14T22:12:11.774-0600][8864.696s][info][gc,phases      ] GC(148)   Other: 0.4ms
[2026-07-14T22:12:11.774-0600][8864.696s][info][gc,heap        ] GC(148) Eden regions: 304->0(304)
[2026-07-14T22:12:11.774-0600][8864.696s][info][gc,heap        ] GC(148) Survivor regions: 1->1(39)
[2026-07-14T22:12:11.774-0600][8864.696s][info][gc,heap        ] GC(148) Old regions: 188->188
[2026-07-14T22:12:11.774-0600][8864.696s][info][gc,heap        ] GC(148) Humongous regions: 38->38
[2026-07-14T22:12:11.774-0600][8864.696s][info][gc,metaspace   ] GC(148) Metaspace: 37534K(39376K)->37534K(39376K) NonClass: 33385K(34640K)->33385K(34640K) Class: 4149K(4736K)->4149K(4736K)
[2026-07-14T22:12:11.774-0600][8864.696s][info][gc             ] GC(148) Pause Young (Normal) (G1 Evacuation Pause) 521M->217M(611M) 1.708ms
[2026-07-14T22:12:11.774-0600][8864.696s][info][gc,cpu         ] GC(148) User=0.00s Sys=0.01s Real=0.00s
[2026-07-14T22:14:15.752-0600][8988.674s][info][gc,start       ] GC(149) Pause Young (Normal) (G1 Evacuation Pause)
[2026-07-14T22:14:15.752-0600][8988.674s][info][gc,task        ] GC(149) Using 38 workers of 38 for evacuation
[2026-07-14T22:14:15.754-0600][8988.676s][info][gc,phases      ] GC(149)   Pre Evacuate Collection Set: 0.0ms
[2026-07-14T22:14:15.754-0600][8988.676s][info][gc,phases      ] GC(149)   Evacuate Collection Set: 0.7ms
[2026-07-14T22:14:15.754-0600][8988.676s][info][gc,phases      ] GC(149)   Post Evacuate Collection Set: 0.6ms
[2026-07-14T22:14:15.754-0600][8988.676s][info][gc,phases      ] GC(149)   Other: 0.4ms
[2026-07-14T22:14:15.754-0600][8988.676s][info][gc,heap        ] GC(149) Eden regions: 304->0(304)
[2026-07-14T22:14:15.754-0600][8988.676s][info][gc,heap        ] GC(149) Survivor regions: 1->1(39)
[2026-07-14T22:14:15.754-0600][8988.676s][info][gc,heap        ] GC(149) Old regions: 188->188
[2026-07-14T22:14:15.754-0600][8988.676s][info][gc,heap        ] GC(149) Humongous regions: 38->38
[2026-07-14T22:14:15.754-0600][8988.676s][info][gc,metaspace   ] GC(149) Metaspace: 37542K(39376K)->37542K(39376K) NonClass: 33392K(34640K)->33392K(34640K) Class: 4149K(4736K)->4149K(4736K)
[2026-07-14T22:14:15.754-0600][8988.676s][info][gc             ] GC(149) Pause Young (Normal) (G1 Evacuation Pause) 521M->217M(611M) 1.777ms
[2026-07-14T22:14:15.754-0600][8988.676s][info][gc,cpu         ] GC(149) User=0.01s Sys=0.01s Real=0.00s
[2026-07-14T22:16:19.877-0600][9112.799s][info][gc,start       ] GC(150) Pause Young (Normal) (G1 Evacuation Pause)
[2026-07-14T22:16:19.877-0600][9112.799s][info][gc,task        ] GC(150) Using 38 workers of 38 for evacuation
[2026-07-14T22:16:19.879-0600][9112.801s][info][gc,phases      ] GC(150)   Pre Evacuate Collection Set: 0.0ms
[2026-07-14T22:16:19.879-0600][9112.801s][info][gc,phases      ] GC(150)   Evacuate Collection Set: 1.1ms
[2026-07-14T22:16:19.879-0600][9112.801s][info][gc,phases      ] GC(150)   Post Evacuate Collection Set: 0.6ms
[2026-07-14T22:16:19.879-0600][9112.801s][info][gc,phases      ] GC(150)   Other: 0.3ms
[2026-07-14T22:16:19.879-0600][9112.801s][info][gc,heap        ] GC(150) Eden regions: 304->0(304)
[2026-07-14T22:16:19.879-0600][9112.801s][info][gc,heap        ] GC(150) Survivor regions: 1->1(39)
[2026-07-14T22:16:19.879-0600][9112.801s][info][gc,heap        ] GC(150) Old regions: 188->188
[2026-07-14T22:16:19.879-0600][9112.801s][info][gc,heap        ] GC(150) Humongous regions: 38->38
[2026-07-14T22:16:19.879-0600][9112.801s][info][gc,metaspace   ] GC(150) Metaspace: 37543K(39376K)->37543K(39376K) NonClass: 33393K(34640K)->33393K(34640K) Class: 4149K(4736K)->4149K(4736K)
[2026-07-14T22:16:19.879-0600][9112.801s][info][gc             ] GC(150) Pause Young (Normal) (G1 Evacuation Pause) 521M->217M(611M) 2.170ms
[2026-07-14T22:16:19.879-0600][9112.801s][info][gc,cpu         ] GC(150) User=0.01s Sys=0.01s Real=0.01s
[2026-07-14T22:18:23.634-0600][9236.555s][info][gc,start       ] GC(151) Pause Young (Normal) (G1 Evacuation Pause)
[2026-07-14T22:18:23.634-0600][9236.555s][info][gc,task        ] GC(151) Using 38 workers of 38 for evacuation
[2026-07-14T22:18:23.635-0600][9236.557s][info][gc,phases      ] GC(151)   Pre Evacuate Collection Set: 0.0ms
[2026-07-14T22:18:23.635-0600][9236.557s][info][gc,phases      ] GC(151)   Evacuate Collection Set: 0.7ms
[2026-07-14T22:18:23.635-0600][9236.557s][info][gc,phases      ] GC(151)   Post Evacuate Collection Set: 0.5ms
[2026-07-14T22:18:23.635-0600][9236.557s][info][gc,phases      ] GC(151)   Other: 0.4ms
[2026-07-14T22:18:23.635-0600][9236.557s][info][gc,heap        ] GC(151) Eden regions: 304->0(304)
[2026-07-14T22:18:23.635-0600][9236.557s][info][gc,heap        ] GC(151) Survivor regions: 1->1(39)
[2026-07-14T22:18:23.635-0600][9236.557s][info][gc,heap        ] GC(151) Old regions: 188->188
[2026-07-14T22:18:23.635-0600][9236.557s][info][gc,heap        ] GC(151) Humongous regions: 38->38
[2026-07-14T22:18:23.635-0600][9236.557s][info][gc,metaspace   ] GC(151) Metaspace: 37543K(39376K)->37543K(39376K) NonClass: 33393K(34640K)->33393K(34640K) Class: 4149K(4736K)->4149K(4736K)
[2026-07-14T22:18:23.635-0600][9236.557s][info][gc             ] GC(151) Pause Young (Normal) (G1 Evacuation Pause) 521M->217M(611M) 1.756ms
[2026-07-14T22:18:23.635-0600][9236.557s][info][gc,cpu         ] GC(151) User=0.00s Sys=0.00s Real=0.00s
[2026-07-14T22:20:27.579-0600][9360.501s][info][gc,start       ] GC(152) Pause Young (Normal) (G1 Evacuation Pause)
[2026-07-14T22:20:27.579-0600][9360.501s][info][gc,task        ] GC(152) Using 38 workers of 38 for evacuation
[2026-07-14T22:20:27.580-0600][9360.502s][info][gc,phases      ] GC(152)   Pre Evacuate Collection Set: 0.0ms
[2026-07-14T22:20:27.580-0600][9360.502s][info][gc,phases      ] GC(152)   Evacuate Collection Set: 0.7ms
[2026-07-14T22:20:27.580-0600][9360.502s][info][gc,phases      ] GC(152)   Post Evacuate Collection Set: 0.4ms
[2026-07-14T22:20:27.580-0600][9360.502s][info][gc,phases      ] GC(152)   Other: 0.2ms
[2026-07-14T22:20:27.580-0600][9360.502s][info][gc,heap        ] GC(152) Eden regions: 304->0(304)
[2026-07-14T22:20:27.580-0600][9360.502s][info][gc,heap        ] GC(152) Survivor regions: 1->1(39)
[2026-07-14T22:20:27.580-0600][9360.502s][info][gc,heap        ] GC(152) Old regions: 188->188
[2026-07-14T22:20:27.580-0600][9360.502s][info][gc,heap        ] GC(152) Humongous regions: 38->38
[2026-07-14T22:20:27.580-0600][9360.502s][info][gc,metaspace   ] GC(152) Metaspace: 37544K(39376K)->37544K(39376K) NonClass: 33394K(34640K)->33394K(34640K) Class: 4149K(4736K)->4149K(4736K)
[2026-07-14T22:20:27.580-0600][9360.502s][info][gc             ] GC(152) Pause Young (Normal) (G1 Evacuation Pause) 521M->217M(611M) 1.258ms
[2026-07-14T22:20:27.580-0600][9360.502s][info][gc,cpu         ] GC(152) User=0.01s Sys=0.00s Real=0.01s
[2026-07-14T22:22:30.945-0600][9483.867s][info][gc,start       ] GC(153) Pause Young (Normal) (G1 Evacuation Pause)
[2026-07-14T22:22:30.945-0600][9483.867s][info][gc,task        ] GC(153) Using 38 workers of 38 for evacuation
[2026-07-14T22:22:30.946-0600][9483.868s][info][gc,phases      ] GC(153)   Pre Evacuate Collection Set: 0.0ms
[2026-07-14T22:22:30.946-0600][9483.868s][info][gc,phases      ] GC(153)   Evacuate Collection Set: 0.7ms
[2026-07-14T22:22:30.946-0600][9483.868s][info][gc,phases      ] GC(153)   Post Evacuate Collection Set: 0.6ms
[2026-07-14T22:22:30.946-0600][9483.868s][info][gc,phases      ] GC(153)   Other: 0.4ms
[2026-07-14T22:22:30.946-0600][9483.868s][info][gc,heap        ] GC(153) Eden regions: 304->0(304)
[2026-07-14T22:22:30.946-0600][9483.868s][info][gc,heap        ] GC(153) Survivor regions: 1->1(39)
[2026-07-14T22:22:30.946-0600][9483.868s][info][gc,heap        ] GC(153) Old regions: 188->188
[2026-07-14T22:22:30.946-0600][9483.868s][info][gc,heap        ] GC(153) Humongous regions: 38->38
[2026-07-14T22:22:30.946-0600][9483.868s][info][gc,metaspace   ] GC(153) Metaspace: 37544K(39376K)->37544K(39376K) NonClass: 33394K(34640K)->33394K(34640K) Class: 4149K(4736K)->4149K(4736K)
[2026-07-14T22:22:30.947-0600][9483.868s][info][gc             ] GC(153) Pause Young (Normal) (G1 Evacuation Pause) 521M->217M(611M) 1.731ms
[2026-07-14T22:22:30.947-0600][9483.868s][info][gc,cpu         ] GC(153) User=0.01s Sys=0.01s Real=0.00s
[2026-07-14T22:24:35.066-0600][9607.988s][info][gc,start       ] GC(154) Pause Young (Normal) (G1 Evacuation Pause)
[2026-07-14T22:24:35.066-0600][9607.988s][info][gc,task        ] GC(154) Using 38 workers of 38 for evacuation
[2026-07-14T22:24:35.068-0600][9607.990s][info][gc,phases      ] GC(154)   Pre Evacuate Collection Set: 0.0ms
[2026-07-14T22:24:35.068-0600][9607.990s][info][gc,phases      ] GC(154)   Evacuate Collection Set: 0.7ms
[2026-07-14T22:24:35.068-0600][9607.990s][info][gc,phases      ] GC(154)   Post Evacuate Collection Set: 0.6ms
[2026-07-14T22:24:35.068-0600][9607.990s][info][gc,phases      ] GC(154)   Other: 0.3ms
[2026-07-14T22:24:35.068-0600][9607.990s][info][gc,heap        ] GC(154) Eden regions: 304->0(304)
[2026-07-14T22:24:35.068-0600][9607.990s][info][gc,heap        ] GC(154) Survivor regions: 1->1(39)
[2026-07-14T22:24:35.068-0600][9607.990s][info][gc,heap        ] GC(154) Old regions: 188->188
[2026-07-14T22:24:35.068-0600][9607.990s][info][gc,heap        ] GC(154) Humongous regions: 38->38
[2026-07-14T22:24:35.068-0600][9607.990s][info][gc,metaspace   ] GC(154) Metaspace: 37544K(39376K)->37544K(39376K) NonClass: 33394K(34640K)->33394K(34640K) Class: 4149K(4736K)->4149K(4736K)
[2026-07-14T22:24:35.068-0600][9607.990s][info][gc             ] GC(154) Pause Young (Normal) (G1 Evacuation Pause) 521M->217M(611M) 1.701ms
[2026-07-14T22:24:35.068-0600][9607.990s][info][gc,cpu         ] GC(154) User=0.00s Sys=0.02s Real=0.00s
[2026-07-14T22:26:38.886-0600][9731.808s][info][gc,start       ] GC(155) Pause Young (Normal) (G1 Evacuation Pause)
[2026-07-14T22:26:38.886-0600][9731.808s][info][gc,task        ] GC(155) Using 38 workers of 38 for evacuation
[2026-07-14T22:26:38.887-0600][9731.809s][info][gc,phases      ] GC(155)   Pre Evacuate Collection Set: 0.0ms
[2026-07-14T22:26:38.887-0600][9731.809s][info][gc,phases      ] GC(155)   Evacuate Collection Set: 0.7ms
[2026-07-14T22:26:38.887-0600][9731.809s][info][gc,phases      ] GC(155)   Post Evacuate Collection Set: 0.6ms
[2026-07-14T22:26:38.888-0600][9731.809s][info][gc,phases      ] GC(155)   Other: 0.4ms
[2026-07-14T22:26:38.888-0600][9731.809s][info][gc,heap        ] GC(155) Eden regions: 304->0(304)
[2026-07-14T22:26:38.888-0600][9731.809s][info][gc,heap        ] GC(155) Survivor regions: 1->1(39)
[2026-07-14T22:26:38.888-0600][9731.809s][info][gc,heap        ] GC(155) Old regions: 188->188
[2026-07-14T22:26:38.888-0600][9731.809s][info][gc,heap        ] GC(155) Humongous regions: 38->38
[2026-07-14T22:26:38.888-0600][9731.809s][info][gc,metaspace   ] GC(155) Metaspace: 37544K(39376K)->37544K(39376K) NonClass: 33394K(34640K)->33394K(34640K) Class: 4149K(4736K)->4149K(4736K)
[2026-07-14T22:26:38.888-0600][9731.809s][info][gc             ] GC(155) Pause Young (Normal) (G1 Evacuation Pause) 521M->217M(611M) 1.838ms
[2026-07-14T22:26:38.888-0600][9731.809s][info][gc,cpu         ] GC(155) User=0.01s Sys=0.01s Real=0.00s
[2026-07-14T22:28:42.849-0600][9855.771s][info][gc,start       ] GC(156) Pause Young (Normal) (G1 Evacuation Pause)
[2026-07-14T22:28:42.849-0600][9855.771s][info][gc,task        ] GC(156) Using 38 workers of 38 for evacuation
[2026-07-14T22:28:42.851-0600][9855.773s][info][gc,phases      ] GC(156)   Pre Evacuate Collection Set: 0.0ms
[2026-07-14T22:28:42.851-0600][9855.773s][info][gc,phases      ] GC(156)   Evacuate Collection Set: 1.0ms
[2026-07-14T22:28:42.851-0600][9855.773s][info][gc,phases      ] GC(156)   Post Evacuate Collection Set: 0.5ms
[2026-07-14T22:28:42.851-0600][9855.773s][info][gc,phases      ] GC(156)   Other: 0.4ms
[2026-07-14T22:28:42.851-0600][9855.773s][info][gc,heap        ] GC(156) Eden regions: 304->0(304)
[2026-07-14T22:28:42.851-0600][9855.773s][info][gc,heap        ] GC(156) Survivor regions: 1->1(39)
[2026-07-14T22:28:42.851-0600][9855.773s][info][gc,heap        ] GC(156) Old regions: 188->188
[2026-07-14T22:28:42.851-0600][9855.773s][info][gc,heap        ] GC(156) Humongous regions: 38->38
[2026-07-14T22:28:42.851-0600][9855.773s][info][gc,metaspace   ] GC(156) Metaspace: 37551K(39632K)->37551K(39632K) NonClass: 33401K(34896K)->33401K(34896K) Class: 4149K(4736K)->4149K(4736K)
[2026-07-14T22:28:42.851-0600][9855.773s][info][gc             ] GC(156) Pause Young (Normal) (G1 Evacuation Pause) 521M->217M(611M) 2.017ms
[2026-07-14T22:28:42.851-0600][9855.773s][info][gc,cpu         ] GC(156) User=0.01s Sys=0.01s Real=0.01s
[2026-07-14T22:30:46.945-0600][9979.867s][info][gc,start       ] GC(157) Pause Young (Normal) (G1 Evacuation Pause)
[2026-07-14T22:30:46.945-0600][9979.867s][info][gc,task        ] GC(157) Using 38 workers of 38 for evacuation
[2026-07-14T22:30:46.946-0600][9979.868s][info][gc,phases      ] GC(157)   Pre Evacuate Collection Set: 0.0ms
[2026-07-14T22:30:46.946-0600][9979.868s][info][gc,phases      ] GC(157)   Evacuate Collection Set: 0.8ms
[2026-07-14T22:30:46.946-0600][9979.868s][info][gc,phases      ] GC(157)   Post Evacuate Collection Set: 0.6ms
[2026-07-14T22:30:46.946-0600][9979.868s][info][gc,phases      ] GC(157)   Other: 0.4ms
[2026-07-14T22:30:46.946-0600][9979.868s][info][gc,heap        ] GC(157) Eden regions: 304->0(304)
[2026-07-14T22:30:46.946-0600][9979.868s][info][gc,heap        ] GC(157) Survivor regions: 1->1(39)
[2026-07-14T22:30:46.946-0600][9979.868s][info][gc,heap        ] GC(157) Old regions: 188->188
[2026-07-14T22:30:46.946-0600][9979.868s][info][gc,heap        ] GC(157) Humongous regions: 38->38
[2026-07-14T22:30:46.946-0600][9979.868s][info][gc,metaspace   ] GC(157) Metaspace: 37551K(39632K)->37551K(39632K) NonClass: 33402K(34896K)->33402K(34896K) Class: 4149K(4736K)->4149K(4736K)
[2026-07-14T22:30:46.947-0600][9979.868s][info][gc             ] GC(157) Pause Young (Normal) (G1 Evacuation Pause) 521M->217M(611M) 1.824ms
[2026-07-14T22:30:46.947-0600][9979.868s][info][gc,cpu         ] GC(157) User=0.01s Sys=0.01s Real=0.00s
[2026-07-14T22:32:51.070-0600][10103.992s][info][gc,start       ] GC(158) Pause Young (Normal) (G1 Evacuation Pause)
[2026-07-14T22:32:51.070-0600][10103.992s][info][gc,task        ] GC(158) Using 38 workers of 38 for evacuation
[2026-07-14T22:32:51.072-0600][10103.994s][info][gc,phases      ] GC(158)   Pre Evacuate Collection Set: 0.0ms
[2026-07-14T22:32:51.072-0600][10103.994s][info][gc,phases      ] GC(158)   Evacuate Collection Set: 0.8ms
[2026-07-14T22:32:51.072-0600][10103.994s][info][gc,phases      ] GC(158)   Post Evacuate Collection Set: 0.5ms
[2026-07-14T22:32:51.072-0600][10103.994s][info][gc,phases      ] GC(158)   Other: 0.4ms
[2026-07-14T22:32:51.072-0600][10103.994s][info][gc,heap        ] GC(158) Eden regions: 304->0(304)
[2026-07-14T22:32:51.072-0600][10103.994s][info][gc,heap        ] GC(158) Survivor regions: 1->1(39)
[2026-07-14T22:32:51.072-0600][10103.994s][info][gc,heap        ] GC(158) Old regions: 188->188
[2026-07-14T22:32:51.072-0600][10103.994s][info][gc,heap        ] GC(158) Humongous regions: 38->38
[2026-07-14T22:32:51.072-0600][10103.994s][info][gc,metaspace   ] GC(158) Metaspace: 37551K(39632K)->37551K(39632K) NonClass: 33402K(34896K)->33402K(34896K) Class: 4149K(4736K)->4149K(4736K)
[2026-07-14T22:32:51.072-0600][10103.994s][info][gc             ] GC(158) Pause Young (Normal) (G1 Evacuation Pause) 521M->217M(611M) 1.810ms
[2026-07-14T22:32:51.072-0600][10103.994s][info][gc,cpu         ] GC(158) User=0.02s Sys=0.00s Real=0.01s
[2026-07-14T22:34:55.052-0600][10227.974s][info][gc,start       ] GC(159) Pause Young (Normal) (G1 Evacuation Pause)
[2026-07-14T22:34:55.052-0600][10227.974s][info][gc,task        ] GC(159) Using 38 workers of 38 for evacuation
[2026-07-14T22:34:55.054-0600][10227.976s][info][gc,phases      ] GC(159)   Pre Evacuate Collection Set: 0.0ms
[2026-07-14T22:34:55.054-0600][10227.976s][info][gc,phases      ] GC(159)   Evacuate Collection Set: 0.7ms
[2026-07-14T22:34:55.054-0600][10227.976s][info][gc,phases      ] GC(159)   Post Evacuate Collection Set: 0.5ms
[2026-07-14T22:34:55.054-0600][10227.976s][info][gc,phases      ] GC(159)   Other: 0.3ms
[2026-07-14T22:34:55.054-0600][10227.976s][info][gc,heap        ] GC(159) Eden regions: 304->0(304)
[2026-07-14T22:34:55.054-0600][10227.976s][info][gc,heap        ] GC(159) Survivor regions: 1->1(39)
[2026-07-14T22:34:55.054-0600][10227.976s][info][gc,heap        ] GC(159) Old regions: 188->188
[2026-07-14T22:34:55.054-0600][10227.976s][info][gc,heap        ] GC(159) Humongous regions: 38->38
[2026-07-14T22:34:55.054-0600][10227.976s][info][gc,metaspace   ] GC(159) Metaspace: 37552K(39632K)->37552K(39632K) NonClass: 33403K(34896K)->33403K(34896K) Class: 4149K(4736K)->4149K(4736K)
[2026-07-14T22:34:55.054-0600][10227.976s][info][gc             ] GC(159) Pause Young (Normal) (G1 Evacuation Pause) 521M->217M(611M) 1.686ms
[2026-07-14T22:34:55.054-0600][10227.976s][info][gc,cpu         ] GC(159) User=0.00s Sys=0.01s Real=0.00s
[2026-07-14T22:36:58.853-0600][10351.775s][info][gc,start       ] GC(160) Pause Young (Normal) (G1 Evacuation Pause)
[2026-07-14T22:36:58.853-0600][10351.775s][info][gc,task        ] GC(160) Using 38 workers of 38 for evacuation
[2026-07-14T22:36:58.854-0600][10351.776s][info][gc,phases      ] GC(160)   Pre Evacuate Collection Set: 0.0ms
[2026-07-14T22:36:58.854-0600][10351.776s][info][gc,phases      ] GC(160)   Evacuate Collection Set: 0.8ms
[2026-07-14T22:36:58.855-0600][10351.776s][info][gc,phases      ] GC(160)   Post Evacuate Collection Set: 0.6ms
[2026-07-14T22:36:58.855-0600][10351.776s][info][gc,phases      ] GC(160)   Other: 0.3ms
[2026-07-14T22:36:58.855-0600][10351.776s][info][gc,heap        ] GC(160) Eden regions: 304->0(304)
[2026-07-14T22:36:58.855-0600][10351.776s][info][gc,heap        ] GC(160) Survivor regions: 1->1(39)
[2026-07-14T22:36:58.855-0600][10351.776s][info][gc,heap        ] GC(160) Old regions: 188->188
[2026-07-14T22:36:58.855-0600][10351.776s][info][gc,heap        ] GC(160) Humongous regions: 38->38
[2026-07-14T22:36:58.855-0600][10351.776s][info][gc,metaspace   ] GC(160) Metaspace: 37552K(39632K)->37552K(39632K) NonClass: 33403K(34896K)->33403K(34896K) Class: 4149K(4736K)->4149K(4736K)
[2026-07-14T22:36:58.855-0600][10351.777s][info][gc             ] GC(160) Pause Young (Normal) (G1 Evacuation Pause) 521M->217M(611M) 1.866ms
[2026-07-14T22:36:58.855-0600][10351.777s][info][gc,cpu         ] GC(160) User=0.01s Sys=0.01s Real=0.00s
[2026-07-14T22:39:02.477-0600][10475.399s][info][gc,start       ] GC(161) Pause Young (Normal) (G1 Evacuation Pause)
[2026-07-14T22:39:02.477-0600][10475.399s][info][gc,task        ] GC(161) Using 38 workers of 38 for evacuation
[2026-07-14T22:39:02.479-0600][10475.401s][info][gc,phases      ] GC(161)   Pre Evacuate Collection Set: 0.0ms
[2026-07-14T22:39:02.479-0600][10475.401s][info][gc,phases      ] GC(161)   Evacuate Collection Set: 0.8ms
[2026-07-14T22:39:02.479-0600][10475.401s][info][gc,phases      ] GC(161)   Post Evacuate Collection Set: 0.6ms
[2026-07-14T22:39:02.479-0600][10475.401s][info][gc,phases      ] GC(161)   Other: 0.3ms
[2026-07-14T22:39:02.479-0600][10475.401s][info][gc,heap        ] GC(161) Eden regions: 304->0(304)
[2026-07-14T22:39:02.479-0600][10475.401s][info][gc,heap        ] GC(161) Survivor regions: 1->1(39)
[2026-07-14T22:39:02.479-0600][10475.401s][info][gc,heap        ] GC(161) Old regions: 188->188
[2026-07-14T22:39:02.479-0600][10475.401s][info][gc,heap        ] GC(161) Humongous regions: 38->38
[2026-07-14T22:39:02.479-0600][10475.401s][info][gc,metaspace   ] GC(161) Metaspace: 37552K(39632K)->37552K(39632K) NonClass: 33403K(34896K)->33403K(34896K) Class: 4149K(4736K)->4149K(4736K)
[2026-07-14T22:39:02.479-0600][10475.401s][info][gc             ] GC(161) Pause Young (Normal) (G1 Evacuation Pause) 521M->217M(611M) 1.822ms
[2026-07-14T22:39:02.479-0600][10475.401s][info][gc,cpu         ] GC(161) User=0.01s Sys=0.01s Real=0.00s
[2026-07-14T22:41:06.280-0600][10599.202s][info][gc,start       ] GC(162) Pause Young (Normal) (G1 Evacuation Pause)
[2026-07-14T22:41:06.280-0600][10599.202s][info][gc,task        ] GC(162) Using 38 workers of 38 for evacuation
[2026-07-14T22:41:06.282-0600][10599.203s][info][gc,phases      ] GC(162)   Pre Evacuate Collection Set: 0.0ms
[2026-07-14T22:41:06.282-0600][10599.203s][info][gc,phases      ] GC(162)   Evacuate Collection Set: 0.7ms
[2026-07-14T22:41:06.282-0600][10599.203s][info][gc,phases      ] GC(162)   Post Evacuate Collection Set: 0.5ms
[2026-07-14T22:41:06.282-0600][10599.204s][info][gc,phases      ] GC(162)   Other: 0.3ms
[2026-07-14T22:41:06.282-0600][10599.204s][info][gc,heap        ] GC(162) Eden regions: 304->0(304)
[2026-07-14T22:41:06.282-0600][10599.204s][info][gc,heap        ] GC(162) Survivor regions: 1->1(39)
[2026-07-14T22:41:06.282-0600][10599.204s][info][gc,heap        ] GC(162) Old regions: 188->188
[2026-07-14T22:41:06.282-0600][10599.204s][info][gc,heap        ] GC(162) Humongous regions: 38->38
[2026-07-14T22:41:06.282-0600][10599.204s][info][gc,metaspace   ] GC(162) Metaspace: 37552K(39632K)->37552K(39632K) NonClass: 33403K(34896K)->33403K(34896K) Class: 4149K(4736K)->4149K(4736K)
[2026-07-14T22:41:06.282-0600][10599.204s][info][gc             ] GC(162) Pause Young (Normal) (G1 Evacuation Pause) 521M->217M(611M) 1.681ms
[2026-07-14T22:41:06.282-0600][10599.204s][info][gc,cpu         ] GC(162) User=0.01s Sys=0.01s Real=0.00s
[2026-07-14T22:43:10.413-0600][10723.334s][info][gc,start       ] GC(163) Pause Young (Normal) (G1 Evacuation Pause)
[2026-07-14T22:43:10.413-0600][10723.335s][info][gc,task        ] GC(163) Using 38 workers of 38 for evacuation
[2026-07-14T22:43:10.414-0600][10723.336s][info][gc,phases      ] GC(163)   Pre Evacuate Collection Set: 0.0ms
[2026-07-14T22:43:10.414-0600][10723.336s][info][gc,phases      ] GC(163)   Evacuate Collection Set: 0.7ms
[2026-07-14T22:43:10.414-0600][10723.336s][info][gc,phases      ] GC(163)   Post Evacuate Collection Set: 0.6ms
[2026-07-14T22:43:10.414-0600][10723.336s][info][gc,phases      ] GC(163)   Other: 0.4ms
[2026-07-14T22:43:10.414-0600][10723.336s][info][gc,heap        ] GC(163) Eden regions: 304->0(304)
[2026-07-14T22:43:10.414-0600][10723.336s][info][gc,heap        ] GC(163) Survivor regions: 1->1(39)
[2026-07-14T22:43:10.414-0600][10723.336s][info][gc,heap        ] GC(163) Old regions: 188->188
[2026-07-14T22:43:10.414-0600][10723.336s][info][gc,heap        ] GC(163) Humongous regions: 38->38
[2026-07-14T22:43:10.414-0600][10723.336s][info][gc,metaspace   ] GC(163) Metaspace: 37552K(39632K)->37552K(39632K) NonClass: 33403K(34896K)->33403K(34896K) Class: 4149K(4736K)->4149K(4736K)
[2026-07-14T22:43:10.414-0600][10723.336s][info][gc             ] GC(163) Pause Young (Normal) (G1 Evacuation Pause) 521M->217M(611M) 1.810ms
[2026-07-14T22:43:10.414-0600][10723.336s][info][gc,cpu         ] GC(163) User=0.01s Sys=0.01s Real=0.00s
[2026-07-14T22:45:14.552-0600][10847.474s][info][gc,start       ] GC(164) Pause Young (Normal) (G1 Evacuation Pause)
[2026-07-14T22:45:14.552-0600][10847.474s][info][gc,task        ] GC(164) Using 38 workers of 38 for evacuation
[2026-07-14T22:45:14.554-0600][10847.476s][info][gc,phases      ] GC(164)   Pre Evacuate Collection Set: 0.0ms
[2026-07-14T22:45:14.554-0600][10847.476s][info][gc,phases      ] GC(164)   Evacuate Collection Set: 0.7ms
[2026-07-14T22:45:14.554-0600][10847.476s][info][gc,phases      ] GC(164)   Post Evacuate Collection Set: 0.6ms
[2026-07-14T22:45:14.554-0600][10847.476s][info][gc,phases      ] GC(164)   Other: 0.4ms
[2026-07-14T22:45:14.554-0600][10847.476s][info][gc,heap        ] GC(164) Eden regions: 304->0(304)
[2026-07-14T22:45:14.554-0600][10847.476s][info][gc,heap        ] GC(164) Survivor regions: 1->1(39)
[2026-07-14T22:45:14.554-0600][10847.476s][info][gc,heap        ] GC(164) Old regions: 188->188
[2026-07-14T22:45:14.554-0600][10847.476s][info][gc,heap        ] GC(164) Humongous regions: 38->38
[2026-07-14T22:45:14.554-0600][10847.476s][info][gc,metaspace   ] GC(164) Metaspace: 37552K(39632K)->37552K(39632K) NonClass: 33403K(34896K)->33403K(34896K) Class: 4149K(4736K)->4149K(4736K)
[2026-07-14T22:45:14.554-0600][10847.476s][info][gc             ] GC(164) Pause Young (Normal) (G1 Evacuation Pause) 521M->217M(611M) 1.798ms
[2026-07-14T22:45:14.554-0600][10847.476s][info][gc,cpu         ] GC(164) User=0.00s Sys=0.01s Real=0.00s
[2026-07-14T22:47:18.691-0600][10971.612s][info][gc,start       ] GC(165) Pause Young (Normal) (G1 Evacuation Pause)
[2026-07-14T22:47:18.691-0600][10971.612s][info][gc,task        ] GC(165) Using 38 workers of 38 for evacuation
[2026-07-14T22:47:18.692-0600][10971.614s][info][gc,phases      ] GC(165)   Pre Evacuate Collection Set: 0.0ms
[2026-07-14T22:47:18.692-0600][10971.614s][info][gc,phases      ] GC(165)   Evacuate Collection Set: 0.7ms
[2026-07-14T22:47:18.692-0600][10971.614s][info][gc,phases      ] GC(165)   Post Evacuate Collection Set: 0.6ms
[2026-07-14T22:47:18.692-0600][10971.614s][info][gc,phases      ] GC(165)   Other: 0.4ms
[2026-07-14T22:47:18.692-0600][10971.614s][info][gc,heap        ] GC(165) Eden regions: 304->0(304)
[2026-07-14T22:47:18.692-0600][10971.614s][info][gc,heap        ] GC(165) Survivor regions: 1->1(39)
[2026-07-14T22:47:18.692-0600][10971.614s][info][gc,heap        ] GC(165) Old regions: 188->188
[2026-07-14T22:47:18.692-0600][10971.614s][info][gc,heap        ] GC(165) Humongous regions: 38->38
[2026-07-14T22:47:18.692-0600][10971.614s][info][gc,metaspace   ] GC(165) Metaspace: 37554K(39632K)->37554K(39632K) NonClass: 33404K(34896K)->33404K(34896K) Class: 4149K(4736K)->4149K(4736K)
[2026-07-14T22:47:18.692-0600][10971.614s][info][gc             ] GC(165) Pause Young (Normal) (G1 Evacuation Pause) 521M->217M(611M) 1.791ms
[2026-07-14T22:47:18.692-0600][10971.614s][info][gc,cpu         ] GC(165) User=0.01s Sys=0.00s Real=0.01s
[2026-07-14T22:49:22.731-0600][11095.653s][info][gc,start       ] GC(166) Pause Young (Normal) (G1 Evacuation Pause)
[2026-07-14T22:49:22.731-0600][11095.653s][info][gc,task        ] GC(166) Using 38 workers of 38 for evacuation
[2026-07-14T22:49:22.733-0600][11095.655s][info][gc,phases      ] GC(166)   Pre Evacuate Collection Set: 0.0ms
[2026-07-14T22:49:22.733-0600][11095.655s][info][gc,phases      ] GC(166)   Evacuate Collection Set: 0.8ms
[2026-07-14T22:49:22.733-0600][11095.655s][info][gc,phases      ] GC(166)   Post Evacuate Collection Set: 0.6ms
[2026-07-14T22:49:22.733-0600][11095.655s][info][gc,phases      ] GC(166)   Other: 0.4ms
[2026-07-14T22:49:22.733-0600][11095.655s][info][gc,heap        ] GC(166) Eden regions: 304->0(304)
[2026-07-14T22:49:22.733-0600][11095.655s][info][gc,heap        ] GC(166) Survivor regions: 1->1(39)
[2026-07-14T22:49:22.733-0600][11095.655s][info][gc,heap        ] GC(166) Old regions: 188->188
[2026-07-14T22:49:22.733-0600][11095.655s][info][gc,heap        ] GC(166) Humongous regions: 38->38
[2026-07-14T22:49:22.733-0600][11095.655s][info][gc,metaspace   ] GC(166) Metaspace: 37554K(39632K)->37554K(39632K) NonClass: 33404K(34896K)->33404K(34896K) Class: 4149K(4736K)->4149K(4736K)
[2026-07-14T22:49:22.733-0600][11095.655s][info][gc             ] GC(166) Pause Young (Normal) (G1 Evacuation Pause) 521M->217M(611M) 1.905ms
[2026-07-14T22:49:22.733-0600][11095.655s][info][gc,cpu         ] GC(166) User=0.00s Sys=0.02s Real=0.00s
[2026-07-14T22:51:26.766-0600][11219.688s][info][gc,start       ] GC(167) Pause Young (Normal) (G1 Evacuation Pause)
[2026-07-14T22:51:26.766-0600][11219.688s][info][gc,task        ] GC(167) Using 38 workers of 38 for evacuation
[2026-07-14T22:51:26.768-0600][11219.689s][info][gc,phases      ] GC(167)   Pre Evacuate Collection Set: 0.0ms
[2026-07-14T22:51:26.768-0600][11219.689s][info][gc,phases      ] GC(167)   Evacuate Collection Set: 0.7ms
[2026-07-14T22:51:26.768-0600][11219.689s][info][gc,phases      ] GC(167)   Post Evacuate Collection Set: 0.6ms
[2026-07-14T22:51:26.768-0600][11219.689s][info][gc,phases      ] GC(167)   Other: 0.4ms
[2026-07-14T22:51:26.768-0600][11219.689s][info][gc,heap        ] GC(167) Eden regions: 304->0(304)
[2026-07-14T22:51:26.768-0600][11219.689s][info][gc,heap        ] GC(167) Survivor regions: 1->1(39)
[2026-07-14T22:51:26.768-0600][11219.689s][info][gc,heap        ] GC(167) Old regions: 188->188
[2026-07-14T22:51:26.768-0600][11219.689s][info][gc,heap        ] GC(167) Humongous regions: 38->38
[2026-07-14T22:51:26.768-0600][11219.690s][info][gc,metaspace   ] GC(167) Metaspace: 37554K(39632K)->37554K(39632K) NonClass: 33404K(34896K)->33404K(34896K) Class: 4149K(4736K)->4149K(4736K)
[2026-07-14T22:51:26.768-0600][11219.690s][info][gc             ] GC(167) Pause Young (Normal) (G1 Evacuation Pause) 521M->217M(611M) 1.830ms
[2026-07-14T22:51:26.768-0600][11219.690s][info][gc,cpu         ] GC(167) User=0.01s Sys=0.01s Real=0.00s
[2026-07-14T22:53:30.571-0600][11343.493s][info][gc,start       ] GC(168) Pause Young (Normal) (G1 Evacuation Pause)
[2026-07-14T22:53:30.571-0600][11343.493s][info][gc,task        ] GC(168) Using 38 workers of 38 for evacuation
[2026-07-14T22:53:30.572-0600][11343.494s][info][gc,phases      ] GC(168)   Pre Evacuate Collection Set: 0.0ms
[2026-07-14T22:53:30.572-0600][11343.494s][info][gc,phases      ] GC(168)   Evacuate Collection Set: 0.7ms
[2026-07-14T22:53:30.572-0600][11343.494s][info][gc,phases      ] GC(168)   Post Evacuate Collection Set: 0.5ms
[2026-07-14T22:53:30.572-0600][11343.494s][info][gc,phases      ] GC(168)   Other: 0.4ms
[2026-07-14T22:53:30.572-0600][11343.494s][info][gc,heap        ] GC(168) Eden regions: 304->0(304)
[2026-07-14T22:53:30.572-0600][11343.494s][info][gc,heap        ] GC(168) Survivor regions: 1->1(39)
[2026-07-14T22:53:30.572-0600][11343.494s][info][gc,heap        ] GC(168) Old regions: 188->188
[2026-07-14T22:53:30.572-0600][11343.494s][info][gc,heap        ] GC(168) Humongous regions: 38->38
[2026-07-14T22:53:30.572-0600][11343.494s][info][gc,metaspace   ] GC(168) Metaspace: 37554K(39632K)->37554K(39632K) NonClass: 33404K(34896K)->33404K(34896K) Class: 4149K(4736K)->4149K(4736K)
[2026-07-14T22:53:30.572-0600][11343.494s][info][gc             ] GC(168) Pause Young (Normal) (G1 Evacuation Pause) 521M->217M(611M) 1.668ms
[2026-07-14T22:53:30.572-0600][11343.494s][info][gc,cpu         ] GC(168) User=0.02s Sys=0.00s Real=0.01s
[2026-07-14T22:55:34.413-0600][11467.335s][info][gc,start       ] GC(169) Pause Young (Normal) (G1 Evacuation Pause)
[2026-07-14T22:55:34.413-0600][11467.335s][info][gc,task        ] GC(169) Using 38 workers of 38 for evacuation
[2026-07-14T22:55:34.415-0600][11467.337s][info][gc,phases      ] GC(169)   Pre Evacuate Collection Set: 0.0ms
[2026-07-14T22:55:34.415-0600][11467.337s][info][gc,phases      ] GC(169)   Evacuate Collection Set: 0.7ms
[2026-07-14T22:55:34.415-0600][11467.337s][info][gc,phases      ] GC(169)   Post Evacuate Collection Set: 0.8ms
[2026-07-14T22:55:34.415-0600][11467.337s][info][gc,phases      ] GC(169)   Other: 0.4ms
[2026-07-14T22:55:34.415-0600][11467.337s][info][gc,heap        ] GC(169) Eden regions: 304->0(304)
[2026-07-14T22:55:34.415-0600][11467.337s][info][gc,heap        ] GC(169) Survivor regions: 1->1(39)
[2026-07-14T22:55:34.415-0600][11467.337s][info][gc,heap        ] GC(169) Old regions: 188->188
[2026-07-14T22:55:34.415-0600][11467.337s][info][gc,heap        ] GC(169) Humongous regions: 38->38
[2026-07-14T22:55:34.415-0600][11467.337s][info][gc,metaspace   ] GC(169) Metaspace: 37554K(39632K)->37554K(39632K) NonClass: 33404K(34896K)->33404K(34896K) Class: 4149K(4736K)->4149K(4736K)
[2026-07-14T22:55:34.415-0600][11467.337s][info][gc             ] GC(169) Pause Young (Normal) (G1 Evacuation Pause) 521M->217M(611M) 2.058ms
[2026-07-14T22:55:34.415-0600][11467.337s][info][gc,cpu         ] GC(169) User=0.01s Sys=0.01s Real=0.00s
[2026-07-14T22:57:38.581-0600][11591.503s][info][gc,start       ] GC(170) Pause Young (Normal) (G1 Evacuation Pause)
[2026-07-14T22:57:38.581-0600][11591.503s][info][gc,task        ] GC(170) Using 38 workers of 38 for evacuation
[2026-07-14T22:57:38.583-0600][11591.505s][info][gc,phases      ] GC(170)   Pre Evacuate Collection Set: 0.0ms
[2026-07-14T22:57:38.583-0600][11591.505s][info][gc,phases      ] GC(170)   Evacuate Collection Set: 1.0ms
[2026-07-14T22:57:38.583-0600][11591.505s][info][gc,phases      ] GC(170)   Post Evacuate Collection Set: 0.6ms
[2026-07-14T22:57:38.583-0600][11591.505s][info][gc,phases      ] GC(170)   Other: 0.4ms
[2026-07-14T22:57:38.583-0600][11591.505s][info][gc,heap        ] GC(170) Eden regions: 304->0(304)
[2026-07-14T22:57:38.583-0600][11591.505s][info][gc,heap        ] GC(170) Survivor regions: 1->1(39)
[2026-07-14T22:57:38.583-0600][11591.505s][info][gc,heap        ] GC(170) Old regions: 188->188
[2026-07-14T22:57:38.583-0600][11591.505s][info][gc,heap        ] GC(170) Humongous regions: 38->38
[2026-07-14T22:57:38.583-0600][11591.505s][info][gc,metaspace   ] GC(170) Metaspace: 37554K(39632K)->37554K(39632K) NonClass: 33404K(34896K)->33404K(34896K) Class: 4149K(4736K)->4149K(4736K)
[2026-07-14T22:57:38.583-0600][11591.505s][info][gc             ] GC(170) Pause Young (Normal) (G1 Evacuation Pause) 521M->217M(611M) 2.082ms
[2026-07-14T22:57:38.583-0600][11591.505s][info][gc,cpu         ] GC(170) User=0.01s Sys=0.01s Real=0.00s
[2026-07-14T22:59:42.646-0600][11715.568s][info][gc,start       ] GC(171) Pause Young (Normal) (G1 Evacuation Pause)
[2026-07-14T22:59:42.646-0600][11715.568s][info][gc,task        ] GC(171) Using 38 workers of 38 for evacuation
[2026-07-14T22:59:42.647-0600][11715.569s][info][gc,phases      ] GC(171)   Pre Evacuate Collection Set: 0.0ms
[2026-07-14T22:59:42.647-0600][11715.569s][info][gc,phases      ] GC(171)   Evacuate Collection Set: 0.8ms
[2026-07-14T22:59:42.647-0600][11715.569s][info][gc,phases      ] GC(171)   Post Evacuate Collection Set: 0.6ms
[2026-07-14T22:59:42.647-0600][11715.569s][info][gc,phases      ] GC(171)   Other: 0.4ms
[2026-07-14T22:59:42.647-0600][11715.569s][info][gc,heap        ] GC(171) Eden regions: 304->0(304)
[2026-07-14T22:59:42.647-0600][11715.569s][info][gc,heap        ] GC(171) Survivor regions: 1->1(39)
[2026-07-14T22:59:42.647-0600][11715.569s][info][gc,heap        ] GC(171) Old regions: 188->188
[2026-07-14T22:59:42.647-0600][11715.569s][info][gc,heap        ] GC(171) Humongous regions: 38->38
[2026-07-14T22:59:42.647-0600][11715.569s][info][gc,metaspace   ] GC(171) Metaspace: 37554K(39632K)->37554K(39632K) NonClass: 33405K(34896K)->33405K(34896K) Class: 4149K(4736K)->4149K(4736K)
[2026-07-14T22:59:42.648-0600][11715.569s][info][gc             ] GC(171) Pause Young (Normal) (G1 Evacuation Pause) 521M->217M(611M) 1.921ms
[2026-07-14T22:59:42.648-0600][11715.569s][info][gc,cpu         ] GC(171) User=0.01s Sys=0.00s Real=0.00s
[2026-07-14T23:01:46.659-0600][11839.581s][info][gc,start       ] GC(172) Pause Young (Normal) (G1 Evacuation Pause)
[2026-07-14T23:01:46.659-0600][11839.581s][info][gc,task        ] GC(172) Using 38 workers of 38 for evacuation
[2026-07-14T23:01:46.661-0600][11839.583s][info][gc,phases      ] GC(172)   Pre Evacuate Collection Set: 0.0ms
[2026-07-14T23:01:46.661-0600][11839.583s][info][gc,phases      ] GC(172)   Evacuate Collection Set: 0.9ms
[2026-07-14T23:01:46.661-0600][11839.583s][info][gc,phases      ] GC(172)   Post Evacuate Collection Set: 0.6ms
[2026-07-14T23:01:46.661-0600][11839.583s][info][gc,phases      ] GC(172)   Other: 0.4ms
[2026-07-14T23:01:46.661-0600][11839.583s][info][gc,heap        ] GC(172) Eden regions: 304->0(304)
[2026-07-14T23:01:46.661-0600][11839.583s][info][gc,heap        ] GC(172) Survivor regions: 1->1(39)
[2026-07-14T23:01:46.661-0600][11839.583s][info][gc,heap        ] GC(172) Old regions: 188->188
[2026-07-14T23:01:46.661-0600][11839.583s][info][gc,heap        ] GC(172) Humongous regions: 38->38
[2026-07-14T23:01:46.661-0600][11839.583s][info][gc,metaspace   ] GC(172) Metaspace: 37554K(39632K)->37554K(39632K) NonClass: 33405K(34896K)->33405K(34896K) Class: 4149K(4736K)->4149K(4736K)
[2026-07-14T23:01:46.661-0600][11839.583s][info][gc             ] GC(172) Pause Young (Normal) (G1 Evacuation Pause) 521M->217M(611M) 1.941ms
[2026-07-14T23:01:46.661-0600][11839.583s][info][gc,cpu         ] GC(172) User=0.00s Sys=0.02s Real=0.00s
[2026-07-14T23:03:50.553-0600][11963.475s][info][gc,start       ] GC(173) Pause Young (Normal) (G1 Evacuation Pause)
[2026-07-14T23:03:50.553-0600][11963.475s][info][gc,task        ] GC(173) Using 38 workers of 38 for evacuation
[2026-07-14T23:03:50.555-0600][11963.477s][info][gc,phases      ] GC(173)   Pre Evacuate Collection Set: 0.0ms
[2026-07-14T23:03:50.555-0600][11963.477s][info][gc,phases      ] GC(173)   Evacuate Collection Set: 1.0ms
[2026-07-14T23:03:50.555-0600][11963.477s][info][gc,phases      ] GC(173)   Post Evacuate Collection Set: 0.4ms
[2026-07-14T23:03:50.555-0600][11963.477s][info][gc,phases      ] GC(173)   Other: 0.2ms
[2026-07-14T23:03:50.555-0600][11963.477s][info][gc,heap        ] GC(173) Eden regions: 304->0(304)
[2026-07-14T23:03:50.555-0600][11963.477s][info][gc,heap        ] GC(173) Survivor regions: 1->1(39)
[2026-07-14T23:03:50.555-0600][11963.477s][info][gc,heap        ] GC(173) Old regions: 188->188
[2026-07-14T23:03:50.555-0600][11963.477s][info][gc,heap        ] GC(173) Humongous regions: 38->38
[2026-07-14T23:03:50.555-0600][11963.477s][info][gc,metaspace   ] GC(173) Metaspace: 37554K(39632K)->37554K(39632K) NonClass: 33405K(34896K)->33405K(34896K) Class: 4149K(4736K)->4149K(4736K)
[2026-07-14T23:03:50.555-0600][11963.477s][info][gc             ] GC(173) Pause Young (Normal) (G1 Evacuation Pause) 521M->217M(611M) 1.657ms
[2026-07-14T23:03:50.555-0600][11963.477s][info][gc,cpu         ] GC(173) User=0.00s Sys=0.02s Real=0.00s
[2026-07-14T23:05:54.383-0600][12087.305s][info][gc,start       ] GC(174) Pause Young (Normal) (G1 Evacuation Pause)
[2026-07-14T23:05:54.383-0600][12087.305s][info][gc,task        ] GC(174) Using 38 workers of 38 for evacuation
[2026-07-14T23:05:54.385-0600][12087.307s][info][gc,phases      ] GC(174)   Pre Evacuate Collection Set: 0.0ms
[2026-07-14T23:05:54.385-0600][12087.307s][info][gc,phases      ] GC(174)   Evacuate Collection Set: 1.0ms
[2026-07-14T23:05:54.385-0600][12087.307s][info][gc,phases      ] GC(174)   Post Evacuate Collection Set: 0.5ms
[2026-07-14T23:05:54.385-0600][12087.307s][info][gc,phases      ] GC(174)   Other: 0.4ms
[2026-07-14T23:05:54.385-0600][12087.307s][info][gc,heap        ] GC(174) Eden regions: 304->0(304)
[2026-07-14T23:05:54.385-0600][12087.307s][info][gc,heap        ] GC(174) Survivor regions: 1->1(39)
[2026-07-14T23:05:54.385-0600][12087.307s][info][gc,heap        ] GC(174) Old regions: 188->188
[2026-07-14T23:05:54.385-0600][12087.307s][info][gc,heap        ] GC(174) Humongous regions: 38->38
[2026-07-14T23:05:54.385-0600][12087.307s][info][gc,metaspace   ] GC(174) Metaspace: 37554K(39632K)->37554K(39632K) NonClass: 33405K(34896K)->33405K(34896K) Class: 4149K(4736K)->4149K(4736K)
[2026-07-14T23:05:54.385-0600][12087.307s][info][gc             ] GC(174) Pause Young (Normal) (G1 Evacuation Pause) 521M->217M(611M) 2.096ms
[2026-07-14T23:05:54.385-0600][12087.307s][info][gc,cpu         ] GC(174) User=0.00s Sys=0.01s Real=0.00s
[2026-07-14T23:07:58.464-0600][12211.385s][info][gc,start       ] GC(175) Pause Young (Normal) (G1 Evacuation Pause)
[2026-07-14T23:07:58.464-0600][12211.385s][info][gc,task        ] GC(175) Using 38 workers of 38 for evacuation
[2026-07-14T23:07:58.465-0600][12211.387s][info][gc,phases      ] GC(175)   Pre Evacuate Collection Set: 0.0ms
[2026-07-14T23:07:58.465-0600][12211.387s][info][gc,phases      ] GC(175)   Evacuate Collection Set: 0.7ms
[2026-07-14T23:07:58.465-0600][12211.387s][info][gc,phases      ] GC(175)   Post Evacuate Collection Set: 0.5ms
[2026-07-14T23:07:58.465-0600][12211.387s][info][gc,phases      ] GC(175)   Other: 0.4ms
[2026-07-14T23:07:58.465-0600][12211.387s][info][gc,heap        ] GC(175) Eden regions: 304->0(304)
[2026-07-14T23:07:58.465-0600][12211.387s][info][gc,heap        ] GC(175) Survivor regions: 1->1(39)
[2026-07-14T23:07:58.465-0600][12211.387s][info][gc,heap        ] GC(175) Old regions: 188->188
[2026-07-14T23:07:58.465-0600][12211.387s][info][gc,heap        ] GC(175) Humongous regions: 38->38
[2026-07-14T23:07:58.465-0600][12211.387s][info][gc,metaspace   ] GC(175) Metaspace: 37554K(39632K)->37554K(39632K) NonClass: 33405K(34896K)->33405K(34896K) Class: 4149K(4736K)->4149K(4736K)
[2026-07-14T23:07:58.465-0600][12211.387s][info][gc             ] GC(175) Pause Young (Normal) (G1 Evacuation Pause) 521M->217M(611M) 1.718ms
[2026-07-14T23:07:58.465-0600][12211.387s][info][gc,cpu         ] GC(175) User=0.01s Sys=0.01s Real=0.00s
[2026-07-14T23:10:02.157-0600][12335.078s][info][gc,start       ] GC(176) Pause Young (Normal) (G1 Evacuation Pause)
[2026-07-14T23:10:02.157-0600][12335.078s][info][gc,task        ] GC(176) Using 38 workers of 38 for evacuation
[2026-07-14T23:10:02.158-0600][12335.080s][info][gc,phases      ] GC(176)   Pre Evacuate Collection Set: 0.0ms
[2026-07-14T23:10:02.158-0600][12335.080s][info][gc,phases      ] GC(176)   Evacuate Collection Set: 0.8ms
[2026-07-14T23:10:02.158-0600][12335.080s][info][gc,phases      ] GC(176)   Post Evacuate Collection Set: 0.5ms
[2026-07-14T23:10:02.158-0600][12335.080s][info][gc,phases      ] GC(176)   Other: 0.4ms
[2026-07-14T23:10:02.158-0600][12335.080s][info][gc,heap        ] GC(176) Eden regions: 304->0(304)
[2026-07-14T23:10:02.158-0600][12335.080s][info][gc,heap        ] GC(176) Survivor regions: 1->1(39)
[2026-07-14T23:10:02.158-0600][12335.080s][info][gc,heap        ] GC(176) Old regions: 188->188
[2026-07-14T23:10:02.158-0600][12335.080s][info][gc,heap        ] GC(176) Humongous regions: 38->38
[2026-07-14T23:10:02.158-0600][12335.080s][info][gc,metaspace   ] GC(176) Metaspace: 37554K(39632K)->37554K(39632K) NonClass: 33405K(34896K)->33405K(34896K) Class: 4149K(4736K)->4149K(4736K)
[2026-07-14T23:10:02.158-0600][12335.080s][info][gc             ] GC(176) Pause Young (Normal) (G1 Evacuation Pause) 521M->217M(611M) 1.771ms
[2026-07-14T23:10:02.158-0600][12335.080s][info][gc,cpu         ] GC(176) User=0.01s Sys=0.01s Real=0.00s
[2026-07-14T23:12:06.269-0600][12459.191s][info][gc,start       ] GC(177) Pause Young (Normal) (G1 Evacuation Pause)
[2026-07-14T23:12:06.269-0600][12459.191s][info][gc,task        ] GC(177) Using 38 workers of 38 for evacuation
[2026-07-14T23:12:06.271-0600][12459.193s][info][gc,phases      ] GC(177)   Pre Evacuate Collection Set: 0.0ms
[2026-07-14T23:12:06.271-0600][12459.193s][info][gc,phases      ] GC(177)   Evacuate Collection Set: 0.8ms
[2026-07-14T23:12:06.271-0600][12459.193s][info][gc,phases      ] GC(177)   Post Evacuate Collection Set: 0.6ms
[2026-07-14T23:12:06.271-0600][12459.193s][info][gc,phases      ] GC(177)   Other: 0.4ms
[2026-07-14T23:12:06.271-0600][12459.193s][info][gc,heap        ] GC(177) Eden regions: 304->0(304)
[2026-07-14T23:12:06.271-0600][12459.193s][info][gc,heap        ] GC(177) Survivor regions: 1->1(39)
[2026-07-14T23:12:06.271-0600][12459.193s][info][gc,heap        ] GC(177) Old regions: 188->188
[2026-07-14T23:12:06.271-0600][12459.193s][info][gc,heap        ] GC(177) Humongous regions: 38->38
[2026-07-14T23:12:06.271-0600][12459.193s][info][gc,metaspace   ] GC(177) Metaspace: 37554K(39632K)->37554K(39632K) NonClass: 33405K(34896K)->33405K(34896K) Class: 4149K(4736K)->4149K(4736K)
[2026-07-14T23:12:06.271-0600][12459.193s][info][gc             ] GC(177) Pause Young (Normal) (G1 Evacuation Pause) 521M->217M(611M) 1.867ms
[2026-07-14T23:12:06.271-0600][12459.193s][info][gc,cpu         ] GC(177) User=0.00s Sys=0.01s Real=0.00s
[2026-07-14T23:14:10.388-0600][12583.310s][info][gc,start       ] GC(178) Pause Young (Normal) (G1 Evacuation Pause)
[2026-07-14T23:14:10.388-0600][12583.310s][info][gc,task        ] GC(178) Using 38 workers of 38 for evacuation
[2026-07-14T23:14:10.390-0600][12583.312s][info][gc,phases      ] GC(178)   Pre Evacuate Collection Set: 0.0ms
[2026-07-14T23:14:10.390-0600][12583.312s][info][gc,phases      ] GC(178)   Evacuate Collection Set: 0.7ms
[2026-07-14T23:14:10.390-0600][12583.312s][info][gc,phases      ] GC(178)   Post Evacuate Collection Set: 0.6ms
[2026-07-14T23:14:10.390-0600][12583.312s][info][gc,phases      ] GC(178)   Other: 0.4ms
[2026-07-14T23:14:10.390-0600][12583.312s][info][gc,heap        ] GC(178) Eden regions: 304->0(304)
[2026-07-14T23:14:10.390-0600][12583.312s][info][gc,heap        ] GC(178) Survivor regions: 1->1(39)
[2026-07-14T23:14:10.390-0600][12583.312s][info][gc,heap        ] GC(178) Old regions: 188->188
[2026-07-14T23:14:10.390-0600][12583.312s][info][gc,heap        ] GC(178) Humongous regions: 38->38
[2026-07-14T23:14:10.390-0600][12583.312s][info][gc,metaspace   ] GC(178) Metaspace: 37554K(39632K)->37554K(39632K) NonClass: 33405K(34896K)->33405K(34896K) Class: 4149K(4736K)->4149K(4736K)
[2026-07-14T23:14:10.390-0600][12583.312s][info][gc             ] GC(178) Pause Young (Normal) (G1 Evacuation Pause) 521M->217M(611M) 1.747ms
[2026-07-14T23:14:10.390-0600][12583.312s][info][gc,cpu         ] GC(178) User=0.01s Sys=0.01s Real=0.00s
[2026-07-14T23:16:14.210-0600][12707.132s][info][gc,start       ] GC(179) Pause Young (Normal) (G1 Evacuation Pause)
[2026-07-14T23:16:14.210-0600][12707.132s][info][gc,task        ] GC(179) Using 38 workers of 38 for evacuation
[2026-07-14T23:16:14.212-0600][12707.133s][info][gc,phases      ] GC(179)   Pre Evacuate Collection Set: 0.0ms
[2026-07-14T23:16:14.212-0600][12707.133s][info][gc,phases      ] GC(179)   Evacuate Collection Set: 0.7ms
[2026-07-14T23:16:14.212-0600][12707.133s][info][gc,phases      ] GC(179)   Post Evacuate Collection Set: 0.6ms
[2026-07-14T23:16:14.212-0600][12707.133s][info][gc,phases      ] GC(179)   Other: 0.4ms
[2026-07-14T23:16:14.212-0600][12707.133s][info][gc,heap        ] GC(179) Eden regions: 304->0(304)
[2026-07-14T23:16:14.212-0600][12707.133s][info][gc,heap        ] GC(179) Survivor regions: 1->1(39)
[2026-07-14T23:16:14.212-0600][12707.133s][info][gc,heap        ] GC(179) Old regions: 188->188
[2026-07-14T23:16:14.212-0600][12707.133s][info][gc,heap        ] GC(179) Humongous regions: 38->38
[2026-07-14T23:16:14.212-0600][12707.133s][info][gc,metaspace   ] GC(179) Metaspace: 37554K(39632K)->37554K(39632K) NonClass: 33405K(34896K)->33405K(34896K) Class: 4149K(4736K)->4149K(4736K)
[2026-07-14T23:16:14.212-0600][12707.134s][info][gc             ] GC(179) Pause Young (Normal) (G1 Evacuation Pause) 521M->217M(611M) 1.778ms
[2026-07-14T23:16:14.212-0600][12707.134s][info][gc,cpu         ] GC(179) User=0.00s Sys=0.01s Real=0.01s
[2026-07-14T23:18:18.336-0600][12831.258s][info][gc,start       ] GC(180) Pause Young (Normal) (G1 Evacuation Pause)
[2026-07-14T23:18:18.337-0600][12831.258s][info][gc,task        ] GC(180) Using 38 workers of 38 for evacuation
[2026-07-14T23:18:18.338-0600][12831.260s][info][gc,phases      ] GC(180)   Pre Evacuate Collection Set: 0.0ms
[2026-07-14T23:18:18.338-0600][12831.260s][info][gc,phases      ] GC(180)   Evacuate Collection Set: 0.7ms
[2026-07-14T23:18:18.338-0600][12831.260s][info][gc,phases      ] GC(180)   Post Evacuate Collection Set: 0.4ms
[2026-07-14T23:18:18.338-0600][12831.260s][info][gc,phases      ] GC(180)   Other: 0.2ms
[2026-07-14T23:18:18.338-0600][12831.260s][info][gc,heap        ] GC(180) Eden regions: 304->0(304)
[2026-07-14T23:18:18.338-0600][12831.260s][info][gc,heap        ] GC(180) Survivor regions: 1->1(39)
[2026-07-14T23:18:18.338-0600][12831.260s][info][gc,heap        ] GC(180) Old regions: 188->188
[2026-07-14T23:18:18.338-0600][12831.260s][info][gc,heap        ] GC(180) Humongous regions: 38->38
[2026-07-14T23:18:18.338-0600][12831.260s][info][gc,metaspace   ] GC(180) Metaspace: 37554K(39632K)->37554K(39632K) NonClass: 33405K(34896K)->33405K(34896K) Class: 4149K(4736K)->4149K(4736K)
[2026-07-14T23:18:18.338-0600][12831.260s][info][gc             ] GC(180) Pause Young (Normal) (G1 Evacuation Pause) 521M->217M(611M) 1.266ms
[2026-07-14T23:18:18.338-0600][12831.260s][info][gc,cpu         ] GC(180) User=0.01s Sys=0.01s Real=0.00s
[2026-07-14T23:20:22.427-0600][12955.349s][info][gc,start       ] GC(181) Pause Young (Normal) (G1 Evacuation Pause)
[2026-07-14T23:20:22.427-0600][12955.349s][info][gc,task        ] GC(181) Using 38 workers of 38 for evacuation
[2026-07-14T23:20:22.429-0600][12955.351s][info][gc,phases      ] GC(181)   Pre Evacuate Collection Set: 0.0ms
[2026-07-14T23:20:22.429-0600][12955.351s][info][gc,phases      ] GC(181)   Evacuate Collection Set: 0.9ms
[2026-07-14T23:20:22.429-0600][12955.351s][info][gc,phases      ] GC(181)   Post Evacuate Collection Set: 0.7ms
[2026-07-14T23:20:22.429-0600][12955.351s][info][gc,phases      ] GC(181)   Other: 0.4ms
[2026-07-14T23:20:22.429-0600][12955.351s][info][gc,heap        ] GC(181) Eden regions: 304->0(304)
[2026-07-14T23:20:22.429-0600][12955.351s][info][gc,heap        ] GC(181) Survivor regions: 1->1(39)
[2026-07-14T23:20:22.429-0600][12955.351s][info][gc,heap        ] GC(181) Old regions: 188->188
[2026-07-14T23:20:22.429-0600][12955.351s][info][gc,heap        ] GC(181) Humongous regions: 38->38
[2026-07-14T23:20:22.429-0600][12955.351s][info][gc,metaspace   ] GC(181) Metaspace: 37554K(39632K)->37554K(39632K) NonClass: 33405K(34896K)->33405K(34896K) Class: 4149K(4736K)->4149K(4736K)
[2026-07-14T23:20:22.429-0600][12955.351s][info][gc             ] GC(181) Pause Young (Normal) (G1 Evacuation Pause) 521M->217M(611M) 2.237ms
[2026-07-14T23:20:22.429-0600][12955.351s][info][gc,cpu         ] GC(181) User=0.01s Sys=0.01s Real=0.00s
[2026-07-14T23:22:26.453-0600][13079.375s][info][gc,start       ] GC(182) Pause Young (Normal) (G1 Evacuation Pause)
[2026-07-14T23:22:26.453-0600][13079.375s][info][gc,task        ] GC(182) Using 38 workers of 38 for evacuation
[2026-07-14T23:22:26.454-0600][13079.376s][info][gc,phases      ] GC(182)   Pre Evacuate Collection Set: 0.0ms
[2026-07-14T23:22:26.454-0600][13079.376s][info][gc,phases      ] GC(182)   Evacuate Collection Set: 0.7ms
[2026-07-14T23:22:26.454-0600][13079.376s][info][gc,phases      ] GC(182)   Post Evacuate Collection Set: 0.6ms
[2026-07-14T23:22:26.455-0600][13079.376s][info][gc,phases      ] GC(182)   Other: 0.4ms
[2026-07-14T23:22:26.455-0600][13079.376s][info][gc,heap        ] GC(182) Eden regions: 304->0(304)
[2026-07-14T23:22:26.455-0600][13079.376s][info][gc,heap        ] GC(182) Survivor regions: 1->1(39)
[2026-07-14T23:22:26.455-0600][13079.376s][info][gc,heap        ] GC(182) Old regions: 188->188
[2026-07-14T23:22:26.455-0600][13079.376s][info][gc,heap        ] GC(182) Humongous regions: 38->38
[2026-07-14T23:22:26.455-0600][13079.376s][info][gc,metaspace   ] GC(182) Metaspace: 37554K(39632K)->37554K(39632K) NonClass: 33405K(34896K)->33405K(34896K) Class: 4149K(4736K)->4149K(4736K)
[2026-07-14T23:22:26.455-0600][13079.376s][info][gc             ] GC(182) Pause Young (Normal) (G1 Evacuation Pause) 521M->217M(611M) 1.802ms
[2026-07-14T23:22:26.455-0600][13079.377s][info][gc,cpu         ] GC(182) User=0.01s Sys=0.01s Real=0.00s
[2026-07-14T23:24:30.179-0600][13203.101s][info][gc,start       ] GC(183) Pause Young (Normal) (G1 Evacuation Pause)
[2026-07-14T23:24:30.179-0600][13203.101s][info][gc,task        ] GC(183) Using 38 workers of 38 for evacuation
[2026-07-14T23:24:30.181-0600][13203.103s][info][gc,phases      ] GC(183)   Pre Evacuate Collection Set: 0.0ms
[2026-07-14T23:24:30.181-0600][13203.103s][info][gc,phases      ] GC(183)   Evacuate Collection Set: 0.7ms
[2026-07-14T23:24:30.181-0600][13203.103s][info][gc,phases      ] GC(183)   Post Evacuate Collection Set: 0.6ms
[2026-07-14T23:24:30.181-0600][13203.103s][info][gc,phases      ] GC(183)   Other: 0.4ms
[2026-07-14T23:24:30.181-0600][13203.103s][info][gc,heap        ] GC(183) Eden regions: 304->0(304)
[2026-07-14T23:24:30.181-0600][13203.103s][info][gc,heap        ] GC(183) Survivor regions: 1->1(39)
[2026-07-14T23:24:30.181-0600][13203.103s][info][gc,heap        ] GC(183) Old regions: 188->188
[2026-07-14T23:24:30.181-0600][13203.103s][info][gc,heap        ] GC(183) Humongous regions: 38->38
[2026-07-14T23:24:30.181-0600][13203.103s][info][gc,metaspace   ] GC(183) Metaspace: 37554K(39632K)->37554K(39632K) NonClass: 33405K(34896K)->33405K(34896K) Class: 4149K(4736K)->4149K(4736K)
[2026-07-14T23:24:30.181-0600][13203.103s][info][gc             ] GC(183) Pause Young (Normal) (G1 Evacuation Pause) 521M->217M(611M) 1.872ms
[2026-07-14T23:24:30.181-0600][13203.103s][info][gc,cpu         ] GC(183) User=0.01s Sys=0.01s Real=0.00s
[2026-07-14T23:26:34.130-0600][13327.052s][info][gc,start       ] GC(184) Pause Young (Normal) (G1 Evacuation Pause)
[2026-07-14T23:26:34.130-0600][13327.052s][info][gc,task        ] GC(184) Using 38 workers of 38 for evacuation
[2026-07-14T23:26:34.132-0600][13327.054s][info][gc,phases      ] GC(184)   Pre Evacuate Collection Set: 0.0ms
[2026-07-14T23:26:34.132-0600][13327.054s][info][gc,phases      ] GC(184)   Evacuate Collection Set: 0.8ms
[2026-07-14T23:26:34.132-0600][13327.054s][info][gc,phases      ] GC(184)   Post Evacuate Collection Set: 0.6ms
[2026-07-14T23:26:34.132-0600][13327.054s][info][gc,phases      ] GC(184)   Other: 0.4ms
[2026-07-14T23:26:34.132-0600][13327.054s][info][gc,heap        ] GC(184) Eden regions: 304->0(304)
[2026-07-14T23:26:34.132-0600][13327.054s][info][gc,heap        ] GC(184) Survivor regions: 1->1(39)
[2026-07-14T23:26:34.132-0600][13327.054s][info][gc,heap        ] GC(184) Old regions: 188->188
[2026-07-14T23:26:34.132-0600][13327.054s][info][gc,heap        ] GC(184) Humongous regions: 38->38
[2026-07-14T23:26:34.132-0600][13327.054s][info][gc,metaspace   ] GC(184) Metaspace: 37556K(39632K)->37556K(39632K) NonClass: 33407K(34896K)->33407K(34896K) Class: 4149K(4736K)->4149K(4736K)
[2026-07-14T23:26:34.132-0600][13327.054s][info][gc             ] GC(184) Pause Young (Normal) (G1 Evacuation Pause) 521M->217M(611M) 1.838ms
[2026-07-14T23:26:34.132-0600][13327.054s][info][gc,cpu         ] GC(184) User=0.00s Sys=0.01s Real=0.01s
[2026-07-14T23:28:38.173-0600][13451.094s][info][gc,start       ] GC(185) Pause Young (Normal) (G1 Evacuation Pause)
[2026-07-14T23:28:38.173-0600][13451.095s][info][gc,task        ] GC(185) Using 38 workers of 38 for evacuation
[2026-07-14T23:28:38.174-0600][13451.096s][info][gc,phases      ] GC(185)   Pre Evacuate Collection Set: 0.0ms
[2026-07-14T23:28:38.174-0600][13451.096s][info][gc,phases      ] GC(185)   Evacuate Collection Set: 0.9ms
[2026-07-14T23:28:38.174-0600][13451.096s][info][gc,phases      ] GC(185)   Post Evacuate Collection Set: 0.6ms
[2026-07-14T23:28:38.174-0600][13451.096s][info][gc,phases      ] GC(185)   Other: 0.4ms
[2026-07-14T23:28:38.174-0600][13451.096s][info][gc,heap        ] GC(185) Eden regions: 304->0(304)
[2026-07-14T23:28:38.174-0600][13451.096s][info][gc,heap        ] GC(185) Survivor regions: 1->1(39)
[2026-07-14T23:28:38.175-0600][13451.096s][info][gc,heap        ] GC(185) Old regions: 188->188
[2026-07-14T23:28:38.175-0600][13451.096s][info][gc,heap        ] GC(185) Humongous regions: 38->38
[2026-07-14T23:28:38.175-0600][13451.096s][info][gc,metaspace   ] GC(185) Metaspace: 37556K(39632K)->37556K(39632K) NonClass: 33407K(34896K)->33407K(34896K) Class: 4149K(4736K)->4149K(4736K)
[2026-07-14T23:28:38.175-0600][13451.096s][info][gc             ] GC(185) Pause Young (Normal) (G1 Evacuation Pause) 521M->217M(611M) 1.940ms
[2026-07-14T23:28:38.175-0600][13451.096s][info][gc,cpu         ] GC(185) User=0.01s Sys=0.02s Real=0.00s
[2026-07-14T23:30:42.407-0600][13575.328s][info][gc,start       ] GC(186) Pause Young (Normal) (G1 Evacuation Pause)
[2026-07-14T23:30:42.407-0600][13575.328s][info][gc,task        ] GC(186) Using 38 workers of 38 for evacuation
[2026-07-14T23:30:42.408-0600][13575.330s][info][gc,phases      ] GC(186)   Pre Evacuate Collection Set: 0.0ms
[2026-07-14T23:30:42.408-0600][13575.330s][info][gc,phases      ] GC(186)   Evacuate Collection Set: 0.8ms
[2026-07-14T23:30:42.408-0600][13575.330s][info][gc,phases      ] GC(186)   Post Evacuate Collection Set: 0.6ms
[2026-07-14T23:30:42.408-0600][13575.330s][info][gc,phases      ] GC(186)   Other: 0.4ms
[2026-07-14T23:30:42.408-0600][13575.330s][info][gc,heap        ] GC(186) Eden regions: 304->0(304)
[2026-07-14T23:30:42.408-0600][13575.330s][info][gc,heap        ] GC(186) Survivor regions: 1->1(39)
[2026-07-14T23:30:42.408-0600][13575.330s][info][gc,heap        ] GC(186) Old regions: 188->188
[2026-07-14T23:30:42.408-0600][13575.330s][info][gc,heap        ] GC(186) Humongous regions: 38->38
[2026-07-14T23:30:42.408-0600][13575.330s][info][gc,metaspace   ] GC(186) Metaspace: 37560K(39632K)->37560K(39632K) NonClass: 33410K(34896K)->33410K(34896K) Class: 4149K(4736K)->4149K(4736K)
[2026-07-14T23:30:42.408-0600][13575.330s][info][gc             ] GC(186) Pause Young (Normal) (G1 Evacuation Pause) 521M->217M(611M) 1.895ms
[2026-07-14T23:30:42.409-0600][13575.330s][info][gc,cpu         ] GC(186) User=0.02s Sys=0.00s Real=0.00s
[2026-07-14T23:32:46.376-0600][13699.298s][info][gc,start       ] GC(187) Pause Young (Normal) (G1 Evacuation Pause)
[2026-07-14T23:32:46.376-0600][13699.298s][info][gc,task        ] GC(187) Using 38 workers of 38 for evacuation
[2026-07-14T23:32:46.377-0600][13699.299s][info][gc,phases      ] GC(187)   Pre Evacuate Collection Set: 0.0ms
[2026-07-14T23:32:46.377-0600][13699.299s][info][gc,phases      ] GC(187)   Evacuate Collection Set: 0.8ms
[2026-07-14T23:32:46.377-0600][13699.299s][info][gc,phases      ] GC(187)   Post Evacuate Collection Set: 0.5ms
[2026-07-14T23:32:46.377-0600][13699.299s][info][gc,phases      ] GC(187)   Other: 0.3ms
[2026-07-14T23:32:46.377-0600][13699.299s][info][gc,heap        ] GC(187) Eden regions: 304->0(304)
[2026-07-14T23:32:46.377-0600][13699.299s][info][gc,heap        ] GC(187) Survivor regions: 1->1(39)
[2026-07-14T23:32:46.377-0600][13699.299s][info][gc,heap        ] GC(187) Old regions: 188->188
[2026-07-14T23:32:46.377-0600][13699.299s][info][gc,heap        ] GC(187) Humongous regions: 38->38
[2026-07-14T23:32:46.378-0600][13699.299s][info][gc,metaspace   ] GC(187) Metaspace: 37560K(39632K)->37560K(39632K) NonClass: 33411K(34896K)->33411K(34896K) Class: 4149K(4736K)->4149K(4736K)
[2026-07-14T23:32:46.378-0600][13699.299s][info][gc             ] GC(187) Pause Young (Normal) (G1 Evacuation Pause) 521M->217M(611M) 1.761ms
[2026-07-14T23:32:46.378-0600][13699.299s][info][gc,cpu         ] GC(187) User=0.00s Sys=0.01s Real=0.00s
[2026-07-14T23:33:08.903-0600][13721.825s][info][gc,heap,exit   ] Heap
[2026-07-14T23:33:08.903-0600][13721.825s][info][gc,heap,exit   ]  garbage-first heap   total 625664K, used 284065K [0x0000000086400000, 0x0000000100000000)
[2026-07-14T23:33:08.903-0600][13721.825s][info][gc,heap,exit   ]   region size 1024K, 62 young (63488K), 1 survivors (1024K)
[2026-07-14T23:33:08.903-0600][13721.825s][info][gc,heap,exit   ]  Metaspace       used 37619K, capacity 38261K, committed 39632K, reserved 1085440K
[2026-07-14T23:33:08.903-0600][13721.825s][info][gc,heap,exit   ]   class space    used 4156K, capacity 4429K, committed 4736K, reserved 1048576K
